"id";"data_inversa";"dia_semana";"horario";"uf";"br";"km";"municipio";"causa_acidente";"tipo_acidente";"classificacao_acidente";"fase_dia";"sentido_via";"condicao_metereologica";"tipo_pista";"tracado_via";"uso_solo";"pessoas";"mortos";"feridos_leves";"feridos_graves";"ilesos";"ignorados";"feridos";"veiculos";"latitude";"longitude";"regional";"delegacia";"uop"
263833;2020-01-19;"domingo";"17:35:00";"SC";101;215,6;"PALHOCA";"Não guardar distância de segurança";"Colisão lateral";"Com Vítimas Feridas";"Pleno dia";"Decrescente";"Céu Claro";"Múltipla";"Aclive;Reta";"Sim";3;0;0;1;1;1;1;3;-27,65184843;-48,67604941;"SPRF-SC";"DEL01-SC";"UOP02-DEL01-SC"
263834;2020-01-19;"domingo";"17:00:00";"PA";230;124;"MARABA";"Falta de Atenção à Condução";"Colisão transversal";"Com Vítimas Feridas";"Pleno dia";"Decrescente";"Céu Claro";"Simples";"Reta";"Sim";3;0;0;1;1;1;1;2;-5,37407079;-49,13575802;"SPRF-PA";"DEL03-PA";"UOP01-DEL03-PA"
263835;2020-01-19;"domingo";"05:30:00";"RO";364;918;"PORTO VELHO";"Defeito na Via";"Tombamento";"Com Vítimas Feridas";"Amanhecer";"Decrescente";"Nublado";"Simples";"Reta";"Não";2;0;1;0;0;1;1;2;-9,73003754;-65,24093628;"SPRF-RO";"DEL01-RO";"UOP03-DEL01-RO"
263846;2020-01-19;"domingo";"18:00:00";"MG";381;448,2;"SANTA LUZIA";"Ultrapassagem Indevida";"Tombamento";"Sem Vítimas";"Anoitecer";"Decrescente";"Nublado";"Simples";"Reta";"Sim";6;0;0;0;1;5;0;3;-19,82305506;-43,82773183;"SPRF-MG";"DEL01-MG";"UOP01-DEL01-MG"
263857;2020-01-19;"domingo";"17:00:00";"SC";470;269;"BRUNOPOLIS";"Velocidade Incompatível";"Tombamento";"Sem Vítimas";"Pleno dia";"Crescente";"Nublado";"Simples";"Curva";"Não";2;0;0;0;1;1;0;2;-27,31153613;-50,74464798;"SPRF-SC";"DEL05-SC";"UOP03-DEL05-SC"
263859;2020-01-19;"domingo";"16:40:00";"MG";40;508,8;"RIBEIRAO DAS NEVES";"Não guardar distância de segurança";"Engavetamento";"Com Vítimas Feridas";"Pleno dia";"Crescente";"Chuva";"Dupla";"Reta";"Sim";5;0;1;0;4;0;1;5;-19,76061249;-44,1347544;"SPRF-MG";"DEL01-MG";"UOP02-DEL01-MG"
263873;2020-01-19;"domingo";"20:00:00";"PR";376;186,6;"MARIALVA";"Não guardar distância de segurança";"Colisão lateral";"Com Vítimas Feridas";"Plena Noite";"Decrescente";"Céu Claro";"Dupla";"Reta";"Não";2;0;0;1;0;1;1;2;-23,45643624;-51,84510713;"SPRF-PR";"DEL07-PR";"UOP01-DEL09-PR"
263883;2020-01-19;"domingo";"20:00:00";"RJ";40;102;"DUQUE DE CAXIAS";"Falta de Atenção à Condução";"Colisão com objeto estático";"Sem Vítimas";"Plena Noite";"Decrescente";"Nublado";"Múltipla";"Reta";"Sim";2;0;0;0;1;1;0;2;-22,61089297;-43,28656077;"SPRF-RJ";"DEL01-RJ";"UOP01-DEL01-RJ"
263886;2020-01-19;"domingo";"18:30:00";"BA";116;448;"ANTONIO CARDOSO";"Falta de Atenção à Condução";"Colisão transversal";"Com Vítimas Fatais";"Plena Noite";"Decrescente";"Céu Claro";"Dupla";"Reta";"Não";2;1;0;0;0;1;0;2;-12,36969389;-39,11399209;"SPRF-BA";"DEL02-BA";"UOP01-DEL02-BA"
263902;2020-01-19;"domingo";"20:50:00";"MS";163;648,2;"SAO GABRIEL DO OESTE";"Ingestão de Álcool";"Saída de leito carroçável";"Sem Vítimas";"Plena Noite";"Decrescente";"Céu Claro";"Simples";"Reta";"Não";2;0;0;0;1;3;0;4;-19,17643304;-54,75440025;"SPRF-MS";"DEL06-MS";"UOP02-DEL06-MS"
263903;2020-01-19;"domingo";"22:00:00";"RS";471;596;"SANTA VITORIA DO PALMAR";"Falta de Atenção à Condução";"Colisão lateral";"Com Vítimas Feridas";"Plena Noite";"Crescente";"Nublado";"Simples";"Reta";"Não";3;0;0;1;1;1;1;3;-33,149616;-52,97324;"SPRF-RS";"DEL07-RS";"UOP04-DEL07-RS"
263917;2020-01-19;"domingo";"21:20:00";"SC";282;542;"CHAPECO";"Ingestão de Álcool";"Colisão frontal";"Sem Vítimas";"Plena Noite";"Crescente";"Céu Claro";"Simples";"Reta";"Não";2;0;0;0;1;1;0;2;-27,001301;-52,707569;"SPRF-SC";"DEL07-SC";"UOP01-DEL07-SC"
263923;2020-01-19;"domingo";"22:00:00";"MG";381;873,9;"ESTIVA";"Velocidade Incompatível";"Tombamento";"Com Vítimas Feridas";"Plena Noite";"Crescente";"Nublado";"Dupla";"Curva";"Não";3;0;2;0;0;2;2;4;-22,42067233;-45,96538644;"SPRF-MG";"DEL16-MG";"UOP01-DEL16-MG"
263929;2020-01-20;"segunda-feira";"00:20:00";"PR";376;7,2;"MARINGA";"Objeto estático sobre o leito carroçável";"Colisão com objeto estático";"Com Vítimas Fatais";"Plena Noite";"Crescente";"Céu Claro";"Dupla";"Aclive;Reta";"Não";3;1;0;0;0;2;0;3;-23,4273;-51,9375;"SPRF-PR";"DEL07-PR";"UOP01-DEL09-PR"
263938;2020-01-20;"segunda-feira";"01:30:00";"MG";381;712,6;"CARMO DA CACHOEIRA";"Velocidade Incompatível";"Tombamento";"Com Vítimas Feridas";"Plena Noite";"Crescente";"Chuva";"Dupla";"Curva";"Não";1;0;1;0;0;0;1;1;-21,39692643;-45,20681689;"SPRF-MG";"DEL04-MG";"UOP02-DEL04-MG"
263947;2020-01-20;"segunda-feira";"03:30:00";"MG";381;613,3;"OLIVEIRA";"Falta de Atenção à Condução";"Tombamento";"Sem Vítimas";"Plena Noite";"Decrescente";"Céu Claro";"Dupla";"Curva";"Não";2;0;0;0;1;1;0;2;-20,7275927;-44,77176647;"SPRF-MG";"DEL04-MG";"UOP01-DEL04-MG"
263952;2020-01-19;"domingo";"22:30:00";"BA";324;408,3;"NOVA FATIMA";"Falta de Atenção à Condução";"Colisão frontal";"Com Vítimas Fatais";"Plena Noite";"Crescente";"Céu Claro";"Simples";"Interseção de Vias";"Não";2;1;0;0;1;0;0;2;-11,63058883;-39,60527084;"SPRF-BA";"DEL04-BA";"UOP02-DEL04-BA"
263954;2020-01-20;"segunda-feira";"04:20:00";"SC";282;347;"CAMPOS NOVOS";"Condutor Dormindo";"Saída de leito carroçável";"Com Vítimas Feridas";"Amanhecer";"Crescente";"Céu Claro";"Simples";"Reta";"Não";2;0;0;1;0;1;1;2;-27,365206;-51,263924;"SPRF-SC";"DEL07-SC";"UOP06-DEL07-SC"
263955;2020-01-20;"segunda-feira";"05:50:00";"PB";101;82;"BAYEUX";"Defeito Mecânico no Veículo";"Colisão com objeto estático";"Com Vítimas Feridas";"Pleno dia";"Decrescente";"Céu Claro";"Dupla";"Viaduto";"Sim";1;0;1;0;0;0;1;1;-7,12911;-34,93714;"SPRF-PB";"DEL01-PB";"UOP01-DEL01-PB"
263965;2020-01-20;"segunda-feira";"07:40:00";"ES";101;292,5;"CARIACICA";"Falta de Atenção do Pedestre";"Atropelamento de Pedestre";"Com Vítimas Feridas";"Pleno dia";"Decrescente";"Sol";"Dupla";"Curva";"Sim";2;0;0;1;1;0;1;2;-20,30650512;-40,39488717;"SPRF-ES";"DEL01-ES";"UOP01-DEL01-ES"
263974;2020-01-20;"segunda-feira";"07:10:00";"SC";470;164,1;"POUSO REDONDO";"Defeito Mecânico no Veículo";"Incêndio";"Sem Vítimas";"Pleno dia";"Crescente";"Nevoeiro/Neblina";"Simples";"Reta";"Não";2;0;0;0;1;1;0;2;-27,278645;-49,836048;"SPRF-SC";"DEL04-SC";"UOP02-DEL04-SC"
263985;2020-01-20;"segunda-feira";"09:00:00";"PR";369;152,7;"LONDRINA";"Defeito Mecânico no Veículo";"Colisão traseira";"Sem Vítimas";"Pleno dia";"Decrescente";"Sol";"Dupla";"Reta;Declive";"Sim";3;0;0;0;3;0;0;2;-23,29374738;-51,1875397;"SPRF-PR";"DEL07-PR";"UOP01-DEL07-PR"
263990;2020-01-20;"segunda-feira";"09:00:00";"MG";116;782,5;"LEOPOLDINA";"Falta de Atenção à Condução";"Colisão frontal";"Com Vítimas Feridas";"Pleno dia";"Decrescente";"Nublado";"Simples";"Curva";"Não";3;0;1;0;1;2;1;4;-21,627038;-42,69996898;"SPRF-MG";"DEL07-MG";"UOP01-DEL07-MG"
263995;2020-01-20;"segunda-feira";"08:30:00";"RO";364;340;"JI-PARANA";"Falta de Atenção à Condução";"Colisão traseira";"Com Vítimas Feridas";"Pleno dia";"Decrescente";"Céu Claro";"Simples";"Reta";"Sim";2;0;1;0;1;0;1;2;-10,898802;-61,93046;"SPRF-RO";"DEL02-RO";"UOP01-DEL02-RO"
264006;2020-01-20;"segunda-feira";"06:56:00";"MG";262;108,6;"SANTO ANTONIO DO GRAMA";"Pista Escorregadia";"Colisão frontal";"Com Vítimas Feridas";"Pleno dia";"Crescente";"Chuva";"Simples";"Curva";"Não";3;0;0;1;1;3;1;5;-20,26873527;-42,56922396;"SPRF-MG";"DEL03-MG";"UOP03-DEL03-MG"
264028;2020-01-20;"segunda-feira";"11:05:00";"MG";381;480;"CONTAGEM";"Falta de Atenção à Condução";"Colisão lateral";"Com Vítimas Feridas";"Pleno dia";"Decrescente";"Nublado";"Dupla";"Reta";"Não";5;0;2;0;2;1;2;4;-19,95749597;-44,07899901;"SPRF-MG";"DEL01-MG";"UOP03-DEL01-MG"
264030;2020-01-20;"segunda-feira";"12:20:00";"RS";386;334,9;"MARQUES DE SOUZA";"Ultrapassagem Indevida";"Colisão lateral";"Com Vítimas Feridas";"Pleno dia";"Decrescente";"Céu Claro";"Simples";"Curva";"Sim";6;0;3;0;2;1;3;3;-29,38521337;-52,05336213;"SPRF-RS";"DEL04-RS";"UOP01-DEL04-RS"
264032;2020-01-20;"segunda-feira";"12:25:00";"PR";476;132,9;"CURITIBA";"Falta de Atenção à Condução";"Colisão traseira";"Com Vítimas Feridas";"Pleno dia";"Decrescente";"Céu Claro";"Dupla";"Reta";"Sim";2;0;0;1;1;0;1;2;-25,460718;-49,250488;"SPRF-PR";"DEL01-PR";"UOP03-DEL01-PR"
264034;2020-01-20;"segunda-feira";"13:26:00";"PE";232;180;"BELO JARDIM";"Ingestão de Álcool";"Colisão frontal";"Com Vítimas Feridas";"Pleno dia";"Decrescente";"Céu Claro";"Simples";"Reta";"Sim";2;0;0;1;1;0;1;2;-8,34449745;-36,4288801;"SPRF-PE";"DEL02-PE";"UOP03-DEL02-PE"
264036;2020-01-20;"segunda-feira";"13:30:00";"RS";293;3,5;"PELOTAS";"Não guardar distância de segurança";"Colisão traseira";"Com Vítimas Feridas";"Pleno dia";"Decrescente";"Céu Claro";"Simples";"Reta";"Sim";2;0;1;0;1;0;1;2;-31,74064113;-52,36443631;"SPRF-RS";"DEL07-RS";"UOP01-DEL07-RS"
264042;2020-01-20;"segunda-feira";"14:00:00";"MG";40;515,2;"RIBEIRAO DAS NEVES";"Falta de Atenção do Pedestre";"Atropelamento de Pedestre";"Com Vítimas Fatais";"Pleno dia";"Crescente";"Chuva";"Dupla";"Reta";"Não";4;1;0;0;1;2;0;3;-19,8090079;-44,09493479;"SPRF-MG";"DEL01-MG";"UOP02-DEL01-MG"
264043;2020-01-20;"segunda-feira";"13:50:00";"SP";116;292;"ITAPECERICA DA SERRA";"Falta de Atenção à Condução";"Saída de leito carroçável";"Com Vítimas Feridas";"Pleno dia";"Crescente";"Nublado";"Dupla";"Reta";"Não";2;0;1;0;0;1;1;2;-23,74581995;-46,90003027;"SPRF-SP";"DEL04-SP";"UOP01-DEL04-SP"
264045;2020-01-20;"segunda-feira";"13:20:00";"RS";386;423;"MONTENEGRO";"Falta de Atenção à Condução";"Colisão transversal";"Com Vítimas Feridas";"Pleno dia";"Crescente";"Céu Claro";"Simples";"Reta";"Não";2;0;1;0;1;0;1;2;-29,816875;-51,392719;"SPRF-RS";"DEL04-RS";"UOP02-DEL04-RS"
264046;2020-01-20;"segunda-feira";"13:45:00";"BA";116;764,1;"POCOES";"Falta de Atenção à Condução";"Colisão lateral";"Com Vítimas Feridas";"Pleno dia";"Crescente";"Céu Claro";"Simples";"Reta";"Não";3;0;2;0;0;4;2;6;-14,568171;-40,420298;"SPRF-BA";"DEL08-BA";"UOP02-DEL08-BA"
264051;2020-01-20;"segunda-feira";"09:15:00";"BA";324;615;"SALVADOR";"Não guardar distância de segurança";"Colisão traseira";"Sem Vítimas";"Pleno dia";"Crescente";"Céu Claro";"Dupla";"Reta";"Sim";2;0;0;0;2;0;0;2;-12,87206398;-38,42746403;"SPRF-BA";"DEL01-BA";"UOP01-DEL01-BA"
264054;2020-01-20;"segunda-feira";"10:35:00";"MG";262;803,5;"UBERABA";"Velocidade Incompatível";"Colisão com objeto estático";"Com Vítimas Feridas";"Pleno dia";"Crescente";"Sol";"Dupla";"Reta";"Sim";3;0;1;0;2;0;1;3;-19,77509606;-47,97201785;"SPRF-MG";"DEL13-MG";"UOP01-DEL13-MG"
264055;2020-01-20;"segunda-feira";"14:35:00";"RS";285;482,3;"ENTRE-IJUIS";"Falta de Atenção do Pedestre";"Atropelamento de Pedestre";"Com Vítimas Feridas";"Pleno dia";"Crescente";"Céu Claro";"Simples";"Reta;Aclive";"Não";6;0;1;0;4;1;1;3;-28,37345179;-54,12255764;"SPRF-RS";"DEL10-RS";"UOP01-DEL10-RS"
264062;2020-01-20;"segunda-feira";"15:15:00";"RS";158;224;"CRUZ ALTA";"Ingestão de Álcool";"Colisão lateral";"Sem Vítimas";"Pleno dia";"Crescente";"Nublado";"Simples";"Reta";"Não";2;0;0;0;2;0;0;2;-28,89544911;-53,62286977;"SPRF-RS";"DEL10-RS";"UOP02-DEL10-RS"
264071;2020-01-20;"segunda-feira";"17:00:00";"PR";373;223,4;"IMBITUVA";"Velocidade Incompatível";"Colisão traseira";"Com Vítimas Feridas";"Pleno dia";"Crescente";"Céu Claro";"Simples";"Declive";"Não";3;0;1;0;1;1;1;3;-25,17835987;-50,60094493;"SPRF-PR";"DEL03-PR";"UOP01-DEL03-PR"
264073;2020-01-20;"segunda-feira";"15:40:00";"MG";40;548;"NOVA LIMA";"Falta de Atenção à Condução";"Colisão traseira";"Com Vítimas Feridas";"Pleno dia";"Crescente";"Céu Claro";"Dupla";"Aclive";"Não";3;0;1;0;1;1;1;3;-20,03136499;-43,96967792;"SPRF-MG";"DEL01-MG";"UOP02-DEL01-MG"
264077;2020-01-20;"segunda-feira";"14:30:00";"MG";40;615,7;"CONGONHAS";"Ingestão de Álcool";"Colisão traseira";"Sem Vítimas";"Pleno dia";"Crescente";"Chuva";"Simples";"Reta;Aclive";"Não";2;0;0;0;2;0;0;2;-20,53765999;-43,82077849;"SPRF-MG";"DEL05-MG";"UOP02-DEL05-MG"
264079;2020-01-20;"segunda-feira";"15:00:00";"MS";158;60;"PARANAIBA";"Pista Escorregadia";"Colisão lateral";"Sem Vítimas";"Pleno dia";"Crescente";"Chuva";"Simples";"Curva";"Não";5;0;0;0;3;2;0;4;-19,43329434;-51,36797344;"SPRF-MS";"DEL08-MS";"UOP01-DEL08-MS"
264083;2020-01-20;"segunda-feira";"17:50:00";"BA";116;7;"VITORIA DA CONQUISTA";"Não guardar distância de segurança";"Colisão traseira";"Com Vítimas Feridas";"Anoitecer";"Crescente";"Céu Claro";"Simples";"Reta";"Sim";4;0;2;0;2;0;2;2;-14,83748;-40,88771;"SPRF-BA";"DEL08-BA";"UOP01-DEL08-BA"
264084;2020-01-20;"segunda-feira";"12:20:00";"PI";343;515,9;"AMARANTE";"Desobediência às normas de trânsito pelo condutor";"Colisão traseira";"Sem Vítimas";"Pleno dia";"Crescente";"Céu Claro";"Simples";"Declive";"Não";4;0;0;0;3;1;0;4;-6,31934;-42,803345;"SPRF-PI";"DEL03-PI";"UOP01-DEL03-PI"
264087;2020-01-20;"segunda-feira";"17:25:00";"PE";104;62,6;"CARUARU";"Desobediência às normas de trânsito pelo condutor";"Colisão traseira";"Sem Vítimas";"Pleno dia";"Decrescente";"Céu Claro";"Dupla";"Reta";"Sim";4;0;0;0;4;0;0;4;-8,25629047;-35,97533514;"SPRF-PE";"DEL02-PE";"UOP01-DEL02-PE"
264097;2020-01-20;"segunda-feira";"18:10:00";"RS";386;417,1;"MONTENEGRO";"Velocidade Incompatível";"Tombamento";"Com Vítimas Feridas";"Pleno dia";"Crescente";"Nublado";"Simples";"Curva";"Não";2;0;1;0;0;1;1;2;-29,818958;-51,452934;"SPRF-RS";"DEL04-RS";"UOP02-DEL04-RS"
264099;2020-01-20;"segunda-feira";"18:15:00";"SC";480;130,9;"CHAPECO";"Não guardar distância de segurança";"Engavetamento";"Com Vítimas Feridas";"Pleno dia";"Crescente";"Céu Claro";"Dupla";"Reta;Declive";"Sim";5;0;1;1;3;0;2;5;-27,05534298;-52,63652069;"SPRF-SC";"DEL07-SC";"UOP01-DEL07-SC"
264106;2020-01-20;"segunda-feira";"20:10:00";"PR";373;425;"CANDOI";"Falta de Atenção à Condução";"Colisão transversal";"Com Vítimas Fatais";"Plena Noite";"Crescente";"Nublado";"Simples";"Declive;Reta";"Não";4;1;0;1;1;1;1;3;-25,71887928;-52,20243931;"SPRF-PR";"DEL03-PR";"UOP01-DEL08-PR"
264107;2020-01-20;"segunda-feira";"20:10:00";"SC";101;192;"BIGUACU";"Falta de Atenção à Condução";"Colisão lateral";"Sem Vítimas";"Plena Noite";"Decrescente";"Céu Claro";"Dupla";"Reta";"Sim";2;0;0;0;2;0;0;2;-27,48443781;-48,64765238;"SPRF-SC";"DEL01-SC";"UOP01-DEL01-SC"
264114;2020-01-20;"segunda-feira";"12:31:00";"MT";163;522;"DIAMANTINO";"Defeito na Via";"Saída de leito carroçável";"Com Vítimas Feridas";"Pleno dia";"Crescente";"Nublado";"Simples";"Reta";"Não";2;0;1;0;0;2;1;3;-14,50402729;-56,19741276;"SPRF-MT";"DEL01-MT";"UOP01-DEL01-MT"
264122;2020-01-20;"segunda-feira";"21:50:00";"SC";101;407,7;"ARARANGUA";"Objeto estático sobre o leito carroçável";"Colisão com objeto estático";"Com Vítimas Feridas";"Plena Noite";"Decrescente";"Céu Claro";"Dupla";"Curva";"Sim";2;0;1;0;0;1;1;2;-28,92163128;-49,49272156;"SPRF-SC";"DEL02-SC";"UOP02-DEL02-SC"
264133;2020-01-20;"segunda-feira";"22:00:00";"PA";10;257;"AURORA DO PARA";"Desobediência às normas de trânsito pelo condutor";"Colisão frontal";"Sem Vítimas";"Plena Noite";"Crescente";"Chuva";"Simples";"Reta";"Não";3;0;0;0;2;1;0;3;-2,18647;-47,561436;"SPRF-PA";"DEL02-PA";"UOP01-DEL02-PA"
264135;2020-01-20;"segunda-feira";"23:30:00";"RS";386;282;"SAO JOSE DO HERVAL";"Falta de Atenção à Condução";"Colisão transversal";"Com Vítimas Feridas";"Plena Noite";"Crescente";"Céu Claro";"Simples";"Reta";"Não";3;0;1;0;1;1;1;3;-29,03581;-52,298683;"SPRF-RS";"DEL04-RS";"UOP03-DEL04-RS"
264139;2020-01-20;"segunda-feira";"23:40:00";"SC";101;335,8;"TUBARAO";"Falta de Atenção do Pedestre";"Atropelamento de Pedestre";"Com Vítimas Feridas";"Plena Noite";"Decrescente";"Céu Claro";"Múltipla";"Curva";"Sim";3;0;0;1;1;1;1;2;-28,47906542;-49,03339863;"SPRF-SC";"DEL02-SC";"UOP01-DEL02-SC"
264141;2020-01-20;"segunda-feira";"17:50:00";"RO";364;663;"CANDEIAS DO JAMARI";"Pista Escorregadia";"Colisão lateral";"Com Vítimas Feridas";"Anoitecer";"Decrescente";"Céu Claro";"Simples";"Reta";"Não";3;0;1;0;2;0;1;2;-8,80733378;-63,46191655;"SPRF-RO";"DEL01-RO";"UOP01-DEL01-RO"
264143;2020-01-21;"terça-feira";"00:45:00";"ES";101;147,1;"LINHARES";"Desobediência às normas de trânsito pelo condutor";"Colisão transversal";"Sem Vítimas";"Plena Noite";"Crescente";"Chuva";"Múltipla";"Reta;Retorno Regulamentado";"Sim";3;0;0;0;2;2;0;4;-19,37887202;-40,06657892;"SPRF-ES";"DEL04-ES";"UOP01-DEL04-ES"
264144;2020-01-20;"segunda-feira";"23:00:00";"MG";365;69;"JEQUITAI";"Velocidade Incompatível";"Tombamento";"Sem Vítimas";"Plena Noite";"Decrescente";"Chuva";"Simples";"Declive";"Não";1;0;0;0;1;0;0;1;-17,07222805;-44,33952581;"SPRF-MG";"DEL12-MG";"UOP01-DEL12-MG"
264145;2020-01-21;"terça-feira";"03:15:00";"MG";381;455;"BELO HORIZONTE";"Condutor Dormindo";"Colisão com objeto estático";"Com Vítimas Feridas";"Plena Noite";"Crescente";"Chuva";"Simples";"Reta";"Sim";3;0;0;1;1;1;1;3;-19,83953938;-43,87751162;"SPRF-MG";"DEL01-MG";"UOP01-DEL01-MG"
264147;2020-01-21;"terça-feira";"04:10:00";"RS";290;607,1;"ALEGRETE";"Defeito Mecânico no Veículo";"Tombamento";"Com Vítimas Feridas";"Plena Noite";"Crescente";"Nublado";"Simples";"Ponte";"Não";2;0;2;0;0;0;2;1;-29,91566193;-56,04949951;"SPRF-RS";"DEL13-RS";"UOP02-DEL13-RS"
264149;2020-01-21;"terça-feira";"04:45:00";"PR";277;45,5;"MORRETES";"Falta de Atenção à Condução";"Colisão traseira";"Com Vítimas Feridas";"Amanhecer";"Decrescente";"Nublado";"Dupla";"Reta";"Não";4;0;1;0;2;2;1;4;-25,58236192;-48,86961092;"SPRF-PR";"DEL01-PR";"UOP07-DEL01-PR"
264150;2020-01-21;"terça-feira";"05:10:00";"MT";163;750;"SORRISO";"Falta de Atenção à Condução";"Colisão com objeto estático";"Com Vítimas Fatais";"Amanhecer";"Decrescente";"Céu Claro";"Dupla";"Reta";"Sim";4;1;0;0;2;2;0;4;-12,67193506;-55,79367178;"SPRF-MT";"DEL06-MT";"UOP01-DEL06-MT"
264152;2020-01-20;"segunda-feira";"21:30:00";"MG";50;179,4;"UBERABA";"Falta de Atenção à Condução";"Colisão traseira";"Com Vítimas Feridas";"Plena Noite";"Crescente";"Nublado";"Dupla";"Reta";"Sim";3;0;0;1;1;1;1;3;-19,77827047;-47,93140998;"SPRF-MG";"DEL13-MG";"UOP01-DEL13-MG"
264153;2020-01-21;"terça-feira";"04:40:00";"MG";153;15;"CENTRALINA";"Condutor Dormindo";"Tombamento";"Sem Vítimas";"Plena Noite";"Decrescente";"Nevoeiro/Neblina";"Dupla";"Reta";"Não";2;0;0;0;1;1;0;2;-18,551305;-49,19396;"SPRF-MG";"DEL15-MG";"UOP03-DEL15-MG"
264154;2020-01-21;"terça-feira";"05:00:00";"MG";153;15;"CENTRALINA";"Objeto estático sobre o leito carroçável";"Colisão traseira";"Com Vítimas Feridas";"Amanhecer";"Decrescente";"Nublado";"Dupla";"Reta";"Não";3;0;1;0;1;1;1;3;-18,551305;-49,19396;"SPRF-MG";"DEL15-MG";"UOP03-DEL15-MG"
264160;2020-01-21;"terça-feira";"05:30:00";"MG";251;449,2;"GRAO MOGOL";"Velocidade Incompatível";"Engavetamento";"Com Vítimas Feridas";"Plena Noite";"Crescente";"Chuva";"Simples";"Curva";"Não";3;0;2;0;1;0;2;2;-16,420528;-43,28967;"SPRF-MG";"DEL12-MG";"UOP01-DEL12-MG"
264164;2020-01-21;"terça-feira";"07:10:00";"GO";20;178,2;"ALVORADA DO NORTE";"Falta de Atenção à Condução";"Colisão traseira";"Com Vítimas Feridas";"Pleno dia";"Crescente";"Nublado";"Simples";"Reta;Declive";"Sim";5;0;2;0;2;1;2;3;-14,491601;-46,504112;"SPRF-DF";"DEL02-DF";"UOP03-DEL02-DF"
264188;2020-01-21;"terça-feira";"08:30:00";"SP";116;272,5;"TABOAO DA SERRA";"Falta de Atenção à Condução";"Colisão traseira";"Com Vítimas Feridas";"Pleno dia";"Decrescente";"Sol";"Dupla";"Reta";"Sim";2;0;0;1;1;0;1;2;-23,61601942;-46,78798199;"SPRF-SP";"DEL04-SP";"UOP01-DEL04-SP"
264201;2020-01-21;"terça-feira";"06:40:00";"RJ";116;222;"PIRAI";"Falta de Atenção à Condução";"Colisão traseira";"Sem Vítimas";"Pleno dia";"Decrescente";"Céu Claro";"Simples";"Curva";"Não";3;0;0;0;2;1;0;3;-22,6896952;-43,79175108;"SPRF-RJ";"DEL07-RJ";"UOP01-DEL07-RJ"
264213;2020-01-21;"terça-feira";"12:15:00";"RS";392;660;"CERRO LARGO";"Desobediência às normas de trânsito pelo condutor";"Colisão traseira";"Com Vítimas Feridas";"Pleno dia";"Decrescente";"Nublado";"Simples";"Túnel";"Não";2;0;0;1;1;0;1;2;-28,1210222;-54,71730351;"SPRF-RS";"DEL10-RS";"UOP01-DEL10-RS"
264219;2020-01-21;"terça-feira";"12:25:00";"RS";470;194,8;"BENTO GONCALVES";"Velocidade Incompatível";"Colisão frontal";"Com Vítimas Feridas";"Pleno dia";"Decrescente";"Chuva";"Simples";"Curva";"Não";3;0;1;0;1;1;1;3;-29,05030203;-51,57387285;"SPRF-RS";"DEL06-RS";"UOP02-DEL06-RS"
264224;2020-01-21;"terça-feira";"11:34:00";"ES";101;260,6;"SERRA";"Falta de Atenção à Condução";"Colisão frontal";"Com Vítimas Fatais";"Pleno dia";"Decrescente";"Nublado";"Simples";"Curva";"Não";10;1;1;1;7;0;2;5;-20,146543;-40,282066;"SPRF-ES";"DEL02-ES";"UOP01-DEL02-ES"
264225;2020-01-21;"terça-feira";"12:05:00";"PE";232;410,9;"SERRA TALHADA";"Ultrapassagem Indevida";"Colisão transversal";"Com Vítimas Feridas";"Pleno dia";"Crescente";"Nublado";"Simples";"Reta";"Sim";2;0;1;0;1;0;1;2;-7,98261841;-38,30039606;"SPRF-PE";"DEL04-PE";"UOP01-DEL04-PE"
264230;2020-01-21;"terça-feira";"11:30:00";"GO";60;96,5;"ANAPOLIS";"Falta de Atenção à Condução";"Colisão traseira";"Com Vítimas Feridas";"Pleno dia";"Decrescente";"Nublado";"Dupla";"Reta";"Sim";2;0;1;0;1;0;1;2;-16,371;-48,9422;"SPRF-GO";"DEL02-GO";"UOP01-DEL02-GO"
264232;2020-01-21;"terça-feira";"14:25:00";"RS";116;153;"CAXIAS DO SUL";"Defeito Mecânico no Veículo";"Colisão traseira";"Sem Vítimas";"Pleno dia";"Crescente";"Nublado";"Dupla";"Reta";"Sim";2;0;0;0;2;0;0;2;-29,18579758;-51,17713005;"SPRF-RS";"DEL05-RS";"UOP01-DEL05-RS"
264233;2020-01-21;"terça-feira";"08:35:00";"SC";280;232;"CANOINHAS";"Não guardar distância de segurança";"Colisão traseira";"Com Vítimas Feridas";"Pleno dia";"Decrescente";"Céu Claro";"Simples";"Reta";"Não";4;0;1;0;2;3;1;6;-26,19014736;-50,38186997;"SPRF-SC";"DEL06-SC";"UOP04-DEL06-SC"
264245;2020-01-21;"terça-feira";"15:00:00";"PE";232;9,2;"JABOATAO DOS GUARARAPES";"Defeito Mecânico no Veículo";"Engavetamento";"Sem Vítimas";"Pleno dia";"Decrescente";"Sol";"Dupla";"Reta";"Sim";7;0;0;0;6;2;0;8;-8,07764447;-34,97863609;"SPRF-PE";"DEL01-PE";"UOP01-DEL01-PE"
264246;2020-01-21;"terça-feira";"15:00:00";"GO";80;21,9;"PADRE BERNARDO";"Velocidade Incompatível";"Tombamento";"Com Vítimas Feridas";"Pleno dia";"Decrescente";"Chuva";"Dupla";"Reta";"Sim";2;0;1;0;0;1;1;2;-15,369781;-48,21958;"SPRF-DF";"DEL01-DF";"UOP02-DEL03-DF"