"id";"data_inversa";"dia_semana";"horario";"uf";"br";"km";"municipio";"causa_acidente";"tipo_acidente";"classificacao_acidente";"fase_dia";"sentido_via";"condicao_metereologica";"tipo_pista";"tracado_via";"uso_solo";"pessoas";"mortos";"feridos_leves";"feridos_graves";"ilesos";"ignorados";"feridos";"veiculos";"latitude";"longitude";"regional";"delegacia";"uop"
265930;2020-01-30;"quinta-feira";"02:00:00";"SP";116;512,5;"CAJATI";"Condutor Dormindo";"Tombamento";"Com Vítimas Fatais";"Plena Noite";"Decrescente";"Nevoeiro/Neblina";"Dupla";"Curva";"Não";1;1;0;0;0;0;0;1;-24,85109616;-48,21802405;"SPRF-SP";"DEL05-SP";"UOP02-DEL05-SP"
265931;2020-01-29;"quarta-feira";"15:20:00";"RO";364;329;"PRESIDENTE MEDICI";"Defeito Mecânico no Veículo";"Colisão traseira";"Sem Vítimas";"Pleno dia";"Decrescente";"Céu Claro";"Simples";"Reta";"Não";4;0;0;0;3;2;0;5;-10,99369301;-61,91698046;"SPRF-RO";"DEL02-RO";"UOP01-DEL02-RO"
265932;2020-01-29;"quarta-feira";"17:30:00";"RO";364;326,3;"PRESIDENTE MEDICI";"Não guardar distância de segurança";"Engavetamento";"Com Vítimas Feridas";"Pleno dia";"Crescente";"Céu Claro";"Simples";"Reta";"Não";5;0;2;0;2;5;2;8;-11,01735492;-61,9277631;"SPRF-RO";"DEL02-RO";"UOP01-DEL02-RO"
265934;2020-01-30;"quinta-feira";"01:45:00";"RS";285;472,7;"CORONEL BARROS";"Velocidade Incompatível";"Saída de leito carroçável";"Com Vítimas Feridas";"Plena Noite";"Decrescente";"Garoa/Chuvisco";"Simples";"Declive";"Não";1;0;1;0;0;0;1;1;-28,3837739;-54,03355122;"SPRF-RS";"DEL10-RS";"UOP01-DEL10-RS"
265944;2020-01-30;"quinta-feira";"05:25:00";"SC";101;195;"BIGUACU";"Não guardar distância de segurança";"Colisão traseira";"Com Vítimas Feridas";"Plena Noite";"Decrescente";"Céu Claro";"Múltipla";"Reta";"Sim";5;0;1;0;3;1;1;5;-27,5047092;-48,65010819;"SPRF-SC";"DEL01-SC";"UOP01-DEL01-SC"
265946;2020-01-30;"quinta-feira";"06:10:00";"MG";116;698,9;"MURIAE";"Velocidade Incompatível";"Tombamento";"Com Vítimas Feridas";"Pleno dia";"Crescente";"Céu Claro";"Simples";"Aclive;Curva";"Não";2;0;0;1;0;1;1;2;-21,07868478;-42,37234008;"SPRF-MG";"DEL07-MG";"UOP02-DEL07-MG"
265947;2020-01-30;"quinta-feira";"06:00:00";"SC";101;96,8;"BARRA VELHA";"Falta de Atenção à Condução";"Saída de leito carroçável";"Com Vítimas Feridas";"Pleno dia";"Crescente";"Nublado";"Dupla";"Curva";"Não";2;0;1;0;1;0;1;2;-26,718427;-48,70233;"SPRF-SC";"DEL03-SC";"UOP02-DEL03-SC"
265948;2020-01-30;"quinta-feira";"05:40:00";"PE";232;388;"SERRA TALHADA";"Falta de Atenção do Pedestre";"Atropelamento de Pedestre";"Com Vítimas Feridas";"Amanhecer";"Crescente";"Céu Claro";"Simples";"Reta";"Sim";2;0;0;1;0;1;1;2;-8,03239638;-38,12052799;"SPRF-PE";"DEL04-PE";"UOP01-DEL04-PE"
265951;2020-01-30;"quinta-feira";"06:10:00";"RJ";116;307,9;"RESENDE";"Falta de Atenção à Condução";"Colisão lateral";"Com Vítimas Feridas";"Amanhecer";"Crescente";"Nublado";"Dupla";"Reta";"Sim";3;0;0;1;1;3;1;5;-22,45713262;-44,41063703;"SPRF-RJ";"DEL07-RJ";"UOP02-DEL07-RJ"
265962;2020-01-30;"quinta-feira";"08:00:00";"MG";381;884;"CAMBUI";"Falta de Atenção à Condução";"Colisão traseira";"Com Vítimas Feridas";"Pleno dia";"Crescente";"Nublado";"Dupla";"Reta";"Não";3;0;1;0;2;0;1;2;-22,53552002;-46,03550597;"SPRF-MG";"DEL16-MG";"UOP01-DEL16-MG"
265964;2020-01-30;"quinta-feira";"07:20:00";"RJ";101;55,7;"CAMPOS DOS GOYTACAZES";"Não guardar distância de segurança";"Colisão traseira";"Com Vítimas Feridas";"Pleno dia";"Crescente";"Céu Claro";"Simples";"Reta";"Sim";2;0;1;0;1;0;1;2;-21,67827099;-41,31079872;"SPRF-RJ";"DEL08-RJ";"UOP01-DEL08-RJ"
265965;2020-01-30;"quinta-feira";"07:30:00";"PR";277;573,7;"CASCAVEL";"Falta de Atenção à Condução";"Colisão transversal";"Com Vítimas Feridas";"Pleno dia";"Decrescente";"Nublado";"Simples";"Reta";"Não";3;0;1;0;1;1;1;3;-24,99847694;-53,29667191;"SPRF-PR";"DEL04-PR";"UOP01-DEL04-PR"
265972;2020-01-30;"quinta-feira";"07:20:00";"RS";116;398,8;"CAMAQUA";"Não guardar distância de segurança";"Colisão traseira";"Com Vítimas Feridas";"Pleno dia";"Decrescente";"Nublado";"Simples";"Reta";"Não";5;0;1;0;3;1;1;3;-30,86172875;-51,79225916;"SPRF-RS";"DEL02-RS";"UOP03-DEL02-RS"
265975;2020-01-30;"quinta-feira";"09:00:00";"SC";470;66,8;"INDAIAL";"Ultrapassagem Indevida";"Colisão lateral";"Com Vítimas Feridas";"Pleno dia";"Decrescente";"Céu Claro";"Simples";"Reta";"Sim";5;0;1;1;2;1;2;5;-26,870407;-49,221844;"SPRF-SC";"DEL04-SC";"UOP01-DEL04-SC"
265984;2020-01-30;"quinta-feira";"11:30:00";"RJ";116;294,4;"BARRA MANSA";"Não guardar distância de segurança";"Colisão lateral";"Com Vítimas Feridas";"Pleno dia";"Decrescente";"Sol";"Dupla";"Reta";"Não";4;0;1;0;2;2;1;5;-22,45429053;-44,30084012;"SPRF-RJ";"DEL07-RJ";"UOP02-DEL07-RJ"
265990;2020-01-30;"quinta-feira";"07:30:00";"PE";232;372;"FLORES";"Falta de Atenção à Condução";"Colisão lateral";"Com Vítimas Feridas";"Pleno dia";"Decrescente";"Céu Claro";"Simples";"Reta";"Não";8;0;1;0;6;6;1;10;-8,02815279;-37,98335296;"SPRF-PE";"DEL04-PE";"UOP01-DEL04-PE"
265994;2020-01-30;"quinta-feira";"08:40:00";"SC";480;128,6;"CHAPECO";"Falta de Atenção à Condução";"Colisão lateral";"Com Vítimas Feridas";"Pleno dia";"Decrescente";"Chuva";"Dupla";"Curva";"Sim";5;0;3;0;1;1;3;3;-27,03781899;-52,63432603;"SPRF-SC";"DEL07-SC";"UOP01-DEL07-SC"
265996;2020-01-30;"quinta-feira";"11:37:00";"MG";40;552;"NOVA LIMA";"Desobediência às normas de trânsito pelo condutor";"Colisão transversal";"Com Vítimas Feridas";"Pleno dia";"Decrescente";"Nublado";"Simples";"Reta";"Sim";2;0;0;1;1;0;1;2;-20,06084086;-43,97716423;"SPRF-MG";"DEL01-MG";"UOP02-DEL01-MG"
266001;2020-01-30;"quinta-feira";"13:45:00";"ES";101;415;"ITAPEMIRIM";"Mal Súbito";"Colisão lateral";"Com Vítimas Feridas";"Pleno dia";"Crescente";"Céu Claro";"Simples";"Reta";"Não";3;0;0;1;2;0;1;3;-20,93222599;-41,0792708;"SPRF-ES";"DEL03-ES";"UOP02-DEL03-ES"
266004;2020-01-30;"quinta-feira";"13:30:00";"MG";40;766,5;"JUIZ DE FORA";"Defeito Mecânico no Veículo";"Incêndio";"Sem Vítimas";"Pleno dia";"Crescente";"Céu Claro";"Simples";"Reta";"Não";2;0;0;0;1;1;0;2;-21,5688431;-43,47868311;"SPRF-MG";"DEL05-MG";"UOP01-DEL05-MG"
266005;2020-01-30;"quinta-feira";"13:20:00";"DF";80;9;"BRASILIA";"Carga excessiva e/ou mal acondicionada";"Derramamento de carga";"Sem Vítimas";"Pleno dia";"Crescente";"Céu Claro";"Simples";"Reta;Declive;Ponte";"Não";2;0;0;0;1;1;0;2;-15,67064324;-48,13625336;"SPRF-DF";"DEL01-DF";"UOP02-DEL03-DF"
266011;2020-01-30;"quinta-feira";"08:15:00";"MT";174;567;"COMODORO";"Falta de Atenção à Condução";"Saída de leito carroçável";"Sem Vítimas";"Pleno dia";"Crescente";"Céu Claro";"Simples";"Reta";"Não";2;0;0;0;1;3;0;4;-13,02834719;-59,91864419;"SPRF-RO";"DEL04-RO";"UOP01-DEL04-RO"
266015;2020-01-30;"quinta-feira";"15:20:00";"SC";101;181;"BIGUACU";"Falta de Atenção à Condução";"Colisão traseira";"Com Vítimas Feridas";"Pleno dia";"Decrescente";"Céu Claro";"Dupla";"Reta";"Sim";2;0;1;0;1;0;1;2;-27,38958699;-48,63197593;"SPRF-SC";"DEL01-SC";"UOP01-DEL01-SC"
266016;2020-01-30;"quinta-feira";"14:30:00";"MT";163;798,5;"VERA";"Desobediência às normas de trânsito pelo condutor";"Colisão frontal";"Com Vítimas Fatais";"Pleno dia";"Decrescente";"Céu Claro";"Simples";"Declive";"Não";5;1;1;3;0;0;4;2;-12,3047452;-55,57478659;"SPRF-MT";"DEL06-MT";"UOP01-DEL06-MT"
266020;2020-01-18;"sábado";"10:30:00";"SP";116;555,2;"BARRA DO TURVO";"Velocidade Incompatível";"Tombamento";"Com Vítimas Feridas";"Pleno dia";"Crescente";"Nublado";"Simples";"Declive;Curva";"Não";2;0;1;1;0;0;2;1;-24,97447301;-48,504597;"SPRF-SP";"DEL05-SP";"UOP02-DEL05-SP"
266023;2020-01-30;"quinta-feira";"15:50:00";"PR";158;393,3;"LARANJEIRAS DO SUL";"Defeito Mecânico no Veículo";"Saída de leito carroçável";"Com Vítimas Feridas";"Pleno dia";"Crescente";"Céu Claro";"Simples";"Curva";"Não";2;0;2;0;0;0;2;1;-25,29871498;-52,31355406;"SPRF-PR";"DEL04-PR";"UOP02-DEL04-PR"
266025;2020-01-30;"quinta-feira";"16:40:00";"PE";232;208,6;"PESQUEIRA";"Não guardar distância de segurança";"Colisão traseira";"Sem Vítimas";"Pleno dia";"Crescente";"Sol";"Simples";"Interseção de Vias";"Sim";2;0;0;0;2;0;0;2;-8,36794109;-36,67972403;"SPRF-PE";"DEL02-PE";"UOP03-DEL02-PE"
266026;2020-01-30;"quinta-feira";"14:20:00";"SC";470;102,5;"APIUNA";"Velocidade Incompatível";"Colisão traseira";"Com Vítimas Feridas";"Pleno dia";"Crescente";"Nublado";"Simples";"Reta";"Não";2;0;1;0;1;0;1;2;-27,060822;-49,392761;"SPRF-SC";"DEL04-SC";"UOP02-DEL04-SC"
266027;2020-01-30;"quinta-feira";"16:00:00";"MT";364;18,2;"ALTO ARAGUAIA";"Defeito na Via";"Colisão lateral";"Com Vítimas Fatais";"Pleno dia";"Crescente";"Sol";"Simples";"Curva;Aclive";"Não";4;1;0;0;1;7;0;9;-17,214553;-53,331133;"SPRF-MT";"DEL02-MT";"UOP02-DEL02-MT"
266028;2020-01-30;"quinta-feira";"16:08:00";"BA";116;417;"FEIRA DE SANTANA";"Não guardar distância de segurança";"Colisão traseira";"Sem Vítimas";"Pleno dia";"Crescente";"Céu Claro";"Simples";"Reta";"Não";3;0;0;0;2;1;0;3;-12,177085;-38,96510687;"SPRF-BA";"DEL02-BA";"UOP01-DEL02-BA"
266030;2020-01-30;"quinta-feira";"16:00:00";"MA";10;252,5;"IMPERATRIZ";"Ingestão de Álcool";"Colisão traseira";"Sem Vítimas";"Pleno dia";"Crescente";"Céu Claro";"Simples";"Reta";"Sim";5;0;0;0;4;1;0;5;-5,53562;-47,469585;"SPRF-MA";"DEL04-MA";"UOP01-DEL04-MA"
266031;2020-01-30;"quinta-feira";"09:50:00";"MT";70;133,5;"GENERAL CARNEIRO";"Desobediência às normas de trânsito pelo condutor";"Tombamento";"Com Vítimas Feridas";"Pleno dia";"Decrescente";"Céu Claro";"Simples";"Curva";"Não";2;0;1;0;0;2;1;3;-15,59068783;-53,22057013;"SPRF-MT";"DEL07-MT";"UOP01-DEL07-MT"
266034;2020-01-30;"quinta-feira";"15:00:00";"PR";376;275,8;"MARILANDIA DO SUL";"Desobediência às normas de trânsito pelo condutor";"Colisão frontal";"Com Vítimas Feridas";"Pleno dia";"Crescente";"Sol";"Simples";"Aclive";"Não";6;0;0;2;2;4;2;8;-23,78220315;-51,26529157;"SPRF-PR";"DEL07-PR";"UOP02-DEL07-PR"
266039;2020-01-30;"quinta-feira";"17:30:00";"PB";230;152,2;"CAMPINA GRANDE";"Defeito Mecânico no Veículo";"Colisão com objeto estático";"Sem Vítimas";"Pleno dia";"Crescente";"Céu Claro";"Simples";"Reta;Aclive";"Sim";2;0;0;0;1;1;0;2;-7,2688;-35,8837;"SPRF-PB";"DEL02-PB";"UOP01-DEL02-PB"
266049;2020-01-30;"quinta-feira";"17:00:00";"SC";153;57,2;"IRANI";"Desobediência às normas de trânsito pelo condutor";"Colisão frontal";"Sem Vítimas";"Pleno dia";"Decrescente";"Céu Claro";"Simples";"Declive";"Não";4;0;0;0;3;1;0;4;-26,956831;-51,836189;"SPRF-SC";"DEL07-SC";"UOP07-DEL07-SC"
266052;2020-01-30;"quinta-feira";"18:20:00";"RJ";40;123;"DUQUE DE CAXIAS";"Falta de Atenção à Condução";"Colisão lateral";"Com Vítimas Feridas";"Plena Noite";"Crescente";"Nublado";"Múltipla";"Reta";"Sim";3;0;1;0;1;1;1;3;-22,79907687;-43,29015739;"SPRF-RJ";"DEL01-RJ";"UOP01-DEL01-RJ"
266058;2020-01-30;"quinta-feira";"19:30:00";"MG";381;500,9;"BETIM";"Falta de Atenção à Condução";"Colisão traseira";"Com Vítimas Feridas";"Plena Noite";"Crescente";"Nublado";"Dupla";"Reta";"Sim";4;0;1;0;2;1;1;3;-20,02513493;-44,23112709;"SPRF-MG";"DEL01-MG";"UOP03-DEL01-MG"
266063;2020-01-30;"quinta-feira";"16:50:00";"SC";163;123;"DIONISIO CERQUEIRA";"Falta de Atenção à Condução";"Colisão transversal";"Sem Vítimas";"Pleno dia";"Crescente";"Céu Claro";"Simples";"Interseção de Vias";"Não";2;0;0;0;1;1;0;2;-26,29498392;-53,55564118;"SPRF-SC";"DEL07-SC";"UOP04-DEL07-SC"
266064;2020-01-30;"quinta-feira";"19:55:00";"RO";364;427;"JARU";"Ingestão de Álcool";"Colisão frontal";"Com Vítimas Feridas";"Plena Noite";"Decrescente";"Céu Claro";"Simples";"Reta";"Sim";3;0;0;1;2;0;1;2;-10,432443;-62,479584;"SPRF-RO";"DEL03-RO";"UOP02-DEL03-RO"
266070;2020-01-30;"quinta-feira";"21:15:00";"BA";116;813;"VITORIA DA CONQUISTA";"Desobediência às normas de trânsito pelo condutor";"Colisão transversal";"Com Vítimas Feridas";"Plena Noite";"Decrescente";"Céu Claro";"Simples";"Interseção de Vias";"Não";9;0;5;0;3;1;5;4;-14,80156178;-40,7761272;"SPRF-BA";"DEL08-BA";"UOP01-DEL08-BA"
266073;2020-01-30;"quinta-feira";"16:50:00";"BA";101;663,5;"ITAPEBI";"Velocidade Incompatível";"Saída de leito carroçável";"Com Vítimas Feridas";"Pleno dia";"Decrescente";"Céu Claro";"Simples";"Curva";"Não";2;0;1;0;0;1;1;2;-15,96841;-39,56147;"SPRF-BA";"DEL05-BA";"UOP02-DEL05-BA"
266077;2020-01-30;"quinta-feira";"21:40:00";"PR";163;320;"GUAIRA";"Ingestão de Álcool";"Colisão frontal";"Com Vítimas Feridas";"Plena Noite";"Decrescente";"Céu Claro";"Simples";"Reta";"Não";3;0;1;0;1;2;1;4;-24,34461516;-54,15033631;"SPRF-PR";"DEL06-PR";"UOP01-DEL06-PR"
266078;2020-01-30;"quinta-feira";"20:40:00";"GO";153;85,9;"PORANGATU";"Falta de Atenção à Condução";"Saída de leito carroçável";"Com Vítimas Feridas";"Plena Noite";"Crescente";"Céu Claro";"Simples";"Reta";"Não";2;0;1;0;0;1;1;2;-13,553497;-49,082798;"SPRF-GO";"DEL07-GO";"UOP01-DEL07-GO"
266079;2020-01-30;"quinta-feira";"21:00:00";"MG";40;754,9;"EWBANK DA CAMARA";"Velocidade Incompatível";"Tombamento";"Sem Vítimas";"Plena Noite";"Crescente";"Garoa/Chuvisco";"Simples";"Declive";"Não";2;0;0;0;1;1;0;2;-21,5268429;-43,52029502;"SPRF-MG";"DEL05-MG";"UOP01-DEL05-MG"
266082;2020-01-30;"quinta-feira";"22:30:00";"SC";101;112,4;"ITAJAI";"Ingestão de Álcool";"Colisão lateral";"Sem Vítimas";"Plena Noite";"Crescente";"Céu Claro";"Dupla";"Reta";"Sim";3;0;0;0;2;1;0;3;-26,84589005;-48,72131295;"SPRF-SC";"DEL04-SC";"UOP04-DEL04-SC"
266083;2020-01-30;"quinta-feira";"22:40:00";"RJ";40;99;"DUQUE DE CAXIAS";"Falta de Atenção à Condução";"Tombamento";"Sem Vítimas";"Plena Noite";"Decrescente";"Garoa/Chuvisco";"Simples";"Curva";"Não";2;0;0;0;1;1;0;2;-22,58585204;-43,27716391;"SPRF-RJ";"DEL01-RJ";"UOP01-DEL01-RJ"
266087;2020-01-30;"quinta-feira";"22:40:00";"RO";421;10;"ARIQUEMES";"Defeito na Via";"Tombamento";"Com Vítimas Feridas";"Plena Noite";"Decrescente";"Céu Claro";"Simples";"Reta";"Não";1;0;1;0;0;0;1;1;-9,970236;-63,125076;"SPRF-RO";"DEL03-RO";"UOP01-DEL03-RO"
266088;2020-01-31;"sexta-feira";"00:15:00";"MG";40;486,2;"CAPIM BRANCO";"Condutor Dormindo";"Colisão traseira";"Com Vítimas Feridas";"Plena Noite";"Decrescente";"Céu Claro";"Dupla";"Reta";"Não";4;0;0;1;2;2;1;4;-19,59064511;-44,22670625;"SPRF-MG";"DEL02-MG";"UOP01-DEL02-MG"
266096;2020-01-31;"sexta-feira";"01:49:00";"SP";116;78;"ROSEIRA";"Defeito Mecânico no Veículo";"Incêndio";"Sem Vítimas";"Plena Noite";"Decrescente";"Nublado";"Dupla";"Reta";"Não";2;0;0;0;1;1;0;2;-22,88893407;-45,28690695;"SPRF-SP";"DEL06-SP";"UOP01-DEL06-SP"
266099;2020-01-31;"sexta-feira";"01:15:00";"SP";116;475,3;"JACUPIRANGA";"Falta de Atenção à Condução";"Colisão traseira";"Com Vítimas Feridas";"Plena Noite";"Decrescente";"Nublado";"Dupla";"Reta";"Não";3;0;1;0;1;2;1;4;-24,68648001;-47,98910399;"SPRF-SP";"DEL05-SP";"UOP01-DEL05-SP"
266103;2020-01-31;"sexta-feira";"04:00:00";"GO";50;306,1;"CUMARI";"Velocidade Incompatível";"Colisão com objeto estático";"Com Vítimas Fatais";"Plena Noite";"Crescente";"Ignorado";"Simples";"Declive;Curva";"Não";2;1;0;0;0;2;0;3;-18,3701;-48,0555;"SPRF-GO";"DEL06-GO";"UOP01-DEL06-GO"
266104;2020-01-31;"sexta-feira";"03:30:00";"ES";101;32;"CONCEICAO DA BARRA";"Falta de Atenção à Condução";"Colisão lateral";"Com Vítimas Feridas";"Plena Noite";"Crescente";"Céu Claro";"Simples";"Aclive";"Sim";5;0;0;1;2;3;1;6;-18,43144665;-39,93401712;"SPRF-ES";"DEL04-ES";"UOP02-DEL04-ES"
266106;2020-01-31;"sexta-feira";"04:00:00";"RJ";101;164;"MACAE";"Condutor Dormindo";"Colisão frontal";"Com Vítimas Feridas";"Plena Noite";"Crescente";"Nublado";"Simples";"Reta";"Não";5;0;2;0;2;1;2;5;-22,31511508;-41,89679192;"SPRF-RJ";"DEL02-RJ";"UOP04-DEL08-RJ"
266108;2020-01-31;"sexta-feira";"03:30:00";"MS";262;728;"CORUMBA";"Ingestão de Álcool";"Colisão frontal";"Com Vítimas Fatais";"Plena Noite";"Crescente";"Chuva";"Simples";"Reta";"Não";4;3;0;0;1;0;0;2;-19,37806019;-57,52802412;"SPRF-MS";"DEL03-MS";"UOP03-DEL03-MS"
266110;2020-01-31;"sexta-feira";"04:50:00";"RJ";493;109;"SEROPEDICA";"Falta de Atenção à Condução";"Saída de leito carroçável";"Com Vítimas Feridas";"Amanhecer";"Decrescente";"Céu Claro";"Dupla";"Reta";"Não";2;0;1;0;0;1;1;2;-22,79412;-43,78297;"SPRF-RJ";"DEL03-RJ";"UOP01-DEL03-RJ"
266113;2020-01-31;"sexta-feira";"04:00:00";"AL";101;151,6;"JEQUIA DA PRAIA";"Falta de Atenção à Condução";"Colisão com objeto estático";"Com Vítimas Feridas";"Plena Noite";"Decrescente";"Céu Claro";"Dupla";"Reta";"Não";2;0;0;1;0;1;1;2;-9,8900974;-36,15847202;"SPRF-AL";"DEL02-AL";"UOP02-DEL02-AL"
266119;2020-01-31;"sexta-feira";"07:10:00";"CE";222;128,4;"ITAPAJE";"Velocidade Incompatível";"Colisão frontal";"Com Vítimas Feridas";"Pleno dia";"Crescente";"Chuva";"Simples";"Curva";"Sim";3;0;1;0;1;3;1;5;-3,70427286;-39,61528609;"SPRF-CE";"DEL04-CE";"UOP03-DEL04-CE"
266120;2020-01-31;"sexta-feira";"06:30:00";"MG";381;708,3;"CARMO DA CACHOEIRA";"Falta de Atenção à Condução";"Colisão traseira";"Sem Vítimas";"Pleno dia";"Decrescente";"Nublado";"Dupla";"Reta";"Não";5;0;0;0;5;0;0;2;-21,370524;-45,188652;"SPRF-MG";"DEL04-MG";"UOP02-DEL04-MG"
266121;2020-01-31;"sexta-feira";"07:10:00";"SC";470;34,9;"GASPAR";"Falta de Atenção à Condução";"Colisão transversal";"Com Vítimas Feridas";"Pleno dia";"Crescente";"Céu Claro";"Simples";"Interseção de Vias";"Não";3;0;2;0;1;0;2;2;-26,910646;-48,949341;"SPRF-SC";"DEL04-SC";"UOP01-DEL04-SC"
266125;2020-01-31;"sexta-feira";"07:30:00";"MG";381;864;"POUSO ALEGRE";"Falta de Atenção à Condução";"Colisão lateral";"Sem Vítimas";"Pleno dia";"Crescente";"Céu Claro";"Múltipla";"Reta;Aclive";"Não";3;0;0;0;2;1;0;3;-22,38757269;-45,95265452;"SPRF-MG";"DEL16-MG";"UOP01-DEL16-MG"
266130;2020-01-31;"sexta-feira";"03:00:00";"MG";116;783,6;"LEOPOLDINA";"Velocidade Incompatível";"Tombamento";"Com Vítimas Feridas";"Plena Noite";"Decrescente";"Céu Claro";"Simples";"Curva";"Não";2;0;1;0;0;1;1;2;-21,63453389;-42,69665944;"SPRF-MG";"DEL07-MG";"UOP01-DEL07-MG"
266141;2020-01-31;"sexta-feira";"03:45:00";"MG";262;547,4;"LUZ";"Velocidade Incompatível";"Colisão frontal";"Com Vítimas Fatais";"Plena Noite";"Crescente";"Céu Claro";"Simples";"Curva";"Não";4;1;0;1;1;2;1;5;-19,74018668;-45,86034892;"SPRF-MG";"DEL08-MG";"UOP02-DEL08-MG"
266145;2020-01-31;"sexta-feira";"08:10:00";"MS";463;5,5;"DOURADOS";"Carga excessiva e/ou mal acondicionada";"Colisão com objeto estático";"Com Vítimas Feridas";"Pleno dia";"Decrescente";"Nublado";"Simples";"Reta";"Não";1;0;1;0;0;0;1;1;-22,2582454;-54,85220808;"SPRF-MS";"DEL04-MS";"UOP01-DEL04-MS"
266147;2020-01-31;"sexta-feira";"06:30:00";"SP";116;315,1;"JUQUITIBA";"Defeito Mecânico no Veículo";"Saída de leito carroçável";"Sem Vítimas";"Pleno dia";"Crescente";"Céu Claro";"Dupla";"Declive";"Não";3;0;0;0;1;2;0;3;-23,90251888;-46,99049317;"SPRF-SP";"DEL04-SP";"UOP01-DEL04-SP"
266148;2020-01-31;"sexta-feira";"08:30:00";"RJ";116;222,5;"PIRAI";"Carga excessiva e/ou mal acondicionada";"Tombamento";"Sem Vítimas";"Pleno dia";"Decrescente";"Céu Claro";"Dupla";"Curva";"Não";2;0;0;0;1;1;0;2;-22,6896952;-43,79175108;"SPRF-RJ";"DEL07-RJ";"UOP01-DEL07-RJ"
266154;2020-01-31;"sexta-feira";"09:05:00";"SC";280;53,2;"GUARAMIRIM";"Desobediência às normas de trânsito pelo condutor";"Colisão transversal";"Com Vítimas Feridas";"Pleno dia";"Crescente";"Céu Claro";"Simples";"Reta";"Sim";3;0;0;2;1;0;2;2;-26,47236756;-48,97426617;"SPRF-SC";"DEL03-SC";"UOP03-DEL03-SC"
266155;2020-01-19;"domingo";"16:15:00";"MG";251;350,4;"PADRE CARVALHO";"Falta de Atenção à Condução";"Colisão lateral";"Com Vítimas Feridas";"Pleno dia";"Decrescente";"Sol";"Simples";"Declive";"Não";4;0;0;1;2;1;1;4;-16,281267;-42,53473198;"SPRF-MG";"DEL12-MG";"UOP01-DEL12-MG"
266165;2020-01-31;"sexta-feira";"12:10:00";"MT";163;762,9;"SORRISO";"Falta de Atenção à Condução";"Colisão frontal";"Com Vítimas Feridas";"Pleno dia";"Crescente";"Céu Claro";"Simples";"Reta";"Não";3;0;0;1;1;2;1;4;-12,58368976;-55,73516429;"SPRF-MT";"DEL06-MT";"UOP01-DEL06-MT"
266168;2020-01-31;"sexta-feira";"13:10:00";"SC";101;186,5;"BIGUACU";"Falta de Atenção à Condução";"Colisão com objeto estático";"Com Vítimas Feridas";"Pleno dia";"Decrescente";"Céu Claro";"Dupla";"Reta";"Não";2;0;1;0;0;1;1;2;-27,4341098;-48,62567129;"SPRF-SC";"DEL01-SC";"UOP01-DEL01-SC"
266175;2020-01-31;"sexta-feira";"15:10:00";"MG";381;901;"CAMBUI";"Não guardar distância de segurança";"Colisão traseira";"Com Vítimas Feridas";"Pleno dia";"Decrescente";"Céu Claro";"Dupla";"Reta";"Não";3;0;1;0;1;1;1;3;-22,66922696;-46,09354146;"SPRF-MG";"DEL16-MG";"UOP03-DEL16-MG"
266178;2020-01-31;"sexta-feira";"09:00:00";"GO";364;204,7;"JATAI";"Velocidade Incompatível";"Colisão lateral";"Sem Vítimas";"Pleno dia";"Crescente";"Céu Claro";"Simples";"Declive";"Não";6;0;0;0;5;4;0;8;-17,907701;-51,801361;"SPRF-GO";"DEL05-GO";"UOP01-DEL05-GO"
266179;2020-01-31;"sexta-feira";"13:40:00";"PR";376;665;"GUARATUBA";"Velocidade Incompatível";"Colisão com objeto estático";"Com Vítimas Feridas";"Pleno dia";"Crescente";"Nublado";"Simples";"Declive";"Não";2;0;1;0;0;1;1;2;-25,85455838;-48,95670808;"SPRF-PR";"DEL01-PR";"UOP04-DEL01-PR"
266182;2020-01-23;"quinta-feira";"08:10:00";"ES";101;387;"RIO NOVO DO SUL";"Falta de Atenção à Condução";"Tombamento";"Sem Vítimas";"Amanhecer";"Crescente";"Nublado";"Dupla";"Curva";"Não";2;0;0;0;1;1;0;2;-20,84937594;-40,87581007;"SPRF-ES";"DEL03-ES";"UOP01-DEL03-ES"
266185;2020-01-31;"sexta-feira";"16:00:00";"RN";110;46,7;"MOSSORO";"Falta de Atenção à Condução";"Colisão lateral";"Sem Vítimas";"Pleno dia";"Decrescente";"Céu Claro";"Simples";"Rotatória";"Sim";2;0;0;0;1;1;0;2;-5,20191396;-37,32353926;"SPRF-RN";"DEL04-RN";"UOP01-DEL04-RN"
266188;2020-01-31;"sexta-feira";"12:50:00";"PR";476;116;"COLOMBO";"Falta de Atenção à Condução";"Colisão transversal";"Com Vítimas Feridas";"Pleno dia";"Decrescente";"Céu Claro";"Dupla";"Retorno Regulamentado";"Sim";2;0;1;0;1;0;1;2;-25,3492337;-49,16481614;"SPRF-PR";"DEL01-PR";"UOP07-DEL01-PR"
266189;2020-01-31;"sexta-feira";"16:29:00";"SP";116;154,9;"SAO JOSE DOS CAMPOS";"Falta de Atenção à Condução";"Colisão lateral";"Com Vítimas Feridas";"Pleno dia";"Crescente";"Sol";"Dupla";"Reta";"Sim";2;0;1;0;1;0;1;2;-23,23903999;-45,92061901;"SPRF-SP";"DEL02-SP";"UOP01-DEL02-SP"
266190;2020-01-31;"sexta-feira";"15:05:00";"PR";376;173,9;"PONTA GROSSA";"Ingestão de Álcool";"Colisão traseira";"Sem Vítimas";"Pleno dia";"Crescente";"Céu Claro";"Múltipla";"Reta";"Sim";4;0;0;0;2;3;0;5;-25,09430488;-50,41694641;"SPRF-PR";"DEL07-PR";"UOP01-DEL09-PR"