"id";"data_inversa";"dia_semana";"horario";"uf";"br";"km";"municipio";"causa_acidente";"tipo_acidente";"classificacao_acidente";"fase_dia";"sentido_via";"condicao_metereologica";"tipo_pista";"tracado_via";"uso_solo";"pessoas";"mortos";"feridos_leves";"feridos_graves";"ilesos";"ignorados";"feridos";"veiculos";"latitude";"longitude";"regional";"delegacia";"uop"
266194;2020-01-31;"sexta-feira";"13:45:00";"PI";316;8;"TERESINA";"Falta de Atenção à Condução";"Colisão lateral";"Com Vítimas Feridas";"Pleno dia";"Decrescente";"Nublado";"Múltipla";"Reta";"Sim";2;0;1;0;1;0;1;2;-5,16483402;-42,76899508;"SPRF-PI";"DEL01-PI";"UOP02-DEL01-PI"
266195;2020-01-31;"sexta-feira";"13:00:00";"BA";235;60,1;"JEREMOABO";"Defeito na Via";"Colisão com objeto estático";"Com Vítimas Feridas";"Pleno dia";"Crescente";"Céu Claro";"Simples";"Curva";"Não";2;0;1;0;0;2;1;3;-10,08929173;-38,18273974;"SPRF-SE";"DEL01-SE";"UOP02-DEL01-SE"
266198;2020-01-26;"domingo";"12:05:00";"PA";10;49;"ULIANOPOLIS";"Defeito Mecânico no Veículo";"Saída de leito carroçável";"Sem Vítimas";"Pleno dia";"Crescente";"Céu Claro";"Simples";"Declive";"Não";1;0;0;0;1;0;0;1;-4,01928001;-47,54442267;"SPRF-PA";"DEL02-PA";"UOP02-DEL02-PA"
266199;2020-01-31;"sexta-feira";"08:00:00";"MT";174;315,7;"PONTES E LACERDA";"Defeito na Via";"Saída de leito carroçável";"Com Vítimas Feridas";"Pleno dia";"Crescente";"Céu Claro";"Simples";"Reta;Declive";"Não";2;0;1;0;0;1;1;2;-15,00705492;-59,28721531;"SPRF-MT";"DEL04-MT";"UOP01-DEL04-MT"
266200;2020-01-31;"sexta-feira";"16:30:00";"PR";476;137;"CURITIBA";"Falta de Atenção à Condução";"Colisão lateral";"Com Vítimas Feridas";"Pleno dia";"Crescente";"Céu Claro";"Dupla";"Curva";"Sim";4;0;3;0;1;0;3;2;-25,498302;-49,277546;"SPRF-PR";"DEL01-PR";"UOP03-DEL01-PR"
266202;2020-01-31;"sexta-feira";"16:40:00";"PR";163;328;"GUAIRA";"Defeito na Via";"Tombamento";"Sem Vítimas";"Pleno dia";"Decrescente";"Céu Claro";"Simples";"Curva";"Não";1;0;0;0;1;0;0;1;-24,27719787;-54,17568879;"SPRF-PR";"DEL06-PR";"UOP01-DEL06-PR"
266204;2020-01-27;"segunda-feira";"08:50:00";"BA";110;251,9;"OLINDINA";"Defeito Mecânico no Veículo";"Saída de leito carroçável";"Sem Vítimas";"Pleno dia";"Crescente";"Céu Claro";"Simples";"Reta";"Não";2;0;0;0;1;2;0;3;-11,47849298;-38,29750079;"SPRF-BA";"DEL01-BA";"UOP04-DEL01-BA"
266208;2020-01-31;"sexta-feira";"16:45:00";"BA";116;390,2;"SANTA BARBARA";"Não guardar distância de segurança";"Engavetamento";"Com Vítimas Feridas";"Pleno dia";"Crescente";"Céu Claro";"Simples";"Reta";"Sim";9;0;5;0;3;1;5;4;-11,93899506;-38,97937231;"SPRF-BA";"DEL02-BA";"UOP01-DEL02-BA"
266217;2020-01-31;"sexta-feira";"18:10:00";"MG";40;647,3;"CRISTIANO OTONI";"Objeto estático sobre o leito carroçável";"Colisão traseira";"Com Vítimas Feridas";"Plena Noite";"Crescente";"Chuva";"Simples";"Curva";"Não";7;0;3;1;3;0;4;4;-20,80008787;-43,80926566;"SPRF-MG";"DEL05-MG";"UOP02-DEL05-MG"
266222;2020-01-31;"sexta-feira";"16:05:00";"MG";116;415,3;"GOVERNADOR VALADARES";"Falta de Atenção à Condução";"Colisão lateral";"Com Vítimas Feridas";"Pleno dia";"Decrescente";"Céu Claro";"Simples";"Interseção de Vias";"Sim";2;0;1;0;1;0;1;2;-18,88401297;-41,94924399;"SPRF-MG";"DEL06-MG";"UOP01-DEL06-MG"
266232;2020-01-31;"sexta-feira";"19:00:00";"AL";101;33;"JOAQUIM GOMES";"Falta de Atenção à Condução";"Colisão transversal";"Com Vítimas Feridas";"Plena Noite";"Crescente";"Céu Claro";"Dupla";"Reta";"Não";3;0;0;1;1;1;1;3;-9,10736895;-35,75887214;"SPRF-AL";"DEL01-AL";"UOP02-DEL01-AL"
266233;2020-01-31;"sexta-feira";"17:20:00";"RJ";101;328,5;"RIO DE JANEIRO";"Falta de Atenção à Condução";"Colisão traseira";"Com Vítimas Fatais";"Pleno dia";"Crescente";"Céu Claro";"Dupla";"Reta";"Não";2;1;0;0;1;0;0;2;-22,87028692;-43,16579699;"SPRF-RJ";"DEL02-RJ";"UOP01-DEL02-RJ"
266235;2020-01-31;"sexta-feira";"18:30:00";"MS";158;40,8;"PARANAIBA";"Restrição de Visibilidade";"Colisão com objeto em movimento";"Com Vítimas Feridas";"Plena Noite";"Decrescente";"Chuva";"Simples";"Reta";"Não";3;0;1;0;1;3;1;4;-19,30063886;-51,4516189;"SPRF-MS";"DEL08-MS";"UOP01-DEL08-MS"
266237;2020-01-31;"sexta-feira";"10:30:00";"RO";364;378,2;"OURO PRETO DO OESTE";"Defeito na Via";"Colisão lateral";"Com Vítimas Feridas";"Pleno dia";"Crescente";"Sol";"Simples";"Curva";"Não";4;0;1;0;2;2;1;4;-10,7422942;-62,20886998;"SPRF-RO";"DEL02-RO";"UOP01-DEL02-RO"
266238;2020-01-31;"sexta-feira";"19:30:00";"MG";40;588,6;"ITABIRITO";"Defeito Mecânico no Veículo";"Colisão traseira";"Com Vítimas Feridas";"Plena Noite";"Crescente";"Nublado";"Simples";"Curva";"Sim";5;0;3;1;1;0;4;2;-20,3477207;-43,92391032;"SPRF-MG";"DEL01-MG";"UOP02-DEL01-MG"
266240;2020-01-31;"sexta-feira";"19:45:00";"RS";101;35,5;"TRES CACHOEIRAS";"Falta de Atenção à Condução";"Colisão lateral";"Com Vítimas Feridas";"Plena Noite";"Decrescente";"Chuva";"Múltipla";"Reta";"Não";3;0;2;0;1;0;2;2;-29,51719812;-49,99124485;"SPRF-RS";"DEL03-RS";"UOP02-DEL03-RS"
266242;2020-01-31;"sexta-feira";"16:08:00";"MT";163;599,3;"NOVA MUTUM";"Pista Escorregadia";"Capotamento";"Com Vítimas Feridas";"Pleno dia";"Crescente";"Chuva";"Dupla";"Reta";"Sim";3;0;1;0;1;2;1;4;-13,91664099;-56,09302204;"SPRF-MT";"DEL01-MT";"UOP01-DEL01-MT"
266249;2020-01-31;"sexta-feira";"20:35:00";"SC";101;44,1;"JOINVILLE";"Ultrapassagem Indevida";"Colisão frontal";"Com Vítimas Feridas";"Plena Noite";"Decrescente";"Céu Claro";"Simples";"Reta";"Sim";4;0;1;0;2;1;1;3;-26,31238996;-48,87458997;"SPRF-SC";"DEL03-SC";"UOP01-DEL03-SC"
266252;2020-01-31;"sexta-feira";"19:20:00";"BA";242;793;"BARREIRAS";"Ingestão de Álcool";"Colisão traseira";"Sem Vítimas";"Plena Noite";"Crescente";"Céu Claro";"Simples";"Reta";"Sim";3;0;0;0;2;2;0;4;-12,14466906;-45,00856161;"SPRF-BA";"DEL10-BA";"UOP01-DEL10-BA"
266259;2020-01-31;"sexta-feira";"20:30:00";"MG";381;948;"EXTREMA";"Falta de Atenção à Condução";"Colisão transversal";"Com Vítimas Feridas";"Plena Noite";"Decrescente";"Chuva";"Múltipla";"Reta";"Sim";6;0;3;0;3;0;3;2;-22,87479042;-46,36655782;"SPRF-MG";"DEL16-MG";"UOP03-DEL16-MG"
266303;2020-01-31;"sexta-feira";"23:29:00";"SP";116;230;"SAO PAULO";"Falta de Atenção à Condução";"Colisão lateral";"Sem Vítimas";"Anoitecer";"Decrescente";"Chuva";"Múltipla";"Reta";"Sim";4;0;0;0;2;2;0;4;-23,52251783;-46,5855702;"SPRF-SP";"DEL01-SP";"UOP01-DEL01-SP"
266304;2020-01-31;"sexta-feira";"21:15:00";"SC";153;109,7;"CONCORDIA";"Ingestão de Álcool";"Colisão frontal";"Com Vítimas Feridas";"Plena Noite";"Decrescente";"Céu Claro";"Simples";"Curva";"Não";4;0;2;0;1;1;2;3;-27,308092;-51,980938;"SPRF-SC";"DEL07-SC";"UOP04-DEL07-SC"
266309;2020-01-31;"sexta-feira";"21:00:00";"SP";116;469,9;"JACUPIRANGA";"Defeito Mecânico no Veículo";"Queda de ocupante de veículo";"Com Vítimas Fatais";"Plena Noite";"Crescente";"Nublado";"Dupla";"Reta";"Não";3;1;1;0;1;0;1;2;-24,65247192;-47,95005601;"SPRF-SP";"DEL05-SP";"UOP01-DEL05-SP"
266312;2020-01-31;"sexta-feira";"23:30:00";"MG";116;164;"PADRE PARAISO";"Condutor Dormindo";"Colisão lateral";"Com Vítimas Feridas";"Plena Noite";"Crescente";"Céu Claro";"Simples";"Curva";"Não";3;0;1;0;1;1;1;3;-16,966437;-41,45100303;"SPRF-MG";"DEL11-MG";"UOP02-DEL11-MG"
266316;2020-01-31;"sexta-feira";"23:45:00";"GO";60;205;"GUAPO";"Falta de Atenção à Condução";"Colisão traseira";"Com Vítimas Feridas";"Plena Noite";"Crescente";"Nublado";"Múltipla";"Reta";"Sim";3;0;1;0;1;1;1;3;-16,91272;-49,658225;"SPRF-GO";"DEL01-GO";"UOP02-DEL01-GO"
266317;2020-02-01;"sábado";"03:10:00";"PE";232;370;"FLORES";"Velocidade Incompatível";"Colisão traseira";"Com Vítimas Feridas";"Plena Noite";"Crescente";"Chuva";"Simples";"Reta";"Sim";3;0;1;0;2;0;1;2;-8,0321374;-37,96567213;"SPRF-PE";"DEL04-PE";"UOP01-DEL04-PE"
266319;2020-02-01;"sábado";"03:15:00";"PR";376;206;"MANDAGUARI";"Desobediência às normas de trânsito pelo condutor";"Colisão traseira";"Com Vítimas Feridas";"Plena Noite";"Decrescente";"Céu Claro";"Dupla";"Reta;Declive";"Não";3;0;0;1;0;3;1;4;-23,561134;-51,66161;"SPRF-PR";"DEL07-PR";"UOP01-DEL09-PR"
266322;2020-02-01;"sábado";"02:50:00";"RJ";465;4;"SEROPEDICA";"Falta de Atenção à Condução";"Colisão transversal";"Com Vítimas Feridas";"Plena Noite";"Decrescente";"Céu Claro";"Simples";"Reta";"Sim";3;0;2;0;1;0;2;2;-22,740971;-43,705597;"SPRF-RJ";"DEL01-RJ";"UOP03-DEL01-RJ"
266326;2020-02-01;"sábado";"03:30:00";"RS";285;660;"SAO BORJA";"Condutor Dormindo";"Saída de leito carroçável";"Com Vítimas Feridas";"Plena Noite";"Crescente";"Céu Claro";"Simples";"Reta";"Não";2;0;1;0;0;1;1;2;-28,648103;-55,863318;"SPRF-RS";"DEL12-RS";"UOP01-DEL12-RS"
266329;2020-02-01;"sábado";"04:34:00";"SC";101;209,4;"SAO JOSE";"Ingestão de álcool e/ou substâncias psicoativas pelo pedestre";"Colisão traseira";"Sem Vítimas";"Plena Noite";"Decrescente";"Céu Claro";"Múltipla";"Reta";"Sim";2;0;0;0;2;0;0;2;-27,61000542;-48,63895057;"SPRF-SC";"DEL01-SC";"UOP01-DEL01-SC"
266342;2020-02-01;"sábado";"05:00:00";"MG";116;384,5;"GOVERNADOR VALADARES";"Condutor Dormindo";"Colisão frontal";"Com Vítimas Feridas";"Amanhecer";"Crescente";"Céu Claro";"Simples";"Curva";"Não";5;0;2;0;2;2;2;5;-18,65434309;-41,97036284;"SPRF-MG";"DEL06-MG";"UOP01-DEL06-MG"
266351;2020-02-01;"sábado";"06:30:00";"MS";163;449,1;"CAMPO GRANDE";"Defeito Mecânico no Veículo";"Incêndio";"Sem Vítimas";"Pleno dia";"Decrescente";"Garoa/Chuvisco";"Simples";"Reta";"Não";2;0;0;0;1;1;0;2;-20,73342883;-54,53902046;"SPRF-MS";"DEL01-MS";"UOP01-DEL01-MS"
266362;2020-02-01;"sábado";"07:40:00";"PB";412;87,8;"SERRA BRANCA";"Defeito Mecânico no Veículo";"Tombamento";"Com Vítimas Feridas";"Pleno dia";"Decrescente";"Sol";"Simples";"Curva;Declive";"Não";3;0;3;0;0;0;3;1;-7,546424;-36,744965;"SPRF-PB";"DEL02-PB";"UOP02-DEL02-PB"
266367;2020-02-01;"sábado";"09:40:00";"MT";163;856;"SINOP";"Não guardar distância de segurança";"Colisão lateral";"Com Vítimas Feridas";"Pleno dia";"Decrescente";"Céu Claro";"Simples";"Reta";"Não";4;0;0;1;2;2;1;5;-11,686674;-55,449905;"SPRF-MT";"DEL06-MT";"UOP02-DEL06-MT"
266368;2020-02-01;"sábado";"10:10:00";"TO";153;147;"ARAGUAINA";"Falta de Atenção à Condução";"Colisão com objeto estático";"Sem Vítimas";"Pleno dia";"Crescente";"Céu Claro";"Simples";"Reta";"Sim";2;0;0;0;1;1;0;2;-7,22175693;-48,24826214;"SPRF-TO";"DEL02-TO";"UOP01-DEL02-TO"
266371;2020-02-01;"sábado";"10:00:00";"CE";20;413;"CAUCAIA";"Falta de Atenção à Condução";"Engavetamento";"Com Vítimas Feridas";"Pleno dia";"Crescente";"Sol";"Simples";"Reta";"Não";5;0;1;0;4;0;1;4;-3,76999035;-38,67006282;"SPRF-CE";"DEL01-CE";"UOP01-DEL01-CE"
266375;2020-02-01;"sábado";"10:30:00";"GO";364;327,4;"PORTELANDIA";"Desobediência às normas de trânsito pelo condutor";"Colisão transversal";"Com Vítimas Feridas";"Pleno dia";"Decrescente";"Nublado";"Simples";"Reta";"Não";4;0;2;0;1;1;2;3;-17,400816;-52,692566;"SPRF-GO";"DEL05-GO";"UOP01-DEL05-GO"
266377;2020-01-31;"sexta-feira";"23:00:00";"AM";174;1015;"PRESIDENTE FIGUEIREDO";"Defeito Mecânico no Veículo";"Tombamento";"Sem Vítimas";"Plena Noite";"Decrescente";"Nublado";"Simples";"Aclive";"Não";2;0;0;0;1;2;0;3;-1,85459896;-60,09840096;"SPRF-AM";"DEL01-AM";"UOP02-DEL01-AM"
266382;2020-02-01;"sábado";"10:30:00";"RJ";116;92,8;"GUAPIMIRIM";"Defeito Mecânico no Veículo";"Colisão com objeto estático";"Com Vítimas Feridas";"Pleno dia";"Decrescente";"Nublado";"Simples";"Reta";"Sim";1;0;1;0;0;0;1;1;-22,46152095;-42,98311201;"SPRF-RJ";"DEL04-RJ";"UOP02-DEL04-RJ"
266385;2020-02-01;"sábado";"11:30:00";"BA";101;335;"TEOLANDIA";"Ultrapassagem Indevida";"Tombamento";"Sem Vítimas";"Pleno dia";"Crescente";"Nublado";"Simples";"Curva";"Sim";2;0;0;0;1;2;0;3;-13,62187808;-39,49601561;"SPRF-BA";"DEL05-BA";"UOP03-DEL05-BA"
266394;2020-02-01;"sábado";"13:00:00";"MG";381;940,5;"EXTREMA";"Velocidade Incompatível";"Colisão traseira";"Com Vítimas Feridas";"Pleno dia";"Decrescente";"Chuva";"Dupla";"Curva";"Não";2;0;1;0;1;0;1;2;-22,82604256;-46,31307621;"SPRF-MG";"DEL16-MG";"UOP03-DEL16-MG"
266409;2020-02-01;"sábado";"14:20:00";"PB";230;22;"JOAO PESSOA";"Falta de Atenção à Condução";"Colisão traseira";"Com Vítimas Feridas";"Pleno dia";"Crescente";"Céu Claro";"Dupla";"Reta";"Não";4;0;2;0;2;0;2;2;-7,1495;-34,8517;"SPRF-PB";"DEL01-PB";"UOP01-DEL01-PB"
266420;2020-02-01;"sábado";"15:00:00";"SP";459;29,8;"LORENA";"Pista Escorregadia";"Colisão frontal";"Com Vítimas Feridas";"Pleno dia";"Crescente";"Chuva";"Simples";"Reta";"Sim";3;0;1;0;2;0;1;2;-22,717228;-45,108387;"SPRF-SP";"DEL08-SP";"UOP03-DEL08-SP"
266424;2020-02-01;"sábado";"13:00:00";"RO";435;82;"COLORADO DO OESTE";"Pista Escorregadia";"Colisão lateral";"Com Vítimas Feridas";"Pleno dia";"Crescente";"Nublado";"Simples";"Reta;Aclive";"Não";2;0;1;0;1;0;1;2;-13,11453938;-60,50579894;"SPRF-RO";"DEL04-RO";"UOP02-DEL04-RO"
266427;2020-02-01;"sábado";"13:08:00";"SC";101;338,5;"TUBARAO";"Carga excessiva e/ou mal acondicionada";"Derramamento de carga";"Sem Vítimas";"Pleno dia";"Decrescente";"Céu Claro";"Dupla";"Reta";"Não";2;0;0;0;1;1;0;2;-28,49886772;-49,0467453;"SPRF-SC";"DEL02-SC";"UOP01-DEL02-SC"
266429;2020-02-01;"sábado";"12:00:00";"RO";364;540;"ARIQUEMES";"Falta de Atenção à Condução";"Tombamento";"Sem Vítimas";"Pleno dia";"Crescente";"Céu Claro";"Simples";"Curva";"Não";2;0;0;0;1;3;0;4;-9,725236;-63,119003;"SPRF-RO";"DEL03-RO";"UOP01-DEL03-RO"
266433;2020-02-01;"sábado";"14:30:00";"MT";364;617;"DIAMANTINO";"Desobediência às normas de trânsito pelo condutor";"Colisão transversal";"Com Vítimas Feridas";"Pleno dia";"Decrescente";"Céu Claro";"Dupla";"Reta";"Não";3;0;1;0;1;3;1;5;-14,4084804;-56,3243252;"SPRF-MT";"DEL01-MT";"UOP01-DEL01-MT"
266436;2020-02-01;"sábado";"14:00:00";"MT";364;189,5;"RONDONOPOLIS";"Velocidade Incompatível";"Saída de leito carroçável";"Sem Vítimas";"Pleno dia";"Decrescente";"Chuva";"Simples";"Reta";"Não";2;0;0;0;1;2;0;3;-16,55814995;-54,56173598;"SPRF-MT";"DEL02-MT";"UOP01-DEL02-MT"
266439;2020-02-01;"sábado";"13:00:00";"GO";364;386;"SANTA RITA DO ARAGUAIA";"Velocidade Incompatível";"Colisão lateral";"Com Vítimas Feridas";"Pleno dia";"Crescente";"Céu Claro";"Dupla";"Reta";"Sim";2;0;0;1;1;0;1;2;-17,329039;-53,203724;"SPRF-GO";"DEL05-GO";"UOP01-DEL05-GO"
266451;2020-02-01;"sábado";"15:10:00";"MG";40;578,7;"ITABIRITO";"Defeito Mecânico no Veículo";"Incêndio";"Sem Vítimas";"Pleno dia";"Decrescente";"Nublado";"Dupla";"Reta;Aclive";"Não";2;0;0;0;1;1;0;2;-20,27946105;-43,94661237;"SPRF-MG";"DEL01-MG";"UOP02-DEL01-MG"
266456;2020-02-01;"sábado";"16:45:00";"MS";463;1,2;"DOURADOS";"Falta de Atenção à Condução";"Colisão traseira";"Com Vítimas Feridas";"Pleno dia";"Crescente";"Sol";"Simples";"Reta";"Sim";2;0;1;0;0;1;1;2;-22,25905621;-54,81617245;"SPRF-MS";"DEL04-MS";"UOP01-DEL04-MS"
266473;2020-02-01;"sábado";"17:20:00";"MT";174;315;"PONTES E LACERDA";"Defeito na Via";"Saída de leito carroçável";"Com Vítimas Feridas";"Pleno dia";"Crescente";"Nublado";"Simples";"Reta";"Não";2;0;0;1;0;1;1;2;-15,00705492;-59,28721531;"SPRF-MT";"DEL04-MT";"UOP01-DEL04-MT"
266474;2020-02-01;"sábado";"19:25:00";"PE";423;71,9;"JUPI";"Pista Escorregadia";"Colisão frontal";"Com Vítimas Fatais";"Plena Noite";"Decrescente";"Chuva";"Simples";"Reta";"Não";24;3;17;3;0;2;20;4;-8,69250589;-36,41166726;"SPRF-PE";"DEL03-PE";"UOP01-DEL03-PE"
266483;2020-02-01;"sábado";"19:45:00";"BA";116;703;"MANOEL VITORINO";"Falta de Atenção à Condução";"Tombamento";"Com Vítimas Feridas";"Plena Noite";"Decrescente";"Céu Claro";"Simples";"Curva";"Não";1;0;1;0;0;0;1;1;-14,05378708;-40,20403047;"SPRF-BA";"DEL03-BA";"UOP01-DEL03-BA"
266505;2020-02-01;"sábado";"21:09:00";"RO";174;13,5;"VILHENA";"Não guardar distância de segurança";"Colisão traseira";"Sem Vítimas";"Plena Noite";"Decrescente";"Céu Claro";"Dupla";"Reta";"Sim";2;0;0;0;2;0;0;2;-12,74140004;-60,13026401;"SPRF-RO";"DEL04-RO";"UOP01-DEL04-RO"
266513;2020-02-01;"sábado";"16:20:00";"CE";20;34,6;"PARAMBU";"Falta de Atenção à Condução";"Colisão traseira";"Com Vítimas Feridas";"Pleno dia";"Crescente";"Céu Claro";"Simples";"Reta";"Não";3;0;0;1;1;1;1;3;-6,29336389;-40,60435513;"SPRF-CE";"DEL02-CE";"UOP02-DEL02-CE"
266516;2020-02-01;"sábado";"15:10:00";"AM";174;984;"PRESIDENTE FIGUEIREDO";"Falta de Atenção à Condução";"Tombamento";"Com Vítimas Feridas";"Pleno dia";"Crescente";"Céu Claro";"Dupla";"Declive";"Não";2;0;1;0;0;1;1;2;-2,10373508;-59,99445126;"SPRF-AM";"DEL01-AM";"UOP02-DEL01-AM"
266518;2020-02-01;"sábado";"19:45:00";"GO";153;396,7;"PIRENOPOLIS";"Ingestão de Álcool";"Colisão frontal";"Com Vítimas Feridas";"Plena Noite";"Crescente";"Nublado";"Simples";"Declive";"Não";2;0;1;0;1;0;1;2;-16,009773;-49,125004;"SPRF-GO";"DEL02-GO";"UOP02-DEL02-GO"
266522;2020-02-01;"sábado";"22:50:00";"SP";116;464,6;"PARIQUERA-ACU";"Condutor Dormindo";"Colisão traseira";"Com Vítimas Fatais";"Plena Noite";"Crescente";"Garoa/Chuvisco";"Dupla";"Reta";"Não";3;1;0;0;1;1;0;3;-24,63517676;-47,90877722;"SPRF-SP";"DEL05-SP";"UOP01-DEL05-SP"
266528;2020-02-01;"sábado";"22:00:00";"PI";316;362,4;"CAMPO GRANDE DO PIAUI";"Falta de Atenção à Condução";"Colisão frontal";"Com Vítimas Fatais";"Plena Noite";"Decrescente";"Garoa/Chuvisco";"Simples";"Reta";"Não";2;1;0;0;1;0;0;2;-7,13630268;-41,00210496;"SPRF-PI";"DEL04-PI";"UOP03-DEL04-PI"
266533;2020-02-01;"sábado";"23:00:00";"MG";262;123,5;"RIO CASCA";"Condutor Dormindo";"Saída de leito carroçável";"Com Vítimas Feridas";"Plena Noite";"Crescente";"Nublado";"Simples";"Reta";"Não";3;0;1;0;1;1;1;2;-20,20469572;-42,67690659;"SPRF-MG";"DEL03-MG";"UOP03-DEL03-MG"
266545;2020-02-02;"domingo";"02:10:00";"MT";364;279;"JACIARA";"Falta de Atenção à Condução";"Colisão traseira";"Com Vítimas Feridas";"Plena Noite";"Crescente";"Céu Claro";"Dupla";"Aclive";"Não";3;0;1;0;1;2;1;4;-15,94251105;-55,01446001;"SPRF-MT";"DEL02-MT";"UOP02-DEL05-MT"
266561;2020-02-02;"domingo";"05:20:00";"PI";343;306,6;"ALTOS";"Desobediência às normas de trânsito pelo condutor";"Colisão transversal";"Com Vítimas Feridas";"Amanhecer";"Decrescente";"Céu Claro";"Simples";"Reta";"Sim";2;0;0;1;1;0;1;2;-5,038756;-42,450893;"SPRF-PI";"DEL01-PI";"UOP01-DEL01-PI"
266562;2020-02-02;"domingo";"03:00:00";"BA";116;769;"POCOES";"Ingestão de Álcool";"Colisão lateral";"Sem Vítimas";"Plena Noite";"Decrescente";"Céu Claro";"Simples";"Reta";"Não";3;0;0;0;2;1;0;3;-14,54858586;-40,40105315;"SPRF-BA";"DEL08-BA";"UOP02-DEL08-BA"
266567;2020-02-02;"domingo";"05:35:00";"MT";163;1011,5;"TERRA NOVA DO NORTE";"Falta de Atenção à Condução";"Saída de leito carroçável";"Com Vítimas Feridas";"Amanhecer";"Crescente";"Nublado";"Simples";"Reta";"Não";3;0;2;0;0;2;2;3;-10,52740687;-55,07956639;"SPRF-MT";"DEL06-MT";"UOP02-DEL06-MT"
266576;2020-02-02;"domingo";"08:00:00";"MG";116;793,1;"ALEM PARAIBA";"Defeito Mecânico no Veículo";"Colisão com objeto estático";"Com Vítimas Feridas";"Pleno dia";"Crescente";"Sol";"Simples";"Reta;Ponte";"Não";3;0;2;0;0;2;2;3;-21,70195806;-42,72965349;"SPRF-MG";"DEL07-MG";"UOP01-DEL07-MG"
266585;2020-02-02;"domingo";"08:00:00";"TO";226;26,1;"PALMEIRAS DO TOCANTINS";"Defeito na Via";"Tombamento";"Com Vítimas Feridas";"Pleno dia";"Decrescente";"Céu Claro";"Simples";"Aclive";"Não";2;0;1;0;0;2;1;3;-6,641345;-47,667072;"SPRF-TO";"DEL02-TO";"UOP03-DEL02-TO"
266587;2020-02-02;"domingo";"06:25:00";"BA";116;376,7;"SANTA BARBARA";"Ultrapassagem Indevida";"Colisão transversal";"Sem Vítimas";"Pleno dia";"Decrescente";"Céu Claro";"Simples";"Reta";"Não";9;0;0;0;8;1;0;3;-11,81436489;-38,97845964;"SPRF-BA";"DEL02-BA";"UOP01-DEL02-BA"
266589;2020-02-02;"domingo";"10:05:00";"SC";101;136,9;"BALNEARIO CAMBORIU";"Desobediência às normas de trânsito pelo pedestre";"Atropelamento de Pedestre";"Com Vítimas Feridas";"Pleno dia";"Crescente";"Nublado";"Dupla";"Reta";"Sim";3;0;0;1;1;1;1;3;-27,008113;-48,617245;"SPRF-SC";"DEL04-SC";"UOP03-DEL04-SC"
266590;2020-01-11;"sábado";"12:40:00";"SC";101;115;"ITAJAI";"Defeito Mecânico no Veículo";"Colisão com objeto estático";"Com Vítimas Feridas";"Pleno dia";"Decrescente";"Céu Claro";"Dupla";"Curva";"Não";4;0;1;0;2;1;1;3;-26,87064015;-48,72954134;"SPRF-SC";"DEL04-SC";"UOP04-DEL04-SC"
266599;2020-02-02;"domingo";"10:58:00";"SP";116;326;"JUQUITIBA";"Velocidade Incompatível";"Saída de leito carroçável";"Com Vítimas Feridas";"Pleno dia";"Decrescente";"Chuva";"Dupla";"Curva";"Sim";5;0;3;0;1;1;3;3;-23,93901304;-47,06241203;"SPRF-SP";"DEL04-SP";"UOP01-DEL04-SP"
266600;2020-02-02;"domingo";"08:00:00";"BA";242;415;"SEABRA";"Defeito Mecânico no Veículo";"Colisão traseira";"Com Vítimas Feridas";"Pleno dia";"Decrescente";"Nublado";"Simples";"Declive";"Sim";3;0;0;1;1;2;1;4;-12,42862043;-41,77926194;"SPRF-BA";"DEL06-BA";"UOP01-DEL06-BA"
266608;2020-02-02;"domingo";"12:30:00";"CE";20;204,5;"BOA VIAGEM";"Falta de Atenção à Condução";"Colisão frontal";"Com Vítimas Feridas";"Pleno dia";"Crescente";"Céu Claro";"Simples";"Reta";"Sim";2;0;0;1;1;0;1;2;-5,12155025;-39,73264757;"SPRF-CE";"DEL02-CE";"UOP02-DEL02-CE"
266611;2020-02-02;"domingo";"11:00:00";"MT";70;135,1;"GENERAL CARNEIRO";"Falta de Atenção à Condução";"Colisão lateral";"Com Vítimas Feridas";"Pleno dia";"Crescente";"Céu Claro";"Simples";"Reta";"Não";3;0;1;0;1;3;1;5;-15,59435725;-53,23765003;"SPRF-MT";"DEL07-MT";"UOP01-DEL07-MT"
266630;2020-02-02;"domingo";"14:30:00";"MG";381;478;"CONTAGEM";"Falta de Atenção à Condução";"Colisão traseira";"Com Vítimas Feridas";"Pleno dia";"Decrescente";"Céu Claro";"Dupla";"Declive;Reta";"Sim";5;0;1;0;3;1;1;2;-19,95826094;-44,05921101;"SPRF-MG";"DEL01-MG";"UOP03-DEL01-MG"
266633;2020-02-02;"domingo";"14:30:00";"PR";116;65,6;"QUATRO BARRAS";"Velocidade Incompatível";"Colisão frontal";"Com Vítimas Feridas";"Pleno dia";"Crescente";"Chuva";"Dupla";"Reta";"Não";4;0;1;1;2;0;2;3;-25,31038605;-49,00828242;"SPRF-PR";"DEL01-PR";"UOP02-DEL01-PR"
266636;2020-02-02;"domingo";"12:30:00";"MT";163;954;"NOVA SANTA HELENA";"Condutor Dormindo";"Colisão lateral";"Com Vítimas Feridas";"Pleno dia";"Crescente";"Chuva";"Simples";"Reta";"Não";5;0;2;0;2;2;2;4;-10,85747;-55,19195;"SPRF-MT";"DEL06-MT";"UOP02-DEL06-MT"