"id";"data_inversa";"dia_semana";"horario";"uf";"br";"km";"municipio";"causa_acidente";"tipo_acidente";"classificacao_acidente";"fase_dia";"sentido_via";"condicao_metereologica";"tipo_pista";"tracado_via";"uso_solo";"pessoas";"mortos";"feridos_leves";"feridos_graves";"ilesos";"ignorados";"feridos";"veiculos";"latitude";"longitude";"regional";"delegacia";"uop"
267026;2020-02-04;"terça-feira";"07:20:00";"SP";116;510,5;"CAJATI";"Velocidade Incompatível";"Tombamento";"Sem Vítimas";"Pleno dia";"Crescente";"Garoa/Chuvisco";"Simples";"Aclive;Curva";"Não";2;0;0;0;1;1;0;2;-24,82768986;-48,21855823;"SPRF-SP";"DEL05-SP";"UOP02-DEL05-SP"
267027;2020-01-31;"sexta-feira";"13:15:00";"RS";386;298,2;"POUSO NOVO";"Desobediência às normas de trânsito pelo condutor";"Colisão transversal";"Com Vítimas Feridas";"Pleno dia";"Decrescente";"Nublado";"Simples";"Curva";"Não";6;0;1;2;1;3;3;5;-29,149231;-52,236103;"SPRF-RS";"DEL04-RS";"UOP01-DEL04-RS"
267030;2020-02-04;"terça-feira";"11:00:00";"SC";101;25,1;"JOINVILLE";"Não guardar distância de segurança";"Colisão traseira";"Com Vítimas Feridas";"Pleno dia";"Crescente";"Chuva";"Dupla";"Reta";"Sim";6;0;1;0;4;3;1;8;-26,1834739;-48,9105912;"SPRF-SC";"DEL03-SC";"UOP01-DEL03-SC"
267036;2020-02-04;"terça-feira";"12:25:00";"SC";101;162;"TIJUCAS";"Desobediência às normas de trânsito pelo condutor";"Tombamento";"Com Vítimas Feridas";"Pleno dia";"Decrescente";"Chuva";"Múltipla";"Interseção de Vias";"Sim";2;0;1;0;1;0;1;2;-27,22304255;-48,62670774;"SPRF-SC";"DEL04-SC";"UOP03-DEL04-SC"
267040;2020-02-04;"terça-feira";"10:40:00";"SC";282;306,5;"VARGEM";"Falta de Atenção à Condução";"Colisão traseira";"Com Vítimas Feridas";"Pleno dia";"Crescente";"Sol";"Simples";"Reta";"Não";2;0;0;1;1;0;1;2;-27,495869;-50,952518;"SPRF-SC";"DEL07-SC";"UOP06-DEL07-SC"
267045;2020-02-04;"terça-feira";"13:20:00";"PE";101;66;"RECIFE";"Não guardar distância de segurança";"Colisão lateral";"Com Vítimas Feridas";"Pleno dia";"Crescente";"Sol";"Dupla";"Reta";"Sim";4;0;1;1;2;0;2;4;-8,03368534;-34,94184125;"SPRF-PE";"DEL01-PE";"UOP01-DEL01-PE"
267046;2020-02-04;"terça-feira";"07:40:00";"ES";101;11,3;"PEDRO CANARIO";"Defeito Mecânico no Veículo";"Incêndio";"Sem Vítimas";"Pleno dia";"Decrescente";"Céu Claro";"Simples";"Declive";"Não";2;0;0;0;1;3;0;4;-18,25673398;-39,95472013;"SPRF-ES";"DEL04-ES";"UOP02-DEL04-ES"
267047;2020-02-04;"terça-feira";"11:00:00";"BA";242;475;"IBITIARA";"Defeito Mecânico no Veículo";"Saída de leito carroçável";"Sem Vítimas";"Pleno dia";"Decrescente";"Garoa/Chuvisco";"Simples";"Aclive;Curva";"Não";2;0;0;0;1;1;0;2;-12,47148554;-42,27266787;"SPRF-BA";"DEL06-BA";"UOP01-DEL06-BA"
267048;2020-02-04;"terça-feira";"14:27:00";"RS";392;72,1;"PELOTAS";"Falta de Atenção à Condução";"Colisão lateral";"Com Vítimas Feridas";"Pleno dia";"Decrescente";"Céu Claro";"Simples";"Reta";"Sim";3;0;1;0;1;1;1;3;-31,721104;-52,389843;"SPRF-RS";"DEL07-RS";"UOP01-DEL07-RS"
267060;2020-02-04;"terça-feira";"13:48:00";"DF";251;33;"BRASILIA";"Falta de Atenção à Condução";"Colisão com objeto estático";"Sem Vítimas";"Pleno dia";"Crescente";"Nublado";"Simples";"Interseção de Vias";"Não";1;0;0;0;0;1;0;1;-15,937679;-47,748878;"SPRF-DF";"DEL01-DF";"UOP01-DEL01-DF"
267066;2020-02-04;"terça-feira";"15:40:00";"ES";101;346,8;"GUARAPARI";"Falta de Atenção à Condução";"Colisão traseira";"Com Vítimas Feridas";"Pleno dia";"Decrescente";"Céu Claro";"Simples";"Reta";"Não";3;0;0;1;2;0;1;3;-20,6572762;-40,6175371;"SPRF-ES";"DEL03-ES";"UOP01-DEL03-ES"
267067;2020-02-04;"terça-feira";"15:15:00";"PA";316;65;"CASTANHAL";"Ingestão de Álcool";"Colisão traseira";"Sem Vítimas";"Pleno dia";"Decrescente";"Chuva";"Dupla";"Reta";"Não";2;0;0;0;2;0;0;2;-1,29580361;-47,91084002;"SPRF-PA";"DEL01-PA";"UOP01-DEL01-PA"
267068;2020-02-04;"terça-feira";"15:30:00";"MG";262;366,8;"JUATUBA";"Falta de Atenção à Condução";"Colisão traseira";"Com Vítimas Feridas";"Pleno dia";"Crescente";"Sol";"Dupla";"Reta";"Não";3;0;0;1;0;2;1;3;-19,97109006;-44,33086395;"SPRF-MG";"DEL01-MG";"UOP03-DEL01-MG"
267073;2020-02-04;"terça-feira";"16:15:00";"SP";116;278;"EMBU DAS ARTES";"Defeito Mecânico no Veículo";"Colisão com objeto em movimento";"Com Vítimas Feridas";"Pleno dia";"Decrescente";"Nublado";"Dupla";"Reta";"Sim";3;0;1;0;1;1;1;3;-23,65508497;-46,84918605;"SPRF-SP";"DEL04-SP";"UOP01-DEL04-SP"
267077;2020-02-04;"terça-feira";"16:45:00";"PR";369;523;"CASCAVEL";"Desobediência às normas de trânsito pelo condutor";"Colisão transversal";"Com Vítimas Feridas";"Pleno dia";"Decrescente";"Céu Claro";"Simples";"Interseção de Vias";"Sim";4;0;0;2;1;1;2;3;-24,95975072;-53,39883696;"SPRF-PR";"DEL04-PR";"UOP01-DEL04-PR"
267084;2020-02-04;"terça-feira";"12:00:00";"SC";470;79,7;"INDAIAL";"Defeito Mecânico no Veículo";"Saída de leito carroçável";"Sem Vítimas";"Pleno dia";"Crescente";"Nublado";"Simples";"Reta";"Não";2;0;0;0;0;2;0;2;-26,951565;-49,306534;"SPRF-SC";"DEL04-SC";"UOP01-DEL04-SC"
267086;2020-02-04;"terça-feira";"12:40:00";"CE";222;107,4;"ITAPAJE";"Pista Escorregadia";"Saída de leito carroçável";"Com Vítimas Feridas";"Pleno dia";"Decrescente";"Chuva";"Simples";"Reta";"Não";2;0;0;1;0;1;1;2;-3,76154936;-39,47091565;"SPRF-CE";"DEL04-CE";"UOP03-DEL04-CE"
267087;2020-02-04;"terça-feira";"17:00:00";"MG";381;684,5;"RIBEIRAO VERMELHO";"Falta de Atenção à Condução";"Colisão traseira";"Com Vítimas Feridas";"Pleno dia";"Decrescente";"Nublado";"Dupla";"Reta";"Não";3;0;1;0;1;1;1;3;-21,16209159;-45,1206243;"SPRF-MG";"DEL04-MG";"UOP02-DEL04-MG"
267095;2020-02-04;"terça-feira";"13:20:00";"RO";364;495;"ARIQUEMES";"Defeito na Via";"Colisão frontal";"Com Vítimas Feridas";"Pleno dia";"Decrescente";"Céu Claro";"Simples";"Reta";"Não";2;0;1;0;1;0;1;2;-10,07323798;-62,97343164;"SPRF-RO";"DEL03-RO";"UOP01-DEL03-RO"
267096;2020-02-04;"terça-feira";"18:05:00";"PB";101;87,9;"JOAO PESSOA";"Desobediência às normas de trânsito pelo condutor";"Colisão lateral";"Sem Vítimas";"Plena Noite";"Decrescente";"Céu Claro";"Dupla";"Reta";"Não";2;0;0;0;2;0;0;2;-7,1651;-34,8941;"SPRF-PB";"DEL01-PB";"UOP01-DEL01-PB"
267097;2020-02-04;"terça-feira";"18:00:00";"RS";116;528;"CAPAO DO LEAO";"Não guardar distância de segurança";"Colisão traseira";"Com Vítimas Feridas";"Anoitecer";"Crescente";"Céu Claro";"Simples";"Reta";"Sim";2;0;1;0;1;0;1;2;-31,75074207;-52,41851397;"SPRF-RS";"DEL07-RS";"UOP01-DEL07-RS"
267100;2020-02-04;"terça-feira";"14:40:00";"MA";10;335,5;"ACAILANDIA";"Falta de Atenção à Condução";"Tombamento";"Com Vítimas Feridas";"Pleno dia";"Decrescente";"Céu Claro";"Simples";"Reta";"Não";3;0;0;1;1;2;1;4;-4,819935;-47,509178;"SPRF-MA";"DEL04-MA";"UOP03-DEL04-MA"
267101;2020-01-28;"terça-feira";"10:30:00";"RR";174;502;"BOA VISTA";"Carga excessiva e/ou mal acondicionada";"Colisão traseira";"Com Vítimas Feridas";"Pleno dia";"Crescente";"Céu Claro";"Simples";"Reta";"Sim";3;0;0;1;2;0;1;3;2,787376;-60,699524;"SPRF-RR";"DEL01-RR";"UOP01-DEL01-RR"
267102;2020-02-04;"terça-feira";"18:30:00";"PR";163;273;"QUATRO PONTES";"Falta de Atenção à Condução";"Colisão lateral";"Com Vítimas Fatais";"Anoitecer";"Decrescente";"Céu Claro";"Simples";"Reta";"Não";5;1;1;2;1;0;3;2;-24,62347722;-53,90764804;"SPRF-PR";"DEL06-PR";"UOP02-DEL06-PR"
267113;2020-02-04;"terça-feira";"15:40:00";"SC";470;213,4;"SAO CRISTOVAO DO SUL";"Velocidade Incompatível";"Tombamento";"Com Vítimas Fatais";"Pleno dia";"Decrescente";"Sol";"Simples";"Curva";"Não";2;1;0;0;0;1;0;2;-27,30955328;-50,23457766;"SPRF-SC";"DEL05-SC";"UOP03-DEL05-SC"
267115;2020-02-04;"terça-feira";"18:30:00";"GO";60;6;"ALEXANIA";"Desobediência às normas de trânsito pelo condutor";"Tombamento";"Com Vítimas Feridas";"Anoitecer";"Decrescente";"Nublado";"Dupla";"Reta";"Não";2;0;1;0;1;0;1;1;-16,094168;-48,517212;"SPRF-DF";"DEL01-DF";"UOP01-DEL03-DF"
267121;2020-02-04;"terça-feira";"18:20:00";"MS";262;105,1;"AGUA CLARA";"Pista Escorregadia";"Colisão frontal";"Com Vítimas Feridas";"Plena Noite";"Crescente";"Chuva";"Simples";"Reta";"Não";4;0;1;0;1;2;1;4;-20,55082448;-52,53773921;"SPRF-MS";"DEL07-MS";"UOP02-DEL07-MS"
267123;2020-02-04;"terça-feira";"13:40:00";"MA";316;440,6;"PERITORO";"Falta de Atenção à Condução";"Saída de leito carroçável";"Com Vítimas Feridas";"Pleno dia";"Decrescente";"Chuva";"Simples";"Reta";"Não";2;0;2;0;0;0;2;1;-4,428898;-44,210136;"SPRF-MA";"DEL03-MA";"UOP01-DEL03-MA"
267129;2020-02-04;"terça-feira";"20:35:00";"RS";290;577;"ALEGRETE";"Falta de Atenção à Condução";"Danos eventuais";"Sem Vítimas";"Plena Noite";"Decrescente";"Céu Claro";"Simples";"Rotatória";"Não";3;0;0;0;2;1;0;3;-29,81559321;-55,74437326;"SPRF-RS";"DEL13-RS";"UOP02-DEL13-RS"
267132;2020-02-04;"terça-feira";"19:25:00";"MT";364;882;"CAMPO NOVO DO PARECIS";"Falta de Atenção à Condução";"Colisão lateral";"Com Vítimas Feridas";"Plena Noite";"Decrescente";"Céu Claro";"Dupla";"Reta";"Sim";2;0;0;1;1;0;1;2;-13,717404;-57,89441794;"SPRF-MT";"DEL01-MT";"UOP01-DEL01-MT"
267133;2020-02-04;"terça-feira";"20:45:00";"MG";116;690,9;"MURIAE";"Velocidade Incompatível";"Capotamento";"Com Vítimas Feridas";"Plena Noite";"Crescente";"Nublado";"Simples";"Curva";"Não";3;0;1;0;1;1;1;2;-21,01876307;-42,36118053;"SPRF-MG";"DEL07-MG";"UOP02-DEL07-MG"
267136;2020-02-04;"terça-feira";"16:00:00";"BA";242;364;"LENCOIS";"Velocidade Incompatível";"Engavetamento";"Com Vítimas Feridas";"Pleno dia";"Crescente";"Céu Claro";"Simples";"Curva";"Não";6;0;0;1;4;1;1;6;-12,46265556;-41,42013702;"SPRF-BA";"DEL06-BA";"UOP01-DEL06-BA"
267144;2020-02-04;"terça-feira";"21:00:00";"MG";381;484,4;"BETIM";"Mal Súbito";"Saída de leito carroçável";"Com Vítimas Fatais";"Plena Noite";"Crescente";"Céu Claro";"Dupla";"Retorno Regulamentado";"Sim";1;1;0;0;0;0;0;1;-19,95531717;-44,11722196;"SPRF-MG";"DEL01-MG";"UOP03-DEL01-MG"
267145;2020-02-04;"terça-feira";"19:00:00";"SC";470;2;"NAVEGANTES";"Desobediência às normas de trânsito pelo condutor";"Colisão lateral";"Com Vítimas Feridas";"Plena Noite";"Crescente";"Garoa/Chuvisco";"Dupla";"Reta";"Sim";3;0;0;1;1;1;1;3;-26,868551;-48,674831;"SPRF-SC";"DEL04-SC";"UOP04-DEL04-SC"
267147;2020-02-04;"terça-feira";"19:00:00";"PI";343;622;"FLORIANO";"Defeito na Via";"Saída de leito carroçável";"Com Vítimas Feridas";"Pleno dia";"Decrescente";"Céu Claro";"Simples";"Reta";"Não";2;0;1;0;0;2;1;3;-6,957578;-43,222198;"SPRF-PI";"DEL03-PI";"UOP01-DEL03-PI"
267149;2020-02-04;"terça-feira";"22:20:00";"PR";373;182,9;"PONTA GROSSA";"Falta de Atenção à Condução";"Tombamento";"Com Vítimas Feridas";"Plena Noite";"Decrescente";"Nublado";"Simples";"Reta";"Sim";2;0;1;0;0;1;1;2;-25,03935712;-50,2767641;"SPRF-PR";"DEL03-PR";"UOP01-DEL03-PR"
267150;2020-02-04;"terça-feira";"20:50:00";"MG";50;82;"UBERLANDIA";"Falta de Atenção à Condução";"Colisão traseira";"Com Vítimas Feridas";"Plena Noite";"Decrescente";"Céu Claro";"Dupla";"Aclive";"Sim";3;0;0;1;1;2;1;4;-18,986906;-48,211853;"SPRF-MG";"DEL15-MG";"UOP01-DEL15-MG"
267155;2020-02-04;"terça-feira";"20:10:00";"RJ";393;103;"SAPUCAIA";"Falta de Atenção à Condução";"Colisão lateral";"Com Vítimas Feridas";"Plena Noite";"Decrescente";"Chuva";"Simples";"Reta";"Não";2;0;1;0;1;0;1;2;-21,874243;-42,66758;"SPRF-RJ";"DEL06-RJ";"UOP01-DEL05-RJ"
267158;2020-02-04;"terça-feira";"22:00:00";"SP";116;340,6;"MIRACATU";"Desobediência às normas de trânsito pelo pedestre";"Atropelamento de Pedestre";"Com Vítimas Fatais";"Plena Noite";"Decrescente";"Chuva";"Dupla";"Curva;Declive";"Não";2;1;0;0;1;0;0;2;-24,00898977;-47,16040227;"SPRF-SP";"DEL04-SP";"UOP02-DEL04-SP"
267161;2020-02-04;"terça-feira";"17:00:00";"SP";116;40,3;"CACHOEIRA PAULISTA";"Falta de Atenção à Condução";"Colisão traseira";"Com Vítimas Feridas";"Anoitecer";"Decrescente";"Chuva";"Dupla";"Reta";"Não";2;0;1;0;1;0;1;2;-22,68080728;-45,00688982;"SPRF-SP";"DEL08-SP";"UOP02-DEL08-SP"
267165;2020-02-04;"terça-feira";"22:30:00";"MG";381;726,1;"CARMO DA CACHOEIRA";"Não guardar distância de segurança";"Colisão lateral";"Com Vítimas Feridas";"Plena Noite";"Decrescente";"Chuva";"Dupla";"Curva;Declive";"Não";3;0;1;0;1;1;1;2;-21,47551434;-45,20307541;"SPRF-MG";"DEL04-MG";"UOP02-DEL04-MG"
267169;2020-02-04;"terça-feira";"23:40:00";"SC";280;3;"SAO FRANCISCO DO SUL";"Mal Súbito";"Saída de leito carroçável";"Com Vítimas Feridas";"Plena Noite";"Decrescente";"Chuva";"Simples";"Reta";"Sim";2;0;1;0;0;1;1;2;-26,24531966;-48,61556107;"SPRF-SC";"DEL03-SC";"UOP03-DEL03-SC"
267209;2020-02-05;"quarta-feira";"06:30:00";"MG";153;35;"CANAPOLIS";"Condutor Dormindo";"Tombamento";"Com Vítimas Feridas";"Amanhecer";"Decrescente";"Nublado";"Dupla";"Reta";"Não";1;0;0;1;0;0;1;1;-18,71074793;-49,13692422;"SPRF-MG";"DEL15-MG";"UOP03-DEL15-MG"
267211;2020-02-05;"quarta-feira";"07:15:00";"PE";101;68,5;"RECIFE";"Falta de Atenção à Condução";"Colisão transversal";"Com Vítimas Feridas";"Pleno dia";"Decrescente";"Sol";"Múltipla";"Reta";"Sim";5;0;1;0;3;1;1;4;-8,05074296;-34,94580619;"SPRF-PE";"DEL01-PE";"UOP01-DEL01-PE"
267219;2020-02-05;"quarta-feira";"07:10:00";"MG";50;179;"UBERABA";"Não guardar distância de segurança";"Colisão traseira";"Com Vítimas Feridas";"Pleno dia";"Decrescente";"Chuva";"Dupla";"Reta;Declive";"Sim";2;0;1;0;0;1;1;2;-19,77827047;-47,93140998;"SPRF-MG";"DEL13-MG";"UOP01-DEL13-MG"
267223;2020-02-05;"quarta-feira";"06:05:00";"GO";153;156;"CAMPINORTE";"Não guardar distância de segurança";"Colisão traseira";"Sem Vítimas";"Amanhecer";"Decrescente";"Céu Claro";"Simples";"Declive";"Não";5;0;0;0;2;3;0;4;-14,134462;-49,112724;"SPRF-GO";"DEL07-GO";"UOP01-DEL07-GO"
267227;2020-02-05;"quarta-feira";"08:05:00";"PB";101;91,5;"JOAO PESSOA";"Não guardar distância de segurança";"Colisão traseira";"Com Vítimas Feridas";"Pleno dia";"Crescente";"Céu Claro";"Dupla";"Reta";"Sim";3;0;0;1;2;0;1;2;-7,18826412;-34,90308264;"SPRF-PB";"DEL01-PB";"UOP01-DEL01-PB"
267232;2020-02-05;"quarta-feira";"06:40:00";"RO";364;375;"OURO PRETO DO OESTE";"Velocidade Incompatível";"Colisão lateral";"Sem Vítimas";"Pleno dia";"Crescente";"Nublado";"Simples";"Curva;Declive";"Não";4;0;0;0;3;2;0;4;-10,73949672;-62,18555898;"SPRF-RO";"DEL02-RO";"UOP01-DEL02-RO"
267234;2020-02-05;"quarta-feira";"07:10:00";"SC";470;141,1;"RIO DO SUL";"Falta de Atenção à Condução";"Colisão transversal";"Com Vítimas Feridas";"Pleno dia";"Decrescente";"Sol";"Simples";"Reta";"Não";2;0;1;0;1;0;1;2;-27,226065;-49,666161;"SPRF-SC";"DEL04-SC";"UOP02-DEL04-SC"
267236;2020-02-05;"quarta-feira";"08:20:00";"SP";116;279;"EMBU DAS ARTES";"Falta de Atenção à Condução";"Colisão traseira";"Com Vítimas Feridas";"Pleno dia";"Decrescente";"Nublado";"Dupla";"Reta";"Sim";4;0;1;0;1;2;1;4;-23,66233697;-46,85292907;"SPRF-SP";"DEL04-SP";"UOP01-DEL04-SP"
267240;2020-02-05;"quarta-feira";"09:00:00";"SP";153;62,3;"SAO JOSE DO RIO PRETO";"Não guardar distância de segurança";"Colisão traseira";"Com Vítimas Feridas";"Pleno dia";"Crescente";"Nublado";"Dupla";"Reta;Aclive";"Sim";3;0;1;1;1;0;2;2;-20,81325404;-49,35675563;"SPRF-SP";"DEL09-SP";"UOP01-DEL09-SP"
267245;2020-02-05;"quarta-feira";"09:15:00";"RS";290;99;"PORTO ALEGRE";"Falta de Atenção à Condução";"Colisão traseira";"Sem Vítimas";"Pleno dia";"Crescente";"Céu Claro";"Dupla";"Aclive";"Não";3;0;0;0;2;2;0;4;-29,991756;-51,22699;"SPRF-RS";"DEL01-RS";"UOP01-DEL01-RS"
267248;2020-02-05;"quarta-feira";"06:20:00";"MG";262;388;"MATEUS LEME";"Velocidade Incompatível";"Tombamento";"Com Vítimas Feridas";"Pleno dia";"Crescente";"Céu Claro";"Simples";"Reta";"Não";2;0;1;0;0;1;1;2;-19,9366751;-44,44352695;"SPRF-MG";"DEL01-MG";"UOP03-DEL01-MG"
267251;2020-02-05;"quarta-feira";"10:24:00";"ES";101;264;"SERRA";"Não guardar distância de segurança";"Colisão traseira";"Com Vítimas Feridas";"Plena Noite";"Decrescente";"Céu Claro";"Múltipla";"Reta";"Sim";3;0;1;0;1;1;1;3;-20,17292791;-40,26736384;"SPRF-ES";"DEL02-ES";"UOP01-DEL02-ES"
267252;2020-02-05;"quarta-feira";"08:05:00";"PR";476;267,9;"SAO MATEUS DO SUL";"Não guardar distância de segurança";"Tombamento";"Sem Vítimas";"Pleno dia";"Decrescente";"Nublado";"Simples";"Reta";"Sim";2;0;0;0;1;3;0;4;-25,892023;-50,31163;"SPRF-PR";"DEL02-PR";"UOP04-DEL02-PR"
267256;2020-02-05;"quarta-feira";"09:29:00";"PA";10;348;"SANTA MARIA DO PARA";"Ultrapassagem Indevida";"Colisão lateral";"Com Vítimas Feridas";"Pleno dia";"Decrescente";"Céu Claro";"Simples";"Declive";"Não";4;0;1;1;2;0;2;3;-1,39915494;-47,55908083;"SPRF-PA";"DEL01-PA";"UOP02-DEL01-PA"
267263;2020-02-02;"domingo";"12:25:00";"RS";386;333;"MARQUES DE SOUZA";"Velocidade Incompatível";"Saída de leito carroçável";"Com Vítimas Feridas";"Pleno dia";"Decrescente";"Céu Claro";"Simples";"Curva";"Não";2;0;1;0;0;1;1;2;-29,371275;-52,062;"SPRF-RS";"DEL04-RS";"UOP01-DEL04-RS"
267264;2020-02-05;"quarta-feira";"08:50:00";"CE";116;495,3;"BREJO SANTO";"Defeito na Via";"Saída de leito carroçável";"Com Vítimas Feridas";"Pleno dia";"Crescente";"Nublado";"Simples";"Reta";"Não";2;0;1;0;0;1;1;2;-7,40167384;-38,96238817;"SPRF-CE";"DEL05-CE";"UOP03-DEL05-CE"
267265;2020-02-05;"quarta-feira";"10:15:00";"MS";158;99;"PARANAIBA";"Falta de Atenção à Condução";"Saída de leito carroçável";"Com Vítimas Feridas";"Pleno dia";"Crescente";"Céu Claro";"Simples";"Reta";"Sim";2;0;1;0;0;1;1;2;-19,70210533;-51,15879979;"SPRF-MS";"DEL08-MS";"UOP01-DEL08-MS"
267271;2020-02-05;"quarta-feira";"12:30:00";"SP";116;284;"ITAPECERICA DA SERRA";"Ingestão de Álcool";"Colisão traseira";"Com Vítimas Feridas";"Pleno dia";"Decrescente";"Nublado";"Dupla";"Reta";"Sim";4;0;1;0;2;2;1;4;-23,69998;-46,867767;"SPRF-SP";"DEL04-SP";"UOP01-DEL04-SP"
267273;2020-02-05;"quarta-feira";"10:30:00";"MA";10;247,1;"IMPERATRIZ";"Falta de Atenção à Condução";"Engavetamento";"Com Vítimas Feridas";"Pleno dia";"Crescente";"Sol";"Simples";"Reta";"Sim";6;0;2;0;4;0;2;4;-5,573772;-47,443893;"SPRF-MA";"DEL04-MA";"UOP01-DEL04-MA"
267274;2020-02-05;"quarta-feira";"13:20:00";"RS";470;155,6;"NOVA PRATA";"Mal Súbito";"Colisão frontal";"Com Vítimas Feridas";"Pleno dia";"Crescente";"Céu Claro";"Simples";"Curva";"Sim";2;0;0;1;1;0;1;2;-28,775727;-51,611836;"SPRF-RS";"DEL06-RS";"UOP02-DEL06-RS"
267275;2020-02-05;"quarta-feira";"12:10:00";"SC";101;195,4;"SAO JOSE";"Falta de Atenção à Condução";"Tombamento";"Com Vítimas Feridas";"Pleno dia";"Decrescente";"Garoa/Chuvisco";"Dupla";"Aclive";"Sim";3;0;1;0;1;1;1;3;-27,5047092;-48,65010819;"SPRF-SC";"DEL01-SC";"UOP01-DEL01-SC"
267279;2020-02-05;"quarta-feira";"09:30:00";"SC";101;260,3;"GAROPABA";"Carga excessiva e/ou mal acondicionada";"Saída de leito carroçável";"Sem Vítimas";"Pleno dia";"Crescente";"Garoa/Chuvisco";"Dupla";"Declive;Curva";"Não";2;0;0;0;1;1;0;2;-28,02107546;-48,7016201;"SPRF-SC";"DEL02-SC";"UOP03-DEL02-SC"
267280;2020-02-05;"quarta-feira";"10:40:00";"SC";282;495;"XANXERE";"Falta de Atenção à Condução";"Colisão lateral";"Com Vítimas Feridas";"Pleno dia";"Crescente";"Céu Claro";"Simples";"Aclive";"Não";6;0;4;0;1;1;4;3;-26,87149;-52,318768;"SPRF-SC";"DEL07-SC";"UOP01-DEL07-SC"
267288;2020-02-05;"quarta-feira";"12:15:00";"MG";381;335;"NOVA ERA";"Condutor Dormindo";"Colisão traseira";"Com Vítimas Feridas";"Pleno dia";"Crescente";"Céu Claro";"Simples";"Curva";"Não";6;0;5;0;1;0;5;2;-19,81700707;-43,06661887;"SPRF-MG";"DEL03-MG";"UOP01-DEL03-MG"
267291;2020-02-05;"quarta-feira";"12:30:00";"MT";70;165;"GENERAL CARNEIRO";"Falta de Atenção à Condução";"Tombamento";"Com Vítimas Feridas";"Pleno dia";"Decrescente";"Garoa/Chuvisco";"Simples";"Aclive";"Não";3;0;1;0;1;1;1;3;-15,58569184;-53,4867821;"SPRF-MT";"DEL05-MT";"UOP01-DEL05-MT"
267298;2020-02-05;"quarta-feira";"14:50:00";"SC";470;184,5;"POUSO REDONDO";"Defeito Mecânico no Veículo";"Colisão frontal";"Com Vítimas Fatais";"Pleno dia";"Crescente";"Nublado";"Simples";"Reta";"Não";3;1;1;0;0;2;1;4;-27,253036;-50,026642;"SPRF-SC";"DEL04-SC";"UOP02-DEL04-SC"
267306;2020-02-05;"quarta-feira";"12:10:00";"GO";153;227;"HIDROLINA";"Defeito na Via";"Saída de leito carroçável";"Com Vítimas Feridas";"Pleno dia";"Decrescente";"Sol";"Simples";"Declive";"Não";1;0;0;1;0;0;1;1;-14,740367;-49,245876;"SPRF-GO";"DEL07-GO";"UOP01-DEL07-GO"
267307;2020-02-05;"quarta-feira";"15:57:00";"SP";116;544,5;"BARRA DO TURVO";"Carga excessiva e/ou mal acondicionada";"Tombamento";"Com Vítimas Feridas";"Pleno dia";"Decrescente";"Garoa/Chuvisco";"Dupla";"Curva";"Não";2;0;1;0;0;1;1;2;-24,95781406;-48,42123049;"SPRF-SP";"DEL05-SP";"UOP02-DEL05-SP"
267311;2020-02-05;"quarta-feira";"12:40:00";"PR";369;115;"URAI";"Velocidade Incompatível";"Colisão frontal";"Com Vítimas Feridas";"Pleno dia";"Crescente";"Céu Claro";"Simples";"Curva";"Não";3;0;2;1;0;0;3;2;-23,27821437;-50,85884571;"SPRF-PR";"DEL07-PR";"UOP05-DEL07-PR"
267312;2020-02-01;"sábado";"09:30:00";"RO";364;456;"JARU";"Velocidade Incompatível";"Saída de leito carroçável";"Com Vítimas Feridas";"Pleno dia";"Crescente";"Céu Claro";"Simples";"Curva";"Não";2;0;1;0;0;2;1;3;-10,26727425;-62,69772512;"SPRF-RO";"DEL03-RO";"UOP02-DEL03-RO"
267315;2020-02-05;"quarta-feira";"12:00:00";"MG";116;3,3;"DIVISA ALEGRE";"Falta de Atenção à Condução";"Colisão traseira";"Com Vítimas Fatais";"Pleno dia";"Decrescente";"Céu Claro";"Simples";"Reta";"Sim";3;1;0;0;2;0;0;2;-15,72609196;-41,34372437;"SPRF-BA";"DEL08-BA";"UOP03-DEL08-BA"
267317;2020-02-05;"quarta-feira";"10:20:00";"PI";135;477,6;"MONTE ALEGRE DO PIAUI";"Defeito na Via";"Saída de leito carroçável";"Sem Vítimas";"Pleno dia";"Crescente";"Céu Claro";"Simples";"Curva";"Não";2;0;0;0;1;2;0;3;-9,65515996;-45,11052113;"SPRF-PI";"DEL03-PI";"UOP02-DEL03-PI"
267318;2020-02-05;"quarta-feira";"16:20:00";"GO";40;4,9;"VALPARAISO DE GOIAS";"Ingestão de Álcool";"Colisão traseira";"Sem Vítimas";"Pleno dia";"Crescente";"Céu Claro";"Dupla";"Reta";"Sim";2;0;0;0;2;0;0;2;-16,085241;-47,986752;"SPRF-DF";"DEL01-DF";"UOP01-DEL01-DF"
267321;2020-02-05;"quarta-feira";"12:50:00";"GO";60;383,5;"RIO VERDE";"Velocidade Incompatível";"Colisão com objeto estático";"Com Vítimas Feridas";"Pleno dia";"Crescente";"Chuva";"Dupla";"Declive";"Sim";7;0;1;0;4;6;1;11;-17,7845;-50,9002;"SPRF-GO";"DEL04-GO";"UOP01-DEL04-GO"