"id";"data_inversa";"dia_semana";"horario";"uf";"br";"km";"municipio";"causa_acidente";"tipo_acidente";"classificacao_acidente";"fase_dia";"sentido_via";"condicao_metereologica";"tipo_pista";"tracado_via";"uso_solo";"pessoas";"mortos";"feridos_leves";"feridos_graves";"ilesos";"ignorados";"feridos";"veiculos";"latitude";"longitude";"regional";"delegacia";"uop"
267322;2020-02-05;"quarta-feira";"15:30:00";"TO";153;220;"NOVA OLINDA";"Defeito Mecânico no Veículo";"Colisão com objeto estático";"Sem Vítimas";"Pleno dia";"Decrescente";"Chuva";"Simples";"Curva";"Não";1;0;0;0;1;0;0;1;-7,81874399;-48,45272586;"SPRF-TO";"DEL02-TO";"UOP01-DEL02-TO"
267323;2020-02-05;"quarta-feira";"16:05:00";"MG";116;265,6;"TEOFILO OTONI";"Desobediência às normas de trânsito pelo condutor";"Colisão transversal";"Com Vítimas Feridas";"Pleno dia";"Decrescente";"Céu Claro";"Simples";"Curva";"Não";2;0;0;1;1;0;1;2;-17,762903;-41,50256799;"SPRF-MG";"DEL11-MG";"UOP01-DEL11-MG"
267326;2020-02-05;"quarta-feira";"16:30:00";"SP";116;347;"MIRACATU";"Velocidade Incompatível";"Colisão com objeto estático";"Sem Vítimas";"Pleno dia";"Crescente";"Chuva";"Dupla";"Curva";"Não";2;0;0;0;1;2;0;3;-24,04699491;-47,19706111;"SPRF-SP";"DEL04-SP";"UOP02-DEL04-SP"
267328;2020-02-05;"quarta-feira";"17:30:00";"RN";304;38,4;"MOSSORO";"Desobediência às normas de trânsito pelo condutor";"Colisão lateral";"Com Vítimas Feridas";"Pleno dia";"Crescente";"Nublado";"Dupla";"Retorno Regulamentado";"Sim";3;0;1;0;1;2;1;4;-5,18138457;-37,36832252;"SPRF-RN";"DEL04-RN";"UOP02-DEL04-RN"
267329;2020-02-05;"quarta-feira";"17:05:00";"ES";101;142;"LINHARES";"Desobediência às normas de trânsito pelo condutor";"Colisão lateral";"Com Vítimas Feridas";"Pleno dia";"Decrescente";"Céu Claro";"Dupla";"Reta";"Não";2;0;1;0;1;0;1;2;-19,33458987;-40,06755477;"SPRF-ES";"DEL04-ES";"UOP01-DEL04-ES"
267332;2020-02-05;"quarta-feira";"13:26:00";"PR";369;115,7;"URAI";"Defeito Mecânico no Veículo";"Colisão traseira";"Sem Vítimas";"Pleno dia";"Crescente";"Céu Claro";"Simples";"Declive";"Não";4;0;0;0;3;1;0;4;-23,278142;-50,858411;"SPRF-PR";"DEL07-PR";"UOP05-DEL07-PR"
267337;2020-02-05;"quarta-feira";"17:15:00";"MG";40;593,1;"OURO PRETO";"Falta de Atenção à Condução";"Colisão lateral";"Sem Vítimas";"Pleno dia";"Crescente";"Nublado";"Dupla";"Curva;Em Obras;Aclive";"Não";5;0;0;0;4;1;0;3;-20,39511095;-43,90506506;"SPRF-MG";"DEL05-MG";"UOP02-DEL05-MG"
267339;2020-02-05;"quarta-feira";"14:45:00";"MG";153;78;"PRATA";"Velocidade Incompatível";"Saída de leito carroçável";"Com Vítimas Feridas";"Pleno dia";"Decrescente";"Chuva";"Simples";"Curva";"Não";2;0;0;1;0;1;1;2;-19,04800011;-49,01135859;"SPRF-MG";"DEL15-MG";"UOP03-DEL15-MG"
267340;2020-02-05;"quarta-feira";"17:50:00";"AL";101;149,9;"JEQUIA DA PRAIA";"Defeito Mecânico no Veículo";"Tombamento";"Sem Vítimas";"Anoitecer";"Crescente";"Nublado";"Dupla";"Aclive;Curva";"Não";2;0;0;0;1;1;0;2;-9,89402674;-36,14110191;"SPRF-AL";"DEL02-AL";"UOP02-DEL02-AL"
267345;2020-02-05;"quarta-feira";"17:54:00";"RR";401;1;"BOA VISTA";"Desobediência às normas de trânsito pelo condutor";"Colisão lateral";"Com Vítimas Feridas";"Pleno dia";"Crescente";"Céu Claro";"Múltipla";"Interseção de Vias";"Sim";3;0;1;0;1;1;1;3;2,80229396;-60,68243402;"SPRF-RR";"DEL01-RR";"UOP01-DEL01-RR"
267346;2020-02-05;"quarta-feira";"15:50:00";"MG";50;29;"ARAGUARI";"Defeito Mecânico no Veículo";"Saída de leito carroçável";"Com Vítimas Feridas";"Pleno dia";"Decrescente";"Céu Claro";"Dupla";"Curva";"Não";2;0;1;0;0;1;1;2;-18,62034416;-48,11087208;"SPRF-MG";"DEL15-MG";"UOP02-DEL15-MG"
267347;2020-02-05;"quarta-feira";"19:00:00";"PR";376;149;"PRESIDENTE CASTELO BRANCO";"Não guardar distância de segurança";"Colisão traseira";"Com Vítimas Feridas";"Plena Noite";"Decrescente";"Nublado";"Dupla";"Reta";"Não";3;0;0;2;1;0;2;2;-23,29627096;-52,11834898;"SPRF-PR";"DEL07-PR";"UOP01-DEL09-PR"
267349;2020-02-05;"quarta-feira";"17:38:00";"GO";153;500;"GOIANIA";"Falta de Atenção à Condução";"Colisão traseira";"Com Vítimas Feridas";"Pleno dia";"Crescente";"Nublado";"Dupla";"Reta";"Sim";5;0;1;0;4;0;1;4;-16,7118;-49,2324;"SPRF-GO";"DEL01-GO";"UOP01-DEL01-GO"
267360;2020-02-05;"quarta-feira";"14:40:00";"BA";407;146;"SENHOR DO BONFIM";"Falta de Atenção à Condução";"Colisão traseira";"Com Vítimas Feridas";"Pleno dia";"Decrescente";"Céu Claro";"Simples";"Reta";"Não";2;0;1;0;1;0;1;2;-10,62317103;-40,1310852;"SPRF-BA";"DEL04-BA";"UOP01-DEL04-BA"
267362;2020-02-05;"quarta-feira";"14:45:00";"PR";376;15;"MARINGA";"Velocidade Incompatível";"Derramamento de carga";"Sem Vítimas";"Pleno dia";"Decrescente";"Céu Claro";"Dupla";"Retorno Regulamentado;Declive";"Sim";2;0;0;0;1;1;0;2;-23,4273;-51,9375;"SPRF-PR";"DEL07-PR";"UOP01-DEL09-PR"
267365;2020-02-05;"quarta-feira";"20:30:00";"PB";230;457,4;"SOUSA";"Condutor Dormindo";"Saída de leito carroçável";"Com Vítimas Feridas";"Plena Noite";"Decrescente";"Céu Claro";"Simples";"Reta";"Não";1;0;1;0;0;0;1;1;-6,7784;-38,1731;"SPRF-PB";"DEL03-PB";"UOP03-DEL03-PB"
267366;2020-02-05;"quarta-feira";"20:30:00";"RN";110;28;"MOSSORO";"Defeito Mecânico no Veículo";"Colisão com objeto em movimento";"Com Vítimas Feridas";"Plena Noite";"Decrescente";"Nublado";"Simples";"Reta";"Não";3;0;0;2;1;0;2;2;-5,11077908;-37,20025281;"SPRF-RN";"DEL04-RN";"UOP01-DEL04-RN"
267368;2020-02-05;"quarta-feira";"15:00:00";"MS";158;75;"PARANAIBA";"Falta de Atenção à Condução";"Tombamento";"Sem Vítimas";"Pleno dia";"Crescente";"Nublado";"Simples";"Reta";"Não";3;0;0;0;2;2;0;3;-19,52779693;-51,2708249;"SPRF-MS";"DEL08-MS";"UOP01-DEL08-MS"
267369;2020-02-05;"quarta-feira";"18:30:00";"GO";60;34,3;"GOIANIA";"Desobediência às normas de trânsito pelo condutor";"Derramamento de carga";"Sem Vítimas";"Anoitecer";"Decrescente";"Céu Claro";"Dupla";"Reta";"Sim";2;0;0;0;1;1;0;2;-16,71579882;-49,35701251;"SPRF-GO";"DEL01-GO";"UOP02-DEL01-GO"
267370;2020-02-05;"quarta-feira";"18:40:00";"SP";153;62;"SAO JOSE DO RIO PRETO";"Falta de Atenção à Condução";"Colisão traseira";"Com Vítimas Feridas";"Anoitecer";"Crescente";"Nublado";"Dupla";"Aclive;Reta";"Sim";5;0;3;0;2;0;3;5;-20,81325404;-49,35675563;"SPRF-SP";"DEL09-SP";"UOP01-DEL09-SP"
267372;2020-02-05;"quarta-feira";"21:30:00";"SC";101;222;"PALHOCA";"Desobediência às normas de trânsito pelo condutor";"Colisão traseira";"Com Vítimas Feridas";"Plena Noite";"Decrescente";"Chuva";"Dupla";"Curva";"Não";4;0;1;0;3;0;1;3;-27,70865409;-48,65586407;"SPRF-SC";"DEL01-SC";"UOP02-DEL01-SC"
267385;2020-02-05;"quarta-feira";"23:00:00";"MG";40;562,4;"NOVA LIMA";"Condutor Dormindo";"Saída de leito carroçável";"Com Vítimas Feridas";"Plena Noite";"Crescente";"Nublado";"Dupla";"Curva";"Não";1;0;0;1;0;0;1;1;-20,14451602;-43,95966007;"SPRF-MG";"DEL01-MG";"UOP02-DEL01-MG"
267388;2020-02-05;"quarta-feira";"23:15:00";"PR";376;623;"SAO JOSE DOS PINHAIS";"Velocidade Incompatível";"Colisão traseira";"Com Vítimas Feridas";"Plena Noite";"Decrescente";"Garoa/Chuvisco";"Dupla";"Reta";"Não";9;0;5;0;3;1;5;4;-25,63462416;-49,16182135;"SPRF-PR";"DEL01-PR";"UOP01-DEL01-PR"
267389;2020-02-05;"quarta-feira";"23:00:00";"RR";401;90;"BONFIM";"Animais na Pista";"Atropelamento de Animal";"Com Vítimas Feridas";"Plena Noite";"Crescente";"Céu Claro";"Simples";"Reta";"Não";2;0;1;0;1;0;1;1;3,26083282;-60,08323298;"SPRF-RR";"DEL01-RR";"UOP01-DEL01-RR"
267390;2020-02-05;"quarta-feira";"22:00:00";"SC";282;512;"XANXERE";"Desobediência às normas de trânsito pelo condutor";"Colisão traseira";"Sem Vítimas";"Plena Noite";"Decrescente";"Céu Claro";"Simples";"Reta";"Não";5;0;0;0;3;2;0;3;-26,910799;-52,472099;"SPRF-SC";"DEL07-SC";"UOP01-DEL07-SC"
267403;2020-02-05;"quarta-feira";"23:15:00";"MA";222;671;"ACAILANDIA";"Ingestão de Álcool";"Colisão frontal";"Com Vítimas Feridas";"Plena Noite";"Decrescente";"Chuva";"Simples";"Declive";"Sim";3;0;1;0;1;1;1;3;-4,94422317;-47,47114062;"SPRF-MA";"DEL04-MA";"UOP03-DEL04-MA"
267406;2020-02-06;"quinta-feira";"00:47:00";"SP";116;140,9;"SAO JOSE DOS CAMPOS";"Desobediência às normas de trânsito pelo condutor";"Colisão lateral";"Com Vítimas Feridas";"Plena Noite";"Decrescente";"Chuva";"Dupla";"Reta";"Sim";4;0;1;0;2;2;1;5;-23,16577714;-45,81246193;"SPRF-SP";"DEL06-SP";"UOP01-DEL06-SP"
267410;2020-02-05;"quarta-feira";"15:30:00";"MT";70;340;"DOM AQUINO";"Ultrapassagem Indevida";"Colisão frontal";"Com Vítimas Fatais";"Pleno dia";"Crescente";"Nublado";"Simples";"Reta";"Não";3;1;1;0;0;1;1;3;-15,53082268;-54,79494207;"SPRF-MT";"DEL05-MT";"UOP01-DEL05-MT"
267415;2020-02-06;"quinta-feira";"05:30:00";"ES";101;168;"LINHARES";"Condutor Dormindo";"Tombamento";"Com Vítimas Feridas";"Amanhecer";"Crescente";"Chuva";"Simples";"Reta";"Não";2;0;1;0;0;2;1;3;-19,53475892;-40,15759511;"SPRF-ES";"DEL04-ES";"UOP01-DEL04-ES"
267422;2020-02-05;"quarta-feira";"09:50:00";"SC";101;44;"JOINVILLE";"Falta de Atenção à Condução";"Colisão traseira";"Com Vítimas Feridas";"Pleno dia";"Decrescente";"Chuva";"Simples";"Reta";"Sim";3;0;1;0;2;0;1;2;-26,31238996;-48,87458997;"SPRF-SC";"DEL03-SC";"UOP01-DEL03-SC"
267423;2020-02-05;"quarta-feira";"23:10:00";"MG";116;269,2;"TEOFILO OTONI";"Velocidade Incompatível";"Tombamento";"Com Vítimas Feridas";"Plena Noite";"Crescente";"Céu Claro";"Simples";"Curva";"Não";1;0;1;0;0;0;1;1;-17,79508603;-41,50201207;"SPRF-MG";"DEL11-MG";"UOP01-DEL11-MG"
267424;2020-02-05;"quarta-feira";"23:40:00";"MG";267;242;"SERITINGA";"Velocidade Incompatível";"Colisão frontal";"Com Vítimas Fatais";"Plena Noite";"Crescente";"Chuva";"Simples";"Curva";"Não";6;4;1;0;1;0;1;2;-21,91991284;-44,42208207;"SPRF-MG";"DEL05-MG";"UOP01-DEL17-MG"
267429;2020-02-06;"quinta-feira";"06:20:00";"GO";153;663;"GOIATUBA";"Velocidade Incompatível";"Colisão traseira";"Com Vítimas Fatais";"Amanhecer";"Decrescente";"Nublado";"Dupla";"Reta";"Não";3;1;0;0;1;1;0;3;-18,0812;-49,271;"SPRF-GO";"DEL03-GO";"UOP02-DEL03-GO"
267431;2020-02-05;"quarta-feira";"18:37:00";"PR";277;309,2;"GUARAPUAVA";"Falta de Atenção à Condução";"Colisão traseira";"Sem Vítimas";"Pleno dia";"Decrescente";"Céu Claro";"Simples";"Curva;Declive";"Não";2;0;0;0;1;1;0;2;-25,307639;-51,209945;"SPRF-PR";"DEL03-PR";"UOP01-DEL08-PR"
267432;2020-02-06;"quinta-feira";"07:30:00";"GO";153;498,6;"GOIANIA";"Não guardar distância de segurança";"Colisão traseira";"Com Vítimas Feridas";"Pleno dia";"Crescente";"Chuva";"Dupla";"Aclive";"Sim";4;0;1;0;2;2;1;5;-16,6939;-49,2321;"SPRF-GO";"DEL01-GO";"UOP01-DEL01-GO"
267440;2020-02-06;"quinta-feira";"07:45:00";"RJ";40;112;"DUQUE DE CAXIAS";"Falta de Atenção à Condução";"Colisão lateral";"Sem Vítimas";"Pleno dia";"Decrescente";"Céu Claro";"Múltipla";"Reta";"Sim";4;0;0;0;3;1;0;4;-22,69521448;-43,28851476;"SPRF-RJ";"DEL01-RJ";"UOP01-DEL01-RJ"
267446;2020-02-06;"quinta-feira";"06:50:00";"SC";280;139;"RIO NEGRINHO";"Não guardar distância de segurança";"Colisão traseira";"Com Vítimas Feridas";"Pleno dia";"Crescente";"Céu Claro";"Simples";"Reta";"Não";4;0;2;0;1;1;2;3;-26,254826;-49,603124;"SPRF-SC";"DEL06-SC";"UOP03-DEL06-SC"
267450;2020-02-06;"quinta-feira";"07:45:00";"SC";101;217;"PALHOCA";"Falta de Atenção à Condução";"Engavetamento";"Com Vítimas Feridas";"Pleno dia";"Decrescente";"Chuva";"Múltipla";"Aclive";"Não";5;0;2;0;2;2;2;5;-27,66779034;-48,67393586;"SPRF-SC";"DEL01-SC";"UOP02-DEL01-SC"
267456;2020-02-06;"quinta-feira";"08:35:00";"PR";476;142;"CURITIBA";"Não guardar distância de segurança";"Colisão traseira";"Com Vítimas Feridas";"Pleno dia";"Decrescente";"Nublado";"Dupla";"Reta";"Sim";2;0;1;0;1;0;1;2;-25,537161;-49,301632;"SPRF-PR";"DEL01-PR";"UOP03-DEL01-PR"
267457;2020-02-06;"quinta-feira";"09:20:00";"SC";470;163;"POUSO REDONDO";"Desobediência às normas de trânsito pelo condutor";"Colisão lateral";"Com Vítimas Feridas";"Pleno dia";"Crescente";"Nublado";"Simples";"Reta";"Não";3;0;1;0;1;1;1;3;-27,278976;-49,825996;"SPRF-SC";"DEL04-SC";"UOP02-DEL04-SC"
267458;2020-02-06;"quinta-feira";"08:15:00";"SC";282;385;"JOACABA";"Defeito Mecânico no Veículo";"Saída de leito carroçável";"Com Vítimas Feridas";"Pleno dia";"Crescente";"Sol";"Simples";"Declive";"Não";1;0;1;0;0;0;1;1;-27,194431;-51,515869;"SPRF-SC";"DEL07-SC";"UOP05-DEL07-SC"
267460;2020-02-06;"quinta-feira";"08:00:00";"SC";101;44,5;"JOINVILLE";"Falta de Atenção à Condução";"Saída de leito carroçável";"Com Vítimas Feridas";"Pleno dia";"Decrescente";"Chuva";"Dupla";"Reta";"Sim";3;0;1;0;1;1;1;2;-26,31238996;-48,87458997;"SPRF-SC";"DEL03-SC";"UOP01-DEL03-SC"
267464;2020-02-06;"quinta-feira";"09:40:00";"RJ";493;26;"MAGE";"Falta de Atenção à Condução";"Tombamento";"Com Vítimas Feridas";"Pleno dia";"Crescente";"Nublado";"Simples";"Curva";"Sim";2;0;2;0;0;0;2;1;-22,65667;-43,088413;"SPRF-RJ";"DEL04-RJ";"UOP02-DEL04-RJ"
267469;2020-02-06;"quinta-feira";"10:10:00";"CE";20;416;"MARACANAU";"Falta de Atenção à Condução";"Colisão traseira";"Com Vítimas Feridas";"Pleno dia";"Decrescente";"Nublado";"Dupla";"Reta";"Sim";2;0;0;1;1;0;1;2;-3,76999035;-38,67006282;"SPRF-CE";"DEL01-CE";"UOP02-DEL01-CE"
267473;2020-02-06;"quinta-feira";"10:25:00";"PR";277;725,3;"FOZ DO IGUACU";"Falta de Atenção à Condução";"Colisão traseira";"Sem Vítimas";"Pleno dia";"Crescente";"Céu Claro";"Dupla";"Reta";"Sim";2;0;0;0;2;0;0;2;-25,50823541;-54,54619865;"SPRF-PR";"DEL05-PR";"UOP03-DEL05-PR"
267474;2020-02-06;"quinta-feira";"10:30:00";"BA";116;417;"FEIRA DE SANTANA";"Desobediência às normas de trânsito pelo condutor";"Colisão transversal";"Com Vítimas Feridas";"Pleno dia";"Decrescente";"Céu Claro";"Simples";"Reta";"Sim";2;0;0;1;1;0;1;2;-12,18689329;-38,96526575;"SPRF-BA";"DEL02-BA";"UOP01-DEL02-BA"
267477;2020-02-06;"quinta-feira";"10:30:00";"PR";376;497,3;"PONTA GROSSA";"Falta de Atenção à Condução";"Colisão lateral";"Com Vítimas Feridas";"Pleno dia";"Crescente";"Céu Claro";"Dupla";"Reta";"Sim";4;0;1;2;1;0;3;2;-25,14709105;-50,15037775;"SPRF-PR";"DEL03-PR";"UOP04-DEL03-PR"
267480;2020-02-06;"quinta-feira";"09:15:00";"RJ";40;123;"DUQUE DE CAXIAS";"Falta de Atenção à Condução";"Colisão transversal";"Sem Vítimas";"Pleno dia";"Decrescente";"Nublado";"Dupla";"Curva";"Sim";3;0;0;0;2;1;0;3;-22,79907687;-43,29015739;"SPRF-RJ";"DEL01-RJ";"UOP01-DEL01-RJ"
267481;2020-02-06;"quinta-feira";"11:40:00";"SC";101;191;"BIGUACU";"Falta de Atenção à Condução";"Colisão com objeto estático";"Com Vítimas Feridas";"Pleno dia";"Decrescente";"Chuva";"Dupla";"Curva";"Sim";2;0;1;0;1;0;1;2;-27,47730273;-48,64127329;"SPRF-SC";"DEL01-SC";"UOP01-DEL01-SC"
267483;2020-01-26;"domingo";"06:45:00";"MG";381;340;"BELA VISTA DE MINAS";"Condutor Dormindo";"Saída de leito carroçável";"Com Vítimas Feridas";"Amanhecer";"Crescente";"Nublado";"Simples";"Curva";"Não";2;0;1;0;0;1;1;2;-19,84087497;-43,09635354;"SPRF-MG";"DEL03-MG";"UOP01-DEL03-MG"
267486;2020-02-06;"quinta-feira";"11:20:00";"RS";386;440;"CANOAS";"Falta de Atenção à Condução";"Colisão traseira";"Sem Vítimas";"Pleno dia";"Decrescente";"Céu Claro";"Dupla";"Reta";"Sim";4;0;0;0;4;0;0;4;-29,878265;-51,241951;"SPRF-RS";"DEL04-RS";"UOP02-DEL04-RS"
267487;2020-02-06;"quinta-feira";"12:00:00";"SC";101;204;"SAO JOSE";"Falta de Atenção à Condução";"Colisão lateral";"Com Vítimas Feridas";"Pleno dia";"Crescente";"Chuva";"Dupla";"Reta";"Sim";2;0;1;0;1;0;1;2;-27,5650044;-48,61460082;"SPRF-SC";"DEL01-SC";"UOP01-DEL01-SC"
267489;2020-02-06;"quinta-feira";"12:00:00";"MG";40;726;"OLIVEIRA FORTES";"Velocidade Incompatível";"Tombamento";"Com Vítimas Feridas";"Pleno dia";"Crescente";"Chuva";"Dupla";"Reta";"Não";2;0;0;1;0;1;1;2;-21,31059847;-43,60380204;"SPRF-MG";"DEL05-MG";"UOP01-DEL05-MG"
267492;2020-02-06;"quinta-feira";"12:00:00";"RS";448;11;"CANOAS";"Falta de Atenção à Condução";"Colisão traseira";"Com Vítimas Feridas";"Pleno dia";"Decrescente";"Céu Claro";"Múltipla";"Reta";"Não";7;0;1;0;5;1;1;3;-29,909166;-51,241253;"SPRF-RS";"DEL01-RS";"UOP01-DEL01-RS"
267495;2020-02-06;"quinta-feira";"12:40:00";"GO";158;274;"JATAI";"Falta de Atenção à Condução";"Danos eventuais";"Sem Vítimas";"Pleno dia";"Crescente";"Sol";"Simples";"Aclive";"Sim";1;0;0;0;0;1;0;1;-17,9067376;-51,7260411;"SPRF-GO";"DEL05-GO";"UOP01-DEL05-GO"
267501;2020-02-06;"quinta-feira";"11:20:00";"PB";0;0;"QUEIMADAS";"Sinalização da via insuficiente ou inadequada";"Colisão lateral";"Sem Vítimas";"Pleno dia";"Não Informado";"Sol";"Simples";"Interseção de Vias";"Sim";2;0;0;0;2;0;0;2;-7,36116095;-35,90230617;"SPRF-PB";"DEL02-PB";"UOP01-DEL02-PB"
267513;2020-02-06;"quinta-feira";"11:20:00";"MT";364;458;"VARZEA GRANDE";"Velocidade Incompatível";"Saída de leito carroçável";"Sem Vítimas";"Pleno dia";"Crescente";"Chuva";"Simples";"Curva";"Não";2;0;0;0;1;1;0;2;-15,54445596;-56,27418792;"SPRF-MT";"DEL01-MT";"DEL2/4-UOP02/MT"
267514;2020-02-06;"quinta-feira";"14:30:00";"MG";40;456;"SETE LAGOAS";"Pista Escorregadia";"Saída de leito carroçável";"Com Vítimas Feridas";"Pleno dia";"Decrescente";"Chuva";"Dupla";"Reta";"Não";2;0;1;0;0;1;1;2;-19,36312782;-44,33978478;"SPRF-MG";"DEL02-MG";"UOP01-DEL02-MG"
267517;2020-02-06;"quinta-feira";"14:50:00";"RS";386;136,1;"SARANDI";"Ultrapassagem Indevida";"Colisão frontal";"Com Vítimas Feridas";"Pleno dia";"Decrescente";"Céu Claro";"Simples";"Curva";"Não";2;0;0;1;1;0;1;2;-27,968201;-52,90752;"SPRF-RS";"DEL08-RS";"UOP01-DEL08-RS"
267519;2020-02-06;"quinta-feira";"15:10:00";"PR";376;442;"TIBAGI";"Falta de Atenção à Condução";"Colisão traseira";"Com Vítimas Feridas";"Pleno dia";"Decrescente";"Nublado";"Dupla";"Reta";"Não";4;0;0;2;1;2;2;4;-24,87403606;-50,44307371;"SPRF-PR";"DEL03-PR";"UOP02-DEL03-PR"
267520;2020-02-06;"quinta-feira";"15:11:00";"RN";101;54,8;"CEARA-MIRIM";"Defeito na Via";"Colisão traseira";"Com Vítimas Feridas";"Pleno dia";"Crescente";"Sol";"Simples";"Reta";"Não";2;0;2;0;0;0;2;2;-5,56058456;-35,3007275;"SPRF-RN";"DEL02-RN";"UOP01-DEL02-RN"
267521;2020-02-06;"quinta-feira";"14:20:00";"SC";282;583;"PINHALZINHO";"Falta de Atenção à Condução";"Engavetamento";"Sem Vítimas";"Pleno dia";"Crescente";"Chuva";"Simples";"Reta";"Não";5;0;0;0;5;0;0;3;-26,83153855;-53,01727295;"SPRF-SC";"DEL07-SC";"UOP02-DEL07-SC"
267523;2020-02-06;"quinta-feira";"13:15:00";"DF";80;19,8;"BRASILIA";"Não guardar distância de segurança";"Colisão traseira";"Com Vítimas Feridas";"Pleno dia";"Crescente";"Chuva";"Dupla";"Reta;Aclive";"Sim";4;0;1;0;3;0;1;2;-15,675205;-48,204636;"SPRF-DF";"DEL01-DF";"UOP02-DEL03-DF"
267538;2020-02-06;"quinta-feira";"10:50:00";"MG";381;697;"LAVRAS";"Velocidade Incompatível";"Colisão com objeto estático";"Com Vítimas Feridas";"Pleno dia";"Crescente";"Chuva";"Dupla";"Curva";"Não";2;0;1;0;0;1;1;2;-21,29043096;-45,14791909;"SPRF-MG";"DEL04-MG";"UOP02-DEL04-MG"
267543;2020-02-06;"quinta-feira";"15:45:00";"MG";262;388;"FLORESTAL";"Velocidade Incompatível";"Colisão traseira";"Com Vítimas Feridas";"Pleno dia";"Decrescente";"Chuva";"Dupla";"Curva";"Sim";3;0;1;1;1;0;2;2;-19,91800076;-44,49522972;"SPRF-MG";"DEL01-MG";"UOP03-DEL01-MG"
267548;2020-02-06;"quinta-feira";"15:35:00";"PR";277;37;"MORRETES";"Desobediência às normas de trânsito pelo condutor";"Colisão com objeto estático";"Sem Vítimas";"Pleno dia";"Decrescente";"Céu Claro";"Múltipla";"Declive";"Não";2;0;0;0;1;1;0;2;-25,57472171;-48,85121226;"SPRF-PR";"DEL01-PR";"UOP05-DEL01-PR"
267549;2020-02-06;"quinta-feira";"11:25:00";"MG";381;670;"PERDOES";"Condutor Dormindo";"Tombamento";"Sem Vítimas";"Pleno dia";"Decrescente";"Céu Claro";"Dupla";"Reta";"Não";2;0;0;0;1;1;0;2;-21,08238495;-45,06246807;"SPRF-MG";"DEL04-MG";"UOP02-DEL04-MG"
267550;2020-02-06;"quinta-feira";"17:10:00";"SC";282;213,8;"LAGES";"Velocidade Incompatível";"Colisão traseira";"Com Vítimas Feridas";"Pleno dia";"Crescente";"Chuva";"Simples";"Reta";"Não";6;0;3;1;2;0;4;2;-27,785299;-50,261921;"SPRF-SC";"DEL05-SC";"UOP01-DEL05-SC"
267555;2020-02-06;"quinta-feira";"17:40:00";"GO";60;111,5;"GOIANAPOLIS";"Falta de Atenção à Condução";"Colisão traseira";"Com Vítimas Feridas";"Pleno dia";"Decrescente";"Céu Claro";"Dupla";"Curva";"Não";3;0;0;1;1;1;1;3;-16,451;-49,0409;"SPRF-GO";"DEL01-GO";"UOP01-DEL01-GO"
267561;2020-02-06;"quinta-feira";"12:45:00";"MG";381;548,5;"RIO MANSO";"Velocidade Incompatível";"Saída de leito carroçável";"Sem Vítimas";"Pleno dia";"Crescente";"Chuva";"Dupla";"Aclive;Curva";"Não";2;0;0;0;1;1;0;2;-20,3102109;-44,44993116;"SPRF-MG";"DEL04-MG";"UOP03-DEL04-MG"
267563;2020-02-06;"quinta-feira";"18:40:00";"RS";116;493,9;"PELOTAS";"Falta de Atenção à Condução";"Atropelamento de Pedestre";"Com Vítimas Feridas";"Pleno dia";"Crescente";"Céu Claro";"Dupla";"Reta";"Não";2;0;1;0;1;0;1;2;-31,49556917;-52,21614164;"SPRF-RS";"DEL07-RS";"UOP01-DEL07-RS"
267564;2020-02-06;"quinta-feira";"13:10:00";"PE";232;440,3;"SERRA TALHADA";"Desobediência às normas de trânsito pelo condutor";"Tombamento";"Com Vítimas Feridas";"Pleno dia";"Crescente";"Céu Claro";"Simples";"Curva";"Não";4;0;2;0;1;1;2;2;-8,01241443;-38,55922197;"SPRF-PE";"DEL04-PE";"UOP01-DEL04-PE"
267601;2020-02-06;"quinta-feira";"16:45:00";"PA";10;258;"AURORA DO PARA";"Velocidade Incompatível";"Tombamento";"Sem Vítimas";"Pleno dia";"Crescente";"Nublado";"Simples";"Reta";"Não";3;0;0;0;2;3;0;5;-2,17743999;-47,56125477;"SPRF-PA";"DEL02-PA";"UOP01-DEL02-PA"
267610;2020-02-06;"quinta-feira";"19:00:00";"PB";101;98;"CONDE";"Desobediência às normas de trânsito pelo condutor";"Colisão transversal";"Sem Vítimas";"Plena Noite";"Decrescente";"Céu Claro";"Dupla";"Reta";"Sim";6;0;0;0;2;4;0;4;-7,24692282;-34,93113937;"SPRF-PB";"DEL01-PB";"UOP01-DEL01-PB"
267611;2020-02-06;"quinta-feira";"16:00:00";"GO";452;85,4;"BOM JESUS DE GOIAS";"Falta de Atenção à Condução";"Colisão transversal";"Com Vítimas Feridas";"Pleno dia";"Decrescente";"Céu Claro";"Simples";"Reta";"Não";4;0;2;0;1;1;2;3;-18,07841;-50,131283;"SPRF-GO";"DEL03-GO";"UOP02-DEL03-GO"
267613;2020-02-06;"quinta-feira";"16:50:00";"MG";381;432,9;"SABARA";"Pista Escorregadia";"Colisão lateral";"Com Vítimas Feridas";"Pleno dia";"Decrescente";"Chuva";"Simples";"Curva";"Sim";7;0;4;0;2;2;4;7;-19,78645693;-43,71367157;"SPRF-MG";"DEL01-MG";"UOP01-DEL01-MG"
267614;2020-02-06;"quinta-feira";"15:30:00";"MA";226;516,2;"LAJEADO NOVO";"Defeito na Via";"Colisão traseira";"Com Vítimas Feridas";"Pleno dia";"Crescente";"Céu Claro";"Simples";"Reta";"Não";7;0;5;0;1;4;5;7;-6,1482237;-46,94095503;"SPRF-MA";"DEL04-MA";"UOP02-DEL04-MA"