"id";"data_inversa";"dia_semana";"horario";"uf";"br";"km";"municipio";"causa_acidente";"tipo_acidente";"classificacao_acidente";"fase_dia";"sentido_via";"condicao_metereologica";"tipo_pista";"tracado_via";"uso_solo";"pessoas";"mortos";"feridos_leves";"feridos_graves";"ilesos";"ignorados";"feridos";"veiculos";"latitude";"longitude";"regional";"delegacia";"uop"
267943;2020-02-08;"sábado";"02:30:00";"PI";343;456,7;"SAO PEDRO DO PIAUI";"Objeto estático sobre o leito carroçável";"Colisão transversal";"Com Vítimas Feridas";"Plena Noite";"Crescente";"Céu Claro";"Simples";"Reta";"Não";5;0;1;1;3;0;2;2;-5,95983;-42,727412;"SPRF-PI";"DEL01-PI";"UOP02-DEL01-PI"
267946;2020-02-08;"sábado";"04:45:00";"MS";267;430;"MARACAJU";"Falta de Atenção à Condução";"Saída de leito carroçável";"Com Vítimas Feridas";"Amanhecer";"Crescente";"Céu Claro";"Simples";"Reta";"Não";1;0;1;0;0;0;1;1;-21,532564;-55,726698;"SPRF-MS";"DEL05-MS";"UOP01-DEL05-MS"
267951;2020-02-08;"sábado";"04:30:00";"BA";116;802,1;"VITORIA DA CONQUISTA";"Velocidade Incompatível";"Saída de leito carroçável";"Com Vítimas Feridas";"Plena Noite";"Crescente";"Garoa/Chuvisco";"Simples";"Reta";"Não";2;0;1;0;0;12;1;13;-14,75529534;-40,68752289;"SPRF-BA";"DEL08-BA";"UOP01-DEL08-BA"
267952;2020-02-08;"sábado";"05:19:00";"AC";317;256;"EPITACIOLANDIA";"Defeito na Via";"Tombamento";"Com Vítimas Feridas";"Amanhecer";"Crescente";"Nublado";"Simples";"Em Obras";"Não";2;0;1;0;0;2;1;3;-10,86250508;-68,49198381;"SPRF-AC";"DEL01-AC";"UOP02-DEL01-AC"
267957;2020-02-08;"sábado";"04:40:00";"MA";135;31;"BACABEIRA";"Desobediência às normas de trânsito pelo condutor";"Colisão traseira";"Com Vítimas Feridas";"Amanhecer";"Decrescente";"Chuva";"Simples";"Reta";"Não";7;0;5;1;1;0;6;2;-2,81307801;-44,37432281;"SPRF-MA";"DEL01-MA";"UOP01-DEL01-MA"
267967;2020-02-08;"sábado";"08:15:00";"PR";376;502;"PONTA GROSSA";"Ingestão de Álcool";"Colisão traseira";"Sem Vítimas";"Pleno dia";"Crescente";"Sol";"Dupla";"Aclive";"Sim";3;0;0;0;2;1;0;2;-25,21604594;-50,05797693;"SPRF-PR";"DEL03-PR";"UOP04-DEL03-PR"
267981;2020-02-08;"sábado";"10:40:00";"MG";262;195,9;"JOAO MONLEVADE";"Desobediência às normas de trânsito pelo condutor";"Colisão lateral";"Com Vítimas Feridas";"Pleno dia";"Crescente";"Céu Claro";"Simples";"Interseção de Vias";"Não";3;0;1;0;1;1;1;3;-19,86091337;-43,11662978;"SPRF-MG";"DEL03-MG";"UOP01-DEL03-MG"
267984;2020-02-08;"sábado";"04:50:00";"GO";153;577;"PROFESSOR JAMIL";"Defeito na Via";"Saída de leito carroçável";"Sem Vítimas";"Amanhecer";"Decrescente";"Chuva";"Dupla";"Reta";"Não";2;0;0;0;1;1;0;2;-17,362;-49,2477;"SPRF-GO";"DEL03-GO";"UOP01-DEL03-GO"
268017;2020-02-08;"sábado";"13:55:00";"RJ";116;142;"DUQUE DE CAXIAS";"Falta de Atenção à Condução";"Colisão traseira";"Com Vítimas Fatais";"Pleno dia";"Crescente";"Céu Claro";"Dupla";"Reta";"Sim";3;1;0;1;1;0;1;2;-22,64876087;-43,23031638;"SPRF-RJ";"DEL04-RJ";"UOP02-DEL04-RJ"
268025;2020-02-08;"sábado";"12:00:00";"BA";101;51;"ENTRE RIOS";"Falta de Atenção à Condução";"Danos eventuais";"Sem Vítimas";"Pleno dia";"Decrescente";"Céu Claro";"Simples";"Reta";"Não";2;0;0;0;1;1;0;2;-11,92234992;-38,04889234;"SPRF-BA";"DEL01-BA";"UOP04-DEL01-BA"
268027;2020-02-08;"sábado";"15:40:00";"PR";376;494,8;"PONTA GROSSA";"Condutor Dormindo";"Colisão traseira";"Com Vítimas Feridas";"Pleno dia";"Crescente";"Sol";"Dupla";"Aclive";"Sim";3;0;1;0;1;2;1;4;-25,16566955;-50,11640967;"SPRF-PR";"DEL03-PR";"UOP04-DEL03-PR"
268040;2020-02-08;"sábado";"17:05:00";"SC";101;116;"ITAJAI";"Falta de Atenção à Condução";"Colisão com objeto estático";"Com Vítimas Feridas";"Pleno dia";"Decrescente";"Céu Claro";"Dupla";"Reta";"Não";2;0;1;0;0;1;1;2;-26,87905605;-48,72603512;"SPRF-SC";"DEL04-SC";"UOP04-DEL04-SC"
268066;2020-02-08;"sábado";"19:00:00";"MG";381;945,8;"EXTREMA";"Falta de Atenção à Condução";"Colisão traseira";"Com Vítimas Feridas";"Anoitecer";"Crescente";"Céu Claro";"Dupla";"Curva";"Não";2;0;1;0;0;1;1;2;-22,85893527;-46,33882083;"SPRF-MG";"DEL16-MG";"UOP03-DEL16-MG"
268079;2020-02-08;"sábado";"18:00:00";"SP";116;506;"CAJATI";"Condutor Dormindo";"Tombamento";"Com Vítimas Feridas";"Anoitecer";"Crescente";"Céu Claro";"Simples";"Curva;Aclive";"Não";4;0;1;0;2;1;1;2;-24,79704815;-48,2145174;"SPRF-SP";"DEL05-SP";"UOP02-DEL05-SP"
268102;2020-02-08;"sábado";"19:30:00";"MA";135;72;"MIRANDA DO NORTE";"Falta de Atenção à Condução";"Colisão frontal";"Com Vítimas Fatais";"Plena Noite";"Crescente";"Garoa/Chuvisco";"Simples";"Reta";"Sim";3;2;0;0;1;0;0;2;-3,57237851;-44,58102055;"SPRF-MA";"DEL01-MA";"UOP02-DEL01-MA"
268117;2020-02-08;"sábado";"11:45:00";"PR";116;163;"QUITANDINHA";"Condutor Dormindo";"Colisão traseira";"Com Vítimas Feridas";"Plena Noite";"Decrescente";"Nublado";"Simples";"Reta";"Não";5;0;2;0;2;1;2;3;-25,86442035;-49,41795105;"SPRF-PR";"DEL01-PR";"UOP03-DEL01-PR"
268122;2020-02-08;"sábado";"23:32:00";"PE";232;122,2;"CARUARU";"Animais na Pista";"Atropelamento de Animal";"Sem Vítimas";"Plena Noite";"Decrescente";"Céu Claro";"Dupla";"Reta";"Não";1;0;0;0;1;0;0;1;-8,30217741;-35,91946793;"SPRF-PE";"DEL02-PE";"UOP03-DEL02-PE"
268125;2020-02-08;"sábado";"23:52:00";"PE";232;120,9;"CARUARU";"Falta de Atenção à Condução";"Colisão lateral";"Sem Vítimas";"Plena Noite";"Decrescente";"Céu Claro";"Dupla";"Reta";"Não";2;0;0;0;1;1;0;2;-8,29826697;-35,90192301;"SPRF-PE";"DEL02-PE";"UOP03-DEL02-PE"
268134;2020-02-09;"domingo";"02:00:00";"GO";364;172;"JATAI";"Ingestão de Álcool";"Saída de leito carroçável";"Sem Vítimas";"Plena Noite";"Crescente";"Nublado";"Simples";"Reta";"Não";1;0;0;0;1;0;0;1;-18,015284;-51,55648;"SPRF-GO";"DEL05-GO";"UOP01-DEL05-GO"
268143;2020-02-09;"domingo";"03:15:00";"CE";222;67,5;"SAO GONCALO DO AMARANTE";"Ingestão de Álcool";"Colisão lateral";"Sem Vítimas";"Plena Noite";"Crescente";"Céu Claro";"Simples";"Reta";"Não";2;0;0;0;2;0;0;2;-3,670898;-39,143053;"SPRF-CE";"DEL01-CE";"UOP03-DEL01-CE"
268148;2020-02-09;"domingo";"01:30:00";"MG";116;89,5;"MEDINA";"Velocidade Incompatível";"Capotamento";"Com Vítimas Feridas";"Plena Noite";"Decrescente";"Nublado";"Simples";"Curva";"Não";2;0;2;0;0;0;2;1;-16,342478;-41,476151;"SPRF-MG";"DEL11-MG";"UOP02-DEL11-MG"
268154;2020-02-05;"quarta-feira";"21:40:00";"RJ";101;311;"SAO GONCALO";"Falta de Atenção à Condução";"Engavetamento";"Com Vítimas Feridas";"Plena Noite";"Crescente";"Chuva";"Dupla";"Reta";"Sim";6;0;1;0;4;1;1;6;-22,80062246;-43,05318779;"SPRF-RJ";"DEL02-RJ";"UOP02-DEL02-RJ"
268166;2020-02-09;"domingo";"06:40:00";"SC";101;138;"BALNEARIO CAMBORIU";"Falta de Atenção à Condução";"Tombamento";"Com Vítimas Feridas";"Amanhecer";"Crescente";"Céu Claro";"Simples";"Curva";"Não";1;0;0;1;0;0;1;1;-27,02397426;-48,60761649;"SPRF-SC";"DEL04-SC";"UOP03-DEL04-SC"
268172;2020-02-09;"domingo";"07:55:00";"MG";381;487,5;"BETIM";"Falta de Atenção à Condução";"Colisão lateral";"Com Vítimas Feridas";"Pleno dia";"Crescente";"Nublado";"Dupla";"Curva";"Sim";6;0;4;0;1;2;4;4;-19,95586853;-44,14609501;"SPRF-MG";"DEL01-MG";"UOP03-DEL01-MG"
268173;2020-02-09;"domingo";"07:25:00";"MG";381;274;"JAGUARACU";"Falta de Atenção à Condução";"Saída de leito carroçável";"Com Vítimas Feridas";"Pleno dia";"Crescente";"Nublado";"Simples";"Curva";"Não";2;0;1;0;0;2;1;3;-19,57460683;-42,71801809;"SPRF-MG";"DEL03-MG";"UOP02-DEL03-MG"
268181;2020-02-09;"domingo";"09:20:00";"SP";153;75,6;"BADY BASSITT";"Não guardar distância de segurança";"Colisão lateral";"Com Vítimas Feridas";"Pleno dia";"Crescente";"Nublado";"Dupla";"Declive";"Sim";5;0;1;0;2;2;1;4;-20,89418221;-49,43387582;"SPRF-SP";"DEL09-SP";"UOP01-DEL09-SP"
268189;2020-02-09;"domingo";"10:00:00";"MT";364;606;"DIAMANTINO";"Ingestão de Álcool";"Colisão lateral";"Com Vítimas Feridas";"Pleno dia";"Decrescente";"Nublado";"Simples";"Reta";"Não";3;0;1;0;1;4;1;6;-14,46636928;-56,24884699;"SPRF-MT";"DEL01-MT";"UOP01-DEL01-MT"
268193;2020-02-09;"domingo";"10:50:00";"PR";369;522;"CASCAVEL";"Desobediência às normas de trânsito pelo pedestre";"Atropelamento de Pedestre";"Com Vítimas Feridas";"Pleno dia";"Decrescente";"Sol";"Simples";"Reta";"Não";3;0;1;0;1;1;1;3;-24,9408;-53,3978;"SPRF-PR";"DEL04-PR";"UOP01-DEL04-PR"
268197;2020-02-09;"domingo";"09:00:00";"CE";222;148,3;"IRAUCUBA";"Falta de Atenção à Condução";"Colisão com objeto estático";"Sem Vítimas";"Pleno dia";"Crescente";"Céu Claro";"Simples";"Reta";"Sim";1;0;0;0;1;0;0;1;-3,75001226;-39,77295298;"SPRF-CE";"DEL04-CE";"UOP03-DEL04-CE"
268198;2020-02-09;"domingo";"11:10:00";"RJ";40;24;"TRES RIOS";"Velocidade Incompatível";"Tombamento";"Com Vítimas Feridas";"Pleno dia";"Crescente";"Céu Claro";"Dupla";"Curva";"Não";2;0;1;0;0;1;1;2;-22,13812601;-43,1592825;"SPRF-RJ";"DEL06-RJ";"UOP02-DEL05-RJ"
268211;2020-02-09;"domingo";"06:30:00";"MT";364;1188;"CAMPOS DE JULIO";"Falta de Atenção à Condução";"Colisão lateral";"Sem Vítimas";"Amanhecer";"Crescente";"Garoa/Chuvisco";"Simples";"Reta";"Não";3;0;0;0;1;3;0;4;-13,7286;-59,2641;"SPRF-MT";"DEL04-MT";"UOP01-DEL04-MT"
268215;2020-02-09;"domingo";"12:40:00";"SP";116;87,8;"PINDAMONHANGABA";"Defeito Mecânico no Veículo";"Colisão com objeto em movimento";"Com Vítimas Fatais";"Pleno dia";"Decrescente";"Céu Claro";"Dupla";"Reta";"Não";3;1;0;0;1;1;0;3;-22,93065267;-45,36166116;"SPRF-SP";"DEL06-SP";"UOP01-DEL06-SP"
268220;2020-02-09;"domingo";"12:09:00";"MG";153;24;"CENTRALINA";"Falta de Atenção à Condução";"Saída de leito carroçável";"Com Vítimas Feridas";"Pleno dia";"Crescente";"Chuva";"Dupla";"Reta";"Não";3;0;0;1;1;1;1;2;-18,63126816;-49,18366828;"SPRF-MG";"DEL15-MG";"UOP03-DEL15-MG"
268235;2020-02-09;"domingo";"15:00:00";"SP";153;34,7;"NOVA GRANADA";"Desobediência às normas de trânsito pelo condutor";"Colisão lateral";"Sem Vítimas";"Pleno dia";"Crescente";"Céu Claro";"Simples";"Reta";"Não";6;0;0;0;5;1;0;3;-20,57168502;-49,31773682;"SPRF-SP";"DEL09-SP";"UOP01-DEL09-SP"
268253;2020-02-09;"domingo";"17:10:00";"PE";428;48,9;"OROCO";"Falta de Atenção à Condução";"Colisão traseira";"Sem Vítimas";"Pleno dia";"Decrescente";"Céu Claro";"Simples";"Reta";"Sim";4;0;0;0;2;2;0;4;-8,6148768;-39,6041314;"SPRF-PE";"DEL05-PE";"UOP03-DEL05-PE"
268264;2020-02-09;"domingo";"13:50:00";"BA";242;783;"BARREIRAS";"Falta de Atenção à Condução";"Colisão traseira";"Com Vítimas Fatais";"Pleno dia";"Decrescente";"Céu Claro";"Simples";"Curva";"Não";2;1;0;0;0;1;0;2;-12,14161503;-44,735744;"SPRF-BA";"DEL10-BA";"UOP01-DEL10-BA"
268265;2020-02-09;"domingo";"17:00:00";"SC";101;363;"SANGAO";"Pista Escorregadia";"Saída de leito carroçável";"Com Vítimas Feridas";"Pleno dia";"Crescente";"Chuva";"Dupla";"Declive";"Não";2;0;1;0;0;1;1;2;-28,68005128;-49,1420871;"SPRF-SC";"DEL02-SC";"UOP01-DEL02-SC"
268267;2020-02-09;"domingo";"17:15:00";"RS";116;360,8;"TAPES";"Ultrapassagem Indevida";"Colisão frontal";"Com Vítimas Fatais";"Pleno dia";"Crescente";"Nublado";"Simples";"Reta";"Não";2;1;0;0;1;0;0;2;-30,62477189;-51,54634827;"SPRF-RS";"DEL02-RS";"UOP03-DEL02-RS"
268268;2020-02-09;"domingo";"17:30:00";"RS";116;95,4;"SAO MARCOS";"Desobediência às normas de trânsito pelo condutor";"Colisão traseira";"Sem Vítimas";"Pleno dia";"Crescente";"Nublado";"Simples";"Curva;Aclive";"Não";3;0;0;0;1;2;0;3;-28,88035499;-51,14594959;"SPRF-RS";"DEL05-RS";"UOP03-DEL05-RS"
268270;2020-02-09;"domingo";"18:00:00";"RO";364;249;"CACOAL";"Mal Súbito";"Saída de leito carroçável";"Com Vítimas Feridas";"Anoitecer";"Crescente";"Nublado";"Simples";"Declive";"Não";2;0;1;0;0;2;1;3;-11,438196;-61,552613;"SPRF-RO";"DEL02-RO";"UOP02-DEL02-RO"
268283;2020-02-09;"domingo";"14:20:00";"MT";174;170,8;"PORTO ESPERIDIAO";"Condutor Dormindo";"Saída de leito carroçável";"Com Vítimas Feridas";"Pleno dia";"Decrescente";"Nublado";"Simples";"Reta";"Não";2;0;0;1;0;2;1;3;-15,85423;-58,47798;"SPRF-MT";"DEL03-MT";"UOP01-DEL03-MT"
268288;2020-02-09;"domingo";"15:15:00";"MG";262;9,6;"MARTINS SOARES";"Velocidade Incompatível";"Tombamento";"Com Vítimas Feridas";"Pleno dia";"Decrescente";"Sol";"Simples";"Curva";"Não";2;0;1;0;0;2;1;3;-20,25054582;-41,83493898;"SPRF-MG";"DEL06-MG";"UOP03-DEL06-MG"
268289;2020-02-09;"domingo";"20:05:00";"BA";116;764,2;"POCOES";"Falta de Atenção à Condução";"Colisão frontal";"Com Vítimas Fatais";"Plena Noite";"Crescente";"Céu Claro";"Simples";"Reta";"Não";3;1;1;0;0;2;1;4;-14,568709;-40,420902;"SPRF-BA";"DEL08-BA";"UOP02-DEL08-BA"
268293;2020-02-09;"domingo";"19:35:00";"MT";163;917;"ITAUBA";"Falta de Atenção à Condução";"Colisão traseira";"Sem Vítimas";"Plena Noite";"Decrescente";"Céu Claro";"Simples";"Reta";"Não";3;0;0;0;2;2;0;4;-11,28615195;-55,31763118;"SPRF-MT";"DEL06-MT";"UOP02-DEL06-MT"
268305;2020-02-09;"domingo";"19:25:00";"MG";381;266;"TIMOTEO";"Falta de Atenção à Condução";"Colisão traseira";"Com Vítimas Feridas";"Plena Noite";"Crescente";"Nublado";"Simples";"Reta";"Não";3;0;1;1;1;0;2;2;-19,53295675;-42,62330532;"SPRF-MG";"DEL03-MG";"UOP02-DEL03-MG"
268311;2020-02-09;"domingo";"17:00:00";"MA";135;36;"BACABEIRA";"Pista Escorregadia";"Saída de leito carroçável";"Sem Vítimas";"Pleno dia";"Crescente";"Chuva";"Dupla";"Reta";"Não";1;0;0;0;1;0;0;1;-2,858091;-44,374744;"SPRF-MA";"DEL01-MA";"UOP01-DEL01-MA"
268323;2020-02-09;"domingo";"21:10:00";"SC";282;464,7;"PONTE SERRADA";"Falta de Atenção à Condução";"Colisão transversal";"Com Vítimas Feridas";"Plena Noite";"Crescente";"Nublado";"Simples";"Reta";"Não";3;0;1;1;1;0;2;2;-26,85767724;-52,0480703;"SPRF-SC";"DEL07-SC";"UOP04-DEL07-SC"
268324;2020-02-09;"domingo";"15:40:00";"SC";470;207,8;"SAO CRISTOVAO DO SUL";"Velocidade Incompatível";"Colisão frontal";"Com Vítimas Fatais";"Pleno dia";"Crescente";"Garoa/Chuvisco";"Simples";"Reta";"Não";6;4;0;0;1;1;0;3;-27,291355;-50,194443;"SPRF-SC";"DEL05-SC";"UOP03-DEL05-SC"
268325;2020-02-09;"domingo";"22:00:00";"PI";316;7,6;"TERESINA";"Desobediência às normas de trânsito pelo condutor";"Colisão traseira";"Sem Vítimas";"Plena Noite";"Decrescente";"Céu Claro";"Simples";"Declive";"Sim";2;0;0;0;0;2;0;2;-5,15584638;-42,77173332;"SPRF-PI";"DEL01-PI";"UOP02-DEL01-PI"
268332;2020-02-09;"domingo";"17:00:00";"GO";364;278;"MINEIROS";"Velocidade Incompatível";"Colisão com objeto estático";"Com Vítimas Feridas";"Anoitecer";"Crescente";"Chuva";"Simples";"Curva";"Não";3;0;1;0;1;3;1;5;-17,637932;-52,371918;"SPRF-GO";"DEL05-GO";"UOP01-DEL05-GO"
268339;2020-02-10;"segunda-feira";"01:00:00";"PR";277;673,7;"MEDIANEIRA";"Ingestão de Álcool";"Colisão lateral";"Com Vítimas Feridas";"Plena Noite";"Crescente";"Céu Claro";"Dupla";"Aclive";"Sim";2;0;1;0;1;0;1;2;-25,29056476;-54,10646111;"SPRF-PR";"DEL05-PR";"UOP01-DEL05-PR"
268356;2020-02-10;"segunda-feira";"05:15:00";"SC";470;144,7;"RIO DO SUL";"Ultrapassagem Indevida";"Colisão frontal";"Com Vítimas Feridas";"Amanhecer";"Crescente";"Nublado";"Simples";"Reta";"Sim";3;0;0;1;1;1;1;3;-27,235138;-49,677608;"SPRF-SC";"DEL04-SC";"UOP02-DEL04-SC"
268358;2020-02-10;"segunda-feira";"07:00:00";"GO";153;398,3;"PIRENOPOLIS";"Desobediência às normas de trânsito pelo condutor";"Colisão traseira";"Com Vítimas Feridas";"Pleno dia";"Crescente";"Nublado";"Simples";"Reta";"Sim";3;0;1;0;2;0;1;3;-16,02105427;-49,10749421;"SPRF-GO";"DEL02-GO";"UOP02-DEL02-GO"
268368;2020-02-10;"segunda-feira";"07:00:00";"MG";251;472;"FRANCISCO SA";"Velocidade Incompatível";"Colisão frontal";"Com Vítimas Feridas";"Pleno dia";"Crescente";"Garoa/Chuvisco";"Simples";"Curva";"Não";3;0;0;1;1;4;1;6;-16,4669101;-43,43947986;"SPRF-MG";"DEL12-MG";"UOP01-DEL12-MG"
268371;2020-02-06;"quinta-feira";"07:30:00";"BA";242;605;"MUQUEM DE SAO FRANCISCO";"Falta de Atenção à Condução";"Colisão frontal";"Com Vítimas Feridas";"Pleno dia";"Crescente";"Céu Claro";"Simples";"Reta";"Não";6;0;2;0;3;3;2;6;-12,16419834;-43,38741302;"SPRF-BA";"DEL10-BA";"UOP03-DEL06-BA"
268387;2020-02-10;"segunda-feira";"08:35:00";"RJ";116;175,5;"RIO DE JANEIRO";"Falta de Atenção à Condução";"Colisão transversal";"Com Vítimas Feridas";"Pleno dia";"Decrescente";"Nublado";"Dupla";"Reta";"Sim";3;0;1;0;1;1;1;3;-22,78923555;-43,37275272;"SPRF-RJ";"DEL01-RJ";"UOP02-DEL01-RJ"
268388;2020-02-10;"segunda-feira";"09:30:00";"MS";60;155;"CAMAPUA";"Ingestão de Álcool";"Colisão traseira";"Com Vítimas Feridas";"Pleno dia";"Decrescente";"Nublado";"Simples";"Reta";"Não";5;0;3;0;1;1;3;2;-19,404802;-53,711981;"SPRF-MS";"DEL06-MS";"UOP02-DEL06-MS"
268399;2020-02-10;"segunda-feira";"09:20:00";"RS";290;28;"SANTO ANTONIO DA PATRULHA";"Defeito Mecânico no Veículo";"Incêndio";"Sem Vítimas";"Pleno dia";"Decrescente";"Céu Claro";"Dupla";"Reta";"Não";1;0;0;0;0;1;0;1;-29,882647;-50,534782;"SPRF-RS";"DEL03-RS";"UOP01-DEL03-RS"
268406;2020-02-10;"segunda-feira";"11:00:00";"PR";277;1;"PARANAGUA";"Falta de Atenção à Condução";"Colisão lateral";"Sem Vítimas";"Pleno dia";"Crescente";"Chuva";"Dupla";"Reta";"Sim";3;0;0;0;2;2;0;4;-25,5205;-48,5095;"SPRF-PR";"DEL01-PR";"UOP05-DEL01-PR"
268410;2020-02-10;"segunda-feira";"11:05:00";"RN";304;288,1;"MACAIBA";"Não guardar distância de segurança";"Colisão traseira";"Com Vítimas Feridas";"Pleno dia";"Decrescente";"Céu Claro";"Simples";"Reta";"Não";4;0;1;1;2;0;2;2;-5,86849713;-35,42070796;"SPRF-RN";"DEL01-RN";"UOP02-DEL01-RN"
268415;2020-02-10;"segunda-feira";"11:00:00";"SC";101;134;"BALNEARIO CAMBORIU";"Falta de Atenção à Condução";"Colisão traseira";"Com Vítimas Feridas";"Pleno dia";"Decrescente";"Nublado";"Múltipla";"Reta";"Sim";3;0;2;0;1;0;2;3;-27,00218;-48,636433;"SPRF-SC";"DEL04-SC";"UOP03-DEL04-SC"
268428;2020-02-10;"segunda-feira";"12:50:00";"PR";163;196,1;"CASCAVEL";"Velocidade Incompatível";"Saída de leito carroçável";"Com Vítimas Fatais";"Pleno dia";"Decrescente";"Chuva";"Dupla";"Reta";"Não";3;1;0;0;2;0;0;2;-25,047568;-53,55674;"SPRF-PR";"DEL05-PR";"UOP05-DEL05-PR"
268434;2020-02-10;"segunda-feira";"13:27:00";"PR";277;327;"GUARAPUAVA";"Falta de Atenção à Condução";"Colisão traseira";"Com Vítimas Feridas";"Pleno dia";"Crescente";"Nublado";"Simples";"Reta";"Não";5;0;1;0;4;0;1;4;-25,36759617;-51,33533847;"SPRF-PR";"DEL03-PR";"UOP01-DEL08-PR"
268438;2020-02-10;"segunda-feira";"14:40:00";"RN";101;84,9;"SAO GONCALO DO AMARANTE";"Defeito Mecânico no Veículo";"Colisão traseira";"Com Vítimas Feridas";"Pleno dia";"Crescente";"Céu Claro";"Dupla";"Declive";"Sim";3;0;1;0;2;0;1;3;-5,774175;-35,2578;"SPRF-RN";"DEL02-RN";"UOP01-DEL02-RN"
268443;2020-02-10;"segunda-feira";"13:10:00";"GO";153;627;"MORRINHOS";"Falta de Atenção à Condução";"Colisão traseira";"Com Vítimas Feridas";"Pleno dia";"Crescente";"Nublado";"Dupla";"Reta";"Não";3;0;1;0;1;1;1;3;-17,7792;-49,1788;"SPRF-GO";"DEL03-GO";"UOP01-DEL03-GO"
268447;2020-02-05;"quarta-feira";"21:15:00";"MS";158;90;"PARANAIBA";"Falta de Atenção à Condução";"Colisão traseira";"Sem Vítimas";"Plena Noite";"Crescente";"Garoa/Chuvisco";"Simples";"Reta";"Não";3;0;0;0;2;1;0;3;-19,64740508;-51,20629433;"SPRF-MS";"DEL08-MS";"UOP01-DEL08-MS"
268457;2020-02-10;"segunda-feira";"14:30:00";"SC";470;139;"RIO DO SUL";"Falta de Atenção à Condução";"Colisão transversal";"Com Vítimas Feridas";"Pleno dia";"Crescente";"Nublado";"Simples";"Reta";"Sim";3;0;1;0;1;1;1;3;-27,20191164;-49,63392377;"SPRF-SC";"DEL04-SC";"UOP02-DEL04-SC"
268464;2020-02-10;"segunda-feira";"18:02:00";"PR";163;167;"LINDOESTE";"Falta de Atenção à Condução";"Colisão transversal";"Com Vítimas Feridas";"Anoitecer";"Decrescente";"Garoa/Chuvisco";"Simples";"Reta";"Sim";3;0;0;1;1;1;1;3;-25,29248982;-53,57038619;"SPRF-PR";"DEL04-PR";"UOP05-DEL05-PR"
268465;2020-02-10;"segunda-feira";"15:40:00";"PR";476;26;"ADRIANOPOLIS";"Falta de Atenção à Condução";"Colisão lateral";"Com Vítimas Feridas";"Pleno dia";"Crescente";"Garoa/Chuvisco";"Simples";"Curva";"Não";5;0;2;0;2;2;2;4;-24,787376;-49,034725;"SPRF-PR";"DEL01-PR";"UOP07-DEL01-PR"
268471;2020-02-10;"segunda-feira";"18:50:00";"GO";153;492,7;"GOIANIA";"Desobediência às normas de trânsito pelo condutor";"Colisão lateral";"Com Vítimas Feridas";"Plena Noite";"Decrescente";"Céu Claro";"Dupla";"Reta";"Sim";3;0;1;0;1;2;1;4;-16,6461;-49,2114;"SPRF-GO";"DEL01-GO";"UOP01-DEL01-GO"
268473;2020-02-10;"segunda-feira";"18:35:00";"ES";262;29,1;"DOMINGOS MARTINS";"Velocidade Incompatível";"Tombamento";"Com Vítimas Feridas";"Anoitecer";"Decrescente";"Nublado";"Simples";"Curva";"Não";2;0;0;1;0;1;1;2;-20,37585099;-40,56027297;"SPRF-ES";"DEL01-ES";"UOP01-DEL01-ES"
268475;2020-02-10;"segunda-feira";"19:00:00";"MG";40;492;"ESMERALDAS";"Ingestão de Álcool";"Colisão lateral";"Sem Vítimas";"Plena Noite";"Crescente";"Céu Claro";"Dupla";"Reta";"Não";2;0;0;0;1;1;0;2;-19,63737896;-44,20372986;"SPRF-MG";"DEL02-MG";"UOP01-DEL02-MG"
268479;2020-02-10;"segunda-feira";"19:25:00";"MG";262;137;"RIO CASCA";"Defeito na Via";"Saída de leito carroçável";"Com Vítimas Feridas";"Plena Noite";"Crescente";"Céu Claro";"Simples";"Curva";"Não";2;0;2;0;0;0;2;1;-20,09616383;-42,70044267;"SPRF-MG";"DEL03-MG";"UOP03-DEL03-MG"
268482;2020-02-10;"segunda-feira";"18:30:00";"MS";158;58,8;"PARANAIBA";"Desobediência às normas de trânsito pelo pedestre";"Atropelamento de Pedestre";"Com Vítimas Fatais";"Plena Noite";"Crescente";"Chuva";"Simples";"Aclive;Reta";"Não";3;1;0;0;0;2;0;2;-19,426136;-51,376729;"SPRF-MS";"DEL08-MS";"UOP01-DEL08-MS"
268486;2020-02-10;"segunda-feira";"19:40:00";"RJ";101;46;"CAMPOS DOS GOYTACAZES";"Desobediência às normas de trânsito pelo condutor";"Colisão transversal";"Com Vítimas Fatais";"Plena Noite";"Decrescente";"Chuva";"Simples";"Reta";"Sim";4;1;1;0;0;2;1;3;-21,59884;-41,31688;"SPRF-RJ";"DEL08-RJ";"UOP01-DEL08-RJ"
268487;2020-02-10;"segunda-feira";"19:45:00";"SE";101;160,5;"SANTA LUZIA DO ITANHY";"Ultrapassagem Indevida";"Colisão frontal";"Com Vítimas Fatais";"Plena Noite";"Crescente";"Céu Claro";"Simples";"Aclive;Reta";"Não";3;1;0;0;1;1;0;3;-11,29458206;-37,47913294;"SPRF-SE";"DEL02-SE";"UOP01-DEL02-SE"
268489;2020-02-10;"segunda-feira";"13:30:00";"SP";116;507;"CAJATI";"Pista Escorregadia";"Saída de leito carroçável";"Sem Vítimas";"Pleno dia";"Decrescente";"Chuva";"Simples";"Curva";"Não";2;0;0;0;1;1;0;2;-24,805288;-48,214966;"SPRF-SP";"DEL05-SP";"UOP02-DEL05-SP"
268490;2020-02-10;"segunda-feira";"15:30:00";"SP";116;545;"BARRA DO TURVO";"Falta de Atenção à Condução";"Colisão com objeto estático";"Com Vítimas Feridas";"Pleno dia";"Crescente";"Chuva";"Dupla";"Curva";"Não";3;0;2;0;0;1;2;2;-24,95016699;-48,42400302;"SPRF-SP";"DEL05-SP";"UOP02-DEL05-SP"