"id";"data_inversa";"dia_semana";"horario";"uf";"br";"km";"municipio";"causa_acidente";"tipo_acidente";"classificacao_acidente";"fase_dia";"sentido_via";"condicao_metereologica";"tipo_pista";"tracado_via";"uso_solo";"pessoas";"mortos";"feridos_leves";"feridos_graves";"ilesos";"ignorados";"feridos";"veiculos";"latitude";"longitude";"regional";"delegacia";"uop"
268798;2020-02-12;"quarta-feira";"09:45:00";"PR";376;667,2;"GUARATUBA";"Velocidade Incompatível";"Colisão traseira";"Com Vítimas Fatais";"Pleno dia";"Crescente";"Céu Claro";"Simples";"Declive;Curva";"Não";3;1;0;0;1;1;0;3;-25,86649659;-48,94666822;"SPRF-PR";"DEL01-PR";"UOP04-DEL01-PR"
268800;2020-02-12;"quarta-feira";"12:00:00";"SE";235;58,2;"ITABAIANA";"Desobediência às normas de trânsito pelo condutor";"Colisão transversal";"Com Vítimas Feridas";"Pleno dia";"Crescente";"Céu Claro";"Simples";"Reta";"Sim";2;0;0;1;1;0;1;2;-10,641368;-37,454052;"SPRF-SE";"DEL01-SE";"UOP02-DEL01-SE"
268804;2020-02-12;"quarta-feira";"10:40:00";"RJ";101;421;"MANGARATIBA";"Defeito Mecânico no Veículo";"Colisão com objeto estático";"Sem Vítimas";"Pleno dia";"Crescente";"Chuva";"Simples";"Curva";"Não";1;0;0;0;1;0;0;1;-22,91666975;-43,93080593;"SPRF-RJ";"DEL03-RJ";"UOP01-DEL03-RJ"
268805;2020-02-12;"quarta-feira";"12:20:00";"MG";365;17;"MONTES CLAROS";"Velocidade Incompatível";"Colisão frontal";"Com Vítimas Feridas";"Pleno dia";"Decrescente";"Chuva";"Simples";"Reta";"Não";5;0;2;0;2;1;2;3;-16,87724015;-43,993381;"SPRF-MG";"DEL12-MG";"UOP01-DEL12-MG"
268807;2020-02-12;"quarta-feira";"10:41:00";"SC";101;210;"SAO JOSE";"Não guardar distância de segurança";"Colisão lateral";"Com Vítimas Feridas";"Pleno dia";"Decrescente";"Sol";"Múltipla";"Reta";"Não";7;0;0;2;1;5;2;7;-27,6167305;-48,6457265;"SPRF-SC";"DEL01-SC";"UOP01-DEL01-SC"
268809;2020-02-12;"quarta-feira";"12:20:00";"RS";290;96,8;"PORTO ALEGRE";"Desobediência às normas de trânsito pelo condutor";"Colisão lateral";"Com Vítimas Feridas";"Pleno dia";"Decrescente";"Sol";"Simples";"Ponte;Declive;Reta";"Sim";7;0;5;0;1;1;5;3;-29,992107;-51,204525;"SPRF-RS";"DEL01-RS";"UOP01-DEL01-RS"
268814;2020-02-12;"quarta-feira";"11:00:00";"SC";470;92;"APIUNA";"Falta de Atenção à Condução";"Colisão traseira";"Com Vítimas Feridas";"Pleno dia";"Decrescente";"Céu Claro";"Simples";"Reta";"Não";2;0;0;1;1;0;1;2;-26,98592;-49,373047;"SPRF-SC";"DEL04-SC";"UOP01-DEL04-SC"
268815;2020-02-12;"quarta-feira";"13:00:00";"SC";101;365,9;"SANGAO";"Ingestão de Substâncias Psicoativas";"Colisão lateral";"Com Vítimas Feridas";"Pleno dia";"Crescente";"Céu Claro";"Dupla";"Reta";"Não";3;0;1;0;1;1;1;3;-28,68765119;-49,15823936;"SPRF-SC";"DEL02-SC";"UOP01-DEL02-SC"
268817;2020-02-12;"quarta-feira";"07:20:00";"PA";163;902;"BELTERRA";"Condutor Dormindo";"Saída de leito carroçável";"Com Vítimas Feridas";"Pleno dia";"Crescente";"Chuva";"Simples";"Declive";"Não";2;0;1;1;0;0;2;1;-3,2195161;-54,95107339;"SPRF-PA";"DEL05-PA";"UOP01-DEL05-PA"
268823;2020-02-12;"quarta-feira";"12:30:00";"MT";163;539;"DIAMANTINO";"Falta de Atenção à Condução";"Saída de leito carroçável";"Com Vítimas Feridas";"Pleno dia";"Crescente";"Garoa/Chuvisco";"Simples";"Reta";"Não";1;0;1;0;0;0;1;1;-14,39101303;-56,11636404;"SPRF-MT";"DEL01-MT";"UOP01-DEL01-MT"
268842;2020-02-12;"quarta-feira";"13:15:00";"MS";267;124,6;"NOVA ANDRADINA";"Mal Súbito";"Saída de leito carroçável";"Com Vítimas Feridas";"Pleno dia";"Crescente";"Céu Claro";"Simples";"Curva";"Sim";2;0;1;0;0;2;1;3;-21,75807739;-53,25297001;"SPRF-MS";"DEL02-MS";"UOP03-DEL02-MS"
268846;2020-02-12;"quarta-feira";"16:25:00";"CE";116;23;"AQUIRAZ";"Falta de Atenção à Condução";"Colisão transversal";"Com Vítimas Feridas";"Pleno dia";"Decrescente";"Céu Claro";"Dupla";"Retorno Regulamentado;Declive;Curva";"Não";6;0;3;0;2;2;3;4;-3,95432632;-38,51239238;"SPRF-CE";"DEL01-CE";"UOP02-DEL01-CE"
268849;2020-02-12;"quarta-feira";"15:41:00";"MS";262;354;"CAMPO GRANDE";"Falta de Atenção à Condução";"Colisão frontal";"Com Vítimas Fatais";"Pleno dia";"Crescente";"Céu Claro";"Simples";"Reta";"Não";2;1;0;0;1;0;0;2;-20,556599;-54,664516;"SPRF-MS";"DEL01-MS";"UOP03-DEL01-MS"
268854;2020-02-12;"quarta-feira";"16:20:00";"MG";381;643;"SANTO ANTONIO DO AMPARO";"Condutor Dormindo";"Colisão traseira";"Com Vítimas Feridas";"Pleno dia";"Crescente";"Nublado";"Dupla";"Curva";"Não";2;0;1;0;1;0;1;2;-20,944136;-44,880592;"SPRF-MG";"DEL04-MG";"UOP01-DEL04-MG"
268858;2020-01-11;"sábado";"07:20:00";"GO";153;495,8;"GOIANIA";"Fenômenos da Natureza";"Colisão com objeto estático";"Sem Vítimas";"Pleno dia";"Decrescente";"Chuva";"Dupla";"Declive";"Sim";1;0;0;0;1;0;0;1;-16,679285;-49,232213;"SPRF-GO";"DEL01-GO";"UOP01-DEL01-GO"
268861;2020-02-11;"terça-feira";"22:00:00";"PA";155;268;"ELDORADO DO CARAJAS";"Defeito na Via";"Tombamento";"Com Vítimas Fatais";"Plena Noite";"Crescente";"Garoa/Chuvisco";"Simples";"Reta";"Não";2;1;1;0;0;0;1;1;-5,99430078;-49,24530826;"SPRF-PA";"DEL03-PA";"UOP01-DEL03-PA"
268867;2020-02-12;"quarta-feira";"15:10:00";"PR";272;377,8;"CAMPO MOURAO";"Ultrapassagem Indevida";"Colisão lateral";"Com Vítimas Fatais";"Pleno dia";"Decrescente";"Sol";"Simples";"Aclive";"Não";4;1;0;0;2;2;0;5;-24,06074886;-52,492907;"SPRF-PR";"DEL09-PR";"UOP03-DEL09-PR"
268871;2020-02-12;"quarta-feira";"18:30:00";"MG";50;73;"UBERLANDIA";"Falta de Atenção à Condução";"Engavetamento";"Com Vítimas Feridas";"Anoitecer";"Decrescente";"Chuva";"Dupla";"Reta";"Sim";8;0;2;0;5;2;2;7;-18,90599215;-48,23147178;"SPRF-MG";"DEL15-MG";"UOP01-DEL15-MG"
268876;2020-02-12;"quarta-feira";"19:00:00";"SE";101;87;"NOSSA SENHORA DO SOCORRO";"Falta de Atenção à Condução";"Saída de leito carroçável";"Com Vítimas Feridas";"Plena Noite";"Crescente";"Nublado";"Dupla";"Reta";"Sim";3;0;1;0;1;1;1;2;-10,86174498;-37,13526579;"SPRF-SE";"DEL01-SE";"UOP01-DEL01-SE"
268878;2020-02-12;"quarta-feira";"17:45:00";"BA";101;258;"SANTO ANTONIO DE JESUS";"Desobediência às normas de trânsito pelo condutor";"Colisão transversal";"Com Vítimas Feridas";"Anoitecer";"Crescente";"Céu Claro";"Dupla";"Reta";"Não";2;0;0;1;1;0;1;2;-13,04898597;-39,28532574;"SPRF-BA";"DEL01-BA";"UOP02-DEL01-BA"
268882;2020-02-12;"quarta-feira";"19:15:00";"MG";40;497,7;"ESMERALDAS";"Falta de Atenção do Pedestre";"Atropelamento de Pedestre";"Com Vítimas Fatais";"Plena Noite";"Crescente";"Chuva";"Dupla";"Reta";"Não";6;1;0;0;4;1;0;2;-19,682496;-44,184197;"SPRF-MG";"DEL02-MG";"UOP01-DEL02-MG"
268884;2020-02-12;"quarta-feira";"17:27:00";"RO";364;715;"PORTO VELHO";"Desobediência às normas de trânsito pelo condutor";"Colisão transversal";"Sem Vítimas";"Pleno dia";"Crescente";"Sol";"Simples";"Reta";"Sim";2;0;0;0;2;0;0;2;-8,77957291;-63,89174213;"SPRF-RO";"DEL01-RO";"UOP01-DEL01-RO"
268885;2020-02-12;"quarta-feira";"18:20:00";"BA";116;215;"EUCLIDES DA CUNHA";"Ingestão de Álcool";"Colisão frontal";"Com Vítimas Feridas";"Plena Noite";"Decrescente";"Céu Claro";"Simples";"Reta";"Não";2;0;0;1;1;0;1;2;-10,54478184;-38,99605356;"SPRF-BA";"DEL07-BA";"UOP02-DEL07-BA"
268888;2020-02-12;"quarta-feira";"20:25:00";"PR";373;199,7;"IPIRANGA";"Velocidade Incompatível";"Saída de leito carroçável";"Com Vítimas Feridas";"Plena Noite";"Crescente";"Céu Claro";"Simples";"Interseção de Vias";"Não";3;0;0;1;1;1;1;3;-25,08427259;-50,40849951;"SPRF-PR";"DEL03-PR";"UOP01-DEL03-PR"
268893;2020-02-12;"quarta-feira";"20:10:00";"MG";262;363;"JUATUBA";"Falta de Atenção à Condução";"Colisão traseira";"Com Vítimas Feridas";"Plena Noite";"Crescente";"Chuva";"Dupla";"Reta";"Não";2;0;1;0;1;0;1;2;-19,98332997;-44,23572401;"SPRF-MG";"DEL01-MG";"UOP03-DEL01-MG"
268896;2020-02-12;"quarta-feira";"19:50:00";"RS";386;276,6;"SAO JOSE DO HERVAL";"Falta de Atenção à Condução";"Colisão traseira";"Com Vítimas Feridas";"Plena Noite";"Crescente";"Céu Claro";"Simples";"Curva";"Não";13;0;8;2;3;0;10;3;-29,007221;-52,338665;"SPRF-RS";"DEL04-RS";"UOP03-DEL04-RS"
268905;2020-02-12;"quarta-feira";"21:30:00";"RN";427;93,9;"CAICO";"Condutor Dormindo";"Colisão com objeto estático";"Sem Vítimas";"Plena Noite";"Crescente";"Nublado";"Simples";"Rotatória";"Sim";1;0;0;0;1;0;0;1;-6,48332927;-37,05411001;"SPRF-RN";"DEL03-RN";"UOP01-DEL03-RN"
268907;2020-02-12;"quarta-feira";"21:41:00";"MG";153;58,2;"MONTE ALEGRE DE MINAS";"Defeito Mecânico no Veículo";"Tombamento";"Sem Vítimas";"Plena Noite";"Crescente";"Chuva";"Dupla";"Rotatória";"Sim";2;0;0;0;1;1;0;2;-18,878386;-49,056637;"SPRF-MG";"DEL15-MG";"UOP03-DEL15-MG"
268911;2020-01-11;"sábado";"17:20:00";"MG";365;741,8;"ITUIUTABA";"Não guardar distância de segurança";"Colisão traseira";"Com Vítimas Feridas";"Pleno dia";"Decrescente";"Céu Claro";"Simples";"Reta";"Não";4;0;1;0;2;2;1;4;-18,91363311;-49,38245598;"SPRF-MG";"DEL15-MG";"UOP03-DEL15-MG"
268913;2020-02-13;"quinta-feira";"00:20:00";"RJ";116;167;"SAO JOAO DE MERITI";"Defeito Mecânico no Veículo";"Colisão com objeto estático";"Com Vítimas Feridas";"Plena Noite";"Crescente";"Chuva";"Múltipla";"Reta";"Sim";4;0;1;0;3;0;1;4;-22,80054876;-43,35280945;"SPRF-RJ";"DEL01-RJ";"UOP02-DEL01-RJ"
268915;2020-02-13;"quinta-feira";"00:30:00";"TO";153;472,4;"BARROLANDIA";"Ingestão de Álcool";"Colisão lateral";"Com Vítimas Feridas";"Plena Noite";"Decrescente";"Nublado";"Simples";"Reta";"Não";2;0;1;0;1;0;1;2;-10,01369084;-48,77146918;"SPRF-TO";"DEL01-TO";"UOP01-DEL01-TO"
268919;2020-02-13;"quinta-feira";"02:30:00";"MG";40;668,2;"CARANDAI";"Fenômenos da Natureza";"Saída de leito carroçável";"Com Vítimas Feridas";"Plena Noite";"Decrescente";"Chuva";"Simples";"Reta";"Não";2;0;2;0;0;0;2;1;-20,95232841;-43,79297337;"SPRF-MG";"DEL05-MG";"UOP02-DEL05-MG"
268920;2020-02-13;"quinta-feira";"02:15:00";"MT";163;939;"ITAUBA";"Condutor Dormindo";"Saída de leito carroçável";"Sem Vítimas";"Plena Noite";"Decrescente";"Nublado";"Simples";"Declive";"Não";1;0;0;0;1;0;0;1;-11,09627694;-55,29548909;"SPRF-MT";"DEL06-MT";"NPF/DEL06-MT"
268921;2020-02-13;"quinta-feira";"04:00:00";"SC";101;199,1;"SAO JOSE";"Condutor Dormindo";"Colisão traseira";"Com Vítimas Feridas";"Pleno dia";"Decrescente";"Céu Claro";"Múltipla";"Reta";"Sim";3;0;1;0;1;2;1;4;-27,53413705;-48,63003205;"SPRF-SC";"DEL01-SC";"UOP01-DEL01-SC"
268923;2020-02-13;"quinta-feira";"04:20:00";"SC";101;328,9;"TUBARAO";"Condutor Dormindo";"Saída de leito carroçável";"Com Vítimas Feridas";"Plena Noite";"Decrescente";"Céu Claro";"Dupla";"Ponte";"Sim";2;0;1;0;0;2;1;3;-28,43648094;-48,95989307;"SPRF-SC";"DEL02-SC";"UOP01-DEL02-SC"
268924;2020-02-13;"quinta-feira";"05:00:00";"SP";381;75,7;"SAO PAULO";"Defeito Mecânico no Veículo";"Incêndio";"Sem Vítimas";"Amanhecer";"Decrescente";"Nublado";"Dupla";"Curva";"Não";2;0;0;0;1;1;0;2;-23,37660089;-46,56409613;"SPRF-SP";"DEL03-SP";"UOP01-DEL03-SP"
268925;2020-02-13;"quinta-feira";"05:40:00";"SC";101;200,6;"SAO JOSE";"Falta de Atenção à Condução";"Colisão traseira";"Com Vítimas Feridas";"Amanhecer";"Decrescente";"Nublado";"Dupla";"Reta";"Sim";2;0;0;1;0;1;1;2;-27,54018513;-48,62287714;"SPRF-SC";"DEL01-SC";"UOP01-DEL01-SC"
268928;2020-02-13;"quinta-feira";"04:50:00";"PE";101;55;"PAULISTA";"Falta de Atenção à Condução";"Colisão com objeto estático";"Com Vítimas Feridas";"Amanhecer";"Decrescente";"Chuva";"Dupla";"Curva";"Não";1;0;1;0;0;0;1;1;-7,94806621;-34,9062148;"SPRF-PE";"DEL01-PE";"UOP02-DEL01-PE"
268929;2020-02-13;"quinta-feira";"06:20:00";"SC";101;111;"NAVEGANTES";"Falta de Atenção à Condução";"Colisão lateral";"Com Vítimas Feridas";"Pleno dia";"Crescente";"Céu Claro";"Dupla";"Reta";"Não";2;0;0;1;0;1;1;2;-26,83955734;-48,71418074;"SPRF-SC";"DEL04-SC";"UOP04-DEL04-SC"
268932;2020-02-13;"quinta-feira";"05:45:00";"MG";40;282,9;"TRES MARIAS";"Falta de Atenção à Condução";"Colisão transversal";"Com Vítimas Feridas";"Pleno dia";"Crescente";"Céu Claro";"Simples";"Curva";"Sim";3;0;1;0;2;0;1;2;-18,24923582;-45,20220684;"SPRF-MG";"DEL14-MG";"UOP02-DEL14-MG"
268937;2020-02-13;"quinta-feira";"05:00:00";"MG";153;216,8;"FRUTAL";"Carga excessiva e/ou mal acondicionada";"Saída de leito carroçável";"Com Vítimas Feridas";"Amanhecer";"Crescente";"Garoa/Chuvisco";"Simples";"Reta";"Não";2;0;2;0;0;0;2;1;-20,11995503;-49,10214695;"SPRF-MG";"DEL13-MG";"UOP02-DEL13-MG"
268940;2020-02-13;"quinta-feira";"08:30:00";"PE";428;184,9;"PETROLINA";"Falta de Atenção à Condução";"Colisão transversal";"Com Vítimas Feridas";"Pleno dia";"Crescente";"Céu Claro";"Simples";"Reta";"Sim";4;0;2;0;1;1;2;3;-9,3524866;-40,47666907;"SPRF-PE";"DEL06-PE";"UOP01-DEL06-PE"
268949;2020-02-13;"quinta-feira";"07:40:00";"PR";116;10,3;"CAMPINA GRANDE DO SUL";"Defeito Mecânico no Veículo";"Saída de leito carroçável";"Sem Vítimas";"Pleno dia";"Crescente";"Chuva";"Dupla";"Curva";"Não";1;0;0;0;1;0;0;1;-25,08357197;-48,64281407;"SPRF-PR";"DEL01-PR";"UOP02-DEL01-PR"
268950;2020-02-13;"quinta-feira";"08:40:00";"PR";153;53;"SANTO ANTONIO DA PLATINA";"Defeito Mecânico no Veículo";"Colisão com objeto em movimento";"Sem Vítimas";"Pleno dia";"Decrescente";"Céu Claro";"Simples";"Reta";"Não";3;0;0;0;2;2;0;4;-23,39022206;-50,05832434;"SPRF-PR";"DEL07-PR";"UOP04-DEL07-PR"
268955;2020-02-13;"quinta-feira";"09:00:00";"RN";101;110;"PARNAMIRIM";"Não guardar distância de segurança";"Colisão traseira";"Com Vítimas Feridas";"Pleno dia";"Decrescente";"Chuva";"Dupla";"Reta";"Sim";2;0;1;0;0;1;1;2;-5,946376;-35,26485;"SPRF-RN";"DEL01-RN";"UOP01-DEL01-RN"
268962;2020-02-13;"quinta-feira";"08:00:00";"RO";364;418;"JARU";"Falta de Atenção à Condução";"Colisão traseira";"Com Vítimas Feridas";"Pleno dia";"Crescente";"Chuva";"Simples";"Interseção de Vias";"Não";3;0;1;0;1;3;1;5;-10,49339784;-62,42677867;"SPRF-RO";"DEL03-RO";"UOP02-DEL03-RO"
268964;2020-02-13;"quinta-feira";"10:40:00";"RJ";116;295,7;"PORTO REAL";"Falta de Atenção à Condução";"Engavetamento";"Sem Vítimas";"Pleno dia";"Crescente";"Céu Claro";"Simples";"Reta";"Não";4;0;0;0;3;2;0;5;-22,45013044;-44,3107408;"SPRF-RJ";"DEL07-RJ";"UOP02-DEL07-RJ"
268967;2020-02-13;"quinta-feira";"11:45:00";"AL";101;148;"JEQUIA DA PRAIA";"Condutor Dormindo";"Colisão com objeto estático";"Com Vítimas Fatais";"Pleno dia";"Crescente";"Nublado";"Dupla";"Curva;Declive";"Não";1;1;0;0;0;0;0;1;-9,88938896;-36,13497986;"SPRF-AL";"DEL02-AL";"UOP01-DEL02-AL"
268968;2020-02-13;"quinta-feira";"10:00:00";"AM";174;990;"PRESIDENTE FIGUEIREDO";"Falta de Atenção à Condução";"Tombamento";"Com Vítimas Feridas";"Pleno dia";"Crescente";"Céu Claro";"Dupla";"Rotatória";"Sim";2;0;1;0;0;1;1;2;-2,05515051;-60,02282739;"SPRF-AM";"DEL01-AM";"UOP02-DEL01-AM"
268979;2020-02-13;"quinta-feira";"12:30:00";"RN";101;146,5;"GOIANINHA";"Não guardar distância de segurança";"Colisão traseira";"Sem Vítimas";"Pleno dia";"Decrescente";"Nublado";"Dupla";"Reta";"Sim";2;0;0;0;2;0;0;2;-6,26034543;-35,21211505;"SPRF-RN";"DEL01-RN";"UOP01-DEL01-RN"
268982;2020-02-13;"quinta-feira";"12:30:00";"RS";285;114,5;"VACARIA";"Falta de Atenção à Condução";"Colisão lateral";"Com Vítimas Feridas";"Pleno dia";"Crescente";"Céu Claro";"Simples";"Reta";"Não";3;0;1;0;1;2;1;4;-28,510778;-50,877293;"SPRF-RS";"DEL05-RS";"UOP03-DEL05-RS"
268990;2020-02-13;"quinta-feira";"13:30:00";"RS";386;440;"CANOAS";"Falta de Atenção à Condução";"Derramamento de carga";"Sem Vítimas";"Pleno dia";"Decrescente";"Céu Claro";"Dupla";"Interseção de Vias";"Não";2;0;0;0;1;1;0;2;-29,878265;-51,241951;"SPRF-RS";"DEL04-RS";"UOP02-DEL04-RS"
269001;2020-02-13;"quinta-feira";"15:00:00";"PE";101;57,5;"RECIFE";"Falta de Atenção à Condução";"Tombamento";"Sem Vítimas";"Anoitecer";"Crescente";"Nublado";"Dupla";"Reta";"Não";1;0;0;0;1;0;0;1;-7,96346213;-34,91513486;"SPRF-PE";"DEL01-PE";"UOP02-DEL01-PE"
269002;2020-02-13;"quinta-feira";"14:45:00";"MG";365;151,7;"PIRAPORA";"Avarias e/ou desgaste excessivo no pneu";"Colisão com objeto estático";"Com Vítimas Feridas";"Pleno dia";"Crescente";"Nublado";"Simples";"Reta";"Não";2;0;0;1;0;1;1;2;-17,29199516;-44,88404586;"SPRF-MG";"DEL12-MG";"UOP01-DEL12-MG"
269004;2020-02-13;"quinta-feira";"14:35:00";"SC";101;308;"LAGUNA";"Falta de Atenção à Condução";"Colisão traseira";"Com Vítimas Feridas";"Pleno dia";"Crescente";"Sol";"Dupla";"Reta";"Não";2;0;0;1;1;0;1;2;-28,399616;-48,7854;"SPRF-SC";"DEL02-SC";"UOP01-DEL02-SC"
269005;2020-02-13;"quinta-feira";"14:30:00";"RJ";493;61;"NOVA IGUACU";"Condutor Dormindo";"Saída de leito carroçável";"Com Vítimas Feridas";"Pleno dia";"Crescente";"Nublado";"Dupla";"Curva";"Não";4;0;0;1;0;3;1;3;-22,66304655;-43,34415436;"SPRF-RJ";"DEL01-RJ";"UOP03-DEL01-RJ"
269006;2020-02-13;"quinta-feira";"15:30:00";"GO";153;525;"HIDROLANDIA";"Falta de Atenção à Condução";"Colisão lateral";"Sem Vítimas";"Pleno dia";"Crescente";"Céu Claro";"Dupla";"Reta";"Não";3;0;0;0;2;1;0;3;-16,9288;-49,2518;"SPRF-GO";"DEL01-GO";"UOP03-DEL01-GO"
269007;2020-02-13;"quinta-feira";"15:00:00";"RJ";116;249;"PIRAI";"Falta de Atenção à Condução";"Colisão traseira";"Com Vítimas Feridas";"Pleno dia";"Decrescente";"Chuva";"Dupla";"Reta";"Não";4;0;1;1;1;1;2;3;-22,59967462;-43,95005595;"SPRF-RJ";"DEL07-RJ";"UOP01-DEL07-RJ"
269009;2020-02-13;"quinta-feira";"14:50:00";"MG";50;20;"UBERLANDIA";"Velocidade Incompatível";"Colisão frontal";"Sem Vítimas";"Pleno dia";"Crescente";"Chuva";"Dupla";"Reta";"Não";4;0;0;0;1;3;0;4;-18,92118605;-48,18290234;"SPRF-MG";"DEL15-MG";"UOP02-DEL15-MG"
269013;2020-02-13;"quinta-feira";"15:15:00";"CE";20;429;"FORTALEZA";"Pista Escorregadia";"Colisão com objeto estático";"Sem Vítimas";"Pleno dia";"Crescente";"Chuva";"Dupla";"Reta";"Sim";1;0;0;0;1;0;0;1;-3,87086994;-38,50092173;"SPRF-CE";"DEL01-CE";"UOP02-DEL01-CE"
269014;2020-02-13;"quinta-feira";"14:50:00";"RJ";40;6;"COMENDADOR LEVY GASPARIAN";"Defeito Mecânico no Veículo";"Tombamento";"Com Vítimas Feridas";"Pleno dia";"Crescente";"Chuva";"Dupla";"Reta";"Sim";6;0;2;0;3;1;2;2;-22,0261703;-43,23146528;"SPRF-RJ";"DEL05-RJ";"UOP02-DEL05-RJ"
269020;2020-02-13;"quinta-feira";"16:45:00";"PR";369;165,3;"CAMBE";"Velocidade Incompatível";"Colisão traseira";"Com Vítimas Feridas";"Pleno dia";"Decrescente";"Céu Claro";"Dupla";"Reta";"Sim";4;0;1;1;2;0;2;2;-23,29546741;-51,29410386;"SPRF-PR";"DEL07-PR";"UOP01-DEL07-PR"
269025;2020-02-13;"quinta-feira";"16:55:00";"PR";277;584,7;"CASCAVEL";"Velocidade Incompatível";"Colisão frontal";"Com Vítimas Fatais";"Pleno dia";"Decrescente";"Céu Claro";"Dupla";"Reta";"Sim";22;1;0;0;21;0;0;3;-24,96489078;-53,40306228;"SPRF-PR";"DEL04-PR";"UOP01-DEL04-PR"
269034;2020-02-13;"quinta-feira";"17:33:00";"SC";280;22,2;"ARAQUARI";"Mal Súbito";"Colisão lateral";"Com Vítimas Feridas";"Pleno dia";"Crescente";"Nublado";"Simples";"Reta";"Não";3;0;1;0;1;1;1;3;-26,37100313;-48,70282173;"SPRF-SC";"DEL03-SC";"UOP03-DEL03-SC"
269038;2020-02-12;"quarta-feira";"19:00:00";"RO";364;378;"OURO PRETO DO OESTE";"Ultrapassagem Indevida";"Colisão lateral";"Com Vítimas Feridas";"Plena Noite";"Crescente";"Chuva";"Simples";"Curva";"Não";2;0;1;0;0;1;1;2;-10,7422942;-62,20886998;"SPRF-RO";"DEL02-RO";"UOP01-DEL02-RO"
269048;2020-02-13;"quinta-feira";"18:30:00";"MG";40;513,7;"RIBEIRAO DAS NEVES";"Velocidade Incompatível";"Colisão lateral";"Com Vítimas Feridas";"Plena Noite";"Decrescente";"Chuva";"Dupla";"Reta";"Não";4;0;2;0;1;1;2;3;-19,7970544;-44,1080512;"SPRF-MG";"DEL01-MG";"UOP02-DEL01-MG"
269051;2020-02-13;"quinta-feira";"18:00:00";"SC";470;3;"NAVEGANTES";"Defeito Mecânico no Veículo";"Tombamento";"Sem Vítimas";"Pleno dia";"Decrescente";"Nublado";"Simples";"Reta";"Sim";2;0;0;0;1;1;0;2;-26,861937;-48,681618;"SPRF-SC";"DEL04-SC";"UOP04-DEL04-SC"
269054;2020-02-13;"quinta-feira";"18:20:00";"MG";381;365;"SAO GONCALO DO RIO ABAIXO";"Desobediência às normas de trânsito pelo condutor";"Colisão frontal";"Com Vítimas Fatais";"Anoitecer";"Decrescente";"Chuva";"Simples";"Declive;Curva";"Não";2;1;0;0;1;0;0;2;-19,854868;-43,226938;"SPRF-MG";"DEL03-MG";"UOP01-DEL03-MG"
269058;2020-02-13;"quinta-feira";"16:00:00";"MA";316;205;"ZE DOCA";"Defeito na Via";"Tombamento";"Com Vítimas Feridas";"Pleno dia";"Decrescente";"Nublado";"Simples";"Reta";"Não";2;0;2;0;0;0;2;1;-3,340662;-45,662003;"SPRF-MA";"DEL02-MA";"UOP01-DEL02-MA"
269060;2020-02-13;"quinta-feira";"17:30:00";"RS";116;143,7;"CAXIAS DO SUL";"Desobediência às normas de trânsito pelo condutor";"Colisão lateral";"Com Vítimas Feridas";"Pleno dia";"Decrescente";"Céu Claro";"Dupla";"Curva";"Não";3;0;1;0;2;0;1;2;-29,1201739;-51,12260651;"SPRF-RS";"DEL05-RS";"UOP01-DEL05-RS"
269070;2020-02-13;"quinta-feira";"21:20:00";"PE";101;194;"PALMARES";"Restrição de Visibilidade";"Tombamento";"Com Vítimas Feridas";"Plena Noite";"Crescente";"Céu Claro";"Dupla";"Curva";"Não";3;0;2;0;0;1;2;2;-8,73032797;-35,60859916;"SPRF-PE";"DEL01-PE";"UOP03-DEL01-PE"
269076;2020-02-13;"quinta-feira";"22:40:00";"SC";470;45,8;"GASPAR";"Ingestão de Álcool";"Colisão lateral";"Com Vítimas Feridas";"Plena Noite";"Crescente";"Nublado";"Simples";"Reta";"Não";2;0;1;0;1;0;1;2;-26,867064;-49,031109;"SPRF-SC";"DEL04-SC";"UOP01-DEL04-SC"
269077;2020-02-13;"quinta-feira";"22:35:00";"SP";116;229,2;"SAO PAULO";"Falta de Atenção à Condução";"Colisão traseira";"Com Vítimas Feridas";"Plena Noite";"Decrescente";"Chuva";"Múltipla";"Reta";"Sim";4;0;1;0;2;1;1;4;-23,51495981;-46,57797858;"SPRF-SP";"DEL01-SP";"UOP01-DEL01-SP"
269079;2020-02-13;"quinta-feira";"20:50:00";"BA";101;236;"CONCEICAO DO ALMEIDA";"Falta de Atenção à Condução";"Colisão traseira";"Com Vítimas Feridas";"Plena Noite";"Crescente";"Céu Claro";"Simples";"Declive";"Não";5;0;1;0;3;2;1;6;-12,88117996;-39,21999041;"SPRF-BA";"DEL01-BA";"UOP02-DEL01-BA"
269080;2020-02-13;"quinta-feira";"16:15:00";"PR";476;312,8;"SAO MATEUS DO SUL";"Velocidade Incompatível";"Tombamento";"Com Vítimas Feridas";"Pleno dia";"Decrescente";"Sol";"Simples";"Curva";"Não";2;0;1;0;0;1;1;2;-26,024607;-50,671589;"SPRF-PR";"DEL02-PR";"UOP04-DEL02-PR"
269088;2020-02-13;"quinta-feira";"23:30:00";"MS";158;232;"TRES LAGOAS";"Falta de Atenção à Condução";"Saída de leito carroçável";"Sem Vítimas";"Plena Noite";"Decrescente";"Céu Claro";"Simples";"Aclive";"Não";1;0;0;0;1;0;0;1;-20,59706207;-51,62896095;"SPRF-MS";"DEL07-MS";"UOP01-DEL07-MS"
269091;2020-02-14;"sexta-feira";"00:20:00";"MG";40;92,5;"LAGOA GRANDE";"Condutor Dormindo";"Colisão lateral";"Com Vítimas Feridas";"Plena Noite";"Crescente";"Garoa/Chuvisco";"Simples";"Aclive";"Não";4;0;0;1;0;7;1;8;-17,51038005;-46,56073206;"SPRF-MG";"DEL14-MG";"UOP01-DEL14-MG"