"id";"data_inversa";"dia_semana";"horario";"uf";"br";"km";"municipio";"causa_acidente";"tipo_acidente";"classificacao_acidente";"fase_dia";"sentido_via";"condicao_metereologica";"tipo_pista";"tracado_via";"uso_solo";"pessoas";"mortos";"feridos_leves";"feridos_graves";"ilesos";"ignorados";"feridos";"veiculos";"latitude";"longitude";"regional";"delegacia";"uop"
269095;2020-02-14;"sexta-feira";"02:40:00";"RS";116;318,8;"BARRA DO RIBEIRO";"Ingestão de Álcool";"Colisão transversal";"Com Vítimas Feridas";"Plena Noite";"Crescente";"Céu Claro";"Dupla";"Desvio Temporário";"Sim";2;0;1;0;1;0;1;2;-30,27951755;-51,41185284;"SPRF-RS";"DEL02-RS";"UOP01-DEL02-RS"
269098;2020-02-14;"sexta-feira";"03:30:00";"AL";101;37,9;"JOAQUIM GOMES";"Falta de Atenção à Condução";"Tombamento";"Com Vítimas Feridas";"Amanhecer";"Decrescente";"Céu Claro";"Dupla";"Curva";"Não";1;0;1;0;0;0;1;1;-9,1393861;-35,77035538;"SPRF-AL";"DEL01-AL";"UOP02-DEL01-AL"
269100;2020-02-14;"sexta-feira";"04:20:00";"SP";116;531;"BARRA DO TURVO";"Falta de Atenção à Condução";"Colisão traseira";"Com Vítimas Feridas";"Plena Noite";"Crescente";"Nublado";"Dupla";"Reta";"Não";4;0;0;1;2;1;1;3;-24,95040608;-48,31521291;"SPRF-SP";"DEL05-SP";"UOP02-DEL05-SP"
269102;2020-02-14;"sexta-feira";"04:45:00";"BA";116;442,1;"FEIRA DE SANTANA";"Falta de Atenção à Condução";"Capotamento";"Com Vítimas Fatais";"Amanhecer";"Crescente";"Céu Claro";"Dupla";"Curva";"Não";2;1;1;0;0;0;1;1;-12,33676101;-39,07328599;"SPRF-BA";"DEL02-BA";"UOP01-DEL02-BA"
269103;2020-02-14;"sexta-feira";"05:30:00";"PR";369;161,3;"CAMBE";"Falta de Atenção à Condução";"Colisão traseira";"Com Vítimas Feridas";"Amanhecer";"Decrescente";"Céu Claro";"Dupla";"Reta;Aclive";"Sim";4;0;1;0;2;2;1;4;-23,28934243;-51,26253426;"SPRF-PR";"DEL07-PR";"UOP01-DEL07-PR"
269105;2020-02-14;"sexta-feira";"06:00:00";"GO";153;502;"GOIANIA";"Agressão Externa";"Colisão com objeto em movimento";"Com Vítimas Feridas";"Amanhecer";"Crescente";"Céu Claro";"Dupla";"Reta";"Sim";1;0;1;0;0;0;1;1;-16,7287;-49,2424;"SPRF-GO";"DEL01-GO";"UOP01-DEL01-GO"
269106;2020-02-14;"sexta-feira";"05:05:00";"PR";277;335,9;"GUARAPUAVA";"Velocidade Incompatível";"Tombamento";"Com Vítimas Feridas";"Plena Noite";"Crescente";"Céu Claro";"Dupla";"Curva;Declive";"Não";2;0;1;0;0;2;1;3;-25,36290841;-51,35000294;"SPRF-PR";"DEL08-PR";"UOP01-DEL08-PR"
269107;2020-02-14;"sexta-feira";"06:45:00";"AL";101;110,9;"PILAR";"Falta de Atenção à Condução";"Colisão lateral";"Sem Vítimas";"Pleno dia";"Crescente";"Céu Claro";"Simples";"Reta;Em Obras";"Não";5;0;0;0;3;2;0;4;-9,60344566;-36,02348615;"SPRF-AL";"DEL02-AL";"UOP01-DEL02-AL"
269117;2020-02-14;"sexta-feira";"06:00:00";"MT";163;895;"CLAUDIA";"Falta de Atenção à Condução";"Saída de leito carroçável";"Com Vítimas Feridas";"Pleno dia";"Crescente";"Céu Claro";"Simples";"Declive";"Não";3;0;1;1;1;0;2;1;-11,47850994;-55,36131742;"SPRF-MT";"DEL06-MT";"NPF/DEL06-MT"
269125;2020-02-14;"sexta-feira";"08:10:00";"SC";101;206;"SAO JOSE";"Não guardar distância de segurança";"Engavetamento";"Com Vítimas Feridas";"Pleno dia";"Crescente";"Céu Claro";"Múltipla";"Reta";"Sim";4;0;1;0;3;0;1;3;-27,59193546;-48,61824557;"SPRF-SC";"DEL01-SC";"UOP01-DEL01-SC"
269126;2020-02-07;"sexta-feira";"03:50:00";"MS";158;11,8;"CASSILANDIA";"Desobediência às normas de trânsito pelo condutor";"Derramamento de carga";"Sem Vítimas";"Amanhecer";"Crescente";"Céu Claro";"Simples";"Reta";"Não";2;0;0;0;1;2;0;3;-19,15106413;-51,66470107;"SPRF-MS";"DEL08-MS";"UOP01-DEL08-MS"
269128;2020-02-14;"sexta-feira";"07:00:00";"CE";222;36;"CAUCAIA";"Desobediência às normas de trânsito pelo condutor";"Engavetamento";"Com Vítimas Feridas";"Pleno dia";"Crescente";"Céu Claro";"Simples";"Reta";"Não";8;0;5;0;2;1;5;4;-3,69766843;-38,87312982;"SPRF-CE";"DEL01-CE";"UOP01-DEL01-CE"
269129;2020-02-14;"sexta-feira";"08:57:00";"MG";365;262;"JOAO PINHEIRO";"Condutor Dormindo";"Colisão lateral";"Com Vítimas Feridas";"Pleno dia";"Crescente";"Nublado";"Simples";"Reta";"Não";7;0;2;2;2;1;4;3;-17,88005786;-45,53451322;"SPRF-MG";"DEL14-MG";"UOP02-DEL14-MG"
269131;2020-02-14;"sexta-feira";"07:50:00";"MG";262;105;"ABRE CAMPO";"Desobediência às normas de trânsito pelo condutor";"Tombamento";"Com Vítimas Feridas";"Pleno dia";"Decrescente";"Nublado";"Simples";"Curva";"Não";1;0;0;1;0;0;1;1;-20,28900223;-42,55571834;"SPRF-MG";"DEL03-MG";"UOP03-DEL03-MG"
269143;2020-02-14;"sexta-feira";"10:40:00";"PB";101;91,8;"JOAO PESSOA";"Velocidade Incompatível";"Colisão traseira";"Com Vítimas Fatais";"Pleno dia";"Crescente";"Céu Claro";"Dupla";"Reta";"Sim";2;1;0;0;0;1;0;2;-7,18826412;-34,90308264;"SPRF-PB";"DEL01-PB";"UOP01-DEL01-PB"
269144;2020-02-14;"sexta-feira";"09:15:00";"SP";116;521;"CAJATI";"Falta de Atenção à Condução";"Colisão lateral";"Com Vítimas Feridas";"Pleno dia";"Crescente";"Sol";"Simples";"Curva";"Não";6;0;1;0;4;2;1;4;-24,8997218;-48,24745938;"SPRF-SP";"DEL05-SP";"UOP02-DEL05-SP"
269145;2020-02-14;"sexta-feira";"04:15:00";"MG";116;99,2;"MEDINA";"Condutor Dormindo";"Tombamento";"Com Vítimas Feridas";"Plena Noite";"Decrescente";"Céu Claro";"Simples";"Curva";"Não";3;0;0;2;0;1;2;3;-16,42391709;-41,48937682;"SPRF-MG";"DEL11-MG";"UOP02-DEL11-MG"
269150;2020-02-14;"sexta-feira";"09:40:00";"BA";101;196;"CONCEICAO DA FEIRA";"Defeito Mecânico no Veículo";"Incêndio";"Sem Vítimas";"Pleno dia";"Decrescente";"Céu Claro";"Simples";"Reta";"Não";1;0;0;0;1;0;0;1;-12,59679696;-39,038245;"SPRF-BA";"DEL01-BA";"UOP03-DEL01-BA"
269158;2020-02-14;"sexta-feira";"12:30:00";"ES";101;292;"CARIACICA";"Falta de Atenção à Condução";"Colisão traseira";"Com Vítimas Feridas";"Pleno dia";"Decrescente";"Céu Claro";"Dupla";"Reta";"Sim";4;0;2;0;1;1;2;3;-20,30650512;-40,39488717;"SPRF-ES";"DEL01-ES";"UOP01-DEL01-ES"
269159;2020-02-14;"sexta-feira";"12:30:00";"AL";316;258;"SATUBA";"Falta de Atenção à Condução";"Colisão frontal";"Com Vítimas Fatais";"Pleno dia";"Crescente";"Céu Claro";"Simples";"Reta";"Não";2;1;0;0;1;0;0;2;-9,59138313;-35,923087;"SPRF-AL";"DEL02-AL";"UOP01-DEL02-AL"
269161;2020-02-14;"sexta-feira";"09:30:00";"MG";50;55;"UBERLANDIA";"Defeito Mecânico no Veículo";"Colisão traseira";"Com Vítimas Feridas";"Pleno dia";"Decrescente";"Céu Claro";"Dupla";"Declive";"Não";4;0;1;0;2;2;1;4;-18,77290538;-48,24124319;"SPRF-MG";"DEL15-MG";"UOP02-DEL15-MG"
269166;2020-02-14;"sexta-feira";"13:35:00";"RS";290;75;"GRAVATAI";"Falta de Atenção à Condução";"Colisão lateral";"Com Vítimas Feridas";"Pleno dia";"Decrescente";"Céu Claro";"Dupla";"Reta";"Não";3;0;1;0;1;1;1;3;-29,95521;-51,006855;"SPRF-RS";"DEL01-RS";"UOP01-DEL01-RS"
269168;2020-02-14;"sexta-feira";"13:40:00";"CE";222;6,7;"CAUCAIA";"Falta de Atenção à Condução";"Colisão traseira";"Com Vítimas Feridas";"Pleno dia";"Crescente";"Céu Claro";"Dupla";"Reta";"Sim";3;0;0;1;2;0;1;2;-3,74539216;-38,62188041;"SPRF-CE";"DEL01-CE";"UOP01-DEL01-CE"
269169;2020-02-14;"sexta-feira";"13:15:00";"GO";40;5,9;"VALPARAISO DE GOIAS";"Velocidade Incompatível";"Saída de leito carroçável";"Com Vítimas Feridas";"Pleno dia";"Crescente";"Sol";"Dupla";"Reta;Declive";"Sim";2;0;1;0;1;0;1;1;-16,093134;-47,982236;"SPRF-DF";"DEL01-DF";"UOP01-DEL01-DF"
269175;2020-01-26;"domingo";"06:00:00";"BA";242;341;"LENCOIS";"Velocidade Incompatível";"Colisão transversal";"Com Vítimas Feridas";"Pleno dia";"Decrescente";"Chuva";"Simples";"Curva";"Não";7;0;4;0;2;1;4;4;-12,51224338;-41,24153888;"SPRF-BA";"DEL06-BA";"UOP01-DEL06-BA"
269176;2020-02-14;"sexta-feira";"13:00:00";"ES";101;410,9;"ITAPEMIRIM";"Defeito Mecânico no Veículo";"Saída de leito carroçável";"Com Vítimas Feridas";"Pleno dia";"Decrescente";"Sol";"Simples";"Reta;Ponte";"Não";2;0;0;1;0;1;1;2;-20,89897356;-41,05387129;"SPRF-ES";"DEL03-ES";"UOP02-DEL03-ES"
269185;2020-02-14;"sexta-feira";"14:00:00";"PE";101;64,7;"RECIFE";"Defeito Mecânico no Veículo";"Colisão com objeto em movimento";"Sem Vítimas";"Pleno dia";"Decrescente";"Céu Claro";"Dupla";"Viaduto";"Sim";2;0;0;0;2;0;0;2;-8,037553;-34,941477;"SPRF-PE";"DEL01-PE";"UOP01-DEL01-PE"
269186;2020-02-14;"sexta-feira";"14:25:00";"SP";116;442;"REGISTRO";"Falta de Atenção à Condução";"Colisão traseira";"Sem Vítimas";"Pleno dia";"Crescente";"Céu Claro";"Dupla";"Reta";"Sim";3;0;0;0;1;2;0;3;-24,47609886;-47,8273532;"SPRF-SP";"DEL05-SP";"UOP01-DEL05-SP"
269191;2020-02-14;"sexta-feira";"16:30:00";"GO";60;169;"ABADIA DE GOIAS";"Ultrapassagem Indevida";"Colisão lateral";"Com Vítimas Feridas";"Pleno dia";"Decrescente";"Sol";"Simples";"Interseção de Vias";"Sim";2;0;0;1;1;0;1;2;-16,7269;-49,3822;"SPRF-GO";"DEL01-GO";"UOP02-DEL01-GO"
269195;2020-02-10;"segunda-feira";"22:50:00";"PR";116;100;"SAO JOSE DOS PINHAIS";"Carga excessiva e/ou mal acondicionada";"Derramamento de carga";"Sem Vítimas";"Plena Noite";"Decrescente";"Céu Claro";"Dupla";"Reta";"Sim";1;0;0;0;0;1;0;1;-25,53379421;-49,14663578;"SPRF-PR";"DEL01-PR";"UOP01-DEL01-PR"
269198;2020-02-13;"quinta-feira";"15:00:00";"BA";242;504;"OLIVEIRA DOS BREJINHOS";"Ultrapassagem Indevida";"Saída de leito carroçável";"Sem Vítimas";"Pleno dia";"Crescente";"Sol";"Simples";"Reta";"Não";2;0;0;0;1;2;0;3;-12,35492189;-42,48498996;"SPRF-BA";"DEL06-BA";"UOP01-DEL06-BA"
269200;2020-02-14;"sexta-feira";"17:35:00";"PR";277;590;"CASCAVEL";"Falta de Atenção à Condução";"Colisão transversal";"Com Vítimas Feridas";"Pleno dia";"Crescente";"Nublado";"Simples";"Interseção de Vias";"Sim";4;0;1;0;2;2;1;5;-24,98120697;-53,45591501;"SPRF-PR";"DEL04-PR";"UOP01-DEL04-PR"
269203;2020-02-14;"sexta-feira";"18:00:00";"PR";277;589,4;"CASCAVEL";"Falta de Atenção à Condução";"Engavetamento";"Com Vítimas Feridas";"Pleno dia";"Crescente";"Nublado";"Simples";"Reta";"Sim";4;0;1;0;3;0;1;3;-24,9798615;-53,4523175;"SPRF-PR";"DEL04-PR";"UOP01-DEL04-PR"
269211;2020-02-14;"sexta-feira";"17:50:00";"SP";116;217,5;"GUARULHOS";"Não guardar distância de segurança";"Colisão traseira";"Com Vítimas Feridas";"Anoitecer";"Crescente";"Céu Claro";"Simples";"Reta";"Não";3;0;1;0;1;1;1;2;-23,45423824;-46,47119028;"SPRF-SP";"DEL01-SP";"UOP01-DEL01-SP"
269222;2020-02-14;"sexta-feira";"18:30:00";"MG";381;759,9;"TRES CORACOES";"Falta de Atenção à Condução";"Colisão lateral";"Com Vítimas Feridas";"Anoitecer";"Crescente";"Céu Claro";"Dupla";"Aclive";"Não";2;0;1;0;1;0;1;2;-21,71597801;-45,37713297;"SPRF-MG";"DEL16-MG";"UOP02-DEL16-MG"
269229;2020-02-14;"sexta-feira";"16:40:00";"GO";60;299;"ACREUNA";"Falta de Atenção à Condução";"Colisão traseira";"Com Vítimas Feridas";"Pleno dia";"Crescente";"Nublado";"Dupla";"Reta";"Não";3;0;1;0;1;2;1;4;-17,3572;-50,3304;"SPRF-GO";"DEL04-GO";"UOP01-DEL04-GO"
269237;2020-02-14;"sexta-feira";"19:20:00";"MS";262;771,2;"CORUMBA";"Falta de Atenção à Condução";"Colisão lateral";"Com Vítimas Fatais";"Plena Noite";"Decrescente";"Nublado";"Simples";"Reta";"Sim";3;1;0;0;1;1;0;3;-19,08285699;-57,62168025;"SPRF-MS";"N/A";"N/A"
269238;2020-02-14;"sexta-feira";"10:10:00";"SC";116;159,9;"SANTA CECILIA";"Falta de Atenção à Condução";"Saída de leito carroçável";"Sem Vítimas";"Pleno dia";"Crescente";"Céu Claro";"Simples";"Reta";"Não";2;0;0;0;1;2;0;3;-27,09960799;-50,45374278;"SPRF-SC";"DEL06-SC";"UOP02-DEL06-SC"
269243;2020-02-14;"sexta-feira";"20:30:00";"BA";101;7,3;"RIO REAL";"Carga excessiva e/ou mal acondicionada";"Tombamento";"Sem Vítimas";"Plena Noite";"Decrescente";"Céu Claro";"Simples";"Reta";"Sim";1;0;0;0;1;0;0;1;-11,59666208;-37,87803974;"SPRF-SE";"DEL02-SE";"UOP03-DEL02-SE"
269253;2020-02-14;"sexta-feira";"19:50:00";"BA";116;7,9;"VITORIA DA CONQUISTA";"Defeito Mecânico no Veículo";"Tombamento";"Com Vítimas Feridas";"Plena Noite";"Crescente";"Céu Claro";"Simples";"Declive;Curva;Rotatória";"Sim";1;0;1;0;0;0;1;1;-14,8470667;-40,88734712;"SPRF-BA";"DEL08-BA";"UOP01-DEL08-BA"
269259;2020-02-14;"sexta-feira";"21:00:00";"RN";405;72,2;"APODI";"Animais na Pista";"Atropelamento de Animal";"Sem Vítimas";"Plena Noite";"Decrescente";"Céu Claro";"Simples";"Reta";"Não";1;0;0;0;1;0;0;1;-5,62112166;-37,79091547;"SPRF-RN";"DEL04-RN";"UOP02-DEL04-RN"
269262;2020-02-14;"sexta-feira";"22:15:00";"SC";101;64,5;"ARAQUARI";"Condutor Dormindo";"Colisão traseira";"Com Vítimas Feridas";"Plena Noite";"Decrescente";"Céu Claro";"Dupla";"Reta";"Não";3;0;1;0;1;1;1;3;-26,46433196;-48,75063097;"SPRF-SC";"DEL03-SC";"UOP02-DEL03-SC"
269280;2020-02-14;"sexta-feira";"23:30:00";"AL";101;2,5;"NOVO LINO";"Condutor Dormindo";"Colisão traseira";"Com Vítimas Feridas";"Plena Noite";"Decrescente";"Céu Claro";"Dupla";"Reta";"Não";3;0;1;0;1;1;1;3;-8,8997843;-35,63578606;"SPRF-AL";"DEL01-AL";"UOP02-DEL01-AL"
269281;2020-02-14;"sexta-feira";"19:30:00";"RJ";40;113;"DUQUE DE CAXIAS";"Falta de Atenção à Condução";"Colisão traseira";"Com Vítimas Feridas";"Plena Noite";"Decrescente";"Nublado";"Simples";"Viaduto";"Sim";2;0;1;0;0;1;1;2;-22,70948502;-43,29040354;"SPRF-RJ";"DEL01-RJ";"UOP01-DEL01-RJ"
269282;2020-02-14;"sexta-feira";"18:23:00";"MG";381;616,6;"OLIVEIRA";"Falta de Atenção à Condução";"Saída de leito carroçável";"Com Vítimas Feridas";"Plena Noite";"Crescente";"Céu Claro";"Dupla";"Curva;Declive";"Não";2;0;1;0;0;1;1;2;-20,75304819;-44,77475634;"SPRF-MG";"DEL04-MG";"UOP01-DEL04-MG"
269283;2020-02-14;"sexta-feira";"23:00:00";"RS";290;91;"PORTO ALEGRE";"Defeito Mecânico no Veículo";"Colisão traseira";"Com Vítimas Feridas";"Plena Noite";"Decrescente";"Céu Claro";"Dupla";"Reta";"Sim";3;0;1;0;2;0;1;3;-29,969055;-51,167439;"SPRF-RS";"DEL01-RS";"UOP01-DEL01-RS"
269290;2020-02-14;"sexta-feira";"22:18:00";"MT";158;409,9;"RIBEIRAO CASCALHEIRA";"Defeito na Via";"Tombamento";"Com Vítimas Feridas";"Plena Noite";"Crescente";"Céu Claro";"Simples";"Reta";"Não";2;0;0;1;0;2;1;3;-12,8469446;-51,79436096;"SPRF-MT";"DEL07-MT";"UOP02-DEL07-MT"
269293;2020-02-14;"sexta-feira";"17:20:00";"MG";381;389;"BARAO DE COCAIS";"Ultrapassagem Indevida";"Colisão frontal";"Com Vítimas Fatais";"Pleno dia";"Crescente";"Céu Claro";"Simples";"Reta";"Não";6;1;0;1;3;1;1;5;-19,76956291;-43,45039195;"SPRF-MG";"DEL01-MG";"UOP01-DEL01-MG"
269294;2020-02-15;"sábado";"00:00:00";"SC";101;186;"BIGUACU";"Desobediência às normas de trânsito pelo pedestre";"Tombamento";"Com Vítimas Feridas";"Plena Noite";"Crescente";"Céu Claro";"Dupla";"Curva";"Não";4;0;1;0;2;2;1;4;-27,4341098;-48,62567129;"SPRF-SC";"DEL01-SC";"UOP01-DEL01-SC"
269297;2020-02-15;"sábado";"00:20:00";"SC";282;383;"HERVAL DOESTE";"Falta de Atenção à Condução";"Colisão frontal";"Com Vítimas Feridas";"Plena Noite";"Crescente";"Céu Claro";"Simples";"Curva";"Sim";3;0;0;1;1;2;1;4;-27,200508;-51,507919;"SPRF-SC";"DEL07-SC";"UOP05-DEL07-SC"
269309;2020-02-15;"sábado";"01:15:00";"MA";135;9,9;"SAO LUIS";"Pista Escorregadia";"Saída de leito carroçável";"Com Vítimas Feridas";"Pleno dia";"Decrescente";"Nublado";"Dupla";"Reta;Declive";"Não";3;0;2;0;0;2;2;4;-2,59360384;-44,33258057;"SPRF-MA";"DEL01-MA";"UOP01-DEL01-MA"
269321;2020-02-15;"sábado";"03:20:00";"SC";101;189;"BIGUACU";"Condutor Dormindo";"Colisão traseira";"Com Vítimas Feridas";"Plena Noite";"Crescente";"Céu Claro";"Dupla";"Reta";"Não";3;0;1;0;2;0;1;3;-27,459393;-48,638914;"SPRF-SC";"DEL01-SC";"UOP01-DEL01-SC"
269322;2020-02-15;"sábado";"05:00:00";"AL";101;83;"RIO LARGO";"Falta de Atenção à Condução";"Colisão traseira";"Com Vítimas Feridas";"Pleno dia";"Crescente";"Céu Claro";"Dupla";"Aclive";"Não";3;0;1;0;1;3;1;5;-9,45116308;-35,86952598;"SPRF-AL";"DEL01-AL";"UOP01-DEL01-AL"
269323;2020-02-15;"sábado";"04:20:00";"SC";101;332;"TUBARAO";"Falta de Atenção à Condução";"Colisão lateral";"Sem Vítimas";"Plena Noite";"Decrescente";"Nublado";"Simples";"Reta";"Sim";2;0;0;0;2;0;0;2;-28,46016431;-48,98968873;"SPRF-SC";"DEL02-SC";"UOP01-DEL02-SC"
269326;2020-02-15;"sábado";"05:50:00";"PR";116;101,5;"SAO JOSE DOS PINHAIS";"Desobediência às normas de trânsito pelo condutor";"Colisão traseira";"Com Vítimas Feridas";"Pleno dia";"Crescente";"Nublado";"Dupla";"Reta";"Não";2;0;1;0;1;0;1;2;-25,54167701;-49,1509368;"SPRF-PR";"DEL01-PR";"UOP01-DEL01-PR"
269332;2020-02-15;"sábado";"05:50:00";"MG";40;472;"SETE LAGOAS";"Condutor Dormindo";"Saída de leito carroçável";"Sem Vítimas";"Amanhecer";"Decrescente";"Nublado";"Dupla";"Reta";"Sim";1;0;0;0;1;0;0;1;-19,47543632;-44,29066576;"SPRF-MG";"DEL02-MG";"UOP01-DEL02-MG"
269336;2020-02-15;"sábado";"04:15:00";"MT";364;255;"JUSCIMEIRA";"Desobediência às normas de trânsito pelo condutor";"Derramamento de carga";"Com Vítimas Feridas";"Plena Noite";"Decrescente";"Céu Claro";"Dupla";"Interseção de Vias;Reta";"Não";2;0;0;1;0;1;1;2;-16,08922789;-54,86945773;"SPRF-MT";"DEL02-MT";"UOP01-DEL02-MT"
269338;2020-02-15;"sábado";"07:00:00";"BA";116;683;"JEQUIE";"Ultrapassagem Indevida";"Saída de leito carroçável";"Com Vítimas Feridas";"Pleno dia";"Decrescente";"Céu Claro";"Simples";"Reta";"Não";2;0;1;0;0;1;1;2;-13,92941602;-40,16096286;"SPRF-BA";"DEL03-BA";"UOP01-DEL03-BA"
269339;2020-02-15;"sábado";"06:20:00";"SC";282;15,6;"PALHOCA";"Desobediência às normas de trânsito pelo condutor";"Colisão lateral";"Sem Vítimas";"Amanhecer";"Crescente";"Céu Claro";"Simples";"Interseção de Vias";"Sim";3;0;0;0;2;1;0;3;-27,65596834;-48,67942398;"SPRF-SC";"DEL01-SC";"UOP02-DEL01-SC"
269342;2020-02-15;"sábado";"07:10:00";"SP";116;198;"ARUJA";"Falta de Atenção à Condução";"Colisão traseira";"Com Vítimas Feridas";"Pleno dia";"Crescente";"Céu Claro";"Dupla";"Aclive";"Não";4;0;1;0;2;2;1;5;-23,39973223;-46,30196571;"SPRF-SP";"DEL01-SP";"UOP01-DEL01-SP"
269344;2020-02-15;"sábado";"06:00:00";"PE";232;39,7;"VITORIA DE SANTO ANTAO";"Condutor Dormindo";"Colisão com objeto estático";"Sem Vítimas";"Pleno dia";"Decrescente";"Sol";"Dupla";"Curva";"Não";2;0;0;0;1;1;0;2;-8,11794861;-35,23326159;"SPRF-PE";"DEL02-PE";"UOP02-DEL02PE"
269345;2020-02-15;"sábado";"05:07:00";"RJ";40;109;"DUQUE DE CAXIAS";"Falta de Atenção à Condução";"Colisão lateral";"Sem Vítimas";"Amanhecer";"Crescente";"Céu Claro";"Múltipla";"Reta";"Sim";2;0;0;0;0;2;0;2;-22,67374628;-43,28638368;"SPRF-RJ";"DEL01-RJ";"UOP01-DEL01-RJ"
269347;2020-02-15;"sábado";"03:45:00";"MG";381;690,3;"LAVRAS";"Condutor Dormindo";"Saída de leito carroçável";"Sem Vítimas";"Plena Noite";"Decrescente";"Céu Claro";"Dupla";"Reta";"Não";1;0;0;0;1;0;0;1;-21,205013;-45,121601;"SPRF-MG";"DEL04-MG";"UOP02-DEL04-MG"
269349;2020-02-15;"sábado";"06:50:00";"SC";470;50;"BLUMENAU";"Desobediência às normas de trânsito pelo condutor";"Colisão transversal";"Sem Vítimas";"Pleno dia";"Crescente";"Sol";"Simples";"Rotatória";"Sim";2;0;0;0;1;1;0;2;-26,86240009;-49,08502579;"SPRF-SC";"DEL04-SC";"UOP01-DEL04-SC"
269350;2020-02-15;"sábado";"02:30:00";"BA";242;221,5;"ITABERABA";"Falta de Atenção à Condução";"Colisão traseira";"Com Vítimas Feridas";"Plena Noite";"Crescente";"Céu Claro";"Simples";"Reta";"Não";3;0;1;1;0;1;2;3;-12,52111736;-40,242341;"SPRF-BA";"DEL06-BA";"UOP02-DEL06-BA"
269354;2020-02-15;"sábado";"04:40:00";"PE";316;103;"OURICURI";"Deficiência ou não Acionamento do Sistema de Iluminação/Sinalização do Veículo";"Colisão traseira";"Com Vítimas Feridas";"Amanhecer";"Decrescente";"Ignorado";"Simples";"Reta";"Não";2;0;1;0;0;1;1;2;-7,948398;-39,922055;"SPRF-PE";"DEL05-PE";"UOP02-DEL05-PE"
269356;2020-02-15;"sábado";"05:10:00";"PE";316;103;"OURICURI";"Restrição de Visibilidade";"Colisão com objeto estático";"Sem Vítimas";"Amanhecer";"Decrescente";"Ignorado";"Simples";"Reta";"Não";1;0;0;0;1;0;0;1;-7,948398;-39,922055;"SPRF-PE";"DEL05-PE";"UOP02-DEL05-PE"
269357;2020-02-15;"sábado";"08:15:00";"RN";110;48,4;"MOSSORO";"Falta de Atenção à Condução";"Colisão lateral";"Sem Vítimas";"Pleno dia";"Decrescente";"Sol";"Dupla";"Reta";"Sim";3;0;0;0;1;2;0;3;-5,20881178;-37,33285083;"SPRF-RN";"DEL04-RN";"UOP01-DEL04-RN"
269365;2020-02-15;"sábado";"09:20:00";"PR";277;15;"PARANAGUA";"Avarias e/ou desgaste excessivo no pneu";"Tombamento";"Com Vítimas Feridas";"Pleno dia";"Crescente";"Sol";"Múltipla";"Reta";"Não";5;0;2;0;1;3;2;5;-25,568198;-48,615292;"SPRF-PR";"DEL01-PR";"UOP05-DEL01-PR"
269366;2020-02-15;"sábado";"09:40:00";"CE";20;421,3;"MARACANAU";"Pista Escorregadia";"Saída de leito carroçável";"Sem Vítimas";"Pleno dia";"Crescente";"Garoa/Chuvisco";"Dupla";"Reta";"Sim";2;0;0;0;1;1;0;2;-3,76999035;-38,67006282;"SPRF-CE";"DEL01-CE";"UOP02-DEL01-CE"
269368;2020-02-15;"sábado";"05:00:00";"GO";70;334,1;"JUSSARA";"Falta de Atenção à Condução";"Saída de leito carroçável";"Com Vítimas Feridas";"Amanhecer";"Crescente";"Céu Claro";"Simples";"Reta";"Não";2;0;1;0;0;1;1;2;-15,88440411;-51,04316711;"SPRF-GO";"DEL04-GO";"UOP01-DEL04-GO"
269372;2020-02-15;"sábado";"09:10:00";"RJ";40;84;"PETROPOLIS";"Condutor Dormindo";"Colisão com objeto estático";"Com Vítimas Feridas";"Pleno dia";"Crescente";"Sol";"Simples";"Curva;Túnel;Declive";"Não";2;0;1;0;0;1;1;2;-22,53665902;-43,23326111;"SPRF-RJ";"DEL06-RJ";"UOP01-DEL06-RJ"
269381;2020-02-15;"sábado";"09:50:00";"BA";116;419,9;"FEIRA DE SANTANA";"Sinalização da via insuficiente ou inadequada";"Colisão traseira";"Com Vítimas Feridas";"Pleno dia";"Decrescente";"Sol";"Dupla";"Reta";"Sim";3;0;1;0;2;0;1;2;-12,2153746;-38,96541595;"SPRF-BA";"DEL02-BA";"UOP01-DEL02-BA"
269389;2020-02-15;"sábado";"10:35:00";"RS";290;127,7;"ELDORADO DO SUL";"Não guardar distância de segurança";"Colisão traseira";"Com Vítimas Feridas";"Pleno dia";"Crescente";"Céu Claro";"Simples";"Reta";"Não";3;0;1;0;1;3;1;5;-30,056417;-51,479671;"SPRF-RS";"DEL02-RS";"UOP01-DEL02-RS"
269394;2020-02-15;"sábado";"06:40:00";"SC";470;219,2;"SAO CRISTOVAO DO SUL";"Desobediência às normas de trânsito pelo condutor";"Colisão frontal";"Com Vítimas Fatais";"Amanhecer";"Crescente";"Céu Claro";"Simples";"Aclive;Reta";"Não";3;1;0;0;1;1;0;3;-27,3066;-50,30738;"SPRF-SC";"DEL05-SC";"UOP03-DEL05-SC"
269403;2020-02-15;"sábado";"12:15:00";"PB";230;16,3;"JOAO PESSOA";"Não guardar distância de segurança";"Engavetamento";"Com Vítimas Feridas";"Pleno dia";"Crescente";"Céu Claro";"Dupla";"Declive;Reta";"Sim";4;0;1;0;2;2;1;5;-7,1039;-34,8458;"SPRF-PB";"DEL01-PB";"UOP01-DEL01-PB"
269414;2020-02-15;"sábado";"14:00:00";"MA";316;553,5;"CAXIAS";"Falta de Atenção à Condução";"Colisão lateral";"Com Vítimas Feridas";"Pleno dia";"Decrescente";"Céu Claro";"Múltipla";"Rotatória";"Sim";3;0;1;0;1;1;1;3;-4,877648;-43,338158;"SPRF-MA";"DEL03-MA";"UOP02-DEL03-MA"