"id";"data_inversa";"dia_semana";"horario";"uf";"br";"km";"municipio";"causa_acidente";"tipo_acidente";"classificacao_acidente";"fase_dia";"sentido_via";"condicao_metereologica";"tipo_pista";"tracado_via";"uso_solo";"pessoas";"mortos";"feridos_leves";"feridos_graves";"ilesos";"ignorados";"feridos";"veiculos";"latitude";"longitude";"regional";"delegacia";"uop"
269415;2020-02-09;"domingo";"11:50:00";"BA";349;921;"CORRENTINA";"Defeito Mecânico no Veículo";"Atropelamento de Pedestre";"Com Vítimas Fatais";"Pleno dia";"Crescente";"Nublado";"Simples";"Reta";"Sim";3;2;1;0;0;0;1;2;-13,34602989;-44,63560581;"SPRF-BA";"DEL10-BA";"UOP01-DEL10-BA"
269417;2020-02-15;"sábado";"09:30:00";"MA";316;605;"TIMON";"Defeito Mecânico no Veículo";"Colisão traseira";"Com Vítimas Feridas";"Pleno dia";"Crescente";"Céu Claro";"Simples";"Reta";"Não";7;0;2;0;5;0;2;5;-5,047525;-42,915745;"SPRF-MA";"DEL03-MA";"UOP02-DEL03-MA"
269418;2020-02-15;"sábado";"15:06:00";"TO";153;154,7;"ARAGUAINA";"Não guardar distância de segurança";"Colisão traseira";"Com Vítimas Feridas";"Pleno dia";"Crescente";"Sol";"Simples";"Ponte";"Sim";5;0;3;1;0;1;4;2;-7,27973969;-48,27188825;"SPRF-TO";"DEL02-TO";"UOP01-DEL02-TO"
269420;2020-02-15;"sábado";"12:50:00";"SC";470;9,5;"NAVEGANTES";"Falta de Atenção à Condução";"Colisão traseira";"Com Vítimas Feridas";"Pleno dia";"Decrescente";"Sol";"Simples";"Reta";"Não";4;0;0;2;1;1;2;4;-26,833143;-48,727432;"SPRF-SC";"DEL04-SC";"UOP04-DEL04-SC"
269421;2020-02-15;"sábado";"15:20:00";"SP";116;390,4;"MIRACATU";"Defeito Mecânico no Veículo";"Colisão com objeto estático";"Com Vítimas Feridas";"Pleno dia";"Crescente";"Céu Claro";"Dupla";"Reta";"Não";2;0;1;0;0;1;1;2;-24,27711027;-47,41739988;"SPRF-SP";"DEL04-SP";"UOP02-DEL04-SP"
269425;2020-02-15;"sábado";"16:00:00";"PE";101;38,3;"IGARASSU";"Falta de Atenção à Condução";"Colisão lateral";"Com Vítimas Feridas";"Pleno dia";"Decrescente";"Céu Claro";"Dupla";"Reta";"Não";3;0;1;0;1;3;1;5;-7,80600806;-34,92522908;"SPRF-PE";"DEL01-PE";"UOP02-DEL01-PE"
269436;2020-02-15;"sábado";"17:00:00";"GO";414;388,1;"CORUMBA DE GOIAS";"Velocidade Incompatível";"Saída de leito carroçável";"Com Vítimas Feridas";"Pleno dia";"Crescente";"Céu Claro";"Simples";"Curva;Declive";"Não";8;0;0;7;0;1;7;3;-15,88575819;-48,79661256;"SPRF-GO";"DEL02-GO";"UOP01-DEL02-GO"
269442;2020-02-14;"sexta-feira";"00:30:00";"MT";163;1110;"GUARANTA DO NORTE";"Velocidade Incompatível";"Tombamento";"Sem Vítimas";"Plena Noite";"Crescente";"Nublado";"Simples";"Curva;Declive";"Não";2;0;0;0;1;3;0;4;-9,601826;-54,879456;"SPRF-MT";"DEL06-MT";"NPF/DEL06-MT"
269453;2020-02-15;"sábado";"15:30:00";"BA";116;603;"IRAJUBA";"Condutor Dormindo";"Colisão transversal";"Sem Vítimas";"Pleno dia";"Crescente";"Céu Claro";"Simples";"Reta";"Não";3;0;0;0;2;2;0;4;-13,22540422;-40,01948918;"SPRF-BA";"DEL03-BA";"UOP02-DEL03-BA"
269456;2020-02-15;"sábado";"17:15:00";"MG";381;942;"EXTREMA";"Falta de Atenção à Condução";"Saída de leito carroçável";"Com Vítimas Feridas";"Pleno dia";"Decrescente";"Céu Claro";"Múltipla";"Curva";"Não";4;0;1;0;2;2;1;4;-22,86605937;-46,34940386;"SPRF-MG";"DEL16-MG";"UOP03-DEL16-MG"
269459;2020-02-15;"sábado";"14:00:00";"MA";316;463;"CODO";"Velocidade Incompatível";"Colisão com objeto estático";"Com Vítimas Feridas";"Pleno dia";"Crescente";"Chuva";"Simples";"Curva";"Não";1;0;1;0;0;0;1;1;-4,532152;-44,033459;"SPRF-MA";"DEL03-MA";"UOP01-DEL03-MA"
269461;2020-02-03;"segunda-feira";"10:50:00";"PA";316;49,6;"SANTA IZABEL DO PARA";"Desobediência às normas de trânsito pelo condutor";"Danos eventuais";"Com Vítimas Feridas";"Pleno dia";"Decrescente";"Nublado";"Dupla";"Reta";"Não";3;0;1;0;0;2;1;3;-1,30569361;-48,04112077;"SPRF-PA";"DEL01-PA";"UOP01-DEL01-PA"
269464;2020-02-15;"sábado";"20:10:00";"SP";153;49,1;"SAO JOSE DO RIO PRETO";"Desobediência às normas de trânsito pelo pedestre";"Atropelamento de Pedestre";"Com Vítimas Feridas";"Plena Noite";"Decrescente";"Céu Claro";"Simples";"Reta";"Não";3;0;0;1;0;2;1;2;-20,70000401;-49,33945823;"SPRF-SP";"DEL09-SP";"UOP01-DEL09-SP"
269465;2020-02-15;"sábado";"15:00:00";"MG";116;124;"ITAOBIM";"Falta de Atenção à Condução";"Tombamento";"Sem Vítimas";"Pleno dia";"Decrescente";"Céu Claro";"Simples";"Curva";"Não";2;0;0;0;1;1;0;2;-16,63600491;-41,50254588;"SPRF-MG";"DEL11-MG";"UOP02-DEL11-MG"
269484;2020-02-07;"sexta-feira";"13:20:00";"MS";158;142;"APARECIDA DO TABOADO";"Falta de Atenção à Condução";"Tombamento";"Com Vítimas Feridas";"Pleno dia";"Decrescente";"Céu Claro";"Dupla";"Rotatória";"Sim";2;0;1;0;0;1;1;2;-20,05240582;-51,11218661;"SPRF-MS";"DEL08-MS";"UOP01-DEL08-MS"
269493;2020-02-15;"sábado";"20:50:00";"MS";163;281,9;"DOURADOS";"Não guardar distância de segurança";"Colisão traseira";"Sem Vítimas";"Plena Noite";"Decrescente";"Céu Claro";"Simples";"Reta";"Não";5;0;0;0;3;2;0;4;-22,12729668;-54,60584971;"SPRF-MS";"DEL04-MS";"UOP01-DEL04-MS"
269497;2020-02-15;"sábado";"22:30:00";"GO";50;117,4;"IPAMERI";"Condutor Dormindo";"Saída de leito carroçável";"Com Vítimas Feridas";"Plena Noite";"Crescente";"Chuva";"Dupla";"Reta";"Não";2;0;1;0;0;1;1;2;-16,9309;-47,7117;"SPRF-DF";"DEL01-DF";"UOP02-DEL01-DF"
269508;2020-02-15;"sábado";"21:30:00";"PR";116;40;"CAMPINA GRANDE DO SUL";"Falta de Atenção à Condução";"Tombamento";"Com Vítimas Feridas";"Plena Noite";"Decrescente";"Nublado";"Dupla";"Reta";"Não";2;0;1;0;0;1;1;2;-25,16445203;-48,86237697;"SPRF-PR";"DEL01-PR";"UOP02-DEL01-PR"
269513;2020-02-15;"sábado";"23:12:00";"CE";116;375,6;"ICO";"Desobediência às normas de trânsito pelo condutor";"Colisão transversal";"Com Vítimas Fatais";"Plena Noite";"Crescente";"Nublado";"Simples";"Interseção de Vias";"Sim";4;1;0;0;1;2;0;4;-6,40530322;-38,84561777;"SPRF-CE";"DEL05-CE";"UOP01-DEL05-CE"
269515;2020-02-15;"sábado";"14:15:00";"SC";282;492;"XANXERE";"Velocidade Incompatível";"Colisão lateral";"Sem Vítimas";"Pleno dia";"Decrescente";"Céu Claro";"Simples";"Curva";"Não";1;0;0;0;1;0;0;1;-26,871534;-52,300915;"SPRF-SC";"DEL07-SC";"UOP01-DEL07-SC"
269520;2020-02-05;"quarta-feira";"16:35:00";"PA";230;114;"MARABA";"Velocidade Incompatível";"Tombamento";"Com Vítimas Feridas";"Pleno dia";"Crescente";"Sol";"Dupla";"Rotatória";"Sim";3;0;2;0;0;1;2;2;-5,36466678;-49,06623294;"SPRF-PA";"DEL03-PA";"UOP01-DEL03-PA"
269526;2020-02-16;"domingo";"01:40:00";"MG";365;407;"PATOS DE MINAS";"Ingestão de Álcool";"Colisão transversal";"Sem Vítimas";"Plena Noite";"Crescente";"Céu Claro";"Simples";"Viaduto";"Sim";6;0;0;0;5;1;0;3;-18,63843772;-46,48830414;"SPRF-CE";"N/A";"N/A"
269542;2020-02-16;"domingo";"00:50:00";"ES";482;86;"ALEGRE";"Falta de Atenção à Condução";"Colisão traseira";"Com Vítimas Feridas";"Plena Noite";"Decrescente";"Céu Claro";"Simples";"Curva";"Não";2;0;0;1;1;0;1;2;-20,75869695;-41,54812985;"SPRF-ES";"DEL03-ES";"UOP02-DEL03-ES"
269544;2020-02-16;"domingo";"02:00:00";"MT";364;275,3;"JACIARA";"Falta de Atenção à Condução";"Tombamento";"Com Vítimas Feridas";"Plena Noite";"Decrescente";"Ignorado";"Simples";"Aclive";"Não";2;0;1;0;0;2;1;3;-15,95085604;-54,98237599;"SPRF-MT";"DEL05-MT";"UOP02-DEL05-MT"
269551;2020-02-16;"domingo";"02:10:00";"MG";116;102,7;"ITAOBIM";"Condutor Dormindo";"Saída de leito carroçável";"Com Vítimas Feridas";"Plena Noite";"Crescente";"Céu Claro";"Simples";"Reta";"Não";2;0;1;0;0;1;1;2;-16,44666093;-41,49918038;"SPRF-MG";"DEL11-MG";"UOP02-DEL11-MG"
269554;2020-02-16;"domingo";"05:25:00";"TO";153;335;"GUARAI";"Ingestão de Álcool";"Colisão traseira";"Com Vítimas Feridas";"Amanhecer";"Decrescente";"Céu Claro";"Múltipla";"Reta";"Sim";4;0;1;0;2;1;1;4;-8,84481597;-48,5107318;"SPRF-TO";"DEL02-TO";"UOP02-DEL02-TO"
269575;2020-02-14;"sexta-feira";"17:30:00";"MT";70;573;"NOSSA SENHORA DO LIVRAMENTO";"Pista Escorregadia";"Colisão frontal";"Com Vítimas Feridas";"Anoitecer";"Crescente";"Chuva";"Simples";"Reta";"Não";6;0;3;1;1;1;4;3;-15,72283194;-56,510407;"SPRF-MT";"DEL03-MT";"UOP02-DEL03-MT"
269577;2020-01-14;"terça-feira";"07:15:00";"SC";470;286,8;"BRUNOPOLIS";"Condutor Dormindo";"Colisão lateral";"Com Vítimas Feridas";"Pleno dia";"Crescente";"Céu Claro";"Simples";"Curva";"Não";3;0;1;1;0;1;2;3;-27,32847;-50,922611;"SPRF-SC";"DEL07-SC";"UOP06-DEL07-SC"
269583;2020-02-16;"domingo";"08:15:00";"MG";116;281,3;"TEOFILO OTONI";"Condutor Dormindo";"Saída de leito carroçável";"Com Vítimas Feridas";"Pleno dia";"Crescente";"Céu Claro";"Simples";"Reta;Aclive";"Não";2;0;1;0;0;1;1;2;-17,89352518;-41,52352462;"SPRF-MG";"DEL11-MG";"UOP01-DEL11-MG"
269586;2020-02-16;"domingo";"07:40:00";"MG";365;591,5;"ARAGUARI";"Falta de Atenção à Condução";"Colisão frontal";"Com Vítimas Fatais";"Pleno dia";"Decrescente";"Céu Claro";"Simples";"Reta";"Não";2;1;0;0;1;0;0;2;-18,88302;-48,03573;"SPRF-MG";"DEL15-MG";"UOP02-DEL15-MG"
269592;2020-02-16;"domingo";"10:10:00";"SP";116;302;"SAO LOURENCO DA SERRA";"Não guardar distância de segurança";"Colisão traseira";"Com Vítimas Feridas";"Pleno dia";"Crescente";"Céu Claro";"Dupla";"Aclive;Curva";"Não";3;0;1;0;1;2;1;4;-23,81957108;-46,92449376;"SPRF-SP";"DEL04-SP";"UOP01-DEL04-SP"
269593;2020-02-16;"domingo";"10:15:00";"MG";116;780,7;"LEOPOLDINA";"Velocidade Incompatível";"Saída de leito carroçável";"Com Vítimas Feridas";"Pleno dia";"Decrescente";"Sol";"Simples";"Curva";"Não";2;0;1;0;0;3;1;4;-21,61482397;-42,69263203;"SPRF-MG";"DEL07-MG";"UOP01-DEL07-MG"
269595;2020-02-16;"domingo";"08:55:00";"MT";174;314,7;"PONTES E LACERDA";"Falta de Atenção à Condução";"Tombamento";"Sem Vítimas";"Pleno dia";"Crescente";"Céu Claro";"Simples";"Reta";"Não";6;0;0;0;5;3;0;7;-15,015435;-59,28943099;"SPRF-MT";"DEL04-MT";"UOP01-DEL04-MT"
269603;2020-02-16;"domingo";"10:50:00";"SE";101;115;"ITAPORANGA DAJUDA";"Defeito Mecânico no Veículo";"Tombamento";"Com Vítimas Feridas";"Pleno dia";"Decrescente";"Céu Claro";"Dupla";"Reta";"Não";2;0;1;0;0;1;1;2;-11,00451077;-37,30888444;"SPRF-SE";"DEL02-SE";"UOP01-DEL02-SE"
269606;2020-02-16;"domingo";"11:15:00";"SP";116;326,5;"JUQUITIBA";"Falta de Atenção à Condução";"Colisão com objeto estático";"Com Vítimas Feridas";"Pleno dia";"Decrescente";"Céu Claro";"Dupla";"Curva";"Não";1;0;0;1;0;0;1;1;-23,93901304;-47,06241203;"SPRF-SP";"DEL04-SP";"UOP01-DEL04-SP"
269609;2020-02-16;"domingo";"12:00:00";"MG";251;478,7;"FRANCISCO SA";"Defeito Mecânico no Veículo";"Incêndio";"Sem Vítimas";"Pleno dia";"Crescente";"Céu Claro";"Simples";"Reta";"Não";2;0;0;0;1;1;0;2;-16,48180299;-43,50645602;"SPRF-MG";"DEL12-MG";"UOP01-DEL12-MG"
269614;2020-02-16;"domingo";"12:00:00";"PI";230;174;"SAO JOAO DA VARJOTA";"Falta de Atenção à Condução";"Saída de leito carroçável";"Sem Vítimas";"Pleno dia";"Decrescente";"Céu Claro";"Simples";"Reta";"Não";2;0;0;0;1;2;0;3;-6,9414232;-41,93896897;"SPRF-PI";"DEL04-PI";"UOP01-DEL04-PI"
269615;2020-02-16;"domingo";"13:40:00";"TO";153;609,9;"CRIXAS DO TOCANTINS";"Falta de Atenção à Condução";"Colisão frontal";"Com Vítimas Fatais";"Pleno dia";"Decrescente";"Sol";"Simples";"Reta";"Não";3;1;0;0;1;2;0;4;-11,17595301;-48,92781585;"SPRF-TO";"DEL01-TO";"UOP02-DEL01-TO"
269624;2020-02-16;"domingo";"14:10:00";"SC";101;187,7;"BIGUACU";"Falta de Atenção à Condução";"Capotamento";"Com Vítimas Feridas";"Pleno dia";"Crescente";"Céu Claro";"Dupla";"Reta";"Sim";6;0;4;0;1;3;4;5;-27,44307116;-48,62848475;"SPRF-SC";"DEL01-SC";"UOP01-DEL01-SC"
269626;2020-02-16;"domingo";"12:10:00";"MG";381;214,7;"NAQUE";"Mal Súbito";"Colisão lateral";"Com Vítimas Feridas";"Pleno dia";"Crescente";"Céu Claro";"Simples";"Curva";"Sim";3;0;0;1;1;1;1;3;-19,22861234;-42,32619166;"SPRF-MG";"DEL06-MG";"UOP01-DEL06-MG"
269631;2020-02-16;"domingo";"12:40:00";"MS";267;232;"NOVA ALVORADA DO SUL";"Agressão Externa";"Tombamento";"Sem Vítimas";"Pleno dia";"Decrescente";"Sol";"Simples";"Reta";"Não";2;0;0;0;1;3;0;4;-21,52043091;-54,23225993;"SPRF-MS";"DEL02-MS";"UOP01-DEL02-MS"
269666;2020-02-16;"domingo";"14:30:00";"GO";20;74,5;"FORMOSA";"Falta de Atenção à Condução";"Saída de leito carroçável";"Com Vítimas Feridas";"Pleno dia";"Crescente";"Nublado";"Simples";"Reta";"Não";3;0;0;1;2;0;1;1;-15,136623;-47,130238;"SPRF-DF";"DEL02-DF";"UOP01-DEL02-DF"
269671;2020-02-16;"domingo";"14:10:00";"BA";110;132;"CICERO DANTAS";"Ingestão de Álcool";"Colisão lateral";"Com Vítimas Feridas";"Pleno dia";"Decrescente";"Céu Claro";"Simples";"Reta";"Não";3;0;0;1;1;1;1;2;-10,556589;-38,37482995;"SPRF-BA";"DEL07-BA";"UOP02-DEL07-BA"
269691;2020-02-16;"domingo";"09:30:00";"BA";101;422;"IBIRAPITANGA";"Falta de Atenção à Condução";"Saída de leito carroçável";"Sem Vítimas";"Pleno dia";"Decrescente";"Sol";"Simples";"Curva";"Não";2;0;0;0;1;1;0;2;-14,13957196;-39,35165405;"SPRF-BA";"DEL05-BA";"UOP03-DEL05-BA"
269694;2020-02-16;"domingo";"15:20:00";"SC";282;519,2;"XAXIM";"Ingestão de Álcool";"Colisão frontal";"Com Vítimas Feridas";"Pleno dia";"Crescente";"Chuva";"Simples";"Reta";"Sim";6;0;2;2;1;1;4;4;-26,947527;-52,517536;"SPRF-SC";"DEL07-SC";"UOP01-DEL07-SC"
269706;2020-02-16;"domingo";"18:40:00";"SC";101;168,1;"TIJUCAS";"Defeito Mecânico no Veículo";"Saída de leito carroçável";"Com Vítimas Feridas";"Anoitecer";"Crescente";"Céu Claro";"Dupla";"Rotatória";"Não";2;0;0;1;0;1;1;2;-27,279105;-48,631554;"SPRF-SC";"DEL04-SC";"UOP03-DEL04-SC"
269707;2020-02-16;"domingo";"13:00:00";"MS";359;17,2;"COSTA RICA";"Falta de Atenção à Condução";"Tombamento";"Sem Vítimas";"Pleno dia";"Crescente";"Céu Claro";"Simples";"Rotatória";"Não";3;0;0;0;1;2;0;3;-18,19981186;-53,12385116;"SPRF-MS";"DEL06-MS";"UOP01-DEL06-MS"
269729;2020-02-16;"domingo";"22:20:00";"RS";116;245;"SAO LEOPOLDO";"Defeito Mecânico no Veículo";"Saída de leito carroçável";"Com Vítimas Feridas";"Plena Noite";"Decrescente";"Ignorado";"Simples";"Reta";"Sim";3;0;1;0;2;0;1;2;-29,74980902;-51,15125361;"SPRF-RS";"DEL01-RS";"UOP02-DEL01-RS"
269732;2020-02-16;"domingo";"21:00:00";"PR";277;140;"BALSA NOVA";"Falta de Atenção à Condução";"Saída de leito carroçável";"Sem Vítimas";"Plena Noite";"Crescente";"Céu Claro";"Simples";"Reta";"Não";2;0;0;0;1;1;0;2;-25,46472432;-49,73512888;"SPRF-PR";"DEL01-PR";"UOP03-DEL03-PR"
269738;2020-02-16;"domingo";"21:00:00";"RS";468;0,7;"PALMEIRA DAS MISSOES";"Falta de Atenção à Condução";"Colisão frontal";"Com Vítimas Feridas";"Plena Noite";"Crescente";"Céu Claro";"Simples";"Reta";"Não";3;0;0;1;1;1;1;3;-27,882782;-53,304043;"SPRF-RS";"DEL08-RS";"UOP01-DEL08-RS"
269739;2020-02-16;"domingo";"16:40:00";"MA";10;251,3;"IMPERATRIZ";"Defeito Mecânico no Veículo";"Colisão transversal";"Sem Vítimas";"Pleno dia";"Crescente";"Céu Claro";"Simples";"Interseção de Vias";"Não";5;0;0;0;4;2;0;4;-5,543249;-47,464447;"SPRF-MA";"DEL04-MA";"UOP01-DEL04-MA"
269742;2020-02-16;"domingo";"20:30:00";"MS";158;317,8;"TRES LAGOAS";"Condutor Dormindo";"Saída de leito carroçável";"Com Vítimas Feridas";"Plena Noite";"Crescente";"Céu Claro";"Simples";"Reta";"Não";2;0;1;0;0;1;1;2;-21,07685205;-51,93414182;"SPRF-MS";"DEL07-MS";"UOP01-DEL07-MS"
269751;2020-02-16;"domingo";"22:15:00";"SC";282;252;"SAO JOSE DO CERRITO";"Velocidade Incompatível";"Colisão lateral";"Com Vítimas Feridas";"Plena Noite";"Decrescente";"Céu Claro";"Simples";"Curva";"Não";3;0;1;1;1;0;2;2;-27,691267;-50,561481;"SPRF-SC";"DEL05-SC";"UOP02-DEL05-SC"
269757;2020-02-17;"segunda-feira";"00:02:00";"MG";356;264,6;"MURIAE";"Falta de Atenção à Condução";"Danos eventuais";"Sem Vítimas";"Plena Noite";"Decrescente";"Nublado";"Simples";"Interseção de Vias";"Sim";3;0;0;0;1;2;0;3;-21,12481711;-42,38070488;"SPRF-MG";"DEL07-MG";"UOP02-DEL07-MG"
269758;2020-02-17;"segunda-feira";"01:09:00";"SP";381;21;"BRAGANCA PAULISTA";"Velocidade Incompatível";"Colisão traseira";"Com Vítimas Feridas";"Plena Noite";"Crescente";"Céu Claro";"Dupla";"Aclive";"Não";5;0;0;1;3;1;1;5;-22,99140199;-46,50878201;"SPRF-SP";"DEL03-SP";"UOP01-DEL03-SP"
269761;2020-02-17;"segunda-feira";"02:00:00";"PR";116;48;"CAMPINA GRANDE DO SUL";"Falta de Atenção à Condução";"Saída de leito carroçável";"Com Vítimas Feridas";"Plena Noite";"Decrescente";"Céu Claro";"Dupla";"Reta";"Sim";5;0;1;0;3;1;1;3;-25,21708693;-48,90395114;"SPRF-PR";"DEL01-PR";"UOP02-DEL01-PR"
269762;2020-02-17;"segunda-feira";"02:10:00";"PE";423;86,1;"SAO JOAO";"Ingestão de Álcool";"Colisão lateral";"Com Vítimas Feridas";"Plena Noite";"Crescente";"Céu Claro";"Simples";"Reta";"Não";4;0;0;2;1;1;2;3;-8,814827;-36,445715;"SPRF-PE";"DEL03-PE";"UOP01-DEL03-PE"
269763;2020-02-17;"segunda-feira";"02:30:00";"MG";40;436;"PARAOPEBA";"Não guardar distância de segurança";"Colisão lateral";"Com Vítimas Feridas";"Plena Noite";"Crescente";"Nublado";"Dupla";"Reta";"Não";10;0;7;0;2;2;7;4;-19,2269;-44,44139;"SPRF-MG";"DEL02-MG";"UOP01-DEL02-MG"
269771;2020-02-17;"segunda-feira";"05:15:00";"RS";468;94,5;"TRES PASSOS";"Falta de Atenção à Condução";"Colisão traseira";"Com Vítimas Fatais";"Amanhecer";"Crescente";"Céu Claro";"Simples";"Reta";"Não";2;1;0;0;1;0;0;2;-27,51245261;-53,8826598;"SPRF-RS";"DEL08-RS";"UOP02-DEL08-RS"
269772;2020-02-17;"segunda-feira";"05:10:00";"SC";101;328,9;"TUBARAO";"Animais na Pista";"Atropelamento de Animal";"Com Vítimas Feridas";"Amanhecer";"Crescente";"Nublado";"Dupla";"Reta";"Sim";3;0;1;0;2;0;1;3;-28,45484498;-48,98069859;"SPRF-SC";"DEL02-SC";"UOP01-DEL02-SC"
269780;2020-02-17;"segunda-feira";"06:05:00";"MG";267;293;"BAEPENDI";"Falta de Atenção à Condução";"Colisão frontal";"Com Vítimas Fatais";"Pleno dia";"Crescente";"Céu Claro";"Simples";"Reta";"Não";3;1;0;0;1;3;0;5;-21,93120403;-44,83482299;"SPRF-MG";"DEL17-MG";"UOP01-DEL17-MG"
269784;2020-02-17;"segunda-feira";"00:30:00";"SP";381;33,2;"ATIBAIA";"Velocidade Incompatível";"Saída de leito carroçável";"Com Vítimas Feridas";"Plena Noite";"Decrescente";"Céu Claro";"Dupla";"Curva";"Não";2;0;1;0;0;1;1;2;-23,07412543;-46,56585217;"SPRF-SP";"DEL03-SP";"UOP01-DEL03-SP"
269789;2020-02-17;"segunda-feira";"06:50:00";"MG";40;463,1;"SETE LAGOAS";"Velocidade Incompatível";"Saída de leito carroçável";"Com Vítimas Feridas";"Pleno dia";"Crescente";"Chuva";"Dupla";"Reta;Declive";"Não";1;0;1;0;0;0;1;1;-19,422212;-44,338858;"SPRF-MG";"DEL02-MG";"UOP01-DEL02-MG"
269790;2020-02-16;"domingo";"22:30:00";"MG";381;630,5;"OLIVEIRA";"Falta de Atenção à Condução";"Saída de leito carroçável";"Sem Vítimas";"Plena Noite";"Decrescente";"Nublado";"Dupla";"Curva";"Não";2;0;0;0;1;1;0;2;-20,84702065;-44,83281432;"SPRF-MG";"DEL04-MG";"UOP01-DEL04-MG"
269797;2020-02-17;"segunda-feira";"07:10:00";"PR";116;114;"CURITIBA";"Não guardar distância de segurança";"Colisão traseira";"Com Vítimas Feridas";"Pleno dia";"Crescente";"Céu Claro";"Dupla";"Reta";"Não";2;0;1;0;1;0;1;2;-25,56296907;-49,25643801;"SPRF-PR";"DEL01-PR";"UOP06-DEL01-PR"
269798;2020-02-17;"segunda-feira";"04:50:00";"SC";470;205;"PONTE ALTA";"Defeito na Via";"Saída de leito carroçável";"Com Vítimas Feridas";"Amanhecer";"Decrescente";"Garoa/Chuvisco";"Simples";"Declive";"Não";2;0;1;0;0;1;1;2;-27,29212;-50,175362;"SPRF-SC";"DEL05-SC";"UOP03-DEL05-SC"
269799;2020-02-17;"segunda-feira";"06:20:00";"MG";381;868,4;"POUSO ALEGRE";"Falta de Atenção à Condução";"Saída de leito carroçável";"Com Vítimas Feridas";"Amanhecer";"Decrescente";"Céu Claro";"Múltipla";"Reta";"Não";7;0;3;0;3;2;3;5;-22,37999536;-45,94432611;"SPRF-MG";"DEL16-MG";"UOP01-DEL16-MG"
269808;2020-02-17;"segunda-feira";"07:30:00";"PA";230;114;"MARABA";"Falta de Atenção à Condução";"Colisão transversal";"Com Vítimas Feridas";"Pleno dia";"Crescente";"Céu Claro";"Simples";"Reta";"Sim";2;0;0;1;1;0;1;2;-5,36466678;-49,06623294;"SPRF-PA";"DEL03-PA";"UOP01-DEL03-PA"
269810;2020-02-17;"segunda-feira";"07:20:00";"PR";277;633,3;"CEU AZUL";"Não guardar distância de segurança";"Colisão traseira";"Com Vítimas Feridas";"Amanhecer";"Decrescente";"Céu Claro";"Simples";"Curva";"Sim";4;0;1;0;3;0;1;3;-25,1280171;-53,82327341;"SPRF-PR";"DEL05-PR";"UOP02-DEL05-PR"
269812;2020-02-17;"segunda-feira";"08:10:00";"PR";369;166,3;"CAMBE";"Desobediência às normas de trânsito pelo condutor";"Colisão transversal";"Com Vítimas Feridas";"Pleno dia";"Decrescente";"Sol";"Dupla";"Retorno Regulamentado";"Sim";3;0;1;0;1;1;1;3;-23,2953778;-51,30851084;"SPRF-PR";"DEL07-PR";"UOP01-DEL07-PR"
269815;2020-02-17;"segunda-feira";"08:15:00";"GO";153;505,8;"APARECIDA DE GOIANIA";"Falta de Atenção à Condução";"Colisão traseira";"Com Vítimas Feridas";"Pleno dia";"Decrescente";"Céu Claro";"Dupla";"Reta";"Não";5;0;0;1;4;0;1;5;-16,7537;-49,2411;"SPRF-GO";"DEL01-GO";"UOP01-DEL01-GO"
269816;2020-02-17;"segunda-feira";"05:15:00";"BA";116;618,7;"JAGUAQUARA";"Falta de Atenção à Condução";"Colisão traseira";"Sem Vítimas";"Amanhecer";"Decrescente";"Céu Claro";"Simples";"Aclive";"Não";3;0;0;0;2;1;0;2;-13,348249;-40,01658589;"SPRF-BA";"DEL03-BA";"UOP01-DEL03-BA"
269818;2020-02-17;"segunda-feira";"08:00:00";"RS";386;344,5;"LAJEADO";"Falta de Atenção à Condução";"Colisão frontal";"Com Vítimas Feridas";"Pleno dia";"Decrescente";"Céu Claro";"Simples";"Reta";"Sim";4;0;0;1;3;0;1;4;-29,439268;-51,993633;"SPRF-RS";"DEL04-RS";"UOP01-DEL04-RS"
269828;2020-02-17;"segunda-feira";"08:25:00";"PR";153;42,5;"SANTO ANTONIO DA PLATINA";"Defeito Mecânico no Veículo";"Colisão transversal";"Sem Vítimas";"Pleno dia";"Decrescente";"Céu Claro";"Simples";"Interseção de Vias";"Sim";3;0;0;0;2;2;0;4;-23,29009092;-50,08031845;"SPRF-PR";"DEL07-PR";"UOP04-DEL07-PR"
269830;2020-02-17;"segunda-feira";"09:00:00";"PE";232;24,7;"MORENO";"Não guardar distância de segurança";"Colisão traseira";"Com Vítimas Feridas";"Pleno dia";"Crescente";"Céu Claro";"Dupla";"Reta";"Não";3;0;1;0;2;0;1;2;-8,10482918;-35,10351264;"SPRF-PE";"DEL02-PE";"UOP02-DEL02PE"
269841;2020-02-17;"segunda-feira";"09:45:00";"SC";101;118,1;"ITAJAI";"Não guardar distância de segurança";"Engavetamento";"Com Vítimas Feridas";"Pleno dia";"Crescente";"Céu Claro";"Dupla";"Reta";"Sim";6;0;1;1;4;0;2;5;-26,895859;-48,71903;"SPRF-SC";"DEL04-SC";"UOP04-DEL04-SC"
269843;2020-02-17;"segunda-feira";"03:25:00";"MG";116;129,8;"ITAOBIM";"Falta de Atenção à Condução";"Colisão lateral";"Com Vítimas Fatais";"Plena Noite";"Crescente";"Nublado";"Simples";"Reta";"Não";3;1;1;0;0;1;1;3;-16,68013599;-41,50163805;"SPRF-MG";"DEL11-MG";"UOP02-DEL11-MG"