"id";"data_inversa";"dia_semana";"horario";"uf";"br";"km";"municipio";"causa_acidente";"tipo_acidente";"classificacao_acidente";"fase_dia";"sentido_via";"condicao_metereologica";"tipo_pista";"tracado_via";"uso_solo";"pessoas";"mortos";"feridos_leves";"feridos_graves";"ilesos";"ignorados";"feridos";"veiculos";"latitude";"longitude";"regional";"delegacia";"uop"
269846;2020-02-17;"segunda-feira";"10:45:00";"PE";408;100;"SAO LOURENCO DA MATA";"Ingestão de Álcool";"Colisão lateral";"Com Vítimas Feridas";"Pleno dia";"Decrescente";"Céu Claro";"Simples";"Reta";"Sim";2;0;1;0;1;0;1;2;-8,04364056;-35,01674995;"SPRF-PE";"DEL01-PE";"UOP01-DEL01-PE"
269851;2020-02-14;"sexta-feira";"16:47:00";"MT";70;517;"VARZEA GRANDE";"Falta de Atenção à Condução";"Colisão transversal";"Com Vítimas Feridas";"Pleno dia";"Crescente";"Céu Claro";"Simples";"Reta";"Sim";2;0;1;0;0;1;1;2;-15,70105263;-56,1579895;"SPRF-MT";"DEL05-MT";"UOP02-DEL05-MT"
269854;2020-02-17;"segunda-feira";"07:25:00";"SC";282;446;"IRANI";"Agressão Externa";"Tombamento";"Com Vítimas Feridas";"Pleno dia";"Decrescente";"Céu Claro";"Simples";"Reta";"Não";1;0;1;0;0;0;1;1;-26,910217;-51,914951;"SPRF-SC";"DEL07-SC";"UOP04-DEL07-SC"
269861;2020-02-17;"segunda-feira";"11:50:00";"RJ";40;119;"DUQUE DE CAXIAS";"Ingestão de Álcool";"Colisão lateral";"Com Vítimas Feridas";"Pleno dia";"Crescente";"Céu Claro";"Simples";"Viaduto;Reta";"Sim";7;0;4;0;2;1;4;5;-22,76375592;-43,28683062;"SPRF-RJ";"DEL01-RJ";"UOP01-DEL01-RJ"
269862;2020-02-17;"segunda-feira";"11:30:00";"MG";50;72;"UBERLANDIA";"Defeito Mecânico no Veículo";"Incêndio";"Sem Vítimas";"Pleno dia";"Crescente";"Céu Claro";"Dupla";"Reta";"Sim";1;0;0;0;1;0;0;1;-18,85140204;-48,25345932;"SPRF-MG";"DEL15-MG";"UOP01-DEL15-MG"
269864;2020-02-16;"domingo";"20:50:00";"MG";116;24;"CACHOEIRA DE PAJEU";"Ingestão de Álcool";"Saída de leito carroçável";"Sem Vítimas";"Plena Noite";"Crescente";"Céu Claro";"Simples";"Reta";"Sim";2;0;0;0;1;1;0;2;-15,86331622;-41,42629258;"SPRF-BA";"DEL08-BA";"UOP03-DEL08-BA"
269865;2020-02-17;"segunda-feira";"12:40:00";"TO";153;138;"ARAGUAINA";"Desobediência às normas de trânsito pelo condutor";"Colisão transversal";"Com Vítimas Feridas";"Pleno dia";"Crescente";"Nublado";"Dupla";"Rotatória";"Sim";2;0;1;0;1;0;1;2;-7,15509994;-48,20416232;"SPRF-TO";"DEL02-TO";"UOP01-DEL02-TO"
269869;2020-02-17;"segunda-feira";"11:40:00";"MT";70;298,4;"POXOREO";"Falta de Atenção à Condução";"Colisão traseira";"Com Vítimas Feridas";"Pleno dia";"Crescente";"Céu Claro";"Simples";"Aclive;Reta";"Não";2;0;0;1;1;0;1;2;-15,58080453;-54,45501395;"SPRF-MT";"DEL05-MT";"UOP01-DEL05-MT"
269880;2020-02-17;"segunda-feira";"13:35:00";"MG";381;406;"BOM JESUS DO AMPARO";"Pista Escorregadia";"Colisão frontal";"Com Vítimas Fatais";"Pleno dia";"Decrescente";"Céu Claro";"Simples";"Curva";"Não";3;1;0;0;1;1;0;3;-19,73750804;-43,55759107;"SPRF-MG";"DEL01-MG";"UOP01-DEL01-MG"
269889;2020-02-10;"segunda-feira";"04:15:00";"PB";230;99,9;"GURINHEM";"Não guardar distância de segurança";"Colisão traseira";"Com Vítimas Feridas";"Plena Noite";"Decrescente";"Céu Claro";"Dupla";"Declive";"Não";5;0;1;3;1;0;4;2;-7,1911;-35,4716;"SPRF-PB";"DEL01-PB";"UOP03-DEL01-PB"
269892;2020-02-17;"segunda-feira";"06:20:00";"MA";135;89;"ITAPECURU MIRIM";"Falta de Atenção à Condução";"Colisão traseira";"Com Vítimas Fatais";"Pleno dia";"Crescente";"Céu Claro";"Simples";"Reta";"Sim";3;1;1;0;1;0;1;2;-3,28431704;-44,41158095;"SPRF-MA";"DEL01-MA";"UOP02-DEL01-MA"
269899;2020-02-17;"segunda-feira";"13:30:00";"SC";470;291;"CAMPOS NOVOS";"Desobediência às normas de trânsito pelo condutor";"Colisão traseira";"Com Vítimas Feridas";"Pleno dia";"Crescente";"Céu Claro";"Simples";"Reta";"Não";2;0;0;1;1;0;1;2;-27,337597;-50,97187;"SPRF-SC";"DEL07-SC";"UOP06-DEL07-SC"
269906;2020-02-17;"segunda-feira";"15:15:00";"SP";116;195;"ARUJA";"Falta de Atenção à Condução";"Colisão traseira";"Com Vítimas Feridas";"Pleno dia";"Crescente";"Chuva";"Dupla";"Reta";"Sim";3;0;1;0;1;1;1;3;-23,3888147;-46,27566213;"SPRF-SP";"DEL01-SP";"UOP01-DEL01-SP"
269907;2020-02-17;"segunda-feira";"16:10:00";"MG";262;443,7;"NOVA SERRANA";"Falta de Atenção à Condução";"Colisão traseira";"Com Vítimas Feridas";"Pleno dia";"Crescente";"Nublado";"Dupla";"Curva;Rotatória";"Sim";3;0;1;0;2;0;1;2;-19,88065393;-44,92197102;"SPRF-MG";"DEL08-MG";"UOP03-DEL08-MG"
269912;2020-02-17;"segunda-feira";"16:35:00";"MG";40;681,9;"RESSAQUINHA";"Falta de Atenção à Condução";"Atropelamento de Pedestre";"Com Vítimas Feridas";"Pleno dia";"Crescente";"Ignorado";"Simples";"Reta";"Sim";2;0;0;1;1;0;1;2;-21,06079321;-43,76232147;"SPRF-MG";"DEL05-MG";"UOP02-DEL05-MG"
269915;2020-02-17;"segunda-feira";"16:40:00";"ES";262;166;"IBATIBA";"Velocidade Incompatível";"Tombamento";"Com Vítimas Feridas";"Pleno dia";"Crescente";"Céu Claro";"Simples";"Declive;Curva";"Não";2;0;2;0;0;0;2;1;-20,2468411;-41,56027697;"SPRF-ES";"DEL01-ES";"UOP02-DEL01-ES"
269920;2020-02-17;"segunda-feira";"14:45:00";"SC";470;114,8;"IBIRAMA";"Carga excessiva e/ou mal acondicionada";"Tombamento";"Sem Vítimas";"Pleno dia";"Decrescente";"Sol";"Simples";"Curva";"Não";1;0;0;0;1;0;0;1;-27,08799735;-49,4725728;"SPRF-SC";"DEL04-SC";"UOP02-DEL04-SC"
269922;2020-02-17;"segunda-feira";"16:30:00";"BA";101;423;"IBIRAPITANGA";"Velocidade Incompatível";"Tombamento";"Com Vítimas Feridas";"Pleno dia";"Decrescente";"Chuva";"Simples";"Curva";"Não";2;0;1;0;0;1;1;2;-14,13824027;-39,35474396;"SPRF-BA";"DEL05-BA";"UOP03-DEL05-BA"
269933;2020-02-17;"segunda-feira";"14:00:00";"BA";101;896;"CARAVELAS";"Falta de Atenção à Condução";"Colisão lateral";"Sem Vítimas";"Pleno dia";"Decrescente";"Céu Claro";"Simples";"Declive";"Não";2;0;0;0;2;0;0;2;-17,692437;-39,77462769;"SPRF-BA";"DEL09-BA";"UOP02-DEL09-BA"
269935;2020-02-17;"segunda-feira";"17:20:00";"RJ";393;268;"BARRA DO PIRAI";"Velocidade Incompatível";"Colisão transversal";"Sem Vítimas";"Pleno dia";"Crescente";"Céu Claro";"Simples";"Interseção de Vias";"Não";3;0;0;0;3;0;0;2;-22,48780458;-43,90932706;"SPRF-RJ";"DEL05-RJ";"UOP04-DEL05-RJ"
269939;2020-02-17;"segunda-feira";"19:00:00";"DF";20;10,1;"BRASILIA";"Falta de Atenção à Condução";"Colisão transversal";"Com Vítimas Feridas";"Plena Noite";"Crescente";"Céu Claro";"Dupla";"Reta";"Sim";2;0;0;1;1;0;1;2;-15,650243;-47,773872;"SPRF-DF";"DEL02-DF";"UOP01-DEL02-DF"
269941;2020-02-17;"segunda-feira";"19:30:00";"PE";101;86;"CABO DE SANTO AGOSTINHO";"Defeito Mecânico no Veículo";"Saída de leito carroçável";"Com Vítimas Feridas";"Pleno dia";"Crescente";"Céu Claro";"Dupla";"Reta";"Não";1;0;1;0;0;0;1;1;-8,18470013;-34,96816895;"SPRF-PE";"DEL01-PE";"UOP03-DEL01-PE"
269945;2020-02-17;"segunda-feira";"17:30:00";"MT";364;348;"SANTO ANTONIO DO LEVERGER";"Defeito Mecânico no Veículo";"Colisão traseira";"Com Vítimas Feridas";"Pleno dia";"Crescente";"Céu Claro";"Simples";"Curva";"Não";1;0;1;0;0;0;1;1;-15,80416834;-55,55429598;"SPRF-MT";"DEL01-MT";"UOP02-DEL01-MT"
269958;2020-02-17;"segunda-feira";"19:40:00";"RJ";116;305;"RESENDE";"Sinalização da via insuficiente ou inadequada";"Colisão traseira";"Com Vítimas Feridas";"Plena Noite";"Crescente";"Chuva";"Dupla";"Reta";"Sim";3;0;0;1;1;2;1;4;-22,45573779;-44,39454802;"SPRF-RJ";"DEL07-RJ";"UOP02-DEL07-RJ"
269969;2020-02-17;"segunda-feira";"22:00:00";"PE";101;60,8;"RECIFE";"Falta de Atenção à Condução";"Tombamento";"Sem Vítimas";"Plena Noite";"Crescente";"Nublado";"Dupla";"Curva";"Sim";2;0;0;0;0;2;0;2;-7,98344307;-34,93176727;"SPRF-PE";"DEL01-PE";"UOP02-DEL01-PE"
269974;2020-02-17;"segunda-feira";"19:00:00";"GO";40;105,3;"CRISTALINA";"Animais na Pista";"Atropelamento de Animal";"Sem Vítimas";"Plena Noite";"Crescente";"Céu Claro";"Dupla";"Curva";"Não";2;0;0;0;2;0;0;2;-16,822591;-47,551275;"SPRF-DF";"DEL01-DF";"UOP02-DEL01-DF"
269975;2020-02-17;"segunda-feira";"23:00:00";"MG";153;174;"COMENDADOR GOMES";"Condutor Dormindo";"Saída de leito carroçável";"Com Vítimas Feridas";"Plena Noite";"Decrescente";"Chuva";"Simples";"Reta";"Não";3;0;2;1;0;0;3;1;-19,74361585;-48,97024333;"SPRF-MG";"DEL13-MG";"UOP02-DEL13-MG"
269983;2020-02-17;"segunda-feira";"21:00:00";"MG";153;59,5;"MONTE ALEGRE DE MINAS";"Sinalização da via insuficiente ou inadequada";"Saída de leito carroçável";"Sem Vítimas";"Plena Noite";"Decrescente";"Chuva";"Simples";"Aclive";"Não";2;0;0;0;1;1;0;2;-18,88622703;-49,05195006;"SPRF-MG";"DEL15-MG";"UOP03-DEL15-MG"
269986;2020-02-18;"terça-feira";"01:00:00";"CE";222;25;"CAUCAIA";"Falta de Atenção à Condução";"Saída de leito carroçável";"Com Vítimas Feridas";"Plena Noite";"Crescente";"Chuva";"Simples";"Reta";"Não";1;0;1;0;0;0;1;1;-3,7266762;-38,77703408;"SPRF-CE";"DEL01-CE";"UOP01-DEL01-CE"
269990;2020-02-18;"terça-feira";"03:40:00";"MG";381;881,4;"ESTIVA";"Condutor Dormindo";"Colisão traseira";"Com Vítimas Feridas";"Plena Noite";"Decrescente";"Nublado";"Dupla";"Reta";"Sim";3;0;2;0;0;1;2;3;-22,46890633;-46,01047581;"SPRF-MG";"DEL16-MG";"UOP01-DEL16-MG"
269992;2020-02-18;"terça-feira";"04:30:00";"MS";163;453,3;"CAMPO GRANDE";"Não guardar distância de segurança";"Colisão lateral";"Com Vítimas Feridas";"Plena Noite";"Decrescente";"Céu Claro";"Simples";"Reta";"Não";8;0;2;0;5;1;2;4;-20,69865089;-54,54959257;"SPRF-MS";"DEL01-MS";"UOP01-DEL01-MS"
269993;2020-02-18;"terça-feira";"05:45:00";"MG";116;316,1;"ITAMBACURI";"Condutor Dormindo";"Colisão lateral";"Com Vítimas Feridas";"Amanhecer";"Crescente";"Céu Claro";"Simples";"Reta";"Não";4;0;0;1;2;2;1;5;-18,11982896;-41,69399746;"SPRF-MG";"DEL11-MG";"UOP01-DEL11-MG"
269995;2020-02-18;"terça-feira";"05:40:00";"BA";324;450;"RIACHAO DO JACUIPE";"Ultrapassagem Indevida";"Colisão frontal";"Com Vítimas Fatais";"Amanhecer";"Crescente";"Céu Claro";"Simples";"Reta";"Não";3;2;1;0;0;0;1;2;-11,87589666;-39,30511874;"SPRF-BA";"DEL02-BA";"UOP01-DEL02-BA"
269998;2020-02-18;"terça-feira";"06:25:00";"MG";381;498;"BETIM";"Desobediência às normas de trânsito pelo condutor";"Colisão traseira";"Com Vítimas Feridas";"Pleno dia";"Decrescente";"Céu Claro";"Dupla";"Reta";"Não";4;0;1;0;2;1;1;3;-20,01172662;-44,21976041;"SPRF-MG";"DEL01-MG";"UOP03-DEL01-MG"
269999;2020-02-18;"terça-feira";"05:00:00";"MG";365;338,4;"VARJAO DE MINAS";"Velocidade Incompatível";"Colisão lateral";"Com Vítimas Fatais";"Amanhecer";"Decrescente";"Nevoeiro/Neblina";"Simples";"Reta";"Não";5;1;1;0;2;1;1;4;-18,30733942;-45,95871881;"SPRF-MG";"DEL10-MG";"UOP01-DEL10-MG"
270004;2020-02-18;"terça-feira";"06:00:00";"MT";163;748;"SORRISO";"Carga excessiva e/ou mal acondicionada";"Tombamento";"Com Vítimas Feridas";"Amanhecer";"Crescente";"Céu Claro";"Dupla";"Reta";"Não";3;0;1;0;0;2;1;3;-12,68767697;-55,80144603;"SPRF-MT";"DEL06-MT";"UOP01-DEL06-MT"
270006;2020-02-18;"terça-feira";"06:50:00";"RJ";116;137;"DUQUE DE CAXIAS";"Falta de Atenção à Condução";"Colisão traseira";"Com Vítimas Feridas";"Pleno dia";"Crescente";"Céu Claro";"Dupla";"Reta";"Sim";4;0;1;0;3;0;1;3;-22,64791994;-43,18200799;"SPRF-RJ";"DEL04-RJ";"UOP02-DEL04-RJ"
270015;2020-02-18;"terça-feira";"08:10:00";"ES";101;355;"ANCHIETA";"Falta de Atenção à Condução";"Colisão lateral";"Com Vítimas Feridas";"Pleno dia";"Decrescente";"Nublado";"Simples";"Curva";"Não";4;0;0;2;1;1;2;3;-20,68854312;-40,67978692;"SPRF-ES";"DEL03-ES";"UOP01-DEL03-ES"
270021;2020-02-18;"terça-feira";"07:55:00";"RS";472;116,8;"BOA VISTA DO BURICA";"Desobediência às normas de trânsito pelo condutor";"Colisão lateral";"Com Vítimas Feridas";"Pleno dia";"Decrescente";"Nublado";"Simples";"Reta";"Não";2;0;1;0;1;0;1;2;-27,68611224;-54,12689209;"SPRF-RS";"DEL10-RS";"UOP01-DEL10-RS"
270039;2020-02-13;"quinta-feira";"15:20:00";"RR";174;556;"BOA VISTA";"Não guardar distância de segurança";"Colisão traseira";"Com Vítimas Feridas";"Pleno dia";"Crescente";"Céu Claro";"Simples";"Reta";"Não";3;0;1;0;2;0;1;3;3,229837;-60,839695;"SPRF-RR";"DEL01-RR";"UOP01-DEL01-RR"
270041;2020-02-18;"terça-feira";"09:40:00";"MG";381;481;"CONTAGEM";"Desobediência às normas de trânsito pelo condutor";"Colisão traseira";"Com Vítimas Feridas";"Pleno dia";"Crescente";"Céu Claro";"Dupla";"Reta";"Sim";2;0;0;1;1;0;1;2;-19,95931561;-44,08825597;"SPRF-MG";"DEL01-MG";"UOP03-DEL01-MG"
270044;2020-02-18;"terça-feira";"09:10:00";"PE";232;30,1;"MORENO";"Desobediência às normas de trânsito pelo condutor";"Colisão transversal";"Com Vítimas Feridas";"Pleno dia";"Crescente";"Nublado";"Dupla";"Aclive";"Não";3;0;0;1;1;1;1;3;-8,11063325;-35,15197001;"SPRF-PE";"DEL02-PE";"UOP02-DEL02PE"
270048;2020-02-18;"terça-feira";"09:00:00";"CE";222;3,7;"CAUCAIA";"Desobediência às normas de trânsito pelo condutor";"Colisão traseira";"Com Vítimas Feridas";"Pleno dia";"Crescente";"Chuva";"Múltipla";"Retorno Regulamentado";"Sim";4;0;1;0;3;0;1;4;-3,7403769;-38,59569202;"SPRF-CE";"DEL01-CE";"UOP01-DEL01-CE"
270059;2020-02-18;"terça-feira";"10:50:00";"PR";277;126;"CAMPO LARGO";"Falta de Atenção à Condução";"Colisão lateral";"Com Vítimas Feridas";"Pleno dia";"Decrescente";"Céu Claro";"Simples";"Declive;Curva";"Não";3;0;1;0;1;1;1;3;-25,44518045;-49,4985659;"SPRF-PR";"DEL01-PR";"UOP03-DEL03-PR"
270070;2020-02-18;"terça-feira";"13:15:00";"GO";60;380;"RIO VERDE";"Não guardar distância de segurança";"Colisão traseira";"Com Vítimas Feridas";"Pleno dia";"Decrescente";"Céu Claro";"Múltipla";"Aclive";"Sim";2;0;1;0;1;0;1;2;-17,7646;-50,8822;"SPRF-GO";"DEL04-GO";"UOP01-DEL04-GO"
270071;2020-02-18;"terça-feira";"12:40:00";"SC";101;123;"ITAJAI";"Falta de Atenção à Condução";"Colisão com objeto estático";"Com Vítimas Feridas";"Pleno dia";"Crescente";"Sol";"Dupla";"Reta";"Sim";2;0;1;0;0;1;1;2;-26,93668609;-48,69876905;"SPRF-SC";"DEL04-SC";"UOP04-DEL04-SC"
270072;2020-02-18;"terça-feira";"12:00:00";"BA";116;909,3;"CANDIDO SALES";"Defeito Mecânico no Veículo";"Colisão lateral";"Com Vítimas Feridas";"Pleno dia";"Crescente";"Nublado";"Simples";"Declive";"Sim";5;0;2;1;1;1;3;3;-15,51181099;-41,23652969;"SPRF-BA";"DEL08-BA";"UOP03-DEL08-BA"
270074;2020-02-18;"terça-feira";"14:30:00";"PE";424;1,5;"ARCOVERDE";"Defeito Mecânico no Veículo";"Danos eventuais";"Sem Vítimas";"Pleno dia";"Decrescente";"Céu Claro";"Simples";"Reta";"Sim";1;0;0;0;1;0;0;1;-8,43892793;-37,05827086;"SPRF-PE";"DEL03-PE";"UOP02-DEL03-PE"
270081;2020-02-18;"terça-feira";"12:15:00";"RJ";116;222,1;"PIRAI";"Carga excessiva e/ou mal acondicionada";"Capotamento";"Com Vítimas Feridas";"Pleno dia";"Decrescente";"Céu Claro";"Dupla";"Curva";"Não";1;0;1;0;0;0;1;1;-22,68086616;-43,8351059;"SPRF-RJ";"DEL07-RJ";"UOP01-DEL07-RJ"
270082;2020-02-18;"terça-feira";"12:00:00";"MG";381;537,1;"ITATIAIUCU";"Velocidade Incompatível";"Colisão lateral";"Com Vítimas Feridas";"Pleno dia";"Decrescente";"Sol";"Dupla";"Reta";"Não";4;0;2;0;1;2;2;4;-20,23206636;-44,39955388;"SPRF-MG";"DEL04-MG";"UOP03-DEL04-MG"
270087;2020-02-18;"terça-feira";"14:51:00";"SP";116;167,3;"JACAREI";"Falta de Atenção à Condução";"Colisão traseira";"Com Vítimas Feridas";"Pleno dia";"Crescente";"Céu Claro";"Dupla";"Aclive";"Não";2;0;1;0;1;0;1;2;-23,30254924;-46,02640493;"SPRF-SP";"DEL02-SP";"UOP01-DEL02-SP"
270092;2020-02-18;"terça-feira";"12:45:00";"SP";116;543;"BARRA DO TURVO";"Carga excessiva e/ou mal acondicionada";"Derramamento de carga";"Sem Vítimas";"Pleno dia";"Decrescente";"Céu Claro";"Dupla";"Reta";"Não";2;0;0;0;1;1;0;2;-24,96228975;-48,41383577;"SPRF-SP";"DEL05-SP";"UOP02-DEL05-SP"
270096;2020-02-18;"terça-feira";"15:50:00";"GO";452;106,5;"BOM JESUS DE GOIAS";"Defeito na Via";"Colisão frontal";"Com Vítimas Feridas";"Pleno dia";"Crescente";"Nublado";"Simples";"Reta";"Não";4;0;1;1;1;1;2;3;-18,15030467;-49,94739782;"SPRF-GO";"DEL03-GO";"UOP02-DEL03-GO"
270102;2020-02-18;"terça-feira";"15:00:00";"MG";262;610,3;"IBIA";"Restrição de Visibilidade";"Saída de leito carroçável";"Com Vítimas Feridas";"Pleno dia";"Crescente";"Chuva";"Simples";"Declive";"Não";1;0;1;0;0;0;1;1;-19,60327485;-46,28405277;"SPRF-MG";"DEL08-MG";"UOP02-DEL08-MG"
270108;2020-02-18;"terça-feira";"18:10:00";"DF";251;33;"BRASILIA";"Desobediência às normas de trânsito pelo condutor";"Colisão transversal";"Com Vítimas Feridas";"Anoitecer";"Crescente";"Céu Claro";"Dupla";"Retorno Regulamentado";"Sim";2;0;1;0;1;0;1;2;-15,937679;-47,748878;"SPRF-DF";"DEL01-DF";"UOP01-DEL01-DF"
270112;2020-02-18;"terça-feira";"15:20:00";"MG";365;605,4;"UBERLANDIA";"Objeto estático sobre o leito carroçável";"Saída de leito carroçável";"Com Vítimas Feridas";"Pleno dia";"Decrescente";"Nublado";"Simples";"Curva";"Não";1;0;1;0;0;0;1;1;-18,91046419;-48,17036078;"SPRF-MG";"DEL15-MG";"UOP01-DEL15-MG"
270118;2020-02-18;"terça-feira";"16:20:00";"MG";153;24;"CENTRALINA";"Pista Escorregadia";"Colisão frontal";"Com Vítimas Feridas";"Pleno dia";"Crescente";"Chuva";"Múltipla";"Declive";"Não";3;0;1;0;1;1;1;3;-18,63126816;-49,18366828;"SPRF-MG";"DEL15-MG";"UOP03-DEL15-MG"
270121;2020-02-18;"terça-feira";"18:45:00";"SP";116;50;"LORENA";"Falta de Atenção à Condução";"Colisão traseira";"Com Vítimas Feridas";"Anoitecer";"Crescente";"Céu Claro";"Dupla";"Reta";"Não";3;0;0;1;1;1;1;3;-22,73603721;-45,08433485;"SPRF-SP";"DEL08-SP";"UOP01-DEL08-SP"
270122;2020-02-18;"terça-feira";"19:20:00";"PE";407;122,9;"PETROLINA";"Ingestão de Álcool";"Colisão lateral";"Sem Vítimas";"Plena Noite";"Decrescente";"Céu Claro";"Simples";"Interseção de Vias";"Sim";2;0;0;0;2;0;0;2;-9,35368726;-40,55051642;"SPRF-PE";"DEL06-PE";"UOP01-DEL06-PE"
270130;2020-02-18;"terça-feira";"18:50:00";"TO";153;496;"PARAISO DO TOCANTINS";"Desobediência às normas de trânsito pelo condutor";"Colisão lateral";"Com Vítimas Fatais";"Plena Noite";"Crescente";"Céu Claro";"Simples";"Aclive";"Sim";4;1;0;0;1;2;0;4;-10,187247;-48,880111;"SPRF-TO";"DEL01-TO";"UOP01-DEL01-TO"
270131;2020-02-18;"terça-feira";"19:07:00";"BA";242;798;"BARREIRAS";"Mal Súbito";"Colisão traseira";"Com Vítimas Feridas";"Plena Noite";"Decrescente";"Céu Claro";"Simples";"Reta";"Não";7;0;3;0;3;1;3;4;-12,1198411;-45,0492239;"SPRF-BA";"DEL10-BA";"UOP01-DEL10-BA"
270132;2020-02-18;"terça-feira";"18:30:00";"MT";163;892;"CLAUDIA";"Falta de Atenção à Condução";"Colisão traseira";"Com Vítimas Feridas";"Plena Noite";"Decrescente";"Nublado";"Simples";"Reta";"Não";3;0;0;1;1;1;1;3;-11,50321582;-55,36888313;"SPRF-MT";"DEL06-MT";"NPF/DEL06-MT"
270134;2020-02-18;"terça-feira";"19:00:00";"MT";163;693;"LUCAS DO RIO VERDE";"Não guardar distância de segurança";"Colisão traseira";"Com Vítimas Feridas";"Plena Noite";"Decrescente";"Céu Claro";"Simples";"Reta";"Não";4;0;1;1;1;2;2;4;-13,03128;-55,898795;"SPRF-MT";"DEL06-MT";"UOP01-DEL06-MT"
270135;2020-02-18;"terça-feira";"19:30:00";"SC";158;119;"CAIBI";"Pista Escorregadia";"Saída de leito carroçável";"Com Vítimas Feridas";"Plena Noite";"Crescente";"Chuva";"Simples";"Curva";"Não";1;0;0;1;0;0;1;1;-26,97872872;-53,21609974;"SPRF-SC";"DEL07-SC";"UOP02-DEL07-SC"
270136;2020-02-15;"sábado";"23:30:00";"SP";116;157,5;"SAO JOSE DOS CAMPOS";"Desobediência às normas de trânsito pelo condutor";"Colisão lateral";"Sem Vítimas";"Plena Noite";"Crescente";"Céu Claro";"Dupla";"Reta";"Sim";6;0;0;0;5;1;0;4;-23,25813356;-45,94810724;"SPRF-SP";"DEL02-SP";"UOP01-DEL02-SP"
270138;2020-02-18;"terça-feira";"16:20:00";"TO";153;746,9;"ALVORADA";"Não guardar distância de segurança";"Tombamento";"Sem Vítimas";"Pleno dia";"Decrescente";"Céu Claro";"Simples";"Reta";"Não";2;0;0;0;1;2;0;3;-12,35073583;-49,15186259;"SPRF-TO";"DEL01-TO";"UOP02-DEL01-TO"
270144;2020-02-18;"terça-feira";"22:25:00";"RS";386;37;"FREDERICO WESTPHALEN";"Desobediência às normas de trânsito pelo condutor";"Colisão frontal";"Com Vítimas Feridas";"Plena Noite";"Crescente";"Garoa/Chuvisco";"Simples";"Reta";"Sim";2;0;1;0;1;0;1;2;-27,382351;-53,399605;"SPRF-RS";"DEL08-RS";"UOP02-DEL08-RS"
270148;2020-02-18;"terça-feira";"21:56:00";"SC";101;45,3;"JOINVILLE";"Velocidade Incompatível";"Colisão traseira";"Com Vítimas Feridas";"Plena Noite";"Crescente";"Céu Claro";"Dupla";"Aclive";"Sim";3;0;1;0;1;1;1;3;-26,31238996;-48,87458997;"SPRF-SC";"DEL03-SC";"UOP01-DEL03-SC"
270150;2020-02-18;"terça-feira";"19:20:00";"RJ";40;111,1;"DUQUE DE CAXIAS";"Falta de Atenção à Condução";"Colisão traseira";"Sem Vítimas";"Plena Noite";"Decrescente";"Céu Claro";"Múltipla";"Reta";"Sim";6;0;0;0;5;3;0;6;-22,691868;-43,287453;"SPRF-RJ";"DEL01-RJ";"UOP01-DEL01-RJ"
270154;2020-02-19;"quarta-feira";"01:30:00";"MG";267;33,6;"ARGIRITA";"Condutor Dormindo";"Tombamento";"Com Vítimas Feridas";"Plena Noite";"Decrescente";"Céu Claro";"Simples";"Reta;Aclive";"Não";2;0;1;0;0;1;1;2;-21,65589725;-42,85528618;"SPRF-MG";"DEL07-MG";"UOP01-DEL07-MG"
270160;2020-02-19;"quarta-feira";"01:00:00";"SC";280;5,5;"SAO FRANCISCO DO SUL";"Velocidade Incompatível";"Colisão transversal";"Com Vítimas Feridas";"Plena Noite";"Decrescente";"Céu Claro";"Simples";"Reta";"Sim";3;0;0;1;1;1;1;3;-26,26011706;-48,62571995;"SPRF-SC";"DEL03-SC";"UOP03-DEL03-SC"
270161;2020-02-18;"terça-feira";"23:05:00";"MT";364;117;"ALTO GARCAS";"Falta de Atenção à Condução";"Tombamento";"Sem Vítimas";"Plena Noite";"Decrescente";"Garoa/Chuvisco";"Simples";"Reta";"Não";2;0;0;0;1;1;0;2;-16,86792697;-53,88105807;"SPRF-MT";"DEL02-MT";"UOP02-DEL02-MT"
270163;2020-02-18;"terça-feira";"11:00:00";"BA";324;450;"RIACHAO DO JACUIPE";"Falta de Atenção à Condução";"Colisão lateral";"Sem Vítimas";"Pleno dia";"Decrescente";"Céu Claro";"Simples";"Reta";"Não";2;0;0;0;2;0;0;2;-11,87589666;-39,30511874;"SPRF-BA";"DEL02-BA";"UOP01-DEL02-BA"
270169;2020-02-18;"terça-feira";"08:40:00";"BA";324;617;"SALVADOR";"Falta de Atenção à Condução";"Colisão lateral";"Sem Vítimas";"Pleno dia";"Crescente";"Nublado";"Múltipla";"Reta";"Sim";2;0;0;0;2;0;0;2;-12,896539;-38,448738;"SPRF-BA";"DEL01-BA";"UOP01-DEL01-BA"
270171;2020-02-19;"quarta-feira";"00:10:00";"MG";50;29;"ARAGUARI";"Defeito Mecânico no Veículo";"Incêndio";"Com Vítimas Feridas";"Plena Noite";"Decrescente";"Garoa/Chuvisco";"Dupla";"Curva";"Não";1;0;1;0;0;0;1;1;-18,62034416;-48,11087208;"SPRF-MG";"DEL15-MG";"UOP02-DEL15-MG"
270176;2020-02-19;"quarta-feira";"05:00:00";"PR";277;271;"IRATI";"Ingestão de Álcool";"Tombamento";"Sem Vítimas";"Amanhecer";"Decrescente";"Céu Claro";"Simples";"Reta";"Não";2;0;0;0;1;1;0;2;-25,38722862;-50,83706291;"SPRF-PR";"DEL03-PR";"UOP03-DEL03-PR"