"id";"data_inversa";"dia_semana";"horario";"uf";"br";"km";"municipio";"causa_acidente";"tipo_acidente";"classificacao_acidente";"fase_dia";"sentido_via";"condicao_metereologica";"tipo_pista";"tracado_via";"uso_solo";"pessoas";"mortos";"feridos_leves";"feridos_graves";"ilesos";"ignorados";"feridos";"veiculos";"latitude";"longitude";"regional";"delegacia";"uop"
270194;2020-02-19;"quarta-feira";"07:50:00";"GO";153;536;"HIDROLANDIA";"Condutor Dormindo";"Saída de leito carroçável";"Com Vítimas Feridas";"Pleno dia";"Crescente";"Nublado";"Dupla";"Reta";"Não";1;0;1;0;0;0;1;1;-17,0193;-49,2217;"SPRF-GO";"DEL01-GO";"UOP03-DEL01-GO"
270197;2020-02-19;"quarta-feira";"08:35:00";"SP";381;39;"ATIBAIA";"Falta de Atenção à Condução";"Colisão lateral";"Com Vítimas Feridas";"Pleno dia";"Crescente";"Céu Claro";"Dupla";"Reta";"Sim";4;0;1;0;2;1;1;3;-23,1215761;-46,57471572;"SPRF-SP";"DEL03-SP";"UOP01-DEL03-SP"
270207;2020-02-19;"quarta-feira";"10:45:00";"MG";40;412;"CURVELO";"Falta de Atenção à Condução";"Tombamento";"Sem Vítimas";"Pleno dia";"Crescente";"Céu Claro";"Simples";"Reta";"Não";2;0;0;0;1;1;0;2;-19,12766333;-44,6305802;"SPRF-MG";"DEL02-MG";"UOP01-DEL02-MG"
270210;2020-02-19;"quarta-feira";"10:40:00";"PE";232;8,8;"RECIFE";"Não guardar distância de segurança";"Engavetamento";"Com Vítimas Feridas";"Pleno dia";"Crescente";"Céu Claro";"Dupla";"Reta";"Sim";3;0;1;0;2;0;1;3;-8,07583727;-34,97015791;"SPRF-PE";"DEL01-PE";"UOP01-DEL01-PE"
270211;2020-02-19;"quarta-feira";"09:50:00";"PR";116;42;"CAMPINA GRANDE DO SUL";"Velocidade Incompatível";"Tombamento";"Com Vítimas Feridas";"Pleno dia";"Crescente";"Chuva";"Dupla";"Curva";"Não";2;0;1;0;0;1;1;2;-25,17696668;-48,87828648;"SPRF-PR";"DEL01-PR";"UOP02-DEL01-PR"
270214;2020-02-19;"quarta-feira";"10:00:00";"MS";163;221,3;"CAARAPO";"Desobediência às normas de trânsito pelo condutor";"Colisão lateral";"Com Vítimas Feridas";"Pleno dia";"Decrescente";"Sol";"Simples";"Reta";"Não";4;0;1;0;2;1;1;3;-22,53285791;-54,85002889;"SPRF-MS";"DEL04-MS";"UOP02-DEL04-MS"
270225;2020-02-19;"quarta-feira";"11:30:00";"MS";163;81;"ITAQUIRAI";"Defeito Mecânico no Veículo";"Colisão com objeto em movimento";"Com Vítimas Feridas";"Pleno dia";"Crescente";"Nublado";"Simples";"Declive";"Não";3;0;1;0;1;1;1;3;-23,44966585;-54,19942966;"SPRF-MS";"DEL09-MS";"UOP01-DEL09-MS"
270229;2020-02-19;"quarta-feira";"07:00:00";"MT";364;148,7;"PEDRA PRETA";"Condutor Dormindo";"Colisão lateral";"Com Vítimas Feridas";"Pleno dia";"Decrescente";"Céu Claro";"Simples";"Curva";"Não";3;0;1;1;0;3;2;5;-16,79954137;-54,18799724;"SPRF-MT";"DEL02-MT";"UOP01-DEL02-MT"
270230;2020-02-19;"quarta-feira";"10:40:00";"AL";423;64,9;"AGUA BRANCA";"Falta de Atenção à Condução";"Colisão lateral";"Sem Vítimas";"Pleno dia";"Decrescente";"Céu Claro";"Simples";"Ponte";"Não";3;0;0;0;2;1;0;3;-9,29573134;-37,84474193;"SPRF-AL";"DEL03-AL";"UOP02-DEL03-AL"
270234;2020-01-08;"quarta-feira";"02:10:00";"MG";381;704,3;"LAVRAS";"Falta de Atenção à Condução";"Saída de leito carroçável";"Sem Vítimas";"Plena Noite";"Decrescente";"Nublado";"Dupla";"Reta";"Não";2;0;0;0;1;1;0;2;-21,34781335;-45,17776608;"SPRF-MG";"DEL04-MG";"UOP02-DEL04-MG"
270235;2020-02-19;"quarta-feira";"13:45:00";"SC";280;68,9;"JARAGUA DO SUL";"Falta de Atenção à Condução";"Colisão traseira";"Com Vítimas Feridas";"Pleno dia";"Crescente";"Céu Claro";"Simples";"Viaduto";"Não";3;0;1;0;2;0;1;2;-26,47277719;-49,11098612;"SPRF-SC";"DEL03-SC";"UOP03-DEL03-SC"
270237;2020-02-19;"quarta-feira";"13:52:00";"RS";470;204;"BENTO GONCALVES";"Desobediência às normas de trânsito pelo condutor";"Colisão lateral";"Com Vítimas Feridas";"Pleno dia";"Crescente";"Céu Claro";"Simples";"Reta";"Não";4;0;1;0;2;1;1;2;-29,07878136;-51,5682871;"SPRF-RS";"DEL06-RS";"UOP01-DEL06-RS"
270242;2020-02-19;"quarta-feira";"14:40:00";"RJ";493;104;"SEROPEDICA";"Não guardar distância de segurança";"Colisão traseira";"Com Vítimas Feridas";"Pleno dia";"Decrescente";"Céu Claro";"Dupla";"Reta";"Não";2;0;1;0;1;0;1;2;-22,78157;-43,75308;"SPRF-RJ";"DEL03-RJ";"UOP01-DEL03-RJ"
270253;2020-02-08;"sábado";"02:30:00";"MS";60;430;"SIDROLANDIA";"Falta de Atenção à Condução";"Tombamento";"Com Vítimas Feridas";"Plena Noite";"Crescente";"Céu Claro";"Simples";"Curva";"Não";2;0;1;0;1;0;1;1;-20,97174236;-54,96821925;"SPRF-MS";"DEL01-MS";"UOP04-DEL01-MS"
270260;2020-02-19;"quarta-feira";"15:50:00";"RN";304;295,3;"MACAIBA";"Falta de Atenção à Condução";"Colisão traseira";"Sem Vítimas";"Pleno dia";"Crescente";"Chuva";"Simples";"Reta";"Não";2;0;0;0;2;0;0;2;-5,86605927;-35,35822096;"SPRF-RN";"DEL01-RN";"UOP02-DEL01-RN"
270270;2020-02-19;"quarta-feira";"15:50:00";"CE";20;267;"CANINDE";"Condutor Dormindo";"Colisão transversal";"Sem Vítimas";"Pleno dia";"Crescente";"Chuva";"Simples";"Curva";"Não";2;0;0;0;2;0;0;2;-4,67400222;-39,41488674;"SPRF-CE";"DEL02-CE";"UOP01-DEL02-CE"
270273;2020-02-19;"quarta-feira";"15:30:00";"SC";101;41,7;"JOINVILLE";"Falta de Atenção à Condução";"Colisão lateral";"Com Vítimas Feridas";"Pleno dia";"Crescente";"Nublado";"Dupla";"Reta";"Sim";2;0;1;0;0;1;1;2;-26,28215489;-48,88973081;"SPRF-SC";"DEL03-SC";"UOP01-DEL03-SC"
270274;2020-02-19;"quarta-feira";"14:45:00";"MG";262;606,7;"CAMPOS ALTOS";"Falta de Atenção à Condução";"Colisão traseira";"Com Vítimas Feridas";"Pleno dia";"Decrescente";"Chuva";"Simples";"Curva";"Não";3;0;1;0;2;0;1;3;-19,61194605;-46,28226314;"SPRF-MG";"DEL08-MG";"UOP02-DEL08-MG"
270280;2020-02-19;"quarta-feira";"16:05:00";"SC";470;125;"LONTRAS";"Falta de Atenção à Condução";"Colisão transversal";"Com Vítimas Feridas";"Pleno dia";"Decrescente";"Céu Claro";"Simples";"Reta;Declive";"Não";3;0;0;1;1;1;1;3;-27,120506;-49,534946;"SPRF-SC";"DEL04-SC";"UOP02-DEL04-SC"
270285;2020-02-19;"quarta-feira";"17:20:00";"PR";277;669,2;"MEDIANEIRA";"Falta de Atenção à Condução";"Colisão traseira";"Sem Vítimas";"Pleno dia";"Decrescente";"Sol";"Dupla";"Aclive";"Sim";2;0;0;0;2;0;0;2;-25,27562214;-54,0709859;"SPRF-PR";"DEL05-PR";"UOP02-DEL05-PR"
270293;2020-02-19;"quarta-feira";"16:30:00";"MG";365;445,2;"GUIMARANIA";"Condutor Dormindo";"Saída de leito carroçável";"Com Vítimas Feridas";"Pleno dia";"Decrescente";"Céu Claro";"Simples";"Curva;Aclive";"Não";2;0;1;0;0;1;1;2;-18,82120594;-46,78224005;"SPRF-MG";"DEL10-MG";"UOP01-DEL10-MG"
270296;2020-02-19;"quarta-feira";"17:40:00";"BA";116;643,8;"JEQUIE";"Não guardar distância de segurança";"Colisão traseira";"Com Vítimas Feridas";"Pleno dia";"Decrescente";"Sol";"Simples";"Aclive";"Não";3;0;1;0;1;2;1;4;-13,8812196;-40,1365868;"SPRF-BA";"DEL03-BA";"UOP01-DEL03-BA"
270298;2020-02-19;"quarta-feira";"18:10:00";"RN";226;250,8;"JUCURUTU";"Defeito Mecânico no Veículo";"Saída de leito carroçável";"Com Vítimas Feridas";"Plena Noite";"Decrescente";"Chuva";"Simples";"Reta";"Não";3;0;0;1;1;1;1;3;-5,999146;-37,03559;"SPRF-RN";"DEL03-RN";"UOP01-DEL03-RN"
270299;2020-02-19;"quarta-feira";"18:30:00";"MG";50;80;"UBERLANDIA";"Falta de Atenção à Condução";"Colisão lateral";"Sem Vítimas";"Anoitecer";"Crescente";"Céu Claro";"Dupla";"Reta";"Não";4;0;0;0;2;3;0;5;-18,96526796;-48,21547508;"SPRF-MG";"DEL15-MG";"UOP01-DEL15-MG"
270303;2020-02-19;"quarta-feira";"14:16:00";"MG";40;343;"FELIXLANDIA";"Defeito Mecânico no Veículo";"Danos eventuais";"Com Vítimas Feridas";"Pleno dia";"Decrescente";"Céu Claro";"Simples";"Declive";"Não";2;0;0;1;1;0;1;2;-18,68806;-44,98724;"SPRF-MG";"DEL02-MG";"UOP01-DEL02-MG"
270304;2020-02-19;"quarta-feira";"19:00:00";"RJ";116;168,3;"SAO JOAO DE MERITI";"Defeito Mecânico no Veículo";"Colisão com objeto estático";"Com Vítimas Feridas";"Plena Noite";"Crescente";"Céu Claro";"Múltipla";"Reta";"Sim";2;0;1;0;1;0;1;2;-22,819969;-43,31499997;"SPRF-RJ";"DEL01-RJ";"UOP02-DEL01-RJ"
270305;2020-02-19;"quarta-feira";"19:15:00";"ES";262;121,9;"CONCEICAO DO CASTELO";"Velocidade Incompatível";"Colisão transversal";"Com Vítimas Feridas";"Plena Noite";"Decrescente";"Nublado";"Simples";"Reta";"Não";3;0;1;0;1;1;1;3;-20,28087647;-41,27357483;"SPRF-ES";"DEL01-ES";"UOP02-DEL01-ES"
270306;2020-02-19;"quarta-feira";"16:30:00";"MT";364;267;"JACIARA";"Desobediência às normas de trânsito pelo condutor";"Saída de leito carroçável";"Com Vítimas Feridas";"Pleno dia";"Decrescente";"Chuva";"Simples";"Reta";"Não";2;0;2;0;0;0;2;1;-15,9882532;-54,92679723;"SPRF-MT";"DEL05-MT";"UOP02-DEL05-MT"
270313;2020-02-19;"quarta-feira";"20:15:00";"PR";476;136;"CURITIBA";"Falta de Atenção à Condução";"Engavetamento";"Sem Vítimas";"Plena Noite";"Crescente";"Nublado";"Múltipla";"Reta;Interseção de Vias";"Sim";4;0;0;0;4;0;0;4;-25,49674191;-49,2767179;"SPRF-PR";"DEL01-PR";"UOP03-DEL01-PR"
270314;2020-01-19;"domingo";"02:10:00";"ES";101;430,4;"ATILIO VIVACQUA";"Condutor Dormindo";"Colisão frontal";"Com Vítimas Feridas";"Plena Noite";"Crescente";"Nublado";"Simples";"Reta";"Não";2;0;1;1;0;0;2;2;-21,02621272;-41,17083734;"SPRF-ES";"DEL03-ES";"UOP02-DEL03-ES"
270332;2020-02-19;"quarta-feira";"22:45:00";"SC";101;254;"PAULO LOPES";"Defeito Mecânico no Veículo";"Incêndio";"Sem Vítimas";"Plena Noite";"Decrescente";"Nublado";"Dupla";"Reta";"Sim";2;0;0;0;1;1;0;2;-27,97368802;-48,67940247;"SPRF-SC";"DEL02-SC";"UOP03-DEL02-SC"
270335;2020-02-19;"quarta-feira";"16:30:00";"SE";101;69,2;"MARUIM";"Ultrapassagem Indevida";"Saída de leito carroçável";"Sem Vítimas";"Pleno dia";"Crescente";"Nublado";"Simples";"Aclive";"Não";1;0;0;0;1;0;0;1;-10,72937357;-37,0810103;"SPRF-SE";"DEL01-SE";"UOP01-DEL01-SE"
270339;2020-02-19;"quarta-feira";"22:55:00";"MG";262;639,8;"IBIA";"Falta de Atenção à Condução";"Colisão traseira";"Com Vítimas Feridas";"Plena Noite";"Decrescente";"Nublado";"Simples";"Reta;Aclive";"Não";2;0;1;0;0;1;1;2;-19,57548278;-46,53425397;"SPRF-MG";"DEL08-MG";"UOP01-DEL08-MG"
270340;2020-02-20;"quinta-feira";"00:20:00";"SC";470;58,1;"BLUMENAU";"Ingestão de Álcool";"Colisão frontal";"Sem Vítimas";"Plena Noite";"Decrescente";"Céu Claro";"Simples";"Reta";"Não";2;0;0;0;2;0;0;2;-26,883879;-49,145622;"SPRF-SC";"DEL04-SC";"UOP01-DEL04-SC"
270343;2020-02-19;"quarta-feira";"19:30:00";"SC";470;145;"RIO DO SUL";"Falta de Atenção à Condução";"Colisão transversal";"Com Vítimas Fatais";"Plena Noite";"Decrescente";"Céu Claro";"Simples";"Reta";"Sim";3;1;0;0;1;1;0;3;-27,237301;-49,682217;"SPRF-SC";"DEL04-SC";"UOP02-DEL04-SC"
270344;2020-02-19;"quarta-feira";"20:00:00";"SC";470;190;"POUSO REDONDO";"Velocidade Incompatível";"Tombamento";"Com Vítimas Feridas";"Plena Noite";"Decrescente";"Nublado";"Simples";"Curva";"Não";2;0;1;1;0;0;2;1;-27,281504;-50,069775;"SPRF-SC";"DEL04-SC";"UOP02-DEL04-SC"
270345;2020-02-19;"quarta-feira";"23:40:00";"MG";116;316;"ITAMBACURI";"Condutor Dormindo";"Colisão frontal";"Com Vítimas Feridas";"Plena Noite";"Crescente";"Nublado";"Simples";"Reta";"Não";3;0;1;1;1;0;2;2;-18,119654;-41,694023;"SPRF-MG";"DEL11-MG";"UOP01-DEL11-MG"
270346;2020-02-19;"quarta-feira";"21:50:00";"MT";364;100,2;"ALTO GARCAS";"Defeito Mecânico no Veículo";"Incêndio";"Sem Vítimas";"Plena Noite";"Decrescente";"Chuva";"Simples";"Curva;Aclive";"Não";2;0;0;0;1;2;0;3;-16,84149617;-53,77703313;"SPRF-MT";"DEL02-MT";"UOP02-DEL02-MT"
270348;2020-02-20;"quinta-feira";"01:15:00";"SC";282;52,6;"RANCHO QUEIMADO";"Falta de Atenção à Condução";"Tombamento";"Com Vítimas Feridas";"Plena Noite";"Crescente";"Chuva";"Simples";"Curva";"Não";1;0;1;0;0;0;1;1;-27,696936;-48,964138;"SPRF-SC";"DEL01-SC";"UOP03-DEL01-SC"
270355;2020-02-20;"quinta-feira";"03:20:00";"PR";277;142;"CAMPO LARGO";"Condutor Dormindo";"Colisão traseira";"Sem Vítimas";"Plena Noite";"Decrescente";"Céu Claro";"Simples";"Reta";"Não";3;0;0;0;2;2;0;4;-25,44518045;-49,4985659;"SPRF-PR";"DEL01-PR";"UOP03-DEL03-PR"
270357;2020-02-20;"quinta-feira";"04:00:00";"PE";232;346,8;"CUSTODIA";"Condutor Dormindo";"Colisão traseira";"Com Vítimas Feridas";"Plena Noite";"Decrescente";"Vento";"Simples";"Reta";"Não";2;0;0;1;1;0;1;2;-8,09262164;-37,75448204;"SPRF-PE";"DEL03-PE";"UOP02-DEL03-PE"
270358;2020-02-20;"quinta-feira";"03:45:00";"PE";232;56,3;"POMBOS";"Falta de Atenção à Condução";"Colisão lateral";"Com Vítimas Fatais";"Plena Noite";"Crescente";"Chuva";"Simples";"Reta";"Não";2;1;0;0;1;0;0;2;-8,13762681;-35,37336212;"SPRF-PE";"DEL02-PE";"UOP02-DEL02PE"
270359;2020-02-20;"quinta-feira";"05:30:00";"SP";381;58;"MAIRIPORA";"Condutor Dormindo";"Colisão traseira";"Com Vítimas Feridas";"Amanhecer";"Crescente";"Nublado";"Dupla";"Reta";"Não";3;0;0;1;2;0;1;2;-23,27438497;-46,58530615;"SPRF-SP";"DEL03-SP";"UOP01-DEL03-SP"
270361;2020-02-20;"quinta-feira";"04:20:00";"SC";153;36,3;"PONTE SERRADA";"Velocidade Incompatível";"Tombamento";"Com Vítimas Feridas";"Plena Noite";"Crescente";"Céu Claro";"Simples";"Curva";"Não";2;0;1;0;0;1;1;2;-26,821478;-51,720905;"SPRF-SC";"DEL07-SC";"UOP07-DEL07-SC"
270364;2020-02-20;"quinta-feira";"06:35:00";"GO";60;93;"ANAPOLIS";"Falta de Atenção à Condução";"Queda de ocupante de veículo";"Com Vítimas Fatais";"Pleno dia";"Decrescente";"Céu Claro";"Dupla";"Reta";"Sim";3;1;0;1;1;0;1;3;-16,3538;-48,9268;"SPRF-GO";"DEL02-GO";"UOP01-DEL02-GO"
270371;2020-02-20;"quinta-feira";"06:00:00";"RJ";116;222,1;"PIRAI";"Velocidade Incompatível";"Tombamento";"Sem Vítimas";"Pleno dia";"Decrescente";"Céu Claro";"Simples";"Declive;Curva";"Não";2;0;0;0;1;2;0;3;-22,68044875;-43,83931339;"SPRF-RJ";"DEL07-RJ";"UOP01-DEL07-RJ"
270372;2020-02-20;"quinta-feira";"07:15:00";"SP";381;50;"ATIBAIA";"Não guardar distância de segurança";"Colisão traseira";"Com Vítimas Feridas";"Pleno dia";"Crescente";"Céu Claro";"Múltipla";"Reta";"Não";3;0;1;0;1;1;1;3;-23,21359807;-46,59367981;"SPRF-SP";"DEL03-SP";"UOP01-DEL03-SP"
270374;2020-02-20;"quinta-feira";"06:50:00";"ES";101;261,9;"SERRA";"Não guardar distância de segurança";"Colisão traseira";"Com Vítimas Fatais";"Pleno dia";"Crescente";"Sol";"Dupla";"Reta";"Sim";5;1;1;0;2;1;1;5;-20,14854215;-40,27970926;"SPRF-ES";"DEL02-ES";"UOP01-DEL02-ES"
270376;2020-02-20;"quinta-feira";"07:40:00";"AL";101;16,7;"JOAQUIM GOMES";"Falta de Atenção à Condução";"Saída de leito carroçável";"Com Vítimas Feridas";"Pleno dia";"Crescente";"Nublado";"Dupla";"Curva";"Não";2;0;1;0;0;1;1;2;-8,99730698;-35,6760262;"SPRF-AL";"DEL01-AL";"UOP02-DEL01-AL"
270379;2020-02-20;"quinta-feira";"07:30:00";"RS";116;236;"NOVO HAMBURGO";"Falta de Atenção à Condução";"Colisão traseira";"Com Vítimas Feridas";"Pleno dia";"Decrescente";"Céu Claro";"Múltipla";"Reta";"Sim";2;0;1;0;1;0;1;2;-29,66938502;-51,14304731;"SPRF-RS";"DEL01-RS";"UOP02-DEL01-RS"
270382;2020-02-19;"quarta-feira";"16:10:00";"RO";435;35,5;"VILHENA";"Velocidade Incompatível";"Saída de leito carroçável";"Com Vítimas Feridas";"Pleno dia";"Crescente";"Céu Claro";"Simples";"Curva";"Não";2;0;1;0;0;2;1;3;-12,84736708;-60,37897271;"SPRF-RO";"DEL04-RO";"UOP02-DEL04-RO"
270386;2020-02-19;"quarta-feira";"15:00:00";"MG";365;262;"JOAO PINHEIRO";"Velocidade Incompatível";"Colisão com objeto estático";"Sem Vítimas";"Pleno dia";"Decrescente";"Céu Claro";"Simples";"Reta";"Não";2;0;0;0;1;1;0;2;-17,88005786;-45,53451322;"SPRF-MG";"DEL14-MG";"UOP02-DEL14-MG"
270391;2020-02-20;"quinta-feira";"08:20:00";"SE";101;152,8;"ESTANCIA";"Falta de Atenção à Condução";"Saída de leito carroçável";"Sem Vítimas";"Pleno dia";"Decrescente";"Céu Claro";"Dupla";"Curva";"Não";4;0;0;0;4;0;0;1;-11,277006;-37,449483;"SPRF-SE";"DEL02-SE";"UOP01-DEL02-SE"
270394;2020-02-20;"quinta-feira";"06:10:00";"PR";376;676;"GUARATUBA";"Velocidade Incompatível";"Tombamento";"Com Vítimas Feridas";"Amanhecer";"Decrescente";"Nublado";"Dupla";"Aclive;Curva";"Não";2;0;1;0;0;1;1;2;-25,9386941;-48,90849352;"SPRF-PR";"DEL01-PR";"UOP04-DEL01-PR"
270395;2020-02-20;"quinta-feira";"08:55:00";"SP";381;56,8;"MAIRIPORA";"Não guardar distância de segurança";"Colisão traseira";"Com Vítimas Feridas";"Pleno dia";"Decrescente";"Céu Claro";"Dupla";"Reta";"Sim";2;0;1;0;1;0;1;2;-23,25907163;-46,58982662;"SPRF-SP";"DEL03-SP";"UOP01-DEL03-SP"
270403;2020-02-20;"quinta-feira";"08:20:00";"SP";116;287,7;"ITAPECERICA DA SERRA";"Não guardar distância de segurança";"Colisão traseira";"Com Vítimas Feridas";"Pleno dia";"Decrescente";"Céu Claro";"Dupla";"Reta";"Não";3;0;1;0;1;1;1;3;-23,71441779;-46,87929634;"SPRF-SP";"DEL04-SP";"UOP01-DEL04-SP"
270405;2020-02-20;"quinta-feira";"09:00:00";"SC";101;112;"NAVEGANTES";"Falta de Atenção à Condução";"Colisão lateral";"Com Vítimas Feridas";"Pleno dia";"Decrescente";"Céu Claro";"Dupla";"Ponte";"Não";3;0;0;1;1;2;1;4;-26,84589005;-48,72131295;"SPRF-SC";"DEL04-SC";"UOP04-DEL04-SC"
270406;2020-02-20;"quinta-feira";"09:00:00";"RN";405;94,6;"ITAU";"Defeito Mecânico no Veículo";"Incêndio";"Sem Vítimas";"Pleno dia";"Crescente";"Sol";"Simples";"Aclive";"Não";2;0;0;0;1;1;0;2;-5,7559714;-37,88561571;"SPRF-RN";"DEL04-RN";"UOP02-DEL04-RN"
270412;2020-02-20;"quinta-feira";"10:00:00";"PE";101;207;"XEXEU";"Pista Escorregadia";"Saída de leito carroçável";"Com Vítimas Feridas";"Pleno dia";"Crescente";"Chuva";"Dupla";"Curva";"Não";2;0;0;1;0;1;1;2;-8,82545377;-35,64542552;"SPRF-PE";"DEL01-PE";"UOP03-DEL01-PE"
270413;2020-02-19;"quarta-feira";"21:30:00";"MT";163;870;"SINOP";"Ultrapassagem Indevida";"Saída de leito carroçável";"Sem Vítimas";"Plena Noite";"Decrescente";"Chuva";"Simples";"Reta";"Não";2;0;0;0;1;1;0;2;-11,68153596;-55,44846815;"SPRF-MT";"DEL06-MT";"NPF/DEL06-MT"
270424;2020-02-20;"quinta-feira";"09:30:00";"MT";364;459;"VARZEA GRANDE";"Defeito Mecânico no Veículo";"Saída de leito carroçável";"Sem Vítimas";"Pleno dia";"Decrescente";"Céu Claro";"Simples";"Reta";"Não";2;0;0;0;1;2;0;3;-15,53593998;-56,27611937;"SPRF-MT";"DEL01-MT";"DEL2/4-UOP02/MT"
270425;2020-02-20;"quinta-feira";"10:50:00";"SC";282;17;"PALHOCA";"Desobediência às normas de trânsito pelo condutor";"Colisão transversal";"Com Vítimas Feridas";"Pleno dia";"Crescente";"Céu Claro";"Simples";"Reta";"Sim";3;0;0;2;1;0;2;2;-27,665707;-48,688065;"SPRF-SC";"DEL01-SC";"UOP02-DEL01-SC"
270426;2020-01-19;"domingo";"13:15:00";"MG";40;118,9;"LAGOA GRANDE";"Falta de Atenção à Condução";"Colisão transversal";"Com Vítimas Fatais";"Pleno dia";"Crescente";"Céu Claro";"Simples";"Interseção de Vias;Reta";"Não";4;1;1;1;0;2;2;4;-17,65869879;-46,38339596;"SPRF-MG";"DEL14-MG";"UOP01-DEL14-MG"
270433;2020-02-20;"quinta-feira";"11:15:00";"DF";20;10,2;"BRASILIA";"Falta de Atenção à Condução";"Colisão lateral";"Com Vítimas Feridas";"Pleno dia";"Crescente";"Céu Claro";"Dupla";"Reta";"Sim";2;0;0;1;1;0;1;2;-15,650243;-47,773872;"SPRF-DF";"DEL02-DF";"UOP01-DEL02-DF"
270441;2020-02-20;"quinta-feira";"11:15:00";"PR";376;671,5;"GUARATUBA";"Desobediência às normas de trânsito pelo condutor";"Colisão com objeto estático";"Com Vítimas Feridas";"Pleno dia";"Decrescente";"Sol";"Dupla";"Aclive;Reta";"Não";3;0;0;1;1;3;1;5;-25,885323;-48,935154;"SPRF-PR";"DEL01-PR";"UOP04-DEL01-PR"
270442;2020-02-20;"quinta-feira";"10:40:00";"MT";364;475;"JANGADA";"Falta de Atenção à Condução";"Tombamento";"Sem Vítimas";"Pleno dia";"Crescente";"Garoa/Chuvisco";"Simples";"Curva";"Não";2;0;0;0;1;3;0;4;-15,4248342;-56,34374535;"SPRF-MT";"DEL01-MT";"DEL2/4-UOP02/MT"
270444;2020-02-20;"quinta-feira";"11:30:00";"AL";101;59;"MESSIAS";"Falta de Atenção à Condução";"Tombamento";"Com Vítimas Feridas";"Pleno dia";"Crescente";"Chuva";"Dupla";"Aclive";"Não";2;0;1;0;0;1;1;2;-9,28599114;-35,80320663;"SPRF-AL";"DEL01-AL";"UOP02-DEL01-AL"
270446;2020-02-20;"quinta-feira";"12:15:00";"DF";80;20;"BRASILIA";"Falta de Atenção à Condução";"Colisão com objeto estático";"Sem Vítimas";"Pleno dia";"Decrescente";"Céu Claro";"Simples";"Reta";"Sim";2;0;0;0;1;1;0;2;-15,62214356;-48,1989795;"SPRF-DF";"DEL03-DF";"UOP02-DEL03-DF"
270454;2020-02-20;"quinta-feira";"08:45:00";"SP";116;473,1;"REGISTRO";"Falta de Atenção à Condução";"Colisão lateral";"Com Vítimas Feridas";"Pleno dia";"Crescente";"Sol";"Dupla";"Reta";"Sim";3;0;1;0;1;1;1;3;-24,67227596;-47,97879913;"SPRF-SP";"DEL05-SP";"UOP01-DEL05-SP"
270456;2020-02-20;"quinta-feira";"12:30:00";"RN";304;261,9;"SAO PEDRO";"Defeito Mecânico no Veículo";"Derramamento de carga";"Sem Vítimas";"Pleno dia";"Crescente";"Chuva";"Simples";"Reta";"Não";2;0;0;0;1;1;0;2;-5,85030965;-35,65638516;"SPRF-RN";"DEL01-RN";"UOP02-DEL01-RN"
270457;2020-02-20;"quinta-feira";"10:00:00";"SC";282;599;"CUNHA PORA";"Falta de Atenção à Condução";"Colisão transversal";"Com Vítimas Feridas";"Pleno dia";"Crescente";"Céu Claro";"Simples";"Curva";"Não";2;0;1;0;1;0;1;2;-26,820206;-53,155052;"SPRF-SC";"DEL07-SC";"UOP02-DEL07-SC"
270458;2020-02-20;"quinta-feira";"13:30:00";"PE";101;4,5;"GOIANA";"Defeito Mecânico no Veículo";"Colisão com objeto estático";"Com Vítimas Feridas";"Pleno dia";"Decrescente";"Chuva";"Dupla";"Reta";"Não";1;0;0;1;0;0;1;1;-7,53264499;-34,99145786;"SPRF-PE";"DEL01-PE";"UOP02-DEL01-PE"
270463;2020-02-20;"quinta-feira";"14:00:00";"GO";40;54;"LUZIANIA";"Desobediência às normas de trânsito pelo condutor";"Colisão traseira";"Com Vítimas Feridas";"Pleno dia";"Crescente";"Céu Claro";"Dupla";"Reta";"Não";3;0;1;0;2;0;1;3;-16,476451;-47,811164;"SPRF-DF";"DEL01-DF";"UOP02-DEL01-DF"
270468;2020-02-20;"quinta-feira";"11:40:00";"PR";376;671,1;"GUARATUBA";"Velocidade Incompatível";"Colisão traseira";"Com Vítimas Feridas";"Pleno dia";"Crescente";"Nublado";"Dupla";"Reta";"Não";3;0;0;1;1;2;1;4;-25,885323;-48,935154;"SPRF-PR";"DEL01-PR";"UOP04-DEL01-PR"
270469;2020-02-20;"quinta-feira";"13:45:00";"MS";262;486,2;"ANASTACIO";"Condutor Dormindo";"Colisão com objeto estático";"Com Vítimas Feridas";"Pleno dia";"Crescente";"Nublado";"Simples";"Reta";"Não";2;0;1;0;0;1;1;2;-20,50015885;-55,77788898;"SPRF-MS";"DEL03-MS";"UOP01-DEL03-MS"
270472;2020-02-20;"quinta-feira";"12:55:00";"MS";262;348,8;"CAMPO GRANDE";"Falta de Atenção à Condução";"Colisão lateral";"Com Vítimas Feridas";"Pleno dia";"Crescente";"Nublado";"Simples";"Reta";"Não";2;0;1;0;1;0;1;2;-20,56323754;-54,61259399;"SPRF-MS";"DEL01-MS";"UOP03-DEL01-MS"
270473;2020-02-20;"quinta-feira";"11:45:00";"MA";10;248;"IMPERATRIZ";"Desobediência às normas de trânsito pelo condutor";"Colisão lateral";"Com Vítimas Feridas";"Pleno dia";"Decrescente";"Céu Claro";"Simples";"Reta";"Sim";3;0;0;1;1;1;1;3;-5,566143;-47,449028;"SPRF-MA";"DEL04-MA";"UOP01-DEL04-MA"