"id";"data_inversa";"dia_semana";"horario";"uf";"br";"km";"municipio";"causa_acidente";"tipo_acidente";"classificacao_acidente";"fase_dia";"sentido_via";"condicao_metereologica";"tipo_pista";"tracado_via";"uso_solo";"pessoas";"mortos";"feridos_leves";"feridos_graves";"ilesos";"ignorados";"feridos";"veiculos";"latitude";"longitude";"regional";"delegacia";"uop"
270476;2020-02-20;"quinta-feira";"15:05:00";"SC";101;205;"SAO JOSE";"Não guardar distância de segurança";"Colisão traseira";"Com Vítimas Feridas";"Pleno dia";"Decrescente";"Nublado";"Dupla";"Reta";"Sim";4;0;1;0;1;2;1;4;-27,58313237;-48,61532885;"SPRF-SC";"DEL01-SC";"UOP01-DEL01-SC"
270479;2020-02-20;"quinta-feira";"08:25:00";"PA";10;313;"IRITUIA";"Defeito Mecânico no Veículo";"Tombamento";"Sem Vítimas";"Pleno dia";"Decrescente";"Chuva";"Simples";"Declive";"Não";2;0;0;0;1;1;0;2;-1,69309796;-47,50215758;"SPRF-PA";"DEL01-PA";"UOP02-DEL01-PA"
270483;2020-02-20;"quinta-feira";"15:15:00";"BA";116;777,9;"PLANALTO";"Defeito Mecânico no Veículo";"Atropelamento de Pedestre";"Com Vítimas Feridas";"Pleno dia";"Decrescente";"Céu Claro";"Simples";"Reta";"Sim";2;0;0;1;1;0;1;2;-14,6753836;-40,49788367;"SPRF-BA";"DEL08-BA";"UOP02-DEL08-BA"
270488;2020-02-20;"quinta-feira";"16:00:00";"PE";101;60,5;"RECIFE";"Falta de Atenção à Condução";"Colisão traseira";"Com Vítimas Feridas";"Pleno dia";"Decrescente";"Nublado";"Dupla";"Reta";"Sim";3;0;1;0;1;1;1;3;-7,98344307;-34,93176727;"SPRF-PE";"DEL01-PE";"UOP02-DEL01-PE"
270489;2020-02-20;"quinta-feira";"15:20:00";"MT";163;1039,7;"MATUPA";"Desobediência às normas de trânsito pelo condutor";"Colisão transversal";"Com Vítimas Feridas";"Pleno dia";"Crescente";"Chuva";"Simples";"Declive;Reta";"Sim";3;0;2;0;1;0;2;2;-10,172538;-54,939736;"SPRF-MT";"DEL06-MT";"NPF/DEL06-MT"
270492;2020-02-20;"quinta-feira";"11:00:00";"BA";242;329;"LENCOIS";"Velocidade Incompatível";"Tombamento";"Com Vítimas Fatais";"Pleno dia";"Crescente";"Sol";"Simples";"Declive;Curva";"Não";3;1;1;0;0;1;1;2;-12,48539865;-41,14102412;"SPRF-BA";"DEL06-BA";"UOP01-DEL06-BA"
270496;2020-02-20;"quinta-feira";"17:10:00";"PR";277;655;"MATELANDIA";"Defeito Mecânico no Veículo";"Saída de leito carroçável";"Sem Vítimas";"Pleno dia";"Decrescente";"Céu Claro";"Simples";"Curva;Aclive";"Não";2;0;0;0;1;1;0;2;-25,2307921;-53,95278694;"SPRF-PR";"DEL05-PR";"UOP02-DEL05-PR"
270497;2020-02-20;"quinta-feira";"17:25:00";"RS";290;91,3;"PORTO ALEGRE";"Desobediência às normas de trânsito pelo condutor";"Colisão lateral";"Com Vítimas Feridas";"Pleno dia";"Decrescente";"Céu Claro";"Dupla";"Reta";"Sim";2;0;0;1;0;1;1;2;-29,969055;-51,167439;"SPRF-RS";"DEL01-RS";"UOP01-DEL01-RS"
270500;2020-02-20;"quinta-feira";"15:00:00";"BA";324;473;"TANQUINHO";"Condutor Dormindo";"Colisão lateral";"Com Vítimas Feridas";"Pleno dia";"Crescente";"Céu Claro";"Simples";"Reta";"Não";4;0;3;0;1;0;3;2;-11,97628424;-39,11946812;"SPRF-BA";"DEL02-BA";"UOP01-DEL02-BA"
270503;2020-02-20;"quinta-feira";"16:00:00";"SC";282;443,2;"PONTE SERRADA";"Ultrapassagem Indevida";"Colisão lateral";"Com Vítimas Feridas";"Pleno dia";"Crescente";"Céu Claro";"Simples";"Reta";"Não";4;0;1;1;2;0;2;2;-26,917578;-51,890999;"SPRF-SC";"DEL07-SC";"UOP04-DEL07-SC"
270506;2020-02-20;"quinta-feira";"16:20:00";"SC";101;128,5;"BALNEARIO CAMBORIU";"Falta de Atenção à Condução";"Colisão lateral";"Com Vítimas Feridas";"Pleno dia";"Decrescente";"Céu Claro";"Dupla";"Reta";"Sim";4;0;1;0;2;1;1;3;-26,97284292;-48,68299451;"SPRF-SC";"DEL04-SC";"UOP03-DEL04-SC"
270507;2020-02-20;"quinta-feira";"17:10:00";"CE";20;412;"MARACANAU";"Não guardar distância de segurança";"Colisão traseira";"Com Vítimas Feridas";"Pleno dia";"Crescente";"Céu Claro";"Dupla";"Reta";"Sim";2;0;0;1;1;0;1;2;-3,80733719;-38,63871217;"SPRF-CE";"DEL01-CE";"UOP01-DEL01-CE"
270512;2020-02-20;"quinta-feira";"17:45:00";"RS";116;47,4;"VACARIA";"Falta de Atenção à Condução";"Capotamento";"Com Vítimas Feridas";"Pleno dia";"Crescente";"Céu Claro";"Simples";"Reta";"Não";2;0;1;0;1;0;1;2;-28,55966978;-50,98829019;"SPRF-RS";"DEL05-RS";"UOP03-DEL05-RS"
270517;2020-02-20;"quinta-feira";"16:40:00";"ES";101;294;"CARIACICA";"Defeito Mecânico no Veículo";"Colisão lateral";"Com Vítimas Feridas";"Pleno dia";"Decrescente";"Céu Claro";"Dupla";"Reta;Aclive";"Sim";4;0;1;0;3;0;1;4;-20,32508943;-40,3958745;"SPRF-ES";"DEL01-ES";"UOP01-DEL01-ES"
270520;2020-02-20;"quinta-feira";"18:10:00";"MG";40;581;"ITABIRITO";"Falta de Atenção à Condução";"Saída de leito carroçável";"Com Vítimas Feridas";"Anoitecer";"Decrescente";"Chuva";"Dupla";"Reta";"Não";3;0;1;0;0;2;1;3;-20,30234388;-43,93887077;"SPRF-MG";"DEL01-MG";"UOP02-DEL01-MG"
270522;2020-02-20;"quinta-feira";"18:20:00";"AL";316;270;"SATUBA";"Pista Escorregadia";"Colisão com objeto estático";"Sem Vítimas";"Anoitecer";"Crescente";"Chuva";"Simples";"Reta";"Não";2;0;0;0;1;1;0;2;-9,5716559;-35,824111;"SPRF-AL";"DEL02-AL";"UOP01-DEL02-AL"
270523;2020-02-20;"quinta-feira";"18:40:00";"MG";40;495;"ESMERALDAS";"Desobediência às normas de trânsito pelo condutor";"Colisão lateral";"Sem Vítimas";"Plena Noite";"Crescente";"Céu Claro";"Dupla";"Reta";"Não";3;0;0;0;1;2;0;3;-19,662723;-44,196916;"SPRF-MG";"DEL02-MG";"UOP01-DEL02-MG"
270534;2020-02-20;"quinta-feira";"18:20:00";"MS";262;462,8;"DOIS IRMAOS DO BURITI";"Pista Escorregadia";"Saída de leito carroçável";"Com Vítimas Feridas";"Anoitecer";"Crescente";"Chuva";"Simples";"Reta";"Não";1;0;0;1;0;0;1;1;-20,54141423;-55,5557902;"SPRF-MS";"DEL03-MS";"UOP01-DEL03-MS"
270544;2020-02-20;"quinta-feira";"17:35:00";"RJ";393;241,1;"VASSOURAS";"Avarias e/ou desgaste excessivo no pneu";"Colisão frontal";"Com Vítimas Feridas";"Pleno dia";"Decrescente";"Chuva";"Simples";"Curva";"Não";4;0;0;2;1;1;2;3;-22,41971814;-43,68447089;"SPRF-RJ";"DEL05-RJ";"UOP03-DEL05-RJ"
270548;2020-02-20;"quinta-feira";"20:30:00";"MA";10;326,4;"ACAILANDIA";"Condutor Dormindo";"Saída de leito carroçável";"Com Vítimas Feridas";"Plena Noite";"Decrescente";"Nublado";"Simples";"Reta";"Não";2;0;0;1;0;1;1;2;-4,864507;-47,515343;"SPRF-MA";"DEL04-MA";"UOP03-DEL04-MA"
270549;2020-02-20;"quinta-feira";"21:20:00";"RS";386;288,9;"SAO JOSE DO HERVAL";"Falta de Atenção à Condução";"Colisão lateral";"Com Vítimas Feridas";"Plena Noite";"Crescente";"Ignorado";"Simples";"Reta";"Não";6;0;2;0;3;2;2;4;-29,080721;-52,27039;"SPRF-RS";"DEL04-RS";"UOP01-DEL04-RS"
270551;2020-02-20;"quinta-feira";"21:30:00";"PR";158;538;"PATO BRANCO";"Falta de Atenção à Condução";"Tombamento";"Com Vítimas Feridas";"Plena Noite";"Decrescente";"Céu Claro";"Simples";"Interseção de Vias";"Sim";1;0;1;0;0;0;1;1;-26,25314371;-52,70783186;"SPRF-PR";"DEL02-PR";"UOP01-DEL02-PR"
270552;2020-02-20;"quinta-feira";"20:30:00";"MG";40;608,1;"CONGONHAS";"Desobediência às normas de trânsito pelo condutor";"Colisão transversal";"Com Vítimas Fatais";"Plena Noite";"Crescente";"Nublado";"Simples";"Reta";"Não";4;1;0;0;1;2;0;4;-20,48427186;-43,83895771;"SPRF-MG";"DEL05-MG";"UOP02-DEL05-MG"
270559;2020-02-20;"quinta-feira";"21:50:00";"TO";153;334;"GUARAI";"Desobediência às normas de trânsito pelo condutor";"Colisão lateral";"Com Vítimas Feridas";"Plena Noite";"Crescente";"Céu Claro";"Múltipla";"Interseção de Vias";"Sim";3;0;1;0;2;0;1;2;-8,835718;-48,512123;"SPRF-TO";"DEL02-TO";"UOP02-DEL02-TO"
270560;2020-02-20;"quinta-feira";"22:15:00";"MT";158;711;"BARRA DO GARCAS";"Falta de Atenção à Condução";"Colisão traseira";"Sem Vítimas";"Plena Noite";"Decrescente";"Céu Claro";"Simples";"Reta";"Não";4;0;0;0;4;0;0;2;-15,15037595;-52,19817394;"SPRF-MT";"DEL07-MT";"UOP01-DEL07-MT"
270566;2020-02-20;"quinta-feira";"10:25:00";"SC";470;15;"NAVEGANTES";"Velocidade Incompatível";"Colisão frontal";"Com Vítimas Feridas";"Plena Noite";"Crescente";"Nublado";"Simples";"Curva";"Não";2;0;2;0;0;0;2;2;-26,839785;-48,785534;"SPRF-SC";"DEL04-SC";"UOP04-DEL04-SC"
270569;2020-02-21;"sexta-feira";"00:15:00";"MG";381;683;"PERDOES";"Ingestão de Álcool";"Colisão com objeto estático";"Sem Vítimas";"Plena Noite";"Decrescente";"Chuva";"Dupla";"Reta";"Não";3;0;0;0;1;2;0;3;-21,17656293;-45,12506072;"SPRF-MG";"DEL04-MG";"UOP02-DEL04-MG"
270571;2020-02-21;"sexta-feira";"00:10:00";"SC";282;517,6;"XAXIM";"Desobediência às normas de trânsito pelo pedestre";"Atropelamento de Pedestre";"Com Vítimas Fatais";"Plena Noite";"Crescente";"Céu Claro";"Simples";"Reta";"Não";4;1;0;0;2;1;0;2;-26,939375;-52,500057;"SPRF-SC";"DEL07-SC";"UOP01-DEL07-SC"
270576;2020-02-20;"quinta-feira";"21:30:00";"MA";135;23;"SAO LUIS";"Falta de Atenção do Pedestre";"Atropelamento de Pedestre";"Com Vítimas Feridas";"Plena Noite";"Decrescente";"Chuva";"Simples";"Reta";"Sim";2;0;0;1;1;0;1;2;-2,75265593;-44,34833106;"SPRF-MA";"DEL01-MA";"UOP01-DEL01-MA"
270578;2020-02-21;"sexta-feira";"03:00:00";"RJ";493;113;"ITAGUAI";"Condutor Dormindo";"Saída de leito carroçável";"Com Vítimas Feridas";"Plena Noite";"Crescente";"Nublado";"Dupla";"Reta";"Não";3;0;3;0;0;0;3;1;-22,81985867;-43,80420685;"SPRF-RJ";"DEL03-RJ";"UOP01-DEL03-RJ"
270583;2020-02-21;"sexta-feira";"04:25:00";"MS";163;40,4;"ELDORADO";"Falta de Atenção à Condução";"Tombamento";"Com Vítimas Feridas";"Amanhecer";"Crescente";"Céu Claro";"Simples";"Rotatória";"Sim";1;0;1;0;0;0;1;1;-23,78880331;-54,27961975;"SPRF-MS";"DEL09-MS";"UOP02-DEL09-MS"
270584;2020-02-21;"sexta-feira";"04:55:00";"PR";277;716,8;"SANTA TEREZINHA DE ITAIPU";"Condutor Dormindo";"Saída de leito carroçável";"Com Vítimas Feridas";"Amanhecer";"Crescente";"Céu Claro";"Dupla";"Reta";"Não";2;0;1;0;0;1;1;2;-25,47252277;-54,46707409;"SPRF-PR";"DEL05-PR";"UOP01-DEL05-PR"
270597;2020-02-21;"sexta-feira";"06:40:00";"RJ";356;26,1;"ITAPERUNA";"Falta de Atenção à Condução";"Colisão lateral";"Com Vítimas Feridas";"Pleno dia";"Decrescente";"Céu Claro";"Simples";"Interseção de Vias";"Não";2;0;1;0;1;0;1;2;-21,17939459;-41,95448991;"SPRF-RJ";"DEL08-RJ";"UOP03-DEL08-RJ"
270601;2020-02-21;"sexta-feira";"05:30:00";"SC";470;48,7;"BLUMENAU";"Condutor Dormindo";"Colisão lateral";"Com Vítimas Feridas";"Amanhecer";"Decrescente";"Nublado";"Simples";"Curva";"Não";4;0;0;1;2;1;1;4;-26,85952871;-49,06099319;"SPRF-SC";"DEL04-SC";"UOP01-DEL04-SC"
270606;2020-02-21;"sexta-feira";"06:30:00";"PR";376;494,7;"PONTA GROSSA";"Falta de Atenção à Condução";"Colisão traseira";"Com Vítimas Feridas";"Pleno dia";"Crescente";"Céu Claro";"Dupla";"Reta;Aclive";"Sim";5;0;1;0;4;0;1;2;-25,16566955;-50,11640967;"SPRF-PR";"DEL03-PR";"UOP04-DEL03-PR"
270609;2020-02-21;"sexta-feira";"07:25:00";"RS";386;437,5;"NOVA SANTA RITA";"Desobediência às normas de trânsito pelo condutor";"Colisão transversal";"Com Vítimas Feridas";"Pleno dia";"Crescente";"Céu Claro";"Simples";"Reta";"Não";3;0;0;1;1;2;1;4;-29,85803;-51,261227;"SPRF-RS";"DEL04-RS";"UOP02-DEL04-RS"
270611;2020-02-21;"sexta-feira";"07:30:00";"SP";153;54,3;"SAO JOSE DO RIO PRETO";"Avarias e/ou desgaste excessivo no pneu";"Tombamento";"Com Vítimas Feridas";"Pleno dia";"Crescente";"Garoa/Chuvisco";"Dupla";"Declive";"Não";5;0;2;0;1;3;2;5;-20,74488916;-49,33894564;"SPRF-SP";"DEL09-SP";"UOP01-DEL09-SP"
270612;2020-02-21;"sexta-feira";"04:15:00";"MG";381;623;"OLIVEIRA";"Falta de Atenção à Condução";"Colisão com objeto estático";"Com Vítimas Feridas";"Plena Noite";"Decrescente";"Garoa/Chuvisco";"Dupla";"Reta";"Não";1;0;1;0;0;0;1;1;-20,77946775;-44,78327751;"SPRF-MG";"DEL04-MG";"UOP01-DEL04-MG"
270616;2020-02-20;"quinta-feira";"23:30:00";"PR";373;174,9;"PONTA GROSSA";"Falta de Atenção à Condução";"Colisão com objeto estático";"Sem Vítimas";"Plena Noite";"Crescente";"Céu Claro";"Dupla";"Reta";"Sim";2;0;0;0;1;1;0;2;-25,07594908;-50,20995715;"SPRF-PR";"DEL03-PR";"UOP01-DEL03-PR"
270622;2020-02-21;"sexta-feira";"07:50:00";"BA";116;827,3;"VITORIA DA CONQUISTA";"Avarias e/ou desgaste excessivo no pneu";"Colisão com objeto estático";"Com Vítimas Feridas";"Pleno dia";"Crescente";"Céu Claro";"Simples";"Reta";"Sim";3;0;2;0;1;0;2;2;-14,888062;-40,860732;"SPRF-BA";"DEL08-BA";"UOP01-DEL08-BA"
270624;2020-01-12;"domingo";"15:55:00";"GO";70;317;"JUSSARA";"Falta de Atenção à Condução";"Saída de leito carroçável";"Com Vítimas Feridas";"Pleno dia";"Crescente";"Ignorado";"Simples";"Retorno Regulamentado";"Não";2;0;2;0;0;0;2;1;-15,875582;-50,86829077;"SPRF-GO";"DEL04-GO";"UOP01-DEL04-GO"
270625;2020-02-07;"sexta-feira";"14:00:00";"MG";116;700;"MURIAE";"Animais na Pista";"Atropelamento de Animal";"Com Vítimas Feridas";"Pleno dia";"Decrescente";"Sol";"Simples";"Reta";"Não";2;0;1;0;0;1;1;2;-21,08685254;-42,37478256;"SPRF-MG";"DEL07-MG";"UOP02-DEL07-MG"
270631;2020-02-21;"sexta-feira";"09:40:00";"PA";10;46,5;"ULIANOPOLIS";"Falta de Atenção do Pedestre";"Atropelamento de Pedestre";"Com Vítimas Feridas";"Pleno dia";"Decrescente";"Céu Claro";"Simples";"Reta";"Não";2;0;0;1;1;0;1;2;-4,041606;-47,54474;"SPRF-PA";"DEL02-PA";"UOP02-DEL02-PA"
270635;2020-02-21;"sexta-feira";"09:30:00";"RN";226;117,8;"SANTA CRUZ";"Falta de Atenção à Condução";"Tombamento";"Com Vítimas Feridas";"Pleno dia";"Decrescente";"Céu Claro";"Simples";"Curva";"Não";2;0;1;0;0;2;1;3;-6,194071;-36,050365;"SPRF-RN";"DEL03-RN";"UOP02-DEL03-RN"
270637;2020-02-21;"sexta-feira";"09:45:00";"BA";101;48;"ESPLANADA";"Condutor Dormindo";"Colisão frontal";"Com Vítimas Fatais";"Pleno dia";"Crescente";"Céu Claro";"Simples";"Curva";"Não";5;2;0;2;1;0;2;2;-11,871996;-37,991252;"SPRF-SE";"DEL02-SE";"UOP03-DEL02-SE"
270647;2020-02-21;"sexta-feira";"10:30:00";"PE";423;96,4;"GARANHUNS";"Mal Súbito";"Colisão traseira";"Com Vítimas Fatais";"Pleno dia";"Crescente";"Céu Claro";"Simples";"Curva;Aclive";"Sim";3;1;0;0;1;2;0;4;-8,882044;-36,490004;"SPRF-PE";"DEL03-PE";"UOP01-DEL03-PE"
270649;2020-01-17;"sexta-feira";"17:30:00";"AM";174;1015;"PRESIDENTE FIGUEIREDO";"Carga excessiva e/ou mal acondicionada";"Colisão traseira";"Com Vítimas Feridas";"Anoitecer";"Crescente";"Céu Claro";"Simples";"Declive;Curva";"Não";7;0;3;1;2;4;4;7;-1,85459896;-60,09840096;"SPRF-AM";"DEL01-AM";"UOP02-DEL01-AM"
270652;2020-02-21;"sexta-feira";"08:50:00";"MS";158;337;"BRASILANDIA";"Pista Escorregadia";"Saída de leito carroçável";"Com Vítimas Feridas";"Pleno dia";"Crescente";"Chuva";"Simples";"Reta";"Sim";3;0;3;0;0;0;3;1;-21,23085992;-52,02208612;"SPRF-MS";"DEL07-MS";"UOP01-DEL07-MS"
270653;2020-02-21;"sexta-feira";"11:00:00";"MA";135;1,4;"SAO LUIS";"Falta de Atenção à Condução";"Colisão traseira";"Com Vítimas Feridas";"Pleno dia";"Decrescente";"Nublado";"Dupla";"Reta";"Sim";2;0;1;0;1;0;1;2;-2,58917895;-44,24423719;"SPRF-MA";"DEL01-MA";"UOP01-DEL01-MA"
270660;2020-02-21;"sexta-feira";"11:30:00";"PE";101;84;"JABOATAO DOS GUARARAPES";"Carga excessiva e/ou mal acondicionada";"Queda de ocupante de veículo";"Com Vítimas Feridas";"Pleno dia";"Decrescente";"Céu Claro";"Dupla";"Curva";"Sim";2;0;0;1;0;1;1;2;-8,17778559;-34,95087297;"SPRF-PE";"DEL01-PE";"UOP03-DEL01-PE"
270665;2020-02-21;"sexta-feira";"11:30:00";"RS";287;393;"SANTIAGO";"Falta de Atenção à Condução";"Colisão traseira";"Sem Vítimas";"Pleno dia";"Decrescente";"Céu Claro";"Simples";"Retorno Regulamentado";"Sim";3;0;0;0;3;0;0;2;-29,21638057;-54,84357834;"SPRF-RS";"DEL12-RS";"UOP02-DEL12-RS"
270666;2020-02-21;"sexta-feira";"11:40:00";"PR";116;150;"MANDIRITUBA";"Falta de Atenção à Condução";"Colisão traseira";"Sem Vítimas";"Pleno dia";"Crescente";"Nublado";"Simples";"Reta";"Sim";2;0;0;0;2;0;0;2;-25,81557015;-49,33088979;"SPRF-PR";"DEL01-PR";"UOP03-DEL01-PR"
270670;2020-02-21;"sexta-feira";"12:10:00";"PI";316;5,2;"TERESINA";"Desobediência às normas de trânsito pelo condutor";"Colisão lateral";"Com Vítimas Feridas";"Pleno dia";"Decrescente";"Céu Claro";"Múltipla";"Reta";"Sim";2;0;0;1;1;0;1;2;-5,14169858;-42,78157276;"SPRF-PI";"DEL01-PI";"UOP02-DEL01-PI"
270673;2020-02-21;"sexta-feira";"12:00:00";"MG";381;4,9;"BETIM";"Falta de Atenção à Condução";"Colisão traseira";"Com Vítimas Feridas";"Pleno dia";"Crescente";"Nublado";"Dupla";"Declive;Interseção de Vias";"Não";3;0;1;0;1;1;1;3;-19,98816172;-44,18667912;"SPRF-MG";"DEL01-MG";"UOP03-DEL01-MG"
270675;2020-02-21;"sexta-feira";"06:40:00";"MG";50;180;"UBERABA";"Falta de Atenção à Condução";"Colisão traseira";"Sem Vítimas";"Pleno dia";"Crescente";"Chuva";"Dupla";"Retorno Regulamentado";"Sim";2;0;0;0;1;1;0;2;-19,77848216;-47,92194709;"SPRF-MG";"DEL13-MG";"UOP01-DEL13-MG"
270682;2020-02-21;"sexta-feira";"09:05:00";"MG";116;415,6;"GOVERNADOR VALADARES";"Falta de Atenção à Condução";"Colisão transversal";"Com Vítimas Feridas";"Pleno dia";"Decrescente";"Céu Claro";"Múltipla";"Interseção de Vias";"Sim";2;0;1;0;1;0;1;2;-18,88401297;-41,94924399;"SPRF-MG";"DEL06-MG";"UOP01-DEL06-MG"
270683;2020-02-21;"sexta-feira";"13:30:00";"RJ";40;94;"DUQUE DE CAXIAS";"Defeito Mecânico no Veículo";"Tombamento";"Com Vítimas Feridas";"Pleno dia";"Crescente";"Nublado";"Simples";"Curva";"Sim";1;0;0;1;0;0;1;1;-22,55763285;-43,26574352;"SPRF-RJ";"DEL01-RJ";"UOP01-DEL01-RJ"
270686;2020-02-21;"sexta-feira";"14:10:00";"SC";101;173;"TIJUCAS";"Falta de Atenção à Condução";"Colisão traseira";"Com Vítimas Feridas";"Pleno dia";"Decrescente";"Céu Claro";"Dupla";"Reta";"Sim";3;0;1;0;1;1;1;3;-27,32203197;-48,62757785;"SPRF-SC";"DEL04-SC";"UOP03-DEL04-SC"
270687;2020-02-18;"terça-feira";"11:30:00";"MS";163;840;"SONORA";"Pista Escorregadia";"Colisão lateral";"Com Vítimas Feridas";"Pleno dia";"Decrescente";"Nublado";"Simples";"Reta";"Não";6;0;1;0;4;1;1;3;-17,5224571;-54,73976612;"SPRF-MS";"DEL06-MS";"UOP01-DEL06-MS"
270689;2020-02-21;"sexta-feira";"13:45:00";"PR";476;242,5;"LAPA";"Falta de Atenção à Condução";"Tombamento";"Com Vítimas Feridas";"Pleno dia";"Crescente";"Céu Claro";"Simples";"Curva";"Não";2;0;1;0;0;1;1;2;-25,858768;-50,08609;"SPRF-PR";"DEL02-PR";"UOP04-DEL02-PR"
270693;2020-02-14;"sexta-feira";"17:15:00";"MA";135;3,5;"SAO LUIS";"Desobediência às normas de trânsito pelo condutor";"Colisão transversal";"Com Vítimas Feridas";"Pleno dia";"Crescente";"Céu Claro";"Dupla";"Reta";"Sim";6;0;1;0;5;0;1;5;-2,606802;-44,247512;"SPRF-MA";"DEL01-MA";"UOP01-DEL01-MA"
270699;2020-02-21;"sexta-feira";"14:15:00";"PR";376;640;"TIJUCAS DO SUL";"Falta de Atenção à Condução";"Colisão lateral";"Com Vítimas Feridas";"Pleno dia";"Decrescente";"Nublado";"Dupla";"Reta";"Não";4;0;2;0;1;2;2;4;-25,78245804;-49,12098281;"SPRF-PR";"DEL01-PR";"UOP04-DEL01-PR"
270702;2020-02-01;"sábado";"10:55:00";"PR";116;115;"CURITIBA";"Falta de Atenção à Condução";"Colisão lateral";"Com Vítimas Feridas";"Pleno dia";"Crescente";"Nublado";"Dupla";"Reta";"Sim";2;0;0;1;1;0;1;2;-25,55953326;-49,26560414;"SPRF-PR";"DEL01-PR";"UOP06-DEL01-PR"
270703;2020-02-01;"sábado";"20:00:00";"MG";40;410,3;"CURVELO";"Velocidade Incompatível";"Colisão traseira";"Com Vítimas Feridas";"Plena Noite";"Decrescente";"Céu Claro";"Simples";"Reta";"Não";3;0;2;0;1;0;2;2;-19,11954384;-44,6439743;"SPRF-MG";"DEL02-MG";"UOP01-DEL02-MG"
270708;2020-02-21;"sexta-feira";"14:50:00";"PE";232;113;"BEZERROS";"Pista Escorregadia";"Colisão transversal";"Com Vítimas Feridas";"Pleno dia";"Decrescente";"Sol";"Dupla";"Reta";"Sim";8;0;4;0;4;0;4;2;-8,29906533;-35,8402169;"SPRF-PE";"DEL02-PE";"UOP03-DEL02-PE"
270712;2020-02-21;"sexta-feira";"14:45:00";"GO";60;34;"GOIANIA";"Carga excessiva e/ou mal acondicionada";"Derramamento de carga";"Sem Vítimas";"Pleno dia";"Crescente";"Céu Claro";"Dupla";"Rotatória";"Não";1;0;0;0;1;0;0;1;-16,6777;-49,2676;"SPRF-GO";"DEL01-GO";"UOP02-DEL01-GO"
270713;2020-02-21;"sexta-feira";"13:40:00";"RJ";101;286;"ITABORAI";"Falta de Atenção à Condução";"Colisão traseira";"Sem Vítimas";"Pleno dia";"Crescente";"Nublado";"Dupla";"Reta";"Não";2;0;0;0;2;0;0;2;-22,75409331;-42,82491696;"SPRF-RJ";"DEL02-RJ";"UOP03-DEL02-RJ"
270728;2020-02-21;"sexta-feira";"13:50:00";"MG";116;714;"MURIAE";"Defeito Mecânico no Veículo";"Incêndio";"Sem Vítimas";"Pleno dia";"Crescente";"Céu Claro";"Simples";"Aclive";"Não";2;0;0;0;1;1;0;2;-21,19789787;-42,38409067;"SPRF-MG";"DEL07-MG";"UOP02-DEL07-MG"
270729;2020-02-21;"sexta-feira";"15:40:00";"GO";153;48;"PORANGATU";"Falta de Atenção à Condução";"Colisão frontal";"Com Vítimas Feridas";"Pleno dia";"Decrescente";"Céu Claro";"Simples";"Declive;Reta";"Não";3;0;2;0;0;1;2;3;-13,233616;-49,144352;"SPRF-GO";"DEL07-GO";"UOP01-DEL07-GO"
270730;2020-02-21;"sexta-feira";"14:30:00";"SC";282;26,6;"SANTO AMARO DA IMPERATRIZ";"Falta de Atenção à Condução";"Colisão lateral";"Com Vítimas Feridas";"Pleno dia";"Crescente";"Nublado";"Simples";"Reta";"Sim";3;0;0;1;1;1;1;3;-27,680267;-48,762482;"SPRF-SC";"DEL01-SC";"UOP03-DEL01-SC"
270731;2020-02-21;"sexta-feira";"15:15:00";"SP";116;42,9;"CACHOEIRA PAULISTA";"Falta de Atenção à Condução";"Colisão traseira";"Sem Vítimas";"Pleno dia";"Crescente";"Nublado";"Dupla";"Reta";"Não";5;0;0;0;2;3;0;4;-22,6973511;-45,03013594;"SPRF-SP";"DEL08-SP";"UOP02-DEL08-SP"
270735;2020-02-21;"sexta-feira";"16:00:00";"PE";101;50;"ABREU E LIMA";"Falta de Atenção à Condução";"Colisão transversal";"Sem Vítimas";"Pleno dia";"Decrescente";"Sol";"Dupla";"Reta";"Sim";2;0;0;0;1;1;0;2;-7,90938602;-34,90123228;"SPRF-PE";"DEL01-PE";"UOP02-DEL01-PE"
270745;2020-02-21;"sexta-feira";"16:00:00";"RS";386;306,9;"POUSO NOVO";"Falta de Atenção à Condução";"Saída de leito carroçável";"Sem Vítimas";"Pleno dia";"Decrescente";"Céu Claro";"Dupla";"Curva";"Não";1;0;0;0;1;0;0;1;-29,194696;-52,185722;"SPRF-RS";"DEL04-RS";"UOP01-DEL04-RS"
270748;2020-02-21;"sexta-feira";"15:50:00";"RJ";40;119;"DUQUE DE CAXIAS";"Desobediência às normas de trânsito pelo condutor";"Colisão traseira";"Com Vítimas Feridas";"Pleno dia";"Decrescente";"Céu Claro";"Dupla";"Reta";"Sim";7;0;2;0;4;1;2;5;-22,76375592;-43,28683062;"SPRF-RJ";"DEL01-RJ";"UOP01-DEL01-RJ"
270751;2020-01-29;"quarta-feira";"10:30:00";"PR";277;633,1;"CEU AZUL";"Desobediência às normas de trânsito pelo condutor";"Colisão transversal";"Sem Vítimas";"Pleno dia";"Decrescente";"Céu Claro";"Simples";"Rotatória";"Não";4;0;0;0;3;1;0;3;-25,12585236;-53,81903487;"SPRF-PR";"DEL05-PR";"UOP02-DEL05-PR"
270764;2020-02-21;"sexta-feira";"16:30:00";"BA";420;258,7;"MUTUIPE";"Falta de Atenção à Condução";"Atropelamento de Pedestre";"Com Vítimas Fatais";"Pleno dia";"Crescente";"Céu Claro";"Simples";"Declive;Reta";"Sim";3;1;1;0;0;1;1;2;-13,22888895;-39,52658297;"SPRF-BA";"DEL01-BA";"UOP02-DEL01-BA"