"id";"data_inversa";"dia_semana";"horario";"uf";"br";"km";"municipio";"causa_acidente";"tipo_acidente";"classificacao_acidente";"fase_dia";"sentido_via";"condicao_metereologica";"tipo_pista";"tracado_via";"uso_solo";"pessoas";"mortos";"feridos_leves";"feridos_graves";"ilesos";"ignorados";"feridos";"veiculos";"latitude";"longitude";"regional";"delegacia";"uop"
272821;2020-03-02;"segunda-feira";"10:30:00";"SP";116;523;"BARRA DO TURVO";"Pista Escorregadia";"Saída de leito carroçável";"Com Vítimas Feridas";"Pleno dia";"Crescente";"Chuva";"Dupla";"Curva";"Não";1;0;1;0;0;0;1;1;-24,91273105;-48,25307091;"SPRF-SP";"DEL05-SP";"UOP02-DEL05-SP"
272822;2020-03-02;"segunda-feira";"11:30:00";"BA";110;358;"CATU";"Carga excessiva e/ou mal acondicionada";"Saída de leito carroçável";"Com Vítimas Feridas";"Pleno dia";"Crescente";"Céu Claro";"Simples";"Curva";"Não";3;0;2;0;0;1;2;2;-12,28574541;-38,37606106;"SPRF-BA";"DEL01-BA";"UOP04-DEL01-BA"
272824;2020-03-02;"segunda-feira";"12:20:00";"MG";40;593,8;"OURO PRETO";"Falta de Atenção à Condução";"Colisão frontal";"Com Vítimas Feridas";"Pleno dia";"Crescente";"Chuva";"Simples";"Reta";"Não";5;0;0;1;1;3;1;4;-20,38942;-43,902427;"SPRF-MG";"DEL05-MG";"UOP02-DEL05-MG"
272826;2020-01-18;"sábado";"11:30:00";"AC";364;123,9;"RIO BRANCO";"Falta de Atenção à Condução";"Danos eventuais";"Sem Vítimas";"Pleno dia";"Decrescente";"Céu Claro";"Dupla";"Retorno Regulamentado";"Sim";8;0;0;0;3;5;0;2;-10,0117071;-67,782373;"SPRF-AC";"DEL01-AC";"UOP01-DEL01-AC"
272832;2020-03-02;"segunda-feira";"12:50:00";"RS";116;302;"GUAIBA";"Desobediência às normas de trânsito pelo condutor";"Colisão lateral";"Com Vítimas Feridas";"Pleno dia";"Crescente";"Céu Claro";"Dupla";"Reta";"Sim";4;0;1;0;2;3;1;6;-30,13970487;-51,35942618;"SPRF-RS";"DEL02-RS";"UOP01-DEL02-RS"
272836;2020-03-02;"segunda-feira";"13:00:00";"PE";232;145,2;"SAO CAITANO";"Falta de Atenção à Condução";"Colisão traseira";"Sem Vítimas";"Pleno dia";"Decrescente";"Sol";"Dupla";"Rotatória";"Não";2;0;0;0;2;0;0;2;-8,32868;-36,120811;"SPRF-PE";"DEL02-PE";"UOP03-DEL02-PE"
272846;2020-03-02;"segunda-feira";"14:00:00";"PR";376;170,8;"MARINGA";"Falta de Atenção à Condução";"Engavetamento";"Com Vítimas Feridas";"Pleno dia";"Decrescente";"Nublado";"Dupla";"Reta";"Sim";4;0;1;0;3;0;1;4;-23,41595703;-51,97950402;"SPRF-PR";"DEL09-PR";"UOP01-DEL09-PR"
272850;2020-03-02;"segunda-feira";"14:15:00";"MA";316;558,7;"CAXIAS";"Ultrapassagem Indevida";"Saída de leito carroçável";"Com Vítimas Feridas";"Pleno dia";"Crescente";"Chuva";"Simples";"Reta";"Não";5;0;2;0;0;3;2;4;-4,88531979;-43,30660528;"SPRF-MA";"DEL03-MA";"UOP02-DEL03-MA"
272856;2020-03-02;"segunda-feira";"14:40:00";"GO";20;216,8;"POSSE";"Falta de Atenção à Condução";"Tombamento";"Com Vítimas Feridas";"Pleno dia";"Decrescente";"Nublado";"Simples";"Aclive";"Não";1;0;1;0;0;0;1;1;-14,230496;-46,344475;"SPRF-DF";"DEL02-DF";"UOP03-DEL02-DF"
272861;2020-03-02;"segunda-feira";"15:30:00";"PR";376;655;"TIJUCAS DO SUL";"Defeito Mecânico no Veículo";"Colisão traseira";"Sem Vítimas";"Pleno dia";"Decrescente";"Chuva";"Dupla";"Reta;Aclive";"Não";4;0;0;0;3;1;0;3;-25,84165409;-49,042472;"SPRF-PR";"DEL01-PR";"UOP04-DEL01-PR"
272862;2020-02-23;"domingo";"14:10:00";"GO";153;209;"URUACU";"Ultrapassagem Indevida";"Colisão lateral";"Com Vítimas Feridas";"Pleno dia";"Decrescente";"Céu Claro";"Simples";"Aclive";"Não";6;0;1;1;3;1;2;4;-14,596173;-49,163906;"SPRF-GO";"DEL07-GO";"UOP01-DEL07-GO"
272864;2020-03-02;"segunda-feira";"10:45:00";"MG";354;713;"CAXAMBU";"Mal Súbito";"Saída de leito carroçável";"Com Vítimas Feridas";"Pleno dia";"Decrescente";"Céu Claro";"Simples";"Reta";"Não";2;0;1;0;0;1;1;2;-22,0566569;-44,9272015;"SPRF-MG";"DEL17-MG";"UOP01-DEL17-MG"
272866;2020-03-02;"segunda-feira";"15:50:00";"PE";101;59,6;"RECIFE";"Desobediência às normas de trânsito pelo condutor";"Colisão frontal";"Com Vítimas Feridas";"Pleno dia";"Decrescente";"Céu Claro";"Dupla";"Curva";"Não";2;0;1;0;1;0;1;2;-7,981147;-34,931196;"SPRF-PE";"DEL01-PE";"UOP02-DEL01-PE"
272871;2020-03-02;"segunda-feira";"15:30:00";"MT";364;399;"CUIABA";"Desobediência às normas de trânsito pelo pedestre";"Atropelamento de Pedestre";"Com Vítimas Feridas";"Pleno dia";"Crescente";"Céu Claro";"Dupla";"Reta";"Sim";2;0;1;0;0;1;1;2;-15,67919104;-55,92995102;"SPRF-MT";"DEL01-MT";"UOP02-DEL01-MT"
272877;2020-03-02;"segunda-feira";"17:35:00";"MG";365;657;"MONTE ALEGRE DE MINAS";"Defeito na Via";"Saída de leito carroçável";"Com Vítimas Feridas";"Pleno dia";"Decrescente";"Nublado";"Dupla";"Reta";"Não";5;0;3;0;1;1;3;3;-18,88680604;-48,61512899;"SPRF-MG";"DEL15-MG";"UOP01-DEL15-MG"
272878;2020-03-02;"segunda-feira";"17:40:00";"SC";280;25,6;"ARAQUARI";"Falta de Atenção à Condução";"Colisão traseira";"Com Vítimas Feridas";"Pleno dia";"Decrescente";"Nublado";"Simples";"Reta";"Não";2;0;1;0;1;0;1;2;-26,38352781;-48,72677516;"SPRF-SC";"DEL03-SC";"UOP03-DEL03-SC"
272882;2020-03-02;"segunda-feira";"16:30:00";"RR";174;203;"RORAINOPOLIS";"Ultrapassagem Indevida";"Colisão frontal";"Com Vítimas Fatais";"Pleno dia";"Crescente";"Céu Claro";"Simples";"Reta";"Sim";3;1;0;0;2;0;0;3;0,864854;-60,435261;"SPRF-RR";"DEL01-RR";"UOP01-DEL01-RR"
272883;2020-03-02;"segunda-feira";"14:45:00";"MG";40;661,9;"CARANDAI";"Pista Escorregadia";"Saída de leito carroçável";"Com Vítimas Feridas";"Pleno dia";"Decrescente";"Chuva";"Simples";"Curva";"Não";1;0;1;0;0;0;1;1;-20,91646387;-43,82515138;"SPRF-MG";"DEL05-MG";"UOP02-DEL05-MG"
272896;2020-03-02;"segunda-feira";"16:50:00";"PR";476;249,8;"LAPA";"Desobediência às normas de trânsito pelo condutor";"Colisão lateral";"Com Vítimas Feridas";"Pleno dia";"Decrescente";"Chuva";"Simples";"Reta";"Não";7;0;1;0;1;5;1;3;-25,86795;-50,149731;"SPRF-PR";"DEL02-PR";"UOP04-DEL02-PR"
272900;2020-03-02;"segunda-feira";"17:35:00";"MG";262;574,1;"CORREGO DANTA";"Falta de Atenção à Condução";"Colisão frontal";"Com Vítimas Feridas";"Pleno dia";"Crescente";"Nublado";"Simples";"Curva";"Não";3;0;1;0;1;1;1;3;-19,69878313;-46,02907909;"SPRF-MG";"DEL08-MG";"UOP02-DEL08-MG"
272910;2020-03-02;"segunda-feira";"18:50:00";"RJ";101;56;"CAMPOS DOS GOYTACAZES";"Não guardar distância de segurança";"Queda de ocupante de veículo";"Com Vítimas Feridas";"Plena Noite";"Decrescente";"Garoa/Chuvisco";"Dupla";"Reta";"Não";2;0;1;0;1;0;1;2;-21,68714199;-41,31063697;"SPRF-RJ";"DEL08-RJ";"UOP01-DEL08-RJ"
272922;2020-03-02;"segunda-feira";"21:10:00";"PR";116;89;"PIRAQUARA";"Avarias e/ou desgaste excessivo no pneu";"Saída de leito carroçável";"Com Vítimas Feridas";"Plena Noite";"Decrescente";"Garoa/Chuvisco";"Dupla";"Reta";"Não";4;0;2;0;1;1;2;4;-25,45428705;-49,08817119;"SPRF-PR";"DEL01-PR";"UOP01-DEL01-PR"
272923;2020-03-02;"segunda-feira";"19:00:00";"MT";174;539;"COMODORO";"Falta de Atenção à Condução";"Saída de leito carroçável";"Com Vítimas Feridas";"Plena Noite";"Crescente";"Céu Claro";"Simples";"Declive";"Não";2;0;1;0;0;2;1;3;-13,19505501;-59,86471409;"SPRF-MT";"DEL04-MT";"UOP01-DEL04-MT"
272926;2020-03-02;"segunda-feira";"21:20:00";"BA";242;733;"CRISTOPOLIS";"Falta de Atenção à Condução";"Colisão frontal";"Sem Vítimas";"Plena Noite";"Decrescente";"Garoa/Chuvisco";"Simples";"Declive";"Não";3;0;0;0;2;2;0;4;-12,20245562;-44,47883606;"SPRF-BA";"DEL10-BA";"UOP01-DEL10-BA"
272930;2020-03-02;"segunda-feira";"07:00:00";"MG";251;298,2;"SALINAS";"Falta de Atenção à Condução";"Colisão traseira";"Com Vítimas Feridas";"Pleno dia";"Crescente";"Nublado";"Simples";"Reta";"Não";5;0;2;0;2;1;2;3;-16,12160476;-42,2187392;"SPRF-MG";"DEL11-MG";"UOP02-DEL11-MG"
272932;2020-03-02;"segunda-feira";"21:30:00";"PE";232;25,6;"MORENO";"Falta de Atenção à Condução";"Colisão com objeto estático";"Com Vítimas Feridas";"Plena Noite";"Crescente";"Chuva";"Dupla";"Reta";"Não";1;0;1;0;0;0;1;1;-8,11191765;-35,10836516;"SPRF-PE";"DEL02-PE";"UOP02-DEL02PE"
272933;2020-03-02;"segunda-feira";"22:59:00";"MG";50;73,5;"UBERLANDIA";"Falta de Atenção à Condução";"Colisão com objeto estático";"Com Vítimas Feridas";"Plena Noite";"Decrescente";"Nublado";"Dupla";"Curva";"Sim";2;0;1;0;0;3;1;4;-18,9104378;-48,22384357;"SPRF-MG";"DEL15-MG";"UOP01-DEL15-MG"
272937;2020-03-02;"segunda-feira";"22:30:00";"SP";116;224,2;"GUARULHOS";"Ingestão de Álcool";"Colisão traseira";"Sem Vítimas";"Plena Noite";"Crescente";"Chuva";"Múltipla";"Reta";"Não";2;0;0;0;1;1;0;2;-23,48071896;-46,53271603;"SPRF-SP";"DEL01-SP";"UOP01-DEL01-SP"
272943;2020-03-03;"terça-feira";"00:10:00";"PR";277;722,5;"FOZ DO IGUACU";"Ingestão de Álcool";"Colisão transversal";"Com Vítimas Feridas";"Plena Noite";"Decrescente";"Céu Claro";"Dupla";"Reta";"Sim";3;0;0;1;1;1;1;3;-25,49494908;-54,52095097;"SPRF-PR";"DEL05-PR";"UOP01-DEL05-PR"
272944;2020-03-02;"segunda-feira";"22:20:00";"SC";282;98,3;"ALFREDO WAGNER";"Ingestão de Álcool";"Colisão frontal";"Com Vítimas Feridas";"Plena Noite";"Crescente";"Céu Claro";"Simples";"Reta";"Não";3;0;0;1;1;2;1;4;-27,702288;-49,279648;"SPRF-SC";"DEL01-SC";"UOP03-DEL01-SC"
272945;2020-03-02;"segunda-feira";"23:30:00";"PE";424;88,4;"GARANHUNS";"Deficiência ou não Acionamento do Sistema de Iluminação/Sinalização do Veículo";"Colisão traseira";"Com Vítimas Fatais";"Plena Noite";"Crescente";"Nublado";"Simples";"Declive";"Não";2;1;0;0;0;1;0;2;-8,88289772;-36,50848532;"SPRF-PE";"DEL03-PE";"UOP01-DEL03-PE"
272946;2020-03-02;"segunda-feira";"23:00:00";"RO";364;456,9;"ARIQUEMES";"Velocidade Incompatível";"Colisão frontal";"Com Vítimas Fatais";"Plena Noite";"Decrescente";"Garoa/Chuvisco";"Simples";"Curva";"Não";3;1;0;0;1;5;0;7;-10,26348898;-62,70463943;"SPRF-RO";"DEL03-RO";"UOP02-DEL03-RO"
272951;2020-03-03;"terça-feira";"01:00:00";"RS";290;80,9;"GRAVATAI";"Condutor Dormindo";"Saída de leito carroçável";"Com Vítimas Feridas";"Plena Noite";"Crescente";"Céu Claro";"Dupla";"Reta";"Não";2;0;1;0;0;1;1;2;-29,95343;-51,058449;"SPRF-RS";"DEL01-RS";"UOP01-DEL01-RS"
272952;2020-03-02;"segunda-feira";"22:14:00";"BA";324;403;"NOVA FATIMA";"Não guardar distância de segurança";"Colisão traseira";"Com Vítimas Feridas";"Plena Noite";"Crescente";"Céu Claro";"Simples";"Reta";"Sim";4;0;2;0;2;0;2;2;-11,59896843;-39,63872853;"SPRF-BA";"DEL04-BA";"UOP02-DEL04-BA"
272956;2020-03-03;"terça-feira";"02:55:00";"PR";376;493,5;"PONTA GROSSA";"Falta de Atenção à Condução";"Colisão traseira";"Com Vítimas Feridas";"Plena Noite";"Crescente";"Nublado";"Dupla";"Reta";"Sim";3;0;0;1;1;1;1;3;-25,15559918;-50,13322909;"SPRF-PR";"DEL03-PR";"UOP04-DEL03-PR"
272957;2020-03-03;"terça-feira";"02:20:00";"PB";230;114,1;"INGA";"Condutor Dormindo";"Saída de leito carroçável";"Com Vítimas Feridas";"Plena Noite";"Crescente";"Nublado";"Dupla";"Curva";"Não";1;0;1;0;0;0;1;1;-7,2215;-35,5969;"SPRF-PB";"DEL01-PB";"UOP03-DEL01-PB"
272960;2020-03-03;"terça-feira";"04:05:00";"RN";304;122,1;"ITAJA";"Falta de Atenção à Condução";"Colisão traseira";"Com Vítimas Feridas";"Plena Noite";"Decrescente";"Nublado";"Simples";"Aclive";"Não";2;0;1;0;1;0;1;2;-5,64187094;-36,84006897;"SPRF-RN";"DEL04-RN";"UOP01-DEL04-RN"
272967;2020-03-03;"terça-feira";"06:10:00";"MS";262;472,1;"ANASTACIO";"Não guardar distância de segurança";"Colisão traseira";"Com Vítimas Feridas";"Pleno dia";"Decrescente";"Céu Claro";"Simples";"Aclive";"Não";3;0;1;0;1;1;1;3;-20,51050476;-55,64403198;"SPRF-MS";"DEL03-MS";"UOP01-DEL03-MS"
272969;2020-03-03;"terça-feira";"03:00:00";"MG";40;500,9;"ESMERALDAS";"Animais na Pista";"Saída de leito carroçável";"Com Vítimas Fatais";"Plena Noite";"Decrescente";"Chuva";"Dupla";"Declive;Reta";"Não";1;1;0;0;0;0;0;1;-19,70073502;-44,17382703;"SPRF-MG";"DEL02-MG";"UOP01-DEL02-MG"
272971;2020-03-03;"terça-feira";"06:30:00";"PE";316;283;"ITACURUBA";"Pista Escorregadia";"Colisão com objeto estático";"Sem Vítimas";"Pleno dia";"Crescente";"Garoa/Chuvisco";"Simples";"Reta";"Não";1;0;0;0;1;0;0;1;-8,66263527;-38,75001525;"SPRF-PE";"DEL04-PE";"UOP03-DEL04-PE"
272987;2020-03-03;"terça-feira";"08:20:00";"RS";386;339,5;"LAJEADO";"Falta de Atenção à Condução";"Colisão frontal";"Com Vítimas Feridas";"Pleno dia";"Decrescente";"Sol";"Simples";"Curva";"Não";3;0;1;1;1;0;2;2;-29,404047;-52,036518;"SPRF-RS";"DEL04-RS";"UOP01-DEL04-RS"
272989;2020-03-03;"terça-feira";"07:25:00";"RJ";493;2,9;"ITABORAI";"Falta de Atenção à Condução";"Colisão traseira";"Com Vítimas Fatais";"Pleno dia";"Decrescente";"Nublado";"Simples";"Reta";"Sim";2;1;0;0;1;0;0;2;-22,75950214;-42,93544822;"SPRF-RJ";"DEL02-RJ";"UOP01-DEL02-RJ"
272991;2020-03-03;"terça-feira";"07:50:00";"SC";101;141;"BALNEARIO CAMBORIU";"Velocidade Incompatível";"Colisão com objeto estático";"Com Vítimas Feridas";"Pleno dia";"Crescente";"Céu Claro";"Múltipla";"Curva";"Não";1;0;1;0;0;0;1;1;-27,04761729;-48,59995855;"SPRF-SC";"DEL04-SC";"UOP03-DEL04-SC"
272993;2020-03-03;"terça-feira";"07:40:00";"PR";116;112;"CURITIBA";"Falta de Atenção à Condução";"Colisão traseira";"Com Vítimas Feridas";"Pleno dia";"Crescente";"Chuva";"Dupla";"Reta";"Não";3;0;1;0;1;1;1;3;-25,56730763;-49,23706792;"SPRF-PR";"DEL01-PR";"UOP06-DEL01-PR"
272994;2020-03-03;"terça-feira";"08:30:00";"RN";304;43,7;"MOSSORO";"Objeto estático sobre o leito carroçável";"Colisão com objeto estático";"Com Vítimas Feridas";"Pleno dia";"Decrescente";"Céu Claro";"Dupla";"Reta";"Não";3;0;0;1;2;0;1;3;-5,21815835;-37,36500124;"SPRF-RN";"DEL04-RN";"UOP01-DEL04-RN"
272995;2020-03-03;"terça-feira";"08:02:00";"PR";476;154,5;"ARAUCARIA";"Mal Súbito";"Colisão traseira";"Com Vítimas Feridas";"Pleno dia";"Crescente";"Nublado";"Dupla";"Reta";"Sim";2;0;0;1;1;0;1;2;-25,584223;-49,401379;"SPRF-PR";"DEL01-PR";"UOP06-DEL01-PR"
272999;2020-03-03;"terça-feira";"08:10:00";"MG";40;823;"SIMAO PEREIRA";"Falta de Atenção à Condução";"Colisão traseira";"Com Vítimas Feridas";"Pleno dia";"Crescente";"Chuva";"Dupla";"Reta";"Não";2;0;1;0;0;1;1;2;-21,9614888;-43,2986757;"SPRF-MG";"DEL05-MG";"UOP01-DEL05-MG"
273005;2020-03-03;"terça-feira";"07:05:00";"MG";251;469,1;"FRANCISCO SA";"Falta de Atenção à Condução";"Colisão lateral";"Sem Vítimas";"Pleno dia";"Decrescente";"Chuva";"Simples";"Curva";"Não";3;0;0;0;2;3;0;5;-16,47846186;-43,41953476;"SPRF-MG";"DEL12-MG";"UOP01-DEL12-MG"
273011;2020-03-03;"terça-feira";"10:04:00";"MG";251;467,4;"GRAO MOGOL";"Condutor Dormindo";"Saída de leito carroçável";"Sem Vítimas";"Pleno dia";"Decrescente";"Sol";"Simples";"Reta";"Não";2;0;0;0;1;1;0;2;-16,48154143;-43,41101901;"SPRF-MG";"DEL12-MG";"UOP01-DEL12-MG"
273013;2020-03-03;"terça-feira";"10:50:00";"PA";222;56;"DOM ELISEU";"Falta de Atenção à Condução";"Tombamento";"Com Vítimas Feridas";"Pleno dia";"Decrescente";"Sol";"Simples";"Curva";"Não";2;0;1;0;0;1;1;2;-4,454539;-47,800522;"SPRF-PA";"DEL02-PA";"UOP02-DEL02-PA"
273014;2020-03-03;"terça-feira";"10:40:00";"CE";116;14,3;"FORTALEZA";"Falta de Atenção à Condução";"Colisão traseira";"Com Vítimas Feridas";"Pleno dia";"Decrescente";"Céu Claro";"Múltipla";"Interseção de Vias";"Sim";2;0;1;0;1;0;1;2;-3,87229362;-38,49858284;"SPRF-CE";"DEL01-CE";"UOP02-DEL01-CE"
273026;2020-03-03;"terça-feira";"12:45:00";"MG";381;944,5;"EXTREMA";"Velocidade Incompatível";"Colisão com objeto estático";"Com Vítimas Feridas";"Pleno dia";"Decrescente";"Sol";"Dupla";"Curva;Declive";"Não";2;0;0;1;0;1;1;2;-22,85029866;-46,33731878;"SPRF-MG";"DEL16-MG";"UOP03-DEL16-MG"
273028;2020-03-03;"terça-feira";"13:00:00";"SC";101;88;"BARRA VELHA";"Mal Súbito";"Colisão lateral";"Com Vítimas Feridas";"Pleno dia";"Decrescente";"Céu Claro";"Dupla";"Curva;Declive";"Sim";4;0;1;0;2;1;1;3;-26,64253985;-48,68950684;"SPRF-SC";"DEL03-SC";"UOP02-DEL03-SC"
273029;2020-03-03;"terça-feira";"12:30:00";"GO";50;174,7;"CAMPO ALEGRE DE GOIAS";"Falta de Atenção à Condução";"Saída de leito carroçável";"Com Vítimas Feridas";"Pleno dia";"Crescente";"Céu Claro";"Dupla";"Reta";"Não";1;0;1;0;0;0;1;1;-17,3632;-47,7889;"SPRF-GO";"DEL06-GO";"UOP01-DEL06-GO"
273031;2020-03-03;"terça-feira";"13:05:00";"PR";476;148;"ARAUCARIA";"Defeito Mecânico no Veículo";"Colisão traseira";"Sem Vítimas";"Pleno dia";"Crescente";"Nublado";"Dupla";"Reta";"Sim";5;0;0;0;5;0;0;5;-25,557121;-49,348732;"SPRF-PR";"DEL01-PR";"UOP06-DEL01-PR"
273034;2020-03-03;"terça-feira";"10:40:00";"PR";277;400,9;"CANDOI";"Velocidade Incompatível";"Tombamento";"Com Vítimas Feridas";"Pleno dia";"Crescente";"Sol";"Simples";"Curva";"Não";2;0;1;0;0;1;1;2;-25,45014;-51,926777;"SPRF-PR";"DEL04-PR";"UOP02-DEL04-PR"
273039;2020-03-03;"terça-feira";"13:30:00";"GO";158;3;"ARAGARCAS";"Não guardar distância de segurança";"Colisão lateral";"Com Vítimas Feridas";"Pleno dia";"Decrescente";"Céu Claro";"Dupla";"Reta";"Sim";2;0;0;1;1;0;1;2;-15,89779654;-52,22634007;"SPRF-GO";"DEL04-GO";"UOP01-DEL04-GO"
273040;2020-03-03;"terça-feira";"08:00:00";"MG";365;46,7;"CLARO DOS POCOES";"Velocidade Incompatível";"Tombamento";"Sem Vítimas";"Pleno dia";"Decrescente";"Chuva";"Simples";"Reta";"Não";2;0;0;0;1;3;0;4;-16,91989891;-44,21461213;"SPRF-MG";"DEL12-MG";"UOP01-DEL12-MG"
273041;2020-03-03;"terça-feira";"12:40:00";"PB";101;9,6;"MAMANGUAPE";"Defeito Mecânico no Veículo";"Colisão com objeto estático";"Sem Vítimas";"Pleno dia";"Decrescente";"Sol";"Dupla";"Reta";"Não";1;0;0;0;1;0;0;1;-6,57453301;-35,14429822;"SPRF-PB";"DEL01-PB";"UOP04-DEL01-PB"
273045;2020-03-03;"terça-feira";"13:52:00";"SP";116;186,8;"SANTA ISABEL";"Falta de Atenção à Condução";"Colisão traseira";"Com Vítimas Feridas";"Pleno dia";"Decrescente";"Sol";"Dupla";"Reta";"Não";3;0;1;0;1;1;1;3;-23,3561171;-46,20417066;"SPRF-SP";"DEL02-SP";"UOP01-DEL02-SP"
273046;2020-03-03;"terça-feira";"14:30:00";"RJ";116;164;"RIO DE JANEIRO";"Falta de Atenção à Condução";"Colisão traseira";"Com Vítimas Feridas";"Pleno dia";"Crescente";"Chuva";"Múltipla";"Reta";"Sim";3;0;1;0;2;0;1;2;-22,81013372;-43,33522692;"SPRF-RJ";"DEL01-RJ";"UOP02-DEL01-RJ"
273049;2020-03-03;"terça-feira";"15:20:00";"GO";60;432;"RIO VERDE";"Falta de Atenção à Condução";"Colisão traseira";"Com Vítimas Feridas";"Pleno dia";"Crescente";"Céu Claro";"Dupla";"Aclive";"Não";3;0;0;1;1;3;1;5;-17,8281;-51,3478;"SPRF-GO";"DEL04-GO";"UOP01-DEL04-GO"
273059;2020-03-03;"terça-feira";"14:40:00";"GO";153;703,5;"ITUMBIARA";"Falta de Atenção à Condução";"Saída de leito carroçável";"Sem Vítimas";"Pleno dia";"Crescente";"Céu Claro";"Dupla";"Declive";"Sim";1;0;0;0;1;0;0;1;-18,411018;-49,195927;"SPRF-GO";"DEL03-GO";"UOP02-DEL03-GO"
273062;2020-03-03;"terça-feira";"16:15:00";"ES";101;263;"SERRA";"Avarias e/ou desgaste excessivo no pneu";"Atropelamento de Pedestre";"Com Vítimas Feridas";"Pleno dia";"Crescente";"Sol";"Dupla";"Reta";"Sim";3;0;0;1;1;1;1;3;-20,16554736;-40,27301648;"SPRF-ES";"DEL02-ES";"UOP01-DEL02-ES"
273066;2020-03-03;"terça-feira";"15:50:00";"MG";40;473;"SETE LAGOAS";"Velocidade Incompatível";"Danos eventuais";"Com Vítimas Feridas";"Pleno dia";"Decrescente";"Chuva";"Dupla";"Declive;Reta";"Não";1;0;1;0;0;0;1;1;-19,496351;-44,27992;"SPRF-MG";"DEL02-MG";"UOP01-DEL02-MG"
273068;2020-03-03;"terça-feira";"04:00:00";"RJ";101;259,6;"RIO BONITO";"Falta de Atenção à Condução";"Colisão com objeto estático";"Sem Vítimas";"Pleno dia";"Crescente";"Chuva";"Simples";"Reta";"Sim";2;0;0;0;1;1;0;2;-22,70382012;-42,59637797;"SPRF-RJ";"DEL02-RJ";"UOP03-DEL02-RJ"
273071;2020-03-03;"terça-feira";"15:00:00";"RJ";101;108;"CAMPOS DOS GOYTACAZES";"Falta de Atenção à Condução";"Saída de leito carroçável";"Com Vítimas Feridas";"Pleno dia";"Decrescente";"Nublado";"Dupla";"Reta";"Não";2;0;1;0;0;1;1;2;-21,94060379;-41,63215332;"SPRF-RJ";"DEL08-RJ";"UOP02-DEL08-RJ"
273079;2020-03-03;"terça-feira";"17:20:00";"MG";381;478,9;"CONTAGEM";"Não guardar distância de segurança";"Colisão lateral";"Com Vítimas Feridas";"Pleno dia";"Decrescente";"Nublado";"Dupla";"Declive;Reta";"Sim";2;0;1;0;0;1;1;2;-19,95826094;-44,05921101;"SPRF-MG";"DEL01-MG";"UOP03-DEL01-MG"
273080;2020-03-03;"terça-feira";"17:00:00";"BA";116;819,8;"VITORIA DA CONQUISTA";"Falta de Atenção à Condução";"Colisão lateral";"Com Vítimas Fatais";"Pleno dia";"Crescente";"Céu Claro";"Simples";"Aclive";"Não";3;1;0;0;1;2;0;4;-14,79057315;-40,75539592;"SPRF-BA";"DEL08-BA";"UOP01-DEL08-BA"
273086;2020-03-03;"terça-feira";"18:20:00";"MG";116;703,8;"MURIAE";"Não guardar distância de segurança";"Colisão traseira";"Com Vítimas Feridas";"Plena Noite";"Crescente";"Chuva";"Simples";"Ponte;Reta";"Sim";2;0;1;0;1;0;1;2;-21,12682309;-42,3832189;"SPRF-MG";"DEL07-MG";"UOP02-DEL07-MG"
273088;2020-03-03;"terça-feira";"15:50:00";"PI";135;450;"MONTE ALEGRE DO PIAUI";"Defeito na Via";"Tombamento";"Com Vítimas Feridas";"Pleno dia";"Decrescente";"Céu Claro";"Simples";"Reta";"Não";2;0;1;0;0;1;1;2;-9,55721931;-44,90738279;"SPRF-PI";"DEL03-PI";"UOP02-DEL03-PI"
273106;2020-03-03;"terça-feira";"14:55:00";"SP";381;54,1;"MAIRIPORA";"Velocidade Incompatível";"Colisão traseira";"Com Vítimas Feridas";"Pleno dia";"Decrescente";"Céu Claro";"Dupla";"Reta";"Não";15;0;4;0;10;2;4;13;-23,2449074;-46,59562343;"SPRF-SP";"DEL03-SP";"UOP01-DEL03-SP"
273110;2020-03-03;"terça-feira";"16:05:00";"MA";316;591;"TIMON";"Falta de Atenção à Condução";"Engavetamento";"Com Vítimas Feridas";"Pleno dia";"Crescente";"Céu Claro";"Simples";"Reta;Aclive";"Não";5;0;2;0;3;0;2;4;-5,00419;-43,032372;"SPRF-MA";"DEL03-MA";"UOP02-DEL03-MA"
273112;2020-03-03;"terça-feira";"15:30:00";"MA";316;73;"MARANHAOZINHO";"Desobediência às normas de trânsito pelo condutor";"Colisão traseira";"Com Vítimas Fatais";"Pleno dia";"Decrescente";"Céu Claro";"Simples";"Reta";"Não";2;1;0;0;1;0;0;2;-2,181872;-45,872868;"SPRF-MA";"DEL02-MA";"UOP02-DEL02-MA"
273114;2020-03-03;"terça-feira";"20:45:00";"RJ";393;189;"PARAIBA DO SUL";"Falta de Atenção à Condução";"Saída de leito carroçável";"Sem Vítimas";"Plena Noite";"Crescente";"Chuva";"Simples";"Declive";"Não";2;0;0;0;1;1;0;2;-22,16214616;-43,31496175;"SPRF-RJ";"DEL05-RJ";"UOP03-DEL05-RJ"
273121;2020-03-03;"terça-feira";"22:25:00";"SP";116;143,8;"SAO JOSE DOS CAMPOS";"Desobediência às normas de trânsito pelo pedestre";"Atropelamento de Pedestre";"Com Vítimas Fatais";"Plena Noite";"Crescente";"Nublado";"Simples";"Reta";"Sim";4;1;0;0;1;2;0;2;-23,17849879;-45,83787411;"SPRF-SP";"DEL02-SP";"UOP01-DEL02-SP"