"id";"data_inversa";"dia_semana";"horario";"uf";"br";"km";"municipio";"causa_acidente";"tipo_acidente";"classificacao_acidente";"fase_dia";"sentido_via";"condicao_metereologica";"tipo_pista";"tracado_via";"uso_solo";"pessoas";"mortos";"feridos_leves";"feridos_graves";"ilesos";"ignorados";"feridos";"veiculos";"latitude";"longitude";"regional";"delegacia";"uop"
273395;2020-03-05;"quinta-feira";"14:30:00";"GO";70;61;"COCALZINHO DE GOIAS";"Condutor Dormindo";"Colisão lateral";"Com Vítimas Feridas";"Pleno dia";"Crescente";"Céu Claro";"Simples";"Reta";"Não";3;0;2;0;1;0;2;2;-15,76750166;-48,71520409;"SPRF-DF";"DEL03-DF";"UOP02-DEL03-DF"
273396;2020-02-18;"terça-feira";"08:45:00";"MG";40;529,3;"CONTAGEM";"Falta de Atenção à Condução";"Colisão lateral";"Com Vítimas Feridas";"Pleno dia";"Crescente";"Nublado";"Dupla";"Reta";"Sim";2;0;0;1;1;0;1;2;-19,93568331;-44,02451646;"SPRF-MG";"DEL01-MG";"UOP02-DEL01-MG"
273402;2020-03-05;"quinta-feira";"15:25:00";"SP";116;73,6;"APARECIDA";"Condutor Dormindo";"Colisão com objeto estático";"Sem Vítimas";"Pleno dia";"Decrescente";"Sol";"Dupla";"Reta";"Não";2;0;0;0;1;1;0;2;-22,86998483;-45,24430721;"SPRF-SP";"DEL08-SP";"UOP01-DEL08-SP"
273406;2020-03-05;"quinta-feira";"12:10:00";"MT";163;850,3;"SINOP";"Pista Escorregadia";"Colisão com objeto estático";"Sem Vítimas";"Pleno dia";"Decrescente";"Chuva";"Simples";"Declive";"Não";2;0;0;0;1;2;0;3;-11,720374;-55,458602;"SPRF-MT";"DEL06-MT";"NPF/DEL06-MT"
273409;2020-03-05;"quinta-feira";"16:25:00";"MG";381;908,1;"CAMBUI";"Falta de Atenção à Condução";"Colisão traseira";"Com Vítimas Feridas";"Pleno dia";"Decrescente";"Céu Claro";"Dupla";"Curva";"Não";5;0;1;0;3;3;1;5;-22,71744092;-46,12652111;"SPRF-MG";"DEL16-MG";"UOP03-DEL16-MG"
273410;2020-03-05;"quinta-feira";"14:00:00";"MT";364;646,1;"DIAMANTINO";"Desobediência às normas de trânsito pelo condutor";"Colisão traseira";"Com Vítimas Fatais";"Pleno dia";"Crescente";"Céu Claro";"Simples";"Reta";"Não";3;1;0;0;1;3;0;5;-14,32559852;-56,44432068;"SPRF-MT";"DEL01-MT";"UOP01-DEL01-MT"
273414;2020-03-05;"quinta-feira";"17:15:00";"MG";50;70;"UBERLANDIA";"Falta de Atenção à Condução";"Colisão traseira";"Com Vítimas Feridas";"Pleno dia";"Decrescente";"Céu Claro";"Dupla";"Reta";"Sim";5;0;1;0;3;2;1;5;-18,85140204;-48,25345932;"SPRF-MG";"DEL15-MG";"UOP01-DEL15-MG"
273424;2020-03-05;"quinta-feira";"18:00:00";"GO";153;505,9;"APARECIDA DE GOIANIA";"Não guardar distância de segurança";"Engavetamento";"Com Vítimas Feridas";"Anoitecer";"Decrescente";"Chuva";"Múltipla";"Reta";"Sim";7;0;1;0;6;0;1;4;-16,7523075;-49,24124837;"SPRF-GO";"DEL01-GO";"UOP01-DEL01-GO"
273425;2020-03-05;"quinta-feira";"18:35:00";"MG";354;705,4;"CAXAMBU";"Falta de Atenção à Condução";"Colisão lateral";"Com Vítimas Feridas";"Anoitecer";"Decrescente";"Céu Claro";"Simples";"Rotatória;Curva;Interseção de Vias";"Sim";2;0;1;0;1;0;1;2;-21,99205276;-44,9251702;"SPRF-MG";"DEL17-MG";"UOP01-DEL17-MG"
273429;2020-03-05;"quinta-feira";"18:30:00";"BA";116;831,4;"VITORIA DA CONQUISTA";"Falta de Atenção à Condução";"Colisão transversal";"Com Vítimas Fatais";"Plena Noite";"Crescente";"Nublado";"Simples";"Reta";"Não";2;1;0;0;0;1;0;2;-14,919965;-40,880554;"SPRF-BA";"DEL08-BA";"UOP01-DEL08-BA"
273430;2020-03-05;"quinta-feira";"13:20:00";"MG";267;124,7;"JUIZ DE FORA";"Velocidade Incompatível";"Tombamento";"Com Vítimas Feridas";"Pleno dia";"Decrescente";"Céu Claro";"Simples";"Curva";"Não";4;0;1;0;2;2;1;4;-21,70786623;-43,51812169;"SPRF-MG";"DEL05-MG";"UOP01-DEL05-MG"
273434;2020-03-05;"quinta-feira";"18:00:00";"SC";153;65;"IRANI";"Falta de Atenção à Condução";"Colisão transversal";"Com Vítimas Feridas";"Pleno dia";"Crescente";"Céu Claro";"Simples";"Reta";"Não";3;0;3;0;0;0;3;2;-27,011721;-51,876862;"SPRF-SC";"DEL07-SC";"UOP04-DEL07-SC"
273435;2020-03-05;"quinta-feira";"19:10:00";"SC";280;55;"GUARAMIRIM";"Falta de Atenção à Condução";"Colisão transversal";"Com Vítimas Feridas";"Plena Noite";"Decrescente";"Céu Claro";"Simples";"Reta";"Sim";3;0;0;1;2;0;1;2;-26,47584353;-48,9937858;"SPRF-SC";"DEL03-SC";"UOP03-DEL03-SC"
273436;2020-03-05;"quinta-feira";"19:00:00";"GO";153;534,5;"HIDROLANDIA";"Pista Escorregadia";"Saída de leito carroçável";"Sem Vítimas";"Plena Noite";"Crescente";"Chuva";"Dupla";"Reta";"Não";2;0;0;0;1;1;0;2;-17,0016;-49,2231;"SPRF-GO";"DEL01-GO";"UOP03-DEL01-GO"
273438;2020-03-05;"quinta-feira";"19:15:00";"RS";293;13,9;"CAPAO DO LEAO";"Animais na Pista";"Atropelamento de Animal";"Com Vítimas Feridas";"Plena Noite";"Crescente";"Céu Claro";"Simples";"Reta";"Sim";4;0;0;2;1;2;2;4;-31,7543548;-52,45089496;"SPRF-RS";"DEL07-RS";"UOP01-DEL07-RS"
273441;2020-03-05;"quinta-feira";"10:40:00";"MG";365;438;"GUIMARANIA";"Falta de Atenção à Condução";"Colisão traseira";"Sem Vítimas";"Pleno dia";"Decrescente";"Céu Claro";"Dupla";"Aclive";"Não";2;0;0;0;1;1;0;2;-18,79187307;-46,7265489;"SPRF-MG";"DEL10-MG";"UOP01-DEL10-MG"
273442;2020-03-05;"quinta-feira";"19:55:00";"RS";290;204;"RIO PARDO";"Falta de Atenção à Condução";"Colisão lateral";"Com Vítimas Feridas";"Plena Noite";"Crescente";"Céu Claro";"Simples";"Reta";"Não";3;0;1;0;0;2;1;3;-30,169573;-52,278069;"SPRF-RS";"DEL02-RS";"UOP02-DEL02-RS"
273445;2020-03-05;"quinta-feira";"15:00:00";"RO";364;448,9;"JARU";"Não guardar distância de segurança";"Engavetamento";"Com Vítimas Feridas";"Pleno dia";"Crescente";"Nublado";"Simples";"Aclive";"Não";7;0;2;2;2;5;4;8;-10,31044223;-62,63906217;"SPRF-RO";"DEL03-RO";"UOP02-DEL03-RO"
273451;2020-03-05;"quinta-feira";"18:50:00";"PR";116;103;"SAO JOSE DOS PINHAIS";"Não guardar distância de segurança";"Colisão traseira";"Sem Vítimas";"Plena Noite";"Crescente";"Céu Claro";"Dupla";"Reta";"Sim";3;0;0;0;3;0;0;3;-25,55944814;-49,15099774;"SPRF-PR";"DEL01-PR";"UOP01-DEL01-PR"
273453;2020-03-05;"quinta-feira";"19:30:00";"BA";101;204;"GOVERNADOR MANGABEIRA";"Defeito Mecânico no Veículo";"Colisão com objeto estático";"Com Vítimas Feridas";"Plena Noite";"Decrescente";"Céu Claro";"Simples";"Declive";"Não";1;0;1;0;0;0;1;1;-12,63317306;-39,09398987;"SPRF-BA";"DEL01-BA";"UOP03-DEL01-BA"
273456;2020-03-05;"quinta-feira";"19:10:00";"PR";369;486,2;"CORBELIA";"Ultrapassagem Indevida";"Colisão frontal";"Com Vítimas Fatais";"Plena Noite";"Crescente";"Céu Claro";"Simples";"Reta";"Não";8;1;1;2;3;1;3;5;-24,6836;-53,2279;"SPRF-PR";"DEL04-PR";"UOP03-DEL04-PR"
273458;2020-03-05;"quinta-feira";"20:20:00";"ES";101;245,7;"SERRA";"Pista Escorregadia";"Capotamento";"Com Vítimas Feridas";"Plena Noite";"Crescente";"Chuva";"Dupla";"Declive";"Não";2;0;1;0;1;0;1;1;-20,05454495;-40,38189997;"SPRF-ES";"DEL02-ES";"UOP01-DEL02-ES"
273459;2020-03-05;"quinta-feira";"20:55:00";"RS";290;616,9;"ALEGRETE";"Condutor Dormindo";"Colisão lateral";"Com Vítimas Feridas";"Plena Noite";"Crescente";"Céu Claro";"Simples";"Reta";"Não";4;0;3;0;1;0;3;2;-29,949429;-56,106741;"SPRF-RS";"DEL13-RS";"UOP02-DEL13-RS"
273460;2020-03-05;"quinta-feira";"21:15:00";"PR";376;191,7;"MARIALVA";"Defeito Mecânico no Veículo";"Colisão traseira";"Com Vítimas Feridas";"Plena Noite";"Decrescente";"Nublado";"Dupla";"Retorno Regulamentado";"Não";4;0;1;0;2;2;1;4;-23,4849591;-51,8202687;"SPRF-PR";"DEL09-PR";"UOP01-DEL09-PR"
273466;2020-03-05;"quinta-feira";"19:15:00";"GO";153;442,8;"ANAPOLIS";"Sinalização da via insuficiente ou inadequada";"Colisão lateral";"Com Vítimas Fatais";"Plena Noite";"Crescente";"Nublado";"Dupla";"Reta";"Sim";4;1;1;0;2;0;1;2;-16,343756;-48,9245;"SPRF-GO";"DEL02-GO";"UOP01-DEL02-GO"
273467;2020-03-05;"quinta-feira";"21:40:00";"GO";40;100,9;"CRISTALINA";"Desobediência às normas de trânsito pelo condutor";"Colisão frontal";"Com Vítimas Feridas";"Plena Noite";"Crescente";"Chuva";"Simples";"Reta";"Não";3;0;1;1;0;2;2;4;-16,786355;-47,579207;"SPRF-DF";"DEL01-DF";"UOP02-DEL01-DF"
273469;2020-03-05;"quinta-feira";"17:10:00";"MG";153;69,7;"MONTE ALEGRE DE MINAS";"Condutor Dormindo";"Saída de leito carroçável";"Sem Vítimas";"Pleno dia";"Crescente";"Céu Claro";"Simples";"Reta";"Não";2;0;0;0;1;1;0;2;-18,975694;-49,024092;"SPRF-MG";"DEL15-MG";"UOP03-DEL15-MG"
273470;2020-03-05;"quinta-feira";"23:00:00";"BA";101;453;"AURELINO LEAL";"Velocidade Incompatível";"Colisão transversal";"Com Vítimas Fatais";"Plena Noite";"Crescente";"Chuva";"Simples";"Curva";"Não";10;3;1;1;2;5;2;7;-14,38812747;-39,32418823;"SPRF-BA";"DEL05-BA";"UOP01-DEL05-BA"
273474;2020-03-05;"quinta-feira";"22:50:00";"SC";470;120,9;"IBIRAMA";"Velocidade Incompatível";"Tombamento";"Com Vítimas Feridas";"Plena Noite";"Decrescente";"Céu Claro";"Simples";"Curva";"Não";5;0;2;1;1;1;3;3;-27,089924;-49,520416;"SPRF-SC";"DEL04-SC";"UOP02-DEL04-SC"
273476;2020-03-05;"quinta-feira";"22:55:00";"MS";163;469,9;"CAMPO GRANDE";"Defeito Mecânico no Veículo";"Incêndio";"Com Vítimas Feridas";"Plena Noite";"Crescente";"Céu Claro";"Simples";"Reta";"Não";1;0;1;0;0;0;1;1;-20,56776899;-54,56218402;"SPRF-MS";"DEL01-MS";"UOP01-DEL01-MS"
273478;2020-03-06;"sexta-feira";"02:05:00";"ES";101;3,3;"PEDRO CANARIO";"Falta de Atenção à Condução";"Colisão com objeto estático";"Com Vítimas Fatais";"Plena Noite";"Decrescente";"Nublado";"Simples";"Reta";"Não";2;1;0;0;1;0;0;1;-18,19921203;-39,92892595;"SPRF-ES";"DEL04-ES";"UOP02-DEL04-ES"
273480;2020-03-05;"quinta-feira";"22:35:00";"SC";153;21,8;"AGUA DOCE";"Ingestão de Álcool";"Tombamento";"Sem Vítimas";"Plena Noite";"Decrescente";"Céu Claro";"Simples";"Reta";"Não";2;0;0;0;1;2;0;3;-26,725967;-51,633724;"SPRF-SC";"DEL07-SC";"UOP07-DEL07-SC"
273482;2020-03-06;"sexta-feira";"00:15:00";"RJ";116;217;"PARACAMBI";"Falta de Atenção à Condução";"Colisão traseira";"Com Vítimas Feridas";"Plena Noite";"Decrescente";"Nublado";"Múltipla";"Reta";"Sim";4;0;1;0;2;1;1;3;-22,68972504;-43,801317;"SPRF-RJ";"DEL01-RJ";"UOP03-DEL01-RJ"
273484;2020-03-06;"sexta-feira";"04:00:00";"PR";116;113;"CURITIBA";"Desobediência às normas de trânsito pelo condutor";"Colisão frontal";"Com Vítimas Feridas";"Plena Noite";"Decrescente";"Nublado";"Dupla";"Interseção de Vias";"Sim";2;0;1;0;0;1;1;2;-25,56513636;-49,24675108;"SPRF-PR";"DEL01-PR";"UOP06-DEL01-PR"
273487;2020-03-06;"sexta-feira";"02:58:00";"MG";381;944,2;"EXTREMA";"Defeito Mecânico no Veículo";"Incêndio";"Sem Vítimas";"Plena Noite";"Decrescente";"Céu Claro";"Dupla";"Reta";"Não";3;0;0;0;1;2;0;3;-22,87479042;-46,36655782;"SPRF-MG";"DEL16-MG";"UOP03-DEL16-MG"
273489;2020-03-06;"sexta-feira";"04:30:00";"RJ";356;2,1;"ITAPERUNA";"Animais na Pista";"Atropelamento de Animal";"Com Vítimas Feridas";"Plena Noite";"Decrescente";"Céu Claro";"Simples";"Reta";"Não";3;0;0;1;1;1;1;3;-21,14875;-42,16134;"SPRF-RJ";"DEL08-RJ";"UOP03-DEL08-RJ"
273491;2020-03-06;"sexta-feira";"04:00:00";"MT";158;605;"AGUA BOA";"Deficiência ou não Acionamento do Sistema de Iluminação/Sinalização do Veículo";"Colisão traseira";"Sem Vítimas";"Plena Noite";"Decrescente";"Nevoeiro/Neblina";"Simples";"Reta";"Não";2;0;0;0;1;2;0;3;-14,367543;-52,169094;"SPRF-MT";"DEL07-MT";"UOP02-DEL07-MT"
273495;2020-03-06;"sexta-feira";"05:30:00";"SP";116;89,5;"PINDAMONHANGABA";"Falta de Atenção do Pedestre";"Atropelamento de Pedestre";"Com Vítimas Fatais";"Amanhecer";"Crescente";"Nublado";"Dupla";"Reta";"Não";4;1;0;0;1;2;0;3;-22,93930884;-45,37874708;"SPRF-SP";"DEL06-SP";"UOP01-DEL06-SP"
273496;2020-03-06;"sexta-feira";"05:30:00";"MG";262;380,8;"JUATUBA";"Defeito Mecânico no Veículo";"Incêndio";"Sem Vítimas";"Amanhecer";"Decrescente";"Nublado";"Dupla";"Declive;Reta";"Não";1;0;0;0;1;0;0;1;-19,936079;-44,438537;"SPRF-MG";"DEL01-MG";"UOP03-DEL01-MG"
273498;2020-03-06;"sexta-feira";"05:45:00";"RJ";116;180;"NOVA IGUACU";"Falta de Atenção à Condução";"Colisão lateral";"Com Vítimas Feridas";"Amanhecer";"Decrescente";"Garoa/Chuvisco";"Dupla";"Reta";"Sim";6;0;1;0;4;1;1;3;-22,7651616;-43,4154728;"SPRF-RJ";"DEL01-RJ";"UOP02-DEL01-RJ"
273499;2020-03-06;"sexta-feira";"05:30:00";"PR";373;177;"PONTA GROSSA";"Falta de Atenção à Condução";"Colisão lateral";"Sem Vítimas";"Amanhecer";"Crescente";"Céu Claro";"Dupla";"Curva";"Sim";6;0;0;0;5;1;0;2;-25,05596766;-50,22677884;"SPRF-PR";"DEL03-PR";"UOP01-DEL03-PR"
273505;2020-03-06;"sexta-feira";"07:00:00";"BA";101;392,4;"IBIRAPITANGA";"Velocidade Incompatível";"Colisão transversal";"Com Vítimas Feridas";"Pleno dia";"Crescente";"Céu Claro";"Simples";"Curva";"Não";2;0;1;0;1;0;1;2;-14,03983;-39,404306;"SPRF-BA";"DEL05-BA";"UOP03-DEL05-BA"
273513;2020-03-06;"sexta-feira";"06:30:00";"MG";365;344;"VARJAO DE MINAS";"Desobediência às normas de trânsito pelo condutor";"Colisão transversal";"Sem Vítimas";"Pleno dia";"Decrescente";"Céu Claro";"Simples";"Interseção de Vias;Reta";"Sim";2;0;0;0;1;1;0;2;-18,30661797;-45,95787048;"SPRF-MG";"DEL10-MG";"UOP01-DEL10-MG"
273518;2020-03-06;"sexta-feira";"08:05:00";"PE";104;67;"CARUARU";"Não guardar distância de segurança";"Colisão traseira";"Com Vítimas Feridas";"Pleno dia";"Decrescente";"Céu Claro";"Dupla";"Declive";"Sim";2;0;1;0;1;0;1;2;-8,29450551;-35,98682469;"SPRF-PE";"DEL02-PE";"UOP01-DEL02-PE"
273522;2020-03-06;"sexta-feira";"07:20:00";"SC";101;239,3;"PALHOCA";"Animais na Pista";"Colisão lateral";"Com Vítimas Feridas";"Pleno dia";"Decrescente";"Nublado";"Dupla";"Reta";"Não";5;0;1;0;3;2;1;6;-27,85046883;-48,63955216;"SPRF-SC";"DEL01-SC";"UOP02-DEL01-SC"
273532;2020-03-06;"sexta-feira";"05:15:00";"MG";262;763,9;"UBERABA";"Condutor Dormindo";"Saída de leito carroçável";"Com Vítimas Feridas";"Plena Noite";"Crescente";"Céu Claro";"Simples";"Reta";"Não";2;0;1;0;0;1;1;2;-19,67550001;-47,638985;"SPRF-MG";"DEL13-MG";"UOP01-DEL13-MG"
273536;2020-02-27;"quinta-feira";"13:00:00";"SC";101;417,9;"ARARANGUA";"Falta de Atenção à Condução";"Colisão traseira";"Sem Vítimas";"Pleno dia";"Crescente";"Céu Claro";"Dupla";"Reta";"Sim";2;0;0;0;2;0;0;2;-28,97376391;-49,53023409;"SPRF-SC";"DEL02-SC";"UOP02-DEL02-SC"
273538;2020-03-06;"sexta-feira";"05:00:00";"MT";163;1102;"GUARANTA DO NORTE";"Condutor Dormindo";"Tombamento";"Com Vítimas Feridas";"Amanhecer";"Decrescente";"Chuva";"Simples";"Curva";"Não";2;0;1;0;0;1;1;2;-9,78200529;-54,90867173;"SPRF-MT";"DEL06-MT";"NPF/DEL06-MT"
273540;2020-03-06;"sexta-feira";"08:50:00";"BA";324;518,2;"FEIRA DE SANTANA";"Desobediência às normas de trânsito pelo condutor";"Colisão transversal";"Com Vítimas Feridas";"Pleno dia";"Decrescente";"Chuva";"Dupla";"Reta";"Sim";2;0;1;0;1;0;1;2;-12,258195;-38,932182;"SPRF-BA";"DEL02-BA";"UOP01-DEL02-BA"
273544;2020-03-06;"sexta-feira";"08:55:00";"GO";153;500;"GOIANIA";"Não guardar distância de segurança";"Colisão traseira";"Sem Vítimas";"Pleno dia";"Decrescente";"Céu Claro";"Dupla";"Reta";"Sim";4;0;0;0;3;2;0;5;-16,7118;-49,2324;"SPRF-GO";"DEL01-GO";"UOP01-DEL01-GO"
273546;2020-03-06;"sexta-feira";"02:00:00";"RS";158;501,3;"SANTANA DO LIVRAMENTO";"Condutor Dormindo";"Saída de leito carroçável";"Sem Vítimas";"Plena Noite";"Crescente";"Céu Claro";"Simples";"Reta";"Não";1;0;0;0;1;0;0;1;-30,52968501;-55,07412097;"SPRF-RS";"DEL11-RS";"UOP01-DEL11-RS"
273553;2020-03-06;"sexta-feira";"09:20:00";"MG";40;816,6;"SIMAO PEREIRA";"Carga excessiva e/ou mal acondicionada";"Colisão com objeto estático";"Com Vítimas Feridas";"Pleno dia";"Crescente";"Céu Claro";"Dupla";"Reta";"Não";2;0;1;0;1;0;1;2;-21,92815321;-43,3164479;"SPRF-MG";"DEL05-MG";"UOP01-DEL05-MG"
273557;2020-03-06;"sexta-feira";"10:10:00";"BA";116;585;"NOVA ITARANA";"Velocidade Incompatível";"Colisão lateral";"Com Vítimas Feridas";"Pleno dia";"Decrescente";"Nublado";"Simples";"Reta";"Não";4;0;1;0;2;3;1;6;-13,10445428;-39,99104101;"SPRF-BA";"DEL03-BA";"UOP02-DEL03-BA"
273561;2020-03-06;"sexta-feira";"11:00:00";"PE";101;50;"ABREU E LIMA";"Falta de Atenção à Condução";"Colisão transversal";"Com Vítimas Feridas";"Pleno dia";"Decrescente";"Céu Claro";"Simples";"Interseção de Vias";"Sim";3;0;1;0;2;0;1;2;-7,90938602;-34,90123228;"SPRF-PE";"DEL01-PE";"UOP02-DEL01-PE"
273563;2020-03-06;"sexta-feira";"11:15:00";"RS";116;1;"PORTO ALEGRE";"Não guardar distância de segurança";"Colisão lateral";"Com Vítimas Feridas";"Pleno dia";"Decrescente";"Céu Claro";"Dupla";"Reta";"Sim";4;0;2;0;1;1;2;2;-29,976783;-51,178482;"SPRF-RS";"DEL05-RS";"UOP03-DEL05-RS"
273569;2020-03-06;"sexta-feira";"09:00:00";"RJ";101;394;"RIO DE JANEIRO";"Falta de Atenção à Condução";"Colisão lateral";"Com Vítimas Feridas";"Pleno dia";"Decrescente";"Sol";"Dupla";"Viaduto";"Não";3;0;0;1;1;1;1;3;-22,88582179;-43,71288392;"SPRF-RJ";"DEL03-RJ";"UOP01-DEL03-RJ"
273575;2020-03-06;"sexta-feira";"12:15:00";"RS";290;187;"MINAS DO LEAO";"Falta de Atenção à Condução";"Engavetamento";"Com Vítimas Feridas";"Pleno dia";"Decrescente";"Céu Claro";"Simples";"Em Obras";"Não";5;0;2;0;2;1;2;4;-30,152441;-52,083591;"SPRF-RS";"DEL02-RS";"UOP02-DEL02-RS"
273580;2020-03-06;"sexta-feira";"11:00:00";"MT";174;4,1;"PONTES E LACERDA";"Desobediência às normas de trânsito pelo condutor";"Colisão frontal";"Com Vítimas Feridas";"Pleno dia";"Decrescente";"Céu Claro";"Simples";"Reta";"Sim";2;0;0;1;1;0;1;2;-15,23471323;-59,34403941;"SPRF-MT";"DEL03-MT";"UOP01-DEL03-MT"
273590;2020-03-06;"sexta-feira";"14:00:00";"RJ";116;139,8;"DUQUE DE CAXIAS";"Não guardar distância de segurança";"Colisão traseira";"Com Vítimas Feridas";"Pleno dia";"Decrescente";"Sol";"Dupla";"Reta";"Não";5;0;1;0;3;1;1;4;-22,66393263;-43,25494945;"SPRF-RJ";"DEL04-RJ";"UOP02-DEL04-RJ"
273594;2020-03-06;"sexta-feira";"15:37:00";"BA";101;896;"NOVA VICOSA";"Velocidade Incompatível";"Saída de leito carroçável";"Com Vítimas Fatais";"Pleno dia";"Decrescente";"Chuva";"Simples";"Curva";"Não";1;1;0;0;0;0;0;1;-17,89587195;-39,81936412;"SPRF-BA";"DEL09-BA";"UOP02-DEL09-BA"
273599;2020-03-06;"sexta-feira";"15:30:00";"GO";452;21,7;"RIO VERDE";"Velocidade Incompatível";"Colisão lateral";"Com Vítimas Fatais";"Pleno dia";"Crescente";"Céu Claro";"Simples";"Ponte";"Não";3;1;0;0;1;2;0;4;-17,87416193;-50,72575996;"SPRF-GO";"DEL04-GO";"UOP01-DEL04-GO"
273605;2020-03-06;"sexta-feira";"08:40:00";"MA";316;312,8;"OLHO DAGUA DAS CUNHAS";"Desobediência às normas de trânsito pelo condutor";"Colisão lateral";"Com Vítimas Fatais";"Pleno dia";"Decrescente";"Céu Claro";"Simples";"Reta";"Não";4;2;0;0;1;1;0;3;-4,004455;-45,117371;"SPRF-MA";"DEL02-MA";"UOP01-DEL02-MA"
273612;2020-03-06;"sexta-feira";"10:00:00";"MG";116;514,3;"UBAPORANGA";"Ultrapassagem Indevida";"Colisão lateral";"Com Vítimas Fatais";"Pleno dia";"Crescente";"Garoa/Chuvisco";"Simples";"Reta";"Não";6;3;1;0;1;1;1;4;-19,67880399;-42,11700024;"SPRF-MG";"DEL06-MG";"UOP02-DEL06-MG"
273616;2020-03-06;"sexta-feira";"13:40:00";"GO";80;69;"PADRE BERNARDO";"Falta de Atenção à Condução";"Colisão lateral";"Com Vítimas Feridas";"Pleno dia";"Decrescente";"Nublado";"Simples";"Curva";"Não";6;0;4;0;1;1;4;3;-15,210366;-48,473693;"SPRF-DF";"DEL03-DF";"UOP02-DEL03-DF"
273619;2020-03-06;"sexta-feira";"16:29:00";"CE";402;268,9;"ITAPIPOCA";"Desobediência às normas de trânsito pelo condutor";"Colisão frontal";"Com Vítimas Feridas";"Pleno dia";"Crescente";"Sol";"Simples";"Reta";"Sim";2;0;0;1;1;0;1;2;-3,47502406;-39,54437103;"SPRF-CE";"DEL01-CE";"UOP03-DEL01-CE"
273621;2020-02-05;"quarta-feira";"09:40:00";"MT";364;347;"SANTO ANTONIO DO LEVERGER";"Velocidade Incompatível";"Colisão traseira";"Com Vítimas Feridas";"Pleno dia";"Crescente";"Céu Claro";"Simples";"Reta";"Não";3;0;0;1;1;2;1;4;-15,807347;-55,54692;"SPRF-MT";"DEL02-MT";"UOP02-DEL01-MT"
273627;2020-03-06;"sexta-feira";"17:20:00";"RN";427;39,6;"ACARI";"Pista Escorregadia";"Capotamento";"Com Vítimas Feridas";"Pleno dia";"Decrescente";"Chuva";"Simples";"Curva";"Sim";1;0;1;0;0;0;1;1;-6,54046694;-36,65081978;"SPRF-RN";"DEL03-RN";"UOP01-DEL03-RN"
273631;2020-03-06;"sexta-feira";"16:50:00";"PE";116;79;"BELEM DE SAO FRANCISCO";"Desobediência às normas de trânsito pelo condutor";"Colisão traseira";"Com Vítimas Feridas";"Pleno dia";"Crescente";"Céu Claro";"Simples";"Declive";"Não";2;0;1;0;1;0;1;2;-8,516788;-39,2155;"SPRF-PE";"DEL05-PE";"UOP03-DEL05-PE"
273633;2020-03-06;"sexta-feira";"16:44:00";"GO";153;506,9;"APARECIDA DE GOIANIA";"Não guardar distância de segurança";"Saída de leito carroçável";"Sem Vítimas";"Pleno dia";"Crescente";"Nublado";"Múltipla";"Aclive";"Sim";2;0;0;0;1;1;0;2;-16,7633;-49,24;"SPRF-GO";"DEL01-GO";"UOP01-DEL01-GO"
273636;2020-03-06;"sexta-feira";"18:20:00";"PR";376;170,8;"MARINGA";"Falta de Atenção à Condução";"Colisão traseira";"Com Vítimas Feridas";"Anoitecer";"Crescente";"Céu Claro";"Dupla";"Rotatória";"Sim";3;0;1;0;1;2;1;4;-23,41595703;-51,97950402;"SPRF-PR";"DEL09-PR";"UOP01-DEL09-PR"
273644;2020-03-06;"sexta-feira";"17:50:00";"BA";407;5,9;"JUAZEIRO";"Carga excessiva e/ou mal acondicionada";"Capotamento";"Com Vítimas Feridas";"Anoitecer";"Crescente";"Nublado";"Simples";"Rotatória";"Sim";1;0;1;0;0;0;1;1;-9,4492687;-40,48998892;"SPRF-PE";"DEL06-PE";"UOP01-DEL06-PE"
273666;2020-03-06;"sexta-feira";"18:00:00";"PR";153;461,9;"PORTO VITORIA";"Falta de Atenção à Condução";"Saída de leito carroçável";"Com Vítimas Feridas";"Anoitecer";"Decrescente";"Céu Claro";"Simples";"Declive";"Não";1;0;1;0;0;0;1;1;-26,24253963;-51,15929604;"SPRF-PR";"DEL02-PR";"UOP03-DEL02-PR"
273669;2020-03-06;"sexta-feira";"20:00:00";"MG";251;451,3;"GRAO MOGOL";"Velocidade Incompatível";"Colisão frontal";"Com Vítimas Feridas";"Plena Noite";"Crescente";"Chuva";"Simples";"Curva;Declive";"Não";4;0;1;0;1;2;1;3;-16,41900232;-43,30798792;"SPRF-MG";"DEL12-MG";"UOP01-DEL12-MG"
273677;2020-03-06;"sexta-feira";"20:30:00";"GO";50;280,6;"CATALAO";"Falta de Atenção à Condução";"Colisão transversal";"Sem Vítimas";"Plena Noite";"Crescente";"Chuva";"Dupla";"Reta;Interseção de Vias";"Sim";2;0;0;0;2;0;0;2;-18,1784;-47,9362;"SPRF-GO";"DEL06-GO";"UOP01-DEL06-GO"
273678;2020-03-06;"sexta-feira";"21:00:00";"RJ";393;140,2;"SAPUCAIA";"Falta de Atenção à Condução";"Colisão frontal";"Com Vítimas Fatais";"Plena Noite";"Crescente";"Céu Claro";"Simples";"Curva";"Não";3;1;0;0;1;1;0;3;-22,00993396;-42,94794103;"SPRF-RJ";"DEL05-RJ";"UOP01-DEL05-RJ"
273684;2020-03-06;"sexta-feira";"18:05:00";"MT";364;269;"JACIARA";"Falta de Atenção à Condução";"Colisão transversal";"Com Vítimas Feridas";"Anoitecer";"Crescente";"Céu Claro";"Simples";"Curva";"Não";5;0;2;0;3;0;2;2;-15,974228;-54,938;"SPRF-MT";"DEL05-MT";"UOP02-DEL05-MT"