"id";"data_inversa";"dia_semana";"horario";"uf";"br";"km";"municipio";"causa_acidente";"tipo_acidente";"classificacao_acidente";"fase_dia";"sentido_via";"condicao_metereologica";"tipo_pista";"tracado_via";"uso_solo";"pessoas";"mortos";"feridos_leves";"feridos_graves";"ilesos";"ignorados";"feridos";"veiculos";"latitude";"longitude";"regional";"delegacia";"uop"
273694;2020-03-06;"sexta-feira";"20:50:00";"MT";364;57;"ALTO GARCAS";"Defeito Mecânico no Veículo";"Derramamento de carga";"Sem Vítimas";"Plena Noite";"Decrescente";"Céu Claro";"Simples";"Aclive;Reta";"Sim";2;0;0;0;1;2;0;3;-16,94441591;-53,53013084;"SPRF-MT";"DEL02-MT";"UOP02-DEL02-MT"
273696;2020-03-06;"sexta-feira";"23:25:00";"MG";381;925;"ITAPEVA";"Velocidade Incompatível";"Tombamento";"Com Vítimas Feridas";"Plena Noite";"Decrescente";"Nublado";"Dupla";"Curva";"Não";2;0;1;0;0;1;1;2;-22,77115167;-46,19842356;"SPRF-MG";"DEL16-MG";"UOP03-DEL16-MG"
273697;2020-02-29;"sábado";"21:25:00";"RN";226;409;"PAU DOS FERROS";"Desobediência às normas de trânsito pelo condutor";"Saída de leito carroçável";"Sem Vítimas";"Plena Noite";"Decrescente";"Céu Claro";"Simples";"Aclive";"Não";4;0;0;0;3;1;0;3;-6,089577;-38,202454;"SPRF-RN";"DEL04-RN";"UOP02-DEL04-RN"
273700;2020-03-06;"sexta-feira";"22:00:00";"MS";267;26,7;"BATAGUASSU";"Animais na Pista";"Atropelamento de Animal";"Sem Vítimas";"Plena Noite";"Decrescente";"Céu Claro";"Simples";"Declive;Reta";"Não";2;0;0;0;1;2;0;3;-21,72335399;-52,394177;"SPRF-MS";"DEL02-MS";"UOP04-DEL02-MS"
273702;2020-03-06;"sexta-feira";"22:20:00";"MG";381;847,9;"POUSO ALEGRE";"Falta de Atenção do Pedestre";"Atropelamento de Pedestre";"Com Vítimas Feridas";"Plena Noite";"Decrescente";"Céu Claro";"Dupla";"Reta";"Sim";3;0;0;1;1;1;1;3;-22,25237299;-45,88779304;"SPRF-MG";"DEL16-MG";"UOP01-DEL16-MG"
273704;2020-03-06;"sexta-feira";"20:45:00";"MG";381;946,5;"EXTREMA";"Falta de Atenção à Condução";"Colisão traseira";"Com Vítimas Feridas";"Plena Noite";"Crescente";"Céu Claro";"Dupla";"Curva;Declive";"Não";7;0;0;2;4;2;2;7;-22,86067466;-46,34204865;"SPRF-MG";"DEL16-MG";"UOP03-DEL16-MG"
273706;2020-03-07;"sábado";"00:20:00";"PR";116;30;"CAMPINA GRANDE DO SUL";"Falta de Atenção à Condução";"Colisão lateral";"Com Vítimas Feridas";"Plena Noite";"Crescente";"Nublado";"Dupla";"Curva";"Não";2;0;1;0;0;1;1;2;-25,10003092;-48,82089801;"SPRF-PR";"DEL01-PR";"UOP02-DEL01-PR"
273715;2020-03-06;"sexta-feira";"22:30:00";"PE";101;163,1;"GAMELEIRA";"Falta de Atenção do Pedestre";"Atropelamento de Pedestre";"Com Vítimas Fatais";"Plena Noite";"Crescente";"Céu Claro";"Dupla";"Curva";"Não";2;1;0;0;0;1;0;2;-8,55039544;-35,44619699;"SPRF-PE";"DEL01-PE";"UOP03-DEL01-PE"
273721;2020-03-07;"sábado";"01:00:00";"SP";116;333;"JUQUITIBA";"Não guardar distância de segurança";"Colisão lateral";"Sem Vítimas";"Plena Noite";"Crescente";"Céu Claro";"Dupla";"Reta";"Não";3;0;0;0;2;3;0;5;-23,961422;-47,12114;"SPRF-SP";"DEL04-SP";"UOP01-DEL04-SP"
273722;2020-03-07;"sábado";"02:00:00";"PE";232;179;"BELO JARDIM";"Desobediência às normas de trânsito pelo condutor";"Colisão frontal";"Com Vítimas Feridas";"Plena Noite";"Decrescente";"Nublado";"Simples";"Reta";"Não";2;0;0;1;1;0;1;2;-8,34353242;-36,4199731;"SPRF-PE";"DEL02-PE";"UOP03-DEL02-PE"
273723;2020-03-07;"sábado";"01:35:00";"CE";20;416;"MARACANAU";"Velocidade Incompatível";"Colisão lateral";"Com Vítimas Feridas";"Plena Noite";"Decrescente";"Nublado";"Dupla";"Interseção de Vias";"Não";2;0;1;0;0;1;1;2;-3,76999035;-38,67006282;"SPRF-CE";"DEL01-CE";"UOP02-DEL01-CE"
273732;2020-03-07;"sábado";"02:50:00";"BA";101;718;"EUNAPOLIS";"Desobediência às normas de trânsito pelo condutor";"Colisão transversal";"Com Vítimas Feridas";"Plena Noite";"Crescente";"Garoa/Chuvisco";"Múltipla";"Interseção de Vias";"Sim";2;0;0;1;1;0;1;2;-16,37486817;-39,58101511;"SPRF-BA";"DEL09-BA";"UOP01-DEL09-BA"
273734;2020-03-07;"sábado";"04:00:00";"TO";153;708,3;"CARIRI DO TOCANTINS";"Defeito Mecânico no Veículo";"Incêndio";"Sem Vítimas";"Plena Noite";"Crescente";"Céu Claro";"Simples";"Reta";"Não";2;0;0;0;1;1;0;2;-12,02248399;-49,19987885;"SPRF-TO";"DEL01-TO";"UOP02-DEL01-TO"
273739;2020-03-07;"sábado";"05:00:00";"PR";277;131;"CAMPO LARGO";"Velocidade Incompatível";"Tombamento";"Sem Vítimas";"Plena Noite";"Decrescente";"Nevoeiro/Neblina";"Simples";"Curva;Declive";"Não";2;0;0;0;1;2;0;3;-25,44518045;-49,4985659;"SPRF-PR";"DEL01-PR";"UOP03-DEL03-PR"
273756;2020-03-07;"sábado";"07:40:00";"PE";101;77;"RECIFE";"Falta de Atenção à Condução";"Colisão traseira";"Com Vítimas Feridas";"Pleno dia";"Crescente";"Nublado";"Dupla";"Reta";"Sim";4;0;1;2;1;0;3;2;-8,126982;-34,94386;"SPRF-PE";"DEL01-PE";"UOP01-DEL01-PE"
273757;2020-03-06;"sexta-feira";"09:20:00";"BA";101;447;"AURELINO LEAL";"Pista Escorregadia";"Saída de leito carroçável";"Sem Vítimas";"Pleno dia";"Crescente";"Chuva";"Simples";"Curva";"Não";2;0;0;0;2;0;0;1;-14,47398806;-39,32749872;"SPRF-BA";"DEL05-BA";"UOP01-DEL05-BA"
273759;2020-03-06;"sexta-feira";"01:50:00";"BA";101;557;"ARATACA";"Pista Escorregadia";"Saída de leito carroçável";"Sem Vítimas";"Plena Noite";"Crescente";"Chuva";"Simples";"Curva";"Não";1;0;0;0;1;0;0;1;-15,26268839;-39,40739036;"SPRF-BA";"DEL05-BA";"UOP02-DEL05-BA"
273763;2020-03-07;"sábado";"07:00:00";"GO";414;355,8;"COCALZINHO DE GOIAS";"Velocidade Incompatível";"Tombamento";"Com Vítimas Feridas";"Pleno dia";"Crescente";"Céu Claro";"Simples";"Curva";"Não";2;0;0;1;0;1;1;2;-15,669267;-48,693175;"SPRF-GO";"DEL02-GO";"UOP01-DEL02-GO"
273764;2020-03-07;"sábado";"08:20:00";"MG";381;787,3;"SAO GONCALO DO SAPUCAI";"Condutor Dormindo";"Saída de leito carroçável";"Com Vítimas Feridas";"Pleno dia";"Decrescente";"Sol";"Dupla";"Reta";"Não";3;0;1;0;1;1;1;2;-21,89946215;-45,55428277;"SPRF-MG";"DEL16-MG";"UOP02-DEL16-MG"
273766;2020-03-07;"sábado";"08:30:00";"GO";452;131;"ITUMBIARA";"Desobediência às normas de trânsito pelo condutor";"Colisão lateral";"Sem Vítimas";"Pleno dia";"Crescente";"Céu Claro";"Dupla";"Reta";"Sim";3;0;0;0;2;2;0;4;-18,22776759;-49,73445466;"SPRF-GO";"DEL03-GO";"UOP02-DEL03-GO"
273767;2020-03-07;"sábado";"08:00:00";"MG";381;636,8;"SANTO ANTONIO DO AMPARO";"Velocidade Incompatível";"Tombamento";"Com Vítimas Fatais";"Pleno dia";"Decrescente";"Céu Claro";"Dupla";"Reta";"Não";4;1;0;1;1;1;1;2;-20,873116;-44,843802;"SPRF-MG";"DEL04-MG";"UOP01-DEL04-MG"
273772;2020-03-07;"sábado";"09:10:00";"RJ";116;82,9;"TERESOPOLIS";"Falta de Atenção à Condução";"Colisão lateral";"Com Vítimas Feridas";"Pleno dia";"Decrescente";"Céu Claro";"Simples";"Curva";"Sim";3;0;0;2;1;0;2;2;-22,4065491;-42,95136745;"SPRF-RJ";"DEL04-RJ";"UOP01-DEL04-RJ"
273775;2020-03-07;"sábado";"08:30:00";"PR";153;109,6;"IBAITI";"Não guardar distância de segurança";"Tombamento";"Sem Vítimas";"Pleno dia";"Decrescente";"Céu Claro";"Simples";"Curva";"Sim";2;0;0;0;1;1;0;2;-23,84682092;-50,19305065;"SPRF-PR";"DEL07-PR";"UOP04-DEL07-PR"
273780;2020-03-07;"sábado";"09:40:00";"CE";116;492,3;"MILAGRES";"Falta de Atenção do Pedestre";"Atropelamento de Pedestre";"Com Vítimas Fatais";"Pleno dia";"Decrescente";"Chuva";"Simples";"Curva";"Sim";2;1;0;0;0;1;0;2;-7,37598404;-38,95509291;"SPRF-CE";"DEL05-CE";"UOP03-DEL05-CE"
273783;2020-03-07;"sábado";"09:50:00";"TO";230;72;"LUZINOPOLIS";"Falta de Atenção à Condução";"Colisão lateral";"Com Vítimas Feridas";"Pleno dia";"Decrescente";"Sol";"Simples";"Reta";"Não";3;0;1;0;1;1;1;3;-6,1707771;-47,86206027;"SPRF-TO";"DEL02-TO";"UOP03-DEL02-TO"
273789;2020-03-07;"sábado";"10:25:00";"PR";277;40,3;"MORRETES";"Defeito Mecânico no Veículo";"Tombamento";"Sem Vítimas";"Pleno dia";"Decrescente";"Céu Claro";"Dupla";"Curva;Declive";"Não";2;0;0;0;1;1;0;2;-25,57368831;-48,82659689;"SPRF-PR";"DEL01-PR";"UOP05-DEL01-PR"
273790;2020-03-07;"sábado";"08:45:00";"RS";158;116,4;"PALMEIRA DAS MISSOES";"Objeto estático sobre o leito carroçável";"Saída de leito carroçável";"Com Vítimas Feridas";"Pleno dia";"Decrescente";"Céu Claro";"Simples";"Reta";"Não";5;0;1;0;3;3;1;6;-28,0275097;-53,35774923;"SPRF-RS";"DEL08-RS";"UOP02-DEL08-RS"
273792;2020-03-07;"sábado";"09:20:00";"MG";262;59;"MANHUACU";"Objeto estático sobre o leito carroçável";"Colisão frontal";"Com Vítimas Feridas";"Pleno dia";"Decrescente";"Chuva";"Simples";"Reta";"Não";5;0;1;0;3;1;1;4;-20,28276197;-42,20329303;"SPRF-MG";"DEL06-MG";"UOP03-DEL06-MG"
273795;2020-03-07;"sábado";"10:50:00";"PE";101;3,6;"GOIANA";"Velocidade Incompatível";"Colisão com objeto estático";"Sem Vítimas";"Pleno dia";"Crescente";"Chuva";"Dupla";"Curva;Declive";"Não";2;0;0;0;1;2;0;3;-7,52387351;-34,99333161;"SPRF-PE";"DEL01-PE";"UOP02-DEL01-PE"
273801;2020-03-07;"sábado";"11:30:00";"DF";20;17;"BRASILIA";"Velocidade Incompatível";"Saída de leito carroçável";"Com Vítimas Feridas";"Pleno dia";"Crescente";"Chuva";"Dupla";"Reta";"Não";2;0;1;0;0;1;1;2;-15,621374;-47,71698;"SPRF-DF";"DEL02-DF";"UOP01-DEL02-DF"
273808;2020-03-07;"sábado";"11:25:00";"SC";101;356,2;"SANGAO";"Condutor Dormindo";"Saída de leito carroçável";"Com Vítimas Feridas";"Pleno dia";"Crescente";"Céu Claro";"Dupla";"Reta";"Não";3;0;1;1;0;1;2;2;-28,63621212;-49,09635544;"SPRF-SC";"DEL02-SC";"UOP01-DEL02-SC"
273810;2020-03-07;"sábado";"12:30:00";"PR";277;23,1;"MORRETES";"Objeto estático sobre o leito carroçável";"Colisão com objeto em movimento";"Com Vítimas Fatais";"Pleno dia";"Decrescente";"Sol";"Dupla";"Reta";"Não";4;1;0;0;2;2;0;4;-25,52726185;-48,73912811;"SPRF-PR";"DEL01-PR";"UOP05-DEL01-PR"
273811;2020-03-07;"sábado";"13:10:00";"MG";50;131,7;"UBERABA";"Falta de Atenção à Condução";"Colisão traseira";"Com Vítimas Feridas";"Pleno dia";"Crescente";"Céu Claro";"Dupla";"Curva";"Não";3;0;0;1;1;3;1;5;-19,39896099;-48,07739627;"SPRF-MG";"DEL13-MG";"UOP01-DEL13-MG"
273813;2020-03-07;"sábado";"13:30:00";"PR";277;37;"MORRETES";"Falta de Atenção à Condução";"Colisão traseira";"Com Vítimas Feridas";"Pleno dia";"Decrescente";"Céu Claro";"Dupla";"Reta";"Não";4;0;1;0;2;1;1;3;-25,56011566;-48,81439895;"SPRF-PR";"DEL01-PR";"UOP05-DEL01-PR"
273818;2020-03-07;"sábado";"11:35:00";"PE";101;2,8;"GOIANA";"Falta de Atenção à Condução";"Colisão traseira";"Com Vítimas Feridas";"Pleno dia";"Crescente";"Chuva";"Dupla";"Declive";"Não";4;0;0;2;1;1;2;3;-7,52387351;-34,99333161;"SPRF-PE";"DEL01-PE";"UOP02-DEL01-PE"
273831;2020-03-07;"sábado";"15:19:00";"SP";381;58,9;"MAIRIPORA";"Desobediência às normas de trânsito pelo condutor";"Colisão lateral";"Com Vítimas Feridas";"Pleno dia";"Decrescente";"Céu Claro";"Dupla";"Curva";"Não";2;0;0;1;1;0;1;2;-23,27438497;-46,58530615;"SPRF-SP";"DEL03-SP";"UOP01-DEL03-SP"
273839;2020-03-07;"sábado";"15:25:00";"RS";285;485,5;"ENTRE-IJUIS";"Condutor Dormindo";"Saída de leito carroçável";"Sem Vítimas";"Pleno dia";"Crescente";"Sol";"Simples";"Reta";"Não";2;0;0;0;1;1;0;2;-28,372606;-54,147831;"SPRF-RS";"DEL10-RS";"UOP01-DEL10-RS"
273842;2020-03-07;"sábado";"14:35:00";"MG";116;402;"GOVERNADOR VALADARES";"Velocidade Incompatível";"Colisão transversal";"Com Vítimas Feridas";"Pleno dia";"Crescente";"Chuva";"Simples";"Curva";"Não";3;0;0;2;1;0;2;2;-18,78507183;-41,98820114;"SPRF-MG";"DEL06-MG";"UOP01-DEL06-MG"
273843;2020-03-07;"sábado";"13:30:00";"MG";116;402;"GOVERNADOR VALADARES";"Sinalização da via insuficiente ou inadequada";"Colisão traseira";"Com Vítimas Feridas";"Pleno dia";"Crescente";"Chuva";"Simples";"Reta";"Não";5;0;1;0;3;1;1;4;-18,7960839;-41,98926144;"SPRF-MG";"DEL06-MG";"UOP01-DEL06-MG"
273844;2020-03-07;"sábado";"14:20:00";"BA";116;674;"JEQUIE";"Falta de Atenção à Condução";"Colisão traseira";"Sem Vítimas";"Pleno dia";"Crescente";"Nublado";"Múltipla";"Rotatória";"Sim";2;0;0;0;2;0;0;2;-13,81715;-40,11209098;"SPRF-BA";"DEL03-BA";"UOP01-DEL03-BA"
273852;2020-03-07;"sábado";"15:00:00";"MG";116;91,3;"MEDINA";"Fenômenos da Natureza";"Saída de leito carroçável";"Com Vítimas Feridas";"Pleno dia";"Crescente";"Chuva";"Simples";"Curva;Declive";"Não";2;0;1;0;0;1;1;2;-16,35806302;-41,47023207;"SPRF-MG";"DEL11-MG";"UOP02-DEL11-MG"
273853;2020-03-03;"terça-feira";"08:20:00";"SE";101;34;"CAPELA";"Não guardar distância de segurança";"Colisão traseira";"Com Vítimas Feridas";"Pleno dia";"Crescente";"Céu Claro";"Simples";"Curva";"Sim";4;0;1;0;2;1;1;3;-10,47630604;-36,95093032;"SPRF-SE";"DEL02-SE";"UOP02-DEL02-SE"
273856;2020-03-07;"sábado";"16:30:00";"RJ";116;177;"NOVA IGUACU";"Falta de Atenção à Condução";"Capotamento";"Com Vítimas Feridas";"Plena Noite";"Crescente";"Céu Claro";"Múltipla";"Reta";"Sim";3;0;1;0;2;0;1;2;-22,78055198;-43,39208599;"SPRF-RJ";"DEL01-RJ";"UOP02-DEL01-RJ"
273858;2020-03-07;"sábado";"14:40:00";"MG";381;333;"NOVA ERA";"Falta de Atenção à Condução";"Colisão lateral";"Com Vítimas Feridas";"Pleno dia";"Decrescente";"Chuva";"Simples";"Reta";"Não";3;0;1;0;1;2;1;4;-19,78600491;-43,04502209;"SPRF-MG";"DEL03-MG";"UOP01-DEL03-MG"
273859;2020-03-07;"sábado";"14:47:00";"RJ";40;108;"DUQUE DE CAXIAS";"Desobediência às normas de trânsito pelo condutor";"Colisão transversal";"Sem Vítimas";"Pleno dia";"Crescente";"Céu Claro";"Múltipla";"Reta";"Sim";2;0;0;0;0;2;0;2;-22,66476979;-43,28495144;"SPRF-RJ";"DEL01-RJ";"UOP01-DEL01-RJ"
273861;2020-03-07;"sábado";"11:50:00";"PI";316;204,3;"VALENCA DO PIAUI";"Falta de Atenção à Condução";"Tombamento";"Com Vítimas Feridas";"Pleno dia";"Decrescente";"Nublado";"Simples";"Declive;Reta";"Não";2;0;1;0;0;2;1;3;-6,34990236;-41,80395131;"SPRF-PI";"DEL04-PI";"UOP02-DEL04-PI"
273864;2020-03-07;"sábado";"10:30:00";"BA";101;667,3;"ITAPEBI";"Pista Escorregadia";"Tombamento";"Com Vítimas Feridas";"Pleno dia";"Crescente";"Chuva";"Simples";"Curva";"Não";2;0;1;0;0;1;1;2;-15,98012807;-39,564609;"SPRF-BA";"DEL09-BA";"UOP01-DEL09-BA"
273871;2020-03-07;"sábado";"17:40:00";"TO";153;276,2;"BRASILANDIA DO TOCANTINS";"Falta de Atenção à Condução";"Colisão lateral";"Com Vítimas Feridas";"Pleno dia";"Decrescente";"Céu Claro";"Simples";"Declive;Reta";"Não";4;0;1;0;2;3;1;5;-8,31929308;-48,47299674;"SPRF-TO";"DEL02-TO";"UOP02-DEL02-TO"
273875;2020-03-07;"sábado";"15:40:00";"MS";267;332,6;"RIO BRILHANTE";"Defeito Mecânico no Veículo";"Saída de leito carroçável";"Com Vítimas Feridas";"Pleno dia";"Crescente";"Nublado";"Simples";"Reta";"Não";2;0;0;1;0;2;1;3;-21,58966756;-54,85868376;"SPRF-MS";"DEL02-MS";"UOP02-DEL02-MS"
273879;2020-03-07;"sábado";"18:00:00";"CE";304;40,1;"ARACATI";"Desobediência às normas de trânsito pelo condutor";"Colisão transversal";"Com Vítimas Feridas";"Plena Noite";"Crescente";"Ignorado";"Simples";"Interseção de Vias";"Não";3;0;1;0;2;0;1;2;-4,57950498;-37,8509903;"SPRF-CE";"DEL03-CE";"UOP03-DEL03-CE"
273896;2020-03-07;"sábado";"07:40:00";"PR";373;264,9;"PRUDENTOPOLIS";"Falta de Atenção à Condução";"Colisão traseira";"Com Vítimas Feridas";"Pleno dia";"Decrescente";"Sol";"Simples";"Reta";"Não";3;0;1;1;0;1;2;2;-25,20032302;-50,97393486;"SPRF-PR";"DEL03-PR";"UOP01-DEL03-PR"
273899;2020-03-07;"sábado";"21:10:00";"PR";487;158;"ARARUNA";"Ingestão de Álcool";"Colisão lateral";"Com Vítimas Feridas";"Plena Noite";"Decrescente";"Céu Claro";"Simples";"Declive";"Não";4;0;1;0;1;3;1;5;-23,96695214;-52,57412604;"SPRF-PR";"DEL09-PR";"UOP03-DEL09-PR"
273908;2020-03-07;"sábado";"17:45:00";"BA";101;602;"ITAPEBI";"Velocidade Incompatível";"Colisão frontal";"Com Vítimas Feridas";"Anoitecer";"Decrescente";"Chuva";"Simples";"Curva";"Não";5;0;1;1;2;2;2;4;-15,956136;-39,559367;"SPRF-BA";"DEL05-BA";"UOP02-DEL05-BA"
273912;2020-03-07;"sábado";"22:55:00";"BA";116;352,3;"SERRINHA";"Desobediência às normas de trânsito pelo condutor";"Colisão transversal";"Sem Vítimas";"Plena Noite";"Decrescente";"Céu Claro";"Simples";"Reta";"Não";4;0;0;0;2;2;0;4;-11,60901206;-38,98384646;"SPRF-BA";"DEL02-BA";"UOP01-DEL02-BA"
273913;2020-03-07;"sábado";"14:40:00";"RO";364;496;"ARIQUEMES";"Defeito na Via";"Tombamento";"Sem Vítimas";"Pleno dia";"Decrescente";"Céu Claro";"Simples";"Curva";"Não";3;0;0;0;2;2;0;3;-10,06422899;-62,97402181;"SPRF-RO";"DEL03-RO";"UOP01-DEL03-RO"
273916;2020-03-07;"sábado";"20:20:00";"SC";101;106,8;"PENHA";"Falta de Atenção à Condução";"Colisão com objeto estático";"Com Vítimas Fatais";"Plena Noite";"Crescente";"Nublado";"Dupla";"Curva";"Sim";2;1;0;0;0;1;0;2;-26,82051265;-48,68492603;"SPRF-SC";"DEL03-SC";"UOP02-DEL03-SC"
273921;2020-03-07;"sábado";"17:17:00";"GO";40;9,7;"LUZIANIA";"Desobediência às normas de trânsito pelo condutor";"Colisão traseira";"Sem Vítimas";"Anoitecer";"Decrescente";"Chuva";"Dupla";"Reta";"Não";2;0;0;0;2;0;0;2;-16,131158;-47,957739;"SPRF-DF";"DEL01-DF";"UOP01-DEL01-DF"
273929;2020-03-07;"sábado";"23:20:00";"SC";101;116;"ITAJAI";"Falta de Atenção do Pedestre";"Atropelamento de Pedestre";"Com Vítimas Feridas";"Plena Noite";"Crescente";"Céu Claro";"Dupla";"Reta";"Não";3;0;1;0;1;1;1;3;-26,87905605;-48,72603512;"SPRF-SC";"DEL04-SC";"UOP04-DEL04-SC"
273934;2020-03-07;"sábado";"21:40:00";"MS";163;94;"ITAQUIRAI";"Falta de Atenção à Condução";"Colisão lateral";"Sem Vítimas";"Plena Noite";"Crescente";"Chuva";"Simples";"Reta";"Não";3;0;0;0;2;1;0;2;-23,33432801;-54,21813005;"SPRF-MS";"DEL09-MS";"UOP01-DEL09-MS"
273939;2020-03-08;"domingo";"00:30:00";"PR";373;194,3;"PONTA GROSSA";"Condutor Dormindo";"Saída de leito carroçável";"Com Vítimas Feridas";"Plena Noite";"Decrescente";"Céu Claro";"Simples";"Curva";"Não";2;0;1;0;0;2;1;3;-25,07808481;-50,36582311;"SPRF-PR";"DEL03-PR";"UOP01-DEL03-PR"
273940;2020-03-07;"sábado";"22:54:00";"MG";262;695,6;"ARAXA";"Desobediência às normas de trânsito pelo condutor";"Colisão frontal";"Com Vítimas Fatais";"Plena Noite";"Decrescente";"Chuva";"Simples";"Declive";"Não";3;1;0;0;1;1;0;3;-19,57011717;-47,01525106;"SPRF-MG";"DEL08-MG";"UOP01-DEL08-MG"
273945;2020-03-07;"sábado";"08:00:00";"RS";116;52,4;"VACARIA";"Velocidade Incompatível";"Tombamento";"Com Vítimas Feridas";"Pleno dia";"Decrescente";"Céu Claro";"Simples";"Curva";"Sim";2;0;1;0;0;1;1;2;-28,58229507;-51,02378683;"SPRF-RS";"DEL05-RS";"UOP03-DEL05-RS"
273947;2020-03-07;"sábado";"19:35:00";"SC";116;132,4;"SANTA CECILIA";"Ingestão de Álcool";"Colisão frontal";"Com Vítimas Feridas";"Plena Noite";"Decrescente";"Nublado";"Simples";"Reta;Declive";"Não";2;0;1;0;1;0;1;2;-26,90777447;-50,44120314;"SPRF-SC";"DEL06-SC";"UOP02-DEL06-SC"
273959;2020-03-08;"domingo";"03:40:00";"PR";376;491,1;"PONTA GROSSA";"Ingestão de Álcool";"Saída de leito carroçável";"Com Vítimas Feridas";"Plena Noite";"Crescente";"Céu Claro";"Dupla";"Reta";"Sim";5;0;0;1;2;3;1;5;-25,15163454;-50,14151752;"SPRF-PR";"DEL03-PR";"UOP04-DEL03-PR"
273960;2020-03-08;"domingo";"04:00:00";"SC";101;128,7;"BALNEARIO CAMBORIU";"Falta de Atenção à Condução";"Colisão traseira";"Com Vítimas Feridas";"Plena Noite";"Decrescente";"Chuva";"Dupla";"Curva";"Não";3;0;1;0;2;0;1;2;-26,97284292;-48,68299451;"SPRF-SC";"DEL04-SC";"UOP03-DEL04-SC"
273961;2020-03-08;"domingo";"02:00:00";"AL";424;105;"MARECHAL DEODORO";"Falta de Atenção à Condução";"Tombamento";"Sem Vítimas";"Plena Noite";"Decrescente";"Céu Claro";"Simples";"Reta";"Não";2;0;0;0;1;1;0;2;-9,68581717;-35,82572614;"SPRF-AL";"DEL02-AL";"UOP01-DEL02-AL"
273966;2020-03-08;"domingo";"04:00:00";"RS";392;113,2;"CANGUCU";"Falta de Atenção do Pedestre";"Atropelamento de Pedestre";"Com Vítimas Fatais";"Plena Noite";"Crescente";"Céu Claro";"Simples";"Reta";"Não";2;1;0;0;1;0;0;2;-31,43953295;-52,64988094;"SPRF-RS";"DEL07-RS";"UOP01-DEL07-RS"
273968;2020-03-07;"sábado";"16:40:00";"BA";101;711,2;"EUNAPOLIS";"Pista Escorregadia";"Colisão com objeto estático";"Com Vítimas Feridas";"Plena Noite";"Crescente";"Céu Claro";"Simples";"Reta";"Sim";2;0;2;0;0;0;2;1;-16,32580408;-39,58369807;"SPRF-BA";"DEL09-BA";"UOP01-DEL09-BA"
273969;2020-03-08;"domingo";"01:30:00";"BA";324;577;"SAO SEBASTIAO DO PASSE";"Ingestão de Álcool";"Colisão lateral";"Sem Vítimas";"Plena Noite";"Crescente";"Céu Claro";"Dupla";"Reta";"Não";2;0;0;0;2;0;0;2;-12,59711945;-38,51360321;"SPRF-BA";"DEL01-BA";"UOP01-DEL01-BA"
273979;2020-03-08;"domingo";"05:27:00";"RS";290;121,9;"ELDORADO DO SUL";"Condutor Dormindo";"Colisão frontal";"Com Vítimas Feridas";"Amanhecer";"Crescente";"Céu Claro";"Simples";"Reta";"Não";5;0;4;0;0;1;4;3;-30,051365;-51,418243;"SPRF-RS";"DEL02-RS";"UOP01-DEL02-RS"
273986;2020-03-08;"domingo";"04:50:00";"SE";101;63;"ROSARIO DO CATETE";"Ingestão de Álcool";"Colisão lateral";"Com Vítimas Feridas";"Amanhecer";"Decrescente";"Céu Claro";"Simples";"Reta;Aclive";"Sim";3;0;1;0;1;1;1;3;-10,6919344;-37,04082067;"SPRF-SE";"DEL02-SE";"UOP02-DEL02-SE"
273997;2020-03-08;"domingo";"05:45:00";"GO";153;653,8;"GOIATUBA";"Condutor Dormindo";"Saída de leito carroçável";"Com Vítimas Feridas";"Plena Noite";"Crescente";"Céu Claro";"Dupla";"Declive";"Não";1;0;1;0;0;0;1;1;-17,9926;-49,2601;"SPRF-GO";"DEL03-GO";"UOP01-DEL03-GO"
273998;2020-03-07;"sábado";"08:15:00";"RO";364;514,7;"ARIQUEMES";"Desobediência às normas de trânsito pelo condutor";"Colisão transversal";"Com Vítimas Feridas";"Pleno dia";"Crescente";"Céu Claro";"Dupla";"Reta";"Sim";5;0;1;0;2;4;1;6;-9,93398403;-63,05522959;"SPRF-RO";"DEL03-RO";"UOP01-DEL03-RO"
274000;2020-03-07;"sábado";"14:00:00";"PR";153;136;"VENTANIA";"Velocidade Incompatível";"Tombamento";"Com Vítimas Feridas";"Pleno dia";"Crescente";"Céu Claro";"Simples";"Curva";"Não";3;0;2;0;0;2;2;3;-24,04805819;-50,24742694;"SPRF-PR";"DEL07-PR";"UOP04-DEL07-PR"
274007;2020-03-08;"domingo";"06:10:00";"RS";153;410;"CACHOEIRA DO SUL";"Ingestão de Álcool";"Colisão frontal";"Com Vítimas Feridas";"Pleno dia";"Crescente";"Céu Claro";"Simples";"Reta";"Sim";4;0;1;0;1;3;1;5;-30,04929643;-52,90912628;"SPRF-RS";"DEL02-RS";"UOP02-DEL02-RS"
274013;2020-03-08;"domingo";"08:00:00";"GO";158;269,8;"JATAI";"Falta de Atenção à Condução";"Colisão com objeto estático";"Sem Vítimas";"Pleno dia";"Decrescente";"Céu Claro";"Simples";"Rotatória";"Sim";3;0;0;0;2;1;0;2;-17,85473041;-51,73125121;"SPRF-GO";"DEL05-GO";"UOP01-DEL05-GO"
274022;2020-03-08;"domingo";"08:50:00";"MT";163;785,8;"SORRISO";"Desobediência às normas de trânsito pelo condutor";"Colisão lateral";"Com Vítimas Feridas";"Pleno dia";"Crescente";"Céu Claro";"Simples";"Reta";"Não";8;0;5;1;1;3;6;6;-12,29154321;-55,56552748;"SPRF-MT";"DEL06-MT";"UOP01-DEL06-MT"