"id";"data_inversa";"dia_semana";"horario";"uf";"br";"km";"municipio";"causa_acidente";"tipo_acidente";"classificacao_acidente";"fase_dia";"sentido_via";"condicao_metereologica";"tipo_pista";"tracado_via";"uso_solo";"pessoas";"mortos";"feridos_leves";"feridos_graves";"ilesos";"ignorados";"feridos";"veiculos";"latitude";"longitude";"regional";"delegacia";"uop"
274024;2020-03-08;"domingo";"09:50:00";"SE";235;28;"AREIA BRANCA";"Falta de Atenção à Condução";"Colisão lateral";"Com Vítimas Feridas";"Pleno dia";"Crescente";"Sol";"Simples";"Curva";"Não";2;0;0;1;1;0;1;2;-10,79339;-37,278835;"SPRF-SE";"DEL01-SE";"UOP02-DEL01-SE"
274033;2020-03-08;"domingo";"10:30:00";"MG";381;521;"BRUMADINHO";"Falta de Atenção à Condução";"Queda de ocupante de veículo";"Com Vítimas Feridas";"Pleno dia";"Decrescente";"Céu Claro";"Múltipla";"Curva";"Sim";4;0;1;1;1;1;2;4;-20,13846621;-44,31715274;"SPRF-MG";"DEL04-MG";"UOP03-DEL04-MG"
274034;2020-03-05;"quinta-feira";"06:20:00";"SC";280;150;"MAFRA";"Defeito Mecânico no Veículo";"Derramamento de carga";"Sem Vítimas";"Amanhecer";"Decrescente";"Céu Claro";"Simples";"Reta";"Não";2;0;0;0;1;2;0;3;-26,23706881;-49,68352318;"SPRF-SC";"DEL06-SC";"UOP03-DEL06-SC"
274040;2020-03-08;"domingo";"12:55:00";"SP";153;51,5;"SAO JOSE DO RIO PRETO";"Desobediência às normas de trânsito pelo condutor";"Colisão frontal";"Com Vítimas Feridas";"Pleno dia";"Decrescente";"Céu Claro";"Simples";"Reta";"Não";2;0;0;1;1;0;1;2;-20,71801801;-49,33874223;"SPRF-SP";"DEL09-SP";"UOP01-DEL09-SP"
274052;2020-03-08;"domingo";"13:20:00";"SC";153;59,6;"IRANI";"Desobediência às normas de trânsito pelo condutor";"Colisão transversal";"Com Vítimas Feridas";"Pleno dia";"Crescente";"Céu Claro";"Simples";"Rotatória";"Não";3;0;1;0;1;1;1;3;-26,96950769;-51,85443878;"SPRF-SC";"DEL07-SC";"UOP04-DEL07-SC"
274053;2020-03-08;"domingo";"14:10:00";"PE";428;188;"PETROLINA";"Falta de Atenção à Condução";"Colisão lateral";"Com Vítimas Feridas";"Pleno dia";"Crescente";"Céu Claro";"Dupla";"Reta";"Sim";2;0;0;1;1;0;1;2;-9,36400596;-40,48266808;"SPRF-PE";"DEL06-PE";"UOP01-DEL06-PE"
274069;2020-03-08;"domingo";"14:20:00";"MT";364;94,3;"ALTO GARCAS";"Não guardar distância de segurança";"Colisão traseira";"Com Vítimas Feridas";"Pleno dia";"Decrescente";"Sol";"Simples";"Reta";"Não";7;0;3;0;3;2;3;5;-16,85952659;-53,74882793;"SPRF-MT";"DEL02-MT";"UOP02-DEL02-MT"
274081;2020-03-08;"domingo";"16:20:00";"SP";153;167,1;"PROMISSAO";"Não guardar distância de segurança";"Colisão traseira";"Com Vítimas Feridas";"Pleno dia";"Decrescente";"Céu Claro";"Simples";"Aclive";"Não";2;0;1;0;1;0;1;2;-21,57026902;-49,78358452;"SPRF-SP";"DEL07-SP";"UOP01-DEL07-SP"
274085;2020-03-08;"domingo";"17:00:00";"MG";381;851,4;"POUSO ALEGRE";"Condutor Dormindo";"Colisão com objeto estático";"Com Vítimas Fatais";"Pleno dia";"Crescente";"Céu Claro";"Dupla";"Reta";"Não";3;1;0;0;1;2;0;4;-22,2482775;-45,88592383;"SPRF-MG";"DEL16-MG";"UOP01-DEL16-MG"
274091;2020-03-08;"domingo";"12:00:00";"MT";174;501;"COMODORO";"Falta de Atenção à Condução";"Colisão transversal";"Com Vítimas Feridas";"Pleno dia";"Crescente";"Céu Claro";"Simples";"Reta";"Não";3;0;0;1;1;1;1;3;-13,52998702;-59,83117607;"SPRF-MT";"DEL04-MT";"UOP01-DEL04-MT"
274093;2020-03-08;"domingo";"16:00:00";"RS";153;18,2;"SEVERIANO DE ALMEIDA";"Falta de Atenção à Condução";"Colisão lateral";"Com Vítimas Feridas";"Pleno dia";"Decrescente";"Céu Claro";"Simples";"Reta";"Não";3;0;1;0;1;3;1;5;-27,457563;-52,088527;"SPRF-RS";"DEL08-RS";"UOP04-DEL08-RS"
274099;2020-03-08;"domingo";"18:15:00";"MG";381;500;"BETIM";"Desobediência às normas de trânsito pelo condutor";"Colisão lateral";"Sem Vítimas";"Anoitecer";"Crescente";"Céu Claro";"Dupla";"Reta";"Sim";2;0;0;0;2;0;0;2;-20,02513493;-44,23112709;"SPRF-MG";"DEL01-MG";"UOP03-DEL01-MG"
274107;2020-03-08;"domingo";"15:20:00";"GO";364;68;"CACHOEIRA ALTA";"Carga excessiva e/ou mal acondicionada";"Tombamento";"Sem Vítimas";"Pleno dia";"Decrescente";"Céu Claro";"Simples";"Reta";"Não";2;0;0;0;1;3;0;4;-18,670822;-50,988216;"SPRF-GO";"DEL05-GO";"UOP02-DEL05-GO"
274115;2020-03-08;"domingo";"19:00:00";"MG";262;189,2;"SAO DOMINGOS DO PRATA";"Ultrapassagem Indevida";"Colisão frontal";"Com Vítimas Fatais";"Plena Noite";"Crescente";"Céu Claro";"Simples";"Curva";"Não";12;1;3;0;5;3;3;6;-19,88387418;-43,05931001;"SPRF-MG";"DEL03-MG";"UOP01-DEL03-MG"
274119;2020-03-08;"domingo";"19:10:00";"TO";153;659,1;"GURUPI";"Defeito na Via";"Saída de leito carroçável";"Com Vítimas Feridas";"Plena Noite";"Crescente";"Chuva";"Simples";"Reta;Declive";"Não";2;0;1;0;0;1;1;2;-11,61367288;-49,04469534;"SPRF-TO";"DEL01-TO";"UOP02-DEL01-TO"
274121;2020-03-08;"domingo";"18:55:00";"PR";116;26;"CAMPINA GRANDE DO SUL";"Defeito Mecânico no Veículo";"Colisão com objeto estático";"Com Vítimas Feridas";"Plena Noite";"Decrescente";"Nublado";"Dupla";"Curva";"Não";2;0;1;0;0;1;1;2;-25,10683694;-48,785333;"SPRF-PR";"DEL01-PR";"UOP02-DEL01-PR"
274122;2020-03-08;"domingo";"19:00:00";"MG";381;500;"BETIM";"Defeito Mecânico no Veículo";"Colisão traseira";"Com Vítimas Feridas";"Plena Noite";"Crescente";"Céu Claro";"Dupla";"Reta";"Não";7;0;2;0;5;0;2;4;-20,02513493;-44,23112709;"SPRF-MG";"DEL01-MG";"UOP03-DEL01-MG"
274126;2020-03-08;"domingo";"19:50:00";"PR";376;189;"MARIALVA";"Falta de Atenção à Condução";"Colisão transversal";"Com Vítimas Feridas";"Plena Noite";"Crescente";"Céu Claro";"Dupla";"Retorno Regulamentado";"Sim";4;0;0;2;1;1;2;3;-23,46733151;-51,82668328;"SPRF-PR";"DEL09-PR";"UOP01-DEL09-PR"
274128;2020-03-08;"domingo";"19:40:00";"SE";235;37;"AREIA BRANCA";"Desobediência às normas de trânsito pelo condutor";"Colisão frontal";"Com Vítimas Feridas";"Plena Noite";"Crescente";"Céu Claro";"Simples";"Curva";"Não";2;0;1;0;1;0;1;2;-10,769654;-37,337318;"SPRF-SE";"DEL01-SE";"UOP02-DEL01-SE"
274133;2020-03-08;"domingo";"19:55:00";"BA";410;7;"RIBEIRA DO POMBAL";"Deficiência ou não Acionamento do Sistema de Iluminação/Sinalização do Veículo";"Saída de leito carroçável";"Com Vítimas Feridas";"Plena Noite";"Decrescente";"Céu Claro";"Simples";"Reta";"Não";3;0;2;0;0;1;2;2;-10,8437301;-38,57591894;"SPRF-BA";"DEL07-BA";"UOP02-DEL07-BA"
274137;2020-03-08;"domingo";"20:20:00";"PR";277;647,5;"CEU AZUL";"Ultrapassagem Indevida";"Colisão frontal";"Com Vítimas Fatais";"Plena Noite";"Crescente";"Céu Claro";"Simples";"Reta";"Não";5;1;0;0;1;3;0;4;-25,17489911;-53,91380604;"SPRF-PR";"DEL05-PR";"UOP02-DEL05-PR"
274139;2020-03-08;"domingo";"18:40:00";"MG";381;0,4;"BETIM";"Velocidade Incompatível";"Colisão traseira";"Com Vítimas Feridas";"Plena Noite";"Decrescente";"Céu Claro";"Dupla";"Reta;Aclive";"Não";3;0;1;0;1;1;1;3;-19,96825;-44,198708;"SPRF-MG";"DEL01-MG";"UOP03-DEL01-MG"
274140;2020-03-08;"domingo";"19:20:00";"MG";40;624,5;"CONSELHEIRO LAFAIETE";"Falta de Atenção à Condução";"Saída de leito carroçável";"Com Vítimas Feridas";"Plena Noite";"Decrescente";"Nublado";"Simples";"Reta";"Não";2;0;1;0;1;0;1;1;-20,61105611;-43,80635422;"SPRF-MG";"DEL05-MG";"UOP02-DEL05-MG"
274143;2020-03-08;"domingo";"17:20:00";"SC";116;22,1;"ITAIOPOLIS";"Desobediência às normas de trânsito pelo condutor";"Colisão frontal";"Com Vítimas Fatais";"Anoitecer";"Decrescente";"Céu Claro";"Simples";"Declive;Reta";"Não";2;1;0;1;0;0;1;2;-26,259672;-49,913144;"SPRF-SC";"DEL06-SC";"UOP01-DEL06-SC"
274144;2020-03-08;"domingo";"17:20:00";"SC";116;8,4;"MAFRA";"Desobediência às normas de trânsito pelo condutor";"Colisão frontal";"Com Vítimas Fatais";"Pleno dia";"Crescente";"Céu Claro";"Simples";"Reta;Aclive";"Sim";5;1;0;1;2;2;1;5;-26,159908;-49,842439;"SPRF-SC";"DEL06-SC";"UOP01-DEL06-SC"
274152;2020-03-08;"domingo";"21:15:00";"GO";452;151,3;"ITUMBIARA";"Desobediência às normas de trânsito pelo condutor";"Colisão frontal";"Com Vítimas Fatais";"Plena Noite";"Crescente";"Céu Claro";"Simples";"Curva";"Não";3;1;0;0;1;1;0;3;-18,30181487;-49,57931902;"SPRF-GO";"DEL03-GO";"UOP02-DEL03-GO"
274155;2020-02-22;"sábado";"02:50:00";"MG";365;665;"MONTE ALEGRE DE MINAS";"Condutor Dormindo";"Capotamento";"Com Vítimas Feridas";"Plena Noite";"Crescente";"Garoa/Chuvisco";"Dupla";"Reta";"Não";1;0;1;0;0;0;1;1;-18,89197446;-48,68891308;"SPRF-MG";"DEL15-MG";"UOP01-DEL15-MG"
274159;2020-03-08;"domingo";"21:30:00";"MG";153;244;"FRONTEIRA";"Falta de Atenção à Condução";"Colisão traseira";"Sem Vítimas";"Plena Noite";"Decrescente";"Céu Claro";"Simples";"Reta";"Não";2;0;0;0;2;0;0;2;-20,27397451;-49,18858789;"SPRF-MG";"DEL13-MG";"UOP02-DEL13-MG"
274167;2020-03-08;"domingo";"22:00:00";"RJ";101;288;"ITABORAI";"Condutor Dormindo";"Colisão traseira";"Com Vítimas Feridas";"Plena Noite";"Decrescente";"Céu Claro";"Dupla";"Reta";"Não";3;0;1;1;1;0;2;2;-22,75933747;-42,84321275;"SPRF-RJ";"DEL02-RJ";"UOP03-DEL02-RJ"
274171;2020-03-08;"domingo";"09:54:00";"RO";364;391;"OURO PRETO DO OESTE";"Defeito Mecânico no Veículo";"Colisão com objeto estático";"Sem Vítimas";"Pleno dia";"Crescente";"Céu Claro";"Simples";"Declive";"Não";2;0;0;0;1;2;0;3;-10,66607588;-62,29120385;"SPRF-RO";"DEL03-RO";"UOP02-DEL03-RO"
274191;2020-03-09;"segunda-feira";"00:10:00";"MG";262;678,9;"ARAXA";"Ingestão de Álcool";"Saída de leito carroçável";"Com Vítimas Feridas";"Plena Noite";"Crescente";"Nublado";"Dupla";"Interseção de Vias";"Não";2;0;0;1;0;2;1;3;-19,55318837;-46,8926096;"SPRF-MG";"DEL08-MG";"UOP01-DEL08-MG"
274194;2020-03-09;"segunda-feira";"00:45:00";"PR";277;330,8;"GUARAPUAVA";"Velocidade Incompatível";"Saída de leito carroçável";"Com Vítimas Fatais";"Plena Noite";"Decrescente";"Céu Claro";"Simples";"Curva;Declive";"Sim";2;1;0;0;0;2;0;3;-25,35260689;-51,3656134;"SPRF-PR";"DEL08-PR";"UOP01-DEL08-PR"
274202;2020-03-09;"segunda-feira";"00:40:00";"BA";116;875,2;"VITORIA DA CONQUISTA";"Não guardar distância de segurança";"Colisão traseira";"Com Vítimas Feridas";"Plena Noite";"Decrescente";"Garoa/Chuvisco";"Simples";"Reta;Declive";"Não";4;0;2;0;1;1;2;3;-15,246869;-41,109726;"SPRF-BA";"DEL08-BA";"UOP03-DEL08-BA"
274208;2020-03-09;"segunda-feira";"02:00:00";"RS";386;13,1;"FREDERICO WESTPHALEN";"Condutor Dormindo";"Saída de leito carroçável";"Com Vítimas Feridas";"Plena Noite";"Crescente";"Céu Claro";"Simples";"Curva";"Não";1;0;1;0;0;0;1;1;-27,224037;-53,328167;"SPRF-RS";"DEL08-RS";"UOP02-DEL08-RS"
274211;2020-02-22;"sábado";"04:45:00";"SC";158;131,1;"CAIBI";"Condutor Dormindo";"Colisão frontal";"Com Vítimas Feridas";"Plena Noite";"Crescente";"Céu Claro";"Simples";"Curva";"Não";7;0;1;3;3;0;4;2;-27,04934912;-53,22965137;"SPRF-SC";"DEL07-SC";"UOP02-DEL07-SC"
274214;2020-03-09;"segunda-feira";"06:30:00";"MG";40;524;"CONTAGEM";"Não guardar distância de segurança";"Colisão traseira";"Com Vítimas Feridas";"Pleno dia";"Crescente";"Céu Claro";"Dupla";"Reta";"Sim";3;0;1;1;1;0;2;2;-19,8754469;-44,05345586;"SPRF-MG";"DEL01-MG";"UOP02-DEL01-MG"
274219;2020-03-09;"segunda-feira";"05:50:00";"SC";282;442,1;"PONTE SERRADA";"Defeito Mecânico no Veículo";"Colisão com objeto estático";"Com Vítimas Fatais";"Amanhecer";"Decrescente";"Céu Claro";"Simples";"Ponte";"Não";2;1;1;0;0;0;1;1;-26,92963;-51,87466;"SPRF-SC";"DEL07-SC";"UOP04-DEL07-SC"
274223;2020-03-09;"segunda-feira";"07:00:00";"GO";40;16;"LUZIANIA";"Desobediência às normas de trânsito pelo condutor";"Tombamento";"Com Vítimas Feridas";"Pleno dia";"Decrescente";"Céu Claro";"Dupla";"Reta";"Sim";1;0;1;0;0;0;1;1;-16,1671;-47,930161;"SPRF-DF";"DEL01-DF";"UOP01-DEL01-DF"
274233;2020-03-09;"segunda-feira";"00:30:00";"SC";101;18;"JOINVILLE";"Velocidade Incompatível";"Colisão com objeto estático";"Sem Vítimas";"Plena Noite";"Decrescente";"Céu Claro";"Dupla";"Curva";"Não";4;0;0;0;3;3;0;6;-26,128553;-48,888776;"SPRF-SC";"DEL03-SC";"UOP01-DEL03-SC"
274235;2020-03-08;"domingo";"17:45:00";"PR";476;209,8;"LAPA";"Falta de Atenção à Condução";"Tombamento";"Com Vítimas Feridas";"Anoitecer";"Decrescente";"Céu Claro";"Simples";"Curva";"Não";1;0;1;0;0;0;1;1;-25,7847443;-49,8449707;"SPRF-PR";"DEL02-PR";"UOP04-DEL02-PR"
274237;2020-03-09;"segunda-feira";"08:10:00";"CE";116;3;"FORTALEZA";"Não guardar distância de segurança";"Engavetamento";"Com Vítimas Feridas";"Pleno dia";"Decrescente";"Chuva";"Dupla";"Reta";"Não";3;0;1;0;2;0;1;3;-3,77866493;-38,51490171;"SPRF-CE";"DEL01-CE";"UOP02-DEL01-CE"
274240;2020-03-09;"segunda-feira";"07:50:00";"CE";116;152,1;"RUSSAS";"Defeito na Via";"Colisão lateral";"Com Vítimas Feridas";"Pleno dia";"Crescente";"Céu Claro";"Simples";"Aclive";"Não";3;0;0;1;2;0;1;3;-4,8537159;-38,03846484;"SPRF-CE";"DEL03-CE";"UOP01-DEL03-CE"
274244;2020-03-09;"segunda-feira";"07:50:00";"MG";365;620,5;"UBERLANDIA";"Falta de Atenção à Condução";"Engavetamento";"Com Vítimas Feridas";"Pleno dia";"Decrescente";"Céu Claro";"Dupla";"Reta";"Sim";4;0;1;0;3;0;1;3;-18,88635068;-48,26725245;"SPRF-MG";"DEL15-MG";"UOP01-DEL15-MG"
274252;2020-03-09;"segunda-feira";"09:00:00";"CE";116;14;"FORTALEZA";"Desobediência às normas de trânsito pelo condutor";"Colisão lateral";"Com Vítimas Feridas";"Pleno dia";"Decrescente";"Céu Claro";"Dupla";"Reta";"Não";2;0;1;0;1;0;1;2;-3,86973356;-38,49827361;"SPRF-CE";"DEL01-CE";"UOP02-DEL01-CE"
274255;2020-03-08;"domingo";"14:20:00";"MG";381;671,5;"PERDOES";"Velocidade Incompatível";"Saída de leito carroçável";"Com Vítimas Feridas";"Pleno dia";"Crescente";"Chuva";"Dupla";"Declive;Curva";"Não";3;0;1;0;1;1;1;3;-21,08945416;-45,06864195;"SPRF-MG";"DEL04-MG";"UOP02-DEL04-MG"
274260;2020-03-09;"segunda-feira";"02:00:00";"GO";153;146,3;"CAMPINORTE";"Defeito na Via";"Saída de leito carroçável";"Com Vítimas Feridas";"Plena Noite";"Crescente";"Céu Claro";"Simples";"Reta";"Não";2;0;1;0;0;1;1;2;-14,047273;-49,088928;"SPRF-GO";"DEL07-GO";"UOP01-DEL07-GO"
274261;2020-03-09;"segunda-feira";"09:25:00";"PI";316;315,1;"PICOS";"Defeito Mecânico no Veículo";"Colisão traseira";"Com Vítimas Feridas";"Pleno dia";"Crescente";"Sol";"Simples";"Reta";"Sim";3;0;1;1;1;0;2;2;-7,079619;-41,431842;"SPRF-PI";"DEL04-PI";"UOP01-DEL04-PI"
274265;2020-03-09;"segunda-feira";"08:00:00";"PA";10;317;"IRITUIA";"Falta de Atenção do Pedestre";"Atropelamento de Pedestre";"Com Vítimas Fatais";"Pleno dia";"Crescente";"Céu Claro";"Simples";"Reta";"Não";2;1;0;0;0;1;0;2;-1,65914611;-47,49362371;"SPRF-PA";"DEL01-PA";"UOP02-DEL01-PA"
274267;2020-03-09;"segunda-feira";"08:20:00";"PR";376;303;"MAUA DA SERRA";"Desobediência às normas de trânsito pelo condutor";"Saída de leito carroçável";"Com Vítimas Feridas";"Pleno dia";"Crescente";"Céu Claro";"Dupla";"Reta";"Não";2;0;1;0;1;0;1;1;-23,94940698;-51,11940888;"SPRF-PR";"DEL07-PR";"UOP02-DEL07-PR"
274270;2020-03-09;"segunda-feira";"07:00:00";"MG";262;369;"JUATUBA";"Velocidade Incompatível";"Tombamento";"Sem Vítimas";"Pleno dia";"Crescente";"Sol";"Múltipla";"Viaduto";"Sim";2;0;0;0;1;1;0;2;-19,95818245;-44,33979034;"SPRF-MG";"DEL01-MG";"UOP03-DEL01-MG"
274275;2020-03-09;"segunda-feira";"09:50:00";"CE";222;3,2;"FORTALEZA";"Defeito na Via";"Tombamento";"Com Vítimas Fatais";"Pleno dia";"Decrescente";"Nublado";"Múltipla";"Reta";"Sim";2;1;0;0;1;0;0;2;-3,7405;-38,59678;"SPRF-CE";"DEL01-CE";"UOP01-DEL01-CE"
274276;2020-03-09;"segunda-feira";"11:20:00";"RJ";101;295;"ITABORAI";"Falta de Atenção à Condução";"Saída de leito carroçável";"Com Vítimas Feridas";"Pleno dia";"Decrescente";"Sol";"Dupla";"Reta";"Sim";1;0;1;0;0;0;1;1;-22,76365068;-42,90223623;"SPRF-RJ";"DEL02-RJ";"UOP03-DEL02-RJ"
274285;2020-03-09;"segunda-feira";"07:30:00";"MT";174;414;"NOVA LACERDA";"Defeito Mecânico no Veículo";"Incêndio";"Sem Vítimas";"Pleno dia";"Decrescente";"Céu Claro";"Simples";"Curva";"Não";2;0;0;0;1;1;0;2;-14,279269;-59,68338703;"SPRF-MT";"DEL04-MT";"UOP01-DEL04-MT"
274287;2020-03-09;"segunda-feira";"11:30:00";"SC";282;370;"ERVAL VELHO";"Falta de Atenção à Condução";"Colisão transversal";"Com Vítimas Feridas";"Pleno dia";"Crescente";"Céu Claro";"Simples";"Rotatória";"Sim";2;0;1;0;1;0;1;2;-27,268663;-51,443768;"SPRF-SC";"DEL07-SC";"UOP05-DEL07-SC"
274288;2020-03-09;"segunda-feira";"12:45:00";"RS";116;232;"NOVO HAMBURGO";"Falta de Atenção à Condução";"Colisão lateral";"Com Vítimas Feridas";"Pleno dia";"Decrescente";"Céu Claro";"Simples";"Curva";"Não";2;0;1;0;1;0;1;2;-29,63300002;-51,14325106;"SPRF-RS";"DEL01-RS";"UOP02-DEL01-RS"
274289;2020-03-09;"segunda-feira";"12:50:00";"RS";293;3;"PELOTAS";"Ultrapassagem Indevida";"Colisão lateral";"Com Vítimas Feridas";"Pleno dia";"Crescente";"Sol";"Simples";"Aclive;Rotatória";"Sim";3;0;1;0;1;1;1;3;-31,74064113;-52,36443631;"SPRF-RS";"DEL07-RS";"UOP01-DEL07-RS"
274294;2020-03-09;"segunda-feira";"13:10:00";"BA";324;1;"FEIRA DE SANTANA";"Não guardar distância de segurança";"Colisão traseira";"Sem Vítimas";"Pleno dia";"Decrescente";"Sol";"Dupla";"Reta";"Sim";4;0;0;0;3;2;0;5;-12,267113;-38,966988;"SPRF-BA";"DEL02-BA";"UOP01-DEL02-BA"
274298;2020-03-09;"segunda-feira";"11:30:00";"BA";116;859;"VITORIA DA CONQUISTA";"Ultrapassagem Indevida";"Colisão lateral";"Com Vítimas Feridas";"Pleno dia";"Crescente";"Nublado";"Simples";"Reta";"Não";5;0;0;1;2;2;1;4;-15,121924;-41,033571;"SPRF-BA";"DEL08-BA";"UOP03-DEL08-BA"
274314;2020-03-09;"segunda-feira";"14:30:00";"MG";381;835,9;"SAO SEBASTIAO DA BELA VISTA";"Condutor Dormindo";"Colisão traseira";"Com Vítimas Feridas";"Pleno dia";"Decrescente";"Céu Claro";"Dupla";"Reta";"Não";4;0;1;0;2;2;1;4;-22,17094703;-45,83750295;"SPRF-MG";"DEL16-MG";"UOP01-DEL16-MG"
274320;2020-03-09;"segunda-feira";"14:20:00";"SC";470;147,7;"RIO DO SUL";"Falta de Atenção à Condução";"Colisão lateral";"Sem Vítimas";"Pleno dia";"Crescente";"Sol";"Simples";"Ponte";"Sim";2;0;0;0;2;0;0;2;-27,243439;-49,690025;"SPRF-SC";"DEL04-SC";"UOP02-DEL04-SC"
274322;2020-03-09;"segunda-feira";"12:10:00";"MG";354;748;"ITANHANDU";"Velocidade Incompatível";"Saída de leito carroçável";"Com Vítimas Fatais";"Pleno dia";"Decrescente";"Sol";"Simples";"Curva";"Não";1;1;0;0;0;0;0;1;-22,26374472;-44,89067792;"SPRF-MG";"DEL17-MG";"UOP01-DEL17-MG"
274325;2020-03-09;"segunda-feira";"13:35:00";"MG";381;392;"BARAO DE COCAIS";"Falta de Atenção à Condução";"Tombamento";"Com Vítimas Feridas";"Pleno dia";"Decrescente";"Céu Claro";"Dupla";"Curva";"Não";4;0;0;3;0;1;3;2;-19,76614595;-43,45877192;"SPRF-MG";"DEL01-MG";"UOP01-DEL01-MG"
274327;2020-03-09;"segunda-feira";"16:30:00";"PB";230;405,7;"POMBAL";"Desobediência às normas de trânsito pelo condutor";"Colisão lateral";"Com Vítimas Feridas";"Anoitecer";"Crescente";"Céu Claro";"Simples";"Reta";"Sim";2;0;0;1;1;0;1;2;-6,7888;-37,7923;"SPRF-PB";"DEL03-PB";"UOP02-DEL03-PB"
274335;2020-03-09;"segunda-feira";"16:35:00";"PR";373;190,2;"PONTA GROSSA";"Desobediência às normas de trânsito pelo condutor";"Colisão lateral";"Com Vítimas Feridas";"Pleno dia";"Decrescente";"Céu Claro";"Simples";"Reta";"Não";5;0;0;2;3;0;2;5;-25,05532599;-50,338175;"SPRF-PR";"DEL03-PR";"UOP01-DEL03-PR"
274348;2020-03-09;"segunda-feira";"09:40:00";"MT";364;618;"DIAMANTINO";"Falta de Atenção à Condução";"Colisão lateral";"Com Vítimas Feridas";"Pleno dia";"Crescente";"Céu Claro";"Simples";"Reta";"Sim";3;0;2;0;0;3;2;5;-14,36203602;-56,40421093;"SPRF-MT";"DEL01-MT";"UOP01-DEL01-MT"
274352;2020-03-09;"segunda-feira";"17:25:00";"RN";304;300,8;"MACAIBA";"Falta de Atenção à Condução";"Colisão lateral";"Sem Vítimas";"Anoitecer";"Crescente";"Céu Claro";"Dupla";"Reta";"Não";5;0;0;0;4;1;0;3;-5,8737673;-35,3150361;"SPRF-RN";"DEL01-RN";"UOP02-DEL01-RN"
274368;2020-03-09;"segunda-feira";"18:35:00";"PB";101;109;"ALHANDRA";"Não guardar distância de segurança";"Saída de leito carroçável";"Com Vítimas Feridas";"Plena Noite";"Decrescente";"Céu Claro";"Múltipla";"Reta";"Sim";2;0;0;1;0;1;1;2;-7,34361299;-34,94797909;"SPRF-PB";"DEL01-PB";"UOP01-DEL01-PB"
274371;2020-03-09;"segunda-feira";"19:40:00";"SC";101;112,3;"ITAJAI";"Falta de Atenção do Pedestre";"Atropelamento de Pedestre";"Com Vítimas Fatais";"Plena Noite";"Decrescente";"Céu Claro";"Dupla";"Reta";"Não";3;1;0;0;2;0;0;3;-26,84589005;-48,72131295;"SPRF-SC";"DEL04-SC";"UOP04-DEL04-SC"
274375;2020-03-09;"segunda-feira";"19:15:00";"PE";316;82;"OURICURI";"Falta de Atenção do Pedestre";"Atropelamento de Pedestre";"Com Vítimas Feridas";"Plena Noite";"Crescente";"Céu Claro";"Simples";"Reta";"Não";2;0;0;1;0;1;1;2;-7,8712915;-40,09366321;"SPRF-PE";"DEL05-PE";"UOP02-DEL05-PE"
274382;2020-03-09;"segunda-feira";"14:50:00";"SC";282;516,4;"XAXIM";"Falta de Atenção à Condução";"Saída de leito carroçável";"Com Vítimas Feridas";"Pleno dia";"Decrescente";"Sol";"Simples";"Reta";"Não";2;0;1;0;0;1;1;2;-26,930862;-52,499157;"SPRF-SC";"DEL07-SC";"UOP01-DEL07-SC"
274386;2020-03-09;"segunda-feira";"19:55:00";"RN";101;78,6;"NATAL";"Desobediência às normas de trânsito pelo condutor";"Colisão transversal";"Sem Vítimas";"Plena Noite";"Decrescente";"Céu Claro";"Dupla";"Retorno Regulamentado";"Sim";2;0;0;0;1;1;0;2;-5,74568251;-35,28968546;"SPRF-RN";"DEL02-RN";"UOP01-DEL02-RN"
274389;2020-03-09;"segunda-feira";"18:50:00";"MG";40;522;"RIBEIRAO DAS NEVES";"Não guardar distância de segurança";"Colisão traseira";"Com Vítimas Feridas";"Plena Noite";"Decrescente";"Chuva";"Dupla";"Reta";"Não";8;0;5;0;3;0;5;4;-19,8638731;-44,06749809;"SPRF-MG";"DEL01-MG";"UOP02-DEL01-MG"
274400;2020-03-09;"segunda-feira";"08:20:00";"TO";153;399;"RIO DOS BOIS";"Ingestão de Álcool";"Tombamento";"Sem Vítimas";"Pleno dia";"Decrescente";"Sol";"Simples";"Curva";"Não";2;0;0;0;1;2;0;3;-9,40170108;-48,56607088;"SPRF-TO";"DEL02-TO";"UOP02-DEL02-TO"
274401;2020-03-09;"segunda-feira";"11:00:00";"MG";365;547;"ROMARIA";"Falta de Atenção à Condução";"Tombamento";"Sem Vítimas";"Pleno dia";"Crescente";"Sol";"Simples";"Reta";"Não";1;0;0;0;1;0;0;1;-18,93043768;-47,65700094;"SPRF-MG";"DEL10-MG";"UOP01-DEL10-MG"
274404;2020-03-10;"terça-feira";"03:10:00";"SP";116;218;"GUARULHOS";"Condutor Dormindo";"Colisão traseira";"Com Vítimas Feridas";"Amanhecer";"Decrescente";"Céu Claro";"Múltipla";"Reta";"Sim";2;0;1;0;1;0;1;2;-23,457972;-46,479927;"SPRF-SP";"DEL01-SP";"UOP01-DEL01-SP"
274405;2020-03-10;"terça-feira";"02:50:00";"SC";153;105,5;"CONCORDIA";"Falta de Atenção à Condução";"Tombamento";"Com Vítimas Feridas";"Plena Noite";"Decrescente";"Céu Claro";"Simples";"Curva";"Não";1;0;1;0;0;0;1;1;-27,2819;-51,969429;"SPRF-SC";"DEL07-SC";"UOP04-DEL07-SC"