"id";"data_inversa";"dia_semana";"horario";"uf";"br";"km";"municipio";"causa_acidente";"tipo_acidente";"classificacao_acidente";"fase_dia";"sentido_via";"condicao_metereologica";"tipo_pista";"tracado_via";"uso_solo";"pessoas";"mortos";"feridos_leves";"feridos_graves";"ilesos";"ignorados";"feridos";"veiculos";"latitude";"longitude";"regional";"delegacia";"uop"
274709;2020-03-11;"quarta-feira";"06:30:00";"ES";262;34,9;"DOMINGOS MARTINS";"Defeito Mecânico no Veículo";"Saída de leito carroçável";"Com Vítimas Feridas";"Pleno dia";"Decrescente";"Céu Claro";"Simples";"Curva";"Não";1;0;0;1;0;0;1;1;-20,37309781;-40,5917608;"SPRF-ES";"DEL01-ES";"UOP01-DEL01-ES"
274718;2020-03-11;"quarta-feira";"13:50:00";"PE";101;80;"JABOATAO DOS GUARARAPES";"Falta de Atenção à Condução";"Colisão lateral";"Sem Vítimas";"Pleno dia";"Decrescente";"Céu Claro";"Dupla";"Retorno Regulamentado";"Sim";2;0;0;0;2;0;0;2;-8,15112589;-34,9428866;"SPRF-PE";"DEL01-PE";"UOP03-DEL01-PE"
274722;2020-01-27;"segunda-feira";"11:20:00";"RS";285;294,7;"PASSO FUNDO";"Desobediência às normas de trânsito pelo condutor";"Colisão transversal";"Com Vítimas Feridas";"Pleno dia";"Crescente";"Garoa/Chuvisco";"Simples";"Rotatória";"Não";3;0;1;0;2;0;1;2;-28,234547;-52,384975;"SPRF-RS";"DEL08-RS";"UOP03-DEL08-RS"
274723;2020-02-24;"segunda-feira";"19:08:00";"MS";163;24;"MUNDO NOVO";"Não guardar distância de segurança";"Queda de ocupante de veículo";"Com Vítimas Fatais";"Plena Noite";"Crescente";"Nublado";"Simples";"Reta";"Não";6;1;3;0;0;4;3;7;-23,892531;-54,311207;"SPRF-MS";"DEL09-MS";"UOP02-DEL09-MS"
274724;2020-03-11;"quarta-feira";"14:00:00";"PR";277;479,3;"NOVA LARANJEIRAS";"Falta de Atenção à Condução";"Colisão lateral";"Com Vítimas Feridas";"Pleno dia";"Decrescente";"Céu Claro";"Simples";"Curva";"Não";3;0;1;0;1;2;1;4;-25,29255019;-52,57590515;"SPRF-PR";"DEL04-PR";"UOP02-DEL04-PR"
274725;2020-03-02;"segunda-feira";"15:35:00";"MT";70;509,9;"CUIABA";"Não guardar distância de segurança";"Colisão traseira";"Com Vítimas Feridas";"Pleno dia";"Decrescente";"Céu Claro";"Simples";"Curva";"Não";3;0;1;0;1;4;1;6;-15,693117;-56,097623;"SPRF-MT";"DEL01-MT";"UOP02-DEL01-MT"
274726;2020-02-15;"sábado";"01:45:00";"MS";158;309;"TRES LAGOAS";"Defeito Mecânico no Veículo";"Incêndio";"Sem Vítimas";"Plena Noite";"Decrescente";"Céu Claro";"Simples";"Aclive";"Não";2;0;0;0;1;3;0;4;-21,02192008;-51,89046693;"SPRF-MS";"DEL07-MS";"UOP01-DEL07-MS"
274730;2020-02-28;"sexta-feira";"10:40:00";"MS";163;484,3;"CAMPO GRANDE";"Falta de Atenção à Condução";"Colisão lateral";"Com Vítimas Feridas";"Pleno dia";"Crescente";"Céu Claro";"Dupla";"Interseção de Vias";"Sim";3;0;1;0;1;2;1;4;-20,44748;-54,540946;"SPRF-MS";"DEL01-MS";"UOP02-DEL01-MS"
274737;2020-02-28;"sexta-feira";"20:06:00";"MT";70;47;"BARRA DO GARCAS";"Falta de Atenção à Condução";"Colisão frontal";"Com Vítimas Fatais";"Plena Noite";"Crescente";"Chuva";"Simples";"Curva";"Não";15;1;7;4;2;1;11;4;-15,74586406;-52,61386501;"SPRF-MT";"DEL07-MT";"UOP01-DEL07-MT"
274746;2020-03-11;"quarta-feira";"17:30:00";"SP";116;160,9;"JACAREI";"Velocidade Incompatível";"Tombamento";"Sem Vítimas";"Pleno dia";"Decrescente";"Céu Claro";"Simples";"Curva";"Sim";2;0;0;0;1;2;0;3;-23,27101606;-45,96787896;"SPRF-SP";"DEL02-SP";"UOP01-DEL02-SP"
274755;2020-03-11;"quarta-feira";"17:30:00";"PR";376;460;"PONTA GROSSA";"Velocidade Incompatível";"Saída de leito carroçável";"Com Vítimas Fatais";"Pleno dia";"Crescente";"Céu Claro";"Dupla";"Curva";"Não";2;1;0;0;0;2;0;3;-25,00668306;-50,35541903;"SPRF-PR";"DEL03-PR";"UOP01-DEL03-PR"
274758;2020-03-11;"quarta-feira";"17:30:00";"BA";101;717,9;"EUNAPOLIS";"Falta de Atenção à Condução";"Colisão traseira";"Com Vítimas Feridas";"Plena Noite";"Decrescente";"Chuva";"Simples";"Interseção de Vias";"Sim";2;0;1;0;1;0;1;2;-16,37206361;-39,58119934;"SPRF-BA";"DEL09-BA";"UOP01-DEL09-BA"
274763;2020-03-11;"quarta-feira";"14:50:00";"RJ";101;474,3;"ANGRA DOS REIS";"Condutor Dormindo";"Colisão com objeto estático";"Sem Vítimas";"Pleno dia";"Decrescente";"Céu Claro";"Simples";"Curva";"Não";1;0;0;0;1;0;0;1;-22,99694551;-44,25137401;"SPRF-RJ";"DEL03-RJ";"UOP03-DEL03-RJ"
274765;2020-03-11;"quarta-feira";"17:30:00";"MG";381;605,9;"OLIVEIRA";"Falta de Atenção à Condução";"Colisão lateral";"Sem Vítimas";"Pleno dia";"Crescente";"Céu Claro";"Dupla";"Curva";"Não";3;0;0;0;2;1;0;3;-20,66757503;-44,7378369;"SPRF-MG";"DEL04-MG";"UOP01-DEL04-MG"
274770;2020-03-11;"quarta-feira";"15:15:00";"GO";50;115,5;"CRISTALINA";"Desobediência às normas de trânsito pelo condutor";"Colisão lateral";"Com Vítimas Feridas";"Pleno dia";"Crescente";"Nublado";"Dupla";"Reta;Desvio Temporário";"Não";3;0;1;0;1;1;1;3;-16,90546001;-47,68221086;"SPRF-DF";"DEL01-DF";"UOP02-DEL01-DF"
274775;2020-03-11;"quarta-feira";"21:00:00";"GO";153;296;"RIALMA";"Ingestão de Álcool";"Colisão lateral";"Com Vítimas Feridas";"Pleno dia";"Decrescente";"Chuva";"Simples";"Interseção de Vias;Reta";"Não";4;0;1;0;2;1;1;3;-15,255246;-49,550171;"SPRF-GO";"DEL02-GO";"UOP02-DEL02-GO"
274776;2020-03-11;"quarta-feira";"20:50:00";"SP";116;198;"ARUJA";"Desobediência às normas de trânsito pelo condutor";"Atropelamento de Pedestre";"Com Vítimas Fatais";"Plena Noite";"Decrescente";"Céu Claro";"Dupla";"Curva;Declive;Ponte";"Não";2;1;0;0;0;1;0;2;-23,399848;-46,301633;"SPRF-SP";"DEL01-SP";"UOP01-DEL01-SP"
274780;2020-03-11;"quarta-feira";"15:40:00";"SC";282;504,9;"XANXERE";"Pista Escorregadia";"Tombamento";"Com Vítimas Feridas";"Pleno dia";"Decrescente";"Céu Claro";"Simples";"Interseção de Vias;Viaduto";"Sim";2;0;1;0;1;0;1;2;-26,884279;-52,408466;"SPRF-SC";"DEL07-SC";"UOP01-DEL07-SC"
274787;2020-03-11;"quarta-feira";"19:45:00";"TO";230;32;"NAZARE";"Carga excessiva e/ou mal acondicionada";"Tombamento";"Sem Vítimas";"Plena Noite";"Decrescente";"Céu Claro";"Simples";"Reta;Aclive";"Não";3;0;0;0;2;1;0;2;-6,40491422;-47,63617407;"SPRF-TO";"DEL02-TO";"UOP03-DEL02-TO"
274796;2020-03-11;"quarta-feira";"19:30:00";"PI";230;168;"SAO JOAO DA VARJOTA";"Defeito na Via";"Capotamento";"Sem Vítimas";"Plena Noite";"Crescente";"Nublado";"Simples";"Curva";"Não";2;0;0;0;1;2;0;3;-6,93248292;-41,88556502;"SPRF-PI";"DEL04-PI";"UOP01-DEL04-PI"
274798;2020-03-11;"quarta-feira";"23:30:00";"RJ";356;63;"ITAPERUNA";"Defeito Mecânico no Veículo";"Saída de leito carroçável";"Com Vítimas Feridas";"Plena Noite";"Crescente";"Céu Claro";"Simples";"Curva";"Não";2;0;1;0;0;1;1;2;-21,33357499;-41,71117816;"SPRF-RJ";"DEL08-RJ";"UOP03-DEL08-RJ"
274801;2020-03-12;"quinta-feira";"00:40:00";"BA";101;948;"MUCURI";"Falta de Atenção à Condução";"Colisão lateral";"Com Vítimas Feridas";"Plena Noite";"Crescente";"Chuva";"Simples";"Reta";"Não";3;0;0;1;1;2;1;4;-18,16840196;-39,91873914;"SPRF-BA";"DEL09-BA";"UOP02-DEL09-BA"
274805;2020-03-12;"quinta-feira";"00:20:00";"SP";116;166,3;"JACAREI";"Não guardar distância de segurança";"Saída de leito carroçável";"Sem Vítimas";"Plena Noite";"Decrescente";"Céu Claro";"Dupla";"Reta";"Sim";2;0;0;0;1;1;0;2;-23,301032;-46,016862;"SPRF-SP";"DEL02-SP";"UOP01-DEL02-SP"
274812;2020-03-11;"quarta-feira";"16:40:00";"GO";452;125;"BOM JESUS DE GOIAS";"Defeito na Via";"Tombamento";"Sem Vítimas";"Pleno dia";"Crescente";"Céu Claro";"Simples";"Reta";"Não";2;0;0;0;1;3;0;4;-18,19733241;-49,78138208;"SPRF-GO";"DEL03-GO";"UOP02-DEL03-GO"
274814;2020-03-12;"quinta-feira";"04:00:00";"MG";381;404;"BOM JESUS DO AMPARO";"Falta de Atenção à Condução";"Colisão transversal";"Com Vítimas Feridas";"Plena Noite";"Decrescente";"Céu Claro";"Simples";"Reta";"Não";4;0;1;0;2;1;1;3;-19,74219075;-43,50487232;"SPRF-MG";"DEL01-MG";"UOP01-DEL01-MG"
274815;2020-03-12;"quinta-feira";"02:40:00";"PE";232;66;"GRAVATA";"Falta de Atenção à Condução";"Colisão lateral";"Com Vítimas Feridas";"Plena Noite";"Decrescente";"Nublado";"Dupla";"Curva";"Não";2;0;1;0;1;0;1;2;-8,173267;-35,458829;"SPRF-PE";"DEL02-PE";"UOP02-DEL02PE"
274817;2020-03-12;"quinta-feira";"05:00:00";"MG";40;586,7;"ITABIRITO";"Velocidade Incompatível";"Tombamento";"Sem Vítimas";"Amanhecer";"Crescente";"Céu Claro";"Simples";"Reta";"Não";2;0;0;0;1;1;0;2;-20,35149094;-43,91313094;"SPRF-MG";"DEL01-MG";"UOP02-DEL01-MG"
274818;2020-03-12;"quinta-feira";"05:00:00";"RJ";40;93;"DUQUE DE CAXIAS";"Condutor Dormindo";"Colisão traseira";"Com Vítimas Feridas";"Amanhecer";"Crescente";"Céu Claro";"Simples";"Reta";"Não";3;0;1;0;2;0;1;2;-22,5554282;-43,25829998;"SPRF-RJ";"DEL01-RJ";"UOP01-DEL01-RJ"
274819;2020-03-12;"quinta-feira";"05:40:00";"GO";20;173;"ALVORADA DO NORTE";"Desobediência às normas de trânsito pelo condutor";"Saída de leito carroçável";"Com Vítimas Feridas";"Amanhecer";"Crescente";"Garoa/Chuvisco";"Simples";"Reta";"Não";1;0;1;0;0;0;1;1;-14,526411;-46,534149;"SPRF-DF";"DEL02-DF";"UOP03-DEL02-DF"
274822;2020-03-12;"quinta-feira";"05:20:00";"PR";163;185,5;"SANTA TEREZA DO OESTE";"Condutor Dormindo";"Saída de leito carroçável";"Com Vítimas Feridas";"Amanhecer";"Crescente";"Céu Claro";"Dupla";"Reta";"Não";2;0;1;0;0;2;1;3;-25,13565591;-53,58359882;"SPRF-PR";"DEL05-PR";"UOP05-DEL05-PR"
274824;2020-03-12;"quinta-feira";"03:10:00";"PR";376;328,3;"ORTIGUEIRA";"Falta de Atenção à Condução";"Saída de leito carroçável";"Sem Vítimas";"Plena Noite";"Decrescente";"Céu Claro";"Simples";"Curva";"Não";2;0;0;0;1;1;0;2;-24,079551;-51,059231;"SPRF-PR";"DEL07-PR";"UOP02-DEL07-PR"
274828;2020-03-12;"quinta-feira";"05:30:00";"PR";476;232,9;"LAPA";"Velocidade Incompatível";"Tombamento";"Com Vítimas Feridas";"Amanhecer";"Crescente";"Céu Claro";"Simples";"Curva";"Não";2;0;0;1;0;1;1;2;-25,883068;-49,998787;"SPRF-PR";"DEL02-PR";"UOP04-DEL02-PR"
274837;2020-03-12;"quinta-feira";"07:30:00";"PR";277;345,5;"GUARAPUAVA";"Falta de Atenção à Condução";"Colisão transversal";"Com Vítimas Feridas";"Pleno dia";"Crescente";"Sol";"Simples";"Curva;Declive";"Sim";6;0;3;0;2;1;3;3;-25,33928412;-51,42880296;"SPRF-PR";"DEL08-PR";"UOP01-DEL08-PR"
274839;2020-03-12;"quinta-feira";"06:50:00";"GO";60;16;"ALEXANIA";"Falta de Atenção à Condução";"Colisão traseira";"Com Vítimas Feridas";"Pleno dia";"Decrescente";"Céu Claro";"Dupla";"Curva";"Não";2;0;1;0;1;0;1;2;-16,113657;-48,368681;"SPRF-DF";"DEL03-DF";"UOP01-DEL03-DF"
274842;2020-03-12;"quinta-feira";"08:00:00";"PR";153;349;"REBOUCAS";"Falta de Atenção à Condução";"Colisão transversal";"Com Vítimas Feridas";"Pleno dia";"Crescente";"Céu Claro";"Simples";"Reta;Declive;Rotatória";"Sim";2;0;1;0;1;0;1;2;-25,60374934;-50,69205649;"SPRF-PR";"DEL03-PR";"UOP03-DEL03-PR"
274843;2020-03-11;"quarta-feira";"12:30:00";"MG";251;230,3;"SANTA CRUZ DE SALINAS";"Ultrapassagem Indevida";"Colisão frontal";"Com Vítimas Feridas";"Pleno dia";"Crescente";"Céu Claro";"Simples";"Reta";"Não";4;0;2;0;1;3;2;6;-15,96744613;-41,70259484;"SPRF-MG";"DEL11-MG";"UOP02-DEL11-MG"
274846;2020-03-12;"quinta-feira";"06:45:00";"MG";381;481;"BETIM";"Falta de Atenção à Condução";"Colisão traseira";"Com Vítimas Feridas";"Pleno dia";"Decrescente";"Céu Claro";"Múltipla";"Reta";"Sim";5;0;0;2;2;1;2;4;-19,95931561;-44,08825597;"SPRF-MG";"DEL01-MG";"UOP03-DEL01-MG"
274848;2020-03-12;"quinta-feira";"07:30:00";"GO";153;98;"SANTA TEREZA DE GOIAS";"Falta de Atenção à Condução";"Colisão frontal";"Com Vítimas Feridas";"Pleno dia";"Crescente";"Garoa/Chuvisco";"Dupla";"Reta";"Não";5;0;1;1;3;0;2;3;-13,638148;-49,04092;"SPRF-GO";"DEL07-GO";"UOP01-DEL07-GO"
274856;2020-03-12;"quinta-feira";"09:30:00";"RS";116;429,5;"CRISTAL";"Falta de Atenção à Condução";"Colisão com objeto estático";"Sem Vítimas";"Pleno dia";"Crescente";"Sol";"Simples";"Curva";"Não";1;0;0;0;1;0;0;1;-31,00407603;-52,0517208;"SPRF-RS";"DEL02-RS";"UOP03-DEL02-RS"
274862;2020-03-11;"quarta-feira";"06:40:00";"PR";476;269,8;"SAO MATEUS DO SUL";"Condutor Dormindo";"Colisão frontal";"Sem Vítimas";"Amanhecer";"Crescente";"Céu Claro";"Simples";"Reta";"Sim";4;0;0;0;3;2;0;5;-25,898903;-50,32935;"SPRF-PR";"DEL02-PR";"UOP04-DEL02-PR"
274864;2020-03-12;"quinta-feira";"11:20:00";"PR";373;276,5;"PRUDENTOPOLIS";"Carga excessiva e/ou mal acondicionada";"Saída de leito carroçável";"Com Vítimas Feridas";"Pleno dia";"Crescente";"Sol";"Simples";"Declive;Curva";"Não";1;0;1;0;0;0;1;1;-25,25754888;-51,07658207;"SPRF-PR";"DEL03-PR";"UOP01-DEL03-PR"
274865;2020-03-12;"quinta-feira";"11:25:00";"ES";101;284,9;"CARIACICA";"Desobediência às normas de trânsito pelo condutor";"Colisão lateral";"Com Vítimas Feridas";"Pleno dia";"Crescente";"Nublado";"Dupla";"Aclive";"Sim";2;0;1;0;1;0;1;2;-20,25063211;-40,37239552;"SPRF-ES";"DEL01-ES";"UOP01-DEL01-ES"
274866;2020-03-12;"quinta-feira";"11:04:00";"AL";101;68;"MESSIAS";"Pista Escorregadia";"Saída de leito carroçável";"Sem Vítimas";"Pleno dia";"Decrescente";"Chuva";"Dupla";"Curva";"Não";3;0;0;0;2;2;0;4;-9,34924699;-35,83289449;"SPRF-AL";"DEL01-AL";"UOP02-DEL01-AL"
274868;2020-03-12;"quinta-feira";"11:20:00";"PE";101;40;"ITAPISSUMA";"Falta de Atenção à Condução";"Colisão lateral";"Sem Vítimas";"Pleno dia";"Decrescente";"Nublado";"Dupla";"Reta";"Sim";2;0;0;0;1;1;0;2;-7,821475;-34,916545;"SPRF-PE";"DEL01-PE";"UOP02-DEL01-PE"
274870;2020-03-12;"quinta-feira";"11:55:00";"GO";60;235,5;"INDIARA";"Defeito Mecânico no Veículo";"Tombamento";"Com Vítimas Feridas";"Pleno dia";"Crescente";"Céu Claro";"Dupla";"Declive";"Não";1;0;1;0;0;0;1;1;-17,0794;-49,8299;"SPRF-GO";"DEL01-GO";"UOP02-DEL01-GO"
274874;2020-03-12;"quinta-feira";"12:30:00";"SC";470;162,1;"TROMBUDO CENTRAL";"Falta de Atenção à Condução";"Colisão lateral";"Com Vítimas Fatais";"Pleno dia";"Decrescente";"Céu Claro";"Simples";"Reta";"Não";3;1;0;0;1;1;0;3;-27,28236539;-49,81780529;"SPRF-SC";"DEL04-SC";"UOP02-DEL04-SC"
274880;2020-03-12;"quinta-feira";"10:45:00";"SC";101;423,9;"ARARANGUA";"Falta de Atenção à Condução";"Saída de leito carroçável";"Sem Vítimas";"Pleno dia";"Crescente";"Céu Claro";"Múltipla";"Reta";"Não";1;0;0;0;1;0;0;1;-29,01106757;-49,57413825;"SPRF-SC";"DEL02-SC";"UOP02-DEL02-SC"
274882;2020-03-12;"quinta-feira";"09:30:00";"MG";40;525,1;"CONTAGEM";"Falta de Atenção à Condução";"Colisão lateral";"Sem Vítimas";"Pleno dia";"Crescente";"Céu Claro";"Dupla";"Reta";"Não";3;0;0;0;1;2;0;3;-19,88361702;-44,05039336;"SPRF-MG";"DEL01-MG";"UOP02-DEL01-MG"
274887;2020-03-12;"quinta-feira";"13:30:00";"PE";101;35;"IGARASSU";"Falta de Atenção à Condução";"Saída de leito carroçável";"Sem Vítimas";"Pleno dia";"Decrescente";"Nublado";"Dupla";"Reta";"Não";1;0;0;0;1;0;0;1;-7,77952193;-34,93231384;"SPRF-PE";"DEL01-PE";"UOP02-DEL01-PE"
274890;2020-03-12;"quinta-feira";"14:00:00";"RJ";116;189;"QUEIMADOS";"Falta de Atenção à Condução";"Colisão traseira";"Com Vítimas Feridas";"Pleno dia";"Decrescente";"Céu Claro";"Simples";"Reta";"Não";2;0;1;0;1;0;1;2;-22,73772988;-43,55329692;"SPRF-RJ";"DEL01-RJ";"UOP02-DEL01-RJ"
274894;2020-03-12;"quinta-feira";"14:25:00";"SE";101;21,4;"MALHADA DOS BOIS";"Falta de Atenção à Condução";"Colisão traseira";"Com Vítimas Feridas";"Pleno dia";"Decrescente";"Céu Claro";"Simples";"Curva";"Não";6;0;1;0;4;2;1;4;-10,36933692;-36,91236318;"SPRF-SE";"DEL02-SE";"UOP02-DEL02-SE"
274903;2020-03-12;"quinta-feira";"11:40:00";"MS";158;97;"PARANAIBA";"Falta de Atenção à Condução";"Danos eventuais";"Sem Vítimas";"Pleno dia";"Crescente";"Céu Claro";"Dupla";"Reta";"Sim";4;0;0;0;1;4;0;4;-19,69627676;-51,17701292;"SPRF-MS";"DEL08-MS";"UOP01-DEL08-MS"
274907;2020-03-12;"quinta-feira";"15:00:00";"SC";470;139;"RIO DO SUL";"Falta de Atenção à Condução";"Colisão transversal";"Com Vítimas Feridas";"Pleno dia";"Crescente";"Céu Claro";"Simples";"Reta";"Não";2;0;1;0;1;0;1;2;-27,217564;-49,65461;"SPRF-SC";"DEL04-SC";"UOP02-DEL04-SC"
274918;2020-03-12;"quinta-feira";"16:30:00";"RJ";101;59;"CAMPOS DOS GOYTACAZES";"Desobediência às normas de trânsito pelo condutor";"Colisão traseira";"Com Vítimas Feridas";"Pleno dia";"Crescente";"Chuva";"Simples";"Interseção de Vias";"Sim";2;0;1;0;1;0;1;2;-21,71874958;-41,31245613;"SPRF-RJ";"DEL08-RJ";"UOP01-DEL08-RJ"
274930;2020-03-12;"quinta-feira";"16:10:00";"SC";282;381;"HERVAL DOESTE";"Defeito Mecânico no Veículo";"Saída de leito carroçável";"Com Vítimas Feridas";"Pleno dia";"Decrescente";"Céu Claro";"Simples";"Reta";"Não";1;0;0;1;0;0;1;1;-27,204979;-51,501442;"SPRF-SC";"DEL07-SC";"UOP05-DEL07-SC"
274944;2020-03-12;"quinta-feira";"15:40:00";"PR";277;729;"FOZ DO IGUACU";"Desobediência às normas de trânsito pelo condutor";"Colisão com objeto estático";"Sem Vítimas";"Pleno dia";"Crescente";"Céu Claro";"Dupla";"Aclive";"Sim";2;0;0;0;1;1;0;2;-25,50749887;-54,58379896;"SPRF-PR";"DEL05-PR";"UOP03-DEL05-PR"
274948;2020-03-12;"quinta-feira";"18:00:00";"MT";70;523;"VARZEA GRANDE";"Desobediência às normas de trânsito pelo condutor";"Colisão frontal";"Com Vítimas Feridas";"Plena Noite";"Crescente";"Céu Claro";"Simples";"Reta";"Sim";2;0;1;0;1;0;1;2;-15,65986968;-56,18745457;"SPRF-MT";"DEL05-MT";"UOP02-DEL05-MT"
274951;2020-02-25;"terça-feira";"16:15:00";"MG";116;782,7;"LEOPOLDINA";"Velocidade Incompatível";"Tombamento";"Com Vítimas Feridas";"Pleno dia";"Decrescente";"Nublado";"Simples";"Curva";"Não";3;0;1;1;0;2;2;3;-21,627038;-42,69996898;"SPRF-MG";"DEL07-MG";"UOP01-DEL07-MG"
274955;2020-03-12;"quinta-feira";"18:00:00";"PR";376;391;"IMBAU";"Falta de Atenção à Condução";"Saída de leito carroçável";"Com Vítimas Feridas";"Anoitecer";"Decrescente";"Céu Claro";"Dupla";"Curva";"Não";2;0;1;0;0;2;1;3;-24,48747142;-50,73423386;"SPRF-PR";"DEL03-PR";"UOP02-DEL03-PR"
274964;2020-03-12;"quinta-feira";"18:00:00";"PR";369;199;"APUCARANA";"Velocidade Incompatível";"Tombamento";"Com Vítimas Feridas";"Pleno dia";"Crescente";"Céu Claro";"Simples";"Curva";"Sim";2;0;0;1;0;1;1;2;-23,52306786;-51,44368912;"SPRF-PR";"DEL07-PR";"UOP03-DEL07-PR"
274966;2020-03-12;"quinta-feira";"14:30:00";"MA";135;13;"SAO LUIS";"Pista Escorregadia";"Danos eventuais";"Sem Vítimas";"Pleno dia";"Crescente";"Chuva";"Dupla";"Declive";"Sim";2;0;0;0;1;1;0;2;-2,68053538;-44,29512283;"SPRF-MA";"DEL01-MA";"UOP01-DEL01-MA"
274967;2020-03-12;"quinta-feira";"21:40:00";"PR";373;222,3;"IMBITUVA";"Velocidade Incompatível";"Saída de leito carroçável";"Com Vítimas Feridas";"Plena Noite";"Decrescente";"Céu Claro";"Simples";"Reta";"Não";2;0;1;0;0;1;1;2;-25,18290238;-50,59238391;"SPRF-PR";"DEL03-PR";"UOP01-DEL03-PR"
274969;2020-03-12;"quinta-feira";"22:00:00";"MG";381;487;"BETIM";"Falta de Atenção à Condução";"Colisão traseira";"Sem Vítimas";"Plena Noite";"Crescente";"Céu Claro";"Múltipla";"Reta";"Sim";3;0;0;0;2;1;0;2;-19,95586853;-44,14609501;"SPRF-MG";"DEL01-MG";"UOP03-DEL01-MG"
274970;2020-03-12;"quinta-feira";"21:45:00";"MG";365;476,2;"PATROCINIO";"Falta de Atenção à Condução";"Colisão lateral";"Com Vítimas Feridas";"Plena Noite";"Decrescente";"Céu Claro";"Dupla";"Reta";"Não";2;0;1;0;0;1;1;2;-18,91384369;-47,04103759;"SPRF-MG";"DEL10-MG";"UOP01-DEL10-MG"
274987;2020-03-12;"quinta-feira";"22:10:00";"PB";230;200,1;"POCINHOS";"Ingestão de Álcool";"Colisão com objeto estático";"Sem Vítimas";"Plena Noite";"Decrescente";"Chuva";"Simples";"Reta";"Não";2;0;0;0;2;0;0;1;-7,1037;-36,2363;"SPRF-PB";"DEL02-PB";"UOP02-DEL02-PB"
274988;2020-03-12;"quinta-feira";"23:40:00";"RJ";116;144;"DUQUE DE CAXIAS";"Avarias e/ou desgaste excessivo no pneu";"Tombamento";"Sem Vítimas";"Plena Noite";"Decrescente";"Céu Claro";"Simples";"Retorno Regulamentado;Curva";"Sim";1;0;0;0;1;0;0;1;-22,65737709;-43,24724694;"SPRF-RJ";"DEL04-RJ";"UOP02-DEL04-RJ"
274990;2020-03-12;"quinta-feira";"22:00:00";"MG";381;645,9;"SANTO ANTONIO DO AMPARO";"Defeito na Via";"Tombamento";"Sem Vítimas";"Plena Noite";"Crescente";"Céu Claro";"Dupla";"Reta";"Não";2;0;0;0;1;1;0;2;-20,95263737;-44,87820821;"SPRF-MG";"DEL04-MG";"UOP01-DEL04-MG"
274992;2020-03-12;"quinta-feira";"22:40:00";"RS";386;322,8;"MARQUES DE SOUZA";"Falta de Atenção à Condução";"Colisão frontal";"Com Vítimas Fatais";"Plena Noite";"Crescente";"Céu Claro";"Simples";"Reta";"Não";4;2;0;0;1;1;0;3;-29,297157;-52,114197;"SPRF-RS";"DEL04-RS";"UOP01-DEL04-RS"
274994;2020-03-12;"quinta-feira";"22:30:00";"MG";381;289,9;"ANTONIO DIAS";"Ingestão de Álcool";"Colisão lateral";"Com Vítimas Feridas";"Plena Noite";"Decrescente";"Chuva";"Simples";"Curva";"Não";4;0;2;0;2;0;2;2;-19,63794104;-42,82137904;"SPRF-MG";"DEL03-MG";"UOP02-DEL03-MG"
274996;2020-03-13;"sexta-feira";"01:30:00";"BA";116;842;"VITORIA DA CONQUISTA";"Falta de Atenção à Condução";"Colisão traseira";"Com Vítimas Feridas";"Plena Noite";"Decrescente";"Nublado";"Simples";"Aclive";"Não";3;0;0;1;1;1;1;3;-14,9308819;-40,88735915;"SPRF-BA";"DEL08-BA";"UOP01-DEL08-BA"
274998;2020-03-13;"sexta-feira";"02:30:00";"SC";470;2,7;"NAVEGANTES";"Condutor Dormindo";"Tombamento";"Com Vítimas Feridas";"Plena Noite";"Crescente";"Céu Claro";"Dupla";"Reta";"Não";2;0;1;0;0;1;1;2;-26,868551;-48,674831;"SPRF-SC";"DEL04-SC";"UOP04-DEL04-SC"
275004;2020-03-13;"sexta-feira";"05:10:00";"PE";428;25,9;"CABROBO";"Não guardar distância de segurança";"Colisão traseira";"Com Vítimas Feridas";"Amanhecer";"Crescente";"Céu Claro";"Simples";"Reta";"Não";6;0;4;0;2;0;4;2;-8,49019314;-39,44031889;"SPRF-PE";"DEL05-PE";"UOP03-DEL05-PE"
275006;2020-03-13;"sexta-feira";"05:00:00";"SC";101;225;"PALHOCA";"Ingestão de Álcool";"Colisão traseira";"Com Vítimas Feridas";"Amanhecer";"Crescente";"Céu Claro";"Dupla";"Reta";"Não";4;0;1;0;2;1;1;3;-27,73292191;-48,6409567;"SPRF-SC";"DEL01-SC";"UOP02-DEL01-SC"
275013;2020-03-13;"sexta-feira";"05:00:00";"MG";381;644;"SANTO ANTONIO DO AMPARO";"Condutor Dormindo";"Colisão com objeto estático";"Com Vítimas Feridas";"Plena Noite";"Crescente";"Céu Claro";"Dupla";"Reta";"Não";3;0;1;0;1;1;1;3;-20,93206031;-44,87501898;"SPRF-MG";"DEL04-MG";"UOP01-DEL04-MG"
275019;2020-03-13;"sexta-feira";"05:40:00";"RJ";40;122;"DUQUE DE CAXIAS";"Falta de Atenção à Condução";"Colisão lateral";"Com Vítimas Feridas";"Amanhecer";"Crescente";"Céu Claro";"Múltipla";"Reta";"Sim";3;0;0;1;1;1;1;3;-22,79083113;-43,28611569;"SPRF-RJ";"DEL01-RJ";"UOP01-DEL01-RJ"
275020;2020-03-13;"sexta-feira";"07:29:00";"SP";153;62,5;"SAO JOSE DO RIO PRETO";"Desobediência às normas de trânsito pelo condutor";"Colisão lateral";"Sem Vítimas";"Pleno dia";"Crescente";"Sol";"Dupla";"Aclive;Reta";"Sim";3;0;0;0;2;1;0;3;-20,81325404;-49,35675563;"SPRF-SP";"DEL09-SP";"UOP01-DEL09-SP"