"id";"data_inversa";"dia_semana";"horario";"uf";"br";"km";"municipio";"causa_acidente";"tipo_acidente";"classificacao_acidente";"fase_dia";"sentido_via";"condicao_metereologica";"tipo_pista";"tracado_via";"uso_solo";"pessoas";"mortos";"feridos_leves";"feridos_graves";"ilesos";"ignorados";"feridos";"veiculos";"latitude";"longitude";"regional";"delegacia";"uop"
275395;2020-03-14;"sábado";"07:00:00";"RJ";116;222,8;"PARACAMBI";"Defeito Mecânico no Veículo";"Incêndio";"Sem Vítimas";"Pleno dia";"Decrescente";"Céu Claro";"Simples";"Curva";"Não";2;0;0;0;1;1;0;2;-22,6896952;-43,79175108;"SPRF-RJ";"DEL07-RJ";"UOP01-DEL07-RJ"
275406;2020-03-14;"sábado";"10:35:00";"SC";282;436,4;"VARGEM BONITA";"Falta de Atenção à Condução";"Tombamento";"Com Vítimas Feridas";"Pleno dia";"Decrescente";"Céu Claro";"Simples";"Reta";"Não";2;0;1;0;0;1;1;2;-26,970835;-51,851101;"SPRF-SC";"DEL07-SC";"UOP04-DEL07-SC"
275409;2020-03-14;"sábado";"15:00:00";"SC";282;219,9;"LAGES";"Desobediência às normas de trânsito pelo condutor";"Colisão frontal";"Com Vítimas Fatais";"Pleno dia";"Crescente";"Sol";"Simples";"Reta";"Sim";2;1;0;0;1;0;0;2;-27,795521;-50,323608;"SPRF-SC";"DEL05-SC";"UOP01-DEL05-SC"
275416;2020-03-14;"sábado";"19:15:00";"SC";101;122,7;"ITAJAI";"Falta de Atenção à Condução";"Tombamento";"Com Vítimas Feridas";"Plena Noite";"Decrescente";"Nublado";"Dupla";"Reta";"Sim";3;0;1;0;0;3;1;4;-26,92955916;-48,70499836;"SPRF-SC";"DEL04-SC";"UOP04-DEL04-SC"
275418;2020-03-14;"sábado";"14:35:00";"PR";376;332;"ORTIGUEIRA";"Defeito Mecânico no Veículo";"Saída de leito carroçável";"Com Vítimas Feridas";"Pleno dia";"Decrescente";"Céu Claro";"Simples";"Reta";"Sim";2;0;1;1;0;0;2;1;-24,13003929;-51,01237231;"SPRF-PR";"DEL07-PR";"UOP02-DEL07-PR"
275420;2020-03-14;"sábado";"15:20:00";"GO";153;348,3;"JARAGUA";"Desobediência às normas de trânsito pelo condutor";"Colisão lateral";"Com Vítimas Feridas";"Pleno dia";"Crescente";"Céu Claro";"Simples";"Aclive";"Não";2;0;1;0;1;0;1;2;-15,652904;-49,363586;"SPRF-GO";"DEL02-GO";"UOP02-DEL02-GO"
275421;2020-03-14;"sábado";"15:00:00";"GO";153;319,6;"RIANAPOLIS";"Desobediência às normas de trânsito pelo condutor";"Colisão transversal";"Com Vítimas Feridas";"Pleno dia";"Decrescente";"Sol";"Dupla";"Retorno Regulamentado";"Sim";3;0;0;1;1;1;1;3;-15,45368022;-49,50439453;"SPRF-GO";"DEL02-GO";"UOP02-DEL02-GO"
275423;2020-03-14;"sábado";"16:50:00";"PR";277;180,8;"PALMEIRA";"Ingestão de Álcool";"Colisão transversal";"Com Vítimas Feridas";"Pleno dia";"Decrescente";"Céu Claro";"Simples";"Reta";"Não";4;0;1;1;2;0;2;2;-25,4233314;-50,1042641;"SPRF-PR";"DEL03-PR";"UOP03-DEL03-PR"
275440;2020-03-14;"sábado";"19:50:00";"MT";364;380;"CUIABA";"Defeito Mecânico no Veículo";"Saída de leito carroçável";"Com Vítimas Feridas";"Plena Noite";"Decrescente";"Céu Claro";"Dupla";"Rotatória";"Não";2;0;1;0;0;1;1;2;-15,70337385;-55,764222;"SPRF-MT";"DEL01-MT";"UOP02-DEL01-MT"
275446;2020-03-14;"sábado";"20:30:00";"BA";242;881;"LUIS EDUARDO MAGALHAES";"Não guardar distância de segurança";"Colisão lateral";"Com Vítimas Fatais";"Plena Noite";"Decrescente";"Céu Claro";"Dupla";"Reta";"Sim";3;1;0;0;1;2;0;4;-12,08917;-45,7791;"SPRF-BA";"DEL10-BA";"UOP01-DEL10-BA"
275462;2020-03-14;"sábado";"22:40:00";"SC";101;125;"ITAJAI";"Falta de Atenção à Condução";"Colisão lateral";"Sem Vítimas";"Plena Noite";"Decrescente";"Nublado";"Dupla";"Curva";"Não";4;0;0;0;3;1;0;3;-26,94802427;-48,68338515;"SPRF-SC";"DEL04-SC";"UOP04-DEL04-SC"
275467;2020-03-14;"sábado";"23:45:00";"PR";116;127;"FAZENDA RIO GRANDE";"Falta de Atenção à Condução";"Colisão lateral";"Com Vítimas Feridas";"Plena Noite";"Crescente";"Céu Claro";"Dupla";"Reta";"Sim";2;0;1;0;1;0;1;2;-25,612752;-49,31859701;"SPRF-PR";"DEL01-PR";"UOP03-DEL01-PR"
275470;2020-03-14;"sábado";"23:24:00";"ES";101;356,7;"ANCHIETA";"Ingestão de Álcool";"Colisão frontal";"Com Vítimas Fatais";"Plena Noite";"Decrescente";"Céu Claro";"Simples";"Reta";"Não";3;1;0;0;1;3;0;5;-20,69097259;-40,69320247;"SPRF-ES";"DEL03-ES";"UOP01-DEL03-ES"
275481;2020-03-14;"sábado";"18:50:00";"MS";267;363;"MARACAJU";"Sinalização da via insuficiente ou inadequada";"Colisão com objeto estático";"Com Vítimas Feridas";"Plena Noite";"Decrescente";"Céu Claro";"Simples";"Retorno Regulamentado";"Não";1;0;1;0;0;0;1;1;-21,64397746;-55,13386981;"SPRF-MS";"DEL02-MS";"UOP02-DEL02-MS"
275484;2020-03-15;"domingo";"03:45:00";"MT";163;1028;"PEIXOTO DE AZEVEDO";"Ingestão de Álcool";"Colisão traseira";"Com Vítimas Fatais";"Plena Noite";"Decrescente";"Nublado";"Simples";"Aclive";"Sim";3;1;0;0;1;2;0;4;-10,258122;-55,000116;"SPRF-MT";"DEL06-MT";"NPF/DEL06-MT"
275494;2020-03-15;"domingo";"09:15:00";"BA";116;657;"JEQUIE";"Não guardar distância de segurança";"Colisão traseira";"Com Vítimas Feridas";"Pleno dia";"Crescente";"Nublado";"Simples";"Curva";"Não";3;0;1;0;1;1;1;3;-13,672783;-40,09670093;"SPRF-BA";"DEL03-BA";"UOP01-DEL03-BA"
275495;2020-03-15;"domingo";"08:45:00";"SC";116;12,3;"MAFRA";"Desobediência às normas de trânsito pelo condutor";"Tombamento";"Com Vítimas Feridas";"Pleno dia";"Decrescente";"Sol";"Simples";"Rotatória";"Não";2;0;1;0;0;1;1;2;-26,17877859;-49,86720998;"SPRF-SC";"DEL06-SC";"UOP01-DEL06-SC"
275498;2020-03-15;"domingo";"10:20:00";"MG";365;488,7;"PATROCINIO";"Falta de Atenção à Condução";"Colisão lateral";"Com Vítimas Feridas";"Pleno dia";"Crescente";"Sol";"Simples";"Reta";"Não";6;0;4;0;1;1;4;3;-18,9371747;-47,2171395;"SPRF-MG";"DEL10-MG";"UOP01-DEL10-MG"
275503;2020-03-15;"domingo";"12:45:00";"BA";101;861;"TEIXEIRA DE FREITAS";"Velocidade Incompatível";"Colisão frontal";"Com Vítimas Feridas";"Pleno dia";"Crescente";"Céu Claro";"Simples";"Curva";"Não";5;0;2;1;1;3;3;5;-17,408254;-39,67764;"SPRF-BA";"DEL09-BA";"UOP02-DEL09-BA"
275504;2020-03-15;"domingo";"10:40:00";"PI";316;57;"MONSENHOR GIL";"Desobediência às normas de trânsito pelo condutor";"Colisão transversal";"Com Vítimas Feridas";"Pleno dia";"Crescente";"Sol";"Simples";"Reta";"Não";3;0;0;1;1;1;1;3;-5,54844026;-42,61484423;"SPRF-PI";"DEL01-PI";"UOP02-DEL01-PI"
275508;2020-03-15;"domingo";"14:00:00";"SC";101;216,5;"PALHOCA";"Falta de Atenção à Condução";"Colisão transversal";"Sem Vítimas";"Pleno dia";"Crescente";"Céu Claro";"Dupla";"Reta";"Sim";3;0;0;0;2;1;0;3;-27,65981409;-48,67747798;"SPRF-SC";"DEL01-SC";"UOP02-DEL01-SC"
275519;2020-03-15;"domingo";"13:40:00";"PE";101;73;"RECIFE";"Velocidade Incompatível";"Saída de leito carroçável";"Com Vítimas Feridas";"Pleno dia";"Decrescente";"Céu Claro";"Dupla";"Curva";"Sim";3;0;2;0;0;1;2;3;-8,10267;-34,948325;"SPRF-PE";"DEL01-PE";"UOP01-DEL01-PE"
275520;2020-03-15;"domingo";"11:15:00";"MT";163;812;"SINOP";"Defeito Mecânico no Veículo";"Incêndio";"Sem Vítimas";"Pleno dia";"Decrescente";"Nublado";"Simples";"Reta";"Não";2;0;0;0;1;3;0;4;-12,18814067;-55,53087854;"SPRF-MT";"DEL06-MT";"UOP01-DEL06-MT"
275521;2020-03-15;"domingo";"14:10:00";"GO";153;425,2;"ANAPOLIS";"Falta de Atenção à Condução";"Colisão traseira";"Com Vítimas Feridas";"Pleno dia";"Crescente";"Nublado";"Dupla";"Reta;Aclive";"Não";3;0;2;0;0;1;2;2;-16,22027883;-49,01412964;"SPRF-GO";"DEL02-GO";"UOP01-DEL02-GO"
275541;2020-03-15;"domingo";"10:40:00";"RJ";393;235;"VASSOURAS";"Falta de Atenção à Condução";"Colisão lateral";"Com Vítimas Fatais";"Pleno dia";"Decrescente";"Sol";"Simples";"Reta";"Sim";4;1;1;0;1;1;1;4;-22,41177117;-43,67362496;"SPRF-RJ";"DEL05-RJ";"UOP03-DEL05-RJ"
275548;2020-03-15;"domingo";"13:30:00";"MG";116;265,5;"TEOFILO OTONI";"Falta de Atenção à Condução";"Colisão traseira";"Com Vítimas Feridas";"Pleno dia";"Decrescente";"Nublado";"Simples";"Declive";"Não";4;0;2;0;1;1;2;3;-17,762903;-41,50256799;"SPRF-MG";"DEL11-MG";"UOP01-DEL11-MG"
275567;2020-03-15;"domingo";"11:30:00";"AC";364;432;"FEIJO";"Falta de Atenção do Pedestre";"Atropelamento de Pedestre";"Com Vítimas Fatais";"Pleno dia";"Crescente";"Céu Claro";"Simples";"Declive";"Não";5;1;0;0;4;0;0;3;-8,53417474;-69,98334291;"SPRF-AC";"DEL01-AC";"UOP01-DEL01-AC"
275580;2020-03-15;"domingo";"18:50:00";"SC";101;236,9;"PALHOCA";"Não guardar distância de segurança";"Colisão lateral";"Com Vítimas Feridas";"Anoitecer";"Crescente";"Nublado";"Dupla";"Reta";"Sim";3;0;2;0;1;0;2;2;-27,82629382;-48,63034842;"SPRF-SC";"DEL01-SC";"UOP02-DEL01-SC"
275581;2020-03-15;"domingo";"19:15:00";"SC";101;179,5;"BIGUACU";"Falta de Atenção do Pedestre";"Atropelamento de Pedestre";"Com Vítimas Fatais";"Plena Noite";"Decrescente";"Céu Claro";"Múltipla";"Reta";"Sim";4;1;0;0;1;2;0;3;-27,37323976;-48,63289654;"SPRF-SC";"DEL01-SC";"UOP01-DEL01-SC"
275597;2020-03-15;"domingo";"17:00:00";"MT";364;443;"VARZEA GRANDE";"Avarias e/ou desgaste excessivo no pneu";"Colisão transversal";"Com Vítimas Feridas";"Anoitecer";"Crescente";"Chuva";"Simples";"Curva";"Não";3;0;1;0;0;3;1;4;-15,64035892;-56,20203186;"SPRF-MT";"DEL01-MT";"DEL2/4-UOP02/MT"
275599;2020-03-15;"domingo";"18:30:00";"MT";163;989;"TERRA NOVA DO NORTE";"Ingestão de Álcool";"Colisão frontal";"Sem Vítimas";"Plena Noite";"Crescente";"Nublado";"Simples";"Declive;Curva";"Não";3;0;0;0;2;1;0;3;-10,69572069;-55,12138068;"SPRF-MT";"DEL06-MT";"NPF/DEL06-MT"
275600;2020-03-15;"domingo";"19:40:00";"SP";116;282,8;"EMBU DAS ARTES";"Restrição de Visibilidade";"Colisão traseira";"Com Vítimas Feridas";"Plena Noite";"Decrescente";"Nublado";"Dupla";"Interseção de Vias";"Sim";2;0;0;1;0;1;1;2;-23,66612472;-46,85462952;"SPRF-SP";"DEL04-SP";"UOP01-DEL04-SP"
275604;2020-03-15;"domingo";"18:00:00";"MG";365;434,7;"PATOS DE MINAS";"Falta de Atenção à Condução";"Colisão transversal";"Sem Vítimas";"Anoitecer";"Crescente";"Céu Claro";"Simples";"Interseção de Vias";"Não";4;0;0;0;3;1;0;4;-18,77949359;-46,69622198;"SPRF-MG";"DEL10-MG";"UOP01-DEL10-MG"
275605;2020-03-15;"domingo";"15:28:00";"MG";365;475,7;"PATROCINIO";"Desobediência às normas de trânsito pelo condutor";"Colisão transversal";"Com Vítimas Fatais";"Pleno dia";"Crescente";"Céu Claro";"Simples";"Curva";"Não";5;1;0;2;1;1;2;3;-18,91842225;-47,03316973;"SPRF-MG";"DEL10-MG";"UOP01-DEL10-MG"
275609;2020-03-15;"domingo";"20:00:00";"MG";381;561;"ITAGUARA";"Velocidade Incompatível";"Saída de leito carroçável";"Com Vítimas Fatais";"Plena Noite";"Decrescente";"Céu Claro";"Dupla";"Curva";"Não";4;2;0;2;0;0;2;2;-20,37971068;-44,47849274;"SPRF-MG";"DEL04-MG";"UOP03-DEL04-MG"
275617;2020-03-15;"domingo";"20:00:00";"MG";40;588;"ITABIRITO";"Velocidade Incompatível";"Tombamento";"Com Vítimas Feridas";"Plena Noite";"Crescente";"Céu Claro";"Simples";"Curva";"Não";2;0;1;1;0;0;2;2;-20,35149094;-43,91313094;"SPRF-MG";"DEL01-MG";"UOP02-DEL01-MG"
275629;2020-03-15;"domingo";"21:40:00";"SP";116;210;"GUARULHOS";"Ingestão de Álcool";"Colisão lateral";"Sem Vítimas";"Plena Noite";"Crescente";"Céu Claro";"Dupla";"Reta";"Sim";3;0;0;0;2;1;0;3;-23,42870023;-46,41085991;"SPRF-SP";"DEL01-SP";"UOP01-DEL01-SP"
275633;2020-03-15;"domingo";"20:15:00";"MG";40;490;"ESMERALDAS";"Não guardar distância de segurança";"Colisão lateral";"Com Vítimas Feridas";"Plena Noite";"Crescente";"Céu Claro";"Dupla";"Reta";"Não";2;0;1;0;1;0;1;2;-19,61998768;-44,20673771;"SPRF-MG";"DEL02-MG";"UOP01-DEL02-MG"
275637;2020-03-15;"domingo";"20:00:00";"BA";101;588;"CAMACAN";"Falta de Atenção à Condução";"Colisão transversal";"Com Vítimas Fatais";"Plena Noite";"Crescente";"Céu Claro";"Simples";"Reta";"Sim";2;1;0;0;0;1;0;2;-15,57185184;-39,40626224;"SPRF-BA";"DEL05-BA";"UOP02-DEL05-BA"
275650;2020-03-15;"domingo";"23:45:00";"RS";290;301,1;"CACHOEIRA DO SUL";"Falta de Atenção do Pedestre";"Atropelamento de Pedestre";"Com Vítimas Fatais";"Plena Noite";"Decrescente";"Garoa/Chuvisco";"Simples";"Reta";"Não";3;1;0;0;2;0;0;2;-30,319717;-53,218117;"SPRF-RS";"DEL09-RS";"UOP02-DEL09-RS"
275659;2020-03-16;"segunda-feira";"00:45:00";"DF";80;9;"BRASILIA";"Condutor Dormindo";"Colisão lateral";"Com Vítimas Feridas";"Plena Noite";"Decrescente";"Céu Claro";"Simples";"Reta";"Não";3;0;1;0;1;1;1;3;-15,731064;-48,159393;"SPRF-DF";"DEL03-DF";"UOP02-DEL03-DF"
275665;2020-03-16;"segunda-feira";"01:30:00";"PR";376;453;"TIBAGI";"Defeito Mecânico no Veículo";"Incêndio";"Sem Vítimas";"Plena Noite";"Crescente";"Céu Claro";"Dupla";"Aclive;Reta";"Não";2;0;0;0;1;2;0;3;-24,95626592;-50,39210692;"SPRF-PR";"DEL03-PR";"UOP02-DEL03-PR"
275668;2020-03-16;"segunda-feira";"00:00:00";"PA";316;21;"BENEVIDES";"Falta de Atenção à Condução";"Colisão transversal";"Com Vítimas Fatais";"Plena Noite";"Decrescente";"Nublado";"Dupla";"Retorno Regulamentado";"Não";2;1;0;0;0;1;0;2;-1,36097138;-48,26241527;"SPRF-PA";"DEL01-PA";"UOP01-DEL01-PA"
275669;2020-03-16;"segunda-feira";"00:30:00";"MG";459;88,1;"CONGONHAL";"Falta de Atenção à Condução";"Colisão transversal";"Com Vítimas Feridas";"Plena Noite";"Crescente";"Nublado";"Simples";"Curva";"Não";5;0;1;3;1;0;4;2;-22,1492517;-46,01881027;"SPRF-MG";"DEL09-MG";"UOP01-DEL09-MG"
275671;2020-03-16;"segunda-feira";"02:30:00";"GO";452;121;"BOM JESUS DE GOIAS";"Condutor Dormindo";"Saída de leito carroçável";"Com Vítimas Fatais";"Plena Noite";"Crescente";"Céu Claro";"Simples";"Reta";"Não";2;1;0;0;0;1;0;2;-18,195696;-49,819237;"SPRF-GO";"DEL03-GO";"UOP02-DEL03-GO"
275676;2020-03-15;"domingo";"17:20:00";"BA";407;129;"SENHOR DO BONFIM";"Ingestão de Álcool";"Colisão lateral";"Sem Vítimas";"Pleno dia";"Crescente";"Céu Claro";"Simples";"Reta";"Sim";4;0;0;0;4;0;0;2;-10,4789315;-40,1681952;"SPRF-BA";"DEL04-BA";"UOP01-DEL04-BA"
275677;2020-03-16;"segunda-feira";"05:20:00";"GO";60;113;"GOIANAPOLIS";"Velocidade Incompatível";"Colisão traseira";"Com Vítimas Feridas";"Amanhecer";"Decrescente";"Céu Claro";"Dupla";"Reta";"Não";2;0;0;1;1;0;1;2;-16,4572;-49,0567;"SPRF-GO";"DEL01-GO";"UOP01-DEL01-GO"
275678;2020-03-16;"segunda-feira";"04:27:00";"RJ";40;124;"DUQUE DE CAXIAS";"Falta de Atenção à Condução";"Engavetamento";"Sem Vítimas";"Amanhecer";"Crescente";"Céu Claro";"Múltipla";"Curva";"Sim";3;0;0;0;3;0;0;3;-22,807953;-43,289124;"SPRF-RJ";"DEL01-RJ";"UOP02-DEL01-RJ"
275680;2020-03-16;"segunda-feira";"04:45:00";"BA";101;214;"MURITIBA";"Falta de Atenção à Condução";"Colisão lateral";"Com Vítimas Feridas";"Amanhecer";"Crescente";"Céu Claro";"Simples";"Reta";"Não";3;0;3;0;0;0;3;2;-12,65351724;-39,12236761;"SPRF-BA";"DEL01-BA";"UOP03-DEL01-BA"
275682;2020-03-16;"segunda-feira";"05:30:00";"GO";70;0,2;"AGUAS LINDAS DE GOIAS";"Defeito Mecânico no Veículo";"Colisão traseira";"Sem Vítimas";"Amanhecer";"Decrescente";"Céu Claro";"Dupla";"Declive";"Não";7;0;0;0;7;0;0;7;-15,783543;-48,2326;"SPRF-DF";"DEL03-DF";"UOP02-DEL03-DF"
275683;2020-03-16;"segunda-feira";"04:30:00";"AL";101;65,6;"MESSIAS";"Falta de Atenção à Condução";"Colisão traseira";"Com Vítimas Feridas";"Amanhecer";"Decrescente";"Chuva";"Dupla";"Reta";"Não";7;0;3;0;3;1;3;3;-9,32413414;-35,82956829;"SPRF-AL";"DEL01-AL";"UOP02-DEL01-AL"
275685;2020-03-16;"segunda-feira";"05:00:00";"SC";470;145;"RIO DO SUL";"Velocidade Incompatível";"Colisão transversal";"Com Vítimas Feridas";"Plena Noite";"Decrescente";"Céu Claro";"Simples";"Reta";"Não";3;0;1;0;1;1;1;3;-27,237301;-49,682217;"SPRF-SC";"DEL04-SC";"UOP02-DEL04-SC"
275687;2020-03-16;"segunda-feira";"05:20:00";"SC";280;56;"GUARAMIRIM";"Falta de Atenção à Condução";"Colisão transversal";"Com Vítimas Feridas";"Amanhecer";"Decrescente";"Céu Claro";"Simples";"Reta";"Sim";4;0;1;0;2;1;1;3;-26,47947677;-49,00298702;"SPRF-SC";"DEL03-SC";"UOP03-DEL03-SC"
275688;2020-03-16;"segunda-feira";"06:30:00";"PR";277;4,8;"PARANAGUA";"Defeito Mecânico no Veículo";"Colisão traseira";"Com Vítimas Feridas";"Pleno dia";"Decrescente";"Céu Claro";"Dupla";"Reta";"Sim";3;0;1;0;1;1;1;3;-25,5205;-48,5095;"SPRF-PR";"DEL01-PR";"UOP05-DEL01-PR"
275689;2020-03-16;"segunda-feira";"06:25:00";"AL";101;95,3;"RIO LARGO";"Pista Escorregadia";"Engavetamento";"Com Vítimas Feridas";"Amanhecer";"Crescente";"Chuva";"Simples";"Declive;Em Obras;Curva";"Não";4;0;1;0;2;4;1;7;-9,52154511;-35,9386769;"SPRF-AL";"DEL01-AL";"UOP01-DEL01-AL"
275695;2020-03-16;"segunda-feira";"04:30:00";"RJ";40;125;"RIO DE JANEIRO";"Falta de Atenção à Condução";"Tombamento";"Sem Vítimas";"Amanhecer";"Crescente";"Céu Claro";"Simples";"Curva";"Sim";2;0;0;0;1;1;0;2;-22,81487101;-43,28828833;"SPRF-RJ";"DEL01-RJ";"UOP02-DEL01-RJ"
275703;2020-03-16;"segunda-feira";"03:20:00";"MG";381;700,8;"LAVRAS";"Velocidade Incompatível";"Saída de leito carroçável";"Com Vítimas Feridas";"Plena Noite";"Crescente";"Ignorado";"Dupla";"Declive";"Não";2;0;1;0;0;1;1;2;-21,31137883;-45,16451703;"SPRF-MG";"DEL04-MG";"UOP02-DEL04-MG"
275712;2020-03-16;"segunda-feira";"07:40:00";"PE";101;78,1;"JABOATAO DOS GUARARAPES";"Falta de Atenção à Condução";"Colisão lateral";"Com Vítimas Feridas";"Pleno dia";"Decrescente";"Chuva";"Dupla";"Curva";"Sim";3;0;1;0;1;1;1;3;-8,13496499;-34,94738614;"SPRF-PE";"DEL01-PE";"UOP01-DEL01-PE"
275724;2020-03-16;"segunda-feira";"08:55:00";"SC";101;123;"ITAJAI";"Desobediência às normas de trânsito pelo pedestre";"Atropelamento de Pedestre";"Com Vítimas Feridas";"Pleno dia";"Crescente";"Céu Claro";"Dupla";"Rotatória";"Não";3;0;1;0;1;1;1;3;-26,93668609;-48,69876905;"SPRF-SC";"DEL04-SC";"UOP04-DEL04-SC"
275725;2020-03-16;"segunda-feira";"08:30:00";"PE";101;43;"IGARASSU";"Falta de Atenção à Condução";"Colisão traseira";"Com Vítimas Feridas";"Pleno dia";"Decrescente";"Nublado";"Dupla";"Reta";"Sim";2;0;1;0;1;0;1;2;-7,84753808;-34,90977038;"SPRF-PE";"DEL01-PE";"UOP02-DEL01-PE"
275726;2020-03-16;"segunda-feira";"08:57:00";"ES";101;245,4;"SERRA";"Sinalização da via insuficiente ou inadequada";"Atropelamento de Pedestre";"Com Vítimas Fatais";"Pleno dia";"Decrescente";"Sol";"Dupla";"Ponte";"Não";3;1;0;0;1;1;0;2;-20,05454495;-40,38189997;"SPRF-ES";"DEL02-ES";"UOP01-DEL02-ES"
275728;2020-03-16;"segunda-feira";"08:35:00";"RS";290;48;"GLORINHA";"Condutor Dormindo";"Saída de leito carroçável";"Com Vítimas Feridas";"Pleno dia";"Crescente";"Chuva";"Dupla";"Reta";"Não";1;0;1;0;0;0;1;1;-29,8986;-50,739178;"SPRF-RS";"DEL03-RS";"UOP01-DEL03-RS"
275731;2020-03-16;"segunda-feira";"09:05:00";"ES";101;292,7;"CARIACICA";"Falta de Atenção à Condução";"Colisão traseira";"Com Vítimas Feridas";"Pleno dia";"Crescente";"Sol";"Dupla";"Reta";"Sim";3;0;1;0;2;0;1;2;-20,30650512;-40,39488717;"SPRF-ES";"DEL01-ES";"UOP01-DEL01-ES"
275734;2020-03-16;"segunda-feira";"09:20:00";"BA";324;531,5;"FEIRA DE SANTANA";"Falta de Atenção à Condução";"Colisão frontal";"Com Vítimas Feridas";"Pleno dia";"Decrescente";"Céu Claro";"Dupla";"Curva";"Não";3;0;1;0;2;0;1;3;-12,33362408;-38,85454306;"SPRF-BA";"DEL01-BA";"UOP01-DEL01-BA"
275735;2020-03-16;"segunda-feira";"09:30:00";"MG";40;615,7;"CONGONHAS";"Falta de Atenção à Condução";"Colisão traseira";"Com Vítimas Feridas";"Pleno dia";"Decrescente";"Céu Claro";"Simples";"Viaduto";"Não";3;0;1;0;1;3;1;5;-20,53765999;-43,82077849;"SPRF-MG";"DEL05-MG";"UOP02-DEL05-MG"
275738;2020-03-16;"segunda-feira";"07:50:00";"SC";470;141,4;"RIO DO SUL";"Falta de Atenção à Condução";"Colisão com objeto estático";"Com Vítimas Fatais";"Pleno dia";"Crescente";"Céu Claro";"Simples";"Curva";"Sim";4;2;1;1;0;0;2;3;-27,226065;-49,666161;"SPRF-SC";"DEL04-SC";"UOP02-DEL04-SC"
275741;2020-03-16;"segunda-feira";"10:40:00";"SE";101;45;"JAPARATUBA";"Velocidade Incompatível";"Saída de leito carroçável";"Sem Vítimas";"Pleno dia";"Crescente";"Chuva";"Dupla";"Reta";"Não";2;0;0;0;2;0;0;1;-10,55945116;-36,96850061;"SPRF-SE";"DEL02-SE";"UOP02-DEL02-SE"
275746;2020-03-16;"segunda-feira";"10:48:00";"PE";101;95;"CABO DE SANTO AGOSTINHO";"Falta de Atenção à Condução";"Colisão traseira";"Com Vítimas Feridas";"Pleno dia";"Crescente";"Nublado";"Dupla";"Reta";"Não";3;0;1;0;2;0;1;3;-8,25099;-35,01426;"SPRF-PE";"DEL01-PE";"UOP03-DEL01-PE"
275747;2020-03-16;"segunda-feira";"08:30:00";"SC";470;297;"CAMPOS NOVOS";"Desobediência às normas de trânsito pelo condutor";"Colisão lateral";"Com Vítimas Feridas";"Pleno dia";"Crescente";"Céu Claro";"Simples";"Reta";"Não";7;0;4;1;1;1;5;3;-27,354078;-51,027855;"SPRF-SC";"DEL07-SC";"UOP06-DEL07-SC"
275752;2020-03-16;"segunda-feira";"11:00:00";"RS";448;21;"PORTO ALEGRE";"Velocidade Incompatível";"Colisão com objeto estático";"Com Vítimas Feridas";"Pleno dia";"Crescente";"Chuva";"Dupla";"Curva";"Não";5;0;1;0;3;2;1;5;-29,96574;-51,202034;"SPRF-RS";"DEL01-RS";"UOP01-DEL01-RS"
275756;2020-03-16;"segunda-feira";"10:30:00";"BA";242;223;"ITABERABA";"Defeito Mecânico no Veículo";"Incêndio";"Sem Vítimas";"Pleno dia";"Decrescente";"Céu Claro";"Simples";"Reta";"Não";2;0;0;0;1;3;0;4;-12,521124;-40,260731;"SPRF-BA";"DEL06-BA";"UOP02-DEL06-BA"
275759;2020-03-16;"segunda-feira";"12:15:00";"RS";386;443,7;"CANOAS";"Defeito Mecânico no Veículo";"Colisão transversal";"Com Vítimas Feridas";"Pleno dia";"Decrescente";"Chuva";"Dupla";"Reta";"Não";4;0;3;0;0;1;3;4;-29,8906619;-51,20638242;"SPRF-RS";"DEL01-RS";"UOP01-DEL01-RS"
275760;2020-03-16;"segunda-feira";"10:40:00";"SC";101;380,9;"ICARA";"Falta de Atenção à Condução";"Tombamento";"Com Vítimas Feridas";"Pleno dia";"Decrescente";"Nublado";"Dupla";"Reta";"Não";2;0;1;0;1;0;1;1;-28,76183158;-49,29003239;"SPRF-SC";"DEL02-SC";"UOP02-DEL02-SC"
275770;2020-03-16;"segunda-feira";"13:00:00";"MG";153;55;"MONTE ALEGRE DE MINAS";"Falta de Atenção à Condução";"Saída de leito carroçável";"Sem Vítimas";"Pleno dia";"Crescente";"Céu Claro";"Dupla";"Reta";"Não";2;0;0;0;1;1;0;2;-18,85895798;-49,07613398;"SPRF-MG";"DEL15-MG";"UOP03-DEL15-MG"
275777;2020-03-16;"segunda-feira";"14:50:00";"ES";262;18,2;"VIANA";"Desobediência às normas de trânsito pelo condutor";"Colisão transversal";"Com Vítimas Feridas";"Pleno dia";"Crescente";"Céu Claro";"Simples";"Retorno Regulamentado";"Não";5;0;1;0;3;1;1;3;-20,39137228;-40,48080285;"SPRF-ES";"DEL01-ES";"UOP01-DEL01-ES"
275785;2020-03-16;"segunda-feira";"15:00:00";"PR";277;349,4;"GUARAPUAVA";"Falta de Atenção à Condução";"Colisão lateral";"Com Vítimas Feridas";"Pleno dia";"Crescente";"Sol";"Dupla";"Declive;Reta";"Sim";2;0;1;0;0;1;1;2;-25,389322;-51,518566;"SPRF-PR";"DEL08-PR";"UOP01-DEL08-PR"