"id";"data_inversa";"dia_semana";"horario";"uf";"br";"km";"municipio";"causa_acidente";"tipo_acidente";"classificacao_acidente";"fase_dia";"sentido_via";"condicao_metereologica";"tipo_pista";"tracado_via";"uso_solo";"pessoas";"mortos";"feridos_leves";"feridos_graves";"ilesos";"ignorados";"feridos";"veiculos";"latitude";"longitude";"regional";"delegacia";"uop"
276056;2020-03-18;"quarta-feira";"00:20:00";"PR";153;341,4;"REBOUCAS";"Defeito Mecânico no Veículo";"Incêndio";"Sem Vítimas";"Plena Noite";"Decrescente";"Céu Claro";"Simples";"Aclive;Curva";"Não";1;0;0;0;1;0;0;1;-25,53971597;-50,66046002;"SPRF-PR";"DEL03-PR";"UOP03-DEL03-PR"
276057;2020-03-18;"quarta-feira";"00:15:00";"PR";376;370,2;"ORTIGUEIRA";"Desobediência às normas de trânsito pelo condutor";"Colisão lateral";"Sem Vítimas";"Plena Noite";"Crescente";"Ignorado";"Simples";"Reta";"Não";3;0;0;0;1;3;0;4;-24,3744819;-50,79478685;"SPRF-PR";"DEL03-PR";"UOP02-DEL03-PR"
276059;2020-03-17;"terça-feira";"23:30:00";"RN";304;35,2;"MOSSORO";"Falta de Atenção à Condução";"Colisão lateral";"Sem Vítimas";"Plena Noite";"Crescente";"Nublado";"Simples";"Rotatória";"Sim";5;0;0;0;5;0;0;2;-5,16149497;-37,35068212;"SPRF-RN";"DEL04-RN";"UOP02-DEL04-RN"
276064;2020-03-18;"quarta-feira";"04:35:00";"RS";290;110;"ELDORADO DO SUL";"Ingestão de Álcool";"Colisão lateral";"Sem Vítimas";"Plena Noite";"Crescente";"Céu Claro";"Dupla";"Reta";"Não";3;0;0;0;2;1;0;3;-30,023552;-51,321091;"SPRF-RS";"DEL02-RS";"UOP01-DEL02-RS"
276067;2020-03-18;"quarta-feira";"05:10:00";"RJ";116;241;"PIRAI";"Fenômenos da Natureza";"Colisão traseira";"Com Vítimas Fatais";"Amanhecer";"Decrescente";"Nevoeiro/Neblina";"Dupla";"Declive";"Não";2;1;1;0;0;0;1;2;-22,64242197;-43,89766093;"SPRF-RJ";"DEL07-RJ";"UOP01-DEL07-RJ"
276068;2020-03-18;"quarta-feira";"05:30:00";"CE";116;101,8;"MORADA NOVA";"Falta de Atenção à Condução";"Colisão frontal";"Com Vítimas Feridas";"Pleno dia";"Crescente";"Céu Claro";"Simples";"Curva";"Não";5;0;0;2;2;1;2;3;-4,53749543;-38,30383301;"SPRF-CE";"DEL03-CE";"UOP02-DEL03-CE"
276074;2020-03-18;"quarta-feira";"06:30:00";"RS";392;203,5;"SANTANA DA BOA VISTA";"Velocidade Incompatível";"Colisão com objeto estático";"Com Vítimas Fatais";"Amanhecer";"Decrescente";"Chuva";"Simples";"Curva";"Não";4;1;1;1;0;3;2;5;-30,85644241;-53,15760612;"SPRF-RS";"DEL09-RS";"UOP02-DEL09-RS"
276080;2020-03-18;"quarta-feira";"05:10:00";"MG";381;711,5;"CARMO DA CACHOEIRA";"Carga excessiva e/ou mal acondicionada";"Tombamento";"Sem Vítimas";"Amanhecer";"Crescente";"Céu Claro";"Dupla";"Curva";"Não";2;0;0;0;1;1;0;2;-21,39313978;-45,19816009;"SPRF-MG";"DEL04-MG";"UOP02-DEL04-MG"
276082;2020-03-18;"quarta-feira";"01:50:00";"SC";101;138,6;"BALNEARIO CAMBORIU";"Velocidade Incompatível";"Saída de leito carroçável";"Com Vítimas Feridas";"Plena Noite";"Crescente";"Céu Claro";"Dupla";"Curva";"Sim";1;0;1;0;0;0;1;1;-27,0284901;-48,60489964;"SPRF-SC";"DEL04-SC";"UOP03-DEL04-SC"
276091;2020-03-18;"quarta-feira";"06:40:00";"MG";262;93,5;"ABRE CAMPO";"Condutor Dormindo";"Tombamento";"Com Vítimas Feridas";"Amanhecer";"Crescente";"Céu Claro";"Simples";"Curva";"Não";2;0;1;0;0;2;1;3;-20,31531995;-42,46661228;"SPRF-MG";"DEL03-MG";"UOP03-DEL03-MG"
276100;2020-03-18;"quarta-feira";"08:20:00";"SC";153;86,4;"CONCORDIA";"Velocidade Incompatível";"Colisão transversal";"Com Vítimas Feridas";"Pleno dia";"Crescente";"Chuva";"Simples";"Reta";"Não";3;0;1;0;2;0;1;2;-27,14958;-51,911221;"SPRF-SC";"DEL07-SC";"UOP04-DEL07-SC"
276103;2020-03-18;"quarta-feira";"07:00:00";"RJ";40;87;"PETROPOLIS";"Falta de Atenção à Condução";"Tombamento";"Sem Vítimas";"Pleno dia";"Crescente";"Céu Claro";"Simples";"Declive;Curva";"Não";1;0;0;0;1;0;0;1;-22,54413793;-43,23287799;"SPRF-RJ";"DEL06-RJ";"UOP01-DEL06-RJ"
276104;2020-03-18;"quarta-feira";"08:40:00";"MG";262;779,9;"UBERABA";"Defeito Mecânico no Veículo";"Incêndio";"Com Vítimas Feridas";"Pleno dia";"Crescente";"Céu Claro";"Simples";"Reta;Aclive";"Não";2;0;1;0;0;1;1;2;-19,76031983;-47,84038303;"SPRF-MG";"DEL13-MG";"UOP01-DEL13-MG"
276106;2020-03-15;"domingo";"03:30:00";"AM";174;898;"MANAUS";"Ingestão de Álcool";"Saída de leito carroçável";"Com Vítimas Feridas";"Plena Noite";"Crescente";"Céu Claro";"Simples";"Curva";"Não";2;0;2;0;0;0;2;1;-2,85248508;-60,03576584;"SPRF-AM";"DEL01-AM";"UOP01-DEL01-AM"
276107;2020-03-18;"quarta-feira";"09:00:00";"RJ";116;220,3;"PIRAI";"Carga excessiva e/ou mal acondicionada";"Derramamento de carga";"Sem Vítimas";"Pleno dia";"Crescente";"Céu Claro";"Simples";"Curva";"Não";2;0;0;0;1;1;0;2;-22,69305776;-43,77362606;"SPRF-RJ";"DEL07-RJ";"UOP01-DEL07-RJ"
276118;2020-03-18;"quarta-feira";"11:30:00";"SC";101;209;"SAO JOSE";"Não guardar distância de segurança";"Colisão lateral";"Com Vítimas Feridas";"Pleno dia";"Crescente";"Garoa/Chuvisco";"Dupla";"Reta;Interseção de Vias";"Sim";3;0;1;0;1;1;1;3;-27,61000542;-48,63895057;"SPRF-SC";"DEL01-SC";"UOP01-DEL01-SC"
276120;2020-03-18;"quarta-feira";"10:00:00";"MT";364;105,7;"ALTO GARCAS";"Falta de Atenção à Condução";"Tombamento";"Com Vítimas Fatais";"Pleno dia";"Decrescente";"Céu Claro";"Simples";"Reta";"Não";3;1;0;0;1;3;0;5;-16,84417771;-53,80288313;"SPRF-MT";"DEL02-MT";"UOP02-DEL02-MT"
276123;2020-03-18;"quarta-feira";"11:25:00";"CE";116;163,9;"RUSSAS";"Defeito Mecânico no Veículo";"Colisão frontal";"Com Vítimas Feridas";"Pleno dia";"Crescente";"Céu Claro";"Simples";"Curva";"Sim";2;0;1;0;1;0;1;2;-4,938666;-37,989956;"SPRF-CE";"DEL03-CE";"UOP01-DEL03-CE"
276124;2020-03-18;"quarta-feira";"10:10:00";"MA";135;6,8;"SAO LUIS";"Falta de Atenção à Condução";"Colisão lateral";"Com Vítimas Feridas";"Pleno dia";"Crescente";"Céu Claro";"Dupla";"Reta";"Não";5;0;1;1;3;0;2;2;-2,6193733;-44,31843325;"SPRF-MA";"DEL01-MA";"UOP01-DEL01-MA"
276135;2020-03-18;"quarta-feira";"10:10:00";"PI";343;225,1;"COCAL DE TELHA";"Falta de Atenção à Condução";"Colisão transversal";"Com Vítimas Feridas";"Pleno dia";"Crescente";"Sol";"Simples";"Reta";"Sim";2;0;0;1;1;0;1;2;-4,556586;-41,972683;"SPRF-PI";"DEL01-PI";"UOP03-DEL01-PI"
276136;2020-03-18;"quarta-feira";"08:37:00";"RO";364;812,9;"PORTO VELHO";"Falta de Atenção à Condução";"Colisão traseira";"Sem Vítimas";"Pleno dia";"Crescente";"Céu Claro";"Simples";"Reta";"Não";6;0;0;0;6;0;0;2;-9,27302723;-64,50218195;"SPRF-RO";"DEL01-RO";"UOP02-DEL01-RO"
276140;2020-03-18;"quarta-feira";"10:10:00";"MG";116;531,8;"CARATINGA";"Falta de Atenção à Condução";"Colisão traseira";"Com Vítimas Feridas";"Pleno dia";"Decrescente";"Nublado";"Simples";"Reta";"Não";2;0;1;0;1;0;1;2;-19,81937899;-42,13692704;"SPRF-MG";"DEL06-MG";"UOP02-DEL06-MG"
276141;2020-03-18;"quarta-feira";"13:20:00";"PR";163;291,2;"MARECHAL CANDIDO RONDON";"Ultrapassagem Indevida";"Colisão frontal";"Com Vítimas Feridas";"Pleno dia";"Crescente";"Chuva";"Simples";"Curva";"Não";4;0;0;2;1;2;2;5;-24,51651471;-54,08638;"SPRF-PR";"DEL06-PR";"UOP02-DEL06-PR"
276144;2020-03-18;"quarta-feira";"13:20:00";"PE";232;217,5;"PESQUEIRA";"Pista Escorregadia";"Colisão lateral";"Com Vítimas Feridas";"Pleno dia";"Decrescente";"Nublado";"Simples";"Reta";"Não";3;0;2;0;0;1;2;3;-8,39181714;-36,75611195;"SPRF-PE";"DEL03-PE";"UOP02-DEL03-PE"
276151;2020-03-18;"quarta-feira";"08:40:00";"SC";282;362;"ERVAL VELHO";"Velocidade Incompatível";"Colisão frontal";"Com Vítimas Fatais";"Pleno dia";"Crescente";"Céu Claro";"Simples";"Curva";"Não";3;1;0;0;1;1;0;3;-27,304995;-51,38102;"SPRF-SC";"DEL07-SC";"UOP05-DEL07-SC"
276153;2020-03-18;"quarta-feira";"08:25:00";"RO";364;524;"ARIQUEMES";"Não guardar distância de segurança";"Colisão traseira";"Com Vítimas Feridas";"Pleno dia";"Decrescente";"Nublado";"Simples";"Reta";"Não";5;0;0;1;3;1;1;4;-9,84331604;-63,05989318;"SPRF-RO";"DEL03-RO";"UOP01-DEL03-RO"
276156;2020-03-18;"quarta-feira";"13:20:00";"ES";101;131,3;"LINHARES";"Falta de Atenção à Condução";"Danos eventuais";"Com Vítimas Feridas";"Pleno dia";"Crescente";"Céu Claro";"Simples";"Aclive";"Não";5;0;1;0;4;0;1;4;-19,238965;-40,09170698;"SPRF-ES";"DEL04-ES";"UOP01-DEL04-ES"
276159;2020-03-18;"quarta-feira";"13:15:00";"SC";101;446,4;"SANTA ROSA DO SUL";"Velocidade Incompatível";"Colisão lateral";"Com Vítimas Feridas";"Pleno dia";"Decrescente";"Céu Claro";"Múltipla";"Curva";"Sim";3;0;1;0;1;1;1;3;-29,1554594;-49,73064423;"SPRF-SC";"DEL02-SC";"UOP02-DEL02-SC"
276162;2020-03-16;"segunda-feira";"16:45:00";"GO";158;195;"CAIAPONIA";"Defeito na Via";"Colisão traseira";"Com Vítimas Feridas";"Pleno dia";"Decrescente";"Sol";"Simples";"Aclive";"Não";3;0;1;0;1;4;1;6;-17,27298878;-51,89494754;"SPRF-GO";"DEL05-GO";"UOP01-DEL05-GO"
276184;2020-03-18;"quarta-feira";"16:15:00";"GO";60;439;"ANAPOLIS";"Falta de Atenção à Condução";"Colisão traseira";"Com Vítimas Feridas";"Pleno dia";"Crescente";"Céu Claro";"Dupla";"Reta";"Sim";3;0;1;0;1;1;1;3;-16,309029;-48,923315;"SPRF-GO";"DEL04-GO";"UOP01-DEL04-GO"
276185;2020-03-18;"quarta-feira";"16:30:00";"PE";232;127,1;"CARUARU";"Pista Escorregadia";"Saída de leito carroçável";"Com Vítimas Feridas";"Pleno dia";"Decrescente";"Chuva";"Dupla";"Curva";"Sim";2;0;1;0;1;0;1;1;-8,30610303;-35,96342301;"SPRF-PE";"DEL02-PE";"UOP03-DEL02-PE"
276192;2020-03-18;"quarta-feira";"15:18:00";"MG";251;469,2;"FRANCISCO SA";"Velocidade Incompatível";"Colisão lateral";"Sem Vítimas";"Pleno dia";"Decrescente";"Chuva";"Simples";"Curva";"Não";8;0;0;0;8;0;0;3;-16,47846186;-43,41953476;"SPRF-MG";"DEL12-MG";"UOP01-DEL12-MG"
276201;2020-03-18;"quarta-feira";"17:05:00";"PE";101;45,9;"IGARASSU";"Falta de Atenção à Condução";"Colisão transversal";"Com Vítimas Feridas";"Pleno dia";"Crescente";"Nublado";"Múltipla";"Reta";"Sim";2;0;1;0;1;0;1;2;-7,871187;-34,906634;"SPRF-PE";"DEL01-PE";"UOP02-DEL01-PE"
276203;2020-03-18;"quarta-feira";"17:35:00";"RO";364;362;"OURO PRETO DO OESTE";"Desobediência às normas de trânsito pelo condutor";"Colisão traseira";"Com Vítimas Feridas";"Anoitecer";"Crescente";"Nublado";"Simples";"Declive";"Não";2;0;0;1;1;0;1;2;-10,77706265;-62,07442393;"SPRF-RO";"DEL02-RO";"UOP01-DEL02-RO"
276204;2020-03-18;"quarta-feira";"17:25:00";"RS";470;175,4;"VERANOPOLIS";"Falta de Atenção à Condução";"Colisão traseira";"Com Vítimas Feridas";"Pleno dia";"Decrescente";"Nublado";"Simples";"Curva";"Sim";9;0;1;0;7;3;1;9;-28,92409163;-51,53831363;"SPRF-RS";"DEL06-RS";"UOP02-DEL06-RS"
276206;2020-03-18;"quarta-feira";"16:45:00";"PR";153;305,2;"IMBITUVA";"Velocidade Incompatível";"Colisão lateral";"Com Vítimas Feridas";"Pleno dia";"Crescente";"Chuva";"Simples";"Curva;Declive";"Não";6;0;0;4;1;1;4;3;-25,24851129;-50,6286032;"SPRF-PR";"DEL03-PR";"UOP03-DEL03-PR"
276216;2020-03-18;"quarta-feira";"18:20:00";"SP";116;362;"MIRACATU";"Defeito Mecânico no Veículo";"Tombamento";"Sem Vítimas";"Anoitecer";"Crescente";"Nublado";"Dupla";"Declive";"Não";13;0;0;0;1;12;0;13;-24,1220177;-47,27047772;"SPRF-SP";"DEL04-SP";"UOP02-DEL04-SP"
276229;2020-03-18;"quarta-feira";"20:40:00";"MG";262;368,2;"JUATUBA";"Ingestão de álcool e/ou substâncias psicoativas pelo pedestre";"Atropelamento de Pedestre";"Com Vítimas Fatais";"Plena Noite";"Crescente";"Nublado";"Dupla";"Reta";"Sim";2;1;0;0;1;0;0;2;-19,960206;-44,337529;"SPRF-MG";"DEL01-MG";"UOP03-DEL01-MG"
276230;2020-03-18;"quarta-feira";"16:00:00";"MG";116;91,1;"MEDINA";"Velocidade Incompatível";"Tombamento";"Com Vítimas Feridas";"Pleno dia";"Decrescente";"Sol";"Simples";"Declive;Curva";"Não";3;0;1;1;0;1;2;3;-16,35806302;-41,47023207;"SPRF-MG";"DEL11-MG";"UOP02-DEL11-MG"
276233;2020-03-18;"quarta-feira";"19:40:00";"RS";392;5,2;"RIO GRANDE";"Falta de Atenção à Condução";"Colisão transversal";"Com Vítimas Feridas";"Plena Noite";"Crescente";"Chuva";"Simples";"Reta";"Não";3;0;1;0;1;2;1;4;-32,07687877;-52,10166627;"SPRF-RS";"DEL07-RS";"UOP02-DEL07-RS"
276234;2020-03-18;"quarta-feira";"14:10:00";"RO";364;630;"CANDEIAS DO JAMARI";"Falta de Atenção à Condução";"Colisão traseira";"Com Vítimas Feridas";"Pleno dia";"Decrescente";"Chuva";"Simples";"Curva";"Não";5;0;2;0;3;0;2;2;-9,08302052;-63,3715249;"SPRF-RO";"DEL01-RO";"UOP04-DEL01-RO"
276238;2020-03-18;"quarta-feira";"15:00:00";"SC";470;192;"POUSO REDONDO";"Carga excessiva e/ou mal acondicionada";"Tombamento";"Com Vítimas Feridas";"Pleno dia";"Decrescente";"Garoa/Chuvisco";"Simples";"Curva";"Não";2;0;1;0;0;1;1;2;-27,293324;-50,078678;"SPRF-SC";"DEL04-SC";"UOP02-DEL04-SC"
276243;2020-03-18;"quarta-feira";"19:20:00";"MG";40;727,1;"OLIVEIRA FORTES";"Agressão Externa";"Colisão com objeto estático";"Sem Vítimas";"Plena Noite";"Decrescente";"Céu Claro";"Dupla";"Aclive;Curva";"Não";2;0;0;0;1;1;0;2;-21,33285875;-43,58543301;"SPRF-MG";"DEL05-MG";"UOP01-DEL05-MG"
276247;2020-03-18;"quarta-feira";"17:40:00";"RO";364;400;"OURO PRETO DO OESTE";"Falta de Atenção à Condução";"Tombamento";"Sem Vítimas";"Anoitecer";"Crescente";"Chuva";"Simples";"Reta";"Não";4;0;0;0;3;3;0;5;-10,6037419;-62,34299189;"SPRF-RO";"DEL03-RO";"UOP02-DEL03-RO"
276250;2020-03-18;"quarta-feira";"20:30:00";"MG";40;431,8;"PARAOPEBA";"Defeito Mecânico no Veículo";"Incêndio";"Sem Vítimas";"Plena Noite";"Decrescente";"Céu Claro";"Dupla";"Aclive";"Não";2;0;0;0;1;1;0;2;-19,19728375;-44,47966179;"SPRF-MG";"DEL02-MG";"UOP01-DEL02-MG"
276251;2020-03-18;"quarta-feira";"21:30:00";"ES";101;305;"VIANA";"Defeito Mecânico no Veículo";"Colisão com objeto estático";"Com Vítimas Feridas";"Plena Noite";"Decrescente";"Nublado";"Dupla";"Curva";"Não";2;0;0;1;0;2;1;3;-20,38392;-40,461254;"SPRF-ES";"DEL01-ES";"UOP01-DEL01-ES"
276252;2020-03-18;"quarta-feira";"16:15:00";"PR";476;248,7;"LAPA";"Pista Escorregadia";"Danos eventuais";"Sem Vítimas";"Pleno dia";"Decrescente";"Chuva";"Múltipla";"Curva";"Não";2;0;0;0;1;2;0;3;-25,86544092;-50,14803886;"SPRF-PR";"DEL02-PR";"UOP04-DEL02-PR"
276253;2020-03-18;"quarta-feira";"23:40:00";"PE";423;62,9;"LAJEDO";"Ingestão de Álcool";"Colisão frontal";"Com Vítimas Feridas";"Plena Noite";"Crescente";"Chuva";"Simples";"Reta;Aclive";"Não";3;0;1;0;1;1;1;3;-8,66011023;-36,33781395;"SPRF-PE";"DEL03-PE";"UOP01-DEL03-PE"
276255;2020-03-18;"quarta-feira";"23:44:00";"MG";50;81;"UBERLANDIA";"Falta de Atenção do Pedestre";"Atropelamento de Pedestre";"Com Vítimas Fatais";"Pleno dia";"Crescente";"Céu Claro";"Dupla";"Declive";"Sim";3;1;0;0;1;1;0;3;-18,986906;-48,211853;"SPRF-MG";"DEL15-MG";"UOP01-DEL15-MG"
276258;2020-03-18;"quarta-feira";"20:40:00";"PI";343;514;"AMARANTE";"Falta de Atenção à Condução";"Colisão lateral";"Com Vítimas Feridas";"Plena Noite";"Crescente";"Céu Claro";"Simples";"Reta";"Não";2;0;1;0;1;0;1;2;-6,313794;-42,81039;"SPRF-PI";"DEL03-PI";"UOP01-DEL03-PI"
276260;2020-03-18;"quarta-feira";"17:45:00";"MT";364;11,1;"ALTO ARAGUAIA";"Desobediência às normas de trânsito pelo condutor";"Colisão lateral";"Com Vítimas Fatais";"Anoitecer";"Crescente";"Céu Claro";"Simples";"Reta;Declive";"Não";4;1;0;1;1;1;1;4;-17,267666;-53,297404;"SPRF-MT";"DEL02-MT";"UOP02-DEL02-MT"
276261;2020-03-18;"quarta-feira";"22:35:00";"MS";267;175,5;"NOVA ALVORADA DO SUL";"Condutor Dormindo";"Saída de leito carroçável";"Com Vítimas Feridas";"Plena Noite";"Crescente";"Chuva";"Simples";"Reta;Aclive";"Não";4;0;2;0;1;1;2;3;-21,6194519;-53,68074417;"SPRF-MS";"DEL02-MS";"UOP03-DEL02-MS"
276264;2020-03-18;"quarta-feira";"16:20:00";"PR";116;24,3;"CAMPINA GRANDE DO SUL";"Falta de Atenção à Condução";"Saída de leito carroçável";"Sem Vítimas";"Pleno dia";"Decrescente";"Nublado";"Dupla";"Curva";"Não";1;0;0;0;1;0;0;1;-25,11286132;-48,75762463;"SPRF-PR";"DEL01-PR";"UOP02-DEL01-PR"
276265;2020-03-18;"quarta-feira";"23:50:00";"PR";277;475;"LARANJEIRAS DO SUL";"Falta de Atenção à Condução";"Tombamento";"Sem Vítimas";"Plena Noite";"Decrescente";"Céu Claro";"Simples";"Curva";"Não";2;0;0;0;1;1;0;2;-25,32770012;-52,55920932;"SPRF-PR";"DEL04-PR";"UOP02-DEL04-PR"
276294;2020-03-18;"quarta-feira";"21:30:00";"GO";153;165,6;"CAMPINORTE";"Desobediência às normas de trânsito pelo condutor";"Colisão com objeto estático";"Com Vítimas Feridas";"Plena Noite";"Crescente";"Céu Claro";"Simples";"Aclive";"Não";3;0;1;0;1;2;1;4;-14,213597;-49,131111;"SPRF-GO";"DEL07-GO";"UOP01-DEL07-GO"
276297;2020-03-19;"quinta-feira";"04:30:00";"BA";116;716,1;"MANOEL VITORINO";"Condutor Dormindo";"Colisão frontal";"Com Vítimas Feridas";"Plena Noite";"Crescente";"Nublado";"Simples";"Curva";"Não";4;0;2;0;1;3;2;6;-14,20013;-40,27157;"SPRF-BA";"DEL08-BA";"UOP02-DEL08-BA"
276299;2020-03-19;"quinta-feira";"04:45:00";"PB";230;190,3;"POCINHOS";"Condutor Dormindo";"Colisão com objeto estático";"Sem Vítimas";"Amanhecer";"Decrescente";"Nublado";"Simples";"Reta";"Não";1;0;0;0;1;0;0;1;-7,1361;-36,153;"SPRF-PB";"DEL02-PB";"UOP02-DEL02-PB"
276300;2020-03-19;"quinta-feira";"04:00:00";"SP";116;343;"MIRACATU";"Condutor Dormindo";"Saída de leito carroçável";"Sem Vítimas";"Plena Noite";"Crescente";"Nublado";"Dupla";"Reta";"Não";1;0;0;0;1;0;0;1;-24,02386904;-47,17257173;"SPRF-SP";"DEL04-SP";"UOP02-DEL04-SP"
276303;2020-03-19;"quinta-feira";"04:00:00";"SC";282;115,8;"ALFREDO WAGNER";"Velocidade Incompatível";"Saída de leito carroçável";"Com Vítimas Feridas";"Plena Noite";"Decrescente";"Céu Claro";"Simples";"Curva";"Não";1;0;1;0;0;0;1;1;-27,755424;-49,39444;"SPRF-SC";"DEL01-SC";"UOP03-DEL01-SC"
276305;2020-03-19;"quinta-feira";"06:35:00";"MG";381;873,9;"ESTIVA";"Velocidade Incompatível";"Tombamento";"Sem Vítimas";"Pleno dia";"Crescente";"Céu Claro";"Dupla";"Curva";"Não";2;0;0;0;1;2;0;3;-22,450796;-46,000139;"SPRF-MG";"DEL16-MG";"UOP01-DEL16-MG"
276312;2020-03-19;"quinta-feira";"07:22:00";"SP";116;210;"GUARULHOS";"Falta de Atenção à Condução";"Colisão lateral";"Com Vítimas Feridas";"Amanhecer";"Crescente";"Nublado";"Dupla";"Aclive";"Sim";2;0;1;0;1;0;1;2;-23,42870023;-46,41085991;"SPRF-SP";"DEL01-SP";"UOP01-DEL01-SP"
276317;2020-03-19;"quinta-feira";"06:30:00";"RS";116;121,7;"SAO MARCOS";"Falta de Atenção à Condução";"Tombamento";"Com Vítimas Feridas";"Amanhecer";"Crescente";"Céu Claro";"Dupla";"Curva";"Não";2;0;1;0;0;2;1;3;-29,00573128;-51,06932906;"SPRF-RS";"DEL05-RS";"UOP01-DEL05-RS"
276327;2020-03-19;"quinta-feira";"08:00:00";"PR";116;70,6;"CAMPINA GRANDE DO SUL";"Falta de Atenção à Condução";"Atropelamento de Pedestre";"Com Vítimas Feridas";"Pleno dia";"Crescente";"Sol";"Dupla";"Reta";"Não";2;0;1;0;0;1;1;2;-25,33849717;-49,03792883;"SPRF-PR";"DEL01-PR";"UOP01-DEL01-PR"
276331;2020-03-19;"quinta-feira";"07:30:00";"MG";381;510;"SAO JOAQUIM DE BICAS";"Falta de Atenção à Condução";"Tombamento";"Com Vítimas Feridas";"Pleno dia";"Crescente";"Céu Claro";"Dupla";"Reta";"Sim";3;0;1;0;1;2;1;4;-20,07738209;-44,30434488;"SPRF-MG";"DEL01-MG";"UOP03-DEL01-MG"
276332;2020-02-15;"sábado";"03:34:00";"PA";316;84;"SAO FRANCISCO DO PARA";"Desobediência às normas de trânsito pelo condutor";"Tombamento";"Com Vítimas Feridas";"Plena Noite";"Decrescente";"Céu Claro";"Simples";"Reta";"Não";4;0;1;0;2;2;1;4;-1,3101929;-47,74456398;"SPRF-PA";"DEL01-PA";"UOP02-DEL01-PA"
276333;2020-03-19;"quinta-feira";"09:40:00";"PR";376;665;"GUARATUBA";"Defeito Mecânico no Veículo";"Saída de leito carroçável";"Sem Vítimas";"Pleno dia";"Crescente";"Céu Claro";"Dupla";"Declive;Curva";"Não";2;0;0;0;2;0;0;1;-25,85455838;-48,95670808;"SPRF-PR";"DEL01-PR";"UOP04-DEL01-PR"
276334;2020-02-08;"sábado";"12:50:00";"MG";381;481,7;"BETIM";"Falta de Atenção à Condução";"Colisão com objeto estático";"Com Vítimas Feridas";"Pleno dia";"Decrescente";"Nublado";"Dupla";"Reta";"Sim";3;0;1;0;1;1;1;3;-19,95931561;-44,08825597;"SPRF-MG";"DEL01-MG";"UOP03-DEL01-MG"
276353;2020-03-19;"quinta-feira";"01:20:00";"ES";101;184;"ARACRUZ";"Falta de Atenção à Condução";"Tombamento";"Com Vítimas Feridas";"Plena Noite";"Crescente";"Nublado";"Simples";"Curva;Declive";"Não";2;0;1;0;0;1;1;2;-19,65524008;-40,23355674;"SPRF-ES";"DEL04-ES";"UOP01-DEL04-ES"
276356;2020-03-19;"quinta-feira";"13:00:00";"DF";80;17;"BRASILIA";"Falta de Atenção à Condução";"Tombamento";"Com Vítimas Feridas";"Pleno dia";"Decrescente";"Céu Claro";"Dupla";"Retorno Regulamentado";"Sim";1;0;1;0;0;0;1;1;-15,689571;-48,205985;"SPRF-DF";"DEL03-DF";"UOP02-DEL03-DF"
276360;2020-03-19;"quinta-feira";"11:00:00";"BA";101;293;"LAJE";"Velocidade Incompatível";"Colisão frontal";"Com Vítimas Fatais";"Pleno dia";"Crescente";"Chuva";"Simples";"Curva";"Não";4;2;0;0;1;1;0;3;-13,203282;-39,322347;"SPRF-BA";"DEL01-BA";"UOP02-DEL01-BA"
276368;2020-03-19;"quinta-feira";"14:10:00";"MG";153;194,7;"FRUTAL";"Defeito Mecânico no Veículo";"Colisão com objeto em movimento";"Com Vítimas Fatais";"Pleno dia";"Crescente";"Sol";"Simples";"Declive";"Não";2;1;0;0;1;0;0;1;-19,9622283;-48,98832279;"SPRF-MG";"DEL13-MG";"UOP02-DEL13-MG"
276370;2020-03-19;"quinta-feira";"14:30:00";"SE";101;2;"PROPRIA";"Condutor Dormindo";"Saída de leito carroçável";"Com Vítimas Feridas";"Pleno dia";"Crescente";"Chuva";"Simples";"Reta";"Não";1;0;1;0;0;0;1;1;-10,22260924;-36,83049779;"SPRF-SE";"DEL02-SE";"UOP02-DEL02-SE"
276373;2020-03-19;"quinta-feira";"15:44:00";"PA";222;243;"MARABA";"Ultrapassagem Indevida";"Tombamento";"Com Vítimas Fatais";"Pleno dia";"Decrescente";"Céu Claro";"Simples";"Ponte";"Sim";3;1;0;0;1;2;0;4;-5,3210471;-49,08245087;"SPRF-PA";"DEL03-PA";"UOP01-DEL03-PA"
276374;2020-03-19;"quinta-feira";"14:00:00";"SP";116;512,3;"CAJATI";"Velocidade Incompatível";"Tombamento";"Com Vítimas Feridas";"Pleno dia";"Decrescente";"Céu Claro";"Simples";"Curva";"Não";2;0;1;0;0;1;1;2;-24,84304306;-48,22027915;"SPRF-SP";"DEL05-SP";"UOP02-DEL05-SP"
276376;2020-03-19;"quinta-feira";"13:30:00";"PA";230;572;"VITORIA DO XINGU";"Velocidade Incompatível";"Saída de leito carroçável";"Sem Vítimas";"Pleno dia";"Decrescente";"Chuva";"Simples";"Curva";"Não";2;0;0;0;1;1;0;2;-3,135454;-51,712702;"SPRF-PA";"DEL04-PA";"UOP01-DEL04-PA"
276377;2020-03-17;"terça-feira";"18:50:00";"PA";10;346;"SANTA MARIA DO PARA";"Falta de Atenção do Pedestre";"Atropelamento de Pedestre";"Com Vítimas Feridas";"Plena Noite";"Decrescente";"Nublado";"Simples";"Reta";"Sim";2;0;0;1;0;1;1;2;-1,416206;-47,552919;"SPRF-PA";"DEL01-PA";"UOP02-DEL01-PA"
276378;2020-03-19;"quinta-feira";"15:30:00";"GO";60;122;"GOIANAPOLIS";"Condutor Dormindo";"Saída de leito carroçável";"Com Vítimas Feridas";"Pleno dia";"Decrescente";"Céu Claro";"Dupla";"Reta";"Não";2;0;1;0;0;1;1;2;-16,5112;-49,1185;"SPRF-GO";"DEL01-GO";"UOP01-DEL01-GO"