"id";"data_inversa";"dia_semana";"horario";"uf";"br";"km";"municipio";"causa_acidente";"tipo_acidente";"classificacao_acidente";"fase_dia";"sentido_via";"condicao_metereologica";"tipo_pista";"tracado_via";"uso_solo";"pessoas";"mortos";"feridos_leves";"feridos_graves";"ilesos";"ignorados";"feridos";"veiculos";"latitude";"longitude";"regional";"delegacia";"uop"
276380;2020-03-19;"quinta-feira";"10:00:00";"BA";116;595;"IRAJUBA";"Velocidade Incompatível";"Tombamento";"Com Vítimas Feridas";"Pleno dia";"Crescente";"Céu Claro";"Simples";"Curva";"Não";3;0;2;0;0;1;2;2;-13,17351892;-39,99933014;"SPRF-BA";"DEL03-BA";"UOP02-DEL03-BA"
276381;2020-03-19;"quinta-feira";"14:25:00";"PE";101;82,6;"JABOATAO DOS GUARARAPES";"Desobediência às normas de trânsito pelo condutor";"Colisão lateral";"Sem Vítimas";"Pleno dia";"Crescente";"Céu Claro";"Dupla";"Interseção de Vias";"Sim";2;0;0;0;2;0;0;2;-8,168383;-34,9376;"SPRF-PE";"DEL01-PE";"UOP03-DEL01-PE"
276384;2020-03-19;"quinta-feira";"16:20:00";"MG";381;902,9;"CAMBUI";"Desobediência às normas de trânsito pelo pedestre";"Atropelamento de Pedestre";"Com Vítimas Fatais";"Pleno dia";"Decrescente";"Céu Claro";"Dupla";"Curva";"Não";3;1;0;0;1;1;0;3;-22,67444472;-46,09767911;"SPRF-MG";"DEL16-MG";"UOP03-DEL16-MG"
276390;2020-03-19;"quinta-feira";"16:40:00";"GO";153;507,3;"APARECIDA DE GOIANIA";"Falta de Atenção à Condução";"Colisão lateral";"Com Vítimas Feridas";"Pleno dia";"Crescente";"Céu Claro";"Múltipla";"Aclive";"Sim";3;0;1;0;2;0;1;2;-16,7715;-49,2387;"SPRF-GO";"DEL01-GO";"UOP03-DEL01-GO"
276396;2020-03-19;"quinta-feira";"17:15:00";"GO";60;103,7;"ANAPOLIS";"Falta de Atenção à Condução";"Colisão lateral";"Com Vítimas Feridas";"Pleno dia";"Crescente";"Chuva";"Dupla";"Declive;Reta";"Não";3;0;1;0;1;1;1;3;-16,4098;-48,9913;"SPRF-GO";"DEL02-GO";"UOP01-DEL02-GO"
276407;2020-03-19;"quinta-feira";"16:30:00";"MT";163;897;"CLAUDIA";"Falta de Atenção à Condução";"Tombamento";"Sem Vítimas";"Pleno dia";"Crescente";"Céu Claro";"Simples";"Reta";"Não";2;0;0;0;1;2;0;3;-11,30355096;-55,32207014;"SPRF-MT";"DEL06-MT";"NPF/DEL06-MT"
276408;2020-02-01;"sábado";"09:30:00";"GO";452;5,8;"RIO VERDE";"Não guardar distância de segurança";"Saída de leito carroçável";"Sem Vítimas";"Pleno dia";"Decrescente";"Céu Claro";"Simples";"Reta";"Não";6;0;0;0;2;7;0;7;-17,810072;-50,861195;"SPRF-GO";"DEL04-GO";"UOP01-DEL04-GO"
276413;2020-03-19;"quinta-feira";"17:20:00";"SC";280;121,4;"SAO BENTO DO SUL";"Velocidade Incompatível";"Tombamento";"Sem Vítimas";"Pleno dia";"Decrescente";"Céu Claro";"Simples";"Interseção de Vias";"Não";2;0;0;0;1;1;0;2;-26,25533096;-49,45057797;"SPRF-SC";"DEL06-SC";"UOP03-DEL06-SC"
276414;2020-03-19;"quinta-feira";"19:00:00";"MG";381;893,4;"CAMBUI";"Falta de Atenção do Pedestre";"Atropelamento de Pedestre";"Com Vítimas Fatais";"Plena Noite";"Decrescente";"Céu Claro";"Dupla";"Reta";"Não";3;1;0;0;1;1;0;3;-22,56982221;-46,04135156;"SPRF-MG";"DEL16-MG";"UOP03-DEL16-MG"
276418;2020-03-19;"quinta-feira";"17:50:00";"TO";226;0,7;"AGUIARNOPOLIS";"Defeito Mecânico no Veículo";"Colisão com objeto estático";"Sem Vítimas";"Anoitecer";"Decrescente";"Céu Claro";"Simples";"Reta;Declive";"Não";2;0;0;0;1;3;0;4;-6,56120894;-47,46475697;"SPRF-TO";"DEL02-TO";"UOP03-DEL02-TO"
276421;2020-03-19;"quinta-feira";"20:10:00";"PR";376;592;"CURITIBA";"Falta de Atenção à Condução";"Colisão traseira";"Com Vítimas Feridas";"Plena Noite";"Decrescente";"Ignorado";"Dupla";"Reta";"Sim";4;0;0;1;1;4;1;6;-25,46833525;-49,35524543;"SPRF-PR";"DEL01-PR";"UOP06-DEL01-PR"
276424;2020-03-19;"quinta-feira";"14:30:00";"RO";435;124;"CEREJEIRAS";"Desobediência às normas de trânsito pelo condutor";"Colisão transversal";"Com Vítimas Feridas";"Pleno dia";"Crescente";"Céu Claro";"Simples";"Interseção de Vias";"Sim";2;0;0;1;1;0;1;2;-13,188876;-60,817287;"SPRF-RO";"DEL04-RO";"UOP02-DEL04-RO"
276426;2020-03-19;"quinta-feira";"20:30:00";"MG";40;532;"BELO HORIZONTE";"Falta de Atenção à Condução";"Engavetamento";"Com Vítimas Feridas";"Plena Noite";"Crescente";"Chuva";"Dupla";"Declive;Reta";"Sim";4;0;0;1;2;1;1;4;-19,92372561;-44,01700789;"SPRF-MG";"DEL01-MG";"UOP02-DEL01-MG"
276433;2020-03-19;"quinta-feira";"19:50:00";"PI";135;127;"BERTOLINIA";"Falta de Atenção à Condução";"Saída de leito carroçável";"Sem Vítimas";"Plena Noite";"Decrescente";"Céu Claro";"Simples";"Declive";"Não";2;0;0;0;1;2;0;3;-7,66499735;-43,95114347;"SPRF-PI";"DEL03-PI";"UOP01-DEL03-PI"
276434;2020-03-19;"quinta-feira";"18:45:00";"PE";101;185,5;"PALMARES";"Ingestão de Álcool";"Colisão traseira";"Sem Vítimas";"Plena Noite";"Decrescente";"Céu Claro";"Dupla";"Retorno Regulamentado";"Sim";3;0;0;0;2;1;0;3;-8,67427585;-35,57646077;"SPRF-PE";"DEL01-PE";"UOP03-DEL01-PE"
276436;2020-03-19;"quinta-feira";"18:30:00";"SC";282;554,7;"NOVA ITABERABA";"Não guardar distância de segurança";"Engavetamento";"Com Vítimas Feridas";"Anoitecer";"Decrescente";"Céu Claro";"Simples";"Interseção de Vias";"Não";3;0;1;0;2;0;1;3;-26,936268;-52,800812;"SPRF-SC";"DEL07-SC";"UOP01-DEL07-SC"
276438;2020-03-19;"quinta-feira";"20:00:00";"SP";116;541;"BARRA DO TURVO";"Desobediência às normas de trânsito pelo condutor";"Colisão traseira";"Sem Vítimas";"Plena Noite";"Decrescente";"Céu Claro";"Dupla";"Declive;Curva";"Não";2;0;0;0;2;0;0;2;-24,97245688;-48,39976606;"SPRF-SP";"DEL05-SP";"UOP02-DEL05-SP"
276442;2020-03-19;"quinta-feira";"20:00:00";"MT";364;157;"PEDRA PRETA";"Ultrapassagem Indevida";"Tombamento";"Sem Vítimas";"Plena Noite";"Decrescente";"Céu Claro";"Simples";"Reta";"Não";2;0;0;0;1;2;0;3;-16,75242006;-54,26980018;"SPRF-MT";"DEL02-MT";"UOP01-DEL02-MT"
276443;2020-03-19;"quinta-feira";"22:35:00";"PR";277;584;"CASCAVEL";"Desobediência às normas de trânsito pelo condutor";"Colisão transversal";"Sem Vítimas";"Plena Noite";"Crescente";"Céu Claro";"Simples";"Reta";"Sim";2;0;0;0;1;1;0;2;-24,96441639;-53,40917143;"SPRF-PR";"DEL04-PR";"UOP01-DEL04-PR"
276446;2020-02-28;"sexta-feira";"22:30:00";"MG";40;431,8;"PARAOPEBA";"Condutor Dormindo";"Colisão com objeto estático";"Com Vítimas Feridas";"Plena Noite";"Decrescente";"Chuva";"Dupla";"Aclive;Reta";"Não";3;0;0;1;1;1;1;3;-19,203249;-44,472103;"SPRF-MG";"DEL02-MG";"UOP01-DEL02-MG"
276448;2020-03-19;"quinta-feira";"21:50:00";"MG";116;488,8;"INHAPIM";"Velocidade Incompatível";"Colisão lateral";"Com Vítimas Feridas";"Plena Noite";"Crescente";"Céu Claro";"Simples";"Reta";"Não";3;0;0;1;1;2;1;4;-19,45939593;-42,13063936;"SPRF-MG";"DEL06-MG";"UOP02-DEL06-MG"
276453;2020-03-19;"quinta-feira";"16:20:00";"MA";135;6;"SAO LUIS";"Falta de Atenção à Condução";"Atropelamento de Pedestre";"Sem Vítimas";"Pleno dia";"Decrescente";"Nublado";"Múltipla";"Reta";"Sim";3;0;0;0;2;1;0;3;-2,62877986;-44,26321818;"SPRF-MA";"DEL01-MA";"UOP01-DEL01-MA"
276456;2020-03-19;"quinta-feira";"23:50:00";"MG";153;244,5;"FRONTEIRA";"Mal Súbito";"Colisão frontal";"Com Vítimas Fatais";"Plena Noite";"Crescente";"Nublado";"Simples";"Reta";"Não";4;1;0;0;1;2;0;4;-20,29847332;-49,20614844;"SPRF-MG";"DEL13-MG";"UOP02-DEL13-MG"
276457;2020-03-19;"quinta-feira";"19:30:00";"SC";282;67,6;"RANCHO QUEIMADO";"Ultrapassagem Indevida";"Colisão frontal";"Com Vítimas Feridas";"Plena Noite";"Crescente";"Nublado";"Simples";"Curva";"Não";4;0;2;0;2;0;2;2;-27,69143236;-49,07215118;"SPRF-SC";"DEL01-SC";"UOP03-DEL01-SC"
276458;2020-03-19;"quinta-feira";"19:30:00";"SC";282;44;"AGUAS MORNAS";"Falta de Atenção à Condução";"Colisão traseira";"Com Vítimas Feridas";"Plena Noite";"Decrescente";"Nublado";"Simples";"Curva";"Não";3;0;1;0;2;0;1;2;-27,722137;-48,90694;"SPRF-SC";"DEL01-SC";"UOP03-DEL01-SC"
276459;2020-03-19;"quinta-feira";"14:50:00";"MT";364;475;"JANGADA";"Defeito Mecânico no Veículo";"Tombamento";"Com Vítimas Fatais";"Pleno dia";"Crescente";"Chuva";"Simples";"Curva;Declive";"Não";2;1;0;0;0;2;0;3;-15,38259472;-56,39799356;"SPRF-MT";"DEL01-MT";"DEL2/4-UOP02/MT"
276462;2020-03-20;"sexta-feira";"00:30:00";"SP";116;70;"APARECIDA";"Velocidade Incompatível";"Tombamento";"Sem Vítimas";"Plena Noite";"Decrescente";"Céu Claro";"Dupla";"Declive;Curva";"Sim";2;0;0;0;1;1;0;2;-22,84940402;-45,22727966;"SPRF-SP";"DEL08-SP";"UOP01-DEL08-SP"
276463;2020-03-20;"sexta-feira";"01:30:00";"MG";40;572;"ITABIRITO";"Falta de Atenção à Condução";"Tombamento";"Com Vítimas Feridas";"Plena Noite";"Decrescente";"Chuva";"Simples";"Reta";"Não";2;0;1;0;0;1;1;2;-20,23058501;-43,96905104;"SPRF-MG";"DEL01-MG";"UOP02-DEL01-MG"
276467;2020-03-19;"quinta-feira";"23:30:00";"PR";277;129,8;"CAMPO LARGO";"Falta de Atenção à Condução";"Colisão traseira";"Com Vítimas Feridas";"Plena Noite";"Crescente";"Céu Claro";"Dupla";"Reta";"Não";3;0;1;1;0;1;2;3;-25,45766566;-49,64120865;"SPRF-PR";"DEL01-PR";"UOP03-DEL03-PR"
276469;2020-03-20;"sexta-feira";"01:30:00";"SP";116;512,5;"CAJATI";"Falta de Atenção à Condução";"Colisão traseira";"Sem Vítimas";"Plena Noite";"Decrescente";"Chuva";"Simples";"Curva";"Não";2;0;0;0;2;0;0;2;-24,84304306;-48,22027915;"SPRF-SP";"DEL05-SP";"UOP02-DEL05-SP"
276470;2020-03-20;"sexta-feira";"02:40:00";"CE";20;7;"PARAMBU";"Velocidade Incompatível";"Capotamento";"Com Vítimas Feridas";"Plena Noite";"Crescente";"Céu Claro";"Simples";"Declive;Curva";"Não";1;0;1;0;0;0;1;1;-6,47817697;-40,74776253;"SPRF-CE";"DEL02-CE";"UOP02-DEL02-CE"
276471;2020-03-20;"sexta-feira";"01:50:00";"SP";116;523;"BARRA DO TURVO";"Falta de Atenção à Condução";"Colisão com objeto estático";"Sem Vítimas";"Plena Noite";"Crescente";"Chuva";"Dupla";"Declive;Reta";"Não";2;0;0;0;1;1;0;2;-24,91273105;-48,25307091;"SPRF-SP";"DEL05-SP";"UOP02-DEL05-SP"
276475;2020-03-20;"sexta-feira";"02:40:00";"MT";364;285,4;"JACIARA";"Falta de Atenção à Condução";"Saída de leito carroçável";"Com Vítimas Feridas";"Plena Noite";"Decrescente";"Nublado";"Dupla";"Curva";"Não";2;0;0;1;0;1;1;2;-15,90624979;-55,04864784;"SPRF-MT";"DEL05-MT";"UOP02-DEL05-MT"
276476;2020-03-20;"sexta-feira";"04:40:00";"RS";101;16,7;"OSORIO";"Condutor Dormindo";"Saída de leito carroçável";"Com Vítimas Fatais";"Plena Noite";"Decrescente";"Céu Claro";"Simples";"Curva";"Não";4;1;0;0;0;3;0;3;-29,766032;-50,198664;"SPRF-RS";"DEL03-RS";"UOP01-DEL03-RS"
276478;2020-03-20;"sexta-feira";"04:20:00";"MT";70;7;"BARRA DO GARCAS";"Falta de Atenção à Condução";"Tombamento";"Com Vítimas Feridas";"Plena Noite";"Crescente";"Céu Claro";"Simples";"Rotatória";"Sim";2;0;1;0;0;1;1;2;-15,878143;-52,316788;"SPRF-MT";"DEL07-MT";"UOP01-DEL07-MT"
276479;2020-03-20;"sexta-feira";"05:50:00";"RJ";101;78;"CAMPOS DOS GOYTACAZES";"Falta de Atenção à Condução";"Colisão com objeto estático";"Sem Vítimas";"Amanhecer";"Decrescente";"Céu Claro";"Simples";"Reta";"Não";1;0;0;0;1;0;0;1;-21,83525792;-41,41878002;"SPRF-RJ";"DEL08-RJ";"UOP02-DEL08-RJ"
276480;2020-03-20;"sexta-feira";"05:55:00";"DF";40;6,2;"BRASILIA";"Não guardar distância de segurança";"Colisão traseira";"Com Vítimas Fatais";"Amanhecer";"Decrescente";"Céu Claro";"Dupla";"Reta";"Não";2;1;0;0;0;1;0;2;-16,029741;-47,978867;"SPRF-DF";"DEL01-DF";"UOP01-DEL01-DF"
276481;2020-03-20;"sexta-feira";"05:20:00";"PR";376;59,6;"GUAIRACA";"Velocidade Incompatível";"Colisão com objeto estático";"Com Vítimas Feridas";"Plena Noite";"Decrescente";"Céu Claro";"Simples";"Curva";"Não";2;0;1;0;0;1;1;2;-22,92968;-52,85314;"SPRF-PR";"DEL09-PR";"UOP02-DEL09-PR"
276483;2020-03-09;"segunda-feira";"01:40:00";"GO";80;135;"BARRO ALTO";"Defeito Mecânico no Veículo";"Saída de leito carroçável";"Com Vítimas Feridas";"Plena Noite";"Decrescente";"Céu Claro";"Simples";"Curva";"Não";1;0;1;0;0;0;1;1;-14,88187909;-48,98762271;"SPRF-GO";"DEL07-GO";"UOP01-DEL07-GO"
276487;2020-03-20;"sexta-feira";"05:00:00";"MG";365;597;"UBERLANDIA";"Restrição de Visibilidade";"Colisão frontal";"Com Vítimas Feridas";"Plena Noite";"Decrescente";"Chuva";"Simples";"Curva";"Não";2;0;1;0;1;0;1;2;-18,8834487;-48,10395907;"SPRF-MG";"DEL15-MG";"UOP01-DEL15-MG"
276496;2020-03-20;"sexta-feira";"06:30:00";"SC";101;46,5;"JOINVILLE";"Carga excessiva e/ou mal acondicionada";"Derramamento de carga";"Com Vítimas Feridas";"Pleno dia";"Crescente";"Nublado";"Dupla";"Reta";"Sim";5;0;1;0;3;1;1;4;-26,33150083;-48,86187762;"SPRF-SC";"DEL03-SC";"UOP01-DEL03-SC"
276501;2020-03-20;"sexta-feira";"04:00:00";"ES";101;2,8;"ICONHA";"Falta de Atenção à Condução";"Colisão transversal";"Com Vítimas Fatais";"Plena Noite";"Crescente";"Céu Claro";"Dupla";"Reta";"Não";2;1;0;0;0;1;0;2;-20,8062166;-40,7958502;"SPRF-ES";"DEL03-ES";"UOP01-DEL03-ES"
276502;2020-03-20;"sexta-feira";"06:45:00";"SP";116;330;"JUQUITIBA";"Não guardar distância de segurança";"Colisão traseira";"Com Vítimas Feridas";"Pleno dia";"Crescente";"Nublado";"Dupla";"Aclive;Reta";"Não";4;0;2;0;1;2;2;4;-23,9442931;-47,09668891;"SPRF-SP";"DEL04-SP";"UOP01-DEL04-SP"
276503;2020-03-20;"sexta-feira";"06:50:00";"RO";364;237;"CACOAL";"Desobediência às normas de trânsito pelo condutor";"Colisão traseira";"Com Vítimas Feridas";"Pleno dia";"Decrescente";"Nublado";"Simples";"Reta;Interseção de Vias";"Sim";2;0;0;1;1;0;1;2;-11,44362215;-61,44672632;"SPRF-RO";"DEL02-RO";"UOP02-DEL02-RO"
276506;2020-01-28;"terça-feira";"10:20:00";"PR";277;8,5;"PARANAGUA";"Mal Súbito";"Saída de leito carroçável";"Com Vítimas Feridas";"Pleno dia";"Decrescente";"Nublado";"Dupla";"Reta";"Não";2;0;1;0;0;1;1;2;-25,568198;-48,615292;"SPRF-PR";"DEL01-PR";"UOP05-DEL01-PR"
276512;2020-03-20;"sexta-feira";"08:30:00";"GO";60;34,4;"GUAPO";"Falta de Atenção à Condução";"Colisão traseira";"Com Vítimas Feridas";"Pleno dia";"Decrescente";"Chuva";"Dupla";"Reta";"Sim";5;0;1;0;4;0;1;2;-16,8323;-49,5382;"SPRF-GO";"DEL01-GO";"UOP02-DEL01-GO"
276513;2020-03-20;"sexta-feira";"09:20:00";"SP";116;22,2;"LAVRINHAS";"Carga excessiva e/ou mal acondicionada";"Derramamento de carga";"Sem Vítimas";"Pleno dia";"Crescente";"Céu Claro";"Dupla";"Curva";"Não";2;0;0;0;1;1;0;2;-22,58368521;-44,87772952;"SPRF-SP";"DEL08-SP";"UOP02-DEL08-SP"
276514;2020-03-20;"sexta-feira";"09:10:00";"MT";364;459;"VARZEA GRANDE";"Falta de Atenção à Condução";"Saída de leito carroçável";"Com Vítimas Feridas";"Pleno dia";"Decrescente";"Chuva";"Dupla";"Reta";"Não";1;0;1;0;0;0;1;1;-15,53593998;-56,27611937;"SPRF-MT";"DEL01-MT";"DEL2/4-UOP02/MT"
276516;2020-03-20;"sexta-feira";"06:20:00";"MG";262;490,9;"MOEMA";"Condutor Dormindo";"Colisão lateral";"Com Vítimas Feridas";"Pleno dia";"Decrescente";"Chuva";"Simples";"Reta";"Não";3;0;1;0;1;3;1;5;-19,78273683;-45,34197299;"SPRF-MG";"DEL08-MG";"UOP03-DEL08-MG"
276519;2020-03-20;"sexta-feira";"08:30:00";"RJ";116;286;"BARRA MANSA";"Falta de Atenção à Condução";"Colisão traseira";"Sem Vítimas";"Pleno dia";"Decrescente";"Céu Claro";"Múltipla";"Curva";"Não";2;0;0;0;2;0;0;2;-22,49846046;-44,23342487;"SPRF-RJ";"DEL07-RJ";"UOP02-DEL07-RJ"
276525;2020-03-20;"sexta-feira";"09:35:00";"MT";364;209,2;"RONDONOPOLIS";"Velocidade Incompatível";"Tombamento";"Com Vítimas Feridas";"Pleno dia";"Decrescente";"Nublado";"Dupla";"Curva;Declive";"Não";2;0;1;0;0;1;1;2;-16,42894942;-54,6933816;"SPRF-MT";"DEL02-MT";"UOP01-DEL02-MT"
276527;2020-03-20;"sexta-feira";"11:00:00";"MG";40;487;"CAPIM BRANCO";"Desobediência às normas de trânsito pelo condutor";"Colisão traseira";"Com Vítimas Feridas";"Pleno dia";"Decrescente";"Céu Claro";"Simples";"Reta";"Não";4;0;2;0;1;3;2;5;-19,59896404;-44,22303708;"SPRF-MG";"DEL02-MG";"UOP01-DEL02-MG"
276531;2020-03-20;"sexta-feira";"11:25:00";"RS";290;42,6;"GLORINHA";"Falta de Atenção à Condução";"Colisão lateral";"Com Vítimas Feridas";"Pleno dia";"Crescente";"Céu Claro";"Dupla";"Reta";"Não";3;0;1;0;1;2;1;4;-29,88918321;-50,68190575;"SPRF-RS";"DEL03-RS";"UOP01-DEL03-RS"
276533;2020-03-07;"sábado";"16:00:00";"AM";174;977;"PRESIDENTE FIGUEIREDO";"Desobediência às normas de trânsito pelo condutor";"Saída de leito carroçável";"Com Vítimas Feridas";"Pleno dia";"Decrescente";"Céu Claro";"Simples";"Declive;Reta";"Não";4;0;2;0;1;1;2;3;-2,1638501;-60,00584867;"SPRF-AM";"DEL01-AM";"UOP02-DEL01-AM"
276542;2020-03-20;"sexta-feira";"12:31:00";"ES";101;172;"LINHARES";"Não guardar distância de segurança";"Colisão traseira";"Com Vítimas Feridas";"Pleno dia";"Decrescente";"Céu Claro";"Dupla";"Reta";"Não";3;0;1;0;2;0;1;2;-19,55735391;-40,17329217;"SPRF-ES";"DEL04-ES";"UOP01-DEL04-ES"
276543;2020-03-20;"sexta-feira";"13:05:00";"BA";116;468,8;"SANTO ESTEVAO";"Falta de Atenção à Condução";"Colisão lateral";"Com Vítimas Feridas";"Pleno dia";"Crescente";"Nublado";"Dupla";"Reta";"Não";6;0;4;0;1;1;4;3;-12,47726331;-39,30451247;"SPRF-BA";"DEL02-BA";"UOP01-DEL02-BA"
276547;2020-03-19;"quinta-feira";"23:00:00";"MG";116;325,5;"CAMPANARIO";"Velocidade Incompatível";"Saída de leito carroçável";"Com Vítimas Feridas";"Plena Noite";"Crescente";"Céu Claro";"Simples";"Reta";"Não";1;0;0;1;0;0;1;1;-18,19770991;-41,71549243;"SPRF-MG";"DEL11-MG";"UOP01-DEL11-MG"
276549;2020-03-20;"sexta-feira";"14:30:00";"SC";116;4,5;"MAFRA";"Velocidade Incompatível";"Tombamento";"Com Vítimas Feridas";"Pleno dia";"Crescente";"Céu Claro";"Simples";"Rotatória";"Sim";1;0;1;0;0;0;1;1;-26,13554917;-49,8072652;"SPRF-SC";"DEL06-SC";"UOP01-DEL06-SC"
276558;2020-03-20;"sexta-feira";"14:40:00";"PR";373;174;"PONTA GROSSA";"Falta de Atenção à Condução";"Colisão traseira";"Com Vítimas Feridas";"Pleno dia";"Crescente";"Céu Claro";"Dupla";"Reta";"Sim";2;0;1;0;0;1;1;2;-25,07594908;-50,20995715;"SPRF-PR";"DEL03-PR";"UOP01-DEL03-PR"
276565;2020-03-20;"sexta-feira";"14:30:00";"SC";470;91,5;"ASCURRA";"Desobediência às normas de trânsito pelo condutor";"Colisão lateral";"Com Vítimas Feridas";"Pleno dia";"Crescente";"Céu Claro";"Simples";"Curva";"Não";2;0;1;0;1;0;1;2;-26,97769;-49,369198;"SPRF-SC";"DEL04-SC";"UOP01-DEL04-SC"
276574;2020-03-20;"sexta-feira";"15:25:00";"PR";376;653,3;"TIJUCAS DO SUL";"Velocidade Incompatível";"Tombamento";"Com Vítimas Feridas";"Pleno dia";"Decrescente";"Céu Claro";"Dupla";"Curva";"Não";4;0;3;0;0;1;3;3;-25,842343;-49,0586;"SPRF-PR";"DEL01-PR";"UOP04-DEL01-PR"
276580;2020-03-20;"sexta-feira";"13:00:00";"RJ";393;268;"BARRA DO PIRAI";"Falta de Atenção à Condução";"Colisão traseira";"Com Vítimas Feridas";"Pleno dia";"Decrescente";"Céu Claro";"Simples";"Curva";"Não";2;0;0;1;1;0;1;2;-22,47625257;-43,94123299;"SPRF-RJ";"DEL05-RJ";"UOP04-DEL05-RJ"
276582;2020-03-20;"sexta-feira";"14:35:00";"MT";163;761;"SORRISO";"Não guardar distância de segurança";"Colisão frontal";"Com Vítimas Feridas";"Pleno dia";"Crescente";"Chuva";"Simples";"Reta";"Não";3;0;0;1;1;3;1;5;-12,47680542;-55,67733765;"SPRF-MT";"DEL06-MT";"UOP01-DEL06-MT"
276589;2020-03-20;"sexta-feira";"15:50:00";"MG";381;523;"BRUMADINHO";"Desobediência às normas de trânsito pelo condutor";"Saída de leito carroçável";"Com Vítimas Feridas";"Pleno dia";"Crescente";"Garoa/Chuvisco";"Dupla";"Curva";"Não";3;0;2;0;0;1;2;2;-20,1530682;-44,32617552;"SPRF-MG";"DEL04-MG";"UOP03-DEL04-MG"
276592;2020-03-20;"sexta-feira";"17:45:00";"ES";101;287;"CARIACICA";"Carga excessiva e/ou mal acondicionada";"Atropelamento de Pedestre";"Com Vítimas Feridas";"Plena Noite";"Crescente";"Céu Claro";"Dupla";"Curva";"Sim";2;0;1;0;1;0;1;2;-20,26493528;-40,38471702;"SPRF-ES";"DEL01-ES";"UOP01-DEL01-ES"
276593;2020-03-20;"sexta-feira";"17:03:00";"MG";262;479,2;"BOM DESPACHO";"Velocidade Incompatível";"Colisão frontal";"Com Vítimas Fatais";"Pleno dia";"Decrescente";"Chuva";"Simples";"Aclive;Reta";"Sim";5;3;0;0;1;2;0;4;-19,78456355;-45,27253389;"SPRF-MG";"DEL08-MG";"UOP03-DEL08-MG"
276597;2020-03-20;"sexta-feira";"18:10:00";"PE";232;414,5;"SERRA TALHADA";"Ultrapassagem Indevida";"Colisão frontal";"Com Vítimas Feridas";"Plena Noite";"Crescente";"Céu Claro";"Simples";"Reta";"Não";2;0;1;0;1;0;1;2;-7,99236282;-38,33750809;"SPRF-PE";"DEL04-PE";"UOP01-DEL04-PE"
276600;2020-03-20;"sexta-feira";"18:00:00";"SP";116;196;"ARUJA";"Falta de Atenção à Condução";"Colisão lateral";"Sem Vítimas";"Plena Noite";"Decrescente";"Nublado";"Múltipla";"Reta";"Sim";3;0;0;0;2;1;0;3;-23,39406383;-46,28731132;"SPRF-SP";"DEL01-SP";"UOP01-DEL01-SP"
276601;2020-03-20;"sexta-feira";"18:40:00";"RJ";101;276;"TANGUA";"Falta de Atenção à Condução";"Colisão lateral";"Com Vítimas Feridas";"Anoitecer";"Crescente";"Garoa/Chuvisco";"Simples";"Reta";"Não";3;0;0;1;1;1;1;3;-22,73796393;-42,73871802;"SPRF-RJ";"DEL02-RJ";"UOP03-DEL02-RJ"
276604;2020-02-21;"sexta-feira";"20:00:00";"PR";376;436;"TIBAGI";"Falta de Atenção à Condução";"Colisão traseira";"Com Vítimas Feridas";"Pleno dia";"Crescente";"Céu Claro";"Dupla";"Reta";"Sim";3;0;1;0;2;0;1;3;-24,83716196;-50,47643585;"SPRF-PR";"DEL03-PR";"UOP02-DEL03-PR"
276607;2020-03-20;"sexta-feira";"14:20:00";"SC";480;129;"CHAPECO";"Defeito Mecânico no Veículo";"Colisão traseira";"Com Vítimas Feridas";"Pleno dia";"Crescente";"Céu Claro";"Dupla";"Declive;Reta";"Sim";3;0;0;1;1;2;1;4;-27,04656607;-52,63577131;"SPRF-SC";"DEL07-SC";"UOP01-DEL07-SC"
276608;2020-03-20;"sexta-feira";"18:20:00";"MT";364;435;"VARZEA GRANDE";"Desobediência às normas de trânsito pelo condutor";"Colisão lateral";"Com Vítimas Feridas";"Plena Noite";"Crescente";"Céu Claro";"Simples";"Reta";"Sim";4;0;1;1;1;2;2;4;-15,64120736;-56,2016058;"SPRF-MT";"DEL01-MT";"DEL2/4-UOP02/MT"
276615;2020-03-20;"sexta-feira";"18:45:00";"MT";163;583;"NOVA MUTUM";"Falta de Atenção à Condução";"Colisão transversal";"Com Vítimas Feridas";"Plena Noite";"Crescente";"Nublado";"Simples";"Reta";"Não";4;0;1;1;1;2;2;4;-14,05793518;-56,09856364;"SPRF-MT";"DEL01-MT";"UOP01-DEL01-MT"
276638;2020-03-20;"sexta-feira";"22:00:00";"MS";262;138,4;"AGUA CLARA";"Ingestão de Álcool";"Colisão lateral";"Sem Vítimas";"Plena Noite";"Decrescente";"Nublado";"Simples";"Reta";"Não";2;0;0;0;1;1;0;2;-20,45549396;-52,82801697;"SPRF-MS";"DEL07-MS";"UOP02-DEL07-MS"
276640;2020-03-20;"sexta-feira";"18:20:00";"ES";101;158,2;"LINHARES";"Velocidade Incompatível";"Colisão traseira";"Com Vítimas Fatais";"Anoitecer";"Crescente";"Céu Claro";"Simples";"Reta";"Não";3;1;0;1;0;1;1;3;-19,46094508;-40,10491389;"SPRF-ES";"DEL04-ES";"UOP01-DEL04-ES"