"id";"data_inversa";"dia_semana";"horario";"uf";"br";"km";"municipio";"causa_acidente";"tipo_acidente";"classificacao_acidente";"fase_dia";"sentido_via";"condicao_metereologica";"tipo_pista";"tracado_via";"uso_solo";"pessoas";"mortos";"feridos_leves";"feridos_graves";"ilesos";"ignorados";"feridos";"veiculos";"latitude";"longitude";"regional";"delegacia";"uop"
276647;2020-03-19;"quinta-feira";"14:40:00";"MT";174;182,5;"PORTO ESPERIDIAO";"Desobediência às normas de trânsito pelo condutor";"Colisão frontal";"Com Vítimas Fatais";"Pleno dia";"Decrescente";"Céu Claro";"Simples";"Reta";"Não";4;2;0;1;1;0;1;2;-15,82126628;-58,57290719;"SPRF-MT";"DEL03-MT";"UOP01-DEL03-MT"
276651;2020-03-21;"sábado";"02:00:00";"MG";40;350;"FELIXLANDIA";"Condutor Dormindo";"Colisão traseira";"Com Vítimas Feridas";"Plena Noite";"Crescente";"Chuva";"Simples";"Reta";"Não";3;0;1;0;1;1;1;3;-18,7248842;-44,93873113;"SPRF-MG";"DEL02-MG";"UOP01-DEL02-MG"
276655;2020-03-20;"sexta-feira";"14:30:00";"MT";174;351;"CONQUISTA DOESTE";"Falta de Atenção à Condução";"Capotamento";"Com Vítimas Feridas";"Pleno dia";"Crescente";"Nublado";"Simples";"Reta";"Não";2;0;1;0;0;1;1;2;-14,72523181;-59,3738799;"SPRF-MT";"DEL04-MT";"UOP01-DEL04-MT"
276656;2020-03-21;"sábado";"01:55:00";"RS";290;110;"ELDORADO DO SUL";"Animais na Pista";"Atropelamento de Animal";"Com Vítimas Feridas";"Plena Noite";"Decrescente";"Nublado";"Dupla";"Reta";"Não";1;0;1;0;0;0;1;1;-30,023552;-51,321091;"SPRF-RS";"DEL02-RS";"UOP01-DEL02-RS"
276658;2020-03-20;"sexta-feira";"23:15:00";"RJ";116;270;"BARRA MANSA";"Defeito Mecânico no Veículo";"Incêndio";"Sem Vítimas";"Plena Noite";"Decrescente";"Garoa/Chuvisco";"Dupla";"Reta";"Não";1;0;0;0;1;0;0;1;-22,56923335;-44,12024318;"SPRF-RJ";"DEL07-RJ";"UOP02-DEL07-RJ"
276660;2020-03-12;"quinta-feira";"13:55:00";"DF";20;20;"BRASILIA";"Fenômenos da Natureza";"Colisão traseira";"Com Vítimas Feridas";"Pleno dia";"Decrescente";"Chuva";"Dupla";"Reta";"Sim";7;0;1;0;6;0;1;7;-15,607905;-47,692791;"SPRF-DF";"DEL02-DF";"UOP01-DEL02-DF"
276665;2020-03-21;"sábado";"04:30:00";"PA";155;318;"MARABA";"Defeito na Via";"Colisão lateral";"Com Vítimas Feridas";"Amanhecer";"Decrescente";"Chuva";"Simples";"Reta";"Não";3;0;1;0;1;2;1;4;-5,59261797;-49,07697336;"SPRF-PA";"DEL03-PA";"UOP01-DEL03-PA"
276678;2020-03-21;"sábado";"07:20:00";"MG";381;720,9;"CARMO DA CACHOEIRA";"Falta de Atenção à Condução";"Tombamento";"Com Vítimas Feridas";"Pleno dia";"Decrescente";"Céu Claro";"Dupla";"Curva";"Não";2;0;1;0;0;1;1;2;-21,43258055;-45,21075823;"SPRF-MG";"DEL04-MG";"UOP02-DEL04-MG"
276679;2020-03-21;"sábado";"07:50:00";"RS";386;333,9;"MARQUES DE SOUZA";"Condutor Dormindo";"Saída de leito carroçável";"Sem Vítimas";"Pleno dia";"Crescente";"Céu Claro";"Simples";"Curva";"Não";1;0;0;0;1;0;0;1;-29,371275;-52,062;"SPRF-RS";"DEL04-RS";"UOP01-DEL04-RS"
276683;2020-03-19;"quinta-feira";"06:10:00";"SC";470;227,5;"SAO CRISTOVAO DO SUL";"Condutor Dormindo";"Colisão frontal";"Com Vítimas Feridas";"Amanhecer";"Decrescente";"Nublado";"Simples";"Reta";"Não";4;0;1;0;2;2;1;4;-27,324558;-50,369602;"SPRF-SC";"DEL05-SC";"UOP03-DEL05-SC"
276684;2020-03-21;"sábado";"06:00:00";"RO";364;330;"JI-PARANA";"Desobediência às normas de trânsito pelo condutor";"Colisão transversal";"Com Vítimas Feridas";"Amanhecer";"Decrescente";"Garoa/Chuvisco";"Simples";"Reta";"Não";5;0;2;0;2;2;2;4;-10,984673;-61,9171;"SPRF-RO";"DEL02-RO";"UOP01-DEL02-RO"
276688;2020-03-21;"sábado";"09:50:00";"MG";381;327,7;"NOVA ERA";"Falta de Atenção à Condução";"Colisão transversal";"Com Vítimas Feridas";"Pleno dia";"Decrescente";"Chuva";"Simples";"Declive;Reta";"Não";3;0;1;0;1;1;1;3;-19,76723696;-43,04699067;"SPRF-MG";"DEL03-MG";"UOP01-DEL03-MG"
276689;2020-03-21;"sábado";"07:25:00";"RJ";101;442;"MANGARATIBA";"Pista Escorregadia";"Colisão frontal";"Sem Vítimas";"Pleno dia";"Decrescente";"Chuva";"Simples";"Curva";"Não";3;0;0;0;3;0;0;2;-22,973969;-44,087093;"SPRF-RJ";"DEL03-RJ";"UOP01-DEL03-RJ"
276690;2020-03-21;"sábado";"09:00:00";"SP";116;303;"SAO LOURENCO DA SERRA";"Defeito Mecânico no Veículo";"Saída de leito carroçável";"Com Vítimas Feridas";"Pleno dia";"Crescente";"Nublado";"Dupla";"Reta";"Não";2;0;1;0;0;1;1;2;-23,82760675;-46,92631345;"SPRF-SP";"DEL04-SP";"UOP01-DEL04-SP"
276699;2020-03-21;"sábado";"10:10:00";"BA";101;105;"ALAGOINHAS";"Mal Súbito";"Colisão frontal";"Com Vítimas Feridas";"Pleno dia";"Decrescente";"Nublado";"Simples";"Reta";"Não";3;0;1;0;2;0;1;3;-12,15963868;-38,41162324;"SPRF-BA";"DEL01-BA";"UOP04-DEL01-BA"
276712;2020-03-13;"sexta-feira";"06:55:00";"MG";381;687;"LAVRAS";"Carga excessiva e/ou mal acondicionada";"Derramamento de carga";"Sem Vítimas";"Amanhecer";"Crescente";"Céu Claro";"Dupla";"Reta";"Não";3;0;0;0;2;1;0;3;-21,20874401;-45,12332598;"SPRF-MG";"DEL04-MG";"UOP02-DEL04-MG"
276714;2020-03-21;"sábado";"11:30:00";"MT";174;351;"CONQUISTA DOESTE";"Defeito Mecânico no Veículo";"Saída de leito carroçável";"Com Vítimas Feridas";"Pleno dia";"Crescente";"Céu Claro";"Simples";"Reta";"Não";2;0;1;0;0;1;1;2;-14,72523181;-59,3738799;"SPRF-MT";"DEL04-MT";"UOP01-DEL04-MT"
276715;2020-03-21;"sábado";"15:00:00";"MG";381;732,3;"CARMO DA CACHOEIRA";"Velocidade Incompatível";"Colisão lateral";"Com Vítimas Feridas";"Pleno dia";"Decrescente";"Chuva";"Dupla";"Reta";"Não";5;0;1;0;3;2;1;4;-21,55413799;-45,24499427;"SPRF-MG";"DEL04-MG";"UOP02-DEL04-MG"
276723;2020-03-21;"sábado";"16:20:00";"MG";365;622;"UBERLANDIA";"Pista Escorregadia";"Saída de leito carroçável";"Com Vítimas Feridas";"Pleno dia";"Crescente";"Chuva";"Múltipla";"Aclive";"Sim";1;0;1;0;0;0;1;1;-18,90751667;-48,29937209;"SPRF-MG";"DEL15-MG";"UOP01-DEL15-MG"
276730;2020-03-21;"sábado";"16:15:00";"MG";381;697;"LAVRAS";"Pista Escorregadia";"Saída de leito carroçável";"Com Vítimas Feridas";"Pleno dia";"Crescente";"Chuva";"Dupla";"Curva";"Não";5;0;1;0;4;0;1;2;-21,29043096;-45,14791909;"SPRF-MG";"DEL04-MG";"UOP02-DEL04-MG"
276732;2020-03-21;"sábado";"13:00:00";"PR";153;387,4;"MALLET";"Defeito Mecânico no Veículo";"Saída de leito carroçável";"Sem Vítimas";"Pleno dia";"Crescente";"Céu Claro";"Simples";"Reta";"Não";2;0;0;0;1;1;0;2;-25,88183414;-50,75589918;"SPRF-PR";"DEL03-PR";"UOP03-DEL03-PR"
276733;2020-03-21;"sábado";"08:35:00";"BA";116;686,2;"JEQUIE";"Ultrapassagem Indevida";"Tombamento";"Sem Vítimas";"Pleno dia";"Decrescente";"Céu Claro";"Simples";"Reta";"Não";2;0;0;0;1;2;0;3;-13,90348894;-40,14791115;"SPRF-BA";"DEL03-BA";"UOP01-DEL03-BA"
276734;2020-03-21;"sábado";"16:10:00";"RS";116;521;"PELOTAS";"Falta de Atenção à Condução";"Colisão lateral";"Sem Vítimas";"Pleno dia";"Crescente";"Céu Claro";"Dupla";"Declive;Reta";"Sim";3;0;0;0;2;2;0;4;-31,70752405;-52,36800695;"SPRF-RS";"DEL07-RS";"UOP01-DEL07-RS"
276750;2020-03-21;"sábado";"17:50:00";"SC";101;305,5;"LAGUNA";"Ingestão de Álcool";"Colisão lateral";"Com Vítimas Feridas";"Anoitecer";"Decrescente";"Nublado";"Dupla";"Reta";"Não";4;0;1;0;1;2;1;4;-28,398405;-48,784115;"SPRF-SC";"DEL02-SC";"UOP03-DEL02-SC"
276753;2020-03-21;"sábado";"19:45:00";"CE";222;121;"ITAPAJE";"Ingestão de Álcool";"Colisão lateral";"Com Vítimas Feridas";"Plena Noite";"Crescente";"Nublado";"Simples";"Reta";"Sim";4;0;1;2;1;0;3;3;-3,70701491;-39,56968688;"SPRF-CE";"DEL04-CE";"UOP03-DEL04-CE"
276784;2020-03-21;"sábado";"23:00:00";"PR";116;69,6;"CAMPINA GRANDE DO SUL";"Ingestão de Álcool";"Tombamento";"Com Vítimas Feridas";"Plena Noite";"Crescente";"Nublado";"Dupla";"Reta";"Não";2;0;1;0;1;0;1;2;-25,33112288;-49,03156015;"SPRF-PR";"DEL01-PR";"UOP01-DEL01-PR"
276803;2020-03-22;"domingo";"05:30:00";"GO";153;48;"PORANGATU";"Condutor Dormindo";"Colisão lateral";"Com Vítimas Feridas";"Amanhecer";"Crescente";"Garoa/Chuvisco";"Simples";"Reta";"Não";4;0;1;0;0;3;1;4;-13,239503;-49,142404;"SPRF-GO";"DEL07-GO";"UOP01-DEL07-GO"
276806;2020-03-21;"sábado";"23:00:00";"BA";116;601,8;"IRAJUBA";"Avarias e/ou desgaste excessivo no pneu";"Saída de leito carroçável";"Sem Vítimas";"Plena Noite";"Crescente";"Céu Claro";"Simples";"Reta";"Não";2;0;0;0;1;1;0;2;-13,251726;-40,0132842;"SPRF-BA";"DEL03-BA";"UOP02-DEL03-BA"
276808;2020-03-22;"domingo";"06:15:00";"PI";230;182;"SAO JOAO DA VARJOTA";"Ingestão de Álcool";"Colisão frontal";"Com Vítimas Feridas";"Pleno dia";"Crescente";"Nublado";"Simples";"Reta";"Não";2;0;1;0;1;0;1;2;-6,95378965;-42,00670368;"SPRF-PI";"DEL04-PI";"UOP01-DEL04-PI"
276819;2020-03-22;"domingo";"23:20:00";"MG";116;164,8;"PADRE PARAISO";"Falta de Atenção à Condução";"Tombamento";"Com Vítimas Feridas";"Plena Noite";"Crescente";"Nublado";"Simples";"Curva";"Não";1;0;0;1;0;0;1;1;-16,966437;-41,45100303;"SPRF-MG";"DEL11-MG";"UOP02-DEL11-MG"
276827;2020-03-22;"domingo";"12:45:00";"PE";101;71;"RECIFE";"Defeito Mecânico no Veículo";"Saída de leito carroçável";"Com Vítimas Feridas";"Pleno dia";"Decrescente";"Céu Claro";"Múltipla";"Reta";"Sim";1;0;1;0;0;0;1;1;-8,076887;-34,942911;"SPRF-PE";"DEL01-PE";"UOP01-DEL01-PE"
276832;2020-03-22;"domingo";"09:30:00";"BA";242;447,8;"SEABRA";"Condutor Dormindo";"Colisão traseira";"Com Vítimas Fatais";"Pleno dia";"Decrescente";"Nublado";"Simples";"Declive";"Não";6;1;2;1;1;2;3;4;-12,42670925;-42,04402902;"SPRF-BA";"DEL06-BA";"UOP01-DEL06-BA"
276836;2020-03-22;"domingo";"14:45:00";"DF";20;8;"BRASILIA";"Velocidade Incompatível";"Tombamento";"Sem Vítimas";"Pleno dia";"Decrescente";"Garoa/Chuvisco";"Dupla";"Reta;Declive";"Sim";1;0;0;0;1;0;0;1;-15,658386;-47,791534;"SPRF-DF";"DEL02-DF";"UOP01-DEL02-DF"
276845;2020-03-22;"domingo";"15:10:00";"RS";290;12,5;"IRAI";"Velocidade Incompatível";"Tombamento";"Com Vítimas Feridas";"Pleno dia";"Crescente";"Céu Claro";"Simples";"Curva";"Não";2;0;1;0;0;1;1;2;-27,22329464;-53,32405698;"SPRF-RS";"DEL03-RS";"UOP01-DEL03-RS"
276848;2020-03-22;"domingo";"16:35:00";"MG";40;683,5;"RESSAQUINHA";"Velocidade Incompatível";"Tombamento";"Com Vítimas Feridas";"Pleno dia";"Decrescente";"Nublado";"Simples";"Curva;Declive";"Não";1;0;1;0;0;0;1;1;-21,07337341;-43,7690503;"SPRF-MG";"DEL05-MG";"UOP02-DEL05-MG"
276850;2020-03-22;"domingo";"15:50:00";"BA";101;896;"CARAVELAS";"Velocidade Incompatível";"Colisão frontal";"Com Vítimas Feridas";"Pleno dia";"Decrescente";"Chuva";"Simples";"Curva";"Não";5;0;1;2;1;3;3;5;-17,75492873;-39,76960045;"SPRF-BA";"DEL09-BA";"UOP02-DEL09-BA"
276852;2020-03-22;"domingo";"17:30:00";"SC";116;107,7;"MONTE CASTELO";"Velocidade Incompatível";"Tombamento";"Com Vítimas Fatais";"Pleno dia";"Decrescente";"Sol";"Simples";"Curva";"Não";2;1;0;0;0;1;0;2;-26,75568818;-50,32812388;"SPRF-SC";"DEL06-SC";"UOP02-DEL06-SC"
276853;2020-03-22;"domingo";"16:00:00";"BA";116;672;"JEQUIE";"Falta de Atenção à Condução";"Saída de leito carroçável";"Sem Vítimas";"Pleno dia";"Decrescente";"Nublado";"Simples";"Reta";"Sim";2;0;0;0;1;1;0;2;-13,79970305;-40,11130458;"SPRF-BA";"DEL03-BA";"UOP01-DEL03-BA"
276864;2020-03-22;"domingo";"19:15:00";"RS";290;143,7;"ELDORADO DO SUL";"Desobediência às normas de trânsito pelo condutor";"Colisão lateral";"Com Vítimas Feridas";"Plena Noite";"Crescente";"Céu Claro";"Simples";"Declive";"Sim";4;0;0;2;1;2;2;4;-30,093309;-51,637798;"SPRF-RS";"DEL02-RS";"UOP01-DEL02-RS"
276865;2020-03-22;"domingo";"17:10:00";"PR";116;37,6;"CAMPINA GRANDE DO SUL";"Defeito Mecânico no Veículo";"Saída de leito carroçável";"Sem Vítimas";"Pleno dia";"Decrescente";"Garoa/Chuvisco";"Dupla";"Declive";"Não";2;0;0;0;1;1;0;2;-25,13988802;-48,85618719;"SPRF-PR";"DEL01-PR";"UOP02-DEL01-PR"
276867;2020-03-22;"domingo";"18:50:00";"RS";392;53,9;"RIO GRANDE";"Falta de Atenção à Condução";"Saída de leito carroçável";"Com Vítimas Feridas";"Plena Noite";"Decrescente";"Céu Claro";"Dupla";"Reta";"Não";2;0;1;1;0;0;2;1;-31,84726997;-52,32688484;"SPRF-RS";"DEL07-RS";"UOP02-DEL07-RS"
276870;2020-03-22;"domingo";"19:45:00";"SP";116;207,5;"GUARULHOS";"Desobediência às normas de trânsito pelo pedestre";"Atropelamento de Pedestre";"Com Vítimas Fatais";"Plena Noite";"Decrescente";"Nublado";"Dupla";"Reta";"Não";2;1;0;0;0;1;0;2;-23,41972188;-46,38419203;"SPRF-SP";"DEL01-SP";"UOP01-DEL01-SP"
276877;2020-03-22;"domingo";"19:50:00";"MG";262;155;"SAO DOMINGOS DO PRATA";"Defeito Mecânico no Veículo";"Colisão com objeto estático";"Com Vítimas Feridas";"Plena Noite";"Decrescente";"Céu Claro";"Simples";"Curva;Declive";"Não";1;0;1;0;0;0;1;1;-19,9777031;-42,80194321;"SPRF-MG";"DEL03-MG";"UOP03-DEL03-MG"
276878;2020-03-22;"domingo";"20:40:00";"MG";40;492;"ESMERALDAS";"Desobediência às normas de trânsito pelo condutor";"Tombamento";"Com Vítimas Feridas";"Plena Noite";"Decrescente";"Céu Claro";"Dupla";"Curva";"Não";2;0;1;0;0;1;1;2;-19,63737896;-44,20372986;"SPRF-MG";"DEL02-MG";"UOP01-DEL02-MG"
276882;2020-03-22;"domingo";"19:40:00";"RS";290;32,6;"SANTO ANTONIO DA PATRULHA";"Condutor Dormindo";"Saída de leito carroçável";"Com Vítimas Fatais";"Plena Noite";"Crescente";"Céu Claro";"Múltipla";"Reta";"Não";2;1;0;0;0;1;0;2;-29,884836;-50,576054;"SPRF-RS";"DEL03-RS";"UOP01-DEL03-RS"
276888;2020-03-22;"domingo";"19:00:00";"SC";282;409,9;"CATANDUVAS";"Falta de Atenção à Condução";"Colisão transversal";"Com Vítimas Feridas";"Plena Noite";"Crescente";"Céu Claro";"Simples";"Retorno Regulamentado";"Sim";4;0;2;0;1;1;2;3;-27,065756;-51,664165;"SPRF-SC";"DEL07-SC";"UOP05-DEL07-SC"
276893;2020-03-22;"domingo";"10:20:00";"TO";153;518;"PUGMIL";"Defeito Mecânico no Veículo";"Incêndio";"Sem Vítimas";"Pleno dia";"Crescente";"Céu Claro";"Simples";"Aclive";"Não";2;0;0;0;1;1;0;2;-10,36226299;-48,89109713;"SPRF-TO";"DEL01-TO";"UOP01-DEL01-TO"
276895;2020-03-22;"domingo";"21:30:00";"SE";101;67,2;"MARUIM";"Falta de Atenção à Condução";"Colisão traseira";"Sem Vítimas";"Plena Noite";"Decrescente";"Céu Claro";"Simples";"Reta";"Não";2;0;0;0;1;1;0;2;-10,71880732;-37,0657947;"SPRF-SE";"DEL01-SE";"UOP01-DEL01-SE"
276906;2020-03-22;"domingo";"19:10:00";"PE";316;349,5;"PETROLANDIA";"Deficiência ou não Acionamento do Sistema de Iluminação/Sinalização do Veículo";"Colisão traseira";"Com Vítimas Fatais";"Plena Noite";"Crescente";"Céu Claro";"Simples";"Reta";"Não";3;1;0;0;0;2;0;2;-8,86163701;-38,30015011;"SPRF-PE";"DEL04-PE";"UOP03-DEL04-PE"
276910;2020-03-22;"domingo";"23:50:00";"PA";230;119;"MARABA";"Velocidade Incompatível";"Tombamento";"Com Vítimas Feridas";"Plena Noite";"Crescente";"Céu Claro";"Dupla";"Curva";"Sim";2;0;1;0;1;0;1;1;-5,35037015;-49,11912203;"SPRF-PA";"DEL03-PA";"UOP01-DEL03-PA"
276911;2020-03-22;"domingo";"23:24:00";"MG";262;389;"FLORESTAL";"Falta de Atenção à Condução";"Derramamento de carga";"Sem Vítimas";"Plena Noite";"Crescente";"Céu Claro";"Múltipla";"Reta";"Sim";1;0;0;0;1;0;0;1;-19,93731108;-44,45266502;"SPRF-MG";"DEL01-MG";"UOP03-DEL01-MG"
276913;2020-03-22;"domingo";"21:10:00";"RO";364;511,6;"ARIQUEMES";"Ultrapassagem Indevida";"Colisão frontal";"Com Vítimas Fatais";"Plena Noite";"Decrescente";"Ignorado";"Dupla";"Reta";"Não";2;1;1;0;0;0;1;2;-9,95994297;-63,05033672;"SPRF-RO";"DEL03-RO";"UOP01-DEL03-RO"
276916;2020-03-22;"domingo";"18:20:00";"GO";364;139;"JATAI";"Pista Escorregadia";"Colisão frontal";"Com Vítimas Feridas";"Anoitecer";"Decrescente";"Chuva";"Simples";"Reta";"Não";6;0;0;3;1;2;3;4;-18,195997;-51,340477;"SPRF-GO";"DEL05-GO";"UOP01-DEL05-GO"
276925;2020-03-23;"segunda-feira";"03:00:00";"CE";222;128;"ITAPAJE";"Condutor Dormindo";"Colisão com objeto estático";"Sem Vítimas";"Plena Noite";"Crescente";"Ignorado";"Simples";"Curva";"Não";1;0;0;0;0;1;0;1;-3,70427286;-39,61528609;"SPRF-CE";"DEL04-CE";"UOP03-DEL04-CE"
276926;2020-03-23;"segunda-feira";"05:00:00";"BA";324;602;"SIMOES FILHO";"Condutor Dormindo";"Colisão traseira";"Sem Vítimas";"Amanhecer";"Crescente";"Céu Claro";"Dupla";"Reta";"Não";2;0;0;0;2;0;0;2;-12,76402892;-38,42393483;"SPRF-BA";"DEL01-BA";"UOP01-DEL01-BA"
276929;2020-03-23;"segunda-feira";"06:10:00";"ES";101;249;"SERRA";"Condutor Dormindo";"Colisão frontal";"Com Vítimas Feridas";"Pleno dia";"Crescente";"Garoa/Chuvisco";"Simples";"Curva";"Sim";2;0;1;0;1;0;1;2;-20,07371936;-40,35345531;"SPRF-ES";"DEL02-ES";"UOP01-DEL02-ES"
276932;2020-03-22;"domingo";"10:10:00";"TO";153;601,2;"CRIXAS DO TOCANTINS";"Ultrapassagem Indevida";"Tombamento";"Com Vítimas Feridas";"Pleno dia";"Crescente";"Nublado";"Simples";"Reta";"Não";2;0;1;0;0;1;1;2;-11,1258167;-48,9229922;"SPRF-TO";"DEL01-TO";"UOP02-DEL01-TO"
276934;2020-03-21;"sábado";"19:00:00";"MA";226;147,7;"GOVERNADOR EUGENIO BARROS";"Defeito na Via";"Tombamento";"Sem Vítimas";"Plena Noite";"Decrescente";"Céu Claro";"Simples";"Declive;Curva";"Não";3;0;0;0;2;2;0;3;-5,31660312;-44,03938293;"SPRF-MA";"DEL03-MA";"UOP02-DEL03-MA"
276935;2020-03-23;"segunda-feira";"03:30:00";"BA";116;354,9;"SERRINHA";"Falta de Atenção à Condução";"Saída de leito carroçável";"Sem Vítimas";"Plena Noite";"Crescente";"Chuva";"Simples";"Reta";"Sim";2;0;0;0;1;1;0;2;-11,626817;-38,98192797;"SPRF-BA";"DEL02-BA";"UOP01-DEL02-BA"
276937;2020-03-23;"segunda-feira";"07:00:00";"RJ";40;73;"PETROPOLIS";"Defeito Mecânico no Veículo";"Saída de leito carroçável";"Com Vítimas Feridas";"Pleno dia";"Decrescente";"Céu Claro";"Dupla";"Reta";"Não";2;0;1;1;0;0;2;1;-22,45926798;-43,21754521;"SPRF-RJ";"DEL06-RJ";"UOP01-DEL06-RJ"
276943;2020-03-23;"segunda-feira";"08:20:00";"MG";459;106,3;"POUSO ALEGRE";"Ultrapassagem Indevida";"Colisão lateral";"Com Vítimas Feridas";"Pleno dia";"Decrescente";"Sol";"Simples";"Retorno Regulamentado";"Não";4;0;1;0;1;2;1;4;-22,23943988;-45,87746334;"SPRF-MG";"DEL16-MG";"UOP01-DEL16-MG"
276944;2020-03-23;"segunda-feira";"07:10:00";"PR";277;371,3;"GUARAPUAVA";"Falta de Atenção à Condução";"Colisão lateral";"Sem Vítimas";"Pleno dia";"Decrescente";"Céu Claro";"Simples";"Aclive";"Não";2;0;0;0;2;0;0;2;-25,40806764;-51,70718735;"SPRF-PR";"DEL08-PR";"UOP01-DEL08-PR"
276948;2020-03-18;"quarta-feira";"23:45:00";"MT";364;442;"VARZEA GRANDE";"Falta de Atenção à Condução";"Colisão lateral";"Com Vítimas Feridas";"Plena Noite";"Decrescente";"Garoa/Chuvisco";"Simples";"Curva";"Não";3;0;1;0;1;1;1;3;-15,59935736;-56,2182574;"SPRF-MT";"DEL01-MT";"DEL2/4-UOP02/MT"
276959;2020-03-23;"segunda-feira";"09:10:00";"RJ";101;462,7;"ANGRA DOS REIS";"Defeito Mecânico no Veículo";"Incêndio";"Sem Vítimas";"Pleno dia";"Crescente";"Céu Claro";"Simples";"Reta";"Não";1;0;0;0;1;0;0;1;-23,03089095;-44,20580499;"SPRF-RJ";"DEL03-RJ";"UOP03-DEL03-RJ"
276965;2020-02-04;"terça-feira";"23:28:00";"SC";470;199,5;"PONTE ALTA";"Desobediência às normas de trânsito pelo condutor";"Colisão lateral";"Com Vítimas Feridas";"Plena Noite";"Crescente";"Garoa/Chuvisco";"Simples";"Reta";"Não";4;0;1;0;2;3;1;6;-27,30660844;-50,13538957;"SPRF-SC";"DEL05-SC";"UOP03-DEL05-SC"
276966;2020-03-23;"segunda-feira";"13:30:00";"PI";343;325;"TERESINA";"Falta de Atenção à Condução";"Colisão lateral";"Com Vítimas Feridas";"Pleno dia";"Decrescente";"Céu Claro";"Simples";"Reta";"Não";2;0;0;1;1;0;1;2;-5,065521;-42,609653;"SPRF-PI";"DEL01-PI";"UOP01-DEL01-PI"
276975;2020-03-07;"sábado";"13:45:00";"RS";116;49;"VACARIA";"Velocidade Incompatível";"Colisão lateral";"Com Vítimas Feridas";"Pleno dia";"Decrescente";"Céu Claro";"Simples";"Curva";"Não";9;0;3;0;5;4;3;8;-28,56891356;-51,00387124;"SPRF-RS";"DEL05-RS";"UOP03-DEL05-RS"
276976;2020-03-23;"segunda-feira";"16:00:00";"MG";40;628,1;"CONSELHEIRO LAFAIETE";"Velocidade Incompatível";"Colisão traseira";"Com Vítimas Feridas";"Pleno dia";"Crescente";"Céu Claro";"Dupla";"Reta";"Sim";2;0;0;1;1;0;1;2;-20,64410984;-43,81128176;"SPRF-MG";"DEL05-MG";"UOP02-DEL05-MG"
276980;2020-03-23;"segunda-feira";"15:50:00";"GO";60;387;"RIO VERDE";"Objeto estático sobre o leito carroçável";"Colisão traseira";"Com Vítimas Feridas";"Pleno dia";"Decrescente";"Chuva";"Dupla";"Reta";"Sim";3;0;1;0;2;0;1;2;-17,8098;-50,9267;"SPRF-GO";"DEL04-GO";"UOP01-DEL04-GO"
276981;2020-03-23;"segunda-feira";"12:30:00";"PR";376;0;"MARINGA";"Velocidade Incompatível";"Tombamento";"Com Vítimas Feridas";"Pleno dia";"Crescente";"Céu Claro";"Dupla";"Aclive;Viaduto;Curva";"Não";2;0;1;0;0;2;1;3;-23,40969647;-51,98799133;"SPRF-PR";"DEL09-PR";"UOP01-DEL09-PR"
276993;2020-03-23;"segunda-feira";"19:20:00";"SC";470;22,8;"ILHOTA";"Falta de Atenção à Condução";"Colisão traseira";"Com Vítimas Feridas";"Plena Noite";"Decrescente";"Nublado";"Dupla";"Reta";"Não";2;0;1;0;0;1;1;2;-26,880066;-48,836224;"SPRF-SC";"DEL04-SC";"UOP04-DEL04-SC"
276996;2020-03-23;"segunda-feira";"20:00:00";"MG";381;450;"SABARA";"Falta de Atenção à Condução";"Colisão com objeto estático";"Sem Vítimas";"Plena Noite";"Decrescente";"Céu Claro";"Simples";"Declive";"Sim";3;0;0;0;3;0;0;2;-19,83459925;-43,85025501;"SPRF-MG";"DEL01-MG";"UOP01-DEL01-MG"
276999;2020-03-21;"sábado";"21:30:00";"RS";116;50;"VACARIA";"Animais na Pista";"Atropelamento de Animal";"Sem Vítimas";"Plena Noite";"Decrescente";"Céu Claro";"Simples";"Reta";"Não";1;0;0;0;1;0;0;1;-28,56763771;-50,99690437;"SPRF-RS";"DEL05-RS";"UOP03-DEL05-RS"
277003;2020-03-23;"segunda-feira";"16:25:00";"SC";158;136,4;"PALMITOS";"Velocidade Incompatível";"Saída de leito carroçável";"Com Vítimas Feridas";"Pleno dia";"Decrescente";"Céu Claro";"Simples";"Declive;Curva";"Não";2;0;1;0;0;2;1;3;-27,08488157;-53,21966171;"SPRF-SC";"DEL07-SC";"UOP02-DEL07-SC"
277006;2020-03-23;"segunda-feira";"21:40:00";"BA";324;545;"AMELIA RODRIGUES";"Desobediência às normas de trânsito pelo condutor";"Colisão transversal";"Com Vítimas Feridas";"Plena Noite";"Crescente";"Chuva";"Dupla";"Curva";"Sim";3;0;1;0;2;0;1;2;-12,40647;-38,753143;"SPRF-BA";"DEL01-BA";"UOP01-DEL01-BA"
277007;2020-03-23;"segunda-feira";"20:00:00";"BA";116;663;"JEQUIE";"Desobediência às normas de trânsito pelo condutor";"Colisão frontal";"Com Vítimas Fatais";"Plena Noite";"Decrescente";"Céu Claro";"Simples";"Reta;Aclive";"Não";3;1;0;0;1;1;0;3;-13,72455201;-40,09665291;"SPRF-BA";"DEL03-BA";"UOP01-DEL03-BA"
277008;2020-03-23;"segunda-feira";"21:59:00";"SP";116;34,2;"CACHOEIRA PAULISTA";"Falta de Atenção à Condução";"Colisão traseira";"Com Vítimas Feridas";"Plena Noite";"Crescente";"Céu Claro";"Dupla";"Declive";"Sim";3;0;1;0;1;1;1;3;-22,65447396;-44,95940103;"SPRF-SP";"DEL08-SP";"UOP02-DEL08-SP"
277011;2020-03-23;"segunda-feira";"21:20:00";"BA";101;328;"PRESIDENTE TANCREDO NEVES";"Velocidade Incompatível";"Colisão transversal";"Com Vítimas Feridas";"Plena Noite";"Crescente";"Nublado";"Simples";"Curva";"Não";3;0;0;1;1;1;1;3;-13,45941347;-39,41718578;"SPRF-BA";"DEL05-BA";"UOP03-DEL05-BA"