"id";"data_inversa";"dia_semana";"horario";"uf";"br";"km";"municipio";"causa_acidente";"tipo_acidente";"classificacao_acidente";"fase_dia";"sentido_via";"condicao_metereologica";"tipo_pista";"tracado_via";"uso_solo";"pessoas";"mortos";"feridos_leves";"feridos_graves";"ilesos";"ignorados";"feridos";"veiculos";"latitude";"longitude";"regional";"delegacia";"uop"
277012;2020-03-23;"segunda-feira";"22:30:00";"SC";282;58;"RANCHO QUEIMADO";"Velocidade Incompatível";"Tombamento";"Com Vítimas Feridas";"Plena Noite";"Decrescente";"Céu Claro";"Simples";"Curva";"Sim";1;0;0;1;0;0;1;1;-27,683594;-49,005539;"SPRF-SC";"DEL01-SC";"UOP03-DEL01-SC"
277013;2020-03-23;"segunda-feira";"20:00:00";"RS";285;100;"VACARIA";"Animais na Pista";"Atropelamento de Animal";"Sem Vítimas";"Plena Noite";"Decrescente";"Céu Claro";"Simples";"Reta";"Não";3;0;0;0;3;0;0;1;-28,578039;-50,774544;"SPRF-RS";"DEL05-RS";"UOP03-DEL05-RS"
277014;2020-03-24;"terça-feira";"01:00:00";"PR";369;33,9;"CAMBARA";"Velocidade Incompatível";"Tombamento";"Com Vítimas Feridas";"Plena Noite";"Crescente";"Céu Claro";"Simples";"Curva";"Não";3;0;2;0;0;1;2;2;-23,03144936;-50,20625722;"SPRF-PR";"DEL07-PR";"UOP05-DEL07-PR"
277016;2020-03-24;"terça-feira";"00:30:00";"MG";116;702,1;"MURIAE";"Velocidade Incompatível";"Capotamento";"Com Vítimas Feridas";"Plena Noite";"Crescente";"Nublado";"Simples";"Curva";"Sim";1;0;1;0;0;0;1;1;-21,11938311;-42,38006362;"SPRF-MG";"DEL07-MG";"UOP02-DEL07-MG"
277018;2020-03-24;"terça-feira";"04:40:00";"MG";251;449,7;"GRAO MOGOL";"Velocidade Incompatível";"Saída de leito carroçável";"Com Vítimas Feridas";"Plena Noite";"Decrescente";"Chuva";"Simples";"Curva;Declive";"Não";2;0;1;1;0;0;2;1;-16,420528;-43,28967;"SPRF-MG";"DEL12-MG";"UOP01-DEL12-MG"
277023;2020-03-24;"terça-feira";"05:40:00";"GO";40;27,4;"LUZIANIA";"Desobediência às normas de trânsito pelo condutor";"Colisão transversal";"Com Vítimas Feridas";"Amanhecer";"Decrescente";"Nevoeiro/Neblina";"Dupla";"Interseção de Vias";"Não";2;0;0;1;1;0;1;2;-16,26865001;-47,882967;"SPRF-DF";"DEL01-DF";"UOP01-DEL01-DF"
277027;2020-03-24;"terça-feira";"06:40:00";"MG";116;712,2;"MURIAE";"Velocidade Incompatível";"Tombamento";"Com Vítimas Feridas";"Pleno dia";"Decrescente";"Céu Claro";"Simples";"Declive;Curva";"Não";2;0;1;0;0;1;1;2;-21,17941525;-42,37338966;"SPRF-MG";"DEL07-MG";"UOP02-DEL07-MG"
277029;2020-03-23;"segunda-feira";"21:20:00";"SC";163;2;"DIONISIO CERQUEIRA";"Defeito Mecânico no Veículo";"Danos eventuais";"Sem Vítimas";"Plena Noite";"Crescente";"Céu Claro";"Simples";"Declive;Curva";"Sim";2;0;0;0;1;1;0;2;-26,26896143;-53,62915993;"SPRF-SC";"DEL07-SC";"UOP04-DEL07-SC"
277031;2020-03-24;"terça-feira";"07:30:00";"MS";163;476,2;"CAMPO GRANDE";"Falta de Atenção do Pedestre";"Atropelamento de Pedestre";"Com Vítimas Feridas";"Pleno dia";"Crescente";"Céu Claro";"Simples";"Reta";"Sim";2;0;0;1;0;1;1;2;-20,51162825;-54,56030973;"SPRF-MS";"DEL01-MS";"UOP01-DEL01-MS"
277032;2020-03-17;"terça-feira";"07:00:00";"SC";470;57,5;"BLUMENAU";"Falta de Atenção à Condução";"Engavetamento";"Com Vítimas Feridas";"Pleno dia";"Crescente";"Nublado";"Simples";"Reta";"Sim";5;0;1;0;4;0;1;4;-26,880428;-49,136532;"SPRF-SC";"DEL04-SC";"UOP01-DEL04-SC"
277034;2020-03-24;"terça-feira";"06:30:00";"SP";116;545;"BARRA DO TURVO";"Desobediência às normas de trânsito pelo condutor";"Tombamento";"Com Vítimas Feridas";"Amanhecer";"Crescente";"Sol";"Simples";"Curva";"Não";1;0;1;0;0;0;1;1;-24,95016699;-48,42400302;"SPRF-SP";"DEL05-SP";"UOP02-DEL05-SP"
277035;2020-03-24;"terça-feira";"07:20:00";"SP";381;13;"VARGEM";"Condutor Dormindo";"Colisão traseira";"Com Vítimas Feridas";"Pleno dia";"Crescente";"Céu Claro";"Dupla";"Reta";"Não";3;0;0;2;1;0;2;2;-22,93319831;-46,46980452;"SPRF-SP";"DEL03-SP";"UOP01-DEL03-SP"
277039;2020-03-24;"terça-feira";"07:50:00";"RJ";116;222;"PIRAI";"Carga excessiva e/ou mal acondicionada";"Tombamento";"Sem Vítimas";"Pleno dia";"Decrescente";"Sol";"Dupla";"Curva";"Não";2;0;0;0;1;3;0;4;-22,6896952;-43,79175108;"SPRF-RJ";"DEL07-RJ";"UOP01-DEL07-RJ"
277040;2020-02-29;"sábado";"20:11:00";"CE";222;121;"ITAPAJE";"Desobediência às normas de trânsito pelo condutor";"Colisão transversal";"Com Vítimas Feridas";"Plena Noite";"Decrescente";"Céu Claro";"Simples";"Reta";"Sim";3;0;1;0;1;2;1;4;-3,70701491;-39,56968688;"SPRF-CE";"DEL04-CE";"UOP03-DEL04-CE"
277041;2020-03-24;"terça-feira";"08:20:00";"RS";470;35,1;"BARRACAO";"Defeito Mecânico no Veículo";"Capotamento";"Sem Vítimas";"Pleno dia";"Decrescente";"Céu Claro";"Simples";"Reta";"Não";2;0;0;0;1;3;0;4;-27,85676574;-51,45094872;"SPRF-RS";"DEL08-RS";"UOP05-DEL08-RS"
277049;2020-03-24;"terça-feira";"12:30:00";"GO";50;299,7;"CUMARI";"Falta de Atenção à Condução";"Colisão transversal";"Com Vítimas Feridas";"Pleno dia";"Decrescente";"Céu Claro";"Simples";"Reta";"Não";3;0;0;1;1;1;1;3;-18,3296;-48,025;"SPRF-GO";"DEL06-GO";"UOP01-DEL06-GO"
277052;2020-03-24;"terça-feira";"13:20:00";"SC";101;209,8;"SAO JOSE";"Falta de Atenção à Condução";"Colisão lateral";"Sem Vítimas";"Pleno dia";"Crescente";"Céu Claro";"Múltipla";"Reta";"Sim";5;0;0;0;3;2;0;5;-27,61000542;-48,63895057;"SPRF-SC";"DEL01-SC";"UOP01-DEL01-SC"
277053;2020-03-24;"terça-feira";"13:20:00";"MG";50;124;"UBERABA";"Falta de Atenção à Condução";"Colisão traseira";"Com Vítimas Feridas";"Pleno dia";"Decrescente";"Céu Claro";"Dupla";"Reta";"Não";3;0;0;1;1;2;1;4;-19,34165402;-48,09547304;"SPRF-MG";"DEL13-MG";"UOP01-DEL13-MG"
277056;2020-03-24;"terça-feira";"13:00:00";"ES";101;269;"SERRA";"Falta de Atenção à Condução";"Colisão traseira";"Com Vítimas Feridas";"Pleno dia";"Decrescente";"Céu Claro";"Simples";"Reta";"Não";3;0;2;0;1;0;2;2;-20,21740496;-40,26990578;"SPRF-ES";"DEL02-ES";"UOP01-DEL02-ES"
277057;2020-02-01;"sábado";"06:30:00";"PI";316;362;"VILA NOVA DO PIAUI";"Falta de Atenção à Condução";"Tombamento";"Sem Vítimas";"Pleno dia";"Crescente";"Céu Claro";"Simples";"Reta";"Não";2;0;0;0;1;1;0;2;-7,13532627;-41,01107603;"SPRF-PI";"DEL04-PI";"UOP03-DEL04-PI"
277061;2020-02-21;"sexta-feira";"10:30:00";"ES";101;388,5;"RIO NOVO DO SUL";"Velocidade Incompatível";"Tombamento";"Com Vítimas Feridas";"Pleno dia";"Crescente";"Sol";"Simples";"Curva";"Não";2;0;0;1;0;1;1;2;-20,85689511;-40,8767812;"SPRF-ES";"DEL03-ES";"UOP02-DEL03-ES"
277066;2020-03-24;"terça-feira";"15:15:00";"CE";116;7;"FORTALEZA";"Não guardar distância de segurança";"Colisão traseira";"Com Vítimas Feridas";"Pleno dia";"Crescente";"Sol";"Múltipla";"Reta";"Sim";2;0;0;1;1;0;1;2;-3,81685402;-38,50215912;"SPRF-CE";"DEL01-CE";"UOP02-DEL01-CE"
277068;2020-03-24;"terça-feira";"15:00:00";"SP";116;304;"SAO LOURENCO DA SERRA";"Falta de Atenção à Condução";"Colisão com objeto estático";"Sem Vítimas";"Pleno dia";"Decrescente";"Céu Claro";"Dupla";"Curva";"Não";2;0;0;0;1;1;0;2;-23,835151;-46,92964497;"SPRF-SP";"DEL04-SP";"UOP01-DEL04-SP"
277084;2020-03-24;"terça-feira";"17:10:00";"RS";285;208,5;"LAGOA VERMELHA";"Falta de Atenção à Condução";"Colisão transversal";"Com Vítimas Feridas";"Pleno dia";"Decrescente";"Céu Claro";"Simples";"Rotatória";"Não";3;0;0;1;1;1;1;3;-28,21123913;-51,56330109;"SPRF-RS";"DEL08-RS";"UOP05-DEL08-RS"
277087;2020-03-24;"terça-feira";"14:10:00";"SC";280;147,4;"MAFRA";"Falta de Atenção à Condução";"Saída de leito carroçável";"Com Vítimas Feridas";"Pleno dia";"Decrescente";"Céu Claro";"Simples";"Curva";"Não";3;0;0;1;1;1;1;2;-26,25387109;-49,67124709;"SPRF-SC";"DEL06-SC";"UOP03-DEL06-SC"
277090;2020-03-24;"terça-feira";"18:45:00";"BA";324;595;"CANDEIAS";"Ingestão de álcool e/ou substâncias psicoativas pelo pedestre";"Atropelamento de Pedestre";"Com Vítimas Feridas";"Plena Noite";"Crescente";"Garoa/Chuvisco";"Dupla";"Reta";"Sim";3;0;0;1;1;1;1;2;-12,71235341;-38,45524557;"SPRF-BA";"DEL01-BA";"UOP01-DEL01-BA"
277091;2020-03-24;"terça-feira";"18:30:00";"MG";365;671,9;"MONTE ALEGRE DE MINAS";"Desobediência às normas de trânsito pelo condutor";"Colisão lateral";"Com Vítimas Feridas";"Anoitecer";"Decrescente";"Céu Claro";"Dupla";"Reta";"Não";4;0;1;0;1;2;1;4;-18,87919566;-48,74332477;"SPRF-MG";"DEL15-MG";"UOP01-DEL15-MG"
277092;2020-03-24;"terça-feira";"18:30:00";"RS";116;245,8;"SAO LEOPOLDO";"Desobediência às normas de trânsito pelo condutor";"Colisão lateral";"Com Vítimas Feridas";"Anoitecer";"Crescente";"Céu Claro";"Dupla";"Reta";"Sim";2;0;1;0;1;0;1;2;-29,74980902;-51,15125361;"SPRF-RS";"DEL01-RS";"UOP02-DEL01-RS"
277093;2020-03-24;"terça-feira";"18:15:00";"RJ";116;171;"SAO JOAO DE MERITI";"Defeito Mecânico no Veículo";"Derramamento de carga";"Com Vítimas Feridas";"Plena Noite";"Crescente";"Céu Claro";"Múltipla";"Reta";"Sim";3;0;1;0;2;0;1;3;-22,8060415;-43,34289573;"SPRF-RJ";"DEL01-RJ";"UOP02-DEL01-RJ"
277094;2020-03-24;"terça-feira";"17:30:00";"MG";365;525;"UBERLANDIA";"Defeito Mecânico no Veículo";"Colisão lateral";"Sem Vítimas";"Pleno dia";"Decrescente";"Céu Claro";"Dupla";"Reta";"Não";7;0;0;0;6;4;0;10;-18,91059284;-48,30481491;"SPRF-MG";"DEL10-MG";"UOP01-DEL10-MG"
277099;2020-03-24;"terça-feira";"18:30:00";"PE";104;73,7;"CARUARU";"Não guardar distância de segurança";"Colisão traseira";"Com Vítimas Fatais";"Plena Noite";"Crescente";"Nublado";"Simples";"Reta";"Não";3;1;0;1;0;1;1;3;-8,341347;-35,982346;"SPRF-PE";"DEL02-PE";"UOP01-DEL02-PE"
277100;2020-03-24;"terça-feira";"17:20:00";"GO";452;25,5;"RIO VERDE";"Falta de Atenção à Condução";"Colisão lateral";"Sem Vítimas";"Pleno dia";"Crescente";"Céu Claro";"Simples";"Reta";"Não";3;0;0;0;2;1;0;2;-17,88395938;-50,68929711;"SPRF-GO";"DEL04-GO";"UOP01-DEL04-GO"
277103;2020-03-24;"terça-feira";"19:55:00";"PR";369;133;"IBIPORA";"Falta de Atenção à Condução";"Colisão traseira";"Com Vítimas Feridas";"Plena Noite";"Crescente";"Céu Claro";"Dupla";"Reta;Aclive";"Não";2;0;0;1;1;0;1;2;-23,26046933;-51,01079755;"SPRF-PR";"DEL07-PR";"UOP01-DEL07-PR"
277104;2020-03-24;"terça-feira";"19:50:00";"MG";50;34,9;"ARAGUARI";"Ingestão de Álcool";"Colisão frontal";"Com Vítimas Fatais";"Plena Noite";"Decrescente";"Céu Claro";"Dupla";"Reta";"Não";5;1;0;2;1;1;2;4;-18,64031273;-48,12395543;"SPRF-MG";"DEL15-MG";"UOP02-DEL15-MG"
277108;2020-03-24;"terça-feira";"11:30:00";"RO";364;251,5;"CACOAL";"Ultrapassagem Indevida";"Saída de leito carroçável";"Com Vítimas Feridas";"Pleno dia";"Crescente";"Sol";"Simples";"Reta;Declive";"Não";2;0;1;0;0;2;1;3;-11,437325;-61,573814;"SPRF-RO";"DEL02-RO";"UOP02-DEL02-RO"
277110;2020-03-24;"terça-feira";"19:46:00";"TO";242;320,3;"PEIXE";"Falta de Atenção à Condução";"Colisão lateral";"Com Vítimas Feridas";"Plena Noite";"Crescente";"Chuva";"Simples";"Reta";"Não";4;0;1;0;3;0;1;2;-11,9945157;-48,62646989;"SPRF-TO";"DEL01-TO";"UOP02-DEL01-TO"
277111;2020-03-24;"terça-feira";"19:30:00";"TO";226;32;"DARCINOPOLIS";"Defeito na Via";"Saída de leito carroçável";"Sem Vítimas";"Plena Noite";"Decrescente";"Nublado";"Simples";"Declive";"Não";2;0;0;0;1;1;0;2;-6,65792;-47,724352;"SPRF-TO";"DEL02-TO";"UOP03-DEL02-TO"
277114;2020-03-24;"terça-feira";"21:00:00";"MG";381;436;"SABARA";"Velocidade Incompatível";"Colisão lateral";"Com Vítimas Feridas";"Plena Noite";"Crescente";"Céu Claro";"Simples";"Reta;Aclive";"Não";3;0;1;0;1;1;1;3;-19,804386;-43,76186596;"SPRF-MG";"DEL01-MG";"UOP01-DEL01-MG"
277115;2020-03-24;"terça-feira";"21:30:00";"PR";476;257,8;"ANTONIO OLINTO";"Ingestão de Álcool";"Colisão transversal";"Com Vítimas Fatais";"Plena Noite";"Decrescente";"Céu Claro";"Simples";"Reta";"Não";6;1;0;2;1;3;2;5;-25,888903;-50,216633;"SPRF-PR";"DEL02-PR";"UOP04-DEL02-PR"
277117;2020-03-24;"terça-feira";"19:20:00";"RJ";101;276;"TANGUA";"Falta de Atenção à Condução";"Colisão frontal";"Com Vítimas Feridas";"Plena Noite";"Crescente";"Céu Claro";"Simples";"Reta";"Sim";2;0;1;0;1;0;1;2;-22,73796393;-42,73871802;"SPRF-RJ";"DEL02-RJ";"UOP03-DEL02-RJ"
277126;2020-03-25;"quarta-feira";"03:20:00";"SP";116;408;"JUQUIA";"Falta de Atenção à Condução";"Derramamento de carga";"Sem Vítimas";"Plena Noite";"Crescente";"Nevoeiro/Neblina";"Dupla";"Reta";"Não";2;0;0;0;1;1;0;2;-24,32873462;-47,57541707;"SPRF-SP";"DEL05-SP";"UOP01-DEL05-SP"
277127;2020-03-25;"quarta-feira";"05:30:00";"SP";116;39,7;"CACHOEIRA PAULISTA";"Falta de Atenção à Condução";"Saída de leito carroçável";"Com Vítimas Feridas";"Amanhecer";"Decrescente";"Nublado";"Dupla";"Reta";"Não";1;0;1;0;0;0;1;1;-22,67527958;-44,99918431;"SPRF-SP";"DEL08-SP";"UOP02-DEL08-SP"
277129;2020-03-25;"quarta-feira";"04:20:00";"GO";70;317,5;"JUSSARA";"Defeito Mecânico no Veículo";"Incêndio";"Sem Vítimas";"Amanhecer";"Crescente";"Nublado";"Simples";"Curva";"Sim";2;0;0;0;1;1;0;2;-15,87669899;-50,89373589;"SPRF-GO";"DEL04-GO";"UOP01-DEL04-GO"
277131;2020-03-25;"quarta-feira";"06:25:00";"SC";470;75;"INDAIAL";"Falta de Atenção à Condução";"Saída de leito carroçável";"Com Vítimas Feridas";"Amanhecer";"Decrescente";"Nublado";"Simples";"Reta";"Não";1;0;1;0;0;0;1;1;-26,924833;-49,284004;"SPRF-SC";"DEL04-SC";"UOP01-DEL04-SC"
277134;2020-03-25;"quarta-feira";"06:20:00";"PE";101;148;"RIBEIRAO";"Carga excessiva e/ou mal acondicionada";"Capotamento";"Sem Vítimas";"Pleno dia";"Decrescente";"Céu Claro";"Múltipla";"Reta";"Não";2;0;0;0;1;1;0;2;-8,48336698;-35,37204035;"SPRF-PE";"DEL01-PE";"UOP03-DEL01-PE"
277137;2020-03-25;"quarta-feira";"07:40:00";"BA";116;570;"NOVA ITARANA";"Velocidade Incompatível";"Tombamento";"Com Vítimas Fatais";"Pleno dia";"Crescente";"Céu Claro";"Simples";"Curva";"Não";6;2;0;1;2;1;1;4;-13,00883474;-39,956981;"SPRF-BA";"DEL03-BA";"UOP02-DEL03-BA"
277138;2020-03-01;"domingo";"19:45:00";"SP";381;35;"ATIBAIA";"Falta de Atenção à Condução";"Colisão lateral";"Com Vítimas Feridas";"Plena Noite";"Crescente";"Nublado";"Dupla";"Curva";"Não";4;0;1;0;2;1;1;3;-23,088586;-46,571798;"SPRF-SP";"DEL03-SP";"UOP01-DEL03-SP"
277139;2020-03-25;"quarta-feira";"07:30:00";"SP";381;71,9;"SAO PAULO";"Defeito Mecânico no Veículo";"Colisão traseira";"Com Vítimas Feridas";"Pleno dia";"Crescente";"Céu Claro";"Dupla";"Túnel";"Não";3;0;1;0;1;1;1;3;-23,35047979;-46,55267274;"SPRF-SP";"DEL03-SP";"UOP01-DEL03-SP"
277142;2020-03-25;"quarta-feira";"07:40:00";"DF";20;5;"BRASILIA";"Falta de Atenção do Pedestre";"Atropelamento de Pedestre";"Com Vítimas Feridas";"Pleno dia";"Crescente";"Chuva";"Simples";"Reta";"Sim";2;0;0;1;0;1;1;2;-15,55252737;-47,30382811;"SPRF-DF";"DEL02-DF";"UOP01-DEL02-DF"
277143;2020-03-25;"quarta-feira";"07:45:00";"PE";101;45,1;"IGARASSU";"Falta de Atenção à Condução";"Colisão transversal";"Sem Vítimas";"Pleno dia";"Crescente";"Nublado";"Múltipla";"Reta";"Sim";6;0;0;0;3;3;0;4;-7,86521297;-34,90715176;"SPRF-PE";"DEL01-PE";"UOP02-DEL01-PE"
277145;2020-03-25;"quarta-feira";"10:10:00";"SE";101;77;"LARANJEIRAS";"Velocidade Incompatível";"Saída de leito carroçável";"Com Vítimas Feridas";"Pleno dia";"Decrescente";"Garoa/Chuvisco";"Dupla";"Interseção de Vias";"Sim";1;0;1;0;0;0;1;1;-10,776609;-37,13439;"SPRF-SE";"DEL01-SE";"UOP01-DEL01-SE"
277148;2020-03-25;"quarta-feira";"11:00:00";"SP";381;44,9;"ATIBAIA";"Não guardar distância de segurança";"Colisão traseira";"Com Vítimas Fatais";"Pleno dia";"Crescente";"Céu Claro";"Dupla";"Reta";"Sim";3;1;0;0;1;2;0;4;-23,16458615;-46,57418959;"SPRF-SP";"DEL03-SP";"UOP01-DEL03-SP"
277149;2020-03-25;"quarta-feira";"12:00:00";"BA";135;195;"BARREIRAS";"Falta de Atenção à Condução";"Tombamento";"Com Vítimas Feridas";"Pleno dia";"Decrescente";"Sol";"Simples";"Curva";"Não";2;0;1;0;0;2;1;3;-12,28177812;-45,02108624;"SPRF-BA";"DEL10-BA";"UOP01-DEL10-BA"
277156;2020-03-21;"sábado";"10:00:00";"MT";163;926;"ITAUBA";"Velocidade Incompatível";"Engavetamento";"Com Vítimas Feridas";"Pleno dia";"Crescente";"Nublado";"Simples";"Aclive;Reta";"Não";8;0;3;1;3;3;4;6;-11,0824;-55,286553;"SPRF-MT";"DEL06-MT";"NPF/DEL06-MT"
277162;2020-03-25;"quarta-feira";"15:30:00";"RJ";116;269;"BARRA MANSA";"Não guardar distância de segurança";"Colisão traseira";"Com Vítimas Feridas";"Pleno dia";"Decrescente";"Céu Claro";"Dupla";"Curva";"Sim";2;0;1;0;1;0;1;2;-22,57510092;-44,11542461;"SPRF-RJ";"DEL07-RJ";"UOP02-DEL07-RJ"
277165;2020-03-25;"quarta-feira";"15:15:00";"MT";163;926,5;"ITAUBA";"Não guardar distância de segurança";"Engavetamento";"Com Vítimas Feridas";"Pleno dia";"Crescente";"Sol";"Simples";"Aclive";"Não";8;0;1;0;6;7;1;11;-11,207524;-55,30540603;"SPRF-MT";"DEL06-MT";"NPF/DEL06-MT"
277167;2020-03-25;"quarta-feira";"16:00:00";"ES";101;5,5;"ICONHA";"Desobediência às normas de trânsito pelo condutor";"Colisão lateral";"Com Vítimas Feridas";"Pleno dia";"Decrescente";"Céu Claro";"Dupla";"Reta;Em Obras";"Não";6;0;1;0;3;3;1;6;-20,80272211;-40,81751179;"SPRF-ES";"DEL03-ES";"UOP01-DEL03-ES"
277168;2020-03-25;"quarta-feira";"15:55:00";"CE";222;127,2;"ITAPAJE";"Velocidade Incompatível";"Colisão transversal";"Com Vítimas Fatais";"Pleno dia";"Decrescente";"Chuva";"Simples";"Aclive";"Não";5;1;1;0;3;0;1;3;-3,70184137;-39,60669592;"SPRF-CE";"DEL04-CE";"UOP03-DEL04-CE"
277169;2020-03-25;"quarta-feira";"16:30:00";"SC";101;169,2;"TIJUCAS";"Ingestão de Álcool";"Colisão traseira";"Com Vítimas Feridas";"Pleno dia";"Decrescente";"Céu Claro";"Simples";"Reta";"Não";2;0;1;0;1;0;1;2;-27,28790602;-48,63095745;"SPRF-SC";"DEL04-SC";"UOP03-DEL04-SC"
277174;2020-03-17;"terça-feira";"19:30:00";"MS";60;515,8;"NIOAQUE";"Defeito Mecânico no Veículo";"Tombamento";"Com Vítimas Feridas";"Plena Noite";"Crescente";"Céu Claro";"Simples";"Curva;Aclive";"Não";2;0;1;0;0;1;1;2;-21,17732695;-55,628235;"SPRF-MS";"DEL05-MS";"UOP01-DEL05-MS"
277175;2020-03-25;"quarta-feira";"17:30:00";"SC";470;7;"NAVEGANTES";"Falta de Atenção à Condução";"Colisão lateral";"Sem Vítimas";"Pleno dia";"Crescente";"Céu Claro";"Simples";"Em Obras";"Sim";3;0;0;0;1;2;0;3;-26,84499;-48,71505;"SPRF-SC";"DEL04-SC";"UOP04-DEL04-SC"
277176;2020-03-25;"quarta-feira";"17:25:00";"PR";376;599;"CURITIBA";"Falta de Atenção à Condução";"Colisão lateral";"Com Vítimas Feridas";"Pleno dia";"Crescente";"Céu Claro";"Dupla";"Reta";"Sim";2;0;1;0;1;0;1;2;-25,52629711;-49,32958412;"SPRF-PR";"DEL01-PR";"UOP06-DEL01-PR"
277178;2020-03-25;"quarta-feira";"18:00:00";"PB";104;133,5;"QUEIMADAS";"Avarias e/ou desgaste excessivo no pneu";"Colisão frontal";"Com Vítimas Feridas";"Plena Noite";"Decrescente";"Chuva";"Simples";"Reta";"Sim";3;0;2;0;1;0;2;2;-7,31674795;-35,89500926;"SPRF-PB";"DEL02-PB";"UOP03-DEL02-PB"
277184;2020-03-25;"quarta-feira";"19:20:00";"PR";369;37;"ANDIRA";"Desobediência às normas de trânsito pelo condutor";"Colisão transversal";"Com Vítimas Feridas";"Plena Noite";"Crescente";"Céu Claro";"Simples";"Reta";"Sim";2;0;0;1;1;0;1;2;-23,04736709;-50,23565054;"SPRF-PR";"DEL07-PR";"UOP05-DEL07-PR"
277190;2020-03-25;"quarta-feira";"19:20:00";"PI";316;13;"TERESINA";"Falta de Atenção à Condução";"Colisão traseira";"Com Vítimas Feridas";"Plena Noite";"Crescente";"Nublado";"Simples";"Curva";"Sim";4;0;0;2;2;0;2;2;-5,2096314;-42,75526995;"SPRF-PI";"DEL01-PI";"UOP02-DEL01-PI"
277192;2020-03-25;"quarta-feira";"16:00:00";"MT";364;556;"ROSARIO OESTE";"Falta de Atenção à Condução";"Saída de leito carroçável";"Com Vítimas Feridas";"Pleno dia";"Decrescente";"Nublado";"Dupla";"Reta";"Não";1;0;1;0;0;0;1;1;-14,80810606;-56,41299395;"SPRF-MT";"DEL01-MT";"UOP01-DEL01-MT"
277194;2020-03-25;"quarta-feira";"21:10:00";"SC";280;24,9;"ARAQUARI";"Velocidade Incompatível";"Colisão traseira";"Com Vítimas Feridas";"Plena Noite";"Decrescente";"Céu Claro";"Simples";"Reta";"Sim";3;0;1;0;1;1;1;3;-26,37724921;-48,71953282;"SPRF-SC";"DEL03-SC";"UOP03-DEL03-SC"
277201;2020-03-25;"quarta-feira";"22:00:00";"BA";101;807;"ITAMARAJU";"Falta de Atenção do Pedestre";"Atropelamento de Pedestre";"Com Vítimas Fatais";"Plena Noite";"Crescente";"Céu Claro";"Simples";"Reta";"Sim";2;1;0;0;0;1;0;2;-17,18820805;-39,58798393;"SPRF-BA";"DEL09-BA";"UOP01-DEL09-BA"
277202;2020-03-25;"quarta-feira";"17:20:00";"MA";135;291;"SANTO ANTONIO DOS LOPES";"Falta de Atenção à Condução";"Colisão transversal";"Sem Vítimas";"Pleno dia";"Crescente";"Chuva";"Simples";"Reta";"Não";3;0;0;0;2;3;0;5;-4,91070188;-44,36725616;"SPRF-MA";"DEL03-MA";"UOP01-DEL03-MA"
277203;2020-03-25;"quarta-feira";"19:30:00";"RJ";116;86;"TERESOPOLIS";"Pista Escorregadia";"Tombamento";"Com Vítimas Feridas";"Plena Noite";"Crescente";"Garoa/Chuvisco";"Simples";"Curva";"Não";1;0;1;0;0;0;1;1;-22,43671224;-42,94971377;"SPRF-RJ";"DEL04-RJ";"UOP01-DEL04-RJ"
277208;2020-03-25;"quarta-feira";"23:05:00";"GO";40;18,8;"LUZIANIA";"Ingestão de Álcool";"Colisão transversal";"Sem Vítimas";"Plena Noite";"Crescente";"Garoa/Chuvisco";"Dupla";"Reta";"Sim";3;0;0;0;2;1;0;3;-16,19349;-47,925575;"SPRF-DF";"DEL01-DF";"UOP01-DEL01-DF"
277212;2020-03-26;"quinta-feira";"01:30:00";"RJ";116;223,8;"PIRAI";"Velocidade Incompatível";"Saída de leito carroçável";"Com Vítimas Feridas";"Plena Noite";"Decrescente";"Céu Claro";"Dupla";"Curva";"Não";1;0;1;0;0;0;1;1;-22,68972504;-43,801317;"SPRF-RJ";"DEL07-RJ";"UOP01-DEL07-RJ"
277213;2020-03-26;"quinta-feira";"02:25:00";"BA";410;7;"RIBEIRA DO POMBAL";"Condutor Dormindo";"Tombamento";"Com Vítimas Feridas";"Plena Noite";"Crescente";"Céu Claro";"Simples";"Reta";"Não";1;0;1;0;0;0;1;1;-10,84806849;-38,58388664;"SPRF-BA";"DEL07-BA";"UOP02-DEL07-BA"
277215;2020-03-26;"quinta-feira";"03:50:00";"PB";101;126,6;"CAAPORA";"Falta de Atenção do Pedestre";"Atropelamento de Pedestre";"Com Vítimas Feridas";"Plena Noite";"Crescente";"Nublado";"Dupla";"Reta";"Não";2;0;1;0;1;0;1;2;-7,48484909;-34,98096868;"SPRF-PB";"DEL01-PB";"UOP01-DEL01-PB"
277217;2020-03-26;"quinta-feira";"05:00:00";"SP";116;552;"BARRA DO TURVO";"Condutor Dormindo";"Tombamento";"Com Vítimas Feridas";"Amanhecer";"Decrescente";"Céu Claro";"Dupla";"Reta";"Não";2;0;1;0;0;1;1;2;-24,96398394;-48,47996582;"SPRF-SP";"DEL05-SP";"UOP02-DEL05-SP"
277220;2020-03-26;"quinta-feira";"05:45:00";"BA";116;299,5;"TUCANO";"Ultrapassagem Indevida";"Colisão frontal";"Com Vítimas Fatais";"Pleno dia";"Crescente";"Nublado";"Simples";"Reta";"Não";3;1;0;0;1;1;0;3;-11,16704611;-38,85615476;"SPRF-BA";"DEL02-BA";"UOP01-DEL02-BA"
277228;2020-03-26;"quinta-feira";"07:45:00";"MS";163;420;"CAMPO GRANDE";"Condutor Dormindo";"Colisão frontal";"Com Vítimas Feridas";"Pleno dia";"Decrescente";"Céu Claro";"Simples";"Reta";"Sim";3;0;0;1;1;1;1;3;-20,99104704;-54,50658928;"SPRF-MS";"DEL01-MS";"UOP01-DEL01-MS"