"id";"data_inversa";"dia_semana";"horario";"uf";"br";"km";"municipio";"causa_acidente";"tipo_acidente";"classificacao_acidente";"fase_dia";"sentido_via";"condicao_metereologica";"tipo_pista";"tracado_via";"uso_solo";"pessoas";"mortos";"feridos_leves";"feridos_graves";"ilesos";"ignorados";"feridos";"veiculos";"latitude";"longitude";"regional";"delegacia";"uop"
277229;2020-03-26;"quinta-feira";"09:00:00";"PR";376;174,2;"MARINGA";"Desobediência às normas de trânsito pelo condutor";"Colisão transversal";"Com Vítimas Feridas";"Pleno dia";"Decrescente";"Céu Claro";"Múltipla";"Interseção de Vias";"Sim";4;0;1;0;3;0;1;2;-23,4165883;-51,9565773;"SPRF-PR";"DEL09-PR";"UOP01-DEL09-PR"
277231;2020-03-26;"quinta-feira";"06:40:00";"MT";70;696,7;"CACERES";"Ultrapassagem Indevida";"Queda de ocupante de veículo";"Com Vítimas Feridas";"Amanhecer";"Decrescente";"Nublado";"Simples";"Declive";"Não";4;0;0;1;2;3;1;6;-16,248942;-57,474684;"SPRF-MT";"DEL03-MT";"UOP01-DEL03-MT"
277233;2020-03-03;"terça-feira";"19:20:00";"MG";40;512;"RIBEIRAO DAS NEVES";"Fenômenos da Natureza";"Colisão traseira";"Com Vítimas Fatais";"Plena Noite";"Decrescente";"Chuva";"Dupla";"Reta";"Sim";2;1;0;0;1;0;0;2;-19,79551872;-44,10964273;"SPRF-MG";"DEL01-MG";"UOP02-DEL01-MG"
277237;2020-03-26;"quinta-feira";"11:00:00";"PR";476;288,8;"SAO MATEUS DO SUL";"Não guardar distância de segurança";"Colisão traseira";"Sem Vítimas";"Pleno dia";"Crescente";"Céu Claro";"Simples";"Aclive";"Não";3;0;0;0;2;2;0;4;-25,926044;-50,464188;"SPRF-PR";"DEL02-PR";"UOP04-DEL02-PR"
277239;2020-03-26;"quinta-feira";"11:20:00";"SC";470;33,9;"GASPAR";"Desobediência às normas de trânsito pelo condutor";"Colisão lateral";"Com Vítimas Feridas";"Pleno dia";"Crescente";"Céu Claro";"Dupla";"Reta;Em Obras";"Sim";3;0;1;0;1;1;1;3;-26,91035086;-48,94932747;"SPRF-SC";"DEL04-SC";"UOP01-DEL04-SC"
277241;2020-03-26;"quinta-feira";"11:40:00";"MG";40;479,8;"SETE LAGOAS";"Desobediência às normas de trânsito pelo condutor";"Saída de leito carroçável";"Com Vítimas Feridas";"Pleno dia";"Decrescente";"Céu Claro";"Dupla";"Reta";"Não";3;0;1;0;0;2;1;3;-19,53622599;-44,25468498;"SPRF-MG";"DEL02-MG";"UOP01-DEL02-MG"
277251;2020-03-26;"quinta-feira";"13:30:00";"PA";316;36;"SANTA IZABEL DO PARA";"Falta de Atenção à Condução";"Colisão transversal";"Com Vítimas Fatais";"Pleno dia";"Decrescente";"Nublado";"Dupla";"Reta;Retorno Regulamentado";"Sim";3;1;0;0;1;1;0;3;-1,29009976;-48,15602469;"SPRF-PA";"DEL01-PA";"UOP01-DEL01-PA"
277253;2020-03-26;"quinta-feira";"10:50:00";"SC";470;275,4;"BRUNOPOLIS";"Falta de Atenção à Condução";"Colisão traseira";"Com Vítimas Feridas";"Pleno dia";"Crescente";"Céu Claro";"Simples";"Reta";"Não";5;0;1;0;3;1;1;3;-27,329201;-50,813515;"SPRF-SC";"DEL07-SC";"UOP06-DEL07-SC"
277255;2020-03-26;"quinta-feira";"11:00:00";"MA";10;195,9;"RIBAMAR FIQUENE";"Falta de Atenção à Condução";"Colisão lateral";"Com Vítimas Feridas";"Pleno dia";"Decrescente";"Céu Claro";"Simples";"Reta";"Não";3;0;1;0;1;1;1;3;-6,009688;-47,382977;"SPRF-MA";"DEL04-MA";"UOP02-DEL04-MA"
277256;2020-03-26;"quinta-feira";"10:40:00";"RS";472;479,7;"ITAQUI";"Desobediência às normas de trânsito pelo condutor";"Colisão traseira";"Sem Vítimas";"Pleno dia";"Decrescente";"Sol";"Simples";"Reta";"Não";3;0;0;0;3;0;0;2;-29,16492855;-56,41753703;"SPRF-RS";"DEL13-RS";"UOP01-DEL13-RS"
277262;2020-03-26;"quinta-feira";"16:09:00";"MA";135;14;"SAO LUIS";"Não guardar distância de segurança";"Colisão transversal";"Sem Vítimas";"Pleno dia";"Decrescente";"Céu Claro";"Dupla";"Reta";"Sim";3;0;0;0;2;2;0;4;-2,68792341;-44,30009651;"SPRF-MA";"DEL01-MA";"UOP01-DEL01-MA"
277271;2020-03-26;"quinta-feira";"17:55:00";"GO";80;58;"PADRE BERNARDO";"Defeito Mecânico no Veículo";"Tombamento";"Sem Vítimas";"Plena Noite";"Crescente";"Céu Claro";"Simples";"Reta";"Não";2;0;0;0;1;1;0;2;-15,174466;-48,382611;"SPRF-DF";"DEL03-DF";"UOP02-DEL03-DF"
277272;2020-03-26;"quinta-feira";"15:20:00";"MS";267;359;"MARACAJU";"Falta de Atenção à Condução";"Tombamento";"Com Vítimas Feridas";"Pleno dia";"Decrescente";"Céu Claro";"Simples";"Rotatória";"Não";2;0;1;0;0;2;1;3;-21,64901204;-55,09538412;"SPRF-MS";"DEL02-MS";"UOP02-DEL02-MS"
277274;2020-03-26;"quinta-feira";"18:45:00";"MG";381;420;"CAETE";"Falta de Atenção à Condução";"Colisão transversal";"Sem Vítimas";"Plena Noite";"Decrescente";"Céu Claro";"Simples";"Interseção de Vias";"Sim";2;0;0;0;2;0;0;2;-19,77712975;-43,65501412;"SPRF-MG";"DEL01-MG";"UOP01-DEL01-MG"
277275;2020-03-26;"quinta-feira";"19:00:00";"MG";50;59;"UBERLANDIA";"Falta de Atenção à Condução";"Colisão traseira";"Com Vítimas Feridas";"Plena Noite";"Crescente";"Céu Claro";"Dupla";"Aclive";"Não";3;0;0;1;1;1;1;3;-18,80182592;-48,23899615;"SPRF-MG";"DEL15-MG";"UOP02-DEL15-MG"
277278;2020-03-26;"quinta-feira";"14:20:00";"MG";116;397,9;"GOVERNADOR VALADARES";"Velocidade Incompatível";"Tombamento";"Com Vítimas Feridas";"Pleno dia";"Decrescente";"Céu Claro";"Simples";"Declive;Curva";"Não";2;0;0;1;0;1;1;2;-18,75570099;-41,98568765;"SPRF-MG";"DEL06-MG";"UOP01-DEL06-MG"
277280;2020-03-26;"quinta-feira";"18:30:00";"MG";50;3,4;"ARAGUARI";"Falta de Atenção à Condução";"Colisão traseira";"Com Vítimas Feridas";"Plena Noite";"Crescente";"Céu Claro";"Dupla";"Reta";"Não";3;0;0;1;1;2;1;4;-18,44503579;-48,0519047;"SPRF-MG";"DEL15-MG";"UOP02-DEL15-MG"
277291;2020-03-26;"quinta-feira";"19:30:00";"MA";316;608,5;"TIMON";"Animais na Pista";"Colisão frontal";"Com Vítimas Feridas";"Plena Noite";"Decrescente";"Céu Claro";"Simples";"Reta";"Não";3;0;2;0;0;1;2;3;-5,060935;-42,892292;"SPRF-MA";"DEL03-MA";"UOP02-DEL03-MA"
277296;2020-03-26;"quinta-feira";"16:00:00";"MT";174;420,1;"NOVA LACERDA";"Defeito Mecânico no Veículo";"Incêndio";"Sem Vítimas";"Pleno dia";"Decrescente";"Nublado";"Simples";"Reta";"Não";2;0;0;0;1;1;0;2;-14,22877096;-59,69170535;"SPRF-MT";"DEL04-MT";"UOP01-DEL04-MT"
277297;2020-03-27;"sexta-feira";"00:30:00";"PE";104;101;"CUPIRA";"Condutor Dormindo";"Tombamento";"Com Vítimas Feridas";"Plena Noite";"Decrescente";"Céu Claro";"Simples";"Reta";"Não";2;0;1;0;0;1;1;2;-8,572188;-35,950451;"SPRF-PE";"DEL02-PE";"UOP01-DEL02-PE"
277298;2020-03-26;"quinta-feira";"21:05:00";"TO";153;701,2;"CARIRI DO TOCANTINS";"Defeito na Via";"Tombamento";"Sem Vítimas";"Plena Noite";"Decrescente";"Nublado";"Simples";"Aclive;Reta;Interseção de Vias";"Não";2;0;0;0;1;3;0;4;-11,9609026;-49,19947692;"SPRF-TO";"DEL01-TO";"UOP02-DEL01-TO"
277301;2020-03-27;"sexta-feira";"01:05:00";"PR";376;187;"MARIALVA";"Deficiência ou não Acionamento do Sistema de Iluminação/Sinalização do Veículo";"Colisão lateral";"Com Vítimas Fatais";"Plena Noite";"Crescente";"Céu Claro";"Dupla";"Aclive";"Não";4;1;0;0;2;1;0;3;-23,46141044;-51,83659926;"SPRF-PR";"DEL09-PR";"UOP01-DEL09-PR"
277302;2020-03-27;"sexta-feira";"01:50:00";"RS";392;164;"PIRATINI";"Falta de Atenção à Condução";"Saída de leito carroçável";"Com Vítimas Feridas";"Plena Noite";"Decrescente";"Céu Claro";"Simples";"Reta";"Não";2;0;1;0;0;1;1;2;-31,10118501;-52,96050601;"SPRF-RS";"DEL07-RS";"UOP01-DEL07-RS"
277304;2020-03-27;"sexta-feira";"03:00:00";"SP";116;214;"GUARULHOS";"Não guardar distância de segurança";"Colisão traseira";"Sem Vítimas";"Plena Noite";"Crescente";"Céu Claro";"Múltipla";"Reta";"Sim";3;0;0;0;2;1;0;3;-23,44333014;-46,44531294;"SPRF-SP";"DEL01-SP";"UOP01-DEL01-SP"
277306;2020-03-27;"sexta-feira";"03:40:00";"PR";277;49;"MORRETES";"Defeito Mecânico no Veículo";"Incêndio";"Sem Vítimas";"Plena Noite";"Crescente";"Garoa/Chuvisco";"Múltipla";"Reta";"Não";1;0;0;0;1;0;0;1;-25,59243579;-48,89076291;"SPRF-PR";"DEL01-PR";"UOP07-DEL01-PR"
277309;2020-03-27;"sexta-feira";"04:00:00";"SP";116;360;"MIRACATU";"Velocidade Incompatível";"Tombamento";"Com Vítimas Feridas";"Plena Noite";"Decrescente";"Nublado";"Dupla";"Aclive";"Não";2;0;1;0;0;1;1;2;-24,109671;-47,269169;"SPRF-SP";"DEL04-SP";"UOP02-DEL04-SP"
277311;2020-03-27;"sexta-feira";"04:15:00";"MG";381;760;"TRES CORACOES";"Condutor Dormindo";"Saída de leito carroçável";"Com Vítimas Feridas";"Plena Noite";"Decrescente";"Céu Claro";"Dupla";"Reta";"Não";1;0;1;0;0;0;1;1;-21,69584855;-45,35932129;"SPRF-MG";"DEL16-MG";"UOP02-DEL16-MG"
277317;2020-02-23;"domingo";"20:00:00";"MT";70;516;"VARZEA GRANDE";"Desobediência às normas de trânsito pelo condutor";"Colisão frontal";"Com Vítimas Feridas";"Plena Noite";"Decrescente";"Garoa/Chuvisco";"Simples";"Reta";"Sim";8;0;3;0;4;1;3;4;-15,63791502;-56,04400635;"SPRF-MT";"DEL05-MT";"UOP02-DEL05-MT"
277319;2020-03-26;"quinta-feira";"21:40:00";"MT";364;494;"JANGADA";"Condutor Dormindo";"Colisão lateral";"Sem Vítimas";"Plena Noite";"Crescente";"Céu Claro";"Simples";"Reta";"Sim";3;0;0;0;3;0;0;2;-15,29227197;-56,43455719;"SPRF-MT";"DEL01-MT";"DEL2/4-UOP02/MT"
277321;2020-03-27;"sexta-feira";"08:15:00";"MG";381;808;"SAO GONCALO DO SAPUCAI";"Velocidade Incompatível";"Saída de leito carroçável";"Com Vítimas Feridas";"Pleno dia";"Crescente";"Céu Claro";"Dupla";"Reta";"Não";1;0;0;1;0;0;1;1;-22,031744;-45,67600489;"SPRF-MG";"DEL16-MG";"UOP02-DEL16-MG"
277324;2020-03-27;"sexta-feira";"08:20:00";"MG";381;929,8;"ITAPEVA";"Velocidade Incompatível";"Derramamento de carga";"Sem Vítimas";"Pleno dia";"Crescente";"Sol";"Dupla";"Curva;Declive";"Não";2;0;0;0;1;1;0;2;-22,77379297;-46,23884076;"SPRF-MG";"DEL16-MG";"UOP03-DEL16-MG"
277328;2020-03-27;"sexta-feira";"09:00:00";"AP";210;29;"MACAPA";"Defeito Mecânico no Veículo";"Tombamento";"Com Vítimas Feridas";"Pleno dia";"Crescente";"Céu Claro";"Simples";"Reta";"Não";4;0;4;0;0;0;4;1;0,267687;-51,082314;"SPRF-AP";"DEL01-AP";"UOP01-DEL01-AP"
277329;2020-03-27;"sexta-feira";"08:20:00";"MG";381;929,7;"ITAPEVA";"Restrição de Visibilidade";"Colisão traseira";"Com Vítimas Feridas";"Pleno dia";"Crescente";"Céu Claro";"Dupla";"Curva";"Não";3;0;1;0;1;2;1;4;-22,79911462;-46,26123692;"SPRF-MG";"DEL16-MG";"UOP03-DEL16-MG"
277331;2020-03-27;"sexta-feira";"08:30:00";"PR";116;108;"CURITIBA";"Velocidade Incompatível";"Tombamento";"Com Vítimas Feridas";"Pleno dia";"Crescente";"Céu Claro";"Dupla";"Reta";"Não";2;0;1;0;0;1;1;2;-25,57147018;-49,19760597;"SPRF-PR";"DEL01-PR";"UOP06-DEL01-PR"
277332;2020-03-27;"sexta-feira";"10:15:00";"PR";376;182;"MARINGA";"Falta de Atenção à Condução";"Colisão traseira";"Com Vítimas Feridas";"Pleno dia";"Crescente";"Sol";"Dupla";"Reta";"Sim";3;0;0;1;1;1;1;3;-23,43385241;-51,88420767;"SPRF-PR";"DEL09-PR";"UOP01-DEL09-PR"
277337;2020-03-27;"sexta-feira";"10:50:00";"SP";116;284,5;"EMBU DAS ARTES";"Velocidade Incompatível";"Saída de leito carroçável";"Com Vítimas Feridas";"Pleno dia";"Crescente";"Céu Claro";"Simples";"Viaduto;Aclive;Retorno Regulamentado;Curva";"Sim";3;0;0;1;1;1;1;2;-23,68169978;-46,86023366;"SPRF-SP";"DEL04-SP";"UOP01-DEL04-SP"
277340;2020-03-27;"sexta-feira";"09:30:00";"AL";101;120;"PILAR";"Falta de Atenção à Condução";"Tombamento";"Com Vítimas Feridas";"Pleno dia";"Crescente";"Chuva";"Simples";"Declive";"Não";1;0;1;0;0;0;1;1;-9,68088104;-36,03736984;"SPRF-AL";"DEL02-AL";"UOP01-DEL02-AL"
277341;2020-03-20;"sexta-feira";"06:25:00";"RO";364;25;"VILHENA";"Desobediência às normas de trânsito pelo condutor";"Tombamento";"Com Vítimas Feridas";"Pleno dia";"Crescente";"Céu Claro";"Simples";"Aclive";"Não";3;0;1;1;0;2;2;3;-12,72429829;-60,23883701;"SPRF-RO";"DEL04-RO";"UOP01-DEL04-RO"
277342;2020-03-27;"sexta-feira";"11:50:00";"BA";116;422;"FEIRA DE SANTANA";"Falta de Atenção à Condução";"Colisão lateral";"Sem Vítimas";"Pleno dia";"Decrescente";"Céu Claro";"Simples";"Reta";"Sim";2;0;0;0;2;0;0;2;-12,23080943;-38,96648884;"SPRF-BA";"DEL02-BA";"UOP01-DEL02-BA"
277343;2020-03-27;"sexta-feira";"11:00:00";"SC";470;233,2;"SAO CRISTOVAO DO SUL";"Velocidade Incompatível";"Tombamento";"Com Vítimas Feridas";"Pleno dia";"Decrescente";"Céu Claro";"Simples";"Rotatória";"Sim";2;0;1;0;0;1;1;2;-27,301607;-50,421268;"SPRF-SC";"DEL05-SC";"UOP03-DEL05-SC"
277344;2020-03-27;"sexta-feira";"11:30:00";"AL";101;135,7;"SAO MIGUEL DOS CAMPOS";"Defeito Mecânico no Veículo";"Tombamento";"Com Vítimas Feridas";"Pleno dia";"Decrescente";"Nublado";"Simples";"Reta";"Sim";1;0;1;0;0;0;1;1;-9,78834902;-36,10509283;"SPRF-AL";"DEL02-AL";"UOP01-DEL02-AL"
277345;2020-03-22;"domingo";"02:20:00";"MG";365;151,8;"PIRAPORA";"Condutor Dormindo";"Colisão frontal";"Com Vítimas Fatais";"Plena Noite";"Decrescente";"Chuva";"Simples";"Reta";"Não";29;11;0;17;0;1;17;3;-17,29677;-44,88943;"SPRF-MG";"DEL12-MG";"UOP01-DEL12-MG"
277348;2020-03-27;"sexta-feira";"14:10:00";"PR";476;224,6;"LAPA";"Velocidade Incompatível";"Tombamento";"Com Vítimas Feridas";"Pleno dia";"Crescente";"Céu Claro";"Simples";"Curva";"Não";2;0;1;0;0;1;1;2;-25,85064036;-49,94673908;"SPRF-PR";"DEL02-PR";"UOP04-DEL02-PR"
277351;2020-03-27;"sexta-feira";"08:50:00";"MG";262;385;"FLORESTAL";"Defeito Mecânico no Veículo";"Colisão com objeto estático";"Com Vítimas Feridas";"Pleno dia";"Crescente";"Sol";"Dupla";"Reta";"Não";4;0;1;0;2;1;1;2;-19,93325094;-44,42077402;"SPRF-MG";"DEL01-MG";"UOP03-DEL01-MG"
277352;2020-03-27;"sexta-feira";"15:20:00";"PE";101;8;"GOIANA";"Falta de Atenção do Pedestre";"Atropelamento de Pedestre";"Com Vítimas Feridas";"Pleno dia";"Crescente";"Céu Claro";"Dupla";"Reta";"Sim";2;0;1;0;1;0;1;2;-7,56898134;-34,98959891;"SPRF-PE";"DEL01-PE";"UOP02-DEL01-PE"
277354;2020-03-27;"sexta-feira";"13:45:00";"CE";116;197,6;"TABULEIRO DO NORTE";"Condutor Dormindo";"Saída de leito carroçável";"Sem Vítimas";"Pleno dia";"Decrescente";"Céu Claro";"Simples";"Reta";"Não";2;0;0;0;1;1;0;2;-5,16763232;-38,16653774;"SPRF-CE";"DEL03-CE";"UOP01-DEL03-CE"
277357;2020-03-27;"sexta-feira";"15:10:00";"SC";101;260;"PAULO LOPES";"Desobediência às normas de trânsito pelo condutor";"Colisão lateral";"Sem Vítimas";"Pleno dia";"Crescente";"Céu Claro";"Dupla";"Declive";"Não";2;0;0;0;1;1;0;2;-28,0210609;-48,69789507;"SPRF-SC";"DEL02-SC";"UOP03-DEL02-SC"
277358;2020-03-27;"sexta-feira";"13:40:00";"RS";290;103;"PORTO ALEGRE";"Falta de Atenção à Condução";"Colisão traseira";"Com Vítimas Fatais";"Pleno dia";"Crescente";"Céu Claro";"Simples";"Ponte";"Não";3;1;0;0;2;0;0;3;-29,99017;-51,265766;"SPRF-RS";"DEL01-RS";"UOP01-DEL01-RS"
277360;2020-03-27;"sexta-feira";"16:20:00";"RS";116;475,9;"SAO LOURENCO DO SUL";"Mal Súbito";"Colisão lateral";"Com Vítimas Feridas";"Pleno dia";"Decrescente";"Céu Claro";"Simples";"Reta";"Não";3;0;1;0;1;3;1;5;-31,37773268;-52,10790218;"SPRF-RS";"DEL07-RS";"UOP01-DEL07-RS"
277362;2020-03-27;"sexta-feira";"16:40:00";"GO";153;570,5;"PROFESSOR JAMIL";"Falta de Atenção à Condução";"Saída de leito carroçável";"Com Vítimas Feridas";"Pleno dia";"Crescente";"Nublado";"Dupla";"Reta";"Não";1;0;1;0;0;0;1;1;-17,3032;-49,2355;"SPRF-GO";"DEL03-GO";"UOP01-DEL03-GO"
277364;2020-03-27;"sexta-feira";"14:20:00";"MT";163;829;"SINOP";"Desobediência às normas de trânsito pelo condutor";"Colisão transversal";"Com Vítimas Feridas";"Pleno dia";"Decrescente";"Sol";"Dupla";"Rotatória";"Sim";2;0;1;0;1;0;1;2;-12,040704;-55,51732275;"SPRF-MT";"DEL06-MT";"UOP01-DEL06-MT"
277366;2020-03-27;"sexta-feira";"16:55:00";"MS";163;491,9;"CAMPO GRANDE";"Falta de Atenção à Condução";"Colisão lateral";"Com Vítimas Feridas";"Pleno dia";"Decrescente";"Céu Claro";"Dupla";"Rotatória";"Sim";3;0;1;0;1;2;1;4;-20,39443382;-54,55870628;"SPRF-MS";"DEL01-MS";"UOP02-DEL01-MS"
277371;2020-03-27;"sexta-feira";"16:30:00";"PR";277;102,5;"CURITIBA";"Falta de Atenção à Condução";"Colisão traseira";"Com Vítimas Feridas";"Pleno dia";"Crescente";"Céu Claro";"Dupla";"Curva;Declive";"Sim";3;0;1;0;1;3;1;5;-25,42691412;-49,38193023;"SPRF-PR";"DEL01-PR";"UOP06-DEL01-PR"
277375;2020-03-27;"sexta-feira";"18:10:00";"PR";369;107;"URAI";"Desobediência às normas de trânsito pelo condutor";"Colisão frontal";"Com Vítimas Feridas";"Pleno dia";"Crescente";"Céu Claro";"Simples";"Reta";"Não";2;0;0;1;1;0;1;2;-23,26302791;-50,78115284;"SPRF-PR";"DEL07-PR";"UOP05-DEL07-PR"
277377;2020-03-27;"sexta-feira";"18:45:00";"RS";101;76,8;"OSORIO";"Falta de Atenção à Condução";"Colisão lateral";"Com Vítimas Feridas";"Plena Noite";"Decrescente";"Céu Claro";"Dupla";"Reta";"Não";4;0;1;0;2;2;1;4;-29,81058704;-50,24122892;"SPRF-RS";"DEL03-RS";"UOP01-DEL03-RS"
277379;2020-03-27;"sexta-feira";"19:15:00";"GO";153;515,6;"APARECIDA DE GOIANIA";"Animais na Pista";"Colisão traseira";"Com Vítimas Feridas";"Plena Noite";"Crescente";"Céu Claro";"Dupla";"Reta";"Sim";3;0;2;0;1;0;2;2;-16,8413;-49,2454;"SPRF-GO";"DEL01-GO";"UOP03-DEL01-GO"
277381;2020-03-27;"sexta-feira";"19:05:00";"GO";60;95,1;"ANAPOLIS";"Desobediência às normas de trânsito pelo condutor";"Colisão frontal";"Com Vítimas Feridas";"Plena Noite";"Crescente";"Chuva";"Múltipla";"Reta";"Sim";2;0;1;0;1;0;1;2;-16,3679;-48,939;"SPRF-GO";"DEL02-GO";"UOP01-DEL02-GO"
277382;2020-03-27;"sexta-feira";"16:30:00";"MA";135;53,9;"BACABEIRA";"Defeito na Via";"Tombamento";"Sem Vítimas";"Pleno dia";"Crescente";"Chuva";"Simples";"Reta";"Não";2;0;0;0;1;1;0;2;-2,98920503;-44,31246375;"SPRF-MA";"DEL01-MA";"UOP02-DEL01-MA"
277393;2020-03-27;"sexta-feira";"18:15:00";"RS";392;254;"CACAPAVA DO SUL";"Velocidade Incompatível";"Tombamento";"Sem Vítimas";"Anoitecer";"Decrescente";"Nublado";"Simples";"Curva";"Não";2;0;0;0;1;3;0;4;-30,51971423;-53,45352527;"SPRF-RS";"DEL09-RS";"UOP02-DEL09-RS"
277405;2020-03-27;"sexta-feira";"20:45:00";"MT";163;938;"ITAUBA";"Ultrapassagem Indevida";"Saída de leito carroçável";"Com Vítimas Feridas";"Plena Noite";"Crescente";"Chuva";"Simples";"Declive;Reta";"Não";2;0;1;0;0;2;1;3;-11,10385599;-55,30034901;"SPRF-MT";"DEL06-MT";"NPF/DEL06-MT"
277406;2020-03-27;"sexta-feira";"23:30:00";"SC";101;162,8;"TIJUCAS";"Desobediência às normas de trânsito pelo condutor";"Colisão transversal";"Sem Vítimas";"Plena Noite";"Decrescente";"Nublado";"Dupla";"Reta;Interseção de Vias";"Sim";3;0;0;0;1;2;0;2;-27,23101167;-48,629179;"SPRF-SC";"DEL04-SC";"UOP03-DEL04-SC"
277415;2020-03-27;"sexta-feira";"18:20:00";"MT";163;550,7;"DIAMANTINO";"Falta de Atenção à Condução";"Colisão frontal";"Com Vítimas Feridas";"Plena Noite";"Crescente";"Nublado";"Simples";"Reta";"Não";4;0;1;0;2;1;1;4;-14,30772599;-56,1389211;"SPRF-MT";"DEL01-MT";"UOP01-DEL01-MT"
277421;2020-03-27;"sexta-feira";"22:10:00";"MG";365;482,1;"PATROCINIO";"Condutor Dormindo";"Colisão frontal";"Com Vítimas Feridas";"Plena Noite";"Decrescente";"Céu Claro";"Simples";"Reta";"Não";2;0;0;1;1;0;1;2;-18,89295199;-47,08731001;"SPRF-MG";"DEL10-MG";"UOP01-DEL10-MG"
277423;2020-03-28;"sábado";"03:55:00";"SC";101;126,3;"ITAJAI";"Falta de Atenção do Pedestre";"Atropelamento de Pedestre";"Com Vítimas Fatais";"Plena Noite";"Crescente";"Nublado";"Dupla";"Curva";"Não";2;1;0;0;1;0;0;2;-26,95564404;-48,67978366;"SPRF-SC";"DEL04-SC";"UOP04-DEL04-SC"
277424;2020-03-28;"sábado";"03:10:00";"TO";153;408;"MIRANORTE";"Velocidade Incompatível";"Saída de leito carroçável";"Com Vítimas Fatais";"Plena Noite";"Crescente";"Ignorado";"Dupla";"Interseção de Vias";"Sim";2;1;0;0;0;2;0;3;-9,48122494;-48,58319433;"SPRF-TO";"DEL02-TO";"UOP02-DEL02-TO"
277428;2020-03-28;"sábado";"05:00:00";"GO";60;470;"JATAI";"Ingestão de Álcool";"Tombamento";"Sem Vítimas";"Amanhecer";"Crescente";"Céu Claro";"Dupla";"Rotatória";"Sim";2;0;0;0;1;3;0;4;-17,91693126;-51,69430017;"SPRF-GO";"DEL05-GO";"UOP01-DEL05-GO"
277437;2020-03-27;"sexta-feira";"22:30:00";"GO";153;292,7;"RIALMA";"Defeito na Via";"Tombamento";"Sem Vítimas";"Plena Noite";"Decrescente";"Chuva";"Simples";"Reta";"Não";2;0;0;0;1;1;0;2;-15,225485;-49,553764;"SPRF-GO";"DEL02-GO";"UOP02-DEL02-GO"
277440;2020-03-28;"sábado";"09:05:00";"PR";277;586,1;"CASCAVEL";"Desobediência às normas de trânsito pelo condutor";"Colisão transversal";"Com Vítimas Feridas";"Pleno dia";"Crescente";"Nublado";"Simples";"Reta";"Não";3;0;1;0;2;0;1;2;-24,96685325;-53,42459474;"SPRF-PR";"DEL04-PR";"UOP01-DEL04-PR"
277441;2020-03-28;"sábado";"09:30:00";"SC";282;408,7;"CATANDUVAS";"Falta de Atenção à Condução";"Colisão frontal";"Com Vítimas Fatais";"Pleno dia";"Crescente";"Céu Claro";"Simples";"Curva";"Não";2;1;0;0;1;0;0;2;-27,0805005;-51,66440967;"SPRF-SC";"DEL07-SC";"UOP05-DEL07-SC"
277442;2020-03-28;"sábado";"09:00:00";"CE";304;47,7;"ARACATI";"Defeito Mecânico no Veículo";"Colisão com objeto estático";"Sem Vítimas";"Pleno dia";"Decrescente";"Céu Claro";"Dupla";"Reta";"Sim";1;0;0;0;1;0;0;1;-4,57573881;-37,78945494;"SPRF-CE";"DEL03-CE";"UOP03-DEL03-CE"
277444;2020-03-27;"sexta-feira";"19:00:00";"PI";230;209;"OEIRAS";"Animais na Pista";"Atropelamento de Animal";"Com Vítimas Feridas";"Plena Noite";"Decrescente";"Céu Claro";"Simples";"Curva";"Não";3;0;1;0;1;3;1;5;-7,05010997;-42,21022107;"SPRF-PI";"DEL03-PI";"UOP01-DEL03-PI"
277450;2020-03-28;"sábado";"05:30:00";"RJ";393;138;"SAPUCAIA";"Velocidade Incompatível";"Tombamento";"Com Vítimas Feridas";"Amanhecer";"Decrescente";"Céu Claro";"Simples";"Curva";"Sim";2;0;0;1;0;1;1;2;-22,0175255;-42,95994066;"SPRF-RJ";"DEL05-RJ";"UOP01-DEL05-RJ"
277452;2020-03-28;"sábado";"10:40:00";"MG";40;804;"MATIAS BARBOSA";"Falta de Atenção à Condução";"Colisão com objeto estático";"Com Vítimas Feridas";"Pleno dia";"Decrescente";"Céu Claro";"Dupla";"Curva";"Não";3;0;0;1;1;1;1;3;-21,86313979;-43,37348589;"SPRF-MG";"DEL05-MG";"UOP01-DEL05-MG"
277453;2020-03-28;"sábado";"10:30:00";"PR";476;341,6;"PAULA FREITAS";"Falta de Atenção à Condução";"Saída de leito carroçável";"Sem Vítimas";"Pleno dia";"Decrescente";"Céu Claro";"Simples";"Reta";"Não";2;0;0;0;1;1;0;2;-26,16663828;-50,89942586;"SPRF-PR";"DEL02-PR";"UOP04-DEL02-PR"
277454;2020-03-28;"sábado";"11:00:00";"AL";316;225,1;"ATALAIA";"Pista Escorregadia";"Saída de leito carroçável";"Com Vítimas Fatais";"Pleno dia";"Decrescente";"Chuva";"Simples";"Curva";"Não";3;1;1;0;1;0;1;1;-9,47691913;-36,15664611;"SPRF-AL";"DEL01-AL";"UOP01-DEL01-AL"
277455;2020-03-28;"sábado";"08:30:00";"BA";116;162;"CANUDOS";"Ultrapassagem Indevida";"Tombamento";"Com Vítimas Feridas";"Pleno dia";"Crescente";"Céu Claro";"Simples";"Reta";"Não";3;0;2;0;0;1;2;2;-10,03501199;-39,15931172;"SPRF-BA";"DEL07-BA";"UOP02-DEL07-BA"