"id";"data_inversa";"dia_semana";"horario";"uf";"br";"km";"municipio";"causa_acidente";"tipo_acidente";"classificacao_acidente";"fase_dia";"sentido_via";"condicao_metereologica";"tipo_pista";"tracado_via";"uso_solo";"pessoas";"mortos";"feridos_leves";"feridos_graves";"ilesos";"ignorados";"feridos";"veiculos";"latitude";"longitude";"regional";"delegacia";"uop"
277458;2020-03-28;"sábado";"04:45:00";"MA";10;114;"ESTREITO";"Defeito na Via";"Colisão frontal";"Sem Vítimas";"Plena Noite";"Decrescente";"Céu Claro";"Simples";"Reta";"Não";3;0;0;0;2;5;0;7;-6,673797;-47,45158;"SPRF-MA";"DEL04-MA";"UOP02-DEL04-MA"
277464;2020-03-28;"sábado";"13:30:00";"PR";376;615,6;"SAO JOSE DOS PINHAIS";"Falta de Atenção à Condução";"Saída de leito carroçável";"Com Vítimas Feridas";"Pleno dia";"Decrescente";"Nublado";"Simples";"Aclive;Curva";"Sim";2;0;0;1;0;1;1;2;-25,569237;-49,183735;"SPRF-PR";"DEL01-PR";"UOP01-DEL01-PR"
277468;2020-03-16;"segunda-feira";"10:20:00";"SC";282;397,1;"JOACABA";"Velocidade Incompatível";"Colisão lateral";"Com Vítimas Feridas";"Pleno dia";"Decrescente";"Céu Claro";"Simples";"Reta";"Não";2;0;0;1;1;0;1;2;-27,159993;-51,442684;"SPRF-SC";"DEL07-SC";"UOP05-DEL07-SC"
277473;2020-03-28;"sábado";"12:00:00";"SC";116;140,6;"SANTA CECILIA";"Desobediência às normas de trânsito pelo condutor";"Colisão transversal";"Com Vítimas Feridas";"Pleno dia";"Crescente";"Céu Claro";"Simples";"Rotatória";"Não";4;0;0;1;2;1;1;4;-26,96625517;-50,40928315;"SPRF-SC";"DEL06-SC";"UOP02-DEL06-SC"
277474;2020-03-28;"sábado";"13:30:00";"CE";116;53,7;"PACAJUS";"Carga excessiva e/ou mal acondicionada";"Derramamento de carga";"Sem Vítimas";"Pleno dia";"Decrescente";"Sol";"Dupla";"Aclive;Curva";"Não";2;0;0;0;1;2;0;3;-4,19722404;-38,46961498;"SPRF-CE";"DEL03-CE";"UOP02-DEL03-CE"
277476;2020-03-28;"sábado";"16:11:00";"SP";381;65;"MAIRIPORA";"Velocidade Incompatível";"Colisão traseira";"Sem Vítimas";"Pleno dia";"Decrescente";"Céu Claro";"Múltipla";"Reta";"Não";2;0;0;0;2;0;0;2;-23,32237558;-46,58108711;"SPRF-SP";"DEL03-SP";"UOP01-DEL03-SP"
277478;2020-03-28;"sábado";"16:00:00";"MG";262;885,7;"CAMPO FLORIDO";"Falta de Atenção à Condução";"Tombamento";"Com Vítimas Feridas";"Plena Noite";"Crescente";"Céu Claro";"Dupla";"Curva";"Não";2;0;1;0;0;1;1;2;-19,77329365;-48,56826483;"SPRF-MG";"DEL13-MG";"UOP02-DEL13-MG"
277479;2020-03-28;"sábado";"16:10:00";"GO";60;205;"GUAPO";"Ingestão de Álcool";"Colisão traseira";"Com Vítimas Feridas";"Pleno dia";"Decrescente";"Chuva";"Dupla";"Curva";"Sim";5;0;2;0;3;0;2;2;-16,91485709;-49,66069221;"SPRF-GO";"DEL01-GO";"UOP02-DEL01-GO"
277507;2020-03-28;"sábado";"20:00:00";"BA";242;858;"BARREIRAS";"Ultrapassagem Indevida";"Colisão frontal";"Com Vítimas Feridas";"Plena Noite";"Crescente";"Garoa/Chuvisco";"Simples";"Reta";"Não";5;0;3;0;1;1;3;3;-12,09870003;-45,361021;"SPRF-BA";"DEL10-BA";"UOP01-DEL10-BA"
277526;2020-03-28;"sábado";"23:15:00";"PR";277;94;"CURITIBA";"Condutor Dormindo";"Colisão lateral";"Sem Vítimas";"Plena Noite";"Decrescente";"Nublado";"Dupla";"Reta";"Sim";2;0;0;0;2;0;0;2;-25,43075639;-49,32248485;"SPRF-PR";"DEL01-PR";"UOP06-DEL01-PR"
277527;2020-03-28;"sábado";"21:15:00";"MG";40;278,1;"TRES MARIAS";"Falta de Atenção à Condução";"Colisão traseira";"Com Vítimas Fatais";"Plena Noite";"Crescente";"Céu Claro";"Simples";"Reta";"Sim";2;1;0;0;0;1;0;2;-18,220313;-45,220762;"SPRF-MG";"DEL14-MG";"UOP02-DEL14-MG"
277532;2020-03-28;"sábado";"23:30:00";"DF";20;17,7;"BRASILIA";"Ingestão de Álcool";"Colisão traseira";"Com Vítimas Feridas";"Plena Noite";"Decrescente";"Céu Claro";"Dupla";"Reta";"Não";3;0;1;0;1;1;1;3;-15,621374;-47,71698;"SPRF-DF";"DEL02-DF";"UOP01-DEL02-DF"
277537;2020-03-28;"sábado";"23:00:00";"RJ";116;269;"BARRA MANSA";"Falta de Atenção à Condução";"Colisão traseira";"Com Vítimas Feridas";"Plena Noite";"Crescente";"Céu Claro";"Dupla";"Reta";"Sim";3;0;1;0;1;1;1;3;-22,57510092;-44,11542461;"SPRF-RJ";"DEL07-RJ";"UOP02-DEL07-RJ"
277540;2020-03-29;"domingo";"02:30:00";"SE";101;30,9;"CAPELA";"Condutor Dormindo";"Colisão com objeto estático";"Com Vítimas Feridas";"Plena Noite";"Decrescente";"Chuva";"Simples";"Desvio Temporário";"Não";2;0;0;1;0;1;1;2;-10,44544806;-36,93657784;"SPRF-SE";"DEL02-SE";"UOP02-DEL02-SE"
277548;2020-03-29;"domingo";"07:05:00";"BA";116;433,1;"FEIRA DE SANTANA";"Defeito na Via";"Tombamento";"Com Vítimas Feridas";"Pleno dia";"Decrescente";"Nublado";"Dupla";"Curva";"Não";4;0;3;0;0;1;3;2;-12,30248475;-39,04094252;"SPRF-BA";"DEL02-BA";"UOP01-DEL02-BA"
277550;2020-03-29;"domingo";"07:00:00";"SE";101;92;"NOSSA SENHORA DO SOCORRO";"Ingestão de Álcool";"Colisão traseira";"Com Vítimas Feridas";"Pleno dia";"Decrescente";"Chuva";"Dupla";"Reta";"Sim";3;0;1;0;1;1;1;3;-10,90169474;-37,13619222;"SPRF-SE";"DEL01-SE";"UOP01-DEL01-SE"
277552;2020-03-29;"domingo";"06:20:00";"MG";381;923,7;"CAMANDUCAIA";"Velocidade Incompatível";"Tombamento";"Com Vítimas Feridas";"Pleno dia";"Crescente";"Céu Claro";"Dupla";"Curva";"Não";2;0;1;0;0;3;1;4;-22,77483167;-46,1882419;"SPRF-MG";"DEL16-MG";"UOP03-DEL16-MG"
277553;2020-03-29;"domingo";"07:40:00";"MG";381;345;"JOAO MONLEVADE";"Condutor Dormindo";"Saída de leito carroçável";"Sem Vítimas";"Amanhecer";"Decrescente";"Céu Claro";"Simples";"Reta";"Não";2;0;0;0;1;1;0;2;-19,86363214;-43,12254285;"SPRF-MG";"DEL03-MG";"UOP01-DEL03-MG"
277561;2020-03-29;"domingo";"07:40:00";"SP";116;496,4;"CAJATI";"Falta de Atenção à Condução";"Colisão com objeto estático";"Com Vítimas Feridas";"Pleno dia";"Decrescente";"Céu Claro";"Dupla";"Curva";"Não";2;0;1;0;1;0;1;2;-24,75945513;-48,16458078;"SPRF-SP";"DEL05-SP";"UOP02-DEL05-SP"
277564;2020-03-29;"domingo";"08:30:00";"BA";116;368;"SERRINHA";"Não guardar distância de segurança";"Colisão frontal";"Com Vítimas Feridas";"Pleno dia";"Decrescente";"Céu Claro";"Simples";"Reta";"Não";4;0;1;0;2;3;1;6;-11,74325699;-38,98617175;"SPRF-BA";"DEL02-BA";"UOP01-DEL02-BA"
277571;2020-03-29;"domingo";"09:00:00";"RS";392;241,4;"CACAPAVA DO SUL";"Velocidade Incompatível";"Colisão com objeto estático";"Com Vítimas Feridas";"Pleno dia";"Crescente";"Garoa/Chuvisco";"Simples";"Curva";"Não";2;0;1;0;0;1;1;2;-30,60476407;-53,36821527;"SPRF-RS";"DEL09-RS";"UOP02-DEL09-RS"
277575;2020-03-26;"quinta-feira";"21:00:00";"AL";101;194;"SAO SEBASTIAO";"Falta de Atenção à Condução";"Saída de leito carroçável";"Com Vítimas Feridas";"Plena Noite";"Decrescente";"Nublado";"Dupla";"Curva";"Não";2;0;1;0;0;1;1;2;-9,93595808;-36,49545203;"SPRF-AL";"DEL02-AL";"UOP02-DEL02-AL"
277580;2020-03-29;"domingo";"10:20:00";"MT";163;938;"ITAUBA";"Não guardar distância de segurança";"Colisão traseira";"Com Vítimas Feridas";"Pleno dia";"Decrescente";"Céu Claro";"Simples";"Reta;Declive";"Não";5;0;0;2;2;3;2;5;-10,997241;-55,243733;"SPRF-MT";"DEL06-MT";"NPF/DEL06-MT"
277595;2020-03-29;"domingo";"15:00:00";"MG";116;692,2;"MURIAE";"Falta de Atenção à Condução";"Colisão frontal";"Com Vítimas Fatais";"Pleno dia";"Decrescente";"Céu Claro";"Simples";"Reta;Declive";"Não";5;3;0;1;1;0;1;2;-21,01876307;-42,36118053;"SPRF-MG";"DEL07-MG";"UOP02-DEL07-MG"
277603;2020-03-29;"domingo";"15:00:00";"RS";290;365,4;"VILA NOVA DO SUL";"Ingestão de Álcool";"Colisão lateral";"Com Vítimas Feridas";"Pleno dia";"Crescente";"Garoa/Chuvisco";"Simples";"Reta";"Não";3;0;1;0;1;2;1;4;-30,360786;-53,817539;"SPRF-RS";"DEL09-RS";"UOP02-DEL09-RS"
277605;2020-03-29;"domingo";"15:55:00";"PR";277;134;"CURITIBA";"Pista Escorregadia";"Colisão traseira";"Sem Vítimas";"Pleno dia";"Decrescente";"Céu Claro";"Múltipla";"Reta";"Sim";2;0;0;0;2;0;0;2;-25,46840515;-49,25383329;"SPRF-PR";"DEL01-PR";"UOP03-DEL03-PR"
277618;2020-03-29;"domingo";"16:45:00";"PR";373;185;"PONTA GROSSA";"Não guardar distância de segurança";"Colisão lateral";"Com Vítimas Feridas";"Pleno dia";"Decrescente";"Céu Claro";"Simples";"Curva";"Não";3;0;1;0;0;3;1;4;-25,04886223;-50,29257775;"SPRF-PR";"DEL03-PR";"UOP01-DEL03-PR"
277619;2020-03-29;"domingo";"17:40:00";"ES";259;30;"COLATINA";"Defeito na Via";"Tombamento";"Com Vítimas Feridas";"Anoitecer";"Decrescente";"Céu Claro";"Dupla";"Rotatória";"Não";3;0;1;0;0;3;1;4;-19,5706707;-40,50497334;"SPRF-ES";"DEL02-ES";"UOP01-DEL02-ES"
277626;2020-03-29;"domingo";"19:05:00";"SE";235;45;"ITABAIANA";"Pista Escorregadia";"Queda de ocupante de veículo";"Com Vítimas Feridas";"Plena Noite";"Crescente";"Chuva";"Simples";"Reta";"Não";3;0;1;0;2;0;1;3;-10,746924;-37,399899;"SPRF-SE";"DEL01-SE";"UOP02-DEL01-SE"
277628;2020-03-29;"domingo";"19:15:00";"MG";381;832,4;"SAO SEBASTIAO DA BELA VISTA";"Falta de Atenção do Pedestre";"Atropelamento de Pedestre";"Com Vítimas Fatais";"Plena Noite";"Decrescente";"Chuva";"Dupla";"Reta";"Não";2;1;0;0;0;1;0;2;-22,15138412;-45,82353661;"SPRF-MG";"DEL16-MG";"UOP01-DEL16-MG"
277639;2020-03-29;"domingo";"19:30:00";"PE";232;211,7;"PESQUEIRA";"Falta de Atenção à Condução";"Colisão transversal";"Com Vítimas Fatais";"Plena Noite";"Decrescente";"Chuva";"Simples";"Reta";"Sim";2;1;0;0;1;0;0;2;-8,37211004;-36,7112124;"SPRF-PE";"DEL02-PE";"UOP03-DEL02-PE"
277640;2020-03-29;"domingo";"20:00:00";"MG";365;660;"MONTE ALEGRE DE MINAS";"Falta de Atenção à Condução";"Colisão traseira";"Sem Vítimas";"Plena Noite";"Decrescente";"Chuva";"Dupla";"Reta";"Não";3;0;0;0;2;4;0;6;-18,89246253;-48,6428551;"SPRF-MG";"DEL15-MG";"UOP01-DEL15-MG"
277659;2020-03-29;"domingo";"22:45:00";"PR";277;636;"CEU AZUL";"Falta de Atenção à Condução";"Tombamento";"Com Vítimas Feridas";"Plena Noite";"Crescente";"Céu Claro";"Simples";"Declive";"Sim";3;0;3;0;0;0;3;2;-25,14493869;-53,83748189;"SPRF-PR";"DEL05-PR";"UOP02-DEL05-PR"
277660;2020-03-29;"domingo";"19:40:00";"SC";470;234;"SAO CRISTOVAO DO SUL";"Ingestão de Álcool";"Colisão lateral";"Sem Vítimas";"Plena Noite";"Crescente";"Chuva";"Simples";"Curva";"Sim";3;0;0;0;2;2;0;4;-27,302292;-50,439423;"SPRF-SC";"DEL05-SC";"UOP03-DEL05-SC"
277661;2020-03-29;"domingo";"21:15:00";"MT";174;498;"COMODORO";"Ultrapassagem Indevida";"Colisão frontal";"Com Vítimas Fatais";"Plena Noite";"Crescente";"Chuva";"Simples";"Reta";"Não";4;1;0;0;1;3;0;5;-13,55232859;-59,81562545;"SPRF-MT";"DEL04-MT";"UOP01-DEL04-MT"
277662;2020-03-29;"domingo";"19:00:00";"SC";282;459,4;"PONTE SERRADA";"Pista Escorregadia";"Colisão frontal";"Com Vítimas Fatais";"Plena Noite";"Decrescente";"Chuva";"Simples";"Curva";"Sim";6;2;0;2;2;0;2;2;-26,863695;-52,024818;"SPRF-SC";"DEL07-SC";"UOP04-DEL07-SC"
277665;2020-03-29;"domingo";"22:40:00";"MS";163;415,7;"NOVA ALVORADA DO SUL";"Ingestão de Álcool";"Colisão lateral";"Com Vítimas Feridas";"Plena Noite";"Crescente";"Céu Claro";"Simples";"Declive";"Não";5;0;1;0;3;2;1;4;-21,03544691;-54,50287162;"SPRF-MS";"DEL02-MS";"UOP01-DEL02-MS"
277669;2020-03-29;"domingo";"21:20:00";"MG";116;182,5;"CARAI";"Desobediência às normas de trânsito pelo condutor";"Colisão frontal";"Com Vítimas Feridas";"Plena Noite";"Crescente";"Garoa/Chuvisco";"Simples";"Interseção de Vias";"Não";4;0;1;1;1;2;2;4;-17,1000871;-41,49594088;"SPRF-MG";"DEL11-MG";"UOP01-DEL11-MG"
277670;2020-03-29;"domingo";"17:40:00";"BA";116;618,7;"JAGUAQUARA";"Agressão Externa";"Tombamento";"Sem Vítimas";"Anoitecer";"Crescente";"Nublado";"Simples";"Reta";"Não";2;0;0;0;1;1;0;2;-13,3957;-40,023;"SPRF-BA";"DEL03-BA";"UOP01-DEL03-BA"
277684;2020-03-30;"segunda-feira";"07:00:00";"SP";116;213,3;"GUARULHOS";"Desobediência às normas de trânsito pelo condutor";"Colisão lateral";"Com Vítimas Feridas";"Pleno dia";"Crescente";"Céu Claro";"Múltipla";"Reta";"Sim";4;0;1;0;2;1;1;4;-23,44061918;-46,43957745;"SPRF-SP";"DEL01-SP";"UOP01-DEL01-SP"
277686;2020-03-30;"segunda-feira";"06:00:00";"RJ";101;447;"MANGARATIBA";"Fenômenos da Natureza";"Colisão lateral";"Com Vítimas Feridas";"Amanhecer";"Crescente";"Nublado";"Simples";"Reta";"Sim";3;0;1;1;1;0;2;3;-23,00392403;-44,09744074;"SPRF-RJ";"DEL03-RJ";"UOP03-DEL03-RJ"
277691;2020-03-29;"domingo";"23:00:00";"BA";116;587;"NOVA ITARANA";"Carga excessiva e/ou mal acondicionada";"Derramamento de carga";"Sem Vítimas";"Plena Noite";"Decrescente";"Nublado";"Dupla";"Aclive;Reta";"Não";1;0;0;0;1;0;0;1;-13,11649705;-39,98928038;"SPRF-BA";"DEL03-BA";"UOP02-DEL03-BA"
277695;2020-03-30;"segunda-feira";"09:15:00";"PR";476;341,4;"PAULA FREITAS";"Ultrapassagem Indevida";"Colisão frontal";"Com Vítimas Fatais";"Pleno dia";"Crescente";"Nublado";"Simples";"Curva";"Não";6;1;0;1;1;3;1;4;-26,166889;-50,900105;"SPRF-PR";"DEL02-PR";"UOP04-DEL02-PR"
277704;2020-03-21;"sábado";"20:00:00";"RO";364;309;"PRESIDENTE MEDICI";"Desobediência às normas de trânsito pelo condutor";"Colisão traseira";"Com Vítimas Feridas";"Plena Noite";"Decrescente";"Céu Claro";"Simples";"Reta";"Sim";3;0;0;1;1;2;1;4;-11,163407;-61,901608;"SPRF-RO";"DEL02-RO";"UOP01-DEL02-RO"
277710;2020-03-30;"segunda-feira";"11:30:00";"MG";365;101,6;"JEQUITAI";"Falta de Atenção à Condução";"Colisão lateral";"Com Vítimas Feridas";"Pleno dia";"Crescente";"Céu Claro";"Simples";"Curva;Aclive";"Não";3;0;0;1;1;1;1;3;-17,22428188;-44,53423396;"SPRF-MG";"DEL12-MG";"UOP01-DEL12-MG"
277724;2020-03-13;"sexta-feira";"17:30:00";"PI";135;543;"SAO GONCALO DO GURGUEIA";"Defeito Mecânico no Veículo";"Danos eventuais";"Sem Vítimas";"Anoitecer";"Decrescente";"Céu Claro";"Simples";"Curva";"Não";2;0;0;0;1;3;0;4;-10,05498197;-45,27626292;"SPRF-PI";"DEL03-PI";"UOP02-DEL03-PI"
277726;2020-03-30;"segunda-feira";"15:00:00";"GO";153;656;"GOIATUBA";"Defeito Mecânico no Veículo";"Saída de leito carroçável";"Com Vítimas Feridas";"Pleno dia";"Crescente";"Nublado";"Dupla";"Curva";"Não";3;0;1;0;1;1;1;2;-18,019;-49,2635;"SPRF-GO";"DEL03-GO";"UOP01-DEL03-GO"
277727;2020-03-24;"terça-feira";"14:20:00";"MS";163;481,9;"CAMPO GRANDE";"Ultrapassagem Indevida";"Colisão frontal";"Com Vítimas Fatais";"Pleno dia";"Decrescente";"Céu Claro";"Simples";"Reta";"Sim";7;1;0;3;2;1;3;4;-20,46241135;-54,55370572;"SPRF-MS";"DEL01-MS";"UOP02-DEL01-MS"
277729;2020-03-30;"segunda-feira";"15:20:00";"ES";101;206;"JOAO NEIVA";"Desobediência às normas de trânsito pelo condutor";"Colisão transversal";"Com Vítimas Feridas";"Pleno dia";"Decrescente";"Sol";"Dupla";"Viaduto";"Sim";3;0;1;0;2;0;1;2;-19,76435421;-40,37263919;"SPRF-ES";"DEL02-ES";"UOP01-DEL02-ES"
277732;2020-03-14;"sábado";"09:30:00";"PA";163;215;"NOVO PROGRESSO";"Desobediência às normas de trânsito pelo condutor";"Colisão transversal";"Com Vítimas Feridas";"Pleno dia";"Decrescente";"Céu Claro";"Simples";"Reta";"Não";6;0;0;1;5;0;1;2;-7,82578004;-55,18726728;"SPRF-PA";"DEL05-PA";"UOP01-DEL05-PA"
277737;2020-03-30;"segunda-feira";"16:01:00";"PR";277;100;"CURITIBA";"Desobediência às normas de trânsito pelo condutor";"Colisão traseira";"Com Vítimas Feridas";"Pleno dia";"Crescente";"Céu Claro";"Dupla";"Curva";"Não";3;0;1;0;1;1;1;3;-25,52924091;-49,32682192;"SPRF-PR";"DEL01-PR";"UOP06-DEL01-PR"
277741;2020-03-30;"segunda-feira";"13:05:00";"GO";153;206;"URUACU";"Ingestão de Álcool";"Saída de leito carroçável";"Sem Vítimas";"Pleno dia";"Crescente";"Céu Claro";"Simples";"Declive";"Não";2;0;0;0;1;1;0;2;-14,567051;-49,156227;"SPRF-GO";"DEL07-GO";"UOP01-DEL07-GO"
277742;2020-03-16;"segunda-feira";"16:15:00";"MG";116;394;"GOVERNADOR VALADARES";"Falta de Atenção à Condução";"Colisão lateral";"Com Vítimas Feridas";"Pleno dia";"Decrescente";"Ignorado";"Simples";"Reta";"Não";4;0;1;0;1;2;1;3;-18,7031266;-41,98478267;"SPRF-MG";"DEL06-MG";"UOP01-DEL06-MG"
277743;2020-03-30;"segunda-feira";"13:20:00";"MT";70;511;"CUIABA";"Desobediência às normas de trânsito pelo condutor";"Colisão frontal";"Com Vítimas Feridas";"Pleno dia";"Crescente";"Céu Claro";"Simples";"Reta";"Não";3;0;1;1;1;0;2;3;-15,65051022;-55,99823809;"SPRF-MT";"DEL01-MT";"UOP02-DEL01-MT"
277749;2020-03-03;"terça-feira";"13:13:00";"PA";316;31;"SANTA IZABEL DO PARA";"Pista Escorregadia";"Colisão transversal";"Com Vítimas Feridas";"Pleno dia";"Decrescente";"Garoa/Chuvisco";"Dupla";"Reta";"Não";2;0;1;0;1;0;1;2;-1,3025866;-48,1965672;"SPRF-PA";"DEL01-PA";"UOP01-DEL01-PA"
277752;2020-03-25;"quarta-feira";"14:50:00";"MT";364;349;"SANTO ANTONIO DO LEVERGER";"Velocidade Incompatível";"Tombamento";"Com Vítimas Feridas";"Pleno dia";"Crescente";"Sol";"Dupla";"Curva";"Não";2;0;1;0;0;2;1;3;-15,80502622;-55,5546431;"SPRF-MT";"DEL01-MT";"UOP02-DEL01-MT"
277756;2020-03-30;"segunda-feira";"17:30:00";"MT";163;971;"NOVA SANTA HELENA";"Velocidade Incompatível";"Colisão lateral";"Sem Vítimas";"Pleno dia";"Crescente";"Céu Claro";"Simples";"Curva";"Não";3;0;0;0;2;4;0;6;-10,83913002;-55,18349494;"SPRF-MT";"DEL06-MT";"NPF/DEL06-MT"
277765;2020-03-30;"segunda-feira";"19:20:00";"PR";277;131,8;"CAMPO LARGO";"Falta de Atenção à Condução";"Colisão traseira";"Com Vítimas Feridas";"Plena Noite";"Crescente";"Céu Claro";"Dupla";"Reta";"Não";4;0;0;1;1;3;1;5;-25,44518045;-49,4985659;"SPRF-PR";"DEL01-PR";"UOP03-DEL03-PR"
277766;2020-03-30;"segunda-feira";"15:00:00";"AL";316;49;"CANAPI";"Desobediência às normas de trânsito pelo condutor";"Colisão frontal";"Com Vítimas Feridas";"Pleno dia";"Decrescente";"Sol";"Simples";"Rotatória";"Não";2;0;0;1;1;0;1;2;-9,193462;-37,514824;"SPRF-AL";"DEL03-AL";"UOP02-DEL03-AL"
277767;2020-03-30;"segunda-feira";"18:20:00";"MG";262;476,8;"BOM DESPACHO";"Velocidade Incompatível";"Saída de leito carroçável";"Com Vítimas Fatais";"Plena Noite";"Crescente";"Céu Claro";"Simples";"Reta";"Não";2;2;0;0;0;0;0;1;-19,7879943;-45,21134295;"SPRF-MG";"DEL08-MG";"UOP03-DEL08-MG"
277782;2020-03-30;"segunda-feira";"21:15:00";"PR";476;314,7;"SAO MATEUS DO SUL";"Condutor Dormindo";"Saída de leito carroçável";"Sem Vítimas";"Plena Noite";"Crescente";"Nevoeiro/Neblina";"Simples";"Reta;Declive";"Não";2;0;0;0;1;1;0;2;-26,033367;-50,688385;"SPRF-PR";"DEL02-PR";"UOP04-DEL02-PR"
277788;2020-03-30;"segunda-feira";"19:40:00";"MG";262;607,7;"CAMPOS ALTOS";"Pista Escorregadia";"Colisão lateral";"Com Vítimas Feridas";"Plena Noite";"Decrescente";"Chuva";"Simples";"Curva";"Não";2;0;2;0;0;0;2;2;-19,62457601;-46,26930901;"SPRF-MG";"DEL08-MG";"UOP02-DEL08-MG"
277789;2020-03-31;"terça-feira";"01:50:00";"PR";277;219;"TEIXEIRA SOARES";"Velocidade Incompatível";"Tombamento";"Com Vítimas Fatais";"Plena Noite";"Crescente";"Céu Claro";"Simples";"Curva";"Não";5;2;0;1;1;1;1;5;-25,46666689;-50,36874801;"SPRF-PR";"DEL03-PR";"UOP03-DEL03-PR"
277791;2020-03-30;"segunda-feira";"23:00:00";"RS";116;575;"PEDRO OSORIO";"Defeito Mecânico no Veículo";"Tombamento";"Sem Vítimas";"Plena Noite";"Decrescente";"Céu Claro";"Simples";"Declive";"Não";4;0;0;0;2;3;0;4;-31,9966586;-52,80967041;"SPRF-RS";"DEL07-RS";"UOP03-DEL07-RS"
277793;2020-03-31;"terça-feira";"04:30:00";"MS";163;738;"COXIM";"Falta de Atenção à Condução";"Tombamento";"Com Vítimas Feridas";"Amanhecer";"Decrescente";"Céu Claro";"Simples";"Reta";"Não";2;0;1;0;0;2;1;3;-18,44464105;-54,70355289;"SPRF-MS";"DEL06-MS";"UOP01-DEL06-MS"
277794;2020-03-31;"terça-feira";"04:00:00";"BA";101;260;"SANTO ANTONIO DE JESUS";"Falta de Atenção à Condução";"Tombamento";"Com Vítimas Feridas";"Plena Noite";"Decrescente";"Céu Claro";"Simples";"Curva";"Sim";1;0;1;0;0;0;1;1;-12,95644;-39,26761;"SPRF-BA";"DEL01-BA";"UOP02-DEL01-BA"
277803;2020-03-31;"terça-feira";"07:35:00";"ES";101;270,5;"SERRA";"Falta de Atenção à Condução";"Colisão lateral";"Com Vítimas Feridas";"Pleno dia";"Decrescente";"Sol";"Dupla";"Reta";"Sim";3;0;1;0;1;1;1;2;-20,21740496;-40,26990578;"SPRF-ES";"DEL02-ES";"UOP01-DEL02-ES"
277807;2020-03-31;"terça-feira";"08:30:00";"ES";101;8;"PEDRO CANARIO";"Carga excessiva e/ou mal acondicionada";"Tombamento";"Com Vítimas Feridas";"Pleno dia";"Crescente";"Sol";"Simples";"Curva";"Não";2;0;1;0;0;1;1;2;-18,23027961;-39,95278417;"SPRF-ES";"DEL04-ES";"UOP02-DEL04-ES"
277808;2020-03-30;"segunda-feira";"17:15:00";"MA";226;215,9;"TUNTUM";"Condutor Dormindo";"Saída de leito carroçável";"Sem Vítimas";"Pleno dia";"Crescente";"Nublado";"Simples";"Reta";"Não";3;0;0;0;3;0;0;3;-5,31583784;-44,58265809;"SPRF-MA";"DEL03-MA";"UOP01-DEL03-MA"
277809;2020-03-31;"terça-feira";"08:20:00";"RS";285;316,2;"PASSO FUNDO";"Falta de Atenção à Condução";"Colisão lateral";"Com Vítimas Feridas";"Pleno dia";"Decrescente";"Céu Claro";"Simples";"Reta";"Não";3;0;1;0;1;2;1;4;-28,253775;-52,589588;"SPRF-RS";"DEL08-RS";"UOP03-DEL08-RS"
277819;2020-03-23;"segunda-feira";"10:00:00";"MT";163;1035;"MATUPA";"Falta de Atenção à Condução";"Colisão lateral";"Com Vítimas Feridas";"Pleno dia";"Decrescente";"Céu Claro";"Simples";"Reta";"Não";3;0;3;0;0;0;3;3;-10,208512;-54,962215;"SPRF-MT";"DEL06-MT";"NPF/DEL06-MT"
277823;2020-03-18;"quarta-feira";"15:00:00";"PA";10;117,8;"PARAGOMINAS";"Defeito na Via";"Colisão lateral";"Com Vítimas Fatais";"Pleno dia";"Decrescente";"Céu Claro";"Simples";"Reta";"Não";3;2;0;0;0;1;0;2;-3,410263;-47,449679;"SPRF-PA";"DEL02-PA";"UOP01-DEL02-PA"
277826;2020-03-31;"terça-feira";"10:40:00";"BA";116;754;"POCOES";"Mal Súbito";"Saída de leito carroçável";"Com Vítimas Fatais";"Pleno dia";"Decrescente";"Céu Claro";"Simples";"Declive;Reta";"Não";1;1;0;0;0;0;0;1;-14,45740412;-40,34471424;"SPRF-BA";"DEL08-BA";"UOP02-DEL08-BA"
277830;2020-03-31;"terça-feira";"11:15:00";"MG";381;432;"SABARA";"Não guardar distância de segurança";"Saída de leito carroçável";"Com Vítimas Feridas";"Pleno dia";"Crescente";"Céu Claro";"Simples";"Reta";"Não";3;0;1;0;1;1;1;3;-19,78750571;-43,73981096;"SPRF-MG";"DEL01-MG";"UOP01-DEL01-MG"
277831;2020-03-31;"terça-feira";"11:40:00";"MG";381;434;"SABARA";"Velocidade Incompatível";"Tombamento";"Com Vítimas Feridas";"Pleno dia";"Crescente";"Sol";"Simples";"Declive;Curva";"Não";1;0;1;0;0;0;1;1;-19,784891;-43,723158;"SPRF-MG";"DEL01-MG";"UOP01-DEL01-MG"
277833;2020-03-31;"terça-feira";"13:54:00";"SP";116;227;"SAO PAULO";"Desobediência às normas de trânsito pelo condutor";"Colisão com objeto estático";"Com Vítimas Feridas";"Pleno dia";"Crescente";"Céu Claro";"Múltipla";"Reta";"Sim";2;0;2;0;0;0;2;1;-23,500026;-46,562648;"SPRF-SP";"DEL01-SP";"UOP01-DEL01-SP"
277834;2020-02-28;"sexta-feira";"20:05:00";"MG";40;784;"JUIZ DE FORA";"Desobediência às normas de trânsito pelo condutor";"Colisão lateral";"Com Vítimas Feridas";"Plena Noite";"Decrescente";"Chuva";"Simples";"Interseção de Vias";"Não";2;0;0;1;1;0;1;2;-21,72888587;-43,43753815;"SPRF-MG";"DEL05-MG";"UOP01-DEL05-MG"