"id";"data_inversa";"dia_semana";"horario";"uf";"br";"km";"municipio";"causa_acidente";"tipo_acidente";"classificacao_acidente";"fase_dia";"sentido_via";"condicao_metereologica";"tipo_pista";"tracado_via";"uso_solo";"pessoas";"mortos";"feridos_leves";"feridos_graves";"ilesos";"ignorados";"feridos";"veiculos";"latitude";"longitude";"regional";"delegacia";"uop"
277836;2020-03-31;"terça-feira";"13:30:00";"SP";116;171,4;"JACAREI";"Defeito Mecânico no Veículo";"Saída de leito carroçável";"Sem Vítimas";"Pleno dia";"Crescente";"Sol";"Dupla";"Curva";"Não";2;0;0;0;1;1;0;2;-23,31217395;-46,06330303;"SPRF-SP";"DEL02-SP";"UOP01-DEL02-SP"
277839;2020-03-31;"terça-feira";"14:45:00";"GO";452;67;"MAURILANDIA";"Falta de Atenção à Condução";"Colisão frontal";"Com Vítimas Feridas";"Pleno dia";"Crescente";"Sol";"Simples";"Reta";"Não";5;0;0;4;0;2;4;4;-18,02356257;-50,3295988;"SPRF-GO";"DEL04-GO";"UOP01-DEL04-GO"
277841;2020-03-31;"terça-feira";"14:50:00";"PR";476;144,4;"CURITIBA";"Falta de Atenção à Condução";"Colisão lateral";"Com Vítimas Feridas";"Pleno dia";"Crescente";"Céu Claro";"Dupla";"Reta";"Sim";3;0;1;0;2;0;1;2;-25,542501;-49,313011;"SPRF-PR";"DEL01-PR";"UOP06-DEL01-PR"
277844;2020-03-31;"terça-feira";"14:20:00";"MG";365;570,5;"INDIANOPOLIS";"Falta de Atenção à Condução";"Colisão lateral";"Sem Vítimas";"Pleno dia";"Crescente";"Sol";"Simples";"Reta";"Não";3;0;0;0;2;2;0;4;-18,90975516;-47,87171004;"SPRF-MG";"DEL15-MG";"UOP02-DEL15-MG"
277848;2020-03-31;"terça-feira";"14:30:00";"SC";101;116,4;"ITAJAI";"Falta de Atenção à Condução";"Colisão lateral";"Com Vítimas Feridas";"Pleno dia";"Crescente";"Céu Claro";"Dupla";"Reta";"Sim";3;0;2;0;1;0;2;2;-26,87905605;-48,72603512;"SPRF-SC";"DEL04-SC";"UOP04-DEL04-SC"
277849;2020-03-31;"terça-feira";"15:50:00";"MG";262;548;"LUZ";"Velocidade Incompatível";"Tombamento";"Com Vítimas Feridas";"Pleno dia";"Decrescente";"Garoa/Chuvisco";"Simples";"Curva";"Não";2;0;1;0;0;1;1;2;-19,73163489;-45,8631039;"SPRF-MG";"DEL08-MG";"UOP02-DEL08-MG"
277850;2020-03-03;"terça-feira";"10:45:00";"PA";316;62;"CASTANHAL";"Falta de Atenção à Condução";"Colisão traseira";"Com Vítimas Feridas";"Pleno dia";"Decrescente";"Céu Claro";"Dupla";"Reta";"Sim";2;0;1;0;1;0;1;2;-1,29786885;-47,93764104;"SPRF-PA";"DEL01-PA";"UOP01-DEL01-PA"
277851;2020-03-31;"terça-feira";"14:50:00";"SE";235;2,1;"ARACAJU";"Mal Súbito";"Saída de leito carroçável";"Sem Vítimas";"Pleno dia";"Crescente";"Céu Claro";"Dupla";"Reta";"Sim";2;0;0;0;1;1;0;2;-10,9062;-37,1034;"SPRF-SE";"DEL01-SE";"UOP01-DEL01-SE"
277854;2020-03-28;"sábado";"06:00:00";"ES";262;78;"DOMINGOS MARTINS";"Falta de Atenção à Condução";"Tombamento";"Com Vítimas Feridas";"Pleno dia";"Crescente";"Céu Claro";"Simples";"Curva";"Não";2;0;1;0;0;2;1;3;-20,41115651;-40,92351223;"SPRF-ES";"DEL01-ES";"UOP02-DEL01-ES"
277855;2020-03-31;"terça-feira";"16:50:00";"PE";104;61,7;"CARUARU";"Falta de Atenção à Condução";"Capotamento";"Com Vítimas Feridas";"Anoitecer";"Crescente";"Céu Claro";"Dupla";"Reta";"Sim";2;0;1;0;1;0;1;2;-8,24750779;-35,97541809;"SPRF-PE";"DEL02-PE";"UOP01-DEL02-PE"
277856;2020-03-31;"terça-feira";"16:10:00";"RS";290;353,7;"SAO SEPE";"Falta de Atenção à Condução";"Colisão traseira";"Com Vítimas Fatais";"Pleno dia";"Crescente";"Céu Claro";"Simples";"Reta";"Não";4;1;1;0;1;1;1;3;-30,374231;-53,702789;"SPRF-RS";"DEL09-RS";"UOP02-DEL09-RS"
277860;2020-03-31;"terça-feira";"17:40:00";"PA";222;245;"MARABA";"Defeito na Via";"Tombamento";"Com Vítimas Fatais";"Anoitecer";"Decrescente";"Nublado";"Simples";"Reta";"Sim";3;1;0;0;1;2;0;4;-5,347676;-49,080456;"SPRF-PA";"DEL03-PA";"UOP01-DEL03-PA"
277862;2020-03-31;"terça-feira";"11:00:00";"MG";381;426;"PATOS DE MINAS";"Fenômenos da Natureza";"Colisão com objeto em movimento";"Sem Vítimas";"Pleno dia";"Decrescente";"Sol";"Simples";"Aclive";"Não";1;0;0;0;1;0;0;1;-18,73155;-46,62319;"SPRF-MG";"DEL01-MG";"UOP01-DEL01-MG"
277871;2020-03-31;"terça-feira";"18:00:00";"RO";364;387;"OURO PRETO DO OESTE";"Desobediência às normas de trânsito pelo condutor";"Colisão lateral";"Com Vítimas Feridas";"Anoitecer";"Decrescente";"Nublado";"Simples";"Reta";"Sim";3;0;1;0;2;0;1;3;-10,69413222;-62,26827726;"SPRF-RO";"DEL03-RO";"UOP02-DEL03-RO"
277872;2020-03-31;"terça-feira";"19:00:00";"AL";101;68;"MESSIAS";"Defeito Mecânico no Veículo";"Tombamento";"Com Vítimas Feridas";"Plena Noite";"Crescente";"Nublado";"Dupla";"Curva";"Não";2;0;1;0;0;1;1;2;-9,34924699;-35,83289449;"SPRF-AL";"DEL01-AL";"UOP02-DEL01-AL"
277879;2020-03-31;"terça-feira";"14:15:00";"RJ";101;462;"ANGRA DOS REIS";"Defeito Mecânico no Veículo";"Tombamento";"Com Vítimas Fatais";"Pleno dia";"Decrescente";"Céu Claro";"Simples";"Curva";"Não";2;1;0;1;0;0;1;1;-23,03089095;-44,20580499;"SPRF-RJ";"DEL03-RJ";"UOP03-DEL03-RJ"
277892;2020-03-31;"terça-feira";"19:30:00";"MG";153;58;"MONTE ALEGRE DE MINAS";"Defeito Mecânico no Veículo";"Colisão traseira";"Com Vítimas Feridas";"Plena Noite";"Crescente";"Céu Claro";"Dupla";"Declive";"Não";3;0;1;0;1;3;1;5;-18,878386;-49,056637;"SPRF-MG";"DEL15-MG";"UOP03-DEL15-MG"
277897;2020-03-31;"terça-feira";"21:00:00";"MT";158;664,3;"NOVA XAVANTINA";"Condutor Dormindo";"Colisão frontal";"Com Vítimas Feridas";"Plena Noite";"Crescente";"Céu Claro";"Simples";"Reta";"Não";3;0;1;0;1;4;1;6;-14,75630414;-52,33084836;"SPRF-MT";"DEL07-MT";"UOP01-DEL07-MT"
277909;2020-04-01;"quarta-feira";"02:50:00";"MT";163;667,6;"LUCAS DO RIO VERDE";"Falta de Atenção à Condução";"Colisão frontal";"Com Vítimas Feridas";"Plena Noite";"Crescente";"Céu Claro";"Simples";"Reta";"Não";4;0;0;2;1;2;2;4;-13,34792085;-56,05872433;"SPRF-MT";"DEL06-MT";"UOP01-DEL06-MT"
277913;2020-04-01;"quarta-feira";"04:45:00";"TO";153;335;"GUARAI";"Condutor Dormindo";"Colisão com objeto estático";"Com Vítimas Feridas";"Plena Noite";"Decrescente";"Nublado";"Múltipla";"Reta";"Sim";3;0;1;0;1;1;1;3;-8,83977567;-48,51153363;"SPRF-TO";"DEL02-TO";"UOP02-DEL02-TO"
277916;2020-04-01;"quarta-feira";"05:25:00";"DF";80;28;"BRASILIA";"Velocidade Incompatível";"Derramamento de carga";"Sem Vítimas";"Amanhecer";"Crescente";"Céu Claro";"Simples";"Curva";"Não";2;0;0;0;1;2;0;3;-15,595818;-48,203102;"SPRF-DF";"DEL03-DF";"UOP02-DEL03-DF"
277917;2020-04-01;"quarta-feira";"07:00:00";"PE";101;74;"RECIFE";"Sinalização da via insuficiente ou inadequada";"Saída de leito carroçável";"Com Vítimas Feridas";"Pleno dia";"Decrescente";"Céu Claro";"Dupla";"Declive;Reta";"Não";2;0;2;0;0;0;2;1;-8,101737;-34,948865;"SPRF-PE";"DEL01-PE";"UOP01-DEL01-PE"
277921;2020-04-01;"quarta-feira";"01:35:00";"MG";40;274;"TRES MARIAS";"Falta de Atenção à Condução";"Colisão frontal";"Com Vítimas Feridas";"Plena Noite";"Crescente";"Céu Claro";"Simples";"Reta";"Não";3;0;0;1;1;1;1;3;-18,19286003;-45,24415203;"SPRF-MG";"DEL14-MG";"UOP02-DEL14-MG"
277922;2020-04-01;"quarta-feira";"06:00:00";"SC";101;248;"PAULO LOPES";"Falta de Atenção à Condução";"Colisão traseira";"Com Vítimas Feridas";"Amanhecer";"Decrescente";"Chuva";"Dupla";"Reta";"Não";2;0;1;0;0;1;1;2;-27,92619305;-48,65828191;"SPRF-SC";"DEL02-SC";"UOP03-DEL02-SC"
277928;2020-04-01;"quarta-feira";"08:40:00";"RJ";465;2;"SEROPEDICA";"Falta de Atenção à Condução";"Colisão transversal";"Com Vítimas Feridas";"Amanhecer";"Crescente";"Nublado";"Dupla";"Reta";"Sim";2;0;1;0;1;0;1;2;-22,72967039;-43,7164571;"SPRF-RJ";"DEL01-RJ";"UOP03-DEL01-RJ"
277934;2020-04-01;"quarta-feira";"09:00:00";"PR";116;30;"CAMPINA GRANDE DO SUL";"Não guardar distância de segurança";"Colisão traseira";"Com Vítimas Feridas";"Pleno dia";"Crescente";"Céu Claro";"Dupla";"Aclive";"Não";6;0;1;1;3;4;2;7;-25,10003092;-48,82089801;"SPRF-PR";"DEL01-PR";"UOP02-DEL01-PR"
277940;2020-04-01;"quarta-feira";"06:00:00";"MG";381;592,3;"CARMOPOLIS DE MINAS";"Falta de Atenção à Condução";"Tombamento";"Com Vítimas Feridas";"Amanhecer";"Decrescente";"Chuva";"Dupla";"Curva";"Não";1;0;1;0;0;0;1;1;-20,57880683;-44,6872411;"SPRF-MG";"DEL04-MG";"UOP01-DEL04-MG"
277943;2020-04-01;"quarta-feira";"10:40:00";"PR";153;137,4;"VENTANIA";"Velocidade Incompatível";"Tombamento";"Sem Vítimas";"Pleno dia";"Decrescente";"Céu Claro";"Simples";"Curva";"Não";3;0;0;0;2;2;0;4;-24,05506398;-50,25276613;"SPRF-PR";"DEL07-PR";"UOP04-DEL07-PR"
277944;2020-04-01;"quarta-feira";"10:20:00";"MG";116;761;"LEOPOLDINA";"Falta de Atenção à Condução";"Saída de leito carroçável";"Com Vítimas Feridas";"Pleno dia";"Decrescente";"Céu Claro";"Simples";"Reta";"Não";2;0;1;0;0;1;1;2;-21,52207278;-42,61775334;"SPRF-MG";"DEL07-MG";"UOP01-DEL07-MG"
277948;2020-04-01;"quarta-feira";"10:00:00";"PE";101;153,1;"RIBEIRAO";"Condutor Dormindo";"Saída de leito carroçável";"Sem Vítimas";"Pleno dia";"Crescente";"Nublado";"Dupla";"Reta";"Não";1;0;0;0;1;0;0;1;-8,51960799;-35,38997595;"SPRF-PE";"DEL01-PE";"UOP03-DEL01-PE"
277949;2020-04-01;"quarta-feira";"11:00:00";"MG";381;358;"JOAO MONLEVADE";"Carga excessiva e/ou mal acondicionada";"Tombamento";"Sem Vítimas";"Pleno dia";"Crescente";"Céu Claro";"Simples";"Rotatória";"Sim";1;0;0;0;1;0;0;1;-19,85592801;-43,21689055;"SPRF-MG";"DEL03-MG";"UOP01-DEL03-MG"
277956;2020-04-01;"quarta-feira";"11:05:00";"SC";280;6;"SAO FRANCISCO DO SUL";"Desobediência às normas de trânsito pelo condutor";"Colisão traseira";"Com Vítimas Feridas";"Pleno dia";"Crescente";"Céu Claro";"Simples";"Reta";"Sim";2;0;1;0;1;0;1;2;-26,30009988;-48,64037991;"SPRF-SC";"DEL03-SC";"UOP03-DEL03-SC"
277959;2020-04-01;"quarta-feira";"13:20:00";"ES";101;186,7;"ARACRUZ";"Não guardar distância de segurança";"Colisão traseira";"Com Vítimas Feridas";"Pleno dia";"Decrescente";"Sol";"Dupla";"Reta;Aclive";"Não";2;0;1;0;1;0;1;2;-19,66488404;-40,24929498;"SPRF-ES";"DEL04-ES";"UOP01-DEL04-ES"
277965;2020-04-01;"quarta-feira";"12:50:00";"RJ";493;7,3;"ITABORAI";"Desobediência às normas de trânsito pelo condutor";"Colisão frontal";"Com Vítimas Fatais";"Pleno dia";"Decrescente";"Nublado";"Simples";"Reta";"Não";4;1;0;0;2;1;0;3;-22,71953;-42,952152;"SPRF-RJ";"DEL02-RJ";"UOP01-DEL02-RJ"
277966;2020-04-01;"quarta-feira";"14:30:00";"PE";101;109,2;"CABO DE SANTO AGOSTINHO";"Pista Escorregadia";"Colisão com objeto estático";"Com Vítimas Feridas";"Pleno dia";"Crescente";"Chuva";"Dupla";"Curva";"Não";3;0;2;0;0;1;2;2;-8,31012798;-35,09967817;"SPRF-PE";"DEL01-PE";"UOP03-DEL01-PE"
277967;2020-04-01;"quarta-feira";"15:00:00";"SC";101;202;"SAO JOSE";"Animais na Pista";"Engavetamento";"Com Vítimas Feridas";"Pleno dia";"Crescente";"Céu Claro";"Múltipla";"Reta";"Sim";3;0;1;0;2;0;1;3;-27,55711595;-48,61897889;"SPRF-SC";"DEL01-SC";"UOP01-DEL01-SC"
277969;2020-04-01;"quarta-feira";"14:40:00";"BA";407;4;"JUAZEIRO";"Velocidade Incompatível";"Tombamento";"Com Vítimas Feridas";"Pleno dia";"Decrescente";"Céu Claro";"Simples";"Rotatória";"Sim";2;0;2;0;0;0;2;1;-9,44296102;-40,49232429;"SPRF-PE";"DEL06-PE";"UOP01-DEL06-PE"
277971;2020-03-09;"segunda-feira";"05:00:00";"RS";472;561,8;"URUGUAIANA";"Ingestão de Álcool";"Tombamento";"Com Vítimas Feridas";"Amanhecer";"Crescente";"Céu Claro";"Simples";"Reta";"Não";4;0;1;1;1;2;2;4;-29,66498109;-56,89826185;"SPRF-RS";"DEL13-RS";"UOP01-DEL13-RS"
277975;2020-04-01;"quarta-feira";"13:36:00";"MT";163;868,7;"SINOP";"Defeito Mecânico no Veículo";"Colisão transversal";"Com Vítimas Feridas";"Pleno dia";"Crescente";"Céu Claro";"Dupla";"Retorno Regulamentado";"Sim";4;0;1;0;2;1;1;3;-11,69890121;-55,45298713;"SPRF-MT";"DEL06-MT";"NPF/DEL06-MT"
277978;2020-04-01;"quarta-feira";"15:40:00";"MG";40;463;"SETE LAGOAS";"Falta de Atenção à Condução";"Saída de leito carroçável";"Com Vítimas Feridas";"Pleno dia";"Decrescente";"Céu Claro";"Dupla";"Reta";"Não";2;0;1;0;1;0;1;2;-19,42224803;-44,33870213;"SPRF-MG";"DEL02-MG";"UOP01-DEL02-MG"
277983;2020-04-01;"quarta-feira";"17:10:00";"PR";476;274,3;"SAO MATEUS DO SUL";"Falta de Atenção à Condução";"Colisão transversal";"Com Vítimas Feridas";"Pleno dia";"Crescente";"Sol";"Simples";"Interseção de Vias;Declive;Reta";"Sim";2;0;0;1;1;0;1;2;-25,893393;-50,377842;"SPRF-PR";"DEL02-PR";"UOP04-DEL02-PR"
277990;2020-04-01;"quarta-feira";"17:00:00";"PR";116;105,9;"SAO JOSE DOS PINHAIS";"Falta de Atenção à Condução";"Colisão traseira";"Com Vítimas Feridas";"Pleno dia";"Decrescente";"Nublado";"Dupla";"Interseção de Vias;Reta";"Sim";6;0;5;0;1;0;5;2;-25,56635207;-49,16833598;"SPRF-PR";"DEL01-PR";"UOP01-DEL01-PR"
277991;2020-04-01;"quarta-feira";"16:44:00";"SC";116;107,6;"MONTE CASTELO";"Velocidade Incompatível";"Tombamento";"Com Vítimas Fatais";"Pleno dia";"Crescente";"Sol";"Simples";"Curva;Aclive";"Não";3;1;0;0;1;1;0;3;-26,7538973;-50,332607;"SPRF-SC";"DEL06-SC";"UOP02-DEL06-SC"
277994;2020-04-01;"quarta-feira";"18:00:00";"PE";232;86,9;"GRAVATA";"Pista Escorregadia";"Saída de leito carroçável";"Com Vítimas Feridas";"Anoitecer";"Crescente";"Chuva";"Dupla";"Reta";"Não";3;0;3;0;0;0;3;1;-8,213733;-35,627789;"SPRF-PE";"DEL02-PE";"UOP02-DEL02PE"
277996;2020-03-31;"terça-feira";"16:30:00";"SP";262;321;"CASTILHO";"Defeito Mecânico no Veículo";"Incêndio";"Sem Vítimas";"Anoitecer";"Decrescente";"Céu Claro";"Dupla";"Reta";"Não";2;0;0;0;1;2;0;3;-20,7893;-51,6111;"SPRF-MS";"DEL07-MS";"UOP01-DEL07-MS"
277997;2020-04-01;"quarta-feira";"18:30:00";"MG";365;539;"ROMARIA";"Velocidade Incompatível";"Colisão frontal";"Com Vítimas Feridas";"Anoitecer";"Decrescente";"Chuva";"Simples";"Reta";"Não";4;0;0;2;1;1;2;3;-18,93161901;-47,55054474;"SPRF-MG";"DEL10-MG";"UOP01-DEL10-MG"
278000;2020-04-01;"quarta-feira";"12:15:00";"SC";282;108,1;"ALFREDO WAGNER";"Velocidade Incompatível";"Colisão frontal";"Com Vítimas Feridas";"Pleno dia";"Crescente";"Chuva";"Simples";"Curva";"Não";3;0;1;1;1;0;2;2;-27,710777;-49,356228;"SPRF-SC";"DEL01-SC";"UOP03-DEL01-SC"
278003;2020-04-01;"quarta-feira";"18:30:00";"RJ";40;109;"DUQUE DE CAXIAS";"Falta de Atenção à Condução";"Colisão traseira";"Com Vítimas Feridas";"Plena Noite";"Decrescente";"Céu Claro";"Múltipla";"Reta";"Sim";3;0;1;0;1;1;1;3;-22,67374628;-43,28638368;"SPRF-RJ";"DEL01-RJ";"UOP01-DEL01-RJ"
278008;2020-04-01;"quarta-feira";"18:25:00";"MS";163;615,7;"SAO GABRIEL DO OESTE";"Falta de Atenção à Condução";"Colisão traseira";"Com Vítimas Feridas";"Plena Noite";"Decrescente";"Céu Claro";"Simples";"Reta";"Sim";2;0;1;0;1;0;1;2;-19,39850778;-54,56579964;"SPRF-MS";"DEL06-MS";"UOP02-DEL06-MS"
278010;2020-04-01;"quarta-feira";"18:55:00";"SP";381;38;"ATIBAIA";"Não guardar distância de segurança";"Engavetamento";"Sem Vítimas";"Anoitecer";"Decrescente";"Céu Claro";"Dupla";"Declive;Reta";"Sim";7;0;0;0;6;2;0;8;-23,1133221;-46,57174974;"SPRF-SP";"DEL03-SP";"UOP01-DEL03-SP"
278012;2020-04-01;"quarta-feira";"19:00:00";"SP";153;22;"NOVA GRANADA";"Defeito Mecânico no Veículo";"Incêndio";"Sem Vítimas";"Plena Noite";"Crescente";"Céu Claro";"Simples";"Aclive";"Não";2;0;0;0;1;1;0;2;-20,476847;-49,296506;"SPRF-SP";"DEL09-SP";"UOP01-DEL09-SP"
278013;2020-04-01;"quarta-feira";"18:18:00";"MT";70;522;"VARZEA GRANDE";"Desobediência às normas de trânsito pelo condutor";"Colisão transversal";"Com Vítimas Feridas";"Plena Noite";"Decrescente";"Nublado";"Simples";"Reta";"Sim";3;0;1;0;1;3;1;5;-15,66392859;-56,18465066;"SPRF-MT";"DEL05-MT";"UOP02-DEL05-MT"
278014;2020-04-01;"quarta-feira";"19:40:00";"ES";101;202,3;"JOAO NEIVA";"Velocidade Incompatível";"Saída de leito carroçável";"Com Vítimas Feridas";"Plena Noite";"Decrescente";"Nublado";"Simples";"Reta";"Não";3;0;2;1;0;0;3;1;-19,74171801;-40,36521517;"SPRF-ES";"DEL04-ES";"UOP01-DEL04-ES"
278015;2020-04-01;"quarta-feira";"19:00:00";"PE";101;4,3;"GOIANA";"Falta de Atenção à Condução";"Colisão lateral";"Sem Vítimas";"Plena Noite";"Crescente";"Nublado";"Dupla";"Reta";"Não";4;0;0;0;3;1;0;4;-7,53264499;-34,99145786;"SPRF-PE";"DEL01-PE";"UOP02-DEL01-PE"
278016;2020-03-18;"quarta-feira";"15:00:00";"GO";364;169;"JATAI";"Falta de Atenção à Condução";"Saída de leito carroçável";"Sem Vítimas";"Pleno dia";"Decrescente";"Céu Claro";"Simples";"Reta";"Não";1;0;0;0;1;0;0;1;-18,041388;-51,550835;"SPRF-GO";"DEL05-GO";"UOP01-DEL05-GO"
278018;2020-04-01;"quarta-feira";"19:50:00";"RS";116;256,6;"ESTEIO";"Falta de Atenção à Condução";"Colisão lateral";"Com Vítimas Feridas";"Plena Noite";"Decrescente";"Céu Claro";"Dupla";"Interseção de Vias";"Sim";2;0;1;0;1;0;1;2;-29,84393699;-51,17728603;"SPRF-RS";"DEL01-RS";"UOP02-DEL01-RS"
278030;2020-04-01;"quarta-feira";"20:50:00";"PR";376;387,7;"IMBAU";"Desobediência às normas de trânsito pelo condutor";"Colisão frontal";"Com Vítimas Feridas";"Plena Noite";"Decrescente";"Céu Claro";"Dupla";"Reta";"Sim";3;0;1;0;1;1;1;3;-24,46114889;-50,75098068;"SPRF-PR";"DEL03-PR";"UOP02-DEL03-PR"
278031;2020-04-01;"quarta-feira";"18:10:00";"SP";381;37;"ATIBAIA";"Velocidade Incompatível";"Tombamento";"Com Vítimas Feridas";"Anoitecer";"Decrescente";"Céu Claro";"Dupla";"Curva;Interseção de Vias";"Não";2;0;1;0;0;1;1;2;-23,10506237;-46,56881577;"SPRF-SP";"DEL03-SP";"UOP01-DEL03-SP"
278042;2020-04-02;"quinta-feira";"04:50:00";"SC";470;5;"NAVEGANTES";"Defeito Mecânico no Veículo";"Tombamento";"Sem Vítimas";"Plena Noite";"Decrescente";"Nublado";"Simples";"Curva";"Sim";2;0;0;0;1;1;0;2;-26,855688;-48,700333;"SPRF-SC";"DEL04-SC";"UOP04-DEL04-SC"
278054;2020-04-02;"quinta-feira";"08:30:00";"BA";101;735,6;"ITABELA";"Velocidade Incompatível";"Tombamento";"Com Vítimas Feridas";"Pleno dia";"Crescente";"Céu Claro";"Simples";"Aclive;Curva";"Não";2;0;1;0;0;1;1;2;-16,50127427;-39,57550049;"SPRF-BA";"DEL09-BA";"UOP01-DEL09-BA"
278056;2020-04-02;"quinta-feira";"09:17:00";"PI";402;39,3;"PARNAIBA";"Falta de Atenção à Condução";"Tombamento";"Com Vítimas Feridas";"Pleno dia";"Decrescente";"Sol";"Simples";"Declive";"Sim";1;0;1;0;0;0;1;1;-2,96184569;-41,71535478;"SPRF-PI";"DEL05-PI";"UOP01-DEL05-PI"
278059;2020-02-12;"quarta-feira";"16:45:00";"MG";267;31,5;"ARGIRITA";"Desobediência às normas de trânsito pelo condutor";"Colisão frontal";"Sem Vítimas";"Pleno dia";"Decrescente";"Chuva";"Simples";"Curva";"Não";3;0;0;0;2;1;0;3;-21,65647711;-42,8702409;"SPRF-MG";"DEL07-MG";"UOP01-DEL07-MG"
278061;2020-04-02;"quinta-feira";"11:40:00";"PE";101;4,8;"GOIANA";"Falta de Atenção à Condução";"Colisão com objeto estático";"Com Vítimas Feridas";"Pleno dia";"Decrescente";"Chuva";"Dupla";"Reta";"Não";3;0;1;0;2;0;1;1;-7,53264499;-34,99145786;"SPRF-PE";"DEL01-PE";"UOP02-DEL01-PE"
278062;2020-04-02;"quinta-feira";"11:15:00";"SC";153;96,8;"CONCORDIA";"Desobediência às normas de trânsito pelo condutor";"Colisão transversal";"Sem Vítimas";"Pleno dia";"Crescente";"Nublado";"Simples";"Interseção de Vias";"Não";3;0;0;0;2;1;0;3;-27,22456262;-51,95005417;"SPRF-SC";"DEL07-SC";"UOP04-DEL07-SC"
278070;2020-04-02;"quinta-feira";"12:45:00";"PE";428;185,5;"PETROLINA";"Ingestão de Álcool";"Colisão transversal";"Com Vítimas Feridas";"Pleno dia";"Crescente";"Céu Claro";"Simples";"Reta";"Sim";2;0;1;0;1;0;1;2;-9,34009199;-40,47032001;"SPRF-PE";"DEL06-PE";"UOP01-DEL06-PE"
278074;2020-03-04;"quarta-feira";"06:30:00";"MG";381;302;"ANTONIO DIAS";"Velocidade Incompatível";"Colisão com objeto estático";"Com Vítimas Fatais";"Amanhecer";"Decrescente";"Chuva";"Dupla";"Ponte";"Não";2;1;0;0;0;1;0;2;-19,63944036;-42,91549491;"SPRF-MG";"DEL03-MG";"UOP02-DEL03-MG"
278080;2020-04-02;"quinta-feira";"14:25:00";"ES";262;21,4;"VIANA";"Condutor Dormindo";"Colisão lateral";"Com Vítimas Feridas";"Pleno dia";"Crescente";"Nublado";"Simples";"Reta";"Não";3;0;2;0;0;1;2;3;-20,38054389;-40,50497908;"SPRF-ES";"DEL01-ES";"UOP01-DEL01-ES"
278081;2020-04-02;"quinta-feira";"14:30:00";"SP";116;499,8;"CAJATI";"Condutor Dormindo";"Saída de leito carroçável";"Com Vítimas Feridas";"Pleno dia";"Crescente";"Céu Claro";"Simples";"Curva";"Não";2;0;1;0;0;1;1;2;-24,78228753;-48,17695233;"SPRF-SP";"DEL05-SP";"UOP02-DEL05-SP"
278082;2020-04-02;"quinta-feira";"14:55:00";"RS";386;432;"NOVA SANTA RITA";"Desobediência às normas de trânsito pelo condutor";"Colisão transversal";"Com Vítimas Feridas";"Pleno dia";"Crescente";"Céu Claro";"Dupla";"Reta;Retorno Regulamentado";"Não";3;0;0;1;2;0;1;3;-29,83842897;-51,30392075;"SPRF-RS";"DEL04-RS";"UOP02-DEL04-RS"
278083;2020-03-04;"quarta-feira";"09:00:00";"SC";101;2;"GARUVA";"Defeito Mecânico no Veículo";"Incêndio";"Sem Vítimas";"Pleno dia";"Crescente";"Céu Claro";"Dupla";"Reta";"Sim";2;0;0;0;1;1;0;2;-25,99699834;-48,87891655;"SPRF-SC";"DEL03-SC";"UOP01-DEL03-SC"
278088;2020-04-02;"quinta-feira";"15:40:00";"PE";101;23;"GOIANA";"Falta de Atenção à Condução";"Colisão traseira";"Com Vítimas Feridas";"Pleno dia";"Decrescente";"Céu Claro";"Dupla";"Reta;Aclive";"Não";3;0;1;0;1;1;1;3;-7,68357776;-34,92410458;"SPRF-PE";"DEL01-PE";"UOP02-DEL01-PE"
278089;2020-04-02;"quinta-feira";"14:35:00";"MA";135;10;"SAO LUIS";"Falta de Atenção à Condução";"Colisão lateral";"Com Vítimas Feridas";"Pleno dia";"Decrescente";"Céu Claro";"Dupla";"Reta";"Não";3;0;2;0;1;0;2;2;-2,655912;-44,28629098;"SPRF-MA";"DEL01-MA";"UOP01-DEL01-MA"
278093;2020-04-02;"quinta-feira";"13:35:00";"RO";364;43;"VILHENA";"Defeito Mecânico no Veículo";"Saída de leito carroçável";"Com Vítimas Feridas";"Pleno dia";"Crescente";"Céu Claro";"Simples";"Reta";"Não";2;0;1;0;0;2;1;3;-12,61104003;-60,34257608;"SPRF-RO";"DEL04-RO";"UOP01-DEL04-RO"
278094;2020-04-02;"quinta-feira";"17:10:00";"GO";60;83,4;"ANAPOLIS";"Fenômenos da Natureza";"Colisão traseira";"Com Vítimas Feridas";"Pleno dia";"Crescente";"Sol";"Dupla";"Aclive;Reta";"Não";2;0;0;1;1;0;1;2;-16,3149;-48,846;"SPRF-GO";"DEL02-GO";"UOP01-DEL02-GO"
278096;2020-04-02;"quinta-feira";"15:30:00";"GO";364;125,5;"APARECIDA DO RIO DOCE";"Falta de Atenção à Condução";"Colisão traseira";"Sem Vítimas";"Pleno dia";"Decrescente";"Céu Claro";"Simples";"Reta";"Não";4;0;0;0;2;4;0;6;-18,257162;-51,235191;"SPRF-GO";"DEL05-GO";"UOP01-DEL05-GO"
278099;2020-04-02;"quinta-feira";"16:50:00";"SP";116;300,8;"SAO LOURENCO DA SERRA";"Mal Súbito";"Tombamento";"Com Vítimas Feridas";"Pleno dia";"Crescente";"Céu Claro";"Dupla";"Curva";"Não";2;0;0;1;0;1;1;2;-23,80425272;-46,92143625;"SPRF-SP";"DEL04-SP";"UOP01-DEL04-SP"
278103;2020-04-02;"quinta-feira";"17:30:00";"PR";476;141;"CURITIBA";"Desobediência às normas de trânsito pelo condutor";"Colisão traseira";"Com Vítimas Feridas";"Pleno dia";"Crescente";"Céu Claro";"Dupla";"Reta";"Sim";4;0;1;0;2;1;1;4;-25,528614;-49,298798;"SPRF-PR";"DEL01-PR";"UOP03-DEL01-PR"