"id";"data_inversa";"dia_semana";"horario";"uf";"br";"km";"municipio";"causa_acidente";"tipo_acidente";"classificacao_acidente";"fase_dia";"sentido_via";"condicao_metereologica";"tipo_pista";"tracado_via";"uso_solo";"pessoas";"mortos";"feridos_leves";"feridos_graves";"ilesos";"ignorados";"feridos";"veiculos";"latitude";"longitude";"regional";"delegacia";"uop"
278104;2020-04-02;"quinta-feira";"16:00:00";"MT";364;342,5;"SANTO ANTONIO DO LEVERGER";"Falta de Atenção à Condução";"Colisão traseira";"Com Vítimas Feridas";"Pleno dia";"Crescente";"Nublado";"Dupla";"Declive";"Não";3;0;1;0;1;2;1;4;-15,82665672;-55,5089038;"SPRF-MT";"DEL01-MT";"UOP02-DEL01-MT"
278105;2020-04-02;"quinta-feira";"17:20:00";"RS";116;344;"BARRA DO RIBEIRO";"Falta de Atenção à Condução";"Colisão frontal";"Com Vítimas Feridas";"Pleno dia";"Decrescente";"Sol";"Simples";"Declive;Reta";"Não";4;0;0;1;2;2;1;5;-30,480716;-51,491166;"SPRF-RS";"DEL02-RS";"UOP03-DEL02-RS"
278107;2020-04-02;"quinta-feira";"17:50:00";"SC";101;150,3;"ITAPEMA";"Defeito Mecânico no Veículo";"Colisão com objeto estático";"Com Vítimas Feridas";"Pleno dia";"Decrescente";"Céu Claro";"Dupla";"Reta";"Sim";2;0;1;0;1;0;1;2;-27,11744799;-48,60940987;"SPRF-SC";"DEL04-SC";"UOP03-DEL04-SC"
278112;2020-04-02;"quinta-feira";"18:40:00";"GO";40;34,9;"LUZIANIA";"Não guardar distância de segurança";"Colisão traseira";"Com Vítimas Feridas";"Plena Noite";"Crescente";"Céu Claro";"Dupla";"Reta";"Não";2;0;1;0;1;0;1;2;-16,307704;-47,843207;"SPRF-DF";"DEL01-DF";"UOP01-DEL01-DF"
278121;2020-04-02;"quinta-feira";"18:10:00";"MG";381;351;"JOAO MONLEVADE";"Ingestão de Álcool";"Saída de leito carroçável";"Sem Vítimas";"Plena Noite";"Decrescente";"Nublado";"Simples";"Reta;Declive";"Não";2;0;0;0;1;1;0;2;-19,84644336;-43,16611234;"SPRF-MG";"DEL03-MG";"UOP01-DEL03-MG"
278124;2020-04-02;"quinta-feira";"20:40:00";"PR";369;154,8;"LONDRINA";"Falta de Atenção à Condução";"Colisão traseira";"Com Vítimas Feridas";"Plena Noite";"Crescente";"Céu Claro";"Dupla";"Reta";"Sim";3;0;1;0;1;2;1;4;-23,2965085;-51,20564628;"SPRF-PR";"DEL07-PR";"UOP01-DEL07-PR"
278129;2020-04-02;"quinta-feira";"18:50:00";"PR";373;205;"IPIRANGA";"Ingestão de Álcool";"Saída de leito carroçável";"Sem Vítimas";"Plena Noite";"Decrescente";"Céu Claro";"Simples";"Curva";"Não";3;0;0;0;2;1;0;3;-25,12611553;-50,44411902;"SPRF-PR";"DEL03-PR";"UOP01-DEL03-PR"
278149;2020-04-03;"sexta-feira";"02:30:00";"MG";381;896;"CAMBUI";"Defeito Mecânico no Veículo";"Saída de leito carroçável";"Com Vítimas Feridas";"Plena Noite";"Decrescente";"Nublado";"Dupla";"Rotatória";"Sim";2;0;1;0;0;1;1;2;-22,63125698;-46,07854411;"SPRF-MG";"DEL16-MG";"UOP03-DEL16-MG"
278151;2020-04-03;"sexta-feira";"05:00:00";"PR";277;40;"MORRETES";"Velocidade Incompatível";"Colisão traseira";"Com Vítimas Fatais";"Amanhecer";"Crescente";"Céu Claro";"Dupla";"Reta";"Não";4;1;1;0;1;2;1;4;-25,57368831;-48,82659689;"SPRF-PR";"DEL01-PR";"UOP05-DEL01-PR"
278153;2020-04-03;"sexta-feira";"05:45:00";"GO";40;121;"CRISTALINA";"Condutor Dormindo";"Saída de leito carroçável";"Com Vítimas Feridas";"Amanhecer";"Decrescente";"Céu Claro";"Dupla";"Curva";"Não";2;0;1;1;0;0;2;1;-16,864402;-47,414007;"SPRF-DF";"DEL01-DF";"UOP02-DEL01-DF"
278155;2020-04-03;"sexta-feira";"05:00:00";"SC";101;72,2;"ARAQUARI";"Ingestão de Álcool";"Colisão traseira";"Sem Vítimas";"Amanhecer";"Crescente";"Céu Claro";"Dupla";"Reta";"Sim";3;0;0;0;2;1;0;3;-26,52700004;-48,71551117;"SPRF-SC";"DEL03-SC";"UOP02-DEL03-SC"
278156;2020-04-03;"sexta-feira";"05:30:00";"MS";262;260;"RIBAS DO RIO PARDO";"Defeito Mecânico no Veículo";"Incêndio";"Sem Vítimas";"Amanhecer";"Decrescente";"Céu Claro";"Simples";"Aclive;Reta";"Não";2;0;0;0;1;3;0;4;-20,41061001;-53,93666798;"SPRF-MS";"DEL01-MS";"UOP01-DEL01-MS"
278157;2020-04-02;"quinta-feira";"21:40:00";"SC";282;111;"ALFREDO WAGNER";"Velocidade Incompatível";"Saída de leito carroçável";"Com Vítimas Feridas";"Plena Noite";"Decrescente";"Nublado";"Simples";"Curva;Declive";"Não";1;0;1;0;0;0;1;1;-27,733616;-49,367538;"SPRF-SC";"DEL01-SC";"UOP03-DEL01-SC"
278160;2020-04-03;"sexta-feira";"01:40:00";"SP";116;385;"MIRACATU";"Velocidade Incompatível";"Atropelamento de Pedestre";"Com Vítimas Fatais";"Plena Noite";"Crescente";"Nublado";"Dupla";"Reta";"Não";2;1;0;0;0;1;0;2;-24,254993;-47,375412;"SPRF-SP";"DEL04-SP";"UOP02-DEL04-SP"
278161;2020-04-02;"quinta-feira";"02:00:00";"SP";116;173,7;"GUARAREMA";"Velocidade Incompatível";"Saída de leito carroçável";"Sem Vítimas";"Plena Noite";"Decrescente";"Céu Claro";"Dupla";"Reta";"Não";2;0;0;0;1;1;0;2;-23,31710055;-46,08178719;"SPRF-SP";"DEL02-SP";"UOP01-DEL02-SP"
278166;2020-03-11;"quarta-feira";"20:30:00";"GO";364;0,8;"SAO SIMAO";"Velocidade Incompatível";"Tombamento";"Com Vítimas Feridas";"Plena Noite";"Decrescente";"Céu Claro";"Dupla";"Curva";"Não";1;0;1;0;0;0;1;1;-19,043621;-50,502663;"SPRF-GO";"DEL05-GO";"UOP02-DEL05-GO"
278174;2020-04-03;"sexta-feira";"07:50:00";"SC";101;27;"JOINVILLE";"Desobediência às normas de trânsito pelo condutor";"Colisão transversal";"Com Vítimas Feridas";"Pleno dia";"Decrescente";"Sol";"Simples";"Rotatória";"Sim";3;0;0;1;1;1;1;3;-26,20330959;-48,91340733;"SPRF-SC";"DEL03-SC";"UOP01-DEL03-SC"
278176;2020-04-03;"sexta-feira";"09:50:00";"PA";10;353;"SANTA MARIA DO PARA";"Desobediência às normas de trânsito pelo condutor";"Colisão lateral";"Com Vítimas Feridas";"Pleno dia";"Decrescente";"Céu Claro";"Simples";"Reta";"Sim";2;0;1;0;1;0;1;2;-1,35646249;-47,57423141;"SPRF-PA";"DEL01-PA";"UOP02-DEL01-PA"
278178;2020-04-03;"sexta-feira";"09:50:00";"MG";40;438,5;"PARAOPEBA";"Carga excessiva e/ou mal acondicionada";"Tombamento";"Sem Vítimas";"Pleno dia";"Crescente";"Céu Claro";"Dupla";"Reta";"Não";1;0;0;0;1;0;0;1;-19,23100428;-44,43562244;"SPRF-MG";"DEL02-MG";"UOP01-DEL02-MG"
278179;2020-04-03;"sexta-feira";"07:40:00";"MT";364;299;"JACIARA";"Velocidade Incompatível";"Saída de leito carroçável";"Com Vítimas Feridas";"Pleno dia";"Decrescente";"Nublado";"Dupla";"Reta";"Não";3;0;1;0;1;3;1;5;-15,84691555;-55,14590671;"SPRF-MT";"DEL05-MT";"UOP02-DEL05-MT"
278184;2020-03-24;"terça-feira";"16:30:00";"GO";60;211;"GUAPO";"Desobediência às normas de trânsito pelo condutor";"Saída de leito carroçável";"Com Vítimas Feridas";"Pleno dia";"Decrescente";"Céu Claro";"Simples";"Reta";"Não";2;0;2;0;0;0;2;1;-16,9488;-49,6748;"SPRF-GO";"DEL01-GO";"UOP02-DEL01-GO"
278189;2020-04-03;"sexta-feira";"11:30:00";"MG";354;723;"POUSO ALTO";"Falta de Atenção do Pedestre";"Atropelamento de Pedestre";"Com Vítimas Feridas";"Pleno dia";"Crescente";"Céu Claro";"Simples";"Reta";"Sim";3;0;0;1;1;2;1;4;-22,11411406;-44,95693273;"SPRF-MG";"DEL17-MG";"UOP01-DEL17-MG"
278193;2020-04-03;"sexta-feira";"05:30:00";"MT";163;734;"SORRISO";"Pista Escorregadia";"Tombamento";"Sem Vítimas";"Amanhecer";"Crescente";"Chuva";"Simples";"Declive";"Não";4;0;0;0;3;1;0;2;-12,8025621;-55,83257338;"SPRF-MT";"DEL06-MT";"UOP01-DEL06-MT"
278195;2020-04-02;"quinta-feira";"21:30:00";"MS";163;720;"RIO VERDE DE MATO GROSSO";"Condutor Dormindo";"Tombamento";"Sem Vítimas";"Plena Noite";"Decrescente";"Ignorado";"Simples";"Declive";"Não";4;0;0;0;0;5;0;4;-18,58702987;-54,77096558;"SPRF-MS";"DEL06-MS";"UOP01-DEL06-MS"
278199;2020-02-07;"sexta-feira";"15:45:00";"RO";364;436;"JARU";"Falta de Atenção à Condução";"Saída de leito carroçável";"Com Vítimas Feridas";"Pleno dia";"Crescente";"Chuva";"Simples";"Curva";"Não";3;0;1;0;1;3;1;5;-10,37739925;-62,55303028;"SPRF-RO";"DEL03-RO";"UOP02-DEL03-RO"
278203;2020-04-03;"sexta-feira";"13:40:00";"PE";407;127,1;"PETROLINA";"Desobediência às normas de trânsito pelo condutor";"Colisão transversal";"Sem Vítimas";"Pleno dia";"Crescente";"Sol";"Simples";"Interseção de Vias";"Sim";2;0;0;0;2;0;0;2;-9,39144171;-40,51895142;"SPRF-PE";"DEL06-PE";"UOP01-DEL06-PE"
278204;2020-04-03;"sexta-feira";"13:30:00";"RS";116;269;"CANOAS";"Falta de Atenção à Condução";"Colisão traseira";"Com Vítimas Feridas";"Pleno dia";"Decrescente";"Céu Claro";"Dupla";"Reta";"Sim";3;0;1;0;2;0;1;3;-29,95942501;-51,17608515;"SPRF-RS";"DEL01-RS";"UOP01-DEL01-RS"
278206;2020-04-03;"sexta-feira";"14:15:00";"MG";381;540;"ITATIAIUCU";"Velocidade Incompatível";"Saída de leito carroçável";"Com Vítimas Feridas";"Pleno dia";"Decrescente";"Chuva";"Dupla";"Curva";"Sim";4;0;1;1;1;1;2;3;-20,25145691;-44,41136239;"SPRF-MG";"DEL04-MG";"UOP03-DEL04-MG"
278208;2020-04-03;"sexta-feira";"14:10:00";"PR";277;3,3;"PARANAGUA";"Desobediência às normas de trânsito pelo condutor";"Colisão transversal";"Com Vítimas Feridas";"Pleno dia";"Crescente";"Céu Claro";"Simples";"Reta";"Sim";3;0;0;1;1;1;1;3;-25,5205;-48,5095;"SPRF-PR";"DEL01-PR";"UOP05-DEL01-PR"
278210;2020-04-03;"sexta-feira";"13:40:00";"MG";153;194,7;"FRUTAL";"Não guardar distância de segurança";"Colisão traseira";"Com Vítimas Feridas";"Pleno dia";"Crescente";"Nublado";"Simples";"Declive";"Não";2;0;1;0;1;0;1;2;-19,925907;-48,958655;"SPRF-MG";"DEL13-MG";"UOP02-DEL13-MG"
278211;2020-04-03;"sexta-feira";"12:30:00";"RS";386;151,1;"ALMIRANTE TAMANDARE DO SUL";"Falta de Atenção à Condução";"Tombamento";"Com Vítimas Feridas";"Pleno dia";"Decrescente";"Céu Claro";"Simples";"Curva";"Não";2;0;1;0;0;1;1;2;-28,08919;-52,867329;"SPRF-RS";"DEL08-RS";"UOP01-DEL08-RS"
278218;2020-03-17;"terça-feira";"11:00:00";"PA";316;69,9;"CASTANHAL";"Falta de Atenção à Condução";"Engavetamento";"Com Vítimas Feridas";"Pleno dia";"Decrescente";"Céu Claro";"Simples";"Em Obras;Reta";"Não";7;0;0;1;4;2;1;7;-1,29277675;-47,87507708;"SPRF-PA";"DEL01-PA";"UOP01-DEL01-PA"
278220;2020-04-03;"sexta-feira";"04:50:00";"CE";20;417;"MARACANAU";"Objeto estático sobre o leito carroçável";"Saída de leito carroçável";"Sem Vítimas";"Pleno dia";"Decrescente";"Céu Claro";"Dupla";"Reta";"Não";1;0;0;0;1;0;0;1;-3,76999035;-38,67006282;"SPRF-CE";"DEL01-CE";"UOP02-DEL01-CE"
278224;2020-02-19;"quarta-feira";"10:40:00";"SP";116;523;"BARRA DO TURVO";"Pista Escorregadia";"Colisão com objeto estático";"Com Vítimas Feridas";"Pleno dia";"Crescente";"Chuva";"Múltipla";"Curva";"Não";2;0;1;0;0;1;1;2;-24,91273105;-48,25307091;"SPRF-SP";"DEL05-SP";"UOP02-DEL05-SP"
278236;2020-04-03;"sexta-feira";"15:45:00";"MG";381;509,8;"SAO JOAQUIM DE BICAS";"Desobediência às normas de trânsito pelo condutor";"Colisão traseira";"Sem Vítimas";"Pleno dia";"Decrescente";"Nublado";"Múltipla";"Reta";"Sim";4;0;0;0;3;1;0;4;-20,07008;-44,298819;"SPRF-MG";"DEL01-MG";"UOP03-DEL01-MG"
278237;2020-03-02;"segunda-feira";"23:00:00";"PA";10;236;"IPIXUNA DO PARA";"Falta de Atenção à Condução";"Tombamento";"Com Vítimas Feridas";"Plena Noite";"Decrescente";"Chuva";"Simples";"Aclive";"Não";3;0;2;0;0;1;2;2;-2,372881;-47,550656;"SPRF-PA";"DEL02-PA";"UOP01-DEL02-PA"
278242;2020-04-03;"sexta-feira";"17:15:00";"PA";316;19,9;"BENEVIDES";"Falta de Atenção à Condução";"Colisão transversal";"Com Vítimas Feridas";"Pleno dia";"Decrescente";"Céu Claro";"Dupla";"Reta";"Não";2;0;1;0;1;0;1;2;-1,3642339;-48,266582;"SPRF-PA";"DEL01-PA";"UOP01-DEL01-PA"
278258;2020-04-03;"sexta-feira";"19:45:00";"GO";20;32,4;"FORMOSA";"Desobediência às normas de trânsito pelo condutor";"Colisão frontal";"Com Vítimas Fatais";"Plena Noite";"Decrescente";"Céu Claro";"Simples";"Reta";"Não";3;1;0;0;1;1;0;3;-15,482159;-47,101757;"SPRF-DF";"DEL02-DF";"UOP01-DEL02-DF"
278260;2020-04-03;"sexta-feira";"19:20:00";"MT";70;8;"BARRA DO GARCAS";"Falta de Atenção à Condução";"Atropelamento de Pedestre";"Com Vítimas Feridas";"Plena Noite";"Decrescente";"Garoa/Chuvisco";"Simples";"Declive;Reta";"Sim";3;0;0;1;2;0;1;2;-15,87825854;-52,325823;"SPRF-MT";"DEL07-MT";"UOP01-DEL07-MT"
278272;2020-04-03;"sexta-feira";"21:11:00";"MG";381;872,1;"ESTIVA";"Mal Súbito";"Colisão com objeto estático";"Com Vítimas Feridas";"Plena Noite";"Crescente";"Céu Claro";"Dupla";"Reta";"Não";1;0;1;0;0;0;1;1;-22,40742898;-45,96175801;"SPRF-MG";"DEL16-MG";"UOP01-DEL16-MG"
278274;2020-04-03;"sexta-feira";"14:50:00";"PE";232;62,7;"POMBOS";"Falta de Atenção à Condução";"Colisão traseira";"Com Vítimas Feridas";"Pleno dia";"Decrescente";"Céu Claro";"Dupla";"Reta";"Não";5;0;3;0;2;0;3;3;-8,15598579;-35,42308007;"SPRF-PE";"DEL02-PE";"UOP02-DEL02PE"
278282;2020-04-03;"sexta-feira";"21:50:00";"PR";277;347;"GUARAPUAVA";"Falta de Atenção à Condução";"Colisão frontal";"Com Vítimas Feridas";"Plena Noite";"Crescente";"Céu Claro";"Simples";"Reta";"Não";3;0;1;0;0;3;1;4;-25,37388672;-51,50182486;"SPRF-PR";"DEL08-PR";"UOP01-DEL08-PR"
278284;2020-04-03;"sexta-feira";"16:30:00";"RS";285;62;"BOM JESUS";"Falta de Atenção à Condução";"Colisão transversal";"Com Vítimas Feridas";"Pleno dia";"Decrescente";"Nublado";"Simples";"Interseção de Vias";"Não";2;0;1;0;1;0;1;2;-28,653477;-50,435547;"SPRF-RS";"DEL05-RS";"UOP03-DEL05-RS"
278285;2020-04-03;"sexta-feira";"23:50:00";"RS";116;340;"BARRA DO RIBEIRO";"Desobediência às normas de trânsito pelo condutor";"Colisão frontal";"Com Vítimas Fatais";"Plena Noite";"Crescente";"Céu Claro";"Simples";"Reta";"Não";4;1;0;0;2;1;0;3;-30,45498686;-51,48924825;"SPRF-RS";"DEL02-RS";"UOP03-DEL02-RS"
278286;2020-04-04;"sábado";"00:30:00";"PR";277;22,3;"MORRETES";"Falta de Atenção do Pedestre";"Atropelamento de Pedestre";"Com Vítimas Fatais";"Plena Noite";"Crescente";"Céu Claro";"Dupla";"Reta";"Não";2;1;0;0;0;1;0;2;-25,54260819;-48,68664862;"SPRF-PR";"DEL01-PR";"UOP05-DEL01-PR"
278289;2020-04-03;"sexta-feira";"17:00:00";"RO";364;499;"ARIQUEMES";"Defeito na Via";"Colisão lateral";"Com Vítimas Feridas";"Pleno dia";"Decrescente";"Chuva";"Simples";"Reta";"Não";3;0;0;1;1;4;1;6;-10,03749603;-62,97660129;"SPRF-RO";"DEL03-RO";"UOP01-DEL03-RO"
278300;2020-04-04;"sábado";"04:00:00";"RS";386;113,7;"SARANDI";"Falta de Atenção à Condução";"Colisão frontal";"Com Vítimas Feridas";"Plena Noite";"Crescente";"Nevoeiro/Neblina";"Simples";"Curva";"Não";2;0;0;1;1;0;1;2;-27,82025204;-53,03795815;"SPRF-RS";"DEL08-RS";"UOP01-DEL08-RS"
278302;2020-04-04;"sábado";"05:30:00";"SP";116;486;"CAJATI";"Falta de Atenção à Condução";"Colisão traseira";"Com Vítimas Feridas";"Amanhecer";"Decrescente";"Céu Claro";"Simples";"Reta";"Não";3;0;1;0;1;1;1;3;-24,7217453;-48,08178493;"SPRF-SP";"DEL05-SP";"UOP02-DEL05-SP"
278303;2020-04-04;"sábado";"06:10:00";"SE";101;135;"ESTANCIA";"Desobediência às normas de trânsito pelo condutor";"Colisão transversal";"Com Vítimas Feridas";"Pleno dia";"Decrescente";"Céu Claro";"Dupla";"Reta";"Não";4;0;2;0;1;1;2;3;-11,13876691;-37,38772403;"SPRF-SE";"DEL02-SE";"UOP01-DEL02-SE"
278305;2020-04-03;"sexta-feira";"22:00:00";"MG";381;365,2;"SAO GONCALO DO RIO ABAIXO";"Falta de Atenção à Condução";"Saída de leito carroçável";"Sem Vítimas";"Plena Noite";"Crescente";"Chuva";"Simples";"Curva";"Não";2;0;0;0;1;1;0;2;-19,854651;-43,261071;"SPRF-MG";"DEL03-MG";"UOP01-DEL03-MG"
278306;2020-04-04;"sábado";"01:50:00";"SC";116;117,3;"SANTA CECILIA";"Condutor Dormindo";"Colisão com objeto estático";"Com Vítimas Feridas";"Plena Noite";"Decrescente";"Céu Claro";"Simples";"Curva;Aclive";"Não";2;0;1;0;0;1;1;2;-26,81731599;-50,35097407;"SPRF-SC";"DEL06-SC";"UOP02-DEL06-SC"
278307;2020-04-04;"sábado";"06:20:00";"RJ";116;224,1;"PIRAI";"Defeito Mecânico no Veículo";"Tombamento";"Com Vítimas Feridas";"Amanhecer";"Decrescente";"Céu Claro";"Simples";"Curva;Declive";"Não";2;0;0;1;0;1;1;2;-22,68709335;-43,81058612;"SPRF-RJ";"DEL07-RJ";"UOP01-DEL07-RJ"
278312;2020-04-03;"sexta-feira";"19:30:00";"MG";50;47;"ARAGUARI";"Carga excessiva e/ou mal acondicionada";"Derramamento de carga";"Sem Vítimas";"Plena Noite";"Crescente";"Céu Claro";"Dupla";"Reta";"Não";2;0;0;0;1;1;0;2;-18,72799811;-48,20659169;"SPRF-MG";"DEL15-MG";"UOP02-DEL15-MG"
278317;2020-04-04;"sábado";"05:00:00";"AC";317;153;"CAPIXABA";"Animais na Pista";"Atropelamento de Animal";"Sem Vítimas";"Amanhecer";"Crescente";"Nublado";"Simples";"Declive";"Não";2;0;0;0;2;0;0;2;-10,60263987;-67,72979301;"SPRF-AC";"DEL01-AC";"UOP02-DEL01-AC"
278323;2020-04-04;"sábado";"05:40:00";"MT";70;76;"GENERAL CARNEIRO";"Falta de Atenção à Condução";"Saída de leito carroçável";"Sem Vítimas";"Amanhecer";"Decrescente";"Céu Claro";"Simples";"Declive;Curva";"Não";2;0;0;0;1;2;0;3;-15,67421693;-52,81408803;"SPRF-MT";"DEL07-MT";"UOP01-DEL07-MT"
278325;2020-04-03;"sexta-feira";"16:00:00";"PR";163;30,4;"SANTO ANTONIO DO SUDOESTE";"Falta de Atenção à Condução";"Saída de leito carroçável";"Com Vítimas Feridas";"Pleno dia";"Crescente";"Céu Claro";"Simples";"Reta";"Não";4;0;2;0;1;1;2;2;-26,13618179;-53,68172121;"SPRF-PR";"DEL02-PR";"UOP02-DEL02-PR"
278335;2020-04-04;"sábado";"10:00:00";"AL";101;129,9;"SAO MIGUEL DOS CAMPOS";"Ingestão de Álcool";"Colisão transversal";"Sem Vítimas";"Pleno dia";"Decrescente";"Céu Claro";"Simples";"Interseção de Vias";"Não";2;0;0;0;1;1;0;2;-9,7544003;-36,06768608;"SPRF-AL";"DEL02-AL";"UOP01-DEL02-AL"
278336;2020-04-04;"sábado";"08:10:00";"RR";174;378;"CARACARAI";"Falta de Atenção à Condução";"Colisão frontal";"Com Vítimas Fatais";"Amanhecer";"Crescente";"Nublado";"Simples";"Reta";"Não";3;1;0;0;1;1;0;3;1,916151;-61,100647;"SPRF-RR";"DEL01-RR";"UOP01-DEL01-RR"
278338;2020-04-04;"sábado";"12:15:00";"AL";101;114,8;"PILAR";"Velocidade Incompatível";"Tombamento";"Com Vítimas Fatais";"Pleno dia";"Crescente";"Céu Claro";"Simples";"Declive;Reta";"Não";2;1;0;0;0;1;0;2;-9,63663301;-36,03046002;"SPRF-AL";"DEL02-AL";"UOP01-DEL02-AL"
278341;2020-04-04;"sábado";"10:30:00";"PI";135;485,5;"MONTE ALEGRE DO PIAUI";"Defeito Mecânico no Veículo";"Saída de leito carroçável";"Sem Vítimas";"Pleno dia";"Crescente";"Céu Claro";"Simples";"Reta";"Não";2;0;0;0;1;1;0;2;-9,713868;-45,141532;"SPRF-PI";"DEL03-PI";"UOP02-DEL03-PI"
278342;2020-04-04;"sábado";"12:20:00";"MG";251;490,6;"FRANCISCO SA";"Defeito Mecânico no Veículo";"Incêndio";"Sem Vítimas";"Pleno dia";"Crescente";"Nublado";"Simples";"Reta;Aclive";"Não";2;0;0;0;1;1;0;2;-16,53065068;-43,5834233;"SPRF-MG";"DEL12-MG";"UOP01-DEL12-MG"
278343;2020-04-04;"sábado";"12:00:00";"PR";277;1;"PARANAGUA";"Desobediência às normas de trânsito pelo condutor";"Colisão traseira";"Sem Vítimas";"Pleno dia";"Crescente";"Sol";"Simples";"Reta";"Sim";3;0;0;0;2;2;0;4;-25,53128929;-48,55064392;"SPRF-PR";"DEL01-PR";"UOP05-DEL01-PR"
278344;2020-04-04;"sábado";"13:15:00";"MG";40;702;"BARBACENA";"Falta de Atenção à Condução";"Colisão transversal";"Com Vítimas Feridas";"Pleno dia";"Crescente";"Sol";"Simples";"Rotatória";"Sim";4;0;1;0;2;1;1;3;-21,219486;-43,740995;"SPRF-MG";"DEL05-MG";"UOP02-DEL05-MG"
278345;2020-04-04;"sábado";"14:00:00";"RJ";40;9;"COMENDADOR LEVY GASPARIAN";"Carga excessiva e/ou mal acondicionada";"Incêndio";"Sem Vítimas";"Pleno dia";"Crescente";"Céu Claro";"Dupla";"Reta";"Não";2;0;0;0;1;1;0;2;-22,04563712;-43,21513599;"SPRF-RJ";"DEL05-RJ";"UOP02-DEL05-RJ"
278349;2020-03-26;"quinta-feira";"01:10:00";"GO";452;49;"RIO VERDE";"Condutor Dormindo";"Tombamento";"Sem Vítimas";"Plena Noite";"Decrescente";"Céu Claro";"Simples";"Reta";"Não";2;0;0;0;1;3;0;4;-17,96308462;-50,48602485;"SPRF-GO";"DEL04-GO";"UOP01-DEL04-GO"
278350;2020-04-04;"sábado";"13:05:00";"RS";158;314,7;"ITAARA";"Defeito Mecânico no Veículo";"Saída de leito carroçável";"Com Vítimas Feridas";"Pleno dia";"Crescente";"Céu Claro";"Múltipla";"Curva";"Não";2;0;1;0;0;1;1;2;-29,64632548;-53,75555634;"SPRF-RS";"DEL09-RS";"UOP01-DEL09-RS"
278353;2020-04-04;"sábado";"15:00:00";"GO";20;141,9;"FLORES DE GOIAS";"Desobediência às normas de trânsito pelo condutor";"Colisão transversal";"Com Vítimas Feridas";"Pleno dia";"Crescente";"Céu Claro";"Simples";"Reta";"Sim";2;0;0;1;1;0;1;2;-14,764977;-46,678886;"SPRF-DF";"DEL02-DF";"UOP03-DEL02-DF"
278358;2020-04-04;"sábado";"07:50:00";"SC";282;523,9;"XAXIM";"Falta de Atenção à Condução";"Saída de leito carroçável";"Sem Vítimas";"Pleno dia";"Decrescente";"Sol";"Simples";"Curva";"Não";2;0;0;0;1;1;0;2;-26,96630219;-52,55539387;"SPRF-SC";"DEL07-SC";"UOP01-DEL07-SC"
278361;2020-04-04;"sábado";"13:30:00";"MA";316;352;"BACABAL";"Falta de Atenção à Condução";"Engavetamento";"Com Vítimas Feridas";"Pleno dia";"Decrescente";"Céu Claro";"Simples";"Reta";"Não";8;0;2;2;4;0;4;4;-4,226811;-44,861771;"SPRF-MA";"DEL02-MA";"UOP01-DEL02-MA"
278369;2020-04-04;"sábado";"16:10:00";"DF";70;19;"BRASILIA";"Mal Súbito";"Colisão transversal";"Com Vítimas Feridas";"Pleno dia";"Decrescente";"Céu Claro";"Dupla";"Curva";"Não";2;0;1;0;1;0;1;2;-15,788868;-48,220242;"SPRF-DF";"DEL03-DF";"UOP02-DEL03-DF"
278385;2020-02-26;"quarta-feira";"15:30:00";"BA";101;725,4;"EUNAPOLIS";"Ingestão de Álcool";"Colisão transversal";"Com Vítimas Feridas";"Pleno dia";"Crescente";"Céu Claro";"Simples";"Curva";"Não";2;0;0;1;1;0;1;2;-16,39920084;-39,57962036;"SPRF-BA";"DEL09-BA";"UOP01-DEL09-BA"
278404;2020-04-04;"sábado";"15:20:00";"PR";373;225;"IMBITUVA";"Falta de Atenção à Condução";"Saída de leito carroçável";"Sem Vítimas";"Pleno dia";"Decrescente";"Céu Claro";"Simples";"Reta;Declive";"Não";1;0;0;0;1;0;0;1;-25,1752185;-50,62053294;"SPRF-PR";"DEL03-PR";"UOP01-DEL03-PR"
278406;2020-03-19;"quinta-feira";"04:30:00";"PB";230;334,2;"PATOS";"Restrição de Visibilidade";"Saída de leito carroçável";"Sem Vítimas";"Amanhecer";"Decrescente";"Chuva";"Dupla";"Rotatória";"Sim";1;0;0;0;1;0;0;1;-7,018;-37,2589;"SPRF-PB";"DEL03-PB";"UOP01-DEL03-PB"
278411;2020-04-04;"sábado";"20:55:00";"PE";104;20;"TAQUARITINGA DO NORTE";"Carga excessiva e/ou mal acondicionada";"Tombamento";"Com Vítimas Feridas";"Plena Noite";"Decrescente";"Céu Claro";"Simples";"Curva";"Não";2;0;1;0;0;1;1;2;-7,956497;-36,128529;"SPRF-PE";"DEL02-PE";"UOP01-DEL02-PE"
278421;2020-04-04;"sábado";"09:20:00";"PE";101;82,5;"JABOATAO DOS GUARARAPES";"Falta de Atenção à Condução";"Colisão lateral";"Sem Vítimas";"Pleno dia";"Crescente";"Nublado";"Múltipla";"Reta";"Sim";2;0;0;0;1;1;0;2;-8,17158272;-34,93942022;"SPRF-PE";"DEL01-PE";"UOP03-DEL01-PE"
278436;2020-04-04;"sábado";"21:50:00";"MT";364;265,1;"SAO PEDRO DA CIPA";"Ultrapassagem Indevida";"Colisão frontal";"Com Vítimas Feridas";"Plena Noite";"Crescente";"Céu Claro";"Simples";"Reta";"Sim";2;0;1;0;1;0;1;2;-16,00440488;-54,92002387;"SPRF-MT";"DEL05-MT";"UOP02-DEL05-MT"