"id";"data_inversa";"dia_semana";"horario";"uf";"br";"km";"municipio";"causa_acidente";"tipo_acidente";"classificacao_acidente";"fase_dia";"sentido_via";"condicao_metereologica";"tipo_pista";"tracado_via";"uso_solo";"pessoas";"mortos";"feridos_leves";"feridos_graves";"ilesos";"ignorados";"feridos";"veiculos";"latitude";"longitude";"regional";"delegacia";"uop"
278791;2020-04-07;"terça-feira";"14:00:00";"RN";101;102;"NATAL";"Desobediência às normas de trânsito pelo condutor";"Colisão lateral";"Com Vítimas Feridas";"Pleno dia";"Crescente";"Sol";"Múltipla";"Reta";"Sim";2;0;0;1;1;0;1;2;-5,88858217;-35,24018997;"SPRF-RN";"DEL01-RN";"UOP01-DEL01-RN"
278793;2020-04-07;"terça-feira";"10:44:00";"SC";116;273;"CAPAO ALTO";"Desobediência às normas de trânsito pelo condutor";"Colisão transversal";"Com Vítimas Fatais";"Pleno dia";"Decrescente";"Céu Claro";"Simples";"Reta";"Não";7;3;0;2;1;1;2;3;-27,98975712;-50,52334587;"SPRF-SC";"DEL05-SC";"UOP02-DEL05-SC"
278794;2020-04-07;"terça-feira";"13:20:00";"DF";20;4,6;"BRASILIA";"Não guardar distância de segurança";"Colisão lateral";"Sem Vítimas";"Pleno dia";"Crescente";"Nublado";"Múltipla";"Declive";"Não";4;0;0;0;2;2;0;3;-15,675484;-47,823761;"SPRF-DF";"DEL02-DF";"UOP01-DEL02-DF"
278795;2020-04-07;"terça-feira";"13:40:00";"SC";470;210;"PONTE ALTA";"Falta de Atenção à Condução";"Tombamento";"Com Vítimas Feridas";"Pleno dia";"Decrescente";"Céu Claro";"Simples";"Curva";"Não";2;0;1;0;0;1;1;2;-27,302412;-50,219173;"SPRF-SC";"DEL05-SC";"UOP03-DEL05-SC"
278799;2020-04-07;"terça-feira";"15:10:00";"BA";116;412,2;"FEIRA DE SANTANA";"Mal Súbito";"Colisão frontal";"Com Vítimas Fatais";"Pleno dia";"Crescente";"Sol";"Simples";"Reta;Declive";"Não";2;1;1;0;0;0;1;2;-12,13392801;-38,96796727;"SPRF-BA";"DEL02-BA";"UOP01-DEL02-BA"
278804;2020-04-07;"terça-feira";"16:05:00";"RS";116;526,5;"PELOTAS";"Desobediência às normas de trânsito pelo condutor";"Colisão transversal";"Com Vítimas Feridas";"Pleno dia";"Decrescente";"Sol";"Simples";"Interseção de Vias";"Não";3;0;1;0;1;1;1;3;-31,74307729;-52,39966642;"SPRF-RS";"DEL07-RS";"UOP01-DEL07-RS"
278808;2020-04-07;"terça-feira";"16:00:00";"MG";381;479,3;"CONTAGEM";"Falta de Atenção à Condução";"Colisão lateral";"Com Vítimas Feridas";"Pleno dia";"Decrescente";"Sol";"Múltipla";"Reta";"Sim";4;0;2;0;1;1;2;3;-19,96334562;-44,04727936;"SPRF-MG";"DEL01-MG";"UOP03-DEL01-MG"
278812;2020-04-07;"terça-feira";"17:15:00";"PB";230;18,8;"JOAO PESSOA";"Carga excessiva e/ou mal acondicionada";"Derramamento de carga";"Com Vítimas Feridas";"Anoitecer";"Crescente";"Céu Claro";"Dupla";"Declive;Curva";"Não";2;0;0;1;1;0;1;2;-7,12638561;-34,84553033;"SPRF-PB";"DEL01-PB";"UOP01-DEL01-PB"
278815;2020-04-07;"terça-feira";"17:45:00";"ES";101;270;"SERRA";"Falta de Atenção à Condução";"Queda de ocupante de veículo";"Com Vítimas Fatais";"Anoitecer";"Crescente";"Céu Claro";"Múltipla";"Reta";"Sim";2;1;0;0;1;0;0;2;-20,22662056;-40,27075088;"SPRF-ES";"DEL02-ES";"UOP01-DEL02-ES"
278816;2020-02-22;"sábado";"15:45:00";"PB";230;277,1;"SANTA LUZIA";"Ingestão de Álcool";"Colisão frontal";"Com Vítimas Feridas";"Pleno dia";"Decrescente";"Céu Claro";"Simples";"Aclive";"Não";3;0;0;1;2;0;1;3;-6,958539;-36,838003;"SPRF-PB";"DEL03-PB";"UOP01-DEL03-PB"
278817;2020-04-07;"terça-feira";"17:40:00";"RJ";493;17,9;"MAGE";"Falta de Atenção à Condução";"Colisão frontal";"Com Vítimas Feridas";"Anoitecer";"Crescente";"Garoa/Chuvisco";"Simples";"Curva";"Não";3;0;0;1;2;0;1;2;-22,66791406;-43,00902598;"SPRF-RJ";"DEL04-RJ";"UOP02-DEL04-RJ"
278825;2020-04-07;"terça-feira";"18:50:00";"MA";226;2;"TIMON";"Defeito Mecânico no Veículo";"Colisão lateral";"Com Vítimas Feridas";"Plena Noite";"Decrescente";"Nublado";"Dupla";"Reta";"Sim";5;0;3;0;2;0;3;2;-5,1311846;-42,815704;"SPRF-MA";"DEL03-MA";"UOP02-DEL03-MA"
278829;2020-04-07;"terça-feira";"18:00:00";"RN";405;157,1;"RAFAEL FERNANDES";"Desobediência às normas de trânsito pelo condutor";"Colisão traseira";"Com Vítimas Fatais";"Plena Noite";"Crescente";"Céu Claro";"Simples";"Reta";"Sim";4;1;1;0;1;1;1;4;-6,16743001;-38,20962396;"SPRF-RN";"DEL04-RN";"UOP02-DEL04-RN"
278838;2020-02-13;"quinta-feira";"00:00:00";"MT";174;567;"COMODORO";"Condutor Dormindo";"Saída de leito carroçável";"Com Vítimas Feridas";"Plena Noite";"Crescente";"Nublado";"Simples";"Curva";"Não";2;0;1;0;0;2;1;3;-13,02834719;-59,91864419;"SPRF-RO";"DEL04-RO";"UOP01-DEL04-RO"
278839;2020-04-07;"terça-feira";"19:00:00";"PR";277;560;"CASCAVEL";"Falta de Atenção à Condução";"Colisão transversal";"Com Vítimas Feridas";"Plena Noite";"Crescente";"Céu Claro";"Simples";"Curva";"Não";4;0;2;0;1;1;2;3;-25,0690669;-53,20791197;"SPRF-PR";"DEL04-PR";"UOP04-DEL04-PR"
278845;2020-04-07;"terça-feira";"20:40:00";"CE";222;310;"TIANGUA";"Deficiência ou não Acionamento do Sistema de Iluminação/Sinalização do Veículo";"Colisão traseira";"Com Vítimas Feridas";"Plena Noite";"Crescente";"Céu Claro";"Simples";"Reta";"Sim";4;0;1;0;1;2;1;3;-3,70670595;-40,97707006;"SPRF-CE";"DEL04-CE";"UOP02-DEL04-CE"
278848;2020-04-07;"terça-feira";"21:50:00";"PR";376;671;"GUARATUBA";"Defeito Mecânico no Veículo";"Incêndio";"Sem Vítimas";"Pleno dia";"Decrescente";"Chuva";"Múltipla";"Reta";"Não";1;0;0;0;1;0;0;1;-25,885323;-48,935154;"SPRF-PR";"DEL01-PR";"UOP04-DEL01-PR"
278853;2020-04-07;"terça-feira";"23:00:00";"DF";251;28;"BRASILIA";"Defeito Mecânico no Veículo";"Colisão traseira";"Com Vítimas Feridas";"Plena Noite";"Decrescente";"Céu Claro";"Simples";"Reta";"Não";9;0;4;1;3;1;5;4;-15,95056;-47,702091;"SPRF-DF";"DEL01-DF";"UOP01-DEL01-DF"
278862;2020-04-08;"quarta-feira";"02:00:00";"MG";381;675;"PERDOES";"Condutor Dormindo";"Colisão com objeto estático";"Sem Vítimas";"Plena Noite";"Decrescente";"Céu Claro";"Dupla";"Reta";"Sim";1;0;0;0;1;0;0;1;-21,11551592;-45,09411331;"SPRF-MG";"DEL04-MG";"UOP02-DEL04-MG"
278864;2020-04-08;"quarta-feira";"04:00:00";"AL";101;52,8;"FLEXEIRAS";"Velocidade Incompatível";"Tombamento";"Com Vítimas Feridas";"Plena Noite";"Decrescente";"Nublado";"Dupla";"Curva";"Não";1;0;0;1;0;0;1;1;-9,24928061;-35,75771436;"SPRF-AL";"DEL01-AL";"UOP02-DEL01-AL"
278866;2020-04-08;"quarta-feira";"04:30:00";"SC";470;133,2;"RIO DO SUL";"Falta de Atenção do Pedestre";"Atropelamento de Pedestre";"Com Vítimas Fatais";"Plena Noite";"Decrescente";"Céu Claro";"Simples";"Reta";"Não";3;1;0;0;1;1;0;3;-27,174187;-49,588497;"SPRF-SC";"DEL04-SC";"UOP02-DEL04-SC"
278867;2020-04-08;"quarta-feira";"05:50:00";"RJ";116;135;"MAGE";"Pista Escorregadia";"Colisão frontal";"Com Vítimas Feridas";"Pleno dia";"Crescente";"Céu Claro";"Simples";"Curva";"Sim";2;0;1;0;1;0;1;2;-22,65225773;-43,16309893;"SPRF-RJ";"DEL04-RJ";"UOP02-DEL04-RJ"
278873;2020-04-08;"quarta-feira";"07:15:00";"SP";116;394;"MIRACATU";"Defeito Mecânico no Veículo";"Saída de leito carroçável";"Com Vítimas Feridas";"Pleno dia";"Decrescente";"Nublado";"Dupla";"Reta;Aclive";"Não";2;0;1;0;0;1;1;2;-24,28717454;-47,45143994;"SPRF-SP";"DEL04-SP";"UOP02-DEL04-SP"
278875;2020-04-08;"quarta-feira";"07:05:00";"PR";116;179,8;"CAMPO DO TENENTE";"Falta de Atenção à Condução";"Tombamento";"Com Vítimas Feridas";"Pleno dia";"Crescente";"Nublado";"Simples";"Curva";"Não";3;0;0;2;0;1;2;3;-25,90048185;-49,56388311;"SPRF-PR";"DEL01-PR";"UOP03-DEL01-PR"
278881;2020-04-08;"quarta-feira";"04:00:00";"MT";70;76;"GENERAL CARNEIRO";"Velocidade Incompatível";"Capotamento";"Com Vítimas Feridas";"Plena Noite";"Crescente";"Céu Claro";"Simples";"Curva";"Não";2;0;1;0;0;2;1;3;-15,67421693;-52,81408803;"SPRF-MT";"DEL07-MT";"UOP01-DEL07-MT"
278884;2020-04-08;"quarta-feira";"08:00:00";"RS";472;143,9;"TRES DE MAIO";"Não guardar distância de segurança";"Colisão lateral";"Com Vítimas Feridas";"Pleno dia";"Crescente";"Sol";"Simples";"Declive";"Não";3;0;2;0;1;0;2;2;-27,7679754;-54,34666157;"SPRF-RS";"DEL10-RS";"UOP01-DEL10-RS"
278887;2020-04-08;"quarta-feira";"09:10:00";"AL";101;131,9;"SAO MIGUEL DOS CAMPOS";"Defeito Mecânico no Veículo";"Saída de leito carroçável";"Com Vítimas Feridas";"Pleno dia";"Crescente";"Céu Claro";"Simples";"Declive";"Não";4;0;1;2;0;1;3;1;-9,76919262;-36,07980967;"SPRF-AL";"DEL02-AL";"UOP01-DEL02-AL"
278894;2020-04-08;"quarta-feira";"10:35:00";"GO";40;94,3;"CRISTALINA";"Defeito Mecânico no Veículo";"Saída de leito carroçável";"Com Vítimas Feridas";"Pleno dia";"Decrescente";"Céu Claro";"Simples";"Reta";"Sim";1;0;1;0;0;0;1;1;-16,743671;-47,613373;"SPRF-DF";"DEL01-DF";"UOP02-DEL01-DF"
278906;2020-04-08;"quarta-feira";"05:30:00";"BA";110;132;"CICERO DANTAS";"Defeito Mecânico no Veículo";"Colisão lateral";"Sem Vítimas";"Pleno dia";"Crescente";"Céu Claro";"Simples";"Reta";"Não";3;0;0;0;2;1;0;3;-10,556589;-38,37482995;"SPRF-BA";"DEL07-BA";"UOP02-DEL07-BA"
278908;2020-04-08;"quarta-feira";"13:20:00";"GO";20;214,7;"POSSE";"Desobediência às normas de trânsito pelo condutor";"Atropelamento de Pedestre";"Com Vítimas Feridas";"Pleno dia";"Decrescente";"Céu Claro";"Simples";"Aclive";"Sim";5;0;0;1;3;2;1;5;-14,23945001;-46,20477411;"SPRF-DF";"DEL02-DF";"UOP03-DEL02-DF"
278910;2020-04-08;"quarta-feira";"14:00:00";"GO";153;201;"URUACU";"Ingestão de Álcool";"Colisão transversal";"Com Vítimas Feridas";"Pleno dia";"Decrescente";"Céu Claro";"Simples";"Reta";"Sim";3;0;0;1;1;1;1;3;-14,519629;-49,154972;"SPRF-GO";"DEL07-GO";"UOP01-DEL07-GO"
278911;2020-04-08;"quarta-feira";"12:30:00";"RJ";40;18;"TRES RIOS";"Velocidade Incompatível";"Tombamento";"Com Vítimas Feridas";"Pleno dia";"Crescente";"Nublado";"Dupla";"Curva";"Não";2;0;0;1;0;1;1;2;-22,09282704;-43,17077482;"SPRF-RJ";"DEL05-RJ";"UOP02-DEL05-RJ"
278913;2020-04-08;"quarta-feira";"14:00:00";"MG";365;17,6;"MONTES CLAROS";"Velocidade Incompatível";"Colisão frontal";"Com Vítimas Feridas";"Pleno dia";"Decrescente";"Chuva";"Simples";"Curva";"Não";3;0;1;0;2;0;1;2;-16,87724015;-43,993381;"SPRF-MG";"DEL12-MG";"UOP01-DEL12-MG"
278921;2020-04-08;"quarta-feira";"15:40:00";"PR";376;179,1;"MARINGA";"Desobediência às normas de trânsito pelo condutor";"Colisão transversal";"Com Vítimas Feridas";"Pleno dia";"Crescente";"Céu Claro";"Dupla";"Interseção de Vias";"Sim";4;0;1;1;1;1;2;3;-23,42058539;-51,90957427;"SPRF-PR";"DEL09-PR";"UOP01-DEL09-PR"
278923;2020-04-08;"quarta-feira";"14:00:00";"PE";232;45;"VITORIA DE SANTO ANTAO";"Velocidade Incompatível";"Tombamento";"Com Vítimas Feridas";"Pleno dia";"Crescente";"Céu Claro";"Simples";"Curva";"Não";1;0;1;0;0;0;1;1;-8,128181;-35,281677;"SPRF-PE";"DEL02-PE";"UOP02-DEL02PE"
278927;2020-04-08;"quarta-feira";"16:15:00";"MG";40;465,1;"SETE LAGOAS";"Velocidade Incompatível";"Colisão com objeto estático";"Com Vítimas Feridas";"Pleno dia";"Decrescente";"Chuva";"Dupla";"Reta;Declive";"Sim";4;0;1;0;3;0;1;3;-19,43855;-44,33065;"SPRF-MG";"DEL02-MG";"UOP01-DEL02-MG"
278931;2020-04-08;"quarta-feira";"15:00:00";"PR";277;101;"CURITIBA";"Velocidade Incompatível";"Capotamento";"Com Vítimas Feridas";"Pleno dia";"Decrescente";"Céu Claro";"Dupla";"Curva";"Não";2;0;1;0;0;1;1;2;-25,52228492;-49,3331539;"SPRF-PR";"DEL01-PR";"UOP06-DEL01-PR"
278932;2020-04-08;"quarta-feira";"10:20:00";"MA";135;6;"SAO LUIS";"Agressão Externa";"Tombamento";"Sem Vítimas";"Pleno dia";"Decrescente";"Nublado";"Dupla";"Retorno Regulamentado";"Não";1;0;0;0;1;0;0;1;-2,62877986;-44,26321818;"SPRF-MA";"DEL01-MA";"UOP01-DEL01-MA"
278934;2020-04-08;"quarta-feira";"17:30:00";"SP";381;60;"MAIRIPORA";"Velocidade Incompatível";"Saída de leito carroçável";"Com Vítimas Feridas";"Pleno dia";"Crescente";"Céu Claro";"Dupla";"Curva";"Não";1;0;1;0;0;0;1;1;-23,28957673;-46,58729853;"SPRF-SP";"DEL03-SP";"UOP01-DEL03-SP"
278940;2020-04-08;"quarta-feira";"17:55:00";"TO";153;681;"GURUPI";"Falta de Atenção à Condução";"Colisão traseira";"Sem Vítimas";"Anoitecer";"Crescente";"Nublado";"Simples";"Reta";"Não";3;0;0;0;2;3;0;5;-11,79764182;-49,12157239;"SPRF-TO";"DEL01-TO";"UOP02-DEL01-TO"
278946;2020-04-08;"quarta-feira";"18:55:00";"BA";116;4,3;"VITORIA DA CONQUISTA";"Avarias e/ou desgaste excessivo no pneu";"Colisão transversal";"Com Vítimas Fatais";"Plena Noite";"Crescente";"Nublado";"Simples";"Reta";"Não";4;1;1;0;1;1;1;3;-14,825969;-40,872492;"SPRF-BA";"DEL08-BA";"UOP01-DEL08-BA"
278950;2020-04-08;"quarta-feira";"19:30:00";"GO";153;647,8;"GOIATUBA";"Falta de Atenção à Condução";"Tombamento";"Com Vítimas Feridas";"Plena Noite";"Decrescente";"Céu Claro";"Dupla";"Reta";"Não";2;0;1;0;0;2;1;3;-17,9406;-49,2466;"SPRF-GO";"DEL03-GO";"UOP01-DEL03-GO"
278956;2020-04-08;"quarta-feira";"17:20:00";"SC";280;27,6;"ARAQUARI";"Falta de Atenção à Condução";"Engavetamento";"Com Vítimas Feridas";"Pleno dia";"Crescente";"Céu Claro";"Simples";"Reta";"Não";7;0;4;0;3;0;4;4;-26,39685622;-48,74021969;"SPRF-SC";"DEL03-SC";"UOP03-DEL03-SC"
278960;2020-04-08;"quarta-feira";"19:00:00";"MS";158;25,9;"PARANAIBA";"Falta de Atenção à Condução";"Colisão transversal";"Com Vítimas Feridas";"Plena Noite";"Crescente";"Céu Claro";"Simples";"Reta";"Não";4;0;0;1;2;1;1;3;-19,209334;-51,536441;"SPRF-MS";"DEL08-MS";"UOP01-DEL08-MS"
278961;2020-04-08;"quarta-feira";"17:40:00";"MG";365;372;"PATOS DE MINAS";"Mal Súbito";"Saída de leito carroçável";"Com Vítimas Fatais";"Pleno dia";"Decrescente";"Garoa/Chuvisco";"Simples";"Curva";"Não";2;1;0;0;0;1;0;2;-18,52680796;-46,14524208;"SPRF-MG";"DEL10-MG";"UOP01-DEL10-MG"
278962;2020-04-08;"quarta-feira";"20:40:00";"MG";381;794,5;"SAO GONCALO DO SAPUCAI";"Velocidade Incompatível";"Saída de leito carroçável";"Com Vítimas Feridas";"Plena Noite";"Decrescente";"Chuva";"Dupla";"Reta";"Não";2;0;1;0;0;1;1;2;-21,92913899;-45,61170907;"SPRF-MG";"DEL16-MG";"UOP02-DEL16-MG"
278964;2020-04-08;"quarta-feira";"20:30:00";"MG";50;0,1;"ARAGUARI";"Falta de Atenção do Pedestre";"Atropelamento de Pedestre";"Com Vítimas Feridas";"Plena Noite";"Crescente";"Céu Claro";"Dupla";"Curva";"Não";2;0;0;1;1;0;1;2;-18,42432;-48,068207;"SPRF-MG";"DEL15-MG";"UOP02-DEL15-MG"
278965;2020-04-08;"quarta-feira";"18:55:00";"PR";277;468,2;"NOVA LARANJEIRAS";"Objeto estático sobre o leito carroçável";"Colisão com objeto estático";"Com Vítimas Feridas";"Anoitecer";"Crescente";"Céu Claro";"Simples";"Reta";"Não";3;0;1;0;1;1;1;3;-25,32593152;-52,51235247;"SPRF-PR";"DEL04-PR";"UOP02-DEL04-PR"
278977;2020-04-08;"quarta-feira";"20:50:00";"RS";471;585,5;"SANTA VITORIA DO PALMAR";"Desobediência às normas de trânsito pelo condutor";"Colisão frontal";"Com Vítimas Fatais";"Plena Noite";"Decrescente";"Nublado";"Simples";"Reta";"Não";5;1;0;1;1;2;1;4;-32,930138;-52,756418;"SPRF-RS";"DEL07-RS";"UOP04-DEL07-RS"
278978;2020-04-08;"quarta-feira";"18:50:00";"RS";392;9,2;"RIO GRANDE";"Falta de Atenção à Condução";"Colisão transversal";"Com Vítimas Feridas";"Plena Noite";"Decrescente";"Céu Claro";"Simples";"Interseção de Vias";"Não";3;0;0;1;1;1;1;3;-32,11099;-52,112198;"SPRF-RS";"DEL07-RS";"UOP02-DEL07-RS"
278980;2020-04-08;"quarta-feira";"21:20:00";"MS";163;219,5;"CAARAPO";"Velocidade Incompatível";"Colisão traseira";"Com Vítimas Feridas";"Plena Noite";"Decrescente";"Céu Claro";"Simples";"Reta";"Não";4;0;1;1;1;2;2;5;-22,54729706;-54,83837908;"SPRF-MS";"DEL04-MS";"UOP02-DEL04-MS"
278988;2020-04-08;"quarta-feira";"19:40:00";"MT";174;99;"CACERES";"Desobediência às normas de trânsito pelo condutor";"Colisão lateral";"Com Vítimas Feridas";"Plena Noite";"Decrescente";"Céu Claro";"Simples";"Interseção de Vias";"Sim";3;0;0;2;1;0;2;2;-15,84378379;-57,86052704;"SPRF-MT";"DEL03-MT";"UOP01-DEL03-MT"
278995;2020-04-08;"quarta-feira";"17:35:00";"PR";376;496;"PONTA GROSSA";"Falta de Atenção à Condução";"Colisão lateral";"Sem Vítimas";"Anoitecer";"Decrescente";"Céu Claro";"Dupla";"Reta";"Sim";4;0;0;0;3;2;0;5;-25,17702586;-50,1005139;"SPRF-PR";"DEL03-PR";"UOP04-DEL03-PR"
278996;2020-04-09;"quinta-feira";"02:05:00";"SE";101;69,1;"MARUIM";"Ingestão de Álcool";"Colisão lateral";"Sem Vítimas";"Plena Noite";"Crescente";"Céu Claro";"Simples";"Reta";"Não";3;0;0;0;1;2;0;3;-10,72937357;-37,0810103;"SPRF-SE";"DEL01-SE";"UOP01-DEL01-SE"
278998;2020-04-09;"quinta-feira";"03:15:00";"MG";262;508;"LUZ";"Velocidade Incompatível";"Tombamento";"Com Vítimas Feridas";"Plena Noite";"Decrescente";"Céu Claro";"Simples";"Curva";"Não";3;0;2;0;0;1;2;2;-19,77025936;-45,51078303;"SPRF-MG";"DEL08-MG";"UOP03-DEL08-MG"
278999;2020-04-09;"quinta-feira";"02:10:00";"MS";163;485,9;"CAMPO GRANDE";"Desobediência às normas de trânsito pelo condutor";"Colisão lateral";"Sem Vítimas";"Plena Noite";"Decrescente";"Céu Claro";"Simples";"Reta";"Sim";2;0;0;0;2;0;0;2;-20,44233707;-54,54201834;"SPRF-MS";"DEL01-MS";"UOP02-DEL01-MS"
279002;2020-04-08;"quarta-feira";"23:05:00";"SC";282;521,6;"XAXIM";"Velocidade Incompatível";"Tombamento";"Com Vítimas Feridas";"Plena Noite";"Decrescente";"Céu Claro";"Simples";"Interseção de Vias;Rotatória";"Sim";3;0;2;0;0;1;2;2;-26,95296591;-52,53808759;"SPRF-SC";"DEL07-SC";"UOP01-DEL07-SC"
279003;2020-04-09;"quinta-feira";"04:00:00";"BA";324;482,2;"SANTA BARBARA";"Falta de Atenção do Pedestre";"Atropelamento de Pedestre";"Com Vítimas Fatais";"Plena Noite";"Crescente";"Céu Claro";"Simples";"Reta";"Não";2;1;0;0;0;1;0;2;-12,011;-39,057;"SPRF-BA";"DEL02-BA";"UOP01-DEL02-BA"
279004;2020-04-09;"quinta-feira";"05:00:00";"MT";163;767,3;"SORRISO";"Falta de Atenção à Condução";"Colisão frontal";"Sem Vítimas";"Amanhecer";"Crescente";"Céu Claro";"Simples";"Reta";"Não";3;0;0;0;2;2;0;4;-12,54622921;-55,71025468;"SPRF-MT";"DEL06-MT";"UOP01-DEL06-MT"
279005;2020-04-08;"quarta-feira";"20:30:00";"RO";364;900;"PORTO VELHO";"Defeito na Via";"Tombamento";"Com Vítimas Feridas";"Plena Noite";"Decrescente";"Chuva";"Simples";"Reta";"Não";2;0;1;0;0;1;1;2;-9,69455497;-65,12689401;"SPRF-RO";"DEL01-RO";"UOP02-DEL01-RO"
279009;2020-01-11;"sábado";"21:40:00";"CE";116;162,8;"RUSSAS";"Falta de Atenção à Condução";"Colisão frontal";"Com Vítimas Fatais";"Plena Noite";"Crescente";"Céu Claro";"Simples";"Reta";"Sim";4;1;2;0;0;2;2;4;-4,93893213;-37,98991799;"SPRF-CE";"DEL03-CE";"UOP01-DEL03-CE"
279010;2020-04-09;"quinta-feira";"07:00:00";"MG";251;473;"FRANCISCO SA";"Pista Escorregadia";"Colisão com objeto estático";"Com Vítimas Feridas";"Pleno dia";"Crescente";"Chuva";"Simples";"Curva";"Não";3;0;2;0;0;1;2;2;-16,47012768;-43,44753404;"SPRF-MG";"DEL12-MG";"UOP01-DEL12-MG"
279021;2020-04-09;"quinta-feira";"07:30:00";"MG";381;481,5;"CONTAGEM";"Velocidade Incompatível";"Colisão traseira";"Com Vítimas Feridas";"Pleno dia";"Decrescente";"Céu Claro";"Dupla";"Reta;Declive";"Sim";3;0;1;0;2;0;1;2;-19,95902955;-44,06240702;"SPRF-MG";"DEL01-MG";"UOP03-DEL01-MG"
279030;2020-04-09;"quinta-feira";"10:00:00";"BA";101;247;"CONCEICAO DO ALMEIDA";"Velocidade Incompatível";"Colisão lateral";"Com Vítimas Feridas";"Pleno dia";"Crescente";"Céu Claro";"Simples";"Curva";"Não";2;0;2;0;0;0;2;2;-12,86703318;-39,21775818;"SPRF-BA";"DEL01-BA";"UOP02-DEL01-BA"
279036;2020-04-09;"quinta-feira";"11:30:00";"ES";101;188,7;"ARACRUZ";"Velocidade Incompatível";"Saída de leito carroçável";"Com Vítimas Feridas";"Pleno dia";"Decrescente";"Nublado";"Simples";"Reta;Declive;Ponte";"Não";2;0;1;0;0;1;1;2;-19,67569037;-40,26368893;"SPRF-ES";"DEL04-ES";"UOP01-DEL04-ES"
279039;2020-04-09;"quinta-feira";"11:45:00";"RS";386;439;"NOVA SANTA RITA";"Desobediência às normas de trânsito pelo condutor";"Colisão transversal";"Com Vítimas Feridas";"Pleno dia";"Decrescente";"Nublado";"Dupla";"Reta";"Não";3;0;2;0;1;0;2;2;-29,871458;-51,248714;"SPRF-RS";"DEL04-RS";"UOP02-DEL04-RS"
279057;2020-04-08;"quarta-feira";"23:20:00";"SC";470;3;"ITAJAI";"Falta de Atenção à Condução";"Saída de leito carroçável";"Sem Vítimas";"Plena Noite";"Decrescente";"Céu Claro";"Dupla";"Reta;Em Obras";"Não";2;0;0;0;1;1;0;2;-26,861937;-48,681618;"SPRF-SC";"DEL04-SC";"UOP04-DEL04-SC"
279063;2020-04-09;"quinta-feira";"15:20:00";"MG";381;443;"SANTA LUZIA";"Sinalização da via insuficiente ou inadequada";"Colisão traseira";"Com Vítimas Feridas";"Pleno dia";"Crescente";"Céu Claro";"Simples";"Curva;Em Obras;Declive";"Sim";9;0;1;3;3;2;4;6;-19,822546;-43,817345;"SPRF-MG";"DEL01-MG";"UOP01-DEL01-MG"
279064;2020-04-09;"quinta-feira";"15:10:00";"SC";470;67;"BLUMENAU";"Mal Súbito";"Colisão frontal";"Com Vítimas Feridas";"Pleno dia";"Crescente";"Sol";"Simples";"Reta;Em Obras";"Sim";3;0;1;0;1;1;1;3;-26,872158;-49,23127;"SPRF-SC";"DEL04-SC";"UOP01-DEL04-SC"
279070;2020-03-10;"terça-feira";"19:00:00";"PA";10;353;"SANTA MARIA DO PARA";"Ingestão de Álcool";"Colisão frontal";"Sem Vítimas";"Plena Noite";"Decrescente";"Garoa/Chuvisco";"Dupla";"Interseção de Vias";"Sim";2;0;0;0;2;0;0;2;-1,35646249;-47,57423141;"SPRF-PA";"DEL01-PA";"UOP02-DEL01-PA"
279071;2020-04-09;"quinta-feira";"14:30:00";"MS";60;409,1;"SIDROLANDIA";"Desobediência às normas de trânsito pelo condutor";"Engavetamento";"Com Vítimas Feridas";"Pleno dia";"Decrescente";"Céu Claro";"Simples";"Reta";"Não";4;0;3;0;1;0;3;3;-20,87525613;-54,82603469;"SPRF-MS";"DEL01-MS";"UOP04-DEL01-MS"
279079;2020-04-09;"quinta-feira";"16:45:00";"RN";101;146;"GOIANINHA";"Não guardar distância de segurança";"Colisão traseira";"Com Vítimas Feridas";"Pleno dia";"Decrescente";"Céu Claro";"Simples";"Reta";"Sim";2;0;0;1;1;0;1;2;-6,26255354;-35,21147156;"SPRF-RN";"DEL01-RN";"UOP01-DEL01-RN"
279082;2020-04-09;"quinta-feira";"15:55:00";"MT";163;834;"SINOP";"Não guardar distância de segurança";"Colisão traseira";"Com Vítimas Feridas";"Pleno dia";"Decrescente";"Céu Claro";"Dupla";"Rotatória";"Sim";3;0;1;0;1;1;1;2;-11,86660544;-55,49698591;"SPRF-MT";"DEL06-MT";"UOP01-DEL06-MT"
279092;2020-03-09;"segunda-feira";"01:30:00";"GO";153;277;"NOVA GLORIA";"Falta de Atenção à Condução";"Colisão frontal";"Com Vítimas Fatais";"Plena Noite";"Decrescente";"Ignorado";"Simples";"Reta";"Não";3;1;0;1;0;2;1;4;-15,118033;-49,497047;"SPRF-GO";"DEL07-GO";"UOP01-DEL07-GO"
279099;2020-04-09;"quinta-feira";"12:15:00";"SC";101;132;"BALNEARIO CAMBORIU";"Falta de Atenção à Condução";"Colisão lateral";"Sem Vítimas";"Pleno dia";"Decrescente";"Céu Claro";"Dupla";"Reta";"Sim";2;0;0;0;2;0;0;2;-26,99654133;-48,65564711;"SPRF-SC";"DEL04-SC";"UOP03-DEL04-SC"