"id";"data_inversa";"dia_semana";"horario";"uf";"br";"km";"municipio";"causa_acidente";"tipo_acidente";"classificacao_acidente";"fase_dia";"sentido_via";"condicao_metereologica";"tipo_pista";"tracado_via";"uso_solo";"pessoas";"mortos";"feridos_leves";"feridos_graves";"ilesos";"ignorados";"feridos";"veiculos";"latitude";"longitude";"regional";"delegacia";"uop"
279569;2020-04-12;"domingo";"20:40:00";"GO";153;375;"JARAGUA";"Defeito Mecânico no Veículo";"Colisão traseira";"Com Vítimas Feridas";"Plena Noite";"Crescente";"Céu Claro";"Simples";"Reta";"Não";4;0;1;1;2;0;2;2;-15,868184;-49,255489;"SPRF-GO";"DEL02-GO";"UOP02-DEL02-GO"
279574;2020-04-12;"domingo";"20:18:00";"PR";116;17,1;"CAMPINA GRANDE DO SUL";"Velocidade Incompatível";"Tombamento";"Sem Vítimas";"Plena Noite";"Decrescente";"Céu Claro";"Dupla";"Curva";"Não";2;0;0;0;1;1;0;2;-25,10359681;-48,70154902;"SPRF-PR";"DEL01-PR";"UOP02-DEL01-PR"
279577;2020-04-12;"domingo";"20:05:00";"PR";116;117,7;"CURITIBA";"Ingestão de Álcool";"Colisão lateral";"Sem Vítimas";"Plena Noite";"Crescente";"Ignorado";"Dupla";"Reta";"Sim";2;0;0;0;2;0;0;2;-25,56505244;-49,30904388;"SPRF-PR";"DEL01-PR";"UOP03-DEL01-PR"
279596;2020-04-12;"domingo";"23:20:00";"MG";40;738,9;"SANTOS DUMONT";"Velocidade Incompatível";"Tombamento";"Com Vítimas Feridas";"Plena Noite";"Crescente";"Nublado";"Simples";"Reta";"Sim";2;0;1;0;0;1;1;2;-21,38880304;-43,56910622;"SPRF-MG";"DEL05-MG";"UOP01-DEL05-MG"
279599;2020-04-11;"sábado";"18:00:00";"MA";135;165;"SAO MATEUS DO MARANHAO";"Defeito na Via";"Tombamento";"Sem Vítimas";"Anoitecer";"Decrescente";"Ignorado";"Simples";"Reta";"Não";1;0;0;0;1;0;0;1;-3,88828099;-44,48777698;"SPRF-MA";"DEL01-MA";"UOP02-DEL01-MA"
279601;2020-04-12;"domingo";"23:10:00";"MG";365;700,9;"MONTE ALEGRE DE MINAS";"Falta de Atenção à Condução";"Colisão traseira";"Com Vítimas Feridas";"Plena Noite";"Decrescente";"Céu Claro";"Dupla";"Declive";"Não";3;0;2;0;1;0;2;2;-18,88013775;-48,99816201;"SPRF-MG";"DEL15-MG";"UOP03-DEL15-MG"
279605;2020-04-13;"segunda-feira";"02:20:00";"MG";381;923,8;"CAMANDUCAIA";"Desobediência às normas de trânsito pelo condutor";"Colisão lateral";"Com Vítimas Feridas";"Plena Noite";"Crescente";"Céu Claro";"Dupla";"Curva";"Não";3;0;1;0;1;1;1;2;-22,77050246;-46,23490598;"SPRF-MG";"DEL16-MG";"UOP03-DEL16-MG"
279610;2020-04-13;"segunda-feira";"04:50:00";"MA";230;62;"SAO JOAO DOS PATOS";"Condutor Dormindo";"Saída de leito carroçável";"Com Vítimas Feridas";"Amanhecer";"Decrescente";"Chuva";"Simples";"Reta";"Não";1;0;1;0;0;0;1;1;-6,5773609;-43,48691804;"SPRF-PI";"DEL03-PI";"UOP01-DEL03-PI"
279611;2020-04-13;"segunda-feira";"05:45:00";"PR";476;152;"ARAUCARIA";"Falta de Atenção à Condução";"Colisão lateral";"Sem Vítimas";"Amanhecer";"Crescente";"Nublado";"Dupla";"Reta";"Sim";3;0;0;0;2;1;0;3;-25,570036;-49,384193;"SPRF-PR";"DEL01-PR";"UOP06-DEL01-PR"
279618;2020-04-13;"segunda-feira";"06:40:00";"PR";277;718,1;"SANTA TEREZINHA DE ITAIPU";"Velocidade Incompatível";"Saída de leito carroçável";"Com Vítimas Feridas";"Amanhecer";"Crescente";"Céu Claro";"Dupla";"Declive";"Não";2;0;1;0;1;0;1;2;-25,48013487;-54,48530406;"SPRF-PR";"DEL05-PR";"UOP01-DEL05-PR"
279630;2020-04-13;"segunda-feira";"07:30:00";"MS";163;681;"RIO VERDE DE MATO GROSSO";"Desobediência às normas de trânsito pelo condutor";"Colisão transversal";"Com Vítimas Feridas";"Pleno dia";"Decrescente";"Sol";"Simples";"Reta";"Sim";2;0;1;0;0;1;1;2;-18,91578008;-54,83862738;"SPRF-MS";"DEL06-MS";"UOP02-DEL06-MS"
279635;2020-04-13;"segunda-feira";"08:00:00";"MT";364;198,3;"RONDONOPOLIS";"Desobediência às normas de trânsito pelo condutor";"Colisão frontal";"Com Vítimas Fatais";"Pleno dia";"Decrescente";"Sol";"Simples";"Declive;Reta";"Não";5;2;1;2;0;0;3;3;-16,51440383;-54,60970446;"SPRF-MT";"DEL02-MT";"UOP01-DEL02-MT"
279645;2020-04-13;"segunda-feira";"07:45:00";"RO";364;519;"ARIQUEMES";"Desobediência às normas de trânsito pelo condutor";"Colisão transversal";"Com Vítimas Feridas";"Pleno dia";"Decrescente";"Nublado";"Simples";"Rotatória";"Sim";3;0;1;0;1;3;1;5;-9,88869603;-63,05672846;"SPRF-RO";"DEL03-RO";"UOP01-DEL03-RO"
279650;2020-04-13;"segunda-feira";"11:00:00";"PR";476;339,8;"PAULA FREITAS";"Desobediência às normas de trânsito pelo condutor";"Colisão lateral";"Com Vítimas Feridas";"Pleno dia";"Crescente";"Sol";"Simples";"Curva";"Não";3;0;0;1;1;2;1;4;-26,157049;-50,883564;"SPRF-PR";"DEL02-PR";"UOP04-DEL02-PR"
279656;2020-04-13;"segunda-feira";"13:00:00";"SC";116;166,6;"PONTE ALTA DO NORTE";"Defeito Mecânico no Veículo";"Incêndio";"Sem Vítimas";"Pleno dia";"Decrescente";"Nublado";"Simples";"Reta";"Sim";2;0;0;0;1;2;0;3;-27,16000685;-50,46631231;"SPRF-SC";"DEL05-SC";"UOP03-DEL05-SC"
279659;2020-04-13;"segunda-feira";"06:00:00";"RO";364;628;"CANDEIAS DO JAMARI";"Defeito na Via";"Saída de leito carroçável";"Com Vítimas Feridas";"Pleno dia";"Crescente";"Céu Claro";"Simples";"Reta";"Não";2;0;1;0;0;2;1;3;-9,07727887;-63,35428005;"SPRF-RO";"DEL01-RO";"UOP04-DEL01-RO"
279660;2020-04-13;"segunda-feira";"13:21:00";"RS";116;150,4;"CAXIAS DO SUL";"Desobediência às normas de trânsito pelo condutor";"Colisão lateral";"Com Vítimas Feridas";"Pleno dia";"Decrescente";"Céu Claro";"Dupla";"Reta";"Sim";3;0;1;0;1;1;1;3;-29,168428;-51,158337;"SPRF-RS";"DEL05-RS";"UOP01-DEL05-RS"
279663;2020-04-13;"segunda-feira";"10:08:00";"BA";116;235;"QUIJINGUE";"Falta de Atenção à Condução";"Colisão frontal";"Com Vítimas Fatais";"Pleno dia";"Decrescente";"Céu Claro";"Simples";"Reta";"Não";3;1;1;0;0;1;1;3;-10,6525657;-38,95106437;"SPRF-BA";"DEL07-BA";"UOP02-DEL07-BA"
279664;2020-04-13;"segunda-feira";"13:45:00";"RJ";116;222,8;"PIRAI";"Ingestão de Álcool";"Tombamento";"Com Vítimas Feridas";"Pleno dia";"Decrescente";"Sol";"Simples";"Curva";"Não";1;0;1;0;0;0;1;1;-22,68308355;-43,82583618;"SPRF-RJ";"DEL07-RJ";"UOP01-DEL07-RJ"
279666;2020-04-13;"segunda-feira";"14:00:00";"PA";163;999;"SANTAREM";"Falta de Atenção à Condução";"Colisão transversal";"Com Vítimas Feridas";"Pleno dia";"Decrescente";"Nublado";"Simples";"Reta";"Sim";2;0;1;0;1;0;1;2;-2,48200297;-54,73142511;"SPRF-PA";"DEL05-PA";"UOP01-DEL05-PA"
279671;2020-04-13;"segunda-feira";"14:20:00";"ES";101;255,4;"SERRA";"Falta de Atenção à Condução";"Colisão lateral";"Com Vítimas Feridas";"Pleno dia";"Crescente";"Nublado";"Simples";"Retorno Regulamentado";"Não";2;0;1;0;1;0;1;2;-20,11487935;-40,31943619;"SPRF-ES";"DEL02-ES";"UOP01-DEL02-ES"
279674;2020-04-13;"segunda-feira";"09:40:00";"MG";381;250,6;"SANTANA DO PARAISO";"Desobediência às normas de trânsito pelo condutor";"Colisão transversal";"Com Vítimas Feridas";"Pleno dia";"Decrescente";"Nublado";"Simples";"Reta;Retorno Regulamentado";"Sim";3;0;1;1;1;0;2;3;-19,48378419;-42,55378491;"SPRF-MG";"DEL06-MG";"UOP01-DEL06-MG"
279675;2020-04-13;"segunda-feira";"15:00:00";"AP";210;11;"MACAPA";"Defeito Mecânico no Veículo";"Colisão traseira";"Com Vítimas Feridas";"Pleno dia";"Decrescente";"Garoa/Chuvisco";"Simples";"Reta";"Não";4;0;1;0;3;0;1;3;0,12665336;-51,13356549;"SPRF-AP";"DEL01-AP";"UOP01-DEL01-AP"
279677;2020-04-13;"segunda-feira";"16:15:00";"MG";116;719,1;"MURIAE";"Velocidade Incompatível";"Colisão lateral";"Com Vítimas Feridas";"Pleno dia";"Crescente";"Nublado";"Simples";"Curva";"Não";3;0;2;0;0;2;2;4;-21,23756793;-42,39406193;"SPRF-MG";"DEL07-MG";"UOP02-DEL07-MG"
279683;2020-03-16;"segunda-feira";"04:50:00";"GO";414;416,6;"ABADIANIA";"Velocidade Incompatível";"Tombamento";"Com Vítimas Feridas";"Amanhecer";"Crescente";"Nublado";"Simples";"Curva;Declive";"Não";2;0;1;0;0;1;1;2;-16,1044117;-48,87126446;"SPRF-GO";"DEL02-GO";"UOP01-DEL02-GO"
279684;2020-04-13;"segunda-feira";"15:36:00";"PE";424;90;"GARANHUNS";"Desobediência às normas de trânsito pelo condutor";"Colisão traseira";"Com Vítimas Feridas";"Pleno dia";"Crescente";"Céu Claro";"Simples";"Curva";"Sim";4;0;3;1;0;0;4;2;-8,89635706;-36,50157593;"SPRF-PE";"DEL03-PE";"UOP01-DEL03-PE"
279687;2020-04-13;"segunda-feira";"16:40:00";"RN";304;291,7;"MACAIBA";"Velocidade Incompatível";"Tombamento";"Sem Vítimas";"Pleno dia";"Decrescente";"Céu Claro";"Simples";"Reta;Em Obras";"Não";2;0;0;0;2;0;0;2;-5,867204;-35,396824;"SPRF-RN";"DEL01-RN";"UOP02-DEL01-RN"
279694;2020-04-13;"segunda-feira";"18:10:00";"PI";343;190;"PIRIPIRI";"Animais na Pista";"Atropelamento de Animal";"Sem Vítimas";"Anoitecer";"Crescente";"Garoa/Chuvisco";"Simples";"Reta";"Não";4;0;0;0;4;0;0;1;-4,333408;-41,794598;"SPRF-PI";"DEL02-PI";"UOP01-DEL02-PI"
279696;2020-04-13;"segunda-feira";"14:15:00";"MG";50;206;"DELTA";"Falta de Atenção à Condução";"Saída de leito carroçável";"Com Vítimas Feridas";"Pleno dia";"Crescente";"Nublado";"Dupla";"Reta";"Não";1;0;1;0;0;0;1;1;-19,92627147;-47,82191068;"SPRF-MG";"DEL13-MG";"UOP01-DEL13-MG"
279703;2020-04-13;"segunda-feira";"18:55:00";"RJ";101;305,3;"SAO GONCALO";"Animais na Pista";"Atropelamento de Animal";"Com Vítimas Feridas";"Plena Noite";"Crescente";"Céu Claro";"Dupla";"Reta";"Sim";5;0;2;0;3;0;2;4;-22,78702832;-42,99589293;"SPRF-RJ";"DEL02-RJ";"UOP02-DEL02-RJ"
279714;2020-04-06;"segunda-feira";"00:15:00";"RJ";116;128;"MAGE";"Falta de Atenção à Condução";"Colisão lateral";"Com Vítimas Feridas";"Plena Noite";"Decrescente";"Céu Claro";"Dupla";"Viaduto";"Sim";2;0;1;0;1;0;1;2;-22,6657139;-43,10092001;"SPRF-RJ";"DEL04-RJ";"UOP02-DEL04-RJ"
279718;2020-04-13;"segunda-feira";"19:00:00";"RS";386;291,4;"POUSO NOVO";"Falta de Atenção à Condução";"Colisão lateral";"Com Vítimas Feridas";"Plena Noite";"Decrescente";"Céu Claro";"Simples";"Curva";"Não";2;0;1;0;1;0;1;2;-29,098166;-52,249744;"SPRF-RS";"DEL04-RS";"UOP01-DEL04-RS"
279724;2020-04-13;"segunda-feira";"21:00:00";"GO";153;498;"GOIANIA";"Falta de Atenção à Condução";"Colisão traseira";"Com Vítimas Feridas";"Plena Noite";"Crescente";"Céu Claro";"Dupla";"Aclive";"Sim";3;0;1;0;1;1;1;3;-16,6939;-49,2321;"SPRF-GO";"DEL01-GO";"UOP01-DEL01-GO"
279731;2020-04-13;"segunda-feira";"20:15:00";"PR";376;532;"PALMEIRA";"Falta de Atenção à Condução";"Colisão traseira";"Com Vítimas Feridas";"Plena Noite";"Crescente";"Nublado";"Dupla";"Reta";"Não";5;0;3;0;2;0;3;2;-25,312819;-49,881562;"SPRF-PR";"DEL01-PR";"UOP03-DEL03-PR"
279732;2020-04-13;"segunda-feira";"22:45:00";"MG";40;717,7;"BARBACENA";"Velocidade Incompatível";"Tombamento";"Sem Vítimas";"Plena Noite";"Decrescente";"Nublado";"Dupla";"Curva";"Não";2;0;0;0;1;1;0;2;-21,26034802;-43,66189055;"SPRF-MG";"DEL05-MG";"UOP01-DEL05-MG"
279735;2020-04-12;"domingo";"18:00:00";"AP";210;179;"PORTO GRANDE";"Defeito na Via";"Tombamento";"Sem Vítimas";"Anoitecer";"Crescente";"Chuva";"Simples";"Reta";"Sim";2;0;0;0;1;1;0;2;0,70564616;-51,41271608;"SPRF-AP";"DEL01-AP";"UOP01-DEL01-AP"
279736;2020-04-13;"segunda-feira";"22:50:00";"MG";262;444;"NOVA SERRANA";"Falta de Atenção à Condução";"Colisão traseira";"Com Vítimas Feridas";"Plena Noite";"Crescente";"Céu Claro";"Dupla";"Reta";"Sim";4;0;0;2;2;0;2;2;-19,86995561;-44,98284124;"SPRF-MG";"DEL08-MG";"UOP03-DEL08-MG"
279743;2020-04-13;"segunda-feira";"22:50:00";"SC";116;24,4;"ITAIOPOLIS";"Velocidade Incompatível";"Tombamento";"Com Vítimas Feridas";"Plena Noite";"Crescente";"Nublado";"Simples";"Reta";"Não";4;0;3;0;0;2;3;4;-26,27345523;-49,92117261;"SPRF-SC";"DEL06-SC";"UOP01-DEL06-SC"
279745;2020-04-14;"terça-feira";"00:45:00";"PR";376;142,1;"NOVA ESPERANCA";"Falta de Atenção à Condução";"Saída de leito carroçável";"Sem Vítimas";"Plena Noite";"Crescente";"Chuva";"Dupla";"Reta";"Não";2;0;0;0;1;2;0;3;-23,25682404;-52,16532609;"SPRF-PR";"DEL09-PR";"UOP02-DEL09-PR"
279749;2020-04-14;"terça-feira";"05:00:00";"ES";101;445,3;"MIMOSO DO SUL";"Ultrapassagem Indevida";"Colisão lateral";"Com Vítimas Feridas";"Amanhecer";"Crescente";"Céu Claro";"Simples";"Reta";"Não";5;0;1;0;4;0;1;3;-21,11046291;-41,26351124;"SPRF-ES";"DEL03-ES";"UOP02-DEL03-ES"
279750;2020-04-14;"terça-feira";"04:40:00";"SC";101;175;"TIJUCAS";"Falta de Atenção à Condução";"Tombamento";"Sem Vítimas";"Plena Noite";"Crescente";"Chuva";"Dupla";"Curva";"Sim";1;0;0;0;1;0;0;1;-27,33963303;-48,62734885;"SPRF-SC";"DEL01-SC";"UOP01-DEL01-SC"
279751;2020-04-14;"terça-feira";"05:00:00";"SC";470;99;"APIUNA";"Velocidade Incompatível";"Colisão traseira";"Com Vítimas Feridas";"Plena Noite";"Decrescente";"Chuva";"Simples";"Reta";"Sim";4;0;1;1;1;2;2;4;-27,037956;-49,393417;"SPRF-SC";"DEL04-SC";"UOP01-DEL04-SC"
279752;2020-04-14;"terça-feira";"04:45:00";"MT";163;115;"RONDONOPOLIS";"Falta de Atenção à Condução";"Saída de leito carroçável";"Com Vítimas Feridas";"Amanhecer";"Decrescente";"Ignorado";"Dupla";"Declive";"Não";2;0;2;0;0;0;2;1;-16,53799506;-54,66666488;"SPRF-MT";"DEL02-MT";"UOP01-DEL02-MT"
279757;2020-04-14;"terça-feira";"06:45:00";"SC";116;2,2;"MAFRA";"Desobediência às normas de trânsito pelo condutor";"Colisão lateral";"Com Vítimas Feridas";"Amanhecer";"Decrescente";"Nublado";"Simples";"Reta";"Sim";2;0;0;1;1;0;1;2;-26,12586945;-49,79480267;"SPRF-SC";"DEL06-SC";"UOP01-DEL06-SC"
279762;2020-04-14;"terça-feira";"03:50:00";"BA";101;476,9;"URUCUCA";"Fenômenos da Natureza";"Tombamento";"Com Vítimas Feridas";"Plena Noite";"Crescente";"Nublado";"Simples";"Aclive";"Não";1;0;1;0;0;0;1;1;-14,59039471;-39,33483124;"SPRF-BA";"DEL05-BA";"UOP01-DEL05-BA"
279763;2020-04-14;"terça-feira";"05:30:00";"MA";316;415,3;"PERITORO";"Falta de Atenção à Condução";"Colisão lateral";"Com Vítimas Feridas";"Amanhecer";"Decrescente";"Nublado";"Simples";"Reta";"Não";4;0;1;0;3;0;1;2;-4,323217;-44,404823;"SPRF-MA";"DEL03-MA";"UOP01-DEL03-MA"
279767;2020-04-14;"terça-feira";"07:40:00";"RJ";40;120;"DUQUE DE CAXIAS";"Não guardar distância de segurança";"Colisão lateral";"Com Vítimas Feridas";"Pleno dia";"Crescente";"Céu Claro";"Múltipla";"Reta";"Sim";4;0;2;0;2;0;2;3;-22,77280597;-43,28626763;"SPRF-RJ";"DEL01-RJ";"UOP01-DEL01-RJ"
279773;2020-04-14;"terça-feira";"08:10:00";"SC";280;11,9;"SAO FRANCISCO DO SUL";"Desobediência às normas de trânsito pelo condutor";"Colisão frontal";"Com Vítimas Fatais";"Pleno dia";"Decrescente";"Nublado";"Simples";"Reta";"Sim";3;1;0;0;1;1;0;3;-26,304752;-48,641014;"SPRF-SC";"DEL03-SC";"UOP03-DEL03-SC"
279776;2020-04-14;"terça-feira";"08:30:00";"RS";116;362,9;"SENTINELA DO SUL";"Falta de Atenção à Condução";"Tombamento";"Com Vítimas Feridas";"Pleno dia";"Crescente";"Céu Claro";"Simples";"Curva";"Não";4;0;3;0;0;1;3;2;-30,63728431;-51,55362368;"SPRF-RS";"DEL02-RS";"UOP03-DEL02-RS"
279779;2020-02-20;"quinta-feira";"20:30:00";"PB";230;216;"SOLEDADE";"Defeito Mecânico no Veículo";"Colisão transversal";"Sem Vítimas";"Plena Noite";"Crescente";"Vento";"Dupla";"Reta";"Sim";2;0;0;0;2;0;0;2;-7,0562;-36,3681;"SPRF-PB";"DEL02-PB";"UOP02-DEL02-PB"
279782;2020-04-14;"terça-feira";"10:35:00";"RS";470;232;"CARLOS BARBOSA";"Velocidade Incompatível";"Tombamento";"Sem Vítimas";"Pleno dia";"Decrescente";"Nublado";"Simples";"Retorno Regulamentado";"Não";1;0;0;0;1;0;0;1;-29,29846516;-51,4810664;"SPRF-RS";"DEL06-RS";"UOP01-DEL06-RS"
279783;2020-04-13;"segunda-feira";"22:10:00";"PA";10;41;"DOM ELISEU";"Desobediência às normas de trânsito pelo condutor";"Colisão frontal";"Com Vítimas Feridas";"Plena Noite";"Crescente";"Chuva";"Simples";"Declive";"Não";3;0;0;1;1;3;1;5;-4,09119307;-47,5469016;"SPRF-PA";"DEL02-PA";"UOP02-DEL02-PA"
279784;2020-04-14;"terça-feira";"11:15:00";"RJ";40;109;"DUQUE DE CAXIAS";"Falta de Atenção à Condução";"Tombamento";"Com Vítimas Feridas";"Pleno dia";"Crescente";"Céu Claro";"Simples";"Curva";"Sim";3;0;1;0;1;1;1;3;-22,67374628;-43,28638368;"SPRF-RJ";"DEL01-RJ";"UOP01-DEL01-RJ"
279785;2020-03-15;"domingo";"15:45:00";"PA";10;313;"IRITUIA";"Desobediência às normas de trânsito pelo condutor";"Colisão frontal";"Com Vítimas Fatais";"Pleno dia";"Crescente";"Chuva";"Simples";"Reta";"Não";3;3;0;0;0;0;0;2;-1,69309796;-47,50215758;"SPRF-PA";"DEL01-PA";"UOP02-DEL01-PA"
279787;2020-04-14;"terça-feira";"11:28:00";"SP";116;220;"GUARULHOS";"Falta de Atenção à Condução";"Colisão lateral";"Com Vítimas Feridas";"Pleno dia";"Crescente";"Nublado";"Múltipla";"Reta";"Sim";5;0;2;0;2;1;2;5;-23,46472809;-46,49793962;"SPRF-SP";"DEL01-SP";"UOP01-DEL01-SP"
279796;2020-04-14;"terça-feira";"13:00:00";"TO";153;588,7;"SANTA RITA DO TOCANTINS";"Defeito Mecânico no Veículo";"Tombamento";"Sem Vítimas";"Pleno dia";"Decrescente";"Céu Claro";"Simples";"Reta";"Não";2;0;0;0;1;2;0;3;-10,989491;-48,908756;"SPRF-TO";"DEL01-TO";"UOP01-DEL01-TO"
279799;2020-04-14;"terça-feira";"13:00:00";"SC";101;117;"ITAJAI";"Falta de Atenção à Condução";"Colisão lateral";"Com Vítimas Feridas";"Pleno dia";"Decrescente";"Sol";"Múltipla";"Reta";"Sim";3;0;1;0;1;1;1;3;-26,88747187;-48,72252969;"SPRF-SC";"DEL04-SC";"UOP04-DEL04-SC"
279800;2020-04-14;"terça-feira";"13:20:00";"PB";101;88,9;"JOAO PESSOA";"Desobediência às normas de trânsito pelo condutor";"Colisão traseira";"Com Vítimas Feridas";"Pleno dia";"Crescente";"Céu Claro";"Dupla";"Reta";"Sim";4;0;1;0;1;2;1;4;-7,16470016;-34,89993643;"SPRF-PB";"DEL01-PB";"UOP01-DEL01-PB"
279801;2020-04-14;"terça-feira";"13:15:00";"BA";101;507,5;"ITABUNA";"Desobediência às normas de trânsito pelo condutor";"Colisão lateral";"Sem Vítimas";"Pleno dia";"Decrescente";"Chuva";"Simples";"Reta";"Sim";2;0;0;0;2;0;0;2;-14,96379924;-39,31343385;"SPRF-BA";"DEL05-BA";"UOP01-DEL05-BA"
279809;2020-04-14;"terça-feira";"12:00:00";"SC";101;395,8;"CRICIUMA";"Desobediência às normas de trânsito pelo condutor";"Colisão traseira";"Com Vítimas Feridas";"Pleno dia";"Decrescente";"Céu Claro";"Dupla";"Reta;Aclive";"Não";2;0;0;1;1;0;1;2;-28,81906377;-49,39678117;"SPRF-SC";"DEL02-SC";"UOP02-DEL02-SC"
279810;2020-04-14;"terça-feira";"13:50:00";"MT";364;464;"ROSARIO OESTE";"Pista Escorregadia";"Colisão frontal";"Com Vítimas Feridas";"Pleno dia";"Crescente";"Chuva";"Simples";"Curva;Ponte";"Não";3;0;0;2;0;5;2;7;-15;-56;"SPRF-MT";"DEL01-MT";"UOP02-DEL01-MT"
279811;2020-04-14;"terça-feira";"10:30:00";"PA";222;215;"BOM JESUS DO TOCANTINS";"Pista Escorregadia";"Colisão frontal";"Com Vítimas Feridas";"Pleno dia";"Crescente";"Chuva";"Simples";"Reta";"Não";5;0;3;0;1;1;3;3;-5,16771147;-48,93806219;"SPRF-PA";"DEL03-PA";"UOP01-DEL03-PA"
279813;2020-01-10;"sexta-feira";"03:40:00";"PI";343;244,9;"CAMPO MAIOR";"Restrição de Visibilidade";"Colisão traseira";"Com Vítimas Feridas";"Plena Noite";"Crescente";"Chuva";"Simples";"Reta";"Não";3;0;0;1;2;0;1;2;-4,678555;-42,079998;"SPRF-PI";"DEL01-PI";"UOP03-DEL01-PI"
279815;2020-04-14;"terça-feira";"15:40:00";"RJ";101;177;"RIO DAS OSTRAS";"Defeito Mecânico no Veículo";"Incêndio";"Sem Vítimas";"Pleno dia";"Crescente";"Céu Claro";"Simples";"Reta";"Não";2;0;0;0;1;1;0;2;-22,38696304;-41,98541396;"SPRF-RJ";"DEL08-RJ";"UOP04-DEL08-RJ"
279846;2020-04-14;"terça-feira";"11:45:00";"MA";230;80;"SAO JOAO DOS PATOS";"Falta de Atenção à Condução";"Tombamento";"Com Vítimas Feridas";"Pleno dia";"Decrescente";"Céu Claro";"Simples";"Curva";"Não";2;0;1;0;0;2;1;3;-6,48964221;-43,59718323;"SPRF-PI";"DEL03-PI";"UOP01-DEL03-PI"
279848;2020-04-14;"terça-feira";"18:25:00";"RJ";116;222,4;"PIRAI";"Condutor Dormindo";"Colisão traseira";"Com Vítimas Feridas";"Plena Noite";"Crescente";"Nublado";"Simples";"Reta";"Não";3;0;1;0;1;1;1;3;-22,6896952;-43,79175108;"SPRF-RJ";"DEL07-RJ";"UOP01-DEL07-RJ"
279858;2020-04-14;"terça-feira";"17:10:00";"MG";40;525;"CONTAGEM";"Falta de Atenção do Pedestre";"Atropelamento de Pedestre";"Com Vítimas Feridas";"Pleno dia";"Decrescente";"Céu Claro";"Dupla";"Reta";"Sim";5;0;0;1;1;3;1;4;-19,88361702;-44,05039336;"SPRF-MG";"DEL01-MG";"UOP02-DEL01-MG"
279867;2020-04-14;"terça-feira";"22:20:00";"ES";101;361;"ANCHIETA";"Velocidade Incompatível";"Tombamento";"Com Vítimas Feridas";"Plena Noite";"Crescente";"Céu Claro";"Simples";"Curva";"Não";1;0;1;0;0;0;1;1;-20,71074392;-40,72242606;"SPRF-ES";"DEL03-ES";"UOP01-DEL03-ES"
279881;2020-04-15;"quarta-feira";"06:00:00";"SP";116;103,4;"PINDAMONHANGABA";"Condutor Dormindo";"Saída de leito carroçável";"Com Vítimas Feridas";"Amanhecer";"Crescente";"Nublado";"Dupla";"Reta;Aclive";"Não";1;0;1;0;0;0;1;1;-22,99919465;-45,49788917;"SPRF-SP";"DEL06-SP";"UOP01-DEL06-SP"
279883;2020-04-15;"quarta-feira";"06:50:00";"CE";116;23;"ITAITINGA";"Desobediência às normas de trânsito pelo condutor";"Saída de leito carroçável";"Com Vítimas Feridas";"Pleno dia";"Decrescente";"Chuva";"Dupla";"Reta";"Sim";4;0;2;0;1;1;2;3;-3,94905489;-38,51212845;"SPRF-CE";"DEL01-CE";"UOP02-DEL01-CE"
279884;2020-04-15;"quarta-feira";"07:20:00";"SC";101;120;"ITAJAI";"Falta de Atenção à Condução";"Colisão lateral";"Com Vítimas Feridas";"Pleno dia";"Crescente";"Sol";"Múltipla";"Reta";"Sim";4;0;0;1;2;1;1;4;-26,912758;-48,711998;"SPRF-SC";"DEL04-SC";"UOP04-DEL04-SC"
279885;2020-04-15;"quarta-feira";"05:47:00";"PR";476;242,1;"LAPA";"Velocidade Incompatível";"Tombamento";"Com Vítimas Feridas";"Amanhecer";"Decrescente";"Céu Claro";"Simples";"Curva";"Não";2;0;1;0;0;2;1;3;-25,858768;-50,08609;"SPRF-PR";"DEL02-PR";"UOP04-DEL02-PR"
279886;2020-04-15;"quarta-feira";"06:50:00";"RJ";116;235,9;"PIRAI";"Velocidade Incompatível";"Colisão com objeto estático";"Com Vítimas Fatais";"Pleno dia";"Crescente";"Céu Claro";"Simples";"Curva";"Sim";2;1;1;0;0;0;1;1;-22,66934677;-43,85528603;"SPRF-RJ";"DEL07-RJ";"UOP01-DEL07-RJ"
279887;2020-04-15;"quarta-feira";"06:40:00";"CE";222;20,1;"CAUCAIA";"Carga excessiva e/ou mal acondicionada";"Tombamento";"Com Vítimas Feridas";"Pleno dia";"Crescente";"Céu Claro";"Simples";"Rotatória";"Sim";2;0;1;0;0;2;1;3;-3,73617708;-38,74410152;"SPRF-CE";"DEL01-CE";"UOP01-DEL01-CE"
279888;2020-04-15;"quarta-feira";"06:45:00";"BA";116;736;"BOA NOVA";"Falta de Atenção à Condução";"Tombamento";"Sem Vítimas";"Pleno dia";"Decrescente";"Céu Claro";"Simples";"Curva";"Não";1;0;0;0;1;0;0;1;-14,32130297;-40,32617043;"SPRF-BA";"DEL08-BA";"UOP02-DEL08-BA"
279893;2020-04-15;"quarta-feira";"09:00:00";"CE";20;417;"MARACANAU";"Falta de Atenção à Condução";"Colisão lateral";"Com Vítimas Feridas";"Pleno dia";"Crescente";"Céu Claro";"Dupla";"Reta";"Não";2;0;1;0;1;0;1;2;-3,76999035;-38,67006282;"SPRF-CE";"DEL01-CE";"UOP02-DEL01-CE"
279897;2020-04-15;"quarta-feira";"09:00:00";"RS";386;318,2;"MARQUES DE SOUZA";"Desobediência às normas de trânsito pelo condutor";"Colisão transversal";"Com Vítimas Feridas";"Pleno dia";"Crescente";"Sol";"Simples";"Aclive;Curva";"Não";2;0;1;0;1;0;1;2;-29,271801;-52,141438;"SPRF-RS";"DEL04-RS";"UOP01-DEL04-RS"