"id";"data_inversa";"dia_semana";"horario";"uf";"br";"km";"municipio";"causa_acidente";"tipo_acidente";"classificacao_acidente";"fase_dia";"sentido_via";"condicao_metereologica";"tipo_pista";"tracado_via";"uso_solo";"pessoas";"mortos";"feridos_leves";"feridos_graves";"ilesos";"ignorados";"feridos";"veiculos";"latitude";"longitude";"regional";"delegacia";"uop"
280156;2020-04-17;"sexta-feira";"02:40:00";"MG";251;315,6;"SALINAS";"Falta de Atenção à Condução";"Tombamento";"Com Vítimas Feridas";"Amanhecer";"Decrescente";"Nublado";"Simples";"Reta";"Não";1;0;1;0;0;0;1;1;-16,18178221;-42,3353017;"SPRF-MG";"DEL12-MG";"UOP01-DEL12-MG"
280158;2020-04-17;"sexta-feira";"06:40:00";"ES";101;298;"VIANA";"Falta de Atenção à Condução";"Colisão lateral";"Com Vítimas Feridas";"Pleno dia";"Decrescente";"Nublado";"Dupla";"Reta";"Não";2;0;0;1;1;0;1;2;-20,35503917;-40,41692387;"SPRF-ES";"DEL01-ES";"UOP01-DEL01-ES"
280165;2020-04-17;"sexta-feira";"07:35:00";"SC";101;206,5;"SAO JOSE";"Falta de Atenção à Condução";"Colisão lateral";"Com Vítimas Feridas";"Pleno dia";"Crescente";"Céu Claro";"Múltipla";"Reta";"Sim";5;0;1;0;3;1;1;5;-27,59193546;-48,61824557;"SPRF-SC";"DEL01-SC";"UOP01-DEL01-SC"
280167;2020-03-13;"sexta-feira";"14:50:00";"MT";158;761;"BARRA DO GARCAS";"Falta de Atenção à Condução";"Colisão traseira";"Com Vítimas Fatais";"Pleno dia";"Decrescente";"Céu Claro";"Simples";"Reta";"Não";3;1;0;0;1;1;0;3;-15,588749;-52,20623933;"SPRF-MT";"DEL07-MT";"UOP01-DEL07-MT"
280177;2020-04-17;"sexta-feira";"08:30:00";"MS";163;117;"NAVIRAI";"Falta de Atenção à Condução";"Colisão transversal";"Com Vítimas Feridas";"Pleno dia";"Crescente";"Céu Claro";"Simples";"Interseção de Vias";"Não";3;0;1;0;1;1;1;3;-23,13474276;-54,19685366;"SPRF-MS";"DEL09-MS";"UOP01-DEL09-MS"
280180;2020-04-17;"sexta-feira";"07:24:00";"RS";116;91;"CAMPESTRE DA SERRA";"Defeito Mecânico no Veículo";"Tombamento";"Com Vítimas Fatais";"Pleno dia";"Crescente";"Céu Claro";"Simples";"Curva";"Não";2;1;1;0;0;0;1;1;-28,86918963;-51,11955903;"SPRF-RS";"DEL05-RS";"UOP03-DEL05-RS"
280181;2020-04-17;"sexta-feira";"09:30:00";"SE";235;16;"NOSSA SENHORA DO SOCORRO";"Ultrapassagem Indevida";"Colisão frontal";"Com Vítimas Fatais";"Pleno dia";"Crescente";"Nublado";"Simples";"Curva";"Não";4;2;1;0;0;1;1;2;-10,852552;-37,192886;"SPRF-SE";"DEL01-SE";"UOP02-DEL01-SE"
280182;2020-04-16;"quinta-feira";"20:40:00";"MT";70;576;"NOSSA SENHORA DO LIVRAMENTO";"Defeito Mecânico no Veículo";"Incêndio";"Sem Vítimas";"Plena Noite";"Decrescente";"Céu Claro";"Simples";"Reta";"Não";2;0;0;0;1;2;0;3;-15,73797552;-56,53396571;"SPRF-MT";"DEL03-MT";"UOP02-DEL03-MT"
280185;2020-04-17;"sexta-feira";"09:55:00";"MG";40;555,8;"NOVA LIMA";"Não guardar distância de segurança";"Colisão traseira";"Sem Vítimas";"Pleno dia";"Decrescente";"Nublado";"Múltipla";"Reta";"Sim";3;0;0;0;2;1;0;3;-20,08472706;-43,97697012;"SPRF-MG";"DEL01-MG";"UOP02-DEL01-MG"
280189;2020-04-17;"sexta-feira";"10:00:00";"RJ";101;190,5;"CASIMIRO DE ABREU";"Pista Escorregadia";"Capotamento";"Com Vítimas Feridas";"Pleno dia";"Decrescente";"Chuva";"Dupla";"Reta";"Não";4;0;2;1;1;0;3;3;-22,46340846;-42,0658817;"SPRF-RJ";"DEL08-RJ";"UOP04-DEL08-RJ"
280191;2020-04-17;"sexta-feira";"08:00:00";"SP";116;543,4;"BARRA DO TURVO";"Falta de Atenção à Condução";"Tombamento";"Sem Vítimas";"Pleno dia";"Decrescente";"Céu Claro";"Simples";"Curva;Declive";"Não";2;0;0;0;1;1;0;2;-24,96228975;-48,41383577;"SPRF-SP";"DEL05-SP";"UOP02-DEL05-SP"
280192;2020-04-17;"sexta-feira";"10:35:00";"SC";101;341,4;"TUBARAO";"Desobediência às normas de trânsito pelo condutor";"Colisão transversal";"Com Vítimas Feridas";"Pleno dia";"Crescente";"Nublado";"Simples";"Viaduto";"Não";2;0;2;0;0;0;2;2;-28,50999405;-49,05070686;"SPRF-SC";"DEL02-SC";"UOP01-DEL02-SC"
280194;2020-04-17;"sexta-feira";"11:30:00";"PI";316;317,8;"PICOS";"Desobediência às normas de trânsito pelo condutor";"Colisão transversal";"Com Vítimas Feridas";"Pleno dia";"Crescente";"Céu Claro";"Simples";"Reta";"Sim";2;0;1;0;1;0;1;2;-7,08798827;-41,40092011;"SPRF-PI";"DEL04-PI";"UOP01-DEL04-PI"
280198;2020-04-17;"sexta-feira";"11:15:00";"MG";40;375,9;"CURVELO";"Desobediência às normas de trânsito pelo condutor";"Tombamento";"Com Vítimas Feridas";"Pleno dia";"Crescente";"Sol";"Simples";"Reta";"Não";2;0;1;0;0;2;1;3;-18,84931222;-44,75943022;"SPRF-MG";"DEL02-MG";"UOP01-DEL02-MG"
280199;2020-04-17;"sexta-feira";"09:00:00";"GO";364;322;"PORTELANDIA";"Defeito na Via";"Tombamento";"Sem Vítimas";"Pleno dia";"Crescente";"Céu Claro";"Simples";"Declive";"Não";3;0;0;0;2;1;0;2;-17,40715;-52,644875;"SPRF-GO";"DEL05-GO";"UOP01-DEL05-GO"
280200;2020-04-17;"sexta-feira";"11:30:00";"SP";381;36;"ATIBAIA";"Velocidade Incompatível";"Tombamento";"Sem Vítimas";"Pleno dia";"Decrescente";"Céu Claro";"Dupla";"Curva";"Não";2;0;0;0;1;1;0;2;-23,09707232;-46,57180706;"SPRF-SP";"DEL03-SP";"UOP01-DEL03-SP"
280205;2020-04-17;"sexta-feira";"12:20:00";"RJ";40;109;"DUQUE DE CAXIAS";"Falta de Atenção à Condução";"Tombamento";"Com Vítimas Feridas";"Pleno dia";"Crescente";"Nublado";"Múltipla";"Retorno Regulamentado";"Sim";2;0;1;0;0;1;1;2;-22,67374628;-43,28638368;"SPRF-RJ";"DEL01-RJ";"UOP01-DEL01-RJ"
280207;2020-04-17;"sexta-feira";"12:40:00";"BA";116;493,6;"RAFAEL JAMBEIRO";"Velocidade Incompatível";"Saída de leito carroçável";"Com Vítimas Feridas";"Pleno dia";"Decrescente";"Nublado";"Simples";"Reta";"Não";1;0;1;0;0;0;1;1;-12,57899923;-39,51072407;"SPRF-BA";"DEL02-BA";"UOP01-DEL02-BA"
280211;2020-04-17;"sexta-feira";"13:35:00";"ES";101;213,2;"IBIRACU";"Ingestão de Álcool";"Atropelamento de Pedestre";"Com Vítimas Feridas";"Pleno dia";"Decrescente";"Nublado";"Simples";"Reta";"Sim";3;0;1;0;1;1;1;3;-19,82352998;-40,36981894;"SPRF-ES";"DEL02-ES";"UOP01-DEL02-ES"
280212;2020-04-17;"sexta-feira";"11:30:00";"RS";392;661;"CERRO LARGO";"Velocidade Incompatível";"Tombamento";"Sem Vítimas";"Pleno dia";"Decrescente";"Céu Claro";"Simples";"Rotatória";"Sim";2;0;0;0;1;2;0;3;-28,12460369;-54,7241091;"SPRF-RS";"DEL10-RS";"UOP01-DEL10-RS"
280216;2020-04-17;"sexta-feira";"13:30:00";"BA";101;104;"ALAGOINHAS";"Falta de Atenção do Pedestre";"Atropelamento de Pedestre";"Com Vítimas Fatais";"Pleno dia";"Decrescente";"Sol";"Simples";"Reta";"Não";2;1;0;0;1;0;0;2;-12,15963868;-38,41162324;"SPRF-BA";"DEL01-BA";"UOP04-DEL01-BA"
280220;2020-03-26;"quinta-feira";"10:15:00";"RS";285;460,2;"IJUI";"Falta de Atenção à Condução";"Colisão transversal";"Com Vítimas Feridas";"Pleno dia";"Crescente";"Sol";"Simples";"Interseção de Vias";"Sim";3;0;1;1;1;0;2;2;-28,41868634;-53,91700029;"SPRF-RS";"DEL10-RS";"UOP01-DEL10-RS"
280224;2020-04-17;"sexta-feira";"14:45:00";"PR";280;286;"FLOR DA SERRA DO SUL";"Desobediência às normas de trânsito pelo condutor";"Colisão traseira";"Com Vítimas Feridas";"Pleno dia";"Crescente";"Céu Claro";"Simples";"Reta";"Sim";2;0;0;1;1;0;1;2;-26,24620085;-53,27606088;"SPRF-PR";"DEL02-PR";"UOP01-DEL02-PR"
280228;2020-04-17;"sexta-feira";"09:05:00";"MS";60;16,6;"CHAPADAO DO SUL";"Não guardar distância de segurança";"Colisão traseira";"Sem Vítimas";"Pleno dia";"Crescente";"Céu Claro";"Simples";"Reta";"Não";3;0;0;0;2;2;0;4;-18,82095476;-52,6711913;"SPRF-MS";"DEL08-MS";"UOP01-DEL08-MS"
280230;2020-04-17;"sexta-feira";"09:00:00";"MT";364;312;"JACIARA";"Falta de Atenção à Condução";"Tombamento";"Sem Vítimas";"Pleno dia";"Decrescente";"Céu Claro";"Dupla";"Reta";"Não";4;0;0;0;1;3;0;4;-15,81141377;-55,25848389;"SPRF-MT";"DEL05-MT";"UOP02-DEL05-MT"
280238;2020-04-17;"sexta-feira";"15:45:00";"RS";285;271;"MATO CASTELHANO";"Desobediência às normas de trânsito pelo condutor";"Colisão transversal";"Sem Vítimas";"Pleno dia";"Decrescente";"Céu Claro";"Simples";"Reta";"Não";2;0;0;0;2;0;0;2;-28,282991;-52,177471;"SPRF-RS";"DEL08-RS";"UOP03-DEL08-RS"
280239;2020-04-17;"sexta-feira";"16:20:00";"PR";369;489,5;"CORBELIA";"Falta de Atenção à Condução";"Colisão lateral";"Com Vítimas Feridas";"Pleno dia";"Crescente";"Céu Claro";"Simples";"Reta";"Não";4;0;2;0;2;0;2;2;-24,7076;-53,2396;"SPRF-PR";"DEL04-PR";"UOP03-DEL04-PR"
280241;2020-04-17;"sexta-feira";"14:50:00";"SC";470;16,5;"ILHOTA";"Falta de Atenção à Condução";"Colisão frontal";"Com Vítimas Feridas";"Pleno dia";"Decrescente";"Sol";"Simples";"Reta";"Não";3;0;1;0;2;0;1;3;-26,843019;-48,794434;"SPRF-SC";"DEL04-SC";"UOP04-DEL04-SC"
280252;2020-04-17;"sexta-feira";"16:40:00";"PI";316;18,8;"TERESINA";"Falta de Atenção à Condução";"Colisão frontal";"Com Vítimas Fatais";"Pleno dia";"Crescente";"Céu Claro";"Simples";"Reta";"Não";4;1;0;1;2;0;1;2;-5,24477179;-42,73465177;"SPRF-PI";"DEL01-PI";"UOP02-DEL01-PI"
280258;2020-04-17;"sexta-feira";"15:16:00";"MG";364;30;"FRUTAL";"Falta de Atenção à Condução";"Tombamento";"Com Vítimas Feridas";"Pleno dia";"Decrescente";"Céu Claro";"Simples";"Reta";"Não";5;0;1;0;2;3;1;6;-20,01209;-48,92272;"SPRF-MG";"DEL13-MG";"UOP02-DEL13-MG"
280261;2020-04-17;"sexta-feira";"19:00:00";"RS";386;21,7;"FREDERICO WESTPHALEN";"Ingestão de Álcool";"Colisão lateral";"Com Vítimas Feridas";"Plena Noite";"Crescente";"Céu Claro";"Simples";"Curva";"Não";4;0;0;2;1;2;2;4;-27,270937;-53,347481;"SPRF-RS";"DEL08-RS";"UOP02-DEL08-RS"
280262;2020-04-17;"sexta-feira";"18:30:00";"ES";101;395;"RIO NOVO DO SUL";"Falta de Atenção à Condução";"Colisão transversal";"Com Vítimas Feridas";"Plena Noite";"Crescente";"Chuva";"Simples";"Curva";"Não";4;0;1;0;3;0;1;2;-20,86594262;-40,93257592;"SPRF-ES";"DEL03-ES";"UOP02-DEL03-ES"
280265;2020-04-17;"sexta-feira";"18:40:00";"SP";116;145,8;"SAO JOSE DOS CAMPOS";"Defeito Mecânico no Veículo";"Colisão traseira";"Sem Vítimas";"Anoitecer";"Decrescente";"Céu Claro";"Dupla";"Reta";"Sim";3;0;0;0;3;0;0;3;-23,1869844;-45,8548078;"SPRF-SP";"DEL02-SP";"UOP01-DEL02-SP"
280272;2020-04-17;"sexta-feira";"19:15:00";"RJ";40;22;"TRES RIOS";"Desobediência às normas de trânsito pelo condutor";"Colisão lateral";"Sem Vítimas";"Plena Noite";"Decrescente";"Ignorado";"Dupla";"Curva";"Não";4;0;0;0;3;1;0;3;-22,12244792;-43,1568498;"SPRF-RJ";"DEL05-RJ";"UOP02-DEL05-RJ"
280273;2020-04-17;"sexta-feira";"14:45:00";"SC";470;280,9;"BRUNOPOLIS";"Falta de Atenção à Condução";"Colisão frontal";"Com Vítimas Feridas";"Pleno dia";"Decrescente";"Sol";"Simples";"Curva";"Não";3;0;1;1;1;0;2;2;-27,335914;-50,876206;"SPRF-SC";"DEL07-SC";"UOP06-DEL07-SC"
280282;2020-04-17;"sexta-feira";"20:00:00";"PR";163;185,2;"SANTA TEREZA DO OESTE";"Velocidade Incompatível";"Colisão traseira";"Com Vítimas Feridas";"Plena Noite";"Crescente";"Céu Claro";"Dupla";"Curva";"Não";2;0;1;0;1;0;1;2;-25,13565591;-53,58359882;"SPRF-PR";"DEL05-PR";"UOP05-DEL05-PR"
280285;2020-04-17;"sexta-feira";"20:00:00";"RO";364;236,6;"CACOAL";"Não guardar distância de segurança";"Colisão traseira";"Com Vítimas Feridas";"Plena Noite";"Crescente";"Céu Claro";"Simples";"Reta";"Sim";3;0;1;0;1;2;1;4;-11,44375886;-61,44531012;"SPRF-RO";"DEL02-RO";"UOP02-DEL02-RO"
280287;2020-04-17;"sexta-feira";"19:00:00";"TO";153;149;"ARAGUAINA";"Velocidade Incompatível";"Colisão lateral";"Com Vítimas Feridas";"Anoitecer";"Crescente";"Chuva";"Simples";"Reta";"Sim";4;0;1;0;2;1;1;3;-7,239191;-48,254288;"SPRF-TO";"DEL02-TO";"UOP01-DEL02-TO"
280288;2020-04-17;"sexta-feira";"16:30:00";"MT";163;669;"LUCAS DO RIO VERDE";"Falta de Atenção à Condução";"Colisão frontal";"Com Vítimas Feridas";"Pleno dia";"Crescente";"Chuva";"Simples";"Reta";"Não";3;0;0;1;1;2;1;4;-13,33146783;-56,05150838;"SPRF-MT";"DEL06-MT";"UOP01-DEL06-MT"
280292;2020-04-17;"sexta-feira";"21:50:00";"PE";101;65,4;"RECIFE";"Falta de Atenção à Condução";"Colisão traseira";"Com Vítimas Feridas";"Plena Noite";"Decrescente";"Céu Claro";"Múltipla";"Reta";"Sim";2;0;1;0;1;0;1;2;-8,02478597;-34,94276635;"SPRF-PE";"DEL01-PE";"UOP01-DEL01-PE"
280294;2020-04-17;"sexta-feira";"21:10:00";"GO";452;135,8;"BOM JESUS DE GOIAS";"Desobediência às normas de trânsito pelo condutor";"Colisão frontal";"Com Vítimas Fatais";"Plena Noite";"Decrescente";"Nublado";"Simples";"Reta";"Não";4;1;0;0;2;1;0;3;-18,22911696;-49,73292947;"SPRF-GO";"DEL03-GO";"UOP02-DEL03-GO"
280297;2020-04-17;"sexta-feira";"20:50:00";"RJ";393;285,5;"VOLTA REDONDA";"Falta de Atenção à Condução";"Colisão transversal";"Sem Vítimas";"Plena Noite";"Decrescente";"Nublado";"Dupla";"Curva";"Sim";2;0;0;0;2;0;0;2;-22,481726;-44,06308602;"SPRF-RJ";"DEL05-RJ";"UOP04-DEL05-RJ"
280298;2020-04-17;"sexta-feira";"21:50:00";"MT";163;810;"VERA";"Desobediência às normas de trânsito pelo condutor";"Colisão lateral";"Com Vítimas Fatais";"Plena Noite";"Crescente";"Céu Claro";"Simples";"Reta";"Não";3;1;0;0;1;1;0;3;-12,20470384;-55,53770951;"SPRF-MT";"DEL06-MT";"UOP01-DEL06-MT"
280306;2020-04-18;"sábado";"01:30:00";"SP";116;548;"BARRA DO TURVO";"Velocidade Incompatível";"Tombamento";"Com Vítimas Feridas";"Plena Noite";"Crescente";"Nevoeiro/Neblina";"Simples";"Curva";"Não";2;0;1;0;1;0;1;1;-24,9537;-48,450844;"SPRF-SP";"DEL05-SP";"UOP02-DEL05-SP"
280307;2020-04-17;"sexta-feira";"21:00:00";"SC";470;204,1;"PONTE ALTA";"Velocidade Incompatível";"Tombamento";"Com Vítimas Feridas";"Plena Noite";"Crescente";"Céu Claro";"Simples";"Aclive";"Não";1;0;1;0;0;0;1;1;-27,289373;-50,166328;"SPRF-SC";"DEL05-SC";"UOP03-DEL05-SC"
280315;2020-04-18;"sábado";"04:55:00";"MG";381;680,4;"RIBEIRAO VERMELHO";"Falta de Atenção à Condução";"Saída de leito carroçável";"Com Vítimas Feridas";"Plena Noite";"Decrescente";"Céu Claro";"Dupla";"Reta;Aclive";"Não";3;0;2;0;0;1;2;2;-21,12938436;-45,10120913;"SPRF-MG";"DEL04-MG";"UOP02-DEL04-MG"
280319;2020-04-18;"sábado";"01:00:00";"BA";101;888,2;"NOVA VICOSA";"Condutor Dormindo";"Tombamento";"Com Vítimas Feridas";"Plena Noite";"Crescente";"Chuva";"Simples";"Curva";"Não";1;0;1;0;0;0;1;1;-17,82806596;-39,7960622;"SPRF-BA";"DEL09-BA";"UOP02-DEL09-BA"
280320;2020-04-18;"sábado";"06:50:00";"PR";277;578,2;"CASCAVEL";"Falta de Atenção à Condução";"Colisão frontal";"Com Vítimas Fatais";"Amanhecer";"Crescente";"Céu Claro";"Simples";"Reta";"Não";2;1;1;0;0;0;1;2;-24,98385591;-53,34955899;"SPRF-PR";"DEL04-PR";"UOP01-DEL04-PR"
280327;2020-04-18;"sábado";"03:20:00";"MG";365;580,5;"INDIANOPOLIS";"Defeito Mecânico no Veículo";"Incêndio";"Sem Vítimas";"Plena Noite";"Crescente";"Céu Claro";"Simples";"Reta";"Não";1;0;0;0;1;0;0;1;-18,87417828;-47,95534008;"SPRF-MG";"DEL15-MG";"UOP02-DEL15-MG"
280328;2020-04-18;"sábado";"05:30:00";"SP";116;359,5;"MIRACATU";"Velocidade Incompatível";"Tombamento";"Sem Vítimas";"Amanhecer";"Decrescente";"Ignorado";"Múltipla";"Aclive;Curva";"Não";2;0;0;0;1;1;0;2;-24,10958509;-47,26914883;"SPRF-SP";"DEL04-SP";"UOP02-DEL04-SP"
280329;2020-04-18;"sábado";"07:20:00";"MG";381;925,8;"ITAPEVA";"Velocidade Incompatível";"Tombamento";"Com Vítimas Feridas";"Amanhecer";"Decrescente";"Nublado";"Dupla";"Declive;Curva";"Não";2;0;1;0;0;1;1;2;-22,777207;-46,23911301;"SPRF-MG";"DEL16-MG";"UOP03-DEL16-MG"
280330;2020-04-18;"sábado";"06:45:00";"PR";376;308,7;"MAUA DA SERRA";"Velocidade Incompatível";"Tombamento";"Com Vítimas Feridas";"Pleno dia";"Decrescente";"Céu Claro";"Simples";"Curva;Declive";"Não";2;0;1;0;0;2;1;3;-23,97857518;-51,09540715;"SPRF-PR";"DEL07-PR";"UOP02-DEL07-PR"
280333;2020-04-18;"sábado";"08:10:00";"MG";40;623,7;"CONSELHEIRO LAFAIETE";"Desobediência às normas de trânsito pelo condutor";"Saída de leito carroçável";"Com Vítimas Feridas";"Pleno dia";"Decrescente";"Nublado";"Simples";"Reta;Declive";"Não";2;0;0;1;0;1;1;2;-20,60236514;-43,80699874;"SPRF-MG";"DEL05-MG";"UOP02-DEL05-MG"
280341;2020-04-18;"sábado";"10:00:00";"GO";80;3,8;"PADRE BERNARDO";"Velocidade Incompatível";"Tombamento";"Com Vítimas Feridas";"Pleno dia";"Crescente";"Nublado";"Simples";"Declive";"Não";2;0;1;0;0;1;1;2;-15,50047;-48,220239;"SPRF-DF";"DEL03-DF";"UOP02-DEL03-DF"
280345;2020-04-18;"sábado";"09:50:00";"MA";135;165,5;"SAO MATEUS DO MARANHAO";"Objeto estático sobre o leito carroçável";"Colisão com objeto em movimento";"Com Vítimas Feridas";"Pleno dia";"Decrescente";"Nublado";"Simples";"Reta";"Não";1;0;1;0;0;0;1;1;-3,88828099;-44,48777698;"SPRF-MA";"DEL01-MA";"UOP02-DEL01-MA"
280347;2020-04-18;"sábado";"10:20:00";"MT";364;259;"JUSCIMEIRA";"Falta de Atenção à Condução";"Colisão transversal";"Com Vítimas Feridas";"Pleno dia";"Decrescente";"Céu Claro";"Simples";"Reta";"Sim";4;0;2;0;1;2;2;4;-16,04830616;-54,88713632;"SPRF-MT";"DEL02-MT";"UOP01-DEL02-MT"
280349;2020-04-18;"sábado";"10:35:00";"MT";364;251,6;"JUSCIMEIRA";"Falta de Atenção à Condução";"Colisão lateral";"Com Vítimas Feridas";"Pleno dia";"Decrescente";"Sol";"Dupla";"Reta";"Não";6;0;3;0;2;5;3;7;-16,11396214;-54,85939336;"SPRF-MT";"DEL02-MT";"UOP01-DEL02-MT"
280360;2020-04-18;"sábado";"11:20:00";"SC";282;385,5;"JOACABA";"Defeito Mecânico no Veículo";"Tombamento";"Com Vítimas Feridas";"Pleno dia";"Decrescente";"Céu Claro";"Simples";"Curva";"Não";1;0;1;0;0;0;1;1;-27,194431;-51,515869;"SPRF-SC";"DEL07-SC";"UOP05-DEL07-SC"
280381;2020-04-18;"sábado";"15:30:00";"SC";101;57,9;"ARAQUARI";"Condutor Dormindo";"Saída de leito carroçável";"Com Vítimas Feridas";"Pleno dia";"Crescente";"Sol";"Dupla";"Curva";"Não";2;0;1;0;0;1;1;2;-26,43646093;-48,81113029;"SPRF-SC";"DEL03-SC";"UOP01-DEL03-SC"
280382;2020-04-18;"sábado";"16:18:00";"SC";470;100;"APIUNA";"Mal Súbito";"Colisão frontal";"Com Vítimas Fatais";"Pleno dia";"Decrescente";"Céu Claro";"Simples";"Curva";"Não";3;1;0;0;1;2;0;4;-27,045143;-49,394142;"SPRF-SC";"DEL04-SC";"UOP02-DEL04-SC"
280385;2020-04-18;"sábado";"16:25:00";"MA";135;5;"SAO LUIS";"Falta de Atenção à Condução";"Colisão transversal";"Com Vítimas Feridas";"Pleno dia";"Crescente";"Nublado";"Dupla";"Retorno Regulamentado";"Sim";4;0;1;1;1;1;2;3;-2,62145385;-44,25797421;"SPRF-MA";"DEL01-MA";"UOP01-DEL01-MA"
280386;2020-04-18;"sábado";"16:20:00";"PA";316;40;"SANTA IZABEL DO PARA";"Falta de Atenção à Condução";"Queda de ocupante de veículo";"Com Vítimas Feridas";"Pleno dia";"Decrescente";"Céu Claro";"Dupla";"Reta";"Não";1;0;1;0;0;0;1;1;-1,2795637;-48,12243407;"SPRF-PA";"DEL01-PA";"UOP01-DEL01-PA"
280391;2020-04-18;"sábado";"16:30:00";"GO";60;101,2;"ANAPOLIS";"Desobediência às normas de trânsito pelo condutor";"Colisão transversal";"Sem Vítimas";"Pleno dia";"Decrescente";"Nublado";"Dupla";"Reta;Retorno Regulamentado";"Sim";2;0;0;0;2;0;0;2;-16,4022;-48,9745;"SPRF-GO";"DEL02-GO";"UOP01-DEL02-GO"
280392;2020-04-18;"sábado";"15:35:00";"RJ";116;220,4;"PIRAI";"Defeito Mecânico no Veículo";"Tombamento";"Sem Vítimas";"Pleno dia";"Decrescente";"Céu Claro";"Simples";"Curva";"Não";2;0;0;0;1;1;0;2;-22,69305776;-43,77362606;"SPRF-RJ";"DEL07-RJ";"UOP01-DEL07-RJ"
280393;2020-04-18;"sábado";"16:58:00";"PA";230;117;"MARABA";"Desobediência às normas de trânsito pelo condutor";"Colisão lateral";"Com Vítimas Feridas";"Pleno dia";"Decrescente";"Céu Claro";"Dupla";"Reta;Interseção de Vias";"Sim";4;0;1;1;2;0;2;3;-5,35569904;-49,09047302;"SPRF-PA";"DEL03-PA";"UOP01-DEL03-PA"
280399;2020-04-18;"sábado";"16:10:00";"MG";267;263,1;"AIURUOCA";"Velocidade Incompatível";"Tombamento";"Com Vítimas Feridas";"Pleno dia";"Decrescente";"Céu Claro";"Simples";"Curva";"Não";2;0;1;0;0;1;1;2;-21,93458245;-44,57561505;"SPRF-MG";"DEL17-MG";"UOP01-DEL17-MG"
280407;2020-04-18;"sábado";"18:00:00";"GO";364;254;"MINEIROS";"Ingestão de Álcool";"Colisão frontal";"Com Vítimas Feridas";"Plena Noite";"Crescente";"Chuva";"Simples";"Reta";"Não";3;0;1;0;1;1;1;3;-17,704662;-52,182632;"SPRF-GO";"DEL05-GO";"UOP01-DEL05-GO"
280408;2020-04-18;"sábado";"15:20:00";"RS";470;160;"NOVA PRATA";"Falta de Atenção à Condução";"Colisão transversal";"Com Vítimas Feridas";"Pleno dia";"Crescente";"Céu Claro";"Simples";"Interseção de Vias";"Não";4;0;0;1;3;0;1;2;-28,81066741;-51,60061401;"SPRF-RS";"DEL06-RS";"UOP02-DEL06-RS"
280416;2020-04-18;"sábado";"17:39:00";"MT";364;480;"JANGADA";"Falta de Atenção do Pedestre";"Atropelamento de Pedestre";"Com Vítimas Fatais";"Anoitecer";"Decrescente";"Céu Claro";"Simples";"Reta";"Não";2;1;0;0;1;0;0;2;-15,28233602;-56,43885613;"SPRF-MT";"DEL01-MT";"UOP02-DEL01-MT"
280433;2020-04-18;"sábado";"19:45:00";"SE";235;36,9;"AREIA BRANCA";"Ingestão de Álcool";"Colisão frontal";"Com Vítimas Fatais";"Plena Noite";"Crescente";"Nublado";"Simples";"Reta";"Não";4;3;0;0;1;0;0;2;-10,767558;-37,328533;"SPRF-SE";"DEL01-SE";"UOP02-DEL01-SE"
280435;2020-04-18;"sábado";"20:00:00";"PR";277;117,2;"CAMPO LARGO";"Falta de Atenção do Pedestre";"Atropelamento de Pedestre";"Com Vítimas Feridas";"Plena Noite";"Decrescente";"Nublado";"Dupla";"Reta";"Sim";2;0;0;1;1;0;1;2;-25,43598337;-49,52032283;"SPRF-PR";"DEL01-PR";"UOP03-DEL03-PR"
280437;2020-04-18;"sábado";"18:50:00";"SC";101;413;"ARARANGUA";"Falta de Atenção à Condução";"Colisão frontal";"Com Vítimas Feridas";"Anoitecer";"Crescente";"Céu Claro";"Simples";"Reta";"Sim";5;0;2;0;2;1;2;3;-28,94605997;-49,50428402;"SPRF-SC";"DEL02-SC";"UOP02-DEL02-SC"
280440;2020-04-18;"sábado";"19:00:00";"MT";364;499;"JANGADA";"Falta de Atenção à Condução";"Colisão lateral";"Com Vítimas Fatais";"Plena Noite";"Crescente";"Nublado";"Simples";"Reta";"Não";3;1;0;0;1;3;0;5;-15,25741521;-56,46186522;"SPRF-MT";"DEL01-MT";"UOP02-DEL01-MT"
280452;2020-04-18;"sábado";"19:20:00";"SP";381;12,7;"BRAGANCA PAULISTA";"Falta de Atenção à Condução";"Colisão traseira";"Com Vítimas Fatais";"Plena Noite";"Crescente";"Céu Claro";"Dupla";"Reta";"Não";4;2;0;0;1;1;0;3;-22,92855105;-46,46168398;"SPRF-SP";"DEL03-SP";"UOP01-DEL03-SP"
280453;2020-04-18;"sábado";"20:22:00";"MS";163;10;"MUNDO NOVO";"Falta de Atenção à Condução";"Colisão transversal";"Sem Vítimas";"Anoitecer";"Crescente";"Nublado";"Simples";"Reta";"Não";3;0;0;0;1;2;0;3;-23,97757201;-54,3310675;"SPRF-MS";"DEL09-MS";"UOP02-DEL09-MS"
280458;2020-04-18;"sábado";"22:15:00";"BA";324;302;"JACOBINA";"Velocidade Incompatível";"Colisão frontal";"Com Vítimas Feridas";"Plena Noite";"Decrescente";"Garoa/Chuvisco";"Simples";"Declive";"Não";3;0;0;1;1;1;1;3;-11,208954;-40,44984;"SPRF-BA";"DEL04-BA";"UOP02-DEL04-BA"
280464;2020-04-18;"sábado";"18:35:00";"MG";381;725,8;"CARMO DA CACHOEIRA";"Falta de Atenção à Condução";"Tombamento";"Sem Vítimas";"Anoitecer";"Decrescente";"Céu Claro";"Dupla";"Retorno Regulamentado";"Não";3;0;0;0;1;3;0;4;-21,50004573;-45,21358911;"SPRF-MG";"DEL04-MG";"UOP02-DEL04-MG"