"id";"data_inversa";"dia_semana";"horario";"uf";"br";"km";"municipio";"causa_acidente";"tipo_acidente";"classificacao_acidente";"fase_dia";"sentido_via";"condicao_metereologica";"tipo_pista";"tracado_via";"uso_solo";"pessoas";"mortos";"feridos_leves";"feridos_graves";"ilesos";"ignorados";"feridos";"veiculos";"latitude";"longitude";"regional";"delegacia";"uop"
280493;2020-04-19;"domingo";"02:20:00";"BA";116;616,2;"JAGUAQUARA";"Velocidade Incompatível";"Saída de leito carroçável";"Com Vítimas Feridas";"Plena Noite";"Decrescente";"Nublado";"Simples";"Reta";"Não";1;0;1;0;0;0;1;1;-13,330657;-40,01685833;"SPRF-BA";"DEL03-BA";"UOP01-DEL03-BA"
280505;2020-04-19;"domingo";"08:15:00";"PR";153;483,9;"PORTO VITORIA";"Falta de Atenção à Condução";"Colisão traseira";"Sem Vítimas";"Pleno dia";"Decrescente";"Nublado";"Dupla";"Interseção de Vias";"Não";5;0;0;0;4;1;0;3;-26,3133449;-51,2186433;"SPRF-PR";"DEL02-PR";"UOP03-DEL02-PR"
280512;2020-04-19;"domingo";"09:15:00";"AL";101;51,9;"FLEXEIRAS";"Velocidade Incompatível";"Tombamento";"Com Vítimas Feridas";"Pleno dia";"Crescente";"Céu Claro";"Dupla";"Curva";"Não";2;0;1;0;0;1;1;2;-9,241987;-35,760014;"SPRF-AL";"DEL01-AL";"UOP02-DEL01-AL"
280519;2020-04-19;"domingo";"11:15:00";"ES";101;248;"SERRA";"Desobediência às normas de trânsito pelo condutor";"Colisão frontal";"Com Vítimas Fatais";"Pleno dia";"Crescente";"Céu Claro";"Simples";"Declive";"Não";6;1;3;2;0;0;5;3;-20,06899842;-40,3614491;"SPRF-ES";"DEL02-ES";"UOP01-DEL02-ES"
280521;2020-04-19;"domingo";"11:45:00";"RS";153;9,5;"MARCELINO RAMOS";"Velocidade Incompatível";"Tombamento";"Com Vítimas Feridas";"Pleno dia";"Decrescente";"Céu Claro";"Simples";"Curva";"Não";2;0;1;0;0;1;1;2;-27,43145551;-52,03420784;"SPRF-RS";"DEL08-RS";"UOP04-DEL08-RS"
280536;2020-04-19;"domingo";"09:30:00";"PR";277;136,4;"BALSA NOVA";"Defeito Mecânico no Veículo";"Colisão com objeto em movimento";"Com Vítimas Feridas";"Pleno dia";"Crescente";"Céu Claro";"Dupla";"Reta";"Não";3;0;1;0;1;2;1;4;-25,47020496;-49,72517252;"SPRF-PR";"DEL01-PR";"UOP03-DEL03-PR"
280537;2020-04-19;"domingo";"09:45:00";"SC";101;99;"SAO BENTO DO SUL";"Pista Escorregadia";"Colisão frontal";"Com Vítimas Feridas";"Pleno dia";"Decrescente";"Garoa/Chuvisco";"Simples";"Curva";"Não";3;0;0;1;1;2;1;4;-26,38845875;-49,30246007;"SPRF-SC";"DEL03-SC";"UOP02-DEL03-SC"
280544;2020-04-19;"domingo";"14:35:00";"PR";116;90;"PIRAQUARA";"Falta de Atenção à Condução";"Colisão traseira";"Com Vítimas Feridas";"Pleno dia";"Crescente";"Céu Claro";"Dupla";"Reta";"Não";3;0;0;1;1;2;1;4;-25,49069898;-49,11231995;"SPRF-PR";"DEL01-PR";"UOP01-DEL01-PR"
280565;2020-04-19;"domingo";"15:40:00";"MG";354;711,3;"CAXAMBU";"Velocidade Incompatível";"Saída de leito carroçável";"Com Vítimas Feridas";"Pleno dia";"Crescente";"Céu Claro";"Simples";"Curva";"Não";2;0;1;0;0;1;1;2;-22,040982;-44,92735;"SPRF-MG";"DEL17-MG";"UOP01-DEL17-MG"
280583;2020-04-19;"domingo";"18:30:00";"MG";381;635;"SANTO ANTONIO DO AMPARO";"Velocidade Incompatível";"Tombamento";"Com Vítimas Feridas";"Plena Noite";"Crescente";"Nublado";"Dupla";"Curva";"Não";4;0;2;0;0;3;2;4;-20,88278809;-44,85183046;"SPRF-MG";"DEL04-MG";"UOP01-DEL04-MG"
280591;2020-04-19;"domingo";"20:00:00";"MG";381;855;"POUSO ALEGRE";"Falta de Atenção à Condução";"Colisão traseira";"Com Vítimas Feridas";"Plena Noite";"Crescente";"Céu Claro";"Dupla";"Reta";"Sim";35;0;31;2;1;2;33;4;-22,26702202;-45,89147156;"SPRF-MG";"DEL16-MG";"UOP01-DEL16-MG"
280596;2020-04-19;"domingo";"19:35:00";"PR";277;576,2;"CASCAVEL";"Desobediência às normas de trânsito pelo condutor";"Colisão traseira";"Com Vítimas Feridas";"Plena Noite";"Crescente";"Céu Claro";"Simples";"Reta";"Sim";2;0;0;1;1;0;1;2;-24,98692731;-53,33030208;"SPRF-PR";"DEL04-PR";"UOP01-DEL04-PR"
280601;2020-04-19;"domingo";"19:10:00";"MS";163;618;"SAO GABRIEL DO OESTE";"Falta de Atenção à Condução";"Colisão traseira";"Com Vítimas Feridas";"Plena Noite";"Crescente";"Céu Claro";"Simples";"Ponte";"Não";2;0;1;0;0;1;1;2;-19,37525327;-54,58015244;"SPRF-MS";"DEL06-MS";"UOP02-DEL06-MS"
280614;2020-04-19;"domingo";"21:20:00";"MT";163;1057;"MATUPA";"Desobediência às normas de trânsito pelo condutor";"Colisão frontal";"Com Vítimas Fatais";"Plena Noite";"Decrescente";"Nublado";"Simples";"Reta";"Não";4;1;0;0;1;4;0;6;-10,1517271;-54,93133776;"SPRF-MT";"DEL06-MT";"NPF/DEL06-MT"
280615;2020-04-19;"domingo";"22:30:00";"MG";381;943,3;"EXTREMA";"Condutor Dormindo";"Colisão traseira";"Com Vítimas Feridas";"Plena Noite";"Decrescente";"Céu Claro";"Dupla";"Reta;Aclive";"Não";3;0;0;1;1;1;1;3;-22,87018424;-46,3581479;"SPRF-MG";"DEL16-MG";"UOP03-DEL16-MG"
280621;2020-04-19;"domingo";"20:10:00";"MG";153;44,8;"CANAPOLIS";"Condutor Dormindo";"Saída de leito carroçável";"Sem Vítimas";"Plena Noite";"Decrescente";"Nublado";"Dupla";"Reta";"Não";1;0;0;0;1;0;0;1;-18,77297399;-49,07332603;"SPRF-MG";"DEL15-MG";"UOP03-DEL15-MG"
280624;2020-04-19;"domingo";"19:10:00";"MT";70;510;"CUIABA";"Falta de Atenção do Pedestre";"Atropelamento de Pedestre";"Com Vítimas Fatais";"Plena Noite";"Decrescente";"Céu Claro";"Simples";"Curva";"Não";2;1;0;0;1;0;0;2;-15,69278966;-56,1006546;"SPRF-MT";"DEL01-MT";"UOP02-DEL01-MT"
280626;2020-04-19;"domingo";"21:00:00";"SC";101;445,5;"SANTA ROSA DO SUL";"Falta de Atenção do Pedestre";"Atropelamento de Pedestre";"Com Vítimas Fatais";"Plena Noite";"Decrescente";"Céu Claro";"Dupla";"Reta";"Sim";2;1;0;0;0;1;0;2;-29,13876138;-49,71567783;"SPRF-SC";"DEL02-SC";"UOP02-DEL02-SC"
280632;2020-04-19;"domingo";"17:45:00";"RS";287;281,1;"SAO PEDRO DO SUL";"Restrição de Visibilidade";"Colisão traseira";"Com Vítimas Feridas";"Pleno dia";"Crescente";"Sol";"Simples";"Aclive";"Não";2;0;0;1;1;0;1;2;-29,637774;-54,179592;"SPRF-RS";"DEL09-RS";"UOP01-DEL09-RS"
280635;2020-04-19;"domingo";"17:30:00";"MS";158;4,5;"CASSILANDIA";"Falta de Atenção à Condução";"Colisão frontal";"Com Vítimas Feridas";"Anoitecer";"Decrescente";"Céu Claro";"Simples";"Reta";"Sim";3;0;1;0;1;1;1;3;-19,12172416;-51,72355512;"SPRF-MS";"DEL08-MS";"UOP01-DEL08-MS"
280640;2020-04-20;"segunda-feira";"05:20:00";"GO";153;514;"APARECIDA DE GOIANIA";"Falta de Atenção à Condução";"Colisão traseira";"Com Vítimas Feridas";"Amanhecer";"Decrescente";"Nublado";"Simples";"Reta";"Sim";2;0;0;1;1;0;1;2;-16,8315;-49,2434;"SPRF-GO";"DEL01-GO";"UOP03-DEL01-GO"
280647;2020-04-20;"segunda-feira";"06:00:00";"RS";116;362,9;"SENTINELA DO SUL";"Velocidade Incompatível";"Tombamento";"Com Vítimas Feridas";"Amanhecer";"Crescente";"Nevoeiro/Neblina";"Simples";"Rotatória";"Não";2;0;0;1;1;0;1;1;-30,63721046;-51,55360222;"SPRF-RS";"DEL02-RS";"UOP03-DEL02-RS"
280648;2020-04-20;"segunda-feira";"05:20:00";"BA";101;51;"ENTRE RIOS";"Condutor Dormindo";"Saída de leito carroçável";"Com Vítimas Feridas";"Amanhecer";"Crescente";"Chuva";"Dupla";"Curva";"Não";2;0;1;0;0;2;1;3;-11,92234992;-38,04889234;"SPRF-BA";"DEL01-BA";"UOP04-DEL01-BA"
280653;2020-04-20;"segunda-feira";"07:12:00";"TO";153;350;"FORTALEZA DO TABOCAO";"Falta de Atenção à Condução";"Tombamento";"Com Vítimas Feridas";"Pleno dia";"Crescente";"Nublado";"Simples";"Reta;Declive";"Não";3;0;0;1;0;2;1;3;-8,97819298;-48,49764907;"SPRF-TO";"DEL02-TO";"UOP02-DEL02-TO"
280664;2020-04-18;"sábado";"11:00:00";"MA";222;541;"BOM JESUS DAS SELVAS";"Falta de Atenção à Condução";"Capotamento";"Com Vítimas Fatais";"Pleno dia";"Decrescente";"Chuva";"Simples";"Curva";"Não";2;1;0;0;0;1;0;2;-4,31053534;-46,56981113;"SPRF-MA";"DEL04-MA";"UOP03-DEL04-MA"
280668;2020-04-20;"segunda-feira";"06:30:00";"MA";135;319,3;"PRESIDENTE DUTRA";"Falta de Atenção à Condução";"Colisão lateral";"Sem Vítimas";"Amanhecer";"Crescente";"Céu Claro";"Simples";"Reta";"Não";2;0;0;0;2;0;0;2;-5,11142496;-44,45968325;"SPRF-MA";"DEL03-MA";"UOP01-DEL03-MA"
280671;2020-04-20;"segunda-feira";"11:15:00";"RN";110;52,2;"MOSSORO";"Falta de Atenção à Condução";"Colisão transversal";"Com Vítimas Feridas";"Pleno dia";"Decrescente";"Sol";"Simples";"Reta";"Sim";2;0;1;0;1;0;1;2;-5,235871;-37,331882;"SPRF-RN";"DEL04-RN";"UOP01-DEL04-RN"
280673;2020-04-20;"segunda-feira";"11:00:00";"SE";235;49;"ITABAIANA";"Falta de Atenção à Condução";"Colisão traseira";"Com Vítimas Feridas";"Pleno dia";"Crescente";"Sol";"Simples";"Aclive;Reta";"Sim";2;0;1;0;1;0;1;2;-10,716222;-37,421669;"SPRF-SE";"DEL01-SE";"UOP02-DEL01-SE"
280675;2020-04-20;"segunda-feira";"11:20:00";"PE";232;209;"PESQUEIRA";"Falta de Atenção à Condução";"Colisão transversal";"Com Vítimas Feridas";"Pleno dia";"Decrescente";"Céu Claro";"Simples";"Reta";"Sim";2;0;1;0;1;0;1;2;-8,36666789;-36,68869898;"SPRF-PE";"DEL02-PE";"UOP03-DEL02-PE"
280676;2020-04-16;"quinta-feira";"17:25:00";"SC";101;397;"MARACAJA";"Falta de Atenção à Condução";"Colisão transversal";"Com Vítimas Feridas";"Pleno dia";"Crescente";"Céu Claro";"Múltipla";"Viaduto;Interseção de Vias";"Não";2;0;1;0;1;0;1;2;-28,84239941;-49,4294858;"SPRF-SC";"DEL02-SC";"UOP02-DEL02-SC"
280678;2020-04-20;"segunda-feira";"09:45:00";"MG";153;12,8;"ARAPORA";"Condutor Dormindo";"Saída de leito carroçável";"Com Vítimas Feridas";"Pleno dia";"Decrescente";"Céu Claro";"Dupla";"Reta;Aclive";"Não";2;0;1;0;0;2;1;3;-18,52415703;-49,19080383;"SPRF-MG";"DEL15-MG";"UOP03-DEL15-MG"
280683;2020-04-20;"segunda-feira";"12:10:00";"MT";70;521;"VARZEA GRANDE";"Desobediência às normas de trânsito pelo pedestre";"Atropelamento de Pedestre";"Com Vítimas Feridas";"Pleno dia";"Decrescente";"Céu Claro";"Simples";"Reta";"Sim";3;0;0;1;1;3;1;5;-15,66792383;-56,18273824;"SPRF-MT";"DEL01-MT";"UOP02-DEL01-MT"
280684;2020-04-20;"segunda-feira";"11:35:00";"MT";163;660,9;"LUCAS DO RIO VERDE";"Pista Escorregadia";"Saída de leito carroçável";"Com Vítimas Feridas";"Pleno dia";"Crescente";"Garoa/Chuvisco";"Simples";"Reta";"Não";2;0;1;0;1;0;1;1;-13,39814517;-56,08843245;"SPRF-MT";"DEL06-MT";"UOP01-DEL06-MT"
280689;2020-04-20;"segunda-feira";"13:36:00";"SP";153;73,1;"SAO JOSE DO RIO PRETO";"Defeito Mecânico no Veículo";"Danos eventuais";"Com Vítimas Feridas";"Pleno dia";"Crescente";"Céu Claro";"Dupla";"Declive;Reta";"Sim";6;0;1;0;4;2;1;4;-20,87627206;-49,42004692;"SPRF-SP";"DEL09-SP";"UOP01-DEL09-SP"
280690;2020-04-20;"segunda-feira";"14:00:00";"SC";470;275,7;"BRUNOPOLIS";"Condutor Dormindo";"Colisão frontal";"Com Vítimas Feridas";"Pleno dia";"Decrescente";"Céu Claro";"Simples";"Curva;Declive";"Não";3;0;1;1;0;1;2;3;-27,329201;-50,813515;"SPRF-SC";"DEL07-SC";"UOP06-DEL07-SC"
280692;2020-04-20;"segunda-feira";"14:00:00";"RJ";101;262;"RIO BONITO";"Falta de Atenção à Condução";"Tombamento";"Com Vítimas Feridas";"Pleno dia";"Decrescente";"Céu Claro";"Dupla";"Curva";"Sim";3;0;1;1;0;12;2;13;-22,71367506;-42,62052996;"SPRF-RJ";"DEL02-RJ";"UOP03-DEL02-RJ"
280698;2020-04-20;"segunda-feira";"14:00:00";"GO";153;424;"ANAPOLIS";"Velocidade Incompatível";"Saída de leito carroçável";"Com Vítimas Feridas";"Pleno dia";"Crescente";"Chuva";"Dupla";"Declive;Reta";"Não";2;0;1;0;1;0;1;1;-16,20509;-49,021236;"SPRF-GO";"DEL02-GO";"UOP01-DEL02-GO"
280706;2020-04-20;"segunda-feira";"15:30:00";"SC";116;235;"CORREIA PINTO";"Defeito Mecânico no Veículo";"Saída de leito carroçável";"Com Vítimas Feridas";"Pleno dia";"Decrescente";"Céu Claro";"Simples";"Curva";"Não";2;0;1;0;0;1;1;2;-27,711685;-50,33625903;"SPRF-SC";"DEL05-SC";"UOP01-DEL05-SC"
280709;2020-04-20;"segunda-feira";"17:00:00";"MG";50;73,5;"UBERLANDIA";"Falta de Atenção à Condução";"Colisão com objeto estático";"Sem Vítimas";"Pleno dia";"Crescente";"Nublado";"Dupla";"Reta";"Não";2;0;0;0;1;1;0;2;-18,85140204;-48,25345932;"SPRF-MG";"DEL15-MG";"UOP01-DEL15-MG"
280710;2020-04-20;"segunda-feira";"14:45:00";"MT";364;260;"JUSCIMEIRA";"Ultrapassagem Indevida";"Colisão lateral";"Com Vítimas Feridas";"Pleno dia";"Decrescente";"Nublado";"Simples";"Reta";"Não";4;0;1;0;2;3;1;5;-16,04010381;-54,89074656;"SPRF-MT";"DEL02-MT";"UOP01-DEL02-MT"
280722;2020-04-20;"segunda-feira";"18:40:00";"SC";101;161,9;"TIJUCAS";"Falta de Atenção à Condução";"Engavetamento";"Com Vítimas Feridas";"Plena Noite";"Decrescente";"Céu Claro";"Dupla";"Reta";"Sim";3;0;0;1;2;0;1;3;-27,21679654;-48,62419009;"SPRF-SC";"DEL04-SC";"UOP03-DEL04-SC"
280732;2020-04-20;"segunda-feira";"18:29:00";"MT";163;970;"NOVA SANTA HELENA";"Ultrapassagem Indevida";"Colisão traseira";"Com Vítimas Feridas";"Anoitecer";"Decrescente";"Chuva";"Simples";"Aclive";"Não";4;0;0;1;2;5;1;8;-10,84737512;-55,18695967;"SPRF-MT";"DEL06-MT";"NPF/DEL06-MT"
280734;2020-04-20;"segunda-feira";"18:45:00";"MT";163;903;"CLAUDIA";"Restrição de Visibilidade";"Tombamento";"Com Vítimas Feridas";"Plena Noite";"Decrescente";"Chuva";"Simples";"Declive";"Não";2;0;1;0;0;1;1;2;-11,28946643;-55,31861566;"SPRF-MT";"DEL06-MT";"NPF/DEL06-MT"
280744;2020-04-20;"segunda-feira";"20:30:00";"MG";354;726,8;"POUSO ALTO";"Velocidade Incompatível";"Tombamento";"Com Vítimas Fatais";"Plena Noite";"Decrescente";"Céu Claro";"Simples";"Curva";"Não";4;1;1;0;0;4;1;6;-22,135409;-44,96858846;"SPRF-MG";"DEL17-MG";"UOP01-DEL17-MG"
280745;2020-04-20;"segunda-feira";"18:45:00";"PE";428;8;"CABROBO";"Falta de Atenção do Pedestre";"Atropelamento de Pedestre";"Com Vítimas Fatais";"Plena Noite";"Crescente";"Céu Claro";"Simples";"Declive";"Sim";3;1;0;0;2;0;0;2;-8,51572613;-39,29086207;"SPRF-PE";"DEL05-PE";"UOP03-DEL05-PE"
280758;2020-04-20;"segunda-feira";"23:05:00";"MG";262;58,6;"MANHUACU";"Velocidade Incompatível";"Tombamento";"Com Vítimas Feridas";"Plena Noite";"Crescente";"Céu Claro";"Simples";"Reta";"Não";2;0;1;0;0;1;1;2;-20,27569196;-42,19796103;"SPRF-MG";"DEL06-MG";"UOP03-DEL06-MG"
280762;2020-04-20;"segunda-feira";"22:50:00";"PR";153;460,2;"UNIAO DA VITORIA";"Defeito Mecânico no Veículo";"Tombamento";"Com Vítimas Feridas";"Plena Noite";"Decrescente";"Céu Claro";"Simples";"Declive";"Não";2;0;1;0;0;1;1;2;-26,30347327;-51,21012926;"SPRF-PR";"DEL02-PR";"UOP03-DEL02-PR"
280767;2020-04-20;"segunda-feira";"19:00:00";"MT";163;903;"CLAUDIA";"Objeto estático sobre o leito carroçável";"Colisão com objeto estático";"Com Vítimas Feridas";"Plena Noite";"Decrescente";"Chuva";"Simples";"Declive";"Não";3;0;1;0;1;3;1;5;-11,28946643;-55,31861566;"SPRF-MT";"DEL06-MT";"NPF/DEL06-MT"
280768;2020-04-21;"terça-feira";"02:05:00";"RJ";116;275;"BARRA MANSA";"Carga excessiva e/ou mal acondicionada";"Tombamento";"Com Vítimas Feridas";"Plena Noite";"Decrescente";"Nublado";"Dupla";"Curva";"Sim";2;0;1;0;0;1;1;2;-22,56207185;-44,15671311;"SPRF-RJ";"DEL07-RJ";"UOP02-DEL07-RJ"
280769;2020-04-21;"terça-feira";"03:00:00";"SC";101;129;"BALNEARIO CAMBORIU";"Falta de Atenção à Condução";"Colisão traseira";"Com Vítimas Feridas";"Plena Noite";"Crescente";"Céu Claro";"Dupla";"Reta";"Não";2;0;0;1;1;0;1;2;-26,98064277;-48,6790679;"SPRF-SC";"DEL04-SC";"UOP03-DEL04-SC"
280771;2020-04-20;"segunda-feira";"08:30:00";"BA";101;735;"ITABELA";"Falta de Atenção à Condução";"Tombamento";"Com Vítimas Feridas";"Pleno dia";"Decrescente";"Nublado";"Simples";"Curva";"Não";2;0;1;0;0;1;1;2;-16,66540207;-39,50848205;"SPRF-BA";"DEL09-BA";"UOP01-DEL09-BA"
280773;2020-04-21;"terça-feira";"06:15:00";"SC";282;57,6;"RANCHO QUEIMADO";"Desobediência às normas de trânsito pelo condutor";"Colisão lateral";"Com Vítimas Feridas";"Amanhecer";"Crescente";"Céu Claro";"Simples";"Reta";"Não";2;0;0;1;1;0;1;2;-27,688864;-48,998455;"SPRF-SC";"DEL01-SC";"UOP03-DEL01-SC"
280774;2020-04-20;"segunda-feira";"18:50:00";"ES";482;79,5;"ALEGRE";"Desobediência às normas de trânsito pelo condutor";"Colisão lateral";"Com Vítimas Feridas";"Plena Noite";"Decrescente";"Céu Claro";"Simples";"Reta";"Não";2;0;1;0;1;0;1;2;-20,76011297;-41,50138131;"SPRF-ES";"DEL03-ES";"UOP02-DEL03-ES"
280777;2020-04-21;"terça-feira";"06:50:00";"PR";277;152,4;"PORTO AMAZONAS";"Falta de Atenção à Condução";"Colisão traseira";"Com Vítimas Feridas";"Pleno dia";"Crescente";"Céu Claro";"Simples";"Aclive";"Não";2;0;1;0;1;0;1;2;-25,47289;-49,895964;"SPRF-PR";"DEL01-PR";"UOP03-DEL03-PR"
280782;2020-04-21;"terça-feira";"07:15:00";"RN";304;125,1;"ITAJA";"Desobediência às normas de trânsito pelo condutor";"Colisão transversal";"Sem Vítimas";"Pleno dia";"Crescente";"Céu Claro";"Simples";"Interseção de Vias";"Não";3;0;0;0;2;1;0;3;-5,65431136;-36,81509083;"SPRF-RN";"DEL04-RN";"UOP01-DEL04-RN"
280783;2020-04-21;"terça-feira";"07:30:00";"BA";324;513;"FEIRA DE SANTANA";"Falta de Atenção do Pedestre";"Atropelamento de Pedestre";"Com Vítimas Feridas";"Pleno dia";"Crescente";"Chuva";"Simples";"Reta";"Sim";2;0;0;1;1;0;1;2;-12,23098007;-38,96101401;"SPRF-BA";"DEL02-BA";"UOP01-DEL02-BA"
280786;2020-04-11;"sábado";"06:00:00";"MG";50;118,9;"UBERABA";"Condutor Dormindo";"Tombamento";"Com Vítimas Feridas";"Amanhecer";"Crescente";"Céu Claro";"Dupla";"Reta";"Não";4;0;1;2;0;1;3;2;-19,29129791;-48,11741979;"SPRF-MG";"DEL13-MG";"UOP01-DEL13-MG"
280792;2020-04-21;"terça-feira";"09:58:00";"MT";364;262,9;"SAO PEDRO DA CIPA";"Falta de Atenção à Condução";"Saída de leito carroçável";"Com Vítimas Feridas";"Pleno dia";"Decrescente";"Céu Claro";"Dupla";"Aclive";"Não";3;0;2;0;0;1;2;2;-16,023325;-54,899853;"SPRF-MT";"DEL02-MT";"UOP01-DEL02-MT"
280797;2020-04-20;"segunda-feira";"20:20:00";"MT";163;881;"CLAUDIA";"Restrição de Visibilidade";"Saída de leito carroçável";"Com Vítimas Feridas";"Plena Noite";"Decrescente";"Chuva";"Simples";"Reta";"Não";3;0;1;0;1;1;1;2;-11,47850994;-55,36131742;"SPRF-MT";"DEL06-MT";"NPF/DEL06-MT"
280803;2020-04-21;"terça-feira";"10:20:00";"PR";153;29,5;"SANTO ANTONIO DA PLATINA";"Velocidade Incompatível";"Colisão frontal";"Com Vítimas Fatais";"Pleno dia";"Crescente";"Céu Claro";"Simples";"Curva";"Não";6;2;0;0;1;4;0;5;-23,21774842;-50,01006603;"SPRF-PR";"DEL07-PR";"UOP04-DEL07-PR"
280809;2020-04-21;"terça-feira";"14:40:00";"GO";20;13,3;"FORMOSA";"Desobediência às normas de trânsito pelo condutor";"Colisão frontal";"Com Vítimas Fatais";"Pleno dia";"Crescente";"Chuva";"Simples";"Curva";"Não";6;4;0;0;1;2;0;4;-15,569321;-47,240578;"SPRF-DF";"DEL02-DF";"UOP01-DEL02-DF"
280810;2020-04-21;"terça-feira";"13:34:00";"MT";163;844;"SINOP";"Ingestão de Álcool";"Engavetamento";"Sem Vítimas";"Pleno dia";"Crescente";"Céu Claro";"Simples";"Reta";"Sim";3;0;0;0;3;0;0;3;-11,782755;-55,474764;"SPRF-MT";"DEL06-MT";"NPF/DEL06-MT"
280811;2020-04-21;"terça-feira";"14:10:00";"PR";277;234;"FERNANDES PINHEIRO";"Falta de Atenção à Condução";"Colisão transversal";"Com Vítimas Feridas";"Pleno dia";"Decrescente";"Céu Claro";"Simples";"Reta";"Não";2;0;0;1;1;0;1;2;-25,46505185;-50,57487488;"SPRF-PR";"DEL03-PR";"UOP03-DEL03-PR"
280813;2020-04-21;"terça-feira";"13:45:00";"BA";101;203;"MURITIBA";"Pista Escorregadia";"Saída de leito carroçável";"Com Vítimas Feridas";"Pleno dia";"Decrescente";"Chuva";"Simples";"Curva;Declive";"Não";2;0;2;0;0;0;2;1;-12,59477403;-38,9887619;"SPRF-BA";"DEL01-BA";"UOP03-DEL01-BA"
280815;2020-04-21;"terça-feira";"14:30:00";"SC";101;4;"GARUVA";"Ingestão de Álcool";"Colisão lateral";"Sem Vítimas";"Pleno dia";"Decrescente";"Sol";"Dupla";"Reta";"Não";3;0;0;0;3;0;0;2;-26,00908719;-48,86448735;"SPRF-SC";"DEL03-SC";"UOP01-DEL03-SC"
280821;2020-04-18;"sábado";"07:40:00";"SP";116;514;"CAJATI";"Pista Escorregadia";"Saída de leito carroçável";"Sem Vítimas";"Pleno dia";"Decrescente";"Garoa/Chuvisco";"Simples";"Curva";"Não";4;0;0;0;3;2;0;5;-24,85874304;-48,21731282;"SPRF-SP";"DEL05-SP";"UOP02-DEL05-SP"
280827;2020-04-21;"terça-feira";"15:00:00";"SP";116;512,8;"CAJATI";"Falta de Atenção à Condução";"Colisão lateral";"Sem Vítimas";"Pleno dia";"Decrescente";"Céu Claro";"Simples";"Curva;Declive";"Não";4;0;0;0;3;3;0;6;-24,84304306;-48,22027915;"SPRF-SP";"DEL05-SP";"UOP02-DEL05-SP"
280834;2020-04-21;"terça-feira";"17:20:00";"SP";116;21,2;"LAVRINHAS";"Condutor Dormindo";"Tombamento";"Com Vítimas Feridas";"Anoitecer";"Crescente";"Céu Claro";"Dupla";"Curva";"Não";2;0;2;0;0;0;2;1;-22,57651319;-44,87315394;"SPRF-SP";"DEL08-SP";"UOP02-DEL08-SP"
280838;2020-04-21;"terça-feira";"17:15:00";"RN";101;124,3;"SAO JOSE DE MIPIBU";"Não guardar distância de segurança";"Colisão traseira";"Sem Vítimas";"Anoitecer";"Decrescente";"Nublado";"Dupla";"Retorno Regulamentado";"Sim";2;0;0;0;2;0;0;2;-6,06989006;-35,23821831;"SPRF-RN";"DEL01-RN";"UOP01-DEL01-RN"
280839;2020-04-21;"terça-feira";"13:30:00";"SC";470;348,5;"CAMPOS NOVOS";"Velocidade Incompatível";"Saída de leito carroçável";"Com Vítimas Feridas";"Pleno dia";"Decrescente";"Céu Claro";"Simples";"Curva";"Não";2;0;1;0;0;1;1;2;-27,54807864;-51,45283699;"SPRF-SC";"DEL07-SC";"UOP06-DEL07-SC"
280841;2020-04-21;"terça-feira";"19:00:00";"MG";40;67,9;"PARACATU";"Falta de Atenção à Condução";"Atropelamento de Pedestre";"Com Vítimas Feridas";"Anoitecer";"Decrescente";"Nublado";"Simples";"Curva";"Não";2;0;1;0;0;1;1;2;-17,37787102;-46,74188307;"SPRF-MG";"DEL14-MG";"UOP01-DEL14-MG"
280843;2020-04-21;"terça-feira";"07:15:00";"PR";376;333,3;"ORTIGUEIRA";"Desobediência às normas de trânsito pelo condutor";"Colisão frontal";"Com Vítimas Fatais";"Plena Noite";"Crescente";"Céu Claro";"Simples";"Reta";"Sim";3;1;0;1;0;2;1;4;-24,11281818;-51,03868407;"SPRF-PR";"DEL07-PR";"UOP02-DEL07-PR"
280850;2020-04-21;"terça-feira";"20:15:00";"ES";101;236,2;"FUNDAO";"Velocidade Incompatível";"Colisão com objeto estático";"Com Vítimas Feridas";"Plena Noite";"Decrescente";"Céu Claro";"Simples";"Curva";"Não";2;0;0;1;0;1;1;2;-19,97786614;-40,40737152;"SPRF-ES";"DEL02-ES";"UOP01-DEL02-ES"
280860;2020-04-21;"terça-feira";"19:30:00";"MT";364;187,5;"RONDONOPOLIS";"Deficiência ou não Acionamento do Sistema de Iluminação/Sinalização do Veículo";"Colisão traseira";"Com Vítimas Feridas";"Plena Noite";"Crescente";"Ignorado";"Simples";"Reta";"Não";5;0;2;0;2;2;2;5;-16,56778271;-54,54638073;"SPRF-MT";"DEL02-MT";"UOP01-DEL02-MT"
280876;2020-04-21;"terça-feira";"20:15:00";"PI";316;48,8;"LAGOA DO PIAUI";"Restrição de Visibilidade";"Colisão com objeto estático";"Sem Vítimas";"Plena Noite";"Decrescente";"Garoa/Chuvisco";"Simples";"Reta";"Não";3;0;0;0;3;0;0;2;-5,488379;-42,639364;"SPRF-PI";"DEL01-PI";"UOP02-DEL01-PI"
280882;2020-04-22;"quarta-feira";"00:30:00";"ES";262;33,9;"DOMINGOS MARTINS";"Defeito Mecânico no Veículo";"Incêndio";"Sem Vítimas";"Plena Noite";"Decrescente";"Céu Claro";"Simples";"Reta";"Não";1;0;0;0;1;0;0;1;-20,37535106;-40,58433127;"SPRF-ES";"DEL01-ES";"UOP01-DEL01-ES"