"id";"data_inversa";"dia_semana";"horario";"uf";"br";"km";"municipio";"causa_acidente";"tipo_acidente";"classificacao_acidente";"fase_dia";"sentido_via";"condicao_metereologica";"tipo_pista";"tracado_via";"uso_solo";"pessoas";"mortos";"feridos_leves";"feridos_graves";"ilesos";"ignorados";"feridos";"veiculos";"latitude";"longitude";"regional";"delegacia";"uop"
280884;2020-04-21;"terça-feira";"07:20:00";"BA";367;50;"PORTO SEGURO";"Desobediência às normas de trânsito pelo condutor";"Colisão transversal";"Com Vítimas Feridas";"Pleno dia";"Crescente";"Nublado";"Simples";"Curva";"Não";2;0;1;0;1;0;1;2;-16,37330881;-39,29852716;"SPRF-BA";"DEL09-BA";"UOP01-DEL09-BA"
280887;2020-04-21;"terça-feira";"19:00:00";"MT";364;458;"VARZEA GRANDE";"Pista Escorregadia";"Saída de leito carroçável";"Com Vítimas Feridas";"Plena Noite";"Crescente";"Chuva";"Simples";"Curva";"Não";2;0;1;0;0;1;1;2;-15,54445596;-56,27418792;"SPRF-MT";"DEL01-MT";"UOP02-DEL01-MT"
280892;2020-04-22;"quarta-feira";"04:45:00";"ES";101;357,9;"ANCHIETA";"Falta de Atenção à Condução";"Colisão traseira";"Com Vítimas Feridas";"Amanhecer";"Crescente";"Céu Claro";"Dupla";"Interseção de Vias";"Não";3;0;1;0;1;1;1;2;-20,68939658;-40,69515524;"SPRF-ES";"DEL03-ES";"UOP01-DEL03-ES"
280894;2020-04-22;"quarta-feira";"03:00:00";"MT";158;715;"BARRA DO GARCAS";"Defeito Mecânico no Veículo";"Incêndio";"Sem Vítimas";"Plena Noite";"Decrescente";"Céu Claro";"Simples";"Reta";"Não";2;0;0;0;1;2;0;3;-15,18154098;-52,18080293;"SPRF-MT";"DEL07-MT";"UOP01-DEL07-MT"
280896;2020-04-22;"quarta-feira";"07:00:00";"SP";116;210;"GUARULHOS";"Não guardar distância de segurança";"Colisão lateral";"Com Vítimas Feridas";"Pleno dia";"Crescente";"Céu Claro";"Múltipla";"Aclive";"Sim";3;0;1;0;1;1;1;3;-23,42870023;-46,41085991;"SPRF-SP";"DEL01-SP";"UOP01-DEL01-SP"
280898;2020-04-22;"quarta-feira";"00:20:00";"MG";116;752;"LEOPOLDINA";"Ingestão de Álcool";"Colisão com objeto estático";"Sem Vítimas";"Plena Noite";"Decrescente";"Nublado";"Simples";"Reta";"Sim";5;0;0;0;2;3;0;4;-21,47033213;-42,55907489;"SPRF-MG";"DEL07-MG";"UOP01-DEL07-MG"
280899;2020-04-21;"terça-feira";"18:30:00";"MT";163;605;"NOVA MUTUM";"Falta de Atenção à Condução";"Saída de leito carroçável";"Com Vítimas Feridas";"Anoitecer";"Crescente";"Céu Claro";"Simples";"Curva";"Não";2;0;1;0;0;2;1;3;-13,86351018;-56,08627166;"SPRF-MT";"DEL01-MT";"UOP01-DEL01-MT"
280902;2020-04-22;"quarta-feira";"05:30:00";"BA";407;105;"JAGUARARI";"Restrição de Visibilidade";"Colisão traseira";"Sem Vítimas";"Amanhecer";"Decrescente";"Nevoeiro/Neblina";"Simples";"Reta";"Não";2;0;0;0;2;0;0;2;-10,27224235;-40,17748348;"SPRF-BA";"DEL04-BA";"UOP01-DEL04-BA"
280907;2020-04-22;"quarta-feira";"06:40:00";"RJ";393;114,1;"SAPUCAIA";"Velocidade Incompatível";"Tombamento";"Sem Vítimas";"Pleno dia";"Decrescente";"Céu Claro";"Simples";"Curva";"Não";2;0;0;0;1;1;0;2;-21,90846963;-42,73541595;"SPRF-RJ";"DEL05-RJ";"UOP01-DEL05-RJ"
280912;2020-04-22;"quarta-feira";"09:07:00";"ES";262;4,1;"CARIACICA";"Falta de Atenção à Condução";"Colisão traseira";"Com Vítimas Feridas";"Pleno dia";"Crescente";"Céu Claro";"Dupla";"Reta";"Sim";3;0;1;0;2;0;1;2;-20,33609327;-40,37812784;"SPRF-ES";"DEL01-ES";"UOP01-DEL01-ES"
280919;2020-04-22;"quarta-feira";"11:00:00";"MG";365;624;"UBERLANDIA";"Falta de Atenção à Condução";"Colisão traseira";"Com Vítimas Feridas";"Pleno dia";"Crescente";"Nublado";"Dupla";"Curva";"Sim";4;0;1;0;2;1;1;3;-18,90947912;-48,30314225;"SPRF-MG";"DEL15-MG";"UOP01-DEL15-MG"
280920;2020-04-22;"quarta-feira";"10:45:00";"MS";60;416;"SIDROLANDIA";"Falta de Atenção à Condução";"Danos eventuais";"Sem Vítimas";"Pleno dia";"Crescente";"Céu Claro";"Simples";"Reta";"Não";3;0;0;0;3;0;0;2;-20,89806786;-54,88480401;"SPRF-MS";"DEL01-MS";"UOP04-DEL01-MS"
280928;2020-04-22;"quarta-feira";"12:50:00";"SC";101;210,5;"SAO JOSE";"Falta de Atenção à Condução";"Capotamento";"Com Vítimas Feridas";"Pleno dia";"Decrescente";"Céu Claro";"Simples";"Reta";"Sim";2;0;1;0;1;0;1;2;-27,6167305;-48,6457265;"SPRF-SC";"DEL01-SC";"UOP01-DEL01-SC"
280930;2020-04-22;"quarta-feira";"13:20:00";"AL";104;22,4;"UNIAO DOS PALMARES";"Condutor Dormindo";"Tombamento";"Com Vítimas Feridas";"Pleno dia";"Crescente";"Céu Claro";"Simples";"Curva";"Não";1;0;1;0;0;0;1;1;-9,07371688;-36,03702576;"SPRF-AL";"DEL01-AL";"UOP02-DEL01-AL"
280935;2020-04-18;"sábado";"07:10:00";"BA";116;699,7;"JEQUIE";"Velocidade Incompatível";"Tombamento";"Sem Vítimas";"Pleno dia";"Decrescente";"Céu Claro";"Simples";"Curva";"Não";2;0;0;0;1;1;0;2;-14,0196772;-40,19054244;"SPRF-BA";"DEL03-BA";"UOP01-DEL03-BA"
280943;2020-04-22;"quarta-feira";"04:20:00";"PR";153;374;"MALLET";"Falta de Atenção à Condução";"Tombamento";"Sem Vítimas";"Amanhecer";"Decrescente";"Céu Claro";"Simples";"Reta";"Não";1;0;0;0;1;0;0;1;-25,75704292;-50,84104005;"SPRF-PR";"DEL03-PR";"UOP03-DEL03-PR"
280946;2020-04-22;"quarta-feira";"06:30:00";"AL";423;84;"DELMIRO GOUVEIA";"Falta de Atenção à Condução";"Colisão traseira";"Com Vítimas Fatais";"Pleno dia";"Decrescente";"Céu Claro";"Simples";"Reta";"Não";4;2;0;0;1;1;0;3;-9,34305022;-38,01996892;"SPRF-BA";"DEL07-BA";"UOP01-DEL07-BA"
280949;2020-02-29;"sábado";"17:21:00";"DF";20;20;"BRASILIA";"Desobediência às normas de trânsito pelo condutor";"Colisão traseira";"Com Vítimas Feridas";"Pleno dia";"Decrescente";"Chuva";"Dupla";"Reta";"Sim";7;0;5;0;1;1;5;2;-15,607905;-47,692791;"SPRF-DF";"DEL02-DF";"UOP01-DEL02-DF"
280952;2020-04-22;"quarta-feira";"11:30:00";"MG";251;301,4;"SALINAS";"Defeito Mecânico no Veículo";"Tombamento";"Com Vítimas Feridas";"Pleno dia";"Crescente";"Céu Claro";"Simples";"Reta";"Não";2;0;1;0;0;1;1;2;-16,1341395;-42,24340104;"SPRF-MG";"DEL11-MG";"UOP02-DEL11-MG"
280954;2020-04-22;"quarta-feira";"15:30:00";"RJ";101;66,8;"CAMPOS DOS GOYTACAZES";"Desobediência às normas de trânsito pelo condutor";"Colisão transversal";"Com Vítimas Feridas";"Pleno dia";"Decrescente";"Céu Claro";"Dupla";"Rotatória";"Sim";2;0;1;0;1;0;1;2;-21,76707246;-41,34644508;"SPRF-RJ";"DEL08-RJ";"UOP02-DEL08-RJ"
280957;2020-04-22;"quarta-feira";"17:00:00";"ES";101;84,4;"SAO MATEUS";"Não guardar distância de segurança";"Derramamento de carga";"Com Vítimas Fatais";"Anoitecer";"Decrescente";"Céu Claro";"Simples";"Reta";"Não";5;2;0;2;0;1;2;3;-18,85087778;-39,9287233;"SPRF-ES";"DEL04-ES";"UOP02-DEL04-ES"
280961;2020-04-22;"quarta-feira";"17:20:00";"MG";381;526;"BRUMADINHO";"Velocidade Incompatível";"Capotamento";"Com Vítimas Fatais";"Pleno dia";"Crescente";"Céu Claro";"Dupla";"Declive;Curva";"Não";1;1;0;0;0;0;0;1;-20,15116;-44,32622;"SPRF-MG";"DEL04-MG";"UOP03-DEL04-MG"
280970;2020-04-22;"quarta-feira";"10:20:00";"MA";222;677;"ACAILANDIA";"Falta de Atenção à Condução";"Colisão com objeto estático";"Sem Vítimas";"Pleno dia";"Crescente";"Nublado";"Simples";"Curva";"Sim";3;0;0;0;2;2;0;4;-4,956521;-47,494734;"SPRF-MA";"DEL04-MA";"UOP03-DEL04-MA"
280971;2020-04-22;"quarta-feira";"18:30:00";"MG";40;475,5;"SETE LAGOAS";"Falta de Atenção à Condução";"Colisão traseira";"Com Vítimas Feridas";"Plena Noite";"Decrescente";"Céu Claro";"Dupla";"Aclive;Reta";"Não";4;0;0;1;2;1;1;3;-19,50551591;-44,27423377;"SPRF-MG";"DEL02-MG";"UOP01-DEL02-MG"
280976;2020-03-09;"segunda-feira";"22:30:00";"PE";101;43;"IGARASSU";"Falta de Atenção à Condução";"Colisão traseira";"Com Vítimas Feridas";"Plena Noite";"Decrescente";"Vento";"Múltipla";"Reta";"Sim";4;0;1;0;2;2;1;5;-7,84753808;-34,90977038;"SPRF-PE";"DEL01-PE";"UOP02-DEL01-PE"
280987;2020-04-22;"quarta-feira";"19:45:00";"TO";153;209;"NOVA OLINDA";"Falta de Atenção à Condução";"Colisão transversal";"Com Vítimas Feridas";"Plena Noite";"Crescente";"Nublado";"Simples";"Retorno Regulamentado";"Não";3;0;1;0;1;2;1;4;-7,728059;-48,445901;"SPRF-TO";"DEL02-TO";"UOP01-DEL02-TO"
280992;2020-04-22;"quarta-feira";"19:30:00";"MS";60;30,3;"CHAPADAO DO SUL";"Velocidade Incompatível";"Colisão traseira";"Com Vítimas Feridas";"Plena Noite";"Decrescente";"Ignorado";"Simples";"Reta";"Não";2;0;1;0;0;1;1;2;-18,910563;-52,749001;"SPRF-MS";"DEL08-MS";"UOP01-DEL08-MS"
281002;2020-04-22;"quarta-feira";"21:30:00";"SP";116;501,4;"CAJATI";"Defeito Mecânico no Veículo";"Tombamento";"Com Vítimas Feridas";"Plena Noite";"Crescente";"Nevoeiro/Neblina";"Dupla";"Aclive";"Sim";2;0;1;0;0;1;1;2;-24,77859381;-48,1923679;"SPRF-SP";"DEL05-SP";"UOP02-DEL05-SP"
281004;2020-04-22;"quarta-feira";"22:40:00";"SP";116;187;"SANTA ISABEL";"Falta de Atenção à Condução";"Colisão lateral";"Com Vítimas Feridas";"Plena Noite";"Decrescente";"Céu Claro";"Dupla";"Declive";"Não";3;0;0;1;1;1;1;3;-23,35713072;-46,20737811;"SPRF-SP";"DEL02-SP";"UOP01-DEL02-SP"
281005;2020-04-22;"quarta-feira";"16:40:00";"RS";470;254,2;"SALVADOR DO SUL";"Falta de Atenção à Condução";"Atropelamento de Pedestre";"Com Vítimas Fatais";"Pleno dia";"Decrescente";"Céu Claro";"Simples";"Curva";"Não";2;1;0;0;1;0;0;2;-29,43152449;-51,51360512;"SPRF-RS";"DEL06-RS";"UOP01-DEL06-RS"
281008;2020-04-22;"quarta-feira";"17:20:00";"MG";381;720;"CARMO DA CACHOEIRA";"Defeito Mecânico no Veículo";"Tombamento";"Com Vítimas Feridas";"Pleno dia";"Decrescente";"Céu Claro";"Dupla";"Curva";"Não";2;0;0;1;0;1;1;2;-21,46901694;-45,20581183;"SPRF-MG";"DEL04-MG";"UOP02-DEL04-MG"
281012;2020-04-22;"quarta-feira";"21:00:00";"MT";174;520;"COMODORO";"Falta de Atenção à Condução";"Colisão traseira";"Com Vítimas Feridas";"Plena Noite";"Crescente";"Céu Claro";"Simples";"Reta";"Não";3;0;1;0;1;4;1;6;-13,36325973;-59,86695251;"SPRF-MT";"DEL04-MT";"UOP01-DEL04-MT"
281013;2020-04-22;"quarta-feira";"21:00:00";"MG";262;555,3;"LUZ";"Falta de Atenção à Condução";"Saída de leito carroçável";"Sem Vítimas";"Plena Noite";"Crescente";"Nublado";"Simples";"Curva";"Não";2;0;0;0;1;1;0;2;-19,71001578;-45,91505085;"SPRF-MG";"DEL08-MG";"UOP02-DEL08-MG"
281015;2020-04-22;"quarta-feira";"16:30:00";"GO";40;63,8;"CRISTALINA";"Condutor Dormindo";"Saída de leito carroçável";"Com Vítimas Feridas";"Pleno dia";"Crescente";"Chuva";"Simples";"Reta;Aclive";"Não";1;0;1;0;0;0;1;1;-16,546727;-47,787549;"SPRF-DF";"DEL01-DF";"UOP02-DEL01-DF"
281016;2020-04-23;"quinta-feira";"04:30:00";"BA";101;474,8;"URUCUCA";"Animais na Pista";"Atropelamento de Animal";"Com Vítimas Feridas";"Amanhecer";"Decrescente";"Céu Claro";"Simples";"Curva";"Não";2;0;0;1;1;0;1;2;-14,56564061;-39,33448792;"SPRF-BA";"DEL05-BA";"UOP01-DEL05-BA"
281017;2020-04-23;"quinta-feira";"03:30:00";"MG";262;182;"SAO DOMINGOS DO PRATA";"Defeito Mecânico no Veículo";"Incêndio";"Sem Vítimas";"Amanhecer";"Decrescente";"Céu Claro";"Simples";"Curva";"Não";2;0;0;0;1;2;0;3;-19,91552642;-43,01390115;"SPRF-MG";"DEL03-MG";"UOP01-DEL03-MG"
281024;2020-04-23;"quinta-feira";"07:00:00";"SC";101;87,4;"BARRA VELHA";"Falta de Atenção à Condução";"Colisão lateral";"Com Vítimas Feridas";"Pleno dia";"Crescente";"Céu Claro";"Dupla";"Reta";"Sim";3;0;1;0;2;0;1;3;-26,6453011;-48,6875546;"SPRF-SC";"DEL03-SC";"UOP02-DEL03-SC"
281025;2020-04-23;"quinta-feira";"07:20:00";"TO";153;333;"GUARAI";"Defeito Mecânico no Veículo";"Colisão traseira";"Com Vítimas Feridas";"Pleno dia";"Crescente";"Nublado";"Múltipla";"Reta";"Sim";4;0;3;0;1;0;3;2;-8,826486;-48,51216;"SPRF-TO";"DEL02-TO";"UOP02-DEL02-TO"
281031;2020-04-23;"quinta-feira";"07:45:00";"RS";290;122;"ELDORADO DO SUL";"Restrição de Visibilidade";"Colisão traseira";"Com Vítimas Feridas";"Pleno dia";"Decrescente";"Nevoeiro/Neblina";"Simples";"Reta";"Não";3;0;1;0;1;3;1;5;-30,052313;-51,428188;"SPRF-RS";"DEL02-RS";"UOP01-DEL02-RS"
281033;2020-04-23;"quinta-feira";"08:25:00";"SC";101;432;"SOMBRIO";"Condutor Dormindo";"Colisão lateral";"Sem Vítimas";"Pleno dia";"Crescente";"Céu Claro";"Dupla";"Reta";"Sim";3;0;0;0;2;2;0;4;-29,06843461;-49,6274311;"SPRF-SC";"DEL02-SC";"UOP02-DEL02-SC"
281034;2020-04-23;"quinta-feira";"08:20:00";"PE";101;68,1;"RECIFE";"Não guardar distância de segurança";"Engavetamento";"Com Vítimas Feridas";"Pleno dia";"Crescente";"Céu Claro";"Múltipla";"Aclive";"Sim";4;0;1;0;2;1;1;4;-8,051251;-34,946016;"SPRF-PE";"DEL01-PE";"UOP01-DEL01-PE"
281036;2020-02-27;"quinta-feira";"04:40:00";"PI";343;252,3;"CAMPO MAIOR";"Desobediência às normas de trânsito pelo condutor";"Colisão frontal";"Com Vítimas Fatais";"Plena Noite";"Crescente";"Nublado";"Simples";"Reta";"Não";5;3;0;1;1;0;1;2;-4,742479;-42,10807;"SPRF-PI";"DEL01-PI";"UOP03-DEL01-PI"
281037;2020-04-23;"quinta-feira";"07:30:00";"MG";116;277,3;"TEOFILO OTONI";"Falta de Atenção à Condução";"Colisão com objeto estático";"Com Vítimas Feridas";"Pleno dia";"Decrescente";"Nublado";"Múltipla";"Reta";"Sim";3;0;1;0;1;1;1;3;-17,859945;-41,515144;"SPRF-MG";"DEL11-MG";"UOP01-DEL11-MG"
281038;2020-04-23;"quinta-feira";"08:20:00";"MS";267;297;"RIO BRILHANTE";"Falta de Atenção à Condução";"Colisão lateral";"Com Vítimas Feridas";"Pleno dia";"Crescente";"Céu Claro";"Simples";"Reta";"Não";3;0;0;1;1;3;1;5;-21,76525;-54,58537;"SPRF-MS";"DEL02-MS";"UOP02-DEL02-MS"
281040;2020-04-23;"quinta-feira";"09:30:00";"PR";153;139;"VENTANIA";"Velocidade Incompatível";"Tombamento";"Sem Vítimas";"Pleno dia";"Decrescente";"Céu Claro";"Simples";"Curva";"Não";1;0;0;0;1;0;0;1;-24,07168926;-50,25237719;"SPRF-PR";"DEL07-PR";"UOP04-DEL07-PR"
281041;2020-04-23;"quinta-feira";"04:30:00";"MG";381;720,8;"CARMO DA CACHOEIRA";"Falta de Atenção à Condução";"Tombamento";"Com Vítimas Feridas";"Plena Noite";"Decrescente";"Céu Claro";"Dupla";"Curva";"Não";3;0;2;0;0;1;2;2;-21,46061202;-45,20743901;"SPRF-MG";"DEL04-MG";"UOP02-DEL04-MG"
281043;2020-04-23;"quinta-feira";"10:00:00";"SC";470;22;"ILHOTA";"Falta de Atenção à Condução";"Colisão frontal";"Com Vítimas Feridas";"Pleno dia";"Crescente";"Céu Claro";"Simples";"Reta";"Não";3;0;0;1;2;0;1;3;-26,80660578;-48,775177;"SPRF-SC";"DEL04-SC";"UOP04-DEL04-SC"
281044;2020-04-03;"sexta-feira";"10:45:00";"RJ";40;120;"DUQUE DE CAXIAS";"Falta de Atenção à Condução";"Colisão traseira";"Sem Vítimas";"Pleno dia";"Crescente";"Céu Claro";"Múltipla";"Reta";"Sim";3;0;0;0;3;0;0;3;-22,77280597;-43,28626763;"SPRF-RJ";"DEL01-RJ";"UOP01-DEL01-RJ"
281048;2020-04-23;"quinta-feira";"10:45:00";"SC";282;29;"SANTO AMARO DA IMPERATRIZ";"Desobediência às normas de trânsito pelo condutor";"Colisão transversal";"Com Vítimas Feridas";"Pleno dia";"Crescente";"Sol";"Simples";"Interseção de Vias";"Não";3;0;0;1;1;1;1;3;-27,679737;-48,786785;"SPRF-SC";"DEL01-SC";"UOP03-DEL01-SC"
281050;2020-04-23;"quinta-feira";"09:40:00";"MT";70;136,8;"GENERAL CARNEIRO";"Falta de Atenção à Condução";"Colisão lateral";"Com Vítimas Fatais";"Pleno dia";"Decrescente";"Céu Claro";"Simples";"Curva";"Não";3;1;0;0;1;1;0;3;-15,59324648;-53,24689506;"SPRF-MT";"DEL07-MT";"UOP01-DEL07-MT"
281051;2020-04-23;"quinta-feira";"09:00:00";"SC";153;97;"CONCORDIA";"Não guardar distância de segurança";"Colisão traseira";"Com Vítimas Feridas";"Plena Noite";"Decrescente";"Céu Claro";"Simples";"Reta";"Não";2;0;1;0;1;0;1;2;-27,220152;-51,948879;"SPRF-SC";"DEL07-SC";"UOP04-DEL07-SC"
281052;2020-04-23;"quinta-feira";"11:30:00";"PR";376;185;"SARANDI";"Falta de Atenção à Condução";"Colisão traseira";"Com Vítimas Feridas";"Pleno dia";"Crescente";"Céu Claro";"Dupla";"Reta";"Sim";3;0;1;0;2;0;1;2;-23,45147413;-51,85361808;"SPRF-PR";"DEL09-PR";"UOP01-DEL09-PR"
281057;2020-04-23;"quinta-feira";"12:40:00";"MG";381;921,8;"CAMANDUCAIA";"Velocidade Incompatível";"Tombamento";"Com Vítimas Feridas";"Pleno dia";"Crescente";"Céu Claro";"Dupla";"Curva";"Não";2;0;1;0;0;1;1;2;-22,7680939;-46,20854399;"SPRF-MG";"DEL16-MG";"UOP03-DEL16-MG"
281058;2020-04-23;"quinta-feira";"11:40:00";"PR";376;673;"GUARATUBA";"Defeito Mecânico no Veículo";"Colisão traseira";"Sem Vítimas";"Pleno dia";"Crescente";"Céu Claro";"Dupla";"Reta";"Não";3;0;0;0;2;2;0;4;-25,90092097;-48,92572096;"SPRF-PR";"DEL01-PR";"UOP04-DEL01-PR"
281063;2020-04-23;"quinta-feira";"10:00:00";"SC";282;438,5;"IRANI";"Desobediência às normas de trânsito pelo condutor";"Colisão lateral";"Com Vítimas Feridas";"Pleno dia";"Crescente";"Sol";"Simples";"Reta";"Não";3;0;1;0;1;1;1;3;-26,95389;-51,855713;"SPRF-SC";"DEL07-SC";"UOP04-DEL07-SC"
281067;2020-04-23;"quinta-feira";"14:25:00";"MG";381;923;"ITAPEVA";"Velocidade Incompatível";"Tombamento";"Com Vítimas Feridas";"Pleno dia";"Decrescente";"Céu Claro";"Dupla";"Curva";"Não";2;0;1;0;0;1;1;2;-22,77520758;-46,18693298;"SPRF-MG";"DEL16-MG";"UOP03-DEL16-MG"
281071;2020-04-23;"quinta-feira";"14:50:00";"DF";60;16,9;"BRASILIA";"Pista Escorregadia";"Colisão traseira";"Com Vítimas Fatais";"Pleno dia";"Decrescente";"Chuva";"Dupla";"Reta;Aclive";"Não";3;1;0;0;1;1;0;3;-15,960115;-48,177457;"SPRF-DF";"DEL03-DF";"UOP01-DEL03-DF"
281072;2020-04-23;"quinta-feira";"15:00:00";"RS";285;480;"CORONEL BARROS";"Não guardar distância de segurança";"Colisão lateral";"Com Vítimas Feridas";"Pleno dia";"Crescente";"Céu Claro";"Simples";"Rotatória";"Sim";2;0;1;0;1;0;1;2;-28,375719;-54,099907;"SPRF-RS";"DEL10-RS";"UOP01-DEL10-RS"
281075;2020-03-29;"domingo";"20:58:00";"SC";470;102;"APIUNA";"Ultrapassagem Indevida";"Colisão frontal";"Com Vítimas Feridas";"Plena Noite";"Crescente";"Céu Claro";"Simples";"Reta";"Não";4;0;1;0;2;1;1;3;-27,060822;-49,392761;"SPRF-SC";"DEL04-SC";"UOP02-DEL04-SC"
281077;2020-04-23;"quinta-feira";"14:00:00";"PR";369;41,8;"ANDIRA";"Falta de Atenção à Condução";"Colisão traseira";"Com Vítimas Feridas";"Pleno dia";"Decrescente";"Céu Claro";"Simples";"Reta";"Não";2;0;1;0;1;0;1;2;-23,071476;-50,264962;"SPRF-PR";"DEL07-PR";"UOP05-DEL07-PR"
281086;2020-04-23;"quinta-feira";"04:15:00";"MG";381;394;"BOM JESUS DO AMPARO";"Velocidade Incompatível";"Saída de leito carroçável";"Com Vítimas Feridas";"Plena Noite";"Decrescente";"Nevoeiro/Neblina";"Dupla";"Reta";"Não";1;0;1;0;0;0;1;1;-19,75621517;-43,47246139;"SPRF-MG";"DEL01-MG";"UOP01-DEL01-MG"
281087;2020-04-23;"quinta-feira";"16:00:00";"SC";282;4,5;"FLORIANOPOLIS";"Sinalização da via insuficiente ou inadequada";"Colisão com objeto estático";"Sem Vítimas";"Pleno dia";"Decrescente";"Céu Claro";"Simples";"Retorno Regulamentado";"Não";1;0;0;0;1;0;0;1;-27,592646;-48,604034;"SPRF-SC";"DEL01-SC";"UOP01-DEL01-SC"
281090;2020-04-23;"quinta-feira";"16:35:00";"GO";153;537,5;"HIDROLANDIA";"Animais na Pista";"Colisão traseira";"Com Vítimas Feridas";"Pleno dia";"Decrescente";"Céu Claro";"Dupla";"Reta;Declive";"Não";3;0;1;0;1;1;1;3;-17,0276;-49,2229;"SPRF-GO";"DEL01-GO";"UOP03-DEL01-GO"
281094;2020-04-23;"quinta-feira";"16:20:00";"DF";70;10,3;"BRASILIA";"Ingestão de Álcool";"Colisão transversal";"Com Vítimas Feridas";"Pleno dia";"Decrescente";"Chuva";"Dupla";"Reta;Interseção de Vias;Em Obras";"Sim";4;0;1;0;2;1;1;3;-15,78826852;-48,14353824;"SPRF-DF";"DEL03-DF";"UOP02-DEL03-DF"
281095;2020-01-18;"sábado";"13:35:00";"MG";381;510;"SAO JOAQUIM DE BICAS";"Falta de Atenção à Condução";"Colisão traseira";"Com Vítimas Feridas";"Pleno dia";"Crescente";"Nublado";"Simples";"Reta";"Sim";4;0;2;0;1;1;2;3;-20,07738209;-44,30434488;"SPRF-MG";"DEL01-MG";"UOP03-DEL01-MG"
281108;2020-04-23;"quinta-feira";"17:00:00";"MT";163;666;"LUCAS DO RIO VERDE";"Defeito Mecânico no Veículo";"Saída de leito carroçável";"Sem Vítimas";"Anoitecer";"Crescente";"Céu Claro";"Simples";"Reta";"Não";1;0;0;0;1;0;0;1;-13,35614507;-56,06233985;"SPRF-MT";"DEL06-MT";"UOP01-DEL06-MT"
281109;2020-04-23;"quinta-feira";"19:00:00";"MG";459;66,3;"IPUIUNA";"Desobediência às normas de trânsito pelo condutor";"Colisão lateral";"Com Vítimas Feridas";"Plena Noite";"Decrescente";"Nublado";"Simples";"Curva";"Não";3;0;1;0;1;1;1;3;-22,1326237;-46,17717954;"SPRF-MG";"DEL09-MG";"UOP01-DEL09-MG"
281113;2020-04-23;"quinta-feira";"19:10:00";"TO";242;466;"FORMOSO DO ARAGUAIA";"Falta de Atenção à Condução";"Colisão frontal";"Com Vítimas Fatais";"Plena Noite";"Decrescente";"Nublado";"Simples";"Reta";"Não";3;1;0;0;1;1;0;3;-11,79756062;-49,64559296;"SPRF-TO";"DEL01-TO";"UOP02-DEL01-TO"
281121;2020-04-23;"quinta-feira";"19:30:00";"PR";277;689,5;"SAO MIGUEL DO IGUACU";"Velocidade Incompatível";"Atropelamento de Pedestre";"Com Vítimas Fatais";"Plena Noite";"Crescente";"Céu Claro";"Dupla";"Reta";"Sim";4;1;2;0;1;0;2;3;-25,35059002;-54,24064696;"SPRF-PR";"DEL05-PR";"UOP01-DEL05-PR"
281127;2020-04-23;"quinta-feira";"20:00:00";"MT";163;1041;"PEIXOTO DE AZEVEDO";"Desobediência às normas de trânsito pelo condutor";"Colisão lateral";"Com Vítimas Fatais";"Plena Noite";"Decrescente";"Nublado";"Simples";"Declive";"Sim";4;1;0;0;1;3;0;5;-10,27040906;-55,01042292;"SPRF-MT";"DEL06-MT";"NPF/DEL06-MT"
281133;2020-04-23;"quinta-feira";"21:00:00";"MS";163;112;"ITAQUIRAI";"Defeito Mecânico no Veículo";"Incêndio";"Sem Vítimas";"Plena Noite";"Crescente";"Céu Claro";"Dupla";"Reta";"Não";2;0;0;0;1;1;0;2;-23,17920299;-54,19991714;"SPRF-MS";"DEL09-MS";"UOP01-DEL09-MS"
281136;2020-04-23;"quinta-feira";"22:05:00";"PR";277;136,5;"CAMPO LARGO";"Ingestão de Álcool";"Tombamento";"Sem Vítimas";"Plena Noite";"Crescente";"Céu Claro";"Dupla";"Aclive;Reta";"Não";5;0;0;0;4;2;0;4;-25,44518045;-49,4985659;"SPRF-PR";"DEL01-PR";"UOP03-DEL03-PR"
281149;2020-04-23;"quinta-feira";"23:30:00";"MG";365;698,8;"MONTE ALEGRE DE MINAS";"Velocidade Incompatível";"Saída de leito carroçável";"Com Vítimas Feridas";"Plena Noite";"Decrescente";"Céu Claro";"Dupla";"Reta";"Não";2;0;1;0;0;1;1;2;-18,87943694;-48,97913;"SPRF-MG";"DEL15-MG";"UOP03-DEL15-MG"
281150;2020-04-23;"quinta-feira";"20:30:00";"MT";163;896;"CLAUDIA";"Condutor Dormindo";"Tombamento";"Com Vítimas Feridas";"Plena Noite";"Decrescente";"Nublado";"Simples";"Reta";"Não";2;0;1;0;0;1;1;2;-11,46961596;-55,36012633;"SPRF-MT";"DEL06-MT";"NPF/DEL06-MT"
281153;2020-04-23;"quinta-feira";"22:00:00";"RO";435;99;"COLORADO DO OESTE";"Animais na Pista";"Atropelamento de Animal";"Sem Vítimas";"Plena Noite";"Decrescente";"Céu Claro";"Simples";"Aclive";"Não";2;0;0;0;1;3;0;4;-13,18608492;-60,60098401;"SPRF-RO";"DEL04-RO";"UOP02-DEL04-RO"
281154;2020-04-24;"sexta-feira";"03:05:00";"SP";116;515,5;"CAJATI";"Ingestão de Álcool";"Colisão lateral";"Sem Vítimas";"Plena Noite";"Decrescente";"Céu Claro";"Simples";"Declive";"Não";2;0;0;0;1;1;0;2;-24,8725765;-48,2093811;"SPRF-SP";"DEL05-SP";"UOP02-DEL05-SP"