"id";"data_inversa";"dia_semana";"horario";"uf";"br";"km";"municipio";"causa_acidente";"tipo_acidente";"classificacao_acidente";"fase_dia";"sentido_via";"condicao_metereologica";"tipo_pista";"tracado_via";"uso_solo";"pessoas";"mortos";"feridos_leves";"feridos_graves";"ilesos";"ignorados";"feridos";"veiculos";"latitude";"longitude";"regional";"delegacia";"uop"
281869;2020-04-28;"terça-feira";"09:30:00";"CE";222;24;"CAUCAIA";"Desobediência às normas de trânsito pelo condutor";"Colisão frontal";"Sem Vítimas";"Pleno dia";"Crescente";"Céu Claro";"Simples";"Reta";"Não";2;0;0;0;2;0;0;2;-3,72993822;-38,76858609;"SPRF-CE";"DEL01-CE";"UOP01-DEL01-CE"
281875;2020-04-28;"terça-feira";"11:20:00";"RS";386;390,5;"TRIUNFO";"Velocidade Incompatível";"Colisão traseira";"Com Vítimas Feridas";"Pleno dia";"Decrescente";"Céu Claro";"Simples";"Em Obras";"Não";3;0;2;0;1;0;2;2;-29,702715;-51,677055;"SPRF-RS";"DEL04-RS";"UOP02-DEL04-RS"
281876;2020-04-28;"terça-feira";"09:45:00";"MG";116;434,3;"ENGENHEIRO CALDAS";"Condutor Dormindo";"Colisão com objeto estático";"Com Vítimas Feridas";"Pleno dia";"Decrescente";"Sol";"Simples";"Reta";"Não";1;0;1;0;0;0;1;1;-19,02966598;-41,99022204;"SPRF-MG";"DEL06-MG";"UOP01-DEL06-MG"
281880;2020-04-28;"terça-feira";"13:40:00";"SP";153;37;"ONDA VERDE";"Desobediência às normas de trânsito pelo condutor";"Colisão transversal";"Com Vítimas Feridas";"Pleno dia";"Crescente";"Céu Claro";"Simples";"Reta";"Não";2;0;1;0;1;0;1;2;-20,59800483;-49,31715452;"SPRF-SP";"DEL09-SP";"UOP01-DEL09-SP"
281884;2020-04-28;"terça-feira";"13:40:00";"PE";316;20;"ARARIPINA";"Avarias e/ou desgaste excessivo no pneu";"Tombamento";"Sem Vítimas";"Pleno dia";"Decrescente";"Céu Claro";"Simples";"Reta";"Não";1;0;0;0;1;0;0;1;-7,56322625;-40,53152561;"SPRF-PE";"DEL05-PE";"UOP02-DEL05-PE"
281889;2020-04-28;"terça-feira";"10:10:00";"MG";262;423;"IGARATINGA";"Desobediência às normas de trânsito pelo condutor";"Colisão transversal";"Com Vítimas Feridas";"Pleno dia";"Crescente";"Céu Claro";"Dupla";"Reta";"Sim";3;0;0;1;1;1;1;3;-19,88411644;-44,73943306;"SPRF-MG";"DEL08-MG";"UOP03-DEL08-MG"
281890;2020-04-28;"terça-feira";"15:10:00";"MG";381;4,6;"BETIM";"Falta de Atenção à Condução";"Saída de leito carroçável";"Com Vítimas Fatais";"Pleno dia";"Crescente";"Céu Claro";"Dupla";"Reta";"Sim";2;1;0;0;1;0;0;2;-19,96825;-44,198708;"SPRF-MG";"DEL01-MG";"UOP03-DEL01-MG"
281891;2020-04-28;"terça-feira";"14:40:00";"PR";277;220;"TEIXEIRA SOARES";"Velocidade Incompatível";"Tombamento";"Com Vítimas Feridas";"Pleno dia";"Decrescente";"Céu Claro";"Simples";"Declive";"Não";2;0;1;0;0;2;1;3;-25,46362638;-50,37796805;"SPRF-PR";"DEL03-PR";"UOP03-DEL03-PR"
281893;2020-04-28;"terça-feira";"14:25:00";"RS";116;91,6;"CAMPESTRE DA SERRA";"Desobediência às normas de trânsito pelo condutor";"Saída de leito carroçável";"Com Vítimas Feridas";"Pleno dia";"Decrescente";"Céu Claro";"Simples";"Aclive";"Não";2;0;1;0;0;1;1;2;-28,86918963;-51,11955903;"SPRF-RS";"DEL05-RS";"UOP03-DEL05-RS"
281900;2020-04-28;"terça-feira";"16:20:00";"PE";101;80;"JABOATAO DOS GUARARAPES";"Falta de Atenção à Condução";"Colisão lateral";"Sem Vítimas";"Pleno dia";"Crescente";"Chuva";"Dupla";"Interseção de Vias";"Sim";2;0;0;0;1;1;0;2;-8,15112589;-34,9428866;"SPRF-PE";"DEL01-PE";"UOP03-DEL01-PE"
281901;2020-04-28;"terça-feira";"14:20:00";"MA";135;21,6;"SAO LUIS";"Falta de Atenção à Condução";"Colisão traseira";"Sem Vítimas";"Pleno dia";"Crescente";"Céu Claro";"Dupla";"Reta;Aclive";"Não";2;0;0;0;2;0;0;2;-2,738702;-44,336989;"SPRF-MA";"DEL01-MA";"UOP01-DEL01-MA"
281905;2020-04-28;"terça-feira";"15:45:00";"RS";116;52,6;"VACARIA";"Falta de Atenção à Condução";"Colisão lateral";"Sem Vítimas";"Pleno dia";"Crescente";"Céu Claro";"Múltipla";"Curva;Declive";"Não";4;0;0;0;3;1;0;3;-28,58229507;-51,02378683;"SPRF-RS";"DEL05-RS";"UOP03-DEL05-RS"
281908;2020-04-28;"terça-feira";"16:35:00";"BA";324;578;"CANDEIAS";"Defeito na Via";"Saída de leito carroçável";"Com Vítimas Feridas";"Anoitecer";"Crescente";"Nublado";"Dupla";"Declive;Reta";"Não";2;0;1;0;1;0;1;2;-12,58896655;-38,52358272;"SPRF-BA";"DEL01-BA";"UOP01-DEL01-BA"
281911;2020-04-28;"terça-feira";"16:30:00";"SC";101;416;"ARARANGUA";"Falta de Atenção à Condução";"Colisão transversal";"Com Vítimas Feridas";"Anoitecer";"Crescente";"Céu Claro";"Dupla";"Reta";"Sim";2;0;1;0;1;0;1;2;-28,96708874;-49,52338825;"SPRF-SC";"DEL02-SC";"UOP02-DEL02-SC"
281912;2020-04-28;"terça-feira";"16:05:00";"MG";116;418,2;"GOVERNADOR VALADARES";"Falta de Atenção à Condução";"Tombamento";"Com Vítimas Feridas";"Pleno dia";"Crescente";"Céu Claro";"Simples";"Reta";"Sim";2;0;0;1;1;0;1;2;-18,91059296;-41,94156567;"SPRF-MG";"DEL06-MG";"UOP01-DEL06-MG"
281913;2020-04-28;"terça-feira";"09:30:00";"PR";277;309;"GUARAPUAVA";"Defeito Mecânico no Veículo";"Colisão com objeto estático";"Com Vítimas Feridas";"Pleno dia";"Decrescente";"Nublado";"Simples";"Declive;Curva";"Não";1;0;1;0;0;0;1;1;-25,3075;-51,21;"SPRF-PR";"DEL08-PR";"UOP01-DEL08-PR"
281918;2020-04-28;"terça-feira";"15:10:00";"PR";476;242;"LAPA";"Velocidade Incompatível";"Tombamento";"Com Vítimas Feridas";"Pleno dia";"Crescente";"Sol";"Simples";"Curva";"Não";2;0;1;0;0;1;1;2;-25,858768;-50,08609;"SPRF-PR";"DEL02-PR";"UOP04-DEL02-PR"
281921;2020-04-28;"terça-feira";"16:25:00";"AL";101;161;"CAMPO ALEGRE";"Falta de Atenção à Condução";"Colisão traseira";"Com Vítimas Feridas";"Pleno dia";"Crescente";"Sol";"Dupla";"Reta";"Não";2;0;0;1;0;1;1;2;-9,90050999;-36,246598;"SPRF-AL";"DEL02-AL";"UOP02-DEL02-AL"
281926;2020-04-28;"terça-feira";"19:00:00";"BA";324;444,3;"RIACHAO DO JACUIPE";"Falta de Atenção à Condução";"Colisão traseira";"Com Vítimas Fatais";"Plena Noite";"Crescente";"Céu Claro";"Simples";"Reta";"Não";2;1;0;0;0;1;0;2;-11,8324;-39,3583;"SPRF-BA";"DEL02-BA";"UOP01-DEL02-BA"
281934;2020-04-28;"terça-feira";"15:15:00";"RS";471;163,1;"RIO PARDO";"Desobediência às normas de trânsito pelo condutor";"Colisão lateral";"Com Vítimas Feridas";"Pleno dia";"Decrescente";"Céu Claro";"Simples";"Interseção de Vias";"Não";2;0;1;0;1;0;1;2;-29,931791;-52,389271;"SPRF-RS";"DEL02-RS";"UOP02-DEL02-RS"
281937;2020-04-28;"terça-feira";"16:00:00";"SC";282;355,7;"CAMPOS NOVOS";"Condutor Dormindo";"Saída de leito carroçável";"Com Vítimas Fatais";"Pleno dia";"Crescente";"Céu Claro";"Simples";"Curva;Declive";"Não";2;1;0;0;0;1;0;2;-27,350309;-51,335823;"SPRF-SC";"DEL07-SC";"UOP05-DEL07-SC"
281938;2020-04-28;"terça-feira";"18:50:00";"MT";163;749;"SORRISO";"Avarias e/ou desgaste excessivo no pneu";"Colisão com objeto em movimento";"Sem Vítimas";"Plena Noite";"Crescente";"Céu Claro";"Dupla";"Aclive";"Não";4;0;0;0;3;1;0;3;-12,68056718;-55,79601858;"SPRF-MT";"DEL06-MT";"UOP01-DEL06-MT"
281943;2020-04-28;"terça-feira";"18:05:00";"GO";20;157,7;"ALVORADA DO NORTE";"Objeto estático sobre o leito carroçável";"Colisão traseira";"Com Vítimas Feridas";"Anoitecer";"Crescente";"Céu Claro";"Simples";"Reta;Ponte";"Não";5;0;3;0;1;2;3;5;-14,639812;-46,627869;"SPRF-DF";"DEL02-DF";"UOP03-DEL02-DF"
281954;2020-04-28;"terça-feira";"22:20:00";"SE";101;91,3;"NOSSA SENHORA DO SOCORRO";"Desobediência às normas de trânsito pelo condutor";"Colisão traseira";"Com Vítimas Fatais";"Plena Noite";"Decrescente";"Chuva";"Múltipla";"Aclive;Reta";"Não";2;1;0;0;0;1;0;2;-10,89849802;-37,13176324;"SPRF-SE";"DEL01-SE";"UOP01-DEL01-SE"
281964;2020-04-28;"terça-feira";"22:50:00";"PE";232;108;"BEZERROS";"Condutor Dormindo";"Saída de leito carroçável";"Com Vítimas Feridas";"Plena Noite";"Crescente";"Garoa/Chuvisco";"Dupla";"Reta";"Não";1;0;1;0;0;0;1;1;-8,27437583;-35,80416315;"SPRF-PE";"DEL02-PE";"UOP03-DEL02-PE"
281966;2020-04-28;"terça-feira";"22:42:00";"RS";290;68;"GRAVATAI";"Condutor Dormindo";"Colisão traseira";"Com Vítimas Feridas";"Plena Noite";"Crescente";"Céu Claro";"Múltipla";"Reta";"Não";2;0;1;0;1;0;1;2;-29,943384;-50,936207;"SPRF-RS";"DEL03-RS";"UOP01-DEL03-RS"
281968;2020-04-28;"terça-feira";"23:40:00";"SP";153;184,7;"LINS";"Condutor Dormindo";"Colisão traseira";"Com Vítimas Feridas";"Plena Noite";"Decrescente";"Céu Claro";"Simples";"Reta;Aclive";"Não";3;0;1;0;2;0;1;2;-21,71258307;-49,81046895;"SPRF-SP";"DEL07-SP";"UOP01-DEL07-SP"
281971;2020-04-29;"quarta-feira";"00:30:00";"RJ";101;23;"CAMPOS DOS GOYTACAZES";"Velocidade Incompatível";"Tombamento";"Com Vítimas Feridas";"Plena Noite";"Crescente";"Garoa/Chuvisco";"Simples";"Curva";"Não";1;0;1;0;0;0;1;1;-21,30960444;-41,32553897;"SPRF-RJ";"DEL08-RJ";"UOP01-DEL08-RJ"
281976;2020-04-29;"quarta-feira";"03:45:00";"MT";364;515;"ROSARIO OESTE";"Ultrapassagem Indevida";"Saída de leito carroçável";"Com Vítimas Feridas";"Plena Noite";"Decrescente";"Céu Claro";"Simples";"Reta";"Não";2;0;1;0;0;2;1;3;-15,13868198;-56,52240032;"SPRF-MT";"DEL01-MT";"UOP02-DEL01-MT"
281978;2020-04-29;"quarta-feira";"05:15:00";"MS";163;495;"CAMPO GRANDE";"Condutor Dormindo";"Colisão frontal";"Com Vítimas Feridas";"Amanhecer";"Crescente";"Céu Claro";"Simples";"Curva";"Não";4;0;2;0;1;2;2;4;-20,35090398;-54,51922417;"SPRF-MS";"DEL01-MS";"UOP02-DEL01-MS"
281980;2020-04-21;"terça-feira";"20:05:00";"PI";316;48,8;"LAGOA DO PIAUI";"Defeito na Via";"Tombamento";"Sem Vítimas";"Plena Noite";"Decrescente";"Garoa/Chuvisco";"Simples";"Reta";"Não";2;0;0;0;2;0;0;1;-5,488379;-42,639364;"SPRF-PI";"DEL01-PI";"UOP02-DEL01-PI"
281982;2020-04-29;"quarta-feira";"06:50:00";"BA";116;817,8;"VITORIA DA CONQUISTA";"Desobediência às normas de trânsito pelo condutor";"Colisão frontal";"Com Vítimas Feridas";"Pleno dia";"Decrescente";"Céu Claro";"Simples";"Rotatória";"Não";2;0;0;1;1;0;1;2;-14,78186283;-40,73870709;"SPRF-BA";"DEL08-BA";"UOP01-DEL08-BA"
281985;2020-04-29;"quarta-feira";"02:30:00";"BA";242;659;"MUQUEM DE SAO FRANCISCO";"Defeito Mecânico no Veículo";"Tombamento";"Com Vítimas Feridas";"Amanhecer";"Decrescente";"Céu Claro";"Simples";"Curva;Declive";"Não";2;0;1;0;0;2;1;3;-12,22862847;-43,83304596;"SPRF-BA";"DEL06-BA";"UOP03-DEL06-BA"
281989;2020-04-29;"quarta-feira";"05:20:00";"RJ";393;200;"RIO DAS FLORES";"Restrição de Visibilidade";"Colisão transversal";"Com Vítimas Feridas";"Amanhecer";"Decrescente";"Nevoeiro/Neblina";"Simples";"Curva";"Não";17;0;3;0;13;1;3;3;-22,22809042;-43,42346191;"SPRF-RJ";"DEL05-RJ";"UOP03-DEL05-RJ"
281995;2020-04-29;"quarta-feira";"02:40:00";"RO";364;499,9;"ARIQUEMES";"Velocidade Incompatível";"Colisão traseira";"Com Vítimas Feridas";"Amanhecer";"Decrescente";"Nevoeiro/Neblina";"Simples";"Declive";"Não";4;0;0;2;2;0;2;2;-10,03749603;-62,97660129;"SPRF-RO";"DEL03-RO";"UOP01-DEL03-RO"
282000;2020-04-29;"quarta-feira";"09:15:00";"RS";285;494,5;"ENTRE-IJUIS";"Não guardar distância de segurança";"Colisão transversal";"Com Vítimas Feridas";"Pleno dia";"Crescente";"Céu Claro";"Simples";"Reta";"Não";2;0;1;0;1;0;1;2;-28,375273;-54,237846;"SPRF-RS";"DEL10-RS";"UOP01-DEL10-RS"
282008;2020-04-29;"quarta-feira";"10:55:00";"SC";101;205,7;"SAO JOSE";"Falta de Atenção à Condução";"Colisão lateral";"Com Vítimas Feridas";"Pleno dia";"Decrescente";"Céu Claro";"Dupla";"Reta";"Sim";2;0;1;0;1;0;1;2;-27,58313237;-48,61532885;"SPRF-SC";"DEL01-SC";"UOP01-DEL01-SC"
282010;2020-04-29;"quarta-feira";"11:10:00";"ES";101;1;"ICONHA";"Velocidade Incompatível";"Tombamento";"Com Vítimas Feridas";"Pleno dia";"Decrescente";"Céu Claro";"Dupla";"Curva";"Não";4;0;0;1;2;1;1;3;-20,79029076;-40,78739762;"SPRF-ES";"DEL03-ES";"UOP01-DEL03-ES"
282012;2020-04-29;"quarta-feira";"10:00:00";"MT";163;802;"VERA";"Não guardar distância de segurança";"Engavetamento";"Sem Vítimas";"Pleno dia";"Crescente";"Céu Claro";"Simples";"Reta";"Não";5;0;0;0;4;1;0;5;-12,1535226;-55,5134096;"SPRF-MT";"DEL06-MT";"UOP01-DEL06-MT"
282014;2020-04-29;"quarta-feira";"11:45:00";"MG";40;567,9;"NOVA LIMA";"Mal Súbito";"Colisão traseira";"Com Vítimas Feridas";"Pleno dia";"Crescente";"Sol";"Simples";"Aclive;Curva";"Sim";3;0;0;1;1;1;1;3;-20,18749199;-43,96845002;"SPRF-MG";"DEL01-MG";"UOP02-DEL01-MG"
282015;2020-04-29;"quarta-feira";"09:25:00";"PR";467;93,8;"CASCAVEL";"Desobediência às normas de trânsito pelo condutor";"Colisão lateral";"Com Vítimas Feridas";"Pleno dia";"Crescente";"Céu Claro";"Dupla";"Reta";"Não";4;0;1;0;1;3;1;5;-24,8599;-53,5868;"SPRF-PR";"DEL04-PR";"UOP01-DEL04-PR"
282018;2020-04-29;"quarta-feira";"11:15:00";"MT";163;1060;"GUARANTA DO NORTE";"Falta de Atenção à Condução";"Colisão frontal";"Com Vítimas Fatais";"Pleno dia";"Decrescente";"Céu Claro";"Simples";"Reta";"Não";4;2;0;0;1;3;0;5;-9,99635;-54,907103;"SPRF-MT";"DEL06-MT";"NPF/DEL06-MT"
282020;2020-04-29;"quarta-feira";"10:55:00";"PR";376;258,5;"CALIFORNIA";"Falta de Atenção à Condução";"Colisão transversal";"Com Vítimas Feridas";"Pleno dia";"Crescente";"Céu Claro";"Simples";"Reta";"Sim";3;0;0;1;1;1;1;3;-23,69272877;-51,34454778;"SPRF-PR";"DEL07-PR";"UOP03-DEL07-PR"
282024;2020-04-29;"quarta-feira";"13:00:00";"BA";101;399;"IBIRAPITANGA";"Agressão Externa";"Saída de leito carroçável";"Sem Vítimas";"Pleno dia";"Decrescente";"Céu Claro";"Simples";"Reta";"Não";1;0;0;0;1;0;0;1;-14,08645601;-39,37944903;"SPRF-BA";"DEL05-BA";"UOP03-DEL05-BA"
282026;2020-04-29;"quarta-feira";"11:10:00";"SP";116;504,9;"CAJATI";"Falta de Atenção à Condução";"Colisão com objeto estático";"Com Vítimas Feridas";"Pleno dia";"Decrescente";"Céu Claro";"Simples";"Curva";"Não";2;0;1;0;0;1;1;2;-24,78266496;-48,20865858;"SPRF-SP";"DEL05-SP";"UOP02-DEL05-SP"
282034;2020-04-08;"quarta-feira";"09:45:00";"TO";153;175;"ARAGUAINA";"Falta de Atenção à Condução";"Colisão lateral";"Com Vítimas Feridas";"Pleno dia";"Crescente";"Sol";"Simples";"Reta";"Não";3;0;1;0;2;0;1;2;-7,43735692;-48,36528928;"SPRF-TO";"DEL02-TO";"UOP01-DEL02-TO"
282036;2020-04-29;"quarta-feira";"13:20:00";"GO";153;567,5;"PROFESSOR JAMIL";"Defeito Mecânico no Veículo";"Incêndio";"Sem Vítimas";"Pleno dia";"Crescente";"Céu Claro";"Dupla";"Reta";"Não";2;0;0;0;1;1;0;2;-17,2757;-49,2384;"SPRF-GO";"DEL03-GO";"UOP01-DEL03-GO"
282039;2020-04-29;"quarta-feira";"15:20:00";"RJ";493;102;"SEROPEDICA";"Restrição de Visibilidade";"Colisão traseira";"Com Vítimas Feridas";"Pleno dia";"Decrescente";"Céu Claro";"Dupla";"Reta";"Não";4;0;2;0;2;0;2;2;-22,758627;-43,732564;"SPRF-RJ";"DEL03-RJ";"UOP01-DEL03-RJ"
282056;2020-04-21;"terça-feira";"13:00:00";"BA";242;659;"MUQUEM DE SAO FRANCISCO";"Falta de Atenção à Condução";"Saída de leito carroçável";"Com Vítimas Feridas";"Pleno dia";"Decrescente";"Céu Claro";"Simples";"Curva;Declive";"Não";1;0;0;1;0;0;1;1;-12,22888012;-43,83364677;"SPRF-BA";"DEL06-BA";"UOP03-DEL06-BA"
282058;2020-04-29;"quarta-feira";"17:30:00";"RS";386;389,6;"TRIUNFO";"Desobediência às normas de trânsito pelo condutor";"Colisão frontal";"Com Vítimas Feridas";"Pleno dia";"Crescente";"Céu Claro";"Simples";"Curva";"Não";4;0;0;2;1;1;2;3;-29,699799;-51,686905;"SPRF-RS";"DEL04-RS";"UOP02-DEL04-RS"
282073;2020-04-29;"quarta-feira";"19:40:00";"PR";116;104;"SAO JOSE DOS PINHAIS";"Desobediência às normas de trânsito pelo condutor";"Colisão traseira";"Com Vítimas Feridas";"Plena Noite";"Decrescente";"Céu Claro";"Dupla";"Reta";"Não";2;0;0;1;0;1;1;2;-25,56472785;-49,15859603;"SPRF-PR";"DEL01-PR";"UOP01-DEL01-PR"
282074;2020-04-14;"terça-feira";"19:05:00";"RS";158;195;"CRUZ ALTA";"Desobediência às normas de trânsito pelo condutor";"Colisão transversal";"Com Vítimas Feridas";"Plena Noite";"Crescente";"Céu Claro";"Simples";"Interseção de Vias";"Sim";2;0;0;1;1;0;1;2;-28,6460613;-53,57589779;"SPRF-RS";"DEL10-RS";"UOP02-DEL10-RS"
282079;2020-04-29;"quarta-feira";"20:20:00";"ES";101;294;"CARIACICA";"Defeito na Via";"Queda de ocupante de veículo";"Com Vítimas Feridas";"Plena Noite";"Crescente";"Nublado";"Dupla";"Declive";"Não";4;0;0;1;2;1;1;4;-20,32415948;-40,3952903;"SPRF-ES";"DEL01-ES";"UOP01-DEL01-ES"
282080;2020-04-29;"quarta-feira";"20:30:00";"PR";476;213;"LAPA";"Falta de Atenção à Condução";"Saída de leito carroçável";"Com Vítimas Feridas";"Plena Noite";"Decrescente";"Nublado";"Dupla";"Curva";"Não";2;0;1;0;0;2;1;3;-25,77979797;-49,87621307;"SPRF-PR";"DEL02-PR";"UOP04-DEL02-PR"
282081;2020-04-29;"quarta-feira";"18:41:00";"ES";482;80;"JERONIMO MONTEIRO";"Falta de Atenção à Condução";"Colisão transversal";"Com Vítimas Feridas";"Plena Noite";"Crescente";"Céu Claro";"Simples";"Rotatória";"Não";2;0;1;0;1;0;1;2;-20,79463379;-41,37622833;"SPRF-ES";"DEL03-ES";"UOP02-DEL03-ES"
282082;2020-04-29;"quarta-feira";"18:30:00";"SP";116;486;"CAJATI";"Falta de Atenção à Condução";"Colisão traseira";"Sem Vítimas";"Plena Noite";"Decrescente";"Céu Claro";"Dupla";"Reta";"Não";2;0;0;0;2;0;0;2;-24,7217453;-48,08178493;"SPRF-SP";"DEL05-SP";"UOP02-DEL05-SP"
282083;2020-04-29;"quarta-feira";"18:20:00";"SC";163;104;"SAO JOSE DO CEDRO";"Desobediência às normas de trânsito pelo condutor";"Colisão frontal";"Com Vítimas Feridas";"Pleno dia";"Crescente";"Céu Claro";"Dupla";"Aclive;Curva";"Sim";3;0;1;1;1;0;2;2;-26,45385604;-53,51042064;"SPRF-SC";"DEL07-SC";"UOP03-DEL07-SC"
282090;2020-04-29;"quarta-feira";"16:45:00";"PR";116;53;"CAMPINA GRANDE DO SUL";"Falta de Atenção à Condução";"Colisão com objeto estático";"Com Vítimas Feridas";"Pleno dia";"Decrescente";"Céu Claro";"Dupla";"Reta";"Não";2;0;1;0;0;1;1;2;-25,25695209;-48,91330764;"SPRF-PR";"DEL01-PR";"UOP02-DEL01-PR"
282092;2020-04-29;"quarta-feira";"19:30:00";"BA";101;751,2;"ITABELA";"Velocidade Incompatível";"Colisão lateral";"Com Vítimas Feridas";"Plena Noite";"Crescente";"Nublado";"Simples";"Curva;Declive";"Não";3;0;2;0;0;1;2;3;-16,61888;-39,54129696;"SPRF-BA";"DEL09-BA";"UOP01-DEL09-BA"
282095;2020-04-30;"quinta-feira";"01:15:00";"TO";153;230,5;"COLINAS DO TOCANTINS";"Desobediência às normas de trânsito pelo condutor";"Colisão frontal";"Com Vítimas Fatais";"Plena Noite";"Crescente";"Céu Claro";"Simples";"Reta";"Não";3;2;0;0;0;1;0;2;-7,90606098;-48,46297606;"SPRF-TO";"DEL02-TO";"UOP01-DEL02-TO"
282098;2020-04-30;"quinta-feira";"03:00:00";"RS";386;306,3;"POUSO NOVO";"Defeito Mecânico no Veículo";"Tombamento";"Com Vítimas Feridas";"Plena Noite";"Crescente";"Ignorado";"Simples";"Curva";"Não";2;0;1;0;0;1;1;2;-29,198884;-52,182248;"SPRF-RS";"DEL04-RS";"UOP01-DEL04-RS"
282099;2020-04-29;"quarta-feira";"21:47:00";"MG";40;183;"JOAO PINHEIRO";"Ingestão de Álcool";"Colisão lateral";"Com Vítimas Feridas";"Plena Noite";"Decrescente";"Céu Claro";"Simples";"Curva";"Não";3;0;1;0;1;1;1;3;-17,98758522;-45,96009124;"SPRF-MG";"DEL14-MG";"UOP02-DEL14-MG"
282101;2020-04-30;"quinta-feira";"02:30:00";"PR";153;468;"PORTO VITORIA";"Defeito Mecânico no Veículo";"Incêndio";"Sem Vítimas";"Plena Noite";"Crescente";"Nevoeiro/Neblina";"Simples";"Reta;Aclive";"Sim";2;0;0;0;2;0;0;1;-26,31333;-51,2186431;"SPRF-PR";"DEL02-PR";"UOP03-DEL02-PR"
282106;2020-04-30;"quinta-feira";"02:30:00";"RS";116;115,3;"SAO MARCOS";"Ingestão de Álcool";"Saída de leito carroçável";"Sem Vítimas";"Plena Noite";"Decrescente";"Nublado";"Simples";"Declive;Curva";"Sim";1;0;0;0;1;0;0;1;-28,9712;-51,072197;"SPRF-RS";"DEL05-RS";"UOP01-DEL05-RS"
282110;2020-04-30;"quinta-feira";"06:30:00";"SP";116;182,5;"SANTA ISABEL";"Falta de Atenção à Condução";"Colisão traseira";"Com Vítimas Feridas";"Amanhecer";"Crescente";"Céu Claro";"Dupla";"Aclive";"Sim";2;0;1;0;1;0;1;2;-23,35004307;-46,17458761;"SPRF-SP";"DEL02-SP";"UOP01-DEL02-SP"
282114;2020-04-30;"quinta-feira";"02:30:00";"MG";262;646;"IBIA";"Agressão Externa";"Saída de leito carroçável";"Com Vítimas Feridas";"Plena Noite";"Decrescente";"Céu Claro";"Simples";"Curva";"Não";2;0;1;0;0;1;1;2;-19,57764821;-46,5997379;"SPRF-MG";"DEL08-MG";"UOP01-DEL08-MG"
282116;2020-04-30;"quinta-feira";"06:40:00";"DF";60;9;"BRASILIA";"Falta de Atenção à Condução";"Colisão traseira";"Com Vítimas Feridas";"Pleno dia";"Decrescente";"Céu Claro";"Dupla";"Reta;Aclive";"Não";6;0;4;0;2;0;4;5;-15,906383;-48,139546;"SPRF-DF";"DEL03-DF";"UOP01-DEL03-DF"
282118;2020-04-30;"quinta-feira";"05:55:00";"RO";364;253,7;"CACOAL";"Animais na Pista";"Tombamento";"Com Vítimas Feridas";"Amanhecer";"Crescente";"Céu Claro";"Simples";"Reta";"Não";2;0;1;0;0;2;1;3;-11,43672682;-61,58825899;"SPRF-RO";"DEL02-RO";"UOP02-DEL02-RO"
282119;2020-04-30;"quinta-feira";"07:20:00";"RJ";393;178;"PARAIBA DO SUL";"Desobediência às normas de trânsito pelo condutor";"Colisão frontal";"Com Vítimas Feridas";"Pleno dia";"Crescente";"Céu Claro";"Simples";"Reta";"Sim";3;0;0;1;1;1;1;3;-22,12634272;-43,22811953;"SPRF-RJ";"DEL05-RJ";"UOP03-DEL05-RJ"
282122;2020-04-30;"quinta-feira";"07:00:00";"BA";324;525;"FEIRA DE SANTANA";"Falta de Atenção à Condução";"Colisão traseira";"Com Vítimas Feridas";"Pleno dia";"Crescente";"Chuva";"Simples";"Reta";"Não";3;0;1;1;1;0;2;2;-12,30106981;-38,8977869;"SPRF-BA";"DEL01-BA";"UOP01-DEL01-BA"
282132;2020-02-28;"sexta-feira";"23:30:00";"GO";364;173;"JATAI";"Condutor Dormindo";"Colisão frontal";"Com Vítimas Feridas";"Plena Noite";"Crescente";"Nublado";"Simples";"Curva";"Não";5;0;2;0;2;1;2;3;-18,008829;-51,563248;"SPRF-GO";"DEL05-GO";"UOP01-DEL05-GO"
282133;2020-04-30;"quinta-feira";"08:00:00";"SC";282;344,2;"CAMPOS NOVOS";"Falta de Atenção à Condução";"Tombamento";"Sem Vítimas";"Pleno dia";"Crescente";"Céu Claro";"Simples";"Rotatória";"Sim";2;0;0;0;1;1;0;2;-27,381166;-51,240082;"SPRF-SC";"DEL07-SC";"UOP06-DEL07-SC"
282138;2020-04-30;"quinta-feira";"10:45:00";"RS";116;353,8;"TAPES";"Falta de Atenção à Condução";"Colisão traseira";"Com Vítimas Feridas";"Pleno dia";"Crescente";"Sol";"Simples";"Reta;Em Obras";"Não";2;0;1;0;1;0;1;2;-30,561855;-51,51976;"SPRF-RS";"DEL02-RS";"UOP03-DEL02-RS"
282140;2020-04-30;"quinta-feira";"11:00:00";"PA";230;125;"MARABA";"Ultrapassagem Indevida";"Colisão frontal";"Com Vítimas Feridas";"Pleno dia";"Crescente";"Céu Claro";"Simples";"Reta";"Sim";3;0;0;1;2;0;1;3;-5,37652185;-49,14349399;"SPRF-PA";"DEL03-PA";"UOP01-DEL03-PA"
282142;2020-04-26;"domingo";"08:20:00";"MG";116;220,2;"CATUJI";"Carga excessiva e/ou mal acondicionada";"Derramamento de carga";"Sem Vítimas";"Pleno dia";"Decrescente";"Céu Claro";"Simples";"Curva";"Não";2;0;0;0;1;1;0;2;-17,40682777;-41,51524967;"SPRF-MG";"DEL11-MG";"UOP01-DEL11-MG"