"id";"data_inversa";"dia_semana";"horario";"uf";"br";"km";"municipio";"causa_acidente";"tipo_acidente";"classificacao_acidente";"fase_dia";"sentido_via";"condicao_metereologica";"tipo_pista";"tracado_via";"uso_solo";"pessoas";"mortos";"feridos_leves";"feridos_graves";"ilesos";"ignorados";"feridos";"veiculos";"latitude";"longitude";"regional";"delegacia";"uop"
282144;2020-04-30;"quinta-feira";"12:20:00";"SP";116;69;"APARECIDA";"Falta de Atenção à Condução";"Colisão traseira";"Com Vítimas Feridas";"Pleno dia";"Crescente";"Céu Claro";"Dupla";"Reta";"Sim";3;0;1;0;1;1;1;3;-22,84523167;-45,22614241;"SPRF-SP";"DEL08-SP";"UOP01-DEL08-SP"
282148;2020-04-30;"quinta-feira";"05:35:00";"TO";153;770;"ALVORADA";"Restrição de Visibilidade";"Tombamento";"Com Vítimas Feridas";"Amanhecer";"Crescente";"Céu Claro";"Simples";"Reta";"Não";3;0;2;0;0;2;2;3;-12,55630013;-49,09079915;"SPRF-TO";"DEL01-TO";"UOP02-DEL01-TO"
282149;2020-04-30;"quinta-feira";"12:30:00";"GO";40;5;"VALPARAISO DE GOIAS";"Falta de Atenção à Condução";"Colisão lateral";"Sem Vítimas";"Pleno dia";"Crescente";"Céu Claro";"Dupla";"Reta";"Sim";4;0;0;0;3;1;0;4;-16,093134;-47,982236;"SPRF-DF";"DEL01-DF";"UOP01-DEL01-DF"
282153;2020-04-30;"quinta-feira";"07:30:00";"MG";365;90,2;"JEQUITAI";"Restrição de Visibilidade";"Colisão traseira";"Com Vítimas Feridas";"Amanhecer";"Decrescente";"Sol";"Simples";"Reta";"Não";3;0;1;0;1;1;1;3;-17,2046899;-44,44052917;"SPRF-MG";"DEL12-MG";"UOP01-DEL12-MG"
282156;2020-04-30;"quinta-feira";"11:30:00";"MG";262;558,5;"CORREGO DANTA";"Ingestão de Álcool";"Tombamento";"Com Vítimas Feridas";"Pleno dia";"Crescente";"Sol";"Simples";"Curva";"Não";3;0;2;0;1;0;2;1;-19,72243801;-45,93499096;"SPRF-MG";"DEL08-MG";"UOP02-DEL08-MG"
282168;2020-04-30;"quinta-feira";"13:31:00";"BA";116;814,9;"VITORIA DA CONQUISTA";"Falta de Atenção do Pedestre";"Atropelamento de Pedestre";"Com Vítimas Fatais";"Pleno dia";"Crescente";"Céu Claro";"Simples";"Reta";"Sim";3;1;0;0;1;2;0;4;-14,76880012;-40,71367294;"SPRF-BA";"DEL08-BA";"UOP01-DEL08-BA"
282170;2020-04-30;"quinta-feira";"14:45:00";"RJ";393;216;"VASSOURAS";"Falta de Atenção à Condução";"Colisão transversal";"Com Vítimas Feridas";"Pleno dia";"Decrescente";"Sol";"Simples";"Declive";"Sim";2;0;1;0;1;0;1;2;-22,31482535;-43,52405548;"SPRF-RJ";"DEL05-RJ";"UOP03-DEL05-RJ"
282171;2020-04-30;"quinta-feira";"15:30:00";"MG";381;367;"SAO GONCALO DO RIO ABAIXO";"Falta de Atenção à Condução";"Tombamento";"Com Vítimas Feridas";"Pleno dia";"Decrescente";"Céu Claro";"Simples";"Curva;Aclive";"Não";2;0;1;0;0;2;1;3;-19,84959351;-43,27455396;"SPRF-MG";"DEL03-MG";"UOP01-DEL03-MG"
282182;2020-04-30;"quinta-feira";"15:40:00";"MT";364;203;"RONDONOPOLIS";"Falta de Atenção à Condução";"Colisão transversal";"Com Vítimas Feridas";"Pleno dia";"Decrescente";"Céu Claro";"Dupla";"Reta";"Sim";3;0;1;0;1;1;1;3;-16,47555256;-54,65344724;"SPRF-MT";"DEL02-MT";"UOP01-DEL02-MT"
282183;2020-04-30;"quinta-feira";"17:10:00";"PA";222;237;"MARABA";"Desobediência às normas de trânsito pelo condutor";"Colisão transversal";"Com Vítimas Feridas";"Pleno dia";"Crescente";"Céu Claro";"Simples";"Reta";"Sim";4;0;2;0;1;1;2;3;-5,294009;-49,075771;"SPRF-PA";"DEL03-PA";"UOP01-DEL03-PA"
282194;2020-04-30;"quinta-feira";"15:30:00";"MG";381;624,2;"OLIVEIRA";"Não guardar distância de segurança";"Colisão traseira";"Sem Vítimas";"Pleno dia";"Crescente";"Sol";"Dupla";"Reta";"Não";2;0;0;0;2;0;0;2;-20,817322;-44,795982;"SPRF-MG";"DEL04-MG";"UOP01-DEL04-MG"
282196;2020-04-30;"quinta-feira";"17:35:00";"PI";343;642;"JERUMENHA";"Defeito na Via";"Tombamento";"Sem Vítimas";"Anoitecer";"Decrescente";"Céu Claro";"Simples";"Reta";"Não";2;0;0;0;1;2;0;3;-7,029466;-43,387642;"SPRF-PI";"DEL03-PI";"UOP01-DEL03-PI"
282200;2020-04-30;"quinta-feira";"15:30:00";"RO";364;700;"PORTO VELHO";"Desobediência às normas de trânsito pelo condutor";"Colisão lateral";"Com Vítimas Feridas";"Pleno dia";"Decrescente";"Céu Claro";"Dupla";"Reta";"Sim";3;0;1;0;1;2;1;4;-8,80049426;-63,76902;"SPRF-RO";"DEL01-RO";"UOP01-DEL01-RO"
282211;2020-04-30;"quinta-feira";"19:55:00";"BA";116;932;"ENCRUZILHADA";"Ingestão de Álcool";"Colisão lateral";"Com Vítimas Feridas";"Plena Noite";"Decrescente";"Nublado";"Simples";"Reta";"Não";4;0;0;2;1;1;2;3;-15,688225;-41,327084;"SPRF-BA";"DEL08-BA";"UOP03-DEL08-BA"
282212;2020-04-30;"quinta-feira";"19:15:00";"GO";40;4,9;"VALPARAISO DE GOIAS";"Ingestão de Álcool";"Colisão lateral";"Sem Vítimas";"Plena Noite";"Crescente";"Céu Claro";"Dupla";"Reta";"Sim";2;0;0;0;2;0;0;2;-16,100814;-47,977351;"SPRF-DF";"DEL01-DF";"UOP01-DEL01-DF"
282214;2020-04-30;"quinta-feira";"20:30:00";"RS";470;65;"LAGOA VERMELHA";"Ingestão de Álcool";"Colisão frontal";"Com Vítimas Feridas";"Plena Noite";"Decrescente";"Céu Claro";"Dupla";"Reta";"Não";3;0;1;0;1;1;1;3;-28,203287;-51,525436;"SPRF-RS";"DEL08-RS";"UOP05-DEL08-RS"
282223;2020-04-30;"quinta-feira";"20:30:00";"ES";101;0,2;"SERRA";"Desobediência às normas de trânsito pelo condutor";"Colisão lateral";"Com Vítimas Feridas";"Plena Noite";"Decrescente";"Céu Claro";"Múltipla";"Interseção de Vias";"Sim";2;0;0;1;1;0;1;2;-20,23592549;-40,27667284;"SPRF-ES";"DEL02-ES";"UOP01-DEL02-ES"
282226;2020-04-30;"quinta-feira";"20:50:00";"PR";376;516;"PONTA GROSSA";"Falta de Atenção à Condução";"Colisão lateral";"Sem Vítimas";"Plena Noite";"Crescente";"Céu Claro";"Dupla";"Reta";"Não";3;0;0;0;1;2;0;3;-25,26700833;-49,95127273;"SPRF-PR";"DEL03-PR";"UOP04-DEL03-PR"
282227;2020-03-29;"domingo";"21:50:00";"PE";232;16,3;"JABOATAO DOS GUARARAPES";"Condutor Dormindo";"Saída de leito carroçável";"Com Vítimas Fatais";"Plena Noite";"Decrescente";"Chuva";"Dupla";"Reta";"Não";5;3;0;2;0;0;2;1;-8,09414193;-35,03716601;"SPRF-PE";"DEL01-PE";"UOP01-DEL01-PE"
282234;2020-04-30;"quinta-feira";"21:25:00";"PR";277;137;"BALSA NOVA";"Falta de Atenção à Condução";"Colisão traseira";"Com Vítimas Feridas";"Plena Noite";"Decrescente";"Céu Claro";"Dupla";"Reta";"Não";3;0;0;1;1;1;1;3;-25,473415;-49,700959;"SPRF-PR";"DEL01-PR";"UOP03-DEL03-PR"
282239;2020-04-30;"quinta-feira";"19:07:00";"MG";381;625;"OLIVEIRA";"Defeito Mecânico no Veículo";"Colisão com objeto estático";"Com Vítimas Feridas";"Plena Noite";"Decrescente";"Céu Claro";"Dupla";"Reta;Declive";"Não";2;0;1;0;0;1;1;2;-20,82314205;-44,80113661;"SPRF-MG";"DEL04-MG";"UOP01-DEL04-MG"
282244;2020-05-01;"sexta-feira";"00:00:00";"PA";230;630,5;"ALTAMIRA";"Ingestão de Álcool";"Saída de leito carroçável";"Sem Vítimas";"Plena Noite";"Decrescente";"Nublado";"Simples";"Reta";"Não";1;0;0;0;1;0;0;1;-3,17321239;-52,16297998;"SPRF-PA";"DEL04-PA";"UOP01-DEL04-PA"
282247;2020-05-01;"sexta-feira";"02:00:00";"PB";101;96;"ALHANDRA";"Condutor Dormindo";"Saída de leito carroçável";"Com Vítimas Feridas";"Plena Noite";"Crescente";"Chuva";"Simples";"Reta";"Não";2;0;1;0;1;0;1;1;-7,230921;-34,921149;"SPRF-PB";"DEL01-PB";"UOP01-DEL01-PB"
282249;2020-05-01;"sexta-feira";"02:30:00";"MG";381;817,8;"CAREACU";"Condutor Dormindo";"Colisão traseira";"Com Vítimas Feridas";"Plena Noite";"Decrescente";"Céu Claro";"Dupla";"Aclive";"Não";3;0;1;0;0;3;1;4;-22,09232049;-45,69171147;"SPRF-MG";"DEL16-MG";"UOP02-DEL16-MG"
282251;2020-05-01;"sexta-feira";"02:00:00";"SP";116;489;"CAJATI";"Ingestão de Substâncias Psicoativas";"Saída de leito carroçável";"Sem Vítimas";"Plena Noite";"Decrescente";"Céu Claro";"Dupla";"Reta";"Sim";2;0;0;0;1;1;0;2;-24,73034183;-48,10760707;"SPRF-SP";"DEL05-SP";"UOP02-DEL05-SP"
282255;2020-04-30;"quinta-feira";"19:40:00";"SC";280;215,1;"TRES BARRAS";"Velocidade Incompatível";"Tombamento";"Com Vítimas Feridas";"Plena Noite";"Crescente";"Céu Claro";"Simples";"Reta";"Não";5;0;3;0;1;1;3;5;-26,18222028;-50,21677704;"SPRF-SC";"DEL06-SC";"UOP04-DEL06-SC"
282256;2020-05-01;"sexta-feira";"04:15:00";"SP";116;24,5;"LAVRINHAS";"Condutor Dormindo";"Colisão traseira";"Com Vítimas Feridas";"Plena Noite";"Decrescente";"Céu Claro";"Dupla";"Declive";"Não";5;0;3;1;0;1;4;3;-22,59895814;-44,88797962;"SPRF-SP";"DEL08-SP";"UOP02-DEL08-SP"
282258;2020-04-30;"quinta-feira";"12:00:00";"CE";222;297;"TIANGUA";"Defeito Mecânico no Veículo";"Tombamento";"Com Vítimas Feridas";"Pleno dia";"Crescente";"Chuva";"Simples";"Curva";"Não";2;0;1;0;0;1;1;2;-3,65826065;-40,92482891;"SPRF-CE";"DEL04-CE";"UOP02-DEL04-CE"
282266;2020-04-30;"quinta-feira";"23:15:00";"MG";40;58;"PARACATU";"Defeito Mecânico no Veículo";"Incêndio";"Sem Vítimas";"Plena Noite";"Crescente";"Céu Claro";"Simples";"Reta";"Não";1;0;0;0;1;0;0;1;-17,30237298;-46,77173492;"SPRF-MG";"DEL14-MG";"UOP01-DEL14-MG"
282269;2020-05-01;"sexta-feira";"07:10:00";"SC";153;115,7;"CONCORDIA";"Velocidade Incompatível";"Saída de leito carroçável";"Com Vítimas Fatais";"Pleno dia";"Crescente";"Chuva";"Simples";"Curva";"Não";3;1;1;0;0;1;1;2;-27,347181;-51,987637;"SPRF-SC";"DEL07-SC";"UOP04-DEL07-SC"
282271;2020-04-30;"quinta-feira";"18:00:00";"MT";364;142;"PEDRA PRETA";"Velocidade Incompatível";"Tombamento";"Sem Vítimas";"Anoitecer";"Crescente";"Céu Claro";"Simples";"Curva";"Não";2;0;0;0;1;2;0;3;-16,79020572;-54,14182091;"SPRF-MT";"DEL02-MT";"UOP01-DEL02-MT"
282272;2020-05-01;"sexta-feira";"05:46:00";"MG";381;922;"CAMANDUCAIA";"Velocidade Incompatível";"Tombamento";"Com Vítimas Feridas";"Amanhecer";"Crescente";"Céu Claro";"Dupla";"Curva";"Não";1;0;1;0;0;0;1;1;-22,76707833;-46,21789606;"SPRF-MG";"DEL16-MG";"UOP03-DEL16-MG"
282281;2020-05-01;"sexta-feira";"06:30:00";"BA";242;863;"BARREIRAS";"Agressão Externa";"Tombamento";"Com Vítimas Feridas";"Pleno dia";"Decrescente";"Sol";"Simples";"Reta";"Não";2;0;1;0;0;2;1;3;-12,06734075;-45,61360544;"SPRF-BA";"DEL10-BA";"UOP01-DEL10-BA"
282282;2020-05-01;"sexta-feira";"08:30:00";"RJ";356;1,6;"ITAPERUNA";"Velocidade Incompatível";"Colisão frontal";"Com Vítimas Feridas";"Pleno dia";"Decrescente";"Céu Claro";"Simples";"Curva";"Não";2;0;1;0;1;0;1;2;-21,1423902;-42,16936013;"SPRF-RJ";"DEL08-RJ";"UOP03-DEL08-RJ"
282284;2020-05-01;"sexta-feira";"08:45:00";"BA";135;11;"FORMOSA DO RIO PRETO";"Falta de Atenção à Condução";"Colisão transversal";"Com Vítimas Feridas";"Pleno dia";"Decrescente";"Céu Claro";"Simples";"Interseção de Vias";"Não";5;0;1;0;3;2;1;4;-10,91759511;-45,17728329;"SPRF-BA";"DEL10-BA";"UOP01-DEL10-BA"
282289;2020-05-01;"sexta-feira";"10:00:00";"PR";116;117,5;"CURITIBA";"Carga excessiva e/ou mal acondicionada";"Derramamento de carga";"Sem Vítimas";"Pleno dia";"Decrescente";"Céu Claro";"Dupla";"Curva;Declive";"Sim";2;0;0;0;1;1;0;2;-25,56255537;-49,30831432;"SPRF-PR";"DEL01-PR";"UOP03-DEL01-PR"
282293;2020-05-01;"sexta-feira";"07:30:00";"SC";282;407,9;"CATANDUVAS";"Falta de Atenção à Condução";"Colisão lateral";"Com Vítimas Feridas";"Pleno dia";"Crescente";"Chuva";"Simples";"Curva";"Não";3;0;1;0;1;1;1;3;-27,083517;-51,662014;"SPRF-SC";"DEL07-SC";"UOP05-DEL07-SC"
282298;2020-05-01;"sexta-feira";"11:15:00";"PR";476;45;"TUNAS DO PARANA";"Velocidade Incompatível";"Tombamento";"Com Vítimas Feridas";"Pleno dia";"Crescente";"Nublado";"Simples";"Curva;Declive";"Não";2;0;1;0;0;2;1;3;-24,9137;-49,09547;"SPRF-PR";"DEL01-PR";"UOP07-DEL01-PR"
282305;2020-05-01;"sexta-feira";"09:15:00";"GO";153;603,4;"MORRINHOS";"Velocidade Incompatível";"Colisão traseira";"Sem Vítimas";"Pleno dia";"Crescente";"Céu Claro";"Dupla";"Reta";"Não";3;0;0;0;2;2;0;4;-17,5779;-49,1974;"SPRF-GO";"DEL03-GO";"UOP01-DEL03-GO"
282313;2020-05-01;"sexta-feira";"14:10:00";"MG";381;526,2;"BRUMADINHO";"Defeito Mecânico no Veículo";"Colisão lateral";"Com Vítimas Feridas";"Pleno dia";"Crescente";"Céu Claro";"Dupla";"Curva;Declive";"Não";6;0;3;0;2;1;3;3;-20,16175378;-44,34144636;"SPRF-MG";"DEL04-MG";"UOP03-DEL04-MG"
282320;2020-05-01;"sexta-feira";"15:15:00";"RS";116;248;"SAO LEOPOLDO";"Falta de Atenção à Condução";"Colisão lateral";"Sem Vítimas";"Pleno dia";"Decrescente";"Céu Claro";"Dupla";"Curva";"Não";2;0;0;0;2;0;0;2;-29,77605895;-51,15508618;"SPRF-RS";"DEL01-RS";"UOP02-DEL01-RS"
282329;2020-05-01;"sexta-feira";"17:35:00";"MG";381;479,2;"CONTAGEM";"Desobediência às normas de trânsito pelo condutor";"Colisão traseira";"Com Vítimas Feridas";"Anoitecer";"Crescente";"Céu Claro";"Dupla";"Reta";"Sim";4;0;0;1;3;0;1;2;-19,96280589;-44,0409836;"SPRF-MG";"DEL01-MG";"UOP03-DEL01-MG"
282331;2020-05-01;"sexta-feira";"16:20:00";"PR";376;599;"CURITIBA";"Falta de Atenção à Condução";"Colisão traseira";"Com Vítimas Feridas";"Anoitecer";"Decrescente";"Nublado";"Dupla";"Curva;Declive";"Sim";4;0;1;0;2;1;1;3;-25,52629711;-49,32958412;"SPRF-PR";"DEL01-PR";"UOP06-DEL01-PR"
282333;2020-05-01;"sexta-feira";"15:40:00";"MA";135;79;"SANTA RITA";"Falta de Atenção à Condução";"Colisão com objeto estático";"Sem Vítimas";"Pleno dia";"Decrescente";"Chuva";"Simples";"Reta";"Não";2;0;0;0;1;2;0;3;-3,212133;-44,36219192;"SPRF-MA";"DEL01-MA";"UOP02-DEL01-MA"
282342;2020-05-01;"sexta-feira";"18:40:00";"BA";101;718,2;"EUNAPOLIS";"Velocidade Incompatível";"Tombamento";"Com Vítimas Feridas";"Plena Noite";"Decrescente";"Céu Claro";"Múltipla";"Interseção de Vias";"Sim";1;0;1;0;0;0;1;1;-16,37466229;-39,58084345;"SPRF-BA";"DEL09-BA";"UOP01-DEL09-BA"
282346;2020-05-01;"sexta-feira";"18:40:00";"PI";316;291,1;"PICOS";"Falta de Atenção do Pedestre";"Atropelamento de Pedestre";"Com Vítimas Feridas";"Plena Noite";"Decrescente";"Chuva";"Simples";"Reta";"Não";2;0;0;1;1;0;1;2;-7,00108408;-41,61168804;"SPRF-PI";"DEL04-PI";"UOP01-DEL04-PI"
282359;2020-05-01;"sexta-feira";"19:00:00";"TO";153;628;"ALIANCA DO TOCANTINS";"Defeito Mecânico no Veículo";"Incêndio";"Sem Vítimas";"Plena Noite";"Decrescente";"Céu Claro";"Simples";"Reta";"Não";2;0;0;0;1;2;0;3;-11,34411498;-48,95423704;"SPRF-TO";"DEL01-TO";"UOP02-DEL01-TO"
282361;2020-05-01;"sexta-feira";"19:45:00";"PR";277;218,2;"TEIXEIRA SOARES";"Ultrapassagem Indevida";"Colisão frontal";"Com Vítimas Fatais";"Plena Noite";"Decrescente";"Nublado";"Simples";"Reta";"Não";5;2;1;0;0;2;1;4;-25,4562276;-50,4366649;"SPRF-PR";"DEL03-PR";"UOP03-DEL03-PR"
282367;2020-05-01;"sexta-feira";"18:18:00";"RO";364;189,2;"PIMENTA BUENO";"Falta de Atenção à Condução";"Colisão traseira";"Com Vítimas Feridas";"Anoitecer";"Crescente";"Ignorado";"Simples";"Reta";"Não";3;0;0;1;1;4;1;6;-11,72754327;-61,13530712;"SPRF-RO";"DEL02-RO";"UOP02-DEL02-RO"
282370;2020-05-01;"sexta-feira";"18:40:00";"MG";381;169,5;"GOVERNADOR VALADARES";"Falta de Atenção à Condução";"Colisão lateral";"Com Vítimas Feridas";"Plena Noite";"Crescente";"Céu Claro";"Simples";"Curva";"Não";2;0;0;1;0;1;1;2;-18,96700208;-42,09033791;"SPRF-MG";"DEL06-MG";"UOP01-DEL06-MG"
282376;2020-05-01;"sexta-feira";"20:25:00";"SC";158;138;"PALMITOS";"Ingestão de Álcool";"Colisão transversal";"Com Vítimas Feridas";"Pleno dia";"Crescente";"Nublado";"Simples";"Curva";"Não";2;0;0;1;1;0;1;2;-27,103971;-53,212343;"SPRF-SC";"DEL07-SC";"UOP02-DEL07-SC"
282381;2020-05-01;"sexta-feira";"21:15:00";"MG";365;118,2;"JEQUITAI";"Velocidade Incompatível";"Saída de leito carroçável";"Com Vítimas Feridas";"Plena Noite";"Decrescente";"Nublado";"Simples";"Curva";"Não";4;0;1;1;1;1;2;3;-17,17050008;-44,68039909;"SPRF-MG";"DEL12-MG";"UOP01-DEL12-MG"
282385;2020-05-01;"sexta-feira";"19:30:00";"MS";163;660;"RIO VERDE DE MATO GROSSO";"Desobediência às normas de trânsito pelo condutor";"Colisão traseira";"Sem Vítimas";"Plena Noite";"Crescente";"Céu Claro";"Simples";"Reta";"Não";3;0;0;0;2;2;0;4;-19,08202703;-54,78594103;"SPRF-MS";"DEL06-MS";"UOP02-DEL06-MS"
282386;2020-05-01;"sexta-feira";"19:30:00";"SC";470;216,4;"SAO CRISTOVAO DO SUL";"Ingestão de álcool e/ou substâncias psicoativas pelo pedestre";"Colisão frontal";"Com Vítimas Feridas";"Plena Noite";"Decrescente";"Nublado";"Simples";"Aclive";"Não";3;0;1;0;1;1;1;3;-27,303444;-50,276501;"SPRF-SC";"DEL05-SC";"UOP03-DEL05-SC"
282402;2020-05-01;"sexta-feira";"23:20:00";"CE";222;149;"IRAUCUBA";"Ingestão de Álcool";"Colisão frontal";"Com Vítimas Feridas";"Plena Noite";"Crescente";"Nublado";"Simples";"Reta";"Não";3;0;2;0;1;0;2;2;-3,7500811;-39,78191501;"SPRF-CE";"DEL04-CE";"UOP03-DEL04-CE"
282403;2020-05-01;"sexta-feira";"23:40:00";"SP";116;108;"TAUBATE";"Velocidade Incompatível";"Colisão lateral";"Sem Vítimas";"Plena Noite";"Decrescente";"Céu Claro";"Dupla";"Reta";"Sim";2;0;0;0;1;1;0;2;-23,0233097;-45,53763622;"SPRF-SP";"DEL06-SP";"UOP01-DEL06-SP"
282414;2020-05-02;"sábado";"04:30:00";"MG";381;541;"RIO MANSO";"Velocidade Incompatível";"Colisão traseira";"Com Vítimas Fatais";"Plena Noite";"Decrescente";"Céu Claro";"Dupla";"Curva";"Não";3;1;1;0;1;0;1;2;-20,25686585;-44,4185141;"SPRF-MG";"DEL04-MG";"UOP03-DEL04-MG"
282415;2020-05-02;"sábado";"04:00:00";"MG";381;539,9;"ITATIAIUCU";"Defeito Mecânico no Veículo";"Colisão traseira";"Com Vítimas Feridas";"Plena Noite";"Decrescente";"Ignorado";"Dupla";"Reta;Declive";"Não";5;0;3;0;1;2;3;4;-20,242548;-44,41251621;"SPRF-MG";"DEL04-MG";"UOP03-DEL04-MG"
282421;2020-05-02;"sábado";"06:25:00";"BA";116;478;"SANTO ESTEVAO";"Falta de Atenção à Condução";"Colisão traseira";"Com Vítimas Feridas";"Pleno dia";"Decrescente";"Céu Claro";"Dupla";"Reta";"Não";3;0;2;0;1;0;2;2;-12,50074681;-39,35183809;"SPRF-BA";"DEL02-BA";"UOP01-DEL02-BA"
282423;2020-05-02;"sábado";"06:45:00";"RS";290;73,1;"GRAVATAI";"Condutor Dormindo";"Saída de leito carroçável";"Com Vítimas Feridas";"Amanhecer";"Crescente";"Céu Claro";"Dupla";"Reta";"Não";2;0;1;1;0;0;2;1;-29,952868;-50,986462;"SPRF-RS";"DEL03-RS";"UOP01-DEL03-RS"
282430;2020-05-02;"sábado";"07:30:00";"PR";116;107,7;"SAO JOSE DOS PINHAIS";"Falta de Atenção à Condução";"Colisão lateral";"Com Vítimas Feridas";"Pleno dia";"Crescente";"Céu Claro";"Dupla";"Reta";"Não";3;0;1;0;1;3;1;5;-25,57147018;-49,19760597;"SPRF-PR";"DEL01-PR";"UOP06-DEL01-PR"
282439;2020-05-02;"sábado";"10:15:00";"PR";277;70;"SAO JOSE DOS PINHAIS";"Falta de Atenção à Condução";"Colisão lateral";"Com Vítimas Feridas";"Pleno dia";"Crescente";"Céu Claro";"Dupla";"Reta";"Não";4;0;1;0;1;2;1;4;-25,53715243;-49,07076619;"SPRF-PR";"DEL01-PR";"UOP07-DEL01-PR"
282441;2020-05-02;"sábado";"09:15:00";"MG";116;412,2;"GOVERNADOR VALADARES";"Falta de Atenção à Condução";"Colisão transversal";"Com Vítimas Feridas";"Pleno dia";"Crescente";"Céu Claro";"Dupla";"Reta";"Sim";3;0;0;1;1;1;1;3;-18,86882342;-41,97144241;"SPRF-MG";"DEL06-MG";"UOP01-DEL06-MG"
282453;2020-05-02;"sábado";"13:05:00";"SP";116;183,8;"SANTA ISABEL";"Falta de Atenção à Condução";"Colisão lateral";"Com Vítimas Feridas";"Pleno dia";"Crescente";"Céu Claro";"Dupla";"Reta";"Não";3;0;1;0;1;1;1;3;-23,34888216;-46,17091894;"SPRF-SP";"DEL02-SP";"UOP01-DEL02-SP"
282460;2020-05-02;"sábado";"13:40:00";"PR";163;65,7;"PEROLA DOESTE";"Desobediência às normas de trânsito pelo condutor";"Colisão transversal";"Com Vítimas Feridas";"Pleno dia";"Crescente";"Céu Claro";"Simples";"Curva;Interseção de Vias";"Não";2;0;0;1;1;0;1;2;-25,82499;-53,750645;"SPRF-PR";"DEL02-PR";"UOP02-DEL02-PR"
282486;2020-05-02;"sábado";"15:00:00";"BA";116;910;"ENCRUZILHADA";"Falta de Atenção à Condução";"Colisão traseira";"Sem Vítimas";"Pleno dia";"Decrescente";"Céu Claro";"Simples";"Reta";"Não";3;0;0;0;2;1;0;3;-15,51554;-41,23829;"SPRF-BA";"DEL08-BA";"UOP03-DEL08-BA"
282497;2020-05-02;"sábado";"19:10:00";"SP";116;488,4;"CAJATI";"Ingestão de Álcool";"Colisão traseira";"Com Vítimas Feridas";"Plena Noite";"Decrescente";"Céu Claro";"Dupla";"Reta";"Sim";3;0;1;0;1;3;1;5;-24,73097634;-48,09815591;"SPRF-SP";"DEL05-SP";"UOP02-DEL05-SP"
282508;2020-05-01;"sexta-feira";"03:50:00";"SP";116;434,8;"REGISTRO";"Falta de Atenção à Condução";"Tombamento";"Com Vítimas Feridas";"Plena Noite";"Decrescente";"Céu Claro";"Dupla";"Reta";"Não";2;0;1;0;0;1;1;2;-24,42368904;-47,77892497;"SPRF-SP";"DEL05-SP";"UOP01-DEL05-SP"
282518;2020-05-02;"sábado";"10:45:00";"BA";242;363;"LENCOIS";"Defeito Mecânico no Veículo";"Tombamento";"Com Vítimas Feridas";"Pleno dia";"Decrescente";"Céu Claro";"Simples";"Curva;Declive";"Não";2;0;1;0;0;2;1;3;-12,46727769;-41,4150469;"SPRF-BA";"DEL06-BA";"UOP01-DEL06-BA"
282528;2020-05-02;"sábado";"21:45:00";"GO";60;430;"RIO VERDE";"Falta de Atenção à Condução";"Colisão traseira";"Com Vítimas Feridas";"Plena Noite";"Crescente";"Céu Claro";"Dupla";"Reta";"Não";3;0;1;0;1;5;1;7;-17,829912;-51,36256;"SPRF-GO";"DEL04-GO";"UOP01-DEL04-GO"
282539;2020-05-02;"sábado";"23:15:00";"ES";101;145,9;"LINHARES";"Desobediência às normas de trânsito pelo condutor";"Colisão transversal";"Com Vítimas Fatais";"Plena Noite";"Decrescente";"Céu Claro";"Múltipla";"Interseção de Vias";"Sim";3;1;0;1;1;0;1;2;-19,3691256;-40,06530588;"SPRF-ES";"DEL04-ES";"UOP01-DEL04-ES"
282541;2020-05-02;"sábado";"23:25:00";"ES";101;147;"LINHARES";"Falta de Atenção à Condução";"Colisão transversal";"Com Vítimas Feridas";"Plena Noite";"Decrescente";"Céu Claro";"Simples";"Interseção de Vias";"Sim";3;0;0;1;2;0;1;2;-19,37887202;-40,06657892;"SPRF-ES";"DEL04-ES";"UOP01-DEL04-ES"
282542;2020-05-02;"sábado";"18:07:00";"BA";101;708,3;"EUNAPOLIS";"Falta de Atenção à Condução";"Colisão frontal";"Com Vítimas Fatais";"Plena Noite";"Decrescente";"Céu Claro";"Simples";"Reta";"Não";3;1;0;0;1;1;0;3;-16,47422511;-39,57902686;"SPRF-BA";"DEL09-BA";"UOP01-DEL09-BA"
282564;2020-05-03;"domingo";"04:40:00";"MG";381;880,3;"ESTIVA";"Condutor Dormindo";"Saída de leito carroçável";"Com Vítimas Feridas";"Amanhecer";"Decrescente";"Ignorado";"Dupla";"Reta";"Não";2;0;2;0;0;0;2;1;-22,50771497;-46,01674307;"SPRF-MG";"DEL16-MG";"UOP01-DEL16-MG"
282566;2020-05-03;"domingo";"04:45:00";"SP";116;128;"CACAPAVA";"Falta de Atenção à Condução";"Colisão traseira";"Com Vítimas Feridas";"Plena Noite";"Decrescente";"Céu Claro";"Dupla";"Reta";"Sim";6;0;3;2;1;0;5;2;-23,11454664;-45,71105567;"SPRF-SP";"DEL06-SP";"UOP01-DEL06-SP"
282573;2020-05-03;"domingo";"06:45:00";"PR";116;102,3;"SAO JOSE DOS PINHAIS";"Ingestão de Álcool";"Colisão traseira";"Com Vítimas Feridas";"Amanhecer";"Decrescente";"Céu Claro";"Dupla";"Reta";"Não";4;0;1;0;2;2;1;5;-25,56984211;-49,1859703;"SPRF-PR";"DEL01-PR";"UOP01-DEL01-PR"
282574;2020-05-03;"domingo";"06:30:00";"TO";226;26;"PALMEIRAS DO TOCANTINS";"Defeito na Via";"Tombamento";"Com Vítimas Feridas";"Pleno dia";"Decrescente";"Céu Claro";"Simples";"Reta;Em Obras";"Não";2;0;1;0;0;2;1;3;-6,641345;-47,667072;"SPRF-TO";"DEL02-TO";"UOP03-DEL02-TO"