"id";"data_inversa";"dia_semana";"horario";"uf";"br";"km";"municipio";"causa_acidente";"tipo_acidente";"classificacao_acidente";"fase_dia";"sentido_via";"condicao_metereologica";"tipo_pista";"tracado_via";"uso_solo";"pessoas";"mortos";"feridos_leves";"feridos_graves";"ilesos";"ignorados";"feridos";"veiculos";"latitude";"longitude";"regional";"delegacia";"uop"
282870;2020-05-05;"terça-feira";"04:55:00";"BA";101;61;"ENTRE RIOS";"Desobediência às normas de trânsito pelo condutor";"Colisão traseira";"Sem Vítimas";"Amanhecer";"Decrescente";"Nublado";"Simples";"Reta";"Sim";3;0;0;0;3;0;0;3;-11,94730352;-38,06865692;"SPRF-BA";"DEL01-BA";"UOP04-DEL01-BA"
282873;2020-05-05;"terça-feira";"01:30:00";"SP";116;478;"JACUPIRANGA";"Defeito Mecânico no Veículo";"Incêndio";"Sem Vítimas";"Plena Noite";"Decrescente";"Nublado";"Dupla";"Reta";"Não";1;0;0;0;1;0;0;1;-24,70388258;-48,01063531;"SPRF-SP";"DEL05-SP";"UOP02-DEL05-SP"
282877;2020-05-05;"terça-feira";"06:45:00";"RN";406;170;"NATAL";"Não guardar distância de segurança";"Colisão traseira";"Com Vítimas Feridas";"Pleno dia";"Crescente";"Garoa/Chuvisco";"Dupla";"Reta";"Sim";4;0;2;0;2;0;2;3;-5,75872063;-35,29921986;"SPRF-RN";"DEL02-RN";"UOP01-DEL02-RN"
282878;2020-05-05;"terça-feira";"06:32:00";"RS";285;304;"PASSO FUNDO";"Desobediência às normas de trânsito pelo condutor";"Colisão frontal";"Com Vítimas Feridas";"Amanhecer";"Decrescente";"Chuva";"Simples";"Reta";"Sim";3;0;0;1;1;2;1;4;-28,226536;-52,477192;"SPRF-RS";"DEL08-RS";"UOP03-DEL08-RS"
282879;2020-05-05;"terça-feira";"07:15:00";"PE";101;41;"IGARASSU";"Falta de Atenção à Condução";"Colisão traseira";"Com Vítimas Feridas";"Pleno dia";"Crescente";"Céu Claro";"Dupla";"Reta";"Sim";3;0;1;0;2;0;1;3;-7,83038346;-34,91426785;"SPRF-PE";"DEL01-PE";"UOP02-DEL01-PE"
282880;2020-05-05;"terça-feira";"05:40:00";"SP";116;362;"MIRACATU";"Velocidade Incompatível";"Tombamento";"Sem Vítimas";"Plena Noite";"Crescente";"Nublado";"Simples";"Curva";"Não";2;0;0;0;1;1;0;2;-24,1220177;-47,27047772;"SPRF-SP";"DEL04-SP";"UOP02-DEL04-SP"
282885;2020-05-04;"segunda-feira";"17:09:00";"GO";364;12;"SAO SIMAO";"Falta de Atenção à Condução";"Colisão com objeto estático";"Sem Vítimas";"Pleno dia";"Decrescente";"Céu Claro";"Simples";"Reta";"Não";1;0;0;0;1;0;0;1;-18,980635;-50,589607;"SPRF-GO";"DEL05-GO";"UOP02-DEL05-GO"
282890;2020-04-24;"sexta-feira";"00:35:00";"MG";365;621,2;"UBERLANDIA";"Falta de Atenção do Pedestre";"Atropelamento de Pedestre";"Com Vítimas Fatais";"Plena Noite";"Crescente";"Céu Claro";"Dupla";"Reta";"Sim";5;1;0;0;1;3;0;2;-18,89552714;-48,27167273;"SPRF-MG";"DEL15-MG";"UOP01-DEL15-MG"
282891;2020-04-03;"sexta-feira";"14:50:00";"MG";262;610,1;"IBIA";"Velocidade Incompatível";"Saída de leito carroçável";"Sem Vítimas";"Pleno dia";"Crescente";"Nublado";"Simples";"Reta;Declive";"Não";2;0;0;0;1;1;0;2;-19,60327485;-46,28405277;"SPRF-MG";"DEL08-MG";"UOP02-DEL08-MG"
282893;2020-05-05;"terça-feira";"07:30:00";"PA";10;246;"AURORA DO PARA";"Falta de Atenção à Condução";"Saída de leito carroçável";"Sem Vítimas";"Pleno dia";"Crescente";"Céu Claro";"Simples";"Declive";"Não";2;0;0;0;1;1;0;2;-2,287727;-47,563606;"SPRF-PA";"DEL02-PA";"UOP01-DEL02-PA"
282894;2020-05-05;"terça-feira";"09:45:00";"SP";116;162;"JACAREI";"Condutor Dormindo";"Tombamento";"Sem Vítimas";"Pleno dia";"Crescente";"Sol";"Múltipla";"Reta";"Não";3;0;0;0;2;1;0;3;-23,28133317;-45,98394689;"SPRF-SP";"DEL02-SP";"UOP01-DEL02-SP"
282896;2020-05-05;"terça-feira";"09:20:00";"SC";158;105;"CUNHA PORA";"Velocidade Incompatível";"Saída de leito carroçável";"Com Vítimas Feridas";"Pleno dia";"Crescente";"Chuva";"Simples";"Curva";"Não";1;0;1;0;0;0;1;1;-26,86897509;-53,16247716;"SPRF-SC";"DEL07-SC";"UOP02-DEL07-SC"
282904;2020-05-05;"terça-feira";"11:21:00";"SP";153;2,9;"ICEM";"Falta de Atenção à Condução";"Colisão lateral";"Com Vítimas Fatais";"Pleno dia";"Decrescente";"Sol";"Simples";"Reta";"Não";4;1;0;0;2;3;0;6;-20,32199868;-49,21108763;"SPRF-SP";"DEL09-SP";"UOP01-DEL09-SP"
282913;2020-05-05;"terça-feira";"13:10:00";"PR";476;133;"CURITIBA";"Falta de Atenção à Condução";"Atropelamento de Pedestre";"Com Vítimas Feridas";"Pleno dia";"Decrescente";"Céu Claro";"Múltipla";"Interseção de Vias;Reta";"Sim";2;0;1;0;1;0;1;2;-25,47084424;-49,25497055;"SPRF-PR";"DEL01-PR";"UOP03-DEL01-PR"
282914;2020-05-05;"terça-feira";"13:20:00";"SC";282;68,6;"RANCHO QUEIMADO";"Velocidade Incompatível";"Tombamento";"Com Vítimas Feridas";"Pleno dia";"Crescente";"Céu Claro";"Simples";"Declive;Curva";"Não";2;0;1;0;0;1;1;2;-27,692406;-49,075939;"SPRF-SC";"DEL01-SC";"UOP03-DEL01-SC"
282916;2020-05-05;"terça-feira";"13:50:00";"RN";226;339;"PATU";"Defeito na Via";"Colisão frontal";"Com Vítimas Feridas";"Pleno dia";"Crescente";"Nublado";"Simples";"Reta";"Não";3;0;0;1;1;2;1;4;-6,09890293;-37,64481815;"SPRF-RN";"DEL04-RN";"UOP01-DEL04-RN"
282917;2020-04-27;"segunda-feira";"20:00:00";"RO";364;108;"CHUPINGUAIA";"Falta de Atenção à Condução";"Colisão traseira";"Com Vítimas Feridas";"Plena Noite";"Crescente";"Céu Claro";"Simples";"Reta";"Não";3;0;0;1;1;3;1;5;-12,2236797;-60,68902732;"SPRF-RO";"DEL04-RO";"UOP01-DEL04-RO"
282922;2020-02-05;"quarta-feira";"10:35:00";"RS";386;354;"ESTRELA";"Velocidade Incompatível";"Colisão lateral";"Com Vítimas Feridas";"Pleno dia";"Crescente";"Céu Claro";"Dupla";"Interseção de Vias;Curva";"Não";3;0;2;0;1;0;2;2;-29,506611;-51,943012;"SPRF-RS";"DEL04-RS";"UOP02-DEL04-RS"
282924;2020-05-05;"terça-feira";"09:55:00";"SC";470;348,5;"CAMPOS NOVOS";"Velocidade Incompatível";"Tombamento";"Sem Vítimas";"Pleno dia";"Decrescente";"Garoa/Chuvisco";"Simples";"Curva";"Não";2;0;0;0;1;1;0;2;-27,54773801;-51,45227909;"SPRF-SC";"DEL07-SC";"UOP06-DEL07-SC"
282930;2020-05-05;"terça-feira";"15:10:00";"CE";116;12;"FORTALEZA";"Ingestão de Substâncias Psicoativas";"Atropelamento de Pedestre";"Com Vítimas Feridas";"Pleno dia";"Crescente";"Céu Claro";"Múltipla";"Reta";"Sim";2;0;0;1;1;0;1;2;-3,852077;-38,495525;"SPRF-CE";"DEL01-CE";"UOP02-DEL01-CE"
282936;2020-05-05;"terça-feira";"16:25:00";"SE";101;93,4;"NOSSA SENHORA DO SOCORRO";"Falta de Atenção à Condução";"Colisão lateral";"Com Vítimas Feridas";"Pleno dia";"Decrescente";"Céu Claro";"Dupla";"Reta";"Sim";2;0;0;1;1;0;1;2;-10,90212319;-37,14494787;"SPRF-SE";"DEL01-SE";"UOP01-DEL01-SE"
282944;2020-05-05;"terça-feira";"17:10:00";"SC";470;147;"RIO DO SUL";"Não guardar distância de segurança";"Colisão traseira";"Com Vítimas Feridas";"Pleno dia";"Decrescente";"Céu Claro";"Simples";"Reta";"Sim";2;0;1;0;1;0;1;2;-27,24424251;-49,69108701;"SPRF-SC";"DEL04-SC";"UOP02-DEL04-SC"
282949;2020-03-02;"segunda-feira";"15:00:00";"RO";364;699;"PORTO VELHO";"Falta de Atenção à Condução";"Colisão traseira";"Com Vítimas Feridas";"Pleno dia";"Crescente";"Garoa/Chuvisco";"Dupla";"Reta";"Não";5;0;4;0;1;0;4;2;-8,80055095;-63,76826048;"SPRF-RO";"DEL01-RO";"UOP01-DEL01-RO"
282952;2020-05-05;"terça-feira";"17:58:00";"PE";423;82,8;"JUCATI";"Desobediência às normas de trânsito pelo condutor";"Colisão traseira";"Sem Vítimas";"Plena Noite";"Crescente";"Nublado";"Simples";"Reta";"Não";8;0;0;0;6;2;0;5;-8,78236498;-36,43093004;"SPRF-PE";"DEL03-PE";"UOP01-DEL03-PE"
282956;2020-05-05;"terça-feira";"16:40:00";"CE";116;264,2;"JAGUARIBARA";"Falta de Atenção à Condução";"Saída de leito carroçável";"Com Vítimas Feridas";"Pleno dia";"Crescente";"Céu Claro";"Simples";"Reta";"Não";2;0;2;0;0;0;2;1;-5,59675801;-38,39954344;"SPRF-CE";"DEL05-CE";"UOP02-DEL05-CE"
282957;2020-05-05;"terça-feira";"18:15:00";"AL";316;193,6;"MARIBONDO";"Falta de Atenção à Condução";"Colisão com objeto estático";"Sem Vítimas";"Plena Noite";"Crescente";"Céu Claro";"Simples";"Reta";"Não";2;0;0;0;2;0;0;1;-9,56831485;-36,38466602;"SPRF-AL";"DEL03-AL";"UOP01-DEL03-AL"
282960;2020-05-05;"terça-feira";"14:34:00";"SC";153;17;"AGUA DOCE";"Não guardar distância de segurança";"Colisão traseira";"Com Vítimas Feridas";"Pleno dia";"Crescente";"Nublado";"Simples";"Aclive";"Não";3;0;1;0;2;0;1;2;-26,706577;-51,599979;"SPRF-SC";"DEL07-SC";"UOP07-DEL07-SC"
282965;2020-05-05;"terça-feira";"19:15:00";"RJ";393;279;"BARRA DO PIRAI";"Falta de Atenção à Condução";"Colisão transversal";"Com Vítimas Feridas";"Plena Noite";"Crescente";"Céu Claro";"Simples";"Curva";"Sim";3;0;0;1;1;1;1;3;-22,47615736;-44,00889998;"SPRF-RJ";"DEL05-RJ";"UOP04-DEL05-RJ"
282969;2020-05-05;"terça-feira";"19:00:00";"BA";101;125;"ALAGOINHAS";"Falta de Atenção à Condução";"Colisão traseira";"Com Vítimas Feridas";"Plena Noite";"Decrescente";"Chuva";"Simples";"Aclive";"Não";5;0;3;0;2;0;3;2;-12,1952576;-38,59267504;"SPRF-BA";"DEL01-BA";"UOP04-DEL01-BA"
282971;2020-05-05;"terça-feira";"18:00:00";"CE";222;77;"SAO LUIS DO CURU";"Ingestão de álcool e/ou substâncias psicoativas pelo pedestre";"Atropelamento de Pedestre";"Com Vítimas Fatais";"Anoitecer";"Crescente";"Céu Claro";"Simples";"Reta";"Sim";3;1;0;0;0;2;0;3;-3,67137027;-39,23351021;"SPRF-CE";"DEL04-CE";"UOP03-DEL04-CE"
282977;2020-04-20;"segunda-feira";"00:10:00";"RO";364;686;"CANDEIAS DO JAMARI";"Desobediência às normas de trânsito pelo condutor";"Colisão frontal";"Com Vítimas Fatais";"Plena Noite";"Crescente";"Nublado";"Simples";"Interseção de Vias;Reta";"Não";3;1;0;0;1;2;0;4;-8,79200268;-63,64702117;"SPRF-RO";"DEL01-RO";"UOP01-DEL01-RO"
282983;2020-05-05;"terça-feira";"19:40:00";"SC";282;446,2;"PONTE SERRADA";"Falta de Atenção à Condução";"Tombamento";"Com Vítimas Feridas";"Plena Noite";"Decrescente";"Chuva";"Simples";"Curva";"Não";1;0;1;0;0;0;1;1;-26,91349838;-51,90525055;"SPRF-SC";"DEL07-SC";"UOP04-DEL07-SC"
282985;2020-05-05;"terça-feira";"17:30:00";"MA";226;245;"TUNTUM";"Velocidade Incompatível";"Saída de leito carroçável";"Sem Vítimas";"Pleno dia";"Crescente";"Céu Claro";"Simples";"Curva";"Não";2;0;0;0;1;1;0;2;-5,40064485;-44,82878002;"SPRF-MA";"DEL03-MA";"UOP01-DEL03-MA"
282992;2020-05-05;"terça-feira";"22:10:00";"BA";324;595;"CANDEIAS";"Condutor Dormindo";"Colisão traseira";"Com Vítimas Feridas";"Plena Noite";"Crescente";"Céu Claro";"Dupla";"Reta";"Não";2;0;1;0;1;0;1;2;-12,71235341;-38,45524557;"SPRF-BA";"DEL01-BA";"UOP01-DEL01-BA"
282995;2020-05-05;"terça-feira";"22:40:00";"SC";101;189,2;"BIGUACU";"Falta de Atenção à Condução";"Atropelamento de Pedestre";"Com Vítimas Fatais";"Plena Noite";"Crescente";"Céu Claro";"Dupla";"Reta";"Não";2;1;0;0;0;1;0;2;-27,459393;-48,638914;"SPRF-SC";"DEL01-SC";"UOP01-DEL01-SC"
282996;2020-05-05;"terça-feira";"22:00:00";"MT";163;577,5;"NOVA MUTUM";"Falta de Atenção à Condução";"Tombamento";"Com Vítimas Feridas";"Plena Noite";"Crescente";"Céu Claro";"Simples";"Reta";"Não";2;0;0;1;0;2;1;3;-14,10740899;-56,11859938;"SPRF-MT";"DEL01-MT";"UOP01-DEL01-MT"
282997;2020-05-05;"terça-feira";"23:10:00";"PR";376;654,5;"TIJUCAS DO SUL";"Falta de Atenção à Condução";"Colisão traseira";"Com Vítimas Feridas";"Plena Noite";"Crescente";"Nublado";"Simples";"Reta";"Não";3;0;1;0;1;2;1;4;-25,84325961;-49,05169114;"SPRF-PR";"DEL01-PR";"UOP04-DEL01-PR"
283001;2020-05-06;"quarta-feira";"00:30:00";"BA";410;29;"TUCANO";"Defeito Mecânico no Veículo";"Saída de leito carroçável";"Com Vítimas Feridas";"Plena Noite";"Crescente";"Chuva";"Simples";"Reta";"Não";2;0;1;1;0;0;2;1;-10,96065949;-38,7477766;"SPRF-BA";"DEL07-BA";"UOP02-DEL07-BA"
283003;2020-05-06;"quarta-feira";"01:10:00";"MA";10;257,8;"IMPERATRIZ";"Falta de Atenção à Condução";"Colisão traseira";"Com Vítimas Feridas";"Plena Noite";"Decrescente";"Céu Claro";"Simples";"Reta";"Não";2;0;0;1;0;1;1;2;-5,47878735;-47,47243881;"SPRF-MA";"DEL04-MA";"UOP01-DEL04-MA"
283005;2020-05-06;"quarta-feira";"01:15:00";"RS";116;476;"SAO LOURENCO DO SUL";"Condutor Dormindo";"Saída de leito carroçável";"Com Vítimas Feridas";"Plena Noite";"Decrescente";"Céu Claro";"Simples";"Reta;Aclive";"Não";2;0;1;0;0;1;1;2;-31,37991208;-52,117431;"SPRF-RS";"DEL07-RS";"UOP01-DEL07-RS"
283006;2020-05-05;"terça-feira";"17:30:00";"PI";135;116;"BERTOLINIA";"Falta de Atenção à Condução";"Tombamento";"Sem Vítimas";"Pleno dia";"Decrescente";"Céu Claro";"Simples";"Declive";"Não";2;0;0;0;1;3;0;4;-7,57499907;-43,95317765;"SPRF-PI";"DEL03-PI";"UOP01-DEL03-PI"
283008;2020-05-06;"quarta-feira";"04:40:00";"RJ";116;171;"RIO DE JANEIRO";"Desobediência às normas de trânsito pelo condutor";"Colisão traseira";"Com Vítimas Feridas";"Plena Noite";"Decrescente";"Céu Claro";"Dupla";"Reta";"Sim";2;0;1;0;1;0;1;2;-22,8060415;-43,34289573;"SPRF-RJ";"DEL01-RJ";"UOP02-DEL01-RJ"
283010;2020-05-06;"quarta-feira";"05:45:00";"MG";116;801,1;"ALEM PARAIBA";"Desobediência às normas de trânsito pelo condutor";"Colisão frontal";"Com Vítimas Fatais";"Amanhecer";"Crescente";"Nevoeiro/Neblina";"Simples";"Interseção de Vias";"Não";4;2;0;1;1;0;1;2;-21,77056499;-42,73102799;"SPRF-MG";"DEL07-MG";"UOP01-DEL07-MG"
283014;2020-05-06;"quarta-feira";"01:50:00";"BA";407;61,5;"JUAZEIRO";"Defeito Mecânico no Veículo";"Tombamento";"Com Vítimas Feridas";"Plena Noite";"Decrescente";"Garoa/Chuvisco";"Simples";"Reta";"Não";1;0;1;0;0;0;1;1;-9,90335008;-40,27153816;"SPRF-BA";"DEL04-BA";"UOP01-DEL04-BA"
283019;2020-05-06;"quarta-feira";"06:00:00";"MT";163;909;"ITAUBA";"Falta de Atenção à Condução";"Colisão traseira";"Com Vítimas Feridas";"Pleno dia";"Decrescente";"Céu Claro";"Simples";"Reta";"Não";3;0;0;1;1;4;1;6;-11,23681;-55,305084;"SPRF-MT";"DEL06-MT";"NPF/DEL06-MT"
283028;2020-05-06;"quarta-feira";"07:40:00";"SC";470;48;"BLUMENAU";"Desobediência às normas de trânsito pelo condutor";"Colisão traseira";"Com Vítimas Feridas";"Pleno dia";"Crescente";"Nublado";"Dupla";"Reta";"Sim";2;0;1;0;1;0;1;2;-26,859823;-49,055393;"SPRF-SC";"DEL04-SC";"UOP01-DEL04-SC"
283030;2020-05-06;"quarta-feira";"08:00:00";"PR";376;317;"ORTIGUEIRA";"Velocidade Incompatível";"Saída de leito carroçável";"Com Vítimas Feridas";"Pleno dia";"Crescente";"Garoa/Chuvisco";"Simples";"Curva";"Não";3;0;1;0;1;1;1;2;-24,03662181;-51,08398691;"SPRF-PR";"DEL07-PR";"UOP02-DEL07-PR"
283034;2020-04-24;"sexta-feira";"11:20:00";"MG";146;603,5;"POCOS DE CALDAS";"Falta de Atenção à Condução";"Colisão frontal";"Com Vítimas Fatais";"Pleno dia";"Crescente";"Céu Claro";"Simples";"Declive;Reta";"Não";2;1;0;0;1;0;0;2;-21,791362;-46,44294;"SPRF-MG";"DEL09-MG";"UOP01-DEL09-MG"
283035;2020-05-06;"quarta-feira";"08:20:00";"SC";470;175,9;"POUSO REDONDO";"Desobediência às normas de trânsito pelo condutor";"Colisão lateral";"Com Vítimas Feridas";"Pleno dia";"Decrescente";"Nublado";"Simples";"Curva";"Não";2;0;1;0;1;0;1;2;-27,25350591;-49,94943403;"SPRF-SC";"DEL04-SC";"UOP02-DEL04-SC"
283037;2020-05-06;"quarta-feira";"08:45:00";"RJ";116;271,8;"BARRA MANSA";"Falta de Atenção à Condução";"Colisão com objeto estático";"Com Vítimas Feridas";"Pleno dia";"Crescente";"Sol";"Dupla";"Reta";"Não";4;0;2;0;1;1;2;3;-22,560883;-44,12224;"SPRF-RJ";"DEL07-RJ";"UOP02-DEL07-RJ"
283039;2020-05-06;"quarta-feira";"09:00:00";"SP";116;211,2;"GUARULHOS";"Não guardar distância de segurança";"Tombamento";"Com Vítimas Fatais";"Pleno dia";"Crescente";"Sol";"Múltipla";"Reta";"Sim";2;1;0;0;0;1;0;2;-23,4324306;-46,4194352;"SPRF-SP";"DEL01-SP";"UOP01-DEL01-SP"
283040;2020-05-06;"quarta-feira";"08:30:00";"MG";365;746,7;"ITUIUTABA";"Desobediência às normas de trânsito pelo pedestre";"Atropelamento de Pedestre";"Com Vítimas Feridas";"Pleno dia";"Crescente";"Céu Claro";"Simples";"Declive;Reta";"Não";4;0;0;1;1;3;1;4;-18,92782412;-49,4243538;"SPRF-MG";"DEL15-MG";"UOP03-DEL15-MG"
283047;2020-05-06;"quarta-feira";"05:15:00";"MG";116;287,2;"EUGENOPOLIS";"Falta de Atenção à Condução";"Tombamento";"Com Vítimas Feridas";"Plena Noite";"Crescente";"Céu Claro";"Simples";"Curva";"Não";1;0;1;0;0;0;1;1;-21,13517579;-42,18617331;"SPRF-MG";"DEL11-MG";"UOP01-DEL11-MG"
283049;2020-05-06;"quarta-feira";"09:30:00";"PR";277;101;"CURITIBA";"Não guardar distância de segurança";"Queda de ocupante de veículo";"Com Vítimas Fatais";"Pleno dia";"Decrescente";"Chuva";"Dupla";"Curva";"Sim";3;1;0;0;1;1;0;3;-25,42784436;-49,38027988;"SPRF-PR";"DEL01-PR";"UOP06-DEL01-PR"
283050;2020-05-06;"quarta-feira";"09:40:00";"SE";235;49,8;"ITABAIANA";"Sinalização da via insuficiente ou inadequada";"Colisão transversal";"Com Vítimas Feridas";"Pleno dia";"Decrescente";"Céu Claro";"Simples";"Reta";"Sim";2;0;0;1;1;0;1;2;-10,716222;-37,421669;"SPRF-SE";"DEL01-SE";"UOP02-DEL01-SE"
283051;2020-05-06;"quarta-feira";"06:00:00";"MA";222;378;"SANTA INES";"Condutor Dormindo";"Colisão traseira";"Com Vítimas Feridas";"Amanhecer";"Decrescente";"Céu Claro";"Simples";"Reta";"Não";3;0;1;0;1;1;1;3;-3,7888372;-45,4681877;"SPRF-MA";"DEL02-MA";"UOP01-DEL02-MA"
283052;2020-05-06;"quarta-feira";"08:00:00";"PR";116;105,8;"SAO JOSE DOS PINHAIS";"Falta de Atenção à Condução";"Tombamento";"Sem Vítimas";"Pleno dia";"Crescente";"Chuva";"Dupla";"Reta";"Sim";1;0;0;0;1;0;0;1;-25,56635207;-49,16833598;"SPRF-PR";"DEL01-PR";"UOP01-DEL01-PR"
283055;2020-05-06;"quarta-feira";"09:20:00";"MG";116;745,1;"LEOPOLDINA";"Desobediência às normas de trânsito pelo condutor";"Colisão transversal";"Com Vítimas Feridas";"Pleno dia";"Crescente";"Céu Claro";"Simples";"Reta";"Não";6;0;1;0;5;0;1;2;-21,429308;-42,51473;"SPRF-MG";"DEL07-MG";"UOP01-DEL07-MG"
283057;2020-05-06;"quarta-feira";"10:00:00";"RS";290;95;"PORTO ALEGRE";"Falta de Atenção à Condução";"Colisão traseira";"Com Vítimas Feridas";"Pleno dia";"Crescente";"Nublado";"Dupla";"Reta";"Sim";3;0;1;0;1;2;1;4;-29,9852632;-51,2026351;"SPRF-RS";"DEL01-RS";"UOP01-DEL01-RS"
283066;2020-05-06;"quarta-feira";"10:15:00";"PR";376;440;"TIBAGI";"Falta de Atenção à Condução";"Tombamento";"Com Vítimas Feridas";"Pleno dia";"Crescente";"Nublado";"Dupla";"Aclive;Curva";"Não";2;0;1;0;0;1;1;2;-24,85877828;-50,45246312;"SPRF-PR";"DEL03-PR";"UOP02-DEL03-PR"
283068;2020-04-21;"terça-feira";"10:05:00";"PR";153;515;"GENERAL CARNEIRO";"Falta de Atenção à Condução";"Tombamento";"Com Vítimas Feridas";"Pleno dia";"Decrescente";"Céu Claro";"Simples";"Aclive";"Não";2;0;1;0;0;2;1;3;-26,60414064;-51,46711171;"SPRF-PR";"DEL02-PR";"UOP03-DEL02-PR"
283073;2020-05-06;"quarta-feira";"07:15:00";"BA";324;518;"FEIRA DE SANTANA";"Falta de Atenção à Condução";"Colisão transversal";"Com Vítimas Feridas";"Pleno dia";"Crescente";"Nublado";"Dupla";"Reta";"Sim";3;0;1;0;1;1;1;3;-12,258195;-38,932182;"SPRF-BA";"DEL02-BA";"UOP01-DEL02-BA"
283077;2020-05-06;"quarta-feira";"07:00:00";"PR";163;147;"CAPITAO LEONIDAS MARQUES";"Ultrapassagem Indevida";"Colisão frontal";"Com Vítimas Feridas";"Pleno dia";"Decrescente";"Chuva";"Simples";"Aclive;Reta";"Não";4;0;1;0;1;2;1;4;-25,44415695;-53,57850109;"SPRF-PR";"DEL05-PR";"UOP05-DEL05-PR"
283078;2020-05-06;"quarta-feira";"11:48:00";"MG";40;577;"ITABIRITO";"Velocidade Incompatível";"Colisão traseira";"Com Vítimas Feridas";"Pleno dia";"Crescente";"Céu Claro";"Simples";"Reta";"Não";3;0;1;0;1;1;1;3;-20,27320775;-43,95112753;"SPRF-MG";"DEL01-MG";"UOP02-DEL01-MG"
283079;2020-04-16;"quinta-feira";"06:30:00";"AC";317;181,8;"XAPURI";"Velocidade Incompatível";"Colisão transversal";"Com Vítimas Feridas";"Amanhecer";"Crescente";"Nublado";"Simples";"Reta";"Não";4;0;1;1;1;3;2;5;-10,59126224;-67,9694051;"SPRF-AC";"DEL01-AC";"UOP02-DEL01-AC"
283082;2020-05-06;"quarta-feira";"12:45:00";"RS";158;273,7;"JULIO DE CASTILHOS";"Velocidade Incompatível";"Saída de leito carroçável";"Com Vítimas Feridas";"Pleno dia";"Crescente";"Céu Claro";"Simples";"Em Obras;Reta";"Não";1;0;1;0;0;0;1;1;-29,31672786;-53,68074061;"SPRF-RS";"DEL09-RS";"UOP01-DEL09-RS"
283086;2020-05-06;"quarta-feira";"10:30:00";"MT";364;284;"JACIARA";"Pista Escorregadia";"Saída de leito carroçável";"Com Vítimas Feridas";"Pleno dia";"Decrescente";"Nublado";"Dupla";"Reta";"Não";2;0;1;0;0;1;1;2;-15,9111458297;-55,0411429491;"SPRF-MT";"DEL05-MT";"UOP02-DEL05-MT"
283088;2020-04-29;"quarta-feira";"07:30:00";"DF";60;30;"BRASILIA";"Fenômenos da Natureza";"Colisão traseira";"Sem Vítimas";"Pleno dia";"Decrescente";"Céu Claro";"Dupla";"Reta";"Não";3;0;0;0;2;2;0;4;-16,03854;-48,255955;"SPRF-DF";"DEL03-DF";"UOP01-DEL03-DF"
283089;2020-05-06;"quarta-feira";"12:59:00";"MT";364;206,9;"RONDONOPOLIS";"Falta de Atenção à Condução";"Colisão traseira";"Com Vítimas Feridas";"Pleno dia";"Decrescente";"Garoa/Chuvisco";"Dupla";"Reta";"Sim";2;0;0;1;1;0;1;2;-16,45124779;-54,66469557;"SPRF-MT";"DEL02-MT";"UOP01-DEL02-MT"
283091;2020-05-06;"quarta-feira";"13:00:00";"MT";70;521;"VARZEA GRANDE";"Pista Escorregadia";"Colisão traseira";"Com Vítimas Feridas";"Pleno dia";"Crescente";"Chuva";"Simples";"Reta";"Sim";3;0;1;0;1;2;1;4;-15,66845601;-56,18124346;"SPRF-MT";"DEL01-MT";"UOP02-DEL01-MT"
283094;2020-05-06;"quarta-feira";"14:10:00";"BA";116;422;"FEIRA DE SANTANA";"Desobediência às normas de trânsito pelo condutor";"Colisão transversal";"Com Vítimas Feridas";"Pleno dia";"Crescente";"Nublado";"Simples";"Reta";"Sim";2;0;0;1;1;0;1;2;-12,22064702;-38,96561131;"SPRF-BA";"DEL02-BA";"UOP01-DEL02-BA"
283096;2020-05-06;"quarta-feira";"14:50:00";"RS";153;49,2;"ERECHIM";"Falta de Atenção à Condução";"Colisão com objeto estático";"Sem Vítimas";"Pleno dia";"Crescente";"Céu Claro";"Simples";"Reta";"Não";2;0;0;0;2;0;0;2;-27,65513812;-52,26579899;"SPRF-RS";"DEL08-RS";"UOP04-DEL08-RS"
283101;2020-05-06;"quarta-feira";"15:30:00";"MG";267;139,7;"LIMA DUARTE";"Velocidade Incompatível";"Saída de leito carroçável";"Com Vítimas Feridas";"Pleno dia";"Decrescente";"Céu Claro";"Simples";"Curva";"Não";5;0;4;0;0;1;4;2;-21,79755218;-43,68025194;"SPRF-MG";"DEL05-MG";"UOP01-DEL05-MG"
283104;2020-05-06;"quarta-feira";"15:00:00";"PR";376;649;"TIJUCAS DO SUL";"Condutor Dormindo";"Colisão traseira";"Com Vítimas Feridas";"Pleno dia";"Decrescente";"Garoa/Chuvisco";"Dupla";"Reta";"Não";2;0;0;1;1;0;1;2;-25,84592132;-49,09776415;"SPRF-PR";"DEL01-PR";"UOP04-DEL01-PR"
283108;2020-05-06;"quarta-feira";"15:20:00";"RS";158;329,5;"SANTA MARIA";"Desobediência às normas de trânsito pelo condutor";"Colisão transversal";"Com Vítimas Feridas";"Pleno dia";"Crescente";"Céu Claro";"Simples";"Reta";"Sim";4;0;0;1;1;2;1;3;-29,70656383;-53,82849988;"SPRF-RS";"DEL09-RS";"UOP01-DEL09-RS"
283109;2020-05-06;"quarta-feira";"02:00:00";"MA";230;90,1;"SAO JOAO DOS PATOS";"Defeito Mecânico no Veículo";"Tombamento";"Com Vítimas Feridas";"Plena Noite";"Crescente";"Céu Claro";"Simples";"Aclive";"Não";2;0;1;0;0;1;1;2;-6,49944453;-43,68407151;"SPRF-PI";"DEL03-PI";"UOP01-DEL03-PI"