"id";"data_inversa";"dia_semana";"horario";"uf";"br";"km";"municipio";"causa_acidente";"tipo_acidente";"classificacao_acidente";"fase_dia";"sentido_via";"condicao_metereologica";"tipo_pista";"tracado_via";"uso_solo";"pessoas";"mortos";"feridos_leves";"feridos_graves";"ilesos";"ignorados";"feridos";"veiculos";"latitude";"longitude";"regional";"delegacia";"uop"
283111;2020-05-06;"quarta-feira";"15:10:00";"MS";163;341,6;"RIO BRILHANTE";"Falta de Atenção à Condução";"Colisão traseira";"Com Vítimas Feridas";"Pleno dia";"Decrescente";"Nublado";"Simples";"Reta";"Sim";7;0;2;0;5;0;2;2;-21,65950995;-54,43842301;"SPRF-MS";"DEL02-MS";"UOP02-DEL02-MS"
283116;2020-05-06;"quarta-feira";"14:30:00";"PE";232;16;"JABOATAO DOS GUARARAPES";"Defeito Mecânico no Veículo";"Tombamento";"Sem Vítimas";"Pleno dia";"Decrescente";"Sol";"Dupla";"Reta";"Não";1;0;0;0;0;1;0;1;-8,09414193;-35,03716601;"SPRF-PE";"DEL01-PE";"UOP01-DEL01-PE"
283124;2020-05-06;"quarta-feira";"16:30:00";"PI";135;389;"BOM JESUS";"Defeito na Via";"Saída de leito carroçável";"Com Vítimas Feridas";"Pleno dia";"Decrescente";"Céu Claro";"Simples";"Reta";"Não";2;0;1;0;0;1;1;2;-9,34333985;-44,53543606;"SPRF-PI";"DEL03-PI";"UOP02-DEL03-PI"
283130;2020-05-06;"quarta-feira";"16:35:00";"PR";376;505,4;"PONTA GROSSA";"Velocidade Incompatível";"Colisão com objeto estático";"Com Vítimas Feridas";"Pleno dia";"Crescente";"Garoa/Chuvisco";"Dupla";"Declive";"Não";3;0;1;0;1;1;1;3;-25,18702007;-50,08660555;"SPRF-PR";"DEL03-PR";"UOP04-DEL03-PR"
283132;2020-05-06;"quarta-feira";"17:30:00";"RS";386;269,8;"FAZENDA VILANOVA";"Não guardar distância de segurança";"Colisão traseira";"Com Vítimas Feridas";"Anoitecer";"Decrescente";"Céu Claro";"Simples";"Reta";"Sim";2;0;1;0;1;0;1;2;-29,59075411;-51,82479138;"SPRF-RS";"DEL04-RS";"UOP03-DEL04-RS"
283133;2020-05-06;"quarta-feira";"17:25:00";"PI";316;31,7;"DEMERVAL LOBAO";"Desobediência às normas de trânsito pelo condutor";"Colisão frontal";"Com Vítimas Feridas";"Anoitecer";"Crescente";"Céu Claro";"Simples";"Reta";"Sim";2;0;0;1;1;0;1;2;-5,33958796;-42,69400899;"SPRF-PI";"DEL01-PI";"UOP02-DEL01-PI"
283136;2020-05-06;"quarta-feira";"14:45:00";"SC";280;190;"MAFRA";"Velocidade Incompatível";"Colisão frontal";"Com Vítimas Fatais";"Pleno dia";"Decrescente";"Garoa/Chuvisco";"Simples";"Curva";"Não";5;1;0;1;1;3;1;5;-26,17943391;-49,97899632;"SPRF-SC";"DEL06-SC";"UOP01-DEL06-SC"
283139;2020-05-06;"quarta-feira";"08:15:00";"MT";70;713,5;"CACERES";"Pista Escorregadia";"Tombamento";"Sem Vítimas";"Pleno dia";"Crescente";"Chuva";"Simples";"Curva";"Não";2;0;0;0;1;1;0;2;-16,19571;-57,58951;"SPRF-MT";"DEL03-MT";"UOP01-DEL03-MT"
283146;2020-05-06;"quarta-feira";"18:25:00";"PR";369;150,1;"LONDRINA";"Defeito Mecânico no Veículo";"Tombamento";"Com Vítimas Feridas";"Anoitecer";"Decrescente";"Céu Claro";"Dupla";"Reta";"Sim";4;0;1;0;3;0;1;2;-23,29291423;-51,16338372;"SPRF-PR";"DEL07-PR";"UOP01-DEL07-PR"
283150;2020-05-06;"quarta-feira";"18:30:00";"BA";242;868,7;"LUIS EDUARDO MAGALHAES";"Deficiência ou não Acionamento do Sistema de Iluminação/Sinalização do Veículo";"Colisão traseira";"Sem Vítimas";"Plena Noite";"Crescente";"Nublado";"Simples";"Reta";"Não";1;0;0;0;1;0;0;1;-12,073898;-45,664037;"SPRF-BA";"DEL10-BA";"UOP01-DEL10-BA"
283151;2020-05-06;"quarta-feira";"17:20:00";"PR";163;215;"CASCAVEL";"Carga excessiva e/ou mal acondicionada";"Derramamento de carga";"Sem Vítimas";"Pleno dia";"Crescente";"Céu Claro";"Simples";"Curva";"Não";2;0;0;0;1;1;0;2;-24,89753;-53,53337;"SPRF-PR";"DEL05-PR";"UOP05-DEL05-PR"
283159;2020-05-06;"quarta-feira";"19:00:00";"MS";163;484,5;"CAMPO GRANDE";"Desobediência às normas de trânsito pelo condutor";"Colisão transversal";"Com Vítimas Feridas";"Plena Noite";"Decrescente";"Céu Claro";"Simples";"Reta";"Não";3;0;2;0;1;0;2;2;-20,45104898;-54,5403266;"SPRF-MS";"DEL01-MS";"UOP02-DEL01-MS"
283161;2020-05-06;"quarta-feira";"19:15:00";"PR";476;212;"LAPA";"Não guardar distância de segurança";"Colisão traseira";"Com Vítimas Feridas";"Plena Noite";"Crescente";"Céu Claro";"Simples";"Curva";"Não";2;0;0;1;1;0;1;2;-25,780834;-49,866035;"SPRF-PR";"DEL02-PR";"UOP04-DEL02-PR"
283165;2020-05-06;"quarta-feira";"21:05:00";"SC";101;113,8;"ITAJAI";"Falta de Atenção à Condução";"Colisão lateral";"Sem Vítimas";"Plena Noite";"Decrescente";"Nublado";"Dupla";"Reta";"Não";2;0;0;0;2;0;0;2;-26,85311393;-48,72689927;"SPRF-SC";"DEL04-SC";"UOP04-DEL04-SC"
283168;2020-05-06;"quarta-feira";"21:50:00";"SC";101;116,7;"ITAJAI";"Falta de Atenção à Condução";"Colisão traseira";"Com Vítimas Feridas";"Plena Noite";"Decrescente";"Nublado";"Dupla";"Reta";"Sim";2;0;0;1;1;0;1;2;-26,87905605;-48,72603512;"SPRF-SC";"DEL04-SC";"UOP04-DEL04-SC"
283169;2020-05-06;"quarta-feira";"22:00:00";"ES";101;267,8;"SERRA";"Desobediência às normas de trânsito pelo condutor";"Colisão transversal";"Com Vítimas Feridas";"Plena Noite";"Crescente";"Céu Claro";"Múltipla";"Interseção de Vias";"Sim";2;0;0;1;1;0;1;2;-20,19930999;-40,26884609;"SPRF-ES";"DEL02-ES";"UOP01-DEL02-ES"
283171;2020-05-06;"quarta-feira";"22:40:00";"SP";116;279;"EMBU DAS ARTES";"Ingestão de Álcool";"Colisão lateral";"Com Vítimas Feridas";"Plena Noite";"Crescente";"Garoa/Chuvisco";"Dupla";"Declive;Reta";"Sim";4;0;3;0;0;1;3;4;-23,66233697;-46,85292907;"SPRF-SP";"DEL04-SP";"UOP01-DEL04-SP"
283178;2020-05-07;"quinta-feira";"00:40:00";"MG";40;507,4;"RIBEIRAO DAS NEVES";"Carga excessiva e/ou mal acondicionada";"Tombamento";"Sem Vítimas";"Plena Noite";"Decrescente";"Chuva";"Dupla";"Reta";"Não";1;0;0;0;1;0;0;1;-19,75431705;-44,14152606;"SPRF-MG";"DEL02-MG";"UOP01-DEL02-MG"
283180;2020-05-07;"quinta-feira";"00:02:00";"GO";40;18,9;"LUZIANIA";"Falta de Atenção do Pedestre";"Atropelamento de Pedestre";"Com Vítimas Feridas";"Plena Noite";"Decrescente";"Ignorado";"Dupla";"Reta";"Sim";2;0;1;0;0;1;1;2;-16,19349;-47,925575;"SPRF-DF";"DEL01-DF";"UOP01-DEL01-DF"
283186;2020-05-07;"quinta-feira";"03:10:00";"PR";277;34;"MORRETES";"Defeito Mecânico no Veículo";"Colisão com objeto estático";"Com Vítimas Fatais";"Plena Noite";"Decrescente";"Céu Claro";"Dupla";"Declive";"Não";2;1;0;0;0;1;0;2;-25,547373;-48,790559;"SPRF-PR";"DEL01-PR";"UOP05-DEL01-PR"
283190;2020-05-07;"quinta-feira";"05:40:00";"RJ";493;22;"MAGE";"Sinalização da via insuficiente ou inadequada";"Colisão frontal";"Com Vítimas Fatais";"Plena Noite";"Crescente";"Chuva";"Simples";"Curva";"Não";5;3;0;1;1;0;1;2;-22,65705297;-43,061742;"SPRF-RJ";"DEL04-RJ";"UOP02-DEL04-RJ"
283192;2020-05-07;"quinta-feira";"06:00:00";"CE";222;313,4;"TIANGUA";"Desobediência às normas de trânsito pelo condutor";"Colisão transversal";"Com Vítimas Feridas";"Pleno dia";"Decrescente";"Céu Claro";"Simples";"Curva;Interseção de Vias";"Sim";2;0;1;0;1;0;1;2;-3,733365;-41,002041;"SPRF-CE";"DEL04-CE";"UOP02-DEL04-CE"
283194;2020-05-07;"quinta-feira";"02:00:00";"BA";235;60;"JEREMOABO";"Velocidade Incompatível";"Capotamento";"Com Vítimas Feridas";"Plena Noite";"Crescente";"Nublado";"Simples";"Curva";"Não";1;0;1;0;0;0;1;1;-10,08871998;-38,1835413;"SPRF-SE";"DEL01-SE";"UOP02-DEL01-SE"
283195;2020-05-07;"quinta-feira";"06:45:00";"ES";101;29,5;"CONCEICAO DA BARRA";"Condutor Dormindo";"Colisão com objeto estático";"Com Vítimas Feridas";"Amanhecer";"Crescente";"Nublado";"Simples";"Declive";"Não";1;0;1;0;0;0;1;1;-18,39992188;-39,93877968;"SPRF-ES";"DEL04-ES";"UOP02-DEL04-ES"
283198;2020-05-07;"quinta-feira";"07:05:00";"PR";376;617;"SAO JOSE DOS PINHAIS";"Falta de Atenção à Condução";"Colisão lateral";"Com Vítimas Feridas";"Pleno dia";"Crescente";"Céu Claro";"Múltipla";"Reta";"Sim";5;0;1;0;3;3;1;7;-25,58426494;-49,17618795;"SPRF-PR";"DEL01-PR";"UOP01-DEL01-PR"
283205;2020-05-06;"quarta-feira";"15:00:00";"MG";381;512;"IGARAPE";"Falta de Atenção à Condução";"Colisão lateral";"Com Vítimas Feridas";"Pleno dia";"Decrescente";"Céu Claro";"Dupla";"Reta";"Sim";2;0;1;0;1;0;1;2;-20,09239724;-44,31458341;"SPRF-MG";"DEL01-MG";"UOP03-DEL01-MG"
283211;2020-05-07;"quinta-feira";"08:30:00";"SC";101;123,1;"ITAJAI";"Falta de Atenção à Condução";"Colisão traseira";"Com Vítimas Feridas";"Pleno dia";"Crescente";"Céu Claro";"Dupla";"Interseção de Vias";"Sim";2;0;1;0;1;0;1;2;-26,93772986;-48,69833064;"SPRF-SC";"DEL04-SC";"UOP04-DEL04-SC"
283222;2020-05-07;"quinta-feira";"10:30:00";"AL";316;264,4;"SATUBA";"Falta de Atenção à Condução";"Colisão traseira";"Sem Vítimas";"Pleno dia";"Decrescente";"Nublado";"Dupla";"Reta";"Não";2;0;0;0;2;0;0;2;-9,58847626;-35,8696781;"SPRF-AL";"DEL02-AL";"UOP01-DEL02-AL"
283226;2020-04-22;"quarta-feira";"14:30:00";"MT";364;347;"SANTO ANTONIO DO LEVERGER";"Defeito Mecânico no Veículo";"Colisão lateral";"Com Vítimas Feridas";"Pleno dia";"Crescente";"Céu Claro";"Dupla";"Declive;Curva";"Não";3;0;1;0;1;1;1;3;-15,807347;-55,54692;"SPRF-MT";"DEL05-MT";"UOP02-DEL05-MT"
283230;2020-05-07;"quinta-feira";"11:00:00";"PI";316;0,3;"TERESINA";"Não guardar distância de segurança";"Colisão traseira";"Com Vítimas Feridas";"Pleno dia";"Crescente";"Céu Claro";"Simples";"Ponte";"Não";2;0;1;0;0;1;1;2;-5,131168;-42,81564;"SPRF-PI";"DEL01-PI";"UOP02-DEL01-PI"
283235;2020-05-07;"quinta-feira";"11:50:00";"PR";376;104;"PARANAVAI";"Desobediência às normas de trânsito pelo condutor";"Saída de leito carroçável";"Com Vítimas Feridas";"Pleno dia";"Decrescente";"Céu Claro";"Dupla";"Reta";"Não";2;0;1;0;0;1;1;2;-23,04907173;-52,45308638;"SPRF-PR";"DEL09-PR";"UOP02-DEL09-PR"
283240;2020-04-30;"quinta-feira";"14:30:00";"BA";110;372;"CATU";"Defeito Mecânico no Veículo";"Incêndio";"Sem Vítimas";"Pleno dia";"Decrescente";"Céu Claro";"Simples";"Reta";"Não";1;0;0;0;1;0;0;1;-12,41344578;-38,44002726;"SPRF-BA";"DEL01-BA";"UOP01-DEL01-BA"
283247;2020-05-07;"quinta-feira";"13:30:00";"PR";369;154,1;"LONDRINA";"Falta de Atenção à Condução";"Colisão lateral";"Sem Vítimas";"Pleno dia";"Decrescente";"Céu Claro";"Múltipla";"Reta";"Sim";2;0;0;0;2;0;0;2;-23,29752816;-51,20012529;"SPRF-PR";"DEL07-PR";"UOP01-DEL07-PR"
283249;2020-05-07;"quinta-feira";"14:20:00";"RS";116;234;"NOVO HAMBURGO";"Falta de Atenção à Condução";"Colisão lateral";"Com Vítimas Feridas";"Pleno dia";"Crescente";"Céu Claro";"Simples";"Reta";"Sim";2;0;0;1;1;0;1;2;-29,65121313;-51,1444433;"SPRF-RS";"DEL01-RS";"UOP02-DEL01-RS"
283251;2020-05-07;"quinta-feira";"15:20:00";"RS";386;436,5;"NOVA SANTA RITA";"Não guardar distância de segurança";"Colisão lateral";"Com Vítimas Fatais";"Pleno dia";"Decrescente";"Sol";"Dupla";"Reta";"Não";2;1;0;0;0;1;0;2;-29,850487;-51,266758;"SPRF-RS";"DEL04-RS";"UOP02-DEL04-RS"
283256;2020-05-07;"quinta-feira";"14:55:00";"SC";101;128,4;"BALNEARIO CAMBORIU";"Falta de Atenção à Condução";"Colisão traseira";"Sem Vítimas";"Pleno dia";"Decrescente";"Céu Claro";"Dupla";"Reta";"Não";3;0;0;0;1;2;0;3;-26,97284292;-48,68299451;"SPRF-SC";"DEL04-SC";"UOP03-DEL04-SC"
283259;2020-05-07;"quinta-feira";"15:05:00";"MG";365;17,9;"MONTES CLAROS";"Pista Escorregadia";"Colisão traseira";"Sem Vítimas";"Pleno dia";"Decrescente";"Garoa/Chuvisco";"Simples";"Curva;Declive";"Não";5;0;0;0;3;2;0;4;-16,87724015;-43,993381;"SPRF-MG";"DEL12-MG";"UOP01-DEL12-MG"
283265;2020-05-07;"quinta-feira";"13:50:00";"AL";101;123;"SAO MIGUEL DOS CAMPOS";"Falta de Atenção à Condução";"Colisão frontal";"Sem Vítimas";"Pleno dia";"Decrescente";"Céu Claro";"Simples";"Curva";"Não";8;0;0;0;7;1;0;4;-9,704409;-36,037271;"SPRF-AL";"DEL02-AL";"UOP01-DEL02-AL"
283266;2020-05-07;"quinta-feira";"15:40:00";"SP";381;55,8;"MAIRIPORA";"Desobediência às normas de trânsito pelo condutor";"Queda de ocupante de veículo";"Com Vítimas Feridas";"Pleno dia";"Crescente";"Céu Claro";"Dupla";"Reta";"Sim";2;0;1;0;1;0;1;2;-23,25207404;-46,59480386;"SPRF-SP";"DEL03-SP";"UOP01-DEL03-SP"
283268;2020-05-07;"quinta-feira";"16:45:00";"PR";153;327;"IRATI";"Falta de Atenção à Condução";"Saída de leito carroçável";"Com Vítimas Feridas";"Anoitecer";"Crescente";"Céu Claro";"Simples";"Reta";"Não";2;0;0;1;0;1;1;2;-25,42921103;-50,61009675;"SPRF-PR";"DEL03-PR";"UOP03-DEL03-PR"
283270;2020-05-07;"quinta-feira";"13:45:00";"PE";424;88,9;"GARANHUNS";"Defeito Mecânico no Veículo";"Colisão lateral";"Com Vítimas Feridas";"Pleno dia";"Crescente";"Céu Claro";"Simples";"Reta";"Não";3;0;1;0;2;0;1;2;-8,88289772;-36,50848532;"SPRF-PE";"DEL03-PE";"UOP01-DEL03-PE"
283272;2020-05-07;"quinta-feira";"10:20:00";"PR";153;153,9;"VENTANIA";"Velocidade Incompatível";"Tombamento";"Sem Vítimas";"Pleno dia";"Decrescente";"Céu Claro";"Simples";"Curva";"Não";2;0;0;0;1;2;0;3;-24,1796657;-50,2132138;"SPRF-PR";"DEL07-PR";"UOP04-DEL07-PR"
283274;2020-05-07;"quinta-feira";"17:20:00";"SP";381;78,8;"SAO PAULO";"Carga excessiva e/ou mal acondicionada";"Tombamento";"Com Vítimas Feridas";"Pleno dia";"Decrescente";"Garoa/Chuvisco";"Dupla";"Aclive;Curva";"Não";2;0;1;0;0;1;1;2;-23,39620774;-46,57355227;"SPRF-SP";"DEL03-SP";"UOP01-DEL03-SP"
283279;2020-05-07;"quinta-feira";"15:30:00";"ES";262;85;"DOMINGOS MARTINS";"Defeito Mecânico no Veículo";"Incêndio";"Sem Vítimas";"Pleno dia";"Crescente";"Chuva";"Dupla";"Aclive;Reta";"Não";1;0;0;0;1;0;0;1;-20,39882726;-40,98380982;"SPRF-ES";"DEL01-ES";"UOP02-DEL01-ES"
283289;2020-05-07;"quinta-feira";"02:30:00";"PI";343;642;"JERUMENHA";"Defeito na Via";"Saída de leito carroçável";"Com Vítimas Feridas";"Plena Noite";"Decrescente";"Céu Claro";"Simples";"Reta";"Não";2;0;1;0;0;2;1;3;-7,029466;-43,387642;"SPRF-PI";"DEL03-PI";"UOP01-DEL03-PI"
283291;2020-05-07;"quinta-feira";"18:50:00";"TO";153;418;"MIRANORTE";"Agressão Externa";"Atropelamento de Pedestre";"Com Vítimas Feridas";"Plena Noite";"Decrescente";"Céu Claro";"Simples";"Aclive";"Não";2;0;1;0;1;0;1;2;-9,56399606;-48,60935291;"SPRF-TO";"DEL01-TO";"UOP01-DEL01-TO"
283295;2020-05-07;"quinta-feira";"19:40:00";"RJ";101;95;"CAMPOS DOS GOYTACAZES";"Animais na Pista";"Atropelamento de Animal";"Com Vítimas Feridas";"Plena Noite";"Crescente";"Nublado";"Dupla";"Curva";"Não";1;0;1;0;0;0;1;1;-21,86957661;-41,5470863;"SPRF-RJ";"DEL08-RJ";"UOP02-DEL08-RJ"
283296;2020-05-07;"quinta-feira";"07:05:00";"RS";290;480;"ROSARIO DO SUL";"Falta de Atenção do Pedestre";"Atropelamento de Animal";"Com Vítimas Feridas";"Plena Noite";"Decrescente";"Céu Claro";"Simples";"Rotatória";"Sim";3;0;0;1;1;1;1;2;-30,242779;-54,919838;"SPRF-RS";"DEL11-RS";"UOP02-DEL11-RS"
283304;2020-05-07;"quinta-feira";"15:20:00";"RS";116;108;"SAO MARCOS";"Desobediência às normas de trânsito pelo condutor";"Colisão transversal";"Com Vítimas Feridas";"Pleno dia";"Crescente";"Sol";"Simples";"Curva";"Não";3;0;1;0;1;1;1;3;-28,92514807;-51,09447449;"SPRF-RS";"DEL05-RS";"UOP01-DEL05-RS"
283309;2020-05-07;"quinta-feira";"20:00:00";"PR";116;26;"CAMPINA GRANDE DO SUL";"Carga excessiva e/ou mal acondicionada";"Derramamento de carga";"Sem Vítimas";"Plena Noite";"Decrescente";"Céu Claro";"Dupla";"Declive";"Não";2;0;0;0;1;1;0;2;-25,10683694;-48,785333;"SPRF-PR";"DEL01-PR";"UOP02-DEL01-PR"
283311;2020-05-07;"quinta-feira";"16:25:00";"SC";101;128;"BALNEARIO CAMBORIU";"Falta de Atenção à Condução";"Colisão lateral";"Com Vítimas Feridas";"Pleno dia";"Crescente";"Céu Claro";"Dupla";"Reta";"Não";3;0;1;0;2;0;1;2;-26,97284292;-48,68299451;"SPRF-SC";"DEL04-SC";"UOP03-DEL04-SC"
283312;2020-05-07;"quinta-feira";"17:25:00";"BA";242;269;"LAJEDINHO";"Desobediência às normas de trânsito pelo condutor";"Saída de leito carroçável";"Com Vítimas Feridas";"Anoitecer";"Crescente";"Céu Claro";"Simples";"Reta";"Não";2;0;1;0;0;1;1;2;-12,4399126;-40,81666711;"SPRF-BA";"DEL06-BA";"UOP02-DEL06-BA"
283319;2020-05-07;"quinta-feira";"07:00:00";"MA";230;404;"BALSAS";"Falta de Atenção à Condução";"Colisão lateral";"Com Vítimas Feridas";"Amanhecer";"Decrescente";"Céu Claro";"Simples";"Interseção de Vias";"Não";2;0;1;0;1;0;1;2;-7,52339895;-46,04122203;"SPRF-MA";"DEL05-MA";"UOP01-DEL05-MA"
283321;2020-05-07;"quinta-feira";"22:04:00";"RJ";101;48;"CAMPOS DOS GOYTACAZES";"Ingestão de Álcool";"Colisão traseira";"Com Vítimas Feridas";"Plena Noite";"Crescente";"Céu Claro";"Simples";"Reta";"Sim";2;0;0;1;1;0;1;2;-21,6208573;-41,3155491;"SPRF-RJ";"DEL08-RJ";"UOP01-DEL08-RJ"
283330;2020-05-08;"sexta-feira";"00:30:00";"ES";101;389,5;"RIO NOVO DO SUL";"Velocidade Incompatível";"Tombamento";"Com Vítimas Feridas";"Plena Noite";"Crescente";"Céu Claro";"Simples";"Curva";"Não";2;0;1;0;0;1;1;2;-20,86208093;-40,88062015;"SPRF-ES";"DEL03-ES";"UOP02-DEL03-ES"
283333;2020-05-08;"sexta-feira";"00:00:00";"RS";392;67;"PELOTAS";"Desobediência às normas de trânsito pelo condutor";"Colisão frontal";"Com Vítimas Feridas";"Plena Noite";"Decrescente";"Céu Claro";"Simples";"Reta";"Não";3;0;1;0;1;1;1;3;-31,74917153;-52,40201712;"SPRF-RS";"DEL07-RS";"UOP01-DEL07-RS"
283335;2020-05-08;"sexta-feira";"01:50:00";"MG";381;873,9;"ESTIVA";"Velocidade Incompatível";"Tombamento";"Com Vítimas Feridas";"Plena Noite";"Crescente";"Céu Claro";"Dupla";"Curva";"Não";3;0;1;0;1;1;1;3;-22,42057578;-45,96534388;"SPRF-MG";"DEL16-MG";"UOP01-DEL16-MG"
283336;2020-05-08;"sexta-feira";"02:40:00";"PR";277;6;"PARANAGUA";"Defeito Mecânico no Veículo";"Incêndio";"Sem Vítimas";"Plena Noite";"Decrescente";"Céu Claro";"Dupla";"Reta";"Sim";2;0;0;0;1;1;0;2;-25,568198;-48,615292;"SPRF-PR";"DEL01-PR";"UOP05-DEL01-PR"
283337;2020-05-08;"sexta-feira";"01:30:00";"MG";381;665,9;"PERDOES";"Falta de Atenção à Condução";"Saída de leito carroçável";"Sem Vítimas";"Plena Noite";"Decrescente";"Céu Claro";"Dupla";"Curva;Aclive";"Não";2;0;0;0;1;1;0;2;-21,05493912;-45,03103599;"SPRF-MG";"DEL04-MG";"UOP02-DEL04-MG"
283344;2020-05-08;"sexta-feira";"01:40:00";"RJ";116;251;"PIRAI";"Falta de Atenção à Condução";"Colisão com objeto estático";"Sem Vítimas";"Plena Noite";"Decrescente";"Céu Claro";"Dupla";"Reta";"Não";2;0;0;0;1;1;0;2;-22,59303815;-43,95591144;"SPRF-RJ";"DEL07-RJ";"UOP01-DEL07-RJ"
283345;2020-05-07;"quinta-feira";"22:15:00";"RS";392;241;"CACAPAVA DO SUL";"Velocidade Incompatível";"Colisão frontal";"Com Vítimas Fatais";"Plena Noite";"Decrescente";"Céu Claro";"Simples";"Ponte";"Não";3;2;0;0;0;4;0;6;-30,60476407;-53,36821527;"SPRF-RS";"DEL09-RS";"UOP02-DEL09-RS"
283346;2020-05-08;"sexta-feira";"06:20:00";"PR";163;114;"CAPANEMA";"Animais na Pista";"Colisão traseira";"Com Vítimas Feridas";"Amanhecer";"Crescente";"Nevoeiro/Neblina";"Simples";"Reta";"Não";3;0;1;0;2;0;1;2;-25,622853;-53,646463;"SPRF-PR";"DEL02-PR";"UOP02-DEL02-PR"
283350;2020-04-10;"sexta-feira";"14:35:00";"SC";153;80,3;"IRANI";"Falta de Atenção à Condução";"Colisão frontal";"Com Vítimas Fatais";"Pleno dia";"Decrescente";"Céu Claro";"Simples";"Reta";"Não";3;1;0;0;1;1;0;3;-27,11718258;-51,91411257;"SPRF-SC";"DEL07-SC";"UOP04-DEL07-SC"
283354;2020-05-07;"quinta-feira";"17:30:00";"MA";230;393;"BALSAS";"Falta de Atenção à Condução";"Tombamento";"Sem Vítimas";"Pleno dia";"Decrescente";"Céu Claro";"Simples";"Reta";"Não";2;0;0;0;2;0;0;1;-7,43367681;-46,00283242;"SPRF-MA";"DEL05-MA";"UOP01-DEL05-MA"
283362;2020-05-07;"quinta-feira";"21:50:00";"SC";282;254,8;"SAO JOSE DO CERRITO";"Desobediência às normas de trânsito pelo condutor";"Colisão frontal";"Com Vítimas Fatais";"Plena Noite";"Decrescente";"Céu Claro";"Simples";"Rotatória;Curva";"Não";3;1;0;0;2;0;0;2;-27,674065;-50,57294369;"SPRF-SC";"DEL05-SC";"UOP02-DEL05-SC"
283365;2020-05-08;"sexta-feira";"09:00:00";"CE";222;29,7;"CAUCAIA";"Não guardar distância de segurança";"Engavetamento";"Com Vítimas Feridas";"Pleno dia";"Decrescente";"Céu Claro";"Simples";"Reta";"Não";4;0;1;1;2;0;2;3;-3,71225;-38,81807;"SPRF-CE";"DEL01-CE";"UOP01-DEL01-CE"
283370;2020-05-08;"sexta-feira";"08:40:00";"RJ";495;30;"PETROPOLIS";"Falta de Atenção à Condução";"Colisão traseira";"Com Vítimas Feridas";"Pleno dia";"Crescente";"Céu Claro";"Múltipla";"Rotatória";"Sim";2;0;1;0;1;0;1;2;-22,385458;-43,129604;"SPRF-RJ";"DEL05-RJ";"UOP02-DEL05-RJ"
283374;2020-05-08;"sexta-feira";"09:00:00";"SC";470;45,5;"GASPAR";"Falta de Atenção à Condução";"Colisão lateral";"Com Vítimas Fatais";"Pleno dia";"Crescente";"Sol";"Simples";"Reta";"Não";5;1;0;1;2;1;1;4;-26,867064;-49,031109;"SPRF-SC";"DEL04-SC";"UOP01-DEL04-SC"
283377;2020-05-08;"sexta-feira";"09:30:00";"MT";364;398;"CUIABA";"Falta de Atenção à Condução";"Colisão traseira";"Com Vítimas Feridas";"Pleno dia";"Crescente";"Céu Claro";"Dupla";"Interseção de Vias";"Não";3;0;1;0;1;2;1;4;-15,66532884;-55,96229017;"SPRF-MT";"DEL01-MT";"UOP02-DEL01-MT"
283381;2020-05-08;"sexta-feira";"10:15:00";"SP";116;561,5;"BARRA DO TURVO";"Falta de Atenção à Condução";"Colisão lateral";"Com Vítimas Feridas";"Pleno dia";"Crescente";"Nublado";"Dupla";"Curva";"Não";3;0;1;0;0;2;1;3;-25,02045097;-48,51586004;"SPRF-SP";"DEL05-SP";"UOP02-DEL05-SP"
283385;2020-05-03;"domingo";"15:45:00";"TO";153;138,3;"ARAGUAINA";"Velocidade Incompatível";"Saída de leito carroçável";"Com Vítimas Feridas";"Pleno dia";"Crescente";"Céu Claro";"Dupla";"Reta";"Não";3;0;0;1;1;1;1;3;-7,15509994;-48,20416232;"SPRF-TO";"DEL02-TO";"UOP01-DEL02-TO"
283388;2020-05-08;"sexta-feira";"11:25:00";"SP";116;477;"JACUPIRANGA";"Falta de Atenção à Condução";"Colisão traseira";"Com Vítimas Feridas";"Pleno dia";"Crescente";"Sol";"Dupla";"Reta";"Sim";3;0;1;0;1;2;1;4;-24,69842695;-48,00304804;"SPRF-SP";"DEL05-SP";"UOP02-DEL05-SP"
283389;2020-05-08;"sexta-feira";"11:20:00";"RS";116;149;"CAXIAS DO SUL";"Falta de Atenção à Condução";"Atropelamento de Pedestre";"Com Vítimas Feridas";"Pleno dia";"Crescente";"Céu Claro";"Dupla";"Curva;Declive";"Sim";2;0;1;0;1;0;1;2;-29,15996905;-51,15645292;"SPRF-RS";"DEL05-RS";"UOP01-DEL05-RS"
283392;2020-05-08;"sexta-feira";"12:00:00";"PR";277;140;"BALSA NOVA";"Desobediência às normas de trânsito pelo condutor";"Colisão transversal";"Com Vítimas Feridas";"Pleno dia";"Crescente";"Céu Claro";"Simples";"Reta";"Não";3;0;1;0;1;2;1;4;-25,47179346;-49,66403961;"SPRF-PR";"DEL01-PR";"UOP03-DEL03-PR"
283393;2020-05-08;"sexta-feira";"12:45:00";"RS";386;342,8;"LAJEADO";"Desobediência às normas de trânsito pelo condutor";"Colisão transversal";"Com Vítimas Feridas";"Pleno dia";"Crescente";"Sol";"Simples";"Reta";"Sim";3;0;2;0;1;0;2;3;-29,43458934;-52,00447083;"SPRF-RS";"DEL04-RS";"UOP01-DEL04-RS"