"id";"data_inversa";"dia_semana";"horario";"uf";"br";"km";"municipio";"causa_acidente";"tipo_acidente";"classificacao_acidente";"fase_dia";"sentido_via";"condicao_metereologica";"tipo_pista";"tracado_via";"uso_solo";"pessoas";"mortos";"feridos_leves";"feridos_graves";"ilesos";"ignorados";"feridos";"veiculos";"latitude";"longitude";"regional";"delegacia";"uop"
283397;2020-05-08;"sexta-feira";"12:00:00";"SP";381;29,4;"ATIBAIA";"Falta de Atenção à Condução";"Colisão traseira";"Com Vítimas Feridas";"Pleno dia";"Crescente";"Céu Claro";"Dupla";"Reta;Em Obras";"Não";5;0;1;0;3;1;1;5;-23,04499529;-46,5615716;"SPRF-SP";"DEL03-SP";"UOP01-DEL03-SP"
283398;2020-05-08;"sexta-feira";"12:10:00";"PR";476;213;"LAPA";"Velocidade Incompatível";"Tombamento";"Com Vítimas Feridas";"Pleno dia";"Crescente";"Céu Claro";"Simples";"Curva";"Não";2;0;1;0;0;1;1;2;-25,779312;-49,875546;"SPRF-PR";"DEL02-PR";"UOP04-DEL02-PR"
283399;2020-05-08;"sexta-feira";"05:50:00";"DF";60;31;"BRASILIA";"Defeito Mecânico no Veículo";"Saída de leito carroçável";"Sem Vítimas";"Pleno dia";"Decrescente";"Nublado";"Dupla";"Reta";"Não";1;0;0;0;1;0;0;1;-16,03854;-48,255955;"SPRF-DF";"DEL03-DF";"UOP01-DEL03-DF"
283401;2020-05-08;"sexta-feira";"14:15:00";"RS";386;332;"MARQUES DE SOUZA";"Ingestão de Álcool";"Colisão lateral";"Sem Vítimas";"Pleno dia";"Crescente";"Céu Claro";"Simples";"Ponte";"Não";3;0;0;0;2;1;0;3;-29,363107;-52,065761;"SPRF-RS";"DEL04-RS";"UOP01-DEL04-RS"
283404;2020-05-08;"sexta-feira";"13:00:00";"MT";364;592;"DIAMANTINO";"Falta de Atenção à Condução";"Saída de leito carroçável";"Com Vítimas Feridas";"Pleno dia";"Crescente";"Céu Claro";"Simples";"Curva";"Não";2;0;1;0;0;3;1;4;-14,57631677;-56,22282624;"SPRF-MT";"DEL01-MT";"UOP01-DEL01-MT"
283410;2020-05-08;"sexta-feira";"13:30:00";"SC";470;247,5;"CURITIBANOS";"Velocidade Incompatível";"Tombamento";"Com Vítimas Feridas";"Pleno dia";"Crescente";"Céu Claro";"Simples";"Interseção de Vias";"Sim";2;0;1;0;0;1;1;2;-27,3126038;-50,56185007;"SPRF-SC";"DEL05-SC";"UOP03-DEL05-SC"
283418;2020-05-08;"sexta-feira";"16:15:00";"SP";116;322;"JUQUITIBA";"Falta de Atenção à Condução";"Colisão lateral";"Com Vítimas Feridas";"Pleno dia";"Decrescente";"Nublado";"Dupla";"Curva";"Não";2;0;0;1;1;0;1;2;-23,935106;-47,026682;"SPRF-SP";"DEL04-SP";"UOP01-DEL04-SP"
283430;2020-05-08;"sexta-feira";"15:45:00";"BA";101;192;"CONCEICAO DA FEIRA";"Desobediência às normas de trânsito pelo condutor";"Colisão transversal";"Sem Vítimas";"Pleno dia";"Crescente";"Nublado";"Simples";"Reta";"Não";4;0;0;0;2;2;0;4;-12,60123002;-39,003896;"SPRF-BA";"DEL01-BA";"UOP03-DEL01-BA"
283435;2020-05-08;"sexta-feira";"14:00:00";"BA";116;909,6;"ENCRUZILHADA";"Defeito Mecânico no Veículo";"Colisão traseira";"Com Vítimas Feridas";"Pleno dia";"Decrescente";"Nublado";"Simples";"Declive";"Sim";3;0;1;0;2;0;1;2;-15,5153858;-41,23786926;"SPRF-BA";"DEL08-BA";"UOP03-DEL08-BA"
283444;2020-05-08;"sexta-feira";"17:40:00";"BA";116;493;"RAFAEL JAMBEIRO";"Defeito Mecânico no Veículo";"Tombamento";"Sem Vítimas";"Plena Noite";"Decrescente";"Nublado";"Dupla";"Reta";"Não";2;0;0;0;1;2;0;3;-12,56115018;-39,47426391;"SPRF-BA";"DEL02-BA";"UOP01-DEL02-BA"
283445;2020-05-08;"sexta-feira";"17:10:00";"MG";262;459,1;"NOVA SERRANA";"Não guardar distância de segurança";"Colisão traseira";"Sem Vítimas";"Anoitecer";"Crescente";"Céu Claro";"Simples";"Reta";"Não";3;0;0;0;3;0;0;3;-19,84401343;-45,04068778;"SPRF-MG";"DEL08-MG";"UOP03-DEL08-MG"
283459;2020-05-08;"sexta-feira";"18:07:00";"MS";158;265;"TRES LAGOAS";"Ultrapassagem Indevida";"Colisão com objeto estático";"Com Vítimas Feridas";"Plena Noite";"Crescente";"Céu Claro";"Simples";"Retorno Regulamentado";"Sim";4;0;1;0;2;3;1;6;-20,74881003;-51,71470642;"SPRF-MS";"DEL07-MS";"UOP01-DEL07-MS"
283461;2020-05-08;"sexta-feira";"16:30:00";"BA";242;489;"OLIVEIRA DOS BREJINHOS";"Falta de Atenção à Condução";"Colisão com objeto estático";"Com Vítimas Feridas";"Pleno dia";"Crescente";"Chuva";"Simples";"Curva";"Não";2;0;0;1;0;1;1;2;-12,4113;-42,36196;"SPRF-BA";"DEL06-BA";"UOP01-DEL06-BA"
283462;2020-05-08;"sexta-feira";"13:05:00";"PR";277;287;"PRUDENTOPOLIS";"Desobediência às normas de trânsito pelo condutor";"Colisão transversal";"Com Vítimas Feridas";"Pleno dia";"Crescente";"Céu Claro";"Simples";"Interseção de Vias";"Sim";3;0;1;0;1;1;1;3;-25,3204003;-50,97626885;"SPRF-PR";"DEL03-PR";"UOP03-DEL03-PR"
283465;2020-05-08;"sexta-feira";"18:50:00";"SC";101;397,2;"MARACAJA";"Desobediência às normas de trânsito pelo condutor";"Colisão lateral";"Sem Vítimas";"Plena Noite";"Crescente";"Céu Claro";"Múltipla";"Declive";"Sim";3;0;0;0;2;1;0;3;-28,83036461;-49,41244828;"SPRF-SC";"DEL02-SC";"UOP02-DEL02-SC"
283473;2020-02-19;"quarta-feira";"04:50:00";"MG";40;610;"CONGONHAS";"Mal Súbito";"Colisão com objeto estático";"Com Vítimas Feridas";"Plena Noite";"Crescente";"Ignorado";"Simples";"Curva";"Sim";3;0;0;1;1;2;1;4;-20,50384548;-43,8388029;"SPRF-MG";"DEL05-MG";"UOP02-DEL05-MG"
283475;2020-05-08;"sexta-feira";"19:30:00";"MG";381;404,5;"BOM JESUS DO AMPARO";"Desobediência às normas de trânsito pelo condutor";"Colisão frontal";"Com Vítimas Feridas";"Plena Noite";"Crescente";"Céu Claro";"Simples";"Reta";"Não";2;0;0;1;1;0;1;2;-19,74537797;-43,49624634;"SPRF-MG";"DEL01-MG";"UOP01-DEL01-MG"
283479;2020-05-08;"sexta-feira";"20:30:00";"BA";110;369;"CATU";"Desobediência às normas de trânsito pelo condutor";"Colisão frontal";"Com Vítimas Feridas";"Plena Noite";"Crescente";"Garoa/Chuvisco";"Simples";"Reta";"Sim";3;0;0;1;1;1;1;3;-12,25680114;-38,38744515;"SPRF-BA";"DEL01-BA";"UOP04-DEL01-BA"
283481;2020-05-08;"sexta-feira";"19:30:00";"RO";364;344,9;"JI-PARANA";"Falta de Atenção à Condução";"Colisão traseira";"Com Vítimas Feridas";"Pleno dia";"Decrescente";"Céu Claro";"Dupla";"Reta";"Sim";2;0;0;1;1;0;1;2;-10,86938465;-61,95908189;"SPRF-RO";"DEL02-RO";"UOP01-DEL02-RO"
283483;2020-05-08;"sexta-feira";"18:35:00";"PB";230;155,6;"CAMPINA GRANDE";"Ingestão de Álcool";"Engavetamento";"Com Vítimas Feridas";"Plena Noite";"Crescente";"Nublado";"Simples";"Reta";"Sim";8;0;2;0;5;2;2;6;-7,274415;-35,906603;"SPRF-PB";"DEL02-PB";"UOP01-DEL02-PB"
283488;2020-05-08;"sexta-feira";"21:30:00";"MA";316;596,1;"TIMON";"Desobediência às normas de trânsito pelo condutor";"Colisão frontal";"Com Vítimas Fatais";"Plena Noite";"Decrescente";"Céu Claro";"Simples";"Reta";"Não";4;2;0;0;1;1;0;3;-5,017139;-42,989258;"SPRF-MA";"DEL03-MA";"UOP02-DEL03-MA"
283491;2020-05-08;"sexta-feira";"21:35:00";"MG";116;747,8;"LEOPOLDINA";"Falta de Atenção à Condução";"Colisão transversal";"Com Vítimas Feridas";"Plena Noite";"Decrescente";"Nublado";"Simples";"Reta;Interseção de Vias";"Não";3;0;1;0;1;2;1;4;-21,43637785;-42,53060917;"SPRF-MG";"DEL07-MG";"UOP01-DEL07-MG"
283498;2020-05-08;"sexta-feira";"19:30:00";"RR";174;503;"BOA VISTA";"Falta de Atenção à Condução";"Colisão frontal";"Com Vítimas Feridas";"Plena Noite";"Crescente";"Chuva";"Dupla";"Reta";"Sim";4;0;0;1;1;3;1;5;2,794901;-60,698441;"SPRF-RR";"DEL01-RR";"UOP01-DEL01-RR"
283499;2020-05-08;"sexta-feira";"20:40:00";"SC";282;451;"PONTE SERRADA";"Deficiência ou não Acionamento do Sistema de Iluminação/Sinalização do Veículo";"Colisão traseira";"Sem Vítimas";"Plena Noite";"Crescente";"Céu Claro";"Simples";"Reta";"Não";3;0;0;0;1;5;0;6;-26,912806;-51,962536;"SPRF-SC";"DEL07-SC";"UOP04-DEL07-SC"
283502;2020-05-08;"sexta-feira";"18:43:00";"CE";116;413,2;"BAIXIO";"Defeito na Via";"Saída de leito carroçável";"Com Vítimas Feridas";"Plena Noite";"Crescente";"Céu Claro";"Simples";"Declive;Reta";"Não";2;0;1;0;0;1;1;2;-6,70551892;-38,8071096;"SPRF-CE";"DEL05-CE";"UOP01-DEL05-CE"
283503;2020-05-08;"sexta-feira";"21:35:00";"MG";116;609,1;"SAO JOAO DO MANHUACU";"Falta de Atenção à Condução";"Colisão frontal";"Com Vítimas Feridas";"Plena Noite";"Crescente";"Nublado";"Simples";"Rotatória";"Sim";3;0;1;0;1;1;1;3;-20,40488795;-42,15173121;"SPRF-MG";"DEL07-MG";"UOP03-DEL07-MG"
283507;2020-05-08;"sexta-feira";"22:30:00";"RO";364;691;"CANDEIAS DO JAMARI";"Falta de Atenção à Condução";"Colisão traseira";"Sem Vítimas";"Plena Noite";"Crescente";"Céu Claro";"Dupla";"Reta";"Sim";2;0;0;0;1;1;0;2;-8,80026115;-63,73188257;"SPRF-RO";"DEL01-RO";"UOP01-DEL01-RO"
283508;2020-05-08;"sexta-feira";"23:45:00";"MG";262;161,1;"SAO DOMINGOS DO PRATA";"Velocidade Incompatível";"Tombamento";"Com Vítimas Feridas";"Plena Noite";"Decrescente";"Céu Claro";"Simples";"Declive;Curva";"Não";2;0;0;1;0;1;1;2;-19,96349991;-42,843382;"SPRF-MG";"DEL03-MG";"UOP03-DEL03-MG"
283529;2020-05-09;"sábado";"07:30:00";"PR";476;128,5;"CURITIBA";"Falta de Atenção à Condução";"Colisão lateral";"Com Vítimas Feridas";"Pleno dia";"Crescente";"Nublado";"Dupla";"Reta";"Sim";2;0;1;0;1;0;1;2;-25,433048;-49,23156;"SPRF-PR";"DEL01-PR";"UOP07-DEL01-PR"
283533;2020-04-20;"segunda-feira";"05:20:00";"GO";50;186,9;"CAMPO ALEGRE DE GOIAS";"Objeto estático sobre o leito carroçável";"Saída de leito carroçável";"Com Vítimas Feridas";"Plena Noite";"Crescente";"Céu Claro";"Dupla";"Reta";"Não";1;0;1;0;0;0;1;1;-17,4581;-47,8081;"SPRF-GO";"DEL06-GO";"UOP01-DEL06-GO"
283535;2020-05-08;"sexta-feira";"22:30:00";"SP";116;192;"SANTA ISABEL";"Falta de Atenção à Condução";"Tombamento";"Com Vítimas Feridas";"Plena Noite";"Decrescente";"Céu Claro";"Dupla";"Reta";"Sim";3;0;1;0;0;2;1;3;-23,376923;-46,249733;"SPRF-SP";"DEL02-SP";"UOP01-DEL02-SP"
283536;2020-05-09;"sábado";"05:25:00";"SC";280;99;"SAO BENTO DO SUL";"Ingestão de álcool e/ou substâncias psicoativas pelo pedestre";"Tombamento";"Com Vítimas Feridas";"Plena Noite";"Decrescente";"Céu Claro";"Simples";"Declive;Curva";"Não";2;0;1;0;0;1;1;2;-26,37531616;-49,32563746;"SPRF-SC";"DEL06-SC";"UOP03-DEL06-SC"
283541;2020-05-09;"sábado";"09:00:00";"BA";116;690,2;"JEQUIE";"Velocidade Incompatível";"Colisão com objeto estático";"Com Vítimas Feridas";"Pleno dia";"Decrescente";"Nublado";"Simples";"Curva";"Não";2;0;0;1;0;2;1;3;-13,991508;-40,1776116;"SPRF-BA";"DEL03-BA";"UOP01-DEL03-BA"
283550;2020-05-09;"sábado";"10:30:00";"MG";365;402;"PATOS DE MINAS";"Defeito Mecânico no Veículo";"Saída de leito carroçável";"Com Vítimas Fatais";"Pleno dia";"Crescente";"Céu Claro";"Simples";"Declive;Reta";"Não";2;1;0;0;1;0;0;1;-18,634363;-46,442986;"SPRF-MG";"DEL10-MG";"UOP01-DEL10-MG"
283553;2020-05-09;"sábado";"10:40:00";"GO";364;184;"JATAI";"Desobediência às normas de trânsito pelo condutor";"Colisão lateral";"Sem Vítimas";"Pleno dia";"Decrescente";"Céu Claro";"Simples";"Em Obras;Aclive";"Não";8;0;0;0;5;3;0;4;-17,94969;-51,639641;"SPRF-GO";"DEL05-GO";"UOP01-DEL05-GO"
283554;2020-05-09;"sábado";"10:40:00";"MG";116;690,9;"MURIAE";"Velocidade Incompatível";"Tombamento";"Com Vítimas Feridas";"Pleno dia";"Crescente";"Sol";"Simples";"Curva";"Não";3;0;2;0;0;1;2;2;-21,010281;-42,361241;"SPRF-MG";"DEL07-MG";"UOP02-DEL07-MG"
283557;2020-05-09;"sábado";"11:30:00";"MA";316;546;"CAXIAS";"Desobediência às normas de trânsito pelo condutor";"Colisão transversal";"Com Vítimas Feridas";"Pleno dia";"Crescente";"Céu Claro";"Simples";"Rotatória";"Não";3;0;2;0;1;0;2;2;-4,875501;-43,395222;"SPRF-MA";"DEL03-MA";"UOP02-DEL03-MA"
283559;2020-05-09;"sábado";"12:15:00";"MG";40;518,1;"RIBEIRAO DAS NEVES";"Não guardar distância de segurança";"Colisão lateral";"Com Vítimas Feridas";"Pleno dia";"Decrescente";"Céu Claro";"Dupla";"Reta";"Sim";8;0;0;1;6;1;1;4;-19,8321242;-44,08208533;"SPRF-MG";"DEL01-MG";"UOP02-DEL01-MG"
283562;2020-05-09;"sábado";"11:30:00";"PR";376;307,4;"MAUA DA SERRA";"Velocidade Incompatível";"Tombamento";"Com Vítimas Feridas";"Pleno dia";"Decrescente";"Céu Claro";"Dupla";"Aclive;Curva";"Não";2;0;1;0;0;1;1;2;-23,950578;-51,118746;"SPRF-PR";"DEL07-PR";"UOP02-DEL07-PR"
283564;2020-05-09;"sábado";"12:40:00";"PR";116;102;"SAO JOSE DOS PINHAIS";"Velocidade Incompatível";"Colisão com objeto estático";"Com Vítimas Feridas";"Pleno dia";"Crescente";"Céu Claro";"Dupla";"Curva";"Não";2;0;1;0;0;1;1;2;-25,57138842;-49,1801405;"SPRF-PR";"DEL01-PR";"UOP01-DEL01-PR"
283567;2020-05-09;"sábado";"09:30:00";"MG";262;548,4;"LUZ";"Velocidade Incompatível";"Tombamento";"Com Vítimas Feridas";"Pleno dia";"Decrescente";"Sol";"Simples";"Curva";"Não";2;0;1;0;0;1;1;2;-19,73163489;-45,8631039;"SPRF-MG";"DEL08-MG";"UOP02-DEL08-MG"
283574;2020-05-09;"sábado";"11:35:00";"RS";392;298;"SAO SEPE";"Não guardar distância de segurança";"Engavetamento";"Com Vítimas Feridas";"Pleno dia";"Decrescente";"Céu Claro";"Simples";"Reta";"Sim";5;0;1;0;3;2;1;6;-30,15722611;-53,58879818;"SPRF-RS";"DEL09-RS";"UOP01-DEL09-RS"
283576;2020-05-09;"sábado";"09:00:00";"SC";282;412;"CATANDUVAS";"Falta de Atenção à Condução";"Tombamento";"Com Vítimas Feridas";"Pleno dia";"Crescente";"Céu Claro";"Simples";"Curva";"Não";2;0;1;0;0;1;1;2;-27,055775;-51,688843;"SPRF-SC";"DEL07-SC";"UOP05-DEL07-SC"
283581;2020-05-09;"sábado";"14:30:00";"RS";386;260,4;"FONTOURA XAVIER";"Desobediência às normas de trânsito pelo condutor";"Colisão lateral";"Com Vítimas Feridas";"Pleno dia";"Crescente";"Céu Claro";"Dupla";"Reta;Aclive";"Não";3;0;1;0;2;0;1;2;-28,892323;-52,40966;"SPRF-RS";"DEL04-RS";"UOP03-DEL04-RS"
283592;2020-05-09;"sábado";"15:10:00";"PR";163;153,5;"SANTA LUCIA";"Restrição de Visibilidade";"Colisão transversal";"Com Vítimas Feridas";"Pleno dia";"Decrescente";"Céu Claro";"Simples";"Declive;Em Obras";"Não";2;0;1;0;1;0;1;2;-25,39324795;-53,57661137;"SPRF-PR";"DEL05-PR";"UOP05-DEL05-PR"
283599;2020-05-09;"sábado";"15:00:00";"PI";135;433;"MONTE ALEGRE DO PIAUI";"Ingestão de Álcool";"Saída de leito carroçável";"Com Vítimas Feridas";"Pleno dia";"Crescente";"Céu Claro";"Simples";"Reta";"Não";2;0;2;0;0;0;2;2;-9,558386;-44,766209;"SPRF-PI";"DEL03-PI";"UOP02-DEL03-PI"
283613;2020-05-09;"sábado";"17:44:00";"PR";376;646;"TIJUCAS DO SUL";"Condutor Dormindo";"Saída de leito carroçável";"Com Vítimas Feridas";"Anoitecer";"Crescente";"Céu Claro";"Dupla";"Reta";"Não";2;0;1;0;0;1;1;2;-25,82793738;-49,11945654;"SPRF-PR";"DEL01-PR";"UOP04-DEL01-PR"
283615;2020-05-09;"sábado";"16:11:00";"MG";381;921;"CAMANDUCAIA";"Velocidade Incompatível";"Colisão com objeto estático";"Com Vítimas Feridas";"Pleno dia";"Crescente";"Céu Claro";"Dupla";"Curva";"Não";2;0;2;0;0;0;2;1;-22,7680939;-46,20854399;"SPRF-MG";"DEL16-MG";"UOP03-DEL16-MG"
283620;2020-05-09;"sábado";"18:15:00";"RS";290;144,8;"ELDORADO DO SUL";"Falta de Atenção do Pedestre";"Atropelamento de Pedestre";"Com Vítimas Feridas";"Plena Noite";"Crescente";"Céu Claro";"Simples";"Reta";"Sim";2;0;0;1;1;0;1;2;-30,096939;-51,647282;"SPRF-RS";"DEL02-RS";"UOP01-DEL02-RS"
283624;2020-05-09;"sábado";"18:10:00";"PB";230;83,9;"CALDAS BRANDAO";"Velocidade Incompatível";"Colisão traseira";"Com Vítimas Feridas";"Plena Noite";"Decrescente";"Céu Claro";"Dupla";"Interseção de Vias;Reta";"Sim";2;0;1;0;1;0;1;2;-7,16795107;-35,35158777;"SPRF-PB";"DEL01-PB";"UOP03-DEL01-PB"
283625;2020-05-09;"sábado";"19:00:00";"SP";116;207,2;"GUARULHOS";"Ingestão de Álcool";"Colisão com objeto estático";"Com Vítimas Feridas";"Plena Noite";"Crescente";"Nublado";"Dupla";"Reta";"Não";3;0;1;0;1;1;1;3;-23,41972188;-46,38419203;"SPRF-SP";"DEL01-SP";"UOP01-DEL01-SP"
283636;2020-05-09;"sábado";"19:30:00";"TO";153;675;"GURUPI";"Desobediência às normas de trânsito pelo condutor";"Colisão frontal";"Com Vítimas Fatais";"Plena Noite";"Crescente";"Céu Claro";"Simples";"Reta";"Sim";3;1;0;0;1;1;0;3;-11,75312428;-49,09074565;"SPRF-TO";"DEL01-TO";"UOP02-DEL01-TO"
283645;2020-05-09;"sábado";"17:30:00";"SC";116;290,1;"CAPAO ALTO";"Defeito Mecânico no Veículo";"Colisão com objeto em movimento";"Sem Vítimas";"Pleno dia";"Decrescente";"Sol";"Simples";"Reta";"Não";4;0;0;0;4;0;0;4;-28,1098922;-50,62088783;"SPRF-SC";"DEL05-SC";"UOP02-DEL05-SC"
283688;2020-05-10;"domingo";"00:10:00";"BA";116;595;"IRAJUBA";"Falta de Atenção à Condução";"Colisão traseira";"Com Vítimas Feridas";"Plena Noite";"Crescente";"Céu Claro";"Simples";"Reta";"Não";2;0;0;1;1;0;1;2;-13,17351892;-39,99933014;"SPRF-BA";"DEL03-BA";"UOP02-DEL03-BA"
283691;2020-05-09;"sábado";"23:15:00";"MG";116;73,8;"MEDINA";"Ingestão de Álcool";"Colisão lateral";"Com Vítimas Feridas";"Plena Noite";"Crescente";"Céu Claro";"Simples";"Reta";"Sim";2;0;1;0;1;0;1;2;-16,22692908;-41,47096712;"SPRF-MG";"DEL11-MG";"UOP02-DEL11-MG"
283706;2020-05-09;"sábado";"20:00:00";"PA";10;265,1;"AURORA DO PARA";"Defeito na Via";"Saída de leito carroçável";"Sem Vítimas";"Plena Noite";"Crescente";"Céu Claro";"Simples";"Declive";"Não";2;0;0;0;1;1;0;2;-2,114226;-47,560364;"SPRF-PA";"DEL02-PA";"UOP01-DEL02-PA"
283720;2020-05-10;"domingo";"07:55:00";"SP";116;76,9;"ROSEIRA";"Defeito Mecânico no Veículo";"Incêndio";"Sem Vítimas";"Pleno dia";"Crescente";"Céu Claro";"Dupla";"Reta";"Não";2;0;0;0;1;1;0;2;-22,87747687;-45,27203908;"SPRF-SP";"DEL06-SP";"UOP01-DEL06-SP"
283721;2020-05-10;"domingo";"07:55:00";"GO";153;597,7;"PIRACANJUBA";"Falta de Atenção à Condução";"Tombamento";"Com Vítimas Feridas";"Pleno dia";"Crescente";"Céu Claro";"Dupla";"Viaduto";"Não";2;0;1;0;0;2;1;3;-17,5271;-49,2152;"SPRF-GO";"DEL03-GO";"UOP01-DEL03-GO"
283728;2020-05-10;"domingo";"09:35:00";"MS";163;786,5;"COXIM";"Falta de Atenção à Condução";"Colisão transversal";"Com Vítimas Fatais";"Pleno dia";"Decrescente";"Céu Claro";"Simples";"Reta";"Não";3;1;0;0;1;1;0;3;-18,031662;-54,684669;"SPRF-MS";"DEL06-MS";"UOP01-DEL06-MS"
283731;2020-05-10;"domingo";"06:30:00";"AL";104;20,4;"SAO JOSE DA LAJE";"Falta de Atenção à Condução";"Saída de leito carroçável";"Sem Vítimas";"Pleno dia";"Decrescente";"Nublado";"Simples";"Curva";"Não";2;0;0;0;1;1;0;2;-9,05832806;-36,03471394;"SPRF-AL";"DEL01-AL";"UOP02-DEL01-AL"
283737;2020-05-10;"domingo";"07:15:00";"BA";116;693;"JEQUIE";"Desobediência às normas de trânsito pelo condutor";"Colisão lateral";"Com Vítimas Feridas";"Pleno dia";"Decrescente";"Céu Claro";"Simples";"Curva";"Não";6;0;3;0;3;0;3;2;-14,015338;-40,188913;"SPRF-BA";"DEL03-BA";"UOP01-DEL03-BA"
283740;2020-05-10;"domingo";"11:00:00";"RJ";101;11;"CAMPOS DOS GOYTACAZES";"Falta de Atenção à Condução";"Tombamento";"Com Vítimas Feridas";"Pleno dia";"Crescente";"Céu Claro";"Simples";"Curva";"Não";1;0;1;0;0;0;1;1;-21,30766784;-41,3253282;"SPRF-RJ";"DEL08-RJ";"UOP01-DEL08-RJ"
283741;2020-05-10;"domingo";"10:30:00";"RJ";116;234,9;"PIRAI";"Defeito Mecânico no Veículo";"Incêndio";"Sem Vítimas";"Pleno dia";"Crescente";"Céu Claro";"Dupla";"Reta";"Não";2;0;0;0;1;1;0;2;-22,6668168;-43,8410104;"SPRF-RJ";"DEL07-RJ";"UOP01-DEL07-RJ"
283745;2020-05-10;"domingo";"12:10:00";"MG";262;620,8;"IBIA";"Velocidade Incompatível";"Saída de leito carroçável";"Com Vítimas Feridas";"Pleno dia";"Crescente";"Céu Claro";"Simples";"Curva";"Não";2;0;0;1;0;1;1;2;-19,5881098;-46,378886;"SPRF-MG";"DEL08-MG";"UOP01-DEL08-MG"
283750;2020-05-10;"domingo";"12:20:00";"PA";10;190;"IPIXUNA DO PARA";"Falta de Atenção à Condução";"Colisão lateral";"Com Vítimas Feridas";"Pleno dia";"Crescente";"Céu Claro";"Simples";"Reta";"Não";3;0;1;0;2;0;1;3;-2,76992002;-47,45601211;"SPRF-PA";"DEL02-PA";"UOP01-DEL02-PA"
283752;2020-05-10;"domingo";"12:00:00";"AL";101;149,5;"JEQUIA DA PRAIA";"Velocidade Incompatível";"Colisão com objeto estático";"Sem Vítimas";"Pleno dia";"Decrescente";"Garoa/Chuvisco";"Dupla";"Declive;Ponte";"Não";2;0;0;0;1;1;0;2;-9,89208398;-36,13574982;"SPRF-AL";"DEL02-AL";"UOP02-DEL02-AL"
283754;2020-05-06;"quarta-feira";"05:30:00";"GO";80;67;"PADRE BERNARDO";"Defeito Mecânico no Veículo";"Incêndio";"Sem Vítimas";"Amanhecer";"Decrescente";"Céu Claro";"Simples";"Reta";"Não";2;0;0;0;1;1;0;2;-15,202561;-48,457137;"SPRF-DF";"DEL03-DF";"UOP02-DEL03-DF"
283758;2020-05-10;"domingo";"13:20:00";"MG";365;402;"PATOS DE MINAS";"Ingestão de Álcool";"Colisão traseira";"Com Vítimas Feridas";"Pleno dia";"Decrescente";"Céu Claro";"Simples";"Curva";"Não";4;0;0;1;2;1;1;3;-18,63825441;-46,45155702;"SPRF-MG";"DEL10-MG";"UOP01-DEL10-MG"
283766;2020-03-23;"segunda-feira";"20:40:00";"MG";381;576,5;"ITAGUARA";"Falta de Atenção à Condução";"Colisão transversal";"Com Vítimas Feridas";"Plena Noite";"Crescente";"Céu Claro";"Dupla";"Curva";"Não";4;0;1;0;1;2;1;4;-20,48100267;-44,58883345;"SPRF-MG";"DEL04-MG";"UOP03-DEL04-MG"
283767;2020-05-10;"domingo";"14:25:00";"MG";459;66,8;"SENADOR JOSE BENTO";"Velocidade Incompatível";"Tombamento";"Com Vítimas Feridas";"Pleno dia";"Crescente";"Céu Claro";"Simples";"Curva;Declive";"Não";2;0;1;0;0;1;1;2;-22,1336264;-46,17363811;"SPRF-MG";"DEL09-MG";"UOP01-DEL09-MG"
283768;2020-05-10;"domingo";"13:50:00";"MT";163;820;"SINOP";"Ultrapassagem Indevida";"Colisão frontal";"Com Vítimas Feridas";"Pleno dia";"Crescente";"Sol";"Simples";"Reta";"Sim";3;0;0;1;1;1;1;3;-11,98781671;-55,51713467;"SPRF-MT";"DEL06-MT";"UOP01-DEL06-MT"
283779;2020-04-16;"quinta-feira";"08:00:00";"RO";364;49;"VILHENA";"Desobediência às normas de trânsito pelo condutor";"Colisão traseira";"Sem Vítimas";"Pleno dia";"Decrescente";"Céu Claro";"Simples";"Declive";"Não";4;0;0;0;3;2;0;5;-12,55924713;-60,35437725;"SPRF-RO";"DEL04-RO";"UOP01-DEL04-RO"
283785;2020-05-10;"domingo";"16:10:00";"GO";40;96,3;"CRISTALINA";"Falta de Atenção à Condução";"Colisão transversal";"Sem Vítimas";"Pleno dia";"Crescente";"Céu Claro";"Simples";"Reta";"Sim";3;0;0;0;1;2;0;3;-16,75768;-47,601613;"SPRF-DF";"DEL01-DF";"UOP02-DEL01-DF"
283793;2020-05-10;"domingo";"15:30:00";"SP";459;12,9;"PIQUETE";"Carga excessiva e/ou mal acondicionada";"Tombamento";"Sem Vítimas";"Pleno dia";"Crescente";"Céu Claro";"Simples";"Declive;Curva";"Não";2;0;0;0;1;1;0;2;-22,597866;-45,183331;"SPRF-SP";"DEL08-SP";"UOP01-DEL08-SP"
283795;2020-05-10;"domingo";"09:50:00";"MT";70;724,5;"CACERES";"Defeito Mecânico no Veículo";"Colisão traseira";"Com Vítimas Feridas";"Pleno dia";"Decrescente";"Céu Claro";"Simples";"Curva";"Não";4;0;1;1;1;1;2;4;-16,20112568;-57,60038686;"SPRF-MT";"DEL03-MT";"UOP01-DEL03-MT"
283803;2020-05-10;"domingo";"11:30:00";"MG";365;854,6;"SANTA VITORIA";"Defeito Mecânico no Veículo";"Incêndio";"Sem Vítimas";"Pleno dia";"Crescente";"Céu Claro";"Simples";"Curva";"Não";2;0;0;0;1;2;0;3;-19,02573083;-50,35468805;"SPRF-MG";"DEL15-MG";"UOP03-DEL15-MG"