"id";"data_inversa";"dia_semana";"horario";"uf";"br";"km";"municipio";"causa_acidente";"tipo_acidente";"classificacao_acidente";"fase_dia";"sentido_via";"condicao_metereologica";"tipo_pista";"tracado_via";"uso_solo";"pessoas";"mortos";"feridos_leves";"feridos_graves";"ilesos";"ignorados";"feridos";"veiculos";"latitude";"longitude";"regional";"delegacia";"uop"
284697;2020-05-16;"sábado";"08:40:00";"MG";262;364,3;"JUATUBA";"Velocidade Incompatível";"Tombamento";"Com Vítimas Feridas";"Pleno dia";"Decrescente";"Chuva";"Dupla";"Curva;Declive";"Não";2;0;1;0;0;1;1;2;-19,98290644;-44,24492623;"SPRF-MG";"DEL01-MG";"UOP03-DEL01-MG"
284698;2020-05-16;"sábado";"08:40:00";"MG";262;354;"BETIM";"Falta de Atenção à Condução";"Colisão com objeto estático";"Com Vítimas Feridas";"Pleno dia";"Decrescente";"Chuva";"Dupla";"Curva";"Não";1;0;1;0;0;0;1;1;-19,96216513;-44,16346396;"SPRF-MG";"DEL01-MG";"UOP03-DEL01-MG"
284711;2020-05-16;"sábado";"09:10:00";"SC";282;57;"RANCHO QUEIMADO";"Não guardar distância de segurança";"Colisão lateral";"Com Vítimas Feridas";"Pleno dia";"Crescente";"Céu Claro";"Simples";"Curva";"Não";2;0;0;1;1;0;1;2;-27,688864;-48,998455;"SPRF-SC";"DEL01-SC";"UOP03-DEL01-SC"
284712;2020-05-16;"sábado";"09:40:00";"SC";282;41,3;"AGUAS MORNAS";"Desobediência às normas de trânsito pelo condutor";"Colisão transversal";"Com Vítimas Feridas";"Pleno dia";"Decrescente";"Céu Claro";"Simples";"Interseção de Vias";"Sim";3;0;1;1;1;0;2;2;-27,715973;-48,878979;"SPRF-SC";"DEL01-SC";"UOP03-DEL01-SC"
284717;2020-05-16;"sábado";"10:50:00";"PR";373;174;"PONTA GROSSA";"Falta de Atenção à Condução";"Colisão transversal";"Com Vítimas Feridas";"Pleno dia";"Crescente";"Nublado";"Múltipla";"Retorno Regulamentado";"Sim";3;0;0;1;1;1;1;3;-25,07594908;-50,20995715;"SPRF-PR";"DEL03-PR";"UOP01-DEL03-PR"
284719;2020-05-16;"sábado";"09:30:00";"MA";316;259;"SANTA INES";"Falta de Atenção do Pedestre";"Atropelamento de Pedestre";"Com Vítimas Fatais";"Pleno dia";"Crescente";"Céu Claro";"Simples";"Reta";"Sim";2;1;0;0;1;0;0;2;-3,662971;-45,400261;"SPRF-MA";"DEL02-MA";"UOP01-DEL02-MA"
284732;2020-05-16;"sábado";"11:00:00";"MT";163;840;"SINOP";"Falta de Atenção à Condução";"Colisão lateral";"Com Vítimas Feridas";"Pleno dia";"Crescente";"Céu Claro";"Simples";"Reta";"Sim";4;0;2;1;1;0;3;2;-11,94214306;-55,51630378;"SPRF-MT";"DEL06-MT";"NPF/DEL06-MT"
284735;2020-05-16;"sábado";"14:00:00";"PR";277;1,3;"PARANAGUA";"Falta de Atenção à Condução";"Colisão lateral";"Com Vítimas Feridas";"Pleno dia";"Crescente";"Céu Claro";"Dupla";"Rotatória";"Sim";4;0;1;0;1;2;1;4;-25,551406;-48,551915;"SPRF-PR";"DEL01-PR";"UOP05-DEL01-PR"
284742;2020-05-16;"sábado";"12:30:00";"ES";262;6,5;"CARIACICA";"Sinalização da via insuficiente ou inadequada";"Colisão transversal";"Com Vítimas Feridas";"Pleno dia";"Crescente";"Chuva";"Dupla";"Reta";"Sim";2;0;1;0;0;1;1;2;-20,34007493;-40,39451305;"SPRF-ES";"DEL01-ES";"UOP01-DEL01-ES"
284744;2020-05-16;"sábado";"14:30:00";"RJ";116;163;"RIO DE JANEIRO";"Defeito Mecânico no Veículo";"Colisão traseira";"Com Vítimas Feridas";"Pleno dia";"Crescente";"Céu Claro";"Dupla";"Reta";"Sim";2;0;1;0;1;0;1;2;-22,802729;-43,290424;"SPRF-RJ";"DEL01-RJ";"UOP01-DEL01-RJ"
284753;2020-05-16;"sábado";"14:10:00";"MG";40;442;"PARAOPEBA";"Carga excessiva e/ou mal acondicionada";"Derramamento de carga";"Sem Vítimas";"Pleno dia";"Crescente";"Céu Claro";"Dupla";"Reta";"Não";1;0;0;0;1;0;0;1;-19,28815;-44,392;"SPRF-MG";"DEL02-MG";"UOP01-DEL02-MG"
284758;2020-05-16;"sábado";"13:30:00";"MT";364;349;"SANTO ANTONIO DO LEVERGER";"Velocidade Incompatível";"Tombamento";"Sem Vítimas";"Pleno dia";"Crescente";"Céu Claro";"Dupla";"Curva";"Não";2;0;0;0;1;2;0;3;-15,8050262238;-55,5546431002;"SPRF-MT";"DEL05-MT";"UOP02-DEL05-MT"
284760;2020-04-16;"quinta-feira";"20:20:00";"MT";70;408;"CAMPO VERDE";"Defeito Mecânico no Veículo";"Incêndio";"Sem Vítimas";"Plena Noite";"Crescente";"Ignorado";"Simples";"Reta";"Não";1;0;0;0;1;0;0;1;-15,67556415;-55,30639216;"SPRF-MT";"DEL05-MT";"UOP02-DEL05-MT"
284767;2020-05-16;"sábado";"12:45:00";"PE";232;31,5;"MORENO";"Falta de Atenção à Condução";"Colisão traseira";"Com Vítimas Feridas";"Pleno dia";"Crescente";"Chuva";"Dupla";"Reta";"Não";3;0;2;0;1;0;2;3;-8,10678602;-35,15841205;"SPRF-PE";"DEL02-PE";"UOP02-DEL02PE"
284768;2020-05-16;"sábado";"15:40:00";"PE";408;53,9;"NAZARE DA MATA";"Desobediência às normas de trânsito pelo condutor";"Colisão traseira";"Com Vítimas Feridas";"Pleno dia";"Decrescente";"Sol";"Simples";"Curva";"Não";4;0;1;0;1;2;1;4;-7,7544279;-35,23291346;"SPRF-PE";"DEL01-PE";"UOP01-DEL01-PE"
284770;2020-04-22;"quarta-feira";"19:50:00";"RS";392;39,4;"RIO GRANDE";"Desobediência às normas de trânsito pelo condutor";"Colisão lateral";"Com Vítimas Feridas";"Plena Noite";"Crescente";"Céu Claro";"Dupla";"Reta";"Não";4;0;1;0;2;1;1;3;-31,96338187;-52,30321871;"SPRF-RS";"DEL07-RS";"UOP02-DEL07-RS"
284774;2020-05-16;"sábado";"15:50:00";"MS";163;735;"COXIM";"Falta de Atenção à Condução";"Saída de leito carroçável";"Com Vítimas Feridas";"Pleno dia";"Decrescente";"Céu Claro";"Dupla";"Reta";"Não";4;0;1;0;0;5;1;5;-18,46897176;-54,71599744;"SPRF-MS";"DEL06-MS";"UOP01-DEL06-MS"
284782;2020-05-16;"sábado";"17:20:00";"ES";101;324,5;"GUARAPARI";"Ingestão de Álcool";"Colisão traseira";"Com Vítimas Feridas";"Anoitecer";"Decrescente";"Chuva";"Dupla";"Reta";"Não";2;0;0;1;1;0;1;2;-20,54581102;-40,4812865;"SPRF-ES";"DEL03-ES";"UOP01-DEL03-ES"
284783;2020-05-16;"sábado";"17:25:00";"RS";290;418,5;"SAO GABRIEL";"Falta de Atenção à Condução";"Atropelamento de Pedestre";"Com Vítimas Feridas";"Pleno dia";"Decrescente";"Céu Claro";"Simples";"Rotatória";"Sim";2;0;1;0;1;0;1;2;-30,354879;-54,328896;"SPRF-RS";"DEL11-RS";"UOP02-DEL11-RS"
284784;2020-05-16;"sábado";"17:00:00";"PR";376;134;"NOVA ESPERANCA";"Falta de Atenção à Condução";"Colisão traseira";"Com Vítimas Feridas";"Pleno dia";"Decrescente";"Céu Claro";"Dupla";"Reta";"Sim";3;0;1;1;1;0;2;2;-23,189063;-52,208473;"SPRF-PR";"DEL09-PR";"UOP02-DEL09-PR"
284802;2020-05-16;"sábado";"17:40:00";"MG";116;415;"GOVERNADOR VALADARES";"Falta de Atenção à Condução";"Engavetamento";"Sem Vítimas";"Plena Noite";"Crescente";"Chuva";"Simples";"Ponte";"Sim";4;0;0;0;4;0;0;4;-18,88401297;-41,94924399;"SPRF-MG";"DEL06-MG";"UOP01-DEL06-MG"
284806;2020-05-16;"sábado";"18:45:00";"RJ";116;37;"SAPUCAIA";"Falta de Atenção à Condução";"Colisão frontal";"Com Vítimas Fatais";"Plena Noite";"Crescente";"Céu Claro";"Simples";"Curva";"Não";4;2;2;0;0;0;2;2;-22,128124;-42,781047;"SPRF-RJ";"DEL04-RJ";"UOP01-DEL04-RJ"
284814;2020-05-16;"sábado";"19:05:00";"RJ";393;251,2;"BARRA DO PIRAI";"Desobediência às normas de trânsito pelo condutor";"Colisão lateral";"Com Vítimas Feridas";"Plena Noite";"Crescente";"Céu Claro";"Simples";"Reta";"Sim";3;0;1;0;1;1;1;3;-22,42817793;-43,76843108;"SPRF-RJ";"DEL05-RJ";"UOP04-DEL05-RJ"
284830;2020-05-16;"sábado";"18:40:00";"BA";410;5,6;"RIBEIRA DO POMBAL";"Velocidade Incompatível";"Colisão traseira";"Sem Vítimas";"Plena Noite";"Decrescente";"Céu Claro";"Simples";"Declive";"Não";3;0;0;0;2;2;0;4;-10,83904026;-38,56813884;"SPRF-BA";"DEL07-BA";"UOP02-DEL07-BA"
284832;2020-05-16;"sábado";"18:25:00";"MT";364;180,7;"PEDRA PRETA";"Falta de Atenção à Condução";"Colisão lateral";"Com Vítimas Feridas";"Plena Noite";"Decrescente";"Nublado";"Simples";"Curva";"Não";3;0;1;0;1;1;1;3;-16,60225916;-54,49213501;"SPRF-MT";"DEL02-MT";"UOP01-DEL02-MT"
284848;2020-05-16;"sábado";"14:38:00";"AM";174;1103;"PRESIDENTE FIGUEIREDO";"Falta de Atenção à Condução";"Saída de leito carroçável";"Com Vítimas Feridas";"Pleno dia";"Decrescente";"Céu Claro";"Simples";"Reta";"Não";4;0;1;0;1;2;1;2;-1,17386197;-60,43823751;"SPRF-AM";"DEL01-AM";"UOP02-DEL01-AM"
284851;2020-05-16;"sábado";"20:00:00";"MG";267;247,1;"CARVALHOS";"Velocidade Incompatível";"Colisão frontal";"Com Vítimas Feridas";"Plena Noite";"Crescente";"Céu Claro";"Simples";"Curva";"Não";3;0;0;1;1;2;1;4;-21,93528929;-44,46564168;"SPRF-MG";"DEL17-MG";"UOP01-DEL17-MG"
284860;2020-05-16;"sábado";"23:25:00";"PR";277;35,3;"MORRETES";"Velocidade Incompatível";"Tombamento";"Com Vítimas Feridas";"Plena Noite";"Decrescente";"Nublado";"Dupla";"Declive;Curva";"Não";6;0;3;1;1;2;4;4;-25,574306;-48,828416;"SPRF-PR";"DEL01-PR";"UOP05-DEL01-PR"
284863;2020-05-16;"sábado";"22:20:00";"BA";116;639;"JAGUAQUARA";"Falta de Atenção à Condução";"Tombamento";"Sem Vítimas";"Plena Noite";"Decrescente";"Ignorado";"Simples";"Aclive";"Não";2;0;0;0;1;1;0;2;-13,52302704;-40,06074891;"SPRF-BA";"DEL03-BA";"UOP01-DEL03-BA"
284869;2020-05-17;"domingo";"00:15:00";"MG";50;55;"UBERLANDIA";"Defeito Mecânico no Veículo";"Tombamento";"Sem Vítimas";"Plena Noite";"Decrescente";"Céu Claro";"Dupla";"Curva";"Não";1;0;0;0;1;0;0;1;-18,77290538;-48,24124319;"SPRF-MG";"DEL15-MG";"UOP02-DEL15-MG"
284873;2020-05-17;"domingo";"01:05:00";"MS";163;481,6;"CAMPO GRANDE";"Falta de Atenção à Condução";"Colisão frontal";"Com Vítimas Feridas";"Plena Noite";"Crescente";"Céu Claro";"Simples";"Reta";"Sim";4;0;0;1;2;1;1;3;-20,469381;-54,55955;"SPRF-MS";"DEL01-MS";"UOP01-DEL01-MS"
284883;2020-05-17;"domingo";"04:20:00";"SC";101;396,9;"CRICIUMA";"Desobediência às normas de trânsito pelo condutor";"Colisão com objeto estático";"Sem Vítimas";"Plena Noite";"Crescente";"Céu Claro";"Múltipla";"Aclive";"Sim";2;0;0;0;1;2;0;3;-28,82459572;-49,40472033;"SPRF-SC";"DEL02-SC";"UOP02-DEL02-SC"
284884;2020-05-16;"sábado";"14:00:00";"CE";222;297;"TIANGUA";"Pista Escorregadia";"Saída de leito carroçável";"Com Vítimas Feridas";"Pleno dia";"Decrescente";"Chuva";"Simples";"Curva";"Não";3;0;3;0;0;0;3;1;-3,65826065;-40,92482891;"SPRF-CE";"DEL04-CE";"UOP02-DEL04-CE"
284889;2020-05-17;"domingo";"03:05:00";"MG";116;201,1;"CARAI";"Condutor Dormindo";"Colisão frontal";"Com Vítimas Fatais";"Plena Noite";"Decrescente";"Chuva";"Simples";"Curva;Aclive";"Não";5;1;1;1;1;1;2;3;-17,25209001;-41,50104094;"SPRF-MG";"DEL11-MG";"UOP01-DEL11-MG"
284905;2020-05-17;"domingo";"08:15:00";"RJ";116;222;"PIRAI";"Falta de Atenção à Condução";"Tombamento";"Sem Vítimas";"Pleno dia";"Decrescente";"Céu Claro";"Simples";"Curva";"Não";2;0;0;0;1;1;0;2;-22,6896952;-43,79175108;"SPRF-RJ";"DEL07-RJ";"UOP01-DEL07-RJ"
284906;2020-05-17;"domingo";"07:09:00";"MS";267;38,2;"BATAGUASSU";"Defeito Mecânico no Veículo";"Incêndio";"Sem Vítimas";"Pleno dia";"Decrescente";"Céu Claro";"Simples";"Reta;Aclive";"Não";2;0;0;0;1;3;0;4;-21,762253;-52,489861;"SPRF-MS";"DEL02-MS";"UOP04-DEL02-MS"
284908;2020-05-17;"domingo";"07:00:00";"RO";364;518;"ARIQUEMES";"Falta de Atenção à Condução";"Colisão frontal";"Com Vítimas Fatais";"Pleno dia";"Crescente";"Sol";"Múltipla";"Reta";"Sim";5;1;1;0;2;1;1;3;-9,897787;-63,05624596;"SPRF-RO";"DEL03-RO";"UOP01-DEL03-RO"
284923;2020-05-17;"domingo";"10:30:00";"MA";10;251;"IMPERATRIZ";"Falta de Atenção do Pedestre";"Atropelamento de Pedestre";"Com Vítimas Feridas";"Pleno dia";"Decrescente";"Céu Claro";"Simples";"Reta";"Sim";3;0;1;0;1;2;1;4;-5,543249;-47,464447;"SPRF-MA";"DEL04-MA";"UOP01-DEL04-MA"
284927;2020-05-17;"domingo";"10:45:00";"GO";364;300;"MINEIROS";"Desobediência às normas de trânsito pelo condutor";"Colisão frontal";"Com Vítimas Fatais";"Pleno dia";"Crescente";"Sol";"Simples";"Reta";"Sim";4;1;0;0;1;4;0;6;-17,551912;-52,528187;"SPRF-GO";"DEL05-GO";"UOP01-DEL05-GO"
284931;2020-05-17;"domingo";"11:30:00";"PA";316;40;"SANTA IZABEL DO PARA";"Não guardar distância de segurança";"Colisão traseira";"Com Vítimas Feridas";"Pleno dia";"Decrescente";"Céu Claro";"Dupla";"Reta;Declive";"Não";2;0;1;0;0;1;1;2;-1,2795637;-48,12243407;"SPRF-PA";"DEL01-PA";"UOP01-DEL01-PA"
284938;2020-05-17;"domingo";"14:25:00";"PR";277;536;"IBEMA";"Defeito Mecânico no Veículo";"Tombamento";"Com Vítimas Feridas";"Pleno dia";"Decrescente";"Sol";"Simples";"Declive;Curva";"Sim";2;0;1;0;0;2;1;3;-25,11310089;-53,00093021;"SPRF-PR";"DEL04-PR";"UOP04-DEL04-PR"
284942;2020-05-17;"domingo";"15:10:00";"BA";110;139;"CICERO DANTAS";"Mal Súbito";"Saída de leito carroçável";"Com Vítimas Feridas";"Pleno dia";"Decrescente";"Céu Claro";"Simples";"Aclive";"Não";2;0;1;0;0;1;1;2;-10,635602;-38,401222;"SPRF-BA";"DEL07-BA";"UOP02-DEL07-BA"
284944;2020-05-17;"domingo";"13:30:00";"BA";116;433,2;"FEIRA DE SANTANA";"Velocidade Incompatível";"Capotamento";"Com Vítimas Feridas";"Pleno dia";"Decrescente";"Sol";"Dupla";"Curva";"Não";2;0;0;1;0;1;1;2;-12,28864802;-39,014561;"SPRF-BA";"DEL02-BA";"UOP01-DEL02-BA"
284945;2020-05-17;"domingo";"15:10:00";"MG";116;781;"LEOPOLDINA";"Velocidade Incompatível";"Tombamento";"Com Vítimas Feridas";"Pleno dia";"Crescente";"Céu Claro";"Simples";"Curva;Declive";"Não";2;0;1;0;0;1;1;2;-21,62223589;-42,69312807;"SPRF-MG";"DEL07-MG";"UOP01-DEL07-MG"
284948;2020-05-17;"domingo";"16:30:00";"MG";40;440,9;"PARAOPEBA";"Velocidade Incompatível";"Tombamento";"Com Vítimas Feridas";"Pleno dia";"Crescente";"Céu Claro";"Dupla";"Reta";"Não";1;0;1;0;0;0;1;1;-19,23106385;-44,43560958;"SPRF-MG";"DEL02-MG";"UOP01-DEL02-MG"
284952;2020-05-17;"domingo";"15:40:00";"RO";364;311;"PRESIDENTE MEDICI";"Falta de Atenção à Condução";"Colisão frontal";"Com Vítimas Feridas";"Pleno dia";"Crescente";"Céu Claro";"Simples";"Reta";"Não";4;0;1;1;0;4;2;6;-11,14536599;-61,90141244;"SPRF-RO";"DEL02-RO";"UOP01-DEL02-RO"
284963;2020-05-17;"domingo";"17:45:00";"BA";101;668,9;"ITAPEBI";"Ultrapassagem Indevida";"Tombamento";"Com Vítimas Fatais";"Anoitecer";"Decrescente";"Chuva";"Simples";"Curva";"Não";4;1;2;0;0;1;2;3;-15,98484639;-39,56940651;"SPRF-BA";"DEL09-BA";"UOP01-DEL09-BA"
284970;2020-05-17;"domingo";"18:30:00";"RS";472;573,3;"URUGUAIANA";"Desobediência às normas de trânsito pelo condutor";"Danos eventuais";"Com Vítimas Fatais";"Anoitecer";"Crescente";"Céu Claro";"Simples";"Reta";"Não";6;1;0;0;2;3;0;4;-29,73717678;-56,9690701;"SPRF-RS";"DEL13-RS";"UOP01-DEL13-RS"
284972;2020-05-17;"domingo";"18:20:00";"PR";116;171,2;"QUITANDINHA";"Velocidade Incompatível";"Colisão frontal";"Com Vítimas Feridas";"Plena Noite";"Crescente";"Nublado";"Simples";"Aclive;Reta";"Não";3;0;1;0;1;1;1;3;-25,89150393;-49,51855659;"SPRF-PR";"DEL01-PR";"UOP03-DEL01-PR"
284983;2020-05-17;"domingo";"18:20:00";"BA";242;715;"CRISTOPOLIS";"Pista Escorregadia";"Saída de leito carroçável";"Com Vítimas Feridas";"Plena Noite";"Crescente";"Chuva";"Simples";"Declive;Reta";"Não";2;0;1;0;0;2;1;3;-12,22359543;-44,34253693;"SPRF-BA";"DEL10-BA";"UOP01-DEL10-BA"
284994;2020-05-17;"domingo";"19:20:00";"PR";373;460;"CHOPINZINHO";"Desobediência às normas de trânsito pelo condutor";"Colisão transversal";"Com Vítimas Fatais";"Plena Noite";"Decrescente";"Céu Claro";"Simples";"Reta";"Sim";5;2;0;2;1;0;2;2;-25,93602325;-52,4015812;"SPRF-PR";"DEL02-PR";"UOP01-DEL02-PR"
284996;2020-05-17;"domingo";"20:20:00";"PR";376;186,7;"MARIALVA";"Falta de Atenção à Condução";"Colisão frontal";"Com Vítimas Fatais";"Plena Noite";"Crescente";"Céu Claro";"Dupla";"Reta;Aclive";"Não";3;1;0;0;1;1;0;3;-23,454986;-51,847864;"SPRF-PR";"DEL09-PR";"UOP01-DEL09-PR"
284998;2020-05-17;"domingo";"19:15:00";"SC";282;91,5;"ALFREDO WAGNER";"Falta de Atenção à Condução";"Colisão transversal";"Com Vítimas Feridas";"Plena Noite";"Crescente";"Nublado";"Simples";"Reta";"Sim";3;0;1;0;1;1;1;3;-27,690374;-49,229061;"SPRF-SC";"DEL01-SC";"UOP03-DEL01-SC"
285003;2020-05-17;"domingo";"20:10:00";"PR";376;523,8;"PONTA GROSSA";"Falta de Atenção à Condução";"Colisão traseira";"Com Vítimas Feridas";"Plena Noite";"Crescente";"Céu Claro";"Dupla";"Reta";"Não";3;0;1;0;1;4;1;6;-25,30235303;-49,89037407;"SPRF-PR";"DEL03-PR";"UOP04-DEL03-PR"
285004;2020-05-17;"domingo";"18:45:00";"MA";10;249;"IMPERATRIZ";"Desobediência às normas de trânsito pelo condutor";"Colisão lateral";"Com Vítimas Feridas";"Plena Noite";"Crescente";"Céu Claro";"Simples";"Reta";"Sim";2;0;1;0;1;0;1;2;-5,558508;-47,45417;"SPRF-MA";"DEL04-MA";"UOP01-DEL04-MA"
285006;2020-05-17;"domingo";"16:20:00";"MG";356;277;"EUGENOPOLIS";"Velocidade Incompatível";"Tombamento";"Com Vítimas Feridas";"Pleno dia";"Decrescente";"Céu Claro";"Simples";"Curva";"Não";3;0;1;1;0;1;2;3;-21,1250463;-42,2720529;"SPRF-MG";"DEL07-MG";"UOP02-DEL07-MG"
285008;2020-05-17;"domingo";"15:15:00";"RS";386;101,4;"SAO JOSE DAS MISSOES";"Carga excessiva e/ou mal acondicionada";"Tombamento";"Com Vítimas Feridas";"Pleno dia";"Decrescente";"Sol";"Simples";"Curva";"Não";2;0;1;0;0;1;1;2;-27,763994;-53,09584;"SPRF-RS";"DEL08-RS";"UOP01-DEL08-RS"
285012;2020-05-17;"domingo";"21:05:00";"CE";116;382;"ICO";"Defeito na Via";"Saída de leito carroçável";"Com Vítimas Feridas";"Plena Noite";"Decrescente";"Céu Claro";"Simples";"Declive";"Não";1;0;1;0;0;0;1;1;-6,44056901;-38,85708811;"SPRF-CE";"DEL05-CE";"UOP01-DEL05-CE"
285013;2020-05-17;"domingo";"20:40:00";"CE";20;172;"BOA VIAGEM";"Falta de Atenção à Condução";"Colisão lateral";"Com Vítimas Fatais";"Plena Noite";"Decrescente";"Céu Claro";"Simples";"Reta;Declive";"Não";2;1;0;0;0;1;0;2;-5,32044231;-39,9240477;"SPRF-CE";"DEL02-CE";"UOP02-DEL02-CE"
285016;2020-05-17;"domingo";"20:00:00";"RO";364;343;"JI-PARANA";"Velocidade Incompatível";"Colisão traseira";"Sem Vítimas";"Plena Noite";"Crescente";"Céu Claro";"Múltipla";"Reta";"Sim";3;0;0;0;1;2;0;3;-10,87878519;-61,94499012;"SPRF-RO";"DEL02-RO";"UOP01-DEL02-RO"
285022;2020-05-17;"domingo";"21:15:00";"MT";364;220,3;"RONDONOPOLIS";"Condutor Dormindo";"Colisão lateral";"Com Vítimas Feridas";"Plena Noite";"Decrescente";"Céu Claro";"Dupla";"Reta;Aclive";"Não";5;0;1;0;2;4;1;6;-16,34786395;-54,73950295;"SPRF-MT";"DEL02-MT";"UOP01-DEL02-MT"
285023;2020-05-17;"domingo";"20:00:00";"PR";153;23,1;"JACAREZINHO";"Ingestão de Substâncias Psicoativas";"Colisão frontal";"Com Vítimas Feridas";"Plena Noite";"Decrescente";"Céu Claro";"Simples";"Rotatória";"Sim";4;0;0;1;1;2;1;4;-23,18028124;-49,97932792;"SPRF-PR";"DEL07-PR";"UOP04-DEL07-PR"
285035;2020-05-18;"segunda-feira";"00:10:00";"SC";280;84;"CORUPA";"Velocidade Incompatível";"Tombamento";"Com Vítimas Feridas";"Plena Noite";"Decrescente";"Céu Claro";"Simples";"Declive";"Sim";4;0;1;0;1;2;1;4;-26,43589072;-49,24351466;"SPRF-SC";"DEL06-SC";"UOP03-DEL06-SC"
285038;2020-05-17;"domingo";"23:35:00";"RJ";116;256,8;"PIRAI";"Condutor Dormindo";"Colisão traseira";"Com Vítimas Feridas";"Plena Noite";"Decrescente";"Nublado";"Dupla";"Declive";"Não";3;0;1;0;1;1;1;3;-22,58449025;-44,00458394;"SPRF-RJ";"DEL07-RJ";"UOP01-DEL07-RJ"
285045;2020-05-18;"segunda-feira";"04:10:00";"SC";101;448;"SANTA ROSA DO SUL";"Não guardar distância de segurança";"Colisão traseira";"Com Vítimas Feridas";"Plena Noite";"Crescente";"Ignorado";"Dupla";"Declive";"Sim";4;0;1;0;2;1;1;3;-29,15898991;-49,73540906;"SPRF-SC";"DEL02-SC";"UOP02-DEL02-SC"
285050;2020-05-18;"segunda-feira";"06:30:00";"CE";116;42;"HORIZONTE";"Falta de Atenção à Condução";"Colisão lateral";"Com Vítimas Feridas";"Pleno dia";"Decrescente";"Nublado";"Múltipla";"Reta";"Sim";2;0;1;0;1;0;1;2;-4,11246272;-38,49051781;"SPRF-CE";"DEL01-CE";"UOP02-DEL01-CE"
285063;2020-05-18;"segunda-feira";"08:05:00";"BA";324;613;"SIMOES FILHO";"Falta de Atenção à Condução";"Colisão lateral";"Com Vítimas Feridas";"Pleno dia";"Decrescente";"Céu Claro";"Dupla";"Reta";"Sim";2;0;0;1;1;0;1;2;-12,85531601;-38,42055197;"SPRF-BA";"DEL01-BA";"UOP01-DEL01-BA"
285066;2020-05-18;"segunda-feira";"08:32:00";"PR";277;584;"CASCAVEL";"Falta de Atenção à Condução";"Colisão traseira";"Com Vítimas Feridas";"Pleno dia";"Crescente";"Céu Claro";"Dupla";"Interseção de Vias";"Sim";4;0;1;0;2;2;1;4;-24,96684176;-53,40258186;"SPRF-PR";"DEL04-PR";"UOP01-DEL04-PR"
285069;2020-05-18;"segunda-feira";"08:30:00";"MG";50;181;"UBERABA";"Condutor Dormindo";"Colisão com objeto estático";"Sem Vítimas";"Pleno dia";"Decrescente";"Céu Claro";"Dupla";"Reta";"Não";2;0;0;0;1;1;0;2;-19,785967;-47,916336;"SPRF-MG";"DEL13-MG";"UOP01-DEL13-MG"
285073;2020-05-18;"segunda-feira";"08:40:00";"SC";101;232,7;"PALHOCA";"Falta de Atenção à Condução";"Colisão com objeto estático";"Com Vítimas Feridas";"Pleno dia";"Crescente";"Sol";"Dupla";"Curva";"Não";2;0;1;0;0;1;1;2;-27,795666;-48,638153;"SPRF-SC";"DEL01-SC";"UOP02-DEL01-SC"
285079;2020-05-18;"segunda-feira";"09:55:00";"SC";282;74,2;"AGUAS MORNAS";"Desobediência às normas de trânsito pelo condutor";"Colisão frontal";"Com Vítimas Fatais";"Pleno dia";"Decrescente";"Sol";"Simples";"Curva";"Não";3;1;0;0;1;1;0;3;-27,69625825;-48,96443367;"SPRF-SC";"DEL01-SC";"UOP03-DEL01-SC"
285080;2020-05-18;"segunda-feira";"09:28:00";"SC";282;335;"CAMPOS NOVOS";"Velocidade Incompatível";"Colisão frontal";"Com Vítimas Feridas";"Pleno dia";"Decrescente";"Céu Claro";"Simples";"Reta";"Sim";3;0;1;0;1;1;1;3;-27,39486708;-51,18796349;"SPRF-SC";"DEL07-SC";"UOP06-DEL07-SC"
285082;2020-05-18;"segunda-feira";"09:14:00";"RO";364;448;"JARU";"Desobediência às normas de trânsito pelo condutor";"Engavetamento";"Com Vítimas Feridas";"Pleno dia";"Crescente";"Sol";"Simples";"Aclive";"Não";9;0;0;1;7;6;1;11;-10,31044223;-62,63906217;"SPRF-RO";"DEL03-RO";"UOP02-DEL03-RO"
285085;2020-05-18;"segunda-feira";"07:00:00";"MG";40;709,8;"BARBACENA";"Velocidade Incompatível";"Tombamento";"Com Vítimas Feridas";"Pleno dia";"Crescente";"Céu Claro";"Dupla";"Curva";"Não";2;0;1;0;0;1;1;2;-21,23816789;-43,70949805;"SPRF-MG";"DEL05-MG";"UOP02-DEL05-MG"
285091;2020-05-18;"segunda-feira";"11:15:00";"RS";471;174,2;"RIO PARDO";"Desobediência às normas de trânsito pelo condutor";"Colisão transversal";"Com Vítimas Feridas";"Pleno dia";"Crescente";"Céu Claro";"Simples";"Rotatória";"Sim";4;0;1;0;2;2;1;4;-30,022757;-52,373554;"SPRF-RS";"DEL02-RS";"UOP02-DEL02-RS"
285092;2020-05-18;"segunda-feira";"11:00:00";"SC";101;155;"PORTO BELO";"Falta de Atenção à Condução";"Colisão transversal";"Com Vítimas Feridas";"Pleno dia";"Crescente";"Céu Claro";"Dupla";"Aclive;Curva";"Sim";2;0;1;0;1;0;1;2;-27,16292;-48,61129;"SPRF-SC";"DEL04-SC";"UOP03-DEL04-SC"
285094;2020-05-18;"segunda-feira";"08:00:00";"PR";476;84;"BOCAIUVA DO SUL";"Falta de Atenção à Condução";"Tombamento";"Com Vítimas Feridas";"Pleno dia";"Decrescente";"Céu Claro";"Simples";"Curva";"Não";2;0;1;0;0;1;1;2;-25,152304;-49,110638;"SPRF-PR";"DEL01-PR";"UOP07-DEL01-PR"
285096;2020-05-18;"segunda-feira";"09:40:00";"MG";354;740,9;"POUSO ALTO";"Falta de Atenção à Condução";"Capotamento";"Com Vítimas Feridas";"Pleno dia";"Decrescente";"Céu Claro";"Simples";"Curva";"Não";1;0;1;0;0;0;1;1;-22,21864616;-44,94174287;"SPRF-MG";"DEL17-MG";"UOP01-DEL17-MG"