"id";"data_inversa";"dia_semana";"horario";"uf";"br";"km";"municipio";"causa_acidente";"tipo_acidente";"classificacao_acidente";"fase_dia";"sentido_via";"condicao_metereologica";"tipo_pista";"tracado_via";"uso_solo";"pessoas";"mortos";"feridos_leves";"feridos_graves";"ilesos";"ignorados";"feridos";"veiculos";"latitude";"longitude";"regional";"delegacia";"uop"
285647;2020-05-22;"sexta-feira";"00:40:00";"PE";101;106;"CABO DE SANTO AGOSTINHO";"Falta de Atenção à Condução";"Saída de leito carroçável";"Com Vítimas Feridas";"Plena Noite";"Decrescente";"Chuva";"Dupla";"Reta";"Não";1;0;1;0;0;0;1;1;-8,30807754;-35,07573296;"SPRF-PE";"DEL01-PE";"UOP03-DEL01-PE"
285668;2020-05-22;"sexta-feira";"02:10:00";"MG";381;936;"EXTREMA";"Velocidade Incompatível";"Colisão com objeto estático";"Com Vítimas Feridas";"Plena Noite";"Crescente";"Céu Claro";"Dupla";"Declive;Curva";"Não";2;0;1;0;1;0;1;1;-22,82914914;-46,31469547;"SPRF-MG";"DEL16-MG";"UOP03-DEL16-MG"
285670;2020-05-22;"sexta-feira";"04:10:00";"SE";235;47,8;"ITABAIANA";"Ingestão de Álcool";"Colisão frontal";"Com Vítimas Feridas";"Plena Noite";"Crescente";"Nublado";"Simples";"Reta";"Não";3;0;1;0;1;1;1;3;-10,731889;-37,411335;"SPRF-SE";"DEL01-SE";"UOP02-DEL01-SE"
285672;2020-05-22;"sexta-feira";"06:30:00";"MG";146;601;"POCOS DE CALDAS";"Falta de Atenção à Condução";"Capotamento";"Com Vítimas Feridas";"Amanhecer";"Crescente";"Céu Claro";"Simples";"Reta";"Não";1;0;0;1;0;0;1;1;-21,77667492;-46,43301213;"SPRF-MG";"DEL09-MG";"UOP01-DEL09-MG"
285674;2020-05-22;"sexta-feira";"05:30:00";"MG";40;602,9;"CONGONHAS";"Falta de Atenção à Condução";"Atropelamento de Pedestre";"Com Vítimas Feridas";"Amanhecer";"Crescente";"Céu Claro";"Simples";"Curva";"Não";2;0;1;0;0;1;1;2;-20,445422;-43,839625;"SPRF-MG";"DEL05-MG";"UOP02-DEL05-MG"
285675;2020-05-22;"sexta-feira";"05:30:00";"MG";365;281,2;"SAO GONCALO DO ABAETE";"Avarias e/ou desgaste excessivo no pneu";"Incêndio";"Sem Vítimas";"Amanhecer";"Crescente";"Céu Claro";"Simples";"Reta";"Não";2;0;0;0;1;1;0;2;-18,015692;-45,633099;"SPRF-MG";"DEL10-MG";"UOP01-DEL10-MG"
285676;2020-05-22;"sexta-feira";"05:59:00";"RS";285;286;"PASSO FUNDO";"Desobediência às normas de trânsito pelo condutor";"Colisão frontal";"Com Vítimas Fatais";"Amanhecer";"Crescente";"Chuva";"Simples";"Reta";"Não";4;2;0;0;1;1;0;3;-28,243645;-52,309055;"SPRF-RS";"DEL08-RS";"UOP03-DEL08-RS"
285694;2020-05-22;"sexta-feira";"07:10:00";"CE";222;315,2;"TIANGUA";"Defeito Mecânico no Veículo";"Colisão frontal";"Com Vítimas Fatais";"Pleno dia";"Crescente";"Chuva";"Simples";"Reta";"Não";3;1;0;0;1;1;0;3;-3,738862;-41,005386;"SPRF-CE";"DEL04-CE";"UOP02-DEL04-CE"
285695;2020-05-22;"sexta-feira";"05:30:00";"SP";116;544;"BARRA DO TURVO";"Carga excessiva e/ou mal acondicionada";"Derramamento de carga";"Sem Vítimas";"Amanhecer";"Decrescente";"Céu Claro";"Dupla";"Curva";"Não";2;0;0;0;1;1;0;2;-24,95781406;-48,42123049;"SPRF-SP";"DEL05-SP";"UOP02-DEL05-SP"
285699;2020-05-22;"sexta-feira";"09:00:00";"MG";356;265,4;"MURIAE";"Ingestão de Substâncias Psicoativas";"Colisão traseira";"Com Vítimas Feridas";"Pleno dia";"Crescente";"Céu Claro";"Simples";"Viaduto";"Sim";2;0;1;0;1;0;1;2;-21,12838898;-42,366803;"SPRF-MG";"DEL07-MG";"UOP02-DEL07-MG"
285701;2020-05-22;"sexta-feira";"06:10:00";"SC";470;245;"CURITIBANOS";"Falta de Atenção à Condução";"Colisão lateral";"Com Vítimas Feridas";"Amanhecer";"Crescente";"Chuva";"Simples";"Reta";"Não";4;0;0;1;2;1;1;4;-27,316158;-50,524006;"SPRF-SC";"DEL05-SC";"UOP03-DEL05-SC"
285707;2020-05-22;"sexta-feira";"10:00:00";"RN";101;107;"PARNAMIRIM";"Falta de Atenção à Condução";"Colisão lateral";"Com Vítimas Feridas";"Pleno dia";"Crescente";"Nublado";"Simples";"Reta";"Sim";2;0;1;0;1;0;1;2;-5,91920796;-35,26412409;"SPRF-RN";"DEL01-RN";"UOP01-DEL01-RN"
285709;2020-05-22;"sexta-feira";"06:40:00";"MG";381;936,3;"EXTREMA";"Velocidade Incompatível";"Tombamento";"Com Vítimas Feridas";"Amanhecer";"Crescente";"Céu Claro";"Dupla";"Curva;Declive";"Não";2;0;2;0;0;0;2;1;-22,82914914;-46,31469547;"SPRF-MG";"DEL16-MG";"UOP03-DEL16-MG"
285715;2020-05-22;"sexta-feira";"10:45:00";"RS";470;178;"VERANOPOLIS";"Falta de Atenção à Condução";"Colisão traseira";"Com Vítimas Feridas";"Pleno dia";"Crescente";"Nublado";"Simples";"Reta";"Sim";2;0;1;0;1;0;1;2;-28,94753484;-51,55413312;"SPRF-RS";"DEL06-RS";"UOP02-DEL06-RS"
285722;2020-05-22;"sexta-feira";"02:20:00";"PA";10;278;"MAE DO RIO";"Defeito na Via";"Tombamento";"Com Vítimas Feridas";"Plena Noite";"Crescente";"Céu Claro";"Simples";"Reta";"Não";2;0;1;0;0;1;1;2;-1,994895;-47,529464;"SPRF-PA";"DEL02-PA";"UOP01-DEL02-PA"
285723;2020-05-22;"sexta-feira";"04:40:00";"PA";222;97;"RONDON DO PARA";"Defeito Mecânico no Veículo";"Tombamento";"Sem Vítimas";"Amanhecer";"Crescente";"Céu Claro";"Simples";"Curva";"Não";2;0;0;0;1;1;0;2;-4,731023;-48,019905;"SPRF-PA";"DEL02-PA";"UOP02-DEL02-PA"
285725;2020-05-22;"sexta-feira";"10:00:00";"SC";470;68;"INDAIAL";"Não guardar distância de segurança";"Colisão traseira";"Com Vítimas Feridas";"Pleno dia";"Crescente";"Nublado";"Simples";"Reta;Declive";"Sim";3;0;1;1;0;1;2;2;-26,877615;-49,239231;"SPRF-SC";"DEL04-SC";"UOP01-DEL04-SC"
285733;2020-05-22;"sexta-feira";"11:30:00";"MG";40;813,2;"MATIAS BARBOSA";"Velocidade Incompatível";"Colisão traseira";"Com Vítimas Feridas";"Pleno dia";"Decrescente";"Céu Claro";"Dupla";"Curva";"Não";3;0;1;0;1;1;1;3;-21,88611918;-43,31880894;"SPRF-MG";"DEL05-MG";"UOP01-DEL05-MG"
285735;2020-05-22;"sexta-feira";"12:30:00";"MG";381;481;"CONTAGEM";"Não guardar distância de segurança";"Colisão traseira";"Com Vítimas Feridas";"Pleno dia";"Crescente";"Sol";"Dupla";"Reta";"Não";3;0;0;1;1;2;1;4;-19,95931561;-44,08825597;"SPRF-MG";"DEL01-MG";"UOP03-DEL01-MG"
285736;2020-05-22;"sexta-feira";"12:10:00";"MG";262;179;"SAO DOMINGOS DO PRATA";"Defeito Mecânico no Veículo";"Incêndio";"Sem Vítimas";"Pleno dia";"Crescente";"Céu Claro";"Simples";"Reta";"Não";2;0;0;0;1;1;0;2;-19,92881848;-42,99046914;"SPRF-MG";"DEL03-MG";"UOP01-DEL03-MG"
285744;2020-05-22;"sexta-feira";"11:50:00";"MT";364;435;"VARZEA GRANDE";"Desobediência às normas de trânsito pelo condutor";"Colisão traseira";"Com Vítimas Feridas";"Pleno dia";"Decrescente";"Céu Claro";"Dupla";"Reta";"Sim";3;0;0;1;1;2;1;4;-15,64127781;-56,13085281;"SPRF-MT";"DEL01-MT";"UOP02-DEL01-MT"
285748;2020-05-22;"sexta-feira";"14:10:00";"RS";386;401;"TRIUNFO";"Ingestão de Álcool";"Colisão com objeto estático";"Com Vítimas Feridas";"Pleno dia";"Decrescente";"Nublado";"Dupla";"Rotatória";"Não";4;0;2;0;1;1;2;3;-29,70412935;-51,65642738;"SPRF-RS";"DEL04-RS";"UOP02-DEL04-RS"
285749;2020-05-22;"sexta-feira";"13:20:00";"RJ";493;79;"DUQUE DE CAXIAS";"Condutor Dormindo";"Saída de leito carroçável";"Com Vítimas Feridas";"Pleno dia";"Crescente";"Céu Claro";"Dupla";"Reta";"Não";2;0;1;0;0;1;1;2;-22,672089;-43,285053;"SPRF-RJ";"DEL01-RJ";"UOP03-DEL01-RJ"
285752;2020-05-22;"sexta-feira";"13:25:00";"BA";415;59;"ITABUNA";"Pista Escorregadia";"Colisão frontal";"Com Vítimas Fatais";"Pleno dia";"Crescente";"Chuva";"Simples";"Curva";"Não";5;1;1;0;1;2;1;4;-14,81574494;-39,29612388;"SPRF-BA";"DEL05-BA";"UOP01-DEL05-BA"
285761;2020-04-24;"sexta-feira";"19:30:00";"RS";392;95;"MORRO REDONDO";"Falta de Atenção à Condução";"Saída de leito carroçável";"Com Vítimas Feridas";"Pleno dia";"Crescente";"Céu Claro";"Simples";"Curva";"Não";1;0;1;0;0;0;1;1;-31,56762219;-52,54164316;"SPRF-RS";"DEL07-RS";"UOP01-DEL07-RS"
285763;2020-05-22;"sexta-feira";"14:50:00";"MG";365;592;"ARAGUARI";"Falta de Atenção à Condução";"Colisão com objeto estático";"Com Vítimas Feridas";"Pleno dia";"Crescente";"Céu Claro";"Simples";"Curva";"Não";3;0;1;0;1;3;1;5;-18,87951334;-48,06156814;"SPRF-MG";"DEL15-MG";"UOP02-DEL15-MG"
285765;2020-05-22;"sexta-feira";"09:40:00";"PR";476;253;"ANTONIO OLINTO";"Velocidade Incompatível";"Colisão lateral";"Com Vítimas Feridas";"Pleno dia";"Decrescente";"Chuva";"Simples";"Curva;Declive";"Não";3;0;0;1;1;2;1;4;-25,88559244;-50,18246954;"SPRF-PR";"DEL02-PR";"UOP04-DEL02-PR"
285766;2020-05-22;"sexta-feira";"15:00:00";"PR";376;632,7;"SAO JOSE DOS PINHAIS";"Velocidade Incompatível";"Colisão traseira";"Com Vítimas Feridas";"Pleno dia";"Decrescente";"Chuva";"Dupla";"Aclive;Reta";"Não";6;0;2;2;2;0;4;4;-25,71305887;-49,13941456;"SPRF-PR";"DEL01-PR";"UOP04-DEL01-PR"
285773;2020-04-04;"sábado";"10:00:00";"PA";163;382;"NOVO PROGRESSO";"Defeito na Via";"Tombamento";"Sem Vítimas";"Pleno dia";"Crescente";"Ignorado";"Simples";"Aclive";"Não";2;0;0;0;1;2;0;3;-6,40771753;-55,5635506;"SPRF-PA";"DEL05-PA";"UOP01-DEL05-PA"
285777;2020-05-22;"sexta-feira";"16:40:00";"SC";101;105,5;"PENHA";"Falta de Atenção à Condução";"Colisão transversal";"Com Vítimas Feridas";"Pleno dia";"Decrescente";"Nublado";"Dupla";"Interseção de Vias";"Sim";2;0;1;0;1;0;1;2;-26,80468935;-48,67926893;"SPRF-SC";"DEL03-SC";"UOP02-DEL03-SC"
285788;2020-05-22;"sexta-feira";"15:23:00";"PR";277;306,3;"GUARAPUAVA";"Desobediência às normas de trânsito pelo condutor";"Colisão com objeto estático";"Sem Vítimas";"Pleno dia";"Decrescente";"Chuva";"Simples";"Declive";"Não";3;0;0;0;2;2;0;4;-25,29937603;-51,14537699;"SPRF-PR";"DEL08-PR";"UOP01-DEL08-PR"
285790;2020-05-22;"sexta-feira";"18:00:00";"GO";153;498,8;"GOIANIA";"Desobediência às normas de trânsito pelo condutor";"Colisão traseira";"Com Vítimas Feridas";"Anoitecer";"Crescente";"Céu Claro";"Simples";"Reta";"Sim";3;0;0;1;1;1;1;3;-16,68972132;-49,23286915;"SPRF-GO";"DEL01-GO";"UOP01-DEL01-GO"
285792;2020-05-22;"sexta-feira";"16:40:00";"RS";470;223;"GARIBALDI";"Ingestão de Álcool";"Colisão transversal";"Sem Vítimas";"Pleno dia";"Decrescente";"Garoa/Chuvisco";"Simples";"Reta";"Não";2;0;0;0;2;0;0;2;-29,21249203;-51,51794436;"SPRF-RS";"DEL06-RS";"UOP01-DEL06-RS"
285793;2020-05-22;"sexta-feira";"17:30:00";"MT";163;813;"SINOP";"Falta de Atenção à Condução";"Engavetamento";"Com Vítimas Feridas";"Pleno dia";"Crescente";"Céu Claro";"Simples";"Reta";"Não";4;0;1;0;2;1;1;4;-12,18052509;-55,52606686;"SPRF-MT";"DEL06-MT";"UOP01-DEL06-MT"
285796;2020-05-22;"sexta-feira";"18:30:00";"SC";280;4;"SAO FRANCISCO DO SUL";"Falta de Atenção à Condução";"Colisão transversal";"Com Vítimas Feridas";"Anoitecer";"Crescente";"Sol";"Simples";"Rotatória";"Sim";2;0;0;1;1;0;1;2;-26,25329566;-48,61916042;"SPRF-SC";"DEL03-SC";"UOP03-DEL03-SC"
285801;2020-05-22;"sexta-feira";"18:10:00";"PR";373;181,9;"PONTA GROSSA";"Pista Escorregadia";"Colisão traseira";"Sem Vítimas";"Plena Noite";"Crescente";"Chuva";"Múltipla";"Reta";"Sim";6;0;0;0;2;4;0;5;-25,04266233;-50,25791089;"SPRF-PR";"DEL03-PR";"UOP01-DEL03-PR"
285803;2020-05-22;"sexta-feira";"18:45:00";"SE";235;80,9;"FREI PAULO";"Ultrapassagem Indevida";"Colisão frontal";"Com Vítimas Fatais";"Plena Noite";"Decrescente";"Nublado";"Simples";"Reta";"Não";2;1;0;0;1;0;0;2;-10,543209;-37,599659;"SPRF-SE";"DEL01-SE";"UOP02-DEL01-SE"
285807;2020-05-22;"sexta-feira";"16:00:00";"MG";262;530;"LUZ";"Condutor Dormindo";"Tombamento";"Com Vítimas Feridas";"Pleno dia";"Crescente";"Céu Claro";"Simples";"Reta";"Não";2;0;1;0;0;1;1;2;-19,78473976;-45,71454601;"SPRF-MG";"DEL08-MG";"UOP02-DEL08-MG"
285812;2020-05-22;"sexta-feira";"17:40:00";"PR";153;146;"VENTANIA";"Velocidade Incompatível";"Saída de leito carroçável";"Com Vítimas Fatais";"Anoitecer";"Crescente";"Chuva";"Simples";"Reta";"Não";1;1;0;0;0;0;0;1;-24,12736779;-50,23683071;"SPRF-PR";"DEL07-PR";"UOP04-DEL07-PR"
285817;2020-05-22;"sexta-feira";"16:55:00";"PE";116;78;"CABROBO";"Ultrapassagem Indevida";"Colisão lateral";"Com Vítimas Feridas";"Pleno dia";"Crescente";"Céu Claro";"Simples";"Reta";"Não";3;0;1;0;1;2;1;4;-8,508235;-39,212662;"SPRF-PE";"DEL05-PE";"UOP03-DEL05-PE"
285818;2020-05-22;"sexta-feira";"17:55:00";"MG";116;411;"GOVERNADOR VALADARES";"Não guardar distância de segurança";"Colisão traseira";"Com Vítimas Feridas";"Plena Noite";"Decrescente";"Céu Claro";"Dupla";"Reta";"Sim";4;0;2;0;1;1;2;3;-18,86244705;-41,97405237;"SPRF-MG";"DEL06-MG";"UOP01-DEL06-MG"
285819;2020-05-22;"sexta-feira";"19:48:00";"BA";101;881;"TEIXEIRA DE FREITAS";"Falta de Atenção à Condução";"Colisão traseira";"Com Vítimas Feridas";"Plena Noite";"Crescente";"Garoa/Chuvisco";"Simples";"Reta";"Não";3;0;1;0;0;2;1;3;-17,558861;-39,726281;"SPRF-BA";"DEL09-BA";"UOP02-DEL09-BA"
285820;2020-05-22;"sexta-feira";"16:00:00";"PR";369;156,1;"LONDRINA";"Não guardar distância de segurança";"Colisão com objeto estático";"Sem Vítimas";"Pleno dia";"Decrescente";"Chuva";"Dupla";"Retorno Regulamentado";"Sim";1;0;0;0;1;0;0;1;-23,29139441;-51,21782452;"SPRF-PR";"DEL07-PR";"UOP01-DEL07-PR"
285824;2020-05-22;"sexta-feira";"18:30:00";"ES";262;109;"VENDA NOVA DO IMIGRANTE";"Desobediência às normas de trânsito pelo condutor";"Colisão lateral";"Com Vítimas Feridas";"Anoitecer";"Decrescente";"Céu Claro";"Simples";"Rotatória";"Sim";4;0;1;0;1;2;1;3;-20,33581177;-41,17107062;"SPRF-ES";"DEL01-ES";"UOP02-DEL01-ES"
285828;2020-05-22;"sexta-feira";"13:00:00";"RO";364;92;"VILHENA";"Não guardar distância de segurança";"Colisão traseira";"Com Vítimas Feridas";"Pleno dia";"Decrescente";"Céu Claro";"Simples";"Aclive";"Não";6;0;0;1;4;2;1;6;-12,34401202;-60,63151613;"SPRF-RO";"DEL04-RO";"UOP01-DEL04-RO"
285830;2020-05-22;"sexta-feira";"17:00:00";"SP";116;348;"MIRACATU";"Falta de Atenção à Condução";"Tombamento";"Com Vítimas Feridas";"Anoitecer";"Crescente";"Nublado";"Dupla";"Declive";"Não";2;0;1;0;0;1;1;2;-24,05143375;-47,20399492;"SPRF-SP";"DEL04-SP";"UOP02-DEL04-SP"
285833;2020-05-22;"sexta-feira";"19:30:00";"MA";135;232;"PERITORO";"Defeito na Via";"Tombamento";"Sem Vítimas";"Plena Noite";"Decrescente";"Céu Claro";"Simples";"Reta";"Não";2;0;0;0;1;2;0;3;-4,42686418;-44,36125185;"SPRF-MA";"DEL03-MA";"UOP01-DEL03-MA"
285835;2020-05-22;"sexta-feira";"21:00:00";"PE";316;107,7;"OURICURI";"Deficiência ou não Acionamento do Sistema de Iluminação/Sinalização do Veículo";"Colisão traseira";"Com Vítimas Feridas";"Plena Noite";"Decrescente";"Céu Claro";"Simples";"Reta;Aclive";"Não";2;0;1;0;0;1;1;2;-7,96236583;-39,88894493;"SPRF-PE";"DEL05-PE";"UOP02-DEL05-PE"
285838;2020-05-22;"sexta-feira";"20:45:00";"MG";365;502;"PATROCINIO";"Falta de Atenção à Condução";"Colisão lateral";"Com Vítimas Feridas";"Plena Noite";"Crescente";"Céu Claro";"Simples";"Curva";"Não";12;0;4;1;7;0;5;3;-18,95990548;-47,24650221;"SPRF-MG";"DEL10-MG";"UOP01-DEL10-MG"
285842;2020-05-22;"sexta-feira";"21:00:00";"MG";381;419;"NOVA UNIAO";"Carga excessiva e/ou mal acondicionada";"Tombamento";"Sem Vítimas";"Plena Noite";"Crescente";"Céu Claro";"Simples";"Reta";"Não";1;0;0;0;1;0;0;1;-19,75054807;-43,6284256;"SPRF-MG";"DEL01-MG";"UOP01-DEL01-MG"
285844;2020-05-22;"sexta-feira";"21:05:00";"GO";153;49;"PORANGATU";"Ingestão de Álcool";"Saída de leito carroçável";"Com Vítimas Feridas";"Plena Noite";"Crescente";"Céu Claro";"Simples";"Reta";"Não";2;0;1;0;0;1;1;2;-13,242126;-49,141426;"SPRF-GO";"DEL07-GO";"UOP01-DEL07-GO"
285845;2020-05-22;"sexta-feira";"19:00:00";"MG";116;153;"PONTO DOS VOLANTES";"Falta de Atenção à Condução";"Tombamento";"Com Vítimas Feridas";"Plena Noite";"Crescente";"Céu Claro";"Simples";"Aclive";"Não";1;0;0;1;0;0;1;1;-16,87572999;-41,47858717;"SPRF-MG";"DEL11-MG";"UOP02-DEL11-MG"
285848;2020-05-22;"sexta-feira";"22:40:00";"PR";376;666,1;"GUARATUBA";"Velocidade Incompatível";"Colisão transversal";"Com Vítimas Feridas";"Plena Noite";"Crescente";"Chuva";"Simples";"Curva";"Não";3;0;0;1;1;1;1;3;-25,86037408;-48,95087256;"SPRF-PR";"DEL01-PR";"UOP04-DEL01-PR"
285850;2020-05-22;"sexta-feira";"22:45:00";"SP";116;345;"MIRACATU";"Falta de Atenção à Condução";"Colisão traseira";"Com Vítimas Fatais";"Plena Noite";"Crescente";"Céu Claro";"Dupla";"Reta";"Não";4;1;0;0;1;2;0;4;-24,035205;-47,186347;"SPRF-SP";"DEL04-SP";"UOP02-DEL04-SP"
285856;2020-05-22;"sexta-feira";"19:55:00";"SC";282;599,8;"CUNHA PORA";"Falta de Atenção à Condução";"Saída de leito carroçável";"Com Vítimas Feridas";"Plena Noite";"Crescente";"Garoa/Chuvisco";"Simples";"Curva";"Não";1;0;1;0;0;0;1;1;-26,820206;-53,155052;"SPRF-SC";"DEL07-SC";"UOP02-DEL07-SC"
285861;2020-05-22;"sexta-feira";"23:00:00";"CE";222;28;"CAUCAIA";"Não guardar distância de segurança";"Colisão traseira";"Com Vítimas Feridas";"Plena Noite";"Decrescente";"Nublado";"Simples";"Reta";"Não";3;0;0;1;1;1;1;3;-3,71698273;-38,80238292;"SPRF-CE";"DEL01-CE";"UOP01-DEL01-CE"
285864;2020-05-22;"sexta-feira";"21:00:00";"PR";476;105;"COLOMBO";"Falta de Atenção à Condução";"Saída de leito carroçável";"Sem Vítimas";"Plena Noite";"Crescente";"Chuva";"Simples";"Reta";"Não";2;0;0;0;0;3;0;3;-25,279358;-49,140411;"SPRF-PR";"DEL01-PR";"UOP07-DEL01-PR"
285871;2020-05-22;"sexta-feira";"18:40:00";"RS";287;367;"JAGUARI";"Velocidade Incompatível";"Colisão frontal";"Com Vítimas Feridas";"Plena Noite";"Crescente";"Garoa/Chuvisco";"Simples";"Curva;Declive";"Não";3;0;0;1;1;3;1;5;-29,40930153;-54,73249197;"SPRF-RS";"DEL12-RS";"UOP02-DEL12-RS"
285873;2020-05-22;"sexta-feira";"23:40:00";"PR";153;177;"TIBAGI";"Defeito Mecânico no Veículo";"Tombamento";"Sem Vítimas";"Plena Noite";"Crescente";"Nublado";"Simples";"Declive";"Não";2;0;0;0;1;1;0;2;-24,4019;-50,341624;"SPRF-PR";"DEL03-PR";"UOP02-DEL03-PR"
285877;2020-05-23;"sábado";"02:45:00";"SC";101;120;"ITAJAI";"Ingestão de Álcool";"Colisão traseira";"Com Vítimas Feridas";"Plena Noite";"Decrescente";"Nublado";"Dupla";"Reta";"Sim";3;0;0;1;1;1;1;3;-26,912758;-48,711998;"SPRF-SC";"DEL04-SC";"UOP04-DEL04-SC"
285881;2020-05-22;"sexta-feira";"19:30:00";"RO";364;360;"JI-PARANA";"Não guardar distância de segurança";"Saída de leito carroçável";"Sem Vítimas";"Anoitecer";"Decrescente";"Céu Claro";"Simples";"Reta";"Não";2;0;0;0;1;1;0;2;-10,79554985;-62,03325391;"SPRF-RO";"DEL02-RO";"UOP01-DEL02-RO"
285882;2020-05-23;"sábado";"04:10:00";"CE";116;63,6;"CHOROZINHO";"Defeito na Via";"Saída de leito carroçável";"Com Vítimas Feridas";"Plena Noite";"Crescente";"Garoa/Chuvisco";"Simples";"Reta;Declive";"Não";1;0;1;0;0;0;1;1;-4,27263318;-38,49159144;"SPRF-CE";"DEL03-CE";"UOP02-DEL03-CE"
285883;2020-05-23;"sábado";"04:30:00";"MT";364;201;"RONDONOPOLIS";"Velocidade Incompatível";"Tombamento";"Com Vítimas Feridas";"Amanhecer";"Crescente";"Garoa/Chuvisco";"Múltipla";"Interseção de Vias";"Sim";4;0;3;0;0;1;3;2;-16,491405;-54,646378;"SPRF-MT";"DEL02-MT";"UOP01-DEL02-MT"
285888;2020-05-23;"sábado";"07:10:00";"MG";381;641,5;"SANTO ANTONIO DO AMPARO";"Condutor Dormindo";"Saída de leito carroçável";"Com Vítimas Feridas";"Pleno dia";"Decrescente";"Céu Claro";"Dupla";"Curva";"Não";2;0;1;0;1;0;1;1;-20,93832536;-44,87551332;"SPRF-MG";"DEL04-MG";"UOP01-DEL04-MG"
285889;2020-05-23;"sábado";"06:25:00";"SP";116;23,3;"LAVRINHAS";"Defeito Mecânico no Veículo";"Danos eventuais";"Sem Vítimas";"Amanhecer";"Crescente";"Céu Claro";"Dupla";"Aclive";"Não";2;0;0;0;1;1;0;2;-22,58978112;-44,88535587;"SPRF-SP";"DEL08-SP";"UOP02-DEL08-SP"
285893;2020-05-23;"sábado";"09:10:00";"RS";290;88;"PORTO ALEGRE";"Não guardar distância de segurança";"Colisão com objeto estático";"Com Vítimas Feridas";"Pleno dia";"Crescente";"Nublado";"Dupla";"Reta";"Não";2;0;1;0;1;0;1;2;-29,967531;-51,137264;"SPRF-RS";"DEL01-RS";"UOP01-DEL01-RS"
285905;2020-05-23;"sábado";"08:30:00";"PI";343;589;"FLORIANO";"Falta de Atenção à Condução";"Danos eventuais";"Sem Vítimas";"Pleno dia";"Decrescente";"Céu Claro";"Simples";"Reta";"Não";2;0;0;0;1;1;0;2;-6,776695;-43,009346;"SPRF-PI";"DEL03-PI";"UOP01-DEL03-PI"
285916;2020-05-23;"sábado";"12:20:00";"MA";135;11;"SAO LUIS";"Desobediência às normas de trânsito pelo condutor";"Colisão transversal";"Com Vítimas Feridas";"Pleno dia";"Decrescente";"Céu Claro";"Dupla";"Reta";"Sim";2;0;0;1;1;0;1;2;-2,66470782;-44,28673431;"SPRF-MA";"DEL01-MA";"UOP01-DEL01-MA"
285917;2020-05-23;"sábado";"11:40:00";"MT";163;786,6;"VERA";"Desobediência às normas de trânsito pelo condutor";"Colisão transversal";"Com Vítimas Fatais";"Pleno dia";"Crescente";"Nublado";"Simples";"Interseção de Vias";"Não";2;1;0;0;1;0;0;2;-12,2868008;-55,56202596;"SPRF-MT";"DEL06-MT";"UOP01-DEL06-MT"
285918;2020-05-23;"sábado";"11:27:00";"BA";242;775,7;"BARREIRAS";"Ultrapassagem Indevida";"Colisão frontal";"Com Vítimas Feridas";"Pleno dia";"Crescente";"Céu Claro";"Simples";"Aclive";"Não";3;0;1;1;0;2;2;4;-12,15697546;-44,67465104;"SPRF-BA";"DEL10-BA";"UOP01-DEL10-BA"
285925;2020-05-23;"sábado";"11:00:00";"RO";364;340,3;"JI-PARANA";"Ultrapassagem Indevida";"Colisão lateral";"Com Vítimas Feridas";"Pleno dia";"Decrescente";"Nublado";"Simples";"Reta";"Sim";2;0;0;1;1;0;1;2;-10,898802;-61,93046;"SPRF-RO";"DEL02-RO";"UOP01-DEL02-RO"
285928;2020-05-23;"sábado";"10:50:00";"PR";277;509;"GUARANIACU";"Desobediência às normas de trânsito pelo condutor";"Colisão traseira";"Com Vítimas Feridas";"Pleno dia";"Crescente";"Nublado";"Múltipla";"Declive";"Não";4;0;1;0;3;0;1;2;-25,12481063;-52,74714195;"SPRF-PR";"DEL04-PR";"UOP04-DEL04-PR"
285931;2020-05-23;"sábado";"13:40:00";"SC";101;35,6;"JOINVILLE";"Falta de Atenção à Condução";"Engavetamento";"Com Vítimas Feridas";"Pleno dia";"Decrescente";"Céu Claro";"Dupla";"Reta";"Não";4;0;1;0;3;0;1;4;-26,2411301;-48,91227415;"SPRF-SC";"DEL03-SC";"UOP01-DEL03-SC"
285943;2020-05-23;"sábado";"16:00:00";"PR";116;28,6;"CAMPINA GRANDE DO SUL";"Carga excessiva e/ou mal acondicionada";"Tombamento";"Sem Vítimas";"Pleno dia";"Decrescente";"Céu Claro";"Dupla";"Curva";"Sim";2;0;0;0;1;2;0;3;-25,1108071;-48,80676806;"SPRF-PR";"DEL01-PR";"UOP02-DEL01-PR"
285946;2020-05-23;"sábado";"15:50:00";"SP";153;183,8;"LINS";"Falta de Atenção à Condução";"Colisão traseira";"Sem Vítimas";"Pleno dia";"Crescente";"Nublado";"Múltipla";"Reta";"Não";5;0;0;0;4;1;0;3;-21,70725279;-49,80257014;"SPRF-SP";"DEL07-SP";"UOP01-DEL07-SP"
285948;2020-05-23;"sábado";"14:40:00";"PE";408;53,2;"NAZARE DA MATA";"Velocidade Incompatível";"Colisão traseira";"Com Vítimas Fatais";"Pleno dia";"Crescente";"Nublado";"Simples";"Reta";"Não";3;1;0;0;2;0;0;2;-7,7544279;-35,23291346;"SPRF-PE";"DEL01-PE";"UOP01-DEL01-PE"
285949;2020-05-23;"sábado";"16:45:00";"ES";262;35,6;"DOMINGOS MARTINS";"Desobediência às normas de trânsito pelo condutor";"Colisão traseira";"Com Vítimas Feridas";"Pleno dia";"Decrescente";"Céu Claro";"Simples";"Curva";"Não";3;0;0;1;1;1;1;3;-20,38002181;-40,5951714;"SPRF-ES";"DEL01-ES";"UOP01-DEL01-ES"