"id";"data_inversa";"dia_semana";"horario";"uf";"br";"km";"municipio";"causa_acidente";"tipo_acidente";"classificacao_acidente";"fase_dia";"sentido_via";"condicao_metereologica";"tipo_pista";"tracado_via";"uso_solo";"pessoas";"mortos";"feridos_leves";"feridos_graves";"ilesos";"ignorados";"feridos";"veiculos";"latitude";"longitude";"regional";"delegacia";"uop"
286358;2020-05-25;"segunda-feira";"23:30:00";"PR";376;664;"GUARATUBA";"Falta de Atenção à Condução";"Tombamento";"Com Vítimas Feridas";"Plena Noite";"Decrescente";"Céu Claro";"Simples";"Aclive";"Não";2;0;1;0;0;1;1;2;-25,85321576;-48,96608688;"SPRF-PR";"DEL01-PR";"UOP04-DEL01-PR"
286361;2020-05-25;"segunda-feira";"23:40:00";"GO";20;196;"POSSE";"Não guardar distância de segurança";"Colisão traseira";"Com Vítimas Feridas";"Plena Noite";"Crescente";"Céu Claro";"Simples";"Aclive";"Não";6;0;1;0;4;1;1;3;-14,347785;-46,439873;"SPRF-DF";"DEL02-DF";"UOP03-DEL02-DF"
286363;2020-05-26;"terça-feira";"00:10:00";"MG";40;500,2;"ESMERALDAS";"Condutor Dormindo";"Tombamento";"Com Vítimas Feridas";"Plena Noite";"Crescente";"Céu Claro";"Dupla";"Reta";"Não";3;0;1;0;1;1;1;2;-19,69292612;-44,17828038;"SPRF-MG";"DEL02-MG";"UOP01-DEL02-MG"
286364;2020-05-25;"segunda-feira";"20:00:00";"MA";230;410,9;"BALSAS";"Ingestão de Álcool";"Colisão traseira";"Com Vítimas Feridas";"Plena Noite";"Decrescente";"Chuva";"Simples";"Aclive;Reta";"Não";2;0;2;0;0;0;2;2;-7,51005225;-46,09295409;"SPRF-MA";"DEL05-MA";"UOP01-DEL05-MA"
286365;2020-05-25;"segunda-feira";"13:10:00";"TO";153;479;"BARROLANDIA";"Defeito Mecânico no Veículo";"Saída de leito carroçável";"Sem Vítimas";"Pleno dia";"Decrescente";"Céu Claro";"Simples";"Aclive";"Não";2;0;0;0;1;2;0;3;-10,05344392;-48,82068619;"SPRF-TO";"DEL01-TO";"UOP01-DEL01-TO"
286366;2020-05-26;"terça-feira";"01:00:00";"RS";290;336;"CACAPAVA DO SUL";"Condutor Dormindo";"Saída de leito carroçável";"Com Vítimas Feridas";"Plena Noite";"Crescente";"Céu Claro";"Simples";"Reta";"Não";3;0;2;1;0;0;3;1;-30,372324;-53,538795;"SPRF-RS";"DEL09-RS";"UOP02-DEL09-RS"
286368;2020-05-26;"terça-feira";"02:00:00";"MS";163;403,9;"NOVA ALVORADA DO SUL";"Condutor Dormindo";"Saída de leito carroçável";"Com Vítimas Feridas";"Plena Noite";"Crescente";"Céu Claro";"Simples";"Reta";"Não";1;0;1;0;0;0;1;1;-21,14128092;-54,4775677;"SPRF-MS";"DEL02-MS";"UOP01-DEL02-MS"
286376;2020-05-26;"terça-feira";"06:20:00";"ES";101;388,5;"RIO NOVO DO SUL";"Velocidade Incompatível";"Tombamento";"Com Vítimas Feridas";"Amanhecer";"Crescente";"Céu Claro";"Simples";"Curva";"Não";2;0;1;0;0;1;1;2;-20,85689511;-40,8767812;"SPRF-ES";"DEL03-ES";"UOP02-DEL03-ES"
286379;2020-05-26;"terça-feira";"06:30:00";"BA";242;681;"CRISTOPOLIS";"Avarias e/ou desgaste excessivo no pneu";"Tombamento";"Sem Vítimas";"Amanhecer";"Decrescente";"Chuva";"Simples";"Reta";"Não";1;0;0;0;1;0;0;1;-12,224;-44,03;"SPRF-BA";"DEL06-BA";"UOP03-DEL06-BA"
286380;2020-05-26;"terça-feira";"01:45:00";"SC";101;66,5;"ARAQUARI";"Falta de Atenção à Condução";"Colisão traseira";"Com Vítimas Feridas";"Plena Noite";"Decrescente";"Céu Claro";"Dupla";"Reta";"Não";2;0;0;1;1;0;1;2;-26,478474;-48,73863;"SPRF-SC";"DEL03-SC";"UOP02-DEL03-SC"
286383;2020-05-26;"terça-feira";"07:05:00";"PR";376;181;"MARINGA";"Falta de Atenção à Condução";"Colisão lateral";"Com Vítimas Feridas";"Amanhecer";"Decrescente";"Céu Claro";"Dupla";"Reta";"Sim";3;0;1;0;1;1;1;3;-23,42995;-51,89071;"SPRF-PR";"DEL09-PR";"UOP01-DEL09-PR"
286385;2020-05-26;"terça-feira";"07:51:00";"GO";70;3;"AGUAS LINDAS DE GOIAS";"Desobediência às normas de trânsito pelo condutor";"Colisão traseira";"Com Vítimas Feridas";"Pleno dia";"Decrescente";"Céu Claro";"Dupla";"Declive";"Sim";2;0;1;0;1;0;1;2;-15,76177302;-48,2368693;"SPRF-DF";"DEL03-DF";"UOP02-DEL03-DF"
286386;2020-05-26;"terça-feira";"07:55:00";"GO";60;308;"ACREUNA";"Falta de Atenção à Condução";"Saída de leito carroçável";"Com Vítimas Feridas";"Amanhecer";"Decrescente";"Céu Claro";"Dupla";"Reta";"Não";3;0;1;0;1;3;1;5;-17,4054;-50,3962;"SPRF-GO";"DEL04-GO";"UOP01-DEL04-GO"
286390;2020-05-26;"terça-feira";"07:30:00";"MG";381;807;"SAO GONCALO DO SAPUCAI";"Condutor Dormindo";"Tombamento";"Com Vítimas Feridas";"Pleno dia";"Crescente";"Céu Claro";"Dupla";"Curva";"Não";2;0;1;0;0;2;1;3;-22,02267318;-45,68000319;"SPRF-MG";"DEL16-MG";"UOP02-DEL16-MG"
286393;2020-05-26;"terça-feira";"08:45:00";"PE";101;73,5;"RECIFE";"Desobediência às normas de trânsito pelo condutor";"Colisão lateral";"Com Vítimas Feridas";"Pleno dia";"Decrescente";"Céu Claro";"Dupla";"Curva;Retorno Regulamentado";"Sim";2;0;0;1;1;0;1;2;-8,093369;-34,947464;"SPRF-PE";"DEL01-PE";"UOP01-DEL01-PE"
286395;2020-05-26;"terça-feira";"07:45:00";"RR";401;4;"CANTA";"Pista Escorregadia";"Colisão traseira";"Com Vítimas Feridas";"Pleno dia";"Decrescente";"Chuva";"Simples";"Curva";"Sim";4;0;1;0;2;1;1;4;2,78724732;-60,65411249;"SPRF-RR";"DEL01-RR";"UOP01-DEL01-RR"
286400;2020-05-26;"terça-feira";"07:30:00";"CE";222;236,8;"SOBRAL";"Falta de Atenção à Condução";"Tombamento";"Com Vítimas Feridas";"Pleno dia";"Crescente";"Céu Claro";"Simples";"Reta";"Não";3;0;1;2;0;0;3;1;-3,71550187;-40,44425006;"SPRF-CE";"DEL04-CE";"UOP01-DEL04-CE"
286401;2020-05-26;"terça-feira";"09:00:00";"PR";277;666,5;"MEDIANEIRA";"Velocidade Incompatível";"Colisão traseira";"Sem Vítimas";"Pleno dia";"Decrescente";"Céu Claro";"Dupla";"Reta";"Não";4;0;0;0;3;2;0;5;-25,26086511;-54,04611894;"SPRF-PR";"DEL05-PR";"UOP02-DEL05-PR"
286405;2020-05-26;"terça-feira";"10:20:00";"SP";381;20;"BRAGANCA PAULISTA";"Falta de Atenção à Condução";"Tombamento";"Com Vítimas Feridas";"Pleno dia";"Decrescente";"Céu Claro";"Simples";"Curva";"Não";1;0;1;0;0;0;1;1;-22,98443766;-46,50352511;"SPRF-SP";"DEL03-SP";"UOP01-DEL03-SP"
286408;2020-05-26;"terça-feira";"10:00:00";"SP";116;155;"SAO JOSE DOS CAMPOS";"Falta de Atenção à Condução";"Engavetamento";"Com Vítimas Feridas";"Pleno dia";"Crescente";"Sol";"Dupla";"Reta;Declive";"Sim";3;0;1;0;2;0;1;3;-23,24524337;-45,92772774;"SPRF-SP";"DEL02-SP";"UOP01-DEL02-SP"
286413;2020-05-26;"terça-feira";"12:00:00";"PE";101;78;"RECIFE";"Velocidade Incompatível";"Colisão traseira";"Com Vítimas Fatais";"Pleno dia";"Crescente";"Céu Claro";"Dupla";"Reta;Declive";"Sim";2;1;1;0;0;0;1;2;-8,13496499;-34,94738614;"SPRF-PE";"DEL01-PE";"UOP01-DEL01-PE"
286420;2020-05-14;"quinta-feira";"19:47:00";"MT";174;382;"CONQUISTA DOESTE";"Desobediência às normas de trânsito pelo condutor";"Colisão frontal";"Com Vítimas Feridas";"Plena Noite";"Crescente";"Céu Claro";"Simples";"Curva";"Não";3;0;0;1;1;1;1;3;-14,52689853;-59,56019353;"SPRF-MT";"DEL04-MT";"UOP01-DEL04-MT"
286421;2020-05-26;"terça-feira";"12:15:00";"MG";40;446;"PARAOPEBA";"Desobediência às normas de trânsito pelo condutor";"Colisão traseira";"Com Vítimas Feridas";"Pleno dia";"Crescente";"Céu Claro";"Simples";"Curva;Declive";"Não";3;0;0;1;2;0;1;2;-19,289533;-44,391441;"SPRF-MG";"DEL02-MG";"UOP01-DEL02-MG"
286438;2020-05-26;"terça-feira";"14:07:00";"GO";251;32;"CRISTALINA";"Agressão Externa";"Saída de leito carroçável";"Com Vítimas Feridas";"Pleno dia";"Crescente";"Céu Claro";"Simples";"Reta";"Não";4;0;1;0;0;3;1;4;-16,06677565;-47,53166968;"SPRF-DF";"DEL01-DF";"UOP01-DEL01-DF"
286440;2020-03-07;"sábado";"10:30:00";"RN";101;85;"NATAL";"Ultrapassagem Indevida";"Colisão traseira";"Com Vítimas Fatais";"Pleno dia";"Crescente";"Céu Claro";"Simples";"Curva";"Sim";3;1;1;0;1;0;1;2;-5,777664;-35,24937;"SPRF-RN";"DEL02-RN";"UOP01-DEL02-RN"
286441;2020-05-25;"segunda-feira";"21:00:00";"MT";174;578,6;"COMODORO";"Deficiência ou não Acionamento do Sistema de Iluminação/Sinalização do Veículo";"Colisão lateral";"Sem Vítimas";"Plena Noite";"Crescente";"Céu Claro";"Simples";"Reta";"Não";3;0;0;0;2;2;0;4;-12,95984182;-60,03239282;"SPRF-RO";"DEL04-RO";"UOP01-DEL04-RO"
286458;2020-05-26;"terça-feira";"14:15:00";"AL";316;57;"MARAVILHA";"Falta de Atenção à Condução";"Colisão transversal";"Com Vítimas Feridas";"Pleno dia";"Decrescente";"Sol";"Simples";"Reta";"Não";3;0;1;0;2;0;1;2;-9,23267987;-37,45370192;"SPRF-AL";"DEL03-AL";"UOP02-DEL03-AL"
286464;2020-05-26;"terça-feira";"15:50:00";"SP";116;475,8;"JACUPIRANGA";"Falta de Atenção à Condução";"Colisão lateral";"Com Vítimas Feridas";"Pleno dia";"Decrescente";"Sol";"Dupla";"Reta";"Sim";8;0;2;1;4;1;3;3;-24,68648001;-47,98910399;"SPRF-SP";"DEL05-SP";"UOP01-DEL05-SP"
286477;2020-05-26;"terça-feira";"13:25:00";"GO";452;23;"RIO VERDE";"Falta de Atenção à Condução";"Tombamento";"Com Vítimas Feridas";"Pleno dia";"Crescente";"Sol";"Simples";"Reta";"Não";2;0;1;0;0;2;1;3;-17,87865578;-50,70745794;"SPRF-GO";"DEL04-GO";"UOP01-DEL04-GO"
286479;2020-05-26;"terça-feira";"16:00:00";"RS";290;96;"PORTO ALEGRE";"Falta de Atenção à Condução";"Colisão lateral";"Com Vítimas Feridas";"Pleno dia";"Decrescente";"Céu Claro";"Dupla";"Reta";"Sim";5;0;1;0;3;1;1;4;-29,992107;-51,204525;"SPRF-RS";"DEL01-RS";"UOP01-DEL01-RS"
286481;2020-05-26;"terça-feira";"16:10:00";"PR";376;488,6;"PONTA GROSSA";"Falta de Atenção à Condução";"Colisão com objeto estático";"Com Vítimas Feridas";"Pleno dia";"Decrescente";"Nublado";"Dupla";"Reta";"Sim";3;0;0;1;1;2;1;4;-25,0836458;-50,19034266;"SPRF-PR";"DEL03-PR";"UOP04-DEL03-PR"
286483;2020-05-26;"terça-feira";"16:10:00";"RS";386;245,3;"SOLEDADE";"Falta de Atenção à Condução";"Colisão transversal";"Com Vítimas Feridas";"Pleno dia";"Decrescente";"Céu Claro";"Simples";"Reta";"Sim";3;0;1;0;1;1;1;3;-28,80431206;-52,50703096;"SPRF-RS";"DEL04-RS";"UOP03-DEL04-RS"
286484;2020-05-26;"terça-feira";"16:20:00";"BA";242;824;"BARREIRAS";"Falta de Atenção à Condução";"Saída de leito carroçável";"Com Vítimas Feridas";"Pleno dia";"Decrescente";"Nublado";"Simples";"Declive";"Sim";3;0;3;0;0;0;3;1;-12,11660042;-45,24309531;"SPRF-BA";"DEL10-BA";"UOP01-DEL10-BA"
286492;2020-05-26;"terça-feira";"13:50:00";"SC";101;15,3;"GARUVA";"Velocidade Incompatível";"Incêndio";"Sem Vítimas";"Pleno dia";"Crescente";"Céu Claro";"Dupla";"Reta";"Não";2;0;0;0;1;1;0;2;-26,10609917;-48,87224159;"SPRF-SC";"DEL03-SC";"UOP01-DEL03-SC"
286520;2020-05-26;"terça-feira";"17:59:00";"PR";116;193;"CAMPO DO TENENTE";"Ingestão de álcool e/ou substâncias psicoativas pelo pedestre";"Colisão lateral";"Sem Vítimas";"Anoitecer";"Crescente";"Céu Claro";"Simples";"Reta";"Não";2;0;0;0;2;0;0;2;-26,00183505;-49,66923237;"SPRF-SC";"DEL06-SC";"UOP01-DEL06-SC"
286521;2020-05-26;"terça-feira";"16:55:00";"RJ";40;113;"DUQUE DE CAXIAS";"Agressão Externa";"Colisão com objeto estático";"Sem Vítimas";"Anoitecer";"Crescente";"Céu Claro";"Múltipla";"Reta";"Sim";2;0;0;0;1;1;0;2;-22,70948502;-43,29040354;"SPRF-RJ";"DEL01-RJ";"UOP01-DEL01-RJ"
286522;2020-05-26;"terça-feira";"18:15:00";"PE";428;192;"PETROLINA";"Ingestão de Álcool";"Atropelamento de Pedestre";"Com Vítimas Feridas";"Plena Noite";"Decrescente";"Céu Claro";"Simples";"Reta";"Sim";2;0;1;0;1;0;1;2;-9,38067769;-40,51113714;"SPRF-PE";"DEL06-PE";"UOP01-DEL06-PE"
286534;2020-05-26;"terça-feira";"18:50:00";"RS";470;215,5;"BENTO GONCALVES";"Falta de Atenção à Condução";"Colisão frontal";"Com Vítimas Feridas";"Plena Noite";"Crescente";"Céu Claro";"Simples";"Curva;Aclive";"Sim";6;0;1;1;4;0;2;3;-29,150635;-51,530241;"SPRF-RS";"DEL06-RS";"UOP01-DEL06-RS"
286541;2020-05-26;"terça-feira";"15:20:00";"MT";174;455;"COMODORO";"Defeito Mecânico no Veículo";"Colisão lateral";"Sem Vítimas";"Anoitecer";"Crescente";"Céu Claro";"Simples";"Reta";"Não";4;0;0;0;3;5;0;8;-13,92939984;-59,76166656;"SPRF-MT";"DEL04-MT";"UOP01-DEL04-MT"
286542;2020-05-26;"terça-feira";"19:40:00";"PE";232;44;"VITORIA DE SANTO ANTAO";"Falta de Atenção do Pedestre";"Atropelamento de Animal";"Com Vítimas Fatais";"Plena Noite";"Crescente";"Céu Claro";"Dupla";"Reta";"Não";2;1;0;0;1;0;0;2;-8,12337542;-35,27098583;"SPRF-PE";"DEL02-PE";"UOP02-DEL02PE"
286546;2020-05-26;"terça-feira";"19:20:00";"PR";476;192,3;"LAPA";"Ultrapassagem Indevida";"Colisão frontal";"Com Vítimas Feridas";"Plena Noite";"Crescente";"Ignorado";"Simples";"Curva";"Não";3;0;2;0;1;0;2;2;-25,7293;-49,701283;"SPRF-PR";"DEL01-PR";"UOP06-DEL01-PR"
286547;2020-05-25;"segunda-feira";"00:30:00";"MS";163;121;"NAVIRAI";"Ingestão de Álcool";"Colisão com objeto estático";"Sem Vítimas";"Plena Noite";"Crescente";"Nublado";"Simples";"Reta";"Não";3;0;0;0;2;2;0;4;-23,10761007;-54,22213534;"SPRF-MS";"DEL09-MS";"UOP01-DEL09-MS"
286551;2020-05-26;"terça-feira";"20:10:00";"PA";10;186,4;"IPIXUNA DO PARA";"Defeito na Via";"Colisão frontal";"Com Vítimas Feridas";"Plena Noite";"Crescente";"Nublado";"Simples";"Reta";"Não";4;0;0;2;1;1;2;4;-2,80547403;-47,44958518;"SPRF-PA";"DEL02-PA";"UOP01-DEL02-PA"
286552;2020-05-26;"terça-feira";"18:45:00";"RS";285;317;"PASSO FUNDO";"Desobediência às normas de trânsito pelo condutor";"Colisão frontal";"Com Vítimas Feridas";"Plena Noite";"Decrescente";"Céu Claro";"Simples";"Reta";"Não";3;0;0;2;1;0;2;2;-28,26776127;-52,60009289;"SPRF-RS";"DEL08-RS";"UOP03-DEL08-RS"
286560;2020-05-26;"terça-feira";"21:40:00";"ES";101;249,2;"SERRA";"Ingestão de Álcool";"Colisão frontal";"Com Vítimas Fatais";"Plena Noite";"Crescente";"Nublado";"Simples";"Reta";"Não";2;1;0;0;1;0;0;2;-20,07371936;-40,35345531;"SPRF-ES";"DEL02-ES";"UOP01-DEL02-ES"
286574;2020-05-26;"terça-feira";"23:20:00";"SC";158;138,4;"PALMITOS";"Ingestão de Álcool";"Colisão com objeto estático";"Sem Vítimas";"Plena Noite";"Crescente";"Céu Claro";"Simples";"Reta;Aclive";"Não";2;0;0;0;1;2;0;3;-27,10031692;-53,21378231;"SPRF-SC";"DEL07-SC";"UOP02-DEL07-SC"
286575;2020-05-26;"terça-feira";"20:30:00";"RS";116;624,6;"ARROIO GRANDE";"Não guardar distância de segurança";"Colisão traseira";"Com Vítimas Fatais";"Plena Noite";"Decrescente";"Nublado";"Simples";"Reta";"Não";3;1;0;0;2;0;0;3;-32,33909213;-53,15746987;"SPRF-RS";"DEL07-RS";"UOP03-DEL07-RS"
286577;2020-05-27;"quarta-feira";"02:28:00";"MG";40;545;"NOVA LIMA";"Ingestão de Álcool";"Colisão traseira";"Sem Vítimas";"Plena Noite";"Decrescente";"Céu Claro";"Dupla";"Em Obras";"Sim";3;0;0;0;1;2;0;3;-20,00670404;-43,96418668;"SPRF-MG";"DEL01-MG";"UOP02-DEL01-MG"
286579;2020-05-27;"quarta-feira";"03:30:00";"MG";50;192,5;"UBERABA";"Falta de Atenção à Condução";"Tombamento";"Com Vítimas Feridas";"Plena Noite";"Decrescente";"Céu Claro";"Dupla";"Reta";"Não";1;0;1;0;0;0;1;1;-19,87187797;-47,85892196;"SPRF-MG";"DEL13-MG";"UOP01-DEL13-MG"
286582;2020-05-27;"quarta-feira";"05:30:00";"SC";101;7;"GARUVA";"Falta de Atenção à Condução";"Colisão traseira";"Com Vítimas Feridas";"Amanhecer";"Crescente";"Céu Claro";"Dupla";"Reta";"Não";3;0;1;0;1;1;1;3;-26,03593;-48,860302;"SPRF-SC";"DEL03-SC";"UOP01-DEL03-SC"
286583;2020-05-27;"quarta-feira";"05:30:00";"MG";381;418;"CAETE";"Desobediência às normas de trânsito pelo condutor";"Colisão traseira";"Com Vítimas Feridas";"Amanhecer";"Decrescente";"Ignorado";"Simples";"Reta;Declive;Em Obras";"Não";5;0;1;1;2;1;2;4;-19,73485549;-43,59915733;"SPRF-MG";"DEL01-MG";"UOP01-DEL01-MG"
286588;2020-05-27;"quarta-feira";"06:50:00";"SP";116;179;"GUARAREMA";"Restrição de Visibilidade";"Colisão traseira";"Com Vítimas Feridas";"Amanhecer";"Decrescente";"Sol";"Dupla";"Reta";"Não";5;0;1;2;1;2;3;4;-23,33202124;-46,13661688;"SPRF-SP";"DEL02-SP";"UOP01-DEL02-SP"
286590;2020-05-27;"quarta-feira";"05:00:00";"MG";262;108;"SANTO ANTONIO DO GRAMA";"Falta de Atenção à Condução";"Colisão traseira";"Com Vítimas Feridas";"Plena Noite";"Decrescente";"Céu Claro";"Simples";"Aclive";"Não";3;0;1;0;1;2;1;4;-20,26873527;-42,56922396;"SPRF-MG";"DEL03-MG";"UOP03-DEL03-MG"
286596;2020-05-27;"quarta-feira";"05:30:00";"MG";262;616;"IBIA";"Falta de Atenção à Condução";"Tombamento";"Com Vítimas Feridas";"Plena Noite";"Decrescente";"Céu Claro";"Simples";"Reta";"Não";1;0;1;0;0;0;1;1;-19,58739098;-46,33344001;"SPRF-MG";"DEL08-MG";"UOP02-DEL08-MG"
286604;2020-05-27;"quarta-feira";"08:20:00";"PE";101;90,6;"CABO DE SANTO AGOSTINHO";"Falta de Atenção à Condução";"Colisão lateral";"Com Vítimas Feridas";"Pleno dia";"Decrescente";"Céu Claro";"Dupla";"Reta";"Não";4;0;1;0;0;3;1;3;-8,219891;-34,990302;"SPRF-PE";"DEL01-PE";"UOP03-DEL01-PE"
286605;2020-05-27;"quarta-feira";"07:55:00";"MT";70;512;"VARZEA GRANDE";"Não guardar distância de segurança";"Engavetamento";"Com Vítimas Feridas";"Pleno dia";"Decrescente";"Céu Claro";"Simples";"Ponte";"Não";4;0;1;0;3;0;1;4;-15,699978;-56,113667;"SPRF-MT";"DEL01-MT";"UOP02-DEL01-MT"
286607;2020-05-27;"quarta-feira";"07:20:00";"PR";476;91;"BOCAIUVA DO SUL";"Falta de Atenção à Condução";"Tombamento";"Sem Vítimas";"Pleno dia";"Crescente";"Céu Claro";"Simples";"Curva";"Não";2;0;0;0;1;1;0;2;-25,197294;-49,110645;"SPRF-PR";"DEL01-PR";"UOP07-DEL01-PR"
286610;2020-05-27;"quarta-feira";"09:00:00";"GO";60;175,7;"ABADIA DE GOIAS";"Defeito Mecânico no Veículo";"Saída de leito carroçável";"Com Vítimas Feridas";"Pleno dia";"Decrescente";"Céu Claro";"Múltipla";"Curva";"Sim";1;0;1;0;0;0;1;1;-16,75553335;-49,43740368;"SPRF-GO";"DEL01-GO";"UOP02-DEL01-GO"
286619;2020-05-27;"quarta-feira";"10:30:00";"RS";290;114;"ELDORADO DO SUL";"Não guardar distância de segurança";"Colisão traseira";"Sem Vítimas";"Pleno dia";"Decrescente";"Céu Claro";"Simples";"Reta";"Não";2;0;0;0;1;1;0;2;-30,044607;-51,347553;"SPRF-RS";"DEL02-RS";"UOP01-DEL02-RS"
286630;2020-05-27;"quarta-feira";"09:20:00";"MT";174;125;"MIRASSOL DOESTE";"Falta de Atenção à Condução";"Colisão transversal";"Sem Vítimas";"Pleno dia";"Decrescente";"Céu Claro";"Simples";"Rotatória";"Não";2;0;0;0;2;0;0;2;-15,81809693;-58,0870468;"SPRF-MT";"DEL03-MT";"UOP01-DEL03-MT"
286632;2020-05-27;"quarta-feira";"12:00:00";"BA";242;374;"PALMEIRAS";"Defeito Mecânico no Veículo";"Colisão traseira";"Com Vítimas Feridas";"Pleno dia";"Crescente";"Céu Claro";"Simples";"Declive";"Não";4;0;1;1;1;1;2;3;-12,43899416;-41,48599029;"SPRF-BA";"DEL06-BA";"UOP01-DEL06-BA"
286633;2020-05-27;"quarta-feira";"07:45:00";"BA";407;5,7;"JUAZEIRO";"Desobediência às normas de trânsito pelo condutor";"Colisão traseira";"Sem Vítimas";"Pleno dia";"Decrescente";"Céu Claro";"Dupla";"Rotatória";"Não";4;0;0;0;4;0;0;4;-9,44778544;-40,49043801;"SPRF-PE";"DEL06-PE";"UOP01-DEL06-PE"
286636;2020-05-27;"quarta-feira";"11:30:00";"MT";70;503;"CUIABA";"Falta de Atenção à Condução";"Colisão traseira";"Com Vítimas Feridas";"Pleno dia";"Decrescente";"Céu Claro";"Simples";"Reta";"Não";3;0;1;0;1;2;1;4;-15,69973058;-56,0357666;"SPRF-MT";"DEL01-MT";"UOP02-DEL01-MT"
286648;2020-05-27;"quarta-feira";"14:00:00";"ES";101;260;"SERRA";"Ingestão de Álcool";"Colisão frontal";"Sem Vítimas";"Pleno dia";"Crescente";"Sol";"Dupla";"Declive";"Sim";3;0;0;0;3;0;0;3;-20,14616415;-40,28836206;"SPRF-ES";"DEL02-ES";"UOP01-DEL02-ES"
286649;2020-05-27;"quarta-feira";"14:30:00";"SC";282;554;"NOVA ITABERABA";"Sinalização da via insuficiente ou inadequada";"Engavetamento";"Sem Vítimas";"Pleno dia";"Crescente";"Céu Claro";"Simples";"Em Obras";"Não";3;0;0;0;3;0;0;3;-26,936268;-52,800812;"SPRF-SC";"DEL07-SC";"UOP01-DEL07-SC"
286652;2020-05-27;"quarta-feira";"15:00:00";"RJ";116;165;"RIO DE JANEIRO";"Falta de Atenção à Condução";"Engavetamento";"Sem Vítimas";"Pleno dia";"Crescente";"Céu Claro";"Múltipla";"Reta";"Sim";6;0;0;0;6;0;0;5;-22,81548519;-43,29087405;"SPRF-RJ";"DEL01-RJ";"UOP02-DEL01-RJ"
286653;2020-05-27;"quarta-feira";"15:32:00";"RS";386;155,9;"ALMIRANTE TAMANDARE DO SUL";"Falta de Atenção à Condução";"Colisão transversal";"Com Vítimas Feridas";"Pleno dia";"Decrescente";"Céu Claro";"Simples";"Curva";"Sim";8;0;1;2;3;2;3;4;-28,12189273;-52,85022855;"SPRF-RS";"DEL08-RS";"UOP01-DEL08-RS"
286655;2020-05-27;"quarta-feira";"15:15:00";"PR";277;76;"SAO JOSE DOS PINHAIS";"Não guardar distância de segurança";"Colisão traseira";"Com Vítimas Feridas";"Pleno dia";"Crescente";"Sol";"Dupla";"Reta";"Não";2;0;1;0;1;0;1;2;-25,51327981;-49,12433291;"SPRF-PR";"DEL01-PR";"UOP01-DEL01-PR"
286661;2020-05-27;"quarta-feira";"17:10:00";"SP";153;63,6;"SAO JOSE DO RIO PRETO";"Falta de Atenção à Condução";"Colisão lateral";"Com Vítimas Feridas";"Pleno dia";"Decrescente";"Céu Claro";"Dupla";"Curva";"Sim";2;0;1;0;1;0;1;2;-20,82149698;-49,35764818;"SPRF-SP";"DEL09-SP";"UOP01-DEL09-SP"
286662;2020-05-27;"quarta-feira";"17:00:00";"PR";116;56;"CAMPINA GRANDE DO SUL";"Defeito Mecânico no Veículo";"Incêndio";"Sem Vítimas";"Pleno dia";"Crescente";"Céu Claro";"Dupla";"Reta";"Não";2;0;0;0;1;2;0;3;-25,28090266;-48,92731145;"SPRF-PR";"DEL01-PR";"UOP02-DEL01-PR"
286663;2020-05-27;"quarta-feira";"17:20:00";"PR";153;493,3;"GENERAL CARNEIRO";"Ultrapassagem Indevida";"Colisão com objeto estático";"Com Vítimas Feridas";"Pleno dia";"Decrescente";"Céu Claro";"Múltipla";"Reta";"Não";3;0;1;0;1;1;1;2;-26,441095;-51,318692;"SPRF-PR";"DEL02-PR";"UOP03-DEL02-PR"
286666;2020-05-27;"quarta-feira";"16:45:00";"RJ";101;322,4;"NITEROI";"Falta de Atenção à Condução";"Colisão traseira";"Sem Vítimas";"Pleno dia";"Decrescente";"Céu Claro";"Simples";"Ponte";"Sim";3;0;0;0;2;1;0;3;-22,878126;-43,115195;"SPRF-RJ";"DEL02-RJ";"UOP01-DEL02-RJ"
286667;2020-05-27;"quarta-feira";"16:30:00";"RJ";356;26,1;"ITAPERUNA";"Falta de Atenção à Condução";"Colisão lateral";"Sem Vítimas";"Anoitecer";"Decrescente";"Céu Claro";"Simples";"Retorno Regulamentado";"Não";2;0;0;0;2;0;0;2;-21,1793945949;-41,9544899095;"SPRF-RJ";"DEL08-RJ";"UOP03-DEL08-RJ"
286671;2020-05-27;"quarta-feira";"15:00:00";"RS";153;12,6;"SEVERIANO DE ALMEIDA";"Falta de Atenção à Condução";"Tombamento";"Com Vítimas Feridas";"Pleno dia";"Decrescente";"Céu Claro";"Simples";"Curva";"Não";2;0;1;0;0;1;1;2;-27,42629585;-52,05720787;"SPRF-RS";"DEL08-RS";"UOP04-DEL08-RS"
286672;2020-05-27;"quarta-feira";"17:41:00";"PR";116;1;"QUATRO BARRAS";"Falta de Atenção à Condução";"Tombamento";"Com Vítimas Feridas";"Plena Noite";"Decrescente";"Céu Claro";"Múltipla";"Curva";"Não";2;0;1;0;0;1;1;2;-25,3514;-49,0599;"SPRF-PR";"DEL01-PR";"UOP01-DEL01-PR"
286673;2020-05-27;"quarta-feira";"17:55:00";"PR";277;381,3;"CANDOI";"Falta de Atenção do Pedestre";"Atropelamento de Pedestre";"Com Vítimas Feridas";"Plena Noite";"Crescente";"Céu Claro";"Simples";"Reta";"Não";3;0;1;0;1;1;1;3;-25,42615909;-51,7942661;"SPRF-PR";"DEL08-PR";"UOP01-DEL08-PR"