"id";"data_inversa";"dia_semana";"horario";"uf";"br";"km";"municipio";"causa_acidente";"tipo_acidente";"classificacao_acidente";"fase_dia";"sentido_via";"condicao_metereologica";"tipo_pista";"tracado_via";"uso_solo";"pessoas";"mortos";"feridos_leves";"feridos_graves";"ilesos";"ignorados";"feridos";"veiculos";"latitude";"longitude";"regional";"delegacia";"uop"
286682;2020-05-27;"quarta-feira";"17:40:00";"MG";40;458,9;"CAETANOPOLIS";"Carga excessiva e/ou mal acondicionada";"Tombamento";"Sem Vítimas";"Anoitecer";"Crescente";"Céu Claro";"Dupla";"Reta;Aclive";"Não";1;0;0;0;1;0;0;1;-19,380294;-44,33825395;"SPRF-MG";"DEL02-MG";"UOP01-DEL02-MG"
286685;2020-05-27;"quarta-feira";"15:00:00";"PI";222;5;"SAO JOAO DA FRONTEIRA";"Desobediência às normas de trânsito pelo condutor";"Colisão transversal";"Com Vítimas Feridas";"Pleno dia";"Crescente";"Céu Claro";"Simples";"Reta";"Sim";3;0;0;1;1;2;1;4;-3,94284885;-41,26623314;"SPRF-PI";"DEL02-PI";"UOP01-DEL02-PI"
286697;2020-05-27;"quarta-feira";"19:25:00";"SP";116;276;"EMBU DAS ARTES";"Restrição de Visibilidade";"Colisão lateral";"Sem Vítimas";"Plena Noite";"Decrescente";"Céu Claro";"Dupla";"Reta";"Sim";5;0;0;0;4;1;0;3;-23,64262417;-46,83811382;"SPRF-SP";"DEL04-SP";"UOP01-DEL04-SP"
286698;2020-05-27;"quarta-feira";"17:15:00";"MG";116;521,9;"CARATINGA";"Ingestão de Álcool";"Colisão lateral";"Com Vítimas Feridas";"Anoitecer";"Decrescente";"Céu Claro";"Simples";"Reta";"Não";2;0;1;0;1;0;1;2;-19,7341039;-42,13264957;"SPRF-MG";"DEL06-MG";"UOP02-DEL06-MG"
286701;2020-05-27;"quarta-feira";"20:00:00";"CE";116;496,1;"BREJO SANTO";"Ingestão de Álcool";"Colisão lateral";"Com Vítimas Feridas";"Plena Noite";"Decrescente";"Céu Claro";"Simples";"Reta;Aclive";"Não";3;0;1;0;2;0;1;2;-7,40957269;-38,96640755;"SPRF-CE";"DEL05-CE";"UOP03-DEL05-CE"
286703;2020-05-27;"quarta-feira";"10:10:00";"MG";50;21;"ARAGUARI";"Falta de Atenção do Pedestre";"Atropelamento de Pedestre";"Com Vítimas Feridas";"Pleno dia";"Decrescente";"Céu Claro";"Dupla";"Reta";"Sim";2;0;1;0;1;0;1;2;-18,59591113;-48,05355644;"SPRF-MG";"DEL15-MG";"UOP02-DEL15-MG"
286705;2020-05-27;"quarta-feira";"18:50:00";"BA";110;348;"ALAGOINHAS";"Ultrapassagem Indevida";"Colisão frontal";"Com Vítimas Fatais";"Plena Noite";"Crescente";"Céu Claro";"Simples";"Reta";"Não";5;2;2;0;0;1;2;4;-12,26960367;-38,37451672;"SPRF-BA";"DEL01-BA";"UOP04-DEL01-BA"
286711;2020-05-27;"quarta-feira";"20:45:00";"MS";60;370;"CAMPO GRANDE";"Falta de Atenção à Condução";"Colisão lateral";"Com Vítimas Fatais";"Plena Noite";"Decrescente";"Céu Claro";"Simples";"Reta";"Não";2;1;0;0;1;0;0;2;-20,56540881;-54,68292011;"SPRF-MS";"DEL01-MS";"UOP04-DEL01-MS"
286720;2020-05-27;"quarta-feira";"22:00:00";"PR";467;80,2;"CASCAVEL";"Objeto estático sobre o leito carroçável";"Colisão com objeto estático";"Com Vítimas Feridas";"Plena Noite";"Crescente";"Céu Claro";"Dupla";"Reta";"Não";3;0;2;0;0;1;2;2;-24,7875;-53,6778;"SPRF-PR";"DEL04-PR";"UOP01-DEL04-PR"
286721;2020-05-27;"quarta-feira";"21:50:00";"MT";163;605;"NOVA MUTUM";"Desobediência às normas de trânsito pelo condutor";"Colisão frontal";"Com Vítimas Fatais";"Plena Noite";"Crescente";"Céu Claro";"Simples";"Curva";"Não";3;1;0;0;1;2;0;4;-13,86351018;-56,08627166;"SPRF-MT";"DEL01-MT";"UOP01-DEL01-MT"
286728;2020-05-27;"quarta-feira";"22:50:00";"MG";40;555,2;"NOVA LIMA";"Desobediência às normas de trânsito pelo condutor";"Saída de leito carroçável";"Com Vítimas Feridas";"Plena Noite";"Decrescente";"Céu Claro";"Simples";"Reta";"Sim";3;0;0;1;1;1;1;3;-20,08472706;-43,97697012;"SPRF-MG";"DEL01-MG";"UOP02-DEL01-MG"
286732;2020-05-28;"quinta-feira";"00:20:00";"PR";476;169,9;"CONTENDA";"Desobediência às normas de trânsito pelo condutor";"Colisão frontal";"Com Vítimas Fatais";"Plena Noite";"Decrescente";"Céu Claro";"Simples";"Reta";"Sim";3;1;0;0;2;0;0;2;-25,666254;-49,495918;"SPRF-PR";"DEL01-PR";"UOP06-DEL01-PR"
286735;2020-05-28;"quinta-feira";"01:00:00";"GO";60;380;"RIO VERDE";"Falta de Atenção à Condução";"Saída de leito carroçável";"Sem Vítimas";"Plena Noite";"Decrescente";"Céu Claro";"Dupla";"Reta";"Sim";2;0;0;0;1;1;0;2;-17,767785;-50,883115;"SPRF-GO";"DEL04-GO";"UOP01-DEL04-GO"
286737;2020-05-28;"quinta-feira";"02:00:00";"BA";116;841,7;"VITORIA DA CONQUISTA";"Condutor Dormindo";"Saída de leito carroçável";"Com Vítimas Feridas";"Plena Noite";"Decrescente";"Nublado";"Simples";"Reta";"Não";2;0;1;0;0;1;1;2;-14,92320318;-40,8825707;"SPRF-BA";"DEL08-BA";"UOP01-DEL08-BA"
286738;2020-05-28;"quinta-feira";"04:00:00";"PR";277;1,7;"PARANAGUA";"Desobediência às normas de trânsito pelo condutor";"Colisão transversal";"Sem Vítimas";"Plena Noite";"Decrescente";"Céu Claro";"Dupla";"Interseção de Vias";"Sim";3;0;0;0;2;3;0;5;-25,5205;-48,5095;"SPRF-PR";"DEL01-PR";"UOP05-DEL01-PR"
286740;2020-05-28;"quinta-feira";"05:45:00";"TO";153;208;"NOVA OLINDA";"Desobediência às normas de trânsito pelo condutor";"Colisão frontal";"Com Vítimas Fatais";"Amanhecer";"Crescente";"Céu Claro";"Dupla";"Reta";"Não";3;1;0;1;0;1;1;3;-7,71778886;-48,44236743;"SPRF-TO";"DEL02-TO";"UOP01-DEL02-TO"
286742;2020-05-28;"quinta-feira";"06:30:00";"PR";116;118;"CURITIBA";"Falta de Atenção à Condução";"Colisão traseira";"Com Vítimas Feridas";"Amanhecer";"Decrescente";"Céu Claro";"Dupla";"Reta";"Sim";2;0;1;0;1;0;1;2;-25,54657438;-49,29173608;"SPRF-PR";"DEL01-PR";"UOP03-DEL01-PR"
286745;2020-05-28;"quinta-feira";"05:40:00";"SC";101;308;"LAGUNA";"Condutor Dormindo";"Saída de leito carroçável";"Sem Vítimas";"Amanhecer";"Decrescente";"Céu Claro";"Múltipla";"Reta";"Não";1;0;0;0;1;0;0;1;-28,399616;-48,7854;"SPRF-SC";"DEL02-SC";"UOP01-DEL02-SC"
286747;2020-05-28;"quinta-feira";"07:15:00";"RJ";116;13,5;"SAPUCAIA";"Desobediência às normas de trânsito pelo condutor";"Tombamento";"Com Vítimas Feridas";"Pleno dia";"Crescente";"Céu Claro";"Simples";"Viaduto;Reta";"Não";2;0;1;0;0;1;1;2;-21,95256217;-42,73351991;"SPRF-RJ";"DEL04-RJ";"UOP01-DEL04-RJ"
286751;2020-05-28;"quinta-feira";"07:00:00";"RS";386;359;"ESTRELA";"Desobediência às normas de trânsito pelo condutor";"Colisão frontal";"Com Vítimas Fatais";"Pleno dia";"Decrescente";"Céu Claro";"Dupla";"Reta";"Não";4;2;0;0;1;1;0;3;-29,54160493;-51,91236377;"SPRF-RS";"DEL04-RS";"UOP02-DEL04-RS"
286754;2020-05-28;"quinta-feira";"07:15:00";"RN";226;341,1;"PATU";"Desobediência às normas de trânsito pelo condutor";"Colisão lateral";"Com Vítimas Feridas";"Pleno dia";"Crescente";"Céu Claro";"Simples";"Interseção de Vias";"Não";5;0;0;1;3;3;1;6;-6,11484;-37,65186;"SPRF-RN";"DEL04-RN";"UOP01-DEL04-RN"
286760;2020-04-11;"sábado";"13:40:00";"GO";153;330;"JARAGUA";"Desobediência às normas de trânsito pelo condutor";"Colisão lateral";"Com Vítimas Fatais";"Pleno dia";"Decrescente";"Céu Claro";"Simples";"Declive";"Não";6;1;0;0;5;0;0;3;-15,526102;-49,461861;"SPRF-GO";"DEL02-GO";"UOP02-DEL02-GO"
286765;2020-05-27;"quarta-feira";"21:10:00";"MG";381;605,8;"OLIVEIRA";"Condutor Dormindo";"Colisão com objeto estático";"Com Vítimas Feridas";"Plena Noite";"Decrescente";"Céu Claro";"Dupla";"Declive;Curva";"Não";1;0;1;0;0;0;1;1;-20,66757503;-44,7378369;"SPRF-MG";"DEL04-MG";"UOP01-DEL04-MG"
286767;2020-05-28;"quinta-feira";"07:30:00";"RS";116;444,6;"CRISTAL";"Falta de Atenção à Condução";"Colisão traseira";"Com Vítimas Feridas";"Amanhecer";"Decrescente";"Nevoeiro/Neblina";"Dupla";"Reta";"Não";2;0;0;1;1;0;1;2;-31,15904596;-52,03008752;"SPRF-RS";"DEL02-RS";"UOP02-DEL02-RS"
286769;2020-05-28;"quinta-feira";"07:00:00";"PR";376;619;"SAO JOSE DOS PINHAIS";"Carga excessiva e/ou mal acondicionada";"Derramamento de carga";"Sem Vítimas";"Pleno dia";"Decrescente";"Céu Claro";"Simples";"Reta";"Sim";2;0;0;0;1;1;0;2;-25,60034699;-49,17355691;"SPRF-PR";"DEL01-PR";"UOP01-DEL01-PR"
286770;2020-05-28;"quinta-feira";"07:45:00";"RJ";116;173;"MESQUITA";"Falta de Atenção à Condução";"Colisão lateral";"Com Vítimas Feridas";"Pleno dia";"Crescente";"Céu Claro";"Dupla";"Reta";"Sim";3;0;1;0;1;1;1;3;-22,79810324;-43,35726614;"SPRF-RJ";"DEL01-RJ";"UOP02-DEL01-RJ"
286775;2020-05-28;"quinta-feira";"07:10:00";"MS";262;344;"CAMPO GRANDE";"Falta de Atenção à Condução";"Colisão traseira";"Com Vítimas Feridas";"Pleno dia";"Crescente";"Céu Claro";"Simples";"Reta";"Não";2;0;1;0;1;0;1;2;-20,58313686;-54,58446511;"SPRF-MS";"DEL01-MS";"UOP03-DEL01-MS"
286779;2020-05-28;"quinta-feira";"08:40:00";"PR";277;3,5;"PARANAGUA";"Desobediência às normas de trânsito pelo condutor";"Colisão lateral";"Sem Vítimas";"Pleno dia";"Crescente";"Sol";"Simples";"Reta;Interseção de Vias";"Sim";3;0;0;0;1;3;0;4;-25,5466117;-48,5602485;"SPRF-PR";"DEL01-PR";"UOP05-DEL01-PR"
286783;2020-05-28;"quinta-feira";"08:24:00";"MG";381;755;"TRES CORACOES";"Falta de Atenção à Condução";"Colisão traseira";"Com Vítimas Feridas";"Pleno dia";"Crescente";"Céu Claro";"Dupla";"Reta";"Não";5;0;2;0;3;0;2;2;-21,69306291;-45,35229106;"SPRF-MG";"DEL16-MG";"UOP02-DEL16-MG"
286786;2020-05-28;"quinta-feira";"07:45:00";"ES";101;211;"IBIRACU";"Falta de Atenção à Condução";"Colisão lateral";"Sem Vítimas";"Pleno dia";"Crescente";"Céu Claro";"Simples";"Reta";"Sim";2;0;0;0;2;0;0;2;-19,80700903;-40,36767233;"SPRF-ES";"DEL02-ES";"UOP01-DEL02-ES"
286791;2020-05-28;"quinta-feira";"08:15:00";"SC";282;529,1;"CORDILHEIRA ALTA";"Falta de Atenção à Condução";"Colisão transversal";"Com Vítimas Feridas";"Pleno dia";"Decrescente";"Nevoeiro/Neblina";"Simples";"Interseção de Vias";"Sim";3;0;2;0;0;3;2;5;-26,98243484;-52,59788275;"SPRF-SC";"DEL07-SC";"UOP01-DEL07-SC"
286793;2020-05-28;"quinta-feira";"09:30:00";"RJ";116;312,9;"ITATIAIA";"Velocidade Incompatível";"Colisão traseira";"Sem Vítimas";"Pleno dia";"Decrescente";"Céu Claro";"Dupla";"Em Obras;Declive";"Não";3;0;0;0;2;1;0;3;-22,46068623;-44,45262504;"SPRF-RJ";"DEL07-RJ";"UOP02-DEL07-RJ"
286795;2020-05-28;"quinta-feira";"11:30:00";"ES";262;106;"VENDA NOVA DO IMIGRANTE";"Desobediência às normas de trânsito pelo condutor";"Colisão transversal";"Com Vítimas Feridas";"Pleno dia";"Decrescente";"Sol";"Simples";"Rotatória";"Sim";4;0;0;1;2;2;1;5;-20,32620639;-41,14442285;"SPRF-ES";"DEL01-ES";"UOP02-DEL01-ES"
286796;2020-05-28;"quinta-feira";"09:00:00";"MA";316;358;"BACABAL";"Desobediência às normas de trânsito pelo condutor";"Colisão frontal";"Com Vítimas Fatais";"Pleno dia";"Crescente";"Céu Claro";"Simples";"Reta";"Sim";3;1;0;0;1;1;0;3;-4,228479;-44,810673;"SPRF-MA";"DEL02-MA";"UOP01-DEL02-MA"
286798;2020-05-28;"quinta-feira";"11:58:00";"SC";101;114,2;"ITAJAI";"Falta de Atenção à Condução";"Colisão traseira";"Sem Vítimas";"Pleno dia";"Decrescente";"Céu Claro";"Múltipla";"Reta";"Sim";5;0;0;0;5;0;0;3;-26,86210338;-48,72841001;"SPRF-SC";"DEL04-SC";"UOP04-DEL04-SC"
286801;2020-05-28;"quinta-feira";"11:05:00";"RS";116;143,2;"CAXIAS DO SUL";"Desobediência às normas de trânsito pelo condutor";"Colisão lateral";"Com Vítimas Feridas";"Pleno dia";"Crescente";"Céu Claro";"Dupla";"Declive";"Sim";3;0;1;0;1;1;1;3;-29,1201739;-51,12260651;"SPRF-RS";"DEL05-RS";"UOP01-DEL05-RS"
286803;2020-05-28;"quinta-feira";"08:10:00";"BA";101;735,6;"ITABELA";"Velocidade Incompatível";"Tombamento";"Com Vítimas Feridas";"Pleno dia";"Crescente";"Céu Claro";"Simples";"Aclive;Curva";"Não";2;0;0;1;0;2;1;3;-16,50127427;-39,57550049;"SPRF-BA";"DEL09-BA";"UOP01-DEL09-BA"
286804;2020-05-28;"quinta-feira";"13:05:00";"PB";230;145;"CAMPINA GRANDE";"Falta de Atenção à Condução";"Tombamento";"Com Vítimas Feridas";"Pleno dia";"Decrescente";"Céu Claro";"Dupla";"Curva;Aclive;Rotatória";"Não";2;0;1;0;0;2;1;3;-7,2512;-35,8399;"SPRF-PB";"DEL02-PB";"UOP01-DEL02-PB"
286807;2020-05-28;"quinta-feira";"11:00:00";"SC";280;239,9;"CANOINHAS";"Defeito Mecânico no Veículo";"Tombamento";"Com Vítimas Feridas";"Pleno dia";"Crescente";"Céu Claro";"Simples";"Reta";"Não";2;0;1;0;0;1;1;2;-26,20971113;-50,44782084;"SPRF-SC";"DEL06-SC";"UOP04-DEL06-SC"
286808;2020-05-28;"quinta-feira";"11:40:00";"RO";364;12;"VILHENA";"Desobediência às normas de trânsito pelo condutor";"Colisão transversal";"Com Vítimas Feridas";"Pleno dia";"Crescente";"Céu Claro";"Dupla";"Reta";"Sim";3;0;0;1;1;3;1;5;-12,74370233;-60,12147609;"SPRF-RO";"DEL04-RO";"UOP01-DEL04-RO"
286818;2020-05-28;"quinta-feira";"04:30:00";"MG";267;200,2;"BOM JARDIM DE MINAS";"Velocidade Incompatível";"Tombamento";"Com Vítimas Feridas";"Plena Noite";"Decrescente";"Ignorado";"Simples";"Curva;Declive";"Não";2;0;1;0;0;1;1;2;-21,93311108;-44,08851501;"SPRF-MG";"DEL05-MG";"UOP01-DEL05-MG"
286822;2020-05-26;"terça-feira";"14:25:00";"RS";293;87,6;"PIRATINI";"Ultrapassagem Indevida";"Colisão frontal";"Com Vítimas Feridas";"Pleno dia";"Crescente";"Sol";"Simples";"Reta;Declive";"Não";4;0;1;0;2;2;1;4;-31,63755378;-53,18565099;"SPRF-RS";"DEL07-RS";"UOP01-DEL07-RS"
286823;2020-05-28;"quinta-feira";"13:40:00";"BA";101;118;"ALAGOINHAS";"Falta de Atenção à Condução";"Saída de leito carroçável";"Com Vítimas Feridas";"Pleno dia";"Crescente";"Chuva";"Simples";"Reta";"Não";2;0;1;0;0;2;1;3;-12,15886142;-38,546794;"SPRF-BA";"DEL01-BA";"UOP04-DEL01-BA"
286824;2020-05-28;"quinta-feira";"15:15:00";"PR";369;147;"LONDRINA";"Não guardar distância de segurança";"Colisão traseira";"Com Vítimas Feridas";"Pleno dia";"Decrescente";"Céu Claro";"Dupla";"Interseção de Vias";"Sim";3;0;1;0;1;1;1;3;-23,2931559;-51,1347339;"SPRF-PR";"DEL07-PR";"UOP01-DEL07-PR"
286828;2020-05-28;"quinta-feira";"15:15:00";"BA";20;138;"SAO DESIDERIO";"Falta de Atenção à Condução";"Colisão traseira";"Com Vítimas Feridas";"Plena Noite";"Crescente";"Céu Claro";"Simples";"Reta";"Sim";2;0;1;0;1;0;1;2;-12,75119808;-45,94286554;"SPRF-BA";"DEL10-BA";"UOP01-DEL10-BA"
286829;2020-05-28;"quinta-feira";"13:00:00";"BA";242;226;"ITABERABA";"Defeito na Via";"Tombamento";"Sem Vítimas";"Pleno dia";"Decrescente";"Céu Claro";"Simples";"Reta";"Sim";2;0;0;0;1;3;0;4;-12,51259728;-40,29557913;"SPRF-BA";"DEL06-BA";"UOP02-DEL06-BA"
286838;2020-05-27;"quarta-feira";"05:30:00";"AM";174;1047;"PRESIDENTE FIGUEIREDO";"Defeito Mecânico no Veículo";"Tombamento";"Sem Vítimas";"Pleno dia";"Decrescente";"Céu Claro";"Simples";"Aclive";"Não";2;0;0;0;1;1;0;2;-1,6057841;-60,2034302;"SPRF-AM";"DEL01-AM";"UOP02-DEL01-AM"
286839;2020-05-28;"quinta-feira";"16:40:00";"PE";232;137;"CARUARU";"Falta de Atenção à Condução";"Colisão lateral";"Com Vítimas Feridas";"Pleno dia";"Crescente";"Céu Claro";"Dupla";"Reta";"Não";2;0;0;1;0;1;1;2;-8,31589863;-36,05040211;"SPRF-PE";"DEL02-PE";"UOP03-DEL02-PE"
286841;2020-05-28;"quinta-feira";"14:00:00";"MG";381;525,8;"BRUMADINHO";"Não guardar distância de segurança";"Colisão lateral";"Sem Vítimas";"Pleno dia";"Crescente";"Céu Claro";"Dupla";"Curva";"Não";3;0;0;0;2;1;0;2;-20,16710798;-44,33422398;"SPRF-MG";"DEL04-MG";"UOP03-DEL04-MG"
286854;2020-05-28;"quinta-feira";"16:00:00";"PI";135;127,7;"BERTOLINIA";"Desobediência às normas de trânsito pelo condutor";"Tombamento";"Com Vítimas Feridas";"Pleno dia";"Decrescente";"Nublado";"Simples";"Curva";"Não";1;0;0;1;0;0;1;1;-7,66499735;-43,95114347;"SPRF-PI";"DEL03-PI";"UOP01-DEL03-PI"
286858;2020-05-28;"quinta-feira";"18:10:00";"SC";101;206,9;"SAO JOSE";"Não guardar distância de segurança";"Colisão lateral";"Com Vítimas Feridas";"Plena Noite";"Decrescente";"Céu Claro";"Múltipla";"Reta";"Não";4;0;2;0;1;3;2;6;-27,59193546;-48,61824557;"SPRF-SC";"DEL01-SC";"UOP01-DEL01-SC"
286859;2020-05-28;"quinta-feira";"18:15:00";"PR";376;214;"JANDAIA DO SUL";"Desobediência às normas de trânsito pelo condutor";"Colisão transversal";"Com Vítimas Feridas";"Plena Noite";"Crescente";"Céu Claro";"Dupla";"Retorno Regulamentado";"Sim";2;0;1;0;0;1;1;2;-23,5727029;-51,6537334;"SPRF-PR";"DEL07-PR";"UOP03-DEL07-PR"
286869;2020-05-16;"sábado";"14:30:00";"MG";262;607,5;"CAMPOS ALTOS";"Não guardar distância de segurança";"Colisão traseira";"Com Vítimas Feridas";"Pleno dia";"Decrescente";"Nublado";"Simples";"Reta";"Não";3;0;0;1;1;2;1;4;-19,6273088;-46,26651764;"SPRF-MG";"DEL08-MG";"UOP02-DEL08-MG"
286873;2020-05-27;"quarta-feira";"23:10:00";"MG";381;362;"JOAO MONLEVADE";"Velocidade Incompatível";"Tombamento";"Com Vítimas Feridas";"Plena Noite";"Crescente";"Nublado";"Múltipla";"Curva";"Não";2;0;1;0;0;1;1;2;-19,85643939;-43,24280693;"SPRF-MG";"DEL03-MG";"UOP01-DEL03-MG"
286875;2020-05-28;"quinta-feira";"17:40:00";"MG";40;32;"PARACATU";"Ultrapassagem Indevida";"Colisão lateral";"Sem Vítimas";"Plena Noite";"Decrescente";"Céu Claro";"Simples";"Reta";"Não";3;0;0;0;1;3;0;4;-17,17286435;-46,93131646;"SPRF-MG";"DEL14-MG";"UOP01-DEL14-MG"
286879;2020-05-28;"quinta-feira";"15:40:00";"RO";425;54,2;"NOVA MAMORE";"Falta de Atenção à Condução";"Saída de leito carroçável";"Sem Vítimas";"Pleno dia";"Crescente";"Céu Claro";"Simples";"Reta";"Não";3;0;0;0;3;0;0;2;-10,029221;-65,318855;"SPRF-RO";"DEL01-RO";"UOP03-DEL01-RO"
286880;2020-05-28;"quinta-feira";"20:10:00";"MT";158;551,8;"AGUA BOA";"Falta de Atenção à Condução";"Colisão traseira";"Com Vítimas Feridas";"Plena Noite";"Crescente";"Céu Claro";"Simples";"Aclive";"Não";4;0;0;2;1;2;2;4;-13,91987321;-52,09374055;"SPRF-MT";"DEL07-MT";"UOP02-DEL07-MT"
286884;2020-05-28;"quinta-feira";"19:45:00";"MG";50;93,1;"UBERLANDIA";"Ingestão de Álcool";"Tombamento";"Com Vítimas Feridas";"Plena Noite";"Crescente";"Céu Claro";"Dupla";"Reta";"Não";1;0;1;0;0;0;1;1;-19,0779262;-48,1883204;"SPRF-MG";"DEL15-MG";"UOP01-DEL15-MG"
286887;2020-05-16;"sábado";"13:30:00";"MG";40;530;"CONTAGEM";"Falta de Atenção à Condução";"Atropelamento de Pedestre";"Com Vítimas Feridas";"Pleno dia";"Crescente";"Nublado";"Dupla";"Curva";"Sim";3;0;0;1;1;1;1;2;-19,92064782;-44,0335681;"SPRF-MG";"DEL01-MG";"UOP02-DEL01-MG"
286892;2020-05-28;"quinta-feira";"20:00:00";"GO";452;70;"MAURILANDIA";"Falta de Atenção à Condução";"Saída de leito carroçável";"Sem Vítimas";"Plena Noite";"Decrescente";"Céu Claro";"Simples";"Ponte";"Não";2;0;0;0;1;2;0;3;-18,03237073;-50,30277692;"SPRF-GO";"DEL04-GO";"UOP01-DEL04-GO"
286895;2020-05-28;"quinta-feira";"20:58:00";"PR";376;667;"GUARATUBA";"Velocidade Incompatível";"Colisão com objeto estático";"Sem Vítimas";"Plena Noite";"Crescente";"Nublado";"Dupla";"Curva";"Não";1;0;0;0;1;0;0;1;-25,86649659;-48,94666822;"SPRF-PR";"DEL01-PR";"UOP04-DEL01-PR"
286896;2020-05-28;"quinta-feira";"23:01:00";"PR";277;670;"MEDIANEIRA";"Falta de Atenção à Condução";"Colisão traseira";"Com Vítimas Feridas";"Plena Noite";"Decrescente";"Céu Claro";"Dupla";"Reta";"Sim";2;0;1;0;1;0;1;2;-25,28037085;-54,07911108;"SPRF-PR";"DEL05-PR";"UOP02-DEL05-PR"
286897;2020-05-28;"quinta-feira";"22:45:00";"MG";459;69,9;"SENADOR JOSE BENTO";"Condutor Dormindo";"Saída de leito carroçável";"Com Vítimas Feridas";"Plena Noite";"Crescente";"Céu Claro";"Simples";"Curva";"Não";1;0;1;0;0;0;1;1;-22,131307;-46,152763;"SPRF-MG";"DEL09-MG";"UOP01-DEL09-MG"
286899;2020-05-29;"sexta-feira";"00:00:00";"AL";101;172,4;"TEOTONIO VILELA";"Velocidade Incompatível";"Tombamento";"Sem Vítimas";"Plena Noite";"Crescente";"Chuva";"Dupla";"Curva";"Não";2;0;0;0;1;1;0;2;-9,904798;-36,316791;"SPRF-AL";"DEL02-AL";"UOP02-DEL02-AL"
286900;2020-05-29;"sexta-feira";"00:10:00";"MG";50;151,7;"UBERABA";"Falta de Atenção à Condução";"Colisão traseira";"Com Vítimas Feridas";"Plena Noite";"Crescente";"Céu Claro";"Dupla";"Reta";"Não";3;0;1;0;1;5;1;7;-19,57370204;-48,03246832;"SPRF-MG";"DEL13-MG";"UOP01-DEL13-MG"
286901;2020-05-28;"quinta-feira";"22:00:00";"SC";470;194,1;"POUSO REDONDO";"Falta de Atenção à Condução";"Colisão lateral";"Com Vítimas Feridas";"Plena Noite";"Decrescente";"Céu Claro";"Simples";"Curva";"Não";6;0;5;0;1;0;5;2;-27,300501;-50,080284;"SPRF-SC";"DEL04-SC";"UOP02-DEL04-SC"
286903;2020-05-29;"sexta-feira";"00:30:00";"PB";101;100,3;"CONDE";"Falta de Atenção à Condução";"Saída de leito carroçável";"Sem Vítimas";"Plena Noite";"Decrescente";"Nublado";"Dupla";"Reta;Aclive";"Não";1;0;0;0;1;0;0;1;-7,26469806;-34,93677965;"SPRF-PB";"DEL01-PB";"UOP01-DEL01-PB"
286906;2020-05-28;"quinta-feira";"17:15:00";"RO";319;57,2;"PORTO VELHO";"Falta de Atenção à Condução";"Tombamento";"Sem Vítimas";"Pleno dia";"Crescente";"Céu Claro";"Simples";"Ponte;Aclive";"Sim";2;0;0;0;1;2;0;3;-8,73727676;-63,91871452;"SPRF-RO";"DEL01-RO";"UOP01-DEL01-RO"
286907;2020-04-26;"domingo";"23:20:00";"MT";364;500,5;"JANGADA";"Ingestão de Álcool";"Colisão frontal";"Com Vítimas Fatais";"Plena Noite";"Crescente";"Céu Claro";"Simples";"Curva";"Não";4;2;0;0;1;1;0;3;-15,21048474;-56,50491714;"SPRF-MT";"DEL01-MT";"UOP02-DEL01-MT"
286912;2020-05-29;"sexta-feira";"00:15:00";"SC";282;440,9;"PONTE SERRADA";"Defeito Mecânico no Veículo";"Incêndio";"Sem Vítimas";"Plena Noite";"Decrescente";"Nevoeiro/Neblina";"Simples";"Reta";"Não";2;0;0;0;1;1;0;2;-26,937757;-51,868366;"SPRF-SC";"DEL07-SC";"UOP04-DEL07-SC"
286913;2020-05-29;"sexta-feira";"04:10:00";"SC";470;20;"ILHOTA";"Restrição de Visibilidade";"Saída de leito carroçável";"Com Vítimas Feridas";"Plena Noite";"Crescente";"Nevoeiro/Neblina";"Simples";"Desvio Temporário";"Não";3;0;1;0;1;1;1;2;-26,870115;-48,820484;"SPRF-SC";"DEL04-SC";"UOP04-DEL04-SC"
286917;2020-05-29;"sexta-feira";"07:00:00";"MG";381;513,5;"IGARAPE";"Defeito Mecânico no Veículo";"Colisão com objeto estático";"Com Vítimas Feridas";"Pleno dia";"Decrescente";"Nevoeiro/Neblina";"Dupla";"Reta";"Não";1;0;1;0;0;0;1;1;-20,099993;-44,318903;"SPRF-MG";"DEL01-MG";"UOP03-DEL01-MG"
286919;2020-05-29;"sexta-feira";"04:00:00";"MG";381;843,9;"SAO SEBASTIAO DA BELA VISTA";"Falta de Atenção à Condução";"Saída de leito carroçável";"Sem Vítimas";"Amanhecer";"Crescente";"Céu Claro";"Dupla";"Reta";"Não";2;0;0;0;1;2;0;3;-22,22245372;-45,87389143;"SPRF-MG";"DEL16-MG";"UOP01-DEL16-MG"
286923;2020-05-29;"sexta-feira";"07:40:00";"RS";285;454,7;"IJUI";"Fenômenos da Natureza";"Colisão transversal";"Com Vítimas Feridas";"Pleno dia";"Decrescente";"Sol";"Simples";"Interseção de Vias";"Sim";3;0;1;0;1;1;1;3;-28,38149139;-53,88143778;"SPRF-RS";"DEL10-RS";"UOP01-DEL10-RS"
286932;2020-05-29;"sexta-feira";"07:40:00";"PR";277;3;"PARANAGUA";"Ultrapassagem Indevida";"Colisão transversal";"Com Vítimas Feridas";"Pleno dia";"Decrescente";"Sol";"Simples";"Interseção de Vias;Reta";"Sim";5;0;1;0;3;1;1;5;-25,568198;-48,615292;"SPRF-PR";"DEL01-PR";"UOP05-DEL01-PR"