"id";"data_inversa";"dia_semana";"horario";"uf";"br";"km";"municipio";"causa_acidente";"tipo_acidente";"classificacao_acidente";"fase_dia";"sentido_via";"condicao_metereologica";"tipo_pista";"tracado_via";"uso_solo";"pessoas";"mortos";"feridos_leves";"feridos_graves";"ilesos";"ignorados";"feridos";"veiculos";"latitude";"longitude";"regional";"delegacia";"uop"
286936;2020-05-29;"sexta-feira";"07:30:00";"RN";304;262,2;"SANTA MARIA";"Não guardar distância de segurança";"Colisão traseira";"Sem Vítimas";"Pleno dia";"Decrescente";"Céu Claro";"Simples";"Reta";"Não";3;0;0;0;3;0;0;3;-5,853106;-35,644805;"SPRF-RN";"DEL01-RN";"UOP02-DEL01-RN"
286938;2020-05-29;"sexta-feira";"07:30:00";"RS";392;11,8;"RIO GRANDE";"Falta de Atenção à Condução";"Engavetamento";"Com Vítimas Feridas";"Pleno dia";"Decrescente";"Céu Claro";"Dupla";"Reta";"Não";6;0;2;0;3;2;2;7;-32,12127763;-52,12972521;"SPRF-RS";"DEL07-RS";"UOP02-DEL07-RS"
286943;2020-05-29;"sexta-feira";"08:00:00";"BA";110;11,6;"PAULO AFONSO";"Falta de Atenção à Condução";"Colisão frontal";"Com Vítimas Fatais";"Pleno dia";"Decrescente";"Céu Claro";"Simples";"Reta";"Não";2;1;0;0;1;0;0;2;-9,54994104;-38,22123966;"SPRF-BA";"DEL07-BA";"UOP01-DEL07-BA"
286948;2020-05-29;"sexta-feira";"10:15:00";"MG";251;374,5;"GRAO MOGOL";"Desobediência às normas de trânsito pelo condutor";"Colisão frontal";"Com Vítimas Feridas";"Pleno dia";"Crescente";"Céu Claro";"Simples";"Reta";"Não";5;0;0;2;1;3;2;5;-16,29971744;-42,71913102;"SPRF-MG";"DEL12-MG";"UOP01-DEL12-MG"
286949;2020-05-29;"sexta-feira";"10:00:00";"RS";290;580;"ALEGRETE";"Defeito Mecânico no Veículo";"Saída de leito carroçável";"Com Vítimas Feridas";"Pleno dia";"Decrescente";"Céu Claro";"Simples";"Reta";"Sim";2;0;1;0;0;1;1;2;-29,804993;-55,777481;"SPRF-RS";"DEL13-RS";"UOP02-DEL13-RS"
286950;2020-05-29;"sexta-feira";"10:10:00";"PR";376;538,4;"PALMEIRA";"Falta de Atenção à Condução";"Colisão com objeto estático";"Sem Vítimas";"Pleno dia";"Decrescente";"Céu Claro";"Dupla";"Reta";"Não";3;0;0;0;1;2;0;3;-25,400283;-49,789084;"SPRF-PR";"DEL01-PR";"UOP03-DEL03-PR"
286954;2020-05-29;"sexta-feira";"09:30:00";"RJ";356;64;"ITAPERUNA";"Defeito Mecânico no Veículo";"Tombamento";"Com Vítimas Feridas";"Pleno dia";"Decrescente";"Céu Claro";"Simples";"Curva";"Não";3;0;1;0;1;1;1;3;-21,343586;-41,714053;"SPRF-RJ";"DEL08-RJ";"UOP03-DEL08-RJ"
286956;2020-05-29;"sexta-feira";"11:20:00";"RS";285;496;"ENTRE-IJUIS";"Falta de Atenção à Condução";"Colisão lateral";"Com Vítimas Feridas";"Pleno dia";"Decrescente";"Céu Claro";"Dupla";"Reta;Aclive";"Sim";2;0;1;0;1;0;1;2;-28,37772;-54,257889;"SPRF-RS";"DEL10-RS";"UOP01-DEL10-RS"
286957;2020-05-29;"sexta-feira";"10:45:00";"RS";290;101;"PORTO ALEGRE";"Pista Escorregadia";"Derramamento de carga";"Com Vítimas Feridas";"Pleno dia";"Decrescente";"Sol";"Múltipla";"Reta";"Sim";4;0;1;0;1;2;1;4;-29,985779;-51,246201;"SPRF-RS";"DEL01-RS";"UOP01-DEL01-RS"
286964;2020-05-29;"sexta-feira";"12:50:00";"GO";70;4;"AGUAS LINDAS DE GOIAS";"Falta de Atenção à Condução";"Colisão traseira";"Com Vítimas Feridas";"Pleno dia";"Crescente";"Céu Claro";"Dupla";"Reta";"Sim";3;0;1;0;1;2;1;4;-15,759838;-48,246011;"SPRF-DF";"DEL03-DF";"UOP02-DEL03-DF"
286965;2020-05-29;"sexta-feira";"08:15:00";"MG";262;518,6;"LUZ";"Não guardar distância de segurança";"Capotamento";"Com Vítimas Feridas";"Plena Noite";"Crescente";"Sol";"Simples";"Reta";"Não";4;0;2;0;1;1;2;3;-19,79125663;-45,60083807;"SPRF-MG";"DEL08-MG";"UOP03-DEL08-MG"
286968;2020-05-25;"segunda-feira";"17:30:00";"RJ";393;195;"PARAIBA DO SUL";"Velocidade Incompatível";"Colisão traseira";"Sem Vítimas";"Pleno dia";"Decrescente";"Céu Claro";"Simples";"Reta";"Não";2;0;0;0;2;0;0;2;-22,19528783;-43,35705209;"SPRF-RJ";"DEL05-RJ";"UOP03-DEL05-RJ"
286969;2020-05-29;"sexta-feira";"12:50:00";"BA";242;580;"IBOTIRAMA";"Falta de Atenção à Condução";"Colisão transversal";"Com Vítimas Feridas";"Pleno dia";"Decrescente";"Céu Claro";"Simples";"Reta";"Não";4;0;1;0;2;1;1;3;-12,170459;-43,196389;"SPRF-BA";"DEL06-BA";"UOP03-DEL06-BA"
286970;2020-05-29;"sexta-feira";"13:20:00";"GO";70;18;"AGUAS LINDAS DE GOIAS";"Ingestão de álcool e/ou substâncias psicoativas pelo pedestre";"Atropelamento de Pedestre";"Com Vítimas Feridas";"Pleno dia";"Crescente";"Céu Claro";"Simples";"Reta";"Não";3;0;1;0;1;1;1;2;-15,74474129;-48,35593378;"SPRF-DF";"DEL03-DF";"UOP02-DEL03-DF"
286971;2020-05-29;"sexta-feira";"12:15:00";"PI";230;307;"FLORIANO";"Falta de Atenção à Condução";"Colisão lateral";"Sem Vítimas";"Pleno dia";"Crescente";"Céu Claro";"Simples";"Reta";"Sim";3;0;0;0;2;2;0;4;-6,78667452;-42,99358035;"SPRF-PI";"DEL03-PI";"UOP01-DEL03-PI"
286975;2020-05-25;"segunda-feira";"23:00:00";"PA";155;255;"MARABA";"Carga excessiva e/ou mal acondicionada";"Derramamento de carga";"Sem Vítimas";"Plena Noite";"Crescente";"Céu Claro";"Simples";"Curva";"Não";2;0;0;0;1;2;0;3;-5,5428391;-49,0716194;"SPRF-PA";"DEL03-PA";"UOP01-DEL03-PA"
286978;2020-05-29;"sexta-feira";"13:35:00";"SC";101;136,5;"BALNEARIO CAMBORIU";"Não guardar distância de segurança";"Colisão traseira";"Com Vítimas Feridas";"Pleno dia";"Decrescente";"Céu Claro";"Dupla";"Reta";"Sim";4;0;1;1;1;1;2;4;-27,008113;-48,617245;"SPRF-SC";"DEL04-SC";"UOP03-DEL04-SC"
286981;2020-05-29;"sexta-feira";"14:55:00";"PR";153;331,6;"IRATI";"Carga excessiva e/ou mal acondicionada";"Tombamento";"Com Vítimas Feridas";"Pleno dia";"Decrescente";"Céu Claro";"Dupla";"Declive;Reta";"Sim";3;0;2;0;1;0;2;2;-25,46420428;-50,62651956;"SPRF-PR";"DEL03-PR";"UOP03-DEL03-PR"
286986;2020-05-29;"sexta-feira";"15:10:00";"MG";40;503,5;"ESMERALDAS";"Falta de Atenção à Condução";"Saída de leito carroçável";"Com Vítimas Feridas";"Pleno dia";"Decrescente";"Céu Claro";"Dupla";"Reta";"Não";2;0;1;0;1;0;1;1;-19,72138499;-44,15573599;"SPRF-MG";"DEL02-MG";"UOP01-DEL02-MG"
286988;2020-05-29;"sexta-feira";"14:20:00";"MT";70;522,8;"VARZEA GRANDE";"Não guardar distância de segurança";"Colisão traseira";"Com Vítimas Feridas";"Pleno dia";"Decrescente";"Céu Claro";"Simples";"Reta";"Sim";3;0;0;1;1;3;1;5;-15,66960646;-56,18368796;"SPRF-MT";"DEL01-MT";"UOP02-DEL01-MT"
286989;2020-05-29;"sexta-feira";"15:45:00";"BA";116;18;"VITORIA DA CONQUISTA";"Desobediência às normas de trânsito pelo condutor";"Colisão frontal";"Com Vítimas Feridas";"Pleno dia";"Crescente";"Céu Claro";"Simples";"Curva";"Sim";2;0;1;0;1;0;1;2;-14,89986932;-40,8373319;"SPRF-PE";"DEL05-PE";"UOP03-DEL05-PE"
286993;2020-05-29;"sexta-feira";"08:10:00";"RO";364;501;"ARIQUEMES";"Não guardar distância de segurança";"Engavetamento";"Sem Vítimas";"Pleno dia";"Decrescente";"Céu Claro";"Simples";"Declive;Reta";"Não";5;0;0;0;4;11;0;15;-10,0241952;-62,98814019;"SPRF-RO";"DEL03-RO";"UOP01-DEL03-RO"
286996;2020-05-29;"sexta-feira";"15:50:00";"PB";101;105;"ALHANDRA";"Falta de Atenção à Condução";"Colisão traseira";"Com Vítimas Feridas";"Pleno dia";"Crescente";"Céu Claro";"Simples";"Reta";"Não";2;0;1;0;1;0;1;2;-7,30814609;-34,94344185;"SPRF-PB";"DEL01-PB";"UOP01-DEL01-PB"
286997;2020-05-29;"sexta-feira";"15:30:00";"ES";101;292;"CARIACICA";"Falta de Atenção à Condução";"Colisão traseira";"Com Vítimas Feridas";"Pleno dia";"Decrescente";"Céu Claro";"Dupla";"Reta";"Não";2;0;1;0;0;1;1;2;-20,30650512;-40,39488717;"SPRF-ES";"DEL01-ES";"UOP01-DEL01-ES"
286999;2020-05-29;"sexta-feira";"16:45:00";"PR";376;491;"PONTA GROSSA";"Defeito Mecânico no Veículo";"Saída de leito carroçável";"Com Vítimas Feridas";"Pleno dia";"Crescente";"Céu Claro";"Dupla";"Reta";"Não";1;0;1;0;0;0;1;1;-25,110769;-50,190111;"SPRF-PR";"DEL03-PR";"UOP04-DEL03-PR"
287004;2020-05-29;"sexta-feira";"17:00:00";"SP";116;102,8;"PINDAMONHANGABA";"Não guardar distância de segurança";"Colisão traseira";"Com Vítimas Feridas";"Pleno dia";"Decrescente";"Céu Claro";"Dupla";"Declive";"Não";2;0;1;0;1;0;1;2;-22,99497994;-45,48951403;"SPRF-SP";"DEL06-SP";"UOP01-DEL06-SP"
287005;2020-05-29;"sexta-feira";"15:50:00";"MG";40;756,4;"EWBANK DA CAMARA";"Desobediência às normas de trânsito pelo condutor";"Colisão transversal";"Com Vítimas Feridas";"Pleno dia";"Decrescente";"Céu Claro";"Simples";"Curva";"Não";3;0;0;1;1;1;1;3;-21,49541105;-43,53521347;"SPRF-MG";"DEL05-MG";"UOP01-DEL05-MG"
287007;2020-05-29;"sexta-feira";"17:06:00";"MG";262;177,3;"UBERABA";"Falta de Atenção à Condução";"Engavetamento";"Com Vítimas Feridas";"Pleno dia";"Crescente";"Céu Claro";"Dupla";"Reta";"Sim";8;0;1;0;6;1;1;7;-19,77962676;-47,94708252;"SPRF-MG";"DEL03-MG";"UOP01-DEL03-MG"
287015;2020-05-29;"sexta-feira";"17:40:00";"RJ";116;133;"MAGE";"Condutor Dormindo";"Danos eventuais";"Com Vítimas Feridas";"Plena Noite";"Crescente";"Céu Claro";"Dupla";"Reta";"Sim";2;0;1;0;1;0;1;1;-22,65703272;-43,13458092;"SPRF-RJ";"DEL04-RJ";"UOP02-DEL04-RJ"
287019;2020-05-29;"sexta-feira";"18:30:00";"PR";373;182;"PONTA GROSSA";"Desobediência às normas de trânsito pelo condutor";"Colisão lateral";"Com Vítimas Feridas";"Plena Noite";"Decrescente";"Céu Claro";"Simples";"Reta";"Sim";3;0;1;0;1;2;1;4;-25,04193864;-50,26741587;"SPRF-PR";"DEL03-PR";"UOP01-DEL03-PR"
287020;2020-05-29;"sexta-feira";"16:45:00";"SP";153;167;"GUAICARA";"Defeito Mecânico no Veículo";"Incêndio";"Sem Vítimas";"Pleno dia";"Decrescente";"Sol";"Simples";"Reta";"Não";2;0;0;0;1;2;0;3;-21,57026902;-49,78358452;"SPRF-SP";"DEL07-SP";"UOP01-DEL07-SP"
287022;2020-05-29;"sexta-feira";"10:20:00";"RS";290;101;"PORTO ALEGRE";"Pista Escorregadia";"Derramamento de carga";"Com Vítimas Feridas";"Pleno dia";"Decrescente";"Céu Claro";"Dupla";"Reta";"Sim";4;0;1;0;1;2;1;4;-29,985779;-51,246201;"SPRF-RS";"DEL01-RS";"UOP01-DEL01-RS"
287024;2020-05-29;"sexta-feira";"14:00:00";"MT";163;1027;"PEIXOTO DE AZEVEDO";"Defeito Mecânico no Veículo";"Colisão traseira";"Sem Vítimas";"Pleno dia";"Crescente";"Céu Claro";"Simples";"Reta;Em Obras;Aclive";"Não";2;0;0;0;1;1;0;2;-10,26762736;-55,00991821;"SPRF-MT";"DEL06-MT";"NPF/DEL06-MT"
287050;2020-05-29;"sexta-feira";"20:00:00";"PR";277;164;"PALMEIRA";"Falta de Atenção à Condução";"Colisão transversal";"Com Vítimas Feridas";"Plena Noite";"Decrescente";"Céu Claro";"Simples";"Reta";"Não";2;0;0;1;1;0;1;2;-25,47289;-49,895964;"SPRF-PR";"DEL01-PR";"UOP03-DEL03-PR"
287051;2020-05-29;"sexta-feira";"20:00:00";"BA";324;554;"AMELIA RODRIGUES";"Falta de Atenção à Condução";"Saída de leito carroçável";"Com Vítimas Feridas";"Plena Noite";"Decrescente";"Céu Claro";"Dupla";"Aclive";"Não";2;0;1;0;1;0;1;2;-12,46037726;-38,69681519;"SPRF-BA";"DEL01-BA";"UOP01-DEL01-BA"
287055;2020-05-29;"sexta-feira";"20:25:00";"ES";101;270,1;"SERRA";"Falta de Atenção à Condução";"Colisão lateral";"Com Vítimas Feridas";"Plena Noite";"Decrescente";"Céu Claro";"Dupla";"Reta";"Sim";4;0;2;0;1;1;2;3;-20,22662056;-40,27075088;"SPRF-ES";"DEL02-ES";"UOP01-DEL02-ES"
287063;2020-05-29;"sexta-feira";"16:00:00";"DF";20;49;"BRASILIA";"Defeito Mecânico no Veículo";"Incêndio";"Sem Vítimas";"Pleno dia";"Crescente";"Céu Claro";"Múltipla";"Reta";"Não";2;0;0;0;1;1;0;2;-15,582397;-47,43051;"SPRF-DF";"DEL02-DF";"UOP01-DEL02-DF"
287069;2020-05-29;"sexta-feira";"19:45:00";"SC";101;357;"SANGAO";"Defeito Mecânico no Veículo";"Saída de leito carroçável";"Com Vítimas Feridas";"Plena Noite";"Crescente";"Céu Claro";"Simples";"Curva";"Não";2;0;1;0;0;1;1;2;-28,6438957;-49,10030365;"SPRF-SC";"DEL02-SC";"UOP01-DEL02-SC"
287071;2020-05-29;"sexta-feira";"19:30:00";"PR";153;142,3;"VENTANIA";"Deficiência ou não Acionamento do Sistema de Iluminação/Sinalização do Veículo";"Colisão lateral";"Com Vítimas Feridas";"Plena Noite";"Crescente";"Céu Claro";"Simples";"Reta";"Não";3;0;1;0;1;2;1;4;-24,09576692;-50,24465715;"SPRF-PR";"DEL07-PR";"UOP04-DEL07-PR"
287075;2020-05-29;"sexta-feira";"23:00:00";"PR";476;353;"UNIAO DA VITORIA";"Ingestão de Álcool";"Colisão frontal";"Com Vítimas Feridas";"Plena Noite";"Crescente";"Céu Claro";"Simples";"Reta";"Sim";3;0;1;0;1;1;1;3;-26,198172;-51,002659;"SPRF-PR";"DEL02-PR";"UOP03-DEL02-PR"
287080;2020-05-29;"sexta-feira";"22:50:00";"MG";267;128,1;"JUIZ DE FORA";"Condutor Dormindo";"Saída de leito carroçável";"Com Vítimas Feridas";"Plena Noite";"Crescente";"Céu Claro";"Simples";"Curva";"Não";2;0;1;0;0;1;1;2;-21,71772212;-43,52939576;"SPRF-MG";"DEL05-MG";"UOP01-DEL05-MG"
287084;2020-05-30;"sábado";"01:00:00";"PR";373;182,9;"PONTA GROSSA";"Desobediência às normas de trânsito pelo condutor";"Colisão lateral";"Com Vítimas Feridas";"Plena Noite";"Decrescente";"Céu Claro";"Múltipla";"Interseção de Vias";"Não";3;0;1;0;1;2;1;4;-25,039746;-50,278082;"SPRF-PR";"DEL03-PR";"UOP01-DEL03-PR"
287086;2020-05-20;"quarta-feira";"08:45:00";"MG";251;473,7;"FRANCISCO SA";"Defeito Mecânico no Veículo";"Colisão com objeto estático";"Com Vítimas Fatais";"Pleno dia";"Crescente";"Sol";"Simples";"Curva;Declive";"Não";2;2;0;0;0;0;0;1;-16,46555519;-43,43500137;"SPRF-MG";"DEL12-MG";"UOP01-DEL12-MG"
287087;2020-05-30;"sábado";"02:00:00";"PR";153;34;"SANTO ANTONIO DA PLATINA";"Velocidade Incompatível";"Saída de leito carroçável";"Com Vítimas Feridas";"Plena Noite";"Decrescente";"Nublado";"Simples";"Curva;Declive";"Não";2;0;1;0;0;1;1;2;-23,24053595;-50,03827052;"SPRF-PR";"DEL07-PR";"UOP04-DEL07-PR"
287095;2020-05-30;"sábado";"00:05:00";"GO";70;437;"ARAGARCAS";"Condutor Dormindo";"Saída de leito carroçável";"Com Vítimas Feridas";"Plena Noite";"Decrescente";"Céu Claro";"Simples";"Reta";"Não";4;0;2;0;0;3;2;4;-15,8925654;-51,9093376;"SPRF-GO";"DEL04-GO";"UOP01-DEL04-GO"
287096;2020-05-30;"sábado";"04:45:00";"SP";116;216,2;"GUARULHOS";"Falta de Atenção do Pedestre";"Atropelamento de Pedestre";"Com Vítimas Fatais";"Plena Noite";"Crescente";"Céu Claro";"Dupla";"Reta";"Sim";3;1;0;0;1;1;0;3;-23,45056589;-46,46258105;"SPRF-SP";"DEL01-SP";"UOP01-DEL01-SP"
287099;2020-05-30;"sábado";"03:55:00";"MT";163;817;"SINOP";"Deficiência ou não Acionamento do Sistema de Iluminação/Sinalização do Veículo";"Colisão frontal";"Com Vítimas Fatais";"Plena Noite";"Crescente";"Céu Claro";"Simples";"Reta";"Não";2;1;0;0;1;0;0;2;-12,14816701;-55,51381118;"SPRF-MT";"DEL06-MT";"UOP01-DEL06-MT"
287109;2020-05-30;"sábado";"07:00:00";"MT";174;285;"PONTES E LACERDA";"Falta de Atenção à Condução";"Colisão lateral";"Sem Vítimas";"Pleno dia";"Decrescente";"Céu Claro";"Simples";"Reta";"Não";5;0;0;0;4;1;0;3;-15,2601158;-59,30416476;"SPRF-MT";"DEL04-MT";"UOP01-DEL04-MT"
287112;2020-05-30;"sábado";"08:10:00";"GO";452;39;"SANTA HELENA DE GOIAS";"Condutor Dormindo";"Colisão lateral";"Com Vítimas Feridas";"Pleno dia";"Decrescente";"Céu Claro";"Simples";"Reta";"Não";4;0;1;0;2;3;1;5;-17,924692;-50,565716;"SPRF-GO";"DEL04-GO";"UOP01-DEL04-GO"
287115;2020-05-30;"sábado";"01:05:00";"RO";364;411;"JARU";"Ingestão de Álcool";"Colisão traseira";"Com Vítimas Feridas";"Plena Noite";"Decrescente";"Céu Claro";"Simples";"Aclive;Reta";"Não";2;0;1;0;1;0;1;2;-10,52497711;-62,39404366;"SPRF-RO";"DEL03-RO";"UOP02-DEL03-RO"
287121;2020-05-30;"sábado";"07:30:00";"MG";365;753,6;"ITUIUTABA";"Falta de Atenção à Condução";"Colisão traseira";"Com Vítimas Feridas";"Pleno dia";"Decrescente";"Céu Claro";"Simples";"Reta;Declive";"Sim";2;0;0;1;1;0;1;2;-18,947495;-49,45934;"SPRF-MG";"DEL15-MG";"UOP03-DEL15-MG"
287124;2020-05-30;"sábado";"09:10:00";"MG";365;160,5;"PIRAPORA";"Velocidade Incompatível";"Tombamento";"Sem Vítimas";"Pleno dia";"Decrescente";"Céu Claro";"Simples";"Rotatória";"Sim";1;0;0;0;1;0;0;1;-17,36147194;-44,91972105;"SPRF-MG";"DEL12-MG";"UOP01-DEL12-MG"
287125;2020-05-30;"sábado";"10:10:00";"ES";101;285,8;"CARIACICA";"Não guardar distância de segurança";"Colisão traseira";"Com Vítimas Feridas";"Pleno dia";"Crescente";"Céu Claro";"Dupla";"Curva;Declive";"Sim";4;0;1;0;1;2;1;3;-20,25713211;-40,37705275;"SPRF-ES";"DEL01-ES";"UOP01-DEL01-ES"
287128;2020-05-30;"sábado";"10:10:00";"MG";356;277,2;"EUGENOPOLIS";"Velocidade Incompatível";"Tombamento";"Com Vítimas Feridas";"Pleno dia";"Decrescente";"Céu Claro";"Simples";"Curva";"Não";2;0;1;0;0;1;1;2;-21,1250463;-42,2720529;"SPRF-MG";"DEL07-MG";"UOP02-DEL07-MG"
287129;2020-05-30;"sábado";"07:00:00";"RS";290;343,7;"SAO SEPE";"Falta de Atenção à Condução";"Tombamento";"Sem Vítimas";"Pleno dia";"Decrescente";"Céu Claro";"Simples";"Declive;Curva";"Não";2;0;0;0;1;3;0;4;-30,367035;-53,606186;"SPRF-RS";"DEL09-RS";"UOP02-DEL09-RS"
287137;2020-05-30;"sábado";"11:19:00";"SC";101;121;"ITAJAI";"Não guardar distância de segurança";"Colisão traseira";"Com Vítimas Feridas";"Pleno dia";"Crescente";"Céu Claro";"Múltipla";"Reta";"Sim";3;0;0;1;1;1;1;3;-26,92103178;-48,70856446;"SPRF-SC";"DEL04-SC";"UOP04-DEL04-SC"
287142;2020-05-27;"quarta-feira";"11:30:00";"TO";153;335;"GUARAI";"Desobediência às normas de trânsito pelo condutor";"Colisão transversal";"Com Vítimas Feridas";"Pleno dia";"Decrescente";"Céu Claro";"Dupla";"Retorno Regulamentado";"Sim";6;0;1;1;2;2;2;5;-8,84481597;-48,5107318;"SPRF-TO";"DEL02-TO";"UOP02-DEL02-TO"
287151;2020-05-30;"sábado";"13:08:00";"ES";262;27,2;"VIANA";"Falta de Atenção à Condução";"Colisão frontal";"Com Vítimas Feridas";"Pleno dia";"Crescente";"Céu Claro";"Simples";"Curva;Em Obras";"Não";7;0;2;2;1;2;4;4;-20,38398959;-40,55226465;"SPRF-ES";"DEL01-ES";"UOP01-DEL01-ES"
287154;2020-05-30;"sábado";"13:45:00";"MG";40;481,7;"SETE LAGOAS";"Desobediência às normas de trânsito pelo condutor";"Colisão transversal";"Com Vítimas Fatais";"Pleno dia";"Crescente";"Céu Claro";"Dupla";"Reta";"Não";2;1;0;0;1;0;0;2;-19,5511262;-44,24459038;"SPRF-MG";"DEL02-MG";"UOP01-DEL02-MG"
287162;2020-05-30;"sábado";"12:30:00";"RO";364;375;"OURO PRETO DO OESTE";"Falta de Atenção à Condução";"Colisão transversal";"Com Vítimas Feridas";"Pleno dia";"Crescente";"Céu Claro";"Simples";"Interseção de Vias";"Não";4;0;3;0;0;1;3;2;-10,744039;-62,17967749;"SPRF-RO";"DEL02-RO";"UOP01-DEL02-RO"
287166;2020-05-30;"sábado";"14:20:00";"PE";101;83;"JABOATAO DOS GUARARAPES";"Defeito Mecânico no Veículo";"Colisão lateral";"Sem Vítimas";"Pleno dia";"Decrescente";"Nublado";"Simples";"Reta";"Sim";6;0;0;0;5;1;0;6;-8,175172;-34,942642;"SPRF-PE";"DEL01-PE";"UOP03-DEL01-PE"
287167;2020-05-30;"sábado";"14:00:00";"PR";376;514;"PONTA GROSSA";"Desobediência às normas de trânsito pelo condutor";"Colisão lateral";"Sem Vítimas";"Pleno dia";"Decrescente";"Céu Claro";"Dupla";"Reta";"Sim";3;0;0;0;2;1;0;3;-25,26665115;-49,96400696;"SPRF-PR";"DEL03-PR";"UOP04-DEL03-PR"
287174;2020-05-30;"sábado";"15:40:00";"PB";101;123,5;"CAAPORA";"Defeito Mecânico no Veículo";"Saída de leito carroçável";"Com Vítimas Feridas";"Pleno dia";"Crescente";"Sol";"Dupla";"Aclive;Reta";"Não";2;0;1;0;0;1;1;2;-7,45909075;-34,98049935;"SPRF-PB";"DEL01-PB";"UOP01-DEL01-PB"
287190;2020-05-30;"sábado";"16:30:00";"SP";381;20;"BRAGANCA PAULISTA";"Falta de Atenção à Condução";"Tombamento";"Sem Vítimas";"Pleno dia";"Decrescente";"Céu Claro";"Dupla";"Curva";"Não";1;0;0;0;1;0;0;1;-22,98443766;-46,50352511;"SPRF-SP";"DEL03-SP";"UOP01-DEL03-SP"
287191;2020-05-30;"sábado";"08:50:00";"RS";287;354;"JAGUARI";"Velocidade Incompatível";"Tombamento";"Com Vítimas Feridas";"Pleno dia";"Decrescente";"Céu Claro";"Simples";"Curva;Declive";"Não";2;0;1;0;0;1;1;2;-29,48559437;-54,68161583;"SPRF-RS";"DEL12-RS";"UOP02-DEL12-RS"
287199;2020-05-30;"sábado";"14:30:00";"PI";135;448;"MONTE ALEGRE DO PIAUI";"Defeito na Via";"Saída de leito carroçável";"Com Vítimas Feridas";"Pleno dia";"Decrescente";"Céu Claro";"Simples";"Curva";"Não";2;0;1;0;0;1;1;2;-9,55707654;-44,88982804;"SPRF-PI";"DEL03-PI";"UOP02-DEL03-PI"
287200;2020-05-30;"sábado";"17:40:00";"BA";101;862;"TEIXEIRA DE FREITAS";"Ultrapassagem Indevida";"Colisão frontal";"Com Vítimas Feridas";"Anoitecer";"Decrescente";"Céu Claro";"Simples";"Curva";"Não";7;0;2;0;4;2;2;5;-17,60083595;-39,74860637;"SPRF-BA";"DEL09-BA";"UOP02-DEL09-BA"
287203;2020-05-30;"sábado";"15:10:00";"PR";467;95,3;"CASCAVEL";"Velocidade Incompatível";"Tombamento";"Sem Vítimas";"Pleno dia";"Decrescente";"Céu Claro";"Dupla";"Reta";"Não";2;0;0;0;1;2;0;3;-24,8675;-53,5694;"SPRF-PR";"DEL04-PR";"UOP01-DEL04-PR"
287215;2020-05-30;"sábado";"07:30:00";"MA";222;442;"SANTA LUZIA";"Defeito na Via";"Colisão frontal";"Com Vítimas Feridas";"Pleno dia";"Crescente";"Céu Claro";"Simples";"Curva";"Não";2;0;0;1;1;0;1;2;-4,08048979;-45,92239716;"SPRF-MA";"DEL02-MA";"UOP01-DEL02-MA"
287235;2020-05-30;"sábado";"19:10:00";"MG";381;490;"BETIM";"Objeto estático sobre o leito carroçável";"Colisão com objeto estático";"Com Vítimas Feridas";"Plena Noite";"Crescente";"Céu Claro";"Simples";"Reta";"Sim";2;0;1;0;1;0;1;2;-19,96502819;-44,17422195;"SPRF-MG";"DEL01-MG";"UOP03-DEL01-MG"
287243;2020-05-30;"sábado";"19:40:00";"TO";153;637;"ALIANCA DO TOCANTINS";"Defeito Mecânico no Veículo";"Derramamento de carga";"Com Vítimas Feridas";"Plena Noite";"Decrescente";"Céu Claro";"Simples";"Reta";"Não";1;0;1;0;0;0;1;1;-11,42155508;-48,98263275;"SPRF-TO";"DEL01-TO";"UOP02-DEL01-TO"
287254;2020-05-30;"sábado";"20:30:00";"PR";277;104;"CAMPO LARGO";"Falta de Atenção à Condução";"Colisão transversal";"Com Vítimas Feridas";"Plena Noite";"Decrescente";"Céu Claro";"Dupla";"Retorno Regulamentado";"Sim";3;0;2;0;1;0;2;2;-25,43330589;-49,40671921;"SPRF-PR";"DEL01-PR";"UOP06-DEL01-PR"
287260;2020-05-30;"sábado";"22:00:00";"RJ";393;283,8;"VOLTA REDONDA";"Ingestão de Álcool";"Colisão lateral";"Sem Vítimas";"Plena Noite";"Decrescente";"Céu Claro";"Simples";"Reta";"Sim";4;0;0;0;3;1;0;4;-22,49417129;-44,0669309;"SPRF-RJ";"DEL05-RJ";"UOP04-DEL05-RJ"
287267;2020-05-30;"sábado";"21:12:00";"BA";101;122,2;"ALAGOINHAS";"Falta de Atenção à Condução";"Colisão transversal";"Com Vítimas Feridas";"Plena Noite";"Decrescente";"Nublado";"Simples";"Reta";"Não";2;0;1;0;1;0;1;2;-12,17564101;-38,57512499;"SPRF-BA";"DEL01-BA";"UOP04-DEL01-BA"
287269;2020-05-30;"sábado";"20:00:00";"MA";135;5,9;"SAO LUIS";"Desobediência às normas de trânsito pelo condutor";"Colisão transversal";"Com Vítimas Feridas";"Plena Noite";"Crescente";"Céu Claro";"Dupla";"Reta";"Sim";3;0;0;1;2;0;1;3;-2,62145385;-44,25797421;"SPRF-MA";"DEL01-MA";"UOP01-DEL01-MA"
287271;2020-05-30;"sábado";"22:00:00";"SP";116;312,4;"SAO LOURENCO DA SERRA";"Velocidade Incompatível";"Colisão lateral";"Sem Vítimas";"Plena Noite";"Decrescente";"Céu Claro";"Dupla";"Reta";"Não";3;0;0;0;1;2;0;3;-23,88342825;-46,97368879;"SPRF-SP";"DEL04-SP";"UOP01-DEL04-SP"