"id";"data_inversa";"dia_semana";"horario";"uf";"br";"km";"municipio";"causa_acidente";"tipo_acidente";"classificacao_acidente";"fase_dia";"sentido_via";"condicao_metereologica";"tipo_pista";"tracado_via";"uso_solo";"pessoas";"mortos";"feridos_leves";"feridos_graves";"ilesos";"ignorados";"feridos";"veiculos";"latitude";"longitude";"regional";"delegacia";"uop"
287273;2020-05-30;"sábado";"23:25:00";"RS";290;55,1;"GLORINHA";"Condutor Dormindo";"Saída de leito carroçável";"Com Vítimas Fatais";"Plena Noite";"Crescente";"Céu Claro";"Dupla";"Reta";"Não";2;1;0;0;0;1;0;2;-29,913401;-50,808426;"SPRF-RS";"DEL03-RS";"UOP01-DEL03-RS"
287280;2020-05-30;"sábado";"19:00:00";"CE";222;91,5;"UMIRIM";"Falta de Atenção à Condução";"Colisão traseira";"Com Vítimas Feridas";"Plena Noite";"Crescente";"Nublado";"Simples";"Curva";"Não";3;0;1;0;2;0;1;3;-3,680739;-39,355988;"SPRF-CE";"DEL04-CE";"UOP03-DEL04-CE"
287300;2020-05-30;"sábado";"17:30:00";"PE";423;117,7;"PARANATAMA";"Não guardar distância de segurança";"Colisão traseira";"Com Vítimas Fatais";"Anoitecer";"Crescente";"Chuva";"Simples";"Aclive;Reta";"Não";4;2;0;0;1;2;0;4;-8,90662085;-36,66901104;"SPRF-PE";"DEL03-PE";"UOP01-DEL03-PE"
287301;2020-05-31;"domingo";"03:35:00";"ES";101;66;"SAO MATEUS";"Ingestão de Álcool";"Atropelamento de Pedestre";"Com Vítimas Fatais";"Plena Noite";"Crescente";"Céu Claro";"Dupla";"Reta";"Sim";4;1;0;2;1;0;2;3;-18,7165195;-39,87436378;"SPRF-ES";"DEL04-ES";"UOP02-DEL04-ES"
287305;2020-05-31;"domingo";"00:25:00";"RO";364;425;"JARU";"Desobediência às normas de trânsito pelo condutor";"Colisão traseira";"Com Vítimas Feridas";"Plena Noite";"Decrescente";"Céu Claro";"Múltipla";"Reta";"Sim";3;0;0;1;1;3;1;5;-10,43752488;-62,47169791;"SPRF-RO";"DEL03-RO";"UOP02-DEL03-RO"
287308;2020-05-30;"sábado";"23:40:00";"MG";40;189;"JOAO PINHEIRO";"Falta de Atenção à Condução";"Colisão lateral";"Com Vítimas Feridas";"Plena Noite";"Crescente";"Céu Claro";"Simples";"Reta";"Não";4;0;2;0;1;2;2;4;-17,99766946;-45,9067571;"SPRF-MG";"DEL14-MG";"UOP02-DEL14-MG"
287314;2020-05-31;"domingo";"04:13:00";"SC";116;105,8;"SANTA CECILIA";"Velocidade Incompatível";"Saída de leito carroçável";"Com Vítimas Feridas";"Plena Noite";"Decrescente";"Ignorado";"Simples";"Declive;Curva";"Não";1;0;0;1;0;0;1;1;-26,75095005;-50,31749478;"SPRF-SC";"DEL06-SC";"UOP02-DEL06-SC"
287315;2020-05-31;"domingo";"01:00:00";"BA";407;203;"CALDEIRAO GRANDE";"Avarias e/ou desgaste excessivo no pneu";"Incêndio";"Sem Vítimas";"Plena Noite";"Crescente";"Garoa/Chuvisco";"Simples";"Reta";"Não";1;0;0;0;1;0;0;1;-11,13040993;-40,06291378;"SPRF-BA";"DEL04-BA";"UOP02-DEL04-BA"
287319;2020-05-31;"domingo";"00:40:00";"PR";277;332,9;"GUARAPUAVA";"Ingestão de Álcool";"Colisão lateral";"Com Vítimas Feridas";"Plena Noite";"Crescente";"Céu Claro";"Dupla";"Curva";"Não";5;0;1;0;3;1;1;5;-25,35229224;-51,37512987;"SPRF-PR";"DEL08-PR";"UOP01-DEL08-PR"
287322;2020-05-31;"domingo";"06:20:00";"MG";381;516;"IGARAPE";"Defeito Mecânico no Veículo";"Tombamento";"Com Vítimas Feridas";"Amanhecer";"Decrescente";"Céu Claro";"Dupla";"Declive;Curva";"Não";2;0;0;1;0;1;1;2;-20,10866993;-44,31488799;"SPRF-MG";"DEL01-MG";"UOP03-DEL01-MG"
287328;2020-05-31;"domingo";"07:30:00";"AL";101;181,3;"JUNQUEIRO";"Falta de Atenção à Condução";"Saída de leito carroçável";"Com Vítimas Feridas";"Pleno dia";"Crescente";"Chuva";"Dupla";"Declive;Curva";"Não";1;0;1;0;0;0;1;1;-9,89535548;-36,41225988;"SPRF-AL";"DEL02-AL";"UOP02-DEL02-AL"
287334;2020-05-31;"domingo";"03:00:00";"PE";232;446,4;"SAO JOSE DO BELMONTE";"Falta de Atenção à Condução";"Atropelamento de Pedestre";"Com Vítimas Fatais";"Plena Noite";"Crescente";"Nevoeiro/Neblina";"Simples";"Reta";"Não";2;1;0;0;0;1;0;2;-8,00458006;-38,60988404;"SPRF-PE";"DEL04-PE";"UOP01-DEL04-PE"
287337;2020-05-31;"domingo";"10:00:00";"RN";406;101,1;"JOAO CAMARA";"Defeito Mecânico no Veículo";"Incêndio";"Sem Vítimas";"Pleno dia";"Decrescente";"Nublado";"Simples";"Curva";"Não";2;0;0;0;1;1;0;2;-5,52202952;-35,82286821;"SPRF-RN";"DEL02-RN";"UOP01-DEL02-RN"
287338;2020-05-31;"domingo";"10:15:00";"ES";101;183;"ARACRUZ";"Velocidade Incompatível";"Colisão frontal";"Com Vítimas Fatais";"Pleno dia";"Crescente";"Céu Claro";"Simples";"Curva";"Não";7;2;2;1;1;1;3;3;-19,64708421;-40,23286555;"SPRF-ES";"DEL04-ES";"UOP01-DEL04-ES"
287342;2020-05-31;"domingo";"02:20:00";"MA";10;201;"RIBAMAR FIQUENE";"Ultrapassagem Indevida";"Colisão frontal";"Com Vítimas Fatais";"Plena Noite";"Crescente";"Ignorado";"Simples";"Reta";"Não";3;1;0;1;0;1;1;3;-5,95653;-47,383659;"SPRF-MA";"DEL04-MA";"UOP01-DEL04-MA"
287343;2020-05-31;"domingo";"06:00:00";"RO";364;118;"CHUPINGUAIA";"Desobediência às normas de trânsito pelo pedestre";"Colisão traseira";"Com Vítimas Feridas";"Pleno dia";"Crescente";"Céu Claro";"Simples";"Declive";"Não";3;0;0;1;1;2;1;4;-12,14170225;-60,72485236;"SPRF-RO";"DEL02-RO";"UOP02-DEL02-RO"
287351;2020-05-31;"domingo";"09:50:00";"MT";163;46,6;"ITIQUIRA";"Falta de Atenção à Condução";"Saída de leito carroçável";"Com Vítimas Feridas";"Pleno dia";"Crescente";"Sol";"Dupla";"Reta";"Não";4;0;1;0;2;2;1;5;-17,11047602;-54,76061348;"SPRF-MT";"DEL02-MT";"UOP01-DEL02-MT"
287371;2020-05-31;"domingo";"15:00:00";"MG";40;795,9;"JUIZ DE FORA";"Falta de Atenção à Condução";"Colisão traseira";"Com Vítimas Feridas";"Pleno dia";"Crescente";"Sol";"Dupla";"Curva";"Não";3;0;1;0;1;1;1;3;-21,80351702;-43,39998309;"SPRF-MG";"DEL05-MG";"UOP01-DEL05-MG"
287373;2020-05-31;"domingo";"14:00:00";"RJ";116;96;"GUAPIMIRIM";"Velocidade Incompatível";"Tombamento";"Com Vítimas Fatais";"Pleno dia";"Decrescente";"Céu Claro";"Simples";"Curva";"Não";1;1;0;0;0;0;0;1;-22,48025217;-42,99744482;"SPRF-RJ";"DEL04-RJ";"UOP02-DEL04-RJ"
287384;2020-05-31;"domingo";"16:50:00";"RJ";101;325;"NITEROI";"Falta de Atenção à Condução";"Colisão lateral";"Com Vítimas Feridas";"Anoitecer";"Crescente";"Céu Claro";"Múltipla";"Aclive";"Sim";2;0;1;0;1;0;1;2;-22,87292569;-43,13625699;"SPRF-RJ";"DEL02-RJ";"UOP01-DEL02-RJ"
287395;2020-05-31;"domingo";"17:50:00";"TO";230;2;"AGUIARNOPOLIS";"Falta de Atenção à Condução";"Colisão transversal";"Com Vítimas Fatais";"Pleno dia";"Crescente";"Céu Claro";"Simples";"Interseção de Vias";"Sim";4;1;0;0;1;2;0;4;-6,55554;-47,477192;"SPRF-TO";"DEL02-TO";"UOP03-DEL02-TO"
287409;2020-05-31;"domingo";"17:55:00";"PR";369;158,1;"CAMBE";"Ingestão de álcool e/ou substâncias psicoativas pelo pedestre";"Colisão traseira";"Com Vítimas Feridas";"Pleno dia";"Decrescente";"Céu Claro";"Dupla";"Reta";"Sim";5;0;0;1;3;2;1;5;-23,285472;-51,235424;"SPRF-PR";"DEL07-PR";"UOP01-DEL07-PR"
287417;2020-05-31;"domingo";"18:30:00";"ES";101;230;"FUNDAO";"Falta de Atenção do Pedestre";"Atropelamento de Pedestre";"Com Vítimas Feridas";"Plena Noite";"Crescente";"Céu Claro";"Dupla";"Reta";"Sim";2;0;1;0;0;1;1;2;-19,93558165;-40,40603211;"SPRF-ES";"DEL02-ES";"UOP01-DEL02-ES"
287421;2020-05-31;"domingo";"18:40:00";"ES";101;429,8;"ITAPEMIRIM";"Desobediência às normas de trânsito pelo condutor";"Colisão lateral";"Com Vítimas Feridas";"Anoitecer";"Decrescente";"Céu Claro";"Simples";"Reta";"Não";3;0;1;0;1;1;1;3;-21,0256572;-41,15890984;"SPRF-ES";"DEL03-ES";"UOP02-DEL03-ES"
287423;2020-05-31;"domingo";"17:50:00";"RJ";116;313;"ITATIAIA";"Falta de Atenção do Pedestre";"Atropelamento de Pedestre";"Com Vítimas Fatais";"Anoitecer";"Decrescente";"Céu Claro";"Dupla";"Reta";"Não";3;1;0;0;1;1;0;2;-22,45998766;-44,46237202;"SPRF-RJ";"DEL07-RJ";"UOP02-DEL07-RJ"
287428;2020-05-31;"domingo";"13:25:00";"MG";116;554,5;"SANTA BARBARA DO LESTE";"Falta de Atenção à Condução";"Colisão frontal";"Com Vítimas Feridas";"Pleno dia";"Crescente";"Céu Claro";"Simples";"Curva";"Não";3;0;0;1;1;1;1;3;-20,00117809;-42,14034158;"SPRF-MG";"DEL06-MG";"UOP02-DEL06-MG"
287430;2020-05-31;"domingo";"19:25:00";"RS";285;298,2;"PASSO FUNDO";"Falta de Atenção do Pedestre";"Atropelamento de Pedestre";"Com Vítimas Fatais";"Plena Noite";"Decrescente";"Chuva";"Simples";"Reta";"Não";3;1;0;0;0;2;0;2;-28,236414;-52,423466;"SPRF-RS";"DEL08-RS";"UOP03-DEL08-RS"
287432;2020-05-31;"domingo";"12:15:00";"MT";70;701;"CACERES";"Defeito Mecânico no Veículo";"Tombamento";"Sem Vítimas";"Pleno dia";"Crescente";"Céu Claro";"Simples";"Curva";"Não";2;0;0;0;1;3;0;4;-16,2432299;-57,45123218;"SPRF-MT";"DEL03-MT";"UOP01-DEL03-MT"
287435;2020-05-31;"domingo";"19:30:00";"RS";285;539;"CAIBATE";"Ultrapassagem Indevida";"Colisão frontal";"Com Vítimas Fatais";"Plena Noite";"Crescente";"Nublado";"Simples";"Reta";"Não";3;2;0;0;1;0;0;2;-28,404362;-54,6824;"SPRF-RS";"DEL10-RS";"UOP01-DEL10-RS"
287437;2020-05-31;"domingo";"19:00:00";"BA";367;123,1;"ITAGIMIRIM";"Ingestão de Álcool";"Atropelamento de Pedestre";"Com Vítimas Fatais";"Plena Noite";"Decrescente";"Céu Claro";"Simples";"Reta";"Não";2;1;0;0;0;1;0;2;-16,08237444;-39,62656045;"SPRF-BA";"DEL09-BA";"UOP01-DEL09-BA"
287449;2020-05-31;"domingo";"20:40:00";"PR";277;36,5;"MORRETES";"Defeito Mecânico no Veículo";"Incêndio";"Sem Vítimas";"Plena Noite";"Decrescente";"Nublado";"Dupla";"Reta;Declive";"Não";2;0;0;0;1;1;0;2;-25,57138197;-48,8399148;"SPRF-PR";"DEL01-PR";"UOP05-DEL01-PR"
287451;2020-05-31;"domingo";"20:50:00";"PR";376;592,3;"CURITIBA";"Defeito Mecânico no Veículo";"Colisão lateral";"Com Vítimas Feridas";"Plena Noite";"Crescente";"Céu Claro";"Dupla";"Reta";"Não";7;0;1;0;5;1;1;3;-25,46833525;-49,35524543;"SPRF-PR";"DEL01-PR";"UOP06-DEL01-PR"
287452;2020-05-31;"domingo";"20:35:00";"ES";101;35,3;"CONCEICAO DA BARRA";"Velocidade Incompatível";"Colisão traseira";"Com Vítimas Feridas";"Plena Noite";"Decrescente";"Céu Claro";"Simples";"Reta";"Não";2;0;0;1;1;0;1;2;-18,45416994;-39,9307555;"SPRF-ES";"DEL04-ES";"UOP02-DEL04-ES"
287454;2020-05-31;"domingo";"21:00:00";"SP";116;45;"CANAS";"Falta de Atenção do Pedestre";"Atropelamento de Pedestre";"Com Vítimas Fatais";"Plena Noite";"Crescente";"Céu Claro";"Dupla";"Reta";"Não";4;1;2;0;0;1;2;3;-22,708024;-45,045268;"SPRF-SP";"DEL08-SP";"UOP01-DEL08-SP"
287455;2020-05-31;"domingo";"17:25:00";"GO";153;379;"SAO FRANCISCO DE GOIAS";"Avarias e/ou desgaste excessivo no pneu";"Tombamento";"Sem Vítimas";"Pleno dia";"Crescente";"Céu Claro";"Simples";"Aclive";"Não";2;0;0;0;1;1;0;2;-15,899754;-49,233356;"SPRF-GO";"DEL02-GO";"UOP02-DEL02-GO"
287457;2020-05-31;"domingo";"21:00:00";"BA";101;810;"ITAMARAJU";"Falta de Atenção à Condução";"Colisão frontal";"Com Vítimas Fatais";"Plena Noite";"Crescente";"Céu Claro";"Simples";"Reta";"Sim";3;1;0;0;1;2;0;4;-17,21027701;-39,60281991;"SPRF-BA";"DEL09-BA";"UOP01-DEL09-BA"
287465;2020-05-31;"domingo";"22:15:00";"PR";376;102,1;"PARANAVAI";"Desobediência às normas de trânsito pelo condutor";"Colisão frontal";"Com Vítimas Fatais";"Plena Noite";"Decrescente";"Nublado";"Dupla";"Curva";"Não";4;2;1;0;0;2;1;4;-23,04308895;-52,47207642;"SPRF-PR";"DEL09-PR";"UOP02-DEL09-PR"
287469;2020-05-31;"domingo";"20:10:00";"MG";116;164;"PADRE PARAISO";"Defeito Mecânico no Veículo";"Incêndio";"Sem Vítimas";"Plena Noite";"Decrescente";"Nublado";"Simples";"Curva";"Não";1;0;0;0;1;0;0;1;-16,966437;-41,45100303;"SPRF-MG";"DEL11-MG";"UOP02-DEL11-MG"
287476;2020-05-31;"domingo";"22:30:00";"MG";381;2;"BETIM";"Mal Súbito";"Tombamento";"Com Vítimas Feridas";"Plena Noite";"Decrescente";"Céu Claro";"Dupla";"Curva";"Não";2;0;1;0;0;1;1;2;-19,96825;-44,198708;"SPRF-MG";"DEL01-MG";"UOP03-DEL01-MG"
287497;2020-05-31;"domingo";"22:30:00";"RO";364;988;"PORTO VELHO";"Desobediência às normas de trânsito pelo condutor";"Saída de leito carroçável";"Com Vítimas Fatais";"Plena Noite";"Crescente";"Céu Claro";"Simples";"Reta";"Não";3;1;0;0;1;1;0;2;-9,68140135;-65,88669298;"SPRF-RO";"DEL01-RO";"UOP03-DEL01-RO"
287508;2020-06-01;"segunda-feira";"00:30:00";"GO";20;143,1;"ALVORADA DO NORTE";"Ingestão de álcool e/ou substâncias psicoativas pelo pedestre";"Atropelamento de Pedestre";"Com Vítimas Fatais";"Plena Noite";"Crescente";"Céu Claro";"Simples";"Reta";"Não";3;1;0;0;1;1;0;2;-14,755319;-46,663376;"SPRF-DF";"DEL02-DF";"UOP03-DEL02-DF"
287509;2020-05-31;"domingo";"22:15:00";"PR";277;610,9;"SANTA TEREZA DO OESTE";"Falta de Atenção à Condução";"Colisão transversal";"Com Vítimas Feridas";"Plena Noite";"Crescente";"Chuva";"Simples";"Reta;Rotatória";"Sim";5;0;3;0;1;1;3;3;-25,05111043;-53,62214392;"SPRF-PR";"DEL05-PR";"UOP02-DEL05-PR"
287516;2020-06-01;"segunda-feira";"04:50:00";"RS";290;86;"PORTO ALEGRE";"Desobediência às normas de trânsito pelo pedestre";"Atropelamento de Pedestre";"Com Vítimas Feridas";"Plena Noite";"Crescente";"Nublado";"Dupla";"Interseção de Vias";"Não";2;0;0;1;1;0;1;2;-29,96668865;-51,11745894;"SPRF-RS";"DEL01-RS";"UOP01-DEL01-RS"
287521;2020-06-01;"segunda-feira";"05:25:00";"SC";282;180,3;"BOCAINA DO SUL";"Animais na Pista";"Atropelamento de Animal";"Sem Vítimas";"Plena Noite";"Crescente";"Garoa/Chuvisco";"Simples";"Reta";"Sim";1;0;0;0;1;0;0;1;-27,742239;-49,939873;"SPRF-SC";"DEL05-SC";"UOP01-DEL05-SC"
287522;2020-05-31;"domingo";"20:00:00";"BA";20;171;"BARREIRAS";"Falta de Atenção à Condução";"Colisão traseira";"Sem Vítimas";"Plena Noite";"Crescente";"Céu Claro";"Simples";"Reta";"Não";3;0;0;0;1;3;0;4;-12,11249346;-44,98810356;"SPRF-BA";"DEL10-BA";"UOP01-DEL10-BA"
287528;2020-06-01;"segunda-feira";"06:26:00";"BA";324;549;"AMELIA RODRIGUES";"Falta de Atenção à Condução";"Saída de leito carroçável";"Com Vítimas Feridas";"Amanhecer";"Crescente";"Chuva";"Dupla";"Reta";"Não";3;0;2;0;0;3;2;4;-12,43255269;-38,7319107;"SPRF-BA";"DEL01-BA";"UOP01-DEL01-BA"
287529;2020-06-01;"segunda-feira";"06:40:00";"PR";369;44,9;"BANDEIRANTES";"Velocidade Incompatível";"Tombamento";"Com Vítimas Feridas";"Pleno dia";"Crescente";"Céu Claro";"Simples";"Curva";"Não";2;0;1;0;0;1;1;2;-23,08950084;-50,28809359;"SPRF-PR";"DEL07-PR";"UOP05-DEL07-PR"
287531;2020-06-01;"segunda-feira";"04:35:00";"RO";364;181,4;"PIMENTA BUENO";"Desobediência às normas de trânsito pelo condutor";"Saída de leito carroçável";"Com Vítimas Feridas";"Plena Noite";"Decrescente";"Nevoeiro/Neblina";"Simples";"Reta";"Não";2;0;1;0;0;3;1;4;-11,77036478;-61,07912472;"SPRF-RO";"DEL02-RO";"UOP02-DEL02-RO"
287536;2020-06-01;"segunda-feira";"07:10:00";"PE";232;7,8;"RECIFE";"Falta de Atenção à Condução";"Colisão traseira";"Com Vítimas Feridas";"Pleno dia";"Decrescente";"Céu Claro";"Dupla";"Reta";"Sim";3;0;1;0;1;1;1;3;-8,075673;-34,969182;"SPRF-PE";"DEL01-PE";"UOP01-DEL01-PE"
287537;2020-06-01;"segunda-feira";"07:00:00";"RS";470;287;"MONTENEGRO";"Desobediência às normas de trânsito pelo condutor";"Colisão transversal";"Com Vítimas Feridas";"Pleno dia";"Decrescente";"Céu Claro";"Simples";"Rotatória";"Não";3;0;1;0;1;1;1;3;-29,64978706;-51,45797809;"SPRF-RS";"DEL04-RS";"UOP02-DEL04-RS"
287538;2020-06-01;"segunda-feira";"06:30:00";"CE";20;262,1;"ITATIRA";"Falta de Atenção à Condução";"Colisão transversal";"Com Vítimas Feridas";"Pleno dia";"Crescente";"Chuva";"Simples";"Curva";"Não";2;0;1;0;1;0;1;2;-4,69774872;-39,45121436;"SPRF-CE";"DEL02-CE";"UOP01-DEL02-CE"
287546;2020-06-01;"segunda-feira";"07:30:00";"PR";277;193;"PALMEIRA";"Defeito Mecânico no Veículo";"Colisão frontal";"Com Vítimas Feridas";"Pleno dia";"Crescente";"Nublado";"Simples";"Reta";"Não";4;0;0;2;2;0;2;3;-25,43186952;-50,13991928;"SPRF-PR";"DEL03-PR";"UOP03-DEL03-PR"
287550;2020-06-01;"segunda-feira";"10:10:00";"BA";116;341,9;"TEOFILANDIA";"Falta de Atenção à Condução";"Saída de leito carroçável";"Com Vítimas Fatais";"Pleno dia";"Crescente";"Sol";"Simples";"Reta";"Não";5;2;0;1;1;1;1;3;-11,51115495;-38,9949056;"SPRF-BA";"DEL02-BA";"UOP01-DEL02-BA"
287555;2020-06-01;"segunda-feira";"09:15:00";"RO";364;337,8;"JI-PARANA";"Falta de Atenção à Condução";"Colisão transversal";"Com Vítimas Feridas";"Pleno dia";"Decrescente";"Céu Claro";"Simples";"Interseção de Vias;Reta";"Sim";2;0;1;0;1;0;1;2;-10,898802;-61,93046;"SPRF-RO";"DEL02-RO";"UOP01-DEL02-RO"
287559;2020-06-01;"segunda-feira";"09:45:00";"MG";50;73;"UBERLANDIA";"Falta de Atenção à Condução";"Saída de leito carroçável";"Sem Vítimas";"Pleno dia";"Decrescente";"Sol";"Dupla";"Reta";"Não";2;0;0;0;1;1;0;2;-18,90222644;-48,23701859;"SPRF-MG";"DEL15-MG";"UOP01-DEL15-MG"
287563;2020-05-24;"domingo";"23:00:00";"BA";116;573;"NOVA ITARANA";"Desobediência às normas de trânsito pelo condutor";"Colisão frontal";"Com Vítimas Fatais";"Plena Noite";"Crescente";"Céu Claro";"Simples";"Reta";"Não";3;1;0;0;1;1;0;3;-13,065;-39,959;"SPRF-BA";"DEL03-BA";"UOP02-DEL03-BA"
287565;2020-06-01;"segunda-feira";"09:56:00";"RJ";116;222;"PIRAI";"Agressão Externa";"Colisão com objeto estático";"Sem Vítimas";"Pleno dia";"Decrescente";"Nublado";"Simples";"Curva";"Não";3;0;0;0;2;1;0;3;-22,6896952;-43,79175108;"SPRF-RJ";"DEL07-RJ";"UOP01-DEL07-RJ"
287567;2020-06-01;"segunda-feira";"12:30:00";"SC";280;99;"SAO BENTO DO SUL";"Falta de Atenção à Condução";"Colisão lateral";"Com Vítimas Feridas";"Pleno dia";"Crescente";"Nublado";"Simples";"Curva";"Não";3;0;0;1;2;0;1;2;-26,37531616;-49,32563746;"SPRF-SC";"DEL06-SC";"UOP03-DEL06-SC"
287580;2020-06-01;"segunda-feira";"14:42:00";"MG";146;547,1;"MUZAMBINHO";"Falta de Atenção à Condução";"Colisão lateral";"Com Vítimas Feridas";"Pleno dia";"Decrescente";"Céu Claro";"Simples";"Curva;Declive";"Não";3;0;2;0;1;0;2;2;-21,37714;-46,45245;"SPRF-MG";"DEL09-MG";"UOP01-DEL09-MG"
287591;2020-06-01;"segunda-feira";"15:15:00";"SP";116;210;"GUARULHOS";"Falta de Atenção à Condução";"Colisão lateral";"Com Vítimas Feridas";"Pleno dia";"Crescente";"Céu Claro";"Múltipla";"Reta";"Sim";4;0;1;0;3;0;1;2;-23,42870023;-46,41085991;"SPRF-SP";"DEL01-SP";"UOP01-DEL01-SP"
287593;2020-06-01;"segunda-feira";"12:30:00";"PR";277;229,8;"FERNANDES PINHEIRO";"Velocidade Incompatível";"Colisão frontal";"Com Vítimas Fatais";"Pleno dia";"Crescente";"Garoa/Chuvisco";"Simples";"Curva";"Não";10;2;0;3;5;0;3;6;-25,45811601;-50,45955299;"SPRF-PR";"DEL03-PR";"UOP03-DEL03-PR"
287594;2020-06-01;"segunda-feira";"15:30:00";"MT";70;377;"CAMPO VERDE";"Falta de Atenção à Condução";"Colisão frontal";"Com Vítimas Fatais";"Pleno dia";"Crescente";"Céu Claro";"Simples";"Reta";"Sim";4;1;0;0;2;1;0;4;-15,49768472;-55,09730092;"SPRF-MT";"DEL05-MT";"UOP02-DEL05-MT"
287595;2020-06-01;"segunda-feira";"15:15:00";"MG";365;408,4;"PATOS DE MINAS";"Falta de Atenção à Condução";"Colisão traseira";"Com Vítimas Feridas";"Pleno dia";"Decrescente";"Sol";"Múltipla";"Reta";"Não";2;0;0;1;1;0;1;2;-18,643;-46,497;"SPRF-MG";"DEL10-MG";"UOP01-DEL10-MG"
287598;2020-06-01;"segunda-feira";"10:30:00";"BA";116;736;"BOA NOVA";"Defeito Mecânico no Veículo";"Tombamento";"Sem Vítimas";"Pleno dia";"Decrescente";"Céu Claro";"Simples";"Curva";"Não";2;0;0;0;1;2;0;3;-14,32130297;-40,32617043;"SPRF-BA";"DEL08-BA";"UOP02-DEL08-BA"
287605;2020-05-26;"terça-feira";"09:22:00";"MS";262;141;"AGUA CLARA";"Falta de Atenção à Condução";"Colisão transversal";"Com Vítimas Feridas";"Pleno dia";"Crescente";"Céu Claro";"Simples";"Reta";"Não";4;0;1;1;1;3;2;5;-20,4459644;-52,85303901;"SPRF-MS";"DEL07-MS";"UOP02-DEL07-MS"
287607;2020-06-01;"segunda-feira";"17:00:00";"MG";381;483,9;"BETIM";"Falta de Atenção à Condução";"Colisão lateral";"Com Vítimas Feridas";"Pleno dia";"Crescente";"Céu Claro";"Dupla";"Reta";"Sim";4;0;3;0;1;0;3;3;-19,95594491;-44,10721699;"SPRF-MG";"DEL01-MG";"UOP03-DEL01-MG"
287609;2020-06-01;"segunda-feira";"17:00:00";"PR";369;202;"APUCARANA";"Desobediência às normas de trânsito pelo pedestre";"Colisão transversal";"Com Vítimas Feridas";"Anoitecer";"Decrescente";"Garoa/Chuvisco";"Dupla";"Declive";"Sim";2;0;1;0;1;0;1;2;-23,543486;-51,454748;"SPRF-PR";"DEL07-PR";"UOP03-DEL07-PR"
287619;2020-06-01;"segunda-feira";"18:00:00";"ES";262;180;"IRUPI";"Falta de Atenção à Condução";"Tombamento";"Com Vítimas Feridas";"Anoitecer";"Crescente";"Céu Claro";"Simples";"Reta";"Não";1;0;1;0;0;0;1;1;-20,29210047;-41,66992112;"SPRF-ES";"DEL01-ES";"UOP02-DEL01-ES"
287620;2020-06-01;"segunda-feira";"16:40:00";"PR";163;277;"QUATRO PONTES";"Falta de Atenção do Pedestre";"Atropelamento de Pedestre";"Com Vítimas Fatais";"Pleno dia";"Decrescente";"Nevoeiro/Neblina";"Simples";"Reta";"Não";2;1;0;0;1;0;0;2;-24,60653919;-53,97359506;"SPRF-PR";"DEL06-PR";"UOP02-DEL06-PR"
287621;2020-06-01;"segunda-feira";"18:30:00";"PE";232;30;"MORENO";"Falta de Atenção do Pedestre";"Atropelamento de Pedestre";"Com Vítimas Fatais";"Plena Noite";"Decrescente";"Céu Claro";"Dupla";"Reta";"Não";2;1;0;0;1;0;0;2;-8,11063325;-35,15197001;"SPRF-PE";"DEL02-PE";"UOP02-DEL02PE"
287624;2020-06-01;"segunda-feira";"15:00:00";"ES";101;17,9;"PEDRO CANARIO";"Defeito Mecânico no Veículo";"Colisão com objeto estático";"Sem Vítimas";"Pleno dia";"Decrescente";"Céu Claro";"Simples";"Ponte";"Não";2;0;0;0;1;1;0;2;-18,31055;-39,95516;"SPRF-ES";"DEL04-ES";"UOP02-DEL04-ES"
287634;2020-06-01;"segunda-feira";"18:45:00";"SP";116;527;"BARRA DO TURVO";"Falta de Atenção do Pedestre";"Atropelamento de Pedestre";"Com Vítimas Fatais";"Plena Noite";"Decrescente";"Chuva";"Dupla";"Reta";"Não";4;1;0;0;1;2;0;3;-24,93316099;-48,283076;"SPRF-SP";"DEL05-SP";"UOP02-DEL05-SP"
287635;2020-06-01;"segunda-feira";"19:00:00";"MG";40;679,5;"RESSAQUINHA";"Falta de Atenção à Condução";"Tombamento";"Com Vítimas Feridas";"Plena Noite";"Decrescente";"Céu Claro";"Simples";"Reta";"Não";15;0;11;2;1;1;13;3;-21,04198014;-43,76181018;"SPRF-MG";"DEL05-MG";"UOP02-DEL05-MG"
287638;2020-06-01;"segunda-feira";"12:50:00";"BA";242;351;"LENCOIS";"Defeito Mecânico no Veículo";"Tombamento";"Com Vítimas Feridas";"Pleno dia";"Decrescente";"Sol";"Simples";"Curva";"Não";3;0;1;0;1;1;1;2;-12,49243908;-41,3280788;"SPRF-BA";"DEL06-BA";"UOP01-DEL06-BA"
287644;2020-06-01;"segunda-feira";"18:45:00";"SP";116;336,2;"JUQUITIBA";"Falta de Atenção do Pedestre";"Atropelamento de Pedestre";"Com Vítimas Feridas";"Plena Noite";"Crescente";"Nublado";"Dupla";"Curva";"Não";2;0;0;1;1;0;1;2;-23,975182;-47,140694;"SPRF-SP";"DEL04-SP";"UOP01-DEL04-SP"
287647;2020-05-29;"sexta-feira";"07:00:00";"GO";153;438;"ANAPOLIS";"Ingestão de Álcool";"Colisão lateral";"Sem Vítimas";"Pleno dia";"Decrescente";"Sol";"Dupla";"Curva";"Sim";2;0;0;0;2;0;0;2;-16,291595;-48,934811;"SPRF-GO";"DEL02-GO";"UOP01-DEL02-GO"