"id";"data_inversa";"dia_semana";"horario";"uf";"br";"km";"municipio";"causa_acidente";"tipo_acidente";"classificacao_acidente";"fase_dia";"sentido_via";"condicao_metereologica";"tipo_pista";"tracado_via";"uso_solo";"pessoas";"mortos";"feridos_leves";"feridos_graves";"ilesos";"ignorados";"feridos";"veiculos";"latitude";"longitude";"regional";"delegacia";"uop"
287657;2020-06-01;"segunda-feira";"19:00:00";"RS";386;247;"SOLEDADE";"Desobediência às normas de trânsito pelo condutor";"Colisão transversal";"Sem Vítimas";"Plena Noite";"Decrescente";"Céu Claro";"Simples";"Reta";"Sim";2;0;0;0;1;1;0;2;-28,813179;-52,493595;"SPRF-RS";"DEL04-RS";"UOP03-DEL04-RS"
287659;2020-06-01;"segunda-feira";"21:50:00";"ES";101;264;"SERRA";"Velocidade Incompatível";"Colisão lateral";"Com Vítimas Feridas";"Plena Noite";"Decrescente";"Céu Claro";"Múltipla";"Reta";"Não";2;0;0;1;0;1;1;2;-20,17645615;-40,26595289;"SPRF-ES";"DEL02-ES";"UOP01-DEL02-ES"
287665;2020-06-01;"segunda-feira";"22:00:00";"RJ";101;303;"SAO GONCALO";"Desobediência às normas de trânsito pelo condutor";"Colisão frontal";"Com Vítimas Feridas";"Plena Noite";"Decrescente";"Céu Claro";"Simples";"Aclive;Curva;Retorno Regulamentado";"Não";3;0;1;0;2;0;1;2;-22,7828205;-42,9766681;"SPRF-RJ";"DEL02-RJ";"UOP02-DEL02-RJ"
287670;2020-06-02;"terça-feira";"00:10:00";"SP";116;564;"BARRA DO TURVO";"Pista Escorregadia";"Tombamento";"Sem Vítimas";"Plena Noite";"Crescente";"Chuva";"Simples";"Curva";"Não";2;0;0;0;1;1;0;2;-25,03458919;-48,53543877;"SPRF-SP";"DEL05-SP";"UOP02-DEL05-SP"
287671;2020-06-01;"segunda-feira";"21:45:00";"MT";70;370;"CAMPO VERDE";"Condutor Dormindo";"Tombamento";"Com Vítimas Feridas";"Plena Noite";"Crescente";"Céu Claro";"Simples";"Curva";"Não";3;0;1;0;0;3;1;4;-15,47094199;-55,0006485;"SPRF-MT";"DEL05-MT";"UOP02-DEL05-MT"
287672;2020-06-02;"terça-feira";"01:00:00";"PI";230;254;"SAO FRANCISCO DO PIAUI";"Defeito na Via";"Tombamento";"Com Vítimas Feridas";"Plena Noite";"Decrescente";"Céu Claro";"Simples";"Reta";"Não";3;0;1;0;1;2;1;3;-6,99276149;-42,57903292;"SPRF-PI";"DEL03-PI";"UOP01-DEL03-PI"
287677;2020-06-02;"terça-feira";"03:45:00";"MG";153;40,8;"CANAPOLIS";"Falta de Atenção à Condução";"Saída de leito carroçável";"Sem Vítimas";"Plena Noite";"Crescente";"Céu Claro";"Dupla";"Reta";"Não";2;0;0;0;1;2;0;3;-18,74414433;-49,09229425;"SPRF-MG";"DEL15-MG";"UOP03-DEL15-MG"
287681;2020-06-02;"terça-feira";"06:30:00";"PR";277;345,5;"GUARAPUAVA";"Falta de Atenção à Condução";"Colisão transversal";"Com Vítimas Feridas";"Amanhecer";"Crescente";"Céu Claro";"Simples";"Interseção de Vias;Curva";"Sim";5;0;3;0;1;3;3;5;-25,33928412;-51,42880296;"SPRF-PR";"DEL08-PR";"UOP01-DEL08-PR"
287689;2020-06-02;"terça-feira";"07:30:00";"MG";381;859,9;"POUSO ALEGRE";"Falta de Atenção à Condução";"Colisão traseira";"Com Vítimas Feridas";"Pleno dia";"Crescente";"Céu Claro";"Dupla";"Reta";"Não";2;0;1;0;1;0;1;2;-22,35094091;-45,92749223;"SPRF-MG";"DEL16-MG";"UOP01-DEL16-MG"
287692;2020-06-02;"terça-feira";"08:00:00";"MG";365;626;"UBERLANDIA";"Desobediência às normas de trânsito pelo condutor";"Queda de ocupante de veículo";"Com Vítimas Feridas";"Pleno dia";"Crescente";"Céu Claro";"Dupla";"Reta";"Sim";2;0;0;1;1;0;1;2;-18,90659356;-48,33469405;"SPRF-MG";"DEL15-MG";"UOP01-DEL15-MG"
287693;2020-06-02;"terça-feira";"03:00:00";"SP";381;86;"SAO PAULO";"Falta de Atenção do Pedestre";"Atropelamento de Pedestre";"Com Vítimas Feridas";"Plena Noite";"Decrescente";"Céu Claro";"Dupla";"Reta";"Não";2;0;1;0;1;0;1;2;-23,45930499;-46,57161179;"SPRF-SP";"DEL03-SP";"UOP01-DEL03-SP"
287699;2020-06-02;"terça-feira";"07:40:00";"MG";381;405,6;"BOM JESUS DO AMPARO";"Defeito Mecânico no Veículo";"Saída de leito carroçável";"Com Vítimas Feridas";"Pleno dia";"Decrescente";"Chuva";"Simples";"Curva;Declive;Em Obras";"Não";1;0;0;1;0;0;1;1;-19,74358347;-43,55101725;"SPRF-MG";"DEL01-MG";"UOP01-DEL01-MG"
287703;2020-06-02;"terça-feira";"08:20:00";"PR";158;535,8;"PATO BRANCO";"Desobediência às normas de trânsito pelo condutor";"Colisão com objeto estático";"Com Vítimas Feridas";"Pleno dia";"Decrescente";"Céu Claro";"Simples";"Declive";"Sim";2;0;1;0;1;0;1;2;-26,23547098;-52,69066504;"SPRF-PR";"DEL02-PR";"UOP01-DEL02-PR"
287704;2020-06-02;"terça-feira";"08:50:00";"SC";101;290,7;"IMBITUBA";"Desobediência às normas de trânsito pelo condutor";"Colisão lateral";"Com Vítimas Feridas";"Pleno dia";"Decrescente";"Céu Claro";"Dupla";"Curva";"Sim";3;0;1;1;1;0;2;2;-28,287406;-48,705507;"SPRF-SC";"DEL02-SC";"UOP03-DEL02-SC"
287705;2020-06-02;"terça-feira";"09:00:00";"SP";116;511;"CAJATI";"Pista Escorregadia";"Colisão com objeto estático";"Sem Vítimas";"Pleno dia";"Decrescente";"Chuva";"Simples";"Curva";"Não";2;0;0;0;1;2;0;3;-24,83558399;-48,2223738;"SPRF-SP";"DEL05-SP";"UOP02-DEL05-SP"
287706;2020-06-01;"segunda-feira";"23:00:00";"SE";101;29;"MURIBECA";"Defeito Mecânico no Veículo";"Colisão com objeto estático";"Sem Vítimas";"Plena Noite";"Crescente";"Céu Claro";"Simples";"Em Obras";"Não";1;0;0;0;1;0;0;1;-10,43690011;-36,93373559;"SPRF-SE";"DEL02-SE";"UOP02-DEL02-SE"
287707;2020-06-02;"terça-feira";"07:55:00";"RS";158;316,6;"ITAARA";"Falta de Atenção à Condução";"Colisão lateral";"Com Vítimas Feridas";"Pleno dia";"Crescente";"Céu Claro";"Simples";"Curva";"Não";3;0;1;0;1;2;1;4;-29,65557484;-53,77378464;"SPRF-RS";"DEL09-RS";"UOP01-DEL09-RS"
287711;2020-06-02;"terça-feira";"09:30:00";"CE";116;3;"FORTALEZA";"Falta de Atenção à Condução";"Colisão traseira";"Com Vítimas Feridas";"Pleno dia";"Decrescente";"Céu Claro";"Dupla";"Reta";"Sim";2;0;1;0;1;0;1;2;-3,77866493;-38,51490171;"SPRF-CE";"DEL01-CE";"UOP02-DEL01-CE"
287713;2020-06-02;"terça-feira";"09:42:00";"PR";376;425,1;"TIBAGI";"Velocidade Incompatível";"Colisão frontal";"Com Vítimas Fatais";"Pleno dia";"Crescente";"Chuva";"Simples";"Curva";"Não";5;1;0;0;2;5;0;8;-24,7046086;-50,5571891;"SPRF-PR";"DEL03-PR";"UOP02-DEL03-PR"
287716;2020-06-02;"terça-feira";"06:30:00";"SP";381;87;"SAO PAULO";"Ingestão de Álcool";"Colisão com objeto estático";"Sem Vítimas";"Amanhecer";"Decrescente";"Nublado";"Múltipla";"Reta";"Sim";3;0;0;0;2;1;0;3;-23,46885001;-46,56996601;"SPRF-SP";"DEL03-SP";"UOP01-DEL03-SP"
287719;2020-06-02;"terça-feira";"06:50:00";"MG";116;263,1;"TEOFILO OTONI";"Carga excessiva e/ou mal acondicionada";"Derramamento de carga";"Sem Vítimas";"Pleno dia";"Decrescente";"Céu Claro";"Simples";"Declive;Curva";"Não";2;0;0;0;1;1;0;2;-17,74760002;-41,49813083;"SPRF-MG";"DEL11-MG";"UOP01-DEL11-MG"
287725;2020-06-02;"terça-feira";"10:15:00";"RS";290;1;"URUGUAIANA";"Carga excessiva e/ou mal acondicionada";"Derramamento de carga";"Sem Vítimas";"Pleno dia";"Crescente";"Céu Claro";"Simples";"Curva";"Sim";2;0;0;0;1;1;0;2;-29,77180499;-57,05206096;"SPRF-RS";"DEL13-RS";"UOP01-DEL13-RS"
287727;2020-06-02;"terça-feira";"10:00:00";"RS";158;253;"JULIO DE CASTILHOS";"Ultrapassagem Indevida";"Colisão lateral";"Com Vítimas Feridas";"Pleno dia";"Crescente";"Céu Claro";"Simples";"Reta";"Não";4;0;2;0;1;1;2;3;-29,144217;-53,652;"SPRF-RS";"DEL10-RS";"UOP02-DEL10-RS"
287729;2020-06-02;"terça-feira";"10:50:00";"PA";10;15;"DOM ELISEU";"Desobediência às normas de trânsito pelo condutor";"Colisão transversal";"Com Vítimas Feridas";"Pleno dia";"Decrescente";"Sol";"Simples";"Curva";"Sim";3;0;0;1;1;1;1;3;-4,3193663;-47,55226135;"SPRF-PA";"DEL02-PA";"UOP02-DEL02-PA"
287730;2020-06-02;"terça-feira";"10:05:00";"TO";153;348;"FORTALEZA DO TABOCAO";"Ultrapassagem Indevida";"Saída de leito carroçável";"Sem Vítimas";"Pleno dia";"Crescente";"Sol";"Simples";"Reta";"Não";3;0;0;0;2;1;0;3;-8,96081688;-48,49703365;"SPRF-TO";"DEL02-TO";"UOP02-DEL02-TO"
287732;2020-06-02;"terça-feira";"11:00:00";"BA";101;717,3;"EUNAPOLIS";"Falta de Atenção à Condução";"Colisão lateral";"Com Vítimas Feridas";"Pleno dia";"Crescente";"Nublado";"Simples";"Interseção de Vias";"Sim";2;0;1;0;1;0;1;2;-16,36636543;-39,58249569;"SPRF-BA";"DEL09-BA";"UOP01-DEL09-BA"
287733;2020-06-02;"terça-feira";"10:50:00";"GO";20;55;"FORMOSA";"Falta de Atenção à Condução";"Colisão frontal";"Com Vítimas Fatais";"Pleno dia";"Decrescente";"Céu Claro";"Dupla";"Reta";"Não";3;1;0;0;1;2;0;4;-15,29213327;-47,15332031;"SPRF-DF";"DEL02-DF";"UOP01-DEL02-DF"
287738;2020-06-02;"terça-feira";"07:35:00";"MG";262;8,3;"MARTINS SOARES";"Restrição de Visibilidade";"Engavetamento";"Com Vítimas Feridas";"Pleno dia";"Crescente";"Nevoeiro/Neblina";"Simples";"Reta";"Não";5;0;2;0;3;0;2;4;-20,25369605;-41,82611703;"SPRF-MG";"DEL06-MG";"UOP03-DEL06-MG"
287740;2020-06-02;"terça-feira";"11:30:00";"SC";470;139,6;"RIO DO SUL";"Desobediência às normas de trânsito pelo condutor";"Colisão transversal";"Com Vítimas Feridas";"Pleno dia";"Crescente";"Céu Claro";"Simples";"Interseção de Vias";"Sim";2;0;1;0;1;0;1;2;-27,217564;-49,65461;"SPRF-SC";"DEL04-SC";"UOP02-DEL04-SC"
287742;2020-05-29;"sexta-feira";"09:40:00";"PR";153;39;"SANTO ANTONIO DA PLATINA";"Defeito Mecânico no Veículo";"Colisão traseira";"Sem Vítimas";"Pleno dia";"Crescente";"Céu Claro";"Simples";"Reta";"Não";3;0;0;0;2;2;0;4;-23,284468;-50,05687;"SPRF-PR";"DEL07-PR";"UOP04-DEL07-PR"
287744;2020-06-02;"terça-feira";"13:08:00";"PB";104;93;"ESPERANCA";"Falta de Atenção à Condução";"Colisão traseira";"Sem Vítimas";"Pleno dia";"Decrescente";"Nublado";"Simples";"Reta;Declive";"Não";2;0;0;0;1;1;0;2;-6,99505412;-35,83569282;"SPRF-PB";"DEL02-PB";"UOP04-DEL02-PB"
287748;2020-06-02;"terça-feira";"13:00:00";"SC";101;49;"JOINVILLE";"Defeito Mecânico no Veículo";"Colisão com objeto estático";"Com Vítimas Feridas";"Pleno dia";"Crescente";"Garoa/Chuvisco";"Dupla";"Curva";"Não";4;0;1;0;2;1;1;4;-26,36479799;-48,85878798;"SPRF-SC";"DEL03-SC";"UOP01-DEL03-SC"
287750;2020-06-02;"terça-feira";"13:10:00";"MG";251;504,3;"FRANCISCO SA";"Falta de Atenção à Condução";"Colisão lateral";"Com Vítimas Feridas";"Pleno dia";"Decrescente";"Céu Claro";"Simples";"Reta";"Não";4;0;2;1;1;0;3;2;-16,61695707;-43,67246999;"SPRF-MG";"DEL12-MG";"UOP01-DEL12-MG"
287751;2020-06-02;"terça-feira";"13:00:00";"GO";60;101,8;"ANAPOLIS";"Falta de Atenção à Condução";"Colisão traseira";"Com Vítimas Feridas";"Pleno dia";"Decrescente";"Sol";"Dupla";"Reta";"Sim";3;0;1;0;2;0;1;3;-16,4022;-48,9745;"SPRF-GO";"DEL02-GO";"UOP01-DEL02-GO"
287754;2020-06-02;"terça-feira";"13:50:00";"PR";277;2,5;"PARANAGUA";"Desobediência às normas de trânsito pelo condutor";"Colisão com objeto estático";"Sem Vítimas";"Pleno dia";"Decrescente";"Chuva";"Simples";"Reta";"Sim";2;0;0;0;1;2;0;3;-25,54120239;-48,55957031;"SPRF-PR";"DEL01-PR";"UOP05-DEL01-PR"
287757;2020-06-02;"terça-feira";"09:40:00";"MG";381;200;"PERIQUITO";"Falta de Atenção à Condução";"Colisão frontal";"Sem Vítimas";"Pleno dia";"Decrescente";"Céu Claro";"Simples";"Reta";"Não";2;0;0;0;2;0;0;2;-19,15224031;-42,23424959;"SPRF-MG";"DEL06-MG";"UOP01-DEL06-MG"
287758;2020-06-02;"terça-feira";"06:20:00";"MG";116;713;"MURIAE";"Velocidade Incompatível";"Colisão com objeto estático";"Sem Vítimas";"Amanhecer";"Decrescente";"Céu Claro";"Simples";"Curva";"Não";2;0;0;0;1;1;0;2;-21,18717826;-42,36675924;"SPRF-MG";"DEL07-MG";"UOP02-DEL07-MG"
287775;2020-06-02;"terça-feira";"14:45:00";"PR";369;178,8;"ARAPONGAS";"Não guardar distância de segurança";"Colisão traseira";"Sem Vítimas";"Pleno dia";"Crescente";"Chuva";"Múltipla";"Reta";"Sim";3;0;0;0;1;2;0;3;-23,36081602;-51,39929312;"SPRF-PR";"DEL07-PR";"UOP01-DEL07-PR"
287780;2020-06-02;"terça-feira";"09:30:00";"RJ";40;94;"DUQUE DE CAXIAS";"Defeito Mecânico no Veículo";"Saída de leito carroçável";"Com Vítimas Feridas";"Pleno dia";"Crescente";"Céu Claro";"Dupla";"Curva";"Não";1;0;1;0;0;0;1;1;-22,55763285;-43,26574352;"SPRF-RJ";"DEL01-RJ";"UOP01-DEL01-RJ"
287783;2020-06-02;"terça-feira";"15:30:00";"DF";20;0;"BRASILIA";"Defeito Mecânico no Veículo";"Engavetamento";"Com Vítimas Feridas";"Pleno dia";"Crescente";"Céu Claro";"Múltipla";"Aclive";"Sim";7;0;2;0;4;1;2;5;-15,688145;-47,858797;"SPRF-DF";"DEL02-DF";"UOP01-DEL02-DF"
287786;2020-06-02;"terça-feira";"16:00:00";"PR";476;23,9;"ADRIANOPOLIS";"Pista Escorregadia";"Colisão frontal";"Com Vítimas Feridas";"Plena Noite";"Crescente";"Chuva";"Simples";"Curva";"Não";3;0;1;0;1;2;1;4;-24,773741;-49,027309;"SPRF-PR";"DEL01-PR";"UOP07-DEL01-PR"
287792;2020-06-02;"terça-feira";"18:10:00";"RN";304;30;"MOSSORO";"Desobediência às normas de trânsito pelo condutor";"Colisão transversal";"Com Vítimas Feridas";"Pleno dia";"Crescente";"Céu Claro";"Simples";"Reta";"Não";3;0;0;1;1;1;1;3;-5,11703801;-37,34100094;"SPRF-RN";"DEL04-RN";"UOP02-DEL04-RN"
287793;2020-06-02;"terça-feira";"18:00:00";"RN";304;24,2;"MOSSORO";"Carga excessiva e/ou mal acondicionada";"Capotamento";"Sem Vítimas";"Plena Noite";"Decrescente";"Céu Claro";"Dupla";"Rotatória";"Não";1;0;0;0;1;0;0;1;-5,06667326;-37,33132743;"SPRF-RN";"DEL04-RN";"UOP02-DEL04-RN"
287796;2020-06-02;"terça-feira";"09:10:00";"SP";116;512,5;"CAJATI";"Pista Escorregadia";"Saída de leito carroçável";"Sem Vítimas";"Pleno dia";"Decrescente";"Garoa/Chuvisco";"Dupla";"Curva";"Não";2;0;0;0;1;1;0;2;-24,84304306;-48,22027915;"SPRF-SP";"DEL05-SP";"UOP02-DEL05-SP"
287799;2020-06-02;"terça-feira";"12:55:00";"SP";116;513;"CAJATI";"Fenômenos da Natureza";"Colisão com objeto estático";"Sem Vítimas";"Pleno dia";"Decrescente";"Chuva";"Dupla";"Curva";"Não";2;0;0;0;1;1;0;2;-24,85805;-48,211666;"SPRF-SP";"DEL05-SP";"UOP02-DEL05-SP"
287803;2020-06-02;"terça-feira";"18:40:00";"PR";277;347;"GUARAPUAVA";"Falta de Atenção do Pedestre";"Atropelamento de Pedestre";"Com Vítimas Feridas";"Plena Noite";"Crescente";"Céu Claro";"Simples";"Reta";"Sim";2;0;1;0;0;1;1;2;-25,33928412;-51,42880296;"SPRF-PR";"DEL08-PR";"UOP01-DEL08-PR"
287807;2020-06-02;"terça-feira";"18:00:00";"MG";40;610;"CONGONHAS";"Desobediência às normas de trânsito pelo condutor";"Colisão traseira";"Com Vítimas Feridas";"Plena Noite";"Crescente";"Céu Claro";"Simples";"Curva";"Sim";4;0;1;0;1;2;1;4;-20,5019758;-43,83840447;"SPRF-MG";"DEL05-MG";"UOP02-DEL05-MG"
287815;2020-06-02;"terça-feira";"18:30:00";"MG";40;522;"RIBEIRAO DAS NEVES";"Defeito Mecânico no Veículo";"Colisão com objeto em movimento";"Com Vítimas Feridas";"Anoitecer";"Crescente";"Céu Claro";"Dupla";"Reta";"Não";5;0;1;0;3;1;1;3;-19,8638731;-44,06749809;"SPRF-MG";"DEL01-MG";"UOP02-DEL01-MG"
287818;2020-06-02;"terça-feira";"12:35:00";"BA";407;126;"SENHOR DO BONFIM";"Falta de Atenção à Condução";"Colisão lateral";"Sem Vítimas";"Pleno dia";"Decrescente";"Sol";"Simples";"Rotatória";"Não";3;0;0;0;2;1;0;3;-10,4558193;-40,18119143;"SPRF-BA";"DEL04-BA";"UOP01-DEL04-BA"
287821;2020-06-02;"terça-feira";"19:30:00";"PR";376;630;"SAO JOSE DOS PINHAIS";"Falta de Atenção à Condução";"Colisão traseira";"Com Vítimas Feridas";"Plena Noite";"Decrescente";"Garoa/Chuvisco";"Dupla";"Reta";"Sim";3;0;1;0;1;1;1;3;-25,695757;-49,144882;"SPRF-PR";"DEL01-PR";"UOP04-DEL01-PR"
287823;2020-06-02;"terça-feira";"13:30:00";"MT";174;120,8;"MIRASSOL DOESTE";"Condutor Dormindo";"Saída de leito carroçável";"Com Vítimas Feridas";"Pleno dia";"Crescente";"Céu Claro";"Simples";"Reta";"Não";2;0;1;0;0;1;1;2;-15,82920216;-58,05165929;"SPRF-MT";"DEL03-MT";"UOP01-DEL03-MT"
287824;2020-06-02;"terça-feira";"19:45:00";"PR";116;113,3;"CURITIBA";"Desobediência às normas de trânsito pelo pedestre";"Atropelamento de Pedestre";"Com Vítimas Fatais";"Plena Noite";"Crescente";"Nublado";"Dupla";"Reta";"Não";3;1;0;0;1;1;0;3;-25,56513636;-49,24675108;"SPRF-PR";"DEL01-PR";"UOP06-DEL01-PR"
287831;2020-06-02;"terça-feira";"19:45:00";"SP";116;98,7;"PINDAMONHANGABA";"Mal Súbito";"Saída de leito carroçável";"Com Vítimas Feridas";"Plena Noite";"Decrescente";"Céu Claro";"Dupla";"Declive";"Sim";1;0;1;0;0;0;1;1;-22,97805164;-45,45583318;"SPRF-SP";"DEL06-SP";"UOP01-DEL06-SP"
287832;2020-02-22;"sábado";"12:05:00";"ES";101;101;"JAGUARE";"Ultrapassagem Indevida";"Colisão frontal";"Com Vítimas Fatais";"Pleno dia";"Crescente";"Céu Claro";"Simples";"Aclive";"Não";6;3;0;0;1;2;0;4;-18,98833904;-39,99933491;"SPRF-ES";"DEL04-ES";"UOP02-DEL04-ES"
287837;2020-06-02;"terça-feira";"20:10:00";"MS";262;722;"CORUMBA";"Falta de Atenção à Condução";"Colisão traseira";"Sem Vítimas";"Plena Noite";"Decrescente";"Chuva";"Simples";"Reta";"Não";3;0;0;0;1;2;0;2;-19,40698618;-57,47994314;"SPRF-MS";"DEL03-MS";"UOP03-DEL03-MS"
287838;2020-06-02;"terça-feira";"11:10:00";"BA";101;481;"ILHEUS";"Velocidade Incompatível";"Colisão transversal";"Com Vítimas Feridas";"Pleno dia";"Decrescente";"Garoa/Chuvisco";"Simples";"Curva";"Não";5;0;2;0;2;1;2;3;-14,64356402;-39,33689117;"SPRF-BA";"DEL05-BA";"UOP01-DEL05-BA"
287844;2020-06-02;"terça-feira";"18:15:00";"MG";381;250,6;"SANTANA DO PARAISO";"Desobediência às normas de trânsito pelo condutor";"Colisão transversal";"Com Vítimas Feridas";"Plena Noite";"Decrescente";"Céu Claro";"Simples";"Retorno Regulamentado";"Sim";3;0;0;1;2;0;1;3;-19,48378419;-42,55378491;"SPRF-MG";"DEL06-MG";"UOP01-DEL06-MG"
287846;2020-06-02;"terça-feira";"21:40:00";"BA";116;605;"IRAJUBA";"Defeito Mecânico no Veículo";"Incêndio";"Sem Vítimas";"Plena Noite";"Crescente";"Nublado";"Simples";"Reta";"Não";3;0;0;0;2;1;0;2;-13,286347;-40,020781;"SPRF-BA";"DEL03-BA";"UOP01-DEL03-BA"
287847;2020-06-02;"terça-feira";"22:10:00";"RJ";116;297,7;"RESENDE";"Falta de Atenção do Pedestre";"Atropelamento de Pedestre";"Com Vítimas Fatais";"Plena Noite";"Decrescente";"Céu Claro";"Dupla";"Reta";"Não";2;1;0;0;0;1;0;2;-22,450125;-44,330193;"SPRF-RJ";"DEL07-RJ";"UOP02-DEL07-RJ"
287849;2020-06-02;"terça-feira";"22:00:00";"SP";116;555;"BARRA DO TURVO";"Fenômenos da Natureza";"Colisão traseira";"Com Vítimas Feridas";"Plena Noite";"Crescente";"Chuva";"Dupla";"Declive";"Não";3;0;1;0;1;3;1;5;-24,97447301;-48,504597;"SPRF-SP";"DEL05-SP";"UOP02-DEL05-SP"
287852;2020-06-02;"terça-feira";"22:50:00";"MG";381;905,3;"CAMBUI";"Velocidade Incompatível";"Colisão traseira";"Com Vítimas Feridas";"Plena Noite";"Decrescente";"Chuva";"Dupla";"Declive";"Não";3;0;2;0;0;1;2;3;-22,69514484;-46,1125442;"SPRF-MG";"DEL16-MG";"UOP03-DEL16-MG"
287855;2020-06-02;"terça-feira";"13:30:00";"MT";158;629;"NOVA NAZARE";"Defeito na Via";"Tombamento";"Com Vítimas Feridas";"Pleno dia";"Crescente";"Sol";"Simples";"Reta";"Não";4;0;1;0;2;1;1;4;-14,52498911;-52,30291179;"SPRF-MT";"DEL07-MT";"UOP02-DEL07-MT"
287860;2020-06-02;"terça-feira";"23:30:00";"RO";319;62;"PORTO VELHO";"Desobediência às normas de trânsito pelo condutor";"Colisão transversal";"Com Vítimas Feridas";"Plena Noite";"Decrescente";"Céu Claro";"Dupla";"Interseção de Vias";"Sim";3;0;1;0;1;2;1;4;-8,766685;-63,884052;"SPRF-RO";"DEL01-RO";"UOP01-DEL01-RO"
287861;2020-06-02;"terça-feira";"21:00:00";"MT";163;817;"SINOP";"Falta de Atenção à Condução";"Colisão lateral";"Sem Vítimas";"Plena Noite";"Crescente";"Céu Claro";"Simples";"Reta";"Não";3;0;0;0;2;3;0;5;-12,02310386;-55,51723307;"SPRF-MT";"DEL06-MT";"UOP01-DEL06-MT"
287863;2020-06-02;"terça-feira";"23:03:00";"MG";381;906;"CAMBUI";"Velocidade Incompatível";"Colisão traseira";"Com Vítimas Feridas";"Plena Noite";"Decrescente";"Céu Claro";"Dupla";"Declive;Curva";"Não";3;0;0;1;1;1;1;3;-22,66629385;-46,09313965;"SPRF-MG";"DEL16-MG";"UOP03-DEL16-MG"
287864;2020-06-03;"quarta-feira";"01:00:00";"TO";230;112;"ARAGUATINS";"Avarias e/ou desgaste excessivo no pneu";"Atropelamento de Animal";"Com Vítimas Fatais";"Plena Noite";"Crescente";"Céu Claro";"Simples";"Reta";"Não";3;1;0;0;0;2;0;3;-5,89225922;-47,93835331;"SPRF-TO";"DEL02-TO";"UOP03-DEL02-TO"
287869;2020-06-02;"terça-feira";"15:00:00";"MA";230;89,9;"SAO JOAO DOS PATOS";"Defeito Mecânico no Veículo";"Saída de leito carroçável";"Sem Vítimas";"Pleno dia";"Decrescente";"Nublado";"Simples";"Curva;Declive";"Não";2;0;0;0;1;3;0;4;-6,50394242;-43,6760401;"SPRF-PI";"DEL03-PI";"UOP01-DEL03-PI"
287878;2020-06-03;"quarta-feira";"07:20:00";"BA";324;617;"SALVADOR";"Falta de Atenção à Condução";"Colisão lateral";"Com Vítimas Feridas";"Pleno dia";"Crescente";"Céu Claro";"Dupla";"Reta";"Não";4;0;2;0;2;0;2;3;-12,8860325;-38,43806469;"SPRF-BA";"DEL01-BA";"UOP01-DEL01-BA"
287880;2020-06-03;"quarta-feira";"08:05:00";"SC";101;204,7;"SAO JOSE";"Não guardar distância de segurança";"Engavetamento";"Com Vítimas Feridas";"Pleno dia";"Crescente";"Céu Claro";"Múltipla";"Reta";"Não";4;0;1;0;3;0;1;4;-27,57413014;-48,61363083;"SPRF-SC";"DEL01-SC";"UOP01-DEL01-SC"
287887;2020-06-03;"quarta-feira";"06:30:00";"PE";101;209;"XEXEU";"Condutor Dormindo";"Saída de leito carroçável";"Com Vítimas Feridas";"Pleno dia";"Crescente";"Céu Claro";"Dupla";"Reta";"Não";2;0;1;0;0;1;1;2;-8,834135;-35,643936;"SPRF-PE";"DEL01-PE";"UOP03-DEL01-PE"
287888;2020-06-03;"quarta-feira";"08:15:00";"PR";116;11;"COLOMBO";"Falta de Atenção à Condução";"Colisão traseira";"Com Vítimas Feridas";"Pleno dia";"Crescente";"Nublado";"Dupla";"Reta";"Sim";2;0;0;1;1;0;1;2;-25,3727;-49,1408;"SPRF-PR";"DEL01-PR";"UOP01-DEL01-PR"
287890;2020-06-03;"quarta-feira";"04:40:00";"BA";410;27;"TUCANO";"Defeito na Via";"Tombamento";"Sem Vítimas";"Plena Noite";"Decrescente";"Céu Claro";"Simples";"Aclive;Reta";"Não";2;0;0;0;1;2;0;3;-10,95142068;-38,73229015;"SPRF-BA";"DEL07-BA";"UOP02-DEL07-BA"
287895;2020-06-03;"quarta-feira";"08:30:00";"BA";116;813,3;"VITORIA DA CONQUISTA";"Falta de Atenção à Condução";"Colisão lateral";"Sem Vítimas";"Pleno dia";"Decrescente";"Nublado";"Simples";"Reta";"Sim";2;0;0;0;1;1;0;2;-14,764626;-40,70569;"SPRF-BA";"DEL08-BA";"UOP01-DEL08-BA"
287901;2020-06-03;"quarta-feira";"10:15:00";"PR";116;89,4;"PIRAQUARA";"Avarias e/ou desgaste excessivo no pneu";"Saída de leito carroçável";"Com Vítimas Fatais";"Pleno dia";"Decrescente";"Nublado";"Dupla";"Reta";"Não";3;1;1;0;0;1;1;2;-25,48744496;-49,11008835;"SPRF-PR";"DEL01-PR";"UOP01-DEL01-PR"
287902;2020-06-03;"quarta-feira";"09:40:00";"PE";101;23,8;"GOIANA";"Carga excessiva e/ou mal acondicionada";"Danos eventuais";"Sem Vítimas";"Pleno dia";"Decrescente";"Céu Claro";"Dupla";"Reta;Aclive";"Não";2;0;0;0;1;1;0;2;-7,68357776;-34,92410458;"SPRF-PE";"DEL01-PE";"UOP02-DEL01-PE"
287905;2020-06-03;"quarta-feira";"10:25:00";"SC";470;54,8;"BLUMENAU";"Não guardar distância de segurança";"Engavetamento";"Com Vítimas Feridas";"Pleno dia";"Decrescente";"Nublado";"Simples";"Rotatória";"Sim";4;0;1;0;2;1;1;4;-26,871065;-49,110374;"SPRF-SC";"DEL04-SC";"UOP01-DEL04-SC"