"id";"data_inversa";"dia_semana";"horario";"uf";"br";"km";"municipio";"causa_acidente";"tipo_acidente";"classificacao_acidente";"fase_dia";"sentido_via";"condicao_metereologica";"tipo_pista";"tracado_via";"uso_solo";"pessoas";"mortos";"feridos_leves";"feridos_graves";"ilesos";"ignorados";"feridos";"veiculos";"latitude";"longitude";"regional";"delegacia";"uop"
289276;2020-06-10;"quarta-feira";"15:10:00";"GO";50;98,8;"CRISTALINA";"Falta de Atenção à Condução";"Colisão frontal";"Com Vítimas Feridas";"Pleno dia";"Decrescente";"Céu Claro";"Simples";"Reta";"Sim";3;0;1;0;1;1;1;3;-16,9309;-47,7117;"SPRF-DF";"DEL01-DF";"UOP02-DEL01-DF"
289277;2020-06-10;"quarta-feira";"14:20:00";"BA";101;238;"SANTO ANTONIO DE JESUS";"Não guardar distância de segurança";"Engavetamento";"Com Vítimas Feridas";"Pleno dia";"Crescente";"Céu Claro";"Simples";"Reta";"Não";3;0;2;0;1;0;2;3;-12,88117996;-39,21999041;"SPRF-BA";"DEL01-BA";"UOP02-DEL01-BA"
289278;2020-06-10;"quarta-feira";"15:30:00";"BA";242;814;"BARREIRAS";"Falta de Atenção à Condução";"Colisão traseira";"Com Vítimas Fatais";"Pleno dia";"Decrescente";"Céu Claro";"Simples";"Reta";"Não";3;1;0;0;1;1;0;3;-12,115401;-45,172074;"SPRF-BA";"DEL10-BA";"UOP01-DEL10-BA"
289280;2020-06-10;"quarta-feira";"13:45:00";"ES";101;302,5;"VIANA";"Falta de Atenção à Condução";"Colisão lateral";"Com Vítimas Feridas";"Pleno dia";"Crescente";"Nublado";"Dupla";"Curva";"Sim";3;0;1;0;1;1;1;3;-20,36958283;-40,44384551;"SPRF-ES";"DEL01-ES";"UOP01-DEL01-ES"
289283;2020-06-10;"quarta-feira";"16:00:00";"SC";282;610;"MARAVILHA";"Carga excessiva e/ou mal acondicionada";"Tombamento";"Sem Vítimas";"Pleno dia";"Decrescente";"Chuva";"Simples";"Aclive";"Não";2;0;0;0;1;2;0;3;-26,756321;-53,230247;"SPRF-SC";"DEL07-SC";"UOP02-DEL07-SC"
289285;2020-06-10;"quarta-feira";"14:00:00";"ES";101;128,9;"LINHARES";"Velocidade Incompatível";"Colisão transversal";"Com Vítimas Feridas";"Pleno dia";"Crescente";"Sol";"Simples";"Interseção de Vias";"Sim";3;0;0;1;1;1;1;3;-19,21191395;-40,09457556;"SPRF-ES";"DEL04-ES";"UOP01-DEL04-ES"
289289;2020-06-10;"quarta-feira";"13:20:00";"BA";116;801,3;"VITORIA DA CONQUISTA";"Falta de Atenção à Condução";"Saída de leito carroçável";"Com Vítimas Feridas";"Pleno dia";"Crescente";"Céu Claro";"Simples";"Reta";"Não";2;0;1;0;0;1;1;2;-14,71363335;-40,60813782;"SPRF-BA";"DEL08-BA";"UOP01-DEL08-BA"
289290;2020-06-10;"quarta-feira";"14:00:00";"GO";50;234;"CATALAO";"Defeito Mecânico no Veículo";"Incêndio";"Sem Vítimas";"Pleno dia";"Decrescente";"Céu Claro";"Dupla";"Reta";"Não";2;0;0;0;1;1;0;2;-17,8361;-47,7727;"SPRF-GO";"DEL06-GO";"UOP01-DEL06-GO"
289302;2020-06-10;"quarta-feira";"17:15:00";"MG";50;70;"UBERLANDIA";"Falta de Atenção à Condução";"Colisão lateral";"Com Vítimas Feridas";"Pleno dia";"Decrescente";"Céu Claro";"Dupla";"Reta;Aclive";"Sim";3;0;1;0;1;1;1;3;-18,85140204;-48,25345932;"SPRF-MG";"DEL15-MG";"UOP01-DEL15-MG"
289305;2020-06-10;"quarta-feira";"17:55:00";"CE";20;426,5;"FORTALEZA";"Falta de Atenção à Condução";"Colisão lateral";"Com Vítimas Feridas";"Anoitecer";"Decrescente";"Céu Claro";"Dupla";"Reta";"Sim";4;0;1;0;2;1;1;4;-3,76999035;-38,67006282;"SPRF-CE";"DEL01-CE";"UOP02-DEL01-CE"
289310;2020-06-02;"terça-feira";"15:59:00";"MT";364;339,2;"SANTO ANTONIO DO LEVERGER";"Avarias e/ou desgaste excessivo no pneu";"Incêndio";"Sem Vítimas";"Pleno dia";"Crescente";"Nevoeiro/Neblina";"Dupla";"Declive";"Não";2;0;0;0;1;3;0;4;-15,8229677;-55,3456207;"SPRF-MT";"DEL05-MT";"UOP02-DEL05-MT"
289318;2020-06-10;"quarta-feira";"19:00:00";"SC";101;208,1;"SAO JOSE";"Ingestão de Substâncias Psicoativas";"Colisão lateral";"Sem Vítimas";"Plena Noite";"Decrescente";"Chuva";"Dupla";"Reta";"Sim";3;0;0;0;2;1;0;3;-27,60327979;-48,63201818;"SPRF-SC";"DEL01-SC";"UOP01-DEL01-SC"
289322;2020-06-10;"quarta-feira";"18:00:00";"RS";470;288,4;"MONTENEGRO";"Ingestão de Álcool";"Engavetamento";"Sem Vítimas";"Plena Noite";"Crescente";"Chuva";"Simples";"Reta";"Não";4;0;0;0;4;0;0;4;-29,66278131;-51,45320056;"SPRF-RS";"DEL04-RS";"UOP02-DEL04-RS"
289323;2020-06-10;"quarta-feira";"16:07:00";"SC";101;20,5;"JOINVILLE";"Falta de Atenção do Pedestre";"Atropelamento de Pedestre";"Com Vítimas Feridas";"Pleno dia";"Crescente";"Chuva";"Dupla";"Em Obras";"Não";2;0;1;0;1;0;1;2;-26,140675;-48,902995;"SPRF-SC";"DEL03-SC";"UOP01-DEL03-SC"
289324;2020-06-10;"quarta-feira";"19:30:00";"PR";277;2,7;"PARANAGUA";"Falta de Atenção do Pedestre";"Atropelamento de Pedestre";"Com Vítimas Fatais";"Plena Noite";"Crescente";"Garoa/Chuvisco";"Dupla";"Reta";"Sim";4;1;0;0;1;2;0;3;-25,5205;-48,5095;"SPRF-PR";"DEL01-PR";"UOP05-DEL01-PR"
289337;2020-06-10;"quarta-feira";"20:30:00";"PE";232;179,1;"BELO JARDIM";"Desobediência às normas de trânsito pelo condutor";"Colisão transversal";"Com Vítimas Feridas";"Plena Noite";"Decrescente";"Chuva";"Simples";"Reta";"Sim";3;0;1;1;1;0;2;2;-8,34353242;-36,4199731;"SPRF-PE";"DEL02-PE";"UOP03-DEL02-PE"
289338;2020-06-10;"quarta-feira";"19:35:00";"SC";101;334;"TUBARAO";"Não guardar distância de segurança";"Colisão traseira";"Com Vítimas Feridas";"Plena Noite";"Crescente";"Nublado";"Dupla";"Viaduto";"Sim";3;0;1;0;2;0;1;3;-28,46730446;-49,00604302;"SPRF-SC";"DEL02-SC";"UOP01-DEL02-SC"
289346;2020-06-10;"quarta-feira";"20:40:00";"PR";116;41;"CAMPINA GRANDE DO SUL";"Falta de Atenção à Condução";"Colisão lateral";"Sem Vítimas";"Plena Noite";"Crescente";"Chuva";"Dupla";"Curva";"Não";3;0;0;0;2;1;0;3;-25,17141299;-48,86758203;"SPRF-PR";"DEL01-PR";"UOP02-DEL01-PR"
289351;2020-06-10;"quarta-feira";"20:30:00";"SP";116;525;"BARRA DO TURVO";"Falta de Atenção à Condução";"Colisão lateral";"Com Vítimas Feridas";"Plena Noite";"Decrescente";"Garoa/Chuvisco";"Dupla";"Reta";"Não";3;0;1;0;1;1;1;3;-24,92563316;-48,26567292;"SPRF-SP";"DEL05-SP";"UOP02-DEL05-SP"
289369;2020-06-10;"quarta-feira";"22:03:00";"SP";116;162,3;"JACAREI";"Agressão Externa";"Colisão traseira";"Com Vítimas Feridas";"Plena Noite";"Decrescente";"Céu Claro";"Dupla";"Reta";"Sim";4;0;2;0;1;1;2;3;-23,28133317;-45,98394689;"SPRF-SP";"DEL02-SP";"UOP01-DEL02-SP"
289372;2020-06-10;"quarta-feira";"20:00:00";"TO";153;250,1;"COLINAS DO TOCANTINS";"Deficiência ou não Acionamento do Sistema de Iluminação/Sinalização do Veículo";"Colisão traseira";"Com Vítimas Fatais";"Plena Noite";"Crescente";"Céu Claro";"Simples";"Reta";"Não";3;1;0;0;1;1;0;2;-8,08000894;-48,46725183;"SPRF-TO";"DEL02-TO";"UOP02-DEL02-TO"
289376;2020-06-10;"quarta-feira";"14:20:00";"MT";70;216;"GENERAL CARNEIRO";"Falta de Atenção à Condução";"Saída de leito carroçável";"Com Vítimas Feridas";"Pleno dia";"Crescente";"Céu Claro";"Simples";"Reta";"Não";3;0;1;1;0;1;2;2;-15,69137942;-53,83986739;"SPRF-MT";"DEL05-MT";"UOP01-DEL05-MT"
289379;2020-06-10;"quarta-feira";"22:10:00";"MS";262;371;"TERENOS";"Defeito Mecânico no Veículo";"Colisão traseira";"Com Vítimas Feridas";"Plena Noite";"Decrescente";"Céu Claro";"Simples";"Reta";"Não";4;0;1;0;1;2;1;4;-20,48309924;-54,78814298;"SPRF-MS";"DEL01-MS";"UOP03-DEL01-MS"
289380;2020-06-10;"quarta-feira";"20:40:00";"MA";10;310;"ACAILANDIA";"Falta de Atenção à Condução";"Colisão traseira";"Sem Vítimas";"Plena Noite";"Crescente";"Céu Claro";"Simples";"Reta";"Não";4;0;0;0;3;1;0;3;-5,026569;-47,547836;"SPRF-MA";"DEL04-MA";"UOP03-DEL04-MA"
289386;2020-06-10;"quarta-feira";"23:35:00";"SC";282;95,1;"ALFREDO WAGNER";"Velocidade Incompatível";"Colisão frontal";"Com Vítimas Feridas";"Plena Noite";"Crescente";"Chuva";"Simples";"Curva";"Não";2;0;0;1;1;0;1;2;-27,71188;-49,255035;"SPRF-SC";"DEL01-SC";"UOP03-DEL01-SC"
289389;2020-06-11;"quinta-feira";"04:00:00";"SP";381;10;"VARGEM";"Condutor Dormindo";"Colisão traseira";"Com Vítimas Feridas";"Amanhecer";"Decrescente";"Céu Claro";"Múltipla";"Reta";"Não";3;0;1;0;2;0;1;2;-22,92240388;-46,44345503;"SPRF-SP";"DEL03-SP";"UOP01-DEL03-SP"
289391;2020-06-11;"quinta-feira";"05:10:00";"MG";381;767;"CAMPANHA";"Falta de Atenção à Condução";"Saída de leito carroçável";"Com Vítimas Feridas";"Amanhecer";"Crescente";"Nevoeiro/Neblina";"Dupla";"Curva";"Não";4;0;3;0;0;1;3;2;-21,76799733;-45,42028285;"SPRF-MG";"DEL16-MG";"UOP02-DEL16-MG"
289392;2020-06-11;"quinta-feira";"04:15:00";"PE";232;49,5;"POMBOS";"Desobediência às normas de trânsito pelo condutor";"Colisão transversal";"Sem Vítimas";"Amanhecer";"Crescente";"Nublado";"Dupla";"Reta";"Não";3;0;0;0;1;3;0;4;-8,143676;-35,314419;"SPRF-PE";"DEL02-PE";"UOP02-DEL02PE"
289393;2020-06-11;"quinta-feira";"04:55:00";"GO";153;647;"MORRINHOS";"Falta de Atenção à Condução";"Colisão traseira";"Com Vítimas Feridas";"Plena Noite";"Crescente";"Céu Claro";"Dupla";"Retorno Regulamentado";"Não";3;0;1;0;1;2;1;4;-17,9406;-49,2466;"SPRF-GO";"DEL03-GO";"UOP01-DEL03-GO"
289395;2020-06-11;"quinta-feira";"06:00:00";"TO";153;332,7;"GUARAI";"Ingestão de Álcool";"Colisão lateral";"Com Vítimas Feridas";"Pleno dia";"Crescente";"Céu Claro";"Múltipla";"Aclive";"Sim";3;0;1;0;1;1;1;3;-8,81739;-48,512207;"SPRF-TO";"DEL02-TO";"UOP02-DEL02-TO"
289398;2020-06-11;"quinta-feira";"04:40:00";"PE";428;122,9;"SANTA MARIA DA BOA VISTA";"Animais na Pista";"Atropelamento de Animal";"Com Vítimas Feridas";"Amanhecer";"Decrescente";"Céu Claro";"Simples";"Reta";"Não";2;0;1;0;1;0;1;2;-8,93294831;-40,12337189;"SPRF-PE";"DEL06-PE";"UOP03-DEL06-PE"
289402;2020-06-11;"quinta-feira";"06:00:00";"CE";116;462;"BARRO";"Avarias e/ou desgaste excessivo no pneu";"Colisão transversal";"Sem Vítimas";"Pleno dia";"Decrescente";"Céu Claro";"Simples";"Reta";"Não";2;0;0;0;2;0;0;2;-7,20236061;-38,81289126;"SPRF-CE";"DEL05-CE";"UOP03-DEL05-CE"
289403;2020-06-11;"quinta-feira";"06:30:00";"BA";116;421,3;"FEIRA DE SANTANA";"Falta de Atenção à Condução";"Atropelamento de Pedestre";"Com Vítimas Feridas";"Pleno dia";"Decrescente";"Nevoeiro/Neblina";"Dupla";"Reta";"Sim";2;0;1;0;0;1;1;2;-12,211936;-38,96567;"SPRF-BA";"DEL02-BA";"UOP01-DEL02-BA"
289408;2020-06-11;"quinta-feira";"07:55:00";"PE";101;37;"IGARASSU";"Desobediência às normas de trânsito pelo condutor";"Saída de leito carroçável";"Sem Vítimas";"Pleno dia";"Decrescente";"Céu Claro";"Dupla";"Curva";"Sim";3;0;0;0;1;2;0;3;-7,79726705;-34,9274932;"SPRF-PE";"DEL01-PE";"UOP02-DEL01-PE"
289409;2020-06-11;"quinta-feira";"05:40:00";"PB";101;69;"SANTA RITA";"Condutor Dormindo";"Saída de leito carroçável";"Sem Vítimas";"Amanhecer";"Crescente";"Garoa/Chuvisco";"Dupla";"Reta";"Não";2;0;0;0;1;1;0;2;-7,06071589;-35,01964495;"SPRF-PB";"DEL01-PB";"UOP04-DEL01-PB"
289413;2020-06-11;"quinta-feira";"08:50:00";"PR";476;133;"CURITIBA";"Não guardar distância de segurança";"Colisão lateral";"Sem Vítimas";"Pleno dia";"Decrescente";"Garoa/Chuvisco";"Múltipla";"Reta";"Sim";3;0;0;0;3;0;0;3;-25,469219;-49,254143;"SPRF-PR";"DEL01-PR";"UOP03-DEL01-PR"
289414;2020-06-11;"quinta-feira";"04:45:00";"MT";70;524;"VARZEA GRANDE";"Falta de Atenção à Condução";"Colisão transversal";"Com Vítimas Feridas";"Plena Noite";"Crescente";"Céu Claro";"Simples";"Rotatória";"Sim";2;0;0;1;0;1;1;2;-15,64967757;-56,19591594;"SPRF-MT";"DEL01-MT";"UOP02-DEL01-MT"
289415;2020-06-11;"quinta-feira";"08:30:00";"PR";376;488;"PONTA GROSSA";"Falta de Atenção à Condução";"Colisão lateral";"Sem Vítimas";"Pleno dia";"Decrescente";"Sol";"Dupla";"Aclive;Reta";"Sim";3;0;0;0;2;2;0;4;-25,13510082;-50,16497282;"SPRF-PR";"DEL03-PR";"UOP04-DEL03-PR"
289417;2020-06-11;"quinta-feira";"08:30:00";"PR";277;44,5;"MORRETES";"Falta de Atenção à Condução";"Tombamento";"Com Vítimas Feridas";"Pleno dia";"Decrescente";"Garoa/Chuvisco";"Dupla";"Curva";"Não";2;0;1;0;0;1;1;2;-25,57846682;-48,86174512;"SPRF-PR";"DEL01-PR";"UOP07-DEL01-PR"
289419;2020-06-11;"quinta-feira";"06:25:00";"RO";364;331;"JI-PARANA";"Carga excessiva e/ou mal acondicionada";"Tombamento";"Com Vítimas Feridas";"Amanhecer";"Crescente";"Céu Claro";"Dupla";"Reta";"Não";1;0;1;0;0;0;1;1;-10,977757;-61,917295;"SPRF-RO";"DEL02-RO";"UOP01-DEL02-RO"
289420;2020-06-11;"quinta-feira";"10:00:00";"TO";153;502;"PARAISO DO TOCANTINS";"Desobediência às normas de trânsito pelo condutor";"Colisão traseira";"Com Vítimas Feridas";"Pleno dia";"Crescente";"Céu Claro";"Simples";"Reta";"Não";4;0;2;0;1;1;2;3;-10,21850698;-48,87509017;"SPRF-TO";"DEL01-TO";"UOP01-DEL01-TO"
289421;2020-06-11;"quinta-feira";"09:50:00";"SP";116;276,5;"EMBU DAS ARTES";"Falta de Atenção à Condução";"Colisão traseira";"Com Vítimas Feridas";"Pleno dia";"Crescente";"Céu Claro";"Dupla";"Reta;Aclive";"Sim";2;0;0;1;1;0;1;2;-23,64262417;-46,83811382;"SPRF-SP";"DEL04-SP";"UOP01-DEL04-SP"
289428;2020-06-11;"quinta-feira";"09:50:00";"MG";251;414,4;"GRAO MOGOL";"Velocidade Incompatível";"Colisão lateral";"Com Vítimas Feridas";"Pleno dia";"Crescente";"Céu Claro";"Simples";"Curva";"Não";4;0;2;0;1;1;2;3;-16,29283891;-43,03365704;"SPRF-MG";"DEL12-MG";"UOP01-DEL12-MG"
289430;2020-06-11;"quinta-feira";"08:17:00";"MG";40;30,2;"PARACATU";"Falta de Atenção à Condução";"Colisão frontal";"Com Vítimas Feridas";"Pleno dia";"Decrescente";"Céu Claro";"Simples";"Reta";"Não";4;0;2;0;1;1;2;3;-17,15673205;-46,93875619;"SPRF-MG";"DEL14-MG";"UOP01-DEL14-MG"
289437;2020-06-11;"quinta-feira";"10:30:00";"GO";60;13,5;"SANTO ANTONIO DO DESCOBERTO";"Falta de Atenção à Condução";"Colisão traseira";"Sem Vítimas";"Pleno dia";"Decrescente";"Céu Claro";"Dupla";"Aclive";"Não";4;0;0;0;3;1;0;4;-16,11137966;-48,34898472;"SPRF-DF";"DEL03-DF";"UOP01-DEL03-DF"
289446;2020-06-11;"quinta-feira";"11:40:00";"PE";232;39;"VITORIA DE SANTO ANTAO";"Falta de Atenção à Condução";"Tombamento";"Sem Vítimas";"Pleno dia";"Decrescente";"Céu Claro";"Dupla";"Reta";"Sim";1;0;0;0;1;0;0;1;-8,11725249;-35,2270359;"SPRF-PE";"DEL02-PE";"UOP02-DEL02PE"
289452;2020-06-11;"quinta-feira";"13:25:00";"PR";376;634;"SAO JOSE DOS PINHAIS";"Ingestão de Álcool";"Colisão traseira";"Com Vítimas Feridas";"Pleno dia";"Decrescente";"Chuva";"Dupla";"Reta";"Não";2;0;1;0;1;0;1;2;-25,73029716;-49,13356446;"SPRF-PR";"DEL01-PR";"UOP04-DEL01-PR"
289454;2020-06-11;"quinta-feira";"10:55:00";"RO";364;390;"OURO PRETO DO OESTE";"Falta de Atenção à Condução";"Colisão traseira";"Com Vítimas Feridas";"Pleno dia";"Decrescente";"Céu Claro";"Simples";"Reta";"Não";4;0;1;0;2;4;1;7;-10,67306111;-62,28550013;"SPRF-RO";"DEL03-RO";"UOP02-DEL03-RO"
289458;2020-06-11;"quinta-feira";"12:13:00";"MT";364;444,8;"VARZEA GRANDE";"Falta de Atenção à Condução";"Colisão traseira";"Com Vítimas Feridas";"Pleno dia";"Decrescente";"Céu Claro";"Simples";"Reta";"Não";3;0;0;1;1;1;1;3;-15,63212299;-56,20484879;"SPRF-MT";"DEL01-MT";"UOP02-DEL01-MT"
289460;2020-06-11;"quinta-feira";"11:00:00";"RS";392;190;"SANTANA DA BOA VISTA";"Desobediência às normas de trânsito pelo condutor";"Saída de leito carroçável";"Com Vítimas Feridas";"Pleno dia";"Decrescente";"Nublado";"Simples";"Curva";"Não";2;0;1;0;0;1;1;2;-30,942306;-53,09849;"SPRF-RS";"DEL09-RS";"UOP02-DEL09-RS"
289464;2020-06-11;"quinta-feira";"15:15:00";"SP";381;84;"GUARULHOS";"Falta de Atenção à Condução";"Colisão traseira";"Com Vítimas Feridas";"Pleno dia";"Crescente";"Céu Claro";"Múltipla";"Reta";"Sim";4;0;2;0;1;1;2;4;-23,43937;-46,56807;"SPRF-SP";"DEL03-SP";"UOP01-DEL03-SP"
289468;2020-06-11;"quinta-feira";"13:30:00";"MT";364;164;"PEDRA PRETA";"Não guardar distância de segurança";"Colisão lateral";"Com Vítimas Feridas";"Pleno dia";"Crescente";"Céu Claro";"Simples";"Declive";"Não";5;0;1;0;2;7;1;10;-16,68636802;-54,29037703;"SPRF-MT";"DEL02-MT";"UOP01-DEL02-MT"
289469;2020-06-11;"quinta-feira";"14:30:00";"GO";50;113,4;"CRISTALINA";"Desobediência às normas de trânsito pelo condutor";"Colisão traseira";"Com Vítimas Feridas";"Pleno dia";"Decrescente";"Céu Claro";"Dupla";"Reta";"Não";3;0;1;0;1;2;1;4;-16,9309;-47,7117;"SPRF-DF";"DEL01-DF";"UOP02-DEL01-DF"
289471;2020-06-11;"quinta-feira";"14:15:00";"CE";304;49,9;"ARACATI";"Desobediência às normas de trânsito pelo condutor";"Saída de leito carroçável";"Sem Vítimas";"Pleno dia";"Crescente";"Chuva";"Simples";"Reta";"Não";3;0;0;0;2;1;0;2;-4,57900414;-37,77070889;"SPRF-CE";"DEL03-CE";"UOP03-DEL03-CE"
289481;2020-06-11;"quinta-feira";"15:45:00";"MT";364;493;"JANGADA";"Falta de Atenção à Condução";"Colisão frontal";"Com Vítimas Feridas";"Pleno dia";"Decrescente";"Céu Claro";"Simples";"Ponte";"Não";4;0;1;0;2;7;1;10;-15,30106797;-56,43607915;"SPRF-MT";"DEL01-MT";"UOP02-DEL01-MT"
289487;2020-06-11;"quinta-feira";"18:00:00";"RJ";393;160;"TRES RIOS";"Condutor Dormindo";"Colisão traseira";"Com Vítimas Feridas";"Anoitecer";"Decrescente";"Vento";"Simples";"Reta";"Não";3;0;1;0;1;1;1;3;-22,05926241;-43,0610311;"SPRF-RJ";"DEL05-RJ";"UOP01-DEL05-RJ"
289488;2020-06-11;"quinta-feira";"17:25:00";"MS";163;255,5;"DOURADOS";"Falta de Atenção à Condução";"Colisão traseira";"Com Vítimas Feridas";"Plena Noite";"Crescente";"Céu Claro";"Dupla";"Reta";"Sim";2;0;1;0;0;1;1;2;-22,26567386;-54,80944412;"SPRF-MS";"DEL04-MS";"UOP01-DEL04-MS"
289510;2020-06-11;"quinta-feira";"11:30:00";"RS";468;3,9;"PALMEIRA DAS MISSOES";"Velocidade Incompatível";"Saída de leito carroçável";"Com Vítimas Feridas";"Pleno dia";"Decrescente";"Sol";"Simples";"Interseção de Vias";"Não";2;0;1;0;0;2;1;3;-27,86669904;-53,33257198;"SPRF-RS";"DEL08-RS";"UOP01-DEL08-RS"
289513;2020-06-11;"quinta-feira";"12:00:00";"MT";70;554;"NOSSA SENHORA DO LIVRAMENTO";"Restrição de Visibilidade";"Saída de leito carroçável";"Com Vítimas Feridas";"Pleno dia";"Decrescente";"Céu Claro";"Simples";"Declive";"Não";4;0;1;0;2;2;1;4;-15,699608;-56,42366;"SPRF-MT";"DEL03-MT";"UOP02-DEL03-MT"
289515;2020-06-11;"quinta-feira";"19:40:00";"RS";386;157,4;"ALMIRANTE TAMANDARE DO SUL";"Desobediência às normas de trânsito pelo condutor";"Colisão frontal";"Com Vítimas Feridas";"Plena Noite";"Decrescente";"Céu Claro";"Simples";"Reta;Declive";"Não";2;0;0;1;1;0;1;2;-28,133848;-52,848679;"SPRF-RS";"DEL08-RS";"UOP01-DEL08-RS"
289516;2020-06-11;"quinta-feira";"10:40:00";"CE";116;286;"JAGUARIBE";"Falta de Atenção à Condução";"Colisão transversal";"Com Vítimas Feridas";"Pleno dia";"Crescente";"Céu Claro";"Simples";"Reta";"Não";3;0;0;1;1;1;1;3;-5,73147997;-38,51122009;"SPRF-CE";"DEL05-CE";"UOP02-DEL05-CE"
289519;2020-06-11;"quinta-feira";"19:30:00";"PR";376;402;"IMBAU";"Defeito Mecânico no Veículo";"Derramamento de carga";"Sem Vítimas";"Plena Noite";"Crescente";"Céu Claro";"Dupla";"Curva";"Não";2;0;0;0;1;2;0;3;-24,58235531;-50,68136216;"SPRF-PR";"DEL03-PR";"UOP02-DEL03-PR"
289523;2020-06-11;"quinta-feira";"20:45:00";"PR";277;7,8;"PARANAGUA";"Não guardar distância de segurança";"Colisão com objeto em movimento";"Sem Vítimas";"Pleno dia";"Decrescente";"Céu Claro";"Dupla";"Reta";"Não";3;0;0;0;1;2;0;3;-25,568198;-48,615292;"SPRF-PR";"DEL01-PR";"UOP05-DEL01-PR"
289527;2020-06-11;"quinta-feira";"19:45:00";"MG";381;936,6;"EXTREMA";"Falta de Atenção à Condução";"Colisão frontal";"Com Vítimas Fatais";"Plena Noite";"Decrescente";"Céu Claro";"Dupla";"Reta";"Não";9;2;1;4;1;1;5;3;-22,82914914;-46,31469547;"SPRF-MG";"DEL16-MG";"UOP03-DEL16-MG"
289532;2020-06-11;"quinta-feira";"18:25:00";"RS";101;56;"MAQUINE";"Defeito Mecânico no Veículo";"Incêndio";"Sem Vítimas";"Plena Noite";"Decrescente";"Nublado";"Dupla";"Reta";"Não";2;0;0;0;1;1;0;2;-29,65200649;-50,11956673;"SPRF-RS";"DEL03-RS";"UOP02-DEL03-RS"
289539;2020-06-11;"quinta-feira";"21:50:00";"AL";316;244;"ATALAIA";"Ingestão de Álcool";"Colisão lateral";"Com Vítimas Feridas";"Plena Noite";"Decrescente";"Céu Claro";"Simples";"Reta";"Sim";2;0;0;1;1;0;1;2;-9,51022028;-36,00471385;"SPRF-AL";"DEL01-AL";"UOP01-DEL01-AL"
289541;2020-06-11;"quinta-feira";"17:15:00";"MT";158;538;"AGUA BOA";"Defeito Mecânico no Veículo";"Incêndio";"Sem Vítimas";"Anoitecer";"Decrescente";"Céu Claro";"Simples";"Curva";"Não";2;0;0;0;1;2;0;3;-13,82544302;-52,03866031;"SPRF-MT";"DEL07-MT";"UOP02-DEL07-MT"
289543;2020-06-11;"quinta-feira";"17:00:00";"MA";10;375;"ITINGA DO MARANHAO";"Desobediência às normas de trânsito pelo condutor";"Colisão transversal";"Com Vítimas Fatais";"Pleno dia";"Crescente";"Céu Claro";"Simples";"Reta";"Sim";2;1;0;0;1;0;0;2;-4,471299;-47,516045;"SPRF-MA";"DEL04-MA";"UOP03-DEL04-MA"
289548;2020-06-12;"sexta-feira";"00:15:00";"PR";376;668,9;"GUARATUBA";"Defeito Mecânico no Veículo";"Tombamento";"Sem Vítimas";"Plena Noite";"Crescente";"Nevoeiro/Neblina";"Dupla";"Declive;Curva";"Não";1;0;0;0;1;0;0;1;-25,864159;-48,937538;"SPRF-PR";"DEL01-PR";"UOP04-DEL01-PR"
289551;2020-06-11;"quinta-feira";"22:50:00";"PE";232;227,1;"PESQUEIRA";"Ingestão de Álcool";"Colisão frontal";"Com Vítimas Feridas";"Plena Noite";"Decrescente";"Céu Claro";"Simples";"Reta";"Não";2;0;1;0;0;1;1;2;-8,40012724;-36,84674304;"SPRF-PE";"DEL03-PE";"UOP02-DEL03-PE"
289554;2020-06-12;"sexta-feira";"02:00:00";"SP";116;390;"MIRACATU";"Defeito Mecânico no Veículo";"Incêndio";"Sem Vítimas";"Plena Noite";"Crescente";"Céu Claro";"Dupla";"Reta";"Não";2;0;0;0;1;1;0;2;-24,276022;-47,414579;"SPRF-SP";"DEL04-SP";"UOP02-DEL04-SP"
289556;2020-06-12;"sexta-feira";"02:00:00";"MG";40;436;"PARAOPEBA";"Não guardar distância de segurança";"Colisão traseira";"Com Vítimas Feridas";"Amanhecer";"Crescente";"Céu Claro";"Dupla";"Reta";"Não";3;0;1;0;1;1;1;2;-19,22540708;-44,44298306;"SPRF-MG";"DEL02-MG";"UOP01-DEL02-MG"
289557;2020-06-11;"quinta-feira";"08:00:00";"AL";101;16,5;"NOVO LINO";"Carga excessiva e/ou mal acondicionada";"Derramamento de carga";"Com Vítimas Feridas";"Pleno dia";"Crescente";"Céu Claro";"Dupla";"Curva";"Não";2;0;1;0;0;1;1;2;-9,00214348;-35,67481756;"SPRF-AL";"DEL01-AL";"UOP02-DEL01-AL"
289567;2020-05-31;"domingo";"14:44:00";"PR";277;584,5;"CASCAVEL";"Desobediência às normas de trânsito pelo condutor";"Colisão traseira";"Com Vítimas Feridas";"Pleno dia";"Crescente";"Nublado";"Dupla";"Reta";"Sim";5;0;2;0;2;1;2;3;-24,96684176;-53,40258186;"SPRF-PR";"DEL04-PR";"UOP01-DEL04-PR"
289589;2020-06-12;"sexta-feira";"09:35:00";"PB";230;21;"JOAO PESSOA";"Não guardar distância de segurança";"Engavetamento";"Com Vítimas Feridas";"Pleno dia";"Decrescente";"Céu Claro";"Dupla";"Reta";"Não";5;0;1;0;4;0;1;4;-7,1415;-34,8519;"SPRF-PB";"DEL01-PB";"UOP01-DEL01-PB"
289590;2020-06-12;"sexta-feira";"09:40:00";"BA";324;620;"SALVADOR";"Falta de Atenção à Condução";"Colisão traseira";"Com Vítimas Feridas";"Pleno dia";"Crescente";"Sol";"Múltipla";"Curva";"Sim";5;0;3;0;1;1;3;3;-12,90482172;-38,45556535;"SPRF-BA";"DEL01-BA";"UOP01-DEL01-BA"