"id";"data_inversa";"dia_semana";"horario";"uf";"br";"km";"municipio";"causa_acidente";"tipo_acidente";"classificacao_acidente";"fase_dia";"sentido_via";"condicao_metereologica";"tipo_pista";"tracado_via";"uso_solo";"pessoas";"mortos";"feridos_leves";"feridos_graves";"ilesos";"ignorados";"feridos";"veiculos";"latitude";"longitude";"regional";"delegacia";"uop"
289971;2020-06-14;"domingo";"04:40:00";"ES";101;4,5;"PEDRO CANARIO";"Falta de Atenção à Condução";"Colisão frontal";"Com Vítimas Feridas";"Plena Noite";"Crescente";"Nevoeiro/Neblina";"Simples";"Reta";"Não";3;0;0;1;1;1;1;3;-18,2058992;-39,93492691;"SPRF-ES";"DEL04-ES";"UOP02-DEL04-ES"
289973;2020-06-14;"domingo";"19:10:00";"RS";285;455,2;"IJUI";"Desobediência às normas de trânsito pelo condutor";"Colisão frontal";"Com Vítimas Feridas";"Plena Noite";"Crescente";"Céu Claro";"Simples";"Reta";"Sim";4;0;0;1;1;2;1;4;-28,38401931;-53,88645887;"SPRF-RS";"DEL10-RS";"UOP01-DEL10-RS"
289986;2020-06-14;"domingo";"07:10:00";"SC";163;80,8;"GUARACIABA";"Velocidade Incompatível";"Colisão traseira";"Sem Vítimas";"Pleno dia";"Decrescente";"Céu Claro";"Simples";"Em Obras;Reta;Aclive";"Não";3;0;0;0;2;1;0;3;-26,63253685;-53,51848125;"SPRF-SC";"DEL07-SC";"UOP03-DEL07-SC"
290005;2020-06-14;"domingo";"18:50:00";"RS";472;413,1;"SAO BORJA";"Defeito Mecânico no Veículo";"Incêndio";"Sem Vítimas";"Plena Noite";"Crescente";"Nublado";"Simples";"Reta";"Não";5;0;0;0;4;1;0;2;-28,81296608;-56,05140871;"SPRF-RS";"DEL12-RS";"UOP01-DEL12-RS"
290013;2020-06-14;"domingo";"14:20:00";"SC";282;592,9;"SAUDADES";"Velocidade Incompatível";"Colisão frontal";"Com Vítimas Feridas";"Pleno dia";"Crescente";"Sol";"Simples";"Curva";"Não";2;0;0;1;1;0;1;2;-26,825869;-53,091843;"SPRF-SC";"DEL07-SC";"UOP02-DEL07-SC"
290015;2020-06-14;"domingo";"06:40:00";"PR";277;13,9;"PARANAGUA";"Condutor Dormindo";"Saída de leito carroçável";"Sem Vítimas";"Amanhecer";"Decrescente";"Nublado";"Dupla";"Reta";"Não";2;0;0;0;1;2;0;3;-25,558253;-48,652331;"SPRF-PR";"DEL01-PR";"UOP05-DEL01-PR"
290016;2020-06-14;"domingo";"07:30:00";"MG";262;132,9;"RIO CASCA";"Falta de Atenção à Condução";"Colisão frontal";"Com Vítimas Feridas";"Pleno dia";"Decrescente";"Céu Claro";"Simples";"Reta";"Não";7;0;1;0;5;1;1;3;-20,13799392;-42,69470112;"SPRF-MG";"DEL03-MG";"UOP03-DEL03-MG"
290038;2020-06-14;"domingo";"21:30:00";"SP";116;46,2;"CANAS";"Desobediência às normas de trânsito pelo condutor";"Colisão frontal";"Com Vítimas Fatais";"Plena Noite";"Decrescente";"Céu Claro";"Dupla";"Reta";"Não";2;1;0;0;1;0;0;2;-22,715081;-45,055028;"SPRF-SP";"DEL08-SP";"UOP01-DEL08-SP"
290048;2020-06-14;"domingo";"08:40:00";"MT";364;486;"JANGADA";"Não guardar distância de segurança";"Colisão traseira";"Com Vítimas Feridas";"Pleno dia";"Decrescente";"Céu Claro";"Simples";"Reta";"Não";3;0;1;0;2;0;1;2;-15,35830706;-56,41219514;"SPRF-MT";"DEL01-MT";"UOP02-DEL01-MT"
290050;2020-06-14;"domingo";"21:00:00";"ES";101;388;"RIO NOVO DO SUL";"Velocidade Incompatível";"Saída de leito carroçável";"Com Vítimas Feridas";"Plena Noite";"Crescente";"Nublado";"Simples";"Curva";"Não";2;0;1;0;0;1;1;2;-20,85689511;-40,8767812;"SPRF-ES";"DEL03-ES";"UOP02-DEL03-ES"
290054;2020-06-14;"domingo";"15:35:00";"SE";101;180,7;"UMBAUBA";"Desobediência às normas de trânsito pelo condutor";"Colisão transversal";"Com Vítimas Feridas";"Pleno dia";"Crescente";"Céu Claro";"Simples";"Reta";"Não";2;0;0;1;1;0;1;2;-11,368321;-37,647104;"SPRF-SE";"DEL02-SE";"UOP03-DEL02-SE"
290063;2020-06-14;"domingo";"13:00:00";"BA";101;711,3;"EUNAPOLIS";"Carga excessiva e/ou mal acondicionada";"Tombamento";"Com Vítimas Feridas";"Pleno dia";"Decrescente";"Céu Claro";"Simples";"Curva;Aclive";"Não";2;0;1;0;0;1;1;2;-16,49374594;-39,57503506;"SPRF-BA";"DEL09-BA";"UOP01-DEL09-BA"
290064;2020-06-14;"domingo";"23:00:00";"BA";101;514,1;"ITABUNA";"Condutor Dormindo";"Colisão lateral";"Com Vítimas Feridas";"Plena Noite";"Decrescente";"Céu Claro";"Simples";"Reta";"Não";2;0;1;0;1;0;1;2;-15,014705;-39,32914101;"SPRF-BA";"DEL05-BA";"UOP01-DEL05-BA"
290065;2020-06-15;"segunda-feira";"04:30:00";"PR";116;17;"ANTONINA";"Falta de Atenção à Condução";"Saída de leito carroçável";"Com Vítimas Feridas";"Plena Noite";"Crescente";"Garoa/Chuvisco";"Dupla";"Declive;Curva";"Não";1;0;1;0;0;0;1;1;-25,10305915;-48,70103892;"SPRF-PR";"DEL01-PR";"UOP02-DEL01-PR"
290086;2020-06-15;"segunda-feira";"08:15:00";"RN";101;85,8;"SAO GONCALO DO AMARANTE";"Falta de Atenção à Condução";"Colisão traseira";"Com Vítimas Feridas";"Pleno dia";"Crescente";"Céu Claro";"Dupla";"Reta";"Sim";4;0;2;0;2;0;2;3;-5,777664;-35,24937;"SPRF-RN";"DEL02-RN";"UOP01-DEL02-RN"
290097;2020-06-14;"domingo";"15:30:00";"CE";116;135;"RUSSAS";"Carga excessiva e/ou mal acondicionada";"Tombamento";"Com Vítimas Feridas";"Pleno dia";"Crescente";"Céu Claro";"Simples";"Curva";"Não";2;0;1;0;1;0;1;1;-4,72478809;-38,0860534;"SPRF-CE";"DEL03-CE";"UOP01-DEL03-CE"
290099;2020-06-14;"domingo";"09:40:00";"MG";381;702;"LAVRAS";"Defeito Mecânico no Veículo";"Colisão com objeto estático";"Com Vítimas Feridas";"Pleno dia";"Decrescente";"Céu Claro";"Dupla";"Reta";"Não";1;0;1;0;0;0;1;1;-21,32686224;-45,16839467;"SPRF-MG";"DEL04-MG";"UOP02-DEL04-MG"
290100;2020-06-15;"segunda-feira";"08:30:00";"GO";60;27;"ALEXANIA";"Falta de Atenção à Condução";"Colisão traseira";"Com Vítimas Feridas";"Pleno dia";"Decrescente";"Céu Claro";"Simples";"Reta";"Não";4;0;2;0;2;0;2;3;-16,0963;-48,5202;"SPRF-DF";"DEL03-DF";"UOP01-DEL03-DF"
290101;2020-05-15;"sexta-feira";"16:00:00";"PA";230;122;"MARABA";"Defeito na Via";"Colisão com objeto estático";"Sem Vítimas";"Pleno dia";"Decrescente";"Sol";"Simples";"Reta";"Sim";5;0;0;0;3;2;0;3;-5,36137537;-49,12376139;"SPRF-PA";"DEL03-PA";"UOP01-DEL03-PA"
290112;2020-06-15;"segunda-feira";"08:00:00";"ES";262;74;"DOMINGOS MARTINS";"Pista Escorregadia";"Colisão frontal";"Com Vítimas Feridas";"Pleno dia";"Decrescente";"Chuva";"Simples";"Curva";"Não";3;0;2;0;1;0;2;2;-20,41226889;-40,89537406;"SPRF-ES";"DEL01-ES";"UOP02-DEL01-ES"
290113;2020-05-30;"sábado";"15:10:00";"SC";282;461,6;"PONTE SERRADA";"Desobediência às normas de trânsito pelo condutor";"Colisão transversal";"Com Vítimas Feridas";"Pleno dia";"Crescente";"Céu Claro";"Simples";"Interseção de Vias";"Sim";4;0;0;1;1;2;1;4;-26,856403;-52,041328;"SPRF-SC";"DEL07-SC";"UOP04-DEL07-SC"
290118;2020-06-15;"segunda-feira";"08:00:00";"SC";280;28,5;"ARAQUARI";"Não guardar distância de segurança";"Colisão traseira";"Com Vítimas Feridas";"Pleno dia";"Crescente";"Nublado";"Simples";"Reta";"Sim";4;0;2;0;1;1;2;3;-26,40450077;-48,74561031;"SPRF-SC";"DEL03-SC";"UOP03-DEL03-SC"
290119;2020-06-15;"segunda-feira";"11:20:00";"MG";381;929,9;"ITAPEVA";"Falta de Atenção à Condução";"Tombamento";"Com Vítimas Feridas";"Pleno dia";"Crescente";"Céu Claro";"Dupla";"Curva";"Não";3;0;2;0;0;1;2;2;-22,79911462;-46,26123692;"SPRF-MG";"DEL16-MG";"UOP03-DEL16-MG"
290124;2020-06-15;"segunda-feira";"10:40:00";"BA";242;363;"LENCOIS";"Avarias e/ou desgaste excessivo no pneu";"Tombamento";"Sem Vítimas";"Pleno dia";"Decrescente";"Nublado";"Simples";"Declive";"Não";2;0;0;0;1;3;0;4;-12,46727769;-41,4150469;"SPRF-BA";"DEL06-BA";"UOP01-DEL06-BA"
290128;2020-05-27;"quarta-feira";"12:30:00";"BA";101;483;"ILHEUS";"Falta de Atenção à Condução";"Queda de ocupante de veículo";"Com Vítimas Feridas";"Pleno dia";"Crescente";"Céu Claro";"Simples";"Curva";"Não";2;0;0;1;0;1;1;2;-14,642926;-39,336807;"SPRF-BA";"DEL05-BA";"UOP01-DEL05-BA"
290132;2020-06-15;"segunda-feira";"11:45:00";"RS";101;43,2;"TERRA DE AREIA";"Falta de Atenção à Condução";"Colisão transversal";"Com Vítimas Feridas";"Pleno dia";"Crescente";"Céu Claro";"Dupla";"Reta";"Sim";2;0;1;0;1;0;1;2;-29,55749023;-50,0407578;"SPRF-RS";"DEL03-RS";"UOP02-DEL03-RS"
290134;2020-06-15;"segunda-feira";"12:40:00";"ES";101;351,5;"ANCHIETA";"Pista Escorregadia";"Colisão lateral";"Com Vítimas Feridas";"Pleno dia";"Crescente";"Chuva";"Simples";"Curva";"Não";3;0;1;0;1;1;1;3;-20,665676;-40,655926;"SPRF-ES";"DEL03-ES";"UOP01-DEL03-ES"
290136;2020-06-15;"segunda-feira";"10:30:00";"SC";101;103,2;"BALNEARIO PICARRAS";"Carga excessiva e/ou mal acondicionada";"Colisão com objeto em movimento";"Com Vítimas Feridas";"Pleno dia";"Crescente";"Nublado";"Dupla";"Reta";"Sim";3;0;1;0;2;0;1;3;-26,7832381;-48,68314632;"SPRF-SC";"DEL03-SC";"UOP02-DEL03-SC"
290150;2020-06-15;"segunda-feira";"15:00:00";"CE";116;19;"ITAITINGA";"Falta de Atenção à Condução";"Colisão lateral";"Sem Vítimas";"Pleno dia";"Crescente";"Nublado";"Dupla";"Desvio Temporário";"Sim";2;0;0;0;2;0;0;2;-3,91845089;-38,50742795;"SPRF-CE";"DEL01-CE";"UOP02-DEL01-CE"
290153;2020-06-15;"segunda-feira";"11:30:00";"BA";135;10;"FORMOSA DO RIO PRETO";"Velocidade Incompatível";"Tombamento";"Com Vítimas Feridas";"Pleno dia";"Crescente";"Sol";"Simples";"Interseção de Vias";"Não";2;0;1;0;0;2;1;3;-10,91829238;-45,17741941;"SPRF-BA";"DEL10-BA";"UOP01-DEL10-BA"
290164;2020-05-30;"sábado";"13:10:00";"PA";308;151;"CAPANEMA";"Falta de Atenção à Condução";"Saída de leito carroçável";"Com Vítimas Feridas";"Pleno dia";"Crescente";"Chuva";"Simples";"Reta";"Sim";3;0;1;0;1;1;1;3;-1,21064;-47,182743;"SPRF-PA";"DEL01-PA";"UOP03-DEL01-PA"
290167;2020-06-15;"segunda-feira";"17:30:00";"PR";376;160,8;"MARINGA";"Falta de Atenção do Pedestre";"Atropelamento de Pedestre";"Com Vítimas Fatais";"Pleno dia";"Decrescente";"Sol";"Dupla";"Aclive";"Não";2;1;0;0;1;0;0;2;-23,3654863;-52,07245946;"SPRF-PR";"DEL09-PR";"UOP01-DEL09-PR"
290170;2020-06-15;"segunda-feira";"16:15:00";"MG";50;25,5;"ARAGUARI";"Defeito Mecânico no Veículo";"Saída de leito carroçável";"Com Vítimas Feridas";"Pleno dia";"Decrescente";"Céu Claro";"Dupla";"Reta";"Não";2;0;1;0;0;1;1;2;-18,61146226;-48,07749391;"SPRF-MG";"DEL15-MG";"UOP02-DEL15-MG"
290183;2020-06-15;"segunda-feira";"17:50:00";"ES";262;59,4;"MARECHAL FLORIANO";"Falta de Atenção à Condução";"Colisão frontal";"Com Vítimas Feridas";"Anoitecer";"Decrescente";"Chuva";"Simples";"Curva";"Não";3;0;2;0;0;1;2;3;-20,42168121;-40,77787375;"SPRF-ES";"DEL01-ES";"UOP01-DEL01-ES"
290187;2020-06-15;"segunda-feira";"18:20:00";"PB";101;82,2;"BAYEUX";"Restrição de Visibilidade";"Colisão transversal";"Com Vítimas Feridas";"Plena Noite";"Crescente";"Céu Claro";"Dupla";"Reta";"Sim";4;0;2;0;1;1;2;3;-7,12911;-34,93714;"SPRF-PB";"DEL01-PB";"UOP01-DEL01-PB"
290192;2020-06-15;"segunda-feira";"11:30:00";"RO";364;673;"CANDEIAS DO JAMARI";"Desobediência às normas de trânsito pelo condutor";"Tombamento";"Com Vítimas Feridas";"Pleno dia";"Crescente";"Céu Claro";"Simples";"Reta";"Não";4;0;1;0;2;5;1;7;-8,77885388;-63,52559801;"SPRF-RO";"DEL01-RO";"UOP01-DEL01-RO"
290199;2020-06-15;"segunda-feira";"20:06:00";"RS";386;352,4;"ESTRELA";"Falta de Atenção do Pedestre";"Atropelamento de Pedestre";"Com Vítimas Fatais";"Plena Noite";"Decrescente";"Nublado";"Dupla";"Reta";"Sim";2;1;0;0;1;0;0;2;-29,491436;-51,95174;"SPRF-RS";"DEL04-RS";"UOP02-DEL04-RS"
290203;2020-05-10;"domingo";"15:10:00";"SC";470;233,9;"SAO CRISTOVAO DO SUL";"Falta de Atenção à Condução";"Colisão transversal";"Com Vítimas Feridas";"Pleno dia";"Decrescente";"Céu Claro";"Simples";"Reta";"Não";4;0;2;0;1;1;2;3;-27,30284184;-50,43651581;"SPRF-SC";"DEL05-SC";"UOP03-DEL05-SC"
290208;2020-06-15;"segunda-feira";"20:00:00";"ES";101;12;"PEDRO CANARIO";"Falta de Atenção à Condução";"Colisão traseira";"Com Vítimas Feridas";"Plena Noite";"Crescente";"Nublado";"Simples";"Reta";"Sim";2;0;1;0;1;0;1;2;-18,26546317;-39,95721865;"SPRF-ES";"DEL04-ES";"UOP02-DEL04-ES"
290210;2020-06-15;"segunda-feira";"21:15:00";"DF";20;3;"BRASILIA";"Falta de Atenção à Condução";"Colisão traseira";"Com Vítimas Feridas";"Plena Noite";"Decrescente";"Céu Claro";"Dupla";"Aclive";"Sim";3;0;1;0;1;1;1;3;-15,679851;-47,832211;"SPRF-DF";"DEL02-DF";"UOP01-DEL02-DF"
290211;2020-06-15;"segunda-feira";"15:20:00";"BA";101;725,6;"EUNAPOLIS";"Falta de Atenção à Condução";"Saída de leito carroçável";"Com Vítimas Fatais";"Pleno dia";"Crescente";"Garoa/Chuvisco";"Simples";"Curva";"Não";4;1;0;0;1;2;0;3;-16,428651;-39,578882;"SPRF-BA";"DEL09-BA";"UOP01-DEL09-BA"
290213;2020-06-15;"segunda-feira";"20:20:00";"MS";163;549,3;"BANDEIRANTES";"Ingestão de Álcool";"Colisão traseira";"Com Vítimas Feridas";"Plena Noite";"Crescente";"Céu Claro";"Simples";"Reta";"Sim";6;0;1;2;2;2;3;4;-19,911787;-54,370646;"SPRF-MS";"DEL01-MS";"UOP02-DEL01-MS"
290219;2020-06-15;"segunda-feira";"20:40:00";"RO";174;15;"VILHENA";"Falta de Atenção à Condução";"Colisão lateral";"Com Vítimas Feridas";"Plena Noite";"Decrescente";"Céu Claro";"Simples";"Interseção de Vias";"Sim";5;0;2;0;0;4;2;5;-12,723321;-60,12801;"SPRF-RO";"DEL04-RO";"UOP01-DEL04-RO"
290220;2020-06-15;"segunda-feira";"22:45:00";"PR";376;649;"TIJUCAS DO SUL";"Condutor Dormindo";"Colisão traseira";"Com Vítimas Feridas";"Plena Noite";"Decrescente";"Garoa/Chuvisco";"Dupla";"Reta";"Não";3;0;0;1;1;1;1;3;-25,84592132;-49,09776415;"SPRF-PR";"DEL01-PR";"UOP04-DEL01-PR"
290223;2020-06-15;"segunda-feira";"22:45:00";"RS";392;14,7;"RIO GRANDE";"Ingestão de Álcool";"Tombamento";"Sem Vítimas";"Plena Noite";"Decrescente";"Céu Claro";"Dupla";"Reta";"Não";3;0;0;0;2;1;0;2;-32,11915816;-52,15522135;"SPRF-RS";"DEL07-RS";"UOP02-DEL07-RS"
290228;2020-06-16;"terça-feira";"00:50:00";"BA";101;11,3;"RIO REAL";"Condutor Dormindo";"Capotamento";"Com Vítimas Feridas";"Plena Noite";"Decrescente";"Garoa/Chuvisco";"Dupla";"Reta";"Não";1;0;1;0;0;0;1;1;-11,63156794;-37,88758523;"SPRF-SE";"DEL02-SE";"UOP03-DEL02-SE"
290231;2020-06-16;"terça-feira";"03:50:00";"ES";262;192,1;"IUNA";"Defeito Mecânico no Veículo";"Tombamento";"Com Vítimas Feridas";"Plena Noite";"Crescente";"Garoa/Chuvisco";"Simples";"Declive";"Não";2;0;0;2;0;0;2;1;-20,29487997;-41,74899591;"SPRF-ES";"DEL01-ES";"UOP02-DEL01-ES"
290232;2020-06-16;"terça-feira";"02:40:00";"PE";423;66,5;"JUPI";"Restrição de Visibilidade";"Colisão traseira";"Com Vítimas Feridas";"Plena Noite";"Decrescente";"Chuva";"Simples";"Reta";"Não";2;0;1;0;0;1;1;2;-8,66844631;-36,37491793;"SPRF-PE";"DEL03-PE";"UOP01-DEL03-PE"
290249;2020-06-16;"terça-feira";"06:10:00";"RJ";116;289,9;"BARRA MANSA";"Não guardar distância de segurança";"Colisão lateral";"Com Vítimas Feridas";"Pleno dia";"Crescente";"Céu Claro";"Dupla";"Curva";"Sim";3;0;2;0;1;0;2;2;-22,48279212;-44,25963807;"SPRF-RJ";"DEL07-RJ";"UOP02-DEL07-RJ"
290251;2020-06-16;"terça-feira";"07:30:00";"MA";135;7,4;"SAO LUIS";"Falta de Atenção à Condução";"Colisão transversal";"Com Vítimas Fatais";"Pleno dia";"Decrescente";"Céu Claro";"Dupla";"Retorno Regulamentado";"Sim";3;1;0;1;1;0;1;2;-2,63608835;-44,26848552;"SPRF-MA";"DEL01-MA";"UOP01-DEL01-MA"
290254;2020-06-16;"terça-feira";"07:20:00";"RJ";40;31,1;"AREAL";"Desobediência às normas de trânsito pelo condutor";"Colisão lateral";"Com Vítimas Feridas";"Pleno dia";"Crescente";"Céu Claro";"Dupla";"Curva";"Não";3;0;1;0;1;1;1;3;-22,19493693;-43,15881036;"SPRF-RJ";"DEL05-RJ";"UOP02-DEL05-RJ"
290257;2020-06-16;"terça-feira";"07:41:00";"MT";163;840;"SINOP";"Falta de Atenção à Condução";"Tombamento";"Com Vítimas Fatais";"Pleno dia";"Crescente";"Céu Claro";"Simples";"Reta";"Não";2;1;0;0;1;0;0;2;-11,814263;-55,483065;"SPRF-MT";"DEL06-MT";"NPF/DEL06-MT"
290261;2020-06-16;"terça-feira";"09:15:00";"PR";153;45,7;"SANTO ANTONIO DA PLATINA";"Desobediência às normas de trânsito pelo condutor";"Colisão transversal";"Com Vítimas Feridas";"Pleno dia";"Crescente";"Céu Claro";"Simples";"Curva";"Não";3;0;0;1;1;3;1;5;-23,31948992;-50,06836564;"SPRF-PR";"DEL07-PR";"UOP04-DEL07-PR"
290262;2020-06-16;"terça-feira";"09:55:00";"MG";116;330,3;"CAMPANARIO";"Velocidade Incompatível";"Engavetamento";"Com Vítimas Feridas";"Pleno dia";"Decrescente";"Garoa/Chuvisco";"Simples";"Reta";"Sim";5;0;0;1;2;2;1;5;-18,23813927;-41,72898363;"SPRF-MG";"DEL11-MG";"UOP01-DEL11-MG"
290269;2020-04-15;"quarta-feira";"22:45:00";"MG";262;109;"SANTO ANTONIO DO GRAMA";"Pista Escorregadia";"Colisão transversal";"Com Vítimas Fatais";"Plena Noite";"Decrescente";"Chuva";"Simples";"Declive";"Não";7;2;0;0;4;4;0;8;-20,26964367;-42,57465198;"SPRF-MG";"DEL03-MG";"UOP03-DEL03-MG"
290272;2020-06-16;"terça-feira";"09:50:00";"SC";101;262;"GAROPABA";"Falta de Atenção à Condução";"Tombamento";"Com Vítimas Feridas";"Pleno dia";"Decrescente";"Céu Claro";"Dupla";"Reta";"Não";2;0;0;1;1;0;1;2;-28,0353863;-48,70884453;"SPRF-SC";"DEL02-SC";"UOP03-DEL02-SC"
290274;2020-06-16;"terça-feira";"07:00:00";"MG";381;211,8;"NAQUE";"Velocidade Incompatível";"Tombamento";"Sem Vítimas";"Pleno dia";"Decrescente";"Céu Claro";"Simples";"Curva";"Não";2;0;0;0;1;1;0;2;-19,23795112;-42,33237583;"SPRF-MG";"DEL06-MG";"UOP01-DEL06-MG"
290278;2020-06-16;"terça-feira";"10:35:00";"RN";101;83;"SAO GONCALO DO AMARANTE";"Falta de Atenção à Condução";"Colisão lateral";"Sem Vítimas";"Pleno dia";"Crescente";"Nublado";"Dupla";"Em Obras";"Sim";2;0;0;0;1;1;0;2;-5,7710445;-35,26616981;"SPRF-RN";"DEL02-RN";"UOP01-DEL02-RN"
290283;2020-06-16;"terça-feira";"10:00:00";"SP";116;359;"MIRACATU";"Velocidade Incompatível";"Tombamento";"Com Vítimas Feridas";"Pleno dia";"Decrescente";"Sol";"Dupla";"Curva";"Não";2;0;1;0;0;1;1;2;-24,10974177;-47,26910591;"SPRF-SP";"DEL04-SP";"UOP02-DEL04-SP"
290284;2020-06-16;"terça-feira";"10:00:00";"MT";364;281;"JACIARA";"Defeito Mecânico no Veículo";"Engavetamento";"Com Vítimas Feridas";"Pleno dia";"Decrescente";"Céu Claro";"Simples";"Declive";"Não";8;0;4;0;3;6;4;12;-15,9280629346;-55,022634986;"SPRF-MT";"DEL05-MT";"UOP02-DEL05-MT"
290287;2020-06-16;"terça-feira";"12:20:00";"PR";373;180;"PONTA GROSSA";"Falta de Atenção à Condução";"Colisão traseira";"Com Vítimas Feridas";"Pleno dia";"Decrescente";"Céu Claro";"Dupla";"Reta";"Sim";4;0;1;0;2;1;1;3;-25,03983629;-50,24852895;"SPRF-PR";"DEL03-PR";"UOP01-DEL03-PR"
290289;2020-06-16;"terça-feira";"12:10:00";"SC";282;159;"BOM RETIRO";"Condutor Dormindo";"Saída de leito carroçável";"Com Vítimas Feridas";"Pleno dia";"Crescente";"Nublado";"Simples";"Reta";"Não";1;0;0;1;0;0;1;1;-27,737494;-49,744041;"SPRF-SC";"DEL05-SC";"UOP01-DEL05-SC"
290291;2020-06-16;"terça-feira";"10:30:00";"RS";392;319;"SAO SEPE";"Não guardar distância de segurança";"Colisão traseira";"Com Vítimas Feridas";"Pleno dia";"Decrescente";"Sol";"Simples";"Reta";"Não";5;0;1;0;3;4;1;6;-29,99369098;-53,68606086;"SPRF-RS";"DEL09-RS";"UOP01-DEL09-RS"
290296;2020-04-25;"sábado";"15:50:00";"RS";116;262;"CANOAS";"Falta de Atenção à Condução";"Colisão lateral";"Com Vítimas Feridas";"Pleno dia";"Decrescente";"Céu Claro";"Dupla";"Reta";"Sim";3;0;2;0;1;0;2;2;-29,896475;-51,17593;"SPRF-RS";"DEL01-RS";"UOP01-DEL01-RS"
290303;2020-06-16;"terça-feira";"15:00:00";"PR";476;197,7;"LAPA";"Falta de Atenção à Condução";"Tombamento";"Com Vítimas Feridas";"Pleno dia";"Decrescente";"Nublado";"Simples";"Rotatória";"Sim";2;0;1;0;0;1;1;2;-25,76333445;-49,73725319;"SPRF-PR";"DEL01-PR";"UOP06-DEL01-PR"
290307;2020-06-16;"terça-feira";"11:30:00";"BA";101;511,8;"ITABUNA";"Não guardar distância de segurança";"Colisão transversal";"Com Vítimas Feridas";"Pleno dia";"Decrescente";"Céu Claro";"Simples";"Declive";"Não";7;0;1;2;3;1;3;5;-14,98960501;-39,33695319;"SPRF-BA";"DEL05-BA";"UOP01-DEL05-BA"
290309;2020-06-16;"terça-feira";"15:20:00";"MG";381;566,8;"ITAGUARA";"Velocidade Incompatível";"Capotamento";"Com Vítimas Fatais";"Pleno dia";"Crescente";"Nublado";"Dupla";"Curva";"Não";1;1;0;0;0;0;0;1;-20,41642409;-44,52998184;"SPRF-MG";"DEL04-MG";"UOP03-DEL04-MG"
290315;2020-06-16;"terça-feira";"15:15:00";"PE";232;172;"BELO JARDIM";"Ultrapassagem Indevida";"Colisão lateral";"Sem Vítimas";"Pleno dia";"Decrescente";"Nublado";"Simples";"Ponte";"Não";2;0;0;0;2;0;0;2;-8,33854887;-36,360134;"SPRF-PE";"DEL02-PE";"UOP03-DEL02-PE"
290318;2020-04-21;"terça-feira";"19:50:00";"RS";290;97;"PORTO ALEGRE";"Falta de Atenção à Condução";"Colisão lateral";"Sem Vítimas";"Plena Noite";"Crescente";"Céu Claro";"Dupla";"Interseção de Vias";"Não";3;0;0;0;2;2;0;4;-29,997789;-51,20779;"SPRF-RS";"DEL01-RS";"UOP01-DEL01-RS"
290319;2020-06-08;"segunda-feira";"19:00:00";"ES";262;67;"MARECHAL FLORIANO";"Desobediência às normas de trânsito pelo condutor";"Derramamento de carga";"Sem Vítimas";"Plena Noite";"Decrescente";"Céu Claro";"Simples";"Curva";"Não";2;0;0;0;1;1;0;2;-20,41874314;-40,81666235;"SPRF-ES";"DEL01-ES";"UOP02-DEL01-ES"
290321;2020-06-08;"segunda-feira";"06:30:00";"BA";242;615;"MUQUEM DE SAO FRANCISCO";"Falta de Atenção à Condução";"Colisão transversal";"Com Vítimas Feridas";"Pleno dia";"Crescente";"Céu Claro";"Simples";"Reta";"Não";2;0;0;1;1;0;1;2;-12,22094256;-43,44154;"SPRF-BA";"DEL06-BA";"UOP03-DEL06-BA"
290323;2020-06-16;"terça-feira";"12:00:00";"MT";163;591;"NOVA MUTUM";"Falta de Atenção à Condução";"Colisão traseira";"Com Vítimas Feridas";"Pleno dia";"Crescente";"Céu Claro";"Simples";"Reta";"Não";3;0;0;1;1;3;1;5;-13,98765008;-56,09892131;"SPRF-MT";"DEL01-MT";"UOP01-DEL01-MT"
290327;2020-06-16;"terça-feira";"17:10:00";"MG";381;351;"JOAO MONLEVADE";"Defeito Mecânico no Veículo";"Danos eventuais";"Sem Vítimas";"Anoitecer";"Crescente";"Garoa/Chuvisco";"Simples";"Curva";"Não";2;0;0;0;1;1;0;2;-19,84644336;-43,16611234;"SPRF-MG";"DEL03-MG";"UOP01-DEL03-MG"
290343;2020-06-16;"terça-feira";"15:45:00";"MG";153;82;"PRATA";"Velocidade Incompatível";"Engavetamento";"Com Vítimas Feridas";"Pleno dia";"Decrescente";"Céu Claro";"Simples";"Ponte";"Não";4;0;0;1;2;2;1;5;-19,08091412;-48,9973372;"SPRF-MG";"DEL15-MG";"UOP03-DEL15-MG"
290349;2020-06-16;"terça-feira";"17:00:00";"SC";280;306;"PORTO UNIAO";"Desobediência às normas de trânsito pelo condutor";"Colisão transversal";"Com Vítimas Feridas";"Anoitecer";"Crescente";"Céu Claro";"Simples";"Reta";"Sim";2;0;1;0;1;0;1;2;-26,26066362;-51,06497347;"SPRF-SC";"DEL06-SC";"UOP04-DEL06-SC"
290350;2020-06-16;"terça-feira";"18:10:00";"RJ";101;152;"MACAE";"Falta de Atenção do Pedestre";"Atropelamento de Pedestre";"Com Vítimas Feridas";"Anoitecer";"Decrescente";"Garoa/Chuvisco";"Simples";"Curva";"Não";2;0;1;0;1;0;1;2;-22,24915138;-41,81529996;"SPRF-RJ";"DEL08-RJ";"UOP04-DEL08-RJ"