"id";"data_inversa";"dia_semana";"horario";"uf";"br";"km";"municipio";"causa_acidente";"tipo_acidente";"classificacao_acidente";"fase_dia";"sentido_via";"condicao_metereologica";"tipo_pista";"tracado_via";"uso_solo";"pessoas";"mortos";"feridos_leves";"feridos_graves";"ilesos";"ignorados";"feridos";"veiculos";"latitude";"longitude";"regional";"delegacia";"uop"
290608;2020-05-18;"segunda-feira";"17:00:00";"PA";230;121;"MARABA";"Desobediência às normas de trânsito pelo condutor";"Colisão lateral";"Com Vítimas Feridas";"Anoitecer";"Decrescente";"Nublado";"Múltipla";"Reta";"Sim";2;0;1;0;1;0;1;2;-5,35297407;-49,12143673;"SPRF-PA";"DEL03-PA";"UOP01-DEL03-PA"
290615;2020-06-18;"quinta-feira";"10:50:00";"RJ";116;126;"MAGE";"Defeito Mecânico no Veículo";"Tombamento";"Sem Vítimas";"Pleno dia";"Decrescente";"Sol";"Dupla";"Curva";"Sim";2;0;0;0;1;1;0;2;-22,65489354;-43,08636526;"SPRF-RJ";"DEL04-RJ";"UOP02-DEL04-RJ"
290617;2020-06-18;"quinta-feira";"10:20:00";"SC";470;145,3;"RIO DO SUL";"Falta de Atenção à Condução";"Colisão traseira";"Com Vítimas Feridas";"Pleno dia";"Crescente";"Céu Claro";"Simples";"Reta";"Não";6;0;1;0;4;1;1;6;-27,237301;-49,682217;"SPRF-SC";"DEL04-SC";"UOP02-DEL04-SC"
290618;2020-06-18;"quinta-feira";"10:30:00";"SP";153;110,9;"JOSE BONIFACIO";"Falta de Atenção à Condução";"Colisão traseira";"Com Vítimas Feridas";"Pleno dia";"Crescente";"Céu Claro";"Simples";"Declive";"Não";3;0;1;0;1;2;1;4;-21,08845219;-49,67466361;"SPRF-SP";"DEL09-SP";"UOP01-DEL09-SP"
290619;2020-06-18;"quinta-feira";"10:15:00";"MG";153;150,9;"COMENDADOR GOMES";"Falta de Atenção à Condução";"Colisão traseira";"Com Vítimas Feridas";"Pleno dia";"Decrescente";"Céu Claro";"Simples";"Reta";"Não";4;0;2;0;1;2;2;4;-19,63809;-48,87062;"SPRF-MG";"DEL13-MG";"UOP02-DEL13-MG"
290621;2020-06-18;"quinta-feira";"10:20:00";"RJ";116;270;"BARRA MANSA";"Ultrapassagem Indevida";"Colisão frontal";"Com Vítimas Feridas";"Pleno dia";"Crescente";"Sol";"Simples";"Aclive";"Sim";4;0;3;0;1;0;3;3;-22,56923335;-44,12024318;"SPRF-RJ";"DEL07-RJ";"UOP02-DEL07-RJ"
290623;2020-06-18;"quinta-feira";"12:10:00";"RS";116;235;"NOVO HAMBURGO";"Falta de Atenção à Condução";"Colisão traseira";"Com Vítimas Feridas";"Pleno dia";"Decrescente";"Céu Claro";"Simples";"Reta";"Sim";3;0;2;0;0;1;2;2;-29,66037586;-51,14386509;"SPRF-RS";"DEL01-RS";"UOP02-DEL01-RS"
290626;2020-06-18;"quinta-feira";"07:20:00";"SC";282;342,7;"CAMPOS NOVOS";"Não guardar distância de segurança";"Colisão traseira";"Com Vítimas Fatais";"Amanhecer";"Decrescente";"Céu Claro";"Simples";"Reta";"Sim";4;1;0;0;2;1;0;3;-27,390287;-51,223286;"SPRF-SC";"DEL07-SC";"UOP06-DEL07-SC"
290632;2020-06-18;"quinta-feira";"07:45:00";"SC";470;11,8;"NAVEGANTES";"Velocidade Incompatível";"Colisão transversal";"Com Vítimas Feridas";"Amanhecer";"Decrescente";"Nevoeiro/Neblina";"Simples";"Curva";"Não";4;0;1;2;1;0;3;2;-26,834309;-48,747269;"SPRF-SC";"DEL04-SC";"UOP04-DEL04-SC"
290635;2020-06-18;"quinta-feira";"13:05:00";"RJ";101;331;"RIO DE JANEIRO";"Falta de Atenção à Condução";"Colisão traseira";"Com Vítimas Feridas";"Pleno dia";"Decrescente";"Céu Claro";"Dupla";"Curva";"Sim";3;0;0;1;1;1;1;3;-22,867662;-43,195337;"SPRF-RJ";"DEL02-RJ";"UOP02-DEL02-RJ"
290637;2020-06-18;"quinta-feira";"12:00:00";"MT";163;581,9;"NOVA MUTUM";"Falta de Atenção do Pedestre";"Atropelamento de Pedestre";"Com Vítimas Feridas";"Pleno dia";"Decrescente";"Sol";"Simples";"Reta";"Não";4;0;1;0;2;1;1;3;-14,07387601;-56,10677598;"SPRF-MT";"DEL01-MT";"UOP01-DEL01-MT"
290638;2020-06-18;"quinta-feira";"13:50:00";"RJ";393;238;"VASSOURAS";"Falta de Atenção à Condução";"Colisão lateral";"Com Vítimas Feridas";"Pleno dia";"Decrescente";"Céu Claro";"Simples";"Interseção de Vias";"Não";3;0;1;0;2;0;1;2;-22,42940632;-43,69741201;"SPRF-RJ";"DEL05-RJ";"UOP03-DEL05-RJ"
290640;2020-06-18;"quinta-feira";"12:20:00";"PA";10;312;"IRITUIA";"Falta de Atenção à Condução";"Saída de leito carroçável";"Com Vítimas Feridas";"Pleno dia";"Crescente";"Nublado";"Simples";"Reta";"Não";3;0;2;0;0;1;2;2;-1,70219802;-47,5023325;"SPRF-PA";"DEL01-PA";"UOP02-DEL01-PA"
290652;2020-06-18;"quinta-feira";"14:50:00";"SC";280;73;"JARAGUA DO SUL";"Desobediência às normas de trânsito pelo condutor";"Queda de ocupante de veículo";"Com Vítimas Fatais";"Pleno dia";"Decrescente";"Céu Claro";"Simples";"Rotatória";"Sim";4;1;0;0;1;3;0;5;-26,45850534;-49,16848004;"SPRF-SC";"DEL03-SC";"UOP03-DEL03-SC"
290653;2020-05-30;"sábado";"05:00:00";"SP";381;63;"MAIRIPORA";"Desobediência às normas de trânsito pelo condutor";"Colisão traseira";"Com Vítimas Feridas";"Plena Noite";"Crescente";"Céu Claro";"Dupla";"Reta";"Sim";7;0;2;1;4;0;3;3;-23,302805;-46,572767;"SPRF-SP";"DEL03-SP";"UOP01-DEL03-SP"
290654;2020-06-18;"quinta-feira";"14:30:00";"PR";476;311,5;"PAULO FRONTIN";"Falta de Atenção à Condução";"Colisão traseira";"Com Vítimas Feridas";"Pleno dia";"Crescente";"Sol";"Simples";"Aclive";"Não";4;0;2;0;1;1;2;2;-26,022373;-50,661972;"SPRF-PR";"DEL02-PR";"UOP04-DEL02-PR"
290655;2020-06-18;"quinta-feira";"14:20:00";"PA";10;312;"IRITUIA";"Falta de Atenção à Condução";"Colisão frontal";"Com Vítimas Feridas";"Pleno dia";"Decrescente";"Nublado";"Simples";"Declive";"Não";8;0;2;4;2;0;6;4;-1,70219802;-47,5023325;"SPRF-PA";"DEL01-PA";"UOP02-DEL01-PA"
290656;2020-06-18;"quinta-feira";"12:40:00";"MG";381;371,9;"SAO GONCALO DO RIO ABAIXO";"Condutor Dormindo";"Saída de leito carroçável";"Sem Vítimas";"Pleno dia";"Decrescente";"Céu Claro";"Simples";"Curva";"Não";2;0;0;0;1;1;0;2;-19,84407789;-43,30732499;"SPRF-MG";"DEL01-MG";"UOP01-DEL01-MG"
290658;2020-06-18;"quinta-feira";"12:40:00";"SP";101;47;"UBATUBA";"Desobediência às normas de trânsito pelo condutor";"Colisão transversal";"Com Vítimas Feridas";"Pleno dia";"Crescente";"Céu Claro";"Simples";"Rotatória";"Sim";3;0;2;0;1;0;2;2;-23,429897;-45,082436;"SPRF-SP";"DEL06-SP";"UOP01-DEL06-SP"
290676;2020-06-18;"quinta-feira";"18:45:00";"SC";280;24,1;"ARAQUARI";"Desobediência às normas de trânsito pelo condutor";"Colisão lateral";"Com Vítimas Fatais";"Plena Noite";"Decrescente";"Nublado";"Simples";"Reta";"Não";3;1;0;0;2;0;0;3;-26,37814489;-48,72056723;"SPRF-SC";"DEL03-SC";"UOP03-DEL03-SC"
290680;2020-06-18;"quinta-feira";"18:00:00";"MT";70;381,1;"CAMPO VERDE";"Falta de Atenção à Condução";"Atropelamento de Pedestre";"Com Vítimas Feridas";"Plena Noite";"Decrescente";"Céu Claro";"Simples";"Curva";"Sim";3;0;0;1;1;1;1;3;-15,52081988;-55,12450612;"SPRF-MT";"DEL05-MT";"UOP02-DEL05-MT"
290683;2020-06-18;"quinta-feira";"18:00:00";"PR";277;307,7;"GUARAPUAVA";"Defeito Mecânico no Veículo";"Colisão frontal";"Sem Vítimas";"Anoitecer";"Crescente";"Céu Claro";"Simples";"Reta";"Não";5;0;0;0;4;4;0;8;-25,314977;-51,199868;"SPRF-PR";"DEL08-PR";"UOP01-DEL08-PR"
290691;2020-06-18;"quinta-feira";"19:10:00";"RS";116;302;"GUAIBA";"Falta de Atenção à Condução";"Colisão traseira";"Com Vítimas Feridas";"Plena Noite";"Crescente";"Céu Claro";"Dupla";"Reta";"Não";2;0;1;0;1;0;1;2;-30,14883824;-51,36597633;"SPRF-RS";"DEL02-RS";"UOP01-DEL02-RS"
290692;2020-06-18;"quinta-feira";"19:30:00";"PR";376;668;"GUARATUBA";"Defeito Mecânico no Veículo";"Colisão lateral";"Com Vítimas Feridas";"Plena Noite";"Crescente";"Nublado";"Múltipla";"Curva";"Não";4;0;0;1;2;1;1;4;-25,864159;-48,937538;"SPRF-PR";"DEL01-PR";"UOP04-DEL01-PR"
290698;2020-06-18;"quinta-feira";"17:15:00";"MG";365;69;"UBERLANDIA";"Falta de Atenção à Condução";"Colisão lateral";"Com Vítimas Feridas";"Pleno dia";"Decrescente";"Céu Claro";"Dupla";"Viaduto";"Sim";2;0;0;1;1;0;1;2;-18,88358953;-48,26620102;"SPRF-MG";"DEL12-MG";"UOP01-DEL12-MG"
290701;2020-06-18;"quinta-feira";"19:00:00";"RS";116;302;"GUAIBA";"Ingestão de Álcool";"Colisão lateral";"Sem Vítimas";"Plena Noite";"Decrescente";"Nublado";"Dupla";"Reta";"Não";3;0;0;0;2;1;0;3;-30,13970487;-51,35942618;"SPRF-RS";"DEL02-RS";"UOP01-DEL02-RS"
290702;2020-06-18;"quinta-feira";"16:50:00";"MT";70;539,2;"NOSSA SENHORA DO LIVRAMENTO";"Falta de Atenção do Pedestre";"Tombamento";"Sem Vítimas";"Pleno dia";"Crescente";"Céu Claro";"Simples";"Reta";"Não";2;0;0;0;1;3;0;4;-15,67927429;-56,29186576;"SPRF-MT";"DEL01-MT";"UOP02-DEL01-MT"
290703;2020-05-26;"terça-feira";"17:05:00";"SP";116;278,7;"EMBU DAS ARTES";"Não guardar distância de segurança";"Colisão lateral";"Com Vítimas Feridas";"Anoitecer";"Crescente";"Céu Claro";"Dupla";"Reta;Interseção de Vias";"Sim";4;0;2;0;1;2;2;4;-23,66233697;-46,85292907;"SPRF-SP";"DEL04-SP";"UOP01-DEL04-SP"
290705;2020-06-18;"quinta-feira";"20:40:00";"RS";153;404,4;"CACHOEIRA DO SUL";"Desobediência às normas de trânsito pelo condutor";"Colisão transversal";"Com Vítimas Fatais";"Plena Noite";"Decrescente";"Nublado";"Simples";"Reta";"Sim";4;1;0;0;1;2;0;4;-30,0016064;-52,92112112;"SPRF-RS";"DEL02-RS";"UOP03-DEL02-RS"
290707;2020-06-18;"quinta-feira";"20:00:00";"SC";470;62;"INDAIAL";"Falta de Atenção à Condução";"Colisão lateral";"Com Vítimas Feridas";"Plena Noite";"Crescente";"Nevoeiro/Neblina";"Simples";"Em Obras;Reta";"Não";2;0;1;0;0;2;1;3;-26,874521;-49,182938;"SPRF-SC";"DEL04-SC";"UOP01-DEL04-SC"
290709;2020-06-18;"quinta-feira";"18:30:00";"PR";277;450,9;"LARANJEIRAS DO SUL";"Velocidade Incompatível";"Colisão traseira";"Com Vítimas Fatais";"Plena Noite";"Decrescente";"Céu Claro";"Simples";"Aclive;Reta";"Não";3;1;0;1;1;0;1;2;-25,36762674;-52,35059397;"SPRF-PR";"DEL04-PR";"UOP02-DEL04-PR"
290712;2020-06-18;"quinta-feira";"20:20:00";"RN";405;147,4;"PAU DOS FERROS";"Falta de Atenção à Condução";"Colisão com objeto estático";"Sem Vítimas";"Plena Noite";"Crescente";"Céu Claro";"Dupla";"Retorno Regulamentado";"Sim";2;0;0;0;1;1;0;2;-6,08274434;-38,21035266;"SPRF-RN";"DEL04-RN";"UOP02-DEL04-RN"
290713;2020-06-18;"quinta-feira";"19:40:00";"SC";116;129,8;"SANTA CECILIA";"Não guardar distância de segurança";"Colisão traseira";"Com Vítimas Feridas";"Plena Noite";"Decrescente";"Nublado";"Simples";"Reta";"Não";3;0;2;0;1;0;2;2;-26,88296297;-50,43000606;"SPRF-SC";"DEL06-SC";"UOP02-DEL06-SC"
290717;2020-06-18;"quinta-feira";"22:20:00";"MG";40;461;"SETE LAGOAS";"Falta de Atenção à Condução";"Colisão lateral";"Com Vítimas Feridas";"Plena Noite";"Crescente";"Céu Claro";"Dupla";"Reta";"Não";4;0;1;0;3;0;1;2;-19,4065509;-44,33367766;"SPRF-MG";"DEL02-MG";"UOP01-DEL02-MG"
290722;2020-06-18;"quinta-feira";"22:20:00";"AL";104;8,7;"SAO JOSE DA LAJE";"Falta de Atenção à Condução";"Saída de leito carroçável";"Com Vítimas Feridas";"Plena Noite";"Crescente";"Chuva";"Simples";"Curva";"Não";2;0;0;2;0;0;2;1;-8,96386265;-36,02023815;"SPRF-AL";"DEL01-AL";"UOP02-DEL01-AL"
290728;2020-06-18;"quinta-feira";"17:00:00";"BA";330;863,2;"UBATA";"Velocidade Incompatível";"Colisão frontal";"Com Vítimas Fatais";"Anoitecer";"Crescente";"Chuva";"Simples";"Curva";"Não";2;1;1;0;0;0;1;2;-14,19354802;-39,55742001;"SPRF-BA";"DEL05-BA";"UOP01-DEL05-BA"
290735;2020-06-18;"quinta-feira";"23:56:00";"MT";364;320;"CAMPO VERDE";"Não guardar distância de segurança";"Colisão traseira";"Sem Vítimas";"Plena Noite";"Decrescente";"Ignorado";"Dupla";"Reta";"Não";2;0;0;0;1;1;0;2;-15,81750613;-55,33912919;"SPRF-MT";"DEL05-MT";"UOP02-DEL05-MT"
290736;2020-06-19;"sexta-feira";"01:25:00";"BA";101;172;"FEIRA DE SANTANA";"Desobediência às normas de trânsito pelo condutor";"Colisão traseira";"Sem Vítimas";"Plena Noite";"Decrescente";"Nevoeiro/Neblina";"Simples";"Aclive;Curva";"Não";5;0;0;0;3;3;0;6;-12,36601062;-38,86817699;"SPRF-BA";"DEL01-BA";"UOP03-DEL01-BA"
290741;2020-06-19;"sexta-feira";"03:15:00";"MT";70;520;"VARZEA GRANDE";"Falta de Atenção à Condução";"Colisão traseira";"Com Vítimas Fatais";"Plena Noite";"Crescente";"Céu Claro";"Simples";"Reta";"Sim";2;1;0;0;1;0;0;2;-15,70117313;-56,16129756;"SPRF-MT";"DEL01-MT";"UOP02-DEL01-MT"
290742;2020-06-19;"sexta-feira";"03:05:00";"CE";116;191,3;"LIMOEIRO DO NORTE";"Condutor Dormindo";"Saída de leito carroçável";"Com Vítimas Feridas";"Plena Noite";"Decrescente";"Céu Claro";"Simples";"Ponte";"Não";3;0;1;1;0;1;2;2;-5,13171777;-38,15473622;"SPRF-CE";"DEL03-CE";"UOP01-DEL03-CE"
290751;2020-06-19;"sexta-feira";"03:15:00";"BA";101;372;"GANDU";"Defeito Mecânico no Veículo";"Tombamento";"Com Vítimas Feridas";"Plena Noite";"Decrescente";"Garoa/Chuvisco";"Simples";"Reta";"Não";1;0;1;0;0;0;1;1;-13,80340812;-39,49584961;"SPRF-BA";"DEL05-BA";"UOP03-DEL05-BA"
290756;2020-06-19;"sexta-feira";"07:30:00";"BA";324;610,8;"SIMOES FILHO";"Falta de Atenção à Condução";"Colisão transversal";"Com Vítimas Feridas";"Pleno dia";"Crescente";"Céu Claro";"Dupla";"Reta";"Sim";5;0;2;0;2;1;2;3;-12,82931703;-38,41113193;"SPRF-BA";"DEL01-BA";"UOP01-DEL01-BA"
290758;2020-06-19;"sexta-feira";"07:15:00";"PA";230;117;"MARABA";"Falta de Atenção à Condução";"Colisão lateral";"Sem Vítimas";"Pleno dia";"Decrescente";"Céu Claro";"Dupla";"Reta";"Sim";3;0;0;0;2;1;0;3;-5,35569904;-49,09047302;"SPRF-PA";"DEL03-PA";"UOP01-DEL03-PA"
290766;2020-06-19;"sexta-feira";"07:20:00";"SP";116;551;"BARRA DO TURVO";"Velocidade Incompatível";"Tombamento";"Sem Vítimas";"Pleno dia";"Decrescente";"Céu Claro";"Simples";"Curva";"Não";2;0;0;0;1;1;0;2;-24,96100521;-48,47172494;"SPRF-SP";"DEL05-SP";"UOP02-DEL05-SP"
290770;2020-06-19;"sexta-feira";"07:30:00";"PE";101;50;"ABREU E LIMA";"Ingestão de Álcool";"Colisão lateral";"Sem Vítimas";"Pleno dia";"Crescente";"Nublado";"Múltipla";"Reta";"Sim";4;0;0;0;2;3;0;5;-7,90938602;-34,90123228;"SPRF-PE";"DEL01-PE";"UOP02-DEL01-PE"
290771;2020-06-19;"sexta-feira";"06:50:00";"RS";386;16,8;"FREDERICO WESTPHALEN";"Ingestão de Álcool";"Saída de leito carroçável";"Com Vítimas Feridas";"Amanhecer";"Crescente";"Nublado";"Simples";"Curva";"Sim";2;0;1;0;1;0;1;1;-27,240423;-53,337631;"SPRF-RS";"DEL08-RS";"UOP02-DEL08-RS"
290773;2020-06-19;"sexta-feira";"09:40:00";"BA";324;620;"SALVADOR";"Defeito Mecânico no Veículo";"Colisão com objeto em movimento";"Com Vítimas Feridas";"Pleno dia";"Decrescente";"Sol";"Múltipla";"Curva;Interseção de Vias";"Sim";4;0;1;0;1;2;1;4;-12,91647733;-38,46102399;"SPRF-BA";"DEL01-BA";"UOP01-DEL01-BA"
290777;2020-06-19;"sexta-feira";"10:40:00";"BA";324;466,8;"TANQUINHO";"Condutor Dormindo";"Colisão lateral";"Com Vítimas Feridas";"Pleno dia";"Decrescente";"Céu Claro";"Simples";"Reta;Aclive";"Não";5;0;2;1;1;1;3;3;-11,95324811;-39,18005404;"SPRF-BA";"DEL02-BA";"UOP01-DEL02-BA"
290778;2020-06-19;"sexta-feira";"10:05:00";"SP";153;55,5;"SAO JOSE DO RIO PRETO";"Velocidade Incompatível";"Tombamento";"Sem Vítimas";"Pleno dia";"Crescente";"Céu Claro";"Simples";"Declive;Curva";"Não";2;0;0;0;1;1;0;2;-20,75321697;-49,34260108;"SPRF-SP";"DEL09-SP";"UOP01-DEL09-SP"
290781;2020-06-18;"quinta-feira";"08:00:00";"CE";222;226;"SOBRAL";"Carga excessiva e/ou mal acondicionada";"Derramamento de carga";"Sem Vítimas";"Pleno dia";"Crescente";"Céu Claro";"Simples";"Curva";"Sim";1;0;0;0;1;0;0;1;-3,70384427;-40,36612988;"SPRF-CE";"DEL04-CE";"UOP01-DEL04-CE"
290784;2020-06-19;"sexta-feira";"10:55:00";"AL";101;0,8;"NOVO LINO";"Falta de Atenção à Condução";"Colisão traseira";"Sem Vítimas";"Pleno dia";"Decrescente";"Chuva";"Dupla";"Reta";"Não";3;0;0;0;2;2;0;4;-8,883951;-35,630719;"SPRF-AL";"DEL01-AL";"UOP02-DEL01-AL"
290792;2020-06-19;"sexta-feira";"11:13:00";"MT";163;696;"SORRISO";"Não guardar distância de segurança";"Saída de leito carroçável";"Com Vítimas Feridas";"Pleno dia";"Crescente";"Nublado";"Simples";"Reta";"Não";2;0;1;0;0;1;1;2;-13,01283691;-55,8914423;"SPRF-MT";"DEL06-MT";"UOP01-DEL06-MT"
290793;2020-06-19;"sexta-feira";"11:45:00";"PB";101;122,4;"CAAPORA";"Falta de Atenção à Condução";"Saída de leito carroçável";"Sem Vítimas";"Pleno dia";"Crescente";"Chuva";"Dupla";"Declive;Reta";"Não";2;0;0;0;1;2;0;3;-7,45038197;-34,97994215;"SPRF-PB";"DEL01-PB";"UOP02-DEL01-PB"
290795;2020-05-18;"segunda-feira";"05:50:00";"MG";116;274,2;"TEOFILO OTONI";"Defeito Mecânico no Veículo";"Colisão traseira";"Com Vítimas Feridas";"Amanhecer";"Crescente";"Nublado";"Dupla";"Reta";"Sim";4;0;1;1;2;0;2;2;-17,83384514;-41,51094368;"SPRF-MG";"DEL11-MG";"UOP01-DEL11-MG"
290808;2020-06-19;"sexta-feira";"15:00:00";"RS";285;110,8;"VACARIA";"Velocidade Incompatível";"Colisão traseira";"Com Vítimas Fatais";"Pleno dia";"Decrescente";"Nublado";"Simples";"Aclive;Reta";"Não";2;1;0;0;1;0;0;2;-28,514071;-50,83876;"SPRF-RS";"DEL05-RS";"UOP03-DEL05-RS"
290814;2020-06-19;"sexta-feira";"14:30:00";"PE";407;60,4;"PETROLINA";"Animais na Pista";"Tombamento";"Sem Vítimas";"Pleno dia";"Decrescente";"Céu Claro";"Simples";"Reta";"Não";1;0;0;0;1;0;0;1;-8,85616179;-40,78347886;"SPRF-PE";"DEL06-PE";"UOP02-DEL06-PE"
290815;2020-06-19;"sexta-feira";"11:00:00";"MG";116;377,2;"MATHIAS LOBATO";"Desobediência às normas de trânsito pelo condutor";"Colisão transversal";"Com Vítimas Feridas";"Pleno dia";"Crescente";"Céu Claro";"Simples";"Reta";"Não";3;0;1;0;1;1;1;3;-18,59671795;-41,9254726;"SPRF-MG";"DEL06-MG";"UOP01-DEL06-MG"
290818;2020-06-19;"sexta-feira";"08:30:00";"PE";101;198;"PALMARES";"Pista Escorregadia";"Saída de leito carroçável";"Sem Vítimas";"Pleno dia";"Crescente";"Chuva";"Dupla";"Reta";"Não";2;0;0;0;1;1;0;2;-8,76149626;-35,60542345;"SPRF-PE";"DEL01-PE";"UOP03-DEL01-PE"
290823;2020-06-19;"sexta-feira";"14:40:00";"MS";267;89,6;"BATAGUASSU";"Ultrapassagem Indevida";"Saída de leito carroçável";"Com Vítimas Feridas";"Pleno dia";"Crescente";"Céu Claro";"Simples";"Declive";"Não";3;0;1;0;1;1;1;2;-21,86321686;-52,94852466;"SPRF-MS";"DEL02-MS";"UOP04-DEL02-MS"
290824;2020-06-19;"sexta-feira";"16:00:00";"BA";324;549;"AMELIA RODRIGUES";"Falta de Atenção à Condução";"Colisão traseira";"Sem Vítimas";"Pleno dia";"Decrescente";"Céu Claro";"Dupla";"Reta;Aclive";"Não";4;0;0;0;3;2;0;5;-12,43255269;-38,7319107;"SPRF-BA";"DEL01-BA";"UOP01-DEL01-BA"
290827;2020-06-19;"sexta-feira";"12:00:00";"BA";101;448;"AURELINO LEAL";"Falta de Atenção à Condução";"Colisão com objeto em movimento";"Sem Vítimas";"Pleno dia";"Decrescente";"Chuva";"Simples";"Aclive";"Não";3;0;0;0;2;1;0;3;-14,48285692;-39,32926641;"SPRF-BA";"DEL05-BA";"UOP01-DEL05-BA"
290829;2020-06-19;"sexta-feira";"16:15:00";"SC";282;46,9;"AGUAS MORNAS";"Defeito Mecânico no Veículo";"Saída de leito carroçável";"Sem Vítimas";"Pleno dia";"Decrescente";"Céu Claro";"Simples";"Curva";"Não";1;0;0;0;1;0;0;1;-27,721041;-48,925152;"SPRF-SC";"DEL01-SC";"UOP03-DEL01-SC"
290830;2020-06-19;"sexta-feira";"09:00:00";"RO";364;352;"JI-PARANA";"Falta de Atenção à Condução";"Colisão traseira";"Sem Vítimas";"Pleno dia";"Decrescente";"Céu Claro";"Simples";"Declive";"Não";3;0;0;0;2;4;0;6;-10,83322284;-62,01156957;"SPRF-RO";"DEL02-RO";"UOP01-DEL02-RO"
290831;2020-06-19;"sexta-feira";"17:00:00";"SC";101;119;"ITAJAI";"Desobediência às normas de trânsito pelo condutor";"Colisão lateral";"Com Vítimas Feridas";"Pleno dia";"Crescente";"Céu Claro";"Dupla";"Reta";"Sim";5;0;0;1;1;3;1;5;-26,9043179;-48,71555481;"SPRF-SC";"DEL04-SC";"UOP04-DEL04-SC"
290832;2020-06-19;"sexta-feira";"16:27:00";"SC";280;124,9;"RIO NEGRINHO";"Falta de Atenção à Condução";"Colisão frontal";"Com Vítimas Feridas";"Pleno dia";"Decrescente";"Céu Claro";"Simples";"Interseção de Vias";"Sim";3;0;1;0;1;1;1;3;-26,23898958;-49,50097203;"SPRF-SC";"DEL06-SC";"UOP03-DEL06-SC"
290835;2020-06-19;"sexta-feira";"14:45:00";"GO";153;187;"URUACU";"Falta de Atenção à Condução";"Colisão traseira";"Com Vítimas Feridas";"Pleno dia";"Crescente";"Céu Claro";"Simples";"Declive";"Não";5;0;1;0;3;3;1;7;-14,403475;-49,157497;"SPRF-GO";"DEL07-GO";"UOP02-DEL07-GO"
290837;2020-06-19;"sexta-feira";"16:00:00";"RJ";101;255;"RIO BONITO";"Falta de Atenção à Condução";"Colisão traseira";"Sem Vítimas";"Pleno dia";"Crescente";"Céu Claro";"Dupla";"Reta";"Não";2;0;0;0;2;0;0;2;-22,69421578;-42,55904705;"SPRF-RJ";"DEL02-RJ";"UOP03-DEL02-RJ"
290843;2020-06-19;"sexta-feira";"17:30:00";"PE";104;83,9;"AGRESTINA";"Falta de Atenção à Condução";"Colisão frontal";"Com Vítimas Feridas";"Anoitecer";"Crescente";"Nublado";"Simples";"Reta";"Não";4;0;2;1;1;0;3;2;-8,43066;-35,95916;"SPRF-PE";"DEL02-PE";"UOP01-DEL02-PE"
290851;2020-06-19;"sexta-feira";"15:00:00";"MA";135;37,7;"BACABEIRA";"Ultrapassagem Indevida";"Colisão frontal";"Com Vítimas Feridas";"Pleno dia";"Decrescente";"Céu Claro";"Simples";"Reta";"Não";5;0;0;4;1;0;4;2;-2,867093;-44,37482;"SPRF-MA";"DEL01-MA";"UOP01-DEL01-MA"
290860;2020-06-19;"sexta-feira";"18:15:00";"SC";282;214;"LAGES";"Desobediência às normas de trânsito pelo pedestre";"Colisão transversal";"Com Vítimas Feridas";"Plena Noite";"Crescente";"Céu Claro";"Simples";"Rotatória";"Não";2;0;1;0;1;0;1;2;-27,78937;-50,271915;"SPRF-SC";"DEL05-SC";"UOP01-DEL05-SC"
290862;2020-06-19;"sexta-feira";"17:40:00";"PR";277;495,2;"GUARANIACU";"Desobediência às normas de trânsito pelo condutor";"Colisão frontal";"Com Vítimas Feridas";"Anoitecer";"Decrescente";"Céu Claro";"Simples";"Reta";"Não";3;0;0;1;1;1;1;3;-25,20085392;-52,65444353;"SPRF-PR";"DEL04-PR";"UOP04-DEL04-PR"
290869;2020-06-07;"domingo";"10:30:00";"BA";420;250;"MUTUIPE";"Falta de Atenção à Condução";"Tombamento";"Com Vítimas Feridas";"Pleno dia";"Decrescente";"Ignorado";"Simples";"Reta";"Não";3;0;0;1;1;1;1;3;-13,24140761;-39,49906826;"SPRF-BA";"DEL01-BA";"UOP02-DEL01-BA"
290875;2020-06-19;"sexta-feira";"18:10:00";"RN";226;45;"BOM JESUS";"Falta de Atenção à Condução";"Colisão frontal";"Com Vítimas Fatais";"Plena Noite";"Crescente";"Chuva";"Simples";"Reta";"Não";2;1;0;0;1;0;0;2;-5,96424089;-35,56788617;"SPRF-RN";"DEL01-RN";"UOP02-DEL01-RN"
290892;2020-06-19;"sexta-feira";"10:00:00";"MG";365;626;"UBERLANDIA";"Falta de Atenção à Condução";"Queda de ocupante de veículo";"Com Vítimas Feridas";"Pleno dia";"Crescente";"Céu Claro";"Dupla";"Viaduto";"Sim";1;0;0;1;0;0;1;1;-18,90659356;-48,33469405;"SPRF-MG";"DEL15-MG";"UOP01-DEL15-MG"
290899;2020-06-19;"sexta-feira";"19:50:00";"MT";364;226;"RONDONOPOLIS";"Velocidade Incompatível";"Colisão traseira";"Com Vítimas Feridas";"Plena Noite";"Decrescente";"Céu Claro";"Dupla";"Reta;Aclive";"Não";3;0;1;0;1;1;1;3;-16,29869398;-54,76073095;"SPRF-MT";"DEL02-MT";"UOP01-DEL02-MT"
290900;2020-06-19;"sexta-feira";"18:00:00";"PB";230;268,2;"JUNCO DO SERIDO";"Desobediência às normas de trânsito pelo condutor";"Colisão frontal";"Com Vítimas Feridas";"Anoitecer";"Decrescente";"Chuva";"Simples";"Reta";"Não";5;0;1;1;1;2;2;3;-6,9674;-36,764;"SPRF-PB";"DEL03-PB";"UOP01-DEL03-PB"