"id";"data_inversa";"dia_semana";"horario";"uf";"br";"km";"municipio";"causa_acidente";"tipo_acidente";"classificacao_acidente";"fase_dia";"sentido_via";"condicao_metereologica";"tipo_pista";"tracado_via";"uso_solo";"pessoas";"mortos";"feridos_leves";"feridos_graves";"ilesos";"ignorados";"feridos";"veiculos";"latitude";"longitude";"regional";"delegacia";"uop"
291312;2020-06-21;"domingo";"22:15:00";"PB";101;12,9;"MAMANGUAPE";"Defeito Mecânico no Veículo";"Colisão com objeto estático";"Sem Vítimas";"Plena Noite";"Decrescente";"Céu Claro";"Dupla";"Curva;Declive";"Não";2;0;0;0;1;1;0;2;-6,60110408;-35,14339905;"SPRF-PB";"DEL01-PB";"UOP04-DEL01-PB"
291317;2020-06-21;"domingo";"19:25:00";"SC";282;372;"ERVAL VELHO";"Falta de Atenção à Condução";"Colisão lateral";"Com Vítimas Feridas";"Anoitecer";"Crescente";"Nublado";"Simples";"Aclive;Reta";"Não";3;0;1;0;2;0;1;2;-27,251827;-51,446991;"SPRF-SC";"DEL07-SC";"UOP05-DEL07-SC"
291323;2020-06-22;"segunda-feira";"00:15:00";"BA";116;408;"FEIRA DE SANTANA";"Ultrapassagem Indevida";"Saída de leito carroçável";"Com Vítimas Feridas";"Plena Noite";"Decrescente";"Chuva";"Simples";"Reta";"Não";4;0;1;0;2;1;1;2;-12,09905801;-38,96893229;"SPRF-BA";"DEL02-BA";"UOP01-DEL02-BA"
291334;2020-06-21;"domingo";"23:40:00";"PR";376;41,4;"NOVA LONDRINA";"Falta de Atenção à Condução";"Tombamento";"Com Vítimas Feridas";"Plena Noite";"Crescente";"Céu Claro";"Simples";"Reta";"Não";4;0;0;1;2;1;1;4;-22,84503931;-52,98017934;"SPRF-PR";"DEL09-PR";"UOP02-DEL09-PR"
291335;2020-06-22;"segunda-feira";"03:40:00";"ES";101;443,7;"MIMOSO DO SUL";"Velocidade Incompatível";"Colisão com objeto estático";"Com Vítimas Feridas";"Plena Noite";"Crescente";"Nevoeiro/Neblina";"Simples";"Curva";"Não";1;0;1;0;0;0;1;1;-21,09789425;-41,25305078;"SPRF-ES";"DEL03-ES";"UOP02-DEL03-ES"
291338;2020-06-22;"segunda-feira";"04:25:00";"RS";285;350;"CARAZINHO";"Falta de Atenção à Condução";"Tombamento";"Com Vítimas Feridas";"Plena Noite";"Crescente";"Céu Claro";"Dupla";"Reta";"Não";1;0;1;0;0;0;1;1;-28,33477;-52,886402;"SPRF-RS";"DEL08-RS";"UOP03-DEL08-RS"
291340;2020-06-22;"segunda-feira";"03:50:00";"RJ";101;156;"MACAE";"Desobediência às normas de trânsito pelo condutor";"Colisão frontal";"Com Vítimas Fatais";"Plena Noite";"Decrescente";"Céu Claro";"Simples";"Curva";"Não";5;2;0;0;3;0;0;2;-22,26259;-41,850431;"SPRF-RJ";"DEL08-RJ";"UOP04-DEL08-RJ"
291341;2020-06-18;"quinta-feira";"05:10:00";"AM";174;1016;"PRESIDENTE FIGUEIREDO";"Defeito na Via";"Danos eventuais";"Sem Vítimas";"Amanhecer";"Crescente";"Nevoeiro/Neblina";"Simples";"Reta";"Não";2;0;0;0;1;1;0;2;-1,84829597;-60,10479197;"SPRF-AM";"DEL01-AM";"UOP02-DEL01-AM"
291350;2020-06-22;"segunda-feira";"07:05:00";"ES";101;266,1;"SERRA";"Desobediência às normas de trânsito pelo condutor";"Colisão transversal";"Com Vítimas Feridas";"Pleno dia";"Decrescente";"Céu Claro";"Múltipla";"Reta";"Sim";3;0;2;0;1;0;2;2;-20,190199;-40,26828891;"SPRF-ES";"DEL02-ES";"UOP01-DEL02-ES"
291367;2020-06-22;"segunda-feira";"07:52:00";"MG";381;949,5;"EXTREMA";"Não guardar distância de segurança";"Colisão traseira";"Com Vítimas Feridas";"Pleno dia";"Crescente";"Céu Claro";"Dupla";"Reta";"Não";6;0;1;0;2;4;1;7;-22,87479042;-46,36655782;"SPRF-MG";"DEL16-MG";"UOP03-DEL16-MG"
291369;2020-05-30;"sábado";"07:00:00";"PA";10;339;"SAO MIGUEL DO GUAMA";"Desobediência às normas de trânsito pelo condutor";"Colisão transversal";"Com Vítimas Feridas";"Pleno dia";"Crescente";"Céu Claro";"Simples";"Reta";"Não";2;0;1;0;1;0;1;2;-1,47568203;-47,53096212;"SPRF-PA";"DEL01-PA";"UOP02-DEL01-PA"
291378;2020-06-22;"segunda-feira";"09:45:00";"PR";376;624,7;"SAO JOSE DOS PINHAIS";"Falta de Atenção à Condução";"Saída de leito carroçável";"Com Vítimas Feridas";"Pleno dia";"Decrescente";"Sol";"Dupla";"Reta";"Sim";3;0;0;1;1;1;1;3;-25,64336599;-49,15942795;"SPRF-PR";"DEL01-PR";"UOP01-DEL01-PR"
291380;2020-05-13;"quarta-feira";"10:30:00";"SC";282;495;"XANXERE";"Desobediência às normas de trânsito pelo condutor";"Colisão lateral";"Com Vítimas Feridas";"Pleno dia";"Crescente";"Chuva";"Múltipla";"Reta";"Não";2;0;0;1;0;1;1;2;-26,875349;-52,327076;"SPRF-SC";"DEL07-SC";"UOP01-DEL07-SC"
291386;2020-06-22;"segunda-feira";"09:30:00";"RO";364;736,1;"PORTO VELHO";"Defeito Mecânico no Veículo";"Colisão lateral";"Com Vítimas Feridas";"Pleno dia";"Crescente";"Sol";"Simples";"Reta";"Não";5;0;2;0;3;0;2;2;-8,94498284;-63,98028737;"SPRF-RO";"DEL01-RO";"UOP02-DEL01-RO"
291387;2020-06-12;"sexta-feira";"10:51:00";"MT";364;205;"RONDONOPOLIS";"Desobediência às normas de trânsito pelo condutor";"Colisão lateral";"Com Vítimas Feridas";"Pleno dia";"Decrescente";"Sol";"Dupla";"Reta";"Sim";2;0;1;0;1;0;1;2;-16,45928621;-54,66092345;"SPRF-MT";"DEL02-MT";"UOP01-DEL02-MT"
291389;2020-06-22;"segunda-feira";"10:15:00";"RS";470;232,6;"CARLOS BARBOSA";"Defeito Mecânico no Veículo";"Tombamento";"Sem Vítimas";"Pleno dia";"Decrescente";"Céu Claro";"Simples";"Rotatória";"Não";1;0;0;0;1;0;0;1;-29,23579206;-51,51193423;"SPRF-RS";"DEL06-RS";"UOP01-DEL06-RS"
291394;2020-06-04;"quinta-feira";"10:25:00";"ES";101;368,6;"ANCHIETA";"Velocidade Incompatível";"Tombamento";"Com Vítimas Feridas";"Pleno dia";"Crescente";"Céu Claro";"Simples";"Curva";"Não";4;0;0;1;0;3;1;3;-20,753749;-40,75894999;"SPRF-ES";"DEL03-ES";"UOP01-DEL03-ES"
291397;2020-06-22;"segunda-feira";"10:45:00";"MG";354;729,2;"POUSO ALTO";"Velocidade Incompatível";"Capotamento";"Com Vítimas Feridas";"Pleno dia";"Crescente";"Céu Claro";"Simples";"Curva";"Não";1;0;1;0;0;0;1;1;-22,15769397;-44,96393873;"SPRF-MG";"DEL17-MG";"UOP01-DEL17-MG"
291398;2020-06-22;"segunda-feira";"11:15:00";"MS";60;392,5;"SIDROLANDIA";"Não guardar distância de segurança";"Colisão com objeto estático";"Com Vítimas Feridas";"Pleno dia";"Decrescente";"Céu Claro";"Simples";"Reta";"Não";5;0;1;2;2;0;3;5;-20,734531;-54,77996;"SPRF-MS";"DEL01-MS";"UOP04-DEL01-MS"
291409;2020-06-22;"segunda-feira";"12:30:00";"RN";304;47,9;"MOSSORO";"Falta de Atenção à Condução";"Saída de leito carroçável";"Sem Vítimas";"Pleno dia";"Decrescente";"Céu Claro";"Dupla";"Retorno Regulamentado";"Sim";2;0;0;0;1;1;0;2;-5,231;-37,321;"SPRF-RN";"DEL04-RN";"UOP01-DEL04-RN"
291411;2020-06-22;"segunda-feira";"12:25:00";"MG";40;515,7;"RIBEIRAO DAS NEVES";"Falta de Atenção à Condução";"Colisão traseira";"Sem Vítimas";"Pleno dia";"Decrescente";"Céu Claro";"Dupla";"Reta;Aclive";"Sim";2;0;0;0;2;0;0;2;-19,81475643;-44,0910852;"SPRF-MG";"DEL01-MG";"UOP02-DEL01-MG"
291420;2020-06-22;"segunda-feira";"13:40:00";"PR";277;46;"MORRETES";"Defeito Mecânico no Veículo";"Incêndio";"Sem Vítimas";"Pleno dia";"Crescente";"Céu Claro";"Dupla";"Aclive";"Não";1;0;0;0;1;0;0;1;-25,58170589;-48,87791023;"SPRF-PR";"DEL01-PR";"UOP07-DEL01-PR"
291421;2020-05-21;"quinta-feira";"16:30:00";"PR";163;315;"TERRA ROXA";"Defeito na Via";"Saída de leito carroçável";"Sem Vítimas";"Pleno dia";"Crescente";"Céu Claro";"Simples";"Aclive";"Não";1;0;0;0;1;0;0;1;-24,38679711;-54,15455126;"SPRF-PR";"DEL06-PR";"UOP02-DEL06-PR"
291429;2020-01-17;"sexta-feira";"15:00:00";"SC";116;20,1;"MAFRA";"Condutor Dormindo";"Colisão frontal";"Com Vítimas Feridas";"Pleno dia";"Decrescente";"Céu Claro";"Simples";"Reta";"Não";7;0;4;1;2;0;5;2;-26,24150415;-49,90271274;"SPRF-SC";"DEL06-SC";"UOP01-DEL06-SC"
291430;2020-06-22;"segunda-feira";"14:40:00";"MT";163;950;"NOVA SANTA HELENA";"Ultrapassagem Indevida";"Colisão lateral";"Com Vítimas Feridas";"Pleno dia";"Crescente";"Céu Claro";"Simples";"Curva";"Não";6;0;0;1;3;7;1;11;-10,88857172;-55,2013458;"SPRF-MT";"DEL06-MT";"NPF/DEL06-MT"
291431;2020-06-22;"segunda-feira";"13:50:00";"MA";135;77,8;"SANTA RITA";"Condutor Dormindo";"Colisão frontal";"Com Vítimas Feridas";"Pleno dia";"Decrescente";"Sol";"Simples";"Curva";"Sim";3;0;1;0;1;1;1;3;-3,19624682;-44,35677317;"SPRF-MA";"DEL01-MA";"UOP02-DEL01-MA"
291432;2020-06-22;"segunda-feira";"15:20:00";"MG";354;742;"POUSO ALTO";"Falta de Atenção à Condução";"Colisão traseira";"Sem Vítimas";"Pleno dia";"Crescente";"Céu Claro";"Simples";"Curva";"Não";4;0;0;0;3;1;0;3;-22,23118898;-44,9332353;"SPRF-MG";"DEL17-MG";"UOP01-DEL17-MG"
291435;2020-06-13;"sábado";"18:10:00";"PE";423;77;"JUCATI";"Desobediência às normas de trânsito pelo condutor";"Colisão traseira";"Sem Vítimas";"Plena Noite";"Decrescente";"Chuva";"Simples";"Curva";"Não";3;0;0;0;2;1;0;3;-8,740482;-36,43069893;"SPRF-PE";"DEL03-PE";"UOP01-DEL03-PE"
291437;2020-02-14;"sexta-feira";"01:30:00";"SP";116;548;"BARRA DO TURVO";"Pista Escorregadia";"Engavetamento";"Com Vítimas Feridas";"Plena Noite";"Crescente";"Garoa/Chuvisco";"Dupla";"Curva";"Não";8;0;2;0;5;1;2;8;-24,95393;-48,447268;"SPRF-SP";"DEL05-SP";"UOP02-DEL05-SP"
291438;2020-06-22;"segunda-feira";"16:20:00";"ES";101;335,2;"GUARAPARI";"Falta de Atenção à Condução";"Colisão transversal";"Com Vítimas Feridas";"Pleno dia";"Crescente";"Céu Claro";"Simples";"Aclive";"Não";4;0;2;0;1;1;2;3;-20,62718356;-40,52742029;"SPRF-ES";"DEL03-ES";"UOP01-DEL03-ES"
291440;2020-06-22;"segunda-feira";"11:40:00";"MA";135;107;"ITAPECURU MIRIM";"Não guardar distância de segurança";"Colisão traseira";"Com Vítimas Feridas";"Pleno dia";"Crescente";"Sol";"Simples";"Reta";"Não";3;0;1;0;2;0;1;3;-3,40937886;-44,51426325;"SPRF-MA";"DEL01-MA";"UOP02-DEL01-MA"
291444;2020-06-21;"domingo";"01:50:00";"SC";470;319;"CAMPOS NOVOS";"Velocidade Incompatível";"Saída de leito carroçável";"Com Vítimas Fatais";"Plena Noite";"Decrescente";"Céu Claro";"Simples";"Rotatória";"Sim";3;1;0;0;1;1;0;3;-27,40876653;-51,21538639;"SPRF-SC";"DEL07-SC";"UOP06-DEL07-SC"
291448;2020-01-16;"quinta-feira";"07:30:00";"PI";343;345,1;"TERESINA";"Desobediência às normas de trânsito pelo condutor";"Colisão transversal";"Com Vítimas Feridas";"Pleno dia";"Decrescente";"Nublado";"Simples";"Reta";"Sim";2;0;0;1;1;0;1;2;-5,10273129;-42,76655138;"SPRF-PI";"DEL01-PI";"UOP01-DEL01-PI"
291450;2020-06-22;"segunda-feira";"15:20:00";"RS";116;435,8;"CRISTAL";"Condutor Dormindo";"Saída de leito carroçável";"Sem Vítimas";"Pleno dia";"Crescente";"Nublado";"Simples";"Reta";"Não";2;0;0;0;1;1;0;2;-31,057882;-52,03811184;"SPRF-RS";"DEL02-RS";"UOP02-DEL02-RS"
291452;2020-06-22;"segunda-feira";"12:00:00";"PI";230;257;"SAO FRANCISCO DO PIAUI";"Condutor Dormindo";"Saída de leito carroçável";"Com Vítimas Feridas";"Pleno dia";"Decrescente";"Céu Claro";"Simples";"Curva";"Não";2;0;1;0;0;1;1;2;-6,99432409;-42,58841498;"SPRF-PI";"DEL03-PI";"UOP01-DEL03-PI"
291459;2020-06-22;"segunda-feira";"18:15:00";"ES";101;310;"VIANA";"Falta de Atenção à Condução";"Colisão frontal";"Com Vítimas Feridas";"Plena Noite";"Crescente";"Nublado";"Simples";"Curva";"Sim";3;0;1;0;1;1;1;3;-20,42590098;-40,46036505;"SPRF-ES";"DEL01-ES";"UOP01-DEL01-ES"
291461;2020-06-22;"segunda-feira";"17:30:00";"ES";259;62,7;"COLATINA";"Falta de Atenção à Condução";"Colisão traseira";"Com Vítimas Feridas";"Anoitecer";"Crescente";"Céu Claro";"Simples";"Reta";"Sim";2;0;1;0;1;0;1;2;-19,53124185;-40,68990791;"SPRF-ES";"DEL02-ES";"UOP01-DEL02-ES"
291472;2020-06-22;"segunda-feira";"19:30:00";"SP";116;157;"SAO JOSE DOS CAMPOS";"Desobediência às normas de trânsito pelo pedestre";"Atropelamento de Pedestre";"Com Vítimas Feridas";"Plena Noite";"Crescente";"Nublado";"Dupla";"Reta";"Sim";2;0;1;0;1;0;1;2;-23,25558031;-45,9437828;"SPRF-SP";"DEL02-SP";"UOP01-DEL02-SP"
291474;2020-06-22;"segunda-feira";"18:20:00";"SC";101;98,5;"BALNEARIO PICARRAS";"Animais na Pista";"Atropelamento de Animal";"Com Vítimas Fatais";"Plena Noite";"Decrescente";"Céu Claro";"Dupla";"Reta";"Sim";4;1;0;0;2;1;0;4;-26,73760897;-48,69918789;"SPRF-SC";"DEL03-SC";"UOP02-DEL03-SC"
291476;2020-06-22;"segunda-feira";"20:15:00";"GO";50;281;"CATALAO";"Restrição de Visibilidade";"Colisão transversal";"Com Vítimas Feridas";"Plena Noite";"Crescente";"Céu Claro";"Dupla";"Retorno Regulamentado;Curva;Interseção de Vias";"Sim";2;0;0;1;1;0;1;2;-18,18160288;-47,94146061;"SPRF-GO";"DEL06-GO";"UOP01-DEL06-GO"
291477;2020-06-22;"segunda-feira";"18:50:00";"SP";116;278;"EMBU DAS ARTES";"Falta de Atenção à Condução";"Colisão traseira";"Com Vítimas Feridas";"Plena Noite";"Crescente";"Céu Claro";"Dupla";"Reta";"Sim";6;0;2;0;4;0;2;5;-23,65508497;-46,84918605;"SPRF-SP";"DEL04-SP";"UOP01-DEL04-SP"
291484;2020-06-22;"segunda-feira";"20:00:00";"PE";116;35,8;"SALGUEIRO";"Sinalização da via insuficiente ou inadequada";"Colisão com objeto estático";"Sem Vítimas";"Plena Noite";"Crescente";"Céu Claro";"Simples";"Ponte";"Não";2;0;0;0;2;0;0;1;-8,144699;-39,111214;"SPRF-PE";"DEL05-PE";"UOP01-DEL05-PE"
291486;2020-06-22;"segunda-feira";"19:50:00";"MG";251;474;"FRANCISCO SA";"Velocidade Incompatível";"Colisão lateral";"Com Vítimas Fatais";"Plena Noite";"Crescente";"Céu Claro";"Simples";"Curva;Declive";"Não";11;1;0;0;9;4;0;8;-16,47130466;-43,45673904;"SPRF-MG";"DEL12-MG";"UOP01-DEL12-MG"
291487;2020-06-22;"segunda-feira";"19:15:00";"BA";101;359;"WENCESLAU GUIMARAES";"Desobediência às normas de trânsito pelo condutor";"Colisão frontal";"Sem Vítimas";"Plena Noite";"Crescente";"Chuva";"Simples";"Curva";"Não";3;0;0;0;2;1;0;3;-13,70154554;-39,48011577;"SPRF-BA";"DEL05-BA";"UOP03-DEL05-BA"
291488;2020-06-22;"segunda-feira";"21:00:00";"RJ";40;96;"DUQUE DE CAXIAS";"Velocidade Incompatível";"Tombamento";"Com Vítimas Feridas";"Plena Noite";"Decrescente";"Céu Claro";"Dupla";"Curva";"Não";2;0;0;1;0;1;1;2;-22,56876595;-43,27693723;"SPRF-RJ";"DEL01-RJ";"UOP01-DEL01-RJ"
291495;2020-06-16;"terça-feira";"14:15:00";"PE";424;94,6;"GARANHUNS";"Velocidade Incompatível";"Colisão transversal";"Com Vítimas Feridas";"Pleno dia";"Crescente";"Nublado";"Simples";"Aclive";"Não";4;0;0;2;2;0;2;2;-8,92489;-36,489456;"SPRF-PE";"DEL03-PE";"UOP01-DEL03-PE"
291498;2020-06-22;"segunda-feira";"21:30:00";"RS";116;342,9;"BARRA DO RIBEIRO";"Ultrapassagem Indevida";"Colisão lateral";"Com Vítimas Feridas";"Plena Noite";"Decrescente";"Nublado";"Simples";"Reta";"Não";2;0;1;0;0;1;1;2;-30,47228808;-51,49340537;"SPRF-RS";"DEL02-RS";"UOP02-DEL02-RS"
291499;2020-06-22;"segunda-feira";"22:45:00";"PB";101;108;"ALHANDRA";"Não guardar distância de segurança";"Colisão lateral";"Com Vítimas Feridas";"Plena Noite";"Crescente";"Céu Claro";"Múltipla";"Reta";"Não";2;0;1;0;0;1;1;2;-7,33454898;-34,94758056;"SPRF-PB";"DEL01-PB";"UOP02-DEL01-PB"
291502;2020-06-22;"segunda-feira";"21:45:00";"PR";277;413;"CANDOI";"Velocidade Incompatível";"Tombamento";"Com Vítimas Feridas";"Plena Noite";"Crescente";"Céu Claro";"Simples";"Reta";"Não";2;0;1;0;0;1;1;2;-25,42378449;-52,03083928;"SPRF-PR";"DEL04-PR";"UOP02-DEL04-PR"
291503;2020-06-22;"segunda-feira";"00:50:00";"MG";381;364;"SAO GONCALO DO RIO ABAIXO";"Velocidade Incompatível";"Saída de leito carroçável";"Com Vítimas Feridas";"Plena Noite";"Crescente";"Céu Claro";"Simples";"Curva";"Não";2;0;2;0;0;0;2;1;-19,84955579;-43,25424839;"SPRF-MG";"DEL03-MG";"UOP01-DEL03-MG"
291505;2020-06-23;"terça-feira";"02:30:00";"MG";50;176,7;"UBERABA";"Falta de Atenção à Condução";"Tombamento";"Com Vítimas Feridas";"Plena Noite";"Decrescente";"Nublado";"Dupla";"Reta";"Sim";1;0;1;0;0;0;1;1;-19,77919981;-47,960032;"SPRF-MG";"DEL13-MG";"UOP01-DEL13-MG"
291506;2020-06-23;"terça-feira";"02:40:00";"SP";459;2;"PIQUETE";"Velocidade Incompatível";"Tombamento";"Com Vítimas Feridas";"Plena Noite";"Crescente";"Céu Claro";"Simples";"Declive;Curva";"Não";2;0;0;1;0;1;1;2;-22,568756;-45,21368;"SPRF-SP";"DEL08-SP";"UOP01-DEL08-SP"
291512;2020-06-23;"terça-feira";"05:40:00";"PR";277;16,6;"PARANAGUA";"Condutor Dormindo";"Saída de leito carroçável";"Sem Vítimas";"Plena Noite";"Decrescente";"Nublado";"Dupla";"Reta";"Não";2;0;0;0;1;2;0;3;-25,56610574;-48,62495594;"SPRF-PR";"DEL01-PR";"UOP05-DEL01-PR"
291514;2020-06-23;"terça-feira";"05:30:00";"SP";116;503;"CAJATI";"Falta de Atenção à Condução";"Saída de leito carroçável";"Com Vítimas Feridas";"Plena Noite";"Crescente";"Céu Claro";"Dupla";"Curva";"Não";1;0;1;0;0;0;1;1;-24,77541893;-48,20947907;"SPRF-SP";"DEL05-SP";"UOP02-DEL05-SP"
291515;2020-06-22;"segunda-feira";"22:30:00";"PA";222;143;"ABEL FIGUEIREDO";"Ingestão de Álcool";"Tombamento";"Com Vítimas Feridas";"Plena Noite";"Crescente";"Céu Claro";"Simples";"Aclive";"Não";2;0;1;0;0;1;1;2;-4,932527;-48,358654;"SPRF-PA";"DEL02-PA";"UOP02-DEL02-PA"
291516;2020-06-23;"terça-feira";"03:00:00";"BA";101;386;"IBIRAPITANGA";"Desobediência às normas de trânsito pelo condutor";"Tombamento";"Sem Vítimas";"Plena Noite";"Decrescente";"Chuva";"Simples";"Curva";"Não";1;0;0;0;1;0;0;1;-14,01428272;-39,4410289;"SPRF-BA";"DEL05-BA";"UOP03-DEL05-BA"
291518;2020-06-09;"terça-feira";"16:30:00";"SP";116;512;"CAJATI";"Defeito Mecânico no Veículo";"Saída de leito carroçável";"Sem Vítimas";"Pleno dia";"Decrescente";"Nublado";"Simples";"Curva";"Não";1;0;0;0;1;0;0;1;-24,84304306;-48,22027915;"SPRF-SP";"DEL05-SP";"UOP02-DEL05-SP"
291524;2020-01-15;"quarta-feira";"17:00:00";"PI";316;5;"TERESINA";"Objeto estático sobre o leito carroçável";"Colisão traseira";"Com Vítimas Feridas";"Pleno dia";"Crescente";"Nublado";"Múltipla";"Reta";"Sim";2;0;1;0;1;0;1;2;-5,14169858;-42,78157276;"SPRF-PI";"DEL01-PI";"UOP02-DEL01-PI"
291525;2020-06-23;"terça-feira";"07:45:00";"MG";365;627,5;"UBERLANDIA";"Defeito na Via";"Tombamento";"Com Vítimas Feridas";"Pleno dia";"Decrescente";"Sol";"Múltipla";"Em Obras;Reta;Declive";"Sim";3;0;1;0;1;2;1;4;-18,9061398;-48,32065523;"SPRF-MG";"DEL15-MG";"UOP01-DEL15-MG"
291526;2020-06-23;"terça-feira";"07:50:00";"RJ";116;163,8;"RIO DE JANEIRO";"Falta de Atenção à Condução";"Tombamento";"Com Vítimas Feridas";"Pleno dia";"Crescente";"Céu Claro";"Múltipla";"Reta";"Sim";2;0;0;1;1;0;1;1;-22,802729;-43,290424;"SPRF-RJ";"DEL01-RJ";"UOP01-DEL01-RJ"
291536;2020-06-23;"terça-feira";"08:00:00";"MG";116;610,7;"SAO JOAO DO MANHUACU";"Restrição de Visibilidade";"Colisão traseira";"Com Vítimas Feridas";"Pleno dia";"Decrescente";"Nevoeiro/Neblina";"Simples";"Aclive;Reta";"Sim";3;0;0;1;1;1;1;3;-20,40670478;-42,1520904;"SPRF-MG";"DEL07-MG";"UOP03-DEL07-MG"
291537;2020-06-23;"terça-feira";"07:30:00";"MG";381;371;"SAO GONCALO DO RIO ABAIXO";"Velocidade Incompatível";"Tombamento";"Sem Vítimas";"Pleno dia";"Decrescente";"Sol";"Simples";"Declive;Curva";"Não";2;0;0;0;1;2;0;3;-19,852232;-43,271534;"SPRF-MG";"DEL01-MG";"UOP01-DEL01-MG"
291541;2020-06-23;"terça-feira";"06:30:00";"AL";101;219;"PORTO REAL DO COLEGIO";"Falta de Atenção à Condução";"Saída de leito carroçável";"Com Vítimas Feridas";"Pleno dia";"Crescente";"Chuva";"Dupla";"Curva";"Não";2;0;1;0;0;1;1;2;-10,04787311;-36,67004799;"SPRF-AL";"DEL02-AL";"UOP02-DEL02-AL"
291543;2020-06-23;"terça-feira";"09:35:00";"SC";280;58,2;"GUARAMIRIM";"Falta de Atenção à Condução";"Colisão traseira";"Com Vítimas Feridas";"Pleno dia";"Decrescente";"Céu Claro";"Simples";"Reta";"Não";3;0;1;1;1;0;2;2;-26,47415593;-49,021211;"SPRF-SC";"DEL03-SC";"UOP03-DEL03-SC"
291544;2020-06-23;"terça-feira";"09:30:00";"SP";116;201;"ARUJA";"Falta de Atenção à Condução";"Colisão traseira";"Com Vítimas Feridas";"Pleno dia";"Crescente";"Sol";"Dupla";"Reta";"Não";3;0;0;1;1;1;1;3;-23,40362877;-46,33050107;"SPRF-SP";"DEL01-SP";"UOP01-DEL01-SP"
291548;2020-06-23;"terça-feira";"08:50:00";"SP";153;156;"PROMISSAO";"Avarias e/ou desgaste excessivo no pneu";"Saída de leito carroçável";"Sem Vítimas";"Pleno dia";"Crescente";"Céu Claro";"Simples";"Reta";"Não";2;0;0;0;1;1;0;2;-21,471328;-49,78182302;"SPRF-SP";"DEL07-SP";"UOP01-DEL07-SP"
291550;2020-06-23;"terça-feira";"06:50:00";"MG";459;74,5;"SENADOR JOSE BENTO";"Velocidade Incompatível";"Tombamento";"Com Vítimas Feridas";"Amanhecer";"Decrescente";"Céu Claro";"Simples";"Curva";"Não";2;0;1;0;0;1;1;2;-22,138563;-46,146851;"SPRF-MG";"DEL09-MG";"UOP01-DEL09-MG"
291553;2020-06-23;"terça-feira";"08:20:00";"MT";163;606,7;"NOVA MUTUM";"Falta de Atenção à Condução";"Colisão frontal";"Com Vítimas Feridas";"Pleno dia";"Decrescente";"Céu Claro";"Simples";"Reta";"Não";3;0;1;0;1;2;1;4;-13,80674218;-56,07215881;"SPRF-MT";"DEL01-MT";"UOP01-DEL01-MT"
291555;2020-06-23;"terça-feira";"11:00:00";"PB";101;86,7;"BAYEUX";"Não guardar distância de segurança";"Colisão traseira";"Com Vítimas Feridas";"Pleno dia";"Decrescente";"Céu Claro";"Dupla";"Reta";"Sim";2;0;1;0;1;0;1;2;-7,15118983;-34,91012184;"SPRF-PB";"DEL01-PB";"UOP01-DEL01-PB"
291556;2020-06-23;"terça-feira";"10:30:00";"PR";476;155;"ARAUCARIA";"Não guardar distância de segurança";"Colisão traseira";"Com Vítimas Feridas";"Pleno dia";"Decrescente";"Céu Claro";"Dupla";"Reta";"Sim";2;0;1;0;1;0;1;2;-25,590897;-49,410622;"SPRF-PR";"DEL01-PR";"UOP06-DEL01-PR"
291557;2020-06-23;"terça-feira";"09:40:00";"RJ";116;164;"RIO DE JANEIRO";"Desobediência às normas de trânsito pelo condutor";"Colisão lateral";"Com Vítimas Feridas";"Pleno dia";"Decrescente";"Céu Claro";"Dupla";"Reta";"Sim";2;0;1;0;1;0;1;2;-22,81074068;-43,28844363;"SPRF-RJ";"DEL01-RJ";"UOP01-DEL01-RJ"
291561;2020-06-23;"terça-feira";"09:45:00";"RO";364;448,1;"THEOBROMA";"Falta de Atenção à Condução";"Colisão traseira";"Com Vítimas Feridas";"Pleno dia";"Crescente";"Céu Claro";"Simples";"Aclive";"Não";6;0;1;0;4;1;1;3;-10,31044223;-62,63906217;"SPRF-RO";"DEL03-RO";"UOP02-DEL03-RO"
291562;2020-06-23;"terça-feira";"11:00:00";"MS";163;486;"CAMPO GRANDE";"Desobediência às normas de trânsito pelo condutor";"Colisão transversal";"Com Vítimas Feridas";"Pleno dia";"Crescente";"Sol";"Simples";"Reta";"Sim";2;0;1;0;1;0;1;2;-20,4336361;-54,54376745;"SPRF-MS";"DEL01-MS";"UOP02-DEL01-MS"
291565;2020-06-23;"terça-feira";"13:25:00";"MG";381;449;"SABARA";"Falta de Atenção do Pedestre";"Atropelamento de Pedestre";"Com Vítimas Feridas";"Pleno dia";"Decrescente";"Céu Claro";"Simples";"Reta";"Sim";4;0;0;1;1;2;1;3;-19,82690869;-43,83695126;"SPRF-MG";"DEL01-MG";"UOP01-DEL01-MG"
291567;2020-06-23;"terça-feira";"13:35:00";"SC";101;39,8;"JOINVILLE";"Não guardar distância de segurança";"Colisão traseira";"Com Vítimas Feridas";"Pleno dia";"Crescente";"Céu Claro";"Dupla";"Reta";"Sim";2;0;1;0;0;1;1;2;-26,30087895;-48,88375282;"SPRF-SC";"DEL03-SC";"UOP01-DEL03-SC"
291568;2020-06-23;"terça-feira";"10:30:00";"SC";163;116,5;"DIONISIO CERQUEIRA";"Falta de Atenção à Condução";"Colisão transversal";"Com Vítimas Feridas";"Pleno dia";"Decrescente";"Céu Claro";"Simples";"Curva;Declive";"Não";2;0;2;0;0;0;2;2;-26,35304345;-53,51208687;"SPRF-SC";"DEL07-SC";"UOP03-DEL07-SC"