"id";"data_inversa";"dia_semana";"horario";"uf";"br";"km";"municipio";"causa_acidente";"tipo_acidente";"classificacao_acidente";"fase_dia";"sentido_via";"condicao_metereologica";"tipo_pista";"tracado_via";"uso_solo";"pessoas";"mortos";"feridos_leves";"feridos_graves";"ilesos";"ignorados";"feridos";"veiculos";"latitude";"longitude";"regional";"delegacia";"uop"
291569;2020-06-23;"terça-feira";"07:30:00";"BA";101;46;"ESPLANADA";"Velocidade Incompatível";"Tombamento";"Com Vítimas Feridas";"Pleno dia";"Crescente";"Chuva";"Dupla";"Desvio Temporário";"Não";2;0;1;0;0;3;1;4;-11,88660088;-38,02732004;"SPRF-SE";"DEL02-SE";"UOP03-DEL02-SE"
291570;2020-06-23;"terça-feira";"08:00:00";"MG";116;610,6;"SAO JOAO DO MANHUACU";"Não guardar distância de segurança";"Colisão traseira";"Sem Vítimas";"Pleno dia";"Decrescente";"Nevoeiro/Neblina";"Simples";"Curva";"Não";4;0;0;0;2;3;0;5;-20,414006;-42,15263002;"SPRF-MG";"DEL07-MG";"UOP03-DEL07-MG"
291574;2020-06-23;"terça-feira";"15:00:00";"PR";376;643;"TIJUCAS DO SUL";"Falta de Atenção à Condução";"Colisão traseira";"Com Vítimas Feridas";"Pleno dia";"Decrescente";"Céu Claro";"Dupla";"Reta";"Não";3;0;1;0;1;4;1;6;-25,805819;-49,13522705;"SPRF-PR";"DEL01-PR";"UOP04-DEL01-PR"
291576;2020-06-03;"quarta-feira";"16:50:00";"MT";70;121,3;"GENERAL CARNEIRO";"Desobediência às normas de trânsito pelo condutor";"Colisão frontal";"Com Vítimas Fatais";"Anoitecer";"Decrescente";"Céu Claro";"Simples";"Curva";"Não";2;1;0;0;1;0;0;2;-15,59978313;-53,13010596;"SPRF-MT";"DEL07-MT";"UOP01-DEL07-MT"
291578;2020-06-23;"terça-feira";"14:30:00";"RJ";40;90;"PETROPOLIS";"Velocidade Incompatível";"Saída de leito carroçável";"Com Vítimas Feridas";"Pleno dia";"Crescente";"Céu Claro";"Simples";"Reta";"Não";2;0;1;0;1;0;1;2;-22,550738;-43,236397;"SPRF-RJ";"DEL06-RJ";"UOP01-DEL06-RJ"
291579;2020-06-23;"terça-feira";"14:25:00";"RJ";116;257;"VOLTA REDONDA";"Não guardar distância de segurança";"Colisão traseira";"Com Vítimas Feridas";"Pleno dia";"Crescente";"Céu Claro";"Múltipla";"Reta";"Não";3;0;1;0;1;2;1;4;-22,58631777;-44,01407302;"SPRF-RJ";"DEL07-RJ";"UOP02-DEL07-RJ"
291583;2020-06-23;"terça-feira";"15:40:00";"SC";101;23,1;"JOINVILLE";"Falta de Atenção à Condução";"Colisão lateral";"Com Vítimas Feridas";"Pleno dia";"Decrescente";"Nublado";"Dupla";"Reta";"Não";4;0;1;0;2;1;1;3;-26,16582501;-48,90742427;"SPRF-SC";"DEL03-SC";"UOP01-DEL03-SC"
291586;2020-06-23;"terça-feira";"15:20:00";"RO";319;63;"PORTO VELHO";"Falta de Atenção à Condução";"Colisão lateral";"Sem Vítimas";"Pleno dia";"Crescente";"Céu Claro";"Dupla";"Reta";"Sim";2;0;0;0;2;0;0;2;-8,75875571;-63,88608998;"SPRF-RO";"DEL01-RO";"UOP01-DEL01-RO"
291597;2020-06-23;"terça-feira";"13:30:00";"RO";364;505;"ARIQUEMES";"Falta de Atenção à Condução";"Colisão traseira";"Com Vítimas Feridas";"Pleno dia";"Crescente";"Céu Claro";"Simples";"Em Obras";"Não";3;0;2;0;1;0;2;2;-9,99751508;-63,01245618;"SPRF-RO";"DEL03-RO";"UOP01-DEL03-RO"
291601;2020-06-23;"terça-feira";"17:00:00";"MS";262;560,1;"MIRANDA";"Restrição de Visibilidade";"Colisão transversal";"Com Vítimas Feridas";"Pleno dia";"Decrescente";"Céu Claro";"Simples";"Interseção de Vias";"Não";3;0;1;0;1;3;1;5;-20,229978;-56,392719;"SPRF-MS";"DEL03-MS";"UOP02-DEL03-MS"
291606;2020-06-23;"terça-feira";"16:50:00";"RS";290;207;"PANTANO GRANDE";"Falta de Atenção à Condução";"Colisão frontal";"Com Vítimas Feridas";"Pleno dia";"Crescente";"Céu Claro";"Simples";"Ponte";"Não";2;0;0;1;1;0;1;2;-30,16716884;-52,29409575;"SPRF-RS";"DEL02-RS";"UOP03-DEL02-RS"
291609;2020-06-23;"terça-feira";"16:20:00";"RO";364;439;"JARU";"Não guardar distância de segurança";"Engavetamento";"Sem Vítimas";"Pleno dia";"Decrescente";"Céu Claro";"Simples";"Reta;Aclive";"Não";5;0;0;0;4;3;0;6;-10,36005242;-62,5739773;"SPRF-RO";"DEL03-RO";"UOP02-DEL03-RO"
291610;2020-06-23;"terça-feira";"16:45:00";"MS";158;57,1;"PARANAIBA";"Avarias e/ou desgaste excessivo no pneu";"Tombamento";"Com Vítimas Feridas";"Anoitecer";"Decrescente";"Céu Claro";"Simples";"Reta";"Não";2;0;1;0;0;1;1;2;-19,41687985;-51,39039285;"SPRF-MS";"DEL08-MS";"UOP01-DEL08-MS"
291616;2020-06-23;"terça-feira";"16:10:00";"RO";364;298;"PRESIDENTE MEDICI";"Não guardar distância de segurança";"Colisão traseira";"Sem Vítimas";"Pleno dia";"Decrescente";"Céu Claro";"Simples";"Aclive";"Não";3;0;0;0;2;1;0;3;-11,262843;-61,90205;"SPRF-RO";"DEL02-RO";"UOP01-DEL02-RO"
291619;2020-06-23;"terça-feira";"09:00:00";"PR";369;165;"CAMBE";"Não guardar distância de segurança";"Saída de leito carroçável";"Com Vítimas Feridas";"Pleno dia";"Crescente";"Céu Claro";"Dupla";"Reta";"Não";2;0;1;0;1;0;1;2;-23,2952669;-51,2998679;"SPRF-PR";"DEL07-PR";"UOP01-DEL07-PR"
291624;2020-06-23;"terça-feira";"18:10:00";"MG";153;26,9;"CENTRALINA";"Desobediência às normas de trânsito pelo condutor";"Colisão lateral";"Com Vítimas Feridas";"Plena Noite";"Decrescente";"Céu Claro";"Dupla";"Reta";"Não";3;0;1;0;1;1;1;3;-18,64727712;-49,17447621;"SPRF-MG";"DEL15-MG";"UOP03-DEL15-MG"
291625;2020-06-23;"terça-feira";"20:00:00";"PR";376;668,4;"GUARATUBA";"Falta de Atenção à Condução";"Colisão com objeto estático";"Com Vítimas Feridas";"Plena Noite";"Crescente";"Nublado";"Dupla";"Curva";"Não";2;0;1;0;0;1;1;2;-25,864159;-48,937538;"SPRF-PR";"DEL01-PR";"UOP04-DEL01-PR"
291626;2020-06-23;"terça-feira";"17:00:00";"BA";242;194;"ITABERABA";"Defeito Mecânico no Veículo";"Tombamento";"Com Vítimas Feridas";"Pleno dia";"Decrescente";"Céu Claro";"Simples";"Reta";"Não";2;0;1;0;0;2;1;3;-12,520065;-39,994095;"SPRF-BA";"DEL06-BA";"UOP02-DEL06-BA"
291627;2020-06-23;"terça-feira";"19:50:00";"MG";381;566;"ITAGUARA";"Velocidade Incompatível";"Tombamento";"Com Vítimas Feridas";"Plena Noite";"Decrescente";"Céu Claro";"Dupla";"Curva";"Não";1;0;1;0;0;0;1;1;-20,41642409;-44,52998184;"SPRF-MG";"DEL04-MG";"UOP03-DEL04-MG"
291632;2020-06-23;"terça-feira";"19:20:00";"PR";277;33,7;"MORRETES";"Falta de Atenção à Condução";"Colisão traseira";"Com Vítimas Feridas";"Plena Noite";"Decrescente";"Céu Claro";"Dupla";"Reta";"Não";4;0;2;0;1;2;2;4;-25,547373;-48,790559;"SPRF-PR";"DEL01-PR";"UOP05-DEL01-PR"
291636;2020-06-23;"terça-feira";"17:55:00";"SC";0;0;"CONCORDIA";"Desobediência às normas de trânsito pelo condutor";"Colisão frontal";"Com Vítimas Feridas";"Anoitecer";"Não Informado";"Céu Claro";"Simples";"Curva";"Não";2;0;1;0;1;0;1;2;-27,1921856;-51,9363884;"SPRF-SC";"DEL07-SC";"UOP04-DEL07-SC"
291637;2020-06-23;"terça-feira";"20:20:00";"MG";262;101,5;"ABRE CAMPO";"Defeito Mecânico no Veículo";"Saída de leito carroçável";"Com Vítimas Feridas";"Plena Noite";"Decrescente";"Céu Claro";"Simples";"Declive;Curva";"Não";1;0;1;0;0;0;1;1;-20,28594849;-42,52756119;"SPRF-MG";"DEL03-MG";"UOP03-DEL03-MG"
291638;2020-06-23;"terça-feira";"21:50:00";"GO";50;282,9;"CATALAO";"Falta de Atenção à Condução";"Colisão transversal";"Com Vítimas Feridas";"Plena Noite";"Crescente";"Céu Claro";"Simples";"Interseção de Vias";"Sim";3;0;1;0;1;1;1;3;-18,1896;-47,9511;"SPRF-GO";"DEL06-GO";"UOP01-DEL06-GO"
291639;2020-06-23;"terça-feira";"20:40:00";"PR";476;286,7;"SAO MATEUS DO SUL";"Falta de Atenção à Condução";"Colisão lateral";"Com Vítimas Feridas";"Plena Noite";"Decrescente";"Céu Claro";"Simples";"Reta";"Não";4;0;1;0;1;2;1;4;-25,91821737;-50,45097828;"SPRF-PR";"DEL02-PR";"UOP04-DEL02-PR"
291642;2020-06-23;"terça-feira";"21:20:00";"RS";386;61,9;"SEBERI";"Desobediência às normas de trânsito pelo condutor";"Colisão lateral";"Com Vítimas Feridas";"Plena Noite";"Decrescente";"Céu Claro";"Simples";"Reta";"Não";6;0;2;0;3;1;2;3;-27,589304;-53,346195;"SPRF-RS";"DEL08-RS";"UOP02-DEL08-RS"
291645;2020-06-23;"terça-feira";"21:15:00";"RJ";101;61;"CAMPOS DOS GOYTACAZES";"Falta de Atenção à Condução";"Colisão traseira";"Com Vítimas Feridas";"Plena Noite";"Decrescente";"Céu Claro";"Simples";"Reta";"Sim";2;0;1;0;0;1;1;2;-21,72655788;-41,32133519;"SPRF-RJ";"DEL08-RJ";"UOP01-DEL08-RJ"
291647;2020-06-23;"terça-feira";"18:00:00";"MT";70;232;"POXOREO";"Falta de Atenção do Pedestre";"Atropelamento de Pedestre";"Com Vítimas Feridas";"Anoitecer";"Crescente";"Céu Claro";"Simples";"Reta";"Não";3;0;1;0;1;1;1;3;-15,6346406;-53,95793894;"SPRF-MT";"DEL05-MT";"UOP01-DEL05-MT"
291648;2020-06-23;"terça-feira";"21:20:00";"MG";153;79,8;"PRATA";"Falta de Atenção à Condução";"Saída de leito carroçável";"Com Vítimas Feridas";"Plena Noite";"Crescente";"Céu Claro";"Simples";"Reta;Aclive";"Não";2;0;1;0;0;1;1;2;-19,05688603;-49,01001912;"SPRF-MG";"DEL15-MG";"UOP03-DEL15-MG"
291650;2020-06-23;"terça-feira";"23:20:00";"GO";153;511;"APARECIDA DE GOIANIA";"Desobediência às normas de trânsito pelo condutor";"Colisão traseira";"Com Vítimas Feridas";"Plena Noite";"Crescente";"Céu Claro";"Dupla";"Reta";"Sim";2;0;1;0;1;0;1;2;-16,8067;-49,2394;"SPRF-GO";"DEL01-GO";"UOP03-DEL01-GO"
291651;2020-06-23;"terça-feira";"23:50:00";"PE";116;45;"SALGUEIRO";"Desobediência às normas de trânsito pelo condutor";"Colisão transversal";"Com Vítimas Feridas";"Plena Noite";"Crescente";"Céu Claro";"Simples";"Reta";"Não";3;0;1;0;1;1;1;3;-8,231612;-39,108917;"SPRF-PE";"DEL05-PE";"UOP01-DEL05-PE"
291652;2020-06-24;"quarta-feira";"00:20:00";"SE";101;93,5;"NOSSA SENHORA DO SOCORRO";"Velocidade Incompatível";"Saída de leito carroçável";"Com Vítimas Feridas";"Plena Noite";"Decrescente";"Nublado";"Dupla";"Retorno Regulamentado";"Sim";2;0;1;0;0;1;1;2;-10,90490059;-37,14853048;"SPRF-SE";"DEL01-SE";"UOP01-DEL01-SE"
291653;2020-06-24;"quarta-feira";"01:00:00";"PB";230;38,5;"SANTA RITA";"Deficiência ou não Acionamento do Sistema de Iluminação/Sinalização do Veículo";"Colisão traseira";"Com Vítimas Feridas";"Plena Noite";"Decrescente";"Céu Claro";"Dupla";"Aclive";"Não";2;0;1;0;0;1;1;2;-7,1414;-34,9778;"SPRF-PB";"DEL01-PB";"UOP03-DEL01-PB"
291654;2020-06-24;"quarta-feira";"01:50:00";"PE";232;445,5;"SAO JOSE DO BELMONTE";"Ingestão de Álcool";"Colisão lateral";"Sem Vítimas";"Plena Noite";"Decrescente";"Céu Claro";"Simples";"Reta";"Não";2;0;0;0;1;1;0;2;-8,00623102;-38,601546;"SPRF-PE";"DEL04-PE";"UOP01-DEL04-PE"
291655;2020-06-24;"quarta-feira";"01:50:00";"SP";153;0,2;"ICEM";"Defeito Mecânico no Veículo";"Colisão com objeto estático";"Com Vítimas Feridas";"Plena Noite";"Crescente";"Céu Claro";"Simples";"Reta";"Não";2;0;1;0;1;0;1;1;-20,29847332;-49,20614844;"SPRF-SP";"DEL09-SP";"UOP01-DEL09-SP"
291656;2020-06-24;"quarta-feira";"03:00:00";"BA";101;817;"ITAMARAJU";"Velocidade Incompatível";"Saída de leito carroçável";"Com Vítimas Feridas";"Plena Noite";"Decrescente";"Céu Claro";"Simples";"Curva";"Não";2;0;1;0;0;1;1;2;-17,090443;-39,569397;"SPRF-BA";"DEL09-BA";"UOP01-DEL09-BA"
291662;2020-06-24;"quarta-feira";"05:30:00";"PR";116;111;"CURITIBA";"Falta de Atenção à Condução";"Derramamento de carga";"Sem Vítimas";"Amanhecer";"Decrescente";"Ignorado";"Dupla";"Reta";"Sim";4;0;0;0;3;2;0;5;-25,56885181;-49,22724597;"SPRF-PR";"DEL01-PR";"UOP06-DEL01-PR"
291674;2020-06-24;"quarta-feira";"08:25:00";"PE";316;18;"ARARIPINA";"Falta de Atenção à Condução";"Colisão transversal";"Com Vítimas Feridas";"Pleno dia";"Decrescente";"Céu Claro";"Simples";"Reta";"Não";3;0;1;0;1;1;1;3;-7,54597815;-40,54538619;"SPRF-PE";"DEL05-PE";"UOP02-DEL05-PE"
291679;2020-06-24;"quarta-feira";"06:45:00";"BA";101;276;"LAJE";"Falta de Atenção à Condução";"Colisão frontal";"Com Vítimas Fatais";"Pleno dia";"Crescente";"Nublado";"Simples";"Curva";"Sim";3;1;0;0;1;1;0;3;-13,07410062;-39,27401674;"SPRF-BA";"DEL01-BA";"UOP02-DEL01-BA"
291681;2020-06-24;"quarta-feira";"07:15:00";"SC";470;119,6;"IBIRAMA";"Carga excessiva e/ou mal acondicionada";"Colisão frontal";"Com Vítimas Feridas";"Pleno dia";"Decrescente";"Nublado";"Simples";"Reta";"Não";11;0;1;2;7;1;3;9;-27,081554;-49,520206;"SPRF-SC";"DEL04-SC";"UOP02-DEL04-SC"
291684;2020-06-24;"quarta-feira";"08:30:00";"MT";364;258;"JUSCIMEIRA";"Falta de Atenção à Condução";"Colisão transversal";"Com Vítimas Feridas";"Pleno dia";"Decrescente";"Céu Claro";"Simples";"Reta";"Sim";2;0;1;0;1;0;1;2;-16,056505;-54,88351;"SPRF-MT";"DEL02-MT";"UOP01-DEL02-MT"
291690;2020-06-24;"quarta-feira";"10:15:00";"MG";40;728,9;"SANTOS DUMONT";"Velocidade Incompatível";"Tombamento";"Com Vítimas Fatais";"Pleno dia";"Crescente";"Céu Claro";"Dupla";"Curva";"Não";2;1;0;0;0;1;0;2;-21,31842199;-43,58689599;"SPRF-MG";"DEL05-MG";"UOP01-DEL05-MG"
291695;2020-06-24;"quarta-feira";"11:00:00";"PR";277;42;"MORRETES";"Defeito Mecânico no Veículo";"Saída de leito carroçável";"Sem Vítimas";"Pleno dia";"Decrescente";"Sol";"Dupla";"Reta;Declive";"Não";2;0;0;0;1;1;0;2;-25,57361239;-48,84469597;"SPRF-PR";"DEL01-PR";"UOP07-DEL01-PR"
291697;2020-06-24;"quarta-feira";"08:05:00";"SC";282;514,5;"XAXIM";"Velocidade Incompatível";"Tombamento";"Com Vítimas Feridas";"Pleno dia";"Crescente";"Sol";"Simples";"Curva";"Não";1;0;0;1;0;0;1;1;-26,916084;-52,49052;"SPRF-SC";"DEL07-SC";"UOP01-DEL07-SC"
291700;2020-06-24;"quarta-feira";"11:05:00";"RS";470;287;"MONTENEGRO";"Desobediência às normas de trânsito pelo condutor";"Colisão lateral";"Com Vítimas Feridas";"Pleno dia";"Decrescente";"Céu Claro";"Simples";"Rotatória";"Não";5;0;3;0;2;0;3;2;-29,64978706;-51,45797809;"SPRF-RS";"DEL04-RS";"UOP02-DEL04-RS"
291702;2020-06-24;"quarta-feira";"12:15:00";"PR";163;83,1;"PLANALTO";"Desobediência às normas de trânsito pelo condutor";"Colisão transversal";"Com Vítimas Feridas";"Pleno dia";"Crescente";"Sol";"Simples";"Rotatória;Aclive";"Sim";2;0;1;0;1;0;1;2;-25,71032298;-53,76833618;"SPRF-PR";"DEL02-PR";"UOP02-DEL02-PR"
291704;2020-06-23;"terça-feira";"22:00:00";"BA";116;291,4;"TUCANO";"Defeito na Via";"Saída de leito carroçável";"Com Vítimas Feridas";"Plena Noite";"Decrescente";"Ignorado";"Simples";"Reta";"Não";2;0;0;1;0;1;1;2;-11,1024;-38,8312;"SPRF-BA";"DEL02-BA";"UOP01-DEL02-BA"
291705;2020-06-24;"quarta-feira";"10:00:00";"MG";262;547,6;"LUZ";"Velocidade Incompatível";"Tombamento";"Com Vítimas Feridas";"Pleno dia";"Decrescente";"Céu Claro";"Simples";"Declive;Curva";"Não";3;0;2;0;0;1;2;2;-19,74018668;-45,86034892;"SPRF-MG";"DEL08-MG";"UOP02-DEL08-MG"
291710;2020-06-24;"quarta-feira";"13:45:00";"BA";324;4;"FEIRA DE SANTANA";"Falta de Atenção à Condução";"Colisão lateral";"Com Vítimas Feridas";"Pleno dia";"Crescente";"Céu Claro";"Dupla";"Curva";"Não";2;0;1;0;1;0;1;2;-12,267113;-38,966988;"SPRF-BA";"DEL02-BA";"UOP01-DEL02-BA"
291713;2020-06-24;"quarta-feira";"10:45:00";"SC";282;412;"CATANDUVAS";"Falta de Atenção à Condução";"Colisão lateral";"Com Vítimas Feridas";"Pleno dia";"Decrescente";"Céu Claro";"Simples";"Curva";"Não";3;0;1;0;1;1;1;3;-27,053736;-51,698277;"SPRF-SC";"DEL07-SC";"UOP05-DEL07-SC"
291721;2020-06-19;"sexta-feira";"10:35:00";"TO";226;56;"DARCINOPOLIS";"Defeito Mecânico no Veículo";"Incêndio";"Sem Vítimas";"Pleno dia";"Decrescente";"Sol";"Simples";"Declive;Reta";"Não";1;0;0;0;1;0;0;1;-6,822941;-47,83815;"SPRF-TO";"DEL02-TO";"UOP03-DEL02-TO"
291724;2020-06-24;"quarta-feira";"15:00:00";"RS";470;231,7;"CARLOS BARBOSA";"Falta de Atenção à Condução";"Danos eventuais";"Sem Vítimas";"Pleno dia";"Crescente";"Céu Claro";"Simples";"Curva";"Não";2;0;0;0;1;1;0;2;-29,23579206;-51,51193423;"SPRF-RS";"DEL06-RS";"UOP01-DEL06-RS"
291738;2020-06-24;"quarta-feira";"17:00:00";"BA";242;727;"CRISTOPOLIS";"Ultrapassagem Indevida";"Colisão frontal";"Com Vítimas Feridas";"Pleno dia";"Decrescente";"Céu Claro";"Simples";"Reta";"Não";3;0;0;1;1;3;1;5;-12,21868616;-44,44420807;"SPRF-BA";"DEL10-BA";"UOP01-DEL10-BA"
291739;2020-06-23;"terça-feira";"16:30:00";"BA";242;678;"CRISTOPOLIS";"Defeito Mecânico no Veículo";"Saída de leito carroçável";"Com Vítimas Feridas";"Pleno dia";"Decrescente";"Céu Claro";"Simples";"Reta";"Não";2;0;2;0;0;0;2;1;-12,224989;-44,011279;"SPRF-BA";"DEL06-BA";"UOP03-DEL06-BA"
291740;2020-06-24;"quarta-feira";"17:35:00";"SP";116;221,7;"GUARULHOS";"Não guardar distância de segurança";"Engavetamento";"Com Vítimas Feridas";"Anoitecer";"Decrescente";"Céu Claro";"Múltipla";"Reta";"Sim";3;0;1;0;2;0;1;3;-23,46802395;-46,50704901;"SPRF-SP";"DEL01-SP";"UOP01-DEL01-SP"
291745;2020-06-24;"quarta-feira";"17:50:00";"CE";222;4;"CAUCAIA";"Falta de Atenção à Condução";"Colisão lateral";"Com Vítimas Feridas";"Plena Noite";"Crescente";"Céu Claro";"Múltipla";"Reta";"Sim";4;0;2;0;1;1;2;3;-3,74164754;-38,60449792;"SPRF-CE";"DEL01-CE";"UOP01-DEL01-CE"
291748;2020-06-24;"quarta-feira";"13:20:00";"SC";101;32,9;"JOINVILLE";"Desobediência às normas de trânsito pelo condutor";"Colisão lateral";"Sem Vítimas";"Pleno dia";"Crescente";"Céu Claro";"Dupla";"Reta";"Sim";6;0;0;0;5;2;0;4;-26,259702;-48,904;"SPRF-SC";"DEL03-SC";"UOP01-DEL03-SC"
291752;2020-06-24;"quarta-feira";"07:30:00";"BA";101;659;"ITAPEBI";"Defeito Mecânico no Veículo";"Tombamento";"Sem Vítimas";"Pleno dia";"Crescente";"Céu Claro";"Simples";"Curva";"Não";2;0;0;0;1;1;0;2;-15,93624091;-39,56314087;"SPRF-BA";"DEL05-BA";"UOP02-DEL05-BA"
291758;2020-06-24;"quarta-feira";"18:40:00";"GO";70;28;"COCALZINHO DE GOIAS";"Ingestão de Álcool";"Colisão traseira";"Com Vítimas Feridas";"Plena Noite";"Decrescente";"Céu Claro";"Simples";"Reta";"Não";6;0;4;1;1;0;5;2;-15,75773042;-48,43646123;"SPRF-DF";"DEL03-DF";"UOP02-DEL03-DF"
291759;2020-06-24;"quarta-feira";"16:30:00";"MA";316;404,8;"ALTO ALEGRE DO MARANHAO";"Falta de Atenção à Condução";"Colisão lateral";"Sem Vítimas";"Pleno dia";"Decrescente";"Céu Claro";"Simples";"Reta";"Não";2;0;0;0;2;0;0;2;-4,231411;-44,442635;"SPRF-MA";"DEL03-MA";"UOP01-DEL03-MA"
291760;2020-06-19;"sexta-feira";"13:55:00";"MS";262;779,1;"LADARIO";"Defeito Mecânico no Veículo";"Saída de leito carroçável";"Sem Vítimas";"Pleno dia";"Crescente";"Céu Claro";"Simples";"Curva";"Não";2;0;0;0;1;2;0;3;-19,08285699;-57,62168025;"SPRF-MS";"DEL03-MS";"UOP03-DEL03-MS"
291761;2020-06-24;"quarta-feira";"17:45:00";"BA";101;306;"VALENCA";"Falta de Atenção do Pedestre";"Atropelamento de Pedestre";"Com Vítimas Fatais";"Plena Noite";"Crescente";"Ignorado";"Simples";"Reta";"Não";3;1;0;0;1;1;0;3;-13,303312;-39,3346094;"SPRF-BA";"DEL05-BA";"UOP03-DEL05-BA"
291769;2020-06-24;"quarta-feira";"18:00:00";"MG";262;356;"BETIM";"Velocidade Incompatível";"Tombamento";"Com Vítimas Feridas";"Anoitecer";"Decrescente";"Céu Claro";"Dupla";"Rotatória";"Não";2;0;0;1;1;0;1;2;-19,96890716;-44,18104581;"SPRF-MG";"DEL01-MG";"UOP03-DEL01-MG"
291774;2020-06-24;"quarta-feira";"19:30:00";"MG";381;484,8;"BETIM";"Ingestão de Álcool";"Colisão transversal";"Com Vítimas Feridas";"Plena Noite";"Crescente";"Céu Claro";"Dupla";"Retorno Regulamentado";"Não";3;0;1;0;1;1;1;3;-19,95531717;-44,11722196;"SPRF-MG";"DEL01-MG";"UOP03-DEL01-MG"
291775;2020-06-24;"quarta-feira";"18:45:00";"PR";376;287,5;"MAUA DA SERRA";"Desobediência às normas de trânsito pelo condutor";"Colisão frontal";"Com Vítimas Feridas";"Plena Noite";"Decrescente";"Céu Claro";"Simples";"Reta";"Não";4;0;1;0;2;1;1;3;-23,8978;-51,225212;"SPRF-PR";"DEL07-PR";"UOP02-DEL07-PR"
291776;2020-06-24;"quarta-feira";"19:50:00";"GO";80;30;"PADRE BERNARDO";"Falta de Atenção à Condução";"Tombamento";"Com Vítimas Fatais";"Plena Noite";"Crescente";"Céu Claro";"Simples";"Curva";"Não";2;1;0;0;0;1;0;2;-15,297433;-48,236903;"SPRF-DF";"DEL03-DF";"UOP02-DEL03-DF"
291777;2020-06-24;"quarta-feira";"17:15:00";"SC";282;502;"XANXERE";"Falta de Atenção à Condução";"Colisão frontal";"Com Vítimas Feridas";"Anoitecer";"Crescente";"Céu Claro";"Dupla";"Interseção de Vias";"Sim";3;0;0;1;1;1;1;3;-26,884584;-52,390911;"SPRF-SC";"DEL07-SC";"UOP01-DEL07-SC"
291778;2020-06-24;"quarta-feira";"20:10:00";"PR";277;103;"CAMPO LARGO";"Falta de Atenção à Condução";"Colisão lateral";"Sem Vítimas";"Plena Noite";"Decrescente";"Céu Claro";"Simples";"Reta";"Não";3;0;0;0;3;0;0;2;-25,50564195;-49,3407288;"SPRF-PR";"DEL01-PR";"UOP06-DEL01-PR"
291779;2020-05-15;"sexta-feira";"21:20:00";"MG";365;566,9;"INDIANOPOLIS";"Velocidade Incompatível";"Colisão traseira";"Com Vítimas Fatais";"Plena Noite";"Crescente";"Céu Claro";"Simples";"Reta";"Não";6;1;5;0;0;0;5;2;-18,916567;-47,835345;"SPRF-MG";"DEL15-MG";"UOP02-DEL15-MG"
291786;2020-06-24;"quarta-feira";"19:01:00";"PR";369;432;"JURANDA";"Falta de Atenção à Condução";"Colisão lateral";"Com Vítimas Feridas";"Plena Noite";"Decrescente";"Céu Claro";"Simples";"Reta";"Não";3;0;1;0;1;1;1;3;-24,4663;-52,8654;"SPRF-PR";"DEL04-PR";"UOP03-DEL04-PR"
291787;2020-06-24;"quarta-feira";"21:35:00";"RS";386;347;"LAJEADO";"Desobediência às normas de trânsito pelo condutor";"Colisão traseira";"Com Vítimas Feridas";"Plena Noite";"Decrescente";"Céu Claro";"Dupla";"Reta";"Sim";3;0;0;1;1;1;1;3;-29,451736;-51,965893;"SPRF-RS";"DEL04-RS";"UOP01-DEL04-RS"
291788;2020-06-24;"quarta-feira";"19:00:00";"MG";50;124,4;"UBERABA";"Falta de Atenção à Condução";"Saída de leito carroçável";"Com Vítimas Feridas";"Plena Noite";"Crescente";"Céu Claro";"Dupla";"Curva";"Não";3;0;1;0;1;1;1;2;-19,34165402;-48,09547304;"SPRF-MG";"DEL13-MG";"UOP01-DEL13-MG"
291790;2020-06-24;"quarta-feira";"21:45:00";"MG";146;539;"MUZAMBINHO";"Carga excessiva e/ou mal acondicionada";"Derramamento de carga";"Com Vítimas Feridas";"Plena Noite";"Crescente";"Céu Claro";"Simples";"Reta";"Não";3;0;0;2;1;0;2;2;-21,355358;-46,524742;"SPRF-MG";"DEL09-MG";"UOP01-DEL09-MG"
291793;2020-06-24;"quarta-feira";"21:15:00";"BA";101;915;"NOVA VICOSA";"Defeito Mecânico no Veículo";"Incêndio";"Sem Vítimas";"Plena Noite";"Crescente";"Céu Claro";"Simples";"Reta";"Não";1;0;0;0;1;0;0;1;-17,83400846;-39,79728699;"SPRF-BA";"DEL09-BA";"UOP02-DEL09-BA"
291796;2020-06-24;"quarta-feira";"23:30:00";"MT";163;649;"LUCAS DO RIO VERDE";"Não guardar distância de segurança";"Saída de leito carroçável";"Com Vítimas Feridas";"Plena Noite";"Decrescente";"Céu Claro";"Simples";"Curva";"Não";2;0;1;0;0;1;1;2;-13,48678294;-56,05721992;"SPRF-MT";"DEL06-MT";"UOP01-DEL06-MT"
291798;2020-06-24;"quarta-feira";"23:00:00";"PE";232;281,5;"SERTANIA";"Animais na Pista";"Atropelamento de Animal";"Sem Vítimas";"Plena Noite";"Decrescente";"Vento";"Simples";"Reta";"Não";1;0;0;0;1;0;0;1;-8,34770731;-37,29960517;"SPRF-PE";"DEL03-PE";"UOP02-DEL03-PE"