"id";"data_inversa";"dia_semana";"horario";"uf";"br";"km";"municipio";"causa_acidente";"tipo_acidente";"classificacao_acidente";"fase_dia";"sentido_via";"condicao_metereologica";"tipo_pista";"tracado_via";"uso_solo";"pessoas";"mortos";"feridos_leves";"feridos_graves";"ilesos";"ignorados";"feridos";"veiculos";"latitude";"longitude";"regional";"delegacia";"uop"
291799;2020-06-24;"quarta-feira";"21:50:00";"PR";476;335,6;"PAULA FREITAS";"Falta de Atenção à Condução";"Colisão com objeto estático";"Com Vítimas Feridas";"Plena Noite";"Crescente";"Nublado";"Simples";"Reta";"Não";1;0;1;0;0;0;1;1;-26,131454;-50,855904;"SPRF-PR";"DEL02-PR";"UOP04-DEL02-PR"
291801;2020-06-25;"quinta-feira";"01:00:00";"GO";50;192,9;"CAMPO ALEGRE DE GOIAS";"Falta de Atenção à Condução";"Colisão traseira";"Com Vítimas Feridas";"Plena Noite";"Crescente";"Céu Claro";"Dupla";"Reta";"Não";3;0;0;1;1;1;1;3;-17,5101;-47,8246;"SPRF-GO";"DEL06-GO";"UOP01-DEL06-GO"
291804;2020-06-25;"quinta-feira";"03:00:00";"MG";381;499,7;"BETIM";"Condutor Dormindo";"Colisão traseira";"Com Vítimas Feridas";"Plena Noite";"Decrescente";"Céu Claro";"Múltipla";"Reta";"Sim";3;0;1;1;1;0;2;2;-20,01792651;-44,2261448;"SPRF-MG";"DEL01-MG";"UOP03-DEL01-MG"
291805;2020-06-24;"quarta-feira";"06:00:00";"MA";10;309;"ACAILANDIA";"Condutor Dormindo";"Tombamento";"Sem Vítimas";"Amanhecer";"Decrescente";"Céu Claro";"Simples";"Curva";"Não";1;0;0;0;1;0;0;1;-5,035609;-47,54813;"SPRF-MA";"DEL04-MA";"UOP03-DEL04-MA"
291808;2020-06-25;"quinta-feira";"04:30:00";"MG";365;655;"MONTE ALEGRE DE MINAS";"Desobediência às normas de trânsito pelo condutor";"Colisão transversal";"Com Vítimas Feridas";"Plena Noite";"Crescente";"Céu Claro";"Dupla";"Retorno Regulamentado";"Não";4;0;0;3;1;0;3;2;-18,87182365;-48,59860182;"SPRF-MG";"DEL15-MG";"UOP01-DEL15-MG"
291810;2020-06-25;"quinta-feira";"03:30:00";"RJ";101;283;"ITABORAI";"Condutor Dormindo";"Tombamento";"Sem Vítimas";"Plena Noite";"Crescente";"Céu Claro";"Dupla";"Curva;Viaduto";"Não";1;0;0;0;1;0;0;1;-22,73591014;-42,80592689;"SPRF-RJ";"DEL02-RJ";"UOP03-DEL02-RJ"
291817;2020-06-25;"quinta-feira";"05:45:00";"PR";277;51;"SAO JOSE DOS PINHAIS";"Condutor Dormindo";"Colisão traseira";"Sem Vítimas";"Amanhecer";"Decrescente";"Céu Claro";"Dupla";"Reta";"Não";3;0;0;0;2;2;0;4;-25,59515989;-48,90700787;"SPRF-PR";"DEL01-PR";"UOP07-DEL01-PR"
291825;2020-06-25;"quinta-feira";"05:20:00";"MG";40;551;"NOVA LIMA";"Falta de Atenção à Condução";"Colisão traseira";"Com Vítimas Feridas";"Amanhecer";"Decrescente";"Céu Claro";"Dupla";"Reta";"Sim";4;0;1;0;2;1;1;3;-20,05411435;-43,97101875;"SPRF-MG";"DEL01-MG";"UOP02-DEL01-MG"
291827;2020-06-25;"quinta-feira";"06:30:00";"PR";153;454;"UNIAO DA VITORIA";"Velocidade Incompatível";"Tombamento";"Com Vítimas Fatais";"Amanhecer";"Decrescente";"Garoa/Chuvisco";"Simples";"Curva";"Não";3;1;0;0;1;1;0;3;-26,3133312;-51,2186361;"SPRF-PR";"DEL02-PR";"UOP03-DEL02-PR"
291828;2020-06-25;"quinta-feira";"06:40:00";"PE";101;137;"RIBEIRAO";"Falta de Atenção à Condução";"Colisão com objeto estático";"Com Vítimas Feridas";"Pleno dia";"Decrescente";"Céu Claro";"Dupla";"Curva";"Não";3;0;1;0;1;1;1;3;-8,41675194;-35,31126636;"SPRF-PE";"DEL01-PE";"UOP03-DEL01-PE"
291838;2020-06-24;"quarta-feira";"22:30:00";"BA";242;278,5;"BOA VISTA DO TUPIM";"Velocidade Incompatível";"Colisão transversal";"Com Vítimas Feridas";"Plena Noite";"Crescente";"Céu Claro";"Simples";"Reta";"Não";5;0;3;0;1;2;3;4;-12,44763;-40,703505;"SPRF-BA";"DEL06-BA";"UOP02-DEL06-BA"
291850;2020-06-25;"quinta-feira";"08:00:00";"RO";364;12;"VILHENA";"Desobediência às normas de trânsito pelo condutor";"Colisão traseira";"Com Vítimas Feridas";"Pleno dia";"Decrescente";"Céu Claro";"Dupla";"Reta";"Sim";3;0;1;0;1;3;1;5;-12,74408393;-60,1202774;"SPRF-RO";"DEL04-RO";"UOP01-DEL04-RO"
291852;2020-06-25;"quinta-feira";"09:40:00";"RS";386;253,5;"SOLEDADE";"Desobediência às normas de trânsito pelo condutor";"Colisão transversal";"Com Vítimas Feridas";"Pleno dia";"Crescente";"Chuva";"Simples";"Reta";"Não";6;0;3;0;2;2;3;4;-28,843369;-52,449715;"SPRF-RS";"DEL04-RS";"UOP03-DEL04-RS"
291856;2020-06-25;"quinta-feira";"10:00:00";"RJ";116;226;"PIRAI";"Velocidade Incompatível";"Tombamento";"Sem Vítimas";"Pleno dia";"Decrescente";"Céu Claro";"Simples";"Reta";"Não";1;0;0;0;1;0;0;1;-22,66879858;-43,83849621;"SPRF-RJ";"DEL07-RJ";"UOP01-DEL07-RJ"
291858;2020-06-25;"quinta-feira";"10:55:00";"GO";20;7,5;"FORMOSA";"Velocidade Incompatível";"Colisão traseira";"Com Vítimas Feridas";"Pleno dia";"Decrescente";"Céu Claro";"Simples";"Declive";"Sim";5;0;1;0;4;0;1;4;-15,547604;-47,291592;"SPRF-DF";"DEL02-DF";"UOP01-DEL02-DF"
291859;2020-06-25;"quinta-feira";"08:30:00";"SC";282;529,5;"CORDILHEIRA ALTA";"Velocidade Incompatível";"Colisão frontal";"Com Vítimas Feridas";"Pleno dia";"Crescente";"Chuva";"Simples";"Curva";"Não";3;0;1;1;0;1;2;3;-26,982185;-52,59734;"SPRF-SC";"DEL07-SC";"UOP01-DEL07-SC"
291864;2020-06-25;"quinta-feira";"10:30:00";"SC";470;174;"POUSO REDONDO";"Falta de Atenção à Condução";"Colisão com objeto estático";"Sem Vítimas";"Pleno dia";"Crescente";"Nublado";"Simples";"Reta";"Sim";1;0;0;0;1;0;0;1;-27,258179;-49,929146;"SPRF-SC";"DEL04-SC";"UOP02-DEL04-SC"
291869;2020-06-24;"quarta-feira";"19:00:00";"BA";235;330,9;"JUAZEIRO";"Restrição de Visibilidade";"Colisão frontal";"Com Vítimas Feridas";"Plena Noite";"Crescente";"Nublado";"Simples";"Reta";"Não";3;0;1;0;2;0;1;2;-9,45395957;-40,40522212;"SPRF-BA";"DEL07-BA";"UOP01-DEL07-BA"
291872;2020-06-25;"quinta-feira";"11:50:00";"SP";116;204;"ARUJA";"Velocidade Incompatível";"Colisão traseira";"Com Vítimas Feridas";"Pleno dia";"Crescente";"Céu Claro";"Múltipla";"Reta";"Sim";2;0;1;0;1;0;1;2;-23,41236123;-46,35692496;"SPRF-SP";"DEL01-SP";"UOP01-DEL01-SP"
291883;2020-06-25;"quinta-feira";"12:30:00";"PR";277;431,9;"VIRMOND";"Falta de Atenção à Condução";"Saída de leito carroçável";"Com Vítimas Feridas";"Pleno dia";"Decrescente";"Chuva";"Simples";"Declive;Reta";"Não";2;0;1;0;0;1;1;2;-25,3784;-52,202767;"SPRF-PR";"DEL04-PR";"UOP02-DEL04-PR"
291888;2020-06-25;"quinta-feira";"14:40:00";"GO";50;187;"CAMPO ALEGRE DE GOIAS";"Desobediência às normas de trânsito pelo condutor";"Colisão transversal";"Com Vítimas Feridas";"Pleno dia";"Decrescente";"Céu Claro";"Dupla";"Reta";"Não";3;0;1;0;1;1;1;3;-17,4668;-47,8114;"SPRF-GO";"DEL06-GO";"UOP01-DEL06-GO"
291893;2020-06-25;"quinta-feira";"13:00:00";"SC";470;82,6;"RODEIO";"Falta de Atenção à Condução";"Colisão lateral";"Com Vítimas Feridas";"Pleno dia";"Decrescente";"Nublado";"Simples";"Aclive";"Não";6;0;3;0;1;2;3;4;-26,958838;-49,324978;"SPRF-SC";"DEL04-SC";"UOP01-DEL04-SC"
291899;2020-06-25;"quinta-feira";"16:30:00";"SE";235;29,1;"AREIA BRANCA";"Desobediência às normas de trânsito pelo condutor";"Colisão frontal";"Com Vítimas Fatais";"Pleno dia";"Decrescente";"Céu Claro";"Simples";"Curva;Aclive";"Não";4;1;0;0;3;0;0;3;-10,798957;-37,272919;"SPRF-SE";"DEL01-SE";"UOP02-DEL01-SE"
291900;2020-06-25;"quinta-feira";"15:35:00";"MS";463;108;"PONTA PORA";"Restrição de Visibilidade";"Colisão traseira";"Com Vítimas Feridas";"Anoitecer";"Crescente";"Garoa/Chuvisco";"Simples";"Rotatória";"Sim";5;0;1;0;3;1;1;5;-22,5856608996;-55,6809409333;"SPRF-MS";"DEL04-MS";"UOP03-DEL04-MS"
291902;2020-06-25;"quinta-feira";"16:30:00";"GO";60;106;"ANAPOLIS";"Não guardar distância de segurança";"Colisão traseira";"Com Vítimas Feridas";"Pleno dia";"Crescente";"Céu Claro";"Dupla";"Declive";"Não";4;0;0;1;2;2;1;5;-16,4232;-49,0134;"SPRF-GO";"DEL02-GO";"UOP01-DEL02-GO"
291905;2020-06-25;"quinta-feira";"12:15:00";"SC";470;6;"NAVEGANTES";"Desobediência às normas de trânsito pelo condutor";"Colisão lateral";"Com Vítimas Feridas";"Pleno dia";"Decrescente";"Nublado";"Dupla";"Curva;Em Obras";"Sim";2;0;1;0;1;0;1;2;-26,852238;-48,709545;"SPRF-SC";"DEL04-SC";"UOP04-DEL04-SC"
291906;2020-06-25;"quinta-feira";"16:00:00";"PR";376;421,7;"TIBAGI";"Velocidade Incompatível";"Colisão frontal";"Com Vítimas Fatais";"Pleno dia";"Crescente";"Chuva";"Simples";"Reta";"Não";3;1;0;0;1;1;0;3;-24,69094913;-50,58123708;"SPRF-PR";"DEL03-PR";"UOP02-DEL03-PR"
291907;2020-06-25;"quinta-feira";"17:15:00";"MG";381;499;"BETIM";"Desobediência às normas de trânsito pelo condutor";"Colisão transversal";"Com Vítimas Feridas";"Pleno dia";"Crescente";"Céu Claro";"Múltipla";"Reta";"Sim";3;0;1;0;2;0;1;2;-19,99714408;-44,20977831;"SPRF-MG";"DEL01-MG";"UOP03-DEL01-MG"
291911;2020-06-25;"quinta-feira";"17:40:00";"MG";365;624,5;"UBERLANDIA";"Não guardar distância de segurança";"Colisão traseira";"Com Vítimas Feridas";"Plena Noite";"Crescente";"Céu Claro";"Dupla";"Declive;Reta";"Sim";4;0;1;0;2;2;1;5;-18,90754763;-48,3160669;"SPRF-MG";"DEL15-MG";"UOP01-DEL15-MG"
291926;2020-06-25;"quinta-feira";"19:00:00";"RJ";101;294;"ITABORAI";"Falta de Atenção à Condução";"Capotamento";"Sem Vítimas";"Plena Noite";"Crescente";"Céu Claro";"Simples";"Reta";"Sim";2;0;0;0;2;0;0;2;-22,7584434;-42,89502344;"SPRF-RJ";"DEL02-RJ";"UOP02-DEL02-RJ"
291931;2020-06-25;"quinta-feira";"16:25:00";"SC";282;424,8;"VARGEM BONITA";"Agressão Externa";"Saída de leito carroçável";"Sem Vítimas";"Pleno dia";"Crescente";"Chuva";"Simples";"Curva";"Não";2;0;0;0;1;2;0;3;-26,988014;-51,753124;"SPRF-SC";"DEL07-SC";"UOP05-DEL07-SC"
291936;2020-06-25;"quinta-feira";"18:35:00";"PR";376;429;"TIBAGI";"Falta de Atenção à Condução";"Colisão lateral";"Com Vítimas Feridas";"Pleno dia";"Crescente";"Chuva";"Simples";"Reta";"Não";3;0;1;0;1;1;1;3;-24,78765388;-50,50695374;"SPRF-PR";"DEL03-PR";"UOP02-DEL03-PR"
291937;2020-06-25;"quinta-feira";"19:30:00";"SP";153;78;"BADY BASSITT";"Velocidade Incompatível";"Colisão traseira";"Sem Vítimas";"Plena Noite";"Decrescente";"Céu Claro";"Simples";"Reta";"Não";3;0;0;0;1;2;0;3;-20,90428329;-49,46169392;"SPRF-SP";"DEL09-SP";"UOP01-DEL09-SP"
291942;2020-06-25;"quinta-feira";"11:50:00";"SC";470;46,6;"GASPAR";"Não guardar distância de segurança";"Colisão traseira";"Com Vítimas Feridas";"Pleno dia";"Crescente";"Nublado";"Simples";"Aclive";"Não";3;0;2;0;1;0;2;2;-26,860388;-49,037617;"SPRF-SC";"DEL04-SC";"UOP01-DEL04-SC"
291945;2020-06-25;"quinta-feira";"18:00:00";"MG";116;579,2;"MANHUACU";"Falta de Atenção à Condução";"Colisão frontal";"Com Vítimas Fatais";"Plena Noite";"Decrescente";"Nublado";"Simples";"Curva";"Não";2;1;0;0;1;0;0;2;-20,17836097;-42,18664844;"SPRF-MG";"DEL06-MG";"UOP03-DEL06-MG"
291947;2020-06-25;"quinta-feira";"20:15:00";"PR";116;47,4;"CAMPINA GRANDE DO SUL";"Falta de Atenção à Condução";"Colisão transversal";"Com Vítimas Feridas";"Plena Noite";"Crescente";"Garoa/Chuvisco";"Dupla";"Retorno Regulamentado";"Sim";4;0;1;1;1;1;2;3;-25,21058799;-48,89720903;"SPRF-PR";"DEL01-PR";"UOP02-DEL01-PR"
291948;2020-06-25;"quinta-feira";"20:45:00";"MG";40;426;"PARAOPEBA";"Carga excessiva e/ou mal acondicionada";"Tombamento";"Sem Vítimas";"Plena Noite";"Crescente";"Céu Claro";"Dupla";"Retorno Regulamentado";"Não";1;0;0;0;1;0;0;1;-19,16811528;-44,51542722;"SPRF-MG";"DEL02-MG";"UOP01-DEL02-MG"
291954;2020-06-25;"quinta-feira";"22:50:00";"PR";116;30,2;"CAMPINA GRANDE DO SUL";"Carga excessiva e/ou mal acondicionada";"Tombamento";"Sem Vítimas";"Plena Noite";"Decrescente";"Garoa/Chuvisco";"Dupla";"Reta";"Não";1;0;0;0;1;0;0;1;-25,10845078;-48,81972313;"SPRF-PR";"DEL01-PR";"UOP02-DEL01-PR"
291955;2020-06-25;"quinta-feira";"22:05:00";"MS";60;422,5;"SIDROLANDIA";"Ingestão de Álcool";"Colisão lateral";"Sem Vítimas";"Plena Noite";"Crescente";"Nublado";"Simples";"Reta";"Não";2;0;0;0;2;0;0;2;-20,90647275;-54,94123021;"SPRF-MS";"DEL01-MS";"UOP04-DEL01-MS"
291960;2020-06-25;"quinta-feira";"23:10:00";"PR";373;182;"PONTA GROSSA";"Desobediência às normas de trânsito pelo condutor";"Colisão lateral";"Sem Vítimas";"Plena Noite";"Decrescente";"Nublado";"Dupla";"Reta";"Não";3;0;0;0;1;3;0;4;-25,04193864;-50,26741587;"SPRF-PR";"DEL03-PR";"UOP01-DEL03-PR"
291964;2020-06-25;"quinta-feira";"22:30:00";"PB";230;275,5;"SANTA LUZIA";"Falta de Atenção à Condução";"Tombamento";"Com Vítimas Feridas";"Plena Noite";"Crescente";"Céu Claro";"Simples";"Curva";"Não";2;0;1;0;0;1;1;2;-6,954;-36,8259;"SPRF-PB";"DEL03-PB";"UOP01-DEL03-PB"
291965;2020-06-26;"sexta-feira";"00:00:00";"SP";116;567;"BARRA DO TURVO";"Pista Escorregadia";"Colisão com objeto estático";"Com Vítimas Feridas";"Plena Noite";"Crescente";"Chuva";"Simples";"Declive;Curva";"Não";2;0;1;0;0;1;1;2;-25,0475499;-48,55355172;"SPRF-SP";"DEL05-SP";"UOP02-DEL05-SP"
291966;2020-06-26;"sexta-feira";"01:57:00";"SC";116;209,2;"PONTE ALTA";"Desobediência às normas de trânsito pelo condutor";"Colisão frontal";"Com Vítimas Fatais";"Plena Noite";"Decrescente";"Garoa/Chuvisco";"Simples";"Reta";"Não";2;1;1;0;0;0;1;2;-27,4975;-50,36825;"SPRF-SC";"DEL05-SC";"UOP03-DEL05-SC"
291972;2020-06-26;"sexta-feira";"02:50:00";"MG";381;841,9;"SAO SEBASTIAO DA BELA VISTA";"Desobediência às normas de trânsito pelo condutor";"Colisão traseira";"Com Vítimas Feridas";"Plena Noite";"Crescente";"Céu Claro";"Dupla";"Reta";"Não";4;0;1;1;1;1;2;3;-22,20885986;-45,86531323;"SPRF-MG";"DEL16-MG";"UOP01-DEL16-MG"
291975;2020-06-25;"quinta-feira";"04:00:00";"RR";174;62,7;"RORAINOPOLIS";"Falta de Atenção à Condução";"Tombamento";"Sem Vítimas";"Amanhecer";"Decrescente";"Garoa/Chuvisco";"Simples";"Reta";"Não";2;0;0;0;0;2;0;2;-0,328278;-60,689659;"SPRF-RR";"DEL01-RR";"UOP01-DEL01-RR"
291985;2020-06-26;"sexta-feira";"06:20:00";"GO";50;250;"CATALAO";"Desobediência às normas de trânsito pelo condutor";"Colisão transversal";"Com Vítimas Feridas";"Plena Noite";"Decrescente";"Céu Claro";"Dupla";"Reta";"Não";3;0;1;0;1;1;1;3;-17,9676;-47,7962;"SPRF-GO";"DEL06-GO";"UOP01-DEL06-GO"
291986;2020-06-26;"sexta-feira";"00:30:00";"MG";116;221;"CATUJI";"Animais na Pista";"Colisão lateral";"Com Vítimas Feridas";"Plena Noite";"Decrescente";"Nevoeiro/Neblina";"Simples";"Ponte";"Não";3;0;0;1;1;3;1;5;-17,4180504;-41,51390076;"SPRF-MG";"DEL11-MG";"UOP01-DEL11-MG"
291988;2020-06-26;"sexta-feira";"00:05:00";"MA";10;300;"CIDELANDIA";"Não guardar distância de segurança";"Colisão traseira";"Com Vítimas Feridas";"Plena Noite";"Crescente";"Céu Claro";"Simples";"Reta";"Sim";4;0;2;0;1;2;2;4;-5,113793;-47,549877;"SPRF-MA";"DEL04-MA";"UOP03-DEL04-MA"
291996;2020-06-25;"quinta-feira";"11:45:00";"MG";381;539;"ITATIAIUCU";"Defeito Mecânico no Veículo";"Incêndio";"Sem Vítimas";"Pleno dia";"Decrescente";"Céu Claro";"Dupla";"Reta";"Sim";3;0;0;0;1;3;0;4;-20,242548;-44,41251621;"SPRF-MG";"DEL04-MG";"UOP03-DEL04-MG"
292003;2020-06-18;"quinta-feira";"17:50:00";"MS";158;115;"APARECIDA DO TABOADO";"Falta de Atenção à Condução";"Tombamento";"Com Vítimas Feridas";"Plena Noite";"Crescente";"Céu Claro";"Simples";"Aclive";"Não";2;0;1;0;0;2;1;3;-19,83171297;-51,11232486;"SPRF-MS";"DEL08-MS";"UOP01-DEL08-MS"
292012;2020-06-26;"sexta-feira";"05:58:00";"SC";282;144;"BOM RETIRO";"Defeito Mecânico no Veículo";"Colisão lateral";"Sem Vítimas";"Amanhecer";"Decrescente";"Nublado";"Simples";"Curva";"Não";2;0;0;0;1;1;0;2;-27,806391;-49,622917;"SPRF-SC";"DEL05-SC";"UOP01-DEL05-SC"
292015;2020-06-26;"sexta-feira";"08:40:00";"MG";40;546;"NOVA LIMA";"Falta de Atenção à Condução";"Colisão lateral";"Com Vítimas Feridas";"Pleno dia";"Crescente";"Céu Claro";"Dupla";"Reta";"Não";2;0;0;1;1;0;1;2;-20,01444685;-43,96893823;"SPRF-MG";"DEL01-MG";"UOP02-DEL01-MG"
292018;2020-06-26;"sexta-feira";"09:30:00";"SC";280;7;"SAO FRANCISCO DO SUL";"Falta de Atenção à Condução";"Colisão com objeto estático";"Com Vítimas Feridas";"Pleno dia";"Decrescente";"Céu Claro";"Simples";"Rotatória";"Sim";1;0;1;0;0;0;1;1;-26,27127101;-48,64129599;"SPRF-SC";"DEL03-SC";"UOP03-DEL03-SC"
292020;2020-06-26;"sexta-feira";"03:10:00";"MS";262;72,3;"TRES LAGOAS";"Defeito na Via";"Tombamento";"Com Vítimas Feridas";"Plena Noite";"Decrescente";"Nevoeiro/Neblina";"Simples";"Declive";"Não";1;0;1;0;0;0;1;1;-20;-52,255962;"SPRF-MS";"DEL07-MS";"UOP02-DEL07-MS"
292028;2020-06-26;"sexta-feira";"12:05:00";"MG";365;10,6;"MONTES CLAROS";"Falta de Atenção à Condução";"Colisão lateral";"Com Vítimas Feridas";"Pleno dia";"Decrescente";"Céu Claro";"Simples";"Reta";"Não";3;0;1;0;1;1;1;3;-16,83478113;-43,95261496;"SPRF-MG";"DEL12-MG";"UOP01-DEL12-MG"
292038;2020-06-26;"sexta-feira";"09:00:00";"SC";470;235,3;"SAO CRISTOVAO DO SUL";"Falta de Atenção à Condução";"Colisão frontal";"Com Vítimas Feridas";"Pleno dia";"Crescente";"Sol";"Simples";"Reta";"Não";3;0;0;1;1;1;1;3;-27,302292;-50,439423;"SPRF-SC";"DEL05-SC";"UOP03-DEL05-SC"
292041;2020-06-26;"sexta-feira";"08:30:00";"SC";158;117;"CAIBI";"Fenômenos da Natureza";"Danos eventuais";"Sem Vítimas";"Pleno dia";"Decrescente";"Céu Claro";"Simples";"Curva";"Não";2;0;0;0;1;2;0;3;-26,946;-53,203;"SPRF-SC";"DEL07-SC";"UOP02-DEL07-SC"
292046;2020-06-26;"sexta-feira";"13:30:00";"RS";116;255;"ESTEIO";"Desobediência às normas de trânsito pelo condutor";"Colisão transversal";"Com Vítimas Feridas";"Pleno dia";"Crescente";"Céu Claro";"Dupla";"Reta";"Sim";3;0;2;0;1;0;2;2;-29,83522986;-51,17484349;"SPRF-RS";"DEL01-RS";"UOP02-DEL01-RS"
292051;2020-06-26;"sexta-feira";"10:00:00";"SE";101;80;"LARANJEIRAS";"Defeito Mecânico no Veículo";"Colisão com objeto estático";"Sem Vítimas";"Pleno dia";"Crescente";"Céu Claro";"Dupla";"Reta";"Não";2;0;0;0;1;1;0;2;-10,79993997;-37,14082565;"SPRF-SE";"DEL01-SE";"UOP01-DEL01-SE"
292052;2020-06-26;"sexta-feira";"12:00:00";"BA";110;402;"SAO SEBASTIAO DO PASSE";"Defeito na Via";"Tombamento";"Sem Vítimas";"Pleno dia";"Decrescente";"Nublado";"Simples";"Curva";"Não";1;0;0;0;1;0;0;1;-12,50766107;-38,49626949;"SPRF-BA";"DEL01-BA";"UOP01-DEL01-BA"
292053;2020-06-26;"sexta-feira";"14:20:00";"SP";381;54;"MAIRIPORA";"Defeito Mecânico no Veículo";"Incêndio";"Sem Vítimas";"Pleno dia";"Decrescente";"Nublado";"Dupla";"Curva";"Sim";1;0;0;0;1;0;0;1;-23,2449074;-46,59562343;"SPRF-SP";"DEL03-SP";"UOP01-DEL03-SP"
292056;2020-06-26;"sexta-feira";"08:10:00";"TO";153;438,7;"BARROLANDIA";"Objeto estático sobre o leito carroçável";"Tombamento";"Com Vítimas Feridas";"Pleno dia";"Decrescente";"Céu Claro";"Simples";"Aclive";"Não";2;0;1;0;0;2;1;3;-9,72361998;-48,68912903;"SPRF-TO";"DEL01-TO";"UOP01-DEL01-TO"
292059;2020-06-26;"sexta-feira";"13:30:00";"GO";364;59,2;"CACHOEIRA ALTA";"Desobediência às normas de trânsito pelo condutor";"Colisão traseira";"Com Vítimas Feridas";"Pleno dia";"Crescente";"Sol";"Simples";"Declive;Reta";"Não";5;0;1;0;2;5;1;7;-18,741785;-50,942039;"SPRF-GO";"DEL05-GO";"UOP02-DEL05-GO"
292065;2020-06-26;"sexta-feira";"15:20:00";"ES";101;144,7;"LINHARES";"Falta de Atenção à Condução";"Colisão traseira";"Com Vítimas Feridas";"Pleno dia";"Crescente";"Céu Claro";"Múltipla";"Reta";"Não";2;0;1;0;1;0;1;2;-19,35902393;-40,06463349;"SPRF-ES";"DEL04-ES";"UOP01-DEL04-ES"
292075;2020-06-26;"sexta-feira";"13:30:00";"CE";222;24,7;"CAUCAIA";"Falta de Atenção à Condução";"Colisão com objeto estático";"Com Vítimas Fatais";"Pleno dia";"Crescente";"Céu Claro";"Simples";"Declive";"Não";4;1;1;0;1;1;1;4;-3,72543619;-38,77867788;"SPRF-CE";"DEL01-CE";"UOP01-DEL01-CE"
292081;2020-06-26;"sexta-feira";"14:40:00";"MG";267;28,1;"ARGIRITA";"Defeito Mecânico no Veículo";"Tombamento";"Sem Vítimas";"Pleno dia";"Decrescente";"Céu Claro";"Simples";"Curva";"Não";1;0;0;0;1;0;0;1;-21,62799078;-42,83040926;"SPRF-MG";"DEL07-MG";"UOP01-DEL07-MG"
292082;2020-06-26;"sexta-feira";"18:00:00";"SC";280;41;"ARAQUARI";"Falta de Atenção à Condução";"Colisão frontal";"Com Vítimas Feridas";"Anoitecer";"Crescente";"Nublado";"Simples";"Reta";"Não";2;0;2;0;0;0;2;2;-26,45000366;-48,85790902;"SPRF-SC";"DEL03-SC";"UOP03-DEL03-SC"
292107;2020-06-26;"sexta-feira";"19:05:00";"BA";116;18,8;"VITORIA DA CONQUISTA";"Ingestão de Álcool";"Colisão transversal";"Com Vítimas Feridas";"Plena Noite";"Crescente";"Céu Claro";"Simples";"Reta";"Sim";3;0;1;0;1;1;1;3;-14,89711704;-40,83367109;"SPRF-BA";"DEL08-BA";"UOP01-DEL08-BA"
292108;2020-06-26;"sexta-feira";"15:10:00";"GO";251;18;"CRISTALINA";"Falta de Atenção à Condução";"Colisão lateral";"Com Vítimas Fatais";"Pleno dia";"Crescente";"Céu Claro";"Dupla";"Reta";"Não";3;1;0;0;2;0;0;3;-16,17513289;-47,47277479;"SPRF-DF";"DEL01-DF";"UOP01-DEL01-DF"
292111;2020-06-26;"sexta-feira";"18:30:00";"PR";376;407,8;"TIBAGI";"Falta de Atenção à Condução";"Colisão transversal";"Com Vítimas Feridas";"Plena Noite";"Crescente";"Chuva";"Dupla";"Retorno Regulamentado";"Não";5;0;2;0;1;2;2;4;-24,60413219;-50,66347629;"SPRF-PR";"DEL03-PR";"UOP02-DEL03-PR"
292115;2020-06-26;"sexta-feira";"18:00:00";"MT";163;540;"DIAMANTINO";"Falta de Atenção à Condução";"Colisão traseira";"Com Vítimas Feridas";"Plena Noite";"Decrescente";"Céu Claro";"Simples";"Reta";"Não";4;0;1;0;2;5;1;8;-14,38413105;-56,12218806;"SPRF-MT";"DEL01-MT";"UOP01-DEL01-MT"
292117;2020-06-26;"sexta-feira";"19:00:00";"GO";153;409;"PIRENOPOLIS";"Defeito Mecânico no Veículo";"Saída de leito carroçável";"Com Vítimas Fatais";"Plena Noite";"Decrescente";"Céu Claro";"Simples";"Reta";"Não";2;1;1;0;0;0;1;1;-16,09430979;-49,034729;"SPRF-GO";"DEL02-GO";"UOP01-DEL02-GO"
292119;2020-06-26;"sexta-feira";"20:00:00";"RS";285;292;"PASSO FUNDO";"Desobediência às normas de trânsito pelo condutor";"Colisão transversal";"Sem Vítimas";"Plena Noite";"Crescente";"Céu Claro";"Dupla";"Interseção de Vias";"Sim";3;0;0;0;2;1;0;3;-28,239017;-52,365276;"SPRF-RS";"DEL08-RS";"UOP03-DEL08-RS"
292120;2020-06-26;"sexta-feira";"20:00:00";"SP";153;55,8;"SAO JOSE DO RIO PRETO";"Velocidade Incompatível";"Tombamento";"Com Vítimas Feridas";"Plena Noite";"Decrescente";"Céu Claro";"Simples";"Em Obras;Rotatória;Curva";"Não";1;0;0;1;0;0;1;1;-20,760178;-49,345247;"SPRF-SP";"DEL09-SP";"UOP01-DEL09-SP"
292121;2020-06-26;"sexta-feira";"19:15:00";"MG";459;83;"CONGONHAL";"Velocidade Incompatível";"Colisão frontal";"Com Vítimas Fatais";"Plena Noite";"Crescente";"Nublado";"Simples";"Reta";"Sim";4;2;2;0;0;0;2;2;-22,154463;-46,071995;"SPRF-MG";"DEL09-MG";"UOP01-DEL09-MG"
292123;2020-06-26;"sexta-feira";"20:00:00";"PR";277;1;"PARANAGUA";"Falta de Atenção à Condução";"Colisão lateral";"Sem Vítimas";"Plena Noite";"Crescente";"Chuva";"Dupla";"Rotatória";"Sim";3;0;0;0;2;2;0;4;-25,568198;-48,615292;"SPRF-PR";"DEL01-PR";"UOP05-DEL01-PR"