"id";"data_inversa";"dia_semana";"horario";"uf";"br";"km";"municipio";"causa_acidente";"tipo_acidente";"classificacao_acidente";"fase_dia";"sentido_via";"condicao_metereologica";"tipo_pista";"tracado_via";"uso_solo";"pessoas";"mortos";"feridos_leves";"feridos_graves";"ilesos";"ignorados";"feridos";"veiculos";"latitude";"longitude";"regional";"delegacia";"uop"
292130;2020-06-26;"sexta-feira";"20:05:00";"PR";376;550;"PALMEIRA";"Falta de Atenção à Condução";"Saída de leito carroçável";"Com Vítimas Feridas";"Plena Noite";"Decrescente";"Chuva";"Dupla";"Reta";"Não";2;0;0;1;0;1;1;2;-25,42737739;-49,75865965;"SPRF-PR";"DEL01-PR";"UOP03-DEL03-PR"
292134;2020-06-26;"sexta-feira";"20:30:00";"MG";251;401;"GRAO MOGOL";"Defeito Mecânico no Veículo";"Derramamento de carga";"Sem Vítimas";"Plena Noite";"Decrescente";"Céu Claro";"Simples";"Reta;Aclive";"Não";5;0;0;0;3;2;0;3;-16,24158921;-42,92540287;"SPRF-MG";"DEL12-MG";"UOP01-DEL12-MG"
292138;2020-06-26;"sexta-feira";"19:40:00";"MT";364;203;"RONDONOPOLIS";"Velocidade Incompatível";"Tombamento";"Com Vítimas Fatais";"Plena Noite";"Decrescente";"Céu Claro";"Dupla";"Declive";"Sim";4;1;0;0;0;3;0;3;-16,47555256;-54,65344724;"SPRF-MT";"DEL02-MT";"UOP01-DEL02-MT"
292147;2020-06-26;"sexta-feira";"22:00:00";"PR";277;71;"SAO JOSE DOS PINHAIS";"Ingestão de Álcool";"Colisão lateral";"Com Vítimas Feridas";"Plena Noite";"Decrescente";"Chuva";"Dupla";"Reta";"Não";3;0;1;0;2;0;1;2;-25,511752;-49,127669;"SPRF-PR";"DEL01-PR";"UOP01-DEL01-PR"
292148;2020-06-26;"sexta-feira";"22:15:00";"SP";116;504;"CAJATI";"Pista Escorregadia";"Colisão com objeto estático";"Sem Vítimas";"Plena Noite";"Decrescente";"Chuva";"Dupla";"Curva";"Não";2;0;0;0;1;1;0;2;-24,78266496;-48,20865858;"SPRF-SP";"DEL05-SP";"UOP02-DEL05-SP"
292158;2020-06-26;"sexta-feira";"23:00:00";"CE";222;346,2;"TIANGUA";"Condutor Dormindo";"Colisão traseira";"Com Vítimas Feridas";"Plena Noite";"Crescente";"Céu Claro";"Simples";"Reta";"Não";3;0;0;1;1;2;1;4;-3,90809422;-41,21509903;"SPRF-CE";"DEL04-CE";"UOP02-DEL04-CE"
292159;2020-06-26;"sexta-feira";"20:35:00";"PR";277;591,4;"CASCAVEL";"Desobediência às normas de trânsito pelo condutor";"Colisão traseira";"Com Vítimas Fatais";"Plena Noite";"Decrescente";"Chuva";"Simples";"Curva";"Sim";5;1;1;0;2;1;1;4;-24,98473242;-53,46501885;"SPRF-PR";"DEL04-PR";"UOP01-DEL04-PR"
292160;2020-06-26;"sexta-feira";"20:15:00";"PR";272;386;"ARARUNA";"Desobediência às normas de trânsito pelo condutor";"Colisão frontal";"Com Vítimas Fatais";"Plena Noite";"Crescente";"Chuva";"Simples";"Reta;Declive";"Não";3;1;0;0;1;2;0;4;-24,06934997;-52,57116602;"SPRF-PR";"DEL09-PR";"UOP03-DEL09-PR"
292163;2020-06-26;"sexta-feira";"22:10:00";"PB";230;49,5;"SANTA RITA";"Sinalização da via insuficiente ou inadequada";"Tombamento";"Com Vítimas Feridas";"Plena Noite";"Decrescente";"Nublado";"Dupla";"Em Obras;Reta";"Não";1;0;1;0;0;0;1;1;-7,18401336;-35,05368233;"SPRF-PB";"DEL01-PB";"UOP03-DEL01-PB"
292168;2020-06-26;"sexta-feira";"19:25:00";"MT";174;553;"COMODORO";"Deficiência ou não Acionamento do Sistema de Iluminação/Sinalização do Veículo";"Colisão traseira";"Com Vítimas Feridas";"Plena Noite";"Decrescente";"Céu Claro";"Simples";"Reta";"Não";3;0;0;1;1;2;1;4;-13,10609707;-59,88725127;"SPRF-RO";"DEL04-RO";"UOP01-DEL04-RO"
292169;2020-06-23;"terça-feira";"00:15:00";"RS";392;270,2;"CACAPAVA DO SUL";"Condutor Dormindo";"Saída de leito carroçável";"Sem Vítimas";"Plena Noite";"Decrescente";"Céu Claro";"Múltipla";"Declive;Curva";"Não";2;0;0;0;1;2;0;3;-30,39213722;-53,5059492;"SPRF-RS";"DEL09-RS";"UOP02-DEL09-RS"
292171;2020-06-26;"sexta-feira";"21:20:00";"SC";116;65;"MONTE CASTELO";"Velocidade Incompatível";"Colisão traseira";"Sem Vítimas";"Plena Noite";"Crescente";"Chuva";"Simples";"Declive";"Não";2;0;0;0;1;1;0;2;-26,42445099;-50,2281171;"SPRF-SC";"DEL06-SC";"UOP02-DEL06-SC"
292172;2020-06-26;"sexta-feira";"23:25:00";"MG";40;139;"JOAO PINHEIRO";"Desobediência às normas de trânsito pelo condutor";"Colisão frontal";"Sem Vítimas";"Plena Noite";"Decrescente";"Céu Claro";"Dupla";"Reta";"Não";4;0;0;0;4;0;0;2;-17,73570757;-46,21099068;"SPRF-MG";"DEL14-MG";"UOP01-DEL14-MG"
292174;2020-06-26;"sexta-feira";"22:30:00";"MA";316;410,9;"ALTO ALEGRE DO MARANHAO";"Ultrapassagem Indevida";"Colisão frontal";"Com Vítimas Fatais";"Plena Noite";"Crescente";"Céu Claro";"Simples";"Reta";"Não";6;1;0;2;1;3;2;6;-4,281436;-44,421883;"SPRF-MA";"DEL03-MA";"UOP01-DEL03-MA"
292178;2020-06-26;"sexta-feira";"21:45:00";"PE";116;7;"SALGUEIRO";"Condutor Dormindo";"Colisão frontal";"Com Vítimas Feridas";"Plena Noite";"Decrescente";"Céu Claro";"Simples";"Declive";"Não";3;0;1;0;1;1;1;3;-7,911549;-39,11797;"SPRF-PE";"DEL05-PE";"UOP01-DEL05-PE"
292180;2020-06-27;"sábado";"00:45:00";"SP";116;147,1;"SAO JOSE DOS CAMPOS";"Não guardar distância de segurança";"Colisão traseira";"Com Vítimas Feridas";"Plena Noite";"Decrescente";"Nublado";"Dupla";"Reta";"Não";2;0;1;0;0;1;1;2;-23,19542994;-45,87176303;"SPRF-SP";"DEL02-SP";"UOP01-DEL02-SP"
292181;2020-06-27;"sábado";"01:15:00";"PR";277;23;"MORRETES";"Condutor Dormindo";"Saída de leito carroçável";"Sem Vítimas";"Plena Noite";"Decrescente";"Chuva";"Dupla";"Reta";"Não";2;0;0;0;1;2;0;3;-25,54134292;-48,68821697;"SPRF-PR";"DEL01-PR";"UOP05-DEL01-PR"
292187;2020-06-27;"sábado";"03:15:00";"SC";101;136;"BALNEARIO CAMBORIU";"Falta de Atenção à Condução";"Colisão traseira";"Com Vítimas Feridas";"Plena Noite";"Decrescente";"Chuva";"Dupla";"Reta";"Não";4;0;0;1;2;1;1;4;-27,008113;-48,617245;"SPRF-SC";"DEL04-SC";"UOP03-DEL04-SC"
292188;2020-06-27;"sábado";"00:15:00";"SP";116;527;"BARRA DO TURVO";"Falta de Atenção à Condução";"Colisão traseira";"Com Vítimas Fatais";"Plena Noite";"Decrescente";"Chuva";"Dupla";"Reta";"Não";8;1;1;2;2;7;3;12;-24,93316099;-48,283076;"SPRF-SP";"DEL05-SP";"UOP02-DEL05-SP"
292191;2020-06-27;"sábado";"02:15:00";"PR";376;595;"CURITIBA";"Velocidade Incompatível";"Colisão traseira";"Com Vítimas Feridas";"Plena Noite";"Crescente";"Chuva";"Dupla";"Curva;Aclive";"Sim";5;0;2;0;2;3;2;6;-25,49317991;-49,34370776;"SPRF-PR";"DEL01-PR";"UOP06-DEL01-PR"
292193;2020-06-27;"sábado";"04:34:00";"SP";381;65,2;"MAIRIPORA";"Falta de Atenção à Condução";"Colisão traseira";"Com Vítimas Feridas";"Plena Noite";"Decrescente";"Chuva";"Múltipla";"Reta";"Sim";9;0;2;0;7;0;2;2;-23,316547;-46,58251;"SPRF-SP";"DEL03-SP";"UOP01-DEL03-SP"
292195;2020-06-27;"sábado";"05:00:00";"BA";242;750;"BARREIRAS";"Velocidade Incompatível";"Colisão traseira";"Com Vítimas Feridas";"Amanhecer";"Decrescente";"Céu Claro";"Simples";"Reta";"Não";4;0;1;0;2;1;1;3;-12,15862;-44,651647;"SPRF-BA";"DEL10-BA";"UOP01-DEL10-BA"
292196;2020-06-26;"sexta-feira";"22:30:00";"SC";282;633,7;"DESCANSO";"Ingestão de Álcool";"Colisão lateral";"Sem Vítimas";"Plena Noite";"Crescente";"Céu Claro";"Simples";"Curva;Declive";"Não";2;0;0;0;2;0;0;2;-26,824224;-53,412407;"SPRF-SC";"DEL07-SC";"UOP03-DEL07-SC"
292197;2020-06-27;"sábado";"05:30:00";"PI";316;314;"PICOS";"Falta de Atenção à Condução";"Colisão traseira";"Sem Vítimas";"Pleno dia";"Decrescente";"Céu Claro";"Simples";"Reta";"Sim";3;0;0;0;1;2;0;3;-7,0776992;-41,44117384;"SPRF-PI";"DEL04-PI";"UOP01-DEL04-PI"
292203;2020-06-27;"sábado";"05:40:00";"RJ";116;280;"BARRA MANSA";"Objeto estático sobre o leito carroçável";"Colisão com objeto estático";"Com Vítimas Feridas";"Amanhecer";"Decrescente";"Nublado";"Dupla";"Reta";"Não";5;0;1;1;3;0;2;4;-22,54134895;-44,19176093;"SPRF-RJ";"DEL07-RJ";"UOP02-DEL07-RJ"
292206;2020-06-26;"sexta-feira";"20:50:00";"MG";381;702,4;"LAVRAS";"Condutor Dormindo";"Saída de leito carroçável";"Sem Vítimas";"Plena Noite";"Decrescente";"Céu Claro";"Dupla";"Reta";"Não";1;0;0;0;1;0;0;1;-21,32686224;-45,16839467;"SPRF-MG";"DEL04-MG";"UOP02-DEL04-MG"
292213;2020-06-27;"sábado";"06:40:00";"MT";70;372,1;"CAMPO VERDE";"Falta de Atenção à Condução";"Colisão frontal";"Com Vítimas Feridas";"Amanhecer";"Crescente";"Nevoeiro/Neblina";"Simples";"Reta";"Não";2;0;1;0;1;0;1;2;-15,48650094;-55,05516202;"SPRF-MT";"DEL05-MT";"UOP02-DEL05-MT"
292218;2020-06-11;"quinta-feira";"12:50:00";"MG";365;121,3;"VARZEA DA PALMA";"Ultrapassagem Indevida";"Colisão lateral";"Com Vítimas Fatais";"Pleno dia";"Crescente";"Céu Claro";"Simples";"Reta";"Não";3;1;0;1;1;0;1;2;-17,15004485;-44,69887784;"SPRF-MG";"DEL12-MG";"UOP01-DEL12-MG"
292223;2020-06-27;"sábado";"09:00:00";"MG";262;575,5;"CORREGO DANTA";"Velocidade Incompatível";"Tombamento";"Com Vítimas Feridas";"Pleno dia";"Decrescente";"Sol";"Simples";"Curva";"Não";3;0;2;0;0;1;2;2;-19,69297478;-46,03637682;"SPRF-CE";"N/A";"N/A"
292226;2020-06-27;"sábado";"09:30:00";"PE";101;83;"JABOATAO DOS GUARARAPES";"Desobediência às normas de trânsito pelo condutor";"Colisão transversal";"Com Vítimas Feridas";"Pleno dia";"Crescente";"Ignorado";"Dupla";"Retorno Regulamentado";"Sim";2;0;0;1;1;0;1;2;-8,17779355;-34,94868457;"SPRF-PE";"DEL01-PE";"UOP03-DEL01-PE"
292229;2020-06-27;"sábado";"05:27:00";"MS";163;773;"COXIM";"Ultrapassagem Indevida";"Colisão com objeto estático";"Sem Vítimas";"Amanhecer";"Crescente";"Nublado";"Simples";"Declive";"Não";3;0;0;0;2;4;0;6;-18,14861824;-54,67704221;"SPRF-MS";"DEL06-MS";"UOP01-DEL06-MS"
292231;2020-06-27;"sábado";"09:30:00";"MG";381;594,5;"CARMOPOLIS DE MINAS";"Falta de Atenção à Condução";"Tombamento";"Com Vítimas Feridas";"Pleno dia";"Decrescente";"Céu Claro";"Dupla";"Reta";"Não";2;0;1;0;0;1;1;2;-20,59143674;-44,70067816;"SPRF-MG";"DEL04-MG";"UOP01-DEL04-MG"
292232;2020-06-27;"sábado";"08:50:00";"SC";282;41,8;"AGUAS MORNAS";"Velocidade Incompatível";"Colisão frontal";"Com Vítimas Fatais";"Pleno dia";"Crescente";"Chuva";"Simples";"Curva";"Não";4;1;0;1;1;1;1;3;-27,715973;-48,878979;"SPRF-SC";"DEL01-SC";"UOP03-DEL01-SC"
292233;2020-06-27;"sábado";"09:40:00";"PR";476;209,7;"LAPA";"Velocidade Incompatível";"Tombamento";"Sem Vítimas";"Pleno dia";"Decrescente";"Chuva";"Simples";"Curva";"Não";2;0;0;0;1;1;0;2;-25,7839153;-49,84527849;"SPRF-PR";"DEL02-PR";"UOP04-DEL02-PR"
292237;2020-06-27;"sábado";"10:30:00";"PE";428;130,2;"LAGOA GRANDE";"Condutor Dormindo";"Colisão com objeto estático";"Com Vítimas Feridas";"Pleno dia";"Decrescente";"Sol";"Simples";"Declive";"Não";2;0;0;2;0;0;2;1;-8,95601699;-40,190167;"SPRF-PE";"DEL06-PE";"UOP03-DEL06-PE"
292238;2020-06-27;"sábado";"07:50:00";"SC";282;377,3;"HERVAL DOESTE";"Falta de Atenção à Condução";"Tombamento";"Com Vítimas Feridas";"Amanhecer";"Crescente";"Céu Claro";"Simples";"Curva";"Não";2;0;1;0;0;1;1;2;-27,216974;-51,470055;"SPRF-SC";"DEL07-SC";"UOP05-DEL07-SC"
292240;2020-04-24;"sexta-feira";"10:15:00";"MA";10;154;"PORTO FRANCO";"Desobediência às normas de trânsito pelo condutor";"Colisão lateral";"Com Vítimas Feridas";"Pleno dia";"Decrescente";"Ignorado";"Simples";"Reta";"Não";3;0;1;0;1;3;1;5;-6,373761;-47,380894;"SPRF-MA";"DEL04-MA";"UOP02-DEL04-MA"
292251;2020-06-27;"sábado";"13:00:00";"MT";70;4;"BARRA DO GARCAS";"Desobediência às normas de trânsito pelo condutor";"Colisão lateral";"Com Vítimas Feridas";"Pleno dia";"Decrescente";"Céu Claro";"Dupla";"Declive";"Sim";4;0;0;1;1;2;1;3;-15,88089557;-52,27887154;"SPRF-MT";"DEL07-MT";"UOP01-DEL07-MT"
292253;2020-06-27;"sábado";"00:10:00";"MA";222;617;"ACAILANDIA";"Falta de Atenção à Condução";"Saída de leito carroçável";"Com Vítimas Fatais";"Plena Noite";"Crescente";"Céu Claro";"Simples";"Curva";"Não";1;1;0;0;0;0;0;1;-4,72812921;-47,01666579;"SPRF-MA";"DEL04-MA";"UOP03-DEL04-MA"
292254;2020-06-27;"sábado";"11:40:00";"MT";163;747;"SORRISO";"Falta de Atenção à Condução";"Colisão lateral";"Com Vítimas Feridas";"Pleno dia";"Decrescente";"Céu Claro";"Dupla";"Retorno Regulamentado";"Sim";3;0;0;1;1;3;1;5;-12,69420885;-55,80767215;"SPRF-MT";"DEL06-MT";"UOP01-DEL06-MT"
292257;2020-06-27;"sábado";"11:15:00";"MG";381;921,3;"CAMANDUCAIA";"Velocidade Incompatível";"Colisão com objeto estático";"Sem Vítimas";"Pleno dia";"Crescente";"Chuva";"Dupla";"Declive;Curva";"Não";1;0;0;0;1;0;0;1;-22,7680939;-46,20854399;"SPRF-MG";"DEL16-MG";"UOP03-DEL16-MG"
292263;2020-06-27;"sábado";"12:00:00";"ES";101;283,9;"CARIACICA";"Ingestão de Álcool";"Colisão lateral";"Com Vítimas Feridas";"Pleno dia";"Decrescente";"Céu Claro";"Dupla";"Aclive";"Sim";2;0;1;0;1;0;1;2;-20,23438373;-40,3693577;"SPRF-ES";"DEL01-ES";"UOP01-DEL01-ES"
292270;2020-06-27;"sábado";"14:20:00";"PR";277;664,9;"MEDIANEIRA";"Defeito Mecânico no Veículo";"Colisão lateral";"Com Vítimas Feridas";"Pleno dia";"Crescente";"Nublado";"Dupla";"Aclive;Reta";"Não";4;0;1;0;2;1;1;3;-25,25599605;-54,03772597;"SPRF-PR";"DEL05-PR";"UOP02-DEL05-PR"
292276;2020-06-27;"sábado";"08:30:00";"PA";222;124;"RONDON DO PARA";"Defeito Mecânico no Veículo";"Saída de leito carroçável";"Com Vítimas Feridas";"Pleno dia";"Crescente";"Céu Claro";"Simples";"Curva;Declive";"Não";1;0;1;0;0;0;1;1;-4,84810152;-48,20354462;"SPRF-PA";"DEL02-PA";"UOP02-DEL02-PA"
292278;2020-06-27;"sábado";"14:00:00";"GO";153;12;"PORANGATU";"Falta de Atenção à Condução";"Saída de leito carroçável";"Com Vítimas Feridas";"Pleno dia";"Crescente";"Céu Claro";"Simples";"Reta";"Não";2;0;1;0;0;1;1;2;-13,00395143;-49,06380415;"SPRF-GO";"DEL07-GO";"UOP01-DEL07-GO"
292281;2020-06-27;"sábado";"11:30:00";"SC";470;185;"POUSO REDONDO";"Velocidade Incompatível";"Saída de leito carroçável";"Com Vítimas Feridas";"Pleno dia";"Decrescente";"Chuva";"Simples";"Curva";"Não";1;0;1;0;0;0;1;1;-27,254034;-50,036575;"SPRF-SC";"DEL04-SC";"UOP02-DEL04-SC"
292285;2020-06-27;"sábado";"16:10:00";"CE";116;58,6;"PACAJUS";"Ingestão de Álcool";"Colisão lateral";"Sem Vítimas";"Pleno dia";"Crescente";"Céu Claro";"Simples";"Reta";"Não";3;0;0;0;2;2;0;4;-4,22952609;-38,47845171;"SPRF-CE";"DEL03-CE";"UOP02-DEL03-CE"
292293;2020-06-27;"sábado";"17:20:00";"MG";251;517,7;"MONTES CLAROS";"Defeito na Via";"Saída de leito carroçável";"Com Vítimas Feridas";"Anoitecer";"Decrescente";"Céu Claro";"Simples";"Reta";"Não";2;0;0;1;0;1;1;2;-16,66154421;-43,76055398;"SPRF-MG";"DEL12-MG";"UOP01-DEL12-MG"
292294;2020-06-27;"sábado";"17:50:00";"MG";365;869,1;"SANTA VITORIA";"Falta de Atenção à Condução";"Colisão lateral";"Com Vítimas Feridas";"Anoitecer";"Crescente";"Céu Claro";"Simples";"Curva";"Sim";2;0;0;1;1;0;1;2;-19,045431;-50,496178;"SPRF-MG";"DEL15-MG";"UOP03-DEL15-MG"
292297;2020-06-27;"sábado";"17:05:00";"RS";287;331;"SAO VICENTE DO SUL";"Restrição de Visibilidade";"Colisão transversal";"Com Vítimas Feridas";"Pleno dia";"Decrescente";"Céu Claro";"Simples";"Curva";"Não";4;0;2;0;1;1;2;3;-29,68507014;-54,66522217;"SPRF-RS";"DEL12-RS";"UOP02-DEL12-RS"
292298;2020-06-27;"sábado";"17:00:00";"SP";116;128,6;"CACAPAVA";"Falta de Atenção à Condução";"Colisão lateral";"Sem Vítimas";"Anoitecer";"Crescente";"Chuva";"Dupla";"Reta";"Sim";3;0;0;0;2;2;0;4;-23,11454664;-45,71105567;"SPRF-SP";"DEL06-SP";"UOP01-DEL06-SP"
292300;2020-06-27;"sábado";"14:50:00";"SP";116;504,8;"CAJATI";"Pista Escorregadia";"Colisão com objeto estático";"Com Vítimas Feridas";"Pleno dia";"Crescente";"Garoa/Chuvisco";"Dupla";"Curva";"Não";3;0;1;0;1;1;1;3;-24,79102757;-48,2104969;"SPRF-SP";"DEL05-SP";"UOP02-DEL05-SP"
292310;2020-06-27;"sábado";"18:07:00";"MT";163;1039;"MATUPA";"Falta de Atenção à Condução";"Colisão frontal";"Com Vítimas Fatais";"Anoitecer";"Decrescente";"Céu Claro";"Simples";"Reta";"Não";6;2;0;2;1;2;2;5;-10,179232;-54,942375;"SPRF-MT";"DEL06-MT";"NPF/DEL06-MT"
292316;2020-06-27;"sábado";"18:33:00";"MT";163;705;"SORRISO";"Ultrapassagem Indevida";"Saída de leito carroçável";"Com Vítimas Feridas";"Plena Noite";"Crescente";"Céu Claro";"Simples";"Reta";"Não";7;0;2;0;5;0;2;2;-13,04623319;-55,9046265;"SPRF-MT";"DEL06-MT";"UOP01-DEL06-MT"
292317;2020-06-27;"sábado";"18:55:00";"AL";101;136,2;"SAO MIGUEL DOS CAMPOS";"Desobediência às normas de trânsito pelo condutor";"Colisão lateral";"Sem Vítimas";"Plena Noite";"Crescente";"Garoa/Chuvisco";"Simples";"Reta;Declive";"Sim";5;0;0;0;1;4;0;4;-9,79561892;-36,10861314;"SPRF-AL";"DEL02-AL";"UOP01-DEL02-AL"
292320;2020-06-27;"sábado";"19:30:00";"MG";381;445;"SABARA";"Falta de Atenção à Condução";"Colisão frontal";"Com Vítimas Feridas";"Plena Noite";"Decrescente";"Céu Claro";"Simples";"Curva";"Sim";5;0;0;1;3;1;1;3;-19,82024727;-43,81175995;"SPRF-MG";"DEL01-MG";"UOP01-DEL01-MG"
292321;2020-06-27;"sábado";"16:45:00";"RJ";493;62;"NOVA IGUACU";"Ingestão de Álcool";"Colisão transversal";"Sem Vítimas";"Pleno dia";"Decrescente";"Céu Claro";"Dupla";"Reta";"Não";2;0;0;0;2;0;0;2;-22,67923372;-43,40509783;"SPRF-RJ";"DEL01-RJ";"UOP03-DEL01-RJ"
292322;2020-06-27;"sábado";"19:45:00";"PR";116;72;"QUATRO BARRAS";"Falta de Atenção à Condução";"Colisão traseira";"Com Vítimas Feridas";"Plena Noite";"Decrescente";"Garoa/Chuvisco";"Múltipla";"Reta";"Não";3;0;1;0;1;2;1;4;-25,351671;-49,0425;"SPRF-PR";"DEL01-PR";"UOP01-DEL01-PR"
292323;2020-06-27;"sábado";"17:40:00";"SC";280;214,3;"TRES BARRAS";"Falta de Atenção à Condução";"Colisão frontal";"Com Vítimas Fatais";"Plena Noite";"Crescente";"Garoa/Chuvisco";"Simples";"Reta";"Não";7;1;3;0;2;1;3;5;-26,18318414;-50,20686497;"SPRF-SC";"DEL06-SC";"UOP04-DEL06-SC"
292332;2020-02-20;"quinta-feira";"23:00:00";"PR";163;158,9;"LINDOESTE";"Não guardar distância de segurança";"Colisão transversal";"Com Vítimas Feridas";"Plena Noite";"Crescente";"Céu Claro";"Simples";"Reta";"Não";3;0;1;0;1;3;1;5;-25,34571316;-53,58654499;"SPRF-PR";"DEL05-PR";"UOP05-DEL05-PR"
292335;2020-06-27;"sábado";"20:15:00";"ES";262;30,4;"DOMINGOS MARTINS";"Falta de Atenção à Condução";"Colisão frontal";"Com Vítimas Fatais";"Plena Noite";"Decrescente";"Céu Claro";"Simples";"Curva";"Não";4;1;0;0;2;1;0;4;-20,37451095;-40,56495316;"SPRF-ES";"DEL01-ES";"UOP01-DEL01-ES"
292336;2020-06-27;"sábado";"19:10:00";"BA";116;782,6;"PLANALTO";"Defeito na Via";"Tombamento";"Sem Vítimas";"Plena Noite";"Decrescente";"Garoa/Chuvisco";"Simples";"Reta";"Não";2;0;0;0;1;1;0;2;-14,6801;-40,52038;"SPRF-BA";"DEL08-BA";"UOP02-DEL08-BA"
292338;2020-06-27;"sábado";"20:05:00";"PR";376;652,5;"TIJUCAS DO SUL";"Velocidade Incompatível";"Colisão lateral";"Sem Vítimas";"Plena Noite";"Decrescente";"Garoa/Chuvisco";"Dupla";"Curva";"Não";3;0;0;0;2;1;0;3;-25,8461583;-49,068884;"SPRF-PR";"DEL01-PR";"UOP04-DEL01-PR"
292344;2020-06-27;"sábado";"13:45:00";"PI";135;431,9;"MONTE ALEGRE DO PIAUI";"Defeito na Via";"Colisão frontal";"Com Vítimas Fatais";"Pleno dia";"Crescente";"Céu Claro";"Simples";"Reta";"Não";4;2;0;0;1;1;0;3;-9,55078407;-44,75239796;"SPRF-PI";"DEL03-PI";"UOP02-DEL03-PI"
292345;2020-06-27;"sábado";"18:45:00";"SC";282;365,8;"ERVAL VELHO";"Ingestão de Álcool";"Colisão traseira";"Sem Vítimas";"Plena Noite";"Decrescente";"Céu Claro";"Simples";"Reta";"Não";3;0;0;0;2;1;0;3;-27,295467;-51,407909;"SPRF-SC";"DEL07-SC";"UOP05-DEL07-SC"
292350;2020-06-27;"sábado";"22:30:00";"PE";423;27,4;"SAO CAITANO";"Falta de Atenção à Condução";"Colisão lateral";"Com Vítimas Fatais";"Plena Noite";"Crescente";"Nublado";"Simples";"Reta";"Não";2;1;1;0;0;0;1;2;-8,39548998;-36,18077804;"SPRF-PE";"DEL02-PE";"UOP03-DEL02-PE"
292351;2020-06-27;"sábado";"22:10:00";"RJ";465;9,5;"SEROPEDICA";"Ingestão de Álcool";"Colisão frontal";"Com Vítimas Fatais";"Plena Noite";"Crescente";"Nublado";"Simples";"Reta";"Sim";3;1;1;0;1;0;1;2;-22,771765;-43,670528;"SPRF-RJ";"DEL01-RJ";"UOP03-DEL01-RJ"
292352;2020-06-27;"sábado";"21:40:00";"MG";116;279;"TEOFILO OTONI";"Desobediência às normas de trânsito pelo condutor";"Colisão traseira";"Sem Vítimas";"Plena Noite";"Decrescente";"Céu Claro";"Simples";"Reta";"Não";4;0;0;0;3;1;0;3;-17,87634412;-41,52080762;"SPRF-MG";"DEL11-MG";"UOP01-DEL11-MG"
292358;2020-06-27;"sábado";"23:30:00";"SP";116;517,9;"CAJATI";"Falta de Atenção à Condução";"Tombamento";"Com Vítimas Feridas";"Plena Noite";"Crescente";"Garoa/Chuvisco";"Simples";"Curva;Aclive";"Não";2;0;1;0;0;1;1;2;-24,8768469;-48,22732309;"SPRF-SP";"DEL05-SP";"UOP02-DEL05-SP"
292362;2020-06-27;"sábado";"23:00:00";"MG";116;783,7;"LEOPOLDINA";"Velocidade Incompatível";"Tombamento";"Com Vítimas Feridas";"Plena Noite";"Crescente";"Céu Claro";"Simples";"Curva";"Não";5;0;3;1;0;2;4;3;-21,63453389;-42,69665944;"SPRF-MG";"DEL07-MG";"UOP01-DEL07-MG"
292367;2020-06-27;"sábado";"19:45:00";"MT";163;1041;"MATUPA";"Falta de Atenção à Condução";"Colisão traseira";"Sem Vítimas";"Plena Noite";"Decrescente";"Céu Claro";"Simples";"Reta";"Não";3;0;0;0;1;2;0;3;-10,1758051;-54,9409485;"SPRF-MT";"DEL06-MT";"NPF/DEL06-MT"
292380;2020-06-28;"domingo";"05:50:00";"SP";153;211;"GUAIMBE";"Falta de Atenção à Condução";"Colisão com objeto estático";"Sem Vítimas";"Plena Noite";"Decrescente";"Céu Claro";"Simples";"Reta";"Não";2;0;0;0;1;1;0;2;-21,91749793;-49,9159413;"SPRF-SP";"DEL07-SP";"UOP02-DEL07-SP"
292381;2020-06-28;"domingo";"03:45:00";"MG";381;526;"BRUMADINHO";"Velocidade Incompatível";"Tombamento";"Com Vítimas Feridas";"Plena Noite";"Decrescente";"Céu Claro";"Dupla";"Curva";"Não";2;0;1;0;0;1;1;2;-20,16175378;-44,34144636;"SPRF-MG";"DEL04-MG";"UOP03-DEL04-MG"
292384;2020-06-28;"domingo";"07:20:00";"RS";386;346,1;"LAJEADO";"Velocidade Incompatível";"Tombamento";"Sem Vítimas";"Amanhecer";"Decrescente";"Nevoeiro/Neblina";"Dupla";"Interseção de Vias";"Não";2;0;0;0;1;1;0;2;-29,44765659;-51,97317345;"SPRF-RS";"DEL04-RS";"UOP01-DEL04-RS"
292390;2020-06-28;"domingo";"07:30:00";"SC";101;374;"ICARA";"Condutor Dormindo";"Saída de leito carroçável";"Com Vítimas Feridas";"Amanhecer";"Decrescente";"Nublado";"Dupla";"Reta";"Sim";3;0;2;0;1;0;2;1;-28,71534412;-49,22723198;"SPRF-SC";"DEL02-SC";"UOP01-DEL02-SC"
292394;2020-06-13;"sábado";"06:25:00";"MG";40;557,1;"NOVA LIMA";"Defeito Mecânico no Veículo";"Colisão com objeto estático";"Com Vítimas Feridas";"Pleno dia";"Crescente";"Céu Claro";"Dupla";"Reta";"Não";3;0;0;1;0;2;1;3;-20,10255103;-43,9749284;"SPRF-MG";"DEL01-MG";"UOP02-DEL01-MG"
292403;2020-06-28;"domingo";"09:00:00";"MG";381;561;"ITAGUARA";"Velocidade Incompatível";"Tombamento";"Com Vítimas Feridas";"Pleno dia";"Crescente";"Céu Claro";"Dupla";"Curva";"Não";3;0;0;1;1;1;1;3;-20,39224209;-44,49492995;"SPRF-MG";"DEL04-MG";"UOP03-DEL04-MG"
292404;2020-06-28;"domingo";"09:15:00";"RS";392;50,5;"RIO GRANDE";"Falta de Atenção à Condução";"Saída de leito carroçável";"Com Vítimas Feridas";"Pleno dia";"Crescente";"Céu Claro";"Dupla";"Curva";"Não";1;0;1;0;0;0;1;1;-31,874207;-52,32224598;"SPRF-RS";"DEL07-RS";"UOP02-DEL07-RS"