"id";"data_inversa";"dia_semana";"horario";"uf";"br";"km";"municipio";"causa_acidente";"tipo_acidente";"classificacao_acidente";"fase_dia";"sentido_via";"condicao_metereologica";"tipo_pista";"tracado_via";"uso_solo";"pessoas";"mortos";"feridos_leves";"feridos_graves";"ilesos";"ignorados";"feridos";"veiculos";"latitude";"longitude";"regional";"delegacia";"uop"
293003;2020-07-01;"quarta-feira";"20:20:00";"MA";10;304;"ACAILANDIA";"Falta de Atenção à Condução";"Colisão traseira";"Com Vítimas Feridas";"Plena Noite";"Crescente";"Céu Claro";"Simples";"Reta";"Não";2;0;0;1;1;0;1;2;-5,078606;-47,557503;"SPRF-MA";"DEL04-MA";"UOP03-DEL04-MA"
293007;2020-07-02;"quinta-feira";"02:40:00";"SP";116;144,9;"SAO JOSE DOS CAMPOS";"Falta de Atenção à Condução";"Colisão traseira";"Sem Vítimas";"Plena Noite";"Crescente";"Céu Claro";"Simples";"Aclive";"Sim";2;0;0;0;2;0;0;2;-23,18274416;-45,84633592;"SPRF-SP";"DEL02-SP";"UOP01-DEL02-SP"
293010;2020-07-02;"quinta-feira";"01:40:00";"MG";262;354;"BETIM";"Falta de Atenção à Condução";"Saída de leito carroçável";"Com Vítimas Feridas";"Plena Noite";"Crescente";"Céu Claro";"Dupla";"Reta";"Sim";2;0;1;0;0;1;1;2;-19,96216513;-44,16346396;"SPRF-MG";"DEL01-MG";"UOP03-DEL01-MG"
293012;2020-07-02;"quinta-feira";"05:00:00";"MG";381;343;"BELA VISTA DE MINAS";"Falta de Atenção à Condução";"Tombamento";"Com Vítimas Fatais";"Amanhecer";"Decrescente";"Céu Claro";"Simples";"Curva";"Não";2;1;0;0;0;2;0;3;-19,85663904;-43,10916603;"SPRF-MG";"DEL03-MG";"UOP01-DEL03-MG"
293013;2020-07-02;"quinta-feira";"05:25:00";"TO";153;322;"GUARAI";"Defeito Mecânico no Veículo";"Incêndio";"Sem Vítimas";"Amanhecer";"Crescente";"Céu Claro";"Simples";"Reta";"Não";2;0;0;0;1;1;0;2;-8,72787403;-48,50709564;"SPRF-TO";"DEL02-TO";"UOP02-DEL02-TO"
293017;2020-07-02;"quinta-feira";"05:45:00";"PE";101;69,2;"RECIFE";"Falta de Atenção à Condução";"Colisão lateral";"Com Vítimas Feridas";"Pleno dia";"Crescente";"Céu Claro";"Dupla";"Reta";"Sim";3;0;2;0;1;0;2;2;-8,05951606;-34,94581024;"SPRF-PE";"DEL01-PE";"UOP01-DEL01-PE"
293018;2020-07-01;"quarta-feira";"20:00:00";"MG";365;703,7;"MONTE ALEGRE DE MINAS";"Falta de Atenção à Condução";"Queda de ocupante de veículo";"Sem Vítimas";"Plena Noite";"Decrescente";"Céu Claro";"Simples";"Reta";"Não";3;0;0;0;2;1;0;3;-18,88272579;-49,02657302;"SPRF-MG";"DEL15-MG";"UOP03-DEL15-MG"
293020;2020-07-02;"quinta-feira";"06:30:00";"GO";40;10;"LUZIANIA";"Não guardar distância de segurança";"Colisão lateral";"Com Vítimas Feridas";"Pleno dia";"Decrescente";"Céu Claro";"Dupla";"Reta";"Sim";3;0;0;1;1;1;1;3;-16,131285;-47,957923;"SPRF-DF";"DEL01-DF";"UOP01-DEL01-DF"
293021;2020-07-02;"quinta-feira";"06:27:00";"MG";381;707,1;"NEPOMUCENO";"Velocidade Incompatível";"Tombamento";"Com Vítimas Fatais";"Amanhecer";"Decrescente";"Ignorado";"Dupla";"Curva";"Não";3;1;1;0;0;2;1;3;-21,36199299;-45,19169583;"SPRF-MG";"DEL04-MG";"UOP02-DEL04-MG"
293024;2020-07-02;"quinta-feira";"07:40:00";"SP";116;363,8;"MIRACATU";"Velocidade Incompatível";"Tombamento";"Com Vítimas Feridas";"Pleno dia";"Decrescente";"Céu Claro";"Dupla";"Curva";"Não";2;0;1;0;0;1;1;2;-24,13778558;-47,27292538;"SPRF-SP";"DEL04-SP";"UOP02-DEL04-SP"
293029;2020-07-02;"quinta-feira";"07:20:00";"PR";369;110;"URAI";"Fenômenos da Natureza";"Colisão traseira";"Com Vítimas Feridas";"Pleno dia";"Decrescente";"Céu Claro";"Simples";"Reta";"Não";3;0;0;1;2;0;1;3;-23,269;-50,808;"SPRF-PR";"DEL07-PR";"UOP05-DEL07-PR"
293038;2020-06-28;"domingo";"11:00:00";"MG";116;276,6;"TEOFILO OTONI";"Falta de Atenção à Condução";"Colisão com objeto estático";"Sem Vítimas";"Pleno dia";"Decrescente";"Céu Claro";"Dupla";"Reta";"Sim";4;0;0;0;1;4;0;4;-17,85105696;-41,51454492;"SPRF-MG";"DEL11-MG";"UOP01-DEL11-MG"
293044;2020-07-02;"quinta-feira";"04:45:00";"PB";230;84,3;"CALDAS BRANDAO";"Falta de Atenção à Condução";"Colisão traseira";"Com Vítimas Feridas";"Amanhecer";"Crescente";"Céu Claro";"Dupla";"Interseção de Vias";"Não";3;0;1;0;0;2;1;3;-7,16571491;-35,35465837;"SPRF-PB";"DEL01-PB";"UOP03-DEL01-PB"
293047;2020-07-02;"quinta-feira";"10:00:00";"MG";40;760,9;"JUIZ DE FORA";"Falta de Atenção à Condução";"Colisão transversal";"Com Vítimas Feridas";"Pleno dia";"Decrescente";"Céu Claro";"Simples";"Reta";"Não";2;0;2;0;0;0;2;2;-21,52936511;-43,51813418;"SPRF-MG";"DEL05-MG";"UOP01-DEL05-MG"
293048;2020-07-02;"quinta-feira";"10:00:00";"PR";277;81;"CURITIBA";"Velocidade Incompatível";"Colisão traseira";"Sem Vítimas";"Pleno dia";"Crescente";"Sol";"Dupla";"Reta";"Sim";2;0;0;0;2;0;0;2;-25,568939;-49,181978;"SPRF-PR";"DEL01-PR";"UOP06-DEL01-PR"
293050;2020-07-01;"quarta-feira";"23:50:00";"ES";259;15,6;"JOAO NEIVA";"Velocidade Incompatível";"Tombamento";"Com Vítimas Feridas";"Plena Noite";"Decrescente";"Céu Claro";"Simples";"Curva";"Não";2;0;1;0;0;1;1;2;-19,65668001;-40,423168;"SPRF-ES";"DEL02-ES";"UOP01-DEL02-ES"
293052;2020-06-28;"domingo";"11:45:00";"MG";116;274;"TEOFILO OTONI";"Falta de Atenção à Condução";"Colisão com objeto estático";"Sem Vítimas";"Pleno dia";"Decrescente";"Céu Claro";"Dupla";"Reta";"Sim";4;0;0;0;1;4;0;4;-17,83384514;-41,51094368;"SPRF-MG";"DEL11-MG";"UOP01-DEL11-MG"
293054;2020-07-01;"quarta-feira";"22:00:00";"PR";277;6;"PARANAGUA";"Falta de Atenção à Condução";"Tombamento";"Com Vítimas Feridas";"Plena Noite";"Decrescente";"Céu Claro";"Dupla";"Reta";"Não";3;0;1;0;1;1;1;2;-25,568198;-48,615292;"SPRF-PR";"DEL01-PR";"UOP05-DEL01-PR"
293057;2020-07-02;"quinta-feira";"09:05:00";"MG";116;469;"TARUMIRIM";"Mal Súbito";"Saída de leito carroçável";"Com Vítimas Feridas";"Pleno dia";"Decrescente";"Céu Claro";"Simples";"Reta";"Não";1;0;1;0;0;0;1;1;-19,31016755;-42,0786674;"SPRF-MG";"DEL06-MG";"UOP02-DEL06-MG"
293058;2020-07-02;"quinta-feira";"10:00:00";"RO";364;704;"PORTO VELHO";"Defeito Mecânico no Veículo";"Tombamento";"Sem Vítimas";"Pleno dia";"Decrescente";"Céu Claro";"Dupla";"Reta";"Não";1;0;0;0;1;0;0;1;-8,80032739;-63,804543;"SPRF-RO";"DEL01-RO";"UOP01-DEL01-RO"
293059;2020-06-29;"segunda-feira";"22:30:00";"BA";101;493,5;"BARRO PRETO";"Defeito Mecânico no Veículo";"Colisão com objeto estático";"Sem Vítimas";"Plena Noite";"Crescente";"Chuva";"Simples";"Reta";"Não";1;0;0;0;1;0;0;1;-14,71715341;-39,35491562;"SPRF-BA";"DEL05-BA";"UOP01-DEL05-BA"
293060;2020-07-02;"quinta-feira";"09:50:00";"PR";153;105;"JAPIRA";"Falta de Atenção à Condução";"Colisão transversal";"Com Vítimas Feridas";"Pleno dia";"Decrescente";"Céu Claro";"Dupla";"Interseção de Vias";"Não";3;0;1;0;1;1;1;3;-23,814184;-50,179108;"SPRF-PR";"DEL07-PR";"UOP04-DEL07-PR"
293062;2020-07-02;"quinta-feira";"10:30:00";"MG";40;508,8;"RIBEIRAO DAS NEVES";"Falta de Atenção à Condução";"Colisão lateral";"Com Vítimas Feridas";"Pleno dia";"Crescente";"Céu Claro";"Dupla";"Retorno Regulamentado";"Sim";4;0;1;0;2;1;1;3;-19,76061249;-44,1347544;"SPRF-MG";"DEL01-MG";"UOP02-DEL01-MG"
293070;2020-07-02;"quinta-feira";"10:20:00";"MT";70;42;"BARRA DO GARCAS";"Defeito na Via";"Tombamento";"Sem Vítimas";"Pleno dia";"Decrescente";"Céu Claro";"Simples";"Aclive";"Não";2;0;0;0;1;3;0;4;-15,7690862;-52,5780752;"SPRF-MT";"DEL07-MT";"UOP01-DEL07-MT"
293072;2020-06-23;"terça-feira";"15:15:00";"BA";324;521;"FEIRA DE SANTANA";"Falta de Atenção à Condução";"Colisão lateral";"Com Vítimas Feridas";"Pleno dia";"Decrescente";"Céu Claro";"Dupla";"Reta";"Sim";3;0;0;1;1;1;1;3;-12,27918591;-38,92645693;"SPRF-BA";"DEL01-BA";"UOP01-DEL01-BA"
293074;2020-07-02;"quinta-feira";"13:00:00";"GO";20;181;"SIMOLANDIA";"Desobediência às normas de trânsito pelo condutor";"Colisão transversal";"Com Vítimas Fatais";"Pleno dia";"Crescente";"Céu Claro";"Simples";"Reta";"Sim";2;1;0;0;1;0;0;2;-14,470801;-46,486183;"SPRF-DF";"DEL02-DF";"UOP03-DEL02-DF"
293077;2020-07-02;"quinta-feira";"13:40:00";"PR";476;213,9;"LAPA";"Desobediência às normas de trânsito pelo condutor";"Colisão frontal";"Com Vítimas Feridas";"Pleno dia";"Decrescente";"Céu Claro";"Simples";"Curva";"Não";2;0;1;0;1;0;1;2;-25,779312;-49,875546;"SPRF-PR";"DEL02-PR";"UOP04-DEL02-PR"
293083;2020-06-12;"sexta-feira";"17:05:00";"SC";116;1,3;"MAFRA";"Falta de Atenção à Condução";"Colisão transversal";"Com Vítimas Feridas";"Pleno dia";"Crescente";"Céu Claro";"Simples";"Reta";"Não";2;0;0;1;1;0;1;2;-26,1170929;-49,78694917;"SPRF-SC";"DEL06-SC";"UOP01-DEL06-SC"
293087;2020-07-02;"quinta-feira";"13:30:00";"MT";70;81,8;"GENERAL CARNEIRO";"Falta de Atenção à Condução";"Tombamento";"Com Vítimas Feridas";"Pleno dia";"Decrescente";"Sol";"Simples";"Reta";"Não";2;0;1;0;0;1;1;2;-15,638575;-52,811987;"SPRF-MT";"DEL07-MT";"UOP01-DEL07-MT"
293088;2020-07-02;"quinta-feira";"15:30:00";"PR";116;115;"CURITIBA";"Falta de Atenção à Condução";"Colisão traseira";"Com Vítimas Feridas";"Pleno dia";"Decrescente";"Céu Claro";"Dupla";"Reta";"Sim";2;0;1;0;1;0;1;2;-25,55953326;-49,26560414;"SPRF-PR";"DEL01-PR";"UOP06-DEL01-PR"
293096;2020-07-02;"quinta-feira";"15:20:00";"MG";381;425;"CAETE";"Velocidade Incompatível";"Colisão traseira";"Com Vítimas Fatais";"Pleno dia";"Decrescente";"Sol";"Dupla";"Curva;Declive";"Não";6;1;1;0;3;4;1;8;-19,78899543;-43,67209196;"SPRF-MG";"DEL01-MG";"UOP01-DEL01-MG"
293100;2020-07-02;"quinta-feira";"17:25:00";"PE";101;42,8;"IGARASSU";"Falta de Atenção à Condução";"Colisão traseira";"Sem Vítimas";"Anoitecer";"Decrescente";"Céu Claro";"Múltipla";"Curva;Declive";"Sim";2;0;0;0;2;0;0;2;-7,84753808;-34,90977038;"SPRF-PE";"DEL01-PE";"UOP02-DEL01-PE"
293101;2020-07-02;"quinta-feira";"17:00:00";"PR";163;333;"GUAIRA";"Falta de Atenção à Condução";"Colisão transversal";"Com Vítimas Feridas";"Pleno dia";"Crescente";"Céu Claro";"Simples";"Interseção de Vias";"Não";4;0;2;0;1;2;2;4;-24,240841;-54,19934555;"SPRF-PR";"DEL06-PR";"UOP01-DEL06-PR"
293102;2020-07-02;"quinta-feira";"15:00:00";"RO";364;676;"CANDEIAS DO JAMARI";"Falta de Atenção à Condução";"Saída de leito carroçável";"Com Vítimas Feridas";"Pleno dia";"Crescente";"Sol";"Simples";"Reta";"Não";2;0;1;0;0;1;1;2;-8,78177303;-63,552469;"SPRF-RO";"DEL01-RO";"UOP01-DEL01-RO"
293104;2020-07-02;"quinta-feira";"10:35:00";"PR";476;261,3;"SAO MATEUS DO SUL";"Ultrapassagem Indevida";"Colisão frontal";"Com Vítimas Feridas";"Pleno dia";"Crescente";"Céu Claro";"Simples";"Reta;Declive";"Não";5;0;1;0;3;2;1;6;-25,891628;-50,254681;"SPRF-PR";"DEL02-PR";"UOP04-DEL02-PR"
293106;2020-07-02;"quinta-feira";"16:25:00";"MT";163;1021,5;"PEIXOTO DE AZEVEDO";"Defeito Mecânico no Veículo";"Colisão lateral";"Com Vítimas Feridas";"Pleno dia";"Decrescente";"Nublado";"Simples";"Curva";"Não";8;0;4;1;2;5;5;9;-10,296886;-55,031393;"SPRF-MT";"DEL06-MT";"NPF/DEL06-MT"
293114;2020-07-02;"quinta-feira";"18:00:00";"GO";60;182;"ABADIA DE GOIAS";"Ingestão de Álcool";"Colisão traseira";"Sem Vítimas";"Anoitecer";"Crescente";"Céu Claro";"Dupla";"Reta";"Não";2;0;0;0;2;0;0;2;-16,7778;-49,489;"SPRF-GO";"DEL01-GO";"UOP02-DEL01-GO"
293118;2020-07-02;"quinta-feira";"19:00:00";"SC";101;207,6;"SAO JOSE";"Não guardar distância de segurança";"Colisão lateral";"Com Vítimas Feridas";"Plena Noite";"Decrescente";"Céu Claro";"Dupla";"Reta";"Sim";4;0;0;1;2;1;1;4;-27,60001226;-48,6226467;"SPRF-SC";"DEL01-SC";"UOP01-DEL01-SC"
293135;2020-07-02;"quinta-feira";"15:40:00";"MG";116;409,7;"GOVERNADOR VALADARES";"Defeito Mecânico no Veículo";"Danos eventuais";"Sem Vítimas";"Pleno dia";"Crescente";"Sol";"Dupla";"Reta;Viaduto";"Sim";1;0;0;0;1;0;0;1;-18,84545657;-41,98124886;"SPRF-MG";"DEL06-MG";"UOP01-DEL06-MG"
293136;2020-07-02;"quinta-feira";"17:10:00";"RS";158;145,2;"PANAMBI";"Falta de Atenção à Condução";"Saída de leito carroçável";"Com Vítimas Feridas";"Pleno dia";"Decrescente";"Céu Claro";"Simples";"Curva;Em Obras";"Não";1;0;0;1;0;0;1;1;-28,24134706;-53,48065714;"SPRF-RS";"DEL10-RS";"UOP02-DEL10-RS"
293140;2020-07-02;"quinta-feira";"18:00:00";"RS";392;684;"ROQUE GONZALES";"Objeto estático sobre o leito carroçável";"Colisão com objeto estático";"Com Vítimas Feridas";"Anoitecer";"Crescente";"Céu Claro";"Simples";"Reta";"Não";2;0;1;0;1;0;1;2;-28,12237715;-54,93986501;"SPRF-RS";"DEL10-RS";"UOP01-DEL10-RS"
293141;2020-07-02;"quinta-feira";"17:50:00";"MG";381;275;"JAGUARACU";"Defeito Mecânico no Veículo";"Colisão com objeto em movimento";"Sem Vítimas";"Plena Noite";"Crescente";"Céu Claro";"Simples";"Reta";"Não";3;0;0;0;2;1;0;3;-19,54431697;-42,69092029;"SPRF-MG";"DEL03-MG";"UOP02-DEL03-MG"
293143;2020-07-02;"quinta-feira";"21:00:00";"BA";324;387;"GAVIAO";"Ultrapassagem Indevida";"Colisão frontal";"Com Vítimas Fatais";"Plena Noite";"Crescente";"Céu Claro";"Simples";"Aclive";"Não";2;1;0;0;1;0;0;2;-11,50002517;-39,74319216;"SPRF-BA";"DEL04-BA";"UOP02-DEL04-BA"
293148;2020-07-02;"quinta-feira";"20:30:00";"RO";364;246;"CACOAL";"Defeito na Via";"Saída de leito carroçável";"Com Vítimas Feridas";"Plena Noite";"Decrescente";"Céu Claro";"Simples";"Declive";"Não";1;0;1;0;0;0;1;1;-11,439371;-61,524097;"SPRF-RO";"DEL02-RO";"UOP02-DEL02-RO"
293153;2020-07-02;"quinta-feira";"22:15:00";"MG";365;704;"MONTE ALEGRE DE MINAS";"Falta de Atenção à Condução";"Colisão com objeto estático";"Com Vítimas Feridas";"Plena Noite";"Crescente";"Céu Claro";"Dupla";"Em Obras";"Não";1;0;1;0;0;0;1;1;-18,88169079;-49,03599797;"SPRF-MG";"DEL15-MG";"UOP03-DEL15-MG"
293167;2020-07-02;"quinta-feira";"23:15:00";"MS";262;217;"RIBAS DO RIO PARDO";"Mal Súbito";"Colisão lateral";"Com Vítimas Feridas";"Plena Noite";"Crescente";"Céu Claro";"Simples";"Reta";"Não";4;0;1;0;1;3;1;5;-20,46694707;-53,54796799;"SPRF-MS";"DEL07-MS";"UOP02-DEL07-MS"
293170;2020-07-03;"sexta-feira";"01:45:00";"RJ";356;130,5;"CAMPOS DOS GOYTACAZES";"Pista Escorregadia";"Saída de leito carroçável";"Com Vítimas Feridas";"Plena Noite";"Crescente";"Chuva";"Simples";"Reta";"Não";1;0;1;0;0;0;1;1;-21,69613303;-41,36022556;"SPRF-RJ";"DEL08-RJ";"UOP01-DEL08-RJ"
293177;2020-07-03;"sexta-feira";"03:25:00";"MG";251;511,3;"MONTES CLAROS";"Ultrapassagem Indevida";"Colisão frontal";"Com Vítimas Fatais";"Plena Noite";"Decrescente";"Céu Claro";"Simples";"Curva";"Não";2;1;0;0;1;0;0;2;-16,642415;-43,700495;"SPRF-MG";"DEL12-MG";"UOP01-DEL12-MG"
293180;2020-07-03;"sexta-feira";"02:30:00";"MG";116;541,6;"SANTA RITA DE MINAS";"Condutor Dormindo";"Capotamento";"Com Vítimas Feridas";"Plena Noite";"Crescente";"Chuva";"Simples";"Curva";"Não";2;0;1;0;0;1;1;2;-19,89438795;-42,13395072;"SPRF-MG";"DEL06-MG";"UOP02-DEL06-MG"
293181;2020-07-02;"quinta-feira";"23:00:00";"RO";364;839;"PORTO VELHO";"Defeito na Via";"Colisão traseira";"Sem Vítimas";"Plena Noite";"Crescente";"Céu Claro";"Simples";"Reta";"Não";3;0;0;0;1;5;0;6;-9,40117987;-64,68850815;"SPRF-RO";"DEL01-RO";"UOP02-DEL01-RO"
293182;2020-07-03;"sexta-feira";"04:20:00";"MG";381;368,5;"SAO GONCALO DO RIO ABAIXO";"Velocidade Incompatível";"Tombamento";"Com Vítimas Feridas";"Plena Noite";"Decrescente";"Nevoeiro/Neblina";"Simples";"Curva";"Não";2;0;1;0;0;2;1;3;-19,85072732;-43,28377384;"SPRF-MG";"DEL03-MG";"UOP01-DEL03-MG"
293183;2020-07-02;"quinta-feira";"15:00:00";"TO";230;36;"NAZARE";"Defeito Mecânico no Veículo";"Incêndio";"Sem Vítimas";"Amanhecer";"Crescente";"Céu Claro";"Simples";"Declive";"Não";1;0;0;0;1;0;0;1;-6,4013199;-47,67079503;"SPRF-TO";"DEL02-TO";"UOP03-DEL02-TO"
293186;2020-07-03;"sexta-feira";"05:30:00";"BA";324;616;"SALVADOR";"Desobediência às normas de trânsito pelo condutor";"Colisão traseira";"Com Vítimas Feridas";"Amanhecer";"Crescente";"Céu Claro";"Dupla";"Reta";"Sim";4;0;3;0;1;0;3;2;-12,87957905;-38,43213893;"SPRF-BA";"DEL01-BA";"UOP01-DEL01-BA"
293187;2020-07-03;"sexta-feira";"05:40:00";"SP";116;452;"REGISTRO";"Falta de Atenção à Condução";"Colisão traseira";"Sem Vítimas";"Amanhecer";"Crescente";"Nublado";"Dupla";"Reta";"Não";4;0;0;0;3;1;0;3;-24,55357585;-47,86460045;"SPRF-SP";"DEL05-SP";"UOP01-DEL05-SP"
293191;2020-07-02;"quinta-feira";"21:15:00";"GO";153;315,5;"RIANAPOLIS";"Falta de Atenção à Condução";"Colisão lateral";"Sem Vítimas";"Plena Noite";"Decrescente";"Céu Claro";"Simples";"Reta";"Não";2;0;0;0;1;1;0;2;-15,405963;-49,531563;"SPRF-GO";"DEL02-GO";"UOP02-DEL02-GO"
293192;2020-07-02;"quinta-feira";"21:00:00";"GO";60;356;"RIO VERDE";"Falta de Atenção à Condução";"Saída de leito carroçável";"Com Vítimas Feridas";"Plena Noite";"Crescente";"Céu Claro";"Dupla";"Curva";"Não";2;0;0;1;0;1;1;2;-17,6008;-50,7426;"SPRF-GO";"DEL04-GO";"UOP01-DEL04-GO"
293193;2020-07-02;"quinta-feira";"17:00:00";"PI";135;400;"REDENCAO DO GURGUEIA";"Fenômenos da Natureza";"Incêndio";"Sem Vítimas";"Pleno dia";"Decrescente";"Sol";"Simples";"Reta";"Não";2;0;0;0;1;3;0;4;-9,40410888;-44,59058245;"SPRF-PI";"DEL03-PI";"UOP02-DEL03-PI"
293197;2020-07-03;"sexta-feira";"06:20:00";"MG";40;709,8;"BARBACENA";"Defeito Mecânico no Veículo";"Danos eventuais";"Com Vítimas Fatais";"Amanhecer";"Decrescente";"Céu Claro";"Dupla";"Reta";"Não";2;1;0;0;0;1;0;2;-21,24249015;-43,72298753;"SPRF-MG";"DEL05-MG";"UOP02-DEL05-MG"
293198;2020-07-03;"sexta-feira";"07:00:00";"BA";324;602;"SIMOES FILHO";"Defeito Mecânico no Veículo";"Colisão traseira";"Com Vítimas Feridas";"Pleno dia";"Decrescente";"Sol";"Dupla";"Reta";"Não";5;0;1;0;4;0;1;4;-12,76402892;-38,42393483;"SPRF-BA";"DEL01-BA";"UOP01-DEL01-BA"
293204;2020-07-03;"sexta-feira";"03:00:00";"MG";381;234;"BELO ORIENTE";"Condutor Dormindo";"Colisão lateral";"Com Vítimas Feridas";"Plena Noite";"Crescente";"Céu Claro";"Simples";"Reta";"Não";4;0;0;1;1;2;1;4;-19,34858;-42,433291;"SPRF-MG";"DEL06-MG";"UOP01-DEL06-MG"
293208;2020-07-03;"sexta-feira";"07:30:00";"RS";116;394,2;"CAMAQUA";"Falta de Atenção à Condução";"Colisão traseira";"Com Vítimas Feridas";"Pleno dia";"Decrescente";"Céu Claro";"Dupla";"Reta";"Não";2;0;0;1;1;0;1;2;-30,84497914;-51,75687894;"SPRF-RS";"DEL02-RS";"UOP02-DEL02-RS"
293211;2020-07-03;"sexta-feira";"08:17:00";"DF";20;3;"BRASILIA";"Falta de Atenção à Condução";"Colisão traseira";"Sem Vítimas";"Pleno dia";"Decrescente";"Céu Claro";"Dupla";"Aclive";"Sim";2;0;0;0;1;1;0;2;-15,679851;-47,832211;"SPRF-DF";"DEL02-DF";"UOP01-DEL02-DF"
293224;2020-07-03;"sexta-feira";"09:00:00";"SC";280;23;"ARAQUARI";"Falta de Atenção à Condução";"Colisão lateral";"Com Vítimas Feridas";"Pleno dia";"Decrescente";"Céu Claro";"Simples";"Rotatória";"Sim";3;0;1;0;1;1;1;3;-26,37146;-48,711887;"SPRF-SC";"DEL03-SC";"UOP03-DEL03-SC"
293225;2020-06-13;"sábado";"07:50:00";"MG";262;459;"NOVA SERRANA";"Condutor Dormindo";"Colisão frontal";"Com Vítimas Feridas";"Pleno dia";"Decrescente";"Céu Claro";"Simples";"Reta";"Não";3;0;1;1;0;1;2;3;-19,83154436;-45,06546119;"SPRF-MG";"DEL08-MG";"UOP03-DEL08-MG"
293226;2020-07-03;"sexta-feira";"07:35:00";"SC";101;213;"PALHOCA";"Não guardar distância de segurança";"Colisão traseira";"Sem Vítimas";"Pleno dia";"Decrescente";"Céu Claro";"Dupla";"Reta";"Sim";1;0;0;0;1;0;0;1;-27,63697369;-48,66514142;"SPRF-SC";"DEL01-SC";"UOP02-DEL01-SC"
293228;2020-07-03;"sexta-feira";"05:30:00";"MG";365;314,5;"SAO GONCALO DO ABAETE";"Ultrapassagem Indevida";"Colisão frontal";"Com Vítimas Fatais";"Amanhecer";"Crescente";"Céu Claro";"Simples";"Curva";"Não";4;1;0;0;1;2;0;4;-18,21681163;-45,84669292;"SPRF-MG";"DEL10-MG";"UOP01-DEL10-MG"
293240;2020-07-03;"sexta-feira";"11:55:00";"RS";158;326;"SANTA MARIA";"Desobediência às normas de trânsito pelo condutor";"Colisão frontal";"Com Vítimas Feridas";"Pleno dia";"Decrescente";"Céu Claro";"Simples";"Em Obras;Reta;Viaduto";"Sim";3;0;1;0;1;2;1;4;-29,70975376;-53,80284617;"SPRF-RS";"DEL09-RS";"UOP01-DEL09-RS"
293243;2020-07-03;"sexta-feira";"12:30:00";"RJ";393;200;"RIO DAS FLORES";"Falta de Atenção à Condução";"Colisão transversal";"Com Vítimas Feridas";"Pleno dia";"Crescente";"Céu Claro";"Simples";"Interseção de Vias";"Não";4;0;3;0;0;1;3;3;-22,22936165;-43,42277527;"SPRF-RJ";"DEL05-RJ";"UOP03-DEL05-RJ"
293248;2020-07-03;"sexta-feira";"11:40:00";"RS";386;306;"POUSO NOVO";"Velocidade Incompatível";"Saída de leito carroçável";"Com Vítimas Feridas";"Pleno dia";"Crescente";"Céu Claro";"Simples";"Curva";"Não";2;0;1;0;0;1;1;2;-29,194696;-52,185722;"SPRF-RS";"DEL04-RS";"UOP01-DEL04-RS"
293249;2020-07-03;"sexta-feira";"11:20:00";"PA";316;138,4;"PEIXE-BOI";"Desobediência às normas de trânsito pelo condutor";"Colisão frontal";"Com Vítimas Feridas";"Pleno dia";"Crescente";"Céu Claro";"Dupla";"Reta";"Não";2;0;1;0;1;0;1;2;-1,27109839;-47,28260377;"SPRF-PA";"DEL01-PA";"UOP03-DEL01-PA"
293254;2020-06-30;"terça-feira";"14:00:00";"MG";116;277,2;"TEOFILO OTONI";"Carga excessiva e/ou mal acondicionada";"Colisão com objeto estático";"Sem Vítimas";"Pleno dia";"Decrescente";"Céu Claro";"Múltipla";"Reta";"Sim";2;0;0;0;1;2;0;3;-17,859945;-41,515144;"SPRF-MG";"DEL11-MG";"UOP01-DEL11-MG"
293256;2020-07-03;"sexta-feira";"13:00:00";"PR";376;501,5;"PONTA GROSSA";"Falta de Atenção à Condução";"Saída de leito carroçável";"Com Vítimas Fatais";"Pleno dia";"Decrescente";"Céu Claro";"Dupla";"Declive";"Sim";1;1;0;0;0;0;0;1;-25,20894789;-50,06444688;"SPRF-PR";"DEL03-PR";"UOP04-DEL03-PR"
293258;2020-07-03;"sexta-feira";"14:00:00";"PR";369;174,4;"ROLANDIA";"Falta de Atenção à Condução";"Colisão traseira";"Com Vítimas Feridas";"Pleno dia";"Crescente";"Céu Claro";"Simples";"Reta";"Sim";2;0;1;0;1;0;1;2;-23,3192643;-51,3802243;"SPRF-PR";"DEL07-PR";"UOP01-DEL07-PR"
293260;2020-07-03;"sexta-feira";"13:10:00";"RS";470;270,8;"SAO JOSE DO SUL";"Falta de Atenção à Condução";"Colisão lateral";"Com Vítimas Feridas";"Pleno dia";"Crescente";"Céu Claro";"Simples";"Reta";"Não";4;0;3;0;1;0;3;2;-29,51948421;-51,48157196;"SPRF-RS";"DEL04-RS";"UOP02-DEL04-RS"
293263;2020-07-03;"sexta-feira";"13:30:00";"RS";290;213,8;"PANTANO GRANDE";"Falta de Atenção à Condução";"Saída de leito carroçável";"Com Vítimas Feridas";"Pleno dia";"Crescente";"Sol";"Simples";"Interseção de Vias";"Não";2;0;1;0;0;1;1;2;-30,18697986;-52,35843658;"SPRF-RS";"DEL02-RS";"UOP03-DEL02-RS"
293264;2020-07-03;"sexta-feira";"13:00:00";"MG";381;273,5;"CORONEL FABRICIANO";"Falta de Atenção à Condução";"Colisão traseira";"Com Vítimas Feridas";"Pleno dia";"Crescente";"Céu Claro";"Simples";"Reta;Em Obras";"Não";12;0;6;0;4;2;6;6;-19,56842682;-42,71237428;"SPRF-MG";"DEL03-MG";"UOP02-DEL03-MG"
293267;2020-07-03;"sexta-feira";"15:00:00";"SP";116;279;"EMBU DAS ARTES";"Não guardar distância de segurança";"Colisão traseira";"Com Vítimas Feridas";"Pleno dia";"Crescente";"Céu Claro";"Múltipla";"Declive";"Sim";2;0;1;0;1;0;1;2;-23,66233697;-46,85292907;"SPRF-SP";"DEL04-SP";"UOP01-DEL04-SP"