"id";"data_inversa";"dia_semana";"horario";"uf";"br";"km";"municipio";"causa_acidente";"tipo_acidente";"classificacao_acidente";"fase_dia";"sentido_via";"condicao_metereologica";"tipo_pista";"tracado_via";"uso_solo";"pessoas";"mortos";"feridos_leves";"feridos_graves";"ilesos";"ignorados";"feridos";"veiculos";"latitude";"longitude";"regional";"delegacia";"uop"
293269;2020-07-03;"sexta-feira";"14:00:00";"PB";230;204;"SOLEDADE";"Falta de Atenção à Condução";"Colisão lateral";"Com Vítimas Feridas";"Pleno dia";"Decrescente";"Céu Claro";"Simples";"Reta";"Não";6;0;1;0;3;2;1;4;-7,0932;-36,2743;"SPRF-PB";"DEL02-PB";"UOP02-DEL02-PB"
293270;2020-07-03;"sexta-feira";"14:20:00";"SC";101;40,9;"JOINVILLE";"Velocidade Incompatível";"Derramamento de carga";"Sem Vítimas";"Pleno dia";"Decrescente";"Céu Claro";"Dupla";"Curva";"Não";4;0;0;0;3;1;0;4;-26,27176094;-48,89468382;"SPRF-SC";"DEL03-SC";"UOP01-DEL03-SC"
293274;2020-07-03;"sexta-feira";"14:55:00";"RJ";116;298;"RESENDE";"Mal Súbito";"Saída de leito carroçável";"Com Vítimas Feridas";"Pleno dia";"Crescente";"Céu Claro";"Dupla";"Aclive;Reta";"Não";2;0;1;0;0;1;1;2;-22,45083254;-44,33823701;"SPRF-RJ";"DEL07-RJ";"UOP02-DEL07-RJ"
293279;2020-07-03;"sexta-feira";"14:25:00";"MA";135;5,5;"SAO LUIS";"Falta de Atenção à Condução";"Saída de leito carroçável";"Com Vítimas Feridas";"Pleno dia";"Crescente";"Chuva";"Dupla";"Reta";"Sim";4;0;2;0;2;0;2;2;-2,6260805;-44,26130556;"SPRF-MA";"DEL01-MA";"UOP01-DEL01-MA"
293281;2020-07-03;"sexta-feira";"15:30:00";"RN";405;76,9;"APODI";"Falta de Atenção à Condução";"Colisão traseira";"Com Vítimas Fatais";"Pleno dia";"Crescente";"Céu Claro";"Dupla";"Reta";"Sim";5;1;0;0;3;1;0;4;-5,65242499;-37,79945928;"SPRF-RN";"DEL04-RN";"UOP02-DEL04-RN"
293283;2020-07-03;"sexta-feira";"16:00:00";"MG";381;774;"CAMPANHA";"Velocidade Incompatível";"Tombamento";"Com Vítimas Feridas";"Pleno dia";"Crescente";"Céu Claro";"Dupla";"Rotatória";"Não";1;0;1;0;0;0;1;1;-21,78819429;-45,43876648;"SPRF-MG";"DEL16-MG";"UOP02-DEL16-MG"
293286;2020-07-03;"sexta-feira";"15:30:00";"MS";267;211,8;"NOVA ALVORADA DO SUL";"Falta de Atenção à Condução";"Colisão traseira";"Com Vítimas Feridas";"Pleno dia";"Crescente";"Céu Claro";"Simples";"Reta";"Não";5;0;1;0;3;1;1;3;-21,59484269;-54,05486301;"SPRF-MS";"DEL02-MS";"UOP01-DEL02-MS"
293288;2020-07-03;"sexta-feira";"16:30:00";"RJ";40;57,6;"PETROPOLIS";"Falta de Atenção à Condução";"Atropelamento de Pedestre";"Com Vítimas Fatais";"Pleno dia";"Decrescente";"Céu Claro";"Dupla";"Reta";"Não";5;1;0;0;4;0;0;4;-22,37036795;-43,12819612;"SPRF-RJ";"DEL05-RJ";"UOP02-DEL05-RJ"
293291;2020-07-03;"sexta-feira";"16:30:00";"SP";116;68;"APARECIDA";"Falta de Atenção à Condução";"Saída de leito carroçável";"Sem Vítimas";"Pleno dia";"Crescente";"Céu Claro";"Dupla";"Curva";"Sim";3;0;0;0;2;1;0;2;-22,8371293;-45,2227004;"SPRF-SP";"DEL08-SP";"UOP01-DEL08-SP"
293292;2020-07-03;"sexta-feira";"15:55:00";"MG";251;473;"FRANCISCO SA";"Falta de Atenção à Condução";"Colisão traseira";"Com Vítimas Feridas";"Pleno dia";"Crescente";"Céu Claro";"Simples";"Curva";"Não";4;0;1;1;2;0;2;3;-16,47012768;-43,44753404;"SPRF-MG";"DEL12-MG";"UOP01-DEL12-MG"
293297;2020-07-03;"sexta-feira";"17:30:00";"RS";392;21,3;"RIO GRANDE";"Não guardar distância de segurança";"Colisão traseira";"Com Vítimas Feridas";"Pleno dia";"Decrescente";"Céu Claro";"Dupla";"Reta";"Não";2;0;1;0;1;0;1;2;-32,08769775;-52,20709106;"SPRF-RS";"DEL07-RS";"UOP02-DEL07-RS"
293301;2020-07-03;"sexta-feira";"17:20:00";"RJ";101;321;"NITEROI";"Falta de Atenção à Condução";"Colisão com objeto estático";"Com Vítimas Feridas";"Anoitecer";"Decrescente";"Nublado";"Dupla";"Reta";"Não";2;0;1;0;1;0;1;2;-22,8783786;-43,1144091;"SPRF-RJ";"DEL02-RJ";"UOP02-DEL02-RJ"
293302;2020-07-03;"sexta-feira";"17:45:00";"RN";101;26,6;"RIO DO FOGO";"Defeito Mecânico no Veículo";"Colisão com objeto estático";"Com Vítimas Fatais";"Anoitecer";"Crescente";"Céu Claro";"Simples";"Reta";"Não";3;2;0;0;0;1;0;2;-5,33861688;-35,39702083;"SPRF-RN";"DEL02-RN";"UOP01-DEL02-RN"
293306;2020-07-03;"sexta-feira";"14:30:00";"BA";101;330;"PRESIDENTE TANCREDO NEVES";"Ultrapassagem Indevida";"Colisão frontal";"Com Vítimas Feridas";"Pleno dia";"Crescente";"Céu Claro";"Simples";"Reta";"Não";7;0;1;0;5;1;1;4;-13,47009782;-39,41825867;"SPRF-BA";"DEL05-BA";"UOP03-DEL05-BA"
293307;2020-07-03;"sexta-feira";"18:20:00";"MG";40;615,4;"CONGONHAS";"Falta de Atenção à Condução";"Colisão lateral";"Com Vítimas Feridas";"Plena Noite";"Crescente";"Céu Claro";"Simples";"Curva;Ponte;Declive";"Não";4;0;0;1;2;2;1;5;-20,54557105;-43,82049014;"SPRF-MG";"DEL05-MG";"UOP02-DEL05-MG"
293308;2020-07-03;"sexta-feira";"18:55:00";"SP";116;210;"GUARULHOS";"Falta de Atenção à Condução";"Colisão com objeto em movimento";"Com Vítimas Feridas";"Plena Noite";"Decrescente";"Nublado";"Múltipla";"Reta";"Não";2;0;1;0;1;0;1;2;-23,42870023;-46,41085991;"SPRF-SP";"DEL01-SP";"UOP01-DEL01-SP"
293309;2020-07-03;"sexta-feira";"15:45:00";"GO";452;181,8;"ITUMBIARA";"Falta de Atenção à Condução";"Colisão lateral";"Com Vítimas Feridas";"Pleno dia";"Crescente";"Céu Claro";"Simples";"Curva";"Não";4;0;1;0;2;1;1;3;-18,38027813;-49,34810609;"SPRF-GO";"DEL03-GO";"UOP02-DEL03-GO"
293312;2020-07-03;"sexta-feira";"15:17:00";"MA";230;94;"SAO JOAO DOS PATOS";"Falta de Atenção à Condução";"Saída de leito carroçável";"Sem Vítimas";"Pleno dia";"Crescente";"Céu Claro";"Simples";"Reta";"Não";2;0;0;0;1;2;0;3;-6,49020592;-43,71890297;"SPRF-PI";"DEL03-PI";"UOP01-DEL03-PI"
293316;2020-07-03;"sexta-feira";"19:00:00";"AL";416;8,7;"SAO JOSE DA LAJE";"Defeito Mecânico no Veículo";"Capotamento";"Com Vítimas Feridas";"Plena Noite";"Crescente";"Céu Claro";"Simples";"Curva";"Não";1;0;0;1;0;0;1;1;-8,96715;-36,016814;"SPRF-AL";"DEL01-AL";"UOP02-DEL01-AL"
293320;2020-07-03;"sexta-feira";"18:30:00";"RS";290;175,8;"BUTIA";"Falta de Atenção à Condução";"Colisão transversal";"Com Vítimas Feridas";"Plena Noite";"Crescente";"Céu Claro";"Simples";"Reta";"Sim";2;0;1;0;1;0;1;2;-30,129343;-51,961823;"SPRF-RS";"DEL02-RS";"UOP03-DEL02-RS"
293325;2020-07-03;"sexta-feira";"18:30:00";"BA";20;117,9;"BARREIRAS";"Falta de Atenção à Condução";"Tombamento";"Com Vítimas Feridas";"Anoitecer";"Crescente";"Céu Claro";"Simples";"Reta";"Não";2;0;1;0;0;2;1;3;-12;-45;"SPRF-BA";"DEL10-BA";"UOP01-DEL10-BA"
293328;2020-07-03;"sexta-feira";"19:14:00";"ES";101;161,2;"LINHARES";"Desobediência às normas de trânsito pelo condutor";"Colisão transversal";"Com Vítimas Fatais";"Plena Noite";"Decrescente";"Céu Claro";"Simples";"Reta";"Não";3;1;0;0;0;2;0;3;-19,485493;-40,121865;"SPRF-ES";"DEL04-ES";"UOP01-DEL04-ES"
293330;2020-07-03;"sexta-feira";"16:40:00";"PR";376;665;"GUARATUBA";"Velocidade Incompatível";"Colisão com objeto estático";"Com Vítimas Feridas";"Pleno dia";"Crescente";"Nublado";"Simples";"Curva";"Não";2;0;1;0;0;1;1;2;-25,85455838;-48,95670808;"SPRF-PR";"DEL01-PR";"UOP04-DEL01-PR"
293337;2020-07-03;"sexta-feira";"20:10:00";"MG";251;512,7;"MONTES CLAROS";"Ultrapassagem Indevida";"Colisão lateral";"Com Vítimas Feridas";"Plena Noite";"Crescente";"Céu Claro";"Simples";"Curva";"Não";4;0;1;0;2;2;1;5;-16,6553239;-43,71906108;"SPRF-MG";"DEL12-MG";"UOP01-DEL12-MG"
293340;2020-07-03;"sexta-feira";"21:20:00";"ES";262;108,7;"VENDA NOVA DO IMIGRANTE";"Ingestão de Álcool";"Colisão lateral";"Sem Vítimas";"Plena Noite";"Crescente";"Chuva";"Simples";"Reta";"Não";2;0;0;0;2;0;0;2;-20,33360896;-41,16233002;"SPRF-ES";"DEL01-ES";"UOP02-DEL01-ES"
293341;2020-07-03;"sexta-feira";"20:15:00";"MG";116;522,7;"CARATINGA";"Falta de Atenção à Condução";"Colisão frontal";"Com Vítimas Feridas";"Plena Noite";"Decrescente";"Nublado";"Simples";"Reta";"Não";3;0;0;1;1;1;1;3;-19,74300101;-42,13231969;"SPRF-MG";"DEL06-MG";"UOP02-DEL06-MG"
293349;2020-07-03;"sexta-feira";"22:00:00";"ES";101;407,9;"ITAPEMIRIM";"Condutor Dormindo";"Saída de leito carroçável";"Com Vítimas Feridas";"Plena Noite";"Crescente";"Céu Claro";"Simples";"Curva";"Não";1;0;0;1;0;0;1;1;-20,89278975;-41,03049296;"SPRF-ES";"DEL03-ES";"UOP02-DEL03-ES"
293353;2020-07-03;"sexta-feira";"17:00:00";"RJ";40;109;"DUQUE DE CAXIAS";"Ingestão de Álcool";"Colisão lateral";"Com Vítimas Feridas";"Pleno dia";"Crescente";"Nublado";"Múltipla";"Reta";"Sim";2;0;1;0;1;0;1;2;-22,675895;-43,286477;"SPRF-RJ";"DEL01-RJ";"UOP01-DEL01-RJ"
293360;2020-07-03;"sexta-feira";"23:10:00";"CE";116;384,8;"ICO";"Defeito Mecânico no Veículo";"Incêndio";"Sem Vítimas";"Plena Noite";"Crescente";"Céu Claro";"Simples";"Aclive;Reta";"Não";2;0;0;0;1;1;0;2;-6,45828501;-38,85538244;"SPRF-CE";"DEL05-CE";"UOP01-DEL05-CE"
293363;2020-07-03;"sexta-feira";"23:35:00";"PR";277;323;"GUARAPUAVA";"Ingestão de Álcool";"Colisão lateral";"Com Vítimas Feridas";"Plena Noite";"Crescente";"Céu Claro";"Simples";"Declive;Reta";"Não";9;0;1;0;3;6;1;7;-25,36322295;-51,24475004;"SPRF-PR";"DEL08-PR";"UOP01-DEL08-PR"
293364;2020-07-03;"sexta-feira";"22:15:00";"MT";158;413;"RIBEIRAO CASCALHEIRA";"Falta de Atenção à Condução";"Tombamento";"Com Vítimas Feridas";"Plena Noite";"Crescente";"Céu Claro";"Simples";"Curva";"Não";2;0;0;1;0;2;1;3;-12,85963605;-51,82350233;"SPRF-MT";"DEL07-MT";"UOP02-DEL07-MT"
293365;2020-07-03;"sexta-feira";"22:30:00";"MT";163;119,8;"RONDONOPOLIS";"Falta de Atenção à Condução";"Colisão traseira";"Com Vítimas Feridas";"Plena Noite";"Crescente";"Céu Claro";"Dupla";"Reta";"Sim";3;0;0;1;1;2;1;4;-16,505412;-54,65154;"SPRF-MT";"DEL02-MT";"UOP01-DEL02-MT"
293373;2020-07-04;"sábado";"01:30:00";"MG";381;581,9;"CARMOPOLIS DE MINAS";"Condutor Dormindo";"Saída de leito carroçável";"Com Vítimas Feridas";"Plena Noite";"Decrescente";"Céu Claro";"Dupla";"Curva";"Não";2;0;1;0;0;1;1;2;-20,51930642;-44,62405985;"SPRF-MG";"DEL04-MG";"UOP01-DEL04-MG"
293385;2020-07-04;"sábado";"04:45:00";"PB";230;155;"CAMPINA GRANDE";"Desobediência às normas de trânsito pelo condutor";"Colisão frontal";"Com Vítimas Feridas";"Amanhecer";"Crescente";"Céu Claro";"Simples";"Reta";"Sim";3;0;0;1;2;0;1;3;-7,2748;-35,9058;"SPRF-PB";"DEL02-PB";"UOP01-DEL02-PB"
293390;2020-07-04;"sábado";"06:20:00";"MG";262;401,9;"PARA DE MINAS";"Não guardar distância de segurança";"Colisão traseira";"Com Vítimas Feridas";"Amanhecer";"Decrescente";"Céu Claro";"Dupla";"Reta";"Não";3;0;1;0;1;1;1;3;-19,90018759;-44,55287088;"SPRF-MG";"DEL08-MG";"UOP03-DEL08-MG"
293393;2020-07-04;"sábado";"04:00:00";"ES";262;158;"IBATIBA";"Defeito Mecânico no Veículo";"Incêndio";"Sem Vítimas";"Plena Noite";"Crescente";"Céu Claro";"Simples";"Reta";"Não";2;0;0;0;1;1;0;2;-20,23111383;-41,49626094;"SPRF-ES";"DEL01-ES";"UOP02-DEL01-ES"
293394;2020-07-04;"sábado";"00:15:00";"PR";373;402;"CANDOI";"Ultrapassagem Indevida";"Colisão lateral";"Sem Vítimas";"Plena Noite";"Crescente";"Céu Claro";"Simples";"Reta";"Não";3;0;0;0;2;1;0;3;-25,58488801;-52,05896395;"SPRF-PR";"DEL08-PR";"UOP01-DEL08-PR"
293398;2020-07-04;"sábado";"07:00:00";"SP";116;504;"CAJATI";"Falta de Atenção à Condução";"Tombamento";"Sem Vítimas";"Pleno dia";"Crescente";"Nublado";"Simples";"Reta";"Não";2;0;0;0;1;1;0;2;-24,78266496;-48,20865858;"SPRF-SP";"DEL05-SP";"UOP02-DEL05-SP"
293399;2020-07-04;"sábado";"02:00:00";"SP";381;72;"SAO PAULO";"Falta de Atenção à Condução";"Colisão traseira";"Com Vítimas Feridas";"Plena Noite";"Decrescente";"Céu Claro";"Dupla";"Reta";"Não";2;0;0;1;1;0;1;2;-23,35761806;-46,54970281;"SPRF-SP";"DEL03-SP";"UOP01-DEL03-SP"
293406;2020-07-04;"sábado";"04:00:00";"RO";364;197;"PIMENTA BUENO";"Desobediência às normas de trânsito pelo condutor";"Colisão lateral";"Com Vítimas Feridas";"Plena Noite";"Crescente";"Céu Claro";"Simples";"Reta";"Sim";3;0;0;1;1;2;1;4;-11,67880278;-61,1878925;"SPRF-RO";"DEL02-RO";"UOP02-DEL02-RO"
293407;2020-07-04;"sábado";"05:00:00";"MT";364;349;"SANTO ANTONIO DO LEVERGER";"Falta de Atenção à Condução";"Tombamento";"Com Vítimas Feridas";"Amanhecer";"Crescente";"Ignorado";"Dupla";"Curva";"Não";2;0;1;0;0;1;1;2;-15,80502622;-55,5546431;"SPRF-MT";"DEL05-MT";"UOP02-DEL05-MT"
293408;2020-07-04;"sábado";"06:15:00";"RO";364;409;"JARU";"Falta de Atenção à Condução";"Engavetamento";"Com Vítimas Feridas";"Pleno dia";"Crescente";"Céu Claro";"Simples";"Reta";"Não";8;0;1;0;7;0;1;3;-10,54019698;-62,39333998;"SPRF-RO";"DEL03-RO";"UOP02-DEL03-RO"
293417;2020-07-04;"sábado";"05:45:00";"PR";476;357,1;"UNIAO DA VITORIA";"Ingestão de Álcool";"Colisão lateral";"Sem Vítimas";"Plena Noite";"Crescente";"Nublado";"Simples";"Reta";"Não";2;0;0;0;2;0;0;2;-26,197399;-51,04232;"SPRF-PR";"DEL02-PR";"UOP03-DEL02-PR"
293420;2020-07-04;"sábado";"07:00:00";"BA";101;698,9;"EUNAPOLIS";"Ultrapassagem Indevida";"Colisão lateral";"Sem Vítimas";"Pleno dia";"Crescente";"Nevoeiro/Neblina";"Simples";"Reta";"Não";2;0;0;0;2;0;0;2;-16,398755;-39,57985299;"SPRF-BA";"DEL09-BA";"UOP01-DEL09-BA"
293424;2020-06-30;"terça-feira";"16:25:00";"PR";376;453,1;"TIBAGI";"Fenômenos da Natureza";"Danos eventuais";"Sem Vítimas";"Pleno dia";"Crescente";"Vento";"Dupla";"Reta";"Não";2;0;0;0;1;1;0;2;-24,86105939;-50,44978201;"SPRF-PR";"DEL03-PR";"UOP02-DEL03-PR"
293425;2020-07-04;"sábado";"09:30:00";"PR";277;6,5;"PARANAGUA";"Falta de Atenção à Condução";"Tombamento";"Com Vítimas Feridas";"Pleno dia";"Crescente";"Céu Claro";"Dupla";"Reta";"Não";2;0;1;0;0;1;1;2;-25,568198;-48,615292;"SPRF-PR";"DEL01-PR";"UOP05-DEL01-PR"
293427;2020-06-23;"terça-feira";"07:10:00";"MG";459;95;"POUSO ALEGRE";"Não guardar distância de segurança";"Colisão traseira";"Com Vítimas Feridas";"Pleno dia";"Crescente";"Ignorado";"Simples";"Declive;Reta";"Não";2;0;1;0;1;0;1;2;-22,19718011;-45,97555161;"SPRF-MG";"DEL09-MG";"UOP01-DEL09-MG"
293434;2020-07-04;"sábado";"11:10:00";"PE";232;333;"CUSTODIA";"Falta de Atenção à Condução";"Colisão frontal";"Com Vítimas Feridas";"Pleno dia";"Crescente";"Céu Claro";"Simples";"Reta";"Sim";3;0;0;1;1;1;1;3;-8,0886886;-37,62796997;"SPRF-PE";"DEL03-PE";"UOP02-DEL03-PE"
293436;2020-07-04;"sábado";"11:55:00";"PR";277;37;"MORRETES";"Velocidade Incompatível";"Tombamento";"Com Vítimas Feridas";"Pleno dia";"Crescente";"Céu Claro";"Dupla";"Reta";"Não";2;0;0;1;0;1;1;2;-25,56011566;-48,81439895;"SPRF-PR";"DEL01-PR";"UOP05-DEL01-PR"
293439;2020-07-04;"sábado";"12:00:00";"PA";222;244;"MARABA";"Falta de Atenção do Pedestre";"Atropelamento de Pedestre";"Com Vítimas Feridas";"Pleno dia";"Crescente";"Céu Claro";"Simples";"Reta";"Sim";3;0;0;1;1;1;1;3;-5,3569396;-49,07940388;"SPRF-PA";"DEL03-PA";"UOP01-DEL03-PA"
293443;2020-07-04;"sábado";"12:30:00";"ES";262;48,9;"MARECHAL FLORIANO";"Falta de Atenção à Condução";"Saída de leito carroçável";"Com Vítimas Feridas";"Pleno dia";"Crescente";"Nublado";"Simples";"Curva";"Sim";3;0;2;0;0;1;2;2;-20,41192401;-40,68856;"SPRF-ES";"DEL01-ES";"UOP01-DEL01-ES"
293444;2020-07-04;"sábado";"12:30:00";"TO";153;689;"CARIRI DO TOCANTINS";"Não guardar distância de segurança";"Colisão traseira";"Com Vítimas Feridas";"Pleno dia";"Crescente";"Céu Claro";"Simples";"Reta;Em Obras";"Não";3;0;1;0;1;1;1;3;-11,86294093;-49,15274014;"SPRF-TO";"DEL01-TO";"UOP02-DEL01-TO"
293450;2020-07-04;"sábado";"09:50:00";"PE";232;410,8;"SERRA TALHADA";"Não guardar distância de segurança";"Colisão traseira";"Com Vítimas Feridas";"Pleno dia";"Crescente";"Céu Claro";"Simples";"Curva";"Sim";2;0;0;1;1;0;1;2;-7,98261841;-38,30039606;"SPRF-PE";"DEL04-PE";"UOP01-DEL04-PE"
293455;2020-07-04;"sábado";"12:50:00";"GO";60;0;"SANTO ANTONIO DO DESCOBERTO";"Defeito Mecânico no Veículo";"Incêndio";"Sem Vítimas";"Pleno dia";"Crescente";"Céu Claro";"Dupla";"Reta";"Sim";1;0;0;0;1;0;0;1;-16,05226279;-48,26036453;"SPRF-DF";"DEL03-DF";"UOP01-DEL03-DF"
293457;2020-07-04;"sábado";"13:05:00";"CE";222;20;"CAUCAIA";"Falta de Atenção à Condução";"Tombamento";"Sem Vítimas";"Pleno dia";"Crescente";"Céu Claro";"Dupla";"Rotatória";"Não";1;0;0;0;1;0;0;1;-3,7411838;-38,7350389;"SPRF-CE";"DEL01-CE";"UOP01-DEL01-CE"
293459;2020-07-04;"sábado";"09:00:00";"RJ";116;188;"NOVA IGUACU";"Não guardar distância de segurança";"Colisão traseira";"Com Vítimas Feridas";"Pleno dia";"Decrescente";"Céu Claro";"Dupla";"Reta";"Não";3;0;1;0;1;1;1;3;-22,7380709;-43,48213999;"SPRF-RJ";"DEL01-RJ";"UOP02-DEL01-RJ"
293460;2020-05-24;"domingo";"10:10:00";"PR";153;24,5;"JACAREZINHO";"Defeito na Via";"Colisão transversal";"Com Vítimas Feridas";"Pleno dia";"Crescente";"Nublado";"Simples";"Interseção de Vias";"Não";6;0;1;2;2;1;3;3;-23,18939854;-49,98585641;"SPRF-PR";"DEL07-PR";"UOP04-DEL07-PR"
293462;2020-07-04;"sábado";"13:00:00";"MT";163;1062;"GUARANTA DO NORTE";"Desobediência às normas de trânsito pelo condutor";"Engavetamento";"Com Vítimas Feridas";"Pleno dia";"Crescente";"Céu Claro";"Simples";"Reta";"Não";3;0;1;0;2;0;1;3;-9,981798;-54,906125;"SPRF-MT";"DEL06-MT";"NPF/DEL06-MT"
293464;2020-07-04;"sábado";"14:30:00";"PE";423;76;"JUPI";"Falta de Atenção à Condução";"Tombamento";"Com Vítimas Fatais";"Pleno dia";"Crescente";"Céu Claro";"Simples";"Curva";"Não";2;1;0;0;0;1;0;2;-8,73183901;-36,43146015;"SPRF-PE";"DEL03-PE";"UOP01-DEL03-PE"
293468;2020-05-13;"quarta-feira";"18:45:00";"RJ";40;92,9;"DUQUE DE CAXIAS";"Falta de Atenção à Condução";"Colisão traseira";"Com Vítimas Feridas";"Plena Noite";"Decrescente";"Céu Claro";"Dupla";"Curva";"Não";3;0;0;1;1;1;1;3;-22,55191954;-43,25068815;"SPRF-RJ";"DEL01-RJ";"UOP01-DEL01-RJ"
293470;2020-07-04;"sábado";"14:30:00";"MG";40;516;"RIBEIRAO DAS NEVES";"Velocidade Incompatível";"Colisão transversal";"Com Vítimas Feridas";"Pleno dia";"Crescente";"Céu Claro";"Dupla";"Interseção de Vias";"Sim";3;0;0;1;1;1;1;3;-19,81657327;-44,08972263;"SPRF-MG";"DEL01-MG";"UOP02-DEL01-MG"
293478;2020-07-04;"sábado";"16:25:00";"PR";376;186;"SARANDI";"Falta de Atenção à Condução";"Colisão transversal";"Com Vítimas Feridas";"Pleno dia";"Decrescente";"Sol";"Dupla";"Aclive;Retorno Regulamentado;Reta";"Sim";4;0;1;0;2;2;1;5;-23,45149478;-51,85390234;"SPRF-PR";"DEL09-PR";"UOP01-DEL09-PR"
293482;2020-07-04;"sábado";"16:31:00";"CE";222;338;"UBAJARA";"Falta de Atenção à Condução";"Tombamento";"Com Vítimas Feridas";"Pleno dia";"Crescente";"Céu Claro";"Simples";"Curva";"Não";3;0;1;1;0;1;2;1;-3,87859845;-41,17946148;"SPRF-CE";"DEL04-CE";"UOP02-DEL04-CE"
293487;2020-07-04;"sábado";"15:45:00";"MS";163;505,4;"CAMPO GRANDE";"Não guardar distância de segurança";"Colisão traseira";"Com Vítimas Feridas";"Pleno dia";"Crescente";"Céu Claro";"Dupla";"Reta";"Não";3;0;1;0;1;1;1;3;-20,28681811;-54,49639682;"SPRF-MS";"DEL01-MS";"UOP02-DEL01-MS"
293494;2020-07-04;"sábado";"16:00:00";"SP";381;86,9;"SAO PAULO";"Falta de Atenção à Condução";"Colisão com objeto estático";"Com Vítimas Feridas";"Pleno dia";"Crescente";"Céu Claro";"Múltipla";"Reta";"Sim";6;0;0;1;4;1;1;3;-23,45930499;-46,57161179;"SPRF-SP";"DEL03-SP";"UOP01-DEL03-SP"
293495;2020-07-04;"sábado";"17:00:00";"PR";376;217,7;"JANDAIA DO SUL";"Ingestão de Álcool";"Colisão transversal";"Com Vítimas Feridas";"Anoitecer";"Decrescente";"Céu Claro";"Simples";"Reta";"Sim";2;0;0;1;0;1;1;2;-23,59698;-51,63528;"SPRF-PR";"DEL07-PR";"UOP03-DEL07-PR"
293496;2020-07-04;"sábado";"14:35:00";"MG";116;606,6;"SAO JOAO DO MANHUACU";"Falta de Atenção à Condução";"Colisão frontal";"Com Vítimas Fatais";"Pleno dia";"Decrescente";"Céu Claro";"Simples";"Curva";"Não";2;1;0;0;1;0;0;2;-20,378722;-42,14721389;"SPRF-MG";"DEL06-MG";"UOP03-DEL06-MG"
293497;2020-07-04;"sábado";"17:40:00";"SC";116;51,7;"PAPANDUVA";"Falta de Atenção à Condução";"Colisão frontal";"Com Vítimas Feridas";"Anoitecer";"Crescente";"Céu Claro";"Simples";"Curva";"Não";4;0;2;0;1;1;2;2;-26,39008273;-50,14576709;"SPRF-SC";"DEL06-SC";"UOP01-DEL06-SC"
293498;2020-07-04;"sábado";"16:15:00";"CE";222;74,2;"SAO GONCALO DO AMARANTE";"Condutor Dormindo";"Colisão lateral";"Com Vítimas Feridas";"Pleno dia";"Crescente";"Céu Claro";"Simples";"Reta";"Não";5;0;2;1;2;0;3;3;-3,6706332;-39,20640601;"SPRF-CE";"DEL01-CE";"UOP03-DEL01-CE"
293501;2020-07-04;"sábado";"18:20:00";"ES";101;142;"LINHARES";"Falta de Atenção à Condução";"Colisão lateral";"Com Vítimas Feridas";"Plena Noite";"Crescente";"Céu Claro";"Simples";"Reta";"Sim";3;0;2;0;1;0;2;3;-19,33458987;-40,06755477;"SPRF-ES";"DEL04-ES";"UOP01-DEL04-ES"
293507;2020-07-04;"sábado";"17:10:00";"MS";163;16;"MUNDO NOVO";"Falta de Atenção à Condução";"Colisão frontal";"Com Vítimas Feridas";"Pleno dia";"Decrescente";"Céu Claro";"Simples";"Reta;Aclive";"Sim";4;0;0;1;2;1;1;3;-23,95259;-54,290843;"SPRF-MS";"DEL09-MS";"UOP02-DEL09-MS"
293511;2020-07-04;"sábado";"18:30:00";"MG";354;742;"POUSO ALTO";"Ingestão de Álcool";"Colisão traseira";"Sem Vítimas";"Pleno dia";"Crescente";"Céu Claro";"Simples";"Reta";"Não";3;0;0;0;3;0;0;3;-22,23118898;-44,9332353;"SPRF-MG";"DEL17-MG";"UOP01-DEL17-MG"
293519;2020-07-04;"sábado";"17:55:00";"MS";163;541;"BANDEIRANTES";"Animais na Pista";"Atropelamento de Animal";"Com Vítimas Feridas";"Plena Noite";"Crescente";"Céu Claro";"Simples";"Reta";"Não";2;0;1;0;0;1;1;2;-19,98070999;-54,38644603;"SPRF-MS";"DEL01-MS";"UOP02-DEL01-MS"
293535;2020-07-04;"sábado";"19:20:00";"SP";153;185,2;"LINS";"Ingestão de Álcool";"Colisão traseira";"Sem Vítimas";"Plena Noite";"Crescente";"Céu Claro";"Simples";"Reta";"Não";2;0;0;0;2;0;0;2;-21,7178892;-49,81837886;"SPRF-SP";"DEL07-SP";"UOP01-DEL07-SP"
293538;2020-07-04;"sábado";"18:38:00";"MT";163;642,4;"LUCAS DO RIO VERDE";"Ingestão de Álcool";"Atropelamento de Pedestre";"Com Vítimas Fatais";"Anoitecer";"Crescente";"Céu Claro";"Simples";"Reta";"Não";5;1;0;0;2;2;0;2;-13,44772691;-56,08314514;"SPRF-MT";"DEL06-MT";"UOP01-DEL06-MT"
293541;2020-07-04;"sábado";"18:55:00";"RO";364;339;"JI-PARANA";"Falta de Atenção à Condução";"Colisão com objeto estático";"Com Vítimas Feridas";"Anoitecer";"Crescente";"Nublado";"Simples";"Reta";"Sim";3;0;0;1;1;1;1;3;-10,90226925;-61,93012703;"SPRF-RO";"DEL02-RO";"UOP01-DEL02-RO"
293548;2020-07-04;"sábado";"19:30:00";"MT";163;1044,3;"MATUPA";"Não guardar distância de segurança";"Colisão lateral";"Com Vítimas Feridas";"Plena Noite";"Decrescente";"Céu Claro";"Simples";"Reta";"Não";3;0;1;1;1;0;2;2;-10,133498;-54,931218;"SPRF-MT";"DEL06-MT";"NPF/DEL06-MT"