"id";"data_inversa";"dia_semana";"horario";"uf";"br";"km";"municipio";"causa_acidente";"tipo_acidente";"classificacao_acidente";"fase_dia";"sentido_via";"condicao_metereologica";"tipo_pista";"tracado_via";"uso_solo";"pessoas";"mortos";"feridos_leves";"feridos_graves";"ilesos";"ignorados";"feridos";"veiculos";"latitude";"longitude";"regional";"delegacia";"uop"
293554;2020-07-04;"sábado";"19:30:00";"MG";40;733,7;"SANTOS DUMONT";"Desobediência às normas de trânsito pelo condutor";"Colisão traseira";"Com Vítimas Feridas";"Plena Noite";"Decrescente";"Céu Claro";"Simples";"Reta";"Não";4;0;0;1;2;1;1;3;-21,37912714;-43,57017875;"SPRF-MG";"DEL05-MG";"UOP01-DEL05-MG"
293555;2020-07-04;"sábado";"21:00:00";"BA";324;277;"JACOBINA";"Velocidade Incompatível";"Tombamento";"Com Vítimas Feridas";"Plena Noite";"Crescente";"Céu Claro";"Simples";"Curva";"Não";2;0;1;0;0;1;1;2;-11,139059;-40,593475;"SPRF-BA";"DEL04-BA";"UOP02-DEL04-BA"
293563;2020-07-04;"sábado";"18:00:00";"MT";163;844;"SINOP";"Desobediência às normas de trânsito pelo condutor";"Colisão lateral";"Com Vítimas Feridas";"Anoitecer";"Crescente";"Céu Claro";"Simples";"Interseção de Vias";"Não";3;0;0;1;1;3;1;5;-11,777903;-55,473356;"SPRF-MT";"DEL06-MT";"NPF/DEL06-MT"
293564;2020-07-04;"sábado";"21:50:00";"PR";376;589;"CURITIBA";"Velocidade Incompatível";"Colisão traseira";"Com Vítimas Feridas";"Plena Noite";"Decrescente";"Nublado";"Dupla";"Reta";"Sim";4;0;0;1;1;3;1;5;-25,44273905;-49,36419842;"SPRF-PR";"DEL01-PR";"UOP06-DEL01-PR"
293571;2020-07-04;"sábado";"21:40:00";"CE";116;27;"AQUIRAZ";"Defeito Mecânico no Veículo";"Colisão traseira";"Com Vítimas Feridas";"Plena Noite";"Crescente";"Céu Claro";"Dupla";"Reta";"Não";4;0;1;0;2;2;1;4;-3,98418708;-38,5151357;"SPRF-CE";"DEL01-CE";"UOP02-DEL01-CE"
293577;2020-07-04;"sábado";"21:45:00";"RJ";101;95;"CAMPOS DOS GOYTACAZES";"Velocidade Incompatível";"Saída de leito carroçável";"Com Vítimas Feridas";"Plena Noite";"Crescente";"Céu Claro";"Dupla";"Curva";"Não";14;0;4;0;9;2;4;7;-21,86957661;-41,5470863;"SPRF-RJ";"DEL08-RJ";"UOP02-DEL08-RJ"
293580;2020-07-04;"sábado";"22:00:00";"BA";324;532;"CONCEICAO DO JACUIPE";"Desobediência às normas de trânsito pelo condutor";"Colisão traseira";"Com Vítimas Feridas";"Plena Noite";"Crescente";"Nevoeiro/Neblina";"Dupla";"Aclive";"Não";2;0;1;0;0;1;1;2;-12,33921226;-38,8474782;"SPRF-BA";"DEL01-BA";"UOP01-DEL01-BA"
293603;2020-07-05;"domingo";"00:05:00";"PR";376;126;"ALTO PARANA";"Ingestão de Álcool";"Colisão traseira";"Sem Vítimas";"Plena Noite";"Crescente";"Nublado";"Dupla";"Reta";"Não";3;0;0;0;2;2;0;4;-23,15542233;-52,26667625;"SPRF-PR";"DEL09-PR";"UOP02-DEL09-PR"
293607;2020-07-04;"sábado";"21:15:00";"MG";262;695,3;"ARAXA";"Ingestão de Álcool";"Colisão frontal";"Com Vítimas Fatais";"Plena Noite";"Crescente";"Céu Claro";"Simples";"Reta";"Não";2;1;0;0;1;0;0;2;-19,56635373;-46,98145867;"SPRF-MG";"DEL08-MG";"UOP01-DEL08-MG"
293610;2020-07-04;"sábado";"23:00:00";"MG";116;142,2;"PONTO DOS VOLANTES";"Condutor Dormindo";"Saída de leito carroçável";"Com Vítimas Feridas";"Plena Noite";"Decrescente";"Céu Claro";"Simples";"Curva";"Não";2;0;1;0;1;0;1;1;-16,78485706;-41,48261649;"SPRF-MG";"DEL11-MG";"UOP02-DEL11-MG"
293614;2020-07-05;"domingo";"01:30:00";"PE";101;84,6;"JABOATAO DOS GUARARAPES";"Animais na Pista";"Atropelamento de Animal";"Sem Vítimas";"Plena Noite";"Decrescente";"Céu Claro";"Dupla";"Ponte";"Não";1;0;0;0;1;0;0;1;-8,179835;-34,95847;"SPRF-PE";"DEL01-PE";"UOP03-DEL01-PE"
293622;2020-07-05;"domingo";"01:30:00";"TO";226;27;"PALMEIRAS DO TOCANTINS";"Falta de Atenção à Condução";"Colisão lateral";"Com Vítimas Feridas";"Plena Noite";"Decrescente";"Céu Claro";"Simples";"Declive";"Não";3;0;1;0;1;1;1;3;-6,643788;-47,675686;"SPRF-TO";"DEL02-TO";"UOP03-DEL02-TO"
293630;2020-07-05;"domingo";"04:12:00";"BA";242;614;"MUQUEM DE SAO FRANCISCO";"Falta de Atenção à Condução";"Saída de leito carroçável";"Com Vítimas Feridas";"Amanhecer";"Crescente";"Céu Claro";"Simples";"Reta";"Não";1;0;1;0;0;0;1;1;-12,1615024;-43,2888998;"SPRF-BA";"DEL06-BA";"UOP03-DEL06-BA"
293639;2020-07-05;"domingo";"07:00:00";"MA";10;256;"IMPERATRIZ";"Falta de Atenção à Condução";"Colisão traseira";"Com Vítimas Feridas";"Pleno dia";"Decrescente";"Céu Claro";"Dupla";"Reta";"Sim";3;0;2;0;0;1;2;2;-5,499715;-47,471836;"SPRF-MA";"DEL04-MA";"UOP01-DEL04-MA"
293640;2020-07-05;"domingo";"02:40:00";"BA";101;379;"GANDU";"Falta de Atenção à Condução";"Tombamento";"Com Vítimas Feridas";"Plena Noite";"Crescente";"Chuva";"Simples";"Curva";"Não";2;0;1;0;0;1;1;2;-13,88220401;-39,48808193;"SPRF-BA";"DEL05-BA";"UOP03-DEL05-BA"
293643;2020-07-05;"domingo";"07:15:00";"PI";135;366;"BOM JESUS";"Defeito na Via";"Saída de leito carroçável";"Com Vítimas Feridas";"Pleno dia";"Decrescente";"Céu Claro";"Simples";"Reta";"Não";2;0;1;0;0;1;1;2;-9,17268798;-44,42158311;"SPRF-PI";"DEL03-PI";"UOP02-DEL03-PI"
293645;2020-07-05;"domingo";"08:15:00";"BA";116;632;"JAGUAQUARA";"Falta de Atenção à Condução";"Colisão transversal";"Com Vítimas Feridas";"Pleno dia";"Crescente";"Céu Claro";"Simples";"Reta";"Sim";7;0;3;0;3;1;3;3;-13,51697801;-40,05811413;"SPRF-BA";"DEL03-BA";"UOP01-DEL03-BA"
293650;2020-07-01;"quarta-feira";"23:40:00";"PR";277;3,2;"PARANAGUA";"Falta de Atenção à Condução";"Colisão transversal";"Com Vítimas Feridas";"Plena Noite";"Crescente";"Céu Claro";"Dupla";"Reta";"Não";3;0;0;1;1;2;1;4;-25,54275931;-48,55900705;"SPRF-PR";"DEL01-PR";"UOP05-DEL01-PR"
293652;2020-07-05;"domingo";"10:00:00";"PA";316;119;"SANTA MARIA DO PARA";"Avarias e/ou desgaste excessivo no pneu";"Tombamento";"Com Vítimas Feridas";"Pleno dia";"Decrescente";"Céu Claro";"Simples";"Reta";"Não";2;0;1;0;0;1;1;2;-1,31094937;-47,44231224;"SPRF-PA";"DEL01-PA";"UOP02-DEL01-PA"
293668;2020-07-05;"domingo";"12:10:00";"SC";116;193,1;"PONTE ALTA";"Velocidade Incompatível";"Saída de leito carroçável";"Com Vítimas Feridas";"Pleno dia";"Decrescente";"Nublado";"Simples";"Aclive;Curva";"Não";2;0;0;1;0;1;1;2;-27,380015;-50,43000816;"SPRF-SC";"DEL05-SC";"UOP03-DEL05-SC"
293669;2020-07-05;"domingo";"13:35:00";"PE";232;156,2;"SAO CAITANO";"Ultrapassagem Indevida";"Saída de leito carroçável";"Com Vítimas Feridas";"Pleno dia";"Crescente";"Céu Claro";"Simples";"Reta";"Não";3;0;1;0;2;0;1;1;-8,32936019;-36,21722099;"SPRF-PE";"DEL02-PE";"UOP03-DEL02-PE"
293675;2020-07-05;"domingo";"13:00:00";"SP";116;405,9;"MIRACATU";"Condutor Dormindo";"Saída de leito carroçável";"Sem Vítimas";"Pleno dia";"Decrescente";"Céu Claro";"Dupla";"Reta";"Não";2;0;0;0;1;1;0;2;-24,324406;-47,552593;"SPRF-SP";"DEL04-SP";"UOP02-DEL04-SP"
293681;2020-07-05;"domingo";"13:20:00";"SC";470;192,5;"POUSO REDONDO";"Carga excessiva e/ou mal acondicionada";"Tombamento";"Com Vítimas Feridas";"Pleno dia";"Crescente";"Nublado";"Simples";"Curva";"Não";1;0;1;0;0;0;1;1;-27,293324;-50,078678;"SPRF-SC";"DEL04-SC";"UOP02-DEL04-SC"
293683;2020-07-05;"domingo";"15:10:00";"GO";20;128,6;"FLORES DE GOIAS";"Ingestão de Álcool";"Colisão frontal";"Sem Vítimas";"Pleno dia";"Crescente";"Céu Claro";"Simples";"Reta";"Não";6;0;0;0;3;3;0;4;-14,847665;-46,75708;"SPRF-DF";"DEL02-DF";"UOP03-DEL02-DF"
293684;2020-07-05;"domingo";"09:43:00";"MA";10;175;"CAMPESTRE DO MARANHAO";"Desobediência às normas de trânsito pelo condutor";"Colisão transversal";"Sem Vítimas";"Pleno dia";"Decrescente";"Céu Claro";"Simples";"Reta";"Sim";3;0;0;0;1;2;0;3;-6,185258;-47,361851;"SPRF-MA";"DEL04-MA";"UOP02-DEL04-MA"
293692;2020-07-05;"domingo";"15:30:00";"PA";163;970;"SANTAREM";"Não guardar distância de segurança";"Colisão traseira";"Com Vítimas Feridas";"Pleno dia";"Crescente";"Nublado";"Simples";"Curva";"Sim";8;0;4;1;2;2;5;4;-2,65533711;-54,83276367;"SPRF-PA";"DEL05-PA";"UOP01-DEL05-PA"
293695;2020-07-05;"domingo";"17:20:00";"SP";116;215;"GUARULHOS";"Velocidade Incompatível";"Saída de leito carroçável";"Com Vítimas Fatais";"Anoitecer";"Decrescente";"Céu Claro";"Múltipla";"Curva";"Sim";5;1;0;0;0;4;0;4;-23,44695693;-46,45394103;"SPRF-SP";"DEL01-SP";"UOP01-DEL01-SP"
293696;2020-07-05;"domingo";"14:55:00";"RJ";393;187;"PARAIBA DO SUL";"Ultrapassagem Indevida";"Tombamento";"Com Vítimas Feridas";"Pleno dia";"Crescente";"Céu Claro";"Simples";"Reta";"Não";2;0;1;0;0;1;1;2;-22,15136914;-43,30023095;"SPRF-RJ";"DEL05-RJ";"UOP03-DEL05-RJ"
293705;2020-07-05;"domingo";"17:45:00";"SC";101;112;"NAVEGANTES";"Falta de Atenção do Pedestre";"Atropelamento de Pedestre";"Com Vítimas Feridas";"Anoitecer";"Decrescente";"Céu Claro";"Dupla";"Reta";"Sim";3;0;0;1;1;2;1;4;-26,84589005;-48,72131295;"SPRF-SC";"DEL04-SC";"UOP04-DEL04-SC"
293706;2020-07-05;"domingo";"18:00:00";"PR";476;150;"ARAUCARIA";"Falta de Atenção à Condução";"Colisão traseira";"Com Vítimas Feridas";"Plena Noite";"Decrescente";"Nublado";"Dupla";"Reta";"Sim";3;0;1;0;1;1;1;3;-25,558477;-49,368313;"SPRF-PR";"DEL01-PR";"UOP06-DEL01-PR"
293709;2020-07-05;"domingo";"18:20:00";"PR";277;720;"FOZ DO IGUACU";"Falta de Atenção à Condução";"Saída de leito carroçável";"Sem Vítimas";"Plena Noite";"Decrescente";"Céu Claro";"Dupla";"Reta";"Não";3;0;0;0;2;1;0;3;-25,48750984;-54,50317706;"SPRF-PR";"DEL05-PR";"UOP01-DEL05-PR"
293713;2020-07-05;"domingo";"15:05:00";"SC";470;233,8;"SAO CRISTOVAO DO SUL";"Defeito Mecânico no Veículo";"Colisão com objeto em movimento";"Sem Vítimas";"Pleno dia";"Decrescente";"Nublado";"Simples";"Reta";"Não";2;0;0;0;2;0;0;2;-27,30223169;-50,43205261;"SPRF-SC";"DEL05-SC";"UOP03-DEL05-SC"
293714;2020-07-05;"domingo";"16:35:00";"RJ";116;229,5;"PIRAI";"Mal Súbito";"Saída de leito carroçável";"Com Vítimas Feridas";"Pleno dia";"Decrescente";"Céu Claro";"Dupla";"Curva";"Não";2;0;1;0;0;1;1;2;-22,65646622;-43,82206692;"SPRF-RJ";"DEL07-RJ";"UOP01-DEL07-RJ"
293723;2020-07-05;"domingo";"19:15:00";"MT";70;4,5;"BARRA DO GARCAS";"Falta de Atenção à Condução";"Colisão traseira";"Com Vítimas Feridas";"Plena Noite";"Crescente";"Céu Claro";"Dupla";"Reta";"Sim";3;0;1;0;1;1;1;3;-15,87907036;-52,28563311;"SPRF-MT";"DEL07-MT";"UOP01-DEL07-MT"
293727;2020-07-05;"domingo";"19:00:00";"SC";470;117,9;"IBIRAMA";"Não guardar distância de segurança";"Colisão traseira";"Sem Vítimas";"Plena Noite";"Decrescente";"Nublado";"Simples";"Em Obras;Reta";"Não";3;0;0;0;2;1;0;3;-27,081692;-49,502277;"SPRF-SC";"DEL04-SC";"UOP02-DEL04-SC"
293728;2020-07-05;"domingo";"18:50:00";"BA";135;18;"FORMOSA DO RIO PRETO";"Falta de Atenção à Condução";"Colisão traseira";"Com Vítimas Feridas";"Plena Noite";"Decrescente";"Céu Claro";"Simples";"Curva";"Não";4;0;2;1;0;1;3;2;-10,990351;-45,205459;"SPRF-BA";"DEL10-BA";"UOP01-DEL10-BA"
293749;2020-07-05;"domingo";"21:35:00";"PR";369;412,3;"JURANDA";"Falta de Atenção à Condução";"Colisão transversal";"Com Vítimas Fatais";"Plena Noite";"Decrescente";"Nublado";"Simples";"Curva";"Não";3;1;0;0;1;1;0;3;-24,34757559;-52,73501873;"SPRF-PR";"DEL04-PR";"UOP03-DEL04-PR"
293758;2020-07-05;"domingo";"21:40:00";"GO";153;202;"URUACU";"Desobediência às normas de trânsito pelo condutor";"Colisão lateral";"Com Vítimas Feridas";"Anoitecer";"Crescente";"Céu Claro";"Simples";"Reta";"Sim";5;0;1;0;3;1;1;2;-14,527802;-49,159687;"SPRF-GO";"DEL07-GO";"UOP02-DEL07-GO"
293761;2020-07-05;"domingo";"20:10:00";"RJ";40;96,9;"DUQUE DE CAXIAS";"Falta de Atenção à Condução";"Saída de leito carroçável";"Com Vítimas Feridas";"Plena Noite";"Crescente";"Céu Claro";"Simples";"Curva";"Não";2;0;0;1;0;1;1;2;-22,56876595;-43,27693723;"SPRF-RJ";"DEL01-RJ";"UOP01-DEL01-RJ"
293764;2020-07-05;"domingo";"22:15:00";"MG";262;363,1;"JUATUBA";"Desobediência às normas de trânsito pelo pedestre";"Atropelamento de Pedestre";"Sem Vítimas";"Plena Noite";"Decrescente";"Céu Claro";"Dupla";"Reta";"Não";2;0;0;0;1;1;0;2;-19,98332997;-44,23572401;"SPRF-MG";"DEL01-MG";"UOP03-DEL01-MG"
293767;2020-07-05;"domingo";"17:30:00";"RO";364;294;"PRESIDENTE MEDICI";"Falta de Atenção à Condução";"Colisão lateral";"Com Vítimas Feridas";"Anoitecer";"Crescente";"Céu Claro";"Simples";"Reta";"Não";2;0;1;0;1;0;1;2;-11,29701584;-61,89403573;"SPRF-RO";"DEL02-RO";"UOP01-DEL02-RO"
293768;2020-07-05;"domingo";"21:00:00";"SC";282;275,1;"SAO JOSE DO CERRITO";"Condutor Dormindo";"Colisão frontal";"Com Vítimas Feridas";"Plena Noite";"Decrescente";"Garoa/Chuvisco";"Simples";"Curva";"Não";3;0;1;0;2;0;1;2;-27,606421;-50,720207;"SPRF-SC";"DEL05-SC";"UOP02-DEL05-SC"
293773;2020-07-05;"domingo";"22:30:00";"RS";290;214,7;"PANTANO GRANDE";"Desobediência às normas de trânsito pelo condutor";"Colisão transversal";"Sem Vítimas";"Plena Noite";"Crescente";"Nublado";"Dupla";"Em Obras";"Sim";3;0;0;0;1;3;0;4;-30,19024421;-52,37319946;"SPRF-RS";"DEL02-RS";"UOP03-DEL02-RS"
293787;2020-07-06;"segunda-feira";"03:00:00";"AL";423;37;"INHAPI";"Falta de Atenção à Condução";"Colisão com objeto estático";"Com Vítimas Feridas";"Plena Noite";"Decrescente";"Nevoeiro/Neblina";"Simples";"Ponte";"Não";2;0;1;0;0;1;1;2;-9,22455527;-37,60991991;"SPRF-AL";"DEL03-AL";"UOP02-DEL03-AL"
293792;2020-07-06;"segunda-feira";"01:15:00";"TO";153;558,9;"FATIMA";"Defeito Mecânico no Veículo";"Incêndio";"Sem Vítimas";"Plena Noite";"Decrescente";"Céu Claro";"Simples";"Reta";"Não";2;0;0;0;1;1;0;2;-10,722909;-48,904507;"SPRF-TO";"DEL01-TO";"UOP01-DEL01-TO"
293795;2020-07-06;"segunda-feira";"05:00:00";"MS";163;351;"RIO BRILHANTE";"Falta de Atenção à Condução";"Colisão transversal";"Com Vítimas Fatais";"Plena Noite";"Crescente";"Céu Claro";"Simples";"Reta";"Não";4;2;0;0;0;3;0;4;-21,58345273;-54,42927935;"SPRF-MS";"DEL02-MS";"UOP02-DEL02-MS"
293800;2020-07-06;"segunda-feira";"04:30:00";"RS";158;270,3;"JULIO DE CASTILHOS";"Ingestão de Álcool";"Colisão lateral";"Com Vítimas Feridas";"Plena Noite";"Crescente";"Nevoeiro/Neblina";"Simples";"Reta";"Não";5;0;1;0;4;0;1;2;-29,292825;-53,66833;"SPRF-RS";"DEL09-RS";"UOP01-DEL09-RS"
293801;2020-07-06;"segunda-feira";"05:20:00";"PR";376;496,5;"PONTA GROSSA";"Restrição de Visibilidade";"Atropelamento de Animal";"Com Vítimas Feridas";"Amanhecer";"Crescente";"Chuva";"Dupla";"Reta";"Sim";3;0;0;1;2;0;1;3;-25,141861;-50,158447;"SPRF-PR";"DEL03-PR";"UOP04-DEL03-PR"
293819;2020-07-06;"segunda-feira";"05:50:00";"MT";163;56,7;"RONDONOPOLIS";"Falta de Atenção à Condução";"Saída de leito carroçável";"Com Vítimas Fatais";"Amanhecer";"Decrescente";"Céu Claro";"Dupla";"Reta";"Não";2;1;0;0;1;0;0;2;-17,02147497;-54,76233709;"SPRF-MT";"DEL02-MT";"UOP01-DEL02-MT"
293848;2020-07-06;"segunda-feira";"09:30:00";"MG";116;712,2;"MURIAE";"Velocidade Incompatível";"Tombamento";"Com Vítimas Feridas";"Pleno dia";"Decrescente";"Céu Claro";"Simples";"Curva;Declive";"Não";2;0;1;0;0;1;1;2;-21,17906963;-42,37343073;"SPRF-MG";"DEL07-MG";"UOP02-DEL07-MG"
293849;2020-06-12;"sexta-feira";"17:20:00";"BA";410;29;"TUCANO";"Falta de Atenção à Condução";"Colisão lateral";"Com Vítimas Feridas";"Anoitecer";"Crescente";"Céu Claro";"Simples";"Reta";"Não";3;0;0;2;1;0;2;3;-10,96065949;-38,7477766;"SPRF-BA";"DEL07-BA";"UOP02-DEL07-BA"
293851;2020-04-15;"quarta-feira";"22:30:00";"TO";153;729,7;"ALVORADA";"Defeito na Via";"Colisão frontal";"Com Vítimas Fatais";"Plena Noite";"Decrescente";"Garoa/Chuvisco";"Simples";"Reta";"Não";45;1;42;2;0;0;44;2;-12,19875698;-49,15620435;"SPRF-TO";"DEL01-TO";"UOP02-DEL01-TO"
293855;2020-07-06;"segunda-feira";"07:45:00";"SC";101;35;"JOINVILLE";"Pista Escorregadia";"Colisão transversal";"Com Vítimas Feridas";"Pleno dia";"Crescente";"Garoa/Chuvisco";"Dupla";"Reta";"Sim";7;0;2;0;5;0;2;6;-26,2411301;-48,91227415;"SPRF-SC";"DEL03-SC";"UOP01-DEL03-SC"
293856;2020-07-05;"domingo";"21:30:00";"MG";251;311,1;"SALINAS";"Velocidade Incompatível";"Tombamento";"Com Vítimas Feridas";"Plena Noite";"Decrescente";"Garoa/Chuvisco";"Simples";"Reta";"Não";2;0;1;0;0;1;1;2;-16,130302;-42,288588;"SPRF-MG";"DEL11-MG";"UOP02-DEL11-MG"
293858;2020-07-06;"segunda-feira";"07:50:00";"SC";101;35;"JOINVILLE";"Pista Escorregadia";"Colisão traseira";"Com Vítimas Feridas";"Amanhecer";"Crescente";"Garoa/Chuvisco";"Dupla";"Reta";"Sim";7;0;1;0;6;0;1;6;-26,2411301;-48,91227415;"SPRF-SC";"DEL03-SC";"UOP01-DEL03-SC"
293861;2020-07-06;"segunda-feira";"08:55:00";"MG";40;599,2;"OURO PRETO";"Defeito Mecânico no Veículo";"Colisão com objeto estático";"Sem Vítimas";"Pleno dia";"Crescente";"Céu Claro";"Simples";"Declive";"Não";2;0;0;0;1;1;0;2;-20,42264639;-43,87103002;"SPRF-MG";"DEL05-MG";"UOP02-DEL05-MG"
293862;2020-07-06;"segunda-feira";"09:10:00";"MT";163;679;"LUCAS DO RIO VERDE";"Desobediência às normas de trânsito pelo condutor";"Colisão lateral";"Com Vítimas Feridas";"Pleno dia";"Decrescente";"Céu Claro";"Simples";"Reta";"Não";5;0;1;0;3;3;1;5;-13,24921388;-56,01537027;"SPRF-MT";"DEL06-MT";"UOP01-DEL06-MT"
293864;2020-07-06;"segunda-feira";"10:40:00";"MG";381;698,9;"LAVRAS";"Defeito Mecânico no Veículo";"Colisão com objeto estático";"Com Vítimas Feridas";"Pleno dia";"Crescente";"Céu Claro";"Dupla";"Declive";"Não";2;0;1;0;0;1;1;2;-21,29905212;-45,15077778;"SPRF-MG";"DEL04-MG";"UOP02-DEL04-MG"
293868;2020-07-06;"segunda-feira";"09:15:00";"RS";392;274;"SAO SEPE";"Carga excessiva e/ou mal acondicionada";"Derramamento de carga";"Sem Vítimas";"Pleno dia";"Crescente";"Céu Claro";"Simples";"Interseção de Vias";"Não";2;0;0;0;1;1;0;2;-30,35817695;-53,51833184;"SPRF-RS";"DEL09-RS";"UOP02-DEL09-RS"
293873;2020-07-06;"segunda-feira";"11:17:00";"RJ";101;308;"SAO GONCALO";"Falta de Atenção à Condução";"Colisão traseira";"Sem Vítimas";"Pleno dia";"Decrescente";"Céu Claro";"Dupla";"Reta";"Sim";2;0;0;0;2;0;0;2;-22,79309326;-43,02479595;"SPRF-RJ";"DEL02-RJ";"UOP02-DEL02-RJ"
293874;2020-07-06;"segunda-feira";"11:20:00";"PE";101;35,8;"ITAPISSUMA";"Pista Escorregadia";"Saída de leito carroçável";"Sem Vítimas";"Pleno dia";"Decrescente";"Chuva";"Dupla";"Declive";"Não";3;0;0;0;1;2;0;3;-7,77952193;-34,93231384;"SPRF-PE";"DEL01-PE";"UOP02-DEL01-PE"
293877;2020-07-06;"segunda-feira";"12:00:00";"RJ";101;190;"CASIMIRO DE ABREU";"Desobediência às normas de trânsito pelo condutor";"Colisão transversal";"Com Vítimas Fatais";"Pleno dia";"Crescente";"Céu Claro";"Simples";"Retorno Regulamentado";"Sim";4;2;1;0;1;0;1;2;-22,46340846;-42,0658817;"SPRF-RJ";"DEL08-RJ";"UOP04-DEL08-RJ"
293879;2020-06-29;"segunda-feira";"11:30:00";"PA";308;151,5;"CAPANEMA";"Desobediência às normas de trânsito pelo condutor";"Colisão transversal";"Com Vítimas Feridas";"Pleno dia";"Crescente";"Chuva";"Simples";"Interseção de Vias";"Sim";5;0;1;0;3;1;1;4;-1,21064;-47,182743;"SPRF-PA";"DEL01-PA";"UOP03-DEL01-PA"
293883;2020-07-06;"segunda-feira";"09:25:00";"PR";376;302;"MAUA DA SERRA";"Falta de Atenção à Condução";"Tombamento";"Com Vítimas Feridas";"Pleno dia";"Decrescente";"Nublado";"Dupla";"Curva";"Não";2;0;1;0;0;1;1;2;-23,94255214;-51,12285589;"SPRF-PR";"DEL07-PR";"UOP02-DEL07-PR"
293902;2020-07-06;"segunda-feira";"13:30:00";"BA";235;349,7;"JUAZEIRO";"Falta de Atenção à Condução";"Colisão transversal";"Com Vítimas Feridas";"Pleno dia";"Crescente";"Céu Claro";"Dupla";"Reta";"Sim";2;0;0;1;1;0;1;2;-9,43174507;-40,49803816;"SPRF-PE";"DEL06-PE";"UOP01-DEL06-PE"
293904;2020-07-06;"segunda-feira";"11:25:00";"PR";376;652;"TIJUCAS DO SUL";"Velocidade Incompatível";"Colisão com objeto estático";"Com Vítimas Feridas";"Pleno dia";"Crescente";"Garoa/Chuvisco";"Dupla";"Curva";"Não";3;0;1;0;1;1;1;3;-25,84641129;-49,06267762;"SPRF-PR";"DEL01-PR";"UOP04-DEL01-PR"
293905;2020-06-24;"quarta-feira";"10:59:00";"SC";101;197;"BIGUACU";"Não guardar distância de segurança";"Colisão traseira";"Com Vítimas Feridas";"Pleno dia";"Decrescente";"Céu Claro";"Simples";"Reta";"Sim";2;0;0;1;1;0;1;2;-27,51844497;-48,63848496;"SPRF-SC";"DEL01-SC";"UOP01-DEL01-SC"
293910;2020-07-06;"segunda-feira";"13:20:00";"CE";222;153,6;"IRAUCUBA";"Falta de Atenção à Condução";"Colisão transversal";"Com Vítimas Feridas";"Pleno dia";"Crescente";"Chuva";"Simples";"Reta";"Não";8;0;5;2;0;3;7;6;-3,73604265;-39,81449294;"SPRF-CE";"DEL04-CE";"UOP03-DEL04-CE"
293913;2020-07-06;"segunda-feira";"14:05:00";"SC";153;58,8;"IRANI";"Desobediência às normas de trânsito pelo condutor";"Colisão transversal";"Sem Vítimas";"Pleno dia";"Crescente";"Garoa/Chuvisco";"Simples";"Interseção de Vias";"Não";3;0;0;0;2;2;0;4;-26,96981367;-51,85375214;"SPRF-SC";"DEL07-SC";"UOP04-DEL07-SC"
293914;2020-07-06;"segunda-feira";"15:30:00";"RS";468;84,5;"CAMPO NOVO";"Desobediência às normas de trânsito pelo condutor";"Colisão transversal";"Com Vítimas Feridas";"Pleno dia";"Crescente";"Nublado";"Simples";"Reta";"Não";2;0;0;2;0;0;2;2;-27,59201797;-53,87237438;"SPRF-RS";"DEL08-RS";"UOP02-DEL08-RS"
293925;2020-07-06;"segunda-feira";"16:40:00";"SP";116;133;"CACAPAVA";"Não guardar distância de segurança";"Colisão lateral";"Com Vítimas Feridas";"Pleno dia";"Decrescente";"Céu Claro";"Dupla";"Reta";"Sim";2;0;1;0;1;0;1;2;-23,1359564;-45,7532708;"SPRF-SP";"DEL06-SP";"UOP01-DEL06-SP"
293926;2020-07-06;"segunda-feira";"16:35:00";"MG";381;747,5;"TRES CORACOES";"Falta de Atenção à Condução";"Colisão traseira";"Com Vítimas Feridas";"Pleno dia";"Decrescente";"Sol";"Dupla";"Aclive;Reta";"Não";2;0;0;1;1;0;1;2;-21,64809074;-45,29856819;"SPRF-MG";"DEL16-MG";"UOP02-DEL16-MG"
293935;2020-07-06;"segunda-feira";"18:05:00";"RS";158;219,8;"CRUZ ALTA";"Defeito Mecânico no Veículo";"Colisão com objeto em movimento";"Com Vítimas Fatais";"Plena Noite";"Crescente";"Nublado";"Simples";"Aclive;Reta";"Não";6;3;0;0;2;3;0;6;-28,860091;-53,615961;"SPRF-RS";"DEL10-RS";"UOP02-DEL10-RS"
293943;2020-07-06;"segunda-feira";"18:10:00";"RS";116;656;"JAGUARAO";"Falta de Atenção à Condução";"Colisão traseira";"Com Vítimas Fatais";"Plena Noite";"Crescente";"Céu Claro";"Simples";"Reta;Declive";"Sim";3;1;0;0;1;1;0;3;-32,56839101;-53,37954283;"SPRF-RS";"DEL07-RS";"UOP03-DEL07-RS"
293948;2020-07-06;"segunda-feira";"18:45:00";"BA";0;0;"SIMOES FILHO";"Falta de Atenção à Condução";"Colisão lateral";"Sem Vítimas";"Plena Noite";"Não Informado";"Céu Claro";"Dupla";"Reta";"Sim";3;0;0;0;2;1;0;3;-12,82931703;-38,41113193;"SPRF-BA";"DEL01-BA";"UOP01-DEL01-BA"
293950;2020-07-06;"segunda-feira";"18:20:00";"MS";163;613;"SAO GABRIEL DO OESTE";"Falta de Atenção à Condução";"Colisão com objeto estático";"Com Vítimas Feridas";"Plena Noite";"Crescente";"Céu Claro";"Simples";"Reta";"Não";2;0;1;0;0;2;1;3;-19,41385532;-54,55587234;"SPRF-MS";"DEL06-MS";"UOP02-DEL06-MS"