"id";"data_inversa";"dia_semana";"horario";"uf";"br";"km";"municipio";"causa_acidente";"tipo_acidente";"classificacao_acidente";"fase_dia";"sentido_via";"condicao_metereologica";"tipo_pista";"tracado_via";"uso_solo";"pessoas";"mortos";"feridos_leves";"feridos_graves";"ilesos";"ignorados";"feridos";"veiculos";"latitude";"longitude";"regional";"delegacia";"uop"
294462;2020-07-09;"quinta-feira";"19:45:00";"ES";101;93;"JAGUARE";"Ultrapassagem Indevida";"Colisão frontal";"Com Vítimas Fatais";"Plena Noite";"Crescente";"Céu Claro";"Simples";"Aclive";"Sim";2;1;0;0;1;0;0;2;-18,92266916;-39,96785068;"SPRF-ES";"DEL04-ES";"UOP02-DEL04-ES"
294463;2020-07-09;"quinta-feira";"19:20:00";"MG";262;521;"LUZ";"Falta de Atenção à Condução";"Colisão transversal";"Com Vítimas Feridas";"Plena Noite";"Decrescente";"Céu Claro";"Simples";"Interseção de Vias";"Sim";4;0;1;0;2;1;1;3;-19,78188821;-45,67222595;"SPRF-MG";"DEL08-MG";"UOP03-DEL08-MG"
294464;2020-07-09;"quinta-feira";"15:45:00";"SC";470;120,9;"IBIRAMA";"Velocidade Incompatível";"Colisão lateral";"Com Vítimas Feridas";"Pleno dia";"Decrescente";"Nublado";"Simples";"Curva";"Não";3;0;2;0;0;1;2;3;-27,089924;-49,520416;"SPRF-SC";"DEL04-SC";"UOP02-DEL04-SC"
294466;2020-07-09;"quinta-feira";"16:40:00";"GO";158;39,7;"BOM JARDIM DE GOIAS";"Falta de Atenção à Condução";"Colisão lateral";"Com Vítimas Feridas";"Pleno dia";"Crescente";"Céu Claro";"Simples";"Interseção de Vias";"Não";4;0;1;0;2;2;1;4;-16,201046;-52,158026;"SPRF-GO";"DEL04-GO";"UOP01-DEL04-GO"
294467;2020-07-09;"quinta-feira";"17:40:00";"MT";163;733;"SORRISO";"Não guardar distância de segurança";"Colisão traseira";"Com Vítimas Feridas";"Pleno dia";"Decrescente";"Céu Claro";"Simples";"Reta";"Não";2;0;1;0;1;0;1;2;-12,811149908;-55,8300226658;"SPRF-MT";"DEL06-MT";"UOP01-DEL06-MT"
294468;2020-07-09;"quinta-feira";"21:00:00";"RS";116;246;"SAO LEOPOLDO";"Ingestão de Álcool";"Colisão lateral";"Sem Vítimas";"Plena Noite";"Crescente";"Céu Claro";"Dupla";"Reta";"Sim";3;0;0;0;2;1;0;3;-29,758751;-51,15186806;"SPRF-RS";"DEL01-RS";"UOP02-DEL01-RS"
294472;2020-07-09;"quinta-feira";"19:15:00";"PI";222;24,2;"SAO JOAO DA FRONTEIRA";"Condutor Dormindo";"Tombamento";"Com Vítimas Feridas";"Plena Noite";"Crescente";"Céu Claro";"Simples";"Reta";"Não";2;0;1;0;0;1;1;2;-3,98552012;-41,39874393;"SPRF-PI";"DEL02-PI";"UOP01-DEL02-PI"
294486;2020-07-09;"quinta-feira";"19:00:00";"BA";101;57;"ENTRE RIOS";"Defeito na Via";"Colisão lateral";"Sem Vítimas";"Plena Noite";"Decrescente";"Nublado";"Dupla";"Reta";"Não";2;0;0;0;2;0;0;2;-11,95704949;-38,08673373;"SPRF-BA";"DEL01-BA";"UOP04-DEL01-BA"
294487;2020-07-09;"quinta-feira";"23:30:00";"BA";116;458;"SANTO ESTEVAO";"Falta de Atenção à Condução";"Colisão traseira";"Com Vítimas Feridas";"Plena Noite";"Crescente";"Chuva";"Dupla";"Aclive";"Não";4;0;2;0;1;2;2;4;-12,41591314;-39,19120591;"SPRF-BA";"DEL02-BA";"UOP01-DEL02-BA"
294490;2020-07-10;"sexta-feira";"01:50:00";"ES";101;226,5;"FUNDAO";"Falta de Atenção à Condução";"Colisão frontal";"Com Vítimas Fatais";"Plena Noite";"Crescente";"Céu Claro";"Simples";"Reta";"Não";5;1;0;0;1;4;0;5;-19,907313;-40,407078;"SPRF-ES";"DEL02-ES";"UOP01-DEL02-ES"
294492;2020-07-10;"sexta-feira";"01:30:00";"PR";153;454;"UNIAO DA VITORIA";"Restrição de Visibilidade";"Colisão traseira";"Com Vítimas Feridas";"Plena Noite";"Decrescente";"Nevoeiro/Neblina";"Simples";"Reta";"Não";3;0;1;0;1;2;1;4;-26,21301607;-51,12620831;"SPRF-PR";"DEL02-PR";"UOP03-DEL02-PR"
294493;2020-07-01;"quarta-feira";"19:00:00";"BA";101;765,6;"ITABELA";"Falta de Atenção à Condução";"Colisão traseira";"Com Vítimas Feridas";"Plena Noite";"Decrescente";"Nublado";"Simples";"Reta";"Não";2;0;1;0;1;0;1;2;-16,87297285;-39,50612507;"SPRF-BA";"DEL09-BA";"UOP01-DEL09-BA"
294502;2020-07-10;"sexta-feira";"06:45:00";"PA";316;118;"SANTA MARIA DO PARA";"Fenômenos da Natureza";"Colisão lateral";"Com Vítimas Feridas";"Amanhecer";"Decrescente";"Céu Claro";"Simples";"Reta";"Não";2;0;1;0;0;1;1;2;-1,30866922;-47,45203805;"SPRF-PA";"DEL01-PA";"UOP02-DEL01-PA"
294515;2020-07-10;"sexta-feira";"08:20:00";"CE";222;157,9;"IRAUCUBA";"Falta de Atenção à Condução";"Colisão traseira";"Com Vítimas Feridas";"Pleno dia";"Decrescente";"Céu Claro";"Simples";"Reta";"Não";3;0;1;1;1;0;2;2;-3,73881548;-39,84991418;"SPRF-CE";"DEL04-CE";"UOP03-DEL04-CE"
294517;2020-07-10;"sexta-feira";"07:45:00";"MG";251;430;"GRAO MOGOL";"Agressão Externa";"Colisão lateral";"Com Vítimas Feridas";"Pleno dia";"Decrescente";"Céu Claro";"Simples";"Declive;Reta";"Não";7;0;1;3;2;4;4;9;-16,353917;-43,159598;"SPRF-MG";"DEL12-MG";"UOP01-DEL12-MG"
294519;2020-07-10;"sexta-feira";"08:20:00";"ES";101;268;"SERRA";"Desobediência às normas de trânsito pelo condutor";"Colisão lateral";"Sem Vítimas";"Pleno dia";"Decrescente";"Nublado";"Simples";"Reta";"Sim";3;0;0;0;2;1;0;3;-20,20842;-40,269405;"SPRF-ES";"DEL02-ES";"UOP01-DEL02-ES"
294520;2020-07-10;"sexta-feira";"03:00:00";"MG";116;42,3;"PEDRA AZUL";"Condutor Dormindo";"Saída de leito carroçável";"Com Vítimas Feridas";"Plena Noite";"Decrescente";"Nevoeiro/Neblina";"Simples";"Reta";"Não";1;0;1;0;0;0;1;1;-15,99953799;-41,40842281;"SPRF-MG";"DEL11-MG";"UOP02-DEL11-MG"
294521;2020-07-10;"sexta-feira";"08:45:00";"MG";381;490,4;"BETIM";"Desobediência às normas de trânsito pelo condutor";"Colisão lateral";"Com Vítimas Feridas";"Pleno dia";"Decrescente";"Céu Claro";"Múltipla";"Reta";"Sim";3;0;1;0;1;1;1;3;-19,95602987;-44,14651573;"SPRF-MG";"DEL01-MG";"UOP03-DEL01-MG"
294525;2020-07-10;"sexta-feira";"08:00:00";"MT";163;530;"DIAMANTINO";"Não guardar distância de segurança";"Colisão traseira";"Com Vítimas Feridas";"Pleno dia";"Crescente";"Céu Claro";"Simples";"Reta";"Não";10;0;2;0;7;7;2;12;-14,45712086;-56,14220112;"SPRF-MT";"DEL01-MT";"UOP01-DEL01-MT"
294528;2020-07-10;"sexta-feira";"07:30:00";"PI";135;335;"SANTA LUZ";"Desobediência às normas de trânsito pelo condutor";"Colisão transversal";"Com Vítimas Fatais";"Amanhecer";"Crescente";"Sol";"Simples";"Curva";"Não";3;1;0;0;1;1;0;3;-8,97042899;-44,27052202;"SPRF-PI";"DEL03-PI";"UOP02-DEL03-PI"
294531;2020-06-24;"quarta-feira";"12:05:00";"RS";101;44;"TERRA DE AREIA";"Falta de Atenção à Condução";"Colisão transversal";"Com Vítimas Feridas";"Pleno dia";"Decrescente";"Céu Claro";"Dupla";"Reta";"Sim";2;0;1;0;1;0;1;2;-29,5638269;-50,04819632;"SPRF-RS";"DEL03-RS";"UOP02-DEL03-RS"
294533;2020-07-10;"sexta-feira";"08:34:00";"MT";364;515,4;"ROSARIO OESTE";"Não guardar distância de segurança";"Colisão traseira";"Com Vítimas Feridas";"Pleno dia";"Decrescente";"Céu Claro";"Simples";"Reta";"Não";4;0;1;0;1;5;1;7;-15;-56;"SPRF-MT";"DEL01-MT";"UOP02-DEL01-MT"
294535;2020-07-10;"sexta-feira";"07:30:00";"MT";163;831;"SINOP";"Desobediência às normas de trânsito pelo condutor";"Colisão com objeto estático";"Sem Vítimas";"Pleno dia";"Crescente";"Céu Claro";"Dupla";"Interseção de Vias";"Sim";3;0;0;0;2;3;0;5;-12,022768;-55,51723;"SPRF-MT";"DEL06-MT";"UOP01-DEL06-MT"
294536;2020-07-02;"quinta-feira";"18:10:00";"MG";381;889,3;"CAMBUI";"Falta de Atenção do Pedestre";"Atropelamento de Pedestre";"Com Vítimas Fatais";"Plena Noite";"Crescente";"Céu Claro";"Dupla";"Curva";"Não";3;1;0;0;2;0;0;3;-22,57874206;-46,04473491;"SPRF-MG";"DEL16-MG";"UOP03-DEL16-MG"
294537;2020-07-10;"sexta-feira";"09:30:00";"RS";472;117,5;"BOA VISTA DO BURICA";"Sinalização da via insuficiente ou inadequada";"Atropelamento de Pedestre";"Com Vítimas Feridas";"Pleno dia";"Decrescente";"Sol";"Simples";"Em Obras;Aclive";"Não";2;0;0;1;1;0;1;2;-27,68127572;-54,12190422;"SPRF-RS";"DEL10-RS";"UOP01-DEL10-RS"
294538;2020-07-10;"sexta-feira";"10:10:00";"MA";10;247,1;"IMPERATRIZ";"Ultrapassagem Indevida";"Colisão frontal";"Com Vítimas Feridas";"Pleno dia";"Crescente";"Céu Claro";"Simples";"Reta";"Sim";4;0;1;1;2;0;2;3;-5,573772;-47,443893;"SPRF-MA";"DEL04-MA";"UOP01-DEL04-MA"
294543;2020-07-10;"sexta-feira";"08:30:00";"MS";267;475,9;"GUIA LOPES DA LAGUNA";"Falta de Atenção à Condução";"Colisão traseira";"Com Vítimas Feridas";"Pleno dia";"Crescente";"Céu Claro";"Dupla";"Reta";"Sim";3;0;1;0;1;4;1;6;-21,4444852;-56,09780106;"SPRF-MS";"DEL05-MS";"UOP01-DEL05-MS"
294547;2020-07-10;"sexta-feira";"11:10:00";"SC";101;340;"TUBARAO";"Falta de Atenção à Condução";"Colisão traseira";"Com Vítimas Feridas";"Pleno dia";"Crescente";"Céu Claro";"Múltipla";"Reta";"Sim";2;0;1;0;1;0;1;2;-28,501444;-49,04690399;"SPRF-SC";"DEL02-SC";"UOP01-DEL02-SC"
294553;2020-07-10;"sexta-feira";"11:30:00";"MG";459;31;"CALDAS";"Velocidade Incompatível";"Tombamento";"Sem Vítimas";"Pleno dia";"Decrescente";"Céu Claro";"Simples";"Curva";"Não";2;0;0;0;1;1;0;2;-21,924654;-46,368149;"SPRF-MG";"DEL09-MG";"UOP01-DEL09-MG"
294554;2020-07-09;"quinta-feira";"22:30:00";"MT";158;382,3;"RIBEIRAO CASCALHEIRA";"Falta de Atenção à Condução";"Colisão lateral";"Sem Vítimas";"Plena Noite";"Decrescente";"Céu Claro";"Simples";"Reta";"Não";3;0;0;0;2;2;0;4;-12,612605;-51,78269;"SPRF-MT";"DEL07-MT";"UOP02-DEL07-MT"
294559;2020-07-09;"quinta-feira";"15:00:00";"SP";0;0;"ATIBAIA";"Defeito Mecânico no Veículo";"Colisão com objeto estático";"Sem Vítimas";"Pleno dia";"Não Informado";"Céu Claro";"Simples";"Curva;Aclive";"Não";2;0;0;0;1;2;0;3;-23,19348582;-46,58617258;"SPRF-SP";"DEL03-SP";"UOP01-DEL03-SP"
294560;2020-07-10;"sexta-feira";"11:00:00";"BA";101;395;"IBIRAPITANGA";"Velocidade Incompatível";"Tombamento";"Com Vítimas Feridas";"Pleno dia";"Crescente";"Céu Claro";"Simples";"Curva";"Não";2;0;1;0;0;1;1;2;-14,0544468;-39,38441961;"SPRF-BA";"DEL05-BA";"UOP03-DEL05-BA"
294561;2020-07-10;"sexta-feira";"10:10:00";"MG";153;225,5;"FRONTEIRA";"Falta de Atenção à Condução";"Tombamento";"Com Vítimas Feridas";"Pleno dia";"Decrescente";"Céu Claro";"Dupla";"Reta";"Não";2;0;1;0;0;2;1;3;-20,14728;-49,11088;"SPRF-MG";"DEL13-MG";"UOP02-DEL13-MG"
294565;2020-07-10;"sexta-feira";"12:50:00";"MG";381;367;"SAO GONCALO DO RIO ABAIXO";"Velocidade Incompatível";"Colisão transversal";"Com Vítimas Feridas";"Pleno dia";"Crescente";"Nublado";"Simples";"Declive;Curva";"Não";4;0;1;0;2;1;1;3;-19,84959351;-43,27455396;"SPRF-MG";"DEL03-MG";"UOP01-DEL03-MG"
294566;2020-07-10;"sexta-feira";"12:30:00";"BA";101;225;"CRUZ DAS ALMAS";"Defeito Mecânico no Veículo";"Saída de leito carroçável";"Com Vítimas Feridas";"Pleno dia";"Crescente";"Chuva";"Simples";"Declive";"Não";3;0;2;0;1;0;2;1;-12,69024867;-39,14772034;"SPRF-BA";"DEL01-BA";"UOP02-DEL01-BA"
294572;2020-07-10;"sexta-feira";"13:50:00";"PE";232;84;"GRAVATA";"Falta de Atenção à Condução";"Saída de leito carroçável";"Com Vítimas Feridas";"Pleno dia";"Decrescente";"Nublado";"Dupla";"Aclive";"Não";1;0;1;0;0;0;1;1;-8,2059894;-35,60359683;"SPRF-PE";"DEL02-PE";"UOP02-DEL02PE"
294577;2020-07-10;"sexta-feira";"11:30:00";"PI";135;435;"MONTE ALEGRE DO PIAUI";"Defeito na Via";"Colisão frontal";"Sem Vítimas";"Pleno dia";"Decrescente";"Céu Claro";"Simples";"Curva;Aclive";"Não";3;0;0;0;2;3;0;5;-9,56800985;-44,78443504;"SPRF-PI";"DEL03-PI";"UOP02-DEL03-PI"
294580;2020-07-10;"sexta-feira";"14:40:00";"SC";280;27,7;"ARAQUARI";"Não guardar distância de segurança";"Colisão traseira";"Com Vítimas Feridas";"Pleno dia";"Crescente";"Sol";"Simples";"Reta";"Sim";4;0;1;0;2;4;1;6;-26,39685622;-48,74021969;"SPRF-SC";"DEL03-SC";"UOP03-DEL03-SC"
294581;2020-07-10;"sexta-feira";"09:30:00";"PE";424;111,9;"GARANHUNS";"Falta de Atenção à Condução";"Saída de leito carroçável";"Com Vítimas Fatais";"Pleno dia";"Crescente";"Chuva";"Simples";"Curva";"Não";1;1;0;0;0;0;0;1;-9,01211003;-36,46413203;"SPRF-PE";"DEL03-PE";"UOP01-DEL03-PE"
294586;2020-07-06;"segunda-feira";"04:45:00";"MG";381;397;"BOM JESUS DO AMPARO";"Defeito Mecânico no Veículo";"Incêndio";"Com Vítimas Feridas";"Amanhecer";"Decrescente";"Nevoeiro/Neblina";"Dupla";"Reta";"Não";2;0;0;1;0;2;1;3;-19,744564;-43,496796;"SPRF-MG";"DEL01-MG";"UOP01-DEL01-MG"
294587;2020-07-10;"sexta-feira";"15:30:00";"CE";304;46;"ARACATI";"Desobediência às normas de trânsito pelo condutor";"Colisão transversal";"Com Vítimas Feridas";"Pleno dia";"Decrescente";"Céu Claro";"Dupla";"Interseção de Vias";"Não";3;0;1;0;1;1;1;3;-4,5751000295;-37,7982369901;"SPRF-CE";"DEL03-CE";"UOP03-DEL03-CE"
294588;2020-07-10;"sexta-feira";"12:40:00";"SC";470;89,9;"ASCURRA";"Falta de Atenção à Condução";"Colisão traseira";"Com Vítimas Feridas";"Pleno dia";"Decrescente";"Céu Claro";"Simples";"Reta";"Sim";2;0;0;1;1;0;1;2;-26,961573;-49,371918;"SPRF-SC";"DEL04-SC";"UOP01-DEL04-SC"
294591;2020-07-10;"sexta-feira";"15:00:00";"MG";381;334;"NOVA ERA";"Não guardar distância de segurança";"Colisão traseira";"Com Vítimas Feridas";"Pleno dia";"Decrescente";"Sol";"Dupla";"Reta";"Sim";5;0;2;0;2;1;2;3;-19,81025584;-43,06303471;"SPRF-MG";"DEL03-MG";"UOP01-DEL03-MG"
294602;2020-07-10;"sexta-feira";"16:30:00";"SP";381;17,8;"BRAGANCA PAULISTA";"Falta de Atenção à Condução";"Colisão frontal";"Com Vítimas Feridas";"Pleno dia";"Crescente";"Céu Claro";"Dupla";"Reta";"Não";3;0;2;0;1;0;2;2;-22,96631992;-46,48449317;"SPRF-SP";"DEL03-SP";"UOP01-DEL03-SP"
294609;2020-07-10;"sexta-feira";"16:12:00";"MT";364;194,4;"RONDONOPOLIS";"Falta de Atenção à Condução";"Colisão frontal";"Com Vítimas Feridas";"Pleno dia";"Crescente";"Céu Claro";"Simples";"Aclive";"Não";4;0;1;1;1;1;2;3;-16,52647302;-54,59191501;"SPRF-MT";"DEL02-MT";"UOP01-DEL02-MT"
294616;2020-07-10;"sexta-feira";"17:10:00";"PR";476;124;"CURITIBA";"Falta de Atenção à Condução";"Colisão lateral";"Com Vítimas Feridas";"Pleno dia";"Crescente";"Céu Claro";"Múltipla";"Reta";"Sim";2;0;0;1;1;0;1;2;-25,399845;-49,215855;"SPRF-PR";"DEL01-PR";"UOP07-DEL01-PR"
294619;2020-07-10;"sexta-feira";"15:20:00";"PR";376;597;"CURITIBA";"Falta de Atenção à Condução";"Derramamento de carga";"Sem Vítimas";"Pleno dia";"Crescente";"Céu Claro";"Dupla";"Reta";"Sim";2;0;0;0;1;2;0;3;-25,510571;-49,338848;"SPRF-PR";"DEL01-PR";"UOP06-DEL01-PR"
294622;2020-07-10;"sexta-feira";"16:38:00";"PR";277;243,1;"IRATI";"Desobediência às normas de trânsito pelo condutor";"Colisão transversal";"Com Vítimas Feridas";"Pleno dia";"Decrescente";"Céu Claro";"Simples";"Reta";"Não";4;0;1;0;1;4;1;6;-25,45199;-50,658249;"SPRF-PR";"DEL03-PR";"UOP03-DEL03-PR"
294623;2020-07-10;"sexta-feira";"13:45:00";"MA";222;672;"ACAILANDIA";"Desobediência às normas de trânsito pelo condutor";"Colisão lateral";"Com Vítimas Feridas";"Pleno dia";"Crescente";"Sol";"Simples";"Reta";"Sim";2;0;0;1;1;0;1;2;-4,92508085;-47,43821808;"SPRF-MA";"DEL04-MA";"UOP03-DEL04-MA"
294626;2020-07-10;"sexta-feira";"18:00:00";"BA";324;442,7;"RIACHAO DO JACUIPE";"Falta de Atenção do Pedestre";"Atropelamento de Pedestre";"Com Vítimas Fatais";"Anoitecer";"Crescente";"Céu Claro";"Simples";"Reta";"Não";2;1;0;0;0;1;0;2;-11,82877428;-39,36212626;"SPRF-BA";"DEL02-BA";"UOP01-DEL02-BA"
294633;2020-07-10;"sexta-feira";"17:20:00";"CE";222;314;"TIANGUA";"Animais na Pista";"Atropelamento de Animal";"Sem Vítimas";"Pleno dia";"Crescente";"Nublado";"Simples";"Reta";"Não";3;0;0;0;2;1;0;3;-3,73110045;-41,00095099;"SPRF-CE";"DEL04-CE";"UOP02-DEL04-CE"
294634;2020-07-10;"sexta-feira";"18:45:00";"CE";116;23;"AQUIRAZ";"Desobediência às normas de trânsito pelo condutor";"Colisão transversal";"Com Vítimas Feridas";"Plena Noite";"Decrescente";"Céu Claro";"Múltipla";"Retorno Regulamentado";"Não";2;0;0;1;1;0;1;2;-3,94905489;-38,51212845;"SPRF-CE";"DEL01-CE";"UOP02-DEL01-CE"
294640;2020-07-10;"sexta-feira";"18:47:00";"RS";386;69,5;"BOA VISTA DAS MISSOES";"Falta de Atenção à Condução";"Saída de leito carroçável";"Sem Vítimas";"Plena Noite";"Decrescente";"Céu Claro";"Simples";"Reta";"Não";4;0;0;0;2;2;0;4;-27,660053;-53,316261;"SPRF-RS";"DEL08-RS";"UOP02-DEL08-RS"
294644;2020-07-10;"sexta-feira";"12:30:00";"MG";262;5,1;"MARTINS SOARES";"Velocidade Incompatível";"Tombamento";"Com Vítimas Feridas";"Pleno dia";"Decrescente";"Nublado";"Simples";"Curva";"Não";2;0;1;0;0;1;1;2;-20,25760679;-41,80160407;"SPRF-MG";"DEL06-MG";"UOP03-DEL06-MG"
294646;2020-07-10;"sexta-feira";"14:30:00";"MT";163;539;"DIAMANTINO";"Desobediência às normas de trânsito pelo condutor";"Engavetamento";"Sem Vítimas";"Pleno dia";"Crescente";"Céu Claro";"Simples";"Reta";"Não";8;0;0;0;4;10;0;12;-14,39101303;-56,11636404;"SPRF-MT";"DEL01-MT";"UOP01-DEL01-MT"
294651;2020-07-10;"sexta-feira";"19:15:00";"PR";476;97;"BOCAIUVA DO SUL";"Falta de Atenção à Condução";"Colisão frontal";"Com Vítimas Feridas";"Plena Noite";"Crescente";"Céu Claro";"Simples";"Declive;Curva";"Não";3;0;0;1;1;1;1;3;-25,234463;-49,127838;"SPRF-PR";"DEL01-PR";"UOP07-DEL01-PR"
294668;2020-07-10;"sexta-feira";"20:35:00";"MG";262;407,2;"PARA DE MINAS";"Ingestão de Álcool";"Colisão traseira";"Com Vítimas Feridas";"Plena Noite";"Decrescente";"Céu Claro";"Dupla";"Aclive;Reta";"Não";3;0;1;0;1;1;1;3;-19,88707084;-44,61916924;"SPRF-MG";"DEL08-MG";"UOP03-DEL08-MG"
294669;2020-07-10;"sexta-feira";"20:00:00";"MA";222;445,7;"SANTA LUZIA";"Falta de Atenção à Condução";"Saída de leito carroçável";"Com Vítimas Fatais";"Plena Noite";"Decrescente";"Céu Claro";"Simples";"Curva";"Não";2;1;1;0;0;0;1;1;-4,07522363;-45,94507679;"SPRF-MA";"DEL02-MA";"UOP01-DEL02-MA"
294671;2020-07-10;"sexta-feira";"19:30:00";"RS";386;43,7;"SEBERI";"Ingestão de Álcool";"Colisão frontal";"Com Vítimas Feridas";"Plena Noite";"Decrescente";"Céu Claro";"Simples";"Reta";"Não";2;0;1;0;1;0;1;2;-27,430225;-53,420662;"SPRF-RS";"DEL08-RS";"UOP02-DEL08-RS"
294681;2020-07-10;"sexta-feira";"15:05:00";"MG";50;115;"UBERABA";"Velocidade Incompatível";"Tombamento";"Com Vítimas Feridas";"Pleno dia";"Crescente";"Sol";"Dupla";"Rotatória";"Não";2;0;1;0;0;2;1;3;-19,26611991;-48,12839379;"SPRF-MG";"DEL13-MG";"UOP01-DEL13-MG"
294691;2020-07-10;"sexta-feira";"21:10:00";"MG";40;149,2;"JOAO PINHEIRO";"Ingestão de Álcool";"Colisão lateral";"Com Vítimas Feridas";"Plena Noite";"Decrescente";"Céu Claro";"Simples";"Reta";"Não";3;0;1;0;1;1;1;3;-17,78039598;-46,13709081;"SPRF-MG";"DEL14-MG";"UOP02-DEL14-MG"
294692;2020-07-10;"sexta-feira";"21:40:00";"AL";101;178;"TEOTONIO VILELA";"Ingestão de Álcool";"Colisão traseira";"Sem Vítimas";"Plena Noite";"Crescente";"Céu Claro";"Dupla";"Reta";"Sim";5;0;0;0;5;0;0;2;-9,88723897;-36,390828;"SPRF-AL";"DEL02-AL";"UOP02-DEL02-AL"
294698;2020-07-11;"sábado";"00:15:00";"RS";386;241,5;"SOLEDADE";"Condutor Dormindo";"Colisão lateral";"Com Vítimas Feridas";"Plena Noite";"Decrescente";"Céu Claro";"Simples";"Reta";"Não";4;0;0;1;2;2;1;5;-28,774895;-52,533451;"SPRF-RS";"DEL04-RS";"UOP03-DEL04-RS"
294699;2020-07-10;"sexta-feira";"23:40:00";"PB";101;118,2;"CAAPORA";"Deficiência ou não Acionamento do Sistema de Iluminação/Sinalização do Veículo";"Colisão traseira";"Com Vítimas Feridas";"Plena Noite";"Decrescente";"Céu Claro";"Dupla";"Reta;Aclive";"Não";5;0;1;2;1;1;3;3;-7,424027;-34,963537;"SPRF-PB";"DEL01-PB";"UOP02-DEL01-PB"
294705;2020-07-10;"sexta-feira";"22:50:00";"SC";470;258,1;"CURITIBANOS";"Objeto estático sobre o leito carroçável";"Colisão com objeto estático";"Com Vítimas Feridas";"Plena Noite";"Decrescente";"Nublado";"Simples";"Reta";"Não";4;0;3;0;1;0;3;2;-27,307161;-50,651653;"SPRF-SC";"DEL05-SC";"UOP03-DEL05-SC"
294707;2020-07-10;"sexta-feira";"18:35:00";"BA";20;114;"SAO DESIDERIO";"Velocidade Incompatível";"Tombamento";"Com Vítimas Feridas";"Anoitecer";"Crescente";"Céu Claro";"Simples";"Reta";"Não";1;0;1;0;0;0;1;1;-12,92559913;-45,98121643;"SPRF-BA";"DEL10-BA";"UOP01-DEL10-BA"
294715;2020-07-11;"sábado";"04:50:00";"PE";116;30,9;"SALGUEIRO";"Ultrapassagem Indevida";"Colisão frontal";"Com Vítimas Fatais";"Amanhecer";"Decrescente";"Nublado";"Simples";"Reta";"Não";3;1;0;0;1;1;0;3;-8,103991;-39,12421;"SPRF-PE";"DEL05-PE";"UOP01-DEL05-PE"
294716;2020-07-11;"sábado";"04:55:00";"GO";153;606;"MORRINHOS";"Defeito Mecânico no Veículo";"Tombamento";"Com Vítimas Feridas";"Plena Noite";"Crescente";"Céu Claro";"Dupla";"Aclive";"Não";2;0;1;0;0;1;1;2;-17,6034;-49,1878;"SPRF-GO";"DEL03-GO";"UOP01-DEL03-GO"
294717;2020-07-10;"sexta-feira";"15:44:00";"BA";242;589;"IBOTIRAMA";"Avarias e/ou desgaste excessivo no pneu";"Tombamento";"Com Vítimas Feridas";"Pleno dia";"Decrescente";"Céu Claro";"Simples";"Reta";"Não";3;0;1;0;1;2;1;3;-12,08359319;-43,12937386;"SPRF-BA";"DEL06-BA";"UOP03-DEL06-BA"
294719;2020-07-11;"sábado";"04:40:00";"RJ";101;272;"RIO BONITO";"Condutor Dormindo";"Tombamento";"Sem Vítimas";"Plena Noite";"Decrescente";"Céu Claro";"Dupla";"Reta";"Não";1;0;0;0;1;0;0;1;-22,72935968;-42,70112512;"SPRF-RJ";"DEL02-RJ";"UOP03-DEL02-RJ"
294726;2020-07-11;"sábado";"00:20:00";"MA";316;436;"PERITORO";"Defeito na Via";"Saída de leito carroçável";"Com Vítimas Feridas";"Plena Noite";"Crescente";"Chuva";"Simples";"Reta";"Não";2;0;1;1;0;0;2;1;-4,413616;-44,2411;"SPRF-MA";"DEL03-MA";"UOP01-DEL03-MA"
294727;2020-07-11;"sábado";"00:30:00";"MA";316;465;"CODO";"Defeito Mecânico no Veículo";"Colisão traseira";"Com Vítimas Feridas";"Plena Noite";"Crescente";"Garoa/Chuvisco";"Simples";"Curva";"Não";2;0;0;1;1;0;1;2;-4,541063;-44,018379;"SPRF-MA";"DEL03-MA";"UOP01-DEL03-MA"
294730;2020-07-11;"sábado";"06:15:00";"BA";101;701,2;"EUNAPOLIS";"Velocidade Incompatível";"Saída de leito carroçável";"Com Vítimas Feridas";"Pleno dia";"Crescente";"Nevoeiro/Neblina";"Simples";"Curva";"Não";1;0;1;0;0;0;1;1;-16,25563134;-39,59764481;"SPRF-BA";"DEL09-BA";"UOP01-DEL09-BA"
294733;2020-07-11;"sábado";"07:00:00";"RS";290;202;"PANTANO GRANDE";"Desobediência às normas de trânsito pelo condutor";"Colisão lateral";"Sem Vítimas";"Pleno dia";"Crescente";"Chuva";"Simples";"Reta";"Não";3;0;0;0;2;1;0;3;-30,172281;-52,237423;"SPRF-RS";"DEL02-RS";"UOP03-DEL02-RS"
294734;2020-07-11;"sábado";"03:40:00";"AC";364;125;"RIO BRANCO";"Falta de Atenção à Condução";"Colisão com objeto estático";"Sem Vítimas";"Plena Noite";"Decrescente";"Céu Claro";"Dupla";"Curva";"Sim";2;0;0;0;1;1;0;2;-10,01280606;-67,80005697;"SPRF-AC";"DEL01-AC";"UOP01-DEL01-AC"
294735;2020-07-11;"sábado";"07:20:00";"AP";210;52;"PORTO GRANDE";"Desobediência às normas de trânsito pelo condutor";"Colisão frontal";"Com Vítimas Fatais";"Amanhecer";"Decrescente";"Sol";"Simples";"Curva";"Não";3;1;1;0;0;1;1;3;0,44935505;-51,05778897;"SPRF-AP";"DEL01-AP";"UOP01-DEL01-AP"