"id";"data_inversa";"dia_semana";"horario";"uf";"br";"km";"municipio";"causa_acidente";"tipo_acidente";"classificacao_acidente";"fase_dia";"sentido_via";"condicao_metereologica";"tipo_pista";"tracado_via";"uso_solo";"pessoas";"mortos";"feridos_leves";"feridos_graves";"ilesos";"ignorados";"feridos";"veiculos";"latitude";"longitude";"regional";"delegacia";"uop"
294738;2020-07-11;"sábado";"07:15:00";"GO";153;615;"MORRINHOS";"Defeito Mecânico no Veículo";"Colisão lateral";"Com Vítimas Feridas";"Pleno dia";"Crescente";"Céu Claro";"Dupla";"Reta";"Não";3;0;1;0;1;1;1;3;-17,6778;-49,1621;"SPRF-GO";"DEL03-GO";"UOP01-DEL03-GO"
294739;2020-07-11;"sábado";"06:00:00";"SC";280;90,9;"CORUPA";"Velocidade Incompatível";"Tombamento";"Com Vítimas Feridas";"Amanhecer";"Decrescente";"Céu Claro";"Simples";"Curva;Declive";"Não";2;0;2;0;0;0;2;1;-26,407423;-49,283504;"SPRF-SC";"DEL06-SC";"UOP03-DEL06-SC"
294747;2020-06-18;"quinta-feira";"05:00:00";"MG";365;97,3;"JEQUITAI";"Condutor Dormindo";"Saída de leito carroçável";"Com Vítimas Fatais";"Amanhecer";"Crescente";"Céu Claro";"Simples";"Reta";"Não";2;2;0;0;0;0;0;1;-17,22011708;-44,49876997;"SPRF-MG";"DEL12-MG";"UOP01-DEL12-MG"
294750;2020-07-11;"sábado";"08:00:00";"SP";116;147;"SAO JOSE DOS CAMPOS";"Falta de Atenção à Condução";"Engavetamento";"Com Vítimas Feridas";"Pleno dia";"Decrescente";"Céu Claro";"Dupla";"Reta";"Sim";7;0;3;0;3;1;3;4;-23,19542994;-45,87176303;"SPRF-SP";"DEL02-SP";"UOP01-DEL02-SP"
294751;2020-06-29;"segunda-feira";"16:00:00";"MT";364;502;"JANGADA";"Desobediência às normas de trânsito pelo condutor";"Colisão lateral";"Com Vítimas Feridas";"Pleno dia";"Crescente";"Céu Claro";"Dupla";"Interseção de Vias";"Não";3;0;1;0;1;3;1;5;-15,177202;-56,523971;"SPRF-MT";"DEL01-MT";"UOP02-DEL01-MT"
294752;2020-07-11;"sábado";"06:45:00";"RS";392;16,2;"RIO GRANDE";"Defeito Mecânico no Veículo";"Colisão com objeto estático";"Sem Vítimas";"Amanhecer";"Crescente";"Ignorado";"Dupla";"Reta";"Não";5;0;0;0;4;8;0;12;-32,1024397;-52,16347437;"SPRF-RS";"DEL07-RS";"UOP02-DEL07-RS"
294754;2020-07-04;"sábado";"06:30:00";"MS";267;171,2;"NOVA ALVORADA DO SUL";"Condutor Dormindo";"Saída de leito carroçável";"Com Vítimas Feridas";"Pleno dia";"Crescente";"Céu Claro";"Simples";"Reta";"Não";3;0;1;1;0;1;2;2;-21,62048047;-53,67329308;"SPRF-MS";"DEL02-MS";"UOP03-DEL02-MS"
294756;2020-07-11;"sábado";"10:00:00";"MG";116;683,8;"MIRADOURO";"Velocidade Incompatível";"Tombamento";"Com Vítimas Feridas";"Pleno dia";"Decrescente";"Céu Claro";"Simples";"Curva";"Não";2;0;1;0;0;1;1;2;-20,96503001;-42,35223064;"SPRF-MG";"DEL07-MG";"UOP02-DEL07-MG"
294758;2020-07-11;"sábado";"07:35:00";"SC";116;306,1;"CAPAO ALTO";"Velocidade Incompatível";"Colisão com objeto estático";"Com Vítimas Feridas";"Amanhecer";"Crescente";"Garoa/Chuvisco";"Simples";"Curva";"Não";2;0;1;0;0;1;1;2;-28,19768589;-50,73234801;"SPRF-SC";"DEL05-SC";"UOP02-DEL05-SC"
294763;2020-07-11;"sábado";"10:40:00";"GO";364;172;"JATAI";"Falta de Atenção à Condução";"Saída de leito carroçável";"Com Vítimas Feridas";"Pleno dia";"Decrescente";"Céu Claro";"Simples";"Reta";"Não";2;0;1;0;0;2;1;3;-18,015284;-51,55648;"SPRF-GO";"DEL05-GO";"UOP01-DEL05-GO"
294764;2020-07-11;"sábado";"10:55:00";"PR";376;174,3;"MARINGA";"Falta de Atenção à Condução";"Colisão traseira";"Com Vítimas Feridas";"Pleno dia";"Decrescente";"Céu Claro";"Dupla";"Interseção de Vias";"Sim";2;0;1;0;1;0;1;2;-23,41430102;-51,94984299;"SPRF-PR";"DEL09-PR";"UOP01-DEL09-PR"
294765;2020-07-10;"sexta-feira";"22:30:00";"TO";226;40;"DARCINOPOLIS";"Falta de Atenção à Condução";"Saída de leito carroçável";"Sem Vítimas";"Plena Noite";"Crescente";"Nublado";"Simples";"Reta";"Não";2;0;0;0;1;3;0;4;-6,713252;-47,757927;"SPRF-TO";"DEL02-TO";"UOP03-DEL02-TO"
294766;2020-07-11;"sábado";"10:00:00";"PI";343;631;"JERUMENHA";"Falta de Atenção à Condução";"Saída de leito carroçável";"Sem Vítimas";"Pleno dia";"Decrescente";"Céu Claro";"Simples";"Reta;Aclive";"Não";2;0;0;0;1;1;0;2;-7,025929;-43,379341;"SPRF-PI";"DEL03-PI";"UOP01-DEL03-PI"
294783;2020-07-11;"sábado";"13:10:00";"SP";116;514;"CAJATI";"Defeito Mecânico no Veículo";"Colisão lateral";"Com Vítimas Feridas";"Pleno dia";"Decrescente";"Céu Claro";"Simples";"Curva";"Sim";3;0;1;0;1;1;1;3;-24,85874304;-48,21731282;"SPRF-SP";"DEL05-SP";"UOP02-DEL05-SP"
294784;2020-07-11;"sábado";"10:35:00";"PR";376;333;"ORTIGUEIRA";"Defeito Mecânico no Veículo";"Saída de leito carroçável";"Sem Vítimas";"Pleno dia";"Decrescente";"Nublado";"Simples";"Declive;Reta";"Não";2;0;0;0;1;1;0;2;-24,13507378;-51,00438382;"SPRF-PR";"DEL07-PR";"UOP02-DEL07-PR"
294785;2020-07-11;"sábado";"13:45:00";"MG";381;438;"SABARA";"Falta de Atenção à Condução";"Colisão transversal";"Com Vítimas Feridas";"Pleno dia";"Crescente";"Céu Claro";"Simples";"Curva";"Sim";5;0;0;2;2;1;2;4;-19,80934407;-43,777791;"SPRF-MG";"DEL01-MG";"UOP01-DEL01-MG"
294795;2020-07-11;"sábado";"13:45:00";"MS";163;466,3;"CAMPO GRANDE";"Desobediência às normas de trânsito pelo condutor";"Colisão lateral";"Com Vítimas Fatais";"Pleno dia";"Decrescente";"Céu Claro";"Dupla";"Rotatória";"Não";3;1;0;0;1;3;0;5;-20,58297439;-54,58387613;"SPRF-MS";"DEL01-MS";"UOP01-DEL01-MS"
294799;2020-07-11;"sábado";"12:20:00";"RN";101;104;"PARNAMIRIM";"Desobediência às normas de trânsito pelo condutor";"Colisão transversal";"Com Vítimas Feridas";"Pleno dia";"Decrescente";"Chuva";"Múltipla";"Viaduto;Aclive";"Sim";2;0;1;0;1;0;1;2;-5,892745;-35,257225;"SPRF-RN";"DEL01-RN";"UOP01-DEL01-RN"
294800;2020-07-11;"sábado";"14:20:00";"PB";101;68;"SANTA RITA";"Falta de Atenção à Condução";"Colisão traseira";"Com Vítimas Feridas";"Pleno dia";"Decrescente";"Chuva";"Dupla";"Reta";"Não";5;0;1;0;3;1;1;4;-7,05686225;-35,02780412;"SPRF-PB";"DEL01-PB";"UOP04-DEL01-PB"
294807;2020-07-11;"sábado";"14:05:00";"MA";316;547;"CAXIAS";"Desobediência às normas de trânsito pelo condutor";"Colisão lateral";"Com Vítimas Feridas";"Pleno dia";"Decrescente";"Céu Claro";"Simples";"Rotatória";"Não";4;0;3;0;0;1;3;3;-4,87508367;-43,39660764;"SPRF-MA";"DEL03-MA";"UOP02-DEL03-MA"
294817;2020-07-11;"sábado";"11:50:00";"GO";153;672;"PANAMA";"Velocidade Incompatível";"Saída de leito carroçável";"Sem Vítimas";"Pleno dia";"Decrescente";"Céu Claro";"Simples";"Reta";"Não";2;0;0;0;1;1;0;2;-18,15027136;-49,36437786;"SPRF-GO";"DEL03-GO";"UOP02-DEL03-GO"
294821;2020-07-11;"sábado";"15:33:00";"MT";163;61;"RONDONOPOLIS";"Desobediência às normas de trânsito pelo condutor";"Colisão lateral";"Com Vítimas Feridas";"Pleno dia";"Decrescente";"Céu Claro";"Dupla";"Reta";"Não";6;0;2;0;3;2;2;5;-16,97903791;-54,74750626;"SPRF-MT";"DEL02-MT";"UOP01-DEL02-MT"
294827;2020-07-11;"sábado";"16:00:00";"AM";174;944;"MANAUS";"Não guardar distância de segurança";"Colisão traseira";"Com Vítimas Feridas";"Anoitecer";"Crescente";"Chuva";"Simples";"Declive";"Não";5;0;1;2;1;1;3;3;-2,45203092;-60,02527338;"SPRF-AM";"DEL01-AM";"UOP01-DEL01-AM"
294828;2020-07-11;"sábado";"18:41:00";"PB";101;93,9;"JOAO PESSOA";"Ingestão de Álcool";"Colisão lateral";"Com Vítimas Fatais";"Anoitecer";"Decrescente";"Chuva";"Dupla";"Reta";"Não";3;1;1;0;1;0;1;2;-7,205825;-34,90879;"SPRF-PB";"DEL01-PB";"UOP02-DEL01-PB"
294829;2020-07-11;"sábado";"17:45:00";"MA";135;6;"SAO LUIS";"Falta de Atenção à Condução";"Colisão lateral";"Com Vítimas Feridas";"Anoitecer";"Crescente";"Céu Claro";"Dupla";"Curva";"Sim";2;0;0;1;0;1;1;2;-2,62877986;-44,26321818;"SPRF-MA";"DEL01-MA";"UOP01-DEL01-MA"
294842;2020-07-11;"sábado";"18:45:00";"RS";386;47,1;"SEBERI";"Falta de Atenção à Condução";"Colisão transversal";"Sem Vítimas";"Plena Noite";"Decrescente";"Garoa/Chuvisco";"Simples";"Reta";"Não";3;0;0;0;2;1;0;3;-27,466236;-53,404499;"SPRF-RS";"DEL08-RS";"UOP02-DEL08-RS"
294844;2020-07-11;"sábado";"19:00:00";"DF";60;27,7;"BRASILIA";"Desobediência às normas de trânsito pelo condutor";"Colisão frontal";"Com Vítimas Feridas";"Plena Noite";"Crescente";"Céu Claro";"Dupla";"Declive;Curva";"Não";3;0;0;1;2;0;1;2;-16,012222;-48,247662;"SPRF-DF";"DEL03-DF";"UOP01-DEL03-DF"
294870;2020-07-11;"sábado";"16:00:00";"MG";262;575,5;"CORREGO DANTA";"Defeito Mecânico no Veículo";"Tombamento";"Sem Vítimas";"Pleno dia";"Decrescente";"Sol";"Simples";"Curva";"Não";3;0;0;0;1;2;0;3;-19,673272;-46,043517;"SPRF-CE";"N/A";"N/A"
294875;2020-07-11;"sábado";"19:25:00";"MG";365;146,3;"PIRAPORA";"Defeito Mecânico no Veículo";"Saída de leito carroçável";"Com Vítimas Fatais";"Plena Noite";"Decrescente";"Céu Claro";"Simples";"Reta";"Não";2;1;0;0;0;1;0;2;-17,26133688;-44,84929511;"SPRF-MG";"DEL12-MG";"UOP01-DEL12-MG"
294876;2020-07-11;"sábado";"11:48:00";"PA";10;51;"CASTANHAL";"Desobediência às normas de trânsito pelo condutor";"Danos eventuais";"Com Vítimas Feridas";"Pleno dia";"Crescente";"Céu Claro";"Dupla";"Reta";"Não";4;0;2;0;0;2;2;3;-1,30722844;-48,02946221;"SPRF-PA";"DEL02-PA";"UOP02-DEL02-PA"
294883;2020-07-11;"sábado";"19:20:00";"MS";60;430;"SIDROLANDIA";"Ingestão de Álcool";"Colisão frontal";"Sem Vítimas";"Plena Noite";"Crescente";"Céu Claro";"Simples";"Reta";"Não";4;0;0;0;4;0;0;4;-20,96803898;-54,96949997;"SPRF-MS";"DEL01-MS";"UOP04-DEL01-MS"
294889;2020-07-11;"sábado";"21:50:00";"PE";232;410,2;"SERRA TALHADA";"Ingestão de Álcool";"Colisão lateral";"Sem Vítimas";"Plena Noite";"Crescente";"Céu Claro";"Simples";"Reta";"Não";4;0;0;0;3;1;0;3;-7,98261841;-38,30039606;"SPRF-PE";"DEL04-PE";"UOP01-DEL04-PE"
294893;2020-07-11;"sábado";"21:25:00";"SP";116;109,3;"TAUBATE";"Falta de Atenção à Condução";"Colisão traseira";"Com Vítimas Feridas";"Plena Noite";"Crescente";"Céu Claro";"Dupla";"Reta";"Sim";3;0;0;1;1;1;1;3;-23,02871304;-45,54517097;"SPRF-SP";"DEL06-SP";"UOP01-DEL06-SP"
294909;2020-07-11;"sábado";"23:20:00";"PE";104;127;"PANELAS";"Condutor Dormindo";"Colisão com objeto estático";"Com Vítimas Feridas";"Plena Noite";"Crescente";"Chuva";"Simples";"Curva";"Não";1;0;1;0;0;0;1;1;-8,75797;-36,02649;"SPRF-PE";"DEL02-PE";"UOP01-DEL02-PE"
294922;2020-07-11;"sábado";"17:15:00";"RO";364;90;"VILHENA";"Velocidade Incompatível";"Capotamento";"Com Vítimas Feridas";"Pleno dia";"Decrescente";"Céu Claro";"Simples";"Reta";"Não";5;0;3;0;1;2;3;5;-12,36103512;-60,62575836;"SPRF-RO";"DEL04-RO";"UOP01-DEL04-RO"
294927;2020-07-11;"sábado";"22:30:00";"RS";386;101,2;"SAO JOSE DAS MISSOES";"Ingestão de Álcool";"Tombamento";"Com Vítimas Feridas";"Plena Noite";"Crescente";"Chuva";"Simples";"Curva";"Não";2;0;1;0;0;1;1;2;-27,763994;-53,09584;"SPRF-RS";"DEL08-RS";"UOP01-DEL08-RS"
294932;2020-07-11;"sábado";"22:05:00";"PR";277;594,4;"CASCAVEL";"Ultrapassagem Indevida";"Colisão frontal";"Com Vítimas Fatais";"Plena Noite";"Crescente";"Céu Claro";"Simples";"Reta;Aclive";"Sim";6;2;1;1;1;1;2;5;-24,97948402;-53,49552673;"SPRF-PR";"DEL04-PR";"UOP01-DEL04-PR"
294946;2020-07-12;"domingo";"03:10:00";"RN";101;168;"CANGUARETAMA";"Falta de Atenção à Condução";"Colisão traseira";"Com Vítimas Feridas";"Plena Noite";"Decrescente";"Garoa/Chuvisco";"Dupla";"Reta";"Não";2;0;0;1;1;0;1;2;-6,4325334;-35,11745067;"SPRF-RN";"DEL01-RN";"UOP01-DEL01-RN"
294960;2020-07-12;"domingo";"04:40:00";"MT";364;349,9;"SANTO ANTONIO DO LEVERGER";"Falta de Atenção à Condução";"Colisão traseira";"Com Vítimas Feridas";"Amanhecer";"Crescente";"Céu Claro";"Dupla";"Reta";"Não";3;0;2;0;0;3;2;5;-15,80502622;-55,5546431;"SPRF-MT";"DEL05-MT";"UOP02-DEL05-MT"
294968;2020-07-12;"domingo";"07:00:00";"RJ";40;109;"DUQUE DE CAXIAS";"Carga excessiva e/ou mal acondicionada";"Derramamento de carga";"Sem Vítimas";"Amanhecer";"Decrescente";"Sol";"Simples";"Curva";"Não";2;0;0;0;1;2;0;3;-22,67374628;-43,28638368;"SPRF-RJ";"DEL01-RJ";"UOP01-DEL01-RJ"
294979;2020-07-12;"domingo";"07:00:00";"MT";174;524;"COMODORO";"Ultrapassagem Indevida";"Colisão frontal";"Com Vítimas Feridas";"Pleno dia";"Crescente";"Céu Claro";"Simples";"Reta";"Não";3;0;1;0;1;4;1;6;-13,31942992;-59,87821127;"SPRF-MT";"DEL04-MT";"UOP01-DEL04-MT"
294988;2020-07-12;"domingo";"10:00:00";"MG";381;921;"CAMANDUCAIA";"Velocidade Incompatível";"Tombamento";"Com Vítimas Feridas";"Pleno dia";"Crescente";"Céu Claro";"Dupla";"Curva";"Não";2;0;1;0;0;1;1;2;-22,7680939;-46,20854399;"SPRF-MG";"DEL16-MG";"UOP03-DEL16-MG"
294997;2020-07-12;"domingo";"11:10:00";"PE";232;10;"JABOATAO DOS GUARARAPES";"Defeito Mecânico no Veículo";"Colisão com objeto em movimento";"Com Vítimas Feridas";"Pleno dia";"Decrescente";"Sol";"Dupla";"Reta";"Sim";2;0;1;0;1;0;1;2;-8,07917241;-34,98718609;"SPRF-PE";"DEL01-PE";"UOP01-DEL01-PE"
295012;2020-07-12;"domingo";"11:50:00";"PE";423;79;"JUCATI";"Restrição de Visibilidade";"Colisão transversal";"Sem Vítimas";"Pleno dia";"Crescente";"Céu Claro";"Simples";"Reta";"Sim";4;0;0;0;2;2;0;4;-8,75775101;-36,43052006;"SPRF-PE";"DEL03-PE";"UOP01-DEL03-PE"
295013;2020-07-12;"domingo";"12:40:00";"PR";163;43;"PRANCHITA";"Desobediência às normas de trânsito pelo condutor";"Colisão frontal";"Com Vítimas Fatais";"Pleno dia";"Crescente";"Céu Claro";"Simples";"Declive";"Não";3;1;1;0;0;2;1;4;-26,032026;-53,73488;"SPRF-PR";"DEL02-PR";"UOP02-DEL02-PR"
295016;2020-07-12;"domingo";"12:20:00";"MT";364;384;"SANTO ANTONIO DO LEVERGER";"Falta de Atenção à Condução";"Colisão traseira";"Com Vítimas Feridas";"Pleno dia";"Crescente";"Céu Claro";"Dupla";"Reta";"Não";3;0;0;1;1;4;1;6;-15,69943105;-55,84384918;"SPRF-MT";"DEL01-MT";"UOP02-DEL01-MT"
295018;2020-07-12;"domingo";"13:00:00";"ES";262;180,1;"IBATIBA";"Falta de Atenção à Condução";"Colisão lateral";"Sem Vítimas";"Pleno dia";"Decrescente";"Céu Claro";"Simples";"Reta";"Não";4;0;0;0;2;4;0;6;-20,29240904;-41,67002678;"SPRF-ES";"DEL01-ES";"UOP02-DEL01-ES"
295019;2020-07-12;"domingo";"13:35:00";"PR";369;146;"LONDRINA";"Falta de Atenção à Condução";"Colisão traseira";"Com Vítimas Feridas";"Pleno dia";"Crescente";"Céu Claro";"Dupla";"Reta";"Sim";2;0;1;0;1;0;1;2;-23,29350102;-51,10926211;"SPRF-PR";"DEL07-PR";"UOP01-DEL07-PR"
295021;2020-07-12;"domingo";"06:20:00";"PA";163;877;"BELTERRA";"Falta de Atenção à Condução";"Tombamento";"Com Vítimas Feridas";"Pleno dia";"Crescente";"Céu Claro";"Simples";"Curva";"Não";3;0;2;0;0;3;2;4;-3,42813499;-54,90900288;"SPRF-PA";"DEL05-PA";"UOP01-DEL05-PA"
295022;2020-07-12;"domingo";"14:20:00";"PR";376;218,5;"JANDAIA DO SUL";"Desobediência às normas de trânsito pelo condutor";"Colisão transversal";"Com Vítimas Feridas";"Pleno dia";"Decrescente";"Céu Claro";"Simples";"Interseção de Vias";"Sim";6;0;3;2;0;1;5;3;-23,59855;-51,62785;"SPRF-PR";"DEL07-PR";"UOP03-DEL07-PR"
295036;2020-07-12;"domingo";"16:00:00";"SC";470;37,5;"GASPAR";"Falta de Atenção do Pedestre";"Atropelamento de Pedestre";"Com Vítimas Fatais";"Pleno dia";"Decrescente";"Céu Claro";"Dupla";"Reta;Em Obras";"Sim";4;1;0;0;1;2;0;3;-26,912727;-48,978043;"SPRF-SC";"DEL04-SC";"UOP01-DEL04-SC"
295039;2020-07-12;"domingo";"16:10:00";"TO";153;238;"COLINAS DO TOCANTINS";"Falta de Atenção à Condução";"Colisão frontal";"Com Vítimas Feridas";"Pleno dia";"Decrescente";"Céu Claro";"Simples";"Declive;Reta";"Não";3;0;1;0;2;0;1;3;-7,97638399;-48,46415731;"SPRF-TO";"DEL02-TO";"UOP01-DEL02-TO"
295045;2020-07-12;"domingo";"17:15:00";"MG";251;451,4;"GRAO MOGOL";"Defeito Mecânico no Veículo";"Incêndio";"Sem Vítimas";"Pleno dia";"Decrescente";"Céu Claro";"Simples";"Declive";"Não";3;0;0;0;2;12;0;13;-16,41900232;-43,30798792;"SPRF-MG";"DEL12-MG";"UOP01-DEL12-MG"
295046;2020-07-12;"domingo";"15:10:00";"PI";343;260,9;"CAMPO MAIOR";"Desobediência às normas de trânsito pelo condutor";"Colisão transversal";"Com Vítimas Feridas";"Pleno dia";"Crescente";"Céu Claro";"Simples";"Reta";"Sim";3;0;0;1;1;2;1;4;-4,802398;-42,137829;"SPRF-PI";"DEL01-PI";"UOP03-DEL01-PI"
295062;2020-07-12;"domingo";"17:15:00";"MG";50;178;"UBERABA";"Velocidade Incompatível";"Tombamento";"Com Vítimas Feridas";"Pleno dia";"Decrescente";"Nublado";"Simples";"Curva";"Não";2;0;1;0;0;1;1;2;-19,77896821;-47,94093599;"SPRF-MG";"DEL13-MG";"UOP01-DEL13-MG"
295065;2020-07-12;"domingo";"15:45:00";"BA";242;600;"MUQUEM DE SAO FRANCISCO";"Ultrapassagem Indevida";"Colisão lateral";"Sem Vítimas";"Pleno dia";"Decrescente";"Céu Claro";"Simples";"Curva;Declive";"Não";3;0;0;0;2;1;0;3;-12,14195;-43,353506;"SPRF-BA";"DEL06-BA";"UOP03-DEL06-BA"
295070;2020-07-12;"domingo";"16:10:00";"RS";392;262,3;"CACAPAVA DO SUL";"Falta de Atenção à Condução";"Colisão traseira";"Com Vítimas Feridas";"Pleno dia";"Crescente";"Sol";"Simples";"Reta";"Não";5;0;2;0;2;3;2;5;-30,45893508;-53,48996935;"SPRF-RS";"DEL09-RS";"UOP02-DEL09-RS"
295074;2020-06-17;"quarta-feira";"20:00:00";"SP";153;274,4;"OCAUCU";"Defeito Mecânico no Veículo";"Tombamento";"Com Vítimas Feridas";"Plena Noite";"Decrescente";"Céu Claro";"Simples";"Curva;Declive";"Não";2;0;1;0;0;1;1;2;-22,3691264;-49,86385345;"SPRF-SP";"DEL07-SP";"UOP02-DEL07-SP"
295088;2020-07-12;"domingo";"20:00:00";"MG";116;612,9;"SAO JOAO DO MANHUACU";"Falta de Atenção à Condução";"Colisão frontal";"Com Vítimas Fatais";"Plena Noite";"Decrescente";"Céu Claro";"Simples";"Curva";"Não";3;1;0;0;1;1;0;3;-20,42881501;-42,16258798;"SPRF-MG";"DEL07-MG";"UOP03-DEL07-MG"
295103;2020-07-12;"domingo";"15:10:00";"MG";251;283,5;"SALINAS";"Falta de Atenção à Condução";"Colisão com objeto estático";"Com Vítimas Feridas";"Pleno dia";"Crescente";"Céu Claro";"Simples";"Reta";"Não";3;0;1;0;1;3;1;5;-16,03954626;-42,13592897;"SPRF-MG";"DEL11-MG";"UOP02-DEL11-MG"
295114;2020-07-12;"domingo";"17:00:00";"BA";101;194;"CONCEICAO DA FEIRA";"Desobediência às normas de trânsito pelo condutor";"Colisão frontal";"Com Vítimas Fatais";"Pleno dia";"Decrescente";"Céu Claro";"Simples";"Declive";"Não";8;3;2;1;1;1;3;4;-12,60123002;-39,003896;"SPRF-BA";"DEL01-BA";"UOP03-DEL01-BA"
295119;2020-07-12;"domingo";"20:20:00";"SC";282;245;"SAO JOSE DO CERRITO";"Velocidade Incompatível";"Tombamento";"Sem Vítimas";"Plena Noite";"Crescente";"Céu Claro";"Simples";"Curva";"Não";2;0;0;0;1;1;0;2;-27,729763;-50,52121;"SPRF-SC";"DEL05-SC";"UOP02-DEL05-SC"
295121;2020-07-12;"domingo";"19:20:00";"RO";364;302;"PRESIDENTE MEDICI";"Desobediência às normas de trânsito pelo condutor";"Colisão lateral";"Sem Vítimas";"Anoitecer";"Crescente";"Céu Claro";"Simples";"Reta";"Não";3;0;0;0;2;3;0;5;-11,226642;-61,90184;"SPRF-RO";"DEL02-RO";"UOP01-DEL02-RO"
295126;2020-07-12;"domingo";"22:30:00";"ES";101;242,5;"SERRA";"Ingestão de Álcool";"Colisão frontal";"Com Vítimas Feridas";"Plena Noite";"Crescente";"Céu Claro";"Dupla";"Reta";"Sim";2;0;1;0;1;0;1;2;-20,0321348;-40,39675773;"SPRF-ES";"DEL02-ES";"UOP01-DEL02-ES"
295128;2020-07-12;"domingo";"22:25:00";"MG";381;776,9;"CAMPANHA";"Condutor Dormindo";"Colisão traseira";"Com Vítimas Fatais";"Plena Noite";"Crescente";"Céu Claro";"Dupla";"Reta";"Não";4;1;1;0;1;2;1;4;-21,81543894;-45,49238809;"SPRF-MG";"DEL16-MG";"UOP02-DEL16-MG"
295131;2020-07-12;"domingo";"22:20:00";"PR";476;307,5;"SAO MATEUS DO SUL";"Ingestão de Álcool";"Colisão frontal";"Sem Vítimas";"Plena Noite";"Crescente";"Céu Claro";"Simples";"Reta";"Não";2;0;0;0;2;0;0;2;-26,01359513;-50,61779022;"SPRF-PR";"DEL02-PR";"UOP04-DEL02-PR"
295140;2020-07-13;"segunda-feira";"01:30:00";"RN";406;169;"SAO GONCALO DO AMARANTE";"Desobediência às normas de trânsito pelo condutor";"Colisão transversal";"Com Vítimas Feridas";"Pleno dia";"Decrescente";"Céu Claro";"Dupla";"Reta";"Sim";2;0;0;1;1;0;1;2;-5,75570118;-35,30728507;"SPRF-RN";"DEL02-RN";"UOP01-DEL02-RN"
295144;2020-06-15;"segunda-feira";"12:40:00";"PE";424;83,4;"GARANHUNS";"Velocidade Incompatível";"Saída de leito carroçável";"Com Vítimas Feridas";"Pleno dia";"Decrescente";"Chuva";"Simples";"Curva";"Não";2;0;0;2;0;0;2;1;-8,84593423;-36,52457016;"SPRF-PE";"DEL03-PE";"UOP01-DEL03-PE"
295149;2020-07-13;"segunda-feira";"05:45:00";"RS";285;219,8;"CASEIROS";"Defeito na Via";"Colisão frontal";"Com Vítimas Feridas";"Plena Noite";"Crescente";"Céu Claro";"Simples";"Reta";"Sim";3;0;0;1;1;1;1;3;-28,266254;-51,696014;"SPRF-RS";"DEL08-RS";"UOP05-DEL08-RS"
295150;2020-07-13;"segunda-feira";"04:40:00";"ES";101;400,7;"ITAPEMIRIM";"Falta de Atenção à Condução";"Saída de leito carroçável";"Com Vítimas Feridas";"Plena Noite";"Crescente";"Céu Claro";"Simples";"Reta";"Não";1;0;1;0;0;0;1;1;-20,88154434;-40,97435202;"SPRF-ES";"DEL03-ES";"UOP02-DEL03-ES"
295154;2020-07-13;"segunda-feira";"06:20:00";"SP";116;199;"ARUJA";"Desobediência às normas de trânsito pelo condutor";"Tombamento";"Com Vítimas Feridas";"Pleno dia";"Crescente";"Nublado";"Dupla";"Reta";"Sim";3;0;2;0;0;1;2;2;-23,400526;-46,305876;"SPRF-SP";"DEL01-SP";"UOP01-DEL01-SP"
295161;2020-07-13;"segunda-feira";"07:03:00";"DF";70;0;"BRASILIA";"Deficiência ou não Acionamento do Sistema de Iluminação/Sinalização do Veículo";"Colisão traseira";"Com Vítimas Feridas";"Pleno dia";"Decrescente";"Céu Claro";"Dupla";"Reta";"Sim";3;0;0;1;1;2;1;4;-15,792352;-48,054509;"SPRF-DF";"DEL03-DF";"UOP02-DEL03-DF"
295164;2020-07-13;"segunda-feira";"07:20:00";"BA";116;826;"VITORIA DA CONQUISTA";"Falta de Atenção à Condução";"Colisão lateral";"Com Vítimas Fatais";"Pleno dia";"Crescente";"Céu Claro";"Simples";"Reta";"Não";2;1;0;0;1;0;0;2;-14,8917169384;-40,8629272912;"SPRF-BA";"DEL08-BA";"UOP01-DEL08-BA"
295181;2020-07-13;"segunda-feira";"02:10:00";"BA";242;620;"MUQUEM DE SAO FRANCISCO";"Falta de Atenção à Condução";"Colisão lateral";"Sem Vítimas";"Plena Noite";"Crescente";"Céu Claro";"Simples";"Reta";"Não";6;0;0;0;5;1;0;3;-12,13389394;-43,33415251;"SPRF-BA";"DEL06-BA";"UOP03-DEL06-BA"
295183;2020-07-13;"segunda-feira";"08:23:00";"RS";392;122,2;"CANGUCU";"Falta de Atenção à Condução";"Colisão transversal";"Com Vítimas Feridas";"Pleno dia";"Decrescente";"Céu Claro";"Simples";"Reta;Interseção de Vias";"Não";3;0;0;1;1;1;1;3;-31,38660826;-52,70733133;"SPRF-RS";"DEL07-RS";"UOP01-DEL07-RS"
295189;2020-07-13;"segunda-feira";"08:30:00";"PR";116;12;"COLOMBO";"Falta de Atenção à Condução";"Colisão lateral";"Sem Vítimas";"Pleno dia";"Crescente";"Céu Claro";"Dupla";"Reta";"Sim";3;0;0;0;2;1;0;3;-25,3790845;-49,1580891;"SPRF-PR";"DEL01-PR";"UOP02-DEL01-PR"
295192;2020-07-13;"segunda-feira";"10:02:00";"PR";116;202,7;"RIO NEGRO";"Velocidade Incompatível";"Tombamento";"Com Vítimas Feridas";"Pleno dia";"Decrescente";"Céu Claro";"Simples";"Curva";"Não";2;0;1;0;0;1;1;2;-26,06953463;-49,73170638;"SPRF-SC";"DEL06-SC";"UOP01-DEL06-SC"