"id";"data_inversa";"dia_semana";"horario";"uf";"br";"km";"municipio";"causa_acidente";"tipo_acidente";"classificacao_acidente";"fase_dia";"sentido_via";"condicao_metereologica";"tipo_pista";"tracado_via";"uso_solo";"pessoas";"mortos";"feridos_leves";"feridos_graves";"ilesos";"ignorados";"feridos";"veiculos";"latitude";"longitude";"regional";"delegacia";"uop"
295196;2020-07-13;"segunda-feira";"06:30:00";"MS";262;129,4;"AGUA CLARA";"Defeito Mecânico no Veículo";"Saída de leito carroçável";"Com Vítimas Feridas";"Pleno dia";"Decrescente";"Céu Claro";"Simples";"Reta";"Não";1;0;1;0;0;0;1;1;-20,49058321;-52,75785404;"SPRF-MS";"DEL07-MS";"UOP02-DEL07-MS"
295200;2020-07-13;"segunda-feira";"10:20:00";"BA";116;852,7;"VITORIA DA CONQUISTA";"Mal Súbito";"Tombamento";"Com Vítimas Feridas";"Pleno dia";"Crescente";"Céu Claro";"Simples";"Declive";"Não";2;0;1;0;0;1;1;2;-15,00472006;-40,93943486;"SPRF-BA";"DEL08-BA";"UOP01-DEL08-BA"
295204;2020-01-07;"terça-feira";"07:15:00";"SC";280;221,1;"TRES BARRAS";"Velocidade Incompatível";"Tombamento";"Sem Vítimas";"Pleno dia";"Decrescente";"Sol";"Simples";"Interseção de Vias";"Não";2;0;0;0;1;1;0;2;-26,1727133;-50,2712059;"SPRF-SC";"DEL06-SC";"UOP04-DEL06-SC"
295209;2020-07-13;"segunda-feira";"11:45:00";"PR";376;445,5;"TIBAGI";"Velocidade Incompatível";"Capotamento";"Com Vítimas Feridas";"Pleno dia";"Crescente";"Sol";"Dupla";"Curva";"Não";2;0;1;0;0;1;1;2;-24,84882402;-50,47325134;"SPRF-PR";"DEL03-PR";"UOP02-DEL03-PR"
295213;2020-07-13;"segunda-feira";"10:45:00";"MT";364;202,9;"RONDONOPOLIS";"Defeito Mecânico no Veículo";"Colisão com objeto estático";"Sem Vítimas";"Pleno dia";"Decrescente";"Céu Claro";"Dupla";"Reta";"Sim";1;0;0;0;1;0;0;1;-16,48347324;-54,64970354;"SPRF-MT";"DEL02-MT";"UOP01-DEL02-MT"
295223;2020-07-13;"segunda-feira";"08:45:00";"PR";153;457;"UNIAO DA VITORIA";"Defeito Mecânico no Veículo";"Colisão lateral";"Com Vítimas Feridas";"Pleno dia";"Decrescente";"Céu Claro";"Simples";"Ponte";"Não";3;0;1;0;1;1;1;3;-26,21351298;-51,12745285;"SPRF-PR";"DEL02-PR";"UOP03-DEL02-PR"
295224;2020-07-13;"segunda-feira";"13:30:00";"DF";40;0;"BRASILIA";"Velocidade Incompatível";"Derramamento de carga";"Sem Vítimas";"Pleno dia";"Crescente";"Céu Claro";"Simples";"Viaduto";"Não";2;0;0;0;2;0;0;2;-15,976897;-47,990129;"SPRF-DF";"DEL01-DF";"UOP01-DEL01-DF"
295232;2020-07-13;"segunda-feira";"12:50:00";"RS";116;337,1;"BARRA DO RIBEIRO";"Ultrapassagem Indevida";"Colisão lateral";"Sem Vítimas";"Pleno dia";"Crescente";"Céu Claro";"Simples";"Reta";"Sim";3;0;0;0;1;3;0;4;-30,43086668;-51,47405924;"SPRF-RS";"DEL02-RS";"UOP02-DEL02-RS"
295238;2020-07-13;"segunda-feira";"10:02:00";"GO";153;34;"PORANGATU";"Não guardar distância de segurança";"Saída de leito carroçável";"Com Vítimas Feridas";"Pleno dia";"Crescente";"Céu Claro";"Simples";"Reta;Aclive";"Não";3;0;2;0;0;1;2;2;-13,103455;-49,199181;"SPRF-GO";"DEL07-GO";"UOP01-DEL07-GO"
295252;2020-07-13;"segunda-feira";"15:30:00";"RS";290;99;"PORTO ALEGRE";"Falta de Atenção à Condução";"Colisão traseira";"Sem Vítimas";"Pleno dia";"Crescente";"Sol";"Simples";"Reta";"Não";2;0;0;0;2;0;0;2;-29,991756;-51,22699;"SPRF-RS";"DEL01-RS";"UOP01-DEL01-RS"
295256;2020-07-13;"segunda-feira";"15:10:00";"RJ";40;21;"TRES RIOS";"Velocidade Incompatível";"Tombamento";"Com Vítimas Feridas";"Pleno dia";"Decrescente";"Sol";"Simples";"Curva";"Não";1;0;1;0;0;0;1;1;-22,11423526;-43,15858581;"SPRF-RJ";"DEL05-RJ";"UOP02-DEL05-RJ"
295261;2020-07-13;"segunda-feira";"16:20:00";"MS";158;251,8;"TRES LAGOAS";"Defeito Mecânico no Veículo";"Incêndio";"Sem Vítimas";"Pleno dia";"Decrescente";"Céu Claro";"Simples";"Reta";"Não";2;0;0;0;1;2;0;3;-20,659103;-51,795643;"SPRF-MS";"DEL07-MS";"UOP01-DEL07-MS"
295262;2020-07-13;"segunda-feira";"11:30:00";"RS";290;198;"RIO PARDO";"Ingestão de Álcool";"Tombamento";"Com Vítimas Feridas";"Pleno dia";"Decrescente";"Céu Claro";"Simples";"Aclive";"Não";2;0;1;0;0;1;1;2;-30,16926;-52,196026;"SPRF-RS";"DEL02-RS";"UOP03-DEL02-RS"
295265;2020-07-13;"segunda-feira";"15:30:00";"MG";116;223,1;"CATUJI";"Velocidade Incompatível";"Colisão com objeto estático";"Com Vítimas Feridas";"Pleno dia";"Decrescente";"Sol";"Simples";"Curva;Declive";"Não";1;0;1;0;0;0;1;1;-17,431989;-41,514964;"SPRF-MG";"DEL11-MG";"UOP01-DEL11-MG"
295268;2020-07-13;"segunda-feira";"17:50:00";"SC";470;170,1;"POUSO REDONDO";"Desobediência às normas de trânsito pelo condutor";"Colisão transversal";"Com Vítimas Feridas";"Plena Noite";"Decrescente";"Nublado";"Simples";"Reta";"Não";2;0;1;0;1;0;1;2;-27,265903;-49,892441;"SPRF-SC";"DEL04-SC";"UOP02-DEL04-SC"
295275;2020-07-13;"segunda-feira";"18:15:00";"RS";0;0;"CAXIAS DO SUL";"Falta de Atenção à Condução";"Colisão com objeto estático";"Sem Vítimas";"Plena Noite";"Não Informado";"Céu Claro";"Simples";"Curva";"Sim";3;0;0;0;1;2;0;3;-29,1825899;-51,16604447;"SPRF-RS";"DEL05-RS";"UOP01-DEL05-RS"
295277;2020-07-13;"segunda-feira";"09:00:00";"MA";10;253,2;"IMPERATRIZ";"Defeito Mecânico no Veículo";"Colisão com objeto estático";"Sem Vítimas";"Pleno dia";"Crescente";"Céu Claro";"Simples";"Reta;Declive";"Não";4;0;0;0;3;1;0;2;-5,52681791;-47,4715215;"SPRF-MA";"DEL04-MA";"UOP01-DEL04-MA"
295282;2020-07-13;"segunda-feira";"19:45:00";"PR";158;533;"PATO BRANCO";"Ingestão de Álcool";"Engavetamento";"Com Vítimas Feridas";"Plena Noite";"Decrescente";"Céu Claro";"Simples";"Declive;Interseção de Vias";"Sim";6;0;1;1;3;1;2;4;-26,22102057;-52,68412113;"SPRF-PR";"DEL02-PR";"UOP01-DEL02-PR"
295283;2020-07-13;"segunda-feira";"18:35:00";"SP";116;344,4;"MIRACATU";"Falta de Atenção à Condução";"Colisão traseira";"Sem Vítimas";"Plena Noite";"Decrescente";"Garoa/Chuvisco";"Dupla";"Aclive;Reta";"Não";3;0;0;0;2;2;0;4;-24,03220842;-47,18143355;"SPRF-SP";"DEL04-SP";"UOP02-DEL04-SP"
295284;2020-07-13;"segunda-feira";"19:15:00";"RS";158;262;"JULIO DE CASTILHOS";"Falta de Atenção à Condução";"Saída de leito carroçável";"Com Vítimas Feridas";"Plena Noite";"Crescente";"Céu Claro";"Simples";"Reta";"Não";2;0;0;1;0;2;1;3;-29,22145708;-53,66974727;"SPRF-RS";"DEL10-RS";"UOP02-DEL10-RS"
295286;2020-07-13;"segunda-feira";"19:20:00";"MT";163;114,1;"RONDONOPOLIS";"Desobediência às normas de trânsito pelo condutor";"Colisão frontal";"Com Vítimas Fatais";"Plena Noite";"Crescente";"Nublado";"Dupla";"Reta";"Não";3;1;0;0;1;1;0;3;-16,54595325;-54,67086252;"SPRF-MT";"DEL02-MT";"UOP01-DEL02-MT"
295288;2020-07-13;"segunda-feira";"20:20:00";"GO";50;172,2;"CAMPO ALEGRE DE GOIAS";"Condutor Dormindo";"Saída de leito carroçável";"Com Vítimas Feridas";"Plena Noite";"Decrescente";"Ignorado";"Dupla";"Reta";"Não";2;0;1;0;0;1;1;2;-17,3441;-47,791;"SPRF-GO";"DEL06-GO";"UOP01-DEL06-GO"
295290;2020-07-13;"segunda-feira";"19:15:00";"PE";101;84;"JABOATAO DOS GUARARAPES";"Não guardar distância de segurança";"Tombamento";"Com Vítimas Feridas";"Plena Noite";"Crescente";"Céu Claro";"Dupla";"Curva";"Sim";3;0;2;0;1;0;2;1;-8,177631;-34,952876;"SPRF-PE";"DEL01-PE";"UOP03-DEL01-PE"
295291;2020-07-13;"segunda-feira";"19:50:00";"RO";364;376;"OURO PRETO DO OESTE";"Falta de Atenção à Condução";"Colisão lateral";"Sem Vítimas";"Anoitecer";"Decrescente";"Céu Claro";"Simples";"Curva;Aclive";"Não";3;0;0;0;2;3;0;5;-10,73873806;-62,22637307;"SPRF-RO";"DEL02-RO";"UOP01-DEL02-RO"
295294;2020-07-13;"segunda-feira";"18:30:00";"SC";282;531,5;"CORDILHEIRA ALTA";"Desobediência às normas de trânsito pelo condutor";"Colisão traseira";"Com Vítimas Feridas";"Plena Noite";"Crescente";"Chuva";"Simples";"Reta";"Sim";3;0;2;0;1;0;2;2;-26,990747;-52,609776;"SPRF-SC";"DEL07-SC";"UOP01-DEL07-SC"
295295;2020-07-13;"segunda-feira";"21:30:00";"SP";116;509;"CAJATI";"Velocidade Incompatível";"Colisão com objeto estático";"Com Vítimas Feridas";"Plena Noite";"Crescente";"Garoa/Chuvisco";"Simples";"Aclive;Curva";"Não";2;0;0;1;0;1;1;2;-24,82178987;-48,21419034;"SPRF-SP";"DEL05-SP";"UOP02-DEL05-SP"
295298;2020-06-25;"quinta-feira";"13:00:00";"SC";116;107,5;"MONTE CASTELO";"Velocidade Incompatível";"Tombamento";"Sem Vítimas";"Pleno dia";"Crescente";"Garoa/Chuvisco";"Simples";"Declive";"Não";2;0;0;0;1;2;0;3;-26,75568818;-50,32812388;"SPRF-SC";"DEL06-SC";"UOP02-DEL06-SC"
295299;2020-07-13;"segunda-feira";"19:00:00";"BA";242;544;"OLIVEIRA DOS BREJINHOS";"Não guardar distância de segurança";"Colisão traseira";"Com Vítimas Feridas";"Plena Noite";"Decrescente";"Céu Claro";"Simples";"Reta";"Não";4;0;3;0;0;1;3;2;-12,069199;-42,955616;"SPRF-BA";"DEL06-BA";"UOP03-DEL06-BA"
295302;2020-07-13;"segunda-feira";"22:00:00";"BA";407;105;"JAGUARARI";"Velocidade Incompatível";"Colisão frontal";"Com Vítimas Fatais";"Plena Noite";"Decrescente";"Nublado";"Simples";"Curva";"Não";5;1;0;0;3;1;0;4;-10,28895105;-40,17156628;"SPRF-BA";"DEL04-BA";"UOP01-DEL04-BA"
295305;2020-07-13;"segunda-feira";"23:30:00";"MG";381;683,1;"PERDOES";"Velocidade Incompatível";"Colisão traseira";"Com Vítimas Feridas";"Plena Noite";"Decrescente";"Céu Claro";"Dupla";"Reta";"Não";3;0;1;0;1;2;1;4;-21,17656293;-45,12506072;"SPRF-MG";"DEL04-MG";"UOP02-DEL04-MG"
295306;2020-07-13;"segunda-feira";"23:20:00";"BA";101;884,9;"IBIRAPUA";"Desobediência às normas de trânsito pelo condutor";"Saída de leito carroçável";"Com Vítimas Feridas";"Plena Noite";"Decrescente";"Céu Claro";"Simples";"Curva";"Não";2;0;0;1;0;1;1;2;-17,79839296;-39,78177014;"SPRF-BA";"DEL09-BA";"UOP02-DEL09-BA"
295311;2020-07-13;"segunda-feira";"23:05:00";"PI";316;310,3;"PICOS";"Desobediência às normas de trânsito pelo pedestre";"Atropelamento de Pedestre";"Com Vítimas Fatais";"Plena Noite";"Decrescente";"Céu Claro";"Simples";"Reta";"Sim";2;1;0;0;0;1;0;2;-7,07639186;-41,47475001;"SPRF-PI";"DEL04-PI";"UOP01-DEL04-PI"
295315;2020-07-14;"terça-feira";"02:00:00";"SP";116;133;"CACAPAVA";"Falta de Atenção à Condução";"Colisão lateral";"Sem Vítimas";"Plena Noite";"Decrescente";"Céu Claro";"Dupla";"Reta";"Sim";3;0;0;0;2;1;0;3;-23,1359564;-45,7532708;"SPRF-SP";"DEL06-SP";"UOP01-DEL06-SP"
295316;2020-07-14;"terça-feira";"01:15:00";"PR";116;58,3;"CAMPINA GRANDE DO SUL";"Falta de Atenção à Condução";"Colisão com objeto estático";"Sem Vítimas";"Plena Noite";"Crescente";"Chuva";"Dupla";"Declive";"Não";1;0;0;0;1;0;0;1;-25,303564;-48,94415;"SPRF-PR";"DEL01-PR";"UOP02-DEL01-PR"
295317;2020-07-13;"segunda-feira";"23:15:00";"GO";70;437;"ARAGARCAS";"Agressão Externa";"Saída de leito carroçável";"Com Vítimas Feridas";"Plena Noite";"Crescente";"Céu Claro";"Simples";"Reta";"Não";2;0;1;0;0;2;1;3;-15,90505686;-51,95406139;"SPRF-GO";"DEL04-GO";"UOP01-DEL04-GO"
295318;2020-07-14;"terça-feira";"01:30:00";"PR";376;1;"MARINGA";"Não guardar distância de segurança";"Colisão traseira";"Sem Vítimas";"Plena Noite";"Decrescente";"Céu Claro";"Dupla";"Reta";"Sim";4;0;0;0;3;1;0;4;-23,40622089;-51,98459029;"SPRF-PR";"DEL09-PR";"UOP01-DEL09-PR"
295319;2020-07-14;"terça-feira";"03:20:00";"PR";116;24;"ANTONINA";"Defeito Mecânico no Veículo";"Incêndio";"Sem Vítimas";"Plena Noite";"Decrescente";"Garoa/Chuvisco";"Dupla";"Reta";"Não";2;0;0;0;1;1;0;2;-25,112223;-48,767166;"SPRF-PR";"DEL01-PR";"UOP02-DEL01-PR"
295326;2020-07-14;"terça-feira";"04:45:00";"PI";343;233;"COCAL DE TELHA";"Desobediência às normas de trânsito pelo condutor";"Colisão lateral";"Com Vítimas Fatais";"Plena Noite";"Crescente";"Céu Claro";"Simples";"Curva";"Não";2;1;0;0;1;0;0;2;-4,61827;-42,00446;"SPRF-PI";"DEL01-PI";"UOP03-DEL01-PI"
295328;2020-07-14;"terça-feira";"05:30:00";"SP";116;84,6;"PINDAMONHANGABA";"Desobediência às normas de trânsito pelo condutor";"Colisão frontal";"Com Vítimas Fatais";"Plena Noite";"Crescente";"Céu Claro";"Dupla";"Reta";"Não";3;1;0;0;1;1;0;3;-22,91777173;-45,33596814;"SPRF-SP";"DEL06-SP";"UOP01-DEL06-SP"
295329;2020-07-14;"terça-feira";"06:10:00";"RS";472;548;"URUGUAIANA";"Condutor Dormindo";"Atropelamento de Pedestre";"Com Vítimas Fatais";"Plena Noite";"Crescente";"Céu Claro";"Simples";"Reta";"Não";3;2;0;0;1;0;0;3;-29,5565333;-56,84791967;"SPRF-RS";"DEL13-RS";"UOP01-DEL13-RS"
295339;2020-07-14;"terça-feira";"07:15:00";"RN";304;190;"LAJES";"Falta de Atenção à Condução";"Tombamento";"Com Vítimas Feridas";"Pleno dia";"Decrescente";"Céu Claro";"Dupla";"Reta";"Sim";2;0;1;0;1;0;1;1;-5,70432632;-36,25134719;"SPRF-RN";"DEL01-RN";"UOP03-DEL01-RN"
295341;2020-07-14;"terça-feira";"07:20:00";"ES";101;137;"LINHARES";"Ultrapassagem Indevida";"Colisão frontal";"Com Vítimas Feridas";"Pleno dia";"Crescente";"Sol";"Simples";"Reta";"Não";5;0;1;0;3;1;1;5;-19,30186109;-40,08371726;"SPRF-ES";"DEL04-ES";"UOP01-DEL04-ES"
295345;2020-07-14;"terça-feira";"06:50:00";"MG";40;415,2;"CURVELO";"Velocidade Incompatível";"Colisão lateral";"Com Vítimas Feridas";"Pleno dia";"Decrescente";"Céu Claro";"Simples";"Reta";"Não";12;0;9;1;2;0;10;2;-19,14497555;-44,60882653;"SPRF-MG";"DEL02-MG";"UOP01-DEL02-MG"
295362;2020-07-14;"terça-feira";"08:05:00";"MT";70;380;"CAMPO VERDE";"Desobediência às normas de trânsito pelo condutor";"Colisão transversal";"Com Vítimas Fatais";"Pleno dia";"Decrescente";"Céu Claro";"Múltipla";"Reta";"Sim";3;1;0;0;1;1;0;3;-15,547426;-55,16122883;"SPRF-MT";"DEL05-MT";"UOP02-DEL05-MT"
295371;2020-07-14;"terça-feira";"10:00:00";"GO";153;439;"ANAPOLIS";"Ingestão de Álcool";"Colisão com objeto estático";"Sem Vítimas";"Pleno dia";"Crescente";"Céu Claro";"Dupla";"Viaduto";"Sim";2;0;0;0;1;1;0;2;-16,298529;-48,928207;"SPRF-GO";"DEL02-GO";"UOP01-DEL02-GO"
295372;2020-07-14;"terça-feira";"10:30:00";"RJ";116;189;"QUEIMADOS";"Defeito Mecânico no Veículo";"Incêndio";"Sem Vítimas";"Pleno dia";"Decrescente";"Céu Claro";"Dupla";"Reta";"Sim";1;0;0;0;1;0;0;1;-22,73765712;-43,49182298;"SPRF-RJ";"DEL01-RJ";"UOP02-DEL01-RJ"
295375;2020-07-14;"terça-feira";"11:20:00";"GO";60;407,8;"RIO VERDE";"Ultrapassagem Indevida";"Saída de leito carroçável";"Sem Vítimas";"Pleno dia";"Decrescente";"Céu Claro";"Dupla";"Declive";"Não";2;0;0;0;1;2;0;3;-17,8159;-51,1182;"SPRF-GO";"DEL04-GO";"UOP01-DEL04-GO"
295383;2020-07-14;"terça-feira";"12:40:00";"MG";146;601,1;"POCOS DE CALDAS";"Velocidade Incompatível";"Tombamento";"Com Vítimas Fatais";"Pleno dia";"Decrescente";"Céu Claro";"Simples";"Declive;Curva";"Não";5;1;0;2;2;0;2;3;-21,77667492;-46,43301213;"SPRF-MG";"DEL09-MG";"UOP01-DEL09-MG"
295396;2020-07-14;"terça-feira";"13:15:00";"RS";116;210,5;"MORRO REUTER";"Desobediência às normas de trânsito pelo condutor";"Colisão lateral";"Com Vítimas Feridas";"Pleno dia";"Crescente";"Sol";"Simples";"Curva";"Não";4;0;2;0;2;0;2;2;-29,50599374;-51,0997709;"SPRF-RS";"DEL05-RS";"UOP02-DEL05-RS"
295397;2020-06-26;"sexta-feira";"21:53:00";"MT";364;879;"CAMPO NOVO DO PARECIS";"Falta de Atenção à Condução";"Colisão com objeto estático";"Com Vítimas Feridas";"Plena Noite";"Crescente";"Céu Claro";"Dupla";"Reta";"Sim";3;0;1;0;0;4;1;5;-13,74441402;-57,89579773;"SPRF-MT";"DEL01-MT";"UOP01-DEL01-MT"
295407;2020-07-14;"terça-feira";"16:00:00";"ES";101;255;"SERRA";"Não guardar distância de segurança";"Colisão traseira";"Com Vítimas Feridas";"Pleno dia";"Crescente";"Céu Claro";"Dupla";"Reta";"Sim";2;0;1;0;1;0;1;2;-20,11487935;-40,31943619;"SPRF-ES";"DEL02-ES";"UOP01-DEL02-ES"
295416;2020-07-14;"terça-feira";"16:40:00";"RJ";116;278;"BARRA MANSA";"Não guardar distância de segurança";"Colisão traseira";"Com Vítimas Feridas";"Anoitecer";"Decrescente";"Céu Claro";"Dupla";"Curva";"Não";5;0;2;0;2;1;2;3;-22,55271018;-44,17778004;"SPRF-RJ";"DEL07-RJ";"UOP02-DEL07-RJ"
295417;2020-07-14;"terça-feira";"16:37:00";"RJ";465;12;"SEROPEDICA";"Falta de Atenção à Condução";"Colisão lateral";"Sem Vítimas";"Anoitecer";"Decrescente";"Garoa/Chuvisco";"Simples";"Reta";"Não";3;0;0;0;2;1;0;2;-22,791252;-43,651257;"SPRF-RJ";"DEL01-RJ";"UOP03-DEL01-RJ"
295418;2020-07-14;"terça-feira";"16:45:00";"MG";40;567;"NOVA LIMA";"Falta de Atenção à Condução";"Colisão traseira";"Sem Vítimas";"Pleno dia";"Decrescente";"Céu Claro";"Simples";"Declive;Reta";"Não";2;0;0;0;2;0;0;2;-20,18749199;-43,96845002;"SPRF-MG";"DEL01-MG";"UOP02-DEL01-MG"
295421;2020-07-14;"terça-feira";"13:40:00";"AC";364;112;"RIO BRANCO";"Desobediência às normas de trânsito pelo condutor";"Colisão traseira";"Com Vítimas Feridas";"Pleno dia";"Crescente";"Chuva";"Simples";"Aclive";"Sim";5;0;2;1;1;1;3;4;-10,0136782;-67,683134;"SPRF-AC";"DEL01-AC";"UOP01-DEL01-AC"
295423;2020-07-14;"terça-feira";"17:30:00";"PA";316;105;"SANTA MARIA DO PARA";"Falta de Atenção à Condução";"Colisão transversal";"Com Vítimas Feridas";"Anoitecer";"Crescente";"Céu Claro";"Simples";"Curva";"Sim";2;0;0;1;1;0;1;2;-1,34122377;-47,56882496;"SPRF-PA";"DEL01-PA";"UOP02-DEL01-PA"
295426;2020-07-14;"terça-feira";"16:49:00";"SC";282;523,9;"XAXIM";"Falta de Atenção à Condução";"Tombamento";"Com Vítimas Feridas";"Pleno dia";"Decrescente";"Sol";"Simples";"Curva";"Não";2;0;0;1;0;1;1;2;-26,963129;-52,548851;"SPRF-SC";"DEL07-SC";"UOP01-DEL07-SC"
295427;2020-07-14;"terça-feira";"16:00:00";"MT";163;749;"SORRISO";"Falta de Atenção à Condução";"Colisão traseira";"Com Vítimas Feridas";"Pleno dia";"Decrescente";"Céu Claro";"Dupla";"Reta";"Sim";2;0;1;0;0;1;1;2;-12,68056718;-55,79601858;"SPRF-MT";"DEL06-MT";"UOP01-DEL06-MT"
295428;2020-07-14;"terça-feira";"16:00:00";"PR";277;200;"PALMEIRA";"Velocidade Incompatível";"Tombamento";"Com Vítimas Feridas";"Pleno dia";"Crescente";"Sol";"Simples";"Curva;Declive";"Não";3;0;1;0;1;3;1;5;-25,45398513;-50,20300993;"SPRF-PR";"DEL03-PR";"UOP03-DEL03-PR"
295436;2020-07-14;"terça-feira";"16:00:00";"MG";381;317,9;"NOVA ERA";"Sinalização da via insuficiente ou inadequada";"Colisão frontal";"Com Vítimas Feridas";"Anoitecer";"Decrescente";"Céu Claro";"Simples";"Declive";"Não";5;0;1;1;1;3;2;5;-19,67396905;-42,97385931;"SPRF-MG";"DEL03-MG";"UOP02-DEL03-MG"
295437;2020-07-01;"quarta-feira";"10:15:00";"PI";407;467;"JAICOS";"Desobediência às normas de trânsito pelo pedestre";"Atropelamento de Pedestre";"Com Vítimas Fatais";"Pleno dia";"Crescente";"Sol";"Simples";"Reta";"Sim";3;1;0;0;1;1;0;3;-7,34705885;-41,14454971;"SPRF-PI";"DEL04-PI";"UOP01-DEL04-PI"
295440;2020-07-14;"terça-feira";"17:07:00";"PA";316;77;"SAO FRANCISCO DO PARA";"Falta de Atenção à Condução";"Colisão lateral";"Com Vítimas Feridas";"Pleno dia";"Decrescente";"Céu Claro";"Simples";"Reta";"Não";2;0;1;0;1;0;1;2;-1,30223447;-47,80628622;"SPRF-PA";"DEL01-PA";"UOP01-DEL01-PA"
295443;2020-07-14;"terça-feira";"19:20:00";"RJ";116;207;"SEROPEDICA";"Defeito Mecânico no Veículo";"Incêndio";"Sem Vítimas";"Plena Noite";"Decrescente";"Chuva";"Dupla";"Reta";"Sim";3;0;0;0;3;0;0;1;-22,71570671;-43,72524261;"SPRF-RJ";"DEL01-RJ";"UOP03-DEL01-RJ"
295444;2020-07-14;"terça-feira";"19:15:00";"RS";471;532,8;"RIO GRANDE";"Desobediência às normas de trânsito pelo condutor";"Colisão frontal";"Com Vítimas Feridas";"Plena Noite";"Decrescente";"Céu Claro";"Simples";"Reta";"Não";3;0;1;0;1;1;1;3;-32,663261;-52,589748;"SPRF-RS";"DEL07-RS";"UOP02-DEL07-RS"
295445;2020-07-14;"terça-feira";"12:30:00";"CE";304;39,9;"ARACATI";"Agressão Externa";"Queda de ocupante de veículo";"Com Vítimas Feridas";"Pleno dia";"Decrescente";"Céu Claro";"Simples";"Reta";"Não";2;0;1;0;0;1;1;2;-4,58004867;-37,86052099;"SPRF-CE";"DEL03-CE";"UOP03-DEL03-CE"
295447;2020-07-14;"terça-feira";"19:10:00";"MG";40;601,9;"CONGONHAS";"Desobediência às normas de trânsito pelo condutor";"Saída de leito carroçável";"Com Vítimas Fatais";"Plena Noite";"Crescente";"Céu Claro";"Simples";"Reta";"Sim";2;1;0;0;0;1;0;2;-20,43153322;-43,85435616;"SPRF-MG";"DEL05-MG";"UOP02-DEL05-MG"
295448;2020-07-14;"terça-feira";"20:10:00";"SC";282;17;"PALHOCA";"Falta de Atenção à Condução";"Colisão lateral";"Com Vítimas Feridas";"Plena Noite";"Crescente";"Céu Claro";"Simples";"Reta";"Sim";2;0;1;0;1;0;1;2;-27,665707;-48,688065;"SPRF-SC";"DEL01-SC";"UOP02-DEL01-SC"
295449;2020-07-14;"terça-feira";"18:30:00";"SC";101;436,7;"SOMBRIO";"Não guardar distância de segurança";"Colisão com objeto estático";"Com Vítimas Feridas";"Anoitecer";"Crescente";"Céu Claro";"Múltipla";"Curva";"Sim";5;0;2;0;1;2;2;4;-29,12087162;-49,64252125;"SPRF-SC";"DEL02-SC";"UOP02-DEL02-SC"
295450;2020-06-24;"quarta-feira";"10:20:00";"RS";392;174,6;"PIRATINI";"Mal Súbito";"Colisão com objeto estático";"Com Vítimas Feridas";"Pleno dia";"Crescente";"Céu Claro";"Simples";"Reta";"Não";2;0;1;0;0;1;1;2;-31,03620207;-53,03004706;"SPRF-RS";"DEL07-RS";"UOP01-DEL07-RS"
295451;2020-07-14;"terça-feira";"16:30:00";"RS";285;64;"BOM JESUS";"Não guardar distância de segurança";"Queda de ocupante de veículo";"Com Vítimas Feridas";"Pleno dia";"Decrescente";"Céu Claro";"Simples";"Curva";"Não";2;0;1;0;1;0;1;2;-28,646387;-50,453144;"SPRF-RS";"DEL05-RS";"UOP03-DEL05-RS"
295452;2020-07-14;"terça-feira";"20:00:00";"PE";232;223,8;"PESQUEIRA";"Velocidade Incompatível";"Saída de leito carroçável";"Com Vítimas Feridas";"Plena Noite";"Crescente";"Céu Claro";"Simples";"Curva";"Não";2;0;0;1;0;1;1;2;-8,40436455;-36,81023008;"SPRF-PE";"DEL03-PE";"UOP02-DEL03-PE"
295453;2020-07-14;"terça-feira";"05:00:00";"MA";222;541;"BOM JESUS DAS SELVAS";"Falta de Atenção à Condução";"Saída de leito carroçável";"Com Vítimas Fatais";"Amanhecer";"Decrescente";"Céu Claro";"Simples";"Curva";"Não";3;2;0;1;0;0;1;1;-4,31053534;-46,56981113;"SPRF-MA";"DEL04-MA";"UOP03-DEL04-MA"
295454;2020-07-14;"terça-feira";"17:45:00";"MT";163;751;"SORRISO";"Desobediência às normas de trânsito pelo condutor";"Colisão traseira";"Com Vítimas Feridas";"Anoitecer";"Crescente";"Céu Claro";"Dupla";"Reta";"Sim";5;0;1;0;2;2;1;3;-12,66324288;-55,79151748;"SPRF-MT";"DEL06-MT";"UOP01-DEL06-MT"
295462;2020-07-14;"terça-feira";"21:15:00";"MG";251;449,8;"GRAO MOGOL";"Velocidade Incompatível";"Tombamento";"Com Vítimas Feridas";"Plena Noite";"Decrescente";"Céu Claro";"Simples";"Curva;Declive";"Não";3;0;2;0;0;1;2;2;-16,420528;-43,28967;"SPRF-MG";"DEL12-MG";"UOP01-DEL12-MG"
295464;2020-07-14;"terça-feira";"19:40:00";"SC";116;4,5;"MAFRA";"Desobediência às normas de trânsito pelo condutor";"Colisão lateral";"Com Vítimas Feridas";"Plena Noite";"Decrescente";"Céu Claro";"Simples";"Interseção de Vias";"Sim";4;0;1;0;2;1;1;4;-26,13554917;-49,8072652;"SPRF-SC";"DEL06-SC";"UOP01-DEL06-SC"