"id";"data_inversa";"dia_semana";"horario";"uf";"br";"km";"municipio";"causa_acidente";"tipo_acidente";"classificacao_acidente";"fase_dia";"sentido_via";"condicao_metereologica";"tipo_pista";"tracado_via";"uso_solo";"pessoas";"mortos";"feridos_leves";"feridos_graves";"ilesos";"ignorados";"feridos";"veiculos";"latitude";"longitude";"regional";"delegacia";"uop"
295467;2020-07-14;"terça-feira";"19:00:00";"MS";158;89,5;"PARANAIBA";"Falta de Atenção à Condução";"Saída de leito carroçável";"Com Vítimas Feridas";"Plena Noite";"Decrescente";"Céu Claro";"Simples";"Reta";"Não";5;0;1;0;0;5;1;4;-19,63861994;-51,20871078;"SPRF-MS";"DEL08-MS";"UOP01-DEL08-MS"
295470;2020-07-14;"terça-feira";"20:50:00";"PE";232;260,6;"ARCOVERDE";"Animais na Pista";"Atropelamento de Animal";"Sem Vítimas";"Plena Noite";"Decrescente";"Céu Claro";"Simples";"Reta";"Não";1;0;0;0;1;0;0;1;-8,40717481;-37,12911505;"SPRF-PE";"DEL03-PE";"UOP02-DEL03-PE"
295471;2020-07-14;"terça-feira";"22:00:00";"RS";285;458,3;"IJUI";"Ingestão de álcool e/ou substâncias psicoativas pelo pedestre";"Colisão lateral";"Com Vítimas Feridas";"Plena Noite";"Crescente";"Céu Claro";"Simples";"Curva";"Sim";3;0;1;0;1;1;1;3;-28,40831259;-53,90141487;"SPRF-RS";"DEL10-RS";"UOP01-DEL10-RS"
295472;2020-07-14;"terça-feira";"07:40:00";"MT";158;361,3;"BOM JESUS DO ARAGUAIA";"Falta de Atenção à Condução";"Colisão traseira";"Com Vítimas Feridas";"Pleno dia";"Decrescente";"Sol";"Simples";"Reta";"Não";3;0;1;0;1;3;1;5;-12,42969399;-51,75529306;"SPRF-MT";"DEL07-MT";"UOP02-DEL07-MT"
295473;2020-07-14;"terça-feira";"18:00:00";"MT";158;563,1;"AGUA BOA";"Ingestão de Álcool";"Colisão lateral";"Com Vítimas Feridas";"Anoitecer";"Decrescente";"Céu Claro";"Simples";"Reta";"Não";4;0;3;0;1;0;3;2;-14,0112489;-52,15202134;"SPRF-MT";"DEL07-MT";"UOP02-DEL07-MT"
295478;2020-07-15;"quarta-feira";"01:20:00";"RJ";101;63;"CAMPOS DOS GOYTACAZES";"Falta de Atenção à Condução";"Colisão lateral";"Com Vítimas Feridas";"Plena Noite";"Decrescente";"Céu Claro";"Simples";"Interseção de Vias";"Sim";3;0;1;0;2;0;1;2;-21,742022;-41,33021;"SPRF-RJ";"DEL08-RJ";"UOP01-DEL08-RJ"
295480;2020-07-14;"terça-feira";"23:45:00";"PE";101;205,7;"XEXEU";"Ingestão de Álcool";"Saída de leito carroçável";"Sem Vítimas";"Plena Noite";"Crescente";"Céu Claro";"Dupla";"Reta";"Não";2;0;0;0;1;1;0;2;-8,81243;-35,628826;"SPRF-PE";"DEL01-PE";"UOP03-DEL01-PE"
295484;2020-07-15;"quarta-feira";"04:05:00";"GO";153;355,4;"JARAGUA";"Falta de Atenção à Condução";"Colisão frontal";"Com Vítimas Feridas";"Plena Noite";"Crescente";"Ignorado";"Simples";"Reta";"Não";8;0;5;1;1;1;6;3;-15,707553;-49,331131;"SPRF-GO";"DEL02-GO";"UOP02-DEL02-GO"
295485;2020-07-15;"quarta-feira";"03:45:00";"PR";116;126;"FAZENDA RIO GRANDE";"Desobediência às normas de trânsito pelo condutor";"Colisão transversal";"Sem Vítimas";"Plena Noite";"Crescente";"Céu Claro";"Dupla";"Reta";"Sim";2;0;0;0;2;0;0;2;-25,60389895;-49,31824423;"SPRF-PR";"DEL01-PR";"UOP03-DEL01-PR"
295486;2020-07-15;"quarta-feira";"03:00:00";"SE";101;194;"CRISTINAPOLIS";"Condutor Dormindo";"Saída de leito carroçável";"Sem Vítimas";"Amanhecer";"Decrescente";"Céu Claro";"Simples";"Declive;Curva";"Não";1;0;0;0;1;0;0;1;-11,45004803;-37,73745006;"SPRF-SE";"DEL02-SE";"UOP03-DEL02-SE"
295490;2020-07-15;"quarta-feira";"06:00:00";"MG";262;127;"RIO CASCA";"Velocidade Incompatível";"Tombamento";"Com Vítimas Feridas";"Amanhecer";"Crescente";"Nublado";"Simples";"Curva";"Não";1;0;1;0;0;0;1;1;-20,18090294;-42,69776582;"SPRF-MG";"DEL03-MG";"UOP03-DEL03-MG"
295492;2020-07-15;"quarta-feira";"06:20:00";"RS";290;634;"URUGUAIANA";"Defeito Mecânico no Veículo";"Colisão traseira";"Com Vítimas Feridas";"Plena Noite";"Crescente";"Nublado";"Simples";"Reta";"Não";4;0;1;0;3;0;1;2;-30,022615;-56,259399;"SPRF-RS";"DEL13-RS";"UOP02-DEL13-RS"
295504;2020-07-15;"quarta-feira";"07:10:00";"RO";364;239,3;"CACOAL";"Defeito Mecânico no Veículo";"Colisão frontal";"Com Vítimas Feridas";"Amanhecer";"Decrescente";"Céu Claro";"Simples";"Aclive";"Sim";5;0;1;0;3;3;1;7;-11,43425083;-61,46267289;"SPRF-RO";"DEL02-RO";"UOP02-DEL02-RO"
295509;2020-07-11;"sábado";"14:20:00";"RS";386;261,6;"FONTOURA XAVIER";"Velocidade Incompatível";"Colisão com objeto estático";"Com Vítimas Feridas";"Pleno dia";"Crescente";"Chuva";"Simples";"Reta";"Não";3;0;0;1;1;1;1;3;-28,899998;-52,404556;"SPRF-RS";"DEL04-RS";"UOP03-DEL04-RS"
295511;2020-07-14;"terça-feira";"19:50:00";"BA";242;300;"IBIQUERA";"Defeito Mecânico no Veículo";"Incêndio";"Sem Vítimas";"Plena Noite";"Decrescente";"Céu Claro";"Simples";"Reta";"Não";1;0;0;0;1;0;0;1;-12,45709;-40,88910582;"SPRF-BA";"DEL06-BA";"UOP02-DEL06-BA"
295512;2020-01-20;"segunda-feira";"03:00:00";"PI";316;9,6;"TERESINA";"Carga excessiva e/ou mal acondicionada";"Tombamento";"Sem Vítimas";"Plena Noite";"Decrescente";"Nublado";"Múltipla";"Reta";"Sim";1;0;0;0;1;0;0;1;-5,17381686;-42,76624952;"SPRF-PI";"DEL01-PI";"UOP02-DEL01-PI"
295515;2020-07-15;"quarta-feira";"03:30:00";"PR";476;281,5;"SAO MATEUS DO SUL";"Animais na Pista";"Saída de leito carroçável";"Com Vítimas Feridas";"Plena Noite";"Decrescente";"Ignorado";"Simples";"Reta";"Não";1;0;1;0;0;0;1;1;-25,876148;-50,425007;"SPRF-PR";"DEL02-PR";"UOP04-DEL02-PR"
295516;2020-07-15;"quarta-feira";"08:00:00";"GO";153;507,2;"APARECIDA DE GOIANIA";"Falta de Atenção à Condução";"Colisão traseira";"Com Vítimas Feridas";"Pleno dia";"Decrescente";"Céu Claro";"Dupla";"Reta";"Sim";2;0;1;0;0;1;1;2;-16,7715;-49,2387;"SPRF-GO";"DEL01-GO";"UOP03-DEL01-GO"
295518;2020-07-15;"quarta-feira";"09:00:00";"PI";316;6;"TERESINA";"Desobediência às normas de trânsito pelo condutor";"Colisão lateral";"Com Vítimas Feridas";"Pleno dia";"Decrescente";"Céu Claro";"Simples";"Reta";"Sim";2;0;1;0;1;0;1;2;-5,14702095;-42,77438982;"SPRF-PI";"DEL01-PI";"UOP02-DEL01-PI"
295521;2020-07-15;"quarta-feira";"07:40:00";"BA";116;653;"JEQUIE";"Condutor Dormindo";"Tombamento";"Sem Vítimas";"Pleno dia";"Decrescente";"Céu Claro";"Simples";"Reta";"Não";2;0;0;0;1;1;0;2;-13,70102957;-40,09666443;"SPRF-BA";"DEL03-BA";"UOP01-DEL03-BA"
295524;2020-07-11;"sábado";"12:00:00";"MS";262;65;"TRES LAGOAS";"Ultrapassagem Indevida";"Colisão frontal";"Com Vítimas Feridas";"Pleno dia";"Decrescente";"Céu Claro";"Simples";"Aclive";"Não";10;0;9;0;0;1;9;3;-20,69711863;-52,19024085;"SPRF-MS";"DEL07-MS";"UOP01-DEL07-MS"
295525;2020-07-15;"quarta-feira";"08:20:00";"PR";277;504;"GUARANIACU";"Velocidade Incompatível";"Colisão frontal";"Com Vítimas Feridas";"Pleno dia";"Crescente";"Céu Claro";"Simples";"Reta";"Não";3;0;1;0;1;1;1;3;-25,14324156;-52,70593386;"SPRF-PR";"DEL04-PR";"UOP04-DEL04-PR"
295530;2020-07-15;"quarta-feira";"09:30:00";"SP";381;40;"ATIBAIA";"Defeito Mecânico no Veículo";"Colisão traseira";"Com Vítimas Feridas";"Pleno dia";"Decrescente";"Céu Claro";"Dupla";"Reta";"Não";3;0;2;0;1;0;2;2;-23,12997498;-46,5767598;"SPRF-SP";"DEL03-SP";"UOP01-DEL03-SP"
295531;2020-07-15;"quarta-feira";"10:20:00";"MG";262;372;"JUATUBA";"Mal Súbito";"Colisão com objeto estático";"Com Vítimas Feridas";"Pleno dia";"Decrescente";"Sol";"Dupla";"Reta";"Não";1;0;1;0;0;0;1;1;-19,9575673;-44,35549736;"SPRF-MG";"DEL01-MG";"UOP03-DEL01-MG"
295537;2020-07-15;"quarta-feira";"10:00:00";"MG";262;473;"BOM DESPACHO";"Não guardar distância de segurança";"Engavetamento";"Sem Vítimas";"Pleno dia";"Crescente";"Sol";"Simples";"Aclive";"Não";5;0;0;0;4;1;0;4;-19,79019148;-45,18399783;"SPRF-MG";"DEL08-MG";"UOP03-DEL08-MG"
295539;2020-07-15;"quarta-feira";"11:30:00";"SP";116;224;"GUARULHOS";"Falta de Atenção à Condução";"Colisão lateral";"Com Vítimas Feridas";"Pleno dia";"Decrescente";"Céu Claro";"Múltipla";"Reta";"Sim";3;0;1;0;2;0;1;3;-23,48071896;-46,53271603;"SPRF-SP";"DEL01-SP";"UOP01-DEL01-SP"
295541;2020-07-15;"quarta-feira";"10:50:00";"MT";163;750;"SORRISO";"Desobediência às normas de trânsito pelo condutor";"Colisão transversal";"Com Vítimas Feridas";"Pleno dia";"Decrescente";"Céu Claro";"Dupla";"Reta";"Sim";2;0;0;1;1;0;1;2;-12,67193506;-55,79367178;"SPRF-MT";"DEL06-MT";"UOP01-DEL06-MT"
295546;2020-07-15;"quarta-feira";"12:50:00";"MG";40;603,7;"CONGONHAS";"Carga excessiva e/ou mal acondicionada";"Tombamento";"Com Vítimas Feridas";"Pleno dia";"Crescente";"Sol";"Simples";"Declive";"Não";3;0;1;0;0;2;1;3;-20,4533123;-43,84051323;"SPRF-MG";"DEL05-MG";"UOP02-DEL05-MG"
295547;2020-07-15;"quarta-feira";"09:00:00";"GO";364;242,8;"JATAI";"Defeito Mecânico no Veículo";"Saída de leito carroçável";"Com Vítimas Feridas";"Pleno dia";"Crescente";"Céu Claro";"Simples";"Reta;Aclive";"Não";2;0;1;0;0;3;1;4;-17,774479;-52,099548;"SPRF-GO";"DEL05-GO";"UOP01-DEL05-GO"
295548;2020-07-15;"quarta-feira";"11:00:00";"BA";116;355;"SERRINHA";"Desobediência às normas de trânsito pelo condutor";"Colisão traseira";"Com Vítimas Feridas";"Pleno dia";"Crescente";"Sol";"Simples";"Reta";"Não";2;0;0;1;0;1;1;2;-11,63567382;-38,9817424;"SPRF-BA";"DEL02-BA";"UOP01-DEL02-BA"
295549;2020-07-15;"quarta-feira";"12:05:00";"RS";290;25,1;"SANTO ANTONIO DA PATRULHA";"Condutor Dormindo";"Saída de leito carroçável";"Com Vítimas Fatais";"Pleno dia";"Crescente";"Céu Claro";"Dupla";"Reta";"Não";3;1;1;1;0;0;2;2;-29,880203;-50,503971;"SPRF-RS";"DEL03-RS";"UOP01-DEL03-RS"
295550;2020-07-15;"quarta-feira";"12:35:00";"GO";0;0;"PADRE BERNARDO";"Desobediência às normas de trânsito pelo condutor";"Colisão transversal";"Com Vítimas Feridas";"Pleno dia";"Não Informado";"Céu Claro";"Simples";"Aclive;Reta";"Sim";7;0;2;0;4;1;2;3;-15,360188;-48,225374;"SPRF-DF";"DEL03-DF";"UOP02-DEL03-DF"
295551;2020-07-15;"quarta-feira";"11:20:00";"RJ";116;144;"DUQUE DE CAXIAS";"Pista Escorregadia";"Colisão traseira";"Com Vítimas Feridas";"Pleno dia";"Decrescente";"Chuva";"Múltipla";"Curva";"Não";3;0;1;0;1;1;1;3;-22,65737709;-43,24724694;"SPRF-RJ";"DEL01-RJ";"UOP01-DEL01-RJ"
295560;2020-07-15;"quarta-feira";"12:05:00";"PR";376;590,9;"CURITIBA";"Não guardar distância de segurança";"Colisão lateral";"Com Vítimas Fatais";"Pleno dia";"Decrescente";"Sol";"Dupla";"Aclive";"Sim";4;1;0;0;2;1;0;4;-25,45155592;-49,36237578;"SPRF-PR";"DEL01-PR";"UOP06-DEL01-PR"
295564;2020-07-15;"quarta-feira";"12:30:00";"AL";101;50,5;"FLEXEIRAS";"Velocidade Incompatível";"Derramamento de carga";"Sem Vítimas";"Pleno dia";"Crescente";"Céu Claro";"Dupla";"Curva";"Não";2;0;0;0;1;2;0;3;-9,23626636;-35,76617122;"SPRF-AL";"DEL01-AL";"UOP02-DEL01-AL"
295571;2020-07-15;"quarta-feira";"15:25:00";"PR";116;114,9;"CURITIBA";"Velocidade Incompatível";"Colisão traseira";"Com Vítimas Feridas";"Pleno dia";"Decrescente";"Céu Claro";"Dupla";"Reta";"Sim";2;0;1;0;1;0;1;2;-25,55188;-49,30492;"SPRF-PR";"DEL01-PR";"UOP06-DEL01-PR"
295573;2020-07-15;"quarta-feira";"14:40:00";"BA";324;565;"SAO SEBASTIAO DO PASSE";"Velocidade Incompatível";"Tombamento";"Sem Vítimas";"Pleno dia";"Decrescente";"Nublado";"Dupla";"Declive";"Não";1;0;0;0;1;0;0;1;-12,51921908;-38,61760506;"SPRF-BA";"DEL01-BA";"UOP01-DEL01-BA"
295576;2020-07-15;"quarta-feira";"15:10:00";"MG";50;25;"ARAGUARI";"Falta de Atenção à Condução";"Colisão lateral";"Sem Vítimas";"Pleno dia";"Crescente";"Céu Claro";"Dupla";"Curva";"Não";3;0;0;0;2;3;0;5;-18,61146226;-48,07749391;"SPRF-MG";"DEL15-MG";"UOP02-DEL15-MG"
295578;2020-07-15;"quarta-feira";"15:45:00";"BA";101;893;"CARAVELAS";"Defeito Mecânico no Veículo";"Tombamento";"Sem Vítimas";"Pleno dia";"Crescente";"Nublado";"Simples";"Reta";"Não";2;0;0;0;1;3;0;4;-17,67797935;-39,77481316;"SPRF-BA";"DEL09-BA";"UOP02-DEL09-BA"
295579;2020-07-15;"quarta-feira";"14:00:00";"SC";282;46;"AGUAS MORNAS";"Falta de Atenção à Condução";"Colisão lateral";"Com Vítimas Feridas";"Pleno dia";"Crescente";"Céu Claro";"Simples";"Curva";"Não";3;0;1;1;1;0;2;2;-27,721041;-48,925152;"SPRF-SC";"DEL01-SC";"UOP03-DEL01-SC"
295583;2020-07-15;"quarta-feira";"15:00:00";"RN";226;294,2;"MACAIBA";"Não guardar distância de segurança";"Colisão traseira";"Sem Vítimas";"Pleno dia";"Decrescente";"Céu Claro";"Simples";"Reta";"Não";2;0;0;0;2;0;0;2;-5,86834068;-35,38390333;"SPRF-RN";"DEL04-RN";"UOP01-DEL04-RN"
295585;2020-07-15;"quarta-feira";"16:45:00";"RS";392;352;"SANTA MARIA";"Falta de Atenção à Condução";"Engavetamento";"Com Vítimas Feridas";"Pleno dia";"Decrescente";"Céu Claro";"Simples";"Reta";"Sim";4;0;1;0;1;2;1;4;-29,7254759;-53,80567433;"SPRF-RS";"DEL09-RS";"UOP01-DEL09-RS"
295586;2020-07-15;"quarta-feira";"15:30:00";"PR";277;4;"PARANAGUA";"Desobediência às normas de trânsito pelo condutor";"Colisão lateral";"Sem Vítimas";"Pleno dia";"Crescente";"Céu Claro";"Dupla";"Reta";"Sim";3;0;0;0;2;1;0;3;-25,53123301;-48,52899313;"SPRF-PR";"DEL01-PR";"UOP05-DEL01-PR"
295589;2020-07-15;"quarta-feira";"17:00:00";"MT";364;397,8;"CUIABA";"Sinalização da via insuficiente ou inadequada";"Colisão transversal";"Com Vítimas Feridas";"Pleno dia";"Crescente";"Céu Claro";"Simples";"Interseção de Vias;Desvio Temporário;Em Obras";"Sim";4;0;3;0;0;2;3;4;-15,66602379;-55,96128316;"SPRF-MT";"DEL01-MT";"UOP02-DEL01-MT"
295592;2020-07-15;"quarta-feira";"18:05:00";"TO";153;518;"PUGMIL";"Não guardar distância de segurança";"Colisão traseira";"Com Vítimas Feridas";"Anoitecer";"Crescente";"Céu Claro";"Simples";"Reta;Declive";"Não";4;0;1;0;2;1;1;4;-10,3622629863;-48,8910971311;"SPRF-TO";"DEL01-TO";"UOP01-DEL01-TO"
295602;2020-06-05;"sexta-feira";"10:30:00";"SP";116;220;"GUARULHOS";"Falta de Atenção à Condução";"Colisão traseira";"Com Vítimas Feridas";"Pleno dia";"Decrescente";"Nublado";"Múltipla";"Reta";"Sim";4;0;2;0;1;1;2;3;-23,46472809;-46,49793962;"SPRF-SP";"DEL01-SP";"UOP01-DEL01-SP"
295605;2020-07-15;"quarta-feira";"17:10:00";"RO";364;383;"OURO PRETO DO OESTE";"Falta de Atenção do Pedestre";"Atropelamento de Pedestre";"Com Vítimas Feridas";"Pleno dia";"Decrescente";"Céu Claro";"Simples";"Reta";"Sim";2;0;0;1;1;0;1;2;-10,72104014;-62,24385208;"SPRF-RO";"DEL02-RO";"UOP01-DEL02-RO"
295608;2020-07-15;"quarta-feira";"08:30:00";"MA";222;624;"ACAILANDIA";"Velocidade Incompatível";"Tombamento";"Com Vítimas Feridas";"Pleno dia";"Crescente";"Céu Claro";"Simples";"Curva";"Não";4;0;1;1;0;4;2;6;-4,77115757;-47,06052754;"SPRF-MA";"DEL04-MA";"UOP03-DEL04-MA"
295611;2020-07-15;"quarta-feira";"18:30:00";"BA";20;156;"BARREIRAS";"Falta de Atenção à Condução";"Tombamento";"Com Vítimas Feridas";"Anoitecer";"Crescente";"Céu Claro";"Simples";"Reta";"Não";2;0;1;0;0;2;1;3;-12;-45;"SPRF-BA";"DEL10-BA";"UOP01-DEL10-BA"
295615;2020-07-15;"quarta-feira";"20:30:00";"MG";381;528,4;"BRUMADINHO";"Velocidade Incompatível";"Colisão com objeto estático";"Com Vítimas Feridas";"Plena Noite";"Crescente";"Garoa/Chuvisco";"Dupla";"Declive;Curva";"Não";5;0;1;0;3;1;1;4;-20,16368096;-44,36025002;"SPRF-MG";"DEL04-MG";"UOP03-DEL04-MG"
295616;2020-07-15;"quarta-feira";"16:30:00";"GO";153;491;"GOIANIA";"Velocidade Incompatível";"Tombamento";"Com Vítimas Feridas";"Pleno dia";"Crescente";"Céu Claro";"Múltipla";"Curva;Interseção de Vias";"Sim";2;0;1;0;0;1;1;2;-16,639;-49,2063;"SPRF-GO";"DEL01-GO";"UOP01-DEL01-GO"
295627;2020-07-15;"quarta-feira";"23:30:00";"BA";116;771;"PLANALTO";"Ultrapassagem Indevida";"Tombamento";"Sem Vítimas";"Plena Noite";"Crescente";"Céu Claro";"Simples";"Reta";"Não";1;0;0;0;1;0;0;1;-14,63350785;-40,45065969;"SPRF-BA";"DEL08-BA";"UOP02-DEL08-BA"
295631;2020-07-15;"quarta-feira";"22:55:00";"RS";158;229;"TUPANCIRETA";"Ingestão de Álcool";"Saída de leito carroçável";"Sem Vítimas";"Plena Noite";"Decrescente";"Céu Claro";"Simples";"Ponte";"Não";2;0;0;0;1;1;0;2;-28,93375505;-53,64293588;"SPRF-RS";"DEL10-RS";"UOP02-DEL10-RS"
295633;2020-07-15;"quarta-feira";"23:50:00";"SC";470;50;"BLUMENAU";"Não guardar distância de segurança";"Colisão traseira";"Sem Vítimas";"Plena Noite";"Crescente";"Chuva";"Dupla";"Reta";"Sim";4;0;0;0;2;2;0;4;-26,859768;-49,074493;"SPRF-SC";"DEL04-SC";"UOP01-DEL04-SC"
295637;2020-07-16;"quinta-feira";"00:50:00";"PR";376;525,3;"PONTA GROSSA";"Falta de Atenção à Condução";"Saída de leito carroçável";"Com Vítimas Feridas";"Pleno dia";"Decrescente";"Nublado";"Dupla";"Curva";"Não";2;0;0;1;0;2;1;3;-25,31565784;-49,87766188;"SPRF-PR";"DEL03-PR";"UOP04-DEL03-PR"
295638;2020-07-16;"quinta-feira";"01:40:00";"MG";381;418;"CAETE";"Desobediência às normas de trânsito pelo condutor";"Colisão com objeto estático";"Com Vítimas Feridas";"Plena Noite";"Crescente";"Céu Claro";"Simples";"Curva";"Não";3;0;1;0;0;2;1;3;-19,76425109;-43,64210754;"SPRF-MG";"DEL01-MG";"UOP01-DEL01-MG"
295639;2020-07-16;"quinta-feira";"01:30:00";"MT";364;345;"SANTO ANTONIO DO LEVERGER";"Falta de Atenção à Condução";"Saída de leito carroçável";"Sem Vítimas";"Plena Noite";"Crescente";"Céu Claro";"Dupla";"Curva";"Não";3;0;0;0;2;2;0;3;-15,79691932;-55,55594455;"SPRF-MT";"DEL05-MT";"UOP02-DEL05-MT"
295640;2020-07-16;"quinta-feira";"02:30:00";"CE";304;18,5;"BEBERIBE";"Condutor Dormindo";"Colisão frontal";"Com Vítimas Feridas";"Plena Noite";"Crescente";"Céu Claro";"Simples";"Reta";"Não";5;0;3;0;1;2;3;4;-4,58559375;-38,04951001;"SPRF-CE";"DEL03-CE";"UOP03-DEL03-CE"
295646;2020-07-16;"quinta-feira";"05:00:00";"SP";116;135,9;"SAO JOSE DOS CAMPOS";"Falta de Atenção à Condução";"Colisão traseira";"Com Vítimas Feridas";"Plena Noite";"Decrescente";"Chuva";"Dupla";"Reta";"Não";2;0;1;0;1;0;1;2;-23,144484;-45,77018;"SPRF-SP";"DEL06-SP";"UOP01-DEL06-SP"
295647;2020-07-16;"quinta-feira";"06:20:00";"MG";251;448;"GRAO MOGOL";"Velocidade Incompatível";"Colisão frontal";"Sem Vítimas";"Pleno dia";"Crescente";"Céu Claro";"Simples";"Reta";"Não";3;0;0;0;3;0;0;3;-16,427109;-43,28385402;"SPRF-MG";"DEL12-MG";"UOP01-DEL12-MG"
295649;2020-07-16;"quinta-feira";"03:00:00";"RJ";40;93,5;"DUQUE DE CAXIAS";"Falta de Atenção à Condução";"Saída de leito carroçável";"Com Vítimas Feridas";"Plena Noite";"Crescente";"Nublado";"Dupla";"Curva";"Não";2;0;2;0;0;0;2;1;-22,5554282;-43,25829998;"SPRF-RJ";"DEL01-RJ";"UOP01-DEL01-RJ"
295652;2020-07-16;"quinta-feira";"07:30:00";"PR";277;5;"PARANAGUA";"Falta de Atenção à Condução";"Colisão lateral";"Sem Vítimas";"Pleno dia";"Crescente";"Céu Claro";"Dupla";"Rotatória";"Sim";3;0;0;0;2;1;0;3;-25,5205;-48,5095;"SPRF-PR";"DEL01-PR";"UOP05-DEL01-PR"
295653;2020-07-16;"quinta-feira";"07:10:00";"GO";60;178;"ABADIA DE GOIAS";"Defeito Mecânico no Veículo";"Colisão traseira";"Com Vítimas Feridas";"Pleno dia";"Crescente";"Céu Claro";"Dupla";"Reta";"Não";2;0;0;1;1;0;1;2;-16,7602;-49,4578;"SPRF-GO";"DEL01-GO";"UOP02-DEL01-GO"
295658;2020-06-05;"sexta-feira";"14:45:00";"SC";101;115,5;"ITAJAI";"Falta de Atenção à Condução";"Colisão traseira";"Com Vítimas Feridas";"Pleno dia";"Decrescente";"Nublado";"Múltipla";"Reta";"Não";3;0;1;0;1;1;1;2;-26,87568404;-48,72724056;"SPRF-SC";"DEL04-SC";"UOP04-DEL04-SC"
295662;2020-07-16;"quinta-feira";"06:40:00";"PA";316;126;"NOVA TIMBOTEUA";"Falta de Atenção à Condução";"Colisão traseira";"Com Vítimas Fatais";"Pleno dia";"Crescente";"Céu Claro";"Simples";"Reta";"Não";4;1;0;0;2;2;0;4;-1,29395928;-47,36772537;"SPRF-PA";"DEL01-PA";"UOP02-DEL01-PA"
295664;2020-07-16;"quinta-feira";"06:15:00";"GO";60;104;"ANAPOLIS";"Condutor Dormindo";"Colisão traseira";"Com Vítimas Feridas";"Pleno dia";"Decrescente";"Céu Claro";"Dupla";"Reta";"Não";3;0;1;0;1;1;1;3;-16,4118;-49,0004;"SPRF-GO";"DEL02-GO";"UOP01-DEL02-GO"
295667;2020-07-04;"sábado";"17:00:00";"AL";101;16,5;"JOAQUIM GOMES";"Velocidade Incompatível";"Tombamento";"Com Vítimas Feridas";"Pleno dia";"Crescente";"Céu Claro";"Dupla";"Curva";"Não";3;0;2;0;0;1;2;2;-8,99730698;-35,6760262;"SPRF-AL";"DEL01-AL";"UOP02-DEL01-AL"
295672;2020-07-16;"quinta-feira";"09:00:00";"PE";101;46,8;"IGARASSU";"Não guardar distância de segurança";"Colisão traseira";"Sem Vítimas";"Pleno dia";"Crescente";"Chuva";"Múltipla";"Reta";"Sim";2;0;0;0;2;0;0;2;-7,87406004;-34,90588126;"SPRF-PE";"DEL01-PE";"UOP02-DEL01-PE"
295673;2020-07-16;"quinta-feira";"08:50:00";"GO";50;106;"CRISTALINA";"Falta de Atenção à Condução";"Colisão traseira";"Sem Vítimas";"Pleno dia";"Decrescente";"Céu Claro";"Simples";"Reta";"Sim";3;0;0;0;2;2;0;4;-16,9309;-47,7117;"SPRF-DF";"DEL01-DF";"UOP02-DEL01-DF"
295679;2020-07-16;"quinta-feira";"09:30:00";"BA";324;294;"JACOBINA";"Mal Súbito";"Colisão lateral";"Com Vítimas Feridas";"Pleno dia";"Crescente";"Chuva";"Dupla";"Curva";"Sim";3;0;2;1;0;0;3;3;-11,18544;-40,526198;"SPRF-BA";"DEL04-BA";"UOP02-DEL04-BA"
295681;2020-07-16;"quinta-feira";"10:45:00";"PR";163;103;"CAPANEMA";"Não guardar distância de segurança";"Colisão traseira";"Com Vítimas Feridas";"Pleno dia";"Decrescente";"Céu Claro";"Simples";"Reta";"Não";2;0;1;0;1;0;1;2;-25,60243684;-53,76237695;"SPRF-PR";"DEL02-PR";"UOP02-DEL02-PR"
295684;2020-07-16;"quinta-feira";"08:50:00";"MT";158;690,1;"BARRA DO GARCAS";"Falta de Atenção à Condução";"Colisão transversal";"Com Vítimas Feridas";"Pleno dia";"Decrescente";"Céu Claro";"Simples";"Reta";"Não";4;0;1;0;2;3;1;5;-14,975942;-52,262617;"SPRF-MT";"DEL07-MT";"UOP01-DEL07-MT"
295685;2020-07-16;"quinta-feira";"10:50:00";"SC";101;126,9;"ITAJAI";"Defeito Mecânico no Veículo";"Saída de leito carroçável";"Com Vítimas Feridas";"Pleno dia";"Decrescente";"Nublado";"Dupla";"Curva";"Não";1;0;1;0;0;0;1;1;-26,95564404;-48,67978366;"SPRF-SC";"DEL04-SC";"UOP04-DEL04-SC"
295687;2020-07-16;"quinta-feira";"11:20:00";"GO";20;26,6;"FORMOSA";"Falta de Atenção à Condução";"Colisão traseira";"Com Vítimas Feridas";"Pleno dia";"Decrescente";"Céu Claro";"Simples";"Em Obras;Reta";"Não";4;0;1;0;2;1;1;4;-15,528576;-47,129608;"SPRF-DF";"DEL02-DF";"UOP01-DEL02-DF"
295689;2020-07-16;"quinta-feira";"10:50:00";"SC";101;227,2;"PALHOCA";"Carga excessiva e/ou mal acondicionada";"Colisão com objeto em movimento";"Com Vítimas Feridas";"Pleno dia";"Crescente";"Céu Claro";"Múltipla";"Reta";"Não";4;0;1;0;2;1;1;3;-27,7547599;-48,63299847;"SPRF-SC";"DEL01-SC";"UOP02-DEL01-SC"
295691;2020-07-16;"quinta-feira";"11:00:00";"MA";316;550;"CAXIAS";"Desobediência às normas de trânsito pelo condutor";"Engavetamento";"Sem Vítimas";"Pleno dia";"Crescente";"Sol";"Simples";"Reta";"Sim";5;0;0;0;4;1;0;5;-4,886773;-43,362507;"SPRF-MA";"DEL03-MA";"UOP02-DEL03-MA"
295695;2020-07-16;"quinta-feira";"11:36:00";"RS";468;3,9;"PALMEIRA DAS MISSOES";"Desobediência às normas de trânsito pelo condutor";"Colisão transversal";"Com Vítimas Feridas";"Pleno dia";"Decrescente";"Nublado";"Simples";"Rotatória";"Não";4;0;1;0;3;0;1;2;-27,86681286;-53,33270073;"SPRF-RS";"DEL08-RS";"UOP01-DEL08-RS"