"id";"data_inversa";"dia_semana";"horario";"uf";"br";"km";"municipio";"causa_acidente";"tipo_acidente";"classificacao_acidente";"fase_dia";"sentido_via";"condicao_metereologica";"tipo_pista";"tracado_via";"uso_solo";"pessoas";"mortos";"feridos_leves";"feridos_graves";"ilesos";"ignorados";"feridos";"veiculos";"latitude";"longitude";"regional";"delegacia";"uop"
295696;2020-07-16;"quinta-feira";"12:15:00";"PI";316;312;"PICOS";"Ingestão de Álcool";"Colisão traseira";"Sem Vítimas";"Pleno dia";"Decrescente";"Céu Claro";"Simples";"Reta";"Sim";2;0;0;0;2;0;0;2;-7,08092534;-41,4582602;"SPRF-PI";"DEL04-PI";"UOP01-DEL04-PI"
295701;2020-07-16;"quinta-feira";"14:00:00";"RS";470;205,9;"BENTO GONCALVES";"Falta de Atenção à Condução";"Saída de leito carroçável";"Sem Vítimas";"Pleno dia";"Crescente";"Chuva";"Simples";"Curva";"Não";1;0;0;0;1;0;0;1;-29,08977;-51,556176;"SPRF-RS";"DEL06-RS";"UOP01-DEL06-RS"
295702;2020-07-16;"quinta-feira";"11:26:00";"SC";163;87,1;"GUARACIABA";"Falta de Atenção à Condução";"Colisão frontal";"Com Vítimas Feridas";"Pleno dia";"Crescente";"Sol";"Simples";"Reta";"Não";3;0;0;1;1;1;1;3;-26,59023103;-53,51574204;"SPRF-SC";"DEL07-SC";"UOP03-DEL07-SC"
295705;2020-07-16;"quinta-feira";"14:00:00";"MT";163;927;"ITAUBA";"Falta de Atenção à Condução";"Colisão traseira";"Sem Vítimas";"Pleno dia";"Decrescente";"Céu Claro";"Simples";"Reta";"Não";2;0;0;0;2;0;0;2;-11,19868697;-55,30697185;"SPRF-MT";"DEL06-MT";"NPF/DEL06-MT"
295709;2020-07-16;"quinta-feira";"12:55:00";"RJ";101;321;"NITEROI";"Carga excessiva e/ou mal acondicionada";"Derramamento de carga";"Sem Vítimas";"Pleno dia";"Decrescente";"Céu Claro";"Dupla";"Curva";"Sim";3;0;0;0;2;1;0;3;-22,86981096;-43,11046465;"SPRF-RJ";"DEL02-RJ";"UOP02-DEL02-RJ"
295711;2020-07-16;"quinta-feira";"14:10:00";"RJ";356;48,8;"ITAPERUNA";"Velocidade Incompatível";"Tombamento";"Com Vítimas Feridas";"Pleno dia";"Decrescente";"Céu Claro";"Simples";"Curva";"Não";3;0;2;0;0;1;2;2;-21,251823;-41,783249;"SPRF-RJ";"DEL08-RJ";"UOP03-DEL08-RJ"
295714;2020-07-16;"quinta-feira";"15:40:00";"PI";407;456,2;"GEMINIANO";"Falta de Atenção à Condução";"Saída de leito carroçável";"Sem Vítimas";"Pleno dia";"Decrescente";"Sol";"Simples";"Reta";"Não";1;0;0;0;1;0;0;1;-7,27450303;-41,20883203;"SPRF-PI";"DEL04-PI";"UOP01-DEL04-PI"
295721;2020-07-16;"quinta-feira";"15:50:00";"ES";101;302,1;"VIANA";"Falta de Atenção do Pedestre";"Atropelamento de Pedestre";"Com Vítimas Feridas";"Pleno dia";"Decrescente";"Céu Claro";"Dupla";"Ponte";"Não";3;0;1;0;1;1;1;3;-20,36958283;-40,44384551;"SPRF-ES";"DEL01-ES";"UOP01-DEL01-ES"
295722;2020-07-16;"quinta-feira";"14:30:00";"PR";369;64,7;"BANDEIRANTES";"Falta de Atenção à Condução";"Colisão lateral";"Com Vítimas Feridas";"Pleno dia";"Decrescente";"Céu Claro";"Simples";"Curva;Aclive";"Não";2;0;1;0;1;0;1;2;-23,13020878;-50,44624686;"SPRF-PR";"DEL07-PR";"UOP05-DEL07-PR"
295727;2020-07-16;"quinta-feira";"15:55:00";"MS";262;626,5;"MIRANDA";"Defeito Mecânico no Veículo";"Saída de leito carroçável";"Com Vítimas Feridas";"Pleno dia";"Crescente";"Céu Claro";"Simples";"Reta";"Não";3;0;1;0;2;0;1;1;-19,89790608;-56,86729431;"SPRF-MS";"DEL03-MS";"UOP02-DEL03-MS"
295734;2020-07-16;"quinta-feira";"16:10:00";"MS";262;347,7;"CAMPO GRANDE";"Desobediência às normas de trânsito pelo condutor";"Colisão lateral";"Sem Vítimas";"Pleno dia";"Crescente";"Céu Claro";"Simples";"Curva";"Não";2;0;0;0;1;1;0;2;-20,56572179;-54,60345188;"SPRF-MS";"DEL01-MS";"UOP03-DEL01-MS"
295741;2020-07-16;"quinta-feira";"18:30:00";"MG";381;900;"CAMBUI";"Ingestão de Álcool";"Colisão traseira";"Com Vítimas Feridas";"Anoitecer";"Crescente";"Céu Claro";"Dupla";"Reta";"Não";4;0;1;0;2;1;1;3;-22,66197715;-46,08921986;"SPRF-MG";"DEL16-MG";"UOP03-DEL16-MG"
295742;2020-07-16;"quinta-feira";"18:13:00";"PB";104;20;"CUITE";"Desobediência às normas de trânsito pelo condutor";"Colisão frontal";"Com Vítimas Fatais";"Anoitecer";"Decrescente";"Céu Claro";"Simples";"Reta";"Não";3;1;0;0;2;0;0;2;-6,56635711;-36,13582142;"SPRF-PB";"DEL02-PB";"UOP04-DEL02-PB"
295743;2020-07-16;"quinta-feira";"14:00:00";"PA";308;175;"TRACUATEUA";"Falta de Atenção à Condução";"Saída de leito carroçável";"Com Vítimas Feridas";"Pleno dia";"Crescente";"Sol";"Simples";"Reta";"Não";3;0;1;0;2;0;1;1;-1,15950768;-46,98429937;"SPRF-PA";"DEL01-PA";"UOP03-DEL01-PA"
295744;2020-07-16;"quinta-feira";"19:10:00";"PE";101;67,4;"RECIFE";"Velocidade Incompatível";"Colisão traseira";"Sem Vítimas";"Plena Noite";"Crescente";"Céu Claro";"Múltipla";"Reta";"Sim";3;0;0;0;3;0;0;3;-8,042334;-34,943096;"SPRF-PE";"DEL01-PE";"UOP01-DEL01-PE"
295750;2020-07-16;"quinta-feira";"17:10:00";"RS";116;656;"JAGUARAO";"Desobediência às normas de trânsito pelo condutor";"Colisão transversal";"Com Vítimas Feridas";"Pleno dia";"Crescente";"Nublado";"Simples";"Interseção de Vias";"Sim";3;0;2;0;0;1;2;3;-32,54681317;-53,37364197;"SPRF-RS";"DEL07-RS";"UOP03-DEL07-RS"
295752;2020-07-16;"quinta-feira";"19:40:00";"SC";282;512,2;"XANXERE";"Falta de Atenção à Condução";"Saída de leito carroçável";"Com Vítimas Feridas";"Plena Noite";"Decrescente";"Chuva";"Dupla";"Reta";"Não";2;0;1;0;0;1;1;2;-26,910799;-52,472099;"SPRF-SC";"DEL07-SC";"UOP01-DEL07-SC"
295754;2020-07-16;"quinta-feira";"19:55:00";"SC";470;31,9;"GASPAR";"Desobediência às normas de trânsito pelo condutor";"Colisão transversal";"Com Vítimas Feridas";"Plena Noite";"Decrescente";"Nublado";"Dupla";"Reta";"Não";2;0;1;0;1;0;1;2;-26,897331;-48,923069;"SPRF-SC";"DEL04-SC";"UOP01-DEL04-SC"
295760;2020-07-16;"quinta-feira";"15:17:00";"CE";222;255;"SOBRAL";"Falta de Atenção à Condução";"Saída de leito carroçável";"Com Vítimas Feridas";"Pleno dia";"Crescente";"Céu Claro";"Simples";"Reta";"Não";4;0;1;0;1;2;1;2;-3,75303108;-40,60394;"SPRF-CE";"DEL04-CE";"UOP02-DEL04-CE"
295766;2020-07-16;"quinta-feira";"19:25:00";"MG";40;234;"SAO GONCALO DO ABAETE";"Mal Súbito";"Colisão lateral";"Com Vítimas Feridas";"Anoitecer";"Decrescente";"Céu Claro";"Simples";"Curva";"Não";3;0;1;0;1;1;1;3;-18,02167408;-45,54020403;"SPRF-MG";"DEL14-MG";"UOP02-DEL14-MG"
295767;2020-07-16;"quinta-feira";"21:55:00";"MG";381;537;"ITATIAIUCU";"Falta de Atenção à Condução";"Colisão traseira";"Com Vítimas Feridas";"Plena Noite";"Crescente";"Céu Claro";"Dupla";"Reta";"Não";3;0;1;0;1;1;1;3;-20,23206636;-44,39955388;"SPRF-MG";"DEL04-MG";"UOP03-DEL04-MG"
295769;2020-06-08;"segunda-feira";"21:00:00";"PA";10;309;"IRITUIA";"Falta de Atenção à Condução";"Saída de leito carroçável";"Sem Vítimas";"Plena Noite";"Crescente";"Nublado";"Simples";"Aclive";"Não";2;0;0;0;1;1;0;2;-1,72948399;-47,50308232;"SPRF-PA";"DEL01-PA";"UOP02-DEL01-PA"
295770;2020-07-16;"quinta-feira";"19:35:00";"MT";364;45,4;"ALTO GARCAS";"Condutor Dormindo";"Colisão frontal";"Com Vítimas Feridas";"Plena Noite";"Crescente";"Céu Claro";"Simples";"Declive";"Não";3;0;1;1;1;0;2;2;-17,04109013;-53,48135529;"SPRF-MT";"DEL02-MT";"UOP02-DEL02-MT"
295771;2020-07-16;"quinta-feira";"17:15:00";"PI";135;405,6;"REDENCAO DO GURGUEIA";"Defeito na Via";"Saída de leito carroçável";"Sem Vítimas";"Pleno dia";"Decrescente";"Céu Claro";"Simples";"Reta";"Não";2;0;0;0;1;1;0;2;-9,44509594;-44,59441986;"SPRF-PI";"DEL03-PI";"UOP02-DEL03-PI"
295774;2020-07-16;"quinta-feira";"22:30:00";"RS";285;206,4;"LAGOA VERMELHA";"Desobediência às normas de trânsito pelo condutor";"Colisão frontal";"Com Vítimas Feridas";"Plena Noite";"Decrescente";"Chuva";"Simples";"Reta";"Não";7;0;0;4;2;1;4;3;-28,218395;-51,579144;"SPRF-RS";"DEL08-RS";"UOP05-DEL08-RS"
295775;2020-07-16;"quinta-feira";"17:00:00";"BA";116;52;"CHORROCHO";"Falta de Atenção à Condução";"Saída de leito carroçável";"Sem Vítimas";"Pleno dia";"Crescente";"Chuva";"Simples";"Reta";"Não";2;0;0;0;1;1;0;2;-9,06492009;-39,1593172;"SPRF-PE";"DEL05-PE";"UOP03-DEL05-PE"
295782;2020-07-16;"quinta-feira";"23:20:00";"MG";365;636,5;"UBERLANDIA";"Agressão Externa";"Tombamento";"Sem Vítimas";"Plena Noite";"Decrescente";"Céu Claro";"Dupla";"Reta";"Não";4;0;0;0;0;5;0;4;-18,87571186;-48,52268457;"SPRF-MG";"DEL15-MG";"UOP01-DEL15-MG"
295790;2020-07-17;"sexta-feira";"01:40:00";"PA";10;256;"AURORA DO PARA";"Falta de Atenção à Condução";"Colisão transversal";"Com Vítimas Feridas";"Plena Noite";"Crescente";"Céu Claro";"Simples";"Reta";"Não";3;0;1;0;1;3;1;5;-2,195502;-47,561623;"SPRF-PA";"DEL02-PA";"UOP01-DEL02-PA"
295791;2020-07-17;"sexta-feira";"03:03:00";"SP";116;412;"JUQUIA";"Falta de Atenção à Condução";"Saída de leito carroçável";"Com Vítimas Feridas";"Anoitecer";"Crescente";"Nublado";"Dupla";"Reta";"Não";2;0;1;0;0;1;1;2;-24,33094086;-47,61325097;"SPRF-SP";"DEL05-SP";"UOP01-DEL05-SP"
295792;2020-07-17;"sexta-feira";"02:30:00";"PR";116;42;"CAMPINA GRANDE DO SUL";"Falta de Atenção à Condução";"Colisão com objeto estático";"Sem Vítimas";"Plena Noite";"Crescente";"Nevoeiro/Neblina";"Dupla";"Curva";"Não";1;0;0;0;1;0;0;1;-25,17611697;-48,874256;"SPRF-PR";"DEL01-PR";"UOP02-DEL01-PR"
295801;2020-07-17;"sexta-feira";"06:40:00";"PR";277;351,2;"GUARAPUAVA";"Condutor Dormindo";"Saída de leito carroçável";"Com Vítimas Feridas";"Amanhecer";"Crescente";"Nublado";"Simples";"Reta";"Sim";2;0;1;1;0;0;2;1;-25,39621925;-51,53218746;"SPRF-PR";"DEL08-PR";"UOP01-DEL08-PR"
295815;2020-07-17;"sexta-feira";"08:00:00";"PE";101;79,1;"JABOATAO DOS GUARARAPES";"Falta de Atenção à Condução";"Colisão transversal";"Com Vítimas Feridas";"Pleno dia";"Decrescente";"Chuva";"Dupla";"Reta";"Sim";2;0;1;0;0;1;1;2;-8,15112589;-34,9428866;"SPRF-PE";"DEL01-PE";"UOP01-DEL01-PE"
295816;2020-07-17;"sexta-feira";"07:30:00";"MG";50;206,5;"DELTA";"Falta de Atenção à Condução";"Colisão traseira";"Com Vítimas Feridas";"Pleno dia";"Decrescente";"Céu Claro";"Dupla";"Reta";"Não";6;0;3;0;2;1;3;4;-19,92627147;-47,82191068;"SPRF-MG";"DEL13-MG";"UOP01-DEL13-MG"
295819;2020-07-17;"sexta-feira";"08:00:00";"PR";277;608,8;"SANTA TEREZA DO OESTE";"Animais na Pista";"Colisão traseira";"Sem Vítimas";"Pleno dia";"Crescente";"Céu Claro";"Simples";"Reta";"Sim";3;0;0;0;2;1;0;3;-25,04299405;-53,60478197;"SPRF-PR";"DEL05-PR";"UOP02-DEL05-PR"
295829;2020-03-15;"domingo";"15:30:00";"MG";365;60;"JEQUITAI";"Defeito Mecânico no Veículo";"Atropelamento de Pedestre";"Com Vítimas Feridas";"Pleno dia";"Crescente";"Céu Claro";"Simples";"Curva";"Não";1;0;0;1;0;0;1;1;-17,00982598;-44,29400505;"SPRF-MG";"DEL12-MG";"UOP01-DEL12-MG"
295830;2020-05-29;"sexta-feira";"15:45:00";"MT";364;570,8;"NOBRES";"Falta de Atenção à Condução";"Colisão lateral";"Com Vítimas Feridas";"Pleno dia";"Decrescente";"Céu Claro";"Dupla";"Reta";"Não";6;0;1;1;2;9;2;12;-14,73232002;-56,31891375;"SPRF-MT";"DEL01-MT";"UOP01-DEL01-MT"
295835;2020-07-17;"sexta-feira";"04:45:00";"MG";251;469,2;"FRANCISCO SA";"Velocidade Incompatível";"Colisão lateral";"Sem Vítimas";"Plena Noite";"Decrescente";"Garoa/Chuvisco";"Simples";"Curva";"Não";5;0;0;0;4;1;0;4;-16,47846186;-43,41953476;"SPRF-MG";"DEL12-MG";"UOP01-DEL12-MG"
295837;2020-07-17;"sexta-feira";"09:00:00";"MS";60;503,2;"MARACAJU";"Defeito Mecânico no Veículo";"Capotamento";"Com Vítimas Feridas";"Pleno dia";"Crescente";"Céu Claro";"Simples";"Rotatória";"Não";2;0;1;0;0;1;1;2;-21,22080112;-55,53931117;"SPRF-MS";"DEL05-MS";"UOP01-DEL05-MS"
295840;2020-07-17;"sexta-feira";"09:40:00";"MG";251;324,7;"FRUTA DE LEITE";"Pista Escorregadia";"Colisão frontal";"Com Vítimas Feridas";"Pleno dia";"Decrescente";"Nublado";"Simples";"Curva";"Não";3;0;1;0;1;3;1;5;-16,23527999;-42,3812953;"SPRF-MG";"DEL12-MG";"UOP01-DEL12-MG"
295846;2020-07-17;"sexta-feira";"10:42:00";"PA";316;63;"CASTANHAL";"Falta de Atenção à Condução";"Colisão lateral";"Com Vítimas Feridas";"Pleno dia";"Crescente";"Céu Claro";"Simples";"Reta";"Sim";4;0;0;1;2;2;1;5;-1,3060946;-48,0071211;"SPRF-PA";"DEL01-PA";"UOP01-DEL01-PA"
295847;2020-07-17;"sexta-feira";"10:50:00";"RS";392;642;"GUARANI DAS MISSOES";"Falta de Atenção à Condução";"Colisão traseira";"Com Vítimas Feridas";"Pleno dia";"Crescente";"Céu Claro";"Simples";"Reta";"Não";5;0;1;0;4;0;1;2;-28,15556042;-54,55549601;"SPRF-RS";"DEL10-RS";"UOP01-DEL10-RS"
295849;2020-07-17;"sexta-feira";"10:20:00";"PB";361;28;"SANTA TERESINHA";"Falta de Atenção à Condução";"Colisão transversal";"Com Vítimas Fatais";"Pleno dia";"Crescente";"Céu Claro";"Simples";"Reta";"Não";2;1;0;0;0;1;0;2;-7,08911892;-37,492119;"SPRF-PB";"DEL03-PB";"UOP01-DEL03-PB"
295850;2020-03-19;"quinta-feira";"06:38:00";"MG";381;873,7;"ESTIVA";"Velocidade Incompatível";"Colisão lateral";"Sem Vítimas";"Amanhecer";"Crescente";"Nublado";"Dupla";"Curva";"Não";3;0;0;0;2;3;0;5;-22,450796;-46,000139;"SPRF-MG";"DEL16-MG";"UOP01-DEL16-MG"
295853;2020-07-17;"sexta-feira";"12:30:00";"RJ";40;104;"DUQUE DE CAXIAS";"Desobediência às normas de trânsito pelo condutor";"Colisão transversal";"Com Vítimas Feridas";"Pleno dia";"Decrescente";"Céu Claro";"Simples";"Interseção de Vias";"Sim";3;0;1;0;2;0;1;2;-22,62897902;-43,28579508;"SPRF-RJ";"DEL01-RJ";"UOP01-DEL01-RJ"
295856;2020-07-17;"sexta-feira";"12:35:00";"PE";232;65,9;"GRAVATA";"Falta de Atenção à Condução";"Colisão traseira";"Com Vítimas Feridas";"Pleno dia";"Crescente";"Chuva";"Simples";"Reta";"Não";2;0;0;1;1;0;1;2;-8,16454496;-35,44785302;"SPRF-PE";"DEL02-PE";"UOP02-DEL02PE"
295858;2020-07-01;"quarta-feira";"16:37:00";"PR";376;4;"APUCARANA";"Falta de Atenção à Condução";"Colisão lateral";"Sem Vítimas";"Pleno dia";"Decrescente";"Céu Claro";"Dupla";"Curva";"Sim";3;0;0;0;2;1;0;3;-23,5513;-51,461266;"SPRF-PR";"DEL07-PR";"UOP03-DEL07-PR"
295866;2020-07-17;"sexta-feira";"13:20:00";"PE";101;73;"RECIFE";"Defeito Mecânico no Veículo";"Colisão com objeto estático";"Com Vítimas Feridas";"Pleno dia";"Crescente";"Nublado";"Dupla";"Reta";"Sim";1;0;1;0;0;0;1;1;-8,093369;-34,947464;"SPRF-PE";"DEL01-PE";"UOP01-DEL01-PE"
295867;2020-07-17;"sexta-feira";"13:25:00";"SP";381;89;"GUARULHOS";"Defeito Mecânico no Veículo";"Tombamento";"Com Vítimas Feridas";"Pleno dia";"Crescente";"Sol";"Múltipla";"Curva";"Não";2;0;1;0;0;1;1;2;-23,48469299;-46,55983288;"SPRF-SP";"DEL03-SP";"UOP01-DEL03-SP"
295868;2020-07-17;"sexta-feira";"13:30:00";"SC";470;54,5;"BLUMENAU";"Falta de Atenção à Condução";"Colisão transversal";"Com Vítimas Feridas";"Pleno dia";"Crescente";"Sol";"Simples";"Interseção de Vias";"Sim";2;0;1;0;1;0;1;2;-26,871065;-49,110374;"SPRF-SC";"DEL04-SC";"UOP01-DEL04-SC"
295870;2020-07-17;"sexta-feira";"13:35:00";"PR";376;622,3;"SAO JOSE DOS PINHAIS";"Velocidade Incompatível";"Colisão com objeto estático";"Com Vítimas Feridas";"Pleno dia";"Decrescente";"Sol";"Dupla";"Reta";"Não";4;0;1;0;2;1;1;3;-25,62623389;-49,16547575;"SPRF-PR";"DEL01-PR";"UOP01-DEL01-PR"
295871;2020-07-17;"sexta-feira";"13:30:00";"SC";280;52,3;"GUARAMIRIM";"Falta de Atenção à Condução";"Colisão transversal";"Sem Vítimas";"Pleno dia";"Decrescente";"Céu Claro";"Simples";"Interseção de Vias";"Sim";2;0;0;0;2;0;0;2;-26,471275;-48,971188;"SPRF-SC";"DEL03-SC";"UOP03-DEL03-SC"
295875;2020-07-17;"sexta-feira";"14:15:00";"SP";116;159,8;"JACAREI";"Não guardar distância de segurança";"Colisão lateral";"Com Vítimas Fatais";"Pleno dia";"Decrescente";"Céu Claro";"Dupla";"Reta";"Sim";3;1;0;0;1;1;0;3;-23,26585409;-45,95983994;"SPRF-SP";"DEL02-SP";"UOP01-DEL02-SP"
295878;2020-07-17;"sexta-feira";"09:10:00";"PI";316;95,2;"BARRO DURO";"Falta de Atenção à Condução";"Colisão lateral";"Com Vítimas Feridas";"Pleno dia";"Crescente";"Sol";"Simples";"Reta";"Não";6;0;1;0;4;1;1;3;-5,81026323;-42,52112517;"SPRF-PI";"DEL04-PI";"UOP02-DEL04-PI"
295886;2020-07-14;"terça-feira";"07:30:00";"PR";476;355;"UNIAO DA VITORIA";"Restrição de Visibilidade";"Colisão traseira";"Sem Vítimas";"Amanhecer";"Crescente";"Nevoeiro/Neblina";"Simples";"Reta";"Não";4;0;0;0;4;0;0;4;-26,196117;-51,022423;"SPRF-PR";"DEL02-PR";"UOP03-DEL02-PR"
295888;2020-07-17;"sexta-feira";"13:30:00";"PI";222;68,2;"PIRIPIRI";"Velocidade Incompatível";"Tombamento";"Sem Vítimas";"Pleno dia";"Decrescente";"Sol";"Simples";"Curva";"Não";2;0;0;0;1;3;0;4;-4,247478;-41,713943;"SPRF-PI";"DEL02-PI";"UOP01-DEL02-PI"
295889;2020-07-17;"sexta-feira";"15:30:00";"PE";428;189;"PETROLINA";"Falta de Atenção à Condução";"Colisão lateral";"Com Vítimas Feridas";"Pleno dia";"Decrescente";"Sol";"Dupla";"Reta";"Sim";2;0;1;0;1;0;1;2;-9,37197508;-40,48679585;"SPRF-PE";"DEL06-PE";"UOP01-DEL06-PE"
295891;2020-07-17;"sexta-feira";"07:30:00";"MA";10;144;"PORTO FRANCO";"Desobediência às normas de trânsito pelo condutor";"Colisão transversal";"Com Vítimas Feridas";"Pleno dia";"Decrescente";"Céu Claro";"Simples";"Interseção de Vias";"Não";3;0;0;1;1;3;1;5;-6,460998;-47,396477;"SPRF-MA";"DEL04-MA";"UOP02-DEL04-MA"
295898;2020-07-17;"sexta-feira";"15:25:00";"RJ";101;422;"MANGARATIBA";"Defeito Mecânico no Veículo";"Saída de leito carroçável";"Com Vítimas Fatais";"Pleno dia";"Crescente";"Céu Claro";"Simples";"Curva";"Sim";1;1;0;0;0;0;0;1;-22,91753726;-43,9488381;"SPRF-RJ";"DEL03-RJ";"UOP03-DEL03-RJ"
295899;2020-07-17;"sexta-feira";"14:50:00";"PE";101;42,9;"IGARASSU";"Falta de Atenção à Condução";"Colisão com objeto estático";"Com Vítimas Feridas";"Pleno dia";"Decrescente";"Chuva";"Múltipla";"Reta;Declive";"Sim";3;0;0;1;2;0;1;1;-7,83887431;-34,91196739;"SPRF-PE";"DEL01-PE";"UOP02-DEL01-PE"
295900;2020-07-17;"sexta-feira";"15:00:00";"MG";365;664;"MONTE ALEGRE DE MINAS";"Falta de Atenção à Condução";"Colisão lateral";"Com Vítimas Feridas";"Pleno dia";"Decrescente";"Sol";"Dupla";"Reta";"Não";4;0;2;0;1;2;2;4;-18,89174;-48,67955;"SPRF-MG";"DEL15-MG";"UOP01-DEL15-MG"
295902;2020-07-17;"sexta-feira";"09:10:00";"SC";282;344,1;"CAMPOS NOVOS";"Velocidade Incompatível";"Tombamento";"Com Vítimas Feridas";"Pleno dia";"Crescente";"Nublado";"Simples";"Curva";"Sim";3;0;2;0;0;2;2;3;-27,381166;-51,240082;"SPRF-SC";"DEL07-SC";"UOP06-DEL07-SC"
295903;2020-07-17;"sexta-feira";"15:40:00";"MG";40;746,5;"SANTOS DUMONT";"Falta de Atenção à Condução";"Colisão lateral";"Com Vítimas Feridas";"Pleno dia";"Decrescente";"Céu Claro";"Dupla";"Curva";"Não";2;0;1;0;1;0;1;2;-21,43028197;-43,55615283;"SPRF-MG";"DEL05-MG";"UOP01-DEL05-MG"
295909;2020-07-17;"sexta-feira";"16:00:00";"MS";163;292,8;"DOURADINA";"Falta de Atenção à Condução";"Colisão lateral";"Com Vítimas Feridas";"Pleno dia";"Decrescente";"Céu Claro";"Simples";"Reta";"Não";2;0;1;0;1;0;1;2;-22,0507462;-54,55209763;"SPRF-MS";"DEL04-MS";"UOP01-DEL04-MS"
295910;2020-07-17;"sexta-feira";"17:30:00";"BA";242;797;"BARREIRAS";"Desobediência às normas de trânsito pelo condutor";"Colisão frontal";"Com Vítimas Fatais";"Pleno dia";"Decrescente";"Céu Claro";"Simples";"Reta";"Não";5;1;1;0;2;4;1;8;-12,122036;-45,035791;"SPRF-BA";"DEL10-BA";"UOP01-DEL10-BA"
295912;2020-07-17;"sexta-feira";"11:50:00";"SP";116;515,5;"CAJATI";"Falta de Atenção à Condução";"Saída de leito carroçável";"Sem Vítimas";"Pleno dia";"Crescente";"Céu Claro";"Simples";"Curva;Aclive";"Não";2;0;0;0;1;1;0;2;-24,86704083;-48,21738184;"SPRF-SP";"DEL05-SP";"UOP02-DEL05-SP"
295913;2020-07-17;"sexta-feira";"17:30:00";"PR";163;147,3;"SANTA LUCIA";"Carga excessiva e/ou mal acondicionada";"Tombamento";"Com Vítimas Feridas";"Pleno dia";"Crescente";"Céu Claro";"Simples";"Curva";"Não";2;0;1;0;0;1;1;2;-25,42436165;-53,57551575;"SPRF-PR";"DEL05-PR";"UOP05-DEL05-PR"
295915;2020-07-17;"sexta-feira";"16:35:00";"MT";163;887,5;"CLAUDIA";"Ultrapassagem Indevida";"Saída de leito carroçável";"Com Vítimas Feridas";"Pleno dia";"Crescente";"Céu Claro";"Simples";"Reta";"Não";3;0;1;0;0;4;1;5;-11,51728078;-55,37970538;"SPRF-MT";"DEL06-MT";"NPF/DEL06-MT"
295916;2020-07-17;"sexta-feira";"16:40:00";"CE";116;115,3;"RUSSAS";"Defeito Mecânico no Veículo";"Incêndio";"Sem Vítimas";"Pleno dia";"Decrescente";"Céu Claro";"Simples";"Reta";"Não";2;0;0;0;1;1;0;2;-4,59577009;-38,20762009;"SPRF-CE";"DEL03-CE";"UOP01-DEL03-CE"
295920;2020-07-14;"terça-feira";"06:30:00";"DF";40;4,8;"BRASILIA";"Falta de Atenção à Condução";"Colisão lateral";"Sem Vítimas";"Amanhecer";"Decrescente";"Céu Claro";"Dupla";"Reta";"Sim";3;0;0;0;2;1;0;2;-16,019618;-47,9806;"SPRF-DF";"DEL01-DF";"UOP01-DEL01-DF"
295921;2020-07-17;"sexta-feira";"18:00:00";"RS";386;245;"SOLEDADE";"Desobediência às normas de trânsito pelo condutor";"Colisão transversal";"Com Vítimas Feridas";"Pleno dia";"Crescente";"Céu Claro";"Simples";"Rotatória";"Sim";5;0;2;1;1;1;3;3;-28,802004;-52,509708;"SPRF-RS";"DEL04-RS";"UOP03-DEL04-RS"
295922;2020-07-17;"sexta-feira";"17:00:00";"BA";101;134;"TEODORO SAMPAIO";"Desobediência às normas de trânsito pelo condutor";"Colisão transversal";"Com Vítimas Fatais";"Anoitecer";"Crescente";"Chuva";"Simples";"Curva";"Não";4;1;1;1;1;0;2;3;-12,2503083;-38,64214458;"SPRF-BA";"DEL01-BA";"UOP04-DEL01-BA"
295923;2020-07-17;"sexta-feira";"16:00:00";"MT";364;398;"CUIABA";"Falta de Atenção à Condução";"Colisão transversal";"Sem Vítimas";"Pleno dia";"Crescente";"Céu Claro";"Simples";"Interseção de Vias";"Sim";3;0;0;0;1;4;0;5;-15,68278673;-55,92170288;"SPRF-MT";"DEL01-MT";"UOP02-DEL01-MT"
295925;2020-07-17;"sexta-feira";"17:55:00";"SP";116;329,3;"JUQUITIBA";"Falta de Atenção à Condução";"Saída de leito carroçável";"Com Vítimas Feridas";"Anoitecer";"Crescente";"Nublado";"Dupla";"Reta";"Sim";3;0;1;1;0;1;2;2;-23,94113624;-47,09178708;"SPRF-SP";"DEL04-SP";"UOP01-DEL04-SP"
295929;2020-07-17;"sexta-feira";"13:30:00";"RO";364;359;"JI-PARANA";"Velocidade Incompatível";"Colisão traseira";"Com Vítimas Feridas";"Pleno dia";"Decrescente";"Céu Claro";"Simples";"Reta";"Não";2;0;1;0;1;0;1;2;-10,786428712;-62,0490568358;"SPRF-RO";"DEL02-RO";"UOP01-DEL02-RO"
295933;2020-06-03;"quarta-feira";"09:20:00";"SC";101;123;"ITAJAI";"Falta de Atenção do Pedestre";"Atropelamento de Pedestre";"Com Vítimas Fatais";"Pleno dia";"Crescente";"Nublado";"Simples";"Curva";"Sim";2;1;0;0;0;1;0;2;-26,93750619;-48,69860248;"SPRF-SC";"DEL04-SC";"UOP04-DEL04-SC"
295934;2020-07-17;"sexta-feira";"18:20:00";"ES";101;117;"SOORETAMA";"Ingestão de Álcool";"Colisão frontal";"Com Vítimas Feridas";"Plena Noite";"Crescente";"Céu Claro";"Simples";"Declive;Reta";"Não";3;0;1;0;2;0;1;2;-19,11932808;-40,06302982;"SPRF-ES";"DEL04-ES";"UOP01-DEL04-ES"