"id";"data_inversa";"dia_semana";"horario";"uf";"br";"km";"municipio";"causa_acidente";"tipo_acidente";"classificacao_acidente";"fase_dia";"sentido_via";"condicao_metereologica";"tipo_pista";"tracado_via";"uso_solo";"pessoas";"mortos";"feridos_leves";"feridos_graves";"ilesos";"ignorados";"feridos";"veiculos";"latitude";"longitude";"regional";"delegacia";"uop"
295940;2020-07-17;"sexta-feira";"16:00:00";"MT";70;501;"CUIABA";"Ultrapassagem Indevida";"Colisão lateral";"Com Vítimas Feridas";"Pleno dia";"Crescente";"Céu Claro";"Simples";"Reta";"Não";4;0;1;0;2;2;1;4;-15,67848081;-55,93160992;"SPRF-MT";"DEL01-MT";"UOP02-DEL01-MT"
295942;2020-07-17;"sexta-feira";"16:30:00";"GO";153;368;"JARAGUA";"Falta de Atenção à Condução";"Colisão traseira";"Sem Vítimas";"Pleno dia";"Crescente";"Sol";"Simples";"Reta";"Não";5;0;0;0;4;3;0;7;-15,814121;-49,291016;"SPRF-GO";"DEL02-GO";"UOP02-DEL02-GO"
295967;2020-07-17;"sexta-feira";"20:05:00";"ES";101;137;"LINHARES";"Falta de Atenção à Condução";"Colisão traseira";"Sem Vítimas";"Plena Noite";"Crescente";"Céu Claro";"Simples";"Reta";"Não";3;0;0;0;3;0;0;2;-19,29308199;-40,08591691;"SPRF-ES";"DEL04-ES";"UOP01-DEL04-ES"
295969;2020-07-17;"sexta-feira";"20:10:00";"GO";153;204;"URUACU";"Falta de Atenção à Condução";"Colisão frontal";"Com Vítimas Feridas";"Plena Noite";"Decrescente";"Céu Claro";"Simples";"Declive";"Não";4;0;0;1;2;1;1;4;-14,547464;-49,160545;"SPRF-GO";"DEL07-GO";"UOP02-DEL07-GO"
295972;2020-07-09;"quinta-feira";"15:30:00";"PA";10;126;"PARAGOMINAS";"Falta de Atenção à Condução";"Colisão lateral";"Com Vítimas Feridas";"Pleno dia";"Decrescente";"Céu Claro";"Simples";"Reta";"Não";4;0;2;0;1;1;2;3;-3,17508192;-47,48783111;"SPRF-PA";"DEL02-PA";"UOP01-DEL02-PA"
295975;2020-07-17;"sexta-feira";"17:15:00";"TO";153;627,5;"ALIANCA DO TOCANTINS";"Falta de Atenção à Condução";"Saída de leito carroçável";"Com Vítimas Fatais";"Pleno dia";"Crescente";"Céu Claro";"Simples";"Em Obras;Reta";"Não";2;1;0;0;0;2;0;3;-11,335566;-48,95087901;"SPRF-TO";"DEL01-TO";"UOP02-DEL01-TO"
295987;2020-07-17;"sexta-feira";"18:50:00";"PB";230;296;"SANTA LUZIA";"Desobediência às normas de trânsito pelo condutor";"Saída de leito carroçável";"Sem Vítimas";"Plena Noite";"Crescente";"Céu Claro";"Simples";"Reta";"Não";3;0;0;0;2;1;0;3;-6,8907;-36,9481;"SPRF-PB";"DEL03-PB";"UOP01-DEL03-PB"
295996;2020-07-17;"sexta-feira";"22:00:00";"PR";476;183,9;"LAPA";"Falta de Atenção à Condução";"Colisão traseira";"Com Vítimas Feridas";"Plena Noite";"Crescente";"Ignorado";"Simples";"Reta";"Não";2;0;1;0;1;0;1;2;-25,715963;-49,617252;"SPRF-PR";"DEL01-PR";"UOP06-DEL01-PR"
295998;2020-07-17;"sexta-feira";"17:46:00";"MT";158;571;"AGUA BOA";"Falta de Atenção à Condução";"Colisão com objeto estático";"Sem Vítimas";"Anoitecer";"Decrescente";"Céu Claro";"Simples";"Reta";"Não";2;0;0;0;1;2;0;3;-14,09380629;-51,98324382;"SPRF-MT";"DEL07-MT";"UOP02-DEL07-MT"
295999;2020-07-17;"sexta-feira";"19:35:00";"SC";282;520;"XAXIM";"Falta de Atenção à Condução";"Colisão frontal";"Com Vítimas Fatais";"Plena Noite";"Crescente";"Céu Claro";"Simples";"Curva";"Não";2;1;0;0;1;0;0;2;-26,94893783;-52,5275445;"SPRF-SC";"DEL07-SC";"UOP01-DEL07-SC"
296004;2020-07-17;"sexta-feira";"20:45:00";"MG";50;40;"ARAGUARI";"Defeito Mecânico no Veículo";"Colisão com objeto em movimento";"Com Vítimas Feridas";"Plena Noite";"Decrescente";"Céu Claro";"Dupla";"Aclive";"Sim";3;0;1;0;1;2;1;4;-18,673214;-48,177773;"SPRF-MG";"DEL15-MG";"UOP02-DEL15-MG"
296006;2020-07-17;"sexta-feira";"20:50:00";"SP";116;504,7;"CAJATI";"Falta de Atenção à Condução";"Tombamento";"Sem Vítimas";"Plena Noite";"Decrescente";"Garoa/Chuvisco";"Simples";"Declive;Curva";"Não";2;0;0;0;1;1;0;2;-24,78266496;-48,20865858;"SPRF-SP";"DEL05-SP";"UOP02-DEL05-SP"
296007;2020-07-17;"sexta-feira";"19:00:00";"CE";304;52,8;"ARACATI";"Defeito Mecânico no Veículo";"Danos eventuais";"Sem Vítimas";"Plena Noite";"Decrescente";"Ignorado";"Simples";"Ponte";"Não";3;0;0;0;3;0;0;1;-4,57080706;-37,74473041;"SPRF-CE";"DEL03-CE";"UOP03-DEL03-CE"
296008;2020-07-17;"sexta-feira";"22:55:00";"PR";369;499,8;"CORBELIA";"Desobediência às normas de trânsito pelo condutor";"Colisão frontal";"Com Vítimas Feridas";"Pleno dia";"Decrescente";"Céu Claro";"Dupla";"Reta";"Sim";2;0;1;0;1;0;1;2;-24,7725;-53,2931;"SPRF-PR";"DEL04-PR";"UOP03-DEL04-PR"
296012;2020-07-17;"sexta-feira";"19:30:00";"PE";104;87;"AGRESTINA";"Ingestão de Álcool";"Colisão frontal";"Com Vítimas Feridas";"Plena Noite";"Crescente";"Chuva";"Simples";"Reta";"Sim";2;0;1;0;1;0;1;2;-8,454104;-35,945515;"SPRF-PE";"DEL02-PE";"UOP01-DEL02-PE"
296020;2020-07-18;"sábado";"00:30:00";"GO";153;499;"GOIANIA";"Ingestão de Álcool";"Colisão traseira";"Sem Vítimas";"Plena Noite";"Crescente";"Céu Claro";"Dupla";"Reta";"Sim";2;0;0;0;2;0;0;2;-16,7033;-49,2311;"SPRF-GO";"DEL01-GO";"UOP01-DEL01-GO"
296021;2020-07-17;"sexta-feira";"23:15:00";"BA";101;357,9;"WENCESLAU GUIMARAES";"Velocidade Incompatível";"Colisão traseira";"Com Vítimas Feridas";"Plena Noite";"Crescente";"Nevoeiro/Neblina";"Simples";"Curva";"Não";3;0;0;1;1;1;1;3;-13,678214;-39,477154;"SPRF-BA";"DEL05-BA";"UOP03-DEL05-BA"
296023;2020-07-18;"sábado";"00:35:00";"BA";324;606;"SIMOES FILHO";"Agressão Externa";"Incêndio";"Sem Vítimas";"Plena Noite";"Crescente";"Céu Claro";"Dupla";"Reta";"Sim";1;0;0;0;0;1;0;1;-12,79340512;-38,40485325;"SPRF-BA";"DEL01-BA";"UOP01-DEL01-BA"
296026;2020-07-17;"sexta-feira";"21:20:00";"GO";60;129;"GOIANIA";"Defeito Mecânico no Veículo";"Tombamento";"Com Vítimas Feridas";"Plena Noite";"Crescente";"Céu Claro";"Dupla";"Aclive";"Não";2;0;1;0;1;0;1;1;-16,5587;-49,1534;"SPRF-GO";"DEL01-GO";"UOP01-DEL01-GO"
296027;2020-07-17;"sexta-feira";"21:40:00";"SC";282;381;"HERVAL DOESTE";"Desobediência às normas de trânsito pelo condutor";"Colisão frontal";"Com Vítimas Feridas";"Plena Noite";"Decrescente";"Céu Claro";"Simples";"Reta;Declive";"Não";2;0;0;1;1;0;1;2;-27,204979;-51,501442;"SPRF-SC";"DEL07-SC";"UOP05-DEL07-SC"
296036;2020-07-17;"sexta-feira";"21:15:00";"GO";80;102;"VILA PROPICIO";"Falta de Atenção à Condução";"Saída de leito carroçável";"Com Vítimas Feridas";"Plena Noite";"Decrescente";"Céu Claro";"Simples";"Reta";"Não";5;0;2;1;1;1;3;3;-15,208875;-48,697312;"SPRF-GO";"DEL07-GO";"UOP01-DEL07-GO"
296040;2020-07-18;"sábado";"01:40:00";"PE";232;88,2;"GRAVATA";"Condutor Dormindo";"Saída de leito carroçável";"Sem Vítimas";"Plena Noite";"Decrescente";"Nublado";"Dupla";"Reta";"Não";3;0;0;0;3;0;0;3;-8,215178;-35,637814;"SPRF-PE";"DEL02-PE";"UOP02-DEL02PE"
296043;2020-07-18;"sábado";"02:20:00";"MG";50;69;"UBERLANDIA";"Ingestão de Álcool";"Capotamento";"Sem Vítimas";"Plena Noite";"Crescente";"Céu Claro";"Dupla";"Reta";"Não";3;0;0;0;2;1;0;2;-18,85140204;-48,25345932;"SPRF-MG";"DEL15-MG";"UOP01-DEL15-MG"
296044;2020-07-18;"sábado";"02:30:00";"SP";116;427;"JUQUIA";"Velocidade Incompatível";"Tombamento";"Com Vítimas Feridas";"Plena Noite";"Crescente";"Céu Claro";"Dupla";"Reta";"Não";2;0;1;0;0;1;1;2;-24,38735659;-47,7169352;"SPRF-SP";"DEL05-SP";"UOP01-DEL05-SP"
296045;2020-07-18;"sábado";"02:50:00";"BA";101;832,7;"TEIXEIRA DE FREITAS";"Desobediência às normas de trânsito pelo condutor";"Colisão frontal";"Com Vítimas Feridas";"Plena Noite";"Crescente";"Céu Claro";"Simples";"Reta";"Não";8;0;4;2;1;1;6;3;-17,37296991;-39,65593317;"SPRF-BA";"DEL09-BA";"UOP02-DEL09-BA"
296048;2020-07-18;"sábado";"02:00:00";"SC";101;276;"IMBITUBA";"Ingestão de Álcool";"Colisão traseira";"Com Vítimas Feridas";"Plena Noite";"Decrescente";"Nublado";"Dupla";"Reta";"Não";4;0;1;0;2;1;1;3;-28,14644701;-48,69204746;"SPRF-SC";"DEL02-SC";"UOP03-DEL02-SC"
296049;2020-07-18;"sábado";"04:30:00";"MG";354;747,5;"ITANHANDU";"Ultrapassagem Indevida";"Colisão frontal";"Com Vítimas Fatais";"Plena Noite";"Crescente";"Nevoeiro/Neblina";"Simples";"Reta";"Não";7;1;4;0;1;1;4;3;-22,26290105;-44,91113842;"SPRF-MG";"DEL17-MG";"UOP01-DEL17-MG"
296051;2020-07-18;"sábado";"02:50:00";"PR";277;468,8;"NOVA LARANJEIRAS";"Condutor Dormindo";"Colisão traseira";"Com Vítimas Feridas";"Plena Noite";"Crescente";"Céu Claro";"Simples";"Reta";"Não";2;0;1;0;1;0;1;2;-25,34211314;-52,49655008;"SPRF-PR";"DEL04-PR";"UOP02-DEL04-PR"
296054;2020-07-18;"sábado";"02:30:00";"PR";277;186,2;"PALMEIRA";"Falta de Atenção à Condução";"Colisão lateral";"Sem Vítimas";"Plena Noite";"Decrescente";"Nevoeiro/Neblina";"Simples";"Reta";"Não";3;0;0;0;2;2;0;4;-25,42376265;-50,0745418;"SPRF-PR";"DEL03-PR";"UOP03-DEL03-PR"
296057;2020-07-17;"sexta-feira";"19:20:00";"RS";285;162;"MUITOS CAPOES";"Velocidade Incompatível";"Tombamento";"Com Vítimas Feridas";"Plena Noite";"Crescente";"Céu Claro";"Simples";"Curva";"Não";2;0;1;0;0;1;1;2;-28,318995;-51,246716;"SPRF-RS";"DEL05-RS";"UOP03-DEL05-RS"
296058;2020-07-18;"sábado";"04:00:00";"SE";101;165;"SANTA LUZIA DO ITANHY";"Defeito Mecânico no Veículo";"Incêndio";"Sem Vítimas";"Amanhecer";"Crescente";"Nublado";"Simples";"Declive";"Não";2;0;0;0;1;1;0;2;-11,31603984;-37,52504118;"SPRF-SE";"DEL02-SE";"UOP01-DEL02-SE"
296060;2020-07-18;"sábado";"05:55:00";"SC";282;511,1;"XANXERE";"Condutor Dormindo";"Colisão lateral";"Sem Vítimas";"Amanhecer";"Crescente";"Céu Claro";"Simples";"Curva";"Não";3;0;0;0;3;0;0;3;-26,905405;-52,464199;"SPRF-SC";"DEL07-SC";"UOP01-DEL07-SC"
296063;2020-07-18;"sábado";"06:15:00";"GO";153;508,8;"APARECIDA DE GOIANIA";"Defeito Mecânico no Veículo";"Incêndio";"Sem Vítimas";"Amanhecer";"Crescente";"Céu Claro";"Dupla";"Reta";"Sim";2;0;0;0;1;2;0;3;-16,7804;-49,2371;"SPRF-GO";"DEL01-GO";"UOP03-DEL01-GO"
296066;2020-07-18;"sábado";"07:10:00";"ES";101;298;"VIANA";"Falta de Atenção à Condução";"Queda de ocupante de veículo";"Com Vítimas Feridas";"Pleno dia";"Crescente";"Céu Claro";"Múltipla";"Reta;Viaduto";"Sim";3;0;1;0;0;2;1;3;-20,35374444;-40,4156433;"SPRF-ES";"DEL01-ES";"UOP01-DEL01-ES"
296067;2020-07-18;"sábado";"05:30:00";"AC";364;99;"SENADOR GUIOMARD";"Carga excessiva e/ou mal acondicionada";"Tombamento";"Sem Vítimas";"Amanhecer";"Crescente";"Céu Claro";"Simples";"Curva";"Não";2;0;0;0;1;1;0;2;-10,06823778;-67,58340597;"SPRF-AC";"DEL01-AC";"UOP01-DEL01-AC"
296071;2020-07-18;"sábado";"09:00:00";"PE";101;124;"ESCADA";"Defeito Mecânico no Veículo";"Derramamento de carga";"Sem Vítimas";"Pleno dia";"Decrescente";"Nublado";"Dupla";"Reta";"Sim";2;0;0;0;1;1;0;2;-8,36713688;-35,22564391;"SPRF-PE";"DEL01-PE";"UOP03-DEL01-PE"
296073;2020-04-09;"quinta-feira";"13:00:00";"PE";101;44;"IGARASSU";"Falta de Atenção à Condução";"Colisão lateral";"Com Vítimas Feridas";"Pleno dia";"Crescente";"Céu Claro";"Múltipla";"Reta";"Não";3;0;1;0;1;1;1;3;-7,86521297;-34,90715176;"SPRF-PE";"DEL01-PE";"UOP02-DEL01-PE"
296075;2020-07-18;"sábado";"09:00:00";"PR";376;587;"CURITIBA";"Carga excessiva e/ou mal acondicionada";"Saída de leito carroçável";"Sem Vítimas";"Pleno dia";"Crescente";"Céu Claro";"Dupla";"Viaduto;Curva";"Sim";2;0;0;0;1;1;0;2;-25,43275039;-49,37346606;"SPRF-PR";"DEL01-PR";"UOP03-DEL03-PR"
296078;2020-07-18;"sábado";"10:30:00";"GO";40;5,8;"VALPARAISO DE GOIAS";"Falta de Atenção à Condução";"Colisão traseira";"Com Vítimas Feridas";"Pleno dia";"Decrescente";"Céu Claro";"Dupla";"Reta";"Não";3;0;0;1;2;0;1;2;-16,093134;-47,982236;"SPRF-DF";"DEL01-DF";"UOP01-DEL01-DF"
296080;2020-07-18;"sábado";"08:20:00";"MG";262;689,8;"ARAXA";"Condutor Dormindo";"Colisão frontal";"Com Vítimas Feridas";"Pleno dia";"Crescente";"Céu Claro";"Simples";"Reta";"Não";3;0;1;0;1;1;1;3;-19,55471124;-46,96541189;"SPRF-MG";"DEL08-MG";"UOP01-DEL08-MG"
296082;2020-07-18;"sábado";"10:30:00";"SP";381;64;"MAIRIPORA";"Não guardar distância de segurança";"Colisão traseira";"Com Vítimas Feridas";"Pleno dia";"Decrescente";"Céu Claro";"Dupla";"Aclive;Reta";"Sim";6;0;3;0;2;1;3;3;-23,3089645;-46,57924651;"SPRF-SP";"DEL03-SP";"UOP01-DEL03-SP"
296083;2020-07-18;"sábado";"08:15:00";"PR";163;215;"CASCAVEL";"Velocidade Incompatível";"Tombamento";"Com Vítimas Feridas";"Pleno dia";"Crescente";"Céu Claro";"Dupla";"Viaduto";"Não";2;0;1;0;0;1;1;2;-25,002954;-53,554954;"SPRF-PR";"DEL05-PR";"UOP05-DEL05-PR"
296085;2020-03-20;"sexta-feira";"11:22:00";"PE";101;66;"RECIFE";"Falta de Atenção do Pedestre";"Atropelamento de Pedestre";"Com Vítimas Feridas";"Pleno dia";"Crescente";"Céu Claro";"Dupla";"Reta";"Sim";2;0;0;1;0;1;1;2;-8,037363;-34,941649;"SPRF-PE";"DEL01-PE";"UOP01-DEL01-PE"
296088;2020-06-18;"quinta-feira";"18:20:00";"RS";386;307;"POUSO NOVO";"Falta de Atenção à Condução";"Saída de leito carroçável";"Com Vítimas Feridas";"Plena Noite";"Crescente";"Céu Claro";"Dupla";"Curva";"Não";1;0;1;0;0;0;1;1;-29,202335;-52,183838;"SPRF-RS";"DEL04-RS";"UOP01-DEL04-RS"
296089;2020-07-18;"sábado";"12:30:00";"MG";381;888,9;"CAMBUI";"Velocidade Incompatível";"Tombamento";"Sem Vítimas";"Pleno dia";"Crescente";"Sol";"Dupla";"Curva";"Não";1;0;0;0;1;0;0;1;-22,53263755;-46,02877401;"SPRF-MG";"DEL16-MG";"UOP03-DEL16-MG"
296092;2020-07-18;"sábado";"12:05:00";"BA";116;868;"VITORIA DA CONQUISTA";"Falta de Atenção à Condução";"Colisão lateral";"Com Vítimas Feridas";"Pleno dia";"Decrescente";"Nublado";"Simples";"Aclive";"Não";3;0;1;0;1;1;1;3;-15,18245;-41,07042;"SPRF-BA";"DEL08-BA";"UOP01-DEL08-BA"
296093;2020-07-18;"sábado";"12:30:00";"MG";365;285,7;"JOAO PINHEIRO";"Ultrapassagem Indevida";"Colisão traseira";"Com Vítimas Feridas";"Pleno dia";"Decrescente";"Céu Claro";"Simples";"Reta";"Não";3;0;1;0;2;0;1;2;-18,05993805;-45,65638991;"SPRF-MG";"DEL10-MG";"UOP01-DEL10-MG"
296099;2020-07-18;"sábado";"10:00:00";"RO";364;517;"ARIQUEMES";"Falta de Atenção à Condução";"Colisão traseira";"Com Vítimas Feridas";"Pleno dia";"Decrescente";"Céu Claro";"Simples";"Reta;Aclive";"Não";2;0;1;0;1;0;1;2;-9,90688101;-63,05581217;"SPRF-RO";"DEL03-RO";"UOP01-DEL03-RO"
296106;2020-07-18;"sábado";"12:15:00";"MG";381;718;"CARMO DA CACHOEIRA";"Fenômenos da Natureza";"Incêndio";"Sem Vítimas";"Pleno dia";"Decrescente";"Céu Claro";"Dupla";"Reta";"Não";2;0;0;0;1;1;0;2;-21,44490388;-45,20930119;"SPRF-MG";"DEL04-MG";"UOP02-DEL04-MG"
296113;2020-07-18;"sábado";"12:30:00";"MG";365;627;"UBERLANDIA";"Falta de Atenção à Condução";"Colisão transversal";"Sem Vítimas";"Pleno dia";"Decrescente";"Céu Claro";"Dupla";"Retorno Regulamentado";"Sim";2;0;0;0;1;1;0;2;-18,90359335;-48,34361612;"SPRF-MG";"DEL15-MG";"UOP01-DEL15-MG"
296127;2020-07-18;"sábado";"15:05:00";"GO";60;74,7;"ABADIANIA";"Falta de Atenção à Condução";"Saída de leito carroçável";"Sem Vítimas";"Pleno dia";"Decrescente";"Céu Claro";"Dupla";"Declive";"Não";2;0;0;0;1;1;0;2;-16,2759;-48,7774;"SPRF-GO";"DEL02-GO";"UOP01-DEL02-GO"
296130;2020-07-18;"sábado";"15:45:00";"GO";414;368;"COCALZINHO DE GOIAS";"Ingestão de Álcool";"Colisão com objeto estático";"Com Vítimas Feridas";"Pleno dia";"Crescente";"Sol";"Simples";"Reta";"Não";1;0;1;0;0;0;1;1;-15,75353119;-48,72925796;"SPRF-GO";"DEL02-GO";"UOP01-DEL02-GO"
296134;2020-07-18;"sábado";"15:00:00";"MG";381;441;"SABARA";"Falta de Atenção à Condução";"Colisão lateral";"Com Vítimas Feridas";"Pleno dia";"Crescente";"Sol";"Simples";"Reta;Aclive";"Não";3;0;1;0;2;0;1;2;-19,81604176;-43,80389901;"SPRF-MG";"DEL01-MG";"UOP01-DEL01-MG"
296136;2020-07-18;"sábado";"13:40:00";"MT";364;518;"ROSARIO OESTE";"Velocidade Incompatível";"Saída de leito carroçável";"Com Vítimas Feridas";"Pleno dia";"Crescente";"Céu Claro";"Simples";"Reta";"Não";2;0;1;0;0;1;1;2;-15,11187601;-56,5205848;"SPRF-MT";"DEL01-MT";"UOP02-DEL01-MT"
296141;2020-04-29;"quarta-feira";"13:30:00";"PR";376;236,5;"APUCARANA";"Defeito Mecânico no Veículo";"Colisão transversal";"Com Vítimas Fatais";"Pleno dia";"Decrescente";"Céu Claro";"Simples";"Interseção de Vias";"Não";3;1;0;1;1;0;1;2;-23,58521682;-51,47297601;"SPRF-PR";"DEL07-PR";"UOP03-DEL07-PR"
296155;2020-07-18;"sábado";"18:10:00";"GO";60;383;"RIO VERDE";"Falta de Atenção à Condução";"Colisão lateral";"Com Vítimas Feridas";"Anoitecer";"Crescente";"Céu Claro";"Múltipla";"Viaduto";"Sim";4;0;1;0;2;2;1;4;-17,787062;-50,903254;"SPRF-GO";"DEL04-GO";"UOP01-DEL04-GO"
296167;2020-07-18;"sábado";"19:15:00";"PE";101;45;"IGARASSU";"Desobediência às normas de trânsito pelo condutor";"Colisão traseira";"Com Vítimas Feridas";"Plena Noite";"Decrescente";"Céu Claro";"Dupla";"Reta";"Sim";2;0;0;1;1;0;1;2;-7,86521297;-34,90715176;"SPRF-PE";"DEL01-PE";"UOP02-DEL01-PE"
296168;2020-07-18;"sábado";"18:50:00";"PE";423;94,3;"GARANHUNS";"Falta de Atenção à Condução";"Colisão lateral";"Com Vítimas Feridas";"Plena Noite";"Crescente";"Garoa/Chuvisco";"Múltipla";"Reta";"Sim";3;0;1;0;1;1;1;3;-8,874732;-36,46946;"SPRF-PE";"DEL03-PE";"UOP01-DEL03-PE"
296170;2020-07-18;"sábado";"17:55:00";"MG";381;674,3;"PERDOES";"Velocidade Incompatível";"Tombamento";"Com Vítimas Feridas";"Anoitecer";"Crescente";"Céu Claro";"Dupla";"Curva";"Sim";2;0;1;0;0;1;1;2;-21,107021;-45,09114;"SPRF-MG";"DEL04-MG";"UOP02-DEL04-MG"
296171;2020-07-18;"sábado";"07:50:00";"BA";101;557;"ARATACA";"Pista Escorregadia";"Colisão lateral";"Com Vítimas Feridas";"Pleno dia";"Decrescente";"Céu Claro";"Simples";"Declive";"Não";8;0;4;1;1;2;5;4;-15,32682898;-39,50061866;"SPRF-BA";"DEL05-BA";"UOP02-DEL05-BA"
296174;2020-07-18;"sábado";"19:15:00";"RJ";116;180;"NOVA IGUACU";"Falta de Atenção do Pedestre";"Colisão traseira";"Sem Vítimas";"Plena Noite";"Decrescente";"Céu Claro";"Dupla";"Reta";"Sim";3;0;0;0;3;0;0;3;-22,7651616;-43,4154728;"SPRF-RJ";"DEL01-RJ";"UOP02-DEL01-RJ"
296183;2020-07-18;"sábado";"20:00:00";"TO";153;358,3;"FORTALEZA DO TABOCAO";"Falta de Atenção à Condução";"Colisão transversal";"Com Vítimas Feridas";"Plena Noite";"Decrescente";"Céu Claro";"Simples";"Reta";"Sim";8;0;2;0;3;3;2;3;-9,04719314;-48,51467777;"SPRF-TO";"DEL02-TO";"UOP02-DEL02-TO"
296186;2020-07-18;"sábado";"19:50:00";"PR";277;427,7;"CANTAGALO";"Ingestão de Álcool";"Colisão frontal";"Sem Vítimas";"Plena Noite";"Decrescente";"Céu Claro";"Simples";"Curva";"Não";3;0;0;0;2;1;0;3;-25,38220585;-52,11624364;"SPRF-PR";"DEL04-PR";"UOP02-DEL04-PR"
296189;2020-07-18;"sábado";"20:50:00";"MG";381;899,3;"CAMBUI";"Falta de Atenção do Pedestre";"Atropelamento de Pedestre";"Com Vítimas Feridas";"Plena Noite";"Decrescente";"Céu Claro";"Dupla";"Reta;Aclive";"Não";3;0;1;0;1;1;1;3;-22,61872774;-46,07099821;"SPRF-MG";"DEL16-MG";"UOP03-DEL16-MG"
296203;2020-07-18;"sábado";"21:50:00";"RS";386;60,7;"SEBERI";"Defeito Mecânico no Veículo";"Incêndio";"Sem Vítimas";"Plena Noite";"Decrescente";"Céu Claro";"Simples";"Reta";"Não";2;0;0;0;1;2;0;3;-27,580219;-53,350624;"SPRF-RS";"DEL08-RS";"UOP02-DEL08-RS"
296205;2020-07-18;"sábado";"22:00:00";"ES";101;5,5;"CARIACICA";"Desobediência às normas de trânsito pelo condutor";"Colisão transversal";"Com Vítimas Feridas";"Plena Noite";"Crescente";"Nublado";"Múltipla";"Reta";"Sim";2;0;0;1;1;0;1;2;-20,33843962;-40,39213837;"SPRF-ES";"DEL04-ES";"UOP02-DEL04-ES"
296219;2020-07-18;"sábado";"22:00:00";"PE";101;43;"IGARASSU";"Velocidade Incompatível";"Atropelamento de Pedestre";"Com Vítimas Fatais";"Plena Noite";"Decrescente";"Vento";"Múltipla";"Declive";"Sim";3;1;0;0;0;2;0;3;-7,84753808;-34,90977038;"SPRF-PE";"DEL01-PE";"UOP02-DEL01-PE"
296239;2020-07-19;"domingo";"01:00:00";"PE";232;256,8;"ARCOVERDE";"Animais na Pista";"Tombamento";"Com Vítimas Feridas";"Plena Noite";"Crescente";"Céu Claro";"Simples";"Reta";"Não";2;0;1;1;0;0;2;1;-8,40988226;-37,09335003;"SPRF-PE";"DEL03-PE";"UOP02-DEL03-PE"
296243;2020-07-19;"domingo";"02:55:00";"RO";364;196;"PIMENTA BUENO";"Velocidade Incompatível";"Colisão traseira";"Com Vítimas Feridas";"Plena Noite";"Crescente";"Céu Claro";"Simples";"Reta";"Sim";3;0;0;1;1;3;1;5;-11,685965;-61,183698;"SPRF-RO";"DEL02-RO";"UOP02-DEL02-RO"
296246;2020-07-19;"domingo";"00:20:00";"SC";470;274,6;"BRUNOPOLIS";"Desobediência às normas de trânsito pelo condutor";"Colisão frontal";"Com Vítimas Fatais";"Plena Noite";"Crescente";"Nublado";"Simples";"Reta";"Não";3;1;0;0;1;1;0;3;-27,32985241;-50,81606096;"SPRF-SC";"DEL07-SC";"UOP06-DEL07-SC"
296263;2020-07-18;"sábado";"11:00:00";"AM";319;158;"CAREIRO";"Falta de Atenção do Pedestre";"Atropelamento de Pedestre";"Com Vítimas Fatais";"Pleno dia";"Decrescente";"Sol";"Simples";"Reta";"Não";2;1;0;0;1;0;0;2;-4,07235331;-60,66928677;"SPRF-AM";"DEL01-AM";"UOP04-DEL01-AM"
296264;2020-07-19;"domingo";"06:30:00";"BA";116;909,9;"ENCRUZILHADA";"Defeito Mecânico no Veículo";"Colisão traseira";"Sem Vítimas";"Amanhecer";"Crescente";"Nublado";"Simples";"Reta;Aclive";"Sim";4;0;0;0;2;2;0;4;-15,51484059;-41,23803893;"SPRF-BA";"DEL08-BA";"UOP03-DEL08-BA"
296267;2020-07-19;"domingo";"06:50:00";"MG";365;642,8;"UBERLANDIA";"Falta de Atenção à Condução";"Atropelamento de Pedestre";"Com Vítimas Feridas";"Pleno dia";"Crescente";"Céu Claro";"Dupla";"Reta";"Não";2;0;1;0;1;0;1;2;-18,8823832;-48,48418103;"SPRF-MG";"DEL15-MG";"UOP01-DEL15-MG"
296268;2020-07-19;"domingo";"08:24:00";"DF";20;10,2;"BRASILIA";"Falta de Atenção à Condução";"Colisão traseira";"Com Vítimas Feridas";"Pleno dia";"Crescente";"Céu Claro";"Dupla";"Reta";"Sim";2;0;1;0;1;0;1;2;-15,650243;-47,773872;"SPRF-DF";"DEL02-DF";"UOP01-DEL02-DF"
296270;2020-07-19;"domingo";"07:50:00";"SP";116;39,8;"CACHOEIRA PAULISTA";"Falta de Atenção à Condução";"Tombamento";"Com Vítimas Feridas";"Pleno dia";"Decrescente";"Céu Claro";"Dupla";"Reta";"Não";3;0;1;0;1;1;1;3;-22,67527958;-44,99918431;"SPRF-SP";"DEL08-SP";"UOP02-DEL08-SP"
296274;2020-07-19;"domingo";"06:30:00";"MT";70;133;"GENERAL CARNEIRO";"Falta de Atenção à Condução";"Capotamento";"Com Vítimas Fatais";"Amanhecer";"Decrescente";"Céu Claro";"Simples";"Curva";"Não";2;1;1;0;0;0;1;1;-15,59068783;-53,22057013;"SPRF-MT";"DEL07-MT";"UOP01-DEL07-MT"
296287;2020-07-19;"domingo";"07:00:00";"SC";101;56,5;"ARAQUARI";"Falta de Atenção à Condução";"Colisão traseira";"Com Vítimas Feridas";"Pleno dia";"Crescente";"Céu Claro";"Dupla";"Reta";"Sim";3;0;0;1;1;1;1;3;-26,43660805;-48,81083965;"SPRF-SC";"DEL03-SC";"UOP01-DEL03-SC"
296288;2020-07-18;"sábado";"18:15:00";"RO";364;1044;"PORTO VELHO";"Falta de Atenção à Condução";"Saída de leito carroçável";"Com Vítimas Feridas";"Anoitecer";"Crescente";"Céu Claro";"Simples";"Reta";"Não";2;0;1;0;0;2;1;3;-9,77716005;-66,39553899;"SPRF-RO";"DEL01-RO";"UOP03-DEL01-RO"