"id";"data_inversa";"dia_semana";"horario";"uf";"br";"km";"municipio";"causa_acidente";"tipo_acidente";"classificacao_acidente";"fase_dia";"sentido_via";"condicao_metereologica";"tipo_pista";"tracado_via";"uso_solo";"pessoas";"mortos";"feridos_leves";"feridos_graves";"ilesos";"ignorados";"feridos";"veiculos";"latitude";"longitude";"regional";"delegacia";"uop"
296292;2020-07-19;"domingo";"11:15:00";"SP";153;145,5;"PROMISSAO";"Falta de Atenção à Condução";"Colisão transversal";"Sem Vítimas";"Pleno dia";"Decrescente";"Céu Claro";"Simples";"Reta";"Não";3;0;0;0;2;2;0;4;-21,37248804;-49,79171745;"SPRF-SP";"DEL07-SP";"UOP01-DEL07-SP"
296296;2020-07-19;"domingo";"11:10:00";"MT";364;398;"CUIABA";"Desobediência às normas de trânsito pelo condutor";"Colisão transversal";"Com Vítimas Feridas";"Pleno dia";"Crescente";"Céu Claro";"Simples";"Em Obras;Desvio Temporário;Interseção de Vias";"Sim";3;0;1;0;1;1;1;3;-15,68278673;-55,92170288;"SPRF-MT";"DEL01-MT";"UOP02-DEL01-MT"
296299;2020-07-19;"domingo";"07:30:00";"BA";116;736;"POCOES";"Velocidade Incompatível";"Saída de leito carroçável";"Sem Vítimas";"Pleno dia";"Decrescente";"Céu Claro";"Simples";"Curva";"Não";2;0;0;0;1;1;0;2;-14,45895029;-40,34488678;"SPRF-BA";"DEL08-BA";"UOP02-DEL08-BA"
296305;2020-07-19;"domingo";"07:30:00";"RO";364;387,8;"OURO PRETO DO OESTE";"Desobediência às normas de trânsito pelo condutor";"Colisão transversal";"Com Vítimas Feridas";"Pleno dia";"Crescente";"Céu Claro";"Simples";"Rotatória;Aclive";"Não";5;0;1;2;1;3;3;5;-10,68687041;-62,27425285;"SPRF-RO";"DEL03-RO";"UOP02-DEL03-RO"
296306;2020-07-19;"domingo";"13:40:00";"TO";226;58,6;"DARCINOPOLIS";"Defeito na Via";"Tombamento";"Com Vítimas Feridas";"Pleno dia";"Decrescente";"Sol";"Simples";"Aclive";"Não";3;0;0;1;0;2;1;3;-6,824478;-47,856346;"SPRF-TO";"DEL02-TO";"UOP03-DEL02-TO"
296317;2020-07-19;"domingo";"14:50:00";"BA";101;428;"IBIRAPITANGA";"Velocidade Incompatível";"Tombamento";"Sem Vítimas";"Pleno dia";"Decrescente";"Céu Claro";"Simples";"Curva";"Não";1;0;0;0;0;1;0;1;-14,17252878;-39,32459056;"SPRF-BA";"DEL05-BA";"UOP01-DEL05-BA"
296327;2020-07-19;"domingo";"07:00:00";"MA";135;25,5;"BACABEIRA";"Ingestão de Substâncias Psicoativas";"Colisão traseira";"Sem Vítimas";"Pleno dia";"Decrescente";"Céu Claro";"Dupla";"Curva";"Não";2;0;0;0;2;0;0;2;-2,76507971;-44,36187655;"SPRF-MA";"DEL01-MA";"UOP01-DEL01-MA"
296328;2020-07-19;"domingo";"16:00:00";"RS";290;676;"URUGUAIANA";"Ultrapassagem Indevida";"Colisão lateral";"Com Vítimas Feridas";"Pleno dia";"Crescente";"Céu Claro";"Simples";"Curva";"Não";6;0;4;0;1;1;4;4;-29,917309;-56,655758;"SPRF-RS";"DEL13-RS";"UOP01-DEL13-RS"
296329;2020-07-19;"domingo";"14:00:00";"AC";364;41;"ACRELANDIA";"Desobediência às normas de trânsito pelo condutor";"Colisão transversal";"Sem Vítimas";"Pleno dia";"Crescente";"Céu Claro";"Simples";"Declive";"Não";2;0;0;0;1;1;0;2;-9,96148894;-67,10163802;"SPRF-AC";"DEL01-AC";"UOP01-DEL01-AC"
296333;2020-07-19;"domingo";"15:00:00";"PA";10;236,4;"IPIXUNA DO PARA";"Ingestão de Álcool";"Tombamento";"Com Vítimas Feridas";"Pleno dia";"Crescente";"Céu Claro";"Simples";"Aclive";"Não";3;0;2;0;0;2;2;3;-2,372881;-47,550656;"SPRF-PA";"DEL02-PA";"UOP01-DEL02-PA"
296339;2020-07-19;"domingo";"16:40:00";"AL";101;247,5;"PORTO REAL DO COLEGIO";"Desobediência às normas de trânsito pelo condutor";"Colisão lateral";"Com Vítimas Feridas";"Pleno dia";"Crescente";"Céu Claro";"Simples";"Reta";"Não";3;0;0;1;1;1;1;3;-10,19937283;-36,82059635;"SPRF-AL";"DEL02-AL";"UOP02-DEL02-AL"
296346;2020-07-19;"domingo";"17:30:00";"MG";40;462;"SETE LAGOAS";"Desobediência às normas de trânsito pelo condutor";"Colisão lateral";"Com Vítimas Feridas";"Anoitecer";"Crescente";"Céu Claro";"Dupla";"Reta";"Não";6;0;1;0;4;1;1;2;-19,4136917;-44,33879427;"SPRF-MG";"DEL02-MG";"UOP01-DEL02-MG"
296352;2020-07-19;"domingo";"16:04:00";"MG";381;944,4;"EXTREMA";"Agressão Externa";"Saída de leito carroçável";"Sem Vítimas";"Pleno dia";"Decrescente";"Sol";"Dupla";"Reta";"Sim";2;0;0;0;1;1;0;2;-22,87479042;-46,36655782;"SPRF-MG";"DEL16-MG";"UOP03-DEL16-MG"
296359;2020-07-19;"domingo";"15:30:00";"RS";153;5,8;"MARCELINO RAMOS";"Falta de Atenção à Condução";"Colisão frontal";"Com Vítimas Fatais";"Pleno dia";"Crescente";"Céu Claro";"Simples";"Curva";"Não";3;1;0;0;1;1;0;3;-27,408692;-52,01598899;"SPRF-RS";"DEL08-RS";"UOP04-DEL08-RS"
296361;2020-07-19;"domingo";"17:45:00";"GO";20;11;"FORMOSA";"Ingestão de Álcool";"Colisão traseira";"Com Vítimas Feridas";"Anoitecer";"Decrescente";"Céu Claro";"Simples";"Reta";"Não";4;0;2;0;2;0;2;2;-15,562011;-47,257778;"SPRF-DF";"DEL02-DF";"UOP01-DEL02-DF"
296362;2020-07-19;"domingo";"16:14:00";"MG";381;830,9;"SAO SEBASTIAO DA BELA VISTA";"Falta de Atenção à Condução";"Colisão traseira";"Com Vítimas Feridas";"Pleno dia";"Decrescente";"Céu Claro";"Dupla";"Reta";"Não";2;0;1;0;1;0;1;2;-22,12160397;-45,77090717;"SPRF-MG";"DEL16-MG";"UOP01-DEL16-MG"
296363;2020-07-19;"domingo";"18:20:00";"PR";376;169,9;"MARINGA";"Desobediência às normas de trânsito pelo condutor";"Colisão transversal";"Com Vítimas Feridas";"Anoitecer";"Crescente";"Céu Claro";"Dupla";"Retorno Regulamentado;Reta";"Não";6;0;3;0;2;1;3;4;-23,403331;-51,996357;"SPRF-PR";"DEL09-PR";"UOP01-DEL09-PR"
296365;2020-07-19;"domingo";"17:45:00";"RS";386;436;"CANOAS";"Falta de Atenção à Condução";"Colisão lateral";"Com Vítimas Feridas";"Anoitecer";"Decrescente";"Céu Claro";"Dupla";"Reta";"Não";3;0;1;0;2;0;1;2;-29,850487;-51,266758;"SPRF-RS";"DEL04-RS";"UOP02-DEL04-RS"
296367;2020-07-19;"domingo";"18:15:00";"BA";101;685,1;"ITAGIMIRIM";"Desobediência às normas de trânsito pelo condutor";"Colisão frontal";"Com Vítimas Fatais";"Plena Noite";"Crescente";"Nublado";"Simples";"Reta;Declive";"Não";3;1;0;0;1;2;0;4;-16,125711;-39,605003;"SPRF-BA";"DEL09-BA";"UOP01-DEL09-BA"
296373;2020-07-19;"domingo";"17:00:00";"MT";163;114;"RONDONOPOLIS";"Falta de Atenção à Condução";"Colisão traseira";"Sem Vítimas";"Anoitecer";"Crescente";"Céu Claro";"Dupla";"Reta";"Não";3;0;0;0;2;2;0;4;-16,54595325;-54,67086252;"SPRF-MT";"DEL02-MT";"UOP01-DEL02-MT"
296374;2020-07-19;"domingo";"18:40:00";"SP";116;479;"JACUPIRANGA";"Carga excessiva e/ou mal acondicionada";"Derramamento de carga";"Sem Vítimas";"Plena Noite";"Crescente";"Céu Claro";"Dupla";"Reta";"Não";3;0;0;0;2;3;0;5;-24,70935401;-48,01820699;"SPRF-SP";"DEL05-SP";"UOP01-DEL05-SP"
296380;2020-07-19;"domingo";"17:50:00";"PI";135;274;"ALVORADA DO GURGUEIA";"Defeito na Via";"Tombamento";"Sem Vítimas";"Anoitecer";"Decrescente";"Céu Claro";"Simples";"Reta";"Não";2;0;0;0;1;3;0;4;-8,55476286;-43,95193812;"SPRF-PI";"DEL03-PI";"UOP02-DEL03-PI"
296395;2020-07-19;"domingo";"20:00:00";"MG";50;75,8;"UBERLANDIA";"Desobediência às normas de trânsito pelo condutor";"Colisão traseira";"Com Vítimas Fatais";"Plena Noite";"Crescente";"Céu Claro";"Dupla";"Reta";"Sim";3;1;1;0;0;1;1;2;-18,9247585;-48,22179437;"SPRF-MG";"DEL15-MG";"UOP01-DEL15-MG"
296412;2020-07-19;"domingo";"21:30:00";"MG";365;631;"UBERLANDIA";"Não guardar distância de segurança";"Colisão traseira";"Com Vítimas Fatais";"Plena Noite";"Crescente";"Céu Claro";"Dupla";"Reta";"Sim";4;1;0;0;1;2;0;4;-18,89793861;-48,38105894;"SPRF-MG";"DEL15-MG";"UOP01-DEL15-MG"
296426;2020-07-19;"domingo";"22:30:00";"MG";381;724;"CARMO DA CACHOEIRA";"Velocidade Incompatível";"Tombamento";"Com Vítimas Feridas";"Plena Noite";"Decrescente";"Céu Claro";"Dupla";"Curva";"Não";2;0;0;1;0;1;1;2;-21,45748216;-45,2108109;"SPRF-MG";"DEL04-MG";"UOP02-DEL04-MG"
296431;2020-07-19;"domingo";"23:15:00";"CE";222;14;"CAUCAIA";"Desobediência às normas de trânsito pelo condutor";"Colisão transversal";"Com Vítimas Feridas";"Plena Noite";"Crescente";"Céu Claro";"Simples";"Reta";"Não";2;0;0;1;0;1;1;2;-3,76168497;-38,68641099;"SPRF-CE";"DEL01-CE";"UOP01-DEL01-CE"
296437;2020-07-19;"domingo";"22:00:00";"BA";116;665;"JEQUIE";"Falta de Atenção à Condução";"Tombamento";"Com Vítimas Feridas";"Plena Noite";"Decrescente";"Chuva";"Simples";"Aclive";"Não";2;0;1;0;0;1;1;2;-13,74137797;-40,09878382;"SPRF-BA";"DEL03-BA";"UOP01-DEL03-BA"
296441;2020-07-19;"domingo";"19:25:00";"MG";381;178;"GOVERNADOR VALADARES";"Ultrapassagem Indevida";"Colisão frontal";"Com Vítimas Feridas";"Plena Noite";"Crescente";"Garoa/Chuvisco";"Simples";"Reta";"Não";6;0;2;0;3;1;2;3;-19,02403311;-42,14619668;"SPRF-MG";"DEL06-MG";"UOP01-DEL06-MG"
296443;2020-07-19;"domingo";"18:30:00";"MG";116;189,1;"CARAI";"Falta de Atenção à Condução";"Colisão frontal";"Com Vítimas Feridas";"Plena Noite";"Decrescente";"Garoa/Chuvisco";"Simples";"Reta";"Não";3;0;1;0;1;1;1;3;-17,15597219;-41,49996017;"SPRF-MG";"DEL11-MG";"UOP01-DEL11-MG"
296445;2020-07-19;"domingo";"23:30:00";"MS";60;164;"CAMAPUA";"Falta de Atenção à Condução";"Colisão frontal";"Com Vítimas Feridas";"Plena Noite";"Crescente";"Céu Claro";"Simples";"Reta";"Não";4;0;2;1;0;1;3;3;-19,45329278;-53,7777052;"SPRF-MS";"DEL06-MS";"UOP02-DEL06-MS"
296446;2020-07-19;"domingo";"20:15:00";"MG";116;418,6;"UBAPORANGA";"Desobediência às normas de trânsito pelo condutor";"Colisão frontal";"Com Vítimas Fatais";"Plena Noite";"Crescente";"Céu Claro";"Simples";"Reta";"Não";5;1;0;0;3;2;0;6;-19,70618828;-42,11790388;"SPRF-MG";"DEL06-MG";"UOP01-DEL06-MG"
296448;2020-07-20;"segunda-feira";"00:05:00";"SC";101;350,5;"JAGUARUNA";"Ingestão de Álcool";"Colisão frontal";"Com Vítimas Feridas";"Plena Noite";"Decrescente";"Céu Claro";"Dupla";"Reta;Viaduto";"Sim";5;0;2;1;1;2;3;4;-28,60018788;-49,05159473;"SPRF-SC";"DEL02-SC";"UOP01-DEL02-SC"
296449;2020-07-20;"segunda-feira";"01:55:00";"MG";40;444;"PARAOPEBA";"Carga excessiva e/ou mal acondicionada";"Tombamento";"Com Vítimas Feridas";"Plena Noite";"Crescente";"Céu Claro";"Dupla";"Reta";"Não";1;0;1;0;0;0;1;1;-19,28815;-44,392;"SPRF-MG";"DEL02-MG";"UOP01-DEL02-MG"
296454;2020-07-20;"segunda-feira";"01:20:00";"MS";60;27;"CHAPADAO DO SUL";"Velocidade Incompatível";"Tombamento";"Com Vítimas Feridas";"Plena Noite";"Crescente";"Ignorado";"Simples";"Curva";"Não";2;0;0;1;0;1;1;2;-18,90483356;-52,72089609;"SPRF-MS";"DEL08-MS";"UOP01-DEL08-MS"
296456;2020-07-20;"segunda-feira";"04:15:00";"RJ";116;276,7;"BARRA MANSA";"Defeito Mecânico no Veículo";"Incêndio";"Sem Vítimas";"Plena Noite";"Decrescente";"Céu Claro";"Dupla";"Declive";"Não";2;0;0;0;1;1;0;2;-22,56183393;-44,16588602;"SPRF-RJ";"DEL07-RJ";"UOP02-DEL07-RJ"
296460;2020-07-20;"segunda-feira";"06:30:00";"MG";40;767,9;"JUIZ DE FORA";"Desobediência às normas de trânsito pelo condutor";"Colisão traseira";"Com Vítimas Feridas";"Pleno dia";"Crescente";"Nublado";"Simples";"Curva";"Não";4;0;1;0;2;1;1;4;-21,57786776;-43,47496395;"SPRF-MG";"DEL05-MG";"UOP01-DEL05-MG"
296461;2020-07-20;"segunda-feira";"06:10:00";"MG";40;518,4;"RIBEIRAO DAS NEVES";"Velocidade Incompatível";"Saída de leito carroçável";"Sem Vítimas";"Amanhecer";"Crescente";"Céu Claro";"Dupla";"Reta";"Não";1;0;0;0;0;1;0;1;-19,8321242;-44,08208533;"SPRF-MG";"DEL01-MG";"UOP02-DEL01-MG"
296463;2020-07-20;"segunda-feira";"06:20:00";"MG";262;459,8;"NOVA SERRANA";"Condutor Dormindo";"Colisão traseira";"Sem Vítimas";"Pleno dia";"Decrescente";"Céu Claro";"Simples";"Aclive;Reta";"Não";3;0;0;0;2;1;0;2;-19,83154436;-45,06546119;"SPRF-MG";"DEL08-MG";"UOP03-DEL08-MG"
296465;2020-07-20;"segunda-feira";"06:30:00";"BA";116;808;"VITORIA DA CONQUISTA";"Condutor Dormindo";"Colisão traseira";"Com Vítimas Feridas";"Pleno dia";"Crescente";"Garoa/Chuvisco";"Simples";"Reta";"Não";2;0;1;0;1;0;1;2;-14,780968;-40,737076;"SPRF-BA";"DEL08-BA";"UOP01-DEL08-BA"
296470;2020-07-19;"domingo";"04:45:00";"CE";222;150;"IRAUCUBA";"Falta de Atenção do Pedestre";"Atropelamento de Pedestre";"Sem Vítimas";"Plena Noite";"Decrescente";"Céu Claro";"Simples";"Reta";"Sim";2;0;0;0;0;2;0;2;-3,7390634;-39,8064431;"SPRF-CE";"DEL04-CE";"UOP03-DEL04-CE"
296480;2020-07-20;"segunda-feira";"08:00:00";"MG";381;945,9;"EXTREMA";"Falta de Atenção à Condução";"Colisão traseira";"Com Vítimas Feridas";"Pleno dia";"Decrescente";"Céu Claro";"Dupla";"Reta;Aclive";"Não";3;0;2;0;1;0;2;2;-22,8603583;-46,34101868;"SPRF-MG";"DEL16-MG";"UOP03-DEL16-MG"
296482;2020-07-20;"segunda-feira";"08:25:00";"PR";153;367,2;"RIO AZUL";"Velocidade Incompatível";"Colisão transversal";"Com Vítimas Fatais";"Pleno dia";"Decrescente";"Nevoeiro/Neblina";"Simples";"Interseção de Vias;Reta";"Sim";2;1;0;0;1;0;0;2;-25,72144604;-50,79474995;"SPRF-PR";"DEL03-PR";"UOP03-DEL03-PR"
296485;2020-07-20;"segunda-feira";"08:40:00";"ES";101;126;"SOORETAMA";"Falta de Atenção à Condução";"Colisão transversal";"Com Vítimas Feridas";"Pleno dia";"Crescente";"Nublado";"Simples";"Interseção de Vias";"Sim";3;0;0;1;1;1;1;3;-19,193953;-40,0951;"SPRF-ES";"DEL04-ES";"UOP01-DEL04-ES"
296493;2020-07-20;"segunda-feira";"09:40:00";"MG";116;723,3;"MURIAE";"Velocidade Incompatível";"Capotamento";"Com Vítimas Feridas";"Pleno dia";"Crescente";"Sol";"Simples";"Curva;Declive";"Não";1;0;1;0;0;0;1;1;-21,25487;-42,40242;"SPRF-MG";"DEL07-MG";"UOP02-DEL07-MG"
296499;2020-04-03;"sexta-feira";"14:00:00";"PE";232;62,7;"POMBOS";"Defeito Mecânico no Veículo";"Colisão com objeto estático";"Com Vítimas Feridas";"Pleno dia";"Decrescente";"Céu Claro";"Dupla";"Declive";"Não";2;0;0;1;0;2;1;3;-8,15598579;-35,42308007;"SPRF-PE";"DEL02-PE";"UOP02-DEL02PE"
296506;2020-07-20;"segunda-feira";"10:40:00";"PR";277;22,5;"MORRETES";"Falta de Atenção à Condução";"Tombamento";"Com Vítimas Feridas";"Pleno dia";"Decrescente";"Céu Claro";"Dupla";"Reta";"Não";2;0;0;1;0;2;1;3;-25,54566194;-48,67953696;"SPRF-PR";"DEL01-PR";"UOP05-DEL01-PR"
296517;2020-07-20;"segunda-feira";"12:20:00";"MG";365;358;"VARJAO DE MINAS";"Velocidade Incompatível";"Colisão traseira";"Com Vítimas Feridas";"Pleno dia";"Decrescente";"Céu Claro";"Simples";"Reta";"Não";3;0;1;0;2;0;1;2;-18,39825512;-46,05314587;"SPRF-MG";"DEL10-MG";"UOP01-DEL10-MG"
296518;2020-07-20;"segunda-feira";"08:40:00";"SC";101;413,1;"ARARANGUA";"Desobediência às normas de trânsito pelo condutor";"Derramamento de carga";"Sem Vítimas";"Pleno dia";"Decrescente";"Céu Claro";"Simples";"Rotatória";"Sim";1;0;0;0;1;0;0;1;-28,94605997;-49,50428402;"SPRF-SC";"DEL02-SC";"UOP02-DEL02-SC"
296522;2020-07-20;"segunda-feira";"10:45:00";"RN";101;96,4;"NATAL";"Não guardar distância de segurança";"Colisão traseira";"Sem Vítimas";"Pleno dia";"Decrescente";"Chuva";"Múltipla";"Reta";"Sim";2;0;0;0;2;0;0;2;-5,851685;-35,209908;"SPRF-RN";"DEL01-RN";"UOP01-DEL01-RN"
296531;2020-07-20;"segunda-feira";"12:50:00";"MT";70;0;"PONTAL DO ARAGUAIA";"Deficiência ou não Acionamento do Sistema de Iluminação/Sinalização do Veículo";"Colisão com objeto estático";"Sem Vítimas";"Pleno dia";"Decrescente";"Céu Claro";"Simples";"Interseção de Vias";"Sim";2;0;0;0;1;1;0;2;-15,895538;-52,25599;"SPRF-MT";"DEL07-MT";"UOP01-DEL07-MT"
296532;2020-07-20;"segunda-feira";"13:15:00";"SP";153;327,4;"SALTO GRANDE";"Desobediência às normas de trânsito pelo condutor";"Colisão transversal";"Sem Vítimas";"Pleno dia";"Crescente";"Céu Claro";"Simples";"Reta";"Não";4;0;0;0;4;0;0;2;-22,825658;-49,889645;"SPRF-SP";"DEL07-SP";"UOP03-DEL07-SP"
296533;2020-07-20;"segunda-feira";"13:30:00";"BA";116;324,9;"ARACI";"Falta de Atenção à Condução";"Colisão lateral";"Com Vítimas Feridas";"Pleno dia";"Crescente";"Sol";"Simples";"Reta";"Não";4;0;0;2;2;0;2;2;-11,36524105;-38,96331864;"SPRF-BA";"DEL02-BA";"UOP01-DEL02-BA"
296535;2020-07-20;"segunda-feira";"12:34:00";"PR";277;420,1;"CANTAGALO";"Não guardar distância de segurança";"Saída de leito carroçável";"Com Vítimas Feridas";"Pleno dia";"Crescente";"Céu Claro";"Simples";"Aclive;Reta";"Sim";2;0;1;0;0;1;1;2;-25,4098909;-52,08839392;"SPRF-PR";"DEL04-PR";"UOP02-DEL04-PR"
296536;2020-07-20;"segunda-feira";"13:00:00";"MT";70;289;"PRIMAVERA DO LESTE";"Falta de Atenção à Condução";"Colisão traseira";"Sem Vítimas";"Pleno dia";"Crescente";"Céu Claro";"Simples";"Reta";"Não";3;0;0;0;2;2;0;4;-15,578222;-54,394511;"SPRF-MT";"DEL05-MT";"UOP01-DEL05-MT"
296537;2020-07-20;"segunda-feira";"10:00:00";"PE";232;418,1;"SERRA TALHADA";"Não guardar distância de segurança";"Colisão frontal";"Sem Vítimas";"Pleno dia";"Decrescente";"Garoa/Chuvisco";"Simples";"Declive";"Não";3;0;0;0;2;1;0;3;-8,0002425;-38,370411;"SPRF-PE";"DEL04-PE";"UOP01-DEL04-PE"
296544;2020-07-20;"segunda-feira";"10:56:00";"PR";277;584,3;"CASCAVEL";"Defeito Mecânico no Veículo";"Colisão lateral";"Com Vítimas Fatais";"Pleno dia";"Crescente";"Céu Claro";"Múltipla";"Reta";"Sim";4;1;0;1;1;1;1;3;-24,96684176;-53,40258186;"SPRF-PR";"DEL04-PR";"UOP01-DEL04-PR"
296550;2020-07-20;"segunda-feira";"14:20:00";"PR";476;129;"CURITIBA";"Não guardar distância de segurança";"Colisão traseira";"Com Vítimas Feridas";"Pleno dia";"Crescente";"Céu Claro";"Múltipla";"Reta";"Sim";3;0;1;0;2;0;1;2;-25,440983;-49,233715;"SPRF-PR";"DEL01-PR";"UOP07-DEL01-PR"
296557;2020-07-20;"segunda-feira";"14:30:00";"MG";381;384,5;"SAO GONCALO DO RIO ABAIXO";"Desobediência às normas de trânsito pelo condutor";"Colisão lateral";"Com Vítimas Feridas";"Pleno dia";"Crescente";"Céu Claro";"Simples";"Curva";"Não";4;0;1;0;2;2;1;5;-19,80675104;-43,4020021;"SPRF-MG";"DEL01-MG";"UOP01-DEL01-MG"
296559;2020-07-20;"segunda-feira";"13:40:00";"MA";226;596,3;"ESTREITO";"Desobediência às normas de trânsito pelo condutor";"Colisão lateral";"Sem Vítimas";"Pleno dia";"Crescente";"Céu Claro";"Dupla";"Rotatória";"Sim";4;0;0;0;3;2;0;4;-6,55775556;-47,45049834;"SPRF-MA";"DEL04-MA";"UOP02-DEL04-MA"
296562;2020-07-20;"segunda-feira";"14:15:00";"RS";386;217,3;"TIO HUGO";"Desobediência às normas de trânsito pelo condutor";"Colisão frontal";"Com Vítimas Feridas";"Pleno dia";"Crescente";"Céu Claro";"Simples";"Curva;Em Obras";"Não";4;0;1;0;2;1;1;3;-28,592888;-52,603817;"SPRF-RS";"DEL04-RS";"UOP03-DEL04-RS"
296566;2020-07-20;"segunda-feira";"06:30:00";"RR";174;313;"CARACARAI";"Desobediência às normas de trânsito pelo condutor";"Saída de leito carroçável";"Sem Vítimas";"Pleno dia";"Crescente";"Chuva";"Simples";"Reta";"Não";2;0;0;0;1;1;0;2;1,478492;-60,896461;"SPRF-RR";"DEL01-RR";"UOP01-DEL01-RR"
296567;2020-07-20;"segunda-feira";"16:20:00";"PR";376;617;"SAO JOSE DOS PINHAIS";"Velocidade Incompatível";"Colisão traseira";"Com Vítimas Feridas";"Pleno dia";"Crescente";"Sol";"Múltipla";"Reta;Declive";"Não";2;0;1;0;1;0;1;2;-25,58426494;-49,17618795;"SPRF-PR";"DEL01-PR";"UOP01-DEL01-PR"
296571;2020-07-20;"segunda-feira";"16:15:00";"SP";381;33,1;"ATIBAIA";"Velocidade Incompatível";"Colisão transversal";"Com Vítimas Feridas";"Pleno dia";"Decrescente";"Sol";"Dupla";"Reta";"Sim";3;0;1;0;1;1;1;2;-23,0728028;-46,56673562;"SPRF-SP";"DEL03-SP";"UOP01-DEL03-SP"
296575;2020-07-20;"segunda-feira";"16:40:00";"AL";101;62;"MESSIAS";"Falta de Atenção à Condução";"Saída de leito carroçável";"Com Vítimas Fatais";"Pleno dia";"Decrescente";"Nublado";"Dupla";"Curva";"Não";2;1;0;0;0;1;0;2;-9,30153295;-35,82114728;"SPRF-AL";"DEL01-AL";"UOP02-DEL01-AL"
296582;2020-07-20;"segunda-feira";"17:55:00";"RS";470;3,4;"BARRACAO";"Defeito Mecânico no Veículo";"Tombamento";"Com Vítimas Fatais";"Anoitecer";"Decrescente";"Céu Claro";"Simples";"Declive;Curva";"Não";3;1;1;0;0;1;1;2;-27,61974094;-51,48734093;"SPRF-RS";"DEL08-RS";"UOP05-DEL08-RS"
296592;2020-07-20;"segunda-feira";"15:00:00";"MG";365;570,8;"INDIANOPOLIS";"Falta de Atenção à Condução";"Tombamento";"Com Vítimas Feridas";"Pleno dia";"Decrescente";"Sol";"Simples";"Reta";"Não";3;0;2;0;0;1;2;2;-18,90975516;-47,87171004;"SPRF-MG";"DEL15-MG";"UOP02-DEL15-MG"
296593;2020-07-20;"segunda-feira";"18:10:00";"RS";386;420;"MONTENEGRO";"Velocidade Incompatível";"Tombamento";"Com Vítimas Feridas";"Plena Noite";"Crescente";"Céu Claro";"Dupla";"Curva";"Não";2;0;1;0;0;1;1;2;-29,817812;-51,422596;"SPRF-RS";"DEL04-RS";"UOP02-DEL04-RS"
296607;2020-07-20;"segunda-feira";"17:00:00";"SC";280;86,6;"CORUPA";"Restrição de Visibilidade";"Colisão traseira";"Com Vítimas Feridas";"Pleno dia";"Crescente";"Sol";"Dupla";"Reta";"Não";3;0;1;0;1;2;1;4;-26,42267896;-49,25298059;"SPRF-SC";"DEL06-SC";"UOP03-DEL06-SC"
296608;2020-07-20;"segunda-feira";"19:05:00";"MG";365;657,8;"MONTE ALEGRE DE MINAS";"Falta de Atenção à Condução";"Colisão traseira";"Com Vítimas Feridas";"Plena Noite";"Decrescente";"Céu Claro";"Dupla";"Reta";"Não";3;0;1;0;1;1;1;3;-18,88727999;-48,61748993;"SPRF-MG";"DEL15-MG";"UOP01-DEL15-MG"
296609;2020-07-20;"segunda-feira";"20:30:00";"PR";116;26;"CAMPINA GRANDE DO SUL";"Falta de Atenção à Condução";"Saída de leito carroçável";"Sem Vítimas";"Plena Noite";"Crescente";"Céu Claro";"Dupla";"Reta;Declive";"Não";2;0;0;0;1;1;0;2;-25,10683694;-48,785333;"SPRF-PR";"DEL01-PR";"UOP02-DEL01-PR"
296610;2020-07-20;"segunda-feira";"19:40:00";"ES";262;64,3;"MARECHAL FLORIANO";"Velocidade Incompatível";"Tombamento";"Com Vítimas Feridas";"Plena Noite";"Decrescente";"Nublado";"Simples";"Curva";"Não";2;0;0;1;0;1;1;2;-20,418487;-40,816493;"SPRF-ES";"DEL01-ES";"UOP02-DEL01-ES"
296611;2020-07-20;"segunda-feira";"20:30:00";"MS";60;515,7;"NIOAQUE";"Defeito Mecânico no Veículo";"Tombamento";"Com Vítimas Feridas";"Plena Noite";"Crescente";"Céu Claro";"Simples";"Curva";"Não";2;0;0;1;0;1;1;2;-21,17732695;-55,628235;"SPRF-MS";"DEL05-MS";"UOP01-DEL05-MS"
296619;2020-07-20;"segunda-feira";"22:30:00";"MG";381;335;"NOVA ERA";"Falta de Atenção à Condução";"Saída de leito carroçável";"Com Vítimas Feridas";"Plena Noite";"Decrescente";"Céu Claro";"Simples";"Curva";"Não";2;0;1;0;0;1;1;2;-19,81700707;-43,06661887;"SPRF-MG";"DEL03-MG";"UOP01-DEL03-MG"
296627;2020-07-21;"terça-feira";"00:30:00";"PR";369;147;"LONDRINA";"Não guardar distância de segurança";"Colisão traseira";"Sem Vítimas";"Plena Noite";"Decrescente";"Céu Claro";"Dupla";"Reta";"Não";2;0;0;0;2;0;0;2;-23,293085;-51,132384;"SPRF-PR";"DEL07-PR";"UOP01-DEL07-PR"
296633;2020-07-21;"terça-feira";"04:05:00";"PR";116;32;"CAMPINA GRANDE DO SUL";"Velocidade Incompatível";"Colisão com objeto estático";"Com Vítimas Feridas";"Plena Noite";"Decrescente";"Céu Claro";"Dupla";"Curva";"Não";2;0;1;0;0;1;1;2;-25,10497579;-48,83973903;"SPRF-PR";"DEL01-PR";"UOP02-DEL01-PR"
296634;2020-07-21;"terça-feira";"00:50:00";"RJ";101;238;"SILVA JARDIM";"Condutor Dormindo";"Saída de leito carroçável";"Com Vítimas Fatais";"Plena Noite";"Crescente";"Nevoeiro/Neblina";"Dupla";"Reta";"Não";2;2;0;0;0;0;0;1;-22,62072767;-42,41971425;"SPRF-RJ";"DEL02-RJ";"UOP03-DEL02-RJ"