"id";"data_inversa";"dia_semana";"horario";"uf";"br";"km";"municipio";"causa_acidente";"tipo_acidente";"classificacao_acidente";"fase_dia";"sentido_via";"condicao_metereologica";"tipo_pista";"tracado_via";"uso_solo";"pessoas";"mortos";"feridos_leves";"feridos_graves";"ilesos";"ignorados";"feridos";"veiculos";"latitude";"longitude";"regional";"delegacia";"uop"
296637;2020-07-21;"terça-feira";"05:30:00";"PE";101;78,1;"JABOATAO DOS GUARARAPES";"Ingestão de álcool e/ou substâncias psicoativas pelo pedestre";"Atropelamento de Pedestre";"Com Vítimas Fatais";"Pleno dia";"Crescente";"Sol";"Dupla";"Curva";"Sim";3;1;0;0;1;1;0;3;-8,13496499;-34,94738614;"SPRF-PE";"DEL01-PE";"UOP01-DEL01-PE"
296639;2020-07-21;"terça-feira";"04:50:00";"RJ";40;73;"PETROPOLIS";"Condutor Dormindo";"Colisão traseira";"Com Vítimas Fatais";"Plena Noite";"Crescente";"Céu Claro";"Dupla";"Reta";"Não";4;1;0;1;2;0;1;2;-22,46352401;-43,22321103;"SPRF-RJ";"DEL06-RJ";"UOP01-DEL06-RJ"
296641;2020-07-21;"terça-feira";"06:28:00";"BA";324;620;"SALVADOR";"Condutor Dormindo";"Colisão traseira";"Com Vítimas Feridas";"Pleno dia";"Crescente";"Céu Claro";"Múltipla";"Reta";"Sim";2;0;1;0;1;0;1;2;-12,92961458;-38,38245392;"SPRF-BA";"DEL01-BA";"UOP01-DEL01-BA"
296644;2020-07-20;"segunda-feira";"12:15:00";"RS";285;99;"MONTE ALEGRE DOS CAMPOS";"Velocidade Incompatível";"Tombamento";"Com Vítimas Feridas";"Pleno dia";"Crescente";"Céu Claro";"Simples";"Curva";"Não";3;0;1;0;1;1;1;2;-28,585506;-50,768902;"SPRF-RS";"DEL05-RS";"UOP03-DEL05-RS"
296646;2020-07-21;"terça-feira";"06:40:00";"MG";40;496,3;"ESMERALDAS";"Não guardar distância de segurança";"Colisão lateral";"Com Vítimas Feridas";"Pleno dia";"Decrescente";"Céu Claro";"Dupla";"Curva;Aclive";"Não";2;0;0;1;1;0;1;2;-19,66938244;-44,19456482;"SPRF-MG";"DEL02-MG";"UOP01-DEL02-MG"
296648;2020-07-21;"terça-feira";"07:30:00";"TO";153;244;"COLINAS DO TOCANTINS";"Falta de Atenção à Condução";"Tombamento";"Com Vítimas Feridas";"Amanhecer";"Decrescente";"Céu Claro";"Dupla";"Curva";"Não";2;0;1;0;0;1;1;2;-8,02983501;-48,46574949;"SPRF-TO";"DEL02-TO";"UOP01-DEL02-TO"
296649;2020-07-21;"terça-feira";"06:10:00";"CE";20;304;"CANINDE";"Falta de Atenção à Condução";"Colisão traseira";"Com Vítimas Fatais";"Pleno dia";"Decrescente";"Céu Claro";"Dupla";"Reta";"Sim";2;1;0;0;1;0;0;2;-4,38288903;-39,31099494;"SPRF-CE";"DEL02-CE";"UOP01-DEL02-CE"
296651;2020-07-21;"terça-feira";"07:00:00";"SC";153;102,1;"CONCORDIA";"Desobediência às normas de trânsito pelo condutor";"Saída de leito carroçável";"Com Vítimas Feridas";"Amanhecer";"Crescente";"Céu Claro";"Simples";"Curva;Declive";"Não";3;0;0;1;1;1;1;3;-27,260303;-51,953976;"SPRF-SC";"DEL07-SC";"UOP04-DEL07-SC"
296652;2020-07-21;"terça-feira";"06:45:00";"MS";463;53;"PONTA PORA";"Falta de Atenção à Condução";"Colisão traseira";"Com Vítimas Feridas";"Pleno dia";"Crescente";"Céu Claro";"Simples";"Reta";"Não";4;0;2;0;2;0;2;2;-22,45316937;-55,38428166;"SPRF-MS";"DEL04-MS";"UOP03-DEL04-MS"
296653;2020-07-21;"terça-feira";"07:30:00";"PE";232;364,5;"FLORES";"Condutor Dormindo";"Colisão frontal";"Com Vítimas Fatais";"Pleno dia";"Crescente";"Céu Claro";"Simples";"Reta";"Não";2;1;0;0;1;0;0;2;-8,04135353;-37,91259291;"SPRF-PE";"DEL04-PE";"UOP01-DEL04-PE"
296655;2020-06-13;"sábado";"06:50:00";"PE";423;57,7;"LAJEDO";"Condutor Dormindo";"Colisão frontal";"Com Vítimas Fatais";"Pleno dia";"Crescente";"Céu Claro";"Simples";"Reta";"Não";3;1;1;0;1;0;1;2;-8,63241321;-36,30454473;"SPRF-PE";"DEL03-PE";"UOP01-DEL03-PE"
296662;2020-07-13;"segunda-feira";"18:10:00";"RJ";101;334;"RIO DE JANEIRO";"Falta de Atenção à Condução";"Colisão transversal";"Com Vítimas Feridas";"Plena Noite";"Decrescente";"Céu Claro";"Dupla";"Reta";"Sim";3;0;1;0;2;0;1;2;-22,88517902;-43,21704364;"SPRF-RJ";"DEL02-RJ";"UOP02-DEL02-RJ"
296664;2020-07-21;"terça-feira";"07:00:00";"RS";158;265;"JULIO DE CASTILHOS";"Falta de Atenção à Condução";"Colisão frontal";"Com Vítimas Fatais";"Pleno dia";"Crescente";"Sol";"Simples";"Reta";"Não";6;2;1;2;0;1;3;3;-29,272676;-53,668339;"SPRF-RS";"DEL09-RS";"UOP01-DEL09-RS"
296672;2020-07-17;"sexta-feira";"16:42:00";"PR";373;184;"PONTA GROSSA";"Falta de Atenção à Condução";"Colisão com objeto estático";"Sem Vítimas";"Pleno dia";"Crescente";"Céu Claro";"Simples";"Aclive";"Sim";2;0;0;0;1;1;0;2;-25,04420006;-50,28426695;"SPRF-PR";"DEL03-PR";"UOP01-DEL03-PR"
296674;2020-07-21;"terça-feira";"05:00:00";"MG";251;449,7;"GRAO MOGOL";"Velocidade Incompatível";"Tombamento";"Com Vítimas Feridas";"Amanhecer";"Decrescente";"Céu Claro";"Simples";"Curva";"Não";1;0;1;0;0;0;1;1;-16,420528;-43,28967;"SPRF-MG";"DEL12-MG";"UOP01-DEL12-MG"
296678;2020-07-21;"terça-feira";"08:10:00";"MT";163;920;"ITAUBA";"Falta de Atenção à Condução";"Saída de leito carroçável";"Sem Vítimas";"Pleno dia";"Crescente";"Sol";"Simples";"Reta";"Não";2;0;0;0;1;3;0;4;-11,26005493;-55,31097026;"SPRF-MT";"DEL06-MT";"NPF/DEL06-MT"
296680;2020-02-20;"quinta-feira";"19:20:00";"RJ";116;228,9;"PIRAI";"Sinalização da via insuficiente ou inadequada";"Colisão traseira";"Com Vítimas Feridas";"Plena Noite";"Decrescente";"Céu Claro";"Dupla";"Reta";"Não";8;0;3;0;4;2;3;7;-22,66724427;-43,85192871;"SPRF-RJ";"DEL07-RJ";"UOP01-DEL07-RJ"
296681;2020-06-30;"terça-feira";"15:00:00";"PA";316;64;"CASTANHAL";"Desobediência às normas de trânsito pelo condutor";"Colisão transversal";"Com Vítimas Feridas";"Pleno dia";"Crescente";"Sol";"Dupla";"Reta";"Sim";2;0;0;1;1;0;1;2;-1,29629557;-47,91983997;"SPRF-PA";"DEL01-PA";"UOP01-DEL01-PA"
296683;2020-07-21;"terça-feira";"11:10:00";"MG";50;72;"UBERLANDIA";"Falta de Atenção à Condução";"Colisão traseira";"Sem Vítimas";"Pleno dia";"Crescente";"Céu Claro";"Simples";"Reta";"Sim";2;0;0;0;2;0;0;2;-18,85140204;-48,25345932;"SPRF-MG";"DEL15-MG";"UOP01-DEL15-MG"
296686;2020-07-01;"quarta-feira";"14:29:00";"MA";135;13;"SAO LUIS";"Desobediência às normas de trânsito pelo condutor";"Engavetamento";"Com Vítimas Feridas";"Pleno dia";"Crescente";"Céu Claro";"Múltipla";"Retorno Regulamentado";"Sim";5;0;1;0;3;1;1;5;-2,68053538;-44,29512283;"SPRF-MA";"DEL01-MA";"UOP01-DEL01-MA"
296698;2020-07-21;"terça-feira";"13:10:00";"PE";232;136;"CARUARU";"Falta de Atenção à Condução";"Tombamento";"Sem Vítimas";"Pleno dia";"Crescente";"Céu Claro";"Dupla";"Reta";"Não";3;0;0;0;1;3;0;4;-8,31339932;-36,04175591;"SPRF-PE";"DEL02-PE";"UOP03-DEL02-PE"
296704;2020-07-21;"terça-feira";"12:30:00";"SP";116;359,5;"MIRACATU";"Velocidade Incompatível";"Tombamento";"Com Vítimas Feridas";"Pleno dia";"Decrescente";"Sol";"Dupla";"Curva";"Não";4;0;2;0;1;12;2;13;-24,10938923;-47,2693634;"SPRF-SP";"DEL04-SP";"UOP02-DEL04-SP"
296707;2020-07-21;"terça-feira";"11:40:00";"SC";282;604,6;"MARAVILHA";"Falta de Atenção à Condução";"Colisão transversal";"Com Vítimas Feridas";"Pleno dia";"Decrescente";"Céu Claro";"Simples";"Reta";"Não";2;0;1;0;1;0;1;2;-26,795523;-53,192974;"SPRF-SC";"DEL07-SC";"UOP02-DEL07-SC"
296713;2020-07-21;"terça-feira";"14:30:00";"MG";40;559;"NOVA LIMA";"Falta de Atenção à Condução";"Engavetamento";"Com Vítimas Feridas";"Pleno dia";"Decrescente";"Céu Claro";"Dupla";"Reta";"Sim";3;0;1;0;2;0;1;3;-20,11861708;-43,96783926;"SPRF-MG";"DEL01-MG";"UOP02-DEL01-MG"
296717;2020-07-21;"terça-feira";"11:40:00";"SC";282;604,8;"MARAVILHA";"Não guardar distância de segurança";"Colisão lateral";"Sem Vítimas";"Pleno dia";"Decrescente";"Céu Claro";"Simples";"Reta";"Não";4;0;0;0;3;2;0;5;-26,790701;-53,195025;"SPRF-SC";"DEL07-SC";"UOP02-DEL07-SC"
296730;2020-07-21;"terça-feira";"17:19:00";"ES";101;294;"CARIACICA";"Desobediência às normas de trânsito pelo condutor";"Colisão traseira";"Com Vítimas Fatais";"Pleno dia";"Crescente";"Céu Claro";"Múltipla";"Reta";"Sim";4;1;0;1;1;1;1;4;-20,32415948;-40,3952903;"SPRF-ES";"DEL01-ES";"UOP01-DEL01-ES"
296732;2020-07-21;"terça-feira";"14:30:00";"RS";392;282,9;"SAO SEPE";"Falta de Atenção à Condução";"Colisão transversal";"Com Vítimas Feridas";"Pleno dia";"Decrescente";"Céu Claro";"Simples";"Aclive";"Não";3;0;1;1;1;0;2;2;-30,2905489;-53,53929569;"SPRF-RS";"DEL09-RS";"UOP02-DEL09-RS"
296736;2020-07-21;"terça-feira";"17:30:00";"PR";369;86;"CORNELIO PROCOPIO";"Velocidade Incompatível";"Tombamento";"Com Vítimas Feridas";"Pleno dia";"Decrescente";"Céu Claro";"Simples";"Curva";"Sim";2;0;0;1;0;1;1;2;-23,17895423;-50,62311709;"SPRF-PR";"DEL07-PR";"UOP05-DEL07-PR"
296739;2020-07-21;"terça-feira";"16:15:00";"GO";452;47,7;"RIO VERDE";"Falta de Atenção à Condução";"Colisão transversal";"Sem Vítimas";"Pleno dia";"Crescente";"Céu Claro";"Simples";"Interseção de Vias";"Não";2;0;0;0;2;0;0;2;-17,95640055;-50,50355945;"SPRF-GO";"DEL04-GO";"UOP01-DEL04-GO"
296747;2020-07-21;"terça-feira";"18:40:00";"SC";280;160,5;"MAFRA";"Avarias e/ou desgaste excessivo no pneu";"Saída de leito carroçável";"Com Vítimas Fatais";"Plena Noite";"Decrescente";"Céu Claro";"Simples";"Declive;Reta";"Não";1;1;0;0;0;0;0;1;-26,203024;-49,769434;"SPRF-SC";"DEL06-SC";"UOP03-DEL06-SC"
296753;2020-07-21;"terça-feira";"11:30:00";"MG";381;407;"BOM JESUS DO AMPARO";"Não guardar distância de segurança";"Colisão traseira";"Com Vítimas Feridas";"Pleno dia";"Decrescente";"Sol";"Dupla";"Reta;Declive;Em Obras";"Não";3;0;1;0;1;1;1;3;-19,75402;-43,531512;"SPRF-MG";"DEL01-MG";"UOP01-DEL01-MG"
296754;2020-07-21;"terça-feira";"19:00:00";"BA";116;131;"CANUDOS";"Defeito na Via";"Tombamento";"Com Vítimas Feridas";"Plena Noite";"Crescente";"Chuva";"Simples";"Reta";"Não";2;0;1;0;0;1;1;2;-9,75824498;-39,1284111;"SPRF-BA";"DEL07-BA";"UOP01-DEL07-BA"
296757;2020-07-21;"terça-feira";"10:30:00";"MT";158;546,8;"AGUA BOA";"Falta de Atenção à Condução";"Colisão lateral";"Com Vítimas Feridas";"Pleno dia";"Decrescente";"Céu Claro";"Simples";"Reta";"Não";3;0;1;0;2;0;1;3;-13,88723184;-52,06273814;"SPRF-MT";"DEL07-MT";"UOP02-DEL07-MT"
296761;2020-07-21;"terça-feira";"10:20:00";"PR";476;233,1;"SAO MATEUS DO SUL";"Falta de Atenção à Condução";"Colisão lateral";"Com Vítimas Fatais";"Pleno dia";"Decrescente";"Sol";"Simples";"Curva";"Não";3;1;1;0;0;1;1;3;-25,8934473;-50,3762319;"SPRF-PR";"DEL02-PR";"UOP04-DEL02-PR"
296763;2020-07-20;"segunda-feira";"06:00:00";"MG";251;341,4;"FRUTA DE LEITE";"Defeito Mecânico no Veículo";"Incêndio";"Com Vítimas Feridas";"Amanhecer";"Crescente";"Garoa/Chuvisco";"Simples";"Curva;Declive";"Não";2;0;1;0;0;2;1;3;-16,26091008;-42,48440817;"SPRF-MG";"DEL12-MG";"UOP01-DEL12-MG"
296767;2020-07-20;"segunda-feira";"23:30:00";"CE";222;106;"ITAPAJE";"Falta de Atenção à Condução";"Saída de leito carroçável";"Com Vítimas Feridas";"Plena Noite";"Crescente";"Chuva";"Simples";"Curva";"Não";1;0;1;0;0;0;1;1;-3,76264601;-39,47226092;"SPRF-CE";"DEL04-CE";"UOP03-DEL04-CE"
296768;2020-07-21;"terça-feira";"19:05:00";"RS";158;326;"SANTA MARIA";"Desobediência às normas de trânsito pelo condutor";"Colisão transversal";"Com Vítimas Feridas";"Plena Noite";"Crescente";"Céu Claro";"Múltipla";"Reta";"Sim";2;0;1;0;1;0;1;2;-29,70975376;-53,80284617;"SPRF-RS";"DEL09-RS";"UOP01-DEL09-RS"
296770;2020-07-21;"terça-feira";"17:30:00";"BA";20;108;"SAO DESIDERIO";"Velocidade Incompatível";"Tombamento";"Com Vítimas Feridas";"Pleno dia";"Crescente";"Céu Claro";"Simples";"Reta";"Não";2;0;1;0;0;2;1;3;-13,005838;-45,996955;"SPRF-BA";"DEL10-BA";"UOP01-DEL10-BA"
296774;2020-07-21;"terça-feira";"18:50:00";"RO";364;606;"ITAPUA DO OESTE";"Falta de Atenção do Pedestre";"Atropelamento de Pedestre";"Com Vítimas Feridas";"Anoitecer";"Decrescente";"Céu Claro";"Simples";"Reta";"Sim";4;0;1;0;1;3;1;4;-9,1795951;-63,2012541;"SPRF-RO";"DEL01-RO";"UOP04-DEL01-RO"
296780;2020-07-21;"terça-feira";"18:00:00";"MG";267;28,5;"ARGIRITA";"Velocidade Incompatível";"Tombamento";"Com Vítimas Feridas";"Plena Noite";"Decrescente";"Céu Claro";"Simples";"Curva";"Não";2;0;1;0;0;1;1;2;-21,640218;-42,834798;"SPRF-MG";"DEL07-MG";"UOP01-DEL07-MG"
296785;2020-07-21;"terça-feira";"14:15:00";"RS";470;208,8;"BENTO GONCALVES";"Carga excessiva e/ou mal acondicionada";"Tombamento";"Com Vítimas Feridas";"Pleno dia";"Decrescente";"Céu Claro";"Simples";"Curva";"Não";5;0;4;0;0;1;4;2;-29,11323174;-51,5437746;"SPRF-RS";"DEL06-RS";"UOP01-DEL06-RS"
296787;2020-07-21;"terça-feira";"19:15:00";"SC";116;107,8;"MONTE CASTELO";"Pista Escorregadia";"Colisão frontal";"Com Vítimas Feridas";"Plena Noite";"Decrescente";"Céu Claro";"Simples";"Curva";"Não";4;0;3;0;1;0;3;2;-26,75568818;-50,32812388;"SPRF-SC";"DEL06-SC";"UOP02-DEL06-SC"
296788;2020-07-21;"terça-feira";"21:50:00";"SC";470;128,5;"LONTRAS";"Não guardar distância de segurança";"Colisão traseira";"Com Vítimas Feridas";"Plena Noite";"Decrescente";"Nublado";"Simples";"Curva";"Não";3;0;1;0;1;1;1;3;-27,1472594;-49,55379009;"SPRF-SC";"DEL04-SC";"UOP02-DEL04-SC"
296790;2020-07-21;"terça-feira";"23:20:00";"RJ";101;207;"CASIMIRO DE ABREU";"Defeito Mecânico no Veículo";"Colisão com objeto em movimento";"Sem Vítimas";"Plena Noite";"Decrescente";"Céu Claro";"Simples";"Reta";"Não";5;0;0;0;4;3;0;7;-22,47766495;-42,20191956;"SPRF-RJ";"DEL08-RJ";"UOP04-DEL08-RJ"
296794;2020-07-21;"terça-feira";"15:30:00";"GO";60;469;"JATAI";"Falta de Atenção à Condução";"Colisão transversal";"Com Vítimas Feridas";"Pleno dia";"Decrescente";"Céu Claro";"Dupla";"Reta";"Sim";3;0;1;0;1;1;1;3;-17,90953551;-51,68407744;"SPRF-GO";"DEL05-GO";"UOP01-DEL05-GO"
296795;2020-07-21;"terça-feira";"22:20:00";"MA";10;232,4;"GOVERNADOR EDISON LOBAO";"Desobediência às normas de trânsito pelo condutor";"Colisão transversal";"Com Vítimas Feridas";"Plena Noite";"Decrescente";"Céu Claro";"Simples";"Reta";"Sim";3;0;1;0;2;0;1;2;-5,68029335;-47,37266291;"SPRF-MA";"DEL04-MA";"UOP01-DEL04-MA"
296798;2020-07-22;"quarta-feira";"03:00:00";"BA";242;390;"SEABRA";"Defeito Mecânico no Veículo";"Incêndio";"Sem Vítimas";"Plena Noite";"Crescente";"Garoa/Chuvisco";"Simples";"Reta";"Não";2;0;0;0;1;2;0;3;-12,45415768;-41,60686706;"SPRF-BA";"DEL06-BA";"UOP01-DEL06-BA"
296799;2020-07-22;"quarta-feira";"03:55:00";"PR";116;51;"CAMPINA GRANDE DO SUL";"Falta de Atenção à Condução";"Tombamento";"Sem Vítimas";"Plena Noite";"Crescente";"Nublado";"Dupla";"Curva";"Não";2;0;0;0;1;1;0;2;-25,24249703;-48,90292205;"SPRF-PR";"DEL01-PR";"UOP02-DEL01-PR"
296801;2020-07-22;"quarta-feira";"02:50:00";"PE";101;101;"CABO DE SANTO AGOSTINHO";"Falta de Atenção à Condução";"Colisão traseira";"Com Vítimas Feridas";"Plena Noite";"Decrescente";"Nevoeiro/Neblina";"Dupla";"Reta";"Não";3;0;2;0;1;0;2;2;-8,2757433;-35,05378122;"SPRF-PE";"DEL01-PE";"UOP03-DEL01-PE"
296802;2020-07-22;"quarta-feira";"05:30:00";"BA";116;466,2;"SANTO ESTEVAO";"Condutor Dormindo";"Colisão traseira";"Com Vítimas Feridas";"Amanhecer";"Crescente";"Céu Claro";"Dupla";"Aclive;Reta";"Não";4;0;1;1;1;1;2;3;-12,45221025;-39,25402888;"SPRF-BA";"DEL02-BA";"UOP01-DEL02-BA"
296804;2020-07-22;"quarta-feira";"06:25:00";"DF";40;5,8;"BRASILIA";"Falta de Atenção à Condução";"Colisão lateral";"Com Vítimas Feridas";"Amanhecer";"Decrescente";"Céu Claro";"Dupla";"Reta";"Sim";2;0;1;0;1;0;1;2;-16,020903;-47,980541;"SPRF-DF";"DEL01-DF";"UOP01-DEL01-DF"
296806;2020-07-22;"quarta-feira";"06:00:00";"GO";60;5,9;"SANTO ANTONIO DO DESCOBERTO";"Desobediência às normas de trânsito pelo condutor";"Colisão traseira";"Sem Vítimas";"Amanhecer";"Crescente";"Céu Claro";"Dupla";"Retorno Regulamentado;Reta";"Não";2;0;0;0;2;0;0;2;-16,09620651;-48,28298092;"SPRF-DF";"DEL03-DF";"UOP01-DEL03-DF"
296807;2020-07-22;"quarta-feira";"06:00:00";"RJ";40;114;"DUQUE DE CAXIAS";"Condutor Dormindo";"Colisão traseira";"Sem Vítimas";"Amanhecer";"Decrescente";"Céu Claro";"Múltipla";"Reta";"Não";2;0;0;0;2;0;0;2;-22,71853604;-43,28993324;"SPRF-RJ";"DEL01-RJ";"UOP01-DEL01-RJ"
296810;2020-07-22;"quarta-feira";"06:30:00";"BA";242;377,9;"PALMEIRAS";"Velocidade Incompatível";"Colisão lateral";"Com Vítimas Feridas";"Amanhecer";"Crescente";"Nublado";"Simples";"Curva";"Não";3;0;0;1;1;3;1;5;-12,43834712;-41,50300952;"SPRF-BA";"DEL06-BA";"UOP01-DEL06-BA"
296811;2020-07-22;"quarta-feira";"06:00:00";"PB";230;275;"SANTA LUZIA";"Carga excessiva e/ou mal acondicionada";"Tombamento";"Sem Vítimas";"Amanhecer";"Crescente";"Céu Claro";"Simples";"Curva";"Não";2;0;0;0;1;1;0;2;-6,953298;-36,821634;"SPRF-PB";"DEL03-PB";"UOP01-DEL03-PB"
296824;2020-07-22;"quarta-feira";"08:20:00";"TO";242;461,5;"FORMOSO DO ARAGUAIA";"Defeito na Via";"Colisão frontal";"Com Vítimas Feridas";"Pleno dia";"Decrescente";"Céu Claro";"Simples";"Reta";"Não";5;0;0;3;1;1;3;3;-11,80284286;-49,59990998;"SPRF-TO";"DEL01-TO";"UOP02-DEL01-TO"
296831;2020-07-22;"quarta-feira";"09:30:00";"ES";262;86;"DOMINGOS MARTINS";"Velocidade Incompatível";"Tombamento";"Com Vítimas Feridas";"Pleno dia";"Crescente";"Céu Claro";"Simples";"Curva";"Não";2;0;0;1;0;1;1;2;-20,39816331;-40,99242518;"SPRF-ES";"DEL01-ES";"UOP02-DEL01-ES"
296832;2020-07-22;"quarta-feira";"09:00:00";"PA";316;61,3;"CASTANHAL";"Falta de Atenção à Condução";"Colisão lateral";"Com Vítimas Feridas";"Pleno dia";"Crescente";"Céu Claro";"Dupla";"Reta";"Sim";4;0;1;0;2;2;1;4;-1,29686015;-47,94639002;"SPRF-PA";"DEL01-PA";"UOP01-DEL01-PA"
296837;2020-07-22;"quarta-feira";"09:25:00";"ES";101;109,9;"SOORETAMA";"Falta de Atenção à Condução";"Colisão lateral";"Com Vítimas Feridas";"Pleno dia";"Decrescente";"Céu Claro";"Simples";"Reta";"Não";4;0;1;0;2;1;1;3;-19,0539768;-40,0308224;"SPRF-ES";"DEL04-ES";"UOP01-DEL04-ES"
296839;2020-07-22;"quarta-feira";"08:50:00";"MG";116;507,8;"UBAPORANGA";"Defeito Mecânico no Veículo";"Saída de leito carroçável";"Com Vítimas Feridas";"Pleno dia";"Crescente";"Céu Claro";"Simples";"Reta";"Não";2;0;2;0;0;0;2;1;-19,61953715;-42,10872923;"SPRF-MG";"DEL06-MG";"UOP02-DEL06-MG"
296843;2020-07-22;"quarta-feira";"09:56:00";"SP";116;152,7;"SAO JOSE DOS CAMPOS";"Falta de Atenção à Condução";"Colisão lateral";"Com Vítimas Feridas";"Pleno dia";"Crescente";"Céu Claro";"Simples";"Reta";"Sim";2;0;1;0;1;0;1;2;-23,22620401;-45,90682999;"SPRF-SP";"DEL02-SP";"UOP01-DEL02-SP"
296844;2020-06-10;"quarta-feira";"09:45:00";"PA";316;54;"CASTANHAL";"Desobediência às normas de trânsito pelo condutor";"Colisão lateral";"Com Vítimas Feridas";"Pleno dia";"Crescente";"Céu Claro";"Dupla";"Reta";"Não";4;0;0;1;1;3;1;5;-1,30608532;-48,00803597;"SPRF-PA";"DEL01-PA";"UOP01-DEL01-PA"
296846;2020-07-22;"quarta-feira";"09:45:00";"MG";381;781,2;"CAMPANHA";"Condutor Dormindo";"Saída de leito carroçável";"Com Vítimas Feridas";"Pleno dia";"Decrescente";"Céu Claro";"Dupla";"Reta";"Não";2;0;1;0;0;1;1;2;-21,82055982;-45,49347858;"SPRF-MG";"DEL16-MG";"UOP02-DEL16-MG"
296850;2020-07-22;"quarta-feira";"11:45:00";"MG";381;525,3;"BRUMADINHO";"Defeito Mecânico no Veículo";"Saída de leito carroçável";"Com Vítimas Feridas";"Pleno dia";"Crescente";"Céu Claro";"Dupla";"Curva";"Não";2;0;1;0;0;1;1;2;-20,16710798;-44,33422398;"SPRF-MG";"DEL04-MG";"UOP03-DEL04-MG"
296853;2020-07-22;"quarta-feira";"11:35:00";"AL";101;111,8;"PILAR";"Falta de Atenção à Condução";"Colisão lateral";"Com Vítimas Feridas";"Pleno dia";"Decrescente";"Céu Claro";"Dupla";"Reta";"Não";6;0;2;0;3;1;2;3;-9,61963204;-36,02927378;"SPRF-AL";"DEL02-AL";"UOP01-DEL02-AL"
296854;2020-07-22;"quarta-feira";"09:15:00";"MG";116;667,9;"MIRADOURO";"Não guardar distância de segurança";"Colisão traseira";"Com Vítimas Feridas";"Pleno dia";"Decrescente";"Céu Claro";"Simples";"Em Obras";"Não";4;0;2;0;1;1;2;3;-20,851168;-42,32131801;"SPRF-MG";"DEL07-MG";"UOP03-DEL07-MG"
296856;2020-07-22;"quarta-feira";"10:40:00";"CE";20;291;"CANINDE";"Defeito na Via";"Colisão traseira";"Sem Vítimas";"Pleno dia";"Crescente";"Céu Claro";"Simples";"Curva";"Não";3;0;0;0;2;2;0;4;-4,48775113;-39,35688268;"SPRF-CE";"DEL02-CE";"UOP01-DEL02-CE"
296857;2020-07-22;"quarta-feira";"11:40:00";"RO";364;12;"VILHENA";"Não guardar distância de segurança";"Colisão lateral";"Com Vítimas Feridas";"Pleno dia";"Crescente";"Céu Claro";"Simples";"Interseção de Vias";"Sim";3;0;1;0;0;2;1;3;-12,74370233;-60,12147609;"SPRF-RO";"DEL04-RO";"UOP01-DEL04-RO"
296860;2020-07-22;"quarta-feira";"13:00:00";"RN";101;146;"GOIANINHA";"Falta de Atenção à Condução";"Colisão lateral";"Com Vítimas Feridas";"Pleno dia";"Crescente";"Sol";"Dupla";"Reta";"Sim";2;0;1;0;1;0;1;2;-6,26255354;-35,21147156;"SPRF-RN";"DEL01-RN";"UOP01-DEL01-RN"
296862;2020-07-22;"quarta-feira";"08:25:00";"MG";381;799,1;"SAO GONCALO DO SAPUCAI";"Condutor Dormindo";"Saída de leito carroçável";"Com Vítimas Feridas";"Pleno dia";"Crescente";"Céu Claro";"Dupla";"Curva";"Não";1;0;1;0;0;0;1;1;-21,96597216;-45,62999725;"SPRF-MG";"DEL16-MG";"UOP02-DEL16-MG"
296863;2020-07-22;"quarta-feira";"10:40:00";"SC";101;38,5;"JOINVILLE";"Desobediência às normas de trânsito pelo condutor";"Colisão transversal";"Com Vítimas Feridas";"Pleno dia";"Decrescente";"Céu Claro";"Simples";"Rotatória";"Sim";2;0;0;1;1;0;1;2;-26,29667137;-48,8836509;"SPRF-SC";"DEL03-SC";"UOP01-DEL03-SC"
296873;2020-07-22;"quarta-feira";"14:20:00";"MG";381;305,9;"ANTONIO DIAS";"Defeito Mecânico no Veículo";"Incêndio";"Sem Vítimas";"Pleno dia";"Crescente";"Céu Claro";"Dupla";"Túnel";"Não";1;0;0;0;1;0;0;1;-19,63814149;-42,90161133;"SPRF-MG";"DEL03-MG";"UOP02-DEL03-MG"
296884;2020-07-22;"quarta-feira";"15:40:00";"MG";40;617;"CONGONHAS";"Falta de Atenção à Condução";"Colisão transversal";"Com Vítimas Feridas";"Pleno dia";"Crescente";"Sol";"Simples";"Interseção de Vias";"Sim";4;0;2;0;1;1;2;4;-20,55295397;-43,81450989;"SPRF-MG";"DEL05-MG";"UOP02-DEL05-MG"
296889;2020-07-22;"quarta-feira";"09:15:00";"BA";324;521;"FEIRA DE SANTANA";"Não guardar distância de segurança";"Colisão traseira";"Com Vítimas Feridas";"Pleno dia";"Crescente";"Céu Claro";"Dupla";"Reta";"Sim";5;0;1;0;3;1;1;4;-12,27918591;-38,92645693;"SPRF-BA";"DEL01-BA";"UOP03-DEL01-BA"
296890;2020-07-22;"quarta-feira";"17:55:00";"SE";101;93;"NOSSA SENHORA DO SOCORRO";"Não guardar distância de segurança";"Colisão lateral";"Com Vítimas Feridas";"Plena Noite";"Crescente";"Nublado";"Dupla";"Reta";"Sim";3;0;1;1;1;0;2;2;-10,90212319;-37,14494787;"SPRF-SE";"DEL01-SE";"UOP01-DEL01-SE"
296891;2020-07-22;"quarta-feira";"16:20:00";"MT";163;985;"TERRA NOVA DO NORTE";"Falta de Atenção à Condução";"Saída de leito carroçável";"Sem Vítimas";"Pleno dia";"Crescente";"Céu Claro";"Simples";"Reta";"Não";2;0;0;0;1;2;0;3;-10,7278561;-55,13094895;"SPRF-MT";"DEL06-MT";"NPF/DEL06-MT"