"id";"data_inversa";"dia_semana";"horario";"uf";"br";"km";"municipio";"causa_acidente";"tipo_acidente";"classificacao_acidente";"fase_dia";"sentido_via";"condicao_metereologica";"tipo_pista";"tracado_via";"uso_solo";"pessoas";"mortos";"feridos_leves";"feridos_graves";"ilesos";"ignorados";"feridos";"veiculos";"latitude";"longitude";"regional";"delegacia";"uop"
296893;2020-07-22;"quarta-feira";"15:20:00";"PR";376;49;"LOANDA";"Ultrapassagem Indevida";"Colisão lateral";"Sem Vítimas";"Pleno dia";"Crescente";"Céu Claro";"Simples";"Reta";"Não";2;0;0;0;2;0;0;2;-22,89053091;-52,92398195;"SPRF-PR";"DEL09-PR";"UOP02-DEL09-PR"
296895;2020-07-22;"quarta-feira";"17:20:00";"BA";101;512;"ITABUNA";"Falta de Atenção à Condução";"Saída de leito carroçável";"Com Vítimas Feridas";"Anoitecer";"Crescente";"Céu Claro";"Simples";"Reta";"Não";1;0;0;1;0;0;1;1;-14,99768304;-39,33390567;"SPRF-BA";"DEL05-BA";"UOP01-DEL05-BA"
296901;2020-07-22;"quarta-feira";"18:20:00";"PR";369;199;"APUCARANA";"Falta de Atenção à Condução";"Colisão traseira";"Com Vítimas Feridas";"Plena Noite";"Crescente";"Céu Claro";"Dupla";"Reta";"Não";2;0;1;0;1;0;1;2;-23,521701;-51,438219;"SPRF-PR";"DEL07-PR";"UOP03-DEL07-PR"
296902;2020-07-22;"quarta-feira";"16:55:00";"SC";101;94,9;"BARRA VELHA";"Não guardar distância de segurança";"Colisão com objeto estático";"Com Vítimas Feridas";"Pleno dia";"Decrescente";"Céu Claro";"Dupla";"Reta";"Não";2;0;1;0;1;0;1;2;-26,70881341;-48,70204926;"SPRF-SC";"DEL03-SC";"UOP02-DEL03-SC"
296903;2020-07-22;"quarta-feira";"08:30:00";"BA";242;559;"OLIVEIRA DOS BREJINHOS";"Animais na Pista";"Saída de leito carroçável";"Sem Vítimas";"Pleno dia";"Crescente";"Sol";"Simples";"Ponte";"Não";2;0;0;0;1;1;0;2;-12,046777;-43,081373;"SPRF-BA";"DEL06-BA";"UOP03-DEL06-BA"
296910;2020-07-22;"quarta-feira";"16:20:00";"BA";101;2,4;"RIO REAL";"Condutor Dormindo";"Colisão lateral";"Com Vítimas Fatais";"Pleno dia";"Decrescente";"Céu Claro";"Simples";"Curva";"Não";4;1;1;0;1;2;1;4;-11,54158905;-37,86231995;"SPRF-SE";"DEL02-SE";"UOP03-DEL02-SE"
296911;2020-07-22;"quarta-feira";"18:30:00";"RJ";116;204;"SEROPEDICA";"Falta de Atenção à Condução";"Colisão traseira";"Com Vítimas Feridas";"Plena Noite";"Crescente";"Céu Claro";"Dupla";"Reta";"Não";3;0;1;0;1;1;1;3;-22,72235708;-43,67443085;"SPRF-RJ";"DEL01-RJ";"UOP03-DEL01-RJ"
296918;2020-07-14;"terça-feira";"08:40:00";"MT";163;879;"CLAUDIA";"Ultrapassagem Indevida";"Colisão traseira";"Com Vítimas Feridas";"Pleno dia";"Decrescente";"Céu Claro";"Simples";"Reta";"Não";4;0;0;2;1;4;2;6;-11,491;-55,363;"SPRF-MT";"DEL06-MT";"NPF/DEL06-MT"
296925;2020-07-22;"quarta-feira";"17:30:00";"MA";316;367;"BACABAL";"Não guardar distância de segurança";"Engavetamento";"Com Vítimas Feridas";"Pleno dia";"Crescente";"Céu Claro";"Simples";"Reta";"Sim";5;0;3;0;2;0;3;5;-4,220189;-44,733734;"SPRF-MA";"DEL03-MA";"UOP01-DEL03-MA"
296927;2020-07-22;"quarta-feira";"20:00:00";"MG";262;437,2;"NOVA SERRANA";"Restrição de Visibilidade";"Colisão traseira";"Com Vítimas Fatais";"Plena Noite";"Decrescente";"Céu Claro";"Dupla";"Curva";"Não";4;1;0;0;2;3;0;6;-19,88223813;-44,92635727;"SPRF-MG";"DEL08-MG";"UOP03-DEL08-MG"
296929;2020-07-22;"quarta-feira";"20:00:00";"RS";470;174;"VERANOPOLIS";"Falta de Atenção à Condução";"Colisão transversal";"Com Vítimas Feridas";"Plena Noite";"Decrescente";"Céu Claro";"Simples";"Retorno Regulamentado";"Sim";4;0;1;0;2;1;1;3;-28,90964993;-51,54526793;"SPRF-RS";"DEL06-RS";"UOP02-DEL06-RS"
296930;2020-07-22;"quarta-feira";"17:15:00";"MG";262;802;"UBERABA";"Falta de Atenção à Condução";"Colisão traseira";"Com Vítimas Feridas";"Pleno dia";"Crescente";"Céu Claro";"Dupla";"Reta";"Sim";3;0;0;1;1;1;1;3;-19,77041908;-47,90442467;"SPRF-MG";"DEL13-MG";"UOP01-DEL13-MG"
296936;2020-07-22;"quarta-feira";"20:10:00";"PB";101;81,5;"BAYEUX";"Desobediência às normas de trânsito pelo condutor";"Colisão traseira";"Com Vítimas Feridas";"Plena Noite";"Crescente";"Céu Claro";"Simples";"Reta";"Não";5;0;3;0;1;1;3;3;-7,12508575;-34,94513217;"SPRF-PB";"DEL01-PB";"UOP01-DEL01-PB"
296940;2020-07-22;"quarta-feira";"21:00:00";"MA";135;20;"SAO LUIS";"Objeto estático sobre o leito carroçável";"Colisão com objeto em movimento";"Sem Vítimas";"Plena Noite";"Decrescente";"Céu Claro";"Dupla";"Reta";"Sim";3;0;0;0;3;0;0;1;-2,73143875;-44,33163334;"SPRF-MA";"DEL01-MA";"UOP01-DEL01-MA"
296944;2020-07-22;"quarta-feira";"19:00:00";"BA";116;609;"IRAJUBA";"Falta de Atenção à Condução";"Tombamento";"Com Vítimas Feridas";"Plena Noite";"Decrescente";"Ignorado";"Simples";"Curva";"Não";3;0;0;1;0;2;1;3;-13,27582412;-40,01481553;"SPRF-BA";"DEL03-BA";"UOP01-DEL03-BA"
296946;2020-07-22;"quarta-feira";"19:10:00";"PR";369;152;"LONDRINA";"Falta de Atenção à Condução";"Capotamento";"Sem Vítimas";"Plena Noite";"Decrescente";"Céu Claro";"Dupla";"Reta";"Sim";2;0;0;0;2;0;0;2;-23,30694613;-51,20109558;"SPRF-PR";"DEL07-PR";"UOP01-DEL07-PR"
296949;2020-07-22;"quarta-feira";"20:00:00";"SC";116;143,8;"SANTA CECILIA";"Carga excessiva e/ou mal acondicionada";"Tombamento";"Sem Vítimas";"Plena Noite";"Crescente";"Ignorado";"Simples";"Curva";"Não";2;0;0;0;1;2;0;3;-26,99398389;-50,39844506;"SPRF-SC";"DEL06-SC";"UOP02-DEL06-SC"
296953;2020-07-22;"quarta-feira";"23:45:00";"SC";470;191,9;"POUSO REDONDO";"Defeito Mecânico no Veículo";"Colisão frontal";"Com Vítimas Fatais";"Plena Noite";"Decrescente";"Céu Claro";"Simples";"Curva";"Não";5;1;2;0;0;2;2;4;-27,29331828;-50,07876277;"SPRF-SC";"DEL04-SC";"UOP02-DEL04-SC"
296954;2020-07-22;"quarta-feira";"21:20:00";"GO";50;196;"CAMPO ALEGRE DE GOIAS";"Condutor Dormindo";"Tombamento";"Com Vítimas Feridas";"Plena Noite";"Crescente";"Céu Claro";"Dupla";"Reta";"Não";2;0;1;0;0;1;1;2;-17,5457;-47,8303;"SPRF-GO";"DEL06-GO";"UOP01-DEL06-GO"
296955;2020-07-22;"quarta-feira";"21:20:00";"RO";364;517;"ARIQUEMES";"Desobediência às normas de trânsito pelo condutor";"Colisão transversal";"Sem Vítimas";"Plena Noite";"Crescente";"Céu Claro";"Múltipla";"Rotatória";"Sim";2;0;0;0;2;0;0;2;-9,90688101;-63,05581217;"SPRF-RO";"DEL03-RO";"UOP01-DEL03-RO"
296959;2020-07-23;"quinta-feira";"00:30:00";"PE";428;126,5;"LAGOA GRANDE";"Condutor Dormindo";"Colisão com objeto estático";"Sem Vítimas";"Plena Noite";"Decrescente";"Nublado";"Simples";"Reta";"Não";2;0;0;0;1;2;0;3;-8,94448289;-40,15676804;"SPRF-PE";"DEL06-PE";"UOP03-DEL06-PE"
296962;2020-07-23;"quinta-feira";"02:30:00";"RS";158;226,5;"CRUZ ALTA";"Ingestão de Álcool";"Colisão frontal";"Com Vítimas Feridas";"Plena Noite";"Crescente";"Céu Claro";"Simples";"Reta";"Não";2;0;1;0;1;0;1;2;-28,90875484;-53,63537118;"SPRF-RS";"DEL10-RS";"UOP02-DEL10-RS"
296964;2020-07-23;"quinta-feira";"02:55:00";"CE";304;57,5;"ARACATI";"Falta de Atenção à Condução";"Colisão transversal";"Com Vítimas Feridas";"Plena Noite";"Crescente";"Céu Claro";"Simples";"Reta";"Não";4;0;0;2;1;1;2;3;-4,58692261;-37,70287585;"SPRF-CE";"DEL03-CE";"UOP03-DEL03-CE"
296965;2020-07-23;"quinta-feira";"02:45:00";"TO";153;150;"ARAGUAINA";"Falta de Atenção à Condução";"Saída de leito carroçável";"Com Vítimas Feridas";"Plena Noite";"Crescente";"Céu Claro";"Simples";"Reta";"Não";2;0;0;1;0;1;1;2;-7,24812605;-48,25533885;"SPRF-TO";"DEL02-TO";"UOP01-DEL02-TO"
296966;2020-07-23;"quinta-feira";"03:00:00";"MG";267;185,5;"OLARIA";"Velocidade Incompatível";"Capotamento";"Com Vítimas Feridas";"Plena Noite";"Decrescente";"Nevoeiro/Neblina";"Simples";"Curva";"Não";2;0;0;1;0;1;1;2;-21,91670125;-43,97837801;"SPRF-MG";"DEL05-MG";"UOP01-DEL05-MG"
296967;2020-07-23;"quinta-feira";"03:40:00";"ES";101;266;"SERRA";"Desobediência às normas de trânsito pelo condutor";"Colisão transversal";"Com Vítimas Feridas";"Plena Noite";"Decrescente";"Céu Claro";"Dupla";"Reta";"Sim";3;0;1;0;1;1;1;3;-20,190199;-40,26828891;"SPRF-ES";"DEL02-ES";"UOP01-DEL02-ES"
296968;2020-07-23;"quinta-feira";"03:00:00";"SC";470;194,9;"POUSO REDONDO";"Condutor Dormindo";"Saída de leito carroçável";"Sem Vítimas";"Plena Noite";"Decrescente";"Céu Claro";"Simples";"Reta";"Não";1;0;0;0;1;0;0;1;-27,300501;-50,080284;"SPRF-SC";"DEL04-SC";"UOP02-DEL04-SC"
296971;2020-03-25;"quarta-feira";"01:00:00";"MG";40;517;"RIBEIRAO DAS NEVES";"Falta de Atenção do Pedestre";"Atropelamento de Pedestre";"Com Vítimas Fatais";"Plena Noite";"Crescente";"Céu Claro";"Dupla";"Reta";"Sim";3;1;0;0;1;1;0;3;-19,82351202;-44,08438913;"SPRF-MG";"DEL01-MG";"UOP02-DEL01-MG"
296972;2020-07-23;"quinta-feira";"05:50:00";"RS";116;253,5;"SAPUCAIA DO SUL";"Desobediência às normas de trânsito pelo condutor";"Colisão transversal";"Com Vítimas Feridas";"Plena Noite";"Crescente";"Céu Claro";"Dupla";"Interseção de Vias";"Sim";5;0;0;2;1;2;2;3;-29,81784209;-51,16996166;"SPRF-RS";"DEL01-RS";"UOP02-DEL01-RS"
296975;2020-07-23;"quinta-feira";"04:00:00";"MG";381;201;"PERIQUITO";"Defeito Mecânico no Veículo";"Incêndio";"Sem Vítimas";"Plena Noite";"Decrescente";"Nevoeiro/Neblina";"Simples";"Reta";"Sim";2;0;0;0;1;1;0;2;-19,18021145;-42,25981359;"SPRF-MG";"DEL06-MG";"UOP01-DEL06-MG"
296977;2020-07-23;"quinta-feira";"04:10:00";"SC";153;24;"AGUA DOCE";"Defeito Mecânico no Veículo";"Incêndio";"Sem Vítimas";"Plena Noite";"Decrescente";"Céu Claro";"Simples";"Reta";"Não";1;0;0;0;1;0;0;1;-26,743023;-51,656918;"SPRF-SC";"DEL07-SC";"UOP05-DEL07-SC"
296978;2020-07-23;"quinta-feira";"06:10:00";"PI";222;37;"BRASILEIRA";"Condutor Dormindo";"Colisão frontal";"Com Vítimas Feridas";"Amanhecer";"Decrescente";"Céu Claro";"Simples";"Aclive;Reta";"Não";3;0;1;0;1;1;1;3;-4,05672534;-41,51636587;"SPRF-PI";"DEL02-PI";"UOP01-DEL02-PI"
296980;2020-07-23;"quinta-feira";"07:30:00";"SP";153;73,9;"SAO JOSE DO RIO PRETO";"Falta de Atenção à Condução";"Colisão lateral";"Com Vítimas Feridas";"Pleno dia";"Crescente";"Céu Claro";"Dupla";"Reta";"Sim";2;0;1;0;1;0;1;2;-20,87627206;-49,42004692;"SPRF-SP";"DEL09-SP";"UOP01-DEL09-SP"
296983;2020-07-22;"quarta-feira";"09:30:00";"RO";364;668;"CANDEIAS DO JAMARI";"Defeito Mecânico no Veículo";"Derramamento de carga";"Sem Vítimas";"Pleno dia";"Crescente";"Céu Claro";"Simples";"Aclive;Reta;Ponte";"Não";2;0;0;0;1;2;0;3;-8,77428284;-63,48378996;"SPRF-RO";"DEL01-RO";"UOP01-DEL01-RO"
296988;2020-07-23;"quinta-feira";"07:15:00";"PR";116;13;"CAMPINA GRANDE DO SUL";"Falta de Atenção à Condução";"Colisão com objeto estático";"Sem Vítimas";"Pleno dia";"Decrescente";"Sol";"Dupla";"Reta";"Não";2;0;0;0;1;1;0;2;-25,096447;-48,664562;"SPRF-PR";"DEL01-PR";"UOP02-DEL01-PR"
296992;2020-07-23;"quinta-feira";"09:00:00";"CE";116;475,2;"MILAGRES";"Não guardar distância de segurança";"Colisão traseira";"Sem Vítimas";"Pleno dia";"Crescente";"Céu Claro";"Simples";"Reta";"Sim";6;0;0;0;3;3;0;5;-7,30008915;-38,88618099;"SPRF-CE";"DEL05-CE";"UOP03-DEL05-CE"
296996;2020-07-23;"quinta-feira";"10:00:00";"PR";153;23,3;"JACAREZINHO";"Falta de Atenção à Condução";"Colisão transversal";"Com Vítimas Feridas";"Pleno dia";"Crescente";"Céu Claro";"Simples";"Curva";"Não";3;0;1;0;2;0;1;2;-23,1892485;-49,98584125;"SPRF-PR";"DEL07-PR";"UOP04-DEL07-PR"
296999;2020-07-10;"sexta-feira";"10:10:00";"MG";153;17;"CENTRALINA";"Falta de Atenção à Condução";"Saída de leito carroçável";"Com Vítimas Feridas";"Pleno dia";"Crescente";"Céu Claro";"Dupla";"Reta";"Sim";2;0;1;0;0;2;1;3;-18,569555;-49,193806;"SPRF-MG";"DEL15-MG";"UOP03-DEL15-MG"
297001;2020-07-23;"quinta-feira";"08:30:00";"MA";10;168;"CAMPESTRE DO MARANHAO";"Velocidade Incompatível";"Saída de leito carroçável";"Sem Vítimas";"Pleno dia";"Decrescente";"Céu Claro";"Simples";"Reta";"Não";1;0;0;0;1;0;0;1;-6,248398;-47,352127;"SPRF-MA";"DEL04-MA";"UOP02-DEL04-MA"
297005;2020-07-23;"quinta-feira";"10:05:00";"MT";163;117;"RONDONOPOLIS";"Falta de Atenção do Pedestre";"Saída de leito carroçável";"Com Vítimas Feridas";"Pleno dia";"Crescente";"Céu Claro";"Dupla";"Reta";"Sim";2;0;1;0;0;1;1;2;-16,52182818;-54,65882461;"SPRF-MT";"DEL02-MT";"UOP01-DEL02-MT"
297009;2020-07-22;"quarta-feira";"23:30:00";"PI";135;542,5;"SAO GONCALO DO GURGUEIA";"Defeito Mecânico no Veículo";"Tombamento";"Com Vítimas Fatais";"Plena Noite";"Decrescente";"Céu Claro";"Simples";"Curva";"Não";2;1;0;0;1;0;0;1;-10,05360804;-45,28336399;"SPRF-PI";"DEL03-PI";"UOP02-DEL03-PI"
297010;2020-07-23;"quinta-feira";"08:50:00";"MG";262;355;"BETIM";"Desobediência às normas de trânsito pelo condutor";"Colisão lateral";"Com Vítimas Feridas";"Pleno dia";"Crescente";"Céu Claro";"Dupla";"Curva";"Sim";3;0;1;0;0;2;1;3;-19,96466575;-44,17285107;"SPRF-MG";"DEL01-MG";"UOP03-DEL01-MG"
297016;2020-07-23;"quinta-feira";"12:20:00";"SE";101;128,9;"ESTANCIA";"Não guardar distância de segurança";"Colisão traseira";"Com Vítimas Feridas";"Pleno dia";"Decrescente";"Céu Claro";"Dupla";"Aclive";"Não";2;0;1;0;0;1;1;2;-11,087854;-37,370702;"SPRF-SE";"DEL02-SE";"UOP01-DEL02-SE"
297017;2020-07-19;"domingo";"21:40:00";"MG";116;158,6;"PONTO DOS VOLANTES";"Falta de Atenção à Condução";"Tombamento";"Sem Vítimas";"Plena Noite";"Decrescente";"Nublado";"Simples";"Curva";"Não";2;0;0;0;1;1;0;2;-16,91731403;-41,4671292;"SPRF-MG";"DEL11-MG";"UOP02-DEL11-MG"
297021;2020-07-23;"quinta-feira";"11:45:00";"ES";259;28,7;"COLATINA";"Falta de Atenção à Condução";"Colisão traseira";"Com Vítimas Feridas";"Pleno dia";"Decrescente";"Sol";"Simples";"Em Obras;Curva;Aclive";"Não";3;0;0;1;1;2;1;4;-19,60378156;-40,50178528;"SPRF-ES";"DEL02-ES";"UOP01-DEL02-ES"
297023;2020-07-23;"quinta-feira";"13:15:00";"BA";242;225;"ITABERABA";"Defeito na Via";"Danos eventuais";"Sem Vítimas";"Pleno dia";"Decrescente";"Sol";"Simples";"Reta";"Sim";2;0;0;0;1;2;0;3;-12,520196;-40,278976;"SPRF-BA";"DEL06-BA";"UOP02-DEL06-BA"
297029;2020-07-23;"quinta-feira";"13:30:00";"ES";101;17;"PEDRO CANARIO";"Desobediência às normas de trânsito pelo condutor";"Colisão frontal";"Com Vítimas Feridas";"Pleno dia";"Crescente";"Céu Claro";"Múltipla";"Curva";"Não";3;0;1;0;2;0;1;2;-18,30836992;-39,95761871;"SPRF-ES";"DEL04-ES";"UOP02-DEL04-ES"
297043;2020-07-23;"quinta-feira";"15:00:00";"MG";381;401;"BOM JESUS DO AMPARO";"Sinalização da via insuficiente ou inadequada";"Colisão lateral";"Com Vítimas Feridas";"Pleno dia";"Decrescente";"Céu Claro";"Simples";"Curva";"Sim";4;0;2;0;1;1;2;3;-19,74743793;-43,52145519;"SPRF-MG";"DEL01-MG";"UOP01-DEL01-MG"
297045;2020-07-23;"quinta-feira";"14:30:00";"PR";277;590;"CASCAVEL";"Falta de Atenção à Condução";"Colisão transversal";"Com Vítimas Feridas";"Pleno dia";"Decrescente";"Sol";"Simples";"Reta";"Sim";3;0;1;0;1;1;1;3;-24,98120697;-53,45591501;"SPRF-PR";"DEL04-PR";"UOP01-DEL04-PR"
297049;2020-07-23;"quinta-feira";"14:45:00";"SC";470;218,1;"SAO CRISTOVAO DO SUL";"Carga excessiva e/ou mal acondicionada";"Colisão com objeto em movimento";"Com Vítimas Feridas";"Pleno dia";"Decrescente";"Céu Claro";"Simples";"Aclive";"Não";3;0;1;0;1;1;1;2;-27,297842;-50,294914;"SPRF-SC";"DEL05-SC";"UOP03-DEL05-SC"
297054;2020-07-23;"quinta-feira";"14:50:00";"SP";116;347;"MIRACATU";"Velocidade Incompatível";"Tombamento";"Sem Vítimas";"Pleno dia";"Decrescente";"Céu Claro";"Dupla";"Curva";"Não";2;0;0;0;1;2;0;3;-24,04699491;-47,19706111;"SPRF-SP";"DEL04-SP";"UOP02-DEL04-SP"
297056;2020-07-23;"quinta-feira";"15:30:00";"SP";381;6;"VARGEM";"Falta de Atenção à Condução";"Colisão traseira";"Com Vítimas Feridas";"Pleno dia";"Crescente";"Céu Claro";"Dupla";"Curva";"Não";3;0;1;0;1;1;1;3;-22,89713196;-46,41863707;"SPRF-SP";"DEL03-SP";"UOP01-DEL03-SP"
297061;2020-07-23;"quinta-feira";"17:10:00";"RS";158;327;"SANTA MARIA";"Não guardar distância de segurança";"Engavetamento";"Com Vítimas Feridas";"Pleno dia";"Crescente";"Sol";"Simples";"Reta";"Sim";4;0;1;0;2;1;1;4;-29,71224977;-53,817527;"SPRF-RS";"DEL09-RS";"UOP01-DEL09-RS"
297063;2020-07-23;"quinta-feira";"17:00:00";"SC";470;32;"GASPAR";"Desobediência às normas de trânsito pelo condutor";"Colisão lateral";"Com Vítimas Feridas";"Pleno dia";"Decrescente";"Céu Claro";"Dupla";"Reta";"Sim";2;0;0;1;1;0;1;2;-26,901793;-48,931812;"SPRF-SC";"DEL04-SC";"UOP01-DEL04-SC"
297064;2020-07-23;"quinta-feira";"17:30:00";"MG";381;494;"BETIM";"Pista Escorregadia";"Tombamento";"Com Vítimas Feridas";"Anoitecer";"Decrescente";"Céu Claro";"Múltipla";"Retorno Regulamentado";"Sim";3;0;1;0;2;0;1;2;-19,985563;-44,20318;"SPRF-MG";"DEL01-MG";"UOP03-DEL01-MG"
297076;2020-07-23;"quinta-feira";"06:00:00";"MS";262;152;"RIBAS DO RIO PARDO";"Defeito Mecânico no Veículo";"Tombamento";"Com Vítimas Feridas";"Amanhecer";"Decrescente";"Céu Claro";"Simples";"Reta";"Não";2;0;1;0;0;3;1;4;-20,4692891;-52,95059502;"SPRF-MS";"DEL07-MS";"UOP02-DEL07-MS"
297084;2020-07-23;"quinta-feira";"19:10:00";"MG";365;307,8;"PATOS DE MINAS";"Falta de Atenção do Pedestre";"Atropelamento de Pedestre";"Com Vítimas Feridas";"Plena Noite";"Crescente";"Céu Claro";"Simples";"Reta";"Não";5;0;0;1;1;3;1;3;-18,639;-46,492;"SPRF-MG";"DEL10-MG";"UOP01-DEL10-MG"
297086;2020-07-23;"quinta-feira";"20:00:00";"MG";153;104;"PRATA";"Falta de Atenção à Condução";"Colisão lateral";"Com Vítimas Feridas";"Plena Noite";"Crescente";"Céu Claro";"Simples";"Reta";"Não";3;0;1;0;1;1;1;3;-19,26347485;-48,92260343;"SPRF-MG";"DEL15-MG";"UOP03-DEL15-MG"
297088;2020-07-23;"quinta-feira";"20:40:00";"SP";116;223;"GUARULHOS";"Falta de Atenção à Condução";"Tombamento";"Sem Vítimas";"Plena Noite";"Decrescente";"Céu Claro";"Dupla";"Interseção de Vias";"Sim";3;0;0;0;2;1;0;2;-23,47559815;-46,5246609;"SPRF-SP";"DEL01-SP";"UOP01-DEL01-SP"
297090;2020-07-23;"quinta-feira";"18:30:00";"PB";104;96,2;"ESPERANCA";"Falta de Atenção do Pedestre";"Atropelamento de Pedestre";"Com Vítimas Fatais";"Plena Noite";"Decrescente";"Céu Claro";"Simples";"Reta";"Sim";2;1;0;0;1;0;0;2;-7,01186036;-35,85589407;"SPRF-PB";"DEL02-PB";"UOP04-DEL02-PB"
297094;2020-07-23;"quinta-feira";"19:20:00";"MT";163;114;"RONDONOPOLIS";"Ingestão de Álcool";"Saída de leito carroçável";"Sem Vítimas";"Plena Noite";"Decrescente";"Céu Claro";"Dupla";"Reta";"Não";2;0;0;0;1;2;0;3;-16,54595325;-54,67086252;"SPRF-MT";"DEL02-MT";"UOP01-DEL02-MT"
297095;2020-07-23;"quinta-feira";"16:00:00";"RO";364;435,7;"JARU";"Velocidade Incompatível";"Tombamento";"Com Vítimas Feridas";"Pleno dia";"Crescente";"Céu Claro";"Simples";"Curva";"Não";4;0;1;0;2;3;1;5;-10,3809894;-62,54971504;"SPRF-RO";"DEL03-RO";"UOP02-DEL03-RO"
297096;2020-07-23;"quinta-feira";"21:10:00";"SP";116;273;"TABOAO DA SERRA";"Defeito Mecânico no Veículo";"Colisão lateral";"Com Vítimas Feridas";"Pleno dia";"Crescente";"Céu Claro";"Múltipla";"Reta";"Não";3;0;1;0;2;0;1;2;-23,62809795;-46,81870306;"SPRF-SP";"DEL04-SP";"UOP01-DEL04-SP"
297101;2020-07-23;"quinta-feira";"22:05:00";"GO";40;10;"LUZIANIA";"Velocidade Incompatível";"Colisão traseira";"Com Vítimas Feridas";"Plena Noite";"Decrescente";"Céu Claro";"Dupla";"Reta";"Sim";3;0;2;0;0;1;2;2;-16,131285;-47,957923;"SPRF-DF";"DEL01-DF";"UOP01-DEL01-DF"
297104;2020-07-23;"quinta-feira";"18:30:00";"PI";316;54,6;"MONSENHOR GIL";"Defeito na Via";"Saída de leito carroçável";"Com Vítimas Feridas";"Plena Noite";"Decrescente";"Céu Claro";"Simples";"Curva";"Não";1;0;1;0;0;0;1;1;-5,52853582;-42,6350258;"SPRF-PI";"DEL01-PI";"UOP02-DEL01-PI"
297108;2020-07-23;"quinta-feira";"18:50:00";"PR";153;68;"CONSELHEIRO MAIRINCK";"Desobediência às normas de trânsito pelo condutor";"Colisão transversal";"Com Vítimas Feridas";"Anoitecer";"Decrescente";"Céu Claro";"Simples";"Interseção de Vias";"Não";2;0;1;0;1;0;1;2;-23,49901029;-50,10874919;"SPRF-PR";"DEL07-PR";"UOP04-DEL07-PR"
297109;2020-07-23;"quinta-feira";"20:45:00";"MT";364;55,6;"ALTO GARCAS";"Falta de Atenção à Condução";"Saída de leito carroçável";"Com Vítimas Feridas";"Plena Noite";"Decrescente";"Céu Claro";"Simples";"Curva";"Não";2;0;1;0;0;1;1;2;-16,95930789;-53,5197869;"SPRF-MT";"DEL02-MT";"UOP02-DEL02-MT"
297110;2020-07-23;"quinta-feira";"22:00:00";"PR";467;91;"CASCAVEL";"Velocidade Incompatível";"Tombamento";"Com Vítimas Feridas";"Plena Noite";"Crescente";"Céu Claro";"Dupla";"Curva";"Não";2;0;1;0;0;1;1;2;-24,8515;-53,6035;"SPRF-PR";"DEL04-PR";"UOP01-DEL04-PR"
297111;2020-07-23;"quinta-feira";"21:20:00";"MG";50;19,3;"ARAGUARI";"Defeito Mecânico no Veículo";"Incêndio";"Sem Vítimas";"Plena Noite";"Crescente";"Céu Claro";"Dupla";"Aclive";"Não";2;0;0;0;1;2;0;3;-18,57876301;-48,06009904;"SPRF-MG";"DEL15-MG";"UOP02-DEL15-MG"
297112;2020-07-23;"quinta-feira";"23:50:00";"PR";277;12;"PARANAGUA";"Falta de Atenção à Condução";"Colisão lateral";"Com Vítimas Feridas";"Plena Noite";"Decrescente";"Céu Claro";"Dupla";"Reta";"Não";3;0;1;0;1;2;1;4;-25,56281028;-48,63843597;"SPRF-PR";"DEL01-PR";"UOP05-DEL01-PR"
297113;2020-07-23;"quinta-feira";"22:00:00";"PE";101;41,9;"IGARASSU";"Falta de Atenção à Condução";"Colisão traseira";"Sem Vítimas";"Plena Noite";"Crescente";"Vento";"Múltipla";"Declive";"Sim";3;0;0;0;2;1;0;3;-7,83038346;-34,91426785;"SPRF-PE";"DEL01-PE";"UOP02-DEL01-PE"
297117;2020-07-23;"quinta-feira";"23:40:00";"PR";158;402;"LARANJEIRAS DO SUL";"Ingestão de álcool e/ou substâncias psicoativas pelo pedestre";"Saída de leito carroçável";"Sem Vítimas";"Plena Noite";"Decrescente";"Céu Claro";"Simples";"Curva";"Não";1;0;0;0;0;1;0;1;-25,356947;-52,382427;"SPRF-PR";"DEL04-PR";"UOP02-DEL04-PR"
297123;2020-07-24;"sexta-feira";"01:15:00";"MG";381;761,4;"TRES CORACOES";"Velocidade Incompatível";"Tombamento";"Com Vítimas Feridas";"Plena Noite";"Crescente";"Céu Claro";"Dupla";"Declive;Curva";"Não";2;0;1;0;1;0;1;1;-21,70293572;-45,36813855;"SPRF-MG";"DEL16-MG";"UOP02-DEL16-MG"
297124;2020-07-23;"quinta-feira";"20:10:00";"MG";267;43,3;"MARIPA DE MINAS";"Desobediência às normas de trânsito pelo condutor";"Colisão frontal";"Com Vítimas Fatais";"Plena Noite";"Decrescente";"Ignorado";"Simples";"Curva";"Não";3;1;0;0;1;1;0;3;-21,6829444;-42,92900685;"SPRF-MG";"DEL07-MG";"UOP01-DEL07-MG"
297125;2020-07-24;"sexta-feira";"00:45:00";"RS";392;232,9;"CACAPAVA DO SUL";"Falta de Atenção à Condução";"Colisão lateral";"Com Vítimas Feridas";"Plena Noite";"Decrescente";"Céu Claro";"Simples";"Ponte;Reta";"Não";3;0;1;0;1;3;1;5;-30,64879731;-53,29360229;"SPRF-RS";"DEL09-RS";"UOP02-DEL09-RS"