"id";"data_inversa";"dia_semana";"horario";"uf";"br";"km";"municipio";"causa_acidente";"tipo_acidente";"classificacao_acidente";"fase_dia";"sentido_via";"condicao_metereologica";"tipo_pista";"tracado_via";"uso_solo";"pessoas";"mortos";"feridos_leves";"feridos_graves";"ilesos";"ignorados";"feridos";"veiculos";"latitude";"longitude";"regional";"delegacia";"uop"
297126;2020-07-24;"sexta-feira";"03:25:00";"SC";153;111;"CONCORDIA";"Desobediência às normas de trânsito pelo condutor";"Colisão frontal";"Com Vítimas Feridas";"Plena Noite";"Crescente";"Céu Claro";"Simples";"Curva";"Sim";5;0;1;0;4;0;1;2;-27,319271;-51,983299;"SPRF-SC";"DEL07-SC";"UOP04-DEL07-SC"
297128;2020-07-24;"sexta-feira";"02:20:00";"BA";407;112;"JAGUARARI";"Pista Escorregadia";"Colisão traseira";"Sem Vítimas";"Plena Noite";"Decrescente";"Chuva";"Simples";"Reta";"Não";2;0;0;0;1;1;0;2;-10,333475;-40,16767292;"SPRF-BA";"DEL04-BA";"UOP01-DEL04-BA"
297129;2020-07-24;"sexta-feira";"03:45:00";"PB";230;35;"BAYEUX";"Falta de Atenção à Condução";"Saída de leito carroçável";"Sem Vítimas";"Plena Noite";"Crescente";"Céu Claro";"Múltipla";"Declive";"Sim";2;0;0;0;1;1;0;2;-7,1268;-34,9412;"SPRF-PB";"DEL01-PB";"UOP01-DEL01-PB"
297132;2020-07-24;"sexta-feira";"04:15:00";"MG";267;18,7;"LEOPOLDINA";"Condutor Dormindo";"Tombamento";"Com Vítimas Feridas";"Plena Noite";"Decrescente";"Céu Claro";"Simples";"Reta";"Não";2;0;1;0;0;1;1;2;-21,58943567;-42,763301;"SPRF-MG";"DEL07-MG";"UOP01-DEL07-MG"
297133;2020-07-24;"sexta-feira";"05:50:00";"PR";376;637;"TIJUCAS DO SUL";"Falta de Atenção à Condução";"Colisão traseira";"Com Vítimas Feridas";"Plena Noite";"Decrescente";"Nevoeiro/Neblina";"Dupla";"Aclive";"Não";3;0;0;1;1;1;1;3;-25,75614093;-49,12609667;"SPRF-PR";"DEL01-PR";"UOP04-DEL01-PR"
297135;2020-07-24;"sexta-feira";"03:45:00";"PI";222;24,1;"SAO JOAO DA FRONTEIRA";"Falta de Atenção à Condução";"Saída de leito carroçável";"Com Vítimas Feridas";"Plena Noite";"Crescente";"Nevoeiro/Neblina";"Simples";"Reta";"Não";2;0;0;1;0;1;1;2;-3,9957851;-41,42360196;"SPRF-PI";"DEL02-PI";"UOP01-DEL02-PI"
297136;2020-07-24;"sexta-feira";"06:15:00";"CE";222;63,5;"SAO GONCALO DO AMARANTE";"Falta de Atenção do Pedestre";"Atropelamento de Pedestre";"Com Vítimas Feridas";"Pleno dia";"Decrescente";"Céu Claro";"Múltipla";"Reta";"Sim";3;0;1;0;1;1;1;3;-3,6717776;-39,10726798;"SPRF-CE";"DEL01-CE";"UOP03-DEL01-CE"
297139;2020-07-23;"quinta-feira";"18:00:00";"RR";174;667;"PACARAIMA";"Condutor Dormindo";"Saída de leito carroçável";"Sem Vítimas";"Plena Noite";"Crescente";"Céu Claro";"Simples";"Reta";"Não";2;0;0;0;0;2;0;2;4,172797;-61,007744;"SPRF-RR";"SEOP-RR";"SEOP-RR"
297141;2020-07-24;"sexta-feira";"07:30:00";"RJ";116;113;"MAGE";"Fenômenos da Natureza";"Tombamento";"Com Vítimas Feridas";"Pleno dia";"Decrescente";"Céu Claro";"Dupla";"Reta";"Não";2;0;1;0;1;0;1;1;-22,57214;-43,007291;"SPRF-RJ";"DEL04-RJ";"UOP02-DEL04-RJ"
297143;2020-07-24;"sexta-feira";"07:30:00";"ES";101;100;"JAGUARE";"Falta de Atenção à Condução";"Colisão transversal";"Com Vítimas Feridas";"Pleno dia";"Decrescente";"Chuva";"Simples";"Interseção de Vias";"Sim";4;0;3;0;1;0;3;2;-18,98011199;-39,99543202;"SPRF-ES";"DEL04-ES";"UOP02-DEL04-ES"
297147;2020-07-24;"sexta-feira";"07:30:00";"SC";101;209,6;"SAO JOSE";"Desobediência às normas de trânsito pelo condutor";"Colisão transversal";"Com Vítimas Feridas";"Pleno dia";"Crescente";"Céu Claro";"Dupla";"Reta";"Sim";2;0;1;0;1;0;1;2;-27,61000542;-48,63895057;"SPRF-SC";"DEL01-SC";"UOP01-DEL01-SC"
297149;2020-07-24;"sexta-feira";"06:00:00";"MT";364;260;"JUSCIMEIRA";"Condutor Dormindo";"Saída de leito carroçável";"Com Vítimas Feridas";"Amanhecer";"Crescente";"Céu Claro";"Dupla";"Reta";"Não";3;0;1;1;0;1;2;2;-16,04010381;-54,89074656;"SPRF-MT";"DEL02-MT";"UOP01-DEL02-MT"
297154;2020-07-24;"sexta-feira";"08:25:00";"PB";101;82;"BAYEUX";"Falta de Atenção à Condução";"Colisão lateral";"Sem Vítimas";"Pleno dia";"Crescente";"Céu Claro";"Dupla";"Reta";"Sim";4;0;0;0;3;1;0;3;-7,12911;-34,93714;"SPRF-PB";"DEL01-PB";"UOP01-DEL01-PB"
297155;2020-07-24;"sexta-feira";"02:00:00";"MA";316;353;"BACABAL";"Desobediência às normas de trânsito pelo condutor";"Colisão traseira";"Com Vítimas Fatais";"Plena Noite";"Decrescente";"Céu Claro";"Simples";"Declive";"Não";4;1;0;1;2;0;1;2;-4,224952;-44,852993;"SPRF-MA";"DEL02-MA";"UOP01-DEL02-MA"
297157;2020-07-24;"sexta-feira";"08:55:00";"PE";101;86,3;"JABOATAO DOS GUARARAPES";"Falta de Atenção à Condução";"Colisão frontal";"Com Vítimas Feridas";"Pleno dia";"Decrescente";"Céu Claro";"Simples";"Interseção de Vias";"Sim";2;0;1;0;1;0;1;2;-8,186463;-34,971177;"SPRF-PE";"DEL01-PE";"UOP03-DEL01-PE"
297162;2020-07-24;"sexta-feira";"06:50:00";"BA";101;263;"SANTO ANTONIO DE JESUS";"Falta de Atenção à Condução";"Colisão frontal";"Com Vítimas Feridas";"Pleno dia";"Crescente";"Céu Claro";"Simples";"Curva";"Sim";4;0;1;0;2;1;1;4;-13,09003799;-39,27863203;"SPRF-BA";"DEL01-BA";"UOP02-DEL01-BA"
297166;2020-07-24;"sexta-feira";"08:10:00";"MG";40;38,8;"PARACATU";"Falta de Atenção à Condução";"Colisão transversal";"Com Vítimas Feridas";"Pleno dia";"Decrescente";"Céu Claro";"Simples";"Aclive";"Não";3;0;1;0;1;1;1;3;-17,21050388;-46,89942099;"SPRF-MG";"DEL14-MG";"UOP01-DEL14-MG"
297167;2020-07-24;"sexta-feira";"08:30:00";"SP";381;1;"VARGEM";"Falta de Atenção à Condução";"Colisão traseira";"Com Vítimas Feridas";"Pleno dia";"Crescente";"Céu Claro";"Dupla";"Reta;Aclive";"Não";3;0;1;0;1;1;1;3;-22,88146043;-46,38105397;"SPRF-SP";"DEL03-SP";"UOP01-DEL03-SP"
297177;2020-07-24;"sexta-feira";"10:00:00";"MT";364;275;"JACIARA";"Falta de Atenção à Condução";"Colisão frontal";"Com Vítimas Feridas";"Pleno dia";"Crescente";"Céu Claro";"Simples";"Reta";"Sim";7;0;2;0;4;3;2;5;-15,95208;-54,986935;"SPRF-MT";"DEL02-MT";"UOP01-DEL02-MT"
297178;2020-07-24;"sexta-feira";"08:30:00";"RO";364;344,8;"JI-PARANA";"Defeito Mecânico no Veículo";"Queda de ocupante de veículo";"Com Vítimas Feridas";"Pleno dia";"Crescente";"Céu Claro";"Simples";"Curva";"Sim";2;0;1;0;1;0;1;1;-10,87376391;-61,95256893;"SPRF-RO";"DEL02-RO";"UOP01-DEL02-RO"
297183;2020-07-24;"sexta-feira";"10:50:00";"SC";101;430,9;"SOMBRIO";"Falta de Atenção à Condução";"Colisão com objeto estático";"Com Vítimas Feridas";"Pleno dia";"Crescente";"Sol";"Dupla";"Declive";"Não";2;0;1;0;0;1;1;2;-29,05578387;-49,62209542;"SPRF-SC";"DEL02-SC";"UOP02-DEL02-SC"
297188;2020-06-13;"sábado";"19:20:00";"PR";376;150,8;"PRESIDENTE CASTELO BRANCO";"Falta de Atenção à Condução";"Colisão traseira";"Com Vítimas Feridas";"Plena Noite";"Crescente";"Céu Claro";"Dupla";"Declive";"Não";3;0;1;0;1;2;1;4;-23,30075809;-52,11373329;"SPRF-PR";"DEL09-PR";"UOP01-DEL09-PR"
297189;2020-07-24;"sexta-feira";"14:20:00";"MG";153;193;"FRUTAL";"Defeito Mecânico no Veículo";"Saída de leito carroçável";"Com Vítimas Feridas";"Pleno dia";"Crescente";"Sol";"Simples";"Declive";"Não";2;0;1;0;0;1;1;2;-19,910743;-48,964738;"SPRF-MG";"DEL13-MG";"UOP02-DEL13-MG"
297193;2020-07-24;"sexta-feira";"14:05:00";"RS";386;349,3;"ESTRELA";"Velocidade Incompatível";"Colisão traseira";"Com Vítimas Feridas";"Pleno dia";"Crescente";"Nublado";"Dupla";"Reta";"Sim";4;0;1;0;3;0;1;2;-29,40404343;-51,99640408;"SPRF-RS";"DEL04-RS";"UOP02-DEL04-RS"
297194;2020-07-24;"sexta-feira";"11:46:00";"TO";153;366,6;"FORTALEZA DO TABOCAO";"Falta de Atenção à Condução";"Capotamento";"Sem Vítimas";"Pleno dia";"Decrescente";"Céu Claro";"Simples";"Reta";"Não";2;0;0;0;1;3;0;4;-9,11752593;-48,53156135;"SPRF-TO";"DEL02-TO";"UOP02-DEL02-TO"
297195;2020-07-24;"sexta-feira";"15:10:00";"PE";232;7;"RECIFE";"Não guardar distância de segurança";"Colisão traseira";"Com Vítimas Feridas";"Pleno dia";"Crescente";"Nublado";"Dupla";"Reta";"Sim";2;0;1;0;0;1;1;2;-8,07333497;-34,96184301;"SPRF-PE";"DEL01-PE";"UOP01-DEL01-PE"
297206;2020-07-24;"sexta-feira";"10:45:00";"SC";101;401;"MARACAJA";"Falta de Atenção à Condução";"Saída de leito carroçável";"Sem Vítimas";"Pleno dia";"Decrescente";"Céu Claro";"Dupla";"Reta";"Sim";1;0;0;0;1;0;0;1;-28,85594274;-49,44019434;"SPRF-SC";"DEL02-SC";"UOP02-DEL02-SC"
297207;2020-06-30;"terça-feira";"14:00:00";"MT";364;292,1;"JACIARA";"Mal Súbito";"Tombamento";"Com Vítimas Feridas";"Pleno dia";"Decrescente";"Céu Claro";"Dupla";"Reta";"Não";2;0;1;0;0;2;1;3;-15,89220915;-55,1038862;"SPRF-MT";"DEL05-MT";"UOP02-DEL05-MT"
297208;2020-07-24;"sexta-feira";"16:00:00";"ES";101;253,6;"SERRA";"Falta de Atenção à Condução";"Colisão traseira";"Com Vítimas Feridas";"Pleno dia";"Crescente";"Sol";"Simples";"Reta";"Sim";3;0;1;0;2;0;1;2;-20,10336754;-40,33383553;"SPRF-ES";"DEL02-ES";"UOP01-DEL02-ES"
297216;2020-07-16;"quinta-feira";"21:30:00";"MS";163;199,2;"CAARAPO";"Defeito Mecânico no Veículo";"Incêndio";"Sem Vítimas";"Plena Noite";"Decrescente";"Céu Claro";"Dupla";"Reta";"Não";2;0;0;0;1;1;0;2;-22,71256097;-54,78599144;"SPRF-MS";"DEL04-MS";"UOP02-DEL04-MS"
297218;2020-07-24;"sexta-feira";"12:45:00";"PR";376;420;"TIBAGI";"Não guardar distância de segurança";"Colisão traseira";"Com Vítimas Feridas";"Pleno dia";"Decrescente";"Sol";"Simples";"Aclive;Reta";"Não";4;0;1;0;2;1;1;3;-24,685889;-50,591284;"SPRF-PR";"DEL03-PR";"UOP02-DEL03-PR"
297221;2020-07-24;"sexta-feira";"15:30:00";"PR";116;115;"CURITIBA";"Não guardar distância de segurança";"Colisão lateral";"Sem Vítimas";"Pleno dia";"Decrescente";"Céu Claro";"Dupla";"Reta";"Não";3;0;0;0;2;1;0;3;-25,55953326;-49,26560414;"SPRF-PR";"DEL01-PR";"UOP06-DEL01-PR"
297236;2020-07-24;"sexta-feira";"11:15:00";"BA";116;927,9;"ENCRUZILHADA";"Falta de Atenção à Condução";"Tombamento";"Com Vítimas Feridas";"Pleno dia";"Crescente";"Céu Claro";"Simples";"Reta";"Não";3;0;0;1;1;3;1;4;-15,56154889;-41,26549021;"SPRF-BA";"DEL08-BA";"UOP03-DEL08-BA"
297247;2020-03-31;"terça-feira";"22:00:00";"MT";163;97,4;"RONDONOPOLIS";"Velocidade Incompatível";"Colisão traseira";"Com Vítimas Feridas";"Plena Noite";"Crescente";"Céu Claro";"Dupla";"Reta";"Não";3;0;1;1;0;3;2;5;-16,68462981;-54,66875067;"SPRF-MT";"DEL02-MT";"DEL2/2-UOP02/MT"
297252;2020-07-24;"sexta-feira";"17:50:00";"RJ";116;271,7;"BARRA MANSA";"Falta de Atenção à Condução";"Colisão traseira";"Sem Vítimas";"Plena Noite";"Crescente";"Céu Claro";"Dupla";"Reta";"Sim";3;0;0;0;2;1;0;3;-22,560883;-44,12224;"SPRF-RJ";"DEL07-RJ";"UOP02-DEL07-RJ"
297254;2020-07-24;"sexta-feira";"19:00:00";"CE";116;498;"BREJO SANTO";"Falta de Atenção à Condução";"Colisão traseira";"Com Vítimas Fatais";"Plena Noite";"Crescente";"Céu Claro";"Simples";"Reta";"Não";4;1;1;0;1;1;1;3;-7,42733609;-38,9699468;"SPRF-CE";"DEL05-CE";"UOP03-DEL05-CE"
297257;2020-07-24;"sexta-feira";"19:00:00";"SP";381;52;"ATIBAIA";"Velocidade Incompatível";"Engavetamento";"Com Vítimas Feridas";"Plena Noite";"Decrescente";"Céu Claro";"Dupla";"Curva";"Sim";8;0;1;0;6;1;1;7;-23,23243399;-46,60168648;"SPRF-SP";"DEL03-SP";"UOP01-DEL03-SP"
297262;2020-07-24;"sexta-feira";"18:40:00";"AL";423;96;"DELMIRO GOUVEIA";"Defeito Mecânico no Veículo";"Colisão frontal";"Com Vítimas Fatais";"Plena Noite";"Crescente";"Céu Claro";"Simples";"Reta";"Não";6;1;0;2;1;2;2;4;-9,37845507;-38,12309398;"SPRF-BA";"DEL07-BA";"UOP01-DEL07-BA"
297263;2020-07-24;"sexta-feira";"19:00:00";"RS";101;63;"MAQUINE";"Falta de Atenção à Condução";"Saída de leito carroçável";"Sem Vítimas";"Plena Noite";"Decrescente";"Nublado";"Dupla";"Reta";"Não";2;0;0;0;2;0;0;2;-29,69621105;-50,16781159;"SPRF-RS";"DEL03-RS";"UOP02-DEL03-RS"
297271;2020-07-24;"sexta-feira";"19:09:00";"RO";364;273,8;"CACOAL";"Desobediência às normas de trânsito pelo condutor";"Colisão transversal";"Com Vítimas Fatais";"Plena Noite";"Crescente";"Céu Claro";"Simples";"Rotatória";"Não";5;1;1;2;1;0;3;2;-11,38613832;-61,74865723;"SPRF-RO";"DEL02-RO";"UOP02-DEL02-RO"
297281;2020-07-24;"sexta-feira";"19:00:00";"BA";242;732;"CATOLANDIA";"Falta de Atenção à Condução";"Colisão traseira";"Com Vítimas Feridas";"Plena Noite";"Crescente";"Céu Claro";"Simples";"Reta";"Não";3;0;1;0;1;4;1;6;-12,16908043;-44,55751598;"SPRF-BA";"DEL10-BA";"UOP01-DEL10-BA"
297288;2020-07-24;"sexta-feira";"18:40:00";"SC";280;226;"TRES BARRAS";"Falta de Atenção à Condução";"Colisão frontal";"Com Vítimas Feridas";"Plena Noite";"Decrescente";"Ignorado";"Simples";"Reta";"Não";3;0;0;1;2;0;1;2;-26,18105839;-50,32269294;"SPRF-SC";"DEL06-SC";"UOP04-DEL06-SC"
297290;2020-07-24;"sexta-feira";"20:25:00";"MT";364;504;"JANGADA";"Falta de Atenção à Condução";"Colisão frontal";"Com Vítimas Fatais";"Plena Noite";"Decrescente";"Céu Claro";"Simples";"Reta";"Não";2;1;0;0;1;0;0;2;-15,1692344;-56,52431488;"SPRF-MT";"DEL01-MT";"UOP01-DEL01-MT"
297291;2020-07-24;"sexta-feira";"20:53:00";"MT";163;759;"SORRISO";"Desobediência às normas de trânsito pelo condutor";"Colisão frontal";"Com Vítimas Fatais";"Plena Noite";"Decrescente";"Céu Claro";"Simples";"Reta";"Não";3;1;0;0;1;2;0;4;-12,496397;-55,686519;"SPRF-MT";"DEL06-MT";"UOP01-DEL06-MT"
297293;2020-07-24;"sexta-feira";"22:10:00";"RJ";40;102;"DUQUE DE CAXIAS";"Ingestão de álcool e/ou substâncias psicoativas pelo pedestre";"Colisão traseira";"Sem Vítimas";"Plena Noite";"Decrescente";"Céu Claro";"Múltipla";"Reta";"Sim";4;0;0;0;4;0;0;3;-22,61089297;-43,28656077;"SPRF-RJ";"DEL01-RJ";"UOP01-DEL01-RJ"
297299;2020-07-24;"sexta-feira";"22:00:00";"CE";222;25,1;"CAUCAIA";"Desobediência às normas de trânsito pelo condutor";"Colisão lateral";"Com Vítimas Fatais";"Plena Noite";"Crescente";"Céu Claro";"Simples";"Declive";"Não";9;2;2;1;1;4;3;5;-3,7266762;-38,77703408;"SPRF-CE";"DEL01-CE";"UOP01-DEL01-CE"
297302;2020-07-24;"sexta-feira";"22:55:00";"SC";101;46;"JOINVILLE";"Ingestão de Álcool";"Colisão lateral";"Sem Vítimas";"Plena Noite";"Decrescente";"Céu Claro";"Múltipla";"Aclive";"Sim";4;0;0;0;3;1;0;3;-26,33150083;-48,86187762;"SPRF-SC";"DEL03-SC";"UOP01-DEL03-SC"
297303;2020-07-24;"sexta-feira";"21:50:00";"MG";116;527,7;"CARATINGA";"Desobediência às normas de trânsito pelo condutor";"Colisão transversal";"Com Vítimas Feridas";"Plena Noite";"Crescente";"Nublado";"Simples";"Interseção de Vias";"Sim";3;0;0;1;1;1;1;3;-19,78510701;-42,13445297;"SPRF-MG";"DEL06-MG";"UOP02-DEL06-MG"
297305;2020-07-24;"sexta-feira";"20:05:00";"MG";50;118,5;"UBERABA";"Ingestão de Álcool";"Colisão traseira";"Sem Vítimas";"Plena Noite";"Crescente";"Céu Claro";"Dupla";"Reta";"Não";3;0;0;0;2;1;0;3;-19,29129791;-48,11741979;"SPRF-MG";"DEL13-MG";"UOP01-DEL13-MG"
297308;2020-07-24;"sexta-feira";"23:30:00";"RJ";101;249;"SILVA JARDIM";"Animais na Pista";"Atropelamento de Animal";"Com Vítimas Feridas";"Plena Noite";"Crescente";"Céu Claro";"Dupla";"Reta";"Não";1;0;1;0;0;0;1;1;-22,66899692;-42,50868109;"SPRF-RJ";"DEL02-RJ";"UOP03-DEL02-RJ"
297311;2020-07-24;"sexta-feira";"22:10:00";"MG";116;519,4;"CARATINGA";"Velocidade Incompatível";"Colisão frontal";"Com Vítimas Feridas";"Plena Noite";"Decrescente";"Nublado";"Simples";"Curva";"Não";4;0;1;1;1;1;2;3;-19,71798497;-42,12830605;"SPRF-MG";"DEL06-MG";"UOP02-DEL06-MG"
297318;2020-07-25;"sábado";"01:00:00";"PR";277;7;"PARANAGUA";"Pista Escorregadia";"Colisão transversal";"Com Vítimas Feridas";"Plena Noite";"Crescente";"Nevoeiro/Neblina";"Simples";"Interseção de Vias;Reta";"Sim";3;0;1;0;1;3;1;5;-25,5075229;-48,51695538;"SPRF-PR";"DEL01-PR";"UOP05-DEL01-PR"
297319;2020-07-25;"sábado";"00:20:00";"PR";116;23;"CAMPINA GRANDE DO SUL";"Falta de Atenção à Condução";"Colisão traseira";"Com Vítimas Fatais";"Plena Noite";"Crescente";"Céu Claro";"Dupla";"Reta;Aclive";"Não";3;1;0;0;1;1;0;3;-25,109931;-48,758088;"SPRF-PR";"DEL01-PR";"UOP02-DEL01-PR"
297320;2020-07-25;"sábado";"01:40:00";"CE";402;279,2;"ITAPIPOCA";"Falta de Atenção do Pedestre";"Atropelamento de Pedestre";"Com Vítimas Fatais";"Plena Noite";"Crescente";"Céu Claro";"Simples";"Reta";"Não";2;1;0;0;1;0;0;2;-3,54526504;-39,47697706;"SPRF-CE";"DEL01-CE";"UOP03-DEL01-CE"
297328;2020-07-25;"sábado";"00:20:00";"MA";222;674;"ACAILANDIA";"Falta de Atenção à Condução";"Colisão traseira";"Com Vítimas Feridas";"Plena Noite";"Decrescente";"Céu Claro";"Simples";"Reta";"Sim";2;0;1;0;1;0;1;2;-4,93412557;-47,45359225;"SPRF-MA";"DEL04-MA";"UOP03-DEL04-MA"
297329;2020-07-24;"sexta-feira";"21:00:00";"PR";476;326,5;"PAULO FRONTIN";"Sinalização da via insuficiente ou inadequada";"Colisão frontal";"Com Vítimas Feridas";"Plena Noite";"Decrescente";"Céu Claro";"Múltipla";"Reta";"Sim";2;0;1;0;0;1;1;2;-26,09340288;-50,77477455;"SPRF-PR";"DEL02-PR";"UOP04-DEL02-PR"
297339;2020-07-25;"sábado";"07:30:00";"ES";101;191,8;"ARACRUZ";"Defeito Mecânico no Veículo";"Saída de leito carroçável";"Com Vítimas Feridas";"Pleno dia";"Decrescente";"Céu Claro";"Simples";"Reta";"Não";2;0;1;0;1;0;1;1;-19,68908911;-40,28696073;"SPRF-ES";"DEL04-ES";"UOP01-DEL04-ES"
297343;2020-07-25;"sábado";"08:30:00";"MG";40;562;"NOVA LIMA";"Falta de Atenção à Condução";"Colisão lateral";"Com Vítimas Feridas";"Pleno dia";"Crescente";"Céu Claro";"Dupla";"Reta";"Não";4;0;2;0;1;1;2;3;-20,14451602;-43,95966007;"SPRF-MG";"DEL01-MG";"UOP02-DEL01-MG"
297344;2020-07-25;"sábado";"06:15:00";"RS";392;155,8;"CANGUCU";"Falta de Atenção à Condução";"Saída de leito carroçável";"Sem Vítimas";"Amanhecer";"Decrescente";"Garoa/Chuvisco";"Simples";"Reta";"Não";2;0;0;0;1;1;0;2;-31,14278498;-52,88546096;"SPRF-RS";"DEL07-RS";"UOP01-DEL07-RS"
297349;2020-07-25;"sábado";"08:45:00";"SC";101;113;"ITAJAI";"Falta de Atenção à Condução";"Colisão lateral";"Com Vítimas Feridas";"Pleno dia";"Decrescente";"Céu Claro";"Dupla";"Reta";"Sim";3;0;2;0;0;1;2;3;-26,85311393;-48,72689927;"SPRF-SC";"DEL04-SC";"UOP04-DEL04-SC"
297351;2020-07-25;"sábado";"06:00:00";"MG";116;224;"CATUJI";"Falta de Atenção do Pedestre";"Atropelamento de Pedestre";"Com Vítimas Feridas";"Pleno dia";"Decrescente";"Nevoeiro/Neblina";"Simples";"Curva;Declive";"Não";2;0;0;1;0;1;1;2;-17,4396431;-41,51145911;"SPRF-MG";"DEL11-MG";"UOP01-DEL11-MG"
297361;2020-07-25;"sábado";"07:15:00";"RO";364;29,2;"VILHENA";"Ultrapassagem Indevida";"Tombamento";"Com Vítimas Feridas";"Pleno dia";"Crescente";"Céu Claro";"Simples";"Reta";"Não";4;0;2;0;1;4;2;6;-12,65684445;-60,31445593;"SPRF-RO";"DEL04-RO";"UOP01-DEL04-RO"
297363;2020-07-25;"sábado";"08:30:00";"MA";230;58;"SUCUPIRA DO RIACHAO";"Velocidade Incompatível";"Saída de leito carroçável";"Com Vítimas Feridas";"Pleno dia";"Decrescente";"Céu Claro";"Simples";"Curva";"Sim";2;0;1;0;0;2;1;3;-6,59375914;-43,46483231;"SPRF-PI";"DEL03-PI";"UOP01-DEL03-PI"
297371;2020-07-25;"sábado";"11:10:00";"CE";222;20,1;"CAUCAIA";"Falta de Atenção à Condução";"Tombamento";"Sem Vítimas";"Pleno dia";"Crescente";"Céu Claro";"Simples";"Rotatória";"Sim";1;0;0;0;1;0;0;1;-3,73583449;-38,74440193;"SPRF-CE";"DEL01-CE";"UOP01-DEL01-CE"
297374;2020-07-25;"sábado";"11:20:00";"CE";304;48,9;"ARACATI";"Não guardar distância de segurança";"Saída de leito carroçável";"Com Vítimas Feridas";"Pleno dia";"Crescente";"Céu Claro";"Dupla";"Curva";"Sim";4;0;1;0;1;2;1;3;-4,57863423;-37,77996807;"SPRF-CE";"DEL03-CE";"UOP03-DEL03-CE"
297379;2020-07-25;"sábado";"12:08:00";"BA";324;608;"SIMOES FILHO";"Falta de Atenção à Condução";"Engavetamento";"Sem Vítimas";"Pleno dia";"Crescente";"Céu Claro";"Dupla";"Reta";"Sim";5;0;0;0;4;1;0;5;-12,81182914;-38,40478762;"SPRF-BA";"DEL01-BA";"UOP01-DEL01-BA"
297390;2020-06-20;"sábado";"11:40:00";"BA";407;3,8;"JUAZEIRO";"Ultrapassagem Indevida";"Colisão traseira";"Com Vítimas Feridas";"Pleno dia";"Decrescente";"Céu Claro";"Simples";"Reta";"Sim";2;0;1;0;1;0;1;2;-9,43134011;-40,49823324;"SPRF-PE";"DEL06-PE";"UOP01-DEL06-PE"
297394;2020-07-25;"sábado";"14:55:00";"SE";101;93,1;"NOSSA SENHORA DO SOCORRO";"Não guardar distância de segurança";"Colisão traseira";"Com Vítimas Feridas";"Pleno dia";"Crescente";"Nublado";"Dupla";"Reta";"Sim";7;0;3;1;2;1;4;4;-10,90217199;-37,14519382;"SPRF-SE";"DEL01-SE";"UOP01-DEL01-SE"
297397;2020-07-25;"sábado";"14:50:00";"PE";232;252;"ARCOVERDE";"Ingestão de Álcool";"Colisão lateral";"Com Vítimas Feridas";"Pleno dia";"Decrescente";"Céu Claro";"Simples";"Aclive";"Sim";3;0;1;0;1;2;1;4;-8,43086;-37,06536;"SPRF-PE";"DEL03-PE";"UOP02-DEL03-PE"
297400;2020-07-25;"sábado";"13:35:00";"MG";381;400;"BOM JESUS DO AMPARO";"Ultrapassagem Indevida";"Colisão frontal";"Com Vítimas Feridas";"Pleno dia";"Decrescente";"Sol";"Simples";"Declive;Curva;Em Obras";"Não";14;0;4;0;9;2;4;9;-19,748078;-43,491953;"SPRF-MG";"DEL01-MG";"UOP01-DEL01-MG"
297404;2020-07-25;"sábado";"15:30:00";"MG";381;274;"CORONEL FABRICIANO";"Desobediência às normas de trânsito pelo condutor";"Colisão transversal";"Com Vítimas Feridas";"Pleno dia";"Crescente";"Céu Claro";"Simples";"Aclive;Interseção de Vias";"Não";4;0;0;1;1;2;1;4;-19,57460683;-42,71801809;"SPRF-MG";"DEL03-MG";"UOP02-DEL03-MG"
297406;2020-07-25;"sábado";"14:45:00";"PA";10;248;"AURORA DO PARA";"Desobediência às normas de trânsito pelo condutor";"Tombamento";"Com Vítimas Feridas";"Pleno dia";"Crescente";"Sol";"Simples";"Declive;Reta";"Não";3;0;1;0;0;2;1;3;-2,26775401;-47,56308362;"SPRF-PA";"DEL02-PA";"UOP01-DEL02-PA"
297417;2020-07-25;"sábado";"14:00:00";"MT";364;13,5;"ALTO ARAGUAIA";"Falta de Atenção à Condução";"Tombamento";"Com Vítimas Feridas";"Pleno dia";"Crescente";"Céu Claro";"Simples";"Rotatória";"Não";2;0;1;0;0;1;1;2;-17,25634094;-53,31211694;"SPRF-MT";"DEL02-MT";"UOP02-DEL02-MT"
297419;2020-07-25;"sábado";"16:00:00";"MS";163;839;"SONORA";"Defeito Mecânico no Veículo";"Incêndio";"Sem Vítimas";"Anoitecer";"Crescente";"Céu Claro";"Dupla";"Aclive";"Não";2;0;0;0;1;1;0;2;-17,56631308;-54,74049937;"SPRF-MS";"DEL06-MS";"UOP01-DEL06-MS"
297423;2020-07-25;"sábado";"07:28:00";"MT";163;1047,8;"MATUPA";"Falta de Atenção à Condução";"Colisão lateral";"Com Vítimas Feridas";"Pleno dia";"Crescente";"Céu Claro";"Simples";"Reta";"Não";3;0;0;1;1;3;1;5;-10,106374;-54,927258;"SPRF-MT";"DEL06-MT";"NPF/DEL06-MT"
297424;2020-07-25;"sábado";"17:00:00";"MG";365;757;"ITUIUTABA";"Mal Súbito";"Colisão lateral";"Com Vítimas Feridas";"Pleno dia";"Decrescente";"Céu Claro";"Simples";"Reta";"Não";3;0;1;0;1;1;1;3;-18,96358968;-49,4773831;"SPRF-MG";"DEL15-MG";"UOP03-DEL15-MG"
297427;2020-07-25;"sábado";"15:35:00";"GO";364;36,6;"PARANAIGUARA";"Falta de Atenção à Condução";"Colisão traseira";"Com Vítimas Feridas";"Pleno dia";"Decrescente";"Céu Claro";"Simples";"Declive";"Não";5;0;1;0;3;2;1;5;-18,872442;-50,783173;"SPRF-GO";"DEL05-GO";"UOP02-DEL05-GO"