"id";"data_inversa";"dia_semana";"horario";"uf";"br";"km";"municipio";"causa_acidente";"tipo_acidente";"classificacao_acidente";"fase_dia";"sentido_via";"condicao_metereologica";"tipo_pista";"tracado_via";"uso_solo";"pessoas";"mortos";"feridos_leves";"feridos_graves";"ilesos";"ignorados";"feridos";"veiculos";"latitude";"longitude";"regional";"delegacia";"uop"
297431;2020-07-25;"sábado";"16:45:00";"SP";381;78;"SAO PAULO";"Falta de Atenção à Condução";"Colisão traseira";"Com Vítimas Feridas";"Pleno dia";"Crescente";"Céu Claro";"Múltipla";"Reta";"Não";5;0;1;1;3;0;2;2;-23,39620774;-46,57355227;"SPRF-SP";"DEL03-SP";"UOP01-DEL03-SP"
297432;2020-07-25;"sábado";"17:15:00";"MG";381;521,5;"BRUMADINHO";"Desobediência às normas de trânsito pelo condutor";"Saída de leito carroçável";"Com Vítimas Feridas";"Pleno dia";"Crescente";"Nublado";"Dupla";"Curva";"Não";3;0;2;0;1;0;2;2;-20,13846621;-44,31715274;"SPRF-MG";"DEL04-MG";"UOP03-DEL04-MG"
297434;2020-07-25;"sábado";"18:20:00";"MG";40;511;"RIBEIRAO DAS NEVES";"Restrição de Visibilidade";"Colisão lateral";"Sem Vítimas";"Plena Noite";"Decrescente";"Céu Claro";"Dupla";"Reta";"Sim";3;0;0;0;2;1;0;3;-19,78869809;-44,11337083;"SPRF-MG";"DEL01-MG";"UOP02-DEL01-MG"
297436;2020-07-25;"sábado";"02:30:00";"PA";308;207;"BRAGANCA";"Desobediência às normas de trânsito pelo condutor";"Colisão frontal";"Com Vítimas Feridas";"Plena Noite";"Crescente";"Ignorado";"Simples";"Curva";"Sim";2;0;0;1;1;0;1;2;-1,1940003;-47,04443392;"SPRF-PA";"DEL01-PA";"UOP03-DEL01-PA"
297438;2020-07-25;"sábado";"15:30:00";"BA";407;30;"JUAZEIRO";"Defeito Mecânico no Veículo";"Tombamento";"Sem Vítimas";"Pleno dia";"Decrescente";"Céu Claro";"Simples";"Reta";"Não";1;0;0;0;1;0;0;1;-9,65000608;-40,39355517;"SPRF-BA";"DEL04-BA";"UOP01-DEL04-BA"
297445;2020-07-25;"sábado";"17:40:00";"MS";163;559,7;"BANDEIRANTES";"Falta de Atenção à Condução";"Tombamento";"Com Vítimas Feridas";"Plena Noite";"Crescente";"Céu Claro";"Simples";"Reta";"Não";2;0;1;0;0;1;1;2;-19,82876601;-54,3703542;"SPRF-MS";"DEL01-MS";"UOP02-DEL01-MS"
297448;2020-07-25;"sábado";"17:00:00";"MT";163;1110;"GUARANTA DO NORTE";"Falta de Atenção à Condução";"Tombamento";"Com Vítimas Fatais";"Plena Noite";"Crescente";"Céu Claro";"Simples";"Curva";"Não";3;3;0;0;0;0;0;1;-9,601246;-54,891013;"SPRF-MT";"DEL06-MT";"NPF/DEL06-MT"
297452;2020-07-25;"sábado";"18:00:00";"PA";316;20;"BENEVIDES";"Falta de Atenção à Condução";"Colisão lateral";"Com Vítimas Feridas";"Plena Noite";"Decrescente";"Céu Claro";"Dupla";"Reta";"Não";3;0;1;0;1;1;1;3;-1,3642339;-48,266582;"SPRF-PA";"DEL01-PA";"UOP01-DEL01-PA"
297468;2020-07-25;"sábado";"19:35:00";"PR";272;368,8;"CAMPO MOURAO";"Falta de Atenção do Pedestre";"Atropelamento de Pedestre";"Com Vítimas Fatais";"Plena Noite";"Crescente";"Céu Claro";"Simples";"Reta";"Sim";2;1;0;0;1;0;0;2;-24,05475193;-52,41061403;"SPRF-PR";"DEL09-PR";"UOP03-DEL09-PR"
297469;2020-07-25;"sábado";"20:10:00";"BA";101;884,9;"TEIXEIRA DE FREITAS";"Velocidade Incompatível";"Saída de leito carroçável";"Com Vítimas Feridas";"Plena Noite";"Decrescente";"Céu Claro";"Simples";"Curva;Declive";"Não";3;0;1;0;1;1;1;2;-17,55500924;-39,71832275;"SPRF-BA";"DEL09-BA";"UOP02-DEL09-BA"
297472;2020-07-25;"sábado";"18:30:00";"MT";70;121;"GENERAL CARNEIRO";"Velocidade Incompatível";"Saída de leito carroçável";"Com Vítimas Feridas";"Plena Noite";"Crescente";"Céu Claro";"Simples";"Curva";"Não";2;0;1;0;0;2;1;3;-15,59978313;-53,13010596;"SPRF-MT";"DEL07-MT";"UOP01-DEL07-MT"
297475;2020-07-25;"sábado";"20:40:00";"MG";40;489,2;"ESMERALDAS";"Condutor Dormindo";"Colisão com objeto estático";"Com Vítimas Feridas";"Plena Noite";"Crescente";"Céu Claro";"Dupla";"Reta;Declive";"Não";2;0;1;0;0;1;1;2;-19,6009;-44,22198;"SPRF-MG";"DEL02-MG";"UOP01-DEL02-MG"
297479;2020-07-25;"sábado";"13:30:00";"MT";364;132,3;"PEDRA PRETA";"Falta de Atenção à Condução";"Danos eventuais";"Sem Vítimas";"Pleno dia";"Decrescente";"Céu Claro";"Simples";"Aclive";"Não";2;0;0;0;1;1;0;2;-16,82976583;-54,03821096;"SPRF-MT";"DEL02-MT";"UOP01-DEL02-MT"
297492;2020-07-25;"sábado";"14:00:00";"MT";70;521,5;"VARZEA GRANDE";"Falta de Atenção do Pedestre";"Atropelamento de Pedestre";"Com Vítimas Feridas";"Pleno dia";"Crescente";"Céu Claro";"Simples";"Reta";"Não";3;0;1;0;1;1;1;3;-15,66767918;-56,181736;"SPRF-MT";"DEL01-MT";"UOP02-DEL01-MT"
297501;2020-07-25;"sábado";"18:40:00";"MG";116;215,8;"CATUJI";"Desobediência às normas de trânsito pelo condutor";"Colisão frontal";"Com Vítimas Feridas";"Plena Noite";"Crescente";"Nublado";"Simples";"Curva";"Não";7;0;5;0;1;1;5;3;-17,373992;-41,530189;"SPRF-MG";"DEL11-MG";"UOP01-DEL11-MG"
297503;2020-07-25;"sábado";"21:30:00";"RJ";40;117,3;"DUQUE DE CAXIAS";"Ingestão de Álcool";"Colisão traseira";"Com Vítimas Feridas";"Plena Noite";"Decrescente";"Nublado";"Múltipla";"Reta";"Sim";3;0;1;0;1;1;1;3;-22,745676;-43,2881;"SPRF-RJ";"DEL01-RJ";"UOP01-DEL01-RJ"
297509;2020-07-25;"sábado";"12:30:00";"MG";251;293,4;"SALINAS";"Agressão Externa";"Tombamento";"Sem Vítimas";"Pleno dia";"Decrescente";"Nublado";"Simples";"Reta";"Não";1;0;0;0;1;0;0;1;-16,07996309;-42,21336691;"SPRF-MG";"DEL11-MG";"UOP02-DEL11-MG"
297511;2020-07-25;"sábado";"22:50:00";"TO";153;789,9;"TALISMA";"Defeito na Via";"Tombamento";"Com Vítimas Feridas";"Plena Noite";"Decrescente";"Céu Claro";"Simples";"Reta";"Não";2;0;1;0;0;1;1;2;-12,71914102;-49,07691189;"SPRF-TO";"DEL01-TO";"UOP02-DEL01-TO"
297523;2020-07-26;"domingo";"00:15:00";"PR";277;448;"LARANJEIRAS DO SUL";"Ingestão de Álcool";"Tombamento";"Com Vítimas Feridas";"Plena Noite";"Crescente";"Céu Claro";"Simples";"Reta";"Não";1;0;0;1;0;0;1;1;-25,37012875;-52,33094893;"SPRF-PR";"DEL04-PR";"UOP02-DEL04-PR"
297527;2020-07-26;"domingo";"01:00:00";"MT";163;1109;"GUARANTA DO NORTE";"Falta de Atenção à Condução";"Tombamento";"Com Vítimas Feridas";"Plena Noite";"Crescente";"Céu Claro";"Simples";"Declive";"Não";2;0;1;0;0;2;1;3;-9,72607806;-54,88158286;"SPRF-MT";"DEL06-MT";"NPF/DEL06-MT"
297533;2020-07-25;"sábado";"16:00:00";"MG";40;660,5;"CARANDAI";"Defeito Mecânico no Veículo";"Colisão traseira";"Com Vítimas Feridas";"Pleno dia";"Decrescente";"Céu Claro";"Simples";"Declive;Reta";"Não";3;0;1;0;1;2;1;4;-20,89806015;-43,8232099;"SPRF-MG";"DEL05-MG";"UOP02-DEL05-MG"
297537;2020-07-25;"sábado";"19:00:00";"MG";40;600,1;"OURO PRETO";"Desobediência às normas de trânsito pelo condutor";"Colisão frontal";"Com Vítimas Fatais";"Plena Noite";"Crescente";"Céu Claro";"Simples";"Reta";"Não";4;1;0;0;3;0;0;3;-20,42625199;-43,86231799;"SPRF-MG";"DEL05-MG";"UOP02-DEL05-MG"
297540;2020-07-25;"sábado";"19:55:00";"MG";40;601,1;"OURO PRETO";"Falta de Atenção à Condução";"Colisão traseira";"Com Vítimas Feridas";"Plena Noite";"Decrescente";"Céu Claro";"Simples";"Reta";"Não";5;0;1;0;3;3;1;6;-20,43153322;-43,85435616;"SPRF-MG";"DEL05-MG";"UOP02-DEL05-MG"
297547;2020-07-26;"domingo";"04:30:00";"MG";251;512,3;"MONTES CLAROS";"Velocidade Incompatível";"Saída de leito carroçável";"Com Vítimas Feridas";"Plena Noite";"Decrescente";"Garoa/Chuvisco";"Simples";"Reta";"Não";3;0;1;0;1;1;1;2;-16,6553239;-43,71906108;"SPRF-MG";"DEL12-MG";"UOP01-DEL12-MG"
297548;2020-07-26;"domingo";"04:30:00";"PR";476;168,5;"CONTENDA";"Falta de Atenção à Condução";"Colisão lateral";"Sem Vítimas";"Plena Noite";"Crescente";"Ignorado";"Simples";"Curva";"Não";4;0;0;0;3;1;0;3;-25,661057;-49,48967;"SPRF-PR";"DEL01-PR";"UOP06-DEL01-PR"
297550;2020-07-26;"domingo";"02:55:00";"MT";364;361,7;"SANTO ANTONIO DO LEVERGER";"Condutor Dormindo";"Saída de leito carroçável";"Sem Vítimas";"Plena Noite";"Crescente";"Céu Claro";"Dupla";"Reta";"Não";2;0;0;0;1;3;0;4;-15,77450596;-55,63563197;"SPRF-MT";"DEL01-MT";"UOP02-DEL01-MT"
297551;2020-07-26;"domingo";"05:15:00";"MG";381;0,3;"BETIM";"Velocidade Incompatível";"Colisão com objeto estático";"Sem Vítimas";"Amanhecer";"Decrescente";"Céu Claro";"Dupla";"Curva;Aclive";"Não";3;0;0;0;0;3;0;3;-19,96825;-44,198708;"SPRF-MG";"DEL01-MG";"UOP03-DEL01-MG"
297556;2020-07-26;"domingo";"06:15:00";"BA";242;811;"BARREIRAS";"Falta de Atenção à Condução";"Tombamento";"Sem Vítimas";"Pleno dia";"Decrescente";"Céu Claro";"Simples";"Reta";"Não";2;0;0;0;1;2;0;3;-12,14176904;-44,964635;"SPRF-BA";"DEL10-BA";"UOP01-DEL10-BA"
297560;2020-07-25;"sábado";"19:36:00";"MG";381;783,5;"SAO GONCALO DO SAPUCAI";"Falta de Atenção à Condução";"Tombamento";"Com Vítimas Feridas";"Plena Noite";"Decrescente";"Céu Claro";"Dupla";"Reta";"Não";2;0;1;0;0;1;1;2;-21,8365134;-45,50716569;"SPRF-MG";"DEL16-MG";"UOP02-DEL16-MG"
297566;2020-07-26;"domingo";"06:10:00";"MT";163;556;"DIAMANTINO";"Condutor Dormindo";"Colisão frontal";"Com Vítimas Fatais";"Amanhecer";"Crescente";"Céu Claro";"Simples";"Declive";"Não";4;3;0;0;1;0;0;2;-14,25953099;-56,14632503;"SPRF-MT";"DEL01-MT";"UOP01-DEL01-MT"
297568;2020-07-25;"sábado";"12:45:00";"MA";230;232,7;"SAO FELIX DE BALSAS";"Defeito Mecânico no Veículo";"Tombamento";"Com Vítimas Feridas";"Pleno dia";"Decrescente";"Céu Claro";"Simples";"Declive;Reta";"Não";2;0;1;0;0;1;1;2;-6,81213585;-44,79692008;"SPRF-MA";"DEL05-MA";"UOP01-DEL05-MA"
297570;2020-07-26;"domingo";"06:40:00";"PI";135;627;"CRISTALANDIA DO PIAUI";"Falta de Atenção à Condução";"Danos eventuais";"Com Vítimas Feridas";"Pleno dia";"Crescente";"Céu Claro";"Simples";"Reta";"Não";4;0;1;1;1;2;2;4;-10,72420096;-45,17800291;"SPRF-PI";"DEL03-PI";"UOP02-DEL03-PI"
297572;2020-07-26;"domingo";"05:15:00";"MA";10;224;"GOVERNADOR EDISON LOBAO";"Ingestão de Álcool";"Colisão lateral";"Sem Vítimas";"Amanhecer";"Decrescente";"Céu Claro";"Simples";"Reta";"Sim";2;0;0;0;1;1;0;2;-5,754561;-47,359512;"SPRF-MA";"DEL04-MA";"UOP01-DEL04-MA"
297580;2020-07-26;"domingo";"04:50:00";"ES";262;64;"MARECHAL FLORIANO";"Falta de Atenção à Condução";"Tombamento";"Sem Vítimas";"Amanhecer";"Crescente";"Céu Claro";"Simples";"Curva";"Não";2;0;0;0;1;3;0;4;-20,41797008;-40,81618087;"SPRF-ES";"DEL01-ES";"UOP02-DEL01-ES"
297582;2020-07-23;"quinta-feira";"04:30:00";"MG";262;562,5;"CORREGO DANTA";"Falta de Atenção à Condução";"Saída de leito carroçável";"Com Vítimas Feridas";"Plena Noite";"Decrescente";"Céu Claro";"Simples";"Reta";"Não";3;0;1;0;1;2;1;3;-19,74565007;-45,95350701;"SPRF-MG";"DEL08-MG";"UOP02-DEL08-MG"
297595;2020-07-25;"sábado";"21:30:00";"BA";242;265;"BOA VISTA DO TUPIM";"Defeito na Via";"Tombamento";"Sem Vítimas";"Plena Noite";"Decrescente";"Céu Claro";"Simples";"Reta";"Não";2;0;0;0;1;2;0;3;-12,45769404;-40,58652901;"SPRF-BA";"DEL06-BA";"UOP02-DEL06-BA"
297616;2020-07-26;"domingo";"11:30:00";"RJ";116;317;"ITATIAIA";"Falta de Atenção à Condução";"Colisão traseira";"Com Vítimas Feridas";"Pleno dia";"Crescente";"Céu Claro";"Dupla";"Reta";"Não";3;0;0;1;2;0;1;3;-22,46708478;-44,50067002;"SPRF-RJ";"DEL07-RJ";"UOP02-DEL07-RJ"
297620;2020-07-26;"domingo";"11:50:00";"GO";60;379;"RIO VERDE";"Falta de Atenção à Condução";"Colisão transversal";"Com Vítimas Feridas";"Pleno dia";"Crescente";"Céu Claro";"Dupla";"Retorno Regulamentado";"Sim";3;0;1;0;1;3;1;5;-17,7564;-50,8793;"SPRF-GO";"DEL04-GO";"UOP01-DEL04-GO"
297621;2020-07-26;"domingo";"14:20:00";"PR";476;91;"BOCAIUVA DO SUL";"Velocidade Incompatível";"Tombamento";"Com Vítimas Fatais";"Pleno dia";"Crescente";"Nublado";"Simples";"Curva";"Não";5;1;0;1;1;3;1;5;-25,197294;-49,110645;"SPRF-PR";"DEL01-PR";"UOP07-DEL01-PR"
297622;2020-07-26;"domingo";"12:40:00";"PE";408;74,7;"PAUDALHO";"Condutor Dormindo";"Colisão com objeto estático";"Com Vítimas Feridas";"Pleno dia";"Decrescente";"Céu Claro";"Múltipla";"Reta";"Sim";1;0;1;0;0;0;1;1;-7,903429;-35,173217;"SPRF-PE";"DEL01-PE";"UOP01-DEL01-PE"
297624;2020-07-23;"quinta-feira";"06:00:00";"MA";230;514,5;"RIACHAO";"Não guardar distância de segurança";"Colisão traseira";"Sem Vítimas";"Amanhecer";"Crescente";"Céu Claro";"Simples";"Reta";"Não";5;0;0;0;4;4;0;7;-7,40968119;-46,94510999;"SPRF-MA";"DEL05-MA";"UOP01-DEL05-MA"
297625;2020-07-26;"domingo";"14:37:00";"PA";163;1001,1;"SANTAREM";"Falta de Atenção à Condução";"Colisão transversal";"Com Vítimas Feridas";"Pleno dia";"Crescente";"Céu Claro";"Simples";"Reta";"Sim";4;0;2;0;1;2;2;4;-2,462382;-54,727247;"SPRF-PA";"DEL05-PA";"UOP01-DEL05-PA"
297626;2020-07-26;"domingo";"14:10:00";"BA";101;717;"EUNAPOLIS";"Carga excessiva e/ou mal acondicionada";"Derramamento de carga";"Sem Vítimas";"Pleno dia";"Decrescente";"Céu Claro";"Simples";"Reta";"Sim";2;0;0;0;1;1;0;2;-16,35885059;-39,57970619;"SPRF-BA";"DEL09-BA";"UOP01-DEL09-BA"
297629;2020-07-26;"domingo";"13:00:00";"MT";163;1080;"GUARANTA DO NORTE";"Desobediência às normas de trânsito pelo condutor";"Colisão transversal";"Com Vítimas Feridas";"Pleno dia";"Crescente";"Sol";"Simples";"Reta";"Não";10;0;3;1;3;5;4;6;-9,95315097;-54,90416539;"SPRF-MT";"DEL06-MT";"NPF/DEL06-MT"
297643;2020-07-26;"domingo";"15:10:00";"AL";104;29;"UNIAO DOS PALMARES";"Ingestão de Álcool";"Colisão traseira";"Com Vítimas Feridas";"Pleno dia";"Decrescente";"Nublado";"Simples";"Reta";"Não";3;0;1;0;2;0;1;3;-9,11969886;-36,04038686;"SPRF-AL";"DEL01-AL";"UOP02-DEL01-AL"
297651;2020-07-26;"domingo";"06:05:00";"MA";226;294,3;"BARRA DO CORDA";"Falta de Atenção à Condução";"Colisão frontal";"Com Vítimas Fatais";"Pleno dia";"Crescente";"Sol";"Simples";"Reta";"Não";4;2;1;0;0;2;1;4;-5,48924991;-45,20623007;"SPRF-MA";"DEL03-MA";"UOP01-DEL03-MA"
297654;2020-07-26;"domingo";"12:25:00";"MA";316;253,6;"SANTA INES";"Condutor Dormindo";"Colisão lateral";"Com Vítimas Feridas";"Pleno dia";"Decrescente";"Céu Claro";"Simples";"Aclive";"Não";11;0;8;1;2;0;9;3;-3,658168;-45,451157;"SPRF-MA";"DEL02-MA";"UOP01-DEL02-MA"
297659;2020-07-26;"domingo";"10:13:00";"MG";146;517,4;"POCOS DE CALDAS";"Falta de Atenção à Condução";"Tombamento";"Com Vítimas Feridas";"Pleno dia";"Crescente";"Sol";"Simples";"Rotatória";"Não";3;0;2;0;0;2;2;3;-21,80857465;-46,47094365;"SPRF-MG";"DEL09-MG";"UOP01-DEL09-MG"
297671;2020-07-26;"domingo";"18:00:00";"MG";381;918,9;"CAMANDUCAIA";"Falta de Atenção à Condução";"Colisão lateral";"Com Vítimas Feridas";"Anoitecer";"Decrescente";"Céu Claro";"Dupla";"Aclive;Reta";"Não";6;0;2;0;2;3;2;5;-22,77347912;-46,18491379;"SPRF-MG";"DEL16-MG";"UOP03-DEL16-MG"
297672;2020-07-26;"domingo";"18:25:00";"DF";60;30;"BRASILIA";"Não guardar distância de segurança";"Colisão traseira";"Sem Vítimas";"Plena Noite";"Crescente";"Céu Claro";"Dupla";"Reta;Aclive";"Não";3;0;0;0;2;1;0;3;-16,03854;-48,255955;"SPRF-DF";"DEL03-DF";"UOP01-DEL03-DF"
297676;2020-07-26;"domingo";"18:13:00";"PR";116;72;"CAMPINA GRANDE DO SUL";"Defeito Mecânico no Veículo";"Saída de leito carroçável";"Com Vítimas Feridas";"Plena Noite";"Crescente";"Céu Claro";"Dupla";"Reta";"Não";3;0;1;0;1;1;1;2;-25,351671;-49,0425;"SPRF-PR";"DEL01-PR";"UOP01-DEL01-PR"
297679;2020-07-26;"domingo";"07:50:00";"PR";153;125,6;"IBAITI";"Carga excessiva e/ou mal acondicionada";"Tombamento";"Com Vítimas Feridas";"Pleno dia";"Decrescente";"Céu Claro";"Simples";"Curva";"Não";2;0;1;0;0;2;1;3;-23,96335339;-50,23477927;"SPRF-PR";"DEL07-PR";"UOP04-DEL07-PR"
297685;2020-07-26;"domingo";"11:10:00";"MG";365;5;"MONTES CLAROS";"Velocidade Incompatível";"Colisão frontal";"Sem Vítimas";"Pleno dia";"Decrescente";"Nublado";"Simples";"Declive;Curva";"Não";2;0;0;0;2;0;0;2;-16,74574399;-43,88392402;"SPRF-MG";"DEL12-MG";"UOP01-DEL12-MG"
297690;2020-07-26;"domingo";"17:01:00";"BA";116;360;"SERRINHA";"Falta de Atenção à Condução";"Colisão traseira";"Com Vítimas Feridas";"Anoitecer";"Decrescente";"Céu Claro";"Simples";"Reta";"Não";3;0;1;0;1;2;1;4;-11,67414115;-38,99714822;"SPRF-BA";"DEL02-BA";"UOP01-DEL02-BA"
297691;2020-07-26;"domingo";"18:00:00";"MT";174;488;"COMODORO";"Ingestão de Álcool";"Colisão traseira";"Com Vítimas Feridas";"Anoitecer";"Decrescente";"Céu Claro";"Simples";"Reta";"Não";5;0;2;0;2;3;2;5;-13,63885245;-59,79859708;"SPRF-MT";"DEL04-MT";"UOP01-DEL04-MT"
297694;2020-07-26;"domingo";"18:10:00";"MT";163;1062,7;"GUARANTA DO NORTE";"Falta de Atenção à Condução";"Colisão frontal";"Com Vítimas Feridas";"Plena Noite";"Crescente";"Céu Claro";"Simples";"Reta";"Não";5;0;0;3;1;2;3;4;-9,973456;-54,905569;"SPRF-MT";"DEL06-MT";"NPF/DEL06-MT"
297707;2020-07-26;"domingo";"13:10:00";"MG";116;470;"TARUMIRIM";"Falta de Atenção à Condução";"Tombamento";"Sem Vítimas";"Pleno dia";"Decrescente";"Céu Claro";"Simples";"Reta;Aclive";"Não";3;0;0;0;1;2;0;3;-19,31645798;-42,07362474;"SPRF-MG";"DEL06-MG";"UOP02-DEL06-MG"
297711;2020-07-26;"domingo";"18:20:00";"MG";40;280,8;"TRES MARIAS";"Falta de Atenção à Condução";"Colisão traseira";"Com Vítimas Feridas";"Plena Noite";"Crescente";"Céu Claro";"Simples";"Reta";"Não";2;0;0;1;1;0;1;2;-18,23500807;-45,21384008;"SPRF-MG";"DEL14-MG";"UOP02-DEL14-MG"
297717;2020-07-26;"domingo";"18:20:00";"PE";232;438,6;"SERRA TALHADA";"Desobediência às normas de trânsito pelo condutor";"Colisão frontal";"Sem Vítimas";"Plena Noite";"Crescente";"Céu Claro";"Simples";"Curva";"Não";3;0;0;0;1;3;0;4;-8,01100668;-38,54204198;"SPRF-PE";"DEL04-PE";"UOP01-DEL04-PE"
297719;2020-07-26;"domingo";"18:00:00";"SC";153;84;"CONCORDIA";"Falta de Atenção à Condução";"Colisão lateral";"Com Vítimas Feridas";"Anoitecer";"Crescente";"Céu Claro";"Simples";"Curva";"Não";2;0;1;1;0;0;2;2;-27,13419;-51,916466;"SPRF-SC";"DEL07-SC";"UOP04-DEL07-SC"
297721;2020-07-26;"domingo";"20:21:00";"MG";251;470,9;"FRANCISCO SA";"Pista Escorregadia";"Colisão frontal";"Com Vítimas Feridas";"Plena Noite";"Decrescente";"Garoa/Chuvisco";"Simples";"Reta";"Não";3;0;1;0;1;1;1;3;-16,4718381;-43,42537022;"SPRF-MG";"DEL12-MG";"UOP01-DEL12-MG"
297723;2020-07-26;"domingo";"19:20:00";"MT";70;513,4;"VARZEA GRANDE";"Ingestão de Álcool";"Colisão transversal";"Com Vítimas Fatais";"Plena Noite";"Decrescente";"Céu Claro";"Simples";"Reta";"Não";5;2;0;0;2;2;0;5;-15,70585533;-56,12646818;"SPRF-MT";"DEL01-MT";"UOP02-DEL01-MT"
297726;2020-07-26;"domingo";"18:20:00";"MG";381;441;"SABARA";"Não guardar distância de segurança";"Engavetamento";"Com Vítimas Feridas";"Anoitecer";"Crescente";"Céu Claro";"Simples";"Reta";"Sim";7;0;3;0;2;2;3;5;-19,80946729;-43,77262115;"SPRF-MG";"DEL01-MG";"UOP01-DEL01-MG"
297727;2020-07-26;"domingo";"20:30:00";"MA";135;21,1;"SAO LUIS";"Desobediência às normas de trânsito pelo condutor";"Atropelamento de Pedestre";"Com Vítimas Fatais";"Plena Noite";"Crescente";"Céu Claro";"Dupla";"Declive";"Sim";3;1;0;0;2;0;0;2;-2,738702;-44,336989;"SPRF-MA";"DEL01-MA";"UOP01-DEL01-MA"
297728;2020-07-26;"domingo";"19:30:00";"MS";267;308;"RIO BRILHANTE";"Desobediência às normas de trânsito pelo condutor";"Colisão lateral";"Com Vítimas Feridas";"Plena Noite";"Decrescente";"Céu Claro";"Simples";"Reta";"Não";3;0;1;0;1;2;1;4;-21,70554052;-54,66807984;"SPRF-MS";"DEL02-MS";"UOP02-DEL02-MS"
297732;2020-04-16;"quinta-feira";"18:40:00";"RS";392;10;"RIO GRANDE";"Falta de Atenção à Condução";"Colisão traseira";"Com Vítimas Feridas";"Anoitecer";"Decrescente";"Céu Claro";"Dupla";"Reta";"Não";4;0;2;0;1;5;2;7;-32,11610015;-52,12097891;"SPRF-RS";"DEL07-RS";"UOP02-DEL07-RS"
297750;2020-07-26;"domingo";"21:05:00";"RJ";393;221,8;"VASSOURAS";"Agressão Externa";"Saída de leito carroçável";"Com Vítimas Feridas";"Plena Noite";"Crescente";"Céu Claro";"Simples";"Reta";"Não";4;0;0;1;2;1;1;2;-22,32011981;-43,52971615;"SPRF-RJ";"DEL05-RJ";"UOP03-DEL05-RJ"
297751;2020-07-27;"segunda-feira";"00:30:00";"SP";116;213;"GUARULHOS";"Falta de Atenção à Condução";"Colisão traseira";"Com Vítimas Feridas";"Plena Noite";"Decrescente";"Nublado";"Múltipla";"Reta";"Não";5;0;3;0;1;1;3;3;-23,43971486;-46,43667806;"SPRF-SP";"DEL01-SP";"UOP01-DEL01-SP"
297753;2020-07-27;"segunda-feira";"00:44:00";"MG";381;525,3;"BRUMADINHO";"Velocidade Incompatível";"Tombamento";"Com Vítimas Fatais";"Plena Noite";"Crescente";"Céu Claro";"Dupla";"Curva";"Não";1;1;0;0;0;0;0;1;-20,16710798;-44,33422398;"SPRF-MG";"DEL04-MG";"UOP03-DEL04-MG"
297757;2020-07-27;"segunda-feira";"01:00:00";"SP";116;301;"SAO LOURENCO DA SERRA";"Falta de Atenção à Condução";"Colisão traseira";"Com Vítimas Feridas";"Plena Noite";"Decrescente";"Céu Claro";"Múltipla";"Reta";"Não";3;0;1;0;2;0;1;2;-23,81147602;-46,92298208;"SPRF-SP";"DEL04-SP";"UOP01-DEL04-SP"
297759;2020-07-26;"domingo";"23:00:00";"SC";101;450,5;"SAO JOAO DO SUL";"Restrição de Visibilidade";"Colisão traseira";"Com Vítimas Feridas";"Plena Noite";"Crescente";"Nublado";"Dupla";"Curva";"Não";2;0;1;0;1;0;1;2;-29,18318939;-49,75553513;"SPRF-SC";"DEL02-SC";"UOP02-DEL02-SC"
297762;2020-07-27;"segunda-feira";"00:07:00";"PE";116;33,2;"SALGUEIRO";"Falta de Atenção à Condução";"Colisão traseira";"Com Vítimas Feridas";"Plena Noite";"Decrescente";"Céu Claro";"Simples";"Reta";"Não";3;0;1;0;2;0;1;2;-8,127007;-39,115208;"SPRF-PE";"DEL05-PE";"UOP01-DEL05-PE"
297763;2020-07-27;"segunda-feira";"01:43:00";"MG";365;17,5;"MONTES CLAROS";"Falta de Atenção à Condução";"Danos eventuais";"Com Vítimas Feridas";"Plena Noite";"Decrescente";"Céu Claro";"Simples";"Curva;Declive";"Não";2;0;1;0;0;1;1;2;-16,87724015;-43,993381;"SPRF-MG";"DEL12-MG";"UOP01-DEL12-MG"
297765;2020-07-27;"segunda-feira";"04:35:00";"PR";376;173,9;"MARINGA";"Desobediência às normas de trânsito pelo condutor";"Colisão lateral";"Com Vítimas Feridas";"Plena Noite";"Crescente";"Céu Claro";"Dupla";"Reta";"Sim";2;0;0;1;1;0;1;2;-23,41775002;-51,96011782;"SPRF-PR";"DEL09-PR";"UOP01-DEL09-PR"
297767;2020-07-27;"segunda-feira";"04:25:00";"SP";116;103,9;"PINDAMONHANGABA";"Falta de Atenção à Condução";"Colisão traseira";"Com Vítimas Feridas";"Plena Noite";"Crescente";"Nevoeiro/Neblina";"Dupla";"Aclive;Reta";"Não";3;0;0;1;1;1;1;3;-22,99919465;-45,49788917;"SPRF-SP";"DEL06-SP";"UOP01-DEL06-SP"
297769;2020-07-27;"segunda-feira";"00:00:00";"CE";20;426;"FORTALEZA";"Animais na Pista";"Tombamento";"Com Vítimas Feridas";"Plena Noite";"Decrescente";"Céu Claro";"Dupla";"Em Obras;Reta";"Não";2;0;0;1;1;0;1;1;-3,862027;-38,530114;"SPRF-CE";"DEL01-CE";"UOP02-DEL01-CE"
297771;2020-07-27;"segunda-feira";"03:40:00";"BA";101;205;"GOVERNADOR MANGABEIRA";"Agressão Externa";"Saída de leito carroçável";"Com Vítimas Feridas";"Plena Noite";"Decrescente";"Garoa/Chuvisco";"Simples";"Reta;Declive";"Não";4;0;2;0;1;1;2;2;-12,64068093;-39,09899109;"SPRF-BA";"DEL01-BA";"UOP02-DEL01-BA"