"id";"data_inversa";"dia_semana";"horario";"uf";"br";"km";"municipio";"causa_acidente";"tipo_acidente";"classificacao_acidente";"fase_dia";"sentido_via";"condicao_metereologica";"tipo_pista";"tracado_via";"uso_solo";"pessoas";"mortos";"feridos_leves";"feridos_graves";"ilesos";"ignorados";"feridos";"veiculos";"latitude";"longitude";"regional";"delegacia";"uop"
298048;2020-07-28;"terça-feira";"16:30:00";"PE";101;79;"JABOATAO DOS GUARARAPES";"Carga excessiva e/ou mal acondicionada";"Colisão com objeto em movimento";"Com Vítimas Feridas";"Pleno dia";"Crescente";"Nublado";"Dupla";"Curva";"Sim";3;0;2;0;0;1;2;2;-8,14366112;-34,94723453;"SPRF-PE";"DEL01-PE";"UOP01-DEL01-PE"
298054;2020-07-28;"terça-feira";"10:50:00";"SC";282;500;"XANXERE";"Velocidade Incompatível";"Saída de leito carroçável";"Com Vítimas Feridas";"Pleno dia";"Decrescente";"Chuva";"Dupla";"Curva";"Não";2;0;1;1;0;0;2;1;-26,881372;-52,37252;"SPRF-SC";"DEL07-SC";"UOP01-DEL07-SC"
298056;2020-07-28;"terça-feira";"17:15:00";"SC";280;5,3;"SAO FRANCISCO DO SUL";"Desobediência às normas de trânsito pelo condutor";"Colisão transversal";"Com Vítimas Feridas";"Anoitecer";"Crescente";"Garoa/Chuvisco";"Simples";"Reta";"Sim";6;0;3;0;3;0;3;2;-26,26011706;-48,62571995;"SPRF-SC";"DEL03-SC";"UOP03-DEL03-SC"
298062;2020-07-28;"terça-feira";"16:00:00";"MG";116;804,3;"ALEM PARAIBA";"Velocidade Incompatível";"Tombamento";"Com Vítimas Feridas";"Pleno dia";"Decrescente";"Céu Claro";"Simples";"Curva";"Não";3;0;1;0;1;2;1;4;-21,79286161;-42,71488284;"SPRF-MG";"DEL07-MG";"UOP01-DEL07-MG"
298063;2020-07-28;"terça-feira";"18:10:00";"RN";226;5,8;"NATAL";"Ultrapassagem Indevida";"Colisão frontal";"Com Vítimas Fatais";"Plena Noite";"Crescente";"Céu Claro";"Simples";"Reta";"Sim";2;1;0;0;1;0;0;2;-5,82090114;-35,26828435;"SPRF-RN";"DEL01-RN";"UOP02-DEL01-RN"
298070;2020-07-28;"terça-feira";"17:10:00";"SC";101;209,5;"SAO JOSE";"Não guardar distância de segurança";"Colisão lateral";"Com Vítimas Feridas";"Anoitecer";"Crescente";"Chuva";"Múltipla";"Reta";"Sim";2;0;1;0;0;1;1;2;-27,61000542;-48,63895057;"SPRF-SC";"DEL01-SC";"UOP01-DEL01-SC"
298071;2020-07-28;"terça-feira";"19:00:00";"MG";251;454,3;"GRAO MOGOL";"Condutor Dormindo";"Tombamento";"Com Vítimas Feridas";"Anoitecer";"Decrescente";"Céu Claro";"Simples";"Reta";"Não";2;0;1;0;0;1;1;2;-16,42559253;-43,33498612;"SPRF-MG";"DEL12-MG";"UOP01-DEL12-MG"
298086;2020-07-28;"terça-feira";"16:30:00";"MS";158;4;"CASSILANDIA";"Falta de Atenção à Condução";"Colisão lateral";"Com Vítimas Feridas";"Pleno dia";"Decrescente";"Céu Claro";"Dupla";"Rotatória";"Sim";4;0;1;1;1;1;2;3;-19,12172416;-51,72355512;"SPRF-MS";"DEL08-MS";"UOP01-DEL08-MS"
298087;2020-07-28;"terça-feira";"21:50:00";"RJ";40;25;"TRES RIOS";"Defeito Mecânico no Veículo";"Tombamento";"Sem Vítimas";"Plena Noite";"Decrescente";"Céu Claro";"Dupla";"Curva";"Não";2;0;0;0;1;1;0;2;-22,14680002;-43,15810757;"SPRF-RJ";"DEL05-RJ";"UOP02-DEL05-RJ"
298089;2020-07-28;"terça-feira";"21:25:00";"SC";101;257;"PAULO LOPES";"Desobediência às normas de trânsito pelo condutor";"Colisão lateral";"Com Vítimas Feridas";"Plena Noite";"Decrescente";"Garoa/Chuvisco";"Dupla";"Reta";"Não";4;0;1;0;2;2;1;4;-27,99701205;-48,68755194;"SPRF-SC";"DEL02-SC";"UOP03-DEL02-SC"
298090;2020-07-28;"terça-feira";"20:00:00";"PR";116;28;"CAMPINA GRANDE DO SUL";"Falta de Atenção à Condução";"Colisão traseira";"Sem Vítimas";"Plena Noite";"Decrescente";"Chuva";"Dupla";"Reta";"Não";3;0;0;0;1;3;0;4;-25,10670298;-48,80405799;"SPRF-PR";"DEL01-PR";"UOP02-DEL01-PR"
298091;2020-07-28;"terça-feira";"21:40:00";"BA";116;823;"VITORIA DA CONQUISTA";"Ingestão de Álcool";"Colisão transversal";"Com Vítimas Feridas";"Plena Noite";"Crescente";"Céu Claro";"Dupla";"Reta";"Sim";2;0;1;0;1;0;1;2;-14,85632388;-40,84939458;"SPRF-BA";"DEL08-BA";"UOP01-DEL08-BA"
298094;2020-07-28;"terça-feira";"18:30:00";"PR";153;30,6;"SANTO ANTONIO DA PLATINA";"Ultrapassagem Indevida";"Colisão frontal";"Com Vítimas Feridas";"Plena Noite";"Decrescente";"Nublado";"Simples";"Reta";"Não";3;0;1;1;1;0;2;2;-23,22462555;-50,02315521;"SPRF-PR";"DEL07-PR";"UOP04-DEL07-PR"
298097;2020-07-28;"terça-feira";"22:40:00";"TO";153;284,4;"BRASILANDIA DO TOCANTINS";"Desobediência às normas de trânsito pelo condutor";"Colisão frontal";"Com Vítimas Fatais";"Plena Noite";"Crescente";"Céu Claro";"Simples";"Reta";"Não";2;1;0;0;1;0;0;2;-8,390517;-48,486774;"SPRF-TO";"DEL02-TO";"UOP02-DEL02-TO"
298101;2020-07-28;"terça-feira";"19:00:00";"MG";381;166,1;"GOVERNADOR VALADARES";"Falta de Atenção à Condução";"Colisão frontal";"Com Vítimas Fatais";"Plena Noite";"Decrescente";"Nublado";"Simples";"Reta";"Não";3;1;0;0;1;1;0;3;-18,95243865;-42,07229536;"SPRF-MG";"DEL06-MG";"UOP01-DEL06-MG"
298102;2020-07-28;"terça-feira";"20:30:00";"ES";259;45;"COLATINA";"Deficiência ou não Acionamento do Sistema de Iluminação/Sinalização do Veículo";"Colisão traseira";"Com Vítimas Feridas";"Plena Noite";"Crescente";"Céu Claro";"Simples";"Aclive";"Não";2;0;0;1;0;1;1;2;-19,53318486;-40,57148984;"SPRF-ES";"DEL02-ES";"UOP01-DEL02-ES"
298105;2020-07-28;"terça-feira";"19:35:00";"SC";153;43;"VARGEM BONITA";"Falta de Atenção à Condução";"Colisão lateral";"Com Vítimas Feridas";"Plena Noite";"Crescente";"Chuva";"Simples";"Curva";"Não";3;0;1;0;1;3;1;5;-26,868542;-51,748859;"SPRF-SC";"DEL07-SC";"UOP05-DEL07-SC"
298107;2020-07-28;"terça-feira";"22:45:00";"PR";376;175,7;"MARINGA";"Ingestão de Álcool";"Colisão traseira";"Com Vítimas Feridas";"Plena Noite";"Decrescente";"Céu Claro";"Dupla";"Reta";"Sim";4;0;1;0;2;1;1;4;-23,4113569;-51,9407767;"SPRF-PR";"DEL09-PR";"UOP01-DEL09-PR"
298109;2020-07-28;"terça-feira";"23:00:00";"PR";116;43;"CAMPINA GRANDE DO SUL";"Falta de Atenção à Condução";"Saída de leito carroçável";"Sem Vítimas";"Plena Noite";"Decrescente";"Chuva";"Dupla";"Curva;Declive";"Não";1;0;0;0;1;0;0;1;-25,18101149;-48,88196442;"SPRF-PR";"DEL01-PR";"UOP02-DEL01-PR"
298114;2020-07-29;"quarta-feira";"02:25:00";"GO";60;448,5;"JATAI";"Falta de Atenção à Condução";"Saída de leito carroçável";"Com Vítimas Feridas";"Plena Noite";"Crescente";"Céu Claro";"Dupla";"Reta";"Não";2;0;1;0;0;1;1;2;-17,8501;-51,5065;"SPRF-GO";"DEL05-GO";"UOP01-DEL05-GO"
298119;2020-06-27;"sábado";"08:30:00";"TO";226;70;"WANDERLANDIA";"Falta de Atenção à Condução";"Colisão traseira";"Sem Vítimas";"Pleno dia";"Crescente";"Sol";"Simples";"Reta";"Sim";3;0;0;0;2;1;0;3;-6,84718023;-47,96068668;"SPRF-TO";"DEL02-TO";"UOP03-DEL02-TO"
298121;2020-07-28;"terça-feira";"15:05:00";"PR";373;172,2;"PONTA GROSSA";"Falta de Atenção à Condução";"Colisão lateral";"Sem Vítimas";"Pleno dia";"Crescente";"Nublado";"Múltipla";"Reta";"Sim";2;0;0;0;2;0;0;2;-25,080443;-50,194676;"SPRF-PR";"DEL03-PR";"UOP04-DEL03-PR"
298124;2020-07-29;"quarta-feira";"06:30:00";"RJ";40;97,7;"DUQUE DE CAXIAS";"Velocidade Incompatível";"Tombamento";"Com Vítimas Fatais";"Pleno dia";"Crescente";"Nublado";"Dupla";"Curva";"Não";2;1;0;0;0;1;0;2;-22,57356181;-43,27802893;"SPRF-RJ";"DEL01-RJ";"UOP01-DEL01-RJ"
298126;2020-07-28;"terça-feira";"16:30:00";"MG";251;334,5;"FRUTA DE LEITE";"Velocidade Incompatível";"Capotamento";"Sem Vítimas";"Pleno dia";"Decrescente";"Céu Claro";"Simples";"Curva";"Não";1;0;0;0;1;0;0;1;-16,25584596;-42,43923797;"SPRF-MG";"DEL12-MG";"UOP01-DEL12-MG"
298129;2020-07-28;"terça-feira";"23:15:00";"SP";116;564;"BARRA DO TURVO";"Pista Escorregadia";"Saída de leito carroçável";"Com Vítimas Feridas";"Plena Noite";"Crescente";"Garoa/Chuvisco";"Múltipla";"Curva";"Não";2;0;1;0;0;1;1;2;-25,03458919;-48,53543877;"SPRF-SP";"DEL05-SP";"UOP02-DEL05-SP"
298130;2020-07-29;"quarta-feira";"06:50:00";"MG";381;435;"SABARA";"Defeito Mecânico no Veículo";"Colisão transversal";"Com Vítimas Fatais";"Pleno dia";"Decrescente";"Céu Claro";"Simples";"Curva";"Não";3;1;1;0;1;0;1;2;-19,80010099;-43,75771301;"SPRF-MG";"DEL01-MG";"UOP01-DEL01-MG"
298137;2020-07-29;"quarta-feira";"07:50:00";"ES";101;184,7;"ARACRUZ";"Condutor Dormindo";"Saída de leito carroçável";"Com Vítimas Feridas";"Pleno dia";"Decrescente";"Céu Claro";"Simples";"Curva";"Não";2;0;0;1;0;1;1;2;-19,65524008;-40,23355674;"SPRF-ES";"DEL04-ES";"UOP01-DEL04-ES"
298139;2020-05-18;"segunda-feira";"06:40:00";"RS";116;259;"CANOAS";"Falta de Atenção à Condução";"Colisão transversal";"Com Vítimas Fatais";"Pleno dia";"Decrescente";"Sol";"Dupla";"Reta";"Sim";2;1;0;0;1;0;0;2;-29,870408;-51,179909;"SPRF-RS";"DEL01-RS";"UOP02-DEL01-RS"
298140;2020-07-29;"quarta-feira";"06:00:00";"PR";116;43;"CAMPINA GRANDE DO SUL";"Velocidade Incompatível";"Saída de leito carroçável";"Com Vítimas Feridas";"Amanhecer";"Crescente";"Garoa/Chuvisco";"Dupla";"Reta";"Não";3;0;1;0;1;1;1;2;-25,18101149;-48,88196442;"SPRF-PR";"DEL01-PR";"UOP02-DEL01-PR"
298142;2020-07-20;"segunda-feira";"14:10:00";"PR";376;601;"CURITIBA";"Desobediência às normas de trânsito pelo condutor";"Colisão lateral";"Com Vítimas Feridas";"Pleno dia";"Decrescente";"Céu Claro";"Dupla";"Reta";"Sim";2;0;1;0;1;0;1;2;-25,537054;-49,31404;"SPRF-PR";"DEL01-PR";"UOP06-DEL01-PR"
298144;2020-07-29;"quarta-feira";"05:35:00";"GO";153;629,9;"MORRINHOS";"Condutor Dormindo";"Colisão traseira";"Com Vítimas Feridas";"Amanhecer";"Crescente";"Céu Claro";"Dupla";"Reta";"Não";3;0;2;0;0;1;2;3;-17,7881;-49,1948;"SPRF-GO";"DEL03-GO";"UOP01-DEL03-GO"
298154;2020-07-29;"quarta-feira";"09:00:00";"DF";60;11;"BRASILIA";"Falta de Atenção à Condução";"Colisão traseira";"Com Vítimas Feridas";"Pleno dia";"Crescente";"Céu Claro";"Simples";"Reta";"Sim";3;0;0;2;1;0;2;2;-15,911784;-48,157192;"SPRF-DF";"DEL03-DF";"UOP01-DEL03-DF"
298155;2020-07-29;"quarta-feira";"09:45:00";"PR";376;168,9;"MARINGA";"Falta de Atenção à Condução";"Colisão traseira";"Com Vítimas Feridas";"Pleno dia";"Crescente";"Céu Claro";"Dupla";"Aclive";"Sim";2;0;1;0;1;0;1;2;-23,39261345;-52,00966559;"SPRF-PR";"DEL09-PR";"UOP01-DEL09-PR"
298156;2020-07-29;"quarta-feira";"09:10:00";"MG";40;527;"CONTAGEM";"Desobediência às normas de trânsito pelo condutor";"Colisão lateral";"Com Vítimas Feridas";"Pleno dia";"Crescente";"Céu Claro";"Simples";"Reta";"Sim";2;0;1;0;1;0;1;2;-19,90149502;-44,04938939;"SPRF-MG";"DEL01-MG";"UOP02-DEL01-MG"
298157;2020-07-29;"quarta-feira";"09:10:00";"RJ";101;424,2;"MANGARATIBA";"Falta de Atenção à Condução";"Colisão traseira";"Sem Vítimas";"Pleno dia";"Crescente";"Chuva";"Simples";"Reta";"Não";2;0;0;0;2;0;0;2;-22,92127842;-43,95599173;"SPRF-RJ";"DEL03-RJ";"UOP03-DEL03-RJ"
298158;2020-07-29;"quarta-feira";"09:00:00";"MG";40;600,5;"OURO PRETO";"Falta de Atenção à Condução";"Tombamento";"Sem Vítimas";"Pleno dia";"Crescente";"Sol";"Simples";"Reta;Declive";"Não";2;0;0;0;1;1;0;2;-20,43181408;-43,85406559;"SPRF-MG";"DEL05-MG";"UOP02-DEL05-MG"
298161;2020-07-26;"domingo";"06:55:00";"PR";277;417,8;"CANTAGALO";"Ingestão de Álcool";"Colisão frontal";"Com Vítimas Fatais";"Pleno dia";"Decrescente";"Nublado";"Simples";"Curva";"Não";4;2;0;0;1;2;0;4;-25,41878206;-52,06188295;"SPRF-PR";"DEL04-PR";"UOP02-DEL04-PR"
298165;2020-07-29;"quarta-feira";"10:30:00";"MG";381;542;"ITATIAIUCU";"Falta de Atenção à Condução";"Saída de leito carroçável";"Com Vítimas Feridas";"Pleno dia";"Decrescente";"Céu Claro";"Dupla";"Reta";"Não";2;0;1;0;0;1;1;2;-20,26492509;-44,42256682;"SPRF-MG";"DEL04-MG";"UOP03-DEL04-MG"
298168;2020-07-29;"quarta-feira";"10:20:00";"CE";222;4;"CAUCAIA";"Desobediência às normas de trânsito pelo condutor";"Colisão transversal";"Sem Vítimas";"Pleno dia";"Crescente";"Céu Claro";"Múltipla";"Reta";"Sim";2;0;0;0;2;0;0;2;-3,74164754;-38,60449792;"SPRF-CE";"DEL01-CE";"UOP01-DEL01-CE"
298197;2020-07-29;"quarta-feira";"13:30:00";"RS";116;105,6;"SAO MARCOS";"Carga excessiva e/ou mal acondicionada";"Derramamento de carga";"Com Vítimas Fatais";"Pleno dia";"Decrescente";"Céu Claro";"Simples";"Curva";"Não";3;1;0;1;1;0;1;2;-28,91254612;-51,11046562;"SPRF-RS";"DEL05-RS";"UOP01-DEL05-RS"
298202;2020-07-29;"quarta-feira";"14:30:00";"SP";116;375,1;"MIRACATU";"Restrição de Visibilidade";"Colisão traseira";"Com Vítimas Feridas";"Pleno dia";"Decrescente";"Garoa/Chuvisco";"Dupla";"Curva";"Não";5;0;0;1;3;2;1;4;-24,18239098;-47,35448801;"SPRF-SP";"DEL04-SP";"UOP02-DEL04-SP"
298206;2020-07-29;"quarta-feira";"12:30:00";"GO";153;137,9;"MARA ROSA";"Defeito Mecânico no Veículo";"Incêndio";"Sem Vítimas";"Pleno dia";"Crescente";"Céu Claro";"Simples";"Aclive";"Não";1;0;0;0;1;0;0;1;-13,9671;-49,090271;"SPRF-GO";"DEL07-GO";"UOP01-DEL07-GO"
298207;2020-07-29;"quarta-feira";"11:46:00";"MA";10;153,6;"PORTO FRANCO";"Desobediência às normas de trânsito pelo condutor";"Colisão traseira";"Com Vítimas Feridas";"Pleno dia";"Decrescente";"Céu Claro";"Simples";"Reta";"Não";3;0;0;1;2;0;1;3;-6,382564;-47,3829;"SPRF-MA";"DEL04-MA";"UOP02-DEL04-MA"
298217;2020-07-29;"quarta-feira";"15:45:00";"BA";324;367;"CAPIM GROSSO";"Defeito na Via";"Colisão lateral";"Sem Vítimas";"Pleno dia";"Decrescente";"Céu Claro";"Simples";"Reta";"Não";2;0;0;0;2;0;0;2;-11,41797119;-39,90815507;"SPRF-BA";"DEL04-BA";"UOP02-DEL04-BA"
298221;2020-07-29;"quarta-feira";"16:30:00";"MG";381;561;"ITAGUARA";"Velocidade Incompatível";"Colisão com objeto estático";"Com Vítimas Fatais";"Pleno dia";"Crescente";"Céu Claro";"Dupla";"Declive;Curva";"Não";2;1;0;0;0;1;0;2;-20,372316;-44,469335;"SPRF-MG";"DEL04-MG";"UOP03-DEL04-MG"
298226;2020-07-29;"quarta-feira";"17:50:00";"RJ";116;125;"MAGE";"Velocidade Incompatível";"Tombamento";"Sem Vítimas";"Plena Noite";"Decrescente";"Chuva";"Dupla";"Curva;Aclive";"Sim";1;0;0;0;1;0;0;1;-22,65156898;-43,07769901;"SPRF-RJ";"DEL04-RJ";"UOP02-DEL04-RJ"
298229;2020-07-29;"quarta-feira";"18:05:00";"PR";116;44;"CAMPINA GRANDE DO SUL";"Sinalização da via insuficiente ou inadequada";"Colisão traseira";"Sem Vítimas";"Anoitecer";"Decrescente";"Chuva";"Dupla";"Curva";"Não";3;0;0;0;2;1;0;3;-25,186014;-48,885083;"SPRF-PR";"DEL01-PR";"UOP02-DEL01-PR"
298231;2020-07-29;"quarta-feira";"14:10:00";"PR";280;273,8;"MARMELEIRO";"Velocidade Incompatível";"Saída de leito carroçável";"Com Vítimas Feridas";"Pleno dia";"Crescente";"Céu Claro";"Simples";"Declive;Curva";"Não";2;0;0;1;0;1;1;2;-26,2281812;-53,17185402;"SPRF-PR";"DEL02-PR";"UOP01-DEL02-PR"
298235;2020-03-10;"terça-feira";"18:45:00";"MT";364;349;"SANTO ANTONIO DO LEVERGER";"Defeito Mecânico no Veículo";"Tombamento";"Com Vítimas Feridas";"Plena Noite";"Crescente";"Ignorado";"Dupla";"Curva";"Não";2;0;0;1;0;2;1;3;-15,80502622;-55,5546431;"SPRF-MT";"DEL01-MT";"UOP02-DEL01-MT"
298236;2020-07-29;"quarta-feira";"07:25:00";"PR";153;510,7;"GENERAL CARNEIRO";"Falta de Atenção à Condução";"Saída de leito carroçável";"Sem Vítimas";"Amanhecer";"Crescente";"Nevoeiro/Neblina";"Simples";"Reta";"Não";2;0;0;0;1;2;0;3;-26,3133193;-51,2186163;"SPRF-PR";"DEL02-PR";"UOP03-DEL02-PR"
298239;2020-07-29;"quarta-feira";"18:10:00";"MT";364;10;"ALTO ARAGUAIA";"Defeito na Via";"Tombamento";"Com Vítimas Feridas";"Anoitecer";"Decrescente";"Céu Claro";"Simples";"Curva";"Não";2;0;1;0;0;1;1;2;-17,27204706;-53,28839501;"SPRF-MT";"DEL02-MT";"UOP02-DEL02-MT"
298246;2020-07-29;"quarta-feira";"20:00:00";"MG";40;602,3;"CONGONHAS";"Falta de Atenção à Condução";"Colisão lateral";"Com Vítimas Feridas";"Plena Noite";"Crescente";"Céu Claro";"Simples";"Declive;Curva";"Sim";4;0;0;1;2;3;1;6;-20,43679609;-43,84638106;"SPRF-MG";"DEL05-MG";"UOP02-DEL05-MG"
298250;2020-07-29;"quarta-feira";"14:45:00";"BA";116;774;"PLANALTO";"Desobediência às normas de trânsito pelo condutor";"Colisão traseira";"Com Vítimas Feridas";"Pleno dia";"Decrescente";"Céu Claro";"Simples";"Reta";"Não";4;0;2;0;1;1;2;3;-14,65036;-40,45732;"SPRF-BA";"DEL08-BA";"UOP02-DEL08-BA"
298251;2020-07-29;"quarta-feira";"20:00:00";"PR";369;176;"ROLANDIA";"Ingestão de Álcool";"Colisão traseira";"Sem Vítimas";"Plena Noite";"Crescente";"Céu Claro";"Simples";"Reta;Interseção de Vias";"Sim";2;0;0;0;2;0;0;2;-23,32483532;-51,38622165;"SPRF-PR";"DEL07-PR";"UOP01-DEL07-PR"
298255;2020-07-29;"quarta-feira";"16:15:00";"MG";381;542,5;"ITATIAIUCU";"Velocidade Incompatível";"Saída de leito carroçável";"Com Vítimas Feridas";"Pleno dia";"Decrescente";"Céu Claro";"Dupla";"Curva";"Sim";2;0;1;0;0;1;1;2;-20,26492509;-44,42256682;"SPRF-MG";"DEL04-MG";"UOP03-DEL04-MG"
298257;2020-07-29;"quarta-feira";"21:15:00";"MG";381;670,4;"PERDOES";"Falta de Atenção à Condução";"Tombamento";"Com Vítimas Feridas";"Plena Noite";"Crescente";"Céu Claro";"Dupla";"Reta";"Não";2;0;1;0;0;1;1;2;-21,08238495;-45,06246807;"SPRF-MG";"DEL04-MG";"UOP02-DEL04-MG"
298262;2020-07-29;"quarta-feira";"22:40:00";"SP";116;442,5;"REGISTRO";"Falta de Atenção à Condução";"Tombamento";"Com Vítimas Feridas";"Plena Noite";"Decrescente";"Chuva";"Dupla";"Reta;Em Obras";"Não";3;0;1;1;0;1;2;2;-24,47609886;-47,8273532;"SPRF-SP";"DEL05-SP";"UOP01-DEL05-SP"
298264;2020-07-29;"quarta-feira";"23:20:00";"PR";277;34;"MORRETES";"Velocidade Incompatível";"Colisão traseira";"Com Vítimas Fatais";"Plena Noite";"Decrescente";"Céu Claro";"Dupla";"Reta";"Não";4;1;0;0;2;2;0;5;-25,547373;-48,790559;"SPRF-PR";"DEL01-PR";"UOP05-DEL01-PR"
298268;2020-07-29;"quarta-feira";"20:30:00";"SC";470;82;"RODEIO";"Defeito Mecânico no Veículo";"Incêndio";"Sem Vítimas";"Plena Noite";"Decrescente";"Nublado";"Simples";"Reta";"Não";1;0;0;0;1;0;0;1;-26,958838;-49,324978;"SPRF-SC";"DEL04-SC";"UOP01-DEL04-SC"
298270;2020-07-29;"quarta-feira";"23:30:00";"MA";316;484;"CODO";"Defeito Mecânico no Veículo";"Incêndio";"Sem Vítimas";"Plena Noite";"Crescente";"Céu Claro";"Simples";"Reta";"Não";2;0;0;0;1;1;0;2;-4,627234;-43,878632;"SPRF-MA";"DEL03-MA";"UOP02-DEL03-MA"
298274;2020-07-30;"quinta-feira";"01:00:00";"MG";251;366,7;"PADRE CARVALHO";"Condutor Dormindo";"Saída de leito carroçável";"Com Vítimas Feridas";"Plena Noite";"Decrescente";"Céu Claro";"Simples";"Reta";"Não";2;0;1;0;0;1;1;2;-16,2701616;-42,65370816;"SPRF-MG";"DEL12-MG";"UOP01-DEL12-MG"
298275;2020-07-29;"quarta-feira";"18:30:00";"MS";163;150,7;"JUTI";"Defeito Mecânico no Veículo";"Saída de leito carroçável";"Sem Vítimas";"Pleno dia";"Crescente";"Céu Claro";"Simples";"Reta";"Não";2;0;0;0;1;1;0;2;-22,96283073;-54,4287818;"SPRF-MS";"DEL09-MS";"UOP01-DEL09-MS"
298279;2020-07-30;"quinta-feira";"02:20:00";"PR";163;198,8;"CASCAVEL";"Condutor Dormindo";"Colisão traseira";"Com Vítimas Fatais";"Plena Noite";"Decrescente";"Céu Claro";"Simples";"Reta";"Não";3;1;0;0;1;1;0;3;-25,011205;-53,55475;"SPRF-PR";"DEL05-PR";"UOP05-DEL05-PR"
298282;2020-07-30;"quinta-feira";"04:15:00";"RJ";116;66;"TERESOPOLIS";"Pista Escorregadia";"Tombamento";"Com Vítimas Feridas";"Plena Noite";"Crescente";"Chuva";"Simples";"Curva";"Sim";1;0;1;0;0;0;1;1;-22,28530513;-42,9306046;"SPRF-RJ";"DEL04-RJ";"UOP01-DEL04-RJ"
298283;2020-07-30;"quinta-feira";"05:30:00";"SP";116;25,9;"LAVRINHAS";"Falta de Atenção à Condução";"Colisão traseira";"Sem Vítimas";"Amanhecer";"Crescente";"Chuva";"Dupla";"Declive";"Não";4;0;0;0;3;1;0;4;-22,60592606;-44,89504495;"SPRF-SP";"DEL08-SP";"UOP02-DEL08-SP"
298284;2020-07-30;"quinta-feira";"04:10:00";"CE";222;297,3;"TIANGUA";"Ultrapassagem Indevida";"Colisão lateral";"Com Vítimas Feridas";"Plena Noite";"Crescente";"Céu Claro";"Simples";"Curva";"Não";3;0;1;0;0;2;1;3;-3,65826065;-40,92482891;"SPRF-CE";"DEL04-CE";"UOP02-DEL04-CE"
298290;2020-07-30;"quinta-feira";"06:30:00";"RS";116;234;"NOVO HAMBURGO";"Desobediência às normas de trânsito pelo condutor";"Colisão lateral";"Com Vítimas Feridas";"Plena Noite";"Crescente";"Nublado";"Simples";"Interseção de Vias";"Sim";2;0;1;0;1;0;1;2;-29,65121313;-51,1444433;"SPRF-RS";"DEL01-RS";"UOP02-DEL01-RS"
298295;2020-07-30;"quinta-feira";"06:00:00";"MG";365;60,4;"JEQUITAI";"Falta de Atenção do Pedestre";"Atropelamento de Pedestre";"Com Vítimas Fatais";"Amanhecer";"Crescente";"Céu Claro";"Simples";"Reta;Declive";"Não";2;1;0;0;0;1;0;2;-17,00982598;-44,29400505;"SPRF-MG";"DEL12-MG";"UOP01-DEL12-MG"
298298;2020-07-21;"terça-feira";"19:30:00";"PA";10;116;"PARAGOMINAS";"Não guardar distância de segurança";"Colisão traseira";"Com Vítimas Feridas";"Plena Noite";"Decrescente";"Céu Claro";"Simples";"Aclive";"Não";4;0;1;0;1;6;1;8;-3,42710287;-47,45522033;"SPRF-PA";"DEL02-PA";"UOP01-DEL02-PA"
298300;2020-07-30;"quinta-feira";"08:15:00";"MG";365;832;"SANTA VITORIA";"Falta de Atenção à Condução";"Engavetamento";"Com Vítimas Feridas";"Pleno dia";"Decrescente";"Nublado";"Simples";"Reta";"Não";3;0;1;0;2;0;1;3;-18,90505008;-50,20362197;"SPRF-MG";"DEL15-MG";"UOP03-DEL15-MG"
298308;2020-07-30;"quinta-feira";"09:25:00";"MG";381;733,3;"CARMO DA CACHOEIRA";"Falta de Atenção à Condução";"Saída de leito carroçável";"Com Vítimas Feridas";"Pleno dia";"Crescente";"Céu Claro";"Dupla";"Reta";"Não";2;0;1;0;0;1;1;2;-21,52969479;-45,23069304;"SPRF-MG";"DEL16-MG";"UOP02-DEL16-MG"
298311;2020-07-30;"quinta-feira";"09:00:00";"PR";476;358;"UNIAO DA VITORIA";"Velocidade Incompatível";"Colisão transversal";"Com Vítimas Feridas";"Pleno dia";"Crescente";"Nublado";"Simples";"Reta";"Sim";4;0;1;0;2;1;1;3;-26,198097;-51,052139;"SPRF-PR";"DEL02-PR";"UOP03-DEL02-PR"
298312;2020-07-30;"quinta-feira";"08:15:00";"RJ";116;254;"PIRAI";"Mal Súbito";"Tombamento";"Com Vítimas Feridas";"Pleno dia";"Decrescente";"Nublado";"Múltipla";"Reta";"Sim";1;0;1;0;0;0;1;1;-22,57811624;-43,98644985;"SPRF-RJ";"DEL07-RJ";"UOP02-DEL07-RJ"
298313;2020-07-30;"quinta-feira";"07:00:00";"PI";407;518,2;"PATOS DO PIAUI";"Falta de Atenção à Condução";"Colisão frontal";"Com Vítimas Fatais";"Pleno dia";"Decrescente";"Céu Claro";"Simples";"Reta";"Não";4;1;0;0;2;1;0;3;-7,70828969;-41,24980015;"SPRF-PI";"DEL04-PI";"UOP01-DEL04-PI"
298316;2020-07-30;"quinta-feira";"10:10:00";"SC";101;241,4;"PALHOCA";"Desobediência às normas de trânsito pelo condutor";"Colisão traseira";"Com Vítimas Feridas";"Pleno dia";"Decrescente";"Nublado";"Dupla";"Reta";"Não";3;0;0;1;1;1;1;3;-27,86671599;-48,64607012;"SPRF-SC";"DEL01-SC";"UOP02-DEL01-SC"
298317;2020-07-30;"quinta-feira";"09:40:00";"SP";381;22;"BRAGANCA PAULISTA";"Defeito Mecânico no Veículo";"Tombamento";"Sem Vítimas";"Pleno dia";"Crescente";"Céu Claro";"Dupla";"Rotatória";"Sim";2;0;0;0;1;1;0;2;-22,99697186;-46,5163051;"SPRF-SP";"DEL03-SP";"UOP01-DEL03-SP"