"id";"data_inversa";"dia_semana";"horario";"uf";"br";"km";"municipio";"causa_acidente";"tipo_acidente";"classificacao_acidente";"fase_dia";"sentido_via";"condicao_metereologica";"tipo_pista";"tracado_via";"uso_solo";"pessoas";"mortos";"feridos_leves";"feridos_graves";"ilesos";"ignorados";"feridos";"veiculos";"latitude";"longitude";"regional";"delegacia";"uop"
298626;2020-07-31;"sexta-feira";"19:35:00";"SP";116;210;"GUARULHOS";"Ingestão de álcool e/ou substâncias psicoativas pelo pedestre";"Colisão lateral";"Com Vítimas Feridas";"Plena Noite";"Decrescente";"Céu Claro";"Dupla";"Reta";"Sim";3;0;1;1;0;1;2;2;-23,42870023;-46,41085991;"SPRF-SP";"DEL01-SP";"UOP01-DEL01-SP"
298628;2020-07-31;"sexta-feira";"19:00:00";"MT";364;11;"ALTO ARAGUAIA";"Defeito na Via";"Tombamento";"Com Vítimas Feridas";"Plena Noite";"Decrescente";"Céu Claro";"Simples";"Em Obras;Curva";"Não";2;0;1;0;0;1;1;2;-17,26808961;-53,29705668;"SPRF-MT";"DEL02-MT";"UOP02-DEL02-MT"
298632;2020-07-31;"sexta-feira";"20:50:00";"SP";116;471,2;"JACUPIRANGA";"Desobediência às normas de trânsito pelo condutor";"Colisão lateral";"Com Vítimas Fatais";"Plena Noite";"Decrescente";"Nublado";"Dupla";"Reta";"Não";3;1;0;0;2;0;0;2;-24,65864797;-47,96724403;"SPRF-SP";"DEL05-SP";"UOP01-DEL05-SP"
298642;2020-07-31;"sexta-feira";"20:45:00";"MS";163;485,9;"CAMPO GRANDE";"Não guardar distância de segurança";"Colisão traseira";"Com Vítimas Fatais";"Plena Noite";"Decrescente";"Céu Claro";"Simples";"Reta;Aclive";"Sim";3;1;1;0;0;1;1;2;-20,4336987;-54,54382539;"SPRF-MS";"DEL01-MS";"UOP02-DEL01-MS"
298648;2020-07-31;"sexta-feira";"22:00:00";"RS";472;584;"URUGUAIANA";"Ingestão de Álcool";"Saída de leito carroçável";"Sem Vítimas";"Plena Noite";"Decrescente";"Céu Claro";"Simples";"Reta";"Não";1;0;0;0;1;0;0;1;-29,828226;-57,102543;"SPRF-RS";"DEL13-RS";"UOP01-DEL13-RS"
298649;2020-07-31;"sexta-feira";"18:10:00";"MG";116;790,2;"LEOPOLDINA";"Falta de Atenção à Condução";"Saída de leito carroçável";"Com Vítimas Feridas";"Anoitecer";"Crescente";"Céu Claro";"Simples";"Reta";"Não";2;0;1;0;0;1;1;2;-21,67548514;-42,73250632;"SPRF-MG";"DEL07-MG";"UOP01-DEL07-MG"
298650;2020-07-31;"sexta-feira";"20:00:00";"SP";116;145,4;"SAO JOSE DOS CAMPOS";"Falta de Atenção à Condução";"Tombamento";"Com Vítimas Feridas";"Plena Noite";"Crescente";"Céu Claro";"Múltipla";"Declive";"Sim";3;0;1;0;1;2;1;4;-23,1869844;-45,8548078;"SPRF-SP";"DEL02-SP";"UOP01-DEL02-SP"
298652;2020-07-31;"sexta-feira";"14:10:00";"MG";116;329,1;"CAMPANARIO";"Velocidade Incompatível";"Colisão frontal";"Com Vítimas Fatais";"Pleno dia";"Crescente";"Chuva";"Simples";"Reta";"Não";3;1;0;0;1;1;0;3;-18,2312778;-41,72290613;"SPRF-MG";"DEL11-MG";"UOP01-DEL11-MG"
298653;2020-07-31;"sexta-feira";"19:25:00";"BA";420;235,5;"LAJE";"Ingestão de Álcool";"Colisão frontal";"Com Vítimas Feridas";"Plena Noite";"Decrescente";"Chuva";"Simples";"Curva";"Não";2;0;0;1;1;0;1;2;-13,17389565;-39,3679286;"SPRF-BA";"DEL01-BA";"UOP02-DEL01-BA"
298662;2020-07-31;"sexta-feira";"23:20:00";"SP";116;396,2;"MIRACATU";"Falta de Atenção à Condução";"Colisão traseira";"Com Vítimas Feridas";"Plena Noite";"Crescente";"Nublado";"Dupla";"Reta";"Não";4;0;2;0;2;0;2;2;-24,29194738;-47,46959192;"SPRF-SP";"DEL04-SP";"UOP02-DEL04-SP"
298664;2020-07-31;"sexta-feira";"20:30:00";"MG";381;543;"ITATIAIUCU";"Sinalização da via insuficiente ou inadequada";"Colisão traseira";"Com Vítimas Fatais";"Plena Noite";"Decrescente";"Céu Claro";"Dupla";"Declive;Curva;Em Obras";"Não";2;1;0;0;1;0;0;2;-20,247136;-44,41192;"SPRF-MG";"DEL04-MG";"UOP03-DEL04-MG"
298673;2020-08-01;"sábado";"01:35:00";"DF";20;3;"BRASILIA";"Velocidade Incompatível";"Capotamento";"Com Vítimas Feridas";"Plena Noite";"Decrescente";"Céu Claro";"Múltipla";"Aclive";"Sim";2;0;1;0;1;0;1;2;-15,679851;-47,832211;"SPRF-DF";"DEL02-DF";"UOP01-DEL02-DF"
298675;2020-08-01;"sábado";"01:40:00";"PR";369;473,8;"CORBELIA";"Desobediência às normas de trânsito pelo condutor";"Colisão transversal";"Com Vítimas Fatais";"Plena Noite";"Crescente";"Céu Claro";"Simples";"Interseção de Vias";"Não";5;1;0;1;1;2;1;3;-24,587784;-53,201219;"SPRF-PR";"DEL09-PR";"UOP03-DEL09-PR"
298678;2020-07-31;"sexta-feira";"23:40:00";"PR";277;332,5;"GUARAPUAVA";"Falta de Atenção à Condução";"Colisão com objeto estático";"Com Vítimas Feridas";"Plena Noite";"Decrescente";"Céu Claro";"Simples";"Reta";"Não";4;0;2;0;1;1;2;3;-25,36964786;-51,32653697;"SPRF-PR";"DEL08-PR";"UOP01-DEL08-PR"
298679;2020-07-31;"sexta-feira";"19:45:00";"RO";364;387;"OURO PRETO DO OESTE";"Ingestão de Álcool";"Colisão frontal";"Sem Vítimas";"Plena Noite";"Crescente";"Ignorado";"Simples";"Reta";"Não";4;0;0;0;2;5;0;7;-10,69413222;-62,26827726;"SPRF-RO";"DEL03-RO";"UOP02-DEL03-RO"
298687;2020-08-01;"sábado";"04:25:00";"AL";101;139;"SAO MIGUEL DOS CAMPOS";"Desobediência às normas de trânsito pelo condutor";"Colisão transversal";"Sem Vítimas";"Amanhecer";"Crescente";"Chuva";"Simples";"Reta;Interseção de Vias";"Sim";4;0;0;0;3;1;0;3;-9,81757382;-36,1216713;"SPRF-AL";"DEL02-AL";"UOP01-DEL02-AL"
298693;2020-08-01;"sábado";"05:40:00";"CE";20;290,9;"CANINDE";"Desobediência às normas de trânsito pelo condutor";"Colisão frontal";"Com Vítimas Feridas";"Pleno dia";"Crescente";"Céu Claro";"Simples";"Curva";"Não";3;0;1;1;1;0;2;2;-4,49487133;-39,36238661;"SPRF-CE";"DEL02-CE";"UOP01-DEL02-CE"
298698;2020-07-02;"quinta-feira";"01:30:00";"PR";163;332;"GUAIRA";"Falta de Atenção à Condução";"Tombamento";"Com Vítimas Feridas";"Plena Noite";"Decrescente";"Céu Claro";"Dupla";"Reta";"Não";2;0;0;1;0;2;1;3;-24,249869;-54,19925941;"SPRF-PR";"DEL06-PR";"UOP01-DEL06-PR"
298700;2020-08-01;"sábado";"07:20:00";"MG";381;831,5;"SAO SEBASTIAO DA BELA VISTA";"Condutor Dormindo";"Tombamento";"Com Vítimas Feridas";"Pleno dia";"Crescente";"Sol";"Dupla";"Reta";"Não";2;0;2;0;0;0;2;1;-22,14509897;-45,81876904;"SPRF-MG";"DEL16-MG";"UOP01-DEL16-MG"
298710;2020-07-20;"segunda-feira";"15:30:00";"MG";40;720,8;"BARBACENA";"Não guardar distância de segurança";"Colisão traseira";"Com Vítimas Feridas";"Pleno dia";"Decrescente";"Ignorado";"Dupla";"Reta";"Sim";3;0;1;0;1;1;1;3;-21,30064998;-43,62353794;"SPRF-MG";"DEL05-MG";"UOP01-DEL05-MG"
298716;2020-08-01;"sábado";"09:00:00";"ES";101;394,2;"RIO NOVO DO SUL";"Avarias e/ou desgaste excessivo no pneu";"Tombamento";"Sem Vítimas";"Pleno dia";"Crescente";"Chuva";"Simples";"Curva";"Não";2;0;0;0;1;1;0;2;-20,86561852;-40,92318907;"SPRF-ES";"DEL03-ES";"UOP02-DEL03-ES"
298721;2020-08-01;"sábado";"07:30:00";"BA";116;719,5;"MANOEL VITORINO";"Pista Escorregadia";"Colisão frontal";"Com Vítimas Feridas";"Pleno dia";"Crescente";"Chuva";"Simples";"Declive;Curva";"Não";6;0;2;0;2;2;2;4;-14,1888825;-40,26532343;"SPRF-BA";"DEL08-BA";"UOP02-DEL08-BA"
298724;2020-08-01;"sábado";"10:00:00";"BA";116;17;"VITORIA DA CONQUISTA";"Falta de Atenção à Condução";"Colisão transversal";"Com Vítimas Feridas";"Pleno dia";"Decrescente";"Nublado";"Simples";"Reta";"Sim";2;0;1;0;1;0;1;2;-14,9019534;-40,8401344;"SPRF-BA";"DEL08-BA";"UOP01-DEL08-BA"
298725;2020-08-01;"sábado";"10:00:00";"MS";60;515,7;"NIOAQUE";"Falta de Atenção à Condução";"Tombamento";"Com Vítimas Fatais";"Pleno dia";"Crescente";"Céu Claro";"Simples";"Curva";"Não";1;1;0;0;0;0;0;1;-21,17732695;-55,628235;"SPRF-MS";"DEL05-MS";"UOP01-DEL05-MS"
298727;2020-08-01;"sábado";"09:50:00";"RS";116;486,1;"TURUCU";"Falta de Atenção à Condução";"Saída de leito carroçável";"Sem Vítimas";"Pleno dia";"Decrescente";"Céu Claro";"Simples";"Reta";"Sim";2;0;0;0;1;1;0;2;-31,43719298;-52,19160503;"SPRF-RS";"DEL07-RS";"UOP01-DEL07-RS"
298733;2020-08-01;"sábado";"02:30:00";"BA";101;754,6;"ITABELA";"Defeito Mecânico no Veículo";"Incêndio";"Sem Vítimas";"Plena Noite";"Crescente";"Nublado";"Simples";"Reta";"Não";1;0;0;0;1;0;0;1;-16,64079715;-39,51490402;"SPRF-BA";"DEL09-BA";"UOP01-DEL09-BA"
298740;2020-08-01;"sábado";"11:50:00";"SC";101;117;"ITAJAI";"Falta de Atenção à Condução";"Colisão traseira";"Com Vítimas Feridas";"Pleno dia";"Crescente";"Céu Claro";"Dupla";"Rotatória";"Não";4;0;1;0;2;1;1;3;-26,88747187;-48,72252969;"SPRF-SC";"DEL04-SC";"UOP04-DEL04-SC"
298741;2020-08-01;"sábado";"12:35:00";"GO";364;199,4;"JATAI";"Velocidade Incompatível";"Tombamento";"Com Vítimas Fatais";"Pleno dia";"Decrescente";"Céu Claro";"Dupla";"Reta;Declive";"Não";2;1;0;0;0;2;0;3;-17,920801;-51,748596;"SPRF-GO";"DEL05-GO";"UOP01-DEL05-GO"
298748;2020-08-01;"sábado";"13:00:00";"MG";262;432,5;"NOVA SERRANA";"Velocidade Incompatível";"Colisão lateral";"Com Vítimas Feridas";"Pleno dia";"Decrescente";"Sol";"Dupla";"Reta";"Não";3;0;0;1;1;2;1;4;-19,89072302;-44,88876343;"SPRF-MG";"DEL08-MG";"UOP03-DEL08-MG"
298749;2020-08-01;"sábado";"10:40:00";"MG";251;469,1;"FRANCISCO SA";"Pista Escorregadia";"Saída de leito carroçável";"Sem Vítimas";"Pleno dia";"Crescente";"Garoa/Chuvisco";"Simples";"Curva";"Não";1;0;0;0;1;0;0;1;-16,47846186;-43,41953476;"SPRF-MG";"DEL12-MG";"UOP01-DEL12-MG"
298765;2020-08-01;"sábado";"14:37:00";"MG";381;901,7;"CAMBUI";"Mal Súbito";"Saída de leito carroçável";"Com Vítimas Feridas";"Pleno dia";"Decrescente";"Céu Claro";"Dupla";"Reta";"Não";2;0;1;0;0;1;1;2;-22,67444472;-46,09767911;"SPRF-MG";"DEL16-MG";"UOP03-DEL16-MG"
298767;2020-08-01;"sábado";"13:10:00";"MG";381;375;"SAO GONCALO DO RIO ABAIXO";"Carga excessiva e/ou mal acondicionada";"Derramamento de carga";"Com Vítimas Feridas";"Pleno dia";"Decrescente";"Sol";"Simples";"Aclive;Curva";"Não";2;0;1;0;1;0;1;2;-19,83666149;-43,33681685;"SPRF-MG";"DEL01-MG";"UOP01-DEL01-MG"
298768;2020-08-01;"sábado";"15:20:00";"GO";452;80;"CASTELANDIA";"Mal Súbito";"Saída de leito carroçável";"Com Vítimas Fatais";"Pleno dia";"Crescente";"Céu Claro";"Simples";"Curva";"Não";2;1;0;0;0;2;0;3;-18,05035676;-50,20362989;"SPRF-GO";"DEL04-GO";"UOP01-DEL04-GO"
298771;2020-08-01;"sábado";"15:30:00";"PR";376;676;"GUARATUBA";"Falta de Atenção à Condução";"Saída de leito carroçável";"Com Vítimas Feridas";"Pleno dia";"Decrescente";"Céu Claro";"Dupla";"Reta";"Não";2;0;1;0;0;1;1;2;-25,9253011;-48,91465313;"SPRF-PR";"DEL01-PR";"UOP04-DEL01-PR"
298775;2020-08-01;"sábado";"15:35:00";"GO";60;0,9;"SANTO ANTONIO DO DESCOBERTO";"Ingestão de Álcool";"Colisão traseira";"Sem Vítimas";"Pleno dia";"Decrescente";"Céu Claro";"Dupla";"Aclive;Reta;Retorno Regulamentado";"Não";4;0;0;0;3;1;0;3;-16,05989758;-48,26276779;"SPRF-DF";"DEL03-DF";"UOP01-DEL03-DF"
298778;2020-08-01;"sábado";"09:00:00";"MT";163;1048;"MATUPA";"Desobediência às normas de trânsito pelo condutor";"Colisão lateral";"Com Vítimas Feridas";"Pleno dia";"Crescente";"Céu Claro";"Simples";"Reta";"Não";3;0;1;0;1;3;1;5;-10,09074278;-54,9176234;"SPRF-MT";"DEL06-MT";"NPF/DEL06-MT"
298783;2020-08-01;"sábado";"14:53:00";"SC";101;151,2;"ITAPEMA";"Falta de Atenção do Pedestre";"Colisão lateral";"Sem Vítimas";"Pleno dia";"Decrescente";"Céu Claro";"Simples";"Reta";"Sim";2;0;0;0;2;0;0;2;-27,126536;-48,609642;"SPRF-SC";"DEL04-SC";"UOP03-DEL04-SC"
298784;2020-08-01;"sábado";"15:30:00";"MG";381;904;"CAMBUI";"Velocidade Incompatível";"Engavetamento";"Com Vítimas Feridas";"Pleno dia";"Decrescente";"Céu Claro";"Dupla";"Curva;Aclive";"Não";5;0;1;0;3;1;1;5;-22,68841562;-46,10648041;"SPRF-MG";"DEL16-MG";"UOP03-DEL16-MG"
298786;2020-08-01;"sábado";"14:15:00";"BA";101;201;"GOVERNADOR MANGABEIRA";"Defeito Mecânico no Veículo";"Tombamento";"Sem Vítimas";"Pleno dia";"Decrescente";"Céu Claro";"Simples";"Aclive";"Não";1;0;0;0;1;0;0;1;-12,61024981;-39,08063408;"SPRF-BA";"DEL01-BA";"UOP03-DEL01-BA"
298787;2020-08-01;"sábado";"17:00:00";"SP";116;515;"CAJATI";"Defeito Mecânico no Veículo";"Incêndio";"Sem Vítimas";"Anoitecer";"Crescente";"Céu Claro";"Simples";"Reta";"Não";2;0;0;0;1;1;0;2;-24,86467249;-48,21869373;"SPRF-SP";"DEL05-SP";"UOP02-DEL05-SP"
298792;2020-08-01;"sábado";"15:40:00";"PE";424;70,8;"CAETES";"Falta de Atenção à Condução";"Saída de leito carroçável";"Com Vítimas Feridas";"Pleno dia";"Decrescente";"Garoa/Chuvisco";"Simples";"Reta";"Não";1;0;1;0;0;0;1;1;-8,77912908;-36,62060205;"SPRF-PE";"DEL03-PE";"UOP01-DEL03-PE"
298793;2020-08-01;"sábado";"17:30:00";"RS";290;27,5;"SANTO ANTONIO DA PATRULHA";"Não guardar distância de segurança";"Colisão lateral";"Com Vítimas Fatais";"Pleno dia";"Crescente";"Céu Claro";"Dupla";"Reta";"Não";4;1;0;0;3;0;0;2;-29,881359;-50,524544;"SPRF-RS";"DEL03-RS";"UOP01-DEL03-RS"
298804;2020-08-01;"sábado";"18:15:00";"PR";376;637,8;"SAO JOSE DOS PINHAIS";"Velocidade Incompatível";"Colisão lateral";"Com Vítimas Feridas";"Anoitecer";"Crescente";"Sol";"Dupla";"Reta";"Não";5;0;3;0;1;2;3;4;-25,75614093;-49,12609667;"SPRF-PR";"DEL01-PR";"UOP04-DEL01-PR"
298841;2020-08-01;"sábado";"15:00:00";"MT";70;647;"CACERES";"Ultrapassagem Indevida";"Tombamento";"Sem Vítimas";"Pleno dia";"Decrescente";"Sol";"Simples";"Reta";"Não";2;0;0;0;1;3;0;4;-15,95010582;-57,14950562;"SPRF-MT";"DEL03-MT";"UOP02-DEL03-MT"
298848;2020-08-01;"sábado";"19:30:00";"MA";230;372;"BALSAS";"Falta de Atenção à Condução";"Colisão transversal";"Com Vítimas Feridas";"Plena Noite";"Crescente";"Céu Claro";"Simples";"Reta";"Não";2;0;1;0;1;0;1;2;-7,26290583;-45,91897233;"SPRF-MA";"DEL05-MA";"UOP01-DEL05-MA"
298849;2020-08-01;"sábado";"20:00:00";"SC";101;302;"LAGUNA";"Falta de Atenção à Condução";"Colisão traseira";"Sem Vítimas";"Pleno dia";"Decrescente";"Céu Claro";"Dupla";"Reta";"Não";6;0;0;0;4;3;0;7;-28,35387609;-48,7426239;"SPRF-SC";"DEL02-SC";"UOP03-DEL02-SC"
298850;2020-08-01;"sábado";"10:40:00";"PI";135;391;"BOM JESUS";"Defeito na Via";"Tombamento";"Sem Vítimas";"Pleno dia";"Decrescente";"Céu Claro";"Simples";"Reta";"Não";2;0;0;0;1;1;0;2;-9,34664601;-44,543875;"SPRF-PI";"DEL03-PI";"UOP02-DEL03-PI"
298852;2020-08-01;"sábado";"22:30:00";"PR";280;258;"MARMELEIRO";"Falta de Atenção à Condução";"Colisão frontal";"Com Vítimas Fatais";"Plena Noite";"Crescente";"Céu Claro";"Simples";"Reta";"Não";4;1;0;1;1;1;1;3;-26,16591518;-53,05044651;"SPRF-PR";"DEL02-PR";"UOP01-DEL02-PR"
298854;2020-08-01;"sábado";"22:15:00";"PR";277;119;"CAMPO LARGO";"Falta de Atenção à Condução";"Colisão traseira";"Sem Vítimas";"Plena Noite";"Crescente";"Nublado";"Dupla";"Curva";"Não";3;0;0;0;1;3;0;4;-25,4330687;-49,43430906;"SPRF-PR";"DEL01-PR";"UOP03-DEL03-PR"
298869;2020-08-01;"sábado";"21:00:00";"MG";262;670,9;"IBIA";"Não guardar distância de segurança";"Colisão traseira";"Com Vítimas Feridas";"Plena Noite";"Crescente";"Céu Claro";"Simples";"Reta";"Não";5;0;2;1;1;2;3;5;-19,54647026;-46,79910015;"SPRF-MG";"DEL08-MG";"UOP01-DEL08-MG"
298871;2020-08-01;"sábado";"21:30:00";"MG";381;261;"CORONEL FABRICIANO";"Ingestão de Álcool";"Colisão traseira";"Sem Vítimas";"Plena Noite";"Crescente";"Céu Claro";"Simples";"Curva";"Sim";3;0;0;0;1;3;0;4;-19,53552502;-42,59159088;"SPRF-MG";"DEL03-MG";"UOP02-DEL03-MG"
298875;2020-08-01;"sábado";"21:00:00";"PR";376;552,3;"BALSA NOVA";"Falta de Atenção à Condução";"Colisão traseira";"Com Vítimas Feridas";"Plena Noite";"Crescente";"Céu Claro";"Dupla";"Reta";"Sim";3;0;1;0;1;1;1;3;-25,47128747;-49,69156188;"SPRF-PR";"DEL01-PR";"UOP03-DEL03-PR"
298880;2020-08-01;"sábado";"09:30:00";"MG";251;226;"SANTA CRUZ DE SALINAS";"Falta de Atenção à Condução";"Colisão lateral";"Com Vítimas Feridas";"Pleno dia";"Decrescente";"Céu Claro";"Simples";"Reta";"Não";2;0;1;0;0;1;1;2;-15,95536008;-41,67191604;"SPRF-MG";"DEL11-MG";"UOP02-DEL11-MG"
298882;2020-08-01;"sábado";"18:50:00";"MG";251;205,1;"CACHOEIRA DE PAJEU";"Falta de Atenção à Condução";"Saída de leito carroçável";"Com Vítimas Feridas";"Plena Noite";"Decrescente";"Céu Claro";"Simples";"Reta;Aclive";"Não";1;0;1;0;0;0;1;1;-15,87293297;-41,52078204;"SPRF-MG";"DEL11-MG";"UOP02-DEL11-MG"
298884;2020-07-31;"sexta-feira";"23:00:00";"MG";251;306;"SALINAS";"Defeito Mecânico no Veículo";"Incêndio";"Sem Vítimas";"Pleno dia";"Crescente";"Céu Claro";"Simples";"Curva";"Não";2;0;0;0;0;2;0;2;-16,13138292;-42,28669795;"SPRF-MG";"DEL11-MG";"UOP02-DEL11-MG"
298887;2020-08-01;"sábado";"14:40:00";"SC";101;264,4;"GAROPABA";"Defeito Mecânico no Veículo";"Incêndio";"Sem Vítimas";"Pleno dia";"Decrescente";"Céu Claro";"Dupla";"Curva;Aclive";"Sim";2;0;0;0;1;1;0;2;-28,05668108;-48,71794939;"SPRF-SC";"DEL02-SC";"UOP03-DEL02-SC"
298893;2020-08-02;"domingo";"02:15:00";"MG";381;882,8;"ESTIVA";"Falta de Atenção à Condução";"Colisão com objeto estático";"Com Vítimas Feridas";"Plena Noite";"Crescente";"Céu Claro";"Simples";"Reta";"Sim";3;0;2;0;1;0;2;2;-22,52371907;-46,0241579;"SPRF-MG";"DEL16-MG";"UOP03-DEL16-MG"
298901;2020-08-02;"domingo";"03:45:00";"MG";381;938,8;"EXTREMA";"Desobediência às normas de trânsito pelo condutor";"Derramamento de carga";"Com Vítimas Feridas";"Plena Noite";"Crescente";"Céu Claro";"Dupla";"Reta";"Não";2;0;1;0;1;0;1;2;-22,83909203;-46,32850893;"SPRF-MG";"DEL16-MG";"UOP03-DEL16-MG"
298907;2020-08-02;"domingo";"04:00:00";"PE";101;189;"PALMARES";"Ingestão de Álcool";"Colisão lateral";"Com Vítimas Fatais";"Plena Noite";"Crescente";"Garoa/Chuvisco";"Dupla";"Curva";"Não";3;1;0;1;0;1;1;2;-8,69036647;-35,60430503;"SPRF-PE";"DEL01-PE";"UOP03-DEL01-PE"
298911;2020-08-02;"domingo";"03:15:00";"RS";290;61;"GRAVATAI";"Condutor Dormindo";"Saída de leito carroçável";"Com Vítimas Feridas";"Plena Noite";"Crescente";"Céu Claro";"Múltipla";"Reta";"Não";1;0;0;1;0;0;1;1;-29,927965;-50,868099;"SPRF-RS";"DEL03-RS";"UOP01-DEL03-RS"
298919;2020-08-01;"sábado";"22:50:00";"SC";153;58,2;"IRANI";"Falta de Atenção à Condução";"Colisão lateral";"Com Vítimas Feridas";"Plena Noite";"Decrescente";"Céu Claro";"Simples";"Reta";"Não";2;0;1;0;1;0;1;2;-26,964373;-51,841362;"SPRF-SC";"DEL07-SC";"UOP05-DEL07-SC"
298920;2020-08-02;"domingo";"06:20:00";"BA";116;438;"FEIRA DE SANTANA";"Condutor Dormindo";"Tombamento";"Com Vítimas Feridas";"Amanhecer";"Decrescente";"Céu Claro";"Dupla";"Reta";"Não";2;0;1;0;0;2;1;3;-12,31624811;-39,04401672;"SPRF-BA";"DEL02-BA";"UOP01-DEL02-BA"
298925;2020-08-02;"domingo";"05:50:00";"RS";285;122,5;"VACARIA";"Ingestão de Álcool";"Colisão lateral";"Com Vítimas Feridas";"Amanhecer";"Crescente";"Céu Claro";"Simples";"Reta";"Sim";5;0;3;0;2;0;3;2;-28,50249863;-50,94929349;"SPRF-RS";"DEL05-RS";"UOP03-DEL05-RS"
298944;2020-08-02;"domingo";"09:00:00";"SP";381;90;"GUARULHOS";"Falta de Atenção à Condução";"Tombamento";"Com Vítimas Feridas";"Pleno dia";"Decrescente";"Sol";"Dupla";"Curva";"Não";2;0;1;0;0;1;1;2;-23,49479479;-46,55959864;"SPRF-SP";"DEL03-SP";"UOP01-DEL03-SP"
298951;2020-08-02;"domingo";"08:15:00";"MT";70;679,2;"CACERES";"Ultrapassagem Indevida";"Saída de leito carroçável";"Com Vítimas Feridas";"Pleno dia";"Crescente";"Céu Claro";"Simples";"Reta";"Não";4;0;0;1;0;3;1;4;-16,173088;-57,358152;"SPRF-MT";"DEL03-MT";"UOP02-DEL03-MT"
298957;2020-08-02;"domingo";"11:30:00";"SP";116;138,8;"SAO JOSE DOS CAMPOS";"Não guardar distância de segurança";"Colisão lateral";"Com Vítimas Feridas";"Pleno dia";"Decrescente";"Céu Claro";"Dupla";"Reta";"Sim";3;0;1;0;1;1;1;3;-23,1572739;-45,79554605;"SPRF-SP";"DEL06-SP";"UOP01-DEL06-SP"
298958;2020-08-02;"domingo";"11:40:00";"PR";116;70,4;"CAMPINA GRANDE DO SUL";"Desobediência às normas de trânsito pelo condutor";"Colisão com objeto estático";"Com Vítimas Feridas";"Pleno dia";"Decrescente";"Céu Claro";"Dupla";"Reta";"Não";4;0;1;0;2;1;1;4;-25,33849717;-49,03792883;"SPRF-PR";"DEL01-PR";"UOP02-DEL01-PR"
298983;2020-08-02;"domingo";"12:12:00";"PI";135;586;"CORRENTE";"Desobediência às normas de trânsito pelo condutor";"Colisão frontal";"Com Vítimas Fatais";"Pleno dia";"Crescente";"Céu Claro";"Simples";"Reta";"Não";3;1;0;0;1;2;0;4;-10,40779001;-45,16062807;"SPRF-PI";"DEL03-PI";"UOP02-DEL03-PI"
298987;2020-06-07;"domingo";"22:35:00";"RS";386;126,6;"SARANDI";"Ingestão de Álcool";"Colisão transversal";"Com Vítimas Fatais";"Plena Noite";"Crescente";"Céu Claro";"Simples";"Reta";"Não";4;1;2;0;0;1;2;3;-27,912779;-52,968605;"SPRF-RS";"DEL08-RS";"UOP01-DEL08-RS"
298997;2020-08-02;"domingo";"15:45:00";"MS";163;204,3;"CAARAPO";"Desobediência às normas de trânsito pelo condutor";"Tombamento";"Sem Vítimas";"Pleno dia";"Crescente";"Céu Claro";"Simples";"Reta";"Não";2;0;0;0;1;1;0;2;-22,66868104;-54,79541411;"SPRF-MS";"DEL04-MS";"UOP02-DEL04-MS"
299002;2020-08-02;"domingo";"16:00:00";"MT";70;521;"VARZEA GRANDE";"Falta de Atenção à Condução";"Colisão transversal";"Com Vítimas Feridas";"Pleno dia";"Crescente";"Céu Claro";"Simples";"Interseção de Vias";"Sim";5;0;2;0;1;2;2;4;-15,66982923;-56,18097067;"SPRF-MT";"DEL01-MT";"UOP02-DEL01-MT"
299003;2020-08-02;"domingo";"15:20:00";"RJ";393;151,9;"TRES RIOS";"Desobediência às normas de trânsito pelo condutor";"Capotamento";"Com Vítimas Feridas";"Pleno dia";"Crescente";"Céu Claro";"Simples";"Curva";"Não";1;0;1;0;0;0;1;1;-22,085113;-43,05425048;"SPRF-RJ";"DEL05-RJ";"UOP01-DEL05-RJ"
299005;2020-08-02;"domingo";"15:45:00";"BA";116;792,9;"VITORIA DA CONQUISTA";"Desobediência às normas de trânsito pelo condutor";"Colisão traseira";"Com Vítimas Feridas";"Pleno dia";"Decrescente";"Céu Claro";"Simples";"Reta";"Não";2;0;1;0;1;0;1;2;-14,71628;-40,61306;"SPRF-BA";"DEL08-BA";"UOP02-DEL08-BA"
299010;2020-08-02;"domingo";"17:20:00";"SP";116;283,5;"ITAPECERICA DA SERRA";"Não guardar distância de segurança";"Colisão lateral";"Com Vítimas Feridas";"Anoitecer";"Decrescente";"Céu Claro";"Dupla";"Aclive;Reta";"Sim";9;0;2;3;3;1;5;6;-23,69297005;-46,86352786;"SPRF-SP";"DEL04-SP";"UOP01-DEL04-SP"
299026;2020-08-02;"domingo";"17:05:00";"MT";163;20,5;"ITIQUIRA";"Falta de Atenção à Condução";"Colisão traseira";"Com Vítimas Fatais";"Pleno dia";"Decrescente";"Céu Claro";"Dupla";"Reta";"Não";3;1;0;0;1;1;0;3;-17,34295097;-54,75895767;"SPRF-MT";"DEL02-MT";"UOP01-DEL02-MT"
299027;2020-08-02;"domingo";"18:10:00";"PE";104;87,7;"AGRESTINA";"Desobediência às normas de trânsito pelo condutor";"Colisão frontal";"Com Vítimas Fatais";"Plena Noite";"Crescente";"Céu Claro";"Simples";"Reta";"Sim";2;1;0;0;1;0;0;2;-8,454104;-35,945515;"SPRF-PE";"DEL02-PE";"UOP01-DEL02-PE"
299037;2020-08-02;"domingo";"13:30:00";"MT";364;566,2;"NOBRES";"Ingestão de Álcool";"Tombamento";"Sem Vítimas";"Pleno dia";"Decrescente";"Céu Claro";"Dupla";"Curva";"Não";2;0;0;0;1;3;0;4;-14,71511954;-56,32106781;"SPRF-MT";"DEL01-MT";"UOP01-DEL01-MT"