"id";"data_inversa";"dia_semana";"horario";"uf";"br";"km";"municipio";"causa_acidente";"tipo_acidente";"classificacao_acidente";"fase_dia";"sentido_via";"condicao_metereologica";"tipo_pista";"tracado_via";"uso_solo";"pessoas";"mortos";"feridos_leves";"feridos_graves";"ilesos";"ignorados";"feridos";"veiculos";"latitude";"longitude";"regional";"delegacia";"uop"
299658;2020-08-05;"quarta-feira";"06:40:00";"BA";101;725,6;"EUNAPOLIS";"Defeito Mecânico no Veículo";"Colisão frontal";"Com Vítimas Feridas";"Pleno dia";"Decrescente";"Nublado";"Simples";"Curva;Declive";"Não";4;0;1;1;1;2;2;5;-16,42768802;-39,57962036;"SPRF-BA";"DEL09-BA";"UOP01-DEL09-BA"
299659;2020-08-05;"quarta-feira";"16:00:00";"BA";116;514,8;"ITATIM";"Ultrapassagem Indevida";"Colisão lateral";"Com Vítimas Feridas";"Pleno dia";"Decrescente";"Garoa/Chuvisco";"Simples";"Reta";"Não";3;0;1;0;1;2;1;4;-12,66097682;-39,63011709;"SPRF-BA";"DEL03-BA";"UOP02-DEL03-BA"
299660;2020-08-05;"quarta-feira";"14:30:00";"MA";10;295;"SAO FRANCISCO DO BREJAO";"Condutor Dormindo";"Colisão frontal";"Com Vítimas Feridas";"Pleno dia";"Decrescente";"Céu Claro";"Simples";"Reta";"Não";4;0;1;0;2;5;1;8;-5,157523;-47,53841;"SPRF-MA";"DEL04-MA";"UOP01-DEL04-MA"
299661;2020-08-05;"quarta-feira";"19:15:00";"RS";116;149,7;"CAXIAS DO SUL";"Não guardar distância de segurança";"Colisão lateral";"Com Vítimas Feridas";"Plena Noite";"Decrescente";"Céu Claro";"Dupla";"Aclive";"Sim";3;0;2;0;1;0;2;2;-29,15996905;-51,15645292;"SPRF-RS";"DEL05-RS";"UOP01-DEL05-RS"
299662;2020-08-05;"quarta-feira";"19:55:00";"SC";470;114,8;"IBIRAMA";"Desobediência às normas de trânsito pelo condutor";"Colisão transversal";"Com Vítimas Feridas";"Plena Noite";"Crescente";"Céu Claro";"Simples";"Reta";"Não";2;0;1;0;1;0;1;2;-27,086386;-49,478001;"SPRF-SC";"DEL04-SC";"UOP02-DEL04-SC"
299666;2020-08-05;"quarta-feira";"17:45:00";"BA";116;185;"EUCLIDES DA CUNHA";"Falta de Atenção à Condução";"Tombamento";"Com Vítimas Feridas";"Anoitecer";"Decrescente";"Nublado";"Simples";"Reta";"Não";2;0;1;0;0;1;1;2;-10,36760763;-39,05158997;"SPRF-BA";"DEL07-BA";"UOP02-DEL07-BA"
299667;2020-08-05;"quarta-feira";"20:40:00";"RS";116;133;"CAXIAS DO SUL";"Ultrapassagem Indevida";"Colisão lateral";"Com Vítimas Feridas";"Plena Noite";"Crescente";"Céu Claro";"Simples";"Reta";"Não";4;0;1;0;1;2;1;3;-29,05590302;-51,09689605;"SPRF-RS";"DEL05-RS";"UOP01-DEL05-RS"
299668;2020-08-05;"quarta-feira";"18:30:00";"MT";163;1110;"GUARANTA DO NORTE";"Objeto estático sobre o leito carroçável";"Colisão com objeto estático";"Com Vítimas Fatais";"Plena Noite";"Decrescente";"Céu Claro";"Simples";"Reta";"Não";3;1;1;0;0;2;1;4;-9,71780888;-54,87808527;"SPRF-MT";"DEL06-MT";"NPF/DEL06-MT"
299669;2020-07-02;"quinta-feira";"21:00:00";"PA";316;60,9;"CASTANHAL";"Velocidade Incompatível";"Colisão transversal";"Com Vítimas Feridas";"Plena Noite";"Decrescente";"Céu Claro";"Dupla";"Reta";"Sim";3;0;0;1;2;0;1;3;-1,29772957;-47,95528793;"SPRF-PA";"DEL01-PA";"UOP01-DEL01-PA"
299678;2020-08-05;"quarta-feira";"20:00:00";"BA";235;2,7;"PEDRO ALEXANDRE";"Ingestão de Álcool";"Tombamento";"Sem Vítimas";"Plena Noite";"Crescente";"Nublado";"Simples";"Declive";"Não";1;0;0;0;1;0;0;1;-10,30493317;-37,75339117;"SPRF-SE";"DEL01-SE";"UOP02-DEL01-SE"
299679;2020-08-05;"quarta-feira";"17:40:00";"MG";262;578;"CORREGO DANTA";"Não guardar distância de segurança";"Colisão frontal";"Com Vítimas Feridas";"Pleno dia";"Crescente";"Céu Claro";"Simples";"Curva";"Não";3;0;1;0;1;3;1;5;-19,67060393;-46,04771096;"SPRF-MG";"DEL08-MG";"UOP02-DEL08-MG"
299680;2020-08-05;"quarta-feira";"22:40:00";"ES";101;166;"LINHARES";"Desobediência às normas de trânsito pelo condutor";"Colisão traseira";"Com Vítimas Feridas";"Plena Noite";"Crescente";"Nublado";"Simples";"Reta";"Sim";3;0;2;0;1;0;2;2;-19,52077663;-40,14566638;"SPRF-ES";"DEL04-ES";"UOP01-DEL04-ES"
299681;2020-08-05;"quarta-feira";"19:45:00";"RS";287;322,7;"SAO VICENTE DO SUL";"Ultrapassagem Indevida";"Colisão lateral";"Com Vítimas Feridas";"Plena Noite";"Decrescente";"Céu Claro";"Simples";"Aclive;Reta";"Não";7;0;2;1;2;3;3;5;-29,6614049;-54,59268203;"SPRF-RS";"DEL09-RS";"UOP01-DEL09-RS"
299682;2020-08-05;"quarta-feira";"16:10:00";"MG";262;698,4;"ARAXA";"Defeito Mecânico no Veículo";"Derramamento de carga";"Sem Vítimas";"Pleno dia";"Decrescente";"Céu Claro";"Simples";"Reta";"Não";2;0;0;0;1;1;0;2;-19,57018637;-47,00991198;"SPRF-MG";"DEL08-MG";"UOP01-DEL08-MG"
299686;2020-08-05;"quarta-feira";"22:00:00";"RO";364;337;"JI-PARANA";"Falta de Atenção à Condução";"Colisão traseira";"Sem Vítimas";"Plena Noite";"Crescente";"Céu Claro";"Simples";"Reta";"Sim";4;0;0;0;3;3;0;6;-10,92209029;-61,9297521;"SPRF-RO";"DEL02-RO";"UOP01-DEL02-RO"
299687;2020-08-05;"quarta-feira";"19:15:00";"GO";153;325,8;"RIANAPOLIS";"Defeito Mecânico no Veículo";"Colisão frontal";"Com Vítimas Feridas";"Plena Noite";"Crescente";"Céu Claro";"Simples";"Reta";"Não";6;0;2;2;1;1;4;3;-15,490137;-49,490105;"SPRF-GO";"DEL02-GO";"UOP02-DEL02-GO"
299689;2020-08-05;"quarta-feira";"23:40:00";"SP";116;508;"CAJATI";"Defeito Mecânico no Veículo";"Colisão com objeto estático";"Com Vítimas Feridas";"Plena Noite";"Decrescente";"Céu Claro";"Simples";"Declive";"Não";2;0;1;0;1;0;1;1;-24,81333299;-48,21310484;"SPRF-SP";"DEL05-SP";"UOP02-DEL05-SP"
299690;2020-08-05;"quarta-feira";"20:50:00";"MG";40;461,5;"SETE LAGOAS";"Carga excessiva e/ou mal acondicionada";"Colisão traseira";"Sem Vítimas";"Plena Noite";"Crescente";"Céu Claro";"Dupla";"Aclive";"Não";2;0;0;0;2;0;0;2;-19,4065509;-44,33367766;"SPRF-MG";"DEL02-MG";"UOP01-DEL02-MG"
299694;2020-08-06;"quinta-feira";"01:05:00";"MG";381;455,3;"BELO HORIZONTE";"Não guardar distância de segurança";"Colisão traseira";"Com Vítimas Feridas";"Plena Noite";"Decrescente";"Céu Claro";"Simples";"Reta";"Sim";3;0;1;0;1;2;1;4;-19,84031142;-43,87630463;"SPRF-MG";"DEL01-MG";"UOP01-DEL01-MG"
299697;2020-08-05;"quarta-feira";"20:30:00";"BA";324;616;"SALVADOR";"Falta de Atenção à Condução";"Colisão lateral";"Com Vítimas Feridas";"Plena Noite";"Crescente";"Garoa/Chuvisco";"Dupla";"Reta";"Sim";4;0;3;0;0;2;3;4;-12,87957905;-38,43213893;"SPRF-BA";"DEL01-BA";"UOP01-DEL01-BA"
299708;2020-08-06;"quinta-feira";"06:45:00";"PR";277;629;"CEU AZUL";"Mal Súbito";"Colisão transversal";"Com Vítimas Feridas";"Pleno dia";"Crescente";"Céu Claro";"Simples";"Curva";"Não";6;0;4;1;1;0;5;3;-25,10895423;-53,78588307;"SPRF-PR";"DEL05-PR";"UOP02-DEL05-PR"
299713;2020-08-06;"quinta-feira";"05:30:00";"PA";10;316;"IRITUIA";"Falta de Atenção à Condução";"Colisão lateral";"Com Vítimas Fatais";"Amanhecer";"Crescente";"Nevoeiro/Neblina";"Simples";"Reta";"Não";4;1;0;1;2;0;1;2;-1,66735091;-47,49702422;"SPRF-PA";"DEL01-PA";"UOP02-DEL01-PA"
299718;2020-08-06;"quinta-feira";"04:30:00";"SC";280;56;"GUARAMIRIM";"Desobediência às normas de trânsito pelo condutor";"Colisão lateral";"Com Vítimas Feridas";"Pleno dia";"Crescente";"Céu Claro";"Simples";"Reta";"Sim";3;0;1;0;1;1;1;3;-26,47944683;-49,00496721;"SPRF-SC";"DEL03-SC";"UOP03-DEL03-SC"
299719;2020-08-06;"quinta-feira";"07:50:00";"GO";452;95;"BOM JESUS DE GOIAS";"Defeito Mecânico no Veículo";"Tombamento";"Com Vítimas Feridas";"Pleno dia";"Decrescente";"Céu Claro";"Simples";"Reta";"Não";1;0;1;0;0;0;1;1;-18,11272406;-50,04371802;"SPRF-GO";"DEL03-GO";"UOP02-DEL03-GO"
299721;2020-07-28;"terça-feira";"18:30:00";"MG";116;254;"TEOFILO OTONI";"Ultrapassagem Indevida";"Colisão com objeto estático";"Com Vítimas Feridas";"Plena Noite";"Crescente";"Céu Claro";"Simples";"Reta";"Não";4;0;0;1;2;2;1;4;-17,67466213;-41,48807842;"SPRF-MG";"DEL11-MG";"UOP01-DEL11-MG"
299722;2020-08-06;"quinta-feira";"07:00:00";"MT";163;730;"SORRISO";"Falta de Atenção à Condução";"Engavetamento";"Com Vítimas Feridas";"Pleno dia";"Decrescente";"Céu Claro";"Simples";"Reta";"Não";6;0;1;0;4;4;1;7;-12,83712601;-55,82383988;"SPRF-MT";"DEL06-MT";"UOP01-DEL06-MT"
299726;2020-08-06;"quinta-feira";"05:45:00";"MG";40;267,9;"SAO GONCALO DO ABAETE";"Condutor Dormindo";"Colisão traseira";"Com Vítimas Feridas";"Amanhecer";"Decrescente";"Céu Claro";"Simples";"Curva";"Não";3;0;1;0;1;3;1;5;-18,16391836;-45,29936137;"SPRF-MG";"DEL14-MG";"UOP02-DEL14-MG"
299727;2020-08-06;"quinta-feira";"07:00:00";"MG";381;802;"SAO GONCALO DO SAPUCAI";"Defeito Mecânico no Veículo";"Incêndio";"Sem Vítimas";"Pleno dia";"Decrescente";"Sol";"Dupla";"Reta";"Não";1;0;0;0;1;0;0;1;-21,98685449;-45,65711903;"SPRF-MG";"DEL16-MG";"UOP02-DEL16-MG"
299728;2020-08-06;"quinta-feira";"08:00:00";"MG";262;502;"MOEMA";"Desobediência às normas de trânsito pelo condutor";"Colisão frontal";"Com Vítimas Feridas";"Pleno dia";"Decrescente";"Céu Claro";"Simples";"Reta";"Não";4;0;1;0;2;1;1;4;-19,78096232;-45,45567502;"SPRF-MG";"DEL08-MG";"UOP03-DEL08-MG"
299730;2020-08-06;"quinta-feira";"08:15:00";"RS";290;282,7;"CACHOEIRA DO SUL";"Velocidade Incompatível";"Colisão traseira";"Com Vítimas Feridas";"Pleno dia";"Decrescente";"Céu Claro";"Simples";"Curva";"Não";4;0;0;2;1;1;2;3;-30,249454;-53,043499;"SPRF-RS";"DEL02-RS";"UOP03-DEL02-RS"
299733;2020-08-06;"quinta-feira";"07:00:00";"SC";470;190;"POUSO REDONDO";"Velocidade Incompatível";"Tombamento";"Com Vítimas Feridas";"Pleno dia";"Decrescente";"Céu Claro";"Simples";"Curva;Declive";"Não";2;0;1;0;0;2;1;3;-27,281504;-50,069775;"SPRF-SC";"DEL04-SC";"UOP02-DEL04-SC"
299734;2020-08-06;"quinta-feira";"09:00:00";"PR";163;47,7;"PRANCHITA";"Falta de Atenção à Condução";"Tombamento";"Com Vítimas Feridas";"Pleno dia";"Crescente";"Céu Claro";"Simples";"Reta";"Não";1;0;1;0;0;0;1;1;-26,00772675;-53,73077325;"SPRF-PR";"DEL02-PR";"UOP02-DEL02-PR"
299738;2020-08-06;"quinta-feira";"08:15:00";"RJ";116;308;"RESENDE";"Falta de Atenção à Condução";"Colisão lateral";"Com Vítimas Feridas";"Pleno dia";"Crescente";"Céu Claro";"Dupla";"Reta";"Sim";4;0;1;0;2;2;1;4;-22,4621089;-44,4785158;"SPRF-RJ";"DEL07-RJ";"UOP02-DEL07-RJ"
299739;2020-07-28;"terça-feira";"16:25:00";"AL";104;87;"RIO LARGO";"Falta de Atenção à Condução";"Colisão lateral";"Com Vítimas Feridas";"Anoitecer";"Crescente";"Chuva";"Dupla";"Reta";"Sim";3;0;2;0;0;1;2;2;-9,47532901;-35,82160002;"SPRF-AL";"DEL01-AL";"UOP01-DEL01-AL"
299740;2020-08-06;"quinta-feira";"09:00:00";"MG";50;22;"UBERLANDIA";"Desobediência às normas de trânsito pelo condutor";"Colisão lateral";"Com Vítimas Feridas";"Pleno dia";"Decrescente";"Sol";"Simples";"Viaduto;Reta;Interseção de Vias";"Não";2;0;1;0;1;0;1;2;-18,93822957;-48,21840098;"SPRF-MG";"DEL15-MG";"UOP02-DEL15-MG"
299741;2020-08-06;"quinta-feira";"10:00:00";"PR";277;157,8;"PORTO AMAZONAS";"Falta de Atenção à Condução";"Tombamento";"Sem Vítimas";"Pleno dia";"Decrescente";"Céu Claro";"Simples";"Interseção de Vias";"Não";2;0;0;0;1;1;0;2;-25,47289;-49,895964;"SPRF-PR";"DEL01-PR";"UOP03-DEL03-PR"
299742;2020-08-06;"quinta-feira";"09:50:00";"MG";40;509;"RIBEIRAO DAS NEVES";"Falta de Atenção à Condução";"Colisão lateral";"Com Vítimas Feridas";"Pleno dia";"Crescente";"Céu Claro";"Dupla";"Reta";"Sim";3;0;1;0;1;1;1;3;-19,76728744;-44,12855905;"SPRF-MG";"DEL01-MG";"UOP02-DEL01-MG"
299743;2020-08-06;"quinta-feira";"10:30:00";"SE";101;102;"SAO CRISTOVAO";"Condutor Dormindo";"Saída de leito carroçável";"Sem Vítimas";"Pleno dia";"Decrescente";"Céu Claro";"Dupla";"Reta";"Sim";2;0;0;0;1;1;0;2;-10,94880037;-37,21099182;"SPRF-SE";"DEL02-SE";"UOP01-DEL02-SE"
299745;2020-08-06;"quinta-feira";"08:45:00";"RJ";101;293;"ITABORAI";"Falta de Atenção à Condução";"Tombamento";"Sem Vítimas";"Pleno dia";"Crescente";"Céu Claro";"Simples";"Reta";"Sim";1;0;0;0;1;0;0;1;-22,756203;-42,88724;"SPRF-RJ";"DEL02-RJ";"UOP02-DEL02-RJ"
299746;2020-08-06;"quinta-feira";"10:20:00";"SP";116;229,5;"SAO PAULO";"Falta de Atenção à Condução";"Engavetamento";"Sem Vítimas";"Pleno dia";"Crescente";"Sol";"Múltipla";"Reta";"Sim";5;0;0;0;5;0;0;5;-23,51291902;-46,57604698;"SPRF-SP";"DEL01-SP";"UOP01-DEL01-SP"
299749;2020-08-06;"quinta-feira";"11:30:00";"PE";101;21;"GOIANA";"Condutor Dormindo";"Colisão traseira";"Com Vítimas Feridas";"Pleno dia";"Crescente";"Céu Claro";"Dupla";"Reta";"Não";3;0;1;0;1;2;1;4;-7,667766;-34,93266;"SPRF-PE";"DEL01-PE";"UOP02-DEL01-PE"
299750;2020-04-28;"terça-feira";"07:15:00";"PR";277;47;"MORRETES";"Defeito Mecânico no Veículo";"Queda de ocupante de veículo";"Com Vítimas Fatais";"Pleno dia";"Decrescente";"Nublado";"Dupla";"Reta";"Não";2;1;0;0;1;0;0;1;-25,58937591;-48,87336932;"SPRF-PR";"DEL01-PR";"UOP05-DEL01-PR"
299758;2020-08-06;"quinta-feira";"13:10:00";"PR";277;655;"MATELANDIA";"Não guardar distância de segurança";"Colisão lateral";"Com Vítimas Feridas";"Pleno dia";"Decrescente";"Céu Claro";"Dupla";"Reta";"Não";2;0;1;0;1;0;1;2;-25,2307921;-53,95278694;"SPRF-PR";"DEL05-PR";"UOP02-DEL05-PR"
299766;2020-08-06;"quinta-feira";"13:25:00";"MT";364;402;"CUIABA";"Não guardar distância de segurança";"Queda de ocupante de veículo";"Com Vítimas Fatais";"Pleno dia";"Crescente";"Céu Claro";"Dupla";"Reta";"Não";3;1;0;0;1;1;0;3;-15,66855019;-55,95476508;"SPRF-MT";"DEL01-MT";"UOP02-DEL01-MT"
299768;2020-08-06;"quinta-feira";"14:18:00";"MG";40;663,7;"CARANDAI";"Falta de Atenção à Condução";"Colisão traseira";"Com Vítimas Feridas";"Pleno dia";"Decrescente";"Céu Claro";"Simples";"Reta";"Não";3;0;0;1;1;1;1;3;-20,92154477;-43,82273369;"SPRF-MG";"DEL05-MG";"UOP02-DEL05-MG"
299771;2020-08-06;"quinta-feira";"13:55:00";"RS";392;286,5;"SAO SEPE";"Falta de Atenção à Condução";"Colisão traseira";"Com Vítimas Feridas";"Pleno dia";"Crescente";"Sol";"Simples";"Curva;Aclive";"Não";3;0;1;0;1;2;1;4;-30,254761;-53,54512;"SPRF-RS";"DEL09-RS";"UOP02-DEL09-RS"
299773;2020-08-05;"quarta-feira";"21:00:00";"PA";230;679;"BRASIL NOVO";"Pista Escorregadia";"Tombamento";"Com Vítimas Feridas";"Plena Noite";"Decrescente";"Céu Claro";"Dupla";"Reta";"Não";3;0;1;0;0;2;1;3;-3,311;-52,55;"SPRF-PA";"DEL04-PA";"UOP01-DEL04-PA"
299777;2020-08-06;"quinta-feira";"15:00:00";"AM";174;978;"PRESIDENTE FIGUEIREDO";"Ultrapassagem Indevida";"Capotamento";"Sem Vítimas";"Pleno dia";"Decrescente";"Sol";"Simples";"Reta";"Não";2;0;0;0;2;0;0;2;-2,14617041;-60,00073001;"SPRF-AM";"DEL01-AM";"UOP02-DEL01-AM"
299778;2020-08-06;"quinta-feira";"15:00:00";"PR";376;262,5;"CALIFORNIA";"Falta de Atenção à Condução";"Tombamento";"Com Vítimas Feridas";"Pleno dia";"Decrescente";"Céu Claro";"Dupla";"Curva";"Não";2;0;1;0;0;1;1;2;-23,69739;-51,33604;"SPRF-PR";"DEL07-PR";"UOP03-DEL07-PR"
299780;2020-08-06;"quinta-feira";"16:00:00";"RJ";101;279;"TANGUA";"Falta de Atenção à Condução";"Saída de leito carroçável";"Com Vítimas Feridas";"Pleno dia";"Decrescente";"Céu Claro";"Dupla";"Reta";"Sim";2;0;1;0;1;0;1;2;-22,7383655;-42,76745405;"SPRF-RJ";"DEL02-RJ";"UOP03-DEL02-RJ"
299782;2020-08-06;"quinta-feira";"15:50:00";"PR";116;86;"PIRAQUARA";"Desobediência às normas de trânsito pelo condutor";"Colisão traseira";"Com Vítimas Feridas";"Pleno dia";"Decrescente";"Céu Claro";"Dupla";"Reta";"Não";2;0;0;1;1;0;1;2;-25,43479327;-49,08939973;"SPRF-PR";"DEL01-PR";"UOP01-DEL01-PR"
299785;2020-08-06;"quinta-feira";"16:00:00";"GO";153;606,2;"MORRINHOS";"Falta de Atenção à Condução";"Colisão traseira";"Com Vítimas Feridas";"Pleno dia";"Decrescente";"Céu Claro";"Dupla";"Declive";"Não";3;0;2;0;1;0;2;2;-17,60331517;-49,18766856;"SPRF-GO";"DEL03-GO";"UOP01-DEL03-GO"
299787;2020-08-06;"quinta-feira";"14:40:00";"MG";116;564,8;"MANHUACU";"Velocidade Incompatível";"Colisão lateral";"Com Vítimas Feridas";"Pleno dia";"Crescente";"Céu Claro";"Simples";"Curva";"Não";2;0;0;1;1;0;1;2;-20,06216515;-42,17191471;"SPRF-MG";"DEL06-MG";"UOP03-DEL06-MG"
299788;2020-08-06;"quinta-feira";"12:00:00";"RS";153;3;"MARCELINO RAMOS";"Carga excessiva e/ou mal acondicionada";"Colisão com objeto estático";"Sem Vítimas";"Pleno dia";"Decrescente";"Céu Claro";"Simples";"Reta";"Não";2;0;0;0;1;1;0;2;-27,39202692;-52,00953309;"SPRF-RS";"DEL08-RS";"UOP04-DEL08-RS"
299791;2020-08-06;"quinta-feira";"16:20:00";"BA";116;13,6;"VITORIA DA CONQUISTA";"Desobediência às normas de trânsito pelo condutor";"Colisão transversal";"Sem Vítimas";"Pleno dia";"Crescente";"Nublado";"Simples";"Reta";"Sim";3;0;0;0;1;2;0;3;-14,885292;-40,870708;"SPRF-BA";"DEL08-BA";"UOP01-DEL08-BA"
299796;2020-08-06;"quinta-feira";"16:20:00";"RJ";40;85;"DUQUE DE CAXIAS";"Velocidade Incompatível";"Saída de leito carroçável";"Com Vítimas Feridas";"Pleno dia";"Crescente";"Céu Claro";"Simples";"Curva";"Não";1;0;1;0;0;0;1;1;-22,52850694;-43,2349802;"SPRF-RJ";"DEL06-RJ";"UOP01-DEL06-RJ"
299811;2020-08-06;"quinta-feira";"07:40:00";"BA";242;491;"OLIVEIRA DOS BREJINHOS";"Defeito Mecânico no Veículo";"Colisão lateral";"Sem Vítimas";"Pleno dia";"Decrescente";"Nublado";"Múltipla";"Declive";"Não";6;0;0;0;5;9;0;13;-12,40158974;-42,37914499;"SPRF-BA";"DEL06-BA";"UOP01-DEL06-BA"
299812;2020-08-06;"quinta-feira";"17:30:00";"MG";116;701,7;"MURIAE";"Falta de Atenção à Condução";"Colisão transversal";"Com Vítimas Feridas";"Anoitecer";"Crescente";"Céu Claro";"Simples";"Reta";"Sim";3;0;2;0;0;2;2;4;-21,11084891;-42,3806104;"SPRF-MG";"DEL07-MG";"UOP02-DEL07-MG"
299822;2020-08-06;"quinta-feira";"15:30:00";"RS";471;485,2;"RIO GRANDE";"Defeito Mecânico no Veículo";"Tombamento";"Sem Vítimas";"Pleno dia";"Crescente";"Céu Claro";"Simples";"Reta";"Não";2;0;0;0;1;2;0;3;-32,23455;-52,480206;"SPRF-RS";"DEL07-RS";"UOP02-DEL07-RS"
299828;2020-08-05;"quarta-feira";"09:00:00";"BA";101;557,2;"ARATACA";"Pista Escorregadia";"Tombamento";"Com Vítimas Feridas";"Pleno dia";"Crescente";"Chuva";"Simples";"Declive";"Não";1;0;1;0;0;0;1;1;-15,18021432;-39,43174884;"SPRF-BA";"DEL05-BA";"UOP02-DEL05-BA"
299836;2020-08-06;"quinta-feira";"19:37:00";"RO";435;27,5;"VILHENA";"Falta de Atenção à Condução";"Colisão transversal";"Com Vítimas Feridas";"Plena Noite";"Crescente";"Nublado";"Simples";"Interseção de Vias";"Não";4;0;0;1;2;1;1;3;-12,72267259;-60,26243448;"SPRF-RO";"DEL04-RO";"UOP02-DEL04-RO"
299843;2020-08-06;"quinta-feira";"19:30:00";"MT";158;579;"AGUA BOA";"Defeito Mecânico no Veículo";"Colisão lateral";"Com Vítimas Feridas";"Plena Noite";"Decrescente";"Céu Claro";"Simples";"Aclive";"Não";3;0;1;0;1;2;1;4;-14,13813999;-52,19952661;"SPRF-MT";"DEL07-MT";"UOP02-DEL07-MT"
299845;2020-08-06;"quinta-feira";"21:40:00";"PR";376;185;"SARANDI";"Defeito Mecânico no Veículo";"Tombamento";"Com Vítimas Feridas";"Plena Noite";"Crescente";"Céu Claro";"Dupla";"Declive";"Sim";4;0;1;1;1;1;2;3;-23,45147413;-51,85361808;"SPRF-PR";"DEL09-PR";"UOP01-DEL09-PR"
299849;2020-08-06;"quinta-feira";"21:10:00";"RJ";40;21;"TRES RIOS";"Velocidade Incompatível";"Tombamento";"Com Vítimas Feridas";"Plena Noite";"Decrescente";"Céu Claro";"Simples";"Curva";"Não";1;0;1;0;0;0;1;1;-22,11772769;-43,15749407;"SPRF-RJ";"DEL05-RJ";"UOP02-DEL05-RJ"
299850;2020-08-06;"quinta-feira";"22:50:00";"RS";392;16,1;"RIO GRANDE";"Carga excessiva e/ou mal acondicionada";"Derramamento de carga";"Sem Vítimas";"Plena Noite";"Crescente";"Céu Claro";"Simples";"Reta";"Sim";2;0;0;0;1;1;0;2;-32,1024397;-52,16347437;"SPRF-RS";"DEL07-RS";"UOP02-DEL07-RS"
299851;2020-08-06;"quinta-feira";"18:00:00";"BA";116;648;"JAGUAQUARA";"Ultrapassagem Indevida";"Colisão frontal";"Com Vítimas Feridas";"Anoitecer";"Crescente";"Garoa/Chuvisco";"Simples";"Reta";"Não";5;0;2;0;3;0;2;3;-13,62706029;-40,09257406;"SPRF-BA";"DEL03-BA";"UOP01-DEL03-BA"
299857;2020-08-07;"sexta-feira";"00:00:00";"MG";40;590;"ITABIRITO";"Condutor Dormindo";"Colisão traseira";"Com Vítimas Feridas";"Plena Noite";"Decrescente";"Céu Claro";"Simples";"Reta";"Não";4;0;0;2;1;1;2;3;-20,3591;-43,90992896;"SPRF-MG";"DEL01-MG";"UOP02-DEL01-MG"
299859;2020-08-06;"quinta-feira";"23:40:00";"PR";369;185,4;"ARAPONGAS";"Não guardar distância de segurança";"Colisão traseira";"Com Vítimas Feridas";"Plena Noite";"Decrescente";"Céu Claro";"Simples";"Reta";"Sim";4;0;1;0;1;2;1;4;-23,41102564;-51,42749548;"SPRF-PR";"DEL07-PR";"UOP03-DEL07-PR"
299862;2020-08-07;"sexta-feira";"00:45:00";"PB";230;65;"SAO MIGUEL DE TAIPU";"Condutor Dormindo";"Saída de leito carroçável";"Com Vítimas Fatais";"Plena Noite";"Crescente";"Céu Claro";"Dupla";"Reta";"Não";2;1;0;0;0;2;0;3;-7,1911;-35,1832;"SPRF-PB";"DEL01-PB";"UOP03-DEL01-PB"
299866;2020-08-06;"quinta-feira";"23:40:00";"MG";116;602,6;"SAO JOAO DO MANHUACU";"Velocidade Incompatível";"Saída de leito carroçável";"Com Vítimas Fatais";"Plena Noite";"Crescente";"Céu Claro";"Simples";"Curva";"Não";2;1;0;0;0;1;0;2;-20,34697376;-42,14642112;"SPRF-MG";"DEL06-MG";"UOP03-DEL06-MG"
299868;2020-08-07;"sexta-feira";"03:00:00";"SP";381;61;"MAIRIPORA";"Condutor Dormindo";"Colisão traseira";"Com Vítimas Feridas";"Plena Noite";"Decrescente";"Céu Claro";"Dupla";"Curva";"Não";3;0;1;0;1;2;1;4;-23,29011611;-46,5800681;"SPRF-SP";"DEL03-SP";"UOP01-DEL03-SP"
299869;2020-08-07;"sexta-feira";"02:50:00";"PR";277;230,2;"FERNANDES PINHEIRO";"Condutor Dormindo";"Saída de leito carroçável";"Com Vítimas Feridas";"Plena Noite";"Crescente";"Nevoeiro/Neblina";"Simples";"Reta";"Não";1;0;1;0;0;0;1;1;-25,466405;-50,46313292;"SPRF-PR";"DEL03-PR";"UOP03-DEL03-PR"
299877;2020-08-07;"sexta-feira";"05:45:00";"PE";101;193;"PALMARES";"Falta de Atenção à Condução";"Saída de leito carroçável";"Sem Vítimas";"Pleno dia";"Crescente";"Céu Claro";"Dupla";"Curva";"Não";3;0;0;0;2;1;0;3;-8,72157295;-35,60951373;"SPRF-PE";"DEL01-PE";"UOP03-DEL01-PE"
299879;2020-08-07;"sexta-feira";"04:00:00";"SC";101;164;"TIJUCAS";"Desobediência às normas de trânsito pelo condutor";"Colisão com objeto estático";"Sem Vítimas";"Amanhecer";"Crescente";"Nevoeiro/Neblina";"Simples";"Retorno Regulamentado";"Sim";2;0;0;0;1;2;0;3;-27,243868;-48,6309;"SPRF-SC";"DEL04-SC";"UOP03-DEL04-SC"
299880;2020-08-07;"sexta-feira";"06:00:00";"RJ";116;245,2;"PIRAI";"Falta de Atenção à Condução";"Colisão traseira";"Com Vítimas Feridas";"Amanhecer";"Decrescente";"Céu Claro";"Dupla";"Curva";"Não";7;0;4;0;2;3;4;7;-22,62040692;-43,92593694;"SPRF-RJ";"DEL07-RJ";"UOP01-DEL07-RJ"
299888;2020-08-07;"sexta-feira";"02:40:00";"MG";153;69,8;"MONTE ALEGRE DE MINAS";"Falta de Atenção à Condução";"Saída de leito carroçável";"Com Vítimas Feridas";"Plena Noite";"Crescente";"Céu Claro";"Múltipla";"Reta";"Não";3;0;1;0;1;2;1;3;-18,96953005;-49,02510825;"SPRF-MG";"DEL15-MG";"UOP03-DEL15-MG"