"id";"data_inversa";"dia_semana";"horario";"uf";"br";"km";"municipio";"causa_acidente";"tipo_acidente";"classificacao_acidente";"fase_dia";"sentido_via";"condicao_metereologica";"tipo_pista";"tracado_via";"uso_solo";"pessoas";"mortos";"feridos_leves";"feridos_graves";"ilesos";"ignorados";"feridos";"veiculos";"latitude";"longitude";"regional";"delegacia";"uop"
299893;2020-08-07;"sexta-feira";"07:30:00";"ES";101;290;"CARIACICA";"Falta de Atenção à Condução";"Colisão lateral";"Com Vítimas Feridas";"Pleno dia";"Decrescente";"Céu Claro";"Dupla";"Reta";"Não";2;0;1;0;1;0;1;2;-20,28927747;-40,39181575;"SPRF-ES";"DEL01-ES";"UOP01-DEL01-ES"
299900;2020-06-08;"segunda-feira";"01:30:00";"SP";116;372;"MIRACATU";"Condutor Dormindo";"Colisão com objeto estático";"Com Vítimas Feridas";"Plena Noite";"Decrescente";"Nevoeiro/Neblina";"Dupla";"Reta";"Não";4;0;1;1;2;0;2;2;-24,16540804;-47,33274697;"SPRF-SP";"DEL04-SP";"UOP02-DEL04-SP"
299903;2020-08-07;"sexta-feira";"07:55:00";"SP";116;215,8;"GUARULHOS";"Falta de Atenção à Condução";"Colisão traseira";"Sem Vítimas";"Pleno dia";"Decrescente";"Sol";"Múltipla";"Reta";"Não";6;0;0;0;5;1;0;5;-23,44695693;-46,45394103;"SPRF-SP";"DEL01-SP";"UOP01-DEL01-SP"
299904;2020-08-07;"sexta-feira";"09:00:00";"MG";381;448;"SABARA";"Defeito Mecânico no Veículo";"Incêndio";"Sem Vítimas";"Pleno dia";"Crescente";"Céu Claro";"Simples";"Aclive";"Não";2;0;0;0;1;1;0;2;-19,83435173;-43,85962899;"SPRF-MG";"DEL01-MG";"UOP01-DEL01-MG"
299905;2020-08-07;"sexta-feira";"07:50:00";"SP";116;214;"GUARULHOS";"Mal Súbito";"Colisão com objeto estático";"Com Vítimas Feridas";"Amanhecer";"Decrescente";"Céu Claro";"Múltipla";"Reta";"Sim";2;0;0;1;0;1;1;2;-23,44333014;-46,44531294;"SPRF-SP";"DEL01-SP";"UOP01-DEL01-SP"
299908;2020-08-07;"sexta-feira";"07:30:00";"BA";101;269;"SANTO ANTONIO DE JESUS";"Não guardar distância de segurança";"Colisão traseira";"Com Vítimas Feridas";"Pleno dia";"Decrescente";"Chuva";"Simples";"Aclive";"Não";4;0;1;0;3;0;1;4;-13,00966072;-39,29223306;"SPRF-BA";"DEL01-BA";"UOP02-DEL01-BA"
299913;2020-08-07;"sexta-feira";"06:50:00";"MG";40;292,8;"TRES MARIAS";"Ultrapassagem Indevida";"Colisão com objeto estático";"Com Vítimas Feridas";"Amanhecer";"Decrescente";"Céu Claro";"Simples";"Aclive;Curva";"Não";2;0;2;0;0;0;2;1;-18,28818271;-45,12852666;"SPRF-MG";"DEL14-MG";"UOP02-DEL14-MG"
299914;2020-08-07;"sexta-feira";"09:00:00";"RS";116;253;"SAPUCAIA DO SUL";"Não guardar distância de segurança";"Colisão traseira";"Com Vítimas Feridas";"Pleno dia";"Decrescente";"Céu Claro";"Múltipla";"Declive";"Sim";2;0;1;0;1;0;1;2;-29,81784209;-51,16996166;"SPRF-RS";"DEL01-RS";"UOP02-DEL01-RS"
299920;2020-08-07;"sexta-feira";"10:20:00";"PR";376;6,3;"MARINGA";"Mal Súbito";"Colisão lateral";"Com Vítimas Feridas";"Pleno dia";"Crescente";"Sol";"Dupla";"Reta";"Sim";4;0;2;0;1;2;2;4;-23,37802886;-51,94280148;"SPRF-PR";"DEL09-PR";"UOP01-DEL09-PR"
299922;2020-08-07;"sexta-feira";"09:00:00";"GO";50;96,3;"CRISTALINA";"Falta de Atenção à Condução";"Atropelamento de Pedestre";"Com Vítimas Fatais";"Pleno dia";"Crescente";"Céu Claro";"Simples";"Reta";"Sim";2;1;0;0;0;1;0;2;-16,9309;-47,7117;"SPRF-DF";"DEL01-DF";"UOP02-DEL01-DF"
299924;2020-08-07;"sexta-feira";"10:40:00";"BA";116;11,4;"VITORIA DA CONQUISTA";"Falta de Atenção à Condução";"Colisão lateral";"Com Vítimas Feridas";"Pleno dia";"Decrescente";"Nublado";"Simples";"Reta";"Sim";2;0;1;0;1;0;1;2;-14,87312362;-40,87154388;"SPRF-BA";"DEL08-BA";"UOP01-DEL08-BA"
299933;2020-02-19;"quarta-feira";"16:00:00";"SP";116;216;"GUARULHOS";"Velocidade Incompatível";"Colisão lateral";"Com Vítimas Feridas";"Pleno dia";"Decrescente";"Nublado";"Múltipla";"Aclive";"Sim";2;0;0;1;1;0;1;2;-23,45056589;-46,46258105;"SPRF-SP";"DEL01-SP";"UOP01-DEL01-SP"
299934;2020-08-07;"sexta-feira";"12:20:00";"RJ";493;20;"MAGE";"Falta de Atenção do Pedestre";"Atropelamento de Pedestre";"Com Vítimas Feridas";"Pleno dia";"Crescente";"Céu Claro";"Simples";"Reta";"Sim";2;0;1;0;1;0;1;2;-22,66364;-43,036495;"SPRF-RJ";"DEL04-RJ";"UOP02-DEL04-RJ"
299938;2020-08-07;"sexta-feira";"11:20:00";"GO";153;202;"URUACU";"Falta de Atenção à Condução";"Colisão lateral";"Com Vítimas Feridas";"Pleno dia";"Decrescente";"Céu Claro";"Simples";"Reta";"Sim";3;0;1;0;2;0;1;2;-14,527802;-49,159687;"SPRF-GO";"DEL07-GO";"UOP02-DEL07-GO"
299940;2020-08-07;"sexta-feira";"09:50:00";"SC";101;56,6;"JOINVILLE";"Velocidade Incompatível";"Colisão traseira";"Com Vítimas Feridas";"Pleno dia";"Crescente";"Céu Claro";"Simples";"Reta";"Sim";2;0;1;0;1;0;1;2;-26,43207484;-48,82263984;"SPRF-SC";"DEL03-SC";"UOP01-DEL03-SC"
299946;2020-08-07;"sexta-feira";"12:40:00";"TO";153;255;"COLINAS DO TOCANTINS";"Falta de Atenção à Condução";"Saída de leito carroçável";"Com Vítimas Feridas";"Pleno dia";"Crescente";"Céu Claro";"Simples";"Reta";"Não";2;0;1;0;0;1;1;2;-8,12603295;-48,47137172;"SPRF-TO";"DEL02-TO";"UOP02-DEL02-TO"
299952;2020-08-07;"sexta-feira";"13:00:00";"RO";364;264,8;"CACOAL";"Condutor Dormindo";"Saída de leito carroçável";"Com Vítimas Feridas";"Pleno dia";"Decrescente";"Céu Claro";"Simples";"Reta";"Não";2;0;1;0;0;2;1;3;-11,3875938;-61,66451172;"SPRF-RO";"DEL02-RO";"UOP02-DEL02-RO"
299957;2020-08-07;"sexta-feira";"14:45:00";"PE";101;50,2;"ABREU E LIMA";"Desobediência às normas de trânsito pelo condutor";"Colisão frontal";"Com Vítimas Fatais";"Pleno dia";"Decrescente";"Céu Claro";"Múltipla";"Reta";"Sim";2;1;0;0;0;1;0;2;-7,90938602;-34,90123228;"SPRF-PE";"DEL01-PE";"UOP02-DEL01-PE"
299958;2020-08-07;"sexta-feira";"14:20:00";"RS";470;202;"BENTO GONCALVES";"Ingestão de Álcool";"Saída de leito carroçável";"Sem Vítimas";"Pleno dia";"Crescente";"Céu Claro";"Simples";"Curva";"Não";1;0;0;0;1;0;0;1;-29,07677887;-51,58496599;"SPRF-RS";"DEL06-RS";"UOP02-DEL06-RS"
299960;2020-08-07;"sexta-feira";"12:10:00";"RJ";40;73;"PETROPOLIS";"Velocidade Incompatível";"Tombamento";"Com Vítimas Feridas";"Pleno dia";"Crescente";"Céu Claro";"Simples";"Curva";"Não";2;0;1;0;0;1;1;2;-22,4725602;-43,22043311;"SPRF-RJ";"DEL06-RJ";"UOP01-DEL06-RJ"
299961;2020-08-07;"sexta-feira";"14:30:00";"PE";232;119;"CARUARU";"Falta de Atenção à Condução";"Colisão traseira";"Sem Vítimas";"Pleno dia";"Crescente";"Céu Claro";"Dupla";"Reta";"Não";2;0;0;0;2;0;0;2;-8,2962792;-35,89314995;"SPRF-PE";"DEL02-PE";"UOP03-DEL02-PE"
299962;2020-08-07;"sexta-feira";"12:30:00";"SC";470;58;"BLUMENAU";"Ultrapassagem Indevida";"Colisão lateral";"Com Vítimas Feridas";"Pleno dia";"Crescente";"Céu Claro";"Simples";"Reta";"Não";2;0;1;0;1;0;1;2;-26,883879;-49,145622;"SPRF-SC";"DEL04-SC";"UOP01-DEL04-SC"
299969;2020-08-07;"sexta-feira";"14:25:00";"GO";153;357,4;"JARAGUA";"Desobediência às normas de trânsito pelo condutor";"Colisão transversal";"Com Vítimas Feridas";"Pleno dia";"Decrescente";"Céu Claro";"Simples";"Interseção de Vias";"Não";3;0;1;0;1;1;1;3;-15,73505124;-49,32312012;"SPRF-GO";"DEL02-GO";"UOP02-DEL02-GO"
299971;2020-08-07;"sexta-feira";"16:00:00";"MG";381;694,7;"LAVRAS";"Falta de Atenção à Condução";"Colisão lateral";"Sem Vítimas";"Pleno dia";"Decrescente";"Céu Claro";"Dupla";"Declive;Reta";"Não";2;0;0;0;2;0;0;2;-21,26844225;-45,13721743;"SPRF-MG";"DEL04-MG";"UOP02-DEL04-MG"
299972;2020-08-07;"sexta-feira";"14:00:00";"CE";116;135,3;"RUSSAS";"Falta de Atenção à Condução";"Tombamento";"Com Vítimas Feridas";"Pleno dia";"Crescente";"Céu Claro";"Simples";"Declive;Curva";"Não";4;0;2;0;1;1;2;2;-4,72478809;-38,0860534;"SPRF-CE";"DEL03-CE";"UOP01-DEL03-CE"
299974;2020-08-07;"sexta-feira";"14:50:00";"PE";101;183;"PALMARES";"Falta de Atenção à Condução";"Saída de leito carroçável";"Com Vítimas Fatais";"Pleno dia";"Crescente";"Céu Claro";"Dupla";"Curva";"Não";2;1;0;1;0;0;1;1;-8,66142762;-35,56549434;"SPRF-PE";"DEL01-PE";"UOP03-DEL01-PE"
299975;2020-08-07;"sexta-feira";"15:30:00";"PB";230;35,4;"BAYEUX";"Defeito Mecânico no Veículo";"Colisão traseira";"Com Vítimas Feridas";"Pleno dia";"Decrescente";"Sol";"Múltipla";"Declive;Reta";"Sim";3;0;1;0;1;1;1;3;-7,12609526;-34,94333717;"SPRF-PB";"DEL01-PB";"UOP01-DEL01-PB"
299978;2020-08-07;"sexta-feira";"16:10:00";"SC";280;128,4;"RIO NEGRINHO";"Desobediência às normas de trânsito pelo condutor";"Colisão transversal";"Com Vítimas Feridas";"Pleno dia";"Crescente";"Céu Claro";"Simples";"Aclive";"Sim";2;0;1;0;1;0;1;2;-26,24317941;-49,51320018;"SPRF-SC";"DEL06-SC";"UOP03-DEL06-SC"
299979;2020-06-17;"quarta-feira";"16:30:00";"RJ";101;417,5;"MANGARATIBA";"Defeito Mecânico no Veículo";"Incêndio";"Sem Vítimas";"Pleno dia";"Decrescente";"Céu Claro";"Simples";"Reta";"Não";1;0;0;0;1;0;0;1;-22,91293797;-43,89732384;"SPRF-RJ";"DEL03-RJ";"UOP03-DEL03-RJ"
299982;2020-08-07;"sexta-feira";"15:20:00";"ES";101;116,9;"SOORETAMA";"Desobediência às normas de trânsito pelo condutor";"Colisão lateral";"Com Vítimas Feridas";"Pleno dia";"Decrescente";"Nublado";"Simples";"Reta";"Não";3;0;0;1;1;3;1;5;-19,11117311;-40,05900079;"SPRF-ES";"DEL04-ES";"UOP01-DEL04-ES"
299985;2020-08-07;"sexta-feira";"16:20:00";"RS";386;345,2;"LAJEADO";"Falta de Atenção à Condução";"Engavetamento";"Com Vítimas Feridas";"Pleno dia";"Decrescente";"Céu Claro";"Simples";"Reta";"Sim";4;0;1;0;3;0;1;3;-29,443069;-51,984135;"SPRF-RS";"DEL04-RS";"UOP01-DEL04-RS"
299989;2020-08-07;"sexta-feira";"16:50:00";"CE";20;411;"CAUCAIA";"Desobediência às normas de trânsito pelo condutor";"Colisão lateral";"Com Vítimas Feridas";"Pleno dia";"Decrescente";"Céu Claro";"Múltipla";"Reta";"Não";3;0;0;1;1;2;1;4;-3,76999035;-38,67006282;"SPRF-CE";"DEL01-CE";"UOP01-DEL01-CE"
299991;2020-08-07;"sexta-feira";"16:45:00";"RS";386;336,2;"MARQUES DE SOUZA";"Ultrapassagem Indevida";"Colisão lateral";"Com Vítimas Feridas";"Pleno dia";"Decrescente";"Céu Claro";"Simples";"Curva";"Não";3;0;0;1;1;1;1;3;-29,38822;-52,043156;"SPRF-RS";"DEL04-RS";"UOP01-DEL04-RS"
299994;2020-08-07;"sexta-feira";"17:00:00";"MG";459;98,2;"POUSO ALEGRE";"Velocidade Incompatível";"Colisão traseira";"Com Vítimas Feridas";"Pleno dia";"Crescente";"Sol";"Dupla";"Curva";"Sim";3;0;3;0;0;0;3;2;-22,202055;-45,960964;"SPRF-MG";"DEL16-MG";"UOP01-DEL16-MG"
299995;2020-08-07;"sexta-feira";"12:00:00";"PR";376;447;"TIBAGI";"Velocidade Incompatível";"Colisão frontal";"Com Vítimas Feridas";"Pleno dia";"Decrescente";"Céu Claro";"Dupla";"Reta";"Não";3;0;1;0;2;0;1;2;-24,91058979;-50,41741284;"SPRF-PR";"DEL03-PR";"UOP02-DEL03-PR"
300002;2020-07-17;"sexta-feira";"06:55:00";"MT";364;276;"JACIARA";"Velocidade Incompatível";"Saída de leito carroçável";"Com Vítimas Feridas";"Pleno dia";"Decrescente";"Céu Claro";"Dupla";"Aclive;Curva";"Não";4;0;2;0;1;2;2;3;-15,95344474;-54,99098104;"SPRF-MT";"DEL02-MT";"UOP01-DEL02-MT"
300017;2020-08-07;"sexta-feira";"18:15:00";"SE";101;181,9;"UMBAUBA";"Desobediência às normas de trânsito pelo condutor";"Colisão frontal";"Com Vítimas Fatais";"Plena Noite";"Decrescente";"Nublado";"Simples";"Reta";"Sim";3;1;0;0;1;1;0;3;-11,37390377;-37,65552315;"SPRF-SE";"DEL02-SE";"UOP03-DEL02-SE"
300020;2020-08-07;"sexta-feira";"17:00:00";"MT";70;528;"VARZEA GRANDE";"Desobediência às normas de trânsito pelo condutor";"Colisão transversal";"Com Vítimas Feridas";"Pleno dia";"Decrescente";"Céu Claro";"Dupla";"Rotatória";"Sim";3;0;2;0;1;0;2;2;-15,649207;-56,19486;"SPRF-MT";"DEL01-MT";"UOP02-DEL01-MT"
300029;2020-08-07;"sexta-feira";"16:25:00";"AL";101;107;"PILAR";"Falta de Atenção à Condução";"Colisão traseira";"Com Vítimas Feridas";"Anoitecer";"Crescente";"Nublado";"Simples";"Aclive";"Não";6;0;4;1;1;0;5;2;-9,59200401;-36,00249993;"SPRF-AL";"DEL02-AL";"UOP01-DEL02-AL"
300030;2020-08-07;"sexta-feira";"18:50:00";"MS";163;487;"CAMPO GRANDE";"Não guardar distância de segurança";"Colisão traseira";"Com Vítimas Feridas";"Plena Noite";"Crescente";"Céu Claro";"Simples";"Reta;Declive";"Sim";4;0;1;0;2;2;1;4;-20,42493093;-54,54550758;"SPRF-MS";"DEL01-MS";"UOP02-DEL01-MS"
300035;2020-08-07;"sexta-feira";"18:30:00";"ES";101;245;"SERRA";"Falta de Atenção à Condução";"Tombamento";"Sem Vítimas";"Plena Noite";"Decrescente";"Nublado";"Dupla";"Reta";"Não";2;0;0;0;1;2;0;3;-20,05454495;-40,38189997;"SPRF-ES";"DEL02-ES";"UOP01-DEL02-ES"
300038;2020-08-07;"sexta-feira";"19:45:00";"TO";153;496;"PARAISO DO TOCANTINS";"Desobediência às normas de trânsito pelo condutor";"Colisão transversal";"Com Vítimas Feridas";"Plena Noite";"Crescente";"Céu Claro";"Simples";"Interseção de Vias";"Sim";3;0;0;1;1;1;1;2;-10,18162017;-48,87994073;"SPRF-TO";"DEL01-TO";"UOP01-DEL01-TO"
300040;2020-08-07;"sexta-feira";"16:40:00";"MS";60;592,7;"JARDIM";"Desobediência às normas de trânsito pelo condutor";"Tombamento";"Com Vítimas Fatais";"Pleno dia";"Crescente";"Céu Claro";"Simples";"Interseção de Vias";"Sim";2;1;0;0;1;0;0;2;-21,48196992;-56,14179005;"SPRF-MS";"DEL05-MS";"UOP01-DEL05-MS"
300046;2020-08-07;"sexta-feira";"17:40:00";"RJ";40;125;"RIO DE JANEIRO";"Agressão Externa";"Colisão lateral";"Sem Vítimas";"Anoitecer";"Decrescente";"Céu Claro";"Dupla";"Retorno Regulamentado;Reta;Viaduto";"Sim";8;0;0;0;5;4;0;9;-22,81487101;-43,28828833;"SPRF-RJ";"DEL01-RJ";"UOP01-DEL01-RJ"
300064;2020-08-07;"sexta-feira";"20:10:00";"PI";316;356,3;"CAMPO GRANDE DO PIAUI";"Desobediência às normas de trânsito pelo condutor";"Colisão frontal";"Com Vítimas Fatais";"Plena Noite";"Crescente";"Céu Claro";"Simples";"Reta";"Não";2;1;0;0;1;0;0;2;-7,12943275;-41,06510997;"SPRF-PI";"DEL04-PI";"UOP03-DEL04-PI"
300067;2020-07-26;"domingo";"02:50:00";"BA";101;20;"RIO REAL";"Condutor Dormindo";"Saída de leito carroçável";"Sem Vítimas";"Plena Noite";"Crescente";"Nublado";"Dupla";"Reta";"Não";2;0;0;0;1;1;0;2;-11,70657288;-37,91374808;"SPRF-SE";"DEL02-SE";"UOP03-DEL02-SE"
300070;2020-08-07;"sexta-feira";"18:30:00";"RS";285;566,4;"SAO LUIZ GONZAGA";"Desobediência às normas de trânsito pelo condutor";"Colisão transversal";"Com Vítimas Feridas";"Anoitecer";"Decrescente";"Céu Claro";"Simples";"Rotatória";"Sim";4;0;1;0;3;0;1;2;-28,419132;-54,956936;"SPRF-RS";"DEL10-RS";"UOP01-DEL10-RS"
300075;2020-08-07;"sexta-feira";"19:30:00";"PI";316;144,4;"ELESBAO VELOSO";"Falta de Atenção à Condução";"Saída de leito carroçável";"Com Vítimas Feridas";"Plena Noite";"Crescente";"Céu Claro";"Simples";"Curva;Declive";"Não";1;0;1;0;0;0;1;1;-6,10778389;-42,20887184;"SPRF-PI";"DEL04-PI";"UOP02-DEL04-PI"
300086;2020-08-07;"sexta-feira";"17:42:00";"PR";369;523,2;"CASCAVEL";"Desobediência às normas de trânsito pelo condutor";"Colisão transversal";"Sem Vítimas";"Anoitecer";"Decrescente";"Céu Claro";"Simples";"Interseção de Vias";"Não";4;0;0;0;3;2;0;5;-24,9502;-53,3984;"SPRF-PR";"DEL09-PR";"UOP03-DEL09-PR"
300088;2020-08-07;"sexta-feira";"20:30:00";"RO";435;70;"COLORADO DO OESTE";"Velocidade Incompatível";"Saída de leito carroçável";"Sem Vítimas";"Plena Noite";"Decrescente";"Céu Claro";"Simples";"Curva";"Não";2;0;0;0;0;4;0;4;-13,10056012;-60,40221596;"SPRF-RO";"DEL04-RO";"UOP02-DEL04-RO"
300090;2020-08-07;"sexta-feira";"22:40:00";"PR";116;144;"MANDIRITUBA";"Condutor Dormindo";"Colisão traseira";"Com Vítimas Feridas";"Plena Noite";"Crescente";"Céu Claro";"Dupla";"Aclive";"Não";3;0;1;0;1;3;1;5;-25,76405694;-49,32116324;"SPRF-PR";"DEL01-PR";"UOP03-DEL01-PR"
300115;2020-08-08;"sábado";"04:00:00";"RJ";40;125;"RIO DE JANEIRO";"Velocidade Incompatível";"Tombamento";"Com Vítimas Fatais";"Plena Noite";"Crescente";"Céu Claro";"Simples";"Curva";"Sim";1;1;0;0;0;0;0;1;-22,81487101;-43,28828833;"SPRF-RJ";"DEL01-RJ";"UOP01-DEL01-RJ"
300121;2020-08-08;"sábado";"01:30:00";"MA";10;246,5;"IMPERATRIZ";"Falta de Atenção à Condução";"Colisão transversal";"Com Vítimas Feridas";"Plena Noite";"Decrescente";"Céu Claro";"Simples";"Reta";"Sim";3;0;0;1;1;1;1;3;-5,581313;-47,438831;"SPRF-MA";"DEL04-MA";"UOP01-DEL04-MA"
300125;2020-08-08;"sábado";"03:15:00";"MA";316;412,5;"ALTO ALEGRE DO MARANHAO";"Falta de Atenção à Condução";"Colisão frontal";"Com Vítimas Fatais";"Plena Noite";"Crescente";"Céu Claro";"Simples";"Reta";"Não";4;1;0;0;2;1;0;3;-4,298169;-44,415096;"SPRF-MA";"DEL03-MA";"UOP01-DEL03-MA"
300128;2020-08-08;"sábado";"06:30:00";"CE";116;103,1;"MORADA NOVA";"Defeito Mecânico no Veículo";"Saída de leito carroçável";"Sem Vítimas";"Pleno dia";"Decrescente";"Céu Claro";"Simples";"Reta";"Não";2;0;0;0;1;1;0;2;-4,53988787;-38,29878793;"SPRF-CE";"DEL03-CE";"UOP02-DEL03-CE"
300133;2020-08-08;"sábado";"04:50:00";"MA";135;34;"BACABEIRA";"Animais na Pista";"Atropelamento de Animal";"Com Vítimas Feridas";"Amanhecer";"Decrescente";"Céu Claro";"Dupla";"Reta";"Não";3;0;0;1;1;1;1;3;-2,840086;-44,37459507;"SPRF-MA";"DEL01-MA";"UOP01-DEL01-MA"
300134;2020-08-08;"sábado";"06:10:00";"MG";381;744,6;"TRES CORACOES";"Condutor Dormindo";"Saída de leito carroçável";"Com Vítimas Feridas";"Amanhecer";"Crescente";"Céu Claro";"Dupla";"Reta";"Não";2;0;1;0;0;1;1;2;-21,63153073;-45,27650319;"SPRF-MG";"DEL16-MG";"UOP02-DEL16-MG"
300138;2020-08-08;"sábado";"06:20:00";"RJ";465;16;"NOVA IGUACU";"Desobediência às normas de trânsito pelo condutor";"Colisão frontal";"Com Vítimas Feridas";"Amanhecer";"Decrescente";"Céu Claro";"Simples";"Reta";"Sim";2;0;0;1;1;0;1;2;-22,815538;-43,624565;"SPRF-RJ";"DEL03-RJ";"UOP01-DEL03-RJ"
300140;2020-08-07;"sexta-feira";"05:00:00";"MG";40;211;"JOAO PINHEIRO";"Condutor Dormindo";"Saída de leito carroçável";"Sem Vítimas";"Amanhecer";"Crescente";"Céu Claro";"Simples";"Reta";"Não";1;0;0;0;0;1;0;1;-17,98037422;-45,7199549;"SPRF-MG";"DEL14-MG";"UOP02-DEL14-MG"
300148;2020-08-08;"sábado";"07:40:00";"RS";290;312;"CACAPAVA DO SUL";"Falta de Atenção à Condução";"Colisão traseira";"Com Vítimas Feridas";"Pleno dia";"Crescente";"Nevoeiro/Neblina";"Simples";"Reta";"Não";3;0;0;1;1;2;1;4;-30,340122;-53,321632;"SPRF-RS";"DEL09-RS";"UOP02-DEL09-RS"
300150;2020-08-08;"sábado";"09:15:00";"SC";101;175;"BIGUACU";"Carga excessiva e/ou mal acondicionada";"Tombamento";"Com Vítimas Feridas";"Pleno dia";"Decrescente";"Céu Claro";"Dupla";"Curva";"Não";3;0;2;0;0;1;2;2;-27,33963303;-48,62734885;"SPRF-SC";"DEL01-SC";"UOP01-DEL01-SC"
300151;2020-08-08;"sábado";"08:50:00";"MG";365;264,2;"JOAO PINHEIRO";"Falta de Atenção à Condução";"Colisão traseira";"Com Vítimas Feridas";"Pleno dia";"Crescente";"Céu Claro";"Simples";"Reta";"Não";3;0;0;1;1;1;1;3;-17,88005786;-45,53451322;"SPRF-MG";"DEL14-MG";"UOP02-DEL14-MG"
300156;2020-08-08;"sábado";"09:00:00";"MS";163;50;"ELDORADO";"Falta de Atenção à Condução";"Colisão traseira";"Sem Vítimas";"Pleno dia";"Crescente";"Céu Claro";"Simples";"Reta;Aclive";"Não";3;0;0;0;2;3;0;5;-23,70499995;-54,26920532;"SPRF-MS";"DEL09-MS";"UOP02-DEL09-MS"
300168;2020-08-08;"sábado";"10:59:00";"SC";101;26;"JOINVILLE";"Desobediência às normas de trânsito pelo pedestre";"Colisão lateral";"Com Vítimas Feridas";"Pleno dia";"Decrescente";"Céu Claro";"Dupla";"Reta";"Sim";2;0;0;1;1;0;1;2;-26,19081403;-48,911798;"SPRF-SC";"DEL03-SC";"UOP01-DEL03-SC"
300171;2020-08-08;"sábado";"11:55:00";"SC";280;31,3;"ARAQUARI";"Falta de Atenção à Condução";"Colisão traseira";"Com Vítimas Feridas";"Pleno dia";"Decrescente";"Céu Claro";"Simples";"Reta";"Não";4;0;2;0;1;2;2;4;-26,41649938;-48,77181215;"SPRF-SC";"DEL03-SC";"UOP03-DEL03-SC"
300177;2020-08-08;"sábado";"11:00:00";"TO";226;56;"DARCINOPOLIS";"Defeito na Via";"Tombamento";"Com Vítimas Feridas";"Pleno dia";"Decrescente";"Céu Claro";"Simples";"Reta";"Não";2;0;1;0;0;1;1;2;-6,822941;-47,83815;"SPRF-TO";"DEL02-TO";"UOP03-DEL02-TO"
300190;2020-08-08;"sábado";"12:48:00";"PE";428;177,7;"PETROLINA";"Desobediência às normas de trânsito pelo condutor";"Colisão transversal";"Com Vítimas Feridas";"Pleno dia";"Crescente";"Céu Claro";"Simples";"Reta";"Não";4;0;3;0;1;0;3;2;-9,27622623;-40,43753454;"SPRF-PE";"DEL06-PE";"UOP01-DEL06-PE"
300191;2020-08-08;"sábado";"13:25:00";"MS";158;26;"PARANAIBA";"Falta de Atenção à Condução";"Colisão frontal";"Com Vítimas Feridas";"Pleno dia";"Crescente";"Céu Claro";"Simples";"Reta";"Não";4;0;3;0;0;2;3;5;-19,20968691;-51,53566742;"SPRF-MS";"DEL08-MS";"UOP01-DEL08-MS"
300194;2020-08-07;"sexta-feira";"02:00:00";"GO";364;146;"JATAI";"Objeto estático sobre o leito carroçável";"Colisão traseira";"Com Vítimas Feridas";"Plena Noite";"Decrescente";"Céu Claro";"Simples";"Reta";"Não";3;0;1;0;1;1;1;3;-18,175791;-51,395435;"SPRF-GO";"DEL05-GO";"UOP01-DEL05-GO"
300195;2020-08-08;"sábado";"13:45:00";"RS";285;190;"LAGOA VERMELHA";"Falta de Atenção à Condução";"Colisão frontal";"Com Vítimas Feridas";"Pleno dia";"Decrescente";"Céu Claro";"Simples";"Reta";"Não";2;0;1;0;1;0;1;2;-28,265715;-51,47258;"SPRF-RS";"DEL08-RS";"UOP05-DEL08-RS"
300196;2020-08-08;"sábado";"14:10:00";"TO";226;7,5;"PALMEIRAS DO TOCANTINS";"Falta de Atenção à Condução";"Colisão traseira";"Com Vítimas Feridas";"Pleno dia";"Crescente";"Céu Claro";"Simples";"Reta";"Não";4;0;2;0;1;1;2;3;-6,580091;-47,516098;"SPRF-TO";"DEL02-TO";"UOP03-DEL02-TO"
300200;2020-08-08;"sábado";"14:10:00";"SC";101;394,3;"CRICIUMA";"Desobediência às normas de trânsito pelo condutor";"Colisão traseira";"Com Vítimas Feridas";"Pleno dia";"Crescente";"Sol";"Dupla";"Reta";"Não";2;0;1;0;1;0;1;2;-28,8257313;-49,40623825;"SPRF-SC";"DEL02-SC";"UOP02-DEL02-SC"
300203;2020-08-08;"sábado";"12:30:00";"MG";40;710,3;"BARBACENA";"Falta de Atenção à Condução";"Colisão traseira";"Com Vítimas Feridas";"Pleno dia";"Decrescente";"Céu Claro";"Dupla";"Curva";"Não";4;0;0;1;2;1;1;4;-21,24586235;-43,68231118;"SPRF-MG";"DEL05-MG";"UOP02-DEL05-MG"
300207;2020-08-08;"sábado";"13:00:00";"PB";230;161,6;"CAMPINA GRANDE";"Desobediência às normas de trânsito pelo condutor";"Colisão transversal";"Com Vítimas Feridas";"Pleno dia";"Decrescente";"Céu Claro";"Simples";"Reta";"Não";3;0;1;0;2;0;1;2;-7,2361;-35,941;"SPRF-PB";"DEL02-PB";"UOP01-DEL02-PB"
300210;2020-08-08;"sábado";"14:30:00";"PR";376;672;"GUARATUBA";"Desobediência às normas de trânsito pelo condutor";"Colisão lateral";"Sem Vítimas";"Pleno dia";"Decrescente";"Céu Claro";"Dupla";"Reta";"Não";3;0;0;0;2;1;0;3;-25,89358488;-48,93146782;"SPRF-PR";"DEL01-PR";"UOP04-DEL01-PR"
300214;2020-08-08;"sábado";"14:18:00";"RR";174;504;"BOA VISTA";"Velocidade Incompatível";"Colisão traseira";"Sem Vítimas";"Pleno dia";"Decrescente";"Garoa/Chuvisco";"Dupla";"Reta";"Sim";3;0;0;0;2;2;0;4;2,8199439;-60,69465637;"SPRF-RR";"DEL01-RR";"UOP01-DEL01-RR"