"id";"data_inversa";"dia_semana";"horario";"uf";"br";"km";"municipio";"causa_acidente";"tipo_acidente";"classificacao_acidente";"fase_dia";"sentido_via";"condicao_metereologica";"tipo_pista";"tracado_via";"uso_solo";"pessoas";"mortos";"feridos_leves";"feridos_graves";"ilesos";"ignorados";"feridos";"veiculos";"latitude";"longitude";"regional";"delegacia";"uop"
300215;2020-08-08;"sábado";"15:45:00";"DF";20;33,2;"BRASILIA";"Ingestão de Álcool";"Tombamento";"Com Vítimas Feridas";"Pleno dia";"Crescente";"Céu Claro";"Dupla";"Reta";"Não";2;0;1;0;1;0;1;2;-15,587365;-47,577034;"SPRF-DF";"DEL02-DF";"UOP01-DEL02-DF"
300227;2020-08-08;"sábado";"16:30:00";"PR";116;96;"SAO JOSE DOS PINHAIS";"Desobediência às normas de trânsito pelo condutor";"Colisão lateral";"Sem Vítimas";"Pleno dia";"Crescente";"Céu Claro";"Dupla";"Reta";"Não";3;0;0;0;1;2;0;3;-25,504848;-49,123226;"SPRF-PR";"DEL01-PR";"UOP01-DEL01-PR"
300228;2020-08-08;"sábado";"16:00:00";"PR";277;107,5;"CAMPO LARGO";"Falta de Atenção à Condução";"Colisão traseira";"Sem Vítimas";"Pleno dia";"Decrescente";"Céu Claro";"Dupla";"Declive;Curva";"Não";3;0;0;0;2;2;0;4;-25,43326062;-49,43525255;"SPRF-PR";"DEL01-PR";"UOP03-DEL03-PR"
300231;2020-08-08;"sábado";"16:40:00";"RS";116;320,8;"BARRA DO RIBEIRO";"Falta de Atenção à Condução";"Tombamento";"Com Vítimas Feridas";"Pleno dia";"Decrescente";"Céu Claro";"Simples";"Desvio Temporário";"Não";2;0;1;0;0;1;1;2;-30,29045475;-51,41549773;"SPRF-RS";"DEL02-RS";"UOP01-DEL02-RS"
300239;2020-08-08;"sábado";"16:30:00";"PR";277;126;"CAMPO LARGO";"Falta de Atenção à Condução";"Colisão lateral";"Sem Vítimas";"Pleno dia";"Decrescente";"Sol";"Dupla";"Reta";"Não";3;0;0;0;2;2;0;4;-25,44518045;-49,4985659;"SPRF-PR";"DEL01-PR";"UOP03-DEL03-PR"
300241;2020-08-08;"sábado";"17:40:00";"RJ";101;283;"ITABORAI";"Falta de Atenção à Condução";"Colisão com objeto estático";"Sem Vítimas";"Anoitecer";"Crescente";"Vento";"Dupla";"Curva";"Não";2;0;0;0;1;1;0;2;-22,73591014;-42,80592689;"SPRF-RJ";"DEL02-RJ";"UOP03-DEL02-RJ"
300259;2020-08-08;"sábado";"18:10:00";"GO";153;397,6;"PIRENOPOLIS";"Desobediência às normas de trânsito pelo condutor";"Colisão frontal";"Com Vítimas Fatais";"Anoitecer";"Crescente";"Céu Claro";"Simples";"Reta";"Não";3;2;0;0;1;0;0;2;-16,014572;-49,117138;"SPRF-GO";"DEL02-GO";"UOP02-DEL02-GO"
300262;2020-08-08;"sábado";"18:50:00";"BA";407;126,6;"SENHOR DO BONFIM";"Carga excessiva e/ou mal acondicionada";"Tombamento";"Com Vítimas Feridas";"Plena Noite";"Crescente";"Garoa/Chuvisco";"Simples";"Reta";"Sim";1;0;1;0;0;0;1;1;-10,4558193;-40,18119143;"SPRF-BA";"DEL04-BA";"UOP01-DEL04-BA"
300272;2020-08-08;"sábado";"18:15:00";"MG";116;14,3;"AGUAS VERMELHAS";"Falta de Atenção à Condução";"Colisão lateral";"Sem Vítimas";"Plena Noite";"Decrescente";"Nublado";"Simples";"Curva";"Não";3;0;0;0;2;1;0;3;-15,8052138;-41,36361904;"SPRF-BA";"DEL08-BA";"UOP03-DEL08-BA"
300277;2020-08-08;"sábado";"20:00:00";"MG";381;431;"CAETE";"Falta de Atenção à Condução";"Tombamento";"Com Vítimas Feridas";"Plena Noite";"Crescente";"Céu Claro";"Simples";"Curva";"Não";3;0;0;2;0;1;2;3;-19,78831547;-43,73175712;"SPRF-MG";"DEL01-MG";"UOP01-DEL01-MG"
300292;2020-08-08;"sábado";"20:50:00";"SP";116;419;"JUQUIA";"Falta de Atenção à Condução";"Queda de ocupante de veículo";"Com Vítimas Feridas";"Plena Noite";"Crescente";"Céu Claro";"Dupla";"Reta";"Não";4;0;1;0;2;1;1;3;-24,35575938;-47,66795511;"SPRF-SP";"DEL05-SP";"UOP01-DEL05-SP"
300296;2020-08-08;"sábado";"19:30:00";"BA";101;830;"ITAMARAJU";"Pista Escorregadia";"Saída de leito carroçável";"Sem Vítimas";"Plena Noite";"Decrescente";"Céu Claro";"Simples";"Curva";"Não";2;0;0;0;1;1;0;2;-17,18304;-39,580371;"SPRF-BA";"DEL09-BA";"UOP02-DEL09-BA"
300319;2020-08-08;"sábado";"23:00:00";"SC";280;129;"RIO NEGRINHO";"Desobediência às normas de trânsito pelo pedestre";"Atropelamento de Pedestre";"Com Vítimas Feridas";"Plena Noite";"Crescente";"Céu Claro";"Simples";"Viaduto";"Sim";3;0;1;0;1;2;1;4;-26,24586437;-49,52284615;"SPRF-SC";"DEL06-SC";"UOP03-DEL06-SC"
300329;2020-08-09;"domingo";"00:20:00";"BA";116;367;"SERRINHA";"Ingestão de Álcool";"Colisão traseira";"Com Vítimas Fatais";"Plena Noite";"Decrescente";"Céu Claro";"Simples";"Reta";"Não";5;1;2;0;0;2;2;4;-11,734198;-38,98629845;"SPRF-BA";"DEL02-BA";"UOP01-DEL02-BA"
300332;2020-08-08;"sábado";"23:40:00";"PI";316;309;"PICOS";"Desobediência às normas de trânsito pelo condutor";"Colisão frontal";"Com Vítimas Feridas";"Plena Noite";"Decrescente";"Céu Claro";"Simples";"Reta";"Sim";4;0;0;1;2;1;1;3;-7,07778744;-41,48370094;"SPRF-PI";"DEL04-PI";"UOP01-DEL04-PI"
300337;2020-08-08;"sábado";"14:00:00";"PI";135;491;"MONTE ALEGRE DO PIAUI";"Falta de Atenção à Condução";"Saída de leito carroçável";"Com Vítimas Feridas";"Pleno dia";"Decrescente";"Sol";"Simples";"Reta";"Não";1;0;1;0;0;0;1;1;-9,73725959;-45,18591489;"SPRF-PI";"DEL03-PI";"UOP02-DEL03-PI"
300338;2020-08-09;"domingo";"01:00:00";"TO";153;356;"FORTALEZA DO TABOCAO";"Não guardar distância de segurança";"Colisão traseira";"Com Vítimas Feridas";"Plena Noite";"Decrescente";"Ignorado";"Simples";"Reta";"Sim";3;0;0;1;1;1;1;3;-9,03156989;-48,5054722;"SPRF-TO";"DEL02-TO";"UOP02-DEL02-TO"
300342;2020-08-09;"domingo";"01:30:00";"PE";101;127,5;"ESCADA";"Desobediência às normas de trânsito pelo condutor";"Colisão com objeto estático";"Com Vítimas Fatais";"Plena Noite";"Crescente";"Chuva";"Simples";"Reta";"Sim";3;1;0;0;1;1;0;3;-8,37768;-35,241391;"SPRF-PE";"DEL01-PE";"UOP03-DEL01-PE"
300352;2020-08-08;"sábado";"20:00:00";"MT";163;558;"DIAMANTINO";"Falta de Atenção à Condução";"Saída de leito carroçável";"Com Vítimas Feridas";"Plena Noite";"Decrescente";"Céu Claro";"Simples";"Reta";"Não";2;0;1;0;0;1;1;2;-14,2483042;-56,13246685;"SPRF-MT";"DEL01-MT";"UOP01-DEL01-MT"
300371;2020-08-09;"domingo";"06:40:00";"SE";101;202;"CRISTINAPOLIS";"Falta de Atenção à Condução";"Colisão traseira";"Com Vítimas Feridas";"Pleno dia";"Decrescente";"Céu Claro";"Simples";"Aclive;Reta";"Não";2;0;0;1;1;0;1;2;-11,4968367;-37,78079941;"SPRF-SE";"DEL02-SE";"UOP03-DEL02-SE"
300377;2020-08-09;"domingo";"10:30:00";"SP";153;335,8;"OURINHOS";"Falta de Atenção à Condução";"Colisão lateral";"Com Vítimas Feridas";"Pleno dia";"Decrescente";"Sol";"Dupla";"Reta";"Não";4;0;0;2;1;2;2;4;-22,89976601;-49,8895705;"SPRF-SP";"DEL07-SP";"UOP03-DEL07-SP"
300381;2020-08-09;"domingo";"03:00:00";"MG";251;449;"GRAO MOGOL";"Velocidade Incompatível";"Colisão frontal";"Com Vítimas Feridas";"Plena Noite";"Crescente";"Garoa/Chuvisco";"Simples";"Curva";"Não";3;0;1;0;2;0;1;2;-16,420528;-43,28967;"SPRF-MG";"DEL12-MG";"UOP01-DEL12-MG"
300384;2020-08-09;"domingo";"08:06:00";"MS";163;117;"NAVIRAI";"Falta de Atenção à Condução";"Colisão transversal";"Com Vítimas Feridas";"Pleno dia";"Crescente";"Céu Claro";"Dupla";"Interseção de Vias";"Não";3;0;1;1;1;0;2;2;-23,13474276;-54,19685366;"SPRF-MS";"DEL09-MS";"UOP01-DEL09-MS"
300388;2020-08-09;"domingo";"11:50:00";"MG";459;13,5;"CALDAS";"Velocidade Incompatível";"Tombamento";"Com Vítimas Feridas";"Pleno dia";"Crescente";"Céu Claro";"Simples";"Curva";"Não";2;0;1;0;0;1;1;2;-21,83632449;-46,4440155;"SPRF-MG";"DEL09-MG";"UOP01-DEL09-MG"
300398;2020-08-09;"domingo";"12:20:00";"MG";40;44,1;"PARACATU";"Desobediência às normas de trânsito pelo condutor";"Colisão transversal";"Com Vítimas Feridas";"Pleno dia";"Decrescente";"Nublado";"Simples";"Rotatória";"Sim";3;0;1;0;1;2;1;4;-17,23101648;-46,85390396;"SPRF-MG";"DEL14-MG";"UOP01-DEL14-MG"
300399;2020-08-09;"domingo";"04:50:00";"GO";153;188;"CAMPINORTE";"Ingestão de Álcool";"Colisão lateral";"Com Vítimas Feridas";"Amanhecer";"Decrescente";"Nublado";"Simples";"Declive;Reta";"Não";2;0;1;0;1;0;1;2;-14,411991;-49,157307;"SPRF-GO";"DEL07-GO";"UOP02-DEL07-GO"
300414;2020-08-09;"domingo";"13:30:00";"MT";163;994;"TERRA NOVA DO NORTE";"Defeito Mecânico no Veículo";"Incêndio";"Sem Vítimas";"Pleno dia";"Decrescente";"Céu Claro";"Simples";"Reta";"Não";2;0;0;0;1;2;0;3;-10,55199;-55,087821;"SPRF-MT";"DEL06-MT";"NPF/DEL06-MT"
300417;2020-08-09;"domingo";"14:55:00";"MG";153;185,4;"FRUTAL";"Falta de Atenção à Condução";"Colisão frontal";"Com Vítimas Fatais";"Pleno dia";"Crescente";"Sol";"Simples";"Reta";"Não";3;1;0;0;1;2;0;4;-19,847091;-48,963227;"SPRF-MG";"DEL13-MG";"UOP02-DEL13-MG"
300424;2020-08-09;"domingo";"15:10:00";"SE";101;182;"UMBAUBA";"Falta de Atenção à Condução";"Colisão transversal";"Com Vítimas Feridas";"Pleno dia";"Crescente";"Nublado";"Simples";"Reta";"Sim";3;0;0;2;1;0;2;2;-11,37390377;-37,65552315;"SPRF-SE";"DEL02-SE";"UOP03-DEL02-SE"
300436;2020-08-09;"domingo";"16:30:00";"PR";277;44,2;"MORRETES";"Velocidade Incompatível";"Tombamento";"Com Vítimas Feridas";"Pleno dia";"Decrescente";"Céu Claro";"Dupla";"Curva";"Não";10;0;0;1;8;1;1;4;-25,57846682;-48,86174512;"SPRF-PR";"DEL01-PR";"UOP05-DEL01-PR"
300438;2020-08-09;"domingo";"15:00:00";"AM";174;1013;"PRESIDENTE FIGUEIREDO";"Defeito Mecânico no Veículo";"Saída de leito carroçável";"Com Vítimas Feridas";"Pleno dia";"Crescente";"Céu Claro";"Simples";"Declive";"Não";2;0;1;0;0;1;1;2;-1,8626430824;-60,082973104;"SPRF-AM";"DEL01-AM";"UOP02-DEL01-AM"
300444;2020-08-09;"domingo";"11:50:00";"SP";116;21;"LAVRINHAS";"Desobediência às normas de trânsito pelo condutor";"Colisão frontal";"Com Vítimas Fatais";"Pleno dia";"Crescente";"Sol";"Dupla";"Reta";"Não";5;2;0;1;1;1;1;3;-22,57651319;-44,87315394;"SPRF-SP";"DEL08-SP";"UOP02-DEL08-SP"
300460;2020-08-08;"sábado";"19:30:00";"AM";174;1130;"PRESIDENTE FIGUEIREDO";"Defeito na Via";"Tombamento";"Com Vítimas Feridas";"Plena Noite";"Crescente";"Céu Claro";"Simples";"Reta";"Não";3;0;2;0;0;2;2;3;-0,927216;-60,510631;"SPRF-AM";"DEL01-AM";"UOP02-DEL01-AM"
300461;2020-08-09;"domingo";"15:40:00";"MT";163;829;"SINOP";"Falta de Atenção à Condução";"Colisão lateral";"Com Vítimas Feridas";"Plena Noite";"Crescente";"Céu Claro";"Dupla";"Rotatória";"Sim";8;0;1;0;6;2;1;5;-11,913254;-55,508893;"SPRF-MT";"DEL06-MT";"UOP01-DEL06-MT"
300468;2020-08-09;"domingo";"08:00:00";"ES";101;386,9;"RIO NOVO DO SUL";"Avarias e/ou desgaste excessivo no pneu";"Tombamento";"Com Vítimas Feridas";"Pleno dia";"Decrescente";"Sol";"Simples";"Curva";"Não";2;0;1;0;0;1;1;2;-20,84290625;-40,87422184;"SPRF-ES";"DEL03-ES";"UOP01-DEL03-ES"
300469;2020-08-09;"domingo";"18:00:00";"SP";116;283,9;"EMBU DAS ARTES";"Desobediência às normas de trânsito pelo condutor";"Colisão traseira";"Sem Vítimas";"Plena Noite";"Decrescente";"Céu Claro";"Dupla";"Reta";"Não";3;0;0;0;1;3;0;4;-23,69297005;-46,86352786;"SPRF-SP";"DEL04-SP";"UOP01-DEL04-SP"
300475;2020-08-09;"domingo";"18:15:00";"SP";381;90;"GUARULHOS";"Falta de Atenção à Condução";"Colisão lateral";"Com Vítimas Feridas";"Plena Noite";"Crescente";"Céu Claro";"Múltipla";"Reta";"Sim";4;0;1;0;2;3;1;5;-23,49479479;-46,55959864;"SPRF-SP";"DEL03-SP";"UOP01-DEL03-SP"
300483;2020-08-09;"domingo";"11:06:00";"SC";280;305;"PORTO UNIAO";"Falta de Atenção à Condução";"Colisão lateral";"Com Vítimas Feridas";"Pleno dia";"Decrescente";"Céu Claro";"Simples";"Curva";"Sim";4;0;0;1;1;3;1;5;-26,25578015;-51,07479572;"SPRF-SC";"DEL06-SC";"UOP04-DEL06-SC"
300500;2020-08-09;"domingo";"19:00:00";"BA";116;26,7;"VITORIA DA CONQUISTA";"Ultrapassagem Indevida";"Colisão lateral";"Sem Vítimas";"Plena Noite";"Crescente";"Nublado";"Simples";"Curva";"Não";3;0;0;0;2;1;0;3;-14,83470682;-40,82275236;"SPRF-BA";"DEL08-BA";"UOP01-DEL08-BA"
300514;2020-08-09;"domingo";"01:40:00";"MA";230;121;"PARAIBANO";"Falta de Atenção à Condução";"Saída de leito carroçável";"Com Vítimas Feridas";"Amanhecer";"Decrescente";"Céu Claro";"Simples";"Aclive;Reta";"Não";2;0;1;0;0;1;1;2;-6,54195247;-43,92377878;"SPRF-MA";"DEL05-MA";"UOP01-DEL05-MA"
300515;2020-08-09;"domingo";"20:00:00";"MA";135;301,5;"DOM PEDRO";"Falta de Atenção à Condução";"Colisão frontal";"Com Vítimas Fatais";"Plena Noite";"Decrescente";"Céu Claro";"Simples";"Reta";"Não";4;2;1;0;0;2;1;4;-4,97267309;-44,41108132;"SPRF-MA";"DEL03-MA";"UOP01-DEL03-MA"
300521;2020-08-09;"domingo";"21:05:00";"MG";381;799,2;"SAO GONCALO DO SAPUCAI";"Velocidade Incompatível";"Tombamento";"Com Vítimas Feridas";"Plena Noite";"Crescente";"Céu Claro";"Dupla";"Curva";"Não";2;0;1;0;0;1;1;2;-21,97237106;-45,63123585;"SPRF-MG";"DEL16-MG";"UOP02-DEL16-MG"
300524;2020-08-09;"domingo";"15:30:00";"GO";153;137;"MARA ROSA";"Defeito Mecânico no Veículo";"Incêndio";"Sem Vítimas";"Pleno dia";"Decrescente";"Céu Claro";"Simples";"Declive";"Não";2;0;0;0;1;1;0;2;-13,976104;-49,090424;"SPRF-GO";"DEL07-GO";"UOP01-DEL07-GO"
300535;2020-08-09;"domingo";"18:15:00";"PR";153;394,6;"MALLET";"Falta de Atenção à Condução";"Colisão frontal";"Com Vítimas Fatais";"Plena Noite";"Crescente";"Céu Claro";"Simples";"Reta";"Não";4;1;0;1;1;1;1;3;-25,91286173;-50,84605212;"SPRF-PR";"DEL02-PR";"UOP04-DEL02-PR"
300541;2020-08-09;"domingo";"18:05:00";"SC";116;264,3;"CAPAO ALTO";"Falta de Atenção à Condução";"Colisão lateral";"Sem Vítimas";"Plena Noite";"Crescente";"Céu Claro";"Simples";"Curva";"Não";2;0;0;0;1;1;0;2;-27,93262143;-50,46174687;"SPRF-SC";"DEL05-SC";"UOP02-DEL05-SC"
300554;2020-08-09;"domingo";"03:50:00";"GO";153;235;"HIDROLINA";"Desobediência às normas de trânsito pelo condutor";"Colisão frontal";"Com Vítimas Fatais";"Plena Noite";"Decrescente";"Céu Claro";"Simples";"Declive";"Não";4;1;0;1;1;1;1;3;-14,801251;-49,285381;"SPRF-GO";"DEL07-GO";"UOP02-DEL07-GO"
300556;2020-08-09;"domingo";"20:50:00";"BA";242;238;"ITABERABA";"Defeito na Via";"Colisão traseira";"Com Vítimas Feridas";"Plena Noite";"Decrescente";"Garoa/Chuvisco";"Simples";"Ponte";"Não";3;0;1;0;1;3;1;5;-12,50155198;-40,39188199;"SPRF-BA";"DEL06-BA";"UOP02-DEL06-BA"
300563;2020-08-09;"domingo";"23:45:00";"MG";50;53,8;"ARAGUARI";"Ingestão de Álcool";"Colisão traseira";"Sem Vítimas";"Plena Noite";"Decrescente";"Céu Claro";"Dupla";"Reta;Aclive";"Não";3;0;0;0;2;1;0;3;-18,759049;-48,24054499;"SPRF-MG";"DEL15-MG";"UOP02-DEL15-MG"
300575;2020-08-09;"domingo";"22:00:00";"RO";364;436;"JARU";"Defeito Mecânico no Veículo";"Tombamento";"Com Vítimas Feridas";"Plena Noite";"Decrescente";"Céu Claro";"Simples";"Reta";"Não";3;0;2;0;0;2;2;3;-10,37739925;-62,55303028;"SPRF-RO";"DEL03-RO";"UOP02-DEL03-RO"
300579;2020-08-09;"domingo";"21:00:00";"TO";226;41;"DARCINOPOLIS";"Ultrapassagem Indevida";"Saída de leito carroçável";"Sem Vítimas";"Plena Noite";"Crescente";"Céu Claro";"Simples";"Reta";"Não";2;0;0;0;1;1;0;2;-6,721014;-47,762722;"SPRF-TO";"DEL02-TO";"UOP03-DEL02-TO"
300586;2020-08-09;"domingo";"23:30:00";"BA";101;68,9;"ENTRE RIOS";"Condutor Dormindo";"Saída de leito carroçável";"Sem Vítimas";"Plena Noite";"Decrescente";"Garoa/Chuvisco";"Simples";"Reta";"Não";1;0;0;0;1;0;0;1;-11,97073796;-38,18069301;"SPRF-BA";"DEL01-BA";"UOP04-DEL01-BA"
300587;2020-08-10;"segunda-feira";"01:15:00";"MG";153;198;"FRUTAL";"Falta de Atenção à Condução";"Colisão traseira";"Com Vítimas Feridas";"Plena Noite";"Decrescente";"Céu Claro";"Simples";"Reta";"Não";3;0;1;0;1;2;1;4;-19,98409981;-49,01874013;"SPRF-MG";"DEL13-MG";"UOP02-DEL13-MG"
300589;2020-08-10;"segunda-feira";"04:00:00";"SP";116;155,6;"SAO JOSE DOS CAMPOS";"Ingestão de álcool e/ou substâncias psicoativas pelo pedestre";"Atropelamento de Pedestre";"Com Vítimas Fatais";"Plena Noite";"Decrescente";"Céu Claro";"Dupla";"Reta;Declive";"Sim";2;1;0;0;0;1;0;2;-23,24524337;-45,92772774;"SPRF-SP";"DEL02-SP";"UOP01-DEL02-SP"
300591;2020-08-10;"segunda-feira";"00:50:00";"RO";0;0;"ARIQUEMES";"Desobediência às normas de trânsito pelo pedestre";"Atropelamento de Pedestre";"Com Vítimas Fatais";"Plena Noite";"Não Informado";"Céu Claro";"Simples";"Reta";"Não";5;1;0;0;4;0;0;2;-9,933832;-63,086382;"SPRF-RO";"DEL03-RO";"UOP01-DEL03-RO"
300593;2020-08-10;"segunda-feira";"04:40:00";"MS";262;322,3;"CAMPO GRANDE";"Defeito Mecânico no Veículo";"Colisão lateral";"Com Vítimas Feridas";"Plena Noite";"Crescente";"Céu Claro";"Simples";"Reta";"Não";4;0;0;1;2;4;1;7;-20,46939065;-54,49645699;"SPRF-MS";"DEL01-MS";"UOP01-DEL01-MS"
300595;2020-08-10;"segunda-feira";"05:20:00";"MG";262;634,5;"IBIA";"Condutor Dormindo";"Colisão frontal";"Sem Vítimas";"Amanhecer";"Crescente";"Céu Claro";"Simples";"Reta";"Não";4;0;0;0;3;12;0;14;-19,59290721;-46,4899981;"SPRF-MG";"DEL08-MG";"UOP01-DEL08-MG"
300600;2020-08-10;"segunda-feira";"07:00:00";"SP";116;60,8;"GUARATINGUETA";"Defeito Mecânico no Veículo";"Colisão lateral";"Com Vítimas Feridas";"Pleno dia";"Crescente";"Sol";"Dupla";"Curva;Declive";"Sim";2;0;1;0;1;0;1;2;-22,79106843;-45,16105167;"SPRF-SP";"DEL08-SP";"UOP01-DEL08-SP"
300601;2020-08-10;"segunda-feira";"07:00:00";"GO";70;312,7;"JUSSARA";"Desobediência às normas de trânsito pelo condutor";"Colisão transversal";"Com Vítimas Fatais";"Pleno dia";"Crescente";"Céu Claro";"Dupla";"Interseção de Vias";"Sim";3;1;0;0;0;2;0;3;-15,872836;-50,8509171;"SPRF-GO";"DEL04-GO";"UOP01-DEL04-GO"
300605;2020-08-10;"segunda-feira";"05:50:00";"RJ";101;269,5;"RIO BONITO";"Ingestão de álcool e/ou substâncias psicoativas pelo pedestre";"Atropelamento de Pedestre";"Com Vítimas Fatais";"Amanhecer";"Crescente";"Céu Claro";"Dupla";"Reta";"Sim";2;1;0;0;1;0;0;2;-22,71495082;-42,67804708;"SPRF-RJ";"DEL02-RJ";"UOP03-DEL02-RJ"
300607;2020-08-10;"segunda-feira";"07:15:00";"SC";280;109,3;"SAO BENTO DO SUL";"Desobediência às normas de trânsito pelo condutor";"Colisão frontal";"Com Vítimas Feridas";"Pleno dia";"Crescente";"Céu Claro";"Simples";"Declive;Interseção de Vias;Reta";"Não";2;0;1;0;1;0;1;2;-26,327628;-49,382239;"SPRF-SC";"DEL06-SC";"UOP03-DEL06-SC"
300615;2020-07-14;"terça-feira";"05:00:00";"PR";153;123;"IBAITI";"Defeito Mecânico no Veículo";"Saída de leito carroçável";"Com Vítimas Feridas";"Plena Noite";"Crescente";"Céu Claro";"Simples";"Curva";"Não";2;0;1;0;0;2;1;3;-23,94740787;-50,23865266;"SPRF-PR";"DEL07-PR";"UOP04-DEL07-PR"
300617;2020-08-10;"segunda-feira";"07:35:00";"PB";101;101,9;"ALHANDRA";"Avarias e/ou desgaste excessivo no pneu";"Colisão com objeto estático";"Sem Vítimas";"Pleno dia";"Crescente";"Sol";"Dupla";"Reta";"Não";2;0;0;0;1;1;0;2;-7,28081333;-34,93931386;"SPRF-PB";"DEL01-PB";"UOP02-DEL01-PB"
300620;2020-08-10;"segunda-feira";"06:15:00";"MG";365;624;"UBERLANDIA";"Falta de Atenção à Condução";"Derramamento de carga";"Com Vítimas Feridas";"Pleno dia";"Decrescente";"Céu Claro";"Dupla";"Reta";"Sim";8;0;4;0;3;2;4;7;-18,90637;-48,2967;"SPRF-MG";"DEL15-MG";"UOP01-DEL15-MG"
300622;2020-08-10;"segunda-feira";"08:40:00";"PR";476;240,7;"LAPA";"Velocidade Incompatível";"Saída de leito carroçável";"Com Vítimas Feridas";"Pleno dia";"Crescente";"Céu Claro";"Simples";"Curva";"Não";2;0;1;0;0;1;1;2;-25,864338;-50,069801;"SPRF-PR";"DEL02-PR";"UOP04-DEL02-PR"
300626;2020-07-25;"sábado";"12:00:00";"MT";364;327;"CAMPO VERDE";"Defeito Mecânico no Veículo";"Tombamento";"Com Vítimas Feridas";"Pleno dia";"Decrescente";"Céu Claro";"Simples";"Retorno Regulamentado";"Não";2;0;1;0;0;1;1;2;-15,81698551;-55,40692463;"SPRF-MT";"DEL05-MT";"UOP02-DEL05-MT"
300627;2020-08-10;"segunda-feira";"07:50:00";"MA";316;524,5;"CAXIAS";"Mal Súbito";"Saída de leito carroçável";"Com Vítimas Feridas";"Pleno dia";"Crescente";"Céu Claro";"Simples";"Reta";"Não";1;0;1;0;0;0;1;1;-4,79143;-43,572159;"SPRF-MA";"DEL03-MA";"UOP02-DEL03-MA"
300634;2020-08-10;"segunda-feira";"08:30:00";"MT";364;628;"DIAMANTINO";"Falta de Atenção à Condução";"Tombamento";"Com Vítimas Feridas";"Pleno dia";"Decrescente";"Céu Claro";"Simples";"Reta";"Não";3;0;1;0;1;2;1;3;-14,37879592;-56,37227995;"SPRF-MT";"DEL01-MT";"UOP01-DEL01-MT"
300638;2020-08-08;"sábado";"16:00:00";"RO";364;1045;"PORTO VELHO";"Falta de Atenção à Condução";"Colisão frontal";"Com Vítimas Fatais";"Anoitecer";"Crescente";"Céu Claro";"Simples";"Reta";"Não";3;1;0;0;1;2;0;4;-9,77879328;-66,40539195;"SPRF-RO";"DEL01-RO";"UOP03-DEL01-RO"
300639;2020-08-10;"segunda-feira";"09:00:00";"SP";116;359,2;"MIRACATU";"Velocidade Incompatível";"Tombamento";"Com Vítimas Feridas";"Pleno dia";"Decrescente";"Céu Claro";"Dupla";"Curva;Aclive";"Não";2;0;1;0;0;1;1;2;-24,10931089;-47,26897717;"SPRF-SP";"DEL04-SP";"UOP02-DEL04-SP"
300641;2020-08-10;"segunda-feira";"10:20:00";"SC";282;59,1;"RANCHO QUEIMADO";"Falta de Atenção à Condução";"Colisão frontal";"Com Vítimas Feridas";"Pleno dia";"Decrescente";"Céu Claro";"Simples";"Reta";"Não";4;0;2;0;2;0;2;3;-27,67736197;-49,01337862;"SPRF-SC";"DEL01-SC";"UOP03-DEL01-SC"
300644;2020-08-10;"segunda-feira";"10:00:00";"RS";386;426;"MONTENEGRO";"Falta de Atenção à Condução";"Colisão lateral";"Com Vítimas Feridas";"Pleno dia";"Decrescente";"Céu Claro";"Simples";"Reta";"Não";4;0;1;0;2;3;1;6;-29,819479;-51,36208;"SPRF-RS";"DEL04-RS";"UOP02-DEL04-RS"
300649;2020-08-10;"segunda-feira";"08:45:00";"MG";262;699,7;"ARAXA";"Defeito Mecânico no Veículo";"Danos eventuais";"Sem Vítimas";"Pleno dia";"Crescente";"Sol";"Simples";"Curva";"Não";3;0;0;0;2;3;0;4;-19,57362007;-47,04840592;"SPRF-MG";"DEL08-MG";"UOP01-DEL08-MG"
300663;2020-04-07;"terça-feira";"10:10:00";"CE";116;37;"HORIZONTE";"Não guardar distância de segurança";"Colisão traseira";"Com Vítimas Feridas";"Pleno dia";"Crescente";"Céu Claro";"Dupla";"Reta";"Sim";2;0;0;1;1;0;1;2;-4,07003597;-38,50180289;"SPRF-CE";"DEL01-CE";"UOP02-DEL01-CE"
300664;2020-08-10;"segunda-feira";"10:00:00";"MG";116;804,2;"ALEM PARAIBA";"Velocidade Incompatível";"Saída de leito carroçável";"Com Vítimas Feridas";"Pleno dia";"Crescente";"Céu Claro";"Simples";"Curva";"Não";2;0;2;0;0;0;2;1;-21,79286161;-42,71488284;"SPRF-MG";"DEL07-MG";"UOP01-DEL07-MG"
300668;2020-08-10;"segunda-feira";"14:30:00";"GO";153;672;"PANAMA";"Defeito Mecânico no Veículo";"Tombamento";"Com Vítimas Feridas";"Pleno dia";"Decrescente";"Céu Claro";"Dupla";"Declive";"Não";2;0;1;0;0;1;1;2;-18,1236724;-49,28437227;"SPRF-GO";"DEL03-GO";"UOP02-DEL03-GO"
300669;2020-08-10;"segunda-feira";"05:00:00";"BA";101;839,8;"TEIXEIRA DE FREITAS";"Condutor Dormindo";"Saída de leito carroçável";"Com Vítimas Fatais";"Amanhecer";"Crescente";"Chuva";"Simples";"Curva";"Não";1;1;0;0;0;0;0;1;-17,50066375;-39,70355988;"SPRF-BA";"DEL09-BA";"UOP02-DEL09-BA"
300670;2020-08-10;"segunda-feira";"14:30:00";"SC";163;74,7;"SAO MIGUEL DO OESTE";"Ingestão de Álcool";"Colisão traseira";"Com Vítimas Feridas";"Pleno dia";"Crescente";"Céu Claro";"Simples";"Reta;Declive";"Não";3;0;0;1;1;2;1;4;-26,67986577;-53,51504803;"SPRF-SC";"DEL07-SC";"UOP03-DEL07-SC"