"id";"data_inversa";"dia_semana";"horario";"uf";"br";"km";"municipio";"causa_acidente";"tipo_acidente";"classificacao_acidente";"fase_dia";"sentido_via";"condicao_metereologica";"tipo_pista";"tracado_via";"uso_solo";"pessoas";"mortos";"feridos_leves";"feridos_graves";"ilesos";"ignorados";"feridos";"veiculos";"latitude";"longitude";"regional";"delegacia";"uop"
300672;2020-07-07;"terça-feira";"06:57:00";"RO";364;696;"PORTO VELHO";"Não guardar distância de segurança";"Colisão traseira";"Com Vítimas Feridas";"Amanhecer";"Decrescente";"Céu Claro";"Dupla";"Reta";"Não";3;0;0;2;1;0;2;2;-8,80046614;-63,734779;"SPRF-RO";"DEL01-RO";"UOP01-DEL01-RO"
300679;2020-08-10;"segunda-feira";"15:30:00";"PR";376;188,9;"MARIALVA";"Falta de Atenção à Condução";"Engavetamento";"Com Vítimas Feridas";"Pleno dia";"Decrescente";"Céu Claro";"Dupla";"Reta";"Sim";4;0;2;0;2;0;2;3;-23,46634923;-51,82808011;"SPRF-PR";"DEL09-PR";"UOP01-DEL09-PR"
300684;2020-08-10;"segunda-feira";"13:30:00";"RJ";116;197;"QUEIMADOS";"Falta de Atenção à Condução";"Capotamento";"Sem Vítimas";"Pleno dia";"Decrescente";"Céu Claro";"Dupla";"Curva";"Não";2;0;0;0;2;0;0;1;-22,72980637;-43,56512004;"SPRF-RJ";"DEL01-RJ";"UOP02-DEL01-RJ"
300686;2020-08-10;"segunda-feira";"15:20:00";"CE";20;415;"MARACANAU";"Carga excessiva e/ou mal acondicionada";"Derramamento de carga";"Sem Vítimas";"Pleno dia";"Decrescente";"Céu Claro";"Simples";"Reta";"Sim";2;0;0;0;1;1;0;2;-3,831505;-38,617829;"SPRF-CE";"DEL01-CE";"UOP02-DEL01-CE"
300688;2020-08-10;"segunda-feira";"16:27:00";"SP";116;227;"GUARULHOS";"Falta de Atenção à Condução";"Colisão lateral";"Com Vítimas Feridas";"Pleno dia";"Crescente";"Céu Claro";"Múltipla";"Reta";"Sim";3;0;0;1;1;1;1;3;-23,49659264;-46,55648754;"SPRF-SP";"DEL01-SP";"UOP01-DEL01-SP"
300692;2020-08-10;"segunda-feira";"17:30:00";"PR";376;464;"PONTA GROSSA";"Falta de Atenção à Condução";"Colisão traseira";"Com Vítimas Feridas";"Pleno dia";"Crescente";"Sol";"Dupla";"Aclive;Reta";"Não";3;0;0;1;1;2;1;4;-24,979547;-50,374224;"SPRF-PR";"DEL03-PR";"UOP04-DEL03-PR"
300693;2020-08-10;"segunda-feira";"17:10:00";"MG";381;404;"BOM JESUS DO AMPARO";"Falta de Atenção à Condução";"Colisão frontal";"Com Vítimas Feridas";"Anoitecer";"Crescente";"Céu Claro";"Simples";"Curva";"Sim";3;0;0;1;1;1;1;3;-19,74923079;-43,54385555;"SPRF-MG";"DEL01-MG";"UOP01-DEL01-MG"
300694;2020-08-10;"segunda-feira";"17:10:00";"DF";70;13;"BRASILIA";"Não guardar distância de segurança";"Colisão traseira";"Com Vítimas Feridas";"Anoitecer";"Crescente";"Céu Claro";"Dupla";"Reta";"Não";2;0;1;0;1;0;1;2;-15,794558;-48,166584;"SPRF-DF";"DEL03-DF";"UOP02-DEL03-DF"
300704;2020-08-10;"segunda-feira";"17:35:00";"SP";153;13,9;"ICEM";"Falta de Atenção à Condução";"Colisão frontal";"Com Vítimas Feridas";"Anoitecer";"Crescente";"Céu Claro";"Simples";"Reta";"Não";5;0;0;3;1;1;3;4;-20,41003872;-49,25211016;"SPRF-SP";"DEL09-SP";"UOP01-DEL09-SP"
300705;2020-08-10;"segunda-feira";"18:15:00";"GO";153;418,5;"ANAPOLIS";"Desobediência às normas de trânsito pelo condutor";"Colisão frontal";"Com Vítimas Fatais";"Anoitecer";"Crescente";"Céu Claro";"Simples";"Reta;Aclive";"Não";7;1;0;3;1;2;3;5;-16,159821;-49,04351;"SPRF-GO";"DEL02-GO";"UOP01-DEL02-GO"
300710;2020-08-10;"segunda-feira";"18:35:00";"MG";40;784,1;"JUIZ DE FORA";"Desobediência às normas de trânsito pelo condutor";"Colisão traseira";"Com Vítimas Feridas";"Plena Noite";"Decrescente";"Nublado";"Dupla";"Interseção de Vias";"Não";6;0;4;0;1;1;4;3;-21,70430636;-43,45176458;"SPRF-MG";"DEL05-MG";"UOP01-DEL05-MG"
300713;2020-08-10;"segunda-feira";"18:10:00";"SP";116;228;"SAO PAULO";"Falta de Atenção à Condução";"Colisão lateral";"Com Vítimas Feridas";"Anoitecer";"Decrescente";"Céu Claro";"Múltipla";"Reta";"Sim";2;0;1;0;1;0;1;2;-23,50343484;-46,56638712;"SPRF-SP";"DEL01-SP";"UOP01-DEL01-SP"
300714;2020-08-10;"segunda-feira";"18:40:00";"PE";408;81,3;"PAUDALHO";"Desobediência às normas de trânsito pelo pedestre";"Atropelamento de Pedestre";"Com Vítimas Fatais";"Plena Noite";"Crescente";"Nublado";"Dupla";"Reta";"Não";2;1;0;0;1;0;0;2;-7,93468246;-35,1301265;"SPRF-PE";"DEL01-PE";"UOP01-DEL01-PE"
300718;2020-08-10;"segunda-feira";"18:15:00";"MT";364;204,9;"RONDONOPOLIS";"Desobediência às normas de trânsito pelo condutor";"Colisão traseira";"Com Vítimas Feridas";"Anoitecer";"Crescente";"Céu Claro";"Múltipla";"Retorno Regulamentado";"Sim";4;0;1;0;2;2;1;4;-16,467325;-54,657196;"SPRF-MT";"DEL02-MT";"UOP01-DEL02-MT"
300719;2020-08-10;"segunda-feira";"12:30:00";"BA";110;66;"JEREMOABO";"Carga excessiva e/ou mal acondicionada";"Derramamento de carga";"Sem Vítimas";"Pleno dia";"Decrescente";"Céu Claro";"Simples";"Curva";"Não";2;0;0;0;1;1;0;2;-10,02015426;-38,32185556;"SPRF-BA";"DEL07-BA";"UOP01-DEL07-BA"
300728;2020-08-10;"segunda-feira";"19:52:00";"RS";392;125;"CANGUCU";"Falta de Atenção à Condução";"Colisão transversal";"Sem Vítimas";"Plena Noite";"Crescente";"Céu Claro";"Simples";"Reta";"Não";3;0;0;0;2;1;0;3;-31,36506;-52,72544;"SPRF-RS";"DEL07-RS";"UOP01-DEL07-RS"
300729;2020-08-10;"segunda-feira";"19:45:00";"PR";369;50;"BANDEIRANTES";"Não guardar distância de segurança";"Colisão lateral";"Sem Vítimas";"Plena Noite";"Crescente";"Céu Claro";"Simples";"Curva";"Não";4;0;0;0;4;0;0;2;-23,12088379;-50,3230691;"SPRF-PR";"DEL07-PR";"UOP01-DEL07-PR"
300736;2020-08-10;"segunda-feira";"20:20:00";"RJ";101;284;"ITABORAI";"Falta de Atenção à Condução";"Colisão traseira";"Com Vítimas Feridas";"Plena Noite";"Decrescente";"Céu Claro";"Dupla";"Reta";"Sim";2;0;1;0;1;0;1;2;-22,74431564;-42,80870139;"SPRF-RJ";"DEL02-RJ";"UOP03-DEL02-RJ"
300738;2020-08-10;"segunda-feira";"19:10:00";"PR";376;185,3;"SARANDI";"Falta de Atenção à Condução";"Colisão lateral";"Com Vítimas Feridas";"Plena Noite";"Crescente";"Céu Claro";"Dupla";"Reta";"Sim";4;0;2;0;1;1;2;3;-23,44973387;-51,8567884;"SPRF-PR";"DEL09-PR";"UOP01-DEL09-PR"
300744;2020-08-10;"segunda-feira";"21:40:00";"MG";40;782,1;"JUIZ DE FORA";"Condutor Dormindo";"Tombamento";"Com Vítimas Feridas";"Plena Noite";"Crescente";"Nublado";"Dupla";"Reta";"Não";1;0;1;0;0;0;1;1;-21,69593719;-43,44982474;"SPRF-MG";"DEL05-MG";"UOP01-DEL05-MG"
300746;2020-06-04;"quinta-feira";"21:00:00";"BA";242;811;"BARREIRAS";"Restrição de Visibilidade";"Capotamento";"Com Vítimas Feridas";"Plena Noite";"Decrescente";"Ignorado";"Simples";"Curva";"Não";2;0;1;0;0;2;1;3;-12,12646002;-45,13949633;"SPRF-BA";"DEL10-BA";"UOP01-DEL10-BA"
300751;2020-08-10;"segunda-feira";"21:50:00";"SP";116;339,5;"JUQUITIBA";"Desobediência às normas de trânsito pelo condutor";"Colisão traseira";"Sem Vítimas";"Plena Noite";"Decrescente";"Céu Claro";"Dupla";"Aclive";"Sim";3;0;0;0;2;2;0;4;-23,9983939;-47,14927316;"SPRF-SP";"DEL04-SP";"UOP01-DEL04-SP"
300758;2020-08-10;"segunda-feira";"23:30:00";"PR";153;135,8;"VENTANIA";"Velocidade Incompatível";"Saída de leito carroçável";"Com Vítimas Fatais";"Plena Noite";"Crescente";"Céu Claro";"Simples";"Curva";"Não";2;2;0;0;0;0;0;1;-24,04754175;-50,24558544;"SPRF-PR";"DEL07-PR";"UOP04-DEL07-PR"
300760;2020-08-11;"terça-feira";"00:30:00";"MT";364;210;"RONDONOPOLIS";"Falta de Atenção do Pedestre";"Atropelamento de Pedestre";"Com Vítimas Feridas";"Plena Noite";"Crescente";"Nublado";"Dupla";"Reta";"Não";2;0;1;0;1;0;1;2;-16,4229595;-54,70116159;"SPRF-MT";"DEL02-MT";"UOP01-DEL02-MT"
300761;2020-08-11;"terça-feira";"01:34:00";"RJ";116;328;"RESENDE";"Carga excessiva e/ou mal acondicionada";"Tombamento";"Com Vítimas Feridas";"Plena Noite";"Crescente";"Céu Claro";"Dupla";"Curva";"Não";1;0;1;0;0;0;1;1;-22,50480402;-44,596846;"SPRF-RJ";"DEL07-RJ";"UOP02-DEL07-RJ"
300771;2020-08-11;"terça-feira";"04:50:00";"MG";381;666;"PERDOES";"Falta de Atenção à Condução";"Colisão traseira";"Sem Vítimas";"Plena Noite";"Decrescente";"Nublado";"Dupla";"Reta";"Não";3;0;0;0;2;1;0;3;-21,05519234;-45,04088189;"SPRF-MG";"DEL04-MG";"UOP02-DEL04-MG"
300775;2020-08-11;"terça-feira";"06:00:00";"BA";324;560;"SAO SEBASTIAO DO PASSE";"Defeito Mecânico no Veículo";"Capotamento";"Com Vítimas Feridas";"Pleno dia";"Decrescente";"Nublado";"Dupla";"Declive";"Não";2;0;2;0;0;0;2;1;-12,49250283;-38,65366887;"SPRF-BA";"DEL01-BA";"UOP01-DEL01-BA"
300779;2020-08-11;"terça-feira";"06:20:00";"MG";116;579,7;"MANHUACU";"Velocidade Incompatível";"Derramamento de carga";"Sem Vítimas";"Pleno dia";"Decrescente";"Céu Claro";"Simples";"Curva";"Não";2;0;0;0;1;2;0;3;-20,17836097;-42,18664844;"SPRF-MG";"DEL06-MG";"UOP03-DEL06-MG"
300784;2020-08-11;"terça-feira";"08:15:00";"PR";376;615,7;"SAO JOSE DOS PINHAIS";"Não guardar distância de segurança";"Colisão traseira";"Sem Vítimas";"Pleno dia";"Crescente";"Sol";"Dupla";"Reta";"Sim";3;0;0;0;2;2;0;4;-25,569237;-49,183735;"SPRF-PR";"DEL01-PR";"UOP04-DEL01-PR"
300796;2020-08-11;"terça-feira";"08:30:00";"ES";262;194,1;"IUNA";"Defeito Mecânico no Veículo";"Colisão com objeto estático";"Com Vítimas Fatais";"Pleno dia";"Crescente";"Céu Claro";"Simples";"Curva";"Não";2;1;0;1;0;0;1;1;-20,283286;-41,763565;"SPRF-ES";"DEL01-ES";"UOP02-DEL01-ES"
300799;2020-06-10;"quarta-feira";"17:35:00";"RS";470;224,5;"GARIBALDI";"Falta de Atenção à Condução";"Colisão frontal";"Com Vítimas Feridas";"Plena Noite";"Crescente";"Chuva";"Simples";"Declive";"Não";8;0;1;3;1;3;4;5;-29,23428286;-51,51609421;"SPRF-RS";"DEL06-RS";"UOP01-DEL06-RS"
300801;2020-08-11;"terça-feira";"08:30:00";"PB";110;63;"SAO JOSE DE ESPINHARAS";"Falta de Atenção à Condução";"Capotamento";"Com Vítimas Feridas";"Pleno dia";"Crescente";"Sol";"Simples";"Reta";"Não";2;0;1;1;0;0;2;1;-6,82164703;-37,39351992;"SPRF-PB";"DEL03-PB";"UOP01-DEL03-PB"
300807;2020-08-11;"terça-feira";"10:25:00";"SC";282;477,3;"VARGEAO";"Falta de Atenção à Condução";"Colisão frontal";"Com Vítimas Feridas";"Pleno dia";"Crescente";"Sol";"Simples";"Curva";"Não";3;0;1;0;2;0;1;2;-26,882938;-52,178337;"SPRF-SC";"DEL07-SC";"UOP01-DEL07-SC"
300811;2020-08-11;"terça-feira";"10:30:00";"MT";163;827;"SINOP";"Desobediência às normas de trânsito pelo condutor";"Colisão transversal";"Com Vítimas Feridas";"Pleno dia";"Crescente";"Céu Claro";"Dupla";"Retorno Regulamentado";"Sim";3;0;1;0;1;1;1;3;-12,05864;-55,51743619;"SPRF-MT";"DEL06-MT";"UOP01-DEL06-MT"
300812;2020-08-11;"terça-feira";"07:30:00";"BA";101;535;"BUERAREMA";"Falta de Atenção à Condução";"Tombamento";"Com Vítimas Feridas";"Pleno dia";"Decrescente";"Chuva";"Simples";"Curva";"Não";3;0;1;0;2;0;1;2;-15,05223188;-39,33483124;"SPRF-BA";"DEL05-BA";"UOP01-DEL05-BA"
300816;2020-07-14;"terça-feira";"10:30:00";"SC";101;234,8;"PALHOCA";"Falta de Atenção à Condução";"Colisão lateral";"Com Vítimas Feridas";"Pleno dia";"Crescente";"Sol";"Dupla";"Declive";"Não";4;0;2;0;2;0;2;2;-27,81043812;-48,63537111;"SPRF-SC";"DEL01-SC";"UOP02-DEL01-SC"
300817;2020-08-08;"sábado";"02:40:00";"BA";101;120;"ALAGOINHAS";"Falta de Atenção à Condução";"Tombamento";"Sem Vítimas";"Plena Noite";"Crescente";"Nevoeiro/Neblina";"Simples";"Reta";"Não";2;0;0;0;1;1;0;2;-12,16103619;-38,5648919;"SPRF-BA";"DEL01-BA";"UOP04-DEL01-BA"
300824;2020-08-11;"terça-feira";"13:50:00";"SP";116;222;"GUARULHOS";"Mal Súbito";"Colisão lateral";"Com Vítimas Feridas";"Pleno dia";"Decrescente";"Sol";"Múltipla";"Reta";"Sim";3;0;1;0;1;1;1;3;-23,47093408;-46,51631097;"SPRF-SP";"DEL01-SP";"UOP01-DEL01-SP"
300825;2020-08-11;"terça-feira";"12:50:00";"RJ";116;203;"SEROPEDICA";"Defeito Mecânico no Veículo";"Incêndio";"Sem Vítimas";"Pleno dia";"Crescente";"Céu Claro";"Dupla";"Reta";"Sim";1;0;0;0;1;0;0;1;-22,73096751;-43,62245615;"SPRF-RJ";"DEL01-RJ";"UOP03-DEL01-RJ"
300827;2020-08-11;"terça-feira";"10:40:00";"MT";174;88,9;"CACERES";"Avarias e/ou desgaste excessivo no pneu";"Tombamento";"Sem Vítimas";"Pleno dia";"Decrescente";"Céu Claro";"Simples";"Reta";"Não";1;0;0;0;1;0;0;1;-15,91428487;-57,80378461;"SPRF-MT";"DEL03-MT";"UOP01-DEL03-MT"
300829;2020-08-11;"terça-feira";"07:30:00";"PR";467;80,4;"CASCAVEL";"Velocidade Incompatível";"Saída de leito carroçável";"Com Vítimas Fatais";"Pleno dia";"Decrescente";"Céu Claro";"Dupla";"Curva";"Não";2;1;0;0;0;1;0;2;-24,7875;-53,6778;"SPRF-PR";"DEL04-PR";"UOP01-DEL04-PR"
300831;2020-08-11;"terça-feira";"14:20:00";"SP";116;41,8;"CACHOEIRA PAULISTA";"Defeito Mecânico no Veículo";"Incêndio";"Sem Vítimas";"Pleno dia";"Crescente";"Sol";"Dupla";"Reta";"Não";2;0;0;0;1;1;0;2;-22,68631027;-45,0146498;"SPRF-SP";"DEL08-SP";"UOP02-DEL08-SP"
300832;2020-08-11;"terça-feira";"15:00:00";"BA";324;605;"SIMOES FILHO";"Falta de Atenção à Condução";"Colisão traseira";"Com Vítimas Feridas";"Pleno dia";"Crescente";"Sol";"Dupla";"Reta";"Não";2;0;0;1;1;0;1;2;-12,78605114;-38,40972508;"SPRF-BA";"DEL01-BA";"UOP01-DEL01-BA"
300833;2020-08-11;"terça-feira";"14:50:00";"CE";222;31,9;"CAUCAIA";"Não guardar distância de segurança";"Colisão traseira";"Com Vítimas Feridas";"Pleno dia";"Decrescente";"Sol";"Simples";"Reta";"Não";5;0;0;1;3;1;1;3;-3,71019947;-38,82872412;"SPRF-CE";"DEL01-CE";"UOP01-DEL01-CE"
300835;2020-08-11;"terça-feira";"14:00:00";"MS";163;485;"CAMPO GRANDE";"Desobediência às normas de trânsito pelo condutor";"Colisão frontal";"Com Vítimas Feridas";"Pleno dia";"Decrescente";"Céu Claro";"Simples";"Reta";"Sim";2;0;0;1;1;0;1;2;-20,44233707;-54,54201834;"SPRF-MS";"DEL01-MS";"UOP02-DEL01-MS"
300839;2020-08-11;"terça-feira";"15:30:00";"SC";101;175;"BIGUACU";"Desobediência às normas de trânsito pelo condutor";"Tombamento";"Com Vítimas Feridas";"Pleno dia";"Decrescente";"Céu Claro";"Dupla";"Curva";"Sim";2;0;1;0;1;0;1;2;-27,33963303;-48,62734885;"SPRF-SC";"DEL01-SC";"UOP01-DEL01-SC"
300840;2020-08-11;"terça-feira";"15:10:00";"MS";163;693;"RIO VERDE DE MATO GROSSO";"Desobediência às normas de trânsito pelo condutor";"Engavetamento";"Com Vítimas Feridas";"Pleno dia";"Crescente";"Céu Claro";"Dupla";"Aclive";"Não";5;0;0;1;3;3;1;7;-18,81754505;-54,81850716;"SPRF-MS";"DEL06-MS";"UOP01-DEL06-MS"
300841;2020-08-11;"terça-feira";"15:05:00";"PR";277;315;"GUARAPUAVA";"Desobediência às normas de trânsito pelo condutor";"Colisão traseira";"Com Vítimas Feridas";"Pleno dia";"Crescente";"Céu Claro";"Múltipla";"Aclive";"Não";8;0;1;0;6;1;1;3;-25,30825309;-51,20948921;"SPRF-PR";"DEL08-PR";"UOP01-DEL08-PR"
300846;2020-08-11;"terça-feira";"11:30:00";"ES";101;458;"MIMOSO DO SUL";"Defeito Mecânico no Veículo";"Tombamento";"Sem Vítimas";"Pleno dia";"Crescente";"Céu Claro";"Simples";"Rotatória";"Não";2;0;0;0;1;1;0;2;-21,20215642;-41,30074807;"SPRF-ES";"DEL03-ES";"UOP02-DEL03-ES"
300848;2020-07-24;"sexta-feira";"17:20:00";"MA";10;146;"PORTO FRANCO";"Desobediência às normas de trânsito pelo condutor";"Colisão frontal";"Com Vítimas Feridas";"Anoitecer";"Crescente";"Céu Claro";"Simples";"Reta";"Não";4;0;0;3;0;3;3;5;-6,442968;-47,396965;"SPRF-MA";"DEL04-MA";"UOP02-DEL04-MA"
300850;2020-08-11;"terça-feira";"13:00:00";"MT";364;197,8;"RONDONOPOLIS";"Velocidade Incompatível";"Tombamento";"Sem Vítimas";"Pleno dia";"Decrescente";"Sol";"Simples";"Curva";"Não";3;0;0;0;2;2;0;4;-16,506703;-54,622089;"SPRF-MT";"DEL02-MT";"UOP01-DEL02-MT"
300853;2020-08-11;"terça-feira";"17:00:00";"MG";262;362;"BETIM";"Restrição de Visibilidade";"Colisão traseira";"Com Vítimas Feridas";"Anoitecer";"Crescente";"Céu Claro";"Dupla";"Aclive";"Não";2;0;1;0;1;0;1;2;-19,98025969;-44,22672112;"SPRF-MG";"DEL01-MG";"UOP03-DEL01-MG"
300858;2020-08-11;"terça-feira";"17:00:00";"SP";381;52,4;"MAIRIPORA";"Animais na Pista";"Colisão traseira";"Com Vítimas Feridas";"Pleno dia";"Decrescente";"Céu Claro";"Dupla";"Declive;Curva";"Sim";4;0;1;0;2;2;1;5;-23,2300622;-46,59963076;"SPRF-SP";"DEL03-SP";"UOP01-DEL03-SP"
300859;2020-08-11;"terça-feira";"15:10:00";"MA";135;108,1;"ANAJATUBA";"Condutor Dormindo";"Colisão lateral";"Com Vítimas Feridas";"Pleno dia";"Crescente";"Céu Claro";"Simples";"Reta";"Não";3;0;0;1;1;2;1;4;-3,41828;-44,515209;"SPRF-MA";"DEL01-MA";"UOP02-DEL01-MA"
300868;2020-08-11;"terça-feira";"15:00:00";"SC";282;463;"PONTE SERRADA";"Falta de Atenção à Condução";"Colisão lateral";"Sem Vítimas";"Pleno dia";"Crescente";"Céu Claro";"Simples";"Interseção de Vias";"Sim";2;0;0;0;2;0;0;2;-26,85562352;-52,03296661;"SPRF-SC";"DEL07-SC";"UOP04-DEL07-SC"
300869;2020-08-11;"terça-feira";"18:40:00";"PB";230;277;"SANTA LUZIA";"Desobediência às normas de trânsito pelo condutor";"Colisão frontal";"Com Vítimas Feridas";"Plena Noite";"Decrescente";"Céu Claro";"Simples";"Curva";"Não";3;0;1;0;1;1;1;3;-6,958687;-36,838769;"SPRF-PB";"DEL03-PB";"UOP01-DEL03-PB"
300874;2020-08-11;"terça-feira";"17:15:00";"MT";364;234,7;"RONDONOPOLIS";"Defeito Mecânico no Veículo";"Incêndio";"Sem Vítimas";"Anoitecer";"Crescente";"Céu Claro";"Dupla";"Aclive";"Não";2;0;0;0;2;0;0;1;-16,23115894;-54,78177125;"SPRF-MT";"DEL02-MT";"UOP01-DEL02-MT"
300886;2020-08-11;"terça-feira";"17:45:00";"RS";158;80,4;"BOA VISTA DAS MISSOES";"Desobediência às normas de trânsito pelo condutor";"Colisão traseira";"Com Vítimas Feridas";"Anoitecer";"Crescente";"Céu Claro";"Simples";"Reta";"Não";3;0;1;0;1;3;1;5;-27,71064;-53,245564;"SPRF-RS";"DEL08-RS";"UOP02-DEL08-RS"
300887;2020-08-11;"terça-feira";"16:05:00";"SC";101;210,5;"SAO JOSE";"Falta de Atenção à Condução";"Colisão lateral";"Com Vítimas Feridas";"Pleno dia";"Crescente";"Céu Claro";"Dupla";"Reta";"Sim";2;0;1;0;1;0;1;2;-27,6167305;-48,6457265;"SPRF-SC";"DEL01-SC";"UOP01-DEL01-SC"
300888;2020-08-11;"terça-feira";"18:50:00";"PR";116;95;"SAO JOSE DOS PINHAIS";"Velocidade Incompatível";"Capotamento";"Com Vítimas Feridas";"Plena Noite";"Decrescente";"Céu Claro";"Dupla";"Reta";"Sim";5;0;1;0;2;2;1;5;-25,4971982;-49,11761871;"SPRF-PR";"DEL01-PR";"UOP01-DEL01-PR"
300890;2020-08-11;"terça-feira";"19:40:00";"RS";392;6,3;"RIO GRANDE";"Falta de Atenção à Condução";"Colisão com objeto estático";"Sem Vítimas";"Plena Noite";"Crescente";"Nublado";"Simples";"Reta";"Sim";2;0;0;0;1;2;0;3;-32,0849901;-52,10592673;"SPRF-RS";"DEL07-RS";"UOP02-DEL07-RS"
300892;2020-08-11;"terça-feira";"20:30:00";"MG";381;909,8;"CAMANDUCAIA";"Defeito Mecânico no Veículo";"Incêndio";"Sem Vítimas";"Plena Noite";"Crescente";"Céu Claro";"Dupla";"Declive;Reta";"Não";1;0;0;0;1;0;0;1;-22,69163353;-46,10938472;"SPRF-MG";"DEL16-MG";"UOP03-DEL16-MG"
300895;2020-08-10;"segunda-feira";"21:00:00";"BA";101;416,1;"MARAU";"Carga excessiva e/ou mal acondicionada";"Derramamento de carga";"Sem Vítimas";"Plena Noite";"Decrescente";"Chuva";"Simples";"Curva";"Não";2;0;0;0;1;1;0;2;-14,20329399;-39,3151431;"SPRF-BA";"DEL05-BA";"UOP03-DEL05-BA"
300897;2020-08-11;"terça-feira";"18:56:00";"MS";163;36,5;"ELDORADO";"Desobediência às normas de trânsito pelo condutor";"Colisão lateral";"Sem Vítimas";"Pleno dia";"Crescente";"Céu Claro";"Simples";"Reta";"Não";7;0;0;0;6;3;0;7;-23,80607589;-54,31318103;"SPRF-MS";"DEL09-MS";"UOP02-DEL09-MS"
300903;2020-08-11;"terça-feira";"21:20:00";"MG";40;432,8;"PARAOPEBA";"Falta de Atenção à Condução";"Saída de leito carroçável";"Sem Vítimas";"Plena Noite";"Crescente";"Céu Claro";"Dupla";"Reta";"Não";1;0;0;0;1;0;0;1;-19,2086243;-44,46506923;"SPRF-MG";"DEL02-MG";"UOP01-DEL02-MG"
300904;2020-08-11;"terça-feira";"16:30:00";"CE";116;86;"CASCAVEL";"Carga excessiva e/ou mal acondicionada";"Derramamento de carga";"Sem Vítimas";"Anoitecer";"Decrescente";"Céu Claro";"Simples";"Reta";"Não";1;0;0;0;1;0;0;1;-4,43667971;-38,39141167;"SPRF-CE";"DEL03-CE";"UOP02-DEL03-CE"
300906;2020-08-11;"terça-feira";"21:50:00";"PR";376;140;"NOVA ESPERANCA";"Mal Súbito";"Saída de leito carroçável";"Com Vítimas Feridas";"Plena Noite";"Crescente";"Céu Claro";"Dupla";"Curva";"Não";2;0;1;0;0;2;1;3;-23,240108;-52,171955;"SPRF-PR";"DEL09-PR";"UOP02-DEL09-PR"
300910;2020-08-11;"terça-feira";"16:45:00";"PR";376;308,9;"ORTIGUEIRA";"Falta de Atenção à Condução";"Colisão lateral";"Com Vítimas Feridas";"Pleno dia";"Crescente";"Sol";"Simples";"Em Obras;Reta;Declive";"Não";5;0;3;0;1;1;3;3;-23,97857518;-51,09540715;"SPRF-PR";"DEL07-PR";"UOP03-DEL07-PR"
300911;2020-08-11;"terça-feira";"19:00:00";"MG";116;31;"CACHOEIRA DE PAJEU";"Ultrapassagem Indevida";"Colisão lateral";"Com Vítimas Feridas";"Plena Noite";"Decrescente";"Nublado";"Simples";"Curva";"Não";3;0;2;0;1;0;2;2;-15,90941563;-41,40264871;"SPRF-MG";"DEL11-MG";"UOP02-DEL11-MG"
300918;2020-08-11;"terça-feira";"20:10:00";"MS";262;159,6;"RIBAS DO RIO PARDO";"Desobediência às normas de trânsito pelo condutor";"Colisão lateral";"Com Vítimas Feridas";"Plena Noite";"Crescente";"Ignorado";"Simples";"Reta";"Não";3;0;2;0;1;0;2;2;-20,45473015;-53,01584503;"SPRF-MS";"DEL07-MS";"UOP02-DEL07-MS"
300920;2020-08-11;"terça-feira";"22:55:00";"RO";174;14,7;"VILHENA";"Ultrapassagem Indevida";"Colisão lateral";"Sem Vítimas";"Plena Noite";"Crescente";"Céu Claro";"Dupla";"Interseção de Vias";"Sim";2;0;0;0;2;0;0;2;-12,73306632;-60,12981255;"SPRF-RO";"DEL04-RO";"UOP01-DEL04-RO"
300922;2020-08-11;"terça-feira";"08:25:00";"TO";226;12;"PALMEIRAS DO TOCANTINS";"Defeito na Via";"Tombamento";"Sem Vítimas";"Pleno dia";"Crescente";"Céu Claro";"Simples";"Reta";"Não";2;0;0;0;1;2;0;3;-6,614072;-47,545609;"SPRF-TO";"DEL02-TO";"UOP03-DEL02-TO"
300925;2020-08-11;"terça-feira";"19:45:00";"RS";386;417;"MONTENEGRO";"Não guardar distância de segurança";"Atropelamento de Pedestre";"Com Vítimas Feridas";"Plena Noite";"Decrescente";"Chuva";"Simples";"Reta";"Não";2;0;0;1;0;1;1;2;-29,818958;-51,452934;"SPRF-RS";"DEL04-RS";"UOP02-DEL04-RS"
300926;2020-08-11;"terça-feira";"19:00:00";"BA";242;945;"LUIS EDUARDO MAGALHAES";"Defeito Mecânico no Veículo";"Incêndio";"Sem Vítimas";"Plena Noite";"Decrescente";"Céu Claro";"Simples";"Reta";"Não";2;0;0;0;1;2;0;3;-12,274711;-46,292016;"SPRF-BA";"DEL10-BA";"UOP01-DEL10-BA"
300927;2020-08-12;"quarta-feira";"01:30:00";"SP";116;190;"SANTA ISABEL";"Falta de Atenção à Condução";"Tombamento";"Com Vítimas Feridas";"Plena Noite";"Decrescente";"Céu Claro";"Dupla";"Reta";"Não";3;0;1;0;1;1;1;3;-23,36821879;-46,23367409;"SPRF-SP";"DEL02-SP";"UOP01-DEL02-SP"
300931;2020-08-12;"quarta-feira";"02:30:00";"GO";364;330;"PORTELANDIA";"Objeto estático sobre o leito carroçável";"Danos eventuais";"Sem Vítimas";"Plena Noite";"Crescente";"Céu Claro";"Simples";"Reta";"Não";1;0;0;0;1;0;0;1;-17,39863;-52,720497;"SPRF-GO";"DEL05-GO";"UOP01-DEL05-GO"