"id";"data_inversa";"dia_semana";"horario";"uf";"br";"km";"municipio";"causa_acidente";"tipo_acidente";"classificacao_acidente";"fase_dia";"sentido_via";"condicao_metereologica";"tipo_pista";"tracado_via";"uso_solo";"pessoas";"mortos";"feridos_leves";"feridos_graves";"ilesos";"ignorados";"feridos";"veiculos";"latitude";"longitude";"regional";"delegacia";"uop"
300933;2020-08-11;"terça-feira";"23:41:00";"RS";386;365;"FAZENDA VILANOVA";"Condutor Dormindo";"Saída de leito carroçável";"Com Vítimas Feridas";"Plena Noite";"Crescente";"Chuva";"Dupla";"Reta";"Não";2;0;1;0;1;0;1;1;-29,57082566;-51,86312792;"SPRF-RS";"DEL04-RS";"UOP02-DEL04-RS"
300934;2020-08-11;"terça-feira";"11:45:00";"BA";242;426;"SEABRA";"Velocidade Incompatível";"Tombamento";"Com Vítimas Feridas";"Pleno dia";"Decrescente";"Nublado";"Simples";"Declive;Curva";"Sim";2;0;1;0;0;2;1;3;-12,4088181;-41,86895103;"SPRF-BA";"DEL06-BA";"UOP01-DEL06-BA"
300942;2020-08-12;"quarta-feira";"04:30:00";"SC";282;185;"BOCAINA DO SUL";"Condutor Dormindo";"Colisão traseira";"Com Vítimas Feridas";"Plena Noite";"Crescente";"Garoa/Chuvisco";"Simples";"Reta";"Não";3;0;1;0;1;1;1;3;-27,734449;-49,98819;"SPRF-SC";"DEL05-SC";"UOP01-DEL05-SC"
300946;2020-08-11;"terça-feira";"16:15:00";"MT";364;106,5;"ALTO GARCAS";"Falta de Atenção à Condução";"Saída de leito carroçável";"Com Vítimas Feridas";"Pleno dia";"Decrescente";"Sol";"Simples";"Curva";"Não";2;0;1;0;0;2;1;3;-16,84615077;-53,80820705;"SPRF-MT";"DEL02-MT";"UOP02-DEL02-MT"
300948;2020-08-12;"quarta-feira";"06:20:00";"DF";20;32,2;"BRASILIA";"Defeito Mecânico no Veículo";"Incêndio";"Sem Vítimas";"Amanhecer";"Crescente";"Céu Claro";"Dupla";"Reta;Aclive";"Não";2;0;0;0;1;1;0;2;-15,590174;-47,585899;"SPRF-DF";"DEL02-DF";"UOP01-DEL02-DF"
300951;2020-08-12;"quarta-feira";"06:45:00";"PE";104;66;"CARUARU";"Defeito Mecânico no Veículo";"Derramamento de carga";"Sem Vítimas";"Pleno dia";"Decrescente";"Céu Claro";"Dupla";"Aclive";"Sim";2;0;0;0;1;1;0;2;-8,2937;-35,9864;"SPRF-PE";"DEL02-PE";"UOP01-DEL02-PE"
300955;2020-08-11;"terça-feira";"18:30:00";"RS";116;40,4;"VACARIA";"Falta de Atenção à Condução";"Colisão transversal";"Com Vítimas Feridas";"Plena Noite";"Crescente";"Céu Claro";"Simples";"Reta";"Não";4;0;3;0;1;0;3;2;-28,51839098;-50,93942202;"SPRF-RS";"DEL05-RS";"UOP03-DEL05-RS"
300956;2020-08-11;"terça-feira";"21:30:00";"PR";376;501,9;"PONTA GROSSA";"Falta de Atenção à Condução";"Saída de leito carroçável";"Com Vítimas Feridas";"Plena Noite";"Crescente";"Céu Claro";"Dupla";"Reta";"Não";2;0;0;1;1;0;1;2;-25,20894789;-50,06444688;"SPRF-PR";"DEL03-PR";"UOP04-DEL03-PR"
300960;2020-08-12;"quarta-feira";"07:20:00";"RS";470;193,4;"BENTO GONCALVES";"Velocidade Incompatível";"Saída de leito carroçável";"Com Vítimas Feridas";"Pleno dia";"Crescente";"Chuva";"Simples";"Declive;Curva";"Não";1;0;0;1;0;0;1;1;-29,04507912;-51,56926298;"SPRF-RS";"DEL06-RS";"UOP02-DEL06-RS"
300974;2020-08-12;"quarta-feira";"07:40:00";"PI";135;323;"SANTA LUZ";"Falta de Atenção à Condução";"Colisão transversal";"Com Vítimas Feridas";"Pleno dia";"Crescente";"Céu Claro";"Dupla";"Interseção de Vias";"Não";5;0;1;0;3;1;1;3;-8,86769372;-44,24013106;"SPRF-PI";"DEL03-PI";"UOP02-DEL03-PI"
300976;2020-08-12;"quarta-feira";"06:50:00";"SC";280;84,5;"CORUPA";"Velocidade Incompatível";"Colisão frontal";"Com Vítimas Feridas";"Amanhecer";"Crescente";"Garoa/Chuvisco";"Simples";"Curva";"Não";2;0;1;0;1;0;1;2;-26,43589072;-49,24351466;"SPRF-SC";"DEL06-SC";"UOP03-DEL06-SC"
300979;2020-08-12;"quarta-feira";"08:40:00";"GO";40;68,7;"CRISTALINA";"Defeito Mecânico no Veículo";"Colisão traseira";"Com Vítimas Feridas";"Pleno dia";"Decrescente";"Céu Claro";"Simples";"Declive;Em Obras";"Não";3;0;1;0;1;2;1;4;-16,5916044;-47,77793538;"SPRF-DF";"DEL01-DF";"UOP02-DEL01-DF"
300984;2020-08-12;"quarta-feira";"09:55:00";"MG";381;338;"NOVA ERA";"Velocidade Incompatível";"Tombamento";"Sem Vítimas";"Pleno dia";"Crescente";"Nublado";"Simples";"Curva";"Não";2;0;0;0;1;3;0;4;-19,82924241;-43,0894489;"SPRF-MG";"DEL03-MG";"UOP01-DEL03-MG"
300986;2020-08-12;"quarta-feira";"09:15:00";"TO";153;634,8;"ALIANCA DO TOCANTINS";"Defeito Mecânico no Veículo";"Incêndio";"Sem Vítimas";"Pleno dia";"Crescente";"Céu Claro";"Simples";"Reta";"Não";2;0;0;0;1;1;0;2;-11,39541211;-48,97433972;"SPRF-TO";"DEL01-TO";"UOP02-DEL01-TO"
300998;2020-08-12;"quarta-feira";"10:30:00";"AL";101;109;"PILAR";"Defeito Mecânico no Veículo";"Colisão com objeto estático";"Sem Vítimas";"Pleno dia";"Crescente";"Céu Claro";"Simples";"Curva";"Não";1;0;0;0;1;0;0;1;-9,60183894;-36,01536915;"SPRF-AL";"DEL02-AL";"UOP01-DEL02-AL"
300999;2020-08-12;"quarta-feira";"10:10:00";"RJ";101;575;"PARATY";"Falta de Atenção à Condução";"Colisão lateral";"Com Vítimas Feridas";"Pleno dia";"Decrescente";"Céu Claro";"Simples";"Rotatória";"Sim";2;0;1;0;1;0;1;2;-23,21978585;-44,73466957;"SPRF-RJ";"DEL03-RJ";"UOP04-DEL03-RJ"
301006;2020-08-12;"quarta-feira";"09:50:00";"PR";376;397;"IMBAU";"Velocidade Incompatível";"Colisão traseira";"Com Vítimas Feridas";"Pleno dia";"Decrescente";"Céu Claro";"Simples";"Reta";"Não";3;0;1;0;1;1;1;3;-24,57847704;-50,68117439;"SPRF-PR";"DEL03-PR";"UOP02-DEL03-PR"
301012;2020-08-12;"quarta-feira";"09:40:00";"MG";116;779,2;"LEOPOLDINA";"Falta de Atenção à Condução";"Colisão com objeto estático";"Sem Vítimas";"Pleno dia";"Crescente";"Céu Claro";"Simples";"Reta";"Não";2;0;0;0;1;1;0;2;-21,60837977;-42,69596393;"SPRF-MG";"DEL07-MG";"UOP01-DEL07-MG"
301014;2020-08-12;"quarta-feira";"12:20:00";"RS";386;306,8;"POUSO NOVO";"Defeito Mecânico no Veículo";"Tombamento";"Sem Vítimas";"Pleno dia";"Crescente";"Chuva";"Simples";"Curva";"Não";2;0;0;0;1;2;0;3;-29,194696;-52,185722;"SPRF-RS";"DEL04-RS";"UOP01-DEL04-RS"
301017;2020-08-12;"quarta-feira";"12:50:00";"RS";386;374;"PAVERAMA";"Falta de Atenção à Condução";"Colisão transversal";"Com Vítimas Feridas";"Pleno dia";"Decrescente";"Nublado";"Dupla";"Rotatória";"Não";4;0;2;0;1;2;2;4;-29,615551;-51,796562;"SPRF-RS";"DEL04-RS";"UOP02-DEL04-RS"
301023;2020-08-12;"quarta-feira";"13:10:00";"GO";60;208,7;"GUAPO";"Ultrapassagem Indevida";"Tombamento";"Sem Vítimas";"Pleno dia";"Decrescente";"Sol";"Dupla";"Reta;Aclive";"Não";2;0;0;0;1;2;0;3;-16,9243;-49,6642;"SPRF-GO";"DEL01-GO";"UOP02-DEL01-GO"
301041;2020-06-12;"sexta-feira";"10:10:00";"SC";101;118,6;"ITAJAI";"Desobediência às normas de trânsito pelo condutor";"Colisão lateral";"Com Vítimas Feridas";"Pleno dia";"Decrescente";"Céu Claro";"Dupla";"Interseção de Vias";"Sim";3;0;0;1;1;4;1;6;-26,90100344;-48,7167263;"SPRF-SC";"DEL04-SC";"UOP04-DEL04-SC"
301046;2020-08-12;"quarta-feira";"15:40:00";"PA";316;51;"CASTANHAL";"Desobediência às normas de trânsito pelo condutor";"Colisão transversal";"Com Vítimas Feridas";"Pleno dia";"Crescente";"Céu Claro";"Dupla";"Reta";"Não";2;0;1;0;1;0;1;2;-1,30696138;-48,03478;"SPRF-PA";"DEL01-PA";"UOP01-DEL01-PA"
301049;2020-08-12;"quarta-feira";"16:45:00";"SE";101;172,8;"SANTA LUZIA DO ITANHY";"Carga excessiva e/ou mal acondicionada";"Tombamento";"Com Vítimas Feridas";"Anoitecer";"Decrescente";"Céu Claro";"Simples";"Curva";"Não";1;0;1;0;0;0;1;1;-11,33297115;-37,58716499;"SPRF-SE";"DEL02-SE";"UOP01-DEL02-SE"
301058;2020-08-12;"quarta-feira";"18:40:00";"SC";101;216;"PALHOCA";"Não guardar distância de segurança";"Colisão traseira";"Com Vítimas Feridas";"Plena Noite";"Decrescente";"Chuva";"Dupla";"Reta";"Sim";5;0;5;0;0;0;5;2;-27,65981409;-48,67747798;"SPRF-SC";"DEL01-SC";"UOP02-DEL01-SC"
301063;2020-07-14;"terça-feira";"19:20:00";"SC";153;4;"AGUA DOCE";"Velocidade Incompatível";"Saída de leito carroçável";"Com Vítimas Fatais";"Plena Noite";"Crescente";"Céu Claro";"Simples";"Reta";"Não";2;1;0;0;0;1;0;2;-26,635151;-51,508949;"SPRF-SC";"DEL07-SC";"UOP05-DEL07-SC"
301064;2020-08-12;"quarta-feira";"16:35:00";"RS";158;328,5;"SANTA MARIA";"Falta de Atenção à Condução";"Colisão traseira";"Com Vítimas Feridas";"Pleno dia";"Crescente";"Chuva";"Simples";"Reta";"Sim";8;0;4;0;3;1;4;4;-29,71112906;-53,81968204;"SPRF-RS";"DEL09-RS";"UOP01-DEL09-RS"
301065;2020-08-12;"quarta-feira";"17:30:00";"PB";361;4;"PATOS";"Falta de Atenção à Condução";"Colisão transversal";"Com Vítimas Feridas";"Anoitecer";"Crescente";"Sol";"Simples";"Reta";"Sim";2;0;0;1;1;0;1;2;-7,03208047;-37,29365088;"SPRF-PB";"DEL03-PB";"UOP01-DEL03-PB"
301066;2020-08-12;"quarta-feira";"16:10:00";"SC";282;631,3;"DESCANSO";"Velocidade Incompatível";"Saída de leito carroçável";"Com Vítimas Feridas";"Pleno dia";"Decrescente";"Chuva";"Simples";"Reta";"Não";2;0;1;0;0;1;1;2;-26,824362;-53,394367;"SPRF-SC";"DEL07-SC";"UOP03-DEL07-SC"
301077;2020-08-12;"quarta-feira";"17:40:00";"RS";153;47,7;"ERECHIM";"Não guardar distância de segurança";"Colisão traseira";"Com Vítimas Feridas";"Anoitecer";"Crescente";"Chuva";"Múltipla";"Interseção de Vias";"Sim";4;0;2;0;1;1;2;3;-27,64530366;-52,24998023;"SPRF-RS";"DEL08-RS";"UOP04-DEL08-RS"
301078;2020-08-12;"quarta-feira";"17:20:00";"PR";116;211;"RIO NEGRO";"Desobediência às normas de trânsito pelo condutor";"Colisão transversal";"Com Vítimas Feridas";"Pleno dia";"Crescente";"Nublado";"Simples";"Reta";"Sim";3;0;1;0;1;1;1;3;-26,07980928;-49,76934983;"SPRF-SC";"DEL06-SC";"UOP01-DEL06-SC"
301081;2020-08-12;"quarta-feira";"17:50:00";"MS";267;70;"BATAGUASSU";"Falta de Atenção à Condução";"Saída de leito carroçável";"Com Vítimas Feridas";"Anoitecer";"Decrescente";"Céu Claro";"Simples";"Declive";"Não";2;0;0;1;0;2;1;3;-21,85955986;-52,76897603;"SPRF-MS";"DEL02-MS";"UOP04-DEL02-MS"
301085;2020-08-12;"quarta-feira";"17:30:00";"MG";365;199,3;"BURITIZEIRO";"Condutor Dormindo";"Colisão lateral";"Com Vítimas Feridas";"Pleno dia";"Decrescente";"Sol";"Simples";"Reta";"Não";3;0;2;0;1;0;2;2;-17,50235126;-45,21915163;"SPRF-MG";"DEL12-MG";"UOP01-DEL12-MG"
301089;2020-08-12;"quarta-feira";"15:55:00";"SC";470;157,9;"TROMBUDO CENTRAL";"Velocidade Incompatível";"Colisão lateral";"Com Vítimas Feridas";"Pleno dia";"Decrescente";"Chuva";"Simples";"Curva";"Sim";3;0;1;0;1;1;1;3;-27,285425;-49,76881;"SPRF-SC";"DEL04-SC";"UOP02-DEL04-SC"
301101;2020-08-12;"quarta-feira";"20:30:00";"RJ";393;280;"BARRA DO PIRAI";"Falta de Atenção à Condução";"Colisão transversal";"Com Vítimas Feridas";"Plena Noite";"Crescente";"Céu Claro";"Simples";"Reta";"Sim";3;0;1;0;1;1;1;3;-22,47750785;-44,01954402;"SPRF-RJ";"DEL05-RJ";"UOP04-DEL05-RJ"
301106;2020-08-12;"quarta-feira";"21:00:00";"SP";116;279;"EMBU DAS ARTES";"Falta de Atenção à Condução";"Colisão traseira";"Com Vítimas Feridas";"Plena Noite";"Crescente";"Céu Claro";"Dupla";"Declive";"Sim";3;0;2;0;1;0;2;2;-23,63721184;-46,83381557;"SPRF-SP";"DEL04-SP";"UOP01-DEL04-SP"
301108;2020-08-12;"quarta-feira";"20:00:00";"SP";116;342;"MIRACATU";"Falta de Atenção à Condução";"Colisão com objeto estático";"Com Vítimas Feridas";"Plena Noite";"Crescente";"Céu Claro";"Dupla";"Declive";"Não";2;0;1;0;0;1;1;2;-24,01625202;-47,16797896;"SPRF-SP";"DEL04-SP";"UOP02-DEL04-SP"
301118;2020-08-12;"quarta-feira";"20:00:00";"SC";470;129;"LONTRAS";"Velocidade Incompatível";"Saída de leito carroçável";"Sem Vítimas";"Plena Noite";"Crescente";"Chuva";"Simples";"Reta";"Sim";2;0;0;0;1;1;0;2;-27,148499;-49,556137;"SPRF-SC";"DEL04-SC";"UOP02-DEL04-SC"
301121;2020-08-12;"quarta-feira";"20:30:00";"SC";101;117;"ITAJAI";"Não guardar distância de segurança";"Colisão traseira";"Com Vítimas Feridas";"Plena Noite";"Decrescente";"Garoa/Chuvisco";"Simples";"Reta";"Não";3;0;1;0;1;1;1;3;-26,9043179;-48,71555481;"SPRF-SC";"DEL04-SC";"UOP04-DEL04-SC"
301124;2020-08-12;"quarta-feira";"19:45:00";"GO";452;184,7;"ITUMBIARA";"Defeito Mecânico no Veículo";"Incêndio";"Sem Vítimas";"Plena Noite";"Decrescente";"Céu Claro";"Simples";"Reta";"Não";2;0;0;0;1;2;0;3;-18,39653195;-49,32733898;"SPRF-GO";"DEL03-GO";"UOP02-DEL03-GO"
301134;2020-08-12;"quarta-feira";"22:10:00";"SC";470;40,2;"GASPAR";"Pista Escorregadia";"Colisão traseira";"Com Vítimas Feridas";"Plena Noite";"Decrescente";"Chuva";"Simples";"Reta";"Não";5;0;3;0;2;0;3;3;-26,889574;-48,99094;"SPRF-SC";"DEL04-SC";"UOP01-DEL04-SC"
301135;2020-08-12;"quarta-feira";"23:20:00";"MG";251;365;"PADRE CARVALHO";"Condutor Dormindo";"Tombamento";"Com Vítimas Feridas";"Plena Noite";"Crescente";"Céu Claro";"Simples";"Curva";"Não";2;0;1;0;0;1;1;2;-16,2666249;-42,64514704;"SPRF-MG";"DEL12-MG";"UOP01-DEL12-MG"
301142;2020-08-13;"quinta-feira";"00:50:00";"BA";116;756;"POCOES";"Condutor Dormindo";"Saída de leito carroçável";"Sem Vítimas";"Plena Noite";"Crescente";"Chuva";"Simples";"Reta";"Sim";2;0;0;0;1;1;0;2;-14,47044164;-40,33908151;"SPRF-BA";"DEL08-BA";"UOP02-DEL08-BA"
301143;2020-08-13;"quinta-feira";"01:30:00";"MG";381;689,2;"LAVRAS";"Defeito Mecânico no Veículo";"Incêndio";"Sem Vítimas";"Plena Noite";"Crescente";"Céu Claro";"Dupla";"Aclive";"Não";2;0;0;0;1;1;0;2;-21,195871;-45,119136;"SPRF-MG";"DEL04-MG";"UOP02-DEL04-MG"
301145;2020-08-13;"quinta-feira";"03:10:00";"ES";262;7;"CARIACICA";"Ingestão de Álcool";"Colisão lateral";"Sem Vítimas";"Plena Noite";"Decrescente";"Céu Claro";"Múltipla";"Reta";"Sim";2;0;0;0;1;1;0;2;-20,34342985;-40,40497899;"SPRF-ES";"DEL01-ES";"UOP01-DEL01-ES"
301146;2020-08-12;"quarta-feira";"22:30:00";"BA";116;625;"JAGUAQUARA";"Desobediência às normas de trânsito pelo condutor";"Colisão frontal";"Com Vítimas Fatais";"Plena Noite";"Crescente";"Garoa/Chuvisco";"Simples";"Reta";"Não";6;2;1;2;0;1;3;4;-13,42978642;-39,9950704;"SPRF-BA";"DEL03-BA";"UOP01-DEL03-BA"
301151;2020-08-13;"quinta-feira";"06:20:00";"MG";381;439;"SABARA";"Ultrapassagem Indevida";"Colisão frontal";"Com Vítimas Fatais";"Amanhecer";"Crescente";"Céu Claro";"Simples";"Reta";"Não";3;1;0;0;1;1;0;3;-19,80927691;-43,78706001;"SPRF-MG";"DEL01-MG";"UOP01-DEL01-MG"
301153;2020-08-12;"quarta-feira";"07:00:00";"BA";242;463,4;"IBITIARA";"Falta de Atenção à Condução";"Tombamento";"Com Vítimas Feridas";"Pleno dia";"Crescente";"Céu Claro";"Simples";"Declive;Curva";"Não";2;0;0;1;0;2;1;3;-12,44250846;-42,175534;"SPRF-BA";"DEL06-BA";"UOP01-DEL06-BA"
301154;2020-08-13;"quinta-feira";"06:40:00";"SC";101;207,4;"SAO JOSE";"Não guardar distância de segurança";"Colisão traseira";"Com Vítimas Feridas";"Pleno dia";"Decrescente";"Nublado";"Múltipla";"Declive";"Sim";4;0;1;0;2;4;1;7;-27,58564633;-48,61244202;"SPRF-SC";"DEL01-SC";"UOP01-DEL01-SC"
301167;2020-08-11;"terça-feira";"08:30:00";"BA";242;464;"IBITIARA";"Desobediência às normas de trânsito pelo condutor";"Colisão lateral";"Com Vítimas Feridas";"Pleno dia";"Crescente";"Céu Claro";"Simples";"Reta";"Não";3;0;1;0;1;4;1;6;-12,44768007;-42,1804436;"SPRF-BA";"DEL06-BA";"UOP01-DEL06-BA"
301183;2020-08-13;"quinta-feira";"09:30:00";"SC";101;219,8;"PALHOCA";"Falta de Atenção à Condução";"Colisão traseira";"Com Vítimas Fatais";"Pleno dia";"Decrescente";"Nublado";"Dupla";"Reta";"Sim";5;1;0;0;2;2;0;4;-27,69198941;-48,66368358;"SPRF-SC";"DEL01-SC";"UOP02-DEL01-SC"
301190;2020-07-04;"sábado";"16:15:00";"MG";365;853;"SANTA VITORIA";"Defeito Mecânico no Veículo";"Incêndio";"Sem Vítimas";"Pleno dia";"Crescente";"Céu Claro";"Simples";"Reta";"Não";2;0;0;0;1;1;0;2;-19,02330127;-50,34554493;"SPRF-MG";"DEL15-MG";"UOP03-DEL15-MG"
301191;2020-08-13;"quinta-feira";"09:45:00";"SC";470;26;"ILHOTA";"Falta de Atenção à Condução";"Atropelamento de Pedestre";"Com Vítimas Feridas";"Pleno dia";"Decrescente";"Nublado";"Dupla";"Reta";"Não";2;0;0;1;1;0;1;2;-26,887402;-48,875191;"SPRF-SC";"DEL04-SC";"UOP04-DEL04-SC"
301192;2020-08-13;"quinta-feira";"09:30:00";"SC";470;11;"NAVEGANTES";"Falta de Atenção à Condução";"Colisão transversal";"Com Vítimas Feridas";"Pleno dia";"Crescente";"Chuva";"Simples";"Reta";"Não";4;0;1;0;2;1;1;3;-26,834309;-48,747269;"SPRF-SC";"DEL04-SC";"UOP04-DEL04-SC"
301195;2020-08-03;"segunda-feira";"21:45:00";"MT";163;1063;"GUARANTA DO NORTE";"Falta de Atenção à Condução";"Colisão traseira";"Com Vítimas Fatais";"Plena Noite";"Decrescente";"Céu Claro";"Simples";"Reta";"Sim";4;1;0;1;1;2;1;4;-9,970761;-54,904786;"SPRF-MT";"DEL06-MT";"NPF/DEL06-MT"
301209;2020-08-13;"quinta-feira";"11:45:00";"SP";381;58;"MAIRIPORA";"Falta de Atenção à Condução";"Colisão traseira";"Com Vítimas Feridas";"Pleno dia";"Crescente";"Céu Claro";"Dupla";"Reta;Aclive";"Sim";3;0;1;0;1;1;1;2;-23,27438497;-46,58530615;"SPRF-SP";"DEL03-SP";"UOP01-DEL03-SP"
301210;2020-08-13;"quinta-feira";"12:22:00";"TO";153;333;"GUARAI";"Desobediência às normas de trânsito pelo condutor";"Colisão transversal";"Com Vítimas Feridas";"Pleno dia";"Decrescente";"Céu Claro";"Dupla";"Interseção de Vias";"Sim";3;0;1;0;1;2;1;4;-8,826486;-48,51216;"SPRF-TO";"DEL02-TO";"UOP02-DEL02-TO"
301211;2020-08-01;"sábado";"21:00:00";"PR";369;168,9;"ROLANDIA";"Falta de Atenção à Condução";"Colisão traseira";"Com Vítimas Feridas";"Plena Noite";"Decrescente";"Céu Claro";"Dupla";"Reta";"Sim";4;0;2;0;1;1;2;3;-23,3017392;-51,3312404;"SPRF-PR";"DEL07-PR";"UOP01-DEL07-PR"
301218;2020-08-13;"quinta-feira";"11:00:00";"SC";116;175;"SAO CRISTOVAO DO SUL";"Falta de Atenção à Condução";"Saída de leito carroçável";"Sem Vítimas";"Pleno dia";"Crescente";"Nublado";"Simples";"Reta";"Não";2;0;0;0;1;1;0;2;-27,23313103;-50,46402807;"SPRF-SC";"DEL05-SC";"UOP03-DEL05-SC"
301219;2020-08-13;"quinta-feira";"13:05:00";"SC";470;6;"NAVEGANTES";"Velocidade Incompatível";"Capotamento";"Com Vítimas Feridas";"Pleno dia";"Decrescente";"Céu Claro";"Dupla";"Reta";"Não";3;0;1;0;0;2;1;3;-26,852238;-48,709545;"SPRF-SC";"DEL04-SC";"UOP04-DEL04-SC"
301227;2020-08-13;"quinta-feira";"14:00:00";"MT";158;455,3;"RIBEIRAO CASCALHEIRA";"Falta de Atenção à Condução";"Tombamento";"Com Vítimas Feridas";"Pleno dia";"Decrescente";"Sol";"Simples";"Curva";"Não";2;0;1;0;0;1;1;2;-13,187567;-51,922371;"SPRF-MT";"DEL07-MT";"UOP02-DEL07-MT"
301231;2020-08-13;"quinta-feira";"15:00:00";"RS";470;24;"BARRACAO";"Condutor Dormindo";"Colisão com objeto estático";"Sem Vítimas";"Pleno dia";"Crescente";"Nublado";"Simples";"Reta";"Não";2;0;0;0;1;1;0;2;-27,7800796;-51,44243371;"SPRF-RS";"DEL08-RS";"UOP05-DEL08-RS"
301233;2020-08-13;"quinta-feira";"15:50:00";"SC";280;25;"ARAQUARI";"Falta de Atenção à Condução";"Colisão transversal";"Com Vítimas Feridas";"Pleno dia";"Decrescente";"Garoa/Chuvisco";"Simples";"Reta";"Não";2;0;1;0;1;0;1;2;-26,38352781;-48,72677516;"SPRF-SC";"DEL03-SC";"UOP03-DEL03-SC"
301239;2020-02-19;"quarta-feira";"19:00:00";"PI";316;259;"IPIRANGA DO PIAUI";"Falta de Atenção à Condução";"Colisão traseira";"Sem Vítimas";"Plena Noite";"Decrescente";"Nublado";"Simples";"Reta";"Sim";2;0;0;0;2;0;0;2;-6,81961598;-41,73781153;"SPRF-PI";"DEL04-PI";"UOP02-DEL04-PI"
301244;2020-08-13;"quinta-feira";"17:30:00";"PR";373;246;"GUAMIRANGA";"Falta de Atenção à Condução";"Colisão transversal";"Com Vítimas Feridas";"Plena Noite";"Decrescente";"Chuva";"Simples";"Reta";"Não";3;0;0;1;1;2;1;4;-25,18882075;-50,8135107;"SPRF-PR";"DEL03-PR";"UOP04-DEL03-PR"
301245;2020-08-13;"quinta-feira";"17:30:00";"MG";365;611;"UBERLANDIA";"Falta de Atenção à Condução";"Colisão lateral";"Com Vítimas Feridas";"Anoitecer";"Crescente";"Céu Claro";"Dupla";"Reta";"Sim";3;0;1;0;1;1;1;3;-18,92793854;-48,19198317;"SPRF-MG";"DEL15-MG";"UOP01-DEL15-MG"
301253;2020-08-13;"quinta-feira";"17:20:00";"SP";116;83,3;"ROSEIRA";"Defeito Mecânico no Veículo";"Queda de ocupante de veículo";"Com Vítimas Feridas";"Plena Noite";"Crescente";"Céu Claro";"Dupla";"Reta";"Não";4;0;2;0;1;1;2;3;-22,91346033;-45,32740983;"SPRF-SP";"DEL06-SP";"UOP01-DEL06-SP"
301261;2020-08-13;"quinta-feira";"16:30:00";"BA";110;135;"CICERO DANTAS";"Defeito na Via";"Saída de leito carroçável";"Com Vítimas Feridas";"Pleno dia";"Decrescente";"Nublado";"Simples";"Reta";"Não";2;0;1;0;0;2;1;3;-10,58317696;-38,37435277;"SPRF-BA";"DEL07-BA";"UOP02-DEL07-BA"
301264;2020-08-13;"quinta-feira";"19:35:00";"PR";376;187,5;"MARIALVA";"Desobediência às normas de trânsito pelo condutor";"Colisão transversal";"Com Vítimas Fatais";"Plena Noite";"Crescente";"Nublado";"Dupla";"Retorno Regulamentado";"Não";5;2;0;0;1;2;0;4;-23,46141044;-51,83659926;"SPRF-PR";"DEL09-PR";"UOP01-DEL09-PR"
301266;2020-08-13;"quinta-feira";"17:00:00";"AC";364;122;"RIO BRANCO";"Falta de Atenção à Condução";"Colisão transversal";"Com Vítimas Feridas";"Anoitecer";"Decrescente";"Céu Claro";"Dupla";"Retorno Regulamentado";"Sim";2;0;1;0;1;0;1;2;-10,01188291;-67,773345;"SPRF-AC";"DEL01-AC";"UOP01-DEL01-AC"
301272;2020-08-13;"quinta-feira";"20:00:00";"RS";392;134,4;"CANGUCU";"Falta de Atenção à Condução";"Colisão transversal";"Com Vítimas Feridas";"Plena Noite";"Crescente";"Nevoeiro/Neblina";"Simples";"Reta";"Não";6;0;3;0;2;1;3;3;-31,2988448;-52,77871963;"SPRF-RS";"DEL07-RS";"UOP01-DEL07-RS"
301273;2020-08-13;"quinta-feira";"17:40:00";"PR";277;0,6;"PARANAGUA";"Falta de Atenção à Condução";"Colisão com objeto estático";"Sem Vítimas";"Anoitecer";"Crescente";"Céu Claro";"Simples";"Curva";"Sim";2;0;0;0;1;1;0;2;-25,568198;-48,615292;"SPRF-PR";"DEL01-PR";"UOP05-DEL01-PR"
301274;2020-08-13;"quinta-feira";"19:40:00";"PI";316;14,7;"TERESINA";"Falta de Atenção à Condução";"Saída de leito carroçável";"Com Vítimas Feridas";"Plena Noite";"Crescente";"Céu Claro";"Simples";"Interseção de Vias";"Sim";2;0;2;0;0;0;2;1;-5,22329357;-42,75120378;"SPRF-PI";"DEL01-PI";"UOP02-DEL01-PI"
301278;2020-08-13;"quinta-feira";"13:20:00";"SC";116;114;"SANTA CECILIA";"Velocidade Incompatível";"Colisão traseira";"Com Vítimas Feridas";"Pleno dia";"Decrescente";"Chuva";"Simples";"Declive";"Não";5;0;1;1;2;2;2;5;-26,79459901;-50,34203704;"SPRF-SC";"DEL06-SC";"UOP02-DEL06-SC"
301279;2020-08-13;"quinta-feira";"18:30:00";"MT";163;1042;"MATUPA";"Não guardar distância de segurança";"Colisão traseira";"Com Vítimas Feridas";"Plena Noite";"Decrescente";"Céu Claro";"Simples";"Reta;Interseção de Vias";"Sim";2;0;0;1;0;1;1;2;-10,150033;-54,930591;"SPRF-MT";"DEL06-MT";"NPF/DEL06-MT"
301281;2020-08-13;"quinta-feira";"20:30:00";"SP";116;512,4;"CAJATI";"Falta de Atenção do Pedestre";"Atropelamento de Pedestre";"Com Vítimas Fatais";"Plena Noite";"Crescente";"Céu Claro";"Simples";"Reta";"Não";4;1;0;0;2;4;0;6;-24,84304306;-48,22027915;"SPRF-SP";"DEL05-SP";"UOP02-DEL05-SP"