"id";"data_inversa";"dia_semana";"horario";"uf";"br";"km";"municipio";"causa_acidente";"tipo_acidente";"classificacao_acidente";"fase_dia";"sentido_via";"condicao_metereologica";"tipo_pista";"tracado_via";"uso_solo";"pessoas";"mortos";"feridos_leves";"feridos_graves";"ilesos";"ignorados";"feridos";"veiculos";"latitude";"longitude";"regional";"delegacia";"uop"
301288;2020-08-13;"quinta-feira";"20:00:00";"RJ";101;248;"SILVA JARDIM";"Falta de Atenção à Condução";"Colisão traseira";"Com Vítimas Fatais";"Plena Noite";"Decrescente";"Céu Claro";"Dupla";"Reta";"Não";2;1;0;0;0;1;0;2;-22,66192431;-42,50261769;"SPRF-RJ";"DEL02-RJ";"UOP03-DEL02-RJ"
301293;2020-08-13;"quinta-feira";"14:45:00";"PE";116;38,4;"SALGUEIRO";"Falta de Atenção à Condução";"Colisão transversal";"Com Vítimas Feridas";"Pleno dia";"Decrescente";"Céu Claro";"Simples";"Reta";"Não";4;0;2;0;1;1;2;3;-8,171147;-39,104897;"SPRF-PE";"DEL05-PE";"UOP01-DEL05-PE"
301302;2020-08-13;"quinta-feira";"15:20:00";"PR";153;139,1;"VENTANIA";"Velocidade Incompatível";"Tombamento";"Com Vítimas Feridas";"Pleno dia";"Decrescente";"Céu Claro";"Simples";"Curva";"Não";4;0;3;0;0;2;3;3;-24,07168926;-50,25237719;"SPRF-PR";"DEL07-PR";"UOP04-DEL07-PR"
301308;2020-08-13;"quinta-feira";"23:10:00";"BA";407;7,6;"JUAZEIRO";"Desobediência às normas de trânsito pelo condutor";"Colisão transversal";"Com Vítimas Fatais";"Plena Noite";"Crescente";"Nublado";"Simples";"Reta";"Sim";2;1;0;0;1;0;0;2;-9,46791893;-40,48085868;"SPRF-PE";"DEL06-PE";"UOP01-DEL06-PE"
301309;2020-08-13;"quinta-feira";"19:15:00";"MT";364;7;"ALTO ARAGUAIA";"Falta de Atenção do Pedestre";"Atropelamento de Pedestre";"Com Vítimas Fatais";"Plena Noite";"Crescente";"Céu Claro";"Simples";"Reta";"Não";2;1;0;0;1;0;0;2;-17,27901945;-53,26017712;"SPRF-MT";"DEL02-MT";"UOP02-DEL02-MT"
301310;2020-08-13;"quinta-feira";"22:15:00";"RS";290;375,7;"VILA NOVA DO SUL";"Não guardar distância de segurança";"Engavetamento";"Com Vítimas Feridas";"Plena Noite";"Decrescente";"Garoa/Chuvisco";"Simples";"Reta";"Não";6;0;2;0;3;3;2;6;-30,348391;-53,922648;"SPRF-RS";"DEL09-RS";"UOP02-DEL09-RS"
301312;2020-08-13;"quinta-feira";"23:20:00";"MG";381;654,7;"SANTO ANTONIO DO AMPARO";"Falta de Atenção à Condução";"Colisão traseira";"Com Vítimas Feridas";"Plena Noite";"Crescente";"Céu Claro";"Dupla";"Aclive;Reta";"Não";2;0;1;0;1;0;1;2;-20,99437964;-44,96041633;"SPRF-MG";"DEL04-MG";"UOP02-DEL04-MG"
301317;2020-08-14;"sexta-feira";"00:00:00";"MT";70;287;"PRIMAVERA DO LESTE";"Falta de Atenção à Condução";"Colisão frontal";"Com Vítimas Feridas";"Plena Noite";"Crescente";"Céu Claro";"Simples";"Reta";"Não";4;0;1;1;1;2;2;5;-15,57610121;-54,35866899;"SPRF-MT";"DEL05-MT";"UOP01-DEL05-MT"
301324;2020-08-14;"sexta-feira";"03:30:00";"TO";153;689,3;"CARIRI DO TOCANTINS";"Desobediência às normas de trânsito pelo condutor";"Colisão frontal";"Com Vítimas Feridas";"Plena Noite";"Crescente";"Céu Claro";"Simples";"Reta";"Não";3;0;0;1;1;1;1;3;-11,86294093;-49,15274014;"SPRF-TO";"DEL01-TO";"UOP02-DEL01-TO"
301326;2020-08-14;"sexta-feira";"03:00:00";"SC";101;424,2;"ARARANGUA";"Falta de Atenção à Condução";"Tombamento";"Com Vítimas Feridas";"Plena Noite";"Decrescente";"Nevoeiro/Neblina";"Dupla";"Reta";"Não";2;0;1;0;0;2;1;3;-29,01601155;-49,58269226;"SPRF-SC";"DEL02-SC";"UOP02-DEL02-SC"
301330;2020-02-06;"quinta-feira";"17:30:00";"PI";343;344,2;"TERESINA";"Defeito Mecânico no Veículo";"Engavetamento";"Sem Vítimas";"Pleno dia";"Crescente";"Céu Claro";"Simples";"Reta";"Sim";4;0;0;0;4;0;0;4;-5,094729;-42,762775;"SPRF-PI";"DEL01-PI";"UOP01-DEL01-PI"
301342;2020-08-11;"terça-feira";"17:00:00";"CE";116;82,8;"CASCAVEL";"Carga excessiva e/ou mal acondicionada";"Derramamento de carga";"Sem Vítimas";"Pleno dia";"Decrescente";"Céu Claro";"Simples";"Reta";"Não";1;0;0;0;1;0;0;1;-4,40928825;-38,41496929;"SPRF-CE";"DEL03-CE";"UOP02-DEL03-CE"
301343;2020-08-14;"sexta-feira";"06:00:00";"MG";365;625,1;"UBERLANDIA";"Velocidade Incompatível";"Tombamento";"Com Vítimas Feridas";"Amanhecer";"Decrescente";"Céu Claro";"Dupla";"Curva";"Sim";6;0;2;0;3;2;2;7;-18,91075244;-48,30350518;"SPRF-MG";"DEL15-MG";"UOP01-DEL15-MG"
301344;2020-08-14;"sexta-feira";"07:10:00";"PR";376;650,8;"TIJUCAS DO SUL";"Velocidade Incompatível";"Tombamento";"Com Vítimas Feridas";"Pleno dia";"Crescente";"Nublado";"Dupla";"Curva";"Não";3;0;1;1;0;1;2;2;-25,84510295;-49,07301486;"SPRF-PR";"DEL01-PR";"UOP04-DEL01-PR"
301347;2020-08-14;"sexta-feira";"06:30:00";"RJ";40;109;"DUQUE DE CAXIAS";"Falta de Atenção à Condução";"Tombamento";"Sem Vítimas";"Amanhecer";"Crescente";"Céu Claro";"Múltipla";"Declive;Curva";"Sim";1;0;0;0;1;0;0;1;-22,67374628;-43,28638368;"SPRF-RJ";"DEL01-RJ";"UOP01-DEL01-RJ"
301349;2020-08-14;"sexta-feira";"07:30:00";"PI";316;300;"PICOS";"Falta de Atenção à Condução";"Colisão traseira";"Com Vítimas Feridas";"Pleno dia";"Crescente";"Céu Claro";"Simples";"Reta";"Não";2;0;1;0;1;0;1;2;-7,04184237;-41,54636128;"SPRF-PI";"DEL04-PI";"UOP01-DEL04-PI"
301351;2020-07-21;"terça-feira";"23:20:00";"SC";101;413,2;"ARARANGUA";"Falta de Atenção à Condução";"Colisão traseira";"Com Vítimas Fatais";"Plena Noite";"Decrescente";"Céu Claro";"Múltipla";"Curva";"Sim";6;3;1;0;1;3;1;6;-28,95227818;-49,53083038;"SPRF-SC";"DEL02-SC";"UOP02-DEL02-SC"
301362;2020-08-14;"sexta-feira";"03:00:00";"SC";101;208,4;"SAO JOSE";"Falta de Atenção à Condução";"Danos eventuais";"Sem Vítimas";"Plena Noite";"Decrescente";"Ignorado";"Múltipla";"Interseção de Vias";"Sim";2;0;0;0;1;1;0;2;-27,60327979;-48,63201818;"SPRF-SC";"DEL01-SC";"UOP01-DEL01-SC"
301363;2020-08-14;"sexta-feira";"06:30:00";"PA";230;143;"MARABA";"Falta de Atenção à Condução";"Colisão lateral";"Com Vítimas Fatais";"Pleno dia";"Crescente";"Céu Claro";"Simples";"Curva";"Não";6;2;0;0;4;0;0;3;-5,30597415;-49,26055106;"SPRF-PA";"DEL03-PA";"UOP01-DEL03-PA"
301381;2020-08-14;"sexta-feira";"07:30:00";"RR";174;499;"BOA VISTA";"Não guardar distância de segurança";"Colisão traseira";"Com Vítimas Feridas";"Pleno dia";"Crescente";"Nublado";"Dupla";"Aclive";"Sim";4;0;1;0;2;1;1;3;2,772157;-60,714409;"SPRF-RR";"DEL01-RR";"UOP01-DEL01-RR"
301387;2020-07-31;"sexta-feira";"19:00:00";"PR";376;289,3;"MAUA DA SERRA";"Ingestão de Álcool";"Colisão transversal";"Com Vítimas Fatais";"Plena Noite";"Crescente";"Céu Claro";"Dupla";"Reta";"Sim";4;1;0;1;1;2;1;4;-23,9054437;-51,20205298;"SPRF-PR";"DEL07-PR";"UOP03-DEL07-PR"
301390;2020-08-14;"sexta-feira";"10:45:00";"RJ";393;274;"BARRA DO PIRAI";"Velocidade Incompatível";"Derramamento de carga";"Sem Vítimas";"Pleno dia";"Crescente";"Céu Claro";"Simples";"Aclive;Curva";"Não";3;0;0;0;2;2;0;4;-22,48328327;-43,96042792;"SPRF-RJ";"DEL05-RJ";"UOP04-DEL05-RJ"
301392;2020-08-07;"sexta-feira";"16:30:00";"MG";381;484;"BETIM";"Velocidade Incompatível";"Colisão traseira";"Sem Vítimas";"Pleno dia";"Decrescente";"Céu Claro";"Dupla";"Declive;Curva";"Sim";3;0;0;0;3;0;0;3;-19,95531717;-44,11722196;"SPRF-MG";"DEL01-MG";"UOP03-DEL01-MG"
301394;2020-08-14;"sexta-feira";"06:00:00";"MG";116;132,2;"ITAOBIM";"Mal Súbito";"Colisão com objeto estático";"Com Vítimas Fatais";"Amanhecer";"Decrescente";"Nublado";"Simples";"Curva;Aclive";"Não";2;1;0;0;0;2;0;3;-16,710045;-41,496893;"SPRF-MG";"DEL11-MG";"UOP02-DEL11-MG"
301399;2020-08-14;"sexta-feira";"12:45:00";"SC";101;120;"ITAJAI";"Falta de Atenção à Condução";"Colisão lateral";"Com Vítimas Feridas";"Pleno dia";"Decrescente";"Nublado";"Dupla";"Reta";"Sim";2;0;1;0;1;0;1;2;-26,912758;-48,711998;"SPRF-SC";"DEL04-SC";"UOP04-DEL04-SC"
301404;2020-08-14;"sexta-feira";"12:45:00";"MG";381;340,5;"BELA VISTA DE MINAS";"Velocidade Incompatível";"Colisão traseira";"Com Vítimas Feridas";"Pleno dia";"Crescente";"Céu Claro";"Simples";"Reta;Declive";"Não";3;0;1;0;1;1;1;3;-19,84087497;-43,09635354;"SPRF-MG";"DEL03-MG";"UOP01-DEL03-MG"
301407;2020-08-14;"sexta-feira";"11:30:00";"SP";116;544;"BARRA DO TURVO";"Falta de Atenção à Condução";"Tombamento";"Com Vítimas Feridas";"Pleno dia";"Crescente";"Céu Claro";"Dupla";"Reta";"Não";2;0;1;0;0;1;1;2;-24,95781406;-48,42123049;"SPRF-SP";"DEL05-SP";"UOP02-DEL05-SP"
301409;2020-08-14;"sexta-feira";"08:40:00";"PR";277;132;"BALSA NOVA";"Falta de Atenção à Condução";"Derramamento de carga";"Sem Vítimas";"Pleno dia";"Crescente";"Céu Claro";"Múltipla";"Reta";"Não";2;0;0;0;1;1;0;2;-25,464105;-49,65114;"SPRF-PR";"DEL01-PR";"UOP03-DEL03-PR"
301415;2020-08-14;"sexta-feira";"14:20:00";"RS";386;31,9;"FREDERICO WESTPHALEN";"Falta de Atenção à Condução";"Colisão traseira";"Com Vítimas Feridas";"Pleno dia";"Crescente";"Chuva";"Simples";"Reta";"Não";3;0;1;0;2;0;1;2;-27,334265;-53,381775;"SPRF-RS";"DEL08-RS";"UOP02-DEL08-RS"
301416;2020-08-14;"sexta-feira";"13:45:00";"MS";267;150;"NOVA ANDRADINA";"Avarias e/ou desgaste excessivo no pneu";"Incêndio";"Sem Vítimas";"Pleno dia";"Crescente";"Céu Claro";"Simples";"Declive";"Não";2;0;0;0;1;1;0;2;-21,6450947;-53,47218296;"SPRF-MS";"DEL02-MS";"UOP03-DEL02-MS"
301424;2020-08-14;"sexta-feira";"15:30:00";"RJ";116;132;"MAGE";"Falta de Atenção à Condução";"Engavetamento";"Com Vítimas Feridas";"Pleno dia";"Decrescente";"Céu Claro";"Dupla";"Viaduto";"Não";5;0;2;0;3;0;2;4;-22,65703272;-43,13458092;"SPRF-RJ";"DEL04-RJ";"UOP02-DEL04-RJ"
301426;2020-08-14;"sexta-feira";"11:50:00";"RS";472;549;"URUGUAIANA";"Falta de Atenção à Condução";"Colisão lateral";"Com Vítimas Feridas";"Pleno dia";"Crescente";"Nublado";"Simples";"Reta";"Não";5;0;1;0;3;2;1;5;-29,57339096;-56,85508212;"SPRF-RS";"DEL13-RS";"UOP01-DEL13-RS"
301431;2020-08-14;"sexta-feira";"16:10:00";"PR";369;201;"APUCARANA";"Defeito Mecânico no Veículo";"Colisão traseira";"Com Vítimas Feridas";"Pleno dia";"Crescente";"Céu Claro";"Simples";"Declive";"Sim";9;0;1;0;7;1;1;9;-23,5412637;-51,45647943;"SPRF-PR";"DEL07-PR";"UOP03-DEL07-PR"
301435;2020-08-14;"sexta-feira";"16:40:00";"PE";101;188,6;"PALMARES";"Falta de Atenção à Condução";"Colisão lateral";"Com Vítimas Feridas";"Pleno dia";"Crescente";"Céu Claro";"Dupla";"Reta";"Sim";3;0;2;0;1;0;2;2;-8,6909807;-35,5954771;"SPRF-PE";"DEL01-PE";"UOP03-DEL01-PE"
301436;2020-08-14;"sexta-feira";"16:45:00";"TO";153;691,2;"CARIRI DO TOCANTINS";"Falta de Atenção à Condução";"Colisão transversal";"Com Vítimas Feridas";"Pleno dia";"Decrescente";"Céu Claro";"Simples";"Reta";"Não";3;0;0;1;1;2;1;4;-11,88074797;-49,16115761;"SPRF-TO";"DEL01-TO";"UOP02-DEL01-TO"
301437;2020-08-14;"sexta-feira";"16:30:00";"MG";381;437;"SABARA";"Não guardar distância de segurança";"Colisão lateral";"Com Vítimas Feridas";"Pleno dia";"Decrescente";"Céu Claro";"Simples";"Curva";"Sim";7;0;4;1;1;1;5;5;-19,80933086;-43,76826997;"SPRF-MG";"DEL01-MG";"UOP01-DEL01-MG"
301441;2020-08-14;"sexta-feira";"11:40:00";"MG";153;69,8;"MONTE ALEGRE DE MINAS";"Falta de Atenção à Condução";"Saída de leito carroçável";"Com Vítimas Feridas";"Pleno dia";"Decrescente";"Céu Claro";"Múltipla";"Reta";"Não";2;0;1;0;0;1;1;2;-18,96953005;-49,02510825;"SPRF-MG";"DEL15-MG";"UOP03-DEL15-MG"
301453;2020-08-14;"sexta-feira";"16:40:00";"MT";70;520;"VARZEA GRANDE";"Desobediência às normas de trânsito pelo condutor";"Colisão lateral";"Com Vítimas Feridas";"Anoitecer";"Decrescente";"Céu Claro";"Simples";"Reta";"Sim";2;0;1;0;1;0;1;2;-15,683499;-56,172664;"SPRF-MT";"DEL01-MT";"UOP02-DEL01-MT"
301458;2020-08-14;"sexta-feira";"13:53:00";"PR";277;182,4;"PALMEIRA";"Velocidade Incompatível";"Tombamento";"Com Vítimas Feridas";"Pleno dia";"Decrescente";"Céu Claro";"Simples";"Curva";"Não";4;0;0;1;1;2;1;3;-25,43072602;-50,03889898;"SPRF-PR";"DEL03-PR";"UOP03-DEL03-PR"
301462;2020-08-14;"sexta-feira";"15:50:00";"MT";163;69;"RONDONOPOLIS";"Defeito Mecânico no Veículo";"Incêndio";"Sem Vítimas";"Pleno dia";"Crescente";"Sol";"Dupla";"Reta";"Não";2;0;0;0;1;1;0;2;-16,91080199;-54,72479904;"SPRF-MT";"DEL02-MT";"UOP01-DEL02-MT"
301473;2020-08-14;"sexta-feira";"17:15:00";"GO";364;245,6;"JATAI";"Carga excessiva e/ou mal acondicionada";"Incêndio";"Sem Vítimas";"Anoitecer";"Decrescente";"Céu Claro";"Simples";"Reta";"Não";2;0;0;0;1;1;0;2;-17,756056;-52,12019;"SPRF-GO";"DEL05-GO";"UOP01-DEL05-GO"
301475;2020-08-14;"sexta-feira";"15:15:00";"SC";282;528;"CORDILHEIRA ALTA";"Pista Escorregadia";"Engavetamento";"Sem Vítimas";"Pleno dia";"Decrescente";"Chuva";"Simples";"Curva";"Não";8;0;0;0;7;2;0;9;-26,978798;-52,588566;"SPRF-SC";"DEL07-SC";"UOP01-DEL07-SC"
301479;2020-08-14;"sexta-feira";"19:20:00";"ES";101;332;"GUARAPARI";"Falta de Atenção à Condução";"Tombamento";"Com Vítimas Feridas";"Plena Noite";"Crescente";"Céu Claro";"Simples";"Curva";"Não";1;0;1;0;0;0;1;1;-20,60724162;-40,50889326;"SPRF-ES";"DEL03-ES";"UOP01-DEL03-ES"
301483;2020-08-14;"sexta-feira";"19:15:00";"SC";282;602,1;"CUNHA PORA";"Ultrapassagem Indevida";"Colisão transversal";"Com Vítimas Feridas";"Plena Noite";"Decrescente";"Céu Claro";"Simples";"Reta";"Não";2;0;0;1;1;0;1;2;-26,806049;-53,178757;"SPRF-SC";"DEL07-SC";"UOP02-DEL07-SC"
301486;2020-08-12;"quarta-feira";"11:45:00";"SC";101;276,3;"IMBITUBA";"Falta de Atenção à Condução";"Colisão transversal";"Com Vítimas Feridas";"Pleno dia";"Crescente";"Garoa/Chuvisco";"Simples";"Reta";"Sim";3;0;0;1;1;1;1;3;-28,16137035;-48,69382208;"SPRF-SC";"DEL02-SC";"UOP03-DEL02-SC"
301488;2020-08-13;"quinta-feira";"20:30:00";"BA";242;265;"RUY BARBOSA";"Defeito na Via";"Tombamento";"Com Vítimas Feridas";"Plena Noite";"Decrescente";"Garoa/Chuvisco";"Simples";"Reta";"Não";2;0;1;0;0;1;1;2;-12,45769404;-40,58652901;"SPRF-BA";"DEL06-BA";"UOP02-DEL06-BA"
301490;2020-08-14;"sexta-feira";"19:25:00";"MS";158;176;"APARECIDA DO TABOADO";"Defeito Mecânico no Veículo";"Tombamento";"Com Vítimas Fatais";"Plena Noite";"Crescente";"Céu Claro";"Simples";"Curva;Declive";"Não";4;1;0;1;0;3;1;4;-20,23369068;-51,32754564;"SPRF-MS";"DEL08-MS";"UOP01-DEL08-MS"
301493;2020-08-14;"sexta-feira";"20:28:00";"RJ";116;193;"QUEIMADOS";"Defeito Mecânico no Veículo";"Incêndio";"Sem Vítimas";"Plena Noite";"Decrescente";"Céu Claro";"Múltipla";"Reta";"Não";2;0;0;0;2;0;0;1;-22,73960178;-43,52859094;"SPRF-RJ";"DEL01-RJ";"UOP02-DEL01-RJ"
301496;2020-08-14;"sexta-feira";"19:45:00";"PR";369;454,8;"UBIRATA";"Desobediência às normas de trânsito pelo condutor";"Colisão transversal";"Com Vítimas Feridas";"Plena Noite";"Crescente";"Céu Claro";"Simples";"Curva";"Não";2;0;0;1;1;0;1;2;-24,54723605;-53,04225195;"SPRF-PR";"DEL09-PR";"UOP03-DEL09-PR"
301497;2020-08-14;"sexta-feira";"19:20:00";"MG";381;322;"NOVA ERA";"Sinalização da via insuficiente ou inadequada";"Colisão traseira";"Sem Vítimas";"Plena Noite";"Crescente";"Nublado";"Simples";"Curva";"Não";6;0;0;0;5;1;0;3;-19,73629395;-43,01849326;"SPRF-MG";"DEL03-MG";"UOP02-DEL03-MG"
301498;2020-08-14;"sexta-feira";"14:50:00";"SC";153;19,8;"AGUA DOCE";"Agressão Externa";"Derramamento de carga";"Sem Vítimas";"Pleno dia";"Decrescente";"Chuva";"Simples";"Reta";"Não";2;0;0;0;1;1;0;2;-26,716625;-51,616577;"SPRF-SC";"DEL07-SC";"UOP05-DEL07-SC"
301500;2020-08-14;"sexta-feira";"20:30:00";"MG";251;333;"FRUTA DE LEITE";"Velocidade Incompatível";"Tombamento";"Com Vítimas Feridas";"Plena Noite";"Decrescente";"Céu Claro";"Simples";"Curva";"Não";5;0;1;1;2;1;2;3;-16,25584596;-42,43923797;"SPRF-MG";"DEL12-MG";"UOP01-DEL12-MG"
301504;2020-08-14;"sexta-feira";"21:00:00";"MG";267;241,3;"SERITINGA";"Velocidade Incompatível";"Tombamento";"Com Vítimas Fatais";"Plena Noite";"Decrescente";"Céu Claro";"Simples";"Curva";"Não";2;1;0;0;0;1;0;2;-21,919675;-44,413049;"SPRF-MG";"DEL17-MG";"UOP01-DEL17-MG"
301505;2020-08-14;"sexta-feira";"20:50:00";"MS";267;131,8;"NOVA ANDRADINA";"Condutor Dormindo";"Colisão frontal";"Com Vítimas Fatais";"Plena Noite";"Crescente";"Nublado";"Simples";"Reta";"Não";3;1;0;1;0;2;1;4;-21,72863205;-53,31207303;"SPRF-MS";"DEL02-MS";"UOP03-DEL02-MS"
301506;2020-08-14;"sexta-feira";"21:15:00";"GO";20;128,6;"FLORES DE GOIAS";"Falta de Atenção à Condução";"Colisão frontal";"Com Vítimas Feridas";"Plena Noite";"Decrescente";"Céu Claro";"Simples";"Reta";"Não";7;0;1;5;0;2;6;4;-14,847665;-46,751346;"SPRF-DF";"DEL02-DF";"UOP03-DEL02-DF"
301507;2020-08-14;"sexta-feira";"19:40:00";"MG";153;190,4;"FRUTAL";"Defeito Mecânico no Veículo";"Atropelamento de Pedestre";"Com Vítimas Feridas";"Plena Noite";"Crescente";"Céu Claro";"Simples";"Aclive;Reta";"Não";3;0;2;0;0;1;2;2;-19,94033745;-48,95790887;"SPRF-MG";"DEL13-MG";"UOP02-DEL13-MG"
301519;2020-08-14;"sexta-feira";"15:40:00";"MG";116;222,7;"CATUJI";"Velocidade Incompatível";"Capotamento";"Com Vítimas Feridas";"Pleno dia";"Decrescente";"Céu Claro";"Simples";"Curva";"Não";3;0;1;1;0;1;2;2;-17,43144398;-41,51474509;"SPRF-MG";"DEL11-MG";"UOP01-DEL11-MG"
301523;2020-08-14;"sexta-feira";"19:40:00";"BA";242;472;"IBITIARA";"Defeito Mecânico no Veículo";"Colisão frontal";"Sem Vítimas";"Plena Noite";"Decrescente";"Céu Claro";"Simples";"Reta";"Não";2;0;0;0;2;0;0;2;-12,46284633;-42,24683193;"SPRF-BA";"DEL06-BA";"UOP01-DEL06-BA"
301525;2020-08-14;"sexta-feira";"23:00:00";"GO";364;88;"CACHOEIRA ALTA";"Ingestão de Álcool";"Colisão transversal";"Sem Vítimas";"Plena Noite";"Crescente";"Céu Claro";"Simples";"Interseção de Vias";"Não";3;0;0;0;2;2;0;4;-18,50392245;-51,06958335;"SPRF-GO";"DEL05-GO";"UOP02-DEL05-GO"
301527;2020-08-14;"sexta-feira";"23:40:00";"MG";40;458,9;"SETE LAGOAS";"Carga excessiva e/ou mal acondicionada";"Tombamento";"Sem Vítimas";"Plena Noite";"Crescente";"Céu Claro";"Dupla";"Aclive;Reta";"Não";1;0;0;0;1;0;0;1;-19,386402;-44,336036;"SPRF-MG";"DEL02-MG";"UOP01-DEL02-MG"
301529;2020-08-14;"sexta-feira";"22:00:00";"RS";386;339,4;"LAJEADO";"Pista Escorregadia";"Colisão lateral";"Com Vítimas Fatais";"Plena Noite";"Decrescente";"Chuva";"Simples";"Reta";"Não";5;2;0;0;2;1;0;4;-29,410208;-52,029076;"SPRF-RS";"DEL04-RS";"UOP01-DEL04-RS"
301530;2020-08-15;"sábado";"00:00:00";"MG";40;531;"BELO HORIZONTE";"Desobediência às normas de trânsito pelo condutor";"Colisão lateral";"Com Vítimas Feridas";"Plena Noite";"Crescente";"Céu Claro";"Dupla";"Retorno Regulamentado";"Sim";3;0;1;0;2;0;1;2;-19,91962483;-44,02522683;"SPRF-MG";"DEL01-MG";"UOP02-DEL01-MG"
301532;2020-08-15;"sábado";"00:25:00";"SP";153;58;"SAO JOSE DO RIO PRETO";"Ingestão de Álcool";"Colisão transversal";"Com Vítimas Feridas";"Plena Noite";"Decrescente";"Céu Claro";"Dupla";"Interseção de Vias;Em Obras;Retorno Regulamentado";"Sim";4;0;1;0;2;1;1;3;-20,77838195;-49,35300538;"SPRF-SP";"DEL09-SP";"UOP01-DEL09-SP"
301536;2020-08-14;"sexta-feira";"23:20:00";"RS";285;283,2;"PASSO FUNDO";"Ultrapassagem Indevida";"Colisão lateral";"Com Vítimas Feridas";"Plena Noite";"Decrescente";"Chuva";"Simples";"Reta";"Não";2;0;1;0;1;0;1;2;-28,246932;-52,287199;"SPRF-RS";"DEL08-RS";"UOP03-DEL08-RS"
301538;2020-08-14;"sexta-feira";"08:00:00";"SC";101;273;"IMBITUBA";"Falta de Atenção à Condução";"Colisão lateral";"Com Vítimas Feridas";"Pleno dia";"Crescente";"Nublado";"Dupla";"Curva";"Sim";3;0;1;0;2;0;1;2;-28,12382408;-48,69625015;"SPRF-SC";"DEL02-SC";"UOP03-DEL02-SC"
301540;2020-08-15;"sábado";"02:30:00";"RJ";101;68;"CAMPOS DOS GOYTACAZES";"Desobediência às normas de trânsito pelo condutor";"Colisão frontal";"Com Vítimas Fatais";"Plena Noite";"Decrescente";"Céu Claro";"Simples";"Reta";"Sim";3;1;0;0;2;0;0;3;-21,77186768;-41,35705017;"SPRF-RJ";"DEL08-RJ";"UOP02-DEL08-RJ"
301545;2020-08-15;"sábado";"03:05:00";"PB";101;95;"CONDE";"Defeito Mecânico no Veículo";"Incêndio";"Sem Vítimas";"Plena Noite";"Crescente";"Nublado";"Múltipla";"Aclive";"Não";2;0;0;0;1;2;0;3;-7,22379403;-34,91488195;"SPRF-PB";"DEL01-PB";"UOP02-DEL01-PB"
301547;2020-08-15;"sábado";"03:20:00";"PR";277;40;"MORRETES";"Condutor Dormindo";"Colisão traseira";"Com Vítimas Feridas";"Plena Noite";"Decrescente";"Garoa/Chuvisco";"Dupla";"Reta";"Não";3;0;1;0;1;2;1;4;-25,57368831;-48,82659689;"SPRF-PR";"DEL01-PR";"UOP05-DEL01-PR"
301552;2020-08-02;"domingo";"20:40:00";"MS";163;225,5;"CAARAPO";"Ingestão de Álcool";"Colisão traseira";"Sem Vítimas";"Plena Noite";"Crescente";"Céu Claro";"Dupla";"Reta";"Sim";3;0;0;0;2;2;0;4;-22,49572332;-54,86497521;"SPRF-MS";"DEL04-MS";"UOP02-DEL04-MS"
301553;2020-08-15;"sábado";"05:25:00";"BA";242;3;"BARREIRAS";"Falta de Atenção à Condução";"Colisão transversal";"Com Vítimas Feridas";"Amanhecer";"Crescente";"Céu Claro";"Simples";"Reta";"Sim";2;0;0;1;1;0;1;2;-12,11418709;-44,95502472;"SPRF-BA";"DEL10-BA";"UOP01-DEL10-BA"
301555;2020-08-14;"sexta-feira";"23:15:00";"RO";364;31;"VILHENA";"Defeito Mecânico no Veículo";"Incêndio";"Sem Vítimas";"Plena Noite";"Crescente";"Céu Claro";"Simples";"Reta";"Não";2;0;0;0;1;1;0;2;-12,69590502;-60,27795003;"SPRF-RO";"DEL04-RO";"UOP01-DEL04-RO"
301557;2020-08-15;"sábado";"05:30:00";"MG";381;525,5;"BRUMADINHO";"Defeito Mecânico no Veículo";"Capotamento";"Com Vítimas Feridas";"Amanhecer";"Crescente";"Céu Claro";"Dupla";"Curva";"Não";1;0;1;0;0;0;1;1;-20,16710798;-44,33422398;"SPRF-MG";"DEL04-MG";"UOP03-DEL04-MG"
301567;2020-08-15;"sábado";"06:00:00";"MT";163;614,7;"NOVA MUTUM";"Falta de Atenção à Condução";"Colisão lateral";"Com Vítimas Feridas";"Pleno dia";"Crescente";"Céu Claro";"Simples";"Reta";"Não";3;0;0;1;1;1;1;3;-13,78646858;-56,06336061;"SPRF-MT";"DEL01-MT";"UOP01-DEL01-MT"
301573;2020-08-15;"sábado";"07:30:00";"PR";376;676;"GUARATUBA";"Pista Escorregadia";"Saída de leito carroçável";"Com Vítimas Feridas";"Pleno dia";"Crescente";"Chuva";"Dupla";"Reta";"Não";2;0;1;0;0;1;1;2;-25,9253011;-48,91465313;"SPRF-PR";"DEL01-PR";"UOP04-DEL01-PR"
301576;2020-08-15;"sábado";"08:15:00";"MG";365;61,5;"JEQUITAI";"Desobediência às normas de trânsito pelo condutor";"Saída de leito carroçável";"Com Vítimas Feridas";"Pleno dia";"Crescente";"Sol";"Simples";"Curva";"Não";4;0;1;0;2;1;1;3;-17,0184081;-44,29681554;"SPRF-MG";"DEL12-MG";"UOP01-DEL12-MG"
301578;2020-08-15;"sábado";"04:30:00";"MG";251;450;"GRAO MOGOL";"Velocidade Incompatível";"Tombamento";"Com Vítimas Feridas";"Plena Noite";"Decrescente";"Céu Claro";"Simples";"Curva";"Não";1;0;1;0;0;0;1;1;-16,41910292;-43,29880499;"SPRF-MG";"DEL12-MG";"UOP01-DEL12-MG"
301580;2020-08-15;"sábado";"07:00:00";"PE";101;51;"ABREU E LIMA";"Falta de Atenção à Condução";"Colisão transversal";"Com Vítimas Feridas";"Pleno dia";"Crescente";"Céu Claro";"Múltipla";"Reta";"Sim";3;0;0;1;1;1;1;3;-7,9169968;-34,89689272;"SPRF-PE";"DEL01-PE";"UOP02-DEL01-PE"