"id";"data_inversa";"dia_semana";"horario";"uf";"br";"km";"municipio";"causa_acidente";"tipo_acidente";"classificacao_acidente";"fase_dia";"sentido_via";"condicao_metereologica";"tipo_pista";"tracado_via";"uso_solo";"pessoas";"mortos";"feridos_leves";"feridos_graves";"ilesos";"ignorados";"feridos";"veiculos";"latitude";"longitude";"regional";"delegacia";"uop"
301581;2020-08-15;"sábado";"07:45:00";"PR";116;23;"CAMPINA GRANDE DO SUL";"Pista Escorregadia";"Saída de leito carroçável";"Sem Vítimas";"Pleno dia";"Crescente";"Chuva";"Dupla";"Reta";"Não";2;0;0;0;1;1;0;2;-25,1104764;-48,75592011;"SPRF-PR";"DEL01-PR";"UOP02-DEL01-PR"
301583;2020-08-15;"sábado";"04:30:00";"BA";135;31;"FORMOSA DO RIO PRETO";"Condutor Dormindo";"Colisão lateral";"Com Vítimas Feridas";"Pleno dia";"Decrescente";"Céu Claro";"Simples";"Aclive";"Não";4;0;1;0;3;0;1;3;-11,075411;-45,161539;"SPRF-BA";"DEL10-BA";"UOP01-DEL10-BA"
301585;2020-08-15;"sábado";"08:15:00";"PR";277;245,8;"IRATI";"Velocidade Incompatível";"Colisão com objeto estático";"Sem Vítimas";"Pleno dia";"Decrescente";"Chuva";"Simples";"Reta";"Não";2;0;0;0;2;0;0;1;-25,46419687;-50,56581801;"SPRF-PR";"DEL03-PR";"UOP03-DEL03-PR"
301586;2020-08-15;"sábado";"07:00:00";"GO";60;37;"GOIANIA";"Ingestão de Álcool";"Colisão com objeto estático";"Sem Vítimas";"Pleno dia";"Crescente";"Céu Claro";"Dupla";"Reta";"Sim";1;0;0;0;1;0;0;1;-16,6777;-49,2676;"SPRF-GO";"DEL01-GO";"UOP02-DEL01-GO"
301587;2020-08-15;"sábado";"05:55:00";"RR";174;538;"BOA VISTA";"Falta de Atenção à Condução";"Colisão frontal";"Com Vítimas Feridas";"Amanhecer";"Crescente";"Garoa/Chuvisco";"Simples";"Reta";"Não";7;0;3;0;3;1;3;4;3,072891;-60,806393;"SPRF-RR";"DEL01-RR";"UOP01-DEL01-RR"
301590;2020-08-15;"sábado";"08:50:00";"PR";116;16,8;"CAMPINA GRANDE DO SUL";"Velocidade Incompatível";"Saída de leito carroçável";"Com Vítimas Feridas";"Pleno dia";"Decrescente";"Chuva";"Dupla";"Curva";"Não";5;0;1;1;3;0;2;2;-25,09969807;-48,692225;"SPRF-PR";"DEL01-PR";"UOP02-DEL01-PR"
301593;2020-08-15;"sábado";"09:00:00";"PE";424;90,8;"GARANHUNS";"Falta de Atenção à Condução";"Colisão transversal";"Com Vítimas Feridas";"Pleno dia";"Crescente";"Céu Claro";"Simples";"Reta";"Não";2;0;0;1;0;1;1;2;-8,89635706;-36,50157593;"SPRF-PE";"DEL03-PE";"UOP01-DEL03-PE"
301596;2020-08-15;"sábado";"09:35:00";"PA";316;32;"SANTA IZABEL DO PARA";"Defeito Mecânico no Veículo";"Colisão lateral";"Com Vítimas Feridas";"Pleno dia";"Crescente";"Céu Claro";"Dupla";"Curva";"Sim";4;0;1;1;2;0;2;3;-1,29833956;-48,18889696;"SPRF-PA";"DEL01-PA";"UOP01-DEL01-PA"
301605;2020-08-15;"sábado";"10:40:00";"PR";116;40;"CAMPINA GRANDE DO SUL";"Falta de Atenção à Condução";"Tombamento";"Sem Vítimas";"Pleno dia";"Decrescente";"Chuva";"Dupla";"Reta";"Não";2;0;0;0;1;2;0;3;-25,16445203;-48,86237697;"SPRF-PR";"DEL01-PR";"UOP02-DEL01-PR"
301609;2020-08-14;"sexta-feira";"23:15:00";"MG";365;232;"BURITIZEIRO";"Falta de Atenção à Condução";"Colisão com objeto estático";"Com Vítimas Feridas";"Plena Noite";"Decrescente";"Céu Claro";"Simples";"Reta";"Não";4;0;0;1;2;1;1;4;-17,69161306;-45,41014984;"SPRF-MG";"DEL12-MG";"UOP01-DEL12-MG"
301618;2020-08-15;"sábado";"11:30:00";"MA";135;15,9;"SAO LUIS";"Falta de Atenção à Condução";"Colisão lateral";"Com Vítimas Feridas";"Pleno dia";"Decrescente";"Sol";"Dupla";"Declive";"Sim";4;0;1;0;2;2;1;4;-2,69540095;-44,30511707;"SPRF-MA";"DEL01-MA";"UOP01-DEL01-MA"
301622;2020-08-15;"sábado";"10:25:00";"SC";282;437;"IRANI";"Desobediência às normas de trânsito pelo condutor";"Colisão transversal";"Com Vítimas Feridas";"Pleno dia";"Decrescente";"Nublado";"Simples";"Interseção de Vias";"Não";3;0;0;1;1;2;1;4;-26,963764;-51,854839;"SPRF-SC";"DEL07-SC";"UOP04-DEL07-SC"
301630;2020-08-15;"sábado";"12:15:00";"MS";158;104;"PARANAIBA";"Velocidade Incompatível";"Colisão com objeto estático";"Com Vítimas Fatais";"Pleno dia";"Crescente";"Sol";"Simples";"Curva";"Não";3;2;0;0;1;0;0;2;-19,735575;-51,131191;"SPRF-MS";"DEL08-MS";"UOP01-DEL08-MS"
301631;2020-08-15;"sábado";"13:45:00";"MG";381;350;"JOAO MONLEVADE";"Velocidade Incompatível";"Tombamento";"Com Vítimas Feridas";"Pleno dia";"Decrescente";"Céu Claro";"Dupla";"Reta";"Não";2;0;0;2;0;0;2;2;-19,84953832;-43,15779198;"SPRF-MG";"DEL03-MG";"UOP01-DEL03-MG"
301646;2020-08-15;"sábado";"08:50:00";"MG";50;17;"ARAGUARI";"Falta de Atenção à Condução";"Colisão com objeto estático";"Com Vítimas Fatais";"Pleno dia";"Decrescente";"Céu Claro";"Dupla";"Curva";"Não";3;1;0;1;0;1;1;2;-18,56358502;-48,05639606;"SPRF-MG";"DEL15-MG";"UOP02-DEL15-MG"
301647;2020-08-15;"sábado";"14:15:00";"MG";381;483,7;"BETIM";"Desobediência às normas de trânsito pelo condutor";"Colisão traseira";"Com Vítimas Feridas";"Pleno dia";"Decrescente";"Céu Claro";"Dupla";"Aclive";"Não";3;0;1;0;1;1;1;3;-19,95594491;-44,10721699;"SPRF-MG";"DEL01-MG";"UOP03-DEL01-MG"
301648;2020-08-15;"sábado";"14:50:00";"GO";153;586,5;"PROFESSOR JAMIL";"Condutor Dormindo";"Colisão traseira";"Com Vítimas Feridas";"Pleno dia";"Crescente";"Céu Claro";"Dupla";"Aclive";"Não";3;0;0;1;1;2;1;4;-17,4342;-49,23;"SPRF-GO";"DEL03-GO";"UOP01-DEL03-GO"
301651;2020-08-15;"sábado";"12:30:00";"TO";242;419,8;"FORMOSO DO ARAGUAIA";"Defeito Mecânico no Veículo";"Saída de leito carroçável";"Com Vítimas Feridas";"Pleno dia";"Crescente";"Céu Claro";"Simples";"Declive";"Não";3;0;2;1;0;0;3;1;-11,9375034;-49,27069611;"SPRF-TO";"DEL01-TO";"UOP02-DEL01-TO"
301657;2020-08-15;"sábado";"11:45:00";"PR";116;26;"CAMPINA GRANDE DO SUL";"Desobediência às normas de trânsito pelo condutor";"Colisão lateral";"Sem Vítimas";"Pleno dia";"Decrescente";"Chuva";"Dupla";"Curva";"Não";4;0;0;0;3;2;0;5;-25,10683694;-48,785333;"SPRF-PR";"DEL01-PR";"UOP02-DEL01-PR"
301658;2020-08-15;"sábado";"14:15:00";"MT";163;855;"SINOP";"Desobediência às normas de trânsito pelo condutor";"Colisão transversal";"Sem Vítimas";"Pleno dia";"Crescente";"Céu Claro";"Simples";"Interseção de Vias";"Sim";3;0;0;0;2;2;0;4;-11,81199405;-55,48239482;"SPRF-MT";"DEL06-MT";"NPF/DEL06-MT"
301660;2020-08-15;"sábado";"14:40:00";"RO";364;180,7;"PIMENTA BUENO";"Falta de Atenção à Condução";"Colisão lateral";"Com Vítimas Feridas";"Pleno dia";"Decrescente";"Céu Claro";"Simples";"Reta";"Não";4;0;0;1;2;2;1;4;-11,7775679;-61,07357688;"SPRF-RO";"DEL02-RO";"UOP02-DEL02-RO"
301664;2020-08-15;"sábado";"16:40:00";"SC";470;66,6;"INDAIAL";"Falta de Atenção à Condução";"Colisão lateral";"Com Vítimas Feridas";"Pleno dia";"Decrescente";"Nublado";"Simples";"Reta";"Sim";3;0;1;0;1;1;1;3;-26,870407;-49,221844;"SPRF-SC";"DEL04-SC";"UOP01-DEL04-SC"
301665;2020-08-15;"sábado";"17:05:00";"SE";235;4,9;"NOSSA SENHORA DO SOCORRO";"Falta de Atenção à Condução";"Colisão com objeto estático";"Com Vítimas Feridas";"Pleno dia";"Crescente";"Céu Claro";"Dupla";"Reta";"Não";2;0;0;1;1;0;1;2;-10,9064;-37,1197;"SPRF-SE";"DEL01-SE";"UOP01-DEL01-SE"
301671;2020-08-15;"sábado";"15:20:00";"MG";365;671;"MONTE ALEGRE DE MINAS";"Defeito Mecânico no Veículo";"Incêndio";"Sem Vítimas";"Pleno dia";"Crescente";"Céu Claro";"Dupla";"Reta";"Não";2;0;0;0;1;3;0;4;-18,87919566;-48,74332477;"SPRF-MG";"DEL15-MG";"UOP01-DEL15-MG"
301674;2020-08-15;"sábado";"17:40:00";"BA";116;861;"VITORIA DA CONQUISTA";"Falta de Atenção à Condução";"Tombamento";"Com Vítimas Feridas";"Anoitecer";"Decrescente";"Céu Claro";"Simples";"Reta";"Não";3;0;1;0;1;1;1;2;-15,0643738;-40,99383815;"SPRF-BA";"DEL08-BA";"UOP01-DEL08-BA"
301681;2020-08-15;"sábado";"16:15:00";"ES";101;270,7;"SERRA";"Falta de Atenção à Condução";"Colisão lateral";"Sem Vítimas";"Pleno dia";"Crescente";"Céu Claro";"Dupla";"Viaduto";"Sim";2;0;0;0;2;0;0;2;-20,22662056;-40,27075088;"SPRF-ES";"DEL02-ES";"UOP01-DEL02-ES"
301690;2020-08-15;"sábado";"17:30:00";"MT";163;746,3;"SORRISO";"Desobediência às normas de trânsito pelo condutor";"Saída de leito carroçável";"Sem Vítimas";"Anoitecer";"Decrescente";"Céu Claro";"Dupla";"Retorno Regulamentado";"Sim";2;0;0;0;1;1;0;2;-12,7007392;-55,81389079;"SPRF-MT";"DEL06-MT";"UOP01-DEL06-MT"
301693;2020-08-15;"sábado";"18:40:00";"SP";116;412;"JUQUIA";"Falta de Atenção à Condução";"Saída de leito carroçável";"Com Vítimas Fatais";"Plena Noite";"Decrescente";"Chuva";"Dupla";"Reta";"Não";7;1;0;2;2;2;2;5;-24,33094086;-47,61325097;"SPRF-SP";"DEL05-SP";"UOP01-DEL05-SP"
301713;2020-08-15;"sábado";"18:30:00";"MT";70;417;"CAMPO VERDE";"Avarias e/ou desgaste excessivo no pneu";"Saída de leito carroçável";"Com Vítimas Feridas";"Plena Noite";"Crescente";"Céu Claro";"Simples";"Reta";"Não";2;0;1;0;0;2;1;3;-15,71370014;-55,33672178;"SPRF-MT";"DEL05-MT";"UOP02-DEL05-MT"
301717;2020-08-15;"sábado";"20:00:00";"MA";135;105;"ITAPECURU MIRIM";"Deficiência ou não Acionamento do Sistema de Iluminação/Sinalização do Veículo";"Colisão traseira";"Sem Vítimas";"Plena Noite";"Crescente";"Céu Claro";"Simples";"Reta";"Não";3;0;0;0;2;1;0;3;-3,39583238;-44,50239179;"SPRF-MA";"DEL01-MA";"UOP02-DEL01-MA"
301720;2020-08-15;"sábado";"19:15:00";"PR";163;36;"SANTO ANTONIO DO SUDOESTE";"Desobediência às normas de trânsito pelo condutor";"Colisão transversal";"Com Vítimas Feridas";"Plena Noite";"Crescente";"Chuva";"Simples";"Reta;Declive";"Sim";3;0;1;0;1;2;1;4;-26,058908;-53,723616;"SPRF-PR";"DEL02-PR";"UOP02-DEL02-PR"
301728;2020-08-15;"sábado";"21:35:00";"SP";116;201;"ARUJA";"Velocidade Incompatível";"Colisão lateral";"Com Vítimas Feridas";"Plena Noite";"Crescente";"Nublado";"Múltipla";"Reta;Aclive";"Sim";3;0;1;0;1;2;1;4;-23,40362877;-46,33050107;"SPRF-SP";"DEL01-SP";"UOP01-DEL01-SP"
301738;2020-08-15;"sábado";"19:10:00";"GO";50;260,4;"CATALAO";"Ingestão de Álcool";"Colisão traseira";"Sem Vítimas";"Plena Noite";"Crescente";"Ignorado";"Dupla";"Aclive;Reta";"Não";2;0;0;0;0;2;0;2;-18,0366;-47,8438;"SPRF-GO";"DEL06-GO";"UOP01-DEL06-GO"
301741;2020-08-15;"sábado";"20:30:00";"PR";163;309;"MERCEDES";"Ingestão de Álcool";"Colisão traseira";"Sem Vítimas";"Plena Noite";"Decrescente";"Chuva";"Simples";"Declive;Curva";"Não";4;0;0;0;3;3;0;6;-24,43542005;-54,16717611;"SPRF-PR";"DEL06-PR";"UOP02-DEL06-PR"
301742;2020-08-15;"sábado";"19:25:00";"GO";80;133;"BARRO ALTO";"Velocidade Incompatível";"Tombamento";"Com Vítimas Feridas";"Plena Noite";"Decrescente";"Céu Claro";"Simples";"Curva";"Sim";2;0;1;0;0;1;1;2;-14,97827458;-48,92981172;"SPRF-GO";"DEL07-GO";"UOP01-DEL07-GO"
301743;2020-08-16;"domingo";"00:10:00";"CE";222;32;"CAUCAIA";"Ingestão de Álcool";"Colisão lateral";"Com Vítimas Feridas";"Plena Noite";"Crescente";"Céu Claro";"Simples";"Reta";"Não";3;0;0;1;1;1;1;3;-3,70784148;-38,83774211;"SPRF-CE";"DEL01-CE";"UOP01-DEL01-CE"
301745;2020-08-15;"sábado";"23:30:00";"AL";101;8,8;"NOVO LINO";"Falta de Atenção à Condução";"Colisão traseira";"Com Vítimas Feridas";"Plena Noite";"Decrescente";"Chuva";"Dupla";"Reta";"Sim";3;0;0;1;1;4;1;6;-8,93716299;-35,65428449;"SPRF-AL";"DEL01-AL";"UOP02-DEL01-AL"
301749;2020-08-15;"sábado";"22:00:00";"SC";282;372,2;"ERVAL VELHO";"Ingestão de Álcool";"Colisão lateral";"Sem Vítimas";"Plena Noite";"Crescente";"Céu Claro";"Simples";"Em Obras;Aclive";"Não";3;0;0;0;2;1;0;3;-27,251827;-51,446991;"SPRF-SC";"DEL07-SC";"UOP05-DEL07-SC"
301750;2020-08-15;"sábado";"18:00:00";"MA";10;361;"ITINGA DO MARANHAO";"Desobediência às normas de trânsito pelo condutor";"Colisão frontal";"Com Vítimas Fatais";"Anoitecer";"Crescente";"Ignorado";"Simples";"Reta";"Não";3;1;1;0;1;0;1;2;-4,59314;-47,491745;"SPRF-MA";"DEL04-MA";"UOP03-DEL04-MA"
301756;2020-08-16;"domingo";"01:30:00";"PR";277;338;"GUARAPUAVA";"Desobediência às normas de trânsito pelo condutor";"Colisão com objeto estático";"Sem Vítimas";"Plena Noite";"Crescente";"Chuva";"Dupla";"Curva";"Não";1;0;0;0;0;1;0;1;-25,35029389;-51,37783491;"SPRF-PR";"DEL08-PR";"UOP01-DEL08-PR"
301757;2020-08-16;"domingo";"00:00:00";"GO";153;523,3;"HIDROLANDIA";"Condutor Dormindo";"Saída de leito carroçável";"Com Vítimas Feridas";"Plena Noite";"Crescente";"Céu Claro";"Dupla";"Reta";"Não";1;0;1;0;0;0;1;1;-16,90525471;-49,25417846;"SPRF-GO";"DEL01-GO";"UOP03-DEL01-GO"
301774;2020-08-16;"domingo";"01:40:00";"MG";116;311,1;"ITAMBACURI";"Velocidade Incompatível";"Colisão lateral";"Com Vítimas Feridas";"Plena Noite";"Decrescente";"Nublado";"Simples";"Reta";"Não";4;0;0;1;3;0;1;2;-18,07704492;-41,68155613;"SPRF-MG";"DEL11-MG";"UOP01-DEL11-MG"
301779;2020-08-16;"domingo";"04:20:00";"PR";376;323,9;"ORTIGUEIRA";"Ingestão de Álcool";"Colisão frontal";"Com Vítimas Feridas";"Plena Noite";"Decrescente";"Chuva";"Simples";"Curva";"Não";7;0;2;3;1;1;5;3;-24,07453985;-51,0583234;"SPRF-PR";"DEL07-PR";"UOP03-DEL07-PR"
301783;2020-08-15;"sábado";"23:45:00";"SP";116;479;"JACUPIRANGA";"Falta de Atenção à Condução";"Colisão traseira";"Com Vítimas Feridas";"Plena Noite";"Decrescente";"Chuva";"Dupla";"Reta";"Não";3;0;1;0;1;1;1;3;-24,70935401;-48,01820699;"SPRF-SP";"DEL05-SP";"UOP01-DEL05-SP"
301788;2020-08-16;"domingo";"04:58:00";"MG";40;501,1;"ESMERALDAS";"Falta de Atenção à Condução";"Saída de leito carroçável";"Com Vítimas Feridas";"Plena Noite";"Decrescente";"Céu Claro";"Dupla";"Reta";"Sim";5;0;1;2;1;1;3;3;-19,70735708;-44,16736508;"SPRF-MG";"DEL02-MG";"UOP01-DEL02-MG"
301796;2020-08-16;"domingo";"04:40:00";"MG";153;22,8;"CENTRALINA";"Falta de Atenção à Condução";"Tombamento";"Sem Vítimas";"Plena Noite";"Decrescente";"Céu Claro";"Dupla";"Curva";"Não";2;0;0;0;1;1;0;2;-18,61664008;-49,19128418;"SPRF-MG";"DEL15-MG";"UOP03-DEL15-MG"
301802;2020-08-16;"domingo";"06:50:00";"BA";242;400;"SEABRA";"Defeito Mecânico no Veículo";"Tombamento";"Com Vítimas Feridas";"Pleno dia";"Decrescente";"Nublado";"Simples";"Curva";"Não";2;0;1;0;0;1;1;2;-12,47134497;-41,69102199;"SPRF-BA";"DEL06-BA";"UOP01-DEL06-BA"
301809;2020-08-16;"domingo";"07:00:00";"PI";135;388;"BOM JESUS";"Defeito na Via";"Saída de leito carroçável";"Com Vítimas Feridas";"Pleno dia";"Crescente";"Céu Claro";"Simples";"Reta";"Não";2;0;1;0;1;0;1;1;-9,33351203;-44,52121394;"SPRF-PI";"DEL03-PI";"UOP02-DEL03-PI"
301815;2020-08-16;"domingo";"08:20:00";"DF";40;8;"BRASILIA";"Falta de Atenção à Condução";"Colisão lateral";"Sem Vítimas";"Pleno dia";"Decrescente";"Céu Claro";"Dupla";"Reta";"Sim";3;0;0;0;2;2;0;4;-16,038666;-47,979691;"SPRF-DF";"DEL01-DF";"UOP01-DEL01-DF"
301820;2020-08-16;"domingo";"06:00:00";"BA";116;0;"VITORIA DA CONQUISTA";"Ingestão de Álcool";"Colisão com objeto estático";"Sem Vítimas";"Pleno dia";"Decrescente";"Céu Claro";"Simples";"Curva";"Não";1;0;0;0;1;0;0;1;-14,825806;-40,83143;"SPRF-BA";"DEL08-BA";"UOP01-DEL08-BA"
301822;2020-08-16;"domingo";"02:30:00";"PI";135;552;"SAO GONCALO DO GURGUEIA";"Falta de Atenção à Condução";"Colisão com objeto estático";"Com Vítimas Feridas";"Amanhecer";"Crescente";"Céu Claro";"Simples";"Curva";"Não";2;0;1;0;0;1;1;2;-10,12504075;-45,23347393;"SPRF-PI";"DEL03-PI";"UOP02-DEL03-PI"
301825;2020-08-16;"domingo";"10:20:00";"SP";116;510,7;"CAJATI";"Velocidade Incompatível";"Tombamento";"Com Vítimas Feridas";"Pleno dia";"Crescente";"Chuva";"Simples";"Curva";"Não";2;0;1;0;0;1;1;2;-24,82768986;-48,21855823;"SPRF-SP";"DEL05-SP";"UOP02-DEL05-SP"
301826;2020-08-16;"domingo";"10:00:00";"MG";50;175;"UBERABA";"Falta de Atenção à Condução";"Colisão lateral";"Com Vítimas Feridas";"Pleno dia";"Crescente";"Céu Claro";"Dupla";"Reta";"Sim";3;0;1;0;2;0;1;2;-19,77880359;-47,9695118;"SPRF-MG";"DEL13-MG";"UOP01-DEL13-MG"
301829;2020-08-16;"domingo";"08:40:00";"BA";116;910,4;"ENCRUZILHADA";"Falta de Atenção à Condução";"Saída de leito carroçável";"Sem Vítimas";"Pleno dia";"Decrescente";"Céu Claro";"Simples";"Declive;Curva";"Não";1;0;0;0;1;0;0;1;-15,51739;-41,23995;"SPRF-BA";"DEL08-BA";"UOP03-DEL08-BA"
301833;2020-08-16;"domingo";"07:40:00";"RJ";40;36;"AREAL";"Carga excessiva e/ou mal acondicionada";"Tombamento";"Com Vítimas Feridas";"Pleno dia";"Crescente";"Céu Claro";"Dupla";"Curva";"Não";1;0;1;0;0;0;1;1;-22,21455613;-43,13161213;"SPRF-RJ";"DEL05-RJ";"UOP02-DEL05-RJ"
301855;2020-08-16;"domingo";"06:30:00";"MG";116;284,4;"TEOFILO OTONI";"Condutor Dormindo";"Saída de leito carroçável";"Com Vítimas Feridas";"Amanhecer";"Crescente";"Céu Claro";"Simples";"Curva";"Não";5;0;1;0;2;5;1;7;-17,91853602;-41,52729437;"SPRF-MG";"DEL11-MG";"UOP01-DEL11-MG"
301857;2020-08-16;"domingo";"13:15:00";"SC";282;507,2;"XANXERE";"Velocidade Incompatível";"Tombamento";"Sem Vítimas";"Pleno dia";"Decrescente";"Céu Claro";"Dupla";"Curva";"Sim";2;0;0;0;1;1;0;2;-26,886171;-52,43911;"SPRF-SC";"DEL07-SC";"UOP01-DEL07-SC"
301869;2020-08-16;"domingo";"14:10:00";"TO";153;350;"GUARAI";"Falta de Atenção à Condução";"Saída de leito carroçável";"Com Vítimas Feridas";"Pleno dia";"Crescente";"Céu Claro";"Simples";"Reta";"Não";2;0;1;0;0;1;1;2;-8,97819298;-48,49764907;"SPRF-TO";"DEL02-TO";"UOP02-DEL02-TO"
301880;2020-08-16;"domingo";"17:20:00";"PR";376;317,2;"MAUA DA SERRA";"Falta de Atenção à Condução";"Tombamento";"Com Vítimas Feridas";"Pleno dia";"Crescente";"Chuva";"Dupla";"Reta;Aclive";"Não";2;0;1;0;0;1;1;2;-24,00818834;-51,0912323;"SPRF-PR";"DEL07-PR";"UOP03-DEL07-PR"
301894;2020-08-16;"domingo";"17:30:00";"SP";153;200,9;"GETULINA";"Defeito Mecânico no Veículo";"Tombamento";"Com Vítimas Feridas";"Pleno dia";"Crescente";"Nublado";"Simples";"Reta";"Não";3;0;1;0;0;2;1;3;-21,81986299;-49,90225316;"SPRF-SP";"DEL07-SP";"UOP01-DEL07-SP"
301897;2020-08-16;"domingo";"18:20:00";"SP";116;179;"GUARAREMA";"Falta de Atenção à Condução";"Colisão lateral";"Sem Vítimas";"Plena Noite";"Decrescente";"Nublado";"Dupla";"Reta";"Não";3;0;0;0;2;1;0;3;-23,33202124;-46,13661688;"SPRF-SP";"DEL02-SP";"UOP01-DEL02-SP"
301903;2020-08-16;"domingo";"18:00:00";"PE";232;330;"CUSTODIA";"Falta de Atenção à Condução";"Colisão traseira";"Com Vítimas Fatais";"Plena Noite";"Crescente";"Nublado";"Simples";"Reta";"Não";2;1;0;0;1;0;0;2;-8,0897538;-37,61284417;"SPRF-PE";"DEL03-PE";"UOP02-DEL03-PE"
301909;2020-08-16;"domingo";"18:40:00";"PE";316;87;"OURICURI";"Sinalização da via insuficiente ou inadequada";"Colisão frontal";"Com Vítimas Feridas";"Plena Noite";"Decrescente";"Céu Claro";"Simples";"Reta";"Não";2;0;0;1;0;1;1;2;-7,89302781;-40,05470593;"SPRF-PE";"DEL05-PE";"UOP02-DEL05-PE"
301927;2020-08-16;"domingo";"18:40:00";"MG";116;72,4;"MEDINA";"Falta de Atenção à Condução";"Colisão transversal";"Com Vítimas Feridas";"Plena Noite";"Crescente";"Céu Claro";"Simples";"Reta";"Não";3;0;0;1;1;1;1;3;-16,21806599;-41,47145995;"SPRF-MG";"DEL11-MG";"UOP02-DEL11-MG"
301931;2020-08-16;"domingo";"18:15:00";"MT";163;683;"LUCAS DO RIO VERDE";"Desobediência às normas de trânsito pelo condutor";"Colisão frontal";"Com Vítimas Fatais";"Plena Noite";"Decrescente";"Céu Claro";"Simples";"Reta";"Não";3;1;0;0;1;2;0;4;-13,2163579;-56,00079923;"SPRF-MT";"DEL06-MT";"UOP01-DEL06-MT"
301934;2020-08-16;"domingo";"19:00:00";"DF";60;9;"BRASILIA";"Não guardar distância de segurança";"Colisão traseira";"Com Vítimas Feridas";"Plena Noite";"Crescente";"Céu Claro";"Dupla";"Reta";"Sim";4;0;1;0;3;0;1;4;-15,906293;-48,139965;"SPRF-DF";"DEL03-DF";"UOP01-DEL03-DF"
301938;2020-08-16;"domingo";"21:00:00";"BA";407;3;"JUAZEIRO";"Falta de Atenção à Condução";"Colisão transversal";"Com Vítimas Feridas";"Plena Noite";"Decrescente";"Céu Claro";"Simples";"Reta";"Sim";2;0;1;0;1;0;1;2;-9,43134011;-40,49823324;"SPRF-PE";"DEL06-PE";"UOP01-DEL06-PE"
301943;2020-08-16;"domingo";"21:20:00";"PB";110;190,9;"MONTEIRO";"Falta de Atenção à Condução";"Colisão transversal";"Com Vítimas Feridas";"Plena Noite";"Crescente";"Céu Claro";"Simples";"Reta";"Não";2;0;0;1;1;0;1;2;-7,93812711;-37,19152984;"SPRF-PB";"DEL02-PB";"UOP02-DEL02-PB"
301949;2020-08-16;"domingo";"17:10:00";"SC";470;268,4;"CURITIBANOS";"Carga excessiva e/ou mal acondicionada";"Saída de leito carroçável";"Com Vítimas Feridas";"Pleno dia";"Crescente";"Nublado";"Simples";"Reta";"Não";2;0;1;0;0;1;1;2;-27,31597835;-50,76196432;"SPRF-SC";"DEL05-SC";"UOP03-DEL05-SC"
301950;2020-08-16;"domingo";"20:45:00";"PA";230;147;"MARABA";"Desobediência às normas de trânsito pelo condutor";"Colisão frontal";"Com Vítimas Fatais";"Plena Noite";"Crescente";"Céu Claro";"Simples";"Reta";"Não";2;1;1;0;0;0;1;2;-5,28890798;-49,28718897;"SPRF-PA";"DEL03-PA";"UOP01-DEL03-PA"
301951;2020-08-16;"domingo";"22:45:00";"PR";277;133;"BALSA NOVA";"Ingestão de Álcool";"Colisão transversal";"Sem Vítimas";"Plena Noite";"Decrescente";"Nevoeiro/Neblina";"Dupla";"Reta;Aclive;Retorno Regulamentado";"Não";3;0;0;0;2;1;0;3;-25,47175668;-49,6695039;"SPRF-PR";"DEL01-PR";"UOP03-DEL03-PR"
301963;2020-08-16;"domingo";"21:30:00";"MG";262;442,2;"NOVA SERRANA";"Falta de Atenção do Pedestre";"Atropelamento de Pedestre";"Com Vítimas Fatais";"Plena Noite";"Decrescente";"Céu Claro";"Dupla";"Declive;Reta";"Sim";2;1;0;0;0;1;0;2;-19,87227965;-44,96747017;"SPRF-MG";"DEL08-MG";"UOP03-DEL08-MG"
301965;2020-08-16;"domingo";"22:10:00";"PR";163;152,1;"SANTA LUCIA";"Velocidade Incompatível";"Saída de leito carroçável";"Sem Vítimas";"Plena Noite";"Crescente";"Céu Claro";"Dupla";"Curva";"Não";2;0;0;0;1;1;0;2;-25,40191702;-53,57498103;"SPRF-PR";"DEL05-PR";"UOP05-DEL05-PR"
301972;2020-08-17;"segunda-feira";"00:30:00";"MG";251;521,5;"MONTES CLAROS";"Ingestão de Álcool";"Colisão traseira";"Com Vítimas Feridas";"Plena Noite";"Crescente";"Céu Claro";"Simples";"Reta";"Não";3;0;1;0;1;1;1;3;-16,67039297;-43,79223002;"SPRF-MG";"DEL12-MG";"UOP01-DEL12-MG"
301974;2020-08-17;"segunda-feira";"01:45:00";"RJ";101;123;"CAMPOS DOS GOYTACAZES";"Condutor Dormindo";"Colisão traseira";"Com Vítimas Feridas";"Plena Noite";"Crescente";"Céu Claro";"Dupla";"Reta";"Não";2;0;1;0;1;0;1;2;-22,04977255;-41,68404866;"SPRF-RJ";"DEL08-RJ";"UOP02-DEL08-RJ"
301980;2020-08-17;"segunda-feira";"01:05:00";"PE";232;381;"CALUMBI";"Falta de Atenção à Condução";"Tombamento";"Com Vítimas Feridas";"Plena Noite";"Decrescente";"Céu Claro";"Simples";"Aclive";"Não";2;0;2;0;0;0;2;2;-8,04275467;-38,05887304;"SPRF-PE";"DEL04-PE";"UOP01-DEL04-PE"
301981;2020-08-17;"segunda-feira";"03:00:00";"SC";101;236;"PALHOCA";"Falta de Atenção do Pedestre";"Atropelamento de Pedestre";"Com Vítimas Feridas";"Plena Noite";"Crescente";"Garoa/Chuvisco";"Dupla";"Reta";"Não";2;0;0;1;0;1;1;2;-27,82629382;-48,63034842;"SPRF-SC";"DEL01-SC";"UOP02-DEL01-SC"