"id";"data_inversa";"dia_semana";"horario";"uf";"br";"km";"municipio";"causa_acidente";"tipo_acidente";"classificacao_acidente";"fase_dia";"sentido_via";"condicao_metereologica";"tipo_pista";"tracado_via";"uso_solo";"pessoas";"mortos";"feridos_leves";"feridos_graves";"ilesos";"ignorados";"feridos";"veiculos";"latitude";"longitude";"regional";"delegacia";"uop"
301984;2020-08-17;"segunda-feira";"00:00:00";"PE";232;196;"SANHARO";"Desobediência às normas de trânsito pelo condutor";"Colisão traseira";"Com Vítimas Feridas";"Plena Noite";"Decrescente";"Céu Claro";"Simples";"Reta";"Não";3;0;1;0;1;1;1;2;-8,36842483;-36,57130201;"SPRF-PE";"DEL02-PE";"UOP03-DEL02-PE"
301987;2020-08-17;"segunda-feira";"04:30:00";"PR";277;523;"GUARANIACU";"Velocidade Incompatível";"Saída de leito carroçável";"Com Vítimas Feridas";"Plena Noite";"Decrescente";"Nevoeiro/Neblina";"Simples";"Curva";"Não";2;0;1;0;0;2;1;3;-25,11018112;-52,85167802;"SPRF-PR";"DEL04-PR";"UOP01-DEL04-PR"
301999;2020-08-16;"domingo";"20:00:00";"MG";262;509;"LUZ";"Falta de Atenção à Condução";"Capotamento";"Com Vítimas Feridas";"Plena Noite";"Crescente";"Céu Claro";"Simples";"Reta";"Não";1;0;1;0;0;0;1;1;-19,77231093;-45,51991603;"SPRF-MG";"DEL08-MG";"UOP03-DEL08-MG"
302004;2020-08-17;"segunda-feira";"07:30:00";"MG";381;500;"BETIM";"Falta de Atenção à Condução";"Colisão lateral";"Com Vítimas Feridas";"Pleno dia";"Crescente";"Céu Claro";"Dupla";"Reta";"Sim";3;0;1;0;1;1;1;3;-20,02513493;-44,23112709;"SPRF-MG";"DEL01-MG";"UOP03-DEL01-MG"
302006;2020-08-17;"segunda-feira";"06:50:00";"GO";364;201;"JATAI";"Ingestão de Álcool";"Colisão traseira";"Com Vítimas Feridas";"Pleno dia";"Crescente";"Céu Claro";"Dupla";"Reta";"Não";2;0;1;0;1;0;1;2;-17,914806;-51,765602;"SPRF-GO";"DEL05-GO";"UOP01-DEL05-GO"
302007;2020-08-17;"segunda-feira";"07:40:00";"SC";101;119;"ITAJAI";"Não guardar distância de segurança";"Colisão lateral";"Sem Vítimas";"Pleno dia";"Crescente";"Nublado";"Dupla";"Reta";"Sim";3;0;0;0;2;1;0;3;-26,9043179;-48,71555481;"SPRF-SC";"DEL04-SC";"UOP04-DEL04-SC"
302009;2020-08-17;"segunda-feira";"06:50:00";"BA";324;537;"CONCEICAO DO JACUIPE";"Não guardar distância de segurança";"Colisão traseira";"Sem Vítimas";"Pleno dia";"Crescente";"Céu Claro";"Dupla";"Reta";"Não";4;0;0;0;4;0;0;4;-12,36902201;-38,81384601;"SPRF-BA";"DEL01-BA";"UOP03-DEL01-BA"
302011;2020-08-17;"segunda-feira";"08:00:00";"PE";101;58,8;"RECIFE";"Falta de Atenção à Condução";"Colisão lateral";"Sem Vítimas";"Pleno dia";"Crescente";"Nublado";"Dupla";"Curva";"Não";2;0;0;0;1;1;0;2;-7,97063209;-34,92064675;"SPRF-PE";"DEL01-PE";"UOP02-DEL01-PE"
302028;2020-08-17;"segunda-feira";"09:30:00";"SP";153;199;"GETULINA";"Ingestão de Álcool";"Tombamento";"Sem Vítimas";"Pleno dia";"Decrescente";"Chuva";"Simples";"Reta";"Não";2;0;0;0;1;1;0;2;-21,810938;-49,90137599;"SPRF-SP";"DEL07-SP";"UOP01-DEL07-SP"
302033;2020-08-17;"segunda-feira";"08:15:00";"MT";364;275,6;"JACIARA";"Velocidade Incompatível";"Tombamento";"Com Vítimas Feridas";"Pleno dia";"Decrescente";"Céu Claro";"Simples";"Curva";"Não";2;0;1;0;0;3;1;4;-15,95085604;-54,98237599;"SPRF-MT";"DEL02-MT";"UOP01-DEL02-MT"
302034;2020-08-17;"segunda-feira";"05:00:00";"TO";153;206;"NOVA OLINDA";"Condutor Dormindo";"Tombamento";"Com Vítimas Feridas";"Pleno dia";"Crescente";"Céu Claro";"Simples";"Reta";"Não";2;0;1;0;0;1;1;2;-7,70063098;-48,43672107;"SPRF-TO";"DEL02-TO";"UOP01-DEL02-TO"
302035;2020-08-17;"segunda-feira";"10:00:00";"SC";280;9;"SAO FRANCISCO DO SUL";"Falta de Atenção à Condução";"Colisão frontal";"Com Vítimas Feridas";"Pleno dia";"Crescente";"Nublado";"Simples";"Reta";"Não";4;0;2;0;1;2;2;4;-26,28071749;-48,64670992;"SPRF-SC";"DEL03-SC";"UOP03-DEL03-SC"
302039;2020-08-17;"segunda-feira";"10:10:00";"SP";116;360;"MIRACATU";"Velocidade Incompatível";"Tombamento";"Com Vítimas Feridas";"Pleno dia";"Decrescente";"Céu Claro";"Múltipla";"Curva;Declive";"Não";2;0;0;1;0;1;1;2;-24,11248793;-47,26510606;"SPRF-SP";"DEL04-SP";"UOP02-DEL04-SP"
302042;2020-08-17;"segunda-feira";"11:18:00";"CE";116;23,2;"AQUIRAZ";"Falta de Atenção à Condução";"Colisão lateral";"Com Vítimas Feridas";"Pleno dia";"Decrescente";"Sol";"Dupla";"Declive;Curva";"Sim";2;0;0;1;1;0;1;2;-3,951258;-38,512182;"SPRF-CE";"DEL01-CE";"UOP02-DEL01-CE"
302047;2020-08-17;"segunda-feira";"11:10:00";"TO";226;1;"AGUIARNOPOLIS";"Ingestão de Álcool";"Colisão lateral";"Sem Vítimas";"Pleno dia";"Decrescente";"Céu Claro";"Simples";"Declive";"Não";3;0;0;0;3;0;0;3;-6,56129421;-47,46479988;"SPRF-TO";"DEL02-TO";"UOP03-DEL02-TO"
302059;2020-08-17;"segunda-feira";"13:40:00";"SP";116;154;"SAO JOSE DOS CAMPOS";"Falta de Atenção à Condução";"Colisão traseira";"Sem Vítimas";"Pleno dia";"Crescente";"Nublado";"Múltipla";"Reta";"Não";2;0;0;0;2;0;0;2;-23,23903999;-45,92061901;"SPRF-SP";"DEL02-SP";"UOP01-DEL02-SP"
302062;2020-08-17;"segunda-feira";"13:45:00";"RN";110;48,9;"MOSSORO";"Falta de Atenção à Condução";"Colisão lateral";"Sem Vítimas";"Pleno dia";"Crescente";"Céu Claro";"Dupla";"Reta";"Sim";2;0;0;0;2;0;0;2;-5,21062188;-37,33325958;"SPRF-RN";"DEL04-RN";"UOP01-DEL04-RN"
302064;2020-08-17;"segunda-feira";"14:25:00";"CE";116;454,5;"BARRO";"Falta de Atenção à Condução";"Colisão transversal";"Com Vítimas Feridas";"Pleno dia";"Decrescente";"Sol";"Simples";"Interseção de Vias";"Sim";3;0;0;1;1;2;1;4;-7,1719;-38,78088;"SPRF-CE";"DEL05-CE";"UOP03-DEL05-CE"
302065;2020-08-17;"segunda-feira";"11:15:00";"BA";116;747,6;"POCOES";"Velocidade Incompatível";"Tombamento";"Com Vítimas Feridas";"Pleno dia";"Decrescente";"Sol";"Simples";"Curva";"Não";2;0;1;0;0;1;1;2;-14,40741502;-40,35443706;"SPRF-BA";"DEL08-BA";"UOP02-DEL08-BA"
302071;2020-08-17;"segunda-feira";"15:40:00";"PR";376;119;"ALTO PARANA";"Avarias e/ou desgaste excessivo no pneu";"Colisão com objeto estático";"Sem Vítimas";"Pleno dia";"Crescente";"Nublado";"Dupla";"Reta";"Não";2;0;0;0;2;0;0;1;-23,11770767;-52,32130785;"SPRF-PR";"DEL09-PR";"UOP02-DEL09-PR"
302078;2020-08-17;"segunda-feira";"15:20:00";"SP";116;359;"MIRACATU";"Velocidade Incompatível";"Tombamento";"Com Vítimas Feridas";"Pleno dia";"Decrescente";"Nublado";"Simples";"Curva";"Não";2;0;1;0;0;1;1;2;-24,10862227;-47,26589989;"SPRF-SP";"DEL04-SP";"UOP02-DEL04-SP"
302079;2020-08-17;"segunda-feira";"15:20:00";"ES";101;287,9;"CARIACICA";"Defeito Mecânico no Veículo";"Colisão com objeto em movimento";"Com Vítimas Feridas";"Pleno dia";"Crescente";"Céu Claro";"Dupla";"Reta";"Sim";5;0;1;0;3;3;1;7;-20,26493528;-40,38471702;"SPRF-ES";"DEL01-ES";"UOP01-DEL01-ES"
302093;2020-08-17;"segunda-feira";"16:40:00";"MS";163;679;"RIO VERDE DE MATO GROSSO";"Desobediência às normas de trânsito pelo condutor";"Colisão transversal";"Sem Vítimas";"Anoitecer";"Crescente";"Céu Claro";"Simples";"Interseção de Vias";"Sim";3;0;0;0;3;0;0;2;-18,93217701;-54,83111904;"SPRF-MS";"DEL06-MS";"UOP02-DEL06-MS"
302095;2020-08-17;"segunda-feira";"17:40:00";"GO";70;18,2;"COCALZINHO DE GOIAS";"Restrição de Visibilidade";"Colisão traseira";"Com Vítimas Feridas";"Anoitecer";"Crescente";"Céu Claro";"Simples";"Aclive;Reta";"Não";4;0;3;0;1;0;3;2;-15,74474129;-48,35593378;"SPRF-DF";"DEL03-DF";"UOP02-DEL03-DF"
302105;2020-08-17;"segunda-feira";"19:00:00";"RS";158;327;"SANTA MARIA";"Falta de Atenção à Condução";"Engavetamento";"Com Vítimas Feridas";"Plena Noite";"Crescente";"Céu Claro";"Simples";"Reta";"Sim";7;0;0;3;4;0;3;4;-29,714945;-53,81083;"SPRF-RS";"DEL09-RS";"UOP01-DEL09-RS"
302111;2020-08-17;"segunda-feira";"19:30:00";"PE";408;64,2;"CARPINA";"Falta de Atenção à Condução";"Colisão transversal";"Com Vítimas Feridas";"Plena Noite";"Decrescente";"Céu Claro";"Múltipla";"Reta";"Sim";2;0;1;0;1;0;1;2;-7,848185;-35,236571;"SPRF-PE";"DEL01-PE";"UOP01-DEL01-PE"
302121;2020-08-17;"segunda-feira";"20:20:00";"RS";287;395;"SANTIAGO";"Deficiência ou não Acionamento do Sistema de Iluminação/Sinalização do Veículo";"Colisão traseira";"Com Vítimas Feridas";"Plena Noite";"Crescente";"Céu Claro";"Simples";"Curva";"Não";2;0;1;1;0;0;2;2;-29,19499299;-54,84981617;"SPRF-RS";"DEL12-RS";"UOP02-DEL12-RS"
302122;2020-08-17;"segunda-feira";"20:00:00";"PA";155;343;"MARABA";"Ingestão de Álcool";"Colisão lateral";"Sem Vítimas";"Plena Noite";"Crescente";"Céu Claro";"Simples";"Reta";"Não";2;0;0;0;2;0;0;2;-5,36957395;-49,07796968;"SPRF-PA";"DEL03-PA";"UOP01-DEL03-PA"
302127;2020-08-17;"segunda-feira";"20:02:00";"RO";364;357;"JI-PARANA";"Falta de Atenção à Condução";"Colisão frontal";"Com Vítimas Feridas";"Plena Noite";"Decrescente";"Céu Claro";"Simples";"Reta";"Não";5;0;1;0;3;1;1;3;-10,79554985;-62,03325391;"SPRF-RO";"DEL02-RO";"UOP01-DEL02-RO"
302130;2020-08-17;"segunda-feira";"22:00:00";"ES";101;395;"RIO NOVO DO SUL";"Falta de Atenção à Condução";"Colisão frontal";"Com Vítimas Feridas";"Plena Noite";"Decrescente";"Céu Claro";"Simples";"Interseção de Vias";"Sim";2;0;0;1;1;0;1;2;-20,86594262;-40,93257592;"SPRF-ES";"DEL03-ES";"UOP02-DEL03-ES"
302131;2020-08-17;"segunda-feira";"20:10:00";"PE";232;470,9;"MIRANDIBA";"Carga excessiva e/ou mal acondicionada";"Saída de leito carroçável";"Sem Vítimas";"Plena Noite";"Crescente";"Céu Claro";"Simples";"Declive";"Não";2;0;0;0;1;1;0;2;-8,01983329;-38,80194613;"SPRF-PE";"DEL05-PE";"UOP01-DEL05-PE"
302132;2020-08-17;"segunda-feira";"22:30:00";"MG";50;79;"UBERLANDIA";"Falta de Atenção à Condução";"Colisão lateral";"Com Vítimas Feridas";"Plena Noite";"Crescente";"Céu Claro";"Dupla";"Reta";"Sim";4;0;1;0;1;2;1;4;-18,96933853;-48,21585797;"SPRF-MG";"DEL15-MG";"UOP01-DEL15-MG"
302136;2020-08-17;"segunda-feira";"18:20:00";"RO";364;400,9;"OURO PRETO DO OESTE";"Falta de Atenção à Condução";"Colisão lateral";"Com Vítimas Feridas";"Plena Noite";"Decrescente";"Céu Claro";"Simples";"Declive;Reta";"Não";6;0;2;0;4;0;2;2;-10,57396896;-62,3683548;"SPRF-RO";"DEL03-RO";"UOP02-DEL03-RO"
302138;2020-08-17;"segunda-feira";"17:00:00";"BA";407;21;"JUAZEIRO";"Falta de Atenção à Condução";"Colisão transversal";"Com Vítimas Feridas";"Pleno dia";"Crescente";"Céu Claro";"Simples";"Reta";"Não";3;0;1;1;0;1;2;3;-9,57728977;-40,42853856;"SPRF-BA";"DEL04-BA";"UOP01-DEL04-BA"
302139;2020-08-17;"segunda-feira";"17:20:00";"BA";407;19,7;"JUAZEIRO";"Ultrapassagem Indevida";"Colisão traseira";"Com Vítimas Fatais";"Pleno dia";"Crescente";"Céu Claro";"Simples";"Reta";"Não";2;1;0;0;1;0;0;2;-9,56114799;-40,43635498;"SPRF-BA";"DEL04-BA";"UOP01-DEL04-BA"
302142;2020-08-18;"terça-feira";"01:30:00";"SP";116;208;"GUARULHOS";"Desobediência às normas de trânsito pelo pedestre";"Atropelamento de Pedestre";"Com Vítimas Fatais";"Plena Noite";"Crescente";"Chuva";"Dupla";"Reta";"Sim";2;1;0;0;1;0;0;2;-23,42222263;-46,3932771;"SPRF-SP";"DEL01-SP";"UOP01-DEL01-SP"
302143;2020-08-17;"segunda-feira";"23:30:00";"SP";116;58,4;"GUARATINGUETA";"Desobediência às normas de trânsito pelo condutor";"Colisão traseira";"Sem Vítimas";"Plena Noite";"Crescente";"Nublado";"Dupla";"Reta";"Sim";3;0;0;0;3;0;0;3;-22,7800551143;-45,1457279146;"SPRF-SP";"DEL08-SP";"UOP01-DEL08-SP"
302144;2020-08-18;"terça-feira";"02:00:00";"SP";116;168,6;"JACAREI";"Falta de Atenção do Pedestre";"Atropelamento de Pedestre";"Com Vítimas Fatais";"Plena Noite";"Decrescente";"Chuva";"Dupla";"Declive";"Não";2;1;0;0;0;1;0;2;-23,30545902;-46,03567599;"SPRF-SP";"DEL02-SP";"UOP01-DEL02-SP"
302145;2020-08-18;"terça-feira";"03:05:00";"SC";101;242,1;"PALHOCA";"Falta de Atenção à Condução";"Colisão traseira";"Com Vítimas Feridas";"Plena Noite";"Decrescente";"Chuva";"Múltipla";"Reta";"Sim";5;0;3;0;0;2;3;4;-27,87545797;-48,64678433;"SPRF-SC";"DEL01-SC";"UOP02-DEL01-SC"
302147;2020-08-18;"terça-feira";"04:00:00";"MG";50;60,3;"UBERLANDIA";"Falta de Atenção à Condução";"Colisão traseira";"Com Vítimas Feridas";"Plena Noite";"Crescente";"Céu Claro";"Dupla";"Aclive;Curva";"Não";3;0;1;0;1;2;1;4;-18,80909682;-48,24439716;"SPRF-MG";"DEL15-MG";"UOP02-DEL15-MG"
302154;2020-08-18;"terça-feira";"03:40:00";"SC";280;210,6;"TRES BARRAS";"Animais na Pista";"Atropelamento de Animal";"Sem Vítimas";"Pleno dia";"Decrescente";"Garoa/Chuvisco";"Simples";"Reta";"Não";2;0;0;0;1;1;0;2;-26,17399809;-50,16814498;"SPRF-SC";"DEL06-SC";"UOP04-DEL06-SC"
302157;2020-08-18;"terça-feira";"07:00:00";"PR";476;334,3;"PAULA FREITAS";"Defeito Mecânico no Veículo";"Incêndio";"Sem Vítimas";"Pleno dia";"Decrescente";"Garoa/Chuvisco";"Simples";"Reta";"Não";2;0;0;0;1;1;0;2;-26,126154;-50,847866;"SPRF-PR";"DEL02-PR";"UOP03-DEL02-PR"
302162;2020-08-18;"terça-feira";"08:20:00";"RN";226;97;"SANTA CRUZ";"Não guardar distância de segurança";"Queda de ocupante de veículo";"Com Vítimas Feridas";"Pleno dia";"Decrescente";"Céu Claro";"Simples";"Reta";"Não";2;0;1;0;1;0;1;2;-6,26451959;-35,90016102;"SPRF-RN";"DEL03-RN";"UOP02-DEL03-RN"
302166;2020-08-18;"terça-feira";"04:45:00";"AL";423;94;"DELMIRO GOUVEIA";"Condutor Dormindo";"Colisão lateral";"Com Vítimas Fatais";"Amanhecer";"Crescente";"Céu Claro";"Simples";"Aclive";"Não";9;1;2;2;3;1;4;3;-9,37261832;-38,10588787;"SPRF-BA";"DEL07-BA";"UOP01-DEL07-BA"
302169;2020-08-18;"terça-feira";"08:00:00";"RS";386;420,2;"MONTENEGRO";"Velocidade Incompatível";"Tombamento";"Com Vítimas Feridas";"Pleno dia";"Decrescente";"Nevoeiro/Neblina";"Dupla";"Curva";"Não";2;0;1;0;0;2;1;3;-29,8164259;-51,41962051;"SPRF-RS";"DEL04-RS";"UOP02-DEL04-RS"
302174;2020-08-18;"terça-feira";"05:30:00";"RJ";101;301;"SAO GONCALO";"Falta de Atenção à Condução";"Atropelamento de Pedestre";"Com Vítimas Fatais";"Amanhecer";"Crescente";"Céu Claro";"Dupla";"Reta";"Não";2;1;0;0;0;1;0;2;-22,77857497;-42,95745101;"SPRF-RJ";"DEL02-RJ";"UOP02-DEL02-RJ"
302182;2020-08-18;"terça-feira";"10:00:00";"SE";235;5,8;"NOSSA SENHORA DO SOCORRO";"Falta de Atenção à Condução";"Colisão lateral";"Com Vítimas Feridas";"Pleno dia";"Decrescente";"Céu Claro";"Dupla";"Reta";"Sim";3;0;1;0;1;1;1;3;-10,9041;-37,1278;"SPRF-SE";"DEL01-SE";"UOP01-DEL01-SE"
302184;2020-08-18;"terça-feira";"07:30:00";"SC";101;367,5;"ICARA";"Desobediência às normas de trânsito pelo condutor";"Colisão frontal";"Com Vítimas Feridas";"Pleno dia";"Crescente";"Céu Claro";"Simples";"Aclive;Reta";"Sim";3;0;1;0;1;1;1;3;-28,69145778;-49,16484911;"SPRF-SC";"DEL02-SC";"UOP01-DEL02-SC"
302188;2020-08-18;"terça-feira";"09:25:00";"BA";116;925;"ENCRUZILHADA";"Ingestão de Álcool";"Tombamento";"Com Vítimas Feridas";"Pleno dia";"Decrescente";"Céu Claro";"Simples";"Declive";"Não";2;0;1;0;0;1;1;2;-15,63127;-41,29764;"SPRF-BA";"DEL08-BA";"UOP03-DEL08-BA"
302189;2020-08-18;"terça-feira";"10:45:00";"PE";232;253,7;"ARCOVERDE";"Não guardar distância de segurança";"Colisão traseira";"Com Vítimas Feridas";"Pleno dia";"Crescente";"Céu Claro";"Simples";"Reta";"Sim";3;0;0;1;1;2;1;4;-8,423971;-37,073931;"SPRF-PE";"DEL03-PE";"UOP02-DEL03-PE"
302190;2020-08-18;"terça-feira";"10:20:00";"BA";116;774,6;"PLANALTO";"Desobediência às normas de trânsito pelo condutor";"Colisão traseira";"Com Vítimas Feridas";"Pleno dia";"Decrescente";"Céu Claro";"Simples";"Reta";"Não";4;0;1;0;2;1;1;3;-14,58216923;-40,43112243;"SPRF-BA";"DEL08-BA";"UOP02-DEL08-BA"
302194;2020-08-18;"terça-feira";"11:30:00";"MG";50;13;"ARAGUARI";"Falta de Atenção à Condução";"Colisão transversal";"Sem Vítimas";"Pleno dia";"Crescente";"Céu Claro";"Dupla";"Reta";"Sim";4;0;0;0;2;2;0;3;-18,53076495;-48,04214724;"SPRF-MG";"DEL15-MG";"UOP02-DEL15-MG"
302195;2020-08-18;"terça-feira";"12:00:00";"CE";116;45;"HORIZONTE";"Falta de Atenção à Condução";"Colisão transversal";"Com Vítimas Feridas";"Pleno dia";"Crescente";"Céu Claro";"Dupla";"Retorno Regulamentado;Reta";"Sim";2;0;2;0;0;0;2;2;-4,1312959;-38,48313475;"SPRF-CE";"DEL01-CE";"UOP02-DEL01-CE"
302198;2020-08-18;"terça-feira";"08:40:00";"SC";101;165,8;"TIJUCAS";"Falta de Atenção à Condução";"Colisão lateral";"Com Vítimas Feridas";"Pleno dia";"Crescente";"Nublado";"Dupla";"Reta";"Não";2;0;1;0;0;1;1;2;-27,252663;-48,63154894;"SPRF-SC";"DEL04-SC";"UOP03-DEL04-SC"
302207;2020-08-18;"terça-feira";"12:40:00";"DF";20;6;"BRASILIA";"Falta de Atenção à Condução";"Colisão lateral";"Sem Vítimas";"Pleno dia";"Decrescente";"Céu Claro";"Dupla";"Reta";"Sim";3;0;0;0;2;3;0;5;-15,665888;-47,808308;"SPRF-DF";"DEL02-DF";"UOP01-DEL02-DF"
302212;2020-08-18;"terça-feira";"13:05:00";"BA";101;287;"LAJE";"Falta de Atenção à Condução";"Tombamento";"Sem Vítimas";"Pleno dia";"Crescente";"Céu Claro";"Simples";"Curva";"Não";2;0;0;0;2;0;0;1;-13,28488593;-39,32243808;"SPRF-BA";"DEL01-BA";"UOP02-DEL01-BA"
302217;2020-07-31;"sexta-feira";"05:58:00";"MG";40;143,1;"JOAO PINHEIRO";"Desobediência às normas de trânsito pelo condutor";"Colisão lateral";"Com Vítimas Feridas";"Amanhecer";"Crescente";"Céu Claro";"Simples";"Retorno Regulamentado";"Sim";2;0;0;1;0;1;1;2;-17,745763;-46,17868;"SPRF-MG";"DEL14-MG";"UOP01-DEL14-MG"
302222;2020-08-18;"terça-feira";"15:15:00";"BA";116;25;"VITORIA DA CONQUISTA";"Defeito Mecânico no Veículo";"Incêndio";"Sem Vítimas";"Pleno dia";"Decrescente";"Nublado";"Simples";"Reta";"Sim";2;0;0;0;1;1;0;2;-14,851;-40,8485;"SPRF-BA";"DEL08-BA";"UOP01-DEL08-BA"
302230;2020-08-18;"terça-feira";"16:05:00";"PR";116;115;"CURITIBA";"Não guardar distância de segurança";"Saída de leito carroçável";"Sem Vítimas";"Pleno dia";"Crescente";"Chuva";"Dupla";"Reta";"Não";2;0;0;0;2;0;0;1;-25,55953326;-49,26560414;"SPRF-PR";"DEL01-PR";"UOP01-DEL01-PR"
302234;2020-08-18;"terça-feira";"15:00:00";"SP";116;406,9;"MIRACATU";"Defeito Mecânico no Veículo";"Colisão lateral";"Sem Vítimas";"Pleno dia";"Crescente";"Chuva";"Dupla";"Reta";"Não";2;0;0;0;1;1;0;2;-24,32668549;-47,56496429;"SPRF-SP";"DEL05-SP";"UOP01-DEL05-SP"
302236;2020-08-18;"terça-feira";"16:15:00";"BA";242;813;"BARREIRAS";"Velocidade Incompatível";"Tombamento";"Com Vítimas Feridas";"Pleno dia";"Decrescente";"Céu Claro";"Simples";"Curva";"Não";2;0;1;0;0;2;1;3;-12,1201806;-45,1473456;"SPRF-BA";"DEL10-BA";"UOP01-DEL10-BA"
302241;2020-08-18;"terça-feira";"17:20:00";"ES";101;182;"ARACRUZ";"Desobediência às normas de trânsito pelo condutor";"Colisão lateral";"Sem Vítimas";"Anoitecer";"Crescente";"Céu Claro";"Simples";"Reta";"Não";3;0;0;0;1;2;0;2;-19,6386808;-40,23155029;"SPRF-ES";"DEL04-ES";"UOP01-DEL04-ES"
302242;2020-08-18;"terça-feira";"10:30:00";"MG";365;216,4;"BURITIZEIRO";"Falta de Atenção à Condução";"Saída de leito carroçável";"Com Vítimas Feridas";"Pleno dia";"Crescente";"Sol";"Simples";"Reta";"Não";2;0;1;0;0;1;1;2;-17,58172391;-45,34487205;"SPRF-MG";"DEL12-MG";"UOP01-DEL12-MG"
302248;2020-03-06;"sexta-feira";"07:25:00";"DF";251;43,7;"BRASILIA";"Avarias e/ou desgaste excessivo no pneu";"Colisão lateral";"Com Vítimas Feridas";"Pleno dia";"Crescente";"Chuva";"Simples";"Curva";"Não";2;0;1;0;1;0;1;2;-15,94779507;-47,84511566;"SPRF-DF";"DEL01-DF";"UOP01-DEL01-DF"
302253;2020-08-18;"terça-feira";"17:40:00";"PE";428;189,8;"PETROLINA";"Desobediência às normas de trânsito pelo condutor";"Colisão lateral";"Sem Vítimas";"Anoitecer";"Decrescente";"Céu Claro";"Dupla";"Retorno Regulamentado";"Sim";2;0;0;0;1;1;0;2;-9,37787722;-40,50378621;"SPRF-PE";"DEL06-PE";"UOP01-DEL06-PE"
302254;2020-08-18;"terça-feira";"17:20:00";"PR";373;223,5;"IMBITUVA";"Desobediência às normas de trânsito pelo condutor";"Colisão transversal";"Com Vítimas Feridas";"Pleno dia";"Decrescente";"Chuva";"Simples";"Interseção de Vias";"Não";4;0;1;0;2;2;1;4;-25,17835987;-50,60094493;"SPRF-PR";"DEL03-PR";"UOP04-DEL03-PR"
302264;2020-08-18;"terça-feira";"16:53:00";"SC";116;309;"CAPAO ALTO";"Velocidade Incompatível";"Tombamento";"Com Vítimas Feridas";"Pleno dia";"Crescente";"Nublado";"Simples";"Curva;Declive";"Não";2;0;1;0;0;1;1;2;-28,198002;-50,759674;"SPRF-SC";"DEL05-SC";"UOP02-DEL05-SC"
302274;2020-08-18;"terça-feira";"13:00:00";"RR";174;292;"CARACARAI";"Condutor Dormindo";"Saída de leito carroçável";"Com Vítimas Feridas";"Pleno dia";"Crescente";"Sol";"Simples";"Curva";"Não";3;0;0;1;0;3;1;4;1,431896;-60,723217;"SPRF-RR";"DEL01-RR";"UOP01-DEL01-RR"
302278;2020-08-18;"terça-feira";"19:55:00";"RO";319;63,4;"PORTO VELHO";"Falta de Atenção à Condução";"Colisão lateral";"Sem Vítimas";"Plena Noite";"Decrescente";"Céu Claro";"Dupla";"Reta";"Sim";6;0;0;0;5;4;0;7;-8,766685;-63,884052;"SPRF-RO";"DEL01-RO";"UOP01-DEL01-RO"
302285;2020-08-18;"terça-feira";"21:20:00";"MG";365;757;"ITUIUTABA";"Falta de Atenção à Condução";"Colisão traseira";"Com Vítimas Feridas";"Plena Noite";"Decrescente";"Céu Claro";"Simples";"Reta";"Não";3;0;1;0;1;2;1;4;-18,96541;-49,50986;"SPRF-MG";"DEL15-MG";"UOP03-DEL15-MG"
302287;2020-08-18;"terça-feira";"03:45:00";"BA";101;592,1;"CAMACAN";"Ultrapassagem Indevida";"Colisão frontal";"Com Vítimas Fatais";"Amanhecer";"Decrescente";"Chuva";"Simples";"Aclive";"Não";5;1;0;1;2;2;1;5;-15,59595207;-39,42878484;"SPRF-BA";"DEL05-BA";"UOP02-DEL05-BA"
302295;2020-08-18;"terça-feira";"22:35:00";"PR";116;15;"COLOMBO";"Desobediência às normas de trânsito pelo condutor";"Colisão lateral";"Com Vítimas Fatais";"Plena Noite";"Decrescente";"Chuva";"Dupla";"Reta";"Sim";3;1;1;0;0;1;1;3;-25,3848;-49,1711;"SPRF-PR";"DEL01-PR";"UOP02-DEL01-PR"
302296;2020-08-18;"terça-feira";"21:45:00";"PR";277;288;"PRUDENTOPOLIS";"Falta de Atenção à Condução";"Saída de leito carroçável";"Com Vítimas Feridas";"Plena Noite";"Decrescente";"Chuva";"Simples";"Curva;Declive";"Não";2;0;1;0;0;1;1;2;-25,32270428;-50,9854861;"SPRF-PR";"DEL03-PR";"UOP03-DEL03-PR"
302297;2020-08-18;"terça-feira";"18:30:00";"SC";282;111,8;"ALFREDO WAGNER";"Falta de Atenção à Condução";"Colisão frontal";"Com Vítimas Feridas";"Plena Noite";"Crescente";"Chuva";"Simples";"Curva";"Não";8;0;0;6;1;1;6;3;-27,733616;-49,367538;"SPRF-SC";"DEL01-SC";"UOP03-DEL01-SC"
302303;2020-08-18;"terça-feira";"23:50:00";"MG";40;678,8;"CARANDAI";"Condutor Dormindo";"Saída de leito carroçável";"Com Vítimas Feridas";"Plena Noite";"Crescente";"Céu Claro";"Simples";"Reta";"Não";1;0;0;1;0;0;1;1;-21,02723689;-43,78274886;"SPRF-MG";"DEL05-MG";"UOP02-DEL05-MG"
302306;2020-08-18;"terça-feira";"21:00:00";"SP";116;363;"MIRACATU";"Falta de Atenção à Condução";"Colisão lateral";"Sem Vítimas";"Plena Noite";"Decrescente";"Chuva";"Dupla";"Curva";"Não";2;0;0;0;1;1;0;2;-24,13038097;-47,27114281;"SPRF-SP";"DEL04-SP";"UOP02-DEL04-SP"