"id";"data_inversa";"dia_semana";"horario";"uf";"br";"km";"municipio";"causa_acidente";"tipo_acidente";"classificacao_acidente";"fase_dia";"sentido_via";"condicao_metereologica";"tipo_pista";"tracado_via";"uso_solo";"pessoas";"mortos";"feridos_leves";"feridos_graves";"ilesos";"ignorados";"feridos";"veiculos";"latitude";"longitude";"regional";"delegacia";"uop"
302314;2020-08-19;"quarta-feira";"05:15:00";"PR";376;667,3;"GUARATUBA";"Velocidade Incompatível";"Saída de leito carroçável";"Com Vítimas Feridas";"Amanhecer";"Crescente";"Garoa/Chuvisco";"Dupla";"Reta";"Não";2;0;1;0;1;0;1;1;-25,86649659;-48,94666822;"SPRF-PR";"DEL01-PR";"UOP04-DEL01-PR"
302315;2020-08-19;"quarta-feira";"04:15:00";"CE";116;326,3;"JAGUARIBE";"Falta de Atenção à Condução";"Saída de leito carroçável";"Com Vítimas Feridas";"Plena Noite";"Decrescente";"Céu Claro";"Simples";"Reta";"Não";2;0;2;0;0;0;2;1;-6,04111701;-38,64591008;"SPRF-CE";"DEL05-CE";"UOP02-DEL05-CE"
302318;2020-08-19;"quarta-feira";"03:00:00";"PR";153;352,1;"REBOUCAS";"Ingestão de Álcool";"Saída de leito carroçável";"Sem Vítimas";"Plena Noite";"Decrescente";"Chuva";"Simples";"Curva;Interseção de Vias";"Não";2;0;0;0;1;1;0;2;-25,6240101;-50,70976188;"SPRF-PR";"DEL03-PR";"UOP03-DEL03-PR"
302333;2020-08-19;"quarta-feira";"07:15:00";"MT";364;139,3;"PEDRA PRETA";"Velocidade Incompatível";"Tombamento";"Com Vítimas Feridas";"Pleno dia";"Decrescente";"Sol";"Simples";"Curva";"Não";5;0;2;0;2;2;2;4;-16,792381;-54,195823;"SPRF-MT";"DEL02-MT";"UOP01-DEL02-MT"
302334;2020-08-19;"quarta-feira";"08:30:00";"RS";116;49;"VACARIA";"Falta de Atenção à Condução";"Tombamento";"Sem Vítimas";"Pleno dia";"Crescente";"Nublado";"Simples";"Curva";"Não";2;0;0;0;2;0;0;1;-28,56891356;-51,00387124;"SPRF-RS";"DEL05-RS";"UOP03-DEL05-RS"
302339;2020-08-19;"quarta-feira";"08:30:00";"RJ";393;117;"SAPUCAIA";"Falta de Atenção à Condução";"Colisão traseira";"Com Vítimas Feridas";"Pleno dia";"Crescente";"Céu Claro";"Simples";"Reta";"Não";7;0;3;0;3;1;3;4;-21,91903281;-42,76164712;"SPRF-RJ";"DEL05-RJ";"UOP01-DEL05-RJ"
302341;2020-08-19;"quarta-feira";"09:30:00";"AL";101;112;"SAO MIGUEL DOS CAMPOS";"Velocidade Incompatível";"Tombamento";"Com Vítimas Feridas";"Pleno dia";"Crescente";"Céu Claro";"Simples";"Curva";"Não";3;0;2;0;0;1;2;2;-9,63307649;-36,02923393;"SPRF-AL";"DEL02-AL";"UOP01-DEL02-AL"
302342;2020-08-19;"quarta-feira";"08:45:00";"SP";116;504;"CAJATI";"Pista Escorregadia";"Colisão com objeto estático";"Com Vítimas Feridas";"Pleno dia";"Decrescente";"Chuva";"Dupla";"Curva";"Não";2;0;1;0;0;1;1;2;-24,796913;-48,208691;"SPRF-SP";"DEL05-SP";"UOP02-DEL05-SP"
302343;2020-08-19;"quarta-feira";"06:50:00";"BA";116;911,9;"ENCRUZILHADA";"Falta de Atenção à Condução";"Colisão transversal";"Com Vítimas Feridas";"Pleno dia";"Decrescente";"Nublado";"Simples";"Reta";"Não";3;0;1;0;1;10;1;12;-15,529805;-41,246671;"SPRF-BA";"DEL08-BA";"UOP03-DEL08-BA"
302345;2020-08-19;"quarta-feira";"07:53:00";"MT";364;349,5;"SANTO ANTONIO DO LEVERGER";"Falta de Atenção à Condução";"Saída de leito carroçável";"Com Vítimas Feridas";"Pleno dia";"Crescente";"Céu Claro";"Dupla";"Declive";"Não";2;0;1;0;0;2;1;3;-15,80518241;-55,55686807;"SPRF-MT";"DEL05-MT";"UOP02-DEL05-MT"
302353;2020-08-19;"quarta-feira";"10:50:00";"PR";376;641;"TIJUCAS DO SUL";"Falta de Atenção à Condução";"Colisão traseira";"Com Vítimas Feridas";"Pleno dia";"Decrescente";"Chuva";"Múltipla";"Aclive";"Não";5;0;3;0;1;1;3;3;-25,79034012;-49,12563183;"SPRF-PR";"DEL01-PR";"UOP04-DEL01-PR"
302358;2020-05-22;"sexta-feira";"18:20:00";"PR";153;17;"JACAREZINHO";"Velocidade Incompatível";"Saída de leito carroçável";"Com Vítimas Feridas";"Anoitecer";"Decrescente";"Chuva";"Simples";"Reta";"Não";3;0;0;1;1;1;1;2;-23,13578891;-49,94495353;"SPRF-PR";"DEL07-PR";"UOP04-DEL07-PR"
302359;2020-08-19;"quarta-feira";"11:00:00";"BA";116;403;"FEIRA DE SANTANA";"Falta de Atenção à Condução";"Colisão traseira";"Com Vítimas Feridas";"Pleno dia";"Crescente";"Céu Claro";"Simples";"Reta";"Não";4;0;1;0;2;1;1;3;-12,05556205;-38,97006389;"SPRF-BA";"DEL02-BA";"UOP01-DEL02-BA"
302366;2020-08-19;"quarta-feira";"10:30:00";"SC";153;81,8;"IRANI";"Falta de Atenção à Condução";"Colisão lateral";"Sem Vítimas";"Pleno dia";"Crescente";"Chuva";"Simples";"Curva";"Não";3;0;0;0;2;1;0;3;-27,120626;-51,922867;"SPRF-SC";"DEL07-SC";"UOP04-DEL07-SC"
302368;2020-03-12;"quinta-feira";"12:20:00";"PI";316;312,6;"PICOS";"Falta de Atenção à Condução";"Colisão com objeto estático";"Sem Vítimas";"Pleno dia";"Decrescente";"Céu Claro";"Simples";"Reta";"Sim";1;0;0;0;1;0;0;1;-7,08092534;-41,4582602;"SPRF-PI";"DEL04-PI";"UOP01-DEL04-PI"
302370;2020-08-19;"quarta-feira";"12:15:00";"RS";290;32;"SANTO ANTONIO DA PATRULHA";"Falta de Atenção à Condução";"Saída de leito carroçável";"Com Vítimas Feridas";"Pleno dia";"Decrescente";"Nublado";"Dupla";"Reta";"Não";2;0;1;0;0;1;1;2;-29,884836;-50,576054;"SPRF-RS";"DEL03-RS";"UOP01-DEL03-RS"
302371;2020-08-19;"quarta-feira";"13:00:00";"MG";146;453;"MUZAMBINHO";"Defeito Mecânico no Veículo";"Colisão com objeto em movimento";"Com Vítimas Feridas";"Pleno dia";"Crescente";"Céu Claro";"Simples";"Reta";"Não";3;0;0;1;1;1;1;3;-21,360336;-46,492092;"SPRF-MG";"DEL09-MG";"UOP01-DEL09-MG"
302374;2020-08-19;"quarta-feira";"13:30:00";"SC";282;628;"IRACEMINHA";"Ingestão de Álcool";"Colisão lateral";"Com Vítimas Feridas";"Pleno dia";"Decrescente";"Nublado";"Simples";"Reta";"Não";3;0;1;0;2;0;1;2;-26,818754;-53,365486;"SPRF-SC";"DEL07-SC";"UOP02-DEL07-SC"
302375;2020-08-19;"quarta-feira";"14:34:00";"PR";476;357,4;"UNIAO DA VITORIA";"Falta de Atenção à Condução";"Colisão transversal";"Com Vítimas Fatais";"Pleno dia";"Decrescente";"Nublado";"Simples";"Reta";"Sim";3;1;0;0;2;0;0;3;-26,197399;-51,04232;"SPRF-PR";"DEL02-PR";"UOP03-DEL02-PR"
302376;2020-08-19;"quarta-feira";"14:21:00";"MA";316;611;"TIMON";"Desobediência às normas de trânsito pelo condutor";"Colisão transversal";"Com Vítimas Feridas";"Pleno dia";"Crescente";"Céu Claro";"Dupla";"Interseção de Vias";"Sim";2;0;1;0;1;0;1;2;-5,07092903;-42,87457835;"SPRF-MA";"DEL03-MA";"UOP02-DEL03-MA"
302380;2020-08-19;"quarta-feira";"14:40:00";"SP";116;414;"JUQUIA";"Falta de Atenção à Condução";"Saída de leito carroçável";"Com Vítimas Feridas";"Pleno dia";"Decrescente";"Nublado";"Dupla";"Reta";"Não";4;0;2;2;0;0;4;1;-24,33164;-47,632774;"SPRF-SP";"DEL05-SP";"UOP01-DEL05-SP"
302381;2020-08-19;"quarta-feira";"14:05:00";"MG";40;144;"JOAO PINHEIRO";"Falta de Atenção à Condução";"Colisão traseira";"Com Vítimas Fatais";"Pleno dia";"Decrescente";"Céu Claro";"Simples";"Curva;Declive";"Sim";3;1;0;0;1;2;0;4;-17,750252;-46,169388;"SPRF-MG";"DEL14-MG";"UOP01-DEL14-MG"
302385;2020-08-19;"quarta-feira";"14:15:00";"MG";40;274;"TRES MARIAS";"Desobediência às normas de trânsito pelo pedestre";"Atropelamento de Pedestre";"Com Vítimas Feridas";"Pleno dia";"Decrescente";"Céu Claro";"Simples";"Reta";"Não";3;0;0;1;1;1;1;3;-18,19286003;-45,24415203;"SPRF-MG";"DEL14-MG";"UOP02-DEL14-MG"
302386;2020-08-19;"quarta-feira";"14:40:00";"SC";101;128,1;"CAMBORIU";"Falta de Atenção à Condução";"Engavetamento";"Com Vítimas Feridas";"Pleno dia";"Crescente";"Chuva";"Dupla";"Reta";"Não";8;0;1;0;6;1;1;8;-26,97284292;-48,68299451;"SPRF-SC";"DEL04-SC";"UOP03-DEL04-SC"
302387;2020-08-19;"quarta-feira";"15:30:00";"BA";116;448;"ANTONIO CARDOSO";"Falta de Atenção à Condução";"Colisão lateral";"Sem Vítimas";"Pleno dia";"Crescente";"Céu Claro";"Múltipla";"Aclive";"Não";2;0;0;0;2;0;0;2;-12,36969389;-39,11399209;"SPRF-BA";"DEL02-BA";"UOP01-DEL02-BA"
302388;2020-08-19;"quarta-feira";"16:00:00";"TO";153;390;"RIO DOS BOIS";"Não guardar distância de segurança";"Colisão lateral";"Sem Vítimas";"Pleno dia";"Crescente";"Céu Claro";"Simples";"Reta";"Não";3;0;0;0;2;3;0;5;-9,32914419;-48,53833141;"SPRF-TO";"DEL02-TO";"UOP02-DEL02-TO"
302397;2020-08-19;"quarta-feira";"15:00:00";"GO";364;261;"MINEIROS";"Fenômenos da Natureza";"Incêndio";"Sem Vítimas";"Pleno dia";"Crescente";"Céu Claro";"Simples";"Reta";"Não";2;0;0;0;1;1;0;2;-17,664186;-52,232548;"SPRF-GO";"DEL05-GO";"UOP01-DEL05-GO"
302398;2020-08-19;"quarta-feira";"17:15:00";"PR";376;7,4;"MARINGA";"Carga excessiva e/ou mal acondicionada";"Colisão com objeto estático";"Sem Vítimas";"Pleno dia";"Decrescente";"Garoa/Chuvisco";"Dupla";"Aclive;Reta";"Sim";2;0;0;0;1;1;0;2;-23,373079;-51,932183;"SPRF-PR";"DEL09-PR";"UOP01-DEL09-PR"
302400;2020-08-19;"quarta-feira";"17:00:00";"RJ";116;223;"PIRAI";"Falta de Atenção à Condução";"Tombamento";"Com Vítimas Feridas";"Pleno dia";"Decrescente";"Céu Claro";"Dupla";"Curva";"Sim";2;0;1;0;0;1;1;2;-22,68972504;-43,801317;"SPRF-RJ";"DEL07-RJ";"UOP01-DEL07-RJ"
302401;2020-08-19;"quarta-feira";"17:20:00";"RS";290;720;"URUGUAIANA";"Desobediência às normas de trânsito pelo condutor";"Colisão traseira";"Com Vítimas Feridas";"Pleno dia";"Crescente";"Céu Claro";"Dupla";"Reta";"Sim";2;0;0;1;0;1;1;2;-29,766502;-57,058228;"SPRF-RS";"DEL13-RS";"UOP01-DEL13-RS"
302408;2020-08-19;"quarta-feira";"18:00:00";"SC";101;137,2;"BALNEARIO CAMBORIU";"Não guardar distância de segurança";"Engavetamento";"Com Vítimas Feridas";"Anoitecer";"Decrescente";"Garoa/Chuvisco";"Dupla";"Declive";"Sim";9;0;1;0;7;1;1;8;-27,0157238;-48,61192763;"SPRF-SC";"DEL04-SC";"UOP03-DEL04-SC"
302409;2020-08-19;"quarta-feira";"15:05:00";"MT";364;376,9;"SANTO ANTONIO DO LEVERGER";"Falta de Atenção à Condução";"Saída de leito carroçável";"Com Vítimas Feridas";"Pleno dia";"Crescente";"Sol";"Dupla";"Reta";"Não";2;0;1;0;0;2;1;3;-15,7039;-55,75147;"SPRF-MT";"DEL01-MT";"UOP02-DEL01-MT"
302410;2020-08-19;"quarta-feira";"16:58:00";"PB";230;9,6;"CABEDELO";"Falta de Atenção à Condução";"Colisão transversal";"Com Vítimas Feridas";"Pleno dia";"Decrescente";"Sol";"Dupla";"Em Obras;Curva;Desvio Temporário";"Sim";3;0;0;1;1;1;1;3;-7,0433;-34,8466;"SPRF-PB";"DEL01-PB";"UOP01-DEL01-PB"
302413;2020-08-19;"quarta-feira";"18:50:00";"SP";116;37,8;"CACHOEIRA PAULISTA";"Falta de Atenção à Condução";"Engavetamento";"Com Vítimas Feridas";"Plena Noite";"Decrescente";"Céu Claro";"Dupla";"Curva";"Não";14;0;2;0;11;1;2;6;-22,66851148;-44,98901367;"SPRF-SP";"DEL08-SP";"UOP02-DEL08-SP"
302424;2020-08-19;"quarta-feira";"20:25:00";"GO";153;406,2;"PIRENOPOLIS";"Desobediência às normas de trânsito pelo condutor";"Colisão frontal";"Com Vítimas Feridas";"Plena Noite";"Crescente";"Céu Claro";"Simples";"Aclive;Reta";"Não";5;0;1;1;3;0;2;3;-16,069815;-49,058235;"SPRF-GO";"DEL02-GO";"UOP01-DEL02-GO"
302428;2020-08-19;"quarta-feira";"14:30:00";"RO";364;535;"ALTO PARAISO";"Defeito na Via";"Colisão frontal";"Com Vítimas Feridas";"Pleno dia";"Crescente";"Sol";"Simples";"Curva";"Não";2;0;1;1;0;0;2;2;-9,75412198;-63,09728697;"SPRF-RO";"DEL03-RO";"UOP01-DEL03-RO"
302429;2020-08-19;"quarta-feira";"17:50:00";"SC";282;406,8;"CATANDUVAS";"Ultrapassagem Indevida";"Colisão lateral";"Sem Vítimas";"Anoitecer";"Crescente";"Nublado";"Simples";"Reta";"Não";3;0;0;0;1;2;0;3;-27,092703;-51,659904;"SPRF-SC";"DEL07-SC";"UOP05-DEL07-SC"
302435;2020-08-19;"quarta-feira";"20:00:00";"PB";230;161,3;"CAMPINA GRANDE";"Deficiência ou não Acionamento do Sistema de Iluminação/Sinalização do Veículo";"Colisão traseira";"Com Vítimas Feridas";"Plena Noite";"Decrescente";"Céu Claro";"Simples";"Reta";"Não";3;0;1;0;1;1;1;3;-7,2361;-35,941;"SPRF-PB";"DEL02-PB";"UOP01-DEL02-PB"
302442;2020-08-19;"quarta-feira";"19:30:00";"SC";280;13;"SAO FRANCISCO DO SUL";"Falta de Atenção à Condução";"Colisão frontal";"Com Vítimas Feridas";"Plena Noite";"Decrescente";"Chuva";"Simples";"Reta";"Não";3;0;1;0;1;1;1;3;-26,32171113;-48,64798666;"SPRF-SC";"DEL03-SC";"UOP03-DEL03-SC"
302443;2020-08-19;"quarta-feira";"22:15:00";"PR";116;35;"CAMPINA GRANDE DO SUL";"Falta de Atenção do Pedestre";"Atropelamento de Pedestre";"Com Vítimas Feridas";"Plena Noite";"Crescente";"Nublado";"Dupla";"Reta";"Não";4;0;0;1;1;2;1;3;-25,12294607;-48,85610579;"SPRF-PR";"DEL01-PR";"UOP02-DEL01-PR"
302444;2020-08-19;"quarta-feira";"22:40:00";"PR";376;124;"ALTO PARANA";"Falta de Atenção à Condução";"Engavetamento";"Com Vítimas Feridas";"Plena Noite";"Crescente";"Chuva";"Dupla";"Declive";"Não";3;0;1;0;2;0;1;3;-23,14400328;-52,2818582;"SPRF-PR";"DEL09-PR";"UOP02-DEL09-PR"
302446;2020-03-30;"segunda-feira";"19:50:00";"PI";343;261,3;"CAMPO MAIOR";"Animais na Pista";"Colisão lateral";"Com Vítimas Feridas";"Plena Noite";"Crescente";"Céu Claro";"Simples";"Reta";"Não";6;0;1;0;4;1;1;3;-4,806726;-42,145878;"SPRF-PI";"DEL01-PI";"UOP03-DEL01-PI"
302448;2020-08-19;"quarta-feira";"22:30:00";"PE";423;62,2;"LAJEDO";"Ingestão de Álcool";"Colisão frontal";"Com Vítimas Fatais";"Plena Noite";"Crescente";"Céu Claro";"Simples";"Reta";"Não";2;1;0;0;1;0;0;2;-8,660809;-36,341467;"SPRF-PE";"DEL03-PE";"UOP01-DEL03-PE"
302450;2020-08-19;"quarta-feira";"20:30:00";"AL";101;122;"SAO MIGUEL DOS CAMPOS";"Defeito Mecânico no Veículo";"Colisão com objeto estático";"Sem Vítimas";"Plena Noite";"Decrescente";"Céu Claro";"Dupla";"Reta;Declive";"Não";1;0;0;0;1;0;0;1;-9,69770906;-36,03230431;"SPRF-AL";"DEL02-AL";"UOP01-DEL02-AL"
302451;2020-08-19;"quarta-feira";"22:35:00";"PR";163;172,6;"LINDOESTE";"Falta de Atenção à Condução";"Colisão lateral";"Sem Vítimas";"Plena Noite";"Crescente";"Nevoeiro/Neblina";"Simples";"Reta";"Não";3;0;0;0;2;2;0;4;-25,24175091;-53,58673496;"SPRF-PR";"DEL05-PR";"UOP05-DEL05-PR"
302452;2020-08-19;"quarta-feira";"23:30:00";"PB";101;116,9;"CAAPORA";"Falta de Atenção à Condução";"Colisão lateral";"Com Vítimas Feridas";"Plena Noite";"Crescente";"Céu Claro";"Dupla";"Reta;Retorno Regulamentado;Aclive";"Não";3;0;1;0;0;2;1;3;-7,4151744;-34,95834768;"SPRF-PB";"DEL01-PB";"UOP02-DEL01-PB"
302455;2020-08-19;"quarta-feira";"23:30:00";"MG";381;948,8;"EXTREMA";"Falta de Atenção à Condução";"Colisão com objeto estático";"Com Vítimas Feridas";"Plena Noite";"Decrescente";"Nublado";"Múltipla";"Reta";"Não";3;0;1;0;1;1;1;3;-22,8736891;-46,36402667;"SPRF-MG";"DEL16-MG";"UOP03-DEL16-MG"
302459;2020-08-20;"quinta-feira";"02:00:00";"SP";116;562;"BARRA DO TURVO";"Pista Escorregadia";"Colisão com objeto estático";"Com Vítimas Feridas";"Plena Noite";"Crescente";"Chuva";"Dupla";"Curva;Aclive";"Não";3;0;1;0;2;0;1;2;-25,02464023;-48,52213701;"SPRF-SP";"DEL05-SP";"UOP02-DEL05-SP"
302462;2020-08-20;"quinta-feira";"04:30:00";"PE";232;236,3;"PESQUEIRA";"Condutor Dormindo";"Capotamento";"Com Vítimas Feridas";"Amanhecer";"Decrescente";"Céu Claro";"Simples";"Curva";"Não";2;0;0;2;0;0;2;1;-8,40876218;-36,92508437;"SPRF-PE";"DEL03-PE";"UOP02-DEL03-PE"
302463;2020-08-20;"quinta-feira";"00:15:00";"SP";116;506;"CAJATI";"Defeito na Via";"Colisão com objeto estático";"Com Vítimas Feridas";"Plena Noite";"Crescente";"Chuva";"Dupla";"Aclive";"Não";2;0;0;1;0;1;1;2;-24,79704815;-48,2145174;"SPRF-SP";"DEL05-SP";"UOP02-DEL05-SP"
302468;2020-08-20;"quinta-feira";"07:00:00";"SC";470;19;"ILHOTA";"Desobediência às normas de trânsito pelo condutor";"Colisão lateral";"Com Vítimas Feridas";"Pleno dia";"Crescente";"Nublado";"Simples";"Reta";"Não";3;0;1;0;1;1;1;3;-26,862995;-48,814396;"SPRF-SC";"DEL04-SC";"UOP04-DEL04-SC"
302469;2020-08-20;"quinta-feira";"06:10:00";"RS";285;351;"SALDANHA MARINHO";"Ultrapassagem Indevida";"Colisão frontal";"Com Vítimas Feridas";"Pleno dia";"Crescente";"Céu Claro";"Simples";"Reta";"Não";6;0;4;0;1;1;4;4;-28,3537711;-52,95072556;"SPRF-RS";"DEL08-RS";"UOP03-DEL08-RS"
302471;2020-08-20;"quinta-feira";"07:15:00";"TO";153;342;"GUARAI";"Condutor Dormindo";"Colisão frontal";"Com Vítimas Feridas";"Pleno dia";"Decrescente";"Céu Claro";"Simples";"Reta";"Não";4;0;1;0;2;1;1;4;-8,90868999;-48,5092584;"SPRF-TO";"DEL02-TO";"UOP02-DEL02-TO"
302475;2020-08-20;"quinta-feira";"07:20:00";"RS";448;12;"CANOAS";"Falta de Atenção à Condução";"Colisão lateral";"Sem Vítimas";"Pleno dia";"Crescente";"Céu Claro";"Dupla";"Reta";"Não";2;0;0;0;2;0;0;2;-29,914507;-51,236031;"SPRF-RS";"DEL01-RS";"UOP01-DEL01-RS"
302476;2020-08-20;"quinta-feira";"00:10:00";"RJ";116;29,5;"SAPUCAIA";"Condutor Dormindo";"Tombamento";"Com Vítimas Fatais";"Plena Noite";"Decrescente";"Céu Claro";"Simples";"Reta";"Não";2;1;0;1;0;0;1;1;-22,06451983;-42,79542346;"SPRF-RJ";"DEL04-RJ";"UOP01-DEL04-RJ"
302482;2020-08-20;"quinta-feira";"07:20:00";"RJ";101;75;"CAMPOS DOS GOYTACAZES";"Falta de Atenção à Condução";"Colisão lateral";"Com Vítimas Feridas";"Pleno dia";"Decrescente";"Nublado";"Simples";"Curva";"Não";2;0;1;0;0;1;1;2;-21,816525;-41,397686;"SPRF-RJ";"DEL08-RJ";"UOP02-DEL08-RJ"
302485;2020-08-20;"quinta-feira";"06:50:00";"RS";116;157,5;"CAXIAS DO SUL";"Velocidade Incompatível";"Colisão frontal";"Com Vítimas Feridas";"Pleno dia";"Crescente";"Céu Claro";"Simples";"Curva";"Não";3;0;2;0;1;0;2;2;-29,21630566;-51,17405891;"SPRF-RS";"DEL05-RS";"UOP01-DEL05-RS"
302489;2020-08-20;"quinta-feira";"07:30:00";"PI";316;0,4;"TERESINA";"Não guardar distância de segurança";"Colisão traseira";"Com Vítimas Feridas";"Pleno dia";"Decrescente";"Sol";"Simples";"Ponte";"Sim";3;0;0;1;1;3;1;5;-5,130145;-42,811405;"SPRF-PI";"DEL01-PI";"UOP02-DEL01-PI"
302490;2020-08-20;"quinta-feira";"08:45:00";"PE";232;7,7;"RECIFE";"Não guardar distância de segurança";"Colisão lateral";"Com Vítimas Feridas";"Pleno dia";"Decrescente";"Céu Claro";"Dupla";"Reta";"Sim";3;0;1;0;0;2;1;3;-8,07333497;-34,96184301;"SPRF-PE";"DEL01-PE";"UOP01-DEL01-PE"
302492;2020-07-16;"quinta-feira";"04:00:00";"SP";153;311,3;"RIBEIRAO DO SUL";"Condutor Dormindo";"Saída de leito carroçável";"Sem Vítimas";"Plena Noite";"Crescente";"Céu Claro";"Simples";"Reta";"Não";2;0;0;0;0;2;0;2;-22,677443;-49,88958268;"SPRF-SP";"DEL07-SP";"UOP03-DEL07-SP"
302498;2020-08-20;"quinta-feira";"08:20:00";"TO";153;483,3;"PARAISO DO TOCANTINS";"Defeito Mecânico no Veículo";"Saída de leito carroçável";"Sem Vítimas";"Pleno dia";"Crescente";"Céu Claro";"Simples";"Curva";"Não";2;0;0;0;1;1;0;2;-10,07093792;-48,85200006;"SPRF-TO";"DEL01-TO";"UOP01-DEL01-TO"
302503;2020-06-26;"sexta-feira";"01:35:00";"MG";381;440,8;"SABARA";"Restrição de Visibilidade";"Saída de leito carroçável";"Com Vítimas Feridas";"Plena Noite";"Decrescente";"Céu Claro";"Simples";"Curva";"Não";2;0;1;0;0;1;1;2;-19,81160206;-43,79604396;"SPRF-MG";"DEL01-MG";"UOP01-DEL01-MG"
302508;2020-08-20;"quinta-feira";"08:00:00";"AP";210;4;"MACAPA";"Falta de Atenção à Condução";"Colisão lateral";"Sem Vítimas";"Pleno dia";"Decrescente";"Céu Claro";"Dupla";"Reta";"Sim";2;0;0;0;1;1;0;2;0,08824228;-51,09472897;"SPRF-AP";"DEL01-AP";"UOP01-DEL01-AP"
302509;2020-08-20;"quinta-feira";"10:40:00";"GO";153;673,1;"PANAMA";"Condutor Dormindo";"Colisão traseira";"Com Vítimas Feridas";"Pleno dia";"Crescente";"Céu Claro";"Dupla";"Reta";"Não";3;0;1;0;2;0;1;2;-18,168;-49,2891;"SPRF-GO";"DEL03-GO";"UOP02-DEL03-GO"
302511;2020-08-20;"quinta-feira";"09:00:00";"MG";365;338,4;"VARJAO DE MINAS";"Velocidade Incompatível";"Colisão traseira";"Com Vítimas Feridas";"Pleno dia";"Decrescente";"Sol";"Simples";"Reta";"Não";6;0;3;0;2;1;3;2;-18,337621;-46,013799;"SPRF-MG";"DEL10-MG";"UOP01-DEL10-MG"
302513;2020-08-20;"quinta-feira";"11:10:00";"BA";324;622;"SALVADOR";"Falta de Atenção à Condução";"Colisão lateral";"Sem Vítimas";"Pleno dia";"Crescente";"Céu Claro";"Múltipla";"Reta";"Sim";2;0;0;0;2;0;0;2;-12,91888605;-38,46502095;"SPRF-BA";"DEL01-BA";"UOP01-DEL01-BA"
302514;2020-08-20;"quinta-feira";"11:30:00";"MG";381;477,9;"CONTAGEM";"Desobediência às normas de trânsito pelo pedestre";"Atropelamento de Pedestre";"Com Vítimas Fatais";"Pleno dia";"Crescente";"Céu Claro";"Dupla";"Declive;Reta";"Sim";3;1;0;0;1;1;0;3;-19,95826094;-44,05921101;"SPRF-MG";"DEL01-MG";"UOP03-DEL01-MG"
302516;2020-08-20;"quinta-feira";"11:45:00";"RS";290;213,3;"PANTANO GRANDE";"Desobediência às normas de trânsito pelo condutor";"Colisão lateral";"Com Vítimas Feridas";"Pleno dia";"Crescente";"Céu Claro";"Simples";"Interseção de Vias";"Não";3;0;1;0;1;1;1;3;-30,18697986;-52,35826492;"SPRF-RS";"DEL02-RS";"UOP03-DEL02-RS"
302517;2020-08-20;"quinta-feira";"11:45:00";"PB";230;25;"JOAO PESSOA";"Falta de Atenção à Condução";"Colisão traseira";"Sem Vítimas";"Pleno dia";"Crescente";"Céu Claro";"Dupla";"Reta";"Não";2;0;0;0;2;0;0;2;-7,1707;-34,8684;"SPRF-PB";"DEL01-PB";"UOP01-DEL01-PB"
302518;2020-08-20;"quinta-feira";"11:45:00";"PE";423;18;"SAO CAITANO";"Velocidade Incompatível";"Saída de leito carroçável";"Sem Vítimas";"Pleno dia";"Crescente";"Céu Claro";"Dupla";"Interseção de Vias";"Não";1;0;0;0;1;0;0;1;-8,33033097;-36,14470299;"SPRF-PE";"DEL02-PE";"UOP03-DEL02-PE"
302524;2020-08-20;"quinta-feira";"12:45:00";"CE";116;161,4;"RUSSAS";"Desobediência às normas de trânsito pelo condutor";"Colisão transversal";"Com Vítimas Feridas";"Pleno dia";"Decrescente";"Céu Claro";"Simples";"Curva";"Sim";5;0;2;0;3;0;2;2;-4,928397;-37,990125;"SPRF-CE";"DEL03-CE";"UOP01-DEL03-CE"
302527;2020-08-20;"quinta-feira";"12:50:00";"SP";153;182,9;"LINS";"Desobediência às normas de trânsito pelo condutor";"Colisão lateral";"Com Vítimas Feridas";"Pleno dia";"Crescente";"Nublado";"Simples";"Interseção de Vias";"Não";2;0;1;0;1;0;1;2;-21,7059212;-49,80068207;"SPRF-SP";"DEL07-SP";"UOP01-DEL07-SP"
302529;2020-08-08;"sábado";"16:30:00";"BA";116;8,9;"VITORIA DA CONQUISTA";"Falta de Atenção do Pedestre";"Atropelamento de Pedestre";"Com Vítimas Feridas";"Pleno dia";"Crescente";"Garoa/Chuvisco";"Simples";"Reta";"Sim";2;0;0;1;1;0;1;2;-14,85171818;-40,88235037;"SPRF-BA";"DEL08-BA";"UOP01-DEL08-BA"
302531;2020-08-19;"quarta-feira";"15:00:00";"GO";158;200;"CAIAPONIA";"Velocidade Incompatível";"Tombamento";"Sem Vítimas";"Plena Noite";"Decrescente";"Céu Claro";"Simples";"Declive;Reta";"Não";2;0;0;0;1;2;0;3;-17,313392;-51,877795;"SPRF-GO";"DEL05-GO";"UOP01-DEL05-GO"
302533;2020-08-20;"quinta-feira";"04:30:00";"PE";116;34;"SALGUEIRO";"Defeito Mecânico no Veículo";"Colisão lateral";"Com Vítimas Feridas";"Amanhecer";"Decrescente";"Céu Claro";"Simples";"Reta";"Não";3;0;1;0;1;1;1;3;-8,135853;-39,113209;"SPRF-PE";"DEL05-PE";"UOP01-DEL05-PE"
302536;2020-08-20;"quinta-feira";"13:15:00";"RS";153;373,5;"NOVO CABRAIS";"Velocidade Incompatível";"Tombamento";"Com Vítimas Feridas";"Pleno dia";"Crescente";"Sol";"Simples";"Interseção de Vias";"Não";1;0;1;0;0;0;1;1;-29,74112837;-52,96131134;"SPRF-RS";"DEL02-RS";"UOP03-DEL02-RS"