"id";"data_inversa";"dia_semana";"horario";"uf";"br";"km";"municipio";"causa_acidente";"tipo_acidente";"classificacao_acidente";"fase_dia";"sentido_via";"condicao_metereologica";"tipo_pista";"tracado_via";"uso_solo";"pessoas";"mortos";"feridos_leves";"feridos_graves";"ilesos";"ignorados";"feridos";"veiculos";"latitude";"longitude";"regional";"delegacia";"uop"
302538;2020-08-20;"quinta-feira";"14:50:00";"SP";116;561;"BARRA DO TURVO";"Pista Escorregadia";"Saída de leito carroçável";"Sem Vítimas";"Pleno dia";"Crescente";"Chuva";"Simples";"Curva";"Não";2;0;0;0;1;1;0;2;-25,02045097;-48,51586004;"SPRF-SP";"DEL05-SP";"UOP02-DEL05-SP"
302539;2020-08-20;"quinta-feira";"15:00:00";"PR";163;253,4;"TOLEDO";"Defeito Mecânico no Veículo";"Incêndio";"Sem Vítimas";"Pleno dia";"Decrescente";"Nublado";"Dupla";"Reta";"Não";2;0;0;0;1;1;0;2;-24,68980596;-53,759096;"SPRF-PR";"DEL06-PR";"UOP02-DEL06-PR"
302540;2020-08-20;"quinta-feira";"12:40:00";"MT";364;274;"JACIARA";"Ingestão de Álcool";"Colisão lateral";"Sem Vítimas";"Pleno dia";"Decrescente";"Céu Claro";"Dupla";"Declive";"Sim";3;0;0;0;3;0;0;3;-15,95570165;-54,97510461;"SPRF-MT";"DEL02-MT";"UOP01-DEL02-MT"
302542;2020-08-20;"quinta-feira";"14:30:00";"MA";222;666;"ACAILANDIA";"Ingestão de Álcool";"Colisão traseira";"Sem Vítimas";"Pleno dia";"Decrescente";"Céu Claro";"Simples";"Declive";"Não";2;0;0;0;2;0;0;2;-4,92523508;-47,43798688;"SPRF-MA";"DEL04-MA";"UOP03-DEL04-MA"
302544;2020-08-20;"quinta-feira";"10:00:00";"GO";60;105;"GOIANAPOLIS";"Carga excessiva e/ou mal acondicionada";"Tombamento";"Com Vítimas Feridas";"Pleno dia";"Crescente";"Céu Claro";"Dupla";"Declive;Reta";"Não";2;0;1;0;0;1;1;2;-16,4156;-49,0087;"SPRF-GO";"DEL02-GO";"UOP01-DEL02-GO"
302547;2020-08-20;"quinta-feira";"15:30:00";"RS";290;99;"PORTO ALEGRE";"Falta de Atenção à Condução";"Engavetamento";"Com Vítimas Feridas";"Pleno dia";"Crescente";"Céu Claro";"Dupla";"Reta";"Não";6;0;2;0;4;0;2;4;-29,991756;-51,22699;"SPRF-RS";"DEL01-RS";"UOP01-DEL01-RS"
302550;2020-08-20;"quinta-feira";"17:00:00";"MG";381;760,2;"CAMPANHA";"Falta de Atenção à Condução";"Colisão com objeto estático";"Com Vítimas Feridas";"Pleno dia";"Decrescente";"Céu Claro";"Dupla";"Curva";"Não";2;0;1;0;1;0;1;2;-21,69729822;-45,36545386;"SPRF-MG";"DEL16-MG";"UOP02-DEL16-MG"
302551;2020-08-20;"quinta-feira";"15:00:00";"SP";116;523;"BARRA DO TURVO";"Falta de Atenção à Condução";"Danos eventuais";"Sem Vítimas";"Pleno dia";"Crescente";"Chuva";"Dupla";"Curva";"Não";2;0;0;0;1;1;0;2;-24,91273105;-48,25307091;"SPRF-SP";"DEL05-SP";"UOP02-DEL05-SP"
302555;2020-08-20;"quinta-feira";"15:30:00";"BA";324;1;"SALVADOR";"Falta de Atenção à Condução";"Queda de ocupante de veículo";"Com Vítimas Feridas";"Pleno dia";"Crescente";"Céu Claro";"Dupla";"Reta";"Sim";2;0;1;0;1;0;1;2;-12,95020997;-38,47073108;"SPRF-BA";"DEL01-BA";"UOP01-DEL01-BA"
302563;2020-08-20;"quinta-feira";"18:00:00";"MG";146;430,2;"GUAXUPE";"Deficiência ou não Acionamento do Sistema de Iluminação/Sinalização do Veículo";"Colisão traseira";"Com Vítimas Feridas";"Anoitecer";"Crescente";"Nublado";"Simples";"Reta";"Não";2;0;0;1;1;0;1;2;-21,30025035;-46,67198181;"SPRF-MG";"DEL09-MG";"UOP01-DEL09-MG"
302567;2020-08-20;"quinta-feira";"17:50:00";"SC";101;31;"JOINVILLE";"Carga excessiva e/ou mal acondicionada";"Colisão com objeto em movimento";"Sem Vítimas";"Plena Noite";"Crescente";"Chuva";"Dupla";"Reta";"Sim";3;0;0;0;3;0;0;2;-26,22195899;-48,91634925;"SPRF-SC";"DEL03-SC";"UOP01-DEL03-SC"
302574;2020-08-20;"quinta-feira";"16:45:00";"MT";364;346;"SANTO ANTONIO DO LEVERGER";"Defeito Mecânico no Veículo";"Tombamento";"Sem Vítimas";"Pleno dia";"Crescente";"Céu Claro";"Dupla";"Reta";"Não";1;0;0;0;1;0;0;1;-15,81193889;-55,53981241;"SPRF-MT";"DEL05-MT";"UOP02-DEL05-MT"
302597;2020-08-20;"quinta-feira";"17:40:00";"MA";230;79;"SAO JOAO DOS PATOS";"Falta de Atenção à Condução";"Tombamento";"Com Vítimas Feridas";"Anoitecer";"Crescente";"Céu Claro";"Simples";"Declive;Curva";"Não";1;0;1;0;0;0;1;1;-6,48920826;-43,61979003;"SPRF-PI";"DEL03-PI";"UOP01-DEL03-PI"
302602;2020-08-20;"quinta-feira";"21:00:00";"PR";116;107;"SAO JOSE DOS PINHAIS";"Falta de Atenção à Condução";"Engavetamento";"Com Vítimas Feridas";"Plena Noite";"Crescente";"Chuva";"Dupla";"Reta";"Não";4;0;1;0;3;0;1;3;-25,5682;-49,2326;"SPRF-PR";"DEL01-PR";"UOP01-DEL01-PR"
302604;2020-08-20;"quinta-feira";"21:45:00";"SP";153;77,8;"BADY BASSITT";"Velocidade Incompatível";"Colisão traseira";"Com Vítimas Fatais";"Plena Noite";"Decrescente";"Céu Claro";"Simples";"Reta";"Não";3;1;0;0;1;1;0;3;-20,90184734;-49,45243991;"SPRF-SP";"DEL09-SP";"UOP01-DEL09-SP"
302609;2020-08-20;"quinta-feira";"21:50:00";"BA";101;201;"CACHOEIRA";"Defeito Mecânico no Veículo";"Incêndio";"Sem Vítimas";"Plena Noite";"Decrescente";"Céu Claro";"Simples";"Ponte";"Não";1;0;0;0;1;0;0;1;-12,59184223;-38,98743153;"SPRF-BA";"DEL01-BA";"UOP03-DEL01-BA"
302611;2020-08-20;"quinta-feira";"19:00:00";"MG";262;548,5;"LUZ";"Velocidade Incompatível";"Colisão frontal";"Com Vítimas Feridas";"Plena Noite";"Decrescente";"Nublado";"Simples";"Curva";"Não";3;0;1;0;1;1;1;3;-19,73163489;-45,8631039;"SPRF-MG";"DEL08-MG";"UOP02-DEL08-MG"
302613;2020-08-20;"quinta-feira";"22:30:00";"PB";230;280,2;"SANTA LUZIA";"Falta de Atenção à Condução";"Tombamento";"Com Vítimas Feridas";"Plena Noite";"Decrescente";"Céu Claro";"Simples";"Curva";"Não";1;0;1;0;0;0;1;1;-6,9359;-36,8505;"SPRF-PB";"DEL03-PB";"UOP01-DEL03-PB"
302618;2020-08-20;"quinta-feira";"23:00:00";"RJ";356;39,8;"ITAPERUNA";"Falta de Atenção à Condução";"Colisão frontal";"Com Vítimas Feridas";"Plena Noite";"Crescente";"Nublado";"Simples";"Reta";"Não";4;0;2;1;1;0;3;2;-21,207816;-41,843337;"SPRF-RJ";"DEL08-RJ";"UOP03-DEL08-RJ"
302622;2020-08-21;"sexta-feira";"01:15:00";"GO";50;150,7;"CAMPO ALEGRE DE GOIAS";"Carga excessiva e/ou mal acondicionada";"Colisão com objeto em movimento";"Com Vítimas Feridas";"Plena Noite";"Crescente";"Céu Claro";"Dupla";"Reta";"Não";5;0;4;0;1;0;4;2;-17,1748;-47,7241;"SPRF-GO";"DEL06-GO";"UOP01-DEL06-GO"
302623;2020-08-21;"sexta-feira";"01:00:00";"RJ";116;66;"TERESOPOLIS";"Restrição de Visibilidade";"Danos eventuais";"Sem Vítimas";"Plena Noite";"Decrescente";"Chuva";"Simples";"Curva";"Não";3;0;0;0;1;2;0;3;-22,28530513;-42,9306046;"SPRF-RJ";"DEL04-RJ";"UOP01-DEL04-RJ"
302626;2020-08-21;"sexta-feira";"00:30:00";"MG";262;671,7;"ARAXA";"Velocidade Incompatível";"Tombamento";"Com Vítimas Feridas";"Plena Noite";"Decrescente";"Nublado";"Simples";"Curva";"Não";2;0;1;0;0;1;1;2;-19,54170234;-46,80745219;"SPRF-MG";"DEL08-MG";"UOP01-DEL08-MG"
302628;2020-08-21;"sexta-feira";"01:30:00";"PE";101;45;"IGARASSU";"Falta de Atenção do Pedestre";"Atropelamento de Pedestre";"Com Vítimas Fatais";"Plena Noite";"Decrescente";"Chuva";"Múltipla";"Reta";"Sim";2;1;0;0;0;1;0;2;-7,86521297;-34,90715176;"SPRF-PE";"DEL01-PE";"UOP02-DEL01-PE"
302632;2020-08-20;"quinta-feira";"19:45:00";"SC";470;215,8;"SAO CRISTOVAO DO SUL";"Falta de Atenção à Condução";"Saída de leito carroçável";"Com Vítimas Feridas";"Plena Noite";"Crescente";"Nublado";"Simples";"Reta";"Não";2;0;1;0;0;1;1;2;-27,30308;-50,27837;"SPRF-SC";"DEL05-SC";"UOP03-DEL05-SC"
302640;2020-08-21;"sexta-feira";"06:50:00";"PE";101;37,9;"IGARASSU";"Desobediência às normas de trânsito pelo condutor";"Colisão com objeto estático";"Com Vítimas Feridas";"Pleno dia";"Crescente";"Chuva";"Dupla";"Curva";"Não";3;0;0;1;0;2;1;3;-7,79726705;-34,9274932;"SPRF-PE";"DEL01-PE";"UOP02-DEL01-PE"
302643;2020-08-21;"sexta-feira";"06:30:00";"PE";101;38;"IGARASSU";"Animais na Pista";"Colisão com objeto estático";"Com Vítimas Feridas";"Pleno dia";"Decrescente";"Chuva";"Dupla";"Declive";"Não";4;0;0;1;0;3;1;4;-7,80600806;-34,92522908;"SPRF-PE";"DEL01-PE";"UOP02-DEL01-PE"
302644;2020-08-21;"sexta-feira";"04:40:00";"MG";381;2;"BETIM";"Velocidade Incompatível";"Tombamento";"Com Vítimas Feridas";"Plena Noite";"Decrescente";"Nublado";"Dupla";"Curva";"Sim";2;0;1;0;0;1;1;2;-19,97933828;-44,16049004;"SPRF-MG";"DEL01-MG";"UOP03-DEL01-MG"
302647;2020-08-21;"sexta-feira";"05:40:00";"MT";364;195;"RONDONOPOLIS";"Condutor Dormindo";"Saída de leito carroçável";"Com Vítimas Feridas";"Amanhecer";"Decrescente";"Céu Claro";"Simples";"Reta";"Não";2;0;0;1;0;1;1;2;-16,52139597;-54,59966598;"SPRF-MT";"DEL02-MT";"UOP01-DEL02-MT"
302649;2020-02-26;"quarta-feira";"06:30:00";"PR";476;242,6;"LAPA";"Avarias e/ou desgaste excessivo no pneu";"Colisão frontal";"Com Vítimas Fatais";"Amanhecer";"Decrescente";"Chuva";"Simples";"Curva";"Não";5;3;0;0;1;2;0;4;-25,858768;-50,08609;"SPRF-PR";"DEL02-PR";"UOP04-DEL02-PR"
302650;2020-08-21;"sexta-feira";"07:35:00";"CE";20;429,5;"FORTALEZA";"Não guardar distância de segurança";"Colisão traseira";"Com Vítimas Feridas";"Pleno dia";"Decrescente";"Céu Claro";"Dupla";"Viaduto;Reta";"Sim";2;0;1;0;0;1;1;2;-3,871719;-38,497416;"SPRF-CE";"DEL01-CE";"UOP02-DEL01-CE"
302651;2020-08-21;"sexta-feira";"07:28:00";"SC";101;126;"ITAJAI";"Desobediência às normas de trânsito pelo condutor";"Colisão lateral";"Com Vítimas Feridas";"Pleno dia";"Crescente";"Nublado";"Dupla";"Aclive";"Não";3;0;1;0;1;1;1;3;-26,95564404;-48,67978366;"SPRF-SC";"DEL04-SC";"UOP04-DEL04-SC"
302654;2020-08-21;"sexta-feira";"07:15:00";"SP";381;54;"MAIRIPORA";"Velocidade Incompatível";"Tombamento";"Com Vítimas Feridas";"Pleno dia";"Decrescente";"Chuva";"Dupla";"Curva";"Sim";4;0;2;0;2;0;2;3;-23,2449074;-46,59562343;"SPRF-SP";"DEL03-SP";"UOP01-DEL03-SP"
302659;2020-08-21;"sexta-feira";"07:15:00";"MS";262;146,9;"RIBAS DO RIO PARDO";"Velocidade Incompatível";"Tombamento";"Com Vítimas Feridas";"Pleno dia";"Crescente";"Nublado";"Simples";"Declive;Reta";"Não";2;0;1;0;0;1;1;2;-20,44511324;-52,90002288;"SPRF-MS";"DEL07-MS";"UOP02-DEL07-MS"
302660;2020-08-21;"sexta-feira";"06:30:00";"MG";381;281,4;"JAGUARACU";"Desobediência às normas de trânsito pelo condutor";"Colisão frontal";"Com Vítimas Feridas";"Pleno dia";"Crescente";"Nublado";"Simples";"Curva";"Não";2;0;1;0;1;0;1;2;-19,61293798;-42,76905001;"SPRF-MG";"DEL03-MG";"UOP02-DEL03-MG"
302661;2020-08-21;"sexta-feira";"08:00:00";"RJ";40;87;"PETROPOLIS";"Defeito Mecânico no Veículo";"Saída de leito carroçável";"Sem Vítimas";"Pleno dia";"Crescente";"Céu Claro";"Dupla";"Curva";"Não";1;0;0;0;1;0;0;1;-22,54413793;-43,23287799;"SPRF-RJ";"DEL06-RJ";"UOP01-DEL06-RJ"
302662;2020-08-21;"sexta-feira";"08:45:00";"MG";116;250;"TEOFILO OTONI";"Condutor Dormindo";"Colisão frontal";"Com Vítimas Fatais";"Pleno dia";"Crescente";"Nublado";"Simples";"Declive;Reta";"Não";4;1;0;1;1;1;1;3;-17,64291782;-41,49776459;"SPRF-MG";"DEL11-MG";"UOP01-DEL11-MG"
302667;2020-08-21;"sexta-feira";"09:00:00";"SC";101;123,9;"ITAJAI";"Não guardar distância de segurança";"Colisão traseira";"Com Vítimas Feridas";"Pleno dia";"Crescente";"Nublado";"Dupla";"Reta";"Não";2;0;1;0;0;1;1;2;-26,93668609;-48,69876905;"SPRF-SC";"DEL04-SC";"UOP04-DEL04-SC"
302673;2020-08-07;"sexta-feira";"13:30:00";"PR";277;347,5;"GUARAPUAVA";"Não guardar distância de segurança";"Colisão traseira";"Sem Vítimas";"Pleno dia";"Crescente";"Céu Claro";"Simples";"Reta";"Não";2;0;0;0;2;0;0;2;-25,33928412;-51,42880296;"SPRF-PR";"DEL08-PR";"UOP01-DEL08-PR"
302674;2020-07-13;"segunda-feira";"01:00:00";"RO";364;473;"ARIQUEMES";"Desobediência às normas de trânsito pelo condutor";"Colisão lateral";"Com Vítimas Fatais";"Plena Noite";"Decrescente";"Céu Claro";"Simples";"Reta";"Não";4;1;0;0;2;5;0;8;-10,18146706;-62,81974504;"SPRF-RO";"DEL03-RO";"UOP01-DEL03-RO"
302679;2020-08-05;"quarta-feira";"10:00:00";"MG";381;400,7;"BOM JESUS DO AMPARO";"Desobediência às normas de trânsito pelo condutor";"Colisão frontal";"Com Vítimas Feridas";"Pleno dia";"Decrescente";"Sol";"Simples";"Declive;Curva";"Não";6;0;3;0;2;2;3;4;-19,74021885;-43,51724307;"SPRF-MG";"DEL01-MG";"UOP01-DEL01-MG"
302680;2020-07-31;"sexta-feira";"19:00:00";"PA";163;54,8;"ALTAMIRA";"Ultrapassagem Indevida";"Colisão frontal";"Com Vítimas Fatais";"Plena Noite";"Crescente";"Céu Claro";"Simples";"Reta";"Não";3;1;0;0;1;6;0;8;-9,11712414;-54,91435831;"SPRF-PA";"DEL05-PA";"UOP01-DEL05-PA"
302685;2020-07-20;"segunda-feira";"11:53:00";"CE";116;6;"FORTALEZA";"Falta de Atenção à Condução";"Colisão lateral";"Com Vítimas Feridas";"Pleno dia";"Decrescente";"Céu Claro";"Dupla";"Reta";"Sim";2;0;0;1;1;0;1;2;-3,802624;-38,50400499;"SPRF-CE";"DEL01-CE";"UOP02-DEL01-CE"
302693;2020-08-21;"sexta-feira";"11:10:00";"GO";40;103,3;"CRISTALINA";"Condutor Dormindo";"Colisão frontal";"Com Vítimas Feridas";"Pleno dia";"Crescente";"Céu Claro";"Dupla";"Reta";"Não";4;0;2;0;1;2;2;4;-16,808039;-47,562463;"SPRF-DF";"DEL01-DF";"UOP02-DEL01-DF"
302699;2020-08-21;"sexta-feira";"09:00:00";"MG";50;48,5;"UBERLANDIA";"Carga excessiva e/ou mal acondicionada";"Tombamento";"Com Vítimas Feridas";"Pleno dia";"Crescente";"Céu Claro";"Dupla";"Curva";"Não";2;0;1;0;0;1;1;2;-18,72872978;-48,21659088;"SPRF-MG";"DEL15-MG";"UOP02-DEL15-MG"
302704;2020-08-21;"sexta-feira";"14:00:00";"DF";20;10,2;"BRASILIA";"Falta de Atenção à Condução";"Colisão transversal";"Sem Vítimas";"Pleno dia";"Crescente";"Céu Claro";"Dupla";"Aclive;Reta";"Sim";3;0;0;0;1;2;0;3;-15,650243;-47,773872;"SPRF-DF";"DEL02-DF";"UOP01-DEL02-DF"
302713;2020-08-21;"sexta-feira";"07:00:00";"BA";101;422;"IBIRAPITANGA";"Velocidade Incompatível";"Tombamento";"Sem Vítimas";"Pleno dia";"Decrescente";"Céu Claro";"Simples";"Curva";"Não";2;0;0;0;1;1;0;2;-14,13890612;-39,35182571;"SPRF-BA";"DEL05-BA";"UOP03-DEL05-BA"
302715;2020-08-21;"sexta-feira";"12:30:00";"RN";304;263,2;"SAO PEDRO";"Sinalização da via insuficiente ou inadequada";"Colisão lateral";"Com Vítimas Fatais";"Pleno dia";"Crescente";"Céu Claro";"Simples";"Reta";"Não";4;1;0;1;2;0;1;2;-5,85455569;-35,63874192;"SPRF-RN";"DEL01-RN";"UOP02-DEL01-RN"
302741;2020-08-21;"sexta-feira";"16:15:00";"RS";116;224;"DOIS IRMAOS";"Falta de Atenção à Condução";"Colisão lateral";"Com Vítimas Feridas";"Pleno dia";"Crescente";"Céu Claro";"Dupla";"Interseção de Vias";"Sim";2;0;1;0;1;0;1;2;-29,58975513;-51,10781795;"SPRF-RS";"DEL01-RS";"UOP02-DEL01-RS"
302742;2020-08-21;"sexta-feira";"11:40:00";"PR";373;436;"CHOPINZINHO";"Falta de Atenção à Condução";"Saída de leito carroçável";"Com Vítimas Feridas";"Pleno dia";"Crescente";"Céu Claro";"Simples";"Aclive";"Não";2;0;0;1;0;1;1;2;-25,7835481;-52,26884658;"SPRF-PR";"DEL02-PR";"UOP01-DEL02-PR"
302745;2020-08-21;"sexta-feira";"16:45:00";"MG";365;623;"UBERLANDIA";"Objeto estático sobre o leito carroçável";"Colisão traseira";"Com Vítimas Feridas";"Pleno dia";"Crescente";"Céu Claro";"Dupla";"Reta";"Sim";4;0;1;0;3;0;1;4;-18,90346431;-48,28232487;"SPRF-MG";"DEL15-MG";"UOP01-DEL15-MG"
302748;2020-08-21;"sexta-feira";"15:30:00";"PE";101;189;"PALMARES";"Velocidade Incompatível";"Saída de leito carroçável";"Sem Vítimas";"Pleno dia";"Decrescente";"Chuva";"Dupla";"Curva";"Não";1;0;0;0;1;0;0;1;-8,69036647;-35,60430503;"SPRF-PE";"DEL01-PE";"UOP03-DEL01-PE"
302759;2020-08-21;"sexta-feira";"17:15:00";"SP";116;227,6;"SAO PAULO";"Falta de Atenção à Condução";"Engavetamento";"Com Vítimas Feridas";"Anoitecer";"Decrescente";"Garoa/Chuvisco";"Múltipla";"Reta";"Não";6;0;1;0;5;0;1;5;-23,49659264;-46,55648754;"SPRF-SP";"DEL01-SP";"UOP01-DEL01-SP"
302764;2020-08-21;"sexta-feira";"09:00:00";"MS";60;37;"CHAPADAO DO SUL";"Restrição de Visibilidade";"Colisão lateral";"Com Vítimas Feridas";"Pleno dia";"Decrescente";"Nevoeiro/Neblina";"Simples";"Curva";"Não";4;0;1;0;2;2;1;4;-18,95385133;-52,79497189;"SPRF-MS";"DEL08-MS";"UOP01-DEL08-MS"
302765;2020-08-21;"sexta-feira";"13:40:00";"SC";101;307;"LAGUNA";"Falta de Atenção à Condução";"Colisão lateral";"Com Vítimas Feridas";"Pleno dia";"Decrescente";"Céu Claro";"Múltipla";"Aclive";"Sim";2;0;0;1;1;0;1;2;-28,39199505;-48,77826295;"SPRF-SC";"DEL02-SC";"UOP03-DEL02-SC"
302769;2020-08-21;"sexta-feira";"11:00:00";"BA";242;494;"OLIVEIRA DOS BREJINHOS";"Defeito Mecânico no Veículo";"Incêndio";"Sem Vítimas";"Pleno dia";"Crescente";"Sol";"Simples";"Reta";"Não";1;0;0;0;1;0;0;1;-12,39233999;-42,40274199;"SPRF-BA";"DEL06-BA";"UOP01-DEL06-BA"
302776;2020-08-21;"sexta-feira";"17:05:00";"SP";459;30,7;"LORENA";"Falta de Atenção à Condução";"Colisão lateral";"Com Vítimas Feridas";"Anoitecer";"Decrescente";"Chuva";"Simples";"Reta";"Não";3;0;1;0;1;1;1;2;-22,725021;-45,103531;"SPRF-SP";"DEL08-SP";"UOP01-DEL08-SP"
302781;2020-08-21;"sexta-feira";"18:40:00";"MG";50;146,5;"UBERABA";"Restrição de Visibilidade";"Atropelamento de Pedestre";"Com Vítimas Fatais";"Plena Noite";"Decrescente";"Nublado";"Dupla";"Reta";"Não";5;1;0;0;2;2;0;4;-19,52881302;-48,03811615;"SPRF-MG";"DEL13-MG";"UOP01-DEL13-MG"
302789;2020-08-21;"sexta-feira";"18:10:00";"RJ";356;68,3;"ITALVA";"Ingestão de Álcool";"Colisão transversal";"Com Vítimas Feridas";"Plena Noite";"Crescente";"Chuva";"Simples";"Reta";"Não";2;0;0;1;1;0;1;2;-21,37185322;-41,70238203;"SPRF-RJ";"DEL08-RJ";"UOP03-DEL08-RJ"
302796;2020-08-21;"sexta-feira";"19:20:00";"PR";376;506;"PONTA GROSSA";"Desobediência às normas de trânsito pelo condutor";"Colisão traseira";"Com Vítimas Feridas";"Plena Noite";"Decrescente";"Garoa/Chuvisco";"Dupla";"Reta";"Não";3;0;1;0;1;3;1;5;-25,193096;-50,078594;"SPRF-PR";"DEL03-PR";"UOP04-DEL03-PR"
302800;2020-08-21;"sexta-feira";"19:25:00";"PE";428;182;"PETROLINA";"Desobediência às normas de trânsito pelo condutor";"Colisão traseira";"Com Vítimas Feridas";"Plena Noite";"Decrescente";"Céu Claro";"Simples";"Reta";"Não";4;0;0;1;2;1;1;4;-9,31614989;-40,45800722;"SPRF-PE";"DEL06-PE";"UOP01-DEL06-PE"
302806;2020-08-21;"sexta-feira";"19:45:00";"SE";235;3;"NOSSA SENHORA DO SOCORRO";"Não guardar distância de segurança";"Colisão lateral";"Sem Vítimas";"Plena Noite";"Crescente";"Céu Claro";"Dupla";"Reta;Declive";"Sim";2;0;0;0;2;0;0;2;-10,9059;-37,111;"SPRF-SE";"DEL01-SE";"UOP01-DEL01-SE"
302809;2020-08-21;"sexta-feira";"18:15:00";"PB";230;397,9;"POMBAL";"Animais na Pista";"Atropelamento de Animal";"Com Vítimas Feridas";"Plena Noite";"Crescente";"Chuva";"Simples";"Reta;Declive";"Não";3;0;3;0;0;0;3;1;-6,8447;-37,7473;"SPRF-PB";"DEL03-PB";"UOP02-DEL03-PB"
302811;2020-06-14;"domingo";"10:20:00";"AL";101;68;"MESSIAS";"Velocidade Incompatível";"Saída de leito carroçável";"Sem Vítimas";"Pleno dia";"Crescente";"Chuva";"Dupla";"Curva";"Não";2;0;0;0;1;1;0;2;-9,34924699;-35,83289449;"SPRF-AL";"DEL01-AL";"UOP02-DEL01-AL"
302815;2020-08-21;"sexta-feira";"17:30:00";"RJ";493;19,9;"MAGE";"Falta de Atenção à Condução";"Saída de leito carroçável";"Sem Vítimas";"Pleno dia";"Decrescente";"Chuva";"Simples";"Reta";"Não";1;0;0;0;1;0;0;1;-22,66383858;-43,03855419;"SPRF-RJ";"DEL04-RJ";"UOP02-DEL04-RJ"
302818;2020-08-21;"sexta-feira";"17:30:00";"RS";468;0;"PALMEIRA DAS MISSOES";"Falta de Atenção à Condução";"Tombamento";"Com Vítimas Feridas";"Anoitecer";"Crescente";"Céu Claro";"Simples";"Rotatória";"Sim";2;0;1;0;0;1;1;2;-27,882782;-53,304043;"SPRF-RS";"DEL08-RS";"UOP01-DEL08-RS"
302823;2020-08-21;"sexta-feira";"19:00:00";"BA";101;841;"PRADO";"Falta de Atenção à Condução";"Saída de leito carroçável";"Com Vítimas Feridas";"Plena Noite";"Decrescente";"Céu Claro";"Simples";"Curva";"Não";2;0;1;0;0;1;1;2;-17,2575359;-39,63137684;"SPRF-BA";"DEL09-BA";"UOP02-DEL09-BA"
302826;2020-08-21;"sexta-feira";"21:00:00";"MT";70;390;"CAMPO VERDE";"Ultrapassagem Indevida";"Colisão lateral";"Com Vítimas Feridas";"Pleno dia";"Crescente";"Céu Claro";"Simples";"Aclive;Reta";"Não";3;0;1;0;1;1;1;3;-15,57593791;-55,17832623;"SPRF-MT";"DEL05-MT";"UOP02-DEL05-MT"
302827;2020-08-21;"sexta-feira";"07:20:00";"PI";135;502,4;"MONTE ALEGRE DO PIAUI";"Velocidade Incompatível";"Saída de leito carroçável";"Com Vítimas Feridas";"Pleno dia";"Decrescente";"Céu Claro";"Simples";"Reta";"Não";1;0;1;0;0;0;1;1;-9,743685;-45,284277;"SPRF-PI";"DEL03-PI";"UOP02-DEL03-PI"
302835;2020-08-22;"sábado";"00:05:00";"MG";381;665;"PERDOES";"Ingestão de álcool e/ou substâncias psicoativas pelo pedestre";"Tombamento";"Sem Vítimas";"Plena Noite";"Decrescente";"Chuva";"Dupla";"Reta";"Não";1;0;0;0;1;0;0;1;-21,05493912;-45,03103599;"SPRF-MG";"DEL04-MG";"UOP02-DEL04-MG"
302840;2020-08-21;"sexta-feira";"19:30:00";"CE";222;282,1;"FRECHEIRINHA";"Ingestão de Álcool";"Tombamento";"Com Vítimas Feridas";"Plena Noite";"Decrescente";"Céu Claro";"Simples";"Reta";"Não";2;0;1;0;1;0;1;1;-3,73907298;-40,82890498;"SPRF-CE";"DEL04-CE";"UOP02-DEL04-CE"
302841;2020-08-22;"sábado";"00:30:00";"SE";101;1,1;"PROPRIA";"Desobediência às normas de trânsito pelo condutor";"Colisão frontal";"Com Vítimas Fatais";"Plena Noite";"Crescente";"Nevoeiro/Neblina";"Simples";"Reta;Interseção de Vias;Em Obras";"Não";2;1;0;0;1;0;0;2;-10,21621049;-36,82350039;"SPRF-SE";"DEL02-SE";"UOP02-DEL02-SE"
302848;2020-08-22;"sábado";"02:10:00";"RS";470;162;"NOVA PRATA";"Velocidade Incompatível";"Colisão frontal";"Com Vítimas Feridas";"Plena Noite";"Crescente";"Céu Claro";"Simples";"Reta;Ponte";"Não";3;0;1;0;2;0;1;2;-28,82307548;-51,58652902;"SPRF-RS";"DEL06-RS";"UOP02-DEL06-RS"
302852;2020-08-21;"sexta-feira";"23:00:00";"AM";174;898,4;"MANAUS";"Defeito Mecânico no Veículo";"Incêndio";"Sem Vítimas";"Plena Noite";"Crescente";"Céu Claro";"Simples";"Reta";"Não";2;0;0;0;1;2;0;3;-2,853274;-60,036159;"SPRF-AM";"DEL01-AM";"UOP01-DEL01-AM"
302855;2020-08-22;"sábado";"02:30:00";"MG";262;623,9;"IBIA";"Condutor Dormindo";"Saída de leito carroçável";"Com Vítimas Feridas";"Plena Noite";"Crescente";"Chuva";"Simples";"Reta";"Não";1;0;0;1;0;0;1;1;-19,58017001;-46,42307281;"SPRF-MG";"DEL08-MG";"UOP02-DEL08-MG"
302863;2020-08-22;"sábado";"04:20:00";"MG";381;782,5;"CAMPANHA";"Velocidade Incompatível";"Saída de leito carroçável";"Sem Vítimas";"Amanhecer";"Decrescente";"Chuva";"Dupla";"Curva";"Não";2;0;0;0;1;1;0;2;-21,85958692;-45,52494049;"SPRF-MG";"DEL16-MG";"UOP02-DEL16-MG"
302871;2020-08-22;"sábado";"04:30:00";"SC";101;308,6;"LAGUNA";"Ingestão de Álcool";"Colisão frontal";"Com Vítimas Feridas";"Plena Noite";"Decrescente";"Céu Claro";"Múltipla";"Reta;Aclive";"Não";6;0;5;0;0;1;5;3;-28,42262734;-48,79871607;"SPRF-SC";"DEL02-SC";"UOP01-DEL02-SC"
302872;2020-08-22;"sábado";"06:45:00";"MG";381;488,1;"BETIM";"Velocidade Incompatível";"Colisão lateral";"Com Vítimas Feridas";"Pleno dia";"Decrescente";"Chuva";"Dupla";"Declive";"Sim";9;0;1;1;6;1;2;8;-19,95745301;-44,12320018;"SPRF-MG";"DEL01-MG";"UOP03-DEL01-MG"