"id";"data_inversa";"dia_semana";"horario";"uf";"br";"km";"municipio";"causa_acidente";"tipo_acidente";"classificacao_acidente";"fase_dia";"sentido_via";"condicao_metereologica";"tipo_pista";"tracado_via";"uso_solo";"pessoas";"mortos";"feridos_leves";"feridos_graves";"ilesos";"ignorados";"feridos";"veiculos";"latitude";"longitude";"regional";"delegacia";"uop"
302882;2020-08-22;"sábado";"06:50:00";"RN";101;144;"ARES";"Falta de Atenção à Condução";"Saída de leito carroçável";"Sem Vítimas";"Pleno dia";"Decrescente";"Céu Claro";"Dupla";"Reta";"Não";1;0;0;0;1;0;0;1;-6,244042;-35,21729;"SPRF-RN";"DEL01-RN";"UOP01-DEL01-RN"
302884;2020-08-18;"terça-feira";"23:30:00";"ES";262;54;"MARECHAL FLORIANO";"Velocidade Incompatível";"Tombamento";"Com Vítimas Feridas";"Plena Noite";"Decrescente";"Nublado";"Simples";"Reta;Declive";"Não";3;0;1;1;0;1;2;2;-20,41495529;-40,74098587;"SPRF-ES";"DEL01-ES";"UOP01-DEL01-ES"
302889;2020-08-22;"sábado";"08:00:00";"RN";304;300;"MACAIBA";"Desobediência às normas de trânsito pelo condutor";"Colisão transversal";"Com Vítimas Feridas";"Pleno dia";"Decrescente";"Céu Claro";"Dupla";"Reta";"Não";2;0;1;0;1;0;1;2;-5,8737673;-35,3150361;"SPRF-RN";"DEL01-RN";"UOP02-DEL01-RN"
302890;2020-08-22;"sábado";"08:30:00";"MG";267;143;"LIMA DUARTE";"Velocidade Incompatível";"Saída de leito carroçável";"Com Vítimas Feridas";"Pleno dia";"Crescente";"Garoa/Chuvisco";"Simples";"Reta";"Não";2;0;0;1;0;1;1;2;-21,80346614;-43,70605287;"SPRF-MG";"DEL05-MG";"UOP01-DEL05-MG"
302892;2020-08-22;"sábado";"07:45:00";"MG";262;479;"BOM DESPACHO";"Falta de Atenção à Condução";"Saída de leito carroçável";"Sem Vítimas";"Pleno dia";"Crescente";"Chuva";"Simples";"Reta";"Não";1;0;0;0;1;0;0;1;-19,78628062;-45,23887303;"SPRF-MG";"DEL08-MG";"UOP03-DEL08-MG"
302896;2020-08-22;"sábado";"08:30:00";"DF";20;13;"BRASILIA";"Velocidade Incompatível";"Saída de leito carroçável";"Com Vítimas Feridas";"Pleno dia";"Crescente";"Céu Claro";"Dupla";"Reta";"Não";2;0;2;0;0;0;2;1;-15,638752;-47,749599;"SPRF-DF";"DEL02-DF";"UOP01-DEL02-DF"
302897;2020-08-22;"sábado";"09:10:00";"MG";40;451,9;"PARAOPEBA";"Velocidade Incompatível";"Saída de leito carroçável";"Com Vítimas Feridas";"Pleno dia";"Crescente";"Chuva";"Dupla";"Reta;Declive";"Sim";1;0;0;1;0;0;1;1;-19,3321;-44,3621;"SPRF-MG";"DEL02-MG";"UOP01-DEL02-MG"
302898;2020-08-22;"sábado";"09:30:00";"MG";365;372,9;"PATOS DE MINAS";"Pista Escorregadia";"Colisão lateral";"Com Vítimas Feridas";"Pleno dia";"Crescente";"Chuva";"Simples";"Curva;Declive";"Não";7;0;1;0;5;4;1;10;-18,52680796;-46,14524208;"SPRF-MG";"DEL10-MG";"UOP01-DEL10-MG"
302902;2020-08-22;"sábado";"10:15:00";"PR";277;343,5;"GUARAPUAVA";"Falta de Atenção do Pedestre";"Atropelamento de Pedestre";"Com Vítimas Feridas";"Pleno dia";"Crescente";"Céu Claro";"Dupla";"Reta";"Sim";3;0;0;1;1;1;1;3;-25,33989301;-51,419254;"SPRF-PR";"DEL08-PR";"UOP01-DEL08-PR"
302921;2020-08-22;"sábado";"11:40:00";"PR";277;632,8;"CEU AZUL";"Carga excessiva e/ou mal acondicionada";"Tombamento";"Sem Vítimas";"Pleno dia";"Decrescente";"Céu Claro";"Simples";"Retorno Regulamentado";"Não";2;0;0;0;1;1;0;2;-25,12256565;-53,80997113;"SPRF-PR";"DEL05-PR";"UOP02-DEL05-PR"
302933;2020-08-22;"sábado";"13:15:00";"MG";40;469,8;"SETE LAGOAS";"Defeito Mecânico no Veículo";"Tombamento";"Sem Vítimas";"Pleno dia";"Crescente";"Chuva";"Múltipla";"Reta";"Não";1;0;0;0;1;0;0;1;-19,464131;-44,297321;"SPRF-MG";"DEL02-MG";"UOP01-DEL02-MG"
302934;2020-08-22;"sábado";"13:40:00";"RS";285;299,9;"PASSO FUNDO";"Desobediência às normas de trânsito pelo condutor";"Colisão frontal";"Com Vítimas Feridas";"Pleno dia";"Crescente";"Céu Claro";"Simples";"Reta";"Sim";2;0;1;0;1;0;1;2;-28,234184;-52,43314;"SPRF-RS";"DEL08-RS";"UOP03-DEL08-RS"
302939;2020-08-22;"sábado";"11:40:00";"SC";282;244,9;"SAO JOSE DO CERRITO";"Velocidade Incompatível";"Tombamento";"Com Vítimas Feridas";"Pleno dia";"Crescente";"Céu Claro";"Simples";"Curva;Aclive";"Não";2;0;1;0;0;1;1;2;-27,73609;-50,51841;"SPRF-SC";"DEL05-SC";"UOP02-DEL05-SC"
302944;2020-08-22;"sábado";"14:15:00";"ES";262;42;"DOMINGOS MARTINS";"Velocidade Incompatível";"Colisão frontal";"Com Vítimas Feridas";"Pleno dia";"Crescente";"Chuva";"Dupla";"Aclive;Curva";"Não";3;0;1;0;1;1;1;3;-20,38524458;-40,65385185;"SPRF-ES";"DEL01-ES";"UOP01-DEL01-ES"
302946;2020-08-22;"sábado";"14:30:00";"SP";116;511;"CAJATI";"Falta de Atenção à Condução";"Tombamento";"Sem Vítimas";"Pleno dia";"Crescente";"Nublado";"Dupla";"Curva";"Não";2;0;0;0;1;1;0;2;-24,83558399;-48,2223738;"SPRF-SP";"DEL05-SP";"UOP02-DEL05-SP"
302947;2020-08-22;"sábado";"13:20:00";"MG";40;661;"CARANDAI";"Velocidade Incompatível";"Colisão frontal";"Com Vítimas Feridas";"Pleno dia";"Decrescente";"Chuva";"Simples";"Curva;Declive";"Não";3;0;0;1;1;1;1;3;-20,90511396;-43,82787922;"SPRF-MG";"DEL05-MG";"UOP02-DEL05-MG"
302950;2020-08-22;"sábado";"14:45:00";"RJ";356;160;"SAO JOAO DA BARRA";"Falta de Atenção à Condução";"Colisão transversal";"Com Vítimas Feridas";"Pleno dia";"Crescente";"Chuva";"Simples";"Curva";"Sim";2;0;1;0;1;0;1;2;-21,71992893;-41,17306805;"SPRF-RJ";"DEL08-RJ";"UOP02-DEL08-RJ"
302953;2020-08-22;"sábado";"16:15:00";"GO";153;223;"URUACU";"Não guardar distância de segurança";"Engavetamento";"Com Vítimas Feridas";"Pleno dia";"Crescente";"Céu Claro";"Simples";"Aclive";"Não";4;0;1;0;2;3;1;6;-14,710747;-49,2253;"SPRF-GO";"DEL07-GO";"UOP02-DEL07-GO"
302957;2020-08-22;"sábado";"06:00:00";"MT";70;188;"GENERAL CARNEIRO";"Avarias e/ou desgaste excessivo no pneu";"Saída de leito carroçável";"Com Vítimas Feridas";"Pleno dia";"Decrescente";"Céu Claro";"Simples";"Reta";"Não";1;0;1;0;0;0;1;1;-15,71770566;-53,6425711;"SPRF-MT";"DEL05-MT";"UOP01-DEL05-MT"
302962;2020-08-22;"sábado";"15:50:00";"RS";392;44,3;"RIO GRANDE";"Falta de Atenção à Condução";"Colisão transversal";"Com Vítimas Feridas";"Pleno dia";"Crescente";"Céu Claro";"Dupla";"Reta";"Não";6;0;3;1;1;1;4;4;-31,92816308;-52,31293137;"SPRF-RS";"DEL07-RS";"UOP02-DEL07-RS"
302967;2020-08-22;"sábado";"14:30:00";"MG";116;581,5;"MANHUACU";"Velocidade Incompatível";"Colisão frontal";"Com Vítimas Feridas";"Pleno dia";"Crescente";"Chuva";"Simples";"Aclive;Curva";"Não";3;0;1;1;0;1;2;3;-20,19603401;-42,18344405;"SPRF-MG";"DEL06-MG";"UOP03-DEL06-MG"
302968;2020-08-22;"sábado";"15:30:00";"MG";381;424;"CAETE";"Carga excessiva e/ou mal acondicionada";"Derramamento de carga";"Sem Vítimas";"Pleno dia";"Decrescente";"Céu Claro";"Dupla";"Reta";"Não";3;0;0;0;2;1;0;3;-19,79546909;-43,67611297;"SPRF-MG";"DEL01-MG";"UOP01-DEL01-MG"
302986;2020-08-22;"sábado";"15:10:00";"AL";101;203;"SAO SEBASTIAO";"Falta de Atenção à Condução";"Colisão lateral";"Sem Vítimas";"Pleno dia";"Crescente";"Céu Claro";"Dupla";"Declive";"Não";5;0;0;0;3;5;0;7;-9,97355978;-36,55619114;"SPRF-AL";"DEL02-AL";"UOP02-DEL02-AL"
302988;2020-08-22;"sábado";"17:30:00";"PR";376;593;"CURITIBA";"Não guardar distância de segurança";"Colisão traseira";"Sem Vítimas";"Pleno dia";"Crescente";"Céu Claro";"Dupla";"Reta";"Sim";3;0;0;0;2;2;0;4;-25,47642706;-49,35092413;"SPRF-PR";"DEL01-PR";"UOP01-DEL01-PR"
302991;2020-06-15;"segunda-feira";"18:30:00";"SE";101;87;"NOSSA SENHORA DO SOCORRO";"Falta de Atenção à Condução";"Colisão traseira";"Com Vítimas Feridas";"Plena Noite";"Decrescente";"Céu Claro";"Dupla";"Reta";"Não";2;0;1;0;0;1;1;2;-10,86174498;-37,13526579;"SPRF-SE";"DEL01-SE";"UOP01-DEL01-SE"
302992;2020-08-22;"sábado";"09:20:00";"MA";135;134;"MATOES DO NORTE";"Defeito Mecânico no Veículo";"Engavetamento";"Com Vítimas Feridas";"Pleno dia";"Crescente";"Céu Claro";"Simples";"Reta";"Sim";5;0;2;0;2;1;2;4;-3,625066;-44,555344;"SPRF-MA";"DEL01-MA";"UOP02-DEL01-MA"
302995;2020-08-22;"sábado";"12:30:00";"MA";135;113;"ITAPECURU MIRIM";"Desobediência às normas de trânsito pelo condutor";"Colisão traseira";"Com Vítimas Feridas";"Pleno dia";"Decrescente";"Céu Claro";"Simples";"Reta";"Não";2;0;1;0;0;1;1;2;-3,46081702;-44,52958795;"SPRF-MA";"DEL01-MA";"UOP02-DEL01-MA"
303001;2020-08-22;"sábado";"19:20:00";"SC";101;210,9;"SAO JOSE";"Sinalização da via insuficiente ou inadequada";"Colisão traseira";"Com Vítimas Fatais";"Plena Noite";"Crescente";"Céu Claro";"Múltipla";"Reta";"Sim";7;1;0;0;4;2;0;5;-27,62052044;-48,64941359;"SPRF-SC";"DEL01-SC";"UOP01-DEL01-SC"
303024;2020-08-22;"sábado";"19:15:00";"MA";316;316;"OLHO DAGUA DAS CUNHAS";"Desobediência às normas de trânsito pelo condutor";"Colisão frontal";"Com Vítimas Fatais";"Plena Noite";"Crescente";"Céu Claro";"Simples";"Curva";"Não";2;1;0;0;1;0;0;2;-4,037253;-45,102112;"SPRF-MA";"DEL02-MA";"UOP01-DEL02-MA"
303030;2020-08-22;"sábado";"20:35:00";"MG";116;751,4;"LEOPOLDINA";"Desobediência às normas de trânsito pelo condutor";"Colisão frontal";"Com Vítimas Feridas";"Plena Noite";"Crescente";"Nublado";"Simples";"Curva";"Não";3;0;0;1;1;1;1;3;-21,46220391;-42,55638215;"SPRF-MG";"DEL07-MG";"UOP01-DEL07-MG"
303033;2020-08-22;"sábado";"20:30:00";"PR";376;13,5;"MARINGA";"Desobediência às normas de trânsito pelo condutor";"Colisão traseira";"Com Vítimas Fatais";"Plena Noite";"Crescente";"Céu Claro";"Dupla";"Aclive;Reta";"Não";3;1;0;0;1;2;0;4;-23,4273;-51,9375;"SPRF-PR";"DEL09-PR";"UOP01-DEL09-PR"
303052;2020-08-22;"sábado";"21:15:00";"ES";101;310;"VIANA";"Ultrapassagem Indevida";"Colisão frontal";"Com Vítimas Fatais";"Plena Noite";"Decrescente";"Chuva";"Simples";"Reta;Aclive";"Sim";3;1;0;0;1;1;0;3;-20,42590098;-40,46036505;"SPRF-ES";"DEL01-ES";"UOP01-DEL01-ES"
303061;2020-08-22;"sábado";"22:40:00";"MS";262;559,7;"MIRANDA";"Falta de Atenção do Pedestre";"Atropelamento de Pedestre";"Com Vítimas Fatais";"Plena Noite";"Crescente";"Céu Claro";"Simples";"Reta";"Não";3;1;0;0;1;1;0;3;-20,23208924;-56,3849643;"SPRF-MS";"DEL03-MS";"UOP02-DEL03-MS"
303069;2020-08-22;"sábado";"21:40:00";"MT";158;432;"RIBEIRAO CASCALHEIRA";"Falta de Atenção à Condução";"Tombamento";"Com Vítimas Feridas";"Plena Noite";"Crescente";"Céu Claro";"Simples";"Reta";"Não";2;0;1;0;0;2;1;3;-12,99844191;-51,88438331;"SPRF-MT";"DEL07-MT";"UOP02-DEL07-MT"
303082;2020-08-22;"sábado";"20:50:00";"RO";364;345;"JI-PARANA";"Velocidade Incompatível";"Colisão com objeto estático";"Com Vítimas Fatais";"Plena Noite";"Decrescente";"Céu Claro";"Dupla";"Reta";"Sim";3;1;1;0;1;0;1;2;-10,8688113;-61,9601791;"SPRF-RO";"DEL02-RO";"UOP01-DEL02-RO"
303084;2020-08-22;"sábado";"19:20:00";"MG";116;585;"MANHUACU";"Falta de Atenção à Condução";"Colisão traseira";"Sem Vítimas";"Plena Noite";"Crescente";"Nublado";"Simples";"Reta";"Não";3;0;0;0;2;1;0;3;-20,22987753;-42,17260057;"SPRF-MG";"DEL06-MG";"UOP03-DEL06-MG"
303086;2020-08-23;"domingo";"00:20:00";"PR";476;209;"LAPA";"Carga excessiva e/ou mal acondicionada";"Capotamento";"Com Vítimas Feridas";"Plena Noite";"Decrescente";"Céu Claro";"Simples";"Curva";"Não";2;0;1;0;0;1;1;2;-25,78565421;-49,84613679;"SPRF-PR";"DEL02-PR";"UOP04-DEL02-PR"
303096;2020-08-23;"domingo";"02:30:00";"AL";101;99,6;"PILAR";"Desobediência às normas de trânsito pelo condutor";"Colisão frontal";"Com Vítimas Fatais";"Plena Noite";"Decrescente";"Céu Claro";"Simples";"Curva";"Não";3;2;0;0;1;0;0;2;-9,54788307;-35,96232895;"SPRF-AL";"DEL01-AL";"UOP01-DEL01-AL"
303102;2020-08-22;"sábado";"17:00:00";"MG";251;264,1;"SALINAS";"Desobediência às normas de trânsito pelo condutor";"Colisão com objeto estático";"Sem Vítimas";"Pleno dia";"Decrescente";"Nublado";"Simples";"Reta";"Não";1;0;0;0;0;1;0;1;-15,998372;-41,943284;"SPRF-MG";"DEL11-MG";"UOP02-DEL11-MG"
303107;2020-08-23;"domingo";"05:30:00";"AL";101;172;"TEOTONIO VILELA";"Velocidade Incompatível";"Tombamento";"Sem Vítimas";"Amanhecer";"Decrescente";"Nublado";"Dupla";"Curva;Declive";"Sim";1;0;0;0;1;0;0;1;-9,90951234;-36,33630395;"SPRF-AL";"DEL02-AL";"UOP02-DEL02-AL"
303109;2020-08-22;"sábado";"23:40:00";"BA";116;556;"MILAGRES";"Falta de Atenção à Condução";"Colisão lateral";"Sem Vítimas";"Plena Noite";"Crescente";"Nublado";"Simples";"Declive;Reta";"Não";3;0;0;0;1;3;0;4;-12,91848475;-39,87281823;"SPRF-BA";"DEL03-BA";"UOP02-DEL03-BA"
303115;2020-08-23;"domingo";"07:30:00";"PE";101;32,8;"ITAPISSUMA";"Falta de Atenção à Condução";"Colisão transversal";"Com Vítimas Feridas";"Pleno dia";"Decrescente";"Céu Claro";"Múltipla";"Reta";"Não";6;0;1;0;5;0;1;2;-7,75294197;-34,93621562;"SPRF-PE";"DEL01-PE";"UOP02-DEL01-PE"
303129;2020-08-23;"domingo";"08:30:00";"MT";163;1057;"GUARANTA DO NORTE";"Defeito Mecânico no Veículo";"Incêndio";"Sem Vítimas";"Pleno dia";"Crescente";"Céu Claro";"Simples";"Reta";"Não";2;0;0;0;1;1;0;2;-9,985028;-54,906394;"SPRF-MT";"DEL06-MT";"NPF/DEL06-MT"
303135;2020-08-23;"domingo";"07:50:00";"MT";174;466;"COMODORO";"Ultrapassagem Indevida";"Colisão frontal";"Com Vítimas Fatais";"Pleno dia";"Crescente";"Sol";"Simples";"Curva";"Não";3;2;0;0;1;0;0;2;-13,83275392;-59,76128142;"SPRF-MT";"DEL04-MT";"UOP01-DEL04-MT"
303136;2020-08-23;"domingo";"11:30:00";"CE";116;427,4;"IPAUMIRIM";"Falta de Atenção à Condução";"Colisão com objeto estático";"Sem Vítimas";"Pleno dia";"Crescente";"Sol";"Simples";"Reta";"Sim";4;0;0;0;3;2;0;4;-6,834845;-38,742252;"SPRF-CE";"DEL05-CE";"UOP01-DEL05-CE"
303142;2020-08-23;"domingo";"10:00:00";"PE";232;385;"CALUMBI";"Agressão Externa";"Saída de leito carroçável";"Com Vítimas Feridas";"Pleno dia";"Decrescente";"Céu Claro";"Simples";"Aclive;Reta";"Não";2;0;2;0;0;0;2;1;-8,03720709;-38,09468901;"SPRF-PE";"DEL04-PE";"UOP01-DEL04-PE"
303145;2020-08-23;"domingo";"11:30:00";"BA";242;858;"BARREIRAS";"Defeito Mecânico no Veículo";"Incêndio";"Sem Vítimas";"Pleno dia";"Decrescente";"Céu Claro";"Simples";"Reta";"Não";1;0;0;0;1;0;0;1;-12,09870003;-45,361021;"SPRF-BA";"DEL10-BA";"UOP01-DEL10-BA"
303154;2020-08-23;"domingo";"14:00:00";"MT";163;933;"ITAUBA";"Falta de Atenção à Condução";"Saída de leito carroçável";"Com Vítimas Feridas";"Pleno dia";"Crescente";"Céu Claro";"Simples";"Reta";"Não";4;0;1;0;2;3;1;4;-11,14565794;-55,31453529;"SPRF-MT";"DEL06-MT";"NPF/DEL06-MT"
303161;2020-08-23;"domingo";"15:30:00";"MG";381;400;"BOM JESUS DO AMPARO";"Desobediência às normas de trânsito pelo pedestre";"Atropelamento de Pedestre";"Com Vítimas Feridas";"Pleno dia";"Crescente";"Sol";"Simples";"Curva";"Não";4;0;0;1;1;2;1;3;-19,74021885;-43,51724307;"SPRF-MG";"DEL01-MG";"UOP01-DEL01-MG"
303165;2020-08-23;"domingo";"11:20:00";"MT";364;533;"ROSARIO OESTE";"Ingestão de Álcool";"Saída de leito carroçável";"Com Vítimas Feridas";"Pleno dia";"Decrescente";"Céu Claro";"Simples";"Reta";"Não";2;0;1;0;0;2;1;3;-14,97797096;-56,5187654;"SPRF-MT";"DEL01-MT";"UOP01-DEL01-MT"
303171;2020-08-23;"domingo";"16:30:00";"AL";101;194,6;"SAO SEBASTIAO";"Falta de Atenção à Condução";"Colisão transversal";"Com Vítimas Feridas";"Pleno dia";"Decrescente";"Céu Claro";"Simples";"Reta";"Não";3;0;1;0;1;1;1;3;-9,93595808;-36,49545203;"SPRF-AL";"DEL02-AL";"UOP02-DEL02-AL"
303174;2020-08-23;"domingo";"17:00:00";"TO";153;297,5;"PRESIDENTE KENNEDY";"Falta de Atenção à Condução";"Tombamento";"Com Vítimas Feridas";"Pleno dia";"Decrescente";"Céu Claro";"Simples";"Declive;Reta";"Não";2;0;1;0;0;2;1;3;-8,50685805;-48,48795923;"SPRF-TO";"DEL02-TO";"UOP02-DEL02-TO"
303176;2020-08-23;"domingo";"16:15:00";"MT";364;209,6;"RONDONOPOLIS";"Velocidade Incompatível";"Tombamento";"Com Vítimas Feridas";"Pleno dia";"Decrescente";"Sol";"Dupla";"Curva";"Não";2;0;1;0;0;2;1;3;-16,42894942;-54,6933816;"SPRF-MT";"DEL02-MT";"UOP01-DEL02-MT"
303179;2020-08-23;"domingo";"15:20:00";"CE";116;338;"JAGUARIBE";"Desobediência às normas de trânsito pelo condutor";"Colisão transversal";"Sem Vítimas";"Pleno dia";"Decrescente";"Céu Claro";"Simples";"Reta";"Não";3;0;0;0;1;2;0;3;-6,12271879;-38,64749908;"SPRF-CE";"DEL05-CE";"UOP02-DEL05-CE"
303180;2020-08-23;"domingo";"15:40:00";"MT";364;75;"ALTO GARCAS";"Falta de Atenção à Condução";"Colisão traseira";"Com Vítimas Feridas";"Pleno dia";"Decrescente";"Céu Claro";"Simples";"Declive";"Não";4;0;1;0;2;2;1;5;-16,90168392;-53,65315293;"SPRF-MT";"DEL02-MT";"UOP02-DEL02-MT"
303182;2020-08-23;"domingo";"15:45:00";"RS";290;345;"SAO SEPE";"Velocidade Incompatível";"Colisão traseira";"Com Vítimas Fatais";"Pleno dia";"Crescente";"Sol";"Simples";"Aclive";"Não";3;1;0;0;1;1;0;3;-30,361242;-53,625069;"SPRF-RS";"DEL09-RS";"UOP02-DEL09-RS"
303194;2020-08-23;"domingo";"13:35:00";"PE";423;170;"AGUAS BELAS";"Desobediência às normas de trânsito pelo condutor";"Colisão frontal";"Com Vítimas Fatais";"Pleno dia";"Crescente";"Céu Claro";"Simples";"Reta";"Não";2;1;0;0;1;0;0;2;-9,12796232;-37,05114797;"SPRF-AL";"DEL03-AL";"UOP02-DEL03-AL"
303195;2020-08-23;"domingo";"10:45:00";"MG";116;498,1;"INHAPIM";"Velocidade Incompatível";"Colisão com objeto estático";"Com Vítimas Feridas";"Pleno dia";"Decrescente";"Nublado";"Simples";"Curva";"Não";2;0;1;0;0;1;1;2;-19,54476495;-42,12568405;"SPRF-MG";"DEL06-MG";"UOP02-DEL06-MG"
303199;2020-08-23;"domingo";"18:37:00";"CE";222;65,7;"SAO GONCALO DO AMARANTE";"Desobediência às normas de trânsito pelo condutor";"Colisão lateral";"Com Vítimas Feridas";"Plena Noite";"Decrescente";"Céu Claro";"Simples";"Reta";"Não";6;0;2;3;1;0;5;4;-3,67074776;-39,12494698;"SPRF-CE";"DEL01-CE";"UOP03-DEL01-CE"
303204;2020-08-23;"domingo";"18:30:00";"MA";230;85;"SAO JOAO DOS PATOS";"Deficiência ou não Acionamento do Sistema de Iluminação/Sinalização do Veículo";"Colisão frontal";"Com Vítimas Fatais";"Anoitecer";"Crescente";"Céu Claro";"Simples";"Reta";"Não";3;1;0;0;1;1;0;3;-6,5014996;-43,64335092;"SPRF-PI";"DEL03-PI";"UOP01-DEL03-PI"
303225;2020-08-23;"domingo";"18:45:00";"MT";174;288;"PONTES E LACERDA";"Ingestão de Álcool";"Colisão com objeto estático";"Com Vítimas Feridas";"Plena Noite";"Crescente";"Nublado";"Simples";"Reta";"Sim";2;0;0;1;1;0;1;2;-15,23378885;-59,31756535;"SPRF-MT";"DEL04-MT";"UOP01-DEL04-MT"
303236;2020-08-23;"domingo";"18:15:00";"SC";280;48,3;"GUARAMIRIM";"Desobediência às normas de trânsito pelo condutor";"Colisão lateral";"Com Vítimas Feridas";"Plena Noite";"Crescente";"Nublado";"Simples";"Aclive";"Não";5;0;0;1;1;3;1;4;-26,45661747;-48,93177509;"SPRF-SC";"DEL03-SC";"UOP03-DEL03-SC"
303240;2020-08-23;"domingo";"20:40:00";"MG";381;745,1;"TRES CORACOES";"Velocidade Incompatível";"Colisão traseira";"Com Vítimas Feridas";"Plena Noite";"Crescente";"Céu Claro";"Dupla";"Reta;Aclive";"Não";4;0;1;0;2;1;1;3;-21,618283;-45,253276;"SPRF-MG";"DEL16-MG";"UOP02-DEL16-MG"
303249;2020-08-23;"domingo";"09:30:00";"SC";153;24,5;"AGUA DOCE";"Defeito na Via";"Colisão frontal";"Com Vítimas Fatais";"Pleno dia";"Crescente";"Céu Claro";"Simples";"Reta;Ponte";"Não";3;1;1;0;0;3;1;5;-26,75986601;-51,66629791;"SPRF-SC";"DEL07-SC";"UOP05-DEL07-SC"
303252;2020-08-23;"domingo";"20:25:00";"MG";262;153;"SAO DOMINGOS DO PRATA";"Velocidade Incompatível";"Tombamento";"Com Vítimas Fatais";"Plena Noite";"Crescente";"Céu Claro";"Simples";"Curva";"Não";11;8;1;1;0;2;2;5;-19,99113399;-42,79060753;"SPRF-MG";"DEL03-MG";"UOP03-DEL03-MG"
303270;2020-08-23;"domingo";"17:30:00";"MA";316;197;"ZE DOCA";"Falta de Atenção à Condução";"Tombamento";"Com Vítimas Feridas";"Plena Noite";"Decrescente";"Céu Claro";"Simples";"Reta";"Sim";1;0;1;0;0;0;1;1;-3,268695;-45,655586;"SPRF-MA";"DEL02-MA";"UOP01-DEL02-MA"
303283;2020-08-24;"segunda-feira";"00:45:00";"DF";70;14,4;"BRASILIA";"Ingestão de Álcool";"Colisão traseira";"Sem Vítimas";"Plena Noite";"Crescente";"Céu Claro";"Dupla";"Reta";"Não";3;0;0;0;2;2;0;4;-15,797312;-48,176056;"SPRF-DF";"DEL03-DF";"UOP02-DEL03-DF"
303287;2020-08-24;"segunda-feira";"00:10:00";"SC";282;641,3;"DESCANSO";"Falta de Atenção à Condução";"Colisão lateral";"Com Vítimas Feridas";"Plena Noite";"Crescente";"Céu Claro";"Simples";"Curva";"Não";2;0;1;0;1;0;1;2;-26,779949;-53,460857;"SPRF-SC";"DEL07-SC";"UOP03-DEL07-SC"
303299;2020-08-24;"segunda-feira";"05:30:00";"PE";101;67;"RECIFE";"Não guardar distância de segurança";"Colisão lateral";"Com Vítimas Feridas";"Pleno dia";"Crescente";"Nublado";"Dupla";"Reta";"Sim";2;0;1;0;0;1;1;2;-8,042334;-34,943096;"SPRF-PE";"DEL01-PE";"UOP01-DEL01-PE"
303304;2020-08-24;"segunda-feira";"07:00:00";"GO";40;0;"VALPARAISO DE GOIAS";"Falta de Atenção à Condução";"Colisão lateral";"Com Vítimas Feridas";"Pleno dia";"Crescente";"Céu Claro";"Dupla";"Reta";"Sim";2;0;1;0;1;0;1;2;-16,050502;-47,981709;"SPRF-DF";"DEL01-DF";"UOP01-DEL01-DF"
303313;2020-08-24;"segunda-feira";"07:30:00";"PE";101;77,6;"RECIFE";"Falta de Atenção à Condução";"Colisão lateral";"Com Vítimas Feridas";"Pleno dia";"Crescente";"Céu Claro";"Dupla";"Reta;Em Obras";"Sim";3;0;1;0;1;1;1;3;-8,13233;-34,946318;"SPRF-PE";"DEL01-PE";"UOP01-DEL01-PE"
303319;2020-08-24;"segunda-feira";"06:50:00";"MT";163;956;"NOVA SANTA HELENA";"Falta de Atenção à Condução";"Colisão transversal";"Com Vítimas Feridas";"Pleno dia";"Crescente";"Céu Claro";"Simples";"Rotatória";"Sim";4;0;2;0;1;2;2;4;-10,963698;-55,22303101;"SPRF-MT";"DEL06-MT";"NPF/DEL06-MT"
303324;2020-03-27;"sexta-feira";"02:20:00";"PI";316;123;"ELESBAO VELOSO";"Falta de Atenção à Condução";"Atropelamento de Animal";"Com Vítimas Feridas";"Plena Noite";"Decrescente";"Céu Claro";"Simples";"Reta";"Não";1;0;1;0;0;0;1;1;-5,9701194;-42,34008837;"SPRF-PI";"DEL04-PI";"UOP02-DEL04-PI"
303325;2020-08-24;"segunda-feira";"04:30:00";"MG";251;319,5;"SALINAS";"Velocidade Incompatível";"Colisão com objeto estático";"Com Vítimas Feridas";"Plena Noite";"Decrescente";"Céu Claro";"Simples";"Declive;Curva";"Não";3;0;2;0;0;1;2;2;-16,20516705;-42,35675025;"SPRF-MG";"DEL12-MG";"UOP01-DEL12-MG"
303329;2020-08-24;"segunda-feira";"04:00:00";"ES";482;8,5;"CACHOEIRO DE ITAPEMIRIM";"Velocidade Incompatível";"Derramamento de carga";"Sem Vítimas";"Plena Noite";"Decrescente";"Nublado";"Dupla";"Curva";"Sim";2;0;0;0;1;1;0;2;-20,86597301;-41,11181303;"SPRF-ES";"DEL03-ES";"UOP02-DEL03-ES"
303332;2020-08-24;"segunda-feira";"08:35:00";"SP";116;135,6;"SAO JOSE DOS CAMPOS";"Falta de Atenção à Condução";"Colisão lateral";"Sem Vítimas";"Pleno dia";"Decrescente";"Céu Claro";"Dupla";"Reta;Declive";"Não";3;0;0;0;3;0;0;2;-23,144484;-45,77018;"SPRF-SP";"DEL06-SP";"UOP01-DEL06-SP"