"id";"data_inversa";"dia_semana";"horario";"uf";"br";"km";"municipio";"causa_acidente";"tipo_acidente";"classificacao_acidente";"fase_dia";"sentido_via";"condicao_metereologica";"tipo_pista";"tracado_via";"uso_solo";"pessoas";"mortos";"feridos_leves";"feridos_graves";"ilesos";"ignorados";"feridos";"veiculos";"latitude";"longitude";"regional";"delegacia";"uop"
303333;2020-08-21;"sexta-feira";"05:00:00";"BA";235;545,5;"REMANSO";"Falta de Atenção à Condução";"Colisão transversal";"Sem Vítimas";"Amanhecer";"Crescente";"Céu Claro";"Simples";"Reta";"Não";4;0;0;0;2;2;0;3;-9,61139;-42,1697;"SPRF-BA";"DEL04-BA";"UOP01-DEL04-BA"
303335;2020-08-24;"segunda-feira";"02:50:00";"BA";242;203;"ITABERABA";"Defeito na Via";"Tombamento";"Com Vítimas Feridas";"Plena Noite";"Decrescente";"Céu Claro";"Simples";"Reta";"Não";2;0;0;1;0;2;1;3;-12,52044392;-40,076847;"SPRF-BA";"DEL06-BA";"UOP02-DEL06-BA"
303345;2020-08-12;"quarta-feira";"11:45:00";"MG";40;566,8;"NOVA LIMA";"Falta de Atenção à Condução";"Saída de leito carroçável";"Sem Vítimas";"Pleno dia";"Crescente";"Céu Claro";"Dupla";"Reta";"Não";2;0;0;0;1;1;0;2;-20,17884905;-43,96636352;"SPRF-MG";"DEL01-MG";"UOP02-DEL01-MG"
303353;2020-08-24;"segunda-feira";"10:35:00";"SP";116;450;"REGISTRO";"Falta de Atenção à Condução";"Tombamento";"Com Vítimas Feridas";"Pleno dia";"Decrescente";"Sol";"Dupla";"Reta";"Não";1;0;1;0;0;0;1;1;-24,53728295;-47,85899314;"SPRF-SP";"DEL05-SP";"UOP01-DEL05-SP"
303354;2020-08-24;"segunda-feira";"05:15:00";"RO";429;155;"SAO MIGUEL DO GUAPORE";"Falta de Atenção à Condução";"Colisão lateral";"Com Vítimas Feridas";"Amanhecer";"Crescente";"Céu Claro";"Simples";"Reta";"Não";3;0;0;1;1;2;1;4;-11,70983805;-62,67941693;"SPRF-RO";"DEL02-RO";"UOP03-DEL02-RO"
303355;2020-08-24;"segunda-feira";"07:40:00";"AL";101;171,3;"TEOTONIO VILELA";"Falta de Atenção à Condução";"Saída de leito carroçável";"Com Vítimas Feridas";"Pleno dia";"Decrescente";"Céu Claro";"Dupla";"Reta";"Não";2;0;1;0;0;1;1;2;-9,90913698;-36,33473799;"SPRF-AL";"DEL02-AL";"UOP02-DEL02-AL"
303357;2020-08-24;"segunda-feira";"09:30:00";"SC";101;387;"ICARA";"Velocidade Incompatível";"Tombamento";"Sem Vítimas";"Pleno dia";"Decrescente";"Céu Claro";"Dupla";"Reta";"Não";1;0;0;0;1;0;0;1;-28,78085074;-49,32874013;"SPRF-SC";"DEL02-SC";"UOP02-DEL02-SC"
303360;2020-08-24;"segunda-feira";"09:20:00";"BA";116;699;"JEQUIE";"Falta de Atenção à Condução";"Colisão traseira";"Sem Vítimas";"Pleno dia";"Crescente";"Céu Claro";"Simples";"Reta";"Não";4;0;0;0;3;1;0;3;-14,0196772;-40,19054244;"SPRF-BA";"DEL03-BA";"UOP01-DEL03-BA"
303367;2020-08-24;"segunda-feira";"11:45:00";"RS";158;526,6;"SANTANA DO LIVRAMENTO";"Falta de Atenção à Condução";"Engavetamento";"Com Vítimas Feridas";"Pleno dia";"Decrescente";"Céu Claro";"Simples";"Reta;Em Obras";"Não";9;0;1;0;8;0;1;4;-30,74333418;-55,15364167;"SPRF-RS";"DEL11-RS";"UOP01-DEL11-RS"
303373;2020-08-24;"segunda-feira";"12:00:00";"PR";376;492;"PONTA GROSSA";"Falta de Atenção à Condução";"Tombamento";"Sem Vítimas";"Pleno dia";"Crescente";"Céu Claro";"Dupla";"Reta";"Sim";2;0;0;0;1;1;0;2;-25,15559918;-50,13322909;"SPRF-PR";"DEL03-PR";"UOP04-DEL03-PR"
303383;2020-08-24;"segunda-feira";"13:15:00";"ES";259;50,8;"COLATINA";"Carga excessiva e/ou mal acondicionada";"Tombamento";"Com Vítimas Feridas";"Pleno dia";"Crescente";"Sol";"Simples";"Retorno Regulamentado;Rotatória;Curva";"Sim";2;0;1;1;0;0;2;2;-19,50381182;-40,61366631;"SPRF-ES";"DEL02-ES";"UOP01-DEL02-ES"
303392;2020-08-24;"segunda-feira";"14:20:00";"PR";277;724,4;"FOZ DO IGUACU";"Desobediência às normas de trânsito pelo condutor";"Colisão transversal";"Sem Vítimas";"Pleno dia";"Decrescente";"Céu Claro";"Dupla";"Aclive;Reta";"Sim";3;0;0;0;2;2;0;4;-25,50257577;-54,53868311;"SPRF-PR";"DEL05-PR";"UOP03-DEL05-PR"
303395;2020-08-24;"segunda-feira";"13:00:00";"PR";369;459,3;"UBIRATA";"Velocidade Incompatível";"Saída de leito carroçável";"Com Vítimas Feridas";"Pleno dia";"Crescente";"Céu Claro";"Simples";"Reta;Declive";"Não";2;0;1;0;0;1;1;2;-24,55691124;-53,08438182;"SPRF-PR";"DEL09-PR";"UOP03-DEL09-PR"
303397;2020-08-24;"segunda-feira";"15:30:00";"PR";376;652;"TIJUCAS DO SUL";"Velocidade Incompatível";"Tombamento";"Sem Vítimas";"Pleno dia";"Decrescente";"Sol";"Dupla";"Curva";"Não";2;0;0;0;1;2;0;3;-25,8461583;-49,068884;"SPRF-PR";"DEL01-PR";"UOP04-DEL01-PR"
303398;2020-08-24;"segunda-feira";"14:30:00";"GO";364;47,3;"CACHOEIRA ALTA";"Falta de Atenção à Condução";"Colisão traseira";"Com Vítimas Feridas";"Pleno dia";"Crescente";"Céu Claro";"Simples";"Aclive";"Não";4;0;2;0;1;2;2;4;-18,827602;-50,873455;"SPRF-GO";"DEL05-GO";"UOP02-DEL05-GO"
303400;2020-08-24;"segunda-feira";"15:40:00";"PE";101;72,9;"RECIFE";"Agressão Externa";"Colisão lateral";"Com Vítimas Feridas";"Pleno dia";"Crescente";"Céu Claro";"Dupla";"Reta";"Não";5;0;1;1;2;1;2;2;-8,092924;-34,947477;"SPRF-PE";"DEL01-PE";"UOP01-DEL01-PE"
303405;2020-08-24;"segunda-feira";"13:20:00";"MT";163;601,5;"NOVA MUTUM";"Falta de Atenção à Condução";"Colisão lateral";"Com Vítimas Feridas";"Pleno dia";"Crescente";"Céu Claro";"Simples";"Reta";"Não";3;0;0;1;1;3;1;5;-13,89893105;-56,09076962;"SPRF-MT";"DEL01-MT";"UOP01-DEL01-MT"
303413;2020-08-05;"quarta-feira";"11:00:00";"MA";10;306;"ACAILANDIA";"Desobediência às normas de trânsito pelo condutor";"Saída de leito carroçável";"Com Vítimas Feridas";"Pleno dia";"Decrescente";"Céu Claro";"Simples";"Reta";"Não";4;0;1;0;2;2;1;5;-5,051786;-47,554324;"SPRF-MA";"DEL04-MA";"UOP03-DEL04-MA"
303419;2020-08-24;"segunda-feira";"16:45:00";"MT";163;770;"SORRISO";"Falta de Atenção à Condução";"Colisão frontal";"Com Vítimas Fatais";"Pleno dia";"Decrescente";"Sol";"Simples";"Reta";"Não";4;1;0;0;2;2;0;4;-12,52146045;-55,700158;"SPRF-MT";"DEL06-MT";"UOP01-DEL06-MT"
303422;2020-08-24;"segunda-feira";"16:10:00";"MT";163;595,5;"NOVA MUTUM";"Falta de Atenção à Condução";"Colisão lateral";"Com Vítimas Feridas";"Pleno dia";"Crescente";"Céu Claro";"Dupla";"Reta";"Não";5;0;1;0;3;5;1;8;-13,952127;-56,09686301;"SPRF-MT";"DEL01-MT";"UOP01-DEL01-MT"
303430;2020-08-24;"segunda-feira";"18:45:00";"RS";386;334,8;"MARQUES DE SOUZA";"Desobediência às normas de trânsito pelo condutor";"Colisão transversal";"Com Vítimas Feridas";"Plena Noite";"Decrescente";"Ignorado";"Simples";"Curva";"Sim";3;0;1;0;1;2;1;4;-29,378033;-52,05743;"SPRF-RS";"DEL04-RS";"UOP01-DEL04-RS"
303434;2020-08-24;"segunda-feira";"17:40:00";"BA";116;555;"MILAGRES";"Falta de Atenção à Condução";"Tombamento";"Com Vítimas Feridas";"Anoitecer";"Decrescente";"Céu Claro";"Simples";"Aclive";"Não";2;0;0;1;0;1;1;2;-12,91216828;-39,86580772;"SPRF-BA";"DEL03-BA";"UOP02-DEL03-BA"
303435;2020-08-24;"segunda-feira";"17:40:00";"GO";20;199,8;"POSSE";"Velocidade Incompatível";"Colisão com objeto estático";"Com Vítimas Feridas";"Anoitecer";"Decrescente";"Céu Claro";"Simples";"Reta;Declive";"Não";2;0;1;0;0;1;1;2;-14,322757;-46,443226;"SPRF-DF";"DEL02-DF";"UOP03-DEL02-DF"
303436;2020-08-24;"segunda-feira";"19:00:00";"SC";101;201;"SAO JOSE";"Falta de Atenção à Condução";"Colisão traseira";"Com Vítimas Feridas";"Plena Noite";"Crescente";"Céu Claro";"Simples";"Reta";"Sim";2;0;1;0;1;0;1;2;-27,54836599;-48,61977975;"SPRF-SC";"DEL01-SC";"UOP01-DEL01-SC"
303440;2020-08-24;"segunda-feira";"19:20:00";"PR";277;119;"CAMPO LARGO";"Desobediência às normas de trânsito pelo condutor";"Colisão transversal";"Com Vítimas Feridas";"Plena Noite";"Decrescente";"Nublado";"Dupla";"Declive";"Sim";3;0;1;0;1;1;1;3;-25,44955244;-49,5181489;"SPRF-PR";"DEL01-PR";"UOP03-DEL03-PR"
303441;2020-08-24;"segunda-feira";"17:57:00";"PR";373;398,8;"CANDOI";"Mal Súbito";"Atropelamento de Pedestre";"Com Vítimas Feridas";"Anoitecer";"Crescente";"Céu Claro";"Simples";"Reta";"Sim";3;0;0;1;1;1;1;3;-25,55643095;-52,03722703;"SPRF-PR";"DEL08-PR";"UOP01-DEL08-PR"
303442;2020-08-24;"segunda-feira";"18:55:00";"DF";80;5,4;"BRASILIA";"Não guardar distância de segurança";"Colisão lateral";"Sem Vítimas";"Plena Noite";"Decrescente";"Céu Claro";"Simples";"Declive;Reta;Interseção de Vias";"Não";9;0;0;0;7;2;0;6;-15,72928882;-48,12415123;"SPRF-DF";"DEL03-DF";"UOP02-DEL03-DF"
303444;2020-08-24;"segunda-feira";"19:30:00";"SC";470;60;"BLUMENAU";"Ingestão de álcool e/ou substâncias psicoativas pelo pedestre";"Colisão transversal";"Com Vítimas Feridas";"Plena Noite";"Decrescente";"Nublado";"Simples";"Reta";"Sim";3;0;1;0;2;0;1;2;-26,88138;-49,164543;"SPRF-SC";"DEL04-SC";"UOP01-DEL04-SC"
303446;2020-08-24;"segunda-feira";"17:20:00";"SC";116;241;"LAGES";"Mal Súbito";"Tombamento";"Com Vítimas Feridas";"Anoitecer";"Crescente";"Céu Claro";"Simples";"Aclive";"Não";2;0;2;0;0;0;2;1;-27,76776602;-50,33668491;"SPRF-SC";"DEL05-SC";"UOP01-DEL05-SC"
303449;2020-08-24;"segunda-feira";"15:00:00";"RS";392;9;"RIO GRANDE";"Falta de Atenção à Condução";"Tombamento";"Com Vítimas Feridas";"Pleno dia";"Crescente";"Céu Claro";"Simples";"Rotatória";"Sim";3;0;1;0;1;1;1;3;-32,11090484;-52,11199522;"SPRF-RS";"DEL07-RS";"UOP02-DEL07-RS"
303450;2020-08-24;"segunda-feira";"18:50:00";"SP";116;512,6;"CAJATI";"Defeito Mecânico no Veículo";"Colisão com objeto estático";"Sem Vítimas";"Anoitecer";"Decrescente";"Nublado";"Dupla";"Curva";"Não";2;0;0;0;1;1;0;2;-24,83558399;-48,2223738;"SPRF-SP";"DEL05-SP";"UOP02-DEL05-SP"
303453;2020-08-24;"segunda-feira";"19:20:00";"SP";116;33,4;"CRUZEIRO";"Objeto estático sobre o leito carroçável";"Colisão com objeto estático";"Sem Vítimas";"Plena Noite";"Decrescente";"Céu Claro";"Dupla";"Declive;Curva";"Não";2;0;0;0;2;0;0;2;-22,64775685;-44,95420606;"SPRF-SP";"DEL08-SP";"UOP02-DEL08-SP"
303456;2020-08-24;"segunda-feira";"20:50:00";"ES";101;370,5;"ANCHIETA";"Falta de Atenção à Condução";"Colisão transversal";"Com Vítimas Feridas";"Plena Noite";"Crescente";"Nublado";"Simples";"Reta;Interseção de Vias;Retorno Regulamentado";"Não";3;0;0;2;1;0;2;2;-20,77093665;-40,7637459;"SPRF-ES";"DEL03-ES";"UOP01-DEL03-ES"
303457;2020-08-24;"segunda-feira";"21:00:00";"RJ";393;201;"VASSOURAS";"Falta de Atenção à Condução";"Colisão transversal";"Com Vítimas Feridas";"Plena Noite";"Crescente";"Nublado";"Simples";"Interseção de Vias";"Não";4;0;3;0;1;0;3;2;-22,22872603;-43,42346191;"SPRF-RJ";"DEL05-RJ";"UOP03-DEL05-RJ"
303464;2020-08-24;"segunda-feira";"16:35:00";"SC";470;226,8;"SAO CRISTOVAO DO SUL";"Animais na Pista";"Atropelamento de Animal";"Com Vítimas Fatais";"Pleno dia";"Decrescente";"Céu Claro";"Simples";"Reta";"Não";3;1;0;0;2;0;0;2;-27,32384;-50,37162;"SPRF-SC";"DEL05-SC";"UOP03-DEL05-SC"
303465;2020-08-24;"segunda-feira";"16:05:00";"PR";153;403,1;"MALLET";"Velocidade Incompatível";"Capotamento";"Com Vítimas Feridas";"Pleno dia";"Crescente";"Céu Claro";"Simples";"Declive;Curva";"Não";2;0;1;0;0;1;1;2;-25,99207245;-50,84017754;"SPRF-PR";"DEL02-PR";"UOP04-DEL02-PR"
303466;2020-08-24;"segunda-feira";"14:55:00";"PR";476;272,1;"SAO MATEUS DO SUL";"Velocidade Incompatível";"Tombamento";"Com Vítimas Feridas";"Pleno dia";"Crescente";"Sol";"Simples";"Reta";"Não";1;0;1;0;0;0;1;1;-25,894651;-50,358723;"SPRF-PR";"DEL02-PR";"UOP04-DEL02-PR"
303467;2020-08-24;"segunda-feira";"18:20:00";"AC";364;128;"RIO BRANCO";"Falta de Atenção à Condução";"Colisão transversal";"Com Vítimas Feridas";"Plena Noite";"Crescente";"Céu Claro";"Simples";"Curva";"Não";3;0;1;0;1;1;1;3;-10,02644375;-67,8206882;"SPRF-AC";"DEL01-AC";"UOP01-DEL01-AC"
303472;2020-08-24;"segunda-feira";"22:50:00";"PR";376;528,5;"PONTA GROSSA";"Falta de Atenção à Condução";"Colisão traseira";"Com Vítimas Feridas";"Plena Noite";"Crescente";"Céu Claro";"Dupla";"Reta";"Não";3;0;1;0;1;2;1;4;-25,28571388;-49,90751093;"SPRF-PR";"DEL03-PR";"UOP04-DEL03-PR"
303475;2020-08-24;"segunda-feira";"15:40:00";"PB";230;427;"POMBAL";"Carga excessiva e/ou mal acondicionada";"Danos eventuais";"Sem Vítimas";"Pleno dia";"Crescente";"Céu Claro";"Simples";"Reta;Aclive;Ponte";"Não";1;0;0;0;1;0;0;1;-6,734996;-37,916829;"SPRF-PB";"DEL03-PB";"UOP02-DEL03-PB"
303478;2020-08-24;"segunda-feira";"23:45:00";"CE";116;330;"JAGUARIBE";"Condutor Dormindo";"Colisão transversal";"Com Vítimas Fatais";"Plena Noite";"Crescente";"Céu Claro";"Simples";"Reta";"Não";3;2;0;0;0;1;0;3;-6,075177;-38,655617;"SPRF-CE";"DEL05-CE";"UOP02-DEL05-CE"
303480;2020-08-25;"terça-feira";"01:35:00";"SP";116;156,7;"SAO JOSE DOS CAMPOS";"Condutor Dormindo";"Colisão traseira";"Com Vítimas Fatais";"Pleno dia";"Decrescente";"Céu Claro";"Dupla";"Reta";"Sim";2;1;1;0;0;0;1;2;-23,25044084;-45,93572909;"SPRF-SP";"DEL02-SP";"UOP01-DEL02-SP"
303482;2020-08-25;"terça-feira";"01:00:00";"PR";476;120;"COLOMBO";"Desobediência às normas de trânsito pelo condutor";"Colisão transversal";"Com Vítimas Feridas";"Plena Noite";"Decrescente";"Céu Claro";"Dupla";"Reta;Interseção de Vias";"Sim";4;0;0;1;1;2;1;3;-25,37191;-49,19146;"SPRF-PR";"DEL01-PR";"UOP02-DEL01-PR"
303485;2020-08-25;"terça-feira";"02:30:00";"ES";101;332,6;"GUARAPARI";"Velocidade Incompatível";"Tombamento";"Sem Vítimas";"Plena Noite";"Crescente";"Nublado";"Dupla";"Curva";"Não";2;0;0;0;1;1;0;2;-20,61156457;-40,51064822;"SPRF-ES";"DEL03-ES";"UOP01-DEL03-ES"
303486;2020-08-25;"terça-feira";"03:25:00";"SP";381;79;"SAO PAULO";"Condutor Dormindo";"Tombamento";"Com Vítimas Feridas";"Plena Noite";"Crescente";"Céu Claro";"Dupla";"Curva;Declive";"Sim";1;0;1;0;0;0;1;1;-23,40516736;-46,58001423;"SPRF-SP";"DEL03-SP";"UOP01-DEL03-SP"
303492;2020-08-25;"terça-feira";"05:10:00";"PB";101;58;"SANTA RITA";"Defeito Mecânico no Veículo";"Colisão traseira";"Sem Vítimas";"Pleno dia";"Decrescente";"Céu Claro";"Dupla";"Aclive";"Não";2;0;0;0;1;1;0;2;-6,98564991;-35,07334684;"SPRF-PB";"DEL01-PB";"UOP04-DEL01-PB"
303494;2020-08-25;"terça-feira";"05:05:00";"PB";101;60,2;"SANTA RITA";"Não guardar distância de segurança";"Engavetamento";"Com Vítimas Feridas";"Amanhecer";"Decrescente";"Céu Claro";"Dupla";"Reta";"Não";6;0;1;0;3;3;1;6;-7,00141407;-35,06459811;"SPRF-PB";"DEL01-PB";"UOP04-DEL01-PB"
303498;2020-08-25;"terça-feira";"06:10:00";"RJ";116;138;"DUQUE DE CAXIAS";"Falta de Atenção à Condução";"Colisão traseira";"Com Vítimas Feridas";"Pleno dia";"Crescente";"Céu Claro";"Dupla";"Reta";"Sim";4;0;1;0;3;0;1;3;-22,64697319;-43,19165101;"SPRF-RJ";"DEL04-RJ";"UOP02-DEL04-RJ"
303505;2020-08-25;"terça-feira";"00:20:00";"PE";101;121;"IPOJUCA";"Condutor Dormindo";"Saída de leito carroçável";"Sem Vítimas";"Plena Noite";"Decrescente";"Céu Claro";"Múltipla";"Reta";"Não";1;0;0;0;1;0;0;1;-8,35685707;-35,18628296;"SPRF-PE";"DEL01-PE";"UOP03-DEL01-PE"
303515;2020-08-25;"terça-feira";"02:20:00";"MG";381;540,9;"ITATIAIUCU";"Falta de Atenção à Condução";"Saída de leito carroçável";"Sem Vítimas";"Plena Noite";"Crescente";"Céu Claro";"Dupla";"Reta";"Sim";2;0;0;0;1;1;0;2;-20,25145691;-44,41136239;"SPRF-MG";"DEL04-MG";"UOP03-DEL04-MG"
303517;2020-08-24;"segunda-feira";"04:00:00";"RR";174;205;"RORAINOPOLIS";"Defeito Mecânico no Veículo";"Tombamento";"Com Vítimas Feridas";"Plena Noite";"Crescente";"Céu Claro";"Simples";"Reta";"Não";4;0;2;1;0;1;3;2;0,882818;-60,433716;"SPRF-RR";"DEL01-RR";"UOP01-DEL01-RR"
303519;2020-08-25;"terça-feira";"05:45:00";"BA";410;24;"TUCANO";"Defeito Mecânico no Veículo";"Incêndio";"Sem Vítimas";"Pleno dia";"Decrescente";"Sol";"Simples";"Reta";"Não";3;0;0;0;2;1;0;2;-10,916906;-38,69033;"SPRF-BA";"DEL07-BA";"UOP02-DEL07-BA"
303520;2020-08-18;"terça-feira";"17:00:00";"RS";290;206,2;"RIO PARDO";"Ultrapassagem Indevida";"Colisão lateral";"Com Vítimas Feridas";"Pleno dia";"Crescente";"Céu Claro";"Simples";"Reta";"Não";5;0;0;2;3;0;2;2;-30,167721;-52,288976;"SPRF-RS";"DEL02-RS";"UOP03-DEL02-RS"
303522;2020-08-25;"terça-feira";"07:35:00";"PB";230;23;"JOAO PESSOA";"Falta de Atenção à Condução";"Colisão lateral";"Sem Vítimas";"Pleno dia";"Decrescente";"Céu Claro";"Dupla";"Viaduto";"Sim";2;0;0;0;2;0;0;2;-7,1562;-34,8574;"SPRF-PB";"DEL01-PB";"UOP01-DEL01-PB"
303523;2020-08-09;"domingo";"21:05:00";"MG";262;775;"UBERABA";"Deficiência ou não Acionamento do Sistema de Iluminação/Sinalização do Veículo";"Colisão transversal";"Com Vítimas Feridas";"Plena Noite";"Crescente";"Céu Claro";"Simples";"Reta";"Não";6;0;0;2;1;4;2;5;-19,72796894;-47,71860704;"SPRF-MG";"DEL13-MG";"UOP01-DEL13-MG"
303530;2020-08-25;"terça-feira";"08:00:00";"SP";116;514;"CAJATI";"Carga excessiva e/ou mal acondicionada";"Tombamento";"Com Vítimas Feridas";"Pleno dia";"Decrescente";"Garoa/Chuvisco";"Dupla";"Curva";"Não";2;0;1;0;0;1;1;2;-24,85874304;-48,21731282;"SPRF-SP";"DEL05-SP";"UOP02-DEL05-SP"
303533;2020-08-25;"terça-feira";"09:00:00";"MG";40;552;"NOVA LIMA";"Falta de Atenção à Condução";"Queda de ocupante de veículo";"Com Vítimas Feridas";"Pleno dia";"Crescente";"Céu Claro";"Simples";"Declive";"Sim";2;0;0;1;1;0;1;2;-20,06084086;-43,97716423;"SPRF-MG";"DEL01-MG";"UOP02-DEL01-MG"
303534;2020-08-25;"terça-feira";"08:30:00";"MG";381;304,7;"ANTONIO DIAS";"Defeito Mecânico no Veículo";"Saída de leito carroçável";"Com Vítimas Feridas";"Amanhecer";"Decrescente";"Céu Claro";"Simples";"Curva";"Não";1;0;1;0;0;0;1;1;-19,633805;-42,889205;"SPRF-MG";"DEL03-MG";"UOP02-DEL03-MG"
303539;2020-08-25;"terça-feira";"09:00:00";"SC";101;378,8;"ICARA";"Falta de Atenção à Condução";"Colisão com objeto estático";"Com Vítimas Feridas";"Pleno dia";"Decrescente";"Céu Claro";"Dupla";"Reta";"Sim";3;0;0;2;1;0;2;2;-28,75261055;-49,27222252;"SPRF-SC";"DEL02-SC";"UOP02-DEL02-SC"
303540;2020-08-25;"terça-feira";"09:45:00";"RS";116;266,5;"CANOAS";"Desobediência às normas de trânsito pelo condutor";"Colisão lateral";"Com Vítimas Feridas";"Pleno dia";"Decrescente";"Céu Claro";"Dupla";"Interseção de Vias";"Sim";2;0;1;0;1;0;1;2;-29,933682;-51,177177;"SPRF-RS";"DEL01-RS";"UOP01-DEL01-RS"
303543;2020-08-25;"terça-feira";"08:45:00";"PR";369;18;"CAMBARA";"Desobediência às normas de trânsito pelo condutor";"Colisão traseira";"Com Vítimas Feridas";"Pleno dia";"Decrescente";"Céu Claro";"Simples";"Reta;Aclive";"Sim";4;0;1;0;2;2;1;4;-23,03603512;-50,0676316;"SPRF-PR";"DEL07-PR";"UOP01-DEL07-PR"
303544;2020-08-25;"terça-feira";"09:54:00";"MG";40;511;"RIBEIRAO DAS NEVES";"Defeito Mecânico no Veículo";"Colisão traseira";"Sem Vítimas";"Pleno dia";"Crescente";"Céu Claro";"Dupla";"Reta";"Não";3;0;0;0;3;0;0;3;-19,78164295;-44,11733194;"SPRF-MG";"DEL01-MG";"UOP02-DEL01-MG"
303545;2020-08-25;"terça-feira";"10:20:00";"TO";226;40;"DARCINOPOLIS";"Falta de Atenção à Condução";"Colisão lateral";"Com Vítimas Feridas";"Pleno dia";"Crescente";"Sol";"Simples";"Reta";"Sim";3;0;1;0;1;1;1;3;-6,71108346;-47,75684416;"SPRF-TO";"DEL02-TO";"UOP03-DEL02-TO"
303546;2020-08-25;"terça-feira";"11:10:00";"PR";116;134,9;"MANDIRITUBA";"Falta de Atenção à Condução";"Colisão frontal";"Com Vítimas Feridas";"Pleno dia";"Decrescente";"Céu Claro";"Simples";"Reta;Aclive";"Não";3;0;0;1;1;1;1;3;-25,71826066;-49,31807756;"SPRF-PR";"DEL01-PR";"UOP03-DEL01-PR"
303547;2020-08-25;"terça-feira";"10:17:00";"PR";476;275,4;"SAO MATEUS DO SUL";"Falta de Atenção à Condução";"Engavetamento";"Com Vítimas Feridas";"Pleno dia";"Crescente";"Sol";"Simples";"Reta";"Não";5;0;2;0;2;1;2;4;-25,88582;-50,38245;"SPRF-PR";"DEL02-PR";"UOP04-DEL02-PR"
303550;2020-08-25;"terça-feira";"11:25:00";"ES";101;254;"SERRA";"Falta de Atenção à Condução";"Colisão transversal";"Com Vítimas Feridas";"Pleno dia";"Crescente";"Céu Claro";"Simples";"Reta";"Sim";2;0;0;1;1;0;1;2;-20,1100364;-40,32740141;"SPRF-ES";"DEL02-ES";"UOP01-DEL02-ES"
303556;2020-08-25;"terça-feira";"10:30:00";"MT";364;251,2;"JUSCIMEIRA";"Falta de Atenção à Condução";"Colisão lateral";"Sem Vítimas";"Pleno dia";"Decrescente";"Céu Claro";"Dupla";"Reta";"Não";2;0;0;0;1;1;0;2;-16,11396214;-54,85939336;"SPRF-MT";"DEL02-MT";"UOP01-DEL02-MT"
303559;2020-08-25;"terça-feira";"11:30:00";"MG";262;575,4;"CORREGO DANTA";"Velocidade Incompatível";"Tombamento";"Com Vítimas Feridas";"Pleno dia";"Decrescente";"Sol";"Simples";"Curva";"Não";3;0;2;0;0;1;2;2;-19,69297478;-46,03637682;"SPRF-MG";"DEL08-MG";"UOP02-DEL08-MG"
303560;2020-08-25;"terça-feira";"11:40:00";"RJ";40;124;"RIO DE JANEIRO";"Falta de Atenção à Condução";"Colisão lateral";"Com Vítimas Feridas";"Pleno dia";"Decrescente";"Sol";"Múltipla";"Reta";"Sim";5;0;3;0;2;0;3;3;-22,807953;-43,289124;"SPRF-RJ";"DEL01-RJ";"UOP01-DEL01-RJ"
303561;2020-08-25;"terça-feira";"11:00:00";"MS";158;187;"APARECIDA DO TABOADO";"Restrição de Visibilidade";"Saída de leito carroçável";"Com Vítimas Fatais";"Pleno dia";"Decrescente";"Céu Claro";"Simples";"Reta";"Não";3;1;0;0;1;3;0;5;-20,289557;-51,412544;"SPRF-MS";"DEL08-MS";"UOP01-DEL08-MS"
303563;2020-08-25;"terça-feira";"13:08:00";"ES";259;30,6;"COLATINA";"Falta de Atenção à Condução";"Tombamento";"Com Vítimas Feridas";"Pleno dia";"Crescente";"Sol";"Simples";"Curva";"Não";2;0;1;0;0;1;1;2;-19,59524502;-40,50646804;"SPRF-ES";"DEL02-ES";"UOP01-DEL02-ES"
303565;2020-08-25;"terça-feira";"09:00:00";"PI";407;582,3;"ACAUA";"Velocidade Incompatível";"Colisão traseira";"Com Vítimas Feridas";"Pleno dia";"Decrescente";"Céu Claro";"Simples";"Reta";"Não";2;0;0;1;1;0;1;2;-8,19066977;-41,09237186;"SPRF-PI";"DEL04-PI";"UOP01-DEL04-PI"
303566;2020-08-25;"terça-feira";"08:45:00";"PR";163;48,7;"PRANCHITA";"Desobediência às normas de trânsito pelo condutor";"Colisão frontal";"Com Vítimas Fatais";"Pleno dia";"Crescente";"Céu Claro";"Simples";"Reta";"Não";2;1;0;0;1;0;0;2;-25,958986;-53,722801;"SPRF-PR";"DEL02-PR";"UOP02-DEL02-PR"
303569;2020-08-25;"terça-feira";"12:30:00";"BA";101;266;"SANTO ANTONIO DE JESUS";"Ultrapassagem Indevida";"Colisão frontal";"Com Vítimas Fatais";"Pleno dia";"Decrescente";"Céu Claro";"Simples";"Curva";"Não";4;1;1;0;1;1;1;4;-12,9957096;-39,2857565;"SPRF-BA";"DEL01-BA";"UOP02-DEL01-BA"
303576;2020-07-29;"quarta-feira";"16:10:00";"PA";316;61;"CASTANHAL";"Desobediência às normas de trânsito pelo condutor";"Colisão transversal";"Com Vítimas Feridas";"Pleno dia";"Crescente";"Céu Claro";"Dupla";"Reta";"Sim";2;0;1;0;1;0;1;2;-1,29686015;-47,94639002;"SPRF-PA";"DEL01-PA";"UOP01-DEL01-PA"
303579;2020-08-25;"terça-feira";"12:15:00";"PR";153;513;"GENERAL CARNEIRO";"Desobediência às normas de trânsito pelo condutor";"Tombamento";"Sem Vítimas";"Pleno dia";"Decrescente";"Céu Claro";"Simples";"Reta";"Não";1;0;0;0;1;0;0;1;-26,54258092;-51,42652988;"SPRF-PR";"DEL02-PR";"UOP03-DEL02-PR"