"id";"data_inversa";"dia_semana";"horario";"uf";"br";"km";"municipio";"causa_acidente";"tipo_acidente";"classificacao_acidente";"fase_dia";"sentido_via";"condicao_metereologica";"tipo_pista";"tracado_via";"uso_solo";"pessoas";"mortos";"feridos_leves";"feridos_graves";"ilesos";"ignorados";"feridos";"veiculos";"latitude";"longitude";"regional";"delegacia";"uop"
303581;2020-08-25;"terça-feira";"13:00:00";"BA";116;403,8;"FEIRA DE SANTANA";"Falta de Atenção à Condução";"Colisão com objeto estático";"Com Vítimas Feridas";"Pleno dia";"Decrescente";"Céu Claro";"Simples";"Reta";"Não";1;0;1;0;0;0;1;1;-12,06468058;-38,96991134;"SPRF-BA";"DEL02-BA";"UOP01-DEL02-BA"
303583;2020-08-25;"terça-feira";"11:30:00";"GO";153;156,7;"CAMPINORTE";"Desobediência às normas de trânsito pelo condutor";"Colisão frontal";"Com Vítimas Fatais";"Pleno dia";"Crescente";"Céu Claro";"Simples";"Reta";"Não";4;1;0;0;2;2;0;5;-14,134462;-49,112724;"SPRF-GO";"DEL07-GO";"UOP02-DEL07-GO"
303585;2020-08-25;"terça-feira";"14:15:00";"RN";406;170;"SAO GONCALO DO AMARANTE";"Defeito na Via";"Saída de leito carroçável";"Com Vítimas Feridas";"Pleno dia";"Crescente";"Céu Claro";"Dupla";"Reta";"Sim";2;0;1;0;0;1;1;2;-5,75872063;-35,29921986;"SPRF-RN";"DEL02-RN";"UOP01-DEL02-RN"
303587;2020-08-25;"terça-feira";"13:30:00";"RO";364;340;"JI-PARANA";"Desobediência às normas de trânsito pelo condutor";"Colisão lateral";"Com Vítimas Feridas";"Pleno dia";"Decrescente";"Céu Claro";"Múltipla";"Reta";"Sim";2;0;1;0;1;0;1;2;-10,898802;-61,93046;"SPRF-RO";"DEL02-RO";"UOP01-DEL02-RO"
303589;2020-08-25;"terça-feira";"16:00:00";"RJ";116;136;"MAGE";"Falta de Atenção à Condução";"Engavetamento";"Com Vítimas Feridas";"Pleno dia";"Decrescente";"Sol";"Dupla";"Reta";"Sim";6;0;1;1;4;0;2;5;-22,64988985;-43,17250297;"SPRF-RJ";"DEL04-RJ";"UOP02-DEL04-RJ"
303590;2020-08-25;"terça-feira";"16:10:00";"SC";470;73;"INDAIAL";"Falta de Atenção à Condução";"Colisão traseira";"Com Vítimas Feridas";"Pleno dia";"Crescente";"Céu Claro";"Simples";"Reta";"Não";5;0;2;0;2;1;2;5;-26,908962;-49,275089;"SPRF-SC";"DEL04-SC";"UOP01-DEL04-SC"
303591;2020-08-25;"terça-feira";"14:45:00";"SC";282;95,1;"ALFREDO WAGNER";"Velocidade Incompatível";"Tombamento";"Com Vítimas Feridas";"Pleno dia";"Decrescente";"Sol";"Simples";"Curva";"Não";2;0;0;1;0;1;1;2;-27,71188;-49,255035;"SPRF-SC";"DEL01-SC";"UOP03-DEL01-SC"
303595;2020-08-25;"terça-feira";"15:00:00";"PA";230;20;"PALESTINA DO PARA";"Falta de Atenção do Pedestre";"Atropelamento de Pedestre";"Com Vítimas Fatais";"Pleno dia";"Decrescente";"Céu Claro";"Simples";"Aclive";"Não";3;1;0;0;1;3;0;5;-5,696301;-48,34225;"SPRF-PA";"DEL03-PA";"UOP01-DEL03-PA"
303596;2020-08-25;"terça-feira";"16:20:00";"MG";381;5;"BETIM";"Velocidade Incompatível";"Tombamento";"Com Vítimas Feridas";"Pleno dia";"Crescente";"Céu Claro";"Simples";"Retorno Regulamentado";"Sim";2;0;2;0;0;0;2;1;-19,988041;-44,186736;"SPRF-MG";"DEL01-MG";"UOP03-DEL01-MG"
303613;2020-08-25;"terça-feira";"18:20:00";"RJ";356;148;"CAMPOS DOS GOYTACAZES";"Falta de Atenção à Condução";"Colisão transversal";"Com Vítimas Fatais";"Anoitecer";"Crescente";"Céu Claro";"Simples";"Reta";"Sim";2;1;0;0;1;0;0;2;-21,77876606;-41,29048496;"SPRF-RJ";"DEL08-RJ";"UOP02-DEL08-RJ"
303614;2020-08-25;"terça-feira";"17:15:00";"PR";277;21,7;"MORRETES";"Falta de Atenção à Condução";"Colisão traseira";"Com Vítimas Feridas";"Pleno dia";"Crescente";"Sol";"Dupla";"Reta";"Não";6;0;1;1;3;3;2;7;-25,52990971;-48,72110367;"SPRF-PR";"DEL01-PR";"UOP05-DEL01-PR"
303616;2020-08-25;"terça-feira";"18:20:00";"MG";40;444;"PARAOPEBA";"Carga excessiva e/ou mal acondicionada";"Tombamento";"Sem Vítimas";"Plena Noite";"Crescente";"Céu Claro";"Dupla";"Curva";"Não";1;0;0;0;1;0;0;1;-19,28815;-44,392;"SPRF-MG";"DEL02-MG";"UOP01-DEL02-MG"
303620;2020-08-25;"terça-feira";"18:55:00";"MG";365;747,6;"ITUIUTABA";"Falta de Atenção à Condução";"Tombamento";"Com Vítimas Feridas";"Anoitecer";"Crescente";"Céu Claro";"Simples";"Curva";"Sim";2;0;1;0;0;2;1;3;-18,93511146;-49,4297847;"SPRF-MG";"DEL15-MG";"UOP03-DEL15-MG"
303622;2020-08-25;"terça-feira";"18:40:00";"SC";280;6,4;"SAO FRANCISCO DO SUL";"Falta de Atenção à Condução";"Colisão traseira";"Com Vítimas Feridas";"Plena Noite";"Decrescente";"Céu Claro";"Simples";"Reta";"Sim";4;0;1;1;2;0;2;3;-26,26771072;-48,63639951;"SPRF-SC";"DEL03-SC";"UOP03-DEL03-SC"
303626;2020-08-25;"terça-feira";"19:20:00";"ES";101;298,5;"VIANA";"Defeito Mecânico no Veículo";"Colisão com objeto em movimento";"Com Vítimas Feridas";"Plena Noite";"Crescente";"Céu Claro";"Dupla";"Reta;Viaduto";"Sim";3;0;2;0;0;1;2;2;-20,35374444;-40,4156433;"SPRF-ES";"DEL01-ES";"UOP01-DEL01-ES"
303629;2020-08-25;"terça-feira";"18:55:00";"RJ";116;219;"PIRAI";"Velocidade Incompatível";"Tombamento";"Com Vítimas Feridas";"Plena Noite";"Crescente";"Céu Claro";"Dupla";"Reta";"Não";2;0;1;0;0;1;1;2;-22,67449097;-43,81763935;"SPRF-RJ";"DEL07-RJ";"UOP01-DEL07-RJ"
303631;2020-08-25;"terça-feira";"19:40:00";"RS";158;485;"ROSARIO DO SUL";"Defeito Mecânico no Veículo";"Danos eventuais";"Sem Vítimas";"Plena Noite";"Crescente";"Céu Claro";"Simples";"Aclive";"Não";2;0;0;0;1;2;0;3;-30,388853065;-55,0388987055;"SPRF-RS";"DEL11-RS";"UOP02-DEL11-RS"
303636;2020-08-25;"terça-feira";"04:00:00";"MT";364;1166;"CAMPOS DE JULIO";"Falta de Atenção à Condução";"Colisão com objeto estático";"Com Vítimas Feridas";"Amanhecer";"Decrescente";"Céu Claro";"Simples";"Curva";"Não";3;0;1;0;1;3;1;5;-13,6117576;-59,10616835;"SPRF-MT";"DEL04-MT";"UOP01-DEL04-MT"
303638;2020-08-25;"terça-feira";"16:30:00";"SP";116;567,1;"BARRA DO TURVO";"Falta de Atenção à Condução";"Tombamento";"Com Vítimas Feridas";"Pleno dia";"Decrescente";"Céu Claro";"Simples";"Curva";"Não";2;0;1;0;0;1;1;2;-25,05590062;-48,55484962;"SPRF-SP";"DEL05-SP";"UOP02-DEL05-SP"
303640;2020-08-25;"terça-feira";"21:15:00";"ES";101;128,2;"SOORETAMA";"Falta de Atenção à Condução";"Colisão traseira";"Com Vítimas Feridas";"Plena Noite";"Decrescente";"Céu Claro";"Simples";"Reta";"Não";3;0;1;0;1;1;1;3;-19,21191395;-40,09457556;"SPRF-ES";"DEL04-ES";"UOP01-DEL04-ES"
303641;2020-08-25;"terça-feira";"20:04:00";"MS";262;363,8;"CAMPO GRANDE";"Objeto estático sobre o leito carroçável";"Tombamento";"Com Vítimas Fatais";"Plena Noite";"Decrescente";"Céu Claro";"Simples";"Declive;Reta";"Não";4;1;0;0;2;1;0;4;-20,49994429;-54,7327586;"SPRF-MS";"DEL01-MS";"UOP03-DEL01-MS"
303642;2020-08-25;"terça-feira";"19:20:00";"BA";324;592;"CANDEIAS";"Objeto estático sobre o leito carroçável";"Colisão traseira";"Sem Vítimas";"Plena Noite";"Crescente";"Céu Claro";"Dupla";"Curva";"Não";3;0;0;0;2;1;0;3;-12,70449875;-38,46422374;"SPRF-BA";"DEL01-BA";"UOP01-DEL01-BA"
303645;2020-08-25;"terça-feira";"21:00:00";"SP";153;172,2;"GUAICARA";"Animais na Pista";"Atropelamento de Animal";"Sem Vítimas";"Plena Noite";"Crescente";"Céu Claro";"Simples";"Declive";"Não";2;0;0;0;1;1;0;2;-21,61519396;-49,78601928;"SPRF-SP";"DEL07-SP";"UOP01-DEL07-SP"
303648;2020-08-25;"terça-feira";"19:15:00";"SC";116;54,8;"PAPANDUVA";"Velocidade Incompatível";"Colisão traseira";"Com Vítimas Feridas";"Plena Noite";"Crescente";"Nublado";"Simples";"Reta";"Não";5;0;1;0;3;2;1;5;-26,39448417;-50,16480003;"SPRF-SC";"DEL06-SC";"UOP02-DEL06-SC"
303649;2020-08-25;"terça-feira";"19:20:00";"PA";163;311;"NOVO PROGRESSO";"Desobediência às normas de trânsito pelo condutor";"Colisão transversal";"Com Vítimas Feridas";"Plena Noite";"Decrescente";"Nublado";"Dupla";"Reta";"Sim";2;0;0;1;0;1;1;2;-7,048723;-55,4113;"SPRF-PA";"DEL05-PA";"UOP01-DEL05-PA"
303652;2020-08-25;"terça-feira";"22:00:00";"SC";101;362,4;"SANGAO";"Falta de Atenção à Condução";"Colisão com objeto estático";"Com Vítimas Feridas";"Plena Noite";"Decrescente";"Céu Claro";"Dupla";"Aclive;Reta";"Não";2;0;1;0;0;1;1;2;-28,67733528;-49,13457155;"SPRF-SC";"DEL02-SC";"UOP01-DEL02-SC"
303656;2020-08-25;"terça-feira";"23:20:00";"AL";101;71;"MESSIAS";"Falta de Atenção à Condução";"Colisão traseira";"Com Vítimas Fatais";"Plena Noite";"Crescente";"Céu Claro";"Dupla";"Curva";"Não";3;1;0;0;0;3;0;4;-9,37155696;-35,83020358;"SPRF-AL";"DEL01-AL";"UOP01-DEL01-AL"
303659;2020-08-26;"quarta-feira";"00:05:00";"SP";116;30,2;"CRUZEIRO";"Velocidade Incompatível";"Colisão traseira";"Com Vítimas Feridas";"Plena Noite";"Decrescente";"Céu Claro";"Dupla";"Declive;Reta";"Não";3;0;1;0;1;2;1;4;-22,63400287;-44,93203106;"SPRF-SP";"DEL08-SP";"UOP02-DEL08-SP"
303660;2020-08-25;"terça-feira";"21:15:00";"PR";467;101,1;"CASCAVEL";"Defeito Mecânico no Veículo";"Incêndio";"Sem Vítimas";"Plena Noite";"Decrescente";"Céu Claro";"Dupla";"Curva";"Não";2;0;0;0;1;1;0;2;-24,8999;-53,5272;"SPRF-PR";"DEL04-PR";"UOP01-DEL04-PR"
303669;2020-08-26;"quarta-feira";"03:35:00";"RS";290;293;"CACHOEIRA DO SUL";"Velocidade Incompatível";"Colisão com objeto estático";"Sem Vítimas";"Plena Noite";"Crescente";"Céu Claro";"Simples";"Ponte";"Não";1;0;0;0;1;0;0;1;-30,299706;-53,15053247;"SPRF-RS";"DEL02-RS";"UOP03-DEL02-RS"
303670;2020-08-26;"quarta-feira";"05:40:00";"CE";20;239;"MADALENA";"Falta de Atenção à Condução";"Colisão traseira";"Com Vítimas Feridas";"Amanhecer";"Decrescente";"Céu Claro";"Simples";"Reta";"Não";5;0;1;0;3;2;1;4;-4,85575414;-39,57409685;"SPRF-CE";"DEL02-CE";"UOP02-DEL02-CE"
303671;2020-08-26;"quarta-feira";"06:00:00";"MG";354;718,3;"POUSO ALTO";"Falta de Atenção à Condução";"Saída de leito carroçável";"Com Vítimas Feridas";"Amanhecer";"Crescente";"Céu Claro";"Simples";"Curva";"Não";2;0;1;0;1;0;1;1;-22,08809066;-44,94666703;"SPRF-MG";"DEL17-MG";"UOP01-DEL17-MG"
303672;2020-08-26;"quarta-feira";"06:10:00";"CE";116;27;"ITAITINGA";"Desobediência às normas de trânsito pelo condutor";"Saída de leito carroçável";"Sem Vítimas";"Pleno dia";"Crescente";"Céu Claro";"Dupla";"Curva";"Não";3;0;0;0;2;1;0;3;-3,98418708;-38,5151357;"SPRF-CE";"DEL01-CE";"UOP02-DEL01-CE"
303674;2020-08-26;"quarta-feira";"06:30:00";"RJ";116;222;"PIRAI";"Velocidade Incompatível";"Tombamento";"Sem Vítimas";"Pleno dia";"Decrescente";"Céu Claro";"Dupla";"Curva";"Não";1;0;0;0;1;0;0;1;-22,6896952;-43,79175108;"SPRF-RJ";"DEL07-RJ";"UOP01-DEL07-RJ"
303676;2020-08-26;"quarta-feira";"05:00:00";"SC";470;184,9;"POUSO REDONDO";"Condutor Dormindo";"Tombamento";"Com Vítimas Fatais";"Plena Noite";"Crescente";"Céu Claro";"Simples";"Curva";"Não";1;1;0;0;0;0;0;1;-27,253466;-50,038262;"SPRF-SC";"DEL04-SC";"UOP02-DEL04-SC"
303677;2020-08-26;"quarta-feira";"07:10:00";"ES";262;55,5;"MARECHAL FLORIANO";"Defeito Mecânico no Veículo";"Tombamento";"Sem Vítimas";"Pleno dia";"Crescente";"Céu Claro";"Simples";"Curva";"Não";2;0;0;0;1;3;0;4;-20,41120651;-40,7479394;"SPRF-ES";"DEL01-ES";"UOP01-DEL01-ES"
303680;2020-08-03;"segunda-feira";"00:40:00";"BA";101;39,9;"ESPLANADA";"Desobediência às normas de trânsito pelo condutor";"Colisão frontal";"Com Vítimas Feridas";"Plena Noite";"Crescente";"Chuva";"Simples";"Curva";"Não";2;0;0;1;1;0;1;2;-11,84783003;-37,99278239;"SPRF-SE";"DEL02-SE";"UOP03-DEL02-SE"
303681;2020-08-26;"quarta-feira";"01:10:00";"MG";262;623,4;"IBIA";"Condutor Dormindo";"Saída de leito carroçável";"Com Vítimas Feridas";"Plena Noite";"Decrescente";"Céu Claro";"Simples";"Reta";"Não";2;0;0;1;0;2;1;3;-19,58355792;-46,39690799;"SPRF-MG";"DEL08-MG";"UOP02-DEL08-MG"
303682;2020-08-06;"quinta-feira";"06:50:00";"SE";101;66,5;"ROSARIO DO CATETE";"Não guardar distância de segurança";"Colisão traseira";"Com Vítimas Feridas";"Pleno dia";"Crescente";"Sol";"Simples";"Reta";"Não";6;0;2;1;2;1;3;3;-10,71207086;-37,05954216;"SPRF-SE";"DEL02-SE";"UOP02-DEL02-SE"
303686;2020-08-26;"quarta-feira";"07:35:00";"ES";101;296,8;"CARIACICA";"Falta de Atenção à Condução";"Colisão com objeto em movimento";"Com Vítimas Feridas";"Pleno dia";"Decrescente";"Céu Claro";"Múltipla";"Viaduto";"Sim";4;0;0;1;2;1;1;4;-20,34029997;-40,40405712;"SPRF-ES";"DEL01-ES";"UOP01-DEL01-ES"
303687;2020-08-26;"quarta-feira";"07:30:00";"MG";251;449,8;"GRAO MOGOL";"Velocidade Incompatível";"Saída de leito carroçável";"Com Vítimas Feridas";"Pleno dia";"Decrescente";"Céu Claro";"Simples";"Curva";"Não";1;0;1;0;0;0;1;1;-16,420528;-43,28967;"SPRF-MG";"DEL12-MG";"UOP01-DEL12-MG"
303689;2020-08-26;"quarta-feira";"07:50:00";"RJ";116;264;"BARRA MANSA";"Desobediência às normas de trânsito pelo condutor";"Colisão traseira";"Com Vítimas Feridas";"Pleno dia";"Decrescente";"Céu Claro";"Dupla";"Reta";"Não";3;0;0;1;1;1;1;3;-22,59213864;-44,07723781;"SPRF-RJ";"DEL07-RJ";"UOP02-DEL07-RJ"
303695;2020-08-26;"quarta-feira";"07:15:00";"RJ";116;257;"BARRA MANSA";"Não guardar distância de segurança";"Colisão lateral";"Sem Vítimas";"Pleno dia";"Decrescente";"Sol";"Dupla";"Reta";"Não";4;0;0;0;2;2;0;4;-22,59245816;-44,06787872;"SPRF-RJ";"DEL07-RJ";"UOP02-DEL07-RJ"
303697;2020-08-26;"quarta-feira";"09:02:00";"MG";50;191,3;"UBERABA";"Falta de Atenção à Condução";"Colisão com objeto estático";"Com Vítimas Feridas";"Pleno dia";"Crescente";"Céu Claro";"Dupla";"Reta";"Não";3;0;0;1;1;1;1;3;-19,8640909;-47,86418486;"SPRF-MG";"DEL13-MG";"UOP01-DEL13-MG"
303699;2020-08-26;"quarta-feira";"07:00:00";"BA";242;491;"OLIVEIRA DOS BREJINHOS";"Velocidade Incompatível";"Tombamento";"Com Vítimas Fatais";"Pleno dia";"Decrescente";"Sol";"Simples";"Curva";"Não";1;1;0;0;0;0;0;1;-12,40158974;-42,37914499;"SPRF-BA";"DEL06-BA";"UOP01-DEL06-BA"
303703;2020-08-26;"quarta-feira";"09:15:00";"PR";376;654,1;"TIJUCAS DO SUL";"Condutor Dormindo";"Saída de leito carroçável";"Com Vítimas Feridas";"Pleno dia";"Decrescente";"Céu Claro";"Dupla";"Reta";"Não";2;0;1;0;0;1;1;2;-25,84325961;-49,05169114;"SPRF-PR";"DEL01-PR";"UOP04-DEL01-PR"
303705;2020-08-26;"quarta-feira";"09:15:00";"SP";116;230;"SAO PAULO";"Falta de Atenção à Condução";"Colisão traseira";"Com Vítimas Feridas";"Pleno dia";"Crescente";"Céu Claro";"Múltipla";"Reta";"Sim";4;0;0;2;1;1;2;3;-23,52251783;-46,5855702;"SPRF-SP";"DEL01-SP";"UOP01-DEL01-SP"
303710;2020-08-26;"quarta-feira";"09:10:00";"RJ";393;236;"VASSOURAS";"Desobediência às normas de trânsito pelo condutor";"Colisão lateral";"Com Vítimas Feridas";"Pleno dia";"Decrescente";"Nublado";"Simples";"Reta";"Sim";3;0;1;0;2;0;1;3;-22,38996804;-43,64928296;"SPRF-RJ";"DEL05-RJ";"UOP03-DEL05-RJ"
303716;2020-08-26;"quarta-feira";"09:30:00";"AL";101;67,7;"MESSIAS";"Falta de Atenção à Condução";"Colisão lateral";"Com Vítimas Feridas";"Pleno dia";"Decrescente";"Nublado";"Dupla";"Reta";"Não";4;0;1;0;2;1;1;3;-9,34144305;-35,83125567;"SPRF-AL";"DEL01-AL";"UOP02-DEL01-AL"
303719;2020-08-26;"quarta-feira";"10:45:00";"MG";251;400;"GRAO MOGOL";"Defeito Mecânico no Veículo";"Incêndio";"Sem Vítimas";"Pleno dia";"Decrescente";"Sol";"Simples";"Aclive";"Não";2;0;0;0;1;1;0;2;-16,23680778;-42,91751713;"SPRF-MG";"DEL12-MG";"UOP01-DEL12-MG"
303722;2020-08-26;"quarta-feira";"10:50:00";"PE";232;207;"PESQUEIRA";"Falta de Atenção à Condução";"Colisão traseira";"Com Vítimas Feridas";"Pleno dia";"Crescente";"Céu Claro";"Simples";"Aclive";"Não";4;0;1;0;2;2;1;4;-8,369249;-36,670749;"SPRF-PE";"DEL02-PE";"UOP03-DEL02-PE"
303729;2020-08-26;"quarta-feira";"05:00:00";"SP";116;418,1;"JUQUIA";"Defeito Mecânico no Veículo";"Derramamento de carga";"Sem Vítimas";"Amanhecer";"Crescente";"Céu Claro";"Dupla";"Reta";"Não";2;0;0;0;1;1;0;2;-24,353607;-47,659347;"SPRF-SP";"DEL05-SP";"UOP01-DEL05-SP"
303737;2020-08-26;"quarta-feira";"13:00:00";"BA";116;420;"FEIRA DE SANTANA";"Falta de Atenção à Condução";"Engavetamento";"Com Vítimas Feridas";"Pleno dia";"Crescente";"Céu Claro";"Simples";"Reta";"Sim";4;0;1;1;2;0;2;3;-12,20321398;-38,96555531;"SPRF-BA";"DEL02-BA";"UOP01-DEL02-BA"
303740;2020-08-26;"quarta-feira";"11:40:00";"MT";163;907;"ITAUBA";"Falta de Atenção à Condução";"Colisão lateral";"Com Vítimas Feridas";"Pleno dia";"Decrescente";"Sol";"Simples";"Reta";"Não";9;0;3;1;4;3;4;7;-11,25483;-55,30967;"SPRF-MT";"DEL06-MT";"NPF/DEL06-MT"
303743;2020-08-26;"quarta-feira";"13:52:00";"BA";116;345,6;"TEOFILANDIA";"Ultrapassagem Indevida";"Engavetamento";"Com Vítimas Fatais";"Pleno dia";"Decrescente";"Céu Claro";"Simples";"Reta;Aclive";"Não";10;2;0;2;5;8;2;14;-11,54673796;-38,99080056;"SPRF-BA";"DEL02-BA";"UOP01-DEL02-BA"
303745;2020-08-26;"quarta-feira";"11:30:00";"PR";277;38;"MORRETES";"Ingestão de Substâncias Psicoativas";"Colisão lateral";"Com Vítimas Feridas";"Pleno dia";"Crescente";"Sol";"Dupla";"Reta";"Não";4;0;1;0;2;2;1;5;-25,56584471;-48,81116269;"SPRF-PR";"DEL01-PR";"UOP05-DEL01-PR"
303749;2020-08-26;"quarta-feira";"13:30:00";"MT";163;68;"RONDONOPOLIS";"Defeito Mecânico no Veículo";"Incêndio";"Sem Vítimas";"Pleno dia";"Decrescente";"Sol";"Dupla";"Reta";"Não";2;0;0;0;1;1;0;2;-16,91932713;-54,72765061;"SPRF-MT";"DEL02-MT";"UOP01-DEL02-MT"
303751;2020-08-26;"quarta-feira";"14:45:00";"PR";277;195,7;"PALMEIRA";"Falta de Atenção à Condução";"Colisão transversal";"Com Vítimas Feridas";"Pleno dia";"Crescente";"Sol";"Simples";"Reta";"Não";3;0;1;1;0;1;2;3;-25,43309215;-50,15896593;"SPRF-PR";"DEL03-PR";"UOP03-DEL03-PR"
303752;2020-08-26;"quarta-feira";"15:00:00";"SC";101;202;"SAO JOSE";"Falta de Atenção à Condução";"Colisão lateral";"Com Vítimas Feridas";"Pleno dia";"Crescente";"Céu Claro";"Dupla";"Reta";"Não";3;0;1;0;0;2;1;3;-27,55711595;-48,61897889;"SPRF-SC";"DEL01-SC";"UOP01-DEL01-SC"
303754;2020-08-26;"quarta-feira";"15:20:00";"MG";267;200,7;"BOM JARDIM DE MINAS";"Defeito Mecânico no Veículo";"Tombamento";"Com Vítimas Feridas";"Pleno dia";"Decrescente";"Céu Claro";"Simples";"Reta";"Não";2;0;1;0;1;0;1;1;-21,93311108;-44,08851501;"SPRF-MG";"DEL05-MG";"UOP01-DEL05-MG"
303755;2020-08-26;"quarta-feira";"14:00:00";"MG";251;401,2;"GRAO MOGOL";"Não guardar distância de segurança";"Colisão traseira";"Com Vítimas Feridas";"Pleno dia";"Crescente";"Céu Claro";"Simples";"Reta";"Não";4;0;1;0;2;1;1;3;-16,24158921;-42,92540287;"SPRF-MG";"DEL12-MG";"UOP01-DEL12-MG"
303756;2020-08-26;"quarta-feira";"15:00:00";"PR";467;79;"TOLEDO";"Avarias e/ou desgaste excessivo no pneu";"Colisão com objeto em movimento";"Com Vítimas Feridas";"Pleno dia";"Crescente";"Céu Claro";"Dupla";"Reta";"Não";4;0;0;1;1;2;1;4;-24,7786;-53,6791;"SPRF-PR";"DEL04-PR";"UOP01-DEL04-PR"
303757;2020-08-26;"quarta-feira";"13:30:00";"MS";163;18;"MUNDO NOVO";"Desobediência às normas de trânsito pelo condutor";"Colisão lateral";"Sem Vítimas";"Pleno dia";"Decrescente";"Céu Claro";"Simples";"Curva";"Sim";2;0;0;0;1;1;0;2;-23,9418630431;-54,2806814384;"SPRF-MS";"DEL09-MS";"UOP02-DEL09-MS"
303761;2020-08-26;"quarta-feira";"14:25:00";"MT";364;201;"RONDONOPOLIS";"Falta de Atenção à Condução";"Colisão lateral";"Com Vítimas Feridas";"Pleno dia";"Decrescente";"Céu Claro";"Múltipla";"Rotatória";"Não";3;0;0;1;1;1;1;3;-16,491405;-54,646378;"SPRF-MT";"DEL02-MT";"UOP01-DEL02-MT"
303767;2020-08-26;"quarta-feira";"06:00:00";"MT";70;170;"GENERAL CARNEIRO";"Restrição de Visibilidade";"Saída de leito carroçável";"Sem Vítimas";"Amanhecer";"Decrescente";"Céu Claro";"Simples";"Reta";"Não";1;0;0;0;1;0;0;1;-15,61035413;-53,52513196;"SPRF-MT";"DEL05-MT";"UOP01-DEL05-MT"
303778;2020-08-08;"sábado";"16:15:00";"MT";163;854;"SINOP";"Falta de Atenção à Condução";"Colisão transversal";"Com Vítimas Feridas";"Pleno dia";"Crescente";"Céu Claro";"Simples";"Interseção de Vias";"Sim";4;0;0;1;2;2;1;4;-11,6934972;-55,45160294;"SPRF-MT";"DEL06-MT";"NPF/DEL06-MT"
303786;2020-08-26;"quarta-feira";"09:15:00";"PA";163;364;"NOVO PROGRESSO";"Defeito Mecânico no Veículo";"Tombamento";"Sem Vítimas";"Pleno dia";"Crescente";"Céu Claro";"Simples";"Reta";"Não";2;0;0;0;1;3;0;4;-6,60519016;-55,5072732;"SPRF-PA";"DEL05-PA";"UOP01-DEL05-PA"
303792;2020-08-26;"quarta-feira";"18:40:00";"SC";116;115;"SANTA CECILIA";"Velocidade Incompatível";"Tombamento";"Com Vítimas Feridas";"Plena Noite";"Decrescente";"Céu Claro";"Simples";"Curva";"Não";2;0;1;0;0;1;1;2;-26,80262399;-50,33936901;"SPRF-SC";"DEL06-SC";"UOP02-DEL06-SC"
303793;2020-08-26;"quarta-feira";"14:06:00";"MG";381;896;"CAMBUI";"Falta de Atenção à Condução";"Tombamento";"Com Vítimas Feridas";"Pleno dia";"Crescente";"Céu Claro";"Dupla";"Reta";"Não";2;0;1;0;0;1;1;2;-22,63125698;-46,07854411;"SPRF-MG";"DEL16-MG";"UOP03-DEL16-MG"
303795;2020-08-26;"quarta-feira";"19:00:00";"ES";101;279,5;"SERRA";"Falta de Atenção à Condução";"Colisão transversal";"Com Vítimas Feridas";"Plena Noite";"Decrescente";"Céu Claro";"Dupla";"Interseção de Vias";"Não";3;0;1;0;1;2;1;4;-20,218122;-40,339325;"SPRF-ES";"DEL02-ES";"UOP01-DEL02-ES"
303796;2020-08-26;"quarta-feira";"19:20:00";"RJ";116;237;"PIRAI";"Falta de Atenção à Condução";"Colisão transversal";"Com Vítimas Feridas";"Plena Noite";"Crescente";"Céu Claro";"Simples";"Retorno Regulamentado";"Sim";3;0;0;1;1;1;1;3;-22,6648253;-43,8735;"SPRF-RJ";"DEL07-RJ";"UOP01-DEL07-RJ"
303800;2020-08-26;"quarta-feira";"17:30:00";"MA";10;255;"IMPERATRIZ";"Não guardar distância de segurança";"Colisão traseira";"Com Vítimas Feridas";"Pleno dia";"Decrescente";"Sol";"Simples";"Reta";"Sim";3;0;2;0;1;0;2;2;-5,508798;-47,471718;"SPRF-MA";"DEL04-MA";"UOP01-DEL04-MA"
303803;2020-08-26;"quarta-feira";"13:10:00";"MT";174;122;"MIRASSOL DOESTE";"Desobediência às normas de trânsito pelo condutor";"Saída de leito carroçável";"Com Vítimas Feridas";"Pleno dia";"Decrescente";"Sol";"Simples";"Declive";"Não";3;0;1;0;1;4;1;6;-15,82935414;-58,06396499;"SPRF-MT";"DEL03-MT";"UOP01-DEL03-MT"
303805;2020-08-26;"quarta-feira";"14:05:00";"SC";282;597;"CUNHA PORA";"Defeito Mecânico no Veículo";"Incêndio";"Sem Vítimas";"Pleno dia";"Crescente";"Sol";"Simples";"Reta";"Não";1;0;0;0;0;1;0;1;-26,82922;-53,138004;"SPRF-SC";"DEL07-SC";"UOP02-DEL07-SC"
303807;2020-08-26;"quarta-feira";"20:30:00";"PE";101;80,5;"JABOATAO DOS GUARARAPES";"Desobediência às normas de trânsito pelo condutor";"Colisão lateral";"Com Vítimas Fatais";"Plena Noite";"Decrescente";"Céu Claro";"Dupla";"Reta";"Sim";4;1;1;1;0;1;2;3;-8,15112589;-34,9428866;"SPRF-PE";"DEL01-PE";"UOP03-DEL01-PE"
303809;2020-08-26;"quarta-feira";"19:10:00";"MG";50;171;"UBERABA";"Falta de Atenção à Condução";"Colisão com objeto estático";"Com Vítimas Feridas";"Pleno dia";"Crescente";"Céu Claro";"Dupla";"Declive;Reta";"Sim";2;0;1;0;0;2;1;3;-19,74554892;-47,98382166;"SPRF-MG";"DEL13-MG";"UOP01-DEL13-MG"