"id";"data_inversa";"dia_semana";"horario";"uf";"br";"km";"municipio";"causa_acidente";"tipo_acidente";"classificacao_acidente";"fase_dia";"sentido_via";"condicao_metereologica";"tipo_pista";"tracado_via";"uso_solo";"pessoas";"mortos";"feridos_leves";"feridos_graves";"ilesos";"ignorados";"feridos";"veiculos";"latitude";"longitude";"regional";"delegacia";"uop"
304074;2020-08-28;"sexta-feira";"12:00:00";"RN";304;256;"SANTA MARIA";"Velocidade Incompatível";"Colisão frontal";"Com Vítimas Fatais";"Pleno dia";"Decrescente";"Sol";"Simples";"Reta";"Não";6;4;0;1;1;0;1;2;-5,84001724;-35,70047904;"SPRF-RN";"DEL01-RN";"UOP02-DEL01-RN"
304077;2020-08-28;"sexta-feira";"08:20:00";"MG";40;821,4;"SIMAO PEREIRA";"Condutor Dormindo";"Saída de leito carroçável";"Com Vítimas Feridas";"Pleno dia";"Decrescente";"Céu Claro";"Dupla";"Aclive";"Não";1;0;1;0;0;0;1;1;-21,94462709;-43,30383414;"SPRF-MG";"DEL05-MG";"UOP01-DEL05-MG"
304089;2020-02-02;"domingo";"15:30:00";"MG";40;638,4;"CONSELHEIRO LAFAIETE";"Velocidade Incompatível";"Colisão frontal";"Com Vítimas Fatais";"Pleno dia";"Crescente";"Chuva";"Simples";"Declive;Curva";"Não";6;2;1;2;1;0;3;3;-20,732017;-43,799999;"SPRF-MG";"DEL05-MG";"UOP02-DEL05-MG"
304091;2020-08-28;"sexta-feira";"13:50:00";"CE";116;34;"HORIZONTE";"Defeito Mecânico no Veículo";"Saída de leito carroçável";"Sem Vítimas";"Pleno dia";"Crescente";"Céu Claro";"Dupla";"Reta";"Não";1;0;0;0;1;0;0;1;-4,04340809;-38,50824339;"SPRF-CE";"DEL01-CE";"UOP02-DEL01-CE"
304096;2020-08-28;"sexta-feira";"11:30:00";"PI";316;241;"INHUMA";"Ingestão de Álcool";"Colisão traseira";"Com Vítimas Feridas";"Pleno dia";"Decrescente";"Céu Claro";"Simples";"Reta";"Sim";5;0;1;2;1;3;3;5;-6,66104611;-41,71767496;"SPRF-PI";"DEL04-PI";"UOP02-DEL04-PI"
304105;2020-08-28;"sexta-feira";"15:40:00";"MS";163;691;"RIO VERDE DE MATO GROSSO";"Falta de Atenção do Pedestre";"Atropelamento de Pedestre";"Com Vítimas Feridas";"Pleno dia";"Crescente";"Sol";"Simples";"Declive";"Não";4;0;0;1;2;2;1;4;-18,83492498;-54,81340886;"SPRF-MS";"DEL06-MS";"UOP01-DEL06-MS"
304110;2020-08-28;"sexta-feira";"16:30:00";"GO";50;299,5;"CATALAO";"Sinalização da via insuficiente ou inadequada";"Colisão traseira";"Com Vítimas Feridas";"Anoitecer";"Crescente";"Céu Claro";"Simples";"Curva";"Não";5;0;1;1;2;3;2;5;-18,3208;-48,0232;"SPRF-GO";"DEL06-GO";"UOP01-DEL06-GO"
304114;2020-08-28;"sexta-feira";"17:02:00";"DF";20;55,3;"BRASILIA";"Defeito Mecânico no Veículo";"Saída de leito carroçável";"Com Vítimas Feridas";"Pleno dia";"Crescente";"Céu Claro";"Dupla";"Reta";"Não";2;0;1;0;0;1;1;2;-15,579966;-47,375816;"SPRF-DF";"DEL02-DF";"UOP01-DEL02-DF"
304118;2020-08-28;"sexta-feira";"12:45:00";"RO";364;71;"VILHENA";"Fenômenos da Natureza";"Colisão lateral";"Com Vítimas Feridas";"Pleno dia";"Crescente";"Chuva";"Simples";"Aclive";"Não";3;0;1;0;1;2;1;4;-12,449768;-60,546005;"SPRF-RO";"DEL04-RO";"UOP01-DEL04-RO"
304120;2020-08-28;"sexta-feira";"17:50:00";"MG";40;615,9;"CONGONHAS";"Falta de Atenção à Condução";"Colisão traseira";"Com Vítimas Feridas";"Anoitecer";"Decrescente";"Céu Claro";"Simples";"Declive;Reta;Viaduto";"Não";5;0;1;0;3;2;1;5;-20,54579265;-43,82236188;"SPRF-MG";"DEL05-MG";"UOP02-DEL05-MG"
304121;2020-08-28;"sexta-feira";"17:40:00";"PR";116;111;"CURITIBA";"Falta de Atenção à Condução";"Engavetamento";"Sem Vítimas";"Pleno dia";"Crescente";"Céu Claro";"Dupla";"Curva";"Sim";6;0;0;0;6;0;0;6;-25,56885181;-49,22724597;"SPRF-PR";"DEL01-PR";"UOP01-DEL01-PR"
304122;2020-08-28;"sexta-feira";"12:30:00";"AL";316;180,9;"BELEM";"Condutor Dormindo";"Colisão lateral";"Com Vítimas Feridas";"Pleno dia";"Crescente";"Céu Claro";"Simples";"Aclive;Curva";"Não";9;0;1;0;7;1;1;5;-9,58604039;-36,48916615;"SPRF-AL";"DEL03-AL";"UOP01-DEL03-AL"
304123;2020-08-28;"sexta-feira";"17:05:00";"RO";364;309,3;"PRESIDENTE MEDICI";"Desobediência às normas de trânsito pelo condutor";"Colisão transversal";"Com Vítimas Feridas";"Pleno dia";"Crescente";"Céu Claro";"Simples";"Interseção de Vias;Aclive";"Não";2;0;0;1;1;0;1;2;-11,16031886;-61,90160751;"SPRF-RO";"DEL02-RO";"UOP01-DEL02-RO"
304124;2020-08-04;"terça-feira";"19:00:00";"RS";290;87;"PORTO ALEGRE";"Falta de Atenção à Condução";"Colisão lateral";"Com Vítimas Feridas";"Anoitecer";"Decrescente";"Céu Claro";"Múltipla";"Reta";"Não";2;0;1;0;1;0;1;2;-29,967838;-51,127197;"SPRF-RS";"DEL01-RS";"UOP01-DEL01-RS"
304127;2020-08-28;"sexta-feira";"13:00:00";"MT";163;856;"SINOP";"Velocidade Incompatível";"Tombamento";"Com Vítimas Feridas";"Pleno dia";"Crescente";"Céu Claro";"Simples";"Reta";"Não";1;0;1;0;0;0;1;1;-11,8033151;-55,48013662;"SPRF-MT";"DEL06-MT";"NPF/DEL06-MT"
304132;2020-08-28;"sexta-feira";"17:00:00";"MT";364;503,7;"JANGADA";"Falta de Atenção à Condução";"Tombamento";"Com Vítimas Feridas";"Anoitecer";"Crescente";"Céu Claro";"Simples";"Reta";"Não";1;0;1;0;0;0;1;1;-15,236872;-56,49115;"SPRF-MT";"DEL01-MT";"UOP01-DEL01-MT"
304136;2020-08-28;"sexta-feira";"18:50:00";"PE";423;31;"SAO CAITANO";"Desobediência às normas de trânsito pelo condutor";"Colisão frontal";"Com Vítimas Feridas";"Plena Noite";"Crescente";"Céu Claro";"Simples";"Reta";"Não";2;0;0;1;1;0;1;2;-8,42715582;-36,19793533;"SPRF-PE";"DEL02-PE";"UOP03-DEL02-PE"
304152;2020-08-28;"sexta-feira";"18:00:00";"PR";163;174,5;"LINDOESTE";"Desobediência às normas de trânsito pelo condutor";"Colisão frontal";"Com Vítimas Feridas";"Anoitecer";"Decrescente";"Céu Claro";"Simples";"Curva";"Não";7;0;3;1;2;2;4;4;-25,22534298;-53,59185885;"SPRF-PR";"DEL05-PR";"UOP05-DEL05-PR"
304153;2020-08-28;"sexta-feira";"18:55:00";"PI";316;21;"TERESINA";"Falta de Atenção à Condução";"Colisão lateral";"Com Vítimas Feridas";"Anoitecer";"Crescente";"Céu Claro";"Simples";"Reta";"Não";2;0;0;1;1;0;1;2;-5,26746306;-42,72741334;"SPRF-PI";"DEL01-PI";"UOP02-DEL01-PI"
304156;2020-08-28;"sexta-feira";"19:20:00";"PR";373;398,8;"CANDOI";"Deficiência ou não Acionamento do Sistema de Iluminação/Sinalização do Veículo";"Colisão traseira";"Com Vítimas Fatais";"Plena Noite";"Decrescente";"Céu Claro";"Simples";"Reta";"Sim";2;1;0;0;0;1;0;2;-25,55643095;-52,03722703;"SPRF-PR";"DEL08-PR";"UOP01-DEL08-PR"
304158;2020-08-28;"sexta-feira";"13:30:00";"MT";163;958;"NOVA SANTA HELENA";"Desobediência às normas de trânsito pelo condutor";"Colisão frontal";"Com Vítimas Fatais";"Pleno dia";"Crescente";"Céu Claro";"Simples";"Declive;Reta";"Não";4;2;0;1;0;4;1;7;-10,94791298;-55,21455004;"SPRF-MT";"DEL06-MT";"NPF/DEL06-MT"
304162;2020-08-28;"sexta-feira";"20:00:00";"GO";70;15,4;"AGUAS LINDAS DE GOIAS";"Carga excessiva e/ou mal acondicionada";"Tombamento";"Com Vítimas Fatais";"Plena Noite";"Crescente";"Céu Claro";"Dupla";"Declive";"Sim";4;1;3;0;0;0;3;1;-15,75578998;-48,33282786;"SPRF-DF";"DEL03-DF";"UOP02-DEL03-DF"
304163;2020-08-28;"sexta-feira";"19:50:00";"PR";153;112;"IBAITI";"Velocidade Incompatível";"Queda de ocupante de veículo";"Com Vítimas Feridas";"Plena Noite";"Crescente";"Céu Claro";"Simples";"Reta";"Não";3;0;1;0;1;2;1;4;-23,87002672;-50,20241747;"SPRF-PR";"DEL07-PR";"UOP04-DEL07-PR"
304165;2020-08-28;"sexta-feira";"16:00:00";"MT";174;314;"PONTES E LACERDA";"Falta de Atenção à Condução";"Colisão traseira";"Com Vítimas Feridas";"Pleno dia";"Crescente";"Céu Claro";"Simples";"Reta";"Não";4;0;1;0;2;1;1;4;-15,015435;-59,28943099;"SPRF-MT";"DEL04-MT";"UOP01-DEL04-MT"
304171;2020-08-28;"sexta-feira";"17:30:00";"MG";262;765,9;"UBERABA";"Falta de Atenção à Condução";"Saída de leito carroçável";"Com Vítimas Feridas";"Pleno dia";"Crescente";"Céu Claro";"Simples";"Reta";"Não";2;0;1;0;0;2;1;3;-19,67812676;-47,64827307;"SPRF-MG";"DEL13-MG";"UOP01-DEL13-MG"
304174;2020-08-28;"sexta-feira";"20:40:00";"SP";153;61,7;"SAO JOSE DO RIO PRETO";"Ingestão de Álcool";"Colisão lateral";"Sem Vítimas";"Plena Noite";"Crescente";"Céu Claro";"Dupla";"Declive";"Sim";2;0;0;0;2;0;0;2;-20,80502876;-49,35574909;"SPRF-SP";"DEL09-SP";"UOP01-DEL09-SP"
304176;2020-08-28;"sexta-feira";"19:15:00";"MA";135;20;"SAO LUIS";"Ingestão de Álcool";"Colisão traseira";"Com Vítimas Feridas";"Plena Noite";"Crescente";"Céu Claro";"Dupla";"Reta";"Sim";2;0;1;0;1;0;1;2;-2,73143875;-44,33163334;"SPRF-MA";"DEL01-MA";"UOP01-DEL01-MA"
304177;2020-08-28;"sexta-feira";"20:20:00";"PE";316;266;"BELEM DE SAO FRANCISCO";"Velocidade Incompatível";"Colisão frontal";"Com Vítimas Fatais";"Plena Noite";"Crescente";"Céu Claro";"Simples";"Reta";"Não";6;3;0;3;0;0;3;2;-8,71384793;-38,9643556;"SPRF-PE";"DEL05-PE";"UOP03-DEL05-PE"
304178;2020-08-28;"sexta-feira";"21:10:00";"BA";101;507;"ITABUNA";"Falta de Atenção do Pedestre";"Atropelamento de Pedestre";"Com Vítimas Feridas";"Plena Noite";"Decrescente";"Céu Claro";"Simples";"Reta";"Não";3;0;0;1;1;1;1;3;-14,96379924;-39,31343385;"SPRF-BA";"DEL05-BA";"UOP01-DEL05-BA"
304181;2020-08-28;"sexta-feira";"20:12:00";"TO";153;439;"MIRACEMA DO TOCANTINS";"Deficiência ou não Acionamento do Sistema de Iluminação/Sinalização do Veículo";"Colisão traseira";"Sem Vítimas";"Plena Noite";"Crescente";"Céu Claro";"Simples";"Aclive";"Não";4;0;0;0;3;2;0;5;-9,73165307;-48,69330085;"SPRF-TO";"DEL01-TO";"UOP01-DEL01-TO"
304182;2020-08-28;"sexta-feira";"20:25:00";"SP";116;77,4;"ROSEIRA";"Falta de Atenção à Condução";"Tombamento";"Sem Vítimas";"Plena Noite";"Decrescente";"Céu Claro";"Dupla";"Reta";"Não";3;0;0;0;2;1;0;3;-22,88479462;-45,28113842;"SPRF-SP";"DEL06-SP";"UOP01-DEL06-SP"
304185;2020-08-28;"sexta-feira";"20:30:00";"ES";101;8;"PEDRO CANARIO";"Velocidade Incompatível";"Tombamento";"Com Vítimas Feridas";"Plena Noite";"Crescente";"Céu Claro";"Simples";"Curva";"Não";1;0;0;1;0;0;1;1;-18,23027961;-39,95278417;"SPRF-ES";"DEL04-ES";"UOP02-DEL04-ES"
304187;2020-08-28;"sexta-feira";"20:25:00";"MS";158;74;"PARANAIBA";"Falta de Atenção à Condução";"Tombamento";"Com Vítimas Feridas";"Plena Noite";"Decrescente";"Céu Claro";"Simples";"Reta";"Não";2;0;1;0;0;2;1;3;-19,51951997;-51,27472394;"SPRF-MS";"DEL08-MS";"UOP01-DEL08-MS"
304188;2020-08-28;"sexta-feira";"21:25:00";"CE";222;54,8;"SAO GONCALO DO AMARANTE";"Falta de Atenção à Condução";"Colisão traseira";"Com Vítimas Feridas";"Plena Noite";"Decrescente";"Céu Claro";"Simples";"Reta";"Não";2;0;1;0;1;0;1;2;-3,6691296;-39,02750601;"SPRF-CE";"DEL01-CE";"UOP03-DEL01-CE"
304192;2020-08-28;"sexta-feira";"22:20:00";"SC";101;214,8;"PALHOCA";"Desobediência às normas de trânsito pelo condutor";"Colisão transversal";"Com Vítimas Feridas";"Plena Noite";"Crescente";"Céu Claro";"Múltipla";"Reta";"Sim";4;0;0;2;1;1;2;3;-27,64443;-48,67057;"SPRF-SC";"DEL01-SC";"UOP02-DEL01-SC"
304202;2020-08-28;"sexta-feira";"19:30:00";"SC";282;167,7;"BOCAINA DO SUL";"Desobediência às normas de trânsito pelo condutor";"Colisão transversal";"Com Vítimas Feridas";"Plena Noite";"Crescente";"Céu Claro";"Simples";"Reta";"Não";3;0;2;0;0;1;2;2;-27,748844;-49,817348;"SPRF-SC";"DEL05-SC";"UOP01-DEL05-SC"
304204;2020-08-28;"sexta-feira";"22:05:00";"PB";230;120,1;"RIACHAO DO BACAMARTE";"Ingestão de Álcool";"Colisão lateral";"Com Vítimas Feridas";"Plena Noite";"Decrescente";"Céu Claro";"Dupla";"Reta";"Não";2;0;0;1;0;1;1;2;-7,2452;-35,649;"SPRF-PB";"DEL02-PB";"UOP01-DEL02-PB"
304206;2020-08-28;"sexta-feira";"22:05:00";"BA";110;183;"INHAMBUPE";"Falta de Atenção à Condução";"Colisão lateral";"Com Vítimas Fatais";"Plena Noite";"Crescente";"Céu Claro";"Simples";"Reta";"Não";3;2;0;0;1;0;0;2;-11,78646;-38,348278;"SPRF-BA";"DEL07-BA";"UOP02-DEL07-BA"
304209;2020-08-28;"sexta-feira";"22:00:00";"GO";153;136,3;"MARA ROSA";"Falta de Atenção à Condução";"Saída de leito carroçável";"Com Vítimas Feridas";"Plena Noite";"Crescente";"Céu Claro";"Múltipla";"Reta";"Não";1;0;1;0;0;0;1;1;-13,958405;-49,087955;"SPRF-GO";"DEL07-GO";"UOP01-DEL07-GO"
304210;2020-08-28;"sexta-feira";"23:00:00";"BA";116;911;"ENCRUZILHADA";"Falta de Atenção à Condução";"Colisão traseira";"Com Vítimas Feridas";"Plena Noite";"Decrescente";"Céu Claro";"Simples";"Reta";"Sim";3;0;0;1;1;1;1;3;-15,522302;-41,242935;"SPRF-BA";"DEL08-BA";"UOP03-DEL08-BA"
304212;2020-08-28;"sexta-feira";"23:40:00";"RJ";40;85;"PETROPOLIS";"Falta de Atenção à Condução";"Tombamento";"Com Vítimas Feridas";"Plena Noite";"Crescente";"Céu Claro";"Dupla";"Curva";"Não";2;0;1;0;1;0;1;1;-22,52850694;-43,2349802;"SPRF-RJ";"DEL06-RJ";"UOP01-DEL06-RJ"
304224;2020-08-28;"sexta-feira";"22:30:00";"BA";324;305;"JACOBINA";"Falta de Atenção à Condução";"Colisão frontal";"Com Vítimas Feridas";"Plena Noite";"Crescente";"Céu Claro";"Simples";"Reta";"Não";3;0;0;2;1;0;2;2;-11,2078466;-40,43619712;"SPRF-BA";"DEL04-BA";"UOP02-DEL04-BA"
304225;2020-08-29;"sábado";"01:30:00";"ES";101;450;"MIMOSO DO SUL";"Velocidade Incompatível";"Tombamento";"Com Vítimas Feridas";"Plena Noite";"Crescente";"Céu Claro";"Simples";"Curva";"Não";2;0;1;0;0;1;1;2;-21,152358;-41,274138;"SPRF-ES";"DEL03-ES";"UOP02-DEL03-ES"
304227;2020-08-29;"sábado";"01:50:00";"MG";381;477;"CONTAGEM";"Velocidade Incompatível";"Colisão traseira";"Com Vítimas Feridas";"Plena Noite";"Crescente";"Céu Claro";"Dupla";"Reta";"Sim";3;0;1;1;0;2;2;4;-19,96179268;-44,05041676;"SPRF-MG";"DEL01-MG";"UOP03-DEL01-MG"
304231;2020-08-29;"sábado";"02:40:00";"PI";316;408;"MARCOLANDIA";"Defeito Mecânico no Veículo";"Saída de leito carroçável";"Sem Vítimas";"Plena Noite";"Decrescente";"Céu Claro";"Dupla";"Curva";"Não";1;0;0;0;1;0;0;1;-7,39910018;-40,72817409;"SPRF-PI";"DEL04-PI";"UOP03-DEL04-PI"
304235;2020-08-28;"sexta-feira";"11:00:00";"BA";242;495;"OLIVEIRA DOS BREJINHOS";"Ultrapassagem Indevida";"Colisão lateral";"Com Vítimas Feridas";"Pleno dia";"Crescente";"Céu Claro";"Simples";"Reta";"Não";6;0;1;3;1;3;4;7;-12,38561892;-42,40889692;"SPRF-BA";"DEL06-BA";"UOP01-DEL06-BA"
304236;2020-08-28;"sexta-feira";"11:00:00";"BA";242;476;"IBITIARA";"Defeito Mecânico no Veículo";"Incêndio";"Sem Vítimas";"Pleno dia";"Decrescente";"Céu Claro";"Simples";"Reta";"Não";2;0;0;0;1;2;0;3;-12,47359369;-42,28161607;"SPRF-BA";"DEL06-BA";"UOP01-DEL06-BA"
304237;2020-08-29;"sábado";"03:00:00";"BA";116;417;"FEIRA DE SANTANA";"Condutor Dormindo";"Colisão frontal";"Com Vítimas Fatais";"Plena Noite";"Decrescente";"Céu Claro";"Simples";"Reta";"Sim";3;1;0;0;1;1;0;3;-12,19707567;-38,97174347;"SPRF-BA";"DEL02-BA";"UOP01-DEL02-BA"
304238;2020-08-29;"sábado";"03:05:00";"ES";101;269,5;"SERRA";"Desobediência às normas de trânsito pelo condutor";"Colisão transversal";"Sem Vítimas";"Plena Noite";"Decrescente";"Céu Claro";"Múltipla";"Interseção de Vias";"Sim";2;0;0;0;2;0;0;2;-20,21740496;-40,26990578;"SPRF-ES";"DEL02-ES";"UOP01-DEL02-ES"
304242;2020-08-29;"sábado";"04:40:00";"SP";116;30,4;"CRUZEIRO";"Falta de Atenção à Condução";"Colisão lateral";"Sem Vítimas";"Plena Noite";"Decrescente";"Céu Claro";"Dupla";"Reta";"Não";3;0;0;0;1;2;0;3;-22,63400287;-44,93203106;"SPRF-SP";"DEL08-SP";"UOP02-DEL08-SP"
304243;2020-08-29;"sábado";"04:10:00";"MS";163;251,4;"DOURADOS";"Desobediência às normas de trânsito pelo condutor";"Colisão transversal";"Com Vítimas Feridas";"Plena Noite";"Crescente";"Céu Claro";"Simples";"Reta";"Não";3;0;0;1;1;2;1;4;-22,29688701;-54,82117014;"SPRF-MS";"DEL04-MS";"UOP01-DEL04-MS"
304245;2020-08-29;"sábado";"00:30:00";"MG";40;293;"TRES MARIAS";"Falta de Atenção à Condução";"Colisão com objeto estático";"Sem Vítimas";"Pleno dia";"Crescente";"Céu Claro";"Simples";"Curva";"Não";2;0;0;0;1;1;0;2;-18,29623795;-45,12429391;"SPRF-MG";"DEL14-MG";"UOP02-DEL14-MG"
304249;2020-08-29;"sábado";"03:50:00";"SC";101;338;"TUBARAO";"Condutor Dormindo";"Saída de leito carroçável";"Com Vítimas Feridas";"Plena Noite";"Decrescente";"Céu Claro";"Dupla";"Ponte;Reta";"Não";2;0;1;0;0;1;1;2;-28,485725;-49,03726;"SPRF-SC";"DEL02-SC";"UOP01-DEL02-SC"
304251;2020-08-29;"sábado";"06:32:00";"MG";50;166;"UBERABA";"Falta de Atenção à Condução";"Colisão com objeto estático";"Sem Vítimas";"Pleno dia";"Decrescente";"Céu Claro";"Dupla";"Reta";"Não";2;0;0;0;2;0;0;2;-19,70178201;-47,98627802;"SPRF-MG";"DEL13-MG";"UOP01-DEL13-MG"
304252;2020-08-28;"sexta-feira";"17:30:00";"RN";405;151;"PAU DOS FERROS";"Defeito Mecânico no Veículo";"Colisão com objeto estático";"Sem Vítimas";"Anoitecer";"Decrescente";"Céu Claro";"Dupla";"Reta";"Sim";1;0;0;0;1;0;0;1;-6,11489502;-38,20651128;"SPRF-RN";"DEL04-RN";"UOP02-DEL04-RN"
304259;2020-08-29;"sábado";"04:50:00";"RN";304;20;"MOSSORO";"Restrição de Visibilidade";"Saída de leito carroçável";"Com Vítimas Feridas";"Amanhecer";"Crescente";"Céu Claro";"Simples";"Reta";"Não";2;0;1;0;0;1;1;2;-5,039496;-37,348127;"SPRF-RN";"DEL04-RN";"UOP02-DEL04-RN"
304266;2020-08-29;"sábado";"08:00:00";"RJ";101;571;"PARATY";"Condutor Dormindo";"Tombamento";"Com Vítimas Feridas";"Pleno dia";"Crescente";"Céu Claro";"Simples";"Curva";"Não";3;0;1;0;1;1;1;2;-23,18579921;-44,72424085;"SPRF-RJ";"DEL03-RJ";"UOP04-DEL03-RJ"
304267;2020-08-29;"sábado";"05:00:00";"MG";40;614;"CONGONHAS";"Condutor Dormindo";"Saída de leito carroçável";"Com Vítimas Feridas";"Amanhecer";"Decrescente";"Céu Claro";"Simples";"Curva";"Sim";2;0;0;1;1;0;1;2;-20,52977973;-43,82351464;"SPRF-MG";"DEL05-MG";"UOP02-DEL05-MG"
304269;2020-08-29;"sábado";"07:02:00";"MG";365;343;"VARJAO DE MINAS";"Desobediência às normas de trânsito pelo pedestre";"Danos eventuais";"Com Vítimas Feridas";"Amanhecer";"Crescente";"Céu Claro";"Simples";"Reta";"Sim";2;0;1;0;1;0;1;2;-18,31597199;-45,977263;"SPRF-MG";"DEL10-MG";"UOP01-DEL10-MG"
304270;2020-08-28;"sexta-feira";"13:00:00";"MG";365;700;"MONTE ALEGRE DE MINAS";"Sinalização da via insuficiente ou inadequada";"Saída de leito carroçável";"Com Vítimas Feridas";"Pleno dia";"Crescente";"Céu Claro";"Simples";"Em Obras";"Não";2;0;1;0;0;1;1;2;-18,88013775;-48,99816201;"SPRF-MG";"DEL15-MG";"UOP03-DEL15-MG"
304272;2020-08-29;"sábado";"08:25:00";"GO";40;1;"VALPARAISO DE GOIAS";"Falta de Atenção à Condução";"Colisão transversal";"Com Vítimas Feridas";"Pleno dia";"Crescente";"Céu Claro";"Dupla";"Reta";"Não";2;0;1;0;1;0;1;2;-16,058245;-47,982825;"SPRF-DF";"DEL01-DF";"UOP01-DEL01-DF"
304280;2020-08-29;"sábado";"09:20:00";"PE";101;82;"JABOATAO DOS GUARARAPES";"Falta de Atenção à Condução";"Colisão lateral";"Sem Vítimas";"Pleno dia";"Crescente";"Céu Claro";"Dupla";"Curva";"Sim";3;0;0;0;2;1;0;3;-8,168383;-34,9376;"SPRF-PE";"DEL01-PE";"UOP03-DEL01-PE"
304281;2020-08-29;"sábado";"08:00:00";"MG";381;722,2;"CARMO DA CACHOEIRA";"Velocidade Incompatível";"Tombamento";"Com Vítimas Feridas";"Pleno dia";"Decrescente";"Céu Claro";"Dupla";"Declive;Curva";"Não";1;0;1;0;0;0;1;1;-21,47729514;-45,20207819;"SPRF-MG";"DEL04-MG";"UOP02-DEL04-MG"
304288;2020-08-29;"sábado";"09:35:00";"SP";116;350;"MIRACATU";"Condutor Dormindo";"Colisão traseira";"Com Vítimas Feridas";"Pleno dia";"Decrescente";"Céu Claro";"Múltipla";"Aclive";"Não";4;0;2;0;1;1;2;3;-24,05853299;-47,21739301;"SPRF-SP";"DEL04-SP";"UOP02-DEL04-SP"
304291;2020-08-29;"sábado";"10:35:00";"CE";116;14,3;"FORTALEZA";"Falta de Atenção à Condução";"Colisão frontal";"Com Vítimas Feridas";"Pleno dia";"Crescente";"Céu Claro";"Múltipla";"Reta";"Sim";2;0;1;0;1;0;1;2;-3,86973356;-38,49827361;"SPRF-CE";"DEL01-CE";"UOP02-DEL01-CE"
304292;2020-08-29;"sábado";"09:00:00";"RO";364;651;"CANDEIAS DO JAMARI";"Falta de Atenção à Condução";"Colisão lateral";"Com Vítimas Feridas";"Pleno dia";"Crescente";"Céu Claro";"Simples";"Reta";"Não";5;0;1;0;3;3;1;6;-8,91236791;-63,43576349;"SPRF-RO";"DEL01-RO";"UOP01-DEL01-RO"
304295;2020-08-29;"sábado";"09:05:00";"RO";364;362;"JI-PARANA";"Não guardar distância de segurança";"Colisão traseira";"Com Vítimas Feridas";"Pleno dia";"Decrescente";"Céu Claro";"Simples";"Declive";"Não";3;0;1;0;1;2;1;4;-10,77706265;-62,07442393;"SPRF-RO";"DEL02-RO";"UOP01-DEL02-RO"
304302;2020-08-29;"sábado";"11:30:00";"SP";116;331;"JUQUITIBA";"Falta de Atenção à Condução";"Saída de leito carroçável";"Com Vítimas Feridas";"Pleno dia";"Decrescente";"Sol";"Dupla";"Curva";"Não";3;0;1;0;1;2;1;3;-23,95129388;-47,10220309;"SPRF-SP";"DEL04-SP";"UOP01-DEL04-SP"
304304;2020-08-29;"sábado";"11:55:00";"ES";262;97;"DOMINGOS MARTINS";"Desobediência às normas de trânsito pelo condutor";"Colisão transversal";"Com Vítimas Feridas";"Pleno dia";"Crescente";"Céu Claro";"Simples";"Curva";"Não";8;0;6;0;0;2;6;4;-20,361035;-41,074649;"SPRF-ES";"DEL01-ES";"UOP02-DEL01-ES"
304307;2020-08-29;"sábado";"12:00:00";"PE";232;184,3;"BELO JARDIM";"Ultrapassagem Indevida";"Saída de leito carroçável";"Com Vítimas Feridas";"Pleno dia";"Crescente";"Céu Claro";"Simples";"Reta";"Não";3;0;1;0;0;3;1;4;-8,35118645;-36,46450196;"SPRF-PE";"DEL02-PE";"UOP03-DEL02-PE"
304309;2020-08-29;"sábado";"11:40:00";"RS";386;302,9;"POUSO NOVO";"Defeito Mecânico no Veículo";"Incêndio";"Sem Vítimas";"Pleno dia";"Decrescente";"Céu Claro";"Simples";"Curva";"Não";1;0;0;0;1;0;0;1;-29,168924;-52,211067;"SPRF-RS";"DEL04-RS";"UOP01-DEL04-RS"
304317;2020-08-29;"sábado";"12:00:00";"SP";116;270,5;"TABOAO DA SERRA";"Não guardar distância de segurança";"Colisão lateral";"Com Vítimas Feridas";"Pleno dia";"Crescente";"Sol";"Dupla";"Reta";"Sim";2;0;1;0;0;1;1;2;-23,6099549;-46,77219283;"SPRF-SP";"DEL04-SP";"UOP01-DEL04-SP"
304318;2020-08-29;"sábado";"06:00:00";"RR";174;409;"IRACEMA";"Falta de Atenção à Condução";"Danos eventuais";"Sem Vítimas";"Pleno dia";"Decrescente";"Céu Claro";"Simples";"Reta";"Sim";2;0;0;0;1;1;0;2;2,163469;-61,06179;"SPRF-RR";"DEL01-RR";"UOP01-DEL01-RR"
304326;2020-08-29;"sábado";"13:20:00";"SC";282;30;"AGUAS MORNAS";"Falta de Atenção à Condução";"Colisão frontal";"Com Vítimas Feridas";"Pleno dia";"Crescente";"Céu Claro";"Simples";"Curva";"Não";4;0;1;1;1;1;2;3;-27,687376;-48,79071;"SPRF-SC";"DEL01-SC";"UOP03-DEL01-SC"
304328;2020-08-29;"sábado";"12:00:00";"MG";146;517;"POCOS DE CALDAS";"Carga excessiva e/ou mal acondicionada";"Tombamento";"Sem Vítimas";"Pleno dia";"Crescente";"Céu Claro";"Simples";"Rotatória";"Não";2;0;0;0;1;2;0;3;-21,80558359;-46,46878625;"SPRF-MG";"DEL09-MG";"UOP01-DEL09-MG"
304329;2020-08-25;"terça-feira";"13:45:00";"RJ";101;329;"RIO DE JANEIRO";"Ultrapassagem Indevida";"Colisão lateral";"Com Vítimas Feridas";"Pleno dia";"Crescente";"Céu Claro";"Múltipla";"Reta";"Não";3;0;2;0;1;0;2;2;-22,86939305;-43,175642;"SPRF-RJ";"DEL02-RJ";"UOP02-DEL02-RJ"