"id";"data_inversa";"dia_semana";"horario";"uf";"br";"km";"municipio";"causa_acidente";"tipo_acidente";"classificacao_acidente";"fase_dia";"sentido_via";"condicao_metereologica";"tipo_pista";"tracado_via";"uso_solo";"pessoas";"mortos";"feridos_leves";"feridos_graves";"ilesos";"ignorados";"feridos";"veiculos";"latitude";"longitude";"regional";"delegacia";"uop"
304728;2020-08-30;"domingo";"15:40:00";"PI";135;403;"REDENCAO DO GURGUEIA";"Avarias e/ou desgaste excessivo no pneu";"Tombamento";"Com Vítimas Feridas";"Pleno dia";"Decrescente";"Céu Claro";"Simples";"Curva";"Não";3;0;1;1;0;1;2;2;-9,42800592;-44,5963177;"SPRF-PI";"DEL03-PI";"UOP02-DEL03-PI"
304733;2020-08-31;"segunda-feira";"01:00:00";"MG";251;334;"RUBELITA";"Velocidade Incompatível";"Tombamento";"Com Vítimas Feridas";"Plena Noite";"Decrescente";"Céu Claro";"Simples";"Reta";"Não";2;0;1;0;1;0;1;1;-16,25584596;-42,43923797;"SPRF-MG";"DEL12-MG";"UOP01-DEL12-MG"
304737;2020-08-31;"segunda-feira";"04:00:00";"GO";153;506,6;"APARECIDA DE GOIANIA";"Condutor Dormindo";"Derramamento de carga";"Com Vítimas Feridas";"Plena Noite";"Crescente";"Céu Claro";"Dupla";"Reta";"Sim";2;0;1;0;0;1;1;2;-16,7633;-49,24;"SPRF-GO";"DEL01-GO";"UOP01-DEL01-GO"
304738;2020-08-31;"segunda-feira";"04:05:00";"MS";262;230;"RIBAS DO RIO PARDO";"Condutor Dormindo";"Colisão frontal";"Com Vítimas Fatais";"Plena Noite";"Crescente";"Céu Claro";"Simples";"Reta";"Não";3;1;0;0;1;3;0;5;-20,468315;-53,679235;"SPRF-MS";"DEL07-MS";"UOP02-DEL07-MS"
304740;2020-08-31;"segunda-feira";"05:10:00";"GO";153;541,3;"HIDROLANDIA";"Condutor Dormindo";"Colisão traseira";"Com Vítimas Feridas";"Plena Noite";"Decrescente";"Céu Claro";"Dupla";"Reta";"Não";3;0;1;0;1;1;1;3;-17,0648;-49,2252;"SPRF-GO";"DEL01-GO";"UOP03-DEL01-GO"
304746;2020-08-11;"terça-feira";"16:25:00";"BA";324;527;"FEIRA DE SANTANA";"Não guardar distância de segurança";"Colisão traseira";"Sem Vítimas";"Pleno dia";"Decrescente";"Nublado";"Dupla";"Reta";"Não";4;0;0;0;3;3;0;6;-12,31183923;-38,88331817;"SPRF-BA";"DEL01-BA";"UOP03-DEL01-BA"
304747;2020-08-30;"domingo";"15:22:00";"MT";158;365;"BOM JESUS DO ARAGUAIA";"Velocidade Incompatível";"Tombamento";"Com Vítimas Feridas";"Pleno dia";"Decrescente";"Céu Claro";"Simples";"Curva";"Não";2;0;1;0;0;1;1;2;-12,468243;-51,761314;"SPRF-MT";"DEL07-MT";"UOP02-DEL07-MT"
304749;2020-08-31;"segunda-feira";"04:20:00";"MG";251;449,8;"GRAO MOGOL";"Velocidade Incompatível";"Saída de leito carroçável";"Com Vítimas Fatais";"Amanhecer";"Decrescente";"Nublado";"Simples";"Curva;Declive";"Não";1;1;0;0;0;0;0;1;-16,420528;-43,28967;"SPRF-MG";"DEL12-MG";"UOP01-DEL12-MG"
304751;2020-08-31;"segunda-feira";"05:55:00";"MS";158;97;"PARANAIBA";"Desobediência às normas de trânsito pelo condutor";"Colisão transversal";"Com Vítimas Fatais";"Pleno dia";"Crescente";"Céu Claro";"Simples";"Rotatória";"Sim";2;1;0;0;1;0;0;2;-19,69546578;-51,18063569;"SPRF-MS";"DEL08-MS";"UOP01-DEL08-MS"
304756;2020-08-31;"segunda-feira";"06:50:00";"SP";116;156,6;"SAO JOSE DOS CAMPOS";"Falta de Atenção à Condução";"Tombamento";"Com Vítimas Feridas";"Pleno dia";"Crescente";"Céu Claro";"Múltipla";"Reta";"Sim";3;0;1;0;2;0;1;3;-23,25044084;-45,93572909;"SPRF-SP";"DEL02-SP";"UOP01-DEL02-SP"
304757;2020-08-31;"segunda-feira";"06:30:00";"PE";408;40;"ALIANCA";"Falta de Atenção à Condução";"Colisão lateral";"Com Vítimas Feridas";"Pleno dia";"Crescente";"Nublado";"Simples";"Reta";"Sim";6;0;0;3;1;2;3;4;-7,64930515;-35,25214043;"SPRF-PE";"DEL01-PE";"UOP01-DEL01-PE"
304758;2020-08-31;"segunda-feira";"07:00:00";"PE";232;123;"CARUARU";"Falta de Atenção à Condução";"Engavetamento";"Com Vítimas Feridas";"Pleno dia";"Crescente";"Céu Claro";"Dupla";"Reta";"Não";4;0;1;1;2;0;2;3;-8,30417276;-35,92823905;"SPRF-PE";"DEL02-PE";"UOP03-DEL02-PE"
304761;2020-08-31;"segunda-feira";"07:20:00";"RS";116;78,9;"CAMPESTRE DA SERRA";"Pista Escorregadia";"Saída de leito carroçável";"Com Vítimas Feridas";"Pleno dia";"Crescente";"Chuva";"Simples";"Curva;Declive";"Sim";4;0;2;0;1;1;2;3;-28,78519606;-51,09862221;"SPRF-RS";"DEL05-RS";"UOP03-DEL05-RS"
304763;2020-08-31;"segunda-feira";"07:00:00";"MG";381;333;"NOVA ERA";"Velocidade Incompatível";"Capotamento";"Com Vítimas Fatais";"Amanhecer";"Decrescente";"Nevoeiro/Neblina";"Simples";"Curva;Declive";"Não";2;1;0;0;0;1;0;2;-19,80306599;-43,06083702;"SPRF-MG";"DEL03-MG";"UOP01-DEL03-MG"
304764;2020-08-31;"segunda-feira";"05:00:00";"SC";116;271;"CAPAO ALTO";"Falta de Atenção à Condução";"Colisão com objeto estático";"Com Vítimas Fatais";"Amanhecer";"Crescente";"Nublado";"Simples";"Reta";"Não";3;1;0;0;1;1;0;3;-27,97401963;-50,50629616;"SPRF-SC";"DEL05-SC";"UOP02-DEL05-SC"
304767;2020-08-30;"domingo";"23:32:00";"MG";381;561;"ITAGUARA";"Velocidade Incompatível";"Colisão com objeto estático";"Com Vítimas Feridas";"Plena Noite";"Crescente";"Céu Claro";"Dupla";"Curva";"Não";1;0;1;0;0;0;1;1;-20,39224209;-44,49492995;"SPRF-MG";"DEL04-MG";"UOP03-DEL04-MG"
304768;2020-08-31;"segunda-feira";"07:45:00";"PA";316;35;"SANTA IZABEL DO PARA";"Desobediência às normas de trânsito pelo condutor";"Colisão transversal";"Com Vítimas Feridas";"Pleno dia";"Crescente";"Sol";"Múltipla";"Retorno Regulamentado";"Sim";2;0;1;0;1;0;1;2;-1,2893;-48,1542;"SPRF-PA";"DEL01-PA";"UOP01-DEL01-PA"
304769;2020-08-31;"segunda-feira";"07:50:00";"CE";116;18;"EUSEBIO";"Falta de Atenção à Condução";"Colisão lateral";"Sem Vítimas";"Pleno dia";"Decrescente";"Céu Claro";"Múltipla";"Reta";"Não";3;0;0;0;3;0;0;2;-3,901142;-38,504097;"SPRF-CE";"DEL01-CE";"UOP02-DEL01-CE"
304772;2020-08-31;"segunda-feira";"06:00:00";"MG";381;321;"NOVA ERA";"Condutor Dormindo";"Colisão frontal";"Com Vítimas Feridas";"Amanhecer";"Crescente";"Céu Claro";"Simples";"Curva";"Não";5;0;1;0;3;1;1;5;-19,73052803;-43,01598697;"SPRF-MG";"DEL03-MG";"UOP02-DEL03-MG"
304778;2020-08-31;"segunda-feira";"06:15:00";"PR";373;196;"PONTA GROSSA";"Falta de Atenção à Condução";"Colisão com objeto estático";"Sem Vítimas";"Amanhecer";"Crescente";"Céu Claro";"Simples";"Reta";"Não";2;0;0;0;1;1;0;2;-25,07972439;-50,38549408;"SPRF-PR";"DEL03-PR";"UOP04-DEL03-PR"
304780;2020-08-31;"segunda-feira";"06:28:00";"CE";222;63,2;"SAO GONCALO DO AMARANTE";"Desobediência às normas de trânsito pelo condutor";"Colisão lateral";"Com Vítimas Feridas";"Pleno dia";"Decrescente";"Céu Claro";"Simples";"Reta";"Sim";4;0;1;0;2;2;1;5;-3,6717776;-39,10726798;"SPRF-CE";"DEL01-CE";"UOP03-DEL01-CE"
304784;2020-08-30;"domingo";"22:30:00";"MG";365;236,8;"BURITIZEIRO";"Defeito Mecânico no Veículo";"Incêndio";"Sem Vítimas";"Plena Noite";"Crescente";"Céu Claro";"Simples";"Reta";"Não";3;0;0;0;2;1;0;2;-17,72613905;-45,41214669;"SPRF-MG";"DEL12-MG";"UOP01-DEL12-MG"
304788;2020-08-31;"segunda-feira";"07:30:00";"RJ";40;116;"DUQUE DE CAXIAS";"Não guardar distância de segurança";"Colisão lateral";"Com Vítimas Feridas";"Pleno dia";"Crescente";"Céu Claro";"Dupla";"Reta";"Sim";3;0;1;0;2;0;1;2;-22,73662299;-43,28858785;"SPRF-RJ";"DEL01-RJ";"UOP01-DEL01-RJ"
304807;2020-08-31;"segunda-feira";"08:45:00";"SC";282;516,1;"XAXIM";"Falta de Atenção à Condução";"Colisão com objeto estático";"Sem Vítimas";"Pleno dia";"Crescente";"Céu Claro";"Simples";"Curva";"Não";2;0;0;0;2;0;0;1;-26,930862;-52,499157;"SPRF-SC";"DEL07-SC";"UOP01-DEL07-SC"
304808;2020-08-31;"segunda-feira";"11:50:00";"SP";116;175;"JACAREI";"Falta de Atenção à Condução";"Colisão lateral";"Com Vítimas Feridas";"Pleno dia";"Decrescente";"Céu Claro";"Dupla";"Declive";"Não";5;0;1;0;3;2;1;6;-23,32173972;-46,100353;"SPRF-SP";"DEL02-SP";"UOP01-DEL02-SP"
304812;2020-08-31;"segunda-feira";"12:30:00";"CE";116;59;"CHOROZINHO";"Não guardar distância de segurança";"Colisão traseira";"Sem Vítimas";"Pleno dia";"Decrescente";"Sol";"Simples";"Aclive;Reta";"Não";2;0;0;0;2;0;0;2;-4,23814793;-38,48108225;"SPRF-CE";"DEL03-CE";"UOP02-DEL03-CE"
304820;2020-08-31;"segunda-feira";"11:30:00";"SP";116;142,3;"SAO JOSE DOS CAMPOS";"Não guardar distância de segurança";"Colisão traseira";"Com Vítimas Fatais";"Pleno dia";"Crescente";"Céu Claro";"Simples";"Reta";"Não";5;1;0;0;1;3;0;5;-23,17426078;-45,82940111;"SPRF-SP";"DEL06-SP";"UOP01-DEL06-SP"
304823;2020-08-31;"segunda-feira";"12:50:00";"SP";116;136;"SAO JOSE DOS CAMPOS";"Falta de Atenção à Condução";"Colisão traseira";"Com Vítimas Feridas";"Pleno dia";"Crescente";"Sol";"Dupla";"Reta";"Sim";2;0;1;0;1;0;1;2;-23,14874471;-45,77863714;"SPRF-SP";"DEL06-SP";"UOP01-DEL06-SP"
304824;2020-07-05;"domingo";"04:40:00";"MG";153;38,2;"CENTRALINA";"Falta de Atenção à Condução";"Colisão com objeto estático";"Com Vítimas Feridas";"Plena Noite";"Crescente";"Céu Claro";"Dupla";"Aclive;Reta";"Não";2;0;1;0;1;0;1;1;-18,73302108;-49,10715606;"SPRF-MG";"DEL15-MG";"UOP03-DEL15-MG"
304827;2020-08-31;"segunda-feira";"14:30:00";"AL";101;114,6;"PILAR";"Falta de Atenção à Condução";"Colisão transversal";"Com Vítimas Fatais";"Pleno dia";"Crescente";"Céu Claro";"Simples";"Aclive;Reta";"Não";4;1;0;1;1;1;1;3;-9,63663301;-36,03046002;"SPRF-AL";"DEL02-AL";"UOP01-DEL02-AL"
304839;2020-08-31;"segunda-feira";"14:45:00";"PR";476;241;"LAPA";"Velocidade Incompatível";"Tombamento";"Com Vítimas Feridas";"Pleno dia";"Crescente";"Sol";"Simples";"Curva";"Não";2;0;1;0;0;1;1;2;-25,859262;-50,077301;"SPRF-PR";"DEL02-PR";"UOP04-DEL02-PR"
304843;2020-08-31;"segunda-feira";"13:20:00";"MG";381;664,3;"SANTO ANTONIO DO AMPARO";"Falta de Atenção à Condução";"Colisão lateral";"Com Vítimas Feridas";"Pleno dia";"Crescente";"Céu Claro";"Dupla";"Reta";"Não";2;0;1;0;0;1;1;2;-21,05337253;-45,02126711;"SPRF-MG";"DEL04-MG";"UOP02-DEL04-MG"
304846;2020-08-30;"domingo";"21:40:00";"BA";101;167;"CONCEICAO DO JACUIPE";"Defeito Mecânico no Veículo";"Incêndio";"Sem Vítimas";"Plena Noite";"Crescente";"Céu Claro";"Simples";"Reta";"Não";2;0;0;0;1;1;0;2;-12,35551436;-38,782478;"SPRF-BA";"DEL01-BA";"UOP03-DEL01-BA"
304848;2020-08-14;"sexta-feira";"05:00:00";"PR";277;506,1;"GUARANIACU";"Restrição de Visibilidade";"Colisão traseira";"Com Vítimas Feridas";"Plena Noite";"Crescente";"Nevoeiro/Neblina";"Simples";"Aclive;Curva";"Não";3;0;0;1;2;0;1;3;-25,12636531;-52,74130087;"SPRF-PR";"DEL04-PR";"UOP01-DEL04-PR"
304853;2020-08-31;"segunda-feira";"14:20:00";"AM";174;987;"PRESIDENTE FIGUEIREDO";"Falta de Atenção à Condução";"Tombamento";"Com Vítimas Feridas";"Pleno dia";"Crescente";"Céu Claro";"Dupla";"Reta";"Não";3;0;1;1;0;1;2;2;-2,08074356;-60,00745296;"SPRF-AM";"DEL01-AM";"UOP02-DEL01-AM"
304870;2020-08-31;"segunda-feira";"18:00:00";"PE";101;48,9;"ABREU E LIMA";"Não guardar distância de segurança";"Colisão lateral";"Com Vítimas Feridas";"Plena Noite";"Crescente";"Céu Claro";"Múltipla";"Curva";"Sim";4;0;1;0;2;1;1;4;-7,89174705;-34,9033493;"SPRF-PE";"DEL01-PE";"UOP02-DEL01-PE"
304876;2020-08-31;"segunda-feira";"16:00:00";"MA";222;396;"SANTA LUZIA";"Falta de Atenção à Condução";"Tombamento";"Sem Vítimas";"Pleno dia";"Decrescente";"Céu Claro";"Simples";"Reta";"Não";2;0;0;0;1;1;0;2;-3,90216202;-45,58232698;"SPRF-MA";"DEL02-MA";"UOP01-DEL02-MA"
304885;2020-08-31;"segunda-feira";"19:35:00";"ES";262;16;"VIANA";"Carga excessiva e/ou mal acondicionada";"Colisão com objeto em movimento";"Com Vítimas Feridas";"Plena Noite";"Decrescente";"Nublado";"Simples";"Reta";"Não";2;0;0;1;0;1;1;2;-20,38441093;-40,463078;"SPRF-ES";"DEL01-ES";"UOP01-DEL01-ES"
304887;2020-08-31;"segunda-feira";"18:00:00";"PA";230;808;"URUARA";"Falta de Atenção à Condução";"Colisão lateral";"Com Vítimas Feridas";"Pleno dia";"Decrescente";"Céu Claro";"Simples";"Reta";"Não";2;0;0;1;1;0;1;2;-3,710091;-53,713358;"SPRF-PA";"DEL04-PA";"UOP01-DEL04-PA"
304889;2020-08-31;"segunda-feira";"19:05:00";"SP";381;58,1;"MAIRIPORA";"Não guardar distância de segurança";"Colisão traseira";"Com Vítimas Feridas";"Plena Noite";"Crescente";"Céu Claro";"Dupla";"Reta";"Sim";6;0;3;0;2;1;3;4;-23,27438497;-46,58530615;"SPRF-SP";"DEL03-SP";"UOP01-DEL03-SP"
304892;2020-08-31;"segunda-feira";"20:00:00";"SP";116;422;"REGISTRO";"Mal Súbito";"Saída de leito carroçável";"Com Vítimas Feridas";"Plena Noite";"Crescente";"Chuva";"Dupla";"Curva";"Não";1;0;1;0;0;0;1;1;-24,36454003;-47,69203096;"SPRF-SP";"DEL05-SP";"UOP01-DEL05-SP"
304897;2020-08-29;"sábado";"14:00:00";"RO";364;519;"ARIQUEMES";"Falta de Atenção à Condução";"Danos eventuais";"Sem Vítimas";"Pleno dia";"Crescente";"Céu Claro";"Dupla";"Curva";"Não";2;0;0;0;1;1;0;2;-9,88103405;-63,05683678;"SPRF-RO";"DEL03-RO";"UOP01-DEL03-RO"
304902;2020-08-31;"segunda-feira";"18:10:00";"PI";135;188;"MANOEL EMIDIO";"Agressão Externa";"Saída de leito carroçável";"Sem Vítimas";"Anoitecer";"Crescente";"Céu Claro";"Simples";"Reta";"Não";2;0;0;0;1;3;0;4;-8,05800915;-43,81062647;"SPRF-PI";"DEL03-PI";"UOP01-DEL03-PI"
304903;2020-08-31;"segunda-feira";"13:40:00";"MG";365;554;"ESTRELA DO SUL";"Falta de Atenção à Condução";"Colisão frontal";"Com Vítimas Feridas";"Pleno dia";"Crescente";"Céu Claro";"Simples";"Reta";"Não";2;0;1;1;0;0;2;2;-18,93166377;-47,72312503;"SPRF-MG";"DEL15-MG";"UOP02-DEL15-MG"
304906;2020-08-31;"segunda-feira";"22:15:00";"MG";40;730,3;"OLIVEIRA FORTES";"Velocidade Incompatível";"Tombamento";"Com Vítimas Feridas";"Plena Noite";"Decrescente";"Céu Claro";"Dupla";"Curva";"Não";2;0;0;1;0;1;1;2;-21,33378994;-43,5866212;"SPRF-MG";"DEL05-MG";"UOP01-DEL05-MG"
304907;2020-08-31;"segunda-feira";"21:50:00";"GO";364;188,3;"JATAI";"Velocidade Incompatível";"Tombamento";"Com Vítimas Feridas";"Plena Noite";"Crescente";"Céu Claro";"Simples";"Curva;Declive";"Não";2;0;1;0;0;2;1;3;-17,928156;-51,659107;"SPRF-GO";"DEL05-GO";"UOP01-DEL05-GO"
304909;2020-08-31;"segunda-feira";"21:00:00";"RJ";116;324;"RESENDE";"Falta de Atenção do Pedestre";"Atropelamento de Pedestre";"Com Vítimas Feridas";"Plena Noite";"Decrescente";"Nublado";"Dupla";"Reta";"Não";2;0;1;0;1;0;1;2;-22,49106419;-44,56183985;"SPRF-RJ";"DEL07-RJ";"UOP02-DEL07-RJ"
304912;2020-08-31;"segunda-feira";"21:45:00";"MG";381;413;"CAETE";"Condutor Dormindo";"Colisão traseira";"Com Vítimas Feridas";"Plena Noite";"Crescente";"Céu Claro";"Dupla";"Reta";"Não";3;0;1;0;1;1;1;3;-19,74091908;-43,60699698;"SPRF-MG";"DEL01-MG";"UOP01-DEL01-MG"
304913;2020-08-31;"segunda-feira";"18:50:00";"RS";293;38,9;"CAPAO DO LEAO";"Falta de Atenção à Condução";"Colisão frontal";"Sem Vítimas";"Plena Noite";"Decrescente";"Garoa/Chuvisco";"Simples";"Reta";"Não";4;0;0;0;3;2;0;4;-31,73961024;-52,70400299;"SPRF-RS";"DEL07-RS";"UOP01-DEL07-RS"
304914;2020-08-31;"segunda-feira";"18:30:00";"MT";174;273,7;"PONTES E LACERDA";"Deficiência ou não Acionamento do Sistema de Iluminação/Sinalização do Veículo";"Colisão frontal";"Com Vítimas Fatais";"Anoitecer";"Crescente";"Céu Claro";"Simples";"Reta";"Não";4;1;0;0;2;2;0;4;-15,33936011;-59,21533126;"SPRF-MT";"DEL04-MT";"UOP01-DEL04-MT"
304915;2020-08-31;"segunda-feira";"21:45:00";"RJ";101;15;"CAMPOS DOS GOYTACAZES";"Carga excessiva e/ou mal acondicionada";"Derramamento de carga";"Sem Vítimas";"Plena Noite";"Crescente";"Céu Claro";"Simples";"Curva";"Não";1;0;0;0;1;0;0;1;-21,34132801;-41,33552699;"SPRF-RJ";"DEL08-RJ";"UOP01-DEL08-RJ"
304916;2020-08-31;"segunda-feira";"17:30:00";"MA";230;79;"SAO JOAO DOS PATOS";"Desobediência às normas de trânsito pelo condutor";"Saída de leito carroçável";"Com Vítimas Feridas";"Anoitecer";"Crescente";"Céu Claro";"Simples";"Curva";"Não";2;0;0;1;0;1;1;2;-6,48682794;-43,59469414;"SPRF-PI";"DEL03-PI";"UOP01-DEL03-PI"
304919;2020-08-31;"segunda-feira";"15:15:00";"PR";116;23;"CAMPINA GRANDE DO SUL";"Velocidade Incompatível";"Colisão com objeto estático";"Com Vítimas Feridas";"Pleno dia";"Decrescente";"Garoa/Chuvisco";"Dupla";"Curva";"Não";2;0;0;1;0;1;1;2;-25,1104764;-48,75592011;"SPRF-PR";"DEL01-PR";"UOP02-DEL01-PR"
304921;2020-08-31;"segunda-feira";"22:20:00";"MS";262;100,7;"AGUA CLARA";"Não guardar distância de segurança";"Colisão traseira";"Com Vítimas Fatais";"Plena Noite";"Decrescente";"Céu Claro";"Simples";"Ponte;Declive;Reta";"Não";4;1;2;0;0;3;2;5;-20,56506095;-52,492752;"SPRF-MS";"DEL07-MS";"UOP02-DEL07-MS"
304923;2020-08-31;"segunda-feira";"19:20:00";"GO";153;204,5;"URUACU";"Ultrapassagem Indevida";"Colisão lateral";"Com Vítimas Feridas";"Plena Noite";"Decrescente";"Céu Claro";"Simples";"Reta;Declive";"Não";3;0;1;0;1;1;1;3;-14,547464;-49,160545;"SPRF-GO";"DEL07-GO";"UOP02-DEL07-GO"
304924;2020-09-01;"terça-feira";"01:30:00";"MG";381;534,7;"ITATIAIUCU";"Falta de Atenção à Condução";"Colisão traseira";"Sem Vítimas";"Plena Noite";"Crescente";"Céu Claro";"Simples";"Reta";"Sim";3;0;0;0;1;2;0;3;-20,20728901;-44,39007699;"SPRF-MG";"DEL04-MG";"UOP03-DEL04-MG"
304926;2020-09-01;"terça-feira";"01:20:00";"MG";381;223,2;"BELO ORIENTE";"Condutor Dormindo";"Colisão frontal";"Com Vítimas Fatais";"Plena Noite";"Decrescente";"Céu Claro";"Simples";"Curva";"Não";2;1;0;0;1;0;0;2;-19,3106066;-42,39297462;"SPRF-MG";"DEL06-MG";"UOP01-DEL06-MG"
304933;2020-09-01;"terça-feira";"03:55:00";"SP";116;183;"SANTA ISABEL";"Condutor Dormindo";"Colisão traseira";"Com Vítimas Feridas";"Plena Noite";"Crescente";"Céu Claro";"Dupla";"Reta";"Não";3;0;1;0;1;1;1;3;-23,34888216;-46,17091894;"SPRF-SP";"DEL02-SP";"UOP01-DEL02-SP"
304935;2020-09-01;"terça-feira";"04:50:00";"RN";304;84;"ACU";"Desobediência às normas de trânsito pelo condutor";"Colisão transversal";"Com Vítimas Fatais";"Amanhecer";"Crescente";"Nublado";"Simples";"Reta";"Não";2;1;0;0;0;1;0;2;-5,499713;-37,145213;"SPRF-RN";"DEL04-RN";"UOP01-DEL04-RN"
304936;2020-09-01;"terça-feira";"04:40:00";"MG";381;694;"LAVRAS";"Condutor Dormindo";"Saída de leito carroçável";"Com Vítimas Feridas";"Plena Noite";"Crescente";"Céu Claro";"Dupla";"Reta";"Não";4;0;1;0;2;3;1;4;-21,23354778;-45,13503474;"SPRF-MG";"DEL04-MG";"UOP02-DEL04-MG"
304938;2020-09-01;"terça-feira";"06:00:00";"MG";381;941,2;"EXTREMA";"Falta de Atenção à Condução";"Colisão traseira";"Com Vítimas Feridas";"Amanhecer";"Decrescente";"Sol";"Dupla";"Curva";"Sim";6;0;1;0;3;3;1;7;-22,86021873;-46,34260711;"SPRF-MG";"DEL16-MG";"UOP03-DEL16-MG"
304942;2020-09-01;"terça-feira";"05:00:00";"SP";116;511;"CAJATI";"Falta de Atenção à Condução";"Tombamento";"Com Vítimas Feridas";"Amanhecer";"Crescente";"Céu Claro";"Dupla";"Curva";"Não";1;0;1;0;0;0;1;1;-24,83618662;-48,22277069;"SPRF-SP";"DEL05-SP";"UOP02-DEL05-SP"
304944;2020-09-01;"terça-feira";"06:30:00";"RJ";101;4;"CAMPOS DOS GOYTACAZES";"Carga excessiva e/ou mal acondicionada";"Derramamento de carga";"Sem Vítimas";"Pleno dia";"Crescente";"Céu Claro";"Simples";"Curva";"Não";3;0;0;0;2;3;0;5;-21,25155306;-41,32614715;"SPRF-RJ";"DEL08-RJ";"UOP01-DEL08-RJ"
304948;2020-09-01;"terça-feira";"06:45:00";"PR";277;144;"BALSA NOVA";"Condutor Dormindo";"Colisão frontal";"Com Vítimas Feridas";"Amanhecer";"Crescente";"Nublado";"Simples";"Ponte;Declive";"Não";4;0;0;1;2;2;1;4;-25,46590426;-49,76531982;"SPRF-PR";"DEL01-PR";"UOP03-DEL03-PR"
304953;2020-09-01;"terça-feira";"06:30:00";"MG";251;420,6;"GRAO MOGOL";"Condutor Dormindo";"Saída de leito carroçável";"Com Vítimas Feridas";"Pleno dia";"Crescente";"Céu Claro";"Simples";"Reta";"Não";3;0;2;0;0;1;2;2;-16,31080884;-43,08618504;"SPRF-MG";"DEL12-MG";"UOP01-DEL12-MG"
304961;2020-09-01;"terça-feira";"08:20:00";"AL";101;135,1;"SAO MIGUEL DOS CAMPOS";"Falta de Atenção à Condução";"Tombamento";"Com Vítimas Feridas";"Pleno dia";"Crescente";"Chuva";"Simples";"Curva";"Não";2;0;1;0;0;1;1;2;-9,78834902;-36,10509283;"SPRF-AL";"DEL02-AL";"UOP01-DEL02-AL"
304963;2020-09-01;"terça-feira";"08:45:00";"RS";470;232;"CARLOS BARBOSA";"Defeito Mecânico no Veículo";"Colisão lateral";"Sem Vítimas";"Pleno dia";"Decrescente";"Nevoeiro/Neblina";"Simples";"Interseção de Vias;Declive;Retorno Regulamentado";"Não";2;0;0;0;2;0;0;2;-29,29875009;-51,48086071;"SPRF-RS";"DEL06-RS";"UOP01-DEL06-RS"
304964;2020-09-01;"terça-feira";"08:30:00";"MG";365;735;"ITUIUTABA";"Velocidade Incompatível";"Colisão traseira";"Com Vítimas Feridas";"Pleno dia";"Decrescente";"Céu Claro";"Simples";"Declive";"Não";3;0;1;0;2;0;1;3;-18,90585964;-49,32623604;"SPRF-MG";"DEL15-MG";"UOP03-DEL15-MG"
304965;2020-09-01;"terça-feira";"08:55:00";"ES";101;290,8;"CARIACICA";"Falta de Atenção à Condução";"Colisão lateral";"Com Vítimas Feridas";"Pleno dia";"Crescente";"Nublado";"Dupla";"Reta";"Sim";2;0;1;0;1;0;1;2;-20,28927747;-40,39181575;"SPRF-ES";"DEL01-ES";"UOP01-DEL01-ES"
304970;2020-09-01;"terça-feira";"06:30:00";"SC";470;172,1;"POUSO REDONDO";"Falta de Atenção à Condução";"Colisão transversal";"Com Vítimas Feridas";"Amanhecer";"Decrescente";"Nublado";"Simples";"Reta";"Não";2;0;1;0;1;0;1;2;-27,257526;-49,909592;"SPRF-SC";"DEL04-SC";"UOP02-DEL04-SC"
304971;2020-09-01;"terça-feira";"07:17:00";"SC";470;191;"POUSO REDONDO";"Pista Escorregadia";"Colisão frontal";"Com Vítimas Feridas";"Pleno dia";"Crescente";"Chuva";"Simples";"Reta";"Sim";9;0;5;1;2;1;6;4;-27,281504;-50,069775;"SPRF-SC";"DEL04-SC";"UOP02-DEL04-SC"
304972;2020-09-01;"terça-feira";"07:45:00";"SC";470;191,5;"POUSO REDONDO";"Pista Escorregadia";"Colisão frontal";"Com Vítimas Feridas";"Amanhecer";"Crescente";"Garoa/Chuvisco";"Múltipla";"Reta";"Não";4;0;2;0;1;1;2;3;-27,284445;-50,07766;"SPRF-SC";"DEL04-SC";"UOP02-DEL04-SC"
304974;2020-07-31;"sexta-feira";"16:45:00";"MG";40;748,9;"SANTOS DUMONT";"Velocidade Incompatível";"Tombamento";"Com Vítimas Feridas";"Pleno dia";"Decrescente";"Céu Claro";"Simples";"Curva";"Sim";2;0;1;0;0;1;1;2;-21,43796619;-43,55638245;"SPRF-MG";"DEL05-MG";"UOP01-DEL05-MG"
304975;2020-09-01;"terça-feira";"09:30:00";"MG";251;473,9;"FRANCISCO SA";"Defeito Mecânico no Veículo";"Saída de leito carroçável";"Com Vítimas Feridas";"Pleno dia";"Crescente";"Sol";"Simples";"Reta";"Não";1;0;0;1;0;0;1;1;-16,47012768;-43,44753404;"SPRF-MG";"DEL12-MG";"UOP01-DEL12-MG"
304976;2020-09-01;"terça-feira";"09:50:00";"PE";101;79;"JABOATAO DOS GUARARAPES";"Falta de Atenção à Condução";"Colisão transversal";"Com Vítimas Feridas";"Pleno dia";"Crescente";"Céu Claro";"Dupla";"Reta;Declive";"Não";3;0;1;2;0;0;3;2;-8,14366112;-34,94723453;"SPRF-PE";"DEL01-PE";"UOP01-DEL01-PE"
304978;2020-09-01;"terça-feira";"08:45:00";"MT";364;342,8;"SANTO ANTONIO DO LEVERGER";"Falta de Atenção à Condução";"Colisão lateral";"Com Vítimas Feridas";"Pleno dia";"Crescente";"Céu Claro";"Dupla";"Reta";"Não";5;0;2;0;2;3;2;6;-15,82665672;-55,5089038;"SPRF-MT";"DEL05-MT";"UOP02-DEL05-MT"