"id";"data_inversa";"dia_semana";"horario";"uf";"br";"km";"municipio";"causa_acidente";"tipo_acidente";"classificacao_acidente";"fase_dia";"sentido_via";"condicao_metereologica";"tipo_pista";"tracado_via";"uso_solo";"pessoas";"mortos";"feridos_leves";"feridos_graves";"ilesos";"ignorados";"feridos";"veiculos";"latitude";"longitude";"regional";"delegacia";"uop"
305280;2020-09-02;"quarta-feira";"23:30:00";"MG";40;595,9;"OURO PRETO";"Falta de Atenção à Condução";"Colisão traseira";"Sem Vítimas";"Plena Noite";"Decrescente";"Céu Claro";"Simples";"Reta";"Não";2;0;0;0;2;0;0;2;-20,40314903;-43,89730509;"SPRF-MG";"DEL05-MG";"UOP02-DEL05-MG"
305282;2020-09-02;"quarta-feira";"19:30:00";"MG";116;364,5;"FREI INOCENCIO";"Falta de Atenção à Condução";"Colisão transversal";"Com Vítimas Feridas";"Plena Noite";"Crescente";"Nublado";"Simples";"Reta";"Não";3;0;1;0;2;0;1;2;-18,49102293;-41,87166931;"SPRF-MG";"DEL11-MG";"UOP01-DEL11-MG"
305284;2020-09-02;"quarta-feira";"23:15:00";"MG";381;379;"SAO GONCALO DO RIO ABAIXO";"Falta de Atenção à Condução";"Tombamento";"Com Vítimas Feridas";"Plena Noite";"Decrescente";"Céu Claro";"Simples";"Reta";"Não";3;0;2;0;0;1;2;2;-19,83530691;-43,36946606;"SPRF-MG";"DEL01-MG";"UOP01-DEL01-MG"
305285;2020-09-02;"quarta-feira";"23:55:00";"PR";277;35;"MORRETES";"Condutor Dormindo";"Colisão traseira";"Com Vítimas Feridas";"Plena Noite";"Decrescente";"Nublado";"Dupla";"Declive;Reta";"Não";3;0;1;0;1;1;1;3;-25,55225338;-48,79892578;"SPRF-PR";"DEL01-PR";"UOP05-DEL01-PR"
305289;2020-09-02;"quarta-feira";"20:00:00";"BA";101;556;"ARATACA";"Velocidade Incompatível";"Colisão lateral";"Com Vítimas Feridas";"Plena Noite";"Crescente";"Garoa/Chuvisco";"Simples";"Curva;Declive";"Não";4;0;1;0;2;1;1;3;-15,31803386;-39,49879833;"SPRF-BA";"DEL05-BA";"UOP02-DEL05-BA"
305293;2020-09-03;"quinta-feira";"00:30:00";"CE";20;371;"MARANGUAPE";"Desobediência às normas de trânsito pelo condutor";"Colisão traseira";"Sem Vítimas";"Plena Noite";"Crescente";"Céu Claro";"Simples";"Reta";"Não";2;0;0;0;2;0;0;2;-3,974667;-38,902847;"SPRF-CE";"DEL02-CE";"UOP01-DEL02-CE"
305294;2020-09-02;"quarta-feira";"22:30:00";"PA";155;276,5;"MARABA";"Falta de Atenção à Condução";"Colisão transversal";"Sem Vítimas";"Plena Noite";"Decrescente";"Céu Claro";"Simples";"Reta";"Não";4;0;0;0;2;2;0;4;-5,5447822;-49,0752223;"SPRF-PA";"DEL03-PA";"UOP01-DEL03-PA"
305298;2020-09-03;"quinta-feira";"03:00:00";"SP";116;199;"ARUJA";"Falta de Atenção à Condução";"Colisão traseira";"Com Vítimas Feridas";"Plena Noite";"Crescente";"Nublado";"Dupla";"Aclive";"Sim";4;0;1;0;2;2;1;4;-23,40185327;-46,31154312;"SPRF-SP";"DEL01-SP";"UOP01-DEL01-SP"
305299;2020-09-03;"quinta-feira";"05:10:00";"BA";101;214;"MURITIBA";"Animais na Pista";"Atropelamento de Animal";"Com Vítimas Fatais";"Plena Noite";"Crescente";"Nevoeiro/Neblina";"Simples";"Reta";"Sim";3;1;0;0;1;1;0;3;-12,65351724;-39,12236761;"SPRF-BA";"DEL01-BA";"UOP02-DEL01-BA"
305302;2020-09-03;"quinta-feira";"05:25:00";"PR";153;466,5;"PORTO VITORIA";"Velocidade Incompatível";"Colisão lateral";"Com Vítimas Feridas";"Plena Noite";"Crescente";"Garoa/Chuvisco";"Simples";"Curva";"Não";3;0;1;0;1;3;1;5;-26,3132968;-51,2186192;"SPRF-PR";"DEL02-PR";"UOP03-DEL02-PR"
305304;2020-09-03;"quinta-feira";"06:45:00";"MG";116;781,4;"LEOPOLDINA";"Velocidade Incompatível";"Tombamento";"Com Vítimas Feridas";"Pleno dia";"Decrescente";"Céu Claro";"Simples";"Curva";"Não";2;0;1;0;0;1;1;2;-21,61482397;-42,69263203;"SPRF-MG";"DEL07-MG";"UOP01-DEL07-MG"
305305;2020-09-02;"quarta-feira";"14:00:00";"MG";365;170;"BURITIZEIRO";"Falta de Atenção à Condução";"Colisão lateral";"Sem Vítimas";"Pleno dia";"Decrescente";"Céu Claro";"Simples";"Reta";"Não";4;0;0;0;2;2;0;4;-17,39882621;-45,00106386;"SPRF-MG";"DEL12-MG";"UOP01-DEL12-MG"
305312;2020-09-03;"quinta-feira";"06:00:00";"PR";373;225;"IMBITUVA";"Restrição de Visibilidade";"Colisão frontal";"Com Vítimas Fatais";"Amanhecer";"Decrescente";"Nevoeiro/Neblina";"Simples";"Reta";"Não";8;1;0;3;3;2;3;7;-25,1752185;-50,62053294;"SPRF-PR";"DEL03-PR";"UOP04-DEL03-PR"
305313;2020-09-03;"quinta-feira";"07:00:00";"RJ";116;221,4;"PIRAI";"Falta de Atenção à Condução";"Tombamento";"Sem Vítimas";"Pleno dia";"Decrescente";"Céu Claro";"Simples";"Declive;Curva";"Não";2;0;0;0;1;1;0;2;-22,6931486;-43,78279481;"SPRF-RJ";"DEL07-RJ";"UOP01-DEL07-RJ"
305315;2020-01-08;"quarta-feira";"23:35:00";"PE";428;188,3;"PETROLINA";"Ingestão de álcool e/ou substâncias psicoativas pelo pedestre";"Atropelamento de Pedestre";"Com Vítimas Feridas";"Pleno dia";"Decrescente";"Céu Claro";"Dupla";"Reta";"Sim";2;0;0;1;0;1;1;2;-9,36400596;-40,48266808;"SPRF-PE";"DEL06-PE";"UOP01-DEL06-PE"
305321;2020-09-03;"quinta-feira";"08:00:00";"SP";116;284;"ITAPECERICA DA SERRA";"Desobediência às normas de trânsito pelo condutor";"Engavetamento";"Sem Vítimas";"Pleno dia";"Crescente";"Céu Claro";"Dupla";"Reta";"Não";3;0;0;0;3;0;0;3;-23,69998;-46,867767;"SPRF-SP";"DEL04-SP";"UOP01-DEL04-SP"
305322;2020-08-27;"quinta-feira";"09:00:00";"MA";10;208,5;"RIBAMAR FIQUENE";"Desobediência às normas de trânsito pelo condutor";"Colisão frontal";"Com Vítimas Feridas";"Pleno dia";"Crescente";"Céu Claro";"Simples";"Reta";"Não";4;0;2;0;0;2;2;4;-5,898466;-47,365887;"SPRF-MA";"DEL04-MA";"UOP01-DEL04-MA"
305328;2020-09-03;"quinta-feira";"07:20:00";"SE";235;32;"AREIA BRANCA";"Falta de Atenção à Condução";"Tombamento";"Com Vítimas Feridas";"Pleno dia";"Crescente";"Chuva";"Simples";"Reta";"Não";2;0;1;0;1;0;1;2;-10,769286;-37,299343;"SPRF-SE";"DEL01-SE";"UOP02-DEL01-SE"
305329;2020-09-03;"quinta-feira";"09:30:00";"GO";452;63,2;"MAURILANDIA";"Falta de Atenção à Condução";"Colisão lateral";"Com Vítimas Feridas";"Pleno dia";"Crescente";"Céu Claro";"Simples";"Reta";"Não";5;0;0;1;3;1;1;3;-18,009462;-50,361755;"SPRF-GO";"DEL04-GO";"UOP01-DEL04-GO"
305331;2020-09-03;"quinta-feira";"07:50:00";"MG";365;750;"ITUIUTABA";"Falta de Atenção à Condução";"Colisão lateral";"Com Vítimas Feridas";"Pleno dia";"Decrescente";"Sol";"Simples";"Reta";"Sim";2;0;1;0;1;0;1;2;-18,94574;-49,45485;"SPRF-MG";"DEL15-MG";"UOP03-DEL15-MG"
305338;2020-09-03;"quinta-feira";"10:15:00";"AL";101;133,8;"SAO MIGUEL DOS CAMPOS";"Desobediência às normas de trânsito pelo condutor";"Colisão transversal";"Com Vítimas Feridas";"Pleno dia";"Crescente";"Céu Claro";"Simples";"Reta";"Não";3;0;1;0;1;2;1;4;-9,75675199;-36,06825788;"SPRF-AL";"DEL02-AL";"UOP01-DEL02-AL"
305341;2020-09-03;"quinta-feira";"07:50:00";"SC";163;117,7;"DIONISIO CERQUEIRA";"Falta de Atenção à Condução";"Colisão lateral";"Sem Vítimas";"Pleno dia";"Crescente";"Nevoeiro/Neblina";"Simples";"Aclive;Reta";"Não";3;0;0;0;2;2;0;4;-26,35440989;-53,54347981;"SPRF-SC";"DEL07-SC";"UOP03-DEL07-SC"
305342;2020-09-03;"quinta-feira";"03:40:00";"MG";267;279,3;"AIURUOCA";"Condutor Dormindo";"Saída de leito carroçável";"Com Vítimas Fatais";"Plena Noite";"Decrescente";"Ignorado";"Simples";"Reta";"Não";1;1;0;0;0;0;0;1;-21,93355793;-44,71886001;"SPRF-MG";"DEL17-MG";"UOP01-DEL17-MG"
305351;2020-08-13;"quinta-feira";"16:30:00";"MT";163;545;"DIAMANTINO";"Ultrapassagem Indevida";"Colisão frontal";"Com Vítimas Fatais";"Pleno dia";"Crescente";"Céu Claro";"Simples";"Reta";"Não";9;1;1;2;4;10;3;16;-14,3509531;-56,15021561;"SPRF-MT";"DEL01-MT";"UOP01-DEL01-MT"
305352;2020-09-03;"quinta-feira";"11:00:00";"BA";415;19;"ILHEUS";"Defeito Mecânico no Veículo";"Capotamento";"Sem Vítimas";"Pleno dia";"Crescente";"Sol";"Simples";"Reta";"Não";1;0;0;0;1;0;0;1;-14,7972;-39,0344;"SPRF-BA";"DEL05-BA";"UOP01-DEL05-BA"
305353;2020-09-03;"quinta-feira";"09:45:00";"BA";101;260;"SANTO ANTONIO DE JESUS";"Não guardar distância de segurança";"Colisão traseira";"Com Vítimas Feridas";"Pleno dia";"Decrescente";"Céu Claro";"Simples";"Reta";"Sim";3;0;1;0;1;1;1;3;-13,05707208;-39,28148909;"SPRF-BA";"DEL01-BA";"UOP02-DEL01-BA"
305354;2020-09-03;"quinta-feira";"06:30:00";"SC";470;18;"ILHOTA";"Falta de Atenção à Condução";"Tombamento";"Sem Vítimas";"Pleno dia";"Crescente";"Chuva";"Simples";"Curva";"Não";2;0;0;0;1;1;0;2;-26,855534;-48,808922;"SPRF-SC";"DEL04-SC";"UOP04-DEL04-SC"
305355;2020-09-03;"quinta-feira";"12:20:00";"SC";470;138,1;"RIO DO SUL";"Desobediência às normas de trânsito pelo condutor";"Colisão transversal";"Com Vítimas Feridas";"Pleno dia";"Decrescente";"Céu Claro";"Simples";"Interseção de Vias;Reta";"Sim";2;0;0;1;1;0;1;2;-27,207214;-49,648476;"SPRF-SC";"DEL04-SC";"UOP02-DEL04-SC"
305361;2020-08-16;"domingo";"23:20:00";"MA";230;470;"RIACHAO";"Não guardar distância de segurança";"Colisão traseira";"Com Vítimas Fatais";"Plena Noite";"Decrescente";"Céu Claro";"Simples";"Reta";"Sim";7;5;0;1;1;0;1;2;-7,35999436;-46,60304885;"SPRF-MA";"DEL05-MA";"UOP01-DEL05-MA"
305371;2020-09-03;"quinta-feira";"13:15:00";"PB";104;168,7;"BARRA DE SANTANA";"Velocidade Incompatível";"Colisão com objeto estático";"Com Vítimas Feridas";"Anoitecer";"Crescente";"Chuva";"Simples";"Reta";"Não";2;0;0;1;1;0;1;1;-7,5782404179;-36,0145538924;"SPRF-PB";"DEL02-PB";"UOP03-DEL02-PB"
305372;2020-09-03;"quinta-feira";"14:43:00";"SP";153;63;"SAO JOSE DO RIO PRETO";"Velocidade Incompatível";"Colisão traseira";"Com Vítimas Feridas";"Pleno dia";"Crescente";"Céu Claro";"Dupla";"Aclive";"Sim";3;0;1;0;2;0;1;3;-20,82149698;-49,35764818;"SPRF-SP";"DEL09-SP";"UOP01-DEL09-SP"
305375;2020-09-03;"quinta-feira";"13:55:00";"RS";472;573;"URUGUAIANA";"Defeito Mecânico no Veículo";"Colisão frontal";"Com Vítimas Feridas";"Pleno dia";"Crescente";"Nublado";"Simples";"Reta";"Sim";4;0;3;0;1;0;3;2;-29,74143591;-56,97819304;"SPRF-RS";"DEL13-RS";"UOP01-DEL13-RS"
305376;2020-09-03;"quinta-feira";"14:00:00";"BA";101;100;"ALAGOINHAS";"Condutor Dormindo";"Engavetamento";"Com Vítimas Feridas";"Pleno dia";"Decrescente";"Sol";"Simples";"Reta";"Não";5;0;1;0;4;0;1;5;-12,10228602;-38,37530315;"SPRF-BA";"DEL01-BA";"UOP04-DEL01-BA"
305379;2020-08-08;"sábado";"18:30:00";"PA";158;602;"REDENCAO";"Defeito na Via";"Saída de leito carroçável";"Com Vítimas Feridas";"Anoitecer";"Decrescente";"Céu Claro";"Simples";"Reta";"Não";2;0;1;0;0;2;1;3;-8;-50;"SPRF-PA";"DEL03-PA";"UOP01-DEL03-PA"
305380;2020-08-11;"terça-feira";"06:50:00";"PR";277;681,4;"SAO MIGUEL DO IGUACU";"Falta de Atenção à Condução";"Tombamento";"Com Vítimas Feridas";"Amanhecer";"Crescente";"Céu Claro";"Dupla";"Reta";"Não";3;0;1;0;1;1;1;2;-25,32705338;-54,17332888;"SPRF-PR";"DEL05-PR";"UOP01-DEL05-PR"
305384;2020-09-03;"quinta-feira";"15:20:00";"SP";116;290,5;"ITAPECERICA DA SERRA";"Falta de Atenção à Condução";"Colisão traseira";"Sem Vítimas";"Pleno dia";"Decrescente";"Céu Claro";"Dupla";"Reta";"Sim";3;0;0;0;2;1;0;3;-23,72270444;-46,89018857;"SPRF-SP";"DEL04-SP";"UOP01-DEL04-SP"
305387;2020-09-03;"quinta-feira";"15:50:00";"RN";101;129,3;"SAO JOSE DE MIPIBU";"Velocidade Incompatível";"Colisão traseira";"Com Vítimas Feridas";"Pleno dia";"Decrescente";"Céu Claro";"Dupla";"Reta";"Não";6;0;3;0;2;1;3;3;-6,11351254;-35,23326159;"SPRF-RN";"DEL01-RN";"UOP01-DEL01-RN"
305391;2020-05-15;"sexta-feira";"22:00:00";"MG";381;707;"NEPOMUCENO";"Velocidade Incompatível";"Colisão com objeto estático";"Com Vítimas Fatais";"Plena Noite";"Decrescente";"Nublado";"Dupla";"Declive;Reta";"Não";3;1;1;0;0;1;1;2;-21,36199299;-45,19169583;"SPRF-MG";"DEL04-MG";"UOP02-DEL04-MG"
305394;2020-09-03;"quinta-feira";"16:20:00";"BA";116;18,7;"ABARE";"Ingestão de Álcool";"Colisão lateral";"Com Vítimas Fatais";"Pleno dia";"Crescente";"Céu Claro";"Simples";"Reta";"Não";3;1;0;0;0;2;0;3;-8,777591;-39,260315;"SPRF-PE";"DEL05-PE";"UOP03-DEL05-PE"
305395;2020-07-22;"quarta-feira";"04:30:00";"MT";163;1104;"GUARANTA DO NORTE";"Defeito na Via";"Tombamento";"Com Vítimas Fatais";"Amanhecer";"Crescente";"Céu Claro";"Simples";"Declive;Curva";"Não";2;1;0;0;0;2;0;3;-9,64868722;-54,87249652;"SPRF-MT";"DEL06-MT";"NPF/DEL06-MT"
305396;2020-09-03;"quinta-feira";"16:15:00";"SC";280;20,6;"ARAQUARI";"Falta de Atenção à Condução";"Colisão transversal";"Com Vítimas Feridas";"Pleno dia";"Decrescente";"Céu Claro";"Simples";"Interseção de Vias";"Não";4;0;0;2;1;2;2;4;-26,36990477;-48,68224301;"SPRF-SC";"DEL03-SC";"UOP03-DEL03-SC"
305399;2020-09-03;"quinta-feira";"16:35:00";"MG";40;607,9;"CONGONHAS";"Falta de Atenção à Condução";"Colisão traseira";"Com Vítimas Feridas";"Pleno dia";"Crescente";"Céu Claro";"Dupla";"Reta";"Não";3;0;1;0;2;0;1;3;-20,47579776;-43,84269847;"SPRF-MG";"DEL05-MG";"UOP02-DEL05-MG"
305401;2020-09-03;"quinta-feira";"13:30:00";"PR";163;24,8;"SANTO ANTONIO DO SUDOESTE";"Desobediência às normas de trânsito pelo condutor";"Colisão frontal";"Com Vítimas Fatais";"Pleno dia";"Crescente";"Céu Claro";"Simples";"Curva";"Não";3;1;0;0;1;2;0;4;-26,11567765;-53,6125946;"SPRF-PR";"DEL02-PR";"UOP02-DEL02-PR"
305405;2020-09-03;"quinta-feira";"10:00:00";"PR";369;508,8;"CASCAVEL";"Não guardar distância de segurança";"Colisão traseira";"Com Vítimas Feridas";"Pleno dia";"Decrescente";"Sol";"Simples";"Reta";"Não";2;0;1;0;1;0;1;2;-24,844;-53,3169;"SPRF-PR";"DEL09-PR";"UOP03-DEL09-PR"
305406;2020-09-03;"quinta-feira";"15:50:00";"PR";277;584,4;"CASCAVEL";"Falta de Atenção à Condução";"Engavetamento";"Sem Vítimas";"Pleno dia";"Crescente";"Sol";"Dupla";"Reta";"Sim";5;0;0;0;4;2;0;6;-24,96684176;-53,40258186;"SPRF-PR";"DEL04-PR";"UOP01-DEL04-PR"
305407;2020-09-03;"quinta-feira";"13:00:00";"MT";364;9;"ALTO ARAGUAIA";"Fenômenos da Natureza";"Incêndio";"Sem Vítimas";"Pleno dia";"Decrescente";"Sol";"Simples";"Reta";"Não";2;0;0;0;1;1;0;2;-17,27437109;-53,27898902;"SPRF-MT";"DEL02-MT";"UOP02-DEL02-MT"
305408;2020-09-03;"quinta-feira";"17:40:00";"RS";285;484;"ENTRE-IJUIS";"Falta de Atenção à Condução";"Saída de leito carroçável";"Com Vítimas Feridas";"Pleno dia";"Crescente";"Céu Claro";"Simples";"Declive";"Não";2;0;1;0;0;1;1;2;-28,373297;-54,137657;"SPRF-RS";"DEL10-RS";"UOP01-DEL10-RS"
305410;2020-09-03;"quinta-feira";"16:30:00";"MG";262;640;"IBIA";"Falta de Atenção à Condução";"Colisão lateral";"Com Vítimas Feridas";"Pleno dia";"Decrescente";"Céu Claro";"Simples";"Reta";"Não";3;0;1;0;1;2;1;4;-19,57656693;-46,54389699;"SPRF-MG";"DEL08-MG";"UOP01-DEL08-MG"
305414;2020-09-03;"quinta-feira";"17:00:00";"SP";116;145;"SAO JOSE DOS CAMPOS";"Falta de Atenção à Condução";"Colisão traseira";"Com Vítimas Feridas";"Anoitecer";"Decrescente";"Céu Claro";"Dupla";"Reta";"Sim";4;0;1;0;2;1;1;3;-23,1869844;-45,8548078;"SPRF-SP";"DEL02-SP";"UOP01-DEL02-SP"
305419;2020-09-03;"quinta-feira";"18:00:00";"RJ";101;208;"CASIMIRO DE ABREU";"Falta de Atenção à Condução";"Derramamento de carga";"Sem Vítimas";"Plena Noite";"Decrescente";"Céu Claro";"Simples";"Reta";"Não";2;0;0;0;1;1;0;2;-22,4806698;-42,22017209;"SPRF-RJ";"DEL08-RJ";"UOP04-DEL08-RJ"
305421;2020-09-03;"quinta-feira";"18:00:00";"PR";277;478,4;"NOVA LARANJEIRAS";"Ultrapassagem Indevida";"Colisão frontal";"Com Vítimas Fatais";"Pleno dia";"Crescente";"Céu Claro";"Simples";"Reta";"Não";2;1;0;0;1;0;0;2;-25,28109;-52,58881;"SPRF-PR";"DEL04-PR";"UOP02-DEL04-PR"
305424;2020-09-03;"quinta-feira";"19:10:00";"RJ";101;59;"CAMPOS DOS GOYTACAZES";"Sinalização da via insuficiente ou inadequada";"Colisão traseira";"Com Vítimas Feridas";"Plena Noite";"Decrescente";"Céu Claro";"Simples";"Reta";"Sim";2;0;1;0;1;0;1;2;-21,71366497;-41,30861915;"SPRF-RJ";"DEL08-RJ";"UOP01-DEL08-RJ"
305429;2020-09-03;"quinta-feira";"19:10:00";"MG";40;390,5;"CURVELO";"Defeito Mecânico no Veículo";"Incêndio";"Sem Vítimas";"Plena Noite";"Crescente";"Céu Claro";"Simples";"Reta";"Não";2;0;0;0;1;1;0;2;-18,949775;-44,68630087;"SPRF-MG";"DEL02-MG";"UOP01-DEL02-MG"
305440;2020-09-03;"quinta-feira";"06:30:00";"MA";316;166,1;"ARAGUANA";"Falta de Atenção à Condução";"Saída de leito carroçável";"Com Vítimas Feridas";"Pleno dia";"Decrescente";"Céu Claro";"Simples";"Reta";"Não";1;0;1;0;0;0;1;1;-2,991552;-45,654274;"SPRF-MA";"DEL02-MA";"UOP02-DEL02-MA"
305448;2020-09-03;"quinta-feira";"16:40:00";"MG";116;782,6;"LEOPOLDINA";"Velocidade Incompatível";"Tombamento";"Com Vítimas Feridas";"Pleno dia";"Decrescente";"Céu Claro";"Simples";"Curva";"Não";2;0;1;0;0;1;1;2;-21,627038;-42,69996898;"SPRF-MG";"DEL07-MG";"UOP01-DEL07-MG"
305451;2020-09-03;"quinta-feira";"15:30:00";"PR";163;48;"PRANCHITA";"Desobediência às normas de trânsito pelo condutor";"Colisão lateral";"Com Vítimas Feridas";"Pleno dia";"Decrescente";"Céu Claro";"Simples";"Reta";"Não";6;0;1;0;1;5;1;5;-26,00140396;-53,7238371;"SPRF-PR";"DEL02-PR";"UOP02-DEL02-PR"
305455;2020-09-03;"quinta-feira";"20:00:00";"PR";467;79,8;"TOLEDO";"Defeito Mecânico no Veículo";"Incêndio";"Sem Vítimas";"Plena Noite";"Decrescente";"Céu Claro";"Dupla";"Reta";"Não";2;0;0;0;1;2;0;3;-24,7786;-53,6791;"SPRF-PR";"DEL04-PR";"UOP01-DEL04-PR"
305457;2020-09-03;"quinta-feira";"21:20:00";"MG";50;96,7;"UBERLANDIA";"Falta de Atenção à Condução";"Colisão traseira";"Com Vítimas Feridas";"Plena Noite";"Crescente";"Céu Claro";"Dupla";"Reta";"Não";4;0;1;0;2;4;1;6;-19,10113604;-48,18109716;"SPRF-MG";"DEL15-MG";"UOP01-DEL15-MG"
305459;2020-09-03;"quinta-feira";"21:30:00";"SP";116;222;"GUARULHOS";"Velocidade Incompatível";"Colisão traseira";"Com Vítimas Feridas";"Plena Noite";"Crescente";"Céu Claro";"Múltipla";"Reta";"Sim";3;0;1;0;1;2;1;4;-23,47093408;-46,51631097;"SPRF-SP";"DEL01-SP";"UOP01-DEL01-SP"
305460;2020-09-03;"quinta-feira";"20:45:00";"BA";116;756,9;"POCOES";"Desobediência às normas de trânsito pelo condutor";"Colisão frontal";"Com Vítimas Feridas";"Plena Noite";"Crescente";"Nublado";"Simples";"Reta";"Sim";3;0;1;1;1;0;2;2;-14,523129;-40,376056;"SPRF-BA";"DEL08-BA";"UOP02-DEL08-BA"
305465;2020-09-03;"quinta-feira";"20:55:00";"MS";60;423,6;"SIDROLANDIA";"Falta de Atenção à Condução";"Colisão traseira";"Com Vítimas Feridas";"Plena Noite";"Decrescente";"Céu Claro";"Simples";"Reta";"Sim";2;0;1;0;1;0;1;2;-20,91374372;-54,9470444;"SPRF-MS";"DEL01-MS";"UOP04-DEL01-MS"
305466;2020-09-03;"quinta-feira";"22:30:00";"GO";60;223;"CEZARINA";"Falta de Atenção à Condução";"Colisão traseira";"Sem Vítimas";"Plena Noite";"Decrescente";"Céu Claro";"Dupla";"Reta";"Não";3;0;0;0;2;1;0;3;-16,9998;-49,768;"SPRF-GO";"DEL01-GO";"UOP02-DEL01-GO"
305473;2020-09-03;"quinta-feira";"23:30:00";"MG";251;490,7;"FRANCISCO SA";"Defeito Mecânico no Veículo";"Incêndio";"Sem Vítimas";"Plena Noite";"Crescente";"Céu Claro";"Simples";"Reta";"Não";2;0;0;0;1;1;0;2;-16,53065068;-43,5834233;"SPRF-MG";"DEL12-MG";"UOP01-DEL12-MG"
305474;2020-09-03;"quinta-feira";"21:50:00";"PR";376;351,6;"ORTIGUEIRA";"Desobediência às normas de trânsito pelo pedestre";"Atropelamento de Pedestre";"Com Vítimas Feridas";"Plena Noite";"Crescente";"Céu Claro";"Dupla";"Reta";"Não";3;0;0;1;1;1;1;3;-24,24967008;-50,90424011;"SPRF-PR";"DEL07-PR";"UOP03-DEL07-PR"
305480;2020-09-03;"quinta-feira";"23:30:00";"PR";476;235,2;"LAPA";"Falta de Atenção à Condução";"Colisão traseira";"Sem Vítimas";"Plena Noite";"Crescente";"Céu Claro";"Simples";"Curva";"Não";4;0;0;0;3;2;0;5;-25,879135;-50,027172;"SPRF-PR";"DEL02-PR";"UOP04-DEL02-PR"
305486;2020-09-03;"quinta-feira";"23:00:00";"MG";116;95,5;"MEDINA";"Defeito Mecânico no Veículo";"Incêndio";"Sem Vítimas";"Plena Noite";"Decrescente";"Nublado";"Simples";"Aclive";"Não";1;0;0;0;0;1;0;1;-16,39353293;-41,47322739;"SPRF-MG";"DEL11-MG";"UOP02-DEL11-MG"
305488;2020-09-04;"sexta-feira";"01:30:00";"SP";116;217;"GUARULHOS";"Falta de Atenção à Condução";"Colisão com objeto estático";"Sem Vítimas";"Plena Noite";"Decrescente";"Céu Claro";"Múltipla";"Curva";"Sim";2;0;0;0;1;2;0;3;-23,45423824;-46,47119028;"SPRF-SP";"DEL01-SP";"UOP01-DEL01-SP"
305489;2020-09-04;"sexta-feira";"03:18:00";"SC";470;59,3;"BLUMENAU";"Ingestão de Álcool";"Colisão frontal";"Com Vítimas Fatais";"Plena Noite";"Decrescente";"Nublado";"Simples";"Curva";"Sim";5;2;0;1;2;0;1;3;-26,88224454;-49,16054791;"SPRF-SC";"DEL04-SC";"UOP01-DEL04-SC"
305490;2020-09-04;"sexta-feira";"02:10:00";"PR";277;59,3;"SAO JOSE DOS PINHAIS";"Condutor Dormindo";"Colisão com objeto estático";"Com Vítimas Fatais";"Plena Noite";"Crescente";"Nublado";"Dupla";"Reta";"Não";3;1;0;0;1;2;0;4;-25,57488091;-48,980886;"SPRF-PR";"DEL01-PR";"UOP01-DEL01-PR"
305491;2020-09-04;"sexta-feira";"04:30:00";"AL";101;40,9;"FLEXEIRAS";"Falta de Atenção à Condução";"Tombamento";"Com Vítimas Feridas";"Amanhecer";"Decrescente";"Nublado";"Dupla";"Curva";"Não";1;0;0;1;0;0;1;1;-9,14536292;-35,73676586;"SPRF-AL";"DEL01-AL";"UOP02-DEL01-AL"
305494;2020-09-04;"sexta-feira";"03:00:00";"TO";153;160,4;"ARAGUAINA";"Defeito Mecânico no Veículo";"Incêndio";"Sem Vítimas";"Plena Noite";"Crescente";"Céu Claro";"Simples";"Reta";"Não";3;0;0;0;1;2;0;3;-7,32115694;-48,3055211;"SPRF-TO";"DEL02-TO";"UOP01-DEL02-TO"
305500;2020-09-04;"sexta-feira";"04:20:00";"MS";267;46,6;"BATAGUASSU";"Desobediência às normas de trânsito pelo condutor";"Colisão lateral";"Com Vítimas Feridas";"Plena Noite";"Crescente";"Céu Claro";"Simples";"Reta";"Não";3;0;1;0;2;0;1;2;-21,81431331;-52,54535437;"SPRF-MS";"DEL02-MS";"UOP04-DEL02-MS"
305504;2020-09-04;"sexta-feira";"05:20:00";"SP";116;339;"JUQUITIBA";"Falta de Atenção à Condução";"Saída de leito carroçável";"Sem Vítimas";"Amanhecer";"Decrescente";"Céu Claro";"Simples";"Reta";"Não";1;0;0;0;1;0;0;1;-23,9983939;-47,14927316;"SPRF-SP";"DEL04-SP";"UOP01-DEL04-SP"
305511;2020-09-04;"sexta-feira";"07:40:00";"ES";101;174;"LINHARES";"Desobediência às normas de trânsito pelo condutor";"Colisão transversal";"Com Vítimas Feridas";"Pleno dia";"Crescente";"Sol";"Simples";"Interseção de Vias";"Sim";2;0;1;0;1;0;1;2;-19,58047007;-40,18782185;"SPRF-ES";"DEL04-ES";"UOP01-DEL04-ES"
305515;2020-09-04;"sexta-feira";"06:30:00";"SC";282;32,8;"AGUAS MORNAS";"Defeito Mecânico no Veículo";"Saída de leito carroçável";"Com Vítimas Feridas";"Pleno dia";"Decrescente";"Garoa/Chuvisco";"Simples";"Declive;Curva";"Sim";2;0;1;0;0;1;1;2;-27,70660155;-48,80737123;"SPRF-SC";"DEL01-SC";"UOP03-DEL01-SC"
305528;2020-09-04;"sexta-feira";"08:20:00";"PR";163;53,2;"PRANCHITA";"Velocidade Incompatível";"Tombamento";"Com Vítimas Feridas";"Pleno dia";"Crescente";"Céu Claro";"Simples";"Curva;Declive";"Não";2;0;0;1;0;3;1;4;-25,925141;-53,750884;"SPRF-PR";"DEL02-PR";"UOP02-DEL02-PR"
305535;2020-09-04;"sexta-feira";"06:25:00";"MG";365;165;"PIRAPORA";"Velocidade Incompatível";"Tombamento";"Com Vítimas Feridas";"Pleno dia";"Decrescente";"Céu Claro";"Simples";"Rotatória";"Não";2;0;1;0;0;1;1;2;-17,38124701;-44,960901;"SPRF-MG";"DEL12-MG";"UOP01-DEL12-MG"