"id";"data_inversa";"dia_semana";"horario";"uf";"br";"km";"municipio";"causa_acidente";"tipo_acidente";"classificacao_acidente";"fase_dia";"sentido_via";"condicao_metereologica";"tipo_pista";"tracado_via";"uso_solo";"pessoas";"mortos";"feridos_leves";"feridos_graves";"ilesos";"ignorados";"feridos";"veiculos";"latitude";"longitude";"regional";"delegacia";"uop"
305537;2020-09-03;"quinta-feira";"17:50:00";"MA";316;5;"BOA VISTA DO GURUPI";"Restrição de Visibilidade";"Colisão lateral";"Com Vítimas Feridas";"Pleno dia";"Crescente";"Céu Claro";"Simples";"Reta";"Não";3;0;1;0;1;2;1;4;-1,7878815;-46,303696;"SPRF-MA";"DEL02-MA";"UOP01-DEL02-MA"
305539;2020-09-04;"sexta-feira";"08:40:00";"PR";476;131;"CURITIBA";"Falta de Atenção à Condução";"Colisão traseira";"Com Vítimas Feridas";"Pleno dia";"Decrescente";"Céu Claro";"Múltipla";"Reta";"Sim";5;0;2;0;1;2;2;4;-25,45787923;-49,24909299;"SPRF-PR";"DEL01-PR";"UOP03-DEL01-PR"
305540;2020-09-04;"sexta-feira";"06:50:00";"BA";101;674,8;"ITAPEBI";"Desobediência às normas de trânsito pelo condutor";"Capotamento";"Com Vítimas Feridas";"Pleno dia";"Decrescente";"Céu Claro";"Simples";"Curva";"Não";1;0;1;0;0;0;1;1;-15,98245352;-39,55352783;"SPRF-BA";"DEL09-BA";"UOP01-DEL09-BA"
305543;2020-09-04;"sexta-feira";"09:00:00";"RN";226;166;"CURRAIS NOVOS";"Velocidade Incompatível";"Tombamento";"Com Vítimas Feridas";"Pleno dia";"Decrescente";"Céu Claro";"Simples";"Curva";"Não";2;0;1;0;0;1;1;2;-6,23134484;-36,43796705;"SPRF-RN";"DEL03-RN";"UOP02-DEL03-RN"
305546;2020-09-04;"sexta-feira";"04:45:00";"GO";153;413,4;"PIRENOPOLIS";"Ultrapassagem Indevida";"Colisão frontal";"Com Vítimas Fatais";"Plena Noite";"Crescente";"Céu Claro";"Simples";"Curva";"Não";5;3;0;0;1;1;0;3;-16,119982;-49,036469;"SPRF-GO";"DEL02-GO";"UOP01-DEL02-GO"
305550;2020-09-04;"sexta-feira";"06:00:00";"MG";116;176,8;"PADRE PARAISO";"Condutor Dormindo";"Tombamento";"Com Vítimas Feridas";"Pleno dia";"Crescente";"Nublado";"Simples";"Curva;Declive";"Não";2;0;1;0;0;1;1;2;-17,06126897;-41,46810305;"SPRF-MG";"DEL11-MG";"UOP02-DEL11-MG"
305554;2020-09-04;"sexta-feira";"09:35:00";"RO";435;35;"VILHENA";"Velocidade Incompatível";"Tombamento";"Com Vítimas Feridas";"Pleno dia";"Crescente";"Céu Claro";"Simples";"Curva";"Não";2;0;1;0;0;2;1;3;-12,84736708;-60,37897271;"SPRF-RO";"DEL04-RO";"UOP02-DEL04-RO"
305564;2020-09-03;"quinta-feira";"18:50:00";"SC";282;370,1;"ERVAL VELHO";"Defeito Mecânico no Veículo";"Saída de leito carroçável";"Com Vítimas Feridas";"Anoitecer";"Decrescente";"Céu Claro";"Simples";"Curva";"Sim";1;0;1;0;0;0;1;1;-27,268663;-51,443768;"SPRF-SC";"DEL07-SC";"UOP05-DEL07-SC"
305568;2020-09-04;"sexta-feira";"11:50:00";"RS";285;156;"MUITOS CAPOES";"Desobediência às normas de trânsito pelo condutor";"Colisão transversal";"Com Vítimas Feridas";"Pleno dia";"Crescente";"Céu Claro";"Dupla";"Rotatória";"Não";3;0;1;0;2;0;1;2;-28,32484843;-51,188972;"SPRF-RS";"DEL05-RS";"UOP03-DEL05-RS"
305576;2020-09-04;"sexta-feira";"09:40:00";"MA";10;248,6;"IMPERATRIZ";"Desobediência às normas de trânsito pelo condutor";"Colisão lateral";"Com Vítimas Feridas";"Pleno dia";"Crescente";"Céu Claro";"Simples";"Reta";"Sim";2;0;0;1;1;0;1;2;-5,566143;-47,449028;"SPRF-MA";"DEL04-MA";"UOP01-DEL04-MA"
305594;2020-09-04;"sexta-feira";"10:50:00";"MG";365;623;"UBERLANDIA";"Defeito Mecânico no Veículo";"Colisão com objeto estático";"Sem Vítimas";"Pleno dia";"Crescente";"Céu Claro";"Dupla";"Reta";"Sim";1;0;0;0;1;0;0;1;-18,9100325;-48,30694985;"SPRF-MG";"DEL15-MG";"UOP01-DEL15-MG"
305595;2020-09-04;"sexta-feira";"11:00:00";"MA";135;22;"SAO LUIS";"Velocidade Incompatível";"Saída de leito carroçável";"Sem Vítimas";"Pleno dia";"Crescente";"Céu Claro";"Dupla";"Reta";"Sim";1;0;0;0;1;0;0;1;-2,74596712;-44,34234384;"SPRF-MA";"DEL01-MA";"UOP01-DEL01-MA"
305598;2020-09-04;"sexta-feira";"14:00:00";"PE";101;35,4;"ITAPISSUMA";"Desobediência às normas de trânsito pelo condutor";"Colisão traseira";"Com Vítimas Feridas";"Pleno dia";"Crescente";"Sol";"Dupla";"Reta;Aclive";"Não";5;0;4;0;1;0;4;2;-7,77952193;-34,93231384;"SPRF-PE";"DEL01-PE";"UOP02-DEL01-PE"
305599;2020-09-04;"sexta-feira";"13:30:00";"PR";376;673,1;"GUARATUBA";"Defeito Mecânico no Veículo";"Colisão traseira";"Com Vítimas Feridas";"Pleno dia";"Crescente";"Nublado";"Dupla";"Curva;Declive";"Não";3;0;1;1;0;3;2;5;-25,907846;-48,920746;"SPRF-PR";"DEL01-PR";"UOP04-DEL01-PR"
305605;2020-06-18;"quinta-feira";"15:00:00";"MG";381;502,1;"BETIM";"Velocidade Incompatível";"Engavetamento";"Com Vítimas Fatais";"Pleno dia";"Crescente";"Céu Claro";"Dupla";"Reta";"Sim";9;2;0;0;6;1;0;8;-20,03619694;-44,24586303;"SPRF-MG";"DEL01-MG";"UOP03-DEL01-MG"
305606;2020-09-04;"sexta-feira";"13:30:00";"BA";242;422;"SEABRA";"Falta de Atenção à Condução";"Colisão transversal";"Sem Vítimas";"Pleno dia";"Crescente";"Sol";"Simples";"Reta";"Não";3;0;0;0;2;1;0;3;-12,42107802;-41,83842802;"SPRF-BA";"DEL06-BA";"UOP01-DEL06-BA"
305610;2020-09-04;"sexta-feira";"14:10:00";"PR";163;161,9;"LINDOESTE";"Ultrapassagem Indevida";"Colisão frontal";"Com Vítimas Fatais";"Pleno dia";"Crescente";"Céu Claro";"Simples";"Aclive;Curva";"Não";3;1;0;0;2;0;0;3;-25,32790599;-53,59159198;"SPRF-PR";"DEL05-PR";"UOP05-DEL05-PR"
305612;2020-09-04;"sexta-feira";"13:10:00";"MA";316;619,9;"TIMON";"Ultrapassagem Indevida";"Colisão frontal";"Com Vítimas Fatais";"Pleno dia";"Crescente";"Céu Claro";"Simples";"Reta";"Sim";2;1;0;0;1;0;0;2;-5,119788;-42,824196;"SPRF-MA";"DEL03-MA";"UOP02-DEL03-MA"
305620;2020-09-04;"sexta-feira";"15:45:00";"PB";230;300;"SANTA LUZIA";"Desobediência às normas de trânsito pelo condutor";"Colisão traseira";"Com Vítimas Feridas";"Pleno dia";"Crescente";"Céu Claro";"Simples";"Reta";"Não";5;0;2;0;2;1;2;3;-6,9021;-36,9818;"SPRF-PB";"DEL03-PB";"UOP01-DEL03-PB"
305621;2020-09-04;"sexta-feira";"15:45:00";"SP";116;288;"ITAPECERICA DA SERRA";"Desobediência às normas de trânsito pelo condutor";"Colisão frontal";"Com Vítimas Feridas";"Pleno dia";"Decrescente";"Céu Claro";"Simples";"Reta";"Não";4;0;1;0;3;0;1;3;-23,719254;-46,883144;"SPRF-SP";"DEL04-SP";"UOP01-DEL04-SP"
305631;2020-08-30;"domingo";"10:50:00";"MT";163;1005;"TERRA NOVA DO NORTE";"Ultrapassagem Indevida";"Colisão frontal";"Com Vítimas Fatais";"Pleno dia";"Crescente";"Céu Claro";"Simples";"Reta";"Não";5;2;0;1;0;4;1;6;-10,57037901;-55,09184785;"SPRF-MT";"DEL06-MT";"NPF/DEL06-MT"
305641;2020-09-04;"sexta-feira";"17:30:00";"ES";262;184;"IRUPI";"Falta de Atenção à Condução";"Colisão transversal";"Com Vítimas Feridas";"Pleno dia";"Crescente";"Céu Claro";"Simples";"Curva";"Não";2;0;1;0;1;0;1;2;-20,29551627;-41,70587605;"SPRF-ES";"DEL01-ES";"UOP02-DEL01-ES"
305646;2020-09-04;"sexta-feira";"09:30:00";"MG";116;469,5;"TARUMIRIM";"Condutor Dormindo";"Saída de leito carroçável";"Com Vítimas Feridas";"Pleno dia";"Decrescente";"Céu Claro";"Múltipla";"Reta";"Não";2;0;1;0;0;12;1;13;-19,31016755;-42,0786674;"SPRF-MG";"DEL06-MG";"UOP02-DEL06-MG"
305648;2020-09-04;"sexta-feira";"15:30:00";"RJ";493;80;"NOVA IGUACU";"Mal Súbito";"Saída de leito carroçável";"Com Vítimas Fatais";"Pleno dia";"Decrescente";"Céu Claro";"Dupla";"Reta";"Não";2;1;0;0;0;1;0;2;-22,68276678;-43,46294403;"SPRF-RJ";"DEL01-RJ";"UOP03-DEL01-RJ"
305652;2020-07-11;"sábado";"20:35:00";"MS";163;121,5;"NAVIRAI";"Velocidade Incompatível";"Colisão transversal";"Com Vítimas Fatais";"Plena Noite";"Decrescente";"Céu Claro";"Simples";"Reta";"Não";4;2;0;0;1;2;0;4;-23,10761007;-54,22213534;"SPRF-MS";"DEL09-MS";"UOP01-DEL09-MS"
305675;2020-09-04;"sexta-feira";"13:40:00";"PR";277;487;"NOVA LARANJEIRAS";"Velocidade Incompatível";"Tombamento";"Sem Vítimas";"Pleno dia";"Decrescente";"Céu Claro";"Simples";"Curva";"Não";2;0;0;0;1;1;0;2;-25,25715876;-52,62556125;"SPRF-PR";"DEL04-PR";"UOP02-DEL04-PR"
305678;2020-09-04;"sexta-feira";"18:45:00";"ES";262;21,9;"VIANA";"Falta de Atenção à Condução";"Colisão transversal";"Sem Vítimas";"Plena Noite";"Decrescente";"Céu Claro";"Simples";"Reta";"Não";3;0;0;0;2;1;0;3;-20,38054389;-40,50497908;"SPRF-ES";"DEL01-ES";"UOP01-DEL01-ES"
305690;2020-09-04;"sexta-feira";"18:30:00";"MT";163;829;"SINOP";"Não guardar distância de segurança";"Colisão traseira";"Com Vítimas Feridas";"Plena Noite";"Decrescente";"Céu Claro";"Dupla";"Reta";"Sim";3;0;0;1;2;0;1;3;-12,040704;-55,51732275;"SPRF-MT";"DEL06-MT";"UOP01-DEL06-MT"
305692;2020-09-04;"sexta-feira";"19:15:00";"RS";285;510,4;"VITORIA DAS MISSOES";"Velocidade Incompatível";"Tombamento";"Com Vítimas Feridas";"Anoitecer";"Crescente";"Céu Claro";"Simples";"Curva";"Não";5;0;3;1;0;1;4;3;-28,39706325;-54,37949181;"SPRF-RS";"DEL10-RS";"UOP01-DEL10-RS"
305695;2020-09-04;"sexta-feira";"17:35:00";"PI";316;2,3;"TERESINA";"Desobediência às normas de trânsito pelo condutor";"Colisão lateral";"Com Vítimas Feridas";"Pleno dia";"Crescente";"Céu Claro";"Dupla";"Curva";"Sim";4;0;1;0;2;1;1;3;-5,12477477;-42,79848465;"SPRF-PI";"DEL01-PI";"UOP02-DEL01-PI"
305702;2020-09-04;"sexta-feira";"19:30:00";"RS";386;267,9;"FONTOURA XAVIER";"Desobediência às normas de trânsito pelo condutor";"Colisão transversal";"Com Vítimas Feridas";"Plena Noite";"Decrescente";"Céu Claro";"Simples";"Curva;Aclive";"Não";5;0;3;0;1;1;3;3;-28,95430597;-52,37259865;"SPRF-RS";"DEL04-RS";"UOP03-DEL04-RS"
305711;2020-09-04;"sexta-feira";"20:10:00";"BA";116;804,9;"VITORIA DA CONQUISTA";"Falta de Atenção à Condução";"Colisão lateral";"Com Vítimas Feridas";"Plena Noite";"Decrescente";"Nublado";"Simples";"Reta";"Não";3;0;1;0;1;1;1;3;-14,72639376;-40,63251813;"SPRF-BA";"DEL08-BA";"UOP01-DEL08-BA"
305714;2020-09-04;"sexta-feira";"20:30:00";"PR";116;16;"ANTONINA";"Falta de Atenção à Condução";"Colisão com objeto estático";"Sem Vítimas";"Plena Noite";"Decrescente";"Garoa/Chuvisco";"Dupla";"Curva";"Não";2;0;0;0;2;0;0;2;-25,10305915;-48,70103892;"SPRF-PR";"DEL01-PR";"UOP02-DEL01-PR"
305715;2020-09-04;"sexta-feira";"20:50:00";"MG";251;480,9;"FRANCISCO SA";"Falta de Atenção do Pedestre";"Atropelamento de Pedestre";"Com Vítimas Fatais";"Plena Noite";"Decrescente";"Céu Claro";"Simples";"Reta";"Não";2;1;0;0;1;0;0;2;-16,48180299;-43,50645602;"SPRF-MG";"DEL12-MG";"UOP01-DEL12-MG"
305717;2020-09-04;"sexta-feira";"20:45:00";"PR";116;16,8;"ANTONINA";"Não guardar distância de segurança";"Colisão traseira";"Com Vítimas Feridas";"Plena Noite";"Decrescente";"Garoa/Chuvisco";"Dupla";"Curva";"Não";6;0;2;0;4;0;2;2;-25,10255893;-48,69998043;"SPRF-PR";"DEL01-PR";"UOP02-DEL01-PR"
305723;2020-09-04;"sexta-feira";"21:10:00";"PR";153;44,8;"SANTO ANTONIO DA PLATINA";"Desobediência às normas de trânsito pelo condutor";"Colisão frontal";"Com Vítimas Fatais";"Plena Noite";"Crescente";"Céu Claro";"Simples";"Reta";"Não";4;1;0;0;1;2;0;4;-23,31060229;-50,07032495;"SPRF-PR";"DEL07-PR";"UOP04-DEL07-PR"
305725;2020-09-04;"sexta-feira";"21:20:00";"PR";376;632;"SAO JOSE DOS PINHAIS";"Desobediência às normas de trânsito pelo condutor";"Colisão lateral";"Com Vítimas Feridas";"Plena Noite";"Crescente";"Chuva";"Dupla";"Reta";"Não";5;0;1;0;3;1;1;4;-25,71305887;-49,13941456;"SPRF-PR";"DEL01-PR";"UOP04-DEL01-PR"
305733;2020-09-04;"sexta-feira";"16:50:00";"PA";10;309;"IRITUIA";"Avarias e/ou desgaste excessivo no pneu";"Tombamento";"Com Vítimas Feridas";"Pleno dia";"Decrescente";"Céu Claro";"Simples";"Declive";"Não";1;0;1;0;0;0;1;1;-1,72948399;-47,50308232;"SPRF-PA";"DEL01-PA";"UOP02-DEL01-PA"
305738;2020-09-04;"sexta-feira";"21:30:00";"BA";242;374;"PALMEIRAS";"Falta de Atenção à Condução";"Saída de leito carroçável";"Com Vítimas Feridas";"Plena Noite";"Crescente";"Chuva";"Simples";"Curva";"Não";2;0;0;1;0;1;1;2;-12,43899416;-41,48599029;"SPRF-BA";"DEL06-BA";"UOP01-DEL06-BA"
305740;2020-09-04;"sexta-feira";"19:15:00";"MG";381;766,7;"CAMPANHA";"Falta de Atenção à Condução";"Colisão traseira";"Com Vítimas Fatais";"Plena Noite";"Decrescente";"Céu Claro";"Dupla";"Aclive;Reta";"Não";3;1;0;0;1;1;0;3;-21,744763;-45,387338;"SPRF-MG";"DEL16-MG";"UOP02-DEL16-MG"
305742;2020-09-04;"sexta-feira";"22:00:00";"PB";101;1;"MATARACA";"Desobediência às normas de trânsito pelo condutor";"Colisão lateral";"Com Vítimas Feridas";"Plena Noite";"Decrescente";"Céu Claro";"Dupla";"Retorno Regulamentado";"Não";4;0;1;0;2;2;1;5;-6,51423092;-35,11133633;"SPRF-PB";"DEL01-PB";"UOP04-DEL01-PB"
305743;2020-09-04;"sexta-feira";"17:50:00";"MG";365;581;"INDIANOPOLIS";"Defeito Mecânico no Veículo";"Tombamento";"Sem Vítimas";"Anoitecer";"Decrescente";"Céu Claro";"Simples";"Interseção de Vias";"Não";3;0;0;0;2;1;0;3;-18,87672705;-47,94536591;"SPRF-MG";"DEL15-MG";"UOP02-DEL15-MG"
305747;2020-09-04;"sexta-feira";"23:00:00";"SC";470;14;"ILHOTA";"Condutor Dormindo";"Colisão frontal";"Com Vítimas Feridas";"Plena Noite";"Crescente";"Nublado";"Simples";"Reta";"Não";2;0;1;0;1;0;1;2;-26,837988;-48,775795;"SPRF-SC";"DEL04-SC";"UOP04-DEL04-SC"
305750;2020-09-04;"sexta-feira";"21:30:00";"SC";116;86;"MONTE CASTELO";"Desobediência às normas de trânsito pelo condutor";"Colisão lateral";"Com Vítimas Feridas";"Plena Noite";"Crescente";"Nublado";"Simples";"Aclive;Reta";"Não";3;0;1;1;1;0;2;2;-26,60977491;-50,22937022;"SPRF-SC";"DEL06-SC";"UOP02-DEL06-SC"
305753;2020-09-05;"sábado";"00:45:00";"BA";101;941;"MUCURI";"Desobediência às normas de trânsito pelo condutor";"Colisão frontal";"Com Vítimas Fatais";"Plena Noite";"Crescente";"Céu Claro";"Simples";"Reta";"Não";6;2;0;2;1;1;2;3;-18,16840196;-39,91873914;"SPRF-BA";"DEL09-BA";"UOP02-DEL09-BA"
305754;2020-09-04;"sexta-feira";"23:00:00";"MT";364;397;"CUIABA";"Desobediência às normas de trânsito pelo condutor";"Colisão traseira";"Com Vítimas Fatais";"Plena Noite";"Crescente";"Céu Claro";"Dupla";"Reta";"Não";3;1;0;0;1;1;0;3;-15,67368218;-55,94264768;"SPRF-MT";"DEL01-MT";"UOP02-DEL01-MT"
305757;2020-09-04;"sexta-feira";"07:10:00";"AM";174;1127,6;"PRESIDENTE FIGUEIREDO";"Falta de Atenção à Condução";"Tombamento";"Com Vítimas Feridas";"Pleno dia";"Decrescente";"Céu Claro";"Simples";"Reta";"Não";2;0;1;0;0;3;1;4;-0,965663;-60,498903;"SPRF-AM";"DEL01-AM";"UOP02-DEL01-AM"
305769;2020-09-05;"sábado";"03:00:00";"ES";262;170,8;"IBATIBA";"Velocidade Incompatível";"Tombamento";"Com Vítimas Feridas";"Plena Noite";"Decrescente";"Céu Claro";"Simples";"Curva";"Não";2;0;1;0;0;2;1;3;-20,2647513;-41,58453796;"SPRF-ES";"DEL01-ES";"UOP02-DEL01-ES"
305782;2020-09-04;"sexta-feira";"18:30:00";"SP";381;79;"SAO PAULO";"Desobediência às normas de trânsito pelo pedestre";"Atropelamento de Pedestre";"Com Vítimas Fatais";"Plena Noite";"Crescente";"Céu Claro";"Dupla";"Reta";"Sim";2;1;0;0;1;0;0;2;-23,41324088;-46,58155918;"SPRF-SP";"DEL03-SP";"UOP01-DEL03-SP"
305790;2020-09-05;"sábado";"04:00:00";"RJ";101;321;"NITEROI";"Defeito Mecânico no Veículo";"Colisão com objeto estático";"Sem Vítimas";"Amanhecer";"Crescente";"Céu Claro";"Múltipla";"Curva";"Sim";2;0;0;0;1;1;0;2;-22,86981096;-43,11046465;"SPRF-RJ";"DEL02-RJ";"UOP02-DEL02-RJ"
305797;2020-09-05;"sábado";"03:00:00";"BA";116;743,5;"POCOES";"Ultrapassagem Indevida";"Colisão frontal";"Com Vítimas Feridas";"Plena Noite";"Crescente";"Céu Claro";"Simples";"Reta";"Não";3;0;1;0;1;1;1;3;-14,37848904;-40,34823985;"SPRF-BA";"DEL08-BA";"UOP02-DEL08-BA"
305798;2020-09-05;"sábado";"03:30:00";"BA";116;513;"ITATIM";"Condutor Dormindo";"Saída de leito carroçável";"Com Vítimas Feridas";"Plena Noite";"Crescente";"Garoa/Chuvisco";"Simples";"Reta";"Não";4;0;2;1;0;1;3;2;-12,65704614;-39,62191293;"SPRF-BA";"DEL03-BA";"UOP02-DEL03-BA"
305802;2020-09-05;"sábado";"06:39:00";"PA";316;35;"SANTA IZABEL DO PARA";"Desobediência às normas de trânsito pelo condutor";"Colisão transversal";"Com Vítimas Fatais";"Amanhecer";"Crescente";"Céu Claro";"Dupla";"Retorno Regulamentado";"Sim";2;1;0;0;1;0;0;2;-1,28908963;-48,15365553;"SPRF-PA";"DEL01-PA";"UOP01-DEL01-PA"
305810;2020-09-04;"sexta-feira";"20:30:00";"PI";135;615;"CRISTALANDIA DO PIAUI";"Falta de Atenção à Condução";"Tombamento";"Com Vítimas Feridas";"Plena Noite";"Crescente";"Céu Claro";"Simples";"Reta";"Não";3;0;2;0;1;0;2;3;-10,62916204;-45,19315805;"SPRF-PI";"DEL03-PI";"UOP02-DEL03-PI"
305813;2020-09-05;"sábado";"06:07:00";"RJ";40;61,7;"PETROPOLIS";"Restrição de Visibilidade";"Atropelamento de Pedestre";"Com Vítimas Fatais";"Amanhecer";"Decrescente";"Céu Claro";"Dupla";"Aclive";"Sim";7;1;0;3;1;2;3;4;-22,40240833;-43,13786279;"SPRF-RJ";"DEL05-RJ";"UOP02-DEL05-RJ"
305817;2020-09-05;"sábado";"05:25:00";"MG";50;188;"UBERABA";"Falta de Atenção à Condução";"Colisão traseira";"Com Vítimas Feridas";"Amanhecer";"Decrescente";"Céu Claro";"Dupla";"Reta";"Sim";3;0;1;0;1;1;1;3;-19,84070819;-47,87993327;"SPRF-MG";"DEL13-MG";"UOP01-DEL13-MG"
305818;2020-09-05;"sábado";"07:10:00";"SE";235;4;"NOSSA SENHORA DO SOCORRO";"Falta de Atenção à Condução";"Colisão traseira";"Com Vítimas Feridas";"Pleno dia";"Decrescente";"Céu Claro";"Dupla";"Reta";"Sim";4;0;1;0;3;0;1;2;-10,9064;-37,1197;"SPRF-SE";"DEL01-SE";"UOP01-DEL01-SE"
305819;2020-09-05;"sábado";"06:20:00";"SC";101;47;"JOINVILLE";"Desobediência às normas de trânsito pelo condutor";"Colisão traseira";"Sem Vítimas";"Amanhecer";"Crescente";"Nublado";"Dupla";"Reta";"Não";3;0;0;0;1;2;0;3;-26,34234997;-48,85840089;"SPRF-SC";"DEL03-SC";"UOP01-DEL03-SC"
305821;2020-09-05;"sábado";"07:30:00";"GO";158;172,8;"CAIAPONIA";"Defeito na Via";"Saída de leito carroçável";"Com Vítimas Feridas";"Pleno dia";"Crescente";"Céu Claro";"Simples";"Reta";"Não";2;0;1;0;0;3;1;4;-17,07971106;-51,86304764;"SPRF-GO";"DEL05-GO";"UOP01-DEL05-GO"
305823;2020-09-05;"sábado";"07:30:00";"MT";70;84,5;"GENERAL CARNEIRO";"Ultrapassagem Indevida";"Saída de leito carroçável";"Com Vítimas Feridas";"Pleno dia";"Decrescente";"Céu Claro";"Simples";"Curva";"Não";2;0;1;0;0;1;1;2;-15,62295417;-52,84664154;"SPRF-MT";"DEL07-MT";"UOP01-DEL07-MT"
305824;2020-09-04;"sexta-feira";"23:59:00";"MT";163;512,9;"CUIABA";"Ingestão de Álcool";"Colisão traseira";"Sem Vítimas";"Plena Noite";"Crescente";"Céu Claro";"Simples";"Reta";"Não";2;0;0;0;2;0;0;2;-15,63379228;-56,04834417;"SPRF-MT";"DEL01-MT";"UOP01-DEL01-MT"
305826;2020-03-12;"quinta-feira";"22:30:00";"BA";116;95;"CHORROCHO";"Deficiência ou não Acionamento do Sistema de Iluminação/Sinalização do Veículo";"Colisão traseira";"Com Vítimas Feridas";"Plena Noite";"Crescente";"Céu Claro";"Simples";"Reta";"Não";2;0;0;1;0;1;1;2;-9,44362998;-39,09547009;"SPRF-BA";"DEL07-BA";"UOP01-DEL07-BA"
305833;2020-09-05;"sábado";"02:50:00";"MG";381;655,2;"SANTO ANTONIO DO AMPARO";"Condutor Dormindo";"Colisão traseira";"Com Vítimas Feridas";"Plena Noite";"Decrescente";"Céu Claro";"Dupla";"Aclive;Reta";"Não";3;0;1;0;1;3;1;5;-20,98333007;-44,94422782;"SPRF-MG";"DEL04-MG";"UOP02-DEL04-MG"
305840;2020-09-05;"sábado";"06:50:00";"MG";381;795;"SAO GONCALO DO SAPUCAI";"Condutor Dormindo";"Colisão traseira";"Com Vítimas Feridas";"Amanhecer";"Decrescente";"Céu Claro";"Dupla";"Reta";"Não";3;0;1;0;1;3;1;5;-21,914418;-45,578927;"SPRF-MG";"DEL16-MG";"UOP02-DEL16-MG"
305849;2020-09-05;"sábado";"09:10:00";"SC";470;192,4;"POUSO REDONDO";"Defeito Mecânico no Veículo";"Saída de leito carroçável";"Com Vítimas Fatais";"Pleno dia";"Decrescente";"Nublado";"Simples";"Curva;Declive";"Não";2;1;1;0;0;0;1;1;-27,29337459;-50,07895589;"SPRF-SC";"DEL04-SC";"UOP02-DEL04-SC"
305853;2020-09-05;"sábado";"08:40:00";"PI";235;432;"SANTA FILOMENA";"Desobediência às normas de trânsito pelo condutor";"Colisão transversal";"Com Vítimas Feridas";"Pleno dia";"Crescente";"Céu Claro";"Simples";"Reta";"Não";3;0;0;1;2;0;1;2;-9,136056;-45,894776;"SPRF-PI";"DEL03-PI";"UOP02-DEL03-PI"
305861;2020-09-05;"sábado";"08:20:00";"RJ";116;311;"ITATIAIA";"Falta de Atenção à Condução";"Capotamento";"Com Vítimas Feridas";"Pleno dia";"Crescente";"Céu Claro";"Simples";"Interseção de Vias";"Não";3;0;1;0;1;1;1;3;-22,46086624;-44,44296321;"SPRF-RJ";"DEL07-RJ";"UOP02-DEL07-RJ"
305862;2020-09-05;"sábado";"08:10:00";"PR";277;136;"BALSA NOVA";"Velocidade Incompatível";"Colisão traseira";"Com Vítimas Feridas";"Pleno dia";"Crescente";"Nevoeiro/Neblina";"Dupla";"Reta";"Não";3;0;1;0;1;2;1;4;-25,4715352;-49,695285;"SPRF-PR";"DEL01-PR";"UOP03-DEL03-PR"
305864;2020-09-05;"sábado";"10:26:00";"RS";116;345,8;"TAPES";"Defeito Mecânico no Veículo";"Colisão traseira";"Com Vítimas Feridas";"Pleno dia";"Decrescente";"Garoa/Chuvisco";"Simples";"Aclive;Reta";"Não";4;0;0;1;2;1;1;3;-30,495736;-51,490542;"SPRF-RS";"DEL02-RS";"UOP02-DEL02-RS"
305886;2020-09-05;"sábado";"12:30:00";"SP";116;347,8;"MIRACATU";"Defeito Mecânico no Veículo";"Colisão com objeto estático";"Sem Vítimas";"Pleno dia";"Crescente";"Sol";"Dupla";"Curva;Declive";"Não";1;0;0;0;1;0;0;1;-24,04699491;-47,19706111;"SPRF-SP";"DEL04-SP";"UOP02-DEL04-SP"
305888;2020-09-05;"sábado";"11:45:00";"MG";381;486,5;"BETIM";"Não guardar distância de segurança";"Engavetamento";"Com Vítimas Feridas";"Pleno dia";"Crescente";"Céu Claro";"Dupla";"Reta";"Sim";7;0;1;0;6;0;1;4;-19,95644414;-44,13611598;"SPRF-MG";"DEL01-MG";"UOP03-DEL01-MG"
305892;2020-09-05;"sábado";"11:13:00";"MG";40;514,9;"RIBEIRAO DAS NEVES";"Não guardar distância de segurança";"Tombamento";"Com Vítimas Fatais";"Pleno dia";"Decrescente";"Céu Claro";"Dupla";"Reta";"Não";5;1;0;0;3;1;0;4;-19,80756961;-44,09568787;"SPRF-MG";"DEL01-MG";"UOP02-DEL01-MG"
305895;2020-09-05;"sábado";"13:05:00";"RO";364;311,5;"PRESIDENTE MEDICI";"Ultrapassagem Indevida";"Colisão frontal";"Com Vítimas Fatais";"Pleno dia";"Crescente";"Céu Claro";"Simples";"Reta";"Não";4;1;0;1;1;3;1;5;-11,14005669;-61,90133929;"SPRF-RO";"DEL02-RO";"UOP01-DEL02-RO"
305902;2020-09-05;"sábado";"13:25:00";"MS";163;403,9;"NOVA ALVORADA DO SUL";"Falta de Atenção à Condução";"Saída de leito carroçável";"Com Vítimas Feridas";"Pleno dia";"Decrescente";"Céu Claro";"Simples";"Reta";"Não";3;0;1;0;1;2;1;3;-21,14128092;-54,4775677;"SPRF-MS";"DEL02-MS";"UOP01-DEL02-MS"
305904;2020-09-05;"sábado";"11:15:00";"GO";40;2;"VALPARAISO DE GOIAS";"Não guardar distância de segurança";"Colisão traseira";"Sem Vítimas";"Pleno dia";"Crescente";"Céu Claro";"Dupla";"Reta";"Sim";4;0;0;0;3;2;0;5;-16,067129;-47,984235;"SPRF-DF";"DEL01-DF";"UOP01-DEL01-DF"