"id";"data_inversa";"dia_semana";"horario";"uf";"br";"km";"municipio";"causa_acidente";"tipo_acidente";"classificacao_acidente";"fase_dia";"sentido_via";"condicao_metereologica";"tipo_pista";"tracado_via";"uso_solo";"pessoas";"mortos";"feridos_leves";"feridos_graves";"ilesos";"ignorados";"feridos";"veiculos";"latitude";"longitude";"regional";"delegacia";"uop"
306383;2020-09-07;"segunda-feira";"13:00:00";"SC";470;98,1;"APIUNA";"Falta de Atenção à Condução";"Colisão com objeto estático";"Sem Vítimas";"Pleno dia";"Crescente";"Chuva";"Simples";"Reta";"Sim";2;0;0;0;1;1;0;2;-27,032537;-49,385468;"SPRF-SC";"DEL04-SC";"UOP01-DEL04-SC"
306390;2020-09-07;"segunda-feira";"12:00:00";"RN";405;23;"MOSSORO";"Desobediência às normas de trânsito pelo condutor";"Capotamento";"Com Vítimas Feridas";"Pleno dia";"Decrescente";"Céu Claro";"Simples";"Reta";"Não";6;0;4;1;0;1;5;2;-5,26235088;-37,53215317;"SPRF-RN";"DEL04-RN";"UOP02-DEL04-RN"
306391;2020-09-07;"segunda-feira";"14:00:00";"SC";101;233,8;"PALHOCA";"Falta de Atenção à Condução";"Colisão traseira";"Sem Vítimas";"Pleno dia";"Crescente";"Chuva";"Dupla";"Curva";"Não";2;0;0;0;2;0;0;2;-27,80376397;-48,63826211;"SPRF-SC";"DEL01-SC";"UOP02-DEL01-SC"
306392;2020-09-07;"segunda-feira";"14:30:00";"MG";251;438,2;"GRAO MOGOL";"Velocidade Incompatível";"Tombamento";"Com Vítimas Feridas";"Pleno dia";"Decrescente";"Sol";"Simples";"Reta";"Não";2;0;1;0;0;1;1;2;-16,31331281;-43,11275323;"SPRF-MG";"DEL12-MG";"UOP01-DEL12-MG"
306405;2020-09-07;"segunda-feira";"15:45:00";"MG";381;337;"NOVA ERA";"Falta de Atenção à Condução";"Colisão traseira";"Com Vítimas Feridas";"Pleno dia";"Decrescente";"Céu Claro";"Dupla";"Curva";"Não";2;0;1;0;1;0;1;2;-19,82388218;-43,08235792;"SPRF-MG";"DEL03-MG";"UOP01-DEL03-MG"
306412;2020-09-07;"segunda-feira";"15:50:00";"RS";285;563,9;"SAO LUIZ GONZAGA";"Desobediência às normas de trânsito pelo condutor";"Colisão transversal";"Com Vítimas Feridas";"Pleno dia";"Crescente";"Nublado";"Simples";"Interseção de Vias";"Sim";7;0;1;0;5;1;1;3;-28,41711524;-54,93801534;"SPRF-RS";"DEL10-RS";"UOP01-DEL10-RS"
306424;2020-09-07;"segunda-feira";"15:40:00";"BA";101;169,7;"FEIRA DE SANTANA";"Falta de Atenção à Condução";"Colisão frontal";"Com Vítimas Feridas";"Pleno dia";"Crescente";"Garoa/Chuvisco";"Simples";"Reta";"Não";3;0;3;0;0;0;3;2;-12,35430261;-38,85258716;"SPRF-BA";"DEL01-BA";"UOP03-DEL01-BA"
306425;2020-09-07;"segunda-feira";"16:00:00";"MG";153;23,3;"CENTRALINA";"Velocidade Incompatível";"Saída de leito carroçável";"Sem Vítimas";"Pleno dia";"Decrescente";"Sol";"Dupla";"Curva;Declive";"Não";2;0;0;0;1;1;0;2;-18,62303102;-49,18751103;"SPRF-MG";"DEL15-MG";"UOP03-DEL15-MG"
306426;2020-09-07;"segunda-feira";"16:15:00";"GO";60;251,4;"INDIARA";"Não guardar distância de segurança";"Colisão traseira";"Sem Vítimas";"Pleno dia";"Decrescente";"Céu Claro";"Múltipla";"Reta";"Sim";3;0;0;0;2;2;0;4;-17,13595125;-49,98855472;"SPRF-GO";"DEL01-GO";"UOP02-DEL01-GO"
306428;2020-09-07;"segunda-feira";"16:45:00";"RS";158;155,5;"PANAMBI";"Desobediência às normas de trânsito pelo condutor";"Colisão transversal";"Sem Vítimas";"Pleno dia";"Decrescente";"Chuva";"Simples";"Interseção de Vias";"Não";2;0;0;0;1;1;0;2;-28,31804718;-53,4953949;"SPRF-RS";"DEL10-RS";"UOP02-DEL10-RS"
306444;2020-09-07;"segunda-feira";"16:00:00";"BA";116;678;"JEQUIE";"Falta de Atenção à Condução";"Saída de leito carroçável";"Sem Vítimas";"Pleno dia";"Decrescente";"Chuva";"Simples";"Reta";"Não";1;0;0;0;1;0;0;1;-13,88465261;-40,13855349;"SPRF-BA";"DEL03-BA";"UOP01-DEL03-BA"
306448;2020-09-07;"segunda-feira";"15:00:00";"PR";153;136;"VENTANIA";"Defeito Mecânico no Veículo";"Tombamento";"Sem Vítimas";"Pleno dia";"Crescente";"Céu Claro";"Simples";"Curva";"Não";1;0;0;0;1;0;0;1;-24,04805819;-50,24742694;"SPRF-PR";"DEL07-PR";"UOP04-DEL07-PR"
306449;2020-09-07;"segunda-feira";"17:45:00";"MS";163;457,5;"CAMPO GRANDE";"Desobediência às normas de trânsito pelo condutor";"Colisão transversal";"Com Vítimas Fatais";"Plena Noite";"Decrescente";"Céu Claro";"Simples";"Reta";"Não";2;1;0;0;1;0;0;2;-20,66403994;-54,5606768;"SPRF-MS";"DEL01-MS";"UOP01-DEL01-MS"
306457;2020-09-07;"segunda-feira";"19:00:00";"PR";277;135;"BALSA NOVA";"Falta de Atenção à Condução";"Colisão traseira";"Sem Vítimas";"Plena Noite";"Decrescente";"Céu Claro";"Dupla";"Reta";"Não";4;0;0;0;3;1;0;4;-25,47519739;-49,70733047;"SPRF-PR";"DEL01-PR";"UOP03-DEL03-PR"
306479;2020-09-07;"segunda-feira";"17:05:00";"RJ";101;216,8;"SILVA JARDIM";"Desobediência às normas de trânsito pelo condutor";"Colisão frontal";"Com Vítimas Fatais";"Anoitecer";"Decrescente";"Céu Claro";"Simples";"Curva";"Não";7;2;1;0;4;0;1;4;-22,50769291;-42,29165293;"SPRF-RJ";"DEL02-RJ";"UOP03-DEL02-RJ"
306490;2020-09-07;"segunda-feira";"20:10:00";"MG";40;757,9;"EWBANK DA CAMARA";"Desobediência às normas de trânsito pelo condutor";"Colisão lateral";"Sem Vítimas";"Plena Noite";"Crescente";"Céu Claro";"Simples";"Curva";"Não";2;0;0;0;2;0;0;2;-21,50323045;-43,53179519;"SPRF-MG";"DEL05-MG";"UOP01-DEL05-MG"
306500;2020-09-07;"segunda-feira";"04:45:00";"BA";20;55;"CORRENTINA";"Falta de Atenção à Condução";"Colisão frontal";"Com Vítimas Feridas";"Amanhecer";"Decrescente";"Céu Claro";"Simples";"Reta";"Não";4;0;1;0;2;2;1;5;-13,41308911;-46,08304113;"SPRF-BA";"DEL10-BA";"UOP01-DEL10-BA"
306511;2020-09-07;"segunda-feira";"11:25:00";"SC";282;517,8;"XAXIM";"Velocidade Incompatível";"Tombamento";"Com Vítimas Feridas";"Pleno dia";"Crescente";"Chuva";"Simples";"Interseção de Vias";"Sim";2;0;1;0;0;2;1;3;-26,94163175;-52,50423074;"SPRF-SC";"DEL07-SC";"UOP01-DEL07-SC"
306521;2020-09-07;"segunda-feira";"18:05:00";"PR";476;285;"SAO MATEUS DO SUL";"Defeito Mecânico no Veículo";"Colisão lateral";"Com Vítimas Feridas";"Anoitecer";"Crescente";"Nublado";"Simples";"Reta";"Sim";2;0;1;0;1;0;1;2;-25,907349;-50,444057;"SPRF-PR";"DEL02-PR";"UOP04-DEL02-PR"
306527;2020-09-07;"segunda-feira";"23:20:00";"MG";381;516,1;"IGARAPE";"Desobediência às normas de trânsito pelo condutor";"Colisão traseira";"Com Vítimas Feridas";"Plena Noite";"Decrescente";"Céu Claro";"Dupla";"Declive;Curva";"Não";3;0;0;1;1;2;1;4;-20,10866993;-44,31488799;"SPRF-MG";"DEL01-MG";"UOP03-DEL01-MG"
306533;2020-09-07;"segunda-feira";"16:00:00";"BA";101;666;"ITAPEBI";"Carga excessiva e/ou mal acondicionada";"Tombamento";"Com Vítimas Feridas";"Pleno dia";"Decrescente";"Céu Claro";"Simples";"Curva";"Não";2;0;0;1;0;1;1;2;-16,04713324;-39,6149826;"SPRF-BA";"DEL09-BA";"UOP01-DEL09-BA"
306537;2020-09-08;"terça-feira";"00:10:00";"PI";135;402;"REDENCAO DO GURGUEIA";"Defeito na Via";"Saída de leito carroçável";"Com Vítimas Feridas";"Plena Noite";"Decrescente";"Céu Claro";"Simples";"Curva";"Não";2;0;0;1;1;0;1;1;-9,41933606;-44,59887126;"SPRF-PI";"DEL03-PI";"UOP02-DEL03-PI"
306544;2020-09-08;"terça-feira";"00:37:00";"BA";101;864,3;"TEIXEIRA DE FREITAS";"Falta de Atenção à Condução";"Colisão frontal";"Com Vítimas Fatais";"Plena Noite";"Decrescente";"Céu Claro";"Simples";"Aclive";"Não";2;1;0;0;1;0;0;2;-17,41321853;-39,67918396;"SPRF-BA";"DEL09-BA";"UOP02-DEL09-BA"
306549;2020-09-08;"terça-feira";"00:50:00";"MG";381;664;"SANTO ANTONIO DO AMPARO";"Condutor Dormindo";"Colisão traseira";"Com Vítimas Feridas";"Plena Noite";"Decrescente";"Céu Claro";"Dupla";"Reta";"Não";3;0;1;0;1;1;1;3;-21,05337253;-45,02126711;"SPRF-MG";"DEL04-MG";"UOP02-DEL04-MG"
306553;2020-09-08;"terça-feira";"04:30:00";"ES";262;151;"IBATIBA";"Defeito Mecânico no Veículo";"Tombamento";"Com Vítimas Feridas";"Amanhecer";"Crescente";"Céu Claro";"Simples";"Curva";"Não";2;0;2;0;0;0;2;1;-20,2148829;-41,44925529;"SPRF-ES";"DEL01-ES";"UOP02-DEL01-ES"
306554;2020-09-08;"terça-feira";"05:10:00";"MG";381;439;"SANTA LUZIA";"Condutor Dormindo";"Colisão frontal";"Com Vítimas Feridas";"Amanhecer";"Decrescente";"Céu Claro";"Simples";"Reta";"Não";3;0;1;1;0;1;2;3;-19,80927691;-43,78706001;"SPRF-MG";"DEL01-MG";"UOP01-DEL01-MG"
306559;2020-09-08;"terça-feira";"05:55:00";"ES";262;134,1;"BREJETUBA";"Defeito Mecânico no Veículo";"Tombamento";"Sem Vítimas";"Amanhecer";"Crescente";"Céu Claro";"Simples";"Curva";"Não";2;0;0;0;1;1;0;2;-20,24029105;-41,32539293;"SPRF-ES";"DEL01-ES";"UOP02-DEL01-ES"
306568;2020-09-08;"terça-feira";"04:20:00";"SP";116;361,8;"MIRACATU";"Defeito Mecânico no Veículo";"Incêndio";"Sem Vítimas";"Plena Noite";"Decrescente";"Céu Claro";"Dupla";"Curva;Aclive";"Não";2;0;0;0;1;1;0;2;-24,12121854;-47,26927757;"SPRF-SP";"DEL04-SP";"UOP02-DEL04-SP"
306571;2020-09-08;"terça-feira";"02:25:00";"RO";364;315;"PRESIDENTE MEDICI";"Defeito Mecânico no Veículo";"Tombamento";"Sem Vítimas";"Plena Noite";"Crescente";"Céu Claro";"Simples";"Reta";"Não";2;0;0;0;1;1;0;2;-11,10935386;-61,90211266;"SPRF-RO";"DEL02-RO";"UOP01-DEL02-RO"
306576;2020-09-08;"terça-feira";"07:00:00";"PR";116;65;"CAMPINA GRANDE DO SUL";"Ingestão de Álcool";"Colisão lateral";"Sem Vítimas";"Pleno dia";"Crescente";"Nublado";"Dupla";"Curva";"Não";4;0;0;0;3;1;0;3;-25,31031746;-49,00207969;"SPRF-PR";"DEL01-PR";"UOP02-DEL01-PR"
306579;2020-09-08;"terça-feira";"06:00:00";"MG";381;929;"ITAPEVA";"Falta de Atenção à Condução";"Saída de leito carroçável";"Com Vítimas Feridas";"Pleno dia";"Crescente";"Céu Claro";"Dupla";"Curva";"Não";1;0;1;0;0;0;1;1;-22,77492259;-46,2388752;"SPRF-MG";"DEL16-MG";"UOP03-DEL16-MG"
306580;2020-09-08;"terça-feira";"06:40:00";"PE";408;29,8;"ALIANCA";"Ultrapassagem Indevida";"Colisão frontal";"Com Vítimas Fatais";"Pleno dia";"Crescente";"Céu Claro";"Simples";"Declive;Reta";"Não";2;1;1;0;0;0;1;2;-7,5940327;-35,24470263;"SPRF-PE";"DEL01-PE";"UOP01-DEL01-PE"
306585;2020-09-08;"terça-feira";"07:15:00";"RS";392;256,5;"CACAPAVA DO SUL";"Falta de Atenção à Condução";"Colisão lateral";"Com Vítimas Feridas";"Pleno dia";"Crescente";"Garoa/Chuvisco";"Simples";"Curva;Declive";"Não";4;0;1;0;2;1;1;4;-30,50863104;-53,46943104;"SPRF-RS";"DEL09-RS";"UOP02-DEL09-RS"
306587;2020-04-24;"sexta-feira";"14:20:00";"BA";242;583,5;"IBOTIRAMA";"Ingestão de Substâncias Psicoativas";"Colisão frontal";"Com Vítimas Feridas";"Pleno dia";"Crescente";"Sol";"Simples";"Reta";"Sim";6;0;2;0;3;2;2;4;-12,17494925;-43,20886742;"SPRF-BA";"DEL06-BA";"UOP03-DEL06-BA"
306589;2020-09-08;"terça-feira";"07:40:00";"SC";101;233,5;"PALHOCA";"Pista Escorregadia";"Atropelamento de Pedestre";"Com Vítimas Feridas";"Pleno dia";"Crescente";"Chuva";"Dupla";"Curva";"Não";2;0;1;0;1;0;1;2;-27,80376397;-48,63826211;"SPRF-SC";"DEL01-SC";"UOP02-DEL01-SC"
306591;2020-09-08;"terça-feira";"07:00:00";"BA";324;617;"SALVADOR";"Falta de Atenção à Condução";"Colisão traseira";"Com Vítimas Feridas";"Pleno dia";"Decrescente";"Céu Claro";"Dupla";"Reta";"Sim";2;0;1;0;1;0;1;2;-12,8860325;-38,43806469;"SPRF-BA";"DEL01-BA";"UOP01-DEL01-BA"
306597;2020-09-08;"terça-feira";"07:30:00";"SP";116;289;"ITAPECERICA DA SERRA";"Velocidade Incompatível";"Colisão com objeto estático";"Sem Vítimas";"Pleno dia";"Decrescente";"Céu Claro";"Dupla";"Declive";"Sim";2;0;0;0;1;1;0;2;-23,71507138;-46,87964916;"SPRF-SP";"DEL04-SP";"UOP01-DEL04-SP"
306604;2020-09-08;"terça-feira";"07:50:00";"MT";163;834;"SINOP";"Falta de Atenção à Condução";"Colisão traseira";"Sem Vítimas";"Pleno dia";"Crescente";"Céu Claro";"Dupla";"Reta";"Sim";3;0;0;0;3;0;0;2;-11,86708367;-55,49674099;"SPRF-MT";"DEL06-MT";"UOP01-DEL06-MT"
306606;2020-09-08;"terça-feira";"08:10:00";"SC";470;114,5;"IBIRAMA";"Falta de Atenção à Condução";"Colisão transversal";"Com Vítimas Feridas";"Pleno dia";"Crescente";"Nublado";"Simples";"Reta";"Não";3;0;2;0;1;0;2;2;-27,086386;-49,478001;"SPRF-SC";"DEL04-SC";"UOP02-DEL04-SC"
306607;2020-09-08;"terça-feira";"09:30:00";"TO";153;567;"FATIMA";"Não guardar distância de segurança";"Colisão lateral";"Com Vítimas Feridas";"Pleno dia";"Decrescente";"Céu Claro";"Simples";"Declive";"Não";6;0;2;0;3;1;2;4;-10,80173602;-48,90256966;"SPRF-TO";"DEL01-TO";"UOP01-DEL01-TO"
306610;2020-09-08;"terça-feira";"10:00:00";"PB";230;19;"JOAO PESSOA";"Defeito Mecânico no Veículo";"Colisão traseira";"Com Vítimas Feridas";"Pleno dia";"Decrescente";"Sol";"Dupla";"Curva";"Sim";3;0;1;0;2;0;1;3;-7,1281;-34,8466;"SPRF-PB";"DEL01-PB";"UOP01-DEL01-PB"
306612;2020-09-08;"terça-feira";"08:10:00";"MG";50;29,8;"ARAGUARI";"Desobediência às normas de trânsito pelo condutor";"Saída de leito carroçável";"Com Vítimas Feridas";"Pleno dia";"Decrescente";"Sol";"Dupla";"Declive";"Não";2;0;1;0;0;1;1;2;-18,62034416;-48,11087208;"SPRF-MG";"DEL15-MG";"UOP02-DEL15-MG"
306617;2020-09-08;"terça-feira";"11:30:00";"PR";277;1,5;"PARANAGUA";"Não guardar distância de segurança";"Colisão traseira";"Sem Vítimas";"Pleno dia";"Decrescente";"Nublado";"Simples";"Reta";"Sim";2;0;0;0;0;2;0;2;-25,52874069;-48,54758352;"SPRF-PR";"DEL01-PR";"UOP05-DEL01-PR"
306620;2020-09-08;"terça-feira";"11:00:00";"PB";101;85;"JOAO PESSOA";"Falta de Atenção à Condução";"Colisão lateral";"Com Vítimas Feridas";"Pleno dia";"Crescente";"Céu Claro";"Dupla";"Aclive;Reta";"Sim";2;0;1;0;1;0;1;2;-7,14513687;-34,91544557;"SPRF-PB";"DEL01-PB";"UOP01-DEL01-PB"
306623;2020-09-08;"terça-feira";"10:30:00";"MG";267;256,4;"SERITINGA";"Falta de Atenção à Condução";"Colisão com objeto estático";"Com Vítimas Feridas";"Pleno dia";"Crescente";"Sol";"Simples";"Curva";"Não";2;0;1;0;0;1;1;2;-21,93027329;-44,53042005;"SPRF-MG";"DEL17-MG";"UOP01-DEL17-MG"
306632;2020-09-08;"terça-feira";"12:30:00";"MG";40;515;"RIBEIRAO DAS NEVES";"Não guardar distância de segurança";"Engavetamento";"Com Vítimas Feridas";"Pleno dia";"Decrescente";"Céu Claro";"Dupla";"Reta";"Não";7;0;3;0;3;1;3;4;-19,8090079;-44,09493479;"SPRF-MG";"DEL01-MG";"UOP02-DEL01-MG"
306634;2020-09-08;"terça-feira";"10:30:00";"RJ";116;218;"PARACAMBI";"Falta de Atenção à Condução";"Tombamento";"Sem Vítimas";"Pleno dia";"Decrescente";"Céu Claro";"Dupla";"Curva";"Não";2;0;0;0;1;1;0;2;-22,69095572;-43,80651159;"SPRF-RJ";"DEL01-RJ";"UOP03-DEL01-RJ"
306637;2020-09-08;"terça-feira";"13:30:00";"MG";267;69,4;"BICAS";"Falta de Atenção à Condução";"Colisão frontal";"Com Vítimas Fatais";"Pleno dia";"Crescente";"Céu Claro";"Simples";"Reta";"Não";4;1;2;1;0;0;3;2;-21,74049134;-43,12442981;"SPRF-MG";"DEL05-MG";"UOP01-DEL05-MG"
306638;2020-09-08;"terça-feira";"12:35:00";"PR";376;226,1;"CAMBIRA";"Falta de Atenção à Condução";"Colisão traseira";"Com Vítimas Fatais";"Pleno dia";"Crescente";"Sol";"Dupla";"Aclive";"Não";3;1;0;0;1;1;0;3;-23,57667294;-51,55279908;"SPRF-PR";"DEL07-PR";"UOP03-DEL07-PR"
306646;2020-09-08;"terça-feira";"15:10:00";"ES";101;316,3;"VILA VELHA";"Falta de Atenção à Condução";"Colisão lateral";"Com Vítimas Feridas";"Pleno dia";"Crescente";"Céu Claro";"Dupla";"Reta;Declive";"Não";3;0;1;0;2;0;1;3;-20,47804112;-40,47130769;"SPRF-ES";"DEL01-ES";"UOP01-DEL01-ES"
306648;2020-08-15;"sábado";"09:45:00";"MT";364;534;"ROSARIO OESTE";"Falta de Atenção à Condução";"Colisão lateral";"Com Vítimas Feridas";"Pleno dia";"Crescente";"Céu Claro";"Simples";"Reta";"Não";3;0;1;0;1;2;1;4;-14,96960698;-56,51566704;"SPRF-MT";"DEL01-MT";"UOP01-DEL01-MT"
306649;2020-09-08;"terça-feira";"12:30:00";"SP";262;319,1;"CASTILHO";"Falta de Atenção à Condução";"Tombamento";"Sem Vítimas";"Pleno dia";"Decrescente";"Céu Claro";"Simples";"Curva";"Não";2;0;0;0;1;1;0;2;-20,78051983;-51,59513524;"SPRF-MS";"DEL07-MS";"UOP01-DEL07-MS"
306656;2020-09-08;"terça-feira";"14:40:00";"MG";381;403;"BOM JESUS DO AMPARO";"Falta de Atenção à Condução";"Colisão traseira";"Com Vítimas Fatais";"Pleno dia";"Decrescente";"Céu Claro";"Simples";"Desvio Temporário";"Não";10;1;2;1;5;1;3;8;-19,75137942;-43,53638096;"SPRF-MG";"DEL01-MG";"UOP01-DEL01-MG"
306658;2020-09-08;"terça-feira";"15:50:00";"MG";381;344;"BELA VISTA DE MINAS";"Velocidade Incompatível";"Saída de leito carroçável";"Com Vítimas Feridas";"Pleno dia";"Crescente";"Sol";"Simples";"Em Obras";"Não";2;0;1;0;0;3;1;4;-19,85986781;-43,11280984;"SPRF-MG";"DEL03-MG";"UOP01-DEL03-MG"
306659;2020-09-08;"terça-feira";"15:46:00";"SC";101;117;"ITAJAI";"Falta de Atenção à Condução";"Colisão com objeto estático";"Com Vítimas Feridas";"Pleno dia";"Decrescente";"Chuva";"Dupla";"Viaduto";"Sim";2;0;1;0;0;1;1;2;-26,88747187;-48,72252969;"SPRF-SC";"DEL04-SC";"UOP04-DEL04-SC"
306667;2020-09-08;"terça-feira";"16:10:00";"MS";163;325,8;"RIO BRILHANTE";"Defeito Mecânico no Veículo";"Queda de ocupante de veículo";"Com Vítimas Fatais";"Pleno dia";"Crescente";"Céu Claro";"Simples";"Reta";"Não";5;1;0;0;4;0;0;1;-21,7677979;-54,5243673;"SPRF-MS";"DEL02-MS";"UOP02-DEL02-MS"
306671;2020-09-08;"terça-feira";"16:30:00";"MS";158;84;"PARANAIBA";"Não guardar distância de segurança";"Colisão lateral";"Sem Vítimas";"Pleno dia";"Crescente";"Céu Claro";"Simples";"Reta";"Não";7;0;0;0;6;4;0;7;-19,59489086;-51,22144281;"SPRF-MS";"DEL08-MS";"UOP01-DEL08-MS"
306673;2020-09-08;"terça-feira";"17:35:00";"CE";116;17;"EUSEBIO";"Não guardar distância de segurança";"Colisão lateral";"Com Vítimas Feridas";"Anoitecer";"Decrescente";"Céu Claro";"Dupla";"Aclive";"Sim";4;0;1;0;1;2;1;4;-3,89617918;-38,50336042;"SPRF-CE";"DEL01-CE";"UOP02-DEL01-CE"
306674;2020-09-08;"terça-feira";"14:28:00";"PR";369;195;"ARAPONGAS";"Desobediência às normas de trânsito pelo condutor";"Colisão traseira";"Com Vítimas Feridas";"Pleno dia";"Crescente";"Céu Claro";"Dupla";"Reta";"Sim";5;0;1;0;4;0;1;3;-23,49650196;-51,42342618;"SPRF-PR";"DEL07-PR";"UOP03-DEL07-PR"
306676;2020-09-08;"terça-feira";"17:00:00";"CE";116;202,4;"TABULEIRO DO NORTE";"Defeito Mecânico no Veículo";"Colisão com objeto estático";"Com Vítimas Feridas";"Pleno dia";"Crescente";"Céu Claro";"Simples";"Declive";"Não";1;0;1;0;0;0;1;1;-5,1891187;-38,20408033;"SPRF-CE";"DEL03-CE";"UOP01-DEL03-CE"
306678;2020-09-08;"terça-feira";"15:40:00";"CE";226;230;"PEDRA BRANCA";"Falta de Atenção à Condução";"Danos eventuais";"Com Vítimas Feridas";"Pleno dia";"Crescente";"Sol";"Simples";"Reta";"Não";2;0;1;0;0;1;1;2;-5,44879605;-39,79761396;"SPRF-CE";"DEL02-CE";"UOP02-DEL02-CE"
306680;2020-09-08;"terça-feira";"17:40:00";"BA";116;183;"CANUDOS";"Ingestão de Álcool";"Colisão lateral";"Com Vítimas Feridas";"Anoitecer";"Crescente";"Céu Claro";"Simples";"Reta";"Não";2;0;1;0;0;1;1;2;-10,23966291;-39,08593564;"SPRF-BA";"DEL07-BA";"UOP02-DEL07-BA"
306683;2020-09-08;"terça-feira";"18:35:00";"MG";40;777,4;"JUIZ DE FORA";"Falta de Atenção à Condução";"Colisão traseira";"Com Vítimas Feridas";"Plena Noite";"Decrescente";"Céu Claro";"Dupla";"Reta";"Não";3;0;1;0;1;1;1;3;-21,65915396;-43,43351652;"SPRF-MG";"DEL05-MG";"UOP01-DEL05-MG"
306686;2020-03-16;"segunda-feira";"03:30:00";"SC";101;191,3;"BIGUACU";"Falta de Atenção do Pedestre";"Atropelamento de Pedestre";"Com Vítimas Fatais";"Plena Noite";"Decrescente";"Céu Claro";"Dupla";"Reta";"Não";2;1;1;0;0;0;1;2;-27,47730273;-48,64127329;"SPRF-SC";"DEL01-SC";"UOP01-DEL01-SC"
306692;2020-09-08;"terça-feira";"18:30:00";"PE";423;101,5;"GARANHUNS";"Defeito Mecânico no Veículo";"Colisão lateral";"Com Vítimas Feridas";"Plena Noite";"Crescente";"Céu Claro";"Simples";"Reta";"Não";2;0;1;0;1;0;1;2;-8,874693;-36,529876;"SPRF-PE";"DEL03-PE";"UOP01-DEL03-PE"
306699;2020-09-08;"terça-feira";"11:45:00";"SC";282;509,1;"XANXERE";"Ultrapassagem Indevida";"Saída de leito carroçável";"Sem Vítimas";"Pleno dia";"Decrescente";"Nublado";"Simples";"Reta";"Não";1;0;0;0;1;0;0;1;-26,890533;-52,457096;"SPRF-SC";"DEL07-SC";"UOP01-DEL07-SC"
306701;2020-09-04;"sexta-feira";"13:40:00";"MG";40;453,8;"CAETANOPOLIS";"Defeito Mecânico no Veículo";"Incêndio";"Sem Vítimas";"Pleno dia";"Crescente";"Céu Claro";"Dupla";"Reta";"Sim";1;0;0;0;1;0;0;1;-19,34189163;-44,35667832;"SPRF-MG";"DEL02-MG";"UOP01-DEL02-MG"
306702;2020-09-08;"terça-feira";"19:40:00";"RJ";116;272,8;"BARRA MANSA";"Desobediência às normas de trânsito pelo condutor";"Colisão lateral";"Com Vítimas Feridas";"Plena Noite";"Crescente";"Céu Claro";"Simples";"Curva;Viaduto;Declive";"Sim";4;0;2;0;1;1;2;3;-22,55606865;-44,13021704;"SPRF-RJ";"DEL07-RJ";"UOP02-DEL07-RJ"
306703;2020-09-08;"terça-feira";"16:30:00";"PR";153;110,1;"IBAITI";"Falta de Atenção à Condução";"Colisão lateral";"Com Vítimas Feridas";"Pleno dia";"Crescente";"Céu Claro";"Simples";"Curva";"Sim";3;0;2;0;1;0;2;2;-23,85522753;-50,19309573;"SPRF-PR";"DEL07-PR";"UOP04-DEL07-PR"
306705;2020-09-08;"terça-feira";"20:45:00";"RJ";40;114;"DUQUE DE CAXIAS";"Não guardar distância de segurança";"Colisão traseira";"Com Vítimas Feridas";"Plena Noite";"Crescente";"Céu Claro";"Múltipla";"Reta";"Sim";2;0;1;0;0;1;1;2;-22,71853604;-43,28993324;"SPRF-RJ";"DEL01-RJ";"UOP01-DEL01-RJ"
306708;2020-09-08;"terça-feira";"21:10:00";"ES";262;184,8;"IUNA";"Falta de Atenção à Condução";"Colisão transversal";"Com Vítimas Feridas";"Plena Noite";"Decrescente";"Céu Claro";"Simples";"Reta";"Não";3;0;1;1;1;0;2;2;-20,29979507;-41,70903683;"SPRF-ES";"DEL01-ES";"UOP02-DEL01-ES"
306721;2020-09-08;"terça-feira";"21:00:00";"RJ";40;51;"PETROPOLIS";"Falta de Atenção à Condução";"Colisão traseira";"Com Vítimas Feridas";"Plena Noite";"Crescente";"Céu Claro";"Dupla";"Curva";"Não";2;0;1;0;1;0;1;2;-22,32705315;-43,13253559;"SPRF-RJ";"DEL05-RJ";"UOP02-DEL05-RJ"
306723;2020-09-08;"terça-feira";"23:20:00";"SP";116;63,6;"GUARATINGUETA";"Falta de Atenção à Condução";"Colisão traseira";"Com Vítimas Feridas";"Plena Noite";"Crescente";"Céu Claro";"Dupla";"Reta";"Não";3;0;1;0;1;1;1;3;-22,81269631;-45,1780086;"SPRF-SP";"DEL08-SP";"UOP01-DEL08-SP"
306724;2020-09-08;"terça-feira";"21:35:00";"PA";230;61,3;"SAO DOMINGOS DO ARAGUAIA";"Defeito Mecânico no Veículo";"Incêndio";"Sem Vítimas";"Plena Noite";"Crescente";"Céu Claro";"Simples";"Reta";"Não";2;0;0;0;1;1;0;2;-5,53974481;-48,64338197;"SPRF-PA";"DEL03-PA";"UOP01-DEL03-PA"
306725;2020-09-08;"terça-feira";"21:00:00";"BA";101;817;"VEREDA";"Desobediência às normas de trânsito pelo condutor";"Saída de leito carroçável";"Com Vítimas Feridas";"Plena Noite";"Crescente";"Nublado";"Simples";"Curva";"Não";1;0;1;0;0;0;1;1;-17,25428798;-39,63099022;"SPRF-BA";"DEL09-BA";"UOP02-DEL09-BA"
306726;2020-09-09;"quarta-feira";"00:22:00";"PR";277;7,7;"PARANAGUA";"Falta de Atenção à Condução";"Colisão traseira";"Com Vítimas Fatais";"Plena Noite";"Crescente";"Nublado";"Dupla";"Aclive;Reta";"Não";2;1;0;0;0;1;0;2;-25,568198;-48,615292;"SPRF-PR";"DEL01-PR";"UOP05-DEL01-PR"