"id";"data_inversa";"dia_semana";"horario";"uf";"br";"km";"municipio";"causa_acidente";"tipo_acidente";"classificacao_acidente";"fase_dia";"sentido_via";"condicao_metereologica";"tipo_pista";"tracado_via";"uso_solo";"pessoas";"mortos";"feridos_leves";"feridos_graves";"ilesos";"ignorados";"feridos";"veiculos";"latitude";"longitude";"regional";"delegacia";"uop"
307229;2020-09-11;"sexta-feira";"11:50:00";"BA";116;909;"CANDIDO SALES";"Falta de Atenção à Condução";"Colisão lateral";"Sem Vítimas";"Pleno dia";"Decrescente";"Céu Claro";"Simples";"Aclive";"Sim";3;0;0;0;2;2;0;4;-15,42964301;-41,21952898;"SPRF-BA";"DEL08-BA";"UOP03-DEL08-BA"
307230;2020-09-11;"sexta-feira";"11:40:00";"BA";116;604,5;"IRAJUBA";"Carga excessiva e/ou mal acondicionada";"Derramamento de carga";"Sem Vítimas";"Pleno dia";"Crescente";"Céu Claro";"Simples";"Curva";"Não";2;0;0;0;1;1;0;2;-13,23346504;-40,01732582;"SPRF-BA";"DEL03-BA";"UOP01-DEL03-BA"
307250;2020-09-11;"sexta-feira";"18:30:00";"GO";20;49;"FORMOSA";"Mal Súbito";"Tombamento";"Com Vítimas Feridas";"Anoitecer";"Crescente";"Céu Claro";"Simples";"Reta";"Não";2;0;1;0;0;2;1;3;-15,33605;-47,125084;"SPRF-DF";"DEL02-DF";"UOP01-DEL02-DF"
307254;2020-09-11;"sexta-feira";"16:15:00";"RO";174;7;"VILHENA";"Velocidade Incompatível";"Tombamento";"Sem Vítimas";"Pleno dia";"Crescente";"Céu Claro";"Dupla";"Rotatória";"Sim";2;0;0;0;1;2;0;3;-12,77528271;-60,09343457;"SPRF-RO";"DEL04-RO";"UOP01-DEL04-RO"
307257;2020-09-11;"sexta-feira";"12:55:00";"RJ";393;274;"BARRA DO PIRAI";"Velocidade Incompatível";"Colisão lateral";"Com Vítimas Fatais";"Pleno dia";"Decrescente";"Céu Claro";"Simples";"Curva";"Não";4;2;0;0;1;2;0;5;-22,48328327;-43,96042792;"SPRF-RJ";"DEL05-RJ";"UOP04-DEL05-RJ"
307260;2020-09-11;"sexta-feira";"18:35:00";"PI";230;303;"FLORIANO";"Desobediência às normas de trânsito pelo condutor";"Colisão transversal";"Com Vítimas Feridas";"Plena Noite";"Crescente";"Céu Claro";"Simples";"Reta";"Não";2;0;0;1;1;0;1;2;-6,80739287;-42,96341596;"SPRF-PI";"DEL03-PI";"UOP01-DEL03-PI"
307262;2020-09-11;"sexta-feira";"19:25:00";"RJ";116;318;"ITATIAIA";"Condutor Dormindo";"Colisão traseira";"Com Vítimas Feridas";"Plena Noite";"Crescente";"Céu Claro";"Múltipla";"Reta";"Não";2;0;0;1;1;0;1;2;-22,46797868;-44,51030403;"SPRF-RJ";"DEL07-RJ";"UOP02-DEL07-RJ"
307270;2020-09-11;"sexta-feira";"19:45:00";"CE";20;259;"ITATIRA";"Defeito na Via";"Tombamento";"Sem Vítimas";"Plena Noite";"Decrescente";"Céu Claro";"Simples";"Reta";"Não";2;0;0;0;1;1;0;2;-4,71986089;-39,46525431;"SPRF-CE";"DEL02-CE";"UOP01-DEL02-CE"
307273;2020-09-11;"sexta-feira";"14:25:00";"MA";222;371,5;"PINDARE-MIRIM";"Falta de Atenção à Condução";"Colisão frontal";"Com Vítimas Feridas";"Pleno dia";"Decrescente";"Sol";"Simples";"Reta";"Não";3;0;0;1;1;2;1;4;-3,73626586;-45,43269621;"SPRF-MA";"DEL02-MA";"UOP01-DEL02-MA"
307278;2020-09-11;"sexta-feira";"15:00:00";"GO";153;290,2;"RIALMA";"Ultrapassagem Indevida";"Colisão frontal";"Com Vítimas Feridas";"Pleno dia";"Decrescente";"Céu Claro";"Simples";"Reta;Aclive";"Não";3;0;0;1;1;1;1;3;-15,22125918;-49,55205353;"SPRF-GO";"DEL02-GO";"UOP02-DEL02-GO"
307283;2020-09-11;"sexta-feira";"20:37:00";"MG";381;635,7;"SANTO ANTONIO DO AMPARO";"Falta de Atenção à Condução";"Saída de leito carroçável";"Com Vítimas Feridas";"Plena Noite";"Crescente";"Céu Claro";"Dupla";"Curva";"Não";1;0;1;0;0;0;1;1;-20,89141186;-44,8525565;"SPRF-MG";"DEL04-MG";"UOP01-DEL04-MG"
307290;2020-09-11;"sexta-feira";"16:05:00";"SC";116;159,6;"SANTA CECILIA";"Ultrapassagem Indevida";"Tombamento";"Sem Vítimas";"Pleno dia";"Decrescente";"Céu Claro";"Simples";"Curva";"Não";2;0;0;0;1;1;0;2;-27,09960799;-50,45374278;"SPRF-SC";"DEL06-SC";"UOP02-DEL06-SC"
307293;2020-09-11;"sexta-feira";"20:30:00";"RS";116;453,6;"SAO LOURENCO DO SUL";"Falta de Atenção à Condução";"Saída de leito carroçável";"Com Vítimas Feridas";"Plena Noite";"Decrescente";"Chuva";"Dupla";"Reta";"Sim";2;0;1;0;0;1;1;2;-31,22115587;-52,01062788;"SPRF-RS";"DEL02-RS";"UOP02-DEL02-RS"
307306;2020-09-11;"sexta-feira";"21:50:00";"AL";101;102,4;"PILAR";"Animais na Pista";"Saída de leito carroçável";"Sem Vítimas";"Plena Noite";"Crescente";"Ignorado";"Dupla";"Reta";"Não";1;0;0;0;1;0;0;1;-9,57291142;-35,97133838;"SPRF-AL";"DEL02-AL";"UOP01-DEL02-AL"
307308;2020-09-11;"sexta-feira";"21:20:00";"PE";0;0;"CARUARU";"Agressão Externa";"Colisão lateral";"Sem Vítimas";"Plena Noite";"Não Informado";"Céu Claro";"Simples";"Aclive";"Não";5;0;0;0;3;2;0;2;-8,32386415;-35,92632294;"SPRF-PE";"DEL02-PE";"UOP03-DEL02-PE"
307311;2020-09-11;"sexta-feira";"20:40:00";"MG";50;135;"UBERABA";"Defeito Mecânico no Veículo";"Derramamento de carga";"Com Vítimas Feridas";"Plena Noite";"Decrescente";"Céu Claro";"Dupla";"Reta";"Não";4;0;1;0;2;1;1;4;-19,43322605;-48,06684615;"SPRF-MG";"DEL13-MG";"UOP01-DEL13-MG"
307314;2020-09-11;"sexta-feira";"18:00:00";"RJ";40;87;"PETROPOLIS";"Velocidade Incompatível";"Tombamento";"Com Vítimas Feridas";"Plena Noite";"Crescente";"Céu Claro";"Simples";"Curva;Declive";"Não";2;0;1;0;0;1;1;2;-22,54413793;-43,23287799;"SPRF-RJ";"DEL06-RJ";"UOP01-DEL06-RJ"
307315;2020-09-11;"sexta-feira";"21:20:00";"MG";146;445,6;"MUZAMBINHO";"Mal Súbito";"Saída de leito carroçável";"Com Vítimas Fatais";"Plena Noite";"Decrescente";"Céu Claro";"Simples";"Declive;Reta";"Não";2;1;0;0;0;1;0;2;-21,340073;-46,550545;"SPRF-MG";"DEL09-MG";"UOP01-DEL09-MG"
307316;2020-09-11;"sexta-feira";"23:30:00";"SP";116;101,8;"PINDAMONHANGABA";"Falta de Atenção à Condução";"Colisão traseira";"Com Vítimas Feridas";"Plena Noite";"Crescente";"Nublado";"Dupla";"Declive";"Não";2;0;1;0;1;0;1;2;-22,99074204;-45,48115098;"SPRF-SP";"DEL06-SP";"UOP01-DEL06-SP"
307323;2020-09-11;"sexta-feira";"22:55:00";"PR";277;325,3;"GUARAPUAVA";"Desobediência às normas de trânsito pelo condutor";"Tombamento";"Com Vítimas Feridas";"Plena Noite";"Crescente";"Céu Claro";"Simples";"Declive";"Não";1;0;1;0;0;0;1;1;-25,37142553;-51,26201107;"SPRF-PR";"DEL08-PR";"UOP01-DEL08-PR"
307327;2020-09-12;"sábado";"00:15:00";"SC";280;57,4;"GUARAMIRIM";"Sinalização da via insuficiente ou inadequada";"Colisão frontal";"Com Vítimas Feridas";"Plena Noite";"Crescente";"Céu Claro";"Simples";"Em Obras;Reta";"Sim";3;0;1;1;1;0;2;2;-26,47811421;-49,01259213;"SPRF-SC";"DEL03-SC";"UOP03-DEL03-SC"
307331;2020-09-12;"sábado";"00:20:00";"RS";153;48,9;"ERECHIM";"Falta de Atenção à Condução";"Colisão traseira";"Com Vítimas Feridas";"Plena Noite";"Decrescente";"Céu Claro";"Simples";"Reta";"Sim";3;0;0;1;1;1;1;3;-27,65118001;-52,257248;"SPRF-RS";"DEL08-RS";"UOP04-DEL08-RS"
307336;2020-09-11;"sexta-feira";"23:15:00";"MG";251;333,9;"FRUTA DE LEITE";"Defeito Mecânico no Veículo";"Tombamento";"Com Vítimas Feridas";"Plena Noite";"Decrescente";"Céu Claro";"Simples";"Curva";"Não";2;0;0;2;0;0;2;1;-16,25683842;-42,43114276;"SPRF-MG";"DEL12-MG";"UOP01-DEL12-MG"
307337;2020-09-11;"sexta-feira";"21:30:00";"MT";364;276,7;"JACIARA";"Ultrapassagem Indevida";"Colisão frontal";"Com Vítimas Fatais";"Plena Noite";"Crescente";"Céu Claro";"Simples";"Aclive;Reta";"Não";7;1;0;2;2;11;2;15;-15,95344474;-54,99098104;"SPRF-MT";"DEL02-MT";"UOP01-DEL02-MT"
307339;2020-09-11;"sexta-feira";"23:40:00";"DF";20;21;"BRASILIA";"Ingestão de Álcool";"Colisão traseira";"Com Vítimas Feridas";"Plena Noite";"Decrescente";"Céu Claro";"Dupla";"Reta";"Sim";2;0;0;1;1;0;1;2;-15,603384;-47,684692;"SPRF-DF";"DEL02-DF";"UOP01-DEL02-DF"
307341;2020-09-11;"sexta-feira";"21:00:00";"RS";290;186,8;"MINAS DO LEAO";"Falta de Atenção à Condução";"Colisão frontal";"Sem Vítimas";"Plena Noite";"Crescente";"Nublado";"Simples";"Reta";"Não";3;0;0;0;2;2;0;4;-30,150213;-52,07354;"SPRF-RS";"DEL02-RS";"UOP03-DEL02-RS"
307344;2020-09-11;"sexta-feira";"14:00:00";"GO";153;256;"SAO LUIZ DO NORTE";"Condutor Dormindo";"Colisão lateral";"Com Vítimas Feridas";"Pleno dia";"Crescente";"Céu Claro";"Simples";"Reta";"Não";4;0;1;0;2;2;1;5;-14,963799;-49,385166;"SPRF-GO";"DEL07-GO";"UOP02-DEL07-GO"
307347;2020-09-12;"sábado";"01:10:00";"MS";163;123,4;"NAVIRAI";"Animais na Pista";"Atropelamento de Animal";"Sem Vítimas";"Plena Noite";"Crescente";"Céu Claro";"Simples";"Reta";"Sim";3;0;0;0;2;1;0;2;-23,08970392;-54,22599962;"SPRF-MS";"DEL09-MS";"UOP01-DEL09-MS"
307350;2020-09-12;"sábado";"03:00:00";"SC";101;25,9;"JOINVILLE";"Defeito Mecânico no Veículo";"Incêndio";"Sem Vítimas";"Plena Noite";"Decrescente";"Nevoeiro/Neblina";"Dupla";"Reta";"Sim";2;0;0;0;1;2;0;3;-26,1834739;-48,9105912;"SPRF-SC";"DEL03-SC";"UOP01-DEL03-SC"
307351;2020-09-12;"sábado";"02:15:00";"PR";277;60,5;"SAO JOSE DOS PINHAIS";"Falta de Atenção à Condução";"Colisão traseira";"Com Vítimas Feridas";"Plena Noite";"Decrescente";"Nublado";"Dupla";"Reta";"Não";3;0;0;1;1;1;1;3;-25,57289907;-48,99037703;"SPRF-PR";"DEL01-PR";"UOP01-DEL01-PR"
307363;2020-09-12;"sábado";"04:15:00";"GO";60;92;"ANAPOLIS";"Falta de Atenção à Condução";"Colisão traseira";"Sem Vítimas";"Plena Noite";"Crescente";"Céu Claro";"Dupla";"Retorno Regulamentado;Declive;Reta";"Sim";4;0;0;0;1;3;0;4;-16,353;-48,9178;"SPRF-GO";"DEL02-GO";"UOP01-DEL02-GO"
307365;2020-09-12;"sábado";"03:45:00";"CE";116;38;"HORIZONTE";"Ingestão de Álcool";"Atropelamento de Pedestre";"Com Vítimas Feridas";"Plena Noite";"Decrescente";"Nublado";"Dupla";"Curva";"Sim";2;0;0;1;0;1;1;2;-4,091086;-38,502799;"SPRF-CE";"DEL01-CE";"UOP02-DEL01-CE"
307366;2020-09-12;"sábado";"03:10:00";"PR";376;533;"PALMEIRA";"Ingestão de Álcool";"Saída de leito carroçável";"Com Vítimas Feridas";"Plena Noite";"Decrescente";"Céu Claro";"Dupla";"Reta";"Não";5;0;1;1;2;1;2;3;-25,311792;-49,882838;"SPRF-PR";"DEL01-PR";"UOP03-DEL03-PR"
307367;2020-09-12;"sábado";"04:30:00";"BA";101;12;"RIO REAL";"Falta de Atenção à Condução";"Saída de leito carroçável";"Sem Vítimas";"Amanhecer";"Decrescente";"Nublado";"Dupla";"Reta";"Não";3;0;0;0;2;1;0;2;-11,64028212;-37,89002257;"SPRF-SE";"DEL02-SE";"UOP03-DEL02-SE"
307369;2020-09-12;"sábado";"04:50:00";"MS";163;375,1;"NOVA ALVORADA DO SUL";"Falta de Atenção à Condução";"Tombamento";"Com Vítimas Feridas";"Amanhecer";"Crescente";"Céu Claro";"Simples";"Reta";"Não";2;0;1;0;1;0;1;1;-21,3759;-54,41288299;"SPRF-MS";"DEL02-MS";"UOP01-DEL02-MS"
307370;2020-09-12;"sábado";"05:30:00";"ES";101;262;"SERRA";"Ingestão de Álcool";"Colisão lateral";"Sem Vítimas";"Pleno dia";"Crescente";"Céu Claro";"Dupla";"Reta";"Sim";3;0;0;0;2;2;0;4;-20,1572331;-40,27678329;"SPRF-ES";"DEL02-ES";"UOP01-DEL02-ES"
307372;2020-08-26;"quarta-feira";"20:30:00";"RS";392;124,9;"CANGUCU";"Falta de Atenção à Condução";"Colisão frontal";"Com Vítimas Feridas";"Plena Noite";"Crescente";"Céu Claro";"Simples";"Reta";"Não";3;0;1;0;1;1;1;3;-31,37221773;-52,71941575;"SPRF-RS";"DEL07-RS";"UOP01-DEL07-RS"
307376;2020-09-12;"sábado";"05:50:00";"PR";153;212;"TIBAGI";"Falta de Atenção à Condução";"Tombamento";"Com Vítimas Feridas";"Plena Noite";"Crescente";"Céu Claro";"Simples";"Reta";"Não";2;0;1;0;0;2;1;3;-24,55770984;-50,45523157;"SPRF-PR";"DEL03-PR";"UOP02-DEL03-PR"
307380;2020-09-12;"sábado";"07:10:00";"MG";50;68;"UBERLANDIA";"Falta de Atenção à Condução";"Colisão lateral";"Com Vítimas Feridas";"Pleno dia";"Crescente";"Céu Claro";"Dupla";"Reta";"Sim";2;0;1;0;1;0;1;2;-18,85140204;-48,25345932;"SPRF-MG";"DEL15-MG";"UOP02-DEL15-MG"
307384;2020-09-12;"sábado";"07:25:00";"ES";101;203;"JOAO NEIVA";"Carga excessiva e/ou mal acondicionada";"Tombamento";"Sem Vítimas";"Pleno dia";"Decrescente";"Céu Claro";"Dupla";"Rotatória";"Sim";2;0;0;0;1;1;0;2;-19,74664116;-40,37731301;"SPRF-ES";"DEL04-ES";"UOP01-DEL04-ES"
307386;2020-09-12;"sábado";"07:50:00";"SP";116;280,1;"EMBU DAS ARTES";"Não guardar distância de segurança";"Colisão traseira";"Sem Vítimas";"Pleno dia";"Decrescente";"Céu Claro";"Dupla";"Reta";"Sim";2;0;0;0;1;1;0;2;-23,66996108;-46,85590758;"SPRF-SP";"DEL04-SP";"UOP01-DEL04-SP"
307390;2020-09-04;"sexta-feira";"17:40:00";"MG";365;55;"CLARO DOS POCOES";"Falta de Atenção à Condução";"Colisão transversal";"Com Vítimas Feridas";"Anoitecer";"Crescente";"Céu Claro";"Simples";"Interseção de Vias";"Não";3;0;0;2;1;0;2;2;-16,97517712;-44,26784362;"SPRF-MG";"DEL12-MG";"UOP01-DEL12-MG"
307392;2020-09-12;"sábado";"07:35:00";"RS";158;294;"JULIO DE CASTILHOS";"Velocidade Incompatível";"Colisão frontal";"Com Vítimas Feridas";"Pleno dia";"Crescente";"Chuva";"Simples";"Reta";"Não";3;0;1;0;2;0;1;2;-29,49907;-53,69462;"SPRF-RS";"DEL09-RS";"UOP01-DEL09-RS"
307395;2020-09-12;"sábado";"06:00:00";"AL";101;11,8;"NOVO LINO";"Defeito Mecânico no Veículo";"Saída de leito carroçável";"Sem Vítimas";"Pleno dia";"Crescente";"Céu Claro";"Dupla";"Reta";"Não";1;0;0;0;1;0;0;1;-8,956187;-35,66989;"SPRF-AL";"DEL01-AL";"UOP02-DEL01-AL"
307396;2020-09-11;"sexta-feira";"20:40:00";"PI";222;68,2;"PIRIPIRI";"Velocidade Incompatível";"Saída de leito carroçável";"Com Vítimas Feridas";"Plena Noite";"Decrescente";"Céu Claro";"Simples";"Curva";"Não";2;0;1;0;0;1;1;2;-4,23257875;-41,7010323;"SPRF-PI";"DEL02-PI";"UOP01-DEL02-PI"
307399;2020-03-08;"domingo";"21:00:00";"PR";376;501;"PONTA GROSSA";"Falta de Atenção à Condução";"Colisão lateral";"Com Vítimas Feridas";"Plena Noite";"Decrescente";"Céu Claro";"Dupla";"Reta;Declive";"Não";11;0;4;0;5;2;4;5;-25,20894789;-50,06444688;"SPRF-PR";"DEL03-PR";"UOP04-DEL03-PR"
307407;2020-09-12;"sábado";"07:40:00";"BA";110;79;"JEREMOABO";"Falta de Atenção à Condução";"Colisão transversal";"Com Vítimas Feridas";"Pleno dia";"Decrescente";"Céu Claro";"Simples";"Reta";"Não";3;0;1;0;2;0;1;2;-10,12147004;-38,30542106;"SPRF-BA";"DEL07-BA";"UOP01-DEL07-BA"
307409;2020-09-12;"sábado";"07:30:00";"BA";116;846,7;"VITORIA DA CONQUISTA";"Desobediência às normas de trânsito pelo condutor";"Colisão frontal";"Sem Vítimas";"Pleno dia";"Decrescente";"Sol";"Simples";"Reta";"Não";3;0;0;0;2;3;0;5;-15,03161995;-40,96086503;"SPRF-BA";"DEL08-BA";"UOP01-DEL08-BA"
307412;2020-09-12;"sábado";"08:15:00";"RJ";40;105;"DUQUE DE CAXIAS";"Desobediência às normas de trânsito pelo pedestre";"Atropelamento de Pedestre";"Com Vítimas Feridas";"Pleno dia";"Crescente";"Céu Claro";"Dupla";"Reta";"Não";2;0;1;0;1;0;1;2;-22,63784806;-43,28428824;"SPRF-RJ";"DEL01-RJ";"UOP01-DEL01-RJ"
307418;2020-09-12;"sábado";"08:30:00";"SP";116;269;"TABOAO DA SERRA";"Não guardar distância de segurança";"Colisão traseira";"Com Vítimas Feridas";"Pleno dia";"Decrescente";"Céu Claro";"Dupla";"Reta";"Sim";2;0;1;0;1;0;1;2;-23,61593059;-46,78826044;"SPRF-SP";"DEL04-SP";"UOP01-DEL04-SP"
307421;2020-09-12;"sábado";"09:45:00";"PA";316;61;"CASTANHAL";"Falta de Atenção à Condução";"Colisão lateral";"Com Vítimas Feridas";"Pleno dia";"Decrescente";"Céu Claro";"Dupla";"Interseção de Vias";"Sim";4;0;1;0;1;2;1;4;-1,29686015;-47,94639002;"SPRF-PA";"DEL01-PA";"UOP01-DEL01-PA"
307425;2020-09-12;"sábado";"10:00:00";"PR";476;138;"CURITIBA";"Falta de Atenção à Condução";"Colisão lateral";"Sem Vítimas";"Pleno dia";"Decrescente";"Sol";"Dupla";"Reta";"Sim";2;0;0;0;2;0;0;2;-25,50728764;-49,28425411;"SPRF-PR";"DEL01-PR";"UOP03-DEL01-PR"
307427;2020-09-12;"sábado";"09:40:00";"BA";324;624;"SALVADOR";"Falta de Atenção à Condução";"Colisão lateral";"Com Vítimas Feridas";"Pleno dia";"Crescente";"Sol";"Dupla";"Curva;Aclive";"Sim";3;0;1;0;2;0;1;2;-12,933839;-38,47190701;"SPRF-BA";"DEL01-BA";"UOP01-DEL01-BA"
307440;2020-09-12;"sábado";"11:50:00";"RJ";101;418,5;"MANGARATIBA";"Não guardar distância de segurança";"Engavetamento";"Sem Vítimas";"Pleno dia";"Crescente";"Céu Claro";"Simples";"Reta";"Não";4;0;0;0;4;0;0;4;-22,9178274;-43,90471593;"SPRF-RJ";"DEL03-RJ";"UOP03-DEL03-RJ"
307456;2020-09-12;"sábado";"12:20:00";"RO";364;425;"JARU";"Falta de Atenção à Condução";"Colisão com objeto estático";"Com Vítimas Feridas";"Pleno dia";"Decrescente";"Céu Claro";"Múltipla";"Retorno Regulamentado";"Sim";2;0;1;0;1;0;1;1;-10,43752488;-62,47169791;"SPRF-RO";"DEL03-RO";"UOP02-DEL03-RO"
307461;2020-09-12;"sábado";"10:00:00";"AM";174;1018;"PRESIDENTE FIGUEIREDO";"Defeito Mecânico no Veículo";"Saída de leito carroçável";"Sem Vítimas";"Pleno dia";"Crescente";"Céu Claro";"Simples";"Reta";"Não";2;0;0;0;1;1;0;2;-1,83646146;-60,11812628;"SPRF-AM";"DEL01-AM";"UOP02-DEL01-AM"
307465;2020-09-12;"sábado";"14:25:00";"SP";116;285;"ITAPECERICA DA SERRA";"Desobediência às normas de trânsito pelo condutor";"Colisão transversal";"Sem Vítimas";"Pleno dia";"Decrescente";"Céu Claro";"Dupla";"Reta";"Sim";2;0;0;0;2;0;0;2;-23,70407794;-46,87249709;"SPRF-SP";"DEL04-SP";"UOP01-DEL04-SP"
307467;2020-09-12;"sábado";"15:30:00";"CE";20;427;"FORTALEZA";"Desobediência às normas de trânsito pelo condutor";"Colisão traseira";"Sem Vítimas";"Pleno dia";"Decrescente";"Céu Claro";"Dupla";"Reta";"Sim";3;0;0;0;2;1;0;3;-3,86966391;-38,50450516;"SPRF-CE";"DEL01-CE";"UOP02-DEL01-CE"
307468;2020-09-12;"sábado";"13:23:00";"SC";282;217,7;"LAGES";"Falta de Atenção do Pedestre";"Atropelamento de Pedestre";"Com Vítimas Fatais";"Pleno dia";"Decrescente";"Céu Claro";"Simples";"Reta;Declive";"Sim";4;1;0;0;1;2;0;3;-27,797916;-50,302944;"SPRF-SC";"DEL05-SC";"UOP01-DEL05-SC"
307472;2020-09-12;"sábado";"10:00:00";"MT";163;702;"SORRISO";"Fenômenos da Natureza";"Incêndio";"Sem Vítimas";"Pleno dia";"Decrescente";"Céu Claro";"Simples";"Reta";"Não";2;0;0;0;1;1;0;2;-13,06568182;-55,92322902;"SPRF-MT";"DEL06-MT";"UOP01-DEL06-MT"
307473;2020-09-12;"sábado";"14:30:00";"MT";163;829;"SINOP";"Falta de Atenção à Condução";"Colisão lateral";"Sem Vítimas";"Pleno dia";"Crescente";"Céu Claro";"Simples";"Retorno Regulamentado";"Não";3;0;0;0;2;1;0;3;-12,040704;-55,51732275;"SPRF-MT";"DEL06-MT";"UOP01-DEL06-MT"
307474;2020-09-12;"sábado";"13:00:00";"RN";101;175;"BAIA FORMOSA";"Ultrapassagem Indevida";"Saída de leito carroçável";"Com Vítimas Feridas";"Pleno dia";"Crescente";"Céu Claro";"Dupla";"Reta";"Não";2;0;1;0;0;1;1;2;-6,4786099;-35,11237275;"SPRF-RN";"DEL01-RN";"UOP01-DEL01-RN"
307479;2020-09-12;"sábado";"16:00:00";"RJ";101;46;"CAMPOS DOS GOYTACAZES";"Desobediência às normas de trânsito pelo condutor";"Colisão transversal";"Com Vítimas Feridas";"Pleno dia";"Crescente";"Céu Claro";"Simples";"Interseção de Vias";"Não";2;0;0;1;1;0;1;2;-21,59839998;-41,3168335;"SPRF-RJ";"DEL08-RJ";"UOP01-DEL08-RJ"
307485;2020-09-12;"sábado";"14:30:00";"BA";20;29;"CORRENTINA";"Falta de Atenção à Condução";"Capotamento";"Com Vítimas Feridas";"Pleno dia";"Decrescente";"Sol";"Simples";"Reta";"Não";2;0;1;0;0;2;1;3;-13,70936826;-46,14498138;"SPRF-BA";"DEL10-BA";"UOP01-DEL10-BA"
307488;2020-09-12;"sábado";"16:20:00";"MT";364;197;"RONDONOPOLIS";"Ingestão de Álcool";"Colisão lateral";"Com Vítimas Feridas";"Pleno dia";"Crescente";"Céu Claro";"Simples";"Reta";"Sim";4;0;1;0;3;0;1;3;-16,51125876;-54,61517884;"SPRF-MT";"DEL02-MT";"UOP01-DEL02-MT"
307492;2020-09-12;"sábado";"16:40:00";"PI";343;260,6;"CAMPO MAIOR";"Falta de Atenção à Condução";"Colisão lateral";"Com Vítimas Feridas";"Pleno dia";"Crescente";"Céu Claro";"Simples";"Curva";"Sim";3;0;0;1;1;2;1;4;-4,802398;-42,137829;"SPRF-PI";"DEL01-PI";"UOP03-DEL01-PI"
307493;2020-09-12;"sábado";"08:05:00";"SC";101;88,6;"BARRA VELHA";"Falta de Atenção à Condução";"Colisão lateral";"Sem Vítimas";"Pleno dia";"Crescente";"Nublado";"Dupla";"Reta";"Sim";3;0;0;0;1;2;0;3;-26,65751499;-48,68823051;"SPRF-SC";"DEL03-SC";"UOP02-DEL03-SC"
307496;2020-09-12;"sábado";"17:30:00";"BA";116;24;"VITORIA DA CONQUISTA";"Ingestão de Álcool";"Colisão lateral";"Com Vítimas Feridas";"Anoitecer";"Crescente";"Céu Claro";"Simples";"Reta";"Não";4;0;1;0;1;2;1;4;-14,876135;-40,799598;"SPRF-BA";"DEL08-BA";"UOP01-DEL08-BA"
307497;2020-09-12;"sábado";"18:30:00";"MT";70;18,7;"BARRA DO GARCAS";"Mal Súbito";"Saída de leito carroçável";"Com Vítimas Fatais";"Anoitecer";"Crescente";"Céu Claro";"Simples";"Reta";"Não";1;1;0;0;0;0;0;1;-15,85465;-52,412095;"SPRF-MT";"DEL07-MT";"UOP01-DEL07-MT"
307505;2020-09-12;"sábado";"18:10:00";"ES";262;120,2;"CONCEICAO DO CASTELO";"Falta de Atenção à Condução";"Colisão lateral";"Com Vítimas Feridas";"Anoitecer";"Decrescente";"Céu Claro";"Simples";"Curva";"Não";3;0;1;0;1;1;1;3;-20,300399;-41,23049498;"SPRF-ES";"DEL01-ES";"UOP02-DEL01-ES"
307514;2020-09-12;"sábado";"19:00:00";"PR";277;452,3;"LARANJEIRAS DO SUL";"Desobediência às normas de trânsito pelo condutor";"Colisão transversal";"Com Vítimas Feridas";"Plena Noite";"Crescente";"Nublado";"Simples";"Reta";"Sim";2;0;1;0;1;0;1;2;-25,37059917;-52,36924101;"SPRF-PR";"DEL04-PR";"UOP02-DEL04-PR"
307515;2020-09-12;"sábado";"19:00:00";"SE";101;20;"SAO FRANCISCO";"Falta de Atenção à Condução";"Colisão traseira";"Com Vítimas Fatais";"Plena Noite";"Crescente";"Céu Claro";"Dupla";"Reta";"Não";2;1;0;0;0;1;0;2;-10,36128499;-36,90821202;"SPRF-SE";"DEL02-SE";"UOP02-DEL02-SE"
307516;2020-09-12;"sábado";"19:15:00";"MG";40;141,3;"JOAO PINHEIRO";"Desobediência às normas de trânsito pelo condutor";"Colisão frontal";"Com Vítimas Fatais";"Plena Noite";"Crescente";"Céu Claro";"Simples";"Curva";"Não";3;1;0;0;1;2;0;4;-17,73618679;-46,19334804;"SPRF-MG";"DEL14-MG";"UOP01-DEL14-MG"
307518;2020-09-12;"sábado";"19:30:00";"GO";60;69,7;"ABADIANIA";"Desobediência às normas de trânsito pelo condutor";"Colisão lateral";"Com Vítimas Feridas";"Plena Noite";"Crescente";"Céu Claro";"Dupla";"Curva";"Não";3;0;0;1;1;1;1;3;-16,2372;-48,7592;"SPRF-GO";"DEL02-GO";"UOP01-DEL02-GO"
307529;2020-09-11;"sexta-feira";"20:00:00";"BA";242;286;"IBIQUERA";"Defeito na Via";"Saída de leito carroçável";"Com Vítimas Feridas";"Plena Noite";"Decrescente";"Céu Claro";"Simples";"Reta";"Não";2;0;1;0;0;1;1;2;-12,44103412;-40,77256598;"SPRF-BA";"DEL06-BA";"UOP02-DEL06-BA"
307532;2020-09-12;"sábado";"19:45:00";"MT";0;0;"CUIABA";"Ingestão de Álcool";"Colisão traseira";"Sem Vítimas";"Plena Noite";"Não Informado";"Céu Claro";"Dupla";"Reta";"Sim";3;0;0;0;2;2;0;4;-15,66120135;-55,97384345;"SPRF-MT";"DEL01-MT";"UOP02-DEL01-MT"
307543;2020-09-12;"sábado";"20:40:00";"MS";262;222,3;"RIBAS DO RIO PARDO";"Defeito Mecânico no Veículo";"Incêndio";"Sem Vítimas";"Plena Noite";"Decrescente";"Céu Claro";"Simples";"Declive";"Não";2;0;0;0;1;3;0;4;-20,46966075;-53,58622302;"SPRF-MS";"DEL07-MS";"UOP02-DEL07-MS"