"id";"data_inversa";"dia_semana";"horario";"uf";"br";"km";"municipio";"causa_acidente";"tipo_acidente";"classificacao_acidente";"fase_dia";"sentido_via";"condicao_metereologica";"tipo_pista";"tracado_via";"uso_solo";"pessoas";"mortos";"feridos_leves";"feridos_graves";"ilesos";"ignorados";"feridos";"veiculos";"latitude";"longitude";"regional";"delegacia";"uop"
307558;2020-09-12;"sábado";"22:30:00";"BA";116;581;"BREJOES";"Desobediência às normas de trânsito pelo condutor";"Colisão transversal";"Com Vítimas Feridas";"Plena Noite";"Decrescente";"Garoa/Chuvisco";"Simples";"Aclive";"Não";4;0;3;0;0;1;3;3;-13,09784401;-39,96317298;"SPRF-BA";"DEL03-BA";"UOP02-DEL03-BA"
307561;2020-09-12;"sábado";"22:40:00";"PI";222;3;"SAO JOAO DA FRONTEIRA";"Defeito Mecânico no Veículo";"Saída de leito carroçável";"Com Vítimas Feridas";"Plena Noite";"Decrescente";"Céu Claro";"Simples";"Declive;Reta";"Não";2;0;1;0;0;2;1;3;-3,92937595;-41,25429906;"SPRF-PI";"DEL02-PI";"UOP01-DEL02-PI"
307576;2020-09-12;"sábado";"19:00:00";"RO";364;463;"ARIQUEMES";"Ultrapassagem Indevida";"Colisão frontal";"Com Vítimas Fatais";"Plena Noite";"Crescente";"Céu Claro";"Simples";"Reta";"Não";6;1;0;2;1;2;2;5;-10,23442916;-62,74725714;"SPRF-RO";"DEL03-RO";"UOP01-DEL03-RO"
307581;2020-09-13;"domingo";"01:57:00";"ES";101;294,8;"CARIACICA";"Falta de Atenção à Condução";"Colisão com objeto estático";"Sem Vítimas";"Plena Noite";"Crescente";"Céu Claro";"Múltipla";"Reta";"Sim";4;0;0;0;2;2;0;4;-20,32946477;-40,3986758;"SPRF-ES";"DEL01-ES";"UOP01-DEL01-ES"
307592;2020-09-13;"domingo";"04:00:00";"SE";101;202;"CRISTINAPOLIS";"Condutor Dormindo";"Colisão frontal";"Com Vítimas Feridas";"Amanhecer";"Crescente";"Nublado";"Simples";"Curva";"Não";4;0;0;1;1;2;1;3;-11,4968367;-37,78079941;"SPRF-SE";"DEL02-SE";"UOP03-DEL02-SE"
307595;2020-09-13;"domingo";"03:30:00";"MS";262;161;"RIBAS DO RIO PARDO";"Falta de Atenção à Condução";"Tombamento";"Com Vítimas Feridas";"Plena Noite";"Decrescente";"Ignorado";"Simples";"Declive";"Não";2;0;1;0;0;3;1;4;-20,45056908;-53,03448702;"SPRF-MS";"DEL07-MS";"UOP02-DEL07-MS"
307596;2020-09-13;"domingo";"03:00:00";"BA";101;948;"MUCURI";"Falta de Atenção à Condução";"Tombamento";"Com Vítimas Feridas";"Plena Noite";"Decrescente";"Céu Claro";"Simples";"Curva";"Não";2;0;1;0;0;1;1;2;-18,16840196;-39,91873914;"SPRF-BA";"DEL09-BA";"UOP02-DEL09-BA"
307597;2020-09-13;"domingo";"05:00:00";"BA";407;5;"JUAZEIRO";"Desobediência às normas de trânsito pelo condutor";"Colisão transversal";"Com Vítimas Feridas";"Amanhecer";"Crescente";"Céu Claro";"Dupla";"Interseção de Vias";"Sim";3;0;0;2;0;1;2;2;-9,44778544;-40,49043801;"SPRF-PE";"DEL06-PE";"UOP01-DEL06-PE"
307599;2020-09-13;"domingo";"04:58:00";"SC";470;80,9;"RODEIO";"Ingestão de Álcool";"Colisão frontal";"Com Vítimas Feridas";"Amanhecer";"Crescente";"Céu Claro";"Simples";"Curva";"Sim";4;0;1;1;2;0;2;2;-26,948805;-49,316097;"SPRF-SC";"DEL04-SC";"UOP01-DEL04-SC"
307602;2020-09-13;"domingo";"06:00:00";"PE";116;6;"SALGUEIRO";"Velocidade Incompatível";"Tombamento";"Com Vítimas Feridas";"Pleno dia";"Decrescente";"Céu Claro";"Simples";"Curva;Declive";"Não";1;0;1;0;0;0;1;1;-7,903998;-39,114899;"SPRF-PE";"DEL05-PE";"UOP01-DEL05-PE"
307605;2020-09-13;"domingo";"05:30:00";"MS";262;62;"TRES LAGOAS";"Defeito Mecânico no Veículo";"Colisão lateral";"Sem Vítimas";"Pleno dia";"Crescente";"Céu Claro";"Simples";"Reta";"Não";3;0;0;0;2;6;0;8;-20,70811166;-52,16393086;"SPRF-MS";"DEL07-MS";"UOP01-DEL07-MS"
307614;2020-09-13;"domingo";"06:30:00";"PR";272;398,6;"FAROL";"Condutor Dormindo";"Colisão com objeto estático";"Com Vítimas Fatais";"Amanhecer";"Crescente";"Céu Claro";"Simples";"Reta";"Não";1;1;0;0;0;0;0;1;-24,08546976;-52,6767961;"SPRF-PR";"DEL09-PR";"UOP03-DEL09-PR"
307615;2020-09-13;"domingo";"07:40:00";"SC";101;110,3;"PENHA";"Desobediência às normas de trânsito pelo pedestre";"Atropelamento de Pedestre";"Com Vítimas Fatais";"Pleno dia";"Decrescente";"Nublado";"Dupla";"Curva";"Sim";4;1;0;0;1;2;0;3;-26,83477;-48,706151;"SPRF-SC";"DEL03-SC";"UOP02-DEL03-SC"
307618;2020-09-12;"sábado";"23:40:00";"RJ";116;272;"BARRA MANSA";"Objeto estático sobre o leito carroçável";"Saída de leito carroçável";"Sem Vítimas";"Plena Noite";"Crescente";"Céu Claro";"Dupla";"Curva";"Não";3;0;0;0;2;2;0;4;-22,55606865;-44,13021704;"SPRF-RJ";"DEL07-RJ";"UOP02-DEL07-RJ"
307626;2020-09-13;"domingo";"08:50:00";"BA";242;818;"BARREIRAS";"Ultrapassagem Indevida";"Colisão traseira";"Com Vítimas Feridas";"Pleno dia";"Decrescente";"Céu Claro";"Simples";"Reta";"Não";3;0;1;0;1;2;1;4;-12,118821;-45,200285;"SPRF-BA";"DEL10-BA";"UOP01-DEL10-BA"
307627;2020-09-12;"sábado";"11:00:00";"BA";20;28;"CORRENTINA";"Defeito Mecânico no Veículo";"Capotamento";"Com Vítimas Feridas";"Pleno dia";"Decrescente";"Céu Claro";"Simples";"Reta";"Não";2;0;1;0;0;2;1;3;-13,712985;-46,146535;"SPRF-BA";"DEL10-BA";"UOP01-DEL10-BA"
307631;2020-09-13;"domingo";"09:45:00";"MG";381;425;"CAETE";"Velocidade Incompatível";"Tombamento";"Com Vítimas Feridas";"Pleno dia";"Decrescente";"Céu Claro";"Dupla";"Curva";"Não";2;0;0;1;0;1;1;2;-19,78358428;-43,66653442;"SPRF-MG";"DEL01-MG";"UOP01-DEL01-MG"
307632;2020-09-13;"domingo";"05:30:00";"BA";101;430;"MARAU";"Condutor Dormindo";"Colisão com objeto estático";"Com Vítimas Fatais";"Pleno dia";"Decrescente";"Céu Claro";"Simples";"Declive";"Não";1;1;0;0;0;0;0;1;-14,171604;-39,324252;"SPRF-BA";"DEL05-BA";"UOP01-DEL05-BA"
307634;2020-09-13;"domingo";"10:00:00";"PR";277;329;"GUARAPUAVA";"Defeito Mecânico no Veículo";"Saída de leito carroçável";"Com Vítimas Feridas";"Pleno dia";"Decrescente";"Céu Claro";"Simples";"Curva";"Não";3;0;3;0;0;0;3;1;-25,37463596;-51,29878598;"SPRF-PR";"DEL08-PR";"UOP01-DEL08-PR"
307635;2020-09-13;"domingo";"09:20:00";"MT";70;377;"CAMPO VERDE";"Defeito Mecânico no Veículo";"Derramamento de carga";"Com Vítimas Feridas";"Pleno dia";"Decrescente";"Céu Claro";"Simples";"Rotatória";"Sim";2;0;1;0;0;2;1;3;-15,49768472;-55,09730092;"SPRF-MT";"DEL05-MT";"UOP02-DEL05-MT"
307639;2020-09-13;"domingo";"07:25:00";"PR";280;267;"MARMELEIRO";"Ultrapassagem Indevida";"Colisão traseira";"Com Vítimas Fatais";"Pleno dia";"Crescente";"Céu Claro";"Simples";"Aclive;Reta";"Não";8;1;2;3;1;2;5;5;-26,21411724;-53,11406194;"SPRF-PR";"DEL02-PR";"UOP01-DEL02-PR"
307640;2020-09-13;"domingo";"06:45:00";"PA";316;112;"SANTA MARIA DO PARA";"Defeito Mecânico no Veículo";"Tombamento";"Com Vítimas Feridas";"Amanhecer";"Crescente";"Céu Claro";"Dupla";"Reta";"Não";1;0;1;0;0;0;1;1;-1,31658095;-47,504261;"SPRF-PA";"DEL01-PA";"UOP02-DEL01-PA"
307641;2020-09-13;"domingo";"09:25:00";"MT";163;946;"NOVA SANTA HELENA";"Falta de Atenção à Condução";"Colisão traseira";"Sem Vítimas";"Pleno dia";"Crescente";"Céu Claro";"Simples";"Aclive;Reta";"Não";2;0;0;0;2;0;0;2;-10,93641899;-55,20924307;"SPRF-MT";"DEL06-MT";"NPF/DEL06-MT"
307653;2020-09-13;"domingo";"00:30:00";"BA";135;81;"RIACHAO DAS NEVES";"Falta de Atenção à Condução";"Saída de leito carroçável";"Com Vítimas Feridas";"Plena Noite";"Crescente";"Céu Claro";"Simples";"Reta";"Não";1;0;1;0;0;0;1;1;-11,39185989;-44,90249634;"SPRF-BA";"DEL10-BA";"UOP01-DEL10-BA"
307660;2020-09-13;"domingo";"11:10:00";"PR";376;389;"IMBAU";"Defeito Mecânico no Veículo";"Saída de leito carroçável";"Com Vítimas Feridas";"Pleno dia";"Crescente";"Sol";"Dupla";"Reta";"Não";4;0;3;0;1;0;3;1;-24,473504;-50,738782;"SPRF-PR";"DEL03-PR";"UOP02-DEL03-PR"
307661;2020-09-13;"domingo";"07:22:00";"MA";316;199,8;"ZE DOCA";"Falta de Atenção à Condução";"Colisão transversal";"Com Vítimas Feridas";"Amanhecer";"Decrescente";"Céu Claro";"Simples";"Reta";"Sim";3;0;1;0;1;1;1;3;-3,286687;-45,657146;"SPRF-MA";"DEL02-MA";"UOP01-DEL02-MA"
307662;2020-09-13;"domingo";"12:00:00";"PR";376;536;"PALMEIRA";"Velocidade Incompatível";"Saída de leito carroçável";"Com Vítimas Feridas";"Pleno dia";"Decrescente";"Céu Claro";"Dupla";"Reta";"Não";2;0;1;0;0;1;1;2;-25,33232542;-49,85762348;"SPRF-PR";"DEL01-PR";"UOP03-DEL03-PR"
307669;2020-09-01;"terça-feira";"07:25:00";"AL";101;65,3;"MESSIAS";"Carga excessiva e/ou mal acondicionada";"Derramamento de carga";"Sem Vítimas";"Pleno dia";"Crescente";"Chuva";"Dupla";"Curva";"Não";2;0;0;0;2;0;0;2;-9,32413414;-35,82956829;"SPRF-AL";"DEL01-AL";"UOP02-DEL01-AL"
307674;2020-09-13;"domingo";"11:45:00";"MG";50;187,1;"UBERABA";"Defeito Mecânico no Veículo";"Incêndio";"Sem Vítimas";"Pleno dia";"Crescente";"Céu Claro";"Dupla";"Reta";"Não";3;0;0;0;1;2;0;3;-19,83290398;-47,88516697;"SPRF-MG";"DEL13-MG";"UOP01-DEL13-MG"
307677;2020-09-13;"domingo";"12:30:00";"PA";163;878;"BELTERRA";"Velocidade Incompatível";"Tombamento";"Sem Vítimas";"Pleno dia";"Crescente";"Céu Claro";"Simples";"Curva;Aclive";"Não";3;0;0;0;0;4;0;3;-3,41588142;-54,9145174;"SPRF-PA";"DEL05-PA";"UOP01-DEL05-PA"
307678;2020-09-13;"domingo";"12:40:00";"BA";110;147;"RIBEIRA DO POMBAL";"Falta de Atenção à Condução";"Saída de leito carroçável";"Com Vítimas Feridas";"Pleno dia";"Crescente";"Nublado";"Simples";"Reta";"Não";2;0;1;0;1;0;1;1;-10,67413598;-38,42456502;"SPRF-BA";"DEL07-BA";"UOP02-DEL07-BA"
307680;2020-09-13;"domingo";"11:10:00";"MG";262;604,8;"CAMPOS ALTOS";"Falta de Atenção à Condução";"Colisão lateral";"Sem Vítimas";"Pleno dia";"Decrescente";"Sol";"Simples";"Reta";"Não";4;0;0;0;3;1;0;3;-19,64303802;-46,24914201;"SPRF-MG";"DEL08-MG";"UOP02-DEL08-MG"
307682;2020-08-09;"domingo";"08:30:00";"RS";392;16,4;"RIO GRANDE";"Falta de Atenção à Condução";"Colisão lateral";"Sem Vítimas";"Pleno dia";"Crescente";"Céu Claro";"Simples";"Reta";"Não";3;0;0;0;2;1;0;3;-32,1024397;-52,16347437;"SPRF-RS";"DEL07-RS";"UOP02-DEL07-RS"
307692;2020-09-13;"domingo";"13:30:00";"SP";116;506;"CAJATI";"Ingestão de Álcool";"Colisão lateral";"Sem Vítimas";"Pleno dia";"Crescente";"Sol";"Simples";"Curva";"Não";3;0;0;0;2;3;0;5;-24,79704815;-48,2145174;"SPRF-SP";"DEL05-SP";"UOP02-DEL05-SP"
307694;2020-09-13;"domingo";"15:30:00";"GO";40;24;"LUZIANIA";"Defeito Mecânico no Veículo";"Incêndio";"Sem Vítimas";"Pleno dia";"Decrescente";"Céu Claro";"Dupla";"Reta";"Sim";2;0;0;0;1;1;0;2;-16,24526001;-47,90628076;"SPRF-DF";"DEL01-DF";"UOP01-DEL01-DF"
307696;2020-09-13;"domingo";"11:20:00";"MA";222;652;"ACAILANDIA";"Velocidade Incompatível";"Colisão com objeto estático";"Com Vítimas Fatais";"Pleno dia";"Crescente";"Sol";"Simples";"Curva";"Não";1;1;0;0;0;0;0;1;-4,85494337;-47,31262207;"SPRF-MA";"DEL04-MA";"UOP03-DEL04-MA"
307700;2020-09-13;"domingo";"15:00:00";"MT";163;821;"SINOP";"Desobediência às normas de trânsito pelo condutor";"Colisão lateral";"Com Vítimas Feridas";"Pleno dia";"Crescente";"Céu Claro";"Simples";"Reta";"Sim";2;0;0;1;1;0;1;2;-12,112411;-55,51673304;"SPRF-MT";"DEL06-MT";"UOP01-DEL06-MT"
307708;2020-09-13;"domingo";"09:20:00";"RS";290;213,3;"PANTANO GRANDE";"Velocidade Incompatível";"Colisão com objeto estático";"Sem Vítimas";"Pleno dia";"Crescente";"Nublado";"Simples";"Interseção de Vias";"Não";2;0;0;0;1;1;0;2;-30,18697986;-52,35843658;"SPRF-RS";"DEL02-RS";"UOP03-DEL02-RS"
307709;2020-09-13;"domingo";"14:30:00";"SC";101;315,5;"PESCARIA BRAVA";"Falta de Atenção à Condução";"Colisão lateral";"Com Vítimas Feridas";"Pleno dia";"Decrescente";"Céu Claro";"Dupla";"Curva";"Sim";3;0;2;0;1;0;2;2;-28,42492017;-48,85929108;"SPRF-SC";"DEL02-SC";"UOP01-DEL02-SC"
307710;2020-09-13;"domingo";"16:30:00";"MG";50;71;"UBERLANDIA";"Falta de Atenção à Condução";"Colisão traseira";"Com Vítimas Feridas";"Pleno dia";"Crescente";"Sol";"Dupla";"Reta";"Sim";2;0;0;1;1;0;1;2;-18,85140204;-48,25345932;"SPRF-MG";"DEL15-MG";"UOP01-DEL15-MG"
307713;2020-09-13;"domingo";"07:00:00";"MA";10;377,1;"ITINGA DO MARANHAO";"Falta de Atenção à Condução";"Colisão lateral";"Com Vítimas Feridas";"Pleno dia";"Crescente";"Céu Claro";"Simples";"Curva";"Sim";2;0;1;0;0;1;1;2;-4,456727;-47,526314;"SPRF-MA";"DEL04-MA";"UOP03-DEL04-MA"
307717;2020-09-13;"domingo";"14:40:00";"PE";232;102;"BEZERROS";"Velocidade Incompatível";"Saída de leito carroçável";"Com Vítimas Fatais";"Pleno dia";"Decrescente";"Sol";"Dupla";"Reta";"Sim";4;2;0;0;1;1;0;3;-8,24710671;-35,75844018;"SPRF-PE";"DEL02-PE";"UOP02-DEL02PE"
307721;2020-09-13;"domingo";"10:30:00";"BA";101;535;"SAO JOSE DA VITORIA";"Velocidade Incompatível";"Saída de leito carroçável";"Sem Vítimas";"Pleno dia";"Decrescente";"Chuva";"Simples";"Curva";"Não";2;0;0;0;1;1;0;2;-15,15775202;-39,41074199;"SPRF-BA";"DEL05-BA";"UOP01-DEL05-BA"
307730;2020-09-13;"domingo";"02:00:00";"MG";116;24,6;"CACHOEIRA DE PAJEU";"Falta de Atenção à Condução";"Saída de leito carroçável";"Com Vítimas Feridas";"Plena Noite";"Crescente";"Ignorado";"Simples";"Declive;Reta";"Sim";2;0;1;0;0;1;1;2;-15,86331622;-41,42629258;"SPRF-BA";"DEL08-BA";"UOP03-DEL08-BA"
307734;2020-09-13;"domingo";"12:45:00";"PR";476;314,7;"PAULO FRONTIN";"Velocidade Incompatível";"Tombamento";"Com Vítimas Feridas";"Pleno dia";"Crescente";"Sol";"Simples";"Curva";"Não";4;0;3;0;0;1;3;2;-26,033367;-50,688385;"SPRF-PR";"DEL02-PR";"UOP04-DEL02-PR"
307742;2020-09-13;"domingo";"18:00:00";"PE";232;152,1;"SAO CAITANO";"Desobediência às normas de trânsito pelo condutor";"Colisão frontal";"Com Vítimas Fatais";"Plena Noite";"Decrescente";"Céu Claro";"Simples";"Aclive;Reta";"Não";3;1;0;0;1;1;0;3;-8,32701495;-36,18101;"SPRF-PE";"DEL02-PE";"UOP03-DEL02-PE"
307754;2020-09-13;"domingo";"16:10:00";"BA";101;422;"IBIRAPITANGA";"Velocidade Incompatível";"Tombamento";"Sem Vítimas";"Pleno dia";"Decrescente";"Nublado";"Simples";"Curva";"Não";1;0;0;0;1;0;0;1;-14,13850037;-39,35213869;"SPRF-BA";"DEL05-BA";"UOP03-DEL05-BA"
307762;2020-09-13;"domingo";"20:00:00";"SC";101;204;"SAO JOSE";"Falta de Atenção à Condução";"Colisão lateral";"Com Vítimas Feridas";"Plena Noite";"Decrescente";"Céu Claro";"Múltipla";"Reta";"Sim";5;0;3;0;1;1;3;3;-27,56977525;-48,61390483;"SPRF-SC";"DEL01-SC";"UOP01-DEL01-SC"
307773;2020-09-13;"domingo";"20:40:00";"GO";153;557;"PROFESSOR JAMIL";"Falta de Atenção à Condução";"Colisão traseira";"Com Vítimas Feridas";"Plena Noite";"Decrescente";"Céu Claro";"Dupla";"Aclive;Reta";"Não";3;0;0;1;1;2;1;4;-17,2013;-49,2083;"SPRF-GO";"DEL03-GO";"UOP01-DEL03-GO"
307774;2020-09-13;"domingo";"20:10:00";"SC";101;102,8;"BALNEARIO PICARRAS";"Não guardar distância de segurança";"Engavetamento";"Com Vítimas Feridas";"Plena Noite";"Crescente";"Nublado";"Dupla";"Reta";"Não";6;0;1;0;4;1;1;4;-26,77383397;-48,68594062;"SPRF-SC";"DEL03-SC";"UOP02-DEL03-SC"
307775;2020-09-13;"domingo";"19:30:00";"MS";163;445,2;"CAMPO GRANDE";"Falta de Atenção à Condução";"Tombamento";"Com Vítimas Feridas";"Anoitecer";"Crescente";"Céu Claro";"Simples";"Reta";"Não";2;0;1;0;0;2;1;3;-20,76820385;-54,52841451;"SPRF-MS";"DEL01-MS";"UOP01-DEL01-MS"
307781;2020-09-13;"domingo";"18:43:00";"GO";251;33,8;"CRISTALINA";"Não guardar distância de segurança";"Colisão traseira";"Sem Vítimas";"Plena Noite";"Decrescente";"Céu Claro";"Dupla";"Reta";"Não";3;0;0;0;1;2;0;3;-16,05818539;-47,53431704;"SPRF-DF";"DEL01-DF";"UOP01-DEL01-DF"
307782;2020-09-13;"domingo";"18:10:00";"PB";412;144,6;"MONTEIRO";"Ultrapassagem Indevida";"Colisão frontal";"Com Vítimas Fatais";"Plena Noite";"Decrescente";"Céu Claro";"Dupla";"Reta";"Sim";4;1;0;0;2;1;0;3;-7,891878;-37,111336;"SPRF-PB";"DEL02-PB";"UOP02-DEL02-PB"
307783;2020-09-13;"domingo";"20:50:00";"PB";230;172,3;"CAMPINA GRANDE";"Restrição de Visibilidade";"Colisão traseira";"Com Vítimas Feridas";"Plena Noite";"Decrescente";"Céu Claro";"Simples";"Reta";"Não";2;0;0;1;0;1;1;2;-7,1796;-36,006;"SPRF-PB";"DEL02-PB";"UOP02-DEL02-PB"
307784;2020-09-13;"domingo";"14:55:00";"PE";423;123,5;"PARANATAMA";"Defeito Mecânico no Veículo";"Incêndio";"Sem Vítimas";"Pleno dia";"Decrescente";"Céu Claro";"Simples";"Curva";"Não";2;0;0;0;1;1;0;2;-8,92914419;-36,71970963;"SPRF-PE";"DEL03-PE";"UOP01-DEL03-PE"
307788;2020-09-13;"domingo";"21:20:00";"RN";427;65,5;"JARDIM DO SERIDO";"Condutor Dormindo";"Saída de leito carroçável";"Sem Vítimas";"Plena Noite";"Decrescente";"Céu Claro";"Simples";"Reta";"Não";2;0;0;0;1;1;0;2;-6,574291;-36,857503;"SPRF-RN";"DEL03-RN";"UOP01-DEL03-RN"
307792;2020-09-13;"domingo";"21:10:00";"PE";101;101;"CABO DE SANTO AGOSTINHO";"Defeito Mecânico no Veículo";"Colisão com objeto estático";"Com Vítimas Feridas";"Plena Noite";"Crescente";"Nublado";"Dupla";"Curva";"Não";1;0;1;0;0;0;1;1;-8,2757433;-35,05378122;"SPRF-PE";"DEL01-PE";"UOP03-DEL01-PE"
307793;2020-09-13;"domingo";"22:15:00";"MG";381;371,6;"SAO GONCALO DO RIO ABAIXO";"Velocidade Incompatível";"Tombamento";"Com Vítimas Feridas";"Plena Noite";"Decrescente";"Céu Claro";"Simples";"Curva";"Sim";2;0;1;0;0;1;1;2;-19,85242136;-43,27160597;"SPRF-MG";"DEL01-MG";"UOP01-DEL01-MG"
307795;2020-09-13;"domingo";"18:25:00";"PE";408;22;"TIMBAUBA";"Desobediência às normas de trânsito pelo condutor";"Tombamento";"Sem Vítimas";"Plena Noite";"Decrescente";"Ignorado";"Simples";"Declive";"Não";3;0;0;0;3;0;0;2;-7,526465;-35,290311;"SPRF-PE";"DEL01-PE";"UOP01-DEL01-PE"
307800;2020-09-13;"domingo";"22:30:00";"SC";101;209;"SAO JOSE";"Falta de Atenção à Condução";"Colisão traseira";"Sem Vítimas";"Plena Noite";"Crescente";"Nublado";"Dupla";"Reta";"Sim";4;0;0;0;1;3;0;4;-27,61000542;-48,63895057;"SPRF-SC";"DEL01-SC";"UOP01-DEL01-SC"
307824;2020-09-13;"domingo";"22:00:00";"BA";101;323;"PRESIDENTE TANCREDO NEVES";"Desobediência às normas de trânsito pelo condutor";"Colisão transversal";"Com Vítimas Feridas";"Plena Noite";"Decrescente";"Ignorado";"Simples";"Reta";"Não";5;0;1;2;1;1;3;4;-13,40815535;-39,40848872;"SPRF-BA";"DEL05-BA";"UOP03-DEL05-BA"
307828;2020-09-14;"segunda-feira";"00:40:00";"MG";381;363;"SAO GONCALO DO RIO ABAIXO";"Velocidade Incompatível";"Tombamento";"Sem Vítimas";"Plena Noite";"Crescente";"Céu Claro";"Simples";"Curva";"Não";2;0;0;0;1;1;0;2;-19,85726507;-43,21817636;"SPRF-MG";"DEL03-MG";"UOP01-DEL03-MG"
307829;2020-09-14;"segunda-feira";"00:10:00";"MG";251;313;"SALINAS";"Desobediência às normas de trânsito pelo condutor";"Colisão frontal";"Com Vítimas Fatais";"Plena Noite";"Decrescente";"Nublado";"Simples";"Reta";"Não";4;1;0;0;2;1;0;4;-16,16909884;-42,32778407;"SPRF-MG";"DEL11-MG";"UOP02-DEL11-MG"
307831;2020-09-14;"segunda-feira";"04:30:00";"MG";40;731,8;"OLIVEIRA FORTES";"Velocidade Incompatível";"Tombamento";"Com Vítimas Feridas";"Plena Noite";"Crescente";"Céu Claro";"Dupla";"Declive;Curva";"Não";1;0;1;0;0;0;1;1;-21,34218094;-43,58845595;"SPRF-MG";"DEL05-MG";"UOP01-DEL05-MG"
307832;2020-09-14;"segunda-feira";"04:15:00";"MS";163;37;"ELDORADO";"Falta de Atenção do Pedestre";"Atropelamento de Pedestre";"Com Vítimas Feridas";"Amanhecer";"Decrescente";"Ignorado";"Simples";"Reta";"Não";2;0;0;1;1;0;1;2;-23,80317571;-54,3038891;"SPRF-MS";"DEL09-MS";"UOP02-DEL09-MS"
307834;2020-05-27;"quarta-feira";"18:45:00";"PE";104;131,2;"PANELAS";"Defeito Mecânico no Veículo";"Saída de leito carroçável";"Com Vítimas Feridas";"Anoitecer";"Decrescente";"Céu Claro";"Simples";"Curva";"Não";4;0;2;1;0;1;3;2;-8,784293;-36,016506;"SPRF-PE";"DEL02-PE";"UOP01-DEL02-PE"
307838;2020-09-14;"segunda-feira";"06:00:00";"RJ";116;248;"PIRAI";"Defeito Mecânico no Veículo";"Incêndio";"Sem Vítimas";"Amanhecer";"Decrescente";"Céu Claro";"Simples";"Aclive";"Não";2;0;0;0;1;1;0;2;-22,59976123;-43,94042912;"SPRF-RJ";"DEL07-RJ";"UOP01-DEL07-RJ"
307839;2020-09-14;"segunda-feira";"06:00:00";"PR";376;88;"PARANAVAI";"Agressão Externa";"Saída de leito carroçável";"Sem Vítimas";"Pleno dia";"Crescente";"Céu Claro";"Simples";"Interseção de Vias";"Não";2;0;0;0;1;1;0;2;-22,99527855;-52,58495389;"SPRF-PR";"DEL09-PR";"UOP02-DEL09-PR"
307841;2020-09-14;"segunda-feira";"07:20:00";"ES";262;24,4;"VIANA";"Velocidade Incompatível";"Colisão lateral";"Com Vítimas Feridas";"Pleno dia";"Crescente";"Nublado";"Simples";"Curva";"Não";2;0;2;0;0;0;2;2;-20,37917648;-40,52624613;"SPRF-ES";"DEL01-ES";"UOP01-DEL01-ES"
307843;2020-09-14;"segunda-feira";"03:30:00";"RR";174;330;"CARACARAI";"Ultrapassagem Indevida";"Colisão frontal";"Com Vítimas Feridas";"Plena Noite";"Decrescente";"Céu Claro";"Simples";"Reta";"Sim";4;0;1;1;1;1;2;2;1,57071;-60,993752;"SPRF-RR";"DEL01-RR";"UOP01-DEL01-RR"
307846;2020-09-13;"domingo";"13:00:00";"BA";242;363;"PALMEIRAS";"Condutor Dormindo";"Colisão lateral";"Sem Vítimas";"Pleno dia";"Crescente";"Céu Claro";"Simples";"Declive";"Não";2;0;0;0;1;1;0;2;-12,46727769;-41,4150469;"SPRF-BA";"DEL06-BA";"UOP01-DEL06-BA"
307847;2020-09-14;"segunda-feira";"07:35:00";"ES";101;269,5;"SERRA";"Não guardar distância de segurança";"Colisão frontal";"Com Vítimas Feridas";"Pleno dia";"Decrescente";"Céu Claro";"Múltipla";"Reta";"Sim";3;0;0;1;2;0;1;2;-20,21740496;-40,26990578;"SPRF-ES";"DEL02-ES";"UOP01-DEL02-ES"
307848;2020-09-14;"segunda-feira";"03:30:00";"BA";407;158;"FILADELFIA";"Animais na Pista";"Atropelamento de Animal";"Sem Vítimas";"Plena Noite";"Decrescente";"Chuva";"Simples";"Reta";"Não";1;0;0;0;1;0;0;1;-10,73148997;-40,12223333;"SPRF-BA";"DEL04-BA";"UOP01-DEL04-BA"
307854;2020-05-26;"terça-feira";"06:20:00";"PI";343;46,9;"BURITI DOS LOPES";"Carga excessiva e/ou mal acondicionada";"Tombamento";"Com Vítimas Feridas";"Pleno dia";"Decrescente";"Sol";"Simples";"Curva";"Sim";1;0;1;0;0;0;1;1;-3,1696543;-41,86168671;"SPRF-PI";"DEL05-PI";"UOP01-DEL05-PI"
307861;2020-07-18;"sábado";"00:50:00";"PB";405;16;"UIRAUNA";"Objeto estático sobre o leito carroçável";"Colisão com objeto estático";"Com Vítimas Feridas";"Plena Noite";"Crescente";"Céu Claro";"Simples";"Reta";"Não";4;0;1;1;1;1;2;4;-6,584224;-38,412262;"SPRF-PB";"DEL03-PB";"UOP03-DEL03-PB"
307864;2020-09-14;"segunda-feira";"08:30:00";"PR";376;348;"ORTIGUEIRA";"Avarias e/ou desgaste excessivo no pneu";"Saída de leito carroçável";"Com Vítimas Fatais";"Pleno dia";"Crescente";"Céu Claro";"Simples";"Reta";"Não";1;1;0;0;0;0;0;1;-24,22342025;-50,92990234;"SPRF-PR";"DEL07-PR";"UOP03-DEL07-PR"
307866;2020-08-10;"segunda-feira";"07:35:00";"MG";262;105;"ABRE CAMPO";"Falta de Atenção à Condução";"Tombamento";"Com Vítimas Feridas";"Pleno dia";"Decrescente";"Céu Claro";"Simples";"Curva;Declive";"Não";2;0;1;0;0;1;1;2;-20,28900223;-42,55571834;"SPRF-MG";"DEL03-MG";"UOP03-DEL03-MG"
307876;2020-09-14;"segunda-feira";"08:15:00";"MA";135;9;"SAO LUIS";"Desobediência às normas de trânsito pelo condutor";"Colisão traseira";"Com Vítimas Feridas";"Pleno dia";"Crescente";"Sol";"Dupla";"Reta";"Sim";5;0;2;1;1;1;3;5;-2,64941425;-44,28038883;"SPRF-MA";"DEL01-MA";"UOP01-DEL01-MA"