"id";"data_inversa";"dia_semana";"horario";"uf";"br";"km";"municipio";"causa_acidente";"tipo_acidente";"classificacao_acidente";"fase_dia";"sentido_via";"condicao_metereologica";"tipo_pista";"tracado_via";"uso_solo";"pessoas";"mortos";"feridos_leves";"feridos_graves";"ilesos";"ignorados";"feridos";"veiculos";"latitude";"longitude";"regional";"delegacia";"uop"
308128;2020-09-15;"terça-feira";"18:30:00";"MG";40;532;"BELO HORIZONTE";"Falta de Atenção à Condução";"Colisão traseira";"Com Vítimas Feridas";"Plena Noite";"Decrescente";"Céu Claro";"Dupla";"Reta";"Sim";2;0;0;1;1;0;1;2;-19,92372561;-44,01700789;"SPRF-MG";"DEL01-MG";"UOP02-DEL01-MG"
308130;2020-05-28;"quinta-feira";"17:10:00";"MG";356;265,7;"MURIAE";"Falta de Atenção à Condução";"Colisão com objeto estático";"Com Vítimas Fatais";"Pleno dia";"Decrescente";"Céu Claro";"Simples";"Rotatória";"Sim";3;1;0;0;1;1;0;3;-21,12745008;-42,36837041;"SPRF-MG";"DEL07-MG";"UOP02-DEL07-MG"
308138;2020-09-15;"terça-feira";"18:10:00";"SC";116;211,1;"PONTE ALTA";"Velocidade Incompatível";"Tombamento";"Com Vítimas Feridas";"Anoitecer";"Crescente";"Nublado";"Simples";"Declive;Curva";"Não";3;0;0;2;0;1;2;3;-27,51040007;-50,36397936;"SPRF-SC";"DEL05-SC";"UOP03-DEL05-SC"
308139;2020-09-15;"terça-feira";"18:30:00";"SC";116;74;"MONTE CASTELO";"Falta de Atenção à Condução";"Colisão traseira";"Com Vítimas Feridas";"Plena Noite";"Decrescente";"Nublado";"Simples";"Reta";"Não";2;0;0;1;1;0;1;2;-26,50510886;-50,23328349;"SPRF-SC";"DEL06-SC";"UOP02-DEL06-SC"
308141;2020-09-15;"terça-feira";"18:47:00";"DF";20;20,9;"BRASILIA";"Animais na Pista";"Colisão transversal";"Com Vítimas Feridas";"Plena Noite";"Decrescente";"Céu Claro";"Dupla";"Reta";"Sim";3;0;1;0;1;1;1;3;-15,607905;-47,692791;"SPRF-DF";"DEL02-DF";"UOP01-DEL02-DF"
308142;2020-09-15;"terça-feira";"19:40:00";"GO";153;427,7;"ANAPOLIS";"Desobediência às normas de trânsito pelo condutor";"Colisão transversal";"Com Vítimas Feridas";"Plena Noite";"Crescente";"Céu Claro";"Dupla";"Aclive";"Não";2;0;0;1;1;0;1;2;-16,229342;-49,009438;"SPRF-GO";"DEL02-GO";"UOP01-DEL02-GO"
308147;2020-09-07;"segunda-feira";"23:40:00";"ES";259;44,5;"COLATINA";"Carga excessiva e/ou mal acondicionada";"Tombamento";"Com Vítimas Feridas";"Plena Noite";"Decrescente";"Céu Claro";"Simples";"Aclive";"Não";2;0;0;1;0;2;1;3;-19,53267553;-40,57174467;"SPRF-ES";"DEL02-ES";"UOP01-DEL02-ES"
308153;2020-09-15;"terça-feira";"14:30:00";"MG";153;3;"ARAPORA";"Falta de Atenção à Condução";"Tombamento";"Sem Vítimas";"Pleno dia";"Decrescente";"Céu Claro";"Dupla";"Curva";"Sim";2;0;0;0;1;1;0;2;-18,44267098;-49,18831685;"SPRF-MG";"DEL15-MG";"UOP03-DEL15-MG"
308157;2020-09-15;"terça-feira";"19:00:00";"SP";116;206;"GUARULHOS";"Não guardar distância de segurança";"Colisão lateral";"Com Vítimas Feridas";"Plena Noite";"Crescente";"Céu Claro";"Dupla";"Reta";"Sim";2;0;1;0;0;1;1;2;-23,41972188;-46,38419203;"SPRF-SP";"DEL01-SP";"UOP01-DEL01-SP"
308161;2020-09-15;"terça-feira";"15:30:00";"PA";158;688;"SANTA MARIA DAS BARREIRAS";"Defeito na Via";"Danos eventuais";"Sem Vítimas";"Pleno dia";"Decrescente";"Céu Claro";"Simples";"Ponte";"Não";1;0;0;0;1;0;0;1;-8,6848311;-50,43882876;"SPRF-PA";"DEL03-PA";"UOP01-DEL03-PA"
308165;2020-09-15;"terça-feira";"21:20:00";"RS";116;10,8;"VACARIA";"Desobediência às normas de trânsito pelo condutor";"Colisão lateral";"Com Vítimas Feridas";"Plena Noite";"Decrescente";"Nublado";"Simples";"Curva";"Não";2;0;1;0;0;1;1;2;-28,28603201;-50,80273597;"SPRF-RS";"DEL05-RS";"UOP03-DEL05-RS"
308166;2020-09-15;"terça-feira";"22:05:00";"GO";153;527,2;"HIDROLANDIA";"Condutor Dormindo";"Colisão traseira";"Com Vítimas Feridas";"Plena Noite";"Decrescente";"Ignorado";"Dupla";"Aclive;Curva";"Não";3;0;1;0;1;1;1;3;-16,94146128;-49,25351143;"SPRF-GO";"DEL01-GO";"UOP03-DEL01-GO"
308171;2020-09-15;"terça-feira";"18:15:00";"SC";282;131,9;"BOM RETIRO";"Falta de Atenção à Condução";"Colisão frontal";"Com Vítimas Feridas";"Plena Noite";"Crescente";"Nublado";"Simples";"Reta";"Não";3;0;1;1;1;0;2;3;-27,808748;-49,513229;"SPRF-SC";"DEL05-SC";"UOP01-DEL05-SC"
308173;2020-09-15;"terça-feira";"22:00:00";"CE";403;130;"CARIRE";"Falta de Atenção à Condução";"Colisão frontal";"Com Vítimas Fatais";"Plena Noite";"Crescente";"Céu Claro";"Simples";"Curva";"Não";3;2;0;0;0;1;0;2;-3,843074;-40,49326;"SPRF-CE";"DEL04-CE";"UOP01-DEL04-CE"
308176;2020-09-16;"quarta-feira";"00:45:00";"MG";381;777,5;"CAMPANHA";"Condutor Dormindo";"Saída de leito carroçável";"Com Vítimas Feridas";"Plena Noite";"Crescente";"Céu Claro";"Dupla";"Reta";"Não";2;0;2;0;0;0;2;1;-21,82472705;-45,49551193;"SPRF-MG";"DEL16-MG";"UOP02-DEL16-MG"
308180;2020-09-15;"terça-feira";"20:15:00";"MG";40;128,3;"JOAO PINHEIRO";"Falta de Atenção à Condução";"Colisão traseira";"Com Vítimas Fatais";"Plena Noite";"Crescente";"Céu Claro";"Simples";"Reta";"Não";3;1;0;0;1;2;0;4;-17,702018;-46,30219;"SPRF-MG";"DEL14-MG";"UOP01-DEL14-MG"
308181;2020-09-16;"quarta-feira";"01:40:00";"PR";116;99;"SAO JOSE DOS PINHAIS";"Falta de Atenção à Condução";"Colisão traseira";"Sem Vítimas";"Plena Noite";"Crescente";"Nublado";"Dupla";"Reta";"Não";2;0;0;0;2;0;0;2;-25,52682231;-49,14038767;"SPRF-PR";"DEL01-PR";"UOP01-DEL01-PR"
308182;2020-09-16;"quarta-feira";"01:30:00";"PR";116;105,5;"SAO JOSE DOS PINHAIS";"Velocidade Incompatível";"Colisão traseira";"Com Vítimas Fatais";"Plena Noite";"Crescente";"Céu Claro";"Dupla";"Reta";"Não";2;1;0;0;0;1;0;2;-25,56635207;-49,16833598;"SPRF-PR";"DEL01-PR";"UOP01-DEL01-PR"
308184;2020-09-16;"quarta-feira";"01:40:00";"PR";476;194;"LAPA";"Falta de Atenção à Condução";"Colisão transversal";"Com Vítimas Feridas";"Plena Noite";"Crescente";"Nublado";"Simples";"Declive;Reta";"Não";2;0;0;1;1;0;1;2;-25,74675515;-49,71836437;"SPRF-PR";"DEL02-PR";"UOP04-DEL02-PR"
308187;2020-09-16;"quarta-feira";"03:05:00";"CE";222;12;"CAUCAIA";"Falta de Atenção à Condução";"Colisão transversal";"Com Vítimas Feridas";"Plena Noite";"Crescente";"Céu Claro";"Simples";"Reta";"Não";4;0;1;0;2;4;1;7;-3,76479979;-38,66897196;"SPRF-CE";"DEL01-CE";"UOP01-DEL01-CE"
308188;2020-09-16;"quarta-feira";"04:30:00";"RN";304;249;"SANTA MARIA";"Condutor Dormindo";"Colisão lateral";"Com Vítimas Feridas";"Amanhecer";"Crescente";"Céu Claro";"Simples";"Reta";"Não";2;0;0;1;1;0;1;2;-5,82888181;-35,76257697;"SPRF-RN";"DEL01-RN";"UOP02-DEL01-RN"
308192;2020-09-16;"quarta-feira";"04:20:00";"PA";222;245;"MARABA";"Ingestão de Álcool";"Colisão lateral";"Sem Vítimas";"Amanhecer";"Decrescente";"Céu Claro";"Simples";"Reta";"Sim";5;0;0;0;4;1;0;3;-5,35390591;-49,07970428;"SPRF-PA";"DEL03-PA";"UOP01-DEL03-PA"
308196;2020-09-16;"quarta-feira";"05:15:00";"MG";381;753;"TRES CORACOES";"Condutor Dormindo";"Saída de leito carroçável";"Com Vítimas Feridas";"Amanhecer";"Decrescente";"Céu Claro";"Dupla";"Curva";"Não";4;0;0;1;2;1;1;4;-21,67856574;-45,34113742;"SPRF-MG";"DEL16-MG";"UOP02-DEL16-MG"
308198;2020-09-16;"quarta-feira";"02:40:00";"BA";116;486;"RAFAEL JAMBEIRO";"Ingestão de Álcool";"Colisão traseira";"Sem Vítimas";"Plena Noite";"Crescente";"Céu Claro";"Dupla";"Reta";"Não";3;0;0;0;1;2;0;3;-12,53299173;-39,41711114;"SPRF-BA";"DEL02-BA";"UOP01-DEL02-BA"
308199;2020-09-16;"quarta-feira";"04:30:00";"MS";267;21;"BATAGUASSU";"Condutor Dormindo";"Colisão frontal";"Com Vítimas Feridas";"Plena Noite";"Decrescente";"Céu Claro";"Simples";"Declive;Reta";"Não";2;0;1;0;0;1;1;2;-21,72685269;-52,3389101;"SPRF-MS";"DEL02-MS";"UOP04-DEL02-MS"
308201;2020-09-16;"quarta-feira";"05:30:00";"PI";230;219,2;"OEIRAS";"Condutor Dormindo";"Colisão frontal";"Com Vítimas Fatais";"Amanhecer";"Decrescente";"Céu Claro";"Simples";"Reta";"Não";6;3;0;1;1;1;1;3;-7,01641525;-42,27069139;"SPRF-PI";"DEL03-PI";"UOP01-DEL03-PI"
308202;2020-09-16;"quarta-feira";"06:20:00";"BA";101;908;"NOVA VICOSA";"Defeito na Via";"Colisão frontal";"Com Vítimas Feridas";"Amanhecer";"Crescente";"Sol";"Simples";"Reta";"Não";3;0;1;0;1;1;1;3;-17,98609603;-39,85969159;"SPRF-BA";"DEL09-BA";"UOP02-DEL09-BA"
308204;2020-09-16;"quarta-feira";"04:15:00";"MT";174;372;"CONQUISTA DOESTE";"Falta de Atenção à Condução";"Capotamento";"Com Vítimas Feridas";"Plena Noite";"Decrescente";"Céu Claro";"Simples";"Reta";"Não";2;0;1;0;0;1;1;2;-14,59512456;-59,50773777;"SPRF-MT";"DEL04-MT";"UOP01-DEL04-MT"
308205;2020-09-16;"quarta-feira";"01:50:00";"TO";153;435,4;"MIRACEMA DO TOCANTINS";"Falta de Atenção à Condução";"Tombamento";"Com Vítimas Feridas";"Plena Noite";"Decrescente";"Céu Claro";"Simples";"Reta;Aclive";"Não";3;0;2;0;0;1;2;2;-9,70126424;-48,67363565;"SPRF-TO";"DEL01-TO";"UOP01-DEL01-TO"
308206;2020-09-16;"quarta-feira";"03:45:00";"MG";365;645,9;"UBERLANDIA";"Falta de Atenção à Condução";"Saída de leito carroçável";"Com Vítimas Feridas";"Plena Noite";"Decrescente";"Céu Claro";"Dupla";"Reta;Em Obras";"Não";2;0;1;0;0;1;1;2;-18,87775999;-48,512251;"SPRF-MG";"DEL15-MG";"UOP01-DEL15-MG"
308209;2020-09-16;"quarta-feira";"06:45:00";"MG";262;456,5;"NOVA SERRANA";"Defeito Mecânico no Veículo";"Saída de leito carroçável";"Com Vítimas Feridas";"Pleno dia";"Decrescente";"Céu Claro";"Simples";"Reta";"Não";1;0;1;0;0;0;1;1;-19,84401343;-45,04068778;"SPRF-MG";"DEL08-MG";"UOP03-DEL08-MG"
308210;2020-09-16;"quarta-feira";"00:30:00";"PA";10;333;"SAO MIGUEL DO GUAMA";"Objeto estático sobre o leito carroçável";"Colisão traseira";"Sem Vítimas";"Plena Noite";"Crescente";"Nublado";"Simples";"Ponte";"Sim";2;0;0;0;1;1;0;2;-1,52847611;-47,51785935;"SPRF-PA";"DEL01-PA";"UOP02-DEL01-PA"
308213;2020-09-16;"quarta-feira";"06:45:00";"RJ";116;178,8;"BELFORD ROXO";"Velocidade Incompatível";"Colisão traseira";"Sem Vítimas";"Amanhecer";"Decrescente";"Sol";"Dupla";"Reta";"Sim";2;0;0;0;2;0;0;2;-22,74457549;-43,44892816;"SPRF-RJ";"DEL01-RJ";"UOP02-DEL01-RJ"
308216;2020-09-16;"quarta-feira";"07:40:00";"PR";476;128;"CURITIBA";"Não guardar distância de segurança";"Engavetamento";"Com Vítimas Feridas";"Pleno dia";"Crescente";"Nublado";"Múltipla";"Reta;Em Obras";"Sim";4;0;1;0;3;0;1;3;-25,433048;-49,23156;"SPRF-PR";"DEL01-PR";"UOP03-DEL01-PR"
308220;2020-09-16;"quarta-feira";"07:00:00";"SP";116;561;"BARRA DO TURVO";"Falta de Atenção à Condução";"Colisão com objeto estático";"Com Vítimas Feridas";"Pleno dia";"Crescente";"Céu Claro";"Dupla";"Curva";"Não";2;0;1;0;0;1;1;2;-25,02045097;-48,51586004;"SPRF-SP";"DEL05-SP";"UOP02-DEL05-SP"
308221;2020-09-16;"quarta-feira";"08:00:00";"CE";222;13;"CAUCAIA";"Não guardar distância de segurança";"Engavetamento";"Com Vítimas Feridas";"Pleno dia";"Decrescente";"Céu Claro";"Simples";"Reta";"Não";6;0;2;0;4;0;2;5;-3,76323859;-38,6776931;"SPRF-CE";"DEL01-CE";"UOP01-DEL01-CE"
308225;2020-09-16;"quarta-feira";"07:15:00";"RJ";101;565;"PARATY";"Falta de Atenção à Condução";"Colisão frontal";"Com Vítimas Feridas";"Pleno dia";"Decrescente";"Céu Claro";"Simples";"Curva";"Sim";3;0;1;0;2;0;1;2;-23,151162;-44,69967999;"SPRF-RJ";"DEL03-RJ";"UOP04-DEL03-RJ"
308226;2020-09-16;"quarta-feira";"09:00:00";"MG";40;759;"EWBANK DA CAMARA";"Falta de Atenção do Pedestre";"Atropelamento de Pedestre";"Com Vítimas Feridas";"Pleno dia";"Decrescente";"Céu Claro";"Simples";"Reta";"Não";3;0;0;1;1;1;1;3;-21,520757;-43,52314305;"SPRF-MG";"DEL05-MG";"UOP01-DEL05-MG"
308232;2020-09-16;"quarta-feira";"08:50:00";"SC";101;208;"SAO JOSE";"Falta de Atenção à Condução";"Colisão traseira";"Com Vítimas Feridas";"Pleno dia";"Decrescente";"Nublado";"Múltipla";"Curva";"Sim";2;0;0;1;0;1;1;2;-27,60327979;-48,63201818;"SPRF-SC";"DEL01-SC";"UOP01-DEL01-SC"
308234;2020-09-16;"quarta-feira";"09:30:00";"MG";40;582,3;"ITABIRITO";"Falta de Atenção à Condução";"Colisão frontal";"Com Vítimas Feridas";"Pleno dia";"Crescente";"Céu Claro";"Simples";"Reta";"Não";6;0;3;0;2;1;3;5;-20,31049595;-43,93484962;"SPRF-MG";"DEL01-MG";"UOP02-DEL01-MG"
308235;2020-09-16;"quarta-feira";"09:00:00";"RJ";116;228;"PIRAI";"Carga excessiva e/ou mal acondicionada";"Tombamento";"Sem Vítimas";"Pleno dia";"Decrescente";"Sol";"Múltipla";"Curva";"Não";2;0;0;0;1;1;0;2;-22,66668986;-43,85029793;"SPRF-RJ";"DEL07-RJ";"UOP01-DEL07-RJ"
308238;2020-09-07;"segunda-feira";"18:00:00";"PE";428;30;"CABROBO";"Desobediência às normas de trânsito pelo condutor";"Colisão frontal";"Com Vítimas Feridas";"Plena Noite";"Decrescente";"Céu Claro";"Simples";"Reta";"Não";3;0;2;0;1;0;2;2;-8,514043;-39,479463;"SPRF-PE";"DEL05-PE";"UOP03-DEL05-PE"
308242;2020-09-16;"quarta-feira";"06:30:00";"RS";290;330;"CACAPAVA DO SUL";"Falta de Atenção à Condução";"Colisão frontal";"Com Vítimas Feridas";"Amanhecer";"Crescente";"Chuva";"Simples";"Reta;Ponte";"Não";3;0;0;1;1;2;1;4;-30,3639887;-53,49208832;"SPRF-RS";"DEL09-RS";"UOP02-DEL09-RS"
308243;2020-09-16;"quarta-feira";"10:20:00";"GO";50;305;"CUMARI";"Defeito Mecânico no Veículo";"Queda de ocupante de veículo";"Com Vítimas Feridas";"Pleno dia";"Crescente";"Céu Claro";"Dupla";"Reta";"Não";3;0;0;1;0;2;1;2;-18,3636;-48,0502;"SPRF-GO";"DEL06-GO";"UOP01-DEL06-GO"
308246;2020-09-16;"quarta-feira";"07:37:00";"BA";116;535;"ITATIM";"Falta de Atenção à Condução";"Colisão traseira";"Com Vítimas Feridas";"Pleno dia";"Decrescente";"Garoa/Chuvisco";"Simples";"Reta;Aclive";"Não";4;0;1;0;2;2;1;5;-12,749521;-39,795051;"SPRF-BA";"DEL03-BA";"UOP02-DEL03-BA"
308248;2020-01-26;"domingo";"17:00:00";"BA";116;863,5;"VITORIA DA CONQUISTA";"Falta de Atenção do Pedestre";"Atropelamento de Pedestre";"Com Vítimas Feridas";"Pleno dia";"Crescente";"Nublado";"Simples";"Reta";"Não";2;0;0;1;1;0;1;2;-15,07709709;-41,00649885;"SPRF-BA";"DEL08-BA";"UOP03-DEL08-BA"
308250;2020-09-16;"quarta-feira";"09:20:00";"RO";364;24,8;"VILHENA";"Mal Súbito";"Colisão frontal";"Com Vítimas Fatais";"Pleno dia";"Crescente";"Sol";"Simples";"Reta";"Não";3;1;0;0;1;2;0;4;-12,72462637;-60,22962301;"SPRF-RO";"DEL04-RO";"UOP01-DEL04-RO"
308251;2020-09-16;"quarta-feira";"11:00:00";"RJ";40;108;"DUQUE DE CAXIAS";"Falta de Atenção do Pedestre";"Atropelamento de Pedestre";"Com Vítimas Feridas";"Pleno dia";"Crescente";"Céu Claro";"Múltipla";"Reta";"Sim";2;0;1;0;1;0;1;2;-22,67072907;-43,28613281;"SPRF-RJ";"DEL01-RJ";"UOP01-DEL01-RJ"
308253;2020-09-16;"quarta-feira";"11:30:00";"BA";324;516;"FEIRA DE SANTANA";"Falta de Atenção à Condução";"Colisão lateral";"Sem Vítimas";"Pleno dia";"Crescente";"Céu Claro";"Simples";"Reta";"Sim";3;0;0;0;2;1;0;3;-12,2417119;-38,93768485;"SPRF-BA";"DEL02-BA";"UOP01-DEL02-BA"
308259;2020-09-16;"quarta-feira";"11:00:00";"SC";470;119,5;"IBIRAMA";"Defeito Mecânico no Veículo";"Tombamento";"Com Vítimas Feridas";"Pleno dia";"Decrescente";"Céu Claro";"Simples";"Curva";"Não";3;0;2;0;0;1;2;2;-27,081554;-49,520206;"SPRF-SC";"DEL04-SC";"UOP02-DEL04-SC"
308260;2020-09-16;"quarta-feira";"10:40:00";"RS";470;333,5;"TRIUNFO";"Velocidade Incompatível";"Colisão traseira";"Com Vítimas Feridas";"Pleno dia";"Decrescente";"Chuva";"Simples";"Reta";"Sim";3;0;1;0;2;0;1;2;-29,86086962;-51,70501361;"SPRF-RS";"DEL04-RS";"UOP02-DEL04-RS"
308261;2020-09-16;"quarta-feira";"13:10:00";"ES";101;294;"CARIACICA";"Falta de Atenção à Condução";"Colisão lateral";"Com Vítimas Feridas";"Pleno dia";"Decrescente";"Sol";"Dupla";"Reta";"Sim";4;0;1;0;2;1;1;3;-20,32415948;-40,3952903;"SPRF-ES";"DEL01-ES";"UOP01-DEL01-ES"
308263;2020-09-16;"quarta-feira";"12:40:00";"PR";369;149;"LONDRINA";"Desobediência às normas de trânsito pelo condutor";"Colisão transversal";"Com Vítimas Feridas";"Pleno dia";"Crescente";"Céu Claro";"Dupla";"Interseção de Vias";"Sim";4;0;1;1;2;0;2;2;-23,2928551;-51,15463972;"SPRF-PR";"DEL07-PR";"UOP01-DEL07-PR"
308264;2020-09-16;"quarta-feira";"13:10:00";"TO";153;733;"ALVORADA";"Defeito Mecânico no Veículo";"Incêndio";"Sem Vítimas";"Pleno dia";"Crescente";"Céu Claro";"Simples";"Reta";"Não";2;0;0;0;1;2;0;3;-12,23506398;-49,15809246;"SPRF-TO";"DEL01-TO";"UOP02-DEL01-TO"
308275;2020-09-16;"quarta-feira";"11:20:00";"MT";364;87,8;"ALTO GARCAS";"Defeito Mecânico no Veículo";"Incêndio";"Sem Vítimas";"Pleno dia";"Crescente";"Sol";"Simples";"Reta";"Não";2;0;0;0;1;1;0;2;-16,846242;-53,77102;"SPRF-MT";"DEL02-MT";"UOP02-DEL02-MT"
308276;2020-09-16;"quarta-feira";"13:40:00";"SP";116;111,4;"TAUBATE";"Falta de Atenção à Condução";"Colisão lateral";"Com Vítimas Feridas";"Pleno dia";"Decrescente";"Céu Claro";"Dupla";"Reta";"Sim";2;0;1;0;1;0;1;1;-23,03887149;-45,56097419;"SPRF-SP";"DEL06-SP";"UOP01-DEL06-SP"
308277;2020-09-16;"quarta-feira";"14:30:00";"PB";101;29,8;"RIO TINTO";"Velocidade Incompatível";"Tombamento";"Com Vítimas Feridas";"Pleno dia";"Crescente";"Sol";"Dupla";"Reta";"Não";1;0;1;0;0;0;1;1;-6,74032319;-35,13146581;"SPRF-PB";"DEL01-PB";"UOP04-DEL01-PB"
308278;2020-09-16;"quarta-feira";"14:30:00";"SP";116;313;"SAO LOURENCO DA SERRA";"Falta de Atenção à Condução";"Colisão traseira";"Com Vítimas Feridas";"Pleno dia";"Decrescente";"Nublado";"Dupla";"Reta";"Sim";3;0;0;1;1;1;1;3;-23,88913612;-46,9801679;"SPRF-SP";"DEL04-SP";"UOP01-DEL04-SP"
308280;2020-09-16;"quarta-feira";"15:15:00";"ES";447;13;"VILA VELHA";"Falta de Atenção à Condução";"Colisão lateral";"Com Vítimas Feridas";"Pleno dia";"Crescente";"Céu Claro";"Dupla";"Reta";"Sim";3;0;1;0;0;2;1;3;-20,34678517;-40,33101976;"SPRF-ES";"DEL01-ES";"UOP01-DEL01-ES"
308281;2020-09-16;"quarta-feira";"13:30:00";"MT";174;333;"PONTES E LACERDA";"Falta de Atenção à Condução";"Saída de leito carroçável";"Sem Vítimas";"Pleno dia";"Crescente";"Céu Claro";"Simples";"Reta";"Não";2;0;0;0;1;1;0;2;-14,85557192;-59,30273488;"SPRF-MT";"DEL04-MT";"UOP01-DEL04-MT"
308283;2020-09-16;"quarta-feira";"15:30:00";"RS";386;432,9;"NOVA SANTA RITA";"Velocidade Incompatível";"Colisão traseira";"Com Vítimas Feridas";"Pleno dia";"Crescente";"Chuva";"Simples";"Aclive";"Sim";4;0;1;0;3;0;1;3;-29,839973;-51,294933;"SPRF-RS";"DEL04-RS";"UOP02-DEL04-RS"
308285;2020-09-16;"quarta-feira";"16:00:00";"GO";158;175;"CAIAPONIA";"Agressão Externa";"Tombamento";"Com Vítimas Feridas";"Pleno dia";"Decrescente";"Céu Claro";"Simples";"Reta;Aclive";"Não";2;0;0;1;0;2;1;3;-17,10401097;-51,87033008;"SPRF-GO";"DEL05-GO";"UOP01-DEL05-GO"
308296;2020-09-08;"terça-feira";"11:30:00";"PE";407;129;"PETROLINA";"Falta de Atenção à Condução";"Colisão lateral";"Sem Vítimas";"Pleno dia";"Decrescente";"Céu Claro";"Dupla";"Reta";"Sim";3;0;0;0;2;3;0;5;-9,40576875;-40,50441921;"SPRF-PE";"DEL06-PE";"UOP01-DEL06-PE"
308302;2020-09-16;"quarta-feira";"15:30:00";"BA";101;767,4;"ITABELA";"Ingestão de Álcool";"Colisão traseira";"Com Vítimas Feridas";"Pleno dia";"Crescente";"Céu Claro";"Simples";"Interseção de Vias";"Não";2;0;1;0;1;0;1;2;-16,71939863;-39,45087433;"SPRF-BA";"DEL09-BA";"UOP01-DEL09-BA"
308327;2020-09-16;"quarta-feira";"19:30:00";"PE";428;43,2;"OROCO";"Desobediência às normas de trânsito pelo condutor";"Colisão frontal";"Com Vítimas Feridas";"Plena Noite";"Crescente";"Céu Claro";"Simples";"Reta";"Não";2;0;0;1;1;0;1;2;-8,58333522;-39,58547861;"SPRF-PE";"DEL05-PE";"UOP03-DEL05-PE"
308328;2020-09-16;"quarta-feira";"19:05:00";"RS";290;474,8;"ROSARIO DO SUL";"Defeito Mecânico no Veículo";"Colisão com objeto em movimento";"Com Vítimas Feridas";"Pleno dia";"Decrescente";"Nublado";"Simples";"Reta";"Não";6;0;1;0;4;1;1;3;-30,241079;-54,85825;"SPRF-RS";"DEL11-RS";"UOP02-DEL11-RS"
308335;2020-09-16;"quarta-feira";"21:10:00";"GO";60;103,4;"ANAPOLIS";"Não guardar distância de segurança";"Colisão traseira";"Com Vítimas Fatais";"Plena Noite";"Decrescente";"Céu Claro";"Múltipla";"Reta;Aclive";"Não";3;1;0;0;1;1;0;3;-16,4098;-48,9913;"SPRF-GO";"DEL02-GO";"UOP01-DEL02-GO"
308337;2020-09-16;"quarta-feira";"21:00:00";"SP";116;495;"CAJATI";"Defeito Mecânico no Veículo";"Incêndio";"Sem Vítimas";"Plena Noite";"Decrescente";"Nublado";"Dupla";"Reta";"Não";2;0;0;0;1;1;0;2;-24,7531624;-48,1580848;"SPRF-SP";"DEL05-SP";"UOP01-DEL05-SP"
308341;2020-09-16;"quarta-feira";"18:00:00";"BA";242;429;"SEABRA";"Desobediência às normas de trânsito pelo condutor";"Colisão frontal";"Com Vítimas Feridas";"Plena Noite";"Crescente";"Céu Claro";"Simples";"Reta";"Não";4;0;0;1;2;2;1;4;-12,38942177;-41,8878179;"SPRF-BA";"DEL06-BA";"UOP01-DEL06-BA"
308344;2020-09-16;"quarta-feira";"21:45:00";"MG";381;940,3;"EXTREMA";"Falta de Atenção à Condução";"Colisão lateral";"Com Vítimas Feridas";"Plena Noite";"Decrescente";"Céu Claro";"Dupla";"Curva";"Não";2;0;1;0;0;1;1;2;-22,82556007;-46,31192392;"SPRF-MG";"DEL16-MG";"UOP03-DEL16-MG"
308346;2020-09-16;"quarta-feira";"17:50:00";"AL";101;40,9;"FLEXEIRAS";"Avarias e/ou desgaste excessivo no pneu";"Tombamento";"Com Vítimas Feridas";"Anoitecer";"Decrescente";"Céu Claro";"Dupla";"Curva";"Não";2;0;1;0;0;1;1;2;-9,16377891;-35,77034503;"SPRF-AL";"DEL01-AL";"UOP02-DEL01-AL"
308354;2020-09-16;"quarta-feira";"20:50:00";"CE";222;297,5;"TIANGUA";"Ingestão de Álcool";"Colisão com objeto estático";"Com Vítimas Feridas";"Plena Noite";"Decrescente";"Céu Claro";"Simples";"Declive;Curva";"Não";2;0;1;0;1;0;1;2;-3,6548289;-40,93057394;"SPRF-CE";"DEL04-CE";"UOP02-DEL04-CE"
308356;2020-09-16;"quarta-feira";"21:50:00";"MT";364;192,1;"RONDONOPOLIS";"Desobediência às normas de trânsito pelo condutor";"Colisão lateral";"Sem Vítimas";"Plena Noite";"Crescente";"Céu Claro";"Simples";"Curva";"Não";4;0;0;0;2;3;0;4;-16,5554419;-54,57066995;"SPRF-MT";"DEL02-MT";"UOP01-DEL02-MT"
308357;2020-09-16;"quarta-feira";"18:40:00";"PR";376;500;"PONTA GROSSA";"Desobediência às normas de trânsito pelo condutor";"Derramamento de carga";"Sem Vítimas";"Plena Noite";"Decrescente";"Céu Claro";"Dupla";"Reta";"Não";2;0;0;0;1;2;0;3;-25,20185079;-50,07092178;"SPRF-PR";"DEL03-PR";"UOP04-DEL03-PR"
308358;2020-09-16;"quarta-feira";"20:30:00";"SP";153;274,5;"OCAUCU";"Defeito Mecânico no Veículo";"Saída de leito carroçável";"Sem Vítimas";"Plena Noite";"Decrescente";"Céu Claro";"Simples";"Declive";"Não";2;0;0;0;1;1;0;2;-22,37219533;-49,87033316;"SPRF-SP";"DEL07-SP";"UOP02-DEL07-SP"
308361;2020-09-16;"quarta-feira";"23:45:00";"SP";116;55,1;"GUARATINGUETA";"Falta de Atenção à Condução";"Colisão traseira";"Sem Vítimas";"Plena Noite";"Decrescente";"Céu Claro";"Dupla";"Reta";"Não";3;0;0;0;2;2;0;4;-22,76356421;-45,12272385;"SPRF-SP";"DEL08-SP";"UOP01-DEL08-SP"