"id";"data_inversa";"dia_semana";"horario";"uf";"br";"km";"municipio";"causa_acidente";"tipo_acidente";"classificacao_acidente";"fase_dia";"sentido_via";"condicao_metereologica";"tipo_pista";"tracado_via";"uso_solo";"pessoas";"mortos";"feridos_leves";"feridos_graves";"ilesos";"ignorados";"feridos";"veiculos";"latitude";"longitude";"regional";"delegacia";"uop"
308363;2020-09-17;"quinta-feira";"00:30:00";"MG";40;249,5;"SAO GONCALO DO ABAETE";"Condutor Dormindo";"Saída de leito carroçável";"Com Vítimas Fatais";"Plena Noite";"Crescente";"Céu Claro";"Simples";"Curva;Declive";"Não";3;1;0;1;0;1;1;2;-18,12048563;-45,45200399;"SPRF-MG";"DEL14-MG";"UOP02-DEL14-MG"
308364;2020-09-16;"quarta-feira";"19:30:00";"BA";324;273;"JACOBINA";"Falta de Atenção à Condução";"Colisão traseira";"Com Vítimas Fatais";"Plena Noite";"Crescente";"Nublado";"Simples";"Reta;Aclive";"Não";2;1;0;0;0;1;0;2;-11,1068316;-40,6381917;"SPRF-BA";"DEL04-BA";"UOP02-DEL04-BA"
308369;2020-09-17;"quinta-feira";"01:40:00";"SC";470;220,5;"SAO CRISTOVAO DO SUL";"Defeito Mecânico no Veículo";"Capotamento";"Com Vítimas Feridas";"Plena Noite";"Decrescente";"Chuva";"Simples";"Curva";"Não";1;0;1;0;0;0;1;1;-27,309702;-50,30975;"SPRF-SC";"DEL05-SC";"UOP03-DEL05-SC"
308370;2020-09-17;"quinta-feira";"01:50:00";"RN";101;166;"BAIA FORMOSA";"Condutor Dormindo";"Colisão traseira";"Com Vítimas Feridas";"Plena Noite";"Crescente";"Céu Claro";"Dupla";"Aclive";"Não";3;0;0;1;1;2;1;4;-6,41690408;-35,12638614;"SPRF-RN";"DEL01-RN";"UOP01-DEL01-RN"
308374;2020-09-17;"quinta-feira";"03:40:00";"MG";116;712,2;"MURIAE";"Velocidade Incompatível";"Tombamento";"Com Vítimas Feridas";"Plena Noite";"Decrescente";"Céu Claro";"Simples";"Curva";"Não";2;0;1;0;0;2;1;3;-21,17559299;-42,37196176;"SPRF-MG";"DEL07-MG";"UOP02-DEL07-MG"
308376;2020-09-17;"quinta-feira";"01:20:00";"SP";116;158,5;"JACAREI";"Falta de Atenção à Condução";"Colisão traseira";"Sem Vítimas";"Plena Noite";"Decrescente";"Céu Claro";"Dupla";"Reta";"Sim";2;0;0;0;0;2;0;2;-23,26072137;-45,95179176;"SPRF-SP";"DEL02-SP";"UOP01-DEL02-SP"
308378;2020-09-17;"quinta-feira";"06:30:00";"RJ";40;118;"DUQUE DE CAXIAS";"Não guardar distância de segurança";"Colisão lateral";"Com Vítimas Feridas";"Pleno dia";"Crescente";"Céu Claro";"Dupla";"Reta";"Sim";2;0;0;1;1;0;1;2;-22,75470802;-43,28737838;"SPRF-RJ";"DEL01-RJ";"UOP01-DEL01-RJ"
308381;2020-09-17;"quinta-feira";"06:10:00";"PR";277;652;"MATELANDIA";"Falta de Atenção à Condução";"Colisão transversal";"Com Vítimas Feridas";"Pleno dia";"Crescente";"Céu Claro";"Simples";"Interseção de Vias";"Não";2;0;0;1;1;0;1;2;-25,20466596;-53,94913311;"SPRF-PR";"DEL05-PR";"UOP02-DEL05-PR"
308389;2020-09-17;"quinta-feira";"07:00:00";"MG";116;715;"MURIAE";"Condutor Dormindo";"Saída de leito carroçável";"Com Vítimas Feridas";"Pleno dia";"Crescente";"Céu Claro";"Simples";"Aclive;Curva";"Não";1;0;1;0;0;0;1;1;-21,19771622;-42,38425612;"SPRF-MG";"DEL07-MG";"UOP02-DEL07-MG"
308391;2020-09-16;"quarta-feira";"18:18:00";"MT";163;621;"NOVA MUTUM";"Ultrapassagem Indevida";"Colisão lateral";"Com Vítimas Feridas";"Anoitecer";"Crescente";"Nublado";"Simples";"Reta";"Não";4;0;1;0;2;4;1;7;-13,72663905;-56,04643283;"SPRF-MT";"DEL01-MT";"UOP01-DEL01-MT"
308397;2020-09-05;"sábado";"18:45:00";"PR";376;501,5;"PONTA GROSSA";"Ingestão de Álcool";"Colisão transversal";"Sem Vítimas";"Plena Noite";"Decrescente";"Céu Claro";"Dupla";"Declive";"Não";4;0;0;0;3;1;0;4;-25,20894789;-50,06444688;"SPRF-PR";"DEL03-PR";"UOP04-DEL03-PR"
308405;2020-09-17;"quinta-feira";"08:35:00";"PE";408;21;"TIMBAUBA";"Não guardar distância de segurança";"Colisão traseira";"Sem Vítimas";"Pleno dia";"Decrescente";"Sol";"Simples";"Aclive";"Não";3;0;0;0;3;0;0;3;-7,52257159;-35,29948406;"SPRF-PE";"DEL01-PE";"UOP01-DEL01-PE"
308422;2020-09-17;"quinta-feira";"10:45:00";"MG";116;541,3;"SANTA RITA DE MINAS";"Ultrapassagem Indevida";"Derramamento de carga";"Com Vítimas Feridas";"Pleno dia";"Decrescente";"Sol";"Simples";"Curva";"Não";2;0;1;0;0;2;1;3;-19,89438795;-42,13395072;"SPRF-MG";"DEL06-MG";"UOP02-DEL06-MG"
308424;2020-09-17;"quinta-feira";"11:00:00";"RS";116;245;"SAO LEOPOLDO";"Não guardar distância de segurança";"Colisão traseira";"Sem Vítimas";"Pleno dia";"Decrescente";"Céu Claro";"Dupla";"Reta";"Sim";3;0;0;0;2;1;0;3;-29,75664868;-51,15162157;"SPRF-RS";"DEL01-RS";"UOP02-DEL01-RS"
308427;2020-09-17;"quinta-feira";"09:45:00";"MT";163;955;"NOVA SANTA HELENA";"Defeito Mecânico no Veículo";"Incêndio";"Sem Vítimas";"Pleno dia";"Decrescente";"Céu Claro";"Simples";"Reta";"Sim";2;0;0;0;1;2;0;3;-10,84805764;-55,18747549;"SPRF-MT";"DEL06-MT";"NPF/DEL06-MT"
308428;2020-09-17;"quinta-feira";"10:45:00";"GO";60;128,7;"GOIANAPOLIS";"Ultrapassagem Indevida";"Saída de leito carroçável";"Com Vítimas Feridas";"Pleno dia";"Crescente";"Sol";"Dupla";"Reta";"Não";6;0;1;0;4;2;1;5;-16,5498;-49,1518;"SPRF-GO";"DEL01-GO";"UOP01-DEL01-GO"
308431;2020-09-17;"quinta-feira";"07:00:00";"AL";101;16,7;"NOVO LINO";"Carga excessiva e/ou mal acondicionada";"Derramamento de carga";"Sem Vítimas";"Pleno dia";"Crescente";"Céu Claro";"Dupla";"Curva";"Não";2;0;0;0;1;1;0;2;-8,99730698;-35,6760262;"SPRF-AL";"DEL01-AL";"UOP02-DEL01-AL"
308432;2020-06-21;"domingo";"10:50:00";"RS";290;91;"PORTO ALEGRE";"Falta de Atenção à Condução";"Colisão transversal";"Com Vítimas Feridas";"Pleno dia";"Crescente";"Céu Claro";"Dupla";"Reta";"Não";3;0;1;0;2;0;1;3;-29,969055;-51,167439;"SPRF-RS";"DEL01-RS";"UOP01-DEL01-RS"
308435;2020-09-09;"quarta-feira";"17:35:00";"PR";277;483,5;"NOVA LARANJEIRAS";"Ingestão de Álcool";"Colisão frontal";"Com Vítimas Feridas";"Anoitecer";"Decrescente";"Céu Claro";"Múltipla";"Aclive";"Não";5;0;2;1;1;1;3;3;-25,272948;-52,603615;"SPRF-PR";"DEL04-PR";"UOP02-DEL04-PR"
308438;2020-09-17;"quinta-feira";"12:20:00";"GO";60;114;"TEREZOPOLIS DE GOIAS";"Falta de Atenção à Condução";"Colisão lateral";"Com Vítimas Feridas";"Pleno dia";"Crescente";"Sol";"Dupla";"Reta";"Não";4;0;2;0;1;2;2;4;-16,4633;-49,0636;"SPRF-GO";"DEL01-GO";"UOP01-DEL01-GO"
308447;2020-09-17;"quinta-feira";"13:10:00";"TO";153;493;"PARAISO DO TOCANTINS";"Falta de Atenção à Condução";"Colisão lateral";"Com Vítimas Fatais";"Pleno dia";"Crescente";"Céu Claro";"Simples";"Reta";"Não";3;1;0;0;1;2;0;4;-10,15013934;-48,88466417;"SPRF-TO";"DEL01-TO";"UOP01-DEL01-TO"
308448;2020-09-17;"quinta-feira";"07:40:00";"RO";364;411,9;"JARU";"Velocidade Incompatível";"Tombamento";"Com Vítimas Feridas";"Pleno dia";"Decrescente";"Céu Claro";"Simples";"Curva;Aclive";"Não";3;0;1;0;1;1;1;2;-10,52283456;-62,40294456;"SPRF-RO";"DEL03-RO";"UOP02-DEL03-RO"
308450;2020-09-05;"sábado";"10:20:00";"ES";262;16;"VIANA";"Falta de Atenção à Condução";"Engavetamento";"Sem Vítimas";"Pleno dia";"Crescente";"Céu Claro";"Simples";"Reta";"Sim";7;0;0;0;7;0;0;6;-20,38441093;-40,463078;"SPRF-ES";"DEL01-ES";"UOP01-DEL01-ES"
308455;2020-09-17;"quinta-feira";"06:30:00";"PE";232;10,5;"RECIFE";"Condutor Dormindo";"Saída de leito carroçável";"Com Vítimas Feridas";"Amanhecer";"Decrescente";"Céu Claro";"Múltipla";"Reta";"Sim";1;0;0;1;0;0;1;1;-8,07917241;-34,98718609;"SPRF-PE";"DEL01-PE";"UOP01-DEL01-PE"
308456;2020-09-17;"quinta-feira";"12:30:00";"MS";267;60,8;"BATAGUASSU";"Avarias e/ou desgaste excessivo no pneu";"Incêndio";"Sem Vítimas";"Pleno dia";"Decrescente";"Céu Claro";"Simples";"Declive";"Não";2;0;0;0;1;1;0;2;-21,84071636;-52,67564493;"SPRF-MS";"DEL02-MS";"UOP04-DEL02-MS"
308457;2020-09-17;"quinta-feira";"14:15:00";"BA";116;910;"ENCRUZILHADA";"Falta de Atenção à Condução";"Colisão traseira";"Com Vítimas Feridas";"Pleno dia";"Decrescente";"Sol";"Simples";"Curva";"Não";4;0;1;0;2;1;1;3;-15,5159;-41,23865;"SPRF-BA";"DEL08-BA";"UOP03-DEL08-BA"
308459;2020-09-17;"quinta-feira";"14:10:00";"MG";40;598,2;"OURO PRETO";"Velocidade Incompatível";"Colisão frontal";"Com Vítimas Fatais";"Pleno dia";"Crescente";"Sol";"Simples";"Reta";"Não";4;1;0;0;1;3;0;5;-20,42296642;-43,87357062;"SPRF-MG";"DEL05-MG";"UOP02-DEL05-MG"
308461;2020-09-17;"quinta-feira";"11:10:00";"SP";116;340;"MIRACATU";"Velocidade Incompatível";"Derramamento de carga";"Com Vítimas Feridas";"Pleno dia";"Decrescente";"Nublado";"Dupla";"Curva";"Não";2;0;1;0;0;1;1;2;-24,00328505;-47,15633198;"SPRF-SP";"DEL04-SP";"UOP02-DEL04-SP"
308462;2020-09-17;"quinta-feira";"14:30:00";"MG";365;646;"UBERLANDIA";"Falta de Atenção do Pedestre";"Atropelamento de Pedestre";"Com Vítimas Feridas";"Pleno dia";"Crescente";"Céu Claro";"Dupla";"Em Obras";"Não";3;0;0;1;1;1;1;3;-18,87600627;-48,52152586;"SPRF-MG";"DEL15-MG";"UOP01-DEL15-MG"
308464;2020-09-17;"quinta-feira";"11:00:00";"MA";135;6,4;"SAO LUIS";"Defeito Mecânico no Veículo";"Incêndio";"Sem Vítimas";"Pleno dia";"Decrescente";"Céu Claro";"Dupla";"Reta";"Sim";2;0;0;0;1;1;0;2;-2,62287394;-44,31742072;"SPRF-MA";"DEL01-MA";"UOP01-DEL01-MA"
308467;2020-09-17;"quinta-feira";"14:30:00";"RS";290;130,7;"ELDORADO DO SUL";"Falta de Atenção à Condução";"Colisão transversal";"Com Vítimas Feridas";"Pleno dia";"Crescente";"Nublado";"Dupla";"Em Obras";"Não";3;0;1;0;2;0;1;2;-30,058458;-51,510532;"SPRF-RS";"DEL02-RS";"UOP01-DEL02-RS"
308472;2020-09-17;"quinta-feira";"09:40:00";"MT";174;279,3;"PONTES E LACERDA";"Objeto estático sobre o leito carroçável";"Saída de leito carroçável";"Sem Vítimas";"Pleno dia";"Decrescente";"Sol";"Simples";"Reta";"Não";2;0;0;0;1;1;0;2;-15,30142908;-59,26108206;"SPRF-MT";"DEL04-MT";"UOP01-DEL04-MT"
308473;2020-09-17;"quinta-feira";"14:00:00";"MA";135;16,2;"SAO LUIS";"Não guardar distância de segurança";"Colisão traseira";"Sem Vítimas";"Pleno dia";"Decrescente";"Céu Claro";"Dupla";"Reta";"Sim";2;0;0;0;2;0;0;2;-2,70264079;-44,31049629;"SPRF-MA";"DEL01-MA";"UOP01-DEL01-MA"
308475;2020-09-17;"quinta-feira";"15:20:00";"MG";381;502,3;"BETIM";"Desobediência às normas de trânsito pelo condutor";"Colisão traseira";"Com Vítimas Feridas";"Pleno dia";"Crescente";"Céu Claro";"Dupla";"Reta";"Sim";7;0;3;0;4;0;3;6;-20,02141964;-44,22924042;"SPRF-MG";"DEL01-MG";"UOP03-DEL01-MG"
308478;2020-09-17;"quinta-feira";"14:45:00";"RO";364;711;"PORTO VELHO";"Carga excessiva e/ou mal acondicionada";"Derramamento de carga";"Sem Vítimas";"Pleno dia";"Decrescente";"Nublado";"Dupla";"Retorno Regulamentado";"Não";2;0;0;0;1;1;0;2;-8,78367842;-63,86189461;"SPRF-RO";"DEL01-RO";"UOP01-DEL01-RO"
308480;2020-09-17;"quinta-feira";"16:30:00";"PR";277;113,5;"CAMPO LARGO";"Falta de Atenção à Condução";"Colisão lateral";"Com Vítimas Feridas";"Pleno dia";"Decrescente";"Nublado";"Dupla";"Reta";"Sim";2;0;1;0;1;0;1;2;-25,44660173;-49,48954046;"SPRF-PR";"DEL01-PR";"UOP03-DEL03-PR"
308481;2020-09-17;"quinta-feira";"06:00:00";"RR";174;60;"RORAINOPOLIS";"Falta de Atenção à Condução";"Colisão lateral";"Sem Vítimas";"Pleno dia";"Decrescente";"Céu Claro";"Simples";"Reta";"Não";5;0;0;0;4;2;0;4;-0,346287;-60,688366;"SPRF-RR";"DEL01-RR";"UOP01-DEL01-RR"
308482;2020-09-17;"quinta-feira";"13:50:00";"RJ";116;261;"BARRA MANSA";"Ingestão de Álcool";"Colisão lateral";"Sem Vítimas";"Pleno dia";"Crescente";"Sol";"Dupla";"Reta";"Não";2;0;0;0;2;0;0;2;-22,58476877;-44,05026905;"SPRF-RJ";"DEL07-RJ";"UOP02-DEL07-RJ"
308483;2020-09-17;"quinta-feira";"16:30:00";"GO";364;196;"JATAI";"Falta de Atenção à Condução";"Colisão frontal";"Com Vítimas Feridas";"Pleno dia";"Crescente";"Céu Claro";"Dupla";"Reta";"Não";3;0;0;1;1;1;1;3;-17,917234;-51,720665;"SPRF-GO";"DEL05-GO";"UOP01-DEL05-GO"
308493;2020-09-17;"quinta-feira";"17:05:00";"RS";116;247,3;"SAO LEOPOLDO";"Falta de Atenção à Condução";"Colisão traseira";"Com Vítimas Feridas";"Pleno dia";"Crescente";"Céu Claro";"Dupla";"Reta";"Sim";2;0;1;0;1;0;1;2;-29,76733091;-51,1535296;"SPRF-RS";"DEL01-RS";"UOP02-DEL01-RS"
308496;2020-09-17;"quinta-feira";"17:30:00";"PR";476;133,8;"CURITIBA";"Desobediência às normas de trânsito pelo condutor";"Colisão lateral";"Com Vítimas Feridas";"Pleno dia";"Crescente";"Sol";"Múltipla";"Interseção de Vias";"Sim";2;0;1;0;1;0;1;2;-25,476524;-49,259937;"SPRF-PR";"DEL01-PR";"UOP03-DEL01-PR"
308501;2020-09-17;"quinta-feira";"17:45:00";"RS";290;116;"ELDORADO DO SUL";"Falta de Atenção à Condução";"Engavetamento";"Com Vítimas Feridas";"Pleno dia";"Decrescente";"Céu Claro";"Simples";"Reta";"Não";7;0;3;0;4;0;3;4;-30,046543;-51,367748;"SPRF-RS";"DEL02-RS";"UOP01-DEL02-RS"
308502;2020-09-17;"quinta-feira";"14:49:00";"SP";116;139,7;"SAO JOSE DOS CAMPOS";"Falta de Atenção à Condução";"Colisão traseira";"Com Vítimas Feridas";"Pleno dia";"Crescente";"Céu Claro";"Dupla";"Reta";"Sim";4;0;2;1;1;0;3;3;-23,16153216;-45,80400592;"SPRF-SP";"DEL06-SP";"UOP01-DEL06-SP"
308505;2020-09-16;"quarta-feira";"08:25:00";"MA";226;433;"GRAJAU";"Defeito na Via";"Tombamento";"Com Vítimas Feridas";"Pleno dia";"Decrescente";"Céu Claro";"Simples";"Reta";"Não";2;0;1;0;0;2;1;3;-5,88073434;-46,25930783;"SPRF-MA";"DEL04-MA";"UOP02-DEL04-MA"
308507;2020-09-17;"quinta-feira";"17:40:00";"PR";277;355;"GUARAPUAVA";"Carga excessiva e/ou mal acondicionada";"Tombamento";"Sem Vítimas";"Anoitecer";"Decrescente";"Nublado";"Simples";"Curva";"Não";1;0;0;0;1;0;0;1;-25,41438258;-51,55957483;"SPRF-PR";"DEL08-PR";"UOP01-DEL08-PR"
308508;2020-09-17;"quinta-feira";"17:30:00";"MG";365;401,5;"PATOS DE MINAS";"Restrição de Visibilidade";"Colisão lateral";"Com Vítimas Feridas";"Anoitecer";"Decrescente";"Céu Claro";"Dupla";"Reta";"Não";6;0;2;0;3;2;2;4;-18,63309325;-46,4411538;"SPRF-MG";"DEL10-MG";"UOP01-DEL10-MG"
308510;2020-09-17;"quinta-feira";"18:30:00";"BA";101;103;"ALAGOINHAS";"Restrição de Visibilidade";"Colisão transversal";"Com Vítimas Feridas";"Plena Noite";"Decrescente";"Céu Claro";"Simples";"Reta";"Não";3;0;1;0;1;1;1;3;-12,15963868;-38,41162324;"SPRF-BA";"DEL01-BA";"UOP04-DEL01-BA"
308516;2020-09-17;"quinta-feira";"17:00:00";"MG";381;421;"CAETE";"Sinalização da via insuficiente ou inadequada";"Colisão frontal";"Com Vítimas Feridas";"Pleno dia";"Crescente";"Céu Claro";"Simples";"Curva";"Não";2;0;2;0;0;0;2;2;-19,783061;-43,66116123;"SPRF-MG";"DEL01-MG";"UOP01-DEL01-MG"
308520;2020-09-17;"quinta-feira";"18:20:00";"BA";135;99;"RIACHAO DAS NEVES";"Condutor Dormindo";"Colisão frontal";"Com Vítimas Feridas";"Anoitecer";"Crescente";"Céu Claro";"Simples";"Reta";"Não";3;0;0;1;2;0;1;2;-11,54355899;-44,83438294;"SPRF-BA";"DEL10-BA";"UOP01-DEL10-BA"
308525;2020-09-17;"quinta-feira";"19:30:00";"PR";277;660,5;"MATELANDIA";"Velocidade Incompatível";"Colisão traseira";"Com Vítimas Feridas";"Anoitecer";"Crescente";"Céu Claro";"Dupla";"Curva;Declive";"Não";5;0;3;0;1;1;3;3;-25,25136237;-53,99027796;"SPRF-PR";"DEL05-PR";"UOP02-DEL05-PR"
308528;2020-09-17;"quinta-feira";"19:35:00";"MG";365;627,1;"UBERLANDIA";"Velocidade Incompatível";"Colisão transversal";"Sem Vítimas";"Plena Noite";"Decrescente";"Céu Claro";"Dupla";"Retorno Regulamentado";"Sim";3;0;0;0;2;2;0;4;-18,90359335;-48,34361612;"SPRF-MG";"DEL15-MG";"UOP01-DEL15-MG"
308529;2020-09-17;"quinta-feira";"14:45:00";"MT";163;538;"DIAMANTINO";"Fenômenos da Natureza";"Incêndio";"Sem Vítimas";"Pleno dia";"Decrescente";"Sol";"Simples";"Reta";"Não";2;0;0;0;1;1;0;2;-14,39790283;-56,11054979;"SPRF-MT";"DEL01-MT";"UOP01-DEL01-MT"
308532;2020-09-17;"quinta-feira";"20:50:00";"RS";290;74,6;"GRAVATAI";"Falta de Atenção à Condução";"Tombamento";"Sem Vítimas";"Plena Noite";"Crescente";"Céu Claro";"Dupla";"Aclive;Curva";"Não";1;0;0;0;1;0;0;1;-29,953354;-50,996696;"SPRF-RS";"DEL03-RS";"UOP01-DEL03-RS"
308535;2020-09-17;"quinta-feira";"18:20:00";"GO";70;314;"JUSSARA";"Defeito Mecânico no Veículo";"Colisão lateral";"Com Vítimas Feridas";"Pleno dia";"Decrescente";"Sol";"Dupla";"Reta";"Sim";2;0;1;0;1;0;1;2;-15,87494218;-50,86668145;"SPRF-GO";"DEL04-GO";"UOP01-DEL04-GO"
308540;2020-04-14;"terça-feira";"09:15:00";"BA";101;204;"MURITIBA";"Mal Súbito";"Saída de leito carroçável";"Com Vítimas Fatais";"Pleno dia";"Crescente";"Nublado";"Dupla";"Reta";"Não";2;2;0;0;0;0;0;1;-12,63317306;-39,09398987;"SPRF-BA";"DEL01-BA";"UOP03-DEL01-BA"
308543;2020-09-17;"quinta-feira";"21:50:00";"MG";381;403,6;"BOM JESUS DO AMPARO";"Velocidade Incompatível";"Colisão traseira";"Com Vítimas Fatais";"Plena Noite";"Decrescente";"Céu Claro";"Simples";"Reta";"Não";9;4;2;0;2;3;2;8;-19,75137942;-43,53638096;"SPRF-MG";"DEL01-MG";"UOP01-DEL01-MG"
308552;2020-09-17;"quinta-feira";"21:00:00";"MA";316;500,9;"CAXIAS";"Animais na Pista";"Atropelamento de Animal";"Com Vítimas Feridas";"Plena Noite";"Decrescente";"Céu Claro";"Simples";"Reta";"Não";2;0;1;0;0;2;1;3;-4,71293;-43,764786;"SPRF-MA";"DEL03-MA";"UOP02-DEL03-MA"
308553;2020-09-17;"quinta-feira";"22:25:00";"MG";381;688;"LAVRAS";"Condutor Dormindo";"Saída de leito carroçável";"Com Vítimas Feridas";"Plena Noite";"Decrescente";"Céu Claro";"Dupla";"Curva";"Não";2;0;1;0;0;1;1;2;-21,21737985;-45,1265452;"SPRF-MG";"DEL04-MG";"UOP02-DEL04-MG"
308555;2020-09-17;"quinta-feira";"22:00:00";"PR";376;513,5;"PONTA GROSSA";"Falta de Atenção à Condução";"Colisão traseira";"Com Vítimas Feridas";"Plena Noite";"Decrescente";"Céu Claro";"Dupla";"Curva";"Não";3;0;0;1;1;3;1;5;-25,23898;-50,035792;"SPRF-PR";"DEL03-PR";"UOP04-DEL03-PR"
308556;2020-09-17;"quinta-feira";"22:31:00";"MG";381;846,2;"POUSO ALEGRE";"Animais na Pista";"Atropelamento de Animal";"Com Vítimas Feridas";"Plena Noite";"Crescente";"Céu Claro";"Dupla";"Reta";"Não";3;0;1;1;1;0;2;2;-22,2442938;-45,88357198;"SPRF-MG";"DEL16-MG";"UOP01-DEL16-MG"
308558;2020-09-17;"quinta-feira";"19:35:00";"MA";10;278,9;"IMPERATRIZ";"Ingestão de Álcool";"Colisão frontal";"Com Vítimas Feridas";"Plena Noite";"Crescente";"Céu Claro";"Simples";"Reta";"Não";4;0;0;1;3;0;1;3;-5,303832;-47,497295;"SPRF-MA";"DEL04-MA";"UOP01-DEL04-MA"
308561;2020-09-17;"quinta-feira";"19:15:00";"MG";365;362,5;"VARJAO DE MINAS";"Defeito Mecânico no Veículo";"Colisão com objeto estático";"Sem Vítimas";"Plena Noite";"Crescente";"Céu Claro";"Simples";"Aclive";"Não";2;0;0;0;1;1;0;2;-18,44015791;-46,07395717;"SPRF-MG";"DEL10-MG";"UOP01-DEL10-MG"
308563;2020-09-17;"quinta-feira";"22:55:00";"MT";364;337,9;"SANTO ANTONIO DO LEVERGER";"Falta de Atenção à Condução";"Colisão traseira";"Com Vítimas Feridas";"Plena Noite";"Decrescente";"Nublado";"Dupla";"Reta";"Não";4;0;0;1;3;0;1;2;-15,833065;-55,468155;"SPRF-MT";"DEL05-MT";"UOP02-DEL05-MT"
308566;2020-09-17;"quinta-feira";"22:58:00";"MG";381;845,8;"SAO SEBASTIAO DA BELA VISTA";"Falta de Atenção à Condução";"Engavetamento";"Com Vítimas Feridas";"Plena Noite";"Crescente";"Céu Claro";"Dupla";"Curva";"Sim";6;0;2;0;3;2;2;7;-22,23698876;-45,87928703;"SPRF-MG";"DEL16-MG";"UOP01-DEL16-MG"
308568;2020-09-18;"sexta-feira";"01:25:00";"MG";381;772,1;"CAMPANHA";"Condutor Dormindo";"Saída de leito carroçável";"Com Vítimas Feridas";"Plena Noite";"Decrescente";"Céu Claro";"Dupla";"Reta";"Não";1;0;1;0;0;0;1;1;-21,79763003;-45,45693799;"SPRF-MG";"DEL16-MG";"UOP02-DEL16-MG"
308569;2020-09-18;"sexta-feira";"02:40:00";"MG";50;38;"ARAGUARI";"Ingestão de Álcool";"Tombamento";"Com Vítimas Feridas";"Plena Noite";"Decrescente";"Céu Claro";"Dupla";"Viaduto";"Sim";3;0;2;0;0;2;2;3;-18,66213891;-48,16444004;"SPRF-MG";"DEL15-MG";"UOP02-DEL15-MG"
308574;2020-09-18;"sexta-feira";"03:30:00";"ES";101;426,9;"ATILIO VIVACQUA";"Falta de Atenção à Condução";"Tombamento";"Com Vítimas Feridas";"Amanhecer";"Crescente";"Nublado";"Simples";"Curva";"Não";1;0;1;0;0;0;1;1;-21,00770847;-41,13888973;"SPRF-ES";"DEL03-ES";"UOP02-DEL03-ES"
308578;2020-09-18;"sexta-feira";"04:00:00";"BA";116;565;"NOVA ITARANA";"Falta de Atenção à Condução";"Colisão lateral";"Sem Vítimas";"Amanhecer";"Crescente";"Céu Claro";"Simples";"Curva";"Não";3;0;0;0;2;1;0;3;-12,97080612;-39,93364785;"SPRF-BA";"DEL03-BA";"UOP02-DEL03-BA"
308579;2020-09-17;"quinta-feira";"19:00:00";"BA";30;443,7;"UBAITABA";"Ingestão de Álcool";"Colisão lateral";"Com Vítimas Feridas";"Plena Noite";"Decrescente";"Céu Claro";"Simples";"Reta";"Não";2;0;1;0;1;0;1;2;-14,31129423;-39,31800842;"SPRF-BA";"DEL08-BA";"UOP01-DEL08-BA"
308580;2020-09-18;"sexta-feira";"05:10:00";"MG";381;532;"ITATIAIUCU";"Carga excessiva e/ou mal acondicionada";"Derramamento de carga";"Sem Vítimas";"Amanhecer";"Decrescente";"Céu Claro";"Dupla";"Curva";"Não";4;0;0;0;3;3;0;6;-20,1904316;-44,38268793;"SPRF-MG";"DEL04-MG";"UOP03-DEL04-MG"
308588;2020-09-18;"sexta-feira";"07:41:00";"RN";226;49;"BOM JESUS";"Desobediência às normas de trânsito pelo condutor";"Engavetamento";"Com Vítimas Feridas";"Pleno dia";"Crescente";"Sol";"Simples";"Declive";"Não";4;0;0;1;3;0;1;3;-5,991731;-35,597491;"SPRF-RN";"DEL03-RN";"UOP02-DEL03-RN"
308589;2020-09-18;"sexta-feira";"07:40:00";"MG";381;499;"BETIM";"Falta de Atenção à Condução";"Colisão traseira";"Com Vítimas Feridas";"Pleno dia";"Decrescente";"Céu Claro";"Dupla";"Reta;Aclive";"Sim";2;0;1;0;1;0;1;2;-19,99943268;-44,21080828;"SPRF-MG";"DEL01-MG";"UOP03-DEL01-MG"
308591;2020-09-18;"sexta-feira";"07:15:00";"SC";101;440,4;"SANTA ROSA DO SUL";"Falta de Atenção à Condução";"Colisão lateral";"Sem Vítimas";"Pleno dia";"Decrescente";"Céu Claro";"Dupla";"Reta";"Não";3;0;0;0;2;1;0;3;-29,12420083;-49,66719602;"SPRF-SC";"DEL02-SC";"UOP02-DEL02-SC"
308593;2020-09-18;"sexta-feira";"04:50:00";"BA";101;83,3;"ALAGOINHAS";"Ultrapassagem Indevida";"Colisão frontal";"Com Vítimas Fatais";"Amanhecer";"Crescente";"Céu Claro";"Simples";"Reta";"Não";3;1;0;0;1;1;0;3;-12,0360429;-38,29621809;"SPRF-BA";"DEL01-BA";"UOP04-DEL01-BA"
308596;2020-09-18;"sexta-feira";"08:00:00";"MG";381;805,4;"SAO GONCALO DO SAPUCAI";"Velocidade Incompatível";"Colisão traseira";"Sem Vítimas";"Pleno dia";"Decrescente";"Céu Claro";"Múltipla";"Reta";"Não";2;0;0;0;2;0;0;2;-22,0056578;-45,67574216;"SPRF-MG";"DEL16-MG";"UOP02-DEL16-MG"
308602;2020-09-18;"sexta-feira";"08:00:00";"PE";232;75,6;"GRAVATA";"Falta de Atenção à Condução";"Colisão traseira";"Com Vítimas Feridas";"Pleno dia";"Decrescente";"Céu Claro";"Dupla";"Reta";"Não";3;0;1;0;1;1;1;3;-8,19737799;-35,525476;"SPRF-PE";"DEL02-PE";"UOP02-DEL02PE"
308607;2020-09-18;"sexta-feira";"08:25:00";"PE";232;125;"CARUARU";"Defeito Mecânico no Veículo";"Colisão com objeto estático";"Com Vítimas Feridas";"Pleno dia";"Decrescente";"Céu Claro";"Dupla";"Aclive";"Não";1;0;1;0;0;0;1;1;-8,31322;-36,040708;"SPRF-PE";"DEL02-PE";"UOP03-DEL02-PE"