"id";"data_inversa";"dia_semana";"horario";"uf";"br";"km";"municipio";"causa_acidente";"tipo_acidente";"classificacao_acidente";"fase_dia";"sentido_via";"condicao_metereologica";"tipo_pista";"tracado_via";"uso_solo";"pessoas";"mortos";"feridos_leves";"feridos_graves";"ilesos";"ignorados";"feridos";"veiculos";"latitude";"longitude";"regional";"delegacia";"uop"
308609;2020-09-18;"sexta-feira";"09:00:00";"PE";232;135,1;"CARUARU";"Falta de Atenção à Condução";"Colisão lateral";"Sem Vítimas";"Pleno dia";"Crescente";"Sol";"Dupla";"Reta";"Sim";3;0;0;0;2;1;0;3;-8,31096592;-36,03308802;"SPRF-PE";"DEL02-PE";"UOP03-DEL02-PE"
308610;2020-09-18;"sexta-feira";"07:30:00";"RJ";101;325;"NITEROI";"Falta de Atenção à Condução";"Colisão transversal";"Com Vítimas Feridas";"Pleno dia";"Decrescente";"Céu Claro";"Múltipla";"Reta";"Não";2;0;1;0;1;0;1;2;-22,87292569;-43,13625699;"SPRF-RJ";"DEL02-RJ";"UOP02-DEL02-RJ"
308617;2020-08-28;"sexta-feira";"21:30:00";"GO";60;14,2;"ALEXANIA";"Falta de Atenção à Condução";"Colisão lateral";"Com Vítimas Feridas";"Plena Noite";"Crescente";"Céu Claro";"Dupla";"Reta";"Não";6;0;2;0;4;0;2;2;-16,094168;-48,517212;"SPRF-DF";"DEL03-DF";"UOP01-DEL03-DF"
308623;2020-09-18;"sexta-feira";"11:15:00";"BA";116;643,4;"JEQUIE";"Defeito Mecânico no Veículo";"Saída de leito carroçável";"Com Vítimas Feridas";"Pleno dia";"Crescente";"Céu Claro";"Simples";"Curva";"Não";2;0;1;0;0;1;1;2;-13,601967;-40,088993;"SPRF-BA";"DEL03-BA";"UOP01-DEL03-BA"
308625;2020-09-18;"sexta-feira";"06:30:00";"MG";381;413;"NOVA UNIAO";"Falta de Atenção à Condução";"Engavetamento";"Com Vítimas Fatais";"Pleno dia";"Decrescente";"Céu Claro";"Dupla";"Reta";"Não";21;1;2;11;6;2;13;14;-19,74091908;-43,60699698;"SPRF-MG";"DEL01-MG";"UOP01-DEL01-MG"
308628;2020-08-11;"terça-feira";"21:15:00";"MS";163;498,7;"CAMPO GRANDE";"Falta de Atenção do Pedestre";"Atropelamento de Pedestre";"Com Vítimas Fatais";"Plena Noite";"Decrescente";"Céu Claro";"Simples";"Reta";"Não";3;1;0;0;1;1;0;3;-20,33471;-54,518643;"SPRF-MS";"DEL01-MS";"UOP02-DEL01-MS"
308629;2020-09-18;"sexta-feira";"11:30:00";"SP";116;504;"CAJATI";"Falta de Atenção à Condução";"Colisão com objeto estático";"Com Vítimas Feridas";"Pleno dia";"Decrescente";"Céu Claro";"Simples";"Curva;Aclive";"Não";2;0;1;0;0;2;1;3;-24,78266496;-48,20865858;"SPRF-SP";"DEL05-SP";"UOP02-DEL05-SP"
308630;2020-09-18;"sexta-feira";"12:00:00";"GO";60;114;"GOIANAPOLIS";"Defeito Mecânico no Veículo";"Saída de leito carroçável";"Com Vítimas Fatais";"Pleno dia";"Decrescente";"Céu Claro";"Dupla";"Reta";"Não";7;1;3;0;2;1;3;2;-16,4633;-49,0636;"SPRF-GO";"DEL01-GO";"UOP01-DEL01-GO"
308636;2020-07-31;"sexta-feira";"22:45:00";"PR";376;385;"IMBAU";"Falta de Atenção à Condução";"Colisão traseira";"Com Vítimas Feridas";"Plena Noite";"Crescente";"Céu Claro";"Dupla";"Aclive";"Sim";2;0;1;0;0;1;1;2;-24,48914095;-50,7327429;"SPRF-PR";"DEL03-PR";"UOP02-DEL03-PR"
308637;2020-09-18;"sexta-feira";"11:20:00";"RJ";393;165;"TRES RIOS";"Velocidade Incompatível";"Tombamento";"Com Vítimas Feridas";"Pleno dia";"Crescente";"Sol";"Simples";"Curva";"Não";2;0;0;1;0;1;1;2;-22,11000315;-43,10975196;"SPRF-RJ";"DEL05-RJ";"UOP01-DEL05-RJ"
308638;2020-09-18;"sexta-feira";"12:30:00";"MG";262;485;"BETIM";"Desobediência às normas de trânsito pelo condutor";"Colisão lateral";"Sem Vítimas";"Pleno dia";"Crescente";"Céu Claro";"Dupla";"Reta";"Sim";3;0;0;0;2;1;0;3;-19,95798631;-44,09242898;"SPRF-MG";"DEL08-MG";"UOP03-DEL08-MG"
308643;2020-02-13;"quinta-feira";"18:00:00";"MG";40;247,2;"SAO GONCALO DO ABAETE";"Velocidade Incompatível";"Saída de leito carroçável";"Com Vítimas Feridas";"Anoitecer";"Decrescente";"Chuva";"Simples";"Declive";"Não";2;0;0;1;0;1;1;2;-18,10887028;-45,4657742;"SPRF-MG";"DEL14-MG";"UOP02-DEL14-MG"
308647;2020-09-18;"sexta-feira";"14:20:00";"SP";153;30,6;"NOVA GRANADA";"Defeito Mecânico no Veículo";"Tombamento";"Com Vítimas Feridas";"Pleno dia";"Crescente";"Céu Claro";"Simples";"Aclive";"Não";1;0;1;0;0;0;1;1;-20,53857207;-49,33057559;"SPRF-SP";"DEL09-SP";"UOP01-DEL09-SP"
308648;2020-09-18;"sexta-feira";"13:30:00";"PE";101;184;"PALMARES";"Falta de Atenção à Condução";"Colisão lateral";"Com Vítimas Feridas";"Pleno dia";"Crescente";"Céu Claro";"Dupla";"Reta";"Não";3;0;1;0;1;1;1;3;-8,66602702;-35,57292197;"SPRF-PE";"DEL01-PE";"UOP03-DEL01-PE"
308649;2020-09-18;"sexta-feira";"14:00:00";"GO";50;174,9;"CAMPO ALEGRE DE GOIAS";"Falta de Atenção à Condução";"Colisão traseira";"Com Vítimas Feridas";"Pleno dia";"Crescente";"Céu Claro";"Dupla";"Reta";"Não";2;0;1;0;1;0;1;2;-17,3632;-47,7889;"SPRF-GO";"DEL06-GO";"UOP01-DEL06-GO"
308650;2020-09-18;"sexta-feira";"13:20:00";"MG";381;649;"SANTO ANTONIO DO AMPARO";"Velocidade Incompatível";"Saída de leito carroçável";"Com Vítimas Feridas";"Pleno dia";"Crescente";"Céu Claro";"Dupla";"Curva";"Não";2;0;1;0;1;0;1;2;-20,96227294;-44,92925305;"SPRF-MG";"DEL04-MG";"UOP02-DEL04-MG"
308651;2020-06-25;"quinta-feira";"13:30:00";"PA";222;100;"RONDON DO PARA";"Defeito Mecânico no Veículo";"Saída de leito carroçável";"Com Vítimas Feridas";"Pleno dia";"Crescente";"Céu Claro";"Simples";"Reta";"Não";2;0;0;1;0;1;1;2;-4,750449;-48,037624;"SPRF-PA";"DEL02-PA";"UOP02-DEL02-PA"
308657;2020-09-18;"sexta-feira";"13:25:00";"RJ";493;21;"MAGE";"Falta de Atenção à Condução";"Colisão transversal";"Com Vítimas Feridas";"Pleno dia";"Decrescente";"Céu Claro";"Simples";"Reta";"Sim";4;0;0;1;2;1;1;4;-22,66039321;-43,04690123;"SPRF-RJ";"DEL04-RJ";"UOP02-DEL04-RJ"
308659;2020-09-18;"sexta-feira";"15:10:00";"RN";304;263,8;"SAO PEDRO";"Velocidade Incompatível";"Engavetamento";"Com Vítimas Feridas";"Pleno dia";"Decrescente";"Céu Claro";"Simples";"Aclive";"Não";13;0;2;1;9;2;3;8;-5,85455569;-35,63874192;"SPRF-RN";"DEL01-RN";"UOP02-DEL01-RN"
308672;2020-09-18;"sexta-feira";"16:30:00";"SC";101;456,3;"SAO JOAO DO SUL";"Defeito Mecânico no Veículo";"Colisão com objeto estático";"Sem Vítimas";"Pleno dia";"Crescente";"Céu Claro";"Dupla";"Reta";"Sim";1;0;0;0;1;0;0;1;-29,23068767;-49,75879669;"SPRF-SC";"DEL02-SC";"UOP02-DEL02-SC"
308676;2020-09-18;"sexta-feira";"16:30:00";"MG";40;448;"CAETANOPOLIS";"Defeito Mecânico no Veículo";"Incêndio";"Sem Vítimas";"Pleno dia";"Decrescente";"Sol";"Dupla";"Aclive";"Não";2;0;0;0;1;1;0;2;-19,301651;-44,377922;"SPRF-MG";"DEL02-MG";"UOP01-DEL02-MG"
308680;2020-09-18;"sexta-feira";"16:35:00";"SC";282;612,3;"MARAVILHA";"Desobediência às normas de trânsito pelo condutor";"Colisão frontal";"Com Vítimas Feridas";"Pleno dia";"Crescente";"Sol";"Simples";"Em Obras;Reta";"Não";3;0;0;1;1;1;1;3;-26,75906;-53,248955;"SPRF-SC";"DEL07-SC";"UOP02-DEL07-SC"
308683;2020-09-18;"sexta-feira";"16:42:00";"MG";40;787;"JUIZ DE FORA";"Velocidade Incompatível";"Tombamento";"Com Vítimas Feridas";"Pleno dia";"Decrescente";"Céu Claro";"Dupla";"Curva";"Não";2;0;0;1;0;1;1;2;-21,75072861;-43,44504547;"SPRF-MG";"DEL05-MG";"UOP01-DEL05-MG"
308691;2020-09-18;"sexta-feira";"17:40:00";"PR";376;307,5;"MAUA DA SERRA";"Velocidade Incompatível";"Tombamento";"Com Vítimas Feridas";"Anoitecer";"Decrescente";"Céu Claro";"Dupla";"Curva";"Não";2;0;1;0;0;1;1;2;-23,9743171;-51,1035821;"SPRF-PR";"DEL07-PR";"UOP03-DEL07-PR"
308694;2020-09-18;"sexta-feira";"16:30:00";"PA";316;51,1;"CASTANHAL";"Falta de Atenção à Condução";"Colisão traseira";"Com Vítimas Feridas";"Pleno dia";"Decrescente";"Céu Claro";"Dupla";"Declive";"Não";3;0;1;0;1;1;1;3;-1,30696138;-48,03478;"SPRF-PA";"DEL01-PA";"UOP01-DEL01-PA"
308696;2020-09-18;"sexta-feira";"14:00:00";"MG";116;484,9;"INHAPIM";"Falta de Atenção à Condução";"Saída de leito carroçável";"Sem Vítimas";"Pleno dia";"Decrescente";"Céu Claro";"Simples";"Curva";"Não";2;0;0;0;1;1;0;2;-19,42849704;-42,12289089;"SPRF-MG";"DEL06-MG";"UOP02-DEL06-MG"
308700;2020-09-18;"sexta-feira";"16:00:00";"RJ";40;109;"DUQUE DE CAXIAS";"Falta de Atenção à Condução";"Tombamento";"Sem Vítimas";"Pleno dia";"Crescente";"Céu Claro";"Múltipla";"Curva";"Sim";1;0;0;0;1;0;0;1;-22,67374628;-43,28638368;"SPRF-RJ";"DEL01-RJ";"UOP01-DEL01-RJ"
308701;2020-09-18;"sexta-feira";"18:30:00";"CE";304;21;"BEBERIBE";"Ingestão de Álcool";"Atropelamento de Pedestre";"Com Vítimas Fatais";"Plena Noite";"Crescente";"Céu Claro";"Simples";"Reta";"Sim";3;1;0;0;1;1;0;3;-4,58472438;-38,02252001;"SPRF-CE";"DEL03-CE";"UOP03-DEL03-CE"
308706;2020-09-18;"sexta-feira";"18:45:00";"SP";381;88;"GUARULHOS";"Velocidade Incompatível";"Colisão traseira";"Com Vítimas Feridas";"Plena Noite";"Crescente";"Nublado";"Múltipla";"Reta";"Sim";2;0;1;0;0;1;1;2;-23,47469314;-46,56112919;"SPRF-SP";"DEL03-SP";"UOP01-DEL03-SP"
308707;2020-09-18;"sexta-feira";"19:10:00";"GO";60;207;"GUAPO";"Carga excessiva e/ou mal acondicionada";"Queda de ocupante de veículo";"Com Vítimas Feridas";"Plena Noite";"Decrescente";"Céu Claro";"Dupla";"Reta";"Não";2;0;1;0;1;0;1;2;-16,9153;-49,6608;"SPRF-GO";"DEL01-GO";"UOP02-DEL01-GO"
308718;2020-09-18;"sexta-feira";"20:00:00";"PI";407;574;"PAULISTANA";"Ultrapassagem Indevida";"Colisão frontal";"Com Vítimas Feridas";"Plena Noite";"Decrescente";"Céu Claro";"Simples";"Reta";"Sim";3;0;0;1;2;0;1;3;-8,13898497;-41,13739139;"SPRF-PI";"DEL04-PI";"UOP01-DEL04-PI"
308722;2020-09-18;"sexta-feira";"18:30:00";"SC";280;24,8;"ARAQUARI";"Falta de Atenção à Condução";"Colisão transversal";"Com Vítimas Feridas";"Plena Noite";"Crescente";"Nublado";"Simples";"Reta";"Não";2;0;0;1;1;0;1;2;-26,37724921;-48,71953282;"SPRF-SC";"DEL03-SC";"UOP03-DEL03-SC"
308727;2020-09-18;"sexta-feira";"11:30:00";"BA";242;488;"OLIVEIRA DOS BREJINHOS";"Velocidade Incompatível";"Tombamento";"Sem Vítimas";"Pleno dia";"Decrescente";"Céu Claro";"Simples";"Curva";"Não";2;0;0;0;1;1;0;2;-12,41266504;-42,36170394;"SPRF-BA";"DEL06-BA";"UOP01-DEL06-BA"
308733;2020-09-18;"sexta-feira";"20:00:00";"RJ";116;53;"TERESOPOLIS";"Condutor Dormindo";"Tombamento";"Com Vítimas Feridas";"Plena Noite";"Crescente";"Céu Claro";"Simples";"Curva";"Não";1;0;1;0;0;0;1;1;-22,20141446;-42,87189678;"SPRF-RJ";"DEL04-RJ";"UOP01-DEL04-RJ"
308736;2020-09-18;"sexta-feira";"18:45:00";"SC";153;100,1;"CONCORDIA";"Desobediência às normas de trânsito pelo condutor";"Colisão transversal";"Com Vítimas Fatais";"Plena Noite";"Decrescente";"Nublado";"Simples";"Reta";"Sim";2;1;0;0;1;0;0;2;-27,242643;-51,95171;"SPRF-SC";"DEL07-SC";"UOP04-DEL07-SC"
308738;2020-09-18;"sexta-feira";"20:50:00";"PR";277;593,4;"CASCAVEL";"Desobediência às normas de trânsito pelo condutor";"Colisão frontal";"Com Vítimas Fatais";"Plena Noite";"Decrescente";"Céu Claro";"Simples";"Aclive";"Sim";7;2;1;0;1;3;1;6;-24,98002542;-53,4860427;"SPRF-PR";"DEL04-PR";"UOP01-DEL04-PR"
308741;2020-09-18;"sexta-feira";"21:30:00";"GO";452;186,5;"ITUMBIARA";"Desobediência às normas de trânsito pelo condutor";"Colisão frontal";"Com Vítimas Fatais";"Plena Noite";"Crescente";"Ignorado";"Simples";"Curva";"Não";4;1;0;0;2;1;0;3;-18,4008952;-49,31007395;"SPRF-GO";"DEL03-GO";"UOP02-DEL03-GO"
308744;2020-09-18;"sexta-feira";"18:30:00";"MG";40;576;"ITABIRITO";"Falta de Atenção do Pedestre";"Atropelamento de Pedestre";"Com Vítimas Fatais";"Plena Noite";"Crescente";"Ignorado";"Simples";"Reta";"Não";2;1;0;0;1;0;0;2;-20,26485707;-43,9573481;"SPRF-MG";"DEL01-MG";"UOP02-DEL01-MG"
308745;2020-09-18;"sexta-feira";"19:15:00";"SC";116;184,7;"SAO CRISTOVAO DO SUL";"Falta de Atenção à Condução";"Colisão transversal";"Com Vítimas Feridas";"Plena Noite";"Crescente";"Nublado";"Simples";"Interseção de Vias";"Sim";2;0;0;1;0;1;1;2;-27,30242236;-50,42467117;"SPRF-SC";"DEL05-SC";"UOP03-DEL05-SC"
308748;2020-09-18;"sexta-feira";"21:38:00";"PR";153;477,5;"PORTO VITORIA";"Falta de Atenção à Condução";"Colisão frontal";"Com Vítimas Fatais";"Plena Noite";"Crescente";"Céu Claro";"Simples";"Reta";"Não";5;1;0;1;2;1;1;4;-26,33219153;-51,24916077;"SPRF-PR";"DEL02-PR";"UOP03-DEL02-PR"
308751;2020-09-18;"sexta-feira";"22:15:00";"SC";101;199,8;"SAO JOSE";"Desobediência às normas de trânsito pelo condutor";"Colisão lateral";"Com Vítimas Feridas";"Plena Noite";"Crescente";"Céu Claro";"Dupla";"Reta";"Sim";2;0;1;0;1;0;1;2;-27,53413705;-48,63003205;"SPRF-SC";"DEL01-SC";"UOP01-DEL01-SC"
308755;2020-09-18;"sexta-feira";"22:00:00";"ES";101;329,9;"GUARAPARI";"Falta de Atenção à Condução";"Colisão traseira";"Com Vítimas Feridas";"Plena Noite";"Decrescente";"Céu Claro";"Dupla";"Reta";"Não";5;0;2;0;2;1;2;3;-20,58543019;-40,49702183;"SPRF-ES";"DEL03-ES";"UOP01-DEL03-ES"
308756;2020-09-18;"sexta-feira";"22:45:00";"MG";381;754,5;"TRES CORACOES";"Condutor Dormindo";"Colisão com objeto estático";"Com Vítimas Feridas";"Plena Noite";"Decrescente";"Céu Claro";"Dupla";"Reta";"Sim";3;0;1;0;1;1;1;3;-21,68626885;-45,34601116;"SPRF-MG";"DEL16-MG";"UOP02-DEL16-MG"
308758;2020-09-18;"sexta-feira";"11:45:00";"AC";364;112;"RIO BRANCO";"Falta de Atenção à Condução";"Colisão traseira";"Com Vítimas Feridas";"Pleno dia";"Crescente";"Céu Claro";"Simples";"Reta;Declive";"Não";3;0;1;0;0;2;1;2;-10,0136782;-67,683134;"SPRF-AC";"DEL01-AC";"UOP01-DEL01-AC"
308763;2020-09-18;"sexta-feira";"19:40:00";"BA";407;188;"PONTO NOVO";"Falta de Atenção à Condução";"Saída de leito carroçável";"Sem Vítimas";"Pleno dia";"Decrescente";"Céu Claro";"Simples";"Reta";"Não";1;0;0;0;1;0;0;1;-11,00104201;-40,10087918;"SPRF-BA";"DEL04-BA";"UOP02-DEL04-BA"
308764;2020-09-18;"sexta-feira";"21:30:00";"BA";242;653;"MUQUEM DE SAO FRANCISCO";"Defeito Mecânico no Veículo";"Tombamento";"Sem Vítimas";"Plena Noite";"Decrescente";"Céu Claro";"Simples";"Declive";"Não";1;0;0;0;1;0;0;1;-12,22441528;-43,82966302;"SPRF-BA";"DEL06-BA";"UOP03-DEL06-BA"
308765;2020-09-18;"sexta-feira";"22:10:00";"MG";381;432;"SABARA";"Carga excessiva e/ou mal acondicionada";"Tombamento";"Com Vítimas Feridas";"Plena Noite";"Crescente";"Céu Claro";"Simples";"Aclive;Curva";"Não";2;0;1;0;0;1;1;2;-19,78750571;-43,73981096;"SPRF-MG";"DEL01-MG";"UOP01-DEL01-MG"
308766;2020-09-18;"sexta-feira";"23:00:00";"MG";381;399;"BOM JESUS DO AMPARO";"Falta de Atenção à Condução";"Colisão traseira";"Com Vítimas Feridas";"Plena Noite";"Decrescente";"Céu Claro";"Dupla";"Em Obras";"Não";3;0;1;0;2;0;1;2;-19,73681212;-43,51276109;"SPRF-MG";"DEL01-MG";"UOP01-DEL01-MG"
308774;2020-09-18;"sexta-feira";"17:00:00";"MA";135;158;"MATOES DO NORTE";"Defeito na Via";"Saída de leito carroçável";"Com Vítimas Feridas";"Pleno dia";"Crescente";"Céu Claro";"Simples";"Reta";"Não";1;0;1;0;0;0;1;1;-3,83043503;-44,51355506;"SPRF-MA";"DEL01-MA";"UOP02-DEL01-MA"
308776;2020-09-18;"sexta-feira";"22:25:00";"MS";163;89,4;"ITAQUIRAI";"Condutor Dormindo";"Colisão traseira";"Sem Vítimas";"Plena Noite";"Decrescente";"Céu Claro";"Simples";"Reta";"Não";4;0;0;0;4;0;0;2;-23,37905205;-54,21242239;"SPRF-MS";"DEL09-MS";"UOP01-DEL09-MS"
308780;2020-09-18;"sexta-feira";"22:35:00";"BA";101;947,2;"MUCURI";"Velocidade Incompatível";"Tombamento";"Com Vítimas Feridas";"Plena Noite";"Crescente";"Céu Claro";"Simples";"Aclive;Curva";"Não";3;0;2;1;0;0;3;1;-18,101342;-39,887284;"SPRF-BA";"DEL09-BA";"UOP02-DEL09-BA"
308788;2020-09-19;"sábado";"00:50:00";"PB";101;87,7;"JOAO PESSOA";"Desobediência às normas de trânsito pelo pedestre";"Atropelamento de Pedestre";"Com Vítimas Fatais";"Plena Noite";"Decrescente";"Céu Claro";"Dupla";"Reta";"Não";2;1;0;0;0;1;0;2;-7,158618;-34,90625;"SPRF-PB";"DEL01-PB";"UOP01-DEL01-PB"
308792;2020-09-19;"sábado";"02:30:00";"PE";232;65,4;"POMBOS";"Condutor Dormindo";"Colisão com objeto estático";"Com Vítimas Feridas";"Plena Noite";"Decrescente";"Céu Claro";"Dupla";"Reta";"Não";2;0;1;0;0;1;1;2;-8,16454496;-35,44785302;"SPRF-PE";"DEL02-PE";"UOP02-DEL02PE"
308793;2020-09-19;"sábado";"03:00:00";"PR";376;515;"PONTA GROSSA";"Condutor Dormindo";"Saída de leito carroçável";"Com Vítimas Feridas";"Plena Noite";"Decrescente";"Céu Claro";"Dupla";"Reta";"Não";3;0;1;0;1;2;1;3;-25,26550955;-49,95449282;"SPRF-PR";"DEL03-PR";"UOP04-DEL03-PR"
308811;2020-09-19;"sábado";"06:40:00";"PR";277;149;"PORTO AMAZONAS";"Ultrapassagem Indevida";"Colisão frontal";"Com Vítimas Feridas";"Pleno dia";"Crescente";"Céu Claro";"Simples";"Reta";"Não";6;0;1;3;1;1;4;3;-25,47289;-49,895964;"SPRF-PR";"DEL01-PR";"UOP03-DEL03-PR"
308814;2020-09-19;"sábado";"06:15:00";"SC";101;228,6;"PALHOCA";"Condutor Dormindo";"Colisão lateral";"Sem Vítimas";"Amanhecer";"Crescente";"Nublado";"Múltipla";"Reta";"Sim";2;0;0;0;1;1;0;2;-27,7597249;-48,63078869;"SPRF-SC";"DEL01-SC";"UOP02-DEL01-SC"
308819;2020-09-19;"sábado";"06:00:00";"PR";476;103;"BOCAIUVA DO SUL";"Desobediência às normas de trânsito pelo condutor";"Derramamento de carga";"Com Vítimas Feridas";"Amanhecer";"Decrescente";"Céu Claro";"Simples";"Reta;Aclive";"Não";4;0;2;0;1;1;2;3;-25,266514;-49,137409;"SPRF-PR";"DEL01-PR";"UOP02-DEL01-PR"
308822;2020-09-19;"sábado";"07:00:00";"MG";262;119,8;"RIO CASCA";"Não guardar distância de segurança";"Colisão traseira";"Com Vítimas Feridas";"Amanhecer";"Crescente";"Céu Claro";"Simples";"Ponte";"Sim";3;0;1;0;1;2;1;4;-20,21946878;-42,65064354;"SPRF-MG";"DEL03-MG";"UOP03-DEL03-MG"
308842;2020-09-19;"sábado";"10:20:00";"MG";262;57,3;"MANHUACU";"Desobediência às normas de trânsito pelo condutor";"Colisão traseira";"Com Vítimas Feridas";"Pleno dia";"Decrescente";"Céu Claro";"Simples";"Reta";"Não";4;0;2;0;1;1;2;3;-20,27193388;-42,18928305;"SPRF-MG";"DEL06-MG";"UOP03-DEL06-MG"
308844;2020-09-19;"sábado";"02:30:00";"BA";242;257;"BOA VISTA DO TUPIM";"Condutor Dormindo";"Colisão transversal";"Sem Vítimas";"Plena Noite";"Crescente";"Céu Claro";"Simples";"Reta";"Não";3;0;0;0;2;2;0;4;-12,48248103;-40,52734434;"SPRF-BA";"DEL06-BA";"UOP02-DEL06-BA"
308845;2020-09-19;"sábado";"09:50:00";"PI";343;348,2;"TERESINA";"Ultrapassagem Indevida";"Colisão lateral";"Sem Vítimas";"Pleno dia";"Decrescente";"Céu Claro";"Simples";"Reta;Viaduto";"Sim";4;0;0;0;2;2;0;4;-5,118706;-42,786411;"SPRF-PI";"DEL01-PI";"UOP01-DEL01-PI"
308849;2020-09-19;"sábado";"10:15:00";"RO";364;703;"PORTO VELHO";"Falta de Atenção à Condução";"Colisão traseira";"Sem Vítimas";"Pleno dia";"Crescente";"Céu Claro";"Dupla";"Reta";"Não";3;0;0;0;2;1;0;3;-8,80021523;-63,79557792;"SPRF-RO";"DEL01-RO";"UOP01-DEL01-RO"
308853;2020-09-19;"sábado";"10:00:00";"AC";364;123;"RIO BRANCO";"Falta de Atenção à Condução";"Colisão lateral";"Sem Vítimas";"Pleno dia";"Crescente";"Sol";"Dupla";"Reta";"Sim";3;0;0;0;2;1;0;3;-10,0117071;-67,782373;"SPRF-AC";"DEL01-AC";"UOP01-DEL01-AC"
308857;2020-09-19;"sábado";"12:26:00";"RJ";393;267,7;"BARRA DO PIRAI";"Mal Súbito";"Colisão frontal";"Com Vítimas Fatais";"Pleno dia";"Crescente";"Sol";"Simples";"Reta";"Não";3;1;0;0;1;1;0;3;-22,476411;-43,939292;"SPRF-RJ";"DEL05-RJ";"UOP04-DEL05-RJ"
308860;2020-09-19;"sábado";"10:30:00";"SC";470;11,3;"NAVEGANTES";"Falta de Atenção à Condução";"Colisão traseira";"Com Vítimas Feridas";"Pleno dia";"Decrescente";"Sol";"Simples";"Reta";"Não";5;0;2;1;2;0;3;3;-26,834309;-48,747269;"SPRF-SC";"DEL04-SC";"UOP04-DEL04-SC"
308866;2020-09-19;"sábado";"11:30:00";"MG";116;607,9;"SAO JOAO DO MANHUACU";"Desobediência às normas de trânsito pelo condutor";"Colisão traseira";"Com Vítimas Feridas";"Pleno dia";"Decrescente";"Céu Claro";"Simples";"Reta";"Não";6;0;2;0;4;0;2;3;-20,38752606;-42,14687854;"SPRF-MG";"DEL06-MG";"UOP03-DEL06-MG"
308867;2020-09-19;"sábado";"13:30:00";"DF";251;23;"BRASILIA";"Defeito Mecânico no Veículo";"Tombamento";"Com Vítimas Fatais";"Pleno dia";"Crescente";"Céu Claro";"Simples";"Reta";"Não";3;1;1;0;0;1;1;3;-15,961447;-47,664507;"SPRF-DF";"DEL01-DF";"UOP01-DEL01-DF"
308872;2020-09-19;"sábado";"14:20:00";"GO";60;203,2;"GUAPO";"Ingestão de Álcool";"Saída de leito carroçável";"Com Vítimas Feridas";"Pleno dia";"Decrescente";"Sol";"Dupla";"Reta;Aclive";"Não";5;0;3;0;1;1;3;3;-16,896083;-49,63471066;"SPRF-GO";"DEL01-GO";"UOP02-DEL01-GO"
308873;2020-09-19;"sábado";"13:10:00";"PR";376;343;"ORTIGUEIRA";"Não guardar distância de segurança";"Colisão traseira";"Com Vítimas Feridas";"Pleno dia";"Decrescente";"Céu Claro";"Simples";"Reta";"Não";4;0;1;1;1;2;2;4;-24,19556913;-50,95456314;"SPRF-PR";"DEL07-PR";"UOP03-DEL07-PR"
308878;2020-09-19;"sábado";"06:00:00";"MG";365;490;"PATROCINIO";"Ultrapassagem Indevida";"Saída de leito carroçável";"Com Vítimas Feridas";"Amanhecer";"Crescente";"Céu Claro";"Simples";"Curva";"Não";3;0;1;0;0;2;1;3;-18,90316848;-47,15970299;"SPRF-MG";"DEL10-MG";"UOP01-DEL10-MG"
308887;2020-09-19;"sábado";"09:20:00";"MA";222;545;"BOM JESUS DAS SELVAS";"Falta de Atenção à Condução";"Colisão traseira";"Sem Vítimas";"Pleno dia";"Crescente";"Céu Claro";"Simples";"Aclive";"Não";3;0;0;0;1;3;0;4;-4,32693198;-46,59571318;"SPRF-MA";"DEL04-MA";"UOP03-DEL04-MA"
308888;2020-09-19;"sábado";"13:00:00";"PR";163;317;"TERRA ROXA";"Defeito Mecânico no Veículo";"Incêndio";"Sem Vítimas";"Pleno dia";"Decrescente";"Céu Claro";"Simples";"Reta";"Não";2;0;0;0;1;1;0;2;-24,36979005;-54,14957685;"SPRF-PR";"DEL06-PR";"UOP02-DEL06-PR"
308889;2020-09-19;"sábado";"14:40:00";"MG";251;491,2;"FRANCISCO SA";"Não guardar distância de segurança";"Colisão traseira";"Sem Vítimas";"Pleno dia";"Crescente";"Sol";"Simples";"Reta";"Não";4;0;0;0;3;1;0;4;-16,53766183;-43,58924621;"SPRF-MG";"DEL12-MG";"UOP01-DEL12-MG"
308890;2020-09-19;"sábado";"16:00:00";"SC";101;190;"BIGUACU";"Falta de Atenção à Condução";"Colisão traseira";"Com Vítimas Feridas";"Pleno dia";"Crescente";"Sol";"Dupla";"Reta";"Não";4;0;2;0;1;1;2;3;-27,468056;-48,641712;"SPRF-SC";"DEL01-SC";"UOP01-DEL01-SC"
308898;2020-09-19;"sábado";"15:10:00";"BA";324;625;"SALVADOR";"Falta de Atenção à Condução";"Tombamento";"Sem Vítimas";"Pleno dia";"Crescente";"Céu Claro";"Dupla";"Curva";"Sim";2;0;0;0;1;3;0;4;-12,94194706;-38,47081224;"SPRF-BA";"DEL01-BA";"UOP01-DEL01-BA"
308900;2020-09-19;"sábado";"11:30:00";"RO";364;515;"ARIQUEMES";"Falta de Atenção à Condução";"Colisão traseira";"Com Vítimas Feridas";"Pleno dia";"Crescente";"Nevoeiro/Neblina";"Simples";"Reta";"Não";4;0;1;0;3;0;1;2;-9,91609662;-63,05560112;"SPRF-RO";"DEL03-RO";"UOP01-DEL03-RO"
308901;2020-08-12;"quarta-feira";"20:20:00";"BA";101;64;"ENTRE RIOS";"Velocidade Incompatível";"Tombamento";"Sem Vítimas";"Plena Noite";"Decrescente";"Nublado";"Simples";"Curva";"Não";2;0;0;0;1;3;0;4;-11,96618423;-38,14476501;"SPRF-BA";"DEL01-BA";"UOP04-DEL01-BA"