"id";"data_inversa";"dia_semana";"horario";"uf";"br";"km";"municipio";"causa_acidente";"tipo_acidente";"classificacao_acidente";"fase_dia";"sentido_via";"condicao_metereologica";"tipo_pista";"tracado_via";"uso_solo";"pessoas";"mortos";"feridos_leves";"feridos_graves";"ilesos";"ignorados";"feridos";"veiculos";"latitude";"longitude";"regional";"delegacia";"uop"
308903;2020-09-19;"sábado";"15:00:00";"BA";101;64;"ENTRE RIOS";"Desobediência às normas de trânsito pelo condutor";"Colisão frontal";"Com Vítimas Feridas";"Pleno dia";"Crescente";"Céu Claro";"Simples";"Aclive";"Não";4;0;2;0;1;2;2;5;-11,96618423;-38,14476501;"SPRF-BA";"DEL01-BA";"UOP04-DEL01-BA"
308915;2020-09-19;"sábado";"18:00:00";"TO";153;150,6;"ARAGUAINA";"Falta de Atenção à Condução";"Colisão frontal";"Com Vítimas Fatais";"Anoitecer";"Crescente";"Céu Claro";"Simples";"Reta";"Não";6;2;0;1;3;0;1;2;-7,24812605;-48,25533885;"SPRF-TO";"DEL02-TO";"UOP01-DEL02-TO"
308923;2020-09-19;"sábado";"18:50:00";"SC";101;119;"ITAJAI";"Falta de Atenção à Condução";"Colisão traseira";"Com Vítimas Feridas";"Plena Noite";"Crescente";"Céu Claro";"Dupla";"Reta";"Sim";3;0;1;0;1;2;1;4;-26,9043179;-48,71555481;"SPRF-SC";"DEL04-SC";"UOP04-DEL04-SC"
308927;2020-09-19;"sábado";"18:12:00";"MA";135;14,7;"SAO LUIS";"Falta de Atenção à Condução";"Atropelamento de Pedestre";"Com Vítimas Feridas";"Plena Noite";"Decrescente";"Céu Claro";"Dupla";"Reta";"Sim";2;0;0;1;0;1;1;2;-2,68792341;-44,30009651;"SPRF-MA";"DEL01-MA";"UOP01-DEL01-MA"
308955;2020-09-19;"sábado";"19:35:00";"RO";364;10;"VILHENA";"Velocidade Incompatível";"Colisão com objeto estático";"Com Vítimas Feridas";"Plena Noite";"Crescente";"Céu Claro";"Dupla";"Reta";"Sim";5;0;1;0;2;4;1;7;-12,75350184;-60,10482788;"SPRF-RO";"DEL04-RO";"UOP01-DEL04-RO"
308965;2020-09-19;"sábado";"20:35:00";"PR";116;103;"SAO JOSE DOS PINHAIS";"Desobediência às normas de trânsito pelo condutor";"Saída de leito carroçável";"Com Vítimas Feridas";"Plena Noite";"Decrescente";"Céu Claro";"Dupla";"Reta";"Sim";4;0;1;0;2;2;1;5;-25,5703532;-49,1896982;"SPRF-PR";"DEL01-PR";"UOP01-DEL01-PR"
308970;2020-09-19;"sábado";"21:30:00";"ES";101;233,6;"FUNDAO";"Desobediência às normas de trânsito pelo condutor";"Colisão frontal";"Com Vítimas Fatais";"Plena Noite";"Crescente";"Céu Claro";"Simples";"Curva";"Não";2;1;0;0;1;0;0;2;-19,961042;-40,406889;"SPRF-ES";"DEL02-ES";"UOP01-DEL02-ES"
308971;2020-09-19;"sábado";"20:20:00";"GO";30;5,6;"FORMOSA";"Desobediência às normas de trânsito pelo condutor";"Colisão transversal";"Sem Vítimas";"Plena Noite";"Crescente";"Céu Claro";"Simples";"Interseção de Vias";"Sim";5;0;0;0;4;2;0;4;-15,55534705;-47,30700496;"SPRF-DF";"DEL02-DF";"UOP01-DEL02-DF"
308972;2020-09-19;"sábado";"21:45:00";"MG";116;534,5;"SANTA RITA DE MINAS";"Desobediência às normas de trânsito pelo condutor";"Colisão frontal";"Com Vítimas Feridas";"Plena Noite";"Crescente";"Nublado";"Simples";"Curva";"Não";3;0;0;1;1;2;1;4;-19,84469501;-42,13981698;"SPRF-MG";"DEL06-MG";"UOP02-DEL06-MG"
308978;2020-09-19;"sábado";"19:20:00";"SC";282;376,8;"HERVAL DOESTE";"Defeito Mecânico no Veículo";"Incêndio";"Sem Vítimas";"Plena Noite";"Decrescente";"Céu Claro";"Simples";"Reta";"Não";2;0;0;0;1;1;0;2;-27,259993;-51,442684;"SPRF-SC";"DEL07-SC";"UOP05-DEL07-SC"
308979;2020-09-19;"sábado";"20:30:00";"PR";277;123;"BALSA NOVA";"Ingestão de Álcool";"Colisão traseira";"Sem Vítimas";"Plena Noite";"Decrescente";"Céu Claro";"Dupla";"Reta";"Sim";2;0;0;0;2;0;0;2;-25,462819;-49,586447;"SPRF-PR";"DEL01-PR";"UOP03-DEL03-PR"
308986;2020-09-19;"sábado";"20:35:00";"BA";407;78,3;"JAGUARARI";"Falta de Atenção à Condução";"Colisão traseira";"Com Vítimas Feridas";"Plena Noite";"Decrescente";"Nublado";"Simples";"Reta";"Não";2;0;0;1;1;0;1;2;-10,04294896;-40,22637818;"SPRF-BA";"DEL04-BA";"UOP01-DEL04-BA"
308988;2020-09-19;"sábado";"21:40:00";"PR";277;597,4;"CASCAVEL";"Falta de Atenção à Condução";"Colisão lateral";"Com Vítimas Feridas";"Plena Noite";"Crescente";"Céu Claro";"Dupla";"Reta";"Não";4;0;1;1;0;2;2;3;-24,99717068;-53,51661536;"SPRF-PR";"DEL04-PR";"UOP01-DEL04-PR"
308993;2020-09-19;"sábado";"21:05:00";"SC";116;59,5;"PAPANDUVA";"Ultrapassagem Indevida";"Saída de leito carroçável";"Com Vítimas Feridas";"Plena Noite";"Crescente";"Céu Claro";"Simples";"Curva";"Não";3;0;1;0;2;0;1;3;-26,37933149;-50,20775008;"SPRF-SC";"DEL06-SC";"UOP02-DEL06-SC"
309005;2020-09-19;"sábado";"22:20:00";"GO";452;55;"MAURILANDIA";"Defeito Mecânico no Veículo";"Colisão lateral";"Sem Vítimas";"Plena Noite";"Crescente";"Céu Claro";"Simples";"Reta";"Não";4;0;0;0;3;5;0;8;-17,98329165;-50,43329182;"SPRF-GO";"DEL04-GO";"UOP01-DEL04-GO"
309017;2020-09-20;"domingo";"02:31:00";"MG";381;517,6;"SAO JOAQUIM DE BICAS";"Velocidade Incompatível";"Tombamento";"Sem Vítimas";"Plena Noite";"Crescente";"Céu Claro";"Dupla";"Curva;Declive";"Não";2;0;0;0;1;2;0;3;-20,11382303;-44,30720801;"SPRF-MG";"DEL04-MG";"UOP03-DEL04-MG"
309026;2020-09-20;"domingo";"04:30:00";"SP";116;282,9;"EMBU DAS ARTES";"Ingestão de Álcool";"Colisão traseira";"Sem Vítimas";"Amanhecer";"Decrescente";"Céu Claro";"Dupla";"Reta";"Sim";2;0;0;0;1;1;0;2;-23,69556172;-46,86467171;"SPRF-SP";"DEL04-SP";"UOP01-DEL04-SP"
309027;2020-09-20;"domingo";"04:00:00";"PR";376;616;"TUNAS DO PARANA";"Ingestão de Álcool";"Colisão traseira";"Sem Vítimas";"Plena Noite";"Crescente";"Céu Claro";"Dupla";"Reta";"Sim";3;0;0;0;2;1;0;3;-25;-49;"SPRF-PR";"DEL01-PR";"UOP04-DEL01-PR"
309033;2020-09-20;"domingo";"03:20:00";"MT";163;808;"SINOP";"Falta de Atenção à Condução";"Saída de leito carroçável";"Com Vítimas Feridas";"Plena Noite";"Crescente";"Céu Claro";"Simples";"Reta;Declive";"Não";3;0;2;0;0;1;2;2;-12,101758;-55,517584;"SPRF-MT";"DEL06-MT";"UOP01-DEL06-MT"
309038;2020-09-20;"domingo";"04:00:00";"PI";316;200;"VALENCA DO PIAUI";"Condutor Dormindo";"Colisão lateral";"Com Vítimas Feridas";"Plena Noite";"Crescente";"Céu Claro";"Simples";"Reta";"Não";2;0;1;0;1;0;1;2;-6,32715007;-41,83196306;"SPRF-PI";"DEL04-PI";"UOP02-DEL04-PI"
309042;2020-09-20;"domingo";"06:45:00";"SC";470;43;"GASPAR";"Falta de Atenção à Condução";"Colisão lateral";"Com Vítimas Feridas";"Pleno dia";"Crescente";"Nublado";"Simples";"Curva";"Não";3;0;1;0;1;1;1;3;-26,874519;-49,013454;"SPRF-SC";"DEL04-SC";"UOP01-DEL04-SC"
309047;2020-09-20;"domingo";"07:40:00";"CE";222;201,8;"FORQUILHA";"Velocidade Incompatível";"Tombamento";"Com Vítimas Feridas";"Pleno dia";"Crescente";"Céu Claro";"Simples";"Curva;Declive";"Não";2;0;1;0;0;2;1;3;-3,80136098;-40,20767198;"SPRF-CE";"DEL04-CE";"UOP01-DEL04-CE"
309064;2020-09-20;"domingo";"09:50:00";"CE";222;197,5;"FORQUILHA";"Ultrapassagem Indevida";"Colisão frontal";"Com Vítimas Fatais";"Pleno dia";"Crescente";"Céu Claro";"Simples";"Curva";"Não";5;1;0;1;1;3;1;5;-3,803;-40,184;"SPRF-CE";"DEL04-CE";"UOP01-DEL04-CE"
309065;2020-09-17;"quinta-feira";"02:00:00";"MG";381;439;"SABARA";"Falta de Atenção à Condução";"Tombamento";"Com Vítimas Feridas";"Plena Noite";"Crescente";"Céu Claro";"Simples";"Curva";"Não";2;0;1;0;0;1;1;2;-19,80927691;-43,78706001;"SPRF-MG";"DEL01-MG";"UOP01-DEL01-MG"
309067;2020-09-20;"domingo";"01:30:00";"MG";365;373,5;"PATOS DE MINAS";"Objeto estático sobre o leito carroçável";"Colisão frontal";"Com Vítimas Fatais";"Plena Noite";"Crescente";"Céu Claro";"Simples";"Reta";"Não";14;12;0;1;0;1;1;3;-18,53483923;-46,15361393;"SPRF-MG";"DEL10-MG";"UOP01-DEL10-MG"
309068;2020-09-20;"domingo";"10:30:00";"PR";277;107;"CAMPO LARGO";"Falta de Atenção à Condução";"Colisão transversal";"Com Vítimas Feridas";"Pleno dia";"Crescente";"Nublado";"Dupla";"Reta";"Não";3;0;1;0;1;3;1;5;-25,47157895;-49,35341791;"SPRF-PR";"DEL01-PR";"UOP01-DEL01-PR"
309079;2020-09-20;"domingo";"10:35:00";"RO";364;158,3;"PIMENTA BUENO";"Falta de Atenção à Condução";"Colisão traseira";"Com Vítimas Feridas";"Pleno dia";"Crescente";"Céu Claro";"Simples";"Aclive;Curva";"Não";4;0;1;0;1;2;1;4;-11,934767;-60,959837;"SPRF-RO";"DEL02-RO";"UOP02-DEL02-RO"
309090;2020-09-20;"domingo";"12:30:00";"MG";381;503;"BETIM";"Desobediência às normas de trânsito pelo pedestre";"Colisão com objeto estático";"Com Vítimas Feridas";"Pleno dia";"Decrescente";"Sol";"Dupla";"Declive;Reta";"Sim";2;0;1;0;1;0;1;2;-20,03855134;-44,25495493;"SPRF-MG";"DEL01-MG";"UOP03-DEL01-MG"
309092;2020-09-20;"domingo";"13:15:00";"RJ";356;6,5;"ITAPERUNA";"Velocidade Incompatível";"Tombamento";"Com Vítimas Fatais";"Pleno dia";"Crescente";"Nublado";"Simples";"Curva;Declive";"Não";2;1;0;0;0;1;0;2;-21,15726082;-42,12868452;"SPRF-RJ";"DEL08-RJ";"UOP03-DEL08-RJ"
309102;2020-09-20;"domingo";"13:35:00";"RS";285;297,4;"PASSO FUNDO";"Falta de Atenção à Condução";"Colisão frontal";"Com Vítimas Feridas";"Pleno dia";"Decrescente";"Céu Claro";"Simples";"Reta";"Sim";5;0;0;1;1;3;1;4;-28,235136;-52,413391;"SPRF-RS";"DEL08-RS";"UOP03-DEL08-RS"
309112;2020-09-20;"domingo";"15:40:00";"RN";304;275;"IELMO MARINHO";"Mal Súbito";"Colisão frontal";"Com Vítimas Feridas";"Pleno dia";"Crescente";"Céu Claro";"Simples";"Reta;Declive";"Não";3;0;1;0;1;1;1;3;-5,8806731;-35,53369602;"SPRF-RN";"DEL01-RN";"UOP02-DEL01-RN"
309116;2020-09-20;"domingo";"15:05:00";"MT";364;347;"SANTO ANTONIO DO LEVERGER";"Velocidade Incompatível";"Colisão traseira";"Com Vítimas Feridas";"Pleno dia";"Crescente";"Nublado";"Dupla";"Curva";"Não";6;0;1;1;3;1;2;3;-15,77421051;-55,62353656;"SPRF-MT";"DEL05-MT";"UOP02-DEL05-MT"
309117;2020-09-20;"domingo";"15:15:00";"PB";230;191;"POCINHOS";"Falta de Atenção à Condução";"Saída de leito carroçável";"Com Vítimas Feridas";"Pleno dia";"Crescente";"Céu Claro";"Simples";"Reta";"Não";3;0;1;0;1;1;1;3;-7,1331;-36,1616;"SPRF-PB";"DEL02-PB";"UOP02-DEL02-PB"
309123;2020-09-20;"domingo";"16:30:00";"RJ";101;60,9;"CAMPOS DOS GOYTACAZES";"Desobediência às normas de trânsito pelo condutor";"Colisão transversal";"Com Vítimas Feridas";"Pleno dia";"Decrescente";"Céu Claro";"Simples";"Curva";"Sim";3;0;2;0;1;0;2;2;-21,72444074;-41,31955862;"SPRF-RJ";"DEL08-RJ";"UOP01-DEL08-RJ"
309127;2020-09-20;"domingo";"15:10:00";"MT";163;970;"TERRA NOVA DO NORTE";"Velocidade Incompatível";"Colisão frontal";"Com Vítimas Feridas";"Pleno dia";"Crescente";"Garoa/Chuvisco";"Simples";"Declive;Curva";"Não";5;0;1;1;2;8;2;11;-10,62551664;-55,13214111;"SPRF-MT";"DEL06-MT";"NPF/DEL06-MT"
309135;2020-09-20;"domingo";"15:50:00";"RS";287;296;"SAO PEDRO DO SUL";"Defeito Mecânico no Veículo";"Saída de leito carroçável";"Com Vítimas Feridas";"Pleno dia";"Crescente";"Céu Claro";"Simples";"Reta";"Não";2;0;2;0;0;0;2;1;-29,64106493;-54,33346701;"SPRF-RS";"DEL09-RS";"UOP01-DEL09-RS"
309140;2020-09-20;"domingo";"16:34:00";"PA";222;238;"MARABA";"Ultrapassagem Indevida";"Colisão transversal";"Sem Vítimas";"Pleno dia";"Crescente";"Céu Claro";"Simples";"Aclive";"Não";2;0;0;0;2;0;0;2;-5,30498026;-49,07180786;"SPRF-PA";"DEL03-PA";"UOP01-DEL03-PA"
309149;2020-09-20;"domingo";"18:10:00";"PE";232;179;"BELO JARDIM";"Ingestão de Álcool";"Colisão lateral";"Sem Vítimas";"Plena Noite";"Decrescente";"Céu Claro";"Dupla";"Reta";"Sim";2;0;0;0;1;1;0;2;-8,34353242;-36,4199731;"SPRF-PE";"DEL02-PE";"UOP03-DEL02-PE"
309152;2020-09-20;"domingo";"18:30:00";"PR";116;15;"CAMPINA GRANDE DO SUL";"Velocidade Incompatível";"Colisão transversal";"Com Vítimas Feridas";"Plena Noite";"Crescente";"Garoa/Chuvisco";"Dupla";"Curva";"Não";2;0;1;0;1;0;1;2;-25,09832756;-48,68266005;"SPRF-PR";"DEL01-PR";"UOP02-DEL01-PR"
309159;2020-09-20;"domingo";"11:00:00";"MT";364;574;"NOBRES";"Falta de Atenção à Condução";"Saída de leito carroçável";"Com Vítimas Fatais";"Pleno dia";"Decrescente";"Céu Claro";"Dupla";"Reta";"Não";2;1;0;0;0;2;0;3;-14,69987761;-56,31727433;"SPRF-MT";"DEL01-MT";"UOP01-DEL01-MT"
309182;2020-09-20;"domingo";"19:10:00";"PR";163;66,5;"PEROLA DOESTE";"Desobediência às normas de trânsito pelo condutor";"Colisão transversal";"Com Vítimas Feridas";"Plena Noite";"Crescente";"Nublado";"Simples";"Reta;Declive";"Não";3;0;2;0;1;0;2;2;-25,82191;-53,756145;"SPRF-PR";"DEL02-PR";"UOP02-DEL02-PR"
309201;2020-09-20;"domingo";"19:45:00";"PR";369;424,8;"JURANDA";"Ingestão de Álcool";"Colisão transversal";"Sem Vítimas";"Plena Noite";"Decrescente";"Céu Claro";"Simples";"Interseção de Vias";"Não";2;0;0;0;2;0;0;2;-24,4104;-52,8178;"SPRF-PR";"DEL09-PR";"UOP03-DEL09-PR"
309207;2020-09-20;"domingo";"21:00:00";"MG";251;375,5;"GRAO MOGOL";"Carga excessiva e/ou mal acondicionada";"Tombamento";"Com Vítimas Feridas";"Plena Noite";"Crescente";"Céu Claro";"Simples";"Curva";"Sim";2;0;0;1;0;2;1;3;-16,29923091;-42,728431;"SPRF-MG";"DEL12-MG";"UOP01-DEL12-MG"
309211;2020-09-20;"domingo";"21:00:00";"MG";40;659;"CARANDAI";"Desobediência às normas de trânsito pelo condutor";"Colisão frontal";"Com Vítimas Feridas";"Plena Noite";"Crescente";"Chuva";"Simples";"Reta";"Não";2;0;0;1;1;0;1;2;-20,8915752;-43,81670383;"SPRF-MG";"DEL05-MG";"UOP02-DEL05-MG"
309216;2020-09-20;"domingo";"20:50:00";"AL";316;231,8;"ATALAIA";"Falta de Atenção à Condução";"Colisão transversal";"Com Vítimas Feridas";"Plena Noite";"Decrescente";"Céu Claro";"Simples";"Reta";"Não";4;0;0;2;1;2;2;4;-9,49408508;-36,109717;"SPRF-AL";"DEL01-AL";"UOP01-DEL01-AL"
309224;2020-09-20;"domingo";"21:40:00";"RS";116;162,3;"CAXIAS DO SUL";"Defeito Mecânico no Veículo";"Incêndio";"Sem Vítimas";"Plena Noite";"Decrescente";"Céu Claro";"Simples";"Curva";"Não";2;0;0;0;1;1;0;2;-29,24754637;-51,15737756;"SPRF-RS";"DEL05-RS";"UOP02-DEL05-RS"
309225;2020-09-20;"domingo";"22:15:00";"GO";414;397,1;"CORUMBA DE GOIAS";"Ingestão de Álcool";"Tombamento";"Com Vítimas Feridas";"Plena Noite";"Crescente";"Céu Claro";"Simples";"Reta";"Não";2;0;0;1;0;1;1;2;-15,95430623;-48,80744382;"SPRF-GO";"DEL02-GO";"UOP01-DEL02-GO"
309227;2020-09-20;"domingo";"21:00:00";"SP";116;340;"MIRACATU";"Desobediência às normas de trânsito pelo condutor";"Colisão frontal";"Com Vítimas Feridas";"Plena Noite";"Crescente";"Garoa/Chuvisco";"Dupla";"Curva";"Sim";2;0;0;1;1;0;1;2;-24,00328505;-47,15633198;"SPRF-SP";"DEL04-SP";"UOP02-DEL04-SP"
309231;2020-09-20;"domingo";"20:30:00";"RJ";101;276;"TANGUA";"Desobediência às normas de trânsito pelo pedestre";"Atropelamento de Pedestre";"Com Vítimas Fatais";"Plena Noite";"Decrescente";"Chuva";"Dupla";"Reta";"Sim";3;2;0;0;1;0;0;2;-22,73796393;-42,73871802;"SPRF-RJ";"DEL02-RJ";"UOP03-DEL02-RJ"
309236;2020-09-20;"domingo";"21:25:00";"MG";262;437,1;"NOVA SERRANA";"Ingestão de Álcool";"Colisão lateral";"Sem Vítimas";"Plena Noite";"Decrescente";"Céu Claro";"Dupla";"Curva;Aclive";"Sim";3;0;0;0;2;1;0;3;-19,89622194;-44,86972815;"SPRF-MG";"DEL08-MG";"UOP03-DEL08-MG"
309241;2020-09-20;"domingo";"23:22:00";"RR";174;501;"BOA VISTA";"Ingestão de Álcool";"Colisão transversal";"Sem Vítimas";"Plena Noite";"Decrescente";"Céu Claro";"Dupla";"Reta";"Sim";2;0;0;0;2;0;0;2;2,781689;-60,703827;"SPRF-RR";"DEL01-RR";"UOP01-DEL01-RR"
309242;2020-09-20;"domingo";"23:20:00";"SP";116;359;"MIRACATU";"Velocidade Incompatível";"Tombamento";"Com Vítimas Feridas";"Plena Noite";"Decrescente";"Garoa/Chuvisco";"Dupla";"Curva";"Não";2;0;1;0;0;1;1;2;-24,10862227;-47,26589989;"SPRF-SP";"DEL04-SP";"UOP02-DEL04-SP"
309252;2020-09-21;"segunda-feira";"00:30:00";"MG";251;197;"CACHOEIRA DE PAJEU";"Condutor Dormindo";"Colisão com objeto estático";"Com Vítimas Feridas";"Plena Noite";"Decrescente";"Nublado";"Simples";"Declive;Interseção de Vias";"Sim";2;0;1;0;0;1;1;2;-15,87383701;-41,43493652;"SPRF-MG";"DEL11-MG";"UOP02-DEL11-MG"
309256;2020-09-21;"segunda-feira";"04:40:00";"SP";116;426;"JUQUIA";"Não guardar distância de segurança";"Colisão traseira";"Com Vítimas Feridas";"Amanhecer";"Decrescente";"Chuva";"Dupla";"Reta";"Não";4;0;1;0;2;1;1;3;-24,38735659;-47,7169352;"SPRF-SP";"DEL05-SP";"UOP01-DEL05-SP"
309257;2020-09-21;"segunda-feira";"04:10:00";"SP";116;229,2;"SAO PAULO";"Desobediência às normas de trânsito pelo pedestre";"Colisão com objeto estático";"Com Vítimas Fatais";"Plena Noite";"Decrescente";"Nublado";"Múltipla";"Reta";"Sim";3;1;0;0;1;1;0;2;-23,51187;-46,575219;"SPRF-SP";"DEL01-SP";"UOP01-DEL01-SP"
309262;2020-09-21;"segunda-feira";"05:10:00";"GO";153;87,3;"SANTA TEREZA DE GOIAS";"Ultrapassagem Indevida";"Colisão frontal";"Com Vítimas Fatais";"Amanhecer";"Crescente";"Céu Claro";"Simples";"Reta";"Não";3;1;0;1;0;2;1;4;-13,556277;-49,065784;"SPRF-GO";"DEL07-GO";"UOP01-DEL07-GO"
309263;2020-09-21;"segunda-feira";"06:10:00";"MG";0;0;"BETIM";"Falta de Atenção à Condução";"Colisão com objeto estático";"Com Vítimas Feridas";"Pleno dia";"Não Informado";"Céu Claro";"Dupla";"Reta";"Não";3;0;1;0;1;1;1;3;-19,9830204;-44,20924834;"SPRF-MG";"DEL01-MG";"UOP03-DEL01-MG"
309269;2020-09-08;"terça-feira";"10:45:00";"PI";316;60;"MONSENHOR GIL";"Falta de Atenção à Condução";"Colisão frontal";"Com Vítimas Feridas";"Pleno dia";"Crescente";"Céu Claro";"Simples";"Reta";"Não";5;0;1;3;0;2;4;4;-5,57516602;-42,61602492;"SPRF-PI";"DEL01-PI";"UOP02-DEL01-PI"
309273;2020-09-21;"segunda-feira";"07:00:00";"RS";116;245,9;"SAO LEOPOLDO";"Desobediência às normas de trânsito pelo condutor";"Colisão transversal";"Com Vítimas Feridas";"Pleno dia";"Decrescente";"Sol";"Múltipla";"Reta";"Sim";2;0;1;0;1;0;1;2;-29,74980902;-51,15125361;"SPRF-RS";"DEL01-RS";"UOP02-DEL01-RS"
309276;2020-09-21;"segunda-feira";"02:40:00";"MG";381;238;"SANTANA DO PARAISO";"Velocidade Incompatível";"Tombamento";"Com Vítimas Feridas";"Plena Noite";"Decrescente";"Nublado";"Simples";"Reta";"Não";3;0;2;0;1;0;2;2;-19,42184253;-42,49497503;"SPRF-MG";"DEL06-MG";"UOP01-DEL06-MG"
309284;2020-09-21;"segunda-feira";"05:45:00";"BA";116;434;"FEIRA DE SANTANA";"Falta de Atenção à Condução";"Colisão com objeto estático";"Sem Vítimas";"Amanhecer";"Decrescente";"Céu Claro";"Dupla";"Reta";"Não";3;0;0;0;2;2;0;4;-12,30155484;-39,03841496;"SPRF-BA";"DEL02-BA";"UOP01-DEL02-BA"
309288;2020-03-17;"terça-feira";"12:01:00";"PR";376;326;"ORTIGUEIRA";"Desobediência às normas de trânsito pelo condutor";"Tombamento";"Com Vítimas Feridas";"Pleno dia";"Crescente";"Céu Claro";"Simples";"Curva";"Não";3;0;0;1;1;4;1;6;-24,06581386;-51,06433041;"SPRF-PR";"DEL07-PR";"UOP02-DEL07-PR"
309292;2020-09-21;"segunda-feira";"06:00:00";"SP";381;41;"ATIBAIA";"Condutor Dormindo";"Colisão traseira";"Com Vítimas Feridas";"Amanhecer";"Decrescente";"Nublado";"Dupla";"Reta";"Não";3;0;2;0;0;1;2;3;-23,13863999;-46,57584088;"SPRF-SP";"DEL03-SP";"UOP01-DEL03-SP"
309298;2020-09-21;"segunda-feira";"08:05:00";"PA";316;55,8;"CASTANHAL";"Desobediência às normas de trânsito pelo condutor";"Danos eventuais";"Com Vítimas Feridas";"Pleno dia";"Decrescente";"Céu Claro";"Dupla";"Curva";"Não";4;0;2;0;0;2;2;3;-1,30561339;-47,99919919;"SPRF-PA";"DEL01-PA";"UOP01-DEL01-PA"
309299;2020-08-25;"terça-feira";"13:00:00";"PA";10;226;"IPIXUNA DO PARA";"Defeito Mecânico no Veículo";"Tombamento";"Com Vítimas Feridas";"Pleno dia";"Decrescente";"Céu Claro";"Simples";"Aclive";"Não";2;0;2;0;0;0;2;1;-2,451017;-47,5094508;"SPRF-PA";"DEL02-PA";"UOP01-DEL02-PA"
309301;2020-09-21;"segunda-feira";"07:40:00";"MG";40;705,3;"BARBACENA";"Agressão Externa";"Colisão lateral";"Com Vítimas Feridas";"Pleno dia";"Decrescente";"Garoa/Chuvisco";"Dupla";"Curva";"Não";10;0;4;0;5;1;4;2;-21,2165929;-43,7462589;"SPRF-MG";"DEL05-MG";"UOP02-DEL05-MG"
309303;2020-09-21;"segunda-feira";"08:50:00";"RJ";356;12,9;"ITAPERUNA";"Defeito Mecânico no Veículo";"Tombamento";"Com Vítimas Feridas";"Pleno dia";"Decrescente";"Garoa/Chuvisco";"Simples";"Reta";"Não";2;0;0;1;1;0;1;2;-21,16687137;-42,08055587;"SPRF-RJ";"DEL08-RJ";"UOP03-DEL08-RJ"
309309;2020-09-21;"segunda-feira";"09:20:00";"SC";101;107;"PENHA";"Não guardar distância de segurança";"Colisão lateral";"Com Vítimas Feridas";"Pleno dia";"Crescente";"Nublado";"Dupla";"Curva";"Sim";4;0;2;0;1;2;2;4;-26,81930608;-48,68390282;"SPRF-SC";"DEL03-SC";"UOP02-DEL03-SC"
309310;2020-09-21;"segunda-feira";"08:00:00";"PR";376;2;"SAO JOSE DOS PINHAIS";"Falta de Atenção à Condução";"Colisão com objeto estático";"Com Vítimas Feridas";"Pleno dia";"Decrescente";"Garoa/Chuvisco";"Dupla";"Reta";"Sim";2;0;0;1;0;1;1;2;-25,5307;-49,1958;"SPRF-PR";"DEL01-PR";"UOP01-DEL01-PR"
309318;2020-09-16;"quarta-feira";"09:30:00";"PR";376;490,8;"PONTA GROSSA";"Defeito Mecânico no Veículo";"Colisão traseira";"Com Vítimas Feridas";"Pleno dia";"Crescente";"Céu Claro";"Dupla";"Reta;Em Obras";"Sim";5;0;3;1;1;0;4;3;-25,14692309;-50,15072006;"SPRF-PR";"DEL03-PR";"UOP04-DEL03-PR"
309321;2020-09-21;"segunda-feira";"09:30:00";"PA";163;881;"BELTERRA";"Velocidade Incompatível";"Saída de leito carroçável";"Com Vítimas Fatais";"Pleno dia";"Crescente";"Céu Claro";"Simples";"Declive;Curva";"Não";2;1;0;0;0;1;0;2;-3,41900382;-54,91020625;"SPRF-PA";"DEL05-PA";"UOP01-DEL05-PA"
309323;2020-09-21;"segunda-feira";"10:30:00";"CE";116;458,2;"BARRO";"Defeito na Via";"Colisão lateral";"Com Vítimas Feridas";"Pleno dia";"Decrescente";"Céu Claro";"Simples";"Reta";"Não";4;0;0;1;2;1;1;4;-7,18585598;-38,78609402;"SPRF-CE";"DEL05-CE";"UOP03-DEL05-CE"
309325;2020-09-21;"segunda-feira";"09:00:00";"SC";280;144;"MAFRA";"Defeito Mecânico no Veículo";"Tombamento";"Com Vítimas Feridas";"Pleno dia";"Decrescente";"Céu Claro";"Simples";"Reta";"Não";2;0;1;0;0;2;1;3;-26,24513497;-49,64589702;"SPRF-SC";"DEL06-SC";"UOP03-DEL06-SC"
309326;2020-09-21;"segunda-feira";"08:50:00";"SC";282;611,6;"MARAVILHA";"Defeito Mecânico no Veículo";"Colisão traseira";"Com Vítimas Feridas";"Pleno dia";"Decrescente";"Céu Claro";"Simples";"Em Obras;Curva";"Não";4;0;1;0;2;1;1;3;-26,755428;-53,239933;"SPRF-SC";"DEL07-SC";"UOP02-DEL07-SC"
309329;2020-05-30;"sábado";"14:20:00";"MS";163;110;"ITAQUIRAI";"Falta de Atenção à Condução";"Saída de leito carroçável";"Com Vítimas Feridas";"Pleno dia";"Crescente";"Céu Claro";"Dupla";"Reta";"Não";3;0;0;1;1;2;1;4;-23,192797;-54,201043;"SPRF-MS";"DEL09-MS";"UOP01-DEL09-MS"
309341;2020-09-21;"segunda-feira";"10:35:00";"MG";116;800,8;"ALEM PARAIBA";"Falta de Atenção do Pedestre";"Atropelamento de Pedestre";"Com Vítimas Fatais";"Pleno dia";"Crescente";"Nublado";"Simples";"Reta";"Não";3;1;0;0;1;1;0;3;-21,762259;-42,73448298;"SPRF-MG";"DEL07-MG";"UOP01-DEL07-MG"
309343;2020-08-14;"sexta-feira";"00:10:00";"SP";153;274;"OCAUCU";"Condutor Dormindo";"Tombamento";"Com Vítimas Feridas";"Plena Noite";"Decrescente";"Céu Claro";"Simples";"Declive";"Não";2;0;1;0;0;1;1;2;-22,37219533;-49,87033316;"SPRF-SP";"DEL07-SP";"UOP02-DEL07-SP"