"id";"data_inversa";"dia_semana";"horario";"uf";"br";"km";"municipio";"causa_acidente";"tipo_acidente";"classificacao_acidente";"fase_dia";"sentido_via";"condicao_metereologica";"tipo_pista";"tracado_via";"uso_solo";"pessoas";"mortos";"feridos_leves";"feridos_graves";"ilesos";"ignorados";"feridos";"veiculos";"latitude";"longitude";"regional";"delegacia";"uop"
309855;2020-09-24;"quinta-feira";"02:45:00";"SP";153;113;"JOSE BONIFACIO";"Condutor Dormindo";"Colisão com objeto estático";"Com Vítimas Feridas";"Plena Noite";"Decrescente";"Céu Claro";"Simples";"Reta";"Não";2;0;1;0;0;1;1;2;-21,11299309;-49,68678482;"SPRF-SP";"DEL09-SP";"UOP01-DEL09-SP"
309856;2020-09-24;"quinta-feira";"02:30:00";"RJ";393;178;"TRES RIOS";"Ingestão de Álcool";"Colisão lateral";"Com Vítimas Feridas";"Plena Noite";"Crescente";"Nublado";"Simples";"Curva";"Sim";3;0;0;1;1;1;1;3;-22,14093286;-43,25894471;"SPRF-RJ";"DEL05-RJ";"UOP03-DEL05-RJ"
309861;2020-09-24;"quinta-feira";"04:50:00";"SC";282;16,5;"PALHOCA";"Falta de Atenção à Condução";"Colisão transversal";"Com Vítimas Feridas";"Plena Noite";"Crescente";"Nublado";"Simples";"Reta";"Não";2;0;1;0;1;0;1;2;-27,658611;-48,681847;"SPRF-SC";"DEL01-SC";"UOP02-DEL01-SC"
309862;2020-09-23;"quarta-feira";"20:55:00";"RS";153;667,8;"ACEGUA";"Falta de Atenção à Condução";"Colisão lateral";"Com Vítimas Fatais";"Plena Noite";"Decrescente";"Nublado";"Simples";"Reta";"Não";3;1;2;0;0;0;2;2;-31,63356873;-54,14899528;"SPRF-RS";"DEL11-RS";"UOP03-DEL11-RS"
309867;2020-09-24;"quinta-feira";"02:40:00";"BA";20;51;"CORRENTINA";"Defeito Mecânico no Veículo";"Incêndio";"Sem Vítimas";"Plena Noite";"Decrescente";"Céu Claro";"Simples";"Reta";"Não";1;0;0;0;1;0;0;1;-13,41706787;-46,08376265;"SPRF-BA";"DEL10-BA";"UOP01-DEL10-BA"
309868;2020-09-24;"quinta-feira";"04:45:00";"SC";470;183;"POUSO REDONDO";"Velocidade Incompatível";"Saída de leito carroçável";"Com Vítimas Feridas";"Amanhecer";"Crescente";"Nublado";"Simples";"Curva;Aclive";"Não";2;0;2;0;0;0;2;1;-27,251547;-50,016747;"SPRF-SC";"DEL04-SC";"UOP02-DEL04-SC"
309870;2020-09-24;"quinta-feira";"04:30:00";"RJ";356;109;"CARDOSO MOREIRA";"Animais na Pista";"Saída de leito carroçável";"Com Vítimas Feridas";"Amanhecer";"Crescente";"Chuva";"Simples";"Curva";"Não";2;0;1;0;1;0;1;2;-21,55575357;-41,46193104;"SPRF-RJ";"DEL08-RJ";"UOP03-DEL08-RJ"
309871;2020-09-24;"quinta-feira";"06:30:00";"SC";101;33,5;"JOINVILLE";"Ingestão de Álcool";"Colisão com objeto estático";"Sem Vítimas";"Amanhecer";"Crescente";"Céu Claro";"Dupla";"Reta";"Sim";2;0;0;0;2;0;0;2;-26,23200799;-48,91678053;"SPRF-SC";"DEL03-SC";"UOP01-DEL03-SC"
309874;2020-09-24;"quinta-feira";"05:30:00";"GO";20;8;"FORMOSA";"Falta de Atenção à Condução";"Colisão traseira";"Com Vítimas Feridas";"Amanhecer";"Decrescente";"Céu Claro";"Simples";"Reta";"Sim";2;0;1;0;1;0;1;2;-15,551153;-47,283253;"SPRF-DF";"DEL02-DF";"UOP01-DEL02-DF"
309881;2020-09-24;"quinta-feira";"06:30:00";"AL";101;181;"JUNQUEIRO";"Velocidade Incompatível";"Tombamento";"Com Vítimas Fatais";"Pleno dia";"Decrescente";"Céu Claro";"Dupla";"Aclive;Curva";"Não";3;1;1;0;0;1;1;2;-9,89373101;-36,40518514;"SPRF-AL";"DEL02-AL";"UOP02-DEL02-AL"
309885;2020-09-24;"quinta-feira";"06:00:00";"ES";101;152;"LINHARES";"Carga excessiva e/ou mal acondicionada";"Derramamento de carga";"Sem Vítimas";"Amanhecer";"Crescente";"Garoa/Chuvisco";"Simples";"Curva";"Não";1;0;0;0;1;0;0;1;-19,41899326;-40,07056389;"SPRF-ES";"DEL04-ES";"UOP01-DEL04-ES"
309901;2020-09-24;"quinta-feira";"07:30:00";"AL";101;214;"SAO SEBASTIAO";"Velocidade Incompatível";"Colisão lateral";"Com Vítimas Feridas";"Pleno dia";"Crescente";"Céu Claro";"Dupla";"Reta";"Não";5;0;2;0;2;1;2;3;-10,02978319;-36,63332084;"SPRF-AL";"DEL02-AL";"UOP02-DEL02-AL"
309903;2020-09-24;"quinta-feira";"05:30:00";"BA";101;735;"ITABELA";"Carga excessiva e/ou mal acondicionada";"Tombamento";"Com Vítimas Feridas";"Amanhecer";"Crescente";"Céu Claro";"Simples";"Curva;Aclive";"Não";4;0;1;0;2;2;1;5;-16,50083989;-39,57545849;"SPRF-BA";"DEL09-BA";"UOP01-DEL09-BA"
309914;2020-09-05;"sábado";"03:40:00";"MG";262;408,2;"IGARATINGA";"Falta de Atenção à Condução";"Colisão traseira";"Com Vítimas Feridas";"Plena Noite";"Decrescente";"Céu Claro";"Dupla";"Reta;Aclive";"Não";2;0;0;1;1;0;1;2;-19,88464192;-44,61618402;"SPRF-MG";"DEL08-MG";"UOP03-DEL08-MG"
309915;2020-09-24;"quinta-feira";"10:15:00";"BA";407;138,3;"SENHOR DO BONFIM";"Falta de Atenção à Condução";"Saída de leito carroçável";"Com Vítimas Feridas";"Pleno dia";"Decrescente";"Céu Claro";"Simples";"Reta";"Sim";6;0;2;0;3;1;2;3;-10,55096499;-40,13701592;"SPRF-BA";"DEL04-BA";"UOP01-DEL04-BA"
309916;2020-09-24;"quinta-feira";"10:35:00";"PR";376;186;"ARAPONGAS";"Falta de Atenção à Condução";"Colisão lateral";"Com Vítimas Feridas";"Pleno dia";"Crescente";"Céu Claro";"Simples";"Reta";"Sim";2;0;1;0;1;0;1;2;-23,42586285;-51,42340089;"SPRF-PR";"DEL09-PR";"UOP01-DEL09-PR"
309917;2020-09-24;"quinta-feira";"08:00:00";"RJ";465;7;"SEROPEDICA";"Falta de Atenção à Condução";"Colisão lateral";"Sem Vítimas";"Pleno dia";"Crescente";"Céu Claro";"Simples";"Reta";"Sim";2;0;0;0;1;1;0;2;-22,761377;-43,686352;"SPRF-RJ";"DEL01-RJ";"UOP03-DEL01-RJ"
309919;2020-09-24;"quinta-feira";"07:00:00";"MS";163;485;"CAMPO GRANDE";"Falta de Atenção à Condução";"Colisão traseira";"Sem Vítimas";"Pleno dia";"Crescente";"Céu Claro";"Simples";"Reta";"Não";2;0;0;0;1;1;0;2;-20,44233707;-54,54201834;"SPRF-MS";"DEL01-MS";"UOP02-DEL01-MS"
309920;2020-09-24;"quinta-feira";"11:40:00";"PR";376;1;"SAO JOSE DOS PINHAIS";"Desobediência às normas de trânsito pelo condutor";"Colisão lateral";"Com Vítimas Feridas";"Pleno dia";"Decrescente";"Céu Claro";"Dupla";"Reta";"Sim";3;0;0;1;2;0;1;3;-25,5307;-49,1958;"SPRF-PR";"DEL01-PR";"UOP01-DEL01-PR"
309921;2020-09-20;"domingo";"13:30:00";"MG";116;143,1;"PONTO DOS VOLANTES";"Condutor Dormindo";"Colisão frontal";"Com Vítimas Fatais";"Pleno dia";"Decrescente";"Sol";"Simples";"Reta";"Não";3;1;0;1;1;0;1;2;-16,79353103;-41,48030125;"SPRF-MG";"DEL11-MG";"UOP02-DEL11-MG"
309924;2020-09-24;"quinta-feira";"11:10:00";"PR";476;213,3;"LAPA";"Falta de Atenção à Condução";"Capotamento";"Com Vítimas Feridas";"Pleno dia";"Crescente";"Sol";"Simples";"Curva;Aclive";"Não";2;0;1;0;0;2;1;3;-25,779312;-49,875546;"SPRF-PR";"DEL02-PR";"UOP04-DEL02-PR"
309926;2020-09-24;"quinta-feira";"12:20:00";"ES";101;264;"SERRA";"Falta de Atenção à Condução";"Colisão lateral";"Com Vítimas Feridas";"Pleno dia";"Decrescente";"Nublado";"Múltipla";"Reta";"Sim";2;0;1;0;1;0;1;2;-20,17292791;-40,26736384;"SPRF-ES";"DEL02-ES";"UOP01-DEL02-ES"
309930;2020-09-24;"quinta-feira";"11:35:00";"MT";163;842;"SINOP";"Falta de Atenção à Condução";"Colisão transversal";"Com Vítimas Feridas";"Pleno dia";"Decrescente";"Céu Claro";"Simples";"Reta";"Não";8;0;5;0;2;3;5;6;-11,79605044;-55,47827937;"SPRF-MT";"DEL06-MT";"NPF/DEL06-MT"
309931;2020-08-27;"quinta-feira";"10:00:00";"MT";70;7;"BARRA DO GARCAS";"Falta de Atenção à Condução";"Colisão transversal";"Com Vítimas Feridas";"Pleno dia";"Decrescente";"Céu Claro";"Simples";"Reta";"Sim";2;0;1;0;1;0;1;2;-15,878143;-52,316788;"SPRF-MT";"DEL07-MT";"UOP01-DEL07-MT"
309936;2020-09-24;"quinta-feira";"10:15:00";"RS";287;447;"UNISTALDA";"Velocidade Incompatível";"Tombamento";"Com Vítimas Feridas";"Pleno dia";"Crescente";"Sol";"Simples";"Curva";"Não";2;0;0;1;0;1;1;2;-29,01924913;-55,26560783;"SPRF-RS";"DEL12-RS";"UOP02-DEL12-RS"
309938;2020-09-04;"sexta-feira";"23:30:00";"ES";101;106,9;"SOORETAMA";"Ultrapassagem Indevida";"Colisão frontal";"Com Vítimas Feridas";"Plena Noite";"Crescente";"Nublado";"Simples";"Reta";"Não";2;0;0;1;0;1;1;2;-19,02940988;-40,01887727;"SPRF-ES";"DEL04-ES";"UOP01-DEL04-ES"
309939;2020-09-22;"terça-feira";"21:30:00";"PA";230;1111;"ITAITUBA";"Falta de Atenção à Condução";"Colisão traseira";"Sem Vítimas";"Plena Noite";"Decrescente";"Garoa/Chuvisco";"Simples";"Declive";"Não";4;0;0;0;2;3;0;4;-4,33498503;-55,76756698;"SPRF-PA";"DEL05-PA";"UOP01-DEL05-PA"
309940;2020-09-24;"quinta-feira";"12:10:00";"RJ";101;83;"CAMPOS DOS GOYTACAZES";"Velocidade Incompatível";"Saída de leito carroçável";"Com Vítimas Feridas";"Pleno dia";"Crescente";"Chuva";"Dupla";"Curva";"Não";1;0;1;0;0;0;1;1;-21,82198875;-41,46111095;"SPRF-RJ";"DEL08-RJ";"UOP02-DEL08-RJ"
309941;2020-09-24;"quinta-feira";"09:00:00";"SC";470;115,4;"IBIRAMA";"Velocidade Incompatível";"Colisão traseira";"Com Vítimas Feridas";"Pleno dia";"Decrescente";"Sol";"Simples";"Reta";"Não";5;0;2;0;2;1;2;4;-27,07744969;-49,49502826;"SPRF-SC";"DEL04-SC";"UOP02-DEL04-SC"
309944;2020-09-24;"quinta-feira";"13:45:00";"PR";277;615;"CEU AZUL";"Mal Súbito";"Colisão frontal";"Com Vítimas Feridas";"Pleno dia";"Crescente";"Céu Claro";"Simples";"Curva";"Não";5;0;1;0;4;0;1;4;-25,07189018;-53,6644229;"SPRF-PR";"DEL05-PR";"UOP02-DEL05-PR"
309950;2020-08-23;"domingo";"04:30:00";"PA";155;268;"ELDORADO DO CARAJAS";"Desobediência às normas de trânsito pelo condutor";"Colisão frontal";"Com Vítimas Feridas";"Plena Noite";"Crescente";"Céu Claro";"Simples";"Reta";"Não";4;0;0;2;0;3;2;5;-5,99430078;-49,24530826;"SPRF-PA";"DEL03-PA";"UOP01-DEL03-PA"
309951;2020-09-24;"quinta-feira";"15:00:00";"CE";222;59,7;"SAO GONCALO DO AMARANTE";"Não guardar distância de segurança";"Engavetamento";"Sem Vítimas";"Pleno dia";"Crescente";"Céu Claro";"Simples";"Reta";"Sim";3;0;0;0;2;1;0;3;-3,67053434;-39,07182499;"SPRF-CE";"DEL01-CE";"UOP03-DEL01-CE"
309954;2020-09-24;"quinta-feira";"15:00:00";"SE";101;93;"NOSSA SENHORA DO SOCORRO";"Falta de Atenção à Condução";"Colisão lateral";"Com Vítimas Feridas";"Pleno dia";"Decrescente";"Céu Claro";"Dupla";"Reta";"Sim";2;0;0;1;0;1;1;2;-10,90212319;-37,14494787;"SPRF-SE";"DEL01-SE";"UOP01-DEL01-SE"
309961;2020-09-24;"quinta-feira";"13:15:00";"BA";101;718;"EUNAPOLIS";"Desobediência às normas de trânsito pelo condutor";"Colisão lateral";"Com Vítimas Feridas";"Pleno dia";"Crescente";"Céu Claro";"Simples";"Reta;Declive";"Não";4;0;1;0;3;0;1;2;-16,48614184;-39,57938483;"SPRF-BA";"DEL09-BA";"UOP01-DEL09-BA"
309964;2020-09-24;"quinta-feira";"15:50:00";"PR";116;8;"QUATRO BARRAS";"Falta de Atenção à Condução";"Colisão lateral";"Com Vítimas Feridas";"Pleno dia";"Crescente";"Céu Claro";"Dupla";"Reta";"Sim";3;0;0;1;1;1;1;3;-25,3697;-49,1158;"SPRF-PR";"DEL01-PR";"UOP02-DEL01-PR"
309970;2020-08-28;"sexta-feira";"00:05:00";"MA";230;219;"SAO DOMINGOS DO AZEITAO";"Falta de Atenção à Condução";"Tombamento";"Com Vítimas Feridas";"Plena Noite";"Decrescente";"Céu Claro";"Simples";"Curva";"Não";2;0;0;1;0;1;1;2;-6,82940133;-44,66412981;"SPRF-MA";"DEL05-MA";"UOP01-DEL05-MA"
309975;2020-09-24;"quinta-feira";"09:50:00";"GO";153;135;"MARA ROSA";"Desobediência às normas de trânsito pelo condutor";"Saída de leito carroçável";"Sem Vítimas";"Pleno dia";"Crescente";"Céu Claro";"Simples";"Curva";"Não";6;0;0;0;5;7;0;12;-13,949925;-49,08493;"SPRF-GO";"DEL07-GO";"UOP01-DEL07-GO"
309982;2020-09-24;"quinta-feira";"17:20:00";"MG";381;341;"BELA VISTA DE MINAS";"Desobediência às normas de trânsito pelo condutor";"Colisão frontal";"Com Vítimas Feridas";"Anoitecer";"Crescente";"Céu Claro";"Simples";"Reta";"Não";3;0;1;0;1;1;1;3;-19,84403064;-43,10352396;"SPRF-MG";"DEL03-MG";"UOP01-DEL03-MG"
309986;2020-09-24;"quinta-feira";"17:50:00";"BA";324;611,5;"SIMOES FILHO";"Não guardar distância de segurança";"Colisão lateral";"Com Vítimas Feridas";"Plena Noite";"Crescente";"Céu Claro";"Dupla";"Reta";"Sim";4;0;1;0;3;0;1;3;-12,84485821;-38,41661453;"SPRF-BA";"DEL01-BA";"UOP01-DEL01-BA"
309994;2020-09-24;"quinta-feira";"17:00:00";"RO";364;711;"PORTO VELHO";"Falta de Atenção à Condução";"Colisão transversal";"Com Vítimas Feridas";"Pleno dia";"Crescente";"Céu Claro";"Múltipla";"Interseção de Vias";"Sim";3;0;0;1;1;1;1;3;-8,78153947;-63,86531369;"SPRF-RO";"DEL01-RO";"UOP01-DEL01-RO"
310002;2020-09-24;"quinta-feira";"16:00:00";"PR";158;404;"LARANJEIRAS DO SUL";"Desobediência às normas de trânsito pelo condutor";"Colisão lateral";"Sem Vítimas";"Pleno dia";"Decrescente";"Céu Claro";"Simples";"Reta";"Não";2;0;0;0;2;0;0;2;-25,36410769;-52,3880915;"SPRF-PR";"DEL04-PR";"UOP02-DEL04-PR"
310003;2020-09-24;"quinta-feira";"18:05:00";"RN";101;94;"NATAL";"Não guardar distância de segurança";"Colisão traseira";"Com Vítimas Feridas";"Plena Noite";"Decrescente";"Céu Claro";"Múltipla";"Reta;Viaduto";"Sim";6;0;1;0;4;1;1;6;-5,83176615;-35,21191342;"SPRF-RN";"DEL01-RN";"UOP01-DEL01-RN"
310005;2020-09-24;"quinta-feira";"18:30:00";"MS";267;352;"MARACAJU";"Desobediência às normas de trânsito pelo condutor";"Colisão frontal";"Com Vítimas Fatais";"Plena Noite";"Crescente";"Céu Claro";"Simples";"Reta";"Não";4;1;0;0;2;2;0;4;-21,636221;-55,032099;"SPRF-MS";"DEL02-MS";"UOP02-DEL02-MS"
310007;2020-09-24;"quinta-feira";"19:34:00";"RN";304;32;"MOSSORO";"Deficiência ou não Acionamento do Sistema de Iluminação/Sinalização do Veículo";"Colisão traseira";"Com Vítimas Feridas";"Plena Noite";"Decrescente";"Céu Claro";"Dupla";"Reta";"Sim";3;0;0;1;2;0;1;3;-5,13471117;-37,34486327;"SPRF-RN";"DEL04-RN";"UOP02-DEL04-RN"
310008;2020-09-24;"quinta-feira";"19:20:00";"MG";381;584,5;"CARMOPOLIS DE MINAS";"Animais na Pista";"Atropelamento de Animal";"Com Vítimas Feridas";"Anoitecer";"Decrescente";"Céu Claro";"Dupla";"Reta";"Não";4;0;2;0;2;0;2;3;-20,52949002;-44,63874994;"SPRF-MG";"DEL04-MG";"UOP01-DEL04-MG"
310010;2020-08-08;"sábado";"01:00:00";"PA";10;66;"DOM ELISEU";"Falta de Atenção à Condução";"Colisão lateral";"Com Vítimas Feridas";"Plena Noite";"Decrescente";"Céu Claro";"Simples";"Reta";"Não";3;0;2;0;0;2;2;4;-4,2845854;-47,5581334;"SPRF-PA";"DEL02-PA";"UOP02-DEL02-PA"
310011;2020-03-21;"sábado";"06:20:00";"RJ";493;23;"MAGE";"Sinalização da via insuficiente ou inadequada";"Colisão frontal";"Com Vítimas Fatais";"Amanhecer";"Crescente";"Chuva";"Simples";"Curva";"Não";3;1;0;0;1;1;0;3;-22,65705297;-43,061742;"SPRF-RJ";"DEL04-RJ";"UOP02-DEL04-RJ"
310014;2020-09-24;"quinta-feira";"19:13:00";"MG";381;340;"BELA VISTA DE MINAS";"Desobediência às normas de trânsito pelo condutor";"Queda de ocupante de veículo";"Com Vítimas Feridas";"Plena Noite";"Crescente";"Céu Claro";"Simples";"Reta";"Não";2;0;1;0;1;0;1;2;-19,84087497;-43,09635354;"SPRF-MG";"DEL03-MG";"UOP01-DEL03-MG"
310019;2020-09-24;"quinta-feira";"15:30:00";"MG";262;516,8;"LUZ";"Velocidade Incompatível";"Tombamento";"Com Vítimas Fatais";"Pleno dia";"Decrescente";"Sol";"Simples";"Reta;Aclive";"Não";2;1;0;0;0;2;0;3;-19,78775004;-45,58207899;"SPRF-MG";"DEL08-MG";"UOP03-DEL08-MG"
310024;2020-09-24;"quinta-feira";"20:40:00";"CE";226;33,5;"PEREIRO";"Falta de Atenção à Condução";"Tombamento";"Com Vítimas Feridas";"Plena Noite";"Crescente";"Céu Claro";"Simples";"Declive";"Não";1;0;1;0;0;0;1;1;-6,04883351;-38,48799024;"SPRF-CE";"DEL05-CE";"UOP02-DEL05-CE"
310025;2020-09-24;"quinta-feira";"18:50:00";"MG";381;432;"SABARA";"Falta de Atenção do Pedestre";"Atropelamento de Pedestre";"Com Vítimas Feridas";"Plena Noite";"Crescente";"Céu Claro";"Simples";"Curva";"Não";3;0;0;1;1;1;1;3;-19,78608797;-43,71047974;"SPRF-MG";"DEL01-MG";"UOP01-DEL01-MG"
310027;2020-09-24;"quinta-feira";"14:50:00";"MS";163;245,8;"DOURADOS";"Falta de Atenção à Condução";"Tombamento";"Com Vítimas Feridas";"Pleno dia";"Decrescente";"Sol";"Simples";"Reta";"Não";2;0;1;0;0;2;1;3;-22,34867697;-54,80735394;"SPRF-MS";"DEL04-MS";"UOP01-DEL04-MS"
310030;2020-09-24;"quinta-feira";"15:30:00";"MT";174;136;"GLORIA DOESTE";"Ultrapassagem Indevida";"Colisão frontal";"Com Vítimas Fatais";"Pleno dia";"Crescente";"Céu Claro";"Simples";"Reta";"Não";4;1;0;0;2;1;0;4;-15,82987802;-58,17024301;"SPRF-MT";"DEL03-MT";"UOP01-DEL03-MT"
310047;2020-09-25;"sexta-feira";"01:20:00";"PR";476;138,6;"CURITIBA";"Desobediência às normas de trânsito pelo condutor";"Colisão traseira";"Sem Vítimas";"Plena Noite";"Crescente";"Nublado";"Múltipla";"Reta";"Sim";2;0;0;0;0;2;0;2;-25,505564;-49,283417;"SPRF-PR";"DEL01-PR";"UOP03-DEL01-PR"
310049;2020-09-25;"sexta-feira";"00:01:00";"GO";153;690,9;"ITUMBIARA";"Falta de Atenção à Condução";"Colisão traseira";"Sem Vítimas";"Plena Noite";"Decrescente";"Céu Claro";"Dupla";"Reta";"Não";3;0;0;0;2;3;0;5;-18,3085;-49,233;"SPRF-GO";"DEL03-GO";"UOP02-DEL03-GO"
310050;2020-09-25;"sexta-feira";"00:30:00";"MG";381;344;"BELA VISTA DE MINAS";"Defeito Mecânico no Veículo";"Incêndio";"Sem Vítimas";"Plena Noite";"Crescente";"Céu Claro";"Simples";"Reta";"Não";1;0;0;0;1;0;0;1;-19,85986781;-43,11280984;"SPRF-MG";"DEL03-MG";"UOP01-DEL03-MG"
310051;2020-09-24;"quinta-feira";"22:00:00";"MG";116;139,2;"PONTO DOS VOLANTES";"Mal Súbito";"Colisão com objeto estático";"Com Vítimas Feridas";"Plena Noite";"Crescente";"Céu Claro";"Dupla";"Reta";"Não";2;0;1;0;0;2;1;3;-16,76218173;-41,49232577;"SPRF-MG";"DEL11-MG";"UOP02-DEL11-MG"
310062;2020-09-25;"sexta-feira";"04:30:00";"RN";101;129,5;"NISIA FLORESTA";"Condutor Dormindo";"Colisão com objeto estático";"Com Vítimas Fatais";"Plena Noite";"Decrescente";"Céu Claro";"Dupla";"Curva";"Não";2;1;1;0;0;0;1;1;-6,1130965;-35,23325086;"SPRF-RN";"DEL01-RN";"UOP01-DEL01-RN"
310064;2020-09-25;"sexta-feira";"03:25:00";"BA";101;884;"TEIXEIRA DE FREITAS";"Falta de Atenção à Condução";"Tombamento";"Com Vítimas Fatais";"Plena Noite";"Decrescente";"Céu Claro";"Simples";"Curva";"Não";2;1;1;0;0;0;1;1;-17,600188;-39,748637;"SPRF-BA";"DEL09-BA";"UOP02-DEL09-BA"
310066;2020-09-25;"sexta-feira";"05:48:00";"SP";116;210,3;"GUARULHOS";"Não guardar distância de segurança";"Queda de ocupante de veículo";"Com Vítimas Feridas";"Pleno dia";"Decrescente";"Sol";"Múltipla";"Interseção de Vias";"Sim";3;0;0;1;0;2;1;3;-23,42870023;-46,41085991;"SPRF-SP";"DEL01-SP";"UOP01-DEL01-SP"
310070;2020-09-25;"sexta-feira";"06:30:00";"PE";232;69;"GRAVATA";"Condutor Dormindo";"Colisão traseira";"Com Vítimas Feridas";"Pleno dia";"Crescente";"Céu Claro";"Dupla";"Reta";"Não";3;0;0;1;1;1;1;3;-8,17240309;-35,47993595;"SPRF-PE";"DEL02-PE";"UOP02-DEL02PE"
310072;2020-09-25;"sexta-feira";"01:45:00";"PR";476;234,5;"LAPA";"Ingestão de Álcool";"Saída de leito carroçável";"Sem Vítimas";"Pleno dia";"Decrescente";"Céu Claro";"Simples";"Reta;Aclive";"Não";2;0;0;0;1;1;0;2;-25,881773;-50,01786;"SPRF-PR";"DEL02-PR";"UOP04-DEL02-PR"
310076;2020-09-25;"sexta-feira";"06:50:00";"SC";470;112,2;"IBIRAMA";"Desobediência às normas de trânsito pelo condutor";"Colisão lateral";"Com Vítimas Feridas";"Pleno dia";"Crescente";"Nublado";"Simples";"Curva;Em Obras";"Não";4;0;1;0;2;2;1;5;-27,09701;-49,462887;"SPRF-SC";"DEL04-SC";"UOP02-DEL04-SC"
310083;2020-09-25;"sexta-feira";"07:45:00";"GO";153;134,6;"ESTRELA DO NORTE";"Desobediência às normas de trânsito pelo condutor";"Tombamento";"Com Vítimas Feridas";"Pleno dia";"Decrescente";"Céu Claro";"Simples";"Reta";"Não";2;0;0;1;0;1;1;2;-13,949925;-49,08493;"SPRF-GO";"DEL07-GO";"UOP01-DEL07-GO"
310087;2020-09-25;"sexta-feira";"08:15:00";"MG";381;489;"BETIM";"Velocidade Incompatível";"Engavetamento";"Com Vítimas Feridas";"Pleno dia";"Decrescente";"Céu Claro";"Dupla";"Reta";"Sim";4;0;1;0;3;0;1;3;-19,96245618;-44,16455495;"SPRF-MG";"DEL01-MG";"UOP03-DEL01-MG"
310088;2020-09-25;"sexta-feira";"05:45:00";"MG";40;641;"CONSELHEIRO LAFAIETE";"Falta de Atenção à Condução";"Tombamento";"Com Vítimas Feridas";"Amanhecer";"Crescente";"Céu Claro";"Simples";"Curva;Declive";"Não";1;0;1;0;0;0;1;1;-20,74938509;-43,80105361;"SPRF-MG";"DEL05-MG";"UOP02-DEL05-MG"
310093;2020-09-25;"sexta-feira";"07:30:00";"MG";262;195;"JOAO MONLEVADE";"Desobediência às normas de trânsito pelo condutor";"Colisão transversal";"Com Vítimas Feridas";"Pleno dia";"Crescente";"Sol";"Simples";"Reta";"Não";2;0;1;0;1;0;1;2;-19,86097658;-43,10750503;"SPRF-MG";"DEL03-MG";"UOP01-DEL03-MG"
310101;2020-09-25;"sexta-feira";"09:30:00";"GO";153;503;"GOIANIA";"Não guardar distância de segurança";"Colisão traseira";"Sem Vítimas";"Pleno dia";"Crescente";"Céu Claro";"Dupla";"Viaduto";"Não";2;0;0;0;2;0;0;2;-16,7366;-49,243;"SPRF-GO";"DEL01-GO";"UOP01-DEL01-GO"
310102;2020-09-25;"sexta-feira";"07:30:00";"BA";116;857,3;"VITORIA DA CONQUISTA";"Condutor Dormindo";"Tombamento";"Com Vítimas Feridas";"Pleno dia";"Crescente";"Céu Claro";"Simples";"Reta";"Não";2;0;1;0;0;1;1;2;-15,03864403;-40,96881896;"SPRF-BA";"DEL08-BA";"UOP01-DEL08-BA"
310107;2020-09-25;"sexta-feira";"08:40:00";"AM";174;1094;"PRESIDENTE FIGUEIREDO";"Falta de Atenção à Condução";"Saída de leito carroçável";"Com Vítimas Feridas";"Pleno dia";"Decrescente";"Chuva";"Simples";"Reta";"Não";2;0;1;0;0;4;1;5;-1,24913399;-60,40955796;"SPRF-AM";"DEL01-AM";"UOP02-DEL01-AM"
310111;2020-09-25;"sexta-feira";"10:10:00";"MS";163;419,9;"CAMPO GRANDE";"Falta de Atenção à Condução";"Engavetamento";"Sem Vítimas";"Pleno dia";"Decrescente";"Sol";"Simples";"Reta";"Sim";4;0;0;0;3;4;0;7;-20,99104704;-54,50658928;"SPRF-MS";"DEL01-MS";"UOP01-DEL01-MS"
310114;2020-09-25;"sexta-feira";"10:25:00";"MT";70;0;"BARRA DO GARCAS";"Falta de Atenção à Condução";"Colisão lateral";"Sem Vítimas";"Pleno dia";"Decrescente";"Céu Claro";"Dupla";"Rotatória";"Sim";2;0;0;0;2;0;0;2;-15,895538;-52,25599;"SPRF-MT";"DEL07-MT";"UOP01-DEL07-MT"
310118;2020-09-25;"sexta-feira";"09:35:00";"BA";116;912,5;"ENCRUZILHADA";"Falta de Atenção à Condução";"Colisão lateral";"Com Vítimas Feridas";"Pleno dia";"Crescente";"Sol";"Simples";"Reta";"Não";3;0;1;0;1;1;1;3;-15,45480006;-41,22945884;"SPRF-BA";"DEL08-BA";"UOP03-DEL08-BA"
310120;2020-09-25;"sexta-feira";"10:10:00";"BA";101;269;"SANTO ANTONIO DE JESUS";"Desobediência às normas de trânsito pelo condutor";"Colisão lateral";"Com Vítimas Feridas";"Pleno dia";"Decrescente";"Céu Claro";"Simples";"Curva";"Sim";2;0;1;0;1;0;1;2;-12,95690014;-39,25752461;"SPRF-BA";"DEL01-BA";"UOP02-DEL01-BA"
310123;2020-09-25;"sexta-feira";"11:00:00";"PR";476;129;"CURITIBA";"Falta de Atenção à Condução";"Tombamento";"Com Vítimas Feridas";"Pleno dia";"Crescente";"Sol";"Simples";"Viaduto";"Sim";2;0;1;0;0;1;1;2;-25,440983;-49,233715;"SPRF-PR";"DEL01-PR";"UOP03-DEL01-PR"
310126;2020-09-25;"sexta-feira";"12:10:00";"BA";116;516;"ITATIM";"Falta de Atenção à Condução";"Colisão lateral";"Com Vítimas Fatais";"Pleno dia";"Decrescente";"Céu Claro";"Simples";"Reta";"Não";3;1;0;0;1;1;0;3;-12,66883787;-39,64652606;"SPRF-BA";"DEL03-BA";"UOP02-DEL03-BA"