"id";"data_inversa";"dia_semana";"horario";"uf";"br";"km";"municipio";"causa_acidente";"tipo_acidente";"classificacao_acidente";"fase_dia";"sentido_via";"condicao_metereologica";"tipo_pista";"tracado_via";"uso_solo";"pessoas";"mortos";"feridos_leves";"feridos_graves";"ilesos";"ignorados";"feridos";"veiculos";"latitude";"longitude";"regional";"delegacia";"uop"
310127;2020-09-25;"sexta-feira";"07:00:00";"MG";267;185,8;"OLARIA";"Condutor Dormindo";"Tombamento";"Com Vítimas Feridas";"Pleno dia";"Crescente";"Céu Claro";"Simples";"Curva";"Não";3;0;2;0;0;1;2;2;-21,91670125;-43,97837801;"SPRF-MG";"DEL05-MG";"UOP01-DEL05-MG"
310132;2020-09-25;"sexta-feira";"13:40:00";"SE";101;4,4;"PROPRIA";"Falta de Atenção à Condução";"Saída de leito carroçável";"Com Vítimas Feridas";"Pleno dia";"Crescente";"Céu Claro";"Dupla";"Curva";"Não";2;0;1;0;0;1;1;2;-10,23232136;-36,84817965;"SPRF-SE";"DEL02-SE";"UOP02-DEL02-SE"
310139;2020-09-25;"sexta-feira";"14:20:00";"SP";116;348;"MIRACATU";"Falta de Atenção à Condução";"Colisão traseira";"Com Vítimas Feridas";"Pleno dia";"Crescente";"Céu Claro";"Dupla";"Curva";"Não";3;0;1;0;1;1;1;3;-24,05143375;-47,20399492;"SPRF-SP";"DEL04-SP";"UOP02-DEL04-SP"
310141;2020-09-25;"sexta-feira";"14:30:00";"PE";101;82;"JABOATAO DOS GUARARAPES";"Falta de Atenção à Condução";"Colisão traseira";"Sem Vítimas";"Pleno dia";"Crescente";"Céu Claro";"Dupla";"Reta";"Sim";2;0;0;0;1;1;0;2;-8,168383;-34,9376;"SPRF-PE";"DEL01-PE";"UOP03-DEL01-PE"
310143;2020-09-25;"sexta-feira";"14:30:00";"RJ";116;186;"NOVA IGUACU";"Falta de Atenção à Condução";"Colisão com objeto estático";"Sem Vítimas";"Pleno dia";"Decrescente";"Céu Claro";"Dupla";"Reta";"Sim";4;0;0;0;4;0;0;4;-22,73962339;-43,46276495;"SPRF-RJ";"DEL01-RJ";"UOP02-DEL01-RJ"
310145;2020-09-05;"sábado";"18:40:00";"MG";381;933;"EXTREMA";"Não guardar distância de segurança";"Colisão traseira";"Com Vítimas Feridas";"Plena Noite";"Decrescente";"Céu Claro";"Dupla";"Curva";"Não";4;0;0;1;3;0;1;4;-22,81492017;-46,2920647;"SPRF-MG";"DEL16-MG";"UOP03-DEL16-MG"
310146;2020-09-25;"sexta-feira";"14:05:00";"GO";60;334;"SANTO ANTONIO DA BARRA";"Condutor Dormindo";"Colisão traseira";"Sem Vítimas";"Pleno dia";"Decrescente";"Céu Claro";"Dupla";"Declive";"Não";3;0;0;0;2;3;0;5;-17,5449;-50,5538;"SPRF-GO";"DEL04-GO";"UOP01-DEL04-GO"
310147;2020-09-24;"quinta-feira";"17:54:00";"RO";364;1;"VILHENA";"Fenômenos da Natureza";"Danos eventuais";"Sem Vítimas";"Anoitecer";"Decrescente";"Vento";"Dupla";"Reta";"Não";3;0;0;0;2;2;0;4;-12,80784898;-60,08268392;"SPRF-RO";"DEL04-RO";"UOP01-DEL04-RO"
310152;2020-08-17;"segunda-feira";"15:00:00";"PA";155;114;"XINGUARA";"Defeito na Via";"Colisão lateral";"Sem Vítimas";"Plena Noite";"Crescente";"Céu Claro";"Simples";"Reta";"Não";3;0;0;0;3;0;0;3;-7,07516207;-49,91827491;"SPRF-PA";"DEL03-PA";"UOP01-DEL03-PA"
310154;2020-09-25;"sexta-feira";"13:20:00";"MT";163;982;"TERRA NOVA DO NORTE";"Falta de Atenção à Condução";"Tombamento";"Com Vítimas Feridas";"Pleno dia";"Crescente";"Céu Claro";"Simples";"Curva";"Não";1;0;1;0;0;0;1;1;-10,63327756;-55,13231277;"SPRF-MT";"DEL06-MT";"NPF/DEL06-MT"
310163;2020-09-25;"sexta-feira";"12:10:00";"SC";470;226,7;"SAO CRISTOVAO DO SUL";"Velocidade Incompatível";"Tombamento";"Com Vítimas Feridas";"Pleno dia";"Decrescente";"Céu Claro";"Simples";"Curva";"Não";2;0;1;0;0;1;1;2;-27,327692;-50,361202;"SPRF-SC";"DEL05-SC";"UOP03-DEL05-SC"
310166;2020-09-25;"sexta-feira";"11:50:00";"SC";282;41;"AGUAS MORNAS";"Defeito Mecânico no Veículo";"Incêndio";"Sem Vítimas";"Pleno dia";"Decrescente";"Céu Claro";"Simples";"Reta";"Sim";2;0;0;0;1;1;0;2;-27,715973;-48,878979;"SPRF-SC";"DEL01-SC";"UOP03-DEL01-SC"
310170;2020-09-25;"sexta-feira";"15:35:00";"MT";163;525;"DIAMANTINO";"Defeito Mecânico no Veículo";"Incêndio";"Sem Vítimas";"Pleno dia";"Crescente";"Céu Claro";"Simples";"Reta";"Não";1;0;0;0;1;0;0;1;-14,4864367;-56,17670725;"SPRF-MT";"DEL01-MT";"UOP01-DEL01-MT"
310172;2020-09-25;"sexta-feira";"16:30:00";"BA";324;559;"AMELIA RODRIGUES";"Falta de Atenção à Condução";"Colisão traseira";"Sem Vítimas";"Pleno dia";"Decrescente";"Nublado";"Dupla";"Reta";"Não";2;0;0;0;2;0;0;2;-12,48716788;-38,66087791;"SPRF-BA";"DEL01-BA";"UOP03-DEL01-BA"
310189;2020-09-25;"sexta-feira";"17:55:00";"PB";101;90;"JOAO PESSOA";"Desobediência às normas de trânsito pelo condutor";"Colisão lateral";"Com Vítimas Fatais";"Plena Noite";"Decrescente";"Céu Claro";"Dupla";"Reta;Retorno Regulamentado";"Sim";3;1;0;0;1;1;0;3;-7,179652;-34,900417;"SPRF-PB";"DEL01-PB";"UOP02-DEL01-PB"
310194;2020-09-25;"sexta-feira";"18:25:00";"RN";226;86;"TANGARA";"Defeito Mecânico no Veículo";"Colisão com objeto em movimento";"Com Vítimas Feridas";"Plena Noite";"Decrescente";"Céu Claro";"Simples";"Curva";"Não";4;0;2;0;1;2;2;4;-6,21740029;-35,82282588;"SPRF-RN";"DEL03-RN";"UOP02-DEL03-RN"
310196;2020-09-25;"sexta-feira";"18:15:00";"RN";101;104;"PARNAMIRIM";"Falta de Atenção à Condução";"Colisão traseira";"Sem Vítimas";"Plena Noite";"Crescente";"Céu Claro";"Dupla";"Reta";"Sim";2;0;0;0;2;0;0;2;-5,892745;-35,257225;"SPRF-RN";"DEL01-RN";"UOP01-DEL01-RN"
310199;2020-09-25;"sexta-feira";"10:30:00";"BA";242;372;"PALMEIRAS";"Falta de Atenção à Condução";"Tombamento";"Sem Vítimas";"Pleno dia";"Decrescente";"Céu Claro";"Simples";"Reta;Aclive";"Não";2;0;0;0;1;2;0;3;-12,45491007;-41,48413406;"SPRF-BA";"DEL06-BA";"UOP01-DEL06-BA"
310204;2020-09-25;"sexta-feira";"19:00:00";"PR";376;107,5;"PARANAVAI";"Falta de Atenção do Pedestre";"Atropelamento de Pedestre";"Com Vítimas Fatais";"Plena Noite";"Decrescente";"Céu Claro";"Dupla";"Reta";"Sim";2;1;0;0;1;0;0;2;-23,06897758;-52,42454766;"SPRF-PR";"DEL09-PR";"UOP02-DEL09-PR"
310205;2020-09-25;"sexta-feira";"18:50:00";"PB";230;69,2;"SOBRADO";"Falta de Atenção à Condução";"Colisão lateral";"Sem Vítimas";"Plena Noite";"Crescente";"Céu Claro";"Dupla";"Reta";"Não";3;0;0;0;2;1;0;3;-7,1887;-35,2151;"SPRF-PB";"DEL01-PB";"UOP03-DEL01-PB"
310208;2020-09-25;"sexta-feira";"16:50:00";"SP";153;338;"OURINHOS";"Falta de Atenção à Condução";"Tombamento";"Com Vítimas Feridas";"Pleno dia";"Crescente";"Céu Claro";"Dupla";"Curva";"Não";3;0;2;0;0;1;2;2;-22,922949;-49,900826;"SPRF-SP";"DEL07-SP";"UOP03-DEL07-SP"
310211;2020-09-25;"sexta-feira";"18:05:00";"MT";364;201;"RONDONOPOLIS";"Desobediência às normas de trânsito pelo condutor";"Tombamento";"Com Vítimas Feridas";"Plena Noite";"Crescente";"Céu Claro";"Dupla";"Reta";"Sim";4;0;1;0;0;4;1;5;-16,491405;-54,646378;"SPRF-MT";"DEL02-MT";"UOP01-DEL02-MT"
310213;2020-09-25;"sexta-feira";"19:00:00";"MS";262;487,2;"ANASTACIO";"Não guardar distância de segurança";"Colisão traseira";"Com Vítimas Feridas";"Anoitecer";"Crescente";"Céu Claro";"Simples";"Rotatória";"Sim";5;0;2;0;2;2;2;4;-20,50137052;-55,76837894;"SPRF-MS";"DEL03-MS";"UOP01-DEL03-MS"
310225;2020-09-25;"sexta-feira";"17:15:00";"PA";316;64,4;"CASTANHAL";"Desobediência às normas de trânsito pelo condutor";"Colisão transversal";"Com Vítimas Feridas";"Pleno dia";"Decrescente";"Céu Claro";"Dupla";"Reta";"Sim";2;0;0;1;1;0;1;2;-1,29554189;-47,90790265;"SPRF-PA";"DEL01-PA";"UOP01-DEL01-PA"
310227;2020-09-25;"sexta-feira";"18:45:00";"ES";101;47;"SAO MATEUS";"Desobediência às normas de trânsito pelo condutor";"Colisão lateral";"Sem Vítimas";"Plena Noite";"Decrescente";"Céu Claro";"Simples";"Aclive;Reta";"Não";2;0;0;0;0;2;0;2;-18,56004214;-39,90021148;"SPRF-ES";"DEL04-ES";"UOP02-DEL04-ES"
310240;2020-09-25;"sexta-feira";"14:30:00";"GO";20;74;"FORMOSA";"Desobediência às normas de trânsito pelo condutor";"Colisão frontal";"Com Vítimas Fatais";"Pleno dia";"Crescente";"Céu Claro";"Simples";"Reta";"Não";4;1;2;0;0;2;2;4;-15,136623;-47,130238;"SPRF-DF";"DEL02-DF";"UOP01-DEL02-DF"
310243;2020-09-25;"sexta-feira";"21:00:00";"TO";153;690,2;"CARIRI DO TOCANTINS";"Ingestão de Álcool";"Colisão lateral";"Sem Vítimas";"Plena Noite";"Crescente";"Céu Claro";"Simples";"Reta";"Não";3;0;0;0;2;1;0;3;-11,87110699;-49,15663002;"SPRF-TO";"DEL01-TO";"UOP02-DEL01-TO"
310248;2020-09-25;"sexta-feira";"22:00:00";"GO";364;113,9;"APARECIDA DO RIO DOCE";"Falta de Atenção à Condução";"Colisão transversal";"Com Vítimas Feridas";"Plena Noite";"Decrescente";"Céu Claro";"Simples";"Declive;Reta";"Sim";7;0;3;0;4;0;3;2;-18,30445855;-51,14539146;"SPRF-GO";"DEL05-GO";"UOP01-DEL05-GO"
310251;2020-09-25;"sexta-feira";"16:00:00";"PR";153;121,5;"IBAITI";"Falta de Atenção à Condução";"Saída de leito carroçável";"Com Vítimas Feridas";"Pleno dia";"Crescente";"Céu Claro";"Simples";"Curva";"Não";1;0;0;1;0;0;1;1;-23,93119102;-50,23840265;"SPRF-PR";"DEL07-PR";"UOP04-DEL07-PR"
310252;2020-09-25;"sexta-feira";"21:30:00";"MS";163;208;"CAARAPO";"Desobediência às normas de trânsito pelo condutor";"Colisão frontal";"Com Vítimas Feridas";"Plena Noite";"Decrescente";"Céu Claro";"Simples";"Reta";"Sim";3;0;0;1;1;1;1;3;-22,63840453;-54,81492936;"SPRF-MS";"DEL04-MS";"UOP02-DEL04-MS"
310258;2020-09-25;"sexta-feira";"22:30:00";"MT";158;762,3;"BARRA DO GARCAS";"Ingestão de Álcool";"Saída de leito carroçável";"Com Vítimas Fatais";"Plena Noite";"Crescente";"Céu Claro";"Simples";"Reta";"Não";5;1;1;0;2;2;1;3;-15,59789098;-52,2065873;"SPRF-MT";"DEL07-MT";"UOP01-DEL07-MT"
310259;2020-09-25;"sexta-feira";"23:00:00";"PE";101;119;"IPOJUCA";"Desobediência às normas de trânsito pelo condutor";"Colisão transversal";"Sem Vítimas";"Plena Noite";"Crescente";"Céu Claro";"Dupla";"Reta";"Não";4;0;0;0;3;2;0;4;-8,35685707;-35,18628296;"SPRF-PE";"DEL01-PE";"UOP03-DEL01-PE"
310260;2020-09-25;"sexta-feira";"17:50:00";"RO";435;94;"COLORADO DO OESTE";"Defeito na Via";"Danos eventuais";"Sem Vítimas";"Anoitecer";"Decrescente";"Ignorado";"Simples";"Reta";"Não";2;0;0;0;1;1;0;2;-13,1895683;-60,55896682;"SPRF-RO";"DEL04-RO";"UOP02-DEL04-RO"
310262;2020-09-25;"sexta-feira";"21:30:00";"PE";232;81;"GRAVATA";"Falta de Atenção à Condução";"Colisão frontal";"Com Vítimas Feridas";"Plena Noite";"Decrescente";"Céu Claro";"Dupla";"Reta";"Sim";3;0;1;0;2;0;1;3;-8,19697746;-35,57850408;"SPRF-PE";"DEL02-PE";"UOP02-DEL02PE"
310263;2020-09-25;"sexta-feira";"23:05:00";"PR";163;282;"MARECHAL CANDIDO RONDON";"Falta de Atenção do Pedestre";"Atropelamento de Pedestre";"Com Vítimas Feridas";"Plena Noite";"Decrescente";"Céu Claro";"Simples";"Reta";"Sim";2;0;1;0;0;1;1;2;-24,57864514;-53,99236214;"SPRF-PR";"DEL06-PR";"UOP02-DEL06-PR"
310269;2020-09-25;"sexta-feira";"23:20:00";"RS";116;326;"BARRA DO RIBEIRO";"Falta de Atenção à Condução";"Colisão lateral";"Com Vítimas Feridas";"Plena Noite";"Crescente";"Céu Claro";"Simples";"Curva";"Não";3;0;1;0;0;2;1;3;-30,34467398;-51,42852925;"SPRF-RS";"DEL02-RS";"UOP01-DEL02-RS"
310271;2020-09-25;"sexta-feira";"21:15:00";"MG";153;26;"CENTRALINA";"Defeito Mecânico no Veículo";"Tombamento";"Com Vítimas Feridas";"Plena Noite";"Decrescente";"Céu Claro";"Dupla";"Reta";"Não";1;0;0;1;0;0;1;1;-18,64727712;-49,17447621;"SPRF-MG";"DEL15-MG";"UOP03-DEL15-MG"
310276;2020-09-26;"sábado";"00:20:00";"SC";470;127;"LONTRAS";"Falta de Atenção à Condução";"Colisão traseira";"Sem Vítimas";"Plena Noite";"Decrescente";"Céu Claro";"Simples";"Reta";"Não";3;0;0;0;2;1;0;2;-27,136574;-49,543015;"SPRF-SC";"DEL04-SC";"UOP02-DEL04-SC"
310279;2020-09-26;"sábado";"00:00:00";"SC";101;40,7;"JOINVILLE";"Desobediência às normas de trânsito pelo condutor";"Colisão traseira";"Com Vítimas Feridas";"Plena Noite";"Crescente";"Céu Claro";"Simples";"Curva";"Sim";2;0;1;0;1;0;1;2;-26,27176094;-48,89468382;"SPRF-SC";"DEL03-SC";"UOP01-DEL03-SC"
310287;2020-09-26;"sábado";"00:15:00";"SC";470;26,9;"ILHOTA";"Falta de Atenção à Condução";"Colisão traseira";"Com Vítimas Feridas";"Plena Noite";"Decrescente";"Céu Claro";"Dupla";"Reta";"Não";3;0;0;1;1;1;1;3;-26,880913;-48,846237;"SPRF-SC";"DEL04-SC";"UOP04-DEL04-SC"
310290;2020-09-26;"sábado";"00:20:00";"MS";163;609,4;"SAO GABRIEL DO OESTE";"Falta de Atenção à Condução";"Tombamento";"Com Vítimas Feridas";"Plena Noite";"Crescente";"Céu Claro";"Múltipla";"Declive";"Não";2;0;1;0;1;0;1;1;-19,4409361;-54,53079011;"SPRF-MS";"DEL06-MS";"UOP02-DEL06-MS"
310294;2020-09-25;"sexta-feira";"22:30:00";"RO";364;87;"VILHENA";"Animais na Pista";"Tombamento";"Sem Vítimas";"Plena Noite";"Decrescente";"Céu Claro";"Simples";"Reta";"Não";3;0;0;0;2;5;0;7;-12,386794;-60,617154;"SPRF-RO";"DEL04-RO";"UOP01-DEL04-RO"
310298;2020-09-26;"sábado";"01:05:00";"MG";262;28,1;"MANHUACU";"Ingestão de Álcool";"Colisão frontal";"Com Vítimas Feridas";"Plena Noite";"Decrescente";"Céu Claro";"Simples";"Reta";"Não";2;0;1;0;1;0;1;2;-20,24402083;-41,97382413;"SPRF-MG";"DEL06-MG";"UOP03-DEL06-MG"
310300;2020-09-26;"sábado";"02:55:00";"PE";101;72;"RECIFE";"Desobediência às normas de trânsito pelo condutor";"Saída de leito carroçável";"Com Vítimas Feridas";"Plena Noite";"Decrescente";"Céu Claro";"Dupla";"Curva";"Sim";2;0;1;0;0;1;1;2;-8,08493106;-34,9450639;"SPRF-PE";"DEL01-PE";"UOP01-DEL01-PE"
310301;2020-09-26;"sábado";"02:45:00";"SC";101;184;"BIGUACU";"Falta de Atenção à Condução";"Colisão lateral";"Com Vítimas Feridas";"Plena Noite";"Crescente";"Céu Claro";"Dupla";"Reta";"Não";3;0;0;1;1;1;1;3;-27,41613807;-48,6266443;"SPRF-SC";"DEL01-SC";"UOP01-DEL01-SC"
310308;2020-09-25;"sexta-feira";"20:40:00";"MG";354;761,8;"ITAMONTE";"Defeito Mecânico no Veículo";"Tombamento";"Com Vítimas Feridas";"Plena Noite";"Decrescente";"Céu Claro";"Simples";"Curva";"Não";2;0;1;0;1;0;1;1;-22,33634273;-44,82845824;"SPRF-MG";"DEL17-MG";"UOP01-DEL17-MG"
310310;2020-09-26;"sábado";"00:45:00";"MG";116;774,7;"LEOPOLDINA";"Velocidade Incompatível";"Tombamento";"Com Vítimas Feridas";"Plena Noite";"Crescente";"Ignorado";"Simples";"Curva;Declive";"Não";1;0;1;0;0;0;1;1;-21,57932128;-42,68264985;"SPRF-MG";"DEL07-MG";"UOP01-DEL07-MG"
310314;2020-09-26;"sábado";"06:15:00";"MG";381;919,5;"CAMANDUCAIA";"Falta de Atenção à Condução";"Colisão transversal";"Com Vítimas Feridas";"Pleno dia";"Decrescente";"Céu Claro";"Dupla";"Aclive;Reta";"Não";5;0;1;0;3;1;1;3;-22,7716591;-46,19193618;"SPRF-MG";"DEL16-MG";"UOP03-DEL16-MG"
310318;2020-09-26;"sábado";"05:30:00";"MG";381;265,2;"TIMOTEO";"Desobediência às normas de trânsito pelo condutor";"Colisão frontal";"Com Vítimas Feridas";"Amanhecer";"Decrescente";"Céu Claro";"Simples";"Reta";"Não";3;0;0;1;1;2;1;4;-19,52666689;-42,63632096;"SPRF-MG";"DEL03-MG";"UOP02-DEL03-MG"
310320;2020-09-26;"sábado";"07:15:00";"ES";101;6,6;"PEDRO CANARIO";"Falta de Atenção à Condução";"Colisão com objeto estático";"Com Vítimas Fatais";"Pleno dia";"Decrescente";"Céu Claro";"Simples";"Curva";"Não";1;1;0;0;0;0;0;1;-18,2246637;-39,94285583;"SPRF-ES";"DEL04-ES";"UOP02-DEL04-ES"
310330;2020-09-05;"sábado";"17:40:00";"GO";60;76;"ANAPOLIS";"Desobediência às normas de trânsito pelo condutor";"Colisão traseira";"Sem Vítimas";"Pleno dia";"Crescente";"Céu Claro";"Dupla";"Retorno Regulamentado";"Não";3;0;0;0;2;1;0;3;-16,2828;-48,7935;"SPRF-GO";"DEL02-GO";"UOP01-DEL02-GO"
310332;2020-09-25;"sexta-feira";"04:35:00";"PA";155;292;"MARABA";"Condutor Dormindo";"Colisão com objeto estático";"Com Vítimas Fatais";"Amanhecer";"Decrescente";"Nublado";"Simples";"Declive";"Não";3;1;0;1;0;2;1;3;-5,79423227;-49,18035746;"SPRF-PA";"DEL03-PA";"UOP01-DEL03-PA"
310342;2020-09-26;"sábado";"09:15:00";"BA";116;639,6;"JAGUAQUARA";"Ultrapassagem Indevida";"Colisão lateral";"Com Vítimas Feridas";"Pleno dia";"Crescente";"Céu Claro";"Simples";"Reta";"Não";6;0;4;0;1;2;4;5;-13,52302704;-40,06074891;"SPRF-BA";"DEL03-BA";"UOP01-DEL03-BA"
310347;2020-09-26;"sábado";"09:45:00";"ES";101;269,6;"SERRA";"Desobediência às normas de trânsito pelo condutor";"Colisão lateral";"Sem Vítimas";"Pleno dia";"Decrescente";"Céu Claro";"Dupla";"Reta";"Sim";3;0;0;0;3;0;0;3;-20,21740496;-40,26990578;"SPRF-ES";"DEL02-ES";"UOP01-DEL02-ES"
310348;2020-09-26;"sábado";"09:45:00";"RJ";116;223;"PIRAI";"Defeito Mecânico no Veículo";"Derramamento de carga";"Sem Vítimas";"Pleno dia";"Decrescente";"Sol";"Simples";"Declive;Curva";"Não";2;0;0;0;1;1;0;2;-22,68972504;-43,801317;"SPRF-RJ";"DEL07-RJ";"UOP01-DEL07-RJ"
310349;2020-09-26;"sábado";"07:30:00";"RO";364;44,8;"VILHENA";"Falta de Atenção à Condução";"Colisão lateral";"Sem Vítimas";"Pleno dia";"Crescente";"Sol";"Simples";"Reta";"Não";4;0;0;0;3;4;0;6;-12,60211401;-60,34375015;"SPRF-RO";"DEL04-RO";"UOP01-DEL04-RO"
310355;2020-09-26;"sábado";"09:05:00";"MG";381;752;"TRES CORACOES";"Falta de Atenção à Condução";"Colisão traseira";"Com Vítimas Feridas";"Pleno dia";"Decrescente";"Céu Claro";"Simples";"Curva";"Não";3;0;1;0;2;0;1;2;-21,67246754;-45,33430028;"SPRF-MG";"DEL16-MG";"UOP02-DEL16-MG"
310363;2020-09-26;"sábado";"09:20:00";"SC";470;100;"APIUNA";"Falta de Atenção à Condução";"Colisão com objeto estático";"Sem Vítimas";"Pleno dia";"Crescente";"Céu Claro";"Simples";"Reta";"Sim";2;0;0;0;1;1;0;2;-27,045143;-49,394142;"SPRF-SC";"DEL04-SC";"UOP02-DEL04-SC"
310364;2020-09-26;"sábado";"11:16:00";"MA";10;369;"ITINGA DO MARANHAO";"Mal Súbito";"Colisão frontal";"Com Vítimas Fatais";"Pleno dia";"Crescente";"Céu Claro";"Simples";"Aclive";"Não";3;1;0;0;1;3;0;5;-4,522771;-47,503666;"SPRF-MA";"DEL04-MA";"UOP03-DEL04-MA"
310366;2020-09-26;"sábado";"11:15:00";"PR";163;163,9;"LINDOESTE";"Falta de Atenção à Condução";"Colisão transversal";"Sem Vítimas";"Pleno dia";"Crescente";"Céu Claro";"Simples";"Reta";"Sim";3;0;0;0;1;3;0;4;-25,28505861;-53,56896378;"SPRF-PR";"DEL05-PR";"UOP05-DEL05-PR"
310370;2020-09-26;"sábado";"11:45:00";"SC";101;117;"ITAJAI";"Não guardar distância de segurança";"Colisão traseira";"Com Vítimas Feridas";"Pleno dia";"Crescente";"Céu Claro";"Dupla";"Reta";"Não";5;0;0;2;2;3;2;6;-26,88747187;-48,72252969;"SPRF-SC";"DEL04-SC";"UOP04-DEL04-SC"
310384;2020-09-26;"sábado";"11:36:00";"PR";376;189,9;"MARIALVA";"Desobediência às normas de trânsito pelo condutor";"Colisão transversal";"Com Vítimas Feridas";"Pleno dia";"Decrescente";"Céu Claro";"Dupla";"Retorno Regulamentado";"Não";4;0;0;2;1;2;2;4;-23,46717405;-51,82698369;"SPRF-PR";"DEL09-PR";"UOP01-DEL09-PR"
310385;2020-09-26;"sábado";"12:40:00";"PR";116;28;"CAMPINA GRANDE DO SUL";"Não guardar distância de segurança";"Colisão traseira";"Com Vítimas Feridas";"Pleno dia";"Crescente";"Céu Claro";"Dupla";"Reta";"Não";4;0;1;0;3;0;1;3;-25,10670298;-48,80405799;"SPRF-PR";"DEL01-PR";"UOP02-DEL01-PR"
310390;2020-09-26;"sábado";"15:10:00";"BA";110;168;"RIBEIRA DO POMBAL";"Ingestão de Álcool";"Colisão transversal";"Sem Vítimas";"Pleno dia";"Crescente";"Céu Claro";"Simples";"Reta";"Não";3;0;0;0;1;2;0;3;-10,824597;-38,53163103;"SPRF-BA";"DEL07-BA";"UOP02-DEL07-BA"
310391;2020-09-26;"sábado";"14:50:00";"BA";101;23,5;"ESPLANADA";"Carga excessiva e/ou mal acondicionada";"Colisão traseira";"Com Vítimas Feridas";"Pleno dia";"Decrescente";"Céu Claro";"Simples";"Declive";"Não";3;0;1;0;1;1;1;3;-11,72712615;-37,93118264;"SPRF-SE";"DEL02-SE";"UOP03-DEL02-SE"
310392;2020-09-26;"sábado";"15:10:00";"PR";277;106,7;"CAMPO LARGO";"Falta de Atenção à Condução";"Colisão lateral";"Com Vítimas Fatais";"Pleno dia";"Crescente";"Céu Claro";"Dupla";"Reta";"Sim";3;1;0;0;1;2;0;4;-25,47984808;-49,3494472;"SPRF-PR";"DEL01-PR";"UOP01-DEL01-PR"
310394;2020-09-26;"sábado";"08:00:00";"RO";364;418;"JARU";"Falta de Atenção à Condução";"Colisão traseira";"Com Vítimas Feridas";"Pleno dia";"Decrescente";"Garoa/Chuvisco";"Simples";"Aclive;Reta";"Não";2;0;1;0;1;0;1;2;-10,48561056;-62,43377385;"SPRF-RO";"DEL03-RO";"UOP02-DEL03-RO"
310405;2020-09-26;"sábado";"16:00:00";"SC";101;198;"BIGUACU";"Falta de Atenção do Pedestre";"Colisão traseira";"Com Vítimas Feridas";"Pleno dia";"Decrescente";"Céu Claro";"Dupla";"Reta";"Sim";3;0;1;0;2;0;1;2;-27,52658712;-48,63506019;"SPRF-SC";"DEL01-SC";"UOP01-DEL01-SC"
310406;2020-09-26;"sábado";"15:50:00";"PE";232;90,5;"SAIRE";"Condutor Dormindo";"Colisão traseira";"Com Vítimas Feridas";"Pleno dia";"Crescente";"Sol";"Dupla";"Curva";"Sim";4;0;1;0;2;2;1;4;-8,2172915;-35,65572305;"SPRF-PE";"DEL02-PE";"UOP02-DEL02PE"
310410;2020-09-24;"quinta-feira";"23:00:00";"PR";153;156;"VENTANIA";"Defeito Mecânico no Veículo";"Danos eventuais";"Sem Vítimas";"Plena Noite";"Crescente";"Céu Claro";"Simples";"Curva";"Não";2;0;0;0;1;1;0;2;-24,20248279;-50,21699548;"SPRF-PR";"DEL07-PR";"UOP04-DEL07-PR"
310421;2020-09-26;"sábado";"17:00:00";"SP";116;345;"MIRACATU";"Falta de Atenção à Condução";"Engavetamento";"Sem Vítimas";"Pleno dia";"Crescente";"Céu Claro";"Dupla";"Curva";"Não";5;0;0;0;4;3;0;7;-24,03551364;-47,18593225;"SPRF-SP";"DEL04-SP";"UOP02-DEL04-SP"
310422;2020-09-26;"sábado";"16:45:00";"MG";40;118,9;"LAGOA GRANDE";"Falta de Atenção à Condução";"Colisão transversal";"Com Vítimas Feridas";"Anoitecer";"Decrescente";"Céu Claro";"Simples";"Reta;Interseção de Vias";"Não";5;0;2;0;2;2;2;4;-17,65869879;-46,38339596;"SPRF-MG";"DEL14-MG";"UOP01-DEL14-MG"
310423;2020-09-26;"sábado";"17:15:00";"PR";476;267,2;"SAO MATEUS DO SUL";"Falta de Atenção do Pedestre";"Atropelamento de Pedestre";"Com Vítimas Fatais";"Pleno dia";"Decrescente";"Sol";"Simples";"Reta";"Não";2;1;0;0;1;0;0;2;-25,892023;-50,31163;"SPRF-PR";"DEL02-PR";"UOP04-DEL02-PR"
310429;2020-09-26;"sábado";"17:30:00";"SP";116;114;"TAUBATE";"Falta de Atenção à Condução";"Colisão traseira";"Com Vítimas Feridas";"Pleno dia";"Crescente";"Céu Claro";"Dupla";"Reta";"Não";6;0;0;1;2;3;1;6;-23,04654177;-45,59018006;"SPRF-SP";"DEL06-SP";"UOP01-DEL06-SP"
310442;2020-09-26;"sábado";"16:00:00";"SC";282;627,7;"IRACEMINHA";"Não guardar distância de segurança";"Colisão traseira";"Com Vítimas Feridas";"Pleno dia";"Decrescente";"Céu Claro";"Simples";"Reta";"Não";4;0;0;1;1;3;1;5;-26,811321;-53,362316;"SPRF-SC";"DEL07-SC";"UOP02-DEL07-SC"
310443;2020-09-26;"sábado";"16:00:00";"MS";262;733,5;"CORUMBA";"Falta de Atenção à Condução";"Colisão com objeto estático";"Sem Vítimas";"Pleno dia";"Decrescente";"Céu Claro";"Simples";"Curva";"Não";2;0;0;0;1;1;0;2;-19,35214555;-57,56724271;"SPRF-MS";"DEL03-MS";"UOP03-DEL03-MS"
310444;2020-09-26;"sábado";"19:10:00";"MG";381;672,7;"PERDOES";"Falta de Atenção à Condução";"Saída de leito carroçável";"Com Vítimas Feridas";"Plena Noite";"Crescente";"Céu Claro";"Dupla";"Reta";"Não";1;0;1;0;0;0;1;1;-21,0939261;-45,07727193;"SPRF-MG";"DEL04-MG";"UOP02-DEL04-MG"