"id";"data_inversa";"dia_semana";"horario";"uf";"br";"km";"municipio";"causa_acidente";"tipo_acidente";"classificacao_acidente";"fase_dia";"sentido_via";"condicao_metereologica";"tipo_pista";"tracado_via";"uso_solo";"pessoas";"mortos";"feridos_leves";"feridos_graves";"ilesos";"ignorados";"feridos";"veiculos";"latitude";"longitude";"regional";"delegacia";"uop"
310445;2020-09-26;"sábado";"15:50:00";"AM";230;613;"HUMAITA";"Falta de Atenção à Condução";"Colisão lateral";"Sem Vítimas";"Pleno dia";"Crescente";"Nublado";"Simples";"Reta";"Sim";3;0;0;0;2;2;0;4;-7,52052776;-63,03567324;"SPRF-AM";"DEL01-AM";"UOP05-DEL01-AM"
310446;2020-09-26;"sábado";"19:00:00";"PR";277;676,4;"MEDIANEIRA";"Desobediência às normas de trânsito pelo condutor";"Colisão com objeto estático";"Com Vítimas Feridas";"Plena Noite";"Crescente";"Céu Claro";"Dupla";"Reta";"Não";3;0;0;1;1;1;1;3;-25,3032461;-54,13195494;"SPRF-PR";"DEL05-PR";"UOP01-DEL05-PR"
310447;2020-09-26;"sábado";"18:30:00";"MG";381;534,9;"ITATIAIUCU";"Falta de Atenção do Pedestre";"Atropelamento de Pedestre";"Com Vítimas Feridas";"Anoitecer";"Crescente";"Céu Claro";"Simples";"Aclive;Reta";"Sim";3;0;1;0;1;1;1;3;-20,185092;-44,380552;"SPRF-MG";"DEL04-MG";"UOP03-DEL04-MG"
310465;2020-09-26;"sábado";"12:40:00";"PR";376;168,5;"MARINGA";"Restrição de Visibilidade";"Colisão traseira";"Com Vítimas Feridas";"Pleno dia";"Decrescente";"Nevoeiro/Neblina";"Dupla";"Reta";"Não";4;0;1;0;3;0;1;3;-23,409788;-51,987453;"SPRF-PR";"DEL09-PR";"UOP01-DEL09-PR"
310466;2020-09-26;"sábado";"19:46:00";"MS";60;677;"BELA VISTA";"Falta de Atenção à Condução";"Colisão transversal";"Com Vítimas Feridas";"Plena Noite";"Decrescente";"Céu Claro";"Simples";"Interseção de Vias";"Não";5;0;3;0;2;0;3;2;-22,0693972;-56,51722473;"SPRF-MS";"DEL05-MS";"UOP01-DEL05-MS"
310470;2020-09-26;"sábado";"18:25:00";"MT";163;844;"SINOP";"Ingestão de Álcool";"Colisão transversal";"Sem Vítimas";"Plena Noite";"Crescente";"Céu Claro";"Simples";"Reta;Interseção de Vias";"Sim";3;0;0;0;2;2;0;4;-11,77803888;-55,47360074;"SPRF-MT";"DEL06-MT";"NPF/DEL06-MT"
310476;2020-09-26;"sábado";"18:30:00";"MG";116;364,4;"FREI INOCENCIO";"Desobediência às normas de trânsito pelo condutor";"Colisão transversal";"Com Vítimas Feridas";"Anoitecer";"Decrescente";"Céu Claro";"Simples";"Reta";"Não";3;0;0;2;1;0;2;2;-18,49102293;-41,87166931;"SPRF-MG";"DEL11-MG";"UOP01-DEL11-MG"
310479;2020-09-26;"sábado";"21:50:00";"CE";20;282;"CANINDE";"Desobediência às normas de trânsito pelo condutor";"Colisão lateral";"Sem Vítimas";"Plena Noite";"Decrescente";"Céu Claro";"Simples";"Reta";"Não";2;0;0;0;2;0;0;2;-4,56318406;-39,35829374;"SPRF-CE";"DEL02-CE";"UOP01-DEL02-CE"
310481;2020-09-26;"sábado";"22:20:00";"PR";277;682;"SAO MIGUEL DO IGUACU";"Condutor Dormindo";"Tombamento";"Sem Vítimas";"Plena Noite";"Crescente";"Céu Claro";"Dupla";"Reta";"Não";1;0;0;0;1;0;0;1;-25,32986789;-54,18272203;"SPRF-PR";"DEL05-PR";"UOP01-DEL05-PR"
310482;2020-09-26;"sábado";"22:10:00";"PR";277;101;"CURITIBA";"Falta de Atenção à Condução";"Colisão traseira";"Com Vítimas Fatais";"Plena Noite";"Crescente";"Nublado";"Dupla";"Reta";"Não";2;1;0;0;1;0;0;2;-25,52228492;-49,3331539;"SPRF-PR";"DEL01-PR";"UOP01-DEL01-PR"
310485;2020-09-26;"sábado";"22:20:00";"MG";262;440;"NOVA SERRANA";"Desobediência às normas de trânsito pelo condutor";"Colisão traseira";"Com Vítimas Feridas";"Plena Noite";"Crescente";"Céu Claro";"Dupla";"Reta";"Sim";3;0;0;2;1;0;2;2;-19,88607114;-44,89407411;"SPRF-MG";"DEL08-MG";"UOP03-DEL08-MG"
310487;2020-09-26;"sábado";"21:00:00";"SC";101;266,5;"PAULO LOPES";"Ingestão de Substâncias Psicoativas";"Colisão lateral";"Sem Vítimas";"Plena Noite";"Decrescente";"Nublado";"Dupla";"Reta";"Sim";4;0;0;0;2;4;0;6;-28,06847808;-48,71463931;"SPRF-SC";"DEL02-SC";"UOP03-DEL02-SC"
310493;2020-09-26;"sábado";"08:30:00";"RN";226;328;"MESSIAS TARGINO";"Falta de Atenção à Condução";"Tombamento";"Sem Vítimas";"Pleno dia";"Crescente";"Céu Claro";"Simples";"Reta";"Não";2;0;0;0;1;3;0;4;-6,08101897;-37,554691;"SPRF-RN";"DEL04-RN";"UOP01-DEL04-RN"
310497;2020-09-26;"sábado";"18:27:00";"PI";343;303;"ALTOS";"Falta de Atenção à Condução";"Saída de leito carroçável";"Com Vítimas Feridas";"Anoitecer";"Decrescente";"Céu Claro";"Simples";"Reta";"Não";2;0;1;0;1;0;1;1;-5,023108;-42,430378;"SPRF-PI";"DEL01-PI";"UOP03-DEL01-PI"
310500;2020-09-26;"sábado";"22:30:00";"MG";116;603,1;"SAO JOAO DO MANHUACU";"Ingestão de Álcool";"Saída de leito carroçável";"Com Vítimas Feridas";"Plena Noite";"Decrescente";"Céu Claro";"Simples";"Curva";"Não";1;0;1;0;0;0;1;1;-20,35289099;-42,15247011;"SPRF-MG";"DEL06-MG";"UOP03-DEL06-MG"
310501;2020-09-26;"sábado";"23:50:00";"MG";381;839,5;"SAO SEBASTIAO DA BELA VISTA";"Falta de Atenção do Pedestre";"Atropelamento de Pedestre";"Com Vítimas Fatais";"Plena Noite";"Decrescente";"Céu Claro";"Dupla";"Reta";"Não";3;1;0;0;1;1;0;3;-22,15601314;-45,82571053;"SPRF-MG";"DEL16-MG";"UOP01-DEL16-MG"
310504;2020-09-26;"sábado";"20:00:00";"SC";282;643,6;"SAO MIGUEL DO OESTE";"Velocidade Incompatível";"Colisão frontal";"Com Vítimas Fatais";"Plena Noite";"Decrescente";"Céu Claro";"Simples";"Em Obras;Curva";"Não";5;1;0;1;2;3;1;5;-26,77013074;-53,47699821;"SPRF-SC";"DEL07-SC";"UOP03-DEL07-SC"
310510;2020-09-27;"domingo";"00:30:00";"PR";277;138;"BALSA NOVA";"Falta de Atenção à Condução";"Colisão traseira";"Sem Vítimas";"Plena Noite";"Crescente";"Céu Claro";"Dupla";"Declive";"Não";2;0;0;0;1;1;0;2;-25,47256834;-49,72343445;"SPRF-PR";"DEL01-PR";"UOP03-DEL03-PR"
310515;2020-09-27;"domingo";"00:30:00";"RN";101;160,8;"CANGUARETAMA";"Velocidade Incompatível";"Colisão com objeto estático";"Com Vítimas Feridas";"Plena Noite";"Crescente";"Céu Claro";"Dupla";"Reta";"Sim";5;0;1;3;1;0;4;2;-6,37073486;-35,15280876;"SPRF-RN";"DEL01-RN";"UOP01-DEL01-RN"
310522;2020-09-26;"sábado";"19:30:00";"PB";361;110;"ITAPORANGA";"Falta de Atenção à Condução";"Colisão traseira";"Com Vítimas Feridas";"Plena Noite";"Crescente";"Céu Claro";"Simples";"Reta";"Não";3;0;1;1;1;0;2;2;-7,29695102;-38,11983399;"SPRF-PB";"DEL03-PB";"UOP01-DEL03-PB"
310531;2020-09-26;"sábado";"16:00:00";"RO";364;266,5;"CACOAL";"Avarias e/ou desgaste excessivo no pneu";"Tombamento";"Sem Vítimas";"Pleno dia";"Crescente";"Sol";"Simples";"Reta";"Não";4;0;0;0;3;2;0;3;-11,37650131;-61,67765302;"SPRF-RO";"DEL02-RO";"UOP02-DEL02-RO"
310535;2020-09-27;"domingo";"01:00:00";"PI";135;233;"COLONIA DO GURGUEIA";"Desobediência às normas de trânsito pelo condutor";"Colisão traseira";"Com Vítimas Fatais";"Plena Noite";"Crescente";"Céu Claro";"Simples";"Reta";"Não";3;1;0;0;1;2;0;4;-8,23087801;-43,78974869;"SPRF-PI";"DEL03-PI";"UOP02-DEL03-PI"
310543;2020-09-27;"domingo";"05:00:00";"PR";116;53;"CAMPINA GRANDE DO SUL";"Falta de Atenção à Condução";"Tombamento";"Com Vítimas Feridas";"Amanhecer";"Crescente";"Céu Claro";"Dupla";"Reta";"Não";3;0;2;0;0;1;2;2;-25,25695209;-48,91330764;"SPRF-PR";"DEL01-PR";"UOP02-DEL01-PR"
310544;2020-09-27;"domingo";"04:00:00";"GO";364;303,1;"MINEIROS";"Desobediência às normas de trânsito pelo condutor";"Colisão transversal";"Com Vítimas Feridas";"Amanhecer";"Crescente";"Céu Claro";"Simples";"Curva";"Não";4;0;2;0;2;0;2;2;-17,522218;-52,530497;"SPRF-GO";"DEL05-GO";"UOP01-DEL05-GO"
310548;2020-09-27;"domingo";"06:00:00";"SP";116;371,8;"MIRACATU";"Defeito Mecânico no Veículo";"Colisão com objeto estático";"Com Vítimas Feridas";"Amanhecer";"Crescente";"Nevoeiro/Neblina";"Dupla";"Reta";"Não";4;0;0;2;1;1;2;3;-24,1653783;-47,33283704;"SPRF-SP";"DEL04-SP";"UOP02-DEL04-SP"
310557;2020-08-05;"quarta-feira";"16:22:00";"PA";10;21,8;"DOM ELISEU";"Desobediência às normas de trânsito pelo condutor";"Colisão lateral";"Com Vítimas Feridas";"Pleno dia";"Decrescente";"Sol";"Simples";"Reta";"Não";5;0;2;1;1;2;3;4;-4,26636302;-47,56070012;"SPRF-PA";"DEL02-PA";"UOP02-DEL02-PA"
310560;2020-09-27;"domingo";"05:00:00";"TO";153;404;"MIRANORTE";"Ingestão de Álcool";"Colisão frontal";"Com Vítimas Feridas";"Amanhecer";"Crescente";"Céu Claro";"Simples";"Declive";"Não";5;0;1;0;3;1;1;3;-9,44553597;-48,57652218;"SPRF-TO";"DEL02-TO";"UOP02-DEL02-TO"
310561;2020-09-27;"domingo";"04:10:00";"BA";101;338;"TEOLANDIA";"Velocidade Incompatível";"Saída de leito carroçável";"Com Vítimas Fatais";"Amanhecer";"Crescente";"Nevoeiro/Neblina";"Simples";"Curva";"Não";1;1;0;0;0;0;0;1;-13,64624293;-39,48617042;"SPRF-BA";"DEL05-BA";"UOP03-DEL05-BA"
310565;2020-09-27;"domingo";"06:15:00";"MG";251;335,6;"FRUTA DE LEITE";"Velocidade Incompatível";"Tombamento";"Sem Vítimas";"Amanhecer";"Decrescente";"Sol";"Simples";"Curva";"Não";1;0;0;0;1;0;0;1;-16,25375866;-42,44612628;"SPRF-MG";"DEL12-MG";"UOP01-DEL12-MG"
310571;2020-09-27;"domingo";"09:00:00";"MG";381;420;"CAETE";"Desobediência às normas de trânsito pelo condutor";"Colisão frontal";"Com Vítimas Feridas";"Pleno dia";"Decrescente";"Sol";"Simples";"Em Obras;Curva;Declive";"Não";5;0;1;0;2;3;1;5;-19,756301;-43,631537;"SPRF-MG";"DEL01-MG";"UOP01-DEL01-MG"
310579;2020-09-27;"domingo";"08:40:00";"MS";262;683,2;"CORUMBA";"Restrição de Visibilidade";"Colisão frontal";"Com Vítimas Fatais";"Pleno dia";"Crescente";"Céu Claro";"Simples";"Reta";"Não";6;1;2;2;0;1;4;3;-19,5496857;-57,2257069;"SPRF-MS";"DEL03-MS";"UOP03-DEL03-MS"
310584;2020-09-27;"domingo";"09:05:00";"SP";116;186;"SANTA ISABEL";"Falta de Atenção à Condução";"Colisão transversal";"Com Vítimas Feridas";"Pleno dia";"Decrescente";"Céu Claro";"Dupla";"Curva";"Sim";4;0;3;0;1;0;3;2;-23,35220682;-46,19934905;"SPRF-SP";"DEL02-SP";"UOP01-DEL02-SP"
310596;2020-09-27;"domingo";"10:10:00";"GO";153;508;"APARECIDA DE GOIANIA";"Restrição de Visibilidade";"Colisão lateral";"Com Vítimas Feridas";"Pleno dia";"Crescente";"Céu Claro";"Dupla";"Reta;Declive";"Sim";4;0;1;0;3;0;1;2;-16,7804;-49,2371;"SPRF-GO";"DEL01-GO";"UOP03-DEL01-GO"
310599;2020-09-27;"domingo";"08:20:00";"BA";101;899;"CARAVELAS";"Ingestão de Álcool";"Colisão frontal";"Com Vítimas Feridas";"Pleno dia";"Crescente";"Céu Claro";"Simples";"Reta";"Não";3;0;2;0;0;1;2;3;-17,72252622;-39,76776123;"SPRF-BA";"DEL09-BA";"UOP02-DEL09-BA"
310602;2020-06-30;"terça-feira";"07:13:00";"MT";163;945;"ITAUBA";"Ultrapassagem Indevida";"Colisão traseira";"Com Vítimas Feridas";"Pleno dia";"Crescente";"Céu Claro";"Simples";"Reta";"Não";5;0;1;0;3;4;1;8;-10,937998;-55,210099;"SPRF-MT";"DEL06-MT";"NPF/DEL06-MT"
310603;2020-09-27;"domingo";"10:25:00";"BA";101;808;"ITAMARAJU";"Falta de Atenção à Condução";"Colisão frontal";"Com Vítimas Feridas";"Pleno dia";"Crescente";"Céu Claro";"Simples";"Reta";"Sim";4;0;1;0;2;1;1;3;-17,19644104;-39,59171792;"SPRF-BA";"DEL09-BA";"UOP02-DEL09-BA"
310605;2020-09-27;"domingo";"06:19:00";"MG";251;410,2;"GRAO MOGOL";"Restrição de Visibilidade";"Saída de leito carroçável";"Com Vítimas Feridas";"Amanhecer";"Crescente";"Céu Claro";"Simples";"Reta";"Não";2;0;1;0;0;1;1;2;-16,27905186;-42,99925906;"SPRF-MG";"DEL12-MG";"UOP01-DEL12-MG"
310609;2020-09-27;"domingo";"12:50:00";"RJ";116;330;"RESENDE";"Falta de Atenção à Condução";"Colisão frontal";"Com Vítimas Feridas";"Pleno dia";"Decrescente";"Céu Claro";"Simples";"Curva";"Não";3;0;1;1;1;0;2;2;-22,50454219;-44,61629;"SPRF-RJ";"DEL07-RJ";"UOP02-DEL07-RJ"
310612;2020-09-27;"domingo";"08:30:00";"MA";316;521,1;"CAXIAS";"Objeto estático sobre o leito carroçável";"Engavetamento";"Com Vítimas Feridas";"Pleno dia";"Decrescente";"Céu Claro";"Simples";"Declive";"Não";17;0;10;0;4;5;10;10;-4,784778;-43,588432;"SPRF-MA";"DEL03-MA";"UOP02-DEL03-MA"
310628;2020-09-27;"domingo";"13:45:00";"RS";153;511;"CACAPAVA DO SUL";"Defeito Mecânico no Veículo";"Incêndio";"Sem Vítimas";"Pleno dia";"Decrescente";"Chuva";"Simples";"Reta";"Não";2;0;0;0;1;1;0;2;-30,58385804;-53,39364592;"SPRF-RS";"DEL09-RS";"UOP02-DEL09-RS"
310631;2020-09-27;"domingo";"15:00:00";"ES";482;93;"ALEGRE";"Não guardar distância de segurança";"Colisão frontal";"Com Vítimas Feridas";"Pleno dia";"Crescente";"Céu Claro";"Simples";"Curva";"Sim";3;0;1;1;1;0;2;2;-20,75715394;-41,57894518;"SPRF-ES";"DEL03-ES";"UOP02-DEL03-ES"
310632;2020-09-27;"domingo";"14:50:00";"PR";476;159;"ARAUCARIA";"Falta de Atenção à Condução";"Colisão transversal";"Com Vítimas Feridas";"Pleno dia";"Crescente";"Céu Claro";"Simples";"Reta";"Não";3;0;1;0;1;1;1;3;-25,6157297;-49,42699956;"SPRF-PR";"DEL01-PR";"UOP03-DEL01-PR"
310641;2020-09-15;"terça-feira";"16:35:00";"MG";381;480;"CONTAGEM";"Desobediência às normas de trânsito pelo condutor";"Colisão lateral";"Com Vítimas Feridas";"Pleno dia";"Decrescente";"Céu Claro";"Múltipla";"Reta";"Sim";3;0;1;0;1;1;1;3;-19,95749597;-44,07899901;"SPRF-MG";"DEL01-MG";"UOP03-DEL01-MG"
310647;2020-09-27;"domingo";"16:30:00";"MG";40;519;"RIBEIRAO DAS NEVES";"Velocidade Incompatível";"Saída de leito carroçável";"Com Vítimas Feridas";"Pleno dia";"Crescente";"Céu Claro";"Dupla";"Reta";"Sim";6;0;3;1;1;1;4;3;-19,84454086;-44,07415509;"SPRF-MG";"DEL01-MG";"UOP02-DEL01-MG"
310650;2020-09-27;"domingo";"16:20:00";"MG";459;26,9;"CALDAS";"Velocidade Incompatível";"Capotamento";"Com Vítimas Feridas";"Pleno dia";"Crescente";"Céu Claro";"Simples";"Rotatória;Curva";"Não";2;0;1;0;0;1;1;2;-21,91316958;-46,38119482;"SPRF-MG";"DEL09-MG";"UOP01-DEL09-MG"
310651;2020-09-27;"domingo";"05:30:00";"AL";423;82;"DELMIRO GOUVEIA";"Falta de Atenção do Pedestre";"Atropelamento de Pedestre";"Com Vítimas Fatais";"Amanhecer";"Decrescente";"Céu Claro";"Simples";"Reta";"Não";2;1;0;0;0;1;0;2;-9,33702122;-38,00282793;"SPRF-BA";"DEL07-BA";"UOP01-DEL07-BA"
310654;2020-09-27;"domingo";"15:45:00";"DF";60;4;"BRASILIA";"Ingestão de Álcool";"Colisão traseira";"Com Vítimas Feridas";"Pleno dia";"Decrescente";"Céu Claro";"Simples";"Reta";"Sim";8;0;4;0;3;2;4;5;-15,892721;-48,095741;"SPRF-DF";"DEL03-DF";"UOP01-DEL03-DF"
310655;2020-09-27;"domingo";"16:40:00";"CE";20;117,7;"TAUA";"Desobediência às normas de trânsito pelo condutor";"Colisão frontal";"Com Vítimas Fatais";"Pleno dia";"Crescente";"Céu Claro";"Simples";"Reta";"Não";3;2;0;0;1;0;0;2;-5,75534602;-40,13227716;"SPRF-CE";"DEL02-CE";"UOP02-DEL02-CE"
310664;2020-09-27;"domingo";"17:45:00";"TO";153;219,6;"NOVA OLINDA";"Ingestão de Álcool";"Colisão lateral";"Com Vítimas Feridas";"Anoitecer";"Crescente";"Céu Claro";"Simples";"Curva";"Não";7;0;1;0;5;1;1;3;-7,81973476;-48,45248795;"SPRF-TO";"DEL02-TO";"UOP01-DEL02-TO"
310665;2020-09-27;"domingo";"17:40:00";"SP";116;131;"CACAPAVA";"Defeito Mecânico no Veículo";"Incêndio";"Sem Vítimas";"Anoitecer";"Decrescente";"Céu Claro";"Dupla";"Reta";"Sim";2;0;0;0;1;1;0;2;-23,1278;-45,735807;"SPRF-SP";"DEL06-SP";"UOP01-DEL06-SP"
310668;2020-09-05;"sábado";"15:41:00";"PR";153;331,8;"IRATI";"Desobediência às normas de trânsito pelo condutor";"Saída de leito carroçável";"Com Vítimas Feridas";"Pleno dia";"Decrescente";"Sol";"Simples";"Curva;Declive";"Sim";2;0;1;0;0;1;1;2;-25,45832438;-50,57424724;"SPRF-PR";"DEL03-PR";"UOP03-DEL03-PR"
310680;2020-09-27;"domingo";"16:40:00";"MG";50;140,6;"UBERABA";"Falta de Atenção à Condução";"Saída de leito carroçável";"Com Vítimas Feridas";"Pleno dia";"Decrescente";"Céu Claro";"Dupla";"Reta";"Não";2;0;1;0;0;1;1;2;-19,47657604;-48,05332612;"SPRF-MG";"DEL13-MG";"UOP01-DEL13-MG"
310698;2020-09-27;"domingo";"16:10:00";"RJ";116;228;"PIRAI";"Falta de Atenção à Condução";"Tombamento";"Com Vítimas Feridas";"Pleno dia";"Decrescente";"Céu Claro";"Dupla";"Curva";"Sim";2;0;1;0;0;1;1;2;-22,66692746;-43,84231567;"SPRF-RJ";"DEL07-RJ";"UOP01-DEL07-RJ"
310701;2020-09-27;"domingo";"18:48:00";"MG";40;585;"ITABIRITO";"Não guardar distância de segurança";"Colisão traseira";"Com Vítimas Feridas";"Plena Noite";"Decrescente";"Nublado";"Dupla";"Reta";"Sim";3;0;1;0;1;1;1;3;-20,3335261;-43,92335419;"SPRF-MG";"DEL01-MG";"UOP02-DEL01-MG"
310707;2020-09-27;"domingo";"18:00:00";"BA";101;62,2;"ENTRE RIOS";"Falta de Atenção à Condução";"Colisão frontal";"Com Vítimas Fatais";"Anoitecer";"Crescente";"Céu Claro";"Simples";"Reta";"Não";3;1;0;0;1;1;0;3;-11,96718727;-38,12643102;"SPRF-BA";"DEL01-BA";"UOP04-DEL01-BA"
310708;2020-09-27;"domingo";"19:55:00";"ES";101;251;"SERRA";"Ingestão de Substâncias Psicoativas";"Atropelamento de Pedestre";"Com Vítimas Feridas";"Plena Noite";"Decrescente";"Céu Claro";"Simples";"Reta";"Não";2;0;0;1;1;0;1;2;-20,0879949;-40,34351677;"SPRF-ES";"DEL02-ES";"UOP01-DEL02-ES"
310716;2020-09-27;"domingo";"15:33:00";"TO";153;487;"PARAISO DO TOCANTINS";"Defeito Mecânico no Veículo";"Incêndio";"Sem Vítimas";"Pleno dia";"Decrescente";"Céu Claro";"Simples";"Reta";"Não";2;0;0;0;1;2;0;3;-10,10155485;-48,8699883;"SPRF-TO";"DEL01-TO";"UOP01-DEL01-TO"
310718;2020-09-27;"domingo";"17:30:00";"SC";101;60,4;"ARAQUARI";"Falta de Atenção à Condução";"Colisão traseira";"Com Vítimas Feridas";"Anoitecer";"Decrescente";"Nublado";"Dupla";"Reta;Aclive";"Não";3;0;0;1;1;2;1;4;-26,45276752;-48,78240824;"SPRF-SC";"DEL03-SC";"UOP02-DEL03-SC"
310724;2020-09-27;"domingo";"18:50:00";"MG";381;685,9;"LAVRAS";"Pista Escorregadia";"Colisão traseira";"Sem Vítimas";"Plena Noite";"Crescente";"Céu Claro";"Dupla";"Curva";"Não";3;0;0;0;1;3;0;4;-21,19177791;-45,11670723;"SPRF-MG";"DEL04-MG";"UOP02-DEL04-MG"
310726;2020-09-27;"domingo";"20:30:00";"RJ";116;332;"ITATIAIA";"Falta de Atenção à Condução";"Colisão traseira";"Com Vítimas Feridas";"Plena Noite";"Decrescente";"Céu Claro";"Dupla";"Reta";"Sim";2;0;1;0;1;0;1;2;-22,50082905;-44,63502202;"SPRF-RJ";"DEL07-RJ";"UOP02-DEL07-RJ"
310734;2020-09-27;"domingo";"19:39:00";"PR";376;439,9;"TIBAGI";"Falta de Atenção à Condução";"Tombamento";"Com Vítimas Feridas";"Plena Noite";"Decrescente";"Céu Claro";"Dupla";"Curva";"Não";2;0;0;1;0;1;1;2;-24,85445193;-50,46069175;"SPRF-PR";"DEL03-PR";"UOP02-DEL03-PR"
310736;2020-09-27;"domingo";"20:50:00";"BA";116;11;"VITORIA DA CONQUISTA";"Falta de Atenção à Condução";"Colisão lateral";"Com Vítimas Feridas";"Plena Noite";"Decrescente";"Céu Claro";"Simples";"Reta";"Sim";2;0;1;0;1;0;1;2;-14,8644477;-40,8717519;"SPRF-PE";"DEL05-PE";"UOP03-DEL05-PE"
310738;2020-09-27;"domingo";"20:15:00";"RS";392;296;"SAO SEPE";"Ingestão de Álcool";"Colisão lateral";"Com Vítimas Feridas";"Plena Noite";"Decrescente";"Chuva";"Simples";"Reta";"Sim";2;0;1;0;1;0;1;2;-30,172483;-53,5782;"SPRF-RS";"DEL09-RS";"UOP02-DEL09-RS"
310739;2020-09-27;"domingo";"01:00:00";"MA";135;271;"CAPINZAL DO NORTE";"Ingestão de Álcool";"Colisão lateral";"Com Vítimas Fatais";"Plena Noite";"Decrescente";"Céu Claro";"Simples";"Reta;Aclive";"Não";3;1;1;1;0;0;2;2;-4,75434298;-44,33180521;"SPRF-MA";"DEL03-MA";"UOP01-DEL03-MA"
310753;2020-09-27;"domingo";"17:00:00";"MA";316;580,1;"CAXIAS";"Falta de Atenção à Condução";"Colisão frontal";"Com Vítimas Fatais";"Pleno dia";"Decrescente";"Céu Claro";"Simples";"Reta";"Não";3;1;0;0;1;1;0;3;-4,95833238;-43,12786102;"SPRF-MA";"DEL03-MA";"UOP02-DEL03-MA"
310763;2020-09-27;"domingo";"19:15:00";"MG";262;658,5;"IBIA";"Ultrapassagem Indevida";"Colisão frontal";"Com Vítimas Fatais";"Plena Noite";"Decrescente";"Céu Claro";"Simples";"Aclive;Reta";"Não";4;2;1;0;0;2;1;4;-19,57887613;-46,72210693;"SPRF-MG";"DEL08-MG";"UOP01-DEL08-MG"
310765;2020-09-27;"domingo";"21:45:00";"SC";163;68,8;"SAO MIGUEL DO OESTE";"Desobediência às normas de trânsito pelo condutor";"Colisão transversal";"Com Vítimas Feridas";"Plena Noite";"Crescente";"Nublado";"Dupla";"Interseção de Vias";"Sim";4;0;0;1;1;2;1;4;-26,75038301;-53,50086841;"SPRF-SC";"DEL07-SC";"UOP03-DEL07-SC"
310766;2020-09-27;"domingo";"16:05:00";"GO";153;213;"URUACU";"Desobediência às normas de trânsito pelo condutor";"Tombamento";"Sem Vítimas";"Pleno dia";"Crescente";"Céu Claro";"Simples";"Interseção de Vias";"Não";2;0;0;0;1;2;0;3;-14,634578;-49,175987;"SPRF-GO";"DEL07-GO";"UOP02-DEL07-GO"
310767;2020-09-27;"domingo";"22:50:00";"RS";116;249;"SAO LEOPOLDO";"Velocidade Incompatível";"Saída de leito carroçável";"Sem Vítimas";"Plena Noite";"Decrescente";"Garoa/Chuvisco";"Dupla";"Curva";"Sim";1;0;0;0;1;0;0;1;-29,7831804;-51,16099063;"SPRF-RS";"DEL01-RS";"UOP02-DEL01-RS"
310769;2020-09-27;"domingo";"22:50:00";"SC";101;63,7;"ARAQUARI";"Falta de Atenção à Condução";"Colisão traseira";"Com Vítimas Feridas";"Plena Noite";"Decrescente";"Chuva";"Dupla";"Curva";"Sim";5;0;2;2;1;0;4;2;-26,45898367;-48,7584088;"SPRF-SC";"DEL03-SC";"UOP02-DEL03-SC"
310771;2020-09-27;"domingo";"18:30:00";"MG";262;913,2;"CAMPO FLORIDO";"Falta de Atenção à Condução";"Tombamento";"Com Vítimas Feridas";"Plena Noite";"Crescente";"Céu Claro";"Simples";"Interseção de Vias";"Não";1;0;1;0;0;0;1;1;-19,629816;-48,84921;"SPRF-MG";"DEL13-MG";"UOP02-DEL13-MG"
310781;2020-09-28;"segunda-feira";"00:45:00";"MG";365;91,8;"JEQUITAI";"Não guardar distância de segurança";"Colisão traseira";"Com Vítimas Feridas";"Plena Noite";"Crescente";"Céu Claro";"Simples";"Reta";"Não";3;0;1;0;1;2;1;4;-17,212542;-44,444355;"SPRF-MG";"DEL12-MG";"UOP01-DEL12-MG"
310787;2020-09-28;"segunda-feira";"02:30:00";"GO";153;578,2;"PROFESSOR JAMIL";"Defeito Mecânico no Veículo";"Incêndio";"Sem Vítimas";"Plena Noite";"Decrescente";"Céu Claro";"Dupla";"Curva";"Não";3;0;0;0;2;1;0;2;-17,3706;-49,2442;"SPRF-GO";"DEL03-GO";"UOP01-DEL03-GO"
310790;2020-09-28;"segunda-feira";"01:10:00";"BA";101;166;"CONCEICAO DO JACUIPE";"Velocidade Incompatível";"Colisão frontal";"Com Vítimas Fatais";"Plena Noite";"Decrescente";"Céu Claro";"Simples";"Reta";"Sim";5;4;0;0;1;0;0;2;-12,35551436;-38,782478;"SPRF-BA";"DEL01-BA";"UOP03-DEL01-BA"
310791;2020-09-28;"segunda-feira";"02:01:00";"SC";101;43,7;"JOINVILLE";"Falta de Atenção à Condução";"Colisão com objeto estático";"Com Vítimas Feridas";"Plena Noite";"Decrescente";"Garoa/Chuvisco";"Dupla";"Reta";"Sim";2;0;1;0;0;1;1;2;-26,30357106;-48,88225609;"SPRF-SC";"DEL03-SC";"UOP01-DEL03-SC"
310806;2020-09-28;"segunda-feira";"05:40:00";"PR";277;69;"SAO JOSE DOS PINHAIS";"Falta de Atenção à Condução";"Colisão traseira";"Com Vítimas Feridas";"Pleno dia";"Decrescente";"Sol";"Dupla";"Reta";"Sim";3;0;1;0;1;1;1;3;-25,53715243;-49,07076619;"SPRF-PR";"DEL01-PR";"UOP01-DEL01-PR"
310812;2020-09-28;"segunda-feira";"05:50:00";"SC";101;142,5;"BALNEARIO CAMBORIU";"Desobediência às normas de trânsito pelo condutor";"Colisão lateral";"Sem Vítimas";"Amanhecer";"Crescente";"Céu Claro";"Dupla";"Reta";"Sim";2;0;0;0;2;0;0;2;-27,056089;-48,599449;"SPRF-SC";"DEL04-SC";"UOP03-DEL04-SC"