"id";"data_inversa";"dia_semana";"horario";"uf";"br";"km";"municipio";"causa_acidente";"tipo_acidente";"classificacao_acidente";"fase_dia";"sentido_via";"condicao_metereologica";"tipo_pista";"tracado_via";"uso_solo";"pessoas";"mortos";"feridos_leves";"feridos_graves";"ilesos";"ignorados";"feridos";"veiculos";"latitude";"longitude";"regional";"delegacia";"uop"
311292;2020-09-30;"quarta-feira";"19:30:00";"PR";369;154,9;"LONDRINA";"Velocidade Incompatível";"Colisão traseira";"Com Vítimas Feridas";"Plena Noite";"Crescente";"Céu Claro";"Dupla";"Reta";"Sim";4;0;0;1;2;1;1;4;-23,29571284;-51,20846629;"SPRF-PR";"DEL07-PR";"UOP01-DEL07-PR"
311293;2020-09-30;"quarta-feira";"18:35:00";"MG";459;98,5;"POUSO ALEGRE";"Velocidade Incompatível";"Colisão com objeto estático";"Sem Vítimas";"Anoitecer";"Crescente";"Céu Claro";"Dupla";"Retorno Regulamentado";"Sim";1;0;0;0;1;0;0;1;-22,202055;-45,960964;"SPRF-MG";"DEL16-MG";"UOP01-DEL16-MG"
311295;2020-09-30;"quarta-feira";"18:50:00";"PR";153;41,7;"SANTO ANTONIO DA PLATINA";"Não guardar distância de segurança";"Colisão traseira";"Com Vítimas Feridas";"Plena Noite";"Crescente";"Céu Claro";"Simples";"Reta";"Sim";4;0;1;0;3;0;1;3;-23,287931;-50,059216;"SPRF-PR";"DEL07-PR";"UOP04-DEL07-PR"
311299;2020-09-30;"quarta-feira";"19:50:00";"RJ";116;175;"NOVA IGUACU";"Falta de Atenção à Condução";"Colisão traseira";"Com Vítimas Fatais";"Anoitecer";"Crescente";"Céu Claro";"Dupla";"Reta";"Sim";3;1;0;0;1;1;0;3;-22,78923555;-43,37275272;"SPRF-RJ";"DEL01-RJ";"UOP02-DEL01-RJ"
311300;2020-09-30;"quarta-feira";"20:35:00";"SC";101;218;"PALHOCA";"Falta de Atenção à Condução";"Colisão traseira";"Com Vítimas Feridas";"Plena Noite";"Decrescente";"Chuva";"Dupla";"Reta";"Não";3;0;1;0;1;2;1;4;-27,6758601;-48,67052525;"SPRF-SC";"DEL01-SC";"UOP02-DEL01-SC"
311303;2020-09-30;"quarta-feira";"20:30:00";"MG";381;575;"ITAGUARA";"Defeito Mecânico no Veículo";"Incêndio";"Sem Vítimas";"Plena Noite";"Crescente";"Céu Claro";"Dupla";"Reta";"Não";2;0;0;0;1;1;0;2;-20,47362595;-44,58422842;"SPRF-MG";"DEL04-MG";"UOP01-DEL04-MG"
311304;2020-09-30;"quarta-feira";"19:20:00";"GO";20;202;"POSSE";"Condutor Dormindo";"Colisão com objeto estático";"Com Vítimas Feridas";"Plena Noite";"Decrescente";"Céu Claro";"Simples";"Reta";"Não";3;0;1;0;1;1;1;3;-14,298611;-46,444744;"SPRF-DF";"DEL02-DF";"UOP03-DEL02-DF"
311311;2020-09-30;"quarta-feira";"16:30:00";"PA";163;26,7;"NOVO PROGRESSO";"Falta de Atenção à Condução";"Colisão lateral";"Com Vítimas Fatais";"Pleno dia";"Crescente";"Céu Claro";"Simples";"Aclive";"Não";4;1;1;0;1;9;1;12;-9,343867;-54,844828;"SPRF-PA";"DEL05-PA";"UOP01-DEL05-PA"
311313;2020-09-30;"quarta-feira";"21:50:00";"ES";101;140;"LINHARES";"Falta de Atenção à Condução";"Colisão traseira";"Com Vítimas Feridas";"Plena Noite";"Decrescente";"Céu Claro";"Dupla";"Reta";"Sim";3;0;1;0;1;2;1;4;-19,31817306;-40,07552313;"SPRF-ES";"DEL04-ES";"UOP01-DEL04-ES"
311316;2020-09-30;"quarta-feira";"16:30:00";"MT";163;938;"ITAUBA";"Falta de Atenção à Condução";"Colisão traseira";"Com Vítimas Feridas";"Pleno dia";"Crescente";"Céu Claro";"Simples";"Aclive;Reta";"Não";2;0;1;0;1;0;1;2;-11,10385599;-55,30034901;"SPRF-MT";"DEL06-MT";"NPF/DEL06-MT"
311321;2020-09-30;"quarta-feira";"21:35:00";"RS";392;181;"PIRATINI";"Defeito Mecânico no Veículo";"Colisão frontal";"Com Vítimas Fatais";"Plena Noite";"Crescente";"Céu Claro";"Simples";"Aclive";"Não";5;1;0;2;1;1;2;3;-30,98247961;-53,0496043;"SPRF-RS";"DEL07-RS";"UOP01-DEL07-RS"
311322;2020-09-30;"quarta-feira";"19:30:00";"BA";110;373;"CATU";"Desobediência às normas de trânsito pelo condutor";"Colisão frontal";"Com Vítimas Feridas";"Plena Noite";"Decrescente";"Céu Claro";"Simples";"Reta";"Não";2;0;2;0;0;0;2;2;-12,41407659;-38,44906399;"SPRF-BA";"DEL01-BA";"UOP01-DEL01-BA"
311324;2020-09-30;"quarta-feira";"20:30:00";"RO";364;285;"PRESIDENTE MEDICI";"Restrição de Visibilidade";"Saída de leito carroçável";"Sem Vítimas";"Plena Noite";"Decrescente";"Céu Claro";"Simples";"Reta";"Não";2;0;0;0;1;2;0;3;-11,3628587;-61,84606267;"SPRF-RO";"DEL02-RO";"UOP01-DEL02-RO"
311326;2020-09-30;"quarta-feira";"20:30:00";"BA";110;358;"CATU";"Ultrapassagem Indevida";"Colisão transversal";"Com Vítimas Feridas";"Plena Noite";"Crescente";"Céu Claro";"Simples";"Reta";"Não";4;0;3;0;1;0;3;2;-12,350737;-38,38946693;"SPRF-BA";"DEL01-BA";"UOP04-DEL01-BA"
311330;2020-09-30;"quarta-feira";"18:10:00";"MG";116;175,2;"PADRE PARAISO";"Ultrapassagem Indevida";"Colisão frontal";"Com Vítimas Fatais";"Anoitecer";"Decrescente";"Céu Claro";"Simples";"Curva";"Não";3;1;0;0;1;3;0;5;-17,05568579;-41,46147724;"SPRF-MG";"DEL11-MG";"UOP02-DEL11-MG"
311331;2020-09-30;"quarta-feira";"21:00:00";"MT";163;1035;"MATUPA";"Desobediência às normas de trânsito pelo condutor";"Colisão lateral";"Sem Vítimas";"Plena Noite";"Crescente";"Garoa/Chuvisco";"Simples";"Reta";"Não";3;0;0;0;2;2;0;4;-10,21361303;-54,96562958;"SPRF-MT";"DEL06-MT";"NPF/DEL06-MT"
311334;2020-09-30;"quarta-feira";"17:50:00";"SC";116;135,9;"SANTA CECILIA";"Desobediência às normas de trânsito pelo condutor";"Colisão traseira";"Com Vítimas Feridas";"Pleno dia";"Crescente";"Céu Claro";"Simples";"Reta";"Não";2;0;1;0;1;0;1;2;-26,92904296;-50,4345818;"SPRF-SC";"DEL06-SC";"UOP02-DEL06-SC"
311337;2020-09-30;"quarta-feira";"10:30:00";"MG";153;91,8;"PRATA";"Falta de Atenção à Condução";"Tombamento";"Com Vítimas Feridas";"Pleno dia";"Crescente";"Céu Claro";"Simples";"Reta";"Não";2;0;1;0;0;1;1;2;-19,15242696;-48,96164382;"SPRF-MG";"DEL15-MG";"UOP03-DEL15-MG"
311339;2020-09-30;"quarta-feira";"23:53:00";"PE";104;27,4;"TORITAMA";"Falta de Atenção à Condução";"Colisão frontal";"Com Vítimas Fatais";"Plena Noite";"Crescente";"Céu Claro";"Simples";"Reta";"Sim";2;1;0;0;0;1;0;2;-8,00492107;-36,07980813;"SPRF-PE";"DEL02-PE";"UOP01-DEL02-PE"
311343;2020-09-30;"quarta-feira";"08:40:00";"MS";262;354;"CAMPO GRANDE";"Defeito Mecânico no Veículo";"Saída de leito carroçável";"Sem Vítimas";"Pleno dia";"Decrescente";"Sol";"Simples";"Declive";"Sim";2;0;0;0;1;1;0;2;-20,556599;-54,664516;"SPRF-MS";"DEL01-MS";"UOP03-DEL01-MS"
311346;2020-09-30;"quarta-feira";"14:10:00";"PB";230;278,5;"SANTA LUZIA";"Velocidade Incompatível";"Tombamento";"Com Vítimas Feridas";"Pleno dia";"Decrescente";"Céu Claro";"Simples";"Aclive;Curva";"Não";2;0;1;0;0;1;1;2;-6,9513;-36,8451;"SPRF-PB";"DEL03-PB";"UOP01-DEL03-PB"
311350;2020-10-01;"quinta-feira";"01:50:00";"RS";386;279,4;"SAO JOSE DO HERVAL";"Velocidade Incompatível";"Saída de leito carroçável";"Com Vítimas Fatais";"Plena Noite";"Decrescente";"Céu Claro";"Simples";"Curva";"Não";1;1;0;0;0;0;0;1;-29,022665;-52,319885;"SPRF-RS";"DEL04-RS";"UOP03-DEL04-RS"
311352;2020-10-01;"quinta-feira";"04:25:00";"SC";116;1,8;"MAFRA";"Desobediência às normas de trânsito pelo condutor";"Colisão frontal";"Com Vítimas Feridas";"Plena Noite";"Decrescente";"Céu Claro";"Simples";"Reta";"Sim";2;0;0;1;1;0;1;2;-26,1170929;-49,78694917;"SPRF-SC";"DEL06-SC";"UOP01-DEL06-SC"
311354;2020-10-01;"quinta-feira";"03:10:00";"RJ";101;435;"MANGARATIBA";"Falta de Atenção à Condução";"Saída de leito carroçável";"Com Vítimas Feridas";"Plena Noite";"Crescente";"Céu Claro";"Dupla";"Declive";"Não";2;0;1;0;1;0;1;1;-22,93945885;-44,0529249;"SPRF-RJ";"DEL03-RJ";"UOP03-DEL03-RJ"
311355;2020-10-01;"quinta-feira";"02:20:00";"MG";262;102;"ABRE CAMPO";"Condutor Dormindo";"Tombamento";"Com Vítimas Fatais";"Plena Noite";"Decrescente";"Céu Claro";"Simples";"Curva;Declive";"Não";2;1;1;0;0;0;1;1;-20,2854476;-42,53139803;"SPRF-MG";"DEL03-MG";"UOP03-DEL03-MG"
311358;2020-10-01;"quinta-feira";"06:00:00";"MG";40;748,8;"SANTOS DUMONT";"Defeito Mecânico no Veículo";"Incêndio";"Sem Vítimas";"Pleno dia";"Decrescente";"Céu Claro";"Simples";"Reta";"Sim";2;0;0;0;1;2;0;3;-21,43796619;-43,55638245;"SPRF-MG";"DEL05-MG";"UOP01-DEL05-MG"
311359;2020-10-01;"quinta-feira";"06:45:00";"MG";381;744,2;"TRES CORACOES";"Velocidade Incompatível";"Colisão lateral";"Com Vítimas Feridas";"Amanhecer";"Decrescente";"Céu Claro";"Dupla";"Curva";"Não";3;0;1;0;1;3;1;5;-21,63153073;-45,27650319;"SPRF-MG";"DEL16-MG";"UOP02-DEL16-MG"
311363;2020-10-01;"quinta-feira";"07:30:00";"PR";376;216;"JANDAIA DO SUL";"Desobediência às normas de trânsito pelo condutor";"Colisão transversal";"Com Vítimas Feridas";"Pleno dia";"Decrescente";"Céu Claro";"Simples";"Interseção de Vias;Aclive;Rotatória";"Sim";2;0;0;1;1;0;1;2;-23,5976728077;-51,6333959615;"SPRF-PR";"DEL09-PR";"UOP01-DEL09-PR"
311366;2020-10-01;"quinta-feira";"06:45:00";"PR";376;306,5;"MAUA DA SERRA";"Falta de Atenção à Condução";"Colisão traseira";"Com Vítimas Feridas";"Pleno dia";"Decrescente";"Nevoeiro/Neblina";"Dupla";"Reta";"Não";6;0;2;1;3;0;3;2;-23,96994112;-51,11168414;"SPRF-PR";"DEL07-PR";"UOP03-DEL07-PR"
311369;2020-10-01;"quinta-feira";"07:45:00";"PR";153;43,3;"SANTO ANTONIO DA PLATINA";"Desobediência às normas de trânsito pelo condutor";"Colisão lateral";"Com Vítimas Feridas";"Pleno dia";"Crescente";"Sol";"Dupla";"Rotatória";"Sim";3;0;0;1;1;3;1;5;-23,30980357;-50,0706625;"SPRF-PR";"DEL07-PR";"UOP04-DEL07-PR"
311370;2020-10-01;"quinta-feira";"07:30:00";"SC";280;30,6;"ARAQUARI";"Não guardar distância de segurança";"Colisão traseira";"Com Vítimas Feridas";"Pleno dia";"Decrescente";"Céu Claro";"Simples";"Reta";"Sim";2;0;1;0;1;0;1;2;-26,415643;-48,768045;"SPRF-SC";"DEL03-SC";"UOP03-DEL03-SC"
311375;2020-10-01;"quinta-feira";"08:10:00";"PR";116;9,2;"CAMPINA GRANDE DO SUL";"Velocidade Incompatível";"Tombamento";"Sem Vítimas";"Pleno dia";"Crescente";"Sol";"Simples";"Aclive;Curva";"Não";2;0;0;0;1;1;0;2;-25,08235525;-48,64201806;"SPRF-PR";"DEL01-PR";"UOP02-DEL01-PR"
311377;2020-09-05;"sábado";"19:00:00";"TO";153;127;"WANDERLANDIA";"Ingestão de Álcool";"Colisão lateral";"Sem Vítimas";"Plena Noite";"Decrescente";"Céu Claro";"Simples";"Reta";"Não";3;0;0;0;3;0;0;3;-7,0815022;-48,1464369;"SPRF-TO";"DEL02-TO";"UOP01-DEL02-TO"
311380;2020-10-01;"quinta-feira";"09:00:00";"MG";365;686;"MONTE ALEGRE DE MINAS";"Falta de Atenção à Condução";"Capotamento";"Com Vítimas Feridas";"Amanhecer";"Decrescente";"Céu Claro";"Dupla";"Reta";"Sim";2;0;0;1;0;1;1;2;-18,86836137;-48,86885826;"SPRF-MG";"DEL15-MG";"UOP03-DEL15-MG"
311383;2020-10-01;"quinta-feira";"08:45:00";"MG";40;510,5;"RIBEIRAO DAS NEVES";"Falta de Atenção à Condução";"Colisão lateral";"Com Vítimas Fatais";"Pleno dia";"Crescente";"Céu Claro";"Dupla";"Reta";"Sim";4;1;0;0;1;4;0;6;-19,77463885;-44,12321882;"SPRF-MG";"DEL01-MG";"UOP02-DEL01-MG"
311384;2020-10-01;"quinta-feira";"09:00:00";"GO";60;133;"GOIANIA";"Defeito Mecânico no Veículo";"Colisão lateral";"Com Vítimas Feridas";"Pleno dia";"Decrescente";"Céu Claro";"Dupla";"Reta";"Não";3;0;1;0;1;2;1;4;-16,5815;-49,1772;"SPRF-GO";"DEL01-GO";"UOP01-DEL01-GO"
311387;2020-06-23;"terça-feira";"10:00:00";"MG";116;415,5;"GOVERNADOR VALADARES";"Falta de Atenção à Condução";"Colisão frontal";"Com Vítimas Feridas";"Pleno dia";"Crescente";"Céu Claro";"Simples";"Reta";"Não";3;0;0;2;1;0;2;2;-18,8839016;-41,95015849;"SPRF-MG";"DEL06-MG";"UOP01-DEL06-MG"
311389;2020-10-01;"quinta-feira";"09:00:00";"RS";287;247,9;"SANTA MARIA";"Falta de Atenção à Condução";"Engavetamento";"Com Vítimas Feridas";"Pleno dia";"Decrescente";"Chuva";"Simples";"Reta";"Sim";6;0;2;0;4;0;2;3;-29,69991534;-53,84176017;"SPRF-RS";"DEL09-RS";"UOP01-DEL09-RS"
311395;2020-10-01;"quinta-feira";"09:40:00";"BA";116;634;"JAGUAQUARA";"Não guardar distância de segurança";"Colisão lateral";"Com Vítimas Feridas";"Pleno dia";"Decrescente";"Nublado";"Simples";"Reta";"Sim";3;0;1;0;1;2;1;4;-13,48322495;-40,04338512;"SPRF-BA";"DEL03-BA";"UOP01-DEL03-BA"
311396;2020-10-01;"quinta-feira";"10:40:00";"PR";376;181,5;"SARANDI";"Falta de Atenção à Condução";"Colisão traseira";"Com Vítimas Feridas";"Pleno dia";"Decrescente";"Céu Claro";"Múltipla";"Reta";"Sim";2;0;1;0;1;0;1;2;-23,4319747705;-51,8867185246;"SPRF-PR";"DEL09-PR";"UOP01-DEL09-PR"
311402;2020-10-01;"quinta-feira";"07:25:00";"SC";282;332;"CAMPOS NOVOS";"Falta de Atenção à Condução";"Saída de leito carroçável";"Com Vítimas Feridas";"Pleno dia";"Decrescente";"Céu Claro";"Simples";"Reta";"Não";4;0;1;0;1;3;1;5;-27,384575;-51,106579;"SPRF-SC";"DEL07-SC";"UOP06-DEL07-SC"
311404;2020-10-01;"quinta-feira";"11:10:00";"BA";324;558;"AMELIA RODRIGUES";"Defeito Mecânico no Veículo";"Colisão traseira";"Sem Vítimas";"Pleno dia";"Decrescente";"Céu Claro";"Dupla";"Aclive";"Não";3;0;0;0;2;3;0;5;-12,48182515;-38,66808011;"SPRF-BA";"DEL01-BA";"UOP03-DEL01-BA"
311408;2020-10-01;"quinta-feira";"09:55:00";"RS";290;61,1;"GRAVATAI";"Carga excessiva e/ou mal acondicionada";"Saída de leito carroçável";"Sem Vítimas";"Pleno dia";"Crescente";"Nublado";"Múltipla";"Reta";"Não";3;0;0;0;2;3;0;4;-29,92821;-50,868834;"SPRF-RS";"DEL03-RS";"UOP01-DEL03-RS"
311413;2020-10-01;"quinta-feira";"09:00:00";"SP";116;557;"BARRA DO TURVO";"Falta de Atenção à Condução";"Colisão lateral";"Com Vítimas Feridas";"Pleno dia";"Crescente";"Céu Claro";"Dupla";"Retorno Regulamentado";"Não";3;0;2;0;1;0;2;2;-24,99089107;-48,50734616;"SPRF-SP";"DEL05-SP";"UOP02-DEL05-SP"
311426;2020-10-01;"quinta-feira";"10:40:00";"PI";343;615,4;"FLORIANO";"Falta de Atenção à Condução";"Colisão traseira";"Com Vítimas Feridas";"Pleno dia";"Decrescente";"Céu Claro";"Simples";"Reta";"Não";3;0;1;0;1;2;1;4;-6,918644;-43,172516;"SPRF-PI";"DEL03-PI";"UOP01-DEL03-PI"
311429;2020-10-01;"quinta-feira";"13:50:00";"RN";101;129;"SAO JOSE DE MIPIBU";"Falta de Atenção à Condução";"Colisão traseira";"Com Vítimas Feridas";"Pleno dia";"Decrescente";"Céu Claro";"Dupla";"Declive";"Sim";3;0;1;0;2;0;1;2;-6,112119;-35,233627;"SPRF-RN";"DEL01-RN";"UOP01-DEL01-RN"
311432;2020-10-01;"quinta-feira";"11:40:00";"RJ";101;324,8;"NITEROI";"Não guardar distância de segurança";"Colisão lateral";"Com Vítimas Feridas";"Pleno dia";"Decrescente";"Céu Claro";"Dupla";"Reta";"Sim";3;0;2;0;1;0;2;2;-22,87381074;-43,12640997;"SPRF-RJ";"DEL02-RJ";"UOP02-DEL02-RJ"
311437;2020-10-01;"quinta-feira";"14:30:00";"RS";287;287;"SAO PEDRO DO SUL";"Defeito Mecânico no Veículo";"Saída de leito carroçável";"Com Vítimas Feridas";"Pleno dia";"Decrescente";"Céu Claro";"Simples";"Reta";"Não";3;0;1;0;2;0;1;1;-29,63426799;-54,241006;"SPRF-RS";"DEL09-RS";"UOP01-DEL09-RS"
311443;2020-10-01;"quinta-feira";"15:35:00";"RS";386;375;"PAVERAMA";"Velocidade Incompatível";"Queda de ocupante de veículo";"Com Vítimas Feridas";"Pleno dia";"Decrescente";"Nublado";"Múltipla";"Reta";"Não";2;0;1;0;1;0;1;2;-29,616631;-51,78643;"SPRF-RS";"DEL04-RS";"UOP02-DEL04-RS"
311446;2020-10-01;"quinta-feira";"16:30:00";"BA";101;861,2;"TEIXEIRA DE FREITAS";"Falta de Atenção à Condução";"Colisão frontal";"Com Vítimas Fatais";"Pleno dia";"Crescente";"Céu Claro";"Simples";"Curva";"Não";3;1;0;0;1;1;0;3;-17,60630598;-39,75571802;"SPRF-BA";"DEL09-BA";"UOP02-DEL09-BA"
311447;2020-10-01;"quinta-feira";"15:00:00";"MG";381;496;"BETIM";"Falta de Atenção do Pedestre";"Atropelamento de Pedestre";"Com Vítimas Feridas";"Pleno dia";"Decrescente";"Céu Claro";"Dupla";"Reta;Declive";"Sim";3;0;0;1;1;1;1;3;-19,99676497;-44,20958506;"SPRF-MG";"DEL01-MG";"UOP03-DEL01-MG"
311452;2020-10-01;"quinta-feira";"18:00:00";"TO";153;662,8;"GURUPI";"Desobediência às normas de trânsito pelo condutor";"Colisão transversal";"Sem Vítimas";"Pleno dia";"Crescente";"Céu Claro";"Simples";"Interseção de Vias";"Sim";3;0;0;0;2;2;0;4;-11,647601;-49,056134;"SPRF-TO";"DEL01-TO";"UOP02-DEL01-TO"
311454;2020-10-01;"quinta-feira";"16:40:00";"MG";365;681;"MONTE ALEGRE DE MINAS";"Falta de Atenção à Condução";"Tombamento";"Com Vítimas Feridas";"Pleno dia";"Decrescente";"Sol";"Dupla";"Reta";"Não";2;0;0;1;0;1;1;2;-18,84996;-48,83222;"SPRF-MG";"DEL15-MG";"UOP01-DEL15-MG"
311455;2020-10-01;"quinta-feira";"18:00:00";"PR";116;101;"SAO JOSE DOS PINHAIS";"Não guardar distância de segurança";"Colisão lateral";"Com Vítimas Feridas";"Anoitecer";"Crescente";"Céu Claro";"Dupla";"Reta";"Não";5;0;2;0;2;2;2;4;-25,54167701;-49,1509368;"SPRF-PR";"DEL01-PR";"UOP01-DEL01-PR"
311461;2020-10-01;"quinta-feira";"18:10:00";"PI";316;5,7;"TERESINA";"Desobediência às normas de trânsito pelo condutor";"Colisão transversal";"Com Vítimas Fatais";"Plena Noite";"Decrescente";"Céu Claro";"Múltipla";"Reta";"Sim";3;1;0;0;0;2;0;3;-5,144924;-42,776353;"SPRF-PI";"DEL01-PI";"UOP02-DEL01-PI"
311463;2020-10-01;"quinta-feira";"17:00:00";"RJ";393;156;"TRES RIOS";"Desobediência às normas de trânsito pelo condutor";"Colisão lateral";"Sem Vítimas";"Pleno dia";"Crescente";"Céu Claro";"Dupla";"Curva";"Não";3;0;0;0;2;1;0;3;-22,09021176;-43,06349116;"SPRF-RJ";"DEL05-RJ";"UOP01-DEL05-RJ"
311465;2020-10-01;"quinta-feira";"15:30:00";"BA";116;579;"NOVA ITARANA";"Defeito Mecânico no Veículo";"Tombamento";"Sem Vítimas";"Pleno dia";"Decrescente";"Chuva";"Simples";"Aclive;Reta";"Não";2;0;0;0;1;2;0;3;-13,08036903;-39,96198779;"SPRF-BA";"DEL03-BA";"UOP02-DEL03-BA"
311467;2020-10-01;"quinta-feira";"18:20:00";"BA";101;512;"ITABUNA";"Velocidade Incompatível";"Colisão frontal";"Com Vítimas Feridas";"Plena Noite";"Crescente";"Céu Claro";"Simples";"Reta";"Não";3;0;0;2;0;1;2;2;-14,99768304;-39,33390567;"SPRF-BA";"DEL05-BA";"UOP01-DEL05-BA"
311479;2020-10-01;"quinta-feira";"19:05:00";"CE";20;428;"FORTALEZA";"Desobediência às normas de trânsito pelo condutor";"Colisão com objeto estático";"Com Vítimas Feridas";"Plena Noite";"Crescente";"Céu Claro";"Dupla";"Viaduto";"Sim";2;0;1;0;1;0;1;2;-3,87174769;-38,49805713;"SPRF-CE";"DEL01-CE";"UOP02-DEL01-CE"
311483;2020-10-01;"quinta-feira";"18:40:00";"MG";40;511,3;"RIBEIRAO DAS NEVES";"Falta de Atenção à Condução";"Colisão lateral";"Sem Vítimas";"Anoitecer";"Crescente";"Céu Claro";"Dupla";"Reta";"Sim";3;0;0;0;1;2;0;3;-19,78164295;-44,11733194;"SPRF-MG";"DEL01-MG";"UOP02-DEL01-MG"
311487;2020-10-01;"quinta-feira";"06:10:00";"MT";70;217;"GENERAL CARNEIRO";"Falta de Atenção à Condução";"Saída de leito carroçável";"Com Vítimas Feridas";"Amanhecer";"Crescente";"Sol";"Simples";"Reta";"Não";2;0;1;0;0;2;1;3;-15,68523501;-53,84637301;"SPRF-MT";"DEL05-MT";"UOP01-DEL05-MT"
311490;2020-10-01;"quinta-feira";"20:45:00";"RJ";101;160;"MACAE";"Avarias e/ou desgaste excessivo no pneu";"Colisão lateral";"Sem Vítimas";"Plena Noite";"Decrescente";"Céu Claro";"Simples";"Reta";"Não";4;0;0;0;3;1;0;3;-22,28567504;-41,87590791;"SPRF-RJ";"DEL08-RJ";"UOP04-DEL08-RJ"
311491;2020-10-01;"quinta-feira";"16:30:00";"PR";116;32;"CAMPINA GRANDE DO SUL";"Desobediência às normas de trânsito pelo condutor";"Tombamento";"Com Vítimas Feridas";"Pleno dia";"Decrescente";"Céu Claro";"Dupla";"Curva";"Não";2;0;0;1;0;1;1;2;-25,10497579;-48,83973903;"SPRF-PR";"DEL01-PR";"UOP02-DEL01-PR"
311495;2020-10-01;"quinta-feira";"18:00:00";"MT";364;435;"VARZEA GRANDE";"Desobediência às normas de trânsito pelo condutor";"Colisão lateral";"Com Vítimas Feridas";"Anoitecer";"Decrescente";"Céu Claro";"Dupla";"Reta";"Sim";2;0;1;0;0;1;1;2;-15,64766792;-56,19815826;"SPRF-MT";"DEL01-MT";"UOP02-DEL01-MT"
311496;2020-10-01;"quinta-feira";"19:30:00";"BA";324;216;"CAPIM GROSSO";"Animais na Pista";"Atropelamento de Animal";"Sem Vítimas";"Plena Noite";"Decrescente";"Céu Claro";"Simples";"Reta";"Não";3;0;0;0;1;2;0;3;-11,255204;-40,024241;"SPRF-BA";"DEL04-BA";"UOP02-DEL04-BA"
311502;2020-10-01;"quinta-feira";"21:20:00";"PI";230;301;"FLORIANO";"Ingestão de Álcool";"Colisão traseira";"Com Vítimas Feridas";"Plena Noite";"Crescente";"Céu Claro";"Simples";"Reta";"Não";2;0;1;0;1;0;1;2;-6,8123728;-42,94586038;"SPRF-PI";"DEL03-PI";"UOP01-DEL03-PI"
311511;2020-10-01;"quinta-feira";"23:50:00";"SP";116;107;"TAUBATE";"Falta de Atenção à Condução";"Colisão traseira";"Com Vítimas Feridas";"Plena Noite";"Crescente";"Céu Claro";"Dupla";"Reta";"Sim";2;0;1;0;0;1;1;2;-23,01791287;-45,53009409;"SPRF-SP";"DEL06-SP";"UOP01-DEL06-SP"
311512;2020-10-01;"quinta-feira";"23:00:00";"MS";163;490;"CAMPO GRANDE";"Condutor Dormindo";"Colisão lateral";"Com Vítimas Feridas";"Plena Noite";"Crescente";"Céu Claro";"Simples";"Reta";"Sim";3;0;1;1;1;0;2;2;-20,4146407;-54,54856225;"SPRF-MS";"DEL01-MS";"UOP02-DEL01-MS"
311513;2020-10-01;"quinta-feira";"17:40:00";"MG";262;146;"RIO CASCA";"Defeito Mecânico no Veículo";"Saída de leito carroçável";"Sem Vítimas";"Pleno dia";"Crescente";"Céu Claro";"Simples";"Ponte;Reta";"Não";2;0;0;0;1;1;0;2;-20,02822107;-42,74065423;"SPRF-MG";"DEL03-MG";"UOP03-DEL03-MG"
311516;2020-10-01;"quinta-feira";"23:15:00";"SP";116;480;"JACUPIRANGA";"Falta de Atenção à Condução";"Colisão traseira";"Com Vítimas Feridas";"Plena Noite";"Decrescente";"Céu Claro";"Dupla";"Reta";"Não";3;0;1;0;1;1;1;3;-24,71316904;-48,02690398;"SPRF-SP";"DEL05-SP";"UOP01-DEL05-SP"
311517;2020-10-01;"quinta-feira";"19:00:00";"MT";364;493;"JANGADA";"Falta de Atenção do Pedestre";"Atropelamento de Pedestre";"Com Vítimas Fatais";"Plena Noite";"Crescente";"Céu Claro";"Simples";"Reta";"Sim";4;1;0;0;1;2;0;4;-15,30106797;-56,43607915;"SPRF-MT";"DEL01-MT";"UOP02-DEL01-MT"
311518;2020-10-01;"quinta-feira";"23:00:00";"MG";381;404;"BOM JESUS DO AMPARO";"Velocidade Incompatível";"Colisão traseira";"Com Vítimas Feridas";"Plena Noite";"Decrescente";"Céu Claro";"Simples";"Declive";"Não";4;0;0;2;2;0;2;3;-19,7490622;-43,54398027;"SPRF-MG";"DEL01-MG";"UOP01-DEL01-MG"
311521;2020-10-01;"quinta-feira";"23:40:00";"BA";415;49;"ITABUNA";"Velocidade Incompatível";"Colisão lateral";"Com Vítimas Feridas";"Plena Noite";"Crescente";"Céu Claro";"Simples";"Reta";"Sim";3;0;0;1;1;1;1;3;-14,81574494;-39,29612388;"SPRF-BA";"DEL05-BA";"UOP01-DEL05-BA"
311526;2020-10-01;"quinta-feira";"18:30:00";"MT";70;649;"CACERES";"Defeito Mecânico no Veículo";"Incêndio";"Sem Vítimas";"Plena Noite";"Crescente";"Céu Claro";"Simples";"Reta";"Não";2;0;0;0;1;1;0;2;-15,93563878;-57,11966185;"SPRF-MT";"DEL03-MT";"UOP02-DEL03-MT"
311529;2020-10-02;"sexta-feira";"03:00:00";"PE";423;41;"CACHOEIRINHA";"Falta de Atenção do Pedestre";"Atropelamento de Pedestre";"Com Vítimas Fatais";"Plena Noite";"Decrescente";"Céu Claro";"Simples";"Reta";"Não";2;1;0;0;0;1;0;2;-8,51176109;-36,25247955;"SPRF-PE";"DEL03-PE";"UOP01-DEL03-PE"