"id";"data_inversa";"dia_semana";"horario";"uf";"br";"km";"municipio";"causa_acidente";"tipo_acidente";"classificacao_acidente";"fase_dia";"sentido_via";"condicao_metereologica";"tipo_pista";"tracado_via";"uso_solo";"pessoas";"mortos";"feridos_leves";"feridos_graves";"ilesos";"ignorados";"feridos";"veiculos";"latitude";"longitude";"regional";"delegacia";"uop"
311530;2020-10-02;"sexta-feira";"02:13:00";"PR";277;345,6;"GUARAPUAVA";"Desobediência às normas de trânsito pelo condutor";"Colisão frontal";"Com Vítimas Fatais";"Plena Noite";"Decrescente";"Céu Claro";"Simples";"Curva";"Sim";5;3;0;1;1;0;1;2;-25,33928412;-51,42880296;"SPRF-PR";"DEL08-PR";"UOP01-DEL08-PR"
311531;2020-10-02;"sexta-feira";"02:25:00";"RS";290;497;"ROSARIO DO SUL";"Condutor Dormindo";"Colisão lateral";"Com Vítimas Feridas";"Plena Noite";"Decrescente";"Nublado";"Simples";"Reta";"Não";4;0;2;0;2;0;2;2;-30,198122;-55,079521;"SPRF-RS";"DEL11-RS";"UOP02-DEL11-RS"
311532;2020-10-02;"sexta-feira";"02:35:00";"SP";116;18,4;"LAVRINHAS";"Falta de Atenção à Condução";"Colisão traseira";"Com Vítimas Feridas";"Plena Noite";"Crescente";"Céu Claro";"Dupla";"Reta";"Não";3;0;1;0;1;1;1;3;-22,5584158;-44,85667011;"SPRF-SP";"DEL08-SP";"UOP02-DEL08-SP"
311535;2020-10-01;"quinta-feira";"21:50:00";"SC";280;32,1;"ARAQUARI";"Não guardar distância de segurança";"Colisão traseira";"Com Vítimas Feridas";"Plena Noite";"Decrescente";"Céu Claro";"Simples";"Curva";"Não";2;0;1;0;0;1;1;2;-26,420618;-48,779335;"SPRF-SC";"DEL03-SC";"UOP03-DEL03-SC"
311536;2020-10-01;"quinta-feira";"07:55:00";"SC";101;289,5;"IMBITUBA";"Falta de Atenção à Condução";"Colisão traseira";"Com Vítimas Feridas";"Pleno dia";"Decrescente";"Céu Claro";"Dupla";"Reta";"Sim";2;0;0;1;1;0;1;2;-28,27324176;-48,70033264;"SPRF-SC";"DEL02-SC";"UOP03-DEL02-SC"
311537;2020-10-01;"quinta-feira";"21:00:00";"MA";316;465,2;"CODO";"Velocidade Incompatível";"Tombamento";"Com Vítimas Feridas";"Plena Noite";"Crescente";"Ignorado";"Simples";"Curva";"Não";3;0;2;0;0;1;2;2;-4,541063;-44,018379;"SPRF-MA";"DEL03-MA";"UOP01-DEL03-MA"
311540;2020-10-02;"sexta-feira";"05:00:00";"SP";116;483,5;"CAJATI";"Falta de Atenção à Condução";"Saída de leito carroçável";"Sem Vítimas";"Amanhecer";"Decrescente";"Sol";"Simples";"Reta";"Não";2;0;0;0;1;1;0;2;-24,72274238;-48,05286602;"SPRF-SP";"DEL05-SP";"UOP01-DEL05-SP"
311541;2020-10-02;"sexta-feira";"04:30:00";"MG";381;908,1;"CAMBUI";"Defeito Mecânico no Veículo";"Tombamento";"Com Vítimas Feridas";"Plena Noite";"Decrescente";"Garoa/Chuvisco";"Dupla";"Curva";"Não";2;0;1;0;0;1;1;2;-22,71744092;-46,12652111;"SPRF-MG";"DEL16-MG";"UOP03-DEL16-MG"
311543;2020-10-02;"sexta-feira";"04:30:00";"PE";101;64;"RECIFE";"Falta de Atenção à Condução";"Colisão lateral";"Sem Vítimas";"Amanhecer";"Decrescente";"Garoa/Chuvisco";"Dupla";"Viaduto";"Sim";3;0;0;0;2;1;0;3;-8,0162921;-34,94045886;"SPRF-PE";"DEL01-PE";"UOP01-DEL01-PE"
311544;2020-10-02;"sexta-feira";"05:30:00";"SP";116;337,8;"JUQUITIBA";"Falta de Atenção à Condução";"Colisão traseira";"Com Vítimas Feridas";"Pleno dia";"Decrescente";"Céu Claro";"Dupla";"Reta";"Não";4;0;1;0;2;12;1;14;-23,98956352;-47,14830014;"SPRF-SP";"DEL04-SP";"UOP01-DEL04-SP"
311546;2020-10-02;"sexta-feira";"02:30:00";"CE";222;340,7;"UBAJARA";"Condutor Dormindo";"Colisão traseira";"Com Vítimas Feridas";"Plena Noite";"Decrescente";"Céu Claro";"Simples";"Reta";"Não";3;0;0;1;1;2;1;4;-3,87687113;-41,17892664;"SPRF-CE";"DEL04-CE";"UOP02-DEL04-CE"
311548;2020-10-01;"quinta-feira";"10:28:00";"RO";364;343,8;"JI-PARANA";"Desobediência às normas de trânsito pelo condutor";"Colisão lateral";"Sem Vítimas";"Pleno dia";"Crescente";"Céu Claro";"Simples";"Reta";"Sim";4;0;0;0;4;0;0;2;-10,87878519;-61,94499012;"SPRF-RO";"DEL02-RO";"UOP01-DEL02-RO"
311549;2020-10-02;"sexta-feira";"07:05:00";"MG";40;289;"TRES MARIAS";"Velocidade Incompatível";"Colisão com objeto estático";"Com Vítimas Feridas";"Pleno dia";"Crescente";"Céu Claro";"Simples";"Declive;Curva";"Não";2;0;1;0;0;2;1;3;-18,27176697;-45,14969795;"SPRF-MG";"DEL14-MG";"UOP02-DEL14-MG"
311551;2020-10-02;"sexta-feira";"06:10:00";"CE";116;53,9;"PACAJUS";"Velocidade Incompatível";"Tombamento";"Com Vítimas Feridas";"Pleno dia";"Decrescente";"Céu Claro";"Dupla";"Aclive;Curva";"Não";3;0;1;1;0;1;2;3;-4,19611123;-38,47171783;"SPRF-CE";"DEL03-CE";"UOP02-DEL03-CE"
311557;2020-10-02;"sexta-feira";"07:30:00";"RJ";116;182;"NOVA IGUACU";"Não guardar distância de segurança";"Colisão traseira";"Com Vítimas Feridas";"Pleno dia";"Decrescente";"Céu Claro";"Dupla";"Reta";"Sim";3;0;2;0;1;0;2;2;-22,7567755;-43,43107234;"SPRF-RJ";"DEL01-RJ";"UOP02-DEL01-RJ"
311566;2020-10-02;"sexta-feira";"07:50:00";"PI";135;401;"REDENCAO DO GURGUEIA";"Desobediência às normas de trânsito pelo condutor";"Colisão traseira";"Com Vítimas Feridas";"Pleno dia";"Decrescente";"Sol";"Simples";"Curva";"Não";7;0;1;2;3;3;3;7;-9,41075383;-44,59663522;"SPRF-PI";"DEL03-PI";"UOP02-DEL03-PI"
311574;2020-10-02;"sexta-feira";"09:00:00";"SP";116;220;"GUARULHOS";"Não guardar distância de segurança";"Colisão lateral";"Com Vítimas Feridas";"Pleno dia";"Crescente";"Céu Claro";"Múltipla";"Reta";"Não";3;0;1;0;1;1;1;2;-23,46472809;-46,49793962;"SPRF-SP";"DEL01-SP";"UOP01-DEL01-SP"
311575;2020-09-19;"sábado";"00:45:00";"GO";153;660;"GOIATUBA";"Condutor Dormindo";"Colisão traseira";"Com Vítimas Feridas";"Plena Noite";"Decrescente";"Céu Claro";"Dupla";"Reta";"Sim";3;0;0;1;1;1;1;3;-18,0549;-49,2694;"SPRF-GO";"DEL03-GO";"UOP01-DEL03-GO"
311577;2020-10-02;"sexta-feira";"09:41:00";"PR";277;705;"SANTA TEREZINHA DE ITAIPU";"Falta de Atenção à Condução";"Colisão traseira";"Com Vítimas Feridas";"Pleno dia";"Crescente";"Céu Claro";"Dupla";"Reta";"Não";4;0;2;0;1;1;2;3;-25,43019901;-54,369603;"SPRF-PR";"DEL05-PR";"UOP01-DEL05-PR"
311578;2020-10-02;"sexta-feira";"09:45:00";"PR";369;143,5;"LONDRINA";"Falta de Atenção à Condução";"Colisão lateral";"Com Vítimas Feridas";"Pleno dia";"Crescente";"Céu Claro";"Dupla";"Reta;Declive";"Não";3;0;2;0;1;0;2;2;-23,29316151;-51,10153567;"SPRF-PR";"DEL07-PR";"UOP01-DEL07-PR"
311580;2020-10-02;"sexta-feira";"10:00:00";"MG";50;140;"UBERABA";"Falta de Atenção à Condução";"Saída de leito carroçável";"Com Vítimas Feridas";"Pleno dia";"Decrescente";"Céu Claro";"Dupla";"Reta";"Não";2;0;0;1;0;1;1;2;-19,47657604;-48,05332612;"SPRF-MG";"DEL13-MG";"UOP01-DEL13-MG"
311581;2020-10-02;"sexta-feira";"08:50:00";"MS";163;526,6;"JARAGUARI";"Carga excessiva e/ou mal acondicionada";"Tombamento";"Com Vítimas Feridas";"Pleno dia";"Decrescente";"Céu Claro";"Simples";"Reta";"Sim";2;0;1;0;0;1;1;2;-20,10884692;-54,44308417;"SPRF-MS";"DEL01-MS";"UOP02-DEL01-MS"
311584;2020-10-02;"sexta-feira";"07:20:00";"SP";116;145,8;"SAO JOSE DOS CAMPOS";"Não guardar distância de segurança";"Colisão traseira";"Sem Vítimas";"Pleno dia";"Crescente";"Céu Claro";"Dupla";"Reta";"Não";3;0;0;0;2;1;0;3;-23,1869844;-45,8548078;"SPRF-SP";"DEL02-SP";"UOP01-DEL02-SP"
311589;2020-08-24;"segunda-feira";"10:00:00";"PA";316;31;"SANTA IZABEL DO PARA";"Falta de Atenção à Condução";"Colisão traseira";"Com Vítimas Feridas";"Pleno dia";"Decrescente";"Céu Claro";"Dupla";"Reta";"Sim";2;0;1;0;1;0;1;2;-1,3025866;-48,1965672;"SPRF-PA";"DEL01-PA";"UOP01-DEL01-PA"
311592;2020-09-25;"sexta-feira";"00:15:00";"MS";60;516;"NIOAQUE";"Falta de Atenção à Condução";"Saída de leito carroçável";"Com Vítimas Fatais";"Plena Noite";"Crescente";"Céu Claro";"Simples";"Curva";"Não";1;1;0;0;0;0;0;1;-21,17732695;-55,628235;"SPRF-MS";"DEL05-MS";"UOP01-DEL05-MS"
311593;2020-10-02;"sexta-feira";"11:15:00";"PE";423;22;"SAO CAITANO";"Velocidade Incompatível";"Saída de leito carroçável";"Com Vítimas Feridas";"Pleno dia";"Decrescente";"Céu Claro";"Simples";"Curva";"Não";3;0;3;0;0;0;3;1;-8,35258392;-36,17123712;"SPRF-PE";"DEL02-PE";"UOP03-DEL02-PE"
311597;2020-10-02;"sexta-feira";"10:00:00";"MT";70;498;"CUIABA";"Defeito Mecânico no Veículo";"Colisão frontal";"Com Vítimas Feridas";"Pleno dia";"Crescente";"Céu Claro";"Simples";"Reta";"Não";3;0;1;0;1;4;1;6;-15,6763079;-56,0136652;"SPRF-MT";"DEL01-MT";"UOP02-DEL01-MT"
311598;2020-10-02;"sexta-feira";"10:10:00";"PR";369;143,5;"LONDRINA";"Velocidade Incompatível";"Colisão traseira";"Com Vítimas Feridas";"Pleno dia";"Crescente";"Céu Claro";"Dupla";"Reta;Declive";"Sim";8;0;3;0;5;0;3;5;-23,29292408;-51,10074878;"SPRF-PR";"DEL07-PR";"UOP01-DEL07-PR"
311603;2020-10-02;"sexta-feira";"11:50:00";"PB";230;117;"INGA";"Desobediência às normas de trânsito pelo condutor";"Colisão lateral";"Com Vítimas Feridas";"Pleno dia";"Decrescente";"Céu Claro";"Dupla";"Interseção de Vias;Aclive";"Não";4;0;1;0;3;0;1;2;-7,24095845;-35,62170982;"SPRF-PB";"DEL01-PB";"UOP03-DEL01-PB"
311608;2020-10-02;"sexta-feira";"09:05:00";"MG";116;596;"GOVERNADOR VALADARES";"Não guardar distância de segurança";"Colisão traseira";"Com Vítimas Feridas";"Pleno dia";"Crescente";"Sol";"Simples";"Reta;Declive";"Não";3;0;1;1;1;0;2;2;-18,730473;-41,986699;"SPRF-MG";"DEL06-MG";"UOP03-DEL06-MG"
311609;2020-10-02;"sexta-feira";"10:25:00";"PE";101;29,2;"IGARASSU";"Falta de Atenção à Condução";"Colisão lateral";"Sem Vítimas";"Pleno dia";"Crescente";"Sol";"Dupla";"Reta";"Não";3;0;0;0;2;1;0;3;-7,72939697;-34,94185854;"SPRF-PE";"DEL01-PE";"UOP02-DEL01-PE"
311614;2020-10-02;"sexta-feira";"10:20:00";"PR";158;374;"MARQUINHO";"Falta de Atenção à Condução";"Colisão traseira";"Com Vítimas Feridas";"Pleno dia";"Crescente";"Céu Claro";"Simples";"Reta";"Não";2;0;1;0;1;0;1;2;-25,15301403;-52,27672543;"SPRF-PR";"DEL04-PR";"UOP02-DEL04-PR"
311615;2020-10-02;"sexta-feira";"13:30:00";"RS";386;235,7;"SOLEDADE";"Falta de Atenção à Condução";"Colisão frontal";"Com Vítimas Feridas";"Pleno dia";"Crescente";"Céu Claro";"Simples";"Reta";"Não";4;0;2;0;1;2;2;5;-28,730202;-52,55508;"SPRF-RS";"DEL04-RS";"UOP03-DEL04-RS"
311623;2020-10-02;"sexta-feira";"14:40:00";"SC";101;120,4;"ITAJAI";"Falta de Atenção à Condução";"Engavetamento";"Sem Vítimas";"Pleno dia";"Decrescente";"Sol";"Dupla";"Reta";"Não";6;0;0;0;6;0;0;6;-26,912758;-48,711998;"SPRF-SC";"DEL04-SC";"UOP04-DEL04-SC"
311626;2020-10-02;"sexta-feira";"12:00:00";"MG";365;523;"MONTE CARMELO";"Carga excessiva e/ou mal acondicionada";"Tombamento";"Sem Vítimas";"Pleno dia";"Decrescente";"Céu Claro";"Simples";"Rotatória";"Não";2;0;0;0;1;1;0;2;-18,90891261;-47,43327391;"SPRF-MG";"DEL10-MG";"UOP01-DEL10-MG"
311628;2020-10-02;"sexta-feira";"13:57:00";"RS";470;155,4;"NOVA PRATA";"Falta de Atenção à Condução";"Colisão com objeto estático";"Com Vítimas Feridas";"Pleno dia";"Crescente";"Nublado";"Simples";"Interseção de Vias";"Não";8;0;2;0;1;5;2;4;-28,77443539;-51,61362117;"SPRF-RS";"DEL06-RS";"UOP02-DEL06-RS"
311631;2020-10-02;"sexta-feira";"15:30:00";"BA";116;458,5;"SANTO ESTEVAO";"Velocidade Incompatível";"Colisão traseira";"Com Vítimas Fatais";"Pleno dia";"Crescente";"Céu Claro";"Dupla";"Reta";"Sim";4;1;0;0;1;4;0;5;-12,434533;-39,220434;"SPRF-BA";"DEL02-BA";"UOP01-DEL02-BA"
311633;2020-10-02;"sexta-feira";"15:40:00";"PR";376;670;"GUARATUBA";"Condutor Dormindo";"Colisão traseira";"Sem Vítimas";"Pleno dia";"Decrescente";"Céu Claro";"Dupla";"Curva";"Não";2;0;0;0;1;1;0;2;-25,87689214;-48,93585725;"SPRF-PR";"DEL01-PR";"UOP04-DEL01-PR"
311635;2020-10-02;"sexta-feira";"15:40:00";"MG";40;545;"NOVA LIMA";"Objeto estático sobre o leito carroçável";"Colisão com objeto em movimento";"Com Vítimas Feridas";"Pleno dia";"Crescente";"Sol";"Dupla";"Viaduto;Reta";"Sim";2;0;1;0;1;0;1;2;-20,00670404;-43,96418668;"SPRF-MG";"DEL01-MG";"UOP02-DEL01-MG"
311639;2020-09-08;"terça-feira";"19:25:00";"PR";487;177;"CAMPO MOURAO";"Falta de Atenção à Condução";"Colisão traseira";"Com Vítimas Fatais";"Plena Noite";"Crescente";"Ignorado";"Simples";"Reta";"Não";2;1;0;0;0;1;0;2;-24,03898208;-52,40911903;"SPRF-PR";"DEL09-PR";"UOP03-DEL09-PR"
311641;2020-10-02;"sexta-feira";"15:30:00";"MG";262;372;"JUATUBA";"Condutor Dormindo";"Colisão traseira";"Sem Vítimas";"Pleno dia";"Crescente";"Céu Claro";"Dupla";"Reta";"Não";2;0;0;0;1;1;0;2;-19,97359723;-44,31765496;"SPRF-MG";"DEL01-MG";"UOP03-DEL01-MG"
311644;2020-10-02;"sexta-feira";"15:20:00";"MT";163;843;"SINOP";"Falta de Atenção à Condução";"Colisão lateral";"Sem Vítimas";"Pleno dia";"Decrescente";"Céu Claro";"Simples";"Reta";"Não";2;0;0;0;1;1;0;2;-11,91612191;-55,50952235;"SPRF-MT";"DEL06-MT";"NPF/DEL06-MT"
311646;2020-10-02;"sexta-feira";"13:00:00";"CE";20;322,1;"CARIDADE";"Defeito Mecânico no Veículo";"Incêndio";"Sem Vítimas";"Pleno dia";"Decrescente";"Céu Claro";"Simples";"Curva";"Não";2;0;0;0;1;1;0;2;-4,26281403;-39,21765498;"SPRF-CE";"DEL02-CE";"UOP01-DEL02-CE"
311647;2020-10-02;"sexta-feira";"15:25:00";"MS";163;364,1;"NOVA ALVORADA DO SUL";"Falta de Atenção à Condução";"Tombamento";"Com Vítimas Feridas";"Pleno dia";"Crescente";"Sol";"Dupla";"Rotatória";"Sim";2;0;1;0;0;2;1;3;-21,47264252;-54,38623182;"SPRF-MS";"DEL02-MS";"UOP01-DEL02-MS"
311650;2020-10-02;"sexta-feira";"12:00:00";"SC";480;128,8;"CHAPECO";"Velocidade Incompatível";"Colisão com objeto estático";"Com Vítimas Feridas";"Pleno dia";"Crescente";"Sol";"Simples";"Reta";"Não";2;0;1;0;1;0;1;2;-27,03781899;-52,63432603;"SPRF-SC";"DEL07-SC";"UOP01-DEL07-SC"
311651;2020-10-02;"sexta-feira";"16:55:00";"SC";282;19;"PALHOCA";"Falta de Atenção à Condução";"Colisão traseira";"Com Vítimas Feridas";"Pleno dia";"Crescente";"Nublado";"Simples";"Viaduto";"Sim";2;0;0;1;1;0;1;2;-27,678635;-48,70192;"SPRF-SC";"DEL01-SC";"UOP02-DEL01-SC"
311660;2020-10-02;"sexta-feira";"17:00:00";"RS";290;156,7;"ARROIO DOS RATOS";"Falta de Atenção à Condução";"Colisão traseira";"Com Vítimas Feridas";"Pleno dia";"Decrescente";"Nublado";"Simples";"Aclive";"Não";3;0;1;0;2;0;1;2;-30,106392;-51,767815;"SPRF-RS";"DEL02-RS";"UOP01-DEL02-RS"
311662;2020-10-02;"sexta-feira";"17:45:00";"PR";369;523;"CASCAVEL";"Defeito Mecânico no Veículo";"Saída de leito carroçável";"Com Vítimas Feridas";"Pleno dia";"Decrescente";"Céu Claro";"Simples";"Declive";"Não";2;0;1;0;0;1;1;2;-24,9502;-53,3984;"SPRF-PR";"DEL09-PR";"UOP03-DEL09-PR"
311670;2020-10-02;"sexta-feira";"17:30:00";"ES";262;194,5;"IUNA";"Ultrapassagem Indevida";"Colisão frontal";"Com Vítimas Fatais";"Anoitecer";"Crescente";"Céu Claro";"Simples";"Declive";"Não";3;1;0;0;2;0;0;3;-20,28314692;-41,76231798;"SPRF-ES";"DEL01-ES";"UOP02-DEL01-ES"
311671;2020-10-02;"sexta-feira";"17:10:00";"MS";262;377,2;"TERENOS";"Desobediência às normas de trânsito pelo condutor";"Colisão lateral";"Com Vítimas Feridas";"Pleno dia";"Crescente";"Céu Claro";"Simples";"Curva";"Não";5;0;2;1;1;1;3;3;-20,47912064;-54,83519591;"SPRF-MS";"DEL01-MS";"UOP03-DEL01-MS"
311676;2020-10-02;"sexta-feira";"18:15:00";"PR";376;275;"MARILANDIA DO SUL";"Desobediência às normas de trânsito pelo condutor";"Tombamento";"Com Vítimas Feridas";"Anoitecer";"Crescente";"Céu Claro";"Dupla";"Reta";"Não";2;0;0;1;0;1;1;2;-23,72915539;-51,29294647;"SPRF-PR";"DEL07-PR";"UOP03-DEL07-PR"
311678;2020-10-02;"sexta-feira";"18:25:00";"SC";101;210,1;"SAO JOSE";"Falta de Atenção à Condução";"Colisão lateral";"Com Vítimas Feridas";"Plena Noite";"Decrescente";"Nublado";"Múltipla";"Reta;Aclive";"Sim";3;0;1;0;1;1;1;3;-27,61733108;-48,64617884;"SPRF-SC";"DEL01-SC";"UOP01-DEL01-SC"
311683;2020-10-02;"sexta-feira";"18:30:00";"GO";153;495,8;"GOIANIA";"Pista Escorregadia";"Queda de ocupante de veículo";"Com Vítimas Feridas";"Plena Noite";"Decrescente";"Céu Claro";"Dupla";"Viaduto";"Sim";3;0;1;0;1;1;1;3;-16,66894036;-49,22653913;"SPRF-GO";"DEL01-GO";"UOP01-DEL01-GO"
311685;2020-08-20;"quinta-feira";"20:40:00";"PR";277;247;"IRATI";"Falta de Atenção à Condução";"Colisão frontal";"Sem Vítimas";"Plena Noite";"Crescente";"Céu Claro";"Simples";"Curva";"Não";3;0;0;0;2;2;0;4;-25,453166;-50,651406;"SPRF-PR";"DEL03-PR";"UOP03-DEL03-PR"
311693;2020-10-02;"sexta-feira";"17:00:00";"SC";470;170,7;"POUSO REDONDO";"Falta de Atenção à Condução";"Colisão transversal";"Com Vítimas Feridas";"Pleno dia";"Crescente";"Nublado";"Simples";"Curva";"Não";3;0;2;0;1;0;2;2;-27,265903;-49,892441;"SPRF-SC";"DEL04-SC";"UOP02-DEL04-SC"
311694;2020-10-02;"sexta-feira";"17:49:00";"RO";364;512;"ARIQUEMES";"Falta de Atenção à Condução";"Colisão traseira";"Sem Vítimas";"Pleno dia";"Decrescente";"Chuva";"Simples";"Reta";"Não";3;0;0;0;2;2;0;4;-9,95093501;-63,05095013;"SPRF-RO";"DEL03-RO";"UOP01-DEL03-RO"
311697;2020-10-02;"sexta-feira";"18:35:00";"PA";316;78,6;"SAO FRANCISCO DO PARA";"Falta de Atenção do Pedestre";"Atropelamento de Pedestre";"Com Vítimas Fatais";"Plena Noite";"Decrescente";"Céu Claro";"Simples";"Reta";"Não";2;1;0;0;0;1;0;2;-1,30378018;-47,797609;"SPRF-PA";"DEL01-PA";"UOP01-DEL01-PA"
311703;2020-10-02;"sexta-feira";"15:10:00";"MG";116;646,2;"FERVEDOURO";"Falta de Atenção à Condução";"Colisão transversal";"Com Vítimas Feridas";"Pleno dia";"Crescente";"Céu Claro";"Simples";"Reta";"Não";6;0;4;2;0;0;6;2;-20,67277372;-42,26981792;"SPRF-MG";"DEL07-MG";"UOP03-DEL07-MG"
311711;2020-10-02;"sexta-feira";"16:30:00";"PR";153;124,9;"IBAITI";"Desobediência às normas de trânsito pelo condutor";"Capotamento";"Com Vítimas Feridas";"Pleno dia";"Crescente";"Céu Claro";"Simples";"Curva";"Não";2;0;1;0;0;1;1;2;-23,95615418;-50,23736625;"SPRF-PR";"DEL07-PR";"UOP04-DEL07-PR"
311714;2020-10-02;"sexta-feira";"19:25:00";"PR";376;632;"SAO JOSE DOS PINHAIS";"Falta de Atenção à Condução";"Colisão traseira";"Com Vítimas Feridas";"Plena Noite";"Decrescente";"Céu Claro";"Dupla";"Reta";"Sim";2;0;1;0;1;0;1;2;-25,71305887;-49,13941456;"SPRF-PR";"DEL01-PR";"UOP04-DEL01-PR"
311717;2020-10-02;"sexta-feira";"19:14:00";"PR";376;631,8;"SAO JOSE DOS PINHAIS";"Falta de Atenção do Pedestre";"Atropelamento de Pedestre";"Com Vítimas Fatais";"Plena Noite";"Decrescente";"Céu Claro";"Dupla";"Reta";"Não";5;1;0;0;2;2;0;3;-25,70959958;-49,14081573;"SPRF-PR";"DEL01-PR";"UOP04-DEL01-PR"
311720;2020-10-02;"sexta-feira";"19:50:00";"MS";158;176;"APARECIDA DO TABOADO";"Velocidade Incompatível";"Tombamento";"Com Vítimas Feridas";"Plena Noite";"Decrescente";"Céu Claro";"Simples";"Curva;Aclive";"Não";2;0;1;0;0;2;1;3;-20,23576038;-51,33193583;"SPRF-MS";"DEL08-MS";"UOP01-DEL08-MS"
311723;2020-10-02;"sexta-feira";"20:00:00";"CE";222;78,3;"SAO LUIS DO CURU";"Defeito Mecânico no Veículo";"Colisão lateral";"Com Vítimas Fatais";"Plena Noite";"Crescente";"Ignorado";"Simples";"Reta";"Não";7;2;1;4;0;0;5;3;-3,67424754;-39,24199692;"SPRF-CE";"DEL04-CE";"UOP03-DEL04-CE"
311724;2020-10-02;"sexta-feira";"22:00:00";"GO";414;416,7;"ABADIANIA";"Velocidade Incompatível";"Tombamento";"Com Vítimas Feridas";"Plena Noite";"Crescente";"Céu Claro";"Simples";"Curva;Declive";"Não";2;0;0;1;0;2;1;3;-16,10363196;-48,86668801;"SPRF-GO";"DEL02-GO";"UOP01-DEL02-GO"
311728;2020-10-02;"sexta-feira";"19:20:00";"SP";116;123;"CACAPAVA";"Falta de Atenção do Pedestre";"Atropelamento de Pedestre";"Com Vítimas Feridas";"Plena Noite";"Crescente";"Céu Claro";"Dupla";"Declive;Reta;Ponte";"Não";2;0;0;1;0;1;1;2;-23,08617678;-45,66808462;"SPRF-SP";"DEL06-SP";"UOP01-DEL06-SP"
311736;2020-10-02;"sexta-feira";"21:30:00";"BA";242;2;"BARREIRAS";"Ingestão de Álcool";"Queda de ocupante de veículo";"Com Vítimas Fatais";"Plena Noite";"Decrescente";"Céu Claro";"Simples";"Reta";"Não";2;1;0;0;0;1;0;2;-12,119814;-44,951879;"SPRF-BA";"DEL10-BA";"UOP01-DEL10-BA"
311742;2020-10-02;"sexta-feira";"22:00:00";"MS";267;59,9;"BATAGUASSU";"Falta de Atenção à Condução";"Tombamento";"Com Vítimas Feridas";"Plena Noite";"Crescente";"Céu Claro";"Simples";"Reta";"Não";2;0;1;0;0;2;1;3;-21,8388127;-52,6663171;"SPRF-MS";"DEL02-MS";"UOP04-DEL02-MS"
311744;2020-10-02;"sexta-feira";"21:00:00";"SC";101;38,2;"JOINVILLE";"Falta de Atenção do Pedestre";"Atropelamento de Pedestre";"Com Vítimas Fatais";"Plena Noite";"Decrescente";"Céu Claro";"Dupla";"Reta";"Sim";3;1;0;0;1;1;0;2;-26,29406;-48,88434;"SPRF-SC";"DEL03-SC";"UOP01-DEL03-SC"
311745;2020-10-02;"sexta-feira";"22:00:00";"RS";386;431;"NOVA SANTA RITA";"Ingestão de Álcool";"Saída de leito carroçável";"Sem Vítimas";"Plena Noite";"Decrescente";"Chuva";"Simples";"Reta";"Não";2;0;0;0;1;1;0;2;-29,833067;-51,313625;"SPRF-RS";"DEL04-RS";"UOP02-DEL04-RS"
311747;2020-10-02;"sexta-feira";"23:35:00";"SC";101;73,6;"ARAQUARI";"Falta de Atenção à Condução";"Queda de ocupante de veículo";"Com Vítimas Fatais";"Plena Noite";"Decrescente";"Nublado";"Múltipla";"Reta";"Não";2;1;0;0;1;0;0;2;-26,53567108;-48,71326731;"SPRF-SC";"DEL03-SC";"UOP02-DEL03-SC"
311748;2020-10-02;"sexta-feira";"22:40:00";"PR";116;108;"CURITIBA";"Falta de Atenção à Condução";"Colisão traseira";"Com Vítimas Fatais";"Plena Noite";"Crescente";"Céu Claro";"Dupla";"Reta";"Não";3;1;0;0;1;1;0;3;-25,57147018;-49,19760597;"SPRF-PR";"DEL01-PR";"UOP01-DEL01-PR"
311765;2020-10-03;"sábado";"01:00:00";"PI";343;525;"AMARANTE";"Avarias e/ou desgaste excessivo no pneu";"Tombamento";"Com Vítimas Feridas";"Plena Noite";"Crescente";"Céu Claro";"Simples";"Reta";"Não";2;0;2;0;0;0;2;1;-6,4053;-42,796158;"SPRF-PI";"DEL03-PI";"UOP01-DEL03-PI"
311769;2020-10-03;"sábado";"02:15:00";"MG";381;895,9;"CAMBUI";"Condutor Dormindo";"Saída de leito carroçável";"Com Vítimas Feridas";"Plena Noite";"Decrescente";"Nublado";"Dupla";"Reta";"Não";1;0;1;0;0;0;1;1;-22,59154685;-46,05348587;"SPRF-MG";"DEL16-MG";"UOP03-DEL16-MG"
311771;2020-10-03;"sábado";"02:50:00";"MG";381;693,4;"LAVRAS";"Falta de Atenção à Condução";"Saída de leito carroçável";"Com Vítimas Feridas";"Plena Noite";"Decrescente";"Céu Claro";"Dupla";"Curva;Declive";"Não";3;0;1;0;1;2;1;4;-21,22922201;-45,13337041;"SPRF-MG";"DEL04-MG";"UOP02-DEL04-MG"
311775;2020-10-03;"sábado";"03:00:00";"BA";242;873;"LUIS EDUARDO MAGALHAES";"Desobediência às normas de trânsito pelo condutor";"Colisão frontal";"Com Vítimas Fatais";"Plena Noite";"Decrescente";"Céu Claro";"Simples";"Reta";"Não";4;1;0;1;2;0;1;2;-12,079578;-45,706907;"SPRF-BA";"DEL10-BA";"UOP01-DEL10-BA"
311778;2020-10-03;"sábado";"04:15:00";"ES";101;215;"IBIRACU";"Objeto estático sobre o leito carroçável";"Colisão lateral";"Com Vítimas Feridas";"Plena Noite";"Crescente";"Nublado";"Simples";"Curva";"Sim";2;0;1;0;1;0;1;2;-19,83184002;-40,38012995;"SPRF-ES";"DEL02-ES";"UOP01-DEL02-ES"