"id";"data_inversa";"dia_semana";"horario";"uf";"br";"km";"municipio";"causa_acidente";"tipo_acidente";"classificacao_acidente";"fase_dia";"sentido_via";"condicao_metereologica";"tipo_pista";"tracado_via";"uso_solo";"pessoas";"mortos";"feridos_leves";"feridos_graves";"ilesos";"ignorados";"feridos";"veiculos";"latitude";"longitude";"regional";"delegacia";"uop"
312525;2020-10-06;"terça-feira";"08:00:00";"MS";163;555;"BANDEIRANTES";"Falta de Atenção à Condução";"Saída de leito carroçável";"Com Vítimas Feridas";"Pleno dia";"Crescente";"Céu Claro";"Simples";"Aclive";"Não";3;0;1;0;1;2;1;3;-19,86479399;-54,36871565;"SPRF-MS";"DEL01-MS";"UOP02-DEL01-MS"
312526;2020-10-06;"terça-feira";"10:00:00";"CE";116;178,6;"RUSSAS";"Falta de Atenção à Condução";"Colisão transversal";"Com Vítimas Feridas";"Pleno dia";"Crescente";"Céu Claro";"Simples";"Interseção de Vias";"Não";2;0;0;1;1;0;1;2;-5,04238284;-38,09200287;"SPRF-CE";"DEL03-CE";"UOP01-DEL03-CE"
312531;2020-10-06;"terça-feira";"09:30:00";"MS";163;28;"MUNDO NOVO";"Não guardar distância de segurança";"Colisão traseira";"Com Vítimas Feridas";"Pleno dia";"Decrescente";"Céu Claro";"Simples";"Reta";"Não";3;0;1;0;1;2;1;4;-23,86670284;-54,32884278;"SPRF-MS";"DEL09-MS";"UOP02-DEL09-MS"
312535;2020-10-05;"segunda-feira";"15:05:00";"MA";135;91,7;"ITAPECURU MIRIM";"Defeito Mecânico no Veículo";"Incêndio";"Sem Vítimas";"Pleno dia";"Crescente";"Sol";"Simples";"Reta";"Sim";2;0;0;0;1;1;0;2;-3,30084116;-44,41853282;"SPRF-MA";"DEL01-MA";"UOP02-DEL01-MA"
312539;2020-10-06;"terça-feira";"10:30:00";"ES";101;293,2;"CARIACICA";"Falta de Atenção à Condução";"Colisão traseira";"Com Vítimas Feridas";"Pleno dia";"Decrescente";"Céu Claro";"Múltipla";"Reta";"Sim";4;0;1;0;3;0;1;3;-20,31605517;-40,39565563;"SPRF-ES";"DEL01-ES";"UOP01-DEL01-ES"
312540;2020-10-06;"terça-feira";"10:00:00";"GO";364;212;"JATAI";"Falta de Atenção à Condução";"Colisão frontal";"Com Vítimas Feridas";"Pleno dia";"Crescente";"Céu Claro";"Simples";"Declive;Curva";"Não";3;0;1;0;1;1;1;3;-17,887983;-51,858814;"SPRF-GO";"DEL05-GO";"UOP01-DEL05-GO"
312542;2020-10-06;"terça-feira";"08:50:00";"PI";343;193,9;"PIRIPIRI";"Defeito Mecânico no Veículo";"Incêndio";"Sem Vítimas";"Pleno dia";"Decrescente";"Céu Claro";"Simples";"Reta";"Não";2;0;0;0;1;2;0;3;-4,340018;-41,800739;"SPRF-PI";"DEL02-PI";"UOP01-DEL02-PI"
312547;2020-10-06;"terça-feira";"11:10:00";"MG";40;716,1;"BARBACENA";"Desobediência às normas de trânsito pelo pedestre";"Atropelamento de Pedestre";"Com Vítimas Fatais";"Pleno dia";"Decrescente";"Céu Claro";"Dupla";"Curva";"Não";3;1;0;0;1;1;0;2;-21,25153502;-43,66402206;"SPRF-MG";"DEL05-MG";"UOP01-DEL05-MG"
312553;2020-10-06;"terça-feira";"13:00:00";"PR";376;665;"GUARATUBA";"Falta de Atenção à Condução";"Colisão traseira";"Sem Vítimas";"Pleno dia";"Crescente";"Céu Claro";"Simples";"Declive";"Não";3;0;0;0;2;1;0;3;-25,85455838;-48,95670808;"SPRF-PR";"DEL01-PR";"UOP04-DEL01-PR"
312556;2020-10-06;"terça-feira";"12:20:00";"BA";324;618;"SALVADOR";"Falta de Atenção à Condução";"Colisão lateral";"Com Vítimas Feridas";"Pleno dia";"Crescente";"Sol";"Múltipla";"Reta";"Sim";2;0;1;0;0;1;1;2;-12,90482172;-38,45556535;"SPRF-BA";"DEL01-BA";"UOP01-DEL01-BA"
312557;2020-10-04;"domingo";"19:40:00";"PI";235;435;"SANTA FILOMENA";"Desobediência às normas de trânsito pelo condutor";"Tombamento";"Com Vítimas Feridas";"Plena Noite";"Decrescente";"Céu Claro";"Simples";"Interseção de Vias";"Sim";2;0;1;0;1;0;1;2;-9,12605417;-45,90769708;"SPRF-PI";"DEL03-PI";"UOP02-DEL03-PI"
312559;2020-10-06;"terça-feira";"07:00:00";"SP";116;560;"BARRA DO TURVO";"Falta de Atenção à Condução";"Tombamento";"Com Vítimas Feridas";"Pleno dia";"Crescente";"Nevoeiro/Neblina";"Simples";"Curva";"Não";2;0;1;0;0;1;1;2;-25,019373;-48,514847;"SPRF-SP";"DEL05-SP";"UOP02-DEL05-SP"
312561;2020-10-05;"segunda-feira";"11:00:00";"MS";0;0;"CAMPO GRANDE";"Falta de Atenção à Condução";"Colisão lateral";"Sem Vítimas";"Pleno dia";"Não Informado";"Sol";"Dupla";"Reta";"Sim";4;0;0;0;3;1;0;2;-20,48263522;-54,6232307;"SPRF-MS";"N/A";"N/A"
312563;2020-10-06;"terça-feira";"12:20:00";"MS";262;136;"AGUA CLARA";"Defeito Mecânico no Veículo";"Incêndio";"Sem Vítimas";"Pleno dia";"Crescente";"Céu Claro";"Simples";"Aclive";"Não";2;0;0;0;2;0;0;1;-20,4687779;-52,81579473;"SPRF-MS";"DEL07-MS";"UOP02-DEL07-MS"
312568;2020-10-06;"terça-feira";"11:49:00";"BA";324;447;"RIACHAO DO JACUIPE";"Ultrapassagem Indevida";"Colisão frontal";"Com Vítimas Feridas";"Pleno dia";"Crescente";"Sol";"Simples";"Reta";"Não";6;0;2;1;2;1;3;3;-11,85893714;-39,32711211;"SPRF-BA";"DEL02-BA";"UOP01-DEL02-BA"
312571;2020-10-06;"terça-feira";"14:55:00";"SC";101;145;"BALNEARIO CAMBORIU";"Falta de Atenção à Condução";"Colisão traseira";"Com Vítimas Feridas";"Pleno dia";"Decrescente";"Nublado";"Dupla";"Reta";"Sim";2;0;1;0;1;0;1;2;-27,08139206;-48,60130993;"SPRF-SC";"DEL04-SC";"UOP03-DEL04-SC"
312573;2020-10-06;"terça-feira";"15:05:00";"SP";381;38;"ATIBAIA";"Não guardar distância de segurança";"Colisão lateral";"Com Vítimas Feridas";"Pleno dia";"Decrescente";"Céu Claro";"Dupla";"Reta";"Sim";2;0;0;1;1;0;1;2;-23,1133221;-46,57174974;"SPRF-SP";"DEL03-SP";"UOP01-DEL03-SP"
312576;2020-10-06;"terça-feira";"15:15:00";"CE";222;58;"SAO GONCALO DO AMARANTE";"Falta de Atenção à Condução";"Colisão lateral";"Com Vítimas Feridas";"Pleno dia";"Decrescente";"Céu Claro";"Simples";"Reta";"Não";2;0;1;0;0;1;1;2;-3,67035393;-39,05296326;"SPRF-CE";"DEL01-CE";"UOP03-DEL01-CE"
312577;2020-10-06;"terça-feira";"14:50:00";"RS";392;66,9;"PELOTAS";"Desobediência às normas de trânsito pelo condutor";"Colisão transversal";"Com Vítimas Feridas";"Pleno dia";"Decrescente";"Céu Claro";"Simples";"Rotatória";"Sim";2;0;1;0;1;0;1;2;-31,7627503;-52,39165019;"SPRF-RS";"DEL07-RS";"UOP01-DEL07-RS"
312579;2020-10-06;"terça-feira";"16:00:00";"PB";230;464,5;"SOUSA";"Ultrapassagem Indevida";"Colisão frontal";"Com Vítimas Fatais";"Pleno dia";"Crescente";"Céu Claro";"Simples";"Reta";"Sim";3;1;0;1;0;1;1;3;-6,780558;-38,250846;"SPRF-PB";"DEL03-PB";"UOP03-DEL03-PB"
312580;2020-10-06;"terça-feira";"15:45:00";"SC";282;228;"LAGES";"Desobediência às normas de trânsito pelo condutor";"Colisão frontal";"Com Vítimas Feridas";"Pleno dia";"Crescente";"Céu Claro";"Simples";"Curva";"Não";4;0;0;2;1;1;2;3;-27,791557;-50,4077;"SPRF-SC";"DEL05-SC";"UOP02-DEL05-SC"
312583;2020-09-08;"terça-feira";"21:16:00";"RO";364;1032;"PORTO VELHO";"Defeito na Via";"Tombamento";"Com Vítimas Feridas";"Plena Noite";"Crescente";"Céu Claro";"Simples";"Declive";"Não";3;0;1;0;0;3;1;4;-9,76301212;-66,28283598;"SPRF-RO";"DEL01-RO";"UOP03-DEL01-RO"
312585;2020-10-06;"terça-feira";"15:40:00";"MS";262;479,9;"ANASTACIO";"Condutor Dormindo";"Colisão lateral";"Com Vítimas Fatais";"Pleno dia";"Decrescente";"Céu Claro";"Simples";"Reta";"Não";5;1;1;0;2;5;1;9;-20,50589351;-55,71102998;"SPRF-MS";"DEL03-MS";"UOP01-DEL03-MS"
312594;2020-10-06;"terça-feira";"17:15:00";"PR";116;70;"CAMPINA GRANDE DO SUL";"Falta de Atenção à Condução";"Colisão lateral";"Com Vítimas Feridas";"Pleno dia";"Crescente";"Sol";"Dupla";"Em Obras";"Não";4;0;1;0;2;3;1;6;-25,33849717;-49,03792883;"SPRF-PR";"DEL01-PR";"UOP02-DEL01-PR"
312595;2020-10-06;"terça-feira";"17:40:00";"MG";381;677,7;"PERDOES";"Falta de Atenção à Condução";"Colisão traseira";"Com Vítimas Feridas";"Pleno dia";"Crescente";"Céu Claro";"Dupla";"Reta;Aclive";"Não";5;0;2;0;3;0;2;2;-21,109452;-45,092364;"SPRF-MG";"DEL04-MG";"UOP02-DEL04-MG"
312596;2020-10-06;"terça-feira";"17:00:00";"BA";324;618;"SALVADOR";"Desobediência às normas de trânsito pelo condutor";"Colisão transversal";"Com Vítimas Feridas";"Pleno dia";"Decrescente";"Céu Claro";"Dupla";"Reta";"Sim";6;0;1;0;5;0;1;3;-12,891109;-38,445374;"SPRF-BA";"DEL01-BA";"UOP01-DEL01-BA"
312597;2020-10-06;"terça-feira";"17:55:00";"RN";304;108,3;"ACU";"Ingestão de Álcool";"Colisão traseira";"Com Vítimas Feridas";"Anoitecer";"Decrescente";"Céu Claro";"Simples";"Interseção de Vias";"Sim";2;0;0;1;0;1;1;2;-5,58707087;-36,95139885;"SPRF-RN";"DEL04-RN";"UOP01-DEL04-RN"
312601;2020-10-06;"terça-feira";"17:30:00";"PR";277;647,6;"MATELANDIA";"Defeito Mecânico no Veículo";"Colisão com objeto estático";"Sem Vítimas";"Anoitecer";"Crescente";"Céu Claro";"Simples";"Declive;Reta";"Não";1;0;0;0;1;0;0;1;-25,17489911;-53,91380604;"SPRF-PR";"DEL05-PR";"UOP02-DEL05-PR"
312603;2020-10-06;"terça-feira";"17:45:00";"MS";60;538,2;"NIOAQUE";"Falta de Atenção à Condução";"Colisão transversal";"Com Vítimas Feridas";"Anoitecer";"Decrescente";"Céu Claro";"Simples";"Interseção de Vias";"Não";3;0;1;0;1;1;1;3;-21,1492242;-55,82511663;"SPRF-MS";"DEL05-MS";"UOP01-DEL05-MS"
312605;2020-10-06;"terça-feira";"18:40:00";"RJ";101;505;"ANGRA DOS REIS";"Não guardar distância de segurança";"Atropelamento de Pedestre";"Com Vítimas Feridas";"Plena Noite";"Decrescente";"Garoa/Chuvisco";"Simples";"Reta";"Sim";2;0;0;1;1;0;1;2;-22,93561595;-44,39617909;"SPRF-RJ";"DEL03-RJ";"UOP02-DEL03-RJ"
312608;2020-10-06;"terça-feira";"15:30:00";"MT";174;201;"PORTO ESPERIDIAO";"Condutor Dormindo";"Saída de leito carroçável";"Com Vítimas Feridas";"Pleno dia";"Crescente";"Céu Claro";"Simples";"Reta";"Não";2;0;0;1;0;1;1;2;-15,70826977;-58,7048167;"SPRF-MT";"DEL03-MT";"UOP01-DEL03-MT"
312612;2020-10-06;"terça-feira";"19:20:00";"RS";101;61;"MAQUINE";"Falta de Atenção à Condução";"Colisão traseira";"Com Vítimas Feridas";"Plena Noite";"Decrescente";"Céu Claro";"Dupla";"Reta";"Não";6;0;1;0;4;2;1;4;-29,69004;-50,156679;"SPRF-RS";"DEL03-RS";"UOP02-DEL03-RS"
312614;2020-10-06;"terça-feira";"19:40:00";"PR";277;172,8;"PALMEIRA";"Velocidade Incompatível";"Colisão traseira";"Com Vítimas Feridas";"Plena Noite";"Decrescente";"Nublado";"Simples";"Reta;Aclive";"Não";3;0;0;1;1;1;1;2;-25,429015;-50,031129;"SPRF-PR";"DEL03-PR";"UOP03-DEL03-PR"
312616;2020-09-04;"sexta-feira";"13:00:00";"PR";369;150,3;"LONDRINA";"Não guardar distância de segurança";"Colisão traseira";"Com Vítimas Feridas";"Pleno dia";"Decrescente";"Sol";"Dupla";"Reta;Declive";"Sim";2;0;0;1;1;0;1;2;-23,29280136;-51,1649555;"SPRF-PR";"DEL07-PR";"UOP01-DEL07-PR"
312621;2020-09-05;"sábado";"04:00:00";"ES";101;455,9;"MIMOSO DO SUL";"Velocidade Incompatível";"Saída de leito carroçável";"Com Vítimas Fatais";"Plena Noite";"Decrescente";"Céu Claro";"Simples";"Curva";"Não";2;1;0;1;0;0;1;1;-21,18615788;-41,29262036;"SPRF-ES";"DEL03-ES";"UOP02-DEL03-ES"
312625;2020-10-06;"terça-feira";"18:10:00";"MG";116;499;"INHAPIM";"Desobediência às normas de trânsito pelo condutor";"Colisão transversal";"Com Vítimas Feridas";"Anoitecer";"Decrescente";"Céu Claro";"Simples";"Curva";"Sim";3;0;1;1;1;0;2;2;-19,55247801;-42,12429712;"SPRF-MG";"DEL06-MG";"UOP02-DEL06-MG"
312628;2020-10-02;"sexta-feira";"15:50:00";"MS";419;16,3;"RIO VERDE DE MATO GROSSO";"Animais na Pista";"Atropelamento de Animal";"Sem Vítimas";"Pleno dia";"Crescente";"Sol";"Simples";"Reta";"Não";2;0;0;0;1;1;0;2;-19,00735794;-54,8282881;"SPRF-MS";"DEL06-MS";"UOP02-DEL06-MS"
312629;2020-10-06;"terça-feira";"19:20:00";"RJ";40;75;"PETROPOLIS";"Velocidade Incompatível";"Tombamento";"Com Vítimas Feridas";"Plena Noite";"Decrescente";"Nevoeiro/Neblina";"Simples";"Declive;Curva";"Não";2;0;1;0;0;1;1;2;-22,47578132;-43,21742535;"SPRF-RJ";"DEL06-RJ";"UOP01-DEL06-RJ"
312631;2020-10-06;"terça-feira";"21:30:00";"GO";20;86,9;"VILA BOA";"Ingestão de Álcool";"Colisão traseira";"Com Vítimas Feridas";"Plena Noite";"Crescente";"Céu Claro";"Simples";"Reta";"Sim";3;0;0;1;1;1;1;3;-15,04146284;-47,06143493;"SPRF-DF";"DEL02-DF";"UOP01-DEL02-DF"
312633;2020-10-06;"terça-feira";"21:20:00";"MG";40;444,7;"PARAOPEBA";"Carga excessiva e/ou mal acondicionada";"Tombamento";"Com Vítimas Feridas";"Plena Noite";"Crescente";"Céu Claro";"Dupla";"Declive;Curva";"Não";1;0;1;0;0;0;1;1;-19,28815;-44,392;"SPRF-MG";"DEL02-MG";"UOP01-DEL02-MG"
312635;2020-10-06;"terça-feira";"19:30:00";"PB";412;102,9;"SUME";"Animais na Pista";"Atropelamento de Animal";"Com Vítimas Feridas";"Plena Noite";"Crescente";"Céu Claro";"Simples";"Reta";"Não";3;0;1;0;0;2;1;3;-7,630156;-36,849079;"SPRF-PB";"DEL02-PB";"UOP02-DEL02-PB"
312639;2020-10-06;"terça-feira";"20:00:00";"MG";50;73;"UBERLANDIA";"Falta de Atenção à Condução";"Colisão lateral";"Com Vítimas Feridas";"Plena Noite";"Crescente";"Céu Claro";"Dupla";"Reta";"Não";5;0;3;0;1;1;3;3;-18,85140204;-48,25345932;"SPRF-MG";"DEL15-MG";"UOP01-DEL15-MG"
312643;2020-10-06;"terça-feira";"20:50:00";"PR";116;93;"SAO JOSE DOS PINHAIS";"Falta de Atenção à Condução";"Colisão traseira";"Sem Vítimas";"Plena Noite";"Crescente";"Céu Claro";"Dupla";"Reta";"Não";2;0;0;0;0;2;0;2;-25,48227693;-49,10588805;"SPRF-PR";"DEL01-PR";"UOP01-DEL01-PR"
312645;2020-10-06;"terça-feira";"19:50:00";"PI";343;503;"AMARANTE";"Ingestão de Álcool";"Colisão frontal";"Com Vítimas Feridas";"Plena Noite";"Crescente";"Céu Claro";"Simples";"Reta";"Não";2;0;0;1;0;1;1;2;-6,246497;-42,829082;"SPRF-PI";"DEL03-PI";"UOP01-DEL03-PI"
312649;2020-10-06;"terça-feira";"23:00:00";"SP";116;489,5;"CAJATI";"Falta de Atenção à Condução";"Colisão lateral";"Com Vítimas Feridas";"Plena Noite";"Decrescente";"Céu Claro";"Dupla";"Reta";"Sim";4;0;1;0;1;2;1;4;-24,73034183;-48,10760707;"SPRF-SP";"DEL05-SP";"UOP01-DEL05-SP"
312652;2020-10-07;"quarta-feira";"00:15:00";"PR";163;289;"MARECHAL CANDIDO RONDON";"Condutor Dormindo";"Saída de leito carroçável";"Com Vítimas Feridas";"Plena Noite";"Decrescente";"Céu Claro";"Simples";"Curva";"Não";2;0;0;1;0;1;1;2;-24,54325405;-54,04536607;"SPRF-PR";"DEL06-PR";"UOP02-DEL06-PR"
312656;2020-10-07;"quarta-feira";"00:43:00";"SC";282;138,5;"BOM RETIRO";"Condutor Dormindo";"Colisão frontal";"Com Vítimas Feridas";"Pleno dia";"Decrescente";"Garoa/Chuvisco";"Simples";"Curva";"Não";5;0;0;2;2;1;2;4;-27,825998;-49,575924;"SPRF-SC";"DEL05-SC";"UOP01-DEL05-SC"
312657;2020-10-07;"quarta-feira";"01:30:00";"PA";230;73;"SAO DOMINGOS DO ARAGUAIA";"Não guardar distância de segurança";"Colisão traseira";"Com Vítimas Feridas";"Plena Noite";"Decrescente";"Céu Claro";"Simples";"Reta";"Não";2;0;1;0;1;0;1;2;-5,49009572;-48,73379489;"SPRF-PA";"DEL03-PA";"UOP01-DEL03-PA"
312658;2020-10-07;"quarta-feira";"03:46:00";"SP";116;83,9;"PINDAMONHANGABA";"Defeito Mecânico no Veículo";"Colisão traseira";"Com Vítimas Feridas";"Plena Noite";"Decrescente";"Céu Claro";"Dupla";"Reta";"Não";3;0;1;0;1;2;1;4;-22,91346033;-45,32740983;"SPRF-SP";"DEL06-SP";"UOP01-DEL06-SP"
312661;2020-10-07;"quarta-feira";"05:00:00";"SC";470;87;"ASCURRA";"Velocidade Incompatível";"Tombamento";"Com Vítimas Feridas";"Amanhecer";"Crescente";"Céu Claro";"Simples";"Curva";"Sim";2;0;1;0;0;1;1;2;-26,948483;-49,366833;"SPRF-SC";"DEL04-SC";"UOP01-DEL04-SC"
312669;2020-10-07;"quarta-feira";"05:00:00";"SP";116;547;"BARRA DO TURVO";"Falta de Atenção à Condução";"Tombamento";"Com Vítimas Feridas";"Amanhecer";"Crescente";"Nevoeiro/Neblina";"Dupla";"Reta";"Não";2;0;1;0;0;1;1;2;-24,948875;-48,435034;"SPRF-SP";"DEL05-SP";"UOP02-DEL05-SP"
312673;2020-09-06;"domingo";"01:30:00";"MG";50;54,5;"ARAGUARI";"Defeito Mecânico no Veículo";"Saída de leito carroçável";"Com Vítimas Feridas";"Plena Noite";"Crescente";"Céu Claro";"Dupla";"Curva";"Não";3;0;0;2;0;2;2;3;-18,76664393;-48,24409132;"SPRF-MG";"DEL15-MG";"UOP02-DEL15-MG"
312679;2020-09-21;"segunda-feira";"20:30:00";"PA";155;268,8;"ELDORADO DO CARAJAS";"Desobediência às normas de trânsito pelo condutor";"Colisão frontal";"Com Vítimas Feridas";"Plena Noite";"Crescente";"Céu Claro";"Simples";"Ponte";"Não";3;0;1;0;1;1;1;3;-5,99430078;-49,24530826;"SPRF-PA";"DEL03-PA";"UOP01-DEL03-PA"
312686;2020-10-07;"quarta-feira";"08:25:00";"SC";163;72,1;"SAO MIGUEL DO OESTE";"Falta de Atenção à Condução";"Colisão transversal";"Com Vítimas Feridas";"Pleno dia";"Decrescente";"Céu Claro";"Dupla";"Reta;Interseção de Vias";"Sim";3;0;1;0;1;2;1;4;-26,71908804;-53,5157791;"SPRF-SC";"DEL07-SC";"UOP03-DEL07-SC"
312691;2020-10-07;"quarta-feira";"08:20:00";"SP";116;364,8;"MIRACATU";"Velocidade Incompatível";"Tombamento";"Com Vítimas Feridas";"Pleno dia";"Decrescente";"Nublado";"Dupla";"Curva";"Não";3;0;1;0;1;1;1;3;-24,13881806;-47,27310246;"SPRF-SP";"DEL04-SP";"UOP02-DEL04-SP"
312693;2020-10-07;"quarta-feira";"05:00:00";"MS";262;58,6;"TRES LAGOAS";"Velocidade Incompatível";"Tombamento";"Com Vítimas Feridas";"Amanhecer";"Decrescente";"Céu Claro";"Simples";"Curva";"Não";2;0;1;0;0;2;1;3;-20,721043;-52,134002;"SPRF-MS";"DEL07-MS";"UOP01-DEL07-MS"
312694;2020-10-07;"quarta-feira";"08:30:00";"PR";153;515,9;"GENERAL CARNEIRO";"Desobediência às normas de trânsito pelo condutor";"Colisão transversal";"Sem Vítimas";"Pleno dia";"Decrescente";"Nublado";"Simples";"Declive";"Não";3;0;0;0;2;4;0;6;-26,5816164;-51,44911677;"SPRF-PR";"DEL02-PR";"UOP03-DEL02-PR"
312695;2020-10-07;"quarta-feira";"07:45:00";"SC";282;476,4;"VARGEAO";"Desobediência às normas de trânsito pelo condutor";"Colisão transversal";"Com Vítimas Feridas";"Pleno dia";"Decrescente";"Sol";"Simples";"Interseção de Vias";"Não";3;0;1;0;1;1;1;3;-26,882666;-52,169231;"SPRF-SC";"DEL07-SC";"UOP01-DEL07-SC"
312698;2020-10-07;"quarta-feira";"09:30:00";"DF";70;11,9;"BRASILIA";"Falta de Atenção à Condução";"Tombamento";"Com Vítimas Feridas";"Pleno dia";"Crescente";"Céu Claro";"Dupla";"Reta";"Sim";1;0;1;0;0;0;1;1;-15,789762;-48,148727;"SPRF-DF";"DEL03-DF";"UOP02-DEL03-DF"
312699;2020-10-07;"quarta-feira";"05:00:00";"BA";101;825;"ITAMARAJU";"Falta de Atenção à Condução";"Tombamento";"Com Vítimas Feridas";"Amanhecer";"Decrescente";"Céu Claro";"Simples";"Curva";"Não";3;0;1;0;1;1;1;2;-17,144472;-39,567363;"SPRF-BA";"DEL09-BA";"UOP02-DEL09-BA"
312700;2020-10-07;"quarta-feira";"10:00:00";"PR";376;668;"GUARATUBA";"Defeito Mecânico no Veículo";"Derramamento de carga";"Sem Vítimas";"Pleno dia";"Decrescente";"Céu Claro";"Dupla";"Curva";"Não";2;0;0;0;1;1;0;2;-25,864159;-48,937538;"SPRF-PR";"DEL01-PR";"UOP04-DEL01-PR"
312703;2020-10-07;"quarta-feira";"10:35:00";"RS";386;348,3;"LAJEADO";"Defeito Mecânico no Veículo";"Incêndio";"Sem Vítimas";"Pleno dia";"Decrescente";"Nublado";"Dupla";"Reta";"Sim";1;0;0;0;1;0;0;1;-29,456644;-51,957329;"SPRF-RS";"DEL04-RS";"UOP02-DEL04-RS"
312706;2020-10-07;"quarta-feira";"09:45:00";"MT";364;356,7;"SANTO ANTONIO DO LEVERGER";"Falta de Atenção à Condução";"Saída de leito carroçável";"Com Vítimas Feridas";"Pleno dia";"Decrescente";"Céu Claro";"Dupla";"Curva";"Não";2;0;1;0;0;2;1;3;-15,79348889;-55,6077944;"SPRF-MT";"DEL05-MT";"UOP02-DEL05-MT"
312708;2020-10-07;"quarta-feira";"09:10:00";"TO";153;488,1;"PARAISO DO TOCANTINS";"Ultrapassagem Indevida";"Colisão lateral";"Com Vítimas Feridas";"Pleno dia";"Decrescente";"Céu Claro";"Simples";"Reta";"Não";4;0;1;0;2;1;1;3;-10,1095071;-48,87437183;"SPRF-TO";"DEL01-TO";"UOP01-DEL01-TO"
312709;2020-09-24;"quinta-feira";"02:20:00";"PA";222;245;"MARABA";"Desobediência às normas de trânsito pelo condutor";"Colisão transversal";"Com Vítimas Feridas";"Plena Noite";"Crescente";"Céu Claro";"Simples";"Interseção de Vias";"Sim";2;0;1;0;1;0;1;2;-5,355886;-49,079418;"SPRF-PA";"DEL03-PA";"UOP01-DEL03-PA"
312711;2020-10-07;"quarta-feira";"11:15:00";"GO";40;1,2;"VALPARAISO DE GOIAS";"Falta de Atenção do Pedestre";"Atropelamento de Pedestre";"Com Vítimas Feridas";"Pleno dia";"Crescente";"Sol";"Dupla";"Reta";"Sim";4;0;0;2;2;0;2;4;-16,058245;-47,982825;"SPRF-DF";"DEL01-DF";"UOP01-DEL01-DF"
312714;2020-10-07;"quarta-feira";"11:50:00";"SP";116;133,1;"CACAPAVA";"Falta de Atenção à Condução";"Engavetamento";"Com Vítimas Feridas";"Pleno dia";"Crescente";"Céu Claro";"Múltipla";"Reta";"Não";6;0;0;2;3;2;2;7;-23,1359564;-45,7532708;"SPRF-SP";"DEL06-SP";"UOP01-DEL06-SP"
312723;2020-10-07;"quarta-feira";"13:25:00";"SP";381;87,5;"GUARULHOS";"Restrição de Visibilidade";"Colisão traseira";"Com Vítimas Feridas";"Pleno dia";"Crescente";"Céu Claro";"Dupla";"Curva";"Sim";3;0;1;0;1;1;1;3;-23,46885001;-46,56996601;"SPRF-SP";"DEL03-SP";"UOP01-DEL03-SP"
312732;2020-10-07;"quarta-feira";"12:50:00";"SC";101;359,4;"SANGAO";"Desobediência às normas de trânsito pelo condutor";"Colisão transversal";"Com Vítimas Feridas";"Pleno dia";"Crescente";"Nublado";"Simples";"Reta";"Sim";3;0;1;1;0;1;2;3;-28,63515747;-49,09790039;"SPRF-SC";"DEL02-SC";"UOP01-DEL02-SC"
312736;2020-10-07;"quarta-feira";"13:00:00";"GO";50;112,6;"CRISTALINA";"Desobediência às normas de trânsito pelo condutor";"Colisão lateral";"Com Vítimas Feridas";"Pleno dia";"Decrescente";"Céu Claro";"Dupla";"Reta";"Não";4;0;0;2;1;2;2;4;-16,87814699;-47,67894745;"SPRF-DF";"DEL01-DF";"UOP02-DEL01-DF"
312737;2020-06-26;"sexta-feira";"16:45:00";"SP";153;112,8;"JOSE BONIFACIO";"Velocidade Incompatível";"Tombamento";"Sem Vítimas";"Anoitecer";"Decrescente";"Céu Claro";"Simples";"Reta";"Não";2;0;0;0;1;2;0;3;-21,10480404;-49,68274492;"SPRF-SP";"DEL09-SP";"UOP01-DEL09-SP"
312741;2020-10-07;"quarta-feira";"13:30:00";"AL";101;188;"JUNQUEIRO";"Falta de Atenção à Condução";"Colisão traseira";"Com Vítimas Feridas";"Pleno dia";"Crescente";"Céu Claro";"Dupla";"Reta";"Não";3;0;1;0;1;3;1;5;-9,90809784;-36,46933335;"SPRF-AL";"DEL02-AL";"UOP02-DEL02-AL"
312743;2020-10-07;"quarta-feira";"14:55:00";"RS";386;248,2;"SOLEDADE";"Desobediência às normas de trânsito pelo condutor";"Colisão transversal";"Com Vítimas Fatais";"Pleno dia";"Crescente";"Céu Claro";"Simples";"Interseção de Vias";"Sim";4;1;0;2;0;2;2;4;-28,817902;-52,484734;"SPRF-RS";"DEL04-RS";"UOP03-DEL04-RS"
312744;2020-10-07;"quarta-feira";"15:30:00";"GO";153;645;"MORRINHOS";"Falta de Atenção à Condução";"Saída de leito carroçável";"Com Vítimas Feridas";"Pleno dia";"Decrescente";"Céu Claro";"Dupla";"Reta";"Não";5;0;3;0;0;2;3;3;-17,9234;-49,2421;"SPRF-GO";"DEL03-GO";"UOP01-DEL03-GO"
312747;2020-10-07;"quarta-feira";"14:20:00";"MG";365;646;"UBERLANDIA";"Falta de Atenção à Condução";"Colisão traseira";"Sem Vítimas";"Pleno dia";"Decrescente";"Céu Claro";"Dupla";"Em Obras";"Não";3;0;0;0;2;1;0;3;-18,8762093;-48,52156878;"SPRF-MG";"DEL15-MG";"UOP01-DEL15-MG"
312749;2020-09-20;"domingo";"07:30:00";"MG";365;375,3;"PATOS DE MINAS";"Falta de Atenção à Condução";"Colisão traseira";"Sem Vítimas";"Pleno dia";"Decrescente";"Céu Claro";"Simples";"Reta";"Não";3;0;0;0;2;1;0;3;-18,53822256;-46,16485904;"SPRF-MG";"DEL10-MG";"UOP01-DEL10-MG"