"id";"data_inversa";"dia_semana";"horario";"uf";"br";"km";"municipio";"causa_acidente";"tipo_acidente";"classificacao_acidente";"fase_dia";"sentido_via";"condicao_metereologica";"tipo_pista";"tracado_via";"uso_solo";"pessoas";"mortos";"feridos_leves";"feridos_graves";"ilesos";"ignorados";"feridos";"veiculos";"latitude";"longitude";"regional";"delegacia";"uop"
312754;2020-10-07;"quarta-feira";"16:55:00";"GO";153;444,8;"ANAPOLIS";"Não guardar distância de segurança";"Colisão traseira";"Com Vítimas Feridas";"Pleno dia";"Crescente";"Céu Claro";"Simples";"Rotatória";"Sim";3;0;0;1;1;1;1;3;-16,35382681;-48,93010139;"SPRF-GO";"DEL02-GO";"UOP01-DEL02-GO"
312756;2020-10-07;"quarta-feira";"17:20:00";"ES";101;293;"CARIACICA";"Falta de Atenção à Condução";"Colisão traseira";"Com Vítimas Feridas";"Anoitecer";"Decrescente";"Céu Claro";"Dupla";"Reta";"Sim";13;0;1;2;10;0;3;2;-20,31526144;-40,39567044;"SPRF-ES";"DEL01-ES";"UOP01-DEL01-ES"
312761;2020-10-07;"quarta-feira";"16:50:00";"SC";101;334,5;"TUBARAO";"Velocidade Incompatível";"Colisão traseira";"Com Vítimas Feridas";"Pleno dia";"Decrescente";"Nublado";"Múltipla";"Reta";"Sim";3;0;0;1;2;0;1;3;-28,46795564;-49,00979519;"SPRF-SC";"DEL02-SC";"UOP01-DEL02-SC"
312762;2020-10-07;"quarta-feira";"17:10:00";"PB";101;52,6;"SANTA RITA";"Desobediência às normas de trânsito pelo condutor";"Colisão transversal";"Sem Vítimas";"Anoitecer";"Crescente";"Céu Claro";"Dupla";"Interseção de Vias;Reta;Declive";"Não";5;0;0;0;3;2;0;3;-6,93821564;-35,09935736;"SPRF-PB";"DEL01-PB";"UOP04-DEL01-PB"
312763;2020-10-07;"quarta-feira";"15:30:00";"SC";470;116;"IBIRAMA";"Falta de Atenção à Condução";"Engavetamento";"Com Vítimas Feridas";"Pleno dia";"Decrescente";"Céu Claro";"Simples";"Curva";"Não";4;0;1;0;3;0;1;3;-27,07756;-49,49448;"SPRF-SC";"DEL04-SC";"UOP02-DEL04-SC"
312764;2020-10-07;"quarta-feira";"16:45:00";"RS";287;248,5;"SANTA MARIA";"Velocidade Incompatível";"Colisão com objeto estático";"Com Vítimas Feridas";"Pleno dia";"Crescente";"Sol";"Simples";"Reta;Aclive;Desvio Temporário";"Sim";4;0;1;0;3;0;1;4;-29,69615195;-53,85140777;"SPRF-RS";"DEL09-RS";"UOP01-DEL09-RS"
312771;2020-10-07;"quarta-feira";"17:00:00";"PR";116;97;"SAO JOSE DOS PINHAIS";"Falta de Atenção à Condução";"Colisão traseira";"Com Vítimas Feridas";"Pleno dia";"Crescente";"Nublado";"Dupla";"Reta";"Não";3;0;2;0;1;0;2;2;-25,51232495;-49,12871007;"SPRF-PR";"DEL01-PR";"UOP01-DEL01-PR"
312775;2020-10-07;"quarta-feira";"17:45:00";"ES";262;126,7;"CONCEICAO DO CASTELO";"Desobediência às normas de trânsito pelo condutor";"Colisão com objeto em movimento";"Com Vítimas Fatais";"Anoitecer";"Crescente";"Céu Claro";"Simples";"Curva";"Não";3;1;0;0;2;0;0;3;-20,27232103;-41,26751512;"SPRF-ES";"DEL01-ES";"UOP02-DEL01-ES"
312779;2020-10-07;"quarta-feira";"16:00:00";"MG";381;385;"SAO GONCALO DO RIO ABAIXO";"Carga excessiva e/ou mal acondicionada";"Derramamento de carga";"Sem Vítimas";"Pleno dia";"Decrescente";"Céu Claro";"Simples";"Reta";"Sim";2;0;0;0;1;1;0;2;-19,80286099;-43,409962;"SPRF-MG";"DEL01-MG";"UOP01-DEL01-MG"
312782;2020-10-07;"quarta-feira";"13:30:00";"MG";251;202,7;"CACHOEIRA DE PAJEU";"Carga excessiva e/ou mal acondicionada";"Colisão com objeto em movimento";"Com Vítimas Feridas";"Pleno dia";"Decrescente";"Céu Claro";"Simples";"Reta";"Não";2;0;1;0;0;2;1;3;-15,85923197;-41,49716601;"SPRF-MG";"DEL11-MG";"UOP02-DEL11-MG"
312784;2020-07-03;"sexta-feira";"11:00:00";"SC";101;37;"JOINVILLE";"Falta de Atenção à Condução";"Colisão traseira";"Com Vítimas Feridas";"Pleno dia";"Decrescente";"Céu Claro";"Dupla";"Reta";"Não";3;0;1;0;1;2;1;4;-26,25050176;-48,90863867;"SPRF-SC";"DEL03-SC";"UOP01-DEL03-SC"
312788;2020-10-07;"quarta-feira";"19:45:00";"PR";277;518,3;"GUARANIACU";"Desobediência às normas de trânsito pelo condutor";"Colisão transversal";"Com Vítimas Feridas";"Plena Noite";"Crescente";"Céu Claro";"Simples";"Rotatória";"Sim";3;0;0;1;1;2;1;4;-25,10886852;-52,85632968;"SPRF-PR";"DEL04-PR";"UOP01-DEL04-PR"
312792;2020-10-07;"quarta-feira";"12:15:00";"MG";116;774,5;"LEOPOLDINA";"Velocidade Incompatível";"Tombamento";"Com Vítimas Feridas";"Pleno dia";"Decrescente";"Sol";"Simples";"Declive;Curva";"Não";2;0;1;0;0;1;1;2;-21,47859776;-42,57564516;"SPRF-MG";"DEL07-MG";"UOP01-DEL07-MG"
312793;2020-10-07;"quarta-feira";"19:25:00";"BA";324;572,9;"SAO SEBASTIAO DO PASSE";"Falta de Atenção à Condução";"Saída de leito carroçável";"Com Vítimas Feridas";"Plena Noite";"Decrescente";"Céu Claro";"Dupla";"Reta";"Não";1;0;1;0;0;0;1;1;-12,55680911;-38,56690209;"SPRF-BA";"DEL01-BA";"UOP01-DEL01-BA"
312794;2020-10-07;"quarta-feira";"18:15:00";"PR";376;514,2;"PONTA GROSSA";"Ingestão de álcool e/ou substâncias psicoativas pelo pedestre";"Atropelamento de Pedestre";"Com Vítimas Fatais";"Anoitecer";"Crescente";"Nublado";"Dupla";"Curva";"Não";3;1;0;0;1;1;0;3;-25,24429808;-50,02494693;"SPRF-PR";"DEL03-PR";"UOP04-DEL03-PR"
312810;2020-10-07;"quarta-feira";"20:55:00";"BA";116;369;"LAMARAO";"Falta de Atenção à Condução";"Colisão traseira";"Com Vítimas Fatais";"Plena Noite";"Decrescente";"Céu Claro";"Simples";"Reta";"Não";3;1;0;0;1;1;0;3;-11,7653763;-38,98573101;"SPRF-BA";"DEL02-BA";"UOP01-DEL02-BA"
312828;2020-10-07;"quarta-feira";"22:20:00";"PR";277;112;"CAMPO LARGO";"Ingestão de Álcool";"Colisão traseira";"Sem Vítimas";"Plena Noite";"Crescente";"Nublado";"Dupla";"Reta";"Não";2;0;0;0;2;0;0;2;-25,4431747;-49,45622206;"SPRF-PR";"DEL01-PR";"UOP03-DEL03-PR"
312830;2020-10-07;"quarta-feira";"19:00:00";"MG";381;376;"SAO GONCALO DO RIO ABAIXO";"Sinalização da via insuficiente ou inadequada";"Colisão com objeto estático";"Sem Vítimas";"Plena Noite";"Decrescente";"Chuva";"Simples";"Curva";"Não";2;0;0;0;1;1;0;2;-19,8367193;-43,34504908;"SPRF-MG";"DEL01-MG";"UOP01-DEL01-MG"
312832;2020-10-07;"quarta-feira";"18:30:00";"SC";282;458,3;"PONTE SERRADA";"Desobediência às normas de trânsito pelo condutor";"Colisão frontal";"Com Vítimas Fatais";"Anoitecer";"Crescente";"Céu Claro";"Simples";"Reta;Declive";"Não";3;1;1;0;0;1;1;3;-26,886444;-52,00083;"SPRF-SC";"DEL07-SC";"UOP04-DEL07-SC"
312835;2020-10-08;"quinta-feira";"00:30:00";"PB";101;14,7;"MAMANGUAPE";"Condutor Dormindo";"Colisão traseira";"Com Vítimas Feridas";"Plena Noite";"Decrescente";"Céu Claro";"Dupla";"Declive";"Não";2;0;1;0;1;0;1;2;-6,61713815;-35,13803934;"SPRF-PB";"DEL01-PB";"UOP04-DEL01-PB"
312836;2020-10-07;"quarta-feira";"12:40:00";"ES";262;176,3;"IBATIBA";"Falta de Atenção à Condução";"Colisão frontal";"Com Vítimas Feridas";"Pleno dia";"Decrescente";"Sol";"Simples";"Curva";"Não";2;0;1;0;0;1;1;2;-20,27596464;-41,63802391;"SPRF-ES";"DEL01-ES";"UOP02-DEL01-ES"
312841;2020-10-08;"quinta-feira";"00:30:00";"ES";259;49,7;"COLATINA";"Ingestão de Álcool";"Colisão frontal";"Com Vítimas Feridas";"Plena Noite";"Crescente";"Nublado";"Simples";"Curva";"Sim";3;0;1;0;1;1;1;3;-19,51046747;-40,60594082;"SPRF-ES";"DEL02-ES";"UOP01-DEL02-ES"
312842;2020-10-08;"quinta-feira";"01:45:00";"MG";50;202,2;"UBERABA";"Falta de Atenção à Condução";"Colisão traseira";"Com Vítimas Feridas";"Plena Noite";"Crescente";"Céu Claro";"Dupla";"Reta";"Não";3;0;1;0;0;2;1;3;-19,92627147;-47,82191068;"SPRF-MG";"DEL13-MG";"UOP01-DEL13-MG"
312846;2020-10-08;"quinta-feira";"00:30:00";"MG";365;661,9;"MONTE ALEGRE DE MINAS";"Condutor Dormindo";"Saída de leito carroçável";"Com Vítimas Feridas";"Plena Noite";"Decrescente";"Céu Claro";"Dupla";"Curva";"Não";2;0;1;0;0;2;1;3;-18,894703;-48,657415;"SPRF-MG";"DEL15-MG";"UOP01-DEL15-MG"
312848;2020-10-07;"quarta-feira";"21:50:00";"SC";282;113;"ALFREDO WAGNER";"Defeito Mecânico no Veículo";"Colisão com objeto em movimento";"Com Vítimas Feridas";"Plena Noite";"Decrescente";"Céu Claro";"Simples";"Reta";"Não";2;0;1;0;1;0;1;2;-27,740337;-49,384186;"SPRF-SC";"DEL01-SC";"UOP03-DEL01-SC"
312852;2020-10-08;"quinta-feira";"04:35:00";"SC";282;517;"XAXIM";"Falta de Atenção à Condução";"Colisão frontal";"Com Vítimas Feridas";"Plena Noite";"Crescente";"Chuva";"Simples";"Curva";"Não";4;0;2;0;2;0;2;2;-26,93899104;-52,49975681;"SPRF-SC";"DEL07-SC";"UOP01-DEL07-SC"
312856;2020-10-08;"quinta-feira";"04:40:00";"MS";267;30,5;"BATAGUASSU";"Velocidade Incompatível";"Tombamento";"Sem Vítimas";"Plena Noite";"Decrescente";"Céu Claro";"Dupla";"Reta;Retorno Regulamentado";"Sim";2;0;0;0;1;2;0;3;-21,72118298;-52,43091121;"SPRF-MS";"DEL02-MS";"UOP04-DEL02-MS"
312857;2020-10-08;"quinta-feira";"05:30:00";"MG";40;444,8;"PARAOPEBA";"Carga excessiva e/ou mal acondicionada";"Tombamento";"Sem Vítimas";"Amanhecer";"Crescente";"Céu Claro";"Dupla";"Reta";"Não";1;0;0;0;1;0;0;1;-19,28815;-44,392;"SPRF-MG";"DEL02-MG";"UOP01-DEL02-MG"
312858;2020-10-08;"quinta-feira";"02:10:00";"PI";316;82,9;"LAGOINHA DO PIAUI";"Desobediência às normas de trânsito pelo condutor";"Colisão lateral";"Com Vítimas Feridas";"Plena Noite";"Decrescente";"Céu Claro";"Simples";"Interseção de Vias";"Não";3;0;2;0;0;1;2;2;-5,75884416;-42,61624018;"SPRF-PI";"DEL04-PI";"UOP02-DEL04-PI"
312859;2020-10-08;"quinta-feira";"05:05:00";"MG";381;612;"OLIVEIRA";"Condutor Dormindo";"Saída de leito carroçável";"Com Vítimas Feridas";"Amanhecer";"Crescente";"Garoa/Chuvisco";"Dupla";"Reta";"Não";2;0;2;0;0;0;2;1;-20,72014073;-44,76677037;"SPRF-MG";"DEL04-MG";"UOP01-DEL04-MG"
312860;2020-10-08;"quinta-feira";"06:40:00";"CE";20;419;"MARACANAU";"Desobediência às normas de trânsito pelo condutor";"Colisão transversal";"Com Vítimas Feridas";"Pleno dia";"Crescente";"Céu Claro";"Simples";"Reta";"Não";2;0;1;0;1;0;1;2;-3,76999035;-38,67006282;"SPRF-CE";"DEL01-CE";"UOP02-DEL01-CE"
312868;2020-10-08;"quinta-feira";"07:00:00";"SC";282;394,9;"JOACABA";"Falta de Atenção à Condução";"Saída de leito carroçável";"Com Vítimas Feridas";"Amanhecer";"Decrescente";"Chuva";"Simples";"Curva";"Não";2;0;1;0;0;1;1;2;-27,16017;-51,58284;"SPRF-SC";"DEL07-SC";"UOP05-DEL07-SC"
312869;2020-10-08;"quinta-feira";"06:35:00";"SC";480;129,5;"CHAPECO";"Velocidade Incompatível";"Colisão com objeto estático";"Sem Vítimas";"Pleno dia";"Decrescente";"Chuva";"Dupla";"Curva";"Sim";2;0;0;0;2;0;0;2;-27,04656607;-52,63577131;"SPRF-SC";"DEL07-SC";"UOP01-DEL07-SC"
312870;2020-10-08;"quinta-feira";"05:55:00";"RS";101;72;"OSORIO";"Falta de Atenção à Condução";"Colisão traseira";"Com Vítimas Feridas";"Amanhecer";"Crescente";"Céu Claro";"Dupla";"Reta";"Não";3;0;1;0;1;2;1;4;-29,767628;-50,217482;"SPRF-RS";"DEL03-RS";"UOP01-DEL03-RS"
312880;2020-10-08;"quinta-feira";"08:30:00";"PI";343;4,8;"PARNAIBA";"Falta de Atenção à Condução";"Colisão transversal";"Com Vítimas Fatais";"Pleno dia";"Crescente";"Sol";"Simples";"Reta";"Sim";3;1;0;0;1;1;0;3;-2,895831;-41,69579;"SPRF-PI";"DEL05-PI";"UOP01-DEL05-PI"
312881;2020-10-08;"quinta-feira";"08:00:00";"RJ";116;218,2;"PARACAMBI";"Falta de Atenção à Condução";"Tombamento";"Sem Vítimas";"Pleno dia";"Decrescente";"Nublado";"Dupla";"Curva";"Não";3;0;0;0;2;12;0;13;-22,6858652;-43,8130935;"SPRF-RJ";"DEL01-RJ";"UOP03-DEL01-RJ"
312886;2020-10-08;"quinta-feira";"07:45:00";"PR";376;595;"CURITIBA";"Não guardar distância de segurança";"Colisão traseira";"Com Vítimas Feridas";"Pleno dia";"Crescente";"Nublado";"Dupla";"Reta";"Não";2;0;1;0;1;0;1;2;-25,49317991;-49,34370776;"SPRF-PR";"DEL01-PR";"UOP01-DEL01-PR"
312894;2020-10-08;"quinta-feira";"08:40:00";"SC";282;45,9;"AGUAS MORNAS";"Velocidade Incompatível";"Tombamento";"Com Vítimas Feridas";"Pleno dia";"Decrescente";"Nublado";"Simples";"Reta";"Não";2;0;0;1;0;1;1;2;-27,719851;-48,916126;"SPRF-SC";"DEL01-SC";"UOP03-DEL01-SC"
312895;2020-06-26;"sexta-feira";"20:00:00";"MA";230;210,7;"SAO DOMINGOS DO AZEITAO";"Desobediência às normas de trânsito pelo condutor";"Colisão frontal";"Com Vítimas Fatais";"Plena Noite";"Crescente";"Céu Claro";"Simples";"Curva";"Não";2;1;0;0;1;0;0;2;-6,81333378;-44,62518699;"SPRF-MA";"DEL05-MA";"UOP01-DEL05-MA"
312900;2020-03-13;"sexta-feira";"05:30:00";"PA";155;288;"ELDORADO DO CARAJAS";"Defeito na Via";"Colisão traseira";"Com Vítimas Feridas";"Pleno dia";"Decrescente";"Céu Claro";"Simples";"Reta";"Não";3;0;1;0;1;1;1;3;-5,82720397;-49,19523606;"SPRF-PA";"DEL03-PA";"UOP01-DEL03-PA"
312905;2020-09-22;"terça-feira";"15:00:00";"SC";101;209,8;"SAO JOSE";"Falta de Atenção à Condução";"Colisão lateral";"Com Vítimas Feridas";"Pleno dia";"Crescente";"Céu Claro";"Múltipla";"Reta";"Sim";3;0;1;0;2;0;1;2;-27,61000542;-48,63895057;"SPRF-SC";"DEL01-SC";"UOP01-DEL01-SC"
312909;2020-09-28;"segunda-feira";"17:30:00";"MA";10;208,3;"RIBAMAR FIQUENE";"Desobediência às normas de trânsito pelo condutor";"Colisão com objeto estático";"Com Vítimas Feridas";"Pleno dia";"Decrescente";"Céu Claro";"Simples";"Reta";"Não";2;0;1;0;0;1;1;2;-5,898466;-47,365887;"SPRF-MA";"DEL04-MA";"UOP01-DEL04-MA"
312911;2020-10-08;"quinta-feira";"10:29:00";"PR";373;237,7;"IMBITUVA";"Velocidade Incompatível";"Colisão frontal";"Com Vítimas Fatais";"Pleno dia";"Crescente";"Chuva";"Simples";"Curva";"Não";3;1;0;0;1;2;0;4;-25,1851891;-50,73228787;"SPRF-PR";"DEL03-PR";"UOP04-DEL03-PR"
312916;2020-10-08;"quinta-feira";"08:45:00";"SC";116;30,7;"ITAIOPOLIS";"Falta de Atenção à Condução";"Colisão transversal";"Com Vítimas Fatais";"Pleno dia";"Decrescente";"Chuva";"Simples";"Interseção de Vias";"Não";3;1;0;0;1;1;0;3;-26,315426;-49,967953;"SPRF-SC";"DEL06-SC";"UOP01-DEL06-SC"
312925;2020-10-08;"quinta-feira";"10:48:00";"SC";282;529,1;"CORDILHEIRA ALTA";"Desobediência às normas de trânsito pelo condutor";"Colisão transversal";"Com Vítimas Feridas";"Pleno dia";"Decrescente";"Nublado";"Simples";"Reta;Aclive";"Não";2;0;0;1;1;0;1;2;-26,982185;-52,59734;"SPRF-SC";"DEL07-SC";"UOP01-DEL07-SC"
312927;2020-10-08;"quinta-feira";"12:15:00";"PI";135;542;"SAO GONCALO DO GURGUEIA";"Velocidade Incompatível";"Tombamento";"Sem Vítimas";"Pleno dia";"Decrescente";"Céu Claro";"Simples";"Reta";"Não";2;0;0;0;1;3;0;4;-10,05360804;-45,28336399;"SPRF-PI";"DEL03-PI";"UOP02-DEL03-PI"
312928;2020-10-08;"quinta-feira";"12:30:00";"PE";101;68,7;"RECIFE";"Falta de Atenção à Condução";"Colisão traseira";"Com Vítimas Feridas";"Pleno dia";"Crescente";"Sol";"Simples";"Reta";"Sim";2;0;1;0;1;0;1;2;-8,056597;-34,946521;"SPRF-PE";"DEL01-PE";"UOP01-DEL01-PE"
312936;2020-10-08;"quinta-feira";"14:00:00";"MG";381;496;"BETIM";"Falta de Atenção à Condução";"Colisão traseira";"Com Vítimas Feridas";"Pleno dia";"Decrescente";"Sol";"Múltipla";"Reta";"Sim";2;0;1;0;1;0;1;2;-19,98980422;-44,18872833;"SPRF-MG";"DEL01-MG";"UOP03-DEL01-MG"
312938;2020-10-08;"quinta-feira";"06:30:00";"MG";153;44,9;"CANAPOLIS";"Falta de Atenção à Condução";"Saída de leito carroçável";"Com Vítimas Fatais";"Pleno dia";"Decrescente";"Céu Claro";"Dupla";"Reta";"Não";5;1;1;0;1;2;1;3;-18,775925;-49,075085;"SPRF-MG";"DEL15-MG";"UOP03-DEL15-MG"
312941;2020-10-08;"quinta-feira";"12:10:00";"MS";163;256,1;"DOURADOS";"Falta de Atenção à Condução";"Colisão traseira";"Com Vítimas Feridas";"Pleno dia";"Crescente";"Céu Claro";"Dupla";"Reta";"Sim";2;0;0;1;1;0;1;2;-22,258688;-54,804028;"SPRF-MS";"DEL04-MS";"UOP01-DEL04-MS"
312942;2020-06-18;"quinta-feira";"21:00:00";"CE";116;491;"MILAGRES";"Falta de Atenção à Condução";"Colisão transversal";"Sem Vítimas";"Plena Noite";"Decrescente";"Céu Claro";"Simples";"Reta";"Sim";3;0;0;0;2;1;0;3;-7,39283437;-38,96067552;"SPRF-CE";"DEL05-CE";"UOP03-DEL05-CE"
312943;2020-10-08;"quinta-feira";"12:30:00";"RS";285;532,2;"CAIBATE";"Ultrapassagem Indevida";"Saída de leito carroçável";"Com Vítimas Feridas";"Pleno dia";"Crescente";"Céu Claro";"Simples";"Reta";"Não";4;0;1;0;1;3;1;5;-28,406292;-54,611805;"SPRF-RS";"DEL10-RS";"UOP01-DEL10-RS"
312948;2020-10-08;"quinta-feira";"14:53:00";"MG";381;906;"CAMBUI";"Condutor Dormindo";"Colisão traseira";"Com Vítimas Feridas";"Pleno dia";"Crescente";"Céu Claro";"Dupla";"Reta;Aclive";"Não";5;0;2;0;2;1;2;3;-22,70254777;-46,11752735;"SPRF-MG";"DEL16-MG";"UOP03-DEL16-MG"
312949;2020-10-08;"quinta-feira";"08:30:00";"PI";135;167;"BERTOLINIA";"Falta de Atenção à Condução";"Saída de leito carroçável";"Com Vítimas Feridas";"Pleno dia";"Decrescente";"Céu Claro";"Dupla";"Curva";"Não";2;0;1;0;0;1;1;2;-7,943327;-43,824169;"SPRF-PI";"DEL03-PI";"UOP01-DEL03-PI"
312950;2020-10-08;"quinta-feira";"15:30:00";"PR";116;109;"CURITIBA";"Fenômenos da Natureza";"Saída de leito carroçável";"Sem Vítimas";"Pleno dia";"Crescente";"Chuva";"Dupla";"Reta";"Sim";2;0;0;0;1;1;0;2;-25,56416565;-49,25218105;"SPRF-PR";"DEL01-PR";"UOP01-DEL01-PR"
312954;2020-10-08;"quinta-feira";"15:00:00";"MG";381;943,5;"EXTREMA";"Velocidade Incompatível";"Colisão transversal";"Com Vítimas Feridas";"Pleno dia";"Crescente";"Nublado";"Simples";"Aclive";"Não";2;0;0;1;1;0;1;2;-22,87479042;-46,36655782;"SPRF-MG";"DEL16-MG";"UOP03-DEL16-MG"
312958;2020-10-08;"quinta-feira";"16:00:00";"RS";386;67,4;"BOA VISTA DAS MISSOES";"Falta de Atenção à Condução";"Colisão lateral";"Com Vítimas Feridas";"Pleno dia";"Crescente";"Céu Claro";"Simples";"Reta";"Não";5;0;2;0;2;1;2;4;-27,643206;-53,327473;"SPRF-RS";"DEL08-RS";"UOP02-DEL08-RS"
312972;2020-10-08;"quinta-feira";"12:00:00";"SC";116;159;"SANTA CECILIA";"Velocidade Incompatível";"Tombamento";"Com Vítimas Feridas";"Pleno dia";"Crescente";"Nublado";"Simples";"Curva";"Não";3;0;2;0;0;1;2;2;-27,09960799;-50,45374278;"SPRF-SC";"DEL06-SC";"UOP02-DEL06-SC"
312973;2020-10-08;"quinta-feira";"13:25:00";"SC";282;527,1;"CORDILHEIRA ALTA";"Velocidade Incompatível";"Saída de leito carroçável";"Com Vítimas Feridas";"Pleno dia";"Crescente";"Chuva";"Simples";"Declive;Curva";"Não";4;0;2;0;1;2;2;4;-26,973196;-52,583321;"SPRF-SC";"DEL07-SC";"UOP01-DEL07-SC"
312976;2020-10-08;"quinta-feira";"18:00:00";"BA";324;468,6;"TANQUINHO";"Falta de Atenção à Condução";"Derramamento de carga";"Sem Vítimas";"Pleno dia";"Decrescente";"Céu Claro";"Simples";"Reta";"Não";2;0;0;0;1;1;0;2;-11,95888605;-39,16234701;"SPRF-BA";"DEL02-BA";"UOP01-DEL02-BA"
312982;2020-10-08;"quinta-feira";"18:15:00";"SC";101;333;"TUBARAO";"Falta de Atenção à Condução";"Queda de ocupante de veículo";"Com Vítimas Feridas";"Anoitecer";"Decrescente";"Céu Claro";"Simples";"Reta";"Sim";2;0;1;0;1;0;1;2;-28,46630107;-48,99653096;"SPRF-SC";"DEL02-SC";"UOP01-DEL02-SC"
312986;2020-10-08;"quinta-feira";"18:25:00";"PR";277;431,1;"VIRMOND";"Desobediência às normas de trânsito pelo condutor";"Colisão frontal";"Com Vítimas Fatais";"Anoitecer";"Crescente";"Céu Claro";"Simples";"Curva;Aclive";"Não";3;1;0;0;1;2;0;4;-25,3784;-52,202767;"SPRF-PR";"DEL04-PR";"UOP02-DEL04-PR"
312990;2020-10-08;"quinta-feira";"19:12:00";"PR";369;81,9;"CORNELIO PROCOPIO";"Defeito Mecânico no Veículo";"Incêndio";"Sem Vítimas";"Plena Noite";"Crescente";"Céu Claro";"Simples";"Reta";"Não";1;0;0;0;1;0;0;1;-23,15172473;-50,59969068;"SPRF-PR";"DEL07-PR";"UOP01-DEL07-PR"
312996;2020-10-08;"quinta-feira";"13:00:00";"MA";10;259;"IMPERATRIZ";"Desobediência às normas de trânsito pelo condutor";"Colisão transversal";"Com Vítimas Feridas";"Pleno dia";"Decrescente";"Céu Claro";"Simples";"Aclive";"Não";2;0;0;1;1;0;1;2;-5,472474;-47,472221;"SPRF-MA";"DEL04-MA";"UOP01-DEL04-MA"
312998;2020-10-08;"quinta-feira";"19:50:00";"PR";376;596;"CURITIBA";"Defeito Mecânico no Veículo";"Colisão transversal";"Com Vítimas Feridas";"Plena Noite";"Crescente";"Garoa/Chuvisco";"Dupla";"Reta";"Sim";3;0;1;0;1;1;1;3;-25,50194708;-49,3415524;"SPRF-PR";"DEL01-PR";"UOP01-DEL01-PR"
313003;2020-10-08;"quinta-feira";"20:00:00";"MG";40;664,1;"CARANDAI";"Falta de Atenção do Pedestre";"Atropelamento de Pedestre";"Com Vítimas Feridas";"Plena Noite";"Crescente";"Céu Claro";"Simples";"Reta";"Não";3;0;0;1;1;1;1;3;-20,92945918;-43,8182805;"SPRF-MG";"DEL05-MG";"UOP02-DEL05-MG"
313009;2020-10-08;"quinta-feira";"21:10:00";"PR";277;354,8;"GUARAPUAVA";"Condutor Dormindo";"Colisão transversal";"Com Vítimas Feridas";"Plena Noite";"Crescente";"Céu Claro";"Simples";"Curva";"Não";4;0;2;0;0;2;2;4;-25,41362853;-51,55919597;"SPRF-PR";"DEL08-PR";"UOP01-DEL08-PR"
313010;2020-10-08;"quinta-feira";"16:20:00";"RO";364;223,9;"PIMENTA BUENO";"Defeito Mecânico no Veículo";"Colisão traseira";"Com Vítimas Feridas";"Pleno dia";"Crescente";"Céu Claro";"Simples";"Declive";"Não";2;0;1;0;1;0;1;2;-11,5202183;-61,34649821;"SPRF-RO";"DEL02-RO";"UOP02-DEL02-RO"
313013;2020-10-08;"quinta-feira";"17:30:00";"RS";386;372,9;"FAZENDA VILANOVA";"Velocidade Incompatível";"Colisão traseira";"Com Vítimas Feridas";"Anoitecer";"Decrescente";"Céu Claro";"Dupla";"Ponte";"Não";2;0;2;0;0;0;2;2;-29,6042;-51,811676;"SPRF-RS";"DEL04-RS";"UOP02-DEL04-RS"
313014;2020-10-08;"quinta-feira";"21:50:00";"GO";50;256;"CATALAO";"Falta de Atenção à Condução";"Colisão traseira";"Com Vítimas Feridas";"Plena Noite";"Crescente";"Céu Claro";"Dupla";"Reta";"Não";3;0;1;1;1;0;2;2;-18,0161;-47,8143;"SPRF-GO";"DEL06-GO";"UOP01-DEL06-GO"
313017;2020-10-08;"quinta-feira";"22:00:00";"MG";40;519;"RIBEIRAO DAS NEVES";"Condutor Dormindo";"Saída de leito carroçável";"Com Vítimas Feridas";"Plena Noite";"Decrescente";"Céu Claro";"Dupla";"Reta";"Não";2;0;1;0;0;1;1;2;-19,83957589;-44,07684485;"SPRF-MG";"DEL01-MG";"UOP02-DEL01-MG"
313018;2020-10-08;"quinta-feira";"22:00:00";"PR";277;197,2;"PALMEIRA";"Falta de Atenção à Condução";"Colisão frontal";"Com Vítimas Feridas";"Plena Noite";"Decrescente";"Nevoeiro/Neblina";"Simples";"Reta";"Não";3;0;1;1;0;1;2;3;-25,44144283;-50,17659008;"SPRF-PR";"DEL03-PR";"UOP03-DEL03-PR"
313019;2020-10-08;"quinta-feira";"23:00:00";"MG";40;780,6;"JUIZ DE FORA";"Condutor Dormindo";"Saída de leito carroçável";"Com Vítimas Feridas";"Plena Noite";"Crescente";"Céu Claro";"Dupla";"Interseção de Vias";"Sim";3;0;0;1;0;2;1;2;-21,67939981;-43,44987329;"SPRF-MG";"DEL05-MG";"UOP01-DEL05-MG"
313021;2020-10-08;"quinta-feira";"20:30:00";"SC";101;368;"ICARA";"Desobediência às normas de trânsito pelo condutor";"Colisão com objeto estático";"Com Vítimas Feridas";"Plena Noite";"Decrescente";"Céu Claro";"Múltipla";"Curva";"Sim";4;0;0;2;2;0;2;3;-28,6957326;-49,17347228;"SPRF-SC";"DEL02-SC";"UOP01-DEL02-SC"
313022;2020-10-08;"quinta-feira";"23:30:00";"MG";40;812,8;"MATIAS BARBOSA";"Falta de Atenção à Condução";"Colisão traseira";"Com Vítimas Feridas";"Plena Noite";"Crescente";"Céu Claro";"Dupla";"Aclive;Reta";"Não";4;0;0;2;2;0;2;2;-21,88425389;-43,32016989;"SPRF-MG";"DEL05-MG";"UOP01-DEL05-MG"