"id";"data_inversa";"dia_semana";"horario";"uf";"br";"km";"municipio";"causa_acidente";"tipo_acidente";"classificacao_acidente";"fase_dia";"sentido_via";"condicao_metereologica";"tipo_pista";"tracado_via";"uso_solo";"pessoas";"mortos";"feridos_leves";"feridos_graves";"ilesos";"ignorados";"feridos";"veiculos";"latitude";"longitude";"regional";"delegacia";"uop"
313025;2020-10-08;"quinta-feira";"23:10:00";"SC";470;55;"BLUMENAU";"Desobediência às normas de trânsito pelo condutor";"Colisão transversal";"Com Vítimas Feridas";"Plena Noite";"Crescente";"Chuva";"Simples";"Curva";"Não";3;0;0;1;1;1;1;3;-26,875601;-49,117992;"SPRF-SC";"DEL04-SC";"UOP01-DEL04-SC"
313026;2020-10-09;"sexta-feira";"00:12:00";"SP";153;82,3;"BADY BASSITT";"Desobediência às normas de trânsito pelo condutor";"Colisão frontal";"Com Vítimas Feridas";"Plena Noite";"Crescente";"Céu Claro";"Simples";"Reta";"Não";5;0;3;0;1;3;3;5;-20,91678258;-49,49721334;"SPRF-SP";"DEL09-SP";"UOP01-DEL09-SP"
313028;2020-09-22;"terça-feira";"10:35:00";"MT";163;771;"SORRISO";"Falta de Atenção à Condução";"Engavetamento";"Com Vítimas Feridas";"Pleno dia";"Decrescente";"Nublado";"Simples";"Reta";"Não";6;0;1;0;4;5;1;8;-12,41477281;-55,63357472;"SPRF-MT";"DEL06-MT";"UOP01-DEL06-MT"
313029;2020-10-09;"sexta-feira";"00:10:00";"SP";116;342;"MIRACATU";"Desobediência às normas de trânsito pelo condutor";"Colisão traseira";"Com Vítimas Fatais";"Plena Noite";"Crescente";"Céu Claro";"Dupla";"Reta";"Não";4;1;0;1;1;2;1;4;-24,01625202;-47,16797896;"SPRF-SP";"DEL04-SP";"UOP02-DEL04-SP"
313030;2020-10-09;"sexta-feira";"00:40:00";"PR";277;18,6;"PARANAGUA";"Desobediência às normas de trânsito pelo condutor";"Colisão traseira";"Com Vítimas Fatais";"Plena Noite";"Crescente";"Chuva";"Dupla";"Reta";"Não";3;1;0;0;1;2;0;4;-25,53865;-48,694597;"SPRF-PR";"DEL01-PR";"UOP05-DEL01-PR"
313035;2020-10-08;"quinta-feira";"22:43:00";"MG";40;588;"ITABIRITO";"Falta de Atenção à Condução";"Tombamento";"Com Vítimas Feridas";"Plena Noite";"Crescente";"Céu Claro";"Simples";"Curva";"Não";2;0;2;0;0;0;2;1;-20,35149094;-43,91313094;"SPRF-MG";"DEL01-MG";"UOP02-DEL01-MG"
313037;2020-10-09;"sexta-feira";"00:40:00";"SP";116;305;"SAO LOURENCO DA SERRA";"Não guardar distância de segurança";"Colisão lateral";"Sem Vítimas";"Plena Noite";"Crescente";"Nevoeiro/Neblina";"Dupla";"Reta";"Não";2;0;0;0;1;1;0;2;-23,84287313;-46,93238591;"SPRF-SP";"DEL04-SP";"UOP01-DEL04-SP"
313041;2020-10-09;"sexta-feira";"00:30:00";"RJ";101;293,5;"ITABORAI";"Avarias e/ou desgaste excessivo no pneu";"Tombamento";"Sem Vítimas";"Plena Noite";"Crescente";"Chuva";"Dupla";"Curva";"Sim";2;0;0;0;1;1;0;2;-22,756203;-42,88724;"SPRF-RJ";"DEL02-RJ";"UOP02-DEL02-RJ"
313046;2020-10-09;"sexta-feira";"00:00:00";"BA";116;887;"CANDIDO SALES";"Condutor Dormindo";"Tombamento";"Sem Vítimas";"Plena Noite";"Decrescente";"Céu Claro";"Simples";"Reta";"Não";1;0;0;0;1;0;0;1;-15,342;-41,163;"SPRF-BA";"DEL08-BA";"UOP03-DEL08-BA"
313047;2020-10-09;"sexta-feira";"01:40:00";"PR";277;22;"PARANAGUA";"Defeito Mecânico no Veículo";"Incêndio";"Sem Vítimas";"Plena Noite";"Decrescente";"Chuva";"Dupla";"Reta";"Não";2;0;0;0;1;1;0;2;-25,54566194;-48,67953696;"SPRF-PR";"DEL01-PR";"UOP05-DEL01-PR"
313050;2020-10-09;"sexta-feira";"03:45:00";"DF";20;1,9;"BRASILIA";"Ingestão de Álcool";"Colisão traseira";"Sem Vítimas";"Plena Noite";"Decrescente";"Céu Claro";"Simples";"Reta";"Sim";2;0;0;0;2;0;0;2;-15,685814;-47,849838;"SPRF-DF";"DEL02-DF";"UOP01-DEL02-DF"
313052;2020-10-09;"sexta-feira";"04:20:00";"SP";116;148;"SAO JOSE DOS CAMPOS";"Condutor Dormindo";"Colisão traseira";"Com Vítimas Feridas";"Plena Noite";"Crescente";"Nublado";"Dupla";"Reta";"Sim";2;0;1;0;1;0;1;2;-23,20067421;-45,8795018;"SPRF-SP";"DEL02-SP";"UOP01-DEL02-SP"
313064;2020-10-09;"sexta-feira";"05:20:00";"BA";20;75;"SAO DESIDERIO";"Falta de Atenção à Condução";"Colisão traseira";"Com Vítimas Feridas";"Amanhecer";"Decrescente";"Céu Claro";"Simples";"Aclive";"Não";4;0;0;1;0;4;1;5;-12,950992;-45,986432;"SPRF-BA";"DEL10-BA";"UOP01-DEL10-BA"
313065;2020-10-09;"sexta-feira";"04:00:00";"MG";116;231,4;"TEOFILO OTONI";"Condutor Dormindo";"Colisão traseira";"Com Vítimas Feridas";"Plena Noite";"Crescente";"Céu Claro";"Simples";"Reta";"Não";2;0;1;0;1;0;1;2;-17,49572794;-41,49320186;"SPRF-MG";"DEL11-MG";"UOP01-DEL11-MG"
313066;2020-10-09;"sexta-feira";"06:55:00";"PB";230;194,3;"POCINHOS";"Falta de Atenção à Condução";"Colisão frontal";"Com Vítimas Fatais";"Pleno dia";"Decrescente";"Céu Claro";"Simples";"Aclive";"Não";2;1;0;0;1;0;0;2;-7,1226;-36,1868;"SPRF-PB";"DEL02-PB";"UOP02-DEL02-PB"
313068;2020-10-09;"sexta-feira";"06:50:00";"SC";101;257;"PAULO LOPES";"Falta de Atenção à Condução";"Colisão lateral";"Com Vítimas Feridas";"Pleno dia";"Decrescente";"Céu Claro";"Dupla";"Reta";"Sim";4;0;2;0;1;1;2;3;-27,99701205;-48,68755194;"SPRF-SC";"DEL02-SC";"UOP03-DEL02-SC"
313069;2020-10-09;"sexta-feira";"04:30:00";"MT";174;416;"NOVA LACERDA";"Falta de Atenção à Condução";"Saída de leito carroçável";"Com Vítimas Feridas";"Pleno dia";"Crescente";"Céu Claro";"Simples";"Reta";"Não";1;0;1;0;0;0;1;1;-14,26247581;-59,68600682;"SPRF-MT";"DEL04-MT";"UOP01-DEL04-MT"
313070;2020-10-09;"sexta-feira";"06:10:00";"CE";20;432,6;"EUSEBIO";"Ingestão de Álcool";"Saída de leito carroçável";"Com Vítimas Fatais";"Amanhecer";"Decrescente";"Céu Claro";"Dupla";"Declive;Reta";"Sim";7;1;3;2;1;0;5;2;-3,86509542;-38,47394055;"SPRF-CE";"DEL01-CE";"UOP02-DEL01-CE"
313073;2020-10-09;"sexta-feira";"06:00:00";"MT";163;1110;"GUARANTA DO NORTE";"Velocidade Incompatível";"Tombamento";"Com Vítimas Fatais";"Amanhecer";"Crescente";"Céu Claro";"Simples";"Curva;Declive";"Não";3;1;1;0;0;2;1;3;-9,6833648;-54,88045563;"SPRF-MT";"DEL06-MT";"NPF/DEL06-MT"
313094;2020-10-09;"sexta-feira";"07:50:00";"MG";381;484;"BETIM";"Não guardar distância de segurança";"Engavetamento";"Com Vítimas Feridas";"Pleno dia";"Decrescente";"Sol";"Dupla";"Reta";"Sim";4;0;0;1;3;0;1;4;-19,95531717;-44,11722196;"SPRF-MG";"DEL01-MG";"UOP03-DEL01-MG"
313105;2020-10-09;"sexta-feira";"09:45:00";"RS";116;397;"CAMAQUA";"Desobediência às normas de trânsito pelo condutor";"Colisão lateral";"Com Vítimas Feridas";"Pleno dia";"Decrescente";"Céu Claro";"Dupla";"Reta";"Sim";3;0;1;0;2;0;1;3;-30,85668978;-51,7840381;"SPRF-RS";"DEL02-RS";"UOP02-DEL02-RS"
313109;2020-10-09;"sexta-feira";"08:00:00";"MT";163;950;"NOVA SANTA HELENA";"Defeito Mecânico no Veículo";"Colisão com objeto em movimento";"Com Vítimas Feridas";"Pleno dia";"Crescente";"Sol";"Simples";"Aclive";"Não";11;0;2;0;8;2;2;5;-10,89830788;-55,19881845;"SPRF-MT";"DEL06-MT";"NPF/DEL06-MT"
313116;2020-10-09;"sexta-feira";"07:45:00";"SC";116;34,7;"ITAIOPOLIS";"Velocidade Incompatível";"Tombamento";"Com Vítimas Feridas";"Pleno dia";"Crescente";"Nublado";"Simples";"Declive;Reta";"Não";2;0;1;0;0;1;1;2;-26,33118709;-49,99664695;"SPRF-SC";"DEL06-SC";"UOP01-DEL06-SC"
313125;2020-07-02;"quinta-feira";"15:50:00";"SP";153;60,7;"SAO JOSE DO RIO PRETO";"Falta de Atenção à Condução";"Colisão lateral";"Com Vítimas Feridas";"Pleno dia";"Decrescente";"Céu Claro";"Dupla";"Reta";"Sim";3;0;0;1;1;2;1;4;-20,79627979;-49,35480206;"SPRF-SP";"DEL09-SP";"UOP01-DEL09-SP"
313132;2020-10-09;"sexta-feira";"12:10:00";"MG";251;472,4;"FRANCISCO SA";"Velocidade Incompatível";"Colisão transversal";"Com Vítimas Fatais";"Pleno dia";"Crescente";"Céu Claro";"Simples";"Curva";"Não";4;1;1;0;1;3;1;5;-16,4669101;-43,43947986;"SPRF-MG";"DEL12-MG";"UOP01-DEL12-MG"
313143;2020-10-09;"sexta-feira";"12:32:00";"MA";135;21,7;"SAO LUIS";"Defeito Mecânico no Veículo";"Incêndio";"Sem Vítimas";"Pleno dia";"Decrescente";"Céu Claro";"Dupla";"Reta";"Não";2;0;0;0;1;1;0;2;-2,738702;-44,336989;"SPRF-MA";"DEL01-MA";"UOP01-DEL01-MA"
313144;2020-10-09;"sexta-feira";"12:45:00";"SC";101;114,7;"ITAJAI";"Falta de Atenção à Condução";"Colisão traseira";"Com Vítimas Feridas";"Pleno dia";"Crescente";"Chuva";"Simples";"Reta";"Não";3;0;1;0;1;1;1;3;-26,86192886;-48,7286704;"SPRF-SC";"DEL04-SC";"UOP04-DEL04-SC"
313147;2020-10-09;"sexta-feira";"13:40:00";"MA";135;14;"SAO LUIS";"Carga excessiva e/ou mal acondicionada";"Tombamento";"Sem Vítimas";"Pleno dia";"Decrescente";"Céu Claro";"Dupla";"Curva";"Não";2;0;0;0;1;3;0;4;-2,5815998;-44,34734344;"SPRF-MA";"DEL01-MA";"UOP01-DEL01-MA"
313150;2020-10-09;"sexta-feira";"12:00:00";"MT";163;838,4;"SINOP";"Falta de Atenção à Condução";"Saída de leito carroçável";"Sem Vítimas";"Pleno dia";"Crescente";"Céu Claro";"Dupla";"Retorno Regulamentado";"Sim";4;0;0;0;3;6;0;9;-11,960007;-55,516914;"SPRF-MT";"DEL06-MT";"NPF/DEL06-MT"
313157;2020-10-09;"sexta-feira";"15:00:00";"MG";40;557,6;"NOVA LIMA";"Não guardar distância de segurança";"Colisão lateral";"Com Vítimas Feridas";"Pleno dia";"Crescente";"Céu Claro";"Dupla";"Aclive;Reta";"Sim";4;0;0;1;0;3;1;4;-20,10255103;-43,9749284;"SPRF-MG";"DEL01-MG";"UOP02-DEL01-MG"
313162;2020-10-09;"sexta-feira";"15:00:00";"RS";472;579,1;"URUGUAIANA";"Desobediência às normas de trânsito pelo condutor";"Colisão lateral";"Com Vítimas Fatais";"Pleno dia";"Crescente";"Céu Claro";"Simples";"Reta";"Sim";4;1;0;1;1;1;1;3;-29,786385;-57,079051;"SPRF-RS";"DEL13-RS";"UOP01-DEL13-RS"
313166;2020-10-09;"sexta-feira";"15:40:00";"MG";40;714;"BARBACENA";"Falta de Atenção à Condução";"Colisão lateral";"Com Vítimas Feridas";"Pleno dia";"Decrescente";"Chuva";"Dupla";"Reta";"Não";3;0;2;0;1;0;2;2;-21,24829882;-43,67987366;"SPRF-MG";"DEL05-MG";"UOP02-DEL05-MG"
313168;2020-10-09;"sexta-feira";"14:00:00";"MG";364;33,5;"FRUTAL";"Defeito Mecânico no Veículo";"Derramamento de carga";"Com Vítimas Feridas";"Pleno dia";"Decrescente";"Chuva";"Simples";"Declive";"Não";6;0;0;2;3;3;2;7;-20,025185;-48,94096;"SPRF-MG";"DEL13-MG";"UOP02-DEL13-MG"
313178;2020-10-09;"sexta-feira";"14:00:00";"GO";20;46;"FORMOSA";"Condutor Dormindo";"Colisão lateral";"Com Vítimas Feridas";"Pleno dia";"Crescente";"Céu Claro";"Simples";"Reta";"Não";3;0;1;0;1;1;1;3;-15,359612;-47,111183;"SPRF-DF";"DEL02-DF";"UOP01-DEL02-DF"
313195;2020-10-09;"sexta-feira";"15:35:00";"MT";364;1226,5;"COMODORO";"Desobediência às normas de trânsito pelo condutor";"Colisão lateral";"Com Vítimas Fatais";"Pleno dia";"Decrescente";"Céu Claro";"Simples";"Reta";"Não";8;2;0;2;3;3;2;5;-13,8191612;-59,56279395;"SPRF-MT";"DEL04-MT";"UOP01-DEL04-MT"
313206;2020-10-09;"sexta-feira";"11:40:00";"SC";282;584,5;"PINHALZINHO";"Falta de Atenção à Condução";"Colisão frontal";"Com Vítimas Feridas";"Pleno dia";"Crescente";"Chuva";"Simples";"Declive";"Não";3;0;0;1;2;0;1;3;-26,831865;-53,016579;"SPRF-SC";"DEL07-SC";"UOP02-DEL07-SC"
313217;2020-10-09;"sexta-feira";"18:15:00";"GO";153;590,1;"PIRACANJUBA";"Condutor Dormindo";"Colisão traseira";"Com Vítimas Feridas";"Plena Noite";"Crescente";"Céu Claro";"Dupla";"Reta;Aclive";"Não";2;0;1;0;1;0;1;2;-17,4675;-49,2187;"SPRF-GO";"DEL03-GO";"UOP01-DEL03-GO"
313221;2020-10-09;"sexta-feira";"09:50:00";"MA";135;95;"ITAPECURU MIRIM";"Falta de Atenção à Condução";"Colisão transversal";"Sem Vítimas";"Pleno dia";"Crescente";"Céu Claro";"Simples";"Interseção de Vias";"Sim";3;0;0;0;2;1;0;3;-3,3279719;-44,44236412;"SPRF-MA";"DEL01-MA";"UOP02-DEL01-MA"
313223;2020-10-09;"sexta-feira";"17:15:00";"SC";101;118,3;"ITAJAI";"Desobediência às normas de trânsito pelo condutor";"Colisão lateral";"Com Vítimas Fatais";"Pleno dia";"Crescente";"Nublado";"Dupla";"Reta";"Sim";4;1;0;0;2;2;0;5;-26,895859;-48,71903;"SPRF-SC";"DEL04-SC";"UOP04-DEL04-SC"
313226;2020-10-09;"sexta-feira";"05:47:00";"MT";70;135;"GENERAL CARNEIRO";"Defeito Mecânico no Veículo";"Incêndio";"Sem Vítimas";"Plena Noite";"Decrescente";"Céu Claro";"Simples";"Aclive;Reta";"Não";1;0;0;0;1;0;0;1;-15,59435725;-53,23765003;"SPRF-MT";"DEL07-MT";"UOP01-DEL07-MT"
313228;2020-10-09;"sexta-feira";"18:45:00";"RS";116;244;"SAO LEOPOLDO";"Desobediência às normas de trânsito pelo condutor";"Tombamento";"Com Vítimas Feridas";"Anoitecer";"Crescente";"Céu Claro";"Dupla";"Reta";"Sim";4;0;1;0;1;2;1;4;-29,74088003;-51,15039566;"SPRF-RS";"DEL01-RS";"UOP02-DEL01-RS"
313237;2020-10-09;"sexta-feira";"19:00:00";"BA";101;734;"ITABELA";"Ingestão de Álcool";"Colisão frontal";"Com Vítimas Feridas";"Plena Noite";"Decrescente";"Céu Claro";"Simples";"Aclive;Curva";"Não";6;0;1;1;3;2;2;6;-16,65979108;-39,51564825;"SPRF-BA";"DEL09-BA";"UOP01-DEL09-BA"
313245;2020-10-09;"sexta-feira";"06:30:00";"MT";364;139;"PEDRA PRETA";"Carga excessiva e/ou mal acondicionada";"Tombamento";"Com Vítimas Feridas";"Amanhecer";"Decrescente";"Sol";"Simples";"Curva;Aclive";"Não";2;0;1;0;0;2;1;3;-16,80094529;-54,1099251;"SPRF-MT";"DEL02-MT";"UOP01-DEL02-MT"
313250;2020-10-09;"sexta-feira";"19:22:00";"MG";40;572;"ITABIRITO";"Desobediência às normas de trânsito pelo condutor";"Colisão lateral";"Com Vítimas Feridas";"Plena Noite";"Crescente";"Nublado";"Simples";"Reta";"Sim";3;0;1;0;1;1;1;3;-20,23058501;-43,96905104;"SPRF-MG";"DEL01-MG";"UOP02-DEL01-MG"
313260;2020-10-09;"sexta-feira";"20:15:00";"RS";386;168,8;"CARAZINHO";"Defeito Mecânico no Veículo";"Incêndio";"Sem Vítimas";"Plena Noite";"Crescente";"Nublado";"Simples";"Reta";"Não";2;0;0;0;1;1;0;2;-28,222359;-52,821266;"SPRF-RS";"DEL08-RS";"UOP01-DEL08-RS"
313270;2020-10-09;"sexta-feira";"16:10:00";"BA";324;575;"SAO SEBASTIAO DO PASSE";"Falta de Atenção à Condução";"Engavetamento";"Com Vítimas Feridas";"Pleno dia";"Decrescente";"Céu Claro";"Dupla";"Reta";"Não";7;0;1;0;5;1;1;6;-12,57298496;-38,54513072;"SPRF-BA";"DEL01-BA";"UOP01-DEL01-BA"
313272;2020-10-09;"sexta-feira";"21:00:00";"PR";376;530;"PONTA GROSSA";"Não guardar distância de segurança";"Colisão traseira";"Com Vítimas Feridas";"Plena Noite";"Crescente";"Céu Claro";"Dupla";"Aclive";"Não";6;0;1;0;4;1;1;4;-25,299614;-49,891834;"SPRF-PR";"DEL03-PR";"UOP04-DEL03-PR"
313274;2020-10-09;"sexta-feira";"19:25:00";"SC";280;131;"RIO NEGRINHO";"Velocidade Incompatível";"Colisão com objeto estático";"Sem Vítimas";"Plena Noite";"Crescente";"Céu Claro";"Simples";"Rotatória";"Sim";1;0;0;0;1;0;0;1;-26,25581515;-49,53953493;"SPRF-SC";"DEL06-SC";"UOP03-DEL06-SC"
313284;2020-10-09;"sexta-feira";"22:10:00";"MG";251;472,4;"FRANCISCO SA";"Defeito Mecânico no Veículo";"Saída de leito carroçável";"Com Vítimas Feridas";"Plena Noite";"Crescente";"Céu Claro";"Simples";"Curva";"Não";37;0;31;3;1;2;34;5;-16,4669101;-43,43947986;"SPRF-MG";"DEL12-MG";"UOP01-DEL12-MG"
313285;2020-10-09;"sexta-feira";"18:15:00";"PR";153;403,8;"MALLET";"Falta de Atenção à Condução";"Colisão transversal";"Com Vítimas Feridas";"Anoitecer";"Crescente";"Garoa/Chuvisco";"Simples";"Declive;Curva";"Não";3;0;0;1;2;0;1;2;-25,99367208;-50,83820081;"SPRF-PR";"DEL02-PR";"UOP04-DEL02-PR"
313287;2020-10-09;"sexta-feira";"19:35:00";"MG";381;705,5;"LAVRAS";"Velocidade Incompatível";"Saída de leito carroçável";"Com Vítimas Feridas";"Plena Noite";"Crescente";"Chuva";"Dupla";"Curva";"Não";5;0;1;0;4;0;1;4;-21,34965018;-45,17946289;"SPRF-MG";"DEL04-MG";"UOP02-DEL04-MG"
313288;2020-10-09;"sexta-feira";"19:30:00";"MS";262;234;"RIBAS DO RIO PARDO";"Falta de Atenção do Pedestre";"Atropelamento de Pedestre";"Com Vítimas Feridas";"Plena Noite";"Crescente";"Céu Claro";"Simples";"Reta";"Sim";2;0;1;0;1;0;1;2;-20,46093745;-53,70889786;"SPRF-MS";"DEL01-MS";"UOP01-DEL01-MS"
313297;2020-10-09;"sexta-feira";"19:15:00";"SC";116;174,5;"SAO CRISTOVAO DO SUL";"Falta de Atenção à Condução";"Tombamento";"Com Vítimas Fatais";"Plena Noite";"Decrescente";"Nublado";"Simples";"Declive;Curva";"Não";2;1;0;0;0;1;0;2;-27,22552273;-50,46649712;"SPRF-SC";"DEL05-SC";"UOP03-DEL05-SC"
313302;2020-10-09;"sexta-feira";"19:35:00";"SC";101;332;"TUBARAO";"Desobediência às normas de trânsito pelo condutor";"Engavetamento";"Com Vítimas Feridas";"Plena Noite";"Decrescente";"Garoa/Chuvisco";"Dupla";"Reta";"Sim";4;0;1;0;1;2;1;4;-28,46016431;-48,98968873;"SPRF-SC";"DEL02-SC";"UOP01-DEL02-SC"
313304;2020-09-18;"sexta-feira";"09:05:00";"RN";304;296,2;"MACAIBA";"Falta de Atenção à Condução";"Colisão traseira";"Com Vítimas Fatais";"Pleno dia";"Crescente";"Céu Claro";"Simples";"Reta;Ponte";"Sim";2;1;0;0;1;0;0;2;-5,86484905;-35,34931012;"SPRF-RN";"DEL01-RN";"UOP02-DEL01-RN"
313306;2020-10-09;"sexta-feira";"21:30:00";"SC";470;259,4;"CURITIBANOS";"Velocidade Incompatível";"Tombamento";"Com Vítimas Feridas";"Plena Noite";"Decrescente";"Céu Claro";"Simples";"Curva;Declive";"Não";2;0;1;0;0;1;1;2;-27,303122;-50,661118;"SPRF-SC";"DEL05-SC";"UOP03-DEL05-SC"
313316;2020-10-09;"sexta-feira";"19:00:00";"MG";40;454,9;"CAETANOPOLIS";"Velocidade Incompatível";"Colisão com objeto estático";"Com Vítimas Feridas";"Plena Noite";"Crescente";"Garoa/Chuvisco";"Dupla";"Declive;Curva";"Não";1;0;0;1;0;0;1;1;-19,35623;-44,34897;"SPRF-MG";"DEL02-MG";"UOP01-DEL02-MG"
313317;2020-10-10;"sábado";"00:40:00";"CE";116;55,8;"PACAJUS";"Ingestão de Álcool";"Colisão frontal";"Com Vítimas Feridas";"Plena Noite";"Decrescente";"Céu Claro";"Simples";"Reta";"Não";3;0;1;0;1;1;1;3;-4,20364195;-38,47065421;"SPRF-CE";"DEL03-CE";"UOP02-DEL03-CE"
313319;2020-10-09;"sexta-feira";"23:20:00";"MT";364;489;"JANGADA";"Pista Escorregadia";"Saída de leito carroçável";"Com Vítimas Feridas";"Plena Noite";"Crescente";"Chuva";"Simples";"Reta";"Não";1;0;1;0;0;0;1;1;-15,3335332;-56,4223274;"SPRF-MT";"DEL01-MT";"UOP02-DEL01-MT"
313322;2020-10-10;"sábado";"01:20:00";"GO";20;46;"FORMOSA";"Ingestão de Álcool";"Colisão frontal";"Com Vítimas Feridas";"Plena Noite";"Crescente";"Céu Claro";"Simples";"Reta";"Não";4;0;1;0;1;3;1;5;-15,359612;-47,111183;"SPRF-DF";"DEL02-DF";"UOP01-DEL02-DF"
313325;2020-10-10;"sábado";"00:45:00";"SP";381;88;"GUARULHOS";"Não guardar distância de segurança";"Colisão traseira";"Sem Vítimas";"Plena Noite";"Decrescente";"Nublado";"Dupla";"Curva";"Não";2;0;0;0;1;1;0;2;-23,47469314;-46,56112919;"SPRF-SP";"DEL03-SP";"UOP01-DEL03-SP"
313328;2020-10-10;"sábado";"02:20:00";"MG";262;791;"UBERABA";"Velocidade Incompatível";"Colisão com objeto estático";"Sem Vítimas";"Plena Noite";"Crescente";"Céu Claro";"Simples";"Curva";"Não";2;0;0;0;1;3;0;4;-19,76328194;-47,85919501;"SPRF-MG";"DEL13-MG";"UOP01-DEL13-MG"
313330;2020-10-10;"sábado";"03:00:00";"PR";376;171;"MARINGA";"Falta de Atenção à Condução";"Colisão transversal";"Sem Vítimas";"Plena Noite";"Crescente";"Céu Claro";"Dupla";"Declive";"Não";2;0;0;0;2;0;0;2;-23,41822772;-51,97500595;"SPRF-PR";"DEL09-PR";"UOP01-DEL09-PR"
313334;2020-10-09;"sexta-feira";"22:40:00";"PI";135;173,2;"MANOEL EMIDIO";"Condutor Dormindo";"Saída de leito carroçável";"Com Vítimas Feridas";"Plena Noite";"Crescente";"Céu Claro";"Simples";"Reta";"Não";1;0;1;0;0;0;1;1;-7,97343899;-43,86039803;"SPRF-PI";"DEL03-PI";"UOP01-DEL03-PI"
313335;2020-10-10;"sábado";"04:25:00";"RS";392;64,2;"PELOTAS";"Falta de Atenção à Condução";"Colisão com objeto estático";"Com Vítimas Fatais";"Plena Noite";"Crescente";"Céu Claro";"Dupla";"Reta";"Não";6;1;0;0;4;2;0;5;-31,76661908;-52,37161303;"SPRF-RS";"DEL07-RS";"UOP01-DEL07-RS"
313338;2020-10-10;"sábado";"03:50:00";"PB";101;11,8;"MAMANGUAPE";"Velocidade Incompatível";"Colisão com objeto estático";"Com Vítimas Feridas";"Amanhecer";"Decrescente";"Céu Claro";"Dupla";"Declive;Curva";"Sim";2;0;0;1;0;2;1;3;-6,59256898;-35,14508356;"SPRF-PB";"DEL01-PB";"UOP04-DEL01-PB"
313343;2020-10-09;"sexta-feira";"23:05:00";"GO";20;76,6;"VILA BOA";"Fenômenos da Natureza";"Incêndio";"Sem Vítimas";"Plena Noite";"Decrescente";"Ignorado";"Simples";"Curva";"Não";2;0;0;0;1;1;0;2;-15,119323;-47,125378;"SPRF-DF";"DEL02-DF";"UOP01-DEL02-DF"
313347;2020-10-09;"sexta-feira";"18:30:00";"MG";365;466;"PATROCINIO";"Defeito Mecânico no Veículo";"Tombamento";"Sem Vítimas";"Plena Noite";"Crescente";"Céu Claro";"Simples";"Reta";"Não";1;0;0;0;1;0;0;1;-18,89347161;-46,94051921;"SPRF-MG";"DEL10-MG";"UOP01-DEL10-MG"
313351;2020-10-09;"sexta-feira";"23:45:00";"SC";470;332;"CAMPOS NOVOS";"Falta de Atenção à Condução";"Colisão lateral";"Com Vítimas Feridas";"Plena Noite";"Crescente";"Céu Claro";"Simples";"Curva";"Não";3;0;1;0;1;1;1;3;-27,48512636;-51,31507874;"SPRF-SC";"DEL07-SC";"UOP06-DEL07-SC"
313356;2020-10-10;"sábado";"05:30:00";"GO";60;185,3;"ABADIA DE GOIAS";"Defeito Mecânico no Veículo";"Colisão traseira";"Com Vítimas Feridas";"Amanhecer";"Crescente";"Céu Claro";"Dupla";"Curva;Aclive";"Não";3;0;0;1;1;4;1;6;-16,7956;-49,51;"SPRF-GO";"DEL01-GO";"UOP02-DEL01-GO"
313358;2020-10-10;"sábado";"04:20:00";"RJ";116;166;"RIO DE JANEIRO";"Falta de Atenção à Condução";"Colisão traseira";"Com Vítimas Feridas";"Amanhecer";"Decrescente";"Céu Claro";"Múltipla";"Reta";"Sim";4;0;0;1;3;0;1;4;-22,81560263;-43,30051808;"SPRF-RJ";"DEL01-RJ";"UOP01-DEL01-RJ"
313365;2020-10-10;"sábado";"01:00:00";"MG";116;638,5;"DIVINO";"Desobediência às normas de trânsito pelo condutor";"Colisão traseira";"Com Vítimas Feridas";"Plena Noite";"Crescente";"Garoa/Chuvisco";"Simples";"Reta";"Não";4;0;1;1;1;1;2;3;-20,63865095;-42,23648111;"SPRF-MG";"DEL07-MG";"UOP03-DEL07-MG"
313366;2020-10-10;"sábado";"06:55:00";"SC";116;50,5;"PAPANDUVA";"Desobediência às normas de trânsito pelo condutor";"Colisão frontal";"Com Vítimas Feridas";"Amanhecer";"Crescente";"Nevoeiro/Neblina";"Simples";"Reta";"Não";3;0;0;1;1;2;1;4;-26,37798337;-50,13162356;"SPRF-SC";"DEL06-SC";"UOP01-DEL06-SC"
313369;2020-10-09;"sexta-feira";"19:35:00";"PR";373;387;"CANDOI";"Falta de Atenção à Condução";"Colisão frontal";"Com Vítimas Feridas";"Plena Noite";"Crescente";"Nublado";"Simples";"Curva";"Não";6;0;0;2;4;0;2;4;-25,49979711;-51,96126942;"SPRF-PR";"DEL08-PR";"UOP01-DEL08-PR"
313370;2020-10-10;"sábado";"00:00:00";"BA";101;400;"IBIRAPITANGA";"Desobediência às normas de trânsito pelo condutor";"Colisão lateral";"Com Vítimas Fatais";"Plena Noite";"Decrescente";"Céu Claro";"Simples";"Curva";"Não";5;1;0;0;1;3;0;3;-14,00588;-39,446838;"SPRF-BA";"DEL05-BA";"UOP03-DEL05-BA"
313372;2020-10-10;"sábado";"06:40:00";"MG";381;336,8;"NOVA ERA";"Pista Escorregadia";"Colisão frontal";"Com Vítimas Fatais";"Pleno dia";"Decrescente";"Chuva";"Simples";"Declive;Curva";"Não";2;1;0;0;1;0;0;2;-19,82119502;-43,07407899;"SPRF-MG";"DEL03-MG";"UOP01-DEL03-MG"