"id";"data_inversa";"dia_semana";"horario";"uf";"br";"km";"municipio";"causa_acidente";"tipo_acidente";"classificacao_acidente";"fase_dia";"sentido_via";"condicao_metereologica";"tipo_pista";"tracado_via";"uso_solo";"pessoas";"mortos";"feridos_leves";"feridos_graves";"ilesos";"ignorados";"feridos";"veiculos";"latitude";"longitude";"regional";"delegacia";"uop"
313382;2020-10-10;"sábado";"07:30:00";"PR";373;183,7;"PONTA GROSSA";"Velocidade Incompatível";"Tombamento";"Com Vítimas Feridas";"Pleno dia";"Decrescente";"Céu Claro";"Simples";"Retorno Regulamentado";"Não";3;0;1;0;1;1;1;2;-25,03935712;-50,2767641;"SPRF-PR";"DEL03-PR";"UOP04-DEL03-PR"
313385;2020-10-10;"sábado";"03:00:00";"RN";226;334,7;"PATU";"Ingestão de Álcool";"Colisão lateral";"Sem Vítimas";"Plena Noite";"Crescente";"Céu Claro";"Simples";"Reta";"Não";3;0;0;0;2;1;0;3;-6,09652255;-37,60527801;"SPRF-RN";"DEL04-RN";"UOP01-DEL04-RN"
313388;2020-10-10;"sábado";"07:20:00";"MG";262;519,7;"LUZ";"Defeito Mecânico no Veículo";"Saída de leito carroçável";"Com Vítimas Feridas";"Pleno dia";"Decrescente";"Chuva";"Simples";"Reta;Declive";"Não";1;0;1;0;0;0;1;1;-19,78455346;-45,65128326;"SPRF-MG";"DEL08-MG";"UOP03-DEL08-MG"
313389;2020-10-10;"sábado";"08:20:00";"SC";101;121,1;"ITAJAI";"Falta de Atenção à Condução";"Colisão traseira";"Com Vítimas Feridas";"Pleno dia";"Decrescente";"Sol";"Dupla";"Reta";"Não";3;0;2;0;1;0;2;2;-26,92103178;-48,70856446;"SPRF-SC";"DEL04-SC";"UOP04-DEL04-SC"
313399;2020-10-10;"sábado";"08:00:00";"PR";153;43;"SANTO ANTONIO DA PLATINA";"Falta de Atenção à Condução";"Colisão traseira";"Com Vítimas Feridas";"Pleno dia";"Crescente";"Céu Claro";"Dupla";"Reta";"Sim";3;0;1;0;1;2;1;4;-23,302118;-50,07031;"SPRF-PR";"DEL07-PR";"UOP04-DEL07-PR"
313402;2020-09-26;"sábado";"15:10:00";"BA";101;809;"ITAMARAJU";"Velocidade Incompatível";"Colisão frontal";"Com Vítimas Feridas";"Pleno dia";"Decrescente";"Céu Claro";"Simples";"Ponte;Reta";"Sim";2;0;0;1;1;0;1;2;-17,044421;-39,545956;"SPRF-BA";"DEL09-BA";"UOP02-DEL09-BA"
313404;2020-10-10;"sábado";"08:00:00";"MG";381;816,7;"CAREACU";"Condutor Dormindo";"Colisão traseira";"Com Vítimas Feridas";"Pleno dia";"Crescente";"Chuva";"Dupla";"Aclive;Curva";"Não";3;0;1;0;1;2;1;4;-22,04138388;-45,68655443;"SPRF-MG";"DEL16-MG";"UOP02-DEL16-MG"
313410;2020-10-10;"sábado";"06:40:00";"PR";277;485,6;"NOVA LARANJEIRAS";"Velocidade Incompatível";"Colisão com objeto estático";"Sem Vítimas";"Pleno dia";"Decrescente";"Céu Claro";"Simples";"Declive;Curva";"Não";2;0;0;0;1;1;0;2;-25,25892326;-52,62863897;"SPRF-PR";"DEL04-PR";"UOP02-DEL04-PR"
313421;2020-10-10;"sábado";"07:50:00";"MG";116;718,9;"MURIAE";"Velocidade Incompatível";"Colisão lateral";"Com Vítimas Feridas";"Pleno dia";"Crescente";"Chuva";"Simples";"Curva";"Não";4;0;2;0;1;1;2;3;-21,20105716;-42,38456726;"SPRF-MG";"DEL07-MG";"UOP02-DEL07-MG"
313429;2020-10-10;"sábado";"11:15:00";"TO";153;359;"FORTALEZA DO TABOCAO";"Ultrapassagem Indevida";"Colisão traseira";"Sem Vítimas";"Pleno dia";"Decrescente";"Nublado";"Simples";"Ponte";"Sim";2;0;0;0;2;0;0;2;-9,05540165;-48,51836964;"SPRF-TO";"DEL02-TO";"UOP02-DEL02-TO"
313436;2020-10-10;"sábado";"12:10:00";"RS";472;128,2;"TRES DE MAIO";"Ingestão de Álcool";"Colisão lateral";"Com Vítimas Feridas";"Pleno dia";"Decrescente";"Sol";"Simples";"Reta";"Não";3;0;1;0;1;1;1;3;-27,73793123;-54,20689702;"SPRF-RS";"DEL10-RS";"UOP01-DEL10-RS"
313438;2020-10-10;"sábado";"12:00:00";"SP";116;301,9;"SAO LOURENCO DA SERRA";"Não guardar distância de segurança";"Saída de leito carroçável";"Com Vítimas Feridas";"Pleno dia";"Crescente";"Céu Claro";"Dupla";"Reta";"Não";3;0;1;0;1;1;1;3;-23,81147602;-46,92298208;"SPRF-SP";"DEL04-SP";"UOP01-DEL04-SP"
313447;2020-10-10;"sábado";"11:30:00";"MT";364;213,4;"RONDONOPOLIS";"Fenômenos da Natureza";"Incêndio";"Sem Vítimas";"Pleno dia";"Decrescente";"Sol";"Dupla";"Reta";"Não";2;0;0;0;1;1;0;2;-16,40139601;-54,71543294;"SPRF-MT";"DEL02-MT";"UOP01-DEL02-MT"
313448;2020-10-10;"sábado";"12:30:00";"RS";471;172,5;"RIO PARDO";"Não guardar distância de segurança";"Colisão traseira";"Com Vítimas Feridas";"Pleno dia";"Decrescente";"Sol";"Simples";"Reta";"Sim";3;0;1;0;2;0;1;3;-29,9669354;-52,3698343;"SPRF-RS";"DEL02-RS";"UOP03-DEL02-RS"
313450;2020-10-10;"sábado";"10:25:00";"MT";364;119;"RONDONOPOLIS";"Falta de Atenção à Condução";"Colisão traseira";"Com Vítimas Feridas";"Pleno dia";"Crescente";"Céu Claro";"Dupla";"Reta";"Sim";4;0;1;1;1;1;2;3;-16,4167599;-54,7065762;"SPRF-MT";"DEL02-MT";"UOP02-DEL02-MT"
313465;2020-10-10;"sábado";"14:55:00";"BA";242;799;"BARREIRAS";"Falta de Atenção à Condução";"Colisão frontal";"Com Vítimas Feridas";"Pleno dia";"Crescente";"Chuva";"Simples";"Curva";"Sim";4;0;0;1;1;3;1;5;-12,16431607;-44,8756091;"SPRF-BA";"DEL10-BA";"UOP01-DEL10-BA"
313466;2020-10-10;"sábado";"12:20:00";"MG";50;179;"UBERABA";"Falta de Atenção à Condução";"Colisão lateral";"Sem Vítimas";"Pleno dia";"Crescente";"Sol";"Dupla";"Reta";"Sim";2;0;0;0;2;0;0;2;-19,77827047;-47,93140998;"SPRF-MG";"DEL13-MG";"UOP01-DEL13-MG"
313468;2020-10-10;"sábado";"14:25:00";"DF";20;18,1;"BRASILIA";"Falta de Atenção à Condução";"Saída de leito carroçável";"Com Vítimas Feridas";"Pleno dia";"Crescente";"Chuva";"Dupla";"Declive;Reta";"Sim";4;0;2;0;1;2;2;4;-15,616901;-47,708927;"SPRF-DF";"DEL02-DF";"UOP01-DEL02-DF"
313472;2020-10-10;"sábado";"13:00:00";"RJ";116;64;"TERESOPOLIS";"Velocidade Incompatível";"Tombamento";"Com Vítimas Feridas";"Pleno dia";"Decrescente";"Céu Claro";"Simples";"Curva";"Não";6;0;1;0;4;2;1;4;-22,26893308;-42,92498182;"SPRF-RJ";"DEL04-RJ";"UOP01-DEL04-RJ"
313473;2020-10-10;"sábado";"13:30:00";"MS";163;523;"JARAGUARI";"Falta de Atenção à Condução";"Colisão traseira";"Sem Vítimas";"Pleno dia";"Crescente";"Céu Claro";"Dupla";"Reta";"Não";3;0;0;0;1;2;0;3;-20,13578294;-54,44108158;"SPRF-MS";"DEL01-MS";"UOP02-DEL01-MS"
313474;2020-10-10;"sábado";"15:10:00";"SP";459;3,8;"PIQUETE";"Falta de Atenção à Condução";"Colisão frontal";"Com Vítimas Feridas";"Pleno dia";"Crescente";"Chuva";"Simples";"Curva";"Não";3;0;2;0;1;0;2;2;-22,571692;-45,216698;"SPRF-SP";"DEL08-SP";"UOP01-DEL08-SP"
313478;2020-10-10;"sábado";"15:30:00";"PI";135;579;"CORRENTE";"Desobediência às normas de trânsito pelo condutor";"Colisão frontal";"Com Vítimas Feridas";"Pleno dia";"Crescente";"Nublado";"Simples";"Reta";"Não";2;0;0;1;1;0;1;2;-10,37061994;-45,16516453;"SPRF-PI";"DEL03-PI";"UOP02-DEL03-PI"
313482;2020-10-10;"sábado";"15:10:00";"DF";80;13;"BRASILIA";"Defeito Mecânico no Veículo";"Colisão traseira";"Com Vítimas Feridas";"Pleno dia";"Crescente";"Céu Claro";"Simples";"Aclive";"Não";4;0;2;0;1;2;2;4;-15,728034;-48,193768;"SPRF-DF";"DEL03-DF";"UOP02-DEL03-DF"
313493;2020-10-10;"sábado";"16:20:00";"SC";101;208,5;"SAO JOSE";"Falta de Atenção à Condução";"Colisão lateral";"Com Vítimas Feridas";"Pleno dia";"Decrescente";"Nublado";"Dupla";"Declive";"Sim";3;0;1;1;1;0;2;2;-27,60327979;-48,63201818;"SPRF-SC";"DEL01-SC";"UOP01-DEL01-SC"
313494;2020-10-10;"sábado";"16:15:00";"AL";101;119;"SAO MIGUEL DOS CAMPOS";"Velocidade Incompatível";"Colisão frontal";"Com Vítimas Feridas";"Pleno dia";"Crescente";"Céu Claro";"Dupla";"Desvio Temporário";"Não";5;0;3;0;1;2;3;4;-9,67373838;-36,03196959;"SPRF-AL";"DEL02-AL";"UOP01-DEL02-AL"
313497;2020-10-10;"sábado";"15:40:00";"DF";20;3;"BRASILIA";"Pista Escorregadia";"Saída de leito carroçável";"Com Vítimas Feridas";"Pleno dia";"Crescente";"Chuva";"Dupla";"Declive";"Sim";2;0;1;0;1;0;1;1;-15,679851;-47,832211;"SPRF-DF";"DEL02-DF";"UOP01-DEL02-DF"
313500;2020-10-10;"sábado";"16:40:00";"SP";116;181;"GUARAREMA";"Ingestão de álcool e/ou substâncias psicoativas pelo pedestre";"Colisão traseira";"Com Vítimas Feridas";"Pleno dia";"Crescente";"Céu Claro";"Dupla";"Reta";"Não";3;0;1;0;1;1;1;3;-23,34071022;-46,15361889;"SPRF-SP";"DEL02-SP";"UOP01-DEL02-SP"
313501;2020-10-10;"sábado";"16:00:00";"BA";242;798;"BARREIRAS";"Falta de Atenção à Condução";"Tombamento";"Sem Vítimas";"Pleno dia";"Decrescente";"Chuva";"Simples";"Declive";"Sim";3;0;0;0;1;4;0;5;-12,11996698;-45,04041553;"SPRF-BA";"DEL10-BA";"UOP01-DEL10-BA"
313507;2020-10-10;"sábado";"14:15:00";"MT";364;260;"JUSCIMEIRA";"Fenômenos da Natureza";"Incêndio";"Sem Vítimas";"Pleno dia";"Decrescente";"Céu Claro";"Dupla";"Declive";"Não";2;0;0;0;1;1;0;2;-16,01435726;-54,91265935;"SPRF-MT";"DEL02-MT";"UOP01-DEL02-MT"
313508;2020-10-10;"sábado";"16:00:00";"PI";230;230;"OEIRAS";"Desobediência às normas de trânsito pelo condutor";"Colisão lateral";"Com Vítimas Feridas";"Pleno dia";"Crescente";"Céu Claro";"Simples";"Reta";"Não";3;0;0;1;1;3;1;5;-6,99458543;-42,36641606;"SPRF-PI";"DEL03-PI";"UOP01-DEL03-PI"
313513;2020-10-10;"sábado";"17:00:00";"RJ";116;246;"PIRAI";"Falta de Atenção à Condução";"Colisão traseira";"Com Vítimas Feridas";"Pleno dia";"Crescente";"Céu Claro";"Múltipla";"Reta";"Não";4;0;1;0;3;0;1;4;-22,61426907;-43,93189964;"SPRF-RJ";"DEL07-RJ";"UOP01-DEL07-RJ"
313516;2020-10-10;"sábado";"17:20:00";"PR";116;29,3;"CAMPINA GRANDE DO SUL";"Velocidade Incompatível";"Colisão com objeto estático";"Com Vítimas Feridas";"Pleno dia";"Decrescente";"Sol";"Dupla";"Curva";"Sim";2;0;1;0;0;1;1;2;-25,10057871;-48,81128876;"SPRF-PR";"DEL01-PR";"UOP02-DEL01-PR"
313518;2020-10-10;"sábado";"14:17:00";"RS";386;295,6;"POUSO NOVO";"Velocidade Incompatível";"Tombamento";"Sem Vítimas";"Pleno dia";"Decrescente";"Céu Claro";"Simples";"Curva";"Não";2;0;0;0;1;2;0;3;-29,128876;-52,251305;"SPRF-RS";"DEL04-RS";"UOP01-DEL04-RS"
313535;2020-10-10;"sábado";"15:15:00";"TO";153;692;"CARIRI DO TOCANTINS";"Desobediência às normas de trânsito pelo condutor";"Colisão transversal";"Com Vítimas Feridas";"Pleno dia";"Decrescente";"Chuva";"Simples";"Reta";"Não";7;0;3;0;2;2;3;3;-11,88743313;-49,16441973;"SPRF-TO";"DEL01-TO";"UOP02-DEL01-TO"
313672;2020-10-10;"sábado";"17:55:00";"MA";316;248;"BOM JARDIM";"Falta de Atenção à Condução";"Tombamento";"Com Vítimas Feridas";"Anoitecer";"Crescente";"Céu Claro";"Simples";"Reta";"Não";2;0;2;0;0;0;2;1;-3,642489;-45,48978;"SPRF-MA";"DEL02-MA";"UOP01-DEL02-MA"
313683;2020-10-10;"sábado";"17:10:00";"MG";116;778,7;"LEOPOLDINA";"Falta de Atenção à Condução";"Colisão lateral";"Com Vítimas Feridas";"Anoitecer";"Decrescente";"Céu Claro";"Simples";"Curva";"Não";5;0;0;1;1;3;1;4;-21,60159985;-42,69912624;"SPRF-MG";"DEL07-MG";"UOP01-DEL07-MG"
313698;2020-10-10;"sábado";"21:15:00";"PR";277;141;"BALSA NOVA";"Falta de Atenção à Condução";"Tombamento";"Com Vítimas Feridas";"Plena Noite";"Crescente";"Céu Claro";"Simples";"Reta";"Não";2;0;1;0;0;2;1;3;-25,464901;-49,738076;"SPRF-PR";"DEL01-PR";"UOP03-DEL03-PR"
313699;2020-10-10;"sábado";"19:50:00";"PI";316;24,8;"TERESINA";"Falta de Atenção à Condução";"Colisão transversal";"Com Vítimas Feridas";"Plena Noite";"Crescente";"Céu Claro";"Simples";"Curva";"Sim";3;0;0;1;1;1;1;3;-5,28895702;-42,71707202;"SPRF-PI";"DEL01-PI";"UOP02-DEL01-PI"
313723;2020-10-10;"sábado";"16:00:00";"PI";135;618;"CRISTALANDIA DO PIAUI";"Falta de Atenção à Condução";"Colisão com objeto estático";"Com Vítimas Feridas";"Pleno dia";"Crescente";"Nublado";"Simples";"Curva";"Não";1;0;1;0;0;0;1;1;-10,64997359;-45,1790136;"SPRF-PI";"DEL03-PI";"UOP02-DEL03-PI"
313729;2020-10-10;"sábado";"20:25:00";"BA";101;184;"SAO GONCALO DOS CAMPOS";"Falta de Atenção do Pedestre";"Atropelamento de Pedestre";"Com Vítimas Feridas";"Plena Noite";"Crescente";"Céu Claro";"Simples";"Reta";"Não";2;0;0;1;1;0;1;2;-12,461;-38,932;"SPRF-BA";"DEL01-BA";"UOP03-DEL01-BA"
313731;2020-10-10;"sábado";"21:30:00";"PA";230;624;"VITORIA DO XINGU";"Ingestão de Álcool";"Colisão traseira";"Sem Vítimas";"Plena Noite";"Crescente";"Céu Claro";"Simples";"Aclive";"Não";5;0;0;0;3;2;0;3;-3,17028984;-52,10729301;"SPRF-PA";"DEL04-PA";"UOP01-DEL04-PA"
313757;2020-10-10;"sábado";"23:30:00";"PR";277;529,7;"GUARANIACU";"Desobediência às normas de trânsito pelo condutor";"Colisão frontal";"Com Vítimas Fatais";"Plena Noite";"Crescente";"Céu Claro";"Simples";"Reta";"Não";2;1;0;0;1;0;0;2;-25,091649;-52,949265;"SPRF-PR";"DEL04-PR";"UOP01-DEL04-PR"
313765;2020-10-11;"domingo";"00:30:00";"BA";116;685;"JEQUIE";"Falta de Atenção à Condução";"Tombamento";"Com Vítimas Feridas";"Plena Noite";"Crescente";"Céu Claro";"Simples";"Reta";"Não";3;0;1;0;1;1;1;2;-13,89460708;-40,14410687;"SPRF-BA";"DEL03-BA";"UOP01-DEL03-BA"
313769;2020-10-10;"sábado";"21:00:00";"TO";153;655;"GURUPI";"Defeito Mecânico no Veículo";"Danos eventuais";"Sem Vítimas";"Plena Noite";"Decrescente";"Chuva";"Simples";"Reta";"Não";2;0;0;0;1;1;0;2;-11,57884612;-49,03304663;"SPRF-TO";"DEL01-TO";"UOP02-DEL01-TO"
313830;2020-10-11;"domingo";"01:55:00";"SP";116;451;"REGISTRO";"Falta de Atenção à Condução";"Colisão lateral";"Com Vítimas Feridas";"Plena Noite";"Crescente";"Garoa/Chuvisco";"Dupla";"Reta";"Não";4;0;1;0;3;0;1;2;-24,54542792;-47,86180224;"SPRF-SP";"DEL05-SP";"UOP01-DEL05-SP"
313843;2020-10-11;"domingo";"01:20:00";"DF";70;13,5;"BRASILIA";"Ingestão de Álcool";"Colisão traseira";"Sem Vítimas";"Plena Noite";"Crescente";"Chuva";"Dupla";"Rotatória";"Não";5;0;0;0;1;5;0;5;-15,794558;-48,166584;"SPRF-DF";"DEL03-DF";"UOP02-DEL03-DF"
313846;2020-10-11;"domingo";"00:35:00";"MG";262;369;"JUATUBA";"Falta de Atenção à Condução";"Saída de leito carroçável";"Com Vítimas Feridas";"Plena Noite";"Crescente";"Céu Claro";"Dupla";"Curva";"Sim";1;0;1;0;0;0;1;1;-19,9566496;-44,34399605;"SPRF-MG";"DEL01-MG";"UOP03-DEL01-MG"
313890;2020-10-11;"domingo";"03:38:00";"PR";116;205,6;"RIO NEGRO";"Desobediência às normas de trânsito pelo condutor";"Colisão frontal";"Com Vítimas Fatais";"Plena Noite";"Crescente";"Nublado";"Simples";"Reta";"Não";3;1;0;0;1;1;0;3;-26,07556215;-49,75356638;"SPRF-SC";"DEL06-SC";"UOP01-DEL06-SC"
313891;2020-10-11;"domingo";"02:50:00";"PB";101;56;"SANTA RITA";"Condutor Dormindo";"Saída de leito carroçável";"Com Vítimas Feridas";"Plena Noite";"Decrescente";"Céu Claro";"Dupla";"Reta";"Não";1;0;1;0;0;0;1;1;-6,96986418;-35,08206934;"SPRF-PB";"DEL01-PB";"UOP04-DEL01-PB"
313914;2020-10-11;"domingo";"05:30:00";"PR";369;34;"ANDIRA";"Velocidade Incompatível";"Tombamento";"Com Vítimas Feridas";"Plena Noite";"Crescente";"Céu Claro";"Simples";"Curva";"Não";2;0;1;0;0;1;1;2;-23,02862454;-50,21045923;"SPRF-PR";"DEL07-PR";"UOP01-DEL07-PR"
313928;2020-10-10;"sábado";"21:50:00";"MA";135;81,8;"ITAPECURU MIRIM";"Carga excessiva e/ou mal acondicionada";"Derramamento de carga";"Sem Vítimas";"Plena Noite";"Crescente";"Céu Claro";"Simples";"Aclive";"Não";2;0;0;0;1;1;0;2;-3,22929609;-44,3649149;"SPRF-MA";"DEL01-MA";"UOP02-DEL01-MA"
313936;2020-10-11;"domingo";"07:03:00";"RS";392;12,4;"RIO GRANDE";"Desobediência às normas de trânsito pelo condutor";"Colisão lateral";"Com Vítimas Feridas";"Amanhecer";"Crescente";"Sol";"Dupla";"Reta";"Não";9;0;7;0;1;2;7;4;-32,12601434;-52,13875392;"SPRF-RS";"DEL07-RS";"UOP02-DEL07-RS"
313938;2020-10-11;"domingo";"07:00:00";"BA";116;837;"VITORIA DA CONQUISTA";"Pista Escorregadia";"Colisão frontal";"Com Vítimas Feridas";"Pleno dia";"Crescente";"Chuva";"Simples";"Reta";"Não";3;0;1;0;1;1;1;3;-14,99155086;-40,92887878;"SPRF-BA";"DEL08-BA";"UOP01-DEL08-BA"
313940;2020-10-11;"domingo";"05:15:00";"MT";158;664,6;"NOVA XAVANTINA";"Ingestão de Álcool";"Colisão traseira";"Com Vítimas Feridas";"Amanhecer";"Crescente";"Céu Claro";"Simples";"Reta";"Não";3;0;1;0;1;2;1;4;-14,75630414;-52,33084836;"SPRF-MT";"DEL07-MT";"UOP01-DEL07-MT"
313943;2020-10-11;"domingo";"07:20:00";"MG";354;711,5;"CAXAMBU";"Velocidade Incompatível";"Tombamento";"Sem Vítimas";"Pleno dia";"Crescente";"Céu Claro";"Simples";"Curva;Aclive";"Não";3;0;0;0;1;2;0;3;-22,040982;-44,92735;"SPRF-MG";"DEL17-MG";"UOP01-DEL17-MG"
313944;2020-10-11;"domingo";"07:30:00";"PE";408;105;"JABOATAO DOS GUARARAPES";"Falta de Atenção do Pedestre";"Atropelamento de Pedestre";"Com Vítimas Fatais";"Pleno dia";"Decrescente";"Céu Claro";"Dupla";"Reta";"Sim";2;1;0;0;0;1;0;2;-8,079701;-34,99057;"SPRF-PE";"DEL01-PE";"UOP01-DEL01-PE"
313949;2020-10-11;"domingo";"08:15:00";"PR";476;51;"TUNAS DO PARANA";"Velocidade Incompatível";"Saída de leito carroçável";"Com Vítimas Feridas";"Pleno dia";"Crescente";"Céu Claro";"Simples";"Curva";"Não";3;0;0;2;0;1;2;2;-24,944633;-49,093723;"SPRF-PR";"DEL01-PR";"UOP02-DEL01-PR"
313951;2020-10-11;"domingo";"07:30:00";"MG";40;587,1;"ITABIRITO";"Pista Escorregadia";"Colisão frontal";"Com Vítimas Fatais";"Pleno dia";"Decrescente";"Céu Claro";"Simples";"Curva";"Não";6;1;1;2;1;1;3;3;-20,34858326;-43,92200604;"SPRF-MG";"DEL01-MG";"UOP02-DEL01-MG"
313953;2020-10-11;"domingo";"06:00:00";"PI";135;342,1;"SANTA LUZ";"Velocidade Incompatível";"Tombamento";"Com Vítimas Feridas";"Amanhecer";"Decrescente";"Céu Claro";"Simples";"Curva";"Não";3;0;1;0;1;2;1;3;-9,02211569;-44,30113435;"SPRF-PI";"DEL03-PI";"UOP02-DEL03-PI"
313962;2020-10-11;"domingo";"09:45:00";"MG";251;477,5;"FRANCISCO SA";"Velocidade Incompatível";"Colisão traseira";"Com Vítimas Fatais";"Pleno dia";"Crescente";"Céu Claro";"Simples";"Reta";"Não";4;1;0;0;2;1;0;3;-16,468982;-43,48431;"SPRF-MG";"DEL12-MG";"UOP01-DEL12-MG"
313966;2020-10-11;"domingo";"07:00:00";"PE";316;9;"ARARIPINA";"Ultrapassagem Indevida";"Saída de leito carroçável";"Com Vítimas Feridas";"Pleno dia";"Decrescente";"Sol";"Simples";"Curva;Declive";"Não";1;0;1;0;0;0;1;1;-7,49328223;-40,59803905;"SPRF-PE";"DEL05-PE";"UOP02-DEL05-PE"
314006;2020-10-11;"domingo";"08:50:00";"RS";116;337;"BARRA DO RIBEIRO";"Defeito Mecânico no Veículo";"Colisão com objeto em movimento";"Sem Vítimas";"Pleno dia";"Crescente";"Céu Claro";"Simples";"Reta";"Não";14;0;0;0;14;0;0;6;-30,35450889;-51,42944813;"SPRF-RS";"DEL02-RS";"UOP02-DEL02-RS"
314011;2020-10-11;"domingo";"11:10:00";"PR";476;240,8;"LAPA";"Falta de Atenção à Condução";"Tombamento";"Com Vítimas Feridas";"Pleno dia";"Crescente";"Sol";"Simples";"Curva";"Não";3;0;0;1;1;1;1;2;-25,864338;-50,069801;"SPRF-PR";"DEL02-PR";"UOP04-DEL02-PR"
314044;2020-10-11;"domingo";"07:30:00";"GO";364;352,3;"MINEIROS";"Carga excessiva e/ou mal acondicionada";"Tombamento";"Com Vítimas Feridas";"Pleno dia";"Decrescente";"Céu Claro";"Simples";"Curva";"Não";5;0;3;0;1;1;3;4;-17,380156;-52,924263;"SPRF-GO";"DEL05-GO";"UOP01-DEL05-GO"
314056;2020-10-11;"domingo";"09:20:00";"SC";116;304,6;"CAPAO ALTO";"Velocidade Incompatível";"Tombamento";"Com Vítimas Feridas";"Pleno dia";"Crescente";"Céu Claro";"Simples";"Curva;Declive";"Não";2;0;1;0;0;1;1;2;-28,19325207;-50,71574086;"SPRF-SC";"DEL05-SC";"UOP02-DEL05-SC"
314087;2020-10-11;"domingo";"17:15:00";"SC";101;202,3;"SAO JOSE";"Condutor Dormindo";"Colisão lateral";"Com Vítimas Feridas";"Pleno dia";"Crescente";"Sol";"Dupla";"Reta";"Sim";4;0;2;0;1;2;2;4;-27,55711595;-48,61897889;"SPRF-SC";"DEL01-SC";"UOP01-DEL01-SC"
314088;2020-10-11;"domingo";"16:10:00";"CE";116;526,4;"JATI";"Falta de Atenção à Condução";"Colisão lateral";"Sem Vítimas";"Pleno dia";"Decrescente";"Céu Claro";"Simples";"Curva";"Sim";3;0;0;0;2;1;0;3;-7,66030304;-39,01820218;"SPRF-CE";"DEL05-CE";"UOP03-DEL05-CE"
314091;2020-10-11;"domingo";"09:15:00";"BA";101;566;"ARATACA";"Velocidade Incompatível";"Tombamento";"Sem Vítimas";"Pleno dia";"Decrescente";"Nublado";"Simples";"Aclive;Curva";"Não";2;0;0;0;1;1;0;2;-15,3853068;-39,48541982;"SPRF-BA";"DEL05-BA";"UOP02-DEL05-BA"
314095;2020-10-11;"domingo";"17:30:00";"BA";116;284,2;"TUCANO";"Falta de Atenção à Condução";"Colisão transversal";"Com Vítimas Fatais";"Anoitecer";"Decrescente";"Céu Claro";"Simples";"Reta";"Não";4;1;0;0;2;1;0;3;-11,03999082;-38,83333429;"SPRF-BA";"DEL02-BA";"UOP01-DEL02-BA"
314100;2020-10-11;"domingo";"15:39:00";"MG";381;447;"SABARA";"Carga excessiva e/ou mal acondicionada";"Tombamento";"Sem Vítimas";"Pleno dia";"Decrescente";"Céu Claro";"Simples";"Curva";"Sim";2;0;0;0;1;1;0;2;-19,83447607;-43,85011601;"SPRF-MG";"DEL01-MG";"UOP01-DEL01-MG"
314116;2020-10-11;"domingo";"18:20:00";"MS";163;462,7;"CAMPO GRANDE";"Falta de Atenção à Condução";"Colisão traseira";"Com Vítimas Feridas";"Plena Noite";"Crescente";"Céu Claro";"Simples";"Reta";"Não";4;0;2;0;1;1;2;3;-20,62069293;-54,5742707;"SPRF-MS";"DEL01-MS";"UOP01-DEL01-MS"
314117;2020-10-11;"domingo";"19:10:00";"TO";153;357,8;"FORTALEZA DO TABOCAO";"Ingestão de Álcool";"Colisão lateral";"Com Vítimas Feridas";"Plena Noite";"Decrescente";"Céu Claro";"Simples";"Reta";"Não";3;0;1;0;1;1;1;2;-9,03937809;-48,51007985;"SPRF-TO";"DEL02-TO";"UOP02-DEL02-TO"
314125;2020-10-11;"domingo";"19:25:00";"BA";116;331,7;"TEOFILANDIA";"Não guardar distância de segurança";"Colisão traseira";"Com Vítimas Feridas";"Plena Noite";"Decrescente";"Céu Claro";"Simples";"Reta";"Sim";4;0;0;2;1;1;2;3;-11,42648795;-38,97406713;"SPRF-BA";"DEL02-BA";"UOP01-DEL02-BA"
314130;2020-10-11;"domingo";"20:00:00";"AL";101;159,8;"CAMPO ALEGRE";"Desobediência às normas de trânsito pelo condutor";"Colisão frontal";"Com Vítimas Fatais";"Plena Noite";"Decrescente";"Céu Claro";"Dupla";"Reta";"Não";3;2;1;0;0;0;1;2;-9,90328408;-36,22849501;"SPRF-AL";"DEL02-AL";"UOP02-DEL02-AL"
314134;2020-10-11;"domingo";"19:50:00";"DF";70;1,6;"BRASILIA";"Ingestão de Álcool";"Colisão lateral";"Com Vítimas Feridas";"Plena Noite";"Crescente";"Nublado";"Dupla";"Interseção de Vias;Reta";"Sim";5;0;1;0;4;0;1;2;-15,79679602;-48,06956291;"SPRF-DF";"DEL03-DF";"UOP02-DEL03-DF"
314136;2020-10-11;"domingo";"18:30:00";"PR";487;176;"CAMPO MOURAO";"Falta de Atenção à Condução";"Colisão lateral";"Com Vítimas Feridas";"Anoitecer";"Decrescente";"Céu Claro";"Simples";"Reta";"Não";3;0;0;1;0;2;1;3;-24,03372631;-52,41984844;"SPRF-PR";"DEL09-PR";"UOP03-DEL09-PR"
314159;2020-10-11;"domingo";"17:30:00";"MT";174;584;"COMODORO";"Desobediência às normas de trânsito pelo condutor";"Colisão frontal";"Com Vítimas Fatais";"Pleno dia";"Decrescente";"Céu Claro";"Simples";"Reta";"Não";3;1;0;0;1;1;0;3;-12,87413605;-60,06176618;"SPRF-RO";"DEL04-RO";"UOP01-DEL04-RO"
314163;2020-10-11;"domingo";"21:20:00";"SP";116;417;"JUQUIA";"Falta de Atenção do Pedestre";"Atropelamento de Pedestre";"Com Vítimas Fatais";"Plena Noite";"Decrescente";"Nublado";"Dupla";"Reta";"Não";3;1;0;0;1;1;0;3;-24,348866;-47,651479;"SPRF-SP";"DEL05-SP";"UOP01-DEL05-SP"