"id";"data_inversa";"dia_semana";"horario";"uf";"br";"km";"municipio";"causa_acidente";"tipo_acidente";"classificacao_acidente";"fase_dia";"sentido_via";"condicao_metereologica";"tipo_pista";"tracado_via";"uso_solo";"pessoas";"mortos";"feridos_leves";"feridos_graves";"ilesos";"ignorados";"feridos";"veiculos";"latitude";"longitude";"regional";"delegacia";"uop"
314891;2020-10-15;"quinta-feira";"09:01:00";"PR";277;589,9;"CASCAVEL";"Falta de Atenção à Condução";"Colisão traseira";"Com Vítimas Feridas";"Pleno dia";"Decrescente";"Nublado";"Simples";"Reta";"Sim";3;0;1;0;1;1;1;3;-24,98083043;-53,4547551;"SPRF-PR";"DEL04-PR";"UOP01-DEL04-PR"
314893;2020-10-15;"quinta-feira";"10:15:00";"PR";476;91;"BOCAIUVA DO SUL";"Velocidade Incompatível";"Colisão frontal";"Com Vítimas Feridas";"Pleno dia";"Decrescente";"Nublado";"Simples";"Curva";"Não";3;0;0;1;1;1;1;3;-25,19868946;-49,11098957;"SPRF-PR";"DEL01-PR";"UOP02-DEL01-PR"
314898;2020-10-15;"quinta-feira";"09:30:00";"SC";282;509,1;"XANXERE";"Falta de Atenção à Condução";"Colisão traseira";"Com Vítimas Feridas";"Pleno dia";"Crescente";"Céu Claro";"Simples";"Reta";"Não";5;0;2;0;3;0;2;4;-26,890533;-52,457096;"SPRF-SC";"DEL07-SC";"UOP01-DEL07-SC"
314900;2020-10-15;"quinta-feira";"10:45:00";"MS";163;322;"RIO BRILHANTE";"Desobediência às normas de trânsito pelo condutor";"Colisão lateral";"Com Vítimas Feridas";"Pleno dia";"Decrescente";"Chuva";"Simples";"Reta";"Não";2;0;0;1;1;0;1;2;-21,79439392;-54,52604258;"SPRF-MS";"DEL02-MS";"UOP02-DEL02-MS"
314901;2020-10-09;"sexta-feira";"14:30:00";"PA";10;318;"IRITUIA";"Falta de Atenção à Condução";"Colisão traseira";"Com Vítimas Feridas";"Pleno dia";"Crescente";"Céu Claro";"Simples";"Reta";"Não";2;0;1;0;1;0;1;2;-1,65093714;-47,49023165;"SPRF-PA";"DEL01-PA";"UOP02-DEL01-PA"
314902;2020-10-15;"quinta-feira";"11:48:00";"MG";262;348,6;"JOAO MONLEVADE";"Velocidade Incompatível";"Colisão frontal";"Com Vítimas Feridas";"Pleno dia";"Crescente";"Céu Claro";"Simples";"Declive;Curva";"Não";7;0;5;0;1;2;5;4;-19,85933117;-43,10780615;"SPRF-MG";"DEL01-MG";"UOP03-DEL01-MG"
314910;2020-10-15;"quinta-feira";"09:00:00";"MG";381;792;"SAO GONCALO DO SAPUCAI";"Velocidade Incompatível";"Colisão com objeto estático";"Com Vítimas Feridas";"Pleno dia";"Crescente";"Chuva";"Dupla";"Curva";"Não";4;0;3;0;0;1;3;2;-21,91931581;-45,59934602;"SPRF-MG";"DEL16-MG";"UOP02-DEL16-MG"
314918;2020-10-15;"quinta-feira";"12:00:00";"BA";242;402;"SEABRA";"Velocidade Incompatível";"Tombamento";"Com Vítimas Feridas";"Pleno dia";"Decrescente";"Céu Claro";"Simples";"Curva";"Não";2;0;0;1;0;2;1;3;-12,47110529;-41,70823799;"SPRF-BA";"DEL06-BA";"UOP01-DEL06-BA"
314928;2020-10-15;"quinta-feira";"14:20:00";"SP";116;567;"BARRA DO TURVO";"Falta de Atenção à Condução";"Tombamento";"Com Vítimas Feridas";"Pleno dia";"Decrescente";"Nublado";"Dupla";"Curva";"Não";2;0;1;0;0;1;1;2;-25,0475499;-48,55355172;"SPRF-SP";"DEL05-SP";"UOP02-DEL05-SP"
314929;2020-10-15;"quinta-feira";"13:05:00";"MA";316;536,9;"CAXIAS";"Falta de Atenção à Condução";"Colisão transversal";"Com Vítimas Feridas";"Pleno dia";"Crescente";"Céu Claro";"Simples";"Reta";"Não";3;0;0;1;1;2;1;4;-4,83767824;-43,4778893;"SPRF-MA";"DEL03-MA";"UOP02-DEL03-MA"
314932;2020-10-15;"quinta-feira";"09:30:00";"SC";116;116;"SANTA CECILIA";"Falta de Atenção à Condução";"Tombamento";"Com Vítimas Feridas";"Pleno dia";"Crescente";"Céu Claro";"Dupla";"Curva";"Não";2;0;1;0;0;1;1;2;-26,80986906;-50,34540393;"SPRF-SC";"DEL06-SC";"UOP02-DEL06-SC"
314933;2020-10-15;"quinta-feira";"15:00:00";"RJ";116;40;"TERESOPOLIS";"Desobediência às normas de trânsito pelo pedestre";"Colisão transversal";"Com Vítimas Feridas";"Pleno dia";"Crescente";"Nublado";"Simples";"Reta";"Não";3;0;0;1;2;0;1;3;-22,133427;-42,779522;"SPRF-RJ";"DEL04-RJ";"UOP01-DEL04-RJ"
314934;2020-10-15;"quinta-feira";"13:00:00";"RJ";101;397;"ITAGUAI";"Falta de Atenção à Condução";"Colisão traseira";"Sem Vítimas";"Pleno dia";"Decrescente";"Nublado";"Dupla";"Reta";"Não";2;0;0;0;2;0;0;2;-22,87460977;-43,7406698;"SPRF-RJ";"DEL03-RJ";"UOP01-DEL03-RJ"
314935;2020-10-15;"quinta-feira";"15:00:00";"MG";381;512,1;"IGARAPE";"Falta de Atenção à Condução";"Colisão com objeto estático";"Com Vítimas Feridas";"Pleno dia";"Crescente";"Céu Claro";"Dupla";"Reta";"Sim";3;0;1;0;1;1;1;3;-20,09239724;-44,31458341;"SPRF-MG";"DEL01-MG";"UOP03-DEL01-MG"
314942;2020-10-15;"quinta-feira";"15:00:00";"MG";381;367;"SAO GONCALO DO RIO ABAIXO";"Não guardar distância de segurança";"Colisão traseira";"Com Vítimas Feridas";"Pleno dia";"Crescente";"Nublado";"Simples";"Declive;Curva";"Não";6;0;1;0;4;4;1;7;-19,84959351;-43,27455396;"SPRF-MG";"DEL03-MG";"UOP01-DEL03-MG"
314944;2020-10-15;"quinta-feira";"15:45:00";"SC";101;210;"SAO JOSE";"Falta de Atenção à Condução";"Colisão traseira";"Com Vítimas Feridas";"Pleno dia";"Decrescente";"Céu Claro";"Dupla";"Reta";"Sim";6;0;2;0;3;2;2;5;-27,6167305;-48,6457265;"SPRF-SC";"DEL01-SC";"UOP01-DEL01-SC"
314948;2020-10-15;"quinta-feira";"14:55:00";"MG";40;590;"ITABIRITO";"Defeito Mecânico no Veículo";"Colisão com objeto estático";"Com Vítimas Feridas";"Pleno dia";"Decrescente";"Nublado";"Dupla";"Declive;Curva";"Não";2;0;0;1;0;1;1;2;-20,36807799;-43,90982881;"SPRF-MG";"DEL01-MG";"UOP02-DEL01-MG"
314959;2020-10-15;"quinta-feira";"16:00:00";"PR";476;135;"CURITIBA";"Desobediência às normas de trânsito pelo condutor";"Colisão lateral";"Sem Vítimas";"Pleno dia";"Decrescente";"Céu Claro";"Simples";"Reta";"Sim";9;0;0;0;9;0;0;8;-25,483786;-49,265808;"SPRF-PR";"DEL01-PR";"UOP03-DEL01-PR"
314969;2020-10-15;"quinta-feira";"15:30:00";"BA";116;927,6;"ENCRUZILHADA";"Defeito Mecânico no Veículo";"Incêndio";"Sem Vítimas";"Pleno dia";"Crescente";"Sol";"Simples";"Reta";"Não";2;0;0;0;1;1;0;2;-15,56154889;-41,26549021;"SPRF-BA";"DEL08-BA";"UOP03-DEL08-BA"
314971;2020-10-15;"quinta-feira";"17:41:00";"PI";316;7;"TERESINA";"Ingestão de Álcool";"Colisão lateral";"Sem Vítimas";"Anoitecer";"Crescente";"Céu Claro";"Simples";"Reta";"Sim";2;0;0;0;2;0;0;2;-5,15584638;-42,77173332;"SPRF-PI";"DEL01-PI";"UOP02-DEL01-PI"
314977;2020-10-15;"quinta-feira";"18:20:00";"MS";60;375,8;"CAMPO GRANDE";"Desobediência às normas de trânsito pelo condutor";"Colisão traseira";"Com Vítimas Fatais";"Plena Noite";"Crescente";"Nublado";"Simples";"Declive";"Não";7;1;1;0;3;2;1;5;-20,59006584;-54,72209517;"SPRF-MS";"DEL01-MS";"UOP04-DEL01-MS"
314978;2020-10-15;"quinta-feira";"18:05:00";"PR";116;5;"CAMPINA GRANDE DO SUL";"Falta de Atenção à Condução";"Colisão traseira";"Com Vítimas Feridas";"Anoitecer";"Decrescente";"Chuva";"Dupla";"Reta";"Sim";4;0;0;1;2;1;1;3;-25,084225;-48,600737;"SPRF-PR";"DEL01-PR";"UOP02-DEL01-PR"
314980;2020-09-29;"terça-feira";"01:58:00";"MG";116;222,7;"CATUJI";"Falta de Atenção à Condução";"Saída de leito carroçável";"Com Vítimas Feridas";"Plena Noite";"Decrescente";"Céu Claro";"Simples";"Curva";"Não";5;0;1;1;2;1;2;2;-17,4288;-41,515236;"SPRF-MG";"DEL11-MG";"UOP01-DEL11-MG"
314988;2020-10-15;"quinta-feira";"20:20:00";"SP";116;284;"EMBU DAS ARTES";"Velocidade Incompatível";"Colisão traseira";"Com Vítimas Feridas";"Plena Noite";"Crescente";"Garoa/Chuvisco";"Dupla";"Reta";"Sim";5;0;1;0;2;2;1;5;-23,70493917;-46,8734712;"SPRF-SP";"DEL04-SP";"UOP01-DEL04-SP"
314996;2020-10-15;"quinta-feira";"15:00:00";"GO";158;191;"CAIAPONIA";"Falta de Atenção à Condução";"Colisão traseira";"Sem Vítimas";"Pleno dia";"Crescente";"Céu Claro";"Simples";"Declive";"Não";9;0;0;0;8;4;0;7;-17,2375751;-51,88004034;"SPRF-GO";"DEL05-GO";"UOP01-DEL05-GO"
314999;2020-10-15;"quinta-feira";"20:10:00";"MG";251;492,7;"FRANCISCO SA";"Velocidade Incompatível";"Saída de leito carroçável";"Com Vítimas Feridas";"Plena Noite";"Crescente";"Chuva";"Simples";"Reta";"Não";2;0;1;0;0;1;1;2;-16,54433804;-43,59543496;"SPRF-MG";"DEL12-MG";"UOP01-DEL12-MG"
315001;2020-10-15;"quinta-feira";"12:50:00";"BA";242;492;"OLIVEIRA DOS BREJINHOS";"Defeito Mecânico no Veículo";"Colisão frontal";"Com Vítimas Fatais";"Pleno dia";"Decrescente";"Sol";"Simples";"Declive";"Não";3;1;1;0;0;1;1;3;-12,40243485;-42,38804495;"SPRF-BA";"DEL06-BA";"UOP01-DEL06-BA"
315004;2020-10-15;"quinta-feira";"20:50:00";"MG";365;82,6;"JEQUITAI";"Condutor Dormindo";"Tombamento";"Com Vítimas Feridas";"Plena Noite";"Crescente";"Céu Claro";"Simples";"Reta";"Não";1;0;1;0;0;0;1;1;-17,16227545;-44,391037;"SPRF-MG";"DEL12-MG";"UOP01-DEL12-MG"
315005;2020-10-15;"quinta-feira";"16:30:00";"PR";376;17;"MARINGA";"Velocidade Incompatível";"Colisão com objeto estático";"Sem Vítimas";"Pleno dia";"Crescente";"Chuva";"Dupla";"Curva";"Não";2;0;0;0;1;1;0;2;-23,4273;-51,9375;"SPRF-PR";"DEL09-PR";"UOP01-DEL09-PR"
315013;2020-10-15;"quinta-feira";"21:30:00";"RS";472;146,5;"SANTA ROSA";"Falta de Atenção à Condução";"Saída de leito carroçável";"Com Vítimas Feridas";"Plena Noite";"Decrescente";"Céu Claro";"Simples";"Curva";"Não";2;0;1;0;0;1;1;2;-27,77853541;-54,3654005;"SPRF-RS";"DEL10-RS";"UOP01-DEL10-RS"
315016;2020-10-15;"quinta-feira";"17:45:00";"SC";101;150;"ITAPEMA";"Não guardar distância de segurança";"Colisão lateral";"Com Vítimas Feridas";"Pleno dia";"Crescente";"Nublado";"Múltipla";"Reta";"Sim";2;0;1;0;1;0;1;2;-27,11744799;-48,60940987;"SPRF-SC";"DEL04-SC";"UOP03-DEL04-SC"
315018;2020-10-15;"quinta-feira";"23:35:00";"PE";428;189;"PETROLINA";"Ingestão de Álcool";"Danos eventuais";"Sem Vítimas";"Plena Noite";"Decrescente";"Céu Claro";"Múltipla";"Reta";"Sim";2;0;0;0;2;0;0;2;-9,3777502;-40,5020302;"SPRF-PE";"DEL06-PE";"UOP01-DEL06-PE"
315023;2020-10-16;"sexta-feira";"00:10:00";"ES";101;395,3;"RIO NOVO DO SUL";"Ingestão de Álcool";"Colisão frontal";"Com Vítimas Feridas";"Plena Noite";"Crescente";"Nublado";"Simples";"Reta";"Sim";3;0;0;1;1;1;1;3;-20,86594262;-40,93257592;"SPRF-ES";"DEL03-ES";"UOP02-DEL03-ES"
315024;2020-10-16;"sexta-feira";"00:05:00";"MG";40;781,9;"JUIZ DE FORA";"Falta de Atenção à Condução";"Queda de ocupante de veículo";"Com Vítimas Feridas";"Plena Noite";"Decrescente";"Nublado";"Dupla";"Reta";"Não";2;0;1;0;1;0;1;2;-21,68759907;-43,45049615;"SPRF-MG";"DEL05-MG";"UOP01-DEL05-MG"
315026;2020-10-16;"sexta-feira";"00:25:00";"RS";470;214,5;"BENTO GONCALVES";"Desobediência às normas de trânsito pelo condutor";"Colisão traseira";"Sem Vítimas";"Plena Noite";"Crescente";"Céu Claro";"Simples";"Curva";"Sim";3;0;0;0;1;2;0;3;-29,14408811;-51,53555411;"SPRF-RS";"DEL06-RS";"UOP01-DEL06-RS"
315030;2020-10-16;"sexta-feira";"01:30:00";"MG";381;728,6;"CARMO DA CACHOEIRA";"Condutor Dormindo";"Tombamento";"Com Vítimas Feridas";"Plena Noite";"Decrescente";"Céu Claro";"Dupla";"Curva";"Não";2;0;1;0;0;1;1;2;-21,52361199;-45,22481701;"SPRF-MG";"DEL04-MG";"UOP02-DEL04-MG"
315032;2020-10-15;"quinta-feira";"21:00:00";"MG";146;510,2;"POCOS DE CALDAS";"Defeito Mecânico no Veículo";"Tombamento";"Com Vítimas Feridas";"Plena Noite";"Decrescente";"Nublado";"Simples";"Curva";"Não";1;0;0;1;0;0;1;1;-21,7735289;-46,42204285;"SPRF-MG";"DEL09-MG";"UOP01-DEL09-MG"
315033;2020-10-16;"sexta-feira";"00:38:00";"TO";153;555;"OLIVEIRA DE FATIMA";"Desobediência às normas de trânsito pelo pedestre";"Atropelamento de Pedestre";"Com Vítimas Feridas";"Plena Noite";"Crescente";"Céu Claro";"Simples";"Declive";"Sim";3;0;1;0;1;1;1;3;-10,69482996;-48,90635848;"SPRF-TO";"DEL01-TO";"UOP01-DEL01-TO"
315035;2020-10-16;"sexta-feira";"03:10:00";"PR";116;1;"CAMPINA GRANDE DO SUL";"Condutor Dormindo";"Saída de leito carroçável";"Com Vítimas Feridas";"Plena Noite";"Crescente";"Chuva";"Dupla";"Curva";"Não";2;0;1;0;0;1;1;2;-25,06368403;-48,57051896;"SPRF-PR";"DEL01-PR";"UOP02-DEL01-PR"
315038;2020-10-16;"sexta-feira";"05:00:00";"MG";40;618,9;"CONGONHAS";"Falta de Atenção à Condução";"Colisão lateral";"Com Vítimas Feridas";"Plena Noite";"Decrescente";"Céu Claro";"Simples";"Curva";"Não";3;0;2;0;0;1;2;2;-20,57400424;-43,81285012;"SPRF-MG";"DEL05-MG";"UOP02-DEL05-MG"
315041;2020-09-23;"quarta-feira";"18:35:00";"SC";101;347,8;"JAGUARUNA";"Falta de Atenção à Condução";"Tombamento";"Com Vítimas Fatais";"Plena Noite";"Decrescente";"Nublado";"Múltipla";"Declive";"Sim";5;1;0;0;2;2;0;4;-28,58270181;-49,05006118;"SPRF-SC";"DEL02-SC";"UOP01-DEL02-SC"
315045;2020-10-16;"sexta-feira";"06:30:00";"BA";116;817;"VITORIA DA CONQUISTA";"Desobediência às normas de trânsito pelo condutor";"Colisão transversal";"Com Vítimas Feridas";"Pleno dia";"Crescente";"Céu Claro";"Simples";"Interseção de Vias";"Não";3;0;1;0;1;1;1;3;-14,82321089;-40,81810157;"SPRF-BA";"DEL08-BA";"UOP01-DEL08-BA"
315050;2020-10-16;"sexta-feira";"07:40:00";"SC";470;9;"ILHOTA";"Não guardar distância de segurança";"Colisão traseira";"Com Vítimas Feridas";"Pleno dia";"Crescente";"Céu Claro";"Simples";"Reta";"Sim";2;0;1;0;1;0;1;2;-26,833143;-48,727432;"SPRF-SC";"DEL04-SC";"UOP04-DEL04-SC"
315053;2020-10-16;"sexta-feira";"06:00:00";"SP";116;330;"JUQUITIBA";"Pista Escorregadia";"Tombamento";"Com Vítimas Feridas";"Amanhecer";"Decrescente";"Garoa/Chuvisco";"Múltipla";"Curva";"Não";1;0;1;0;0;0;1;1;-23,9442931;-47,09668891;"SPRF-SP";"DEL04-SP";"UOP01-DEL04-SP"
315055;2020-10-16;"sexta-feira";"06:40:00";"MG";267;163,7;"LIMA DUARTE";"Velocidade Incompatível";"Tombamento";"Com Vítimas Feridas";"Pleno dia";"Crescente";"Nublado";"Simples";"Curva;Declive";"Sim";3;0;0;1;0;2;1;3;-21,84856363;-43,8110733;"SPRF-MG";"DEL05-MG";"UOP01-DEL05-MG"
315057;2020-10-16;"sexta-feira";"06:50:00";"MG";153;76,8;"MONTE ALEGRE DE MINAS";"Falta de Atenção à Condução";"Colisão lateral";"Com Vítimas Fatais";"Pleno dia";"Crescente";"Nublado";"Simples";"Ponte";"Não";7;1;0;0;1;7;0;6;-19,038901;-49,011141;"SPRF-MG";"DEL15-MG";"UOP03-DEL15-MG"
315058;2020-09-25;"sexta-feira";"04:40:00";"SC";282;627,7;"IRACEMINHA";"Ultrapassagem Indevida";"Colisão frontal";"Com Vítimas Fatais";"Plena Noite";"Crescente";"Céu Claro";"Simples";"Declive;Curva";"Não";4;1;1;2;0;0;3;3;-26,811321;-53,362316;"SPRF-SC";"DEL07-SC";"UOP02-DEL07-SC"
315059;2020-10-16;"sexta-feira";"09:00:00";"CE";116;9,4;"FORTALEZA";"Falta de Atenção à Condução";"Colisão lateral";"Sem Vítimas";"Pleno dia";"Decrescente";"Sol";"Dupla";"Curva";"Sim";2;0;0;0;2;0;0;2;-3,83074905;-38,50481629;"SPRF-CE";"DEL01-CE";"UOP02-DEL01-CE"
315071;2020-10-16;"sexta-feira";"09:30:00";"TO";226;20;"PALMEIRAS DO TOCANTINS";"Condutor Dormindo";"Tombamento";"Com Vítimas Feridas";"Pleno dia";"Crescente";"Céu Claro";"Simples";"Declive";"Não";3;0;2;0;0;1;2;2;-6,631092;-47,614395;"SPRF-TO";"DEL02-TO";"UOP03-DEL02-TO"
315074;2020-10-16;"sexta-feira";"10:25:00";"MG";262;644,1;"IBIA";"Falta de Atenção à Condução";"Engavetamento";"Com Vítimas Feridas";"Pleno dia";"Decrescente";"Nublado";"Simples";"Reta";"Não";11;0;4;0;6;1;4;6;-19,57118912;-46,58157899;"SPRF-MG";"DEL08-MG";"UOP01-DEL08-MG"
315078;2020-10-16;"sexta-feira";"09:30:00";"RO";364;341;"JI-PARANA";"Falta de Atenção à Condução";"Colisão traseira";"Sem Vítimas";"Pleno dia";"Decrescente";"Chuva";"Dupla";"Reta";"Sim";3;0;0;0;3;0;0;3;-10,88987987;-61,93126772;"SPRF-RO";"DEL02-RO";"UOP01-DEL02-RO"
315080;2020-10-16;"sexta-feira";"11:12:00";"ES";101;400,3;"ITAPEMIRIM";"Falta de Atenção à Condução";"Colisão lateral";"Com Vítimas Feridas";"Pleno dia";"Decrescente";"Garoa/Chuvisco";"Simples";"Reta";"Não";3;0;1;0;1;3;1;5;-20,88154434;-40,97435202;"SPRF-ES";"DEL03-ES";"UOP02-DEL03-ES"
315084;2020-09-21;"segunda-feira";"05:40:00";"BA";116;432;"FEIRA DE SANTANA";"Não guardar distância de segurança";"Colisão lateral";"Com Vítimas Feridas";"Pleno dia";"Decrescente";"Céu Claro";"Dupla";"Curva";"Não";3;0;1;0;1;3;1;5;-12,28799812;-39,00553299;"SPRF-BA";"DEL02-BA";"UOP01-DEL02-BA"
315085;2020-10-15;"quinta-feira";"16:30:00";"MT";174;292;"PONTES E LACERDA";"Falta de Atenção à Condução";"Colisão lateral";"Com Vítimas Feridas";"Pleno dia";"Decrescente";"Céu Claro";"Simples";"Reta";"Sim";5;0;1;0;3;1;1;3;-15,19768202;-59,32244014;"SPRF-MT";"DEL04-MT";"UOP01-DEL04-MT"
315086;2020-10-16;"sexta-feira";"11:00:00";"MA";316;285,9;"BELA VISTA DO MARANHAO";"Defeito na Via";"Tombamento";"Com Vítimas Feridas";"Pleno dia";"Decrescente";"Sol";"Simples";"Reta";"Não";2;0;1;0;0;1;1;2;-3,782178;-45,215691;"SPRF-MA";"DEL02-MA";"UOP01-DEL02-MA"
315095;2020-10-16;"sexta-feira";"12:40:00";"SC";101;121,5;"ITAJAI";"Não guardar distância de segurança";"Colisão traseira";"Com Vítimas Fatais";"Pleno dia";"Decrescente";"Céu Claro";"Dupla";"Reta";"Não";4;1;0;0;1;2;0;4;-26,92405964;-48,70698452;"SPRF-SC";"DEL04-SC";"UOP04-DEL04-SC"
315096;2020-10-16;"sexta-feira";"09:25:00";"MT";364;275,5;"JACIARA";"Velocidade Incompatível";"Saída de leito carroçável";"Sem Vítimas";"Pleno dia";"Decrescente";"Nublado";"Simples";"Curva";"Não";2;0;0;0;1;1;0;2;-15,95085604;-54,98237599;"SPRF-MT";"DEL02-MT";"UOP01-DEL02-MT"
315099;2020-10-16;"sexta-feira";"13:40:00";"MG";267;164,3;"LIMA DUARTE";"Desobediência às normas de trânsito pelo condutor";"Colisão frontal";"Sem Vítimas";"Pleno dia";"Decrescente";"Nublado";"Simples";"Curva";"Sim";2;0;0;0;2;0;0;2;-21,85426426;-43,81804094;"SPRF-MG";"DEL05-MG";"UOP01-DEL05-MG"
315102;2020-10-16;"sexta-feira";"12:50:00";"SC";101;216,2;"PALHOCA";"Não guardar distância de segurança";"Saída de leito carroçável";"Com Vítimas Feridas";"Pleno dia";"Decrescente";"Céu Claro";"Múltipla";"Reta";"Não";2;0;1;0;0;3;1;4;-27,65981409;-48,67747798;"SPRF-SC";"DEL01-SC";"UOP02-DEL01-SC"
315106;2020-10-16;"sexta-feira";"12:40:00";"PR";116;5;"CAMPINA GRANDE DO SUL";"Pista Escorregadia";"Colisão com objeto estático";"Com Vítimas Feridas";"Pleno dia";"Decrescente";"Garoa/Chuvisco";"Dupla";"Curva";"Não";5;0;1;0;3;1;1;3;-25,08301297;-48,59994703;"SPRF-PR";"DEL01-PR";"UOP02-DEL01-PR"
315114;2020-08-03;"segunda-feira";"22:35:00";"SC";282;611;"MARAVILHA";"Defeito na Via";"Colisão com objeto estático";"Com Vítimas Feridas";"Plena Noite";"Decrescente";"Céu Claro";"Simples";"Curva";"Não";2;0;1;0;0;1;1;2;-26,755428;-53,239933;"SPRF-SC";"DEL07-SC";"UOP02-DEL07-SC"
315115;2020-10-16;"sexta-feira";"14:10:00";"MG";40;598,1;"OURO PRETO";"Falta de Atenção à Condução";"Colisão lateral";"Com Vítimas Feridas";"Pleno dia";"Crescente";"Nublado";"Simples";"Curva";"Não";4;0;0;1;2;1;1;3;-20,422829;-43,873423;"SPRF-MG";"DEL05-MG";"UOP02-DEL05-MG"
315121;2020-10-16;"sexta-feira";"11:33:00";"RS";290;216,5;"PANTANO GRANDE";"Falta de Atenção à Condução";"Engavetamento";"Com Vítimas Fatais";"Pleno dia";"Decrescente";"Céu Claro";"Simples";"Reta";"Sim";7;1;2;1;1;2;3;5;-30,19361974;-52,38940001;"SPRF-RS";"DEL02-RS";"UOP03-DEL02-RS"
315131;2020-10-16;"sexta-feira";"16:20:00";"RJ";101;433;"MANGARATIBA";"Pista Escorregadia";"Colisão frontal";"Com Vítimas Feridas";"Pleno dia";"Decrescente";"Chuva";"Simples";"Aclive";"Não";3;0;1;1;1;0;2;2;-22,93842518;-44,03644001;"SPRF-RJ";"DEL03-RJ";"UOP03-DEL03-RJ"
315138;2020-10-16;"sexta-feira";"15:45:00";"RS";116;323,8;"BARRA DO RIBEIRO";"Falta de Atenção à Condução";"Colisão traseira";"Sem Vítimas";"Pleno dia";"Crescente";"Sol";"Simples";"Interseção de Vias";"Não";2;0;0;0;2;0;0;2;-30,31825499;-51,41803405;"SPRF-RS";"DEL02-RS";"UOP01-DEL02-RS"
315143;2020-10-16;"sexta-feira";"17:30:00";"SE";101;196,2;"CRISTINAPOLIS";"Velocidade Incompatível";"Tombamento";"Com Vítimas Fatais";"Anoitecer";"Decrescente";"Céu Claro";"Simples";"Curva;Aclive";"Não";2;1;0;0;0;1;0;2;-11,46225469;-37,74281194;"SPRF-SE";"DEL02-SE";"UOP03-DEL02-SE"
315145;2020-10-16;"sexta-feira";"17:20:00";"SE";235;34,1;"AREIA BRANCA";"Desobediência às normas de trânsito pelo condutor";"Colisão transversal";"Com Vítimas Feridas";"Pleno dia";"Crescente";"Céu Claro";"Simples";"Interseção de Vias;Reta";"Sim";2;0;1;0;0;1;1;2;-10,760385;-37,313049;"SPRF-SE";"DEL01-SE";"UOP02-DEL01-SE"
315153;2020-10-16;"sexta-feira";"14:10:00";"SC";282;401,2;"JOACABA";"Velocidade Incompatível";"Colisão traseira";"Com Vítimas Fatais";"Pleno dia";"Crescente";"Céu Claro";"Simples";"Reta";"Não";4;1;0;0;1;3;0;5;-27,128424;-51,628107;"SPRF-SC";"DEL07-SC";"UOP05-DEL07-SC"
315158;2020-10-16;"sexta-feira";"17:15:00";"SC";101;43,3;"JOINVILLE";"Falta de Atenção à Condução";"Colisão transversal";"Com Vítimas Feridas";"Pleno dia";"Decrescente";"Sol";"Simples";"Viaduto";"Sim";2;0;1;0;1;0;1;2;-26,30357106;-48,88225609;"SPRF-SC";"DEL03-SC";"UOP01-DEL03-SC"
315161;2020-10-16;"sexta-feira";"18:30:00";"MG";40;799,6;"JUIZ DE FORA";"Falta de Atenção à Condução";"Colisão traseira";"Com Vítimas Feridas";"Plena Noite";"Decrescente";"Nublado";"Dupla";"Aclive";"Sim";3;0;0;1;1;1;1;3;-21,82857001;-43,37364401;"SPRF-MG";"DEL05-MG";"UOP01-DEL05-MG"
315167;2020-10-16;"sexta-feira";"17:30:00";"MT";364;566;"NOBRES";"Falta de Atenção à Condução";"Tombamento";"Com Vítimas Feridas";"Anoitecer";"Decrescente";"Céu Claro";"Dupla";"Reta";"Não";2;0;1;0;0;2;1;3;-14,758127;-56,341124;"SPRF-MT";"DEL01-MT";"UOP01-DEL01-MT"
315170;2020-10-16;"sexta-feira";"18:20:00";"ES";101;162;"LINHARES";"Desobediência às normas de trânsito pelo condutor";"Colisão transversal";"Com Vítimas Feridas";"Anoitecer";"Decrescente";"Céu Claro";"Simples";"Reta";"Não";4;0;0;1;2;3;1;5;-19,49015283;-40,12624024;"SPRF-ES";"DEL04-ES";"UOP01-DEL04-ES"
315183;2020-10-16;"sexta-feira";"11:50:00";"BA";242;492;"OLIVEIRA DOS BREJINHOS";"Defeito Mecânico no Veículo";"Colisão lateral";"Com Vítimas Feridas";"Pleno dia";"Crescente";"Céu Claro";"Dupla";"Declive";"Não";5;0;1;0;3;5;1;8;-12,40243485;-42,38804495;"SPRF-BA";"DEL06-BA";"UOP01-DEL06-BA"
315185;2020-10-16;"sexta-feira";"16:40:00";"MG";262;533,5;"LUZ";"Pista Escorregadia";"Saída de leito carroçável";"Sem Vítimas";"Pleno dia";"Crescente";"Nublado";"Simples";"Curva";"Não";1;0;0;0;1;0;0;1;-19,77821294;-45,74227498;"SPRF-MG";"DEL08-MG";"UOP02-DEL08-MG"
315186;2020-10-16;"sexta-feira";"07:30:00";"MG";262;533,5;"LUZ";"Velocidade Incompatível";"Tombamento";"Sem Vítimas";"Pleno dia";"Decrescente";"Nublado";"Simples";"Curva;Declive";"Não";3;0;0;0;1;2;0;2;-19,77821294;-45,74227498;"SPRF-MG";"DEL08-MG";"UOP02-DEL08-MG"
315194;2020-10-16;"sexta-feira";"17:15:00";"SC";101;383,6;"ICARA";"Velocidade Incompatível";"Tombamento";"Com Vítimas Feridas";"Pleno dia";"Decrescente";"Céu Claro";"Dupla";"Curva";"Não";2;0;1;0;0;1;1;2;-28,77608535;-49,31625366;"SPRF-SC";"DEL02-SC";"UOP02-DEL02-SC"