"id";"data_inversa";"dia_semana";"horario";"uf";"br";"km";"municipio";"causa_acidente";"tipo_acidente";"classificacao_acidente";"fase_dia";"sentido_via";"condicao_metereologica";"tipo_pista";"tracado_via";"uso_solo";"pessoas";"mortos";"feridos_leves";"feridos_graves";"ilesos";"ignorados";"feridos";"veiculos";"latitude";"longitude";"regional";"delegacia";"uop"
315897;2020-10-20;"terça-feira";"10:30:00";"BA";116;631;"JAGUAQUARA";"Falta de Atenção do Pedestre";"Atropelamento de Pedestre";"Com Vítimas Feridas";"Pleno dia";"Crescente";"Céu Claro";"Simples";"Reta";"Sim";2;0;0;1;0;1;1;2;-13,45971301;-40,03314998;"SPRF-BA";"DEL03-BA";"UOP01-DEL03-BA"
315900;2020-10-20;"terça-feira";"03:30:00";"MG";262;594,5;"CAMPOS ALTOS";"Defeito Mecânico no Veículo";"Saída de leito carroçável";"Sem Vítimas";"Plena Noite";"Decrescente";"Chuva";"Simples";"Reta;Declive";"Não";2;0;0;0;1;1;0;2;-19,653586;-46,184401;"SPRF-MG";"DEL08-MG";"UOP02-DEL08-MG"
315904;2020-10-20;"terça-feira";"11:20:00";"DF";80;21,8;"BRASILIA";"Ultrapassagem Indevida";"Colisão lateral";"Com Vítimas Feridas";"Pleno dia";"Decrescente";"Céu Claro";"Simples";"Reta";"Não";3;0;1;0;2;0;1;3;-15,64980647;-48,20197821;"SPRF-DF";"DEL03-DF";"UOP02-DEL03-DF"
315906;2020-10-20;"terça-feira";"11:08:00";"RJ";393;177;"PARAIBA DO SUL";"Condutor Dormindo";"Colisão frontal";"Sem Vítimas";"Pleno dia";"Decrescente";"Nublado";"Simples";"Reta";"Sim";6;0;0;0;5;1;0;4;-22,13180107;-43,24356079;"SPRF-RJ";"DEL05-RJ";"UOP03-DEL05-RJ"
315913;2020-10-20;"terça-feira";"10:30:00";"BA";101;480;"ITABUNA";"Pista Escorregadia";"Colisão frontal";"Com Vítimas Fatais";"Pleno dia";"Crescente";"Chuva";"Simples";"Curva";"Não";8;2;1;2;3;0;3;2;-14,74857431;-39,31996326;"SPRF-BA";"DEL05-BA";"UOP01-DEL05-BA"
315915;2020-10-20;"terça-feira";"11:30:00";"MS";163;479,1;"CAMPO GRANDE";"Desobediência às normas de trânsito pelo condutor";"Colisão transversal";"Com Vítimas Feridas";"Pleno dia";"Crescente";"Céu Claro";"Simples";"Reta";"Não";7;0;1;2;3;2;3;5;-20,487322;-54,55929095;"SPRF-MS";"DEL01-MS";"UOP01-DEL01-MS"
315916;2020-10-09;"sexta-feira";"23:10:00";"ES";259;50,5;"COLATINA";"Falta de Atenção à Condução";"Derramamento de carga";"Sem Vítimas";"Plena Noite";"Crescente";"Chuva";"Dupla";"Rotatória";"Sim";1;0;0;0;0;1;0;1;-19,50737293;-40,60993195;"SPRF-ES";"DEL02-ES";"UOP01-DEL02-ES"
315919;2020-10-20;"terça-feira";"12:38:00";"PR";277;44,3;"MORRETES";"Velocidade Incompatível";"Tombamento";"Com Vítimas Feridas";"Pleno dia";"Decrescente";"Céu Claro";"Dupla";"Curva";"Não";2;0;1;0;0;1;1;2;-25,57846682;-48,86174512;"SPRF-PR";"DEL01-PR";"UOP05-DEL01-PR"
315923;2020-10-20;"terça-feira";"12:10:00";"DF";70;11,8;"BRASILIA";"Desobediência às normas de trânsito pelo condutor";"Colisão traseira";"Com Vítimas Feridas";"Pleno dia";"Crescente";"Céu Claro";"Dupla";"Reta";"Não";5;0;4;0;0;1;4;2;-15,789762;-48,148727;"SPRF-DF";"DEL03-DF";"UOP02-DEL03-DF"
315929;2020-10-20;"terça-feira";"11:15:00";"PR";376;237;"APUCARANA";"Carga excessiva e/ou mal acondicionada";"Tombamento";"Sem Vítimas";"Pleno dia";"Crescente";"Céu Claro";"Dupla";"Declive;Curva";"Não";2;0;0;0;1;1;0;2;-23,58373109;-51,46335598;"SPRF-PR";"DEL07-PR";"UOP03-DEL07-PR"
315943;2020-10-20;"terça-feira";"13:30:00";"MG";40;518;"RIBEIRAO DAS NEVES";"Pista Escorregadia";"Saída de leito carroçável";"Com Vítimas Feridas";"Pleno dia";"Decrescente";"Chuva";"Dupla";"Curva";"Sim";6;0;3;0;1;2;3;4;-19,8321242;-44,08208533;"SPRF-MG";"DEL01-MG";"UOP02-DEL01-MG"
315944;2020-10-20;"terça-feira";"15:00:00";"PR";467;79;"CASCAVEL";"Velocidade Incompatível";"Tombamento";"Com Vítimas Feridas";"Pleno dia";"Decrescente";"Céu Claro";"Dupla";"Retorno Regulamentado";"Não";2;0;1;0;0;2;1;3;-24,7786;-53,6791;"SPRF-PR";"DEL04-PR";"UOP01-DEL04-PR"
315946;2020-10-20;"terça-feira";"14:00:00";"SE";101;122,3;"ITAPORANGA DAJUDA";"Velocidade Incompatível";"Colisão com objeto estático";"Com Vítimas Feridas";"Pleno dia";"Crescente";"Céu Claro";"Dupla";"Curva";"Não";3;0;2;0;0;1;2;2;-11,03482886;-37,35698898;"SPRF-SE";"DEL02-SE";"UOP01-DEL02-SE"
315947;2020-10-20;"terça-feira";"11:40:00";"RS";116;52;"VACARIA";"Velocidade Incompatível";"Tombamento";"Sem Vítimas";"Pleno dia";"Decrescente";"Céu Claro";"Simples";"Curva";"Não";2;0;0;0;1;1;0;2;-28,58229507;-51,02378683;"SPRF-RS";"DEL05-RS";"UOP03-DEL05-RS"
315949;2020-10-20;"terça-feira";"11:51:00";"BA";242;230;"ITABERABA";"Falta de Atenção à Condução";"Colisão transversal";"Com Vítimas Feridas";"Pleno dia";"Decrescente";"Nublado";"Simples";"Declive;Reta";"Sim";3;0;1;0;1;1;1;2;-12,51152241;-40,32249196;"SPRF-BA";"DEL06-BA";"UOP02-DEL06-BA"
315954;2020-10-20;"terça-feira";"15:45:00";"SP";116;421;"JUQUIA";"Falta de Atenção à Condução";"Saída de leito carroçável";"Com Vítimas Feridas";"Pleno dia";"Crescente";"Céu Claro";"Dupla";"Curva";"Não";1;0;1;0;0;0;1;1;-24,35801488;-47,68588212;"SPRF-SP";"DEL05-SP";"UOP01-DEL05-SP"
315958;2020-10-20;"terça-feira";"14:40:00";"MG";251;503,7;"FRANCISCO SA";"Velocidade Incompatível";"Colisão traseira";"Com Vítimas Fatais";"Pleno dia";"Decrescente";"Garoa/Chuvisco";"Simples";"Reta";"Não";3;1;0;0;1;3;0;5;-16,61472808;-43,6647179;"SPRF-MG";"DEL12-MG";"UOP01-DEL12-MG"
315961;2020-10-20;"terça-feira";"16:20:00";"MG";40;780,7;"JUIZ DE FORA";"Defeito na Via";"Tombamento";"Com Vítimas Feridas";"Pleno dia";"Crescente";"Nublado";"Dupla";"Interseção de Vias";"Não";2;0;0;1;0;3;1;4;-21,70368833;-43,45298767;"SPRF-MG";"DEL05-MG";"UOP01-DEL05-MG"
315965;2020-10-20;"terça-feira";"16:20:00";"MG";153;28;"CENTRALINA";"Falta de Atenção à Condução";"Tombamento";"Sem Vítimas";"Pleno dia";"Crescente";"Céu Claro";"Dupla";"Reta";"Não";2;0;0;0;1;1;0;2;-18,66327211;-49,16526319;"SPRF-MG";"DEL15-MG";"UOP03-DEL15-MG"
315969;2020-10-20;"terça-feira";"15:20:00";"MT";364;349,3;"SANTO ANTONIO DO LEVERGER";"Velocidade Incompatível";"Colisão com objeto estático";"Com Vítimas Feridas";"Pleno dia";"Crescente";"Chuva";"Dupla";"Curva";"Não";3;0;2;0;0;3;2;4;-15,80502622;-55,5546431;"SPRF-MT";"DEL05-MT";"UOP02-DEL05-MT"
315970;2020-09-24;"quinta-feira";"06:20:00";"MS";262;58;"TRES LAGOAS";"Falta de Atenção à Condução";"Tombamento";"Com Vítimas Feridas";"Amanhecer";"Crescente";"Céu Claro";"Simples";"Curva";"Não";2;0;0;1;0;1;1;2;-20,71991226;-52,1348691;"SPRF-MS";"DEL07-MS";"UOP01-DEL07-MS"
315973;2020-08-24;"segunda-feira";"09:00:00";"RJ";356;152;"CAMPOS DOS GOYTACAZES";"Desobediência às normas de trânsito pelo condutor";"Colisão transversal";"Com Vítimas Feridas";"Pleno dia";"Crescente";"Céu Claro";"Simples";"Curva";"Não";3;0;1;0;2;0;1;3;-21,75886106;-41,25301796;"SPRF-RJ";"DEL08-RJ";"UOP02-DEL08-RJ"
315976;2020-10-20;"terça-feira";"17:00:00";"MG";40;512,2;"RIBEIRAO DAS NEVES";"Não guardar distância de segurança";"Colisão traseira";"Com Vítimas Feridas";"Pleno dia";"Decrescente";"Chuva";"Dupla";"Declive;Reta";"Sim";3;0;1;0;2;0;1;3;-19,78946999;-44,11290699;"SPRF-MG";"DEL01-MG";"UOP02-DEL01-MG"
315979;2020-10-20;"terça-feira";"14:30:00";"MA";135;44;"BACABEIRA";"Falta de Atenção à Condução";"Colisão lateral";"Com Vítimas Feridas";"Pleno dia";"Decrescente";"Sol";"Dupla";"Reta";"Sim";2;0;0;1;0;1;1;2;-2,92221;-44,34139;"SPRF-MA";"DEL01-MA";"UOP01-DEL01-MA"
315989;2020-07-21;"terça-feira";"03:50:00";"PE";104;76,5;"CARUARU";"Condutor Dormindo";"Tombamento";"Com Vítimas Feridas";"Plena Noite";"Crescente";"Garoa/Chuvisco";"Simples";"Curva";"Não";1;0;1;0;0;0;1;1;-8,367286;-35,985153;"SPRF-PE";"DEL02-PE";"UOP01-DEL02-PE"
315994;2020-10-20;"terça-feira";"19:15:00";"RS";290;144,3;"ELDORADO DO SUL";"Falta de Atenção à Condução";"Colisão transversal";"Com Vítimas Feridas";"Plena Noite";"Crescente";"Céu Claro";"Simples";"Retorno Regulamentado";"Sim";3;0;0;1;1;1;1;3;-30,096939;-51,647282;"SPRF-RS";"DEL02-RS";"UOP01-DEL02-RS"
315996;2020-10-20;"terça-feira";"17:20:00";"MA";222;672;"ACAILANDIA";"Pista Escorregadia";"Colisão traseira";"Sem Vítimas";"Pleno dia";"Crescente";"Chuva";"Simples";"Declive";"Sim";2;0;0;0;2;0;0;2;-4,92508085;-47,43821808;"SPRF-MA";"DEL04-MA";"UOP03-DEL04-MA"
316002;2020-10-20;"terça-feira";"19:50:00";"SC";101;68,8;"ARAQUARI";"Não guardar distância de segurança";"Colisão traseira";"Com Vítimas Feridas";"Plena Noite";"Crescente";"Céu Claro";"Dupla";"Reta";"Não";3;0;1;0;1;3;1;5;-26,49513001;-48,73280803;"SPRF-SC";"DEL03-SC";"UOP02-DEL03-SC"
316004;2020-10-20;"terça-feira";"19:45:00";"MG";50;44,9;"ARAGUARI";"Falta de Atenção à Condução";"Colisão traseira";"Com Vítimas Feridas";"Plena Noite";"Decrescente";"Céu Claro";"Dupla";"Reta";"Não";3;0;1;0;1;4;1;6;-18,70561658;-48,19108255;"SPRF-MG";"DEL15-MG";"UOP02-DEL15-MG"
316005;2020-10-20;"terça-feira";"18:35:00";"RO";174;14;"VILHENA";"Falta de Atenção à Condução";"Colisão lateral";"Sem Vítimas";"Plena Noite";"Crescente";"Céu Claro";"Dupla";"Reta";"Sim";2;0;0;0;2;0;0;2;-12,73306632;-60,12981255;"SPRF-RO";"DEL04-RO";"UOP01-DEL04-RO"
316008;2020-10-20;"terça-feira";"20:30:00";"PR";376;127;"ALTO PARANA";"Defeito Mecânico no Veículo";"Saída de leito carroçável";"Sem Vítimas";"Plena Noite";"Decrescente";"Nublado";"Dupla";"Reta";"Não";1;0;0;0;1;0;0;1;-23,16113812;-52,25908808;"SPRF-PR";"DEL09-PR";"UOP02-DEL09-PR"
316009;2020-10-20;"terça-feira";"19:50:00";"MS";163;259,4;"DOURADOS";"Falta de Atenção à Condução";"Colisão traseira";"Com Vítimas Fatais";"Plena Noite";"Crescente";"Céu Claro";"Dupla";"Reta";"Sim";4;1;0;1;1;1;1;3;-22,24945;-54,774694;"SPRF-MS";"DEL04-MS";"UOP01-DEL04-MS"
316010;2020-10-20;"terça-feira";"20:09:00";"MS";267;125;"NOVA ANDRADINA";"Ingestão de Álcool";"Colisão frontal";"Sem Vítimas";"Plena Noite";"Decrescente";"Céu Claro";"Simples";"Rotatória";"Sim";3;0;0;0;1;2;0;3;-21,75660007;-53,26212645;"SPRF-MS";"DEL02-MS";"UOP03-DEL02-MS"
316018;2020-10-20;"terça-feira";"06:30:00";"MG";354;711,3;"CAXAMBU";"Velocidade Incompatível";"Tombamento";"Com Vítimas Feridas";"Pleno dia";"Crescente";"Céu Claro";"Simples";"Curva";"Não";2;0;1;0;0;1;1;2;-22,040982;-44,92735;"SPRF-MG";"DEL17-MG";"UOP01-DEL17-MG"
316023;2020-10-20;"terça-feira";"16:00:00";"SC";282;412;"CATANDUVAS";"Velocidade Incompatível";"Colisão lateral";"Com Vítimas Feridas";"Pleno dia";"Decrescente";"Céu Claro";"Simples";"Curva";"Não";3;0;1;0;1;1;1;3;-27,055775;-51,688843;"SPRF-SC";"DEL07-SC";"UOP05-DEL07-SC"
316024;2020-10-20;"terça-feira";"17:42:00";"PR";153;187,1;"TIBAGI";"Defeito Mecânico no Veículo";"Colisão lateral";"Com Vítimas Feridas";"Pleno dia";"Crescente";"Céu Claro";"Simples";"Reta";"Não";3;0;1;0;1;2;1;4;-24,40818556;-50,35270938;"SPRF-PR";"DEL03-PR";"UOP02-DEL03-PR"
316027;2020-10-20;"terça-feira";"21:40:00";"SC";470;170;"POUSO REDONDO";"Não guardar distância de segurança";"Colisão lateral";"Sem Vítimas";"Plena Noite";"Crescente";"Céu Claro";"Simples";"Reta";"Não";3;0;0;0;3;0;0;2;-27,265903;-49,892441;"SPRF-SC";"DEL04-SC";"UOP02-DEL04-SC"
316031;2020-10-20;"terça-feira";"19:40:00";"MG";262;43,8;"MANHUACU";"Restrição de Visibilidade";"Colisão lateral";"Com Vítimas Feridas";"Plena Noite";"Crescente";"Chuva";"Simples";"Curva";"Não";3;0;2;0;0;1;2;2;-20,25902035;-42,09627673;"SPRF-MG";"DEL06-MG";"UOP03-DEL06-MG"
316034;2020-10-20;"terça-feira";"16:15:00";"PR";376;407,3;"TIBAGI";"Velocidade Incompatível";"Tombamento";"Com Vítimas Feridas";"Pleno dia";"Decrescente";"Sol";"Dupla";"Declive;Curva";"Não";2;0;1;0;0;1;1;2;-24,64521802;-50,62349002;"SPRF-PR";"DEL03-PR";"UOP02-DEL03-PR"
316035;2020-10-20;"terça-feira";"13:45:00";"MT";174;405;"NOVA LACERDA";"Falta de Atenção à Condução";"Colisão traseira";"Sem Vítimas";"Pleno dia";"Decrescente";"Céu Claro";"Simples";"Reta";"Não";3;0;0;0;2;2;0;4;-14,35546098;-59,65409089;"SPRF-MT";"DEL04-MT";"UOP01-DEL04-MT"
316036;2020-10-20;"terça-feira";"06:05:00";"MG";365;501;"PATROCINIO";"Ultrapassagem Indevida";"Colisão lateral";"Sem Vítimas";"Amanhecer";"Crescente";"Garoa/Chuvisco";"Dupla";"Curva";"Não";3;0;0;0;2;1;0;3;-18,95943174;-47,23721305;"SPRF-MG";"DEL10-MG";"UOP01-DEL10-MG"
316039;2020-10-20;"terça-feira";"19:45:00";"PR";373;436;"CHOPINZINHO";"Pista Escorregadia";"Tombamento";"Com Vítimas Feridas";"Plena Noite";"Decrescente";"Garoa/Chuvisco";"Simples";"Curva";"Não";2;0;1;0;0;1;1;2;-25,7835481;-52,26884658;"SPRF-PR";"DEL02-PR";"UOP01-DEL02-PR"
316041;2020-10-20;"terça-feira";"21:45:00";"PA";155;238;"ELDORADO DO CARAJAS";"Não guardar distância de segurança";"Colisão traseira";"Com Vítimas Feridas";"Plena Noite";"Crescente";"Céu Claro";"Simples";"Reta";"Não";3;0;1;0;1;1;1;3;-6,20284299;-49,36671397;"SPRF-PA";"DEL03-PA";"UOP01-DEL03-PA"
316042;2020-10-21;"quarta-feira";"00:00:00";"RS";386;313,5;"MARQUES DE SOUZA";"Desobediência às normas de trânsito pelo condutor";"Colisão lateral";"Com Vítimas Fatais";"Plena Noite";"Crescente";"Nublado";"Simples";"Reta";"Não";4;1;0;2;0;1;2;3;-29,236441;-52,154896;"SPRF-RS";"DEL04-RS";"UOP01-DEL04-RS"
316044;2020-10-20;"terça-feira";"23:10:00";"ES";101;58,6;"SAO MATEUS";"Falta de Atenção à Condução";"Colisão traseira";"Com Vítimas Feridas";"Plena Noite";"Decrescente";"Chuva";"Simples";"Reta";"Não";2;0;2;0;0;0;2;2;-18,65547194;-39,87148278;"SPRF-ES";"DEL04-ES";"UOP02-DEL04-ES"
316046;2020-10-21;"quarta-feira";"01:00:00";"CE";222;310,7;"TIANGUA";"Defeito na Via";"Tombamento";"Com Vítimas Feridas";"Plena Noite";"Crescente";"Céu Claro";"Simples";"Em Obras";"Não";2;0;1;0;1;0;1;1;-3,70670595;-40,97707006;"SPRF-CE";"DEL04-CE";"UOP02-DEL04-CE"
316047;2020-10-21;"quarta-feira";"01:30:00";"SC";101;207;"SAO JOSE";"Desobediência às normas de trânsito pelo condutor";"Colisão traseira";"Sem Vítimas";"Plena Noite";"Crescente";"Céu Claro";"Múltipla";"Declive";"Sim";2;0;0;0;2;0;0;2;-27,60001226;-48,6226467;"SPRF-SC";"DEL01-SC";"UOP01-DEL01-SC"
316052;2020-10-21;"quarta-feira";"03:50:00";"RN";304;238;"RIACHUELO";"Ingestão de Álcool";"Colisão lateral";"Com Vítimas Feridas";"Amanhecer";"Decrescente";"Céu Claro";"Simples";"Reta";"Não";3;0;1;1;1;0;2;2;-5,7866951;-35,84739513;"SPRF-RN";"DEL01-RN";"UOP02-DEL01-RN"
316053;2020-10-21;"quarta-feira";"02:30:00";"GO";50;151,2;"CAMPO ALEGRE DE GOIAS";"Condutor Dormindo";"Saída de leito carroçável";"Com Vítimas Feridas";"Plena Noite";"Decrescente";"Chuva";"Dupla";"Declive;Reta";"Não";3;0;1;0;1;1;1;2;-17,1825;-47,7291;"SPRF-GO";"DEL06-GO";"UOP01-DEL06-GO"
316054;2020-10-21;"quarta-feira";"02:58:00";"BA";324;478;"TANQUINHO";"Velocidade Incompatível";"Saída de leito carroçável";"Com Vítimas Fatais";"Plena Noite";"Crescente";"Céu Claro";"Simples";"Curva";"Não";2;1;0;0;0;1;0;2;-11,98397203;-39,08467603;"SPRF-BA";"DEL02-BA";"UOP01-DEL02-BA"
316056;2020-09-22;"terça-feira";"10:20:00";"RJ";393;298;"BARRA MANSA";"Desobediência às normas de trânsito pelo condutor";"Colisão transversal";"Com Vítimas Feridas";"Pleno dia";"Crescente";"Chuva";"Simples";"Curva";"Sim";3;0;2;0;0;1;2;3;-22,54313289;-44,11298586;"SPRF-RJ";"DEL07-RJ";"UOP02-DEL07-RJ"
316057;2020-10-21;"quarta-feira";"05:15:00";"PE";101;21;"GOIANA";"Falta de Atenção à Condução";"Colisão com objeto estático";"Com Vítimas Feridas";"Amanhecer";"Crescente";"Nublado";"Dupla";"Reta";"Não";1;0;1;0;0;0;1;1;-7,667766;-34,93266;"SPRF-PE";"DEL01-PE";"UOP02-DEL01-PE"
316058;2020-10-21;"quarta-feira";"06:00:00";"PR";116;0,5;"CAMPINA GRANDE DO SUL";"Falta de Atenção à Condução";"Saída de leito carroçável";"Sem Vítimas";"Amanhecer";"Crescente";"Nublado";"Dupla";"Curva";"Não";1;0;0;0;1;0;0;1;-25,0604;-48,562973;"SPRF-PR";"DEL01-PR";"UOP02-DEL01-PR"
316059;2020-10-21;"quarta-feira";"05:40:00";"SP";116;356,8;"MIRACATU";"Falta de Atenção à Condução";"Colisão traseira";"Com Vítimas Feridas";"Amanhecer";"Decrescente";"Nublado";"Simples";"Declive;Reta";"Não";3;0;1;0;2;0;1;2;-24,09579592;-47,25657463;"SPRF-SP";"DEL04-SP";"UOP02-DEL04-SP"
316060;2020-10-21;"quarta-feira";"05:40:00";"MG";381;450;"SABARA";"Falta de Atenção à Condução";"Colisão frontal";"Com Vítimas Feridas";"Amanhecer";"Decrescente";"Chuva";"Simples";"Túnel";"Sim";6;0;2;0;3;1;2;5;-19,84130639;-43,87176902;"SPRF-MG";"DEL01-MG";"UOP01-DEL01-MG"
316061;2020-10-21;"quarta-feira";"05:30:00";"PB";230;24;"JOAO PESSOA";"Não guardar distância de segurança";"Colisão traseira";"Sem Vítimas";"Pleno dia";"Decrescente";"Chuva";"Dupla";"Reta";"Sim";2;0;0;0;2;0;0;2;-7,1637;-34,8618;"SPRF-PB";"DEL01-PB";"UOP01-DEL01-PB"
316066;2020-10-21;"quarta-feira";"06:50:00";"SC";470;12;"NAVEGANTES";"Não guardar distância de segurança";"Colisão traseira";"Com Vítimas Feridas";"Pleno dia";"Crescente";"Céu Claro";"Simples";"Reta";"Não";4;0;1;0;3;0;1;3;-26,835169;-48,757267;"SPRF-SC";"DEL04-SC";"UOP04-DEL04-SC"
316067;2020-10-21;"quarta-feira";"07:00:00";"MG";381;333,7;"NOVA ERA";"Pista Escorregadia";"Colisão frontal";"Com Vítimas Feridas";"Pleno dia";"Decrescente";"Chuva";"Simples";"Curva";"Não";5;0;3;0;1;1;3;3;-19,80306599;-43,06083702;"SPRF-MG";"DEL03-MG";"UOP01-DEL03-MG"
316071;2020-10-21;"quarta-feira";"07:45:00";"SP";153;61,3;"SAO JOSE DO RIO PRETO";"Falta de Atenção à Condução";"Engavetamento";"Com Vítimas Feridas";"Pleno dia";"Decrescente";"Nublado";"Dupla";"Reta";"Sim";4;0;1;0;3;0;1;4;-20,80502876;-49,35574909;"SPRF-SP";"DEL09-SP";"UOP01-DEL09-SP"
316073;2020-10-21;"quarta-feira";"04:40:00";"MG";116;29,7;"CACHOEIRA DE PAJEU";"Velocidade Incompatível";"Colisão frontal";"Com Vítimas Fatais";"Plena Noite";"Decrescente";"Garoa/Chuvisco";"Simples";"Curva";"Não";4;2;0;0;2;0;0;2;-15,89812313;-41,41608042;"SPRF-MG";"DEL11-MG";"UOP02-DEL11-MG"
316091;2020-10-21;"quarta-feira";"06:30:00";"BA";116;662;"JEQUIE";"Defeito Mecânico no Veículo";"Incêndio";"Sem Vítimas";"Pleno dia";"Crescente";"Céu Claro";"Simples";"Reta";"Não";2;0;0;0;1;1;0;2;-13,71612498;-40,09445222;"SPRF-BA";"DEL03-BA";"UOP01-DEL03-BA"
316094;2020-10-21;"quarta-feira";"07:40:00";"MG";381;431;"SABARA";"Velocidade Incompatível";"Colisão frontal";"Com Vítimas Feridas";"Pleno dia";"Decrescente";"Chuva";"Simples";"Curva";"Não";2;0;0;1;1;0;1;2;-19,78831547;-43,73175712;"SPRF-MG";"DEL01-MG";"UOP01-DEL01-MG"
316098;2020-10-21;"quarta-feira";"07:50:00";"ES";101;290,9;"CARIACICA";"Falta de Atenção à Condução";"Colisão transversal";"Com Vítimas Feridas";"Pleno dia";"Crescente";"Céu Claro";"Múltipla";"Interseção de Vias;Reta";"Não";2;0;0;1;1;0;1;2;-20,28927747;-40,39181575;"SPRF-ES";"DEL01-ES";"UOP01-DEL01-ES"
316099;2020-10-21;"quarta-feira";"09:00:00";"MG";262;490,1;"BOM DESPACHO";"Condutor Dormindo";"Colisão frontal";"Com Vítimas Feridas";"Pleno dia";"Decrescente";"Céu Claro";"Simples";"Declive";"Não";3;0;1;1;0;2;2;4;-19,78273683;-45,34197299;"SPRF-MG";"DEL08-MG";"UOP03-DEL08-MG"
316100;2020-10-21;"quarta-feira";"08:00:00";"MG";365;592;"UBERLANDIA";"Falta de Atenção à Condução";"Colisão com objeto estático";"Com Vítimas Feridas";"Amanhecer";"Crescente";"Sol";"Simples";"Rotatória";"Não";5;0;1;0;1;3;1;4;-18,87951334;-48,06156814;"SPRF-MG";"DEL15-MG";"UOP02-DEL15-MG"
316107;2020-09-14;"segunda-feira";"11:00:00";"PA";163;116;"ALTAMIRA";"Defeito Mecânico no Veículo";"Incêndio";"Sem Vítimas";"Pleno dia";"Crescente";"Céu Claro";"Simples";"Reta";"Não";2;0;0;0;1;1;0;2;-8,65146224;-55,02321927;"SPRF-PA";"DEL05-PA";"UOP01-DEL05-PA"
316109;2020-10-21;"quarta-feira";"08:40:00";"PR";153;344;"REBOUCAS";"Ingestão de Álcool";"Colisão transversal";"Com Vítimas Feridas";"Pleno dia";"Decrescente";"Céu Claro";"Simples";"Reta";"Não";3;0;1;1;1;0;2;2;-25,56118096;-50,67815908;"SPRF-PR";"DEL03-PR";"UOP03-DEL03-PR"
316111;2020-10-21;"quarta-feira";"10:00:00";"RS";290;92;"PORTO ALEGRE";"Falta de Atenção à Condução";"Colisão transversal";"Com Vítimas Feridas";"Pleno dia";"Decrescente";"Céu Claro";"Múltipla";"Reta";"Sim";3;0;2;0;1;0;2;2;-29,971916;-51,176838;"SPRF-RS";"DEL01-RS";"UOP01-DEL01-RS"
316113;2020-10-21;"quarta-feira";"10:40:00";"GO";60;100;"ANAPOLIS";"Falta de Atenção à Condução";"Colisão traseira";"Sem Vítimas";"Pleno dia";"Crescente";"Nublado";"Dupla";"Curva;Aclive;Em Obras";"Sim";2;0;0;0;2;0;0;2;-16,3979;-48,9664;"SPRF-GO";"DEL02-GO";"UOP01-DEL02-GO"
316116;2020-10-21;"quarta-feira";"11:00:00";"PB";101;84;"JOAO PESSOA";"Falta de Atenção à Condução";"Colisão lateral";"Sem Vítimas";"Pleno dia";"Crescente";"Céu Claro";"Dupla";"Reta";"Sim";3;0;0;0;2;1;0;3;-7,13957906;-34,92312806;"SPRF-PB";"DEL01-PB";"UOP01-DEL01-PB"
316118;2020-10-21;"quarta-feira";"08:40:00";"MG";365;604;"UBERLANDIA";"Falta de Atenção à Condução";"Colisão lateral";"Com Vítimas Feridas";"Pleno dia";"Crescente";"Nublado";"Simples";"Curva";"Não";3;0;1;0;1;1;1;3;-18,89183225;-48,14638138;"SPRF-MG";"DEL15-MG";"UOP01-DEL15-MG"
316125;2020-10-21;"quarta-feira";"11:45:00";"ES";262;46,3;"MARECHAL FLORIANO";"Desobediência às normas de trânsito pelo condutor";"Colisão transversal";"Com Vítimas Feridas";"Pleno dia";"Decrescente";"Chuva";"Simples";"Retorno Regulamentado";"Sim";3;0;1;0;1;2;1;4;-20,40565705;-40,67280081;"SPRF-ES";"DEL01-ES";"UOP01-DEL01-ES"
316127;2020-10-21;"quarta-feira";"09:15:00";"MS";262;21;"TRES LAGOAS";"Falta de Atenção à Condução";"Tombamento";"Com Vítimas Feridas";"Pleno dia";"Decrescente";"Céu Claro";"Simples";"Curva";"Não";2;0;1;0;0;1;1;2;-20,8210106;-51,79323507;"SPRF-MS";"DEL07-MS";"UOP01-DEL07-MS"
316129;2020-10-21;"quarta-feira";"11:30:00";"GO";452;189,5;"ITUMBIARA";"Falta de Atenção à Condução";"Colisão traseira";"Com Vítimas Feridas";"Pleno dia";"Decrescente";"Céu Claro";"Simples";"Aclive;Reta";"Não";3;0;1;0;2;0;1;2;-18,38867632;-49,28567776;"SPRF-GO";"DEL03-GO";"UOP02-DEL03-GO"
316132;2020-10-21;"quarta-feira";"05:59:00";"MG";381;648,9;"SANTO ANTONIO DO AMPARO";"Falta de Atenção do Pedestre";"Atropelamento de Pedestre";"Com Vítimas Fatais";"Amanhecer";"Decrescente";"Nublado";"Dupla";"Curva";"Sim";2;1;0;0;0;1;0;2;-20,95779272;-44,90206718;"SPRF-MG";"DEL04-MG";"UOP02-DEL04-MG"
316133;2020-01-22;"quarta-feira";"17:20:00";"MT";70;522;"VARZEA GRANDE";"Falta de Atenção à Condução";"Colisão frontal";"Sem Vítimas";"Pleno dia";"Decrescente";"Nublado";"Simples";"Reta";"Não";3;0;0;0;2;4;0;6;-15,66153387;-56,18653558;"SPRF-MT";"DEL01-MT";"DEL2/4-UOP02/MT"
316135;2020-10-21;"quarta-feira";"14:00:00";"SC";101;137;"BALNEARIO CAMBORIU";"Falta de Atenção à Condução";"Colisão traseira";"Com Vítimas Feridas";"Pleno dia";"Decrescente";"Céu Claro";"Dupla";"Reta";"Sim";2;0;1;0;1;0;1;2;-27,0157238;-48,61192763;"SPRF-SC";"DEL04-SC";"UOP03-DEL04-SC"