"id";"data_inversa";"dia_semana";"horario";"uf";"br";"km";"municipio";"causa_acidente";"tipo_acidente";"classificacao_acidente";"fase_dia";"sentido_via";"condicao_metereologica";"tipo_pista";"tracado_via";"uso_solo";"pessoas";"mortos";"feridos_leves";"feridos_graves";"ilesos";"ignorados";"feridos";"veiculos";"latitude";"longitude";"regional";"delegacia";"uop"
316136;2020-10-21;"quarta-feira";"12:25:00";"PA";10;224;"IPIXUNA DO PARA";"Falta de Atenção à Condução";"Tombamento";"Com Vítimas Feridas";"Pleno dia";"Crescente";"Céu Claro";"Simples";"Reta";"Não";2;0;0;1;0;1;1;2;-2,46907501;-47,50995468;"SPRF-PA";"DEL02-PA";"UOP01-DEL02-PA"
316140;2020-10-21;"quarta-feira";"10:15:00";"SC";282;446,2;"PONTE SERRADA";"Falta de Atenção à Condução";"Colisão lateral";"Com Vítimas Feridas";"Pleno dia";"Decrescente";"Céu Claro";"Simples";"Curva";"Não";5;0;1;1;2;2;2;5;-26,910217;-51,914951;"SPRF-SC";"DEL07-SC";"UOP04-DEL07-SC"
316141;2020-10-21;"quarta-feira";"13:50:00";"PR";376;489;"PONTA GROSSA";"Não guardar distância de segurança";"Colisão traseira";"Com Vítimas Feridas";"Pleno dia";"Decrescente";"Céu Claro";"Dupla";"Reta;Aclive";"Sim";4;0;0;1;2;2;1;5;-25,14172584;-50,1586859;"SPRF-PR";"DEL03-PR";"UOP04-DEL03-PR"
316142;2020-10-21;"quarta-feira";"14:50:00";"MG";381;820;"CAREACU";"Velocidade Incompatível";"Saída de leito carroçável";"Com Vítimas Feridas";"Pleno dia";"Crescente";"Nublado";"Dupla";"Reta";"Não";4;0;2;0;1;1;2;3;-22,1081057;-45,74028007;"SPRF-MG";"DEL16-MG";"UOP02-DEL16-MG"
316143;2020-10-21;"quarta-feira";"14:00:00";"ES";101;16;"PEDRO CANARIO";"Ingestão de Álcool";"Colisão transversal";"Sem Vítimas";"Pleno dia";"Crescente";"Nublado";"Simples";"Reta";"Sim";3;0;0;0;3;0;0;2;-18,29874595;-39,95732581;"SPRF-ES";"DEL04-ES";"UOP02-DEL04-ES"
316146;2020-10-21;"quarta-feira";"14:00:00";"PE";116;21;"SALGUEIRO";"Falta de Atenção à Condução";"Colisão frontal";"Com Vítimas Fatais";"Pleno dia";"Decrescente";"Céu Claro";"Simples";"Aclive";"Não";3;1;0;0;1;1;0;3;-8,0268073;-39,1437;"SPRF-PE";"DEL05-PE";"UOP01-DEL05-PE"
316150;2020-10-21;"quarta-feira";"15:20:00";"PR";116;145;"MANDIRITUBA";"Falta de Atenção à Condução";"Colisão traseira";"Com Vítimas Feridas";"Pleno dia";"Crescente";"Céu Claro";"Simples";"Reta";"Não";2;0;1;0;1;0;1;2;-25,77290167;-49,32325542;"SPRF-PR";"DEL01-PR";"UOP03-DEL01-PR"
316155;2020-10-21;"quarta-feira";"11:00:00";"PR";153;154,1;"VENTANIA";"Velocidade Incompatível";"Saída de leito carroçável";"Sem Vítimas";"Pleno dia";"Crescente";"Céu Claro";"Simples";"Curva";"Não";2;0;0;0;1;2;0;3;-24,18966605;-50,20867825;"SPRF-PR";"DEL07-PR";"UOP04-DEL07-PR"
316156;2020-10-21;"quarta-feira";"15:10:00";"ES";101;139;"LINHARES";"Falta de Atenção à Condução";"Colisão traseira";"Com Vítimas Feridas";"Pleno dia";"Decrescente";"Nublado";"Múltipla";"Reta";"Sim";2;0;1;0;1;0;1;2;-19,3101728;-40,0799666;"SPRF-ES";"DEL04-ES";"UOP01-DEL04-ES"
316157;2020-10-21;"quarta-feira";"15:50:00";"ES";101;266,2;"SERRA";"Desobediência às normas de trânsito pelo condutor";"Colisão transversal";"Com Vítimas Feridas";"Pleno dia";"Decrescente";"Nublado";"Múltipla";"Interseção de Vias";"Sim";4;0;2;0;1;2;2;4;-20,190199;-40,26828891;"SPRF-ES";"DEL02-ES";"UOP01-DEL02-ES"
316158;2020-10-18;"domingo";"03:00:00";"RS";386;12,7;"FREDERICO WESTPHALEN";"Condutor Dormindo";"Saída de leito carroçável";"Sem Vítimas";"Plena Noite";"Crescente";"Céu Claro";"Simples";"Curva";"Não";1;0;0;0;1;0;0;1;-27,225494;-53,319019;"SPRF-RS";"DEL08-RS";"UOP02-DEL08-RS"
316164;2020-10-21;"quarta-feira";"15:00:00";"BA";20;148;"BARREIRAS";"Ultrapassagem Indevida";"Colisão frontal";"Com Vítimas Fatais";"Pleno dia";"Crescente";"Céu Claro";"Simples";"Declive";"Não";5;1;0;0;3;5;0;9;-12;-45;"SPRF-BA";"DEL10-BA";"UOP01-DEL10-BA"
316179;2020-10-15;"quinta-feira";"15:25:00";"PE";232;439,7;"SERRA TALHADA";"Desobediência às normas de trânsito pelo condutor";"Engavetamento";"Sem Vítimas";"Pleno dia";"Decrescente";"Céu Claro";"Simples";"Reta";"Não";3;0;0;0;3;0;0;3;-8,01044513;-38,55081401;"SPRF-PE";"DEL04-PE";"UOP01-DEL04-PE"
316183;2020-10-21;"quarta-feira";"18:30:00";"SE";101;87;"NOSSA SENHORA DO SOCORRO";"Falta de Atenção à Condução";"Colisão com objeto em movimento";"Com Vítimas Feridas";"Plena Noite";"Decrescente";"Céu Claro";"Dupla";"Reta";"Não";2;0;1;0;0;1;1;2;-10,86174498;-37,13526579;"SPRF-SE";"DEL01-SE";"UOP01-DEL01-SE"
316190;2020-10-21;"quarta-feira";"18:40:00";"RS";290;151,1;"ARROIO DOS RATOS";"Desobediência às normas de trânsito pelo condutor";"Colisão transversal";"Com Vítimas Feridas";"Plena Noite";"Decrescente";"Céu Claro";"Simples";"Reta;Interseção de Vias";"Sim";3;0;1;0;1;1;1;3;-30,10483464;-51,72654033;"SPRF-RS";"DEL02-RS";"UOP01-DEL02-RS"
316193;2020-10-21;"quarta-feira";"19:38:00";"MG";381;360;"JOAO MONLEVADE";"Desobediência às normas de trânsito pelo condutor";"Colisão transversal";"Com Vítimas Feridas";"Plena Noite";"Crescente";"Nublado";"Simples";"Curva";"Não";2;0;0;1;0;1;1;2;-19,839524;-43,196503;"SPRF-MG";"DEL03-MG";"UOP01-DEL03-MG"
316200;2020-10-21;"quarta-feira";"20:20:00";"PR";277;380,7;"CANDOI";"Ultrapassagem Indevida";"Colisão frontal";"Com Vítimas Feridas";"Plena Noite";"Decrescente";"Céu Claro";"Simples";"Reta";"Não";7;0;3;2;1;3;5;7;-25,423;-51,789;"SPRF-PR";"DEL08-PR";"UOP01-DEL08-PR"
316205;2020-10-21;"quarta-feira";"21:15:00";"MG";40;501,1;"ESMERALDAS";"Falta de Atenção à Condução";"Colisão traseira";"Com Vítimas Feridas";"Plena Noite";"Crescente";"Céu Claro";"Dupla";"Aclive;Reta";"Não";2;0;0;1;1;0;1;2;-19,708057;-44,166873;"SPRF-MG";"DEL02-MG";"UOP01-DEL02-MG"
316209;2020-10-21;"quarta-feira";"20:00:00";"PB";230;56;"CRUZ DO ESPIRITO SANTO";"Falta de Atenção à Condução";"Colisão traseira";"Sem Vítimas";"Plena Noite";"Crescente";"Céu Claro";"Dupla";"Reta";"Não";3;0;0;0;2;1;0;3;-7,2021;-35,1038;"SPRF-PB";"DEL01-PB";"UOP03-DEL01-PB"
316210;2020-10-21;"quarta-feira";"11:30:00";"PA";163;36,5;"NOVO PROGRESSO";"Falta de Atenção à Condução";"Colisão com objeto estático";"Com Vítimas Feridas";"Pleno dia";"Crescente";"Sol";"Simples";"Curva";"Não";2;0;0;1;0;2;1;3;-9,26214276;-54,8350963;"SPRF-PA";"DEL05-PA";"UOP01-DEL05-PA"
316211;2020-10-21;"quarta-feira";"20:30:00";"MG";381;918;"CAMANDUCAIA";"Carga excessiva e/ou mal acondicionada";"Colisão com objeto em movimento";"Com Vítimas Feridas";"Plena Noite";"Decrescente";"Céu Claro";"Dupla";"Aclive;Curva";"Sim";5;0;1;0;3;1;1;4;-22,77347912;-46,18491379;"SPRF-MG";"DEL16-MG";"UOP03-DEL16-MG"
316214;2020-10-21;"quarta-feira";"21:45:00";"SC";470;122,8;"IBIRAMA";"Velocidade Incompatível";"Tombamento";"Com Vítimas Feridas";"Plena Noite";"Decrescente";"Nublado";"Simples";"Curva";"Não";3;0;1;1;0;1;2;2;-27,09806288;-49,5303154;"SPRF-SC";"DEL04-SC";"UOP02-DEL04-SC"
316216;2020-10-21;"quarta-feira";"20:20:00";"MG";381;505,2;"BETIM";"Desobediência às normas de trânsito pelo condutor";"Engavetamento";"Com Vítimas Feridas";"Plena Noite";"Crescente";"Nublado";"Múltipla";"Reta";"Sim";6;0;2;0;3;1;2;4;-20,03566669;-44,24492741;"SPRF-MG";"DEL01-MG";"UOP03-DEL01-MG"
316217;2020-10-21;"quarta-feira";"21:45:00";"GO";153;355,4;"JARAGUA";"Animais na Pista";"Atropelamento de Animal";"Com Vítimas Feridas";"Plena Noite";"Decrescente";"Nublado";"Simples";"Reta";"Não";1;0;1;0;0;0;1;1;-15,71565856;-49,32943605;"SPRF-GO";"DEL02-GO";"UOP02-DEL02-GO"
316218;2020-10-21;"quarta-feira";"20:25:00";"BA";242;571;"IBOTIRAMA";"Falta de Atenção à Condução";"Tombamento";"Sem Vítimas";"Plena Noite";"Decrescente";"Céu Claro";"Simples";"Curva";"Não";2;0;0;0;1;3;0;4;-12,088562;-43,155882;"SPRF-BA";"DEL06-BA";"UOP03-DEL06-BA"
316219;2020-10-21;"quarta-feira";"20:10:00";"SC";282;406,9;"CATANDUVAS";"Falta de Atenção à Condução";"Colisão frontal";"Com Vítimas Feridas";"Plena Noite";"Crescente";"Céu Claro";"Simples";"Reta";"Não";4;0;1;0;1;2;1;4;-27,092703;-51,659904;"SPRF-SC";"DEL07-SC";"UOP05-DEL07-SC"
316224;2020-10-21;"quarta-feira";"21:10:00";"SC";101;354,4;"SANGAO";"Falta de Atenção à Condução";"Colisão traseira";"Com Vítimas Feridas";"Plena Noite";"Decrescente";"Nublado";"Múltipla";"Aclive";"Sim";3;0;1;0;1;2;1;4;-28,61806302;-49,07013199;"SPRF-SC";"DEL02-SC";"UOP01-DEL02-SC"
316226;2020-10-21;"quarta-feira";"22:30:00";"SC";282;214,6;"PALHOCA";"Falta de Atenção à Condução";"Colisão lateral";"Sem Vítimas";"Plena Noite";"Crescente";"Nublado";"Múltipla";"Declive;Reta";"Sim";3;0;0;0;2;1;0;3;-27,64815134;-48,67333889;"SPRF-SC";"DEL05-SC";"UOP01-DEL05-SC"
316227;2020-10-21;"quarta-feira";"23:15:00";"MG";381;491,9;"BETIM";"Falta de Atenção à Condução";"Atropelamento de Pedestre";"Com Vítimas Feridas";"Plena Noite";"Crescente";"Céu Claro";"Dupla";"Reta";"Não";2;0;1;0;1;0;1;2;-19,96124811;-44,16220665;"SPRF-MG";"DEL01-MG";"UOP03-DEL01-MG"
316230;2020-10-21;"quarta-feira";"23:10:00";"RS";116;443;"CRISTAL";"Condutor Dormindo";"Saída de leito carroçável";"Com Vítimas Feridas";"Plena Noite";"Crescente";"Garoa/Chuvisco";"Dupla";"Reta";"Não";2;0;0;1;0;1;1;2;-31,131035;-52,02895801;"SPRF-RS";"DEL02-RS";"UOP02-DEL02-RS"
316231;2020-10-21;"quarta-feira";"23:10:00";"PE";110;104;"SERTANIA";"Defeito Mecânico no Veículo";"Tombamento";"Com Vítimas Feridas";"Plena Noite";"Decrescente";"Vento";"Simples";"Reta";"Não";1;0;1;0;0;0;1;1;-8,3988809;-37,34819098;"SPRF-PE";"DEL03-PE";"UOP02-DEL03-PE"
316232;2020-10-22;"quinta-feira";"00:40:00";"SP";116;269;"TABOAO DA SERRA";"Falta de Atenção à Condução";"Colisão transversal";"Sem Vítimas";"Plena Noite";"Crescente";"Céu Claro";"Dupla";"Interseção de Vias";"Sim";2;0;0;0;1;1;0;2;-23,61593059;-46,78826044;"SPRF-SP";"DEL04-SP";"UOP01-DEL04-SP"
316233;2020-10-22;"quinta-feira";"01:40:00";"PR";369;104;"URAI";"Falta de Atenção à Condução";"Colisão lateral";"Com Vítimas Feridas";"Plena Noite";"Crescente";"Céu Claro";"Dupla";"Aclive";"Não";6;0;1;0;4;1;1;5;-23,249046;-50,752973;"SPRF-PR";"DEL07-PR";"UOP01-DEL07-PR"
316239;2020-10-21;"quarta-feira";"23:05:00";"MT";174;7;"PONTES E LACERDA";"Desobediência às normas de trânsito pelo condutor";"Colisão frontal";"Com Vítimas Fatais";"Plena Noite";"Decrescente";"Céu Claro";"Simples";"Reta";"Sim";3;1;0;0;1;1;0;3;-15,20706;-59,36209;"SPRF-MT";"DEL03-MT";"UOP01-DEL03-MT"
316240;2020-10-22;"quinta-feira";"00:30:00";"MT";174;456;"COMODORO";"Falta de Atenção à Condução";"Saída de leito carroçável";"Com Vítimas Feridas";"Plena Noite";"Crescente";"Céu Claro";"Simples";"Reta";"Não";2;0;2;0;0;0;2;1;-13,926673;-59,762677;"SPRF-MT";"DEL04-MT";"UOP01-DEL04-MT"
316241;2020-10-22;"quinta-feira";"04:20:00";"PR";116;114;"CURITIBA";"Falta de Atenção à Condução";"Colisão traseira";"Sem Vítimas";"Amanhecer";"Crescente";"Nublado";"Dupla";"Reta";"Sim";2;0;0;0;2;0;0;2;-25,56296907;-49,25643801;"SPRF-PR";"DEL01-PR";"UOP01-DEL01-PR"
316242;2020-10-22;"quinta-feira";"03:35:00";"RJ";116;269,3;"BARRA MANSA";"Falta de Atenção à Condução";"Colisão traseira";"Sem Vítimas";"Amanhecer";"Decrescente";"Céu Claro";"Dupla";"Curva";"Sim";5;0;0;0;3;3;0;6;-22,57510092;-44,11542461;"SPRF-RJ";"DEL07-RJ";"UOP02-DEL07-RJ"
316243;2020-10-21;"quarta-feira";"22:00:00";"BA";101;54;"ENTRE RIOS";"Falta de Atenção à Condução";"Colisão traseira";"Com Vítimas Feridas";"Plena Noite";"Crescente";"Céu Claro";"Dupla";"Curva";"Não";4;0;1;0;2;1;1;3;-11,94448831;-38,06286486;"SPRF-BA";"DEL01-BA";"UOP04-DEL01-BA"
316245;2020-10-22;"quinta-feira";"05:20:00";"PB";101;88;"JOAO PESSOA";"Velocidade Incompatível";"Colisão com objeto estático";"Com Vítimas Feridas";"Pleno dia";"Decrescente";"Céu Claro";"Simples";"Curva";"Sim";2;0;1;0;1;0;1;2;-7,16455651;-34,89555571;"SPRF-PB";"DEL01-PB";"UOP01-DEL01-PB"
316248;2020-10-22;"quinta-feira";"06:10:00";"MG";116;771,3;"LEOPOLDINA";"Velocidade Incompatível";"Tombamento";"Com Vítimas Feridas";"Pleno dia";"Decrescente";"Nublado";"Simples";"Curva";"Não";2;0;1;0;1;0;1;2;-21,55638202;-42,67583002;"SPRF-MG";"DEL07-MG";"UOP01-DEL07-MG"
316251;2020-10-22;"quinta-feira";"05:18:00";"SP";116;215;"GUARULHOS";"Não guardar distância de segurança";"Colisão lateral";"Com Vítimas Feridas";"Amanhecer";"Crescente";"Nublado";"Múltipla";"Reta";"Sim";5;0;2;0;1;2;2;4;-23,44695693;-46,45394103;"SPRF-SP";"DEL01-SP";"UOP01-DEL01-SP"
316258;2020-10-22;"quinta-feira";"01:00:00";"MG";116;634,1;"DIVINO";"Velocidade Incompatível";"Colisão frontal";"Com Vítimas Fatais";"Plena Noite";"Decrescente";"Nublado";"Simples";"Curva";"Não";3;1;0;0;1;1;0;3;-20,61516;-42,217882;"SPRF-MG";"DEL07-MG";"UOP03-DEL07-MG"
316260;2020-10-22;"quinta-feira";"05:45:00";"RS";116;34,5;"VACARIA";"Ingestão de Álcool";"Colisão traseira";"Com Vítimas Feridas";"Pleno dia";"Crescente";"Céu Claro";"Simples";"Reta";"Não";5;0;3;0;1;1;3;3;-28,47816403;-50,89824895;"SPRF-RS";"DEL05-RS";"UOP03-DEL05-RS"
316265;2020-10-22;"quinta-feira";"06:40:00";"SP";116;514;"CAJATI";"Desobediência às normas de trânsito pelo condutor";"Tombamento";"Com Vítimas Feridas";"Pleno dia";"Decrescente";"Céu Claro";"Simples";"Curva";"Não";2;0;0;1;0;2;1;3;-24,86385481;-48,21418762;"SPRF-SP";"DEL05-SP";"UOP02-DEL05-SP"
316268;2020-10-22;"quinta-feira";"07:05:00";"MA";222;672;"ACAILANDIA";"Falta de Atenção à Condução";"Colisão lateral";"Sem Vítimas";"Pleno dia";"Decrescente";"Céu Claro";"Simples";"Interseção de Vias";"Sim";4;0;0;0;3;1;0;4;-4,92508085;-47,43821808;"SPRF-MA";"DEL04-MA";"UOP03-DEL04-MA"
316271;2020-10-14;"quarta-feira";"22:00:00";"MS";163;21;"MUNDO NOVO";"Falta de Atenção à Condução";"Colisão frontal";"Com Vítimas Feridas";"Plena Noite";"Decrescente";"Garoa/Chuvisco";"Simples";"Declive";"Não";4;0;0;1;1;3;1;5;-23,91837576;-54,2894369;"SPRF-MS";"DEL09-MS";"UOP02-DEL09-MS"
316278;2020-10-22;"quinta-feira";"08:20:00";"PR";116;111,5;"CURITIBA";"Desobediência às normas de trânsito pelo condutor";"Colisão traseira";"Com Vítimas Feridas";"Pleno dia";"Crescente";"Céu Claro";"Dupla";"Reta;Aclive";"Sim";3;0;1;0;1;1;1;3;-25,56885181;-49,22724597;"SPRF-PR";"DEL01-PR";"UOP01-DEL01-PR"
316279;2020-10-22;"quinta-feira";"08:30:00";"RS";285;235,9;"CASEIROS";"Desobediência às normas de trânsito pelo condutor";"Colisão transversal";"Com Vítimas Feridas";"Pleno dia";"Crescente";"Céu Claro";"Simples";"Interseção de Vias";"Não";4;0;2;0;1;1;2;3;-28,25177176;-51,85752869;"SPRF-RS";"DEL08-RS";"UOP03-DEL08-RS"
316288;2020-10-22;"quinta-feira";"05:00:00";"RS";293;273,1;"DOM PEDRITO";"Animais na Pista";"Tombamento";"Sem Vítimas";"Plena Noite";"Decrescente";"Céu Claro";"Simples";"Reta";"Não";2;0;0;0;1;1;0;2;-30,88421663;-54,87750886;"SPRF-RS";"DEL11-RS";"UOP01-DEL11-RS"
316291;2020-10-22;"quinta-feira";"10:00:00";"RJ";116;90,9;"GUAPIMIRIM";"Defeito Mecânico no Veículo";"Incêndio";"Sem Vítimas";"Pleno dia";"Decrescente";"Céu Claro";"Simples";"Aclive;Curva";"Não";1;0;0;0;1;0;0;1;-22,46035934;-42,96568206;"SPRF-RJ";"DEL04-RJ";"UOP02-DEL04-RJ"
316295;2020-10-10;"sábado";"17:25:00";"PR";277;213,1;"TEIXEIRA SOARES";"Desobediência às normas de trânsito pelo condutor";"Colisão transversal";"Com Vítimas Fatais";"Pleno dia";"Decrescente";"Céu Claro";"Simples";"Interseção de Vias";"Não";3;1;0;0;1;2;0;4;-25,47107905;-50,32175304;"SPRF-PR";"DEL03-PR";"UOP03-DEL03-PR"
316296;2020-10-22;"quinta-feira";"08:00:00";"SC";280;241;"CANOINHAS";"Velocidade Incompatível";"Colisão traseira";"Com Vítimas Feridas";"Pleno dia";"Decrescente";"Céu Claro";"Simples";"Reta";"Não";4;0;2;0;1;1;2;3;-26,22501599;-50,45997601;"SPRF-SC";"DEL06-SC";"UOP04-DEL06-SC"
316299;2020-10-22;"quinta-feira";"11:10:00";"MG";381;576,5;"CARMOPOLIS DE MINAS";"Falta de Atenção à Condução";"Colisão traseira";"Com Vítimas Feridas";"Pleno dia";"Crescente";"Nublado";"Dupla";"Reta";"Não";3;0;1;0;1;2;1;4;-20,48100267;-44,58883345;"SPRF-MG";"DEL04-MG";"UOP01-DEL04-MG"
316305;2020-10-22;"quinta-feira";"08:20:00";"SC";282;66,3;"RANCHO QUEIMADO";"Velocidade Incompatível";"Colisão lateral";"Com Vítimas Feridas";"Pleno dia";"Decrescente";"Chuva";"Simples";"Curva";"Não";5;0;1;2;1;1;3;4;-27,699602;-49,062912;"SPRF-SC";"DEL01-SC";"UOP03-DEL01-SC"
316306;2020-10-22;"quinta-feira";"12:00:00";"PR";476;141;"CURITIBA";"Desobediência às normas de trânsito pelo condutor";"Colisão lateral";"Com Vítimas Feridas";"Pleno dia";"Decrescente";"Nublado";"Dupla";"Reta";"Sim";3;0;1;0;2;0;1;3;-25,528614;-49,298798;"SPRF-PR";"DEL01-PR";"UOP03-DEL01-PR"
316311;2020-10-22;"quinta-feira";"12:40:00";"PR";373;200;"IPIRANGA";"Falta de Atenção à Condução";"Colisão transversal";"Com Vítimas Feridas";"Pleno dia";"Decrescente";"Ignorado";"Simples";"Interseção de Vias";"Não";2;0;1;0;1;0;1;2;-25,09144878;-50,41440889;"SPRF-PR";"DEL03-PR";"UOP04-DEL03-PR"
316317;2020-03-17;"terça-feira";"04:00:00";"MG";50;140,1;"UBERABA";"Condutor Dormindo";"Saída de leito carroçável";"Com Vítimas Feridas";"Plena Noite";"Decrescente";"Céu Claro";"Dupla";"Reta";"Não";1;0;1;0;0;0;1;1;-19,47657604;-48,05332612;"SPRF-MG";"DEL13-MG";"UOP01-DEL13-MG"
316323;2020-10-22;"quinta-feira";"10:20:00";"RJ";393;131;"SAPUCAIA";"Velocidade Incompatível";"Colisão lateral";"Com Vítimas Feridas";"Pleno dia";"Decrescente";"Céu Claro";"Simples";"Curva";"Sim";4;0;1;0;2;3;1;6;-21,96975292;-42,87664106;"SPRF-RJ";"DEL05-RJ";"UOP01-DEL05-RJ"
316324;2020-09-28;"segunda-feira";"20:10:00";"SC";101;217,8;"PALHOCA";"Falta de Atenção do Pedestre";"Atropelamento de Pedestre";"Com Vítimas Fatais";"Plena Noite";"Decrescente";"Céu Claro";"Múltipla";"Reta";"Não";3;1;0;1;0;1;1;3;-27,66779034;-48,67393586;"SPRF-SC";"DEL01-SC";"UOP02-DEL01-SC"
316328;2020-08-15;"sábado";"21:00:00";"GO";414;416;"ABADIANIA";"Velocidade Incompatível";"Tombamento";"Com Vítimas Feridas";"Plena Noite";"Crescente";"Céu Claro";"Simples";"Curva;Declive";"Não";2;0;0;1;0;1;1;2;-16,10363196;-48,86668801;"SPRF-GO";"DEL02-GO";"UOP01-DEL02-GO"
316330;2020-10-22;"quinta-feira";"13:20:00";"ES";262;34,5;"DOMINGOS MARTINS";"Defeito Mecânico no Veículo";"Derramamento de carga";"Com Vítimas Feridas";"Pleno dia";"Decrescente";"Chuva";"Simples";"Declive";"Não";1;0;0;1;0;0;1;1;-20,37252415;-40,59110674;"SPRF-ES";"DEL01-ES";"UOP01-DEL01-ES"
316337;2020-09-26;"sábado";"05:30:00";"GO";60;15;"ALEXANIA";"Defeito Mecânico no Veículo";"Danos eventuais";"Sem Vítimas";"Amanhecer";"Decrescente";"Céu Claro";"Dupla";"Reta;Declive";"Não";2;0;0;0;1;2;0;3;-16,109582;-48,357563;"SPRF-DF";"DEL03-DF";"UOP01-DEL03-DF"
316340;2020-10-22;"quinta-feira";"13:42:00";"MG";251;469,2;"FRANCISCO SA";"Pista Escorregadia";"Saída de leito carroçável";"Sem Vítimas";"Pleno dia";"Crescente";"Garoa/Chuvisco";"Simples";"Declive;Curva";"Não";2;0;0;0;1;1;0;2;-16,47846186;-43,41953476;"SPRF-MG";"DEL12-MG";"UOP01-DEL12-MG"
316342;2020-10-03;"sábado";"04:20:00";"PR";476;248,7;"LAPA";"Velocidade Incompatível";"Saída de leito carroçável";"Com Vítimas Feridas";"Plena Noite";"Crescente";"Céu Claro";"Simples";"Curva";"Não";2;0;0;1;0;1;1;2;-25,863937;-50,141865;"SPRF-PR";"DEL02-PR";"UOP04-DEL02-PR"
316343;2020-10-02;"sexta-feira";"16:30:00";"MT";364;139;"PEDRA PRETA";"Falta de Atenção à Condução";"Colisão frontal";"Sem Vítimas";"Pleno dia";"Decrescente";"Céu Claro";"Simples";"Reta";"Não";5;0;0;0;4;9;0;13;-16,80094529;-54,1099251;"SPRF-MT";"DEL02-MT";"UOP01-DEL02-MT"
316344;2020-10-14;"quarta-feira";"20:15:00";"PR";0;0;"ALTO PARAISO";"Desobediência às normas de trânsito pelo condutor";"Colisão traseira";"Com Vítimas Feridas";"Plena Noite";"Não Informado";"Garoa/Chuvisco";"Simples";"Reta;Aclive";"Não";3;0;0;1;1;2;1;4;-23,41914802;-53,78022194;"SPRF-PR";"DEL06-PR";"UOP03-DEL06-PR"
316345;2020-07-17;"sexta-feira";"12:30:00";"GO";153;495,8;"GOIANIA";"Desobediência às normas de trânsito pelo pedestre";"Atropelamento de Pedestre";"Com Vítimas Feridas";"Pleno dia";"Decrescente";"Céu Claro";"Dupla";"Reta";"Sim";4;0;0;1;1;2;1;2;-16,6776;-49,2314;"SPRF-GO";"DEL01-GO";"UOP01-DEL01-GO"
316347;2020-10-22;"quinta-feira";"15:00:00";"RS";470;269;"SAO JOSE DO SUL";"Velocidade Incompatível";"Tombamento";"Com Vítimas Feridas";"Pleno dia";"Decrescente";"Céu Claro";"Simples";"Curva;Declive";"Não";2;0;1;0;1;0;1;1;-29,519934;-51,47336;"SPRF-RS";"DEL04-RS";"UOP02-DEL04-RS"
316351;2020-09-18;"sexta-feira";"06:00:00";"PE";116;62;"CABROBO";"Falta de Atenção à Condução";"Colisão lateral";"Com Vítimas Feridas";"Pleno dia";"Decrescente";"Céu Claro";"Simples";"Reta";"Não";3;0;1;0;1;1;1;3;-8,377298;-39,152939;"SPRF-PE";"DEL05-PE";"UOP03-DEL05-PE"
316355;2020-10-22;"quinta-feira";"16:55:00";"SC";101;199,9;"SAO JOSE";"Desobediência às normas de trânsito pelo condutor";"Colisão lateral";"Com Vítimas Feridas";"Pleno dia";"Decrescente";"Nublado";"Múltipla";"Interseção de Vias";"Sim";3;0;1;0;1;2;1;4;-27,53413705;-48,63003205;"SPRF-SC";"DEL01-SC";"UOP01-DEL01-SC"
316357;2020-10-22;"quinta-feira";"17:15:00";"PE";316;306,1;"FLORESTA";"Desobediência às normas de trânsito pelo condutor";"Colisão frontal";"Com Vítimas Fatais";"Anoitecer";"Crescente";"Céu Claro";"Simples";"Curva";"Não";3;1;0;1;0;1;1;3;-8,70635325;-38,51373196;"SPRF-PE";"DEL04-PE";"UOP03-DEL04-PE"
316360;2020-10-22;"quinta-feira";"17:30:00";"GO";452;15;"RIO VERDE";"Falta de Atenção à Condução";"Colisão traseira";"Com Vítimas Feridas";"Anoitecer";"Decrescente";"Nublado";"Simples";"Reta";"Não";30;0;4;0;26;0;4;2;-17,84897532;-50,77576613;"SPRF-GO";"DEL04-GO";"UOP01-DEL04-GO"
316361;2020-10-22;"quinta-feira";"16:50:00";"RS";158;326;"SANTA MARIA";"Desobediência às normas de trânsito pelo condutor";"Colisão transversal";"Com Vítimas Feridas";"Pleno dia";"Crescente";"Céu Claro";"Simples";"Interseção de Vias";"Sim";4;0;1;1;2;0;2;2;-29,713362;-53,815674;"SPRF-RS";"DEL09-RS";"UOP01-DEL09-RS"
316363;2020-10-22;"quinta-feira";"15:10:00";"SC";101;137,6;"BALNEARIO CAMBORIU";"Não guardar distância de segurança";"Engavetamento";"Com Vítimas Feridas";"Pleno dia";"Decrescente";"Céu Claro";"Dupla";"Declive";"Sim";9;0;2;1;5;4;3;10;-27,0157238;-48,61192763;"SPRF-SC";"DEL04-SC";"UOP03-DEL04-SC"
316365;2020-10-22;"quinta-feira";"16:36:00";"RJ";40;96;"DUQUE DE CAXIAS";"Velocidade Incompatível";"Colisão com objeto estático";"Com Vítimas Feridas";"Pleno dia";"Crescente";"Chuva";"Simples";"Curva";"Não";2;0;2;0;0;0;2;1;-22,56876595;-43,27693723;"SPRF-RJ";"DEL01-RJ";"UOP01-DEL01-RJ"