"id";"data_inversa";"dia_semana";"horario";"uf";"br";"km";"municipio";"causa_acidente";"tipo_acidente";"classificacao_acidente";"fase_dia";"sentido_via";"condicao_metereologica";"tipo_pista";"tracado_via";"uso_solo";"pessoas";"mortos";"feridos_leves";"feridos_graves";"ilesos";"ignorados";"feridos";"veiculos";"latitude";"longitude";"regional";"delegacia";"uop"
317137;2020-10-25;"domingo";"22:30:00";"MG";251;335,8;"FRUTA DE LEITE";"Pista Escorregadia";"Saída de leito carroçável";"Sem Vítimas";"Plena Noite";"Decrescente";"Chuva";"Simples";"Reta";"Não";2;0;0;0;1;1;0;2;-16,25375866;-42,44612628;"SPRF-MG";"DEL12-MG";"UOP01-DEL12-MG"
317143;2020-10-26;"segunda-feira";"00:45:00";"RJ";101;195;"CASIMIRO DE ABREU";"Pista Escorregadia";"Tombamento";"Com Vítimas Feridas";"Plena Noite";"Decrescente";"Chuva";"Dupla";"Reta";"Não";1;0;1;0;0;0;1;1;-22,49220783;-42,10020136;"SPRF-RJ";"DEL08-RJ";"UOP04-DEL08-RJ"
317152;2020-10-26;"segunda-feira";"01:20:00";"BA";116;798,3;"VITORIA DA CONQUISTA";"Ingestão de Álcool";"Colisão lateral";"Com Vítimas Feridas";"Plena Noite";"Crescente";"Chuva";"Simples";"Reta";"Não";2;0;1;0;1;0;1;2;-14,70088242;-40,58375478;"SPRF-BA";"DEL08-BA";"UOP02-DEL08-BA"
317160;2020-10-26;"segunda-feira";"04:30:00";"RN";110;46,6;"MOSSORO";"Defeito na Via";"Danos eventuais";"Sem Vítimas";"Amanhecer";"Crescente";"Céu Claro";"Simples";"Rotatória";"Sim";1;0;0;0;1;0;0;1;-5,19797675;-37,31839819;"SPRF-RN";"DEL04-RN";"UOP01-DEL04-RN"
317163;2020-10-26;"segunda-feira";"05:50:00";"MG";267;153,9;"LIMA DUARTE";"Mal Súbito";"Colisão frontal";"Com Vítimas Fatais";"Pleno dia";"Decrescente";"Nublado";"Simples";"Curva";"Sim";2;1;1;0;0;0;1;2;-21,83127186;-43,75733019;"SPRF-MG";"DEL05-MG";"UOP01-DEL05-MG"
317165;2020-10-26;"segunda-feira";"06:15:00";"RN";101;124;"SAO JOSE DE MIPIBU";"Falta de Atenção à Condução";"Colisão transversal";"Sem Vítimas";"Pleno dia";"Decrescente";"Céu Claro";"Dupla";"Reta";"Sim";2;0;0;0;2;0;0;2;-6,07054896;-35,23785797;"SPRF-RN";"DEL01-RN";"UOP01-DEL01-RN"
317166;2020-10-26;"segunda-feira";"05:20:00";"MS";163;49,1;"ELDORADO";"Animais na Pista";"Atropelamento de Animal";"Sem Vítimas";"Amanhecer";"Crescente";"Nublado";"Simples";"Reta";"Não";2;0;0;0;1;2;0;3;-23,71390594;-54,2707482;"SPRF-MS";"DEL09-MS";"UOP02-DEL09-MS"
317170;2020-10-26;"segunda-feira";"04:45:00";"MG";262;855;"CONCEICAO DAS ALAGOAS";"Falta de Atenção à Condução";"Colisão com objeto estático";"Com Vítimas Feridas";"Amanhecer";"Crescente";"Céu Claro";"Dupla";"Reta";"Não";4;0;0;2;2;0;2;2;-19,77132502;-48,36663299;"SPRF-MG";"DEL13-MG";"UOP01-DEL13-MG"
317173;2020-10-26;"segunda-feira";"06:50:00";"SC";282;332;"CAMPOS NOVOS";"Condutor Dormindo";"Colisão lateral";"Sem Vítimas";"Pleno dia";"Decrescente";"Céu Claro";"Simples";"Reta";"Não";3;0;0;0;2;2;0;4;-27,390564;-51,125843;"SPRF-SC";"DEL07-SC";"UOP06-DEL07-SC"
317178;2020-10-26;"segunda-feira";"06:43:00";"PR";369;493;"CORBELIA";"Defeito Mecânico no Veículo";"Tombamento";"Com Vítimas Feridas";"Pleno dia";"Crescente";"Céu Claro";"Simples";"Curva";"Não";2;0;1;0;0;1;1;2;-24,7382;-53,2594;"SPRF-PR";"DEL09-PR";"UOP03-DEL09-PR"
317184;2020-10-25;"domingo";"10:00:00";"AM";319;193;"CAREIRO";"Falta de Atenção à Condução";"Capotamento";"Com Vítimas Feridas";"Pleno dia";"Crescente";"Céu Claro";"Simples";"Reta";"Não";3;0;2;0;0;1;2;1;-3,848775;-60,381822;"SPRF-AM";"DEL01-AM";"UOP04-DEL01-AM"
317185;2020-10-26;"segunda-feira";"07:30:00";"PA";155;344;"MARABA";"Falta de Atenção à Condução";"Colisão transversal";"Com Vítimas Feridas";"Pleno dia";"Decrescente";"Céu Claro";"Simples";"Reta";"Não";4;0;0;2;1;1;2;3;-5,36957395;-49,07796968;"SPRF-PA";"DEL03-PA";"UOP01-DEL03-PA"
317186;2020-10-26;"segunda-feira";"06:40:00";"RJ";101;309;"SAO GONCALO";"Falta de Atenção à Condução";"Colisão traseira";"Com Vítimas Feridas";"Pleno dia";"Crescente";"Garoa/Chuvisco";"Múltipla";"Reta";"Sim";2;0;1;0;1;0;1;2;-22,79498873;-43,03446105;"SPRF-RJ";"DEL02-RJ";"UOP02-DEL02-RJ"
317190;2020-10-26;"segunda-feira";"06:30:00";"AL";101;192,1;"JUNQUEIRO";"Velocidade Incompatível";"Tombamento";"Com Vítimas Feridas";"Pleno dia";"Decrescente";"Céu Claro";"Simples";"Curva;Aclive";"Sim";3;0;1;0;0;2;1;3;-9,93330214;-36,47155881;"SPRF-AL";"DEL02-AL";"UOP02-DEL02-AL"
317193;2020-10-26;"segunda-feira";"07:25:00";"RS";386;302,6;"POUSO NOVO";"Objeto estático sobre o leito carroçável";"Colisão com objeto estático";"Com Vítimas Feridas";"Pleno dia";"Decrescente";"Nublado";"Simples";"Aclive;Curva";"Não";6;0;2;0;3;1;2;3;-29,168924;-52,211067;"SPRF-RS";"DEL04-RS";"UOP01-DEL04-RS"
317198;2020-10-26;"segunda-feira";"08:00:00";"PB";104;117,2;"LAGOA SECA";"Ingestão de Álcool";"Colisão traseira";"Sem Vítimas";"Pleno dia";"Crescente";"Nublado";"Simples";"Declive";"Sim";2;0;0;0;2;0;0;2;-7,18022102;-35,86480593;"SPRF-PB";"DEL02-PB";"UOP04-DEL02-PB"
317205;2020-10-26;"segunda-feira";"08:40:00";"GO";60;244;"INDIARA";"Falta de Atenção à Condução";"Saída de leito carroçável";"Com Vítimas Feridas";"Pleno dia";"Decrescente";"Céu Claro";"Dupla";"Reta";"Não";1;0;1;0;0;0;1;1;-17,1069;-49,9096;"SPRF-GO";"DEL01-GO";"UOP02-DEL01-GO"
317206;2020-10-26;"segunda-feira";"07:30:00";"BA";101;297,7;"VALENCA";"Ultrapassagem Indevida";"Colisão lateral";"Com Vítimas Fatais";"Pleno dia";"Crescente";"Garoa/Chuvisco";"Simples";"Aclive";"Não";7;4;2;0;0;3;2;6;-13,27018845;-39,3252182;"SPRF-BA";"DEL01-BA";"UOP02-DEL01-BA"
317207;2020-10-26;"segunda-feira";"08:45:00";"RS";386;147;"ALMIRANTE TAMANDARE DO SUL";"Pista Escorregadia";"Colisão lateral";"Com Vítimas Feridas";"Pleno dia";"Crescente";"Chuva";"Simples";"Curva";"Não";7;0;4;0;2;2;4;4;-28,039812;-52,873158;"SPRF-RS";"DEL08-RS";"UOP01-DEL08-RS"
317212;2020-10-26;"segunda-feira";"07:50:00";"SC";163;110,5;"GUARUJA DO SUL";"Desobediência às normas de trânsito pelo condutor";"Colisão transversal";"Com Vítimas Feridas";"Pleno dia";"Crescente";"Chuva";"Simples";"Declive;Reta";"Não";3;0;1;0;1;1;1;3;-26,40508001;-53,52431608;"SPRF-SC";"DEL07-SC";"UOP03-DEL07-SC"
317218;2020-10-26;"segunda-feira";"07:00:00";"MG";262;105;"SANTO ANTONIO DO GRAMA";"Velocidade Incompatível";"Saída de leito carroçável";"Com Vítimas Feridas";"Pleno dia";"Decrescente";"Sol";"Simples";"Curva";"Não";2;0;1;0;0;1;1;2;-20,28900223;-42,55571834;"SPRF-MG";"DEL03-MG";"UOP03-DEL03-MG"
317227;2020-10-26;"segunda-feira";"11:10:00";"SC";470;129,9;"LONTRAS";"Falta de Atenção à Condução";"Colisão traseira";"Sem Vítimas";"Pleno dia";"Decrescente";"Céu Claro";"Simples";"Reta";"Não";2;0;0;0;2;0;0;2;-27,148499;-49,556137;"SPRF-SC";"DEL04-SC";"UOP02-DEL04-SC"
317229;2020-10-26;"segunda-feira";"12:20:00";"ES";101;216;"IBIRACU";"Desobediência às normas de trânsito pelo condutor";"Colisão com objeto estático";"Com Vítimas Feridas";"Pleno dia";"Crescente";"Nublado";"Simples";"Reta";"Não";3;0;0;1;1;2;1;4;-19,83935411;-40,3835169;"SPRF-ES";"DEL02-ES";"UOP01-DEL02-ES"
317231;2020-10-26;"segunda-feira";"06:45:00";"BA";116;727,9;"BOA NOVA";"Não guardar distância de segurança";"Colisão traseira";"Com Vítimas Feridas";"Pleno dia";"Crescente";"Céu Claro";"Simples";"Ponte";"Não";4;0;1;0;3;0;1;4;-14,25456296;-40,28613818;"SPRF-BA";"DEL08-BA";"UOP02-DEL08-BA"
317232;2020-10-26;"segunda-feira";"11:25:00";"PR";376;148,9;"LONDRINA";"Desobediência às normas de trânsito pelo condutor";"Colisão lateral";"Com Vítimas Feridas";"Pleno dia";"Decrescente";"Sol";"Dupla";"Declive";"Sim";2;0;1;0;1;0;1;2;-23,2929635;-51,15145326;"SPRF-PR";"DEL09-PR";"UOP01-DEL09-PR"
317235;2020-10-26;"segunda-feira";"12:40:00";"PE";101;73,5;"RECIFE";"Falta de Atenção à Condução";"Colisão transversal";"Com Vítimas Feridas";"Pleno dia";"Decrescente";"Sol";"Dupla";"Retorno Regulamentado";"Sim";3;0;2;0;1;0;2;2;-8,0991;-34,949867;"SPRF-PE";"DEL01-PE";"UOP01-DEL01-PE"
317236;2020-10-26;"segunda-feira";"11:40:00";"BA";116;213,9;"EUCLIDES DA CUNHA";"Ultrapassagem Indevida";"Tombamento";"Com Vítimas Feridas";"Pleno dia";"Crescente";"Céu Claro";"Simples";"Reta";"Não";4;0;1;0;2;1;1;2;-10,52791808;-39,00223122;"SPRF-BA";"DEL07-BA";"UOP02-DEL07-BA"
317237;2020-10-26;"segunda-feira";"12:40:00";"RJ";40;39;"AREAL";"Condutor Dormindo";"Colisão traseira";"Com Vítimas Feridas";"Pleno dia";"Crescente";"Céu Claro";"Dupla";"Reta";"Não";3;0;0;1;1;1;1;3;-22,23332;-43,114136;"SPRF-RJ";"DEL05-RJ";"UOP02-DEL05-RJ"
317241;2020-10-26;"segunda-feira";"11:30:00";"RN";304;190,1;"LAJES";"Ingestão de Álcool";"Colisão transversal";"Com Vítimas Fatais";"Pleno dia";"Decrescente";"Céu Claro";"Simples";"Reta";"Sim";2;1;0;0;0;1;0;2;-5,702112;-36,255047;"SPRF-RN";"DEL01-RN";"UOP03-DEL01-RN"
317248;2020-10-26;"segunda-feira";"12:20:00";"PR";153;503,5;"GENERAL CARNEIRO";"Velocidade Incompatível";"Colisão frontal";"Com Vítimas Fatais";"Pleno dia";"Crescente";"Nublado";"Simples";"Curva";"Não";3;1;0;0;1;1;0;3;-26,527052;-51,358445;"SPRF-PR";"DEL02-PR";"UOP03-DEL02-PR"
317255;2020-10-26;"segunda-feira";"13:45:00";"PE";232;141;"SAO CAITANO";"Avarias e/ou desgaste excessivo no pneu";"Tombamento";"Com Vítimas Feridas";"Pleno dia";"Crescente";"Sol";"Dupla";"Declive";"Não";3;0;3;0;0;0;3;1;-8,32224092;-36,09245192;"SPRF-PE";"DEL02-PE";"UOP03-DEL02-PE"
317256;2020-10-26;"segunda-feira";"12:30:00";"PR";277;129;"BALSA NOVA";"Falta de Atenção à Condução";"Tombamento";"Sem Vítimas";"Pleno dia";"Decrescente";"Nublado";"Dupla";"Curva";"Não";2;0;0;0;1;2;0;3;-25,47382266;-49,66032207;"SPRF-PR";"DEL01-PR";"UOP03-DEL03-PR"
317261;2020-10-17;"sábado";"20:00:00";"BA";110;346,4;"ALAGOINHAS";"Falta de Atenção à Condução";"Colisão frontal";"Com Vítimas Fatais";"Plena Noite";"Decrescente";"Céu Claro";"Simples";"Declive;Reta";"Não";3;1;0;1;1;0;1;2;-12,25680114;-38,38744515;"SPRF-BA";"DEL01-BA";"UOP04-DEL01-BA"
317262;2020-09-16;"quarta-feira";"20:00:00";"MG";116;549,7;"SANTA BARBARA DO LESTE";"Velocidade Incompatível";"Tombamento";"Com Vítimas Feridas";"Plena Noite";"Decrescente";"Céu Claro";"Simples";"Curva";"Não";2;0;1;0;0;1;1;2;-19,960735;-42,13329299;"SPRF-MG";"DEL06-MG";"UOP02-DEL06-MG"
317265;2020-10-24;"sábado";"18:20:00";"MT";163;675;"LUCAS DO RIO VERDE";"Defeito Mecânico no Veículo";"Danos eventuais";"Sem Vítimas";"Anoitecer";"Crescente";"Céu Claro";"Simples";"Reta";"Não";2;0;0;0;1;1;0;2;-13,28209612;-56,02987973;"SPRF-MT";"DEL06-MT";"UOP01-DEL06-MT"
317267;2020-10-26;"segunda-feira";"13:45:00";"MG";381;930,9;"ITAPEVA";"Condutor Dormindo";"Colisão traseira";"Sem Vítimas";"Pleno dia";"Decrescente";"Sol";"Dupla";"Reta";"Não";3;0;0;0;2;4;0;6;-22,78383789;-46,24100447;"SPRF-MG";"DEL16-MG";"UOP03-DEL16-MG"
317274;2020-10-26;"segunda-feira";"12:30:00";"MG";251;473,8;"FRANCISCO SA";"Defeito Mecânico no Veículo";"Colisão com objeto estático";"Com Vítimas Feridas";"Pleno dia";"Crescente";"Nublado";"Simples";"Declive;Curva";"Não";2;0;1;0;0;1;1;2;-16,47012768;-43,44753404;"SPRF-MG";"DEL12-MG";"UOP01-DEL12-MG"
317275;2020-10-26;"segunda-feira";"15:50:00";"GO";60;96;"ANAPOLIS";"Falta de Atenção à Condução";"Saída de leito carroçável";"Com Vítimas Feridas";"Pleno dia";"Crescente";"Nublado";"Dupla";"Reta";"Sim";1;0;0;1;0;0;1;1;-16,371;-48,9422;"SPRF-GO";"DEL02-GO";"UOP01-DEL02-GO"
317287;2020-10-26;"segunda-feira";"08:10:00";"SC";282;619;"IRACEMINHA";"Falta de Atenção à Condução";"Saída de leito carroçável";"Sem Vítimas";"Pleno dia";"Crescente";"Chuva";"Simples";"Curva";"Não";1;0;0;0;1;0;0;1;-26,80354146;-53,31459045;"SPRF-SC";"DEL07-SC";"UOP02-DEL07-SC"
317289;2020-10-26;"segunda-feira";"17:00:00";"ES";101;294;"CARIACICA";"Desobediência às normas de trânsito pelo condutor";"Colisão traseira";"Com Vítimas Feridas";"Anoitecer";"Crescente";"Céu Claro";"Dupla";"Reta";"Sim";4;0;1;0;2;1;1;4;-20,32415948;-40,3952903;"SPRF-ES";"DEL01-ES";"UOP01-DEL01-ES"
317292;2020-10-26;"segunda-feira";"16:55:00";"GO";60;97;"ANAPOLIS";"Falta de Atenção à Condução";"Colisão lateral";"Com Vítimas Feridas";"Pleno dia";"Crescente";"Sol";"Dupla";"Reta";"Sim";4;0;1;0;2;2;1;4;-16,3774;-48,9483;"SPRF-GO";"DEL02-GO";"UOP01-DEL02-GO"
317294;2020-07-29;"quarta-feira";"11:20:00";"PR";277;354;"GUARAPUAVA";"Não guardar distância de segurança";"Colisão traseira";"Com Vítimas Feridas";"Pleno dia";"Crescente";"Ignorado";"Simples";"Reta";"Não";4;0;2;0;1;1;2;3;-25,41095679;-51,55706844;"SPRF-PR";"DEL08-PR";"UOP01-DEL08-PR"
317295;2020-09-25;"sexta-feira";"08:20:00";"BA";415;58;"ITABUNA";"Pista Escorregadia";"Colisão transversal";"Com Vítimas Feridas";"Pleno dia";"Crescente";"Céu Claro";"Simples";"Curva";"Não";2;0;0;1;1;0;1;2;-14,81574494;-39,29612388;"SPRF-BA";"DEL05-BA";"UOP01-DEL05-BA"
317297;2020-10-26;"segunda-feira";"17:15:00";"BA";116;818,6;"VITORIA DA CONQUISTA";"Defeito Mecânico no Veículo";"Incêndio";"Sem Vítimas";"Anoitecer";"Decrescente";"Céu Claro";"Simples";"Reta";"Não";2;0;0;0;1;1;0;2;-14,78621813;-40,74705093;"SPRF-BA";"DEL08-BA";"UOP01-DEL08-BA"
317300;2020-10-07;"quarta-feira";"22:22:00";"BA";101;842;"TEIXEIRA DE FREITAS";"Velocidade Incompatível";"Colisão frontal";"Com Vítimas Feridas";"Plena Noite";"Crescente";"Céu Claro";"Simples";"Curva";"Não";2;0;0;2;0;0;2;2;-17,43646609;-39,68972878;"SPRF-BA";"DEL09-BA";"UOP02-DEL09-BA"
317307;2020-10-26;"segunda-feira";"18:26:00";"SP";116;70,8;"APARECIDA";"Avarias e/ou desgaste excessivo no pneu";"Tombamento";"Com Vítimas Fatais";"Plena Noite";"Crescente";"Céu Claro";"Dupla";"Reta";"Não";4;1;1;0;1;1;1;3;-22,84852898;-45,22705084;"SPRF-SP";"DEL08-SP";"UOP01-DEL08-SP"
317308;2020-10-26;"segunda-feira";"17:00:00";"RJ";101;399,5;"ITAGUAI";"Desobediência às normas de trânsito pelo condutor";"Colisão traseira";"Com Vítimas Feridas";"Pleno dia";"Decrescente";"Nublado";"Dupla";"Reta";"Sim";4;0;1;0;2;2;1;4;-22,85921896;-43,75891497;"SPRF-RJ";"DEL03-RJ";"UOP01-DEL03-RJ"
317311;2020-10-26;"segunda-feira";"14:30:00";"MA";10;142,6;"PORTO FRANCO";"Condutor Dormindo";"Saída de leito carroçável";"Com Vítimas Feridas";"Pleno dia";"Decrescente";"Céu Claro";"Simples";"Reta";"Não";1;0;1;0;0;0;1;1;-6,477829;-47,392159;"SPRF-MA";"DEL04-MA";"UOP02-DEL04-MA"
317313;2020-10-26;"segunda-feira";"14:50:00";"MG";381;746,8;"TRES CORACOES";"Defeito Mecânico no Veículo";"Incêndio";"Sem Vítimas";"Pleno dia";"Decrescente";"Céu Claro";"Dupla";"Curva;Aclive";"Não";2;0;0;0;1;1;0;2;-21,64340081;-45,29046703;"SPRF-MG";"DEL16-MG";"UOP02-DEL16-MG"
317314;2020-10-26;"segunda-feira";"17:30:00";"MT";163;607;"NOVA MUTUM";"Pista Escorregadia";"Saída de leito carroçável";"Com Vítimas Feridas";"Anoitecer";"Decrescente";"Céu Claro";"Simples";"Reta";"Não";5;0;4;0;1;0;4;2;-13,84568605;-56,08401163;"SPRF-MT";"DEL01-MT";"UOP01-DEL01-MT"
317316;2020-10-26;"segunda-feira";"18:30:00";"SP";153;106,2;"JOSE BONIFACIO";"Falta de Atenção à Condução";"Colisão transversal";"Com Vítimas Feridas";"Anoitecer";"Decrescente";"Nublado";"Simples";"Reta";"Não";2;0;1;0;1;0;1;2;-21,05570394;-49,65851012;"SPRF-SP";"DEL09-SP";"UOP01-DEL09-SP"
317317;2020-10-26;"segunda-feira";"11:15:00";"SC";153;5;"AGUA DOCE";"Defeito Mecânico no Veículo";"Colisão lateral";"Com Vítimas Feridas";"Pleno dia";"Crescente";"Nublado";"Simples";"Reta";"Não";3;0;1;0;1;3;1;5;-26,643061;-51,51313;"SPRF-SC";"DEL07-SC";"UOP05-DEL07-SC"
317319;2020-10-26;"segunda-feira";"19:30:00";"MG";381;490,5;"BETIM";"Falta de Atenção à Condução";"Colisão lateral";"Com Vítimas Feridas";"Plena Noite";"Crescente";"Céu Claro";"Dupla";"Reta";"Sim";5;0;1;0;3;1;1;4;-19,95947326;-44,15164948;"SPRF-MG";"DEL01-MG";"UOP03-DEL01-MG"
317322;2020-10-26;"segunda-feira";"20:30:00";"GO";50;283;"CATALAO";"Falta de Atenção à Condução";"Colisão transversal";"Sem Vítimas";"Plena Noite";"Crescente";"Garoa/Chuvisco";"Simples";"Interseção de Vias";"Sim";5;0;0;0;5;0;0;2;-18,19571985;-47,9562664;"SPRF-GO";"DEL06-GO";"UOP01-DEL06-GO"
317324;2020-10-26;"segunda-feira";"20:15:00";"MG";381;358;"JOAO MONLEVADE";"Desobediência às normas de trânsito pelo condutor";"Colisão frontal";"Com Vítimas Feridas";"Plena Noite";"Decrescente";"Céu Claro";"Simples";"Reta";"Sim";2;0;1;0;1;0;1;2;-19,85592801;-43,21689055;"SPRF-MG";"DEL03-MG";"UOP01-DEL03-MG"
317325;2020-10-26;"segunda-feira";"16:50:00";"SC";282;376,5;"ERVAL VELHO";"Avarias e/ou desgaste excessivo no pneu";"Colisão transversal";"Com Vítimas Feridas";"Pleno dia";"Decrescente";"Chuva";"Simples";"Aclive";"Não";3;0;1;0;2;0;1;3;-27,220205;-51,461185;"SPRF-SC";"DEL07-SC";"UOP05-DEL07-SC"
317327;2020-10-26;"segunda-feira";"20:30:00";"ES";101;37;"CONCEICAO DA BARRA";"Desobediência às normas de trânsito pelo condutor";"Colisão transversal";"Com Vítimas Feridas";"Plena Noite";"Crescente";"Céu Claro";"Simples";"Rotatória";"Sim";2;0;1;0;1;0;1;2;-18,47913175;-39,92487799;"SPRF-ES";"DEL04-ES";"UOP02-DEL04-ES"
317328;2020-10-26;"segunda-feira";"20:40:00";"RJ";116;306;"RESENDE";"Falta de Atenção à Condução";"Colisão lateral";"Com Vítimas Feridas";"Plena Noite";"Crescente";"Nublado";"Dupla";"Reta";"Não";4;0;1;0;2;1;1;3;-22,45645538;-44,40259093;"SPRF-RJ";"DEL07-RJ";"UOP02-DEL07-RJ"
317335;2020-10-26;"segunda-feira";"20:00:00";"ES";262;145,7;"IBATIBA";"Desobediência às normas de trânsito pelo condutor";"Colisão traseira";"Com Vítimas Feridas";"Plena Noite";"Decrescente";"Céu Claro";"Simples";"Aclive;Reta";"Não";4;0;2;0;1;1;2;3;-20,23546269;-41,40870379;"SPRF-ES";"DEL01-ES";"UOP02-DEL01-ES"
317337;2020-10-26;"segunda-feira";"22:15:00";"PR";376;616,3;"SAO JOSE DOS PINHAIS";"Falta de Atenção à Condução";"Tombamento";"Com Vítimas Feridas";"Plena Noite";"Decrescente";"Céu Claro";"Dupla";"Declive;Reta";"Sim";2;0;0;1;0;1;1;2;-25,584698;-49,175366;"SPRF-PR";"DEL01-PR";"UOP04-DEL01-PR"
317338;2020-10-26;"segunda-feira";"17:40:00";"BA";242;425;"SEABRA";"Falta de Atenção à Condução";"Tombamento";"Sem Vítimas";"Anoitecer";"Decrescente";"Céu Claro";"Simples";"Aclive";"Não";2;0;0;0;1;3;0;4;-12,40784291;-41,85991101;"SPRF-BA";"DEL06-BA";"UOP01-DEL06-BA"
317339;2020-10-26;"segunda-feira";"23:15:00";"PR";277;134,9;"BALSA NOVA";"Velocidade Incompatível";"Colisão lateral";"Com Vítimas Feridas";"Plena Noite";"Decrescente";"Nublado";"Dupla";"Reta";"Não";6;0;1;3;1;1;4;3;-25,47089115;-49,68280435;"SPRF-PR";"DEL01-PR";"UOP03-DEL03-PR"
317343;2020-10-26;"segunda-feira";"17:00:00";"MT";364;552;"NOBRES";"Falta de Atenção à Condução";"Colisão lateral";"Com Vítimas Feridas";"Pleno dia";"Crescente";"Céu Claro";"Dupla";"Curva";"Não";3;0;1;0;1;2;1;4;-14,74100376;-56,3204152;"SPRF-MT";"DEL01-MT";"UOP01-DEL01-MT"
317350;2020-10-26;"segunda-feira";"23:00:00";"MG";262;547,4;"LUZ";"Velocidade Incompatível";"Derramamento de carga";"Com Vítimas Feridas";"Plena Noite";"Decrescente";"Nublado";"Simples";"Curva";"Não";1;0;1;0;0;0;1;1;-19,72622846;-45,86874872;"SPRF-MG";"DEL08-MG";"UOP02-DEL08-MG"
317352;2020-10-27;"terça-feira";"00:45:00";"RS";290;296,8;"CACHOEIRA DO SUL";"Defeito Mecânico no Veículo";"Colisão com objeto estático";"Sem Vítimas";"Plena Noite";"Crescente";"Céu Claro";"Simples";"Ponte";"Não";1;0;0;0;1;0;0;1;-30,307922;-53,167412;"SPRF-RS";"DEL09-RS";"UOP02-DEL09-RS"
317353;2020-10-26;"segunda-feira";"21:00:00";"MA";135;164;"SAO MATEUS DO MARANHAO";"Falta de Atenção à Condução";"Saída de leito carroçável";"Sem Vítimas";"Plena Noite";"Crescente";"Céu Claro";"Simples";"Reta";"Não";1;0;0;0;1;0;0;1;-3,88001889;-44,49146376;"SPRF-MA";"DEL01-MA";"UOP02-DEL01-MA"
317354;2020-10-27;"terça-feira";"02:20:00";"RS";386;271,8;"FONTOURA XAVIER";"Condutor Dormindo";"Colisão traseira";"Com Vítimas Feridas";"Plena Noite";"Decrescente";"Chuva";"Simples";"Curva;Aclive";"Não";3;0;1;0;1;1;1;3;-28,9881716;-52,36693382;"SPRF-RS";"DEL04-RS";"UOP03-DEL04-RS"
317356;2020-10-27;"terça-feira";"02:30:00";"TO";153;207;"NOVA OLINDA";"Ingestão de Álcool";"Tombamento";"Sem Vítimas";"Plena Noite";"Crescente";"Céu Claro";"Simples";"Reta";"Não";2;0;0;0;1;1;0;2;-7,70920888;-48,43954738;"SPRF-TO";"DEL02-TO";"UOP01-DEL02-TO"
317360;2020-10-26;"segunda-feira";"16:00:00";"PI";135;552;"SAO GONCALO DO GURGUEIA";"Velocidade Incompatível";"Colisão frontal";"Com Vítimas Feridas";"Pleno dia";"Crescente";"Chuva";"Simples";"Declive";"Não";3;0;1;0;1;1;1;3;-10,12504075;-45,23347393;"SPRF-PI";"DEL03-PI";"UOP02-DEL03-PI"
317362;2020-10-27;"terça-feira";"06:50:00";"TO";226;3;"AGUIARNOPOLIS";"Defeito na Via";"Tombamento";"Com Vítimas Feridas";"Pleno dia";"Crescente";"Chuva";"Simples";"Aclive";"Não";2;0;1;0;0;1;1;2;-6,565606;-47,483803;"SPRF-TO";"DEL02-TO";"UOP03-DEL02-TO"
317368;2020-10-22;"quinta-feira";"04:40:00";"SC";282;593;"SAUDADES";"Falta de Atenção à Condução";"Saída de leito carroçável";"Com Vítimas Feridas";"Plena Noite";"Crescente";"Céu Claro";"Simples";"Curva";"Não";1;0;1;0;0;0;1;1;-26,826199;-53,10162;"SPRF-SC";"DEL07-SC";"UOP02-DEL07-SC"
317376;2020-10-11;"domingo";"18:20:00";"AL";316;243,3;"ATALAIA";"Defeito na Via";"Tombamento";"Sem Vítimas";"Anoitecer";"Crescente";"Ignorado";"Dupla";"Curva;Aclive";"Não";2;0;0;0;1;2;0;3;-9,50948818;-36,01302293;"SPRF-AL";"DEL01-AL";"UOP01-DEL01-AL"
317377;2020-10-26;"segunda-feira";"15:15:00";"RS";470;188,6;"VERANOPOLIS";"Falta de Atenção à Condução";"Saída de leito carroçável";"Sem Vítimas";"Pleno dia";"Crescente";"Garoa/Chuvisco";"Simples";"Curva";"Não";2;0;0;0;1;1;0;2;-29,0073217;-51,56247228;"SPRF-RS";"DEL06-RS";"UOP02-DEL06-RS"
317379;2020-10-27;"terça-feira";"07:15:00";"PR";116;94;"SAO JOSE DOS PINHAIS";"Ingestão de Álcool";"Colisão transversal";"Sem Vítimas";"Pleno dia";"Decrescente";"Céu Claro";"Dupla";"Interseção de Vias";"Não";3;0;0;0;2;1;0;3;-25,48954287;-49,11201617;"SPRF-PR";"DEL01-PR";"UOP01-DEL01-PR"
317382;2020-10-27;"terça-feira";"08:05:00";"RS";293;179;"BAGE";"Falta de Atenção à Condução";"Colisão lateral";"Sem Vítimas";"Pleno dia";"Crescente";"Céu Claro";"Simples";"Reta";"Não";2;0;0;0;1;1;0;2;-31,3026331;-54,04112404;"SPRF-RS";"DEL11-RS";"UOP03-DEL11-RS"
317385;2020-10-07;"quarta-feira";"15:55:00";"RJ";101;327;"NITEROI";"Não guardar distância de segurança";"Colisão traseira";"Com Vítimas Feridas";"Pleno dia";"Decrescente";"Nublado";"Dupla";"Reta";"Não";3;0;0;1;1;1;1;3;-22,87117393;-43,15595099;"SPRF-RJ";"DEL02-RJ";"UOP02-DEL02-RJ"