"id";"data_inversa";"dia_semana";"horario";"uf";"br";"km";"municipio";"causa_acidente";"tipo_acidente";"classificacao_acidente";"fase_dia";"sentido_via";"condicao_metereologica";"tipo_pista";"tracado_via";"uso_solo";"pessoas";"mortos";"feridos_leves";"feridos_graves";"ilesos";"ignorados";"feridos";"veiculos";"latitude";"longitude";"regional";"delegacia";"uop"
317391;2020-10-27;"terça-feira";"07:55:00";"SC";101;58,9;"ARAQUARI";"Não guardar distância de segurança";"Colisão traseira";"Com Vítimas Feridas";"Pleno dia";"Crescente";"Sol";"Múltipla";"Declive";"Não";4;0;2;0;2;0;2;2;-26,44025049;-48,80129043;"SPRF-SC";"DEL03-SC";"UOP02-DEL03-SC"
317396;2020-10-04;"domingo";"19:30:00";"GO";153;124,3;"ESTRELA DO NORTE";"Não guardar distância de segurança";"Colisão lateral";"Sem Vítimas";"Plena Noite";"Decrescente";"Céu Claro";"Simples";"Interseção de Vias";"Não";3;0;0;0;2;1;0;3;-13,8657584;-49,0514053;"SPRF-GO";"DEL07-GO";"UOP01-DEL07-GO"
317397;2020-10-27;"terça-feira";"09:00:00";"MT";158;753,6;"BARRA DO GARCAS";"Ultrapassagem Indevida";"Colisão frontal";"Com Vítimas Feridas";"Pleno dia";"Decrescente";"Céu Claro";"Simples";"Reta";"Não";4;0;1;1;1;2;2;5;-15,51560099;-52,20386827;"SPRF-MT";"DEL07-MT";"UOP01-DEL07-MT"
317405;2020-10-27;"terça-feira";"09:10:00";"BA";116;736;"POCOES";"Velocidade Incompatível";"Tombamento";"Sem Vítimas";"Pleno dia";"Decrescente";"Garoa/Chuvisco";"Simples";"Aclive";"Não";2;0;0;0;1;2;0;3;-14,37984463;-40,34946799;"SPRF-BA";"DEL08-BA";"UOP02-DEL08-BA"
317407;2020-10-27;"terça-feira";"11:20:00";"RS";101;87;"OSORIO";"Ingestão de Álcool";"Colisão traseira";"Com Vítimas Feridas";"Pleno dia";"Decrescente";"Nublado";"Dupla";"Reta";"Sim";4;0;2;0;2;0;2;3;-29,88149021;-50,26433789;"SPRF-RS";"DEL03-RS";"UOP01-DEL03-RS"
317409;2020-10-27;"terça-feira";"11:15:00";"SC";101;32,1;"JOINVILLE";"Não guardar distância de segurança";"Colisão traseira";"Com Vítimas Feridas";"Pleno dia";"Crescente";"Céu Claro";"Dupla";"Curva";"Sim";3;0;1;0;1;1;1;3;-26,226987;-48,91657;"SPRF-SC";"DEL03-SC";"UOP01-DEL03-SC"
317412;2020-10-27;"terça-feira";"11:40:00";"SP";116;227;"SAO PAULO";"Não guardar distância de segurança";"Colisão traseira";"Com Vítimas Feridas";"Pleno dia";"Crescente";"Céu Claro";"Múltipla";"Reta";"Sim";3;0;1;0;1;2;1;4;-23,49659264;-46,55648754;"SPRF-SP";"DEL01-SP";"UOP01-DEL01-SP"
317419;2020-10-27;"terça-feira";"12:30:00";"MG";381;341,7;"BELA VISTA DE MINAS";"Velocidade Incompatível";"Tombamento";"Sem Vítimas";"Pleno dia";"Crescente";"Céu Claro";"Simples";"Curva";"Não";2;0;0;0;1;1;0;2;-19,84403064;-43,10352396;"SPRF-MG";"DEL03-MG";"UOP01-DEL03-MG"
317420;2020-10-27;"terça-feira";"05:10:00";"MG";381;883,9;"ESTIVA";"Condutor Dormindo";"Colisão com objeto estático";"Sem Vítimas";"Plena Noite";"Decrescente";"Nublado";"Dupla";"Reta";"Não";1;0;0;0;0;1;0;1;-22,49029449;-46,01097822;"SPRF-MG";"DEL16-MG";"UOP03-DEL16-MG"
317422;2020-09-29;"terça-feira";"19:00:00";"RJ";40;92;"PETROPOLIS";"Defeito Mecânico no Veículo";"Saída de leito carroçável";"Com Vítimas Feridas";"Anoitecer";"Crescente";"Céu Claro";"Dupla";"Curva";"Não";2;0;2;0;0;0;2;1;-22,55191954;-43,25068815;"SPRF-RJ";"DEL06-RJ";"UOP01-DEL06-RJ"
317425;2020-10-27;"terça-feira";"13:50:00";"PA";163;1001,6;"SANTAREM";"Falta de Atenção à Condução";"Colisão lateral";"Com Vítimas Feridas";"Pleno dia";"Crescente";"Céu Claro";"Simples";"Reta";"Sim";2;0;1;0;1;0;1;2;-2,464507;-54,72745295;"SPRF-PA";"DEL05-PA";"UOP01-DEL05-PA"
317430;2020-10-26;"segunda-feira";"18:00:00";"MA";222;574;"BOM JESUS DAS SELVAS";"Falta de Atenção à Condução";"Colisão com objeto estático";"Sem Vítimas";"Anoitecer";"Crescente";"Ignorado";"Simples";"Curva";"Não";3;0;0;0;2;3;0;4;-4,450505;-46,84355;"SPRF-MA";"DEL04-MA";"UOP03-DEL04-MA"
317433;2020-10-27;"terça-feira";"13:50:00";"CE";222;35;"CAUCAIA";"Carga excessiva e/ou mal acondicionada";"Tombamento";"Sem Vítimas";"Pleno dia";"Decrescente";"Céu Claro";"Simples";"Rotatória";"Não";2;0;0;0;1;1;0;2;-3,69874799;-38,87203217;"SPRF-CE";"DEL01-CE";"UOP01-DEL01-CE"
317436;2020-10-27;"terça-feira";"01:00:00";"GO";60;267,5;"INDIARA";"Condutor Dormindo";"Saída de leito carroçável";"Com Vítimas Feridas";"Plena Noite";"Crescente";"Ignorado";"Dupla";"Reta";"Não";2;0;0;1;0;1;1;2;-17,2047;-50,0936;"SPRF-GO";"DEL01-GO";"UOP02-DEL01-GO"
317442;2020-10-27;"terça-feira";"16:30:00";"CE";116;22;"EUSEBIO";"Falta de Atenção à Condução";"Colisão lateral";"Com Vítimas Feridas";"Pleno dia";"Decrescente";"Céu Claro";"Dupla";"Reta";"Não";2;0;1;0;0;1;1;2;-3,94070798;-38,50918633;"SPRF-CE";"DEL01-CE";"UOP02-DEL01-CE"
317448;2020-10-27;"terça-feira";"17:27:00";"PE";101;46;"IGARASSU";"Não guardar distância de segurança";"Colisão traseira";"Sem Vítimas";"Anoitecer";"Crescente";"Céu Claro";"Múltipla";"Reta";"Sim";2;0;0;0;2;0;0;2;-7,87441347;-34,90618229;"SPRF-PE";"DEL01-PE";"UOP02-DEL01-PE"
317450;2020-10-27;"terça-feira";"17:40:00";"SE";101;87;"NOSSA SENHORA DO SOCORRO";"Desobediência às normas de trânsito pelo condutor";"Colisão frontal";"Com Vítimas Feridas";"Plena Noite";"Decrescente";"Nublado";"Dupla";"Reta";"Não";2;0;1;0;1;0;1;2;-10,86174498;-37,13526579;"SPRF-SE";"DEL01-SE";"UOP01-DEL01-SE"
317453;2020-10-27;"terça-feira";"13:10:00";"MG";116;305,3;"ITAMBACURI";"Defeito Mecânico no Veículo";"Tombamento";"Com Vítimas Feridas";"Pleno dia";"Crescente";"Sol";"Simples";"Curva;Declive";"Não";2;0;1;1;0;0;2;1;-18,03188584;-41,65290534;"SPRF-MG";"DEL11-MG";"UOP01-DEL11-MG"
317457;2020-10-27;"terça-feira";"16:50:00";"MT";70;2;"BARRA DO GARCAS";"Falta de Atenção à Condução";"Colisão lateral";"Com Vítimas Feridas";"Pleno dia";"Decrescente";"Céu Claro";"Dupla";"Reta";"Sim";2;0;1;0;1;0;1;2;-15,88749699;-52,26810568;"SPRF-MT";"DEL07-MT";"UOP01-DEL07-MT"
317466;2020-10-27;"terça-feira";"18:50:00";"CE";116;498,4;"BREJO SANTO";"Falta de Atenção à Condução";"Capotamento";"Com Vítimas Feridas";"Plena Noite";"Decrescente";"Céu Claro";"Simples";"Reta";"Não";1;0;1;0;0;0;1;1;-7,42733609;-38,9699468;"SPRF-CE";"DEL05-CE";"UOP03-DEL05-CE"
317471;2020-10-27;"terça-feira";"16:30:00";"MA";135;345;"PRESIDENTE DUTRA";"Desobediência às normas de trânsito pelo condutor";"Colisão transversal";"Com Vítimas Feridas";"Pleno dia";"Crescente";"Sol";"Simples";"Reta";"Não";2;0;0;1;1;0;1;2;-5,33114598;-44,47887894;"SPRF-MA";"DEL03-MA";"UOP01-DEL03-MA"
317472;2020-10-27;"terça-feira";"16:00:00";"MA";316;611;"TIMON";"Desobediência às normas de trânsito pelo condutor";"Colisão traseira";"Com Vítimas Feridas";"Pleno dia";"Crescente";"Céu Claro";"Simples";"Reta";"Não";3;0;2;0;1;0;2;2;-5,072684;-42,868118;"SPRF-MA";"DEL03-MA";"UOP02-DEL03-MA"
317477;2020-10-27;"terça-feira";"19:50:00";"PR";376;632;"SAO JOSE DOS PINHAIS";"Falta de Atenção à Condução";"Colisão traseira";"Com Vítimas Feridas";"Plena Noite";"Crescente";"Céu Claro";"Dupla";"Reta";"Sim";3;0;0;1;1;1;1;3;-25,71305887;-49,13941456;"SPRF-PR";"DEL01-PR";"UOP04-DEL01-PR"
317479;2020-10-27;"terça-feira";"19:30:00";"PR";277;336,3;"GUARAPUAVA";"Falta de Atenção do Pedestre";"Atropelamento de Pedestre";"Com Vítimas Fatais";"Plena Noite";"Crescente";"Céu Claro";"Dupla";"Reta";"Não";3;1;0;0;1;2;0;4;-25,34145741;-51,41305815;"SPRF-PR";"DEL08-PR";"UOP01-DEL08-PR"
317482;2020-10-27;"terça-feira";"18:30:00";"BA";242;659;"MUQUEM DE SAO FRANCISCO";"Defeito Mecânico no Veículo";"Colisão frontal";"Com Vítimas Fatais";"Plena Noite";"Crescente";"Chuva";"Simples";"Curva";"Não";3;1;1;0;0;1;1;3;-12,20420234;-43,63579204;"SPRF-BA";"DEL06-BA";"UOP03-DEL06-BA"
317488;2020-10-27;"terça-feira";"20:34:00";"RS";290;91,7;"PORTO ALEGRE";"Falta de Atenção à Condução";"Tombamento";"Sem Vítimas";"Plena Noite";"Decrescente";"Chuva";"Dupla";"Reta";"Sim";1;0;0;0;1;0;0;1;-29,969055;-51,167439;"SPRF-RS";"DEL01-RS";"UOP01-DEL01-RS"
317489;2020-10-27;"terça-feira";"21:00:00";"RS";386;212;"TIO HUGO";"Não guardar distância de segurança";"Colisão transversal";"Com Vítimas Feridas";"Plena Noite";"Decrescente";"Céu Claro";"Simples";"Reta";"Não";6;0;4;0;2;0;4;2;-28,553762;-52,608967;"SPRF-RS";"DEL04-RS";"UOP03-DEL04-RS"
317490;2020-10-27;"terça-feira";"21:30:00";"TO";153;278,6;"BRASILANDIA DO TOCANTINS";"Defeito Mecânico no Veículo";"Incêndio";"Sem Vítimas";"Plena Noite";"Crescente";"Nublado";"Simples";"Declive";"Não";2;0;0;0;1;1;0;2;-8,33695402;-48,47863193;"SPRF-TO";"DEL02-TO";"UOP02-DEL02-TO"
317492;2020-10-27;"terça-feira";"19:30:00";"BA";116;759;"POCOES";"Velocidade Incompatível";"Tombamento";"Com Vítimas Feridas";"Plena Noite";"Decrescente";"Chuva";"Simples";"Reta";"Não";2;0;1;0;0;1;1;2;-14,488576;-40,342007;"SPRF-BA";"DEL08-BA";"UOP02-DEL08-BA"
317493;2020-10-27;"terça-feira";"20:00:00";"MG";381;657;"SANTO ANTONIO DO AMPARO";"Velocidade Incompatível";"Colisão traseira";"Com Vítimas Feridas";"Plena Noite";"Crescente";"Céu Claro";"Dupla";"Reta";"Não";3;0;2;0;0;2;2;4;-21,01108617;-44,98405087;"SPRF-MG";"DEL04-MG";"UOP02-DEL04-MG"
317494;2020-10-27;"terça-feira";"20:45:00";"RR";174;370;"CARACARAI";"Velocidade Incompatível";"Tombamento";"Com Vítimas Feridas";"Plena Noite";"Decrescente";"Céu Claro";"Simples";"Curva";"Sim";2;0;1;0;0;1;1;2;1,84012;-61,118443;"SPRF-RR";"DEL01-RR";"UOP01-DEL01-RR"
317498;2020-10-27;"terça-feira";"22:00:00";"SP";116;268,9;"TABOAO DA SERRA";"Falta de Atenção à Condução";"Colisão traseira";"Com Vítimas Feridas";"Plena Noite";"Crescente";"Céu Claro";"Simples";"Reta";"Sim";2;0;1;0;0;1;1;2;-23,61301188;-46,77974304;"SPRF-SP";"DEL04-SP";"UOP01-DEL04-SP"
317499;2020-10-27;"terça-feira";"21:15:00";"MG";146;514,3;"POCOS DE CALDAS";"Falta de Atenção à Condução";"Colisão com objeto estático";"Sem Vítimas";"Plena Noite";"Crescente";"Céu Claro";"Simples";"Curva";"Não";1;0;0;0;1;0;0;1;-21,797514;-46,444649;"SPRF-MG";"DEL09-MG";"UOP01-DEL09-MG"
317501;2020-10-27;"terça-feira";"21:30:00";"MG";153;152,2;"COMENDADOR GOMES";"Ingestão de Álcool";"Colisão transversal";"Sem Vítimas";"Plena Noite";"Decrescente";"Céu Claro";"Simples";"Reta";"Não";3;0;0;0;2;2;0;4;-19,62918559;-48,89659299;"SPRF-MG";"DEL13-MG";"UOP02-DEL13-MG"
317502;2020-10-27;"terça-feira";"20:50:00";"MG";251;197;"CACHOEIRA DE PAJEU";"Falta de Atenção à Condução";"Tombamento";"Com Vítimas Feridas";"Plena Noite";"Decrescente";"Chuva";"Simples";"Rotatória;Interseção de Vias";"Não";1;0;0;1;0;0;1;1;-15,8723779;-41,45491499;"SPRF-MG";"DEL11-MG";"UOP02-DEL11-MG"
317505;2020-10-07;"quarta-feira";"21:45:00";"RO";364;532;"ARIQUEMES";"Desobediência às normas de trânsito pelo condutor";"Colisão lateral";"Com Vítimas Feridas";"Plena Noite";"Decrescente";"Céu Claro";"Simples";"Reta";"Não";5;0;1;0;3;1;1;3;-9,78054903;-63,0904921;"SPRF-RO";"DEL03-RO";"UOP01-DEL03-RO"
317507;2020-10-27;"terça-feira";"21:00:00";"MG";153;16;"CENTRALINA";"Condutor Dormindo";"Saída de leito carroçável";"Sem Vítimas";"Plena Noite";"Crescente";"Céu Claro";"Dupla";"Curva";"Não";2;0;0;0;1;2;0;3;-18,56043;-49,193886;"SPRF-MG";"DEL15-MG";"UOP03-DEL15-MG"
317508;2020-10-27;"terça-feira";"05:30:00";"PI";135;483;"MONTE ALEGRE DO PIAUI";"Carga excessiva e/ou mal acondicionada";"Colisão lateral";"Com Vítimas Feridas";"Amanhecer";"Crescente";"Céu Claro";"Simples";"Reta";"Não";3;0;2;0;0;3;2;5;-9,71861688;-45,14698505;"SPRF-PI";"DEL03-PI";"UOP02-DEL03-PI"
317509;2020-10-27;"terça-feira";"22:50:00";"BA";242;254;"BOA VISTA DO TUPIM";"Falta de Atenção à Condução";"Saída de leito carroçável";"Com Vítimas Feridas";"Plena Noite";"Crescente";"Céu Claro";"Simples";"Curva";"Não";2;0;1;1;0;0;2;2;-12,49501957;-40,50446771;"SPRF-BA";"DEL06-BA";"UOP02-DEL06-BA"
317513;2020-10-27;"terça-feira";"23:20:00";"SC";101;368;"ICARA";"Ingestão de Álcool";"Colisão lateral";"Com Vítimas Feridas";"Plena Noite";"Decrescente";"Nublado";"Dupla";"Reta;Aclive";"Não";7;0;5;0;2;0;5;3;-28,6957326;-49,17347228;"SPRF-SC";"DEL02-SC";"UOP01-DEL02-SC"
317514;2020-10-27;"terça-feira";"23:30:00";"MA";316;497,8;"CODO";"Ingestão de Álcool";"Saída de leito carroçável";"Sem Vítimas";"Plena Noite";"Crescente";"Céu Claro";"Simples";"Reta";"Não";2;0;0;0;1;1;0;2;-4,700426;-43,787941;"SPRF-MA";"DEL03-MA";"UOP02-DEL03-MA"
317517;2020-10-28;"quarta-feira";"02:10:00";"ES";101;14;"PEDRO CANARIO";"Ingestão de Álcool";"Colisão lateral";"Sem Vítimas";"Plena Noite";"Decrescente";"Céu Claro";"Simples";"Reta";"Não";3;0;0;0;2;1;0;3;-18,28229192;-39,95687688;"SPRF-ES";"DEL04-ES";"UOP02-DEL04-ES"
317519;2020-10-28;"quarta-feira";"02:20:00";"SP";116;517,8;"CAJATI";"Desobediência às normas de trânsito pelo condutor";"Engavetamento";"Com Vítimas Feridas";"Plena Noite";"Crescente";"Céu Claro";"Simples";"Aclive";"Não";6;0;0;1;4;1;1;4;-24,882793;-48,22713;"SPRF-SP";"DEL05-SP";"UOP02-DEL05-SP"
317520;2020-10-28;"quarta-feira";"00:10:00";"SP";116;470,8;"JACUPIRANGA";"Falta de Atenção à Condução";"Saída de leito carroçável";"Com Vítimas Feridas";"Plena Noite";"Crescente";"Céu Claro";"Dupla";"Reta";"Não";2;0;1;0;0;2;1;3;-24,65403826;-47,95945895;"SPRF-SP";"DEL05-SP";"UOP01-DEL05-SP"
317521;2020-10-28;"quarta-feira";"03:22:00";"PR";376;87,5;"PARANAVAI";"Falta de Atenção à Condução";"Tombamento";"Com Vítimas Feridas";"Plena Noite";"Crescente";"Céu Claro";"Simples";"Curva";"Não";1;0;0;1;0;0;1;1;-22,98771;-52,598907;"SPRF-PR";"DEL09-PR";"UOP02-DEL09-PR"
317523;2020-10-27;"terça-feira";"22:00:00";"BA";242;519;"OLIVEIRA DOS BREJINHOS";"Defeito na Via";"Tombamento";"Sem Vítimas";"Plena Noite";"Decrescente";"Céu Claro";"Simples";"Reta";"Não";3;0;0;0;2;4;0;6;-12,235186;-42,776461;"SPRF-BA";"DEL06-BA";"UOP01-DEL06-BA"
317524;2020-10-28;"quarta-feira";"03:00:00";"MG";381;671,6;"PERDOES";"Condutor Dormindo";"Colisão traseira";"Com Vítimas Feridas";"Plena Noite";"Decrescente";"Céu Claro";"Dupla";"Reta";"Não";3;0;1;0;1;2;1;4;-21,08945416;-45,06864195;"SPRF-MG";"DEL04-MG";"UOP02-DEL04-MG"
317526;2020-10-28;"quarta-feira";"00:30:00";"MG";381;877,2;"ESTIVA";"Velocidade Incompatível";"Saída de leito carroçável";"Sem Vítimas";"Plena Noite";"Decrescente";"Céu Claro";"Dupla";"Reta";"Não";1;0;0;0;1;0;0;1;-22,48184;-46,010895;"SPRF-MG";"DEL16-MG";"UOP01-DEL16-MG"
317537;2020-10-28;"quarta-feira";"06:30:00";"RS";290;101;"PORTO ALEGRE";"Falta de Atenção à Condução";"Saída de leito carroçável";"Sem Vítimas";"Pleno dia";"Crescente";"Nublado";"Múltipla";"Em Obras";"Sim";2;0;0;0;1;1;0;2;-29,985779;-51,246201;"SPRF-RS";"DEL01-RS";"UOP01-DEL01-RS"
317538;2020-10-28;"quarta-feira";"07:00:00";"SC";101;117,2;"ITAJAI";"Desobediência às normas de trânsito pelo condutor";"Colisão transversal";"Com Vítimas Feridas";"Amanhecer";"Crescente";"Céu Claro";"Dupla";"Interseção de Vias";"Sim";2;0;1;0;1;0;1;2;-26,88747187;-48,72252969;"SPRF-SC";"DEL04-SC";"UOP04-DEL04-SC"
317539;2020-10-28;"quarta-feira";"06:50:00";"RJ";116;326;"ITATIAIA";"Falta de Atenção à Condução";"Colisão traseira";"Com Vítimas Feridas";"Pleno dia";"Decrescente";"Céu Claro";"Dupla";"Reta";"Não";3;0;0;1;1;1;1;3;-22,49887;-44,63952;"SPRF-RJ";"DEL07-RJ";"UOP02-DEL07-RJ"
317540;2020-10-11;"domingo";"19:00:00";"PA";155;216;"ELDORADO DO CARAJAS";"Defeito Mecânico no Veículo";"Danos eventuais";"Sem Vítimas";"Pleno dia";"Crescente";"Céu Claro";"Simples";"Reta";"Não";2;0;0;0;1;2;0;3;-6,38662494;-49,40703721;"SPRF-PA";"DEL03-PA";"UOP01-DEL03-PA"
317542;2020-10-27;"terça-feira";"19:20:00";"RO";364;848;"PORTO VELHO";"Defeito Mecânico no Veículo";"Incêndio";"Sem Vítimas";"Plena Noite";"Decrescente";"Nublado";"Simples";"Reta";"Não";1;0;0;0;1;0;0;1;-9,45621776;-64,7432222;"SPRF-RO";"DEL01-RO";"UOP02-DEL01-RO"
317545;2020-10-20;"terça-feira";"15:10:00";"SP";381;4;"VARGEM";"Falta de Atenção à Condução";"Colisão lateral";"Com Vítimas Feridas";"Pleno dia";"Crescente";"Garoa/Chuvisco";"Dupla";"Curva;Declive";"Sim";7;0;5;0;1;1;5;3;-22,8826217;-46,40779515;"SPRF-SP";"DEL03-SP";"UOP01-DEL03-SP"
317546;2020-10-28;"quarta-feira";"01:40:00";"PE";232;172,9;"BELO JARDIM";"Falta de Atenção à Condução";"Colisão com objeto estático";"Sem Vítimas";"Plena Noite";"Crescente";"Céu Claro";"Simples";"Reta";"Não";2;0;0;0;1;1;0;2;-8,33895954;-36,36571169;"SPRF-PE";"DEL02-PE";"UOP03-DEL02-PE"
317548;2020-09-15;"terça-feira";"04:40:00";"SC";470;60,5;"BLUMENAU";"Falta de Atenção à Condução";"Colisão traseira";"Com Vítimas Feridas";"Plena Noite";"Decrescente";"Garoa/Chuvisco";"Simples";"Reta";"Sim";2;0;0;1;0;1;1;2;-26,87958853;-49,17144656;"SPRF-SC";"DEL04-SC";"UOP01-DEL04-SC"
317553;2020-10-27;"terça-feira";"07:00:00";"CE";222;75;"SAO LUIS DO CURU";"Falta de Atenção à Condução";"Tombamento";"Com Vítimas Feridas";"Pleno dia";"Crescente";"Céu Claro";"Simples";"Reta";"Não";2;0;1;0;0;2;1;3;-3,67137027;-39,23351021;"SPRF-CE";"DEL01-CE";"UOP03-DEL01-CE"
317554;2020-10-28;"quarta-feira";"07:05:00";"GO";60;468;"JATAI";"Velocidade Incompatível";"Saída de leito carroçável";"Com Vítimas Feridas";"Pleno dia";"Crescente";"Céu Claro";"Dupla";"Reta";"Não";1;0;1;0;0;0;1;1;-17,9044;-51,6779;"SPRF-GO";"DEL05-GO";"UOP01-DEL05-GO"
317558;2020-10-28;"quarta-feira";"08:50:00";"RJ";40;112;"DUQUE DE CAXIAS";"Desobediência às normas de trânsito pelo condutor";"Colisão com objeto estático";"Com Vítimas Feridas";"Pleno dia";"Decrescente";"Céu Claro";"Dupla";"Reta";"Sim";2;0;1;0;1;0;1;2;-22,7004454;-43,29014851;"SPRF-RJ";"DEL01-RJ";"UOP01-DEL01-RJ"
317561;2020-08-02;"domingo";"22:20:00";"PR";277;76;"SAO JOSE DOS PINHAIS";"Restrição de Visibilidade";"Colisão traseira";"Com Vítimas Fatais";"Plena Noite";"Decrescente";"Nevoeiro/Neblina";"Dupla";"Reta";"Sim";44;7;15;4;13;5;19;25;-25,4896225;-49,1772445;"SPRF-PR";"DEL01-PR";"UOP01-DEL01-PR"
317562;2020-10-28;"quarta-feira";"09:25:00";"MS";262;319,6;"CAMPO GRANDE";"Falta de Atenção do Pedestre";"Atropelamento de Pedestre";"Com Vítimas Fatais";"Pleno dia";"Decrescente";"Céu Claro";"Simples";"Reta";"Não";4;1;0;0;3;0;0;2;-20,47019494;-54,4737951;"SPRF-MS";"DEL01-MS";"UOP01-DEL01-MS"
317564;2020-10-28;"quarta-feira";"07:20:00";"BA";235;25;"CORONEL JOAO SA";"Falta de Atenção à Condução";"Saída de leito carroçável";"Com Vítimas Feridas";"Pleno dia";"Decrescente";"Céu Claro";"Simples";"Curva";"Não";2;0;1;0;1;0;1;1;-10,17267079;-37,90345895;"SPRF-SE";"DEL01-SE";"UOP02-DEL01-SE"
317565;2020-10-28;"quarta-feira";"06:25:00";"BA";110;374;"CATU";"Ultrapassagem Indevida";"Colisão frontal";"Com Vítimas Feridas";"Pleno dia";"Decrescente";"Céu Claro";"Simples";"Curva";"Não";2;0;1;0;1;0;1;2;-12,41265011;-38,45800404;"SPRF-BA";"DEL01-BA";"UOP01-DEL01-BA"
317568;2020-10-28;"quarta-feira";"09:50:00";"PR";369;70,5;"SANTA MARIANA";"Desobediência às normas de trânsito pelo condutor";"Colisão transversal";"Com Vítimas Feridas";"Pleno dia";"Decrescente";"Céu Claro";"Simples";"Interseção de Vias";"Não";3;0;2;0;0;2;2;4;-23,14661466;-50,49890399;"SPRF-PR";"DEL07-PR";"UOP01-DEL07-PR"
317569;2020-10-28;"quarta-feira";"07:45:00";"RS";392;19,5;"RIO GRANDE";"Ingestão de Álcool";"Colisão transversal";"Com Vítimas Feridas";"Pleno dia";"Crescente";"Céu Claro";"Dupla";"Reta";"Não";4;0;0;1;1;3;1;5;-32,0879243;-52,18669807;"SPRF-RS";"DEL07-RS";"UOP02-DEL07-RS"
317577;2020-10-28;"quarta-feira";"10:50:00";"MT";364;209,2;"RONDONOPOLIS";"Defeito Mecânico no Veículo";"Colisão traseira";"Com Vítimas Feridas";"Pleno dia";"Crescente";"Céu Claro";"Dupla";"Reta";"Não";4;0;1;0;2;2;1;5;-16,42894942;-54,6933816;"SPRF-MT";"DEL02-MT";"UOP01-DEL02-MT"
317578;2020-10-28;"quarta-feira";"11:35:00";"PR";277;123,1;"CAMPO LARGO";"Falta de Atenção à Condução";"Saída de leito carroçável";"Com Vítimas Feridas";"Pleno dia";"Decrescente";"Céu Claro";"Dupla";"Reta";"Sim";2;0;1;0;0;1;1;2;-25,44344167;-49,45985402;"SPRF-PR";"DEL01-PR";"UOP03-DEL03-PR"
317580;2020-10-27;"terça-feira";"22:30:00";"MA";135;167;"SAO MATEUS DO MARANHAO";"Defeito Mecânico no Veículo";"Saída de leito carroçável";"Com Vítimas Feridas";"Plena Noite";"Crescente";"Céu Claro";"Simples";"Reta";"Não";2;0;1;0;0;1;1;2;-3,90481293;-44,48041583;"SPRF-MA";"DEL01-MA";"UOP02-DEL01-MA"
317581;2020-10-28;"quarta-feira";"12:20:00";"TO";153;284,5;"BRASILANDIA DO TOCANTINS";"Ultrapassagem Indevida";"Colisão lateral";"Com Vítimas Fatais";"Pleno dia";"Decrescente";"Nublado";"Simples";"Aclive";"Não";7;3;0;1;2;3;1;6;-8,39945494;-48,48479661;"SPRF-TO";"DEL02-TO";"UOP02-DEL02-TO"
317583;2020-10-28;"quarta-feira";"10:50:00";"MG";262;549;"LUZ";"Defeito Mecânico no Veículo";"Incêndio";"Sem Vítimas";"Pleno dia";"Crescente";"Céu Claro";"Simples";"Curva";"Não";2;0;0;0;1;1;0;2;-19,72508993;-45,86948395;"SPRF-MG";"DEL08-MG";"UOP02-DEL08-MG"
317585;2020-10-28;"quarta-feira";"11:50:00";"MT";364;469,1;"VARZEA GRANDE";"Defeito Mecânico no Veículo";"Colisão lateral";"Com Vítimas Feridas";"Pleno dia";"Decrescente";"Nublado";"Simples";"Ponte";"Não";4;0;1;1;1;1;2;3;-15,4667031;-56,31189606;"SPRF-MT";"DEL01-MT";"UOP02-DEL01-MT"
317592;2020-10-28;"quarta-feira";"07:15:00";"SC";116;306,7;"CAPAO ALTO";"Não guardar distância de segurança";"Colisão traseira";"Sem Vítimas";"Pleno dia";"Crescente";"Céu Claro";"Simples";"Reta";"Não";4;0;0;0;3;1;0;4;-28,19768589;-50,73234801;"SPRF-SC";"DEL05-SC";"UOP02-DEL05-SC"
317593;2020-10-28;"quarta-feira";"10:00:00";"MS";158;96;"PARANAIBA";"Carga excessiva e/ou mal acondicionada";"Tombamento";"Com Vítimas Feridas";"Pleno dia";"Decrescente";"Céu Claro";"Dupla";"Rotatória";"Sim";1;0;1;0;0;0;1;1;-19,693408;-51,186213;"SPRF-MS";"DEL08-MS";"UOP01-DEL08-MS"
317601;2020-10-28;"quarta-feira";"11:20:00";"RO";364;426;"JARU";"Desobediência às normas de trânsito pelo condutor";"Colisão lateral";"Sem Vítimas";"Pleno dia";"Crescente";"Sol";"Múltipla";"Reta";"Sim";2;0;0;0;2;0;0;2;-10,43098655;-62,48154402;"SPRF-RO";"DEL03-RO";"UOP02-DEL03-RO"
317610;2020-10-28;"quarta-feira";"15:15:00";"SP";116;46,3;"CANAS";"Velocidade Incompatível";"Colisão lateral";"Com Vítimas Feridas";"Pleno dia";"Crescente";"Céu Claro";"Dupla";"Em Obras";"Sim";2;0;1;0;1;0;1;2;-22,71393589;-45,05335608;"SPRF-SP";"DEL08-SP";"UOP01-DEL08-SP"
317612;2020-10-28;"quarta-feira";"15:30:00";"SP";116;216;"GUARULHOS";"Falta de Atenção à Condução";"Colisão lateral";"Com Vítimas Feridas";"Pleno dia";"Decrescente";"Sol";"Múltipla";"Reta";"Sim";3;0;2;0;1;0;2;2;-23,45056589;-46,46258105;"SPRF-SP";"DEL01-SP";"UOP01-DEL01-SP"