"id";"data_inversa";"dia_semana";"horario";"uf";"br";"km";"municipio";"causa_acidente";"tipo_acidente";"classificacao_acidente";"fase_dia";"sentido_via";"condicao_metereologica";"tipo_pista";"tracado_via";"uso_solo";"pessoas";"mortos";"feridos_leves";"feridos_graves";"ilesos";"ignorados";"feridos";"veiculos";"latitude";"longitude";"regional";"delegacia";"uop"
318676;2020-11-02;"segunda-feira";"05:00:00";"SC";470;146,5;"RIO DO SUL";"Condutor Dormindo";"Colisão traseira";"Sem Vítimas";"Amanhecer";"Crescente";"Nublado";"Simples";"Reta";"Não";2;0;0;0;0;2;0;2;-27,240673;-49,685822;"SPRF-SC";"DEL04-SC";"UOP02-DEL04-SC"
318680;2020-11-01;"domingo";"23:45:00";"SC";280;234,4;"CANOINHAS";"Ingestão de Álcool";"Colisão transversal";"Com Vítimas Feridas";"Plena Noite";"Crescente";"Nublado";"Simples";"Interseção de Vias";"Sim";2;0;1;0;1;0;1;2;-26,19160346;-50,40493011;"SPRF-SC";"DEL06-SC";"UOP04-DEL06-SC"
318681;2020-11-02;"segunda-feira";"07:30:00";"MA";316;615;"TIMON";"Falta de Atenção à Condução";"Colisão lateral";"Com Vítimas Fatais";"Pleno dia";"Decrescente";"Céu Claro";"Simples";"Reta";"Não";3;1;0;0;1;1;0;3;-5,086548;-42,837265;"SPRF-MA";"DEL03-MA";"UOP02-DEL03-MA"
318687;2020-11-02;"segunda-feira";"07:40:00";"CE";20;396,6;"CAUCAIA";"Falta de Atenção à Condução";"Colisão lateral";"Com Vítimas Feridas";"Pleno dia";"Decrescente";"Céu Claro";"Simples";"Aclive;Reta";"Não";5;0;2;0;2;1;2;2;-3,82080051;-38,74413239;"SPRF-CE";"DEL01-CE";"UOP01-DEL01-CE"
318688;2020-11-02;"segunda-feira";"08:30:00";"MG";267;11,8;"LEOPOLDINA";"Falta de Atenção à Condução";"Saída de leito carroçável";"Sem Vítimas";"Pleno dia";"Crescente";"Nublado";"Simples";"Reta";"Não";2;0;0;0;0;2;0;2;-21,56999426;-42,70830382;"SPRF-MG";"DEL07-MG";"UOP01-DEL07-MG"
318696;2020-11-02;"segunda-feira";"08:55:00";"MS";158;65;"PARANAIBA";"Não guardar distância de segurança";"Colisão lateral";"Com Vítimas Feridas";"Pleno dia";"Crescente";"Céu Claro";"Simples";"Reta";"Não";4;0;2;0;1;1;2;3;-19,46332687;-51,33256191;"SPRF-MS";"DEL08-MS";"UOP01-DEL08-MS"
318698;2020-11-02;"segunda-feira";"09:35:00";"MG";381;448;"SANTA LUZIA";"Velocidade Incompatível";"Saída de leito carroçável";"Sem Vítimas";"Pleno dia";"Decrescente";"Céu Claro";"Simples";"Reta";"Não";5;0;0;0;1;5;0;4;-19,82290729;-43,82792294;"SPRF-MG";"DEL01-MG";"UOP01-DEL01-MG"
318701;2020-11-02;"segunda-feira";"08:45:00";"SC";101;124;"ITAJAI";"Falta de Atenção à Condução";"Colisão lateral";"Com Vítimas Feridas";"Pleno dia";"Crescente";"Sol";"Dupla";"Reta";"Não";2;0;1;0;0;1;1;2;-26,94335064;-48,69198648;"SPRF-SC";"DEL04-SC";"UOP04-DEL04-SC"
318711;2020-11-02;"segunda-feira";"11:12:00";"BA";101;511,9;"ITABUNA";"Pista Escorregadia";"Colisão frontal";"Com Vítimas Fatais";"Pleno dia";"Decrescente";"Chuva";"Simples";"Reta;Aclive";"Não";5;2;0;1;1;1;1;3;-14,96294;-39,31188;"SPRF-BA";"DEL05-BA";"UOP01-DEL05-BA"
318717;2020-11-02;"segunda-feira";"11:50:00";"PR";376;498;"PONTA GROSSA";"Não guardar distância de segurança";"Colisão traseira";"Com Vítimas Feridas";"Pleno dia";"Crescente";"Sol";"Dupla";"Interseção de Vias;Reta";"Sim";3;0;1;0;1;1;1;3;-25,18839776;-50,0846328;"SPRF-PR";"DEL03-PR";"UOP04-DEL03-PR"
318718;2020-09-28;"segunda-feira";"23:00:00";"PE";101;59,5;"RECIFE";"Falta de Atenção do Pedestre";"Atropelamento de Pedestre";"Com Vítimas Fatais";"Plena Noite";"Decrescente";"Céu Claro";"Dupla";"Curva";"Sim";3;1;0;0;1;1;0;3;-7,97708575;-34,92607318;"SPRF-PE";"DEL01-PE";"UOP02-DEL01-PE"
318725;2020-11-02;"segunda-feira";"13:30:00";"BA";242;579;"IBOTIRAMA";"Falta de Atenção à Condução";"Colisão traseira";"Com Vítimas Feridas";"Pleno dia";"Decrescente";"Nublado";"Simples";"Aclive;Reta";"Não";4;0;2;0;1;1;2;3;-12,14341237;-43,1807401;"SPRF-BA";"DEL06-BA";"UOP03-DEL06-BA"
318730;2020-11-02;"segunda-feira";"11:00:00";"BA";101;830,8;"TEIXEIRA DE FREITAS";"Ultrapassagem Indevida";"Colisão frontal";"Com Vítimas Feridas";"Pleno dia";"Crescente";"Chuva";"Simples";"Curva";"Não";4;0;1;0;2;1;1;3;-17,3617517;-39,64155316;"SPRF-BA";"DEL09-BA";"UOP02-DEL09-BA"
318737;2020-10-25;"domingo";"10:20:00";"BA";101;31,7;"ESPLANADA";"Fenômenos da Natureza";"Incêndio";"Sem Vítimas";"Pleno dia";"Crescente";"Céu Claro";"Dupla";"Declive";"Não";2;0;0;0;1;1;0;2;-11,72808528;-37,93165974;"SPRF-SE";"DEL02-SE";"UOP03-DEL02-SE"
318741;2020-11-02;"segunda-feira";"14:50:00";"RS";116;263;"CANOAS";"Falta de Atenção à Condução";"Colisão lateral";"Com Vítimas Feridas";"Pleno dia";"Decrescente";"Céu Claro";"Simples";"Reta";"Sim";3;0;1;0;1;1;1;3;-29,90545398;-51,17674031;"SPRF-RS";"DEL01-RS";"UOP01-DEL01-RS"
318746;2020-11-02;"segunda-feira";"15:10:00";"SC";470;69,7;"INDAIAL";"Falta de Atenção à Condução";"Colisão traseira";"Com Vítimas Feridas";"Pleno dia";"Decrescente";"Céu Claro";"Simples";"Reta";"Sim";4;0;1;0;3;0;1;3;-26,883745;-49,246704;"SPRF-SC";"DEL04-SC";"UOP01-DEL04-SC"
318747;2020-11-02;"segunda-feira";"15:25:00";"TO";153;770;"ALVORADA";"Desobediência às normas de trânsito pelo condutor";"Colisão transversal";"Com Vítimas Feridas";"Pleno dia";"Crescente";"Céu Claro";"Simples";"Reta";"Não";3;0;0;1;1;4;1;6;-12,55630013;-49,09079915;"SPRF-TO";"DEL01-TO";"UOP02-DEL01-TO"
318750;2020-11-02;"segunda-feira";"15:00:00";"RS";392;118,5;"CANGUCU";"Defeito Mecânico no Veículo";"Colisão com objeto estático";"Sem Vítimas";"Pleno dia";"Decrescente";"Céu Claro";"Simples";"Interseção de Vias";"Sim";3;0;0;0;1;3;0;4;-31,407131;-52,68174198;"SPRF-RS";"DEL07-RS";"UOP01-DEL07-RS"
318755;2020-11-02;"segunda-feira";"16:05:00";"MA";316;560;"CAXIAS";"Desobediência às normas de trânsito pelo condutor";"Colisão frontal";"Com Vítimas Fatais";"Pleno dia";"Crescente";"Céu Claro";"Simples";"Reta";"Não";4;2;0;0;1;1;0;3;-4,888779;-43,283848;"SPRF-MA";"DEL03-MA";"UOP02-DEL03-MA"
318759;2020-11-02;"segunda-feira";"12:50:00";"MT";174;355;"CONQUISTA DOESTE";"Defeito Mecânico no Veículo";"Incêndio";"Sem Vítimas";"Pleno dia";"Decrescente";"Céu Claro";"Simples";"Reta";"Não";2;0;0;0;1;1;0;2;-14,70112212;-59,40011214;"SPRF-MT";"DEL04-MT";"UOP01-DEL04-MT"
318766;2020-11-02;"segunda-feira";"16:00:00";"MS";262;385,5;"TERENOS";"Não guardar distância de segurança";"Engavetamento";"Com Vítimas Feridas";"Pleno dia";"Decrescente";"Céu Claro";"Simples";"Reta";"Não";13;0;1;0;11;1;1;4;-20,43314091;-54,88175898;"SPRF-MS";"DEL01-MS";"UOP03-DEL01-MS"
318772;2020-11-02;"segunda-feira";"12:40:00";"BA";407;149;"FILADELFIA";"Falta de Atenção à Condução";"Saída de leito carroçável";"Com Vítimas Feridas";"Pleno dia";"Decrescente";"Nublado";"Simples";"Reta";"Não";2;0;1;0;0;2;1;3;-10,65025095;-40,12886548;"SPRF-BA";"DEL04-BA";"UOP01-DEL04-BA"
318776;2020-11-02;"segunda-feira";"16:05:00";"SP";381;36;"ATIBAIA";"Velocidade Incompatível";"Tombamento";"Sem Vítimas";"Pleno dia";"Decrescente";"Sol";"Dupla";"Curva";"Não";2;0;0;0;1;2;0;3;-23,09707232;-46,57180706;"SPRF-SP";"DEL03-SP";"UOP01-DEL03-SP"
318777;2020-11-02;"segunda-feira";"16:40:00";"BA";116;542;"MILAGRES";"Ultrapassagem Indevida";"Colisão lateral";"Com Vítimas Feridas";"Pleno dia";"Decrescente";"Garoa/Chuvisco";"Simples";"Reta";"Não";4;0;1;0;2;1;1;4;-12,8513017;-39,84844208;"SPRF-BA";"DEL03-BA";"UOP02-DEL03-BA"
318782;2020-11-02;"segunda-feira";"17:20:00";"DF";20;16;"BRASILIA";"Pista Escorregadia";"Colisão traseira";"Sem Vítimas";"Anoitecer";"Crescente";"Garoa/Chuvisco";"Dupla";"Reta";"Sim";2;0;0;0;2;0;0;2;-15,625675;-47,725159;"SPRF-DF";"DEL02-DF";"UOP01-DEL02-DF"
318792;2020-11-02;"segunda-feira";"17:50:00";"MG";40;718;"BARBACENA";"Velocidade Incompatível";"Tombamento";"Com Vítimas Fatais";"Pleno dia";"Crescente";"Céu Claro";"Dupla";"Curva";"Não";1;1;0;0;0;0;0;1;-21,2656332;-43,65557499;"SPRF-MG";"DEL05-MG";"UOP01-DEL05-MG"
318793;2020-11-02;"segunda-feira";"18:20:00";"PE";104;30;"TORITAMA";"Desobediência às normas de trânsito pelo condutor";"Colisão frontal";"Com Vítimas Fatais";"Plena Noite";"Crescente";"Céu Claro";"Simples";"Reta";"Sim";5;2;0;1;1;1;1;4;-8,0137;-36,0565;"SPRF-PE";"DEL02-PE";"UOP01-DEL02-PE"
318808;2020-11-02;"segunda-feira";"19:45:00";"BA";110;168;"RIBEIRA DO POMBAL";"Falta de Atenção à Condução";"Colisão frontal";"Com Vítimas Fatais";"Plena Noite";"Crescente";"Garoa/Chuvisco";"Simples";"Reta";"Não";2;1;1;0;0;0;1;2;-10,795;-38,523;"SPRF-BA";"DEL07-BA";"UOP02-DEL07-BA"
318810;2020-11-02;"segunda-feira";"18:50:00";"BA";101;230,2;"SAPEACU";"Velocidade Incompatível";"Colisão frontal";"Com Vítimas Feridas";"Plena Noite";"Decrescente";"Garoa/Chuvisco";"Simples";"Curva";"Não";2;0;0;1;1;0;1;2;-12,83551106;-39,20129659;"SPRF-BA";"DEL01-BA";"UOP02-DEL01-BA"
318812;2020-11-02;"segunda-feira";"19:05:00";"MS";163;728;"COXIM";"Não guardar distância de segurança";"Colisão traseira";"Com Vítimas Feridas";"Plena Noite";"Crescente";"Céu Claro";"Simples";"Declive";"Sim";7;0;2;0;5;0;2;2;-18,52735393;-54,74045625;"SPRF-MS";"DEL06-MS";"UOP01-DEL06-MS"
318831;2020-11-02;"segunda-feira";"18:30:00";"MT";70;503;"CUIABA";"Desobediência às normas de trânsito pelo condutor";"Colisão frontal";"Com Vítimas Feridas";"Plena Noite";"Crescente";"Céu Claro";"Simples";"Reta";"Não";3;0;1;0;1;1;1;3;-15,67139089;-55,94815295;"SPRF-MT";"DEL01-MT";"UOP02-DEL01-MT"
318841;2020-11-02;"segunda-feira";"18:50:00";"MG";365;423;"PATOS DE MINAS";"Sinalização da via insuficiente ou inadequada";"Colisão traseira";"Com Vítimas Feridas";"Plena Noite";"Decrescente";"Céu Claro";"Dupla";"Aclive";"Não";4;0;1;0;1;2;1;3;-18,72358684;-46,61675818;"SPRF-MG";"DEL10-MG";"UOP01-DEL10-MG"
318850;2020-11-02;"segunda-feira";"21:25:00";"SC";101;25;"JOINVILLE";"Desobediência às normas de trânsito pelo condutor";"Colisão transversal";"Com Vítimas Feridas";"Plena Noite";"Crescente";"Céu Claro";"Dupla";"Reta";"Não";5;0;1;0;3;3;1;5;-26,1834739;-48,9105912;"SPRF-SC";"DEL03-SC";"UOP01-DEL03-SC"
318853;2020-11-02;"segunda-feira";"17:45:00";"MG";262;567,5;"CORREGO DANTA";"Falta de Atenção à Condução";"Colisão transversal";"Com Vítimas Fatais";"Pleno dia";"Crescente";"Céu Claro";"Simples";"Interseção de Vias";"Não";9;1;2;3;1;2;5;4;-19,73441115;-46,0157311;"SPRF-MG";"DEL08-MG";"UOP02-DEL08-MG"
318860;2020-11-02;"segunda-feira";"23:30:00";"MG";116;115;"ITAOBIM";"Falta de Atenção à Condução";"Colisão traseira";"Com Vítimas Feridas";"Plena Noite";"Decrescente";"Garoa/Chuvisco";"Simples";"Reta";"Sim";4;0;2;0;1;1;2;2;-16,55656498;-41,50192905;"SPRF-MG";"DEL11-MG";"UOP02-DEL11-MG"
318865;2020-11-03;"terça-feira";"00:30:00";"SP";116;166;"JACAREI";"Defeito Mecânico no Veículo";"Incêndio";"Sem Vítimas";"Plena Noite";"Decrescente";"Céu Claro";"Simples";"Reta";"Não";2;0;0;0;1;2;0;3;-23,30055667;-46,01686506;"SPRF-SP";"DEL02-SP";"UOP01-DEL02-SP"
318872;2020-11-03;"terça-feira";"00:30:00";"PB";116;12,2;"CACHOEIRA DOS INDIOS";"Pista Escorregadia";"Saída de leito carroçável";"Com Vítimas Fatais";"Plena Noite";"Decrescente";"Chuva";"Simples";"Declive";"Não";1;1;0;0;0;0;0;1;-6,993578;-38,746815;"SPRF-CE";"DEL05-CE";"UOP03-DEL05-CE"
318873;2020-11-03;"terça-feira";"01:50:00";"SC";101;59,1;"ARAQUARI";"Defeito Mecânico no Veículo";"Incêndio";"Sem Vítimas";"Plena Noite";"Crescente";"Nublado";"Dupla";"Reta";"Não";2;0;0;0;1;1;0;2;-26,44651734;-48,79426826;"SPRF-SC";"DEL03-SC";"UOP02-DEL03-SC"
318877;2020-11-03;"terça-feira";"05:00:00";"SP";381;86;"SAO PAULO";"Velocidade Incompatível";"Colisão com objeto estático";"Com Vítimas Feridas";"Amanhecer";"Crescente";"Céu Claro";"Dupla";"Curva";"Sim";4;0;2;0;1;1;2;2;-23,45930499;-46,57161179;"SPRF-SP";"DEL03-SP";"UOP01-DEL03-SP"
318881;2020-11-03;"terça-feira";"06:00:00";"RN";304;68;"MOSSORO";"Desobediência às normas de trânsito pelo condutor";"Colisão lateral";"Com Vítimas Feridas";"Pleno dia";"Decrescente";"Sol";"Simples";"Interseção de Vias";"Não";2;0;0;1;1;0;1;2;-5,386368;-37,234276;"SPRF-RN";"DEL04-RN";"UOP01-DEL04-RN"
318885;2020-11-03;"terça-feira";"06:35:00";"MG";381;489;"BETIM";"Desobediência às normas de trânsito pelo condutor";"Colisão traseira";"Com Vítimas Feridas";"Pleno dia";"Decrescente";"Céu Claro";"Dupla";"Reta";"Sim";3;0;1;0;1;2;1;4;-19,96245618;-44,16455495;"SPRF-MG";"DEL01-MG";"UOP03-DEL01-MG"
318887;2020-11-02;"segunda-feira";"17:30:00";"AC";317;303;"BRASILEIA";"Desobediência às normas de trânsito pelo condutor";"Colisão traseira";"Com Vítimas Feridas";"Plena Noite";"Crescente";"Céu Claro";"Simples";"Curva";"Não";3;0;0;2;0;1;2;2;-10,96524005;-68,78844504;"SPRF-AC";"DEL01-AC";"UOP02-DEL01-AC"
318888;2020-11-03;"terça-feira";"06:00:00";"SP";116;277,1;"EMBU DAS ARTES";"Falta de Atenção à Condução";"Colisão traseira";"Com Vítimas Feridas";"Pleno dia";"Decrescente";"Céu Claro";"Dupla";"Declive";"Sim";4;0;0;1;3;0;1;3;-23,64870535;-46,84395469;"SPRF-SP";"DEL04-SP";"UOP01-DEL04-SP"
318894;2020-11-03;"terça-feira";"04:00:00";"PI";135;233;"COLONIA DO GURGUEIA";"Falta de Atenção à Condução";"Tombamento";"Com Vítimas Feridas";"Plena Noite";"Decrescente";"Nublado";"Simples";"Curva";"Não";2;0;1;0;0;1;1;2;-8,23087801;-43,78974869;"SPRF-PI";"DEL03-PI";"UOP02-DEL03-PI"
318897;2020-11-03;"terça-feira";"07:00:00";"SP";153;80;"BADY BASSITT";"Não guardar distância de segurança";"Colisão traseira";"Com Vítimas Feridas";"Pleno dia";"Crescente";"Céu Claro";"Simples";"Aclive;Reta";"Não";6;0;0;2;3;2;2;4;-20,90910476;-49,48021806;"SPRF-SP";"DEL09-SP";"UOP01-DEL09-SP"
318905;2020-11-03;"terça-feira";"05:50:00";"PR";153;121,5;"IBAITI";"Avarias e/ou desgaste excessivo no pneu";"Tombamento";"Com Vítimas Feridas";"Amanhecer";"Crescente";"Céu Claro";"Simples";"Declive;Curva";"Não";2;0;1;0;0;2;1;3;-23,93119102;-50,23840265;"SPRF-PR";"DEL07-PR";"UOP04-DEL07-PR"
318906;2020-11-03;"terça-feira";"06:40:00";"MG";251;473,4;"FRANCISCO SA";"Pista Escorregadia";"Saída de leito carroçável";"Sem Vítimas";"Amanhecer";"Crescente";"Chuva";"Simples";"Declive;Reta";"Não";2;0;0;0;1;1;0;2;-16,47012768;-43,44753404;"SPRF-MG";"DEL12-MG";"UOP01-DEL12-MG"
318914;2020-11-02;"segunda-feira";"23:50:00";"SC";282;410;"CATANDUVAS";"Não guardar distância de segurança";"Atropelamento de Pedestre";"Com Vítimas Fatais";"Plena Noite";"Decrescente";"Céu Claro";"Simples";"Reta;Aclive";"Sim";6;1;0;0;1;5;0;4;-27,061399;-51,671875;"SPRF-SC";"DEL07-SC";"UOP05-DEL07-SC"
318918;2020-11-03;"terça-feira";"07:30:00";"RJ";40;113;"DUQUE DE CAXIAS";"Defeito Mecânico no Veículo";"Colisão traseira";"Com Vítimas Feridas";"Amanhecer";"Crescente";"Sol";"Dupla";"Reta";"Não";3;0;1;0;2;0;1;3;-22,70948502;-43,29040354;"SPRF-RJ";"DEL01-RJ";"UOP01-DEL01-RJ"
318921;2020-11-03;"terça-feira";"08:35:00";"MS";163;475,8;"CAMPO GRANDE";"Velocidade Incompatível";"Tombamento";"Com Vítimas Feridas";"Pleno dia";"Decrescente";"Céu Claro";"Simples";"Reta";"Sim";2;0;0;1;0;1;1;2;-20,51421813;-54,56275105;"SPRF-MS";"DEL01-MS";"UOP01-DEL01-MS"
318923;2020-11-03;"terça-feira";"07:50:00";"GO";153;92;"SANTA TEREZA DE GOIAS";"Falta de Atenção à Condução";"Colisão transversal";"Com Vítimas Feridas";"Pleno dia";"Crescente";"Nublado";"Simples";"Reta";"Não";4;0;0;1;1;3;1;5;-13,587679;-49,041557;"SPRF-GO";"DEL07-GO";"UOP01-DEL07-GO"
318925;2020-11-03;"terça-feira";"07:50:00";"SC";280;52,4;"GUARAMIRIM";"Falta de Atenção à Condução";"Colisão lateral";"Com Vítimas Feridas";"Pleno dia";"Crescente";"Nublado";"Simples";"Reta";"Não";3;0;1;0;2;0;1;2;-26,47238818;-48,97403598;"SPRF-SC";"DEL03-SC";"UOP03-DEL03-SC"
318935;2020-11-03;"terça-feira";"11:10:00";"TO";226;53;"DARCINOPOLIS";"Defeito na Via";"Tombamento";"Com Vítimas Feridas";"Pleno dia";"Crescente";"Garoa/Chuvisco";"Simples";"Declive";"Não";2;0;0;1;0;2;1;3;-6,815603;-47,815376;"SPRF-TO";"DEL02-TO";"UOP03-DEL02-TO"
318941;2020-11-03;"terça-feira";"11:50:00";"MG";381;364;"JOAO MONLEVADE";"Velocidade Incompatível";"Tombamento";"Com Vítimas Feridas";"Pleno dia";"Crescente";"Céu Claro";"Simples";"Reta";"Não";4;0;2;0;1;2;2;3;-19,84955579;-43,25424839;"SPRF-MG";"DEL03-MG";"UOP01-DEL03-MG"
318942;2020-10-04;"domingo";"02:00:00";"PA";230;740;"MEDICILANDIA";"Velocidade Incompatível";"Tombamento";"Com Vítimas Feridas";"Plena Noite";"Decrescente";"Céu Claro";"Simples";"Curva";"Não";2;0;1;0;0;1;1;2;-3,43908141;-52,87512794;"SPRF-PA";"DEL04-PA";"UOP01-DEL04-PA"
318951;2020-11-03;"terça-feira";"12:45:00";"GO";153;501,8;"GOIANIA";"Falta de Atenção à Condução";"Colisão traseira";"Com Vítimas Feridas";"Pleno dia";"Crescente";"Sol";"Dupla";"Reta";"Sim";2;0;1;0;1;0;1;2;-16,7189;-49,2382;"SPRF-GO";"DEL01-GO";"UOP01-DEL01-GO"
318952;2020-11-03;"terça-feira";"13:20:00";"PI";222;24;"SAO JOAO DA FRONTEIRA";"Defeito na Via";"Colisão frontal";"Com Vítimas Fatais";"Pleno dia";"Crescente";"Céu Claro";"Simples";"Reta";"Não";3;1;0;0;1;1;0;3;-3,9957851;-41,42360196;"SPRF-PI";"DEL02-PI";"UOP01-DEL02-PI"
318958;2020-11-03;"terça-feira";"10:00:00";"MG";354;746,9;"POUSO ALTO";"Carga excessiva e/ou mal acondicionada";"Tombamento";"Com Vítimas Feridas";"Pleno dia";"Decrescente";"Sol";"Simples";"Reta";"Não";1;0;1;0;0;0;1;1;-22,26290602;-44,91292477;"SPRF-MG";"DEL17-MG";"UOP01-DEL17-MG"
318960;2020-11-03;"terça-feira";"12:00:00";"PE";428;185;"PETROLINA";"Desobediência às normas de trânsito pelo condutor";"Colisão transversal";"Com Vítimas Feridas";"Pleno dia";"Decrescente";"Céu Claro";"Simples";"Reta";"Sim";2;0;1;0;1;0;1;2;-9,35936758;-40,48015594;"SPRF-PE";"DEL06-PE";"UOP01-DEL06-PE"
318966;2020-11-03;"terça-feira";"08:45:00";"SC";153;7,7;"AGUA DOCE";"Condutor Dormindo";"Saída de leito carroçável";"Com Vítimas Fatais";"Pleno dia";"Crescente";"Céu Claro";"Simples";"Reta";"Não";2;1;0;0;0;1;0;2;-26,652559;-51,528454;"SPRF-SC";"DEL07-SC";"UOP05-DEL07-SC"
318971;2020-11-03;"terça-feira";"09:00:00";"MG";251;198;"CACHOEIRA DE PAJEU";"Não guardar distância de segurança";"Engavetamento";"Com Vítimas Feridas";"Pleno dia";"Decrescente";"Chuva";"Simples";"Reta";"Não";4;0;0;1;1;4;1;6;-15,87178672;-41,46417498;"SPRF-MG";"DEL11-MG";"UOP02-DEL11-MG"
318972;2020-11-03;"terça-feira";"14:22:00";"MG";251;492,4;"FRANCISCO SA";"Pista Escorregadia";"Colisão com objeto estático";"Com Vítimas Feridas";"Pleno dia";"Crescente";"Chuva";"Simples";"Reta;Declive";"Não";4;0;1;0;2;1;1;4;-16,54433804;-43,59543496;"SPRF-MG";"DEL12-MG";"UOP01-DEL12-MG"
318977;2020-11-03;"terça-feira";"14:50:00";"SC";280;253;"CANOINHAS";"Falta de Atenção à Condução";"Colisão traseira";"Sem Vítimas";"Pleno dia";"Decrescente";"Chuva";"Simples";"Reta";"Não";2;0;0;0;2;0;0;2;-26,26572045;-50,56913793;"SPRF-SC";"DEL06-SC";"UOP04-DEL06-SC"
318979;2020-11-03;"terça-feira";"14:30:00";"RN";304;204;"LAJES";"Ultrapassagem Indevida";"Tombamento";"Com Vítimas Feridas";"Pleno dia";"Crescente";"Céu Claro";"Simples";"Ponte";"Não";4;0;1;0;2;2;1;4;-5,73480279;-36,13047997;"SPRF-RN";"DEL01-RN";"UOP03-DEL01-RN"
318988;2020-11-03;"terça-feira";"15:30:00";"RJ";116;207;"SEROPEDICA";"Defeito Mecânico no Veículo";"Incêndio";"Sem Vítimas";"Pleno dia";"Crescente";"Nublado";"Múltipla";"Reta";"Sim";3;0;0;0;3;0;0;1;-22,72454443;-43,66145706;"SPRF-RJ";"DEL01-RJ";"UOP03-DEL01-RJ"
318996;2020-11-03;"terça-feira";"17:15:00";"RN";304;296;"MACAIBA";"Desobediência às normas de trânsito pelo condutor";"Colisão lateral";"Sem Vítimas";"Anoitecer";"Decrescente";"Céu Claro";"Simples";"Rotatória";"Sim";2;0;0;0;2;0;0;2;-5,86484905;-35,34931012;"SPRF-RN";"DEL01-RN";"UOP02-DEL01-RN"
319000;2020-11-03;"terça-feira";"17:05:00";"SC";101;413,8;"ARARANGUA";"Falta de Atenção à Condução";"Colisão com objeto estático";"Com Vítimas Feridas";"Pleno dia";"Decrescente";"Nublado";"Dupla";"Reta";"Não";7;0;5;0;2;0;5;2;-28,95790231;-49,52534795;"SPRF-SC";"DEL02-SC";"UOP02-DEL02-SC"
319001;2020-11-03;"terça-feira";"15:40:00";"AL";416;47,2;"IBATEGUARA";"Falta de Atenção à Condução";"Saída de leito carroçável";"Com Vítimas Feridas";"Pleno dia";"Decrescente";"Céu Claro";"Simples";"Reta";"Não";5;0;1;0;4;0;1;2;-8,96711685;-35,93157809;"SPRF-AL";"DEL01-AL";"UOP02-DEL01-AL"
319002;2020-11-03;"terça-feira";"16:00:00";"GO";452;2,2;"RIO VERDE";"Falta de Atenção à Condução";"Colisão traseira";"Com Vítimas Feridas";"Pleno dia";"Crescente";"Céu Claro";"Dupla";"Declive;Retorno Regulamentado";"Não";3;0;2;0;1;0;2;2;-17,79595391;-50,88555295;"SPRF-GO";"DEL04-GO";"UOP01-DEL04-GO"
319003;2020-11-03;"terça-feira";"17:40:00";"PE";428;176;"PETROLINA";"Restrição de Visibilidade";"Atropelamento de Pedestre";"Com Vítimas Feridas";"Anoitecer";"Decrescente";"Ignorado";"Simples";"Reta";"Não";2;0;0;1;1;0;1;2;-9,26824308;-40,43343586;"SPRF-PE";"DEL06-PE";"UOP01-DEL06-PE"
319006;2020-11-03;"terça-feira";"17:40:00";"PR";163;195,1;"SANTA TEREZA DO OESTE";"Velocidade Incompatível";"Tombamento";"Com Vítimas Feridas";"Anoitecer";"Crescente";"Céu Claro";"Dupla";"Reta";"Não";2;0;1;1;0;0;2;1;-25,047568;-53,55674;"SPRF-PR";"DEL05-PR";"UOP05-DEL05-PR"
319009;2020-11-03;"terça-feira";"14:30:00";"SC";116;180,7;"SAO CRISTOVAO DO SUL";"Carga excessiva e/ou mal acondicionada";"Derramamento de carga";"Sem Vítimas";"Pleno dia";"Decrescente";"Sol";"Simples";"Curva";"Não";2;0;0;0;1;1;0;2;-27,27041426;-50,44097161;"SPRF-SC";"DEL05-SC";"UOP03-DEL05-SC"
319013;2020-11-03;"terça-feira";"18:00:00";"MG";381;593,9;"CARMOPOLIS DE MINAS";"Ingestão de Álcool";"Colisão lateral";"Com Vítimas Feridas";"Plena Noite";"Decrescente";"Nublado";"Dupla";"Reta";"Não";4;0;0;1;1;2;1;3;-20,5683993;-44,67521171;"SPRF-MG";"DEL04-MG";"UOP01-DEL04-MG"
319019;2020-11-03;"terça-feira";"18:00:00";"TO";226;2;"AGUIARNOPOLIS";"Animais na Pista";"Tombamento";"Com Vítimas Feridas";"Anoitecer";"Decrescente";"Céu Claro";"Simples";"Reta";"Não";2;0;1;0;0;2;1;3;-6,563594;-47,475021;"SPRF-TO";"DEL02-TO";"UOP03-DEL02-TO"
319021;2020-11-03;"terça-feira";"17:30:00";"MG";116;762,5;"LEOPOLDINA";"Mal Súbito";"Colisão lateral";"Com Vítimas Feridas";"Anoitecer";"Decrescente";"Nublado";"Simples";"Reta";"Não";4;0;2;0;1;1;2;4;-21,52887723;-42,62360898;"SPRF-MG";"DEL07-MG";"UOP01-DEL07-MG"
319022;2020-11-03;"terça-feira";"18:20:00";"MG";40;658;"CARANDAI";"Falta de Atenção à Condução";"Colisão transversal";"Com Vítimas Feridas";"Plena Noite";"Crescente";"Chuva";"Simples";"Interseção de Vias";"Não";3;0;0;1;1;2;1;4;-20,88523519;-43,80990585;"SPRF-MG";"DEL05-MG";"UOP02-DEL05-MG"
319024;2020-11-03;"terça-feira";"17:50:00";"BA";101;328;"PRESIDENTE TANCREDO NEVES";"Defeito Mecânico no Veículo";"Incêndio";"Sem Vítimas";"Plena Noite";"Crescente";"Chuva";"Simples";"Reta";"Sim";1;0;0;0;1;0;0;1;-13,46767719;-39,41843033;"SPRF-BA";"DEL05-BA";"UOP03-DEL05-BA"