"id";"data_inversa";"dia_semana";"horario";"uf";"br";"km";"municipio";"causa_acidente";"tipo_acidente";"classificacao_acidente";"fase_dia";"sentido_via";"condicao_metereologica";"tipo_pista";"tracado_via";"uso_solo";"pessoas";"mortos";"feridos_leves";"feridos_graves";"ilesos";"ignorados";"feridos";"veiculos";"latitude";"longitude";"regional";"delegacia";"uop"
319026;2020-11-03;"terça-feira";"19:00:00";"SC";101;117,4;"ITAJAI";"Falta de Atenção à Condução";"Engavetamento";"Sem Vítimas";"Plena Noite";"Crescente";"Chuva";"Dupla";"Viaduto";"Não";5;0;0;0;4;1;0;5;-26,88747187;-48,72252969;"SPRF-SC";"DEL04-SC";"UOP04-DEL04-SC"
319032;2020-11-03;"terça-feira";"19:15:00";"PE";423;63,9;"LAJEDO";"Ingestão de Álcool";"Colisão frontal";"Com Vítimas Feridas";"Plena Noite";"Crescente";"Céu Claro";"Simples";"Reta";"Não";4;0;1;1;1;1;2;3;-8,66420578;-36,35605574;"SPRF-PE";"DEL03-PE";"UOP01-DEL03-PE"
319034;2020-11-03;"terça-feira";"17:00:00";"BA";101;732;"ITABELA";"Pista Escorregadia";"Colisão lateral";"Com Vítimas Feridas";"Anoitecer";"Crescente";"Chuva";"Simples";"Curva";"Não";3;0;1;0;1;2;1;4;-16,64242503;-39,51341103;"SPRF-BA";"DEL09-BA";"UOP01-DEL09-BA"
319035;2020-11-03;"terça-feira";"17:50:00";"SP";116;279;"EMBU DAS ARTES";"Ingestão de Álcool";"Colisão lateral";"Sem Vítimas";"Plena Noite";"Crescente";"Céu Claro";"Dupla";"Reta";"Não";2;0;0;0;2;0;0;2;-23,66233697;-46,85292907;"SPRF-SP";"DEL04-SP";"UOP01-DEL04-SP"
319036;2020-10-30;"sexta-feira";"19:15:00";"MG";40;474,7;"SETE LAGOAS";"Objeto estático sobre o leito carroçável";"Saída de leito carroçável";"Sem Vítimas";"Plena Noite";"Decrescente";"Chuva";"Dupla";"Curva";"Sim";2;0;0;0;1;1;0;2;-19,49804878;-44,27929974;"SPRF-MG";"DEL02-MG";"UOP01-DEL02-MG"
319037;2020-11-03;"terça-feira";"11:30:00";"PR";153;139,1;"VENTANIA";"Desobediência às normas de trânsito pelo condutor";"Tombamento";"Com Vítimas Feridas";"Pleno dia";"Crescente";"Céu Claro";"Simples";"Curva";"Não";2;0;1;0;0;2;1;3;-24,07168926;-50,25237719;"SPRF-PR";"DEL07-PR";"UOP04-DEL07-PR"
319039;2020-11-03;"terça-feira";"20:30:00";"MG";50;59;"UBERLANDIA";"Falta de Atenção à Condução";"Colisão traseira";"Com Vítimas Feridas";"Plena Noite";"Crescente";"Céu Claro";"Dupla";"Reta";"Não";3;0;1;0;1;3;1;5;-18,80182592;-48,23899615;"SPRF-MG";"DEL15-MG";"UOP02-DEL15-MG"
319041;2020-11-03;"terça-feira";"20:20:00";"MG";381;439;"SABARA";"Falta de Atenção à Condução";"Atropelamento de Pedestre";"Com Vítimas Feridas";"Plena Noite";"Crescente";"Chuva";"Simples";"Reta";"Não";2;0;0;1;0;1;1;2;-19,80927691;-43,78706001;"SPRF-MG";"DEL01-MG";"UOP01-DEL01-MG"
319044;2020-11-03;"terça-feira";"17:10:00";"SC";480;126,7;"CHAPECO";"Avarias e/ou desgaste excessivo no pneu";"Colisão lateral";"Com Vítimas Feridas";"Pleno dia";"Crescente";"Sol";"Dupla";"Reta";"Não";6;0;3;0;2;1;3;5;-27,02617727;-52,6342535;"SPRF-SC";"DEL07-SC";"UOP01-DEL07-SC"
319048;2020-11-03;"terça-feira";"19:40:00";"RO";364;424;"JARU";"Desobediência às normas de trânsito pelo condutor";"Colisão traseira";"Sem Vítimas";"Plena Noite";"Decrescente";"Céu Claro";"Simples";"Reta";"Sim";2;0;0;0;2;0;0;2;-10,44457274;-62,46568412;"SPRF-RO";"DEL03-RO";"UOP02-DEL03-RO"
319050;2020-11-03;"terça-feira";"16:00:00";"MG";262;569;"CORREGO DANTA";"Pista Escorregadia";"Colisão frontal";"Com Vítimas Fatais";"Pleno dia";"Decrescente";"Chuva";"Simples";"Curva";"Não";2;1;0;0;1;0;0;2;-19,65775;-46,08590524;"SPRF-MG";"DEL08-MG";"UOP02-DEL08-MG"
319053;2020-11-03;"terça-feira";"21:50:00";"SP";381;87;"GUARULHOS";"Defeito Mecânico no Veículo";"Colisão com objeto estático";"Com Vítimas Feridas";"Plena Noite";"Decrescente";"Céu Claro";"Múltipla";"Reta";"Sim";1;0;1;0;0;0;1;1;-23,46885001;-46,56996601;"SPRF-SP";"DEL03-SP";"UOP01-DEL03-SP"
319055;2020-11-03;"terça-feira";"12:30:00";"PR";116;171;"QUITANDINHA";"Falta de Atenção à Condução";"Saída de leito carroçável";"Com Vítimas Feridas";"Pleno dia";"Decrescente";"Céu Claro";"Simples";"Curva";"Não";1;0;1;0;0;0;1;1;-25,87727021;-49,49013981;"SPRF-PR";"DEL01-PR";"UOP03-DEL01-PR"
319056;2020-11-03;"terça-feira";"16:50:00";"SC";282;189;"BOCAINA DO SUL";"Pista Escorregadia";"Colisão traseira";"Sem Vítimas";"Pleno dia";"Decrescente";"Granizo";"Simples";"Declive";"Não";3;0;0;0;2;1;0;3;-27,7374;-50,026859;"SPRF-SC";"DEL05-SC";"UOP01-DEL05-SC"
319060;2020-11-04;"quarta-feira";"00:55:00";"RJ";101;151;"MACAE";"Falta de Atenção à Condução";"Colisão lateral";"Com Vítimas Feridas";"Plena Noite";"Crescente";"Chuva";"Simples";"Reta";"Não";2;0;1;1;0;0;2;2;-22,24496929;-41,80720879;"SPRF-RJ";"DEL08-RJ";"UOP04-DEL08-RJ"
319061;2020-11-03;"terça-feira";"19:20:00";"MG";40;770;"JUIZ DE FORA";"Velocidade Incompatível";"Tombamento";"Sem Vítimas";"Plena Noite";"Decrescente";"Chuva";"Simples";"Reta";"Não";2;0;0;0;1;1;0;2;-21,59924304;-43,4579108;"SPRF-MG";"DEL05-MG";"UOP01-DEL05-MG"
319067;2020-11-04;"quarta-feira";"00:40:00";"MS";262;215;"RIBAS DO RIO PARDO";"Avarias e/ou desgaste excessivo no pneu";"Incêndio";"Sem Vítimas";"Plena Noite";"Decrescente";"Céu Claro";"Simples";"Reta";"Não";2;0;0;0;1;3;0;4;-20,47318976;-53,63393962;"SPRF-MS";"DEL07-MS";"UOP02-DEL07-MS"
319079;2020-09-25;"sexta-feira";"02:00:00";"SP";116;498,8;"CAJATI";"Falta de Atenção à Condução";"Colisão traseira";"Com Vítimas Fatais";"Plena Noite";"Decrescente";"Céu Claro";"Dupla";"Reta";"Não";4;1;1;0;1;1;1;3;-24,785208;-48,174878;"SPRF-SP";"DEL05-SP";"UOP02-DEL05-SP"
319081;2020-11-04;"quarta-feira";"05:20:00";"MG";40;524;"CONTAGEM";"Falta de Atenção à Condução";"Colisão traseira";"Com Vítimas Feridas";"Amanhecer";"Crescente";"Céu Claro";"Dupla";"Reta";"Não";2;0;1;0;0;1;1;2;-19,9482839;-44,0294269;"SPRF-MG";"DEL01-MG";"UOP02-DEL01-MG"
319090;2020-11-04;"quarta-feira";"07:10:00";"MG";381;913;"CAMANDUCAIA";"Velocidade Incompatível";"Tombamento";"Com Vítimas Feridas";"Pleno dia";"Crescente";"Céu Claro";"Dupla";"Curva";"Não";2;0;1;0;0;1;1;2;-22,75390001;-46,146503;"SPRF-MG";"DEL16-MG";"UOP03-DEL16-MG"
319091;2020-11-04;"quarta-feira";"05:45:00";"MT";163;519;"DIAMANTINO";"Falta de Atenção à Condução";"Colisão lateral";"Com Vítimas Feridas";"Amanhecer";"Crescente";"Céu Claro";"Simples";"Reta";"Não";3;0;1;0;1;3;1;5;-14,52154211;-56,21818591;"SPRF-MT";"DEL01-MT";"UOP01-DEL01-MT"
319098;2020-11-04;"quarta-feira";"09:25:00";"SP";116;145,8;"SAO JOSE DOS CAMPOS";"Falta de Atenção à Condução";"Capotamento";"Sem Vítimas";"Pleno dia";"Crescente";"Nublado";"Dupla";"Reta";"Sim";3;0;0;0;2;1;0;3;-23,1869844;-45,8548078;"SPRF-SP";"DEL02-SP";"UOP01-DEL02-SP"
319099;2020-09-06;"domingo";"17:15:00";"GO";60;444,9;"JATAI";"Falta de Atenção à Condução";"Colisão traseira";"Com Vítimas Feridas";"Pleno dia";"Crescente";"Céu Claro";"Dupla";"Reta";"Não";3;0;0;1;1;3;1;5;-17,8449;-51,4691;"SPRF-GO";"DEL05-GO";"UOP01-DEL05-GO"
319103;2020-11-04;"quarta-feira";"10:25:00";"RN";405;1,1;"MOSSORO";"Desobediência às normas de trânsito pelo condutor";"Colisão lateral";"Com Vítimas Feridas";"Pleno dia";"Decrescente";"Céu Claro";"Dupla";"Reta";"Sim";4;0;2;0;2;0;2;3;-5,19170196;-37,361471;"SPRF-RN";"DEL04-RN";"UOP02-DEL04-RN"
319104;2020-11-04;"quarta-feira";"10:30:00";"RN";427;4,1;"CURRAIS NOVOS";"Velocidade Incompatível";"Tombamento";"Sem Vítimas";"Pleno dia";"Crescente";"Sol";"Simples";"Reta";"Não";2;0;0;0;1;2;0;3;-6,29986299;-36,52669503;"SPRF-RN";"DEL03-RN";"UOP02-DEL03-RN"
319107;2020-10-15;"quinta-feira";"22:30:00";"TO";153;655,7;"GURUPI";"Condutor Dormindo";"Colisão traseira";"Com Vítimas Feridas";"Plena Noite";"Decrescente";"Céu Claro";"Simples";"Reta";"Não";2;0;1;0;1;0;1;2;-11,57884612;-49,03304663;"SPRF-TO";"DEL01-TO";"UOP02-DEL01-TO"
319111;2020-11-04;"quarta-feira";"13:15:00";"SP";153;116;"UBARANA";"Avarias e/ou desgaste excessivo no pneu";"Colisão com objeto em movimento";"Sem Vítimas";"Pleno dia";"Crescente";"Céu Claro";"Simples";"Reta";"Não";3;0;0;0;2;1;0;3;-21,1375408;-49,69894942;"SPRF-SP";"DEL09-SP";"UOP01-DEL09-SP"
319114;2020-11-04;"quarta-feira";"13:25:00";"PR";116;112,7;"CURITIBA";"Desobediência às normas de trânsito pelo condutor";"Colisão lateral";"Com Vítimas Feridas";"Pleno dia";"Crescente";"Sol";"Dupla";"Reta";"Sim";4;0;1;0;2;2;1;4;-25,56730763;-49,23706792;"SPRF-PR";"DEL01-PR";"UOP01-DEL01-PR"
319129;2020-11-04;"quarta-feira";"15:50:00";"SC";101;31,8;"JOINVILLE";"Desobediência às normas de trânsito pelo condutor";"Saída de leito carroçável";"Com Vítimas Feridas";"Pleno dia";"Decrescente";"Nublado";"Dupla";"Interseção de Vias";"Não";2;0;1;1;0;0;2;1;-26,22195899;-48,91634925;"SPRF-SC";"DEL03-SC";"UOP01-DEL03-SC"
319130;2020-11-04;"quarta-feira";"14:20:00";"SC";282;114,5;"ALFREDO WAGNER";"Não guardar distância de segurança";"Colisão traseira";"Com Vítimas Feridas";"Pleno dia";"Crescente";"Nublado";"Simples";"Reta";"Não";3;0;1;0;1;2;1;4;-27,748552;-49,388176;"SPRF-SC";"DEL01-SC";"UOP03-DEL01-SC"
319133;2020-11-04;"quarta-feira";"16:10:00";"RJ";116;295;"PORTO REAL";"Falta de Atenção à Condução";"Colisão lateral";"Sem Vítimas";"Pleno dia";"Decrescente";"Chuva";"Dupla";"Reta";"Sim";3;0;0;0;2;1;0;3;-22,45013044;-44,3107408;"SPRF-RJ";"DEL07-RJ";"UOP02-DEL07-RJ"
319134;2020-11-04;"quarta-feira";"14:00:00";"RJ";116;247;"PIRAI";"Velocidade Incompatível";"Colisão traseira";"Com Vítimas Feridas";"Pleno dia";"Decrescente";"Nublado";"Dupla";"Reta";"Sim";4;0;0;1;2;2;1;5;-22,579265;-43,980764;"SPRF-RJ";"DEL07-RJ";"UOP01-DEL07-RJ"
319142;2020-11-04;"quarta-feira";"17:15:00";"ES";101;307;"VIANA";"Desobediência às normas de trânsito pelo condutor";"Tombamento";"Com Vítimas Feridas";"Pleno dia";"Decrescente";"Nublado";"Dupla";"Curva";"Não";2;0;1;0;0;1;1;2;-20,39978524;-40,45604748;"SPRF-ES";"DEL01-ES";"UOP01-DEL01-ES"
319143;2020-11-04;"quarta-feira";"15:37:00";"MT";364;277,5;"JACIARA";"Mal Súbito";"Saída de leito carroçável";"Com Vítimas Feridas";"Pleno dia";"Crescente";"Céu Claro";"Dupla";"Declive;Reta";"Não";1;0;1;0;0;0;1;1;-15,95076591;-54,99952397;"SPRF-MT";"DEL02-MT";"UOP01-DEL02-MT"
319144;2020-11-04;"quarta-feira";"14:05:00";"RO";425;142;"GUAJARA-MIRIM";"Falta de Atenção à Condução";"Tombamento";"Com Vítimas Feridas";"Pleno dia";"Decrescente";"Céu Claro";"Dupla";"Reta";"Sim";3;0;1;0;1;1;1;3;-10,754345;-65,30587;"SPRF-RO";"DEL01-RO";"UOP03-DEL01-RO"
319148;2020-11-04;"quarta-feira";"16:45:00";"MG";365;629;"UBERLANDIA";"Defeito Mecânico no Veículo";"Colisão com objeto em movimento";"Com Vítimas Feridas";"Pleno dia";"Crescente";"Céu Claro";"Dupla";"Reta";"Sim";2;0;1;0;1;0;1;2;-18,89921529;-48,37166404;"SPRF-MG";"DEL15-MG";"UOP01-DEL15-MG"
319150;2020-11-04;"quarta-feira";"18:00:00";"PA";163;982;"SANTAREM";"Ultrapassagem Indevida";"Colisão frontal";"Com Vítimas Fatais";"Anoitecer";"Crescente";"Céu Claro";"Simples";"Reta";"Não";4;1;0;0;1;2;0;3;-2,6226074;-54,73532058;"SPRF-PA";"DEL05-PA";"UOP01-DEL05-PA"
319152;2020-11-04;"quarta-feira";"18:00:00";"SP";116;211,4;"GUARULHOS";"Não guardar distância de segurança";"Colisão lateral";"Com Vítimas Feridas";"Anoitecer";"Decrescente";"Céu Claro";"Múltipla";"Reta";"Não";2;0;0;1;0;1;1;2;-23,4324306;-46,4194352;"SPRF-SP";"DEL01-SP";"UOP01-DEL01-SP"
319155;2020-11-04;"quarta-feira";"16:55:00";"MT";163;838;"SINOP";"Não guardar distância de segurança";"Colisão lateral";"Com Vítimas Feridas";"Pleno dia";"Crescente";"Céu Claro";"Dupla";"Rotatória";"Sim";2;0;1;0;1;0;1;2;-11,960007;-55,516914;"SPRF-MT";"DEL06-MT";"NPF/DEL06-MT"
319156;2020-11-04;"quarta-feira";"13:00:00";"PR";153;49;"SANTO ANTONIO DA PLATINA";"Desobediência às normas de trânsito pelo condutor";"Colisão lateral";"Com Vítimas Feridas";"Pleno dia";"Crescente";"Céu Claro";"Simples";"Reta";"Não";5;0;1;0;2;5;1;8;-23,35415208;-50,0624487;"SPRF-PR";"DEL07-PR";"UOP04-DEL07-PR"
319157;2020-11-04;"quarta-feira";"12:25:00";"RJ";40;94;"DUQUE DE CAXIAS";"Defeito Mecânico no Veículo";"Tombamento";"Sem Vítimas";"Pleno dia";"Crescente";"Céu Claro";"Simples";"Curva";"Não";1;0;0;0;1;0;0;1;-22,55698195;-43,26589823;"SPRF-RJ";"DEL01-RJ";"UOP01-DEL01-RJ"
319165;2020-11-04;"quarta-feira";"17:00:00";"MT";163;851;"SINOP";"Ingestão de Álcool";"Colisão lateral";"Com Vítimas Feridas";"Anoitecer";"Decrescente";"Céu Claro";"Simples";"Reta";"Não";3;0;0;1;1;5;1;7;-11,72308886;-55,45909327;"SPRF-MT";"DEL06-MT";"NPF/DEL06-MT"
319167;2020-08-14;"sexta-feira";"07:11:00";"RS";290;478,1;"ROSARIO DO SUL";"Defeito Mecânico no Veículo";"Colisão frontal";"Com Vítimas Feridas";"Pleno dia";"Crescente";"Céu Claro";"Simples";"Ponte";"Não";2;0;1;0;1;0;1;2;-30,241533;-54,899208;"SPRF-RS";"DEL11-RS";"UOP02-DEL11-RS"
319172;2020-10-07;"quarta-feira";"20:45:00";"ES";101;287,5;"CARIACICA";"Falta de Atenção à Condução";"Colisão com objeto estático";"Com Vítimas Feridas";"Plena Noite";"Crescente";"Céu Claro";"Dupla";"Reta";"Não";2;0;0;1;0;1;1;2;-20,26493528;-40,38471702;"SPRF-ES";"DEL01-ES";"UOP01-DEL01-ES"
319173;2020-11-04;"quarta-feira";"18:00:00";"MT";364;398;"CUIABA";"Desobediência às normas de trânsito pelo condutor";"Engavetamento";"Com Vítimas Feridas";"Anoitecer";"Decrescente";"Céu Claro";"Simples";"Em Obras;Reta;Interseção de Vias;Desvio Temporário";"Sim";6;0;1;1;3;1;2;4;-15,68278673;-55,92170288;"SPRF-MT";"DEL01-MT";"UOP02-DEL01-MT"
319176;2020-11-04;"quarta-feira";"19:20:00";"MG";365;764;"ITUIUTABA";"Desobediência às normas de trânsito pelo condutor";"Colisão traseira";"Com Vítimas Feridas";"Anoitecer";"Crescente";"Céu Claro";"Simples";"Aclive";"Não";3;0;2;0;1;0;2;2;-18,96385;-49,550877;"SPRF-MG";"DEL15-MG";"UOP03-DEL15-MG"
319177;2020-11-04;"quarta-feira";"18:50:00";"SC";101;121;"ITAJAI";"Falta de Atenção à Condução";"Engavetamento";"Com Vítimas Fatais";"Plena Noite";"Decrescente";"Nublado";"Múltipla";"Reta";"Sim";4;1;0;0;2;4;0;7;-26,92719244;-48,7058419;"SPRF-SC";"DEL04-SC";"UOP04-DEL04-SC"
319179;2020-11-04;"quarta-feira";"19:25:00";"AL";101;206;"SAO SEBASTIAO";"Falta de Atenção do Pedestre";"Atropelamento de Pedestre";"Com Vítimas Fatais";"Plena Noite";"Decrescente";"Céu Claro";"Simples";"Reta";"Não";2;1;0;0;0;1;0;2;-9,98580871;-36,57639201;"SPRF-AL";"DEL02-AL";"UOP02-DEL02-AL"
319190;2020-11-04;"quarta-feira";"17:10:00";"MT";364;458;"VARZEA GRANDE";"Não guardar distância de segurança";"Colisão traseira";"Sem Vítimas";"Pleno dia";"Decrescente";"Sol";"Simples";"Declive";"Não";3;0;0;0;2;5;0;7;-15,54445596;-56,27418792;"SPRF-MT";"DEL01-MT";"UOP02-DEL01-MT"
319195;2020-11-04;"quarta-feira";"21:40:00";"CE";116;92,8;"MORADA NOVA";"Mal Súbito";"Colisão frontal";"Com Vítimas Feridas";"Plena Noite";"Crescente";"Céu Claro";"Simples";"Curva";"Sim";3;0;0;1;1;2;1;4;-4,48785409;-38,36075064;"SPRF-CE";"DEL03-CE";"UOP02-DEL03-CE"
319196;2020-11-04;"quarta-feira";"18:23:00";"PA";230;760;"MEDICILANDIA";"Pista Escorregadia";"Colisão lateral";"Sem Vítimas";"Anoitecer";"Crescente";"Chuva";"Simples";"Declive";"Não";3;0;0;0;3;0;0;2;-3,50598706;-53,02863702;"SPRF-PA";"DEL04-PA";"UOP01-DEL04-PA"
319201;2020-11-04;"quarta-feira";"17:45:00";"PE";232;443,6;"SERRA TALHADA";"Falta de Atenção à Condução";"Colisão frontal";"Com Vítimas Fatais";"Anoitecer";"Crescente";"Céu Claro";"Simples";"Reta";"Não";3;1;0;0;1;1;0;3;-8,01087223;-38,58501511;"SPRF-PE";"DEL04-PE";"UOP01-DEL04-PE"
319205;2020-11-04;"quarta-feira";"15:15:00";"MG";116;215,8;"CATUJI";"Defeito Mecânico no Veículo";"Saída de leito carroçável";"Sem Vítimas";"Pleno dia";"Decrescente";"Nublado";"Simples";"Reta";"Não";2;0;0;0;1;1;0;2;-17,36742595;-41,53218172;"SPRF-MG";"DEL11-MG";"UOP01-DEL11-MG"
319206;2020-11-04;"quarta-feira";"22:00:00";"SC";101;276,6;"IMBITUBA";"Desobediência às normas de trânsito pelo condutor";"Colisão traseira";"Com Vítimas Feridas";"Plena Noite";"Decrescente";"Céu Claro";"Dupla";"Reta";"Sim";4;0;0;1;1;3;1;5;-28,07699803;-48,71234311;"SPRF-SC";"DEL02-SC";"UOP03-DEL02-SC"
319213;2020-11-05;"quinta-feira";"02:50:00";"MG";381;737,3;"TRES CORACOES";"Velocidade Incompatível";"Saída de leito carroçável";"Com Vítimas Feridas";"Plena Noite";"Crescente";"Ignorado";"Dupla";"Curva";"Não";2;0;1;0;0;1;1;2;-21,56017562;-45,2436329;"SPRF-MG";"DEL16-MG";"UOP02-DEL16-MG"
319215;2020-11-05;"quinta-feira";"04:10:00";"PR";277;7;"PARANAGUA";"Falta de Atenção do Pedestre";"Atropelamento de Pedestre";"Com Vítimas Feridas";"Plena Noite";"Crescente";"Céu Claro";"Simples";"Interseção de Vias;Reta";"Sim";2;0;0;1;1;0;1;2;-25,511428;-48,519876;"SPRF-PR";"DEL01-PR";"UOP05-DEL01-PR"
319218;2020-11-05;"quinta-feira";"01:45:00";"CE";222;217,3;"SOBRAL";"Ingestão de Álcool";"Saída de leito carroçável";"Sem Vítimas";"Plena Noite";"Decrescente";"Céu Claro";"Simples";"Declive";"Não";1;0;0;0;1;0;0;1;-3,75648758;-40,30235011;"SPRF-CE";"DEL04-CE";"UOP01-DEL04-CE"
319226;2020-11-05;"quinta-feira";"05:45:00";"SP";116;153,5;"SAO JOSE DOS CAMPOS";"Não guardar distância de segurança";"Colisão traseira";"Com Vítimas Feridas";"Pleno dia";"Decrescente";"Nublado";"Dupla";"Reta";"Sim";5;0;1;1;2;1;2;3;-23,23903999;-45,92061901;"SPRF-SP";"DEL02-SP";"UOP01-DEL02-SP"
319229;2020-11-05;"quinta-feira";"05:40:00";"MG";116;517,1;"UBAPORANGA";"Condutor Dormindo";"Tombamento";"Com Vítimas Fatais";"Amanhecer";"Crescente";"Céu Claro";"Simples";"Reta";"Não";4;2;0;1;0;2;1;4;-19,70492713;-42,11720373;"SPRF-MG";"DEL06-MG";"UOP02-DEL06-MG"
319233;2020-11-05;"quinta-feira";"08:00:00";"RS";386;35;"FREDERICO WESTPHALEN";"Falta de Atenção à Condução";"Colisão transversal";"Com Vítimas Feridas";"Pleno dia";"Crescente";"Céu Claro";"Simples";"Interseção de Vias";"Sim";4;0;1;0;2;2;1;5;-27,365112;-53,394897;"SPRF-RS";"DEL08-RS";"UOP02-DEL08-RS"
319234;2020-11-05;"quinta-feira";"07:50:00";"PR";116;101;"SAO JOSE DOS PINHAIS";"Falta de Atenção à Condução";"Colisão lateral";"Sem Vítimas";"Pleno dia";"Decrescente";"Céu Claro";"Dupla";"Reta";"Não";2;0;0;0;2;0;0;2;-25,54167701;-49,1509368;"SPRF-PR";"DEL01-PR";"UOP01-DEL01-PR"
319239;2020-11-05;"quinta-feira";"06:50:00";"MT";70;505;"VARZEA GRANDE";"Velocidade Incompatível";"Tombamento";"Com Vítimas Feridas";"Pleno dia";"Decrescente";"Céu Claro";"Simples";"Rotatória";"Não";2;0;1;0;0;1;1;2;-15,70054;-56,041763;"SPRF-MT";"DEL01-MT";"UOP02-DEL01-MT"
319244;2020-11-05;"quinta-feira";"04:20:00";"CE";116;29;"ITAITINGA";"Agressão Externa";"Colisão com objeto estático";"Sem Vítimas";"Pleno dia";"Crescente";"Céu Claro";"Dupla";"Reta";"Sim";1;0;0;0;1;0;0;1;-4,00202799;-38,51692006;"SPRF-CE";"DEL01-CE";"UOP02-DEL01-CE"
319246;2020-11-05;"quinta-feira";"06:10:00";"SP";116;289,5;"ITAPECERICA DA SERRA";"Velocidade Incompatível";"Colisão com objeto estático";"Sem Vítimas";"Amanhecer";"Decrescente";"Chuva";"Dupla";"Curva";"Não";2;0;0;0;1;1;0;2;-23,72290969;-46,89096614;"SPRF-SP";"DEL04-SP";"UOP01-DEL04-SP"
319253;2020-11-05;"quinta-feira";"06:30:00";"MT";364;481;"JANGADA";"Falta de Atenção à Condução";"Tombamento";"Com Vítimas Feridas";"Pleno dia";"Crescente";"Sol";"Simples";"Reta";"Não";2;0;1;0;0;1;1;2;-15,39506575;-56,38768782;"SPRF-MT";"DEL01-MT";"UOP02-DEL01-MT"
319254;2020-11-04;"quarta-feira";"22:00:00";"MA";226;261;"BARRA DO CORDA";"Defeito Mecânico no Veículo";"Incêndio";"Sem Vítimas";"Plena Noite";"Decrescente";"Céu Claro";"Simples";"Reta";"Não";2;0;0;0;1;1;0;2;-5,421797;-44,949114;"SPRF-MA";"DEL03-MA";"UOP01-DEL03-MA"
319256;2020-10-10;"sábado";"18:50:00";"GO";452;75,7;"MAURILANDIA";"Fenômenos da Natureza";"Incêndio";"Sem Vítimas";"Plena Noite";"Crescente";"Nevoeiro/Neblina";"Simples";"Reta";"Não";2;0;0;0;1;1;0;2;-18,04547914;-50,25746004;"SPRF-GO";"DEL04-GO";"UOP01-DEL04-GO"
319260;2020-11-05;"quinta-feira";"07:55:00";"RO";319;60;"PORTO VELHO";"Falta de Atenção à Condução";"Colisão lateral";"Com Vítimas Feridas";"Pleno dia";"Decrescente";"Céu Claro";"Dupla";"Rotatória";"Sim";5;0;1;0;3;1;1;3;-8,74016113;-63,88982177;"SPRF-RO";"DEL01-RO";"UOP01-DEL01-RO"
319263;2020-11-05;"quinta-feira";"09:40:00";"RN";226;159;"CURRAIS NOVOS";"Condutor Dormindo";"Colisão traseira";"Com Vítimas Feridas";"Pleno dia";"Crescente";"Céu Claro";"Simples";"Reta";"Não";2;0;1;0;1;0;1;2;-6,20030564;-36,38520007;"SPRF-RN";"DEL03-RN";"UOP02-DEL03-RN"
319265;2020-11-05;"quinta-feira";"09:30:00";"TO";230;101;"SAO BENTO DO TOCANTINS";"Falta de Atenção à Condução";"Colisão transversal";"Com Vítimas Fatais";"Pleno dia";"Crescente";"Nublado";"Simples";"Interseção de Vias";"Não";3;1;0;0;1;1;0;3;-5,97089966;-47,88028847;"SPRF-TO";"DEL02-TO";"UOP03-DEL02-TO"
319268;2020-11-05;"quinta-feira";"09:50:00";"AL";101;58,5;"MESSIAS";"Velocidade Incompatível";"Tombamento";"Com Vítimas Feridas";"Pleno dia";"Crescente";"Céu Claro";"Dupla";"Curva";"Não";2;0;0;1;0;1;1;2;-9,27933304;-35,79839595;"SPRF-AL";"DEL01-AL";"UOP02-DEL01-AL"
319275;2020-11-05;"quinta-feira";"11:10:00";"SC";470;86;"RODEIO";"Falta de Atenção à Condução";"Colisão transversal";"Com Vítimas Feridas";"Pleno dia";"Crescente";"Sol";"Simples";"Interseção de Vias";"Sim";2;0;1;0;1;0;1;2;-26,9495786;-49,35925484;"SPRF-SC";"DEL04-SC";"UOP01-DEL04-SC"
319276;2020-11-05;"quinta-feira";"09:30:00";"PE";101;41;"IGARASSU";"Falta de Atenção à Condução";"Colisão lateral";"Com Vítimas Feridas";"Pleno dia";"Decrescente";"Sol";"Múltipla";"Declive";"Sim";2;0;1;0;0;1;1;2;-7,83038346;-34,91426785;"SPRF-PE";"DEL01-PE";"UOP02-DEL01-PE"
319279;2020-11-05;"quinta-feira";"10:40:00";"PR";116;125;"FAZENDA RIO GRANDE";"Objeto estático sobre o leito carroçável";"Queda de ocupante de veículo";"Com Vítimas Fatais";"Pleno dia";"Decrescente";"Céu Claro";"Dupla";"Reta";"Sim";4;1;0;0;2;1;0;4;-25,59505309;-49,31630659;"SPRF-PR";"DEL01-PR";"UOP03-DEL01-PR"
319281;2020-11-05;"quinta-feira";"11:15:00";"GO";70;8,5;"AGUAS LINDAS DE GOIAS";"Falta de Atenção à Condução";"Colisão lateral";"Com Vítimas Feridas";"Pleno dia";"Crescente";"Céu Claro";"Dupla";"Reta";"Não";4;0;2;0;1;1;2;3;-15,73733681;-48,27407468;"SPRF-DF";"DEL03-DF";"UOP02-DEL03-DF"
319282;2020-05-14;"quinta-feira";"17:30:00";"RO";364;714;"PORTO VELHO";"Não guardar distância de segurança";"Colisão traseira";"Com Vítimas Feridas";"Anoitecer";"Decrescente";"Céu Claro";"Dupla";"Reta";"Sim";4;0;1;0;1;3;1;5;-8,77323714;-63,88521091;"SPRF-RO";"DEL01-RO";"UOP01-DEL01-RO"