"id";"data_inversa";"dia_semana";"horario";"uf";"br";"km";"municipio";"causa_acidente";"tipo_acidente";"classificacao_acidente";"fase_dia";"sentido_via";"condicao_metereologica";"tipo_pista";"tracado_via";"uso_solo";"pessoas";"mortos";"feridos_leves";"feridos_graves";"ilesos";"ignorados";"feridos";"veiculos";"latitude";"longitude";"regional";"delegacia";"uop"
319285;2020-11-05;"quinta-feira";"11:50:00";"GO";20;223,2;"POSSE";"Defeito na Via";"Tombamento";"Com Vítimas Feridas";"Pleno dia";"Decrescente";"Céu Claro";"Simples";"Reta";"Não";2;0;1;0;0;1;1;2;-14,170753;-46,328178;"SPRF-DF";"DEL02-DF";"UOP03-DEL02-DF"
319287;2020-11-05;"quinta-feira";"11:00:00";"PR";277;93;"SAO JOSE DOS PINHAIS";"Não guardar distância de segurança";"Colisão traseira";"Sem Vítimas";"Pleno dia";"Crescente";"Céu Claro";"Dupla";"Reta";"Não";3;0;0;0;3;0;0;3;-25,55767457;-49,26883475;"SPRF-PR";"DEL01-PR";"UOP01-DEL01-PR"
319288;2020-11-05;"quinta-feira";"12:00:00";"ES";101;362,1;"ANCHIETA";"Velocidade Incompatível";"Colisão traseira";"Com Vítimas Feridas";"Pleno dia";"Crescente";"Nublado";"Simples";"Curva";"Não";4;0;2;0;1;1;2;3;-20,71645213;-40,7300389;"SPRF-ES";"DEL03-ES";"UOP01-DEL03-ES"
319293;2020-11-05;"quinta-feira";"08:00:00";"MA";135;73;"SANTA RITA";"Ultrapassagem Indevida";"Tombamento";"Com Vítimas Feridas";"Pleno dia";"Crescente";"Céu Claro";"Simples";"Reta";"Não";2;0;1;0;0;1;1;2;-3,16549824;-44,33811857;"SPRF-MA";"DEL01-MA";"UOP02-DEL01-MA"
319300;2020-10-16;"sexta-feira";"19:01:00";"PR";369;148;"LONDRINA";"Desobediência às normas de trânsito pelo pedestre";"Atropelamento de Pedestre";"Com Vítimas Fatais";"Plena Noite";"Crescente";"Céu Claro";"Dupla";"Interseção de Vias";"Sim";3;1;0;0;1;1;0;3;-23,29287481;-51,14319205;"SPRF-PR";"DEL07-PR";"UOP01-DEL07-PR"
319301;2020-11-01;"domingo";"06:00:00";"PE";101;51,4;"ABREU E LIMA";"Velocidade Incompatível";"Tombamento";"Sem Vítimas";"Amanhecer";"Crescente";"Céu Claro";"Dupla";"Curva";"Sim";1;0;0;0;0;1;0;1;-7,92066251;-34,89541054;"SPRF-PE";"DEL01-PE";"UOP02-DEL01-PE"
319303;2020-11-05;"quinta-feira";"12:15:00";"MT";364;605,5;"DIAMANTINO";"Velocidade Incompatível";"Tombamento";"Com Vítimas Fatais";"Pleno dia";"Decrescente";"Sol";"Simples";"Curva";"Não";2;1;0;0;0;1;0;2;-14,47258811;-56,2427432;"SPRF-MT";"DEL01-MT";"UOP01-DEL01-MT"
319309;2020-11-05;"quinta-feira";"09:40:00";"SC";282;222,8;"LAGES";"Falta de Atenção à Condução";"Colisão transversal";"Com Vítimas Feridas";"Pleno dia";"Crescente";"Céu Claro";"Simples";"Curva;Aclive";"Sim";2;0;1;0;1;0;1;2;-27,79995844;-50,36130667;"SPRF-SC";"DEL05-SC";"UOP01-DEL05-SC"
319310;2020-09-04;"sexta-feira";"20:10:00";"PR";476;346;"PAULA FREITAS";"Carga excessiva e/ou mal acondicionada";"Saída de leito carroçável";"Com Vítimas Feridas";"Plena Noite";"Crescente";"Céu Claro";"Simples";"Reta";"Não";1;0;1;0;0;0;1;1;-26,184006;-50,942402;"SPRF-PR";"DEL02-PR";"UOP03-DEL02-PR"
319326;2020-11-05;"quinta-feira";"15:30:00";"SC";101;100,8;"BALNEARIO PICARRAS";"Falta de Atenção à Condução";"Colisão transversal";"Com Vítimas Feridas";"Pleno dia";"Crescente";"Céu Claro";"Simples";"Interseção de Vias";"Sim";3;0;1;0;1;1;1;3;-26,75482787;-48,68993675;"SPRF-SC";"DEL03-SC";"UOP02-DEL03-SC"
319330;2020-11-05;"quinta-feira";"16:00:00";"TO";153;482;"PARAISO DO TOCANTINS";"Ultrapassagem Indevida";"Colisão lateral";"Com Vítimas Feridas";"Pleno dia";"Crescente";"Nublado";"Simples";"Aclive";"Não";7;0;0;3;2;8;3;12;-10,06579181;-48,84446013;"SPRF-TO";"DEL01-TO";"UOP01-DEL01-TO"
319331;2020-11-05;"quinta-feira";"15:30:00";"RJ";40;97;"DUQUE DE CAXIAS";"Velocidade Incompatível";"Saída de leito carroçável";"Com Vítimas Feridas";"Pleno dia";"Crescente";"Garoa/Chuvisco";"Dupla";"Reta";"Não";1;0;1;0;0;0;1;1;-22,57356181;-43,27802893;"SPRF-RJ";"DEL01-RJ";"UOP01-DEL01-RJ"
319332;2020-11-05;"quinta-feira";"10:00:00";"MS";262;140;"AGUA CLARA";"Defeito Mecânico no Veículo";"Danos eventuais";"Sem Vítimas";"Pleno dia";"Decrescente";"Sol";"Simples";"Rotatória";"Não";2;0;0;0;1;1;0;2;-20,44598234;-52,843655;"SPRF-MS";"DEL07-MS";"UOP02-DEL07-MS"
319333;2020-11-05;"quinta-feira";"15:45:00";"RS";285;293,4;"PASSO FUNDO";"Desobediência às normas de trânsito pelo condutor";"Colisão transversal";"Com Vítimas Feridas";"Pleno dia";"Crescente";"Céu Claro";"Simples";"Rotatória";"Sim";2;0;1;0;1;0;1;2;-28,236645;-52,375156;"SPRF-RS";"DEL08-RS";"UOP03-DEL08-RS"
319336;2020-11-05;"quinta-feira";"15:25:00";"CE";20;317,1;"CARIDADE";"Condutor Dormindo";"Colisão frontal";"Com Vítimas Feridas";"Pleno dia";"Crescente";"Céu Claro";"Simples";"Curva";"Não";3;0;1;0;1;3;1;5;-4,29121502;-39,24974699;"SPRF-CE";"DEL02-CE";"UOP01-DEL02-CE"
319339;2020-11-05;"quinta-feira";"15:00:00";"SC";101;17,6;"JOINVILLE";"Falta de Atenção à Condução";"Colisão lateral";"Sem Vítimas";"Pleno dia";"Decrescente";"Sol";"Dupla";"Reta";"Não";2;0;0;0;2;0;0;2;-26,12141519;-48,88262078;"SPRF-SC";"DEL03-SC";"UOP01-DEL03-SC"
319342;2020-11-05;"quinta-feira";"17:30:00";"MG";40;544;"BELO HORIZONTE";"Falta de Atenção à Condução";"Colisão lateral";"Com Vítimas Feridas";"Anoitecer";"Decrescente";"Céu Claro";"Dupla";"Curva";"Sim";2;0;1;0;0;1;1;2;-19,99848032;-43,96256558;"SPRF-MG";"DEL01-MG";"UOP02-DEL01-MG"
319347;2020-11-05;"quinta-feira";"17:15:00";"SP";116;271,3;"TABOAO DA SERRA";"Desobediência às normas de trânsito pelo condutor";"Colisão lateral";"Com Vítimas Fatais";"Anoitecer";"Crescente";"Céu Claro";"Dupla";"Reta";"Sim";2;1;0;0;1;0;0;2;-23,608172;-46,76815;"SPRF-SP";"DEL04-SP";"UOP01-DEL04-SP"
319352;2020-11-05;"quinta-feira";"17:55:00";"PR";277;71;"SAO JOSE DOS PINHAIS";"Falta de Atenção à Condução";"Colisão traseira";"Com Vítimas Feridas";"Pleno dia";"Decrescente";"Céu Claro";"Dupla";"Reta";"Não";2;0;0;1;1;0;1;2;-25,52920381;-49,08862791;"SPRF-PR";"DEL01-PR";"UOP01-DEL01-PR"
319353;2020-11-05;"quinta-feira";"17:50:00";"MG";381;483,5;"CONTAGEM";"Falta de Atenção à Condução";"Colisão lateral";"Com Vítimas Feridas";"Anoitecer";"Crescente";"Céu Claro";"Múltipla";"Curva";"Sim";2;0;1;0;1;0;1;2;-19,95609495;-44,09500122;"SPRF-MG";"DEL01-MG";"UOP03-DEL01-MG"
319354;2020-11-05;"quinta-feira";"15:55:00";"AL";101;77;"RIO LARGO";"Falta de Atenção à Condução";"Colisão com objeto estático";"Sem Vítimas";"Pleno dia";"Crescente";"Céu Claro";"Dupla";"Reta";"Não";2;0;0;0;1;2;0;3;-9,42231892;-35,83907761;"SPRF-AL";"DEL01-AL";"UOP01-DEL01-AL"
319357;2020-11-05;"quinta-feira";"17:30:00";"AL";101;193;"JUNQUEIRO";"Falta de Atenção à Condução";"Tombamento";"Sem Vítimas";"Anoitecer";"Crescente";"Céu Claro";"Simples";"Aclive";"Não";2;0;0;0;1;2;0;3;-9,93862622;-36,48710185;"SPRF-AL";"DEL02-AL";"UOP02-DEL02-AL"
319362;2020-11-05;"quinta-feira";"17:50:00";"RS";116;341,8;"BARRA DO RIBEIRO";"Falta de Atenção à Condução";"Colisão transversal";"Com Vítimas Feridas";"Pleno dia";"Crescente";"Sol";"Simples";"Interseção de Vias";"Não";3;0;1;0;2;0;1;2;-30,46319597;-51,4939431;"SPRF-RS";"DEL02-RS";"UOP02-DEL02-RS"
319366;2020-11-05;"quinta-feira";"16:30:00";"MT";364;474;"VARZEA GRANDE";"Desobediência às normas de trânsito pelo condutor";"Colisão frontal";"Com Vítimas Feridas";"Anoitecer";"Crescente";"Céu Claro";"Simples";"Reta";"Não";2;0;0;1;1;0;1;2;-15,43256174;-56,33922156;"SPRF-MT";"DEL01-MT";"UOP02-DEL01-MT"
319370;2020-11-05;"quinta-feira";"19:20:00";"PI";316;6,2;"TERESINA";"Não guardar distância de segurança";"Colisão traseira";"Com Vítimas Feridas";"Plena Noite";"Crescente";"Nublado";"Simples";"Rotatória";"Sim";3;0;2;0;1;0;2;2;-5,14702095;-42,77438982;"SPRF-PI";"DEL01-PI";"UOP02-DEL01-PI"
319373;2020-11-05;"quinta-feira";"19:10:00";"ES";101;370,5;"ICONHA";"Falta de Atenção à Condução";"Colisão transversal";"Com Vítimas Feridas";"Plena Noite";"Crescente";"Nublado";"Simples";"Interseção de Vias";"Não";3;0;1;0;1;1;1;3;-20,76871121;-40,75999937;"SPRF-ES";"DEL03-ES";"UOP01-DEL03-ES"
319374;2020-11-05;"quinta-feira";"19:10:00";"ES";101;332,8;"GUARAPARI";"Velocidade Incompatível";"Tombamento";"Com Vítimas Feridas";"Plena Noite";"Crescente";"Céu Claro";"Simples";"Curva";"Não";2;0;1;0;0;1;1;2;-20,61170837;-40,51073682;"SPRF-ES";"DEL03-ES";"UOP01-DEL03-ES"
319376;2020-11-05;"quinta-feira";"20:00:00";"MG";381;507,9;"SAO JOAQUIM DE BICAS";"Desobediência às normas de trânsito pelo condutor";"Colisão lateral";"Com Vítimas Feridas";"Plena Noite";"Decrescente";"Céu Claro";"Dupla";"Reta";"Sim";3;0;0;1;2;0;1;3;-20,044093;-44,27028;"SPRF-MG";"DEL01-MG";"UOP03-DEL01-MG"
319379;2020-11-05;"quinta-feira";"20:00:00";"SP";116;298,5;"ITAPECERICA DA SERRA";"Falta de Atenção à Condução";"Colisão lateral";"Com Vítimas Feridas";"Plena Noite";"Crescente";"Nublado";"Dupla";"Reta";"Não";3;0;1;0;1;1;1;2;-23,790858;-46,91450298;"SPRF-SP";"DEL04-SP";"UOP01-DEL04-SP"
319383;2020-11-05;"quinta-feira";"19:40:00";"MG";251;320;"SALINAS";"Falta de Atenção à Condução";"Colisão traseira";"Com Vítimas Feridas";"Plena Noite";"Crescente";"Céu Claro";"Simples";"Reta";"Não";4;0;1;0;2;1;1;3;-16,21224402;-42,35949798;"SPRF-MG";"DEL12-MG";"UOP01-DEL12-MG"
319386;2020-11-05;"quinta-feira";"19:45:00";"MS";262;197,3;"RIBAS DO RIO PARDO";"Desobediência às normas de trânsito pelo condutor";"Colisão frontal";"Sem Vítimas";"Plena Noite";"Decrescente";"Céu Claro";"Simples";"Reta";"Não";3;0;0;0;2;4;0;6;-20,45692236;-53,35747693;"SPRF-MS";"DEL07-MS";"UOP02-DEL07-MS"
319390;2020-11-05;"quinta-feira";"20:45:00";"ES";259;59,7;"COLATINA";"Desobediência às normas de trânsito pelo condutor";"Colisão transversal";"Com Vítimas Fatais";"Plena Noite";"Crescente";"Nublado";"Simples";"Curva";"Não";4;1;0;1;1;1;1;3;-19,5227591;-40,7102412;"SPRF-ES";"DEL02-ES";"UOP01-DEL02-ES"
319392;2020-11-05;"quinta-feira";"10:30:00";"PB";104;99,3;"ESPERANCA";"Velocidade Incompatível";"Colisão traseira";"Com Vítimas Feridas";"Pleno dia";"Decrescente";"Sol";"Simples";"Aclive";"Não";2;0;0;1;0;1;1;2;-7,03648001;-35,8599039;"SPRF-PB";"DEL02-PB";"UOP04-DEL02-PB"
319396;2020-11-05;"quinta-feira";"18:50:00";"MT";364;136;"PEDRA PRETA";"Falta de Atenção à Condução";"Tombamento";"Com Vítimas Feridas";"Plena Noite";"Decrescente";"Céu Claro";"Simples";"Reta;Aclive";"Não";2;0;1;0;0;2;1;3;-16,8143072;-54,07950613;"SPRF-MT";"DEL02-MT";"UOP01-DEL02-MT"
319397;2020-11-05;"quinta-feira";"19:20:00";"GO";158;84,2;"PIRANHAS";"Falta de Atenção à Condução";"Tombamento";"Sem Vítimas";"Plena Noite";"Decrescente";"Céu Claro";"Simples";"Curva";"Não";1;0;0;0;1;0;0;1;-16,405669;-51,830731;"SPRF-GO";"DEL04-GO";"UOP01-DEL04-GO"
319400;2020-11-05;"quinta-feira";"18:00:00";"BA";330;803,6;"JEQUIE";"Defeito Mecânico no Veículo";"Incêndio";"Sem Vítimas";"Plena Noite";"Decrescente";"Nublado";"Simples";"Curva";"Não";1;0;0;0;1;0;0;1;-13,96907506;-39,95788922;"SPRF-BA";"DEL03-BA";"UOP01-DEL03-BA"
319408;2020-11-05;"quinta-feira";"23:30:00";"PR";277;452,1;"LARANJEIRAS DO SUL";"Falta de Atenção do Pedestre";"Atropelamento de Pedestre";"Com Vítimas Feridas";"Plena Noite";"Decrescente";"Céu Claro";"Simples";"Interseção de Vias";"Sim";2;0;0;1;0;1;1;2;-25,37059917;-52,36924101;"SPRF-PR";"DEL04-PR";"UOP02-DEL04-PR"
319411;2020-11-06;"sexta-feira";"00:35:00";"PR";277;41,6;"MORRETES";"Falta de Atenção à Condução";"Colisão traseira";"Com Vítimas Fatais";"Plena Noite";"Decrescente";"Céu Claro";"Dupla";"Reta;Declive;Viaduto";"Não";3;1;0;0;1;2;0;4;-25,57183811;-48,83586205;"SPRF-PR";"DEL01-PR";"UOP05-DEL01-PR"
319414;2020-11-06;"sexta-feira";"00:30:00";"MG";116;582,6;"MANHUACU";"Defeito Mecânico no Veículo";"Incêndio";"Sem Vítimas";"Plena Noite";"Crescente";"Céu Claro";"Simples";"Reta";"Não";2;0;0;0;1;1;0;2;-20,20514103;-42,18239627;"SPRF-MG";"DEL06-MG";"UOP03-DEL06-MG"
319424;2020-11-05;"quinta-feira";"22:35:00";"BA";101;910;"IBIRAPUA";"Falta de Atenção à Condução";"Colisão lateral";"Com Vítimas Feridas";"Plena Noite";"Crescente";"Nublado";"Simples";"Reta;Declive;Ponte";"Não";3;0;1;0;2;0;1;2;-17,81295082;-39,78758812;"SPRF-BA";"DEL09-BA";"UOP02-DEL09-BA"
319425;2020-11-06;"sexta-feira";"03:40:00";"MG";40;477;"SETE LAGOAS";"Condutor Dormindo";"Saída de leito carroçável";"Sem Vítimas";"Plena Noite";"Decrescente";"Céu Claro";"Dupla";"Reta";"Não";2;0;0;0;1;1;0;2;-19,52130888;-44,26525586;"SPRF-MG";"DEL02-MG";"UOP01-DEL02-MG"
319427;2020-11-06;"sexta-feira";"04:00:00";"PR";376;494,8;"PONTA GROSSA";"Velocidade Incompatível";"Colisão traseira";"Com Vítimas Feridas";"Plena Noite";"Crescente";"Céu Claro";"Dupla";"Reta";"Sim";2;0;2;0;0;0;2;2;-25,16566955;-50,11640967;"SPRF-PR";"DEL03-PR";"UOP04-DEL03-PR"
319431;2020-11-06;"sexta-feira";"05:20:00";"PB";230;278,4;"SANTA LUZIA";"Velocidade Incompatível";"Tombamento";"Com Vítimas Feridas";"Amanhecer";"Decrescente";"Céu Claro";"Simples";"Curva";"Não";1;0;1;0;0;0;1;1;-6,9083;-36,8648;"SPRF-PB";"DEL03-PB";"UOP01-DEL03-PB"
319432;2020-11-06;"sexta-feira";"05:50:00";"PR";376;406;"TIBAGI";"Condutor Dormindo";"Capotamento";"Com Vítimas Feridas";"Pleno dia";"Decrescente";"Céu Claro";"Dupla";"Curva";"Não";1;0;1;0;0;0;1;1;-24,63926284;-50,629534;"SPRF-PR";"DEL03-PR";"UOP02-DEL03-PR"
319433;2020-11-05;"quinta-feira";"18:50:00";"SC";280;127,8;"RIO NEGRINHO";"Desobediência às normas de trânsito pelo condutor";"Colisão com objeto estático";"Sem Vítimas";"Anoitecer";"Crescente";"Céu Claro";"Simples";"Interseção de Vias";"Sim";1;0;0;0;1;0;0;1;-26,23943953;-49,50420708;"SPRF-SC";"DEL06-SC";"UOP03-DEL06-SC"
319439;2020-11-05;"quinta-feira";"23:30:00";"MT";364;631;"DIAMANTINO";"Fenômenos da Natureza";"Incêndio";"Sem Vítimas";"Plena Noite";"Decrescente";"Céu Claro";"Simples";"Reta";"Não";2;0;0;0;1;1;0;2;-14,37879592;-56,37227995;"SPRF-MT";"DEL01-MT";"UOP01-DEL01-MT"
319441;2020-11-06;"sexta-feira";"05:15:00";"SC";101;298;"IMBITUBA";"Falta de Atenção à Condução";"Colisão traseira";"Com Vítimas Feridas";"Amanhecer";"Decrescente";"Céu Claro";"Dupla";"Reta";"Sim";2;0;1;0;0;1;1;2;-28,32102597;-48,72829906;"SPRF-SC";"DEL02-SC";"UOP03-DEL02-SC"
319447;2020-11-05;"quinta-feira";"08:20:00";"ES";101;437,8;"MIMOSO DO SUL";"Desobediência às normas de trânsito pelo condutor";"Colisão lateral";"Com Vítimas Feridas";"Pleno dia";"Decrescente";"Céu Claro";"Simples";"Reta";"Não";4;0;1;0;2;4;1;7;-21,06216733;-41,21281985;"SPRF-ES";"DEL03-ES";"UOP02-DEL03-ES"
319450;2020-11-06;"sexta-feira";"07:50:00";"RS";153;47,2;"ERECHIM";"Falta de Atenção à Condução";"Colisão traseira";"Com Vítimas Feridas";"Pleno dia";"Crescente";"Céu Claro";"Simples";"Reta";"Sim";3;0;0;1;2;0;1;2;-27,64368959;-52,24775146;"SPRF-RS";"DEL08-RS";"UOP04-DEL08-RS"
319452;2020-11-06;"sexta-feira";"06:50:00";"PR";116;114;"CURITIBA";"Falta de Atenção à Condução";"Colisão com objeto estático";"Com Vítimas Feridas";"Pleno dia";"Crescente";"Céu Claro";"Dupla";"Reta";"Não";3;0;2;0;1;0;2;3;-25,56296907;-49,25643801;"SPRF-PR";"DEL01-PR";"UOP01-DEL01-PR"
319455;2020-10-20;"terça-feira";"12:10:00";"SC";101;124,8;"ITAJAI";"Falta de Atenção à Condução";"Atropelamento de Pedestre";"Com Vítimas Fatais";"Pleno dia";"Decrescente";"Céu Claro";"Dupla";"Em Obras;Reta";"Não";3;1;0;0;1;3;0;5;-26,946926;-48,685016;"SPRF-SC";"DEL04-SC";"UOP04-DEL04-SC"
319457;2020-11-06;"sexta-feira";"05:30:00";"MS";163;68,3;"ITAQUIRAI";"Falta de Atenção à Condução";"Saída de leito carroçável";"Sem Vítimas";"Pleno dia";"Crescente";"Céu Claro";"Simples";"Reta";"Não";1;0;0;0;0;1;0;1;-23,56358902;-54,1951997;"SPRF-MS";"DEL09-MS";"UOP02-DEL09-MS"
319459;2020-11-06;"sexta-feira";"09:00:00";"ES";259;51,9;"COLATINA";"Falta de Atenção à Condução";"Colisão lateral";"Com Vítimas Feridas";"Pleno dia";"Crescente";"Sol";"Simples";"Reta";"Não";4;0;3;0;1;0;3;2;-19,50453008;-40,61265703;"SPRF-ES";"DEL02-ES";"UOP01-DEL02-ES"
319463;2020-04-28;"terça-feira";"17:00:00";"RS";470;155;"NOVA PRATA";"Não guardar distância de segurança";"Engavetamento";"Com Vítimas Feridas";"Anoitecer";"Decrescente";"Céu Claro";"Simples";"Reta";"Sim";8;0;0;2;5;1;2;6;-28,77159195;-51,61759637;"SPRF-RS";"DEL06-RS";"UOP02-DEL06-RS"
319468;2020-10-31;"sábado";"12:00:00";"MS";163;31;"MUNDO NOVO";"Falta de Atenção à Condução";"Engavetamento";"Sem Vítimas";"Pleno dia";"Crescente";"Céu Claro";"Simples";"Reta";"Não";13;0;0;0;13;0;0;6;-23,84167505;-54,33554384;"SPRF-MS";"DEL09-MS";"UOP02-DEL09-MS"
319475;2020-11-06;"sexta-feira";"11:40:00";"MT";70;76;"GENERAL CARNEIRO";"Falta de Atenção à Condução";"Saída de leito carroçável";"Com Vítimas Feridas";"Pleno dia";"Decrescente";"Céu Claro";"Simples";"Curva;Declive";"Não";1;0;1;0;0;0;1;1;-15,67421693;-52,81408803;"SPRF-MT";"DEL07-MT";"UOP01-DEL07-MT"
319476;2020-11-06;"sexta-feira";"11:45:00";"RS";386;330,8;"MARQUES DE SOUZA";"Falta de Atenção à Condução";"Colisão lateral";"Com Vítimas Feridas";"Pleno dia";"Crescente";"Céu Claro";"Simples";"Reta";"Não";4;0;1;0;2;2;1;4;-29,346764;-52,071896;"SPRF-RS";"DEL04-RS";"UOP01-DEL04-RS"
319480;2020-11-06;"sexta-feira";"12:00:00";"SC";282;313,9;"VARGEM";"Falta de Atenção à Condução";"Colisão lateral";"Sem Vítimas";"Pleno dia";"Crescente";"Céu Claro";"Simples";"Reta";"Não";2;0;0;0;2;0;0;2;-27,458467;-50,990166;"SPRF-SC";"DEL07-SC";"UOP06-DEL07-SC"
319484;2020-10-17;"sábado";"23:45:00";"SC";282;526;"XAXIM";"Ingestão de Álcool";"Colisão com objeto estático";"Com Vítimas Fatais";"Plena Noite";"Crescente";"Céu Claro";"Simples";"Curva";"Não";5;1;1;0;2;1;1;4;-26,969427;-52,57497;"SPRF-SC";"DEL07-SC";"UOP01-DEL07-SC"
319485;2020-11-06;"sexta-feira";"12:30:00";"PR";116;100,7;"SAO JOSE DOS PINHAIS";"Não guardar distância de segurança";"Colisão traseira";"Com Vítimas Feridas";"Pleno dia";"Decrescente";"Céu Claro";"Dupla";"Reta";"Não";3;0;2;0;0;3;2;5;-25,53379421;-49,14663578;"SPRF-PR";"DEL01-PR";"UOP01-DEL01-PR"
319489;2020-11-06;"sexta-feira";"11:30:00";"MA";135;253,5;"CAPINZAL DO NORTE";"Defeito Mecânico no Veículo";"Saída de leito carroçável";"Com Vítimas Feridas";"Pleno dia";"Decrescente";"Céu Claro";"Simples";"Reta";"Não";2;0;1;0;0;2;1;3;-4,59752415;-44,34847029;"SPRF-MA";"DEL03-MA";"UOP01-DEL03-MA"
319496;2020-11-06;"sexta-feira";"09:10:00";"SC";101;440;"SANTA ROSA DO SUL";"Desobediência às normas de trânsito pelo condutor";"Colisão lateral";"Sem Vítimas";"Pleno dia";"Decrescente";"Sol";"Múltipla";"Reta";"Não";2;0;0;0;2;0;0;2;-29,12420083;-49,66719602;"SPRF-SC";"DEL02-SC";"UOP02-DEL02-SC"
319503;2020-11-06;"sexta-feira";"14:05:00";"SC";282;180,4;"BOCAINA DO SUL";"Falta de Atenção à Condução";"Colisão transversal";"Com Vítimas Feridas";"Pleno dia";"Decrescente";"Céu Claro";"Simples";"Reta";"Não";3;0;0;1;1;2;1;4;-27,742239;-49,939873;"SPRF-SC";"DEL05-SC";"UOP01-DEL05-SC"
319505;2020-11-06;"sexta-feira";"14:30:00";"MG";40;622;"CONSELHEIRO LAFAIETE";"Falta de Atenção à Condução";"Colisão traseira";"Com Vítimas Feridas";"Pleno dia";"Crescente";"Sol";"Simples";"Reta";"Sim";2;0;0;1;1;0;1;2;-20,59888867;-43,80528158;"SPRF-MG";"DEL05-MG";"UOP02-DEL05-MG"
319512;2020-11-06;"sexta-feira";"15:15:00";"PR";376;667;"TIJUCAS DO SUL";"Defeito Mecânico no Veículo";"Saída de leito carroçável";"Com Vítimas Feridas";"Pleno dia";"Crescente";"Chuva";"Múltipla";"Reta";"Não";1;0;1;0;0;0;1;1;-25,86649659;-48,94666822;"SPRF-PR";"DEL01-PR";"UOP04-DEL01-PR"
319513;2020-11-06;"sexta-feira";"15:35:00";"SP";116;80,6;"ROSEIRA";"Falta de Atenção à Condução";"Colisão lateral";"Com Vítimas Feridas";"Pleno dia";"Crescente";"Céu Claro";"Dupla";"Reta";"Sim";3;0;1;0;1;1;1;3;-22,89958454;-45,30245564;"SPRF-SP";"DEL06-SP";"UOP01-DEL06-SP"
319521;2020-11-06;"sexta-feira";"16:00:00";"ES";262;45,5;"MARECHAL FLORIANO";"Falta de Atenção à Condução";"Colisão transversal";"Com Vítimas Feridas";"Pleno dia";"Crescente";"Chuva";"Simples";"Reta";"Sim";2;0;1;0;1;0;1;2;-20,39769215;-40,67180229;"SPRF-ES";"DEL01-ES";"UOP01-DEL01-ES"
319522;2020-11-06;"sexta-feira";"14:50:00";"RJ";393;280;"BARRA DO PIRAI";"Falta de Atenção à Condução";"Colisão traseira";"Com Vítimas Feridas";"Pleno dia";"Crescente";"Nublado";"Simples";"Reta";"Sim";4;0;1;0;3;0;1;3;-22,47750785;-44,01954402;"SPRF-RJ";"DEL05-RJ";"UOP04-DEL05-RJ"
319531;2020-11-06;"sexta-feira";"17:00:00";"BA";324;596;"CANDEIAS";"Ingestão de Álcool";"Engavetamento";"Sem Vítimas";"Pleno dia";"Decrescente";"Céu Claro";"Dupla";"Reta";"Não";3;0;0;0;3;0;0;3;-12,72003796;-38,45130588;"SPRF-BA";"DEL01-BA";"UOP01-DEL01-BA"
319532;2020-11-06;"sexta-feira";"18:03:00";"GO";60;101,4;"ANAPOLIS";"Falta de Atenção à Condução";"Colisão traseira";"Com Vítimas Feridas";"Anoitecer";"Crescente";"Céu Claro";"Múltipla";"Reta;Retorno Regulamentado";"Sim";4;0;0;2;1;1;2;3;-16,4022;-48,9745;"SPRF-GO";"DEL02-GO";"UOP01-DEL02-GO"
319535;2020-11-06;"sexta-feira";"18:00:00";"PB";101;107;"ALHANDRA";"Agressão Externa";"Queda de ocupante de veículo";"Com Vítimas Feridas";"Plena Noite";"Crescente";"Céu Claro";"Dupla";"Reta";"Não";2;0;0;1;0;1;1;1;-7,32549201;-34,94709877;"SPRF-PB";"DEL01-PB";"UOP02-DEL01-PB"
319536;2020-11-06;"sexta-feira";"18:20:00";"PR";277;650,6;"MATELANDIA";"Falta de Atenção do Pedestre";"Atropelamento de Pedestre";"Com Vítimas Feridas";"Anoitecer";"Crescente";"Céu Claro";"Simples";"Reta";"Sim";4;0;0;1;1;2;1;3;-25,19474;-53,941117;"SPRF-PR";"DEL05-PR";"UOP02-DEL05-PR"
319537;2020-11-06;"sexta-feira";"10:30:00";"RS";470;154;"NOVA PRATA";"Desobediência às normas de trânsito pelo pedestre";"Colisão lateral";"Com Vítimas Feridas";"Pleno dia";"Crescente";"Céu Claro";"Simples";"Reta";"Sim";2;0;1;0;1;0;1;2;-28,77711311;-51,61126545;"SPRF-RS";"DEL06-RS";"UOP02-DEL06-RS"
319539;2020-11-06;"sexta-feira";"16:30:00";"SC";470;10,3;"NAVEGANTES";"Falta de Atenção à Condução";"Colisão traseira";"Com Vítimas Fatais";"Pleno dia";"Decrescente";"Céu Claro";"Simples";"Reta";"Não";5;2;0;0;2;1;0;5;-26,833693;-48,73724;"SPRF-SC";"DEL04-SC";"UOP04-DEL04-SC"
319550;2020-11-06;"sexta-feira";"16:00:00";"SC";101;336,2;"TUBARAO";"Falta de Atenção à Condução";"Colisão traseira";"Com Vítimas Feridas";"Pleno dia";"Decrescente";"Céu Claro";"Dupla";"Aclive";"Sim";2;0;0;1;1;0;1;2;-28,47311347;-49,02437375;"SPRF-SC";"DEL02-SC";"UOP01-DEL02-SC"
319562;2020-11-06;"sexta-feira";"20:50:00";"SC";101;121,2;"ITAJAI";"Falta de Atenção à Condução";"Colisão traseira";"Com Vítimas Feridas";"Plena Noite";"Decrescente";"Céu Claro";"Dupla";"Reta";"Sim";7;0;4;0;2;2;4;5;-26,92103178;-48,70856446;"SPRF-SC";"DEL04-SC";"UOP04-DEL04-SC"