"id";"data_inversa";"dia_semana";"horario";"uf";"br";"km";"municipio";"causa_acidente";"tipo_acidente";"classificacao_acidente";"fase_dia";"sentido_via";"condicao_metereologica";"tipo_pista";"tracado_via";"uso_solo";"pessoas";"mortos";"feridos_leves";"feridos_graves";"ilesos";"ignorados";"feridos";"veiculos";"latitude";"longitude";"regional";"delegacia";"uop"
319574;2020-11-06;"sexta-feira";"20:55:00";"PR";277;330,4;"GUARAPUAVA";"Defeito Mecânico no Veículo";"Derramamento de carga";"Sem Vítimas";"Plena Noite";"Crescente";"Céu Claro";"Simples";"Aclive";"Não";2;0;0;0;1;1;0;2;-25,37353503;-51,308405;"SPRF-PR";"DEL08-PR";"UOP01-DEL08-PR"
319580;2020-11-06;"sexta-feira";"18:25:00";"MA";135;134,5;"MATOES DO NORTE";"Falta de Atenção à Condução";"Colisão lateral";"Com Vítimas Feridas";"Pleno dia";"Decrescente";"Chuva";"Simples";"Reta";"Sim";3;0;1;0;1;1;1;3;-3,625066;-44,555344;"SPRF-MA";"DEL01-MA";"UOP02-DEL01-MA"
319583;2020-11-07;"sábado";"00:01:00";"SC";101;185;"BIGUACU";"Desobediência às normas de trânsito pelo condutor";"Colisão lateral";"Sem Vítimas";"Plena Noite";"Crescente";"Garoa/Chuvisco";"Dupla";"Reta";"Sim";4;0;0;0;2;2;0;4;-27,42536698;-48,62465876;"SPRF-SC";"DEL01-SC";"UOP01-DEL01-SC"
319586;2020-11-06;"sexta-feira";"12:30:00";"RO";364;385,3;"OURO PRETO DO OESTE";"Desobediência às normas de trânsito pelo condutor";"Colisão transversal";"Com Vítimas Feridas";"Pleno dia";"Crescente";"Céu Claro";"Simples";"Retorno Regulamentado";"Sim";2;0;1;0;1;0;1;2;-10,7064167;-62,25803018;"SPRF-RO";"DEL02-RO";"UOP01-DEL02-RO"
319587;2020-11-06;"sexta-feira";"23:25:00";"RS";116;27,2;"VACARIA";"Falta de Atenção do Pedestre";"Atropelamento de Pedestre";"Com Vítimas Feridas";"Plena Noite";"Crescente";"Céu Claro";"Simples";"Reta";"Não";3;0;0;1;1;1;1;3;-28,42212196;-50,86559207;"SPRF-RS";"DEL05-RS";"UOP03-DEL05-RS"
319592;2020-11-07;"sábado";"02:00:00";"SP";381;72;"SAO PAULO";"Avarias e/ou desgaste excessivo no pneu";"Colisão traseira";"Com Vítimas Feridas";"Plena Noite";"Decrescente";"Céu Claro";"Dupla";"Reta";"Não";3;0;1;0;1;2;1;4;-23,35761806;-46,54970281;"SPRF-SP";"DEL03-SP";"UOP01-DEL03-SP"
319599;2020-11-07;"sábado";"01:45:00";"PR";376;125,8;"ALTO PARANA";"Falta de Atenção à Condução";"Colisão traseira";"Com Vítimas Feridas";"Plena Noite";"Crescente";"Céu Claro";"Dupla";"Aclive;Reta";"Não";3;0;0;1;1;2;1;4;-23,14972357;-52,27427368;"SPRF-PR";"DEL09-PR";"UOP02-DEL09-PR"
319616;2020-10-01;"quinta-feira";"08:40:00";"MG";50;73;"UBERLANDIA";"Sinalização da via insuficiente ou inadequada";"Colisão traseira";"Com Vítimas Feridas";"Pleno dia";"Decrescente";"Céu Claro";"Dupla";"Reta";"Não";3;0;1;0;2;0;1;3;-18,85140204;-48,25345932;"SPRF-MG";"DEL15-MG";"UOP01-DEL15-MG"
319618;2020-11-07;"sábado";"06:10:00";"RJ";116;178,4;"NOVA IGUACU";"Falta de Atenção à Condução";"Colisão traseira";"Com Vítimas Feridas";"Pleno dia";"Crescente";"Céu Claro";"Múltipla";"Reta";"Sim";2;0;0;1;1;0;1;2;-22,7453241;-43,44761252;"SPRF-RJ";"DEL01-RJ";"UOP02-DEL01-RJ"
319619;2020-11-07;"sábado";"06:00:00";"SP";116;567;"BARRA DO TURVO";"Defeito Mecânico no Veículo";"Tombamento";"Com Vítimas Feridas";"Pleno dia";"Decrescente";"Céu Claro";"Simples";"Reta";"Não";2;0;1;0;0;1;1;2;-25,0475499;-48,55355172;"SPRF-SP";"DEL05-SP";"UOP02-DEL05-SP"
319628;2020-11-06;"sexta-feira";"19:30:00";"BA";110;40;"SANTA BRIGIDA";"Ingestão de Álcool";"Colisão com objeto estático";"Sem Vítimas";"Plena Noite";"Crescente";"Céu Claro";"Simples";"Reta";"Não";3;0;0;0;2;1;0;3;-9,80621402;-38,2556279;"SPRF-BA";"DEL07-BA";"UOP01-DEL07-BA"
319629;2020-11-07;"sábado";"07:55:00";"RS";386;433;"NOVA SANTA RITA";"Falta de Atenção do Pedestre";"Atropelamento de Pedestre";"Com Vítimas Feridas";"Pleno dia";"Decrescente";"Sol";"Dupla";"Reta";"Não";4;0;1;0;1;2;1;3;-29,839973;-51,294933;"SPRF-RS";"DEL04-RS";"UOP02-DEL04-RS"
319631;2020-11-07;"sábado";"06:55:00";"SC";153;100,3;"CONCORDIA";"Falta de Atenção à Condução";"Colisão transversal";"Com Vítimas Feridas";"Pleno dia";"Decrescente";"Céu Claro";"Simples";"Reta";"Sim";3;0;1;0;1;1;1;3;-27,242643;-51,95171;"SPRF-SC";"DEL07-SC";"UOP04-DEL07-SC"
319640;2020-11-07;"sábado";"08:40:00";"SC";101;165;"TIJUCAS";"Falta de Atenção à Condução";"Colisão lateral";"Com Vítimas Feridas";"Pleno dia";"Crescente";"Céu Claro";"Dupla";"Aclive;Reta";"Não";3;0;1;0;1;1;1;3;-27,252663;-48,63154894;"SPRF-SC";"DEL04-SC";"UOP03-DEL04-SC"
319648;2020-11-07;"sábado";"10:30:00";"SP";101;51,5;"UBATUBA";"Desobediência às normas de trânsito pelo condutor";"Colisão lateral";"Com Vítimas Feridas";"Pleno dia";"Crescente";"Nublado";"Simples";"Rotatória";"Sim";3;0;1;0;1;1;1;3;-23,46297076;-45,06463051;"SPRF-SP";"DEL06-SP";"UOP01-DEL06-SP"
319651;2020-11-07;"sábado";"10:10:00";"SP";153;16,2;"NOVA GRANADA";"Não guardar distância de segurança";"Colisão traseira";"Com Vítimas Feridas";"Pleno dia";"Crescente";"Céu Claro";"Simples";"Reta";"Não";3;0;1;0;1;1;1;3;-20,42728093;-49,27318514;"SPRF-SP";"DEL09-SP";"UOP01-DEL09-SP"
319652;2020-11-07;"sábado";"10:55:00";"MG";50;53,1;"ARAGUARI";"Velocidade Incompatível";"Colisão com objeto estático";"Com Vítimas Feridas";"Pleno dia";"Decrescente";"Céu Claro";"Dupla";"Curva";"Não";6;0;0;4;1;2;4;5;-18,759049;-48,24054499;"SPRF-MG";"DEL15-MG";"UOP02-DEL15-MG"
319656;2020-11-07;"sábado";"10:20:00";"MT";364;399,5;"CUIABA";"Falta de Atenção à Condução";"Colisão traseira";"Com Vítimas Feridas";"Pleno dia";"Crescente";"Sol";"Dupla";"Reta";"Sim";3;0;0;1;1;1;1;3;-15,65925921;-55,97707987;"SPRF-MT";"DEL01-MT";"UOP02-DEL01-MT"
319662;2020-11-07;"sábado";"08:15:00";"SP";116;508;"CAJATI";"Falta de Atenção à Condução";"Tombamento";"Sem Vítimas";"Pleno dia";"Crescente";"Céu Claro";"Simples";"Curva";"Não";2;0;0;0;1;1;0;2;-24,82234047;-48,21423054;"SPRF-SP";"DEL05-SP";"UOP02-DEL05-SP"
319665;2020-11-07;"sábado";"06:30:00";"MA";316;127,7;"NOVA OLINDA DO MARANHAO";"Falta de Atenção à Condução";"Colisão traseira";"Com Vítimas Feridas";"Amanhecer";"Decrescente";"Céu Claro";"Simples";"Reta";"Não";2;0;0;1;1;0;1;2;-2,651907;-45,746357;"SPRF-MA";"DEL02-MA";"UOP02-DEL02-MA"
319671;2020-11-07;"sábado";"14:10:00";"PB";230;95,8;"GURINHEM";"Condutor Dormindo";"Colisão traseira";"Com Vítimas Fatais";"Pleno dia";"Crescente";"Sol";"Dupla";"Reta;Aclive";"Não";8;1;0;5;1;2;5;4;-7,18587616;-35,45011282;"SPRF-PB";"DEL01-PB";"UOP03-DEL01-PB"
319673;2020-11-07;"sábado";"07:15:00";"MS";158;53,4;"PARANAIBA";"Falta de Atenção à Condução";"Saída de leito carroçável";"Com Vítimas Feridas";"Pleno dia";"Crescente";"Céu Claro";"Simples";"Reta";"Não";2;0;1;0;0;2;1;3;-19,39480843;-51,41999732;"SPRF-MS";"DEL08-MS";"UOP01-DEL08-MS"
319674;2020-10-26;"segunda-feira";"23:45:00";"MG";381;708,3;"NEPOMUCENO";"Defeito Mecânico no Veículo";"Incêndio";"Sem Vítimas";"Plena Noite";"Crescente";"Nublado";"Dupla";"Aclive;Retorno Regulamentado;Reta";"Não";1;0;0;0;1;0;0;1;-21,370524;-45,188652;"SPRF-MG";"DEL04-MG";"UOP02-DEL04-MG"
319677;2020-11-07;"sábado";"14:20:00";"RJ";116;173;"SAO JOAO DE MERITI";"Falta de Atenção à Condução";"Colisão traseira";"Com Vítimas Feridas";"Pleno dia";"Decrescente";"Céu Claro";"Múltipla";"Reta";"Não";2;0;1;0;1;0;1;2;-22,79810324;-43,35726614;"SPRF-RJ";"DEL01-RJ";"UOP02-DEL01-RJ"
319679;2020-11-07;"sábado";"14:45:00";"PE";101;4;"GOIANA";"Falta de Atenção à Condução";"Colisão traseira";"Com Vítimas Feridas";"Pleno dia";"Crescente";"Céu Claro";"Dupla";"Reta";"Não";4;0;0;1;1;2;1;3;-7,53264499;-34,99145786;"SPRF-PE";"DEL01-PE";"UOP02-DEL01-PE"
319693;2020-11-07;"sábado";"16:15:00";"PR";376;597;"CURITIBA";"Desobediência às normas de trânsito pelo condutor";"Colisão traseira";"Com Vítimas Feridas";"Pleno dia";"Decrescente";"Céu Claro";"Dupla";"Reta";"Sim";5;0;1;0;4;0;1;4;-25,510571;-49,338848;"SPRF-PR";"DEL01-PR";"UOP01-DEL01-PR"
319695;2020-11-07;"sábado";"14:00:00";"PR";277;348,5;"GUARAPUAVA";"Desobediência às normas de trânsito pelo condutor";"Colisão transversal";"Com Vítimas Feridas";"Pleno dia";"Crescente";"Céu Claro";"Simples";"Reta";"Não";6;0;2;0;2;3;2;5;-25,38509752;-51,51376963;"SPRF-PR";"DEL08-PR";"UOP01-DEL08-PR"
319699;2020-11-07;"sábado";"15:40:00";"MT";364;524;"ROSARIO OESTE";"Falta de Atenção à Condução";"Colisão lateral";"Com Vítimas Fatais";"Pleno dia";"Crescente";"Céu Claro";"Simples";"Reta";"Não";3;1;0;0;1;1;0;3;-15,05826498;-56,51689234;"SPRF-MT";"DEL01-MT";"UOP01-DEL01-MT"
319704;2020-11-07;"sábado";"16:40:00";"MG";40;632,5;"CONSELHEIRO LAFAIETE";"Ingestão de Álcool";"Colisão traseira";"Com Vítimas Feridas";"Pleno dia";"Crescente";"Céu Claro";"Simples";"Reta";"Não";6;0;2;1;1;3;3;6;-20,67348593;-43,7968977;"SPRF-MG";"DEL05-MG";"UOP02-DEL05-MG"
319705;2020-11-07;"sábado";"15:10:00";"MT";364;48,5;"ALTO GARCAS";"Falta de Atenção à Condução";"Capotamento";"Com Vítimas Feridas";"Pleno dia";"Decrescente";"Céu Claro";"Dupla";"Reta";"Não";2;0;1;0;0;1;1;2;-17,01605792;-53,49297682;"SPRF-MT";"DEL02-MT";"UOP02-DEL02-MT"
319712;2020-11-07;"sábado";"17:00:00";"PR";376;617;"SAO JOSE DOS PINHAIS";"Falta de Atenção à Condução";"Colisão lateral";"Com Vítimas Feridas";"Pleno dia";"Crescente";"Céu Claro";"Dupla";"Curva;Declive";"Não";3;0;1;0;1;1;1;3;-25,590436;-49,171594;"SPRF-PR";"DEL01-PR";"UOP04-DEL01-PR"
319716;2020-11-07;"sábado";"18:00:00";"PB";230;38,1;"SANTA RITA";"Condutor Dormindo";"Colisão traseira";"Com Vítimas Fatais";"Plena Noite";"Decrescente";"Céu Claro";"Dupla";"Reta";"Não";4;1;0;0;2;2;0;5;-7,1341;-34,962;"SPRF-PB";"DEL01-PB";"UOP03-DEL01-PB"
319719;2020-11-07;"sábado";"18:15:00";"BA";116;408;"FEIRA DE SANTANA";"Não guardar distância de segurança";"Colisão lateral";"Com Vítimas Feridas";"Plena Noite";"Crescente";"Céu Claro";"Dupla";"Reta";"Não";2;0;0;1;1;0;1;2;-12,09905801;-38,96893229;"SPRF-BA";"DEL02-BA";"UOP01-DEL02-BA"
319731;2020-11-07;"sábado";"16:30:00";"MG";50;112;"UBERABA";"Ingestão de Álcool";"Colisão traseira";"Com Vítimas Feridas";"Pleno dia";"Crescente";"Nublado";"Dupla";"Reta";"Não";2;0;1;0;1;0;1;2;-19,24093976;-48,13935945;"SPRF-MG";"DEL13-MG";"UOP01-DEL13-MG"
319734;2020-11-07;"sábado";"19:11:00";"PR";376;617,3;"SAO JOSE DOS PINHAIS";"Falta de Atenção à Condução";"Colisão traseira";"Com Vítimas Feridas";"Plena Noite";"Decrescente";"Céu Claro";"Múltipla";"Aclive";"Sim";2;0;0;1;1;0;1;2;-25,58426494;-49,17618795;"SPRF-PR";"DEL01-PR";"UOP04-DEL01-PR"
319747;2020-11-07;"sábado";"14:15:00";"SC";282;511;"XANXERE";"Falta de Atenção à Condução";"Saída de leito carroçável";"Com Vítimas Feridas";"Pleno dia";"Decrescente";"Sol";"Simples";"Reta";"Não";2;0;1;0;0;1;1;2;-26,90536631;-52,46435165;"SPRF-SC";"DEL07-SC";"UOP01-DEL07-SC"
319754;2020-11-07;"sábado";"07:00:00";"SC";282;541,9;"CHAPECO";"Condutor Dormindo";"Colisão lateral";"Com Vítimas Feridas";"Pleno dia";"Decrescente";"Sol";"Simples";"Reta";"Não";5;0;2;2;1;0;4;2;-26,997713;-52,699165;"SPRF-SC";"DEL07-SC";"UOP01-DEL07-SC"
319762;2020-11-07;"sábado";"20:50:00";"MG";459;80;"CONGONHAL";"Falta de Atenção à Condução";"Colisão frontal";"Com Vítimas Fatais";"Plena Noite";"Decrescente";"Céu Claro";"Simples";"Reta";"Não";2;1;0;0;1;0;0;2;-22,15550813;-46,0806609;"SPRF-MG";"DEL09-MG";"UOP01-DEL09-MG"
319769;2020-11-07;"sábado";"20:50:00";"ES";101;222,5;"IBIRACU";"Condutor Dormindo";"Colisão com objeto estático";"Com Vítimas Feridas";"Plena Noite";"Decrescente";"Nublado";"Simples";"Ponte";"Não";1;0;0;1;0;0;1;1;-19,86991353;-40,4115504;"SPRF-ES";"DEL02-ES";"UOP01-DEL02-ES"
319775;2020-11-07;"sábado";"17:50:00";"AC";364;96,2;"SENADOR GUIOMARD";"Falta de Atenção à Condução";"Colisão lateral";"Com Vítimas Feridas";"Plena Noite";"Decrescente";"Céu Claro";"Simples";"Curva";"Não";4;0;0;1;2;1;1;3;-10,07264149;-67,55862413;"SPRF-AC";"DEL01-AC";"UOP01-DEL01-AC"
319776;2020-11-07;"sábado";"21:00:00";"SC";101;211;"PALHOCA";"Falta de Atenção à Condução";"Colisão lateral";"Sem Vítimas";"Plena Noite";"Crescente";"Nublado";"Múltipla";"Reta";"Sim";2;0;0;0;1;1;0;2;-27,62329313;-48,65245588;"SPRF-SC";"DEL01-SC";"UOP02-DEL01-SC"
319781;2020-11-07;"sábado";"16:40:00";"GO";153;285;"NOVA GLORIA";"Falta de Atenção do Pedestre";"Atropelamento de Pedestre";"Com Vítimas Fatais";"Pleno dia";"Decrescente";"Nublado";"Simples";"Reta";"Sim";4;1;0;0;1;3;0;4;-15,170359;-49,543961;"SPRF-GO";"DEL07-GO";"UOP02-DEL07-GO"
319783;2020-11-07;"sábado";"21:35:00";"SC";116;199,3;"PONTE ALTA";"Falta de Atenção do Pedestre";"Atropelamento de Pedestre";"Com Vítimas Feridas";"Plena Noite";"Crescente";"Céu Claro";"Simples";"Curva";"Não";2;0;0;1;1;0;1;2;-27,42102791;-50,41128862;"SPRF-SC";"DEL05-SC";"UOP03-DEL05-SC"
319785;2020-11-07;"sábado";"21:10:00";"SP";116;216,4;"GUARULHOS";"Ingestão de Álcool";"Capotamento";"Com Vítimas Feridas";"Plena Noite";"Crescente";"Nublado";"Múltipla";"Reta;Declive";"Sim";3;0;1;0;2;0;1;3;-23,45307943;-46,4695394;"SPRF-SP";"DEL01-SP";"UOP01-DEL01-SP"
319788;2020-11-07;"sábado";"19:10:00";"BA";101;565,4;"ARATACA";"Desobediência às normas de trânsito pelo condutor";"Colisão frontal";"Com Vítimas Fatais";"Plena Noite";"Crescente";"Céu Claro";"Simples";"Curva";"Não";2;1;0;0;1;0;0;2;-15,2343919;-39,44801331;"SPRF-BA";"DEL05-BA";"UOP02-DEL05-BA"
319799;2020-11-07;"sábado";"19:20:00";"RO";364;396,2;"OURO PRETO DO OESTE";"Não guardar distância de segurança";"Colisão traseira";"Com Vítimas Feridas";"Plena Noite";"Crescente";"Nublado";"Simples";"Reta";"Não";3;0;1;0;1;3;1;5;-10,63143201;-62,32007001;"SPRF-RO";"DEL03-RO";"UOP02-DEL03-RO"
319801;2020-11-07;"sábado";"22:30:00";"RN";304;173;"ANGICOS";"Defeito Mecânico no Veículo";"Saída de leito carroçável";"Com Vítimas Feridas";"Pleno dia";"Crescente";"Céu Claro";"Simples";"Reta";"Não";1;0;0;1;0;0;1;1;-5,68720751;-36,40136402;"SPRF-RN";"DEL01-RN";"UOP03-DEL01-RN"
319805;2020-11-07;"sábado";"14:20:00";"RO";364;396;"OURO PRETO DO OESTE";"Falta de Atenção à Condução";"Colisão frontal";"Com Vítimas Fatais";"Pleno dia";"Decrescente";"Nublado";"Simples";"Reta";"Não";4;1;1;0;1;1;1;3;-10,63143201;-62,32007001;"SPRF-RO";"DEL03-RO";"UOP02-DEL03-RO"
319812;2020-11-07;"sábado";"22:00:00";"MA";10;233,2;"GOVERNADOR EDISON LOBAO";"Restrição de Visibilidade";"Atropelamento de Pedestre";"Com Vítimas Fatais";"Plena Noite";"Crescente";"Nublado";"Simples";"Reta";"Não";3;1;0;0;1;1;0;2;-5,677963;-47,374077;"SPRF-MA";"DEL04-MA";"UOP01-DEL04-MA"
319815;2020-11-07;"sábado";"22:00:00";"SC";116;41,7;"ITAIOPOLIS";"Desobediência às normas de trânsito pelo condutor";"Colisão frontal";"Com Vítimas Feridas";"Plena Noite";"Crescente";"Nublado";"Simples";"Declive;Reta";"Não";3;0;1;0;2;0;1;3;-26,33864857;-50,06232096;"SPRF-SC";"DEL06-SC";"UOP01-DEL06-SC"
319837;2020-11-07;"sábado";"19:40:00";"MS";60;539,3;"NIOAQUE";"Falta de Atenção à Condução";"Tombamento";"Com Vítimas Feridas";"Plena Noite";"Decrescente";"Céu Claro";"Simples";"Rotatória";"Não";2;0;1;0;0;2;1;3;-21,14070869;-55,82215548;"SPRF-MS";"DEL05-MS";"UOP01-DEL05-MS"
319849;2020-11-07;"sábado";"23:01:00";"SC";101;28;"JOINVILLE";"Falta de Atenção à Condução";"Engavetamento";"Com Vítimas Feridas";"Plena Noite";"Crescente";"Céu Claro";"Dupla";"Reta";"Não";3;0;1;0;2;0;1;3;-26,20697505;-48,91482635;"SPRF-SC";"DEL03-SC";"UOP01-DEL03-SC"
319861;2020-11-08;"domingo";"03:50:00";"GO";153;627,8;"MORRINHOS";"Condutor Dormindo";"Saída de leito carroçável";"Sem Vítimas";"Plena Noite";"Crescente";"Céu Claro";"Dupla";"Curva";"Não";1;0;0;0;1;0;0;1;-17,7792;-49,1788;"SPRF-GO";"DEL03-GO";"UOP01-DEL03-GO"
319862;2020-11-08;"domingo";"03:00:00";"PR";467;86,5;"CASCAVEL";"Ingestão de Álcool";"Saída de leito carroçável";"Sem Vítimas";"Plena Noite";"Decrescente";"Céu Claro";"Dupla";"Reta";"Sim";1;0;0;0;1;0;0;1;-24,8289;-53,6431;"SPRF-PR";"DEL04-PR";"UOP01-DEL04-PR"
319881;2020-11-08;"domingo";"04:40:00";"SC";101;112,4;"ITAJAI";"Falta de Atenção à Condução";"Colisão traseira";"Com Vítimas Feridas";"Plena Noite";"Crescente";"Nublado";"Múltipla";"Reta";"Sim";3;0;0;1;1;1;1;3;-26,848614;-48,724373;"SPRF-SC";"DEL04-SC";"UOP04-DEL04-SC"
319898;2020-11-08;"domingo";"07:10:00";"MG";262;390;"FLORESTAL";"Falta de Atenção à Condução";"Colisão traseira";"Com Vítimas Feridas";"Pleno dia";"Crescente";"Céu Claro";"Dupla";"Reta";"Não";3;0;1;0;1;2;1;4;-19,90924038;-44,50735515;"SPRF-MG";"DEL01-MG";"UOP03-DEL01-MG"
319904;2020-02-15;"sábado";"05:30:00";"MG";365;275,7;"JOAO PINHEIRO";"Objeto estático sobre o leito carroçável";"Colisão com objeto estático";"Com Vítimas Fatais";"Amanhecer";"Crescente";"Chuva";"Simples";"Reta";"Não";40;2;22;11;4;1;33;3;-17,98029475;-45,60927227;"SPRF-MG";"DEL14-MG";"UOP02-DEL14-MG"
319926;2020-11-08;"domingo";"09:20:00";"BA";116;5,6;"VITORIA DA CONQUISTA";"Falta de Atenção à Condução";"Colisão traseira";"Sem Vítimas";"Pleno dia";"Decrescente";"Garoa/Chuvisco";"Simples";"Reta";"Não";3;0;0;0;2;1;0;3;-14,82535696;-40,88392496;"SPRF-BA";"DEL08-BA";"UOP01-DEL08-BA"
319928;2020-08-12;"quarta-feira";"17:10:00";"PE";101;69,7;"RECIFE";"Falta de Atenção à Condução";"Tombamento";"Com Vítimas Feridas";"Pleno dia";"Crescente";"Nublado";"Dupla";"Reta";"Sim";2;0;1;0;0;1;1;2;-8,06501728;-34,94418955;"SPRF-PE";"DEL01-PE";"UOP01-DEL01-PE"
319954;2020-11-07;"sábado";"20:20:00";"MG";381;180,2;"PERIQUITO";"Defeito Mecânico no Veículo";"Colisão lateral";"Com Vítimas Feridas";"Plena Noite";"Decrescente";"Céu Claro";"Simples";"Reta";"Não";3;0;1;0;1;1;1;3;-19,0410638;-42,1491874;"SPRF-MG";"DEL06-MG";"UOP01-DEL06-MG"
319964;2020-11-08;"domingo";"08:15:00";"RO";364;523;"ARIQUEMES";"Não guardar distância de segurança";"Colisão traseira";"Com Vítimas Feridas";"Pleno dia";"Decrescente";"Céu Claro";"Simples";"Ponte";"Não";3;0;1;0;1;4;1;6;-9,85234299;-63,05883787;"SPRF-RO";"DEL03-RO";"UOP01-DEL03-RO"
319966;2020-11-08;"domingo";"11:20:00";"MG";116;221,9;"CATUJI";"Velocidade Incompatível";"Saída de leito carroçável";"Com Vítimas Fatais";"Pleno dia";"Decrescente";"Céu Claro";"Simples";"Declive";"Não";1;1;0;0;0;0;0;1;-17,41543302;-41,51420574;"SPRF-MG";"DEL11-MG";"UOP01-DEL11-MG"
319969;2020-11-08;"domingo";"05:30:00";"RN";405;74;"APODI";"Carga excessiva e/ou mal acondicionada";"Saída de leito carroçável";"Com Vítimas Feridas";"Amanhecer";"Crescente";"Céu Claro";"Simples";"Reta";"Não";1;0;1;0;0;0;1;1;-5,63945414;-37,80018926;"SPRF-RN";"DEL04-RN";"UOP02-DEL04-RN"
319973;2020-11-08;"domingo";"11:30:00";"SP";116;490,9;"CAJATI";"Falta de Atenção à Condução";"Colisão traseira";"Sem Vítimas";"Pleno dia";"Crescente";"Céu Claro";"Dupla";"Curva";"Sim";2;0;0;0;0;2;0;2;-24,73464809;-48,11602794;"SPRF-SP";"DEL05-SP";"UOP01-DEL05-SP"
319984;2020-11-08;"domingo";"12:40:00";"GO";153;414,8;"ANAPOLIS";"Falta de Atenção à Condução";"Colisão traseira";"Com Vítimas Feridas";"Pleno dia";"Crescente";"Céu Claro";"Simples";"Aclive";"Não";3;0;1;0;2;0;1;2;-16,125668;-49,043564;"SPRF-GO";"DEL02-GO";"UOP01-DEL02-GO"
320009;2020-11-08;"domingo";"14:00:00";"PE";232;470;"MIRANDIBA";"Ingestão de Álcool";"Colisão traseira";"Com Vítimas Feridas";"Pleno dia";"Crescente";"Céu Claro";"Simples";"Reta";"Sim";5;0;2;0;2;2;2;4;-8,01983329;-38,80194613;"SPRF-PE";"DEL05-PE";"UOP01-DEL05-PE"
320023;2020-11-08;"domingo";"15:50:00";"TO";153;725;"FIGUEIROPOLIS";"Defeito Mecânico no Veículo";"Derramamento de carga";"Sem Vítimas";"Pleno dia";"Decrescente";"Sol";"Simples";"Aclive";"Não";2;0;0;0;1;2;0;3;-12,16324694;-49,16108882;"SPRF-TO";"DEL01-TO";"UOP02-DEL01-TO"
320026;2020-11-08;"domingo";"16:50:00";"BA";116;845,3;"VITORIA DA CONQUISTA";"Desobediência às normas de trânsito pelo condutor";"Colisão traseira";"Com Vítimas Feridas";"Pleno dia";"Decrescente";"Céu Claro";"Simples";"Aclive";"Não";3;0;1;0;1;2;1;4;-15,02574823;-40,95443487;"SPRF-BA";"DEL08-BA";"UOP01-DEL08-BA"
320031;2020-11-08;"domingo";"09:30:00";"MG";381;226;"BELO ORIENTE";"Desobediência às normas de trânsito pelo condutor";"Colisão lateral";"Com Vítimas Feridas";"Pleno dia";"Decrescente";"Sol";"Simples";"Reta";"Não";4;0;1;0;2;1;1;3;-19,33012705;-42,42067894;"SPRF-MG";"DEL06-MG";"UOP01-DEL06-MG"
320034;2020-11-08;"domingo";"15:00:00";"MT";70;729,5;"CACERES";"Falta de Atenção à Condução";"Colisão frontal";"Com Vítimas Feridas";"Pleno dia";"Crescente";"Nublado";"Simples";"Reta";"Sim";2;0;1;0;1;0;1;2;-16,10832176;-57,67415285;"SPRF-MT";"DEL03-MT";"UOP01-DEL03-MT"
320047;2020-11-08;"domingo";"17:30:00";"RO";364;336;"JI-PARANA";"Falta de Atenção à Condução";"Colisão frontal";"Com Vítimas Feridas";"Pleno dia";"Decrescente";"Céu Claro";"Simples";"Reta";"Não";8;0;5;0;2;3;5;5;-10,934878;-61,92951078;"SPRF-RO";"DEL02-RO";"UOP01-DEL02-RO"
320050;2020-11-08;"domingo";"19:20:00";"MG";40;464;"SETE LAGOAS";"Ingestão de Álcool";"Colisão traseira";"Com Vítimas Feridas";"Plena Noite";"Crescente";"Nublado";"Dupla";"Aclive";"Não";6;0;2;1;2;1;3;4;-19,43110896;-44,33657482;"SPRF-MG";"DEL02-MG";"UOP01-DEL02-MG"
320051;2020-11-08;"domingo";"18:40:00";"MT";364;211;"RONDONOPOLIS";"Ingestão de Álcool";"Colisão com objeto estático";"Sem Vítimas";"Plena Noite";"Crescente";"Nublado";"Dupla";"Reta";"Não";2;0;0;0;1;2;0;3;-16,41628416;-54,70728415;"SPRF-MT";"DEL02-MT";"UOP01-DEL02-MT"
320054;2020-11-08;"domingo";"17:30:00";"SC";282;406,3;"CATANDUVAS";"Falta de Atenção à Condução";"Colisão frontal";"Com Vítimas Feridas";"Pleno dia";"Decrescente";"Sol";"Simples";"Reta";"Não";3;0;0;1;1;1;1;3;-27,092703;-51,659904;"SPRF-SC";"DEL07-SC";"UOP05-DEL07-SC"
320055;2020-11-08;"domingo";"19:20:00";"AL";423;92;"DELMIRO GOUVEIA";"Desobediência às normas de trânsito pelo condutor";"Colisão frontal";"Com Vítimas Feridas";"Plena Noite";"Crescente";"Céu Claro";"Simples";"Reta";"Não";3;0;0;1;2;0;1;2;-9,36677598;-38,08868101;"SPRF-BA";"DEL07-BA";"UOP01-DEL07-BA"
320061;2020-11-08;"domingo";"19:20:00";"MT";364;554;"ROSARIO OESTE";"Falta de Atenção à Condução";"Saída de leito carroçável";"Com Vítimas Feridas";"Plena Noite";"Decrescente";"Céu Claro";"Dupla";"Reta";"Não";6;0;4;1;0;1;5;3;-14,81871404;-56,42751626;"SPRF-MT";"DEL01-MT";"UOP01-DEL01-MT"
320062;2020-11-08;"domingo";"18:30:00";"MG";267;142,8;"LIMA DUARTE";"Não guardar distância de segurança";"Colisão lateral";"Com Vítimas Feridas";"Anoitecer";"Crescente";"Chuva";"Simples";"Declive";"Não";4;0;1;0;1;2;1;4;-21,80722307;-43,70958589;"SPRF-MG";"DEL05-MG";"UOP01-DEL05-MG"