"id";"data_inversa";"dia_semana";"horario";"uf";"br";"km";"municipio";"causa_acidente";"tipo_acidente";"classificacao_acidente";"fase_dia";"sentido_via";"condicao_metereologica";"tipo_pista";"tracado_via";"uso_solo";"pessoas";"mortos";"feridos_leves";"feridos_graves";"ilesos";"ignorados";"feridos";"veiculos";"latitude";"longitude";"regional";"delegacia";"uop"
320345;2020-11-09;"segunda-feira";"00:20:00";"SE";101;51;"JAPARATUBA";"Falta de Atenção à Condução";"Saída de leito carroçável";"Com Vítimas Feridas";"Plena Noite";"Crescente";"Céu Claro";"Dupla";"Declive";"Não";1;0;0;1;0;0;1;1;-10,61153091;-36,97737715;"SPRF-SE";"DEL02-SE";"UOP02-DEL02-SE"
320346;2020-11-10;"terça-feira";"00:40:00";"MG";262;838;"UBERABA";"Condutor Dormindo";"Colisão com objeto estático";"Com Vítimas Feridas";"Plena Noite";"Decrescente";"Chuva";"Simples";"Reta";"Não";1;0;0;1;0;0;1;1;-19,75667319;-48,25183296;"SPRF-MG";"DEL13-MG";"UOP01-DEL13-MG"
320349;2020-11-10;"terça-feira";"02:15:00";"PB";361;0,1;"PATOS";"Ingestão de Álcool";"Colisão frontal";"Com Vítimas Feridas";"Plena Noite";"Crescente";"Céu Claro";"Dupla";"Declive;Reta";"Sim";2;0;1;0;1;0;1;2;-7,018519;-37,260823;"SPRF-PB";"DEL03-PB";"UOP01-DEL03-PB"
320350;2020-11-10;"terça-feira";"03:20:00";"MG";381;830;"SAO SEBASTIAO DA BELA VISTA";"Condutor Dormindo";"Colisão traseira";"Com Vítimas Feridas";"Plena Noite";"Crescente";"Nublado";"Dupla";"Reta";"Não";2;0;2;0;0;0;2;2;-22,13939205;-45,81344194;"SPRF-MG";"DEL16-MG";"UOP01-DEL16-MG"
320352;2020-11-10;"terça-feira";"05:20:00";"MG";365;614,1;"UBERLANDIA";"Ingestão de Álcool";"Colisão traseira";"Com Vítimas Feridas";"Amanhecer";"Crescente";"Céu Claro";"Simples";"Reta";"Não";7;0;4;0;1;2;4;3;-18,91554305;-48,21410179;"SPRF-MG";"DEL15-MG";"UOP01-DEL15-MG"
320353;2020-11-10;"terça-feira";"03:10:00";"PR";116;12,3;"CAMPINA GRANDE DO SUL";"Falta de Atenção à Condução";"Colisão traseira";"Com Vítimas Feridas";"Plena Noite";"Crescente";"Ignorado";"Dupla";"Reta";"Não";3;0;1;0;1;2;1;4;-25,09706813;-48,65517895;"SPRF-PR";"DEL01-PR";"UOP02-DEL01-PR"
320357;2020-11-09;"segunda-feira";"22:40:00";"BA";116;747,9;"POCOES";"Sinalização da via insuficiente ou inadequada";"Colisão traseira";"Com Vítimas Feridas";"Plena Noite";"Crescente";"Céu Claro";"Simples";"Aclive;Reta";"Não";5;0;1;0;3;1;1;3;-14,40741502;-40,35443706;"SPRF-BA";"DEL08-BA";"UOP02-DEL08-BA"
320359;2020-11-10;"terça-feira";"01:30:00";"SP";116;503;"CAJATI";"Falta de Atenção à Condução";"Colisão com objeto estático";"Com Vítimas Feridas";"Plena Noite";"Crescente";"Nublado";"Simples";"Curva";"Não";2;0;1;0;0;1;1;2;-24,77851334;-48,21152687;"SPRF-SP";"DEL05-SP";"UOP02-DEL05-SP"
320372;2020-11-10;"terça-feira";"07:00:00";"PR";376;307;"MAUA DA SERRA";"Carga excessiva e/ou mal acondicionada";"Tombamento";"Com Vítimas Feridas";"Pleno dia";"Decrescente";"Céu Claro";"Dupla";"Declive;Curva";"Não";2;0;1;0;0;1;1;2;-23,94833162;-51,11966372;"SPRF-PR";"DEL07-PR";"UOP03-DEL07-PR"
320375;2020-11-10;"terça-feira";"07:55:00";"PR";376;511;"PONTA GROSSA";"Falta de Atenção à Condução";"Colisão traseira";"Sem Vítimas";"Pleno dia";"Decrescente";"Céu Claro";"Dupla";"Aclive;Reta";"Não";3;0;0;0;2;3;0;5;-25,2585873;-49,99055292;"SPRF-PR";"DEL03-PR";"UOP04-DEL03-PR"
320385;2020-11-10;"terça-feira";"08:20:00";"PR";277;637,9;"CEU AZUL";"Desobediência às normas de trânsito pelo condutor";"Colisão transversal";"Com Vítimas Feridas";"Pleno dia";"Decrescente";"Céu Claro";"Simples";"Interseção de Vias";"Sim";3;0;0;1;1;1;1;3;-25,157254;-53,850397;"SPRF-PR";"DEL05-PR";"UOP02-DEL05-PR"
320386;2020-11-10;"terça-feira";"06:29:00";"RO";364;634;"ITAPUA DO OESTE";"Falta de Atenção à Condução";"Tombamento";"Com Vítimas Fatais";"Pleno dia";"Crescente";"Chuva";"Simples";"Reta";"Não";2;2;0;0;0;0;0;1;-9,06062264;-63,40375969;"SPRF-RO";"DEL01-RO";"UOP04-DEL01-RO"
320387;2020-11-10;"terça-feira";"08:35:00";"PR";277;583,9;"CASCAVEL";"Não guardar distância de segurança";"Colisão lateral";"Sem Vítimas";"Pleno dia";"Decrescente";"Céu Claro";"Dupla";"Reta";"Sim";21;0;0;0;20;1;0;3;-24,97165493;-53,39428595;"SPRF-PR";"DEL04-PR";"UOP01-DEL04-PR"
320391;2020-11-10;"terça-feira";"08:30:00";"RJ";465;5;"SEROPEDICA";"Falta de Atenção à Condução";"Colisão com objeto estático";"Sem Vítimas";"Pleno dia";"Crescente";"Nublado";"Dupla";"Interseção de Vias";"Sim";1;0;0;0;1;0;0;1;-22,747673;-43,699196;"SPRF-RJ";"DEL01-RJ";"UOP03-DEL01-RJ"
320394;2020-11-10;"terça-feira";"06:05:00";"MG";365;24,5;"MONTES CLAROS";"Condutor Dormindo";"Colisão frontal";"Com Vítimas Feridas";"Pleno dia";"Decrescente";"Sol";"Simples";"Reta";"Não";4;0;2;0;1;1;2;3;-16,85651501;-44,052111;"SPRF-MG";"DEL12-MG";"UOP01-DEL12-MG"
320397;2020-11-10;"terça-feira";"06:30:00";"MG";381;714;"CARMO DA CACHOEIRA";"Pista Escorregadia";"Tombamento";"Com Vítimas Feridas";"Pleno dia";"Crescente";"Chuva";"Dupla";"Reta";"Não";1;0;1;0;0;0;1;1;-21,412341;-45,21069006;"SPRF-MG";"DEL04-MG";"UOP02-DEL04-MG"
320398;2020-11-10;"terça-feira";"09:00:00";"MT";364;494,3;"JANGADA";"Desobediência às normas de trânsito pelo condutor";"Colisão transversal";"Com Vítimas Feridas";"Pleno dia";"Crescente";"Céu Claro";"Simples";"Reta";"Sim";3;0;1;0;1;2;1;4;-15,29227197;-56,43455719;"SPRF-MT";"DEL01-MT";"UOP02-DEL01-MT"
320402;2020-11-10;"terça-feira";"07:45:00";"RS";392;148;"CANGUCU";"Falta de Atenção à Condução";"Saída de leito carroçável";"Com Vítimas Feridas";"Pleno dia";"Crescente";"Nublado";"Simples";"Reta;Aclive";"Não";2;0;1;0;0;2;1;3;-31,187058;-52,836514;"SPRF-RS";"DEL07-RS";"UOP01-DEL07-RS"
320410;2020-11-10;"terça-feira";"11:00:00";"PB";101;123,9;"CAAPORA";"Defeito Mecânico no Veículo";"Saída de leito carroçável";"Sem Vítimas";"Pleno dia";"Decrescente";"Sol";"Dupla";"Declive;Curva";"Não";2;0;0;0;1;1;0;2;-7,45909075;-34,98049935;"SPRF-PB";"DEL01-PB";"UOP02-DEL01-PB"
320411;2020-11-10;"terça-feira";"10:35:00";"BA";324;529;"FEIRA DE SANTANA";"Falta de Atenção do Pedestre";"Atropelamento de Pedestre";"Com Vítimas Feridas";"Pleno dia";"Decrescente";"Céu Claro";"Dupla";"Reta";"Não";2;0;0;1;1;0;1;2;-12,32272991;-38,86892893;"SPRF-BA";"DEL01-BA";"UOP03-DEL01-BA"
320412;2020-11-10;"terça-feira";"11:00:00";"PR";277;32;"MORRETES";"Velocidade Incompatível";"Tombamento";"Com Vítimas Feridas";"Pleno dia";"Decrescente";"Céu Claro";"Dupla";"Curva";"Não";2;0;1;0;0;1;1;2;-25,56071642;-48,81534576;"SPRF-PR";"DEL01-PR";"UOP05-DEL01-PR"
320415;2020-11-10;"terça-feira";"11:40:00";"SP";116;103;"PINDAMONHANGABA";"Falta de Atenção do Pedestre";"Atropelamento de Pedestre";"Com Vítimas Fatais";"Pleno dia";"Decrescente";"Nublado";"Dupla";"Reta";"Não";3;1;0;0;1;1;0;3;-22,99919465;-45,49788917;"SPRF-SP";"DEL06-SP";"UOP01-DEL06-SP"
320418;2020-11-10;"terça-feira";"12:30:00";"MG";40;629,7;"CONSELHEIRO LAFAIETE";"Desobediência às normas de trânsito pelo condutor";"Colisão transversal";"Com Vítimas Feridas";"Pleno dia";"Decrescente";"Céu Claro";"Simples";"Declive;Curva";"Sim";3;0;0;1;2;0;1;2;-20,65275249;-43,80881295;"SPRF-MG";"DEL05-MG";"UOP02-DEL05-MG"
320419;2020-11-10;"terça-feira";"11:10:00";"MT";70;518;"VARZEA GRANDE";"Falta de Atenção à Condução";"Engavetamento";"Com Vítimas Feridas";"Pleno dia";"Decrescente";"Céu Claro";"Simples";"Aclive";"Sim";4;0;1;0;3;0;1;4;-15,69345071;-56,16794586;"SPRF-MT";"DEL01-MT";"UOP02-DEL01-MT"
320424;2020-11-10;"terça-feira";"12:50:00";"MG";267;256,9;"SERITINGA";"Mal Súbito";"Tombamento";"Com Vítimas Feridas";"Pleno dia";"Crescente";"Nublado";"Simples";"Curva";"Não";2;0;1;0;0;1;1;2;-21,92481305;-44,53994751;"SPRF-MG";"DEL17-MG";"UOP01-DEL17-MG"
320429;2020-11-10;"terça-feira";"13:00:00";"RJ";116;258;"VOLTA REDONDA";"Falta de Atenção à Condução";"Tombamento";"Com Vítimas Feridas";"Pleno dia";"Decrescente";"Céu Claro";"Simples";"Retorno Regulamentado";"Não";2;0;1;0;0;1;1;2;-22,5813877691;-44,0216068859;"SPRF-RJ";"DEL07-RJ";"UOP02-DEL07-RJ"
320434;2020-11-10;"terça-feira";"14:15:00";"CE";222;13;"CAUCAIA";"Ultrapassagem Indevida";"Tombamento";"Com Vítimas Feridas";"Pleno dia";"Decrescente";"Nublado";"Simples";"Reta";"Não";2;0;0;1;1;0;1;2;-3,76323859;-38,6776931;"SPRF-CE";"DEL01-CE";"UOP01-DEL01-CE"
320435;2020-10-09;"sexta-feira";"09:30:00";"ES";101;417,5;"CACHOEIRO DE ITAPEMIRIM";"Ultrapassagem Indevida";"Colisão frontal";"Com Vítimas Fatais";"Pleno dia";"Crescente";"Nublado";"Simples";"Curva";"Não";3;1;0;0;2;0;0;2;-20,94689796;-41,08919209;"SPRF-ES";"DEL03-ES";"UOP02-DEL03-ES"
320440;2020-11-10;"terça-feira";"13:30:00";"PR";116;175,4;"QUITANDINHA";"Falta de Atenção à Condução";"Colisão lateral";"Sem Vítimas";"Pleno dia";"Crescente";"Céu Claro";"Dupla";"Aclive;Reta";"Não";3;0;0;0;1;2;0;3;-25,92644829;-49,62048054;"SPRF-PR";"DEL01-PR";"UOP03-DEL01-PR"
320448;2020-11-10;"terça-feira";"14:10:00";"BA";135;166;"BARREIRAS";"Desobediência às normas de trânsito pelo condutor";"Colisão traseira";"Com Vítimas Feridas";"Pleno dia";"Crescente";"Céu Claro";"Simples";"Reta";"Não";2;0;1;0;1;0;1;2;-12,0560321;-44,96627674;"SPRF-BA";"DEL10-BA";"UOP01-DEL10-BA"
320451;2020-11-04;"quarta-feira";"04:20:00";"RS";386;242,2;"SOLEDADE";"Ultrapassagem Indevida";"Colisão frontal";"Com Vítimas Fatais";"Plena Noite";"Decrescente";"Céu Claro";"Simples";"Declive";"Não";3;1;0;1;1;0;1;2;-28,78509583;-52,52915793;"SPRF-RS";"DEL04-RS";"UOP03-DEL04-RS"
320457;2020-11-10;"terça-feira";"15:35:00";"PR";116;62;"CAMPINA GRANDE DO SUL";"Não guardar distância de segurança";"Colisão lateral";"Sem Vítimas";"Pleno dia";"Crescente";"Céu Claro";"Dupla";"Aclive;Reta";"Não";7;0;0;0;6;7;0;12;-25,3064236;-48,9758426;"SPRF-PR";"DEL01-PR";"UOP02-DEL01-PR"
320458;2020-11-10;"terça-feira";"14:30:00";"PR";476;234,6;"LAPA";"Falta de Atenção à Condução";"Colisão frontal";"Com Vítimas Feridas";"Pleno dia";"Decrescente";"Céu Claro";"Simples";"Curva;Aclive";"Não";4;0;0;1;2;1;1;4;-25,881773;-50,01786;"SPRF-PR";"DEL02-PR";"UOP04-DEL02-PR"
320461;2020-11-10;"terça-feira";"14:30:00";"PR";153;146,5;"VENTANIA";"Velocidade Incompatível";"Saída de leito carroçável";"Sem Vítimas";"Pleno dia";"Decrescente";"Céu Claro";"Simples";"Curva";"Não";2;0;0;0;1;3;0;4;-24,12979607;-50,23322582;"SPRF-PR";"DEL07-PR";"UOP04-DEL07-PR"
320467;2020-11-10;"terça-feira";"16:25:00";"MA";10;314;"ACAILANDIA";"Objeto estático sobre o leito carroçável";"Colisão com objeto estático";"Com Vítimas Feridas";"Pleno dia";"Crescente";"Sol";"Simples";"Declive";"Não";4;0;1;0;2;2;1;5;-4,997943;-47,531734;"SPRF-MA";"DEL04-MA";"UOP03-DEL04-MA"
320468;2020-11-10;"terça-feira";"15:40:00";"PR";116;148,5;"ARAUCARIA";"Falta de Atenção à Condução";"Colisão lateral";"Com Vítimas Feridas";"Pleno dia";"Crescente";"Céu Claro";"Dupla";"Reta";"Não";3;0;1;0;1;1;1;3;-25,55780481;-49,354969;"SPRF-PR";"DEL01-PR";"UOP03-DEL01-PR"
320472;2020-11-10;"terça-feira";"15:30:00";"AL";104;22,2;"UNIAO DOS PALMARES";"Defeito Mecânico no Veículo";"Tombamento";"Sem Vítimas";"Pleno dia";"Decrescente";"Céu Claro";"Simples";"Curva";"Não";2;0;0;0;1;1;0;2;-9,07371688;-36,03702576;"SPRF-AL";"DEL01-AL";"UOP02-DEL01-AL"
320474;2020-10-26;"segunda-feira";"11:30:00";"TO";153;318;"GUARAI";"Ultrapassagem Indevida";"Capotamento";"Com Vítimas Fatais";"Pleno dia";"Decrescente";"Céu Claro";"Simples";"Declive";"Não";4;1;0;0;0;3;0;3;-8,69210498;-48,5041133;"SPRF-TO";"DEL02-TO";"UOP02-DEL02-TO"
320477;2020-11-10;"terça-feira";"15:30:00";"MT";364;392;"CUIABA";"Ingestão de Álcool";"Colisão traseira";"Com Vítimas Feridas";"Pleno dia";"Crescente";"Céu Claro";"Dupla";"Reta";"Não";3;0;1;0;1;1;1;3;-15,70114238;-55,872733;"SPRF-MT";"DEL01-MT";"UOP02-DEL01-MT"
320481;2020-11-10;"terça-feira";"18:15:00";"PR";376;552;"PALMEIRA";"Falta de Atenção à Condução";"Tombamento";"Com Vítimas Feridas";"Pleno dia";"Crescente";"Céu Claro";"Dupla";"Curva";"Não";2;0;0;1;0;2;1;3;-25,44230259;-49,74648764;"SPRF-PR";"DEL01-PR";"UOP03-DEL03-PR"
320482;2020-11-10;"terça-feira";"16:50:00";"MG";381;323;"NOVA ERA";"Pista Escorregadia";"Saída de leito carroçável";"Com Vítimas Feridas";"Anoitecer";"Crescente";"Chuva";"Simples";"Reta";"Não";2;0;1;0;0;1;1;2;-19,714969;-43,001169;"SPRF-MG";"DEL03-MG";"UOP02-DEL03-MG"
320488;2020-11-10;"terça-feira";"18:30:00";"PR";369;91;"CORNELIO PROCOPIO";"Velocidade Incompatível";"Tombamento";"Com Vítimas Feridas";"Anoitecer";"Crescente";"Céu Claro";"Simples";"Curva;Declive";"Não";11;0;3;0;8;0;3;3;-23,20068;-50,6541;"SPRF-PR";"DEL07-PR";"UOP01-DEL07-PR"
320489;2020-11-10;"terça-feira";"18:30:00";"CE";20;417;"MARACANAU";"Não guardar distância de segurança";"Saída de leito carroçável";"Sem Vítimas";"Plena Noite";"Decrescente";"Nublado";"Dupla";"Reta;Declive";"Sim";2;0;0;0;1;3;0;4;-3,838649;-38,601797;"SPRF-CE";"DEL01-CE";"UOP02-DEL01-CE"
320491;2020-11-10;"terça-feira";"17:00:00";"MG";40;503,9;"ESMERALDAS";"Velocidade Incompatível";"Saída de leito carroçável";"Com Vítimas Feridas";"Pleno dia";"Decrescente";"Nublado";"Dupla";"Reta;Declive";"Sim";2;0;0;1;0;1;1;2;-19,728862;-44,153008;"SPRF-MG";"DEL02-MG";"UOP01-DEL02-MG"
320494;2020-11-10;"terça-feira";"19:00:00";"BA";242;660;"MUQUEM DE SAO FRANCISCO";"Defeito Mecânico no Veículo";"Colisão lateral";"Sem Vítimas";"Plena Noite";"Decrescente";"Céu Claro";"Simples";"Declive;Curva";"Não";5;0;0;0;4;5;0;8;-12,21990448;-43,85467529;"SPRF-BA";"DEL06-BA";"UOP03-DEL06-BA"
320502;2020-11-10;"terça-feira";"21:00:00";"SC";101;123;"ITAJAI";"Falta de Atenção à Condução";"Colisão lateral";"Com Vítimas Feridas";"Plena Noite";"Decrescente";"Chuva";"Dupla";"Interseção de Vias";"Sim";2;0;0;1;0;1;1;2;-26,93668609;-48,69876905;"SPRF-SC";"DEL04-SC";"UOP04-DEL04-SC"
320505;2020-11-10;"terça-feira";"14:45:00";"SC";282;633,7;"DESCANSO";"Velocidade Incompatível";"Tombamento";"Com Vítimas Feridas";"Pleno dia";"Decrescente";"Céu Claro";"Simples";"Em Obras;Curva";"Não";2;0;1;0;0;1;1;2;-26,824224;-53,412407;"SPRF-SC";"DEL07-SC";"UOP03-DEL07-SC"
320506;2020-11-10;"terça-feira";"21:00:00";"CE";116;193,6;"LIMOEIRO DO NORTE";"Falta de Atenção à Condução";"Colisão transversal";"Com Vítimas Feridas";"Plena Noite";"Crescente";"Vento";"Simples";"Ponte;Declive";"Sim";5;0;1;2;1;1;3;4;-5,13121505;-38,15484932;"SPRF-CE";"DEL03-CE";"UOP01-DEL03-CE"
320507;2020-11-10;"terça-feira";"20:00:00";"SP";116;211;"GUARULHOS";"Desobediência às normas de trânsito pelo condutor";"Colisão lateral";"Sem Vítimas";"Plena Noite";"Crescente";"Céu Claro";"Múltipla";"Reta";"Sim";2;0;0;0;2;0;0;2;-23,4324306;-46,4194352;"SPRF-SP";"DEL01-SP";"UOP01-DEL01-SP"
320509;2020-11-10;"terça-feira";"21:00:00";"PR";476;276;"SAO MATEUS DO SUL";"Falta de Atenção à Condução";"Colisão com objeto estático";"Sem Vítimas";"Plena Noite";"Crescente";"Céu Claro";"Simples";"Curva";"Sim";3;0;0;0;2;2;0;4;-25,877428;-50,384377;"SPRF-PR";"DEL02-PR";"UOP04-DEL02-PR"
320512;2020-11-10;"terça-feira";"21:20:00";"MA";316;585;"CAXIAS";"Ultrapassagem Indevida";"Colisão frontal";"Com Vítimas Fatais";"Plena Noite";"Crescente";"Céu Claro";"Simples";"Reta";"Não";4;1;0;0;2;2;0;5;-4,981047;-43,080875;"SPRF-MA";"DEL03-MA";"UOP02-DEL03-MA"
320514;2020-11-10;"terça-feira";"06:30:00";"MS";163;124;"NAVIRAI";"Falta de Atenção à Condução";"Derramamento de carga";"Sem Vítimas";"Amanhecer";"Decrescente";"Céu Claro";"Simples";"Rotatória";"Não";3;0;0;0;1;3;0;4;-23,08074209;-54,2278866;"SPRF-MS";"DEL09-MS";"UOP01-DEL09-MS"
320517;2020-11-10;"terça-feira";"23:10:00";"CE";222;116,6;"ITAPAJE";"Falta de Atenção do Pedestre";"Atropelamento de Pedestre";"Com Vítimas Feridas";"Plena Noite";"Decrescente";"Céu Claro";"Dupla";"Curva";"Sim";2;0;0;1;1;0;1;2;-3,73966759;-39,54265933;"SPRF-CE";"DEL04-CE";"UOP03-DEL04-CE"
320518;2020-11-10;"terça-feira";"20:45:00";"PE";232;494;"VERDEJANTE";"Defeito Mecânico no Veículo";"Incêndio";"Sem Vítimas";"Plena Noite";"Decrescente";"Céu Claro";"Simples";"Reta";"Não";1;0;0;0;1;0;0;1;-8,013075;-39,012792;"SPRF-PE";"DEL05-PE";"UOP01-DEL05-PE"
320522;2020-11-10;"terça-feira";"19:00:00";"PR";277;348;"GUARAPUAVA";"Falta de Atenção à Condução";"Colisão frontal";"Com Vítimas Fatais";"Plena Noite";"Crescente";"Céu Claro";"Simples";"Reta";"Sim";3;1;0;0;2;0;0;3;-25,380379;-51,508703;"SPRF-PR";"DEL08-PR";"UOP01-DEL08-PR"
320523;2020-11-10;"terça-feira";"23:15:00";"SC";101;416;"ARARANGUA";"Não guardar distância de segurança";"Colisão traseira";"Com Vítimas Feridas";"Plena Noite";"Decrescente";"Nublado";"Dupla";"Reta";"Sim";2;0;1;0;1;0;1;2;-28,96708874;-49,52338825;"SPRF-SC";"DEL02-SC";"UOP02-DEL02-SC"
320527;2020-11-10;"terça-feira";"23:30:00";"RJ";465;21,5;"RIO DE JANEIRO";"Desobediência às normas de trânsito pelo condutor";"Colisão traseira";"Com Vítimas Feridas";"Plena Noite";"Decrescente";"Garoa/Chuvisco";"Simples";"Interseção de Vias";"Não";5;0;3;0;1;1;3;3;-22,854782;-43,601933;"SPRF-RJ";"DEL03-RJ";"UOP01-DEL03-RJ"
320528;2020-11-11;"quarta-feira";"00:00:00";"BA";116;621;"JAGUAQUARA";"Falta de Atenção à Condução";"Colisão traseira";"Sem Vítimas";"Plena Noite";"Decrescente";"Céu Claro";"Simples";"Reta";"Não";3;0;0;0;2;1;0;3;-13,37441002;-40,01977289;"SPRF-BA";"DEL03-BA";"UOP01-DEL03-BA"
320529;2020-11-10;"terça-feira";"19:00:00";"BA";101;196;"GOVERNADOR MANGABEIRA";"Fenômenos da Natureza";"Incêndio";"Sem Vítimas";"Plena Noite";"Decrescente";"Céu Claro";"Dupla";"Reta";"Sim";1;0;0;0;1;0;0;1;-12,59679696;-39,038245;"SPRF-BA";"DEL01-BA";"UOP03-DEL01-BA"
320531;2020-11-11;"quarta-feira";"01:30:00";"MG";381;453;"SABARA";"Desobediência às normas de trânsito pelo pedestre";"Atropelamento de Pedestre";"Com Vítimas Fatais";"Plena Noite";"Crescente";"Chuva";"Simples";"Reta;Declive";"Sim";2;1;0;0;0;1;0;2;-19,83656725;-43,86146665;"SPRF-MG";"DEL01-MG";"UOP01-DEL01-MG"
320533;2020-11-11;"quarta-feira";"01:30:00";"MG";50;58;"UBERLANDIA";"Falta de Atenção à Condução";"Colisão traseira";"Com Vítimas Feridas";"Plena Noite";"Decrescente";"Vento";"Dupla";"Reta";"Não";3;0;0;1;1;3;1;5;-18,79408225;-48,23421867;"SPRF-MG";"DEL15-MG";"UOP02-DEL15-MG"
320534;2020-11-11;"quarta-feira";"00:55:00";"MG";40;517;"RIBEIRAO DAS NEVES";"Falta de Atenção à Condução";"Colisão traseira";"Com Vítimas Feridas";"Plena Noite";"Decrescente";"Garoa/Chuvisco";"Dupla";"Reta";"Sim";3;0;1;0;0;2;1;3;-19,82351202;-44,08438913;"SPRF-MG";"DEL01-MG";"UOP02-DEL01-MG"
320537;2020-11-11;"quarta-feira";"02:20:00";"RJ";116;188,5;"QUEIMADOS";"Falta de Atenção à Condução";"Colisão traseira";"Com Vítimas Feridas";"Plena Noite";"Decrescente";"Garoa/Chuvisco";"Dupla";"Reta";"Sim";2;0;0;1;1;0;1;2;-22,73850663;-43,53504181;"SPRF-RJ";"DEL01-RJ";"UOP02-DEL01-RJ"
320542;2020-11-11;"quarta-feira";"03:30:00";"SP";116;461,5;"PARIQUERA-ACU";"Falta de Atenção à Condução";"Tombamento";"Com Vítimas Feridas";"Plena Noite";"Decrescente";"Céu Claro";"Dupla";"Viaduto";"Sim";2;0;1;0;0;1;1;2;-24,61672184;-47,88933615;"SPRF-SP";"DEL05-SP";"UOP01-DEL05-SP"
320544;2020-11-11;"quarta-feira";"04:20:00";"MG";40;589;"ITABIRITO";"Defeito Mecânico no Veículo";"Danos eventuais";"Sem Vítimas";"Amanhecer";"Crescente";"Céu Claro";"Simples";"Reta";"Não";2;0;0;0;1;2;0;3;-20,3591;-43,90992896;"SPRF-MG";"DEL01-MG";"UOP02-DEL01-MG"
320545;2020-11-11;"quarta-feira";"05:00:00";"RJ";40;117,2;"DUQUE DE CAXIAS";"Agressão Externa";"Tombamento";"Sem Vítimas";"Amanhecer";"Crescente";"Céu Claro";"Múltipla";"Reta";"Sim";2;0;0;0;2;0;0;1;-22,75402108;-43,2875061;"SPRF-RJ";"DEL01-RJ";"UOP01-DEL01-RJ"
320547;2020-11-11;"quarta-feira";"04:50:00";"BA";101;853;"TEIXEIRA DE FREITAS";"Desobediência às normas de trânsito pelo condutor";"Tombamento";"Com Vítimas Feridas";"Pleno dia";"Crescente";"Céu Claro";"Simples";"Curva";"Não";2;0;0;1;0;2;1;3;-17,35653689;-39,63043213;"SPRF-BA";"DEL09-BA";"UOP02-DEL09-BA"
320552;2020-11-11;"quarta-feira";"05:00:00";"MG";381;212;"NAQUE";"Objeto estático sobre o leito carroçável";"Colisão com objeto estático";"Com Vítimas Fatais";"Plena Noite";"Decrescente";"Céu Claro";"Simples";"Aclive";"Não";10;2;1;6;0;1;7;3;-19,24611089;-42,33758028;"SPRF-MG";"DEL06-MG";"UOP01-DEL06-MG"
320555;2020-11-11;"quarta-feira";"05:45:00";"PR";376;203,8;"MARIALVA";"Falta de Atenção à Condução";"Colisão traseira";"Com Vítimas Feridas";"Amanhecer";"Decrescente";"Garoa/Chuvisco";"Dupla";"Reta";"Não";3;0;1;0;1;2;1;4;-23,50951388;-51,72140497;"SPRF-PR";"DEL09-PR";"UOP01-DEL09-PR"
320562;2020-11-11;"quarta-feira";"07:40:00";"MG";381;695,2;"LAVRAS";"Falta de Atenção à Condução";"Colisão traseira";"Com Vítimas Feridas";"Pleno dia";"Decrescente";"Ignorado";"Dupla";"Reta";"Não";4;0;2;0;1;1;2;3;-21,27640386;-45,13914121;"SPRF-MG";"DEL04-MG";"UOP02-DEL04-MG"
320581;2020-11-11;"quarta-feira";"08:40:00";"RJ";116;165,2;"RIO DE JANEIRO";"Velocidade Incompatível";"Saída de leito carroçável";"Com Vítimas Feridas";"Pleno dia";"Crescente";"Nublado";"Dupla";"Reta";"Sim";1;0;1;0;0;0;1;1;-22,81548519;-43,29087405;"SPRF-RJ";"DEL01-RJ";"UOP01-DEL01-RJ"
320586;2020-11-11;"quarta-feira";"09:00:00";"MG";153;75,5;"MONTE ALEGRE DE MINAS";"Velocidade Incompatível";"Colisão frontal";"Com Vítimas Fatais";"Pleno dia";"Crescente";"Céu Claro";"Simples";"Curva;Declive";"Não";7;1;1;1;1;8;2;11;-19,02227706;-49,01308814;"SPRF-MG";"DEL15-MG";"UOP03-DEL15-MG"
320591;2020-11-11;"quarta-feira";"07:30:00";"MG";365;480;"PATROCINIO";"Não guardar distância de segurança";"Colisão traseira";"Sem Vítimas";"Pleno dia";"Crescente";"Céu Claro";"Simples";"Reta";"Não";2;0;0;0;2;0;0;2;-18,89211322;-47,06972105;"SPRF-MG";"DEL10-MG";"UOP01-DEL10-MG"
320593;2020-11-11;"quarta-feira";"06:30:00";"SP";116;513,4;"CAJATI";"Falta de Atenção à Condução";"Tombamento";"Com Vítimas Feridas";"Amanhecer";"Decrescente";"Nublado";"Dupla";"Curva";"Não";2;0;1;0;0;1;1;2;-24,85686;-48,212065;"SPRF-SP";"DEL05-SP";"UOP02-DEL05-SP"
320599;2020-11-11;"quarta-feira";"10:10:00";"ES";101;281;"SERRA";"Defeito Mecânico no Veículo";"Colisão com objeto em movimento";"Com Vítimas Feridas";"Pleno dia";"Crescente";"Céu Claro";"Dupla";"Reta";"Não";3;0;0;1;2;0;1;2;-20,22112792;-40,35720552;"SPRF-ES";"DEL02-ES";"UOP01-DEL02-ES"
320601;2020-11-11;"quarta-feira";"10:25:00";"PR";277;127,2;"BALSA NOVA";"Falta de Atenção à Condução";"Saída de leito carroçável";"Com Vítimas Feridas";"Pleno dia";"Decrescente";"Chuva";"Dupla";"Declive";"Não";2;0;1;0;0;2;1;3;-25,471362;-49,620963;"SPRF-PR";"DEL01-PR";"UOP03-DEL03-PR"