"id";"data_inversa";"dia_semana";"horario";"uf";"br";"km";"municipio";"causa_acidente";"tipo_acidente";"classificacao_acidente";"fase_dia";"sentido_via";"condicao_metereologica";"tipo_pista";"tracado_via";"uso_solo";"pessoas";"mortos";"feridos_leves";"feridos_graves";"ilesos";"ignorados";"feridos";"veiculos";"latitude";"longitude";"regional";"delegacia";"uop"
320605;2020-11-11;"quarta-feira";"10:30:00";"SC";101;203;"SAO JOSE";"Desobediência às normas de trânsito pelo condutor";"Colisão transversal";"Com Vítimas Feridas";"Pleno dia";"Crescente";"Céu Claro";"Múltipla";"Interseção de Vias";"Sim";2;0;1;0;1;0;1;2;-27,5650044;-48,61460082;"SPRF-SC";"DEL01-SC";"UOP01-DEL01-SC"
320608;2020-11-11;"quarta-feira";"09:30:00";"MT";364;55;"ALTO GARCAS";"Falta de Atenção à Condução";"Saída de leito carroçável";"Com Vítimas Feridas";"Pleno dia";"Decrescente";"Céu Claro";"Simples";"Curva";"Não";2;0;1;0;0;1;1;2;-16,95930789;-53,5197869;"SPRF-MT";"DEL02-MT";"UOP02-DEL02-MT"
320613;2020-11-11;"quarta-feira";"11:20:00";"RJ";465;1;"SEROPEDICA";"Falta de Atenção à Condução";"Colisão transversal";"Com Vítimas Feridas";"Pleno dia";"Decrescente";"Nublado";"Simples";"Reta";"Sim";2;0;1;0;1;0;1;2;-22,719835;-43,725739;"SPRF-RJ";"DEL01-RJ";"UOP03-DEL01-RJ"
320618;2020-11-11;"quarta-feira";"12:30:00";"MT";158;717;"BARRA DO GARCAS";"Falta de Atenção à Condução";"Colisão lateral";"Sem Vítimas";"Pleno dia";"Crescente";"Céu Claro";"Simples";"Reta";"Não";2;0;0;0;2;0;0;2;-15,19938801;-52,1799268;"SPRF-MT";"DEL07-MT";"UOP01-DEL07-MT"
320619;2020-11-11;"quarta-feira";"13:05:00";"MG";40;740,5;"SANTOS DUMONT";"Velocidade Incompatível";"Colisão frontal";"Com Vítimas Feridas";"Pleno dia";"Crescente";"Chuva";"Simples";"Curva";"Não";2;0;1;0;1;0;1;2;-21,39953901;-43,56507286;"SPRF-MG";"DEL05-MG";"UOP01-DEL05-MG"
320623;2020-11-11;"quarta-feira";"10:30:00";"RS";0;0;"GRAVATAI";"Deficiência ou não Acionamento do Sistema de Iluminação/Sinalização do Veículo";"Atropelamento de Pedestre";"Com Vítimas Fatais";"Pleno dia";"Não Informado";"Sol";"Dupla";"Em Obras";"Sim";2;1;0;0;1;0;0;2;-29,95343;-51,058449;"SPRF-RS";"DEL01-RS";"UOP01-DEL01-RS"
320625;2020-11-11;"quarta-feira";"12:30:00";"MG";381;417;"CAETE";"Falta de Atenção à Condução";"Colisão lateral";"Sem Vítimas";"Pleno dia";"Crescente";"Sol";"Simples";"Curva";"Não";4;0;0;0;3;1;0;2;-19,75815121;-43,63601756;"SPRF-MG";"DEL01-MG";"UOP01-DEL01-MG"
320627;2020-11-11;"quarta-feira";"12:30:00";"MG";116;777;"LEOPOLDINA";"Falta de Atenção à Condução";"Tombamento";"Sem Vítimas";"Pleno dia";"Decrescente";"Sol";"Simples";"Ponte";"Não";1;0;0;0;1;0;0;1;-21,60159985;-42,69912624;"SPRF-MG";"DEL07-MG";"UOP01-DEL07-MG"
320628;2020-11-11;"quarta-feira";"13:30:00";"MG";381;479;"BETIM";"Desobediência às normas de trânsito pelo condutor";"Colisão lateral";"Com Vítimas Feridas";"Pleno dia";"Crescente";"Céu Claro";"Dupla";"Reta";"Sim";3;0;1;0;1;1;1;3;-19,95889605;-44,069202;"SPRF-MG";"DEL01-MG";"UOP03-DEL01-MG"
320633;2020-11-11;"quarta-feira";"12:30:00";"RO";364;242;"CACOAL";"Desobediência às normas de trânsito pelo condutor";"Colisão transversal";"Com Vítimas Feridas";"Pleno dia";"Crescente";"Céu Claro";"Simples";"Aclive";"Sim";3;0;1;0;1;1;1;3;-11,44084787;-61,48767999;"SPRF-RO";"DEL02-RO";"UOP02-DEL02-RO"
320638;2020-11-11;"quarta-feira";"14:45:00";"GO";153;504,6;"APARECIDA DE GOIANIA";"Falta de Atenção à Condução";"Colisão transversal";"Com Vítimas Feridas";"Pleno dia";"Crescente";"Céu Claro";"Múltipla";"Reta";"Sim";2;0;0;1;1;0;1;2;-16,7451;-49,2408;"SPRF-GO";"DEL01-GO";"UOP01-DEL01-GO"
320640;2020-11-11;"quarta-feira";"14:20:00";"BA";324;578,9;"CANDEIAS";"Defeito Mecânico no Veículo";"Saída de leito carroçável";"Com Vítimas Fatais";"Pleno dia";"Decrescente";"Sol";"Dupla";"Reta";"Não";3;1;1;1;0;0;2;1;-12,5942506;-38,51640271;"SPRF-BA";"DEL01-BA";"UOP01-DEL01-BA"
320648;2020-11-11;"quarta-feira";"15:10:00";"RJ";116;176;"NOVA IGUACU";"Não guardar distância de segurança";"Colisão traseira";"Sem Vítimas";"Pleno dia";"Decrescente";"Nublado";"Dupla";"Reta";"Sim";3;0;0;0;3;0;0;3;-22,7839538;-43,38195488;"SPRF-RJ";"DEL01-RJ";"UOP02-DEL01-RJ"
320651;2020-11-11;"quarta-feira";"14:50:00";"ES";101;261,1;"SERRA";"Falta de Atenção à Condução";"Colisão frontal";"Com Vítimas Fatais";"Pleno dia";"Crescente";"Céu Claro";"Simples";"Declive;Reta";"Não";4;1;0;1;1;2;1;5;-20,14854215;-40,27970926;"SPRF-ES";"DEL02-ES";"UOP01-DEL02-ES"
320655;2020-11-11;"quarta-feira";"14:45:00";"MG";146;514,5;"POCOS DE CALDAS";"Velocidade Incompatível";"Colisão lateral";"Com Vítimas Feridas";"Pleno dia";"Decrescente";"Garoa/Chuvisco";"Simples";"Curva";"Não";2;0;1;0;1;0;1;2;-21,79903297;-46,44564629;"SPRF-MG";"DEL09-MG";"UOP01-DEL09-MG"
320656;2020-11-11;"quarta-feira";"13:00:00";"SC";280;100,1;"SAO BENTO DO SUL";"Velocidade Incompatível";"Colisão frontal";"Com Vítimas Feridas";"Pleno dia";"Crescente";"Chuva";"Simples";"Curva";"Não";3;0;2;0;1;0;2;2;-26,36487989;-49,33608055;"SPRF-SC";"DEL06-SC";"UOP03-DEL06-SC"
320662;2020-11-11;"quarta-feira";"15:30:00";"PR";376;594;"CURITIBA";"Falta de Atenção à Condução";"Colisão traseira";"Com Vítimas Feridas";"Pleno dia";"Crescente";"Chuva";"Dupla";"Reta";"Sim";4;0;2;0;1;2;2;5;-25,48479613;-49,34730331;"SPRF-PR";"DEL01-PR";"UOP01-DEL01-PR"
320667;2020-11-11;"quarta-feira";"16:20:00";"PR";116;96;"SAO JOSE DOS PINHAIS";"Pista Escorregadia";"Colisão traseira";"Com Vítimas Feridas";"Pleno dia";"Decrescente";"Chuva";"Dupla";"Reta";"Não";3;0;1;0;1;1;1;3;-25,504848;-49,123226;"SPRF-PR";"DEL01-PR";"UOP01-DEL01-PR"
320670;2020-11-07;"sábado";"07:55:00";"PE";408;105;"JABOATAO DOS GUARARAPES";"Falta de Atenção à Condução";"Colisão lateral";"Com Vítimas Feridas";"Pleno dia";"Crescente";"Céu Claro";"Dupla";"Curva";"Sim";2;0;1;0;1;0;1;2;-8,081703;-34,99178;"SPRF-PE";"DEL01-PE";"UOP01-DEL01-PE"
320672;2020-11-11;"quarta-feira";"16:40:00";"SP";116;200;"ARUJA";"Pista Escorregadia";"Colisão traseira";"Com Vítimas Feridas";"Pleno dia";"Decrescente";"Chuva";"Dupla";"Reta";"Sim";7;0;4;0;2;3;4;6;-23,40281294;-46,3211;"SPRF-SP";"DEL01-SP";"UOP01-DEL01-SP"
320675;2020-11-11;"quarta-feira";"09:00:00";"SC";282;275,3;"SAO JOSE DO CERRITO";"Velocidade Incompatível";"Colisão frontal";"Com Vítimas Fatais";"Pleno dia";"Decrescente";"Chuva";"Simples";"Curva;Declive";"Não";6;1;0;2;1;2;2;4;-27,606421;-50,720207;"SPRF-SC";"DEL05-SC";"UOP02-DEL05-SC"
320676;2020-11-11;"quarta-feira";"16:30:00";"MS";262;134;"AGUA CLARA";"Não guardar distância de segurança";"Colisão traseira";"Com Vítimas Feridas";"Pleno dia";"Crescente";"Céu Claro";"Simples";"Reta";"Não";3;0;0;1;1;1;1;3;-20,4817087948;-52,8052729927;"SPRF-MS";"DEL07-MS";"UOP02-DEL07-MS"
320677;2020-11-11;"quarta-feira";"15:30:00";"RO";364;14,8;"VILHENA";"Desobediência às normas de trânsito pelo condutor";"Colisão transversal";"Com Vítimas Feridas";"Pleno dia";"Crescente";"Céu Claro";"Dupla";"Interseção de Vias";"Sim";2;0;0;1;1;0;1;2;-12,7389144;-60,13919234;"SPRF-RO";"DEL04-RO";"UOP01-DEL04-RO"
320678;2020-11-11;"quarta-feira";"17:10:00";"RN";110;48,4;"MOSSORO";"Falta de Atenção à Condução";"Colisão com objeto estático";"Sem Vítimas";"Anoitecer";"Crescente";"Nublado";"Dupla";"Retorno Regulamentado";"Sim";2;0;0;0;0;3;0;3;-5,211707;-37,332285;"SPRF-RN";"DEL04-RN";"UOP01-DEL04-RN"
320680;2020-11-11;"quarta-feira";"17:00:00";"MG";459;103,3;"POUSO ALEGRE";"Não guardar distância de segurança";"Colisão lateral";"Com Vítimas Feridas";"Pleno dia";"Crescente";"Nublado";"Dupla";"Curva;Aclive";"Não";2;0;0;1;0;1;1;2;-22,23320056;-45,8995611;"SPRF-MG";"DEL16-MG";"UOP01-DEL16-MG"
320682;2020-11-11;"quarta-feira";"16:45:00";"RS";386;254,5;"SOLEDADE";"Ultrapassagem Indevida";"Colisão traseira";"Com Vítimas Feridas";"Pleno dia";"Crescente";"Sol";"Simples";"Reta";"Não";6;0;4;0;2;0;4;3;-28,852131;-52,446842;"SPRF-RS";"DEL04-RS";"UOP03-DEL04-RS"
320685;2020-11-11;"quarta-feira";"17:58:00";"SE";235;52,2;"ITABAIANA";"Desobediência às normas de trânsito pelo condutor";"Colisão transversal";"Com Vítimas Feridas";"Plena Noite";"Crescente";"Céu Claro";"Simples";"Reta";"Sim";2;0;0;1;0;1;1;2;-10,693279;-37,437557;"SPRF-SE";"DEL01-SE";"UOP02-DEL01-SE"
320687;2020-11-11;"quarta-feira";"18:00:00";"SC";470;185;"POUSO REDONDO";"Velocidade Incompatível";"Tombamento";"Com Vítimas Feridas";"Pleno dia";"Decrescente";"Céu Claro";"Simples";"Curva";"Não";3;0;1;1;0;1;2;2;-27,254034;-50,036575;"SPRF-SC";"DEL04-SC";"UOP02-DEL04-SC"
320689;2020-11-11;"quarta-feira";"16:40:00";"MA";10;255;"IMPERATRIZ";"Falta de Atenção à Condução";"Engavetamento";"Com Vítimas Feridas";"Pleno dia";"Crescente";"Sol";"Simples";"Reta";"Não";6;0;2;1;2;5;3;10;-5,508798;-47,471718;"SPRF-MA";"DEL04-MA";"UOP01-DEL04-MA"
320691;2020-11-11;"quarta-feira";"17:45:00";"PR";476;161;"ARAUCARIA";"Velocidade Incompatível";"Colisão frontal";"Com Vítimas Feridas";"Anoitecer";"Decrescente";"Garoa/Chuvisco";"Múltipla";"Reta;Declive";"Não";4;0;1;1;1;2;2;4;-25,622871;-49,447582;"SPRF-PR";"DEL01-PR";"UOP03-DEL01-PR"
320694;2020-11-11;"quarta-feira";"17:20:00";"SC";101;341,4;"TUBARAO";"Falta de Atenção à Condução";"Colisão frontal";"Com Vítimas Feridas";"Pleno dia";"Crescente";"Céu Claro";"Simples";"Interseção de Vias";"Sim";3;0;0;1;1;1;1;3;-28,52751791;-49,05585408;"SPRF-SC";"DEL02-SC";"UOP01-DEL02-SC"
320700;2020-11-11;"quarta-feira";"18:30:00";"BA";110;319;"ALAGOINHAS";"Desobediência às normas de trânsito pelo condutor";"Saída de leito carroçável";"Com Vítimas Feridas";"Plena Noite";"Decrescente";"Céu Claro";"Simples";"Reta";"Não";6;0;5;0;0;1;5;2;-12,06024684;-38,35628177;"SPRF-BA";"DEL01-BA";"UOP04-DEL01-BA"
320706;2020-11-11;"quarta-feira";"04:40:00";"SE";101;197,1;"CRISTINAPOLIS";"Falta de Atenção à Condução";"Colisão frontal";"Com Vítimas Feridas";"Amanhecer";"Crescente";"Céu Claro";"Simples";"Curva;Declive";"Não";4;0;1;0;2;1;1;3;-11,46981308;-37,74693679;"SPRF-SE";"DEL02-SE";"UOP03-DEL02-SE"
320712;2020-11-11;"quarta-feira";"15:30:00";"PR";467;100,3;"CASCAVEL";"Velocidade Incompatível";"Saída de leito carroçável";"Sem Vítimas";"Pleno dia";"Decrescente";"Céu Claro";"Dupla";"Curva";"Não";2;0;0;0;1;2;0;3;-24,8947;-53,5355;"SPRF-PR";"DEL04-PR";"UOP01-DEL04-PR"
320714;2020-11-11;"quarta-feira";"15:55:00";"PR";277;473,9;"NOVA LARANJEIRAS";"Avarias e/ou desgaste excessivo no pneu";"Colisão frontal";"Com Vítimas Fatais";"Pleno dia";"Decrescente";"Nublado";"Simples";"Curva;Declive";"Não";2;1;0;1;0;0;1;2;-25,31228529;-52,52903626;"SPRF-PR";"DEL04-PR";"UOP02-DEL04-PR"
320718;2020-11-11;"quarta-feira";"20:15:00";"MA";316;552;"CAXIAS";"Falta de Atenção à Condução";"Colisão traseira";"Com Vítimas Feridas";"Plena Noite";"Decrescente";"Céu Claro";"Dupla";"Reta";"Sim";4;0;1;0;2;1;1;4;-4,882649;-43,345581;"SPRF-MA";"DEL03-MA";"UOP02-DEL03-MA"
320720;2020-11-11;"quarta-feira";"18:05:00";"SC";153;100;"CONCORDIA";"Não guardar distância de segurança";"Colisão traseira";"Com Vítimas Feridas";"Plena Noite";"Decrescente";"Nublado";"Simples";"Reta";"Sim";3;0;2;0;1;0;2;2;-27,242643;-51,95171;"SPRF-SC";"DEL07-SC";"UOP04-DEL07-SC"
320721;2020-11-11;"quarta-feira";"14:30:00";"MA";135;52;"BACABEIRA";"Condutor Dormindo";"Colisão frontal";"Com Vítimas Fatais";"Pleno dia";"Decrescente";"Garoa/Chuvisco";"Simples";"Reta";"Não";9;3;0;3;2;1;3;4;-2,98047004;-44,31381409;"SPRF-MA";"DEL01-MA";"UOP02-DEL01-MA"
320722;2020-11-11;"quarta-feira";"19:54:00";"GO";40;82;"CRISTALINA";"Pista Escorregadia";"Saída de leito carroçável";"Com Vítimas Feridas";"Plena Noite";"Decrescente";"Chuva";"Dupla";"Reta";"Não";2;0;1;0;0;1;1;2;-16,684527;-47,703036;"SPRF-DF";"DEL01-DF";"UOP02-DEL01-DF"
320725;2020-11-11;"quarta-feira";"20:50:00";"SP";116;69,1;"APARECIDA";"Avarias e/ou desgaste excessivo no pneu";"Colisão lateral";"Com Vítimas Feridas";"Plena Noite";"Crescente";"Chuva";"Dupla";"Reta";"Não";4;0;1;0;3;0;1;3;-22,84017188;-45,22364349;"SPRF-SP";"DEL08-SP";"UOP01-DEL08-SP"
320726;2020-11-11;"quarta-feira";"21:50:00";"SP";116;227,7;"SAO PAULO";"Falta de Atenção à Condução";"Colisão com objeto estático";"Com Vítimas Feridas";"Plena Noite";"Decrescente";"Nublado";"Múltipla";"Reta";"Sim";2;0;1;0;0;1;1;2;-23,50343484;-46,56638712;"SPRF-SP";"DEL01-SP";"UOP01-DEL01-SP"
320727;2020-11-11;"quarta-feira";"21:30:00";"CE";116;80,8;"CASCAVEL";"Não guardar distância de segurança";"Colisão traseira";"Sem Vítimas";"Plena Noite";"Crescente";"Céu Claro";"Simples";"Reta";"Não";2;0;0;0;2;0;0;2;-4,39558323;-38,42673827;"SPRF-CE";"DEL03-CE";"UOP02-DEL03-CE"
320730;2020-11-11;"quarta-feira";"14:05:00";"BA";101;703;"EUNAPOLIS";"Velocidade Incompatível";"Tombamento";"Com Vítimas Fatais";"Pleno dia";"Decrescente";"Céu Claro";"Simples";"Curva";"Não";2;1;0;0;1;0;0;2;-16,43471297;-39,57716291;"SPRF-BA";"DEL09-BA";"UOP01-DEL09-BA"
320737;2020-11-11;"quarta-feira";"22:00:00";"PR";376;303;"MAUA DA SERRA";"Velocidade Incompatível";"Colisão com objeto estático";"Com Vítimas Feridas";"Plena Noite";"Crescente";"Céu Claro";"Dupla";"Curva";"Não";1;0;0;1;0;0;1;1;-23,94940698;-51,11940888;"SPRF-PR";"DEL07-PR";"UOP03-DEL07-PR"
320738;2020-11-11;"quarta-feira";"19:25:00";"PR";277;584,5;"CASCAVEL";"Não guardar distância de segurança";"Colisão lateral";"Com Vítimas Feridas";"Plena Noite";"Decrescente";"Nublado";"Dupla";"Interseção de Vias";"Sim";5;0;1;0;3;2;1;4;-24,96684176;-53,40258186;"SPRF-PR";"DEL04-PR";"UOP01-DEL04-PR"
320739;2020-11-12;"quinta-feira";"00:48:00";"TO";153;677;"GURUPI";"Condutor Dormindo";"Colisão frontal";"Com Vítimas Feridas";"Plena Noite";"Decrescente";"Céu Claro";"Simples";"Reta";"Não";2;0;0;1;1;0;1;2;-11,76744485;-49,10187819;"SPRF-TO";"DEL01-TO";"UOP02-DEL01-TO"
320740;2020-11-11;"quarta-feira";"21:40:00";"SC";158;100,7;"CUNHA PORA";"Falta de Atenção à Condução";"Colisão transversal";"Com Vítimas Feridas";"Plena Noite";"Decrescente";"Céu Claro";"Simples";"Reta";"Não";3;0;2;0;1;0;2;2;-26,82899985;-53,18089264;"SPRF-SC";"DEL07-SC";"UOP02-DEL07-SC"
320745;2020-11-12;"quinta-feira";"01:30:00";"SP";116;227;"SAO PAULO";"Falta de Atenção à Condução";"Engavetamento";"Com Vítimas Feridas";"Plena Noite";"Decrescente";"Céu Claro";"Múltipla";"Declive";"Não";5;0;1;0;3;1;1;4;-23,49659264;-46,55648754;"SPRF-SP";"DEL01-SP";"UOP01-DEL01-SP"
320754;2020-11-12;"quinta-feira";"03:40:00";"MS";163;751;"COXIM";"Falta de Atenção à Condução";"Saída de leito carroçável";"Com Vítimas Feridas";"Plena Noite";"Crescente";"Céu Claro";"Dupla";"Reta";"Não";2;0;1;0;0;1;1;2;-18,338316;-54,6655131;"SPRF-MS";"DEL06-MS";"UOP01-DEL06-MS"
320758;2020-11-12;"quinta-feira";"04:20:00";"PR";116;25;"CAMPINA GRANDE DO SUL";"Condutor Dormindo";"Colisão traseira";"Com Vítimas Feridas";"Plena Noite";"Crescente";"Nublado";"Dupla";"Reta";"Não";3;0;0;1;1;2;1;4;-25,10784511;-48,77548601;"SPRF-PR";"DEL01-PR";"UOP02-DEL01-PR"
320760;2020-11-11;"quarta-feira";"18:30:00";"BA";110;321;"ALAGOINHAS";"Desobediência às normas de trânsito pelo condutor";"Saída de leito carroçável";"Com Vítimas Feridas";"Plena Noite";"Crescente";"Céu Claro";"Simples";"Reta";"Não";3;0;1;0;2;0;1;3;-12,07521394;-38,34597792;"SPRF-BA";"DEL01-BA";"UOP04-DEL01-BA"
320762;2020-11-11;"quarta-feira";"19:00:00";"PR";476;133;"CURITIBA";"Falta de Atenção à Condução";"Colisão com objeto estático";"Sem Vítimas";"Plena Noite";"Crescente";"Nublado";"Dupla";"Reta";"Sim";2;0;0;0;1;1;0;2;-25,469219;-49,254143;"SPRF-PR";"DEL01-PR";"UOP03-DEL01-PR"
320764;2020-11-12;"quinta-feira";"06:00:00";"SP";116;441,7;"REGISTRO";"Falta de Atenção à Condução";"Atropelamento de Pedestre";"Com Vítimas Feridas";"Amanhecer";"Decrescente";"Ignorado";"Dupla";"Reta";"Sim";3;0;0;1;1;1;1;3;-24,4688528;-47,82223728;"SPRF-SP";"DEL05-SP";"UOP01-DEL05-SP"
320767;2020-11-12;"quinta-feira";"06:20:00";"RJ";116;102;"GUAPIMIRIM";"Falta de Atenção à Condução";"Colisão lateral";"Com Vítimas Feridas";"Pleno dia";"Decrescente";"Nublado";"Simples";"Curva";"Não";5;0;4;0;1;0;4;2;-22,50841847;-42,99821493;"SPRF-RJ";"DEL04-RJ";"UOP02-DEL04-RJ"
320768;2020-11-12;"quinta-feira";"05:21:00";"BA";101;947;"MUCURI";"Velocidade Incompatível";"Tombamento";"Com Vítimas Feridas";"Pleno dia";"Crescente";"Céu Claro";"Simples";"Curva";"Não";1;0;1;0;0;0;1;1;-18,16840196;-39,91873914;"SPRF-BA";"DEL09-BA";"UOP02-DEL09-BA"
320778;2020-11-12;"quinta-feira";"06:30:00";"CE";222;205;"FORQUILHA";"Ultrapassagem Indevida";"Derramamento de carga";"Sem Vítimas";"Amanhecer";"Decrescente";"Nublado";"Simples";"Curva";"Não";2;0;0;0;1;1;0;2;-3,781798;-40,230502;"SPRF-CE";"DEL04-CE";"UOP01-DEL04-CE"
320779;2020-11-12;"quinta-feira";"06:30:00";"PI";230;164,7;"SAO JOAO DA VARJOTA";"Falta de Atenção à Condução";"Colisão frontal";"Com Vítimas Fatais";"Pleno dia";"Crescente";"Céu Claro";"Simples";"Reta";"Não";3;1;0;0;1;2;0;4;-6,92860142;-41,85057696;"SPRF-PI";"DEL04-PI";"UOP01-DEL04-PI"
320788;2020-11-12;"quinta-feira";"07:30:00";"TO";153;678,1;"GURUPI";"Ultrapassagem Indevida";"Colisão traseira";"Sem Vítimas";"Pleno dia";"Decrescente";"Sol";"Simples";"Reta";"Não";2;0;0;0;2;0;0;2;-11,77460203;-49,10744996;"SPRF-TO";"DEL01-TO";"UOP02-DEL01-TO"
320789;2020-11-12;"quinta-feira";"08:40:00";"PI";343;341;"TERESINA";"Desobediência às normas de trânsito pelo condutor";"Colisão transversal";"Sem Vítimas";"Pleno dia";"Crescente";"Céu Claro";"Dupla";"Interseção de Vias;Reta";"Sim";2;0;0;0;2;0;0;2;-5,077985;-42,748647;"SPRF-PI";"DEL01-PI";"UOP01-DEL01-PI"
320797;2020-11-12;"quinta-feira";"09:20:00";"SP";381;60,4;"MAIRIPORA";"Velocidade Incompatível";"Tombamento";"Com Vítimas Feridas";"Pleno dia";"Crescente";"Céu Claro";"Dupla";"Curva;Declive";"Não";2;0;1;0;0;1;1;2;-23,28957673;-46,58729853;"SPRF-SP";"DEL03-SP";"UOP01-DEL03-SP"
320811;2020-11-12;"quinta-feira";"07:30:00";"MA";10;135;"ESTREITO";"Falta de Atenção à Condução";"Saída de leito carroçável";"Com Vítimas Fatais";"Pleno dia";"Decrescente";"Céu Claro";"Simples";"Reta";"Não";2;1;0;0;0;1;0;2;-6,531162;-47,401581;"SPRF-MA";"DEL04-MA";"UOP02-DEL04-MA"
320813;2020-11-12;"quinta-feira";"08:00:00";"RS";386;12,4;"IRAI";"Falta de Atenção à Condução";"Colisão frontal";"Sem Vítimas";"Pleno dia";"Crescente";"Céu Claro";"Simples";"Curva";"Não";2;0;0;0;2;0;0;2;-27,22357042;-53,32527637;"SPRF-RS";"DEL08-RS";"UOP02-DEL08-RS"
320815;2020-11-12;"quinta-feira";"08:40:00";"SC";101;164;"TIJUCAS";"Falta de Atenção à Condução";"Colisão traseira";"Com Vítimas Feridas";"Pleno dia";"Crescente";"Nublado";"Múltipla";"Viaduto";"Sim";2;0;2;0;0;0;2;2;-27,243868;-48,6309;"SPRF-SC";"DEL04-SC";"UOP03-DEL04-SC"
320817;2020-11-12;"quinta-feira";"10:20:00";"MS";163;31;"MUNDO NOVO";"Ultrapassagem Indevida";"Saída de leito carroçável";"Sem Vítimas";"Pleno dia";"Decrescente";"Céu Claro";"Simples";"Reta";"Não";1;0;0;0;1;0;0;1;-23,8443411;-54,3362033;"SPRF-MS";"DEL09-MS";"UOP02-DEL09-MS"
320818;2020-11-12;"quinta-feira";"10:50:00";"MG";40;305;"TRES MARIAS";"Condutor Dormindo";"Tombamento";"Com Vítimas Feridas";"Pleno dia";"Crescente";"Céu Claro";"Simples";"Curva";"Não";2;0;1;0;0;2;1;3;-18,3940688;-45,10000664;"SPRF-MG";"DEL14-MG";"UOP02-DEL14-MG"
320820;2020-11-12;"quinta-feira";"11:00:00";"MG";381;552,8;"ITAGUARA";"Falta de Atenção à Condução";"Saída de leito carroçável";"Com Vítimas Feridas";"Pleno dia";"Decrescente";"Nublado";"Dupla";"Reta";"Não";2;0;1;0;0;1;1;2;-20,33850122;-44,44215828;"SPRF-MG";"DEL04-MG";"UOP03-DEL04-MG"
320823;2020-11-12;"quinta-feira";"11:20:00";"RJ";116;176;"NOVA IGUACU";"Falta de Atenção à Condução";"Colisão lateral";"Sem Vítimas";"Pleno dia";"Crescente";"Nublado";"Dupla";"Reta";"Sim";3;0;0;0;3;0;0;2;-22,7839538;-43,38195488;"SPRF-RJ";"DEL01-RJ";"UOP02-DEL01-RJ"
320824;2020-11-12;"quinta-feira";"11:30:00";"MG";381;321;"NOVA ERA";"Velocidade Incompatível";"Colisão frontal";"Com Vítimas Feridas";"Pleno dia";"Decrescente";"Chuva";"Simples";"Curva";"Não";2;0;1;0;0;1;1;2;-19,69983953;-42,99503803;"SPRF-MG";"DEL03-MG";"UOP02-DEL03-MG"
320825;2020-11-12;"quinta-feira";"12:00:00";"RS";293;127;"PINHEIRO MACHADO";"Falta de Atenção à Condução";"Colisão traseira";"Com Vítimas Feridas";"Pleno dia";"Decrescente";"Nublado";"Simples";"Reta";"Não";3;0;1;0;2;0;1;3;-31,50693317;-53,56191317;"SPRF-RS";"DEL11-RS";"UOP03-DEL11-RS"
320827;2020-11-12;"quinta-feira";"11:25:00";"SE";101;96;"SAO CRISTOVAO";"Desobediência às normas de trânsito pelo condutor";"Colisão lateral";"Com Vítimas Feridas";"Pleno dia";"Decrescente";"Céu Claro";"Dupla";"Retorno Regulamentado";"Não";4;0;1;0;3;0;1;2;-10,91774224;-37,16729183;"SPRF-SE";"DEL02-SE";"UOP01-DEL02-SE"
320828;2020-11-12;"quinta-feira";"10:20:00";"CE";222;34;"CAUCAIA";"Falta de Atenção à Condução";"Colisão traseira";"Com Vítimas Feridas";"Pleno dia";"Decrescente";"Céu Claro";"Simples";"Reta;Em Obras";"Não";2;0;1;0;1;0;1;2;-3,70296419;-38,85572805;"SPRF-CE";"DEL01-CE";"UOP01-DEL01-CE"
320831;2020-11-12;"quinta-feira";"11:00:00";"BA";324;610;"SIMOES FILHO";"Não guardar distância de segurança";"Colisão lateral";"Com Vítimas Feridas";"Pleno dia";"Decrescente";"Sol";"Dupla";"Reta";"Não";3;0;1;0;0;2;1;3;-12,8419999;-38,41516044;"SPRF-BA";"DEL01-BA";"UOP01-DEL01-BA"
320835;2020-11-12;"quinta-feira";"06:30:00";"MG";262;553,1;"LUZ";"Velocidade Incompatível";"Tombamento";"Com Vítimas Feridas";"Pleno dia";"Decrescente";"Céu Claro";"Simples";"Curva";"Não";3;0;2;0;0;1;2;3;-19,7181954146;-45,8993860137;"SPRF-MG";"DEL08-MG";"UOP02-DEL08-MG"
320837;2020-11-12;"quinta-feira";"13:00:00";"MG";381;872,9;"ESTIVA";"Velocidade Incompatível";"Colisão com objeto estático";"Com Vítimas Feridas";"Pleno dia";"Crescente";"Chuva";"Dupla";"Declive;Reta";"Sim";7;0;5;1;1;0;6;3;-22,44483063;-45,99289738;"SPRF-MG";"DEL16-MG";"UOP01-DEL16-MG"
320840;2020-11-12;"quinta-feira";"13:30:00";"ES";101;208;"JOAO NEIVA";"Desobediência às normas de trânsito pelo condutor";"Colisão lateral";"Com Vítimas Fatais";"Pleno dia";"Crescente";"Céu Claro";"Simples";"Reta";"Não";7;3;0;0;3;2;0;6;-19,780796;-40,37160598;"SPRF-ES";"DEL02-ES";"UOP01-DEL02-ES"
320842;2020-11-12;"quinta-feira";"14:05:00";"SP";381;77,3;"SAO PAULO";"Defeito Mecânico no Veículo";"Incêndio";"Sem Vítimas";"Pleno dia";"Decrescente";"Nublado";"Dupla";"Reta;Aclive";"Não";1;0;0;0;1;0;0;1;-23,388839;-46,5693478;"SPRF-SP";"DEL03-SP";"UOP01-DEL03-SP"