"id";"data_inversa";"dia_semana";"horario";"uf";"br";"km";"municipio";"causa_acidente";"tipo_acidente";"classificacao_acidente";"fase_dia";"sentido_via";"condicao_metereologica";"tipo_pista";"tracado_via";"uso_solo";"pessoas";"mortos";"feridos_leves";"feridos_graves";"ilesos";"ignorados";"feridos";"veiculos";"latitude";"longitude";"regional";"delegacia";"uop"
320843;2020-11-12;"quinta-feira";"09:45:00";"RJ";40;111,8;"DUQUE DE CAXIAS";"Ultrapassagem Indevida";"Colisão lateral";"Com Vítimas Feridas";"Pleno dia";"Crescente";"Céu Claro";"Múltipla";"Reta";"Sim";6;0;2;0;3;2;2;5;-22,691868;-43,287453;"SPRF-RJ";"DEL01-RJ";"UOP01-DEL01-RJ"
320846;2020-11-12;"quinta-feira";"12:20:00";"MG";116;557,2;"MANHUACU";"Pista Escorregadia";"Colisão frontal";"Com Vítimas Feridas";"Pleno dia";"Decrescente";"Chuva";"Simples";"Curva";"Não";2;0;1;0;1;0;1;2;-20,01148644;-42,16007099;"SPRF-MG";"DEL06-MG";"UOP03-DEL06-MG"
320849;2020-11-12;"quinta-feira";"06:45:00";"MA";10;69;"CAROLINA";"Não guardar distância de segurança";"Colisão traseira";"Sem Vítimas";"Pleno dia";"Crescente";"Céu Claro";"Simples";"Reta";"Não";4;0;0;0;2;5;0;7;-7,045704;-47,439793;"SPRF-MA";"DEL04-MA";"UOP02-DEL04-MA"
320852;2020-09-09;"quarta-feira";"14:20:00";"MG";40;519;"CONTAGEM";"Defeito Mecânico no Veículo";"Incêndio";"Sem Vítimas";"Pleno dia";"Decrescente";"Céu Claro";"Dupla";"Reta";"Não";2;0;0;0;2;0;0;1;-19,83957589;-44,07684485;"SPRF-MG";"DEL01-MG";"UOP02-DEL01-MG"
320853;2020-10-20;"terça-feira";"08:30:00";"TO";153;103;"WANDERLANDIA";"Desobediência às normas de trânsito pelo condutor";"Colisão frontal";"Com Vítimas Fatais";"Pleno dia";"Decrescente";"Chuva";"Simples";"Reta";"Não";3;1;1;0;0;5;1;7;-6,9097128;-48,04257411;"SPRF-TO";"DEL02-TO";"UOP01-DEL02-TO"
320858;2020-11-12;"quinta-feira";"16:15:00";"SC";101;211;"PALHOCA";"Carga excessiva e/ou mal acondicionada";"Derramamento de carga";"Sem Vítimas";"Pleno dia";"Crescente";"Nublado";"Múltipla";"Reta";"Sim";1;0;0;0;1;0;0;1;-27,62329313;-48,65245588;"SPRF-SC";"DEL01-SC";"UOP02-DEL01-SC"
320860;2020-11-12;"quinta-feira";"15:30:00";"MG";40;514;"RIBEIRAO DAS NEVES";"Velocidade Incompatível";"Colisão com objeto estático";"Sem Vítimas";"Pleno dia";"Crescente";"Chuva";"Dupla";"Curva";"Não";2;0;0;0;1;1;0;2;-19,80151928;-44,10000333;"SPRF-MG";"DEL01-MG";"UOP02-DEL01-MG"
320861;2020-11-12;"quinta-feira";"16:35:00";"RJ";101;323;"NITEROI";"Falta de Atenção à Condução";"Colisão lateral";"Com Vítimas Feridas";"Pleno dia";"Decrescente";"Nublado";"Dupla";"Reta";"Não";2;0;0;1;1;0;1;2;-22,87684786;-43,11728689;"SPRF-RJ";"DEL02-RJ";"UOP02-DEL02-RJ"
320862;2020-11-12;"quinta-feira";"16:50:00";"MG";381;842,2;"POUSO ALEGRE";"Falta de Atenção à Condução";"Saída de leito carroçável";"Com Vítimas Feridas";"Pleno dia";"Decrescente";"Céu Claro";"Dupla";"Reta";"Não";1;0;1;0;0;0;1;1;-22,21565425;-45,86960261;"SPRF-MG";"DEL16-MG";"UOP01-DEL16-MG"
320863;2020-11-12;"quinta-feira";"17:15:00";"GO";153;563,5;"PROFESSOR JAMIL";"Defeito Mecânico no Veículo";"Saída de leito carroçável";"Com Vítimas Feridas";"Pleno dia";"Decrescente";"Céu Claro";"Dupla";"Reta";"Não";4;0;2;1;0;1;3;2;-17,2383;-49,239;"SPRF-GO";"DEL03-GO";"UOP01-DEL03-GO"
320865;2020-11-12;"quinta-feira";"09:40:00";"BA";410;27;"TUCANO";"Desobediência às normas de trânsito pelo condutor";"Saída de leito carroçável";"Com Vítimas Feridas";"Pleno dia";"Crescente";"Céu Claro";"Simples";"Declive;Curva";"Não";3;0;0;1;1;2;1;4;-10,950038;-38,729691;"SPRF-BA";"DEL07-BA";"UOP02-DEL07-BA"
320866;2020-11-12;"quinta-feira";"17:20:00";"PE";423;25;"SAO CAITANO";"Ultrapassagem Indevida";"Colisão lateral";"Com Vítimas Feridas";"Anoitecer";"Crescente";"Céu Claro";"Simples";"Reta";"Não";6;0;4;0;1;1;4;2;-8,379416;-36,172916;"SPRF-PE";"DEL02-PE";"UOP03-DEL02-PE"
320867;2020-11-12;"quinta-feira";"17:30:00";"PR";376;462,9;"PONTA GROSSA";"Objeto estático sobre o leito carroçável";"Colisão lateral";"Com Vítimas Feridas";"Pleno dia";"Decrescente";"Nublado";"Dupla";"Aclive;Reta";"Não";4;0;2;0;1;1;2;3;-24,9728335;-50,381253;"SPRF-PR";"DEL03-PR";"UOP04-DEL03-PR"
320871;2020-11-12;"quinta-feira";"16:30:00";"SC";101;388,2;"ICARA";"Não guardar distância de segurança";"Colisão traseira";"Com Vítimas Feridas";"Pleno dia";"Decrescente";"Garoa/Chuvisco";"Dupla";"Reta";"Não";4;0;1;0;2;2;1;5;-28,78529329;-49,33739925;"SPRF-SC";"DEL02-SC";"UOP02-DEL02-SC"
320872;2020-11-12;"quinta-feira";"13:10:00";"RN";304;244;"RIACHUELO";"Defeito Mecânico no Veículo";"Capotamento";"Com Vítimas Feridas";"Pleno dia";"Crescente";"Céu Claro";"Simples";"Curva";"Não";3;0;3;0;0;0;3;1;-5,82218848;-35,80699614;"SPRF-RN";"DEL01-RN";"UOP02-DEL01-RN"
320876;2020-11-12;"quinta-feira";"15:10:00";"BA";116;847;"VITORIA DA CONQUISTA";"Falta de Atenção à Condução";"Colisão lateral";"Com Vítimas Feridas";"Pleno dia";"Decrescente";"Céu Claro";"Simples";"Curva";"Não";4;0;1;0;2;1;1;3;-15,036686;-40,967281;"SPRF-BA";"DEL08-BA";"UOP01-DEL08-BA"
320879;2020-11-12;"quinta-feira";"11:50:00";"SC";153;57,8;"VARGEM BONITA";"Falta de Atenção à Condução";"Tombamento";"Com Vítimas Feridas";"Pleno dia";"Decrescente";"Céu Claro";"Simples";"Curva";"Não";2;0;1;0;0;1;1;2;-26,956831;-51,836189;"SPRF-SC";"DEL07-SC";"UOP05-DEL07-SC"
320890;2020-11-12;"quinta-feira";"17:50:00";"RJ";101;466;"ANGRA DOS REIS";"Pista Escorregadia";"Colisão transversal";"Com Vítimas Feridas";"Anoitecer";"Crescente";"Garoa/Chuvisco";"Simples";"Declive;Curva";"Não";2;0;1;0;1;0;1;2;-23,01090507;-44,20795621;"SPRF-RJ";"DEL03-RJ";"UOP03-DEL03-RJ"
320902;2020-11-12;"quinta-feira";"11:20:00";"MA";135;129,6;"MIRANDA DO NORTE";"Falta de Atenção à Condução";"Colisão traseira";"Sem Vítimas";"Pleno dia";"Crescente";"Céu Claro";"Simples";"Ponte";"Não";4;0;0;0;1;3;0;4;-3,5845001;-44,57512818;"SPRF-MA";"DEL01-MA";"UOP02-DEL01-MA"
320910;2020-11-12;"quinta-feira";"15:45:00";"MG";262;587;"CAMPOS ALTOS";"Pista Escorregadia";"Colisão frontal";"Com Vítimas Feridas";"Pleno dia";"Crescente";"Chuva";"Simples";"Curva";"Não";4;0;2;0;1;1;2;3;-19,66218198;-46,10927701;"SPRF-MG";"DEL08-MG";"UOP02-DEL08-MG"
320914;2020-11-12;"quinta-feira";"20:30:00";"PR";153;192;"TIBAGI";"Ultrapassagem Indevida";"Colisão lateral";"Com Vítimas Feridas";"Plena Noite";"Decrescente";"Chuva";"Dupla";"Curva";"Não";3;0;1;0;1;1;1;2;-24,42289139;-50,39316295;"SPRF-PR";"DEL03-PR";"UOP02-DEL03-PR"
320918;2020-11-12;"quinta-feira";"22:10:00";"SP";116;514;"CAJATI";"Velocidade Incompatível";"Colisão traseira";"Com Vítimas Feridas";"Plena Noite";"Crescente";"Céu Claro";"Múltipla";"Aclive";"Não";3;0;1;0;1;2;1;4;-24,85874304;-48,21731282;"SPRF-SP";"DEL05-SP";"UOP02-DEL05-SP"
320920;2020-11-12;"quinta-feira";"19:25:00";"AL";104;24,2;"UNIAO DOS PALMARES";"Falta de Atenção à Condução";"Colisão traseira";"Com Vítimas Fatais";"Plena Noite";"Decrescente";"Céu Claro";"Simples";"Reta";"Não";2;1;0;0;1;0;0;2;-9,08162599;-36,04987705;"SPRF-AL";"DEL01-AL";"UOP02-DEL01-AL"
320931;2020-11-12;"quinta-feira";"19:30:00";"GO";251;33,9;"CRISTALINA";"Sinalização da via insuficiente ou inadequada";"Saída de leito carroçável";"Com Vítimas Feridas";"Plena Noite";"Crescente";"Chuva";"Simples";"Reta";"Não";2;0;1;0;0;1;1;2;-16,05818539;-47,53431704;"SPRF-DF";"DEL01-DF";"UOP01-DEL01-DF"
320932;2020-11-12;"quinta-feira";"23:10:00";"PR";376;315,2;"ORTIGUEIRA";"Velocidade Incompatível";"Tombamento";"Com Vítimas Feridas";"Plena Noite";"Crescente";"Nublado";"Simples";"Curva;Em Obras";"Não";2;0;0;1;0;1;1;2;-23,99791868;-51,0851457;"SPRF-PR";"DEL07-PR";"UOP03-DEL07-PR"
320934;2020-11-12;"quinta-feira";"15:15:00";"MA";226;228,9;"TUNTUM";"Velocidade Incompatível";"Colisão frontal";"Com Vítimas Feridas";"Pleno dia";"Crescente";"Céu Claro";"Simples";"Aclive";"Não";3;0;1;0;1;2;1;4;-5,34351659;-44,69180997;"SPRF-MA";"DEL03-MA";"UOP01-DEL03-MA"
320936;2020-11-13;"sexta-feira";"00:01:00";"SC";470;180;"POUSO REDONDO";"Falta de Atenção à Condução";"Colisão frontal";"Sem Vítimas";"Plena Noite";"Crescente";"Céu Claro";"Simples";"Reta";"Não";2;0;0;0;2;0;0;2;-27,25028983;-49,99023914;"SPRF-SC";"DEL04-SC";"UOP02-DEL04-SC"
320940;2020-11-13;"sexta-feira";"00:30:00";"MA";135;265;"CAPINZAL DO NORTE";"Ingestão de Álcool";"Colisão lateral";"Com Vítimas Feridas";"Plena Noite";"Decrescente";"Céu Claro";"Simples";"Reta";"Não";2;0;1;0;0;1;1;2;-4,701817;-44,33019707;"SPRF-MA";"DEL03-MA";"UOP01-DEL03-MA"
320942;2020-11-13;"sexta-feira";"01:05:00";"PR";277;196;"PALMEIRA";"Falta de Atenção à Condução";"Colisão frontal";"Com Vítimas Fatais";"Plena Noite";"Crescente";"Céu Claro";"Simples";"Aclive";"Não";3;1;0;1;1;0;1;2;-25,465175;-50,2427;"SPRF-PR";"DEL03-PR";"UOP03-DEL03-PR"
320946;2020-11-13;"sexta-feira";"00:20:00";"PE";101;3,6;"GOIANA";"Condutor Dormindo";"Colisão traseira";"Sem Vítimas";"Plena Noite";"Decrescente";"Céu Claro";"Dupla";"Reta;Aclive";"Não";3;0;0;0;2;1;0;3;-7,52387351;-34,99333161;"SPRF-PE";"DEL01-PE";"UOP02-DEL01-PE"
320947;2020-11-13;"sexta-feira";"02:20:00";"MA";316;422;"PERITORO";"Falta de Atenção do Pedestre";"Atropelamento de Pedestre";"Com Vítimas Feridas";"Plena Noite";"Decrescente";"Céu Claro";"Simples";"Reta";"Não";2;0;0;1;1;0;1;2;-4,361037;-44,356178;"SPRF-MA";"DEL03-MA";"UOP01-DEL03-MA"
320949;2020-11-13;"sexta-feira";"02:30:00";"PR";153;24;"JACAREZINHO";"Falta de Atenção à Condução";"Colisão transversal";"Com Vítimas Feridas";"Plena Noite";"Crescente";"Céu Claro";"Simples";"Interseção de Vias";"Não";3;0;0;1;1;1;1;3;-23,18366424;-49,98244728;"SPRF-PR";"DEL07-PR";"UOP04-DEL07-PR"
320951;2020-11-13;"sexta-feira";"03:40:00";"MG";50;177,1;"UBERABA";"Pista Escorregadia";"Colisão lateral";"Com Vítimas Feridas";"Amanhecer";"Decrescente";"Chuva";"Dupla";"Reta";"Sim";2;0;1;0;0;1;1;2;-19,779198;-47,950537;"SPRF-MG";"DEL13-MG";"UOP01-DEL13-MG"
320954;2020-11-13;"sexta-feira";"03:45:00";"MG";381;512,2;"IGARAPE";"Falta de Atenção à Condução";"Atropelamento de Pedestre";"Com Vítimas Feridas";"Plena Noite";"Decrescente";"Nublado";"Múltipla";"Reta";"Sim";1;0;0;1;0;0;1;1;-20,09239724;-44,31458341;"SPRF-MG";"DEL01-MG";"UOP03-DEL01-MG"
320959;2020-11-13;"sexta-feira";"06:20:00";"RS";158;165;"PEJUCARA";"Ingestão de Álcool";"Colisão lateral";"Sem Vítimas";"Pleno dia";"Crescente";"Céu Claro";"Simples";"Curva";"Não";5;0;0;0;4;2;0;4;-28,39745592;-53,52681826;"SPRF-RS";"DEL10-RS";"UOP02-DEL10-RS"
320960;2020-11-13;"sexta-feira";"05:29:00";"RJ";116;251,5;"PIRAI";"Falta de Atenção à Condução";"Colisão frontal";"Com Vítimas Feridas";"Amanhecer";"Crescente";"Nublado";"Dupla";"Reta";"Não";3;0;0;1;1;2;1;4;-22,58482223;-43,95961921;"SPRF-RJ";"DEL07-RJ";"UOP01-DEL07-RJ"
320969;2020-11-13;"sexta-feira";"05:50:00";"MG";116;712,3;"MURIAE";"Velocidade Incompatível";"Tombamento";"Com Vítimas Feridas";"Pleno dia";"Decrescente";"Garoa/Chuvisco";"Simples";"Declive;Curva";"Não";2;0;1;0;0;1;1;2;-21,17959173;-42,37341665;"SPRF-MG";"DEL07-MG";"UOP02-DEL07-MG"
320972;2020-11-13;"sexta-feira";"05:30:00";"CE";116;130;"RUSSAS";"Defeito na Via";"Saída de leito carroçável";"Com Vítimas Feridas";"Amanhecer";"Crescente";"Céu Claro";"Simples";"Reta";"Não";2;0;1;0;0;1;1;2;-4,69077215;-38,11280911;"SPRF-CE";"DEL03-CE";"UOP01-DEL03-CE"
320981;2020-11-13;"sexta-feira";"03:00:00";"RO";435;88;"COLORADO DO OESTE";"Animais na Pista";"Atropelamento de Animal";"Sem Vítimas";"Plena Noite";"Decrescente";"Céu Claro";"Simples";"Reta";"Não";1;0;0;0;1;0;0;1;-13,138199;-60,545055;"SPRF-RO";"DEL04-RO";"UOP02-DEL04-RO"
320984;2020-11-05;"quinta-feira";"18:25:00";"PE";232;409;"SERRA TALHADA";"Falta de Atenção à Condução";"Colisão transversal";"Sem Vítimas";"Plena Noite";"Decrescente";"Céu Claro";"Dupla";"Reta";"Sim";3;0;0;0;3;0;0;2;-7,981944;-38,289467;"SPRF-PE";"DEL04-PE";"UOP01-DEL04-PE"
320987;2020-11-13;"sexta-feira";"07:00:00";"MG";381;484,8;"BETIM";"Falta de Atenção à Condução";"Colisão traseira";"Com Vítimas Feridas";"Pleno dia";"Decrescente";"Nublado";"Dupla";"Reta";"Sim";2;0;0;1;1;0;1;2;-19,959441;-44,089838;"SPRF-MG";"DEL01-MG";"UOP03-DEL01-MG"
320995;2020-10-26;"segunda-feira";"14:15:00";"SC";101;44,7;"JOINVILLE";"Falta de Atenção à Condução";"Colisão frontal";"Com Vítimas Feridas";"Pleno dia";"Decrescente";"Céu Claro";"Simples";"Viaduto";"Sim";2;0;1;0;1;0;1;2;-26,34880606;-48,85723114;"SPRF-SC";"DEL03-SC";"UOP01-DEL03-SC"
321004;2020-11-13;"sexta-feira";"08:30:00";"MG";381;437;"SABARA";"Desobediência às normas de trânsito pelo condutor";"Colisão frontal";"Com Vítimas Feridas";"Pleno dia";"Decrescente";"Nublado";"Simples";"Curva";"Não";8;0;5;0;3;0;5;5;-19,80933086;-43,76826997;"SPRF-MG";"DEL01-MG";"UOP01-DEL01-MG"
321005;2020-11-13;"sexta-feira";"07:45:00";"MT";163;827;"SINOP";"Falta de Atenção à Condução";"Queda de ocupante de veículo";"Com Vítimas Feridas";"Pleno dia";"Decrescente";"Céu Claro";"Dupla";"Reta";"Sim";5;0;2;0;3;0;2;2;-11,92974;-55,51316;"SPRF-MT";"DEL06-MT";"UOP01-DEL06-MT"
321010;2020-11-13;"sexta-feira";"09:10:00";"ES";101;399,5;"RIO NOVO DO SUL";"Falta de Atenção à Condução";"Colisão traseira";"Com Vítimas Feridas";"Pleno dia";"Decrescente";"Chuva";"Simples";"Reta";"Não";5;0;2;0;2;1;2;3;-20,87819123;-40,96568078;"SPRF-ES";"DEL03-ES";"UOP02-DEL03-ES"
321014;2020-11-11;"quarta-feira";"13:30:00";"BA";101;342;"TEOLANDIA";"Falta de Atenção à Condução";"Tombamento";"Sem Vítimas";"Pleno dia";"Decrescente";"Sol";"Simples";"Curva";"Não";2;0;0;0;2;0;0;2;-13,57877334;-39,47924875;"SPRF-BA";"DEL05-BA";"UOP03-DEL05-BA"
321015;2020-11-13;"sexta-feira";"09:30:00";"MG";381;478;"CONTAGEM";"Desobediência às normas de trânsito pelo condutor";"Colisão lateral";"Com Vítimas Feridas";"Pleno dia";"Crescente";"Nublado";"Dupla";"Declive";"Sim";2;0;1;0;1;0;1;2;-19,96107667;-44,03734446;"SPRF-MG";"DEL01-MG";"UOP03-DEL01-MG"
321016;2020-11-13;"sexta-feira";"06:40:00";"BA";242;470;"IBITIARA";"Condutor Dormindo";"Colisão traseira";"Com Vítimas Feridas";"Pleno dia";"Crescente";"Céu Claro";"Simples";"Reta";"Não";3;0;0;1;1;3;1;5;-12,46039687;-42,22877204;"SPRF-BA";"DEL06-BA";"UOP01-DEL06-BA"
321017;2020-10-30;"sexta-feira";"08:50:00";"GO";153;696,8;"ITUMBIARA";"Velocidade Incompatível";"Tombamento";"Com Vítimas Feridas";"Pleno dia";"Crescente";"Nublado";"Simples";"Curva";"Sim";2;0;1;0;0;1;1;2;-18,3604;-49,2161;"SPRF-GO";"DEL03-GO";"UOP02-DEL03-GO"
321025;2020-11-13;"sexta-feira";"09:30:00";"BA";20;132;"SAO DESIDERIO";"Falta de Atenção do Pedestre";"Atropelamento de Pedestre";"Com Vítimas Fatais";"Pleno dia";"Decrescente";"Céu Claro";"Simples";"Reta";"Não";3;1;0;0;1;1;0;3;-12,78685932;-45,95053196;"SPRF-BA";"DEL10-BA";"UOP01-DEL10-BA"
321027;2020-11-13;"sexta-feira";"09:25:00";"SP";116;311;"SAO LOURENCO DA SERRA";"Não guardar distância de segurança";"Colisão lateral";"Sem Vítimas";"Pleno dia";"Crescente";"Céu Claro";"Dupla";"Curva;Declive";"Não";4;0;0;0;3;2;0;4;-23,874147;-46,965862;"SPRF-SP";"DEL04-SP";"UOP01-DEL04-SP"
321028;2020-11-07;"sábado";"22:45:00";"MS";163;37;"ELDORADO";"Defeito Mecânico no Veículo";"Saída de leito carroçável";"Com Vítimas Feridas";"Plena Noite";"Decrescente";"Nublado";"Simples";"Declive;Reta";"Não";3;0;2;0;0;1;2;2;-23,802099;-54,300441;"SPRF-MS";"DEL09-MS";"UOP02-DEL09-MS"
321031;2020-11-13;"sexta-feira";"07:00:00";"MA";135;137,8;"MATOES DO NORTE";"Condutor Dormindo";"Colisão com objeto estático";"Com Vítimas Feridas";"Pleno dia";"Decrescente";"Céu Claro";"Simples";"Reta";"Não";3;0;1;0;0;2;1;1;-3,64935592;-44,54345984;"SPRF-MA";"DEL01-MA";"UOP02-DEL01-MA"
321032;2020-11-13;"sexta-feira";"07:00:00";"PR";376;461;"TIBAGI";"Velocidade Incompatível";"Tombamento";"Com Vítimas Feridas";"Pleno dia";"Crescente";"Ignorado";"Dupla";"Curva";"Não";2;0;1;0;0;1;1;2;-25,00597266;-50,35892487;"SPRF-PR";"DEL03-PR";"UOP04-DEL03-PR"
321048;2020-11-13;"sexta-feira";"12:55:00";"AP";210;4;"MACAPA";"Falta de Atenção à Condução";"Colisão traseira";"Com Vítimas Feridas";"Pleno dia";"Decrescente";"Céu Claro";"Múltipla";"Reta";"Sim";3;0;1;0;2;0;1;2;0,08824228;-51,09472897;"SPRF-AP";"DEL01-AP";"UOP01-DEL01-AP"
321050;2020-09-16;"quarta-feira";"11:00:00";"ES";101;387;"RIO NOVO DO SUL";"Falta de Atenção à Condução";"Engavetamento";"Com Vítimas Feridas";"Pleno dia";"Decrescente";"Céu Claro";"Simples";"Reta";"Não";4;0;1;0;0;3;1;4;-20,83537182;-40,86614393;"SPRF-ES";"DEL03-ES";"UOP01-DEL03-ES"
321053;2020-11-06;"sexta-feira";"10:00:00";"BA";101;939;"MUCURI";"Defeito na Via";"Colisão traseira";"Com Vítimas Feridas";"Pleno dia";"Crescente";"Chuva";"Simples";"Reta";"Não";3;0;0;1;2;0;1;2;-18,16840196;-39,91873914;"SPRF-BA";"DEL09-BA";"UOP02-DEL09-BA"
321066;2020-11-13;"sexta-feira";"09:35:00";"GO";20;219,9;"POSSE";"Velocidade Incompatível";"Tombamento";"Sem Vítimas";"Pleno dia";"Crescente";"Céu Claro";"Simples";"Declive";"Não";2;0;0;0;1;3;0;4;-14,206588;-46,333511;"SPRF-DF";"DEL02-DF";"UOP03-DEL02-DF"
321067;2020-11-13;"sexta-feira";"13:40:00";"SC";116;204,4;"PONTE ALTA";"Defeito Mecânico no Veículo";"Saída de leito carroçável";"Com Vítimas Feridas";"Pleno dia";"Decrescente";"Céu Claro";"Simples";"Curva";"Não";2;0;2;0;0;0;2;1;-27,45772582;-50,39132057;"SPRF-SC";"DEL05-SC";"UOP03-DEL05-SC"
321075;2020-11-13;"sexta-feira";"15:05:00";"GO";153;341,4;"JARAGUA";"Falta de Atenção à Condução";"Atropelamento de Pedestre";"Com Vítimas Feridas";"Pleno dia";"Crescente";"Céu Claro";"Simples";"Reta";"Não";5;0;0;3;1;1;3;3;-15,604506;-49,405258;"SPRF-GO";"DEL02-GO";"UOP02-DEL02-GO"
321076;2020-11-13;"sexta-feira";"11:10:00";"MT";163;653;"LUCAS DO RIO VERDE";"Desobediência às normas de trânsito pelo condutor";"Colisão traseira";"Com Vítimas Feridas";"Pleno dia";"Crescente";"Sol";"Simples";"Reta";"Não";10;0;4;0;5;8;4;13;-13,45759002;-56,07844203;"SPRF-MT";"DEL06-MT";"UOP01-DEL06-MT"
321080;2020-11-13;"sexta-feira";"11:10:00";"MG";365;138,9;"VARZEA DA PALMA";"Velocidade Incompatível";"Saída de leito carroçável";"Com Vítimas Fatais";"Pleno dia";"Crescente";"Nublado";"Simples";"Curva";"Não";1;1;0;0;0;0;0;1;-17,20076577;-44,81698985;"SPRF-MG";"DEL12-MG";"UOP01-DEL12-MG"
321084;2020-11-13;"sexta-feira";"13:00:00";"RS";285;146;"MUITOS CAPOES";"Velocidade Incompatível";"Tombamento";"Com Vítimas Feridas";"Pleno dia";"Decrescente";"Céu Claro";"Simples";"Declive;Curva";"Não";1;0;0;1;0;0;1;1;-28,357988;-51,106682;"SPRF-RS";"DEL05-RS";"UOP03-DEL05-RS"
321085;2020-11-13;"sexta-feira";"15:10:00";"SP";116;168,3;"JACAREI";"Pista Escorregadia";"Saída de leito carroçável";"Sem Vítimas";"Pleno dia";"Decrescente";"Chuva";"Dupla";"Reta";"Sim";2;0;0;0;2;0;0;2;-23,30545902;-46,03567599;"SPRF-SP";"DEL02-SP";"UOP01-DEL02-SP"
321089;2020-11-13;"sexta-feira";"16:09:00";"MG";40;607,8;"CONGONHAS";"Falta de Atenção à Condução";"Colisão lateral";"Com Vítimas Fatais";"Pleno dia";"Decrescente";"Sol";"Simples";"Reta";"Não";7;1;0;1;2;4;1;6;-20,485572;-43,838436;"SPRF-MG";"DEL05-MG";"UOP02-DEL05-MG"
321106;2020-11-13;"sexta-feira";"11:40:00";"MA";135;20;"SAO LUIS";"Falta de Atenção à Condução";"Colisão transversal";"Sem Vítimas";"Pleno dia";"Decrescente";"Céu Claro";"Dupla";"Declive";"Sim";5;0;0;0;4;2;0;4;-2,73143875;-44,33163334;"SPRF-MA";"DEL01-MA";"UOP01-DEL01-MA"
321108;2020-11-13;"sexta-feira";"11:00:00";"MG";116;161,8;"PADRE PARAISO";"Velocidade Incompatível";"Tombamento";"Com Vítimas Feridas";"Pleno dia";"Crescente";"Céu Claro";"Simples";"Curva";"Não";2;0;1;0;0;1;1;2;-16,94236685;-41,45959948;"SPRF-MG";"DEL11-MG";"UOP02-DEL11-MG"
321111;2020-11-13;"sexta-feira";"09:15:00";"BA";242;475;"IBITIARA";"Falta de Atenção à Condução";"Colisão lateral";"Sem Vítimas";"Pleno dia";"Crescente";"Céu Claro";"Simples";"Reta";"Não";5;0;0;0;4;1;0;3;-12,47148554;-42,27266787;"SPRF-BA";"DEL06-BA";"UOP01-DEL06-BA"
321123;2020-11-13;"sexta-feira";"17:20:00";"RN";304;305,6;"PARNAMIRIM";"Defeito Mecânico no Veículo";"Colisão com objeto estático";"Sem Vítimas";"Amanhecer";"Crescente";"Céu Claro";"Dupla";"Ponte;Reta;Declive";"Sim";1;0;0;0;1;0;0;1;-5,8876927;-35,2721949;"SPRF-RN";"DEL01-RN";"UOP02-DEL01-RN"
321134;2020-11-13;"sexta-feira";"18:00:00";"GO";153;663,7;"GOIATUBA";"Não guardar distância de segurança";"Colisão traseira";"Com Vítimas Feridas";"Plena Noite";"Crescente";"Garoa/Chuvisco";"Dupla";"Declive";"Não";2;0;2;0;0;0;2;2;-18,0812;-49,271;"SPRF-GO";"DEL03-GO";"UOP02-DEL03-GO"
321135;2020-11-13;"sexta-feira";"17:58:00";"BA";116;481;"RAFAEL JAMBEIRO";"Falta de Atenção à Condução";"Tombamento";"Sem Vítimas";"Anoitecer";"Crescente";"Céu Claro";"Dupla";"Reta";"Não";2;0;0;0;0;2;0;1;-12,51286544;-39,37630378;"SPRF-BA";"DEL02-BA";"UOP01-DEL02-BA"
321141;2020-11-13;"sexta-feira";"18:30:00";"CE";116;1;"FORTALEZA";"Falta de Atenção à Condução";"Colisão lateral";"Sem Vítimas";"Plena Noite";"Decrescente";"Céu Claro";"Múltipla";"Reta";"Sim";2;0;0;0;2;0;0;2;-3,76159894;-38,51900662;"SPRF-CE";"DEL01-CE";"UOP02-DEL01-CE"
321145;2020-11-13;"sexta-feira";"18:45:00";"SC";101;123;"ITAJAI";"Falta de Atenção à Condução";"Colisão lateral";"Com Vítimas Feridas";"Plena Noite";"Crescente";"Céu Claro";"Simples";"Interseção de Vias";"Sim";3;0;0;1;0;2;1;3;-26,93668609;-48,69876905;"SPRF-SC";"DEL04-SC";"UOP04-DEL04-SC"
321149;2020-10-09;"sexta-feira";"12:00:00";"PA";163;730;"RUROPOLIS";"Defeito Mecânico no Veículo";"Saída de leito carroçável";"Com Vítimas Feridas";"Pleno dia";"Decrescente";"Céu Claro";"Simples";"Reta";"Não";1;0;0;1;0;0;1;1;-4,16454738;-55,34230493;"SPRF-PA";"DEL05-PA";"UOP01-DEL05-PA"
321150;2020-11-13;"sexta-feira";"18:40:00";"SP";116;215;"GUARULHOS";"Falta de Atenção à Condução";"Colisão traseira";"Sem Vítimas";"Plena Noite";"Crescente";"Céu Claro";"Múltipla";"Reta";"Não";2;0;0;0;2;0;0;2;-23,44695693;-46,45394103;"SPRF-SP";"DEL01-SP";"UOP01-DEL01-SP"
321152;2020-11-13;"sexta-feira";"19:45:00";"RS";290;0,1;"OSORIO";"Falta de Atenção à Condução";"Colisão lateral";"Sem Vítimas";"Plena Noite";"Crescente";"Nublado";"Dupla";"Reta";"Sim";2;0;0;0;2;0;0;2;-29,88918;-50,27878;"SPRF-RS";"DEL03-RS";"UOP01-DEL03-RS"
321154;2020-11-13;"sexta-feira";"17:10:00";"MG";116;659;"SAO FRANCISCO DO GLORIA";"Desobediência às normas de trânsito pelo condutor";"Colisão transversal";"Com Vítimas Feridas";"Pleno dia";"Crescente";"Céu Claro";"Simples";"Interseção de Vias;Curva";"Sim";3;0;1;0;1;1;1;3;-20,77236566;-42,29982018;"SPRF-MG";"DEL07-MG";"UOP03-DEL07-MG"