"id";"data_inversa";"dia_semana";"horario";"uf";"br";"km";"municipio";"causa_acidente";"tipo_acidente";"classificacao_acidente";"fase_dia";"sentido_via";"condicao_metereologica";"tipo_pista";"tracado_via";"uso_solo";"pessoas";"mortos";"feridos_leves";"feridos_graves";"ilesos";"ignorados";"feridos";"veiculos";"latitude";"longitude";"regional";"delegacia";"uop"
321156;2020-11-13;"sexta-feira";"19:00:00";"MS";262;380,4;"TERENOS";"Falta de Atenção à Condução";"Colisão frontal";"Com Vítimas Fatais";"Plena Noite";"Crescente";"Chuva";"Simples";"Curva";"Não";2;1;0;0;1;0;0;2;-20,452046;-54,846127;"SPRF-MS";"DEL01-MS";"UOP03-DEL01-MS"
321167;2020-11-13;"sexta-feira";"20:35:00";"PE";232;532;"TERRA NOVA";"Desobediência às normas de trânsito pelo condutor";"Colisão frontal";"Com Vítimas Feridas";"Plena Noite";"Crescente";"Céu Claro";"Simples";"Reta";"Não";3;0;2;0;0;1;2;2;-8,07751073;-39,33189201;"SPRF-PE";"DEL05-PE";"UOP01-DEL05-PE"
321169;2020-11-13;"sexta-feira";"20:00:00";"RO";364;226,7;"CACOAL";"Desobediência às normas de trânsito pelo condutor";"Colisão transversal";"Com Vítimas Feridas";"Plena Noite";"Crescente";"Garoa/Chuvisco";"Simples";"Declive";"Sim";6;0;3;0;2;2;3;4;-11,49901265;-61,3718605;"SPRF-RO";"DEL02-RO";"UOP02-DEL02-RO"
321170;2020-11-13;"sexta-feira";"18:40:00";"MG";365;607;"UBERLANDIA";"Ingestão de Álcool";"Saída de leito carroçável";"Sem Vítimas";"Plena Noite";"Crescente";"Nublado";"Simples";"Reta";"Não";1;0;0;0;1;0;0;1;-18,90064299;-48,15998554;"SPRF-MG";"DEL15-MG";"UOP01-DEL15-MG"
321174;2020-11-13;"sexta-feira";"19:20:00";"MT";364;276;"JACIARA";"Falta de Atenção à Condução";"Saída de leito carroçável";"Com Vítimas Feridas";"Plena Noite";"Decrescente";"Nublado";"Simples";"Curva";"Não";2;0;1;0;0;1;1;2;-15,95344474;-54,99098104;"SPRF-MT";"DEL02-MT";"UOP01-DEL02-MT"
321176;2020-11-13;"sexta-feira";"21:00:00";"RJ";393;130;"SAPUCAIA";"Pista Escorregadia";"Tombamento";"Com Vítimas Feridas";"Plena Noite";"Decrescente";"Chuva";"Simples";"Curva";"Não";1;0;1;0;0;0;1;1;-21,96535716;-42,86837098;"SPRF-RJ";"DEL05-RJ";"UOP01-DEL05-RJ"
321181;2020-11-13;"sexta-feira";"17:38:00";"MG";262;553,6;"LUZ";"Pista Escorregadia";"Colisão frontal";"Com Vítimas Feridas";"Pleno dia";"Decrescente";"Chuva";"Simples";"Declive;Curva";"Não";4;0;1;0;2;1;1;3;-19,71819541;-45,89938601;"SPRF-MG";"DEL08-MG";"UOP02-DEL08-MG"
321188;2020-09-22;"terça-feira";"18:06:00";"MG";381;380,2;"SAO GONCALO DO RIO ABAIXO";"Falta de Atenção à Condução";"Saída de leito carroçável";"Com Vítimas Feridas";"Plena Noite";"Decrescente";"Céu Claro";"Simples";"Reta";"Não";2;0;0;1;0;1;1;2;-19,8315359;-43,37649498;"SPRF-MG";"DEL01-MG";"UOP01-DEL01-MG"
321189;2020-11-13;"sexta-feira";"21:25:00";"GO";50;114,5;"CRISTALINA";"Desobediência às normas de trânsito pelo condutor";"Colisão traseira";"Com Vítimas Feridas";"Plena Noite";"Decrescente";"Chuva";"Dupla";"Reta";"Não";3;0;1;0;1;3;1;5;-16,9309;-47,7117;"SPRF-DF";"DEL01-DF";"UOP02-DEL01-DF"
321193;2020-11-13;"sexta-feira";"19:30:00";"PR";153;515;"GENERAL CARNEIRO";"Não guardar distância de segurança";"Engavetamento";"Com Vítimas Feridas";"Plena Noite";"Crescente";"Céu Claro";"Simples";"Reta";"Não";4;0;1;0;2;2;1;5;-26,58085153;-51,44828796;"SPRF-PR";"DEL02-PR";"UOP03-DEL02-PR"
321194;2020-11-13;"sexta-feira";"22:25:00";"TO";153;272;"BRASILANDIA DO TOCANTINS";"Ingestão de Álcool";"Colisão frontal";"Sem Vítimas";"Anoitecer";"Decrescente";"Céu Claro";"Simples";"Reta";"Não";4;0;0;0;3;1;0;3;-8,282475;-48,46929905;"SPRF-TO";"DEL02-TO";"UOP02-DEL02-TO"
321204;2020-11-13;"sexta-feira";"19:10:00";"MA";316;453;"PERITORO";"Não guardar distância de segurança";"Colisão traseira";"Com Vítimas Feridas";"Plena Noite";"Crescente";"Nublado";"Simples";"Reta";"Não";3;0;1;0;1;3;1;5;-4,497037;-44,117973;"SPRF-MA";"DEL03-MA";"UOP01-DEL03-MA"
321207;2020-11-13;"sexta-feira";"23:00:00";"MG";251;425;"GRAO MOGOL";"Falta de Atenção à Condução";"Saída de leito carroçável";"Com Vítimas Feridas";"Plena Noite";"Decrescente";"Céu Claro";"Simples";"Rotatória";"Não";1;0;0;1;0;0;1;1;-16,31025453;-43,10657501;"SPRF-MG";"DEL12-MG";"UOP01-DEL12-MG"
321223;2020-11-14;"sábado";"00:20:00";"MG";381;348;"JOAO MONLEVADE";"Condutor Dormindo";"Colisão frontal";"Com Vítimas Feridas";"Plena Noite";"Decrescente";"Nublado";"Simples";"Curva";"Não";3;0;1;0;1;2;1;4;-19,85243846;-43,14084419;"SPRF-MG";"DEL03-MG";"UOP01-DEL03-MG"
321226;2020-11-14;"sábado";"01:00:00";"RJ";101;153;"MACAE";"Falta de Atenção à Condução";"Colisão lateral";"Sem Vítimas";"Plena Noite";"Decrescente";"Garoa/Chuvisco";"Simples";"Reta";"Não";2;0;0;0;1;1;0;2;-22,25279369;-41,82412105;"SPRF-RJ";"DEL08-RJ";"UOP04-DEL08-RJ"
321230;2020-11-14;"sábado";"00:50:00";"MS";419;325,7;"NIOAQUE";"Ingestão de Álcool";"Colisão frontal";"Com Vítimas Feridas";"Plena Noite";"Crescente";"Céu Claro";"Simples";"Reta";"Não";2;0;2;0;0;0;2;2;-21,11062295;-55,81458949;"SPRF-MS";"DEL03-MS";"UOP01-DEL03-MS"
321235;2020-11-14;"sábado";"00:45:00";"MT";163;953;"NOVA SANTA HELENA";"Condutor Dormindo";"Saída de leito carroçável";"Com Vítimas Feridas";"Plena Noite";"Crescente";"Céu Claro";"Simples";"Curva";"Não";2;0;1;0;0;1;1;2;-10,90693188;-55,19696244;"SPRF-MT";"DEL06-MT";"NPF/DEL06-MT"
321236;2020-11-13;"sexta-feira";"22:17:00";"SC";101;165,8;"TIJUCAS";"Ingestão de Álcool";"Derramamento de carga";"Sem Vítimas";"Plena Noite";"Crescente";"Nublado";"Dupla";"Reta";"Não";2;0;0;0;1;1;0;2;-27,252663;-48,63154894;"SPRF-SC";"DEL04-SC";"UOP03-DEL04-SC"
321237;2020-11-14;"sábado";"01:15:00";"GO";60;383,9;"RIO VERDE";"Falta de Atenção do Pedestre";"Atropelamento de Pedestre";"Com Vítimas Fatais";"Plena Noite";"Decrescente";"Nublado";"Dupla";"Aclive;Reta";"Sim";2;1;0;0;0;1;0;2;-17,799363;-50,9173392;"SPRF-GO";"DEL04-GO";"UOP01-DEL04-GO"
321239;2020-11-14;"sábado";"01:15:00";"RO";364;308;"PRESIDENTE MEDICI";"Desobediência às normas de trânsito pelo condutor";"Colisão frontal";"Com Vítimas Feridas";"Plena Noite";"Crescente";"Céu Claro";"Simples";"Reta";"Sim";3;0;0;1;1;2;1;4;-11,172427;-61,901573;"SPRF-RO";"DEL02-RO";"UOP01-DEL02-RO"
321242;2020-11-14;"sábado";"02:50:00";"PB";101;83,1;"BAYEUX";"Desobediência às normas de trânsito pelo pedestre";"Atropelamento de Pedestre";"Com Vítimas Fatais";"Plena Noite";"Decrescente";"Céu Claro";"Dupla";"Reta";"Sim";2;1;0;0;0;1;0;2;-7,1337703;-34,92963914;"SPRF-PB";"DEL01-PB";"UOP01-DEL01-PB"
321245;2020-11-14;"sábado";"01:15:00";"BA";101;411,2;"IBIRAPITANGA";"Falta de Atenção à Condução";"Colisão traseira";"Com Vítimas Fatais";"Plena Noite";"Decrescente";"Céu Claro";"Simples";"Reta";"Não";2;1;0;0;0;1;0;2;-14,16304405;-39,32883379;"SPRF-BA";"DEL05-BA";"UOP03-DEL05-BA"
321246;2020-11-14;"sábado";"03:30:00";"PR";116;23;"ANTONINA";"Falta de Atenção à Condução";"Colisão traseira";"Com Vítimas Feridas";"Plena Noite";"Crescente";"Céu Claro";"Dupla";"Reta";"Não";4;0;0;1;2;1;1;4;-25,1104764;-48,75592011;"SPRF-PR";"DEL01-PR";"UOP02-DEL01-PR"
321247;2020-11-14;"sábado";"03:50:00";"RJ";116;178;"NOVA IGUACU";"Ingestão de álcool e/ou substâncias psicoativas pelo pedestre";"Colisão traseira";"Sem Vítimas";"Plena Noite";"Crescente";"Nublado";"Múltipla";"Reta";"Sim";3;0;0;0;2;1;0;3;-22,77496393;-43,40081465;"SPRF-RJ";"DEL01-RJ";"UOP02-DEL01-RJ"
321256;2020-11-14;"sábado";"04:40:00";"SC";470;62,9;"INDAIAL";"Ingestão de Álcool";"Colisão lateral";"Com Vítimas Feridas";"Amanhecer";"Crescente";"Céu Claro";"Simples";"Reta";"Sim";3;0;1;0;1;1;1;3;-26,874521;-49,182938;"SPRF-SC";"DEL04-SC";"UOP01-DEL04-SC"
321259;2020-11-14;"sábado";"01:50:00";"SP";116;486;"CAJATI";"Falta de Atenção à Condução";"Colisão traseira";"Com Vítimas Feridas";"Pleno dia";"Crescente";"Céu Claro";"Múltipla";"Reta";"Não";3;0;1;0;1;1;1;3;-24,7217453;-48,08178493;"SPRF-SP";"DEL05-SP";"UOP01-DEL05-SP"
321267;2020-11-13;"sexta-feira";"19:20:00";"BA";324;594;"CANDEIAS";"Objeto estático sobre o leito carroçável";"Tombamento";"Sem Vítimas";"Plena Noite";"Decrescente";"Nublado";"Dupla";"Reta";"Sim";2;0;0;0;1;1;0;2;-12,70742041;-38,46251062;"SPRF-BA";"DEL01-BA";"UOP01-DEL01-BA"
321273;2020-11-14;"sábado";"01:30:00";"ES";259;27,5;"COLATINA";"Velocidade Incompatível";"Tombamento";"Com Vítimas Feridas";"Plena Noite";"Crescente";"Chuva";"Simples";"Curva";"Não";2;0;0;1;0;1;1;2;-19,61117801;-40,49065728;"SPRF-ES";"DEL02-ES";"UOP01-DEL02-ES"
321277;2020-11-14;"sábado";"05:30:00";"TO";242;437;"FORMOSO DO ARAGUAIA";"Desobediência às normas de trânsito pelo condutor";"Colisão transversal";"Sem Vítimas";"Amanhecer";"Decrescente";"Nublado";"Simples";"Reta";"Não";2;0;0;0;1;1;0;2;-11,86608514;-49,40861608;"SPRF-TO";"DEL01-TO";"UOP02-DEL01-TO"
321278;2020-11-14;"sábado";"06:00:00";"SC";280;131;"RIO NEGRINHO";"Desobediência às normas de trânsito pelo condutor";"Colisão frontal";"Com Vítimas Fatais";"Pleno dia";"Decrescente";"Céu Claro";"Simples";"Curva";"Sim";2;1;0;0;1;0;0;2;-26,266402;-49,55147;"SPRF-SC";"DEL06-SC";"UOP03-DEL06-SC"
321289;2020-11-14;"sábado";"06:15:00";"MG";40;618,5;"CONGONHAS";"Falta de Atenção à Condução";"Colisão frontal";"Com Vítimas Feridas";"Pleno dia";"Decrescente";"Céu Claro";"Simples";"Reta";"Não";4;0;2;0;2;0;2;2;-20,5615888;-43,81227278;"SPRF-MG";"DEL05-MG";"UOP02-DEL05-MG"
321290;2020-11-14;"sábado";"05:55:00";"MG";40;686,8;"RESSAQUINHA";"Falta de Atenção à Condução";"Colisão traseira";"Com Vítimas Feridas";"Pleno dia";"Crescente";"Nublado";"Simples";"Reta;Declive";"Não";5;0;2;0;2;2;2;4;-21,07382701;-43,766731;"SPRF-MG";"DEL05-MG";"UOP02-DEL05-MG"
321295;2020-11-14;"sábado";"07:30:00";"PR";277;137;"BALSA NOVA";"Desobediência às normas de trânsito pelo condutor";"Colisão lateral";"Sem Vítimas";"Pleno dia";"Decrescente";"Nublado";"Dupla";"Reta";"Não";2;0;0;0;1;1;0;2;-25,47480334;-49,70498085;"SPRF-PR";"DEL01-PR";"UOP03-DEL03-PR"
321304;2020-11-14;"sábado";"08:25:00";"RS";386;296,4;"POUSO NOVO";"Velocidade Incompatível";"Tombamento";"Com Vítimas Feridas";"Pleno dia";"Crescente";"Céu Claro";"Simples";"Curva";"Não";2;0;1;0;0;1;1;2;-29,141;-52,2389;"SPRF-RS";"DEL04-RS";"UOP01-DEL04-RS"
321305;2020-11-14;"sábado";"09:40:00";"PE";104;63;"CARUARU";"Mal Súbito";"Colisão traseira";"Com Vítimas Feridas";"Pleno dia";"Decrescente";"Sol";"Múltipla";"Reta";"Sim";2;0;1;0;1;0;1;2;-8,26623728;-35,97785354;"SPRF-PE";"DEL02-PE";"UOP01-DEL02-PE"
321306;2020-11-14;"sábado";"09:05:00";"TO";153;484;"BARROLANDIA";"Falta de Atenção à Condução";"Tombamento";"Com Vítimas Feridas";"Pleno dia";"Decrescente";"Céu Claro";"Simples";"Aclive;Reta";"Não";3;0;1;0;1;2;1;3;-10,10023735;-48,86943385;"SPRF-TO";"DEL01-TO";"UOP01-DEL01-TO"
321308;2020-11-14;"sábado";"06:50:00";"PR";116;6;"CAMPINA GRANDE DO SUL";"Sinalização da via insuficiente ou inadequada";"Colisão traseira";"Sem Vítimas";"Amanhecer";"Crescente";"Garoa/Chuvisco";"Dupla";"Curva";"Não";3;0;0;0;2;2;0;4;-25,08710459;-48,60776389;"SPRF-PR";"DEL01-PR";"UOP02-DEL01-PR"
321317;2020-11-14;"sábado";"10:40:00";"ES";101;257,9;"SERRA";"Falta de Atenção à Condução";"Colisão traseira";"Com Vítimas Feridas";"Pleno dia";"Crescente";"Sol";"Múltipla";"Declive";"Sim";4;0;3;0;1;0;3;2;-20,138397;-40,292213;"SPRF-ES";"DEL02-ES";"UOP01-DEL02-ES"
321318;2020-11-14;"sábado";"09:50:00";"SC";282;182,1;"BOCAINA DO SUL";"Carga excessiva e/ou mal acondicionada";"Colisão frontal";"Com Vítimas Fatais";"Pleno dia";"Crescente";"Céu Claro";"Simples";"Reta";"Não";8;2;0;3;1;2;3;5;-27,73584527;-49,95696902;"SPRF-SC";"DEL05-SC";"UOP01-DEL05-SC"
321322;2020-11-14;"sábado";"10:00:00";"MG";116;147,1;"PONTO DOS VOLANTES";"Falta de Atenção à Condução";"Colisão traseira";"Com Vítimas Feridas";"Pleno dia";"Decrescente";"Céu Claro";"Simples";"Reta";"Não";5;0;1;0;3;1;1;3;-16,82766499;-41,47435201;"SPRF-MG";"DEL11-MG";"UOP02-DEL11-MG"
321325;2020-11-14;"sábado";"10:45:00";"GO";60;204,5;"GUAPO";"Falta de Atenção à Condução";"Colisão lateral";"Sem Vítimas";"Pleno dia";"Crescente";"Garoa/Chuvisco";"Dupla";"Reta";"Sim";3;0;0;0;3;0;0;2;-16,911369;-49,656488;"SPRF-GO";"DEL01-GO";"UOP02-DEL01-GO"
321334;2020-11-14;"sábado";"12:41:00";"PR";277;586;"CASCAVEL";"Desobediência às normas de trânsito pelo condutor";"Colisão transversal";"Com Vítimas Feridas";"Pleno dia";"Decrescente";"Céu Claro";"Simples";"Interseção de Vias";"Sim";4;0;0;1;1;3;1;5;-24,96693349;-53,42441395;"SPRF-PR";"DEL04-PR";"UOP01-DEL04-PR"
321336;2020-11-14;"sábado";"11:50:00";"MG";262;801;"UBERABA";"Falta de Atenção à Condução";"Colisão traseira";"Com Vítimas Feridas";"Pleno dia";"Crescente";"Nublado";"Dupla";"Reta";"Sim";2;0;1;0;1;0;1;2;-19,77920263;-47,955319;"SPRF-MG";"DEL13-MG";"UOP01-DEL13-MG"
321348;2020-11-14;"sábado";"11:20:00";"MG";251;230,6;"SANTA CRUZ DE SALINAS";"Falta de Atenção à Condução";"Colisão frontal";"Com Vítimas Fatais";"Pleno dia";"Crescente";"Nublado";"Simples";"Reta";"Não";3;1;2;0;0;0;2;2;-15,96744613;-41,70259484;"SPRF-MG";"DEL11-MG";"UOP02-DEL11-MG"
321349;2020-11-14;"sábado";"13:00:00";"MS";158;37;"PARANAIBA";"Ingestão de Álcool";"Saída de leito carroçável";"Sem Vítimas";"Pleno dia";"Decrescente";"Céu Claro";"Simples";"Reta";"Não";2;0;0;0;1;1;0;2;-19,28687764;-51,47551991;"SPRF-MS";"DEL08-MS";"UOP01-DEL08-MS"
321373;2020-11-14;"sábado";"16:50:00";"RS";116;82,7;"CAMPESTRE DA SERRA";"Desobediência às normas de trânsito pelo condutor";"Colisão transversal";"Sem Vítimas";"Pleno dia";"Decrescente";"Céu Claro";"Simples";"Interseção de Vias";"Não";2;0;0;0;2;0;0;2;-28,81518199;-51,10902702;"SPRF-RS";"DEL05-RS";"UOP03-DEL05-RS"
321374;2020-11-14;"sábado";"16:30:00";"RN";304;108;"ACU";"Velocidade Incompatível";"Saída de leito carroçável";"Com Vítimas Feridas";"Plena Noite";"Crescente";"Céu Claro";"Simples";"Reta";"Não";3;0;2;0;0;1;2;3;-5,58636248;-36,95401396;"SPRF-RN";"DEL04-RN";"UOP01-DEL04-RN"
321388;2020-11-14;"sábado";"17:00:00";"ES";482;61,9;"JERONIMO MONTEIRO";"Objeto estático sobre o leito carroçável";"Colisão com objeto estático";"Com Vítimas Feridas";"Pleno dia";"Crescente";"Nublado";"Simples";"Reta";"Sim";3;0;0;1;1;2;1;4;-20,795;-41,376;"SPRF-ES";"DEL03-ES";"UOP02-DEL03-ES"
321391;2020-11-14;"sábado";"15:45:00";"BA";116;792,7;"VITORIA DA CONQUISTA";"Não guardar distância de segurança";"Colisão traseira";"Com Vítimas Feridas";"Pleno dia";"Crescente";"Céu Claro";"Simples";"Reta";"Não";7;0;2;0;3;3;2;6;-14,72325491;-40,62641144;"SPRF-BA";"DEL08-BA";"UOP02-DEL08-BA"
321394;2020-11-14;"sábado";"18:14:00";"PR";277;673,6;"MEDIANEIRA";"Desobediência às normas de trânsito pelo condutor";"Colisão lateral";"Com Vítimas Feridas";"Pleno dia";"Crescente";"Céu Claro";"Dupla";"Aclive";"Sim";5;0;2;0;1;2;2;4;-25,293123;-54,111622;"SPRF-PR";"DEL05-PR";"UOP01-DEL05-PR"
321409;2020-11-14;"sábado";"17:10:00";"BA";101;920;"NOVA VICOSA";"Desobediência às normas de trânsito pelo condutor";"Colisão transversal";"Com Vítimas Feridas";"Pleno dia";"Decrescente";"Céu Claro";"Simples";"Rotatória";"Sim";2;0;0;1;1;0;1;2;-17,89128655;-39,81724631;"SPRF-BA";"DEL09-BA";"UOP02-DEL09-BA"
321410;2020-10-21;"quarta-feira";"23:30:00";"MT";163;533;"DIAMANTINO";"Condutor Dormindo";"Colisão frontal";"Com Vítimas Feridas";"Plena Noite";"Decrescente";"Céu Claro";"Simples";"Aclive";"Não";4;0;0;1;1;3;1;5;-14,43918701;-56,12186399;"SPRF-MT";"DEL01-MT";"UOP01-DEL01-MT"
321417;2020-11-14;"sábado";"14:00:00";"SC";282;643;"SAO MIGUEL DO OESTE";"Defeito Mecânico no Veículo";"Saída de leito carroçável";"Com Vítimas Feridas";"Pleno dia";"Crescente";"Sol";"Simples";"Reta";"Sim";1;0;1;0;0;0;1;1;-26,768974;-53,469772;"SPRF-SC";"DEL07-SC";"UOP03-DEL07-SC"
321419;2020-11-14;"sábado";"19:30:00";"PR";376;34;"NOVA LONDRINA";"Ingestão de Álcool";"Colisão lateral";"Com Vítimas Feridas";"Plena Noite";"Crescente";"Céu Claro";"Simples";"Reta";"Não";4;0;1;0;2;2;1;5;-22,80483501;-53,002995;"SPRF-PR";"DEL09-PR";"UOP02-DEL09-PR"
321420;2020-11-14;"sábado";"19:45:00";"MG";365;704;"MONTE ALEGRE DE MINAS";"Velocidade Incompatível";"Colisão traseira";"Com Vítimas Feridas";"Plena Noite";"Crescente";"Céu Claro";"Dupla";"Reta";"Não";5;0;2;0;2;1;2;3;-18,88169079;-49,03599797;"SPRF-MG";"DEL15-MG";"UOP03-DEL15-MG"
321421;2020-11-14;"sábado";"17:30:00";"BA";242;454;"IBITIARA";"Não guardar distância de segurança";"Colisão traseira";"Com Vítimas Feridas";"Anoitecer";"Crescente";"Nublado";"Simples";"Curva";"Não";4;0;1;0;2;1;1;4;-12,42332827;-42,10571293;"SPRF-BA";"DEL06-BA";"UOP01-DEL06-BA"
321425;2020-11-14;"sábado";"18:20:00";"SP";116;487,1;"CAJATI";"Falta de Atenção à Condução";"Saída de leito carroçável";"Com Vítimas Feridas";"Anoitecer";"Decrescente";"Céu Claro";"Dupla";"Reta";"Não";3;0;1;0;1;2;1;4;-24,72633575;-48,08998415;"SPRF-SP";"DEL05-SP";"UOP01-DEL05-SP"
321444;2020-11-14;"sábado";"18:40:00";"SP";116;153,5;"SAO JOSE DOS CAMPOS";"Velocidade Incompatível";"Colisão traseira";"Com Vítimas Feridas";"Plena Noite";"Crescente";"Nublado";"Dupla";"Reta";"Não";6;0;1;0;2;3;1;5;-23,23262274;-45,91372624;"SPRF-SP";"DEL02-SP";"UOP01-DEL02-SP"
321445;2020-11-14;"sábado";"19:50:00";"AP";210;105;"PORTO GRANDE";"Falta de Atenção à Condução";"Colisão transversal";"Com Vítimas Feridas";"Plena Noite";"Crescente";"Céu Claro";"Simples";"Interseção de Vias";"Sim";2;0;1;0;1;0;1;2;0,70564616;-51,41271608;"SPRF-AP";"DEL01-AP";"UOP01-DEL01-AP"
321457;2020-11-14;"sábado";"20:00:00";"BA";324;291;"JACOBINA";"Falta de Atenção à Condução";"Atropelamento de Pedestre";"Com Vítimas Fatais";"Plena Noite";"Crescente";"Céu Claro";"Simples";"Reta";"Sim";2;1;0;0;0;1;0;2;-11,17707393;-40,54094732;"SPRF-BA";"DEL04-BA";"UOP02-DEL04-BA"
321479;2020-11-14;"sábado";"20:00:00";"MG";381;230,9;"BELO ORIENTE";"Velocidade Incompatível";"Saída de leito carroçável";"Com Vítimas Feridas";"Plena Noite";"Crescente";"Chuva";"Simples";"Curva";"Não";1;0;1;0;0;0;1;1;-19,36049304;-42,44673398;"SPRF-MG";"DEL06-MG";"UOP01-DEL06-MG"
321480;2020-11-14;"sábado";"23:20:00";"PR";116;17;"CAMPINA GRANDE DO SUL";"Falta de Atenção à Condução";"Colisão traseira";"Com Vítimas Feridas";"Plena Noite";"Crescente";"Nublado";"Dupla";"Reta";"Não";3;0;0;1;1;2;1;4;-25,10305915;-48,70103892;"SPRF-PR";"DEL01-PR";"UOP02-DEL01-PR"
321484;2020-11-14;"sábado";"21:30:00";"MG";153;88;"PRATA";"Ingestão de Álcool";"Colisão frontal";"Com Vítimas Feridas";"Plena Noite";"Crescente";"Nublado";"Simples";"Reta;Aclive";"Não";4;0;1;0;2;2;1;4;-19,12589594;-48,96661173;"SPRF-MG";"DEL15-MG";"UOP03-DEL15-MG"
321498;2020-11-15;"domingo";"02:10:00";"MA";316;613,3;"TIMON";"Falta de Atenção à Condução";"Colisão frontal";"Com Vítimas Fatais";"Plena Noite";"Decrescente";"Céu Claro";"Simples";"Declive";"Não";3;1;0;1;0;1;1;2;-5,075249;-42,850487;"SPRF-MA";"DEL03-MA";"UOP02-DEL03-MA"
321499;2020-11-15;"domingo";"01:00:00";"SE";101;84;"NOSSA SENHORA DO SOCORRO";"Carga excessiva e/ou mal acondicionada";"Incêndio";"Sem Vítimas";"Plena Noite";"Decrescente";"Céu Claro";"Dupla";"Reta";"Não";2;0;0;0;1;1;0;2;-10,835002;-37,13775504;"SPRF-SE";"DEL01-SE";"UOP01-DEL01-SE"
321500;2020-11-14;"sábado";"21:35:00";"SC";101;241,9;"PALHOCA";"Ingestão de Álcool";"Colisão lateral";"Sem Vítimas";"Plena Noite";"Decrescente";"Céu Claro";"Dupla";"Reta";"Não";3;0;0;0;1;3;0;4;-27,87878186;-48,64701033;"SPRF-SC";"DEL01-SC";"UOP02-DEL01-SC"
321509;2020-11-15;"domingo";"01:00:00";"GO";364;319;"MINEIROS";"Ingestão de Álcool";"Colisão transversal";"Com Vítimas Feridas";"Plena Noite";"Decrescente";"Céu Claro";"Simples";"Reta";"Não";3;0;0;1;1;2;1;4;-17,425676;-52,620445;"SPRF-GO";"DEL05-GO";"UOP01-DEL05-GO"
321529;2020-11-15;"domingo";"05:50:00";"SC";470;193;"POUSO REDONDO";"Defeito Mecânico no Veículo";"Tombamento";"Com Vítimas Feridas";"Amanhecer";"Decrescente";"Nevoeiro/Neblina";"Simples";"Curva";"Não";2;0;1;0;0;1;1;2;-27,300575;-50,075451;"SPRF-SC";"DEL04-SC";"UOP02-DEL04-SC"
321534;2020-11-12;"quinta-feira";"06:30:00";"MG";381;456;"BELO HORIZONTE";"Falta de Atenção à Condução";"Tombamento";"Com Vítimas Feridas";"Amanhecer";"Decrescente";"Garoa/Chuvisco";"Dupla";"Reta";"Não";2;0;1;0;0;1;1;2;-19,84573625;-43,88678133;"SPRF-MG";"DEL01-MG";"UOP01-DEL01-MG"
321537;2020-11-15;"domingo";"06:30:00";"BA";116;663;"JEQUIE";"Desobediência às normas de trânsito pelo condutor";"Colisão frontal";"Com Vítimas Feridas";"Pleno dia";"Crescente";"Nublado";"Simples";"Reta";"Não";4;0;1;1;1;1;2;4;-13,778748;-40,103844;"SPRF-BA";"DEL03-BA";"UOP01-DEL03-BA"
321540;2020-11-15;"domingo";"08:40:00";"PR";277;718,1;"SANTA TEREZINHA DE ITAIPU";"Falta de Atenção à Condução";"Saída de leito carroçável";"Sem Vítimas";"Pleno dia";"Crescente";"Chuva";"Dupla";"Declive";"Não";3;0;0;0;3;0;0;1;-25,48013487;-54,48530406;"SPRF-PR";"DEL05-PR";"UOP03-DEL05-PR"
321543;2020-11-15;"domingo";"07:45:00";"MS";163;810,9;"SONORA";"Falta de Atenção à Condução";"Colisão frontal";"Com Vítimas Fatais";"Pleno dia";"Decrescente";"Céu Claro";"Simples";"Reta";"Não";3;1;0;0;1;2;0;4;-17,83386495;-54,71761395;"SPRF-MS";"DEL06-MS";"UOP01-DEL06-MS"
321552;2020-11-14;"sábado";"02:50:00";"MA";10;346;"ACAILANDIA";"Avarias e/ou desgaste excessivo no pneu";"Incêndio";"Sem Vítimas";"Plena Noite";"Decrescente";"Nublado";"Simples";"Reta";"Não";2;0;0;0;1;3;0;4;-4,727833;-47,497154;"SPRF-MA";"DEL04-MA";"UOP03-DEL04-MA"
321556;2020-11-15;"domingo";"10:08:00";"SP";153;76;"BADY BASSITT";"Desobediência às normas de trânsito pelo condutor";"Colisão frontal";"Com Vítimas Fatais";"Pleno dia";"Crescente";"Sol";"Simples";"Reta";"Não";5;1;0;0;3;4;0;8;-20,89941041;-49,4431879;"SPRF-SP";"DEL09-SP";"UOP01-DEL09-SP"
321557;2020-11-15;"domingo";"09:20:00";"MT";364;251;"JUSCIMEIRA";"Falta de Atenção à Condução";"Saída de leito carroçável";"Com Vítimas Feridas";"Pleno dia";"Decrescente";"Nublado";"Dupla";"Aclive;Reta";"Não";3;0;1;0;1;2;1;4;-16,11396214;-54,85939336;"SPRF-MT";"DEL02-MT";"UOP01-DEL02-MT"
321562;2020-11-15;"domingo";"08:30:00";"MG";251;469,5;"FRANCISCO SA";"Pista Escorregadia";"Colisão lateral";"Com Vítimas Feridas";"Pleno dia";"Decrescente";"Chuva";"Simples";"Reta";"Não";3;0;0;1;1;3;1;5;-16,47846186;-43,41953476;"SPRF-MG";"DEL12-MG";"UOP01-DEL12-MG"