"id";"data_inversa";"dia_semana";"horario";"uf";"br";"km";"municipio";"causa_acidente";"tipo_acidente";"classificacao_acidente";"fase_dia";"sentido_via";"condicao_metereologica";"tipo_pista";"tracado_via";"uso_solo";"pessoas";"mortos";"feridos_leves";"feridos_graves";"ilesos";"ignorados";"feridos";"veiculos";"latitude";"longitude";"regional";"delegacia";"uop"
322475;2020-11-19;"quinta-feira";"17:00:00";"PE";101;87;"CABO DE SANTO AGOSTINHO";"Ingestão de Álcool";"Colisão transversal";"Sem Vítimas";"Pleno dia";"Decrescente";"Céu Claro";"Dupla";"Reta";"Não";2;0;0;0;1;1;0;2;-8,19120206;-34,97449985;"SPRF-PE";"DEL01-PE";"UOP03-DEL01-PE"
322484;2020-11-19;"quinta-feira";"20:40:00";"PI";402;73;"LUIS CORREIA";"Defeito na Via";"Tombamento";"Sem Vítimas";"Plena Noite";"Crescente";"Céu Claro";"Simples";"Reta";"Não";2;0;0;0;1;1;0;2;-3,10115207;-41,469882;"SPRF-PI";"DEL05-PI";"UOP01-DEL05-PI"
322487;2020-11-19;"quinta-feira";"22:10:00";"SC";101;175,5;"GOVERNADOR CELSO RAMOS";"Defeito Mecânico no Veículo";"Saída de leito carroçável";"Com Vítimas Feridas";"Plena Noite";"Decrescente";"Céu Claro";"Dupla";"Curva";"Não";2;0;1;0;0;1;1;2;-27,33963303;-48,62734885;"SPRF-SC";"DEL01-SC";"UOP01-DEL01-SC"
322488;2020-11-19;"quinta-feira";"19:00:00";"RO";364;387,5;"OURO PRETO DO OESTE";"Desobediência às normas de trânsito pelo condutor";"Colisão frontal";"Com Vítimas Feridas";"Plena Noite";"Decrescente";"Céu Claro";"Simples";"Reta";"Não";3;0;1;0;1;1;1;3;-10,69413222;-62,26827726;"SPRF-RO";"DEL03-RO";"UOP02-DEL03-RO"
322489;2020-11-19;"quinta-feira";"21:50:00";"MS";163;287,9;"DOURADINA";"Desobediência às normas de trânsito pelo pedestre";"Atropelamento de Pedestre";"Com Vítimas Fatais";"Plena Noite";"Decrescente";"Céu Claro";"Simples";"Reta";"Sim";3;1;0;0;1;1;0;3;-22,08160735;-54,56891992;"SPRF-MS";"DEL04-MS";"UOP01-DEL04-MS"
322490;2020-11-19;"quinta-feira";"21:52:00";"AM";174;988;"PRESIDENTE FIGUEIREDO";"Desobediência às normas de trânsito pelo condutor";"Colisão frontal";"Com Vítimas Feridas";"Plena Noite";"Crescente";"Céu Claro";"Simples";"Reta;Declive";"Não";14;0;2;0;7;5;2;4;-2,0724148;-60,01263567;"SPRF-AM";"DEL01-AM";"UOP02-DEL01-AM"
322492;2020-11-19;"quinta-feira";"22:20:00";"SC";116;25,2;"ITAIOPOLIS";"Falta de Atenção à Condução";"Saída de leito carroçável";"Com Vítimas Feridas";"Plena Noite";"Crescente";"Nublado";"Simples";"Aclive";"Não";2;0;0;1;0;1;1;2;-26,28051002;-49,92717199;"SPRF-SC";"DEL06-SC";"UOP01-DEL06-SC"
322497;2020-11-19;"quinta-feira";"22:50:00";"SP";116;229,8;"SAO PAULO";"Defeito Mecânico no Veículo";"Incêndio";"Sem Vítimas";"Plena Noite";"Crescente";"Nublado";"Múltipla";"Reta";"Sim";2;0;0;0;1;1;0;2;-23,51291902;-46,57604698;"SPRF-SP";"DEL01-SP";"UOP01-DEL01-SP"
322499;2020-11-19;"quinta-feira";"22:50:00";"PR";277;661,9;"MATELANDIA";"Deficiência ou não Acionamento do Sistema de Iluminação/Sinalização do Veículo";"Colisão traseira";"Com Vítimas Feridas";"Plena Noite";"Crescente";"Céu Claro";"Dupla";"Reta";"Não";2;0;1;0;1;0;1;2;-25,25275526;-53,99939905;"SPRF-PR";"DEL05-PR";"UOP02-DEL05-PR"
322501;2020-11-19;"quinta-feira";"22:50:00";"PR";116;74;"PIRAQUARA";"Defeito Mecânico no Veículo";"Colisão traseira";"Com Vítimas Feridas";"Plena Noite";"Crescente";"Garoa/Chuvisco";"Dupla";"Reta";"Não";3;0;1;0;1;1;1;3;-25,4059109;-49,06047821;"SPRF-PR";"DEL01-PR";"UOP01-DEL01-PR"
322508;2020-11-20;"sexta-feira";"00:30:00";"GO";40;138,8;"CRISTALINA";"Desobediência às normas de trânsito pelo condutor";"Colisão lateral";"Com Vítimas Feridas";"Plena Noite";"Decrescente";"Nublado";"Simples";"Curva";"Não";4;0;1;0;2;3;1;6;-16,952006;-47,288372;"SPRF-DF";"DEL01-DF";"UOP02-DEL01-DF"
322509;2020-11-19;"quinta-feira";"17:30:00";"MT";174;534;"COMODORO";"Defeito Mecânico no Veículo";"Incêndio";"Sem Vítimas";"Plena Noite";"Crescente";"Céu Claro";"Simples";"Reta";"Não";5;0;0;0;4;2;0;4;-13,24017599;-59,86532639;"SPRF-MT";"DEL04-MT";"UOP01-DEL04-MT"
322510;2020-11-19;"quinta-feira";"20:00:00";"MG";116;812,6;"ALEM PARAIBA";"Pista Escorregadia";"Colisão frontal";"Com Vítimas Feridas";"Plena Noite";"Crescente";"Chuva";"Simples";"Curva";"Não";5;0;1;2;1;1;3;3;-21,8449291;-42,67297203;"SPRF-MG";"DEL07-MG";"UOP01-DEL07-MG"
322511;2020-11-19;"quinta-feira";"23:00:00";"RS";158;303,7;"ITAARA";"Defeito Mecânico no Veículo";"Incêndio";"Sem Vítimas";"Plena Noite";"Decrescente";"Céu Claro";"Simples";"Reta";"Não";1;0;0;0;1;0;0;1;-29,55253079;-53,76014746;"SPRF-RS";"DEL09-RS";"UOP01-DEL09-RS"
322514;2020-11-19;"quinta-feira";"23:10:00";"MT";174;451;"COMODORO";"Não guardar distância de segurança";"Colisão lateral";"Com Vítimas Feridas";"Plena Noite";"Decrescente";"Céu Claro";"Simples";"Reta";"Não";2;0;1;0;0;1;1;2;-13,96452889;-59,75734475;"SPRF-MT";"DEL04-MT";"UOP01-DEL04-MT"
322517;2020-11-20;"sexta-feira";"01:30:00";"SP";116;515;"CAJATI";"Falta de Atenção à Condução";"Colisão traseira";"Sem Vítimas";"Plena Noite";"Decrescente";"Céu Claro";"Dupla";"Curva";"Não";3;0;0;0;2;1;0;3;-24,868352;-48,210574;"SPRF-SP";"DEL05-SP";"UOP02-DEL05-SP"
322520;2020-11-20;"sexta-feira";"04:40:00";"RJ";101;275;"TANGUA";"Falta de Atenção à Condução";"Colisão lateral";"Sem Vítimas";"Amanhecer";"Decrescente";"Céu Claro";"Dupla";"Reta";"Sim";2;0;0;0;2;0;0;2;-22,73653355;-42,72909106;"SPRF-RJ";"DEL02-RJ";"UOP03-DEL02-RJ"
322523;2020-11-20;"sexta-feira";"05:00:00";"BA";101;180;"SAO GONCALO DOS CAMPOS";"Velocidade Incompatível";"Colisão lateral";"Sem Vítimas";"Amanhecer";"Decrescente";"Chuva";"Simples";"Reta;Aclive";"Não";2;0;0;0;2;0;0;2;-12,43205032;-38,91333911;"SPRF-BA";"DEL01-BA";"UOP03-DEL01-BA"
322524;2020-11-20;"sexta-feira";"05:18:00";"MG";381;634,9;"SANTO ANTONIO DO AMPARO";"Velocidade Incompatível";"Tombamento";"Com Vítimas Feridas";"Amanhecer";"Crescente";"Céu Claro";"Dupla";"Curva";"Não";1;0;0;1;0;0;1;1;-20,85891393;-44,83685732;"SPRF-MG";"DEL04-MG";"UOP01-DEL04-MG"
322525;2020-11-20;"sexta-feira";"05:22:00";"MG";381;634,9;"SANTO ANTONIO DO AMPARO";"Velocidade Incompatível";"Colisão com objeto estático";"Com Vítimas Feridas";"Pleno dia";"Crescente";"Céu Claro";"Dupla";"Curva";"Não";9;0;5;0;3;2;5;5;-20,85923475;-44,83685732;"SPRF-MG";"DEL04-MG";"UOP01-DEL04-MG"
322531;2020-11-19;"quinta-feira";"21:40:00";"MG";381;830,8;"SAO SEBASTIAO DA BELA VISTA";"Falta de Atenção à Condução";"Colisão traseira";"Com Vítimas Feridas";"Plena Noite";"Decrescente";"Nublado";"Dupla";"Declive;Reta";"Não";3;0;1;0;1;3;1;5;-22,12161391;-45,77099562;"SPRF-MG";"DEL16-MG";"UOP01-DEL16-MG"
322532;2020-11-20;"sexta-feira";"01:10:00";"MG";262;548;"LUZ";"Velocidade Incompatível";"Colisão traseira";"Sem Vítimas";"Plena Noite";"Decrescente";"Vento";"Simples";"Curva;Declive";"Não";3;0;0;0;2;2;0;4;-19,73163489;-45,8631039;"SPRF-MG";"DEL08-MG";"UOP02-DEL08-MG"
322534;2020-11-20;"sexta-feira";"07:10:00";"RS";392;636,5;"GUARANI DAS MISSOES";"Velocidade Incompatível";"Colisão traseira";"Com Vítimas Feridas";"Pleno dia";"Decrescente";"Sol";"Simples";"Reta";"Não";2;0;0;1;1;0;1;2;-28,14339573;-54,49866199;"SPRF-RS";"DEL10-RS";"UOP01-DEL10-RS"
322541;2020-11-20;"sexta-feira";"03:50:00";"RJ";116;53;"TERESOPOLIS";"Condutor Dormindo";"Saída de leito carroçável";"Com Vítimas Fatais";"Plena Noite";"Decrescente";"Céu Claro";"Simples";"Curva";"Não";2;1;0;0;1;0;0;1;-22,20141446;-42,87189678;"SPRF-RJ";"DEL04-RJ";"UOP01-DEL04-RJ"
322544;2020-11-20;"sexta-feira";"06:00:00";"MG";267;230,7;"LIBERDADE";"Velocidade Incompatível";"Tombamento";"Com Vítimas Feridas";"Amanhecer";"Crescente";"Céu Claro";"Simples";"Curva";"Não";2;0;0;1;0;1;1;2;-21,94879679;-44,32600011;"SPRF-MG";"DEL17-MG";"UOP01-DEL17-MG"
322550;2020-11-20;"sexta-feira";"07:35:00";"SC";101;198;"BIGUACU";"Falta de Atenção à Condução";"Colisão traseira";"Com Vítimas Feridas";"Pleno dia";"Crescente";"Sol";"Dupla";"Reta";"Sim";7;0;3;0;4;0;3;5;-27,52658712;-48,63506019;"SPRF-SC";"DEL01-SC";"UOP01-DEL01-SC"
322551;2020-11-20;"sexta-feira";"06:50:00";"RJ";393;161;"TRES RIOS";"Velocidade Incompatível";"Tombamento";"Com Vítimas Feridas";"Pleno dia";"Decrescente";"Nublado";"Simples";"Curva";"Não";2;0;1;0;0;1;1;2;-22,10009245;-43,09370325;"SPRF-RJ";"DEL05-RJ";"UOP01-DEL05-RJ"
322553;2020-11-20;"sexta-feira";"08:00:00";"RS";386;399,1;"TRIUNFO";"Desobediência às normas de trânsito pelo condutor";"Colisão transversal";"Com Vítimas Feridas";"Pleno dia";"Crescente";"Sol";"Simples";"Reta";"Não";4;0;2;0;1;1;2;3;-29,749271;-51,609505;"SPRF-RS";"DEL04-RS";"UOP02-DEL04-RS"
322558;2020-11-20;"sexta-feira";"02:30:00";"MG";251;333,8;"SALINAS";"Condutor Dormindo";"Tombamento";"Com Vítimas Feridas";"Plena Noite";"Decrescente";"Céu Claro";"Simples";"Curva";"Não";2;0;1;0;0;1;1;2;-16,23561275;-42,38038301;"SPRF-MG";"DEL12-MG";"UOP01-DEL12-MG"
322559;2020-11-20;"sexta-feira";"05:22:00";"MG";381;634,9;"SANTO ANTONIO DO AMPARO";"Velocidade Incompatível";"Colisão com objeto estático";"Com Vítimas Feridas";"Amanhecer";"Crescente";"Céu Claro";"Dupla";"Curva";"Não";7;0;5;0;1;2;5;4;-20,85924383;-44,83697534;"SPRF-MG";"DEL04-MG";"UOP01-DEL04-MG"
322561;2020-11-20;"sexta-feira";"05:30:00";"CE";226;226;"PEDRA BRANCA";"Defeito Mecânico no Veículo";"Tombamento";"Com Vítimas Feridas";"Amanhecer";"Decrescente";"Céu Claro";"Simples";"Curva";"Não";1;0;1;0;0;0;1;1;-5,45230942;-39,76303684;"SPRF-CE";"DEL02-CE";"UOP02-DEL02-CE"
322563;2020-10-31;"sábado";"23:00:00";"PA";316;97;"SANTA MARIA DO PARA";"Restrição de Visibilidade";"Colisão traseira";"Com Vítimas Feridas";"Plena Noite";"Decrescente";"Céu Claro";"Simples";"Reta";"Não";4;0;0;2;2;0;2;2;-1,33032929;-47,63036005;"SPRF-PA";"DEL01-PA";"UOP02-DEL01-PA"
322569;2020-11-20;"sexta-feira";"08:40:00";"PB";230;467,2;"SOUSA";"Desobediência às normas de trânsito pelo condutor";"Colisão frontal";"Com Vítimas Fatais";"Pleno dia";"Decrescente";"Nublado";"Simples";"Curva";"Não";2;1;0;0;1;0;0;2;-6,783004;-38,275796;"SPRF-PB";"DEL03-PB";"UOP03-DEL03-PB"
322572;2020-11-20;"sexta-feira";"09:30:00";"BA";101;264;"SANTO ANTONIO DE JESUS";"Falta de Atenção à Condução";"Colisão transversal";"Sem Vítimas";"Pleno dia";"Crescente";"Nublado";"Simples";"Reta";"Sim";2;0;0;0;2;0;0;2;-13,09857093;-39,28167519;"SPRF-BA";"DEL01-BA";"UOP02-DEL01-BA"
322573;2020-11-20;"sexta-feira";"10:35:00";"PE";232;497;"VERDEJANTE";"Falta de Atenção à Condução";"Colisão lateral";"Com Vítimas Feridas";"Pleno dia";"Decrescente";"Céu Claro";"Simples";"Reta";"Não";3;0;0;1;1;1;1;3;-8,0186129;-39,03391502;"SPRF-PE";"DEL05-PE";"UOP01-DEL05-PE"
322575;2020-11-20;"sexta-feira";"09:10:00";"MG";40;584;"ITABIRITO";"Condutor Dormindo";"Saída de leito carroçável";"Com Vítimas Feridas";"Pleno dia";"Decrescente";"Nublado";"Simples";"Aclive;Reta";"Não";2;0;1;0;0;1;1;2;-20,32543595;-43,92760693;"SPRF-MG";"DEL01-MG";"UOP02-DEL01-MG"
322576;2020-11-20;"sexta-feira";"09:30:00";"PR";153;29,5;"SANTO ANTONIO DA PLATINA";"Velocidade Incompatível";"Tombamento";"Com Vítimas Feridas";"Pleno dia";"Crescente";"Céu Claro";"Simples";"Curva";"Não";3;0;2;0;0;1;2;2;-23,21768433;-50,00959396;"SPRF-PR";"DEL07-PR";"UOP04-DEL07-PR"
322579;2020-11-20;"sexta-feira";"11:10:00";"ES";101;262;"SERRA";"Falta de Atenção à Condução";"Colisão lateral";"Sem Vítimas";"Pleno dia";"Crescente";"Chuva";"Múltipla";"Reta";"Sim";3;0;0;0;2;1;0;3;-20,1572331;-40,27678329;"SPRF-ES";"DEL02-ES";"UOP01-DEL02-ES"
322581;2020-11-20;"sexta-feira";"10:48:00";"SE";235;2;"ARACAJU";"Falta de Atenção à Condução";"Colisão lateral";"Com Vítimas Feridas";"Pleno dia";"Decrescente";"Céu Claro";"Dupla";"Aclive";"Sim";4;0;2;0;1;1;2;3;-10,90771345;-37,09279418;"SPRF-SE";"DEL01-SE";"UOP01-DEL01-SE"
322582;2020-11-20;"sexta-feira";"10:30:00";"PR";376;641;"TIJUCAS DO SUL";"Falta de Atenção à Condução";"Colisão traseira";"Com Vítimas Feridas";"Pleno dia";"Crescente";"Céu Claro";"Dupla";"Aclive";"Não";4;0;1;0;2;1;1;4;-25,79034012;-49,12563183;"SPRF-PR";"DEL01-PR";"UOP04-DEL01-PR"
322583;2020-11-20;"sexta-feira";"10:00:00";"AL";101;95;"RIO LARGO";"Falta de Atenção à Condução";"Colisão traseira";"Com Vítimas Feridas";"Pleno dia";"Crescente";"Céu Claro";"Simples";"Declive";"Não";3;0;1;0;1;2;1;4;-9,52251342;-35,94120383;"SPRF-AL";"DEL01-AL";"UOP01-DEL01-AL"
322584;2020-11-20;"sexta-feira";"06:30:00";"RS";290;531,2;"ALEGRETE";"Falta de Atenção à Condução";"Saída de leito carroçável";"Com Vítimas Feridas";"Pleno dia";"Decrescente";"Céu Claro";"Simples";"Reta";"Não";3;0;3;0;0;0;3;1;-30,031351;-55,351688;"SPRF-RS";"DEL13-RS";"UOP02-DEL13-RS"
322586;2020-11-20;"sexta-feira";"11:15:00";"GO";364;229;"JATAI";"Ingestão de Álcool";"Saída de leito carroçável";"Com Vítimas Feridas";"Pleno dia";"Crescente";"Céu Claro";"Simples";"Reta";"Não";7;0;3;0;3;1;3;2;-17,812492;-51,993908;"SPRF-GO";"DEL05-GO";"UOP01-DEL05-GO"
322587;2020-11-20;"sexta-feira";"10:50:00";"MG";40;803,8;"MATIAS BARBOSA";"Falta de Atenção à Condução";"Colisão traseira";"Com Vítimas Feridas";"Pleno dia";"Crescente";"Nublado";"Dupla";"Reta";"Não";3;0;1;0;1;1;1;3;-21,85782703;-43,37661004;"SPRF-MG";"DEL05-MG";"UOP01-DEL05-MG"
322590;2020-11-20;"sexta-feira";"09:15:00";"MT";163;816;"SINOP";"Falta de Atenção à Condução";"Colisão transversal";"Com Vítimas Feridas";"Pleno dia";"Crescente";"Sol";"Simples";"Reta";"Não";3;0;1;0;2;0;1;2;-12,157108;-55,51313;"SPRF-MT";"DEL06-MT";"UOP01-DEL06-MT"
322591;2020-11-20;"sexta-feira";"11:15:00";"MS";163;186;"JUTI";"Falta de Atenção à Condução";"Tombamento";"Com Vítimas Feridas";"Pleno dia";"Decrescente";"Céu Claro";"Simples";"Reta;Aclive";"Não";3;0;2;0;0;1;2;2;-22,80520716;-54,72862408;"SPRF-MS";"DEL09-MS";"UOP01-DEL09-MS"
322592;2020-11-20;"sexta-feira";"11:00:00";"SC";101;153;"PORTO BELO";"Falta de Atenção à Condução";"Colisão lateral";"Com Vítimas Feridas";"Pleno dia";"Decrescente";"Céu Claro";"Simples";"Reta";"Sim";2;0;0;1;1;0;1;2;-27,144717;-48,61063935;"SPRF-SC";"DEL04-SC";"UOP03-DEL04-SC"
322599;2020-11-20;"sexta-feira";"12:18:00";"MG";40;475;"SETE LAGOAS";"Fenômenos da Natureza";"Incêndio";"Sem Vítimas";"Pleno dia";"Decrescente";"Céu Claro";"Dupla";"Aclive";"Sim";2;0;0;0;1;1;0;2;-19,50551591;-44,27423377;"SPRF-MG";"DEL02-MG";"UOP01-DEL02-MG"
322603;2020-11-20;"sexta-feira";"13:20:00";"ES";101;30,4;"CONCEICAO DA BARRA";"Falta de Atenção à Condução";"Colisão lateral";"Com Vítimas Feridas";"Pleno dia";"Decrescente";"Nublado";"Simples";"Reta;Aclive";"Não";4;0;2;0;2;0;2;2;-18,40842097;-39,93732567;"SPRF-ES";"DEL04-ES";"UOP02-DEL04-ES"
322609;2020-11-20;"sexta-feira";"10:00:00";"MS";267;53,5;"BATAGUASSU";"Não guardar distância de segurança";"Colisão traseira";"Sem Vítimas";"Pleno dia";"Decrescente";"Céu Claro";"Simples";"Reta;Aclive";"Não";3;0;0;0;2;4;0;6;-21,82747029;-52,61033294;"SPRF-MS";"DEL02-MS";"UOP04-DEL02-MS"
322610;2020-11-20;"sexta-feira";"14:00:00";"BA";101;896;"CARAVELAS";"Velocidade Incompatível";"Tombamento";"Com Vítimas Feridas";"Pleno dia";"Decrescente";"Céu Claro";"Simples";"Curva;Declive";"Não";2;0;1;0;0;1;1;2;-17,691513;-39,77438;"SPRF-BA";"DEL09-BA";"UOP02-DEL09-BA"
322611;2020-11-20;"sexta-feira";"07:30:00";"ES";262;122,5;"CONCEICAO DO CASTELO";"Defeito Mecânico no Veículo";"Danos eventuais";"Sem Vítimas";"Pleno dia";"Decrescente";"Chuva";"Simples";"Curva;Declive";"Não";2;0;0;0;1;1;0;2;-20,29353997;-41,23936799;"SPRF-ES";"DEL01-ES";"UOP02-DEL01-ES"
322618;2020-11-20;"sexta-feira";"15:00:00";"MS";60;134;"PARAISO DAS AGUAS";"Falta de Atenção à Condução";"Saída de leito carroçável";"Com Vítimas Feridas";"Pleno dia";"Decrescente";"Céu Claro";"Simples";"Reta";"Não";2;0;0;1;0;1;1;2;-19,35302464;-53,52517707;"SPRF-MS";"DEL06-MS";"UOP02-DEL06-MS"
322621;2020-11-20;"sexta-feira";"14:40:00";"PR";116;112,1;"CURITIBA";"Desobediência às normas de trânsito pelo condutor";"Queda de ocupante de veículo";"Com Vítimas Fatais";"Pleno dia";"Decrescente";"Céu Claro";"Dupla";"Reta";"Sim";4;1;0;0;2;4;0;7;-25,55512461;-49,27371463;"SPRF-PR";"DEL01-PR";"UOP01-DEL01-PR"
322622;2020-11-12;"quinta-feira";"21:00:00";"PA";155;235;"ELDORADO DO CARAJAS";"Defeito Mecânico no Veículo";"Colisão com objeto em movimento";"Sem Vítimas";"Plena Noite";"Crescente";"Céu Claro";"Simples";"Reta";"Sim";2;0;0;0;1;1;0;2;-6,22920094;-49,36917881;"SPRF-PA";"DEL03-PA";"UOP01-DEL03-PA"
322625;2020-11-20;"sexta-feira";"13:40:00";"MT";163;553;"DIAMANTINO";"Defeito Mecânico no Veículo";"Tombamento";"Com Vítimas Feridas";"Pleno dia";"Crescente";"Céu Claro";"Simples";"Curva";"Não";5;0;4;0;0;1;4;2;-14,28419484;-56,15079756;"SPRF-MT";"DEL01-MT";"UOP01-DEL01-MT"
322633;2020-11-20;"sexta-feira";"15:30:00";"PI";407;511,7;"PATOS DO PIAUI";"Ingestão de Álcool";"Colisão transversal";"Com Vítimas Fatais";"Pleno dia";"Decrescente";"Nublado";"Simples";"Reta";"Sim";3;1;0;0;1;1;0;3;-7,68859005;-41,24244016;"SPRF-PI";"DEL04-PI";"UOP01-DEL04-PI"
322634;2020-11-20;"sexta-feira";"15:45:00";"MG";381;429;"CAETE";"Falta de Atenção à Condução";"Colisão frontal";"Com Vítimas Fatais";"Pleno dia";"Crescente";"Céu Claro";"Simples";"Reta";"Não";4;1;0;2;1;0;2;2;-19,78663743;-43,71433695;"SPRF-MG";"DEL01-MG";"UOP01-DEL01-MG"
322635;2020-11-20;"sexta-feira";"11:40:00";"MA";135;67;"BACABEIRA";"Falta de Atenção à Condução";"Colisão traseira";"Com Vítimas Feridas";"Pleno dia";"Crescente";"Nublado";"Simples";"Reta";"Não";3;0;0;1;1;2;1;4;-3,11454278;-44,32348251;"SPRF-MA";"DEL01-MA";"UOP02-DEL01-MA"
322636;2020-11-20;"sexta-feira";"14:50:00";"RR";174;502;"BOA VISTA";"Falta de Atenção à Condução";"Colisão traseira";"Sem Vítimas";"Pleno dia";"Decrescente";"Céu Claro";"Dupla";"Reta";"Sim";2;0;0;0;2;0;0;2;2,787376;-60,699524;"SPRF-RR";"DEL01-RR";"UOP01-DEL01-RR"
322642;2020-11-20;"sexta-feira";"08:30:00";"MG";251;198,1;"CACHOEIRA DE PAJEU";"Falta de Atenção à Condução";"Engavetamento";"Com Vítimas Feridas";"Pleno dia";"Decrescente";"Nublado";"Simples";"Reta";"Não";4;0;1;0;2;1;1;4;-15,87178672;-41,46417498;"SPRF-MG";"DEL11-MG";"UOP02-DEL11-MG"
322647;2020-11-20;"sexta-feira";"08:40:00";"PA";153;149;"SAO GERALDO DO ARAGUAIA";"Falta de Atenção à Condução";"Colisão transversal";"Com Vítimas Feridas";"Pleno dia";"Crescente";"Céu Claro";"Simples";"Curva";"Sim";3;0;0;1;1;2;1;4;-6,38525;-48,571873;"SPRF-PA";"DEL03-PA";"UOP01-DEL03-PA"
322650;2020-11-20;"sexta-feira";"15:20:00";"SC";101;304,2;"LAGUNA";"Desobediência às normas de trânsito pelo condutor";"Colisão transversal";"Com Vítimas Feridas";"Pleno dia";"Crescente";"Céu Claro";"Múltipla";"Interseção de Vias";"Sim";2;0;1;0;1;0;1;2;-28,389515;-48,776218;"SPRF-SC";"DEL02-SC";"UOP03-DEL02-SC"
322653;2020-11-20;"sexta-feira";"15:40:00";"MT";163;787;"SORRISO";"Falta de Atenção à Condução";"Colisão traseira";"Com Vítimas Feridas";"Pleno dia";"Crescente";"Céu Claro";"Simples";"Reta";"Não";3;0;1;0;1;2;1;4;-12,393149;-55,618365;"SPRF-MT";"DEL06-MT";"UOP01-DEL06-MT"
322655;2020-11-20;"sexta-feira";"17:35:00";"SC";282;21;"PALHOCA";"Desobediência às normas de trânsito pelo condutor";"Colisão lateral";"Sem Vítimas";"Pleno dia";"Crescente";"Garoa/Chuvisco";"Simples";"Reta";"Sim";2;0;0;0;2;0;0;2;-27,68907;-48,717541;"SPRF-SC";"DEL01-SC";"UOP02-DEL01-SC"
322657;2020-11-20;"sexta-feira";"13:06:00";"SC";101;101,9;"BALNEARIO PICARRAS";"Falta de Atenção à Condução";"Engavetamento";"Com Vítimas Feridas";"Pleno dia";"Crescente";"Céu Claro";"Dupla";"Reta";"Sim";7;0;2;1;2;2;3;7;-26,774967;-48,685767;"SPRF-SC";"DEL03-SC";"UOP02-DEL03-SC"
322662;2020-11-20;"sexta-feira";"18:00:00";"GO";60;80;"ANAPOLIS";"Ingestão de Álcool";"Saída de leito carroçável";"Com Vítimas Feridas";"Pleno dia";"Decrescente";"Chuva";"Dupla";"Reta";"Não";2;0;1;0;0;1;1;2;-16,3053;-48,8208;"SPRF-GO";"DEL02-GO";"UOP01-DEL02-GO"
322667;2020-11-20;"sexta-feira";"13:00:00";"PA";155;296;"MARABA";"Defeito Mecânico no Veículo";"Incêndio";"Sem Vítimas";"Pleno dia";"Decrescente";"Céu Claro";"Simples";"Reta";"Não";2;0;0;0;1;2;0;3;-5,761941;-49,164041;"SPRF-PA";"DEL03-PA";"UOP01-DEL03-PA"
322673;2020-11-20;"sexta-feira";"19:15:00";"SC";282;20,1;"PALHOCA";"Falta de Atenção à Condução";"Colisão transversal";"Com Vítimas Feridas";"Plena Noite";"Crescente";"Nublado";"Simples";"Interseção de Vias";"Sim";2;0;1;0;1;0;1;2;-27,683958;-48,71006;"SPRF-SC";"DEL01-SC";"UOP02-DEL01-SC"
322675;2020-11-20;"sexta-feira";"18:25:00";"RS";158;199,2;"CRUZ ALTA";"Falta de Atenção à Condução";"Colisão transversal";"Com Vítimas Feridas";"Pleno dia";"Decrescente";"Céu Claro";"Simples";"Reta";"Não";3;0;0;2;1;0;2;2;-28,6774444;-53,5948552;"SPRF-RS";"DEL10-RS";"UOP02-DEL10-RS"
322684;2020-11-20;"sexta-feira";"19:30:00";"ES";101;435;"MIMOSO DO SUL";"Velocidade Incompatível";"Colisão traseira";"Com Vítimas Feridas";"Plena Noite";"Decrescente";"Céu Claro";"Múltipla";"Reta";"Não";1;0;1;0;0;0;1;1;-21,05500952;-41,19609059;"SPRF-ES";"DEL03-ES";"UOP02-DEL03-ES"
322687;2020-11-20;"sexta-feira";"19:20:00";"SP";116;511;"CAJATI";"Defeito Mecânico no Veículo";"Derramamento de carga";"Com Vítimas Feridas";"Plena Noite";"Decrescente";"Céu Claro";"Simples";"Declive;Curva";"Não";2;0;1;0;0;1;1;2;-24,83558399;-48,2223738;"SPRF-SP";"DEL05-SP";"UOP02-DEL05-SP"
322688;2020-11-20;"sexta-feira";"14:20:00";"MA";316;404,3;"ALTO ALEGRE DO MARANHAO";"Falta de Atenção à Condução";"Colisão traseira";"Com Vítimas Feridas";"Pleno dia";"Crescente";"Garoa/Chuvisco";"Simples";"Reta";"Sim";3;0;0;1;1;2;1;4;-4,223082;-44,446121;"SPRF-MA";"DEL03-MA";"UOP01-DEL03-MA"
322690;2020-11-20;"sexta-feira";"19:20:00";"AL";101;199;"SAO SEBASTIAO";"Velocidade Incompatível";"Saída de leito carroçável";"Com Vítimas Feridas";"Plena Noite";"Crescente";"Céu Claro";"Dupla";"Curva";"Não";2;0;1;0;0;1;1;2;-9,94315566;-36,53647456;"SPRF-AL";"DEL02-AL";"UOP02-DEL02-AL"
322693;2020-11-20;"sexta-feira";"16:45:00";"SC";282;487,9;"FAXINAL DOS GUEDES";"Falta de Atenção à Condução";"Colisão transversal";"Com Vítimas Feridas";"Pleno dia";"Crescente";"Sol";"Simples";"Reta";"Sim";2;0;1;0;1;0;1;2;-26,85758;-52,263203;"SPRF-SC";"DEL07-SC";"UOP01-DEL07-SC"
322697;2020-11-20;"sexta-feira";"18:10:00";"GO";60;387;"RIO VERDE";"Falta de Atenção à Condução";"Colisão com objeto estático";"Com Vítimas Feridas";"Pleno dia";"Crescente";"Nublado";"Dupla";"Curva";"Sim";1;0;1;0;0;0;1;1;-17,8098;-50,9267;"SPRF-GO";"DEL04-GO";"UOP01-DEL04-GO"