"id";"data_inversa";"dia_semana";"horario";"uf";"br";"km";"municipio";"causa_acidente";"tipo_acidente";"classificacao_acidente";"fase_dia";"sentido_via";"condicao_metereologica";"tipo_pista";"tracado_via";"uso_solo";"pessoas";"mortos";"feridos_leves";"feridos_graves";"ilesos";"ignorados";"feridos";"veiculos";"latitude";"longitude";"regional";"delegacia";"uop"
323349;2020-11-23;"segunda-feira";"13:00:00";"MA";230;49;"BARAO DE GRAJAU";"Defeito Mecânico no Veículo";"Tombamento";"Sem Vítimas";"Pleno dia";"Decrescente";"Céu Claro";"Simples";"Curva";"Não";2;0;0;0;1;3;0;4;-6,61265242;-43,39803382;"SPRF-PI";"DEL03-PI";"UOP01-DEL03-PI"
323356;2020-11-23;"segunda-feira";"11:00:00";"PR";153;145,9;"VENTANIA";"Defeito Mecânico no Veículo";"Saída de leito carroçável";"Com Vítimas Feridas";"Pleno dia";"Crescente";"Céu Claro";"Simples";"Curva";"Não";1;0;1;0;0;0;1;1;-24,1186361;-50,24054206;"SPRF-PR";"DEL07-PR";"UOP04-DEL07-PR"
323361;2020-11-22;"domingo";"20:00:00";"MA";226;325;"BARRA DO CORDA";"Defeito Mecânico no Veículo";"Incêndio";"Sem Vítimas";"Plena Noite";"Decrescente";"Céu Claro";"Simples";"Reta";"Não";2;0;0;0;1;1;0;2;-5,47848362;-45,50158622;"SPRF-MA";"DEL04-MA";"UOP02-DEL04-MA"
323363;2020-11-23;"segunda-feira";"14:10:00";"DF";20;3;"BRASILIA";"Ingestão de Álcool";"Colisão lateral";"Sem Vítimas";"Pleno dia";"Decrescente";"Céu Claro";"Dupla";"Aclive";"Sim";2;0;0;0;2;0;0;2;-15,679851;-47,832211;"SPRF-DF";"DEL02-DF";"UOP01-DEL02-DF"
323365;2020-11-23;"segunda-feira";"17:40:00";"CE";116;82,1;"CASCAVEL";"Condutor Dormindo";"Colisão frontal";"Com Vítimas Feridas";"Anoitecer";"Decrescente";"Céu Claro";"Simples";"Reta;Declive";"Não";3;0;2;0;0;1;2;3;-4,40928825;-38,41496929;"SPRF-CE";"DEL03-CE";"UOP02-DEL03-CE"
323368;2020-11-22;"domingo";"23:00:00";"RJ";465;5;"SEROPEDICA";"Falta de Atenção à Condução";"Saída de leito carroçável";"Sem Vítimas";"Plena Noite";"Crescente";"Chuva";"Simples";"Reta";"Sim";2;0;0;0;1;1;0;2;-22,747673;-43,699196;"SPRF-RJ";"DEL01-RJ";"UOP03-DEL01-RJ"
323371;2020-11-23;"segunda-feira";"17:40:00";"MS";163;463,9;"CAMPO GRANDE";"Ultrapassagem Indevida";"Colisão lateral";"Sem Vítimas";"Anoitecer";"Crescente";"Céu Claro";"Simples";"Aclive";"Não";3;0;0;0;2;1;0;3;-20,61187111;-54,57639346;"SPRF-MS";"DEL01-MS";"UOP01-DEL01-MS"
323372;2020-11-23;"segunda-feira";"11:30:00";"PB";104;158,7;"BARRA DE SANTANA";"Defeito Mecânico no Veículo";"Colisão lateral";"Com Vítimas Feridas";"Pleno dia";"Crescente";"Sol";"Simples";"Reta";"Não";2;0;1;0;1;0;1;2;-7,50926896;-35,97063002;"SPRF-PB";"DEL02-PB";"UOP03-DEL02-PB"
323376;2020-11-23;"segunda-feira";"11:15:00";"MG";381;447;"SABARA";"Carga excessiva e/ou mal acondicionada";"Tombamento";"Sem Vítimas";"Pleno dia";"Crescente";"Céu Claro";"Simples";"Curva";"Não";4;0;0;0;3;1;0;4;-19,83447607;-43,85011601;"SPRF-MG";"DEL01-MG";"UOP01-DEL01-MG"
323377;2020-11-23;"segunda-feira";"18:30:00";"GO";153;504;"GOIANIA";"Falta de Atenção à Condução";"Queda de ocupante de veículo";"Com Vítimas Feridas";"Plena Noite";"Decrescente";"Céu Claro";"Múltipla";"Interseção de Vias";"Sim";2;0;0;1;1;0;1;2;-16,76711514;-49,11284781;"SPRF-GO";"DEL01-GO";"UOP01-DEL01-GO"
323381;2020-11-23;"segunda-feira";"17:00:00";"SC";280;231;"CANOINHAS";"Carga excessiva e/ou mal acondicionada";"Tombamento";"Sem Vítimas";"Pleno dia";"Crescente";"Céu Claro";"Simples";"Rotatória";"Sim";1;0;0;0;1;0;0;1;-26,1893047;-50,37170989;"SPRF-SC";"DEL06-SC";"UOP04-DEL06-SC"
323382;2020-10-26;"segunda-feira";"13:40:00";"BA";101;674,2;"ITAGIMIRIM";"Falta de Atenção à Condução";"Colisão traseira";"Com Vítimas Feridas";"Pleno dia";"Decrescente";"Céu Claro";"Dupla";"Reta";"Não";10;0;2;0;6;2;2;5;-16,033047;-39,609209;"SPRF-BA";"DEL09-BA";"UOP01-DEL09-BA"
323384;2020-11-23;"segunda-feira";"16:15:00";"MG";262;816;"UBERABA";"Defeito Mecânico no Veículo";"Saída de leito carroçável";"Sem Vítimas";"Pleno dia";"Crescente";"Nublado";"Dupla";"Reta";"Não";1;0;0;0;1;0;0;1;-19,76425055;-48,12713991;"SPRF-MG";"DEL13-MG";"UOP01-DEL13-MG"
323386;2020-06-24;"quarta-feira";"18:00:00";"SE";101;55,1;"CARMOPOLIS";"Defeito na Via";"Saída de leito carroçável";"Sem Vítimas";"Plena Noite";"Crescente";"Chuva";"Simples";"Reta";"Não";1;0;0;0;0;1;0;1;-10,633431;-37,003742;"SPRF-SE";"DEL02-SE";"UOP02-DEL02-SE"
323391;2020-11-23;"segunda-feira";"19:20:00";"PB";101;111,7;"ALHANDRA";"Falta de Atenção à Condução";"Colisão traseira";"Com Vítimas Feridas";"Plena Noite";"Decrescente";"Céu Claro";"Dupla";"Reta";"Não";2;0;1;0;0;1;1;2;-7,36987092;-34,95429127;"SPRF-PB";"DEL01-PB";"UOP02-DEL01-PB"
323393;2020-11-23;"segunda-feira";"19:10:00";"SC";280;75,5;"JARAGUA DO SUL";"Desobediência às normas de trânsito pelo condutor";"Colisão frontal";"Com Vítimas Fatais";"Anoitecer";"Crescente";"Céu Claro";"Simples";"Reta";"Não";3;1;0;0;1;1;0;3;-26,458391;-49,170483;"SPRF-SC";"DEL03-SC";"UOP03-DEL03-SC"
323394;2020-11-23;"segunda-feira";"17:30:00";"MT";158;573,7;"AGUA BOA";"Ingestão de Álcool";"Colisão lateral";"Com Vítimas Feridas";"Pleno dia";"Crescente";"Garoa/Chuvisco";"Simples";"Reta";"Não";2;0;1;0;1;0;1;2;-14,09691499;-52,16701202;"SPRF-MT";"DEL07-MT";"UOP02-DEL07-MT"
323398;2020-11-23;"segunda-feira";"18:30:00";"BA";101;298;"VALENCA";"Ultrapassagem Indevida";"Colisão lateral";"Com Vítimas Feridas";"Plena Noite";"Decrescente";"Ignorado";"Simples";"Aclive";"Não";4;0;1;0;1;2;1;4;-13,27169215;-39,32556152;"SPRF-BA";"DEL01-BA";"UOP02-DEL01-BA"
323401;2020-11-23;"segunda-feira";"20:15:00";"MS";262;152,8;"RIBAS DO RIO PARDO";"Falta de Atenção à Condução";"Saída de leito carroçável";"Com Vítimas Feridas";"Plena Noite";"Crescente";"Céu Claro";"Simples";"Reta";"Não";2;0;1;0;0;1;1;2;-20,4692891;-52,95059502;"SPRF-MS";"DEL07-MS";"UOP02-DEL07-MS"
323404;2020-11-23;"segunda-feira";"18:05:00";"SC";101;57,3;"ARAQUARI";"Carga excessiva e/ou mal acondicionada";"Colisão com objeto estático";"Com Vítimas Feridas";"Pleno dia";"Crescente";"Céu Claro";"Dupla";"Reta";"Não";2;0;0;1;1;0;1;2;-26,43757234;-48,80903721;"SPRF-SC";"DEL03-SC";"UOP01-DEL03-SC"
323405;2020-11-23;"segunda-feira";"18:20:00";"PR";373;231,9;"IMBITUVA";"Desobediência às normas de trânsito pelo condutor";"Colisão frontal";"Com Vítimas Fatais";"Anoitecer";"Crescente";"Céu Claro";"Simples";"Reta";"Não";3;1;0;1;0;2;1;4;-25,18383737;-50,68135522;"SPRF-PR";"DEL03-PR";"UOP04-DEL03-PR"
323409;2020-11-23;"segunda-feira";"17:35:00";"MG";116;129,9;"ITAOBIM";"Falta de Atenção à Condução";"Colisão frontal";"Com Vítimas Fatais";"Pleno dia";"Decrescente";"Nublado";"Simples";"Declive";"Não";4;1;0;0;2;1;0;3;-16,68925544;-41,50111198;"SPRF-MG";"DEL11-MG";"UOP02-DEL11-MG"
323411;2020-11-23;"segunda-feira";"20:49:00";"MS";262;573,7;"MIRANDA";"Falta de Atenção à Condução";"Colisão frontal";"Com Vítimas Fatais";"Plena Noite";"Decrescente";"Céu Claro";"Simples";"Curva";"Sim";2;1;0;0;1;0;0;2;-20,19088;-56,5082;"SPRF-MS";"DEL03-MS";"UOP02-DEL03-MS"
323416;2020-11-23;"segunda-feira";"15:00:00";"BA";235;230;"UAUA";"Defeito na Via";"Colisão frontal";"Com Vítimas Fatais";"Pleno dia";"Crescente";"Céu Claro";"Simples";"Reta";"Não";2;1;0;0;0;1;0;2;-9,83267145;-39,49322996;"SPRF-BA";"DEL07-BA";"UOP01-DEL07-BA"
323418;2020-11-23;"segunda-feira";"22:00:00";"BA";116;599,5;"IRAJUBA";"Desobediência às normas de trânsito pelo pedestre";"Atropelamento de Pedestre";"Com Vítimas Fatais";"Plena Noite";"Crescente";"Céu Claro";"Simples";"Declive";"Não";2;1;0;0;1;0;0;2;-13,20337992;-40,01503007;"SPRF-BA";"DEL03-BA";"UOP02-DEL03-BA"
323419;2020-11-23;"segunda-feira";"17:30:00";"MG";116;223;"CATUJI";"Pista Escorregadia";"Saída de leito carroçável";"Sem Vítimas";"Pleno dia";"Decrescente";"Chuva";"Simples";"Curva";"Não";2;0;0;0;1;1;0;2;-17,43144398;-41,51474509;"SPRF-MG";"DEL11-MG";"UOP01-DEL11-MG"
323425;2020-11-23;"segunda-feira";"16:00:00";"MG";365;337;"VARJAO DE MINAS";"Pista Escorregadia";"Saída de leito carroçável";"Com Vítimas Feridas";"Pleno dia";"Crescente";"Chuva";"Simples";"Reta;Declive";"Não";2;0;1;0;0;1;1;2;-18,30530244;-45,95512676;"SPRF-MG";"DEL10-MG";"UOP01-DEL10-MG"
323427;2020-11-23;"segunda-feira";"23:50:00";"SC";101;218;"PALHOCA";"Falta de Atenção à Condução";"Colisão lateral";"Com Vítimas Feridas";"Plena Noite";"Crescente";"Céu Claro";"Múltipla";"Reta";"Sim";4;0;1;0;2;1;1;3;-27,6758601;-48,67052525;"SPRF-SC";"DEL01-SC";"UOP02-DEL01-SC"
323431;2020-11-23;"segunda-feira";"23:25:00";"MG";251;506;"FRANCISCO SA";"Velocidade Incompatível";"Saída de leito carroçável";"Com Vítimas Feridas";"Plena Noite";"Decrescente";"Chuva";"Simples";"Declive;Curva";"Não";3;0;3;0;0;0;3;1;-16,61894941;-43,6887828;"SPRF-MG";"DEL12-MG";"UOP01-DEL12-MG"
323439;2020-11-24;"terça-feira";"04:20:00";"PR";376;623;"SAO JOSE DOS PINHAIS";"Desobediência às normas de trânsito pelo condutor";"Colisão traseira";"Com Vítimas Feridas";"Amanhecer";"Decrescente";"Céu Claro";"Dupla";"Reta";"Não";10;0;2;0;7;1;2;4;-25,63462416;-49,16182135;"SPRF-PR";"DEL01-PR";"UOP04-DEL01-PR"
323443;2020-11-24;"terça-feira";"04:00:00";"SP";116;323;"JUQUITIBA";"Defeito Mecânico no Veículo";"Saída de leito carroçável";"Sem Vítimas";"Plena Noite";"Decrescente";"Céu Claro";"Dupla";"Reta";"Sim";2;0;0;0;1;1;0;2;-23,93663197;-47,03568002;"SPRF-SP";"DEL04-SP";"UOP01-DEL04-SP"
323444;2020-11-24;"terça-feira";"00:30:00";"MG";262;913;"CAMPO FLORIDO";"Velocidade Incompatível";"Tombamento";"Sem Vítimas";"Plena Noite";"Crescente";"Nublado";"Simples";"Interseção de Vias";"Não";2;0;0;0;1;1;0;2;-19,629895;-48,849111;"SPRF-MG";"DEL13-MG";"UOP02-DEL13-MG"
323445;2020-11-24;"terça-feira";"06:30:00";"GO";153;237;"SAO LUIZ DO NORTE";"Sinalização da via insuficiente ou inadequada";"Colisão traseira";"Com Vítimas Feridas";"Amanhecer";"Decrescente";"Céu Claro";"Simples";"Declive";"Não";5;0;3;0;2;0;3;2;-14,816566;-49,295109;"SPRF-GO";"DEL07-GO";"UOP02-DEL07-GO"
323448;2020-11-24;"terça-feira";"00:10:00";"MG";116;492,9;"INHAPIM";"Defeito Mecânico no Veículo";"Incêndio";"Sem Vítimas";"Plena Noite";"Crescente";"Céu Claro";"Simples";"Reta";"Não";1;0;0;0;1;0;0;1;-19,49224599;-42,12867789;"SPRF-MG";"DEL06-MG";"UOP02-DEL06-MG"
323449;2020-11-24;"terça-feira";"05:30:00";"MA";230;22,1;"BARAO DE GRAJAU";"Carga excessiva e/ou mal acondicionada";"Tombamento";"Com Vítimas Feridas";"Pleno dia";"Crescente";"Céu Claro";"Simples";"Curva";"Não";2;0;2;0;0;0;2;1;-6,70498394;-43,191952;"SPRF-PI";"DEL03-PI";"UOP01-DEL03-PI"
323453;2020-11-24;"terça-feira";"07:05:00";"GO";153;507,9;"APARECIDA DE GOIANIA";"Falta de Atenção à Condução";"Colisão traseira";"Com Vítimas Feridas";"Pleno dia";"Decrescente";"Sol";"Dupla";"Aclive";"Não";2;0;1;0;1;0;1;2;-16,7715;-49,2387;"SPRF-GO";"DEL01-GO";"UOP03-DEL01-GO"
323454;2020-11-24;"terça-feira";"03:30:00";"CE";20;426;"MARACANAU";"Agressão Externa";"Saída de leito carroçável";"Sem Vítimas";"Plena Noite";"Decrescente";"Céu Claro";"Dupla";"Declive";"Sim";1;0;0;0;1;0;0;1;-3,86326981;-38,52460027;"SPRF-CE";"DEL01-CE";"UOP02-DEL01-CE"
323461;2020-11-24;"terça-feira";"08:15:00";"SP";116;549;"BARRA DO TURVO";"Defeito Mecânico no Veículo";"Incêndio";"Sem Vítimas";"Pleno dia";"Crescente";"Céu Claro";"Múltipla";"Curva";"Não";2;0;0;0;1;1;0;2;-24,95470506;-48,45560002;"SPRF-SP";"DEL05-SP";"UOP02-DEL05-SP"
323463;2020-11-24;"terça-feira";"08:20:00";"RS";386;34;"FREDERICO WESTPHALEN";"Desobediência às normas de trânsito pelo condutor";"Colisão transversal";"Com Vítimas Feridas";"Pleno dia";"Decrescente";"Céu Claro";"Simples";"Interseção de Vias";"Sim";3;0;1;0;1;1;1;3;-27,358442;-53,388298;"SPRF-RS";"DEL08-RS";"UOP02-DEL08-RS"
323471;2020-11-24;"terça-feira";"03:15:00";"MG";381;528;"BRUMADINHO";"Falta de Atenção à Condução";"Colisão lateral";"Sem Vítimas";"Plena Noite";"Decrescente";"Nublado";"Dupla";"Curva";"Não";2;0;0;0;1;1;0;2;-20,16368096;-44,36025002;"SPRF-MG";"DEL04-MG";"UOP03-DEL04-MG"
323474;2020-11-23;"segunda-feira";"23:00:00";"MG";381;626,4;"OLIVEIRA";"Carga excessiva e/ou mal acondicionada";"Tombamento";"Sem Vítimas";"Plena Noite";"Decrescente";"Céu Claro";"Dupla";"Reta";"Não";1;0;0;0;1;0;0;1;-20,80905491;-44,79131421;"SPRF-MG";"DEL04-MG";"UOP01-DEL04-MG"
323477;2020-11-24;"terça-feira";"09:50:00";"DF";40;0;"BRASILIA";"Falta de Atenção à Condução";"Colisão transversal";"Com Vítimas Feridas";"Pleno dia";"Crescente";"Céu Claro";"Dupla";"Interseção de Vias";"Não";2;0;0;1;1;0;1;2;-15,976897;-47,990129;"SPRF-DF";"DEL01-DF";"UOP01-DEL01-DF"
323481;2020-11-24;"terça-feira";"09:00:00";"SC";153;108,3;"CONCORDIA";"Falta de Atenção à Condução";"Tombamento";"Com Vítimas Feridas";"Pleno dia";"Crescente";"Céu Claro";"Simples";"Declive;Curva";"Não";2;0;1;0;0;1;1;2;-27,308863;-51,982967;"SPRF-SC";"DEL07-SC";"UOP04-DEL07-SC"
323484;2020-11-24;"terça-feira";"09:20:00";"CE";20;416;"MARACANAU";"Não guardar distância de segurança";"Colisão lateral";"Com Vítimas Feridas";"Pleno dia";"Crescente";"Céu Claro";"Dupla";"Reta";"Não";2;0;1;0;0;1;1;2;-3,76999035;-38,67006282;"SPRF-CE";"DEL01-CE";"UOP02-DEL01-CE"
323490;2020-11-24;"terça-feira";"11:35:00";"PR";277;138,8;"BALSA NOVA";"Falta de Atenção à Condução";"Saída de leito carroçável";"Com Vítimas Feridas";"Pleno dia";"Crescente";"Céu Claro";"Dupla";"Reta";"Não";4;0;1;1;1;2;2;4;-25,47577;-49,71706;"SPRF-PR";"DEL01-PR";"UOP03-DEL03-PR"
323491;2020-11-24;"terça-feira";"11:00:00";"RS";116;333;"BARRA DO RIBEIRO";"Desobediência às normas de trânsito pelo condutor";"Colisão frontal";"Com Vítimas Feridas";"Pleno dia";"Crescente";"Céu Claro";"Simples";"Reta";"Não";2;0;0;1;1;0;1;2;-30,40262929;-51,44811873;"SPRF-RS";"DEL02-RS";"UOP02-DEL02-RS"
323494;2020-11-24;"terça-feira";"03:00:00";"PR";153;137,4;"VENTANIA";"Velocidade Incompatível";"Tombamento";"Com Vítimas Feridas";"Plena Noite";"Decrescente";"Nublado";"Simples";"Curva";"Não";2;0;1;0;0;2;1;3;-24,05506398;-50,25276613;"SPRF-PR";"DEL07-PR";"UOP04-DEL07-PR"
323500;2020-11-24;"terça-feira";"11:20:00";"MG";381;500,2;"BETIM";"Falta de Atenção à Condução";"Colisão lateral";"Com Vítimas Feridas";"Pleno dia";"Decrescente";"Céu Claro";"Dupla";"Curva";"Sim";3;0;2;0;1;0;2;2;-20,02513493;-44,23112709;"SPRF-MG";"DEL01-MG";"UOP03-DEL01-MG"
323510;2020-11-24;"terça-feira";"12:30:00";"MS";163;806,5;"PEDRO GOMES";"Condutor Dormindo";"Engavetamento";"Com Vítimas Feridas";"Pleno dia";"Crescente";"Céu Claro";"Simples";"Em Obras";"Não";4;0;1;0;2;2;1;5;-17,86474093;-54,69900382;"SPRF-MS";"DEL06-MS";"UOP01-DEL06-MS"
323512;2020-11-24;"terça-feira";"13:05:00";"PR";369;129,8;"JATAIZINHO";"Falta de Atenção à Condução";"Colisão com objeto estático";"Sem Vítimas";"Pleno dia";"Decrescente";"Sol";"Simples";"Interseção de Vias";"Sim";1;0;0;0;1;0;0;1;-23,25707558;-50,98294616;"SPRF-PR";"DEL07-PR";"UOP01-DEL07-PR"
323514;2020-11-21;"sábado";"18:20:00";"TO";226;43;"DARCINOPOLIS";"Falta de Atenção à Condução";"Colisão frontal";"Com Vítimas Feridas";"Plena Noite";"Decrescente";"Garoa/Chuvisco";"Simples";"Reta";"Não";4;0;1;0;2;1;1;4;-6,734136;-47,775173;"SPRF-TO";"DEL02-TO";"UOP03-DEL02-TO"
323515;2020-11-24;"terça-feira";"10:50:00";"MT";163;572;"NOVA MUTUM";"Defeito na Via";"Capotamento";"Com Vítimas Feridas";"Pleno dia";"Decrescente";"Céu Claro";"Simples";"Reta";"Não";3;0;2;0;0;2;2;3;-14,1461131;-56,09974417;"SPRF-MT";"DEL01-MT";"UOP01-DEL01-MT"
323517;2020-11-24;"terça-feira";"13:55:00";"ES";101;295,9;"CARIACICA";"Falta de Atenção à Condução";"Atropelamento de Pedestre";"Com Vítimas Feridas";"Pleno dia";"Crescente";"Chuva";"Múltipla";"Reta";"Sim";3;0;1;0;1;1;1;3;-20,33223667;-40,40004683;"SPRF-ES";"DEL01-ES";"UOP01-DEL01-ES"
323522;2020-11-24;"terça-feira";"12:30:00";"MA";135;62;"SANTA RITA";"Não guardar distância de segurança";"Colisão traseira";"Com Vítimas Feridas";"Pleno dia";"Decrescente";"Céu Claro";"Simples";"Curva";"Sim";2;0;1;0;1;0;1;2;-3,06977896;-44,32330426;"SPRF-MA";"DEL01-MA";"UOP02-DEL01-MA"
323526;2020-11-10;"terça-feira";"13:00:00";"PE";101;59,7;"RECIFE";"Falta de Atenção à Condução";"Colisão lateral";"Com Vítimas Feridas";"Pleno dia";"Crescente";"Nublado";"Múltipla";"Reta";"Não";6;0;1;0;4;1;1;4;-7,97708575;-34,92607318;"SPRF-PE";"DEL01-PE";"UOP02-DEL01-PE"
323529;2020-11-24;"terça-feira";"15:10:00";"ES";101;273;"SERRA";"Pista Escorregadia";"Colisão com objeto estático";"Com Vítimas Feridas";"Pleno dia";"Decrescente";"Chuva";"Múltipla";"Reta";"Não";3;0;0;1;2;0;1;2;-20,22029207;-40,29048811;"SPRF-ES";"DEL02-ES";"UOP01-DEL02-ES"
323530;2020-11-24;"terça-feira";"14:30:00";"PA";316;49,4;"SANTA IZABEL DO PARA";"Pista Escorregadia";"Saída de leito carroçável";"Com Vítimas Feridas";"Pleno dia";"Decrescente";"Céu Claro";"Dupla";"Retorno Regulamentado";"Não";3;0;0;1;1;1;1;2;-1,29792183;-48,04943584;"SPRF-PA";"DEL01-PA";"UOP01-DEL01-PA"
323531;2020-11-24;"terça-feira";"15:10:00";"RJ";101;75;"CAMPOS DOS GOYTACAZES";"Não guardar distância de segurança";"Colisão traseira";"Com Vítimas Feridas";"Pleno dia";"Crescente";"Nublado";"Simples";"Reta";"Sim";5;0;1;0;4;0;1;4;-21,816525;-41,397686;"SPRF-RJ";"DEL08-RJ";"UOP02-DEL08-RJ"
323532;2020-11-24;"terça-feira";"15:00:00";"PR";277;139;"BALSA NOVA";"Falta de Atenção à Condução";"Colisão traseira";"Sem Vítimas";"Pleno dia";"Crescente";"Céu Claro";"Dupla";"Reta";"Sim";2;0;0;0;2;0;0;2;-25,47590024;-49,71103191;"SPRF-PR";"DEL01-PR";"UOP03-DEL03-PR"
323540;2020-11-24;"terça-feira";"12:55:00";"BA";116;364,6;"SERRINHA";"Condutor Dormindo";"Colisão frontal";"Com Vítimas Fatais";"Pleno dia";"Crescente";"Sol";"Simples";"Reta";"Não";5;1;1;0;2;1;1;4;-11,70702301;-38,98667233;"SPRF-BA";"DEL02-BA";"UOP01-DEL02-BA"
323541;2020-11-24;"terça-feira";"15:00:00";"PR";277;110;"CURITIBA";"Não guardar distância de segurança";"Colisão traseira";"Com Vítimas Feridas";"Pleno dia";"Crescente";"Céu Claro";"Dupla";"Aclive";"Sim";3;0;0;1;1;3;1;5;-25,42932271;-49,37959671;"SPRF-PR";"DEL01-PR";"UOP03-DEL03-PR"
323542;2020-10-15;"quinta-feira";"01:10:00";"RJ";116;189;"NOVA IGUACU";"Condutor Dormindo";"Colisão traseira";"Com Vítimas Feridas";"Plena Noite";"Decrescente";"Céu Claro";"Dupla";"Curva";"Sim";3;0;1;0;1;2;1;4;-22,73765712;-43,49182298;"SPRF-RJ";"DEL01-RJ";"UOP02-DEL01-RJ"
323544;2020-11-24;"terça-feira";"14:00:00";"CE";20;429;"FORTALEZA";"Desobediência às normas de trânsito pelo condutor";"Colisão lateral";"Sem Vítimas";"Pleno dia";"Decrescente";"Céu Claro";"Dupla";"Reta;Viaduto";"Sim";2;0;0;0;2;0;0;2;-3,76999035;-38,67006282;"SPRF-CE";"DEL01-CE";"UOP02-DEL01-CE"
323554;2020-11-24;"terça-feira";"11:00:00";"ES";447;13;"VILA VELHA";"Desobediência às normas de trânsito pelo condutor";"Colisão lateral";"Com Vítimas Feridas";"Pleno dia";"Crescente";"Chuva";"Dupla";"Reta";"Sim";2;0;1;0;1;0;1;2;-20,35784325;-40,3328294;"SPRF-ES";"DEL01-ES";"UOP01-DEL01-ES"
323559;2020-11-24;"terça-feira";"17:25:00";"MG";40;548,3;"NOVA LIMA";"Desobediência às normas de trânsito pelo condutor";"Colisão traseira";"Com Vítimas Feridas";"Anoitecer";"Crescente";"Céu Claro";"Dupla";"Curva";"Sim";2;0;0;1;1;0;1;2;-20,03136499;-43,96967792;"SPRF-MG";"DEL01-MG";"UOP02-DEL01-MG"
323561;2020-11-24;"terça-feira";"15:30:00";"MT";364;139;"PEDRA PRETA";"Velocidade Incompatível";"Tombamento";"Com Vítimas Feridas";"Pleno dia";"Decrescente";"Céu Claro";"Simples";"Curva";"Não";2;0;1;0;0;1;1;2;-16,79241444;-54,1958642;"SPRF-MT";"DEL02-MT";"UOP01-DEL02-MT"
323564;2020-11-24;"terça-feira";"17:40:00";"MG";381;943;"EXTREMA";"Desobediência às normas de trânsito pelo condutor";"Saída de leito carroçável";"Com Vítimas Feridas";"Anoitecer";"Decrescente";"Céu Claro";"Dupla";"Declive";"Não";8;0;2;0;4;3;2;6;-22,87018424;-46,3581479;"SPRF-MG";"DEL16-MG";"UOP03-DEL16-MG"
323566;2020-11-24;"terça-feira";"11:35:00";"RS";116;217;"MORRO REUTER";"Falta de Atenção à Condução";"Colisão traseira";"Com Vítimas Feridas";"Pleno dia";"Crescente";"Sol";"Simples";"Rotatória";"Sim";3;0;1;0;1;1;1;3;-29,54396389;-51,08555876;"SPRF-RS";"DEL05-RS";"UOP02-DEL05-RS"
323567;2020-11-24;"terça-feira";"17:40:00";"SC";101;271,7;"IMBITUBA";"Desobediência às normas de trânsito pelo condutor";"Colisão com objeto estático";"Com Vítimas Feridas";"Pleno dia";"Decrescente";"Céu Claro";"Dupla";"Reta";"Não";3;0;1;0;2;0;1;2;-28,11952601;-48,69806349;"SPRF-SC";"DEL02-SC";"UOP03-DEL02-SC"
323574;2020-11-24;"terça-feira";"17:50:00";"ES";262;50,3;"MARECHAL FLORIANO";"Falta de Atenção à Condução";"Saída de leito carroçável";"Com Vítimas Feridas";"Anoitecer";"Decrescente";"Chuva";"Simples";"Curva";"Não";1;0;1;0;0;0;1;1;-20,41422895;-40,70596425;"SPRF-ES";"DEL01-ES";"UOP01-DEL01-ES"
323582;2020-11-24;"terça-feira";"18:10:00";"SP";116;438,2;"REGISTRO";"Falta de Atenção à Condução";"Colisão traseira";"Sem Vítimas";"Anoitecer";"Crescente";"Nublado";"Dupla";"Reta";"Não";3;0;0;0;2;3;0;5;-24,44811308;-47,80555693;"SPRF-SP";"DEL05-SP";"UOP01-DEL05-SP"
323584;2020-11-24;"terça-feira";"13:40:00";"SC";470;111;"IBIRAMA";"Falta de Atenção à Condução";"Saída de leito carroçável";"Sem Vítimas";"Pleno dia";"Decrescente";"Céu Claro";"Simples";"Curva";"Não";2;0;0;0;1;2;0;3;-27,095388;-49,457878;"SPRF-SC";"DEL04-SC";"UOP02-DEL04-SC"
323603;2020-11-24;"terça-feira";"17:45:00";"TO";226;22;"PALMEIRAS DO TOCANTINS";"Defeito na Via";"Tombamento";"Sem Vítimas";"Anoitecer";"Crescente";"Céu Claro";"Simples";"Reta";"Não";2;0;0;0;1;1;0;2;-6,634045;-47,632057;"SPRF-TO";"DEL02-TO";"UOP03-DEL02-TO"
323605;2020-11-24;"terça-feira";"22:00:00";"SC";101;5,9;"GARUVA";"Defeito Mecânico no Veículo";"Incêndio";"Sem Vítimas";"Plena Noite";"Decrescente";"Nublado";"Dupla";"Reta;Interseção de Vias";"Sim";2;0;0;0;1;1;0;2;-26,01779797;-48,86233322;"SPRF-SC";"DEL03-SC";"UOP01-DEL03-SC"
323608;2020-11-24;"terça-feira";"21:40:00";"PR";277;140,7;"BALSA NOVA";"Falta de Atenção à Condução";"Colisão frontal";"Com Vítimas Fatais";"Plena Noite";"Decrescente";"Céu Claro";"Simples";"Reta";"Não";2;1;0;0;1;0;0;2;-25,46502279;-49,73715663;"SPRF-PR";"DEL01-PR";"UOP03-DEL03-PR"
323610;2020-11-24;"terça-feira";"23:50:00";"PR";476;347,9;"PAULA FREITAS";"Falta de Atenção à Condução";"Tombamento";"Com Vítimas Feridas";"Plena Noite";"Crescente";"Nublado";"Simples";"Curva";"Não";1;0;1;0;0;0;1;1;-26,179869;-50,950886;"SPRF-PR";"DEL02-PR";"UOP03-DEL02-PR"