"id";"data_inversa";"dia_semana";"horario";"uf";"br";"km";"municipio";"causa_acidente";"tipo_acidente";"classificacao_acidente";"fase_dia";"sentido_via";"condicao_metereologica";"tipo_pista";"tracado_via";"uso_solo";"pessoas";"mortos";"feridos_leves";"feridos_graves";"ilesos";"ignorados";"feridos";"veiculos";"latitude";"longitude";"regional";"delegacia";"uop"
323614;2020-11-25;"quarta-feira";"02:00:00";"SP";116;39,5;"CACHOEIRA PAULISTA";"Condutor Dormindo";"Colisão traseira";"Com Vítimas Feridas";"Plena Noite";"Decrescente";"Céu Claro";"Dupla";"Reta";"Não";3;0;1;0;2;0;1;3;-22,67527958;-44,99918431;"SPRF-SP";"DEL08-SP";"UOP02-DEL08-SP"
323615;2020-11-25;"quarta-feira";"03:15:00";"MG";262;361,5;"BETIM";"Ingestão de Álcool";"Colisão lateral";"Sem Vítimas";"Plena Noite";"Crescente";"Céu Claro";"Dupla";"Reta";"Sim";4;0;0;0;2;2;0;3;-19,97906129;-44,21765208;"SPRF-MG";"DEL01-MG";"UOP03-DEL01-MG"
323624;2020-11-25;"quarta-feira";"05:20:00";"RN";101;83;"NATAL";"Falta de Atenção à Condução";"Colisão traseira";"Com Vítimas Feridas";"Pleno dia";"Crescente";"Céu Claro";"Dupla";"Reta";"Não";12;0;7;2;2;1;9;3;-5,7710445;-35,26616981;"SPRF-RN";"DEL02-RN";"UOP01-DEL02-RN"
323626;2020-11-25;"quarta-feira";"05:30:00";"RJ";116;182;"NOVA IGUACU";"Defeito Mecânico no Veículo";"Engavetamento";"Sem Vítimas";"Pleno dia";"Decrescente";"Céu Claro";"Múltipla";"Reta";"Não";3;0;0;0;3;0;0;3;-22,7567755;-43,43107234;"SPRF-RJ";"DEL01-RJ";"UOP02-DEL01-RJ"
323627;2020-11-25;"quarta-feira";"05:00:00";"MG";50;133,4;"UBERABA";"Condutor Dormindo";"Colisão com objeto estático";"Com Vítimas Feridas";"Amanhecer";"Decrescente";"Céu Claro";"Dupla";"Reta";"Não";1;0;1;0;0;0;1;1;-19,417693;-48,071152;"SPRF-MG";"DEL13-MG";"UOP01-DEL13-MG"
323630;2020-11-24;"terça-feira";"15:45:00";"MG";381;524,5;"BRUMADINHO";"Velocidade Incompatível";"Colisão traseira";"Sem Vítimas";"Pleno dia";"Crescente";"Chuva";"Dupla";"Reta;Declive";"Não";4;0;0;0;3;1;0;4;-20,141117;-44,318576;"SPRF-MG";"DEL04-MG";"UOP03-DEL04-MG"
323632;2020-11-24;"terça-feira";"20:30:00";"MG";381;566,4;"ITAGUARA";"Velocidade Incompatível";"Saída de leito carroçável";"Com Vítimas Feridas";"Plena Noite";"Crescente";"Nublado";"Dupla";"Curva;Declive";"Não";2;0;1;0;0;1;1;2;-20,402277;-44,508082;"SPRF-MG";"DEL04-MG";"UOP03-DEL04-MG"
323634;2020-11-24;"terça-feira";"22:40:00";"MG";365;368;"PATOS DE MINAS";"Defeito Mecânico no Veículo";"Tombamento";"Sem Vítimas";"Plena Noite";"Decrescente";"Céu Claro";"Dupla";"Curva";"Não";2;0;0;0;1;1;0;2;-18,50025784;-46,10951814;"SPRF-MG";"DEL10-MG";"UOP01-DEL10-MG"
323635;2020-11-25;"quarta-feira";"05:40:00";"RS";153;585,8;"BAGE";"Falta de Atenção à Condução";"Colisão traseira";"Com Vítimas Feridas";"Amanhecer";"Crescente";"Céu Claro";"Simples";"Reta";"Não";4;0;1;0;3;0;1;2;-31,09428727;-53,73220672;"SPRF-RS";"DEL11-RS";"UOP03-DEL11-RS"
323646;2020-11-25;"quarta-feira";"07:38:00";"SP";153;256;"MARILIA";"Pista Escorregadia";"Tombamento";"Com Vítimas Feridas";"Pleno dia";"Crescente";"Céu Claro";"Dupla";"Reta";"Sim";4;0;1;0;2;1;1;3;-22,231552;-49,91968;"SPRF-SP";"DEL07-SP";"UOP02-DEL07-SP"
323651;2020-11-25;"quarta-feira";"08:05:00";"SC";101;260;"PAULO LOPES";"Velocidade Incompatível";"Tombamento";"Com Vítimas Fatais";"Pleno dia";"Crescente";"Céu Claro";"Simples";"Declive;Curva";"Não";2;1;0;0;0;2;0;3;-28,02209;-48,702483;"SPRF-SC";"DEL02-SC";"UOP03-DEL02-SC"
323653;2020-11-25;"quarta-feira";"06:40:00";"BA";101;371;"GANDU";"Pista Escorregadia";"Saída de leito carroçável";"Sem Vítimas";"Amanhecer";"Decrescente";"Nublado";"Simples";"Curva";"Não";1;0;0;0;1;0;0;1;-13,796605;-39,495544;"SPRF-BA";"DEL05-BA";"UOP03-DEL05-BA"
323654;2020-11-25;"quarta-feira";"08:15:00";"SC";101;136,7;"BALNEARIO CAMBORIU";"Não guardar distância de segurança";"Colisão lateral";"Com Vítimas Feridas";"Pleno dia";"Decrescente";"Céu Claro";"Dupla";"Reta";"Sim";3;0;0;1;1;1;1;3;-27,008113;-48,617245;"SPRF-SC";"DEL04-SC";"UOP03-DEL04-SC"
323658;2020-11-25;"quarta-feira";"07:50:00";"ES";101;166,7;"LINHARES";"Falta de Atenção à Condução";"Colisão traseira";"Com Vítimas Feridas";"Pleno dia";"Decrescente";"Céu Claro";"Simples";"Reta";"Não";3;0;1;0;1;1;1;3;-19,52077663;-40,14566638;"SPRF-ES";"DEL04-ES";"UOP01-DEL04-ES"
323661;2020-11-22;"domingo";"05:30:00";"MT";70;4;"BARRA DO GARCAS";"Condutor Dormindo";"Colisão lateral";"Com Vítimas Feridas";"Pleno dia";"Crescente";"Céu Claro";"Simples";"Reta";"Sim";2;0;1;0;1;0;1;2;-15,87907036;-52,28563311;"SPRF-MT";"DEL07-MT";"UOP01-DEL07-MT"
323666;2020-11-25;"quarta-feira";"03:30:00";"MG";116;89,5;"MEDINA";"Velocidade Incompatível";"Saída de leito carroçável";"Com Vítimas Feridas";"Plena Noite";"Crescente";"Nublado";"Simples";"Curva";"Não";1;0;1;0;0;0;1;1;-16,342478;-41,476151;"SPRF-MG";"DEL11-MG";"UOP02-DEL11-MG"
323667;2020-11-25;"quarta-feira";"09:15:00";"RN";304;38;"MOSSORO";"Falta de Atenção à Condução";"Colisão traseira";"Com Vítimas Feridas";"Pleno dia";"Crescente";"Sol";"Dupla";"Reta";"Sim";5;0;2;0;1;2;2;4;-5,18138457;-37,36832252;"SPRF-RN";"DEL04-RN";"UOP02-DEL04-RN"
323668;2020-11-25;"quarta-feira";"09:15:00";"MG";40;590;"ITABIRITO";"Falta de Atenção à Condução";"Colisão com objeto estático";"Com Vítimas Feridas";"Pleno dia";"Decrescente";"Céu Claro";"Dupla";"Curva";"Não";2;0;1;0;0;1;1;2;-20,36807799;-43,90982881;"SPRF-MG";"DEL01-MG";"UOP02-DEL01-MG"
323670;2020-07-05;"domingo";"01:30:00";"MG";365;156;"PIRAPORA";"Ingestão de álcool e/ou substâncias psicoativas pelo pedestre";"Atropelamento de Pedestre";"Com Vítimas Feridas";"Plena Noite";"Decrescente";"Ignorado";"Simples";"Reta";"Não";2;0;0;1;0;1;1;2;-17,33324402;-44,89769078;"SPRF-MG";"DEL12-MG";"UOP01-DEL12-MG"
323672;2020-11-25;"quarta-feira";"09:20:00";"PR";376;595;"CURITIBA";"Falta de Atenção à Condução";"Colisão lateral";"Com Vítimas Feridas";"Pleno dia";"Crescente";"Sol";"Dupla";"Reta";"Sim";4;0;1;0;2;1;1;3;-25,49317991;-49,34370776;"SPRF-PR";"DEL01-PR";"UOP01-DEL01-PR"
323673;2020-11-25;"quarta-feira";"10:40:00";"ES";101;314;"VILA VELHA";"Falta de Atenção à Condução";"Colisão traseira";"Com Vítimas Feridas";"Pleno dia";"Crescente";"Chuva";"Simples";"Reta";"Não";4;0;1;0;3;0;1;3;-20,461157;-40,46533;"SPRF-ES";"DEL01-ES";"UOP01-DEL01-ES"
323680;2020-11-25;"quarta-feira";"10:50:00";"RS";290;10,6;"OSORIO";"Condutor Dormindo";"Colisão frontal";"Com Vítimas Fatais";"Pleno dia";"Decrescente";"Céu Claro";"Dupla";"Curva";"Não";3;3;0;0;0;0;0;2;-29,891388;-50,373714;"SPRF-RS";"DEL03-RS";"UOP01-DEL03-RS"
323683;2020-11-25;"quarta-feira";"08:50:00";"PI";135;404;"REDENCAO DO GURGUEIA";"Não guardar distância de segurança";"Colisão traseira";"Sem Vítimas";"Pleno dia";"Crescente";"Céu Claro";"Simples";"Reta";"Não";3;0;0;0;2;1;0;3;-9,35800221;-44,56683679;"SPRF-PI";"DEL03-PI";"UOP02-DEL03-PI"
323685;2020-11-25;"quarta-feira";"10:40:00";"MG";116;530,5;"CARATINGA";"Falta de Atenção à Condução";"Colisão lateral";"Com Vítimas Feridas";"Pleno dia";"Crescente";"Céu Claro";"Simples";"Reta";"Sim";3;0;0;1;1;1;1;3;-19,81067298;-42,13539446;"SPRF-MG";"DEL06-MG";"UOP02-DEL06-MG"
323686;2020-11-25;"quarta-feira";"10:00:00";"MA";135;56,1;"BACABEIRA";"Falta de Atenção à Condução";"Engavetamento";"Sem Vítimas";"Pleno dia";"Decrescente";"Céu Claro";"Simples";"Reta";"Não";4;0;0;0;4;0;0;4;-3,01625804;-44,31502066;"SPRF-MA";"DEL01-MA";"UOP02-DEL01-MA"
323689;2020-11-25;"quarta-feira";"11:50:00";"PR";476;246;"LAPA";"Falta de Atenção à Condução";"Colisão lateral";"Com Vítimas Feridas";"Pleno dia";"Crescente";"Sol";"Simples";"Reta";"Não";3;0;1;0;1;1;1;3;-25,865164;-50,123096;"SPRF-PR";"DEL02-PR";"UOP04-DEL02-PR"
323690;2020-11-25;"quarta-feira";"12:45:00";"ES";259;35;"COLATINA";"Desobediência às normas de trânsito pelo condutor";"Colisão frontal";"Com Vítimas Feridas";"Pleno dia";"Crescente";"Céu Claro";"Simples";"Curva";"Não";3;0;0;1;2;0;1;2;-19,5706707;-40,50497334;"SPRF-ES";"DEL02-ES";"UOP01-DEL02-ES"
323692;2020-11-25;"quarta-feira";"13:00:00";"RS";158;332;"SANTA MARIA";"Falta de Atenção à Condução";"Colisão transversal";"Com Vítimas Feridas";"Pleno dia";"Crescente";"Céu Claro";"Simples";"Interseção de Vias";"Sim";2;0;1;0;1;0;1;2;-29,7075632961;-53,8541389357;"SPRF-RS";"DEL09-RS";"UOP01-DEL09-RS"
323693;2020-10-24;"sábado";"19:30:00";"RJ";101;275;"TANGUA";"Falta de Atenção à Condução";"Colisão traseira";"Com Vítimas Feridas";"Plena Noite";"Decrescente";"Chuva";"Dupla";"Reta";"Sim";5;0;2;0;2;1;2;3;-22,73653355;-42,72909106;"SPRF-RJ";"DEL02-RJ";"UOP03-DEL02-RJ"
323696;2020-11-25;"quarta-feira";"12:45:00";"RJ";40;6;"COMENDADOR LEVY GASPARIAN";"Defeito Mecânico no Veículo";"Incêndio";"Sem Vítimas";"Pleno dia";"Crescente";"Céu Claro";"Dupla";"Reta";"Não";2;0;0;0;1;1;0;2;-22,03172956;-43,2244336;"SPRF-RJ";"DEL05-RJ";"UOP02-DEL05-RJ"
323699;2020-11-25;"quarta-feira";"14:10:00";"SC";470;83,5;"RODEIO";"Falta de Atenção à Condução";"Colisão frontal";"Com Vítimas Feridas";"Pleno dia";"Decrescente";"Céu Claro";"Simples";"Reta";"Não";5;0;2;0;2;1;2;3;-26,963474;-49,332661;"SPRF-SC";"DEL04-SC";"UOP01-DEL04-SC"
323700;2020-11-25;"quarta-feira";"13:00:00";"PR";163;95,5;"CAPANEMA";"Desobediência às normas de trânsito pelo condutor";"Colisão transversal";"Com Vítimas Fatais";"Pleno dia";"Crescente";"Céu Claro";"Simples";"Reta";"Não";4;1;1;0;1;1;1;3;-25,62459;-53,802579;"SPRF-PR";"DEL02-PR";"UOP02-DEL02-PR"
323703;2020-11-12;"quinta-feira";"17:30:00";"PA";230;588;"VITORIA DO XINGU";"Defeito Mecânico no Veículo";"Saída de leito carroçável";"Com Vítimas Feridas";"Anoitecer";"Decrescente";"Céu Claro";"Simples";"Declive";"Não";1;0;1;0;0;0;1;1;-3,10829174;-51,82971954;"SPRF-PA";"DEL04-PA";"UOP01-DEL04-PA"
323712;2020-11-25;"quarta-feira";"07:10:00";"BA";101;790;"ITAMARAJU";"Velocidade Incompatível";"Tombamento";"Com Vítimas Feridas";"Pleno dia";"Crescente";"Chuva";"Simples";"Curva";"Não";3;0;0;2;0;1;2;2;-17,06833698;-39,55800203;"SPRF-BA";"DEL09-BA";"UOP01-DEL09-BA"
323715;2020-11-25;"quarta-feira";"15:20:00";"TO";153;409,7;"MIRANORTE";"Falta de Atenção à Condução";"Colisão lateral";"Com Vítimas Feridas";"Pleno dia";"Crescente";"Céu Claro";"Simples";"Curva";"Não";7;0;3;2;1;1;5;3;-9,49014778;-48,58485911;"SPRF-TO";"DEL02-TO";"UOP02-DEL02-TO"
323720;2020-11-25;"quarta-feira";"12:00:00";"MG";262;33,8;"MANHUACU";"Falta de Atenção à Condução";"Colisão transversal";"Com Vítimas Feridas";"Pleno dia";"Decrescente";"Sol";"Simples";"Curva";"Sim";3;0;0;1;1;1;1;3;-20,25550548;-42,00465315;"SPRF-MG";"DEL06-MG";"UOP03-DEL06-MG"
323722;2020-11-25;"quarta-feira";"10:40:00";"GO";364;380,2;"SANTA RITA DO ARAGUAIA";"Mal Súbito";"Saída de leito carroçável";"Com Vítimas Feridas";"Pleno dia";"Decrescente";"Céu Claro";"Simples";"Reta";"Não";3;0;1;0;0;2;1;3;-17,357519;-53,157822;"SPRF-GO";"DEL05-GO";"UOP01-DEL05-GO"
323723;2020-11-25;"quarta-feira";"13:40:00";"RS";470;154,5;"NOVA PRATA";"Não guardar distância de segurança";"Engavetamento";"Com Vítimas Feridas";"Pleno dia";"Decrescente";"Céu Claro";"Simples";"Reta";"Sim";4;0;1;0;2;1;1;4;-28,78243906;-51,61511825;"SPRF-RS";"DEL06-RS";"UOP02-DEL06-RS"
323728;2020-11-25;"quarta-feira";"16:30:00";"RN";226;160,7;"CURRAIS NOVOS";"Defeito Mecânico no Veículo";"Capotamento";"Com Vítimas Feridas";"Pleno dia";"Decrescente";"Céu Claro";"Simples";"Reta";"Não";2;0;2;0;0;0;2;1;-6,20192297;-36,39409301;"SPRF-RN";"DEL03-RN";"UOP02-DEL03-RN"
323729;2020-11-25;"quarta-feira";"15:40:00";"RS";116;269;"CANOAS";"Falta de Atenção à Condução";"Colisão lateral";"Com Vítimas Feridas";"Pleno dia";"Decrescente";"Nublado";"Múltipla";"Reta";"Sim";2;0;1;0;1;0;1;2;-29,95942501;-51,17608515;"SPRF-RS";"DEL01-RS";"UOP01-DEL01-RS"
323735;2020-11-25;"quarta-feira";"16:00:00";"CE";226;236,3;"PEDRA BRANCA";"Defeito Mecânico no Veículo";"Saída de leito carroçável";"Com Vítimas Fatais";"Pleno dia";"Crescente";"Céu Claro";"Simples";"Curva";"Sim";4;1;2;0;0;1;2;2;-5,42695;-39,845014;"SPRF-CE";"DEL02-CE";"UOP02-DEL02-CE"
323736;2020-11-09;"segunda-feira";"09:00:00";"MG";365;273,9;"JOAO PINHEIRO";"Defeito Mecânico no Veículo";"Saída de leito carroçável";"Sem Vítimas";"Pleno dia";"Crescente";"Céu Claro";"Simples";"Reta";"Não";2;0;0;0;1;1;0;2;-17,96221895;-45,59438109;"SPRF-MG";"DEL14-MG";"UOP02-DEL14-MG"
323739;2020-11-25;"quarta-feira";"17:45:00";"MG";381;777;"CAMPANHA";"Falta de Atenção à Condução";"Colisão traseira";"Com Vítimas Fatais";"Pleno dia";"Crescente";"Céu Claro";"Dupla";"Reta";"Não";3;1;1;0;0;1;1;3;-21,82472705;-45,49551193;"SPRF-MG";"DEL16-MG";"UOP02-DEL16-MG"
323741;2020-11-25;"quarta-feira";"17:53:00";"SP";116;139;"SAO JOSE DOS CAMPOS";"Desobediência às normas de trânsito pelo condutor";"Colisão lateral";"Com Vítimas Feridas";"Anoitecer";"Decrescente";"Nublado";"Dupla";"Reta";"Sim";2;0;0;1;0;1;1;2;-23,16153216;-45,80400592;"SPRF-SP";"DEL06-SP";"UOP01-DEL06-SP"
323743;2020-11-25;"quarta-feira";"18:25:00";"PE";316;25;"ARARIPINA";"Falta de Atenção à Condução";"Colisão transversal";"Com Vítimas Feridas";"Plena Noite";"Decrescente";"Céu Claro";"Simples";"Reta";"Não";4;0;2;0;1;1;2;3;-7,59595686;-40,49329368;"SPRF-PE";"DEL05-PE";"UOP02-DEL05-PE"
323744;2020-11-25;"quarta-feira";"16:30:00";"MS";262;487;"ANASTACIO";"Desobediência às normas de trânsito pelo condutor";"Colisão transversal";"Sem Vítimas";"Pleno dia";"Decrescente";"Céu Claro";"Simples";"Interseção de Vias";"Não";2;0;0;0;1;1;0;2;-20,49896967;-55,78739397;"SPRF-MS";"DEL03-MS";"UOP01-DEL03-MS"
323745;2020-11-25;"quarta-feira";"12:40:00";"MG";381;430;"CAETE";"Falta de Atenção à Condução";"Saída de leito carroçável";"Com Vítimas Feridas";"Pleno dia";"Decrescente";"Céu Claro";"Simples";"Curva";"Não";2;0;1;0;0;1;1;2;-19,78663743;-43,71433695;"SPRF-MG";"DEL01-MG";"UOP01-DEL01-MG"
323752;2020-11-25;"quarta-feira";"17:30:00";"RJ";393;281,1;"VOLTA REDONDA";"Ultrapassagem Indevida";"Colisão lateral";"Sem Vítimas";"Pleno dia";"Decrescente";"Céu Claro";"Simples";"Reta";"Sim";4;0;0;0;4;0;0;4;-22,48025569;-44,02974901;"SPRF-RJ";"DEL05-RJ";"UOP04-DEL05-RJ"
323758;2020-11-25;"quarta-feira";"17:00:00";"ES";101;441,7;"MIMOSO DO SUL";"Desobediência às normas de trânsito pelo condutor";"Colisão lateral";"Sem Vítimas";"Pleno dia";"Crescente";"Nublado";"Simples";"Curva";"Não";4;0;0;0;2;3;0;5;-21,07264705;-41,22787382;"SPRF-ES";"DEL03-ES";"UOP02-DEL03-ES"
323760;2020-11-25;"quarta-feira";"01:30:00";"MG";40;277,8;"TRES MARIAS";"Carga excessiva e/ou mal acondicionada";"Tombamento";"Com Vítimas Feridas";"Plena Noite";"Crescente";"Nublado";"Simples";"Aclive;Curva";"Não";2;0;1;0;0;1;1;2;-18,21264695;-45,22480595;"SPRF-MG";"DEL14-MG";"UOP02-DEL14-MG"
323761;2020-11-25;"quarta-feira";"16:10:00";"MT";163;829;"SINOP";"Falta de Atenção à Condução";"Colisão transversal";"Com Vítimas Feridas";"Pleno dia";"Crescente";"Céu Claro";"Simples";"Reta";"Sim";2;0;1;0;1;0;1;2;-11,91281004;-55,50849795;"SPRF-MT";"DEL06-MT";"UOP01-DEL06-MT"
323762;2020-11-25;"quarta-feira";"18:00:00";"RJ";116;244,7;"PIRAI";"Falta de Atenção à Condução";"Colisão lateral";"Sem Vítimas";"Anoitecer";"Decrescente";"Nublado";"Dupla";"Reta";"Não";3;0;0;0;2;1;0;3;-22,62453834;-43,91765203;"SPRF-RJ";"DEL07-RJ";"UOP01-DEL07-RJ"
323768;2020-11-25;"quarta-feira";"19:55:00";"PB";101;49,6;"MAMANGUAPE";"Defeito Mecânico no Veículo";"Incêndio";"Sem Vítimas";"Plena Noite";"Decrescente";"Céu Claro";"Dupla";"Reta";"Não";2;0;0;0;1;1;0;2;-6,91464699;-35,11263198;"SPRF-PB";"DEL01-PB";"UOP04-DEL01-PB"
323769;2020-11-25;"quarta-feira";"17:50:00";"PR";369;184,3;"ARAPONGAS";"Falta de Atenção à Condução";"Colisão transversal";"Com Vítimas Feridas";"Pleno dia";"Decrescente";"Céu Claro";"Simples";"Reta";"Sim";2;0;0;1;0;1;1;2;-23,4015592;-51,42765105;"SPRF-PR";"DEL07-PR";"UOP03-DEL07-PR"
323772;2020-11-25;"quarta-feira";"20:04:00";"TO";153;346;"GUARAI";"Defeito na Via";"Tombamento";"Com Vítimas Feridas";"Plena Noite";"Decrescente";"Céu Claro";"Simples";"Reta";"Não";2;0;0;1;0;2;1;3;-8,94384509;-48,50359317;"SPRF-TO";"DEL02-TO";"UOP02-DEL02-TO"
323773;2020-11-25;"quarta-feira";"18:20:00";"RJ";101;330,4;"RIO DE JANEIRO";"Não guardar distância de segurança";"Colisão lateral";"Com Vítimas Feridas";"Pleno dia";"Crescente";"Céu Claro";"Múltipla";"Reta";"Não";2;0;0;1;1;0;1;2;-22,8684989;-43,18548699;"SPRF-RJ";"DEL02-RJ";"UOP02-DEL02-RJ"
323776;2020-11-25;"quarta-feira";"20:00:00";"ES";101;290,5;"CARIACICA";"Desobediência às normas de trânsito pelo condutor";"Colisão traseira";"Com Vítimas Feridas";"Plena Noite";"Decrescente";"Nublado";"Dupla";"Reta";"Sim";3;0;1;0;1;1;1;3;-20,28927747;-40,39181575;"SPRF-ES";"DEL01-ES";"UOP01-DEL01-ES"
323789;2020-11-25;"quarta-feira";"16:01:00";"SP";116;230;"SAO PAULO";"Falta de Atenção à Condução";"Colisão traseira";"Sem Vítimas";"Pleno dia";"Decrescente";"Céu Claro";"Múltipla";"Reta";"Não";3;0;0;0;2;1;0;3;-23,52251783;-46,5855702;"SPRF-SP";"DEL01-SP";"UOP01-DEL01-SP"
323795;2020-11-25;"quarta-feira";"22:50:00";"PR";376;634;"SAO JOSE DOS PINHAIS";"Condutor Dormindo";"Colisão traseira";"Com Vítimas Feridas";"Plena Noite";"Crescente";"Nublado";"Múltipla";"Reta";"Não";3;0;1;0;1;1;1;3;-25,73029716;-49,13356446;"SPRF-PR";"DEL01-PR";"UOP04-DEL01-PR"
323801;2020-11-25;"quarta-feira";"21:10:00";"PR";376;317,2;"ORTIGUEIRA";"Velocidade Incompatível";"Tombamento";"Com Vítimas Feridas";"Pleno dia";"Decrescente";"Céu Claro";"Simples";"Curva";"Não";2;0;1;0;0;1;1;2;-24,039;-51,0777;"SPRF-PR";"DEL07-PR";"UOP03-DEL07-PR"
323802;2020-11-25;"quarta-feira";"21:50:00";"SP";116;344;"MIRACATU";"Defeito Mecânico no Veículo";"Incêndio";"Sem Vítimas";"Plena Noite";"Decrescente";"Nublado";"Dupla";"Reta";"Não";2;0;0;0;1;1;0;2;-24,030436;-47,178276;"SPRF-SP";"DEL04-SP";"UOP02-DEL04-SP"
323813;2020-11-26;"quinta-feira";"00:30:00";"MG";381;673,5;"PERDOES";"Condutor Dormindo";"Colisão traseira";"Com Vítimas Feridas";"Plena Noite";"Decrescente";"Nublado";"Dupla";"Aclive;Reta";"Não";3;0;1;0;1;1;1;3;-21,09966091;-45,08510908;"SPRF-MG";"DEL04-MG";"UOP02-DEL04-MG"
323815;2020-11-25;"quarta-feira";"23:35:00";"PE";116;44;"SALGUEIRO";"Animais na Pista";"Tombamento";"Com Vítimas Feridas";"Plena Noite";"Crescente";"Céu Claro";"Simples";"Declive";"Não";2;0;2;0;0;0;2;1;-8,223163;-39,105778;"SPRF-PE";"DEL05-PE";"UOP01-DEL05-PE"
323817;2020-11-26;"quinta-feira";"02:50:00";"RJ";101;121;"CAMPOS DOS GOYTACAZES";"Deficiência ou não Acionamento do Sistema de Iluminação/Sinalização do Veículo";"Colisão traseira";"Com Vítimas Fatais";"Plena Noite";"Crescente";"Chuva";"Dupla";"Reta";"Não";3;1;0;1;1;0;1;2;-22,03520162;-41,69372827;"SPRF-RJ";"DEL08-RJ";"UOP02-DEL08-RJ"
323822;2020-11-26;"quinta-feira";"04:20:00";"MS";163;177;"JUTI";"Animais na Pista";"Atropelamento de Animal";"Sem Vítimas";"Pleno dia";"Crescente";"Céu Claro";"Simples";"Reta";"Não";2;0;0;0;1;1;0;2;-22,84927096;-54,65560899;"SPRF-MS";"DEL09-MS";"UOP01-DEL09-MS"
323826;2020-11-26;"quinta-feira";"02:00:00";"GO";364;89,6;"CACHOEIRA ALTA";"Condutor Dormindo";"Colisão transversal";"Com Vítimas Feridas";"Plena Noite";"Decrescente";"Céu Claro";"Simples";"Rotatória";"Não";5;0;1;0;3;1;1;3;-18,509233;-51,067924;"SPRF-GO";"DEL05-GO";"UOP02-DEL05-GO"
323828;2020-11-14;"sábado";"00:30:00";"PA";222;177;"BOM JESUS DO TOCANTINS";"Ingestão de Álcool";"Colisão lateral";"Com Vítimas Feridas";"Plena Noite";"Decrescente";"Céu Claro";"Simples";"Reta";"Não";5;0;2;1;1;1;3;3;-5,058796;-48,634888;"SPRF-PA";"DEL03-PA";"UOP01-DEL03-PA"
323832;2020-11-26;"quinta-feira";"02:10:00";"RJ";101;214;"SILVA JARDIM";"Falta de Atenção à Condução";"Colisão traseira";"Com Vítimas Feridas";"Plena Noite";"Decrescente";"Nublado";"Dupla";"Reta";"Não";2;0;1;0;0;1;1;2;-22,49876081;-42,26744726;"SPRF-RJ";"DEL08-RJ";"UOP04-DEL08-RJ"
323834;2020-11-26;"quinta-feira";"06:40:00";"PR";116;77;"QUATRO BARRAS";"Desobediência às normas de trânsito pelo pedestre";"Atropelamento de Pedestre";"Com Vítimas Feridas";"Pleno dia";"Decrescente";"Sol";"Dupla";"Reta";"Sim";3;0;0;1;1;1;1;3;-25,38360492;-49,05301123;"SPRF-PR";"DEL01-PR";"UOP01-DEL01-PR"
323839;2020-11-26;"quinta-feira";"06:20:00";"SP";116;370,3;"MIRACATU";"Falta de Atenção à Condução";"Colisão transversal";"Com Vítimas Feridas";"Pleno dia";"Decrescente";"Céu Claro";"Dupla";"Declive";"Não";2;0;1;0;1;0;1;2;-24,15230452;-47,32081981;"SPRF-SP";"DEL04-SP";"UOP02-DEL04-SP"
323841;2020-11-26;"quinta-feira";"05:30:00";"ES";259;92,6;"BAIXO GUANDU";"Falta de Atenção à Condução";"Tombamento";"Com Vítimas Feridas";"Amanhecer";"Decrescente";"Céu Claro";"Simples";"Reta";"Não";2;0;0;1;0;2;1;3;-19,50812432;-40,92563706;"SPRF-ES";"DEL02-ES";"UOP01-DEL02-ES"
323843;2020-11-26;"quinta-feira";"06:15:00";"MT";364;162;"PEDRA PRETA";"Falta de Atenção à Condução";"Colisão traseira";"Sem Vítimas";"Pleno dia";"Crescente";"Céu Claro";"Simples";"Reta";"Não";3;0;0;0;2;4;0;6;-16,70477214;-54,27844522;"SPRF-MT";"DEL02-MT";"UOP01-DEL02-MT"
323845;2020-11-26;"quinta-feira";"07:20:00";"MS";163;553,1;"BANDEIRANTES";"Velocidade Incompatível";"Saída de leito carroçável";"Com Vítimas Feridas";"Pleno dia";"Crescente";"Céu Claro";"Simples";"Reta";"Não";4;0;1;0;2;1;1;3;-19,88039177;-54,37133789;"SPRF-MS";"DEL01-MS";"UOP02-DEL01-MS"
323846;2020-11-26;"quinta-feira";"07:20:00";"PB";230;36;"SANTA RITA";"Velocidade Incompatível";"Engavetamento";"Com Vítimas Feridas";"Pleno dia";"Decrescente";"Sol";"Dupla";"Declive;Reta";"Sim";12;0;2;0;9;1;2;11;-7,1246;-34,9473;"SPRF-PB";"DEL01-PB";"UOP03-DEL01-PB"
323851;2020-11-26;"quinta-feira";"07:30:00";"RJ";101;303;"SAO GONCALO";"Falta de Atenção à Condução";"Colisão traseira";"Com Vítimas Feridas";"Pleno dia";"Crescente";"Céu Claro";"Dupla";"Reta";"Sim";2;0;1;0;1;0;1;2;-22,7828205;-42,9766681;"SPRF-RJ";"DEL02-RJ";"UOP02-DEL02-RJ"
323857;2020-11-26;"quinta-feira";"05:24:00";"MT";364;458;"VARZEA GRANDE";"Falta de Atenção à Condução";"Colisão frontal";"Sem Vítimas";"Amanhecer";"Crescente";"Céu Claro";"Simples";"Curva";"Não";3;0;0;0;2;5;0;7;-15,50060901;-56,2737465;"SPRF-MT";"DEL01-MT";"UOP02-DEL01-MT"
323860;2020-11-26;"quinta-feira";"09:15:00";"MG";146;514,9;"POCOS DE CALDAS";"Velocidade Incompatível";"Colisão lateral";"Sem Vítimas";"Pleno dia";"Crescente";"Céu Claro";"Simples";"Curva";"Não";2;0;0;0;2;0;0;2;-21,80303749;-46,44935846;"SPRF-MG";"DEL09-MG";"UOP01-DEL09-MG"