"id";"data_inversa";"dia_semana";"horario";"uf";"br";"km";"municipio";"causa_acidente";"tipo_acidente";"classificacao_acidente";"fase_dia";"sentido_via";"condicao_metereologica";"tipo_pista";"tracado_via";"uso_solo";"pessoas";"mortos";"feridos_leves";"feridos_graves";"ilesos";"ignorados";"feridos";"veiculos";"latitude";"longitude";"regional";"delegacia";"uop"
324119;2020-11-27;"sexta-feira";"17:00:00";"PE";232;118,6;"CARUARU";"Desobediência às normas de trânsito pelo condutor";"Colisão transversal";"Com Vítimas Feridas";"Anoitecer";"Decrescente";"Céu Claro";"Dupla";"Retorno Regulamentado";"Não";2;0;1;0;1;0;1;2;-8,29431633;-35,88437194;"SPRF-PE";"DEL02-PE";"UOP03-DEL02-PE"
324122;2020-11-27;"sexta-feira";"12:00:00";"RO";364;537;"ARIQUEMES";"Falta de Atenção à Condução";"Saída de leito carroçável";"Com Vítimas Feridas";"Pleno dia";"Decrescente";"Céu Claro";"Simples";"Curva";"Não";3;0;1;0;0;2;1;3;-9,749968;-63,11182798;"SPRF-RO";"DEL03-RO";"UOP01-DEL03-RO"
324127;2020-11-27;"sexta-feira";"14:50:00";"SC";101;85,5;"BARRA VELHA";"Velocidade Incompatível";"Colisão com objeto estático";"Com Vítimas Feridas";"Pleno dia";"Decrescente";"Garoa/Chuvisco";"Simples";"Interseção de Vias";"Sim";3;0;1;0;2;0;1;2;-26,62840879;-48,70813584;"SPRF-SC";"DEL03-SC";"UOP02-DEL03-SC"
324136;2020-11-27;"sexta-feira";"16:20:00";"RR";174;498;"BOA VISTA";"Não guardar distância de segurança";"Colisão traseira";"Sem Vítimas";"Pleno dia";"Decrescente";"Céu Claro";"Dupla";"Reta";"Não";4;0;0;0;4;0;0;2;2,767734;-60,720005;"SPRF-RR";"DEL01-RR";"UOP01-DEL01-RR"
324137;2020-11-27;"sexta-feira";"17:30:00";"SP";116;503;"CAJATI";"Pista Escorregadia";"Colisão com objeto estático";"Com Vítimas Feridas";"Pleno dia";"Crescente";"Nublado";"Dupla";"Curva";"Não";6;0;1;0;4;1;1;3;-24,779151;-48,210519;"SPRF-SP";"DEL05-SP";"UOP02-DEL05-SP"
324143;2020-11-27;"sexta-feira";"08:10:00";"RS";472;529;"URUGUAIANA";"Desobediência às normas de trânsito pelo condutor";"Colisão frontal";"Com Vítimas Fatais";"Pleno dia";"Crescente";"Céu Claro";"Simples";"Reta";"Não";3;2;0;0;0;1;0;3;-29,475948;-56,684654;"SPRF-RS";"DEL13-RS";"UOP01-DEL13-RS"
324147;2020-11-27;"sexta-feira";"18:15:00";"SC";101;212,9;"PALHOCA";"Desobediência às normas de trânsito pelo condutor";"Colisão com objeto estático";"Com Vítimas Feridas";"Anoitecer";"Crescente";"Garoa/Chuvisco";"Múltipla";"Reta";"Sim";3;0;0;1;1;1;1;3;-27,62996929;-48,65903871;"SPRF-SC";"DEL01-SC";"UOP02-DEL01-SC"
324150;2020-11-27;"sexta-feira";"17:20:00";"BA";101;379;"IBIRAPITANGA";"Falta de Atenção à Condução";"Colisão frontal";"Com Vítimas Feridas";"Pleno dia";"Decrescente";"Sol";"Simples";"Reta";"Não";8;0;5;0;2;2;5;5;-13,98208099;-39,47893602;"SPRF-BA";"DEL05-BA";"UOP03-DEL05-BA"
324151;2020-11-27;"sexta-feira";"17:30:00";"MG";459;65,7;"SENADOR JOSE BENTO";"Velocidade Incompatível";"Tombamento";"Com Vítimas Feridas";"Anoitecer";"Crescente";"Nublado";"Simples";"Curva";"Não";1;0;1;0;0;0;1;1;-22,131327;-46,173872;"SPRF-MG";"DEL09-MG";"UOP01-DEL09-MG"
324156;2020-11-27;"sexta-feira";"06:30:00";"PA";316;71;"CASTANHAL";"Falta de Atenção à Condução";"Colisão frontal";"Com Vítimas Feridas";"Amanhecer";"Crescente";"Sol";"Simples";"Reta";"Não";2;0;2;0;0;0;2;2;-1,29062917;-47,85733898;"SPRF-PA";"DEL01-PA";"UOP01-DEL01-PA"
324158;2020-11-27;"sexta-feira";"18:00:00";"PR";277;0,2;"PARANAGUA";"Restrição de Visibilidade";"Colisão transversal";"Com Vítimas Feridas";"Pleno dia";"Decrescente";"Nublado";"Simples";"Reta;Interseção de Vias";"Sim";4;0;1;0;2;3;1;5;-25,518595;-48,542066;"SPRF-PR";"DEL01-PR";"UOP05-DEL01-PR"
324162;2020-11-27;"sexta-feira";"18:50:00";"SP";153;60,7;"SAO JOSE DO RIO PRETO";"Não guardar distância de segurança";"Colisão traseira";"Com Vítimas Feridas";"Anoitecer";"Crescente";"Céu Claro";"Dupla";"Curva;Viaduto;Interseção de Vias";"Sim";3;0;1;0;1;1;1;3;-20,79627979;-49,35480206;"SPRF-SP";"DEL09-SP";"UOP01-DEL09-SP"
324165;2020-11-27;"sexta-feira";"18:50:00";"SP";116;34;"CACHOEIRA PAULISTA";"Falta de Atenção à Condução";"Tombamento";"Com Vítimas Feridas";"Plena Noite";"Decrescente";"Céu Claro";"Simples";"Interseção de Vias";"Não";1;0;1;0;0;0;1;1;-22,65447396;-44,95940103;"SPRF-SP";"DEL08-SP";"UOP02-DEL08-SP"
324166;2020-11-27;"sexta-feira";"16:30:00";"MG";381;515;"IGARAPE";"Defeito Mecânico no Veículo";"Incêndio";"Sem Vítimas";"Pleno dia";"Decrescente";"Céu Claro";"Dupla";"Reta";"Não";2;0;0;0;1;1;0;2;-20,11094229;-44,32385296;"SPRF-MG";"DEL01-MG";"UOP03-DEL01-MG"
324172;2020-11-27;"sexta-feira";"17:15:00";"SC";470;128,7;"LONTRAS";"Pista Escorregadia";"Saída de leito carroçável";"Com Vítimas Feridas";"Anoitecer";"Crescente";"Chuva";"Múltipla";"Curva";"Não";1;0;1;0;0;0;1;1;-27,143742;-49,548897;"SPRF-SC";"DEL04-SC";"UOP02-DEL04-SC"
324174;2020-11-27;"sexta-feira";"16:40:00";"MG";50;177,7;"UBERABA";"Falta de Atenção à Condução";"Colisão traseira";"Com Vítimas Feridas";"Pleno dia";"Crescente";"Céu Claro";"Dupla";"Reta";"Sim";3;0;1;0;1;1;1;3;-19,77914852;-47,95047701;"SPRF-MG";"DEL13-MG";"UOP01-DEL13-MG"
324178;2020-11-27;"sexta-feira";"18:40:00";"BA";116;670;"JEQUIE";"Carga excessiva e/ou mal acondicionada";"Tombamento";"Sem Vítimas";"Plena Noite";"Decrescente";"Ignorado";"Simples";"Declive";"Não";2;0;0;0;1;1;0;2;-13,78272786;-40,10685828;"SPRF-BA";"DEL03-BA";"UOP01-DEL03-BA"
324180;2020-11-25;"quarta-feira";"23:00:00";"RO";364;977;"PORTO VELHO";"Falta de Atenção à Condução";"Engavetamento";"Com Vítimas Feridas";"Plena Noite";"Decrescente";"Céu Claro";"Simples";"Aclive";"Não";4;0;1;0;0;4;1;5;-9,66306524;-65,78796102;"SPRF-RO";"DEL01-RO";"UOP03-DEL01-RO"
324181;2020-11-27;"sexta-feira";"19:50:00";"ES";101;278;"SERRA";"Desobediência às normas de trânsito pelo condutor";"Colisão transversal";"Com Vítimas Feridas";"Plena Noite";"Crescente";"Nublado";"Dupla";"Retorno Regulamentado";"Não";6;0;3;0;1;3;3;4;-20,21698365;-40,32974606;"SPRF-ES";"DEL02-ES";"UOP01-DEL02-ES"
324183;2020-11-27;"sexta-feira";"19:10:00";"PE";101;94;"CABO DE SANTO AGOSTINHO";"Carga excessiva e/ou mal acondicionada";"Derramamento de carga";"Sem Vítimas";"Pleno dia";"Decrescente";"Céu Claro";"Dupla";"Rotatória";"Sim";2;0;0;0;1;1;0;2;-8,24829064;-35,00697936;"SPRF-PE";"DEL01-PE";"UOP03-DEL01-PE"
324186;2020-11-27;"sexta-feira";"20:30:00";"BA";242;902;"LUIS EDUARDO MAGALHAES";"Falta de Atenção à Condução";"Colisão transversal";"Com Vítimas Feridas";"Plena Noite";"Crescente";"Céu Claro";"Simples";"Rotatória;Reta;Retorno Regulamentado";"Não";5;0;4;0;0;1;4;3;-12,11469061;-45,97194672;"SPRF-BA";"DEL10-BA";"UOP01-DEL10-BA"
324187;2020-11-27;"sexta-feira";"09:00:00";"SP";116;359;"MIRACATU";"Defeito Mecânico no Veículo";"Incêndio";"Sem Vítimas";"Pleno dia";"Crescente";"Céu Claro";"Dupla";"Reta";"Não";2;0;0;0;1;1;0;2;-24,10862227;-47,26589989;"SPRF-SP";"DEL04-SP";"UOP02-DEL04-SP"
324188;2020-11-27;"sexta-feira";"20:30:00";"MG";381;942,5;"EXTREMA";"Defeito Mecânico no Veículo";"Colisão com objeto estático";"Com Vítimas Feridas";"Plena Noite";"Crescente";"Céu Claro";"Dupla";"Aclive;Reta";"Não";2;0;0;1;0;1;1;2;-22,83548701;-46,32159103;"SPRF-MG";"DEL16-MG";"UOP03-DEL16-MG"
324189;2020-11-27;"sexta-feira";"20:30:00";"PR";476;97;"BOCAIUVA DO SUL";"Velocidade Incompatível";"Colisão frontal";"Com Vítimas Feridas";"Plena Noite";"Crescente";"Nublado";"Simples";"Curva";"Não";3;0;1;0;1;1;1;3;-25,234463;-49,127838;"SPRF-PR";"DEL01-PR";"UOP02-DEL01-PR"
324195;2020-11-27;"sexta-feira";"21:15:00";"PR";277;83,8;"CURITIBA";"Velocidade Incompatível";"Colisão traseira";"Com Vítimas Feridas";"Plena Noite";"Crescente";"Nublado";"Dupla";"Reta";"Sim";2;0;1;0;1;0;1;2;-25,568939;-49,181978;"SPRF-PR";"DEL01-PR";"UOP01-DEL01-PR"
324202;2020-11-27;"sexta-feira";"08:30:00";"BA";242;364;"LENCOIS";"Defeito Mecânico no Veículo";"Incêndio";"Sem Vítimas";"Pleno dia";"Crescente";"Nublado";"Simples";"Reta";"Não";2;0;0;0;2;0;0;1;-12,4615682;-41,42170104;"SPRF-BA";"DEL06-BA";"UOP01-DEL06-BA"
324204;2020-11-27;"sexta-feira";"22:10:00";"PR";376;490;"PONTA GROSSA";"Falta de Atenção à Condução";"Colisão traseira";"Com Vítimas Feridas";"Plena Noite";"Decrescente";"Céu Claro";"Dupla";"Aclive";"Sim";3;0;1;0;2;0;1;2;-25,14692309;-50,15072006;"SPRF-PR";"DEL03-PR";"UOP04-DEL03-PR"
324206;2020-11-27;"sexta-feira";"11:30:00";"BA";242;528;"OLIVEIRA DOS BREJINHOS";"Condutor Dormindo";"Colisão lateral";"Sem Vítimas";"Pleno dia";"Decrescente";"Céu Claro";"Simples";"Reta";"Não";4;0;0;0;2;3;0;5;-12,27922249;-42,69129182;"SPRF-BA";"DEL06-BA";"UOP01-DEL06-BA"
324210;2020-11-27;"sexta-feira";"22:30:00";"CE";222;264,5;"COREAU";"Desobediência às normas de trânsito pelo condutor";"Colisão transversal";"Com Vítimas Fatais";"Plena Noite";"Decrescente";"Nublado";"Simples";"Reta";"Não";3;1;0;0;1;1;0;3;-3,74900282;-40,69531202;"SPRF-CE";"DEL04-CE";"UOP02-DEL04-CE"
324213;2020-11-27;"sexta-feira";"21:50:00";"PR";373;174,2;"PONTA GROSSA";"Falta de Atenção à Condução";"Colisão transversal";"Com Vítimas Feridas";"Plena Noite";"Crescente";"Nublado";"Dupla";"Retorno Regulamentado";"Sim";4;0;1;0;1;3;1;5;-25,075949083;-50,2099571456;"SPRF-PR";"DEL03-PR";"UOP04-DEL03-PR"
324216;2020-11-27;"sexta-feira";"19:00:00";"MG";267;55;"BICAS";"Falta de Atenção à Condução";"Atropelamento de Pedestre";"Com Vítimas Feridas";"Plena Noite";"Crescente";"Céu Claro";"Simples";"Interseção de Vias";"Sim";2;0;0;1;0;1;1;2;-21,7293462;-43,05145025;"SPRF-MG";"DEL07-MG";"UOP01-DEL07-MG"
324217;2020-11-27;"sexta-feira";"17:20:00";"MG";262;593;"CAMPOS ALTOS";"Falta de Atenção à Condução";"Colisão lateral";"Com Vítimas Feridas";"Pleno dia";"Crescente";"Céu Claro";"Simples";"Reta";"Não";3;0;1;0;2;0;1;2;-19,65343435;-46,18623912;"SPRF-MG";"DEL08-MG";"UOP02-DEL08-MG"
324230;2020-11-28;"sábado";"00:30:00";"CE";116;197;"LIMOEIRO DO NORTE";"Condutor Dormindo";"Saída de leito carroçável";"Com Vítimas Feridas";"Plena Noite";"Crescente";"Céu Claro";"Simples";"Reta";"Não";2;0;0;1;1;0;1;1;-5,16763232;-38,16653774;"SPRF-CE";"DEL03-CE";"UOP01-DEL03-CE"
324233;2020-11-28;"sábado";"00:05:00";"PE";232;111;"BEZERROS";"Agressão Externa";"Colisão lateral";"Com Vítimas Feridas";"Plena Noite";"Crescente";"Céu Claro";"Dupla";"Reta";"Não";3;0;0;1;1;1;1;2;-8,2922971;-35,82419791;"SPRF-PE";"DEL02-PE";"UOP03-DEL02-PE"
324239;2020-11-27;"sexta-feira";"17:00:00";"SC";101;328,8;"CAPIVARI DE BAIXO";"Defeito Mecânico no Veículo";"Colisão com objeto estático";"Com Vítimas Feridas";"Pleno dia";"Decrescente";"Chuva";"Dupla";"Ponte";"Sim";3;0;1;2;0;0;3;1;-28,43648094;-48,95989307;"SPRF-SC";"DEL02-SC";"UOP01-DEL02-SC"
324244;2020-11-28;"sábado";"00:35:00";"PR";376;118;"ALTO PARANA";"Falta de Atenção à Condução";"Colisão traseira";"Com Vítimas Feridas";"Plena Noite";"Decrescente";"Céu Claro";"Dupla";"Reta";"Não";3;0;2;0;0;2;2;4;-23,11371919;-52,33007409;"SPRF-PR";"DEL09-PR";"UOP02-DEL09-PR"
324245;2020-11-27;"sexta-feira";"19:30:00";"MT";163;531;"DIAMANTINO";"Defeito na Via";"Tombamento";"Com Vítimas Feridas";"Plena Noite";"Crescente";"Chuva";"Simples";"Reta";"Não";2;0;1;0;0;1;1;2;-14,45125632;-56,13530173;"SPRF-MT";"DEL01-MT";"UOP01-DEL01-MT"
324249;2020-11-28;"sábado";"00:30:00";"SP";116;533,5;"BARRA DO TURVO";"Falta de Atenção à Condução";"Colisão transversal";"Com Vítimas Fatais";"Plena Noite";"Crescente";"Nublado";"Dupla";"Reta";"Sim";2;1;0;1;0;0;1;2;-24,95624836;-48,33304769;"SPRF-SP";"DEL05-SP";"UOP02-DEL05-SP"
324258;2020-11-28;"sábado";"04:20:00";"GO";20;90;"VILA BOA";"Ingestão de álcool e/ou substâncias psicoativas pelo pedestre";"Colisão transversal";"Com Vítimas Feridas";"Plena Noite";"Crescente";"Céu Claro";"Simples";"Reta";"Sim";4;0;3;0;1;0;3;2;-15,02026;-47,046417;"SPRF-DF";"DEL02-DF";"UOP01-DEL02-DF"
324259;2020-11-28;"sábado";"04:20:00";"MG";364;1,3;"PLANURA";"Desobediência às normas de trânsito pelo condutor";"Colisão lateral";"Com Vítimas Feridas";"Plena Noite";"Crescente";"Céu Claro";"Simples";"Interseção de Vias;Reta";"Não";2;0;1;0;1;0;1;2;-20,148184;-48,688274;"SPRF-MG";"DEL13-MG";"UOP02-DEL13-MG"
324264;2020-11-28;"sábado";"05:45:00";"SC";101;210,2;"SAO JOSE";"Falta de Atenção à Condução";"Colisão traseira";"Sem Vítimas";"Pleno dia";"Decrescente";"Nublado";"Múltipla";"Reta";"Sim";2;0;0;0;2;0;0;2;-27,6167305;-48,6457265;"SPRF-SC";"DEL01-SC";"UOP01-DEL01-SC"
324268;2020-11-28;"sábado";"03:00:00";"SC";282;435;"VARGEM BONITA";"Condutor Dormindo";"Colisão transversal";"Sem Vítimas";"Plena Noite";"Decrescente";"Céu Claro";"Simples";"Reta";"Não";2;0;0;0;1;1;0;2;-26,973248;-51,841671;"SPRF-SC";"DEL07-SC";"UOP04-DEL07-SC"
324280;2020-11-28;"sábado";"07:00:00";"CE";116;14;"FORTALEZA";"Falta de Atenção do Pedestre";"Atropelamento de Pedestre";"Com Vítimas Fatais";"Pleno dia";"Decrescente";"Céu Claro";"Dupla";"Reta";"Não";3;1;0;0;1;2;0;4;-3,86973356;-38,49827361;"SPRF-CE";"DEL01-CE";"UOP02-DEL01-CE"
324282;2020-11-28;"sábado";"07:45:00";"SP";116;280;"EMBU DAS ARTES";"Velocidade Incompatível";"Colisão traseira";"Com Vítimas Fatais";"Pleno dia";"Crescente";"Céu Claro";"Dupla";"Reta";"Sim";5;1;0;1;1;2;1;4;-23,66996108;-46,85590758;"SPRF-SP";"DEL04-SP";"UOP01-DEL04-SP"
324285;2020-11-27;"sexta-feira";"17:20:00";"MT";163;637,8;"NOVA MUTUM";"Falta de Atenção à Condução";"Colisão lateral";"Com Vítimas Feridas";"Pleno dia";"Crescente";"Céu Claro";"Simples";"Reta";"Não";4;0;1;0;2;1;1;3;-13,58448702;-56,03038875;"SPRF-MT";"DEL01-MT";"UOP01-DEL01-MT"
324290;2020-11-28;"sábado";"08:45:00";"ES";101;270,6;"SERRA";"Falta de Atenção à Condução";"Colisão lateral";"Com Vítimas Feridas";"Pleno dia";"Decrescente";"Céu Claro";"Múltipla";"Reta";"Sim";6;0;1;0;4;1;1;4;-20,23109894;-40,27352041;"SPRF-ES";"DEL02-ES";"UOP01-DEL02-ES"
324292;2020-11-28;"sábado";"07:50:00";"PR";163;82;"PLANALTO";"Desobediência às normas de trânsito pelo condutor";"Tombamento";"Sem Vítimas";"Pleno dia";"Decrescente";"Céu Claro";"Simples";"Interseção de Vias";"Não";2;0;0;0;0;2;0;2;-25,71021825;-53,76914978;"SPRF-PR";"DEL02-PR";"UOP02-DEL02-PR"
324297;2020-11-28;"sábado";"09:20:00";"RJ";116;185;"NOVA IGUACU";"Falta de Atenção à Condução";"Colisão traseira";"Com Vítimas Feridas";"Pleno dia";"Crescente";"Céu Claro";"Dupla";"Reta";"Sim";2;0;1;0;1;0;1;2;-22,74151051;-43,45351823;"SPRF-RJ";"DEL01-RJ";"UOP02-DEL01-RJ"
324301;2020-11-28;"sábado";"09:30:00";"PR";116;96;"SAO JOSE DOS PINHAIS";"Mal Súbito";"Tombamento";"Com Vítimas Feridas";"Pleno dia";"Decrescente";"Sol";"Dupla";"Reta";"Sim";3;0;1;1;0;1;2;2;-25,504848;-49,123226;"SPRF-PR";"DEL01-PR";"UOP01-DEL01-PR"
324302;2020-11-28;"sábado";"09:00:00";"TO";153;633,5;"ALIANCA DO TOCANTINS";"Ultrapassagem Indevida";"Colisão lateral";"Com Vítimas Feridas";"Pleno dia";"Crescente";"Sol";"Simples";"Aclive;Reta";"Não";5;0;1;0;2;4;1;7;-11,3868639;-48,97098126;"SPRF-TO";"DEL01-TO";"UOP02-DEL01-TO"
324313;2020-11-28;"sábado";"09:45:00";"SC";101;38,2;"JOINVILLE";"Defeito na Via";"Colisão lateral";"Com Vítimas Feridas";"Pleno dia";"Decrescente";"Sol";"Dupla";"Viaduto";"Sim";7;0;4;0;1;2;4;4;-26,29703162;-48,88395667;"SPRF-SC";"DEL03-SC";"UOP01-DEL03-SC"
324318;2020-11-28;"sábado";"10:45:00";"BA";101;666,8;"ITAPEBI";"Falta de Atenção à Condução";"Tombamento";"Com Vítimas Feridas";"Pleno dia";"Decrescente";"Nublado";"Simples";"Curva";"Não";4;0;1;1;1;2;2;5;-15,98773428;-39,56726074;"SPRF-BA";"DEL09-BA";"UOP01-DEL09-BA"
324319;2020-11-28;"sábado";"10:00:00";"TO";153;243,9;"COLINAS DO TOCANTINS";"Velocidade Incompatível";"Tombamento";"Com Vítimas Feridas";"Pleno dia";"Decrescente";"Sol";"Simples";"Reta";"Sim";2;0;1;0;0;2;1;3;-8,02092701;-48,46548085;"SPRF-TO";"DEL02-TO";"UOP01-DEL02-TO"
324324;2020-11-24;"terça-feira";"09:20:00";"PR";467;109;"CASCAVEL";"Falta de Atenção à Condução";"Colisão transversal";"Com Vítimas Feridas";"Pleno dia";"Decrescente";"Céu Claro";"Dupla";"Curva";"Não";4;0;1;0;3;0;1;2;-24,9261;-53,4589;"SPRF-PR";"DEL04-PR";"UOP01-DEL04-PR"
324326;2020-11-28;"sábado";"11:15:00";"RJ";40;115;"DUQUE DE CAXIAS";"Defeito Mecânico no Veículo";"Capotamento";"Com Vítimas Feridas";"Pleno dia";"Decrescente";"Céu Claro";"Múltipla";"Reta";"Sim";4;0;2;0;1;1;2;3;-22,72756999;-43,2891609;"SPRF-RJ";"DEL01-RJ";"UOP01-DEL01-RJ"
324328;2020-11-28;"sábado";"12:35:00";"GO";153;493,5;"GOIANIA";"Falta de Atenção à Condução";"Colisão traseira";"Com Vítimas Fatais";"Pleno dia";"Decrescente";"Sol";"Dupla";"Reta";"Sim";3;1;0;0;2;0;0;2;-16,6537;-49,2172;"SPRF-GO";"DEL01-GO";"UOP01-DEL01-GO"
324329;2020-11-28;"sábado";"11:40:00";"MS";163;480,8;"CAMPO GRANDE";"Desobediência às normas de trânsito pelo condutor";"Colisão lateral";"Com Vítimas Feridas";"Pleno dia";"Crescente";"Céu Claro";"Simples";"Reta";"Sim";3;0;1;0;1;1;1;3;-20,47039048;-54,55941439;"SPRF-MS";"DEL01-MS";"UOP01-DEL01-MS"
324335;2020-11-28;"sábado";"12:30:00";"MT";364;346,1;"SANTO ANTONIO DO LEVERGER";"Falta de Atenção à Condução";"Saída de leito carroçável";"Com Vítimas Feridas";"Pleno dia";"Crescente";"Céu Claro";"Dupla";"Reta";"Não";3;0;0;2;1;0;2;1;-15,81193889;-55,53981241;"SPRF-MT";"DEL05-MT";"UOP02-DEL05-MT"
324345;2020-11-28;"sábado";"13:55:00";"RS";116;307;"GUAIBA";"Falta de Atenção à Condução";"Colisão lateral";"Sem Vítimas";"Pleno dia";"Crescente";"Nublado";"Simples";"Interseção de Vias;Aclive;Reta";"Sim";3;0;0;0;2;2;0;4;-30,1742985;-51,3923676;"SPRF-RS";"DEL02-RS";"UOP01-DEL02-RS"
324346;2020-11-28;"sábado";"07:20:00";"MA";316;56;"MARACACUME";"Defeito Mecânico no Veículo";"Saída de leito carroçável";"Com Vítimas Feridas";"Pleno dia";"Crescente";"Céu Claro";"Simples";"Reta";"Não";3;0;1;0;1;1;1;2;-2,049263;-45,960369;"SPRF-MA";"DEL02-MA";"UOP02-DEL02-MA"
324355;2020-11-28;"sábado";"15:20:00";"RJ";101;312,5;"SAO GONCALO";"Falta de Atenção à Condução";"Colisão traseira";"Com Vítimas Fatais";"Pleno dia";"Crescente";"Céu Claro";"Dupla";"Reta";"Sim";3;1;0;0;2;0;0;3;-22,80546555;-43,06156967;"SPRF-RJ";"DEL02-RJ";"UOP02-DEL02-RJ"
324358;2020-11-28;"sábado";"12:50:00";"GO";364;197;"JATAI";"Defeito na Via";"Colisão lateral";"Com Vítimas Feridas";"Pleno dia";"Decrescente";"Céu Claro";"Dupla";"Reta;Ponte";"Não";4;0;0;1;2;3;1;5;-17,919825;-51,729782;"SPRF-GO";"DEL05-GO";"UOP01-DEL05-GO"
324361;2020-11-28;"sábado";"15:15:00";"PR";376;387,4;"IMBAU";"Falta de Atenção à Condução";"Colisão frontal";"Com Vítimas Feridas";"Pleno dia";"Crescente";"Céu Claro";"Dupla";"Reta";"Não";4;0;0;2;1;2;2;4;-24,50165014;-50,71899331;"SPRF-PR";"DEL03-PR";"UOP02-DEL03-PR"
324362;2020-11-28;"sábado";"10:00:00";"PE";408;74,7;"PAUDALHO";"Falta de Atenção à Condução";"Colisão lateral";"Sem Vítimas";"Pleno dia";"Decrescente";"Sol";"Simples";"Interseção de Vias";"Sim";2;0;0;0;0;2;0;2;-7,904075;-35,173515;"SPRF-PE";"DEL01-PE";"UOP01-DEL01-PE"
324365;2020-11-28;"sábado";"15:05:00";"PA";163;991;"SANTAREM";"Falta de Atenção do Pedestre";"Atropelamento de Pedestre";"Com Vítimas Fatais";"Pleno dia";"Crescente";"Céu Claro";"Simples";"Reta";"Não";5;1;0;0;1;5;0;5;-2,547851;-54,72278;"SPRF-PA";"DEL05-PA";"UOP01-DEL05-PA"
324370;2020-11-28;"sábado";"15:30:00";"SP";381;49,5;"ATIBAIA";"Falta de Atenção à Condução";"Colisão lateral";"Com Vítimas Feridas";"Pleno dia";"Decrescente";"Céu Claro";"Dupla";"Aclive;Reta";"Não";3;0;1;0;2;0;1;2;-23,20535293;-46,59066516;"SPRF-SP";"DEL03-SP";"UOP01-DEL03-SP"
324371;2020-11-28;"sábado";"15:20:00";"MG";116;17,9;"CACHOEIRA DE PAJEU";"Desobediência às normas de trânsito pelo condutor";"Colisão lateral";"Com Vítimas Fatais";"Pleno dia";"Decrescente";"Garoa/Chuvisco";"Simples";"Reta";"Não";2;1;0;0;0;1;0;2;-15,81769104;-41,38754395;"SPRF-BA";"DEL08-BA";"UOP03-DEL08-BA"
324383;2020-11-28;"sábado";"17:10:00";"CE";116;23,2;"AQUIRAZ";"Não guardar distância de segurança";"Colisão traseira";"Com Vítimas Feridas";"Pleno dia";"Decrescente";"Céu Claro";"Dupla";"Reta;Declive";"Sim";4;0;1;0;2;1;1;3;-3,95237969;-38,51226211;"SPRF-CE";"DEL01-CE";"UOP02-DEL01-CE"
324384;2020-11-28;"sábado";"16:40:00";"CE";116;450,2;"BARRO";"Ultrapassagem Indevida";"Colisão frontal";"Com Vítimas Fatais";"Pleno dia";"Decrescente";"Céu Claro";"Simples";"Aclive;Reta";"Não";4;1;0;0;2;4;0;7;-7,13495135;-38,7795765;"SPRF-CE";"DEL05-CE";"UOP03-DEL05-CE"
324396;2020-11-28;"sábado";"17:00:00";"MG";365;821;"SANTA VITORIA";"Falta de Atenção à Condução";"Colisão frontal";"Com Vítimas Feridas";"Anoitecer";"Crescente";"Céu Claro";"Simples";"Reta";"Não";5;0;2;0;2;1;2;3;-18,87583416;-50,10508502;"SPRF-MG";"DEL15-MG";"UOP03-DEL15-MG"
324398;2020-11-28;"sábado";"17:10:00";"RS";386;258,7;"SOLEDADE";"Falta de Atenção à Condução";"Tombamento";"Com Vítimas Feridas";"Pleno dia";"Crescente";"Céu Claro";"Simples";"Curva";"Não";3;0;1;0;0;3;1;4;-28,882309;-52,426186;"SPRF-RS";"DEL04-RS";"UOP03-DEL04-RS"
324399;2020-11-28;"sábado";"18:10:00";"SE";101;198;"CRISTINAPOLIS";"Condutor Dormindo";"Colisão frontal";"Sem Vítimas";"Plena Noite";"Decrescente";"Chuva";"Simples";"Curva";"Sim";2;0;0;0;1;1;0;2;-11,47577697;-37,75465701;"SPRF-SE";"DEL02-SE";"UOP03-DEL02-SE"
324401;2020-11-28;"sábado";"18:15:00";"MG";40;524,1;"RIBEIRAO DAS NEVES";"Falta de Atenção do Pedestre";"Atropelamento de Pedestre";"Com Vítimas Feridas";"Anoitecer";"Decrescente";"Céu Claro";"Dupla";"Reta";"Sim";3;0;0;1;1;1;1;3;-19,8754469;-44,05345586;"SPRF-MG";"DEL01-MG";"UOP02-DEL01-MG"
324403;2020-11-28;"sábado";"18:30:00";"BA";116;868;"VITORIA DA CONQUISTA";"Não guardar distância de segurança";"Colisão traseira";"Sem Vítimas";"Plena Noite";"Decrescente";"Chuva";"Simples";"Reta";"Não";3;0;0;0;2;1;0;3;-15,1923578;-41,074573;"SPRF-BA";"DEL08-BA";"UOP01-DEL08-BA"
324406;2020-11-28;"sábado";"15:40:00";"MG";40;43,3;"PARACATU";"Desobediência às normas de trânsito pelo condutor";"Colisão com objeto estático";"Com Vítimas Feridas";"Pleno dia";"Decrescente";"Céu Claro";"Simples";"Reta";"Sim";3;0;1;0;1;2;1;4;-17,22598002;-46,86163701;"SPRF-MG";"DEL14-MG";"UOP01-DEL14-MG"
324415;2020-11-01;"domingo";"06:00:00";"MG";116;815,6;"ALEM PARAIBA";"Falta de Atenção à Condução";"Colisão lateral";"Com Vítimas Feridas";"Pleno dia";"Crescente";"Ignorado";"Simples";"Reta;Aclive";"Sim";3;0;1;0;2;0;1;2;-21,86200678;-42,66859006;"SPRF-MG";"DEL07-MG";"UOP01-DEL07-MG"