"id";"data_inversa";"dia_semana";"horario";"uf";"br";"km";"municipio";"causa_acidente";"tipo_acidente";"classificacao_acidente";"fase_dia";"sentido_via";"condicao_metereologica";"tipo_pista";"tracado_via";"uso_solo";"pessoas";"mortos";"feridos_leves";"feridos_graves";"ilesos";"ignorados";"feridos";"veiculos";"latitude";"longitude";"regional";"delegacia";"uop"
324430;2020-11-28;"sábado";"12:30:00";"BA";242;274;"RUY BARBOSA";"Falta de Atenção à Condução";"Colisão frontal";"Com Vítimas Fatais";"Pleno dia";"Decrescente";"Nublado";"Simples";"Declive";"Não";4;1;0;0;1;3;0;5;-12,44791908;-40,66549802;"SPRF-BA";"DEL06-BA";"UOP02-DEL06-BA"
324441;2020-11-28;"sábado";"19:45:00";"CE";222;79,9;"SAO LUIS DO CURU";"Falta de Atenção do Pedestre";"Colisão lateral";"Com Vítimas Feridas";"Plena Noite";"Crescente";"Céu Claro";"Simples";"Reta";"Não";5;0;1;2;1;1;3;4;-3,67442263;-39,25072502;"SPRF-CE";"DEL04-CE";"UOP03-DEL04-CE"
324446;2020-11-28;"sábado";"18:00:00";"GO";153;220,7;"URUACU";"Desobediência às normas de trânsito pelo condutor";"Colisão lateral";"Com Vítimas Fatais";"Anoitecer";"Crescente";"Céu Claro";"Simples";"Reta;Declive";"Não";4;2;0;0;1;1;0;3;-14,687892;-49,210506;"SPRF-GO";"DEL07-GO";"UOP02-DEL07-GO"
324448;2020-11-28;"sábado";"21:05:00";"MG";262;396;"PARA DE MINAS";"Falta de Atenção à Condução";"Colisão traseira";"Com Vítimas Feridas";"Plena Noite";"Decrescente";"Céu Claro";"Dupla";"Reta";"Não";3;0;1;0;2;0;1;2;-19,90936544;-44,50681819;"SPRF-MG";"DEL01-MG";"UOP03-DEL01-MG"
324449;2020-11-28;"sábado";"21:30:00";"SC";101;137,6;"BALNEARIO CAMBORIU";"Não guardar distância de segurança";"Colisão lateral";"Com Vítimas Feridas";"Plena Noite";"Decrescente";"Céu Claro";"Dupla";"Aclive";"Sim";3;0;0;1;2;0;1;3;-27,0157238;-48,61192763;"SPRF-SC";"DEL04-SC";"UOP03-DEL04-SC"
324451;2020-11-28;"sábado";"20:10:00";"ES";101;30;"CONCEICAO DA BARRA";"Desobediência às normas de trânsito pelo condutor";"Colisão traseira";"Com Vítimas Feridas";"Plena Noite";"Crescente";"Céu Claro";"Simples";"Aclive";"Não";2;0;1;0;0;1;1;2;-18,40842097;-39,93732567;"SPRF-ES";"DEL04-ES";"UOP02-DEL04-ES"
324457;2020-11-28;"sábado";"18:00:00";"PR";476;342,8;"PAULA FREITAS";"Desobediência às normas de trânsito pelo condutor";"Colisão frontal";"Com Vítimas Feridas";"Anoitecer";"Crescente";"Chuva";"Simples";"Reta";"Não";2;0;1;0;1;0;1;2;-26,16979;-50,909458;"SPRF-PR";"DEL02-PR";"UOP03-DEL02-PR"
324470;2020-11-28;"sábado";"22:00:00";"BA";101;167;"CONCEICAO DO JACUIPE";"Falta de Atenção à Condução";"Colisão lateral";"Com Vítimas Feridas";"Plena Noite";"Decrescente";"Céu Claro";"Simples";"Reta";"Não";2;0;1;0;1;0;1;2;-12,35551436;-38,782478;"SPRF-BA";"DEL01-BA";"UOP03-DEL01-BA"
324478;2020-11-28;"sábado";"22:30:00";"AL";101;85,5;"RIO LARGO";"Objeto estático sobre o leito carroçável";"Colisão traseira";"Com Vítimas Feridas";"Plena Noite";"Crescente";"Céu Claro";"Dupla";"Ponte";"Não";3;0;1;0;1;1;1;2;-9,471128;-35,880159;"SPRF-AL";"DEL01-AL";"UOP01-DEL01-AL"
324486;2020-11-29;"domingo";"01:50:00";"SC";101;215,8;"PALHOCA";"Falta de Atenção à Condução";"Colisão traseira";"Com Vítimas Fatais";"Plena Noite";"Decrescente";"Céu Claro";"Simples";"Reta";"Sim";2;1;0;0;1;0;0;2;-27,65184843;-48,67604941;"SPRF-SC";"DEL01-SC";"UOP02-DEL01-SC"
324487;2020-11-28;"sábado";"22:00:00";"CE";222;20,1;"CAUCAIA";"Agressão Externa";"Tombamento";"Com Vítimas Feridas";"Plena Noite";"Crescente";"Nublado";"Simples";"Rotatória";"Não";3;0;1;0;0;2;1;3;-3,73583;-38,74435;"SPRF-CE";"DEL01-CE";"UOP01-DEL01-CE"
324491;2020-11-29;"domingo";"01:00:00";"RS";290;252,4;"CACHOEIRA DO SUL";"Pista Escorregadia";"Colisão frontal";"Com Vítimas Feridas";"Plena Noite";"Crescente";"Chuva";"Simples";"Reta";"Não";3;0;0;1;1;2;1;4;-30,241997;-52,744553;"SPRF-RS";"DEL02-RS";"UOP03-DEL02-RS"
324494;2020-11-29;"domingo";"01:00:00";"PR";153;122,2;"IBAITI";"Falta de Atenção à Condução";"Saída de leito carroçável";"Com Vítimas Feridas";"Plena Noite";"Crescente";"Céu Claro";"Simples";"Curva";"Não";2;0;2;0;0;0;2;1;-23,93903221;-50,23779778;"SPRF-PR";"DEL07-PR";"UOP04-DEL07-PR"
324502;2020-11-29;"domingo";"02:45:00";"GO";153;186;"URUACU";"Desobediência às normas de trânsito pelo condutor";"Colisão transversal";"Com Vítimas Fatais";"Plena Noite";"Crescente";"Céu Claro";"Simples";"Reta";"Não";4;2;0;0;1;2;0;4;-14,40272;-49,157529;"SPRF-GO";"DEL07-GO";"UOP02-DEL07-GO"
324512;2020-11-29;"domingo";"05:30:00";"BA";116;690,4;"JEQUIE";"Pista Escorregadia";"Colisão frontal";"Com Vítimas Fatais";"Amanhecer";"Crescente";"Nublado";"Simples";"Ponte";"Não";4;2;0;0;1;1;0;3;-13,99083824;-40,17706817;"SPRF-BA";"DEL03-BA";"UOP01-DEL03-BA"
324516;2020-11-29;"domingo";"06:20:00";"MG";381;441;"SANTA LUZIA";"Desobediência às normas de trânsito pelo condutor";"Colisão frontal";"Com Vítimas Fatais";"Amanhecer";"Crescente";"Céu Claro";"Simples";"Reta";"Sim";2;1;0;0;1;0;0;2;-19,81604176;-43,80389901;"SPRF-MG";"DEL01-MG";"UOP01-DEL01-MG"
324523;2020-11-28;"sábado";"19:45:00";"CE";222;322,6;"TIANGUA";"Ultrapassagem Indevida";"Colisão lateral";"Com Vítimas Feridas";"Plena Noite";"Crescente";"Céu Claro";"Simples";"Reta";"Não";4;0;2;0;1;1;2;3;-3,790871;-41,061203;"SPRF-CE";"DEL04-CE";"UOP02-DEL04-CE"
324526;2020-11-28;"sábado";"20:05:00";"MT";364;136,6;"PEDRA PRETA";"Carga excessiva e/ou mal acondicionada";"Incêndio";"Sem Vítimas";"Plena Noite";"Decrescente";"Céu Claro";"Simples";"Reta";"Não";2;0;0;0;1;1;0;2;-16,8143072;-54,07950613;"SPRF-MT";"DEL02-MT";"UOP01-DEL02-MT"
324528;2020-11-29;"domingo";"07:10:00";"BA";110;20,8;"PAULO AFONSO";"Condutor Dormindo";"Saída de leito carroçável";"Com Vítimas Feridas";"Pleno dia";"Decrescente";"Céu Claro";"Simples";"Curva";"Não";2;0;1;0;0;2;1;3;-9,629628;-38,2222;"SPRF-BA";"DEL07-BA";"UOP01-DEL07-BA"
324534;2020-11-29;"domingo";"03:20:00";"AL";101;58,8;"FLEXEIRAS";"Velocidade Incompatível";"Tombamento";"Com Vítimas Feridas";"Plena Noite";"Crescente";"Chuva";"Dupla";"Reta";"Não";2;0;1;0;0;1;1;2;-9,27933304;-35,79839595;"SPRF-AL";"DEL01-AL";"UOP02-DEL01-AL"
324536;2020-11-26;"quinta-feira";"02:00:00";"SC";101;279,9;"IMBITUBA";"Defeito Mecânico no Veículo";"Incêndio";"Sem Vítimas";"Plena Noite";"Crescente";"Céu Claro";"Múltipla";"Reta";"Sim";2;0;0;0;1;1;0;2;-28,19258404;-48,6974895;"SPRF-SC";"DEL02-SC";"UOP03-DEL02-SC"
324557;2020-11-29;"domingo";"10:45:00";"RS";290;82;"CACHOEIRINHA";"Desobediência às normas de trânsito pelo condutor";"Colisão com objeto estático";"Sem Vítimas";"Pleno dia";"Crescente";"Céu Claro";"Dupla";"Reta";"Não";5;0;0;0;3;2;0;5;-29,955839;-51,079105;"SPRF-RS";"DEL01-RS";"UOP01-DEL01-RS"
324560;2020-11-29;"domingo";"09:05:00";"MT";163;58,2;"RONDONOPOLIS";"Velocidade Incompatível";"Colisão traseira";"Com Vítimas Feridas";"Pleno dia";"Crescente";"Céu Claro";"Dupla";"Reta";"Não";3;0;0;1;1;1;1;3;-17,004501;-54,75641299;"SPRF-MT";"DEL02-MT";"UOP01-DEL02-MT"
324561;2020-11-29;"domingo";"10:45:00";"BA";110;82;"JEREMOABO";"Defeito Mecânico no Veículo";"Saída de leito carroçável";"Sem Vítimas";"Pleno dia";"Decrescente";"Céu Claro";"Simples";"Curva";"Não";3;0;0;0;2;1;0;2;-10,14500602;-38,29183403;"SPRF-BA";"DEL07-BA";"UOP01-DEL07-BA"
324565;2020-11-29;"domingo";"10:16:00";"MT";163;697;"LUCAS DO RIO VERDE";"Ultrapassagem Indevida";"Colisão frontal";"Com Vítimas Fatais";"Pleno dia";"Crescente";"Céu Claro";"Simples";"Reta";"Não";4;1;0;0;2;3;0;6;-13,10164496;-55,94916209;"SPRF-MT";"DEL06-MT";"UOP01-DEL06-MT"
324569;2020-11-29;"domingo";"11:30:00";"SP";116;509;"CAJATI";"Falta de Atenção à Condução";"Tombamento";"Com Vítimas Feridas";"Pleno dia";"Decrescente";"Céu Claro";"Simples";"Curva";"Não";2;0;1;0;0;1;1;2;-24,83270088;-48,21487427;"SPRF-SP";"DEL05-SP";"UOP02-DEL05-SP"
324580;2020-11-29;"domingo";"10:50:00";"SC";470;160,5;"TROMBUDO CENTRAL";"Condutor Dormindo";"Tombamento";"Com Vítimas Feridas";"Pleno dia";"Decrescente";"Céu Claro";"Simples";"Curva";"Não";2;0;1;0;0;1;1;2;-27,286278;-49,798035;"SPRF-SC";"DEL04-SC";"UOP02-DEL04-SC"
324582;2020-11-29;"domingo";"12:50:00";"MG";381;536;"ITATIAIUCU";"Falta de Atenção à Condução";"Colisão traseira";"Com Vítimas Feridas";"Pleno dia";"Crescente";"Céu Claro";"Dupla";"Reta";"Não";4;0;1;0;2;2;1;5;-20,19812814;-44,38598442;"SPRF-MG";"DEL04-MG";"UOP03-DEL04-MG"
324593;2020-09-05;"sábado";"00:30:00";"SC";282;275,9;"SAO JOSE DO CERRITO";"Desobediência às normas de trânsito pelo condutor";"Colisão frontal";"Com Vítimas Fatais";"Plena Noite";"Decrescente";"Nevoeiro/Neblina";"Simples";"Curva;Declive";"Não";3;1;0;0;2;0;0;2;-27,606421;-50,720207;"SPRF-SC";"DEL05-SC";"UOP02-DEL05-SC"
324601;2020-11-29;"domingo";"12:00:00";"MG";381;870,2;"POUSO ALEGRE";"Ingestão de Álcool";"Colisão traseira";"Com Vítimas Feridas";"Pleno dia";"Decrescente";"Céu Claro";"Dupla";"Reta;Aclive";"Não";3;0;1;0;1;1;1;3;-22,43326603;-45,97831097;"SPRF-MG";"DEL16-MG";"UOP01-DEL16-MG"
324603;2020-11-29;"domingo";"13:30:00";"MT";364;356;"SANTO ANTONIO DO LEVERGER";"Velocidade Incompatível";"Derramamento de carga";"Com Vítimas Feridas";"Pleno dia";"Decrescente";"Nublado";"Dupla";"Curva";"Não";2;0;0;1;0;1;1;2;-15,79348889;-55,6077944;"SPRF-MT";"DEL05-MT";"UOP02-DEL05-MT"
324606;2020-11-29;"domingo";"13:00:00";"MG";40;527;"CONTAGEM";"Ingestão de Substâncias Psicoativas";"Tombamento";"Sem Vítimas";"Pleno dia";"Crescente";"Céu Claro";"Dupla";"Reta";"Sim";4;0;0;0;2;4;0;6;-19,90149502;-44,04938939;"SPRF-MG";"DEL01-MG";"UOP02-DEL01-MG"
324610;2020-11-29;"domingo";"11:20:00";"PR";476;314,9;"PAULO FRONTIN";"Velocidade Incompatível";"Tombamento";"Sem Vítimas";"Pleno dia";"Crescente";"Nublado";"Simples";"Curva;Declive";"Não";2;0;0;0;1;1;0;2;-26,03400847;-50,69653988;"SPRF-PR";"DEL02-PR";"UOP04-DEL02-PR"
324615;2020-11-29;"domingo";"15:40:00";"SC";101;215,1;"PALHOCA";"Defeito Mecânico no Veículo";"Colisão lateral";"Com Vítimas Feridas";"Plena Noite";"Crescente";"Céu Claro";"Dupla";"Reta";"Não";3;0;0;2;1;0;2;2;-27,65184843;-48,67604941;"SPRF-SC";"DEL01-SC";"UOP02-DEL01-SC"
324628;2020-11-29;"domingo";"11:00:00";"BA";101;828;"ITAMARAJU";"Velocidade Incompatível";"Tombamento";"Com Vítimas Feridas";"Pleno dia";"Decrescente";"Nublado";"Simples";"Curva;Declive";"Não";2;0;1;0;0;1;1;2;-17,161245;-39,572595;"SPRF-BA";"DEL09-BA";"UOP02-DEL09-BA"
324630;2020-11-29;"domingo";"15:24:00";"SC";116;233,1;"CORREIA PINTO";"Defeito Mecânico no Veículo";"Derramamento de carga";"Sem Vítimas";"Pleno dia";"Crescente";"Nublado";"Múltipla";"Reta";"Não";2;0;0;0;1;1;0;2;-27,69306795;-50,33623941;"SPRF-SC";"DEL05-SC";"UOP01-DEL05-SC"
324641;2020-11-29;"domingo";"15:10:00";"MS";158;18;"CASSILANDIA";"Desobediência às normas de trânsito pelo condutor";"Tombamento";"Com Vítimas Feridas";"Pleno dia";"Crescente";"Céu Claro";"Simples";"Reta";"Não";3;0;2;0;0;2;2;3;-19,17779829;-51,60419914;"SPRF-MS";"DEL08-MS";"UOP01-DEL08-MS"
324656;2020-11-29;"domingo";"14:40:00";"MG";116;727,2;"LARANJAL";"Condutor Dormindo";"Colisão lateral";"Com Vítimas Feridas";"Pleno dia";"Crescente";"Sol";"Simples";"Aclive;Curva";"Não";3;0;1;0;1;1;1;3;-21,29681615;-42,4234049;"SPRF-MG";"DEL07-MG";"UOP02-DEL07-MG"
324678;2020-11-29;"domingo";"16:00:00";"MS";262;286,6;"RIBAS DO RIO PARDO";"Falta de Atenção à Condução";"Colisão lateral";"Sem Vítimas";"Pleno dia";"Decrescente";"Nublado";"Simples";"Reta";"Não";2;0;0;0;1;1;0;2;-20,47466492;-54,10196686;"SPRF-MS";"DEL01-MS";"UOP01-DEL01-MS"
324683;2020-11-29;"domingo";"19:30:00";"MG";262;454;"NOVA SERRANA";"Ultrapassagem Indevida";"Colisão lateral";"Com Vítimas Feridas";"Plena Noite";"Decrescente";"Céu Claro";"Simples";"Reta";"Não";3;0;1;0;1;1;1;3;-19,85274128;-45,02424211;"SPRF-MG";"DEL08-MG";"UOP03-DEL08-MG"
324684;2020-11-29;"domingo";"19:56:00";"GO";153;525;"HIDROLANDIA";"Falta de Atenção à Condução";"Colisão traseira";"Sem Vítimas";"Plena Noite";"Crescente";"Céu Claro";"Dupla";"Reta";"Não";2;0;0;0;2;0;0;2;-16,9288;-49,2518;"SPRF-GO";"DEL01-GO";"UOP03-DEL01-GO"
324687;2020-11-29;"domingo";"09:00:00";"BA";235;311;"JUAZEIRO";"Ultrapassagem Indevida";"Colisão transversal";"Com Vítimas Fatais";"Pleno dia";"Decrescente";"Céu Claro";"Simples";"Reta";"Não";3;1;1;0;0;1;1;3;-9,50123;-40,180458;"SPRF-BA";"DEL07-BA";"UOP01-DEL07-BA"
324692;2020-11-29;"domingo";"20:50:00";"RJ";116;180;"NOVA IGUACU";"Falta de Atenção à Condução";"Colisão lateral";"Sem Vítimas";"Plena Noite";"Decrescente";"Céu Claro";"Dupla";"Interseção de Vias";"Sim";3;0;0;0;3;0;0;2;-22,73886285;-43,47714901;"SPRF-RJ";"DEL01-RJ";"UOP02-DEL01-RJ"
324696;2020-11-29;"domingo";"22:00:00";"RJ";116;298,7;"RESENDE";"Falta de Atenção à Condução";"Colisão traseira";"Com Vítimas Feridas";"Plena Noite";"Crescente";"Céu Claro";"Dupla";"Aclive";"Não";3;0;0;1;1;1;1;3;-22,45505975;-44,38536644;"SPRF-RJ";"DEL07-RJ";"UOP02-DEL07-RJ"
324700;2020-11-29;"domingo";"21:30:00";"SP";116;284;"EMBU DAS ARTES";"Defeito Mecânico no Veículo";"Incêndio";"Sem Vítimas";"Plena Noite";"Crescente";"Céu Claro";"Dupla";"Reta";"Sim";2;0;0;0;1;12;0;13;-23,69998;-46,867767;"SPRF-SP";"DEL04-SP";"UOP01-DEL04-SP"
324701;2020-11-29;"domingo";"08:45:00";"ES";101;188;"ARACRUZ";"Carga excessiva e/ou mal acondicionada";"Tombamento";"Com Vítimas Feridas";"Pleno dia";"Crescente";"Céu Claro";"Simples";"Curva";"Não";2;0;1;0;0;1;1;2;-19,67569037;-40,26368893;"SPRF-ES";"DEL04-ES";"UOP01-DEL04-ES"
324703;2020-11-29;"domingo";"16:40:00";"PR";153;493;"PAULA FREITAS";"Falta de Atenção à Condução";"Colisão traseira";"Sem Vítimas";"Pleno dia";"Crescente";"Garoa/Chuvisco";"Simples";"Aclive";"Não";3;0;0;0;2;2;0;4;-26,172022;-50,91258;"SPRF-PR";"DEL02-PR";"UOP03-DEL02-PR"
324718;2020-11-29;"domingo";"23:30:00";"MG";40;432,5;"PARAOPEBA";"Condutor Dormindo";"Saída de leito carroçável";"Sem Vítimas";"Plena Noite";"Crescente";"Céu Claro";"Dupla";"Reta";"Não";1;0;0;0;1;0;0;1;-19,20302941;-44,47243131;"SPRF-MG";"DEL02-MG";"UOP01-DEL02-MG"
324735;2020-11-30;"segunda-feira";"02:45:00";"BA";101;526;"BUERAREMA";"Não guardar distância de segurança";"Colisão traseira";"Com Vítimas Feridas";"Plena Noite";"Decrescente";"Garoa/Chuvisco";"Simples";"Reta";"Não";8;0;3;0;4;1;3;3;-14,97754865;-39,32969049;"SPRF-BA";"DEL05-BA";"UOP01-DEL05-BA"
324737;2020-11-29;"domingo";"21:10:00";"PB";230;416,6;"POMBAL";"Falta de Atenção à Condução";"Colisão com objeto estático";"Com Vítimas Feridas";"Plena Noite";"Decrescente";"Céu Claro";"Simples";"Interseção de Vias";"Não";1;0;0;1;0;0;1;1;-6,71545696;-37,83554077;"SPRF-PB";"DEL03-PB";"UOP02-DEL03-PB"
324750;2020-11-30;"segunda-feira";"07:15:00";"SP";116;289;"ITAPECERICA DA SERRA";"Não guardar distância de segurança";"Colisão lateral";"Com Vítimas Feridas";"Pleno dia";"Decrescente";"Céu Claro";"Dupla";"Reta";"Sim";5;0;1;0;3;2;1;4;-23,72290969;-46,89096614;"SPRF-SP";"DEL04-SP";"UOP01-DEL04-SP"
324751;2020-11-30;"segunda-feira";"07:20:00";"RS";158;327,9;"SANTA MARIA";"Falta de Atenção à Condução";"Colisão lateral";"Com Vítimas Feridas";"Pleno dia";"Decrescente";"Céu Claro";"Simples";"Interseção de Vias";"Sim";2;0;1;0;1;0;1;2;-29,714945;-53,81083;"SPRF-RS";"DEL09-RS";"UOP01-DEL09-RS"
324754;2020-11-30;"segunda-feira";"04:00:00";"MG";381;526,8;"BRUMADINHO";"Velocidade Incompatível";"Colisão com objeto estático";"Com Vítimas Feridas";"Plena Noite";"Crescente";"Ignorado";"Dupla";"Curva;Declive";"Não";2;0;1;0;0;1;1;2;-20,16175378;-44,34144636;"SPRF-MG";"DEL04-MG";"UOP03-DEL04-MG"
324758;2020-11-30;"segunda-feira";"07:45:00";"MG";381;482;"BETIM";"Falta de Atenção à Condução";"Colisão lateral";"Com Vítimas Feridas";"Pleno dia";"Crescente";"Céu Claro";"Dupla";"Reta";"Sim";4;0;1;0;2;1;1;3;-19,955532;-44,097209;"SPRF-MG";"DEL01-MG";"UOP03-DEL01-MG"
324760;2020-11-30;"segunda-feira";"08:30:00";"MA";135;13;"SAO LUIS";"Desobediência às normas de trânsito pelo condutor";"Colisão traseira";"Com Vítimas Feridas";"Pleno dia";"Crescente";"Céu Claro";"Dupla";"Reta";"Sim";2;0;0;1;0;1;1;2;-2,68053538;-44,29512283;"SPRF-MA";"DEL01-MA";"UOP01-DEL01-MA"
324763;2020-09-16;"quarta-feira";"05:30:00";"PR";277;28,1;"MORRETES";"Condutor Dormindo";"Tombamento";"Com Vítimas Feridas";"Amanhecer";"Decrescente";"Céu Claro";"Dupla";"Curva";"Não";3;0;1;0;0;2;1;3;-25,52874613;-48,73512603;"SPRF-PR";"DEL01-PR";"UOP05-DEL01-PR"
324766;2020-11-29;"domingo";"13:20:00";"SC";282;519,6;"XAXIM";"Falta de Atenção à Condução";"Saída de leito carroçável";"Sem Vítimas";"Pleno dia";"Crescente";"Chuva";"Simples";"Reta;Aclive";"Não";2;0;0;0;1;1;0;2;-26,947527;-52,517536;"SPRF-SC";"DEL07-SC";"UOP01-DEL07-SC"
324767;2020-11-30;"segunda-feira";"08:50:00";"PR";467;91,9;"CASCAVEL";"Avarias e/ou desgaste excessivo no pneu";"Colisão frontal";"Com Vítimas Feridas";"Pleno dia";"Decrescente";"Chuva";"Dupla";"Curva";"Não";2;0;0;1;1;0;1;2;-24,8515;-53,6035;"SPRF-PR";"DEL04-PR";"UOP01-DEL04-PR"
324769;2020-11-30;"segunda-feira";"09:15:00";"BA";116;670,4;"JEQUIE";"Defeito Mecânico no Veículo";"Colisão frontal";"Com Vítimas Feridas";"Pleno dia";"Crescente";"Céu Claro";"Simples";"Reta";"Sim";3;0;0;1;1;1;1;3;-13,83925;-40,108161;"SPRF-BA";"DEL03-BA";"UOP01-DEL03-BA"
324776;2020-11-29;"domingo";"22:30:00";"PA";10;273;"MAE DO RIO";"Ultrapassagem Indevida";"Colisão frontal";"Com Vítimas Fatais";"Plena Noite";"Crescente";"Céu Claro";"Simples";"Reta";"Não";3;1;0;1;1;0;1;2;-2,040023;-47,547375;"SPRF-PA";"DEL02-PA";"UOP01-DEL02-PA"
324782;2020-11-30;"segunda-feira";"11:00:00";"PR";369;198,6;"APUCARANA";"Desobediência às normas de trânsito pelo condutor";"Colisão lateral";"Com Vítimas Feridas";"Pleno dia";"Crescente";"Sol";"Dupla";"Reta;Declive";"Sim";4;0;1;1;1;1;2;4;-23,521792;-51,438792;"SPRF-PR";"DEL07-PR";"UOP03-DEL07-PR"
324784;2020-11-30;"segunda-feira";"10:40:00";"RJ";40;111;"DUQUE DE CAXIAS";"Desobediência às normas de trânsito pelo condutor";"Engavetamento";"Sem Vítimas";"Pleno dia";"Crescente";"Céu Claro";"Múltipla";"Reta";"Não";4;0;0;0;3;1;0;4;-22,691868;-43,287453;"SPRF-RJ";"DEL01-RJ";"UOP01-DEL01-RJ"
324786;2020-11-30;"segunda-feira";"10:15:00";"MT";158;636,6;"NOVA XAVANTINA";"Falta de Atenção à Condução";"Saída de leito carroçável";"Com Vítimas Feridas";"Pleno dia";"Decrescente";"Céu Claro";"Simples";"Reta";"Não";4;0;3;1;0;0;4;1;-14,53639729;-52,35774994;"SPRF-MT";"DEL07-MT";"UOP02-DEL07-MT"
324790;2020-11-30;"segunda-feira";"11:30:00";"RS";158;316,2;"ITAARA";"Falta de Atenção à Condução";"Colisão lateral";"Sem Vítimas";"Pleno dia";"Decrescente";"Céu Claro";"Dupla";"Curva";"Não";5;0;0;0;5;0;0;3;-29,65231057;-53,76503707;"SPRF-RS";"DEL09-RS";"UOP01-DEL09-RS"
324791;2020-11-30;"segunda-feira";"11:50:00";"GO";60;48,5;"ABADIANIA";"Falta de Atenção à Condução";"Colisão traseira";"Com Vítimas Feridas";"Pleno dia";"Crescente";"Céu Claro";"Dupla";"Aclive;Curva";"Não";3;0;1;0;2;0;1;2;-16,1529;-48,6109;"SPRF-GO";"DEL02-GO";"UOP01-DEL02-GO"
324795;2020-11-30;"segunda-feira";"08:30:00";"PR";163;83;"PLANALTO";"Falta de Atenção à Condução";"Colisão transversal";"Com Vítimas Feridas";"Pleno dia";"Crescente";"Céu Claro";"Simples";"Reta";"Não";3;0;1;0;1;3;1;5;-25,71040283;-53,76835953;"SPRF-PR";"DEL02-PR";"UOP02-DEL02-PR"
324798;2020-11-30;"segunda-feira";"12:25:00";"SE";101;86,5;"NOSSA SENHORA DO SOCORRO";"Falta de Atenção à Condução";"Colisão traseira";"Com Vítimas Feridas";"Pleno dia";"Crescente";"Céu Claro";"Dupla";"Aclive";"Sim";4;0;1;0;2;1;1;3;-10,85236473;-37,13618222;"SPRF-SE";"DEL01-SE";"UOP01-DEL01-SE"
324805;2020-11-30;"segunda-feira";"07:40:00";"MA";316;611,8;"TIMON";"Falta de Atenção à Condução";"Colisão transversal";"Com Vítimas Feridas";"Pleno dia";"Crescente";"Céu Claro";"Simples";"Aclive";"Não";3;0;0;1;1;1;1;3;-5,072684;-42,868118;"SPRF-MA";"DEL03-MA";"UOP02-DEL03-MA"
324810;2020-11-30;"segunda-feira";"09:45:00";"PR";277;175;"PALMEIRA";"Velocidade Incompatível";"Colisão frontal";"Com Vítimas Fatais";"Pleno dia";"Crescente";"Chuva";"Simples";"Curva";"Não";6;2;2;2;0;0;4;2;-25,43987872;-49,97389289;"SPRF-PR";"DEL03-PR";"UOP03-DEL03-PR"
324811;2020-11-30;"segunda-feira";"13:40:00";"RN";110;49,8;"MOSSORO";"Não guardar distância de segurança";"Colisão traseira";"Com Vítimas Feridas";"Pleno dia";"Crescente";"Céu Claro";"Dupla";"Reta";"Sim";3;0;1;0;2;0;1;2;-5,21645975;-37,32927128;"SPRF-RN";"DEL04-RN";"UOP01-DEL04-RN"
324819;2020-11-30;"segunda-feira";"15:00:00";"PR";369;180;"ARAPONGAS";"Defeito Mecânico no Veículo";"Colisão traseira";"Com Vítimas Feridas";"Pleno dia";"Crescente";"Céu Claro";"Simples";"Reta";"Sim";2;0;1;0;1;0;1;2;-23,379;-51,416;"SPRF-PR";"DEL07-PR";"UOP03-DEL07-PR"
324820;2020-11-30;"segunda-feira";"15:55:00";"SC";101;201;"SAO JOSE";"Falta de Atenção à Condução";"Colisão traseira";"Com Vítimas Feridas";"Pleno dia";"Crescente";"Chuva";"Dupla";"Reta";"Sim";2;0;1;0;1;0;1;2;-27,54836599;-48,61977975;"SPRF-SC";"DEL01-SC";"UOP01-DEL01-SC"
324821;2020-11-30;"segunda-feira";"15:45:00";"PR";476;144;"CURITIBA";"Velocidade Incompatível";"Tombamento";"Com Vítimas Feridas";"Pleno dia";"Decrescente";"Nublado";"Dupla";"Viaduto";"Sim";2;0;1;0;0;1;1;2;-25,542501;-49,313011;"SPRF-PR";"DEL01-PR";"UOP03-DEL01-PR"
324823;2020-11-30;"segunda-feira";"15:30:00";"RJ";116;269;"VOLTA REDONDA";"Falta de Atenção à Condução";"Tombamento";"Sem Vítimas";"Pleno dia";"Crescente";"Nublado";"Dupla";"Retorno Regulamentado";"Sim";2;0;0;0;1;1;0;2;-22,57510092;-44,11542461;"SPRF-RJ";"DEL07-RJ";"UOP02-DEL07-RJ"
324828;2020-11-30;"segunda-feira";"16:25:00";"SP";381;88;"SAO PAULO";"Não guardar distância de segurança";"Colisão traseira";"Com Vítimas Feridas";"Pleno dia";"Crescente";"Chuva";"Múltipla";"Reta";"Não";2;0;0;1;1;0;1;2;-23,47469314;-46,56112919;"SPRF-SP";"DEL03-SP";"UOP01-DEL03-SP"
324829;2020-11-28;"sábado";"14:45:00";"MS";262;713,9;"CORUMBA";"Não guardar distância de segurança";"Saída de leito carroçável";"Sem Vítimas";"Pleno dia";"Decrescente";"Chuva";"Simples";"Reta";"Não";1;0;0;0;1;0;0;1;-19,46509999;-57,42038557;"SPRF-MS";"DEL03-MS";"UOP03-DEL03-MS"
324831;2020-11-30;"segunda-feira";"16:20:00";"RJ";116;136;"MAGE";"Falta de Atenção à Condução";"Colisão lateral";"Com Vítimas Feridas";"Pleno dia";"Decrescente";"Céu Claro";"Dupla";"Reta";"Sim";2;0;1;0;1;0;1;2;-22,64988985;-43,17250297;"SPRF-RJ";"DEL04-RJ";"UOP02-DEL04-RJ"