"id";"data_inversa";"dia_semana";"horario";"uf";"br";"km";"municipio";"causa_acidente";"tipo_acidente";"classificacao_acidente";"fase_dia";"sentido_via";"condicao_metereologica";"tipo_pista";"tracado_via";"uso_solo";"pessoas";"mortos";"feridos_leves";"feridos_graves";"ilesos";"ignorados";"feridos";"veiculos";"latitude";"longitude";"regional";"delegacia";"uop"
325132;2020-12-02;"quarta-feira";"04:30:00";"MG";267;262,7;"AIURUOCA";"Velocidade Incompatível";"Tombamento";"Com Vítimas Fatais";"Plena Noite";"Decrescente";"Céu Claro";"Simples";"Declive;Curva";"Não";1;1;0;0;0;0;0;1;-21,93601052;-44,5743693;"SPRF-MG";"DEL17-MG";"UOP01-DEL17-MG"
325135;2020-12-02;"quarta-feira";"09:40:00";"PB";101;73;"SANTA RITA";"Falta de Atenção à Condução";"Saída de leito carroçável";"Com Vítimas Feridas";"Pleno dia";"Crescente";"Céu Claro";"Dupla";"Reta";"Não";2;0;1;0;1;0;1;1;-7,07828212;-34,98823508;"SPRF-PB";"DEL01-PB";"UOP04-DEL01-PB"
325136;2020-12-02;"quarta-feira";"09:20:00";"ES";101;451,9;"MIMOSO DO SUL";"Falta de Atenção à Condução";"Colisão traseira";"Com Vítimas Feridas";"Pleno dia";"Decrescente";"Sol";"Múltipla";"Reta";"Não";2;0;1;0;1;0;1;2;-21,152358;-41,274138;"SPRF-ES";"DEL03-ES";"UOP02-DEL03-ES"
325140;2020-12-02;"quarta-feira";"10:20:00";"PI";343;2;"PARNAIBA";"Defeito Mecânico no Veículo";"Colisão com objeto estático";"Sem Vítimas";"Pleno dia";"Decrescente";"Céu Claro";"Simples";"Reta";"Não";1;0;0;0;1;0;0;1;-2,896495;-41,673553;"SPRF-PI";"DEL05-PI";"UOP01-DEL05-PI"
325145;2020-12-02;"quarta-feira";"11:29:00";"SP";116;162,7;"JACAREI";"Não guardar distância de segurança";"Colisão traseira";"Com Vítimas Feridas";"Pleno dia";"Decrescente";"Sol";"Dupla";"Reta";"Não";11;0;4;1;3;4;5;9;-23,28133317;-45,98394689;"SPRF-SP";"DEL02-SP";"UOP01-DEL02-SP"
325146;2020-12-02;"quarta-feira";"11:30:00";"SC";282;64,2;"RANCHO QUEIMADO";"Falta de Atenção à Condução";"Colisão lateral";"Sem Vítimas";"Pleno dia";"Decrescente";"Chuva";"Simples";"Reta";"Não";4;0;0;0;3;2;0;5;-27,696323;-49,052456;"SPRF-SC";"DEL01-SC";"UOP03-DEL01-SC"
325152;2020-12-02;"quarta-feira";"11:30:00";"MG";262;367;"JUATUBA";"Desobediência às normas de trânsito pelo condutor";"Colisão lateral";"Sem Vítimas";"Pleno dia";"Decrescente";"Nublado";"Simples";"Curva";"Sim";4;0;0;0;3;1;0;3;-19,97391261;-44,27096197;"SPRF-MG";"DEL01-MG";"UOP03-DEL01-MG"
325153;2020-12-02;"quarta-feira";"12:15:00";"SC";470;52;"BLUMENAU";"Falta de Atenção à Condução";"Colisão transversal";"Com Vítimas Feridas";"Pleno dia";"Crescente";"Céu Claro";"Dupla";"Reta";"Sim";2;0;0;1;1;0;1;2;-26,862286;-49,093903;"SPRF-SC";"DEL04-SC";"UOP01-DEL04-SC"
325155;2020-12-02;"quarta-feira";"12:13:00";"BA";324;537;"AMELIA RODRIGUES";"Falta de Atenção à Condução";"Colisão lateral";"Sem Vítimas";"Pleno dia";"Crescente";"Sol";"Dupla";"Reta";"Sim";3;0;0;0;2;2;0;4;-12,36902201;-38,81384601;"SPRF-BA";"DEL01-BA";"UOP03-DEL01-BA"
325156;2020-12-02;"quarta-feira";"10:35:00";"SP";153;267;"MARILIA";"Avarias e/ou desgaste excessivo no pneu";"Incêndio";"Sem Vítimas";"Pleno dia";"Crescente";"Céu Claro";"Simples";"Reta";"Não";2;0;0;0;1;1;0;2;-22,32140001;-49,89833888;"SPRF-SP";"DEL07-SP";"UOP02-DEL07-SP"
325163;2020-12-02;"quarta-feira";"12:50:00";"MG";40;586;"ITABIRITO";"Pista Escorregadia";"Saída de leito carroçável";"Com Vítimas Feridas";"Pleno dia";"Crescente";"Chuva";"Simples";"Declive;Curva";"Não";4;0;1;0;3;0;1;1;-20,34175518;-43,92038073;"SPRF-MG";"DEL01-MG";"UOP02-DEL01-MG"
325168;2020-12-02;"quarta-feira";"08:05:00";"MS";163;404,9;"NOVA ALVORADA DO SUL";"Agressão Externa";"Colisão com objeto em movimento";"Sem Vítimas";"Pleno dia";"Decrescente";"Céu Claro";"Simples";"Aclive";"Não";3;0;0;0;2;1;0;2;-21,13246706;-54,47967425;"SPRF-MS";"DEL02-MS";"UOP01-DEL02-MS"
325169;2020-12-02;"quarta-feira";"11:30:00";"PI";135;579;"CORRENTE";"Falta de Atenção à Condução";"Colisão lateral";"Com Vítimas Feridas";"Pleno dia";"Crescente";"Céu Claro";"Simples";"Reta";"Não";3;0;2;0;0;1;2;2;-10,34275501;-45,16866712;"SPRF-PI";"DEL03-PI";"UOP02-DEL03-PI"
325172;2020-11-25;"quarta-feira";"15:30:00";"GO";364;111;"CACHOEIRA ALTA";"Condutor Dormindo";"Colisão lateral";"Com Vítimas Feridas";"Pleno dia";"Decrescente";"Nublado";"Simples";"Reta";"Não";3;0;1;0;1;2;1;4;-18,323978;-51,135818;"SPRF-GO";"DEL05-GO";"UOP02-DEL05-GO"
325181;2020-12-02;"quarta-feira";"08:30:00";"SP";116;513;"CAJATI";"Pista Escorregadia";"Colisão com objeto estático";"Sem Vítimas";"Pleno dia";"Decrescente";"Nublado";"Dupla";"Curva";"Não";3;0;0;0;2;1;0;2;-24,85109616;-48,21802405;"SPRF-SP";"DEL05-SP";"UOP02-DEL05-SP"
325187;2020-12-02;"quarta-feira";"16:40:00";"SE";101;94,6;"NOSSA SENHORA DO SOCORRO";"Falta de Atenção do Pedestre";"Atropelamento de Pedestre";"Com Vítimas Feridas";"Pleno dia";"Decrescente";"Céu Claro";"Dupla";"Reta";"Sim";2;0;0;1;1;0;1;2;-10,90732013;-37,15236691;"SPRF-SE";"DEL01-SE";"UOP01-DEL01-SE"
325191;2020-12-02;"quarta-feira";"14:20:00";"MA";135;5,7;"SAO LUIS";"Falta de Atenção à Condução";"Colisão lateral";"Com Vítimas Fatais";"Pleno dia";"Crescente";"Céu Claro";"Dupla";"Reta";"Sim";2;1;0;0;0;1;0;2;-2,62949;-44,3145;"SPRF-MA";"DEL01-MA";"UOP01-DEL01-MA"
325202;2020-12-02;"quarta-feira";"11:15:00";"PR";476;240,8;"LAPA";"Falta de Atenção à Condução";"Saída de leito carroçável";"Com Vítimas Feridas";"Pleno dia";"Crescente";"Sol";"Simples";"Curva";"Não";2;0;0;1;0;1;1;2;-25,864338;-50,069801;"SPRF-PR";"DEL02-PR";"UOP04-DEL02-PR"
325206;2020-12-02;"quarta-feira";"16:20:00";"MT";163;696;"LUCAS DO RIO VERDE";"Falta de Atenção à Condução";"Colisão lateral";"Com Vítimas Feridas";"Pleno dia";"Crescente";"Céu Claro";"Simples";"Reta";"Não";3;0;1;0;1;1;1;3;-13,1098361;-55,95285679;"SPRF-MT";"DEL06-MT";"UOP01-DEL06-MT"
325207;2020-12-02;"quarta-feira";"15:30:00";"SP";116;431,3;"REGISTRO";"Falta de Atenção à Condução";"Colisão traseira";"Sem Vítimas";"Pleno dia";"Decrescente";"Céu Claro";"Dupla";"Reta";"Não";2;0;0;0;1;1;0;2;-24,41194876;-47,75392914;"SPRF-SP";"DEL05-SP";"UOP01-DEL05-SP"
325208;2020-12-02;"quarta-feira";"10:40:00";"PI";135;385;"BOM JESUS";"Defeito na Via";"Tombamento";"Sem Vítimas";"Pleno dia";"Decrescente";"Sol";"Simples";"Curva";"Não";2;0;0;0;1;3;0;4;-9,30846322;-44,5190328;"SPRF-PI";"DEL03-PI";"UOP02-DEL03-PI"
325218;2020-12-02;"quarta-feira";"19:30:00";"GO";40;95,7;"CRISTALINA";"Falta de Atenção do Pedestre";"Atropelamento de Pedestre";"Com Vítimas Feridas";"Plena Noite";"Crescente";"Céu Claro";"Simples";"Reta;Declive";"Sim";3;0;0;1;1;1;1;3;-16,75493059;-47,60394283;"SPRF-DF";"DEL01-DF";"UOP02-DEL01-DF"
325222;2020-12-02;"quarta-feira";"16:55:00";"RS";470;24;"BARRACAO";"Desobediência às normas de trânsito pelo condutor";"Colisão transversal";"Sem Vítimas";"Pleno dia";"Crescente";"Céu Claro";"Simples";"Reta";"Não";3;0;0;0;2;1;0;3;-27,66229079;-51,45618168;"SPRF-RS";"DEL08-RS";"UOP05-DEL08-RS"
325225;2020-12-02;"quarta-feira";"17:40:00";"SC";470;62;"INDAIAL";"Falta de Atenção à Condução";"Colisão traseira";"Com Vítimas Feridas";"Pleno dia";"Crescente";"Céu Claro";"Simples";"Reta";"Não";6;0;2;2;2;0;4;3;-26,874521;-49,182938;"SPRF-SC";"DEL04-SC";"UOP01-DEL04-SC"
325227;2020-12-02;"quarta-feira";"14:40:00";"SC";470;356;"CAMPOS NOVOS";"Defeito Mecânico no Veículo";"Colisão com objeto estático";"Com Vítimas Fatais";"Pleno dia";"Decrescente";"Céu Claro";"Simples";"Ponte;Curva";"Não";1;1;0;0;0;0;0;1;-27,596577;-51,473782;"SPRF-SC";"DEL07-SC";"UOP06-DEL07-SC"
325235;2020-12-01;"terça-feira";"20:30:00";"PR";163;289;"MARECHAL CANDIDO RONDON";"Falta de Atenção à Condução";"Saída de leito carroçável";"Com Vítimas Feridas";"Plena Noite";"Crescente";"Céu Claro";"Simples";"Curva";"Não";2;0;1;0;0;1;1;2;-24,52338665;-54,05925751;"SPRF-PR";"DEL06-PR";"UOP02-DEL06-PR"
325241;2020-12-02;"quarta-feira";"22:00:00";"SP";153;284,8;"OCAUCU";"Falta de Atenção à Condução";"Colisão traseira";"Com Vítimas Feridas";"Plena Noite";"Decrescente";"Nublado";"Simples";"Reta";"Não";3;0;1;0;1;1;1;3;-22,44825692;-49,86247915;"SPRF-SP";"DEL07-SP";"UOP02-DEL07-SP"
325243;2020-12-02;"quarta-feira";"20:40:00";"GO";40;28;"ALEXANIA";"Falta de Atenção à Condução";"Colisão traseira";"Com Vítimas Feridas";"Plena Noite";"Decrescente";"Céu Claro";"Dupla";"Reta";"Não";4;0;1;0;3;0;1;2;-16,10064931;-48,46840739;"SPRF-DF";"DEL01-DF";"UOP01-DEL01-DF"
325245;2020-12-02;"quarta-feira";"19:25:00";"MA";10;177,5;"CAMPESTRE DO MARANHAO";"Animais na Pista";"Atropelamento de Animal";"Com Vítimas Fatais";"Plena Noite";"Decrescente";"Céu Claro";"Simples";"Reta";"Sim";4;1;1;2;0;0;3;2;-6,167406;-47,365757;"SPRF-MA";"DEL04-MA";"UOP02-DEL04-MA"
325246;2020-12-02;"quarta-feira";"22:10:00";"RN";101;112;"SAO JOSE DE MIPIBU";"Ingestão de Álcool";"Colisão traseira";"Com Vítimas Feridas";"Plena Noite";"Crescente";"Céu Claro";"Dupla";"Reta";"Sim";2;0;1;0;1;0;1;2;-5,96429;-35,264877;"SPRF-RN";"DEL01-RN";"UOP01-DEL01-RN"
325247;2020-12-02;"quarta-feira";"21:20:00";"MS";163;29;"MUNDO NOVO";"Falta de Atenção à Condução";"Saída de leito carroçável";"Sem Vítimas";"Plena Noite";"Crescente";"Céu Claro";"Simples";"Reta";"Não";1;0;0;0;0;1;0;1;-23,85899892;-54,33396588;"SPRF-MS";"DEL09-MS";"UOP02-DEL09-MS"
325248;2020-12-02;"quarta-feira";"22:00:00";"PB";230;28;"JOAO PESSOA";"Falta de Atenção à Condução";"Colisão com objeto estático";"Sem Vítimas";"Plena Noite";"Crescente";"Chuva";"Simples";"Viaduto;Interseção de Vias;Curva";"Não";2;0;0;0;1;1;0;2;-7,1651;-34,8941;"SPRF-PB";"DEL01-PB";"UOP01-DEL01-PB"
325250;2020-12-02;"quarta-feira";"23:10:00";"RS";116;360;"TAPES";"Falta de Atenção à Condução";"Tombamento";"Com Vítimas Feridas";"Plena Noite";"Decrescente";"Chuva";"Dupla";"Desvio Temporário";"Não";2;0;1;0;0;1;1;2;-30,62477189;-51,54634827;"SPRF-RS";"DEL02-RS";"UOP02-DEL02-RS"
325254;2020-12-02;"quarta-feira";"19:10:00";"TO";153;614,9;"ALIANCA DO TOCANTINS";"Falta de Atenção à Condução";"Colisão frontal";"Com Vítimas Fatais";"Plena Noite";"Crescente";"Céu Claro";"Simples";"Reta";"Não";2;1;0;0;1;0;0;2;-11,22048996;-48,93221347;"SPRF-TO";"DEL01-TO";"UOP02-DEL01-TO"
325255;2020-12-03;"quinta-feira";"00:30:00";"BA";116;817,6;"VITORIA DA CONQUISTA";"Desobediência às normas de trânsito pelo condutor";"Colisão transversal";"Com Vítimas Feridas";"Plena Noite";"Crescente";"Céu Claro";"Simples";"Reta";"Não";3;0;2;0;0;1;2;3;-14,78186283;-40,73870709;"SPRF-BA";"DEL08-BA";"UOP01-DEL08-BA"
325257;2020-12-02;"quarta-feira";"20:00:00";"MA";135;245;"PERITORO";"Ingestão de Álcool";"Colisão lateral";"Com Vítimas Feridas";"Plena Noite";"Decrescente";"Céu Claro";"Simples";"Reta";"Não";4;0;1;0;1;2;1;4;-4,53022605;-44,35168229;"SPRF-MA";"DEL03-MA";"UOP01-DEL03-MA"
325258;2020-12-02;"quarta-feira";"22:25:00";"RO";364;359;"OURO PRETO DO OESTE";"Condutor Dormindo";"Colisão lateral";"Com Vítimas Feridas";"Plena Noite";"Crescente";"Céu Claro";"Simples";"Reta";"Não";2;0;1;0;1;0;1;2;-10,78642871;-62,04905684;"SPRF-RO";"DEL02-RO";"UOP01-DEL02-RO"
325262;2020-12-03;"quinta-feira";"02:00:00";"ES";101;6,7;"PEDRO CANARIO";"Falta de Atenção à Condução";"Tombamento";"Com Vítimas Feridas";"Plena Noite";"Decrescente";"Céu Claro";"Simples";"Curva";"Não";2;0;1;0;0;1;1;2;-18,21950697;-39,94488285;"SPRF-ES";"DEL04-ES";"UOP02-DEL04-ES"
325264;2020-12-03;"quinta-feira";"03:15:00";"MG";116;404;"GOVERNADOR VALADARES";"Velocidade Incompatível";"Tombamento";"Com Vítimas Feridas";"Plena Noite";"Crescente";"Céu Claro";"Simples";"Curva";"Não";3;0;2;0;0;1;2;2;-18,81054997;-41,98453386;"SPRF-MG";"DEL06-MG";"UOP01-DEL06-MG"
325265;2020-12-03;"quinta-feira";"02:25:00";"PB";230;70;"SOBRADO";"Desobediência às normas de trânsito pelo condutor";"Saída de leito carroçável";"Com Vítimas Feridas";"Plena Noite";"Decrescente";"Céu Claro";"Dupla";"Reta;Retorno Regulamentado";"Não";2;0;1;0;0;1;1;2;-7,191293;-35,237695;"SPRF-PB";"DEL01-PB";"UOP03-DEL01-PB"
325269;2020-12-02;"quarta-feira";"19:00:00";"RS";290;278,3;"CACHOEIRA DO SUL";"Velocidade Incompatível";"Colisão frontal";"Com Vítimas Feridas";"Plena Noite";"Crescente";"Chuva";"Simples";"Reta";"Não";3;0;1;0;1;1;1;3;-30,2546189;-53,01761627;"SPRF-RS";"DEL02-RS";"UOP03-DEL02-RS"
325270;2020-12-02;"quarta-feira";"18:10:00";"PI";135;97;"SEBASTIAO LEAL";"Defeito Mecânico no Veículo";"Colisão traseira";"Com Vítimas Fatais";"Anoitecer";"Crescente";"Céu Claro";"Simples";"Reta";"Não";2;1;0;0;1;0;0;2;-7,449806;-43,843788;"SPRF-PI";"DEL03-PI";"UOP01-DEL03-PI"
325271;2020-12-03;"quinta-feira";"05:45:00";"SC";470;79,4;"RODEIO";"Falta de Atenção à Condução";"Colisão frontal";"Com Vítimas Fatais";"Amanhecer";"Crescente";"Chuva";"Simples";"Reta";"Não";2;1;0;0;1;0;0;2;-26,948805;-49,316097;"SPRF-SC";"DEL04-SC";"UOP01-DEL04-SC"
325275;2020-12-02;"quarta-feira";"22:30:00";"MG";262;650,2;"IBIA";"Desobediência às normas de trânsito pelo condutor";"Colisão frontal";"Com Vítimas Fatais";"Plena Noite";"Crescente";"Chuva";"Simples";"Declive;Curva";"Não";3;1;0;1;0;2;1;4;-19,565341;-46,651573;"SPRF-MG";"DEL08-MG";"UOP01-DEL08-MG"
325283;2020-12-03;"quinta-feira";"06:00:00";"PR";163;333;"GUAIRA";"Condutor Dormindo";"Colisão frontal";"Com Vítimas Fatais";"Amanhecer";"Crescente";"Chuva";"Simples";"Reta";"Não";4;3;0;0;1;0;0;2;-24,240841;-54,19934555;"SPRF-PR";"DEL06-PR";"UOP01-DEL06-PR"
325286;2020-12-03;"quinta-feira";"04:00:00";"ES";101;223,5;"IBIRACU";"Defeito Mecânico no Veículo";"Derramamento de carga";"Sem Vítimas";"Plena Noite";"Crescente";"Céu Claro";"Simples";"Curva";"Não";2;0;0;0;1;1;0;2;-19,88058026;-40,41744431;"SPRF-ES";"DEL02-ES";"UOP01-DEL02-ES"
325287;2020-12-03;"quinta-feira";"07:30:00";"CE";116;13;"FORTALEZA";"Falta de Atenção à Condução";"Colisão transversal";"Com Vítimas Feridas";"Pleno dia";"Decrescente";"Nublado";"Dupla";"Reta";"Sim";2;0;0;1;1;0;1;2;-3,86088501;-38,49715296;"SPRF-CE";"DEL01-CE";"UOP02-DEL01-CE"
325290;2020-12-03;"quinta-feira";"07:50:00";"SE";101;55,7;"JAPARATUBA";"Ultrapassagem Indevida";"Colisão traseira";"Com Vítimas Feridas";"Pleno dia";"Crescente";"Céu Claro";"Simples";"Declive";"Não";5;0;1;0;3;4;1;7;-10,633431;-37,003742;"SPRF-SE";"DEL02-SE";"UOP02-DEL02-SE"
325293;2020-12-03;"quinta-feira";"07:45:00";"RS";116;123,4;"SAO MARCOS";"Desobediência às normas de trânsito pelo condutor";"Colisão transversal";"Com Vítimas Feridas";"Pleno dia";"Crescente";"Nublado";"Simples";"Reta";"Sim";3;0;1;0;1;1;1;3;-29,01872689;-51,07577621;"SPRF-RS";"DEL05-RS";"UOP01-DEL05-RS"
325297;2020-12-03;"quinta-feira";"08:50:00";"MG";116;412,7;"GOVERNADOR VALADARES";"Desobediência às normas de trânsito pelo condutor";"Colisão traseira";"Com Vítimas Feridas";"Pleno dia";"Crescente";"Céu Claro";"Dupla";"Reta";"Sim";3;0;1;1;1;0;2;2;-18,873907;-41,966366;"SPRF-MG";"DEL06-MG";"UOP01-DEL06-MG"
325303;2020-12-03;"quinta-feira";"07:30:00";"RR";0;0;"BOA VISTA";"Falta de Atenção à Condução";"Colisão com objeto estático";"Sem Vítimas";"Pleno dia";"Não Informado";"Céu Claro";"Simples";"Reta";"Sim";1;0;0;0;1;0;0;1;2,850846;-60,703896;"SPRF-RR";"DEL01-RR";"UOP01-DEL01-RR"
325312;2020-12-03;"quinta-feira";"05:30:00";"GO";50;133,8;"IPAMERI";"Falta de Atenção à Condução";"Saída de leito carroçável";"Com Vítimas Feridas";"Amanhecer";"Decrescente";"Céu Claro";"Dupla";"Reta";"Não";3;0;2;0;0;1;2;2;-17,0332;-47,7635;"SPRF-GO";"DEL06-GO";"UOP01-DEL06-GO"
325314;2020-12-02;"quarta-feira";"20:00:00";"PE";407;47,5;"PETROLINA";"Animais na Pista";"Tombamento";"Com Vítimas Feridas";"Plena Noite";"Decrescente";"Céu Claro";"Simples";"Reta";"Não";2;0;1;0;0;1;1;2;-8,79178343;-40,87357537;"SPRF-PE";"DEL06-PE";"UOP02-DEL06-PE"
325315;2020-12-03;"quinta-feira";"10:00:00";"PR";476;128;"CURITIBA";"Falta de Atenção à Condução";"Colisão traseira";"Com Vítimas Feridas";"Pleno dia";"Decrescente";"Nublado";"Dupla";"Reta";"Sim";4;0;0;1;1;2;1;4;-25,433048;-49,23156;"SPRF-PR";"DEL01-PR";"UOP03-DEL01-PR"
325316;2020-12-03;"quinta-feira";"10:55:00";"PE";232;169,1;"BELO JARDIM";"Velocidade Incompatível";"Engavetamento";"Com Vítimas Feridas";"Pleno dia";"Crescente";"Nublado";"Simples";"Aclive";"Não";8;0;3;0;5;0;3;6;-8,3399573;-36,334402;"SPRF-PE";"DEL02-PE";"UOP03-DEL02-PE"
325317;2020-12-03;"quinta-feira";"11:15:00";"MG";40;465;"SETE LAGOAS";"Pista Escorregadia";"Saída de leito carroçável";"Com Vítimas Feridas";"Pleno dia";"Decrescente";"Chuva";"Dupla";"Declive";"Não";5;0;2;1;2;0;3;5;-19,43835777;-44,33103681;"SPRF-MG";"DEL02-MG";"UOP01-DEL02-MG"
325319;2020-12-03;"quinta-feira";"11:30:00";"PE";101;77,7;"RECIFE";"Desobediência às normas de trânsito pelo condutor";"Colisão transversal";"Com Vítimas Feridas";"Pleno dia";"Crescente";"Céu Claro";"Dupla";"Aclive;Reta";"Sim";3;0;2;0;1;0;2;3;-8,131494;-34,945589;"SPRF-PE";"DEL01-PE";"UOP01-DEL01-PE"
325321;2020-11-17;"terça-feira";"11:40:00";"MT";163;725;"SORRISO";"Desobediência às normas de trânsito pelo condutor";"Colisão frontal";"Com Vítimas Fatais";"Pleno dia";"Crescente";"Céu Claro";"Simples";"Reta";"Não";4;2;0;0;0;5;0;7;-12,766;-55,835247;"SPRF-MT";"DEL06-MT";"UOP01-DEL06-MT"
325322;2020-12-03;"quinta-feira";"11:55:00";"SC";470;58;"BLUMENAU";"Desobediência às normas de trânsito pelo condutor";"Colisão transversal";"Com Vítimas Feridas";"Pleno dia";"Decrescente";"Nublado";"Simples";"Interseção de Vias";"Sim";3;0;2;0;1;0;2;2;-26,88421369;-49,14703102;"SPRF-SC";"DEL04-SC";"UOP01-DEL04-SC"
325325;2020-12-03;"quinta-feira";"11:45:00";"GO";153;434;"ANAPOLIS";"Defeito Mecânico no Veículo";"Danos eventuais";"Com Vítimas Feridas";"Pleno dia";"Decrescente";"Céu Claro";"Dupla";"Aclive";"Não";2;0;1;0;0;1;1;2;-16,275604;-48,967766;"SPRF-GO";"DEL02-GO";"UOP01-DEL02-GO"
325328;2020-12-03;"quinta-feira";"12:45:00";"MG";40;464;"SETE LAGOAS";"Velocidade Incompatível";"Tombamento";"Com Vítimas Feridas";"Pleno dia";"Crescente";"Chuva";"Dupla";"Curva";"Não";3;0;1;0;2;0;1;1;-19,43110896;-44,33657482;"SPRF-MG";"DEL02-MG";"UOP01-DEL02-MG"
325329;2020-12-03;"quinta-feira";"13:00:00";"ES";101;191;"ARACRUZ";"Ingestão de Álcool";"Colisão lateral";"Com Vítimas Feridas";"Pleno dia";"Decrescente";"Céu Claro";"Simples";"Aclive";"Não";2;0;0;1;1;0;1;2;-19,68908911;-40,28696073;"SPRF-ES";"DEL04-ES";"UOP01-DEL04-ES"
325330;2020-12-03;"quinta-feira";"13:00:00";"PB";101;80;"SANTA RITA";"Não guardar distância de segurança";"Colisão traseira";"Com Vítimas Feridas";"Pleno dia";"Decrescente";"Nublado";"Dupla";"Reta";"Não";2;0;1;0;0;1;1;2;-7,11753704;-34,94951428;"SPRF-PB";"DEL01-PB";"UOP04-DEL01-PB"
325332;2020-12-03;"quinta-feira";"13:15:00";"MG";40;763,3;"JUIZ DE FORA";"Velocidade Incompatível";"Colisão frontal";"Com Vítimas Feridas";"Pleno dia";"Crescente";"Chuva";"Simples";"Curva";"Não";4;0;0;2;1;1;2;3;-21,57798644;-43,47381326;"SPRF-MG";"DEL05-MG";"UOP01-DEL05-MG"
325338;2020-12-03;"quinta-feira";"13:10:00";"PR";277;27;"MORRETES";"Falta de Atenção à Condução";"Saída de leito carroçável";"Com Vítimas Feridas";"Pleno dia";"Crescente";"Nublado";"Dupla";"Reta";"Não";1;0;1;0;0;0;1;1;-25,52935033;-48,72534598;"SPRF-PR";"DEL01-PR";"UOP05-DEL01-PR"
325340;2020-12-03;"quinta-feira";"12:40:00";"PR";467;91,1;"CASCAVEL";"Falta de Atenção à Condução";"Saída de leito carroçável";"Com Vítimas Feridas";"Pleno dia";"Crescente";"Garoa/Chuvisco";"Dupla";"Curva";"Não";1;0;1;0;0;0;1;1;-24,8439;-53,6077;"SPRF-PR";"DEL04-PR";"UOP01-DEL04-PR"
325341;2020-12-03;"quinta-feira";"10:30:00";"PB";110;187,4;"MONTEIRO";"Velocidade Incompatível";"Colisão traseira";"Com Vítimas Fatais";"Pleno dia";"Decrescente";"Céu Claro";"Simples";"Reta";"Não";3;1;1;0;1;0;1;2;-7,9247564;-37,16802982;"SPRF-PB";"DEL02-PB";"UOP02-DEL02-PB"
325344;2020-12-03;"quinta-feira";"13:57:00";"MG";40;591;"ITABIRITO";"Falta de Atenção à Condução";"Colisão com objeto estático";"Sem Vítimas";"Pleno dia";"Decrescente";"Chuva";"Dupla";"Curva";"Não";4;0;0;0;3;1;0;4;-20,37466721;-43,9077212;"SPRF-MG";"DEL01-MG";"UOP02-DEL01-MG"
325345;2020-12-03;"quinta-feira";"15:10:00";"ES";101;279,1;"SERRA";"Falta de Atenção à Condução";"Colisão transversal";"Com Vítimas Fatais";"Pleno dia";"Crescente";"Céu Claro";"Dupla";"Reta";"Não";3;1;0;1;1;0;1;2;-20,218122;-40,339325;"SPRF-ES";"DEL02-ES";"UOP01-DEL02-ES"
325350;2020-12-03;"quinta-feira";"11:00:00";"SC";282;521,8;"XAXIM";"Falta de Atenção à Condução";"Colisão com objeto estático";"Com Vítimas Feridas";"Pleno dia";"Crescente";"Nublado";"Simples";"Declive";"Sim";2;0;1;0;0;1;1;2;-26,950993;-52,534767;"SPRF-SC";"DEL07-SC";"UOP01-DEL07-SC"
325356;2020-12-03;"quinta-feira";"16:00:00";"SC";470;97,9;"APIUNA";"Falta de Atenção à Condução";"Colisão transversal";"Com Vítimas Feridas";"Pleno dia";"Crescente";"Nublado";"Simples";"Reta";"Sim";2;0;0;1;1;0;1;2;-27,026621;-49,378124;"SPRF-SC";"DEL04-SC";"UOP01-DEL04-SC"
325361;2020-12-03;"quinta-feira";"16:20:00";"MS";163;413,2;"NOVA ALVORADA DO SUL";"Falta de Atenção à Condução";"Saída de leito carroçável";"Com Vítimas Feridas";"Pleno dia";"Crescente";"Chuva";"Simples";"Declive;Reta";"Não";2;0;1;1;0;0;2;1;-21,05310399;-54,49874396;"SPRF-MS";"DEL02-MS";"UOP01-DEL02-MS"
325364;2020-12-03;"quinta-feira";"17:20:00";"SP";116;51;"LORENA";"Falta de Atenção à Condução";"Colisão traseira";"Com Vítimas Feridas";"Pleno dia";"Crescente";"Nublado";"Dupla";"Reta;Aclive";"Sim";3;0;1;0;1;1;1;3;-22,74157511;-45,09206392;"SPRF-SP";"DEL08-SP";"UOP01-DEL08-SP"
325366;2020-12-03;"quinta-feira";"14:00:00";"MG";381;727;"CARMO DA CACHOEIRA";"Velocidade Incompatível";"Colisão com objeto estático";"Com Vítimas Feridas";"Pleno dia";"Crescente";"Chuva";"Dupla";"Curva;Declive";"Não";2;0;1;0;1;0;1;1;-21,51583943;-45,22069256;"SPRF-MG";"DEL04-MG";"UOP02-DEL04-MG"
325367;2020-12-03;"quinta-feira";"16:45:00";"RJ";40;96;"DUQUE DE CAXIAS";"Pista Escorregadia";"Saída de leito carroçável";"Com Vítimas Feridas";"Pleno dia";"Crescente";"Chuva";"Simples";"Curva;Declive";"Não";2;0;1;0;1;0;1;1;-22,56876595;-43,27693723;"SPRF-RJ";"DEL01-RJ";"UOP01-DEL01-RJ"
325368;2020-12-03;"quinta-feira";"16:50:00";"MS";163;476,5;"CAMPO GRANDE";"Não guardar distância de segurança";"Engavetamento";"Com Vítimas Feridas";"Pleno dia";"Crescente";"Chuva";"Simples";"Reta";"Não";6;0;2;0;3;3;2;7;-20,51162825;-54,56030973;"SPRF-MS";"DEL01-MS";"UOP01-DEL01-MS"