"id";"data_inversa";"dia_semana";"horario";"uf";"br";"km";"municipio";"causa_acidente";"tipo_acidente";"classificacao_acidente";"fase_dia";"sentido_via";"condicao_metereologica";"tipo_pista";"tracado_via";"uso_solo";"pessoas";"mortos";"feridos_leves";"feridos_graves";"ilesos";"ignorados";"feridos";"veiculos";"latitude";"longitude";"regional";"delegacia";"uop"
325373;2020-12-03;"quinta-feira";"17:20:00";"ES";101;296;"CARIACICA";"Carga excessiva e/ou mal acondicionada";"Tombamento";"Sem Vítimas";"Pleno dia";"Decrescente";"Céu Claro";"Dupla";"Curva";"Sim";2;0;0;0;1;1;0;2;-20,34029997;-40,40405712;"SPRF-ES";"DEL01-ES";"UOP01-DEL01-ES"
325386;2020-12-03;"quinta-feira";"20:00:00";"RJ";40;114;"DUQUE DE CAXIAS";"Falta de Atenção à Condução";"Colisão lateral";"Com Vítimas Feridas";"Plena Noite";"Crescente";"Céu Claro";"Múltipla";"Reta";"Não";3;0;1;1;1;0;2;2;-22,71853604;-43,28993324;"SPRF-RJ";"DEL01-RJ";"UOP01-DEL01-RJ"
325392;2020-12-03;"quinta-feira";"16:05:00";"MG";116;552,9;"SANTA BARBARA DO LESTE";"Falta de Atenção à Condução";"Colisão frontal";"Com Vítimas Feridas";"Pleno dia";"Crescente";"Chuva";"Simples";"Curva";"Sim";3;0;0;2;1;0;2;2;-19,98476697;-42,1434265;"SPRF-MG";"DEL06-MG";"UOP02-DEL06-MG"
325393;2020-12-03;"quinta-feira";"19:10:00";"MT";163;621;"NOVA MUTUM";"Defeito Mecânico no Veículo";"Incêndio";"Sem Vítimas";"Anoitecer";"Crescente";"Céu Claro";"Simples";"Reta";"Não";2;0;0;0;1;1;0;2;-13,72663905;-56,04643283;"SPRF-MT";"DEL01-MT";"UOP01-DEL01-MT"
325397;2020-12-03;"quinta-feira";"17:30:00";"BA";101;269;"SANTO ANTONIO DE JESUS";"Desobediência às normas de trânsito pelo condutor";"Colisão lateral";"Com Vítimas Feridas";"Pleno dia";"Crescente";"Céu Claro";"Simples";"Reta";"Não";2;0;1;0;1;0;1;2;-13,025;-39,29039;"SPRF-BA";"DEL01-BA";"UOP02-DEL01-BA"
325406;2020-12-03;"quinta-feira";"17:15:00";"MA";230;386;"BALSAS";"Desobediência às normas de trânsito pelo condutor";"Colisão traseira";"Sem Vítimas";"Pleno dia";"Decrescente";"Céu Claro";"Simples";"Reta;Aclive";"Não";3;0;0;0;2;2;0;4;-7,37624085;-45,9758663;"SPRF-MA";"DEL05-MA";"UOP01-DEL05-MA"
325411;2020-12-03;"quinta-feira";"21:50:00";"MG";381;905,2;"CAMBUI";"Defeito Mecânico no Veículo";"Colisão com objeto estático";"Com Vítimas Feridas";"Plena Noite";"Decrescente";"Nublado";"Dupla";"Curva";"Não";5;0;0;1;3;4;1;8;-22,69514484;-46,1125442;"SPRF-MG";"DEL16-MG";"UOP03-DEL16-MG"
325413;2020-12-03;"quinta-feira";"20:30:00";"RJ";101;43;"CAMPOS DOS GOYTACAZES";"Defeito Mecânico no Veículo";"Colisão lateral";"Com Vítimas Feridas";"Plena Noite";"Decrescente";"Céu Claro";"Simples";"Reta";"Não";6;0;3;0;2;1;3;4;-21,572634;-41,32343795;"SPRF-RJ";"DEL08-RJ";"UOP01-DEL08-RJ"
325415;2020-12-03;"quinta-feira";"15:15:00";"SC";280;252,5;"CANOINHAS";"Desobediência às normas de trânsito pelo condutor";"Colisão frontal";"Com Vítimas Fatais";"Pleno dia";"Crescente";"Céu Claro";"Simples";"Curva";"Não";3;1;1;1;0;0;2;2;-26,26023459;-50,56133033;"SPRF-SC";"DEL06-SC";"UOP04-DEL06-SC"
325416;2020-12-03;"quinta-feira";"20:30:00";"SC";282;521,6;"XAXIM";"Falta de Atenção à Condução";"Danos eventuais";"Sem Vítimas";"Plena Noite";"Crescente";"Céu Claro";"Simples";"Rotatória";"Sim";2;0;0;0;1;1;0;2;-26,950993;-52,534767;"SPRF-SC";"DEL07-SC";"UOP01-DEL07-SC"
325418;2020-12-03;"quinta-feira";"21:20:00";"PR";376;668;"GUARATUBA";"Defeito Mecânico no Veículo";"Incêndio";"Sem Vítimas";"Plena Noite";"Decrescente";"Nublado";"Dupla";"Reta";"Não";1;0;0;0;1;0;0;1;-25,864159;-48,937538;"SPRF-PR";"DEL01-PR";"UOP04-DEL01-PR"
325425;2020-12-03;"quinta-feira";"22:35:00";"SC";282;408,7;"CATANDUVAS";"Falta de Atenção à Condução";"Colisão com objeto estático";"Sem Vítimas";"Plena Noite";"Decrescente";"Céu Claro";"Simples";"Reta";"Sim";2;0;0;0;1;1;0;2;-27,065756;-51,664165;"SPRF-SC";"DEL07-SC";"UOP05-DEL07-SC"
325426;2020-12-03;"quinta-feira";"23:00:00";"SP";116;220,7;"GUARULHOS";"Falta de Atenção à Condução";"Colisão traseira";"Sem Vítimas";"Plena Noite";"Decrescente";"Nublado";"Múltipla";"Reta";"Não";5;0;0;0;3;2;0;5;-23,46472809;-46,49793962;"SPRF-SP";"DEL01-SP";"UOP01-DEL01-SP"
325442;2020-12-03;"quinta-feira";"20:30:00";"BA";110;13,3;"PAULO AFONSO";"Não guardar distância de segurança";"Colisão traseira";"Sem Vítimas";"Plena Noite";"Decrescente";"Céu Claro";"Simples";"Curva";"Não";3;0;0;0;2;2;0;4;-9,56792795;-38,22294244;"SPRF-BA";"DEL07-BA";"UOP01-DEL07-BA"
325443;2020-12-04;"sexta-feira";"01:20:00";"RJ";116;223,5;"PIRAI";"Defeito Mecânico no Veículo";"Tombamento";"Sem Vítimas";"Plena Noite";"Decrescente";"Nublado";"Simples";"Curva;Declive";"Não";1;0;0;0;1;0;0;1;-22,67943171;-43,83950841;"SPRF-RJ";"DEL07-RJ";"UOP01-DEL07-RJ"
325444;2020-12-04;"sexta-feira";"02:00:00";"MG";262;365;"JUATUBA";"Condutor Dormindo";"Colisão traseira";"Com Vítimas Feridas";"Plena Noite";"Crescente";"Céu Claro";"Dupla";"Reta";"Sim";2;0;1;0;1;0;1;2;-19,97856934;-44,25336717;"SPRF-MG";"DEL01-MG";"UOP03-DEL01-MG"
325446;2020-12-04;"sexta-feira";"03:35:00";"MG";153;99;"PRATA";"Condutor Dormindo";"Colisão traseira";"Com Vítimas Feridas";"Plena Noite";"Crescente";"Céu Claro";"Simples";"Aclive;Reta";"Não";2;0;1;0;1;0;1;2;-19,21986713;-48,93484939;"SPRF-MG";"DEL15-MG";"UOP03-DEL15-MG"
325452;2020-12-03;"quinta-feira";"22:00:00";"MG";251;262,3;"SALINAS";"Condutor Dormindo";"Saída de leito carroçável";"Com Vítimas Feridas";"Plena Noite";"Decrescente";"Nublado";"Simples";"Reta";"Não";2;0;1;0;0;1;1;2;-16,00116;-41,93516;"SPRF-MG";"DEL11-MG";"UOP02-DEL11-MG"
325458;2020-12-04;"sexta-feira";"07:10:00";"SC";101;201;"SAO JOSE";"Falta de Atenção à Condução";"Colisão traseira";"Com Vítimas Feridas";"Pleno dia";"Decrescente";"Céu Claro";"Dupla";"Reta";"Sim";2;0;0;1;1;0;1;2;-27,54836599;-48,61977975;"SPRF-SC";"DEL01-SC";"UOP01-DEL01-SC"
325462;2020-12-04;"sexta-feira";"06:25:00";"MG";40;281;"TRES MARIAS";"Falta de Atenção à Condução";"Saída de leito carroçável";"Com Vítimas Feridas";"Amanhecer";"Crescente";"Céu Claro";"Simples";"Aclive";"Sim";2;0;0;1;0;1;1;2;-18,24214561;-45,2080525;"SPRF-MG";"DEL14-MG";"UOP02-DEL14-MG"
325466;2020-12-04;"sexta-feira";"04:30:00";"MT";364;496,8;"JANGADA";"Condutor Dormindo";"Saída de leito carroçável";"Com Vítimas Feridas";"Plena Noite";"Crescente";"Nublado";"Simples";"Reta";"Não";2;0;1;0;0;1;1;2;-15,27668678;-56,44275675;"SPRF-MT";"DEL01-MT";"UOP01-DEL01-MT"
325469;2020-12-04;"sexta-feira";"08:00:00";"RS";116;257;"ESTEIO";"Falta de Atenção à Condução";"Colisão traseira";"Com Vítimas Feridas";"Pleno dia";"Crescente";"Céu Claro";"Simples";"Reta";"Sim";3;0;0;1;1;1;1;3;-29,8523;-51,1802;"SPRF-RS";"DEL01-RS";"UOP02-DEL01-RS"
325470;2020-12-03;"quinta-feira";"20:10:00";"MG";381;333;"NOVA ERA";"Desobediência às normas de trânsito pelo condutor";"Colisão lateral";"Com Vítimas Feridas";"Plena Noite";"Crescente";"Céu Claro";"Simples";"Interseção de Vias;Reta";"Não";2;0;1;0;1;0;1;2;-19,775632;-43,045266;"SPRF-MG";"DEL03-MG";"UOP01-DEL03-MG"
325472;2020-12-04;"sexta-feira";"05:50:00";"SC";282;241,6;"SAO JOSE DO CERRITO";"Defeito Mecânico no Veículo";"Incêndio";"Sem Vítimas";"Amanhecer";"Crescente";"Céu Claro";"Simples";"Aclive";"Não";2;0;0;0;1;1;0;2;-27,7542;-50,497066;"SPRF-SC";"DEL05-SC";"UOP02-DEL05-SC"
325474;2020-12-03;"quinta-feira";"23:35:00";"PR";153;136;"VENTANIA";"Condutor Dormindo";"Tombamento";"Com Vítimas Feridas";"Plena Noite";"Decrescente";"Garoa/Chuvisco";"Simples";"Curva";"Não";2;0;1;0;0;1;1;2;-24,04805819;-50,24742694;"SPRF-PR";"DEL07-PR";"UOP04-DEL07-PR"
325476;2020-12-04;"sexta-feira";"08:20:00";"CE";20;405;"CAUCAIA";"Desobediência às normas de trânsito pelo condutor";"Colisão traseira";"Com Vítimas Feridas";"Pleno dia";"Crescente";"Céu Claro";"Simples";"Reta";"Não";2;0;1;0;1;0;1;2;-3,7740804;-38,6780848;"SPRF-CE";"DEL01-CE";"UOP01-DEL01-CE"
325477;2020-12-04;"sexta-feira";"08:20:00";"PR";376;207;"MANDAGUARI";"Falta de Atenção à Condução";"Saída de leito carroçável";"Sem Vítimas";"Pleno dia";"Decrescente";"Céu Claro";"Dupla";"Curva;Declive";"Não";1;0;0;0;1;0;0;1;-23,561134;-51,66161;"SPRF-PR";"DEL09-PR";"UOP01-DEL09-PR"
325478;2020-12-04;"sexta-feira";"09:00:00";"PR";369;146,3;"LONDRINA";"Desobediência às normas de trânsito pelo condutor";"Colisão transversal";"Com Vítimas Feridas";"Pleno dia";"Decrescente";"Céu Claro";"Dupla";"Reta;Retorno Regulamentado;Declive";"Sim";2;0;0;1;1;0;1;2;-23,29332365;-51,12470811;"SPRF-PR";"DEL07-PR";"UOP01-DEL07-PR"
325480;2020-12-04;"sexta-feira";"09:15:00";"MG";40;446,1;"CAETANOPOLIS";"Velocidade Incompatível";"Tombamento";"Com Vítimas Feridas";"Pleno dia";"Crescente";"Céu Claro";"Dupla";"Reta;Declive";"Não";2;0;1;0;0;1;1;2;-19,28983;-44,38936;"SPRF-MG";"DEL02-MG";"UOP01-DEL02-MG"
325484;2020-12-04;"sexta-feira";"08:00:00";"MT";163;645;"NOVA MUTUM";"Pista Escorregadia";"Saída de leito carroçável";"Com Vítimas Feridas";"Pleno dia";"Crescente";"Chuva";"Simples";"Reta";"Não";2;0;2;0;0;0;2;1;-13,51597619;-56,03599325;"SPRF-MT";"DEL06-MT";"UOP01-DEL06-MT"
325486;2020-12-04;"sexta-feira";"10:00:00";"CE";116;16,9;"EUSEBIO";"Não guardar distância de segurança";"Colisão traseira";"Com Vítimas Feridas";"Pleno dia";"Decrescente";"Céu Claro";"Dupla";"Aclive";"Sim";2;0;1;0;1;0;1;2;-3,88732794;-38,50185439;"SPRF-CE";"DEL01-CE";"UOP02-DEL01-CE"
325488;2020-12-04;"sexta-feira";"08:50:00";"SP";116;425,8;"JUQUIA";"Falta de Atenção do Pedestre";"Atropelamento de Pedestre";"Com Vítimas Fatais";"Pleno dia";"Crescente";"Sol";"Dupla";"Reta";"Não";6;1;0;0;4;1;0;3;-24,38735659;-47,7169352;"SPRF-SP";"DEL05-SP";"UOP01-DEL05-SP"
325489;2020-12-04;"sexta-feira";"08:00:00";"MA";316;561;"CAXIAS";"Carga excessiva e/ou mal acondicionada";"Capotamento";"Sem Vítimas";"Pleno dia";"Crescente";"Sol";"Simples";"Reta";"Não";1;0;0;0;1;0;0;1;-4,893173;-43,275978;"SPRF-MA";"DEL03-MA";"UOP02-DEL03-MA"
325492;2020-12-04;"sexta-feira";"10:50:00";"PR";277;60;"SAO JOSE DOS PINHAIS";"Falta de Atenção à Condução";"Colisão traseira";"Sem Vítimas";"Pleno dia";"Decrescente";"Sol";"Dupla";"Reta";"Sim";3;0;0;0;2;2;0;4;-25,57289907;-48,99037703;"SPRF-PR";"DEL01-PR";"UOP01-DEL01-PR"
325495;2020-12-04;"sexta-feira";"11:10:00";"GO";70;375;"MONTES CLAROS DE GOIAS";"Falta de Atenção à Condução";"Colisão lateral";"Com Vítimas Feridas";"Pleno dia";"Crescente";"Céu Claro";"Simples";"Reta";"Não";5;0;2;0;3;0;2;2;-15,9397227;-51,371786;"SPRF-GO";"DEL04-GO";"UOP01-DEL04-GO"
325496;2020-12-03;"quinta-feira";"16:30:00";"GO";20;239,8;"GUARANI DE GOIAS";"Defeito Mecânico no Veículo";"Tombamento";"Com Vítimas Feridas";"Pleno dia";"Crescente";"Céu Claro";"Simples";"Reta";"Não";2;0;0;1;0;2;1;3;-14,042752;-46,264004;"SPRF-DF";"DEL02-DF";"UOP03-DEL02-DF"
325498;2020-12-04;"sexta-feira";"11:15:00";"MG";40;650,8;"CRISTIANO OTONI";"Falta de Atenção à Condução";"Colisão lateral";"Com Vítimas Feridas";"Pleno dia";"Crescente";"Céu Claro";"Simples";"Reta";"Não";4;0;2;0;1;1;2;4;-20,82568197;-43,80917592;"SPRF-MG";"DEL05-MG";"UOP02-DEL05-MG"
325500;2020-12-04;"sexta-feira";"10:15:00";"PB";230;409,7;"POMBAL";"Mal Súbito";"Colisão frontal";"Com Vítimas Feridas";"Pleno dia";"Crescente";"Sol";"Simples";"Declive;Curva";"Não";2;0;0;1;1;0;1;2;-6,7577;-37,7916;"SPRF-PB";"DEL03-PB";"UOP02-DEL03-PB"
325504;2020-12-04;"sexta-feira";"11:00:00";"PB";230;24;"JOAO PESSOA";"Defeito Mecânico no Veículo";"Colisão com objeto em movimento";"Sem Vítimas";"Pleno dia";"Crescente";"Céu Claro";"Dupla";"Reta";"Sim";3;0;0;0;3;0;0;3;-7,1637;-34,8618;"SPRF-PB";"DEL01-PB";"UOP01-DEL01-PB"
325505;2020-12-04;"sexta-feira";"11:30:00";"SP";153;57;"SAO JOSE DO RIO PRETO";"Não guardar distância de segurança";"Colisão traseira";"Com Vítimas Feridas";"Pleno dia";"Crescente";"Sol";"Simples";"Em Obras;Reta";"Sim";3;0;1;0;1;1;1;3;-20,76991095;-49,34982212;"SPRF-SP";"DEL09-SP";"UOP01-DEL09-SP"
325507;2020-12-04;"sexta-feira";"11:45:00";"PR";487;135;"TUNEIRAS DO OESTE";"Pista Escorregadia";"Saída de leito carroçável";"Com Vítimas Feridas";"Pleno dia";"Decrescente";"Chuva";"Simples";"Declive";"Não";1;0;1;0;0;0;1;1;-23,89903;-52,786115;"SPRF-PR";"DEL09-PR";"UOP03-DEL09-PR"
325508;2020-12-04;"sexta-feira";"12:05:00";"GO";20;6,1;"FORMOSA";"Desobediência às normas de trânsito pelo condutor";"Colisão traseira";"Com Vítimas Feridas";"Pleno dia";"Decrescente";"Sol";"Simples";"Curva;Declive";"Sim";5;0;2;0;3;0;2;2;-15,54921;-47,300228;"SPRF-DF";"DEL02-DF";"UOP01-DEL02-DF"
325512;2020-12-04;"sexta-feira";"12:30:00";"PB";101;85;"JOAO PESSOA";"Não guardar distância de segurança";"Colisão traseira";"Sem Vítimas";"Pleno dia";"Decrescente";"Céu Claro";"Dupla";"Reta";"Sim";2;0;0;0;1;1;0;2;-7,14538184;-34,91662887;"SPRF-PB";"DEL01-PB";"UOP01-DEL01-PB"
325514;2020-12-04;"sexta-feira";"10:20:00";"GO";452;1;"RIO VERDE";"Sinalização da via insuficiente ou inadequada";"Colisão lateral";"Com Vítimas Feridas";"Pleno dia";"Decrescente";"Céu Claro";"Simples";"Interseção de Vias";"Sim";3;0;1;0;1;4;1;6;-17,79126493;-50,89368296;"SPRF-GO";"DEL04-GO";"UOP01-DEL04-GO"
325522;2020-12-04;"sexta-feira";"13:35:00";"GO";153;441,9;"ANAPOLIS";"Desobediência às normas de trânsito pelo condutor";"Colisão traseira";"Sem Vítimas";"Pleno dia";"Crescente";"Céu Claro";"Dupla";"Reta";"Sim";3;0;0;0;2;1;0;3;-16,315866;-48,921612;"SPRF-GO";"DEL02-GO";"UOP01-DEL02-GO"
325524;2020-12-04;"sexta-feira";"11:20:00";"BA";349;975;"CORRENTINA";"Objeto estático sobre o leito carroçável";"Colisão com objeto estático";"Com Vítimas Fatais";"Pleno dia";"Crescente";"Céu Claro";"Simples";"Reta";"Não";2;1;0;0;1;0;0;2;-13,34775335;-44,63734466;"SPRF-BA";"DEL10-BA";"UOP01-DEL10-BA"
325525;2020-12-04;"sexta-feira";"13:30:00";"SC";101;331;"TUBARAO";"Desobediência às normas de trânsito pelo condutor";"Colisão lateral";"Com Vítimas Feridas";"Pleno dia";"Crescente";"Céu Claro";"Múltipla";"Curva";"Sim";2;0;0;1;1;0;1;2;-28,45567521;-48,9812689;"SPRF-SC";"DEL02-SC";"UOP01-DEL02-SC"
325529;2020-12-04;"sexta-feira";"09:00:00";"SE";101;155;"ESTANCIA";"Carga excessiva e/ou mal acondicionada";"Derramamento de carga";"Sem Vítimas";"Pleno dia";"Decrescente";"Céu Claro";"Simples";"Curva";"Não";2;0;0;0;1;1;0;2;-11,28543839;-37,45485295;"SPRF-SE";"DEL02-SE";"UOP01-DEL02-SE"
325535;2020-10-30;"sexta-feira";"22:00:00";"PA";10;293,5;"MAE DO RIO";"Falta de Atenção à Condução";"Colisão traseira";"Com Vítimas Feridas";"Plena Noite";"Decrescente";"Céu Claro";"Simples";"Reta";"Não";2;0;0;1;0;1;1;2;-1,862579;-47,524168;"SPRF-PA";"DEL02-PA";"UOP01-DEL02-PA"
325540;2020-12-04;"sexta-feira";"13:40:00";"RJ";101;15;"CAMPOS DOS GOYTACAZES";"Defeito Mecânico no Veículo";"Tombamento";"Sem Vítimas";"Pleno dia";"Decrescente";"Céu Claro";"Simples";"Curva";"Não";1;0;0;0;1;0;0;1;-21,34132801;-41,33552699;"SPRF-RJ";"DEL08-RJ";"UOP01-DEL08-RJ"
325541;2020-12-04;"sexta-feira";"15:00:00";"PI";316;310;"PICOS";"Desobediência às normas de trânsito pelo pedestre";"Atropelamento de Pedestre";"Com Vítimas Fatais";"Pleno dia";"Decrescente";"Céu Claro";"Simples";"Reta";"Sim";3;1;0;0;1;2;0;4;-7,07639186;-41,47475001;"SPRF-PI";"DEL04-PI";"UOP01-DEL04-PI"
325548;2020-12-04;"sexta-feira";"13:15:00";"MG";40;612,9;"CONGONHAS";"Velocidade Incompatível";"Colisão frontal";"Com Vítimas Feridas";"Pleno dia";"Decrescente";"Nublado";"Simples";"Curva";"Sim";2;0;1;0;1;0;1;2;-20,52556734;-43,82745316;"SPRF-MG";"DEL05-MG";"UOP02-DEL05-MG"
325551;2020-12-04;"sexta-feira";"14:30:00";"MT";163;606;"NOVA MUTUM";"Ultrapassagem Indevida";"Colisão frontal";"Com Vítimas Feridas";"Pleno dia";"Crescente";"Céu Claro";"Simples";"Curva";"Não";8;0;6;0;1;1;6;5;-13,85460924;-56,08513817;"SPRF-MT";"DEL01-MT";"UOP01-DEL01-MT"
325556;2020-02-21;"sexta-feira";"14:50:00";"RJ";116;170;"SAO JOAO DE MERITI";"Falta de Atenção à Condução";"Colisão traseira";"Com Vítimas Feridas";"Pleno dia";"Crescente";"Céu Claro";"Dupla";"Reta";"Sim";4;0;1;0;2;1;1;3;-22,81113183;-43,3336729;"SPRF-RJ";"DEL01-RJ";"UOP02-DEL01-RJ"
325560;2020-12-04;"sexta-feira";"16:30:00";"PR";277;643;"CEU AZUL";"Velocidade Incompatível";"Tombamento";"Com Vítimas Feridas";"Pleno dia";"Decrescente";"Chuva";"Simples";"Curva;Declive";"Não";3;0;1;0;1;1;1;3;-25,17676379;-53,87753189;"SPRF-PR";"DEL05-PR";"UOP02-DEL05-PR"
325561;2020-12-04;"sexta-feira";"16:25:00";"RJ";101;153;"MACAE";"Falta de Atenção à Condução";"Colisão transversal";"Com Vítimas Fatais";"Pleno dia";"Decrescente";"Céu Claro";"Simples";"Reta";"Não";4;1;0;0;3;0;0;4;-22,44752386;-42,0501709;"SPRF-RJ";"DEL08-RJ";"UOP04-DEL08-RJ"
325567;2020-12-04;"sexta-feira";"11:00:00";"BA";116;725,3;"MANOEL VITORINO";"Não guardar distância de segurança";"Colisão traseira";"Sem Vítimas";"Pleno dia";"Crescente";"Céu Claro";"Simples";"Reta";"Não";2;0;0;0;1;1;0;2;-14,23744;-40,28195201;"SPRF-BA";"DEL08-BA";"UOP02-DEL08-BA"
325570;2020-12-04;"sexta-feira";"17:20:00";"PR";163;351,7;"GUAIRA";"Pista Escorregadia";"Colisão traseira";"Com Vítimas Feridas";"Pleno dia";"Decrescente";"Nublado";"Simples";"Reta";"Não";3;0;0;1;1;3;1;5;-24,06527428;-54,25297737;"SPRF-PR";"DEL06-PR";"UOP01-DEL06-PR"
325574;2020-07-02;"quinta-feira";"12:05:00";"PI";316;384,7;"ALEGRETE DO PIAUI";"Não guardar distância de segurança";"Colisão lateral";"Com Vítimas Feridas";"Pleno dia";"Crescente";"Sol";"Simples";"Reta";"Não";3;0;0;1;1;1;1;3;-7,23044013;-40,87169715;"SPRF-PI";"DEL04-PI";"UOP03-DEL04-PI"
325594;2020-12-04;"sexta-feira";"13:06:00";"MT";174;285;"PONTES E LACERDA";"Carga excessiva e/ou mal acondicionada";"Colisão com objeto em movimento";"Com Vítimas Feridas";"Pleno dia";"Crescente";"Céu Claro";"Simples";"Reta";"Não";2;0;1;0;1;0;1;2;-15,2601158;-59,30416476;"SPRF-MT";"DEL04-MT";"UOP01-DEL04-MT"
325596;2020-12-04;"sexta-feira";"18:30:00";"MT";70;521,7;"VARZEA GRANDE";"Desobediência às normas de trânsito pelo condutor";"Colisão frontal";"Com Vítimas Feridas";"Anoitecer";"Decrescente";"Chuva";"Simples";"Reta";"Sim";3;0;1;0;1;1;1;3;-15,66634589;-56,18305206;"SPRF-MT";"DEL01-MT";"UOP02-DEL01-MT"
325597;2020-12-02;"quarta-feira";"08:30:00";"GO";364;342;"PORTELANDIA";"Defeito Mecânico no Veículo";"Tombamento";"Com Vítimas Feridas";"Pleno dia";"Decrescente";"Céu Claro";"Simples";"Reta";"Não";2;0;1;0;0;2;1;3;-17,386923;-52,831825;"SPRF-GO";"DEL05-GO";"UOP01-DEL05-GO"
325600;2020-12-04;"sexta-feira";"18:50:00";"TO";153;198;"NOVA OLINDA";"Falta de Atenção à Condução";"Colisão frontal";"Com Vítimas Feridas";"Plena Noite";"Decrescente";"Céu Claro";"Simples";"Reta";"Sim";3;0;0;1;1;1;1;3;-7,63025188;-48,42713147;"SPRF-TO";"DEL02-TO";"UOP01-DEL02-TO"
325603;2020-12-04;"sexta-feira";"17:04:00";"GO";20;185;"SIMOLANDIA";"Desobediência às normas de trânsito pelo condutor";"Queda de ocupante de veículo";"Com Vítimas Fatais";"Pleno dia";"Decrescente";"Céu Claro";"Dupla";"Reta";"Não";3;1;0;0;1;1;0;3;-14,443042;-46,462242;"SPRF-DF";"DEL02-DF";"UOP03-DEL02-DF"
325608;2020-12-04;"sexta-feira";"19:10:00";"MT";70;523;"VARZEA GRANDE";"Ingestão de Álcool";"Colisão transversal";"Sem Vítimas";"Plena Noite";"Crescente";"Chuva";"Simples";"Reta";"Sim";2;0;0;0;1;1;0;2;-15,655569;-56,190326;"SPRF-MT";"DEL01-MT";"UOP02-DEL01-MT"
325610;2020-12-04;"sexta-feira";"17:20:00";"PR";163;314;"MERCEDES";"Velocidade Incompatível";"Saída de leito carroçável";"Com Vítimas Feridas";"Pleno dia";"Decrescente";"Chuva";"Simples";"Curva";"Não";1;0;1;0;0;0;1;1;-24,39524004;-54,15113633;"SPRF-PR";"DEL06-PR";"UOP02-DEL06-PR"
325611;2020-12-04;"sexta-feira";"07:30:00";"MT";70;189;"GENERAL CARNEIRO";"Falta de Atenção à Condução";"Tombamento";"Sem Vítimas";"Pleno dia";"Crescente";"Céu Claro";"Simples";"Reta";"Não";2;0;0;0;1;2;0;3;-15,72007645;-53,65140414;"SPRF-MT";"DEL05-MT";"UOP01-DEL05-MT"
325614;2020-10-26;"segunda-feira";"03:00:00";"BA";101;618;"MASCOTE";"Pista Escorregadia";"Tombamento";"Sem Vítimas";"Plena Noite";"Crescente";"Chuva";"Simples";"Curva";"Não";1;0;0;0;1;0;0;1;-15,62784653;-39,43926036;"SPRF-BA";"DEL05-BA";"UOP02-DEL05-BA"
325615;2020-12-04;"sexta-feira";"21:00:00";"RN";304;216;"CAICARA DO RIO DO VENTO";"Defeito Mecânico no Veículo";"Capotamento";"Com Vítimas Fatais";"Plena Noite";"Crescente";"Céu Claro";"Simples";"Reta";"Não";3;1;0;2;0;0;2;1;-5,75614196;-36,02459399;"SPRF-RN";"DEL01-RN";"UOP03-DEL01-RN"
325621;2020-12-04;"sexta-feira";"20:00:00";"MT";364;275;"JACIARA";"Carga excessiva e/ou mal acondicionada";"Saída de leito carroçável";"Com Vítimas Fatais";"Plena Noite";"Decrescente";"Céu Claro";"Simples";"Curva";"Não";2;1;0;0;0;1;0;2;-15,95085604;-54,98237599;"SPRF-MT";"DEL02-MT";"UOP01-DEL02-MT"
325623;2020-12-04;"sexta-feira";"21:20:00";"PE";408;63,6;"CARPINA";"Desobediência às normas de trânsito pelo condutor";"Colisão lateral";"Com Vítimas Feridas";"Plena Noite";"Decrescente";"Céu Claro";"Simples";"Reta";"Sim";4;0;2;0;0;2;2;3;-7,83982046;-35,24072239;"SPRF-PE";"DEL01-PE";"UOP01-DEL01-PE"
325624;2020-12-04;"sexta-feira";"20:40:00";"PA";316;42;"SANTA IZABEL DO PARA";"Não guardar distância de segurança";"Colisão lateral";"Com Vítimas Feridas";"Plena Noite";"Crescente";"Nublado";"Dupla";"Reta";"Sim";2;0;1;0;1;0;1;2;-1,27648404;-48,104951;"SPRF-PA";"DEL01-PA";"UOP01-DEL01-PA"
325641;2020-12-04;"sexta-feira";"21:35:00";"MG";50;21,8;"ARAGUARI";"Falta de Atenção à Condução";"Colisão traseira";"Com Vítimas Feridas";"Plena Noite";"Decrescente";"Céu Claro";"Dupla";"Reta";"Não";4;0;0;1;2;1;1;3;-18,60412857;-48,05185497;"SPRF-MG";"DEL15-MG";"UOP02-DEL15-MG"
325643;2020-12-04;"sexta-feira";"17:10:00";"TO";153;505,5;"PARAISO DO TOCANTINS";"Objeto estático sobre o leito carroçável";"Colisão lateral";"Com Vítimas Feridas";"Pleno dia";"Decrescente";"Chuva";"Simples";"Reta";"Não";2;0;1;1;0;0;2;2;-10,24545798;-48,87809816;"SPRF-TO";"DEL01-TO";"UOP01-DEL01-TO"
325645;2020-12-04;"sexta-feira";"22:20:00";"RS";116;34;"VACARIA";"Falta de Atenção à Condução";"Colisão frontal";"Com Vítimas Fatais";"Plena Noite";"Crescente";"Céu Claro";"Simples";"Reta";"Sim";6;1;1;2;1;1;3;3;-28,47816403;-50,89824895;"SPRF-RS";"DEL05-RS";"UOP03-DEL05-RS"
325648;2020-12-04;"sexta-feira";"23:30:00";"MG";381;533;"ITATIAIUCU";"Velocidade Incompatível";"Tombamento";"Sem Vítimas";"Plena Noite";"Crescente";"Céu Claro";"Dupla";"Curva";"Não";2;0;0;0;1;1;0;2;-20,19896036;-44,38641307;"SPRF-MG";"DEL04-MG";"UOP03-DEL04-MG"