"id";"data_inversa";"dia_semana";"horario";"uf";"br";"km";"municipio";"causa_acidente";"tipo_acidente";"classificacao_acidente";"fase_dia";"sentido_via";"condicao_metereologica";"tipo_pista";"tracado_via";"uso_solo";"pessoas";"mortos";"feridos_leves";"feridos_graves";"ilesos";"ignorados";"feridos";"veiculos";"latitude";"longitude";"regional";"delegacia";"uop"
326033;2020-12-06;"domingo";"05:10:00";"AC";364;53;"PLACIDO DE CASTRO";"Defeito Mecânico no Veículo";"Saída de leito carroçável";"Com Vítimas Feridas";"Pleno dia";"Decrescente";"Nublado";"Simples";"Reta";"Não";1;0;1;0;0;0;1;1;-10,00411682;-67,20231509;"SPRF-AC";"DEL01-AC";"UOP01-DEL01-AC"
326034;2020-12-03;"quinta-feira";"07:00:00";"PR";376;665;"GUARATUBA";"Falta de Atenção à Condução";"Tombamento";"Sem Vítimas";"Pleno dia";"Crescente";"Nublado";"Dupla";"Curva";"Não";1;0;0;0;1;0;0;1;-25,85455838;-48,95670808;"SPRF-PR";"DEL01-PR";"UOP04-DEL01-PR"
326038;2020-12-06;"domingo";"09:00:00";"MG";381;378;"SAO GONCALO DO RIO ABAIXO";"Falta de Atenção à Condução";"Colisão traseira";"Com Vítimas Feridas";"Pleno dia";"Crescente";"Chuva";"Simples";"Curva";"Sim";2;0;1;0;1;0;1;2;-19,83376284;-43,36060015;"SPRF-MG";"DEL01-MG";"UOP01-DEL01-MG"
326053;2020-12-06;"domingo";"13:20:00";"SP";116;509;"CAJATI";"Avarias e/ou desgaste excessivo no pneu";"Colisão lateral";"Com Vítimas Feridas";"Pleno dia";"Decrescente";"Garoa/Chuvisco";"Dupla";"Curva";"Não";4;0;1;0;2;1;1;3;-24,82178987;-48,21419034;"SPRF-SP";"DEL05-SP";"UOP02-DEL05-SP"
326073;2020-12-06;"domingo";"14:15:00";"BA";20;7;"CORRENTINA";"Falta de Atenção à Condução";"Saída de leito carroçável";"Com Vítimas Feridas";"Pleno dia";"Crescente";"Nublado";"Simples";"Reta";"Não";2;0;0;1;0;1;1;2;-13,886532;-46,184058;"SPRF-BA";"DEL10-BA";"UOP01-DEL10-BA"
326122;2020-12-06;"domingo";"17:30:00";"MG";50;128,6;"UBERABA";"Falta de Atenção à Condução";"Colisão traseira";"Com Vítimas Fatais";"Pleno dia";"Decrescente";"Nublado";"Dupla";"Aclive";"Não";4;1;0;0;2;1;0;3;-19,376436;-48,077653;"SPRF-MG";"DEL13-MG";"UOP01-DEL13-MG"
326123;2020-12-06;"domingo";"14:30:00";"BA";101;693,4;"EUNAPOLIS";"Falta de Atenção à Condução";"Colisão lateral";"Sem Vítimas";"Pleno dia";"Crescente";"Céu Claro";"Simples";"Declive;Reta";"Não";6;0;0;0;4;2;0;4;-16,35950997;-39,57983311;"SPRF-BA";"DEL09-BA";"UOP01-DEL09-BA"
326129;2020-12-06;"domingo";"16:47:00";"PR";376;660;"TIJUCAS DO SUL";"Velocidade Incompatível";"Colisão traseira";"Com Vítimas Feridas";"Pleno dia";"Crescente";"Chuva";"Simples";"Curva";"Não";2;0;0;1;1;0;1;2;-25,8516758;-49,00332398;"SPRF-PR";"DEL01-PR";"UOP04-DEL01-PR"
326131;2020-12-06;"domingo";"18:50:00";"PI";230;284,6;"FLORIANO";"Desobediência às normas de trânsito pelo pedestre";"Atropelamento de Pedestre";"Com Vítimas Fatais";"Plena Noite";"Crescente";"Nublado";"Simples";"Reta";"Não";5;1;0;2;1;1;2;3;-6,90048915;-42,82038913;"SPRF-PI";"DEL03-PI";"UOP01-DEL03-PI"
326137;2020-12-06;"domingo";"18:45:00";"RN";101;97;"NATAL";"Falta de Atenção à Condução";"Colisão traseira";"Com Vítimas Feridas";"Plena Noite";"Crescente";"Céu Claro";"Múltipla";"Viaduto";"Sim";3;0;1;0;1;1;1;3;-5,85758898;-35,21271205;"SPRF-RN";"DEL01-RN";"UOP01-DEL01-RN"
326141;2020-12-06;"domingo";"17:55:00";"GO";20;168;"ALVORADA DO NORTE";"Mal Súbito";"Saída de leito carroçável";"Com Vítimas Feridas";"Anoitecer";"Crescente";"Nublado";"Simples";"Reta";"Não";2;0;0;1;0;2;1;3;-14,561017;-46,564274;"SPRF-DF";"DEL02-DF";"UOP03-DEL02-DF"
326152;2020-12-06;"domingo";"17:30:00";"RR";174;433;"MUCAJAI";"Não guardar distância de segurança";"Colisão traseira";"Com Vítimas Feridas";"Anoitecer";"Decrescente";"Céu Claro";"Simples";"Reta";"Não";6;0;2;0;4;0;2;2;2,307261;-60,909924;"SPRF-RR";"DEL01-RR";"UOP01-DEL01-RR"
326155;2020-12-06;"domingo";"18:45:00";"PR";373;418;"CANDOI";"Ingestão de Álcool";"Colisão frontal";"Com Vítimas Fatais";"Anoitecer";"Crescente";"Nublado";"Simples";"Curva";"Não";3;1;0;1;1;0;1;2;-25,68245546;-52,14682089;"SPRF-PR";"DEL08-PR";"UOP01-DEL08-PR"
326158;2020-12-06;"domingo";"18:00:00";"MA";10;244,6;"IMPERATRIZ";"Não guardar distância de segurança";"Colisão traseira";"Sem Vítimas";"Pleno dia";"Crescente";"Céu Claro";"Simples";"Reta";"Não";7;0;0;0;7;0;0;7;-5,596112;-47,42886;"SPRF-MA";"DEL04-MA";"UOP01-DEL04-MA"
326185;2020-12-06;"domingo";"18:30:00";"MA";316;357,8;"BACABAL";"Ultrapassagem Indevida";"Colisão transversal";"Com Vítimas Fatais";"Anoitecer";"Crescente";"Céu Claro";"Simples";"Reta";"Sim";3;1;0;0;1;1;0;3;-4,230584;-44,819248;"SPRF-MA";"DEL02-MA";"UOP01-DEL02-MA"
326187;2020-12-06;"domingo";"22:25:00";"BA";324;5;"FEIRA DE SANTANA";"Falta de Atenção à Condução";"Colisão traseira";"Com Vítimas Feridas";"Plena Noite";"Decrescente";"Céu Claro";"Dupla";"Reta";"Sim";4;0;2;0;1;2;2;4;-12,28217064;-38,97651196;"SPRF-BA";"DEL02-BA";"UOP01-DEL02-BA"
326194;2020-12-06;"domingo";"21:40:00";"SC";480;124,7;"CHAPECO";"Falta de Atenção à Condução";"Colisão traseira";"Com Vítimas Feridas";"Plena Noite";"Decrescente";"Céu Claro";"Dupla";"Reta";"Não";2;0;0;1;0;1;1;2;-27,00359519;-52,64391044;"SPRF-SC";"DEL07-SC";"UOP01-DEL07-SC"
326197;2020-12-06;"domingo";"16:30:00";"SP";116;567;"BARRA DO TURVO";"Falta de Atenção à Condução";"Colisão traseira";"Com Vítimas Feridas";"Anoitecer";"Decrescente";"Chuva";"Dupla";"Curva";"Não";6;0;1;0;4;1;1;3;-25,0475499;-48,55355172;"SPRF-SP";"DEL05-SP";"UOP02-DEL05-SP"
326200;2020-12-06;"domingo";"23:35:00";"DF";20;15,8;"BRASILIA";"Pista Escorregadia";"Saída de leito carroçável";"Com Vítimas Feridas";"Plena Noite";"Crescente";"Chuva";"Dupla";"Reta;Declive";"Sim";1;0;1;0;0;0;1;1;-15,630189;-47,733288;"SPRF-DF";"DEL02-DF";"UOP01-DEL02-DF"
326202;2020-12-06;"domingo";"22:50:00";"SC";280;35,8;"ARAQUARI";"Desobediência às normas de trânsito pelo condutor";"Colisão transversal";"Sem Vítimas";"Plena Noite";"Crescente";"Chuva";"Simples";"Curva;Interseção de Vias";"Não";4;0;0;0;3;2;0;4;-26,4402394;-48,80759954;"SPRF-SC";"DEL03-SC";"UOP03-DEL03-SC"
326206;2020-12-07;"segunda-feira";"00:30:00";"MG";40;615,7;"CONGONHAS";"Ingestão de Álcool";"Colisão frontal";"Com Vítimas Fatais";"Plena Noite";"Crescente";"Nublado";"Simples";"Reta";"Não";4;1;1;1;0;1;2;3;-20,53765999;-43,82077849;"SPRF-MG";"DEL05-MG";"UOP02-DEL05-MG"
326212;2020-12-06;"domingo";"19:00:00";"PE";232;361;"FLORES";"Defeito Mecânico no Veículo";"Incêndio";"Sem Vítimas";"Plena Noite";"Crescente";"Céu Claro";"Simples";"Declive";"Não";2;0;0;0;1;1;0;2;-8,04452581;-37,88565299;"SPRF-PE";"DEL04-PE";"UOP01-DEL04-PE"
326214;2020-12-07;"segunda-feira";"00:05:00";"SC";282;644,4;"SAO MIGUEL DO OESTE";"Ingestão de Álcool";"Colisão lateral";"Sem Vítimas";"Plena Noite";"Crescente";"Céu Claro";"Simples";"Declive;Em Obras;Curva";"Não";3;0;0;0;1;2;0;2;-26,76557542;-53,48411679;"SPRF-SC";"DEL07-SC";"UOP03-DEL07-SC"
326218;2020-12-07;"segunda-feira";"01:00:00";"PE";407;128;"PETROLINA";"Ingestão de Álcool";"Colisão lateral";"Com Vítimas Feridas";"Plena Noite";"Crescente";"Céu Claro";"Simples";"Interseção de Vias";"Sim";2;0;1;0;1;0;1;2;-9,39139937;-40,51908016;"SPRF-PE";"DEL06-PE";"UOP01-DEL06-PE"
326225;2020-12-07;"segunda-feira";"05:00:00";"CE";20;58,7;"TAUA";"Ingestão de Álcool";"Colisão traseira";"Com Vítimas Fatais";"Amanhecer";"Decrescente";"Céu Claro";"Simples";"Reta";"Não";3;1;0;1;1;0;1;2;-6,12318072;-40,45559231;"SPRF-CE";"DEL02-CE";"UOP02-DEL02-CE"
326226;2020-12-05;"sábado";"19:10:00";"MG";116;226,5;"CATUJI";"Velocidade Incompatível";"Colisão lateral";"Com Vítimas Feridas";"Plena Noite";"Decrescente";"Chuva";"Simples";"Curva";"Não";3;0;1;0;1;1;1;3;-17,45272285;-41,4999207;"SPRF-MG";"DEL11-MG";"UOP01-DEL11-MG"
326233;2020-12-07;"segunda-feira";"05:30:00";"MG";381;633,9;"OLIVEIRA";"Falta de Atenção à Condução";"Saída de leito carroçável";"Com Vítimas Feridas";"Amanhecer";"Decrescente";"Nublado";"Dupla";"Reta";"Não";1;0;1;0;0;0;1;1;-20,86933705;-44,84336892;"SPRF-MG";"DEL04-MG";"UOP01-DEL04-MG"
326238;2020-12-06;"domingo";"18:30:00";"MG";365;782,1;"ITUIUTABA";"Velocidade Incompatível";"Tombamento";"Com Vítimas Feridas";"Plena Noite";"Decrescente";"Chuva";"Simples";"Aclive";"Não";2;0;1;0;0;1;1;2;-18,95592862;-49,74089798;"SPRF-MG";"DEL15-MG";"UOP03-DEL15-MG"
326239;2020-12-07;"segunda-feira";"04:45:00";"RS";287;442,2;"UNISTALDA";"Falta de Atenção à Condução";"Saída de leito carroçável";"Com Vítimas Feridas";"Amanhecer";"Crescente";"Nevoeiro/Neblina";"Simples";"Curva";"Não";2;0;1;0;0;1;1;2;-28,99042391;-55,28423309;"SPRF-RS";"DEL12-RS";"UOP02-DEL12-RS"
326240;2020-12-06;"domingo";"18:15:00";"MG";365;801,9;"GURINHATA";"Ultrapassagem Indevida";"Colisão lateral";"Com Vítimas Feridas";"Pleno dia";"Crescente";"Sol";"Simples";"Reta";"Não";5;0;1;1;1;4;2;6;-18,90291098;-49,91693499;"SPRF-MG";"DEL15-MG";"UOP03-DEL15-MG"
326247;2020-12-06;"domingo";"22:20:00";"MT";70;513;"VARZEA GRANDE";"Desobediência às normas de trânsito pelo condutor";"Colisão frontal";"Com Vítimas Feridas";"Plena Noite";"Decrescente";"Nublado";"Simples";"Curva";"Não";3;0;0;1;1;1;1;3;-15,705751;-56,124982;"SPRF-MT";"DEL01-MT";"UOP02-DEL01-MT"
326249;2020-12-06;"domingo";"21:30:00";"MG";153;5,7;"ARAPORA";"Não guardar distância de segurança";"Colisão traseira";"Com Vítimas Feridas";"Anoitecer";"Decrescente";"Céu Claro";"Dupla";"Reta";"Sim";2;0;1;0;0;1;1;2;-18,46041004;-49,1880633;"SPRF-MG";"DEL15-MG";"UOP03-DEL15-MG"
326253;2020-12-07;"segunda-feira";"07:20:00";"ES";262;136,6;"BREJETUBA";"Velocidade Incompatível";"Tombamento";"Com Vítimas Feridas";"Pleno dia";"Crescente";"Nublado";"Simples";"Curva";"Não";2;0;1;0;0;1;1;2;-20,235189;-41,339594;"SPRF-ES";"DEL01-ES";"UOP02-DEL01-ES"
326256;2020-12-07;"segunda-feira";"08:05:00";"PR";376;189;"MARIALVA";"Não guardar distância de segurança";"Colisão traseira";"Com Vítimas Feridas";"Pleno dia";"Decrescente";"Nublado";"Dupla";"Reta";"Sim";3;0;1;0;1;1;1;3;-23,471231;-51,819515;"SPRF-PR";"DEL09-PR";"UOP01-DEL09-PR"
326257;2020-12-07;"segunda-feira";"08:14:00";"ES";101;254,1;"SERRA";"Falta de Atenção do Pedestre";"Atropelamento de Pedestre";"Com Vítimas Feridas";"Pleno dia";"Decrescente";"Céu Claro";"Simples";"Reta";"Sim";4;0;0;1;1;2;1;3;-20,1100364;-40,32740141;"SPRF-ES";"DEL02-ES";"UOP01-DEL02-ES"
326262;2020-12-07;"segunda-feira";"07:40:00";"RJ";116;194;"QUEIMADOS";"Falta de Atenção à Condução";"Colisão lateral";"Com Vítimas Feridas";"Pleno dia";"Crescente";"Céu Claro";"Dupla";"Reta";"Sim";2;0;1;0;1;0;1;2;-22,73711632;-43,53793909;"SPRF-RJ";"DEL01-RJ";"UOP02-DEL01-RJ"
326264;2020-12-07;"segunda-feira";"07:15:00";"SP";116;561,5;"BARRA DO TURVO";"Velocidade Incompatível";"Colisão com objeto estático";"Com Vítimas Feridas";"Pleno dia";"Crescente";"Chuva";"Dupla";"Curva";"Não";2;0;1;0;0;1;1;2;-25,02045097;-48,51586004;"SPRF-SP";"DEL05-SP";"UOP02-DEL05-SP"
326267;2020-12-07;"segunda-feira";"02:50:00";"SP";116;29,8;"LAVRINHAS";"Falta de Atenção à Condução";"Colisão com objeto estático";"Com Vítimas Feridas";"Plena Noite";"Decrescente";"Chuva";"Dupla";"Declive";"Não";2;0;1;0;0;1;1;2;-22,62913624;-44,92451055;"SPRF-SP";"DEL08-SP";"UOP02-DEL08-SP"
326268;2020-12-07;"segunda-feira";"07:57:00";"SC";101;94,9;"BARRA VELHA";"Desobediência às normas de trânsito pelo pedestre";"Atropelamento de Pedestre";"Com Vítimas Fatais";"Pleno dia";"Crescente";"Chuva";"Dupla";"Curva";"Não";4;1;0;0;1;2;0;3;-26,71270581;-48,70304208;"SPRF-SC";"DEL03-SC";"UOP02-DEL03-SC"
326269;2020-12-07;"segunda-feira";"08:45:00";"PE";101;58;"RECIFE";"Não guardar distância de segurança";"Colisão traseira";"Com Vítimas Feridas";"Pleno dia";"Crescente";"Céu Claro";"Dupla";"Ponte";"Sim";3;0;2;0;1;0;2;2;-8,0636484;-34,9441836;"SPRF-PE";"DEL01-PE";"UOP02-DEL01-PE"
326270;2020-12-07;"segunda-feira";"06:50:00";"AC";364;128;"RIO BRANCO";"Desobediência às normas de trânsito pelo condutor";"Colisão lateral";"Com Vítimas Feridas";"Pleno dia";"Crescente";"Céu Claro";"Simples";"Curva";"Não";4;0;2;0;1;1;2;3;-10,02644375;-67,8206882;"SPRF-AC";"DEL01-AC";"UOP01-DEL01-AC"
326273;2020-12-07;"segunda-feira";"09:10:00";"ES";101;269,9;"SERRA";"Falta de Atenção à Condução";"Colisão traseira";"Com Vítimas Feridas";"Pleno dia";"Decrescente";"Céu Claro";"Dupla";"Reta";"Sim";4;0;2;0;1;1;2;3;-20,21740496;-40,26990578;"SPRF-ES";"DEL02-ES";"UOP01-DEL02-ES"
326278;2020-12-07;"segunda-feira";"10:00:00";"RN";427;14,9;"ACARI";"Defeito Mecânico no Veículo";"Tombamento";"Sem Vítimas";"Pleno dia";"Crescente";"Céu Claro";"Simples";"Curva";"Não";2;0;0;0;1;3;0;4;-6,34572075;-36,5871932;"SPRF-RN";"DEL03-RN";"UOP02-DEL03-RN"
326279;2020-12-07;"segunda-feira";"10:00:00";"PR";277;33;"MORRETES";"Falta de Atenção à Condução";"Colisão com objeto estático";"Com Vítimas Feridas";"Pleno dia";"Decrescente";"Chuva";"Dupla";"Curva";"Não";2;0;1;0;1;0;1;2;-25,55427017;-48,80058289;"SPRF-PR";"DEL01-PR";"UOP05-DEL01-PR"
326280;2020-11-26;"quinta-feira";"13:30:00";"TO";153;272;"BRASILANDIA DO TOCANTINS";"Defeito Mecânico no Veículo";"Engavetamento";"Com Vítimas Feridas";"Pleno dia";"Crescente";"Céu Claro";"Simples";"Em Obras";"Não";6;0;0;3;2;4;3;7;-8,282475;-48,46929905;"SPRF-TO";"DEL02-TO";"UOP02-DEL02-TO"
326286;2020-12-07;"segunda-feira";"10:30:00";"SC";101;152;"PORTO BELO";"Falta de Atenção à Condução";"Engavetamento";"Com Vítimas Feridas";"Pleno dia";"Decrescente";"Chuva";"Múltipla";"Reta";"Sim";3;0;3;0;0;0;3;3;-27,13563503;-48,61004665;"SPRF-SC";"DEL04-SC";"UOP03-DEL04-SC"
326287;2020-12-07;"segunda-feira";"10:30:00";"SC";470;71,5;"INDAIAL";"Falta de Atenção à Condução";"Colisão transversal";"Com Vítimas Feridas";"Pleno dia";"Crescente";"Nublado";"Simples";"Reta";"Sim";3;0;1;0;1;1;1;3;-26,90055375;-49,26757693;"SPRF-SC";"DEL04-SC";"UOP01-DEL04-SC"
326297;2020-12-07;"segunda-feira";"11:20:00";"RS";470;232;"CARLOS BARBOSA";"Falta de Atenção à Condução";"Colisão transversal";"Com Vítimas Feridas";"Pleno dia";"Decrescente";"Ignorado";"Simples";"Interseção de Vias";"Não";3;0;0;1;1;1;1;3;-29,29950562;-51,48007482;"SPRF-RS";"DEL06-RS";"UOP01-DEL06-RS"
326298;2020-12-07;"segunda-feira";"09:15:00";"RO";364;340;"JI-PARANA";"Falta de Atenção à Condução";"Colisão traseira";"Sem Vítimas";"Pleno dia";"Crescente";"Chuva";"Múltipla";"Reta";"Sim";2;0;0;0;2;0;0;2;-10,898802;-61,93046;"SPRF-RO";"DEL02-RO";"UOP01-DEL02-RO"
326299;2020-12-07;"segunda-feira";"08:00:00";"RJ";101;175;"MACAE";"Condutor Dormindo";"Colisão frontal";"Com Vítimas Fatais";"Pleno dia";"Crescente";"Nublado";"Simples";"Reta";"Não";5;1;2;2;0;0;4;2;-22,375136;-41,960128;"SPRF-RJ";"DEL08-RJ";"UOP04-DEL08-RJ"
326311;2020-12-07;"segunda-feira";"13:10:00";"ES";262;3,2;"CARIACICA";"Desobediência às normas de trânsito pelo condutor";"Colisão lateral";"Com Vítimas Feridas";"Pleno dia";"Crescente";"Céu Claro";"Dupla";"Reta";"Sim";2;0;1;0;1;0;1;2;-20,33374432;-40,36910933;"SPRF-ES";"DEL01-ES";"UOP01-DEL01-ES"
326314;2020-12-07;"segunda-feira";"10:00:00";"SC";480;125,4;"CHAPECO";"Falta de Atenção à Condução";"Colisão transversal";"Com Vítimas Feridas";"Pleno dia";"Crescente";"Sol";"Simples";"Viaduto;Reta;Interseção de Vias";"Sim";2;0;1;0;1;0;1;2;-27,01164515;-52,63953123;"SPRF-SC";"DEL07-SC";"UOP01-DEL07-SC"
326321;2020-12-07;"segunda-feira";"14:00:00";"SC";280;51;"GUARAMIRIM";"Sinalização da via insuficiente ou inadequada";"Colisão traseira";"Com Vítimas Feridas";"Pleno dia";"Decrescente";"Chuva";"Dupla";"Reta;Em Obras";"Não";2;0;1;0;1;0;1;2;-26,46538871;-48,95544449;"SPRF-SC";"DEL03-SC";"UOP03-DEL03-SC"
326330;2020-12-07;"segunda-feira";"10:00:00";"PI";135;464;"MONTE ALEGRE DO PIAUI";"Falta de Atenção à Condução";"Tombamento";"Com Vítimas Feridas";"Pleno dia";"Decrescente";"Céu Claro";"Simples";"Curva";"Não";2;0;1;0;0;1;1;2;-9,57841687;-45,02479;"SPRF-PI";"DEL03-PI";"UOP02-DEL03-PI"
326333;2020-12-07;"segunda-feira";"14:15:00";"BA";116;11,7;"VITORIA DA CONQUISTA";"Desobediência às normas de trânsito pelo condutor";"Colisão transversal";"Com Vítimas Feridas";"Pleno dia";"Crescente";"Céu Claro";"Simples";"Interseção de Vias";"Sim";2;0;1;0;1;0;1;2;-14,87339517;-40,87133668;"SPRF-BA";"DEL08-BA";"UOP01-DEL08-BA"
326334;2020-12-07;"segunda-feira";"14:20:00";"RS";470;237;"CARLOS BARBOSA";"Desobediência às normas de trânsito pelo condutor";"Colisão transversal";"Com Vítimas Feridas";"Pleno dia";"Decrescente";"Nublado";"Simples";"Reta";"Não";3;0;1;0;1;1;1;3;-29,33383057;-51,50051594;"SPRF-RS";"DEL06-RS";"UOP01-DEL06-RS"
326340;2020-12-07;"segunda-feira";"10:45:00";"PB";230;300,3;"SAO MAMEDE";"Falta de Atenção à Condução";"Saída de leito carroçável";"Com Vítimas Feridas";"Pleno dia";"Crescente";"Sol";"Simples";"Reta";"Não";5;0;2;2;0;1;4;2;-6,9021;-36,9818;"SPRF-PB";"DEL03-PB";"UOP01-DEL03-PB"
326341;2020-12-07;"segunda-feira";"15:05:00";"SP";381;58;"MAIRIPORA";"Ingestão de Álcool";"Saída de leito carroçável";"Com Vítimas Fatais";"Pleno dia";"Decrescente";"Nublado";"Dupla";"Reta";"Sim";3;1;1;0;0;1;1;2;-23,27438497;-46,58530615;"SPRF-SP";"DEL03-SP";"UOP01-DEL03-SP"
326343;2020-12-07;"segunda-feira";"14:43:00";"PB";101;95,5;"CONDE";"Velocidade Incompatível";"Colisão com objeto estático";"Sem Vítimas";"Pleno dia";"Decrescente";"Céu Claro";"Dupla";"Declive";"Não";3;0;0;0;2;1;0;3;-7,226482;-34,91679;"SPRF-PB";"DEL01-PB";"UOP02-DEL01-PB"
326344;2020-12-07;"segunda-feira";"15:58:00";"PR";116;211;"RIO NEGRO";"Falta de Atenção à Condução";"Colisão traseira";"Com Vítimas Feridas";"Pleno dia";"Decrescente";"Céu Claro";"Simples";"Reta";"Não";3;0;1;0;1;2;1;4;-26,07980928;-49,76934983;"SPRF-SC";"DEL06-SC";"UOP01-DEL06-SC"
326345;2020-12-07;"segunda-feira";"14:30:00";"PR";277;665,5;"MEDIANEIRA";"Velocidade Incompatível";"Colisão traseira";"Com Vítimas Feridas";"Pleno dia";"Crescente";"Céu Claro";"Dupla";"Aclive";"Não";7;0;1;0;5;1;1;4;-25,25599605;-54,03772597;"SPRF-PR";"DEL05-PR";"UOP02-DEL05-PR"
326348;2020-12-07;"segunda-feira";"15:15:00";"BA";116;528,1;"ITATIM";"Desobediência às normas de trânsito pelo condutor";"Colisão frontal";"Com Vítimas Fatais";"Pleno dia";"Crescente";"Céu Claro";"Simples";"Reta";"Não";4;1;0;1;1;1;1;3;-12,71587879;-39,7449061;"SPRF-BA";"DEL03-BA";"UOP02-DEL03-BA"
326349;2020-12-07;"segunda-feira";"16:20:00";"SC";470;55;"BLUMENAU";"Falta de Atenção à Condução";"Colisão transversal";"Com Vítimas Feridas";"Pleno dia";"Decrescente";"Nublado";"Simples";"Reta";"Sim";3;0;1;0;1;1;1;3;-26,87644007;-49,12254453;"SPRF-SC";"DEL04-SC";"UOP01-DEL04-SC"
326361;2020-12-07;"segunda-feira";"15:15:00";"SC";101;331,6;"TUBARAO";"Velocidade Incompatível";"Colisão com objeto estático";"Com Vítimas Feridas";"Pleno dia";"Crescente";"Céu Claro";"Dupla";"Aclive";"Não";2;0;1;0;0;1;1;2;-28,45567521;-48,9812689;"SPRF-SC";"DEL02-SC";"UOP01-DEL02-SC"
326362;2020-12-07;"segunda-feira";"14:00:00";"SC";470;185;"POUSO REDONDO";"Desobediência às normas de trânsito pelo condutor";"Tombamento";"Com Vítimas Feridas";"Pleno dia";"Decrescente";"Nublado";"Simples";"Curva";"Não";2;0;0;1;0;2;1;3;-27,254034;-50,036575;"SPRF-SC";"DEL04-SC";"UOP02-DEL04-SC"
326363;2020-12-07;"segunda-feira";"17:55:00";"ES";101;62,6;"SAO MATEUS";"Falta de Atenção à Condução";"Colisão lateral";"Com Vítimas Feridas";"Anoitecer";"Crescente";"Nublado";"Simples";"Reta";"Não";3;0;0;1;1;1;1;3;-18,69020499;-39,86154403;"SPRF-ES";"DEL04-ES";"UOP02-DEL04-ES"
326369;2020-12-07;"segunda-feira";"18:00:00";"RN";101;81;"NATAL";"Defeito Mecânico no Veículo";"Colisão lateral";"Com Vítimas Feridas";"Plena Noite";"Decrescente";"Céu Claro";"Dupla";"Reta";"Sim";5;0;1;0;4;0;1;4;-5,76469466;-35,28295988;"SPRF-RN";"DEL02-RN";"UOP01-DEL02-RN"
326370;2020-12-07;"segunda-feira";"13:15:00";"BA";101;179,6;"SAO GONCALO DOS CAMPOS";"Falta de Atenção à Condução";"Colisão traseira";"Com Vítimas Feridas";"Pleno dia";"Crescente";"Sol";"Simples";"Reta";"Não";3;0;1;0;1;1;1;3;-12,519078;-38,970829;"SPRF-BA";"DEL01-BA";"UOP03-DEL01-BA"
326374;2020-12-07;"segunda-feira";"16:50:00";"PI";316;337,8;"GEMINIANO";"Desobediência às normas de trânsito pelo condutor";"Colisão transversal";"Com Vítimas Feridas";"Pleno dia";"Crescente";"Chuva";"Simples";"Reta";"Não";2;0;1;0;0;1;1;2;-7,11059459;-41,23604807;"SPRF-PI";"DEL04-PI";"UOP01-DEL04-PI"
326380;2020-12-07;"segunda-feira";"17:20:00";"RJ";116;236;"PIRAI";"Pista Escorregadia";"Colisão com objeto estático";"Com Vítimas Fatais";"Pleno dia";"Crescente";"Chuva";"Dupla";"Curva;Declive";"Não";6;1;0;1;3;3;1;7;-22,665695;-43,864075;"SPRF-RJ";"DEL07-RJ";"UOP01-DEL07-RJ"
326381;2020-12-07;"segunda-feira";"18:15:00";"SP";116;317,4;"JUQUITIBA";"Velocidade Incompatível";"Tombamento";"Sem Vítimas";"Anoitecer";"Crescente";"Nublado";"Dupla";"Curva;Declive";"Não";2;0;0;0;1;1;0;2;-23,91571721;-46,98951982;"SPRF-SP";"DEL04-SP";"UOP01-DEL04-SP"
326383;2020-12-07;"segunda-feira";"17:30:00";"RS";293;162,6;"HULHA NEGRA";"Falta de Atenção à Condução";"Colisão frontal";"Com Vítimas Feridas";"Pleno dia";"Crescente";"Céu Claro";"Simples";"Reta";"Não";7;0;3;1;2;2;4;5;-31,38669046;-53,89174319;"SPRF-RS";"DEL11-RS";"UOP03-DEL11-RS"
326385;2020-12-07;"segunda-feira";"18:10:00";"PR";116;9;"CAMPINA GRANDE DO SUL";"Falta de Atenção à Condução";"Colisão com objeto estático";"Sem Vítimas";"Anoitecer";"Crescente";"Chuva";"Dupla";"Curva";"Não";2;0;0;0;1;1;0;2;-25,08319454;-48,63391824;"SPRF-PR";"DEL01-PR";"UOP02-DEL01-PR"
326386;2020-12-07;"segunda-feira";"18:40:00";"SE";235;109,4;"CARIRA";"Falta de Atenção do Pedestre";"Atropelamento de Pedestre";"Com Vítimas Fatais";"Plena Noite";"Crescente";"Céu Claro";"Simples";"Reta;Interseção de Vias";"Sim";2;1;0;0;0;1;0;2;-10,34924;-37,70622;"SPRF-SE";"DEL01-SE";"UOP02-DEL01-SE"
326387;2020-12-07;"segunda-feira";"14:30:00";"MG";381;618,7;"OLIVEIRA";"Velocidade Incompatível";"Colisão com objeto estático";"Com Vítimas Feridas";"Pleno dia";"Crescente";"Chuva";"Dupla";"Curva";"Não";3;0;1;0;1;1;1;2;-20,76895697;-44,78171707;"SPRF-MG";"DEL04-MG";"UOP01-DEL04-MG"
326388;2020-12-07;"segunda-feira";"14:50:00";"SC";470;107,6;"APIUNA";"Defeito Mecânico no Veículo";"Saída de leito carroçável";"Sem Vítimas";"Pleno dia";"Crescente";"Céu Claro";"Simples";"Reta";"Sim";2;0;0;0;1;2;0;3;-27,077623;-49,43145;"SPRF-SC";"DEL04-SC";"UOP02-DEL04-SC"