"id";"data_inversa";"dia_semana";"horario";"uf";"br";"km";"municipio";"causa_acidente";"tipo_acidente";"classificacao_acidente";"fase_dia";"sentido_via";"condicao_metereologica";"tipo_pista";"tracado_via";"uso_solo";"pessoas";"mortos";"feridos_leves";"feridos_graves";"ilesos";"ignorados";"feridos";"veiculos";"latitude";"longitude";"regional";"delegacia";"uop"
326394;2020-12-07;"segunda-feira";"18:45:00";"MG";381;273;"TIMOTEO";"Desobediência às normas de trânsito pelo condutor";"Colisão frontal";"Com Vítimas Fatais";"Plena Noite";"Crescente";"Nublado";"Simples";"Declive;Curva";"Não";3;1;0;0;1;1;0;3;-19,53836625;-42,68215299;"SPRF-MG";"DEL03-MG";"UOP02-DEL03-MG"
326407;2020-12-07;"segunda-feira";"21:00:00";"GO";153;375,1;"SAO FRANCISCO DE GOIAS";"Ingestão de Álcool";"Colisão frontal";"Com Vítimas Feridas";"Plena Noite";"Crescente";"Céu Claro";"Simples";"Reta";"Não";3;0;1;0;1;1;1;3;-15,87872723;-49,24848072;"SPRF-GO";"DEL02-GO";"UOP02-DEL02-GO"
326408;2020-12-07;"segunda-feira";"18:40:00";"PI";343;249,9;"CAMPO MAIOR";"Desobediência às normas de trânsito pelo condutor";"Colisão transversal";"Com Vítimas Feridas";"Plena Noite";"Decrescente";"Nublado";"Simples";"Reta";"Não";2;0;1;0;1;0;1;2;-4,718849;-42,097115;"SPRF-PI";"DEL01-PI";"UOP03-DEL01-PI"
326413;2020-12-07;"segunda-feira";"08:10:00";"AP";156;230,3;"MACAPA";"Velocidade Incompatível";"Saída de leito carroçável";"Com Vítimas Fatais";"Pleno dia";"Crescente";"Céu Claro";"Simples";"Reta";"Não";4;1;0;1;2;0;1;3;0,22019407;-51,22428462;"SPRF-AP";"DEL01-AP";"UOP01-DEL01-AP"
326416;2020-12-07;"segunda-feira";"21:35:00";"PR";277;586,9;"CASCAVEL";"Desobediência às normas de trânsito pelo condutor";"Colisão frontal";"Com Vítimas Feridas";"Plena Noite";"Decrescente";"Céu Claro";"Simples";"Reta";"Não";2;0;1;0;1;0;1;2;-24,9649472;-53,4210459;"SPRF-PR";"DEL04-PR";"UOP01-DEL04-PR"
326417;2020-12-07;"segunda-feira";"15:00:00";"MT";70;194;"GENERAL CARNEIRO";"Animais na Pista";"Saída de leito carroçável";"Sem Vítimas";"Pleno dia";"Decrescente";"Céu Claro";"Simples";"Reta";"Não";1;0;0;0;1;0;0;1;-15,72226805;-53,69484701;"SPRF-MT";"DEL05-MT";"UOP01-DEL05-MT"
326423;2020-12-07;"segunda-feira";"22:10:00";"RJ";116;95;"GUAPIMIRIM";"Pista Escorregadia";"Colisão frontal";"Com Vítimas Feridas";"Plena Noite";"Crescente";"Chuva";"Múltipla";"Curva";"Não";3;0;2;0;1;0;2;2;-22,47374702;-43,00117923;"SPRF-RJ";"DEL04-RJ";"UOP02-DEL04-RJ"
326427;2020-12-07;"segunda-feira";"23:00:00";"RS";290;107,8;"ELDORADO DO SUL";"Falta de Atenção à Condução";"Colisão com objeto estático";"Com Vítimas Feridas";"Plena Noite";"Decrescente";"Nublado";"Simples";"Reta;Em Obras";"Sim";3;0;2;0;1;0;2;2;-30,001852;-51,304264;"SPRF-RS";"DEL02-RS";"UOP01-DEL02-RS"
326428;2020-12-07;"segunda-feira";"23:15:00";"SP";116;54,8;"LORENA";"Falta de Atenção à Condução";"Colisão traseira";"Com Vítimas Fatais";"Plena Noite";"Decrescente";"Chuva";"Dupla";"Reta";"Não";3;1;0;0;1;1;0;3;-22,762719;-45,121526;"SPRF-SP";"DEL08-SP";"UOP01-DEL08-SP"
326437;2020-12-07;"segunda-feira";"21:30:00";"MT";163;115,5;"RONDONOPOLIS";"Deficiência ou não Acionamento do Sistema de Iluminação/Sinalização do Veículo";"Colisão traseira";"Com Vítimas Fatais";"Plena Noite";"Crescente";"Nublado";"Dupla";"Reta";"Não";5;2;1;2;0;0;3;3;-16,53799506;-54,66666488;"SPRF-MT";"DEL02-MT";"UOP01-DEL02-MT"
326441;2020-12-08;"terça-feira";"04:15:00";"PE";428;24;"CABROBO";"Condutor Dormindo";"Colisão frontal";"Com Vítimas Feridas";"Plena Noite";"Crescente";"Céu Claro";"Simples";"Reta";"Não";2;0;0;1;1;0;1;2;-8,48458005;-39,43306197;"SPRF-PE";"DEL05-PE";"UOP03-DEL05-PE"
326443;2020-12-08;"terça-feira";"03:55:00";"BA";324;486,3;"FEIRA DE SANTANA";"Velocidade Incompatível";"Tombamento";"Com Vítimas Feridas";"Plena Noite";"Crescente";"Céu Claro";"Simples";"Curva";"Não";2;0;1;0;0;1;1;2;-12,029;-39,028;"SPRF-BA";"DEL02-BA";"UOP01-DEL02-BA"
326445;2020-12-08;"terça-feira";"03:50:00";"PR";369;142;"IBIPORA";"Ingestão de álcool e/ou substâncias psicoativas pelo pedestre";"Atropelamento de Pedestre";"Com Vítimas Feridas";"Plena Noite";"Decrescente";"Céu Claro";"Simples";"Aclive;Reta";"Sim";4;0;0;1;1;2;1;3;-23,28975632;-51,08310521;"SPRF-PR";"DEL07-PR";"UOP01-DEL07-PR"
326447;2020-12-08;"terça-feira";"04:50:00";"SP";116;340;"MIRACATU";"Velocidade Incompatível";"Tombamento";"Com Vítimas Feridas";"Amanhecer";"Crescente";"Garoa/Chuvisco";"Dupla";"Curva";"Não";1;0;1;0;0;0;1;1;-24,00328505;-47,15633198;"SPRF-SP";"DEL04-SP";"UOP02-DEL04-SP"
326448;2020-12-08;"terça-feira";"05:00:00";"SP";116;342,1;"MIRACATU";"Carga excessiva e/ou mal acondicionada";"Derramamento de carga";"Sem Vítimas";"Amanhecer";"Decrescente";"Garoa/Chuvisco";"Dupla";"Declive;Reta";"Não";2;0;0;0;1;1;0;2;-24,02973205;-47,177196;"SPRF-SP";"DEL04-SP";"UOP02-DEL04-SP"
326450;2020-12-07;"segunda-feira";"23:00:00";"CE";402;275;"ITAPIPOCA";"Falta de Atenção à Condução";"Capotamento";"Com Vítimas Feridas";"Plena Noite";"Crescente";"Céu Claro";"Simples";"Reta";"Sim";2;0;0;2;0;0;2;1;-3,51395591;-39,49617077;"SPRF-CE";"DEL01-CE";"UOP03-DEL01-CE"
326453;2020-12-07;"segunda-feira";"15:10:00";"BA";101;422,2;"IBIRAPITANGA";"Velocidade Incompatível";"Tombamento";"Com Vítimas Feridas";"Pleno dia";"Decrescente";"Céu Claro";"Simples";"Curva";"Não";2;0;1;0;0;1;1;2;-14,138642;-39,351811;"SPRF-BA";"DEL05-BA";"UOP03-DEL05-BA"
326464;2020-12-08;"terça-feira";"07:40:00";"RS";116;257;"ESTEIO";"Sinalização da via insuficiente ou inadequada";"Colisão lateral";"Com Vítimas Feridas";"Pleno dia";"Decrescente";"Sol";"Dupla";"Rotatória";"Sim";2;0;1;0;1;0;1;2;-29,85059614;-51,17942055;"SPRF-RS";"DEL01-RS";"UOP02-DEL01-RS"
326468;2020-12-08;"terça-feira";"08:30:00";"MG";381;810;"CAREACU";"Desobediência às normas de trânsito pelo condutor";"Colisão traseira";"Com Vítimas Feridas";"Pleno dia";"Decrescente";"Chuva";"Dupla";"Declive";"Não";1;0;1;0;0;0;1;1;-22,04560399;-45,68921401;"SPRF-MG";"DEL16-MG";"UOP02-DEL16-MG"
326474;2020-11-28;"sábado";"16:04:00";"ES";101;432;"MIMOSO DO SUL";"Ultrapassagem Indevida";"Colisão lateral";"Sem Vítimas";"Pleno dia";"Crescente";"Sol";"Dupla";"Reta";"Não";3;0;0;0;2;1;0;3;-21,03366189;-41,18125221;"SPRF-ES";"DEL03-ES";"UOP02-DEL03-ES"
326478;2020-12-08;"terça-feira";"08:45:00";"PI";343;341,6;"TERESINA";"Falta de Atenção à Condução";"Colisão lateral";"Sem Vítimas";"Pleno dia";"Crescente";"Céu Claro";"Múltipla";"Rotatória";"Sim";3;0;0;0;2;2;0;4;-5,089569;-42,802288;"SPRF-PI";"DEL01-PI";"UOP01-DEL01-PI"
326484;2020-12-08;"terça-feira";"09:50:00";"SP";116;275;"TABOAO DA SERRA";"Falta de Atenção à Condução";"Engavetamento";"Com Vítimas Feridas";"Pleno dia";"Decrescente";"Céu Claro";"Dupla";"Reta";"Sim";4;0;1;0;3;0;1;3;-23,63638826;-46,83251584;"SPRF-SP";"DEL04-SP";"UOP01-DEL04-SP"
326486;2020-12-08;"terça-feira";"09:10:00";"SC";116;309;"CAPAO ALTO";"Velocidade Incompatível";"Tombamento";"Com Vítimas Feridas";"Pleno dia";"Decrescente";"Céu Claro";"Simples";"Curva";"Não";2;0;1;0;0;1;1;2;-28,198002;-50,759674;"SPRF-SC";"DEL05-SC";"UOP02-DEL05-SC"
326497;2020-12-08;"terça-feira";"07:15:00";"SC";282;45,4;"AGUAS MORNAS";"Velocidade Incompatível";"Colisão traseira";"Com Vítimas Feridas";"Pleno dia";"Decrescente";"Céu Claro";"Simples";"Curva";"Não";3;0;2;1;0;0;3;2;-27,719851;-48,916126;"SPRF-SC";"DEL01-SC";"UOP03-DEL01-SC"
326498;2020-12-08;"terça-feira";"11:00:00";"RJ";101;290;"ITABORAI";"Não guardar distância de segurança";"Colisão traseira";"Sem Vítimas";"Pleno dia";"Decrescente";"Céu Claro";"Dupla";"Reta";"Não";3;0;0;0;3;0;0;3;-22,76708384;-42,86081305;"SPRF-RJ";"DEL02-RJ";"UOP03-DEL02-RJ"
326500;2020-12-08;"terça-feira";"10:00:00";"SC";101;129,5;"BALNEARIO CAMBORIU";"Falta de Atenção à Condução";"Colisão traseira";"Com Vítimas Feridas";"Pleno dia";"Decrescente";"Céu Claro";"Dupla";"Reta";"Sim";2;0;1;0;1;0;1;2;-26,98064277;-48,6790679;"SPRF-SC";"DEL04-SC";"UOP03-DEL04-SC"
326501;2020-12-08;"terça-feira";"11:05:00";"MG";365;5,5;"MONTES CLAROS";"Velocidade Incompatível";"Colisão com objeto estático";"Com Vítimas Feridas";"Pleno dia";"Decrescente";"Chuva";"Simples";"Declive";"Não";2;0;1;0;0;1;1;2;-16,74574399;-43,88392402;"SPRF-MG";"DEL12-MG";"UOP01-DEL12-MG"
326507;2020-12-08;"terça-feira";"12:00:00";"DF";20;3;"BRASILIA";"Falta de Atenção à Condução";"Colisão traseira";"Com Vítimas Feridas";"Pleno dia";"Decrescente";"Céu Claro";"Dupla";"Aclive;Reta";"Sim";4;0;1;0;2;1;1;3;-15,679851;-47,832211;"SPRF-DF";"DEL02-DF";"UOP01-DEL02-DF"
326508;2020-12-08;"terça-feira";"11:40:00";"MS";163;754;"COXIM";"Falta de Atenção à Condução";"Engavetamento";"Com Vítimas Feridas";"Pleno dia";"Crescente";"Céu Claro";"Simples";"Reta";"Não";10;0;1;0;8;1;1;6;-18,31126001;-54,66611943;"SPRF-MS";"DEL06-MS";"UOP01-DEL06-MS"
326509;2020-12-08;"terça-feira";"04:30:00";"MG";251;276;"SALINAS";"Velocidade Incompatível";"Colisão lateral";"Com Vítimas Feridas";"Plena Noite";"Decrescente";"Céu Claro";"Simples";"Reta";"Não";3;0;1;1;0;1;2;3;-16,02213167;-42,07078524;"SPRF-MG";"DEL11-MG";"UOP02-DEL11-MG"
326511;2020-12-08;"terça-feira";"11:25:00";"SP";116;101;"PINDAMONHANGABA";"Falta de Atenção à Condução";"Colisão lateral";"Com Vítimas Feridas";"Pleno dia";"Decrescente";"Nublado";"Dupla";"Reta";"Não";2;0;1;0;1;0;1;2;-22,99074204;-45,48115098;"SPRF-SP";"DEL06-SP";"UOP01-DEL06-SP"
326512;2020-12-08;"terça-feira";"12:55:00";"MG";40;606,7;"CONGONHAS";"Falta de Atenção à Condução";"Colisão transversal";"Com Vítimas Feridas";"Pleno dia";"Crescente";"Chuva";"Simples";"Reta";"Não";3;0;1;0;1;1;1;3;-20,46834617;-43,84095284;"SPRF-MG";"DEL05-MG";"UOP02-DEL05-MG"
326519;2020-12-08;"terça-feira";"11:30:00";"MT";364;373,5;"SANTO ANTONIO DO LEVERGER";"Pista Escorregadia";"Colisão lateral";"Com Vítimas Feridas";"Pleno dia";"Decrescente";"Chuva";"Dupla";"Declive";"Sim";3;0;1;0;1;1;1;3;-15,70895072;-55,70202884;"SPRF-MT";"DEL01-MT";"UOP02-DEL01-MT"
326530;2020-12-08;"terça-feira";"14:30:00";"PR";277;5;"PARANAGUA";"Mal Súbito";"Saída de leito carroçável";"Com Vítimas Feridas";"Pleno dia";"Crescente";"Céu Claro";"Dupla";"Interseção de Vias";"Sim";2;0;1;0;0;1;1;2;-25,568198;-48,615292;"SPRF-PR";"DEL01-PR";"UOP05-DEL01-PR"
326531;2020-12-08;"terça-feira";"14:30:00";"RJ";101;163;"MACAE";"Ausência de reação do condutor";"Colisão frontal";"Com Vítimas Fatais";"Pleno dia";"Crescente";"Céu Claro";"Simples";"Reta";"Não";3;1;0;0;1;1;0;3;-22,3087192;-41,88995282;"SPRF-RJ";"DEL08-RJ";"UOP04-DEL08-RJ"
326532;2020-12-08;"terça-feira";"13:50:00";"SC";101;334;"TUBARAO";"Desobediência às normas de trânsito pelo condutor";"Colisão transversal";"Com Vítimas Feridas";"Pleno dia";"Decrescente";"Céu Claro";"Simples";"Interseção de Vias;Viaduto";"Sim";3;0;2;0;1;0;2;2;-28,46730446;-49,00604302;"SPRF-SC";"DEL02-SC";"UOP01-DEL02-SC"
326536;2020-12-08;"terça-feira";"12:20:00";"SP";116;499;"CAJATI";"Falta de Atenção à Condução";"Saída de leito carroçável";"Com Vítimas Feridas";"Pleno dia";"Crescente";"Chuva";"Simples";"Curva";"Não";2;0;1;0;0;1;1;2;-24,78228753;-48,17695233;"SPRF-SP";"DEL05-SP";"UOP02-DEL05-SP"
326537;2020-12-08;"terça-feira";"14:10:00";"RS";468;67,7;"CAMPO NOVO";"Desobediência às normas de trânsito pelo condutor";"Colisão transversal";"Com Vítimas Fatais";"Pleno dia";"Decrescente";"Céu Claro";"Simples";"Interseção de Vias";"Não";2;1;0;0;1;0;0;2;-27,736906;-53,838505;"SPRF-RS";"DEL08-RS";"UOP02-DEL08-RS"
326556;2020-12-08;"terça-feira";"16:30:00";"PR";476;119,1;"COLOMBO";"Falta de Atenção à Condução";"Colisão lateral";"Sem Vítimas";"Pleno dia";"Crescente";"Céu Claro";"Múltipla";"Reta";"Sim";3;0;0;0;3;0;0;3;-25,364202;-49,185825;"SPRF-PR";"DEL01-PR";"UOP02-DEL01-PR"
326557;2020-12-08;"terça-feira";"13:00:00";"MA";316;436,2;"PERITORO";"Falta de Atenção à Condução";"Tombamento";"Com Vítimas Feridas";"Pleno dia";"Decrescente";"Chuva";"Simples";"Curva";"Não";1;0;1;0;0;0;1;1;-4,413616;-44,2411;"SPRF-MA";"DEL03-MA";"UOP01-DEL03-MA"
326560;2020-12-08;"terça-feira";"14:00:00";"MG";365;25,7;"MONTES CLAROS";"Pista Escorregadia";"Saída de leito carroçável";"Com Vítimas Feridas";"Pleno dia";"Crescente";"Chuva";"Simples";"Declive;Reta";"Não";2;0;0;1;0;1;1;2;-16,8557147;-44,06141289;"SPRF-MG";"DEL12-MG";"UOP01-DEL12-MG"
326575;2020-07-02;"quinta-feira";"17:00:00";"PI";135;401,2;"REDENCAO DO GURGUEIA";"Fenômenos da Natureza";"Incêndio";"Sem Vítimas";"Anoitecer";"Decrescente";"Céu Claro";"Simples";"Reta";"Não";2;0;0;0;1;3;0;4;-9,4041475;-44,590116;"SPRF-PI";"DEL03-PI";"UOP02-DEL03-PI"
326577;2020-12-08;"terça-feira";"17:00:00";"SP";116;282,7;"EMBU DAS ARTES";"Falta de Atenção à Condução";"Colisão traseira";"Com Vítimas Feridas";"Pleno dia";"Crescente";"Céu Claro";"Dupla";"Reta";"Não";3;0;1;0;2;0;1;3;-23,68570216;-46,85970975;"SPRF-SP";"DEL04-SP";"UOP01-DEL04-SP"
326582;2020-12-08;"terça-feira";"17:30:00";"MG";262;500,8;"MOEMA";"Desobediência às normas de trânsito pelo condutor";"Colisão lateral";"Com Vítimas Feridas";"Pleno dia";"Crescente";"Nublado";"Simples";"Curva";"Não";2;0;0;1;1;0;1;2;-19,78350611;-45,43687901;"SPRF-MG";"DEL08-MG";"UOP03-DEL08-MG"
326586;2020-12-08;"terça-feira";"12:20:00";"BA";116;711,3;"MANOEL VITORINO";"Carga excessiva e/ou mal acondicionada";"Saída de leito carroçável";"Com Vítimas Feridas";"Pleno dia";"Decrescente";"Céu Claro";"Simples";"Reta";"Não";1;0;1;0;0;0;1;1;-14,16054504;-40,25081635;"SPRF-BA";"DEL03-BA";"UOP01-DEL03-BA"
326587;2020-12-08;"terça-feira";"16:30:00";"PI";222;113;"BATALHA";"Desobediência às normas de trânsito pelo condutor";"Colisão frontal";"Com Vítimas Fatais";"Pleno dia";"Crescente";"Céu Claro";"Simples";"Reta";"Não";2;1;0;0;1;0;0;2;-4,1213193;-42,03522312;"SPRF-PI";"DEL02-PI";"UOP01-DEL02-PI"
326589;2020-12-08;"terça-feira";"17:05:00";"MT";163;648;"LUCAS DO RIO VERDE";"Falta de Atenção à Condução";"Colisão traseira";"Com Vítimas Fatais";"Anoitecer";"Crescente";"Céu Claro";"Simples";"Curva";"Não";5;2;0;0;2;1;0;4;-13,49407706;-56,05190908;"SPRF-MT";"DEL06-MT";"UOP01-DEL06-MT"
326592;2020-12-08;"terça-feira";"18:15:00";"RS";285;97,4;"VACARIA";"Desobediência às normas de trânsito pelo condutor";"Colisão frontal";"Com Vítimas Feridas";"Pleno dia";"Crescente";"Céu Claro";"Simples";"Curva";"Não";10;0;3;6;0;1;9;3;-28,593403;-50,751537;"SPRF-RS";"DEL05-RS";"UOP03-DEL05-RS"
326598;2020-12-08;"terça-feira";"17:40:00";"PR";277;61;"SAO JOSE DOS PINHAIS";"Defeito Mecânico no Veículo";"Colisão traseira";"Com Vítimas Feridas";"Pleno dia";"Decrescente";"Sol";"Dupla";"Reta";"Não";4;0;2;0;1;2;2;4;-25,56895101;-48,99932401;"SPRF-PR";"DEL01-PR";"UOP01-DEL01-PR"
326599;2020-12-08;"terça-feira";"17:20:00";"SC";470;151,9;"AGRONOMICA";"Defeito Mecânico no Veículo";"Colisão frontal";"Com Vítimas Feridas";"Pleno dia";"Decrescente";"Céu Claro";"Simples";"Reta";"Não";5;0;1;0;3;1;1;4;-27,260792;-49,719761;"SPRF-SC";"DEL04-SC";"UOP02-DEL04-SC"
326604;2020-11-29;"domingo";"16:30:00";"PR";277;119;"CAMPO LARGO";"Não guardar distância de segurança";"Colisão traseira";"Sem Vítimas";"Pleno dia";"Decrescente";"Chuva";"Dupla";"Reta";"Não";3;0;0;0;2;1;0;2;-25,4330687;-49,43430906;"SPRF-PR";"DEL01-PR";"UOP03-DEL03-PR"
326605;2020-12-08;"terça-feira";"11:35:00";"RO";364;987;"PORTO VELHO";"Falta de Atenção à Condução";"Colisão lateral";"Com Vítimas Feridas";"Pleno dia";"Decrescente";"Sol";"Simples";"Reta";"Não";6;0;4;0;1;1;4;3;-9,68016938;-65,8775739;"SPRF-RO";"DEL01-RO";"UOP03-DEL01-RO"
326609;2020-12-08;"terça-feira";"19:00:00";"GO";60;7;"SANTO ANTONIO DO DESCOBERTO";"Velocidade Incompatível";"Saída de leito carroçável";"Com Vítimas Feridas";"Plena Noite";"Decrescente";"Chuva";"Dupla";"Curva";"Não";1;0;1;0;0;0;1;1;-16,10288614;-48,29109192;"SPRF-DF";"DEL03-DF";"UOP01-DEL03-DF"
326615;2020-12-08;"terça-feira";"20:30:00";"MG";40;736,7;"SANTOS DUMONT";"Velocidade Incompatível";"Tombamento";"Com Vítimas Feridas";"Plena Noite";"Crescente";"Chuva";"Simples";"Reta";"Não";2;0;1;0;0;1;1;2;-21,37609516;-43,56993701;"SPRF-MG";"DEL05-MG";"UOP01-DEL05-MG"
326618;2020-12-08;"terça-feira";"20:30:00";"SC";470;11,7;"NAVEGANTES";"Desobediência às normas de trânsito pelo condutor";"Colisão frontal";"Com Vítimas Feridas";"Plena Noite";"Decrescente";"Céu Claro";"Simples";"Reta";"Não";4;0;0;1;2;1;1;4;-26,834309;-48,747269;"SPRF-SC";"DEL04-SC";"UOP04-DEL04-SC"
326619;2020-12-08;"terça-feira";"20:30:00";"SP";459;4,1;"PIQUETE";"Falta de Atenção à Condução";"Colisão frontal";"Com Vítimas Feridas";"Plena Noite";"Crescente";"Garoa/Chuvisco";"Simples";"Curva";"Não";5;0;3;0;1;1;3;3;-22,571371;-45,210754;"SPRF-SP";"DEL08-SP";"UOP01-DEL08-SP"
326620;2020-12-08;"terça-feira";"19:55:00";"SC";480;128,6;"CHAPECO";"Desobediência às normas de trânsito pelo condutor";"Colisão frontal";"Com Vítimas Feridas";"Plena Noite";"Decrescente";"Céu Claro";"Dupla";"Interseção de Vias";"Não";2;0;1;0;1;0;1;2;-27,042726;-52,635643;"SPRF-SC";"DEL07-SC";"UOP01-DEL07-SC"
326625;2020-12-08;"terça-feira";"19:40:00";"GO";158;69;"PIRANHAS";"Defeito Mecânico no Veículo";"Colisão traseira";"Com Vítimas Feridas";"Plena Noite";"Decrescente";"Céu Claro";"Simples";"Reta";"Não";4;0;1;0;1;2;1;4;-16,33647024;-51,93827838;"SPRF-GO";"DEL04-GO";"UOP01-DEL04-GO"
326626;2020-12-08;"terça-feira";"19:00:00";"MG";251;465;"FRANCISCO SA";"Velocidade Incompatível";"Colisão frontal";"Com Vítimas Fatais";"Plena Noite";"Crescente";"Chuva";"Simples";"Curva";"Não";5;1;0;0;3;3;0;7;-16,45710399;-43,40386502;"SPRF-MG";"DEL12-MG";"UOP01-DEL12-MG"
326627;2020-12-08;"terça-feira";"17:20:00";"RJ";393;274;"BARRA DO PIRAI";"Carga excessiva e/ou mal acondicionada";"Derramamento de carga";"Sem Vítimas";"Pleno dia";"Crescente";"Nublado";"Simples";"Curva";"Não";2;0;0;0;1;1;0;2;-22,48328327;-43,96042792;"SPRF-RJ";"DEL05-RJ";"UOP04-DEL05-RJ"
326628;2020-12-08;"terça-feira";"12:15:00";"MG";365;15,2;"MONTES CLAROS";"Velocidade Incompatível";"Tombamento";"Com Vítimas Feridas";"Pleno dia";"Decrescente";"Chuva";"Simples";"Curva";"Não";1;0;1;0;0;0;1;1;-16,86592699;-43,98363496;"SPRF-MG";"DEL12-MG";"UOP01-DEL12-MG"
326629;2020-12-08;"terça-feira";"16:30:00";"SP";116;509;"CAJATI";"Falta de Atenção à Condução";"Tombamento";"Sem Vítimas";"Pleno dia";"Decrescente";"Nublado";"Dupla";"Curva";"Não";2;0;0;0;1;2;0;3;-24,82178987;-48,21419034;"SPRF-SP";"DEL05-SP";"UOP02-DEL05-SP"
326630;2020-12-08;"terça-feira";"21:40:00";"GO";60;266,2;"INDIARA";"Condutor Dormindo";"Saída de leito carroçável";"Com Vítimas Feridas";"Plena Noite";"Decrescente";"Chuva";"Dupla";"Reta";"Não";1;0;0;1;0;0;1;1;-17,205817;-50,102799;"SPRF-GO";"DEL01-GO";"UOP02-DEL01-GO"
326631;2020-12-08;"terça-feira";"22:00:00";"MT";364;496;"JANGADA";"Falta de Atenção à Condução";"Colisão com objeto estático";"Com Vítimas Feridas";"Plena Noite";"Crescente";"Céu Claro";"Simples";"Reta";"Sim";3;0;1;0;1;1;1;3;-15,27668678;-56,44275675;"SPRF-MT";"DEL01-MT";"UOP01-DEL01-MT"
326632;2020-12-08;"terça-feira";"12:40:00";"PB";104;129,5;"CAMPINA GRANDE";"Desobediência às normas de trânsito pelo condutor";"Tombamento";"Sem Vítimas";"Pleno dia";"Decrescente";"Céu Claro";"Dupla";"Interseção de Vias";"Sim";2;0;0;0;1;3;0;4;-7,28120589;-35,88915693;"SPRF-PB";"DEL02-PB";"UOP01-DEL02-PB"
326638;2020-12-08;"terça-feira";"18:20:00";"RS";392;248;"CACAPAVA DO SUL";"Velocidade Incompatível";"Colisão lateral";"Sem Vítimas";"Pleno dia";"Decrescente";"Céu Claro";"Simples";"Ponte";"Não";3;0;0;0;2;3;0;5;-30,55514684;-53,40981067;"SPRF-RS";"DEL09-RS";"UOP02-DEL09-RS"
326648;2020-12-09;"quarta-feira";"02:20:00";"PE";104;21;"TAQUARITINGA DO NORTE";"Ingestão de Álcool";"Colisão frontal";"Com Vítimas Fatais";"Plena Noite";"Decrescente";"Céu Claro";"Simples";"Curva";"Não";2;1;1;0;0;0;1;2;-7,964189;-36,124378;"SPRF-PE";"DEL02-PE";"UOP01-DEL02-PE"
326650;2020-12-08;"terça-feira";"23:50:00";"PE";232;374,9;"FLORES";"Falta de Atenção à Condução";"Capotamento";"Com Vítimas Feridas";"Plena Noite";"Crescente";"Céu Claro";"Simples";"Curva";"Não";1;0;0;1;0;0;1;1;-8,02387516;-38,00823212;"SPRF-PE";"DEL04-PE";"UOP01-DEL04-PE"
326651;2020-12-09;"quarta-feira";"00:20:00";"MG";40;513,1;"RIBEIRAO DAS NEVES";"Velocidade Incompatível";"Colisão lateral";"Com Vítimas Feridas";"Plena Noite";"Crescente";"Chuva";"Dupla";"Reta";"Sim";5;0;1;0;3;1;1;3;-19,79767711;-44,10748959;"SPRF-MG";"DEL01-MG";"UOP02-DEL01-MG"
326652;2020-12-09;"quarta-feira";"01:40:00";"SP";116;283;"EMBU DAS ARTES";"Desobediência às normas de trânsito pelo pedestre";"Atropelamento de Pedestre";"Com Vítimas Fatais";"Plena Noite";"Crescente";"Ignorado";"Dupla";"Reta";"Sim";2;1;0;0;1;0;0;2;-23,69297005;-46,86352786;"SPRF-SP";"DEL04-SP";"UOP01-DEL04-SP"
326656;2020-11-22;"domingo";"15:15:00";"PR";376;621;"SAO JOSE DOS PINHAIS";"Não guardar distância de segurança";"Engavetamento";"Com Vítimas Feridas";"Pleno dia";"Decrescente";"Chuva";"Dupla";"Reta";"Não";5;0;2;0;2;1;2;4;-25,61783292;-49,1690968;"SPRF-PR";"DEL01-PR";"UOP04-DEL01-PR"
326659;2020-12-09;"quarta-feira";"03:40:00";"PR";116;73,8;"QUATRO BARRAS";"Condutor Dormindo";"Colisão traseira";"Sem Vítimas";"Plena Noite";"Crescente";"Nevoeiro/Neblina";"Dupla";"Reta";"Não";3;0;0;0;2;1;0;3;-25,35839801;-49,04074819;"SPRF-PR";"DEL01-PR";"UOP01-DEL01-PR"
326660;2020-12-09;"quarta-feira";"06:40:00";"SC";470;52,7;"BLUMENAU";"Falta de Atenção à Condução";"Colisão traseira";"Com Vítimas Feridas";"Amanhecer";"Decrescente";"Céu Claro";"Simples";"Reta";"Não";2;0;0;1;1;0;1;2;-26,862286;-49,093903;"SPRF-SC";"DEL04-SC";"UOP01-DEL04-SC"
326661;2020-12-09;"quarta-feira";"06:55:00";"RS";158;291,5;"JULIO DE CASTILHOS";"Falta de Atenção à Condução";"Colisão lateral";"Com Vítimas Feridas";"Pleno dia";"Crescente";"Céu Claro";"Simples";"Aclive";"Não";5;0;2;1;1;3;3;6;-29,47659997;-53,68660164;"SPRF-RS";"DEL09-RS";"UOP01-DEL09-RS"
326663;2020-12-09;"quarta-feira";"06:25:00";"RS";285;668;"SAO BORJA";"Ingestão de Álcool";"Saída de leito carroçável";"Sem Vítimas";"Pleno dia";"Decrescente";"Céu Claro";"Simples";"Reta";"Não";1;0;0;0;1;0;0;1;-28,664211;-55,940098;"SPRF-RS";"DEL12-RS";"UOP01-DEL12-RS"
326667;2020-12-09;"quarta-feira";"07:20:00";"SC";101;215,9;"PALHOCA";"Desobediência às normas de trânsito pelo condutor";"Colisão lateral";"Com Vítimas Feridas";"Pleno dia";"Decrescente";"Céu Claro";"Múltipla";"Reta";"Não";4;0;1;0;2;1;1;4;-27,65184843;-48,67604941;"SPRF-SC";"DEL01-SC";"UOP02-DEL01-SC"