"id";"data_inversa";"dia_semana";"horario";"uf";"br";"km";"municipio";"causa_acidente";"tipo_acidente";"classificacao_acidente";"fase_dia";"sentido_via";"condicao_metereologica";"tipo_pista";"tracado_via";"uso_solo";"pessoas";"mortos";"feridos_leves";"feridos_graves";"ilesos";"ignorados";"feridos";"veiculos";"latitude";"longitude";"regional";"delegacia";"uop"
326671;2020-12-09;"quarta-feira";"07:30:00";"RS";392;68,4;"PELOTAS";"Carga excessiva e/ou mal acondicionada";"Capotamento";"Com Vítimas Feridas";"Pleno dia";"Decrescente";"Sol";"Dupla";"Curva;Aclive;Viaduto";"Não";2;0;2;0;0;0;2;1;-31,74426302;-52,40508556;"SPRF-RS";"DEL07-RS";"UOP01-DEL07-RS"
326674;2020-12-09;"quarta-feira";"08:20:00";"SP";116;209,5;"GUARULHOS";"Falta de Atenção à Condução";"Colisão lateral";"Sem Vítimas";"Pleno dia";"Crescente";"Céu Claro";"Múltipla";"Reta";"Sim";3;0;0;0;2;2;0;4;-23,42511799;-46,40221101;"SPRF-SP";"DEL01-SP";"UOP01-DEL01-SP"
326676;2020-12-09;"quarta-feira";"08:20:00";"MG";40;683;"RESSAQUINHA";"Pista Escorregadia";"Colisão lateral";"Com Vítimas Feridas";"Pleno dia";"Decrescente";"Chuva";"Simples";"Curva";"Não";5;0;1;0;3;1;1;4;-21,056077;-43,76373696;"SPRF-MG";"DEL05-MG";"UOP02-DEL05-MG"
326678;2020-12-09;"quarta-feira";"08:55:00";"PR";376;246;"APUCARANA";"Desobediência às normas de trânsito pelo condutor";"Colisão traseira";"Com Vítimas Feridas";"Pleno dia";"Decrescente";"Sol";"Dupla";"Reta";"Sim";3;0;2;0;1;0;2;2;-23,609678;-51,401363;"SPRF-PR";"DEL07-PR";"UOP03-DEL07-PR"
326679;2020-12-09;"quarta-feira";"08:00:00";"SC";101;42;"JOINVILLE";"Não guardar distância de segurança";"Engavetamento";"Com Vítimas Feridas";"Pleno dia";"Decrescente";"Céu Claro";"Dupla";"Reta";"Não";5;0;1;0;4;0;1;3;-26,29251598;-48,88474385;"SPRF-SC";"DEL03-SC";"UOP01-DEL03-SC"
326680;2020-12-09;"quarta-feira";"08:45:00";"SP";153;256,1;"MARILIA";"Falta de Atenção à Condução";"Colisão traseira";"Com Vítimas Feridas";"Pleno dia";"Decrescente";"Sol";"Dupla";"Reta";"Sim";5;0;1;0;4;0;1;3;-22,231552;-49,91968;"SPRF-SP";"DEL07-SP";"UOP02-DEL07-SP"
326681;2020-11-28;"sábado";"02:15:00";"ES";101;258,3;"SERRA";"Velocidade Incompatível";"Colisão frontal";"Com Vítimas Feridas";"Pleno dia";"Decrescente";"Chuva";"Dupla";"Declive";"Sim";3;0;0;1;1;1;1;3;-20,13059888;-40,2961019;"SPRF-ES";"DEL02-ES";"UOP01-DEL02-ES"
326682;2020-12-09;"quarta-feira";"09:00:00";"PE";101;75,6;"RECIFE";"Falta de Atenção à Condução";"Saída de leito carroçável";"Sem Vítimas";"Pleno dia";"Decrescente";"Chuva";"Dupla";"Reta";"Sim";2;0;0;0;1;1;0;2;-8,10973523;-34,94660151;"SPRF-PE";"DEL01-PE";"UOP01-DEL01-PE"
326685;2020-12-02;"quarta-feira";"00:05:00";"MT";364;296;"JACIARA";"Falta de Atenção à Condução";"Saída de leito carroçável";"Sem Vítimas";"Plena Noite";"Decrescente";"Céu Claro";"Dupla";"Reta";"Não";2;0;0;0;1;2;0;3;-15,854;-55,135;"SPRF-MT";"DEL05-MT";"UOP02-DEL05-MT"
326686;2020-12-09;"quarta-feira";"08:35:00";"MS";267;477,7;"GUIA LOPES DA LAGUNA";"Velocidade Incompatível";"Tombamento";"Com Vítimas Feridas";"Pleno dia";"Decrescente";"Céu Claro";"Dupla";"Rotatória";"Sim";1;0;1;0;0;0;1;1;-21,45441124;-56,11393047;"SPRF-MS";"DEL05-MS";"UOP01-DEL05-MS"
326688;2020-12-09;"quarta-feira";"09:25:00";"RS";293;209,2;"BAGE";"Restrição de Visibilidade";"Colisão lateral";"Sem Vítimas";"Pleno dia";"Decrescente";"Céu Claro";"Simples";"Reta";"Não";3;0;0;0;2;1;0;2;-31,19196212;-54,32552211;"SPRF-RS";"DEL11-RS";"UOP03-DEL11-RS"
326691;2020-11-11;"quarta-feira";"14:00:00";"SP";116;228,9;"SAO PAULO";"Falta de Atenção à Condução";"Colisão lateral";"Com Vítimas Feridas";"Pleno dia";"Decrescente";"Céu Claro";"Múltipla";"Reta";"Não";2;0;1;0;0;1;1;2;-23,50343484;-46,56638712;"SPRF-SP";"DEL01-SP";"UOP01-DEL01-SP"
326699;2020-12-09;"quarta-feira";"09:40:00";"PR";116;102;"SAO JOSE DOS PINHAIS";"Não guardar distância de segurança";"Colisão traseira";"Com Vítimas Feridas";"Pleno dia";"Crescente";"Céu Claro";"Dupla";"Viaduto";"Não";3;0;0;1;1;2;1;4;-25,550639;-49,15025;"SPRF-PR";"DEL01-PR";"UOP01-DEL01-PR"
326702;2020-12-09;"quarta-feira";"10:10:00";"TO";153;102;"WANDERLANDIA";"Não guardar distância de segurança";"Colisão com objeto estático";"Sem Vítimas";"Pleno dia";"Decrescente";"Nublado";"Simples";"Ponte";"Não";1;0;0;0;1;0;0;1;-6,90546032;-48,03457736;"SPRF-TO";"DEL02-TO";"UOP01-DEL02-TO"
326708;2020-12-09;"quarta-feira";"11:00:00";"AM";174;899;"MANAUS";"Falta de Atenção à Condução";"Colisão transversal";"Com Vítimas Fatais";"Pleno dia";"Crescente";"Chuva";"Simples";"Reta";"Não";3;1;0;0;1;1;0;3;-2,84402095;-60,03250456;"SPRF-AM";"DEL01-AM";"UOP01-DEL01-AM"
326710;2020-12-09;"quarta-feira";"06:00:00";"MT";70;130,2;"GENERAL CARNEIRO";"Falta de Atenção à Condução";"Saída de leito carroçável";"Com Vítimas Feridas";"Amanhecer";"Decrescente";"Céu Claro";"Simples";"Curva";"Não";6;0;1;0;4;2;1;3;-15,59424795;-53,20095491;"SPRF-MT";"DEL07-MT";"UOP01-DEL07-MT"
326713;2020-12-09;"quarta-feira";"11:20:00";"RJ";40;99,2;"DUQUE DE CAXIAS";"Velocidade Incompatível";"Tombamento";"Sem Vítimas";"Pleno dia";"Decrescente";"Chuva";"Dupla";"Curva";"Não";2;0;0;0;1;1;0;2;-22,58770344;-43,27394485;"SPRF-RJ";"DEL01-RJ";"UOP01-DEL01-RJ"
326727;2020-12-09;"quarta-feira";"13:30:00";"SP";116;370;"MIRACATU";"Carga excessiva e/ou mal acondicionada";"Derramamento de carga";"Sem Vítimas";"Pleno dia";"Decrescente";"Céu Claro";"Múltipla";"Reta";"Não";2;0;0;0;1;1;0;2;-24,15230452;-47,32081981;"SPRF-SP";"DEL04-SP";"UOP02-DEL04-SP"
326731;2020-12-09;"quarta-feira";"14:40:00";"SC";101;205,9;"SAO JOSE";"Falta de Atenção à Condução";"Colisão lateral";"Com Vítimas Feridas";"Pleno dia";"Decrescente";"Nublado";"Dupla";"Reta";"Sim";4;0;0;1;2;1;1;4;-27,58313237;-48,61532885;"SPRF-SC";"DEL01-SC";"UOP01-DEL01-SC"
326740;2020-12-09;"quarta-feira";"15:10:00";"ES";262;65,8;"MARECHAL FLORIANO";"Velocidade Incompatível";"Colisão transversal";"Com Vítimas Fatais";"Pleno dia";"Crescente";"Chuva";"Simples";"Declive;Reta";"Não";2;1;0;0;1;0;0;2;-20,41443354;-40,82302074;"SPRF-ES";"DEL01-ES";"UOP02-DEL01-ES"
326741;2020-12-09;"quarta-feira";"14:20:00";"ES";262;23,1;"VIANA";"Pista Escorregadia";"Colisão com objeto estático";"Sem Vítimas";"Pleno dia";"Decrescente";"Chuva";"Simples";"Reta";"Não";1;0;0;0;1;0;0;1;-20,37559156;-40,52146724;"SPRF-ES";"DEL01-ES";"UOP01-DEL01-ES"
326747;2020-12-09;"quarta-feira";"15:30:00";"MG";116;276,2;"TEOFILO OTONI";"Falta de Atenção à Condução";"Colisão lateral";"Com Vítimas Feridas";"Pleno dia";"Crescente";"Nublado";"Múltipla";"Interseção de Vias";"Sim";3;0;2;0;1;0;2;2;-17,85105696;-41,51454492;"SPRF-MG";"DEL11-MG";"UOP01-DEL11-MG"
326748;2020-12-09;"quarta-feira";"12:50:00";"SC";470;162,9;"TROMBUDO CENTRAL";"Defeito Mecânico no Veículo";"Colisão lateral";"Com Vítimas Feridas";"Pleno dia";"Decrescente";"Céu Claro";"Simples";"Reta";"Não";8;0;6;0;2;0;6;2;-27,282606;-49,817101;"SPRF-SC";"DEL04-SC";"UOP02-DEL04-SC"
326749;2020-12-09;"quarta-feira";"13:00:00";"MG";381;526,7;"BRUMADINHO";"Defeito Mecânico no Veículo";"Tombamento";"Sem Vítimas";"Pleno dia";"Crescente";"Nublado";"Dupla";"Curva";"Não";3;0;0;0;2;2;0;4;-20,16175378;-44,34144636;"SPRF-MG";"DEL04-MG";"UOP03-DEL04-MG"
326760;2020-12-09;"quarta-feira";"17:00:00";"SC";101;208,2;"SAO JOSE";"Falta de Atenção à Condução";"Colisão com objeto em movimento";"Com Vítimas Feridas";"Pleno dia";"Decrescente";"Nublado";"Dupla";"Reta";"Sim";4;0;0;1;3;0;1;4;-27,60327979;-48,63201818;"SPRF-SC";"DEL01-SC";"UOP01-DEL01-SC"
326769;2020-12-09;"quarta-feira";"18:30:00";"RS";386;345;"LAJEADO";"Não guardar distância de segurança";"Colisão traseira";"Com Vítimas Feridas";"Pleno dia";"Crescente";"Sol";"Simples";"Reta;Declive";"Sim";3;0;1;0;2;0;1;3;-29,443069;-51,984135;"SPRF-RS";"DEL04-RS";"UOP01-DEL04-RS"
326771;2020-12-09;"quarta-feira";"17:35:00";"PR";376;463;"PONTA GROSSA";"Velocidade Incompatível";"Colisão frontal";"Com Vítimas Feridas";"Pleno dia";"Crescente";"Chuva";"Dupla";"Reta";"Não";4;0;1;1;1;4;2;7;-25,022566;-50,33223;"SPRF-PR";"DEL03-PR";"UOP04-DEL03-PR"
326777;2020-12-09;"quarta-feira";"13:45:00";"MG";153;198,8;"FRUTAL";"Falta de Atenção à Condução";"Derramamento de carga";"Sem Vítimas";"Pleno dia";"Decrescente";"Céu Claro";"Simples";"Reta";"Não";2;0;0;0;1;2;0;3;-19,95363;-48,97633;"SPRF-MG";"DEL13-MG";"UOP02-DEL13-MG"
326778;2020-12-09;"quarta-feira";"16:00:00";"CE";222;87,9;"UMIRIM";"Desobediência às normas de trânsito pelo condutor";"Colisão transversal";"Sem Vítimas";"Pleno dia";"Decrescente";"Céu Claro";"Simples";"Reta";"Sim";4;0;0;0;4;0;0;2;-3,67209464;-39,32094501;"SPRF-CE";"DEL04-CE";"UOP03-DEL04-CE"
326783;2020-12-09;"quarta-feira";"18:20:00";"MT";70;77;"GENERAL CARNEIRO";"Falta de Atenção à Condução";"Saída de leito carroçável";"Com Vítimas Feridas";"Plena Noite";"Crescente";"Céu Claro";"Simples";"Curva";"Não";2;0;1;0;0;1;1;2;-15,67116412;-52,80483996;"SPRF-MT";"DEL07-MT";"UOP01-DEL07-MT"
326785;2020-12-09;"quarta-feira";"16:40:00";"ES";482;56;"JERONIMO MONTEIRO";"Falta de Atenção à Condução";"Colisão traseira";"Com Vítimas Feridas";"Pleno dia";"Decrescente";"Chuva";"Dupla";"Aclive";"Não";2;0;0;1;1;0;1;2;-20,78755511;-41,33113299;"SPRF-ES";"DEL03-ES";"UOP02-DEL03-ES"
326789;2020-12-09;"quarta-feira";"13:40:00";"MG";40;209,1;"JOAO PINHEIRO";"Avarias e/ou desgaste excessivo no pneu";"Colisão lateral";"Sem Vítimas";"Pleno dia";"Decrescente";"Chuva";"Simples";"Reta";"Não";2;0;0;0;1;1;0;2;-17,98499357;-45,7381991;"SPRF-MG";"DEL14-MG";"UOP02-DEL14-MG"
326794;2020-12-09;"quarta-feira";"19:40:00";"PR";476;159;"ARAUCARIA";"Desobediência às normas de trânsito pelo condutor";"Colisão transversal";"Com Vítimas Feridas";"Plena Noite";"Decrescente";"Céu Claro";"Simples";"Reta";"Sim";3;0;1;0;1;1;1;3;-25,617157;-49,43169;"SPRF-PR";"DEL01-PR";"UOP03-DEL01-PR"
326796;2020-12-09;"quarta-feira";"19:10:00";"PE";232;68,3;"GRAVATA";"Falta de Atenção à Condução";"Colisão lateral";"Com Vítimas Feridas";"Plena Noite";"Crescente";"Céu Claro";"Dupla";"Curva;Aclive";"Não";4;0;1;0;1;3;1;5;-8,16728938;-35,47308397;"SPRF-PE";"DEL02-PE";"UOP02-DEL02PE"
326798;2020-12-09;"quarta-feira";"17:15:00";"RS";158;328;"SANTA MARIA";"Falta de Atenção à Condução";"Colisão traseira";"Com Vítimas Feridas";"Pleno dia";"Decrescente";"Céu Claro";"Simples";"Reta";"Sim";3;0;1;0;2;0;1;2;-29,70743755;-53,82777214;"SPRF-RS";"DEL09-RS";"UOP01-DEL09-RS"
326802;2020-12-09;"quarta-feira";"20:30:00";"ES";101;219;"IBIRACU";"Pista Escorregadia";"Tombamento";"Com Vítimas Feridas";"Plena Noite";"Decrescente";"Chuva";"Dupla";"Curva";"Não";1;0;1;0;0;0;1;1;-19,86460092;-40,38336629;"SPRF-ES";"DEL02-ES";"UOP01-DEL02-ES"
326804;2020-12-09;"quarta-feira";"20:55:00";"MS";262;441,5;"DOIS IRMAOS DO BURITI";"Falta de Atenção à Condução";"Colisão traseira";"Com Vítimas Feridas";"Plena Noite";"Crescente";"Céu Claro";"Simples";"Declive";"Não";4;0;0;1;2;1;1;3;-20,51838186;-55,37400504;"SPRF-MS";"DEL03-MS";"UOP01-DEL03-MS"
326807;2020-12-09;"quarta-feira";"19:50:00";"SP";116;329;"JUQUITIBA";"Falta de Atenção do Pedestre";"Atropelamento de Pedestre";"Com Vítimas Fatais";"Plena Noite";"Decrescente";"Céu Claro";"Dupla";"Reta";"Não";3;1;0;0;2;0;0;2;-23,93981788;-47,08868406;"SPRF-SP";"DEL04-SP";"UOP01-DEL04-SP"
326809;2020-12-09;"quarta-feira";"22:30:00";"MG";40;752;"EWBANK DA CAMARA";"Velocidade Incompatível";"Saída de leito carroçável";"Com Vítimas Feridas";"Plena Noite";"Decrescente";"Garoa/Chuvisco";"Dupla";"Curva";"Não";1;0;0;1;0;0;1;1;-21,50003293;-43,53572845;"SPRF-MG";"DEL05-MG";"UOP01-DEL05-MG"
326819;2020-12-09;"quarta-feira";"23:10:00";"SP";116;334;"JUQUITIBA";"Não guardar distância de segurança";"Colisão traseira";"Sem Vítimas";"Plena Noite";"Decrescente";"Céu Claro";"Dupla";"Curva";"Não";2;0;0;0;2;0;0;2;-23,96478894;-47,12622102;"SPRF-SP";"DEL04-SP";"UOP01-DEL04-SP"
326820;2020-12-09;"quarta-feira";"22:30:00";"MA";135;199,1;"ALTO ALEGRE DO MARANHAO";"Falta de Atenção à Condução";"Colisão frontal";"Com Vítimas Fatais";"Plena Noite";"Decrescente";"Céu Claro";"Simples";"Reta";"Não";3;1;0;0;1;1;0;3;-4,190713;-44,46783407;"SPRF-MA";"DEL03-MA";"UOP01-DEL03-MA"
326821;2020-12-09;"quarta-feira";"20:30:00";"AC";364;266;"SENA MADUREIRA";"Falta de Atenção do Pedestre";"Atropelamento de Pedestre";"Com Vítimas Fatais";"Plena Noite";"Decrescente";"Céu Claro";"Simples";"Reta";"Não";2;1;0;0;1;0;0;2;-9,10674312;-68,61468718;"SPRF-AC";"DEL01-AC";"UOP01-DEL01-AC"
326822;2020-12-10;"quinta-feira";"00:35:00";"ES";101;198,8;"ARACRUZ";"Desobediência às normas de trânsito pelo condutor";"Colisão lateral";"Com Vítimas Feridas";"Plena Noite";"Crescente";"Chuva";"Simples";"Curva";"Não";3;0;1;1;0;1;2;2;-19,71699251;-40,34090606;"SPRF-ES";"DEL04-ES";"UOP01-DEL04-ES"
326828;2020-12-10;"quinta-feira";"00:40:00";"PR";376;551,5;"BALSA NOVA";"Ingestão de Álcool";"Colisão traseira";"Com Vítimas Feridas";"Plena Noite";"Crescente";"Céu Claro";"Dupla";"Curva";"Não";7;0;0;2;5;0;2;2;-25,44179318;-49,74858284;"SPRF-PR";"DEL01-PR";"UOP03-DEL03-PR"
326834;2020-12-10;"quinta-feira";"04:50:00";"ES";101;210;"IBIRACU";"Condutor Dormindo";"Colisão frontal";"Com Vítimas Fatais";"Amanhecer";"Crescente";"Chuva";"Simples";"Reta";"Não";4;2;0;0;1;1;0;3;-19,798437;-40,36982;"SPRF-ES";"DEL02-ES";"UOP01-DEL02-ES"
326835;2020-12-10;"quinta-feira";"04:00:00";"MS";163;180,2;"JUTI";"Condutor Dormindo";"Colisão frontal";"Com Vítimas Fatais";"Amanhecer";"Crescente";"Céu Claro";"Simples";"Reta";"Não";3;2;0;0;1;0;0;2;-22,832858;-54,680829;"SPRF-MS";"DEL09-MS";"UOP01-DEL09-MS"
326836;2020-12-10;"quinta-feira";"05:00:00";"PR";376;666,3;"GUARATUBA";"Velocidade Incompatível";"Colisão traseira";"Com Vítimas Feridas";"Amanhecer";"Crescente";"Céu Claro";"Dupla";"Declive";"Não";4;0;0;1;2;3;1;5;-25,86037408;-48,95087256;"SPRF-PR";"DEL01-PR";"UOP04-DEL01-PR"
326837;2020-12-10;"quinta-feira";"04:20:00";"PR";116;4;"CAMPINA GRANDE DO SUL";"Condutor Dormindo";"Colisão com objeto estático";"Sem Vítimas";"Amanhecer";"Crescente";"Céu Claro";"Dupla";"Reta";"Não";1;0;0;0;1;0;0;1;-25,07606967;-48,5937452;"SPRF-PR";"DEL01-PR";"UOP02-DEL01-PR"
326838;2020-12-10;"quinta-feira";"04:50:00";"ES";259;7;"JOAO NEIVA";"Pista Escorregadia";"Colisão frontal";"Com Vítimas Feridas";"Amanhecer";"Crescente";"Chuva";"Simples";"Curva";"Não";4;0;3;0;1;0;3;2;-19,68870615;-40,38869427;"SPRF-ES";"DEL02-ES";"UOP01-DEL02-ES"
326839;2020-12-10;"quinta-feira";"05:55:00";"RJ";116;166,1;"RIO DE JANEIRO";"Falta de Atenção à Condução";"Colisão com objeto estático";"Sem Vítimas";"Pleno dia";"Decrescente";"Garoa/Chuvisco";"Múltipla";"Reta";"Sim";2;0;0;0;1;1;0;2;-22,81560263;-43,30051808;"SPRF-RJ";"DEL01-RJ";"UOP01-DEL01-RJ"
326840;2020-12-10;"quinta-feira";"05:35:00";"PE";232;62;"POMBOS";"Defeito Mecânico no Veículo";"Saída de leito carroçável";"Sem Vítimas";"Amanhecer";"Decrescente";"Céu Claro";"Dupla";"Curva;Declive";"Não";1;0;0;0;1;0;0;1;-8,15598579;-35,42308007;"SPRF-PE";"DEL02-PE";"UOP02-DEL02PE"
326846;2020-12-10;"quinta-feira";"07:00:00";"RS";116;263;"CANOAS";"Falta de Atenção à Condução";"Colisão traseira";"Com Vítimas Feridas";"Pleno dia";"Crescente";"Céu Claro";"Múltipla";"Reta";"Sim";2;0;1;0;1;0;1;2;-29,90545398;-51,17674031;"SPRF-RS";"DEL01-RS";"UOP01-DEL01-RS"
326848;2020-12-09;"quarta-feira";"20:00:00";"GO";153;410,8;"ANAPOLIS";"Defeito Mecânico no Veículo";"Saída de leito carroçável";"Sem Vítimas";"Plena Noite";"Crescente";"Nublado";"Simples";"Ponte;Reta;Declive";"Não";2;0;0;0;1;1;0;2;-16,095764;-49,033852;"SPRF-GO";"DEL02-GO";"UOP01-DEL02-GO"
326849;2020-12-10;"quinta-feira";"02:40:00";"GO";50;168;"CAMPO ALEGRE DE GOIAS";"Condutor Dormindo";"Tombamento";"Com Vítimas Feridas";"Plena Noite";"Crescente";"Céu Claro";"Dupla";"Curva";"Não";1;0;0;1;0;0;1;1;-17,3127;-47,7779;"SPRF-GO";"DEL06-GO";"UOP01-DEL06-GO"
326853;2020-12-10;"quinta-feira";"07:45:00";"SE";101;107,4;"SAO CRISTOVAO";"Avarias e/ou desgaste excessivo no pneu";"Tombamento";"Sem Vítimas";"Pleno dia";"Decrescente";"Céu Claro";"Dupla";"Reta";"Não";2;0;0;0;2;0;0;1;-10,96046958;-37,25352078;"SPRF-SE";"DEL02-SE";"UOP01-DEL02-SE"
326856;2020-12-10;"quinta-feira";"08:00:00";"MG";381;727,3;"CARMO DA CACHOEIRA";"Falta de Atenção à Condução";"Colisão com objeto estático";"Com Vítimas Feridas";"Pleno dia";"Decrescente";"Nublado";"Dupla";"Curva";"Não";3;0;1;0;1;1;1;3;-21,51583943;-45,22069256;"SPRF-MG";"DEL04-MG";"UOP02-DEL04-MG"
326857;2020-10-27;"terça-feira";"10:15:00";"MG";40;341,2;"FELIXLANDIA";"Velocidade Incompatível";"Colisão lateral";"Com Vítimas Fatais";"Pleno dia";"Crescente";"Céu Claro";"Simples";"Ponte";"Não";6;1;0;0;4;1;0;4;-18,66865096;-44,99537484;"SPRF-MG";"DEL02-MG";"UOP01-DEL02-MG"
326859;2020-12-10;"quinta-feira";"08:14:00";"PE";101;72;"RECIFE";"Falta de Atenção à Condução";"Colisão lateral";"Com Vítimas Feridas";"Pleno dia";"Crescente";"Céu Claro";"Dupla";"Curva;Declive";"Sim";5;0;2;0;2;1;2;3;-8,0913896;-34,94693225;"SPRF-PE";"DEL01-PE";"UOP01-DEL01-PE"
326861;2020-12-10;"quinta-feira";"06:50:00";"RJ";393;258;"BARRA DO PIRAI";"Pista Escorregadia";"Colisão transversal";"Com Vítimas Feridas";"Pleno dia";"Decrescente";"Chuva";"Simples";"Curva";"Sim";7;0;1;4;1;1;5;3;-22,4514837;-43,82691483;"SPRF-RJ";"DEL05-RJ";"UOP04-DEL05-RJ"
326866;2020-12-10;"quinta-feira";"07:50:00";"MG";262;53,7;"MANHUACU";"Não guardar distância de segurança";"Colisão traseira";"Com Vítimas Feridas";"Pleno dia";"Crescente";"Chuva";"Simples";"Reta";"Não";6;0;4;0;1;2;4;4;-20,25369201;-42,15987098;"SPRF-MG";"DEL06-MG";"UOP03-DEL06-MG"
326870;2020-12-10;"quinta-feira";"07:00:00";"MT";364;352,9;"SANTO ANTONIO DO LEVERGER";"Defeito Mecânico no Veículo";"Colisão lateral";"Sem Vítimas";"Pleno dia";"Crescente";"Céu Claro";"Dupla";"Curva";"Não";3;0;0;0;2;3;0;5;-15,80114637;-55,57413507;"SPRF-MT";"DEL05-MT";"UOP02-DEL05-MT"
326872;2020-12-10;"quinta-feira";"09:00:00";"MG";381;338;"BELA VISTA DE MINAS";"Velocidade Incompatível";"Colisão frontal";"Com Vítimas Fatais";"Pleno dia";"Decrescente";"Chuva";"Simples";"Curva";"Não";3;2;0;0;1;0;0;2;-19,82924241;-43,0894489;"SPRF-MG";"DEL03-MG";"UOP01-DEL03-MG"
326873;2020-12-10;"quinta-feira";"09:05:00";"MG";40;513,5;"RIBEIRAO DAS NEVES";"Pista Escorregadia";"Colisão lateral";"Com Vítimas Feridas";"Pleno dia";"Decrescente";"Chuva";"Dupla";"Reta";"Sim";3;0;0;2;0;1;2;2;-19,7970544;-44,1080512;"SPRF-MG";"DEL01-MG";"UOP02-DEL01-MG"
326875;2020-12-10;"quinta-feira";"09:15:00";"SE";101;49;"JAPARATUBA";"Defeito Mecânico no Veículo";"Colisão com objeto estático";"Sem Vítimas";"Pleno dia";"Crescente";"Céu Claro";"Dupla";"Reta";"Não";1;0;0;0;1;0;0;1;-10,59423;-36,97488;"SPRF-SE";"DEL02-SE";"UOP02-DEL02-SE"
326876;2020-12-10;"quinta-feira";"06:30:00";"BA";101;855;"TEIXEIRA DE FREITAS";"Falta de Atenção à Condução";"Tombamento";"Com Vítimas Feridas";"Pleno dia";"Crescente";"Céu Claro";"Simples";"Reta";"Não";2;0;1;0;1;0;1;1;-17,37062703;-39,65206146;"SPRF-BA";"DEL09-BA";"UOP02-DEL09-BA"
326878;2020-12-10;"quinta-feira";"09:00:00";"PR";476;317,2;"PAULO FRONTIN";"Velocidade Incompatível";"Saída de leito carroçável";"Com Vítimas Feridas";"Pleno dia";"Crescente";"Nublado";"Simples";"Curva";"Não";3;0;1;1;0;1;2;2;-26,048738;-50,708012;"SPRF-PR";"DEL02-PR";"UOP04-DEL02-PR"
326880;2020-12-10;"quinta-feira";"09:30:00";"MG";381;916,4;"CAMANDUCAIA";"Defeito Mecânico no Veículo";"Incêndio";"Com Vítimas Feridas";"Pleno dia";"Decrescente";"Nublado";"Dupla";"Reta";"Sim";4;0;1;0;1;2;1;4;-22,76274616;-46,17087395;"SPRF-MG";"DEL16-MG";"UOP03-DEL16-MG"
326882;2020-12-10;"quinta-feira";"10:00:00";"MG";40;545;"NOVA LIMA";"Pista Escorregadia";"Colisão traseira";"Com Vítimas Feridas";"Pleno dia";"Decrescente";"Chuva";"Dupla";"Reta";"Sim";2;0;1;0;1;0;1;2;-20,00670404;-43,96418668;"SPRF-MG";"DEL01-MG";"UOP02-DEL01-MG"
326887;2020-12-10;"quinta-feira";"07:10:00";"ES";101;8;"PEDRO CANARIO";"Velocidade Incompatível";"Tombamento";"Com Vítimas Feridas";"Pleno dia";"Crescente";"Nublado";"Simples";"Curva";"Não";3;0;2;0;0;1;2;2;-18,23027961;-39,95278417;"SPRF-ES";"DEL04-ES";"UOP02-DEL04-ES"
326888;2020-12-10;"quinta-feira";"10:35:00";"RS";470;215,1;"BENTO GONCALVES";"Desobediência às normas de trânsito pelo condutor";"Colisão lateral";"Com Vítimas Feridas";"Pleno dia";"Crescente";"Céu Claro";"Simples";"Reta";"Sim";2;0;1;0;1;0;1;2;-29,150635;-51,530241;"SPRF-RS";"DEL06-RS";"UOP01-DEL06-RS"
326889;2020-12-10;"quinta-feira";"08:10:00";"MG";262;580;"CAMPOS ALTOS";"Velocidade Incompatível";"Tombamento";"Com Vítimas Feridas";"Pleno dia";"Crescente";"Nublado";"Simples";"Interseção de Vias";"Não";2;0;0;1;0;1;1;2;-19,6646721;-46,06563103;"SPRF-MG";"DEL08-MG";"UOP02-DEL08-MG"
326890;2020-12-10;"quinta-feira";"11:20:00";"RS";116;20,7;"VACARIA";"Desobediência às normas de trânsito pelo condutor";"Colisão frontal";"Com Vítimas Feridas";"Pleno dia";"Decrescente";"Céu Claro";"Simples";"Reta";"Não";3;0;0;1;1;1;1;3;-28,36604689;-50,83305428;"SPRF-RS";"DEL05-RS";"UOP03-DEL05-RS"
326891;2020-12-10;"quinta-feira";"11:20:00";"RS";468;3,6;"PALMEIRA DAS MISSOES";"Desobediência às normas de trânsito pelo condutor";"Colisão lateral";"Com Vítimas Feridas";"Pleno dia";"Crescente";"Céu Claro";"Simples";"Interseção de Vias";"Não";3;0;1;0;1;2;1;4;-27,86700255;-53,33287239;"SPRF-RS";"DEL08-RS";"UOP01-DEL08-RS"
326892;2020-12-10;"quinta-feira";"11:00:00";"RJ";101;298;"ITABORAI";"Falta de Atenção à Condução";"Colisão traseira";"Com Vítimas Feridas";"Pleno dia";"Decrescente";"Nublado";"Dupla";"Aclive";"Sim";3;0;0;2;1;0;2;2;-22,7714;-42,92896;"SPRF-RJ";"DEL02-RJ";"UOP02-DEL02-RJ"
326896;2020-12-10;"quinta-feira";"10:50:00";"MG";381;509,4;"IGARAPE";"Falta de Atenção à Condução";"Colisão com objeto estático";"Com Vítimas Feridas";"Pleno dia";"Crescente";"Chuva";"Dupla";"Reta";"Sim";2;0;1;0;0;1;1;2;-20,07008;-44,298819;"SPRF-MG";"DEL01-MG";"UOP03-DEL01-MG"
326898;2020-12-10;"quinta-feira";"06:00:00";"BA";110;247,1;"OLINDINA";"Desobediência às normas de trânsito pelo condutor";"Colisão traseira";"Com Vítimas Fatais";"Pleno dia";"Crescente";"Céu Claro";"Simples";"Reta";"Não";2;1;0;0;1;0;0;2;-11,4430319;-38,29120042;"SPRF-BA";"DEL01-BA";"UOP04-DEL01-BA"