"id";"data_inversa";"dia_semana";"horario";"uf";"br";"km";"municipio";"causa_acidente";"tipo_acidente";"classificacao_acidente";"fase_dia";"sentido_via";"condicao_metereologica";"tipo_pista";"tracado_via";"uso_solo";"pessoas";"mortos";"feridos_leves";"feridos_graves";"ilesos";"ignorados";"feridos";"veiculos";"latitude";"longitude";"regional";"delegacia";"uop"
327159;2020-12-11;"sexta-feira";"15:45:00";"RN";304;302;"MACAIBA";"Desobediência às normas de trânsito pelo pedestre";"Colisão transversal";"Com Vítimas Feridas";"Pleno dia";"Decrescente";"Céu Claro";"Dupla";"Reta";"Não";3;0;0;1;1;1;1;3;-5,87937446;-35,29790983;"SPRF-RN";"DEL01-RN";"UOP02-DEL01-RN"
327161;2020-12-11;"sexta-feira";"15:20:00";"GO";60;127;"GOIANAPOLIS";"Pista Escorregadia";"Saída de leito carroçável";"Sem Vítimas";"Pleno dia";"Crescente";"Chuva";"Dupla";"Reta";"Não";2;0;0;0;2;0;0;2;-16,5498;-49,1518;"SPRF-GO";"DEL01-GO";"UOP01-DEL01-GO"
327163;2020-12-11;"sexta-feira";"13:40:00";"MT";364;205;"RONDONOPOLIS";"Defeito Mecânico no Veículo";"Colisão com objeto estático";"Sem Vítimas";"Pleno dia";"Decrescente";"Garoa/Chuvisco";"Dupla";"Interseção de Vias;Declive";"Sim";2;0;0;0;1;1;0;2;-16,45928621;-54,66092345;"SPRF-MT";"DEL02-MT";"UOP01-DEL02-MT"
327166;2020-12-11;"sexta-feira";"12:30:00";"MG";153;172,3;"COMENDADOR GOMES";"Falta de Atenção à Condução";"Saída de leito carroçável";"Com Vítimas Feridas";"Pleno dia";"Crescente";"Nublado";"Dupla";"Retorno Regulamentado";"Não";2;0;1;0;0;3;1;4;-19,78523104;-48,9660625;"SPRF-MG";"DEL13-MG";"UOP02-DEL13-MG"
327168;2020-12-11;"sexta-feira";"16:38:00";"GO";153;493;"GOIANIA";"Não guardar distância de segurança";"Colisão traseira";"Sem Vítimas";"Pleno dia";"Crescente";"Nublado";"Múltipla";"Reta";"Sim";3;0;0;0;1;2;0;3;-16,6537;-49,2172;"SPRF-GO";"DEL01-GO";"UOP01-DEL01-GO"
327169;2020-12-11;"sexta-feira";"14:25:00";"RS";386;220;"TIO HUGO";"Velocidade Incompatível";"Engavetamento";"Com Vítimas Feridas";"Pleno dia";"Decrescente";"Céu Claro";"Simples";"Reta";"Não";4;0;1;0;2;1;1;4;-28,618174;-52,612541;"SPRF-RS";"DEL04-RS";"UOP03-DEL04-RS"
327174;2020-12-11;"sexta-feira";"17:15:00";"MG";365;371,9;"PATOS DE MINAS";"Velocidade Incompatível";"Colisão lateral";"Com Vítimas Feridas";"Pleno dia";"Crescente";"Chuva";"Simples";"Curva";"Não";4;0;1;0;2;3;1;6;-18,54103;-46,20596;"SPRF-MG";"DEL10-MG";"UOP01-DEL10-MG"
327178;2020-12-11;"sexta-feira";"14:10:00";"TO";153;179,5;"ARAGUAINA";"Ultrapassagem Indevida";"Colisão frontal";"Com Vítimas Feridas";"Pleno dia";"Decrescente";"Céu Claro";"Simples";"Reta";"Não";7;0;1;5;1;0;6;3;-7,47187996;-48,37575813;"SPRF-TO";"DEL02-TO";"UOP01-DEL02-TO"
327179;2020-12-11;"sexta-feira";"16:15:00";"PR";153;24,6;"JACAREZINHO";"Desobediência às normas de trânsito pelo condutor";"Colisão transversal";"Com Vítimas Feridas";"Pleno dia";"Crescente";"Céu Claro";"Simples";"Interseção de Vias";"Não";3;0;1;0;1;1;1;3;-23,18366424;-49,98244728;"SPRF-PR";"DEL07-PR";"UOP04-DEL07-PR"
327180;2020-12-11;"sexta-feira";"17:00:00";"MG";262;444,7;"NOVA SERRANA";"Desobediência às normas de trânsito pelo condutor";"Colisão traseira";"Com Vítimas Feridas";"Pleno dia";"Decrescente";"Nublado";"Simples";"Reta";"Sim";3;0;1;0;1;2;1;4;-19,86553941;-44,99519348;"SPRF-MG";"DEL08-MG";"UOP03-DEL08-MG"
327185;2020-12-11;"sexta-feira";"16:30:00";"MG";267;19,5;"LEOPOLDINA";"Defeito Mecânico no Veículo";"Saída de leito carroçável";"Com Vítimas Feridas";"Pleno dia";"Crescente";"Céu Claro";"Simples";"Curva";"Não";1;0;1;0;0;0;1;1;-21,59388824;-42,77080399;"SPRF-MG";"DEL07-MG";"UOP01-DEL07-MG"
327191;2020-12-11;"sexta-feira";"14:40:00";"MG";381;700,8;"LAVRAS";"Velocidade Incompatível";"Tombamento";"Com Vítimas Feridas";"Pleno dia";"Crescente";"Ignorado";"Dupla";"Curva";"Não";2;0;1;0;0;1;1;2;-21,31137883;-45,16451703;"SPRF-MG";"DEL04-MG";"UOP02-DEL04-MG"
327203;2020-12-11;"sexta-feira";"17:10:00";"SC";280;31,1;"ARAQUARI";"Falta de Atenção à Condução";"Colisão lateral";"Sem Vítimas";"Pleno dia";"Decrescente";"Céu Claro";"Simples";"Reta";"Sim";3;0;0;0;2;2;0;4;-26,41649938;-48,77181215;"SPRF-SC";"DEL03-SC";"UOP03-DEL03-SC"
327205;2020-12-11;"sexta-feira";"18:10:00";"MA";10;257,5;"IMPERATRIZ";"Não guardar distância de segurança";"Colisão traseira";"Com Vítimas Feridas";"Anoitecer";"Decrescente";"Céu Claro";"Simples";"Interseção de Vias";"Sim";3;0;1;0;2;0;1;3;-5,490634;-47,471973;"SPRF-MA";"DEL04-MA";"UOP01-DEL04-MA"
327207;2020-12-11;"sexta-feira";"19:15:00";"ES";259;55,4;"COLATINA";"Ultrapassagem Indevida";"Colisão frontal";"Com Vítimas Fatais";"Plena Noite";"Decrescente";"Nublado";"Dupla";"Aclive";"Não";5;1;0;3;1;0;3;2;-19,49728877;-40,64565003;"SPRF-ES";"DEL02-ES";"UOP01-DEL02-ES"
327213;2020-12-11;"sexta-feira";"20:10:00";"MG";381;415;"NOVA UNIAO";"Falta de Atenção à Condução";"Colisão traseira";"Com Vítimas Feridas";"Plena Noite";"Crescente";"Nublado";"Dupla";"Curva;Aclive";"Não";2;0;1;0;1;0;1;2;-19,73172487;-43,59632492;"SPRF-MG";"DEL01-MG";"UOP01-DEL01-MG"
327220;2020-12-11;"sexta-feira";"04:30:00";"MA";135;313;"DOM PEDRO";"Não guardar distância de segurança";"Colisão traseira";"Com Vítimas Feridas";"Plena Noite";"Crescente";"Céu Claro";"Simples";"Reta";"Não";3;0;2;0;0;2;2;4;-5,06079612;-44,45622377;"SPRF-MA";"DEL03-MA";"UOP01-DEL03-MA"
327224;2020-12-11;"sexta-feira";"21:30:00";"MG";365;684;"MONTE ALEGRE DE MINAS";"Restrição de Visibilidade";"Colisão traseira";"Com Vítimas Feridas";"Plena Noite";"Decrescente";"Chuva";"Dupla";"Reta";"Não";1;0;1;0;0;0;1;1;-18,85579337;-48,85550773;"SPRF-MG";"DEL15-MG";"UOP01-DEL15-MG"
327238;2020-12-11;"sexta-feira";"22:00:00";"SP";116;230,5;"SAO PAULO";"Condutor Dormindo";"Colisão traseira";"Com Vítimas Feridas";"Plena Noite";"Crescente";"Nublado";"Múltipla";"Reta";"Sim";2;0;1;0;1;0;1;2;-23,52251783;-46,5855702;"SPRF-SP";"DEL01-SP";"UOP01-DEL01-SP"
327240;2020-12-11;"sexta-feira";"20:00:00";"PE";101;211;"XEXEU";"Falta de Atenção à Condução";"Colisão com objeto estático";"Sem Vítimas";"Plena Noite";"Decrescente";"Vento";"Múltipla";"Reta";"Não";1;0;0;0;1;0;0;1;-8,85376199;-35,63270728;"SPRF-PE";"DEL01-PE";"UOP03-DEL01-PE"
327241;2020-12-11;"sexta-feira";"19:00:00";"MT";70;46;"BARRA DO GARCAS";"Defeito Mecânico no Veículo";"Saída de leito carroçável";"Sem Vítimas";"Plena Noite";"Decrescente";"Chuva";"Dupla";"Aclive;Curva";"Não";2;0;0;0;1;1;0;2;-15,74705859;-52,60493395;"SPRF-MT";"DEL07-MT";"UOP01-DEL07-MT"
327243;2020-12-11;"sexta-feira";"19:10:00";"MG";116;313,2;"ITAMBACURI";"Animais na Pista";"Atropelamento de Animal";"Com Vítimas Feridas";"Plena Noite";"Decrescente";"Nublado";"Simples";"Ponte;Reta;Declive";"Não";4;0;1;0;2;1;1;3;-18,094908;-41,689346;"SPRF-MG";"DEL11-MG";"UOP01-DEL11-MG"
327251;2020-12-11;"sexta-feira";"18:00:00";"MG";50;196,9;"DELTA";"Carga excessiva e/ou mal acondicionada";"Derramamento de carga";"Sem Vítimas";"Anoitecer";"Crescente";"Nublado";"Dupla";"Declive";"Não";2;0;0;0;1;2;0;3;-19,90299194;-47,83783491;"SPRF-MG";"DEL13-MG";"UOP01-DEL13-MG"
327253;2020-12-12;"sábado";"00:01:00";"MS";262;534;"MIRANDA";"Carga excessiva e/ou mal acondicionada";"Derramamento de carga";"Com Vítimas Feridas";"Plena Noite";"Crescente";"Nublado";"Simples";"Reta";"Não";5;0;1;0;3;2;1;4;-20,3384284;-56,17672616;"SPRF-MS";"DEL03-MS";"UOP02-DEL03-MS"
327257;2020-12-12;"sábado";"00:50:00";"MG";40;461;"SETE LAGOAS";"Falta de Atenção à Condução";"Tombamento";"Sem Vítimas";"Plena Noite";"Crescente";"Chuva";"Dupla";"Curva";"Não";1;0;0;0;1;0;0;1;-19,4065509;-44,33367766;"SPRF-MG";"DEL02-MG";"UOP01-DEL02-MG"
327265;2020-12-12;"sábado";"02:00:00";"SC";470;2;"NAVEGANTES";"Ingestão de álcool e/ou substâncias psicoativas pelo pedestre";"Colisão transversal";"Sem Vítimas";"Plena Noite";"Crescente";"Nublado";"Dupla";"Reta";"Não";3;0;0;0;2;1;0;3;-26,868551;-48,674831;"SPRF-SC";"DEL04-SC";"UOP04-DEL04-SC"
327266;2020-12-12;"sábado";"02:00:00";"RJ";116;226;"PIRAI";"Falta de Atenção à Condução";"Tombamento";"Com Vítimas Feridas";"Plena Noite";"Decrescente";"Céu Claro";"Dupla";"Curva;Declive";"Não";3;0;1;0;1;1;1;2;-22,67208078;-43,81789284;"SPRF-RJ";"DEL07-RJ";"UOP01-DEL07-RJ"
327271;2020-12-12;"sábado";"03:45:00";"RJ";116;179;"NOVA IGUACU";"Falta de Atenção à Condução";"Colisão traseira";"Com Vítimas Feridas";"Plena Noite";"Crescente";"Céu Claro";"Dupla";"Reta";"Sim";4;0;1;1;1;1;2;3;-22,769902;-43,408036;"SPRF-RJ";"DEL01-RJ";"UOP02-DEL01-RJ"
327272;2020-12-12;"sábado";"04:20:00";"PR";116;103;"SAO JOSE DOS PINHAIS";"Falta de Atenção à Condução";"Colisão transversal";"Com Vítimas Fatais";"Amanhecer";"Decrescente";"Céu Claro";"Simples";"Reta";"Sim";4;1;0;0;1;2;0;4;-25,55944814;-49,15099774;"SPRF-PR";"DEL01-PR";"UOP01-DEL01-PR"
327277;2020-12-12;"sábado";"04:30:00";"RJ";40;109;"DUQUE DE CAXIAS";"Falta de Atenção à Condução";"Colisão traseira";"Sem Vítimas";"Amanhecer";"Decrescente";"Nublado";"Múltipla";"Reta";"Não";2;0;0;0;2;0;0;2;-22,67864874;-43,28613281;"SPRF-RJ";"DEL01-RJ";"UOP01-DEL01-RJ"
327278;2020-12-12;"sábado";"05:00:00";"MA";222;671;"ACAILANDIA";"Ingestão de Álcool";"Queda de ocupante de veículo";"Com Vítimas Fatais";"Amanhecer";"Decrescente";"Nublado";"Simples";"Reta";"Sim";3;2;0;0;1;0;0;2;-4,945522;-47,473302;"SPRF-MA";"DEL04-MA";"UOP03-DEL04-MA"
327279;2020-12-12;"sábado";"04:00:00";"MS";262;127,5;"AGUA CLARA";"Defeito Mecânico no Veículo";"Incêndio";"Sem Vítimas";"Amanhecer";"Decrescente";"Céu Claro";"Simples";"Reta";"Não";2;0;0;0;1;1;0;2;-20,49408994;-52,73899599;"SPRF-MS";"DEL07-MS";"UOP02-DEL07-MS"
327286;2020-12-12;"sábado";"06:10:00";"PA";316;131,7;"PEIXE-BOI";"Falta de Atenção à Condução";"Colisão lateral";"Com Vítimas Feridas";"Pleno dia";"Decrescente";"Céu Claro";"Simples";"Reta";"Não";4;0;1;1;1;1;2;3;-1,28603025;-47,342764;"SPRF-PA";"DEL01-PA";"UOP03-DEL01-PA"
327288;2020-12-12;"sábado";"05:45:00";"PR";116;32;"CAMPINA GRANDE DO SUL";"Falta de Atenção à Condução";"Tombamento";"Sem Vítimas";"Amanhecer";"Decrescente";"Nublado";"Dupla";"Curva";"Não";2;0;0;0;1;1;0;2;-25,10497579;-48,83973903;"SPRF-PR";"DEL01-PR";"UOP02-DEL01-PR"
327290;2020-12-10;"quinta-feira";"14:00:00";"MT";70;132;"GENERAL CARNEIRO";"Falta de Atenção à Condução";"Saída de leito carroçável";"Com Vítimas Feridas";"Pleno dia";"Decrescente";"Nublado";"Simples";"Reta";"Não";3;0;1;0;1;3;1;4;-15,59213614;-53,2134482;"SPRF-MT";"DEL07-MT";"UOP01-DEL07-MT"
327291;2020-12-12;"sábado";"05:25:00";"MS";163;172;"JUTI";"Falta de Atenção à Condução";"Colisão lateral";"Sem Vítimas";"Amanhecer";"Crescente";"Céu Claro";"Simples";"Reta";"Sim";4;0;0;0;0;4;0;3;-22,86622819;-54,61002707;"SPRF-MS";"DEL09-MS";"UOP01-DEL09-MS"
327292;2020-12-12;"sábado";"03:20:00";"PE";232;361;"FLORES";"Falta de Atenção à Condução";"Colisão frontal";"Com Vítimas Feridas";"Plena Noite";"Decrescente";"Céu Claro";"Simples";"Aclive";"Não";2;0;1;0;0;1;1;2;-8,04452581;-37,88565299;"SPRF-PE";"DEL04-PE";"UOP01-DEL04-PE"
327305;2020-12-12;"sábado";"05:45:00";"PB";104;118,9;"CAMPINA GRANDE";"Desobediência às normas de trânsito pelo condutor";"Colisão transversal";"Com Vítimas Feridas";"Amanhecer";"Decrescente";"Garoa/Chuvisco";"Simples";"Reta";"Sim";2;0;0;1;1;0;1;2;-7,19637839;-35,87571339;"SPRF-PB";"DEL02-PB";"UOP04-DEL02-PB"
327308;2020-12-12;"sábado";"06:30:00";"MT";364;265;"SAO PEDRO DA CIPA";"Ingestão de Álcool";"Colisão traseira";"Com Vítimas Feridas";"Amanhecer";"Decrescente";"Nublado";"Dupla";"Reta";"Não";3;0;1;0;1;2;1;4;-16,00440488;-54,92002387;"SPRF-MT";"DEL02-MT";"UOP01-DEL02-MT"
327315;2020-12-12;"sábado";"07:00:00";"RJ";116;305;"RESENDE";"Falta de Atenção à Condução";"Colisão traseira";"Com Vítimas Feridas";"Pleno dia";"Decrescente";"Nublado";"Dupla";"Curva";"Sim";2;0;0;1;1;0;1;2;-22,46211931;-44,44759369;"SPRF-RJ";"DEL07-RJ";"UOP02-DEL07-RJ"
327319;2020-12-12;"sábado";"09:00:00";"BA";101;577;"CAMACAN";"Defeito Mecânico no Veículo";"Incêndio";"Sem Vítimas";"Pleno dia";"Crescente";"Céu Claro";"Simples";"Curva";"Não";2;0;0;0;1;1;0;2;-15,488837;-39,432544;"SPRF-BA";"DEL05-BA";"UOP02-DEL05-BA"
327334;2020-12-12;"sábado";"09:04:00";"GO";153;354,1;"JARAGUA";"Desobediência às normas de trânsito pelo condutor";"Colisão lateral";"Com Vítimas Feridas";"Pleno dia";"Crescente";"Nublado";"Simples";"Reta";"Não";6;0;1;0;4;1;1;6;-15,699119;-49,334465;"SPRF-GO";"DEL02-GO";"UOP02-DEL02-GO"
327337;2020-12-12;"sábado";"11:20:00";"DF";20;16,1;"BRASILIA";"Defeito Mecânico no Veículo";"Colisão traseira";"Com Vítimas Feridas";"Pleno dia";"Crescente";"Chuva";"Dupla";"Reta";"Sim";4;0;2;0;1;2;2;4;-15,625675;-47,725159;"SPRF-DF";"DEL02-DF";"UOP01-DEL02-DF"
327343;2020-12-11;"sexta-feira";"18:00:00";"RO";364;467;"ARIQUEMES";"Falta de Atenção à Condução";"Tombamento";"Com Vítimas Feridas";"Plena Noite";"Crescente";"Céu Claro";"Simples";"Curva;Declive";"Não";2;0;1;0;0;2;1;3;-10,21068481;-62,77379378;"SPRF-RO";"DEL03-RO";"UOP01-DEL03-RO"
327354;2020-12-12;"sábado";"13:30:00";"PE";101;78;"JABOATAO DOS GUARARAPES";"Falta de Atenção à Condução";"Colisão traseira";"Com Vítimas Feridas";"Pleno dia";"Decrescente";"Céu Claro";"Dupla";"Reta";"Sim";3;0;1;0;2;0;1;2;-8,13496499;-34,94738614;"SPRF-PE";"DEL01-PE";"UOP01-DEL01-PE"
327371;2020-12-12;"sábado";"14:45:00";"MG";40;579;"ITABIRITO";"Velocidade Incompatível";"Colisão com objeto estático";"Com Vítimas Feridas";"Pleno dia";"Decrescente";"Chuva";"Dupla";"Curva";"Não";5;0;1;1;3;0;2;3;-20,28638301;-43,94212592;"SPRF-MG";"DEL01-MG";"UOP02-DEL01-MG"
327373;2020-12-12;"sábado";"14:10:00";"PR";376;669,9;"GUARATUBA";"Não guardar distância de segurança";"Colisão traseira";"Com Vítimas Feridas";"Pleno dia";"Crescente";"Nublado";"Dupla";"Curva";"Não";3;0;1;0;1;3;1;5;-25,86958174;-48,93464712;"SPRF-PR";"DEL01-PR";"UOP04-DEL01-PR"
327378;2020-12-12;"sábado";"14:30:00";"PB";116;7,5;"CACHOEIRA DOS INDIOS";"Desobediência às normas de trânsito pelo condutor";"Colisão lateral";"Com Vítimas Feridas";"Pleno dia";"Crescente";"Céu Claro";"Simples";"Reta";"Não";3;0;1;0;1;1;1;3;-6,95978138;-38,72509896;"SPRF-CE";"DEL05-CE";"UOP03-DEL05-CE"
327383;2020-12-12;"sábado";"16:00:00";"MG";40;446,9;"PARAOPEBA";"Velocidade Incompatível";"Saída de leito carroçável";"Com Vítimas Feridas";"Pleno dia";"Crescente";"Nublado";"Dupla";"Curva;Declive";"Sim";1;0;1;0;0;0;1;1;-19,28815;-44,392;"SPRF-MG";"DEL02-MG";"UOP01-DEL02-MG"
327387;2020-12-12;"sábado";"16:20:00";"PR";277;679,3;"MEDIANEIRA";"Ingestão de Álcool";"Colisão traseira";"Sem Vítimas";"Pleno dia";"Decrescente";"Céu Claro";"Dupla";"Reta";"Não";2;0;0;0;2;0;0;2;-25,31758044;-54,15684223;"SPRF-PR";"DEL05-PR";"UOP01-DEL05-PR"
327389;2020-12-12;"sábado";"14:00:00";"RJ";40;109;"DUQUE DE CAXIAS";"Não guardar distância de segurança";"Colisão traseira";"Com Vítimas Feridas";"Pleno dia";"Decrescente";"Céu Claro";"Múltipla";"Reta";"Não";3;0;1;0;2;0;1;2;-22,67374628;-43,28638368;"SPRF-RJ";"DEL01-RJ";"UOP01-DEL01-RJ"
327391;2020-12-12;"sábado";"15:05:00";"GO";60;360;"RIO VERDE";"Condutor Dormindo";"Colisão traseira";"Com Vítimas Feridas";"Pleno dia";"Crescente";"Céu Claro";"Dupla";"Reta";"Não";5;0;1;1;1;2;2;4;-17,6276;-50,7675;"SPRF-GO";"DEL04-GO";"UOP01-DEL04-GO"
327392;2020-12-12;"sábado";"10:25:00";"RJ";101;178;"MACAE";"Defeito Mecânico no Veículo";"Incêndio";"Sem Vítimas";"Pleno dia";"Decrescente";"Nublado";"Simples";"Reta";"Não";2;0;0;0;1;1;0;2;-22,39202493;-41,99331104;"SPRF-RJ";"DEL08-RJ";"UOP04-DEL08-RJ"
327403;2020-12-12;"sábado";"17:15:00";"MG";381;367;"SAO GONCALO DO RIO ABAIXO";"Velocidade Incompatível";"Tombamento";"Com Vítimas Feridas";"Pleno dia";"Decrescente";"Nublado";"Simples";"Reta";"Não";2;0;1;0;0;1;1;2;-19,85072732;-43,28377384;"SPRF-MG";"DEL03-MG";"UOP01-DEL03-MG"
327404;2020-12-12;"sábado";"16:00:00";"MT";70;514;"CUIABA";"Desobediência às normas de trânsito pelo condutor";"Colisão transversal";"Com Vítimas Feridas";"Pleno dia";"Crescente";"Céu Claro";"Simples";"Interseção de Vias";"Sim";7;0;4;0;2;3;4;5;-15,65051022;-55,99823809;"SPRF-MT";"DEL01-MT";"UOP02-DEL01-MT"
327409;2020-12-12;"sábado";"18:05:00";"SP";153;26,5;"NOVA GRANADA";"Ultrapassagem Indevida";"Colisão frontal";"Com Vítimas Fatais";"Anoitecer";"Decrescente";"Chuva";"Simples";"Reta;Aclive";"Não";3;1;0;0;1;1;0;3;-20,50410476;-49,32152684;"SPRF-SP";"DEL09-SP";"UOP01-DEL09-SP"
327410;2020-12-12;"sábado";"13:00:00";"MG";365;106,3;"JEQUITAI";"Pista Escorregadia";"Saída de leito carroçável";"Sem Vítimas";"Pleno dia";"Crescente";"Chuva";"Simples";"Reta";"Não";2;0;0;0;1;1;0;2;-17,20794132;-44,57802808;"SPRF-MG";"DEL12-MG";"UOP01-DEL12-MG"
327431;2020-12-12;"sábado";"18:20:00";"SP";381;35;"ATIBAIA";"Defeito Mecânico no Veículo";"Incêndio";"Sem Vítimas";"Anoitecer";"Decrescente";"Nublado";"Dupla";"Reta";"Não";2;0;0;0;1;1;0;2;-23,088586;-46,571798;"SPRF-SP";"DEL03-SP";"UOP01-DEL03-SP"
327432;2020-12-12;"sábado";"19:00:00";"BA";116;838,3;"VITORIA DA CONQUISTA";"Falta de Atenção à Condução";"Colisão frontal";"Com Vítimas Feridas";"Plena Noite";"Crescente";"Céu Claro";"Simples";"Reta";"Não";3;0;1;0;1;2;1;4;-14,9636915;-40,90724945;"SPRF-BA";"DEL08-BA";"UOP01-DEL08-BA"
327435;2020-12-12;"sábado";"18:50:00";"SC";101;137,2;"BALNEARIO CAMBORIU";"Falta de Atenção à Condução";"Colisão traseira";"Com Vítimas Fatais";"Anoitecer";"Decrescente";"Céu Claro";"Dupla";"Reta";"Sim";4;1;0;1;1;1;1;3;-27,0157238;-48,61192763;"SPRF-SC";"DEL04-SC";"UOP03-DEL04-SC"
327436;2020-12-12;"sábado";"13:20:00";"MT";163;1110;"GUARANTA DO NORTE";"Falta de Atenção à Condução";"Tombamento";"Sem Vítimas";"Pleno dia";"Crescente";"Sol";"Simples";"Reta";"Não";2;0;0;0;1;3;0;4;-9,71780888;-54,87808527;"SPRF-MT";"DEL06-MT";"NPF/DEL06-MT"
327440;2020-12-12;"sábado";"20:15:00";"PR";116;47,5;"CAMPINA GRANDE DO SUL";"Falta de Atenção à Condução";"Colisão transversal";"Com Vítimas Feridas";"Plena Noite";"Crescente";"Chuva";"Dupla";"Curva";"Não";4;0;0;2;1;1;2;3;-25,21058799;-48,89720903;"SPRF-PR";"DEL01-PR";"UOP02-DEL01-PR"
327446;2020-12-12;"sábado";"16:35:00";"BA";116;685;"JEQUIE";"Não guardar distância de segurança";"Engavetamento";"Com Vítimas Feridas";"Pleno dia";"Crescente";"Sol";"Simples";"Reta";"Não";4;0;1;0;2;3;1;6;-13,89460708;-40,14410687;"SPRF-BA";"DEL03-BA";"UOP01-DEL03-BA"
327460;2020-12-12;"sábado";"20:40:00";"RJ";116;272;"BARRA MANSA";"Carga excessiva e/ou mal acondicionada";"Tombamento";"Com Vítimas Feridas";"Plena Noite";"Crescente";"Chuva";"Dupla";"Curva";"Sim";2;0;1;0;0;1;1;2;-22,55606865;-44,13021704;"SPRF-RJ";"DEL07-RJ";"UOP02-DEL07-RJ"
327483;2020-12-12;"sábado";"22:30:00";"RJ";116;134;"DUQUE DE CAXIAS";"Falta de Atenção à Condução";"Colisão transversal";"Com Vítimas Feridas";"Plena Noite";"Decrescente";"Céu Claro";"Dupla";"Reta";"Sim";2;0;0;1;1;0;1;2;-22,64760101;-43,1893158;"SPRF-RJ";"DEL04-RJ";"UOP02-DEL04-RJ"
327484;2020-12-12;"sábado";"22:55:00";"PR";153;468,8;"PORTO VITORIA";"Velocidade Incompatível";"Saída de leito carroçável";"Com Vítimas Feridas";"Plena Noite";"Crescente";"Céu Claro";"Simples";"Curva;Declive";"Não";2;0;1;0;1;0;1;1;-26,29150854;-51,2016567;"SPRF-PR";"DEL02-PR";"UOP03-DEL02-PR"
327491;2020-12-12;"sábado";"19:00:00";"MA";10;178;"CAMPESTRE DO MARANHAO";"Desobediência às normas de trânsito pelo condutor";"Colisão transversal";"Com Vítimas Feridas";"Plena Noite";"Crescente";"Céu Claro";"Simples";"Reta";"Sim";3;0;0;1;1;1;1;3;-6,158751;-47,367653;"SPRF-MA";"DEL04-MA";"UOP02-DEL04-MA"
327493;2020-12-12;"sábado";"15:00:00";"MG";251;236,7;"SANTA CRUZ DE SALINAS";"Não guardar distância de segurança";"Colisão traseira";"Com Vítimas Feridas";"Pleno dia";"Crescente";"Céu Claro";"Simples";"Reta";"Não";3;0;1;0;1;1;1;3;-15,98804705;-41,75270797;"SPRF-MG";"DEL11-MG";"UOP02-DEL11-MG"
327497;2020-12-12;"sábado";"23:30:00";"MG";381;854;"POUSO ALEGRE";"Falta de Atenção à Condução";"Colisão traseira";"Com Vítimas Feridas";"Plena Noite";"Decrescente";"Chuva";"Dupla";"Aclive;Reta";"Não";2;0;1;0;1;0;1;2;-22,31374792;-45,90405426;"SPRF-MG";"DEL16-MG";"UOP01-DEL16-MG"
327498;2020-12-12;"sábado";"22:00:00";"MS";267;226,1;"NOVA ALVORADA DO SUL";"Desobediência às normas de trânsito pelo condutor";"Colisão frontal";"Com Vítimas Fatais";"Plena Noite";"Decrescente";"Céu Claro";"Simples";"Aclive";"Não";6;1;3;0;1;1;3;4;-21,53845148;-54,17967594;"SPRF-MS";"DEL02-MS";"UOP01-DEL02-MS"
327505;2020-12-12;"sábado";"17:50:00";"RO";435;36;"VILHENA";"Defeito Mecânico no Veículo";"Saída de leito carroçável";"Com Vítimas Feridas";"Pleno dia";"Crescente";"Céu Claro";"Simples";"Curva";"Não";2;0;1;0;0;2;1;3;-12,85815;-60,377297;"SPRF-RO";"DEL04-RO";"UOP02-DEL04-RO"
327509;2020-12-13;"domingo";"01:20:00";"PE";104;79;"AGRESTINA";"Velocidade Incompatível";"Tombamento";"Com Vítimas Feridas";"Plena Noite";"Crescente";"Chuva";"Simples";"Curva";"Não";1;0;0;1;0;0;1;1;-8,389074;-35,974712;"SPRF-PE";"DEL02-PE";"UOP01-DEL02-PE"
327525;2020-12-13;"domingo";"01:55:00";"SC";101;351,8;"JAGUARUNA";"Ingestão de Álcool";"Saída de leito carroçável";"Com Vítimas Feridas";"Plena Noite";"Decrescente";"Céu Claro";"Dupla";"Curva";"Sim";3;0;1;0;1;1;1;3;-28,61058673;-49,06007051;"SPRF-SC";"DEL02-SC";"UOP01-DEL02-SC"
327532;2020-12-13;"domingo";"03:50:00";"MG";40;467,7;"SETE LAGOAS";"Falta de Atenção à Condução";"Colisão traseira";"Com Vítimas Feridas";"Plena Noite";"Crescente";"Céu Claro";"Dupla";"Reta";"Não";3;0;1;0;1;2;1;4;-19,45038924;-44,3166822;"SPRF-MG";"DEL02-MG";"UOP01-DEL02-MG"
327541;2020-12-13;"domingo";"04:00:00";"MT";163;56,7;"ITIQUIRA";"Ingestão de Álcool";"Saída de leito carroçável";"Com Vítimas Feridas";"Amanhecer";"Decrescente";"Céu Claro";"Dupla";"Retorno Regulamentado";"Não";2;0;2;0;0;0;2;1;-17,02147497;-54,76233709;"SPRF-MT";"DEL02-MT";"UOP01-DEL02-MT"
327543;2020-12-13;"domingo";"05:35:00";"MT";163;685;"LUCAS DO RIO VERDE";"Não guardar distância de segurança";"Tombamento";"Com Vítimas Feridas";"Amanhecer";"Decrescente";"Céu Claro";"Simples";"Reta";"Não";3;0;1;0;1;3;1;5;-13,098428;-55,947729;"SPRF-MT";"DEL06-MT";"UOP01-DEL06-MT"
327544;2020-12-13;"domingo";"05:30:00";"BA";407;192;"CALDEIRAO GRANDE";"Condutor Dormindo";"Saída de leito carroçável";"Com Vítimas Feridas";"Amanhecer";"Crescente";"Céu Claro";"Simples";"Reta";"Não";1;0;0;1;0;0;1;1;-11,050492;-40,090335;"SPRF-BA";"DEL04-BA";"UOP02-DEL04-BA"