"id";"data_inversa";"dia_semana";"horario";"uf";"br";"km";"municipio";"causa_acidente";"tipo_acidente";"classificacao_acidente";"fase_dia";"sentido_via";"condicao_metereologica";"tipo_pista";"tracado_via";"uso_solo";"pessoas";"mortos";"feridos_leves";"feridos_graves";"ilesos";"ignorados";"feridos";"veiculos";"latitude";"longitude";"regional";"delegacia";"uop"
327547;2020-12-13;"domingo";"06:00:00";"SP";116;515;"CAJATI";"Velocidade Incompatível";"Colisão com objeto estático";"Com Vítimas Feridas";"Pleno dia";"Decrescente";"Céu Claro";"Simples";"Declive;Reta";"Não";1;0;1;0;0;0;1;1;-24,86704083;-48,21738184;"SPRF-SP";"DEL05-SP";"UOP02-DEL05-SP"
327549;2020-12-13;"domingo";"06:00:00";"MT";364;349;"SANTO ANTONIO DO LEVERGER";"Falta de Atenção à Condução";"Saída de leito carroçável";"Com Vítimas Feridas";"Amanhecer";"Crescente";"Céu Claro";"Dupla";"Curva";"Não";1;0;1;0;0;0;1;1;-15,80502622;-55,5546431;"SPRF-MT";"DEL05-MT";"UOP02-DEL05-MT"
327550;2020-12-13;"domingo";"04:00:00";"MG";153;42;"CANAPOLIS";"Condutor Dormindo";"Tombamento";"Com Vítimas Feridas";"Plena Noite";"Decrescente";"Nublado";"Dupla";"Reta";"Não";2;0;1;0;0;1;1;2;-18,7557052;-49,07788634;"SPRF-MG";"DEL15-MG";"UOP03-DEL15-MG"
327553;2020-12-13;"domingo";"06:20:00";"SE";101;167,2;"SANTA LUZIA DO ITANHY";"Condutor Dormindo";"Colisão frontal";"Com Vítimas Feridas";"Pleno dia";"Decrescente";"Céu Claro";"Simples";"Aclive;Curva";"Não";3;0;0;1;1;2;1;4;-11,31194915;-37,54165101;"SPRF-SE";"DEL02-SE";"UOP01-DEL02-SE"
327560;2020-12-13;"domingo";"06:30:00";"MG";459;76,9;"SENADOR JOSE BENTO";"Ingestão de Álcool";"Colisão traseira";"Com Vítimas Feridas";"Pleno dia";"Decrescente";"Chuva";"Simples";"Reta";"Não";3;0;1;0;1;1;1;3;-22,151199;-46,126671;"SPRF-MG";"DEL09-MG";"UOP01-DEL09-MG"
327569;2020-12-13;"domingo";"07:00:00";"RS";290;181;"MINAS DO LEAO";"Desobediência às normas de trânsito pelo condutor";"Colisão transversal";"Com Vítimas Feridas";"Pleno dia";"Crescente";"Céu Claro";"Simples";"Interseção de Vias";"Sim";4;0;0;1;2;1;1;3;-30,140005;-52,023026;"SPRF-RS";"DEL02-RS";"UOP03-DEL02-RS"
327577;2020-12-13;"domingo";"07:50:00";"PR";116;128,8;"FAZENDA RIO GRANDE";"Falta de Atenção à Condução";"Colisão lateral";"Sem Vítimas";"Pleno dia";"Decrescente";"Céu Claro";"Dupla";"Reta";"Sim";3;0;0;0;2;1;0;3;-25,62150831;-49,31621728;"SPRF-PR";"DEL01-PR";"UOP03-DEL01-PR"
327578;2020-12-13;"domingo";"07:00:00";"SP";116;544;"BARRA DO TURVO";"Falta de Atenção à Condução";"Tombamento";"Com Vítimas Fatais";"Amanhecer";"Decrescente";"Céu Claro";"Simples";"Curva";"Não";3;1;1;0;0;1;1;2;-24,96458394;-48,42533112;"SPRF-SP";"DEL05-SP";"UOP02-DEL05-SP"
327591;2020-12-13;"domingo";"09:00:00";"MT";364;395;"CUIABA";"Falta de Atenção à Condução";"Saída de leito carroçável";"Sem Vítimas";"Pleno dia";"Crescente";"Céu Claro";"Dupla";"Reta";"Não";2;0;0;0;1;1;0;2;-15,69556743;-55,89834326;"SPRF-MT";"DEL01-MT";"UOP02-DEL01-MT"
327594;2020-12-13;"domingo";"08:20:00";"PR";153;136;"VENTANIA";"Falta de Atenção à Condução";"Tombamento";"Com Vítimas Feridas";"Pleno dia";"Decrescente";"Céu Claro";"Simples";"Curva";"Não";2;0;1;0;0;2;1;3;-24,04805819;-50,24742694;"SPRF-PR";"DEL07-PR";"UOP04-DEL07-PR"
327596;2020-12-13;"domingo";"09:00:00";"BA";324;555;"AMELIA RODRIGUES";"Falta de Atenção à Condução";"Colisão traseira";"Com Vítimas Feridas";"Pleno dia";"Crescente";"Céu Claro";"Simples";"Reta";"Não";2;0;0;1;1;0;1;2;-12,46574407;-38,68963508;"SPRF-BA";"DEL01-BA";"UOP03-DEL01-BA"
327601;2020-12-13;"domingo";"04:20:00";"CE";116;544;"PENAFORTE";"Desobediência às normas de trânsito pelo condutor";"Colisão transversal";"Com Vítimas Fatais";"Amanhecer";"Crescente";"Céu Claro";"Simples";"Reta";"Sim";2;1;0;0;1;0;0;2;-7,76202492;-39,06441218;"SPRF-CE";"DEL05-CE";"UOP03-DEL05-CE"
327603;2020-12-13;"domingo";"09:50:00";"MA";316;544,7;"CAXIAS";"Falta de Atenção à Condução";"Colisão frontal";"Com Vítimas Fatais";"Pleno dia";"Decrescente";"Céu Claro";"Simples";"Reta";"Não";2;1;0;0;1;0;0;2;-4,867952;-43,411625;"SPRF-MA";"DEL03-MA";"UOP02-DEL03-MA"
327604;2020-12-13;"domingo";"08:00:00";"SC";280;91,1;"CORUPA";"Velocidade Incompatível";"Tombamento";"Com Vítimas Feridas";"Pleno dia";"Decrescente";"Sol";"Simples";"Curva";"Não";2;0;1;0;0;1;1;2;-26,40198057;-49,29053774;"SPRF-SC";"DEL06-SC";"UOP03-DEL06-SC"
327606;2020-12-13;"domingo";"12:10:00";"TO";153;345;"GUARAI";"Falta de Atenção à Condução";"Colisão frontal";"Com Vítimas Fatais";"Pleno dia";"Decrescente";"Céu Claro";"Simples";"Reta";"Não";3;1;0;0;1;1;0;3;-8,93568917;-48,50773634;"SPRF-TO";"DEL02-TO";"UOP02-DEL02-TO"
327617;2020-12-13;"domingo";"12:00:00";"PR";373;181;"PONTA GROSSA";"Falta de Atenção à Condução";"Colisão transversal";"Com Vítimas Feridas";"Pleno dia";"Decrescente";"Céu Claro";"Dupla";"Curva";"Não";4;0;0;2;1;1;2;3;-25,04266233;-50,25791089;"SPRF-PR";"DEL03-PR";"UOP04-DEL03-PR"
327621;2020-12-13;"domingo";"09:54:00";"SP";116;360;"MIRACATU";"Velocidade Incompatível";"Tombamento";"Sem Vítimas";"Pleno dia";"Decrescente";"Céu Claro";"Múltipla";"Curva";"Não";1;0;0;0;1;0;0;1;-24,11248793;-47,26510606;"SPRF-SP";"DEL04-SP";"UOP02-DEL04-SP"
327623;2020-12-13;"domingo";"13:00:00";"RS";285;476;"CORONEL BARROS";"Velocidade Incompatível";"Colisão com objeto estático";"Com Vítimas Feridas";"Pleno dia";"Decrescente";"Nublado";"Simples";"Rotatória";"Sim";5;0;4;1;0;0;5;1;-28,38111721;-54,07498062;"SPRF-RS";"DEL10-RS";"UOP01-DEL10-RS"
327624;2020-12-13;"domingo";"13:10:00";"BA";116;680;"JEQUIE";"Agressão Externa";"Incêndio";"Sem Vítimas";"Pleno dia";"Crescente";"Céu Claro";"Simples";"Reta";"Não";3;0;0;0;2;1;0;2;-13,86605006;-40,11290087;"SPRF-BA";"DEL03-BA";"UOP01-DEL03-BA"
327625;2020-12-13;"domingo";"13:45:00";"MG";40;517,7;"RIBEIRAO DAS NEVES";"Falta de Atenção à Condução";"Colisão lateral";"Com Vítimas Feridas";"Pleno dia";"Crescente";"Céu Claro";"Dupla";"Curva";"Sim";2;0;1;0;1;0;1;2;-19,82351202;-44,08438913;"SPRF-MG";"DEL01-MG";"UOP02-DEL01-MG"
327633;2020-12-13;"domingo";"11:22:00";"GO";153;39;"PORANGATU";"Desobediência às normas de trânsito pelo condutor";"Colisão traseira";"Com Vítimas Feridas";"Pleno dia";"Decrescente";"Céu Claro";"Simples";"Reta";"Não";5;0;0;1;3;1;1;3;-13,166682;-49,175177;"SPRF-GO";"DEL07-GO";"UOP01-DEL07-GO"
327646;2020-12-13;"domingo";"12:40:00";"RJ";393;253;"BARRA DO PIRAI";"Desobediência às normas de trânsito pelo condutor";"Colisão traseira";"Com Vítimas Feridas";"Pleno dia";"Decrescente";"Céu Claro";"Simples";"Reta";"Não";2;0;0;1;1;0;1;2;-22,43940862;-43,78355221;"SPRF-RJ";"DEL05-RJ";"UOP04-DEL05-RJ"
327672;2020-12-13;"domingo";"17:40:00";"PR";116;113;"CURITIBA";"Ingestão de Álcool";"Colisão lateral";"Sem Vítimas";"Pleno dia";"Crescente";"Nublado";"Dupla";"Reta";"Sim";6;0;0;0;5;1;0;3;-25,547599;-49,288115;"SPRF-PR";"DEL01-PR";"UOP01-DEL01-PR"
327682;2020-12-13;"domingo";"17:45:00";"SP";116;100,7;"PINDAMONHANGABA";"Falta de Atenção à Condução";"Colisão traseira";"Com Vítimas Feridas";"Pleno dia";"Decrescente";"Chuva";"Dupla";"Reta";"Não";3;0;1;0;1;4;1;6;-22,9892013548;-45,4779168405;"SPRF-SP";"DEL06-SP";"UOP01-DEL06-SP"
327700;2020-12-13;"domingo";"17:50:00";"MS";158;285;"TRES LAGOAS";"Defeito Mecânico no Veículo";"Incêndio";"Sem Vítimas";"Anoitecer";"Decrescente";"Céu Claro";"Dupla";"Reta";"Não";2;0;0;0;1;2;0;3;-20,86906298;-51,74671504;"SPRF-MS";"DEL07-MS";"UOP01-DEL07-MS"
327713;2020-12-13;"domingo";"14:40:00";"RO";364;564;"ALTO PARAISO";"Ultrapassagem Indevida";"Colisão lateral";"Com Vítimas Feridas";"Pleno dia";"Decrescente";"Céu Claro";"Simples";"Curva";"Não";5;0;2;0;2;3;2;5;-9,50923301;-63,07863593;"SPRF-RO";"DEL01-RO";"UOP04-DEL01-RO"
327715;2020-12-13;"domingo";"09:00:00";"BA";135;24;"FORMOSA DO RIO PRETO";"Ingestão de Álcool";"Colisão lateral";"Com Vítimas Feridas";"Pleno dia";"Decrescente";"Céu Claro";"Simples";"Reta";"Sim";3;0;1;0;1;3;1;5;-11,0288715;-45,2093389;"SPRF-BA";"DEL10-BA";"UOP01-DEL10-BA"
327740;2020-12-13;"domingo";"17:40:00";"BA";116;916,9;"ENCRUZILHADA";"Não guardar distância de segurança";"Engavetamento";"Com Vítimas Feridas";"Anoitecer";"Decrescente";"Céu Claro";"Simples";"Reta";"Não";6;0;2;0;3;3;2;6;-15,568386;-41,269227;"SPRF-BA";"DEL08-BA";"UOP03-DEL08-BA"
327741;2020-12-13;"domingo";"21:00:00";"RS";153;10;"SEVERIANO DE ALMEIDA";"Falta de Atenção à Condução";"Colisão frontal";"Com Vítimas Feridas";"Plena Noite";"Decrescente";"Céu Claro";"Simples";"Curva";"Não";3;0;1;0;1;1;1;3;-27,43198;-52,04055595;"SPRF-RS";"DEL08-RS";"UOP04-DEL08-RS"
327746;2020-12-13;"domingo";"16:40:00";"MG";153;199,5;"FRUTAL";"Ultrapassagem Indevida";"Saída de leito carroçável";"Sem Vítimas";"Pleno dia";"Decrescente";"Céu Claro";"Simples";"Reta";"Não";2;0;0;0;1;2;0;3;-19,98957691;-49,02633907;"SPRF-MG";"DEL13-MG";"UOP02-DEL13-MG"
327750;2020-12-13;"domingo";"20:00:00";"RR";174;507;"BOA VISTA";"Desobediência às normas de trânsito pelo condutor";"Colisão traseira";"Com Vítimas Feridas";"Plena Noite";"Crescente";"Céu Claro";"Simples";"Reta";"Sim";3;0;0;1;1;1;1;3;2,827348;-60,697216;"SPRF-RR";"DEL01-RR";"UOP01-DEL01-RR"
327753;2020-12-13;"domingo";"16:50:00";"BA";116;712;"MANOEL VITORINO";"Não guardar distância de segurança";"Engavetamento";"Com Vítimas Feridas";"Anoitecer";"Decrescente";"Ignorado";"Simples";"Reta";"Não";5;0;2;0;2;1;2;4;-14,13266916;-40,23813875;"SPRF-BA";"DEL03-BA";"UOP01-DEL03-BA"
327758;2020-12-13;"domingo";"21:00:00";"MT";364;265,5;"SAO PEDRO DA CIPA";"Falta de Atenção à Condução";"Colisão transversal";"Com Vítimas Feridas";"Plena Noite";"Crescente";"Ignorado";"Dupla";"Reta";"Não";5;0;2;1;1;2;3;4;-16,00440488;-54,92002387;"SPRF-MT";"DEL02-MT";"UOP01-DEL02-MT"
327759;2020-12-13;"domingo";"12:00:00";"PR";153;164,9;"VENTANIA";"Desobediência às normas de trânsito pelo condutor";"Tombamento";"Com Vítimas Feridas";"Pleno dia";"Decrescente";"Chuva";"Simples";"Curva";"Não";2;0;1;0;0;1;1;2;-24,24915098;-50,24910492;"SPRF-PR";"DEL03-PR";"UOP02-DEL03-PR"
327762;2020-12-13;"domingo";"19:50:00";"BA";101;445;"UBAITABA";"Falta de Atenção à Condução";"Colisão frontal";"Com Vítimas Fatais";"Plena Noite";"Crescente";"Céu Claro";"Simples";"Ponte";"Sim";2;1;0;0;1;0;0;2;-14,31547902;-39,31394404;"SPRF-BA";"DEL05-BA";"UOP01-DEL05-BA"
327767;2020-12-13;"domingo";"21:40:00";"MT";158;576,1;"AGUA BOA";"Desobediência às normas de trânsito pelo condutor";"Colisão lateral";"Com Vítimas Feridas";"Plena Noite";"Crescente";"Céu Claro";"Simples";"Reta";"Não";3;0;1;0;1;2;1;4;-14,12020222;-52,18150565;"SPRF-MT";"DEL07-MT";"UOP02-DEL07-MT"
327769;2020-12-13;"domingo";"22:50:00";"PR";277;3,5;"PARANAGUA";"Animais na Pista";"Atropelamento de Animal";"Com Vítimas Feridas";"Plena Noite";"Decrescente";"Nublado";"Simples";"Reta";"Sim";2;0;0;1;1;0;1;2;-25,568198;-48,615292;"SPRF-PR";"DEL01-PR";"UOP05-DEL01-PR"
327773;2020-12-13;"domingo";"11:00:00";"AM";230;80;"APUI";"Falta de Atenção à Condução";"Colisão frontal";"Com Vítimas Feridas";"Pleno dia";"Crescente";"Nublado";"Simples";"Aclive";"Não";4;0;2;1;1;0;3;2;-6,69621212;-58,85256698;"SPRF-AM";"DEL01-AM";"UOP05-DEL01-AM"
327777;2020-12-13;"domingo";"23:02:00";"SP";153;14,2;"ICEM";"Desobediência às normas de trânsito pelo condutor";"Colisão frontal";"Com Vítimas Fatais";"Plena Noite";"Crescente";"Nublado";"Simples";"Reta";"Não";5;2;0;1;1;1;1;3;-20,41481389;-49,26025307;"SPRF-SP";"DEL09-SP";"UOP01-DEL09-SP"
327779;2020-12-13;"domingo";"21:50:00";"MT";70;733;"CACERES";"Falta de Atenção à Condução";"Colisão lateral";"Sem Vítimas";"Plena Noite";"Crescente";"Céu Claro";"Simples";"Reta";"Sim";2;0;0;0;1;1;0;2;-16,09049601;-57,68819368;"SPRF-MT";"DEL03-MT";"UOP01-DEL03-MT"
327813;2020-12-14;"segunda-feira";"05:45:00";"RS";392;119,5;"CANGUCU";"Velocidade Incompatível";"Tombamento";"Com Vítimas Feridas";"Amanhecer";"Decrescente";"Céu Claro";"Simples";"Curva";"Não";2;0;1;0;0;1;1;2;-31,39884811;-52,68472032;"SPRF-RS";"DEL07-RS";"UOP01-DEL07-RS"
327816;2020-12-14;"segunda-feira";"06:05:00";"MG";116;413;"GOVERNADOR VALADARES";"Falta de Atenção do Pedestre";"Atropelamento de Pedestre";"Com Vítimas Feridas";"Pleno dia";"Crescente";"Sol";"Simples";"Interseção de Vias";"Sim";3;0;1;1;1;0;2;2;-18,87645295;-41,96398616;"SPRF-MG";"DEL06-MG";"UOP01-DEL06-MG"
327820;2020-12-14;"segunda-feira";"06:00:00";"RS";290;95;"PORTO ALEGRE";"Falta de Atenção à Condução";"Saída de leito carroçável";"Com Vítimas Feridas";"Amanhecer";"Decrescente";"Nublado";"Dupla";"Curva";"Sim";2;0;0;1;0;1;1;2;-29,982832;-51,201572;"SPRF-RS";"DEL01-RS";"UOP01-DEL01-RS"
327839;2020-12-14;"segunda-feira";"06:20:00";"SC";280;84,5;"CORUPA";"Velocidade Incompatível";"Tombamento";"Com Vítimas Feridas";"Pleno dia";"Decrescente";"Céu Claro";"Simples";"Rotatória";"Sim";1;0;1;0;0;0;1;1;-26,43589072;-49,24351466;"SPRF-SC";"DEL06-SC";"UOP03-DEL06-SC"
327841;2020-12-14;"segunda-feira";"09:10:00";"PB";230;83;"BAYEUX";"Ingestão de Álcool";"Colisão lateral";"Com Vítimas Feridas";"Pleno dia";"Crescente";"Sol";"Dupla";"Reta";"Sim";4;0;0;1;1;2;1;3;-7,13849473;-34,92463589;"SPRF-PB";"DEL01-PB";"UOP03-DEL01-PB"
327842;2020-12-14;"segunda-feira";"07:30:00";"MG";146;428,1;"GUAXUPE";"Velocidade Incompatível";"Saída de leito carroçável";"Sem Vítimas";"Pleno dia";"Decrescente";"Céu Claro";"Simples";"Declive;Reta";"Não";2;0;0;0;1;2;0;3;-21,29221339;-46,68919086;"SPRF-MG";"DEL09-MG";"UOP01-DEL09-MG"
327848;2020-12-14;"segunda-feira";"08:20:00";"MT";364;504;"CUIABA";"Desobediência às normas de trânsito pelo condutor";"Colisão frontal";"Sem Vítimas";"Pleno dia";"Crescente";"Sol";"Simples";"Reta";"Não";3;0;0;0;2;2;0;4;-15,70204417;-56,04984283;"SPRF-MT";"DEL01-MT";"UOP01-DEL01-MT"
327851;2020-12-14;"segunda-feira";"10:21:00";"MG";381;438;"SABARA";"Desobediência às normas de trânsito pelo condutor";"Colisão frontal";"Com Vítimas Fatais";"Pleno dia";"Decrescente";"Céu Claro";"Simples";"Reta";"Sim";4;1;0;0;2;2;0;5;-19,80934407;-43,777791;"SPRF-MG";"DEL01-MG";"UOP01-DEL01-MG"
327856;2020-12-14;"segunda-feira";"09:40:00";"RS";116;326,7;"BARRA DO RIBEIRO";"Falta de Atenção à Condução";"Colisão frontal";"Com Vítimas Fatais";"Pleno dia";"Crescente";"Nublado";"Dupla";"Curva;Aclive";"Não";3;1;0;0;2;0;0;2;-30,34467398;-51,42852925;"SPRF-RS";"DEL02-RS";"UOP01-DEL02-RS"
327858;2020-12-14;"segunda-feira";"10:25:00";"SC";101;355;"SANGAO";"Falta de Atenção à Condução";"Saída de leito carroçável";"Com Vítimas Feridas";"Pleno dia";"Crescente";"Nublado";"Dupla";"Reta;Declive";"Não";3;0;1;0;1;1;1;3;-28,6292738;-49,0869383;"SPRF-SC";"DEL02-SC";"UOP01-DEL02-SC"
327860;2020-12-14;"segunda-feira";"09:45:00";"PR";476;133;"CURITIBA";"Não guardar distância de segurança";"Colisão traseira";"Com Vítimas Feridas";"Pleno dia";"Decrescente";"Sol";"Múltipla";"Reta";"Sim";4;0;0;1;3;0;1;4;-25,469219;-49,254143;"SPRF-PR";"DEL01-PR";"UOP03-DEL01-PR"
327861;2020-12-14;"segunda-feira";"10:30:00";"CE";20;310,2;"CANINDE";"Não guardar distância de segurança";"Engavetamento";"Com Vítimas Feridas";"Pleno dia";"Decrescente";"Céu Claro";"Simples";"Declive;Reta";"Não";3;0;2;0;1;0;2;3;-4,33526699;-39,28862702;"SPRF-CE";"DEL02-CE";"UOP01-DEL02-CE"
327864;2020-10-03;"sábado";"11:30:00";"TO";153;621;"ALIANCA DO TOCANTINS";"Falta de Atenção à Condução";"Colisão transversal";"Com Vítimas Feridas";"Pleno dia";"Decrescente";"Céu Claro";"Simples";"Reta";"Sim";3;0;1;0;1;1;1;3;-11,28283904;-48,93834856;"SPRF-TO";"DEL01-TO";"UOP02-DEL01-TO"
327865;2020-12-14;"segunda-feira";"10:35:00";"BA";407;131;"SENHOR DO BONFIM";"Restrição de Visibilidade";"Engavetamento";"Com Vítimas Feridas";"Pleno dia";"Crescente";"Céu Claro";"Simples";"Aclive";"Não";5;0;2;0;3;0;2;3;-10,49567411;-40,16127128;"SPRF-BA";"DEL04-BA";"UOP01-DEL04-BA"
327868;2020-11-13;"sexta-feira";"06:50:00";"MT";70;595;"POCONE";"Mal Súbito";"Tombamento";"Com Vítimas Feridas";"Pleno dia";"Crescente";"Céu Claro";"Simples";"Reta";"Não";2;0;0;1;0;2;1;3;-15,79886469;-56,68983532;"SPRF-MT";"DEL03-MT";"UOP02-DEL03-MT"
327870;2020-12-14;"segunda-feira";"10:20:00";"RS";290;632;"ALEGRETE";"Animais na Pista";"Atropelamento de Animal";"Com Vítimas Feridas";"Pleno dia";"Crescente";"Céu Claro";"Simples";"Reta";"Não";5;0;1;0;1;3;1;4;-30,018812;-56,238903;"SPRF-RS";"DEL13-RS";"UOP02-DEL13-RS"
327871;2020-12-14;"segunda-feira";"10:15:00";"PR";376;416,1;"TIBAGI";"Carga excessiva e/ou mal acondicionada";"Colisão frontal";"Com Vítimas Feridas";"Pleno dia";"Crescente";"Céu Claro";"Simples";"Reta";"Não";4;0;1;0;2;1;1;4;-24,70255807;-50,57247202;"SPRF-PR";"DEL03-PR";"UOP02-DEL03-PR"
327872;2020-12-14;"segunda-feira";"10:00:00";"BA";101;318;"PRESIDENTE TANCREDO NEVES";"Falta de Atenção à Condução";"Colisão traseira";"Com Vítimas Feridas";"Pleno dia";"Crescente";"Sol";"Simples";"Reta";"Não";2;0;0;1;1;0;1;2;-13,385707;-39,390715;"SPRF-BA";"DEL05-BA";"UOP03-DEL05-BA"
327876;2020-12-14;"segunda-feira";"12:40:00";"PE";101;153;"RIBEIRAO";"Falta de Atenção do Pedestre";"Atropelamento de Pedestre";"Com Vítimas Fatais";"Pleno dia";"Crescente";"Céu Claro";"Dupla";"Reta";"Não";3;1;0;0;1;1;0;2;-8,51981582;-35,39113909;"SPRF-PE";"DEL01-PE";"UOP03-DEL01-PE"
327882;2020-12-14;"segunda-feira";"12:55:00";"SE";101;195,8;"CRISTINAPOLIS";"Desobediência às normas de trânsito pelo condutor";"Colisão lateral";"Com Vítimas Feridas";"Pleno dia";"Crescente";"Sol";"Simples";"Reta";"Não";7;0;1;0;6;0;1;2;-11,45909602;-37,73504396;"SPRF-SE";"DEL02-SE";"UOP03-DEL02-SE"
327885;2020-10-11;"domingo";"19:40:00";"PE";104;119;"PANELAS";"Defeito Mecânico no Veículo";"Colisão frontal";"Com Vítimas Fatais";"Plena Noite";"Crescente";"Céu Claro";"Simples";"Reta";"Não";4;1;1;1;0;1;2;3;-8,69214;-36,023621;"SPRF-PE";"DEL02-PE";"UOP01-DEL02-PE"
327895;2020-12-14;"segunda-feira";"13:45:00";"PR";376;124;"ALTO PARANA";"Falta de Atenção à Condução";"Colisão traseira";"Com Vítimas Feridas";"Pleno dia";"Crescente";"Céu Claro";"Dupla";"Declive";"Não";5;0;1;0;3;2;1;6;-23,14400328;-52,2818582;"SPRF-PR";"DEL09-PR";"UOP02-DEL09-PR"
327899;2020-12-14;"segunda-feira";"11:30:00";"MA";135;10;"SAO LUIS";"Desobediência às normas de trânsito pelo condutor";"Colisão transversal";"Com Vítimas Feridas";"Pleno dia";"Decrescente";"Céu Claro";"Dupla";"Reta";"Sim";2;0;1;0;1;0;1;2;-2,655912;-44,28629098;"SPRF-MA";"DEL01-MA";"UOP01-DEL01-MA"
327900;2020-12-14;"segunda-feira";"13:00:00";"PR";277;591;"CASCAVEL";"Desobediência às normas de trânsito pelo condutor";"Colisão transversal";"Com Vítimas Feridas";"Pleno dia";"Decrescente";"Nublado";"Simples";"Interseção de Vias";"Sim";2;0;1;0;1;0;1;2;-24,98473242;-53,46501885;"SPRF-PR";"DEL04-PR";"UOP01-DEL04-PR"
327901;2020-12-14;"segunda-feira";"13:22:00";"SC";101;228,8;"PALHOCA";"Defeito Mecânico no Veículo";"Tombamento";"Sem Vítimas";"Pleno dia";"Decrescente";"Nublado";"Dupla";"Curva";"Não";2;0;0;0;1;2;0;3;-27,7597249;-48,63078869;"SPRF-SC";"DEL01-SC";"UOP02-DEL01-SC"
327902;2020-12-14;"segunda-feira";"14:05:00";"SP";116;210;"GUARULHOS";"Falta de Atenção à Condução";"Colisão traseira";"Com Vítimas Feridas";"Pleno dia";"Decrescente";"Nublado";"Múltipla";"Reta";"Sim";3;0;1;0;2;0;1;2;-23,42870023;-46,41085991;"SPRF-SP";"DEL01-SP";"UOP01-DEL01-SP"
327911;2020-12-14;"segunda-feira";"13:55:00";"MG";459;96;"POUSO ALEGRE";"Desobediência às normas de trânsito pelo condutor";"Colisão traseira";"Com Vítimas Feridas";"Pleno dia";"Crescente";"Nublado";"Simples";"Curva";"Não";2;0;1;0;1;0;1;2;-22,196163;-45,978573;"SPRF-MG";"DEL09-MG";"UOP01-DEL09-MG"
327912;2020-12-14;"segunda-feira";"15:50:00";"SE";235;49,8;"ITABAIANA";"Desobediência às normas de trânsito pelo condutor";"Colisão lateral";"Com Vítimas Feridas";"Pleno dia";"Decrescente";"Céu Claro";"Simples";"Reta";"Sim";2;0;0;1;1;0;1;2;-10,716222;-37,421669;"SPRF-SE";"DEL01-SE";"UOP02-DEL01-SE"
327919;2020-12-14;"segunda-feira";"12:50:00";"GO";80;141;"BARRO ALTO";"Desobediência às normas de trânsito pelo condutor";"Colisão transversal";"Sem Vítimas";"Pleno dia";"Crescente";"Céu Claro";"Simples";"Reta";"Não";2;0;0;0;1;1;0;2;-14,900423;-48,964678;"SPRF-GO";"DEL07-GO";"UOP01-DEL07-GO"
327921;2020-12-14;"segunda-feira";"17:05:00";"MG";381;424;"CAETE";"Velocidade Incompatível";"Engavetamento";"Com Vítimas Fatais";"Pleno dia";"Crescente";"Céu Claro";"Dupla";"Reta";"Não";9;1;2;2;4;0;4;6;-19,78221128;-43,66447449;"SPRF-MG";"DEL01-MG";"UOP01-DEL01-MG"
327923;2020-12-14;"segunda-feira";"16:00:00";"SP";116;273,7;"TABOAO DA SERRA";"Defeito Mecânico no Veículo";"Engavetamento";"Sem Vítimas";"Pleno dia";"Crescente";"Nublado";"Dupla";"Reta";"Sim";3;0;0;0;3;0;0;3;-23,62809795;-46,81870306;"SPRF-SP";"DEL04-SP";"UOP01-DEL04-SP"
327927;2020-12-14;"segunda-feira";"14:10:00";"RJ";116;221;"PIRAI";"Falta de Atenção à Condução";"Tombamento";"Com Vítimas Feridas";"Pleno dia";"Decrescente";"Céu Claro";"Simples";"Curva;Declive";"Não";2;0;1;0;0;1;1;2;-22,6931486;-43,78279481;"SPRF-RJ";"DEL07-RJ";"UOP01-DEL07-RJ"
327931;2020-12-11;"sexta-feira";"00:15:00";"RJ";354;2;"RESENDE";"Defeito Mecânico no Veículo";"Derramamento de carga";"Sem Vítimas";"Plena Noite";"Decrescente";"Céu Claro";"Simples";"Curva;Aclive";"Não";2;0;0;0;1;1;0;2;-22,3876;-44,750172;"SPRF-RJ";"DEL07-RJ";"UOP02-DEL07-RJ"
327932;2020-12-14;"segunda-feira";"18:00:00";"RJ";116;178;"NOVA IGUACU";"Falta de Atenção à Condução";"Colisão lateral";"Com Vítimas Feridas";"Anoitecer";"Crescente";"Céu Claro";"Dupla";"Reta";"Não";2;0;1;0;1;0;1;2;-22,77496393;-43,40081465;"SPRF-RJ";"DEL01-RJ";"UOP02-DEL01-RJ"
327937;2020-12-14;"segunda-feira";"18:40:00";"ES";101;297,3;"CARIACICA";"Não guardar distância de segurança";"Colisão traseira";"Com Vítimas Feridas";"Plena Noite";"Crescente";"Nublado";"Dupla";"Reta";"Sim";4;0;1;0;2;1;1;4;-20,34941066;-40,4124481;"SPRF-ES";"DEL01-ES";"UOP01-DEL01-ES"
327944;2020-12-14;"segunda-feira";"19:15:00";"SC";101;48,2;"JOINVILLE";"Avarias e/ou desgaste excessivo no pneu";"Tombamento";"Com Vítimas Feridas";"Plena Noite";"Crescente";"Chuva";"Dupla";"Reta";"Não";3;0;2;0;1;0;2;2;-26,35345909;-48,85867862;"SPRF-SC";"DEL03-SC";"UOP01-DEL03-SC"