"id";"data_inversa";"dia_semana";"horario";"uf";"br";"km";"municipio";"causa_acidente";"tipo_acidente";"classificacao_acidente";"fase_dia";"sentido_via";"condicao_metereologica";"tipo_pista";"tracado_via";"uso_solo";"pessoas";"mortos";"feridos_leves";"feridos_graves";"ilesos";"ignorados";"feridos";"veiculos";"latitude";"longitude";"regional";"delegacia";"uop"
328227;2020-12-16;"quarta-feira";"07:50:00";"PR";153;136,1;"VENTANIA";"Carga excessiva e/ou mal acondicionada";"Tombamento";"Sem Vítimas";"Pleno dia";"Crescente";"Nublado";"Simples";"Curva;Declive";"Não";2;0;0;0;1;3;0;4;-24,04805819;-50,24742694;"SPRF-PR";"DEL07-PR";"UOP04-DEL07-PR"
328233;2020-12-16;"quarta-feira";"10:30:00";"RS";392;27,3;"RIO GRANDE";"Não guardar distância de segurança";"Colisão transversal";"Sem Vítimas";"Pleno dia";"Crescente";"Sol";"Múltipla";"Reta";"Sim";2;0;0;0;2;0;0;2;-32,07415155;-52,26394823;"SPRF-RS";"DEL07-RS";"UOP02-DEL07-RS"
328235;2020-12-16;"quarta-feira";"11:00:00";"MS";163;485;"CAMPO GRANDE";"Não guardar distância de segurança";"Colisão traseira";"Com Vítimas Feridas";"Pleno dia";"Crescente";"Céu Claro";"Simples";"Reta";"Sim";5;0;1;0;3;1;1;3;-20,44233707;-54,54201834;"SPRF-MS";"DEL01-MS";"UOP02-DEL01-MS"
328242;2020-12-16;"quarta-feira";"12:20:00";"BA";116;361;"SERRINHA";"Falta de Atenção à Condução";"Colisão transversal";"Com Vítimas Feridas";"Pleno dia";"Decrescente";"Céu Claro";"Simples";"Reta";"Sim";3;0;2;0;1;0;2;2;-11,68178208;-38,99221112;"SPRF-BA";"DEL02-BA";"UOP01-DEL02-BA"
328243;2020-12-16;"quarta-feira";"11:30:00";"GO";153;433,4;"ANAPOLIS";"Defeito Mecânico no Veículo";"Colisão com objeto estático";"Com Vítimas Feridas";"Pleno dia";"Decrescente";"Céu Claro";"Dupla";"Aclive";"Sim";2;0;1;0;0;2;1;3;-16,270597;-48,975418;"SPRF-GO";"DEL02-GO";"UOP01-DEL02-GO"
328244;2020-12-16;"quarta-feira";"10:00:00";"SC";101;101;"BALNEARIO PICARRAS";"Velocidade Incompatível";"Colisão traseira";"Com Vítimas Feridas";"Pleno dia";"Crescente";"Céu Claro";"Dupla";"Reta;Declive";"Sim";11;0;4;1;5;1;5;7;-26,76596383;-48,68641198;"SPRF-SC";"DEL03-SC";"UOP02-DEL03-SC"
328253;2020-12-09;"quarta-feira";"05:20:00";"PB";101;88,5;"JOAO PESSOA";"Não guardar distância de segurança";"Tombamento";"Com Vítimas Fatais";"Amanhecer";"Decrescente";"Céu Claro";"Dupla";"Reta";"Sim";2;1;0;0;0;1;0;2;-7,16470016;-34,89993643;"SPRF-PB";"DEL01-PB";"UOP02-DEL01-PB"
328257;2020-12-16;"quarta-feira";"12:30:00";"SC";470;87,9;"ASCURRA";"Carga excessiva e/ou mal acondicionada";"Tombamento";"Com Vítimas Feridas";"Pleno dia";"Crescente";"Céu Claro";"Simples";"Rotatória";"Sim";2;0;1;0;0;1;1;2;-26,948483;-49,366833;"SPRF-SC";"DEL04-SC";"UOP01-DEL04-SC"
328258;2020-12-16;"quarta-feira";"10:45:00";"MA";135;7,5;"SAO LUIS";"Falta de Atenção à Condução";"Colisão transversal";"Com Vítimas Feridas";"Pleno dia";"Crescente";"Céu Claro";"Dupla";"Declive";"Sim";2;0;0;1;1;0;1;2;-2,6360883513;-44,2684855191;"SPRF-MA";"DEL01-MA";"UOP01-DEL01-MA"
328260;2020-12-16;"quarta-feira";"12:30:00";"RO";319;59;"PORTO VELHO";"Falta de Atenção à Condução";"Colisão traseira";"Com Vítimas Feridas";"Pleno dia";"Decrescente";"Céu Claro";"Dupla";"Reta";"Sim";2;0;1;0;1;0;1;2;-8,766685;-63,884052;"SPRF-RO";"DEL01-RO";"UOP01-DEL01-RO"
328263;2020-12-16;"quarta-feira";"14:20:00";"PR";369;174;"ROLANDIA";"Falta de Atenção à Condução";"Colisão lateral";"Com Vítimas Feridas";"Pleno dia";"Crescente";"Céu Claro";"Simples";"Interseção de Vias";"Sim";3;0;1;0;1;1;1;3;-23,31545915;-51,37593269;"SPRF-PR";"DEL07-PR";"UOP01-DEL07-PR"
328266;2020-12-16;"quarta-feira";"13:00:00";"RJ";101;252,9;"RIO BONITO";"Falta de Atenção à Condução";"Colisão traseira";"Com Vítimas Feridas";"Pleno dia";"Decrescente";"Céu Claro";"Dupla";"Reta";"Não";3;0;0;2;1;0;2;2;-22,68214756;-42,53377419;"SPRF-RJ";"DEL02-RJ";"UOP03-DEL02-RJ"
328268;2020-12-16;"quarta-feira";"10:00:00";"MS";60;578,3;"GUIA LOPES DA LAGUNA";"Condutor Dormindo";"Colisão frontal";"Com Vítimas Fatais";"Pleno dia";"Decrescente";"Céu Claro";"Simples";"Reta";"Não";2;1;0;0;1;0;0;2;-21,401276;-56,040076;"SPRF-MS";"DEL05-MS";"UOP01-DEL05-MS"
328269;2020-12-16;"quarta-feira";"10:30:00";"MG";381;198,2;"PERIQUITO";"Velocidade Incompatível";"Tombamento";"Com Vítimas Feridas";"Pleno dia";"Crescente";"Céu Claro";"Simples";"Curva";"Não";2;0;0;1;0;1;1;2;-19,16031732;-42,23896076;"SPRF-MG";"DEL06-MG";"UOP01-DEL06-MG"
328275;2020-12-16;"quarta-feira";"14:30:00";"RS";116;134,4;"CAXIAS DO SUL";"Velocidade Incompatível";"Tombamento";"Com Vítimas Feridas";"Pleno dia";"Decrescente";"Céu Claro";"Simples";"Curva";"Não";2;0;1;0;0;2;1;3;-29,06329012;-51,09842716;"SPRF-RS";"DEL05-RS";"UOP01-DEL05-RS"
328276;2020-12-16;"quarta-feira";"13:00:00";"RJ";493;21;"MAGE";"Falta de Atenção à Condução";"Colisão lateral";"Com Vítimas Feridas";"Pleno dia";"Decrescente";"Nublado";"Simples";"Reta";"Sim";3;0;1;0;1;1;1;3;-22,66151289;-43,04480692;"SPRF-RJ";"DEL04-RJ";"UOP02-DEL04-RJ"
328279;2020-12-16;"quarta-feira";"14:30:00";"BA";135;72;"SANTA RITA DE CASSIA";"Falta de Atenção à Condução";"Colisão traseira";"Com Vítimas Feridas";"Pleno dia";"Decrescente";"Céu Claro";"Simples";"Reta";"Não";4;0;2;0;2;0;2;2;-11,33263666;-44,94626279;"SPRF-BA";"DEL10-BA";"UOP01-DEL10-BA"
328280;2020-12-16;"quarta-feira";"11:20:00";"SC";101;49,2;"JOINVILLE";"Falta de Atenção à Condução";"Colisão lateral";"Com Vítimas Feridas";"Pleno dia";"Crescente";"Céu Claro";"Dupla";"Curva";"Não";4;0;1;0;2;1;1;3;-26,36479799;-48,85878798;"SPRF-SC";"DEL03-SC";"UOP01-DEL03-SC"
328282;2020-12-16;"quarta-feira";"15:00:00";"SC";280;27;"ARAQUARI";"Não guardar distância de segurança";"Colisão traseira";"Sem Vítimas";"Pleno dia";"Crescente";"Nublado";"Simples";"Reta";"Não";3;0;0;0;3;0;0;2;-26,39685622;-48,74021969;"SPRF-SC";"DEL03-SC";"UOP03-DEL03-SC"
328286;2020-12-16;"quarta-feira";"14:50:00";"SC";101;324,7;"CAPIVARI DE BAIXO";"Velocidade Incompatível";"Engavetamento";"Sem Vítimas";"Pleno dia";"Crescente";"Sol";"Múltipla";"Viaduto;Curva";"Sim";3;0;0;0;3;0;0;3;-28,42537306;-48,94349098;"SPRF-SC";"DEL02-SC";"UOP01-DEL02-SC"
328287;2020-12-16;"quarta-feira";"15:50:00";"SC";101;204;"SAO JOSE";"Falta de Atenção à Condução";"Colisão lateral";"Sem Vítimas";"Pleno dia";"Crescente";"Céu Claro";"Dupla";"Reta";"Sim";3;0;0;0;2;1;0;3;-27,57413014;-48,61363083;"SPRF-SC";"DEL01-SC";"UOP01-DEL01-SC"
328289;2020-12-16;"quarta-feira";"14:26:00";"MG";40;487,2;"ESMERALDAS";"Velocidade Incompatível";"Colisão com objeto estático";"Com Vítimas Feridas";"Pleno dia";"Decrescente";"Céu Claro";"Múltipla";"Reta";"Não";2;0;1;0;0;1;1;2;-19,60037586;-44,22223222;"SPRF-MG";"DEL02-MG";"UOP01-DEL02-MG"
328293;2020-12-16;"quarta-feira";"12:09:00";"MA";316;309,6;"OLHO DAGUA DAS CUNHAS";"Falta de Atenção do Pedestre";"Atropelamento de Pedestre";"Com Vítimas Feridas";"Pleno dia";"Decrescente";"Céu Claro";"Simples";"Reta";"Não";2;0;1;0;0;1;1;2;-3,979661;-45,128357;"SPRF-MA";"DEL02-MA";"UOP01-DEL02-MA"
328296;2020-12-16;"quarta-feira";"06:20:00";"MA";226;379;"GRAJAU";"Agressão Externa";"Colisão com objeto estático";"Com Vítimas Feridas";"Pleno dia";"Crescente";"Céu Claro";"Simples";"Reta";"Não";1;0;1;0;0;0;1;1;-5,654033;-45,832137;"SPRF-MA";"DEL04-MA";"UOP02-DEL04-MA"
328299;2020-12-16;"quarta-feira";"16:30:00";"MG";381;490;"BETIM";"Falta de Atenção à Condução";"Colisão lateral";"Com Vítimas Feridas";"Pleno dia";"Crescente";"Céu Claro";"Dupla";"Reta";"Não";3;0;1;0;1;1;1;3;-19,96502819;-44,17422195;"SPRF-MG";"DEL01-MG";"UOP03-DEL01-MG"
328306;2020-03-09;"segunda-feira";"14:34:00";"MT";364;331;"SANTO ANTONIO DO LEVERGER";"Velocidade Incompatível";"Saída de leito carroçável";"Com Vítimas Feridas";"Pleno dia";"Crescente";"Chuva";"Dupla";"Curva";"Não";2;0;1;0;0;1;1;2;-15,822813;-55,419647;"SPRF-MT";"DEL05-MT";"UOP02-DEL05-MT"
328308;2020-12-16;"quarta-feira";"13:35:00";"BA";116;933;"ENCRUZILHADA";"Falta de Atenção à Condução";"Saída de leito carroçável";"Sem Vítimas";"Pleno dia";"Decrescente";"Céu Claro";"Simples";"Aclive";"Não";2;0;0;0;1;1;0;2;-15,60892048;-41,28514927;"SPRF-BA";"DEL08-BA";"UOP03-DEL08-BA"
328309;2020-12-16;"quarta-feira";"17:10:00";"RS";101;86;"OSORIO";"Velocidade Incompatível";"Colisão com objeto estático";"Sem Vítimas";"Pleno dia";"Decrescente";"Nublado";"Dupla";"Reta";"Sim";4;0;0;0;3;1;0;3;-29,878459;-50,260088;"SPRF-RS";"DEL03-RS";"UOP01-DEL03-RS"
328313;2020-12-16;"quarta-feira";"16:52:00";"MG";381;728,5;"CARMO DA CACHOEIRA";"Velocidade Incompatível";"Saída de leito carroçável";"Com Vítimas Feridas";"Pleno dia";"Crescente";"Sol";"Dupla";"Curva";"Não";1;0;1;0;0;0;1;1;-21,52361199;-45,22481701;"SPRF-MG";"DEL04-MG";"UOP02-DEL04-MG"
328314;2020-12-16;"quarta-feira";"17:11:00";"PR";369;176;"ROLANDIA";"Falta de Atenção à Condução";"Colisão lateral";"Com Vítimas Feridas";"Pleno dia";"Decrescente";"Chuva";"Simples";"Retorno Regulamentado";"Não";4;0;0;2;1;1;2;3;-23,348328;-51,385868;"SPRF-PR";"DEL07-PR";"UOP01-DEL07-PR"
328315;2020-12-16;"quarta-feira";"17:40:00";"BA";116;678;"JEQUIE";"Falta de Atenção à Condução";"Colisão traseira";"Com Vítimas Feridas";"Pleno dia";"Decrescente";"Céu Claro";"Simples";"Declive";"Não";5;0;1;0;4;0;1;2;-13,84119991;-40,10941016;"SPRF-BA";"DEL03-BA";"UOP01-DEL03-BA"
328317;2020-12-16;"quarta-feira";"17:45:00";"MG";40;29;"PARACATU";"Falta de Atenção à Condução";"Colisão frontal";"Com Vítimas Feridas";"Anoitecer";"Decrescente";"Céu Claro";"Simples";"Reta";"Não";4;0;1;0;2;1;1;4;-17,14892389;-46,94276491;"SPRF-MG";"DEL14-MG";"UOP01-DEL14-MG"
328319;2020-12-16;"quarta-feira";"13:30:00";"MT";364;603,5;"DIAMANTINO";"Falta de Atenção à Condução";"Saída de leito carroçável";"Com Vítimas Feridas";"Pleno dia";"Decrescente";"Céu Claro";"Simples";"Curva";"Não";2;0;1;0;0;1;1;2;-14,43734008;-56,30321503;"SPRF-MT";"DEL01-MT";"UOP01-DEL01-MT"
328324;2020-12-16;"quarta-feira";"17:15:00";"SP";116;19,8;"LAVRINHAS";"Falta de Atenção à Condução";"Saída de leito carroçável";"Sem Vítimas";"Pleno dia";"Decrescente";"Céu Claro";"Dupla";"Curva";"Não";1;0;0;0;1;0;0;1;-22,56334703;-44,86497596;"SPRF-SP";"DEL08-SP";"UOP02-DEL08-SP"
328327;2020-12-16;"quarta-feira";"17:10:00";"MG";381;858,4;"POUSO ALEGRE";"Defeito Mecânico no Veículo";"Saída de leito carroçável";"Com Vítimas Feridas";"Pleno dia";"Decrescente";"Céu Claro";"Dupla";"Reta";"Não";1;0;1;0;0;0;1;1;-22,34205201;-45,92609997;"SPRF-MG";"DEL16-MG";"UOP01-DEL16-MG"
328331;2020-12-16;"quarta-feira";"15:50:00";"SC";282;281,3;"SAO JOSE DO CERRITO";"Falta de Atenção à Condução";"Colisão traseira";"Com Vítimas Feridas";"Pleno dia";"Crescente";"Céu Claro";"Simples";"Reta";"Não";5;0;3;0;2;0;3;3;-27,580057;-50,76429;"SPRF-SC";"DEL05-SC";"UOP02-DEL05-SC"
328340;2020-12-16;"quarta-feira";"19:10:00";"AL";101;201,1;"SAO SEBASTIAO";"Falta de Atenção do Pedestre";"Atropelamento de Pedestre";"Com Vítimas Fatais";"Plena Noite";"Crescente";"Céu Claro";"Dupla";"Declive;Reta";"Não";2;1;0;0;0;1;0;2;-9,95081664;-36,54113619;"SPRF-AL";"DEL02-AL";"UOP02-DEL02-AL"
328349;2020-12-16;"quarta-feira";"07:00:00";"SC";282;495,5;"XANXERE";"Não guardar distância de segurança";"Colisão traseira";"Sem Vítimas";"Pleno dia";"Crescente";"Sol";"Simples";"Reta";"Não";3;0;0;0;2;1;0;3;-26,875349;-52,327076;"SPRF-SC";"DEL07-SC";"UOP01-DEL07-SC"
328353;2020-12-16;"quarta-feira";"20:00:00";"RJ";40;123;"DUQUE DE CAXIAS";"Desobediência às normas de trânsito pelo condutor";"Colisão lateral";"Com Vítimas Feridas";"Plena Noite";"Crescente";"Céu Claro";"Múltipla";"Reta";"Sim";5;0;2;0;3;0;2;2;-22,79907687;-43,29015739;"SPRF-RJ";"DEL01-RJ";"UOP01-DEL01-RJ"
328355;2020-12-16;"quarta-feira";"19:30:00";"MG";267;241,3;"SERITINGA";"Velocidade Incompatível";"Tombamento";"Com Vítimas Fatais";"Plena Noite";"Decrescente";"Nublado";"Simples";"Curva";"Não";1;1;0;0;0;0;0;1;-21,919675;-44,413049;"SPRF-MG";"DEL17-MG";"UOP01-DEL17-MG"
328365;2020-12-16;"quarta-feira";"14:47:00";"BA";116;642;"JAGUAQUARA";"Defeito Mecânico no Veículo";"Saída de leito carroçável";"Sem Vítimas";"Pleno dia";"Crescente";"Céu Claro";"Simples";"Declive;Curva";"Não";1;0;0;0;1;0;0;1;-13,597593;-40,085552;"SPRF-BA";"DEL03-BA";"UOP01-DEL03-BA"
328373;2020-12-16;"quarta-feira";"21:00:00";"PE";101;44,1;"IGARASSU";"Restrição de Visibilidade";"Colisão lateral";"Com Vítimas Feridas";"Plena Noite";"Decrescente";"Céu Claro";"Múltipla";"Declive;Reta";"Sim";4;0;1;0;1;3;1;5;-7,85637001;-34,90842109;"SPRF-PE";"DEL01-PE";"UOP02-DEL01-PE"
328375;2020-12-16;"quarta-feira";"17:15:00";"PR";158;506,2;"CORONEL VIVIDA";"Velocidade Incompatível";"Colisão frontal";"Com Vítimas Feridas";"Pleno dia";"Crescente";"Garoa/Chuvisco";"Simples";"Curva";"Não";2;0;1;0;1;0;1;2;-26,01525192;-52,57019203;"SPRF-PR";"DEL02-PR";"UOP01-DEL02-PR"
328381;2020-12-16;"quarta-feira";"22:15:00";"MG";381;601;"CARMOPOLIS DE MINAS";"Velocidade Incompatível";"Colisão traseira";"Com Vítimas Feridas";"Plena Noite";"Crescente";"Céu Claro";"Dupla";"Curva";"Não";4;0;3;0;0;2;3;4;-20,63243704;-44,73521221;"SPRF-MG";"DEL04-MG";"UOP01-DEL04-MG"
328384;2020-12-16;"quarta-feira";"23:18:00";"GO";50;307,5;"CUMARI";"Falta de Atenção à Condução";"Tombamento";"Com Vítimas Feridas";"Plena Noite";"Crescente";"Céu Claro";"Dupla";"Reta";"Não";2;0;1;0;0;2;1;3;-18,3769;-48,0609;"SPRF-GO";"DEL06-GO";"UOP01-DEL06-GO"
328385;2020-12-16;"quarta-feira";"19:05:00";"BA";116;649;"JAGUAQUARA";"Defeito Mecânico no Veículo";"Incêndio";"Sem Vítimas";"Plena Noite";"Crescente";"Céu Claro";"Simples";"Aclive";"Não";2;0;0;0;1;1;0;2;-13,658991;-40,094674;"SPRF-BA";"DEL03-BA";"UOP01-DEL03-BA"
328388;2020-12-16;"quarta-feira";"19:30:00";"SP";116;72,8;"APARECIDA";"Avarias e/ou desgaste excessivo no pneu";"Colisão lateral";"Com Vítimas Feridas";"Plena Noite";"Crescente";"Nublado";"Dupla";"Curva;Declive";"Não";3;0;0;2;1;0;2;2;-22,86354218;-45,23746093;"SPRF-SP";"DEL08-SP";"UOP01-DEL08-SP"
328391;2020-12-17;"quinta-feira";"02:00:00";"GO";153;626;"MORRINHOS";"Condutor Dormindo";"Saída de leito carroçável";"Com Vítimas Feridas";"Plena Noite";"Decrescente";"Céu Claro";"Dupla";"Reta";"Não";2;0;1;0;0;1;1;2;-17,7719;-49,1732;"SPRF-GO";"DEL03-GO";"UOP01-DEL03-GO"
328396;2020-12-17;"quinta-feira";"04:30:00";"PR";376;176;"PONTA GROSSA";"Falta de Atenção à Condução";"Colisão lateral";"Com Vítimas Feridas";"Amanhecer";"Decrescente";"Chuva";"Dupla";"Reta";"Sim";3;0;0;1;1;1;1;3;-25,058766;-50,221972;"SPRF-PR";"DEL09-PR";"UOP01-DEL09-PR"
328397;2020-12-17;"quinta-feira";"03:30:00";"RJ";493;7;"ITABORAI";"Agressão Externa";"Saída de leito carroçável";"Com Vítimas Fatais";"Plena Noite";"Decrescente";"Céu Claro";"Simples";"Reta";"Não";1;1;0;0;0;0;0;1;-22,72223999;-42,95160296;"SPRF-RJ";"DEL02-RJ";"UOP02-DEL02-RJ"
328398;2020-12-17;"quinta-feira";"02:35:00";"MG";381;740,5;"TRES CORACOES";"Condutor Dormindo";"Saída de leito carroçável";"Com Vítimas Feridas";"Plena Noite";"Decrescente";"Céu Claro";"Dupla";"Reta";"Não";1;0;1;0;0;0;1;1;-21,6193566;-45,24913194;"SPRF-MG";"DEL16-MG";"UOP02-DEL16-MG"
328404;2020-12-16;"quarta-feira";"17:02:00";"CE";116;537;"PENAFORTE";"Ingestão de Álcool";"Colisão traseira";"Com Vítimas Feridas";"Anoitecer";"Crescente";"Céu Claro";"Simples";"Interseção de Vias";"Sim";3;0;1;0;2;0;1;3;-7,73858188;-39,05131417;"SPRF-CE";"DEL05-CE";"UOP03-DEL05-CE"
328411;2020-12-17;"quinta-feira";"06:45:00";"BA";116;606;"IRAJUBA";"Ultrapassagem Indevida";"Colisão lateral";"Com Vítimas Feridas";"Pleno dia";"Decrescente";"Céu Claro";"Simples";"Declive";"Não";5;0;2;0;2;1;2;3;-13,25016089;-40,01424881;"SPRF-BA";"DEL03-BA";"UOP01-DEL03-BA"
328412;2020-12-17;"quinta-feira";"07:40:00";"GO";153;491,4;"GOIANIA";"Ingestão de Álcool";"Colisão lateral";"Sem Vítimas";"Pleno dia";"Decrescente";"Céu Claro";"Múltipla";"Reta;Aclive";"Sim";3;0;0;0;1;4;0;5;-16,639;-49,2063;"SPRF-GO";"DEL01-GO";"UOP01-DEL01-GO"
328417;2020-12-17;"quinta-feira";"02:50:00";"RJ";116;60;"TERESOPOLIS";"Defeito Mecânico no Veículo";"Tombamento";"Sem Vítimas";"Plena Noite";"Crescente";"Céu Claro";"Simples";"Reta";"Sim";2;0;0;0;1;1;0;2;-22,23635681;-42,91108325;"SPRF-RJ";"DEL04-RJ";"UOP01-DEL04-RJ"
328419;2020-12-17;"quinta-feira";"08:05:00";"SP";116;435;"REGISTRO";"Falta de Atenção à Condução";"Colisão traseira";"Com Vítimas Feridas";"Pleno dia";"Crescente";"Nublado";"Dupla";"Reta";"Não";2;0;0;2;0;0;2;2;-24,42978592;-47,78559107;"SPRF-SP";"DEL05-SP";"UOP01-DEL05-SP"
328422;2020-12-17;"quinta-feira";"07:00:00";"MS";158;19,1;"CASSILANDIA";"Falta de Atenção à Condução";"Colisão traseira";"Com Vítimas Feridas";"Pleno dia";"Crescente";"Céu Claro";"Simples";"Reta";"Não";4;0;1;1;1;2;2;4;-19,181788;-51,595635;"SPRF-MS";"DEL08-MS";"UOP01-DEL08-MS"
328431;2020-12-17;"quinta-feira";"05:30:00";"MT";70;618,4;"POCONE";"Falta de Atenção à Condução";"Colisão lateral";"Com Vítimas Feridas";"Amanhecer";"Decrescente";"Céu Claro";"Simples";"Curva";"Não";3;0;1;0;2;0;1;2;-15,936376;-56,930175;"SPRF-MT";"DEL03-MT";"UOP02-DEL03-MT"
328432;2020-12-16;"quarta-feira";"23:45:00";"SC";470;150,4;"AGRONOMICA";"Objeto estático sobre o leito carroçável";"Colisão com objeto estático";"Sem Vítimas";"Plena Noite";"Crescente";"Chuva";"Simples";"Reta";"Sim";2;0;0;0;2;0;0;2;-27,256508;-49,710876;"SPRF-SC";"DEL04-SC";"UOP02-DEL04-SC"
328436;2020-12-17;"quinta-feira";"09:45:00";"SC";470;59,9;"BLUMENAU";"Falta de Atenção à Condução";"Colisão traseira";"Com Vítimas Feridas";"Pleno dia";"Decrescente";"Nublado";"Simples";"Reta";"Não";2;0;1;0;1;0;1;2;-26,882812;-49,1548;"SPRF-SC";"DEL04-SC";"UOP01-DEL04-SC"
328438;2020-12-17;"quinta-feira";"09:40:00";"MG";381;722,3;"CARMO DA CACHOEIRA";"Velocidade Incompatível";"Tombamento";"Com Vítimas Feridas";"Pleno dia";"Decrescente";"Céu Claro";"Dupla";"Declive;Curva";"Não";2;0;1;0;0;1;1;2;-21,44205503;-45,20862579;"SPRF-MG";"DEL04-MG";"UOP02-DEL04-MG"
328440;2020-12-17;"quinta-feira";"08:40:00";"TO";153;389,5;"RIO DOS BOIS";"Falta de Atenção à Condução";"Engavetamento";"Com Vítimas Feridas";"Pleno dia";"Decrescente";"Céu Claro";"Simples";"Reta;Aclive";"Não";5;0;0;1;3;4;1;8;-9,32090992;-48,54216382;"SPRF-TO";"DEL02-TO";"UOP02-DEL02-TO"
328444;2020-12-17;"quinta-feira";"08:35:00";"PR";376;667;"GUARATUBA";"Carga excessiva e/ou mal acondicionada";"Derramamento de carga";"Sem Vítimas";"Pleno dia";"Crescente";"Nublado";"Múltipla";"Declive;Curva";"Não";2;0;0;0;1;2;0;3;-25,86649659;-48,94666822;"SPRF-PR";"DEL01-PR";"UOP04-DEL01-PR"
328449;2020-12-17;"quinta-feira";"09:00:00";"RJ";101;227,8;"SILVA JARDIM";"Sinalização da via insuficiente ou inadequada";"Engavetamento";"Com Vítimas Feridas";"Pleno dia";"Crescente";"Céu Claro";"Dupla";"Curva";"Não";11;0;1;0;9;1;1;11;-22,55519463;-42,35508949;"SPRF-RJ";"DEL02-RJ";"UOP03-DEL02-RJ"
328453;2020-12-17;"quinta-feira";"10:55:00";"PR";476;245,5;"LAPA";"Defeito Mecânico no Veículo";"Saída de leito carroçável";"Com Vítimas Feridas";"Pleno dia";"Crescente";"Nublado";"Simples";"Curva";"Não";1;0;1;0;0;0;1;1;-25,862598;-50,114258;"SPRF-PR";"DEL02-PR";"UOP04-DEL02-PR"
328455;2020-12-17;"quinta-feira";"08:19:00";"MT";70;519;"VARZEA GRANDE";"Falta de Atenção à Condução";"Colisão traseira";"Com Vítimas Feridas";"Pleno dia";"Crescente";"Céu Claro";"Simples";"Reta";"Sim";3;0;1;0;1;4;1;6;-15,68807961;-56,17026329;"SPRF-MT";"DEL01-MT";"UOP02-DEL01-MT"
328460;2020-12-17;"quinta-feira";"11:10:00";"MG";40;700;"BARBACENA";"Falta de Atenção à Condução";"Colisão lateral";"Com Vítimas Feridas";"Pleno dia";"Decrescente";"Céu Claro";"Dupla";"Reta";"Sim";5;0;2;0;2;1;2;4;-21,17760699;-43,75627477;"SPRF-MG";"DEL05-MG";"UOP02-DEL05-MG"
328466;2020-12-17;"quinta-feira";"13:00:00";"SC";101;210;"SAO JOSE";"Defeito Mecânico no Veículo";"Colisão traseira";"Com Vítimas Feridas";"Pleno dia";"Decrescente";"Chuva";"Múltipla";"Reta";"Sim";4;0;1;0;2;1;1;4;-27,6167305;-48,6457265;"SPRF-SC";"DEL01-SC";"UOP01-DEL01-SC"
328472;2020-12-17;"quinta-feira";"12:30:00";"MG";365;121;"VARZEA DA PALMA";"Defeito Mecânico no Veículo";"Incêndio";"Sem Vítimas";"Pleno dia";"Crescente";"Sol";"Simples";"Reta";"Não";3;0;0;0;2;1;0;2;-17,15004485;-44,69887784;"SPRF-MG";"DEL12-MG";"UOP01-DEL12-MG"
328473;2020-12-17;"quinta-feira";"12:10:00";"ES";262;100,2;"VENDA NOVA DO IMIGRANTE";"Defeito Mecânico no Veículo";"Queda de ocupante de veículo";"Com Vítimas Feridas";"Pleno dia";"Crescente";"Céu Claro";"Simples";"Curva";"Não";1;0;0;1;0;0;1;1;-20,34889991;-41,102073;"SPRF-ES";"DEL01-ES";"UOP02-DEL01-ES"
328479;2020-12-17;"quinta-feira";"12:30:00";"RJ";40;46;"PETROPOLIS";"Defeito Mecânico no Veículo";"Colisão com objeto estático";"Com Vítimas Fatais";"Pleno dia";"Crescente";"Nublado";"Dupla";"Reta";"Não";7;1;0;0;1;5;0;6;-22,28561813;-43,12096273;"SPRF-RJ";"DEL05-RJ";"UOP02-DEL05-RJ"
328480;2020-12-17;"quinta-feira";"13:50:00";"MG";381;886,6;"ESTIVA";"Velocidade Incompatível";"Colisão traseira";"Com Vítimas Feridas";"Pleno dia";"Crescente";"Sol";"Dupla";"Curva";"Não";3;0;1;0;1;2;1;4;-22,51273536;-46,02052689;"SPRF-MG";"DEL16-MG";"UOP03-DEL16-MG"
328482;2020-12-17;"quinta-feira";"13:21:00";"PR";376;622;"SAO JOSE DOS PINHAIS";"Velocidade Incompatível";"Colisão lateral";"Sem Vítimas";"Pleno dia";"Crescente";"Céu Claro";"Dupla";"Reta";"Não";5;0;0;0;5;0;0;4;-25,629188;-49,164267;"SPRF-PR";"DEL01-PR";"UOP04-DEL01-PR"
328485;2020-12-17;"quinta-feira";"14:05:00";"SP";153;227,3;"MARILIA";"Ingestão de Álcool";"Colisão traseira";"Sem Vítimas";"Pleno dia";"Crescente";"Céu Claro";"Simples";"Reta";"Não";3;0;0;0;2;1;0;3;-22,05871399;-49,90221969;"SPRF-SP";"DEL07-SP";"UOP02-DEL07-SP"
328487;2020-12-17;"quinta-feira";"14:30:00";"PE";232;187,1;"SANHARO";"Desobediência às normas de trânsito pelo condutor";"Engavetamento";"Sem Vítimas";"Pleno dia";"Crescente";"Céu Claro";"Simples";"Reta";"Não";5;0;0;0;4;2;0;6;-8,35374275;-36,49159602;"SPRF-PE";"DEL02-PE";"UOP03-DEL02-PE"
328488;2020-12-17;"quinta-feira";"10:00:00";"MG";365;455,8;"PATROCINIO";"Não guardar distância de segurança";"Colisão traseira";"Com Vítimas Feridas";"Pleno dia";"Crescente";"Céu Claro";"Simples";"Reta;Aclive";"Não";2;0;1;0;0;1;1;2;-18,84926373;-46,87168319;"SPRF-MG";"DEL10-MG";"UOP01-DEL10-MG"