"id";"data_inversa";"dia_semana";"horario";"uf";"br";"km";"municipio";"causa_acidente";"tipo_acidente";"classificacao_acidente";"fase_dia";"sentido_via";"condicao_metereologica";"tipo_pista";"tracado_via";"uso_solo";"pessoas";"mortos";"feridos_leves";"feridos_graves";"ilesos";"ignorados";"feridos";"veiculos";"latitude";"longitude";"regional";"delegacia";"uop"
328490;2020-12-17;"quinta-feira";"14:00:00";"BA";101;930,5;"NOVA VICOSA";"Falta de Atenção à Condução";"Saída de leito carroçável";"Com Vítimas Feridas";"Pleno dia";"Crescente";"Céu Claro";"Simples";"Reta";"Não";3;0;0;1;1;1;1;3;-17,95579851;-39,86134619;"SPRF-BA";"DEL09-BA";"UOP02-DEL09-BA"
328492;2020-12-17;"quinta-feira";"13:45:00";"SP";116;548,7;"BARRA DO TURVO";"Velocidade Incompatível";"Colisão com objeto estático";"Com Vítimas Fatais";"Pleno dia";"Crescente";"Chuva";"Dupla";"Curva";"Não";2;1;0;0;0;1;0;2;-24,95493495;-48,45142365;"SPRF-SP";"DEL05-SP";"UOP02-DEL05-SP"
328493;2020-12-17;"quinta-feira";"12:00:00";"CE";116;96,1;"BEBERIBE";"Não guardar distância de segurança";"Tombamento";"Sem Vítimas";"Pleno dia";"Crescente";"Céu Claro";"Simples";"Reta";"Não";2;0;0;0;1;1;0;2;-4,51050278;-38,35147913;"SPRF-CE";"DEL03-CE";"UOP02-DEL03-CE"
328512;2020-12-17;"quinta-feira";"17:00:00";"RS";116;262;"CANOAS";"Desobediência às normas de trânsito pelo condutor";"Colisão lateral";"Sem Vítimas";"Pleno dia";"Decrescente";"Céu Claro";"Múltipla";"Reta";"Sim";2;0;0;0;2;0;0;2;-29,896475;-51,17593;"SPRF-RS";"DEL01-RS";"UOP01-DEL01-RS"
328516;2020-12-17;"quinta-feira";"16:40:00";"RS";386;30,6;"FREDERICO WESTPHALEN";"Ingestão de Álcool";"Colisão transversal";"Com Vítimas Feridas";"Pleno dia";"Decrescente";"Céu Claro";"Simples";"Curva";"Sim";3;0;1;0;1;1;1;3;-27,33297341;-53,38092685;"SPRF-RS";"DEL08-RS";"UOP02-DEL08-RS"
328525;2020-12-17;"quinta-feira";"18:15:00";"SC";101;222,5;"PALHOCA";"Desobediência às normas de trânsito pelo condutor";"Colisão lateral";"Com Vítimas Feridas";"Anoitecer";"Decrescente";"Garoa/Chuvisco";"Dupla";"Reta";"Sim";5;0;2;0;2;1;2;4;-27,71886488;-48,64681721;"SPRF-SC";"DEL01-SC";"UOP02-DEL01-SC"
328527;2020-12-17;"quinta-feira";"18:00:00";"ES";262;107,8;"VENDA NOVA DO IMIGRANTE";"Desobediência às normas de trânsito pelo condutor";"Colisão lateral";"Com Vítimas Feridas";"Anoitecer";"Decrescente";"Nublado";"Simples";"Reta";"Sim";2;0;0;1;1;0;1;2;-20,32991844;-41,15343646;"SPRF-ES";"DEL01-ES";"UOP02-DEL01-ES"
328531;2020-12-17;"quinta-feira";"17:40:00";"PR";476;132;"CURITIBA";"Falta de Atenção à Condução";"Colisão traseira";"Com Vítimas Feridas";"Pleno dia";"Crescente";"Nevoeiro/Neblina";"Dupla";"Reta";"Sim";3;0;1;0;2;0;1;3;-25,460718;-49,250488;"SPRF-PR";"DEL01-PR";"UOP03-DEL01-PR"
328533;2020-12-17;"quinta-feira";"17:35:00";"MT";174;585;"COMODORO";"Ultrapassagem Indevida";"Capotamento";"Com Vítimas Feridas";"Pleno dia";"Decrescente";"Céu Claro";"Simples";"Declive";"Não";3;0;0;1;1;2;1;4;-12,85960509;-60,06622829;"SPRF-RO";"DEL04-RO";"UOP01-DEL04-RO"
328539;2020-12-17;"quinta-feira";"17:20:00";"MG";262;470,6;"BOM DESPACHO";"Falta de Atenção à Condução";"Colisão frontal";"Com Vítimas Feridas";"Pleno dia";"Crescente";"Chuva";"Simples";"Reta";"Não";3;0;0;2;0;1;2;3;-19,7905492;-45,1584721;"SPRF-MG";"DEL08-MG";"UOP03-DEL08-MG"
328547;2020-12-17;"quinta-feira";"21:50:00";"DF";60;18;"BRASILIA";"Falta de Atenção à Condução";"Colisão traseira";"Com Vítimas Feridas";"Plena Noite";"Decrescente";"Céu Claro";"Dupla";"Reta";"Não";3;0;1;0;1;1;1;3;-15,967793;-48,183559;"SPRF-DF";"DEL03-DF";"UOP01-DEL03-DF"
328552;2020-12-17;"quinta-feira";"20:05:00";"MG";262;497,7;"MOEMA";"Ultrapassagem Indevida";"Colisão com objeto estático";"Com Vítimas Fatais";"Plena Noite";"Decrescente";"Nublado";"Simples";"Curva";"Não";2;1;0;1;0;0;1;2;-19,78293816;-45,44872284;"SPRF-MG";"DEL08-MG";"UOP03-DEL08-MG"
328556;2020-12-17;"quinta-feira";"18:30:00";"MA";135;28;"BACABEIRA";"Defeito Mecânico no Veículo";"Colisão frontal";"Sem Vítimas";"Plena Noite";"Crescente";"Céu Claro";"Simples";"Reta";"Não";4;0;0;0;2;2;0;3;-2,786069;-44,37413;"SPRF-MA";"DEL01-MA";"UOP01-DEL01-MA"
328558;2020-12-17;"quinta-feira";"21:10:00";"ES";101;222;"IBIRACU";"Velocidade Incompatível";"Tombamento";"Com Vítimas Feridas";"Plena Noite";"Crescente";"Céu Claro";"Simples";"Curva";"Não";1;0;1;0;0;0;1;1;-19,87056623;-40,41137002;"SPRF-ES";"DEL02-ES";"UOP01-DEL02-ES"
328559;2020-12-17;"quinta-feira";"21:00:00";"PI";316;44,5;"LAGOA DO PIAUI";"Desobediência às normas de trânsito pelo condutor";"Colisão frontal";"Com Vítimas Fatais";"Plena Noite";"Crescente";"Nublado";"Simples";"Reta";"Não";2;1;0;0;1;0;0;2;-5,43754797;-42,63447174;"SPRF-PI";"DEL01-PI";"UOP02-DEL01-PI"
328563;2020-12-17;"quinta-feira";"12:06:00";"MA";135;89;"ITAPECURU MIRIM";"Não guardar distância de segurança";"Colisão traseira";"Sem Vítimas";"Pleno dia";"Decrescente";"Céu Claro";"Simples";"Curva";"Não";2;0;0;0;2;0;0;2;-3,28431704;-44,41158095;"SPRF-MA";"DEL01-MA";"UOP02-DEL01-MA"
328564;2020-12-17;"quinta-feira";"20:00:00";"MT";364;350;"SANTO ANTONIO DO LEVERGER";"Falta de Atenção à Condução";"Colisão traseira";"Com Vítimas Feridas";"Plena Noite";"Decrescente";"Céu Claro";"Dupla";"Reta";"Não";5;0;1;0;3;2;1;4;-15,80518241;-55,55686807;"SPRF-MT";"DEL05-MT";"UOP02-DEL05-MT"
328565;2020-12-17;"quinta-feira";"22:28:00";"SC";280;50;"GUARAMIRIM";"Velocidade Incompatível";"Colisão traseira";"Com Vítimas Feridas";"Plena Noite";"Decrescente";"Céu Claro";"Simples";"Em Obras;Desvio Temporário;Curva";"Sim";4;0;1;0;1;2;1;4;-26,462438;-48,947507;"SPRF-SC";"DEL03-SC";"UOP03-DEL03-SC"
328566;2020-12-10;"quinta-feira";"08:50:00";"MT";364;93;"ALTO GARCAS";"Falta de Atenção à Condução";"Colisão lateral";"Com Vítimas Feridas";"Pleno dia";"Crescente";"Nublado";"Simples";"Reta";"Não";3;0;1;0;1;1;1;3;-16,86020624;-53,74315103;"SPRF-MT";"DEL02-MT";"UOP02-DEL02-MT"
328568;2020-12-17;"quinta-feira";"21:45:00";"PR";116;209,3;"RIO NEGRO";"Falta de Atenção à Condução";"Colisão traseira";"Com Vítimas Feridas";"Plena Noite";"Crescente";"Chuva";"Simples";"Interseção de Vias";"Sim";3;0;1;0;2;0;1;2;-26,08607016;-49,77941751;"SPRF-SC";"DEL06-SC";"UOP01-DEL06-SC"
328577;2020-12-18;"sexta-feira";"02:00:00";"SP";116;314,9;"SAO LOURENCO DA SERRA";"Falta de Atenção à Condução";"Saída de leito carroçável";"Sem Vítimas";"Plena Noite";"Crescente";"Céu Claro";"Dupla";"Reta";"Não";2;0;0;0;1;1;0;2;-23,89562822;-46,98556063;"SPRF-SP";"DEL04-SP";"UOP01-DEL04-SP"
328578;2020-12-18;"sexta-feira";"01:30:00";"RJ";116;278;"BARRA MANSA";"Condutor Dormindo";"Colisão traseira";"Com Vítimas Feridas";"Plena Noite";"Decrescente";"Nublado";"Dupla";"Reta";"Não";2;0;1;0;1;0;1;2;-22,55271018;-44,17778004;"SPRF-RJ";"DEL07-RJ";"UOP02-DEL07-RJ"
328581;2020-12-17;"quinta-feira";"22:15:00";"MA";135;156;"MATOES DO NORTE";"Falta de Atenção à Condução";"Colisão lateral";"Com Vítimas Feridas";"Plena Noite";"Decrescente";"Nublado";"Simples";"Reta";"Não";3;0;0;1;1;2;1;4;-3,81361914;-44,51476862;"SPRF-MA";"DEL01-MA";"UOP02-DEL01-MA"
328584;2020-12-18;"sexta-feira";"03:10:00";"CE";116;70;"CHOROZINHO";"Falta de Atenção à Condução";"Colisão transversal";"Sem Vítimas";"Plena Noite";"Crescente";"Nublado";"Simples";"Reta";"Sim";2;0;0;0;2;0;0;2;-4,32740107;-38,48526908;"SPRF-CE";"DEL03-CE";"UOP02-DEL03-CE"
328585;2020-12-17;"quinta-feira";"20:30:00";"SC";280;5,4;"SAO FRANCISCO DO SUL";"Falta de Atenção à Condução";"Colisão frontal";"Com Vítimas Feridas";"Plena Noite";"Crescente";"Nublado";"Simples";"Interseção de Vias";"Sim";7;0;0;4;2;1;4;4;-26,26257303;-48,62908244;"SPRF-SC";"DEL03-SC";"UOP03-DEL03-SC"
328586;2020-12-18;"sexta-feira";"03:25:00";"RS";290;67;"GRAVATAI";"Falta de Atenção à Condução";"Saída de leito carroçável";"Com Vítimas Feridas";"Plena Noite";"Crescente";"Nublado";"Dupla";"Reta";"Não";2;0;1;0;0;1;1;2;-29,94256;-50,925896;"SPRF-RS";"DEL03-RS";"UOP01-DEL03-RS"
328587;2020-12-18;"sexta-feira";"05:05:00";"MG";153;190,2;"FRUTAL";"Desobediência às normas de trânsito pelo condutor";"Colisão frontal";"Com Vítimas Fatais";"Amanhecer";"Crescente";"Nublado";"Simples";"Reta";"Não";4;2;0;1;0;3;1;6;-19,88884;-48,97383;"SPRF-MG";"DEL13-MG";"UOP02-DEL13-MG"
328592;2020-12-18;"sexta-feira";"04:25:00";"RO";364;256,2;"CACOAL";"Condutor Dormindo";"Colisão lateral";"Com Vítimas Feridas";"Amanhecer";"Crescente";"Nublado";"Simples";"Reta;Declive";"Não";4;0;2;0;1;2;2;4;-11,43557706;-61,615763;"SPRF-RO";"DEL02-RO";"UOP02-DEL02-RO"
328593;2020-12-18;"sexta-feira";"05:20:00";"GO";153;507;"APARECIDA DE GOIANIA";"Desobediência às normas de trânsito pelo condutor";"Colisão lateral";"Sem Vítimas";"Amanhecer";"Crescente";"Céu Claro";"Múltipla";"Reta;Aclive";"Não";4;0;0;0;2;2;0;4;-16,78255124;-49,23731457;"SPRF-GO";"DEL01-GO";"UOP03-DEL01-GO"
328598;2020-12-18;"sexta-feira";"02:00:00";"MG";116;92;"MEDINA";"Velocidade Incompatível";"Tombamento";"Com Vítimas Feridas";"Plena Noite";"Crescente";"Céu Claro";"Simples";"Curva;Declive";"Não";2;0;2;0;0;0;2;1;-16,36684498;-41,47141622;"SPRF-MG";"DEL11-MG";"UOP02-DEL11-MG"
328599;2020-12-18;"sexta-feira";"06:10:00";"MG";116;535,5;"SANTA RITA DE MINAS";"Falta de Atenção à Condução";"Colisão frontal";"Com Vítimas Feridas";"Amanhecer";"Crescente";"Céu Claro";"Simples";"Curva";"Não";2;0;1;0;1;0;1;2;-19,85292504;-42,14058636;"SPRF-MG";"DEL06-MG";"UOP02-DEL06-MG"
328603;2020-12-18;"sexta-feira";"05:50:00";"RS";470;215,4;"BENTO GONCALVES";"Falta de Atenção à Condução";"Colisão transversal";"Com Vítimas Feridas";"Pleno dia";"Decrescente";"Céu Claro";"Simples";"Retorno Regulamentado";"Sim";5;0;0;1;1;3;1;4;-29,16134841;-51,5262348;"SPRF-RS";"DEL06-RS";"UOP01-DEL06-RS"
328608;2020-12-18;"sexta-feira";"07:35:00";"PR";376;177,1;"MARINGA";"Falta de Atenção à Condução";"Colisão lateral";"Com Vítimas Feridas";"Pleno dia";"Decrescente";"Céu Claro";"Dupla";"Reta";"Sim";3;0;1;0;0;2;1;3;-23,41595855;-51,92226484;"SPRF-PR";"DEL09-PR";"UOP01-DEL09-PR"
328613;2020-12-18;"sexta-feira";"08:10:00";"PR";376;3,2;"MANDAGUARI";"Desobediência às normas de trânsito pelo condutor";"Colisão transversal";"Com Vítimas Fatais";"Pleno dia";"Crescente";"Céu Claro";"Simples";"Declive";"Sim";2;1;0;0;1;0;0;2;-23,547966;-51,671265;"SPRF-PR";"DEL09-PR";"UOP01-DEL09-PR"
328617;2020-12-17;"quinta-feira";"21:50:00";"BA";101;386;"IBIRAPITANGA";"Velocidade Incompatível";"Capotamento";"Com Vítimas Feridas";"Plena Noite";"Crescente";"Céu Claro";"Simples";"Curva";"Não";1;0;1;0;0;0;1;1;-14,01428272;-39,4410289;"SPRF-BA";"DEL05-BA";"UOP03-DEL05-BA"
328618;2020-12-18;"sexta-feira";"06:30:00";"SP";116;361;"MIRACATU";"Defeito Mecânico no Veículo";"Colisão lateral";"Sem Vítimas";"Pleno dia";"Crescente";"Céu Claro";"Dupla";"Curva";"Não";2;0;0;0;2;0;0;2;-24,12151414;-47,26985693;"SPRF-SP";"DEL04-SP";"UOP02-DEL04-SP"
328620;2020-12-18;"sexta-feira";"07:45:00";"RJ";40;97;"DUQUE DE CAXIAS";"Desobediência às normas de trânsito pelo condutor";"Saída de leito carroçável";"Com Vítimas Feridas";"Pleno dia";"Crescente";"Céu Claro";"Dupla";"Declive;Curva";"Não";1;0;0;1;0;0;1;1;-22,57356181;-43,27802893;"SPRF-RJ";"DEL01-RJ";"UOP01-DEL01-RJ"
328623;2020-12-18;"sexta-feira";"07:30:00";"TO";153;393,5;"RIO DOS BOIS";"Falta de Atenção à Condução";"Colisão traseira";"Com Vítimas Feridas";"Pleno dia";"Crescente";"Chuva";"Simples";"Declive";"Não";8;0;4;0;3;2;4;5;-9,35274923;-48,5436847;"SPRF-TO";"DEL02-TO";"UOP02-DEL02-TO"
328625;2020-12-18;"sexta-feira";"08:20:00";"PR";376;596;"CURITIBA";"Falta de Atenção à Condução";"Colisão traseira";"Com Vítimas Feridas";"Pleno dia";"Crescente";"Chuva";"Dupla";"Reta";"Sim";6;0;0;1;4;2;1;7;-25,50194708;-49,3415524;"SPRF-PR";"DEL01-PR";"UOP01-DEL01-PR"
328629;2020-12-18;"sexta-feira";"08:25:00";"RJ";493;54;"DUQUE DE CAXIAS";"Não guardar distância de segurança";"Colisão traseira";"Com Vítimas Feridas";"Pleno dia";"Decrescente";"Céu Claro";"Dupla";"Reta";"Não";2;0;0;1;1;0;1;2;-22,668428;-43,31423;"SPRF-RJ";"DEL01-RJ";"UOP01-DEL01-RJ"
328630;2020-12-18;"sexta-feira";"08:45:00";"SC";101;249;"PAULO LOPES";"Ingestão de Álcool";"Saída de leito carroçável";"Sem Vítimas";"Pleno dia";"Crescente";"Céu Claro";"Dupla";"Reta";"Sim";3;0;0;0;2;1;0;3;-27,941602;-48,666312;"SPRF-SC";"DEL02-SC";"UOP03-DEL02-SC"
328631;2020-12-18;"sexta-feira";"08:15:00";"PR";476;145;"CURITIBA";"Falta de Atenção à Condução";"Queda de ocupante de veículo";"Com Vítimas Feridas";"Pleno dia";"Decrescente";"Sol";"Dupla";"Reta";"Não";2;0;1;0;1;0;1;2;-25,547749;-49,32095;"SPRF-PR";"DEL01-PR";"UOP03-DEL01-PR"
328632;2020-12-18;"sexta-feira";"09:50:00";"SP";116;206;"GUARULHOS";"Falta de Atenção à Condução";"Colisão traseira";"Com Vítimas Feridas";"Pleno dia";"Decrescente";"Céu Claro";"Dupla";"Reta";"Sim";6;0;2;0;3;1;2;3;-23,41722629;-46,37510292;"SPRF-SP";"DEL01-SP";"UOP01-DEL01-SP"
328637;2020-12-18;"sexta-feira";"08:10:00";"AL";316;154,5;"PALMEIRA DOS INDIOS";"Falta de Atenção à Condução";"Colisão lateral";"Sem Vítimas";"Pleno dia";"Decrescente";"Céu Claro";"Simples";"Reta";"Não";2;0;0;0;2;0;0;2;-9,43055371;-36,64101415;"SPRF-AL";"DEL03-AL";"UOP01-DEL03-AL"
328640;2020-12-18;"sexta-feira";"10:15:00";"BA";116;888,5;"CANDIDO SALES";"Não guardar distância de segurança";"Colisão traseira";"Com Vítimas Fatais";"Pleno dia";"Crescente";"Céu Claro";"Simples";"Reta";"Não";2;1;0;0;1;0;0;2;-15,27033924;-41,12408961;"SPRF-BA";"DEL08-BA";"UOP03-DEL08-BA"
328642;2020-12-18;"sexta-feira";"09:30:00";"BA";116;845,6;"VITORIA DA CONQUISTA";"Ingestão de álcool e/ou substâncias psicoativas pelo pedestre";"Saída de leito carroçável";"Com Vítimas Feridas";"Pleno dia";"Decrescente";"Céu Claro";"Simples";"Reta";"Não";4;0;1;0;2;1;1;3;-14,953925;-40,90171301;"SPRF-BA";"DEL08-BA";"UOP01-DEL08-BA"
328643;2020-12-18;"sexta-feira";"09:31:00";"RO";364;273,8;"CACOAL";"Desobediência às normas de trânsito pelo condutor";"Colisão transversal";"Com Vítimas Feridas";"Pleno dia";"Crescente";"Céu Claro";"Simples";"Reta";"Não";3;0;2;0;1;0;2;2;-11,38637547;-61,74833721;"SPRF-RO";"DEL02-RO";"UOP02-DEL02-RO"
328650;2020-12-18;"sexta-feira";"10:03:00";"RS";116;232;"ESTANCIA VELHA";"Falta de Atenção à Condução";"Colisão lateral";"Sem Vítimas";"Pleno dia";"Decrescente";"Céu Claro";"Dupla";"Curva";"Sim";2;0;0;0;2;0;0;2;-29,63300002;-51,14325106;"SPRF-RS";"DEL01-RS";"UOP02-DEL01-RS"
328662;2020-12-18;"sexta-feira";"12:20:00";"SC";101;357;"SANGAO";"Desobediência às normas de trânsito pelo condutor";"Colisão transversal";"Com Vítimas Feridas";"Pleno dia";"Decrescente";"Céu Claro";"Simples";"Interseção de Vias";"Não";3;0;0;1;1;1;1;3;-28,64348493;-49,0990591;"SPRF-SC";"DEL02-SC";"UOP01-DEL02-SC"
328663;2020-12-18;"sexta-feira";"12:10:00";"RJ";101;294,5;"ITABORAI";"Defeito Mecânico no Veículo";"Colisão lateral";"Com Vítimas Feridas";"Pleno dia";"Decrescente";"Céu Claro";"Dupla";"Reta";"Sim";4;0;1;2;1;0;3;3;-22,7584434;-42,89502344;"SPRF-RJ";"DEL02-RJ";"UOP02-DEL02-RJ"
328666;2020-12-18;"sexta-feira";"13:30:00";"RJ";101;178,8;"RIO DAS OSTRAS";"Condutor Dormindo";"Colisão lateral";"Com Vítimas Feridas";"Pleno dia";"Decrescente";"Nublado";"Simples";"Reta";"Não";2;0;1;0;1;0;1;2;-22,39202493;-41,99331104;"SPRF-RJ";"DEL08-RJ";"UOP04-DEL08-RJ"
328667;2020-12-18;"sexta-feira";"11:35:00";"RO";364;670,6;"CANDEIAS DO JAMARI";"Velocidade Incompatível";"Colisão frontal";"Com Vítimas Fatais";"Pleno dia";"Crescente";"Céu Claro";"Simples";"Reta";"Não";5;2;1;1;1;0;2;2;-8,7759036;-63,49873105;"SPRF-RO";"DEL01-RO";"UOP01-DEL01-RO"
328669;2020-12-02;"quarta-feira";"08:25:00";"SP";381;35,3;"ATIBAIA";"Não guardar distância de segurança";"Engavetamento";"Com Vítimas Feridas";"Amanhecer";"Crescente";"Nublado";"Dupla";"Aclive";"Não";9;0;1;0;7;3;1;10;-23,07528538;-46,53974029;"SPRF-SP";"DEL03-SP";"UOP01-DEL03-SP"
328674;2020-12-18;"sexta-feira";"14:05:00";"SP";116;225,4;"GUARULHOS";"Falta de Atenção à Condução";"Colisão lateral";"Com Vítimas Feridas";"Pleno dia";"Crescente";"Nublado";"Múltipla";"Aclive";"Sim";4;0;3;0;0;1;3;2;-23,48586772;-46,54075317;"SPRF-SP";"DEL01-SP";"UOP01-DEL01-SP"
328676;2020-12-18;"sexta-feira";"12:42:00";"RN";101;150;"GOIANINHA";"Falta de Atenção à Condução";"Colisão lateral";"Sem Vítimas";"Pleno dia";"Decrescente";"Céu Claro";"Dupla";"Retorno Regulamentado";"Não";3;0;0;0;1;2;0;3;-6,29468817;-35,1962053;"SPRF-RN";"DEL01-RN";"UOP01-DEL01-RN"
328678;2020-12-18;"sexta-feira";"14:40:00";"PR";153;484;"GENERAL CARNEIRO";"Defeito Mecânico no Veículo";"Tombamento";"Sem Vítimas";"Pleno dia";"Crescente";"Céu Claro";"Simples";"Curva";"Não";1;0;0;0;1;0;0;1;-26,3133342;-51,2186184;"SPRF-PR";"DEL02-PR";"UOP03-DEL02-PR"
328683;2020-12-18;"sexta-feira";"12:50:00";"PR";277;592,2;"CASCAVEL";"Desobediência às normas de trânsito pelo condutor";"Colisão traseira";"Sem Vítimas";"Pleno dia";"Decrescente";"Nublado";"Simples";"Aclive";"Sim";5;0;0;0;3;2;0;5;-24,9823945;-53,4739945;"SPRF-PR";"DEL04-PR";"UOP01-DEL04-PR"
328688;2020-12-18;"sexta-feira";"15:30:00";"SC";101;216,3;"PALHOCA";"Falta de Atenção à Condução";"Colisão lateral";"Com Vítimas Feridas";"Pleno dia";"Decrescente";"Céu Claro";"Múltipla";"Reta";"Sim";2;0;1;0;0;1;1;2;-27,65981409;-48,67747798;"SPRF-SC";"DEL01-SC";"UOP02-DEL01-SC"
328697;2020-12-18;"sexta-feira";"16:50:00";"PR";376;251,7;"APUCARANA";"Desobediência às normas de trânsito pelo condutor";"Colisão com objeto estático";"Com Vítimas Feridas";"Pleno dia";"Crescente";"Céu Claro";"Dupla";"Reta";"Não";3;0;2;0;1;0;2;2;-23,64247799;-51,37832866;"SPRF-PR";"DEL07-PR";"UOP03-DEL07-PR"
328699;2020-12-18;"sexta-feira";"14:58:00";"BA";101;715,4;"EUNAPOLIS";"Falta de Atenção à Condução";"Colisão transversal";"Com Vítimas Feridas";"Pleno dia";"Crescente";"Sol";"Múltipla";"Reta";"Sim";2;0;1;0;1;0;1;2;-16,35397094;-39,57938433;"SPRF-BA";"DEL09-BA";"UOP01-DEL09-BA"
328704;2020-12-18;"sexta-feira";"11:50:00";"MT";163;601;"NOVA MUTUM";"Não guardar distância de segurança";"Colisão traseira";"Com Vítimas Feridas";"Pleno dia";"Crescente";"Céu Claro";"Dupla";"Reta";"Sim";4;0;2;0;2;0;2;2;-13,89893105;-56,09076962;"SPRF-MT";"DEL01-MT";"UOP01-DEL01-MT"
328705;2020-12-18;"sexta-feira";"17:00:00";"RJ";116;322;"ITATIAIA";"Falta de Atenção à Condução";"Saída de leito carroçável";"Com Vítimas Feridas";"Pleno dia";"Decrescente";"Chuva";"Dupla";"Reta";"Sim";3;0;2;1;0;0;3;1;-22,48404979;-44,54454609;"SPRF-RJ";"DEL07-RJ";"UOP02-DEL07-RJ"
328706;2020-12-18;"sexta-feira";"16:50:00";"TO";153;152;"ARAGUAINA";"Falta de Atenção à Condução";"Colisão transversal";"Com Vítimas Fatais";"Pleno dia";"Decrescente";"Garoa/Chuvisco";"Simples";"Reta";"Sim";4;1;1;0;1;2;1;5;-7,264632;-48,262614;"SPRF-TO";"DEL02-TO";"UOP01-DEL02-TO"
328710;2020-12-18;"sexta-feira";"17:25:00";"SC";101;24,8;"JOINVILLE";"Falta de Atenção à Condução";"Colisão traseira";"Com Vítimas Feridas";"Pleno dia";"Crescente";"Nublado";"Simples";"Interseção de Vias";"Sim";2;0;1;0;1;0;1;2;-26,1814277;-48,909947;"SPRF-SC";"DEL03-SC";"UOP01-DEL03-SC"
328713;2020-12-18;"sexta-feira";"14:15:00";"AL";101;132,4;"SAO MIGUEL DOS CAMPOS";"Mal Súbito";"Colisão frontal";"Com Vítimas Feridas";"Pleno dia";"Decrescente";"Sol";"Simples";"Curva";"Não";3;0;0;1;1;1;1;3;-9,77047189;-36,08833407;"SPRF-AL";"DEL02-AL";"UOP01-DEL02-AL"
328724;2020-12-18;"sexta-feira";"15:40:00";"SP";116;503;"CAJATI";"Velocidade Incompatível";"Saída de leito carroçável";"Com Vítimas Feridas";"Pleno dia";"Crescente";"Chuva";"Dupla";"Curva";"Não";2;0;1;0;0;1;1;2;-24,77541893;-48,20947907;"SPRF-SP";"DEL05-SP";"UOP02-DEL05-SP"
328727;2020-12-18;"sexta-feira";"10:10:00";"CE";222;6;"CAUCAIA";"Falta de Atenção à Condução";"Saída de leito carroçável";"Com Vítimas Feridas";"Pleno dia";"Decrescente";"Céu Claro";"Dupla";"Reta";"Não";1;0;1;0;0;0;1;1;-3,74995;-38,6309;"SPRF-CE";"DEL01-CE";"UOP01-DEL01-CE"
328737;2020-12-18;"sexta-feira";"14:10:00";"CE";116;190;"LIMOEIRO DO NORTE";"Desobediência às normas de trânsito pelo condutor";"Colisão frontal";"Com Vítimas Feridas";"Pleno dia";"Crescente";"Céu Claro";"Simples";"Interseção de Vias";"Não";2;0;1;0;0;1;1;2;-5,11745762;-38,14382945;"SPRF-CE";"DEL03-CE";"UOP01-DEL03-CE"
328750;2020-12-18;"sexta-feira";"20:10:00";"MG";40;748,2;"SANTOS DUMONT";"Restrição de Visibilidade";"Colisão traseira";"Com Vítimas Feridas";"Plena Noite";"Decrescente";"Chuva";"Simples";"Reta";"Não";2;0;0;1;0;1;1;2;-21,43796619;-43,55638245;"SPRF-MG";"DEL05-MG";"UOP01-DEL05-MG"
328759;2020-12-18;"sexta-feira";"21:40:00";"PR";116;9;"COLOMBO";"Desobediência às normas de trânsito pelo pedestre";"Atropelamento de Pedestre";"Com Vítimas Fatais";"Plena Noite";"Decrescente";"Garoa/Chuvisco";"Dupla";"Declive;Reta";"Não";5;1;0;0;2;2;0;5;-25,3708;-49,1246;"SPRF-PR";"DEL01-PR";"UOP02-DEL01-PR"
328762;2020-12-18;"sexta-feira";"19:40:00";"RS";290;721;"URUGUAIANA";"Ingestão de Álcool";"Derramamento de carga";"Sem Vítimas";"Anoitecer";"Crescente";"Céu Claro";"Simples";"Curva";"Sim";2;0;0;0;1;1;0;2;-29,758587;-57,060295;"SPRF-RS";"DEL13-RS";"UOP01-DEL13-RS"
328763;2020-12-18;"sexta-feira";"17:50:00";"RN";427;62,5;"JARDIM DO SERIDO";"Velocidade Incompatível";"Derramamento de carga";"Sem Vítimas";"Anoitecer";"Crescente";"Céu Claro";"Simples";"Curva";"Não";1;0;0;0;1;0;0;1;-6,57650846;-36,82658529;"SPRF-RN";"DEL03-RN";"UOP01-DEL03-RN"
328766;2020-12-18;"sexta-feira";"22:00:00";"SP";116;128;"CACAPAVA";"Falta de Atenção à Condução";"Colisão traseira";"Com Vítimas Feridas";"Plena Noite";"Decrescente";"Nublado";"Dupla";"Reta";"Sim";3;0;1;0;0;2;1;3;-23,11454664;-45,71105567;"SPRF-SP";"DEL06-SP";"UOP01-DEL06-SP"
328767;2020-12-18;"sexta-feira";"22:10:00";"PR";369;168,9;"ROLANDIA";"Velocidade Incompatível";"Colisão com objeto estático";"Sem Vítimas";"Plena Noite";"Decrescente";"Nublado";"Dupla";"Retorno Regulamentado";"Sim";1;0;0;0;1;0;0;1;-23,302451;-51,333808;"SPRF-PR";"DEL07-PR";"UOP01-DEL07-PR"
328770;2020-12-18;"sexta-feira";"21:35:00";"SC";101;298,3;"IMBITUBA";"Não guardar distância de segurança";"Colisão lateral";"Com Vítimas Feridas";"Plena Noite";"Crescente";"Nublado";"Dupla";"Em Obras";"Não";2;0;1;0;1;0;1;2;-28,32102597;-48,72829906;"SPRF-SC";"DEL02-SC";"UOP03-DEL02-SC"
328771;2020-12-18;"sexta-feira";"15:10:00";"MA";222;270;"ARARI";"Não guardar distância de segurança";"Engavetamento";"Com Vítimas Feridas";"Pleno dia";"Decrescente";"Garoa/Chuvisco";"Simples";"Reta";"Sim";4;0;0;1;2;1;1;4;-3,4624386;-44,77617568;"SPRF-MA";"DEL01-MA";"UOP02-DEL01-MA"