"id";"data_inversa";"dia_semana";"horario";"uf";"br";"km";"municipio";"causa_acidente";"tipo_acidente";"classificacao_acidente";"fase_dia";"sentido_via";"condicao_metereologica";"tipo_pista";"tracado_via";"uso_solo";"pessoas";"mortos";"feridos_leves";"feridos_graves";"ilesos";"ignorados";"feridos";"veiculos";"latitude";"longitude";"regional";"delegacia";"uop"
329238;2020-07-02;"quinta-feira";"04:30:00";"PI";135;621;"CRISTALANDIA DO PIAUI";"Defeito Mecânico no Veículo";"Incêndio";"Sem Vítimas";"Amanhecer";"Decrescente";"Ignorado";"Simples";"Reta";"Não";1;0;0;0;1;0;0;1;-10,67545919;-45,18255379;"SPRF-PI";"DEL03-PI";"UOP02-DEL03-PI"
329239;2020-12-20;"domingo";"14:15:00";"PB";230;136,6;"MASSARANDUBA";"Não guardar distância de segurança";"Tombamento";"Com Vítimas Fatais";"Pleno dia";"Decrescente";"Céu Claro";"Dupla";"Reta";"Não";3;1;1;0;0;1;1;2;-7,276056;-35,779063;"SPRF-PB";"DEL02-PB";"UOP01-DEL02-PB"
329241;2020-12-20;"domingo";"15:10:00";"MG";251;478;"FRANCISCO SA";"Falta de Atenção à Condução";"Colisão traseira";"Com Vítimas Feridas";"Pleno dia";"Decrescente";"Céu Claro";"Simples";"Reta";"Não";3;0;1;0;1;1;1;3;-16,46906162;-43,49357156;"SPRF-MG";"DEL12-MG";"UOP01-DEL12-MG"
329242;2020-12-20;"domingo";"14:50:00";"RN";101;85,4;"NATAL";"Ingestão de Álcool";"Colisão traseira";"Sem Vítimas";"Pleno dia";"Crescente";"Nublado";"Dupla";"Ponte";"Não";2;0;0;0;1;1;0;2;-5,777664;-35,24937;"SPRF-RN";"DEL02-RN";"UOP01-DEL02-RN"
329246;2020-12-20;"domingo";"15:30:00";"CE";116;442,2;"BARRO";"Falta de Atenção à Condução";"Colisão traseira";"Com Vítimas Feridas";"Pleno dia";"Decrescente";"Sol";"Simples";"Reta";"Não";7;0;2;0;4;1;2;3;-7,04373792;-38,7797841;"SPRF-CE";"DEL05-CE";"UOP03-DEL05-CE"
329247;2020-12-20;"domingo";"11:25:00";"BA";116;789,8;"PLANALTO";"Não guardar distância de segurança";"Colisão traseira";"Com Vítimas Feridas";"Pleno dia";"Decrescente";"Céu Claro";"Simples";"Aclive";"Não";3;0;1;0;1;3;1;5;-14,7034;-40,5885;"SPRF-BA";"DEL08-BA";"UOP02-DEL08-BA"
329248;2020-12-20;"domingo";"15:30:00";"CE";116;508,7;"BREJO SANTO";"Falta de Atenção do Pedestre";"Atropelamento de Pedestre";"Com Vítimas Fatais";"Pleno dia";"Decrescente";"Céu Claro";"Simples";"Reta";"Não";2;1;0;0;1;0;0;2;-7,51284501;-38,99025297;"SPRF-CE";"DEL05-CE";"UOP03-DEL05-CE"
329252;2020-12-20;"domingo";"15:10:00";"SC";282;333,3;"CAMPOS NOVOS";"Pista Escorregadia";"Colisão frontal";"Com Vítimas Fatais";"Pleno dia";"Crescente";"Chuva";"Simples";"Curva";"Não";2;1;0;0;1;0;0;2;-27,3935457;-51,1681319;"SPRF-SC";"DEL07-SC";"UOP06-DEL07-SC"
329259;2020-12-20;"domingo";"15:00:00";"MG";381;592,5;"CARMOPOLIS DE MINAS";"Defeito Mecânico no Veículo";"Saída de leito carroçável";"Sem Vítimas";"Pleno dia";"Decrescente";"Nublado";"Dupla";"Curva";"Não";2;0;0;0;1;1;0;2;-20,57880683;-44,6872411;"SPRF-MG";"DEL04-MG";"UOP01-DEL04-MG"
329262;2020-12-20;"domingo";"15:05:00";"MG";40;593;"OURO PRETO";"Defeito Mecânico no Veículo";"Tombamento";"Sem Vítimas";"Pleno dia";"Decrescente";"Chuva";"Dupla";"Curva";"Não";2;0;0;0;1;1;0;2;-20,38942;-43,902427;"SPRF-MG";"DEL05-MG";"UOP02-DEL05-MG"
329264;2020-12-20;"domingo";"17:00:00";"MG";365;1,5;"MONTES CLAROS";"Ingestão de Álcool";"Colisão lateral";"Com Vítimas Feridas";"Pleno dia";"Decrescente";"Nublado";"Simples";"Reta";"Não";3;0;1;0;1;2;1;4;-16,716154;-43,863327;"SPRF-MG";"DEL12-MG";"UOP01-DEL12-MG"
329266;2020-12-20;"domingo";"14:20:00";"RJ";493;62;"DUQUE DE CAXIAS";"Defeito Mecânico no Veículo";"Incêndio";"Sem Vítimas";"Pleno dia";"Crescente";"Céu Claro";"Dupla";"Reta";"Não";2;0;0;0;1;1;0;2;-22,672089;-43,285053;"SPRF-RJ";"DEL01-RJ";"UOP03-DEL01-RJ"
329270;2020-12-20;"domingo";"16:50:00";"PR";153;202;"TIBAGI";"Ultrapassagem Indevida";"Colisão frontal";"Com Vítimas Feridas";"Pleno dia";"Crescente";"Chuva";"Simples";"Curva";"Não";5;0;3;2;0;0;5;2;-24,48458221;-50,44001919;"SPRF-PR";"DEL03-PR";"UOP02-DEL03-PR"
329274;2020-12-20;"domingo";"10:00:00";"PR";153;146;"VENTANIA";"Defeito Mecânico no Veículo";"Tombamento";"Com Vítimas Feridas";"Pleno dia";"Crescente";"Céu Claro";"Simples";"Declive";"Não";8;0;8;0;0;0;8;4;-24,12557916;-50,23718319;"SPRF-PR";"DEL07-PR";"UOP04-DEL07-PR"
329275;2020-12-20;"domingo";"18:00:00";"CE";116;468,7;"MILAGRES";"Falta de Atenção à Condução";"Colisão frontal";"Com Vítimas Fatais";"Anoitecer";"Decrescente";"Céu Claro";"Simples";"Reta";"Não";3;1;0;0;1;1;0;3;-7,23800231;-38,84377498;"SPRF-CE";"DEL05-CE";"UOP03-DEL05-CE"
329283;2020-12-20;"domingo";"18:40:00";"PR";153;203;"TIBAGI";"Falta de Atenção à Condução";"Colisão frontal";"Com Vítimas Feridas";"Pleno dia";"Crescente";"Céu Claro";"Simples";"Curva";"Não";5;0;3;0;1;2;3;4;-24,49184513;-50,4413659;"SPRF-PR";"DEL03-PR";"UOP02-DEL03-PR"
329284;2020-12-20;"domingo";"17:00:00";"PR";376;488;"PONTA GROSSA";"Não guardar distância de segurança";"Colisão traseira";"Com Vítimas Feridas";"Pleno dia";"Decrescente";"Chuva";"Dupla";"Aclive";"Sim";2;0;1;0;0;1;1;2;-25,13510082;-50,16497282;"SPRF-PR";"DEL03-PR";"UOP04-DEL03-PR"
329287;2020-12-20;"domingo";"18:20:00";"RJ";393;219;"VASSOURAS";"Ingestão de Álcool";"Colisão frontal";"Com Vítimas Fatais";"Anoitecer";"Crescente";"Céu Claro";"Simples";"Curva";"Não";6;1;0;0;2;3;0;4;-22,31261096;-43,51294601;"SPRF-RJ";"DEL05-RJ";"UOP03-DEL05-RJ"
329293;2020-12-20;"domingo";"16:30:00";"MG";365;722,8;"MONTE ALEGRE DE MINAS";"Falta de Atenção à Condução";"Saída de leito carroçável";"Com Vítimas Feridas";"Pleno dia";"Crescente";"Sol";"Simples";"Reta";"Não";2;0;1;0;0;1;1;2;-18,88406;-49,20836;"SPRF-MG";"DEL15-MG";"UOP03-DEL15-MG"
329306;2020-12-20;"domingo";"16:30:00";"BA";101;26,8;"ESPLANADA";"Desobediência às normas de trânsito pelo condutor";"Colisão transversal";"Com Vítimas Fatais";"Pleno dia";"Crescente";"Céu Claro";"Dupla";"Reta";"Não";3;1;0;0;2;0;0;3;-11,71275433;-37,92068481;"SPRF-SE";"DEL02-SE";"UOP03-DEL02-SE"
329310;2020-12-20;"domingo";"12:30:00";"MG";251;428;"GRAO MOGOL";"Pista Escorregadia";"Colisão frontal";"Com Vítimas Feridas";"Pleno dia";"Crescente";"Chuva";"Simples";"Curva";"Não";3;0;1;0;1;1;1;3;-16,34305409;-43,14477493;"SPRF-MG";"DEL12-MG";"UOP01-DEL12-MG"
329312;2020-12-20;"domingo";"15:50:00";"MA";230;311;"SAO RAIMUNDO DAS MANGABEIRAS";"Defeito Mecânico no Veículo";"Tombamento";"Com Vítimas Feridas";"Pleno dia";"Crescente";"Céu Claro";"Simples";"Reta";"Não";1;0;1;0;0;0;1;1;-7,00248375;-45,45384591;"SPRF-MA";"DEL05-MA";"UOP01-DEL05-MA"
329317;2020-12-20;"domingo";"20:00:00";"RJ";116;309;"RESENDE";"Falta de Atenção à Condução";"Colisão traseira";"Com Vítimas Feridas";"Plena Noite";"Crescente";"Nublado";"Dupla";"Reta";"Não";4;0;2;0;1;1;2;3;-22,45852838;-44,42672997;"SPRF-RJ";"DEL07-RJ";"UOP02-DEL07-RJ"
329318;2020-12-20;"domingo";"17:40:00";"PB";110;190,5;"MONTEIRO";"Ingestão de Álcool";"Colisão frontal";"Com Vítimas Feridas";"Plena Noite";"Crescente";"Céu Claro";"Simples";"Curva";"Não";2;0;0;1;1;0;1;2;-7,93812711;-37,19152984;"SPRF-PB";"DEL02-PB";"UOP02-DEL02-PB"
329327;2020-12-20;"domingo";"15:40:00";"PI";316;263;"IPIRANGA DO PIAUI";"Defeito Mecânico no Veículo";"Incêndio";"Sem Vítimas";"Pleno dia";"Decrescente";"Garoa/Chuvisco";"Simples";"Reta";"Não";2;0;0;0;1;1;0;2;-6,85526397;-41,74154815;"SPRF-PI";"DEL04-PI";"UOP02-DEL04-PI"
329333;2020-12-20;"domingo";"21:25:00";"BA";407;2,8;"JUAZEIRO";"Desobediência às normas de trânsito pelo condutor";"Colisão lateral";"Com Vítimas Feridas";"Plena Noite";"Crescente";"Céu Claro";"Dupla";"Rotatória";"Não";2;0;0;1;1;0;1;2;-9,4250917;-40,50357694;"SPRF-PE";"DEL06-PE";"UOP01-DEL06-PE"
329334;2020-12-20;"domingo";"16:00:00";"PR";476;288,9;"SAO MATEUS DO SUL";"Defeito Mecânico no Veículo";"Incêndio";"Sem Vítimas";"Pleno dia";"Decrescente";"Chuva";"Simples";"Reta";"Não";1;0;0;0;1;0;0;1;-25,926044;-50,464188;"SPRF-PR";"DEL02-PR";"UOP04-DEL02-PR"
329336;2020-12-20;"domingo";"20:55:00";"SC";101;277,1;"IMBITUBA";"Animais na Pista";"Atropelamento de Animal";"Com Vítimas Feridas";"Plena Noite";"Decrescente";"Ignorado";"Dupla";"Reta";"Sim";5;0;1;1;2;1;2;3;-28,15478103;-48,69265474;"SPRF-SC";"DEL02-SC";"UOP03-DEL02-SC"
329338;2020-12-20;"domingo";"19:30:00";"SP";459;5;"PIQUETE";"Falta de Atenção à Condução";"Saída de leito carroçável";"Com Vítimas Feridas";"Plena Noite";"Crescente";"Chuva";"Simples";"Curva;Declive";"Não";1;0;0;1;0;0;1;1;-22,577501;-45,204376;"SPRF-SP";"DEL08-SP";"UOP01-DEL08-SP"
329344;2020-12-20;"domingo";"19:00:00";"MA";10;246;"IMPERATRIZ";"Velocidade Incompatível";"Tombamento";"Com Vítimas Fatais";"Plena Noite";"Crescente";"Céu Claro";"Simples";"Reta";"Sim";5;1;0;2;1;1;2;4;-5,581313;-47,438831;"SPRF-MA";"DEL04-MA";"UOP01-DEL04-MA"
329349;2020-12-20;"domingo";"16:30:00";"AL";101;180;"TEOTONIO VILELA";"Falta de Atenção à Condução";"Tombamento";"Sem Vítimas";"Pleno dia";"Decrescente";"Céu Claro";"Dupla";"Curva";"Não";2;0;0;0;1;3;0;4;-9,89373101;-36,40518514;"SPRF-AL";"DEL02-AL";"UOP02-DEL02-AL"
329353;2020-12-20;"domingo";"22:00:00";"PE";101;31,7;"IGARASSU";"Falta de Atenção à Condução";"Colisão traseira";"Com Vítimas Feridas";"Plena Noite";"Crescente";"Chuva";"Dupla";"Reta";"Sim";2;0;0;1;0;1;1;2;-7,74443874;-34,93872764;"SPRF-PE";"DEL01-PE";"UOP02-DEL01-PE"
329370;2020-12-21;"segunda-feira";"01:15:00";"RS";116;240;"NOVO HAMBURGO";"Falta de Atenção à Condução";"Colisão traseira";"Sem Vítimas";"Plena Noite";"Decrescente";"Nublado";"Dupla";"Aclive;Reta";"Sim";4;0;0;0;2;2;0;4;-29,70268999;-51,14632672;"SPRF-RS";"DEL01-RS";"UOP02-DEL01-RS"
329374;2020-12-21;"segunda-feira";"00:50:00";"MT";163;778;"SORRISO";"Condutor Dormindo";"Colisão frontal";"Com Vítimas Fatais";"Plena Noite";"Crescente";"Céu Claro";"Simples";"Reta";"Não";2;1;0;0;1;0;0;2;-12,45854382;-55,66570035;"SPRF-MT";"DEL06-MT";"UOP01-DEL06-MT"
329378;2020-12-21;"segunda-feira";"00:40:00";"AM";174;947;"MANAUS";"Falta de Atenção à Condução";"Saída de leito carroçável";"Sem Vítimas";"Plena Noite";"Decrescente";"Céu Claro";"Simples";"Reta";"Não";2;0;0;0;2;0;0;1;-2,42562793;-60,02995571;"SPRF-AM";"DEL01-AM";"UOP01-DEL01-AM"
329379;2020-12-20;"domingo";"20:15:00";"PR";153;115,7;"IBAITI";"Ingestão de Álcool";"Colisão frontal";"Com Vítimas Fatais";"Plena Noite";"Decrescente";"Nublado";"Simples";"Reta";"Não";2;1;1;0;0;0;1;2;-23,89589858;-50,2021347;"SPRF-PR";"DEL07-PR";"UOP04-DEL07-PR"
329384;2020-12-21;"segunda-feira";"01:55:00";"SC";470;192,3;"POUSO REDONDO";"Velocidade Incompatível";"Saída de leito carroçável";"Com Vítimas Feridas";"Plena Noite";"Decrescente";"Nublado";"Simples";"Declive;Curva";"Não";3;0;1;1;0;1;2;2;-27,293324;-50,078678;"SPRF-SC";"DEL04-SC";"UOP02-DEL04-SC"
329386;2020-12-21;"segunda-feira";"03:30:00";"CE";20;417;"MARACANAU";"Restrição de Visibilidade";"Tombamento";"Com Vítimas Feridas";"Plena Noite";"Decrescente";"Chuva";"Dupla";"Declive;Reta";"Sim";3;0;2;0;1;0;2;1;-3,76999035;-38,67006282;"SPRF-CE";"DEL01-CE";"UOP02-DEL01-CE"
329388;2020-12-21;"segunda-feira";"04:00:00";"SC";101;138;"BALNEARIO CAMBORIU";"Desobediência às normas de trânsito pelo condutor";"Colisão frontal";"Com Vítimas Feridas";"Plena Noite";"Crescente";"Céu Claro";"Simples";"Reta";"Sim";2;0;1;0;1;0;1;2;-27,02397426;-48,60761649;"SPRF-SC";"DEL04-SC";"UOP03-DEL04-SC"
329389;2020-12-21;"segunda-feira";"04:30:00";"RJ";116;311;"ITATIAIA";"Falta de Atenção do Pedestre";"Atropelamento de Pedestre";"Com Vítimas Fatais";"Plena Noite";"Decrescente";"Nublado";"Dupla";"Reta";"Sim";3;1;0;0;1;1;0;3;-22,46086624;-44,44296321;"SPRF-RJ";"DEL07-RJ";"UOP02-DEL07-RJ"
329392;2020-12-21;"segunda-feira";"04:40:00";"MA";316;474;"CODO";"Condutor Dormindo";"Colisão frontal";"Com Vítimas Feridas";"Plena Noite";"Decrescente";"Nublado";"Simples";"Reta";"Não";5;0;0;2;3;0;2;2;-4,589787;-43,954033;"SPRF-MA";"DEL03-MA";"UOP02-DEL03-MA"
329394;2020-12-21;"segunda-feira";"04:15:00";"SC";101;212,7;"PALHOCA";"Falta de Atenção à Condução";"Atropelamento de Pedestre";"Com Vítimas Feridas";"Plena Noite";"Decrescente";"Nublado";"Dupla";"Reta";"Não";2;0;0;1;1;0;1;2;-27,62996929;-48,65903871;"SPRF-SC";"DEL01-SC";"UOP02-DEL01-SC"
329396;2020-12-21;"segunda-feira";"03:35:00";"GO";153;691,6;"ITUMBIARA";"Condutor Dormindo";"Colisão traseira";"Com Vítimas Feridas";"Plena Noite";"Decrescente";"Céu Claro";"Dupla";"Reta";"Não";3;0;1;0;1;1;1;3;-18,3173;-49,2302;"SPRF-GO";"DEL03-GO";"UOP02-DEL03-GO"
329399;2020-12-21;"segunda-feira";"04:40:00";"SC";101;214,3;"PALHOCA";"Falta de Atenção à Condução";"Atropelamento de Pedestre";"Com Vítimas Feridas";"Plena Noite";"Decrescente";"Nublado";"Múltipla";"Reta;Aclive";"Sim";2;0;0;1;0;1;1;2;-27,64722947;-48,6724484;"SPRF-SC";"DEL01-SC";"UOP02-DEL01-SC"
329402;2020-12-21;"segunda-feira";"05:45:00";"SC";470;130;"LONTRAS";"Falta de Atenção à Condução";"Colisão lateral";"Com Vítimas Feridas";"Amanhecer";"Decrescente";"Nublado";"Simples";"Interseção de Vias";"Sim";3;0;1;0;2;0;1;3;-27,15756;-49,556488;"SPRF-SC";"DEL04-SC";"UOP02-DEL04-SC"
329409;2020-12-21;"segunda-feira";"06:05:00";"PB";230;440;"APARECIDA";"Condutor Dormindo";"Colisão frontal";"Com Vítimas Fatais";"Pleno dia";"Crescente";"Céu Claro";"Simples";"Reta";"Não";2;1;0;0;1;0;0;2;-6,765;-38,0269;"SPRF-PB";"DEL03-PB";"UOP02-DEL03-PB"
329410;2020-12-21;"segunda-feira";"05:00:00";"MG";381;333;"NOVA ERA";"Defeito Mecânico no Veículo";"Tombamento";"Com Vítimas Feridas";"Amanhecer";"Decrescente";"Céu Claro";"Simples";"Declive;Curva";"Não";1;0;1;0;0;0;1;1;-19,80306599;-43,06083702;"SPRF-MG";"DEL03-MG";"UOP01-DEL03-MG"
329413;2020-12-21;"segunda-feira";"06:50:00";"SC";101;119,8;"ITAJAI";"Desobediência às normas de trânsito pelo condutor";"Colisão lateral";"Com Vítimas Feridas";"Pleno dia";"Crescente";"Céu Claro";"Múltipla";"Reta";"Sim";4;0;1;0;3;0;1;4;-26,9043179;-48,71555481;"SPRF-SC";"DEL04-SC";"UOP04-DEL04-SC"
329450;2020-12-21;"segunda-feira";"08:50:00";"MT";163;1039;"MATUPA";"Falta de Atenção à Condução";"Colisão transversal";"Com Vítimas Feridas";"Pleno dia";"Crescente";"Garoa/Chuvisco";"Simples";"Declive";"Não";2;0;0;1;1;0;1;2;-10,168611;-54,938111;"SPRF-MT";"DEL06-MT";"NPF/DEL06-MT"
329452;2020-12-21;"segunda-feira";"08:25:00";"RO";174;15,8;"VILHENA";"Desobediência às normas de trânsito pelo condutor";"Colisão frontal";"Com Vítimas Feridas";"Pleno dia";"Decrescente";"Céu Claro";"Simples";"Reta";"Sim";2;0;0;1;1;0;1;2;-12,723321;-60,12801;"SPRF-RO";"DEL04-RO";"UOP01-DEL04-RO"
329454;2020-12-21;"segunda-feira";"09:00:00";"RN";226;117,9;"SANTA CRUZ";"Defeito Mecânico no Veículo";"Tombamento";"Sem Vítimas";"Pleno dia";"Crescente";"Sol";"Simples";"Reta";"Não";2;0;0;0;1;3;0;4;-6,194071;-36,050365;"SPRF-RN";"DEL03-RN";"UOP02-DEL03-RN"
329457;2020-12-21;"segunda-feira";"06:58:00";"PR";376;680;"GUARATUBA";"Velocidade Incompatível";"Incêndio";"Sem Vítimas";"Pleno dia";"Crescente";"Nublado";"Dupla";"Curva";"Não";2;0;0;0;1;1;0;2;-25,95815;-48,900978;"SPRF-PR";"DEL01-PR";"UOP04-DEL01-PR"
329459;2020-12-14;"segunda-feira";"07:50:00";"PE";101;87;"CABO DE SANTO AGOSTINHO";"Defeito Mecânico no Veículo";"Colisão traseira";"Com Vítimas Feridas";"Pleno dia";"Crescente";"Sol";"Simples";"Reta";"Sim";2;0;1;0;1;0;1;2;-8,19120206;-34,97449985;"SPRF-PE";"DEL01-PE";"UOP03-DEL01-PE"
329461;2020-12-21;"segunda-feira";"09:25:00";"GO";153;688;"ITUMBIARA";"Defeito Mecânico no Veículo";"Danos eventuais";"Sem Vítimas";"Pleno dia";"Crescente";"Nublado";"Dupla";"Reta";"Não";2;0;0;0;1;1;0;2;-18,2915;-49,2387;"SPRF-GO";"DEL03-GO";"UOP02-DEL03-GO"
329464;2020-12-21;"segunda-feira";"08:45:00";"MG";365;429,9;"PATOS DE MINAS";"Desobediência às normas de trânsito pelo condutor";"Colisão frontal";"Com Vítimas Feridas";"Pleno dia";"Decrescente";"Céu Claro";"Simples";"Reta;Declive";"Não";7;0;1;0;4;3;1;7;-18,7538859;-46,65000916;"SPRF-MG";"DEL10-MG";"UOP01-DEL10-MG"
329467;2020-12-21;"segunda-feira";"11:30:00";"PE";101;69;"RECIFE";"Falta de Atenção à Condução";"Colisão lateral";"Sem Vítimas";"Pleno dia";"Decrescente";"Céu Claro";"Dupla";"Reta";"Sim";2;0;0;0;2;0;0;2;-8,05951606;-34,94581024;"SPRF-PE";"DEL01-PE";"UOP01-DEL01-PE"
329471;2020-12-21;"segunda-feira";"11:55:00";"RS";153;44,4;"ERECHIM";"Falta de Atenção à Condução";"Colisão transversal";"Com Vítimas Feridas";"Pleno dia";"Crescente";"Céu Claro";"Múltipla";"Reta";"Não";2;0;1;0;1;0;1;2;-27,62312752;-52,23687793;"SPRF-RS";"DEL08-RS";"UOP04-DEL08-RS"
329474;2020-12-21;"segunda-feira";"11:20:00";"ES";101;371,4;"ICONHA";"Condutor Dormindo";"Colisão lateral";"Com Vítimas Feridas";"Pleno dia";"Decrescente";"Céu Claro";"Simples";"Curva";"Não";4;0;0;1;3;0;1;4;-20,77035735;-40,76847015;"SPRF-ES";"DEL03-ES";"UOP01-DEL03-ES"
329478;2020-12-21;"segunda-feira";"11:15:00";"SC";282;137;"BOM RETIRO";"Defeito Mecânico no Veículo";"Colisão com objeto em movimento";"Com Vítimas Feridas";"Pleno dia";"Crescente";"Céu Claro";"Simples";"Reta";"Não";4;0;1;0;2;2;1;4;-27,8218;-49,567032;"SPRF-SC";"DEL05-SC";"UOP01-DEL05-SC"
329484;2020-12-21;"segunda-feira";"13:00:00";"PE";101;48,8;"ABREU E LIMA";"Desobediência às normas de trânsito pelo condutor";"Colisão lateral";"Com Vítimas Feridas";"Pleno dia";"Crescente";"Céu Claro";"Dupla";"Reta";"Sim";3;0;0;1;1;1;1;3;-7,89174705;-34,9033493;"SPRF-PE";"DEL01-PE";"UOP02-DEL01-PE"
329488;2020-12-21;"segunda-feira";"12:10:00";"MT";364;355,5;"SANTO ANTONIO DO LEVERGER";"Pista Escorregadia";"Capotamento";"Com Vítimas Feridas";"Pleno dia";"Decrescente";"Chuva";"Simples";"Curva";"Não";2;0;1;0;1;0;1;1;-15,79597787;-55,66105932;"SPRF-MT";"DEL05-MT";"UOP02-DEL05-MT"
329498;2020-12-21;"segunda-feira";"14:00:00";"GO";158;263;"JATAI";"Defeito Mecânico no Veículo";"Incêndio";"Sem Vítimas";"Pleno dia";"Crescente";"Céu Claro";"Dupla";"Reta";"Não";1;0;0;0;1;0;0;1;-17,82907116;-51,77992606;"SPRF-GO";"DEL05-GO";"UOP01-DEL05-GO"
329503;2020-12-21;"segunda-feira";"14:15:00";"MG";381;704,3;"LAVRAS";"Velocidade Incompatível";"Tombamento";"Sem Vítimas";"Pleno dia";"Decrescente";"Céu Claro";"Dupla";"Curva";"Não";2;0;0;0;1;1;0;2;-21,31075571;-45,16252041;"SPRF-MG";"DEL04-MG";"UOP02-DEL04-MG"
329505;2020-12-21;"segunda-feira";"14:00:00";"ES";262;64;"MARECHAL FLORIANO";"Velocidade Incompatível";"Tombamento";"Com Vítimas Feridas";"Pleno dia";"Crescente";"Sol";"Simples";"Curva";"Não";2;0;1;0;0;1;1;2;-20,41797008;-40,81618087;"SPRF-ES";"DEL01-ES";"UOP02-DEL01-ES"
329508;2020-12-21;"segunda-feira";"15:30:00";"MG";365;101,5;"JEQUITAI";"Velocidade Incompatível";"Colisão com objeto estático";"Sem Vítimas";"Pleno dia";"Decrescente";"Chuva";"Simples";"Reta";"Não";1;0;0;0;1;0;0;1;-17,22428188;-44,53423396;"SPRF-MG";"DEL12-MG";"UOP01-DEL12-MG"
329526;2020-12-21;"segunda-feira";"15:50:00";"RJ";101;243;"SILVA JARDIM";"Falta de Atenção à Condução";"Colisão transversal";"Com Vítimas Feridas";"Pleno dia";"Decrescente";"Céu Claro";"Dupla";"Retorno Regulamentado";"Não";5;0;1;3;1;0;4;2;-22,6389864;-42,46604204;"SPRF-RJ";"DEL02-RJ";"UOP03-DEL02-RJ"
329529;2020-12-04;"sexta-feira";"11:20:00";"MG";381;334;"NOVA ERA";"Deficiência ou não Acionamento do Sistema de Iluminação/Sinalização do Veículo";"Engavetamento";"Sem Vítimas";"Pleno dia";"Decrescente";"Céu Claro";"Simples";"Reta;Declive";"Não";4;0;0;0;4;0;0;4;-19,78851086;-43,05198669;"SPRF-MG";"DEL03-MG";"UOP01-DEL03-MG"
329530;2020-12-21;"segunda-feira";"17:10:00";"MG";251;334,7;"FRUTA DE LEITE";"Defeito Mecânico no Veículo";"Colisão traseira";"Com Vítimas Feridas";"Pleno dia";"Decrescente";"Nublado";"Simples";"Declive;Curva";"Não";41;0;2;2;37;0;4;3;-16,25584596;-42,43923797;"SPRF-MG";"DEL12-MG";"UOP01-DEL12-MG"
329532;2020-12-14;"segunda-feira";"04:20:00";"MS";262;117,3;"AGUA CLARA";"Ultrapassagem Indevida";"Colisão lateral";"Com Vítimas Feridas";"Amanhecer";"Decrescente";"Nublado";"Simples";"Reta";"Não";3;0;1;0;2;0;1;3;-20,51171349;-52,6447039;"SPRF-MS";"DEL07-MS";"UOP02-DEL07-MS"
329534;2020-12-21;"segunda-feira";"16:40:00";"PE";101;90,7;"CABO DE SANTO AGOSTINHO";"Defeito Mecânico no Veículo";"Saída de leito carroçável";"Com Vítimas Feridas";"Pleno dia";"Decrescente";"Céu Claro";"Simples";"Reta";"Sim";2;0;1;0;0;1;1;2;-8,21612792;-34,98772817;"SPRF-PE";"DEL01-PE";"UOP03-DEL01-PE"
329535;2020-12-21;"segunda-feira";"16:40:00";"MG";40;730;"OLIVEIRA FORTES";"Velocidade Incompatível";"Tombamento";"Com Vítimas Feridas";"Pleno dia";"Decrescente";"Céu Claro";"Dupla";"Curva";"Não";3;0;1;1;0;1;2;3;-21,33378994;-43,5866212;"SPRF-MG";"DEL05-MG";"UOP01-DEL05-MG"
329537;2020-12-21;"segunda-feira";"16:50:00";"SC";101;94,1;"BARRA VELHA";"Falta de Atenção à Condução";"Colisão traseira";"Sem Vítimas";"Pleno dia";"Decrescente";"Céu Claro";"Dupla";"Declive";"Não";2;0;0;0;2;0;0;2;-26,69940401;-48,69902784;"SPRF-SC";"DEL03-SC";"UOP02-DEL03-SC"
329540;2020-12-21;"segunda-feira";"16:00:00";"MG";365;104,7;"JEQUITAI";"Avarias e/ou desgaste excessivo no pneu";"Colisão frontal";"Com Vítimas Fatais";"Pleno dia";"Decrescente";"Chuva";"Simples";"Reta";"Não";4;2;0;1;1;0;1;2;-17,21442312;-44,56049104;"SPRF-MG";"DEL12-MG";"UOP01-DEL12-MG"
329541;2020-12-21;"segunda-feira";"17:30:00";"SC";282;500,1;"XANXERE";"Falta de Atenção à Condução";"Colisão traseira";"Com Vítimas Feridas";"Pleno dia";"Crescente";"Sol";"Dupla";"Declive;Rotatória";"Não";3;0;1;0;2;0;1;2;-26,881372;-52,37252;"SPRF-SC";"DEL07-SC";"UOP01-DEL07-SC"
329553;2020-12-21;"segunda-feira";"18:05:00";"ES";101;147,5;"LINHARES";"Falta de Atenção à Condução";"Colisão traseira";"Com Vítimas Feridas";"Anoitecer";"Crescente";"Céu Claro";"Dupla";"Interseção de Vias";"Sim";3;0;1;0;1;1;1;3;-19,37887202;-40,06657892;"SPRF-ES";"DEL04-ES";"UOP01-DEL04-ES"
329555;2020-12-21;"segunda-feira";"18:30:00";"PR";376;523,9;"PONTA GROSSA";"Falta de Atenção à Condução";"Colisão lateral";"Com Vítimas Feridas";"Pleno dia";"Decrescente";"Céu Claro";"Dupla";"Reta";"Não";5;0;1;1;1;2;2;4;-25,26652133;-49,95176822;"SPRF-PR";"DEL03-PR";"UOP04-DEL03-PR"
329570;2020-12-21;"segunda-feira";"19:15:00";"SP";116;34,9;"CACHOEIRA PAULISTA";"Falta de Atenção à Condução";"Danos eventuais";"Com Vítimas Feridas";"Plena Noite";"Crescente";"Chuva";"Dupla";"Reta;Declive";"Não";3;0;1;0;1;1;1;2;-22,65447396;-44,95940103;"SPRF-SP";"DEL08-SP";"UOP02-DEL08-SP"