"id";"data_inversa";"dia_semana";"horario";"uf";"br";"km";"municipio";"causa_acidente";"tipo_acidente";"classificacao_acidente";"fase_dia";"sentido_via";"condicao_metereologica";"tipo_pista";"tracado_via";"uso_solo";"pessoas";"mortos";"feridos_leves";"feridos_graves";"ilesos";"ignorados";"feridos";"veiculos";"latitude";"longitude";"regional";"delegacia";"uop"
330222;2020-12-24;"quinta-feira";"14:45:00";"ES";101;256,5;"SERRA";"Falta de Atenção à Condução";"Colisão traseira";"Com Vítimas Fatais";"Pleno dia";"Decrescente";"Nublado";"Múltipla";"Reta";"Sim";5;1;1;0;2;1;1;4;-20,119123;-40,311005;"SPRF-ES";"DEL02-ES";"UOP01-DEL02-ES"
330229;2020-12-24;"quinta-feira";"14:20:00";"BA";101;511,9;"ITABUNA";"Não guardar distância de segurança";"Engavetamento";"Com Vítimas Feridas";"Pleno dia";"Crescente";"Céu Claro";"Simples";"Reta";"Não";6;0;1;0;4;1;1;4;-14,98960501;-39,33695319;"SPRF-BA";"DEL05-BA";"UOP01-DEL05-BA"
330230;2020-12-22;"terça-feira";"11:30:00";"RO";429;107;"ALVORADA DOESTE";"Falta de Atenção à Condução";"Colisão transversal";"Com Vítimas Feridas";"Pleno dia";"Crescente";"Nublado";"Simples";"Reta";"Não";3;0;0;1;1;1;1;3;-11,44756498;-62,37864002;"SPRF-RO";"DEL02-RO";"UOP03-DEL02-RO"
330233;2020-12-24;"quinta-feira";"14:00:00";"CE";222;124;"ITAPAJE";"Velocidade Incompatível";"Tombamento";"Com Vítimas Feridas";"Pleno dia";"Crescente";"Céu Claro";"Simples";"Curva";"Sim";4;0;1;0;2;2;1;5;-3,68879463;-39,58852575;"SPRF-CE";"DEL04-CE";"UOP03-DEL04-CE"
330239;2020-12-24;"quinta-feira";"14:00:00";"BA";101;129;"TEODORO SAMPAIO";"Falta de Atenção à Condução";"Colisão frontal";"Com Vítimas Fatais";"Pleno dia";"Crescente";"Céu Claro";"Simples";"Aclive";"Não";2;1;0;0;0;1;0;2;-12,21503896;-38,61801714;"SPRF-BA";"DEL01-BA";"UOP04-DEL01-BA"
330244;2020-12-24;"quinta-feira";"15:50:00";"BA";116;413;"FEIRA DE SANTANA";"Desobediência às normas de trânsito pelo condutor";"Colisão transversal";"Com Vítimas Feridas";"Pleno dia";"Crescente";"Sol";"Simples";"Reta";"Sim";3;0;0;1;1;1;1;3;-12,14246805;-38,96658117;"SPRF-BA";"DEL02-BA";"UOP01-DEL02-BA"
330246;2020-12-24;"quinta-feira";"16:00:00";"MA";135;7;"SAO LUIS";"Velocidade Incompatível";"Colisão lateral";"Com Vítimas Feridas";"Pleno dia";"Decrescente";"Nublado";"Dupla";"Declive";"Sim";2;0;1;0;1;0;1;2;-2,63608835;-44,26848552;"SPRF-MA";"DEL01-MA";"UOP01-DEL01-MA"
330254;2020-12-24;"quinta-feira";"13:55:00";"TO";153;354,1;"FORTALEZA DO TABOCAO";"Ultrapassagem Indevida";"Tombamento";"Com Vítimas Feridas";"Pleno dia";"Decrescente";"Céu Claro";"Simples";"Reta";"Não";6;0;1;0;3;3;1;5;-9,01400398;-48,50223118;"SPRF-TO";"DEL02-TO";"UOP02-DEL02-TO"
330266;2020-12-24;"quinta-feira";"17:20:00";"MG";116;719;"MURIAE";"Pista Escorregadia";"Colisão lateral";"Com Vítimas Feridas";"Pleno dia";"Decrescente";"Chuva";"Simples";"Curva";"Não";3;0;1;0;1;1;1;3;-21,23756793;-42,39406193;"SPRF-MG";"DEL07-MG";"UOP02-DEL07-MG"
330267;2020-12-24;"quinta-feira";"10:30:00";"MT";163;982;"TERRA NOVA DO NORTE";"Falta de Atenção do Pedestre";"Atropelamento de Pedestre";"Com Vítimas Feridas";"Pleno dia";"Crescente";"Nublado";"Simples";"Reta";"Não";6;0;0;1;2;3;1;5;-10,628612;-55,129147;"SPRF-MT";"DEL06-MT";"NPF/DEL06-MT"
330268;2020-12-24;"quinta-feira";"15:20:00";"MT";364;398;"CUIABA";"Desobediência às normas de trânsito pelo condutor";"Colisão transversal";"Sem Vítimas";"Pleno dia";"Decrescente";"Céu Claro";"Simples";"Reta";"Sim";3;0;0;0;2;1;0;3;-15,68278673;-55,92170288;"SPRF-MT";"DEL01-MT";"UOP02-DEL01-MT"
330270;2020-12-24;"quinta-feira";"13:50:00";"AL";101;51,6;"FLEXEIRAS";"Velocidade Incompatível";"Tombamento";"Sem Vítimas";"Pleno dia";"Decrescente";"Céu Claro";"Dupla";"Curva";"Não";2;0;0;0;1;3;0;4;-9,2492557;-35,75773001;"SPRF-AL";"DEL01-AL";"UOP02-DEL01-AL"
330273;2020-12-24;"quinta-feira";"07:40:00";"SC";282;586,9;"PINHALZINHO";"Velocidade Incompatível";"Tombamento";"Sem Vítimas";"Pleno dia";"Decrescente";"Sol";"Simples";"Curva";"Não";2;0;0;0;1;2;0;3;-26,83065776;-53,04430962;"SPRF-SC";"DEL07-SC";"UOP02-DEL07-SC"
330277;2020-12-24;"quinta-feira";"14:20:00";"SC";470;269,1;"BRUNOPOLIS";"Carga excessiva e/ou mal acondicionada";"Saída de leito carroçável";"Com Vítimas Feridas";"Pleno dia";"Crescente";"Sol";"Simples";"Curva";"Não";2;0;1;0;0;1;1;2;-27,313988;-50,758327;"SPRF-SC";"DEL07-SC";"UOP06-DEL07-SC"
330288;2020-12-24;"quinta-feira";"08:00:00";"GO";153;108;"SANTA TEREZA DE GOIAS";"Não guardar distância de segurança";"Colisão traseira";"Com Vítimas Feridas";"Pleno dia";"Decrescente";"Céu Claro";"Simples";"Reta";"Sim";7;0;1;0;5;2;1;4;-13,718869;-49,021191;"SPRF-GO";"DEL07-GO";"UOP01-DEL07-GO"
330290;2020-12-24;"quinta-feira";"15:00:00";"MA";222;672;"ACAILANDIA";"Não guardar distância de segurança";"Engavetamento";"Com Vítimas Feridas";"Pleno dia";"Crescente";"Céu Claro";"Simples";"Reta";"Sim";4;0;1;0;2;2;1;5;-4,949846;-47,481077;"SPRF-MA";"DEL04-MA";"UOP03-DEL04-MA"
330302;2020-12-24;"quinta-feira";"11:30:00";"GO";153;101;"SANTA TEREZA DE GOIAS";"Defeito Mecânico no Veículo";"Saída de leito carroçável";"Com Vítimas Feridas";"Pleno dia";"Decrescente";"Sol";"Simples";"Reta";"Não";3;0;2;0;1;0;2;1;-13,661941;-49,032959;"SPRF-GO";"DEL07-GO";"UOP01-DEL07-GO"
330312;2020-12-24;"quinta-feira";"10:00:00";"MA";222;563;"BOM JESUS DAS SELVAS";"Ultrapassagem Indevida";"Colisão frontal";"Com Vítimas Feridas";"Pleno dia";"Crescente";"Céu Claro";"Simples";"Reta";"Não";5;0;0;2;2;2;2;5;-4,39626495;-46,71853702;"SPRF-MA";"DEL04-MA";"UOP03-DEL04-MA"
330325;2020-12-24;"quinta-feira";"20:00:00";"GO";153;607;"MORRINHOS";"Defeito Mecânico no Veículo";"Colisão traseira";"Com Vítimas Feridas";"Plena Noite";"Decrescente";"Céu Claro";"Dupla";"Reta";"Não";3;0;0;1;2;0;1;2;-17,60934;-49,18404;"SPRF-GO";"DEL03-GO";"UOP01-DEL03-GO"
330335;2020-12-24;"quinta-feira";"16:15:00";"BA";242;462,4;"IBITIARA";"Velocidade Incompatível";"Capotamento";"Com Vítimas Fatais";"Pleno dia";"Crescente";"Céu Claro";"Simples";"Curva";"Não";3;2;0;0;0;1;0;2;-12,4423791;-42,17379204;"SPRF-BA";"DEL06-BA";"UOP01-DEL06-BA"
330340;2020-12-24;"quinta-feira";"22:15:00";"ES";101;292,1;"CARIACICA";"Mal Súbito";"Saída de leito carroçável";"Com Vítimas Fatais";"Plena Noite";"Decrescente";"Nublado";"Dupla";"Declive;Reta";"Sim";1;1;0;0;0;0;0;1;-20,30650512;-40,39488717;"SPRF-ES";"DEL01-ES";"UOP01-DEL01-ES"
330358;2020-12-24;"quinta-feira";"12:15:00";"BA";101;419;"IBIRAPITANGA";"Reação tardia ou ineficiente do condutor";"Colisão frontal";"Com Vítimas Fatais";"Pleno dia";"Decrescente";"Céu Claro";"Simples";"Reta";"Não";4;3;0;0;1;0;0;2;-14,12337;-39,36403;"SPRF-BA";"DEL05-BA";"UOP03-DEL05-BA"
330365;2020-12-25;"sexta-feira";"01:00:00";"PR";476;155;"ARAUCARIA";"Ingestão de Álcool";"Colisão lateral";"Sem Vítimas";"Plena Noite";"Crescente";"Céu Claro";"Dupla";"Reta";"Sim";3;0;0;0;2;1;0;3;-25,590897;-49,410622;"SPRF-PR";"DEL01-PR";"UOP03-DEL01-PR"
330367;2020-12-25;"sexta-feira";"01:15:00";"AL";101;137;"SAO MIGUEL DOS CAMPOS";"Pista Escorregadia";"Saída de leito carroçável";"Com Vítimas Feridas";"Plena Noite";"Decrescente";"Garoa/Chuvisco";"Simples";"Declive";"Não";2;0;0;2;0;0;2;1;-9,80260488;-36,11277021;"SPRF-AL";"DEL02-AL";"UOP01-DEL02-AL"
330389;2020-12-25;"sexta-feira";"04:20:00";"RJ";101;53;"CAMPOS DOS GOYTACAZES";"Ingestão de Álcool";"Colisão transversal";"Sem Vítimas";"Pleno dia";"Decrescente";"Céu Claro";"Simples";"Reta";"Não";2;0;0;0;2;0;0;2;-21,660484;-41,31128898;"SPRF-RJ";"DEL08-RJ";"UOP01-DEL08-RJ"
330392;2020-12-25;"sexta-feira";"03:19:00";"RO";364;344;"JI-PARANA";"Falta de Atenção à Condução";"Colisão transversal";"Com Vítimas Feridas";"Plena Noite";"Decrescente";"Céu Claro";"Múltipla";"Interseção de Vias";"Sim";3;0;1;1;1;0;2;2;-10,87376391;-61,95256893;"SPRF-RO";"DEL02-RO";"UOP01-DEL02-RO"
330415;2020-12-25;"sexta-feira";"04:50:00";"CE";222;244;"SOBRAL";"Falta de Atenção à Condução";"Colisão lateral";"Com Vítimas Feridas";"Amanhecer";"Decrescente";"Céu Claro";"Simples";"Reta";"Não";2;0;1;1;0;0;2;2;-3,74916207;-40,50785595;"SPRF-CE";"DEL04-CE";"UOP01-DEL04-CE"
330428;2020-12-25;"sexta-feira";"09:00:00";"PR";476;240,8;"LAPA";"Reação tardia ou ineficiente do condutor";"Tombamento";"Com Vítimas Feridas";"Pleno dia";"Crescente";"Sol";"Simples";"Curva";"Não";2;0;1;0;0;1;1;2;-25,864338;-50,069801;"SPRF-PR";"DEL02-PR";"UOP04-DEL02-PR"
330429;2020-12-25;"sexta-feira";"05:00:00";"BA";101;428;"MARAU";"Falta de Atenção do Pedestre";"Atropelamento de Pedestre";"Com Vítimas Fatais";"Amanhecer";"Decrescente";"Céu Claro";"Simples";"Curva";"Não";2;1;0;0;0;1;0;2;-14,1705;-39,32633;"SPRF-BA";"DEL05-BA";"UOP01-DEL05-BA"
330436;2020-12-25;"sexta-feira";"03:50:00";"RN";406;39,8;"GUAMARE";"Condutor Dormindo";"Saída de leito carroçável";"Com Vítimas Feridas";"Plena Noite";"Decrescente";"Nublado";"Simples";"Reta";"Não";1;0;0;1;0;0;1;1;-5,27116961;-36,31873783;"SPRF-RN";"DEL02-RN";"UOP01-DEL02-RN"
330444;2020-12-25;"sexta-feira";"11:00:00";"BA";116;596;"IRAJUBA";"Velocidade Incompatível";"Tombamento";"Com Vítimas Feridas";"Pleno dia";"Crescente";"Céu Claro";"Simples";"Curva";"Não";2;0;1;0;0;1;1;2;-13,18013991;-40,0048822;"SPRF-BA";"DEL03-BA";"UOP02-DEL03-BA"
330461;2020-12-25;"sexta-feira";"09:50:00";"BA";116;643,5;"JAGUAQUARA";"Defeito Mecânico no Veículo";"Tombamento";"Sem Vítimas";"Pleno dia";"Crescente";"Céu Claro";"Simples";"Curva";"Não";2;0;0;0;1;2;0;3;-13,55599586;-40,07502733;"SPRF-BA";"DEL03-BA";"UOP01-DEL03-BA"
330495;2020-12-25;"sexta-feira";"16:45:00";"RJ";116;163;"RIO DE JANEIRO";"Falta de Atenção à Condução";"Saída de leito carroçável";"Com Vítimas Feridas";"Pleno dia";"Crescente";"Chuva";"Múltipla";"Reta";"Sim";2;0;1;0;0;1;1;2;-22,802729;-43,290424;"SPRF-RJ";"DEL01-RJ";"UOP01-DEL01-RJ"
330548;2020-12-25;"sexta-feira";"13:40:00";"PI";343;305;"ALTOS";"Defeito Mecânico no Veículo";"Incêndio";"Sem Vítimas";"Pleno dia";"Crescente";"Sol";"Simples";"Reta";"Sim";2;0;0;0;1;1;0;2;-5,03444;-42,443382;"SPRF-PI";"DEL01-PI";"UOP01-DEL01-PI"
330551;2020-12-25;"sexta-feira";"22:29:00";"GO";40;91,5;"CRISTALINA";"Ultrapassagem Indevida";"Colisão traseira";"Com Vítimas Feridas";"Plena Noite";"Crescente";"Garoa/Chuvisco";"Simples";"Reta";"Não";8;0;3;2;1;3;5;5;-16,723808;-47,643627;"SPRF-DF";"DEL01-DF";"UOP02-DEL01-DF"
330565;2020-11-09;"segunda-feira";"19:00:00";"PR";476;47;"TUNAS DO PARANA";"Falta de Atenção à Condução";"Colisão com objeto estático";"Com Vítimas Feridas";"Plena Noite";"Decrescente";"Ignorado";"Simples";"Reta";"Não";2;0;0;1;0;2;1;3;-24,915411;-49,101437;"SPRF-PR";"DEL01-PR";"UOP02-DEL01-PR"
330570;2020-12-25;"sexta-feira";"23:00:00";"PR";373;439,1;"CHOPINZINHO";"Ingestão de Álcool";"Colisão frontal";"Com Vítimas Fatais";"Plena Noite";"Crescente";"Céu Claro";"Simples";"Reta";"Não";3;1;1;0;1;0;1;2;-25,80372667;-52,28297109;"SPRF-PR";"DEL02-PR";"UOP01-DEL02-PR"
330589;2020-12-26;"sábado";"06:50:00";"TO";153;327;"GUARAI";"Falta de Atenção à Condução";"Tombamento";"Com Vítimas Feridas";"Pleno dia";"Crescente";"Chuva";"Simples";"Reta";"Não";2;0;0;1;0;2;1;3;-8,77258801;-48,51082184;"SPRF-TO";"DEL02-TO";"UOP02-DEL02-TO"
330601;2020-12-26;"sábado";"07:40:00";"MG";251;500,5;"FRANCISCO SA";"Desobediência às normas de trânsito pelo condutor";"Colisão frontal";"Com Vítimas Feridas";"Pleno dia";"Decrescente";"Céu Claro";"Simples";"Curva";"Não";5;0;1;0;3;1;1;3;-16,597915;-43,644385;"SPRF-MG";"DEL12-MG";"UOP01-DEL12-MG"
330602;2020-12-26;"sábado";"07:40:00";"PI";343;311,7;"ALTOS";"Defeito Mecânico no Veículo";"Tombamento";"Com Vítimas Feridas";"Pleno dia";"Crescente";"Céu Claro";"Simples";"Curva";"Não";2;0;1;0;0;1;1;2;-5,039865;-42,49408;"SPRF-PI";"DEL01-PI";"UOP01-DEL01-PI"
330640;2020-12-26;"sábado";"13:40:00";"GO";60;229;"CEZARINA";"Defeito Mecânico no Veículo";"Tombamento";"Sem Vítimas";"Pleno dia";"Crescente";"Chuva";"Dupla";"Reta";"Não";1;0;0;0;1;0;0;1;-17,0484;-49,7858;"SPRF-GO";"DEL01-GO";"UOP02-DEL01-GO"
330647;2020-12-26;"sábado";"14:50:00";"PR";369;174,2;"ROLANDIA";"Falta de Atenção à Condução";"Colisão transversal";"Com Vítimas Feridas";"Pleno dia";"Decrescente";"Sol";"Simples";"Interseção de Vias";"Sim";2;0;1;0;1;0;1;2;-23,31715;-51,37773;"SPRF-PR";"DEL07-PR";"UOP01-DEL07-PR"
330653;2020-12-26;"sábado";"15:50:00";"DF";40;4;"BRASILIA";"Falta de Atenção à Condução";"Colisão lateral";"Com Vítimas Feridas";"Pleno dia";"Crescente";"Céu Claro";"Dupla";"Reta";"Sim";4;0;1;0;2;1;1;3;-16,012033;-47,982124;"SPRF-DF";"DEL01-DF";"UOP01-DEL01-DF"
330662;2020-12-26;"sábado";"15:35:00";"BA";116;919,8;"ENCRUZILHADA";"Desobediência às normas de trânsito pelo condutor";"Colisão frontal";"Com Vítimas Fatais";"Pleno dia";"Decrescente";"Sol";"Simples";"Reta";"Não";5;1;0;0;3;2;0;6;-15,591382;-41,280428;"SPRF-BA";"DEL08-BA";"UOP03-DEL08-BA"
330684;2020-12-26;"sábado";"16:20:00";"BA";101;468;"ITABUNA";"Objeto estático sobre o leito carroçável";"Colisão com objeto estático";"Com Vítimas Feridas";"Pleno dia";"Decrescente";"Chuva";"Simples";"Curva";"Não";3;0;1;1;1;0;2;2;-14,695337;-39,365237;"SPRF-BA";"DEL05-BA";"UOP01-DEL05-BA"
330696;2020-12-26;"sábado";"14:45:00";"RO";364;640;"ITAPUA DO OESTE";"Pista Escorregadia";"Colisão lateral";"Com Vítimas Feridas";"Pleno dia";"Crescente";"Chuva";"Simples";"Reta";"Não";8;0;1;0;6;2;1;4;-9,0110739972;-63,4214910576;"SPRF-RO";"DEL01-RO";"UOP04-DEL01-RO"
330715;2020-12-26;"sábado";"19:30:00";"MS";60;538;"NIOAQUE";"Falta de Atenção à Condução";"Colisão transversal";"Com Vítimas Feridas";"Plena Noite";"Crescente";"Céu Claro";"Simples";"Reta";"Sim";2;0;0;1;1;0;1;2;-21,14904306;-55,8204651;"SPRF-MS";"DEL05-MS";"UOP01-DEL05-MS"
330729;2020-12-26;"sábado";"22:40:00";"PE";101;10,8;"GOIANA";"Ingestão de Álcool";"Colisão traseira";"Com Vítimas Feridas";"Plena Noite";"Crescente";"Nublado";"Dupla";"Reta;Aclive";"Não";2;0;0;1;0;1;1;2;-7,58679204;-34,98736241;"SPRF-PE";"DEL01-PE";"UOP02-DEL01-PE"
330730;2020-12-26;"sábado";"22:48:00";"PR";277;38;"MORRETES";"Condutor Dormindo";"Colisão traseira";"Com Vítimas Feridas";"Plena Noite";"Decrescente";"Nublado";"Dupla";"Reta";"Não";3;0;0;1;1;2;1;4;-25,56584471;-48,81116269;"SPRF-PR";"DEL01-PR";"UOP05-DEL01-PR"
330736;2020-12-26;"sábado";"23:00:00";"RJ";40;87;"PETROPOLIS";"Deficiência ou não Acionamento do Sistema de Iluminação/Sinalização do Veículo";"Danos eventuais";"Sem Vítimas";"Plena Noite";"Decrescente";"Chuva";"Dupla";"Reta";"Não";2;0;0;0;2;0;0;2;-22,54413793;-43,23287799;"SPRF-RJ";"DEL06-RJ";"UOP01-DEL06-RJ"
330737;2020-12-26;"sábado";"20:25:00";"SC";116;182,6;"SAO CRISTOVAO DO SUL";"Desobediência às normas de trânsito pelo condutor";"Colisão lateral";"Com Vítimas Feridas";"Plena Noite";"Decrescente";"Nublado";"Simples";"Reta";"Não";3;0;0;1;1;1;1;3;-27,28926519;-50,4334259;"SPRF-SC";"DEL05-SC";"UOP03-DEL05-SC"
330738;2020-12-26;"sábado";"17:38:00";"GO";452;3;"RIO VERDE";"Falta de Atenção à Condução";"Colisão lateral";"Com Vítimas Feridas";"Anoitecer";"Decrescente";"Nublado";"Dupla";"Reta";"Sim";5;0;1;0;3;2;1;4;-17,80066089;-50,87743393;"SPRF-GO";"DEL04-GO";"UOP01-DEL04-GO"
330745;2020-12-26;"sábado";"23:40:00";"BA";324;470;"CANDEAL";"Falta de Atenção à Condução";"Colisão frontal";"Com Vítimas Fatais";"Plena Noite";"Crescente";"Céu Claro";"Simples";"Reta";"Não";3;2;1;0;0;0;1;2;-11,97563286;-39,12702245;"SPRF-BA";"DEL02-BA";"UOP01-DEL02-BA"
330759;2020-12-27;"domingo";"05:00:00";"SP";153;43;"ONDA VERDE";"Falta de Atenção à Condução";"Colisão frontal";"Com Vítimas Feridas";"Amanhecer";"Crescente";"Chuva";"Simples";"Reta";"Não";46;0;2;0;42;2;2;4;-20,64603812;-49,34057054;"SPRF-SP";"DEL09-SP";"UOP01-DEL09-SP"
330765;2020-12-27;"domingo";"04:00:00";"BA";116;902,9;"CANDIDO SALES";"Condutor Dormindo";"Colisão lateral";"Com Vítimas Feridas";"Amanhecer";"Decrescente";"Nublado";"Simples";"Reta";"Não";4;0;1;0;3;0;1;3;-15,481027;-41,242593;"SPRF-BA";"DEL08-BA";"UOP03-DEL08-BA"
330767;2020-12-27;"domingo";"04:10:00";"PI";316;4;"TERESINA";"Falta de Atenção à Condução";"Colisão com objeto estático";"Com Vítimas Feridas";"Plena Noite";"Crescente";"Céu Claro";"Múltipla";"Reta";"Sim";1;0;1;0;0;0;1;1;-5,13655894;-42,78900388;"SPRF-PI";"DEL01-PI";"UOP02-DEL01-PI"
330772;2020-12-27;"domingo";"06:00:00";"GO";70;4,4;"AGUAS LINDAS DE GOIAS";"Ingestão de Álcool";"Colisão traseira";"Com Vítimas Feridas";"Amanhecer";"Crescente";"Céu Claro";"Dupla";"Reta";"Sim";3;0;1;0;1;1;1;3;-15,759838;-48,246011;"SPRF-DF";"DEL03-DF";"UOP02-DEL03-DF"
330780;2020-12-27;"domingo";"07:10:00";"MG";381;546,4;"RIO MANSO";"Falta de Atenção à Condução";"Colisão lateral";"Com Vítimas Feridas";"Pleno dia";"Crescente";"Nublado";"Dupla";"Declive;Reta";"Não";4;0;1;0;1;2;1;4;-20,27209401;-44,42542358;"SPRF-MG";"DEL04-MG";"UOP03-DEL04-MG"
330781;2020-12-26;"sábado";"21:10:00";"AL";316;216,3;"ATALAIA";"Condutor Dormindo";"Colisão lateral";"Com Vítimas Feridas";"Plena Noite";"Crescente";"Céu Claro";"Simples";"Reta";"Não";2;0;1;0;1;0;1;2;-9,5019106;-36,21507883;"SPRF-AL";"DEL01-AL";"UOP01-DEL01-AL"
330798;2020-12-27;"domingo";"09:20:00";"PR";116;82;"PIRAQUARA";"Falta de Atenção do Pedestre";"Atropelamento de Pedestre";"Com Vítimas Feridas";"Pleno dia";"Crescente";"Nublado";"Dupla";"Reta";"Não";3;0;1;0;1;1;1;3;-25,41529716;-49,0678198;"SPRF-PR";"DEL01-PR";"UOP01-DEL01-PR"
330800;2020-12-27;"domingo";"10:00:00";"PE";116;33,6;"SALGUEIRO";"Ultrapassagem Indevida";"Colisão frontal";"Com Vítimas Feridas";"Pleno dia";"Crescente";"Céu Claro";"Simples";"Declive";"Não";2;0;0;1;0;1;1;2;-8,127007;-39,115208;"SPRF-PE";"DEL05-PE";"UOP01-DEL05-PE"
330805;2020-12-27;"domingo";"07:10:00";"MT";163;917;"ITAUBA";"Ultrapassagem Indevida";"Colisão lateral";"Sem Vítimas";"Pleno dia";"Crescente";"Céu Claro";"Simples";"Reta";"Não";3;0;0;0;2;1;0;3;-11,28615195;-55,31763118;"SPRF-MT";"DEL06-MT";"NPF/DEL06-MT"
330814;2020-12-27;"domingo";"09:15:00";"RO";364;699;"PORTO VELHO";"Desobediência às normas de trânsito pelo condutor";"Colisão com objeto estático";"Sem Vítimas";"Pleno dia";"Decrescente";"Nublado";"Dupla";"Reta";"Não";2;0;0;0;1;1;0;2;-8,80065344;-63,76814604;"SPRF-RO";"DEL01-RO";"UOP01-DEL01-RO"
330816;2020-12-27;"domingo";"12:08:00";"PR";376;163,5;"MARINGA";"Ingestão de Álcool";"Atropelamento de Pedestre";"Com Vítimas Feridas";"Pleno dia";"Crescente";"Céu Claro";"Dupla";"Reta";"Não";3;0;0;1;1;1;1;2;-23,38150629;-52,03480212;"SPRF-PR";"DEL09-PR";"UOP01-DEL09-PR"
330818;2020-12-27;"domingo";"11:10:00";"RS";386;255,9;"SOLEDADE";"Não guardar distância de segurança";"Colisão traseira";"Com Vítimas Feridas";"Pleno dia";"Crescente";"Céu Claro";"Simples";"Reta";"Não";8;0;2;0;5;2;2;6;-28,86777071;-52,44256139;"SPRF-RS";"DEL04-RS";"UOP03-DEL04-RS"
330821;2020-12-27;"domingo";"13:15:00";"MG";267;262,9;"AIURUOCA";"Falta de Atenção à Condução";"Saída de leito carroçável";"Com Vítimas Feridas";"Pleno dia";"Decrescente";"Chuva";"Simples";"Curva";"Não";2;0;1;0;0;1;1;2;-21,93725204;-44,5709875;"SPRF-MG";"DEL17-MG";"UOP01-DEL17-MG"
330830;2020-12-27;"domingo";"13:15:00";"SP";116;297;"ITAPECERICA DA SERRA";"Avarias e/ou desgaste excessivo no pneu";"Colisão transversal";"Com Vítimas Feridas";"Pleno dia";"Decrescente";"Céu Claro";"Dupla";"Interseção de Vias";"Não";4;0;1;1;1;1;2;3;-23,78323219;-46,91437053;"SPRF-SP";"DEL04-SP";"UOP01-DEL04-SP"
330843;2020-12-27;"domingo";"13:10:00";"ES";262;165,1;"IBATIBA";"Falta de Atenção à Condução";"Colisão transversal";"Com Vítimas Feridas";"Pleno dia";"Decrescente";"Nublado";"Simples";"Curva";"Não";4;0;1;1;1;1;2;3;-20,24911466;-41,55151398;"SPRF-ES";"DEL01-ES";"UOP02-DEL01-ES"
330848;2020-12-27;"domingo";"14:20:00";"PR";153;86;"CONSELHEIRO MAIRINCK";"Falta de Atenção à Condução";"Colisão traseira";"Com Vítimas Feridas";"Pleno dia";"Decrescente";"Céu Claro";"Simples";"Reta";"Não";5;0;2;2;1;0;4;2;-23,64765997;-50,15252239;"SPRF-PR";"DEL07-PR";"UOP04-DEL07-PR"
330854;2020-12-27;"domingo";"16:30:00";"BA";101;800;"ITAMARAJU";"Não guardar distância de segurança";"Colisão traseira";"Com Vítimas Feridas";"Anoitecer";"Decrescente";"Céu Claro";"Simples";"Reta";"Não";2;0;1;0;1;0;1;2;-17,14135504;-39,56892786;"SPRF-BA";"DEL09-BA";"UOP01-DEL09-BA"
330861;2020-12-27;"domingo";"16:32:00";"MG";40;510;"RIBEIRAO DAS NEVES";"Não guardar distância de segurança";"Colisão traseira";"Sem Vítimas";"Pleno dia";"Crescente";"Céu Claro";"Dupla";"Reta";"Não";3;0;0;0;2;1;0;3;-19,77463885;-44,12321882;"SPRF-MG";"DEL01-MG";"UOP02-DEL01-MG"
330862;2020-12-27;"domingo";"17:03:00";"PR";376;593;"CURITIBA";"Desobediência às normas de trânsito pelo condutor";"Colisão transversal";"Com Vítimas Fatais";"Pleno dia";"Crescente";"Céu Claro";"Dupla";"Reta";"Sim";4;1;0;1;0;3;1;4;-25,47642706;-49,35092413;"SPRF-PR";"DEL01-PR";"UOP01-DEL01-PR"
330879;2020-12-27;"domingo";"13:00:00";"BA";101;421;"IBIRAPITANGA";"Ingestão de álcool e/ou substâncias psicoativas pelo pedestre";"Atropelamento de Pedestre";"Com Vítimas Feridas";"Pleno dia";"Crescente";"Céu Claro";"Simples";"Reta";"Não";3;0;0;1;1;1;1;3;-14,13302788;-39,35952013;"SPRF-BA";"DEL05-BA";"UOP03-DEL05-BA"
330898;2020-12-27;"domingo";"18:40:00";"SP";381;0,1;"VARGEM";"Falta de Atenção à Condução";"Colisão lateral";"Com Vítimas Feridas";"Plena Noite";"Crescente";"Céu Claro";"Dupla";"Curva";"Não";4;0;1;0;2;2;1;4;-22,878674;-46,372143;"SPRF-SP";"DEL03-SP";"UOP01-DEL03-SP"
330900;2020-12-27;"domingo";"19:30:00";"PB";104;142,3;"QUEIMADAS";"Ingestão de Álcool";"Colisão lateral";"Com Vítimas Feridas";"Plena Noite";"Crescente";"Nublado";"Simples";"Reta";"Não";4;0;0;1;2;1;1;4;-7,39577502;-35,89744631;"SPRF-PB";"DEL02-PB";"UOP03-DEL02-PB"
330903;2020-12-27;"domingo";"18:00:00";"PB";101;77,1;"SANTA RITA";"Desobediência às normas de trânsito pelo condutor";"Colisão traseira";"Com Vítimas Feridas";"Plena Noite";"Decrescente";"Céu Claro";"Dupla";"Reta";"Não";3;0;0;1;1;1;1;3;-7,09947194;-34,96574283;"SPRF-PB";"DEL01-PB";"UOP04-DEL01-PB"
330921;2020-12-27;"domingo";"17:00:00";"PE";116;74,2;"CABROBO";"Avarias e/ou desgaste excessivo no pneu";"Colisão frontal";"Com Vítimas Fatais";"Pleno dia";"Decrescente";"Céu Claro";"Simples";"Reta";"Não";7;2;0;1;3;1;1;3;-8,47402;-39,201294;"SPRF-PE";"DEL05-PE";"UOP03-DEL05-PE"