"id";"data_inversa";"dia_semana";"horario";"uf";"br";"km";"municipio";"causa_acidente";"tipo_acidente";"classificacao_acidente";"fase_dia";"sentido_via";"condicao_metereologica";"tipo_pista";"tracado_via";"uso_solo";"pessoas";"mortos";"feridos_leves";"feridos_graves";"ilesos";"ignorados";"feridos";"veiculos";"latitude";"longitude";"regional";"delegacia";"uop"
330922;2020-12-27;"domingo";"15:40:00";"RO";364;116,4;"PIMENTA BUENO";"Defeito Mecânico no Veículo";"Tombamento";"Sem Vítimas";"Pleno dia";"Crescente";"Nublado";"Simples";"Aclive";"Não";2;0;0;0;1;1;0;2;-12,15663115;-60,71448241;"SPRF-RO";"DEL02-RO";"UOP02-DEL02-RO"
330925;2020-12-27;"domingo";"17:40:00";"BA";420;287;"UBAIRA";"Velocidade Incompatível";"Colisão lateral";"Com Vítimas Feridas";"Anoitecer";"Decrescente";"Céu Claro";"Simples";"Curva";"Não";5;0;1;2;1;1;3;3;-13,260137;-39,701923;"SPRF-BA";"DEL03-BA";"UOP01-DEL03-BA"
330929;2020-12-27;"domingo";"22:30:00";"SC";101;217,6;"PALHOCA";"Manobra de mudança de faixa";"Colisão lateral mesmo sentido";"Com Vítimas Feridas";"Plena Noite";"Decrescente";"Céu Claro";"Dupla";"Reta";"Sim";2;0;1;0;0;1;1;2;-27,66779034;-48,67393586;"SPRF-SC";"DEL01-SC";"UOP02-DEL01-SC"
330930;2020-12-27;"domingo";"19:30:00";"MG";381;543;"ITATIAIUCU";"Velocidade Incompatível";"Saída de leito carroçável";"Com Vítimas Feridas";"Plena Noite";"Decrescente";"Nublado";"Dupla";"Reta";"Não";3;0;0;1;1;2;1;4;-20,27336801;-44,42585498;"SPRF-MG";"DEL04-MG";"UOP03-DEL04-MG"
330936;2020-12-27;"domingo";"23:00:00";"MG";262;549;"LUZ";"Pista Escorregadia";"Colisão frontal";"Com Vítimas Fatais";"Plena Noite";"Crescente";"Chuva";"Simples";"Curva";"Não";5;3;1;0;1;0;1;3;-19,72508993;-45,86948395;"SPRF-MG";"DEL08-MG";"UOP02-DEL08-MG"
330942;2020-12-28;"segunda-feira";"00:20:00";"PR";277;2;"PARANAGUA";"Ingestão de Álcool";"Colisão traseira";"Com Vítimas Feridas";"Plena Noite";"Decrescente";"Chuva";"Simples";"Reta";"Sim";3;0;1;0;1;1;1;3;-25,533837;-48,552341;"SPRF-PR";"DEL01-PR";"UOP05-DEL01-PR"
330945;2020-12-27;"domingo";"23:35:00";"RS";293;340,5;"SANTANA DO LIVRAMENTO";"Ingestão de Álcool";"Colisão frontal";"Com Vítimas Feridas";"Plena Noite";"Decrescente";"Céu Claro";"Simples";"Reta";"Sim";5;0;1;0;2;2;1;4;-30,85604456;-55,53412905;"SPRF-RS";"DEL11-RS";"UOP01-DEL11-RS"
330947;2020-12-27;"domingo";"21:00:00";"MT";174;487;"COMODORO";"Falta de Atenção à Condução";"Colisão traseira";"Com Vítimas Feridas";"Plena Noite";"Crescente";"Chuva";"Simples";"Reta";"Não";3;0;1;0;1;1;1;3;-13,64760393;-59,79662967;"SPRF-MT";"DEL04-MT";"UOP01-DEL04-MT"
330952;2020-12-28;"segunda-feira";"02:00:00";"PE";232;30,1;"MORENO";"Animais na Pista";"Atropelamento de Animal";"Sem Vítimas";"Plena Noite";"Decrescente";"Chuva";"Dupla";"Curva";"Não";1;0;0;0;1;0;0;1;-8,11063325;-35,15197001;"SPRF-PE";"DEL02-PE";"UOP02-DEL02PE"
330953;2020-12-28;"segunda-feira";"02:25:00";"ES";101;387;"RIO NOVO DO SUL";"Velocidade Incompatível";"Tombamento";"Com Vítimas Feridas";"Plena Noite";"Crescente";"Céu Claro";"Simples";"Reta";"Não";2;0;0;1;0;1;1;2;-20,84937594;-40,87581007;"SPRF-ES";"DEL03-ES";"UOP01-DEL03-ES"
330955;2020-12-28;"segunda-feira";"03:40:00";"SP";116;506;"CAJATI";"Falta de Atenção à Condução";"Saída de leito carroçável";"Com Vítimas Feridas";"Plena Noite";"Decrescente";"Nublado";"Simples";"Curva";"Não";2;0;0;1;0;1;1;2;-24,813471;-48,208769;"SPRF-SP";"DEL05-SP";"UOP02-DEL05-SP"
330956;2020-12-28;"segunda-feira";"05:00:00";"RS";386;432,9;"NOVA SANTA RITA";"Velocidade Incompatível";"Colisão traseira";"Com Vítimas Feridas";"Amanhecer";"Crescente";"Nublado";"Dupla";"Reta;Aclive";"Não";12;0;11;1;0;0;12;2;-29,84112783;-51,29089594;"SPRF-RS";"DEL04-RS";"UOP02-DEL04-RS"
330959;2020-12-28;"segunda-feira";"03:40:00";"RJ";393;157;"TRES RIOS";"Falta de Atenção à Condução";"Colisão frontal";"Com Vítimas Fatais";"Plena Noite";"Decrescente";"Céu Claro";"Simples";"Curva";"Sim";2;1;0;0;1;0;0;2;-22,09474628;-43,07198988;"SPRF-RJ";"DEL05-RJ";"UOP01-DEL05-RJ"
330960;2020-12-28;"segunda-feira";"05:00:00";"AL";316;260;"PILAR";"Defeito Mecânico no Veículo";"Saída de leito carroçável";"Sem Vítimas";"Amanhecer";"Decrescente";"Céu Claro";"Simples";"Rotatória";"Não";2;0;0;0;1;1;0;2;-9,59126595;-35,904985;"SPRF-AL";"DEL02-AL";"UOP01-DEL02-AL"
330966;2020-12-28;"segunda-feira";"07:10:00";"SP";153;305,6;"CAMPOS NOVOS PAULISTA";"Não guardar distância de segurança";"Colisão traseira";"Com Vítimas Feridas";"Pleno dia";"Decrescente";"Céu Claro";"Simples";"Reta";"Não";3;0;1;0;1;2;1;4;-22,625226;-49,88953623;"SPRF-SP";"DEL07-SP";"UOP03-DEL07-SP"
330974;2020-12-28;"segunda-feira";"07:40:00";"RS";287;403;"SANTIAGO";"Falta de Atenção à Condução";"Colisão transversal";"Com Vítimas Feridas";"Pleno dia";"Crescente";"Céu Claro";"Simples";"Rotatória";"Não";3;0;1;0;2;0;1;2;-29,1405531;-54,89037922;"SPRF-RS";"DEL12-RS";"UOP02-DEL12-RS"
330975;2020-12-28;"segunda-feira";"07:20:00";"MG";116;763,3;"LEOPOLDINA";"Desobediência às normas de trânsito pelo condutor";"Colisão transversal";"Com Vítimas Feridas";"Pleno dia";"Decrescente";"Nublado";"Simples";"Interseção de Vias";"Não";2;0;0;1;1;0;1;2;-21,52635545;-42,63256914;"SPRF-MG";"DEL07-MG";"UOP01-DEL07-MG"
330978;2020-12-28;"segunda-feira";"06:52:00";"SC";101;247,5;"PAULO LOPES";"Falta de Atenção à Condução";"Colisão traseira";"Com Vítimas Feridas";"Pleno dia";"Crescente";"Céu Claro";"Dupla";"Reta";"Não";2;0;1;0;1;0;1;2;-27,91824491;-48,65414317;"SPRF-SC";"DEL02-SC";"UOP03-DEL02-SC"
330982;2020-12-28;"segunda-feira";"06:00:00";"PB";230;272,5;"SANTA LUZIA";"Velocidade Incompatível";"Tombamento";"Sem Vítimas";"Pleno dia";"Crescente";"Céu Claro";"Simples";"Declive;Curva";"Não";2;0;0;0;1;1;0;2;-6,9627;-36,8002;"SPRF-PB";"DEL03-PB";"UOP01-DEL03-PB"
330986;2020-12-28;"segunda-feira";"08:37:00";"SC";101;351,5;"JAGUARUNA";"Desobediência às normas de trânsito pelo condutor";"Colisão lateral";"Com Vítimas Feridas";"Pleno dia";"Decrescente";"Céu Claro";"Dupla";"Reta";"Não";3;0;1;0;2;0;1;3;-28,60930835;-49,05916393;"SPRF-SC";"DEL02-SC";"UOP01-DEL02-SC"
330987;2020-12-28;"segunda-feira";"08:05:00";"TO";153;306,8;"GUARAI";"Falta de Atenção à Condução";"Colisão traseira";"Com Vítimas Feridas";"Pleno dia";"Decrescente";"Céu Claro";"Simples";"Reta;Ponte";"Não";4;0;0;1;2;1;1;3;-8,587756;-48,483162;"SPRF-TO";"DEL02-TO";"UOP02-DEL02-TO"
330988;2020-12-28;"segunda-feira";"06:40:00";"SC";282;489,3;"FAXINAL DOS GUEDES";"Falta de Atenção à Condução";"Colisão lateral";"Com Vítimas Feridas";"Pleno dia";"Crescente";"Céu Claro";"Simples";"Declive";"Não";3;0;0;1;2;0;1;2;-26,863247;-52,270392;"SPRF-SC";"DEL07-SC";"UOP01-DEL07-SC"
330991;2020-12-28;"segunda-feira";"05:50:00";"AL";101;16;"NOVO LINO";"Carga excessiva e/ou mal acondicionada";"Tombamento";"Sem Vítimas";"Plena Noite";"Crescente";"Céu Claro";"Dupla";"Curva";"Não";2;0;0;0;1;1;0;2;-8,99730698;-35,6760262;"SPRF-AL";"DEL01-AL";"UOP02-DEL01-AL"
330992;2020-12-23;"quarta-feira";"15:30:00";"RS";470;250,7;"BARAO";"Falta de Atenção à Condução";"Colisão transversal";"Com Vítimas Feridas";"Pleno dia";"Decrescente";"Céu Claro";"Simples";"Interseção de Vias";"Não";3;0;2;0;1;0;2;2;-29,38948;-51,494038;"SPRF-RS";"DEL06-RS";"UOP01-DEL06-RS"
330993;2020-12-28;"segunda-feira";"08:45:00";"PR";153;355;"REBOUCAS";"Falta de Atenção à Condução";"Colisão frontal";"Com Vítimas Fatais";"Pleno dia";"Crescente";"Céu Claro";"Simples";"Curva;Declive";"Não";3;1;0;1;0;1;1;3;-25,639368;-50,72877;"SPRF-PR";"DEL03-PR";"UOP03-DEL03-PR"
330999;2020-12-28;"segunda-feira";"09:00:00";"SC";101;155,7;"PORTO BELO";"Velocidade Incompatível";"Colisão traseira";"Com Vítimas Feridas";"Pleno dia";"Decrescente";"Céu Claro";"Dupla";"Reta";"Sim";4;0;1;0;2;2;1;4;-27,16292;-48,61129;"SPRF-SC";"DEL04-SC";"UOP03-DEL04-SC"
331001;2020-12-28;"segunda-feira";"07:30:00";"RJ";101;288;"ITABORAI";"Falta de Atenção à Condução";"Tombamento";"Com Vítimas Feridas";"Pleno dia";"Crescente";"Céu Claro";"Dupla";"Reta";"Sim";4;0;1;0;1;2;1;4;-22,75933747;-42,84321275;"SPRF-RJ";"DEL02-RJ";"UOP03-DEL02-RJ"
331011;2020-12-28;"segunda-feira";"11:26:00";"GO";153;357,2;"JARAGUA";"Falta de Atenção à Condução";"Colisão lateral";"Com Vítimas Feridas";"Pleno dia";"Crescente";"Céu Claro";"Simples";"Interseção de Vias";"Sim";3;0;0;1;1;2;1;4;-15,73542301;-49,32337761;"SPRF-GO";"DEL02-GO";"UOP02-DEL02-GO"
331015;2020-11-23;"segunda-feira";"21:20:00";"PR";376;340,9;"ORTIGUEIRA";"Desobediência às normas de trânsito pelo condutor";"Colisão traseira";"Com Vítimas Fatais";"Plena Noite";"Decrescente";"Céu Claro";"Múltipla";"Curva;Aclive";"Não";4;2;0;0;1;1;0;3;-24,14341453;-50,98956954;"SPRF-PR";"DEL07-PR";"UOP03-DEL07-PR"
331016;2020-11-13;"sexta-feira";"03:00:00";"MS";262;114;"AGUA CLARA";"Não guardar distância de segurança";"Colisão traseira";"Com Vítimas Fatais";"Plena Noite";"Decrescente";"Nublado";"Simples";"Reta";"Não";4;1;0;0;1;6;0;8;-20,51699628;-52,61641405;"SPRF-MS";"DEL07-MS";"UOP02-DEL07-MS"
331017;2020-12-28;"segunda-feira";"10:50:00";"RS";158;104,1;"PALMEIRA DAS MISSOES";"Desobediência às normas de trânsito pelo condutor";"Colisão frontal";"Com Vítimas Fatais";"Pleno dia";"Crescente";"Céu Claro";"Simples";"Reta";"Sim";4;2;0;1;0;2;1;4;-27,92851299;-53,32425009;"SPRF-RS";"DEL08-RS";"UOP02-DEL08-RS"
331023;2020-12-28;"segunda-feira";"12:15:00";"SP";116;229,3;"SAO PAULO";"Falta de Atenção à Condução";"Colisão lateral";"Com Vítimas Feridas";"Pleno dia";"Decrescente";"Céu Claro";"Múltipla";"Reta";"Sim";3;0;1;0;1;1;1;3;-23,51291902;-46,57604698;"SPRF-SP";"DEL01-SP";"UOP01-DEL01-SP"
331029;2020-12-28;"segunda-feira";"13:45:00";"RS";470;212,3;"BENTO GONCALVES";"Condutor Dormindo";"Tombamento";"Com Vítimas Feridas";"Pleno dia";"Crescente";"Nublado";"Simples";"Reta";"Não";1;0;1;0;0;0;1;1;-29,14100749;-51,54090285;"SPRF-RS";"DEL06-RS";"UOP01-DEL06-RS"
331033;2020-10-10;"sábado";"12:42:00";"PA";222;238;"MARABA";"Desobediência às normas de trânsito pelo condutor";"Tombamento";"Com Vítimas Fatais";"Pleno dia";"Crescente";"Sol";"Simples";"Reta";"Sim";4;1;0;0;0;3;0;4;-5,301523;-49,072395;"SPRF-PA";"DEL03-PA";"UOP01-DEL03-PA"
331034;2020-12-28;"segunda-feira";"12:20:00";"MT";158;570,9;"AGUA BOA";"Desobediência às normas de trânsito pelo condutor";"Tombamento";"Sem Vítimas";"Pleno dia";"Decrescente";"Céu Claro";"Simples";"Reta";"Sim";2;0;0;0;1;3;0;4;-14,07336599;-52,15323316;"SPRF-MT";"DEL07-MT";"UOP02-DEL07-MT"
331039;2020-12-28;"segunda-feira";"14:45:00";"AL";316;257,7;"PILAR";"Falta de Atenção à Condução";"Colisão transversal";"Sem Vítimas";"Pleno dia";"Crescente";"Céu Claro";"Simples";"Reta";"Não";2;0;0;0;1;1;0;2;-9,59111036;-35,93216002;"SPRF-AL";"DEL02-AL";"UOP01-DEL02-AL"
331042;2020-12-28;"segunda-feira";"11:20:00";"MG";50;148;"UBERABA";"Velocidade Incompatível";"Tombamento";"Sem Vítimas";"Pleno dia";"Crescente";"Chuva";"Dupla";"Aclive";"Não";1;0;0;0;1;0;0;1;-19,54676795;-48,03584554;"SPRF-MG";"DEL13-MG";"UOP01-DEL13-MG"
331051;2020-12-28;"segunda-feira";"15:30:00";"MA";316;465,2;"CODO";"Velocidade Incompatível";"Saída de leito carroçável";"Com Vítimas Feridas";"Pleno dia";"Crescente";"Sol";"Simples";"Curva";"Não";3;0;1;1;0;2;2;3;-4,541063;-44,018379;"SPRF-MA";"DEL03-MA";"UOP01-DEL03-MA"
331052;2020-05-15;"sexta-feira";"06:10:00";"BA";101;812;"ITAMARAJU";"Desobediência às normas de trânsito pelo condutor";"Atropelamento de Pedestre";"Com Vítimas Feridas";"Amanhecer";"Crescente";"Céu Claro";"Simples";"Curva";"Sim";2;0;0;1;0;1;1;2;-17,04628123;-39,54391479;"SPRF-BA";"DEL09-BA";"UOP01-DEL09-BA"
331058;2020-12-23;"quarta-feira";"23:30:00";"PA";163;90;"ALTAMIRA";"Desobediência às normas de trânsito pelo condutor";"Colisão frontal";"Com Vítimas Fatais";"Plena Noite";"Crescente";"Ignorado";"Simples";"Curva";"Não";3;1;0;0;1;2;0;4;-8,850357;-54,963057;"SPRF-PA";"DEL05-PA";"UOP01-DEL05-PA"
331059;2020-12-28;"segunda-feira";"16:45:00";"PR";376;623,6;"SAO JOSE DOS PINHAIS";"Não guardar distância de segurança";"Colisão traseira";"Sem Vítimas";"Pleno dia";"Crescente";"Chuva";"Dupla";"Reta";"Não";3;0;0;0;2;1;0;3;-25,63462416;-49,16182135;"SPRF-PR";"DEL01-PR";"UOP04-DEL01-PR"
331060;2020-12-28;"segunda-feira";"16:45:00";"PR";376;623,6;"SAO JOSE DOS PINHAIS";"Não guardar distância de segurança";"Colisão com objeto estático";"Sem Vítimas";"Pleno dia";"Crescente";"Chuva";"Dupla";"Reta";"Sim";2;0;0;0;1;1;0;2;-25,63462416;-49,16182135;"SPRF-PR";"DEL01-PR";"UOP04-DEL01-PR"
331063;2020-12-28;"segunda-feira";"15:00:00";"SC";282;551,5;"NOVA ITABERABA";"Velocidade Incompatível";"Saída de leito carroçável";"Sem Vítimas";"Pleno dia";"Crescente";"Chuva";"Simples";"Curva";"Não";4;0;0;0;3;1;0;4;-26,951487;-52,778172;"SPRF-SC";"DEL07-SC";"UOP01-DEL07-SC"
331072;2020-12-28;"segunda-feira";"15:30:00";"PR";277;31;"MORRETES";"Velocidade Incompatível";"Tombamento";"Com Vítimas Feridas";"Pleno dia";"Decrescente";"Nublado";"Dupla";"Curva";"Não";2;0;1;0;0;1;1;2;-25,52874613;-48,73512603;"SPRF-PR";"DEL01-PR";"UOP05-DEL01-PR"
331073;2020-12-28;"segunda-feira";"18:00:00";"PE";101;70,7;"RECIFE";"Velocidade Incompatível";"Saída de leito carroçável";"Com Vítimas Fatais";"Plena Noite";"Crescente";"Céu Claro";"Dupla";"Curva";"Sim";1;1;0;0;0;0;0;1;-8,06776119;-34,94265074;"SPRF-PE";"DEL01-PE";"UOP01-DEL01-PE"
331075;2020-12-28;"segunda-feira";"17:40:00";"AL";101;30;"JOAQUIM GOMES";"Desobediência às normas de trânsito pelo condutor";"Colisão transversal";"Com Vítimas Fatais";"Anoitecer";"Crescente";"Céu Claro";"Simples";"Curva";"Não";7;3;0;0;3;1;0;4;-9,089121;-35,748823;"SPRF-AL";"DEL01-AL";"UOP02-DEL01-AL"
331078;2020-12-28;"segunda-feira";"17:00:00";"ES";101;15;"PEDRO CANARIO";"Agressão Externa";"Colisão transversal";"Com Vítimas Feridas";"Pleno dia";"Crescente";"Sol";"Simples";"Reta";"Sim";3;0;1;0;1;1;1;3;-18,29002497;-39,95475507;"SPRF-ES";"DEL04-ES";"UOP02-DEL04-ES"
331083;2020-12-28;"segunda-feira";"18:20:00";"ES";101;159;"LINHARES";"Falta de Atenção à Condução";"Colisão transversal";"Com Vítimas Feridas";"Anoitecer";"Crescente";"Nublado";"Simples";"Reta";"Sim";2;0;1;0;1;0;1;2;-19,4684012;-40,1102557;"SPRF-ES";"DEL04-ES";"UOP01-DEL04-ES"
331084;2020-12-28;"segunda-feira";"18:10:00";"PR";277;466,6;"LARANJEIRAS DO SUL";"Velocidade Incompatível";"Colisão frontal";"Com Vítimas Fatais";"Pleno dia";"Decrescente";"Céu Claro";"Simples";"Curva";"Não";5;3;1;0;0;1;1;3;-25,337792;-52,507096;"SPRF-PR";"DEL04-PR";"UOP02-DEL04-PR"
331091;2020-12-28;"segunda-feira";"15:50:00";"SC";470;4;"NAVEGANTES";"Falta de Atenção à Condução";"Tombamento";"Sem Vítimas";"Pleno dia";"Decrescente";"Garoa/Chuvisco";"Simples";"Reta";"Sim";1;0;0;0;1;0;0;1;-26,858473;-48,690788;"SPRF-SC";"DEL04-SC";"UOP04-DEL04-SC"
331093;2020-12-28;"segunda-feira";"15:40:00";"MG";262;552,3;"LUZ";"Velocidade Incompatível";"Colisão frontal";"Com Vítimas Feridas";"Pleno dia";"Crescente";"Garoa/Chuvisco";"Simples";"Curva";"Não";5;0;3;0;1;1;3;3;-19,71764199;-45,89096601;"SPRF-MG";"DEL08-MG";"UOP02-DEL08-MG"
331097;2020-12-28;"segunda-feira";"19:15:00";"RS";116;223;"DOIS IRMAOS";"Ingestão de Álcool";"Saída de leito carroçável";"Com Vítimas Fatais";"Anoitecer";"Crescente";"Nublado";"Simples";"Declive;Reta";"Sim";3;1;0;1;0;1;1;3;-29,58750877;-51,10078096;"SPRF-RS";"DEL01-RS";"UOP02-DEL01-RS"
331109;2020-12-18;"sexta-feira";"01:03:00";"MA";10;196;"RIBAMAR FIQUENE";"Condutor Dormindo";"Colisão traseira";"Com Vítimas Feridas";"Plena Noite";"Crescente";"Nublado";"Simples";"Reta";"Não";4;0;2;0;1;1;2;2;-5,998242;-47,383113;"SPRF-MA";"DEL04-MA";"UOP02-DEL04-MA"
331116;2020-12-28;"segunda-feira";"17:55:00";"RJ";40;44;"AREAL";"Falta de Atenção à Condução";"Colisão traseira";"Com Vítimas Feridas";"Anoitecer";"Crescente";"Chuva";"Dupla";"Reta";"Não";3;0;1;0;1;1;1;2;-22,27275475;-43,10869115;"SPRF-RJ";"DEL05-RJ";"UOP02-DEL05-RJ"
331132;2020-12-29;"terça-feira";"01:35:00";"RS";290;19,3;"SANTO ANTONIO DA PATRULHA";"Manobra de mudança de faixa";"Colisão lateral";"Sem Vítimas";"Plena Noite";"Decrescente";"Céu Claro";"Dupla";"Reta";"Não";2;0;0;0;2;0;0;2;-29,88598;-50,449068;"SPRF-RS";"DEL03-RS";"UOP01-DEL03-RS"
331137;2020-12-29;"terça-feira";"03:40:00";"ES";482;78,8;"ALEGRE";"Defeito Mecânico no Veículo";"Tombamento";"Com Vítimas Feridas";"Amanhecer";"Crescente";"Céu Claro";"Simples";"Curva";"Não";2;0;1;0;0;1;1;2;-20,75978337;-41,49586789;"SPRF-ES";"DEL03-ES";"UOP02-DEL03-ES"
331138;2020-12-29;"terça-feira";"03:45:00";"SP";116;210;"GUARULHOS";"Avarias e/ou desgaste excessivo no pneu";"Colisão com objeto estático";"Sem Vítimas";"Plena Noite";"Crescente";"Nublado";"Múltipla";"Reta";"Sim";2;0;0;0;1;1;0;2;-23,42884501;-46,41161442;"SPRF-SP";"DEL01-SP";"UOP01-DEL01-SP"
331148;2020-12-29;"terça-feira";"07:05:00";"MG";40;642,6;"CONSELHEIRO LAFAIETE";"Manobra de mudança de faixa";"Colisão lateral";"Com Vítimas Feridas";"Pleno dia";"Decrescente";"Sol";"Simples";"Reta;Aclive";"Não";3;0;1;1;0;1;2;2;-20,76558975;-43,80605405;"SPRF-MG";"DEL05-MG";"UOP02-DEL05-MG"
331149;2020-12-29;"terça-feira";"03:00:00";"PA";230;126;"MARABA";"Desobediência às normas de trânsito pelo condutor";"Colisão traseira";"Com Vítimas Feridas";"Plena Noite";"Crescente";"Céu Claro";"Simples";"Aclive";"Não";3;0;0;1;1;1;1;3;-5,37587385;-49,15164398;"SPRF-PA";"DEL03-PA";"UOP01-DEL03-PA"
331151;2020-12-29;"terça-feira";"06:50:00";"DF";60;4;"BRASILIA";"Falta de Atenção à Condução";"Colisão lateral";"Sem Vítimas";"Pleno dia";"Crescente";"Céu Claro";"Dupla";"Reta";"Sim";2;0;0;0;2;0;0;2;-15,892721;-48,095741;"SPRF-DF";"DEL03-DF";"UOP01-DEL03-DF"
331159;2020-12-29;"terça-feira";"08:20:00";"MG";381;693;"LAVRAS";"Condutor Dormindo";"Saída de leito carroçável";"Com Vítimas Feridas";"Pleno dia";"Crescente";"Céu Claro";"Dupla";"Reta";"Não";3;0;0;2;0;1;2;3;-21,25988599;-45,14006413;"SPRF-MG";"DEL04-MG";"UOP02-DEL04-MG"
331161;2020-12-29;"terça-feira";"08:00:00";"MG";381;288;"ANTONIO DIAS";"Ultrapassagem Indevida";"Colisão lateral";"Com Vítimas Feridas";"Pleno dia";"Crescente";"Céu Claro";"Simples";"Curva;Em Obras";"Não";3;0;0;1;1;1;1;3;-19,63905081;-42,81290207;"SPRF-MG";"DEL03-MG";"UOP02-DEL03-MG"
331168;2020-12-29;"terça-feira";"06:40:00";"CE";116;446,1;"BARRO";"Defeito Mecânico no Veículo";"Incêndio";"Sem Vítimas";"Pleno dia";"Crescente";"Céu Claro";"Simples";"Reta";"Não";1;0;0;0;1;0;0;1;-7,07905601;-38,78462205;"SPRF-CE";"DEL05-CE";"UOP03-DEL05-CE"
331172;2020-12-29;"terça-feira";"08:10:00";"ES";101;241,7;"SERRA";"Ultrapassagem Indevida";"Colisão lateral";"Com Vítimas Feridas";"Pleno dia";"Crescente";"Céu Claro";"Simples";"Curva";"Sim";3;0;1;0;1;1;1;3;-20,0300785;-40,39786577;"SPRF-ES";"DEL02-ES";"UOP01-DEL02-ES"
331183;2020-12-29;"terça-feira";"09:30:00";"ES";101;315,5;"VILA VELHA";"Falta de Atenção à Condução";"Colisão lateral";"Com Vítimas Feridas";"Pleno dia";"Crescente";"Sol";"Dupla";"Curva";"Não";4;0;2;0;1;2;2;4;-20,46976694;-40,46795209;"SPRF-ES";"DEL01-ES";"UOP01-DEL01-ES"
331188;2020-12-29;"terça-feira";"09:30:00";"RS";285;331,4;"CARAZINHO";"Animais na Pista";"Colisão lateral";"Com Vítimas Feridas";"Pleno dia";"Crescente";"Sol";"Simples";"Curva";"Não";3;0;1;0;1;2;1;4;-28,289944;-52,723309;"SPRF-RS";"DEL08-RS";"UOP03-DEL08-RS"
331190;2020-12-29;"terça-feira";"10:10:00";"PR";467;86;"CASCAVEL";"Desobediência às normas de trânsito pelo condutor";"Colisão transversal";"Sem Vítimas";"Pleno dia";"Crescente";"Chuva";"Dupla";"Reta";"Sim";3;0;0;0;2;1;0;3;-24,8289;-53,6431;"SPRF-PR";"DEL04-PR";"UOP01-DEL04-PR"
331197;2020-12-29;"terça-feira";"11:10:00";"GO";60;101,4;"ANAPOLIS";"Falta de Atenção à Condução";"Colisão lateral";"Com Vítimas Feridas";"Pleno dia";"Decrescente";"Céu Claro";"Dupla";"Retorno Regulamentado";"Sim";3;0;1;0;1;1;1;3;-16,4022;-48,9745;"SPRF-GO";"DEL02-GO";"UOP01-DEL02-GO"
331199;2020-12-29;"terça-feira";"12:05:00";"PR";277;647,1;"CEU AZUL";"Desobediência às normas de trânsito pelo condutor";"Colisão traseira";"Com Vítimas Feridas";"Pleno dia";"Crescente";"Nublado";"Simples";"Reta";"Não";3;0;2;0;1;0;2;2;-25,17489911;-53,91380604;"SPRF-PR";"DEL05-PR";"UOP02-DEL05-PR"
331206;2020-12-29;"terça-feira";"12:00:00";"PB";101;103;"ALHANDRA";"Falta de Atenção à Condução";"Colisão traseira";"Com Vítimas Feridas";"Pleno dia";"Crescente";"Sol";"Dupla";"Reta";"Não";5;0;1;0;1;3;1;4;-7,29163604;-34,93807826;"SPRF-PB";"DEL01-PB";"UOP02-DEL01-PB"
331208;2020-12-29;"terça-feira";"11:45:00";"RJ";493;8;"GUAPIMIRIM";"Não guardar distância de segurança";"Engavetamento";"Com Vítimas Feridas";"Pleno dia";"Decrescente";"Céu Claro";"Simples";"Reta";"Não";3;0;1;0;2;0;1;3;-22,71330892;-42,95334574;"SPRF-RJ";"DEL04-RJ";"UOP02-DEL04-RJ"
331216;2020-12-08;"terça-feira";"03:10:00";"MT";364;486,6;"JANGADA";"Desobediência às normas de trânsito pelo condutor";"Saída de leito carroçável";"Com Vítimas Feridas";"Plena Noite";"Crescente";"Chuva";"Simples";"Declive;Curva";"Não";4;0;3;1;0;0;4;1;-15,28749688;-56,43556595;"SPRF-MT";"DEL01-MT";"UOP02-DEL01-MT"
331224;2020-12-29;"terça-feira";"14:00:00";"MG";381;508;"SAO JOAQUIM DE BICAS";"Mal Súbito";"Colisão com objeto estático";"Com Vítimas Feridas";"Pleno dia";"Decrescente";"Céu Claro";"Múltipla";"Reta";"Não";2;0;1;0;1;0;1;2;-20,05322188;-44,28275084;"SPRF-MG";"DEL01-MG";"UOP03-DEL01-MG"
331227;2020-12-29;"terça-feira";"14:20:00";"SC";101;360;"SANGAO";"Desobediência às normas de trânsito pelo condutor";"Colisão lateral";"Com Vítimas Feridas";"Pleno dia";"Crescente";"Sol";"Simples";"Interseção de Vias";"Não";2;0;1;0;1;0;1;2;-28,65823109;-49,10991486;"SPRF-SC";"DEL02-SC";"UOP01-DEL02-SC"
331228;2020-12-29;"terça-feira";"14:40:00";"SP";116;216;"GUARULHOS";"Falta de Atenção à Condução";"Colisão traseira";"Com Vítimas Feridas";"Pleno dia";"Crescente";"Céu Claro";"Múltipla";"Reta";"Sim";2;0;1;0;0;1;1;2;-23,45056589;-46,46258105;"SPRF-SP";"DEL01-SP";"UOP01-DEL01-SP"
331233;2020-12-29;"terça-feira";"15:15:00";"RJ";101;78;"CAMPOS DOS GOYTACAZES";"Falta de Atenção à Condução";"Colisão traseira";"Com Vítimas Feridas";"Pleno dia";"Decrescente";"Sol";"Simples";"Reta";"Não";6;0;1;0;5;0;1;3;-21,83651916;-41,4235658;"SPRF-RJ";"DEL08-RJ";"UOP02-DEL08-RJ"