"id";"data_inversa";"dia_semana";"horario";"uf";"br";"km";"municipio";"causa_acidente";"tipo_acidente";"classificacao_acidente";"fase_dia";"sentido_via";"condicao_metereologica";"tipo_pista";"tracado_via";"uso_solo";"pessoas";"mortos";"feridos_leves";"feridos_graves";"ilesos";"ignorados";"feridos";"veiculos";"latitude";"longitude";"regional";"delegacia";"uop"
338194;2020-12-01;"terça-feira";"09:12:00";"RJ";101;391;"ITAGUAI";"Desobediência às normas de trânsito pelo condutor";"Colisão traseira";"Com Vítimas Fatais";"Pleno dia";"Crescente";"Céu Claro";"Dupla";"Reta";"Não";3;1;0;0;1;1;0;3;-22,894827;-43,68492;"SPRF-RJ";"DEL03-RJ";"UOP01-DEL03-RJ"
338262;2020-12-12;"sábado";"22:20:00";"SC";116;135,8;"SANTA CECILIA";"Ingestão de Álcool";"Colisão frontal";"Com Vítimas Fatais";"Plena Noite";"Crescente";"Garoa/Chuvisco";"Simples";"Reta;Aclive";"Não";2;1;0;0;1;0;0;2;-26,936367;-50,432137;"SPRF-SC";"DEL06-SC";"UOP02-DEL06-SC"
338487;2020-12-18;"sexta-feira";"17:00:00";"SP";116;217;"GUARULHOS";"Falta de Atenção à Condução";"Colisão traseira";"Com Vítimas Feridas";"Pleno dia";"Crescente";"Chuva";"Múltipla";"Reta";"Não";9;0;1;0;5;4;1;9;-23,45423824;-46,47119028;"SPRF-SP";"DEL01-SP";"UOP01-DEL01-SP"
338507;2020-12-31;"quinta-feira";"14:30:00";"RS";470;332;"TRIUNFO";"Velocidade Incompatível";"Colisão traseira";"Sem Vítimas";"Pleno dia";"Decrescente";"Céu Claro";"Simples";"Reta";"Sim";2;0;0;0;2;0;0;2;-29,85423891;-51,69909409;"SPRF-RS";"DEL04-RS";"UOP02-DEL04-RS"
338561;2020-11-09;"segunda-feira";"19:00:00";"PI";135;403;"REDENCAO DO GURGUEIA";"Desobediência às normas de trânsito pelo condutor";"Saída de leito carroçável";"Sem Vítimas";"Plena Noite";"Crescente";"Céu Claro";"Simples";"Reta";"Não";3;0;0;0;1;2;0;3;-9,42800592;-44,5963177;"SPRF-PI";"DEL03-PI";"UOP02-DEL03-PI"
338651;2020-05-09;"sábado";"20:15:00";"RS";153;15;"SEVERIANO DE ALMEIDA";"Falta de Atenção à Condução";"Colisão frontal";"Com Vítimas Feridas";"Plena Noite";"Decrescente";"Céu Claro";"Simples";"Reta";"Não";2;0;1;0;1;0;1;2;-27,43515414;-52,08365488;"SPRF-RS";"DEL08-RS";"UOP04-DEL08-RS"
338686;2020-12-31;"quinta-feira";"15:20:00";"MT";158;670;"NOVA XAVANTINA";"Acessar a via sem observar a presença dos outros veículos";"Colisão traseira";"Com Vítimas Feridas";"Pleno dia";"Crescente";"Céu Claro";"Simples";"Curva";"Não";3;0;1;0;0;2;1;3;-14,80178696;-52,3041909;"SPRF-MT";"DEL07-MT";"UOP01-DEL07-MT"
338687;2020-12-14;"segunda-feira";"13:30:00";"MA";316;246,2;"BOM JARDIM";"Pista esburacada";"Tombamento";"Com Vítimas Feridas";"Pleno dia";"Decrescente";"Chuva";"Simples";"Reta";"Não";1;0;1;0;0;0;1;1;-3,630885;-45,503601;"SPRF-MA";"DEL02-MA";"UOP01-DEL02-MA"
338890;2020-10-30;"sexta-feira";"08:45:00";"MG";251;335;"RUBELITA";"Ultrapassagem Indevida";"Colisão lateral";"Com Vítimas Feridas";"Pleno dia";"Crescente";"Nublado";"Simples";"Curva";"Não";4;0;0;1;2;3;1;6;-16,25375866;-42,44612628;"SPRF-MG";"DEL12-MG";"UOP01-DEL12-MG"
338918;2020-12-24;"quinta-feira";"06:30:00";"MG";381;365;"SAO GONCALO DO RIO ABAIXO";"Velocidade Incompatível";"Colisão transversal";"Com Vítimas Fatais";"Amanhecer";"Decrescente";"Chuva";"Simples";"Declive;Curva";"Não";3;1;1;0;0;2;1;4;-19,854651;-43,261071;"SPRF-MG";"DEL03-MG";"UOP01-DEL03-MG"
338930;2020-08-11;"terça-feira";"16:55:00";"PA";230;860;"URUARA";"Ingestão de Álcool";"Colisão frontal";"Sem Vítimas";"Pleno dia";"Decrescente";"Sol";"Simples";"Reta";"Não";2;0;0;0;1;1;0;2;-3,68664423;-53,56733501;"SPRF-PA";"DEL04-PA";"UOP01-DEL04-PA"
339409;2020-08-27;"quinta-feira";"16:30:00";"RJ";116;291;"PORTO REAL";"Fenômenos da Natureza";"Colisão traseira";"Com Vítimas Feridas";"Pleno dia";"Crescente";"Céu Claro";"Dupla";"Reta";"Não";3;0;1;0;1;1;1;3;-22,47234102;-44,27715902;"SPRF-RJ";"DEL07-RJ";"UOP02-DEL07-RJ"
339434;2020-12-24;"quinta-feira";"06:50:00";"MG";381;543;"ITATIAIUCU";"Condutor Dormindo";"Tombamento";"Com Vítimas Feridas";"Amanhecer";"Crescente";"Chuva";"Dupla";"Curva;Declive";"Não";2;0;0;1;0;1;1;2;-20,27336801;-44,42585498;"SPRF-MG";"DEL04-MG";"UOP03-DEL04-MG"
339575;2020-12-21;"segunda-feira";"06:00:00";"PA";155;221;"ELDORADO DO CARAJAS";"Falta de Atenção à Condução";"Saída de leito carroçável";"Com Vítimas Feridas";"Amanhecer";"Crescente";"Céu Claro";"Simples";"Reta";"Não";1;0;1;0;0;0;1;1;-6,34552309;-49,3896339;"SPRF-PA";"DEL03-PA";"UOP01-DEL03-PA"
339772;2020-11-10;"terça-feira";"12:40:00";"PI";343;176,8;"PIRIPIRI";"Falta de Atenção à Condução";"Colisão lateral";"Com Vítimas Feridas";"Pleno dia";"Decrescente";"Sol";"Simples";"Reta";"Não";4;0;0;2;1;1;2;3;-4,210357;-41,778091;"SPRF-PI";"DEL02-PI";"UOP01-DEL02-PI"
339802;2020-12-05;"sábado";"05:00:00";"RJ";116;72;"TERESOPOLIS";"Ausência de reação do condutor";"Tombamento";"Sem Vítimas";"Plena Noite";"Decrescente";"Céu Claro";"Simples";"Curva";"Não";2;0;0;0;1;1;0;2;-22,336229;-42,938663;"SPRF-RJ";"DEL04-RJ";"UOP01-DEL04-RJ"
339865;2020-11-28;"sábado";"15:00:00";"BA";116;563;"BREJOES";"Carga excessiva e/ou mal acondicionada";"Derramamento de carga";"Sem Vítimas";"Pleno dia";"Crescente";"Ignorado";"Simples";"Reta";"Não";2;0;0;0;1;2;0;3;-12,95610303;-39,92190696;"SPRF-BA";"DEL03-BA";"UOP02-DEL03-BA"
339903;2020-11-27;"sexta-feira";"16:45:00";"CE";222;12;"CAUCAIA";"Desobediência às normas de trânsito pelo condutor";"Colisão lateral";"Com Vítimas Feridas";"Pleno dia";"Crescente";"Céu Claro";"Simples";"Reta";"Não";7;0;4;0;1;2;4;4;-3,76479979;-38,66897196;"SPRF-CE";"DEL01-CE";"UOP01-DEL01-CE"
339904;2020-11-10;"terça-feira";"20:50:00";"PI";343;242;"COCAL DE TELHA";"Deficiência ou não Acionamento do Sistema de Iluminação/Sinalização do Veículo";"Colisão traseira";"Com Vítimas Feridas";"Plena Noite";"Decrescente";"Céu Claro";"Dupla";"Reta";"Não";4;0;2;0;0;2;2;3;-4,665567;-42,068455;"SPRF-PI";"DEL01-PI";"UOP03-DEL01-PI"
340006;2020-10-06;"terça-feira";"03:20:00";"RO";364;871;"PORTO VELHO";"Falta de Atenção do Pedestre";"Atropelamento de Pedestre";"Com Vítimas Fatais";"Plena Noite";"Crescente";"Nublado";"Simples";"Curva";"Não";2;1;0;0;0;1;0;2;-9,598379;-64,887859;"SPRF-RO";"DEL01-RO";"UOP02-DEL01-RO"
340025;2020-02-20;"quinta-feira";"14:10:00";"SP";116;291;"ITAPECERICA DA SERRA";"Não guardar distância de segurança";"Colisão traseira";"Com Vítimas Feridas";"Pleno dia";"Decrescente";"Chuva";"Dupla";"Curva";"Sim";2;0;0;1;1;0;1;2;-23,73826593;-46,89672721;"SPRF-SP";"DEL04-SP";"UOP01-DEL04-SP"
340092;2020-11-21;"sábado";"00:50:00";"PI";135;600;"CORRENTE";"Defeito na Via";"Tombamento";"Com Vítimas Feridas";"Plena Noite";"Decrescente";"Céu Claro";"Simples";"Reta";"Não";2;0;0;1;0;2;1;3;-10,51777342;-45,18700262;"SPRF-PI";"DEL03-PI";"UOP02-DEL03-PI"
340176;2020-11-23;"segunda-feira";"06:30:00";"MT";364;357,9;"SANTO ANTONIO DO LEVERGER";"Avarias e/ou desgaste excessivo no pneu";"Incêndio";"Sem Vítimas";"Pleno dia";"Crescente";"Céu Claro";"Dupla";"Reta";"Não";2;0;0;0;1;2;0;3;-15,78489984;-55,60855772;"SPRF-MT";"DEL05-MT";"UOP02-DEL05-MT"
340225;2020-03-23;"segunda-feira";"17:40:00";"MT";364;505;"JANGADA";"Defeito na Via";"Tombamento";"Com Vítimas Feridas";"Anoitecer";"Crescente";"Céu Claro";"Simples";"Declive";"Não";2;0;1;0;0;2;1;3;-15,22161699;-56,49997197;"SPRF-MT";"DEL01-MT";"DEL2/4-UOP02/MT"
340243;2020-11-27;"sexta-feira";"01:50:00";"RO";364;550;"ALTO PARAISO";"Desobediência às normas de trânsito pelo condutor";"Colisão frontal";"Com Vítimas Fatais";"Plena Noite";"Decrescente";"Céu Claro";"Simples";"Curva";"Não";3;1;0;1;0;2;1;4;-9,65163208;-63,07643886;"SPRF-RO";"DEL03-RO";"UOP01-DEL03-RO"
340416;2020-12-30;"quarta-feira";"17:20:00";"RJ";493;57;"DUQUE DE CAXIAS";"Falta de Atenção à Condução";"Colisão traseira";"Com Vítimas Feridas";"Pleno dia";"Decrescente";"Céu Claro";"Dupla";"Reta";"Não";4;0;1;1;1;2;2;4;-22,66357127;-43,36423874;"SPRF-RJ";"DEL01-RJ";"UOP01-DEL01-RJ"
340755;2020-11-24;"terça-feira";"18:30:00";"PI";402;13;"PARNAIBA";"Falta de Atenção à Condução";"Colisão lateral";"Com Vítimas Feridas";"Plena Noite";"Crescente";"Céu Claro";"Simples";"Reta";"Não";3;0;2;0;0;1;2;3;-3,100406;-41,789944;"SPRF-PI";"DEL05-PI";"UOP01-DEL05-PI"
340918;2020-12-05;"sábado";"14:20:00";"MG";381;212,2;"NAQUE";"Defeito Mecânico no Veículo";"Capotamento";"Sem Vítimas";"Amanhecer";"Crescente";"Nublado";"Simples";"Curva";"Não";2;0;0;0;1;2;0;3;-19,21796505;-42,30766296;"SPRF-MG";"DEL06-MG";"UOP01-DEL06-MG"
340999;2020-12-19;"sábado";"15:00:00";"PA";316;61;"CASTANHAL";"Falta de Atenção à Condução";"Colisão transversal";"Sem Vítimas";"Pleno dia";"Crescente";"Nublado";"Dupla";"Interseção de Vias";"Sim";4;0;0;0;3;1;0;4;-1,29686015;-47,94639002;"SPRF-PA";"DEL01-PA";"UOP01-DEL01-PA"
341315;2020-01-18;"sábado";"19:14:00";"PR";153;460;"PORTO VITORIA";"Falta de Atenção à Condução";"Colisão traseira";"Com Vítimas Feridas";"Plena Noite";"Crescente";"Céu Claro";"Simples";"Curva";"Não";4;0;1;0;2;2;1;4;-26,23358346;-51,14657307;"SPRF-PR";"DEL02-PR";"UOP03-DEL02-PR"
341387;2020-11-25;"quarta-feira";"18:25:00";"PI";343;264,9;"CAMPO MAIOR";"Defeito Mecânico no Veículo";"Danos eventuais";"Com Vítimas Feridas";"Anoitecer";"Decrescente";"Céu Claro";"Simples";"Curva";"Sim";4;0;1;1;1;1;2;3;-4,827662;-42,162594;"SPRF-PI";"DEL01-PI";"UOP03-DEL01-PI"
341464;2020-12-11;"sexta-feira";"00:54:00";"PI";316;312;"PICOS";"Falta de Atenção à Condução";"Colisão lateral";"Com Vítimas Feridas";"Plena Noite";"Crescente";"Céu Claro";"Simples";"Reta";"Sim";3;0;1;0;1;1;1;3;-7,08092534;-41,4582602;"SPRF-PI";"DEL04-PI";"UOP01-DEL04-PI"
341616;2020-12-11;"sexta-feira";"04:50:00";"PI";20;343,8;"SANTO ANTONIO DE LISBOA";"Defeito Mecânico no Veículo";"Incêndio";"Sem Vítimas";"Amanhecer";"Decrescente";"Céu Claro";"Simples";"Reta";"Não";2;0;0;0;1;1;0;2;-6,94678619;-41,16213979;"SPRF-PI";"DEL04-PI";"UOP01-DEL04-PI"
341625;2020-11-04;"quarta-feira";"05:00:00";"SE";101;32,5;"CAPELA";"Mal Súbito";"Colisão frontal";"Com Vítimas Fatais";"Amanhecer";"Crescente";"Céu Claro";"Simples";"Curva;Em Obras";"Não";4;1;1;1;0;3;2;5;-10,46268099;-36,9411742;"SPRF-SE";"DEL02-SE";"UOP02-DEL02-SE"
341825;2020-10-27;"terça-feira";"18:30:00";"PI";407;600,3;"ACAUA";"Velocidade Incompatível";"Tombamento";"Com Vítimas Feridas";"Plena Noite";"Decrescente";"Céu Claro";"Simples";"Curva";"Não";2;0;1;0;0;1;1;2;-8,34086699;-41,06296704;"SPRF-PI";"DEL04-PI";"UOP01-DEL04-PI"
342116;2020-12-18;"sexta-feira";"08:10:00";"RJ";393;274;"BARRA DO PIRAI";"Falta de Atenção à Condução";"Tombamento";"Com Vítimas Feridas";"Pleno dia";"Crescente";"Nublado";"Dupla";"Curva";"Não";2;0;1;0;0;1;1;2;-22,48328327;-43,96042792;"SPRF-RJ";"DEL05-RJ";"UOP04-DEL05-RJ"
342288;2020-11-26;"quinta-feira";"10:55:00";"SC";153;18,5;"AGUA DOCE";"Falta de Atenção à Condução";"Colisão transversal";"Com Vítimas Feridas";"Pleno dia";"Decrescente";"Céu Claro";"Simples";"Reta";"Não";3;0;0;1;1;1;1;3;-26,711218;-51,608593;"SPRF-SC";"DEL07-SC";"UOP05-DEL07-SC"
342409;2020-12-17;"quinta-feira";"17:30:00";"PR";116;83;"PIRAQUARA";"Manobra de mudança de faixa";"Colisão lateral";"Com Vítimas Feridas";"Anoitecer";"Decrescente";"Céu Claro";"Dupla";"Aclive;Reta";"Sim";2;0;1;0;1;0;1;2;-25,42089417;-49,07238381;"SPRF-PR";"DEL01-PR";"UOP01-DEL01-PR"
342437;2020-12-16;"quarta-feira";"07:00:00";"PR";277;66,9;"SAO JOSE DOS PINHAIS";"Falta de Atenção à Condução";"Colisão traseira";"Com Vítimas Feridas";"Pleno dia";"Decrescente";"Céu Claro";"Dupla";"Reta";"Sim";2;0;0;1;1;0;1;2;-25,54908791;-49,04398096;"SPRF-PR";"DEL01-PR";"UOP01-DEL01-PR"
342634;2020-11-12;"quinta-feira";"14:30:00";"PI";343;264,5;"CAMPO MAIOR";"Defeito Mecânico no Veículo";"Colisão transversal";"Com Vítimas Feridas";"Pleno dia";"Crescente";"Céu Claro";"Simples";"Reta";"Sim";2;0;1;0;1;0;1;2;-4,827662;-42,162594;"SPRF-PI";"DEL01-PI";"UOP03-DEL01-PI"
342665;2020-12-21;"segunda-feira";"23:01:00";"RO";364;57;"VILHENA";"Desobediência às normas de trânsito pelo condutor";"Colisão frontal";"Com Vítimas Fatais";"Plena Noite";"Crescente";"Nublado";"Simples";"Reta";"Não";6;2;1;3;0;0;4;2;-12,5205682;-60,40864205;"SPRF-RO";"DEL04-RO";"UOP01-DEL04-RO"
342670;2020-12-12;"sábado";"16:30:00";"PI";135;351;"BOM JESUS";"Carga excessiva e/ou mal acondicionada";"Danos eventuais";"Sem Vítimas";"Pleno dia";"Crescente";"Sol";"Dupla";"Reta";"Sim";2;0;0;0;2;0;0;1;-9,07627817;-44,34586005;"SPRF-PI";"DEL03-PI";"UOP02-DEL03-PI"
342765;2020-11-13;"sexta-feira";"14:40:00";"PI";316;81;"LAGOINHA DO PIAUI";"Demais falhas mecânicas ou elétricas";"Incêndio";"Sem Vítimas";"Pleno dia";"Crescente";"Sol";"Simples";"Curva";"Não";2;0;0;0;1;1;0;2;-5,75086096;-42,61930445;"SPRF-PI";"DEL01-PI";"UOP02-DEL01-PI"
342997;2020-03-10;"terça-feira";"11:30:00";"MG";116;519,3;"UBAPORANGA";"Reação tardia ou ineficiente do condutor";"Colisão com objeto estático";"Com Vítimas Feridas";"Pleno dia";"Decrescente";"Sol";"Simples";"Declive;Curva";"Não";2;0;0;1;0;1;1;2;-19,71798497;-42,12830605;"SPRF-MG";"DEL06-MG";"UOP02-DEL06-MG"
343624;2020-11-30;"segunda-feira";"07:10:00";"PI";316;42,3;"LAGOA DO PIAUI";"Reação tardia ou ineficiente do condutor";"Colisão traseira";"Com Vítimas Feridas";"Pleno dia";"Decrescente";"Céu Claro";"Simples";"Reta";"Não";5;0;1;0;3;1;1;5;-5,41952403;-42,64045707;"SPRF-PI";"DEL01-PI";"UOP02-DEL01-PI"
343640;2020-02-16;"domingo";"10:15:00";"GO";158;40;"BOM JARDIM DE GOIAS";"Velocidade Incompatível";"Colisão traseira";"Com Vítimas Fatais";"Pleno dia";"Crescente";"Sol";"Simples";"Reta";"Não";4;1;1;0;1;1;1;3;-16,20285;-52,156364;"SPRF-GO";"DEL04-GO";"UOP01-DEL04-GO"
343721;2020-12-28;"segunda-feira";"10:30:00";"PA";230;120;"MARABA";"Falta de Atenção à Condução";"Colisão lateral";"Sem Vítimas";"Pleno dia";"Crescente";"Sol";"Dupla";"Reta";"Sim";2;0;0;0;2;0;0;2;-5,36114828;-49,1238749;"SPRF-PA";"DEL03-PA";"UOP01-DEL03-PA"
343782;2020-12-16;"quarta-feira";"00:30:00";"RJ";116;308;"RESENDE";"Falta de Atenção à Condução";"Colisão traseira";"Com Vítimas Feridas";"Plena Noite";"Decrescente";"Céu Claro";"Dupla";"Reta";"Sim";5;0;3;0;2;0;3;3;-22,45783299;-44,418685;"SPRF-RJ";"DEL07-RJ";"UOP02-DEL07-RJ"
343792;2020-12-25;"sexta-feira";"09:00:00";"BA";101;551;"ARATACA";"Transitar na contramão";"Colisão frontal";"Com Vítimas Feridas";"Pleno dia";"Crescente";"Céu Claro";"Simples";"Reta";"Não";4;0;0;2;1;2;2;4;-15,28039697;-39,4750951;"SPRF-BA";"DEL05-BA";"UOP02-DEL05-BA"
343836;2020-12-08;"terça-feira";"18:30:00";"PA";153;55;"SAO DOMINGOS DO ARAGUAIA";"Manobra de mudança de faixa";"Colisão lateral sentido oposto";"Com Vítimas Feridas";"Anoitecer";"Crescente";"Céu Claro";"Simples";"Reta";"Não";9;0;0;3;3;3;3;5;-5,604073;-48,718838;"SPRF-PA";"DEL03-PA";"UOP01-DEL03-PA"
344355;2020-12-19;"sábado";"07:00:00";"MG";365;596,3;"UBERLANDIA";"Defeito Mecânico no Veículo";"Colisão lateral";"Com Vítimas Fatais";"Pleno dia";"Decrescente";"Nublado";"Simples";"Ponte;Reta";"Não";6;1;0;0;2;3;0;5;-18,87324;-48,077713;"SPRF-MG";"DEL15-MG";"UOP01-DEL15-MG"
344863;2020-11-15;"domingo";"08:30:00";"MT";364;286;"JACIARA";"Falta de Atenção à Condução";"Tombamento";"Com Vítimas Feridas";"Pleno dia";"Decrescente";"Nublado";"Dupla";"Curva";"Não";3;0;1;0;1;4;1;6;-15,90151807;-55,056197;"SPRF-MT";"DEL05-MT";"UOP02-DEL05-MT"
344981;2020-12-03;"quinta-feira";"10:45:00";"RS";101;5,8;"MAQUINE";"Não guardar distância de segurança";"Saída de leito carroçável";"Com Vítimas Feridas";"Pleno dia";"Crescente";"Céu Claro";"Simples";"Reta";"Sim";6;0;0;2;3;1;2;3;-29,76735763;-50,16975403;"SPRF-RS";"DEL03-RS";"UOP01-DEL03-RS"
345115;2020-11-05;"quinta-feira";"16:00:00";"TO";153;326,7;"GUARAI";"Pista Escorregadia";"Tombamento";"Com Vítimas Feridas";"Pleno dia";"Crescente";"Chuva";"Simples";"Reta";"Não";2;0;1;0;0;2;1;3;-8,76995017;-48,51067456;"SPRF-TO";"DEL02-TO";"UOP02-DEL02-TO"
345186;2020-08-02;"domingo";"22:07:00";"MG";50;143,2;"UBERABA";"Falta de Atenção à Condução";"Saída de leito carroçável";"Com Vítimas Feridas";"Plena Noite";"Crescente";"Céu Claro";"Dupla";"Reta";"Não";2;0;1;0;0;1;1;2;-19,50261301;-48,04531304;"SPRF-MG";"DEL13-MG";"UOP01-DEL13-MG"
345193;2020-08-26;"quarta-feira";"00:10:00";"GO";414;399;"CORUMBA DE GOIAS";"Ultrapassagem Indevida";"Colisão frontal";"Com Vítimas Feridas";"Plena Noite";"Decrescente";"Céu Claro";"Simples";"Aclive";"Não";5;0;1;0;3;2;1;6;-15,96674819;-48,82199767;"SPRF-GO";"DEL02-GO";"UOP01-DEL02-GO"
345233;2020-10-03;"sábado";"06:02:00";"PB";230;27;"JOAO PESSOA";"Falta de Atenção à Condução";"Colisão lateral";"Sem Vítimas";"Pleno dia";"Crescente";"Sol";"Dupla";"Curva";"Sim";2;0;0;0;1;1;0;2;-7,16488559;-34,89225995;"SPRF-PB";"DEL01-PB";"UOP01-DEL01-PB"
345413;2020-12-20;"domingo";"23:55:00";"MG";365;393,4;"LAGOA FORMOSA";"Velocidade Incompatível";"Tombamento";"Com Vítimas Fatais";"Plena Noite";"Decrescente";"Céu Claro";"Simples";"Curva";"Não";6;2;1;2;0;1;3;2;-18,63481872;-46,34836686;"SPRF-MG";"DEL10-MG";"UOP01-DEL10-MG"
345482;2020-10-04;"domingo";"17:20:00";"BA";110;357;"CATU";"Ultrapassagem Indevida";"Queda de ocupante de veículo";"Com Vítimas Feridas";"Pleno dia";"Crescente";"Céu Claro";"Múltipla";"Reta";"Sim";3;0;2;0;1;0;2;2;-12,28092;-38,37128;"SPRF-BA";"DEL01-BA";"UOP04-DEL01-BA"
345591;2020-12-17;"quinta-feira";"07:15:00";"PI";135;475;"MONTE ALEGRE DO PIAUI";"Falta de Atenção à Condução";"Colisão traseira";"Com Vítimas Feridas";"Amanhecer";"Crescente";"Céu Claro";"Simples";"Declive";"Não";5;0;1;0;3;2;1;4;-9,63979815;-45,10101078;"SPRF-PI";"DEL03-PI";"UOP02-DEL03-PI"
345638;2020-11-07;"sábado";"18:45:00";"SC";116;241;"LAGES";"Ingestão de Álcool";"Colisão frontal";"Com Vítimas Feridas";"Plena Noite";"Crescente";"Céu Claro";"Simples";"Curva";"Não";2;0;1;0;1;0;1;2;-27,76776602;-50,33668491;"SPRF-SC";"DEL05-SC";"UOP01-DEL05-SC"
345641;2020-12-15;"terça-feira";"12:55:00";"RS";471;150,6;"SANTA CRUZ DO SUL";"Falta de Atenção à Condução";"Colisão transversal";"Com Vítimas Feridas";"Pleno dia";"Decrescente";"Céu Claro";"Simples";"Interseção de Vias";"Sim";3;0;0;1;1;1;1;3;-29,817495;-52,403397;"SPRF-RS";"DEL02-RS";"UOP03-DEL02-RS"
345793;2020-11-25;"quarta-feira";"00:02:00";"BA";116;365;"SERRINHA";"Transitar na contramão";"Colisão lateral sentido oposto";"Com Vítimas Feridas";"Plena Noite";"Decrescente";"Céu Claro";"Simples";"Reta";"Não";3;0;0;1;0;2;1;3;-11,69484773;-38,98523211;"SPRF-BA";"DEL02-BA";"UOP01-DEL02-BA"
345797;2020-12-17;"quinta-feira";"16:40:00";"PI";135;540;"SAO GONCALO DO GURGUEIA";"Falta de Atenção à Condução";"Tombamento";"Com Vítimas Feridas";"Pleno dia";"Crescente";"Céu Claro";"Dupla";"Curva";"Não";1;0;0;1;0;0;1;1;-10,04142474;-45,29454879;"SPRF-PI";"DEL03-PI";"UOP02-DEL03-PI"
345798;2020-12-30;"quarta-feira";"12:10:00";"SP";116;463;"PARIQUERA-ACU";"Avarias e/ou desgaste excessivo no pneu";"Colisão traseira";"Com Vítimas Feridas";"Pleno dia";"Decrescente";"Céu Claro";"Dupla";"Reta";"Não";3;0;2;0;1;0;2;2;-24,62904309;-47,90227592;"SPRF-SP";"DEL05-SP";"UOP01-DEL05-SP"
345822;2020-12-16;"quarta-feira";"19:00:00";"PI";135;476;"MONTE ALEGRE DO PIAUI";"Condutor Dormindo";"Tombamento";"Com Vítimas Feridas";"Plena Noite";"Crescente";"Céu Claro";"Simples";"Reta;Declive";"Não";2;0;0;1;0;1;1;2;-9,64733768;-45,10604547;"SPRF-PI";"DEL03-PI";"UOP02-DEL03-PI"
345860;2020-12-14;"segunda-feira";"18:00:00";"PI";343;534;"AMARANTE";"Desobediência às normas de trânsito pelo condutor";"Colisão traseira";"Com Vítimas Feridas";"Plena Noite";"Decrescente";"Garoa/Chuvisco";"Simples";"Curva";"Não";3;0;1;0;1;1;1;2;-6,482438;-42,790558;"SPRF-PI";"DEL03-PI";"UOP01-DEL03-PI"
346392;2020-06-12;"sexta-feira";"15:00:00";"SC";101;120,1;"ITAJAI";"Falta de Atenção à Condução";"Colisão traseira";"Com Vítimas Feridas";"Pleno dia";"Crescente";"Sol";"Dupla";"Reta";"Não";7;0;1;2;1;4;3;7;-26,912758;-48,711998;"SPRF-SC";"DEL04-SC";"UOP04-DEL04-SC"
346468;2020-11-19;"quinta-feira";"01:25:00";"RJ";116;74;"TERESOPOLIS";"Pista Escorregadia";"Saída de leito carroçável";"Com Vítimas Feridas";"Plena Noite";"Decrescente";"Chuva";"Simples";"Curva";"Não";2;0;1;0;0;1;1;2;-22,35343905;-42,94244164;"SPRF-RJ";"DEL04-RJ";"UOP01-DEL04-RJ"
346751;2020-11-27;"sexta-feira";"22:10:00";"PI";343;265;"CAMPO MAIOR";"Ingestão de Álcool";"Colisão traseira";"Sem Vítimas";"Plena Noite";"Decrescente";"Céu Claro";"Simples";"Curva";"Sim";2;0;0;0;2;0;0;2;-4,834697;-42,167046;"SPRF-PI";"DEL01-PI";"UOP03-DEL01-PI"
346817;2020-12-15;"terça-feira";"05:00:00";"PI";316;2,4;"TERESINA";"Carga excessiva e/ou mal acondicionada";"Tombamento";"Com Vítimas Feridas";"Amanhecer";"Decrescente";"Céu Claro";"Múltipla";"Rotatória";"Sim";2;0;1;0;0;2;1;3;-5,12477477;-42,79848465;"SPRF-PI";"DEL01-PI";"UOP02-DEL01-PI"
346828;2020-12-15;"terça-feira";"12:52:00";"MG";381;675,1;"PERDOES";"Desobediência às normas de trânsito pelo pedestre";"Atropelamento de Pedestre";"Com Vítimas Feridas";"Pleno dia";"Crescente";"Céu Claro";"Dupla";"Reta";"Sim";3;0;0;1;1;1;1;2;-21,11551592;-45,09411331;"SPRF-MG";"DEL04-MG";"UOP02-DEL04-MG"
346881;2020-09-26;"sábado";"13:30:00";"PA";316;14;"MARITUBA";"Falta de Atenção à Condução";"Colisão traseira";"Com Vítimas Feridas";"Pleno dia";"Decrescente";"Ignorado";"Dupla";"Reta";"Sim";3;0;1;0;1;1;1;2;-1,36623271;-48,3146169;"SPRF-PA";"DEL01-PA";"UOP01-DEL01-PA"
347196;2020-12-22;"terça-feira";"09:10:00";"PI";343;298;"CAMPO MAIOR";"Pista Escorregadia";"Saída de leito carroçável";"Com Vítimas Feridas";"Pleno dia";"Crescente";"Chuva";"Simples";"Curva";"Não";1;0;1;0;0;0;1;1;-4,84766;-42,1918597;"SPRF-PI";"DEL01-PI";"UOP03-DEL01-PI"
347870;2020-12-21;"segunda-feira";"10:45:00";"PI";135;404;"REDENCAO DO GURGUEIA";"Falta de Atenção à Condução";"Saída de leito carroçável";"Sem Vítimas";"Pleno dia";"Decrescente";"Nublado";"Simples";"Reta";"Não";1;0;0;0;1;0;0;1;-9,43674092;-44,59787172;"SPRF-PI";"DEL03-PI";"UOP02-DEL03-PI"
348210;2020-12-20;"domingo";"00:50:00";"CE";116;313,9;"JAGUARIBE";"Ultrapassagem Indevida";"Colisão frontal";"Com Vítimas Fatais";"Plena Noite";"Crescente";"Céu Claro";"Simples";"Reta";"Não";6;4;0;1;1;0;1;2;-5,92893514;-38,63086368;"SPRF-CE";"DEL05-CE";"UOP02-DEL05-CE"