"id";"data_inversa";"dia_semana";"horario";"uf";"br";"km";"municipio";"causa_acidente";"tipo_acidente";"classificacao_acidente";"fase_dia";"sentido_via";"condicao_metereologica";"tipo_pista";"tracado_via";"uso_solo";"pessoas";"mortos";"feridos_leves";"feridos_graves";"ilesos";"ignorados";"feridos";"veiculos";"latitude";"longitude";"regional";"delegacia";"uop"
348230;2020-11-06;"sexta-feira";"14:15:00";"MG";40;599,1;"OURO PRETO";"Falta de Atenção à Condução";"Colisão traseira";"Com Vítimas Fatais";"Pleno dia";"Crescente";"Céu Claro";"Simples";"Reta";"Não";14;1;3;3;5;6;6;15;-20,42264639;-43,87103002;"SPRF-MG";"DEL05-MG";"UOP02-DEL05-MG"
348271;2020-11-02;"segunda-feira";"09:30:00";"MG";116;376;"MATHIAS LOBATO";"Demais falhas mecânicas ou elétricas";"Saída de leito carroçável";"Com Vítimas Feridas";"Pleno dia";"Decrescente";"Sol";"Simples";"Curva;Declive";"Não";1;0;1;0;0;0;1;1;-18,6140372;-41,93378448;"SPRF-MG";"DEL06-MG";"UOP01-DEL06-MG"
348297;2020-03-19;"quinta-feira";"14:30:00";"ES";262;134,3;"BREJETUBA";"Defeito Mecânico no Veículo";"Tombamento";"Sem Vítimas";"Pleno dia";"Decrescente";"Céu Claro";"Dupla";"Declive;Curva";"Não";2;0;0;0;1;2;0;3;-20,24029105;-41,32539293;"SPRF-ES";"DEL01-ES";"UOP02-DEL01-ES"
348487;2020-11-23;"segunda-feira";"18:30:00";"PA";163;404;"ITAITUBA";"Transitar na contramão";"Colisão frontal";"Com Vítimas Fatais";"Anoitecer";"Crescente";"Nublado";"Simples";"Curva";"Não";3;1;0;0;0;6;0;7;-6,27453483;-55,59396923;"SPRF-PA";"DEL05-PA";"UOP01-DEL05-PA"
348712;2020-05-29;"sexta-feira";"05:20:00";"SC";282;633,6;"DESCANSO";"Velocidade Incompatível";"Saída de leito carroçável";"Com Vítimas Feridas";"Plena Noite";"Decrescente";"Céu Claro";"Simples";"Declive;Curva";"Não";2;0;0;1;0;1;1;2;-26,824224;-53,412407;"SPRF-SC";"DEL07-SC";"UOP03-DEL07-SC"
348859;2020-12-26;"sábado";"07:45:00";"MG";40;578;"ITABIRITO";"Velocidade Incompatível";"Colisão com objeto estático";"Com Vítimas Feridas";"Pleno dia";"Crescente";"Chuva";"Dupla";"Reta";"Não";2;0;0;1;1;0;1;1;-20,27946105;-43,94661237;"SPRF-MG";"DEL01-MG";"UOP02-DEL01-MG"
348882;2020-12-24;"quinta-feira";"04:00:00";"PI";135;534;"SAO GONCALO DO GURGUEIA";"Defeito Mecânico no Veículo";"Colisão com objeto estático";"Sem Vítimas";"Pleno dia";"Crescente";"Nublado";"Simples";"Declive;Curva";"Não";1;0;0;0;1;0;0;1;-9,9967051;-45,32405011;"SPRF-PI";"DEL03-PI";"UOP02-DEL03-PI"
350003;2020-06-16;"terça-feira";"22:50:00";"MG";365;17,6;"MONTES CLAROS";"Velocidade Incompatível";"Saída de leito carroçável";"Com Vítimas Feridas";"Plena Noite";"Decrescente";"Nublado";"Simples";"Curva;Declive";"Não";2;0;0;1;0;1;1;2;-16,87724015;-43,993381;"SPRF-MG";"DEL12-MG";"UOP01-DEL12-MG"
350060;2020-12-15;"terça-feira";"11:15:00";"GO";153;82;"PORANGATU";"Desobediência às normas de trânsito pelo condutor";"Colisão frontal";"Com Vítimas Fatais";"Pleno dia";"Crescente";"Céu Claro";"Simples";"Aclive";"Não";9;4;2;0;2;6;2;11;-13,542865;-49,104237;"SPRF-GO";"DEL07-GO";"UOP01-DEL07-GO"
350229;2020-10-20;"terça-feira";"08:00:00";"MA";135;5;"SAO LUIS";"Não guardar distância de segurança";"Colisão traseira";"Com Vítimas Feridas";"Pleno dia";"Decrescente";"Sol";"Dupla";"Reta";"Sim";5;0;1;0;4;0;1;4;-2,62145385;-44,25797421;"SPRF-MA";"DEL01-MA";"UOP01-DEL01-MA"
350372;2020-08-24;"segunda-feira";"05:30:00";"BA";116;427;"FEIRA DE SANTANA";"Defeito na Via";"Tombamento";"Com Vítimas Feridas";"Amanhecer";"Decrescente";"Céu Claro";"Dupla";"Curva";"Não";2;0;1;0;0;1;1;2;-12,25241793;-38,98887036;"SPRF-BA";"DEL02-BA";"UOP01-DEL02-BA"
350617;2020-07-30;"quinta-feira";"19:00:00";"MG";381;504,4;"BETIM";"Falta de Atenção à Condução";"Colisão traseira";"Com Vítimas Feridas";"Plena Noite";"Decrescente";"Céu Claro";"Dupla";"Aclive;Reta";"Sim";3;0;0;1;1;1;1;3;-20,03714434;-44,24717903;"SPRF-MG";"DEL01-MG";"UOP03-DEL01-MG"
350717;2020-12-30;"quarta-feira";"06:30:00";"MG";116;58,6;"MEDINA";"Condutor Dormindo";"Colisão lateral";"Com Vítimas Feridas";"Amanhecer";"Crescente";"Céu Claro";"Simples";"Reta";"Não";3;0;1;1;0;1;2;3;-16,12133099;-41,43139099;"SPRF-MG";"DEL11-MG";"UOP02-DEL11-MG"
350725;2020-11-09;"segunda-feira";"10:15:00";"PR";277;307;"GUARAPUAVA";"Defeito Mecânico no Veículo";"Colisão lateral";"Com Vítimas Feridas";"Pleno dia";"Decrescente";"Chuva";"Simples";"Reta";"Não";4;0;1;0;2;2;1;5;-25,30334725;-51,15427693;"SPRF-PR";"DEL08-PR";"UOP01-DEL08-PR"
350744;2020-08-20;"quinta-feira";"14:35:00";"MG";381;754,5;"TRES CORACOES";"Falta de Atenção à Condução";"Colisão com objeto estático";"Com Vítimas Feridas";"Pleno dia";"Decrescente";"Céu Claro";"Dupla";"Reta";"Não";4;0;0;1;1;4;1;6;-21,68626885;-45,34601116;"SPRF-MG";"DEL16-MG";"UOP02-DEL16-MG"
350782;2020-10-31;"sábado";"10:40:00";"MA";135;7,4;"SAO LUIS";"Desobediência às normas de trânsito pelo condutor";"Colisão com objeto estático";"Com Vítimas Feridas";"Pleno dia";"Decrescente";"Céu Claro";"Dupla";"Retorno Regulamentado";"Sim";4;0;2;0;2;0;2;2;-2,63608835;-44,26848552;"SPRF-MA";"DEL01-MA";"UOP01-DEL01-MA"
351646;2020-06-20;"sábado";"16:00:00";"CE";222;321;"TIANGUA";"Desobediência às normas de trânsito pelo condutor";"Colisão lateral";"Com Vítimas Fatais";"Pleno dia";"Crescente";"Nublado";"Simples";"Reta";"Não";4;1;1;2;0;0;3;3;-3,7759503;-41,04425673;"SPRF-CE";"DEL04-CE";"UOP02-DEL04-CE"
351724;2020-12-30;"quarta-feira";"14:30:00";"PI";316;401;"MARCOLANDIA";"Fenômenos da Natureza";"Incêndio";"Sem Vítimas";"Pleno dia";"Crescente";"Céu Claro";"Simples";"Aclive";"Não";2;0;0;0;1;1;0;2;-7,35253262;-40,76597277;"SPRF-PI";"DEL04-PI";"UOP03-DEL04-PI"
352308;2020-12-18;"sexta-feira";"03:20:00";"RO";364;1071;"PORTO VELHO";"Desobediência às normas de trânsito pelo condutor";"Colisão frontal";"Com Vítimas Fatais";"Plena Noite";"Crescente";"Nublado";"Dupla";"Reta";"Sim";3;1;1;0;0;3;1;5;-9,75228555;-66,61517143;"SPRF-RO";"DEL01-RO";"UOP03-DEL01-RO"
353439;2020-12-02;"quarta-feira";"00:20:00";"PI";316;223;"VALENCA DO PIAUI";"Falta de Atenção à Condução";"Colisão frontal";"Com Vítimas Feridas";"Plena Noite";"Crescente";"Céu Claro";"Simples";"Reta";"Não";2;0;1;1;0;0;2;2;-6,49976893;-41,73936861;"SPRF-PI";"DEL04-PI";"UOP02-DEL04-PI"
353537;2020-12-28;"segunda-feira";"09:53:00";"BA";101;40,4;"ESPLANADA";"Desobediência às normas de trânsito pelo condutor";"Colisão frontal";"Com Vítimas Fatais";"Pleno dia";"Crescente";"Céu Claro";"Simples";"Reta";"Não";7;3;0;0;1;3;0;4;-11,81455;-37,96617;"SPRF-SE";"DEL02-SE";"UOP03-DEL02-SE"
354038;2020-08-12;"quarta-feira";"14:30:00";"PI";135;330,7;"SANTA LUZ";"Defeito Mecânico no Veículo";"Incêndio";"Sem Vítimas";"Pleno dia";"Crescente";"Céu Claro";"Simples";"Reta";"Não";1;0;0;0;1;0;0;1;-8,92833404;-44,25476094;"SPRF-PI";"DEL03-PI";"UOP02-DEL03-PI"
354667;2020-12-03;"quinta-feira";"17:40:00";"CE";116;94;"MORADA NOVA";"Desobediência às normas de trânsito pelo condutor";"Colisão transversal";"Com Vítimas Feridas";"Anoitecer";"Decrescente";"Céu Claro";"Simples";"Reta";"Sim";2;0;0;1;0;1;1;2;-4,49674696;-38,36102171;"SPRF-CE";"DEL03-CE";"UOP02-DEL03-CE"
354680;2020-12-09;"quarta-feira";"12:00:00";"SP";116;217;"GUARULHOS";"Falta de Atenção à Condução";"Engavetamento";"Com Vítimas Feridas";"Pleno dia";"Crescente";"Céu Claro";"Múltipla";"Reta";"Sim";10;0;5;1;3;1;6;6;-23,45423824;-46,47119028;"SPRF-SP";"DEL01-SP";"UOP01-DEL01-SP"
355484;2020-12-18;"sexta-feira";"08:30:00";"MG";267;39,9;"ARGIRITA";"Desobediência às normas de trânsito pelo condutor";"Colisão lateral";"Com Vítimas Feridas";"Pleno dia";"Decrescente";"Céu Claro";"Simples";"Reta";"Não";2;0;0;1;1;0;1;2;-21,67606796;-42,89832207;"SPRF-MG";"DEL07-MG";"UOP01-DEL07-MG"
355552;2020-09-22;"terça-feira";"11:00:00";"PR";153;59,5;"GUAPIRAMA";"Desobediência às normas de trânsito pelo condutor";"Colisão lateral";"Com Vítimas Fatais";"Pleno dia";"Decrescente";"Céu Claro";"Simples";"Reta";"Não";2;1;0;0;1;0;0;2;-23,43571193;-50,08375006;"SPRF-PR";"DEL07-PR";"UOP04-DEL07-PR"
355733;2020-12-18;"sexta-feira";"15:30:00";"MG";40;730,1;"OLIVEIRA FORTES";"Velocidade Incompatível";"Colisão com objeto estático";"Com Vítimas Feridas";"Pleno dia";"Decrescente";"Céu Claro";"Dupla";"Reta";"Não";4;0;1;1;1;2;2;4;-21,28713508;-43,57521057;"SPRF-MG";"DEL05-MG";"UOP01-DEL05-MG"
355909;2020-09-28;"segunda-feira";"16:00:00";"BA";116;673;"JEQUIE";"Desobediência às normas de trânsito pelo condutor";"Colisão transversal";"Com Vítimas Feridas";"Pleno dia";"Crescente";"Céu Claro";"Múltipla";"Reta";"Sim";3;0;0;1;1;1;1;3;-13,80845298;-40,11215229;"SPRF-BA";"DEL03-BA";"UOP01-DEL03-BA"
355919;2020-12-22;"terça-feira";"21:00:00";"MG";40;661;"CARANDAI";"Fenômenos da Natureza";"Colisão frontal";"Com Vítimas Feridas";"Plena Noite";"Decrescente";"Chuva";"Simples";"Aclive;Curva";"Não";5;0;0;1;4;0;1;2;-20,90989395;-43,82918358;"SPRF-MG";"DEL05-MG";"UOP02-DEL05-MG"
355937;2020-12-18;"sexta-feira";"10:40:00";"MG";381;481,2;"CONTAGEM";"Não guardar distância de segurança";"Colisão lateral";"Com Vítimas Feridas";"Pleno dia";"Crescente";"Nublado";"Dupla";"Reta";"Sim";9;0;0;1;6;3;1;6;-19,95931561;-44,08825597;"SPRF-MG";"DEL01-MG";"UOP03-DEL01-MG"
355972;2020-01-04;"sábado";"19:17:00";"MA";230;93,8;"SAO JOAO DOS PATOS";"Não guardar distância de segurança";"Colisão traseira";"Sem Vítimas";"Plena Noite";"Crescente";"Céu Claro";"Dupla";"Reta";"Sim";2;0;0;0;2;0;0;2;-6,49267502;-43,710655;"SPRF-PI";"DEL03-PI";"UOP01-DEL03-PI"
356015;2020-12-15;"terça-feira";"15:30:00";"MG";381;245,5;"SANTANA DO PARAISO";"Desobediência às normas de trânsito pelo condutor";"Colisão frontal";"Com Vítimas Feridas";"Pleno dia";"Crescente";"Céu Claro";"Simples";"Reta";"Não";5;0;2;0;2;1;2;4;-19,45135074;-42,51844723;"SPRF-MG";"DEL06-MG";"UOP01-DEL06-MG"
356164;2020-01-29;"quarta-feira";"21:30:00";"BA";407;105,3;"JAGUARARI";"Defeito Mecânico no Veículo";"Saída de leito carroçável";"Com Vítimas Feridas";"Plena Noite";"Crescente";"Céu Claro";"Simples";"Reta";"Não";2;0;2;0;0;0;2;1;-10,27224235;-40,17748348;"SPRF-BA";"DEL04-BA";"UOP01-DEL04-BA"
356329;2020-12-19;"sábado";"09:40:00";"MG";116;483,6;"DOM CAVATI";"Velocidade Incompatível";"Saída de leito carroçável";"Com Vítimas Feridas";"Pleno dia";"Decrescente";"Céu Claro";"Simples";"Reta";"Não";2;0;0;1;0;1;1;2;-19,420368;-42,11922802;"SPRF-MG";"DEL06-MG";"UOP02-DEL06-MG"
356875;2020-03-07;"sábado";"16:30:00";"BA";242;901;"LUIS EDUARDO MAGALHAES";"Ingestão de Álcool";"Colisão traseira";"Com Vítimas Feridas";"Pleno dia";"Decrescente";"Garoa/Chuvisco";"Simples";"Reta";"Não";3;0;1;0;1;1;1;3;-12,08545916;-45,75167598;"SPRF-BA";"DEL10-BA";"UOP01-DEL10-BA"
356938;2020-10-29;"quinta-feira";"19:00:00";"BA";116;14;"VITORIA DA CONQUISTA";"Falta de Atenção do Pedestre";"Atropelamento de Pedestre";"Com Vítimas Feridas";"Plena Noite";"Crescente";"Nublado";"Simples";"Curva";"Não";5;0;2;1;1;1;3;4;-14,89303192;-40,86742401;"SPRF-PE";"DEL05-PE";"UOP03-DEL05-PE"
357050;2020-07-17;"sexta-feira";"12:30:00";"BA";116;15,5;"VITORIA DA CONQUISTA";"Falta de Atenção à Condução";"Colisão lateral";"Com Vítimas Feridas";"Pleno dia";"Crescente";"Garoa/Chuvisco";"Simples";"Reta";"Sim";3;0;1;0;2;0;1;2;-14,9005481;-40,8561414;"SPRF-BA";"DEL08-BA";"UOP01-DEL08-BA"
357471;2020-10-13;"terça-feira";"10:00:00";"MG";116;712,1;"MURIAE";"Velocidade Incompatível";"Tombamento";"Com Vítimas Feridas";"Pleno dia";"Decrescente";"Nublado";"Simples";"Curva;Declive";"Não";2;0;1;0;0;1;1;2;-21,17860944;-42,37315178;"SPRF-MG";"DEL07-MG";"UOP02-DEL07-MG"
358287;2020-09-18;"sexta-feira";"18:30:00";"MT";163;887;"CLAUDIA";"Falta de Atenção à Condução";"Tombamento";"Sem Vítimas";"Plena Noite";"Crescente";"Céu Claro";"Simples";"Reta";"Não";2;0;0;0;1;2;0;3;-11,54051711;-55,3934768;"SPRF-MT";"DEL06-MT";"NPF/DEL06-MT"
359280;2020-06-24;"quarta-feira";"14:00:00";"SC";101;58;"ARAQUARI";"Velocidade Incompatível";"Tombamento";"Com Vítimas Feridas";"Pleno dia";"Decrescente";"Sol";"Múltipla";"Curva";"Não";2;0;1;0;0;1;1;2;-26,44025049;-48,80129043;"SPRF-SC";"DEL03-SC";"UOP02-DEL03-SC"
359881;2020-11-12;"quinta-feira";"12:34:00";"MG";50;183,7;"UBERABA";"Falta de Atenção à Condução";"Engavetamento";"Com Vítimas Feridas";"Pleno dia";"Crescente";"Céu Claro";"Dupla";"Em Obras";"Não";10;0;0;6;4;0;6;7;-19,80163169;-47,90598553;"SPRF-MG";"DEL13-MG";"UOP01-DEL13-MG"
360062;2020-08-27;"quinta-feira";"16:10:00";"BA";324;307;"JACOBINA";"Desobediência às normas de trânsito pelo condutor";"Colisão lateral";"Sem Vítimas";"Pleno dia";"Crescente";"Céu Claro";"Simples";"Reta";"Não";5;0;0;0;4;1;0;5;-11,20676173;-40,41853989;"SPRF-BA";"DEL04-BA";"UOP02-DEL04-BA"
360466;2020-03-14;"sábado";"14:40:00";"RJ";101;243;"SILVA JARDIM";"Desobediência às normas de trânsito pelo condutor";"Queda de ocupante de veículo";"Com Vítimas Feridas";"Pleno dia";"Decrescente";"Céu Claro";"Dupla";"Reta";"Sim";3;0;1;1;1;0;2;2;-22,63851918;-42,46410394;"SPRF-RJ";"DEL02-RJ";"UOP03-DEL02-RJ"
360662;2020-11-18;"quarta-feira";"22:30:00";"AL";101;125;"SAO MIGUEL DOS CAMPOS";"Restrição de Visibilidade";"Saída de leito carroçável";"Com Vítimas Feridas";"Plena Noite";"Crescente";"Céu Claro";"Dupla";"Reta";"Não";2;0;0;1;0;1;1;2;-9,71848502;-36,04687896;"SPRF-AL";"DEL02-AL";"UOP01-DEL02-AL"
360937;2020-12-09;"quarta-feira";"16:30:00";"ES";262;194;"IUNA";"Defeito Mecânico no Veículo";"Colisão lateral";"Com Vítimas Fatais";"Pleno dia";"Crescente";"Chuva";"Simples";"Aclive;Curva";"Não";2;1;0;0;1;0;0;2;-20,28314692;-41,76231798;"SPRF-ES";"DEL01-ES";"UOP02-DEL01-ES"
361417;2020-05-26;"terça-feira";"05:50:00";"BA";242;807;"BARREIRAS";"Pista Escorregadia";"Colisão frontal";"Com Vítimas Feridas";"Amanhecer";"Decrescente";"Chuva";"Simples";"Curva";"Não";3;0;2;0;0;3;2;5;-12,13624441;-44,92872395;"SPRF-BA";"DEL10-BA";"UOP01-DEL10-BA"
361606;2020-12-08;"terça-feira";"21:10:00";"PR";376;651;"TIJUCAS DO SUL";"Curva acentuada";"Saída de leito carroçável";"Com Vítimas Feridas";"Plena Noite";"Crescente";"Céu Claro";"Dupla";"Curva";"Sim";2;0;1;0;0;1;1;2;-25,845243;-49,078578;"SPRF-PR";"DEL01-PR";"UOP04-DEL01-PR"
361621;2020-07-21;"terça-feira";"18:30:00";"PE";316;366,3;"PETROLANDIA";"Velocidade Incompatível";"Colisão frontal";"Com Vítimas Feridas";"Plena Noite";"Crescente";"Céu Claro";"Simples";"Reta";"Sim";3;0;1;1;1;0;2;2;-8,97062593;-38,21759485;"SPRF-PE";"DEL04-PE";"UOP01-DEL04-PE"
361638;2020-10-05;"segunda-feira";"13:30:00";"MG";267;79,6;"JUIZ DE FORA";"Desobediência às normas de trânsito pelo condutor";"Colisão frontal";"Com Vítimas Fatais";"Pleno dia";"Decrescente";"Céu Claro";"Simples";"Declive";"Não";5;1;0;3;1;0;3;3;-21,74869223;-43,20587691;"SPRF-MG";"DEL05-MG";"UOP01-DEL05-MG"
363661;2020-01-31;"sexta-feira";"10:30:00";"MG";116;223,1;"CATUJI";"Velocidade Incompatível";"Tombamento";"Com Vítimas Feridas";"Pleno dia";"Decrescente";"Céu Claro";"Simples";"Declive;Curva";"Não";2;0;0;1;0;1;1;2;-17,43144398;-41,51474509;"SPRF-MG";"DEL11-MG";"UOP01-DEL11-MG"
364030;2020-03-13;"sexta-feira";"22:40:00";"SC";101;158;"PORTO BELO";"Desobediência às normas de trânsito pelo condutor";"Colisão traseira";"Com Vítimas Feridas";"Plena Noite";"Crescente";"Céu Claro";"Dupla";"Retorno Regulamentado";"Não";5;0;3;0;1;1;3;5;-27,19096301;-48,61259017;"SPRF-SC";"DEL04-SC";"UOP03-DEL04-SC"
364311;2020-01-12;"domingo";"17:00:00";"BA";116;9;"VITORIA DA CONQUISTA";"Desobediência às normas de trânsito pelo condutor";"Colisão traseira";"Com Vítimas Feridas";"Pleno dia";"Decrescente";"Céu Claro";"Simples";"Reta";"Não";2;0;1;0;0;1;1;2;-14,850706;-40,883163;"SPRF-BA";"DEL08-BA";"UOP01-DEL08-BA"
364489;2020-12-04;"sexta-feira";"16:40:00";"SE";101;53,6;"CARMOPOLIS";"Não guardar distância de segurança";"Engavetamento";"Com Vítimas Feridas";"Pleno dia";"Decrescente";"Céu Claro";"Simples";"Aclive;Reta";"Não";4;0;1;0;3;0;1;3;-10,62362834;-36,9893439;"SPRF-SE";"DEL02-SE";"UOP02-DEL02-SE"
364608;2020-12-18;"sexta-feira";"15:45:00";"MT";364;25,3;"ALTO ARAGUAIA";"Não guardar distância de segurança";"Colisão traseira";"Com Vítimas Feridas";"Pleno dia";"Decrescente";"Céu Claro";"Simples";"Ponte";"Não";7;0;1;0;5;2;1;5;-17,18398184;-53,37848084;"SPRF-MT";"DEL02-MT";"UOP02-DEL02-MT"
364615;2020-03-20;"sexta-feira";"09:00:00";"RN";304;171,8;"ANGICOS";"Falta de Atenção à Condução";"Colisão traseira";"Com Vítimas Feridas";"Pleno dia";"Decrescente";"Céu Claro";"Simples";"Reta";"Não";5;0;1;1;2;1;2;5;-5,68711053;-36,419458;"SPRF-RN";"DEL01-RN";"UOP03-DEL01-RN"
365540;2020-04-14;"terça-feira";"14:17:00";"SC";101;120,4;"ITAJAI";"Falta de Atenção à Condução";"Colisão transversal";"Com Vítimas Feridas";"Pleno dia";"Decrescente";"Céu Claro";"Múltipla";"Reta";"Sim";2;0;1;0;1;0;1;2;-26,912758;-48,711998;"SPRF-SC";"DEL04-SC";"UOP04-DEL04-SC"
365896;2020-06-27;"sábado";"13:59:00";"GO";60;46,5;"ALEXANIA";"Velocidade Incompatível";"Tombamento";"Com Vítimas Fatais";"Pleno dia";"Crescente";"Sol";"Dupla";"Declive;Curva";"Sim";2;1;0;0;0;1;0;2;-16,1417;-48,5988;"SPRF-GO";"DEL02-GO";"UOP01-DEL02-GO"
366977;2020-10-28;"quarta-feira";"20:15:00";"MG";262;371,9;"JUATUBA";"Falta de Atenção à Condução";"Colisão traseira";"Com Vítimas Feridas";"Plena Noite";"Crescente";"Céu Claro";"Dupla";"Reta";"Não";5;0;0;1;1;3;1;4;-19,97212126;-44,30817896;"SPRF-MG";"DEL01-MG";"UOP03-DEL01-MG"
367200;2020-07-30;"quinta-feira";"21:00:00";"BA";242;446;"IBITIARA";"Falta de Atenção à Condução";"Colisão lateral";"Com Vítimas Feridas";"Plena Noite";"Crescente";"Céu Claro";"Simples";"Aclive";"Não";3;0;1;1;0;4;2;6;-12,42700619;-42,03482701;"SPRF-BA";"DEL06-BA";"UOP01-DEL06-BA"
367588;2020-06-26;"sexta-feira";"08:00:00";"MS";163;596;"SAO GABRIEL DO OESTE";"Avarias e/ou desgaste excessivo no pneu";"Colisão traseira";"Sem Vítimas";"Pleno dia";"Crescente";"Céu Claro";"Dupla";"Reta";"Não";3;0;0;0;2;1;0;3;-19,49161154;-54,48232954;"SPRF-MS";"DEL06-MS";"UOP02-DEL06-MS"
368753;2020-02-14;"sexta-feira";"23:42:00";"PR";376;158;"MANDAGUACU";"Ausência de reação do condutor";"Queda de ocupante de veículo";"Com Vítimas Feridas";"Plena Noite";"Crescente";"Céu Claro";"Dupla";"Reta";"Sim";3;0;0;1;0;2;1;2;-23,36453631;-52,08347797;"SPRF-PR";"DEL09-PR";"UOP01-DEL09-PR"
369332;2020-11-07;"sábado";"23:45:00";"BA";116;538,4;"MILAGRES";"Ultrapassagem Indevida";"Colisão frontal";"Com Vítimas Fatais";"Plena Noite";"Crescente";"Céu Claro";"Simples";"Reta";"Não";9;7;2;0;0;0;2;2;-12,856088;-39,848019;"SPRF-BA";"DEL03-BA";"UOP02-DEL03-BA"
370181;2020-08-29;"sábado";"21:20:00";"GO";153;140;"MARA ROSA";"Condutor Dormindo";"Saída de leito carroçável";"Com Vítimas Fatais";"Plena Noite";"Crescente";"Céu Claro";"Simples";"Declive";"Não";6;1;0;1;2;2;1;5;-13,99202976;-49,09034193;"SPRF-GO";"DEL07-GO";"UOP01-DEL07-GO"
373205;2020-07-14;"terça-feira";"07:30:00";"BA";407;124,9;"SENHOR DO BONFIM";"Desobediência às normas de trânsito pelo condutor";"Colisão transversal";"Com Vítimas Feridas";"Pleno dia";"Decrescente";"Nublado";"Simples";"Reta";"Sim";2;0;0;1;1;0;1;2;-10,442562;-40,18664;"SPRF-BA";"DEL04-BA";"UOP01-DEL04-BA"
373555;2020-07-06;"segunda-feira";"17:20:00";"MS";60;157;"CAMAPUA";"Deficiência do Sistema de Iluminação/Sinalização";"Eventos atípicos";"Com Vítimas Feridas";"Anoitecer";"Decrescente";"Céu Claro";"Simples";"Reta";"Não";3;0;0;1;1;1;1;2;-19,42832532;-53,75002871;"SPRF-MS";"DEL06-MS";"UOP02-DEL06-MS"
375843;2020-10-07;"quarta-feira";"09:20:00";"BA";101;358;"WENCESLAU GUIMARAES";"Falta de Atenção à Condução";"Colisão traseira";"Com Vítimas Feridas";"Pleno dia";"Crescente";"Céu Claro";"Simples";"Reta";"Sim";5;0;1;1;2;1;2;3;-13,67981;-39,477459;"SPRF-BA";"DEL05-BA";"UOP03-DEL05-BA"
376404;2020-08-07;"sexta-feira";"15:15:00";"PE";428;140,5;"PETROLINA";"Falta de Atenção à Condução";"Colisão frontal";"Com Vítimas Feridas";"Pleno dia";"Crescente";"Céu Claro";"Simples";"Reta";"Sim";4;0;1;2;1;0;3;2;-8,992364;-40,270164;"SPRF-PE";"DEL06-PE";"UOP01-DEL06-PE"
376494;2020-04-26;"domingo";"23:10:00";"MG";153;127,9;"PRATA";"Defeito Mecânico no Veículo";"Incêndio";"Sem Vítimas";"Plena Noite";"Crescente";"Céu Claro";"Dupla";"Reta";"Não";2;0;0;0;1;1;0;2;-19,46872821;-48,87318839;"SPRF-MG";"DEL15-MG";"UOP03-DEL15-MG"
379023;2020-04-29;"quarta-feira";"15:45:00";"PR";369;191;"ARAPONGAS";"Falta de Atenção à Condução";"Colisão lateral";"Com Vítimas Feridas";"Pleno dia";"Decrescente";"Céu Claro";"Dupla";"Reta";"Não";4;0;0;1;2;1;1;3;-23,45289243;-51,42331123;"SPRF-PR";"DEL07-PR";"UOP02-DEL07-PR"
379079;2020-03-19;"quinta-feira";"04:30:00";"MG";381;654,1;"SANTO ANTONIO DO AMPARO";"Falta de Atenção à Condução";"Saída de leito carroçável";"Com Vítimas Feridas";"Plena Noite";"Decrescente";"Céu Claro";"Dupla";"Curva";"Não";2;0;1;0;0;1;1;2;-20,99437964;-44,96041633;"SPRF-MG";"DEL04-MG";"UOP02-DEL04-MG"
379461;2020-09-02;"quarta-feira";"14:30:00";"BA";324;561;"AMELIA RODRIGUES";"Falta de Atenção à Condução";"Capotamento";"Sem Vítimas";"Pleno dia";"Decrescente";"Nublado";"Dupla";"Reta";"Não";4;0;0;0;4;0;0;2;-12,49783433;-38,64646092;"SPRF-BA";"DEL01-BA";"UOP01-DEL01-BA"
380706;2020-12-12;"sábado";"19:00:00";"MG";381;163,9;"GOVERNADOR VALADARES";"Desobediência às normas de trânsito pelo condutor";"Colisão frontal";"Com Vítimas Fatais";"Plena Noite";"Crescente";"Céu Claro";"Simples";"Curva";"Não";3;1;0;1;0;2;1;4;-18,93550625;-42,0516298;"SPRF-MG";"DEL06-MG";"UOP01-DEL06-MG"
380840;2020-08-11;"terça-feira";"18:57:00";"MG";40;531,2;"CONTAGEM";"Falta de Atenção do Pedestre";"Atropelamento de Pedestre";"Com Vítimas Feridas";"Plena Noite";"Decrescente";"Céu Claro";"Dupla";"Reta";"Sim";2;0;0;1;1;0;1;2;-19,91962483;-44,02522683;"SPRF-MG";"DEL01-MG";"UOP02-DEL01-MG"
381682;2020-08-22;"sábado";"11:45:00";"MG";251;472,5;"FRANCISCO SA";"Velocidade Incompatível";"Tombamento";"Com Vítimas Feridas";"Pleno dia";"Decrescente";"Céu Claro";"Simples";"Curva";"Não";4;0;1;1;1;2;2;5;-16,4669101;-43,43947986;"SPRF-MG";"DEL12-MG";"UOP01-DEL12-MG"
383789;2020-09-24;"quinta-feira";"08:15:00";"PR";277;727;"FOZ DO IGUACU";"Velocidade Incompatível";"Colisão traseira";"Com Vítimas Feridas";"Pleno dia";"Crescente";"Sol";"Dupla";"Reta";"Sim";4;0;2;0;1;1;2;3;-25,51017487;-54,56454899;"SPRF-PR";"DEL05-PR";"UOP03-DEL05-PR"
385006;2020-05-17;"domingo";"10:35:00";"MG";116;602,6;"SAO JOAO DO MANHUACU";"Velocidade Incompatível";"Saída de leito carroçável";"Com Vítimas Feridas";"Pleno dia";"Crescente";"Nublado";"Simples";"Curva";"Não";2;0;1;0;0;1;1;2;-20,34697376;-42,14642112;"SPRF-MG";"DEL06-MG";"UOP03-DEL06-MG"