"id";"data_inversa";"dia_semana";"horario";"uf";"br";"km";"municipio";"causa_acidente";"tipo_acidente";"classificacao_acidente";"fase_dia";"sentido_via";"condicao_metereologica";"tipo_pista";"tracado_via";"uso_solo";"pessoas";"mortos";"feridos_leves";"feridos_graves";"ilesos";"ignorados";"feridos";"veiculos";"latitude";"longitude";"regional";"delegacia";"uop"
385283;2020-11-28;"sábado";"04:45:00";"MG";381;518;"IGARAPE";"Velocidade Incompatível";"Colisão com objeto estático";"Sem Vítimas";"Amanhecer";"Crescente";"Céu Claro";"Dupla";"Reta";"Não";3;0;0;0;2;1;0;3;-20,12065395;-44,30242562;"SPRF-MG";"DEL04-MG";"UOP03-DEL04-MG"
385496;2020-04-12;"domingo";"19:38:00";"PE";428;182,3;"PETROLINA";"Ultrapassagem Indevida";"Colisão frontal";"Com Vítimas Feridas";"Plena Noite";"Crescente";"Céu Claro";"Simples";"Reta";"Não";3;0;0;1;1;1;1;3;-9,31614989;-40,45800722;"SPRF-PE";"DEL06-PE";"UOP01-DEL06-PE"
388860;2020-12-19;"sábado";"18:00:00";"AL";316;74,1;"POCO DAS TRINCHEIRAS";"Desobediência às normas de trânsito pelo pedestre";"Atropelamento de Pedestre";"Com Vítimas Fatais";"Plena Noite";"Crescente";"Céu Claro";"Simples";"Reta";"Não";2;1;0;0;0;1;0;2;-9,31505573;-37,32312383;"SPRF-AL";"DEL03-AL";"UOP02-DEL03-AL"
390842;2020-03-20;"sexta-feira";"07:45:00";"RJ";393;138,1;"SAPUCAIA";"Velocidade Incompatível";"Tombamento";"Com Vítimas Feridas";"Pleno dia";"Decrescente";"Céu Claro";"Simples";"Curva";"Não";2;0;1;0;0;1;1;2;-22,01768278;-42,96023369;"SPRF-RJ";"DEL05-RJ";"UOP01-DEL05-RJ"
391270;2020-08-29;"sábado";"19:20:00";"SC";101;251,8;"PAULO LOPES";"Falta de Atenção do Pedestre";"Atropelamento de Pedestre";"Com Vítimas Fatais";"Plena Noite";"Decrescente";"Céu Claro";"Múltipla";"Reta";"Sim";3;1;0;0;1;1;0;3;-27,95700824;-48,67698854;"SPRF-SC";"DEL02-SC";"UOP03-DEL02-SC"
391917;2020-02-21;"sexta-feira";"18:00:00";"RO";364;383,4;"OURO PRETO DO OESTE";"Ingestão de Álcool";"Colisão frontal";"Sem Vítimas";"Anoitecer";"Crescente";"Garoa/Chuvisco";"Simples";"Declive";"Sim";2;0;0;0;2;0;0;2;-10,72104014;-62,24385208;"SPRF-RO";"DEL02-RO";"UOP01-DEL02-RO"
392557;2020-10-10;"sábado";"19:40:00";"SC";101;205;"SAO JOSE";"Falta de Atenção à Condução";"Colisão traseira";"Com Vítimas Feridas";"Plena Noite";"Crescente";"Céu Claro";"Dupla";"Reta";"Sim";4;0;1;1;1;1;2;3;-27,58313237;-48,61532885;"SPRF-SC";"DEL01-SC";"UOP01-DEL01-SC"
393986;2020-08-29;"sábado";"01:45:00";"SE";101;22;"MALHADA DOS BOIS";"Velocidade Incompatível";"Colisão traseira";"Com Vítimas Feridas";"Plena Noite";"Crescente";"Céu Claro";"Dupla";"Reta";"Sim";6;0;4;1;1;0;5;3;-10,38708884;-36,91570075;"SPRF-SE";"DEL02-SE";"UOP02-DEL02-SE"
396613;2020-11-20;"sexta-feira";"06:20:00";"PR";376;295;"MAUA DA SERRA";"Velocidade Incompatível";"Saída de leito carroçável";"Com Vítimas Feridas";"Amanhecer";"Decrescente";"Nublado";"Dupla";"Curva;Interseção de Vias;Retorno Regulamentado";"Não";1;0;1;0;0;0;1;1;-23,90656984;-51,19430607;"SPRF-PR";"DEL07-PR";"UOP03-DEL07-PR"
397685;2020-07-26;"domingo";"18:40:00";"MA";316;272;"BELA VISTA DO MARANHAO";"Desobediência às normas de trânsito pelo condutor";"Colisão lateral";"Com Vítimas Fatais";"Plena Noite";"Decrescente";"Céu Claro";"Simples";"Reta";"Não";2;1;0;0;1;0;0;2;-3,710173;-45,301044;"SPRF-MA";"DEL02-MA";"UOP01-DEL02-MA"
398647;2020-04-16;"quinta-feira";"05:20:00";"CE";116;64;"CHOROZINHO";"Condutor Dormindo";"Colisão frontal";"Com Vítimas Feridas";"Amanhecer";"Decrescente";"Céu Claro";"Simples";"Interseção de Vias";"Sim";3;0;1;0;1;1;1;3;-4,29279656;-38,49777963;"SPRF-CE";"DEL03-CE";"UOP02-DEL03-CE"
399546;2020-10-29;"quinta-feira";"09:30:00";"CE";222;17;"CAUCAIA";"Falta de Atenção à Condução";"Engavetamento";"Com Vítimas Feridas";"Pleno dia";"Crescente";"Céu Claro";"Simples";"Reta";"Não";4;0;1;2;1;0;3;3;-3,752454;-38,712837;"SPRF-CE";"DEL01-CE";"UOP01-DEL01-CE"
399979;2020-12-23;"quarta-feira";"05:10:00";"ES";262;37,5;"DOMINGOS MARTINS";"Condutor Dormindo";"Colisão traseira";"Com Vítimas Feridas";"Amanhecer";"Crescente";"Nublado";"Simples";"Reta";"Não";2;0;1;0;1;0;1;2;-20,38127779;-40,61151172;"SPRF-ES";"DEL01-ES";"UOP01-DEL01-ES"
400096;2020-08-25;"terça-feira";"20:30:00";"GO";50;244;"CATALAO";"Ingestão de Álcool";"Tombamento";"Sem Vítimas";"Plena Noite";"Crescente";"Céu Claro";"Simples";"Curva";"Não";2;0;0;0;0;2;0;2;-17,9172;-47,7901;"SPRF-GO";"DEL06-GO";"UOP01-DEL06-GO"
400102;2020-09-05;"sábado";"09:50:00";"RN";304;209;"CAICARA DO RIO DO VENTO";"Defeito Mecânico no Veículo";"Saída de leito carroçável";"Sem Vítimas";"Pleno dia";"Decrescente";"Céu Claro";"Simples";"Reta";"Não";1;0;0;0;1;0;0;1;-5,74198;-36,086029;"SPRF-RN";"DEL01-RN";"UOP03-DEL01-RN"
406110;2020-08-05;"quarta-feira";"04:15:00";"RJ";116;300;"RESENDE";"Condutor Dormindo";"Colisão traseira";"Com Vítimas Feridas";"Plena Noite";"Decrescente";"Céu Claro";"Dupla";"Reta";"Não";3;0;0;1;1;2;1;4;-22,45565839;-44,39087436;"SPRF-RJ";"DEL07-RJ";"UOP02-DEL07-RJ"
409831;2020-04-08;"quarta-feira";"19:00:00";"PR";376;191,2;"MARIALVA";"Não guardar distância de segurança";"Colisão traseira";"Com Vítimas Feridas";"Plena Noite";"Crescente";"Céu Claro";"Dupla";"Curva";"Não";6;0;3;0;2;2;3;5;-23,48070116;-51,8225276;"SPRF-PR";"DEL09-PR";"UOP01-DEL09-PR"
412651;2020-09-04;"sexta-feira";"06:05:00";"PR";163;155,4;"SANTA LUCIA";"Acessar a via sem observar a presença dos outros veículos";"Colisão lateral mesmo sentido";"Com Vítimas Feridas";"Amanhecer";"Decrescente";"Céu Claro";"Dupla";"Aclive;Curva";"Não";6;0;0;1;4;1;1;2;-25,39974279;-53,57579589;"SPRF-PR";"DEL05-PR";"UOP05-DEL05-PR"
415095;2020-09-23;"quarta-feira";"00:46:00";"RJ";101;318;"SAO GONCALO";"Condutor Dormindo";"Saída de leito carroçável";"Sem Vítimas";"Pleno dia";"Crescente";"Nublado";"Dupla";"Curva";"Não";1;0;0;0;1;0;0;1;-22,84817804;-43,09988022;"SPRF-RJ";"DEL02-RJ";"UOP02-DEL02-RJ"
419197;2020-10-25;"domingo";"18:45:00";"GO";80;177,2;"URUACU";"Carga excessiva e/ou mal acondicionada";"Tombamento";"Com Vítimas Feridas";"Plena Noite";"Decrescente";"Céu Claro";"Simples";"Reta";"Não";2;0;1;0;1;0;1;1;-14,6390641;-49,17377472;"SPRF-GO";"DEL07-GO";"UOP01-DEL07-GO"
422159;2020-04-27;"segunda-feira";"21:25:00";"MG";40;548,9;"NOVA LIMA";"Desobediência às normas de trânsito pelo condutor";"Colisão traseira";"Com Vítimas Feridas";"Plena Noite";"Crescente";"Nublado";"Dupla";"Aclive";"Não";3;0;0;1;1;2;1;4;-20,03136499;-43,96967792;"SPRF-MG";"DEL01-MG";"UOP02-DEL01-MG"
424823;2020-10-15;"quinta-feira";"11:10:00";"MG";381;488,4;"BETIM";"Desobediência às normas de trânsito pelo condutor";"Colisão lateral";"Com Vítimas Feridas";"Pleno dia";"Crescente";"Sol";"Dupla";"Reta";"Sim";4;0;0;1;2;1;1;4;-19,9598656;-44,15489715;"SPRF-MG";"DEL01-MG";"UOP03-DEL01-MG"
450730;2020-11-22;"domingo";"12:50:00";"PR";116;110,8;"CURITIBA";"Não guardar distância de segurança";"Colisão traseira";"Com Vítimas Feridas";"Pleno dia";"Crescente";"Céu Claro";"Dupla";"Reta";"Não";3;0;0;1;1;2;1;4;-25,57012941;-49,21736805;"SPRF-PR";"DEL01-PR";"UOP06-DEL01-PR"
452818;2020-06-22;"segunda-feira";"13:40:00";"BA";116;4;"VITORIA DA CONQUISTA";"Velocidade Incompatível";"Colisão traseira";"Com Vítimas Feridas";"Pleno dia";"Crescente";"Céu Claro";"Simples";"Curva";"Não";4;0;1;0;2;1;1;4;-14,851;-40,8485;"SPRF-BA";"DEL08-BA";"UOP01-DEL08-BA"
453619;2020-10-14;"quarta-feira";"12:50:00";"PE";101;55;"PAULISTA";"Não guardar distância de segurança";"Colisão com objeto estático";"Com Vítimas Feridas";"Pleno dia";"Decrescente";"Nublado";"Dupla";"Reta";"Não";7;0;0;2;3;3;2;7;-7,94806621;-34,9062148;"SPRF-PE";"DEL01-PE";"UOP02-DEL01-PE"
454832;2020-12-05;"sábado";"18:00:00";"GO";153;1;"PORANGATU";"Carga excessiva e/ou mal acondicionada";"Incêndio";"Sem Vítimas";"Plena Noite";"Crescente";"Nublado";"Simples";"Reta";"Não";2;0;0;0;1;2;0;3;-12,844385;-49,104282;"SPRF-GO";"DEL07-GO";"UOP01-DEL07-GO"
456353;2020-11-05;"quinta-feira";"15:50:00";"PR";277;5;"PARANAGUA";"Falta de Atenção à Condução";"Colisão traseira";"Com Vítimas Feridas";"Pleno dia";"Crescente";"Céu Claro";"Simples";"Curva";"Sim";3;0;0;1;2;0;1;3;-25,544677;-48,55993;"SPRF-PR";"DEL01-PR";"UOP05-DEL01-PR"
460007;2020-09-24;"quinta-feira";"03:34:00";"BA";116;585;"IRAJUBA";"Desobediência às normas de trânsito pelo condutor";"Colisão lateral";"Sem Vítimas";"Plena Noite";"Crescente";"Chuva";"Simples";"Reta";"Não";4;0;0;0;3;2;0;4;-13,10445428;-39,99104101;"SPRF-BA";"DEL03-BA";"UOP02-DEL03-BA"
460419;2020-06-02;"terça-feira";"16:55:00";"PR";163;284;"MARECHAL CANDIDO RONDON";"Falta de Atenção à Condução";"Colisão lateral";"Com Vítimas Feridas";"Pleno dia";"Decrescente";"Céu Claro";"Dupla";"Reta";"Sim";3;0;1;0;1;2;1;4;-24,568102;-54,034168;"SPRF-PR";"DEL06-PR";"UOP02-DEL06-PR"
461450;2020-12-06;"domingo";"14:30:00";"BA";116;275;"TUCANO";"Falta de Atenção à Condução";"Tombamento";"Sem Vítimas";"Pleno dia";"Decrescente";"Céu Claro";"Simples";"Reta";"Sim";2;0;0;0;1;1;0;2;-10,97023704;-38,79154288;"SPRF-BA";"DEL07-BA";"UOP02-DEL07-BA"
465902;2020-04-18;"sábado";"10:15:00";"BA";242;409,6;"LAJEDINHO";"Ultrapassagem Indevida";"Colisão frontal";"Com Vítimas Fatais";"Pleno dia";"Crescente";"Nublado";"Simples";"Curva";"Não";5;1;0;1;2;3;1;6;-12,44424223;-40,79841906;"SPRF-BA";"DEL06-BA";"UOP01-DEL06-BA"
467310;2020-07-21;"terça-feira";"22:30:00";"PR";277;215;"TEIXEIRA SOARES";"Falta de Atenção à Condução";"Colisão traseira";"Com Vítimas Feridas";"Plena Noite";"Decrescente";"Céu Claro";"Simples";"Aclive";"Não";3;0;0;1;1;2;1;4;-25,45868712;-50,33540609;"SPRF-PR";"DEL03-PR";"UOP03-DEL03-PR"
468726;2020-03-12;"quinta-feira";"23:45:00";"MG";381;505;"BETIM";"Defeito Mecânico no Veículo";"Incêndio";"Sem Vítimas";"Plena Noite";"Decrescente";"Céu Claro";"Múltipla";"Aclive;Reta";"Sim";2;0;0;0;1;1;0;2;-20,04478441;-44,27276484;"SPRF-MG";"DEL01-MG";"UOP03-DEL01-MG"
470354;2020-03-12;"quinta-feira";"14:55:00";"MG";381;768,7;"CAMPANHA";"Defeito Mecânico no Veículo";"Saída de leito carroçável";"Com Vítimas Feridas";"Pleno dia";"Decrescente";"Sol";"Dupla";"Declive;Reta";"Não";3;0;2;0;0;1;2;2;-21,77370307;-45,42761992;"SPRF-MG";"DEL16-MG";"UOP02-DEL16-MG"
471280;2020-09-13;"domingo";"13:15:00";"GO";452;44,8;"SANTA HELENA DE GOIAS";"Falta de Atenção à Condução";"Colisão frontal";"Com Vítimas Fatais";"Pleno dia";"Decrescente";"Sol";"Simples";"Reta";"Não";4;1;0;0;2;2;0;4;-17,944756;-50,518116;"SPRF-GO";"DEL04-GO";"UOP01-DEL04-GO"
473158;2020-12-23;"quarta-feira";"20:30:00";"BA";116;710;"MANOEL VITORINO";"Ingestão de Álcool";"Colisão lateral";"Sem Vítimas";"Plena Noite";"Decrescente";"Ignorado";"Simples";"Reta";"Não";4;0;0;0;3;1;0;3;-14,11581891;-40,22867919;"SPRF-BA";"DEL03-BA";"UOP01-DEL03-BA"
478620;2020-06-10;"quarta-feira";"01:50:00";"GO";153;589,8;"PIRACANJUBA";"Condutor Dormindo";"Saída de leito carroçável";"Com Vítimas Fatais";"Plena Noite";"Crescente";"Céu Claro";"Dupla";"Reta";"Não";2;1;0;1;0;0;1;1;-17,4593;-49,2227;"SPRF-GO";"DEL03-GO";"UOP01-DEL03-GO"
489375;2020-10-31;"sábado";"22:10:00";"PR";487;173,8;"CAMPO MOURAO";"Defeito Mecânico no Veículo";"Colisão transversal";"Com Vítimas Feridas";"Plena Noite";"Decrescente";"Céu Claro";"Simples";"Reta;Declive";"Não";3;0;2;0;1;0;2;2;-24,02222644;-52,44327175;"SPRF-PR";"DEL09-PR";"UOP03-DEL09-PR"
490915;2020-09-30;"quarta-feira";"07:15:00";"GO";70;374;"MONTES CLAROS DE GOIAS";"Falta de Atenção à Condução";"Colisão frontal";"Sem Vítimas";"Pleno dia";"Crescente";"Céu Claro";"Simples";"Curva";"Não";6;0;0;0;2;4;0;6;-15,9323;-51,3874;"SPRF-GO";"DEL04-GO";"UOP01-DEL04-GO"
498552;2020-11-19;"quinta-feira";"02:00:00";"MG";267;119;"JUIZ DE FORA";"Velocidade Incompatível";"Saída de leito carroçável";"Sem Vítimas";"Plena Noite";"Decrescente";"Garoa/Chuvisco";"Simples";"Interseção de Vias";"Não";2;0;0;0;1;1;0;2;-21,71110451;-43,44807355;"SPRF-MG";"DEL05-MG";"UOP01-DEL05-MG"
507802;2020-08-20;"quinta-feira";"16:00:00";"MT";364;398;"CUIABA";"Fenômenos da Natureza";"Incêndio";"Sem Vítimas";"Anoitecer";"Decrescente";"Céu Claro";"Dupla";"Rotatória";"Não";2;0;0;0;1;1;0;2;-15,66571106;-55,96177166;"SPRF-MT";"DEL01-MT";"UOP02-DEL01-MT"
510447;2020-09-30;"quarta-feira";"08:45:00";"DF";60;26;"BRASILIA";"Falta de Atenção à Condução";"Colisão traseira";"Com Vítimas Feridas";"Pleno dia";"Decrescente";"Céu Claro";"Dupla";"Aclive";"Não";6;0;2;1;2;2;3;4;-16,003504;-48,245281;"SPRF-DF";"DEL03-DF";"UOP01-DEL03-DF"
516155;2020-12-19;"sábado";"16:50:00";"SP";116;564,5;"BARRA DO TURVO";"Velocidade Incompatível";"Colisão com objeto estático";"Sem Vítimas";"Pleno dia";"Crescente";"Chuva";"Simples";"Curva";"Não";3;0;0;0;2;4;0;6;-25,03458919;-48,53543877;"SPRF-SP";"DEL05-SP";"UOP02-DEL05-SP"
518160;2020-12-28;"segunda-feira";"16:45:00";"PE";101;93;"CABO DE SANTO AGOSTINHO";"Reação tardia ou ineficiente do condutor";"Colisão lateral";"Com Vítimas Fatais";"Pleno dia";"Crescente";"Céu Claro";"Dupla";"Reta";"Sim";10;1;0;6;2;1;6;6;-8,2396419;-35,00335418;"SPRF-PE";"DEL01-PE";"UOP01-DEL01-PE"
519115;2020-12-02;"quarta-feira";"22:10:00";"PR";369;161,9;"CAMBE";"Falta de Atenção do Pedestre";"Atropelamento de Pedestre";"Com Vítimas Feridas";"Plena Noite";"Crescente";"Nublado";"Dupla";"Declive;Reta";"Não";2;0;0;1;1;0;1;2;-23,29239;-51,266909;"SPRF-PR";"DEL07-PR";"UOP01-DEL07-PR"
520581;2020-11-01;"domingo";"09:45:00";"PA";230;170;"ITUPIRANGA";"Reação tardia ou ineficiente do condutor";"Saída de leito carroçável";"Com Vítimas Feridas";"Pleno dia";"Crescente";"Céu Claro";"Simples";"Reta";"Não";2;0;1;0;0;1;1;2;-5,09448;-49,42105;"SPRF-PA";"DEL03-PA";"UOP01-DEL03-PA"
522132;2020-09-29;"terça-feira";"17:40:00";"PR";153;27,5;"JACAREZINHO";"Falta de Atenção à Condução";"Derramamento de carga";"Com Vítimas Feridas";"Anoitecer";"Decrescente";"Céu Claro";"Simples";"Curva";"Não";3;0;2;0;0;2;2;4;-23,20965194;-49,98695323;"SPRF-PR";"DEL07-PR";"UOP04-DEL07-PR"
527707;2020-09-04;"sexta-feira";"11:00:00";"GO";70;395;"MONTES CLAROS DE GOIAS";"Falta de Atenção à Condução";"Colisão traseira";"Com Vítimas Feridas";"Pleno dia";"Crescente";"Céu Claro";"Simples";"Reta";"Não";3;0;1;1;1;0;2;2;-15,868209;-51,564542;"SPRF-GO";"DEL04-GO";"UOP01-DEL04-GO"
541624;2020-10-01;"quinta-feira";"10:30:00";"ES";482;41,5;"CACHOEIRO DE ITAPEMIRIM";"Desobediência às normas de trânsito pelo condutor";"Colisão transversal";"Com Vítimas Feridas";"Pleno dia";"Crescente";"Céu Claro";"Simples";"Reta";"Não";3;0;2;0;1;0;2;2;-20,76235136;-41,20394888;"SPRF-ES";"DEL03-ES";"UOP02-DEL03-ES"
548241;2020-11-21;"sábado";"17:30:00";"TO";153;380,8;"RIO DOS BOIS";"Ultrapassagem Indevida";"Colisão frontal";"Com Vítimas Fatais";"Pleno dia";"Decrescente";"Chuva";"Simples";"Reta";"Não";5;2;0;0;1;3;0;6;-9,242682;-48,5484;"SPRF-TO";"DEL02-TO";"UOP02-DEL02-TO"
553819;2020-12-14;"segunda-feira";"08:45:00";"PR";376;5;"APUCARANA";"Falta de Atenção à Condução";"Colisão frontal";"Com Vítimas Feridas";"Pleno dia";"Crescente";"Céu Claro";"Simples";"Interseção de Vias";"Sim";3;0;1;0;1;2;1;4;-23,549303;-51,449861;"SPRF-PR";"DEL07-PR";"UOP03-DEL07-PR"
553881;2020-03-31;"terça-feira";"17:20:00";"MG";381;455;"SABARA";"Fenômenos da Natureza";"Colisão traseira";"Com Vítimas Feridas";"Anoitecer";"Crescente";"Sol";"Simples";"Ponte";"Não";2;0;0;1;1;0;1;2;-19,84148761;-43,8688159;"SPRF-MG";"DEL01-MG";"UOP01-DEL01-MG"
575304;2020-11-07;"sábado";"16:25:00";"BA";324;564;"SAO SEBASTIAO DO PASSE";"Ingestão de álcool pelo condutor";"Colisão lateral";"Sem Vítimas";"Pleno dia";"Crescente";"Sol";"Dupla";"Aclive";"Não";3;0;0;0;2;1;0;3;-12,5138723;-38,62480322;"SPRF-BA";"DEL01-BA";"UOP01-DEL01-BA"
575452;2020-07-31;"sexta-feira";"23:00:00";"PE";101;56;"PAULISTA";"Ingestão de álcool pelo condutor";"Saída de leito carroçável";"Com Vítimas Feridas";"Plena Noite";"Decrescente";"Chuva";"Dupla";"Curva";"Não";4;0;3;0;1;0;3;1;-7,9554509;-34,91140727;"SPRF-PE";"DEL01-PE";"UOP02-DEL01-PE"
577176;2020-12-22;"terça-feira";"12:25:00";"ES";262;27;"VIANA";"Falta de Atenção à Condução";"Colisão lateral";"Com Vítimas Fatais";"Pleno dia";"Crescente";"Chuva";"Simples";"Curva";"Não";2;1;0;0;1;0;0;2;-20,38398959;-40,55226465;"SPRF-ES";"DEL01-ES";"UOP01-DEL01-ES"
577847;2020-02-22;"sábado";"13:00:00";"RJ";116;294;"PORTO REAL";"Ingestão de álcool pelo condutor";"Colisão lateral";"Sem Vítimas";"Pleno dia";"Decrescente";"Céu Claro";"Dupla";"Aclive";"Não";4;0;0;0;3;2;0;5;-22,45429053;-44,30084012;"SPRF-RJ";"DEL07-RJ";"UOP02-DEL07-RJ"
585299;2020-12-16;"quarta-feira";"23:20:00";"PR";116;165,2;"QUITANDINHA";"Ingestão de álcool pelo condutor";"Colisão traseira";"Sem Vítimas";"Plena Noite";"Decrescente";"Nublado";"Simples";"Reta";"Não";3;0;0;0;2;1;0;3;-25,87393178;-49,47794979;"SPRF-PR";"DEL01-PR";"UOP03-DEL01-PR"
585331;2020-01-14;"terça-feira";"12:20:00";"MG";381;940;"EXTREMA";"Ingestão de álcool pelo condutor";"Colisão traseira";"Com Vítimas Feridas";"Pleno dia";"Crescente";"Céu Claro";"Dupla";"Aclive;Reta";"Não";4;0;2;0;1;2;2;5;-22,87479042;-46,36655782;"SPRF-MG";"DEL16-MG";"UOP03-DEL16-MG"
586532;2020-12-19;"sábado";"19:15:00";"PR";163;127;"REALEZA";"Ingestão de álcool pelo condutor";"Colisão lateral";"Sem Vítimas";"Anoitecer";"Crescente";"Chuva";"Simples";"Reta";"Não";4;0;0;0;2;3;0;5;-25,576226;-53,565617;"SPRF-PR";"DEL02-PR";"UOP02-DEL02-PR"
591259;2020-03-09;"segunda-feira";"01:00:00";"SC";101;107,7;"PENHA";"Ingestão de álcool pelo condutor";"Colisão transversal";"Sem Vítimas";"Plena Noite";"Crescente";"Nublado";"Dupla";"Reta";"Não";3;0;0;0;2;1;0;3;-26,82422397;-48,68853092;"SPRF-SC";"DEL03-SC";"UOP02-DEL03-SC"
597760;2020-07-18;"sábado";"09:45:00";"MG";153;96,4;"PRATA";"Ultrapassagem Indevida";"Colisão traseira";"Com Vítimas Feridas";"Pleno dia";"Crescente";"Céu Claro";"Simples";"Reta";"Não";2;0;0;1;1;0;1;2;-19,19257493;-48,94518614;"SPRF-MG";"DEL15-MG";"UOP03-DEL15-MG"
263437;2020-01-17;"sexta-feira";"19:00:00";"PI";343;78,1;"CAXINGO";"Desobediência às normas de trânsito pelo condutor";"Colisão frontal";"Com Vítimas Feridas";"Plena Noite";"Crescente";"Nublado";"Simples";"Reta";"Não";3;0;1;1;0;1;2;2;-3,389163;-41,737225;"SPRF-PI";"DEL05-PI";"UOP01-DEL05-PI"
264104;2020-01-20;"segunda-feira";"20:10:00";"GO";153;500,1;"GOIANIA";"Falta de Atenção à Condução";"Colisão lateral";"Sem Vítimas";"Plena Noite";"Crescente";"Céu Claro";"Múltipla";"Reta";"Não";3;0;0;0;2;1;0;3;-16,7118;-49,2324;"SPRF-GO";"DEL01-GO";"UOP01-DEL01-GO"
266089;2020-01-30;"quinta-feira";"22:19:00";"SC";470;168,5;"POUSO REDONDO";"Falta de Atenção à Condução";"Colisão traseira";"Com Vítimas Feridas";"Plena Noite";"Crescente";"Nublado";"Simples";"Reta";"Não";3;0;1;0;2;0;1;2;-27,266994;-49,872524;"SPRF-SC";"DEL04-SC";"UOP02-DEL04-SC"
267336;2020-02-05;"quarta-feira";"17:50:00";"GO";60;227;"CEZARINA";"Defeito Mecânico no Veículo";"Saída de leito carroçável";"Sem Vítimas";"Pleno dia";"Crescente";"Céu Claro";"Dupla";"Declive";"Não";1;0;0;0;1;0;0;1;-17,0331;-49,7777;"SPRF-GO";"DEL01-GO";"UOP02-DEL01-GO"
268494;2020-02-10;"segunda-feira";"20:20:00";"MG";50;133;"UBERABA";"Condutor Dormindo";"Colisão traseira";"Com Vítimas Feridas";"Plena Noite";"Crescente";"Céu Claro";"Dupla";"Reta";"Não";2;0;1;0;1;0;1;2;-19,41574308;-48,07159033;"SPRF-MG";"DEL13-MG";"UOP01-DEL13-MG"
268546;2020-02-11;"terça-feira";"07:45:00";"SC";101;119;"ITAJAI";"Desobediência às normas de trânsito pelo condutor";"Colisão lateral";"Com Vítimas Feridas";"Pleno dia";"Crescente";"Céu Claro";"Dupla";"Reta";"Não";2;0;0;1;0;1;1;2;-26,9043179;-48,71555481;"SPRF-SC";"DEL04-SC";"UOP04-DEL04-SC"
268875;2020-02-12;"quarta-feira";"19:00:00";"PE";232;7,8;"RECIFE";"Defeito Mecânico no Veículo";"Saída de leito carroçável";"Sem Vítimas";"Plena Noite";"Decrescente";"Nublado";"Dupla";"Reta";"Sim";1;0;0;0;0;1;0;1;-8,07350652;-34,96115685;"SPRF-PE";"DEL01-PE";"UOP01-DEL01-PE"
269182;2020-02-14;"sexta-feira";"10:50:00";"RO";364;344,8;"JI-PARANA";"Falta de Atenção do Pedestre";"Atropelamento de Pedestre";"Com Vítimas Fatais";"Pleno dia";"Crescente";"Céu Claro";"Dupla";"Reta";"Não";2;1;0;0;1;0;0;2;-10,87376391;-61,95256893;"SPRF-RO";"DEL02-RO";"UOP01-DEL02-RO"
270244;2020-02-19;"quarta-feira";"14:50:00";"RS";158;327;"SANTA MARIA";"Falta de Atenção à Condução";"Colisão traseira";"Com Vítimas Feridas";"Pleno dia";"Crescente";"Céu Claro";"Simples";"Reta";"Sim";2;0;1;0;0;1;1;2;-29,714945;-53,81083;"SPRF-RS";"DEL09-RS";"UOP01-DEL09-RS"
272739;2020-03-01;"domingo";"20:10:00";"MA";402;35;"AXIXA";"Desobediência às normas de trânsito pelo condutor";"Colisão traseira";"Sem Vítimas";"Anoitecer";"Crescente";"Céu Claro";"Simples";"Aclive";"Sim";1;0;0;0;1;0;0;1;-2,85133;-44,067204;"SPRF-MA";"DEL01-MA";"UOP01-DEL01-MA"
275171;2020-03-13;"sexta-feira";"19:12:00";"PB";101;59,9;"SANTA RITA";"Falta de Atenção à Condução";"Colisão traseira";"Com Vítimas Feridas";"Plena Noite";"Decrescente";"Nublado";"Dupla";"Reta";"Não";3;0;0;1;0;2;1;3;-6,99352402;-35,06896004;"SPRF-PB";"DEL01-PB";"UOP04-DEL01-PB"
277164;2020-03-25;"quarta-feira";"14:10:00";"MG";40;423,1;"CURVELO";"Carga excessiva e/ou mal acondicionada";"Derramamento de carga";"Com Vítimas Feridas";"Pleno dia";"Crescente";"Sol";"Simples";"Declive;Curva";"Não";2;0;1;0;0;1;1;2;-19,15337404;-44,538155;"SPRF-MG";"DEL02-MG";"UOP01-DEL02-MG"
277804;2020-03-31;"terça-feira";"07:35:00";"MG";50;137;"UBERABA";"Falta de Atenção à Condução";"Colisão traseira";"Com Vítimas Feridas";"Pleno dia";"Decrescente";"Céu Claro";"Dupla";"Reta";"Não";2;0;1;0;1;0;1;2;-19,45056192;-48,06142574;"SPRF-MG";"DEL13-MG";"UOP01-DEL13-MG"
277898;2020-03-31;"terça-feira";"21:50:00";"PR";277;594,6;"CASCAVEL";"Defeito Mecânico no Veículo";"Colisão com objeto em movimento";"Com Vítimas Feridas";"Plena Noite";"Crescente";"Céu Claro";"Simples";"Reta";"Sim";3;0;0;2;0;1;2;2;-24,9794792;-53,49232599;"SPRF-PR";"DEL04-PR";"UOP01-DEL04-PR"
278340;2020-04-04;"sábado";"12:26:00";"TO";153;334;"GUARAI";"Desobediência às normas de trânsito pelo condutor";"Colisão com objeto estático";"Com Vítimas Feridas";"Pleno dia";"Decrescente";"Céu Claro";"Múltipla";"Reta";"Não";3;0;1;0;1;1;1;3;-8,835718;-48,512123;"SPRF-TO";"DEL02-TO";"UOP02-DEL02-TO"