"id";"data_inversa";"dia_semana";"horario";"uf";"br";"km";"municipio";"causa_acidente";"tipo_acidente";"classificacao_acidente";"fase_dia";"sentido_via";"condicao_metereologica";"tipo_pista";"tracado_via";"uso_solo";"pessoas";"mortos";"feridos_leves";"feridos_graves";"ilesos";"ignorados";"feridos";"veiculos";"latitude";"longitude";"regional";"delegacia";"uop"
288139;2020-06-04;"quinta-feira";"18:20:00";"MG";381;157,8;"GOVERNADOR VALADARES";"Falta de Atenção à Condução";"Colisão lateral";"Com Vítimas Feridas";"Plena Noite";"Decrescente";"Céu Claro";"Simples";"Curva";"Sim";3;0;1;0;1;1;1;3;-18,91099925;-42,00762101;"SPRF-MG";"DEL06-MG";"UOP01-DEL06-MG"
288272;2020-06-05;"sexta-feira";"14:00:00";"GO";80;404,4;"SAO MIGUEL DO ARAGUAIA";"Defeito Mecânico no Veículo";"Saída de leito carroçável";"Com Vítimas Fatais";"Pleno dia";"Crescente";"Céu Claro";"Simples";"Reta";"Não";4;1;2;0;0;1;2;2;-13,2889161;-50,48120677;"SPRF-GO";"DEL07-GO";"UOP02-DEL07-GO"
288403;2020-06-05;"sexta-feira";"16:10:00";"AL";104;0,7;"SAO JOSE DA LAJE";"Avarias e/ou desgaste excessivo no pneu";"Colisão frontal";"Sem Vítimas";"Pleno dia";"Crescente";"Ignorado";"Simples";"Curva;Declive";"Não";3;0;0;0;2;1;0;3;-8,91559865;-36,01876259;"SPRF-AL";"DEL01-AL";"UOP02-DEL01-AL"
288428;2020-06-06;"sábado";"08:00:00";"RJ";101;474;"ANGRA DOS REIS";"Defeito Mecânico no Veículo";"Atropelamento de Pedestre";"Com Vítimas Feridas";"Pleno dia";"Crescente";"Céu Claro";"Simples";"Aclive";"Sim";4;0;0;1;1;2;1;3;-22,99498627;-44,24919963;"SPRF-RJ";"DEL03-RJ";"UOP03-DEL03-RJ"
288663;2020-06-07;"domingo";"12:00:00";"DF";80;25;"BRASILIA";"Falta de Atenção à Condução";"Colisão transversal";"Com Vítimas Feridas";"Pleno dia";"Decrescente";"Céu Claro";"Dupla";"Reta";"Sim";3;0;1;0;1;1;1;3;-15,61249;-48,198313;"SPRF-DF";"DEL03-DF";"UOP02-DEL03-DF"
289103;2020-05-04;"segunda-feira";"10:35:00";"PR";476;135;"CURITIBA";"Falta de Atenção à Condução";"Colisão lateral";"Sem Vítimas";"Pleno dia";"Decrescente";"Sol";"Múltipla";"Curva";"Sim";4;0;0;0;3;1;0;3;-25,483786;-49,265808;"SPRF-PR";"DEL01-PR";"UOP03-DEL01-PR"
289314;2020-06-10;"quarta-feira";"18:50:00";"BA";116;418,6;"FEIRA DE SANTANA";"Falta de Atenção à Condução";"Engavetamento";"Sem Vítimas";"Plena Noite";"Crescente";"Céu Claro";"Simples";"Reta";"Sim";4;0;0;0;3;1;0;4;-12,185808;-38,965225;"SPRF-BA";"DEL02-BA";"UOP01-DEL02-BA"
289432;2020-06-11;"quinta-feira";"09:30:00";"MG";365;166,2;"PIRAPORA";"Velocidade Incompatível";"Saída de leito carroçável";"Com Vítimas Feridas";"Pleno dia";"Decrescente";"Sol";"Simples";"Reta";"Não";3;0;0;2;0;1;2;2;-17,38199719;-44,97027099;"SPRF-MG";"DEL12-MG";"UOP01-DEL12-MG"
289629;2020-06-12;"sexta-feira";"14:30:00";"PE";232;69;"GRAVATA";"Defeito Mecânico no Veículo";"Incêndio";"Sem Vítimas";"Pleno dia";"Crescente";"Céu Claro";"Dupla";"Reta";"Não";2;0;0;0;1;1;0;2;-8,17240309;-35,47993595;"SPRF-PE";"DEL02-PE";"UOP02-DEL02PE"
289644;2020-06-12;"sexta-feira";"16:05:00";"RN";226;36,5;"MACAIBA";"Desobediência às normas de trânsito pelo condutor";"Saída de leito carroçável";"Com Vítimas Feridas";"Pleno dia";"Crescente";"Nublado";"Simples";"Curva";"Não";4;0;1;0;2;1;1;2;-5,91000695;-35,51540852;"SPRF-RN";"DEL01-RN";"UOP02-DEL01-RN"
289987;2020-06-14;"domingo";"15:50:00";"MG";381;618,2;"OLIVEIRA";"Falta de Atenção à Condução";"Colisão lateral";"Com Vítimas Feridas";"Pleno dia";"Decrescente";"Céu Claro";"Dupla";"Reta";"Não";4;0;2;0;1;1;2;3;-20,76895697;-44,78171707;"SPRF-MG";"DEL04-MG";"UOP01-DEL04-MG"
290082;2020-06-15;"segunda-feira";"08:00:00";"ES";101;149;"LINHARES";"Desobediência às normas de trânsito pelo condutor";"Colisão transversal";"Com Vítimas Feridas";"Pleno dia";"Crescente";"Céu Claro";"Dupla";"Interseção de Vias";"Sim";5;0;1;0;3;1;1;3;-19,30401506;-40,02422333;"SPRF-ES";"DEL04-ES";"UOP01-DEL04-ES"
290733;2020-06-18;"quinta-feira";"23:30:00";"MG";381;375;"SAO GONCALO DO RIO ABAIXO";"Ingestão de Álcool";"Colisão lateral";"Com Vítimas Feridas";"Plena Noite";"Decrescente";"Nublado";"Simples";"Curva";"Não";3;0;1;0;1;1;1;3;-19,8414365;-43,3212831;"SPRF-MG";"DEL01-MG";"UOP01-DEL01-MG"
291076;2020-06-20;"sábado";"16:10:00";"MG";262;791,8;"UBERABA";"Defeito Mecânico no Veículo";"Saída de leito carroçável";"Com Vítimas Feridas";"Pleno dia";"Crescente";"Céu Claro";"Simples";"Reta";"Não";6;0;1;2;2;1;3;3;-19,76328194;-47,85919501;"SPRF-MG";"DEL13-MG";"UOP01-DEL13-MG"
291381;2020-06-22;"segunda-feira";"08:15:00";"PA";10;243,3;"IPIXUNA DO PARA";"Carga excessiva e/ou mal acondicionada";"Saída de leito carroçável";"Com Vítimas Feridas";"Pleno dia";"Crescente";"Céu Claro";"Simples";"Reta";"Não";2;0;1;0;0;1;1;2;-2,31290101;-47,56399577;"SPRF-PA";"DEL02-PA";"UOP01-DEL02-PA"
291620;2020-06-23;"terça-feira";"18:46:00";"MT";70;529,4;"VARZEA GRANDE";"Desobediência às normas de trânsito pelo condutor";"Colisão traseira";"Com Vítimas Feridas";"Plena Noite";"Crescente";"Céu Claro";"Simples";"Reta";"Sim";5;0;1;1;2;1;2;3;-15,65417179;-56,20613163;"SPRF-MT";"DEL01-MT";"UOP02-DEL01-MT"
292692;2020-06-29;"segunda-feira";"20:30:00";"RS";392;115,5;"CANGUCU";"Não guardar distância de segurança";"Colisão traseira";"Com Vítimas Feridas";"Plena Noite";"Crescente";"Chuva";"Simples";"Aclive";"Não";3;0;1;0;0;2;1;3;-31,42456531;-52,66149946;"SPRF-RS";"DEL07-RS";"UOP01-DEL07-RS"
292708;2020-06-29;"segunda-feira";"17:00:00";"GO";414;320;"VILA PROPICIO";"Falta de Atenção à Condução";"Saída de leito carroçável";"Com Vítimas Feridas";"Anoitecer";"Crescente";"Céu Claro";"Simples";"Curva";"Não";2;0;0;1;0;1;1;2;-15,20091703;-48,70185812;"SPRF-GO";"DEL02-GO";"UOP01-DEL02-GO"
293310;2020-07-03;"sexta-feira";"18:05:00";"MS";60;592,9;"JARDIM";"Falta de Atenção à Condução";"Colisão traseira";"Com Vítimas Feridas";"Plena Noite";"Decrescente";"Ignorado";"Simples";"Reta";"Sim";4;0;2;0;1;1;2;3;-21,48196992;-56,14179005;"SPRF-MS";"DEL05-MS";"UOP01-DEL05-MS"
293523;2020-07-04;"sábado";"15:35:00";"RS";392;31,4;"RIO GRANDE";"Desobediência às normas de trânsito pelo condutor";"Colisão transversal";"Com Vítimas Feridas";"Pleno dia";"Crescente";"Céu Claro";"Dupla";"Reta";"Não";3;0;2;0;0;1;2;3;-32,04179424;-52,28176437;"SPRF-RS";"DEL07-RS";"UOP02-DEL07-RS"
294430;2020-07-09;"quinta-feira";"15:00:00";"RS";293;174,5;"BAGE";"Defeito Mecânico no Veículo";"Saída de leito carroçável";"Com Vítimas Feridas";"Pleno dia";"Decrescente";"Céu Claro";"Simples";"Reta";"Não";2;0;1;0;0;1;1;2;-31,32183158;-53,99326825;"SPRF-RS";"DEL11-RS";"UOP03-DEL11-RS"
294446;2020-07-09;"quinta-feira";"19:00:00";"ES";101;95,3;"JAGUARE";"Defeito Mecânico no Veículo";"Colisão traseira";"Com Vítimas Feridas";"Plena Noite";"Crescente";"Nublado";"Simples";"Reta";"Não";3;0;1;0;1;1;1;3;-18,93905359;-39,97576585;"SPRF-ES";"DEL04-ES";"UOP02-DEL04-ES"
294542;2020-07-10;"sexta-feira";"10:30:00";"TO";153;153;"ARAGUAINA";"Avarias e/ou desgaste excessivo no pneu";"Capotamento";"Sem Vítimas";"Pleno dia";"Crescente";"Céu Claro";"Simples";"Curva";"Sim";2;0;0;0;1;1;0;2;-7,27288096;-48,2662611;"SPRF-TO";"DEL02-TO";"UOP01-DEL02-TO"
294675;2020-07-10;"sexta-feira";"14:22:00";"SP";116;553;"BARRA DO TURVO";"Falta de Atenção à Condução";"Danos eventuais";"Com Vítimas Feridas";"Pleno dia";"Decrescente";"Céu Claro";"Dupla";"Reta;Declive";"Não";4;0;1;0;2;1;1;3;-24,971024;-48,48959;"SPRF-SP";"DEL05-SP";"UOP02-DEL05-SP"
294773;2020-07-11;"sábado";"11:50:00";"GO";60;101;"ANAPOLIS";"Desobediência às normas de trânsito pelo condutor";"Colisão transversal";"Com Vítimas Feridas";"Pleno dia";"Crescente";"Céu Claro";"Múltipla";"Retorno Regulamentado;Reta";"Sim";3;0;2;0;0;1;2;3;-16,4022;-48,9745;"SPRF-GO";"DEL02-GO";"UOP01-DEL02-GO"
294846;2020-07-11;"sábado";"18:50:00";"CE";20;204;"BOA VIAGEM";"Falta de Atenção à Condução";"Colisão transversal";"Com Vítimas Feridas";"Pleno dia";"Decrescente";"Céu Claro";"Simples";"Reta";"Não";5;0;0;1;3;1;1;3;-5,128491;-39,738;"SPRF-CE";"DEL02-CE";"UOP02-DEL02-CE"
294920;2020-07-11;"sábado";"20:35:00";"SC";282;252,4;"SAO JOSE DO CERRITO";"Desobediência às normas de trânsito pelo condutor";"Colisão frontal";"Com Vítimas Fatais";"Plena Noite";"Decrescente";"Chuva";"Simples";"Curva";"Não";5;1;0;3;0;1;3;3;-27,68879311;-50,56629919;"SPRF-SC";"DEL05-SC";"UOP02-DEL05-SC"
295554;2020-07-15;"quarta-feira";"11:30:00";"RS";293;253,9;"DOM PEDRITO";"Não guardar distância de segurança";"Colisão lateral";"Sem Vítimas";"Pleno dia";"Decrescente";"Céu Claro";"Simples";"Reta";"Sim";5;0;0;0;4;1;0;3;-30,95689703;-54,68830201;"SPRF-RS";"DEL11-RS";"UOP01-DEL11-RS"
295610;2020-07-15;"quarta-feira";"18:35:00";"MG";116;275,9;"TEOFILO OTONI";"Falta de Atenção do Pedestre";"Atropelamento de Pedestre";"Com Vítimas Feridas";"Plena Noite";"Crescente";"Nublado";"Dupla";"Reta";"Sim";3;0;1;0;1;1;1;3;-17,84235093;-41,51410418;"SPRF-MG";"DEL11-MG";"UOP01-DEL11-MG"
295877;2020-07-17;"sexta-feira";"14:10:00";"PR";476;117;"COLOMBO";"Falta de Atenção à Condução";"Colisão lateral";"Com Vítimas Feridas";"Pleno dia";"Decrescente";"Céu Claro";"Dupla";"Reta";"Sim";3;0;1;0;1;1;1;3;-25,350566;-49,177375;"SPRF-PR";"DEL01-PR";"UOP07-DEL01-PR"
296486;2020-07-20;"segunda-feira";"08:50:00";"SC";101;223;"PALHOCA";"Carga excessiva e/ou mal acondicionada";"Colisão com objeto estático";"Com Vítimas Feridas";"Pleno dia";"Crescente";"Céu Claro";"Dupla";"Reta;Declive";"Não";3;0;1;0;1;1;1;3;-27,71617703;-48,64853382;"SPRF-SC";"DEL01-SC";"UOP02-DEL01-SC"
296871;2020-03-16;"segunda-feira";"16:30:00";"PE";232;75;"GRAVATA";"Avarias e/ou desgaste excessivo no pneu";"Saída de leito carroçável";"Sem Vítimas";"Pleno dia";"Decrescente";"Céu Claro";"Dupla";"Reta";"Não";2;0;0;0;1;1;0;2;-8,19737799;-35,525476;"SPRF-PE";"DEL02-PE";"UOP02-DEL02PE"
297174;2020-07-24;"sexta-feira";"11:10:00";"ES";101;293;"CARIACICA";"Falta de Atenção à Condução";"Colisão lateral";"Com Vítimas Feridas";"Pleno dia";"Crescente";"Céu Claro";"Dupla";"Reta";"Sim";4;0;0;1;1;2;1;4;-20,31526144;-40,39567044;"SPRF-ES";"DEL01-ES";"UOP01-DEL01-ES"
297386;2020-07-25;"sábado";"13:40:00";"GO";153;129;"ESTRELA DO NORTE";"Defeito Mecânico no Veículo";"Colisão com objeto em movimento";"Com Vítimas Feridas";"Pleno dia";"Decrescente";"Sol";"Simples";"Reta";"Não";5;0;1;1;2;1;2;3;-13,901399;-49,060982;"SPRF-GO";"DEL07-GO";"UOP01-DEL07-GO"
297708;2020-07-26;"domingo";"19:20:00";"PR";476;286,5;"SAO MATEUS DO SUL";"Defeito Mecânico no Veículo";"Colisão frontal";"Com Vítimas Feridas";"Plena Noite";"Crescente";"Céu Claro";"Simples";"Reta";"Não";5;0;1;2;1;1;3;3;-25,915325;-50,44857;"SPRF-PR";"DEL02-PR";"UOP04-DEL02-PR"
297864;2020-07-27;"segunda-feira";"15:15:00";"DF";70;12,5;"BRASILIA";"Não guardar distância de segurança";"Colisão traseira";"Com Vítimas Feridas";"Pleno dia";"Crescente";"Céu Claro";"Dupla";"Reta";"Não";4;0;1;0;2;1;1;4;-15,79402927;-48,16468477;"SPRF-DF";"DEL03-DF";"UOP02-DEL03-DF"
298081;2020-07-28;"terça-feira";"20:55:00";"PR";476;112,7;"COLOMBO";"Pista Escorregadia";"Colisão transversal";"Sem Vítimas";"Plena Noite";"Crescente";"Chuva";"Simples";"Reta";"Não";4;0;0;0;3;1;0;3;-25,318485;-49,159;"SPRF-PR";"DEL01-PR";"UOP07-DEL01-PR"
298153;2020-07-29;"quarta-feira";"09:00:00";"PB";101;98;"JOAO PESSOA";"Defeito Mecânico no Veículo";"Queda de ocupante de veículo";"Com Vítimas Feridas";"Pleno dia";"Decrescente";"Nublado";"Dupla";"Reta";"Sim";2;0;1;0;0;1;1;2;-7,24692282;-34,93113937;"SPRF-PB";"DEL01-PB";"UOP02-DEL01-PB"
298310;2020-07-30;"quinta-feira";"09:45:00";"GO";153;503;"GOIANIA";"Não guardar distância de segurança";"Colisão traseira";"Com Vítimas Feridas";"Pleno dia";"Crescente";"Céu Claro";"Dupla";"Reta;Aclive;Viaduto";"Sim";5;0;2;0;2;1;2;4;-16,7366;-49,243;"SPRF-GO";"DEL01-GO";"UOP01-DEL01-GO"
298352;2020-07-30;"quinta-feira";"13:37:00";"MS";163;778,1;"PEDRO GOMES";"Avarias e/ou desgaste excessivo no pneu";"Saída de leito carroçável";"Com Vítimas Fatais";"Pleno dia";"Crescente";"Sol";"Dupla";"Reta";"Não";4;1;2;0;0;1;2;2;-18,11334906;-54,69861464;"SPRF-MS";"DEL06-MS";"UOP01-DEL06-MS"
298512;2020-07-31;"sexta-feira";"09:00:00";"CE";20;88;"TAUA";"Desobediência às normas de trânsito pelo condutor";"Colisão frontal";"Com Vítimas Feridas";"Pleno dia";"Crescente";"Céu Claro";"Simples";"Reta";"Não";5;0;0;4;0;1;4;3;-5,97567825;-40,25460976;"SPRF-CE";"DEL02-CE";"UOP02-DEL02-CE"
298530;2020-07-31;"sexta-feira";"12:40:00";"PE";101;86;"JABOATAO DOS GUARARAPES";"Defeito Mecânico no Veículo";"Colisão com objeto em movimento";"Com Vítimas Feridas";"Pleno dia";"Decrescente";"Céu Claro";"Dupla";"Reta";"Não";4;0;2;0;1;1;2;3;-8,18470013;-34,96816895;"SPRF-PE";"DEL01-PE";"UOP03-DEL01-PE"
298728;2020-08-01;"sábado";"09:15:00";"AC";364;149;"RIO BRANCO";"Defeito na Via";"Colisão com objeto estático";"Sem Vítimas";"Pleno dia";"Crescente";"Céu Claro";"Dupla";"Reta";"Sim";2;0;0;0;1;1;0;2;-9,87942293;-67,9051469;"SPRF-AC";"DEL01-AC";"UOP01-DEL01-AC"
299425;2020-08-04;"terça-feira";"13:30:00";"BA";101;248;"CONCEICAO DO ALMEIDA";"Ultrapassagem Indevida";"Colisão frontal";"Com Vítimas Feridas";"Pleno dia";"Crescente";"Nublado";"Simples";"Reta";"Não";4;0;2;0;1;1;2;3;-12,984957;-39,291156;"SPRF-BA";"DEL01-BA";"UOP02-DEL01-BA"
299588;2020-08-05;"quarta-feira";"10:40:00";"SC";282;194;"LAGES";"Não guardar distância de segurança";"Saída de leito carroçável";"Com Vítimas Feridas";"Pleno dia";"Decrescente";"Céu Claro";"Simples";"Reta;Aclive";"Não";8;0;6;0;1;1;6;3;-27,74324;-50,075451;"SPRF-SC";"DEL05-SC";"UOP01-DEL05-SC"
299593;2020-08-02;"domingo";"06:40:00";"SC";470;2;"NAVEGANTES";"Restrição de Visibilidade";"Colisão traseira";"Com Vítimas Feridas";"Amanhecer";"Decrescente";"Nevoeiro/Neblina";"Dupla";"Reta";"Sim";3;0;0;1;1;1;1;3;-26,868551;-48,674831;"SPRF-SC";"DEL04-SC";"UOP04-DEL04-SC"
300255;2020-08-08;"sábado";"18:30:00";"SE";101;151,8;"ESTANCIA";"Falta de Atenção à Condução";"Colisão lateral";"Com Vítimas Feridas";"Plena Noite";"Crescente";"Nublado";"Simples";"Reta";"Sim";6;0;0;1;4;1;1;3;-11,26151;-37,441227;"SPRF-SE";"DEL02-SE";"UOP01-DEL02-SE"
300803;2020-08-11;"terça-feira";"09:10:00";"MS";158;259,9;"TRES LAGOAS";"Falta de Atenção à Condução";"Colisão transversal";"Sem Vítimas";"Pleno dia";"Crescente";"Céu Claro";"Dupla";"Rotatória";"Não";4;0;0;0;3;1;0;3;-20,71351403;-51,75152004;"SPRF-MS";"DEL07-MS";"UOP01-DEL07-MS"
300949;2020-08-12;"quarta-feira";"06:30:00";"SE";101;22,7;"MALHADA DOS BOIS";"Falta de Atenção à Condução";"Colisão traseira";"Com Vítimas Feridas";"Pleno dia";"Crescente";"Céu Claro";"Dupla";"Declive;Em Obras;Reta";"Não";4;0;1;0;2;1;1;3;-10,38170702;-36,91530704;"SPRF-SE";"DEL02-SE";"UOP02-DEL02-SE"
301254;2020-08-13;"quinta-feira";"18:20:00";"BA";116;360,5;"SERRINHA";"Desobediência às normas de trânsito pelo condutor";"Colisão lateral";"Com Vítimas Feridas";"Plena Noite";"Crescente";"Céu Claro";"Simples";"Reta";"Sim";4;0;1;0;2;1;1;4;-11,67414115;-38,99714822;"SPRF-BA";"DEL02-BA";"UOP01-DEL02-BA"
301862;2020-08-16;"domingo";"12:41:00";"BA";116;422;"FEIRA DE SANTANA";"Falta de Atenção à Condução";"Colisão transversal";"Com Vítimas Feridas";"Pleno dia";"Decrescente";"Sol";"Dupla";"Reta";"Sim";3;0;1;0;1;1;1;3;-12,22970847;-38,96405339;"SPRF-BA";"DEL02-BA";"UOP01-DEL02-BA"
302063;2020-08-17;"segunda-feira";"14:20:00";"MG";381;496;"BETIM";"Desobediência às normas de trânsito pelo condutor";"Colisão traseira";"Com Vítimas Feridas";"Pleno dia";"Decrescente";"Céu Claro";"Dupla";"Reta";"Sim";4;0;1;0;2;1;1;3;-19,97531174;-44,19334883;"SPRF-MG";"DEL01-MG";"UOP03-DEL01-MG"
302916;2020-08-22;"sábado";"11:20:00";"DF";20;15;"BRASILIA";"Defeito Mecânico no Veículo";"Saída de leito carroçável";"Sem Vítimas";"Pleno dia";"Crescente";"Sol";"Dupla";"Reta;Declive";"Sim";2;0;0;0;1;1;0;2;-15,630189;-47,733288;"SPRF-DF";"DEL02-DF";"UOP01-DEL02-DF"
303026;2020-08-22;"sábado";"20:15:00";"PR";277;706,3;"SANTA TEREZINHA DE ITAIPU";"Ingestão de Álcool";"Colisão traseira";"Com Vítimas Feridas";"Plena Noite";"Decrescente";"Céu Claro";"Dupla";"Aclive";"Não";9;0;6;0;2;1;6;4;-25,4350489;-54,37780305;"SPRF-PR";"DEL05-PR";"UOP01-DEL05-PR"
303169;2020-08-23;"domingo";"16:50:00";"PE";101;44,6;"IGARASSU";"Falta de Atenção à Condução";"Colisão traseira";"Com Vítimas Feridas";"Pleno dia";"Decrescente";"Céu Claro";"Múltipla";"Reta";"Sim";4;0;0;1;2;1;1;3;-7,85637001;-34,90842109;"SPRF-PE";"DEL01-PE";"UOP02-DEL01-PE"
303267;2020-08-23;"domingo";"19:30:00";"MG";365;808;"SANTA VITORIA";"Ingestão de Substâncias Psicoativas";"Saída de leito carroçável";"Sem Vítimas";"Plena Noite";"Crescente";"Céu Claro";"Simples";"Reta";"Não";4;0;0;0;1;3;0;3;-18,89306434;-49,98270606;"SPRF-MG";"DEL15-MG";"UOP03-DEL15-MG"
303495;2020-08-25;"terça-feira";"05:45:00";"TO";153;135;"ARAGUAINA";"Desobediência às normas de trânsito pelo condutor";"Colisão frontal";"Sem Vítimas";"Amanhecer";"Crescente";"Nevoeiro/Neblina";"Simples";"Curva";"Sim";3;0;0;0;1;2;0;3;-7,12896688;-48,19843215;"SPRF-TO";"DEL02-TO";"UOP01-DEL02-TO"
303707;2020-08-26;"quarta-feira";"10:05:00";"RS";285;292;"PASSO FUNDO";"Falta de Atenção à Condução";"Colisão traseira";"Com Vítimas Feridas";"Pleno dia";"Decrescente";"Céu Claro";"Simples";"Interseção de Vias";"Sim";3;0;1;0;1;1;1;3;-28,23814287;-52,37004519;"SPRF-RS";"DEL08-RS";"UOP03-DEL08-RS"
303940;2020-08-27;"quinta-feira";"18:01:00";"MG";40;46,6;"PARACATU";"Defeito Mecânico no Veículo";"Danos eventuais";"Com Vítimas Feridas";"Anoitecer";"Decrescente";"Céu Claro";"Simples";"Reta";"Não";3;0;0;1;1;1;1;3;-17,23875763;-46,83697693;"SPRF-MG";"DEL14-MG";"UOP01-DEL14-MG"
304157;2020-08-28;"sexta-feira";"18:50:00";"SC";153;95;"CONCORDIA";"Falta de Atenção à Condução";"Colisão transversal";"Com Vítimas Feridas";"Plena Noite";"Crescente";"Céu Claro";"Simples";"Curva";"Não";5;0;1;0;3;1;1;3;-27,204384;-51,949116;"SPRF-SC";"DEL07-SC";"UOP04-DEL07-SC"
304598;2020-08-30;"domingo";"12:40:00";"MA";135;39,6;"BACABEIRA";"Desobediência às normas de trânsito pelo condutor";"Colisão frontal";"Com Vítimas Feridas";"Pleno dia";"Crescente";"Céu Claro";"Simples";"Curva;Desvio Temporário";"Não";3;0;1;0;1;1;1;3;-2,88509899;-44,3749714;"SPRF-MA";"DEL01-MA";"UOP01-DEL01-MA"
304781;2020-08-31;"segunda-feira";"09:20:00";"GO";60;469;"JATAI";"Falta de Atenção à Condução";"Colisão transversal";"Com Vítimas Feridas";"Pleno dia";"Decrescente";"Céu Claro";"Dupla";"Retorno Regulamentado";"Não";3;0;2;0;0;1;2;3;-17,9044;-51,6779;"SPRF-GO";"DEL05-GO";"UOP01-DEL05-GO"
304835;2020-08-22;"sábado";"15:00:00";"RR";174;478;"BOA VISTA";"Carga excessiva e/ou mal acondicionada";"Capotamento";"Com Vítimas Feridas";"Pleno dia";"Crescente";"Céu Claro";"Simples";"Reta";"Não";4;0;2;1;0;1;3;2;2,687374;-60,865128;"SPRF-RR";"DEL01-RR";"UOP01-DEL01-RR"
305709;2020-08-16;"domingo";"06:30:00";"MT";163;828;"SINOP";"Falta de Atenção à Condução";"Colisão traseira";"Com Vítimas Feridas";"Amanhecer";"Decrescente";"Céu Claro";"Dupla";"Reta";"Sim";4;0;1;1;0;2;2;3;-11,927017;-55,51248;"SPRF-MT";"DEL06-MT";"UOP01-DEL06-MT"
305768;2020-09-05;"sábado";"02:40:00";"TO";153;699;"CARIRI DO TOCANTINS";"Sinalização da via insuficiente ou inadequada";"Capotamento";"Com Vítimas Feridas";"Plena Noite";"Crescente";"Céu Claro";"Simples";"Reta;Em Obras";"Não";2;0;0;1;0;1;1;2;-11,94457896;-49,19167908;"SPRF-TO";"DEL01-TO";"UOP02-DEL01-TO"
305960;2020-09-05;"sábado";"17:20:00";"MT";364;272;"JACIARA";"Não guardar distância de segurança";"Colisão traseira";"Com Vítimas Feridas";"Anoitecer";"Decrescente";"Céu Claro";"Dupla";"Reta";"Sim";3;0;1;0;1;1;1;3;-15,96667987;-54,96121981;"SPRF-MT";"DEL02-MT";"UOP01-DEL02-MT"
306020;2020-09-05;"sábado";"21:15:00";"SE";101;129,9;"ITAPORANGA DAJUDA";"Velocidade Incompatível";"Capotamento";"Com Vítimas Feridas";"Plena Noite";"Decrescente";"Céu Claro";"Dupla";"Declive";"Não";4;0;1;0;2;1;1;2;-11,08895002;-37,37075877;"SPRF-SE";"DEL02-SE";"UOP01-DEL02-SE"
306115;2020-09-06;"domingo";"09:00:00";"RJ";40;112;"DUQUE DE CAXIAS";"Falta de Atenção à Condução";"Colisão traseira";"Sem Vítimas";"Pleno dia";"Decrescente";"Céu Claro";"Múltipla";"Reta";"Sim";3;0;0;0;2;1;0;3;-22,7004454;-43,29014851;"SPRF-RJ";"DEL01-RJ";"UOP01-DEL01-RJ"
306168;2020-09-06;"domingo";"15:00:00";"MG";381;498;"BETIM";"Velocidade Incompatível";"Colisão lateral";"Com Vítimas Feridas";"Pleno dia";"Decrescente";"Céu Claro";"Dupla";"Reta";"Sim";7;0;4;1;1;1;5;4;-20,01172662;-44,21976041;"SPRF-MG";"DEL01-MG";"UOP03-DEL01-MG"
306561;2020-09-08;"terça-feira";"03:35:00";"PE";116;77,6;"CABROBO";"Desobediência às normas de trânsito pelo condutor";"Colisão lateral";"Com Vítimas Feridas";"Amanhecer";"Crescente";"Céu Claro";"Simples";"Reta";"Não";3;0;1;0;1;1;1;3;-8,499682;-39,209816;"SPRF-PE";"DEL05-PE";"UOP03-DEL05-PE"
307023;2020-09-10;"quinta-feira";"15:00:00";"PE";232;108,8;"BEZERROS";"Falta de Atenção à Condução";"Colisão traseira";"Com Vítimas Feridas";"Pleno dia";"Decrescente";"Céu Claro";"Dupla";"Reta";"Não";5;0;2;0;2;1;2;3;-8,27437583;-35,80416315;"SPRF-PE";"DEL02-PE";"UOP03-DEL02-PE"
307076;2020-09-10;"quinta-feira";"19:05:00";"SC";280;125;"RIO NEGRINHO";"Desobediência às normas de trânsito pelo condutor";"Colisão transversal";"Com Vítimas Feridas";"Plena Noite";"Crescente";"Nublado";"Simples";"Declive;Reta;Interseção de Vias";"Sim";3;0;1;0;1;1;1;3;-26,23896342;-49,50091839;"SPRF-SC";"DEL06-SC";"UOP03-DEL06-SC"
307436;2020-09-12;"sábado";"09:30:00";"MG";262;799,9;"UBERABA";"Falta de Atenção à Condução";"Colisão frontal";"Com Vítimas Feridas";"Pleno dia";"Crescente";"Céu Claro";"Dupla";"Viaduto";"Sim";7;0;2;0;3;2;2;4;-19,76743051;-47,88810611;"SPRF-MG";"DEL13-MG";"UOP01-DEL13-MG"
307880;2020-09-14;"segunda-feira";"09:40:00";"SC";280;210,8;"TRES BARRAS";"Desobediência às normas de trânsito pelo condutor";"Colisão traseira";"Com Vítimas Feridas";"Pleno dia";"Crescente";"Céu Claro";"Simples";"Reta";"Não";3;0;1;0;1;1;1;3;-26,17847118;-50,23138046;"SPRF-SC";"DEL06-SC";"UOP04-DEL06-SC"
307919;2020-09-14;"segunda-feira";"15:30:00";"MG";50;70,5;"UBERLANDIA";"Não guardar distância de segurança";"Colisão traseira";"Com Vítimas Feridas";"Pleno dia";"Crescente";"Céu Claro";"Dupla";"Reta;Declive";"Sim";4;0;2;0;1;1;2;3;-18,85140204;-48,25345932;"SPRF-MG";"DEL15-MG";"UOP01-DEL15-MG"