"id";"data_inversa";"dia_semana";"horario";"uf";"br";"km";"municipio";"causa_acidente";"tipo_acidente";"classificacao_acidente";"fase_dia";"sentido_via";"condicao_metereologica";"tipo_pista";"tracado_via";"uso_solo";"pessoas";"mortos";"feridos_leves";"feridos_graves";"ilesos";"ignorados";"feridos";"veiculos";"latitude";"longitude";"regional";"delegacia";"uop"
260216;2020-01-01;"quarta-feira";"17:25:00";"CE";116;42;"HORIZONTE";"Desobediência às normas de trânsito pelo condutor";"Colisão transversal";"Com Vítimas Feridas";"Pleno dia";"Decrescente";"Nublado";"Dupla";"Reta";"Sim";4;0;3;1;0;0;4;2;-4,10857928;-38,4942173;"SPRF-CE";"DEL01-CE";"UOP02-DEL01-CE"
260217;2020-01-01;"quarta-feira";"19:00:00";"MG";381;502,5;"BETIM";"Falta de Atenção à Condução";"Colisão traseira";"Com Vítimas Feridas";"Plena Noite";"Decrescente";"Céu Claro";"Dupla";"Reta";"Sim";2;0;1;0;1;0;1;2;-20,03619694;-44,24586303;"SPRF-MG";"DEL01-MG";"UOP03-DEL01-MG"
260218;2020-01-01;"quarta-feira";"16:20:00";"MT";70;542,1;"VARZEA GRANDE";"Condutor Dormindo";"Saída de leito carroçável";"Com Vítimas Feridas";"Pleno dia";"Decrescente";"Céu Claro";"Simples";"Reta";"Não";2;0;1;0;1;0;1;1;-15,66667646;-56,23661041;"SPRF-MT";"DEL01-MT";"DEL2/4-UOP02/MT"
260219;2020-01-01;"quarta-feira";"17:40:00";"PR";116;1,2;"CAMPINA GRANDE DO SUL";"Velocidade Incompatível";"Colisão com objeto estático";"Com Vítimas Feridas";"Pleno dia";"Crescente";"Chuva";"Dupla";"Curva";"Não";2;0;1;0;1;0;1;1;-25,06368403;-48,57051896;"SPRF-PR";"DEL01-PR";"UOP02-DEL01-PR"
260220;2020-01-01;"quarta-feira";"04:30:00";"TO";153;614,9;"ALIANCA DO TOCANTINS";"Ingestão de Álcool";"Queda de ocupante de veículo";"Com Vítimas Feridas";"Plena Noite";"Decrescente";"Ignorado";"Simples";"Reta";"Não";1;0;1;0;0;0;1;1;-11,22939795;-48,93308644;"SPRF-TO";"DEL02-TO";"UOP02-DEL01-TO"
260222;2020-01-01;"quarta-feira";"16:45:00";"RJ";40;96;"DUQUE DE CAXIAS";"Falta de Atenção à Condução";"Saída de leito carroçável";"Com Vítimas Feridas";"Plena Noite";"Crescente";"Nublado";"Simples";"Curva";"Não";3;0;2;0;1;0;2;1;-22,56876595;-43,27693723;"SPRF-RJ";"DEL01-RJ";"UOP01-DEL01-RJ"
260223;2020-01-01;"quarta-feira";"19:45:00";"PR";369;153,6;"LONDRINA";"Falta de Atenção à Condução";"Colisão traseira";"Com Vítimas Feridas";"Plena Noite";"Crescente";"Chuva";"Dupla";"Reta";"Não";4;0;2;0;1;1;2;2;-23,2972932;-51,19229794;"SPRF-PR";"DEL07-PR";"UOP01-DEL07-PR"
260224;2020-01-01;"quarta-feira";"19:00:00";"PB";361;4,3;"PATOS";"Ingestão de Álcool";"Colisão transversal";"Com Vítimas Feridas";"Plena Noite";"Crescente";"Nublado";"Simples";"Reta";"Sim";3;0;3;0;0;0;3;2;-7,03208047;-37,29365088;"SPRF-PB";"DEL03-PB";"UOP01-DEL03-PB"
260226;2020-01-01;"quarta-feira";"19:15:00";"DF";80;13,1;"BRASILIA";"Falta de Atenção à Condução";"Engavetamento";"Com Vítimas Feridas";"Plena Noite";"Decrescente";"Nublado";"Simples";"Aclive;Reta";"Não";4;0;1;0;3;0;1;3;-15,728034;-48,193768;"SPRF-DF";"DEL01-DF";"UOP02-DEL03-DF"
260227;2020-01-01;"quarta-feira";"20:20:00";"MG";381;353;"JOAO MONLEVADE";"Defeito na Via";"Queda de ocupante de veículo";"Com Vítimas Feridas";"Plena Noite";"Crescente";"Nublado";"Simples";"Reta";"Não";1;0;1;0;0;0;1;1;-19,83894801;-43,18248641;"SPRF-MG";"DEL03-MG";"UOP01-DEL03-MG"
260228;2020-01-01;"quarta-feira";"18:30:00";"MG";40;810;"MATIAS BARBOSA";"Velocidade Incompatível";"Queda de ocupante de veículo";"Com Vítimas Feridas";"Plena Noite";"Crescente";"Nublado";"Simples";"Curva";"Não";2;0;2;0;0;0;2;1;-21,875084;-43,339466;"SPRF-MG";"DEL05-MG";"UOP01-DEL05-MG"
260230;2020-01-01;"quarta-feira";"15:40:00";"SC";280;97,5;"CORUPA";"Velocidade Incompatível";"Colisão frontal";"Com Vítimas Feridas";"Pleno dia";"Decrescente";"Garoa/Chuvisco";"Simples";"Curva;Aclive";"Sim";6;0;2;1;3;0;3;2;-26,37833107;-49,31732124;"SPRF-SC";"DEL06-SC";"UOP03-DEL06-SC"
260231;2020-01-01;"quarta-feira";"20:00:00";"RJ";116;143;"DUQUE DE CAXIAS";"Ingestão de Substâncias Psicoativas";"Queda de ocupante de veículo";"Sem Vítimas";"Plena Noite";"Decrescente";"Nublado";"Dupla";"Reta";"Sim";1;0;0;0;1;0;0;1;-22,65237271;-43,23918118;"SPRF-RJ";"DEL01-RJ";"UOP01-DEL01-RJ"
260233;2020-01-01;"quarta-feira";"17:45:00";"MG";262;433,1;"NOVA SERRANA";"Condutor Dormindo";"Colisão com objeto estático";"Com Vítimas Feridas";"Anoitecer";"Crescente";"Nublado";"Dupla";"Declive";"Não";1;0;1;0;0;0;1;1;-19,89020759;-44,83338711;"SPRF-MG";"DEL08-MG";"UOP03-DEL08-MG"
260234;2020-01-01;"quarta-feira";"02:30:00";"SC";280;269;"IRINEOPOLIS";"Ingestão de Álcool";"Capotamento";"Com Vítimas Feridas";"Plena Noite";"Decrescente";"Céu Claro";"Simples";"Curva";"Não";1;0;1;0;0;0;1;1;-26,26376839;-50,72757985;"SPRF-SC";"DEL06-SC";"UOP04-DEL06-SC"
260235;2020-01-01;"quarta-feira";"19:32:00";"MG";381;835;"SAO SEBASTIAO DA BELA VISTA";"Velocidade Incompatível";"Colisão com objeto estático";"Com Vítimas Feridas";"Plena Noite";"Crescente";"Nublado";"Dupla";"Reta;Aclive";"Sim";2;0;2;0;0;0;2;1;-22,17094703;-45,83750295;"SPRF-MG";"DEL16-MG";"UOP01-DEL16-MG"
260236;2020-01-01;"quarta-feira";"16:10:00";"SC";280;155;"MAFRA";"Não guardar distância de segurança";"Engavetamento";"Com Vítimas Feridas";"Pleno dia";"Crescente";"Nublado";"Simples";"Aclive";"Não";6;0;3;0;3;0;3;3;-26,21136649;-49,72750068;"SPRF-SC";"DEL06-SC";"UOP03-DEL06-SC"
260238;2020-01-01;"quarta-feira";"21:10:00";"SC";101;321,8;"LAGUNA";"Falta de Atenção à Condução";"Colisão com objeto estático";"Com Vítimas Feridas";"Plena Noite";"Decrescente";"Garoa/Chuvisco";"Dupla";"Reta";"Não";1;0;1;0;0;0;1;1;-28,42532339;-48,8919091;"SPRF-SC";"DEL02-SC";"UOP01-DEL02-SC"
260239;2020-01-01;"quarta-feira";"17:56:00";"GO";414;400,7;"ABADIANIA";"Ingestão de Álcool";"Colisão frontal";"Com Vítimas Feridas";"Pleno dia";"Decrescente";"Nublado";"Simples";"Aclive;Reta";"Não";7;0;2;4;0;1;6;3;-15,97556585;-48,82566142;"SPRF-GO";"DEL02-GO";"UOP01-DEL02-GO"
260240;2020-01-01;"quarta-feira";"19:40:00";"PA";316;32,5;"SANTA IZABEL DO PARA";"Pista Escorregadia";"Saída de leito carroçável";"Com Vítimas Feridas";"Plena Noite";"Decrescente";"Chuva";"Dupla";"Curva";"Sim";1;0;0;1;0;0;1;1;-1,29883965;-48,18120718;"SPRF-PA";"DEL01-PA";"UOP01-DEL01-PA"
260242;2020-01-01;"quarta-feira";"20:20:00";"RO";364;358;"OURO PRETO DO OESTE";"Defeito na Via";"Tombamento";"Com Vítimas Feridas";"Plena Noite";"Crescente";"Chuva";"Simples";"Reta";"Não";1;0;1;0;0;0;1;1;-10,79098663;-62,04115379;"SPRF-RO";"DEL02-RO";"UOP01-DEL02-RO"
260243;2020-01-01;"quarta-feira";"19:00:00";"MS";163;16,1;"MUNDO NOVO";"Ingestão de Álcool";"Saída de leito carroçável";"Sem Vítimas";"Plena Noite";"Crescente";"Céu Claro";"Simples";"Curva";"Sim";1;0;0;0;1;0;0;1;-23,95437523;-54,29279479;"SPRF-MS";"DEL09-MS";"UOP02-DEL09-MS"
260244;2020-01-01;"quarta-feira";"21:40:00";"ES";447;12;"VILA VELHA";"Falta de Atenção do Pedestre";"Atropelamento de Pedestre";"Com Vítimas Feridas";"Plena Noite";"Crescente";"Céu Claro";"Dupla";"Reta";"Sim";2;0;2;0;0;0;2;2;-20,35784325;-40,3328294;"SPRF-ES";"DEL01-ES";"UOP01-DEL01-ES"
260245;2020-01-01;"quarta-feira";"22:10:00";"MG";459;95,9;"POUSO ALEGRE";"Desobediência às normas de trânsito pelo condutor";"Colisão frontal";"Com Vítimas Fatais";"Plena Noite";"Crescente";"Céu Claro";"Simples";"Reta;Declive";"Não";4;1;0;3;0;0;3;2;-22,202257;-45,960611;"SPRF-MG";"DEL16-MG";"UOP01-DEL09-MG"
260246;2020-01-01;"quarta-feira";"17:30:00";"SP";116;351;"MIRACATU";"Velocidade Incompatível";"Saída de leito carroçável";"Com Vítimas Feridas";"Plena Noite";"Crescente";"Céu Claro";"Dupla";"Reta";"Não";2;0;1;0;1;0;1;1;-24,06157909;-47,22591797;"SPRF-SP";"DEL04-SP";"UOP02-DEL04-SP"
260247;2020-01-01;"quarta-feira";"21:40:00";"BA";242;883;"LUIS EDUARDO MAGALHAES";"Ingestão de Álcool";"Queda de ocupante de veículo";"Com Vítimas Feridas";"Plena Noite";"Crescente";"Céu Claro";"Dupla";"Reta";"Não";1;0;0;1;0;0;1;1;-12,09236717;-45,79994202;"SPRF-BA";"DEL10-BA";"UOP01-DEL10-BA"
260248;2020-01-01;"quarta-feira";"19:40:00";"PR";376;626;"SAO JOSE DOS PINHAIS";"Defeito Mecânico no Veículo";"Queda de ocupante de veículo";"Com Vítimas Feridas";"Plena Noite";"Decrescente";"Chuva";"Simples";"Reta";"Sim";2;0;2;0;0;0;2;1;-25,66095117;-49,15500053;"SPRF-PR";"DEL01-PR";"UOP04-DEL01-PR"
260249;2020-01-01;"quarta-feira";"22:45:00";"RN";101;94;"NATAL";"Falta de Atenção à Condução";"Colisão com objeto estático";"Com Vítimas Feridas";"Plena Noite";"Crescente";"Ignorado";"Dupla";"Curva";"Não";2;0;1;1;0;0;2;1;-5,83176615;-35,21191342;"SPRF-RN";"DEL01-RN";"UOP01-DEL01-RN"
260250;2020-01-01;"quarta-feira";"23:00:00";"MG";40;449,8;"CAETANOPOLIS";"Defeito Mecânico no Veículo";"Incêndio";"Sem Vítimas";"Plena Noite";"Decrescente";"Nublado";"Dupla";"Reta";"Não";1;0;0;0;1;0;0;1;-19,313;-44,37;"SPRF-MG";"DEL02-MG";"UOP01-DEL02-MG"
260251;2020-01-01;"quarta-feira";"19:20:00";"MA";10;299,1;"CIDELANDIA";"Ultrapassagem Indevida";"Colisão traseira";"Com Vítimas Fatais";"Plena Noite";"Decrescente";"Céu Claro";"Simples";"Reta";"Não";2;1;0;0;1;0;0;2;-5,122542;-47,547592;"SPRF-MA";"DEL04-MA";"UOP03-DEL04-MA"
260253;2020-01-01;"quarta-feira";"10:15:00";"SC";470;31;"GASPAR";"Não guardar distância de segurança";"Colisão traseira";"Com Vítimas Feridas";"Pleno dia";"Crescente";"Sol";"Dupla";"Reta;Desvio Temporário";"Não";3;0;1;0;2;0;1;2;-26,89854448;-48,92593861;"SPRF-SC";"DEL04-SC";"UOP01-DEL04-SC"
260255;2020-01-01;"quarta-feira";"22:10:00";"RJ";101;478;"ANGRA DOS REIS";"Ingestão de Álcool";"Colisão frontal";"Com Vítimas Feridas";"Plena Noite";"Decrescente";"Céu Claro";"Simples";"Curva";"Sim";4;0;1;0;3;0;1;2;-23,00246527;-44,27270594;"SPRF-RJ";"DEL03-RJ";"UOP03-DEL03-RJ"
260256;2020-01-01;"quarta-feira";"17:55:00";"SP";116;331,6;"JUQUITIBA";"Pista Escorregadia";"Colisão com objeto estático";"Com Vítimas Feridas";"Anoitecer";"Decrescente";"Garoa/Chuvisco";"Dupla";"Curva";"Não";4;0;4;0;0;0;4;1;-23,95129388;-47,10220309;"SPRF-SP";"DEL04-SP";"UOP01-DEL04-SP"
260257;2020-01-01;"quarta-feira";"22:50:00";"CE";116;1;"FORTALEZA";"Ingestão de Álcool";"Capotamento";"Com Vítimas Feridas";"Plena Noite";"Crescente";"Céu Claro";"Dupla";"Reta";"Sim";1;0;1;0;0;0;1;1;-3,76159894;-38,51900662;"SPRF-CE";"DEL01-CE";"UOP02-DEL01-CE"
260258;2020-01-01;"quarta-feira";"20:55:00";"RJ";116;202,9;"SEROPEDICA";"Velocidade Incompatível";"Colisão transversal";"Com Vítimas Feridas";"Plena Noite";"Decrescente";"Céu Claro";"Dupla";"Reta";"Não";5;0;5;0;0;0;5;2;-22,72996588;-43,61317403;"SPRF-RJ";"DEL01-RJ";"UOP03-DEL01-RJ"
260259;2020-01-01;"quarta-feira";"22:10:00";"RO";364;515;"ARIQUEMES";"Sinalização da via insuficiente ou inadequada";"Colisão com objeto estático";"Sem Vítimas";"Plena Noite";"Crescente";"Chuva";"Simples";"Reta";"Sim";4;0;0;0;4;0;0;1;-9,92497302;-63,05491046;"SPRF-RO";"DEL03-RO";"UOP01-DEL03-RO"
260260;2020-01-01;"quarta-feira";"23:30:00";"MG";381;487;"BETIM";"Desobediência às normas de trânsito pelo condutor";"Colisão com objeto estático";"Com Vítimas Feridas";"Plena Noite";"Decrescente";"Chuva";"Dupla";"Curva";"Sim";3;0;2;0;1;0;2;1;-19,95586853;-44,14609501;"SPRF-MG";"DEL01-MG";"UOP03-DEL01-MG"
260261;2020-01-01;"quarta-feira";"23:45:00";"MG";381;499,4;"BETIM";"Ingestão de Álcool";"Colisão com objeto estático";"Sem Vítimas";"Plena Noite";"Decrescente";"Chuva";"Simples";"Aclive;Reta";"Sim";1;0;0;0;0;1;0;1;-19,99754736;-44,20919895;"SPRF-MG";"DEL01-MG";"UOP03-DEL01-MG"
260262;2020-01-02;"quinta-feira";"01:30:00";"TO";153;255,8;"COLINAS DO TOCANTINS";"Falta de Atenção à Condução";"Colisão transversal";"Com Vítimas Fatais";"Plena Noite";"Decrescente";"Nublado";"Simples";"Reta";"Não";2;1;0;0;1;0;0;2;-8,13315806;-48,4703064;"SPRF-TO";"DEL02-TO";"UOP02-DEL02-TO"
260263;2020-01-02;"quinta-feira";"02:15:00";"BA";20;95;"SAO DESIDERIO";"Condutor Dormindo";"Capotamento";"Com Vítimas Fatais";"Plena Noite";"Crescente";"Céu Claro";"Simples";"Reta";"Não";5;1;0;3;1;0;3;1;-13,129472;-46,023173;"SPRF-BA";"DEL10-BA";"UOP01-DEL10-BA"
260266;2020-01-01;"quarta-feira";"21:00:00";"SP";116;548;"BARRA DO TURVO";"Velocidade Incompatível";"Capotamento";"Com Vítimas Feridas";"Plena Noite";"Crescente";"Garoa/Chuvisco";"Dupla";"Curva;Declive";"Não";3;0;2;0;1;0;2;1;-24,95393;-48,447268;"SPRF-SP";"DEL05-SP";"UOP02-DEL05-SP"
260267;2020-01-02;"quinta-feira";"05:40:00";"MG";381;584,3;"CARMOPOLIS DE MINAS";"Condutor Dormindo";"Saída de leito carroçável";"Com Vítimas Feridas";"Amanhecer";"Crescente";"Nublado";"Dupla";"Curva";"Não";3;0;0;3;0;0;3;1;-20,52516037;-44,63089389;"SPRF-MG";"DEL04-MG";"UOP01-DEL04-MG"
260269;2020-01-02;"quinta-feira";"06:30:00";"PE";232;27,5;"MORENO";"Desobediência às normas de trânsito pelo condutor";"Colisão com objeto estático";"Com Vítimas Feridas";"Pleno dia";"Decrescente";"Céu Claro";"Dupla";"Reta";"Não";2;0;1;0;0;1;1;2;-8,11418416;-35,12568999;"SPRF-PE";"DEL01-PE";"UOP02-DEL02PE"
260270;2020-01-02;"quinta-feira";"04:45:00";"RJ";116;83;"TERESOPOLIS";"Defeito Mecânico no Veículo";"Queda de ocupante de veículo";"Com Vítimas Feridas";"Plena Noite";"Crescente";"Nublado";"Simples";"Declive;Reta";"Sim";1;0;1;0;0;0;1;1;-22,41517488;-42,95011324;"SPRF-RJ";"DEL04-RJ";"UOP01-DEL04-RJ"
260271;2020-01-01;"quarta-feira";"16:30:00";"RJ";101;418;"MANGARATIBA";"Falta de Atenção à Condução";"Colisão traseira";"Com Vítimas Feridas";"Pleno dia";"Crescente";"Sol";"Simples";"Reta";"Não";2;0;1;0;1;0;1;2;-22,9178274;-43,90471593;"SPRF-RJ";"DEL03-RJ";"UOP01-DEL03-RJ"
260272;2020-01-02;"quinta-feira";"06:30:00";"DF";60;25;"BRASILIA";"Condutor Dormindo";"Saída de leito carroçável";"Com Vítimas Feridas";"Amanhecer";"Decrescente";"Céu Claro";"Dupla";"Aclive";"Não";3;0;3;0;0;0;3;1;-15,996379;-48,240028;"SPRF-DF";"DEL01-DF";"UOP01-DEL03-DF"
260273;2020-01-01;"quarta-feira";"17:15:00";"BA";242;350;"LENCOIS";"Falta de Atenção à Condução";"Capotamento";"Com Vítimas Feridas";"Pleno dia";"Crescente";"Chuva";"Simples";"Declive";"Não";2;0;1;0;1;0;1;1;-12,49530755;-41,32112295;"SPRF-BA";"DEL06-BA";"UOP01-DEL06-BA"
260274;2020-01-02;"quinta-feira";"04:00:00";"MG";381;443;"SANTA LUZIA";"Pista Escorregadia";"Saída de leito carroçável";"Com Vítimas Feridas";"Plena Noite";"Decrescente";"Chuva";"Simples";"Curva";"Não";2;0;2;0;0;0;2;1;-19,822546;-43,817345;"SPRF-MG";"DEL01-MG";"UOP01-DEL01-MG"
260275;2020-01-02;"quinta-feira";"05:30:00";"CE";222;128,2;"ITAPAJE";"Falta de Atenção à Condução";"Saída de leito carroçável";"Com Vítimas Feridas";"Amanhecer";"Crescente";"Chuva";"Simples";"Curva";"Não";1;0;1;0;0;0;1;1;-3,70427286;-39,61528609;"SPRF-CE";"DEL04-CE";"UOP03-DEL04-CE"
260276;2020-01-02;"quinta-feira";"06:25:00";"ES";262;1,8;"CARIACICA";"Falta de Atenção à Condução";"Colisão lateral";"Com Vítimas Feridas";"Pleno dia";"Crescente";"Céu Claro";"Dupla";"Reta";"Sim";2;0;0;1;1;0;1;2;-20,33295742;-40,35887718;"SPRF-ES";"DEL01-ES";"UOP01-DEL01-ES"
260279;2020-01-02;"quinta-feira";"07:45:00";"SP";116;108,9;"TAUBATE";"Defeito Mecânico no Veículo";"Colisão com objeto em movimento";"Com Vítimas Feridas";"Pleno dia";"Decrescente";"Nublado";"Dupla";"Reta";"Sim";1;0;1;0;0;0;1;1;-23,02834313;-45,54472446;"SPRF-SP";"DEL06-SP";"UOP01-DEL06-SP"
260280;2020-01-02;"quinta-feira";"04:20:00";"SP";116;550,2;"BARRA DO TURVO";"Falta de Atenção à Condução";"Colisão com objeto estático";"Com Vítimas Feridas";"Plena Noite";"Decrescente";"Chuva";"Dupla";"Curva";"Não";4;0;1;0;3;0;1;1;-24,95749618;-48,46440871;"SPRF-SP";"DEL05-SP";"UOP02-DEL05-SP"
260282;2020-01-01;"quarta-feira";"16:30:00";"MG";262;802;"UBERABA";"Falta de Atenção à Condução";"Saída de leito carroçável";"Sem Vítimas";"Pleno dia";"Crescente";"Céu Claro";"Dupla";"Reta";"Não";1;0;0;0;1;0;0;1;-19,703245;-47,985657;"SPRF-MG";"DEL13-MG";"UOP01-DEL13-MG"
260283;2020-01-02;"quinta-feira";"03:45:00";"SC";470;355,5;"CAMPOS NOVOS";"Velocidade Incompatível";"Colisão com objeto estático";"Sem Vítimas";"Plena Noite";"Crescente";"Ignorado";"Simples";"Reta";"Não";1;0;0;0;0;1;0;1;-27,588255;-51,473515;"SPRF-SC";"DEL07-SC";"UOP06-DEL07-SC"
260284;2020-01-01;"quarta-feira";"20:30:00";"CE";222;314;"TIANGUA";"Ingestão de Álcool";"Colisão traseira";"Sem Vítimas";"Plena Noite";"Decrescente";"Chuva";"Simples";"Reta";"Sim";2;0;0;0;2;0;0;2;-3,73510648;-41,00097656;"SPRF-CE";"DEL04-CE";"UOP02-DEL04-CE"
260285;2020-01-02;"quinta-feira";"07:30:00";"RJ";101;58;"CAMPOS DOS GOYTACAZES";"Falta de Atenção à Condução";"Colisão transversal";"Com Vítimas Feridas";"Pleno dia";"Crescente";"Céu Claro";"Simples";"Reta";"Sim";2;0;1;0;1;0;1;2;-21,70488703;-41,30979616;"SPRF-RJ";"DEL08-RJ";"UOP01-DEL08-RJ"
260286;2020-01-02;"quinta-feira";"07:45:00";"SP";116;308;"SAO LOURENCO DA SERRA";"Avarias e/ou desgaste excessivo no pneu";"Saída de leito carroçável";"Com Vítimas Feridas";"Pleno dia";"Crescente";"Garoa/Chuvisco";"Dupla";"Curva";"Sim";5;0;3;0;2;0;3;1;-23,86213995;-46,94718508;"SPRF-SP";"DEL04-SP";"UOP01-DEL04-SP"
260287;2020-01-02;"quinta-feira";"07:40:00";"DF";40;3;"BRASILIA";"Falta de Atenção à Condução";"Colisão lateral";"Com Vítimas Feridas";"Pleno dia";"Decrescente";"Céu Claro";"Dupla";"Reta";"Não";2;0;1;0;1;0;1;2;-16,003145;-47,983944;"SPRF-DF";"DEL01-DF";"UOP01-DEL01-DF"
260288;2020-01-02;"quinta-feira";"07:30:00";"RN";304;29;"MOSSORO";"Desobediência às normas de trânsito pelo condutor";"Colisão transversal";"Com Vítimas Feridas";"Pleno dia";"Decrescente";"Céu Claro";"Simples";"Reta";"Não";3;0;2;0;1;0;2;2;-5,1147805;-37,34056776;"SPRF-RN";"DEL04-RN";"UOP02-DEL04-RN"
260289;2020-01-02;"quinta-feira";"07:10:00";"GO";60;250,5;"INDIARA";"Falta de Atenção à Condução";"Saída de leito carroçável";"Com Vítimas Feridas";"Pleno dia";"Decrescente";"Céu Claro";"Dupla";"Reta";"Não";3;0;1;0;2;0;1;1;-17,13201422;-49,98075485;"SPRF-GO";"DEL01-GO";"UOP02-DEL01-GO"
260290;2020-01-02;"quinta-feira";"06:20:00";"ES";259;25,1;"COLATINA";"Falta de Atenção à Condução";"Tombamento";"Com Vítimas Feridas";"Pleno dia";"Crescente";"Nublado";"Simples";"Curva";"Não";1;0;1;0;0;0;1;1;-19,61785197;-40,48108118;"SPRF-ES";"DEL02-ES";"UOP01-DEL02-ES"
260291;2020-01-02;"quinta-feira";"06:30:00";"PI";316;321;"PICOS";"Falta de Atenção à Condução";"Colisão traseira";"Sem Vítimas";"Pleno dia";"Crescente";"Céu Claro";"Simples";"Reta";"Sim";2;0;0;0;2;0;0;2;-7,09414429;-41,38012304;"SPRF-PI";"DEL04-PI";"UOP01-DEL04-PI"
260294;2020-01-02;"quinta-feira";"08:30:00";"SP";116;545,6;"BARRA DO TURVO";"Pista Escorregadia";"Saída de leito carroçável";"Com Vítimas Feridas";"Pleno dia";"Crescente";"Nublado";"Simples";"Curva;Declive";"Não";2;0;1;0;1;0;1;1;-24,95016699;-48,42400302;"SPRF-SP";"DEL05-SP";"UOP02-DEL05-SP"
260296;2020-01-02;"quinta-feira";"07:30:00";"MG";153;43;"CANAPOLIS";"Condutor Dormindo";"Saída de leito carroçável";"Com Vítimas Feridas";"Pleno dia";"Decrescente";"Chuva";"Dupla";"Reta";"Não";1;0;1;0;0;0;1;1;-18,76410695;-49,07452386;"SPRF-MG";"DEL15-MG";"UOP03-DEL15-MG"
260297;2020-01-02;"quinta-feira";"08:20:00";"MG";50;51,5;"ARAGUARI";"Pista Escorregadia";"Queda de ocupante de veículo";"Com Vítimas Feridas";"Pleno dia";"Crescente";"Chuva";"Dupla";"Reta";"Não";1;0;1;0;0;0;1;1;-18,74433705;-48,2313459;"SPRF-MG";"DEL15-MG";"UOP02-DEL15-MG"
260298;2020-01-02;"quinta-feira";"09:30:00";"RS";290;38;"SANTO ANTONIO DA PATRULHA";"Falta de Atenção à Condução";"Saída de leito carroçável";"Com Vítimas Feridas";"Pleno dia";"Decrescente";"Céu Claro";"Dupla";"Reta";"Não";4;0;4;0;0;0;4;1;-29,886322;-50,637886;"SPRF-RS";"DEL03-RS";"UOP01-DEL03-RS"
260299;2020-01-02;"quinta-feira";"09:10:00";"RS";116;248;"SAO LEOPOLDO";"Falta de Atenção à Condução";"Colisão traseira";"Sem Vítimas";"Pleno dia";"Decrescente";"Céu Claro";"Dupla";"Interseção de Vias";"Sim";2;0;0;0;2;0;0;2;-29,77605895;-51,15508618;"SPRF-RS";"DEL01-RS";"UOP02-DEL01-RS"
260300;2020-01-02;"quinta-feira";"08:35:00";"RS";290;24,1;"SANTO ANTONIO DA PATRULHA";"Falta de Atenção à Condução";"Saída de leito carroçável";"Com Vítimas Feridas";"Pleno dia";"Crescente";"Céu Claro";"Dupla";"Reta";"Não";2;0;2;0;0;0;2;1;-29,882015;-50,493973;"SPRF-RS";"DEL03-RS";"UOP01-DEL03-RS"
260303;2020-01-02;"quinta-feira";"08:38:00";"MG";40;115,2;"LAGOA GRANDE";"Velocidade Incompatível";"Saída de leito carroçável";"Com Vítimas Fatais";"Pleno dia";"Decrescente";"Céu Claro";"Simples";"Curva";"Não";1;1;0;0;0;0;0;1;-17,65256684;-46,41082393;"SPRF-MG";"DEL14-MG";"UOP01-DEL14-MG"
260304;2020-01-02;"quinta-feira";"07:52:00";"RO";319;61;"PORTO VELHO";"Falta de Atenção à Condução";"Colisão lateral";"Com Vítimas Feridas";"Pleno dia";"Crescente";"Nublado";"Dupla";"Rotatória";"Sim";3;0;1;1;1;0;2;2;-8,766685;-63,884052;"SPRF-RO";"DEL01-RO";"UOP01-DEL01-RO"
260305;2020-01-02;"quinta-feira";"08:10:00";"BA";116;812,2;"VITORIA DA CONQUISTA";"Desobediência às normas de trânsito pelo condutor";"Saída de leito carroçável";"Com Vítimas Feridas";"Pleno dia";"Crescente";"Céu Claro";"Simples";"Reta";"Não";1;0;1;0;0;0;1;1;-14,76037784;-40,69756008;"SPRF-BA";"DEL08-BA";"UOP01-DEL08-BA"
260306;2020-01-02;"quinta-feira";"08:50:00";"GO";50;159,8;"IPAMERI";"Falta de Atenção à Condução";"Colisão com objeto estático";"Com Vítimas Feridas";"Pleno dia";"Decrescente";"Nublado";"Dupla";"Reta;Em Obras";"Não";5;0;2;2;1;0;4;1;-17,2456;-47,7647;"SPRF-GO";"DEL06-GO";"UOP01-DEL06-GO"
260307;2020-01-02;"quinta-feira";"08:40:00";"MG";116;430,2;"CARATINGA";"Desobediência às normas de trânsito pelo condutor";"Atropelamento de Pedestre";"Com Vítimas Feridas";"Pleno dia";"Decrescente";"Nublado";"Dupla";"Reta;Declive";"Sim";2;0;1;0;1;0;1;2;-19,800765;-42,137801;"SPRF-MG";"DEL06-MG";"UOP01-DEL06-MG"
260308;2020-01-01;"quarta-feira";"23:00:00";"RJ";493;85;"JAPERI";"Condutor Dormindo";"Colisão com objeto estático";"Com Vítimas Feridas";"Plena Noite";"Decrescente";"Nublado";"Dupla";"Reta";"Não";2;0;1;1;0;0;2;1;-22,66036;-43,62017;"SPRF-RJ";"DEL01-RJ";"UOP03-DEL01-RJ"
260310;2020-01-01;"quarta-feira";"13:20:00";"BA";101;612;"MASCOTE";"Falta de Atenção à Condução";"Colisão frontal";"Com Vítimas Feridas";"Pleno dia";"Decrescente";"Chuva";"Simples";"Curva";"Não";3;0;1;1;0;1;2;2;-15,74211501;-39,47647498;"SPRF-BA";"DEL05-BA";"UOP02-DEL05-BA"