"id";"data_inversa";"dia_semana";"horario";"uf";"br";"km";"municipio";"causa_acidente";"tipo_acidente";"classificacao_acidente";"fase_dia";"sentido_via";"condicao_metereologica";"tipo_pista";"tracado_via";"uso_solo";"pessoas";"mortos";"feridos_leves";"feridos_graves";"ilesos";"ignorados";"feridos";"veiculos";"latitude";"longitude";"regional";"delegacia";"uop"
260414;2020-01-02;"quinta-feira";"16:40:00";"MG";381;439,4;"SABARA";"Pista Escorregadia";"Colisão frontal";"Com Vítimas Fatais";"Pleno dia";"Decrescente";"Chuva";"Simples";"Curva;Aclive";"Não";4;1;1;2;0;0;3;2;-19,79938863;-43,76137197;"SPRF-MG";"DEL01-MG";"UOP01-DEL01-MG"
260415;2020-01-02;"quinta-feira";"16:30:00";"SP";116;316;"JUQUITIBA";"Falta de Atenção à Condução";"Colisão com objeto estático";"Com Vítimas Feridas";"Pleno dia";"Crescente";"Chuva";"Dupla";"Curva";"Sim";4;0;3;0;1;0;3;1;-23,91054997;-46,99149375;"SPRF-SP";"DEL04-SP";"UOP01-DEL04-SP"
260417;2020-01-02;"quinta-feira";"16:40:00";"MG";381;671,5;"PERDOES";"Velocidade Incompatível";"Saída de leito carroçável";"Com Vítimas Feridas";"Pleno dia";"Crescente";"Chuva";"Dupla";"Curva;Declive";"Não";4;0;3;0;1;0;3;1;-21,08945416;-45,06864195;"SPRF-MG";"DEL04-MG";"UOP02-DEL04-MG"
260418;2020-01-02;"quinta-feira";"17:20:00";"RJ";40;113;"DUQUE DE CAXIAS";"Defeito Mecânico no Veículo";"Queda de ocupante de veículo";"Com Vítimas Feridas";"Pleno dia";"Crescente";"Chuva";"Múltipla";"Declive;Reta";"Sim";2;0;1;0;1;0;1;1;-22,71701306;-43,2899791;"SPRF-RJ";"DEL01-RJ";"UOP01-DEL01-RJ"
260420;2020-01-02;"quinta-feira";"18:00:00";"PE";101;54;"PAULISTA";"Desobediência às normas de trânsito pelo condutor";"Colisão traseira";"Com Vítimas Feridas";"Plena Noite";"Decrescente";"Céu Claro";"Dupla";"Reta";"Não";2;0;1;0;1;0;1;2;-7,948726;-34,907193;"SPRF-PE";"DEL01-PE";"UOP02-DEL01-PE"
260421;2020-01-02;"quinta-feira";"19:00:00";"MG";381;484,9;"BETIM";"Defeito na Via";"Colisão com objeto estático";"Com Vítimas Feridas";"Plena Noite";"Crescente";"Chuva";"Múltipla";"Reta";"Sim";26;0;24;1;1;0;25;1;-19,95624622;-44,09843445;"SPRF-MG";"DEL01-MG";"UOP03-DEL01-MG"
260424;2020-01-02;"quinta-feira";"17:30:00";"MG";381;912,5;"CAMANDUCAIA";"Velocidade Incompatível";"Saída de leito carroçável";"Com Vítimas Feridas";"Pleno dia";"Crescente";"Chuva";"Dupla";"Curva";"Não";5;0;3;0;2;0;3;1;-22,70588891;-46,12060547;"SPRF-MG";"DEL16-MG";"UOP03-DEL16-MG"
260425;2020-01-02;"quinta-feira";"19:30:00";"SP";116;565;"BARRA DO TURVO";"Pista Escorregadia";"Colisão com objeto estático";"Com Vítimas Feridas";"Plena Noite";"Crescente";"Chuva";"Simples";"Curva";"Não";6;0;1;0;5;0;1;1;-25,0358686;-48,54404396;"SPRF-SP";"DEL05-SP";"UOP02-DEL05-SP"
260426;2020-01-02;"quinta-feira";"17:40:00";"PR";487;116,5;"TUNEIRAS DO OESTE";"Falta de Atenção à Condução";"Saída de leito carroçável";"Com Vítimas Feridas";"Pleno dia";"Crescente";"Nublado";"Simples";"Reta";"Não";4;0;3;0;1;0;3;1;-23,83401989;-52,95866195;"SPRF-PR";"DEL04-PR";"UOP03-DEL09-PR"
260427;2020-01-02;"quinta-feira";"14:45:00";"MG";381;924;"ITAPEVA";"Pista Escorregadia";"Saída de leito carroçável";"Com Vítimas Feridas";"Pleno dia";"Crescente";"Chuva";"Dupla";"Curva";"Não";3;0;1;0;2;0;1;1;-22,77050246;-46,23490598;"SPRF-MG";"DEL16-MG";"UOP03-DEL16-MG"
260429;2020-01-02;"quinta-feira";"19:00:00";"RJ";116;123;"MAGE";"Não guardar distância de segurança";"Queda de ocupante de veículo";"Com Vítimas Feridas";"Plena Noite";"Decrescente";"Chuva";"Dupla";"Reta;Declive";"Não";1;0;1;0;0;0;1;1;-22,64080106;-43,06288894;"SPRF-RJ";"DEL04-RJ";"UOP02-DEL04-RJ"
260430;2020-01-02;"quinta-feira";"16:30:00";"PA";10;103;"PARAGOMINAS";"Pista Escorregadia";"Saída de leito carroçável";"Com Vítimas Feridas";"Pleno dia";"Decrescente";"Chuva";"Simples";"Declive";"Não";3;0;3;0;0;0;3;1;-3,53991983;-47,49086353;"SPRF-PA";"DEL02-PA";"UOP02-DEL02-PA"
260433;2020-01-02;"quinta-feira";"18:55:00";"SC";101;153;"ITAPEMA";"Falta de Atenção à Condução";"Colisão lateral";"Com Vítimas Feridas";"Pleno dia";"Decrescente";"Céu Claro";"Dupla";"Reta";"Sim";2;0;1;0;1;0;1;2;-27,144717;-48,61063935;"SPRF-SC";"DEL04-SC";"UOP03-DEL04-SC"
260434;2020-01-02;"quinta-feira";"20:00:00";"RS";293;2,2;"PELOTAS";"Falta de Atenção à Condução";"Colisão transversal";"Com Vítimas Feridas";"Plena Noite";"Decrescente";"Céu Claro";"Simples";"Reta";"Sim";2;0;1;0;1;0;1;2;-31,750426;-52,35999499;"SPRF-RS";"DEL07-RS";"UOP01-DEL07-RS"
260435;2020-01-02;"quinta-feira";"20:00:00";"SC";101;216;"PALHOCA";"Defeito Mecânico no Veículo";"Queda de ocupante de veículo";"Com Vítimas Feridas";"Plena Noite";"Decrescente";"Garoa/Chuvisco";"Dupla";"Reta";"Sim";2;0;2;0;0;0;2;1;-27,65981409;-48,67747798;"SPRF-SC";"DEL01-SC";"UOP02-DEL01-SC"
260436;2020-01-02;"quinta-feira";"19:10:00";"GO";40;24;"LUZIANIA";"Ingestão de Álcool";"Colisão traseira";"Com Vítimas Feridas";"Plena Noite";"Crescente";"Chuva";"Dupla";"Reta";"Sim";1;0;1;0;0;0;1;1;-16,252738;-47,900437;"SPRF-DF";"DEL01-DF";"UOP01-DEL01-DF"
260437;2020-01-02;"quinta-feira";"20:00:00";"PE";101;56,9;"RECIFE";"Falta de Atenção à Condução";"Colisão transversal";"Com Vítimas Feridas";"Plena Noite";"Crescente";"Vento";"Múltipla";"Reta";"Não";3;0;2;0;1;0;2;2;-7,9554509;-34,91140727;"SPRF-PE";"DEL01-PE";"UOP02-DEL01-PE"
260438;2020-01-02;"quinta-feira";"16:00:00";"MG";262;450,2;"NOVA SERRANA";"Desobediência às normas de trânsito pelo condutor";"Saída de leito carroçável";"Com Vítimas Feridas";"Pleno dia";"Decrescente";"Chuva";"Simples";"Reta";"Não";2;0;1;0;1;0;1;1;-19,85068565;-45,02952576;"SPRF-MG";"DEL08-MG";"UOP03-DEL08-MG"
260439;2020-01-02;"quinta-feira";"20:25:00";"TO";153;382;"FORTALEZA DO TABOCAO";"Ultrapassagem Indevida";"Colisão frontal";"Com Vítimas Feridas";"Plena Noite";"Decrescente";"Garoa/Chuvisco";"Simples";"Reta";"Não";2;0;0;1;1;0;1;2;-9,260822;-48,54802936;"SPRF-TO";"DEL02-TO";"UOP02-DEL02-TO"
260440;2020-01-02;"quinta-feira";"20:40:00";"SP";101;32,4;"UBATUBA";"Falta de Atenção à Condução";"Colisão lateral";"Com Vítimas Feridas";"Plena Noite";"Decrescente";"Nublado";"Simples";"Reta";"Sim";2;0;1;0;1;0;1;2;-23,38790115;-44,98068892;"SPRF-SP";"DEL06-SP";"UOP01-DEL06-SP"
260441;2020-01-02;"quinta-feira";"17:00:00";"RR";174;17;"BOA VISTA";"Defeito Mecânico no Veículo";"Capotamento";"Com Vítimas Feridas";"Pleno dia";"Decrescente";"Nublado";"Simples";"Reta";"Não";9;0;3;0;6;0;3;1;2,874681;-60,791526;"SPRF-RR";"DEL01-RR";"UOP01-DEL01-RR"
260442;2020-01-02;"quinta-feira";"18:00:00";"BA";324;515;"FEIRA DE SANTANA";"Falta de Atenção à Condução";"Colisão traseira";"Com Vítimas Feridas";"Anoitecer";"Crescente";"Garoa/Chuvisco";"Simples";"Reta";"Sim";1;0;1;0;0;0;1;1;-12,23547809;-38,94396807;"SPRF-BA";"DEL02-BA";"UOP01-DEL02-BA"
260444;2020-01-02;"quinta-feira";"20:35:00";"RS";116;302,7;"GUAIBA";"Falta de Atenção à Condução";"Colisão transversal";"Com Vítimas Feridas";"Plena Noite";"Decrescente";"Nublado";"Simples";"Reta";"Não";3;0;1;0;2;0;1;2;-30,13970487;-51,35942618;"SPRF-RS";"DEL02-RS";"UOP01-DEL02-RS"
260445;2020-01-02;"quinta-feira";"19:30:00";"SC";470;91,6;"ASCURRA";"Falta de Atenção à Condução";"Colisão traseira";"Com Vítimas Feridas";"Plena Noite";"Crescente";"Chuva";"Simples";"Ponte";"Não";2;0;0;1;1;0;1;2;-26,97769;-49,369198;"SPRF-SC";"DEL04-SC";"UOP01-DEL04-SC"
260446;2020-01-02;"quinta-feira";"17:00:00";"GO";60;99;"ANAPOLIS";"Falta de Atenção à Condução";"Colisão com objeto estático";"Com Vítimas Feridas";"Pleno dia";"Decrescente";"Céu Claro";"Dupla";"Viaduto";"Sim";2;0;1;0;1;0;1;1;-16,3924;-48,9588;"SPRF-GO";"DEL02-GO";"UOP01-DEL02-GO"
260447;2020-01-02;"quinta-feira";"17:18:00";"GO";60;81;"ANAPOLIS";"Pista Escorregadia";"Saída de leito carroçável";"Com Vítimas Feridas";"Pleno dia";"Crescente";"Chuva";"Dupla";"Curva";"Não";2;0;2;0;0;0;2;1;-16,31142839;-48,82787704;"SPRF-GO";"DEL02-GO";"UOP01-DEL02-GO"
260448;2020-01-02;"quinta-feira";"17:30:00";"SC";282;564,2;"NOVA ERECHIM";"Velocidade Incompatível";"Saída de leito carroçável";"Com Vítimas Feridas";"Pleno dia";"Crescente";"Sol";"Simples";"Curva";"Não";1;0;0;1;0;0;1;1;-26,898739;-52,877975;"SPRF-SC";"DEL07-SC";"UOP02-DEL07-SC"
260449;2020-01-02;"quinta-feira";"21:00:00";"RJ";101;428;"MANGARATIBA";"Não guardar distância de segurança";"Colisão traseira";"Sem Vítimas";"Plena Noite";"Decrescente";"Chuva";"Simples";"Reta";"Não";2;0;0;0;2;0;0;2;-22,93154625;-43,98133788;"SPRF-RJ";"DEL03-RJ";"UOP01-DEL03-RJ"
260450;2020-01-02;"quinta-feira";"20:50:00";"SC";163;84,2;"GUARACIABA";"Ingestão de Álcool";"Colisão com objeto estático";"Com Vítimas Feridas";"Plena Noite";"Crescente";"Céu Claro";"Simples";"Rotatória";"Não";1;0;1;0;0;0;1;1;-26,61594101;-53,51942819;"SPRF-SC";"DEL07-SC";"UOP03-DEL07-SC"
260451;2020-01-02;"quinta-feira";"16:20:00";"MG";40;764,1;"JUIZ DE FORA";"Velocidade Incompatível";"Colisão frontal";"Com Vítimas Fatais";"Anoitecer";"Crescente";"Chuva";"Simples";"Curva";"Não";11;2;8;0;1;0;8;2;-21,5606587;-43,49865196;"SPRF-MG";"DEL05-MG";"UOP01-DEL05-MG"
260454;2020-01-02;"quinta-feira";"21:50:00";"RN";405;16,8;"MOSSORO";"Falta de Atenção do Pedestre";"Atropelamento de Pedestre";"Com Vítimas Fatais";"Plena Noite";"Decrescente";"Céu Claro";"Simples";"Reta";"Sim";2;1;0;1;0;0;1;2;-5,21378318;-37,49323725;"SPRF-RN";"DEL04-RN";"UOP02-DEL04-RN"
260455;2020-01-02;"quinta-feira";"19:00:00";"SC";282;424,8;"VARGEM BONITA";"Velocidade Incompatível";"Colisão frontal";"Com Vítimas Feridas";"Pleno dia";"Decrescente";"Céu Claro";"Simples";"Curva";"Não";5;0;1;2;1;1;3;3;-26,988014;-51,753124;"SPRF-SC";"DEL07-SC";"UOP05-DEL07-SC"
260456;2020-01-02;"quinta-feira";"21:40:00";"SP";116;384;"MIRACATU";"Falta de Atenção à Condução";"Engavetamento";"Com Vítimas Feridas";"Plena Noite";"Decrescente";"Chuva";"Dupla";"Reta";"Não";4;0;1;0;3;0;1;3;-24,24780677;-47,37000424;"SPRF-SP";"DEL04-SP";"UOP02-DEL04-SP"
260460;2020-01-02;"quinta-feira";"21:00:00";"RJ";465;7;"SEROPEDICA";"Ingestão de álcool e/ou substâncias psicoativas pelo pedestre";"Atropelamento de Pedestre";"Com Vítimas Feridas";"Plena Noite";"Decrescente";"Céu Claro";"Simples";"Viaduto";"Não";3;0;0;2;1;0;2;2;-22,761377;-43,686352;"SPRF-RJ";"DEL01-RJ";"UOP03-DEL01-RJ"
260467;2020-01-02;"quinta-feira";"22:40:00";"SP";116;214;"GUARULHOS";"Velocidade Incompatível";"Colisão com objeto estático";"Com Vítimas Feridas";"Plena Noite";"Decrescente";"Chuva";"Múltipla";"Reta";"Sim";1;0;1;0;0;0;1;1;-23,44333014;-46,44531294;"SPRF-SP";"DEL01-SP";"UOP01-DEL01-SP"
260468;2020-01-02;"quinta-feira";"22:00:00";"SC";282;80;"RANCHO QUEIMADO";"Velocidade Incompatível";"Capotamento";"Com Vítimas Feridas";"Plena Noite";"Crescente";"Chuva";"Simples";"Curva";"Não";1;0;1;0;0;0;1;1;-27,663555;-49,159309;"SPRF-SC";"DEL01-SC";"UOP03-DEL01-SC"
260469;2020-01-02;"quinta-feira";"21:40:00";"RJ";101;92;"CAMPOS DOS GOYTACAZES";"Falta de Atenção à Condução";"Saída de leito carroçável";"Com Vítimas Feridas";"Pleno dia";"Decrescente";"Garoa/Chuvisco";"Dupla";"Reta";"Não";2;0;2;0;0;0;2;1;-21,85456357;-41,52621893;"SPRF-RJ";"DEL08-RJ";"UOP02-DEL08-RJ"
260470;2020-01-02;"quinta-feira";"22:50:00";"PR";369;174;"ROLANDIA";"Desobediência às normas de trânsito pelo condutor";"Colisão transversal";"Sem Vítimas";"Plena Noite";"Crescente";"Nublado";"Simples";"Interseção de Vias";"Sim";2;0;0;0;0;2;0;2;-23,31597519;-51,37657642;"SPRF-PR";"DEL07-PR";"UOP01-DEL07-PR"
260472;2020-01-02;"quinta-feira";"23:00:00";"SP";381;73;"SAO PAULO";"Pista Escorregadia";"Saída de leito carroçável";"Com Vítimas Feridas";"Plena Noite";"Decrescente";"Garoa/Chuvisco";"Dupla";"Curva";"Não";1;0;1;0;0;0;1;1;-23,36553404;-46,55253934;"SPRF-SP";"DEL03-SP";"UOP01-DEL03-SP"
260473;2020-01-02;"quinta-feira";"20:30:00";"MG";40;137;"JOAO PINHEIRO";"Condutor Dormindo";"Saída de leito carroçável";"Com Vítimas Feridas";"Plena Noite";"Crescente";"Céu Claro";"Simples";"Reta";"Não";1;0;1;0;0;0;1;1;-17,72382989;-46,22254698;"SPRF-MG";"DEL14-MG";"UOP01-DEL14-MG"
260474;2020-01-02;"quinta-feira";"20:15:00";"SC";101;384,1;"ICARA";"Ingestão de álcool e/ou substâncias psicoativas pelo pedestre";"Colisão frontal";"Com Vítimas Feridas";"Plena Noite";"Decrescente";"Garoa/Chuvisco";"Dupla";"Reta";"Não";4;0;3;1;0;0;4;2;-28,76851141;-49,3025538;"SPRF-SC";"DEL02-SC";"UOP02-DEL02-SC"
260475;2020-01-02;"quinta-feira";"20:30:00";"SC";282;134,6;"BOM RETIRO";"Desobediência às normas de trânsito pelo condutor";"Colisão transversal";"Com Vítimas Feridas";"Plena Noite";"Crescente";"Nublado";"Simples";"Reta";"Não";3;0;2;1;0;0;3;2;-27,813074;-49,540077;"SPRF-SC";"DEL05-SC";"UOP01-DEL05-SC"
260477;2020-01-01;"quarta-feira";"14:50:00";"RJ";40;120;"DUQUE DE CAXIAS";"Defeito Mecânico no Veículo";"Tombamento";"Com Vítimas Feridas";"Pleno dia";"Decrescente";"Céu Claro";"Múltipla";"Reta";"Sim";2;0;2;0;0;0;2;1;-22,77280597;-43,28626763;"SPRF-RJ";"DEL01-RJ";"UOP01-DEL01-RJ"
260480;2020-01-02;"quinta-feira";"22:55:00";"ES";101;247;"SERRA";"Falta de Atenção à Condução";"Saída de leito carroçável";"Com Vítimas Feridas";"Plena Noite";"Crescente";"Chuva";"Simples";"Reta";"Não";1;0;1;0;0;0;1;1;-20,06746339;-40,37085006;"SPRF-ES";"DEL02-ES";"UOP01-DEL02-ES"
260482;2020-01-02;"quinta-feira";"23:00:00";"RJ";101;61;"CAMPOS DOS GOYTACAZES";"Falta de Atenção à Condução";"Colisão transversal";"Com Vítimas Feridas";"Plena Noite";"Crescente";"Céu Claro";"Simples";"Interseção de Vias";"Sim";2;0;0;1;1;0;1;2;-21,72655788;-41,32133519;"SPRF-RJ";"DEL08-RJ";"UOP01-DEL08-RJ"
260483;2020-01-03;"sexta-feira";"00:10:00";"ES";101;220,7;"IBIRACU";"Velocidade Incompatível";"Saída de leito carroçável";"Com Vítimas Feridas";"Plena Noite";"Crescente";"Chuva";"Simples";"Reta";"Não";1;0;1;0;0;0;1;1;-19,86715386;-40,40119171;"SPRF-ES";"DEL02-ES";"UOP01-DEL02-ES"
260484;2020-01-03;"sexta-feira";"00:30:00";"SP";116;87;"PINDAMONHANGABA";"Falta de Atenção à Condução";"Saída de leito carroçável";"Sem Vítimas";"Plena Noite";"Crescente";"Nublado";"Dupla";"Reta";"Não";2;0;0;0;1;1;0;1;-22,93065267;-45,36166116;"SPRF-SP";"DEL06-SP";"UOP01-DEL06-SP"
260485;2020-01-02;"quinta-feira";"23:50:00";"GO";40;141,8;"CRISTALINA";"Desobediência às normas de trânsito pelo condutor";"Colisão frontal";"Com Vítimas Feridas";"Plena Noite";"Crescente";"Chuva";"Simples";"Reta";"Não";7;0;5;0;2;0;5;3;-16,95712;-47,270758;"SPRF-DF";"DEL01-DF";"UOP02-DEL01-DF"
260486;2020-01-02;"quinta-feira";"20:55:00";"MT";70;696;"CACERES";"Ingestão de Álcool";"Colisão traseira";"Sem Vítimas";"Plena Noite";"Decrescente";"Céu Claro";"Simples";"Reta";"Não";2;0;0;0;2;0;0;2;-16,20852786;-57,41284118;"SPRF-MT";"DEL03-MT";"UOP01-DEL03-MT"
260487;2020-01-03;"sexta-feira";"00:30:00";"MG";381;651;"SANTO ANTONIO DO AMPARO";"Objeto estático sobre o leito carroçável";"Danos eventuais";"Sem Vítimas";"Plena Noite";"Decrescente";"Nublado";"Dupla";"Reta";"Não";2;0;0;0;2;0;0;1;-20,97575268;-44,93997846;"SPRF-MG";"DEL04-MG";"UOP02-DEL04-MG"
260489;2020-01-03;"sexta-feira";"00:45:00";"RO";364;341;"JI-PARANA";"Ingestão de Álcool";"Queda de ocupante de veículo";"Com Vítimas Feridas";"Plena Noite";"Decrescente";"Chuva";"Simples";"Reta";"Sim";1;0;0;1;0;0;1;1;-10,88987987;-61,93126772;"SPRF-RO";"DEL02-RO";"UOP01-DEL02-RO"
260491;2020-01-03;"sexta-feira";"01:30:00";"PR";476;140;"CURITIBA";"Falta de Atenção à Condução";"Colisão com objeto estático";"Com Vítimas Feridas";"Plena Noite";"Crescente";"Nublado";"Múltipla";"Reta";"Sim";1;0;1;0;0;0;1;1;-25,520693;-49,294121;"SPRF-PR";"DEL01-PR";"UOP03-DEL01-PR"
260492;2020-01-03;"sexta-feira";"01:45:00";"BA";324;625;"SALVADOR";"Agressão Externa";"Colisão transversal";"Com Vítimas Feridas";"Plena Noite";"Crescente";"Nublado";"Múltipla";"Reta";"Sim";2;0;1;0;1;0;1;2;-12,94194706;-38,47081224;"SPRF-BA";"DEL01-BA";"UOP01-DEL01-BA"
260493;2020-01-03;"sexta-feira";"02:30:00";"MG";116;38,6;"PEDRA AZUL";"Velocidade Incompatível";"Saída de leito carroçável";"Com Vítimas Feridas";"Plena Noite";"Crescente";"Céu Claro";"Dupla";"Reta";"Não";2;0;2;0;0;0;2;1;-15,96601299;-41,40367703;"SPRF-MG";"DEL11-MG";"UOP02-DEL11-MG"
260494;2020-01-03;"sexta-feira";"01:50:00";"MG";116;416;"GOVERNADOR VALADARES";"Desobediência às normas de trânsito pelo condutor";"Saída de leito carroçável";"Com Vítimas Feridas";"Plena Noite";"Crescente";"Céu Claro";"Simples";"Reta";"Sim";3;0;0;1;2;0;1;3;-18,89215187;-41,94699543;"SPRF-MG";"DEL06-MG";"UOP01-DEL06-MG"
260498;2020-01-03;"sexta-feira";"03:20:00";"GO";20;88;"VILA BOA";"Velocidade Incompatível";"Tombamento";"Com Vítimas Fatais";"Plena Noite";"Decrescente";"Chuva";"Simples";"Reta";"Não";14;1;13;0;0;0;13;1;-15,035155;-47,056973;"SPRF-DF";"DEL02-DF";"UOP01-DEL02-DF"
260499;2020-01-03;"sexta-feira";"02:45:00";"MT";70;502,5;"SANTO ANTONIO DO LEVERGER";"Falta de Atenção à Condução";"Saída de leito carroçável";"Com Vítimas Feridas";"Plena Noite";"Crescente";"Céu Claro";"Simples";"Reta";"Não";1;0;1;0;0;0;1;1;-15,674941;-55,939884;"SPRF-MT";"DEL02-MT";"UOP02-DEL01-MT"
260504;2020-01-03;"sexta-feira";"05:35:00";"SC";470;61,8;"INDAIAL";"Falta de Atenção à Condução";"Capotamento";"Com Vítimas Feridas";"Pleno dia";"Crescente";"Nublado";"Simples";"Curva";"Não";4;0;4;0;0;0;4;1;-26,87296395;-49,19126901;"SPRF-SC";"DEL04-SC";"UOP01-DEL04-SC"
260505;2020-01-02;"quinta-feira";"19:00:00";"CE";116;139,3;"RUSSAS";"Falta de Atenção à Condução";"Saída de leito carroçável";"Com Vítimas Feridas";"Plena Noite";"Decrescente";"Céu Claro";"Simples";"Reta";"Não";1;0;0;1;0;0;1;1;-4,75147981;-38,06476096;"SPRF-CE";"DEL03-CE";"UOP01-DEL03-CE"
260509;2020-01-03;"sexta-feira";"06:40:00";"SP";116;340;"JUQUITIBA";"Defeito Mecânico no Veículo";"Saída de leito carroçável";"Com Vítimas Feridas";"Pleno dia";"Decrescente";"Nublado";"Dupla";"Curva";"Não";2;0;1;0;1;0;1;1;-24,00328505;-47,15633198;"SPRF-SP";"DEL04-SP";"UOP02-DEL04-SP"
260510;2020-01-03;"sexta-feira";"06:55:00";"BA";407;5;"JUAZEIRO";"Desobediência às normas de trânsito pelo condutor";"Colisão frontal";"Com Vítimas Feridas";"Pleno dia";"Crescente";"Nublado";"Simples";"Reta";"Sim";2;0;2;0;0;0;2;2;-9,44778544;-40,49043801;"SPRF-BA";"DEL04-BA";"UOP01-DEL04-BA"
260511;2020-01-03;"sexta-feira";"04:40:00";"MS";163;0,6;"MUNDO NOVO";"Desobediência às normas de trânsito pelo condutor";"Colisão traseira";"Sem Vítimas";"Amanhecer";"Crescente";"Céu Claro";"Simples";"Reta";"Não";2;0;0;0;2;0;0;2;-24,044483;-54,272316;"SPRF-MS";"DEL09-MS";"UOP02-DEL09-MS"
260512;2020-01-03;"sexta-feira";"06:10:00";"SP";101;47,2;"UBATUBA";"Falta de Atenção à Condução";"Colisão transversal";"Com Vítimas Feridas";"Amanhecer";"Decrescente";"Céu Claro";"Simples";"Rotatória";"Sim";2;0;1;0;1;0;1;2;-23,43387535;-45,08591652;"SPRF-SP";"DEL06-SP";"UOP01-DEL06-SP"
260513;2020-01-03;"sexta-feira";"06:30:00";"PR";476;147,5;"ARAUCARIA";"Não guardar distância de segurança";"Colisão traseira";"Com Vítimas Feridas";"Pleno dia";"Decrescente";"Nublado";"Dupla";"Reta";"Sim";2;0;2;0;0;0;2;2;-25,554628;-49,339268;"SPRF-PR";"DEL01-PR";"UOP06-DEL01-PR"
260515;2020-01-03;"sexta-feira";"05:50:00";"MG";262;61;"MATIPO";"Condutor Dormindo";"Colisão com objeto estático";"Com Vítimas Feridas";"Pleno dia";"Crescente";"Chuva";"Simples";"Curva";"Não";4;0;4;0;0;0;4;1;-20,2924829;-42,21744498;"SPRF-MG";"DEL06-MG";"UOP03-DEL06-MG"
260519;2020-01-03;"sexta-feira";"06:00:00";"SC";282;435;"VARGEM BONITA";"Condutor Dormindo";"Colisão lateral";"Com Vítimas Feridas";"Pleno dia";"Decrescente";"Céu Claro";"Simples";"Reta";"Não";6;0;3;0;3;0;3;2;-26,973248;-51,841671;"SPRF-SC";"DEL07-SC";"UOP04-DEL07-SC"
260520;2020-01-03;"sexta-feira";"08:05:00";"RS";386;50,3;"SEBERI";"Avarias e/ou desgaste excessivo no pneu";"Queda de ocupante de veículo";"Com Vítimas Feridas";"Pleno dia";"Decrescente";"Céu Claro";"Simples";"Reta";"Sim";2;0;1;0;1;0;1;1;-27,491682;-53,389172;"SPRF-RS";"DEL08-RS";"UOP02-DEL08-RS"
260522;2020-01-03;"sexta-feira";"08:00:00";"ES";101;269,1;"SERRA";"Falta de Atenção à Condução";"Colisão lateral";"Com Vítimas Feridas";"Pleno dia";"Decrescente";"Céu Claro";"Dupla";"Reta";"Sim";2;0;0;1;1;0;1;2;-20,21740496;-40,26990578;"SPRF-ES";"DEL02-ES";"UOP01-DEL02-ES"
260523;2020-01-03;"sexta-feira";"07:20:00";"BA";101;717,5;"EUNAPOLIS";"Falta de Atenção à Condução";"Colisão transversal";"Com Vítimas Feridas";"Pleno dia";"Decrescente";"Céu Claro";"Simples";"Interseção de Vias";"Sim";2;0;1;0;1;0;1;2;-16,32475225;-39,59403992;"SPRF-BA";"DEL09-BA";"UOP01-DEL09-BA"
260525;2020-01-03;"sexta-feira";"08:20:00";"GO";452;164,6;"ITUMBIARA";"Ultrapassagem Indevida";"Colisão transversal";"Com Vítimas Feridas";"Pleno dia";"Crescente";"Céu Claro";"Simples";"Reta";"Não";3;0;3;0;0;0;3;2;-18,32249395;-49,47512698;"SPRF-GO";"DEL03-GO";"UOP02-DEL03-GO"
260529;2020-01-02;"quinta-feira";"16:00:00";"MG";116;765,5;"LEOPOLDINA";"Falta de Atenção à Condução";"Colisão transversal";"Com Vítimas Feridas";"Pleno dia";"Decrescente";"Chuva";"Simples";"Interseção de Vias";"Sim";2;0;1;0;1;0;1;2;-21,5197389;-42,6491103;"SPRF-MG";"DEL07-MG";"UOP01-DEL07-MG"
260531;2020-01-03;"sexta-feira";"08:40:00";"MG";381;592;"CARMOPOLIS DE MINAS";"Falta de Atenção à Condução";"Colisão traseira";"Sem Vítimas";"Pleno dia";"Decrescente";"Nublado";"Dupla";"Curva";"Não";2;0;0;0;2;0;0;2;-20,57880683;-44,6872411;"SPRF-MG";"DEL04-MG";"UOP01-DEL04-MG"
260532;2020-01-03;"sexta-feira";"08:00:00";"MT";70;47,8;"BARRA DO GARCAS";"Falta de Atenção à Condução";"Saída de leito carroçável";"Com Vítimas Feridas";"Pleno dia";"Decrescente";"Chuva";"Simples";"Curva";"Não";4;0;2;0;2;0;2;1;-15,74586406;-52,61386501;"SPRF-MT";"DEL07-MT";"UOP01-DEL07-MT"
260534;2020-01-02;"quinta-feira";"18:40:00";"MG";40;42,2;"PARACATU";"Falta de Atenção à Condução";"Colisão transversal";"Com Vítimas Feridas";"Plena Noite";"Crescente";"Chuva";"Simples";"Interseção de Vias;Aclive";"Sim";2;0;2;0;0;0;2;2;-17,2188441;-46,8666753;"SPRF-MG";"DEL14-MG";"UOP01-DEL14-MG"
260536;2020-01-03;"sexta-feira";"08:15:00";"PB";230;46,9;"SANTA RITA";"Falta de Atenção à Condução";"Colisão traseira";"Com Vítimas Feridas";"Pleno dia";"Decrescente";"Céu Claro";"Dupla";"Reta;Em Obras";"Não";7;0;0;3;1;3;3;3;-7,17221614;-35,03649044;"SPRF-PB";"DEL01-PB";"UOP03-DEL01-PB"