"id";"data_inversa";"dia_semana";"horario";"uf";"br";"km";"municipio";"causa_acidente";"tipo_acidente";"classificacao_acidente";"fase_dia";"sentido_via";"condicao_metereologica";"tipo_pista";"tracado_via";"uso_solo";"pessoas";"mortos";"feridos_leves";"feridos_graves";"ilesos";"ignorados";"feridos";"veiculos";"latitude";"longitude";"regional";"delegacia";"uop"
260661;2020-01-03;"sexta-feira";"17:00:00";"MG";40;621;"CONSELHEIRO LAFAIETE";"Defeito Mecânico no Veículo";"Saída de leito carroçável";"Com Vítimas Feridas";"Pleno dia";"Crescente";"Chuva";"Simples";"Reta";"Não";2;0;1;1;0;0;2;1;-20,58556107;-43,80743334;"SPRF-MG";"DEL05-MG";"UOP02-DEL05-MG"
260662;2020-01-03;"sexta-feira";"14:00:00";"PI";316;280;"DOM EXPEDITO LOPES";"Objeto estático sobre o leito carroçável";"Saída de leito carroçável";"Com Vítimas Feridas";"Pleno dia";"Crescente";"Céu Claro";"Simples";"Reta";"Não";3;0;1;0;2;0;1;1;-6,96041319;-41,68908731;"SPRF-PI";"DEL04-PI";"UOP01-DEL04-PI"
260663;2020-01-03;"sexta-feira";"19:00:00";"MG";381;486;"BETIM";"Velocidade Incompatível";"Colisão com objeto estático";"Com Vítimas Feridas";"Pleno dia";"Decrescente";"Céu Claro";"Dupla";"Curva";"Sim";1;0;0;1;0;0;1;1;-19,9559336;-44,1113627;"SPRF-MG";"DEL01-MG";"UOP03-DEL01-MG"
260665;2020-01-03;"sexta-feira";"19:20:00";"PE";101;9,8;"GOIANA";"Falta de Atenção do Pedestre";"Capotamento";"Sem Vítimas";"Plena Noite";"Decrescente";"Céu Claro";"Dupla";"Reta";"Não";1;0;0;0;0;1;0;1;-7,57788903;-34,98847822;"SPRF-PE";"DEL01-PE";"UOP02-DEL01-PE"
260666;2020-01-03;"sexta-feira";"15:30:00";"MT";163;575,8;"NOVA MUTUM";"Ultrapassagem Indevida";"Saída de leito carroçável";"Com Vítimas Feridas";"Pleno dia";"Decrescente";"Chuva";"Simples";"Reta";"Não";3;0;1;0;2;0;1;1;-14,12489326;-56,11610543;"SPRF-MT";"DEL01-MT";"UOP01-DEL01-MT"
260667;2020-01-03;"sexta-feira";"19:50:00";"PR";376;124;"ALTO PARANA";"Falta de Atenção à Condução";"Colisão com objeto estático";"Com Vítimas Feridas";"Plena Noite";"Decrescente";"Chuva";"Dupla";"Reta";"Não";4;0;0;1;3;0;1;1;-23,14400328;-52,2818582;"SPRF-PR";"DEL07-PR";"UOP02-DEL09-PR"
260668;2020-01-03;"sexta-feira";"18:30:00";"AL";316;209,9;"MARIBONDO";"Falta de Atenção à Condução";"Saída de leito carroçável";"Com Vítimas Feridas";"Plena Noite";"Crescente";"Céu Claro";"Simples";"Reta";"Não";2;0;2;0;0;0;2;1;-9,54888383;-36,25620605;"SPRF-AL";"DEL01-AL";"UOP01-DEL01-AL"
260669;2020-01-03;"sexta-feira";"19:45:00";"SC";282;16;"PALHOCA";"Falta de Atenção à Condução";"Colisão transversal";"Com Vítimas Feridas";"Plena Noite";"Crescente";"Chuva";"Simples";"Reta";"Sim";3;0;1;0;2;0;1;2;-27,658611;-48,681847;"SPRF-SC";"DEL01-SC";"UOP02-DEL01-SC"
260670;2020-01-03;"sexta-feira";"12:00:00";"RJ";116;6,3;"SAPUCAIA";"Defeito Mecânico no Veículo";"Colisão transversal";"Com Vítimas Feridas";"Pleno dia";"Decrescente";"Chuva";"Simples";"Curva";"Não";3;0;1;0;2;0;1;2;-21,90897631;-42,69105244;"SPRF-RJ";"DEL04-RJ";"UOP01-DEL04-RJ"
260672;2020-01-03;"sexta-feira";"18:35:00";"RO";174;15;"VILHENA";"Restrição de Visibilidade";"Colisão transversal";"Com Vítimas Feridas";"Anoitecer";"Decrescente";"Chuva";"Simples";"Reta";"Sim";2;0;1;0;1;0;1;2;-12,723321;-60,12801;"SPRF-RO";"DEL04-RO";"UOP01-DEL04-RO"
260673;2020-01-03;"sexta-feira";"18:20:00";"RN";304;299;"MACAIBA";"Defeito na Via";"Queda de ocupante de veículo";"Com Vítimas Feridas";"Plena Noite";"Crescente";"Céu Claro";"Dupla";"Reta";"Não";1;0;1;0;0;0;1;1;-5,87095859;-35,32359587;"SPRF-RN";"DEL01-RN";"UOP02-DEL01-RN"
260674;2020-01-03;"sexta-feira";"20:00:00";"PR";476;140;"CURITIBA";"Defeito Mecânico no Veículo";"Queda de ocupante de veículo";"Com Vítimas Feridas";"Plena Noite";"Decrescente";"Nublado";"Múltipla";"Reta";"Sim";2;0;2;0;0;0;2;1;-25,520693;-49,294121;"SPRF-PR";"DEL01-PR";"UOP03-DEL01-PR"
260675;2020-01-03;"sexta-feira";"18:30:00";"SC";101;339,2;"TUBARAO";"Falta de Atenção à Condução";"Engavetamento";"Com Vítimas Feridas";"Anoitecer";"Decrescente";"Chuva";"Dupla";"Declive";"Sim";10;0;7;0;3;0;7;6;-28,50703917;-49,04947737;"SPRF-SC";"DEL02-SC";"UOP01-DEL02-SC"
260677;2020-01-03;"sexta-feira";"20:25:00";"PR";376;3,8;"APUCARANA";"Desobediência às normas de trânsito pelo pedestre";"Atropelamento de Pedestre";"Com Vítimas Fatais";"Plena Noite";"Decrescente";"Chuva";"Dupla";"Reta";"Sim";7;1;0;0;4;2;0;4;-23,557347;-51,442053;"SPRF-PR";"DEL07-PR";"UOP03-DEL07-PR"
260678;2020-01-03;"sexta-feira";"18:15:00";"CE";222;310,2;"TIANGUA";"Falta de Atenção à Condução";"Colisão transversal";"Com Vítimas Feridas";"Plena Noite";"Decrescente";"Chuva";"Simples";"Interseção de Vias";"Sim";2;0;1;0;1;0;1;2;-3,70670595;-40,97707006;"SPRF-CE";"DEL04-CE";"UOP02-DEL04-CE"
260679;2020-01-03;"sexta-feira";"19:20:00";"ES";482;106,5;"GUACUI";"Velocidade Incompatível";"Colisão transversal";"Com Vítimas Feridas";"Plena Noite";"Crescente";"Chuva";"Simples";"Reta";"Sim";2;0;1;0;1;0;1;2;-20,7749648;-41,67600002;"SPRF-ES";"DEL03-ES";"UOP02-DEL03-ES"
260680;2020-01-03;"sexta-feira";"18:00:00";"MG";381;673,3;"PERDOES";"Velocidade Incompatível";"Saída de leito carroçável";"Com Vítimas Feridas";"Anoitecer";"Crescente";"Chuva";"Dupla";"Curva";"Não";4;0;2;0;2;0;2;1;-21,09966091;-45,08510908;"SPRF-MG";"DEL04-MG";"UOP02-DEL04-MG"
260681;2020-01-03;"sexta-feira";"19:54:00";"RO";319;59,9;"PORTO VELHO";"Desobediência às normas de trânsito pelo condutor";"Colisão transversal";"Com Vítimas Feridas";"Plena Noite";"Decrescente";"Nublado";"Dupla";"Interseção de Vias";"Sim";2;0;2;0;0;0;2;2;-8,74250565;-63,90262496;"SPRF-RO";"DEL01-RO";"UOP01-DEL01-RO"
260682;2020-01-03;"sexta-feira";"19:25:00";"SC";101;228,9;"PALHOCA";"Velocidade Incompatível";"Colisão com objeto estático";"Com Vítimas Feridas";"Plena Noite";"Decrescente";"Chuva";"Dupla";"Reta";"Não";1;0;1;0;0;0;1;1;-27,7597249;-48,63078869;"SPRF-SC";"DEL01-SC";"UOP02-DEL01-SC"
260683;2020-01-03;"sexta-feira";"21:20:00";"BA";235;347,8;"JUAZEIRO";"Animais na Pista";"Atropelamento de Animal";"Com Vítimas Feridas";"Plena Noite";"Crescente";"Céu Claro";"Simples";"Reta";"Sim";1;0;0;1;0;0;1;1;-9,44825774;-40,48922661;"SPRF-PE";"DEL06-PE";"UOP01-DEL06-PE"
260684;2020-01-03;"sexta-feira";"20:30:00";"MA";316;579,6;"CAXIAS";"Falta de Atenção à Condução";"Colisão transversal";"Com Vítimas Feridas";"Plena Noite";"Crescente";"Chuva";"Simples";"Reta";"Não";3;0;1;1;1;0;2;2;-4,957611;-43,128502;"SPRF-MA";"DEL03-MA";"UOP02-DEL03-MA"
260685;2020-01-03;"sexta-feira";"21:25:00";"PI";316;22,3;"TERESINA";"Animais na Pista";"Atropelamento de Animal";"Com Vítimas Feridas";"Plena Noite";"Decrescente";"Céu Claro";"Simples";"Reta";"Não";1;0;1;0;0;0;1;1;-5,27552796;-42,72607975;"SPRF-PI";"DEL01-PI";"UOP02-DEL01-PI"
260686;2020-01-03;"sexta-feira";"20:50:00";"RJ";101;86;"CAMPOS DOS GOYTACAZES";"Velocidade Incompatível";"Saída de leito carroçável";"Sem Vítimas";"Plena Noite";"Decrescente";"Chuva";"Dupla";"Curva";"Não";2;0;0;0;2;0;0;1;-21,82667291;-41,48736902;"SPRF-RJ";"DEL08-RJ";"UOP02-DEL08-RJ"
260688;2020-01-03;"sexta-feira";"21:40:00";"RN";101;83,2;"SAO GONCALO DO AMARANTE";"Falta de Atenção à Condução";"Atropelamento de Pedestre";"Com Vítimas Feridas";"Plena Noite";"Crescente";"Céu Claro";"Dupla";"Reta";"Sim";2;0;1;0;0;1;1;2;-5,7710445;-35,26616981;"SPRF-RN";"DEL02-RN";"UOP01-DEL02-RN"
260689;2020-01-03;"sexta-feira";"22:10:00";"PR";277;80;"CURITIBA";"Falta de Atenção à Condução";"Atropelamento de Animal";"Com Vítimas Feridas";"Plena Noite";"Decrescente";"Nublado";"Dupla";"Reta";"Não";1;0;1;0;0;0;1;1;-25,568939;-49,181978;"SPRF-PR";"DEL01-PR";"UOP06-DEL01-PR"
260690;2020-01-03;"sexta-feira";"17:15:00";"RJ";40;4,5;"COMENDADOR LEVY GASPARIAN";"Pista Escorregadia";"Saída de leito carroçável";"Com Vítimas Feridas";"Plena Noite";"Decrescente";"Garoa/Chuvisco";"Dupla";"Curva";"Não";4;0;3;0;1;0;3;1;-22,01337537;-43,23594846;"SPRF-RJ";"DEL06-RJ";"UOP02-DEL05-RJ"
260692;2020-01-03;"sexta-feira";"20:00:00";"MT";364;258,5;"JUSCIMEIRA";"Falta de Atenção à Condução";"Colisão transversal";"Com Vítimas Feridas";"Plena Noite";"Decrescente";"Céu Claro";"Múltipla";"Reta";"Sim";2;0;1;0;1;0;1;2;-16,056505;-54,88351;"SPRF-MT";"DEL02-MT";"UOP02-DEL05-MT"
260693;2020-01-03;"sexta-feira";"21:30:00";"GO";50;280,3;"CATALAO";"Falta de Atenção à Condução";"Colisão transversal";"Com Vítimas Feridas";"Plena Noite";"Decrescente";"Céu Claro";"Simples";"Interseção de Vias";"Sim";2;0;1;0;0;1;1;2;-18,18053259;-47,93921828;"SPRF-GO";"DEL06-GO";"UOP01-DEL06-GO"
260697;2020-01-03;"sexta-feira";"22:15:00";"BA";420;348,9;"JAGUAQUARA";"Desobediência às normas de trânsito pelo condutor";"Colisão frontal";"Com Vítimas Feridas";"Plena Noite";"Crescente";"Ignorado";"Simples";"Interseção de Vias";"Não";2;0;0;1;1;0;1;2;-13,50815149;-40,0429421;"SPRF-BA";"DEL03-BA";"UOP01-DEL03-BA"
260698;2020-01-03;"sexta-feira";"22:35:00";"SC";282;6;"SAO JOSE";"Falta de Atenção à Condução";"Tombamento";"Com Vítimas Feridas";"Plena Noite";"Crescente";"Nublado";"Dupla";"Curva";"Sim";2;0;1;0;1;0;1;1;-27,591936;-48,618244;"SPRF-SC";"DEL01-SC";"UOP01-DEL01-SC"
260700;2020-01-03;"sexta-feira";"20:30:00";"SP";116;506;"CAJATI";"Objeto estático sobre o leito carroçável";"Saída de leito carroçável";"Com Vítimas Feridas";"Plena Noite";"Decrescente";"Chuva";"Simples";"Curva";"Não";2;0;1;0;1;0;1;2;-24,79857835;-48,21075439;"SPRF-SP";"DEL05-SP";"UOP02-DEL05-SP"
260702;2020-01-03;"sexta-feira";"19:00:00";"PE";101;10;"GOIANA";"Falta de Atenção à Condução";"Colisão transversal";"Com Vítimas Feridas";"Plena Noite";"Decrescente";"Céu Claro";"Dupla";"Reta";"Não";2;0;0;1;1;0;1;2;-7,58679204;-34,98736241;"SPRF-PE";"DEL01-PE";"UOP02-DEL01-PE"
260703;2020-01-03;"sexta-feira";"21:50:00";"PR";277;419,4;"CANTAGALO";"Falta de Atenção à Condução";"Saída de leito carroçável";"Com Vítimas Feridas";"Plena Noite";"Decrescente";"Céu Claro";"Simples";"Reta";"Não";2;0;1;0;1;0;1;1;-25,41318664;-52,07945271;"SPRF-PR";"DEL04-PR";"UOP02-DEL04-PR"
260707;2020-01-03;"sexta-feira";"18:15:00";"RJ";116;17;"SAPUCAIA";"Falta de Atenção à Condução";"Capotamento";"Com Vítimas Feridas";"Anoitecer";"Crescente";"Chuva";"Simples";"Reta";"Não";5;0;5;0;0;0;5;2;-21,98043992;-42,75368608;"SPRF-RJ";"DEL04-RJ";"UOP01-DEL04-RJ"
260708;2020-01-04;"sábado";"01:10:00";"SC";101;93,1;"BARRA VELHA";"Velocidade Incompatível";"Saída de leito carroçável";"Com Vítimas Feridas";"Plena Noite";"Crescente";"Chuva";"Dupla";"Reta";"Não";2;0;2;0;0;0;2;1;-26,6899011;-48,69663873;"SPRF-SC";"DEL03-SC";"UOP02-DEL03-SC"
260710;2020-01-04;"sábado";"00:10:00";"RS";386;348;"LAJEADO";"Falta de Atenção à Condução";"Saída de leito carroçável";"Com Vítimas Feridas";"Plena Noite";"Crescente";"Céu Claro";"Dupla";"Reta";"Sim";1;0;1;0;0;0;1;1;-29,456644;-51,957329;"SPRF-RS";"DEL04-RS";"UOP02-DEL04-RS"
260712;2020-01-03;"sexta-feira";"21:40:00";"TO";242;422,2;"FORMOSO DO ARAGUAIA";"Defeito Mecânico no Veículo";"Saída de leito carroçável";"Sem Vítimas";"Plena Noite";"Decrescente";"Céu Claro";"Simples";"Reta";"Não";5;0;0;0;5;0;0;1;-11,93028018;-49,29724405;"SPRF-TO";"DEL02-TO";"UOP02-DEL01-TO"
260713;2020-01-04;"sábado";"00:45:00";"PR";376;168,3;"MARINGA";"Ingestão de Álcool";"Saída de leito carroçável";"Com Vítimas Feridas";"Plena Noite";"Crescente";"Céu Claro";"Dupla";"Reta";"Não";2;0;1;0;1;0;1;1;-23,409788;-51,987453;"SPRF-PR";"DEL07-PR";"UOP01-DEL09-PR"
260714;2020-01-04;"sábado";"00:45:00";"SC";470;71,1;"INDAIAL";"Desobediência às normas de trânsito pelo condutor";"Colisão transversal";"Com Vítimas Fatais";"Plena Noite";"Decrescente";"Chuva";"Simples";"Reta";"Não";3;1;2;0;0;0;2;2;-26,895243;-49,262104;"SPRF-SC";"DEL04-SC";"UOP01-DEL04-SC"
260715;2020-01-04;"sábado";"02:30:00";"MG";381;742,2;"TRES CORACOES";"Falta de Atenção à Condução";"Saída de leito carroçável";"Com Vítimas Feridas";"Plena Noite";"Crescente";"Céu Claro";"Dupla";"Reta";"Não";3;0;2;1;0;0;3;1;-21,60383448;-45,24054337;"SPRF-MG";"DEL16-MG";"UOP02-DEL16-MG"
260716;2020-01-04;"sábado";"02:40:00";"RS";116;143,4;"CAXIAS DO SUL";"Velocidade Incompatível";"Colisão com objeto estático";"Com Vítimas Feridas";"Plena Noite";"Crescente";"Céu Claro";"Dupla";"Curva";"Sim";2;0;0;1;0;1;1;2;-29,1201739;-51,12260651;"SPRF-RS";"DEL05-RS";"UOP01-DEL05-RS"
260717;2020-01-04;"sábado";"02:40:00";"MG";381;882,4;"ESTIVA";"Animais na Pista";"Atropelamento de Animal";"Com Vítimas Feridas";"Plena Noite";"Crescente";"Nublado";"Dupla";"Reta";"Não";5;0;3;0;2;0;3;2;-22,47895349;-46,01083274;"SPRF-MG";"DEL16-MG";"UOP01-DEL16-MG"
260718;2020-01-04;"sábado";"04:15:00";"GO";50;161;"CAMPO ALEGRE DE GOIAS";"Falta de Atenção à Condução";"Saída de leito carroçável";"Com Vítimas Feridas";"Amanhecer";"Crescente";"Chuva";"Dupla";"Reta";"Não";5;0;1;0;4;0;1;1;-17,263;-47,7694;"SPRF-GO";"DEL06-GO";"UOP01-DEL06-GO"
260720;2020-01-04;"sábado";"05:40:00";"RS";472;578,6;"URUGUAIANA";"Ingestão de Álcool";"Colisão lateral";"Com Vítimas Fatais";"Amanhecer";"Decrescente";"Céu Claro";"Simples";"Reta";"Sim";5;1;1;1;0;2;2;3;-29,78389642;-57,07174301;"SPRF-RS";"DEL13-RS";"UOP01-DEL13-RS"
260721;2020-01-04;"sábado";"05:50:00";"BA";116;337;"TEOFILANDIA";"Ultrapassagem Indevida";"Colisão frontal";"Com Vítimas Feridas";"Amanhecer";"Crescente";"Nublado";"Simples";"Reta";"Não";2;0;1;0;1;0;1;2;-11,47624586;-38,99386633;"SPRF-BA";"DEL02-BA";"UOP01-DEL02-BA"
260723;2020-01-04;"sábado";"05:10:00";"PR";116;122;"CURITIBA";"Falta de Atenção à Condução";"Capotamento";"Sem Vítimas";"Amanhecer";"Decrescente";"Céu Claro";"Dupla";"Reta";"Não";1;0;0;0;0;1;0;1;-25,56857207;-49,31023179;"SPRF-PR";"DEL01-PR";"UOP03-DEL01-PR"
260724;2020-01-04;"sábado";"05:25:00";"PR";376;656;"TIJUCAS DO SUL";"Velocidade Incompatível";"Saída de leito carroçável";"Com Vítimas Feridas";"Amanhecer";"Crescente";"Garoa/Chuvisco";"Simples";"Reta";"Não";2;0;1;0;1;0;1;1;-25,84642894;-49,03607349;"SPRF-PR";"DEL01-PR";"UOP04-DEL01-PR"
260725;2020-01-04;"sábado";"03:20:00";"RS";116;514,5;"PELOTAS";"Animais na Pista";"Atropelamento de Animal";"Sem Vítimas";"Plena Noite";"Crescente";"Céu Claro";"Simples";"Reta";"Sim";1;0;0;0;1;0;0;1;-31,65213506;-52,33684672;"SPRF-RS";"DEL07-RS";"UOP01-DEL07-RS"
260727;2020-01-03;"sexta-feira";"22:00:00";"RS";153;414,5;"CACHOEIRA DO SUL";"Condutor Dormindo";"Capotamento";"Com Vítimas Feridas";"Plena Noite";"Decrescente";"Céu Claro";"Simples";"Curva";"Não";1;0;1;0;0;0;1;1;-30,0693168;-52,87934303;"SPRF-RS";"DEL02-RS";"UOP02-DEL02-RS"
260728;2020-01-04;"sábado";"04:00:00";"SP";116;308,4;"SAO LOURENCO DA SERRA";"Falta de Atenção à Condução";"Colisão traseira";"Com Vítimas Feridas";"Plena Noite";"Decrescente";"Nublado";"Dupla";"Reta";"Sim";6;0;3;0;3;0;3;2;-23,86178414;-46,94696817;"SPRF-SP";"DEL04-SP";"UOP01-DEL04-SP"
260729;2020-01-04;"sábado";"06:00:00";"SC";101;90;"BARRA VELHA";"Defeito Mecânico no Veículo";"Saída de leito carroçável";"Sem Vítimas";"Amanhecer";"Decrescente";"Chuva";"Múltipla";"Reta";"Sim";1;0;0;0;0;1;0;1;-26,66148503;-48,68866176;"SPRF-SC";"DEL03-SC";"UOP02-DEL03-SC"
260730;2020-01-04;"sábado";"06:40:00";"PB";101;85;"JOAO PESSOA";"Falta de Atenção à Condução";"Colisão transversal";"Com Vítimas Feridas";"Pleno dia";"Crescente";"Céu Claro";"Dupla";"Reta";"Sim";2;0;1;1;0;0;2;2;-7,14538184;-34,91662887;"SPRF-PB";"DEL01-PB";"UOP01-DEL01-PB"
260731;2020-01-03;"sexta-feira";"23:20:00";"SP";116;272;"TABOAO DA SERRA";"Velocidade Incompatível";"Capotamento";"Com Vítimas Feridas";"Plena Noite";"Crescente";"Céu Claro";"Dupla";"Reta";"Sim";2;0;0;2;0;0;2;1;-23,61104027;-46,77023113;"SPRF-SP";"DEL04-SP";"UOP01-DEL04-SP"
260732;2020-01-03;"sexta-feira";"18:20:00";"MA";316;135;"NOVA OLINDA DO MARANHAO";"Falta de Atenção à Condução";"Colisão traseira";"Com Vítimas Feridas";"Anoitecer";"Decrescente";"Garoa/Chuvisco";"Simples";"Reta";"Não";5;0;2;0;2;1;2;2;-2,721481;-45,727669;"SPRF-MA";"DEL02-MA";"UOP02-DEL02-MA"
260734;2020-01-04;"sábado";"03:00:00";"MG";50;53,1;"ARAGUARI";"Falta de Atenção à Condução";"Colisão com objeto estático";"Sem Vítimas";"Plena Noite";"Crescente";"Chuva";"Dupla";"Curva";"Sim";3;0;0;0;3;0;0;1;-18,759049;-48,24054499;"SPRF-MG";"DEL15-MG";"UOP02-DEL15-MG"
260735;2020-01-04;"sábado";"05:50:00";"PI";343;606;"FLORIANO";"Falta de Atenção à Condução";"Saída de leito carroçável";"Com Vítimas Feridas";"Amanhecer";"Crescente";"Nublado";"Simples";"Reta";"Não";5;0;2;0;3;0;2;1;-6,866972;-43,110107;"SPRF-PI";"DEL03-PI";"UOP01-DEL03-PI"
260736;2020-01-04;"sábado";"04:40:00";"MS";163;793,6;"PEDRO GOMES";"Condutor Dormindo";"Saída de leito carroçável";"Com Vítimas Feridas";"Amanhecer";"Crescente";"Céu Claro";"Simples";"Reta;Declive";"Não";2;0;2;0;0;0;2;1;-17,969596;-54,678044;"SPRF-MS";"DEL06-MS";"UOP01-DEL06-MS"
260738;2020-01-04;"sábado";"07:20:00";"SC";282;5,8;"SAO JOSE";"Falta de Atenção à Condução";"Colisão com objeto estático";"Com Vítimas Feridas";"Pleno dia";"Decrescente";"Chuva";"Dupla";"Curva";"Sim";1;0;1;0;0;0;1;1;-27,588425;-48,612919;"SPRF-SC";"DEL01-SC";"UOP01-DEL01-SC"
260739;2020-01-04;"sábado";"08:00:00";"SC";101;212;"PALHOCA";"Falta de Atenção à Condução";"Colisão traseira";"Sem Vítimas";"Pleno dia";"Decrescente";"Garoa/Chuvisco";"Dupla";"Reta";"Sim";2;0;0;0;2;0;0;2;-27,62996929;-48,65903871;"SPRF-SC";"DEL01-SC";"UOP02-DEL01-SC"
260741;2020-01-04;"sábado";"06:47:00";"MG";381;940,9;"EXTREMA";"Velocidade Incompatível";"Colisão com objeto estático";"Com Vítimas Feridas";"Pleno dia";"Crescente";"Chuva";"Dupla";"Curva";"Não";1;0;1;0;0;0;1;1;-22,82616775;-46,31346703;"SPRF-MG";"DEL16-MG";"UOP03-DEL16-MG"
260742;2020-01-04;"sábado";"05:30:00";"MG";251;465,1;"GRAO MOGOL";"Não guardar distância de segurança";"Colisão traseira";"Com Vítimas Feridas";"Amanhecer";"Crescente";"Chuva";"Simples";"Declive;Curva";"Não";4;0;1;0;2;1;1;2;-16,45710399;-43,40386502;"SPRF-MG";"DEL12-MG";"UOP01-DEL12-MG"
260745;2020-01-04;"sábado";"08:10:00";"RN";226;132;"CAMPO REDONDO";"Falta de Atenção à Condução";"Colisão traseira";"Com Vítimas Feridas";"Pleno dia";"Decrescente";"Céu Claro";"Simples";"Reta";"Não";8;0;3;1;4;0;4;4;-6,21519915;-36,15992188;"SPRF-RN";"DEL03-RN";"UOP02-DEL03-RN"
260746;2020-01-04;"sábado";"08:15:00";"GO";60;297;"ACREUNA";"Pista Escorregadia";"Saída de leito carroçável";"Com Vítimas Feridas";"Pleno dia";"Crescente";"Chuva";"Dupla";"Reta";"Não";2;0;2;0;0;0;2;1;-17,3441;-50,318;"SPRF-GO";"DEL04-GO";"UOP01-DEL04-GO"
260748;2020-01-04;"sábado";"08:00:00";"SP";116;217,6;"GUARULHOS";"Defeito Mecânico no Veículo";"Colisão com objeto estático";"Sem Vítimas";"Pleno dia";"Crescente";"Céu Claro";"Múltipla";"Reta";"Sim";1;0;0;0;1;0;0;1;-23,45534319;-46,47502184;"SPRF-SP";"DEL01-SP";"UOP01-DEL01-SP"
260752;2020-01-04;"sábado";"07:40:00";"MT";163;552,1;"DIAMANTINO";"Pista Escorregadia";"Saída de leito carroçável";"Com Vítimas Feridas";"Pleno dia";"Crescente";"Chuva";"Simples";"Curva";"Não";1;0;0;1;0;0;1;1;-14,29259489;-56,1477147;"SPRF-MT";"DEL01-MT";"UOP01-DEL01-MT"
260753;2020-01-04;"sábado";"07:30:00";"PR";116;102;"SAO JOSE DOS PINHAIS";"Ingestão de Álcool";"Saída de leito carroçável";"Sem Vítimas";"Pleno dia";"Crescente";"Garoa/Chuvisco";"Dupla";"Curva";"Não";1;0;0;0;1;0;0;1;-25,550639;-49,15025;"SPRF-PR";"DEL01-PR";"UOP01-DEL01-PR"
260755;2020-01-04;"sábado";"08:45:00";"CE";116;13,9;"FORTALEZA";"Não guardar distância de segurança";"Colisão traseira";"Com Vítimas Feridas";"Pleno dia";"Crescente";"Nublado";"Múltipla";"Reta";"Sim";4;0;1;0;3;0;1;3;-3,86088501;-38,49715296;"SPRF-CE";"DEL01-CE";"UOP02-DEL01-CE"
260756;2020-01-04;"sábado";"08:50:00";"ES";262;49;"MARECHAL FLORIANO";"Falta de Atenção à Condução";"Colisão transversal";"Com Vítimas Feridas";"Pleno dia";"Decrescente";"Nublado";"Simples";"Reta";"Sim";2;0;1;0;1;0;1;2;-20,41251052;-40,69798571;"SPRF-ES";"DEL01-ES";"UOP01-DEL01-ES"
260760;2020-01-04;"sábado";"08:20:00";"PR";116;58;"CAMPINA GRANDE DO SUL";"Velocidade Incompatível";"Colisão com objeto estático";"Com Vítimas Feridas";"Pleno dia";"Crescente";"Chuva";"Dupla";"Curva";"Não";2;0;1;0;1;0;1;1;-25,29614033;-48,93795675;"SPRF-PR";"DEL01-PR";"UOP02-DEL01-PR"
260761;2020-01-04;"sábado";"09:50:00";"ES";262;76,1;"DOMINGOS MARTINS";"Pista Escorregadia";"Colisão frontal";"Com Vítimas Feridas";"Pleno dia";"Crescente";"Garoa/Chuvisco";"Simples";"Curva";"Não";3;0;1;0;2;0;1;2;-20,41279327;-40,90834307;"SPRF-ES";"DEL01-ES";"UOP02-DEL01-ES"
260762;2020-01-04;"sábado";"09:57:00";"SP";101;41,8;"UBATUBA";"Falta de Atenção à Condução";"Colisão traseira";"Sem Vítimas";"Pleno dia";"Decrescente";"Céu Claro";"Simples";"Reta";"Não";2;0;0;0;2;0;0;2;-23,4147983;-45,04725717;"SPRF-SP";"DEL06-SP";"UOP01-DEL06-SP"
260763;2020-01-04;"sábado";"09:35:00";"TO";153;483,9;"PARAISO DO TOCANTINS";"Ultrapassagem Indevida";"Saída de leito carroçável";"Com Vítimas Feridas";"Pleno dia";"Crescente";"Nublado";"Simples";"Curva";"Não";2;0;0;2;0;0;2;1;-10,07093792;-48,85200006;"SPRF-TO";"DEL02-TO";"UOP01-DEL01-TO"
260764;2020-01-04;"sábado";"10:10:00";"PE";101;50,9;"ABREU E LIMA";"Falta de Atenção à Condução";"Colisão traseira";"Com Vítimas Feridas";"Pleno dia";"Crescente";"Sol";"Múltipla";"Reta";"Sim";2;0;1;0;1;0;1;2;-7,90938602;-34,90123228;"SPRF-PE";"DEL01-PE";"UOP02-DEL01-PE"
260765;2020-01-04;"sábado";"10:15:00";"SP";116;561,4;"BARRA DO TURVO";"Falta de Atenção à Condução";"Colisão com objeto estático";"Com Vítimas Feridas";"Pleno dia";"Crescente";"Chuva";"Dupla";"Curva";"Não";2;0;2;0;0;0;2;1;-25,02045097;-48,51586004;"SPRF-SP";"DEL05-SP";"UOP02-DEL05-SP"
260766;2020-01-04;"sábado";"08:40:00";"SP";116;564;"BARRA DO TURVO";"Velocidade Incompatível";"Colisão com objeto estático";"Com Vítimas Feridas";"Pleno dia";"Crescente";"Nublado";"Dupla";"Curva";"Não";4;0;2;0;2;0;2;1;-25,03458919;-48,53543877;"SPRF-SP";"DEL05-SP";"UOP02-DEL05-SP"
260768;2020-01-04;"sábado";"07:50:00";"RS";386;214,5;"TIO HUGO";"Desobediência às normas de trânsito pelo condutor";"Colisão transversal";"Com Vítimas Feridas";"Pleno dia";"Decrescente";"Sol";"Simples";"Interseção de Vias;Curva";"Sim";4;0;2;0;2;0;2;2;-28,57347958;-52,59507179;"SPRF-RS";"DEL04-RS";"UOP03-DEL04-RS"