"id";"data_inversa";"dia_semana";"horario";"uf";"br";"km";"municipio";"causa_acidente";"tipo_acidente";"classificacao_acidente";"fase_dia";"sentido_via";"condicao_metereologica";"tipo_pista";"tracado_via";"uso_solo";"pessoas";"mortos";"feridos_leves";"feridos_graves";"ilesos";"ignorados";"feridos";"veiculos";"latitude";"longitude";"regional";"delegacia";"uop"
261196;2020-01-06;"segunda-feira";"14:20:00";"SC";101;305;"LAGUNA";"Defeito Mecânico no Veículo";"Saída de leito carroçável";"Com Vítimas Feridas";"Pleno dia";"Decrescente";"Céu Claro";"Dupla";"Reta";"Não";5;0;1;0;4;0;1;1;-28,37674574;-48,76400229;"SPRF-SC";"DEL02-SC";"UOP03-DEL02-SC"
261197;2020-01-06;"segunda-feira";"14:30:00";"MG";40;422,3;"CURVELO";"Condutor Dormindo";"Colisão frontal";"Com Vítimas Fatais";"Pleno dia";"Crescente";"Céu Claro";"Simples";"Reta";"Sim";5;1;2;2;0;0;4;3;-19,15357;-44,54329;"SPRF-MG";"DEL02-MG";"UOP01-DEL02-MG"
261198;2020-01-06;"segunda-feira";"14:00:00";"RJ";116;189,8;"QUEIMADOS";"Falta de Atenção à Condução";"Colisão transversal";"Com Vítimas Fatais";"Pleno dia";"Crescente";"Céu Claro";"Simples";"Curva";"Sim";2;1;0;0;1;0;0;2;-22,73765712;-43,49182298;"SPRF-RJ";"DEL01-RJ";"UOP02-DEL01-RJ"
261199;2020-01-06;"segunda-feira";"12:30:00";"RJ";101;333;"RIO DE JANEIRO";"Falta de Atenção à Condução";"Colisão traseira";"Com Vítimas Feridas";"Pleno dia";"Crescente";"Nublado";"Dupla";"Reta";"Não";3;0;2;0;1;0;2;2;-22,87827816;-43,21053578;"SPRF-RJ";"DEL02-RJ";"UOP01-DEL02-RJ"
261201;2020-01-06;"segunda-feira";"15:00:00";"SC";101;29;"JOINVILLE";"Não guardar distância de segurança";"Colisão traseira";"Com Vítimas Feridas";"Pleno dia";"Decrescente";"Céu Claro";"Dupla";"Declive;Reta";"Não";3;0;2;0;1;0;2;2;-26,211903;-48,91589904;"SPRF-SC";"DEL03-SC";"UOP01-DEL03-SC"
261202;2020-01-06;"segunda-feira";"09:30:00";"SC";280;283,8;"IRINEOPOLIS";"Mal Súbito";"Capotamento";"Com Vítimas Feridas";"Pleno dia";"Decrescente";"Sol";"Simples";"Curva";"Não";5;0;2;1;2;0;3;1;-26,29391936;-50,85814305;"SPRF-SC";"DEL06-SC";"UOP04-DEL06-SC"
261203;2020-01-06;"segunda-feira";"12:20:00";"RJ";493;22;"MAGE";"Falta de Atenção à Condução";"Colisão transversal";"Com Vítimas Feridas";"Pleno dia";"Decrescente";"Sol";"Simples";"Reta";"Sim";5;0;5;0;0;0;5;2;-22,659311;-43,053303;"SPRF-RJ";"DEL04-RJ";"UOP02-DEL04-RJ"
261204;2020-01-06;"segunda-feira";"14:00:00";"RS";386;408,7;"TRIUNFO";"Falta de Atenção à Condução";"Saída de leito carroçável";"Com Vítimas Fatais";"Pleno dia";"Crescente";"Nublado";"Simples";"Curva";"Não";4;2;1;1;0;0;2;1;-29,791815;-51,535404;"SPRF-RS";"DEL04-RS";"UOP02-DEL04-RS"
261207;2020-01-06;"segunda-feira";"14:50:00";"RN";101;103,9;"PARNAMIRIM";"Não guardar distância de segurança";"Colisão traseira";"Com Vítimas Feridas";"Pleno dia";"Decrescente";"Céu Claro";"Dupla";"Reta;Em Obras";"Sim";3;0;1;0;2;0;1;2;-5,89034022;-35,24894996;"SPRF-RN";"DEL01-RN";"UOP01-DEL01-RN"
261210;2020-01-06;"segunda-feira";"15:20:00";"ES";101;297,6;"VIANA";"Desobediência às normas de trânsito pelo condutor";"Colisão lateral";"Com Vítimas Feridas";"Pleno dia";"Decrescente";"Céu Claro";"Dupla";"Reta";"Não";2;0;1;0;1;0;1;2;-20,34529844;-40,41026774;"SPRF-ES";"DEL01-ES";"UOP01-DEL01-ES"
261211;2020-01-06;"segunda-feira";"14:10:00";"MG";153;104;"PRATA";"Velocidade Incompatível";"Saída de leito carroçável";"Com Vítimas Feridas";"Pleno dia";"Crescente";"Chuva";"Simples";"Curva";"Não";2;0;1;0;0;1;1;2;-19,26347485;-48,92260343;"SPRF-MG";"DEL15-MG";"UOP03-DEL15-MG"
261212;2020-01-06;"segunda-feira";"13:45:00";"MT";70;556;"NOSSA SENHORA DO LIVRAMENTO";"Velocidade Incompatível";"Saída de leito carroçável";"Sem Vítimas";"Pleno dia";"Crescente";"Chuva";"Simples";"Curva";"Não";3;0;0;0;3;0;0;1;-15,69394649;-56,4391923;"SPRF-MT";"DEL01-MT";"DEL2/4-UOP02/MT"
261214;2020-01-06;"segunda-feira";"15:45:00";"SP";153;62,1;"SAO JOSE DO RIO PRETO";"Não guardar distância de segurança";"Colisão traseira";"Com Vítimas Feridas";"Pleno dia";"Crescente";"Céu Claro";"Dupla";"Reta;Aclive";"Sim";3;0;2;0;1;0;2;2;-20,81325404;-49,35675563;"SPRF-SP";"DEL09-SP";"UOP01-DEL09-SP"
261215;2020-01-06;"segunda-feira";"16:05:00";"RS";116;266;"CANOAS";"Falta de Atenção à Condução";"Colisão transversal";"Com Vítimas Feridas";"Pleno dia";"Decrescente";"Sol";"Dupla";"Reta";"Sim";2;0;0;1;1;0;1;2;-29,93592819;-51,17710406;"SPRF-RS";"DEL01-RS";"UOP01-DEL01-RS"
261216;2020-01-06;"segunda-feira";"15:25:00";"MG";146;608;"POCOS DE CALDAS";"Desobediência às normas de trânsito pelo condutor";"Colisão transversal";"Com Vítimas Feridas";"Pleno dia";"Crescente";"Céu Claro";"Simples";"Reta";"Sim";4;0;2;0;2;0;2;2;-21,807821;-46,475178;"SPRF-MG";"DEL16-MG";"UOP01-DEL09-MG"
261218;2020-01-06;"segunda-feira";"16:10:00";"RJ";40;16,3;"TRES RIOS";"Pista Escorregadia";"Colisão com objeto estático";"Com Vítimas Feridas";"Pleno dia";"Crescente";"Chuva";"Dupla";"Curva";"Sim";4;0;1;0;3;0;1;1;-22,07857914;-43,18128514;"SPRF-RJ";"DEL06-RJ";"UOP02-DEL05-RJ"
261220;2020-01-06;"segunda-feira";"16:40:00";"MG";365;431,5;"PATOS DE MINAS";"Falta de Atenção à Condução";"Colisão lateral";"Com Vítimas Feridas";"Pleno dia";"Crescente";"Céu Claro";"Dupla";"Interseção de Vias";"Não";4;0;3;0;1;0;3;2;-18,76420074;-46,67446219;"SPRF-MG";"DEL10-MG";"UOP01-DEL10-MG"
261221;2020-01-06;"segunda-feira";"16:30:00";"SP";116;282;"EMBU DAS ARTES";"Desobediência às normas de trânsito pelo condutor";"Colisão com objeto estático";"Com Vítimas Feridas";"Pleno dia";"Decrescente";"Sol";"Simples";"Curva";"Sim";2;0;2;0;0;0;2;1;-23,68570216;-46,85970975;"SPRF-SP";"DEL04-SP";"UOP01-DEL04-SP"
261223;2020-01-06;"segunda-feira";"11:30:00";"SC";101;91;"BARRA VELHA";"Condutor Dormindo";"Colisão com objeto estático";"Com Vítimas Feridas";"Pleno dia";"Crescente";"Céu Claro";"Simples";"Reta;Viaduto";"Não";2;0;2;0;0;0;2;1;-26,67120698;-48,69011814;"SPRF-SC";"DEL03-SC";"UOP02-DEL03-SC"
261224;2020-01-06;"segunda-feira";"16:20:00";"MG";365;596;"ARAGUARI";"Não guardar distância de segurança";"Colisão traseira";"Com Vítimas Feridas";"Pleno dia";"Crescente";"Nublado";"Simples";"Reta";"Não";3;0;2;0;0;1;2;3;-18,87426945;-48,07504088;"SPRF-MG";"DEL15-MG";"UOP02-DEL15-MG"
261225;2020-01-06;"segunda-feira";"15:00:00";"RO";364;295;"PRESIDENTE MEDICI";"Falta de Atenção à Condução";"Saída de leito carroçável";"Com Vítimas Feridas";"Pleno dia";"Decrescente";"Céu Claro";"Simples";"Reta";"Não";1;0;1;0;0;0;1;1;-11,28920189;-61,89866179;"SPRF-RO";"DEL02-RO";"UOP01-DEL02-RO"
261226;2020-01-06;"segunda-feira";"16:50:00";"ES";101;262,1;"SERRA";"Falta de Atenção à Condução";"Colisão traseira";"Com Vítimas Feridas";"Pleno dia";"Crescente";"Nublado";"Múltipla";"Reta";"Sim";3;0;2;0;1;0;2;2;-20,1572331;-40,27678329;"SPRF-ES";"DEL02-ES";"UOP01-DEL02-ES"
261227;2020-01-06;"segunda-feira";"17:00:00";"MG";40;734,9;"SANTOS DUMONT";"Pista Escorregadia";"Saída de leito carroçável";"Com Vítimas Feridas";"Pleno dia";"Decrescente";"Chuva";"Simples";"Declive";"Não";3;0;1;0;2;0;1;1;-21,36247924;-43,57519146;"SPRF-MG";"DEL05-MG";"UOP01-DEL05-MG"
261228;2020-01-06;"segunda-feira";"17:25:00";"PR";376;17;"MARINGA";"Defeito na Via";"Colisão lateral";"Com Vítimas Feridas";"Pleno dia";"Decrescente";"Céu Claro";"Dupla";"Curva";"Não";2;0;1;0;1;0;1;2;-23,4273;-51,9375;"SPRF-PR";"DEL07-PR";"UOP01-DEL09-PR"
261229;2020-01-06;"segunda-feira";"17:00:00";"SC";163;84;"GUARACIABA";"Falta de Atenção à Condução";"Colisão traseira";"Sem Vítimas";"Pleno dia";"Decrescente";"Céu Claro";"Simples";"Rotatória";"Sim";2;0;0;0;2;0;0;2;-26,61594101;-53,51942819;"SPRF-SC";"DEL07-SC";"UOP03-DEL07-SC"
261232;2020-01-06;"segunda-feira";"18:00:00";"GO";60;32;"ALEXANIA";"Falta de Atenção à Condução";"Colisão transversal";"Com Vítimas Feridas";"Pleno dia";"Crescente";"Céu Claro";"Simples";"Interseção de Vias";"Sim";3;0;1;0;2;0;1;2;-16,0963;-48,5202;"SPRF-DF";"DEL01-DF";"UOP01-DEL03-DF"
261234;2020-01-06;"segunda-feira";"18:30:00";"PE";232;10,8;"JABOATAO DOS GUARARAPES";"Não guardar distância de segurança";"Colisão traseira";"Com Vítimas Feridas";"Plena Noite";"Crescente";"Céu Claro";"Dupla";"Reta";"Sim";2;0;1;0;1;0;1;2;-8,07917241;-34,98718609;"SPRF-PE";"DEL01-PE";"UOP01-DEL01-PE"
261235;2020-01-06;"segunda-feira";"15:20:00";"CE";116;359,6;"ICO";"Velocidade Incompatível";"Queda de ocupante de veículo";"Com Vítimas Feridas";"Pleno dia";"Decrescente";"Céu Claro";"Simples";"Reta";"Não";1;0;0;1;0;0;1;1;-6,30798091;-38,72939426;"SPRF-CE";"DEL05-CE";"UOP02-DEL05-CE"
261236;2020-01-06;"segunda-feira";"18:05:00";"RS";470;217;"BENTO GONCALVES";"Falta de Atenção à Condução";"Colisão frontal";"Com Vítimas Feridas";"Pleno dia";"Crescente";"Céu Claro";"Simples";"Interseção de Vias;Curva";"Sim";7;0;4;2;1;0;6;2;-29,17856981;-51,51819885;"SPRF-RS";"DEL06-RS";"UOP01-DEL06-RS"
261237;2020-01-06;"segunda-feira";"18:35:00";"CE";116;21,2;"EUSEBIO";"Defeito Mecânico no Veículo";"Queda de ocupante de veículo";"Com Vítimas Feridas";"Plena Noite";"Crescente";"Céu Claro";"Múltipla";"Reta";"Não";2;0;2;0;0;0;2;1;-3,93175901;-38,50825087;"SPRF-CE";"DEL01-CE";"UOP02-DEL01-CE"
261238;2020-01-06;"segunda-feira";"16:40:00";"SC";101;135,2;"BALNEARIO CAMBORIU";"Não guardar distância de segurança";"Colisão lateral";"Com Vítimas Feridas";"Pleno dia";"Crescente";"Nublado";"Dupla";"Reta";"Sim";2;0;1;0;1;0;1;2;-27,0050108;-48,62677494;"SPRF-SC";"DEL04-SC";"UOP03-DEL04-SC"
261240;2020-01-06;"segunda-feira";"18:15:00";"SP";116;146,5;"SAO JOSE DOS CAMPOS";"Falta de Atenção à Condução";"Colisão lateral";"Com Vítimas Feridas";"Anoitecer";"Decrescente";"Céu Claro";"Dupla";"Reta";"Sim";2;0;1;0;1;0;1;2;-23,19122919;-45,86327591;"SPRF-SP";"DEL02-SP";"UOP01-DEL02-SP"
261241;2020-01-06;"segunda-feira";"16:00:00";"GO";60;460;"JATAI";"Falta de Atenção à Condução";"Saída de leito carroçável";"Com Vítimas Feridas";"Pleno dia";"Crescente";"Céu Claro";"Dupla";"Reta";"Não";2;0;1;0;1;0;1;1;-17,8715;-51,6163;"SPRF-GO";"DEL05-GO";"UOP01-DEL05-GO"
261242;2020-01-06;"segunda-feira";"18:35:00";"PB";230;36;"SANTA RITA";"Falta de Atenção do Pedestre";"Atropelamento de Pedestre";"Com Vítimas Feridas";"Plena Noite";"Decrescente";"Céu Claro";"Dupla";"Reta";"Sim";1;0;0;1;0;0;1;1;-7,1246;-34,9473;"SPRF-PB";"DEL01-PB";"UOP03-DEL01-PB"
261245;2020-01-06;"segunda-feira";"14:30:00";"MG";262;607,5;"CAMPOS ALTOS";"Velocidade Incompatível";"Saída de leito carroçável";"Com Vítimas Feridas";"Pleno dia";"Decrescente";"Sol";"Simples";"Curva";"Não";4;0;1;0;3;0;1;1;-19,62457601;-46,26930901;"SPRF-MG";"DEL08-MG";"UOP02-DEL08-MG"
261246;2020-01-06;"segunda-feira";"18:05:00";"MS";163;39,8;"ELDORADO";"Desobediência às normas de trânsito pelo condutor";"Colisão frontal";"Sem Vítimas";"Anoitecer";"Crescente";"Céu Claro";"Simples";"Reta";"Sim";2;0;0;0;2;0;0;2;-23,7948851;-54,28686992;"SPRF-MS";"DEL09-MS";"UOP02-DEL09-MS"
261247;2020-01-06;"segunda-feira";"19:00:00";"PR";376;418;"TIBAGI";"Falta de Atenção à Condução";"Queda de ocupante de veículo";"Com Vítimas Feridas";"Anoitecer";"Decrescente";"Céu Claro";"Simples";"Reta";"Não";1;0;1;0;0;0;1;1;-24,70753103;-50,55575309;"SPRF-PR";"DEL03-PR";"UOP02-DEL03-PR"
261248;2020-01-06;"segunda-feira";"16:55:00";"MS";163;83;"ITAQUIRAI";"Defeito Mecânico no Veículo";"Saída de leito carroçável";"Com Vítimas Feridas";"Pleno dia";"Crescente";"Céu Claro";"Simples";"Reta";"Não";2;0;1;0;1;0;1;1;-23,43274002;-54,20588915;"SPRF-MS";"DEL09-MS";"UOP01-DEL09-MS"
261249;2020-01-06;"segunda-feira";"18:30:00";"PR";153;23,2;"JACAREZINHO";"Falta de Atenção à Condução";"Colisão traseira";"Com Vítimas Feridas";"Pleno dia";"Decrescente";"Céu Claro";"Simples";"Reta;Declive";"Não";3;0;1;1;1;0;2;2;-23,17659697;-49,97635304;"SPRF-PR";"DEL07-PR";"UOP04-DEL07-PR"
261250;2020-01-06;"segunda-feira";"19:50:00";"PE";232;107,4;"BEZERROS";"Objeto estático sobre o leito carroçável";"Colisão com objeto estático";"Com Vítimas Feridas";"Plena Noite";"Decrescente";"Céu Claro";"Dupla";"Reta";"Não";4;0;2;0;2;0;2;1;-8,26839017;-35,79746685;"SPRF-PE";"DEL02-PE";"UOP03-DEL02-PE"
261251;2020-01-06;"segunda-feira";"11:20:00";"AM";174;986,9;"PRESIDENTE FIGUEIREDO";"Ingestão de Álcool";"Queda de ocupante de veículo";"Com Vítimas Feridas";"Pleno dia";"Crescente";"Céu Claro";"Dupla";"Rotatória;Aclive;Curva";"Não";2;0;2;0;0;0;2;1;-2,08151553;-60,00707746;"SPRF-AM";"DEL01-AM";"UOP02-DEL01-AM"
261252;2020-01-06;"segunda-feira";"11:55:00";"RJ";116;33,6;"SAPUCAIA";"Defeito Mecânico no Veículo";"Colisão frontal";"Com Vítimas Feridas";"Pleno dia";"Crescente";"Céu Claro";"Simples";"Curva";"Não";6;0;1;1;4;0;2;3;-22,086487;-42,811764;"SPRF-RJ";"DEL06-RJ";"UOP01-DEL05-RJ"
261254;2020-01-06;"segunda-feira";"20:30:00";"PR";369;176;"ROLANDIA";"Falta de Atenção do Pedestre";"Atropelamento de Pedestre";"Com Vítimas Feridas";"Plena Noite";"Crescente";"Céu Claro";"Simples";"Reta";"Sim";3;0;0;2;0;1;2;2;-23,34482104;-51,38674155;"SPRF-PR";"DEL07-PR";"UOP01-DEL07-PR"
261255;2020-01-06;"segunda-feira";"20:30:00";"BA";324;514,5;"FEIRA DE SANTANA";"Ingestão de Álcool";"Colisão lateral";"Sem Vítimas";"Plena Noite";"Crescente";"Céu Claro";"Simples";"Reta";"Sim";2;0;0;0;2;0;0;2;-12,23359376;-38,94692129;"SPRF-BA";"DEL02-BA";"UOP01-DEL02-BA"
261256;2020-01-06;"segunda-feira";"18:48:00";"AC";364;136,7;"RIO BRANCO";"Defeito na Via";"Queda de ocupante de veículo";"Com Vítimas Feridas";"Plena Noite";"Decrescente";"Céu Claro";"Dupla";"Reta";"Sim";2;0;2;0;0;0;2;1;-9,977578;-67,8489;"SPRF-AC";"DEL01-AC";"UOP01-DEL01-AC"
261257;2020-01-06;"segunda-feira";"21:07:00";"ES";101;424,5;"ATILIO VIVACQUA";"Falta de Atenção à Condução";"Tombamento";"Com Vítimas Feridas";"Plena Noite";"Crescente";"Nublado";"Simples";"Reta";"Não";1;0;0;1;0;0;1;1;-20,9947948;-41,12521918;"SPRF-ES";"DEL03-ES";"UOP02-DEL03-ES"
261258;2020-01-06;"segunda-feira";"17:50:00";"MT";70;690;"CACERES";"Falta de Atenção à Condução";"Tombamento";"Com Vítimas Feridas";"Anoitecer";"Crescente";"Nublado";"Simples";"Curva";"Não";1;0;1;0;0;0;1;1;-16,1845441;-57,36780792;"SPRF-MT";"DEL03-MT";"UOP01-DEL03-MT"
261259;2020-01-06;"segunda-feira";"21:30:00";"PB";230;366,8;"MALTA";"Ingestão de Álcool";"Colisão transversal";"Com Vítimas Feridas";"Plena Noite";"Decrescente";"Céu Claro";"Simples";"Reta";"Sim";2;0;0;1;1;0;1;2;-6,9051;-37,5155;"SPRF-PB";"DEL03-PB";"UOP02-DEL03-PB"
261260;2020-01-06;"segunda-feira";"21:00:00";"PE";101;67,8;"RECIFE";"Ingestão de Álcool";"Colisão traseira";"Sem Vítimas";"Plena Noite";"Decrescente";"Céu Claro";"Múltipla";"Reta";"Sim";2;0;0;0;2;0;0;2;-8,042334;-34,943096;"SPRF-PE";"DEL01-PE";"UOP01-DEL01-PE"
261262;2020-01-06;"segunda-feira";"20:50:00";"BA";135;181;"BARREIRAS";"Ingestão de Álcool";"Colisão traseira";"Com Vítimas Feridas";"Plena Noite";"Crescente";"Nublado";"Simples";"Reta";"Sim";2;0;0;1;1;0;1;2;-12,163703;-45,007804;"SPRF-BA";"DEL10-BA";"UOP01-DEL10-BA"
261263;2020-01-06;"segunda-feira";"21:00:00";"CE";222;5;"CAUCAIA";"Falta de Atenção à Condução";"Colisão lateral";"Com Vítimas Feridas";"Plena Noite";"Decrescente";"Céu Claro";"Múltipla";"Reta";"Sim";2;0;1;0;1;0;1;2;-3,74296918;-38,61330997;"SPRF-CE";"DEL01-CE";"UOP01-DEL01-CE"
261265;2020-01-06;"segunda-feira";"21:00:00";"RS";116;299,4;"GUAIBA";"Falta de Atenção do Pedestre";"Atropelamento de Pedestre";"Com Vítimas Fatais";"Plena Noite";"Crescente";"Chuva";"Dupla";"Reta";"Não";2;1;0;0;1;0;0;2;-30,11517464;-51,34563087;"SPRF-RS";"DEL02-RS";"UOP01-DEL02-RS"
261266;2020-01-06;"segunda-feira";"22:22:00";"RJ";101;314;"SAO GONCALO";"Defeito Mecânico no Veículo";"Queda de ocupante de veículo";"Com Vítimas Feridas";"Plena Noite";"Crescente";"Céu Claro";"Dupla";"Reta";"Sim";1;0;0;1;0;0;1;1;-22,81648739;-43,07728467;"SPRF-RJ";"DEL02-RJ";"UOP02-DEL02-RJ"
261267;2020-01-06;"segunda-feira";"20:50:00";"PR";476;278,5;"SAO MATEUS DO SUL";"Ingestão de Álcool";"Atropelamento de Pedestre";"Com Vítimas Feridas";"Plena Noite";"Crescente";"Nublado";"Simples";"Reta";"Sim";2;0;2;0;0;0;2;2;-25,868753;-50,396477;"SPRF-PR";"DEL02-PR";"UOP04-DEL02-PR"
261268;2020-01-06;"segunda-feira";"16:00:00";"SC";116;138,8;"SANTA CECILIA";"Falta de Atenção à Condução";"Colisão transversal";"Com Vítimas Feridas";"Pleno dia";"Crescente";"Céu Claro";"Simples";"Interseção de Vias";"Não";2;0;0;1;1;0;1;2;-26,95365013;-50,42351412;"SPRF-SC";"DEL06-SC";"UOP02-DEL06-SC"
261269;2020-01-06;"segunda-feira";"21:50:00";"BA";324;515,7;"FEIRA DE SANTANA";"Ingestão de Álcool";"Colisão transversal";"Com Vítimas Feridas";"Plena Noite";"Crescente";"Céu Claro";"Simples";"Reta";"Sim";3;0;3;0;0;0;3;2;-12,23547809;-38,94396807;"SPRF-BA";"DEL02-BA";"UOP01-DEL02-BA"
261271;2020-01-06;"segunda-feira";"16:00:00";"MA";316;436,3;"PERITORO";"Pista Escorregadia";"Capotamento";"Com Vítimas Feridas";"Pleno dia";"Crescente";"Chuva";"Simples";"Curva";"Não";2;0;1;1;0;0;2;1;-4,413616;-44,2411;"SPRF-MA";"DEL03-MA";"UOP01-DEL03-MA"
261272;2020-01-06;"segunda-feira";"22:20:00";"MT";364;440;"VARZEA GRANDE";"Pista Escorregadia";"Saída de leito carroçável";"Com Vítimas Feridas";"Plena Noite";"Crescente";"Garoa/Chuvisco";"Simples";"Curva";"Não";1;0;1;0;0;0;1;1;-15,64328612;-56,18077095;"SPRF-MT";"DEL01-MT";"DEL2/4-UOP02/MT"
261274;2020-01-06;"segunda-feira";"23:18:00";"DF";70;18,8;"BRASILIA";"Agressão Externa";"Incêndio";"Sem Vítimas";"Plena Noite";"Crescente";"Nublado";"Dupla";"Reta";"Não";1;0;0;0;0;1;0;1;-15,791093;-48,21096;"SPRF-DF";"DEL01-DF";"UOP02-DEL03-DF"
261275;2020-01-06;"segunda-feira";"21:50:00";"RS";290;97;"PORTO ALEGRE";"Avarias e/ou desgaste excessivo no pneu";"Colisão com objeto estático";"Sem Vítimas";"Plena Noite";"Crescente";"Chuva";"Múltipla";"Curva;Aclive;Ponte";"Sim";1;0;0;0;0;1;0;1;-29,997789;-51,20779;"SPRF-RS";"DEL01-RS";"UOP01-DEL01-RS"
261276;2020-01-06;"segunda-feira";"23:50:00";"GO";153;213;"URUACU";"Velocidade Incompatível";"Saída de leito carroçável";"Com Vítimas Feridas";"Plena Noite";"Crescente";"Céu Claro";"Simples";"Interseção de Vias";"Não";4;0;4;0;0;0;4;1;-14,634578;-49,175987;"SPRF-GO";"DEL07-GO";"UOP01-DEL07-GO"
261277;2020-01-06;"segunda-feira";"22:45:00";"RJ";116;78;"TERESOPOLIS";"Falta de Atenção à Condução";"Colisão traseira";"Sem Vítimas";"Plena Noite";"Crescente";"Nublado";"Simples";"Curva";"Não";2;0;0;0;2;0;0;2;-22,37408687;-42,95260496;"SPRF-RJ";"DEL06-RJ";"UOP01-DEL05-RJ"
261280;2020-01-07;"terça-feira";"01:45:00";"PB";230;142,9;"CAMPINA GRANDE";"Ingestão de Álcool";"Saída de leito carroçável";"Com Vítimas Feridas";"Plena Noite";"Crescente";"Céu Claro";"Dupla";"Aclive";"Não";1;0;0;1;0;0;1;1;-7,2573;-35,8131;"SPRF-PB";"DEL02-PB";"UOP01-DEL02-PB"
261284;2020-01-06;"segunda-feira";"23:00:00";"BA";110;386;"SAO SEBASTIAO DO PASSE";"Falta de Atenção do Pedestre";"Colisão transversal";"Com Vítimas Feridas";"Plena Noite";"Crescente";"Céu Claro";"Simples";"Curva";"Não";2;0;1;1;0;0;2;2;-12,4994292;-38,4925396;"SPRF-BA";"DEL01-BA";"UOP01-DEL01-BA"
261285;2020-01-07;"terça-feira";"02:40:00";"SC";101;269,8;"IMBITUBA";"Condutor Dormindo";"Saída de leito carroçável";"Com Vítimas Feridas";"Plena Noite";"Decrescente";"Nublado";"Múltipla";"Reta";"Não";1;0;1;0;0;0;1;1;-28,10247328;-48,70370686;"SPRF-SC";"DEL02-SC";"UOP03-DEL02-SC"
261287;2020-01-07;"terça-feira";"03:30:00";"PR";277;698;"SANTA TEREZINHA DE ITAIPU";"Falta de Atenção do Pedestre";"Queda de ocupante de veículo";"Com Vítimas Feridas";"Plena Noite";"Decrescente";"Nublado";"Dupla";"Reta";"Não";2;0;1;1;0;0;2;1;-25,4489;-54,4071;"SPRF-PR";"DEL05-PR";"UOP01-DEL05-PR"
261292;2020-01-07;"terça-feira";"02:18:00";"AL";316;171,5;"PALMEIRA DOS INDIOS";"Objeto estático sobre o leito carroçável";"Colisão com objeto estático";"Com Vítimas Feridas";"Plena Noite";"Decrescente";"Céu Claro";"Simples";"Reta";"Não";5;0;3;0;2;0;3;1;-9,52436819;-36,53857824;"SPRF-AL";"DEL03-AL";"UOP01-DEL03-AL"
261293;2020-01-07;"terça-feira";"06:19:00";"BA";324;546;"AMELIA RODRIGUES";"Falta de Atenção à Condução";"Queda de ocupante de veículo";"Com Vítimas Feridas";"Amanhecer";"Decrescente";"Nublado";"Dupla";"Reta";"Não";1;0;1;0;0;0;1;1;-12,41513603;-38,75158107;"SPRF-BA";"DEL01-BA";"UOP01-DEL01-BA"
261294;2020-01-07;"terça-feira";"06:35:00";"ES";101;148;"LINHARES";"Animais na Pista";"Atropelamento de Animal";"Sem Vítimas";"Pleno dia";"Crescente";"Céu Claro";"Múltipla";"Reta";"Sim";1;0;0;0;1;0;0;1;-19,38787399;-40,06752766;"SPRF-ES";"DEL04-ES";"UOP01-DEL04-ES"
261295;2020-01-06;"segunda-feira";"20:30:00";"MA";316;612,9;"TIMON";"Animais na Pista";"Atropelamento de Animal";"Com Vítimas Feridas";"Plena Noite";"Crescente";"Céu Claro";"Simples";"Reta";"Não";2;0;1;1;0;0;2;1;-5,075141;-42,859455;"SPRF-MA";"DEL03-MA";"UOP02-DEL03-MA"
261296;2020-01-06;"segunda-feira";"08:40:00";"MT";70;280;"PRIMAVERA DO LESTE";"Falta de Atenção à Condução";"Colisão traseira";"Com Vítimas Feridas";"Pleno dia";"Decrescente";"Céu Claro";"Simples";"Reta";"Não";2;0;1;0;1;0;1;2;-15,5628096;-54,2970162;"SPRF-MT";"DEL05-MT";"UOP01-DEL05-MT"
261297;2020-01-07;"terça-feira";"07:20:00";"PB";230;28;"JOAO PESSOA";"Pista Escorregadia";"Tombamento";"Com Vítimas Feridas";"Pleno dia";"Decrescente";"Céu Claro";"Simples";"Viaduto";"Não";1;0;1;0;0;0;1;1;-7,1651;-34,8941;"SPRF-PB";"DEL01-PB";"UOP01-DEL01-PB"
261298;2020-01-07;"terça-feira";"06:36:00";"ES";101;148;"LINHARES";"Animais na Pista";"Atropelamento de Animal";"Sem Vítimas";"Pleno dia";"Decrescente";"Céu Claro";"Múltipla";"Reta";"Sim";1;0;0;0;1;0;0;1;-19,38787399;-40,06752766;"SPRF-ES";"DEL04-ES";"UOP01-DEL04-ES"
261299;2020-01-07;"terça-feira";"06:40:00";"MG";262;353,1;"BETIM";"Falta de Atenção à Condução";"Colisão traseira";"Com Vítimas Feridas";"Pleno dia";"Decrescente";"Nublado";"Dupla";"Aclive";"Não";2;0;1;0;1;0;1;2;-19,95947688;-44,15416308;"SPRF-MG";"DEL01-MG";"UOP03-DEL01-MG"
261300;2020-01-06;"segunda-feira";"19:20:00";"PR";376;61;"GUAIRACA";"Condutor Dormindo";"Colisão transversal";"Com Vítimas Feridas";"Plena Noite";"Decrescente";"Nublado";"Simples";"Interseção de Vias";"Não";4;0;2;2;0;0;4;2;-22,92930645;-52,84011841;"SPRF-PR";"DEL07-PR";"UOP02-DEL09-PR"