"id";"data_inversa";"dia_semana";"horario";"uf";"br";"km";"municipio";"causa_acidente";"tipo_acidente";"classificacao_acidente";"fase_dia";"sentido_via";"condicao_metereologica";"tipo_pista";"tracado_via";"uso_solo";"pessoas";"mortos";"feridos_leves";"feridos_graves";"ilesos";"ignorados";"feridos";"veiculos";"latitude";"longitude";"regional";"delegacia";"uop"
261301;2020-01-06;"segunda-feira";"17:50:00";"SC";280;30;"ARAQUARI";"Falta de Atenção à Condução";"Colisão traseira";"Com Vítimas Feridas";"Pleno dia";"Crescente";"Céu Claro";"Simples";"Reta";"Sim";2;0;1;0;1;0;1;2;-26,4141523;-48,76209493;"SPRF-SC";"DEL03-SC";"UOP03-DEL03-SC"
261302;2020-01-07;"terça-feira";"06:40:00";"PB";101;66;"SANTA RITA";"Ultrapassagem Indevida";"Capotamento";"Com Vítimas Feridas";"Pleno dia";"Crescente";"Céu Claro";"Dupla";"Reta";"Não";1;0;1;0;0;0;1;1;-7,04802898;-35,04348899;"SPRF-PB";"DEL01-PB";"UOP04-DEL01-PB"
261303;2020-01-07;"terça-feira";"01:45:00";"MG";262;443,5;"NOVA SERRANA";"Ingestão de Álcool";"Colisão com objeto estático";"Com Vítimas Feridas";"Plena Noite";"Crescente";"Nublado";"Dupla";"Curva";"Sim";1;0;0;1;0;0;1;1;-19,88065393;-44,92197102;"SPRF-MG";"DEL08-MG";"UOP03-DEL08-MG"
261306;2020-01-07;"terça-feira";"07:40:00";"PE";232;8,8;"RECIFE";"Falta de Atenção à Condução";"Colisão traseira";"Sem Vítimas";"Pleno dia";"Decrescente";"Céu Claro";"Dupla";"Reta";"Não";2;0;0;0;2;0;0;2;-8,07583727;-34,97015791;"SPRF-PE";"DEL01-PE";"UOP01-DEL01-PE"
261307;2020-01-07;"terça-feira";"07:20:00";"SC";101;206,1;"SAO JOSE";"Falta de Atenção à Condução";"Colisão lateral";"Com Vítimas Feridas";"Pleno dia";"Decrescente";"Céu Claro";"Dupla";"Reta";"Sim";2;0;1;0;0;1;1;2;-27,59193546;-48,61824557;"SPRF-SC";"DEL01-SC";"UOP01-DEL01-SC"
261311;2020-01-07;"terça-feira";"06:40:00";"MG";40;499,6;"ESMERALDAS";"Falta de Atenção à Condução";"Tombamento";"Com Vítimas Feridas";"Pleno dia";"Crescente";"Nublado";"Dupla";"Reta";"Sim";1;0;1;0;0;0;1;1;-19,697179;-44,176988;"SPRF-MG";"DEL02-MG";"UOP01-DEL02-MG"
261312;2020-01-07;"terça-feira";"07:20:00";"MG";40;515;"RIBEIRAO DAS NEVES";"Desobediência às normas de trânsito pelo condutor";"Colisão traseira";"Com Vítimas Feridas";"Pleno dia";"Crescente";"Nublado";"Dupla";"Reta;Declive";"Não";3;0;3;0;0;0;3;2;-19,8090079;-44,09493479;"SPRF-MG";"DEL01-MG";"UOP02-DEL01-MG"
261314;2020-01-07;"terça-feira";"08:20:00";"RN";406;170,1;"SAO GONCALO DO AMARANTE";"Deficiência ou não Acionamento do Sistema de Iluminação/Sinalização do Veículo";"Colisão lateral";"Com Vítimas Feridas";"Pleno dia";"Crescente";"Céu Claro";"Dupla";"Reta";"Sim";3;0;2;0;1;0;2;2;-5,75872063;-35,29921986;"SPRF-RN";"DEL02-RN";"UOP01-DEL02-RN"
261315;2020-01-07;"terça-feira";"08:00:00";"PR";277;73,1;"SAO JOSE DOS PINHAIS";"Defeito Mecânico no Veículo";"Saída de leito carroçável";"Com Vítimas Feridas";"Pleno dia";"Decrescente";"Céu Claro";"Dupla";"Reta";"Sim";1;0;1;0;0;0;1;1;-25,50078096;-49,1522634;"SPRF-PR";"DEL01-PR";"UOP01-DEL01-PR"
261316;2020-01-07;"terça-feira";"08:00:00";"RN";101;66;"CEARA-MIRIM";"Velocidade Incompatível";"Colisão lateral";"Sem Vítimas";"Pleno dia";"Decrescente";"Sol";"Simples";"Aclive";"Não";2;0;0;0;1;1;0;2;-5,65033356;-35,25016233;"SPRF-RN";"DEL02-RN";"UOP01-DEL02-RN"
261317;2020-01-07;"terça-feira";"07:00:00";"RN";427;96,9;"CAICO";"Desobediência às normas de trânsito pelo condutor";"Colisão lateral";"Com Vítimas Feridas";"Pleno dia";"Crescente";"Céu Claro";"Simples";"Reta";"Sim";2;0;0;1;1;0;1;2;-6,47053122;-37,08438906;"SPRF-RN";"DEL03-RN";"UOP01-DEL03-RN"
261319;2020-01-07;"terça-feira";"08:40:00";"TO";153;150;"ARAGUAINA";"Defeito Mecânico no Veículo";"Tombamento";"Com Vítimas Feridas";"Pleno dia";"Crescente";"Céu Claro";"Simples";"Reta";"Não";2;0;2;0;0;0;2;1;-7,24812605;-48,25533885;"SPRF-TO";"DEL02-TO";"UOP01-DEL02-TO"
261320;2020-01-07;"terça-feira";"07:52:00";"PR";277;96,2;"CURITIBA";"Falta de Atenção à Condução";"Atropelamento de Pedestre";"Com Vítimas Feridas";"Pleno dia";"Crescente";"Céu Claro";"Simples";"Reta";"Sim";2;0;1;0;1;0;1;2;-25,43062108;-49,33254004;"SPRF-PR";"DEL01-PR";"UOP06-DEL01-PR"
261325;2020-01-07;"terça-feira";"08:50:00";"PR";476;129;"CURITIBA";"Não guardar distância de segurança";"Colisão lateral";"Com Vítimas Feridas";"Pleno dia";"Crescente";"Céu Claro";"Dupla";"Reta";"Sim";5;0;1;0;4;0;1;4;-25,440983;-49,233715;"SPRF-PR";"DEL01-PR";"UOP07-DEL01-PR"
261327;2020-01-07;"terça-feira";"10:00:00";"RJ";101;66;"CAMPOS DOS GOYTACAZES";"Mal Súbito";"Colisão lateral";"Com Vítimas Feridas";"Pleno dia";"Decrescente";"Sol";"Dupla";"Rotatória";"Sim";2;0;1;0;1;0;1;2;-21,76531881;-41,34614468;"SPRF-RJ";"DEL08-RJ";"UOP02-DEL08-RJ"
261328;2020-01-07;"terça-feira";"10:00:00";"RJ";101;268,2;"RIO BONITO";"Falta de Atenção à Condução";"Colisão traseira";"Com Vítimas Feridas";"Pleno dia";"Crescente";"Céu Claro";"Dupla";"Reta";"Não";10;0;2;0;8;0;2;3;-22,74201972;-42,62523249;"SPRF-RJ";"DEL02-RJ";"UOP03-DEL02-RJ"
261330;2020-01-07;"terça-feira";"10:31:00";"MG";40;250;"SAO GONCALO DO ABAETE";"Velocidade Incompatível";"Saída de leito carroçável";"Com Vítimas Feridas";"Pleno dia";"Decrescente";"Nublado";"Simples";"Reta";"Não";1;0;1;0;0;0;1;1;-18,11800826;-45,44304297;"SPRF-MG";"DEL14-MG";"UOP02-DEL14-MG"
261331;2020-01-07;"terça-feira";"10:30:00";"CE";116;5,8;"FORTALEZA";"Desobediência às normas de trânsito pelo condutor";"Colisão traseira";"Sem Vítimas";"Pleno dia";"Decrescente";"Céu Claro";"Simples";"Curva";"Sim";2;0;0;0;2;0;0;2;-3,79467116;-38,50772734;"SPRF-CE";"DEL01-CE";"UOP02-DEL01-CE"
261332;2020-01-07;"terça-feira";"09:30:00";"PI";343;560;"FLORIANO";"Condutor Dormindo";"Saída de leito carroçável";"Com Vítimas Feridas";"Pleno dia";"Crescente";"Céu Claro";"Simples";"Reta";"Não";5;0;5;0;0;0;5;1;-6,654274;-42,891457;"SPRF-PI";"DEL03-PI";"UOP01-DEL03-PI"
261333;2020-01-07;"terça-feira";"09:00:00";"RO";319;62,1;"PORTO VELHO";"Desobediência às normas de trânsito pelo condutor";"Colisão transversal";"Com Vítimas Feridas";"Pleno dia";"Crescente";"Céu Claro";"Dupla";"Reta";"Sim";4;0;0;1;2;1;1;4;-8,75044711;-63,88803005;"SPRF-RO";"DEL01-RO";"UOP01-DEL01-RO"
261335;2020-01-07;"terça-feira";"09:15:00";"RS";470;327,8;"TRIUNFO";"Condutor Dormindo";"Saída de leito carroçável";"Com Vítimas Feridas";"Pleno dia";"Decrescente";"Céu Claro";"Simples";"Reta";"Não";1;0;1;0;0;0;1;1;-29,81675202;-51,68592549;"SPRF-RS";"DEL04-RS";"UOP02-DEL04-RS"
261336;2020-01-07;"terça-feira";"10:15:00";"RN";110;97,2;"UPANEMA";"Falta de Atenção à Condução";"Colisão traseira";"Com Vítimas Feridas";"Pleno dia";"Crescente";"Sol";"Simples";"Reta";"Não";2;0;1;0;1;0;1;2;-5,62354189;-37,27205085;"SPRF-RN";"DEL04-RN";"UOP01-DEL04-RN"
261339;2020-01-07;"terça-feira";"11:40:00";"MG";116;115,5;"ITAOBIM";"Falta de Atenção à Condução";"Colisão frontal";"Com Vítimas Feridas";"Pleno dia";"Decrescente";"Sol";"Simples";"Retorno Regulamentado";"Sim";3;0;2;0;1;0;2;2;-16,55656498;-41,50192905;"SPRF-MG";"DEL11-MG";"UOP02-DEL11-MG"
261340;2020-01-07;"terça-feira";"12:40:00";"SC";470;179;"POUSO REDONDO";"Velocidade Incompatível";"Capotamento";"Com Vítimas Feridas";"Pleno dia";"Decrescente";"Chuva";"Simples";"Curva";"Sim";3;0;3;0;0;0;3;1;-27,247908;-49,977165;"SPRF-SC";"DEL04-SC";"UOP02-DEL04-SC"
261342;2020-01-07;"terça-feira";"11:55:00";"SC";280;125,3;"RIO NEGRINHO";"Desobediência às normas de trânsito pelo condutor";"Colisão transversal";"Com Vítimas Feridas";"Pleno dia";"Decrescente";"Nublado";"Simples";"Reta";"Sim";3;0;2;0;1;0;2;2;-26,23763684;-49,48434497;"SPRF-SC";"DEL06-SC";"UOP03-DEL06-SC"
261344;2020-01-07;"terça-feira";"13:10:00";"SC";101;210;"SAO JOSE";"Falta de Atenção à Condução";"Colisão lateral";"Com Vítimas Feridas";"Pleno dia";"Decrescente";"Nublado";"Dupla";"Reta";"Não";2;0;1;0;1;0;1;2;-27,6167305;-48,6457265;"SPRF-SC";"DEL01-SC";"UOP01-DEL01-SC"
261345;2020-01-07;"terça-feira";"13:20:00";"SC";470;2;"NAVEGANTES";"Falta de Atenção à Condução";"Colisão traseira";"Com Vítimas Feridas";"Pleno dia";"Crescente";"Nublado";"Dupla";"Retorno Regulamentado";"Sim";3;0;2;0;1;0;2;2;-26,868551;-48,674831;"SPRF-SC";"DEL04-SC";"UOP04-DEL04-SC"
261346;2020-01-07;"terça-feira";"13:20:00";"PE";232;14,8;"JABOATAO DOS GUARARAPES";"Falta de Atenção do Pedestre";"Atropelamento de Pedestre";"Com Vítimas Fatais";"Pleno dia";"Crescente";"Céu Claro";"Dupla";"Reta";"Sim";2;1;0;0;1;0;0;2;-8,09025488;-35,02052302;"SPRF-PE";"DEL01-PE";"UOP01-DEL01-PE"
261347;2020-01-07;"terça-feira";"13:00:00";"SE";235;49;"ITABAIANA";"Desobediência às normas de trânsito pelo condutor";"Colisão transversal";"Com Vítimas Feridas";"Pleno dia";"Decrescente";"Céu Claro";"Simples";"Interseção de Vias";"Sim";3;0;3;0;0;0;3;2;-10,716222;-37,421669;"SPRF-SE";"DEL01-SE";"UOP02-DEL01-SE"
261350;2020-01-07;"terça-feira";"13:15:00";"PE";101;91;"CABO DE SANTO AGOSTINHO";"Defeito Mecânico no Veículo";"Colisão com objeto em movimento";"Com Vítimas Feridas";"Pleno dia";"Crescente";"Sol";"Dupla";"Reta";"Não";2;0;0;1;1;0;1;2;-8,22399812;-34,99290474;"SPRF-PE";"DEL01-PE";"UOP03-DEL01-PE"
261351;2020-01-07;"terça-feira";"13:52:00";"PR";376;458,9;"TIBAGI";"Falta de Atenção à Condução";"Saída de leito carroçável";"Sem Vítimas";"Pleno dia";"Crescente";"Chuva";"Dupla";"Curva";"Não";1;0;0;0;1;0;0;1;-24,9921312;-50,36419141;"SPRF-PR";"DEL03-PR";"UOP01-DEL03-PR"
261352;2020-01-07;"terça-feira";"13:00:00";"BA";324;623;"SALVADOR";"Falta de Atenção à Condução";"Colisão lateral";"Com Vítimas Feridas";"Pleno dia";"Crescente";"Céu Claro";"Dupla";"Reta";"Sim";2;0;1;0;1;0;1;2;-12,92628699;-38,46838679;"SPRF-BA";"DEL01-BA";"UOP01-DEL01-BA"
261353;2020-01-07;"terça-feira";"13:10:00";"MG";116;416,9;"GOVERNADOR VALADARES";"Desobediência às normas de trânsito pelo condutor";"Colisão lateral";"Com Vítimas Feridas";"Pleno dia";"Decrescente";"Céu Claro";"Simples";"Reta";"Sim";3;0;1;1;1;0;2;3;-18,89636504;-41,94774454;"SPRF-MG";"DEL06-MG";"UOP01-DEL06-MG"
261357;2020-01-07;"terça-feira";"08:49:00";"PE";232;32,1;"MORENO";"Pista Escorregadia";"Capotamento";"Com Vítimas Feridas";"Pleno dia";"Decrescente";"Sol";"Dupla";"Reta";"Não";2;0;2;0;0;0;2;1;-8,10541732;-35,1665671;"SPRF-PE";"DEL01-PE";"UOP02-DEL02PE"
261358;2020-01-07;"terça-feira";"14:30:00";"MG";116;688,5;"MURIAE";"Avarias e/ou desgaste excessivo no pneu";"Saída de leito carroçável";"Com Vítimas Feridas";"Pleno dia";"Crescente";"Chuva";"Simples";"Curva;Declive";"Não";1;0;1;0;0;0;1;1;-20,99437058;-42,36071798;"SPRF-MG";"DEL07-MG";"UOP02-DEL07-MG"
261359;2020-01-07;"terça-feira";"12:25:00";"SC";282;594;"SAUDADES";"Velocidade Incompatível";"Colisão lateral";"Com Vítimas Feridas";"Pleno dia";"Decrescente";"Nublado";"Simples";"Curva";"Não";2;0;1;0;1;0;1;2;-26,827911;-53,108719;"SPRF-SC";"DEL07-SC";"UOP02-DEL07-SC"
261360;2020-01-07;"terça-feira";"14:10:00";"SC";280;23,6;"ARAQUARI";"Falta de Atenção à Condução";"Colisão transversal";"Com Vítimas Feridas";"Pleno dia";"Crescente";"Céu Claro";"Simples";"Reta";"Não";2;0;0;1;1;0;1;2;-26,37146;-48,711887;"SPRF-SC";"DEL03-SC";"UOP03-DEL03-SC"
261361;2020-01-07;"terça-feira";"13:25:00";"SC";101;38,5;"JOINVILLE";"Não guardar distância de segurança";"Colisão traseira";"Sem Vítimas";"Pleno dia";"Crescente";"Sol";"Dupla";"Viaduto";"Sim";2;0;0;0;2;0;0;2;-26,25472505;-48,90561309;"SPRF-SC";"DEL03-SC";"UOP01-DEL03-SC"
261364;2020-01-07;"terça-feira";"13:40:00";"MG";381;701,1;"LAVRAS";"Velocidade Incompatível";"Saída de leito carroçável";"Com Vítimas Feridas";"Pleno dia";"Crescente";"Nublado";"Dupla";"Curva;Declive";"Não";2;0;1;0;1;0;1;1;-21,28923178;-45,14706592;"SPRF-MG";"DEL04-MG";"UOP02-DEL04-MG"
261370;2020-01-07;"terça-feira";"15:00:00";"MG";381;439;"SABARA";"Velocidade Incompatível";"Saída de leito carroçável";"Com Vítimas Feridas";"Pleno dia";"Crescente";"Chuva";"Simples";"Curva";"Não";1;0;1;0;0;0;1;1;-19,80927691;-43,78706001;"SPRF-MG";"DEL01-MG";"UOP01-DEL01-MG"
261371;2020-01-07;"terça-feira";"15:00:00";"RJ";101;94;"CAMPOS DOS GOYTACAZES";"Defeito Mecânico no Veículo";"Incêndio";"Sem Vítimas";"Pleno dia";"Decrescente";"Céu Claro";"Dupla";"Reta";"Não";1;0;0;0;1;0;0;1;-21,86517883;-41,53963896;"SPRF-RJ";"DEL08-RJ";"UOP02-DEL08-RJ"
261372;2020-01-07;"terça-feira";"14:00:00";"MS";158;41,4;"PARANAIBA";"Falta de Atenção à Condução";"Saída de leito carroçável";"Com Vítimas Feridas";"Pleno dia";"Decrescente";"Chuva";"Simples";"Reta";"Não";2;0;2;0;0;0;2;1;-19,30634077;-51,44426582;"SPRF-MS";"DEL08-MS";"UOP01-DEL08-MS"
261373;2020-01-07;"terça-feira";"15:20:00";"SC";101;210;"SAO JOSE";"Não guardar distância de segurança";"Colisão lateral";"Com Vítimas Feridas";"Pleno dia";"Decrescente";"Céu Claro";"Múltipla";"Reta";"Sim";2;0;0;1;1;0;1;2;-27,6167305;-48,6457265;"SPRF-SC";"DEL01-SC";"UOP01-DEL01-SC"
261374;2020-01-07;"terça-feira";"15:40:00";"PR";376;658;"TIJUCAS DO SUL";"Pista Escorregadia";"Queda de ocupante de veículo";"Com Vítimas Feridas";"Pleno dia";"Decrescente";"Garoa/Chuvisco";"Dupla";"Aclive";"Não";2;0;1;0;1;0;1;2;-25,85300602;-49,02166198;"SPRF-PR";"DEL01-PR";"UOP04-DEL01-PR"
261378;2020-01-07;"terça-feira";"16:26:00";"GO";153;598,3;"MORRINHOS";"Condutor Dormindo";"Saída de leito carroçável";"Com Vítimas Feridas";"Pleno dia";"Crescente";"Chuva";"Dupla";"Reta";"Não";4;0;1;0;3;0;1;1;-17,5354;-49,2128;"SPRF-GO";"DEL03-GO";"UOP01-DEL03-GO"
261379;2020-01-07;"terça-feira";"14:20:00";"RO";364;381,1;"OURO PRETO DO OESTE";"Não guardar distância de segurança";"Saída de leito carroçável";"Com Vítimas Feridas";"Pleno dia";"Decrescente";"Sol";"Simples";"Curva";"Não";1;0;1;0;0;0;1;1;-10,73029115;-62,22943647;"SPRF-RO";"DEL02-RO";"UOP01-DEL02-RO"
261380;2020-01-07;"terça-feira";"16:20:00";"PR";376;652;"TIJUCAS DO SUL";"Velocidade Incompatível";"Capotamento";"Com Vítimas Feridas";"Pleno dia";"Crescente";"Chuva";"Dupla";"Curva";"Não";2;0;1;0;1;0;1;1;-25,8461583;-49,068884;"SPRF-PR";"DEL01-PR";"UOP04-DEL01-PR"
261382;2020-01-07;"terça-feira";"15:00:00";"GO";60;181,7;"ABADIA DE GOIAS";"Velocidade Incompatível";"Saída de leito carroçável";"Com Vítimas Feridas";"Pleno dia";"Decrescente";"Chuva";"Dupla";"Curva;Declive";"Não";2;0;2;0;0;0;2;1;-16,7709;-49,4844;"SPRF-GO";"DEL01-GO";"UOP02-DEL01-GO"
261385;2020-01-07;"terça-feira";"13:20:00";"BA";330;860,3;"BARRA DO ROCHA";"Falta de Atenção à Condução";"Colisão frontal";"Com Vítimas Feridas";"Pleno dia";"Crescente";"Céu Claro";"Simples";"Reta";"Não";2;0;1;0;1;0;1;2;-14,21016824;-39,5784928;"SPRF-BA";"DEL05-BA";"UOP01-DEL05-BA"
261386;2020-01-07;"terça-feira";"15:30:00";"SC";280;57,9;"GUARAMIRIM";"Falta de Atenção à Condução";"Colisão transversal";"Com Vítimas Feridas";"Pleno dia";"Decrescente";"Céu Claro";"Simples";"Reta";"Sim";3;0;1;0;2;0;1;2;-26,47433775;-49,02116776;"SPRF-SC";"DEL03-SC";"UOP03-DEL03-SC"
261388;2020-01-07;"terça-feira";"08:30:00";"SC";280;28;"ARAQUARI";"Falta de Atenção à Condução";"Colisão transversal";"Com Vítimas Feridas";"Pleno dia";"Crescente";"Céu Claro";"Simples";"Reta";"Não";2;0;1;0;1;0;1;2;-26,40450077;-48,74561031;"SPRF-SC";"DEL03-SC";"UOP03-DEL03-SC"
261390;2020-01-07;"terça-feira";"15:30:00";"MG";262;38,9;"MANHUACU";"Ultrapassagem Indevida";"Colisão transversal";"Com Vítimas Feridas";"Pleno dia";"Decrescente";"Nublado";"Simples";"Reta";"Não";2;0;1;0;1;0;1;2;-20,26305859;-42,03684948;"SPRF-MG";"DEL06-MG";"UOP03-DEL06-MG"
261392;2020-01-07;"terça-feira";"17:00:00";"CE";304;53,2;"ARACATI";"Falta de Atenção à Condução";"Colisão lateral";"Com Vítimas Feridas";"Pleno dia";"Decrescente";"Céu Claro";"Simples";"Interseção de Vias";"Não";3;0;1;0;2;0;1;2;-4,57402355;-37,73636121;"SPRF-CE";"DEL03-CE";"UOP03-DEL03-CE"
261393;2020-01-07;"terça-feira";"16:20:00";"PI";316;32;"DEMERVAL LOBAO";"Ingestão de Álcool";"Saída de leito carroçável";"Com Vítimas Feridas";"Pleno dia";"Decrescente";"Céu Claro";"Simples";"Reta";"Sim";2;0;1;0;1;0;1;1;-5,34217984;-42,68627493;"SPRF-PI";"DEL01-PI";"UOP02-DEL01-PI"
261395;2020-01-07;"terça-feira";"18:25:00";"SP";116;387,9;"MIRACATU";"Falta de Atenção à Condução";"Colisão traseira";"Com Vítimas Feridas";"Pleno dia";"Decrescente";"Nublado";"Dupla";"Reta";"Sim";2;0;0;1;1;0;1;2;-24,26558971;-47,38858809;"SPRF-SP";"DEL04-SP";"UOP02-DEL04-SP"
261396;2020-01-07;"terça-feira";"18:40:00";"PE";101;42,7;"IGARASSU";"Agressão Externa";"Saída de leito carroçável";"Com Vítimas Feridas";"Plena Noite";"Decrescente";"Céu Claro";"Múltipla";"Reta";"Sim";4;0;4;0;0;0;4;1;-7,83887431;-34,91196739;"SPRF-PE";"DEL01-PE";"UOP02-DEL01-PE"
261397;2020-01-07;"terça-feira";"16:55:00";"PR";376;474,8;"PONTA GROSSA";"Velocidade Incompatível";"Saída de leito carroçável";"Com Vítimas Feridas";"Pleno dia";"Decrescente";"Garoa/Chuvisco";"Dupla";"Curva";"Não";2;0;0;1;1;0;1;1;-25,04786596;-50,23557994;"SPRF-PR";"DEL03-PR";"UOP01-DEL03-PR"
261399;2020-01-07;"terça-feira";"19:20:00";"PB";230;7,5;"CABEDELO";"Falta de Atenção à Condução";"Colisão lateral";"Com Vítimas Feridas";"Plena Noite";"Crescente";"Céu Claro";"Múltipla";"Reta;Em Obras";"Sim";2;0;1;0;0;1;1;2;-7,026;-34,8385;"SPRF-PB";"DEL01-PB";"UOP01-DEL01-PB"
261401;2020-01-07;"terça-feira";"20:00:00";"RJ";116;271;"BARRA MANSA";"Defeito Mecânico no Veículo";"Incêndio";"Sem Vítimas";"Plena Noite";"Decrescente";"Nublado";"Simples";"Curva";"Sim";1;0;0;0;1;0;0;1;-22,560883;-44,12224;"SPRF-RJ";"DEL07-RJ";"UOP02-DEL07-RJ"
261402;2020-01-07;"terça-feira";"19:05:00";"RN";304;47,9;"MOSSORO";"Desobediência às normas de trânsito pelo condutor";"Colisão transversal";"Com Vítimas Feridas";"Plena Noite";"Decrescente";"Céu Claro";"Dupla";"Reta";"Sim";3;0;1;0;1;1;1;3;-5,22827243;-37,32201576;"SPRF-RN";"DEL04-RN";"UOP01-DEL04-RN"
261404;2020-01-07;"terça-feira";"19:10:00";"PR";376;652;"TIJUCAS DO SUL";"Velocidade Incompatível";"Capotamento";"Com Vítimas Feridas";"Anoitecer";"Crescente";"Chuva";"Dupla";"Declive;Curva";"Não";1;0;1;0;0;0;1;1;-25,84238484;-49,05760288;"SPRF-PR";"DEL01-PR";"UOP04-DEL01-PR"
261407;2020-01-07;"terça-feira";"22:35:00";"RN";406;125;"POCO BRANCO";"Animais na Pista";"Atropelamento de Animal";"Com Vítimas Feridas";"Plena Noite";"Crescente";"Céu Claro";"Simples";"Reta";"Não";1;0;1;0;0;0;1;1;-5,59707991;-35,62449997;"SPRF-RN";"DEL02-RN";"UOP01-DEL02-RN"
261408;2020-01-07;"terça-feira";"23:40:00";"RN";406;110,8;"POCO BRANCO";"Animais na Pista";"Capotamento";"Com Vítimas Feridas";"Plena Noite";"Decrescente";"Nublado";"Simples";"Reta";"Não";4;0;1;0;3;0;1;1;-5,55679765;-35,75381389;"SPRF-RN";"DEL02-RN";"UOP01-DEL02-RN"
261409;2020-01-08;"quarta-feira";"00:15:00";"TO";153;334,2;"GUARAI";"Falta de Atenção à Condução";"Atropelamento de Pedestre";"Com Vítimas Feridas";"Plena Noite";"Crescente";"Nublado";"Simples";"Reta";"Sim";2;0;1;0;1;0;1;2;-8,837718;-48,51170897;"SPRF-TO";"DEL02-TO";"UOP02-DEL02-TO"
261411;2020-01-07;"terça-feira";"20:20:00";"MG";262;501,3;"LUZ";"Ultrapassagem Indevida";"Colisão frontal";"Com Vítimas Feridas";"Plena Noite";"Decrescente";"Céu Claro";"Simples";"Ponte";"Não";8;0;2;6;0;0;8;2;-19,78308703;-45,446426;"SPRF-MG";"DEL08-MG";"UOP03-DEL08-MG"
261412;2020-01-07;"terça-feira";"23:40:00";"RS";290;89;"PORTO ALEGRE";"Falta de Atenção à Condução";"Saída de leito carroçável";"Com Vítimas Feridas";"Pleno dia";"Decrescente";"Céu Claro";"Simples";"Reta";"Sim";1;0;0;1;0;0;1;1;-29,967892;-51,147331;"SPRF-RS";"DEL01-RS";"UOP01-DEL01-RS"
261414;2020-01-07;"terça-feira";"23:47:00";"SC";101;162;"TIJUCAS";"Desobediência às normas de trânsito pelo condutor";"Colisão traseira";"Sem Vítimas";"Plena Noite";"Decrescente";"Nublado";"Simples";"Reta";"Sim";2;0;0;0;2;0;0;2;-27,22554009;-48,6279367;"SPRF-SC";"DEL04-SC";"UOP03-DEL04-SC"
261419;2020-01-07;"terça-feira";"10:15:00";"RS";158;334;"SANTA MARIA";"Falta de Atenção à Condução";"Colisão transversal";"Com Vítimas Feridas";"Pleno dia";"Crescente";"Céu Claro";"Simples";"Reta";"Não";2;0;1;0;1;0;1;2;-29,70751182;-53,87442198;"SPRF-RS";"DEL09-RS";"UOP01-DEL09-RS"
261421;2020-01-08;"quarta-feira";"03:50:00";"BA";324;605,3;"SIMOES FILHO";"Animais na Pista";"Atropelamento de Animal";"Sem Vítimas";"Plena Noite";"Decrescente";"Céu Claro";"Dupla";"Reta";"Sim";4;0;0;0;4;0;0;1;-12,78605114;-38,40972508;"SPRF-BA";"DEL01-BA";"UOP01-DEL01-BA"
261422;2020-01-08;"quarta-feira";"03:20:00";"BA";116;780;"PLANALTO";"Condutor Dormindo";"Saída de leito carroçável";"Com Vítimas Fatais";"Plena Noite";"Decrescente";"Nublado";"Simples";"Reta";"Não";2;1;1;0;0;0;1;1;-14,67661;-40,50423;"SPRF-BA";"DEL08-BA";"UOP02-DEL08-BA"
261423;2020-01-07;"terça-feira";"14:15:00";"SC";101;381;"ICARA";"Pista Escorregadia";"Colisão com objeto estático";"Com Vítimas Feridas";"Pleno dia";"Decrescente";"Chuva";"Múltipla";"Aclive";"Sim";2;0;2;0;0;0;2;1;-28,75478409;-49,27732095;"SPRF-SC";"DEL02-SC";"UOP02-DEL02-SC"
261424;2020-01-08;"quarta-feira";"04:45:00";"RS";290;49;"GLORINHA";"Falta de Atenção à Condução";"Saída de leito carroçável";"Com Vítimas Feridas";"Plena Noite";"Crescente";"Céu Claro";"Múltipla";"Reta";"Não";1;0;1;0;0;0;1;1;-29,902617;-50,748444;"SPRF-RS";"DEL03-RS";"UOP01-DEL03-RS"
261425;2020-01-07;"terça-feira";"20:40:00";"BA";101;695,5;"EUNAPOLIS";"Falta de Atenção do Pedestre";"Atropelamento de Pedestre";"Com Vítimas Fatais";"Plena Noite";"Crescente";"Céu Claro";"Simples";"Curva";"Não";3;1;0;0;2;0;0;2;-16,24862727;-39,59953308;"SPRF-BA";"DEL09-BA";"UOP01-DEL09-BA"
261426;2020-01-07;"terça-feira";"16:00:00";"RS";158;327;"SANTA MARIA";"Falta de Atenção à Condução";"Colisão transversal";"Com Vítimas Feridas";"Pleno dia";"Decrescente";"Céu Claro";"Simples";"Interseção de Vias";"Sim";2;0;1;0;1;0;1;2;-29,714945;-53,81083;"SPRF-RS";"DEL09-RS";"UOP01-DEL09-RS"
261428;2020-01-08;"quarta-feira";"01:20:00";"PR";116;113,9;"CURITIBA";"Defeito Mecânico no Veículo";"Saída de leito carroçável";"Com Vítimas Feridas";"Plena Noite";"Crescente";"Céu Claro";"Dupla";"Reta";"Não";1;0;1;0;0;0;1;1;-25,5472868;-49,28932613;"SPRF-PR";"DEL01-PR";"UOP06-DEL01-PR"
261429;2020-01-07;"terça-feira";"20:30:00";"RS";116;115,9;"SAO MARCOS";"Desobediência às normas de trânsito pelo condutor";"Colisão lateral";"Com Vítimas Feridas";"Plena Noite";"Crescente";"Céu Claro";"Simples";"Reta";"Sim";2;0;1;0;1;0;1;2;-28,9712;-51,072197;"SPRF-RS";"DEL05-RS";"UOP01-DEL05-RS"