"id";"data_inversa";"dia_semana";"horario";"uf";"br";"km";"municipio";"causa_acidente";"tipo_acidente";"classificacao_acidente";"fase_dia";"sentido_via";"condicao_metereologica";"tipo_pista";"tracado_via";"uso_solo";"pessoas";"mortos";"feridos_leves";"feridos_graves";"ilesos";"ignorados";"feridos";"veiculos";"latitude";"longitude";"regional";"delegacia";"uop"
261430;2020-01-08;"quarta-feira";"05:10:00";"RS";290;60;"GRAVATAI";"Condutor Dormindo";"Saída de leito carroçável";"Com Vítimas Feridas";"Plena Noite";"Crescente";"Céu Claro";"Dupla";"Curva";"Não";2;0;2;0;0;0;2;1;-29,924509;-50,858528;"SPRF-RS";"DEL03-RS";"UOP01-DEL03-RS"
261431;2020-01-07;"terça-feira";"18:25:00";"SP";116;227,7;"SAO PAULO";"Falta de Atenção à Condução";"Colisão lateral";"Sem Vítimas";"Anoitecer";"Decrescente";"Céu Claro";"Múltipla";"Reta";"Sim";2;0;0;0;2;0;0;2;-23,49659264;-46,55648754;"SPRF-SP";"DEL01-SP";"UOP01-DEL01-SP"
261432;2020-01-08;"quarta-feira";"05:40:00";"ES";259;50;"COLATINA";"Falta de Atenção à Condução";"Queda de ocupante de veículo";"Sem Vítimas";"Amanhecer";"Crescente";"Céu Claro";"Simples";"Reta";"Sim";1;0;0;0;0;1;0;1;-19,510103;-40,60615;"SPRF-ES";"DEL02-ES";"UOP01-DEL02-ES"
261434;2020-01-08;"quarta-feira";"03:00:00";"TO";153;550;"NOVA ROSALANDIA";"Ingestão de Álcool";"Colisão traseira";"Com Vítimas Feridas";"Plena Noite";"Crescente";"Nublado";"Simples";"Reta";"Não";4;0;1;2;0;1;3;2;-10,6540262;-48,90913103;"SPRF-TO";"DEL02-TO";"UOP01-DEL01-TO"
261436;2020-01-07;"terça-feira";"22:50:00";"GO";60;383;"RIO VERDE";"Falta de Atenção à Condução";"Colisão com objeto em movimento";"Com Vítimas Feridas";"Plena Noite";"Crescente";"Céu Claro";"Dupla";"Reta";"Sim";2;0;2;0;0;0;2;2;-17,7845;-50,9002;"SPRF-GO";"DEL04-GO";"UOP01-DEL04-GO"
261439;2020-01-08;"quarta-feira";"06:30:00";"SP";116;272,8;"TABOAO DA SERRA";"Falta de Atenção à Condução";"Colisão lateral";"Com Vítimas Feridas";"Pleno dia";"Crescente";"Sol";"Simples";"Declive;Retorno Regulamentado;Viaduto;Curva";"Sim";2;0;1;0;1;0;1;2;-23,61470753;-46,78801602;"SPRF-SP";"DEL04-SP";"UOP01-DEL04-SP"
261440;2020-01-08;"quarta-feira";"06:45:00";"SC";101;233,2;"PALHOCA";"Falta de Atenção à Condução";"Colisão traseira";"Com Vítimas Feridas";"Pleno dia";"Crescente";"Chuva";"Dupla";"Declive";"Sim";3;0;1;0;2;0;1;2;-27,80376397;-48,63826211;"SPRF-SC";"DEL01-SC";"UOP02-DEL01-SC"
261442;2020-01-08;"quarta-feira";"02:30:00";"MG";40;559;"NOVA LIMA";"Falta de Atenção à Condução";"Capotamento";"Com Vítimas Feridas";"Plena Noite";"Crescente";"Chuva";"Dupla";"Reta";"Sim";2;0;1;0;0;1;1;2;-20,11861708;-43,96783926;"SPRF-MG";"DEL01-MG";"UOP02-DEL01-MG"
261443;2020-01-08;"quarta-feira";"02:50:00";"PR";277;126;"BALSA NOVA";"Ingestão de Álcool";"Saída de leito carroçável";"Com Vítimas Feridas";"Plena Noite";"Decrescente";"Garoa/Chuvisco";"Dupla";"Declive;Reta";"Não";2;0;1;0;1;0;1;1;-25,47048343;-49,61279869;"SPRF-PR";"DEL01-PR";"UOP06-DEL01-PR"
261444;2020-01-07;"terça-feira";"21:05:00";"RS";471;673;"SANTA VITORIA DO PALMAR";"Falta de Atenção à Condução";"Colisão traseira";"Com Vítimas Fatais";"Plena Noite";"Decrescente";"Céu Claro";"Simples";"Reta";"Sim";2;1;0;0;1;0;0;2;-33,26165677;-53,07529449;"SPRF-RS";"DEL07-RS";"UOP04-DEL07-RS"
261446;2020-01-07;"terça-feira";"16:30:00";"RJ";101;592;"PARATY";"Não guardar distância de segurança";"Colisão traseira";"Com Vítimas Feridas";"Pleno dia";"Decrescente";"Céu Claro";"Simples";"Reta";"Sim";2;0;1;0;1;0;1;2;-23,31817395;-44,72195503;"SPRF-RJ";"DEL03-RJ";"UOP04-DEL03-RJ"
261447;2020-01-07;"terça-feira";"15:50:00";"GO";452;41,8;"SANTA HELENA DE GOIAS";"Desobediência às normas de trânsito pelo condutor";"Colisão transversal";"Com Vítimas Feridas";"Pleno dia";"Crescente";"Céu Claro";"Simples";"Reta";"Não";2;0;1;0;1;0;1;2;-17,93128483;-50,5500735;"SPRF-GO";"DEL04-GO";"UOP01-DEL04-GO"
261448;2020-01-07;"terça-feira";"16:53:00";"PR";277;199,1;"PALMEIRA";"Velocidade Incompatível";"Saída de leito carroçável";"Com Vítimas Feridas";"Pleno dia";"Crescente";"Chuva";"Simples";"Curva";"Não";4;0;1;1;2;0;2;2;-25,4498143;-50,19419485;"SPRF-PR";"DEL03-PR";"UOP02-DEL08-PR"
261449;2020-01-07;"terça-feira";"22:50:00";"GO";452;44;"SANTA HELENA DE GOIAS";"Falta de Atenção à Condução";"Saída de leito carroçável";"Com Vítimas Feridas";"Plena Noite";"Crescente";"Céu Claro";"Simples";"Reta";"Não";2;0;2;0;0;0;2;1;-17,94149766;-50,52585886;"SPRF-GO";"DEL04-GO";"UOP01-DEL04-GO"
261450;2020-01-08;"quarta-feira";"07:25:00";"GO";40;4,9;"VALPARAISO DE GOIAS";"Falta de Atenção à Condução";"Colisão lateral";"Com Vítimas Feridas";"Pleno dia";"Decrescente";"Céu Claro";"Dupla";"Reta";"Sim";2;0;1;0;1;0;1;2;-16,085241;-47,986752;"SPRF-DF";"DEL01-DF";"UOP01-DEL01-DF"
261451;2020-01-08;"quarta-feira";"07:30:00";"PB";230;19;"JOAO PESSOA";"Objeto estático sobre o leito carroçável";"Colisão com objeto estático";"Com Vítimas Feridas";"Pleno dia";"Decrescente";"Céu Claro";"Dupla";"Reta";"Não";2;0;2;0;0;0;2;1;-7,1281;-34,8466;"SPRF-PB";"DEL01-PB";"UOP01-DEL01-PB"
261452;2020-01-08;"quarta-feira";"02:40:00";"BA";101;398;"IBIRAPITANGA";"Agressão Externa";"Saída de leito carroçável";"Sem Vítimas";"Plena Noite";"Decrescente";"Céu Claro";"Simples";"Curva";"Não";1;0;0;0;1;0;0;1;-14,07899378;-39,38422488;"SPRF-BA";"DEL05-BA";"UOP03-DEL05-BA"
261454;2020-01-08;"quarta-feira";"08:00:00";"SC";101;214;"PALHOCA";"Falta de Atenção à Condução";"Colisão lateral";"Com Vítimas Feridas";"Pleno dia";"Decrescente";"Nublado";"Dupla";"Reta";"Sim";3;0;2;0;1;0;2;2;-27,64443;-48,67057;"SPRF-SC";"DEL01-SC";"UOP02-DEL01-SC"
261455;2020-01-08;"quarta-feira";"07:45:00";"SP";153;61,8;"SAO JOSE DO RIO PRETO";"Não guardar distância de segurança";"Colisão traseira";"Com Vítimas Feridas";"Pleno dia";"Crescente";"Sol";"Dupla";"Declive";"Sim";4;0;1;2;1;0;3;3;-20,80502876;-49,35574909;"SPRF-SP";"DEL09-SP";"UOP01-DEL09-SP"
261457;2020-01-08;"quarta-feira";"07:00:00";"RS";158;565,5;"SANTANA DO LIVRAMENTO";"Falta de Atenção à Condução";"Colisão lateral";"Sem Vítimas";"Pleno dia";"Decrescente";"Céu Claro";"Simples";"Interseção de Vias";"Sim";2;0;0;0;2;0;0;2;-30,868536;-55,50789;"SPRF-RS";"DEL11-RS";"UOP01-DEL11-RS"
261458;2020-01-08;"quarta-feira";"07:15:00";"MS";463;1,8;"DOURADOS";"Ingestão de Álcool";"Colisão traseira";"Com Vítimas Feridas";"Pleno dia";"Crescente";"Sol";"Simples";"Reta";"Sim";7;0;1;0;6;0;1;2;-22,259064;-54,8137;"SPRF-MS";"DEL04-MS";"UOP01-DEL04-MS"
261459;2020-01-08;"quarta-feira";"08:00:00";"PE";104;66,8;"CARUARU";"Não guardar distância de segurança";"Colisão traseira";"Com Vítimas Feridas";"Pleno dia";"Crescente";"Céu Claro";"Dupla";"Reta";"Sim";2;0;1;0;1;0;1;2;-8,29384148;-35,98637223;"SPRF-PE";"DEL02-PE";"UOP01-DEL02-PE"
261460;2020-01-08;"quarta-feira";"06:40:00";"SC";282;33,1;"AGUAS MORNAS";"Velocidade Incompatível";"Saída de leito carroçável";"Com Vítimas Feridas";"Pleno dia";"Decrescente";"Chuva";"Simples";"Curva";"Não";2;0;1;0;1;0;1;1;-27,70561581;-48,80999207;"SPRF-SC";"DEL01-SC";"UOP03-DEL01-SC"
261461;2020-01-08;"quarta-feira";"08:00:00";"RS";293;2;"PELOTAS";"Falta de Atenção à Condução";"Colisão transversal";"Com Vítimas Feridas";"Pleno dia";"Crescente";"Céu Claro";"Simples";"Reta";"Sim";2;0;1;0;1;0;1;2;-31,750426;-52,35999499;"SPRF-RS";"DEL07-RS";"UOP01-DEL07-RS"
261463;2020-01-08;"quarta-feira";"08:30:00";"ES";262;1,5;"CARIACICA";"Desobediência às normas de trânsito pelo condutor";"Colisão lateral";"Com Vítimas Feridas";"Pleno dia";"Decrescente";"Sol";"Dupla";"Reta";"Sim";3;0;2;0;0;1;2;2;-20,32955204;-40,35492602;"SPRF-ES";"DEL01-ES";"UOP01-DEL01-ES"
261464;2020-01-08;"quarta-feira";"08:05:00";"SC";101;131;"CAMBORIU";"Desobediência às normas de trânsito pelo condutor";"Colisão lateral";"Sem Vítimas";"Pleno dia";"Crescente";"Sol";"Simples";"Interseção de Vias";"Não";3;0;0;0;3;0;0;3;-27,0157238;-48,61192763;"SPRF-SC";"DEL04-SC";"UOP03-DEL04-SC"
261465;2020-01-08;"quarta-feira";"08:10:00";"SP";116;4;"GUARULHOS";"Não guardar distância de segurança";"Colisão traseira";"Com Vítimas Feridas";"Pleno dia";"Crescente";"Nublado";"Dupla";"Reta";"Sim";2;0;1;0;1;0;1;2;-23,463257;-46,53373;"SPRF-SP";"DEL01-SP";"UOP01-DEL01-SP"
261467;2020-01-05;"domingo";"16:10:00";"BA";101;735,4;"ITABELA";"Pista Escorregadia";"Tombamento";"Com Vítimas Feridas";"Pleno dia";"Decrescente";"Sol";"Simples";"Declive;Curva";"Não";1;0;0;1;0;0;1;1;-16,53221495;-39,56588745;"SPRF-BA";"DEL09-BA";"UOP01-DEL09-BA"
261470;2020-01-08;"quarta-feira";"08:45:00";"DF";70;19;"BRASILIA";"Velocidade Incompatível";"Colisão traseira";"Com Vítimas Feridas";"Pleno dia";"Crescente";"Céu Claro";"Dupla";"Declive";"Não";2;0;2;0;0;0;2;2;-15,78728023;-48,22824508;"SPRF-DF";"DEL01-DF";"UOP02-DEL03-DF"
261472;2020-01-08;"quarta-feira";"03:40:00";"MG";116;23;"CACHOEIRA DE PAJEU";"Falta de Atenção do Pedestre";"Atropelamento de Pedestre";"Com Vítimas Fatais";"Plena Noite";"Decrescente";"Céu Claro";"Simples";"Reta";"Não";2;1;0;0;1;0;0;2;-15,85763677;-41,41930126;"SPRF-BA";"DEL08-BA";"UOP03-DEL08-BA"
261473;2020-01-08;"quarta-feira";"08:00:00";"SC";101;136,1;"BALNEARIO CAMBORIU";"Desobediência às normas de trânsito pelo condutor";"Colisão transversal";"Com Vítimas Feridas";"Pleno dia";"Decrescente";"Nublado";"Dupla";"Reta";"Sim";5;0;1;2;1;1;3;3;-27,008113;-48,617245;"SPRF-SC";"DEL04-SC";"UOP03-DEL04-SC"
261474;2020-01-08;"quarta-feira";"09:00:00";"SP";116;18,3;"LAVRINHAS";"Avarias e/ou desgaste excessivo no pneu";"Tombamento";"Com Vítimas Feridas";"Pleno dia";"Crescente";"Nublado";"Dupla";"Reta";"Não";1;0;1;0;0;0;1;1;-22,5584158;-44,85667011;"SPRF-SP";"DEL08-SP";"UOP02-DEL08-SP"
261475;2020-01-08;"quarta-feira";"08:40:00";"SC";101;200,8;"SAO JOSE";"Desobediência às normas de trânsito pelo condutor";"Queda de ocupante de veículo";"Com Vítimas Feridas";"Pleno dia";"Crescente";"Nublado";"Dupla";"Reta";"Não";2;0;1;0;1;0;1;2;-27,54836599;-48,61977975;"SPRF-SC";"DEL01-SC";"UOP01-DEL01-SC"
261476;2020-01-08;"quarta-feira";"09:05:00";"SC";101;206,9;"SAO JOSE";"Desobediência às normas de trânsito pelo condutor";"Colisão transversal";"Com Vítimas Feridas";"Pleno dia";"Crescente";"Nublado";"Múltipla";"Viaduto;Interseção de Vias";"Sim";2;0;2;0;0;0;2;2;-27,59912476;-48,6220926;"SPRF-SC";"DEL01-SC";"UOP01-DEL01-SC"
261477;2020-01-08;"quarta-feira";"05:30:00";"GO";20;67;"FORMOSA";"Falta de Atenção à Condução";"Atropelamento de Animal";"Sem Vítimas";"Amanhecer";"Decrescente";"Céu Claro";"Simples";"Reta";"Não";3;0;0;0;3;0;0;1;-15,195777;-47,152126;"SPRF-DF";"DEL02-DF";"UOP01-DEL02-DF"
261478;2020-01-08;"quarta-feira";"09:15:00";"RS";392;67;"PELOTAS";"Desobediência às normas de trânsito pelo condutor";"Colisão transversal";"Sem Vítimas";"Pleno dia";"Crescente";"Sol";"Simples";"Interseção de Vias";"Sim";4;0;0;0;4;0;0;2;-31,75709532;-52,39980728;"SPRF-RS";"DEL07-RS";"UOP01-DEL07-RS"
261479;2020-01-08;"quarta-feira";"09:25:00";"MG";381;482,3;"BETIM";"Não guardar distância de segurança";"Queda de ocupante de veículo";"Com Vítimas Feridas";"Pleno dia";"Crescente";"Nublado";"Dupla";"Reta";"Sim";1;0;1;0;0;0;1;1;-19,955532;-44,097209;"SPRF-MG";"DEL01-MG";"UOP03-DEL01-MG"
261480;2020-01-08;"quarta-feira";"09:00:00";"RO";429;42;"PRESIDENTE MEDICI";"Desobediência às normas de trânsito pelo condutor";"Colisão traseira";"Com Vítimas Feridas";"Pleno dia";"Decrescente";"Céu Claro";"Simples";"Curva";"Não";2;0;0;1;1;0;1;2;-11,19945896;-61,910614;"SPRF-RO";"DEL02-RO";"UOP03-DEL02-RO"
261481;2020-01-08;"quarta-feira";"08:40:00";"RO";364;185,7;"PIMENTA BUENO";"Ingestão de Álcool";"Saída de leito carroçável";"Com Vítimas Feridas";"Pleno dia";"Decrescente";"Sol";"Simples";"Curva";"Não";2;0;0;1;0;1;1;2;-11,745548;-61,110068;"SPRF-RO";"DEL02-RO";"UOP02-DEL02-RO"
261482;2020-01-08;"quarta-feira";"09:00:00";"RO";319;63;"PORTO VELHO";"Desobediência às normas de trânsito pelo condutor";"Colisão transversal";"Com Vítimas Feridas";"Pleno dia";"Crescente";"Céu Claro";"Dupla";"Interseção de Vias;Reta";"Sim";3;0;1;0;2;0;1;2;-8,766685;-63,884052;"SPRF-RO";"DEL01-RO";"UOP01-DEL01-RO"
261483;2020-01-08;"quarta-feira";"10:30:00";"RS";101;35;"TRES CACHOEIRAS";"Falta de Atenção à Condução";"Colisão transversal";"Com Vítimas Feridas";"Pleno dia";"Decrescente";"Céu Claro";"Dupla";"Aclive";"Não";2;0;1;0;1;0;1;2;-29,51719812;-49,99124485;"SPRF-RS";"DEL03-RS";"UOP02-DEL03-RS"
261486;2020-01-08;"quarta-feira";"10:15:00";"PR";476;124;"CURITIBA";"Falta de Atenção à Condução";"Colisão lateral";"Com Vítimas Feridas";"Pleno dia";"Crescente";"Céu Claro";"Dupla";"Reta";"Sim";2;0;1;0;1;0;1;2;-25,39942818;-49,21574961;"SPRF-PR";"DEL01-PR";"UOP07-DEL01-PR"
261487;2020-01-08;"quarta-feira";"10:50:00";"ES";101;266;"SERRA";"Falta de Atenção à Condução";"Colisão traseira";"Com Vítimas Feridas";"Pleno dia";"Decrescente";"Céu Claro";"Múltipla";"Reta";"Sim";2;0;1;0;1;0;1;2;-20,190199;-40,26828891;"SPRF-ES";"DEL02-ES";"UOP01-DEL02-ES"
261488;2020-01-02;"quinta-feira";"13:50:00";"SP";116;86,3;"PINDAMONHANGABA";"Não guardar distância de segurança";"Colisão traseira";"Com Vítimas Feridas";"Pleno dia";"Crescente";"Nublado";"Múltipla";"Reta";"Não";3;0;1;0;2;0;1;2;-22,92639476;-45,35307511;"SPRF-SP";"DEL06-SP";"UOP01-DEL06-SP"
261489;2020-01-08;"quarta-feira";"10:50:00";"SC";101;208,5;"SAO JOSE";"Não guardar distância de segurança";"Colisão lateral";"Com Vítimas Feridas";"Pleno dia";"Decrescente";"Nublado";"Múltipla";"Reta";"Não";2;0;1;0;1;0;1;2;-27,60327979;-48,63201818;"SPRF-SC";"DEL01-SC";"UOP01-DEL01-SC"
261490;2020-01-08;"quarta-feira";"11:10:00";"SP";101;50;"UBATUBA";"Falta de Atenção à Condução";"Colisão traseira";"Com Vítimas Feridas";"Pleno dia";"Crescente";"Céu Claro";"Simples";"Reta";"Sim";2;0;1;0;1;0;1;2;-23,45108139;-45,07673264;"SPRF-SP";"DEL06-SP";"UOP01-DEL06-SP"
261491;2020-01-08;"quarta-feira";"10:45:00";"GO";153;461,2;"GOIANAPOLIS";"Avarias e/ou desgaste excessivo no pneu";"Tombamento";"Com Vítimas Feridas";"Pleno dia";"Decrescente";"Céu Claro";"Dupla";"Reta";"Não";1;0;1;0;0;0;1;1;-16,449057;-49,027664;"SPRF-GO";"DEL01-GO";"UOP01-DEL01-GO"
261492;2020-01-08;"quarta-feira";"10:50:00";"RJ";116;167,4;"RIO DE JANEIRO";"Não guardar distância de segurança";"Colisão traseira";"Com Vítimas Feridas";"Pleno dia";"Decrescente";"Sol";"Múltipla";"Reta";"Sim";2;0;1;0;1;0;1;2;-22,81803977;-43,30787252;"SPRF-RJ";"DEL01-RJ";"UOP02-DEL01-RJ"
261493;2020-01-08;"quarta-feira";"04:30:00";"MT";0;0;"SANTO ANTONIO DO LEVERGER";"Falta de Atenção à Condução";"Colisão com objeto estático";"Sem Vítimas";"Plena Noite";"Não Informado";"Céu Claro";"Múltipla";"Reta";"Não";2;0;0;0;1;1;0;2;-15,70200126;-55,827522;"SPRF-MT";"DEL02-MT";"UOP02-DEL01-MT"
261494;2020-01-08;"quarta-feira";"11:50:00";"ES";262;105,9;"VENDA NOVA DO IMIGRANTE";"Desobediência às normas de trânsito pelo condutor";"Colisão transversal";"Com Vítimas Feridas";"Pleno dia";"Decrescente";"Sol";"Simples";"Reta;Interseção de Vias";"Sim";2;0;1;0;1;0;1;2;-20,32624656;-41,13598921;"SPRF-ES";"DEL01-ES";"UOP02-DEL01-ES"
261496;2020-01-08;"quarta-feira";"11:30:00";"SC";101;341;"TUBARAO";"Falta de Atenção à Condução";"Colisão traseira";"Com Vítimas Feridas";"Pleno dia";"Crescente";"Nublado";"Simples";"Reta";"Sim";2;0;1;0;1;0;1;2;-28,501444;-49,04690399;"SPRF-SC";"DEL02-SC";"UOP01-DEL02-SC"
261497;2020-01-08;"quarta-feira";"12:00:00";"MG";381;584;"CARMOPOLIS DE MINAS";"Falta de Atenção à Condução";"Colisão traseira";"Sem Vítimas";"Pleno dia";"Decrescente";"Chuva";"Dupla";"Curva";"Não";3;0;0;0;3;0;0;3;-20,52949002;-44,63874994;"SPRF-MG";"DEL04-MG";"UOP01-DEL04-MG"
261498;2020-01-08;"quarta-feira";"12:02:00";"GO";60;29,3;"ALEXANIA";"Avarias e/ou desgaste excessivo no pneu";"Saída de leito carroçável";"Com Vítimas Fatais";"Pleno dia";"Decrescente";"Chuva";"Dupla";"Declive;Curva";"Não";5;1;3;1;0;0;4;1;-16,0980826;-48,4790504;"SPRF-DF";"DEL01-DF";"UOP01-DEL03-DF"
261499;2020-01-08;"quarta-feira";"11:50:00";"RN";427;0,4;"CURRAIS NOVOS";"Condutor Dormindo";"Colisão frontal";"Com Vítimas Feridas";"Pleno dia";"Decrescente";"Céu Claro";"Simples";"Curva";"Não";4;0;0;2;2;0;2;3;-6,2612467;-36,518078;"SPRF-RN";"DEL03-RN";"UOP01-DEL03-RN"
261501;2020-01-08;"quarta-feira";"12:45:00";"PR";376;177;"MARINGA";"Falta de Atenção à Condução";"Colisão com objeto estático";"Com Vítimas Feridas";"Pleno dia";"Decrescente";"Céu Claro";"Dupla";"Retorno Regulamentado";"Sim";4;0;1;1;1;1;2;3;-23,41595855;-51,92226484;"SPRF-PR";"DEL07-PR";"UOP01-DEL09-PR"
261502;2020-01-08;"quarta-feira";"12:30:00";"RN";101;146,9;"GOIANINHA";"Falta de Atenção à Condução";"Colisão frontal";"Com Vítimas Feridas";"Pleno dia";"Decrescente";"Céu Claro";"Dupla";"Reta";"Sim";2;0;1;0;1;0;1;2;-6,26436607;-35,21052903;"SPRF-RN";"DEL01-RN";"UOP01-DEL01-RN"
261503;2020-01-08;"quarta-feira";"13:00:00";"PI";343;188;"PIRIPIRI";"Falta de Atenção à Condução";"Colisão lateral";"Com Vítimas Feridas";"Pleno dia";"Decrescente";"Céu Claro";"Simples";"Curva";"Sim";2;0;1;0;1;0;1;2;-4,30723;-41,770481;"SPRF-PI";"DEL02-PI";"UOP01-DEL02-PI"
261504;2020-01-08;"quarta-feira";"13:15:00";"SC";101;138;"BALNEARIO CAMBORIU";"Não guardar distância de segurança";"Colisão lateral";"Com Vítimas Feridas";"Pleno dia";"Decrescente";"Céu Claro";"Dupla";"Reta";"Sim";2;0;1;0;1;0;1;2;-27,02397426;-48,60761649;"SPRF-SC";"DEL04-SC";"UOP03-DEL04-SC"
261505;2020-01-08;"quarta-feira";"13:15:00";"PI";343;84;"CAXINGO";"Velocidade Incompatível";"Saída de leito carroçável";"Com Vítimas Feridas";"Pleno dia";"Decrescente";"Nublado";"Simples";"Curva";"Não";4;0;3;0;1;0;3;1;-3,451051;-41,745277;"SPRF-PI";"DEL05-PI";"UOP01-DEL05-PI"
261508;2020-01-08;"quarta-feira";"13:05:00";"DF";20;54;"BRASILIA";"Fenômenos da Natureza";"Saída de leito carroçável";"Com Vítimas Feridas";"Pleno dia";"Crescente";"Chuva";"Dupla";"Reta";"Não";1;0;1;0;0;0;1;1;-15,578154;-47,384861;"SPRF-DF";"DEL02-DF";"UOP01-DEL02-DF"
261510;2020-01-08;"quarta-feira";"11:40:00";"RR";174;546;"BOA VISTA";"Defeito Mecânico no Veículo";"Incêndio";"Sem Vítimas";"Pleno dia";"Decrescente";"Céu Claro";"Simples";"Reta";"Não";2;0;0;0;2;0;0;1;3,140153;-60,832764;"SPRF-RR";"DEL01-RR";"UOP01-DEL01-RR"
261511;2020-01-08;"quarta-feira";"06:40:00";"MA";222;262,6;"ARARI";"Falta de Atenção à Condução";"Colisão lateral";"Com Vítimas Feridas";"Amanhecer";"Crescente";"Nublado";"Simples";"Reta";"Não";3;0;0;2;0;1;2;2;-3,57371589;-44,58787511;"SPRF-MA";"DEL01-MA";"UOP02-DEL01-MA"
261512;2020-01-08;"quarta-feira";"12:40:00";"CE";222;2;"FORTALEZA";"Não guardar distância de segurança";"Queda de ocupante de veículo";"Com Vítimas Feridas";"Pleno dia";"Decrescente";"Céu Claro";"Múltipla";"Reta";"Sim";2;0;1;0;1;0;1;2;-3,73911117;-38,58687498;"SPRF-CE";"DEL01-CE";"UOP01-DEL01-CE"
261513;2020-01-08;"quarta-feira";"11:10:00";"RS";116;150;"CAXIAS DO SUL";"Desobediência às normas de trânsito pelo pedestre";"Atropelamento de Pedestre";"Com Vítimas Feridas";"Pleno dia";"Decrescente";"Sol";"Dupla";"Reta";"Sim";2;0;2;0;0;0;2;2;-29,16875387;-51,15844846;"SPRF-RS";"DEL05-RS";"UOP01-DEL05-RS"
261516;2020-01-08;"quarta-feira";"10:20:00";"MG";262;585,1;"CAMPOS ALTOS";"Pista Escorregadia";"Saída de leito carroçável";"Sem Vítimas";"Pleno dia";"Decrescente";"Chuva";"Simples";"Reta";"Não";1;0;0;0;1;0;0;1;-19,66222642;-46,09134164;"SPRF-MG";"DEL08-MG";"UOP02-DEL08-MG"
261517;2020-01-08;"quarta-feira";"14:15:00";"RJ";40;22;"TRES RIOS";"Defeito Mecânico no Veículo";"Colisão transversal";"Sem Vítimas";"Pleno dia";"Decrescente";"Chuva";"Simples";"Reta";"Não";2;0;0;0;1;1;0;2;-22,12231958;-43,1564641;"SPRF-RJ";"DEL06-RJ";"UOP02-DEL05-RJ"
261518;2020-01-08;"quarta-feira";"14:00:00";"SE";101;151;"ESTANCIA";"Desobediência às normas de trânsito pelo condutor";"Colisão lateral";"Com Vítimas Feridas";"Pleno dia";"Crescente";"Sol";"Simples";"Reta";"Sim";3;0;2;0;1;0;2;2;-11,26151;-37,441227;"SPRF-SE";"DEL02-SE";"UOP01-DEL02-SE"
261519;2020-01-08;"quarta-feira";"14:30:00";"SP";101;50,1;"UBATUBA";"Falta de Atenção à Condução";"Colisão transversal";"Com Vítimas Feridas";"Pleno dia";"Crescente";"Chuva";"Simples";"Reta";"Sim";2;0;2;0;0;0;2;2;-23,45018939;-45,07743735;"SPRF-SP";"DEL06-SP";"UOP01-DEL06-SP"
261522;2020-01-08;"quarta-feira";"14:50:00";"RS";392;125;"CANGUCU";"Não guardar distância de segurança";"Colisão traseira";"Com Vítimas Feridas";"Pleno dia";"Crescente";"Sol";"Simples";"Reta";"Não";2;0;1;0;1;0;1;2;-31,36506;-52,72544;"SPRF-RS";"DEL07-RS";"UOP01-DEL07-RS"
261524;2020-01-08;"quarta-feira";"15:00:00";"SP";101;48,3;"UBATUBA";"Falta de Atenção à Condução";"Colisão transversal";"Com Vítimas Feridas";"Pleno dia";"Decrescente";"Céu Claro";"Simples";"Reta";"Sim";2;0;1;0;1;0;1;2;-23,4421046;-45,08578777;"SPRF-SP";"DEL06-SP";"UOP01-DEL06-SP"
261526;2020-01-08;"quarta-feira";"15:00:00";"PR";376;216,9;"JANDAIA DO SUL";"Falta de Atenção à Condução";"Colisão transversal";"Com Vítimas Feridas";"Pleno dia";"Decrescente";"Nublado";"Simples";"Declive;Interseção de Vias";"Não";3;0;1;0;1;1;1;3;-23,59767281;-51,63339596;"SPRF-PR";"DEL07-PR";"UOP03-DEL07-PR"
261528;2020-01-08;"quarta-feira";"15:35:00";"SC";280;27,9;"ARAQUARI";"Falta de Atenção à Condução";"Colisão transversal";"Com Vítimas Feridas";"Pleno dia";"Crescente";"Nublado";"Simples";"Reta";"Sim";2;0;1;0;1;0;1;2;-26,40401686;-48,74535084;"SPRF-SC";"DEL03-SC";"UOP03-DEL03-SC"
261529;2020-01-08;"quarta-feira";"14:12:00";"SC";101;263,9;"GAROPABA";"Falta de Atenção à Condução";"Saída de leito carroçável";"Com Vítimas Feridas";"Pleno dia";"Decrescente";"Nublado";"Dupla";"Reta";"Não";3;0;1;1;1;0;2;1;-28,0431009;-48,71350524;"SPRF-SC";"DEL02-SC";"UOP03-DEL02-SC"
261530;2020-01-08;"quarta-feira";"15:15:00";"RS";386;344,8;"LAJEADO";"Desobediência às normas de trânsito pelo condutor";"Colisão transversal";"Com Vítimas Feridas";"Pleno dia";"Decrescente";"Céu Claro";"Simples";"Interseção de Vias";"Sim";2;0;1;0;1;0;1;2;-29,439268;-51,993633;"SPRF-RS";"DEL04-RS";"UOP01-DEL04-RS"
261531;2020-01-08;"quarta-feira";"14:00:00";"MS";163;462;"CAMPO GRANDE";"Falta de Atenção à Condução";"Tombamento";"Com Vítimas Feridas";"Pleno dia";"Crescente";"Céu Claro";"Simples";"Reta";"Não";2;0;2;0;0;0;2;1;-20,62069293;-54,5742707;"SPRF-MS";"DEL01-MS";"UOP01-DEL01-MS"