"id";"data_inversa";"dia_semana";"horario";"uf";"br";"km";"municipio";"causa_acidente";"tipo_acidente";"classificacao_acidente";"fase_dia";"sentido_via";"condicao_metereologica";"tipo_pista";"tracado_via";"uso_solo";"pessoas";"mortos";"feridos_leves";"feridos_graves";"ilesos";"ignorados";"feridos";"veiculos";"latitude";"longitude";"regional";"delegacia";"uop"
261532;2020-01-08;"quarta-feira";"15:00:00";"MG";40;526;"CONTAGEM";"Falta de Atenção à Condução";"Colisão lateral";"Com Vítimas Feridas";"Pleno dia";"Crescente";"Céu Claro";"Simples";"Reta";"Sim";2;0;1;0;1;0;1;2;-19,89255399;-44,04985478;"SPRF-MG";"DEL01-MG";"UOP02-DEL01-MG"
261533;2020-01-08;"quarta-feira";"14:10:00";"MS";163;615,5;"SAO GABRIEL DO OESTE";"Falta de Atenção à Condução";"Colisão transversal";"Com Vítimas Feridas";"Pleno dia";"Crescente";"Nublado";"Simples";"Reta";"Sim";2;0;2;0;0;0;2;2;-19,39850778;-54,56579964;"SPRF-MS";"DEL06-MS";"UOP02-DEL06-MS"
261535;2020-01-08;"quarta-feira";"15:30:00";"MG";251;472,4;"FRANCISCO SA";"Velocidade Incompatível";"Saída de leito carroçável";"Com Vítimas Feridas";"Pleno dia";"Crescente";"Chuva";"Simples";"Declive;Curva";"Não";1;0;1;0;0;0;1;1;-16,4669101;-43,43947986;"SPRF-MG";"DEL12-MG";"UOP01-DEL12-MG"
261537;2020-01-08;"quarta-feira";"14:15:00";"MT";163;713;"SORRISO";"Pista Escorregadia";"Saída de leito carroçável";"Com Vítimas Feridas";"Pleno dia";"Crescente";"Chuva";"Simples";"Reta";"Não";2;0;1;0;1;0;1;1;-12,97937504;-55,8785939;"SPRF-MT";"DEL06-MT";"UOP01-DEL06-MT"
261538;2020-01-08;"quarta-feira";"15:30:00";"DF";60;2,3;"BRASILIA";"Desobediência às normas de trânsito pelo condutor";"Colisão traseira";"Com Vítimas Feridas";"Pleno dia";"Crescente";"Céu Claro";"Dupla";"Reta";"Sim";2;0;1;0;1;0;1;2;-15,887383;-48,077988;"SPRF-DF";"DEL01-DF";"UOP01-DEL03-DF"
261541;2020-01-08;"quarta-feira";"16:00:00";"PI";343;338,1;"TERESINA";"Desobediência às normas de trânsito pelo condutor";"Colisão lateral";"Com Vítimas Feridas";"Pleno dia";"Crescente";"Céu Claro";"Dupla";"Em Obras";"Sim";2;0;0;1;1;0;1;2;-5,063362;-42,722912;"SPRF-PI";"DEL01-PI";"UOP01-DEL01-PI"
261542;2020-01-08;"quarta-feira";"15:05:00";"RS";116;220;"DOIS IRMAOS";"Falta de Atenção à Condução";"Colisão lateral";"Com Vítimas Feridas";"Pleno dia";"Decrescente";"Céu Claro";"Simples";"Reta";"Não";3;0;1;0;2;0;1;2;-29,56492079;-51,09188829;"SPRF-RS";"DEL01-RS";"UOP02-DEL01-RS"
261543;2020-01-08;"quarta-feira";"16:35:00";"SP";116;42,9;"CACHOEIRA PAULISTA";"Avarias e/ou desgaste excessivo no pneu";"Tombamento";"Com Vítimas Feridas";"Pleno dia";"Crescente";"Chuva";"Dupla";"Reta";"Não";2;0;1;0;1;0;1;2;-22,69182132;-45,02240378;"SPRF-SP";"DEL08-SP";"UOP02-DEL08-SP"
261546;2020-01-08;"quarta-feira";"16:50:00";"MG";381;711,4;"CARMO DA CACHOEIRA";"Pista Escorregadia";"Capotamento";"Com Vítimas Feridas";"Pleno dia";"Decrescente";"Chuva";"Dupla";"Curva";"Não";2;0;1;1;0;0;2;1;-21,39313978;-45,19816009;"SPRF-MG";"DEL04-MG";"UOP02-DEL04-MG"
261547;2020-01-08;"quarta-feira";"17:00:00";"ES";101;296;"CARIACICA";"Desobediência às normas de trânsito pelo condutor";"Colisão lateral";"Com Vítimas Feridas";"Anoitecer";"Crescente";"Sol";"Múltipla";"Reta";"Sim";2;0;1;0;1;0;1;2;-20,34029997;-40,40405712;"SPRF-ES";"DEL01-ES";"UOP01-DEL01-ES"
261549;2020-01-08;"quarta-feira";"15:55:00";"MG";40;610,9;"CONGONHAS";"Pista Escorregadia";"Colisão com objeto estático";"Com Vítimas Feridas";"Pleno dia";"Crescente";"Chuva";"Simples";"Curva";"Sim";1;0;1;0;0;0;1;1;-20,5019758;-43,83840447;"SPRF-MG";"DEL05-MG";"UOP02-DEL05-MG"
261550;2020-01-08;"quarta-feira";"16:00:00";"MT";364;202,8;"RONDONOPOLIS";"Falta de Atenção à Condução";"Tombamento";"Com Vítimas Feridas";"Pleno dia";"Decrescente";"Chuva";"Dupla";"Viaduto";"Sim";2;0;2;0;0;0;2;1;-16,48347324;-54,64970354;"SPRF-MT";"DEL02-MT";"UOP01-DEL02-MT"
261552;2020-01-08;"quarta-feira";"17:10:00";"CE";116;320;"JAGUARIBE";"Desobediência às normas de trânsito pelo condutor";"Colisão lateral";"Sem Vítimas";"Pleno dia";"Crescente";"Nublado";"Simples";"Rotatória;Curva";"Não";6;0;0;0;6;0;0;2;-5,98931414;-38,62827301;"SPRF-CE";"DEL05-CE";"UOP02-DEL05-CE"
261557;2020-01-08;"quarta-feira";"18:10:00";"RS";116;521;"PELOTAS";"Desobediência às normas de trânsito pelo condutor";"Colisão transversal";"Sem Vítimas";"Pleno dia";"Crescente";"Céu Claro";"Dupla";"Interseção de Vias";"Sim";2;0;0;0;2;0;0;2;-31,70752405;-52,36800695;"SPRF-RS";"DEL07-RS";"UOP01-DEL07-RS"
261560;2020-01-08;"quarta-feira";"18:15:00";"SP";116;212;"GUARULHOS";"Falta de Atenção à Condução";"Saída de leito carroçável";"Com Vítimas Feridas";"Plena Noite";"Crescente";"Chuva";"Múltipla";"Reta";"Sim";1;0;1;0;0;0;1;1;-23,43608315;-46,42805094;"SPRF-SP";"DEL01-SP";"UOP01-DEL01-SP"
261561;2020-01-08;"quarta-feira";"18:30:00";"PE";101;85,9;"JABOATAO DOS GUARARAPES";"Animais na Pista";"Atropelamento de Animal";"Com Vítimas Feridas";"Plena Noite";"Crescente";"Céu Claro";"Dupla";"Reta";"Não";1;0;1;0;0;0;1;1;-8,18065563;-34,95965322;"SPRF-PE";"DEL01-PE";"UOP03-DEL01-PE"
261562;2020-01-08;"quarta-feira";"18:40:00";"RJ";101;310,1;"SAO GONCALO";"Pista Escorregadia";"Colisão lateral";"Com Vítimas Feridas";"Plena Noite";"Crescente";"Garoa/Chuvisco";"Dupla";"Reta";"Sim";2;0;1;0;1;0;1;2;-22,797513;-43,045152;"SPRF-RJ";"DEL02-RJ";"UOP02-DEL02-RJ"
261563;2020-01-08;"quarta-feira";"17:12:00";"PR";476;119;"COLOMBO";"Falta de Atenção à Condução";"Colisão traseira";"Sem Vítimas";"Pleno dia";"Crescente";"Nublado";"Dupla";"Reta;Interseção de Vias";"Sim";3;0;0;0;2;1;0;3;-25,364202;-49,185825;"SPRF-PR";"DEL01-PR";"UOP07-DEL01-PR"
261565;2020-01-08;"quarta-feira";"14:00:00";"PB";230;476;"SOUSA";"Velocidade Incompatível";"Saída de leito carroçável";"Com Vítimas Feridas";"Pleno dia";"Decrescente";"Chuva";"Simples";"Curva";"Não";2;0;2;0;0;0;2;1;-6,8298;-38,3177;"SPRF-PB";"DEL03-PB";"UOP03-DEL03-PB"
261566;2020-01-08;"quarta-feira";"19:00:00";"RJ";101;276;"TANGUA";"Falta de Atenção à Condução";"Colisão transversal";"Com Vítimas Feridas";"Plena Noite";"Decrescente";"Céu Claro";"Dupla";"Reta";"Não";4;0;1;0;3;0;1;2;-22,73796393;-42,73871802;"SPRF-RJ";"DEL02-RJ";"UOP03-DEL02-RJ"
261567;2020-01-08;"quarta-feira";"17:55:00";"PR";376;177;"MARINGA";"Falta de Atenção à Condução";"Colisão traseira";"Com Vítimas Feridas";"Pleno dia";"Decrescente";"Nublado";"Dupla";"Reta";"Sim";3;0;1;0;2;0;1;3;-23,41595855;-51,92226484;"SPRF-PR";"DEL07-PR";"UOP01-DEL09-PR"
261568;2020-01-08;"quarta-feira";"17:00:00";"ES";262;2,2;"CARIACICA";"Falta de Atenção à Condução";"Colisão com objeto estático";"Com Vítimas Feridas";"Pleno dia";"Decrescente";"Sol";"Dupla";"Curva";"Sim";2;0;2;0;0;0;2;1;-20,33275688;-40,36077696;"SPRF-ES";"DEL01-ES";"UOP01-DEL01-ES"
261569;2020-01-08;"quarta-feira";"18:15:00";"PB";101;79;"SANTA RITA";"Falta de Atenção do Pedestre";"Atropelamento de Pedestre";"Com Vítimas Feridas";"Plena Noite";"Decrescente";"Céu Claro";"Dupla";"Reta";"Não";2;0;0;1;0;1;1;2;-7,1147526;-34,95793891;"SPRF-PB";"DEL01-PB";"UOP04-DEL01-PB"
261572;2020-01-08;"quarta-feira";"18:30:00";"RS";290;151,1;"ARROIO DOS RATOS";"Falta de Atenção à Condução";"Colisão transversal";"Sem Vítimas";"Anoitecer";"Decrescente";"Céu Claro";"Simples";"Interseção de Vias";"Sim";2;0;0;0;2;0;0;2;-30,105392;-51,717197;"SPRF-RS";"DEL02-RS";"UOP01-DEL02-RS"
261573;2020-01-08;"quarta-feira";"20:10:00";"GO";40;0,8;"VALPARAISO DE GOIAS";"Falta de Atenção do Pedestre";"Atropelamento de Pedestre";"Com Vítimas Feridas";"Plena Noite";"Crescente";"Céu Claro";"Dupla";"Reta";"Sim";2;0;2;0;0;0;2;2;-16,058273;-47,982655;"SPRF-DF";"DEL01-DF";"UOP01-DEL01-DF"
261574;2020-01-08;"quarta-feira";"18:30:00";"MG";40;474,3;"SETE LAGOAS";"Desobediência às normas de trânsito pelo condutor";"Saída de leito carroçável";"Com Vítimas Feridas";"Plena Noite";"Crescente";"Céu Claro";"Múltipla";"Curva";"Sim";1;0;1;0;0;0;1;1;-19,49804878;-44,27929974;"SPRF-MG";"DEL02-MG";"UOP01-DEL02-MG"
261577;2020-01-08;"quarta-feira";"19:55:00";"PR";116;0,5;"CAMPINA GRANDE DO SUL";"Velocidade Incompatível";"Saída de leito carroçável";"Com Vítimas Feridas";"Plena Noite";"Crescente";"Nublado";"Dupla";"Curva";"Não";3;0;2;0;1;0;2;1;-25,06353644;-48,56511712;"SPRF-PR";"DEL01-PR";"UOP02-DEL01-PR"
261579;2020-01-08;"quarta-feira";"17:15:00";"MG";354;756;"ITAMONTE";"Falta de Atenção à Condução";"Colisão transversal";"Sem Vítimas";"Pleno dia";"Crescente";"Nublado";"Simples";"Reta";"Sim";2;0;0;0;1;1;0;2;-22,31636395;-44,85331983;"SPRF-MG";"DEL05-MG";"UOP01-DEL17-MG"
261580;2020-01-08;"quarta-feira";"21:05:00";"MG";381;502,8;"BETIM";"Falta de Atenção à Condução";"Colisão lateral";"Com Vítimas Feridas";"Plena Noite";"Crescente";"Nublado";"Dupla";"Aclive;Reta";"Sim";2;0;1;0;1;0;1;2;-20,03619694;-44,24586303;"SPRF-MG";"DEL01-MG";"UOP03-DEL01-MG"
261581;2020-01-08;"quarta-feira";"19:20:00";"MG";116;14,8;"AGUAS VERMELHAS";"Falta de Atenção à Condução";"Colisão frontal";"Com Vítimas Feridas";"Plena Noite";"Decrescente";"Céu Claro";"Simples";"Reta";"Sim";2;0;1;1;0;0;2;2;-15,8052138;-41,36361904;"SPRF-BA";"DEL08-BA";"UOP03-DEL08-BA"
261582;2020-01-08;"quarta-feira";"19:40:00";"PR";476;132,8;"CURITIBA";"Desobediência às normas de trânsito pelo condutor";"Colisão transversal";"Com Vítimas Feridas";"Plena Noite";"Decrescente";"Nublado";"Dupla";"Interseção de Vias";"Sim";3;0;1;1;1;0;2;3;-25,4677209;-49,25341671;"SPRF-PR";"DEL01-PR";"UOP03-DEL01-PR"
261583;2020-01-08;"quarta-feira";"20:00:00";"PB";230;9;"CABEDELO";"Ingestão de Álcool";"Saída de leito carroçável";"Com Vítimas Feridas";"Plena Noite";"Crescente";"Céu Claro";"Dupla";"Em Obras";"Sim";1;0;1;0;0;0;1;1;-7,0433;-34,8466;"SPRF-PB";"DEL01-PB";"UOP01-DEL01-PB"
261585;2020-01-08;"quarta-feira";"19:40:00";"RJ";116;182,6;"NOVA IGUACU";"Desobediência às normas de trânsito pelo condutor";"Colisão transversal";"Com Vítimas Feridas";"Plena Noite";"Crescente";"Céu Claro";"Múltipla";"Reta";"Não";2;0;1;0;1;0;1;2;-22,7567755;-43,43107234;"SPRF-RJ";"DEL01-RJ";"UOP02-DEL01-RJ"
261586;2020-01-08;"quarta-feira";"21:30:00";"SP";116;213;"GUARULHOS";"Desobediência às normas de trânsito pelo condutor";"Colisão traseira";"Com Vítimas Feridas";"Plena Noite";"Decrescente";"Nublado";"Múltipla";"Reta";"Não";1;0;1;0;0;0;1;1;-23,43971486;-46,43667806;"SPRF-SP";"DEL01-SP";"UOP01-DEL01-SP"
261588;2020-01-08;"quarta-feira";"20:00:00";"PR";277;41,8;"MORRETES";"Defeito Mecânico no Veículo";"Incêndio";"Sem Vítimas";"Plena Noite";"Crescente";"Chuva";"Dupla";"Curva";"Não";1;0;0;0;1;0;0;1;-25,57183811;-48,83586205;"SPRF-PR";"DEL01-PR";"UOP07-DEL01-PR"
261590;2020-01-08;"quarta-feira";"20:00:00";"MT";364;201,5;"RONDONOPOLIS";"Ingestão de Álcool";"Colisão traseira";"Com Vítimas Feridas";"Plena Noite";"Crescente";"Céu Claro";"Dupla";"Reta";"Sim";2;0;1;0;1;0;1;2;-16,491405;-54,646378;"SPRF-MT";"DEL02-MT";"UOP01-DEL02-MT"
261592;2020-01-08;"quarta-feira";"21:30:00";"PE";101;64,1;"RECIFE";"Mal Súbito";"Colisão com objeto estático";"Com Vítimas Feridas";"Plena Noite";"Decrescente";"Céu Claro";"Dupla";"Reta";"Não";1;0;1;0;0;0;1;1;-8,0162921;-34,94045886;"SPRF-PE";"DEL01-PE";"UOP01-DEL01-PE"
261593;2020-01-08;"quarta-feira";"21:40:00";"ES";101;265;"SERRA";"Falta de Atenção à Condução";"Colisão lateral";"Com Vítimas Feridas";"Plena Noite";"Crescente";"Céu Claro";"Dupla";"Reta";"Sim";2;0;0;1;1;0;1;2;-20,1816849;-40,26536036;"SPRF-ES";"DEL02-ES";"UOP01-DEL02-ES"
261594;2020-01-08;"quarta-feira";"21:40:00";"SP";153;64;"SAO JOSE DO RIO PRETO";"Objeto estático sobre o leito carroçável";"Tombamento";"Com Vítimas Feridas";"Plena Noite";"Crescente";"Chuva";"Dupla";"Curva";"Sim";2;0;2;0;0;0;2;1;-20,82919401;-49,36046325;"SPRF-SP";"DEL09-SP";"UOP01-DEL09-SP"
261595;2020-01-08;"quarta-feira";"22:00:00";"PE";101;74,2;"RECIFE";"Mal Súbito";"Saída de leito carroçável";"Com Vítimas Feridas";"Plena Noite";"Decrescente";"Céu Claro";"Dupla";"Curva";"Sim";1;0;1;0;0;0;1;1;-8,10146485;-34,94901577;"SPRF-PE";"DEL01-PE";"UOP01-DEL01-PE"
261598;2020-01-08;"quarta-feira";"21:25:00";"CE";116;186,7;"LIMOEIRO DO NORTE";"Animais na Pista";"Atropelamento de Animal";"Com Vítimas Feridas";"Plena Noite";"Crescente";"Nublado";"Simples";"Reta";"Não";1;0;0;1;0;0;1;1;-5,08977412;-38,1212378;"SPRF-CE";"DEL03-CE";"UOP01-DEL03-CE"
261600;2020-01-08;"quarta-feira";"22:15:00";"SC";470;0,2;"NAVEGANTES";"Restrição de Visibilidade";"Atropelamento de Pedestre";"Com Vítimas Feridas";"Plena Noite";"Decrescente";"Nublado";"Dupla";"Reta";"Não";2;0;2;0;0;0;2;2;-26,88232;-48,66183;"SPRF-SC";"DEL04-SC";"UOP04-DEL04-SC"
261602;2020-01-08;"quarta-feira";"18:30:00";"PR";277;137,2;"BALSA NOVA";"Defeito Mecânico no Veículo";"Incêndio";"Sem Vítimas";"Plena Noite";"Crescente";"Nublado";"Dupla";"Reta";"Não";1;0;0;0;1;0;0;1;-25,47428803;-49,70528662;"SPRF-PR";"DEL01-PR";"UOP06-DEL01-PR"
261603;2020-01-08;"quarta-feira";"19:30:00";"RS";290;390;"SANTA MARGARIDA DO SUL";"Velocidade Incompatível";"Colisão com objeto estático";"Com Vítimas Feridas";"Plena Noite";"Crescente";"Céu Claro";"Simples";"Curva";"Não";1;0;0;1;0;0;1;1;-30,343506;-54,045925;"SPRF-RS";"DEL09-RS";"UOP02-DEL09-RS"
261605;2020-01-08;"quarta-feira";"23:00:00";"PR";116;20;"CAMPINA GRANDE DO SUL";"Pista Escorregadia";"Saída de leito carroçável";"Com Vítimas Feridas";"Plena Noite";"Crescente";"Garoa/Chuvisco";"Dupla";"Reta";"Não";3;0;2;0;1;0;2;1;-25,10052421;-48,72981603;"SPRF-PR";"DEL01-PR";"UOP02-DEL01-PR"
261609;2020-01-09;"quinta-feira";"00:15:00";"RS";287;251;"SANTA MARIA";"Falta de Atenção à Condução";"Colisão com objeto estático";"Com Vítimas Feridas";"Plena Noite";"Crescente";"Céu Claro";"Simples";"Em Obras;Reta";"Sim";1;0;1;0;0;0;1;1;-29,68913392;-53,87557983;"SPRF-RS";"DEL09-RS";"UOP01-DEL09-RS"
261611;2020-01-08;"quarta-feira";"16:55:00";"MG";116;125;"ITAOBIM";"Falta de Atenção à Condução";"Colisão traseira";"Com Vítimas Feridas";"Pleno dia";"Decrescente";"Sol";"Simples";"Reta";"Não";2;0;1;0;1;0;1;2;-16,64444699;-41,50129709;"SPRF-MG";"DEL11-MG";"UOP02-DEL11-MG"
261617;2020-01-09;"quinta-feira";"04:00:00";"RS";116;134,8;"CAXIAS DO SUL";"Condutor Dormindo";"Colisão com objeto estático";"Com Vítimas Feridas";"Plena Noite";"Crescente";"Céu Claro";"Simples";"Aclive";"Não";1;0;1;0;0;0;1;1;-29,06329012;-51,09842716;"SPRF-RS";"DEL05-RS";"UOP01-DEL05-RS"
261618;2020-01-09;"quinta-feira";"04:30:00";"RN";304;305,2;"PARNAMIRIM";"Desobediência às normas de trânsito pelo condutor";"Colisão traseira";"Com Vítimas Feridas";"Plena Noite";"Crescente";"Chuva";"Dupla";"Reta";"Não";2;0;0;1;1;0;1;2;-5,8876927;-35,2721949;"SPRF-RN";"DEL01-RN";"UOP02-DEL01-RN"
261619;2020-01-09;"quinta-feira";"04:10:00";"GO";20;21,5;"FORMOSA";"Velocidade Incompatível";"Tombamento";"Com Vítimas Feridas";"Plena Noite";"Crescente";"Céu Claro";"Dupla";"Interseção de Vias";"Não";9;0;8;0;1;0;8;1;-15,548405;-47,169384;"SPRF-DF";"DEL02-DF";"UOP01-DEL02-DF"
261620;2020-01-09;"quinta-feira";"05:50:00";"SC";101;111;"NAVEGANTES";"Restrição de Visibilidade";"Colisão lateral";"Com Vítimas Feridas";"Pleno dia";"Decrescente";"Nevoeiro/Neblina";"Dupla";"Retorno Regulamentado";"Não";2;0;1;0;1;0;1;2;-26,83955734;-48,71418074;"SPRF-SC";"DEL04-SC";"UOP04-DEL04-SC"
261622;2020-01-09;"quinta-feira";"06:15:00";"SC";101;214,8;"PALHOCA";"Não guardar distância de segurança";"Colisão traseira";"Com Vítimas Feridas";"Pleno dia";"Decrescente";"Céu Claro";"Dupla";"Reta";"Sim";7;0;5;0;2;0;5;2;-27,64443;-48,67057;"SPRF-SC";"DEL01-SC";"UOP02-DEL01-SC"
261624;2020-01-09;"quinta-feira";"01:00:00";"MG";262;360;"BETIM";"Velocidade Incompatível";"Saída de leito carroçável";"Sem Vítimas";"Plena Noite";"Crescente";"Céu Claro";"Dupla";"Reta";"Não";1;0;0;0;0;1;0;1;-19,9830204;-44,20924834;"SPRF-MG";"DEL01-MG";"UOP03-DEL01-MG"
261625;2020-01-09;"quinta-feira";"07:00:00";"DF";70;13,7;"BRASILIA";"Ingestão de Álcool";"Colisão lateral";"Com Vítimas Feridas";"Pleno dia";"Crescente";"Sol";"Dupla";"Rotatória";"Não";3;0;1;0;1;1;1;2;-15,794558;-48,166584;"SPRF-DF";"DEL01-DF";"UOP02-DEL03-DF"
261626;2020-01-07;"terça-feira";"19:00:00";"RS";392;310;"SAO SEPE";"Defeito Mecânico no Veículo";"Saída de leito carroçável";"Com Vítimas Feridas";"Anoitecer";"Decrescente";"Céu Claro";"Simples";"Reta";"Não";2;0;2;0;0;0;2;1;-30,06602096;-53,65401096;"SPRF-RS";"DEL09-RS";"UOP01-DEL09-RS"
261627;2020-01-09;"quinta-feira";"07:00:00";"SC";101;212,7;"PALHOCA";"Desobediência às normas de trânsito pelo condutor";"Colisão traseira";"Com Vítimas Feridas";"Pleno dia";"Decrescente";"Sol";"Dupla";"Reta";"Sim";2;0;0;1;1;0;1;2;-27,62996929;-48,65903871;"SPRF-SC";"DEL01-SC";"UOP02-DEL01-SC"
261628;2020-01-09;"quinta-feira";"07:15:00";"MG";40;467,2;"SETE LAGOAS";"Falta de Atenção à Condução";"Colisão traseira";"Com Vítimas Feridas";"Pleno dia";"Decrescente";"Céu Claro";"Dupla";"Retorno Regulamentado";"Não";4;0;3;0;1;0;3;2;-19,45038924;-44,3166822;"SPRF-MG";"DEL02-MG";"UOP01-DEL02-MG"
261633;2020-01-09;"quinta-feira";"08:00:00";"SC";101;215,7;"PALHOCA";"Falta de Atenção à Condução";"Colisão traseira";"Com Vítimas Feridas";"Pleno dia";"Decrescente";"Sol";"Dupla";"Aclive";"Sim";2;0;1;0;1;0;1;2;-27,65184843;-48,67604941;"SPRF-SC";"DEL01-SC";"UOP02-DEL01-SC"
261635;2020-01-09;"quinta-feira";"08:30:00";"PR";272;412,4;"JANIOPOLIS";"Falta de Atenção à Condução";"Colisão traseira";"Sem Vítimas";"Pleno dia";"Decrescente";"Nublado";"Simples";"Reta";"Não";4;0;0;0;4;0;0;2;-24,13320209;-52,79787802;"SPRF-PR";"DEL04-PR";"UOP03-DEL09-PR"
261636;2020-01-09;"quinta-feira";"06:45:00";"RO";364;344,5;"JI-PARANA";"Desobediência às normas de trânsito pelo condutor";"Colisão transversal";"Com Vítimas Feridas";"Pleno dia";"Decrescente";"Nublado";"Múltipla";"Interseção de Vias";"Sim";2;0;1;0;1;0;1;2;-10,87044404;-61,95783919;"SPRF-RO";"DEL02-RO";"UOP01-DEL02-RO"
261639;2020-01-09;"quinta-feira";"07:50:00";"PR";277;128,9;"BALSA NOVA";"Falta de Atenção à Condução";"Saída de leito carroçável";"Com Vítimas Feridas";"Pleno dia";"Decrescente";"Nublado";"Simples";"Reta";"Não";1;0;1;0;0;0;1;1;-25,47323061;-49,63455677;"SPRF-PR";"DEL01-PR";"UOP06-DEL01-PR"
261640;2020-01-09;"quinta-feira";"08:25:00";"SC";101;452,8;"SAO JOAO DO SUL";"Condutor Dormindo";"Colisão com objeto estático";"Com Vítimas Feridas";"Pleno dia";"Decrescente";"Céu Claro";"Dupla";"Curva";"Sim";2;0;2;0;0;0;2;1;-29,18871193;-49,75440564;"SPRF-SC";"DEL02-SC";"UOP02-DEL02-SC"
261641;2020-01-09;"quinta-feira";"07:50:00";"GO";60;135;"GOIANIA";"Defeito Mecânico no Veículo";"Queda de ocupante de veículo";"Com Vítimas Feridas";"Pleno dia";"Decrescente";"Céu Claro";"Dupla";"Reta";"Não";1;0;1;0;0;0;1;1;-16,589;-49,1945;"SPRF-GO";"DEL01-GO";"UOP01-DEL01-GO"
261647;2020-01-09;"quinta-feira";"08:50:00";"RJ";116;143;"DUQUE DE CAXIAS";"Falta de Atenção à Condução";"Colisão lateral";"Com Vítimas Feridas";"Pleno dia";"Crescente";"Céu Claro";"Dupla";"Reta";"Sim";5;0;1;0;4;0;1;2;-22,65237271;-43,23918118;"SPRF-RJ";"DEL01-RJ";"UOP01-DEL01-RJ"
261648;2020-01-09;"quinta-feira";"07:00:00";"RJ";101;319;"SAO GONCALO";"Falta de Atenção à Condução";"Colisão lateral";"Com Vítimas Feridas";"Pleno dia";"Crescente";"Céu Claro";"Dupla";"Reta";"Não";5;0;1;0;4;0;1;4;-22,85411774;-43,1018014;"SPRF-RJ";"DEL02-RJ";"UOP01-DEL02-RJ"
261650;2020-01-09;"quinta-feira";"09:20:00";"PE";101;83,8;"JABOATAO DOS GUARARAPES";"Falta de Atenção à Condução";"Colisão lateral";"Com Vítimas Feridas";"Pleno dia";"Decrescente";"Céu Claro";"Simples";"Reta";"Sim";2;0;1;0;1;0;1;2;-8,175172;-34,942642;"SPRF-PE";"DEL01-PE";"UOP03-DEL01-PE"
261652;2020-01-09;"quinta-feira";"07:30:00";"RO";364;343,8;"JI-PARANA";"Desobediência às normas de trânsito pelo condutor";"Colisão transversal";"Com Vítimas Feridas";"Pleno dia";"Crescente";"Céu Claro";"Dupla";"Interseção de Vias";"Sim";3;0;1;1;0;1;2;3;-10,87422178;-61,95190798;"SPRF-RO";"DEL02-RO";"UOP01-DEL02-RO"
261653;2020-01-09;"quinta-feira";"09:25:00";"PB";230;20;"JOAO PESSOA";"Defeito Mecânico no Veículo";"Colisão traseira";"Com Vítimas Feridas";"Pleno dia";"Decrescente";"Céu Claro";"Dupla";"Reta";"Sim";2;0;0;1;1;0;1;2;-7,1337;-34,8544;"SPRF-PB";"DEL01-PB";"UOP01-DEL01-PB"
261654;2020-01-09;"quinta-feira";"08:00:00";"AL";101;90,5;"RIO LARGO";"Pista Escorregadia";"Saída de leito carroçável";"Com Vítimas Feridas";"Pleno dia";"Crescente";"Céu Claro";"Dupla";"Aclive";"Não";4;0;2;0;2;0;2;3;-9,49749204;-35,90291191;"SPRF-AL";"DEL01-AL";"UOP01-DEL01-AL"
261655;2020-01-09;"quinta-feira";"10:30:00";"GO";153;176;"CAMPINORTE";"Velocidade Incompatível";"Atropelamento de Pedestre";"Com Vítimas Feridas";"Pleno dia";"Decrescente";"Céu Claro";"Simples";"Reta";"Sim";2;0;0;1;1;0;1;2;-14,31039;-49,148968;"SPRF-GO";"DEL07-GO";"UOP01-DEL07-GO"
261657;2020-01-09;"quinta-feira";"10:45:00";"PR";376;5,2;"APUCARANA";"Desobediência às normas de trânsito pelo condutor";"Colisão transversal";"Sem Vítimas";"Pleno dia";"Decrescente";"Céu Claro";"Simples";"Reta";"Sim";2;0;0;0;2;0;0;2;-23,5513;-51,461266;"SPRF-PR";"DEL07-PR";"UOP03-DEL07-PR"
261661;2020-01-09;"quinta-feira";"10:30:00";"RS";386;298,8;"POUSO NOVO";"Falta de Atenção à Condução";"Colisão traseira";"Com Vítimas Feridas";"Pleno dia";"Decrescente";"Céu Claro";"Simples";"Curva";"Não";7;0;1;0;6;0;1;3;-29,149231;-52,236103;"SPRF-RS";"DEL04-RS";"UOP01-DEL04-RS"
261662;2020-01-08;"quarta-feira";"15:00:00";"PI";135;493;"MONTE ALEGRE DO PIAUI";"Falta de Atenção do Pedestre";"Atropelamento de Pedestre";"Com Vítimas Feridas";"Pleno dia";"Decrescente";"Ignorado";"Simples";"Reta";"Não";2;0;0;1;1;0;1;2;-9,7343459;-45,20373301;"SPRF-PI";"DEL03-PI";"UOP02-DEL03-PI"
261663;2020-01-09;"quinta-feira";"10:45:00";"GO";60;94,6;"ANAPOLIS";"Desobediência às normas de trânsito pelo condutor";"Colisão lateral";"Com Vítimas Feridas";"Pleno dia";"Decrescente";"Céu Claro";"Dupla";"Reta";"Sim";2;0;1;0;0;1;1;2;-16,3611;-48,9328;"SPRF-GO";"DEL02-GO";"UOP01-DEL02-GO"
261664;2020-01-09;"quinta-feira";"10:28:00";"SP";153;53;"SAO JOSE DO RIO PRETO";"Defeito Mecânico no Veículo";"Colisão com objeto estático";"Com Vítimas Feridas";"Pleno dia";"Crescente";"Sol";"Simples";"Reta";"Não";1;0;1;0;0;0;1;1;-20,73603199;-49,33803779;"SPRF-SP";"DEL09-SP";"UOP01-DEL09-SP"