"id";"data_inversa";"dia_semana";"horario";"uf";"br";"km";"municipio";"causa_acidente";"tipo_acidente";"classificacao_acidente";"fase_dia";"sentido_via";"condicao_metereologica";"tipo_pista";"tracado_via";"uso_solo";"pessoas";"mortos";"feridos_leves";"feridos_graves";"ilesos";"ignorados";"feridos";"veiculos";"latitude";"longitude";"regional";"delegacia";"uop"
261884;2020-01-10;"sexta-feira";"10:50:00";"MG";40;517;"RIBEIRAO DAS NEVES";"Falta de Atenção à Condução";"Colisão transversal";"Com Vítimas Feridas";"Pleno dia";"Crescente";"Céu Claro";"Dupla";"Reta";"Sim";2;0;1;0;1;0;1;2;-19,82351202;-44,08438913;"SPRF-MG";"DEL01-MG";"UOP02-DEL01-MG"
261885;2020-01-10;"sexta-feira";"08:00:00";"RO";319;48,8;"PORTO VELHO";"Ingestão de Álcool";"Saída de leito carroçável";"Com Vítimas Feridas";"Amanhecer";"Decrescente";"Sol";"Simples";"Reta";"Não";1;0;1;0;0;0;1;1;-8,70843196;-63,98667791;"SPRF-RO";"DEL01-RO";"UOP01-DEL01-RO"
261888;2020-01-10;"sexta-feira";"11:30:00";"SP";116;135,5;"SAO JOSE DOS CAMPOS";"Não guardar distância de segurança";"Colisão traseira";"Com Vítimas Feridas";"Pleno dia";"Crescente";"Céu Claro";"Dupla";"Reta";"Sim";2;0;1;0;1;0;1;2;-23,144484;-45,77018;"SPRF-SP";"DEL06-SP";"UOP01-DEL06-SP"
261889;2020-01-10;"sexta-feira";"08:35:00";"PI";343;268;"CAMPO MAIOR";"Ingestão de Álcool";"Atropelamento de Pedestre";"Com Vítimas Feridas";"Pleno dia";"Crescente";"Céu Claro";"Simples";"Reta";"Sim";2;0;2;0;0;0;2;2;-4,842865;-42,187584;"SPRF-PI";"DEL01-PI";"UOP03-DEL01-PI"
261892;2020-01-10;"sexta-feira";"12:25:00";"SP";101;49;"UBATUBA";"Falta de Atenção à Condução";"Colisão transversal";"Com Vítimas Feridas";"Pleno dia";"Crescente";"Céu Claro";"Simples";"Reta";"Sim";2;0;0;1;1;0;1;2;-23,44410908;-45,08375708;"SPRF-SP";"DEL06-SP";"UOP01-DEL06-SP"
261893;2020-01-10;"sexta-feira";"10:08:00";"MT";70;0,5;"BARRA DO GARCAS";"Falta de Atenção à Condução";"Colisão lateral";"Com Vítimas Feridas";"Pleno dia";"Crescente";"Céu Claro";"Simples";"Reta";"Sim";2;0;1;0;1;0;1;2;-15,895538;-52,25599;"SPRF-MT";"DEL07-MT";"UOP01-DEL07-MT"
261894;2020-01-10;"sexta-feira";"13:11:00";"RJ";101;323;"NITEROI";"Não guardar distância de segurança";"Colisão traseira";"Com Vítimas Feridas";"Pleno dia";"Decrescente";"Sol";"Dupla";"Reta";"Não";3;0;0;1;2;0;1;3;-22,87684786;-43,11728689;"SPRF-RJ";"DEL02-RJ";"UOP01-DEL02-RJ"
261895;2020-01-10;"sexta-feira";"12:10:00";"MT";163;853,9;"SINOP";"Desobediência às normas de trânsito pelo condutor";"Colisão lateral";"Com Vítimas Feridas";"Pleno dia";"Decrescente";"Céu Claro";"Simples";"Reta";"Sim";2;0;1;0;0;1;1;2;-11,82938089;-55,4867824;"SPRF-MT";"DEL06-MT";"UOP02-DEL06-MT"
261898;2020-01-10;"sexta-feira";"13:20:00";"RJ";493;91;"SEROPEDICA";"Velocidade Incompatível";"Capotamento";"Com Vítimas Feridas";"Pleno dia";"Decrescente";"Céu Claro";"Dupla";"Reta";"Não";1;0;0;1;0;0;1;1;-22,68705794;-43,67689312;"SPRF-RJ";"DEL01-RJ";"UOP03-DEL01-RJ"
261900;2020-01-10;"sexta-feira";"10:30:00";"SC";282;457,2;"PONTE SERRADA";"Falta de Atenção à Condução";"Saída de leito carroçável";"Com Vítimas Feridas";"Pleno dia";"Crescente";"Garoa/Chuvisco";"Simples";"Curva";"Não";1;0;1;0;0;0;1;1;-26,880604;-52,013371;"SPRF-SC";"DEL07-SC";"UOP04-DEL07-SC"
261901;2020-01-10;"sexta-feira";"13:50:00";"RS";116;265,5;"CANOAS";"Falta de Atenção à Condução";"Colisão com objeto estático";"Com Vítimas Feridas";"Pleno dia";"Decrescente";"Céu Claro";"Dupla";"Reta";"Sim";1;0;1;0;0;0;1;1;-29,92342302;-51,17780944;"SPRF-RS";"DEL01-RS";"UOP01-DEL01-RS"
261902;2020-01-10;"sexta-feira";"14:00:00";"RS";285;501,6;"ENTRE-IJUIS";"Falta de Atenção à Condução";"Colisão lateral";"Com Vítimas Feridas";"Pleno dia";"Decrescente";"Nublado";"Simples";"Reta";"Não";4;0;2;1;1;0;3;2;-28,383951;-54,307785;"SPRF-RS";"DEL10-RS";"UOP01-DEL10-RS"
261903;2020-01-10;"sexta-feira";"13:40:00";"RJ";493;79;"JAPERI";"Condutor Dormindo";"Saída de leito carroçável";"Com Vítimas Fatais";"Pleno dia";"Crescente";"Céu Claro";"Dupla";"Reta";"Não";2;1;0;0;1;0;0;1;-22,66441657;-43,56286858;"SPRF-RJ";"DEL01-RJ";"UOP03-DEL01-RJ"
261904;2020-01-10;"sexta-feira";"12:35:00";"PI";343;283;"CAMPO MAIOR";"Avarias e/ou desgaste excessivo no pneu";"Saída de leito carroçável";"Com Vítimas Feridas";"Pleno dia";"Crescente";"Chuva";"Simples";"Reta";"Não";1;0;1;0;0;0;1;1;-4,927681;-42,286869;"SPRF-PI";"DEL01-PI";"UOP03-DEL01-PI"
261905;2020-01-10;"sexta-feira";"14:30:00";"ES";101;254,3;"SERRA";"Desobediência às normas de trânsito pelo condutor";"Colisão transversal";"Com Vítimas Feridas";"Pleno dia";"Decrescente";"Céu Claro";"Simples";"Reta;Interseção de Vias";"Sim";2;0;1;0;0;1;1;2;-20,1100364;-40,32740141;"SPRF-ES";"DEL02-ES";"UOP01-DEL02-ES"
261906;2020-01-10;"sexta-feira";"14:40:00";"SP";116;3;"GUARULHOS";"Não guardar distância de segurança";"Capotamento";"Com Vítimas Feridas";"Pleno dia";"Decrescente";"Céu Claro";"Dupla";"Reta";"Não";1;0;1;0;0;0;1;1;-23,463257;-46,53373;"SPRF-SP";"DEL01-SP";"UOP01-DEL01-SP"
261907;2020-01-10;"sexta-feira";"14:00:00";"MT";163;811;"SINOP";"Falta de Atenção à Condução";"Saída de leito carroçável";"Com Vítimas Feridas";"Pleno dia";"Crescente";"Céu Claro";"Simples";"Reta;Aclive";"Não";2;0;2;0;0;0;2;1;-12,08675;-55,51779;"SPRF-MT";"DEL06-MT";"UOP01-DEL06-MT"
261908;2020-01-10;"sexta-feira";"14:00:00";"MG";381;901,8;"CAMBUI";"Ingestão de Álcool";"Saída de leito carroçável";"Com Vítimas Feridas";"Pleno dia";"Crescente";"Nublado";"Dupla";"Reta";"Não";1;0;1;0;0;0;1;1;-22,63397581;-46,07837677;"SPRF-MG";"DEL16-MG";"UOP03-DEL16-MG"
261910;2020-01-10;"sexta-feira";"15:15:00";"PB";230;27;"JOAO PESSOA";"Ingestão de Álcool";"Queda de ocupante de veículo";"Com Vítimas Feridas";"Pleno dia";"Crescente";"Céu Claro";"Simples";"Curva;Viaduto";"Sim";1;0;1;0;0;0;1;1;-7,1677;-34,8855;"SPRF-PB";"DEL01-PB";"UOP01-DEL01-PB"
261914;2020-01-10;"sexta-feira";"15:00:00";"RJ";101;39;"CAMPOS DOS GOYTACAZES";"Defeito Mecânico no Veículo";"Incêndio";"Sem Vítimas";"Pleno dia";"Crescente";"Céu Claro";"Simples";"Reta";"Não";2;0;0;0;2;0;0;1;-21,5418371;-41,34113017;"SPRF-RJ";"DEL08-RJ";"UOP01-DEL08-RJ"
261916;2020-01-10;"sexta-feira";"15:38:00";"GO";414;439,5;"ANAPOLIS";"Desobediência às normas de trânsito pelo condutor";"Colisão transversal";"Com Vítimas Feridas";"Pleno dia";"Decrescente";"Céu Claro";"Simples";"Reta";"Sim";2;0;1;0;1;0;1;2;-16,28128823;-48,94258908;"SPRF-GO";"DEL02-GO";"UOP01-DEL02-GO"
261917;2020-01-10;"sexta-feira";"15:00:00";"SP";116;210;"GUARULHOS";"Não guardar distância de segurança";"Colisão traseira";"Com Vítimas Feridas";"Pleno dia";"Crescente";"Sol";"Dupla";"Reta";"Não";2;0;1;0;1;0;1;1;-23,42870023;-46,41085991;"SPRF-SP";"DEL01-SP";"UOP01-DEL01-SP"
261918;2020-01-10;"sexta-feira";"14:50:00";"RS";290;191,8;"MINAS DO LEAO";"Falta de Atenção à Condução";"Colisão frontal";"Com Vítimas Fatais";"Pleno dia";"Decrescente";"Chuva";"Simples";"Reta";"Não";7;3;2;2;0;0;4;2;-30,157888;-52,124619;"SPRF-RS";"DEL02-RS";"UOP02-DEL02-RS"
261919;2020-01-10;"sexta-feira";"15:10:00";"CE";116;283,8;"JAGUARIBARA";"Defeito na Via";"Saída de leito carroçável";"Com Vítimas Feridas";"Pleno dia";"Crescente";"Céu Claro";"Simples";"Reta";"Não";4;0;2;2;0;0;4;1;-5,722936;-38,50828401;"SPRF-CE";"DEL05-CE";"UOP02-DEL05-CE"
261921;2020-01-10;"sexta-feira";"16:00:00";"PE";101;72;"RECIFE";"Mal Súbito";"Tombamento";"Com Vítimas Feridas";"Pleno dia";"Decrescente";"Céu Claro";"Dupla";"Reta";"Sim";1;0;0;1;0;0;1;1;-8,08493106;-34,9450639;"SPRF-PE";"DEL01-PE";"UOP01-DEL01-PE"
261924;2020-01-04;"sábado";"14:30:00";"RR";174;83;"RORAINOPOLIS";"Mal Súbito";"Saída de leito carroçável";"Com Vítimas Feridas";"Pleno dia";"Decrescente";"Céu Claro";"Simples";"Curva";"Não";5;0;2;0;3;0;2;1;-0,140902;-60,685509;"SPRF-RR";"DEL01-RR";"UOP01-DEL01-RR"
261926;2020-01-10;"sexta-feira";"16:40:00";"PI";316;333,4;"GEMINIANO";"Não guardar distância de segurança";"Colisão traseira";"Com Vítimas Feridas";"Anoitecer";"Crescente";"Sol";"Simples";"Reta";"Não";6;0;3;1;2;0;4;2;-7,1066551;-41,27195001;"SPRF-PI";"DEL04-PI";"UOP01-DEL04-PI"
261927;2020-01-10;"sexta-feira";"16:30:00";"MG";365;253,6;"BURITIZEIRO";"Condutor Dormindo";"Saída de leito carroçável";"Com Vítimas Feridas";"Pleno dia";"Crescente";"Céu Claro";"Simples";"Reta";"Não";5;0;1;4;0;0;5;1;-17,85074902;-45,46462596;"SPRF-MG";"DEL14-MG";"UOP02-DEL14-MG"
261929;2020-01-10;"sexta-feira";"16:40:00";"AL";424;92;"MARECHAL DEODORO";"Falta de Atenção à Condução";"Colisão traseira";"Com Vítimas Feridas";"Pleno dia";"Decrescente";"Céu Claro";"Simples";"Reta";"Não";4;0;1;0;3;0;1;2;-9,587824;-35,879795;"SPRF-AL";"DEL02-AL";"UOP01-DEL02-AL"
261931;2020-01-10;"sexta-feira";"15:45:00";"MG";459;103;"POUSO ALEGRE";"Falta de Atenção à Condução";"Colisão transversal";"Com Vítimas Feridas";"Pleno dia";"Crescente";"Céu Claro";"Dupla";"Reta";"Sim";2;0;1;0;1;0;1;2;-22,217806;-45,917549;"SPRF-MG";"DEL16-MG";"UOP01-DEL16-MG"
261932;2020-01-10;"sexta-feira";"16:20:00";"SC";101;208,6;"SAO JOSE";"Defeito Mecânico no Veículo";"Incêndio";"Sem Vítimas";"Pleno dia";"Decrescente";"Céu Claro";"Simples";"Reta";"Não";1;0;0;0;1;0;0;1;-27,60327979;-48,63201818;"SPRF-SC";"DEL01-SC";"UOP01-DEL01-SC"
261933;2020-01-10;"sexta-feira";"17:10:00";"ES";101;144,3;"LINHARES";"Desobediência às normas de trânsito pelo condutor";"Colisão traseira";"Com Vítimas Feridas";"Pleno dia";"Decrescente";"Céu Claro";"Múltipla";"Reta";"Sim";2;0;1;0;1;0;1;2;-19,35188295;-40,0636685;"SPRF-ES";"DEL04-ES";"UOP01-DEL04-ES"
261934;2020-01-10;"sexta-feira";"17:15:00";"RS";392;352,7;"SANTA MARIA";"Não guardar distância de segurança";"Colisão lateral";"Com Vítimas Feridas";"Pleno dia";"Decrescente";"Chuva";"Simples";"Interseção de Vias;Reta";"Sim";2;0;1;0;1;0;1;2;-29,720404;-53,807632;"SPRF-RS";"DEL09-RS";"UOP01-DEL09-RS"
261935;2020-01-10;"sexta-feira";"17:20:00";"SP";116;217;"GUARULHOS";"Não guardar distância de segurança";"Colisão traseira";"Sem Vítimas";"Pleno dia";"Decrescente";"Céu Claro";"Múltipla";"Reta";"Sim";3;0;0;0;3;0;0;2;-23,45423824;-46,47119028;"SPRF-SP";"DEL01-SP";"UOP01-DEL01-SP"
261937;2020-01-10;"sexta-feira";"17:35:00";"RN";304;42;"MOSSORO";"Falta de Atenção à Condução";"Tombamento";"Com Vítimas Feridas";"Pleno dia";"Decrescente";"Céu Claro";"Dupla";"Reta";"Sim";2;0;2;0;0;0;2;1;-5,21278093;-37,37221494;"SPRF-RN";"DEL04-RN";"UOP01-DEL04-RN"
261939;2020-01-10;"sexta-feira";"17:25:00";"SC";470;127;"IBIRAMA";"Ultrapassagem Indevida";"Colisão transversal";"Com Vítimas Feridas";"Pleno dia";"Crescente";"Céu Claro";"Simples";"Reta";"Sim";2;0;0;1;1;0;1;2;-27,00499644;-49,47246552;"SPRF-SC";"DEL04-SC";"UOP02-DEL04-SC"
261940;2020-01-10;"sexta-feira";"17:40:00";"BA";116;367;"SERRINHA";"Desobediência às normas de trânsito pelo condutor";"Colisão lateral";"Com Vítimas Feridas";"Plena Noite";"Crescente";"Céu Claro";"Simples";"Reta";"Não";2;0;0;1;1;0;1;2;-11,68995359;-38,98699777;"SPRF-BA";"DEL02-BA";"UOP01-DEL02-BA"
261944;2020-01-10;"sexta-feira";"12:40:00";"MG";262;51;"MANHUACU";"Falta de Atenção à Condução";"Colisão traseira";"Com Vítimas Feridas";"Pleno dia";"Crescente";"Céu Claro";"Simples";"Reta";"Sim";2;0;1;0;1;0;1;2;-20,24788425;-42,14549605;"SPRF-MG";"DEL06-MG";"UOP03-DEL06-MG"
261946;2020-01-10;"sexta-feira";"17:50:00";"BA";324;5,7;"FEIRA DE SANTANA";"Desobediência às normas de trânsito pelo pedestre";"Atropelamento de Pedestre";"Com Vítimas Feridas";"Anoitecer";"Decrescente";"Céu Claro";"Dupla";"Reta";"Sim";2;0;0;1;1;0;1;2;-12,27891221;-38,98057703;"SPRF-BA";"DEL02-BA";"UOP01-DEL02-BA"
261947;2020-01-10;"sexta-feira";"14:20:00";"MG";116;595,1;"MANHUACU";"Velocidade Incompatível";"Saída de leito carroçável";"Com Vítimas Feridas";"Pleno dia";"Crescente";"Sol";"Simples";"Curva";"Não";2;0;1;1;0;0;2;1;-20,29516807;-42,14747044;"SPRF-MG";"DEL06-MG";"UOP03-DEL06-MG"
261948;2020-01-10;"sexta-feira";"16:50:00";"MS";163;264;"DOURADOS";"Não guardar distância de segurança";"Tombamento";"Com Vítimas Feridas";"Pleno dia";"Crescente";"Sol";"Dupla";"Curva";"Sim";1;0;1;0;0;0;1;1;-22,22742781;-54,7393301;"SPRF-MS";"DEL04-MS";"UOP01-DEL04-MS"
261949;2020-01-10;"sexta-feira";"17:40:00";"CE";20;426,7;"FORTALEZA";"Ingestão de Álcool";"Colisão transversal";"Com Vítimas Feridas";"Anoitecer";"Decrescente";"Nublado";"Dupla";"Reta";"Sim";2;0;2;0;0;0;2;2;-3,863447;-38,524108;"SPRF-CE";"DEL01-CE";"UOP02-DEL01-CE"
261950;2020-01-10;"sexta-feira";"17:15:00";"MG";262;608,9;"CAMPOS ALTOS";"Velocidade Incompatível";"Saída de leito carroçável";"Com Vítimas Feridas";"Pleno dia";"Decrescente";"Chuva";"Simples";"Curva";"Não";2;0;2;0;0;0;2;1;-19,61802014;-46,27554711;"SPRF-MG";"DEL08-MG";"UOP02-DEL08-MG"
261952;2020-01-10;"sexta-feira";"18:27:00";"TO";153;335;"GUARAI";"Falta de Atenção à Condução";"Colisão lateral";"Com Vítimas Feridas";"Anoitecer";"Crescente";"Céu Claro";"Simples";"Reta";"Não";2;0;0;1;1;0;1;2;-8,799443;-48,512283;"SPRF-TO";"DEL02-TO";"UOP02-DEL02-TO"
261954;2020-01-10;"sexta-feira";"15:20:00";"MT";364;621;"DIAMANTINO";"Pista Escorregadia";"Saída de leito carroçável";"Com Vítimas Feridas";"Pleno dia";"Decrescente";"Chuva";"Simples";"Reta";"Não";1;0;1;0;0;0;1;1;-14,38890596;-56,35636598;"SPRF-MT";"DEL01-MT";"UOP01-DEL01-MT"
261955;2020-01-10;"sexta-feira";"17:00:00";"AL";316;145,1;"PALMEIRA DOS INDIOS";"Ingestão de Álcool";"Colisão traseira";"Sem Vítimas";"Pleno dia";"Crescente";"Céu Claro";"Simples";"Reta";"Não";3;0;0;0;3;0;0;2;-9,39817551;-36,71361111;"SPRF-AL";"DEL03-AL";"UOP01-DEL03-AL"
261957;2020-01-10;"sexta-feira";"18:50:00";"RN";101;119,1;"SAO JOSE DE MIPIBU";"Animais na Pista";"Atropelamento de Animal";"Com Vítimas Feridas";"Plena Noite";"Crescente";"Céu Claro";"Dupla";"Reta";"Não";1;0;1;0;0;0;1;1;-6,02496757;-35,2509784;"SPRF-RN";"DEL01-RN";"UOP01-DEL01-RN"
261958;2020-01-10;"sexta-feira";"18:40:00";"SP";116;212;"GUARULHOS";"Falta de Atenção à Condução";"Colisão traseira";"Com Vítimas Feridas";"Anoitecer";"Decrescente";"Céu Claro";"Múltipla";"Reta";"Não";3;0;2;0;1;0;2;2;-23,43608315;-46,42805094;"SPRF-SP";"DEL01-SP";"UOP01-DEL01-SP"
261959;2020-01-10;"sexta-feira";"17:20:00";"MG";40;519,6;"RIBEIRAO DAS NEVES";"Desobediência às normas de trânsito pelo condutor";"Atropelamento de Pedestre";"Com Vítimas Feridas";"Pleno dia";"Crescente";"Céu Claro";"Dupla";"Aclive;Reta";"Sim";3;0;1;0;1;1;1;2;-19,83957589;-44,07684485;"SPRF-MG";"DEL01-MG";"UOP02-DEL01-MG"
261962;2020-01-10;"sexta-feira";"18:35:00";"PR";116;125,5;"FAZENDA RIO GRANDE";"Falta de Atenção à Condução";"Colisão lateral";"Com Vítimas Feridas";"Anoitecer";"Crescente";"Céu Claro";"Múltipla";"Reta";"Sim";2;0;1;0;1;0;1;2;-25,63522957;-49,31332469;"SPRF-PR";"DEL01-PR";"UOP03-DEL01-PR"
261963;2020-01-10;"sexta-feira";"18:45:00";"RN";304;46,8;"MOSSORO";"Ingestão de Álcool";"Colisão transversal";"Com Vítimas Feridas";"Plena Noite";"Crescente";"Céu Claro";"Dupla";"Curva";"Sim";2;0;0;1;1;0;1;2;-5,22579384;-37,340046;"SPRF-RN";"DEL04-RN";"UOP01-DEL04-RN"
261964;2020-01-10;"sexta-feira";"18:30:00";"SP";101;45,4;"UBATUBA";"Ultrapassagem Indevida";"Colisão frontal";"Com Vítimas Feridas";"Anoitecer";"Decrescente";"Nublado";"Simples";"Reta";"Sim";2;0;0;1;1;0;1;2;-23,42080198;-45,07063866;"SPRF-SP";"DEL06-SP";"UOP01-DEL06-SP"
261965;2020-01-10;"sexta-feira";"15:30:00";"MT";70;380;"CAMPO VERDE";"Falta de Atenção à Condução";"Colisão transversal";"Com Vítimas Feridas";"Pleno dia";"Decrescente";"Céu Claro";"Simples";"Reta";"Sim";2;0;1;0;1;0;1;2;-15,54738934;-55,16115189;"SPRF-MT";"DEL05-MT";"UOP01-DEL05-MT"
261966;2020-01-10;"sexta-feira";"16:45:00";"RS";285;606;"SANTO ANTONIO DAS MISSOES";"Pista Escorregadia";"Saída de leito carroçável";"Sem Vítimas";"Pleno dia";"Crescente";"Chuva";"Simples";"Curva";"Não";1;0;0;0;1;0;0;1;-28,493546;-55,344425;"SPRF-RS";"DEL12-RS";"UOP01-DEL12-RS"
261967;2020-01-10;"sexta-feira";"18:15:00";"SC";470;57;"BLUMENAU";"Falta de Atenção à Condução";"Colisão transversal";"Com Vítimas Feridas";"Pleno dia";"Decrescente";"Céu Claro";"Simples";"Interseção de Vias";"Não";2;0;1;0;1;0;1;2;-26,880428;-49,136532;"SPRF-SC";"DEL04-SC";"UOP01-DEL04-SC"
261968;2020-01-10;"sexta-feira";"16:00:00";"MT";158;730;"BARRA DO GARCAS";"Desobediência às normas de trânsito pelo condutor";"Capotamento";"Com Vítimas Feridas";"Pleno dia";"Crescente";"Céu Claro";"Simples";"Curva";"Não";3;0;1;0;2;0;1;1;-15,31333997;-52,16995088;"SPRF-MT";"DEL07-MT";"UOP01-DEL07-MT"
261973;2020-01-10;"sexta-feira";"18:50:00";"RJ";101;314;"SAO GONCALO";"Não guardar distância de segurança";"Colisão lateral";"Com Vítimas Feridas";"Plena Noite";"Decrescente";"Nublado";"Dupla";"Reta";"Sim";2;0;1;0;1;0;1;2;-22,81648739;-43,07728467;"SPRF-RJ";"DEL02-RJ";"UOP02-DEL02-RJ"
261974;2020-01-10;"sexta-feira";"18:10:00";"RJ";493;119,7;"ITAGUAI";"Desobediência às normas de trânsito pelo condutor";"Saída de leito carroçável";"Com Vítimas Feridas";"Anoitecer";"Crescente";"Céu Claro";"Dupla";"Curva";"Sim";2;0;1;1;0;0;2;1;-22,87237931;-43,8155365;"SPRF-RJ";"DEL03-RJ";"UOP01-DEL03-RJ"
261975;2020-01-10;"sexta-feira";"19:50:00";"SC";470;169;"POUSO REDONDO";"Desobediência às normas de trânsito pelo condutor";"Colisão frontal";"Sem Vítimas";"Plena Noite";"Decrescente";"Chuva";"Simples";"Reta";"Não";2;0;0;0;2;0;0;2;-27,265471;-49,882442;"SPRF-SC";"DEL04-SC";"UOP02-DEL04-SC"
261976;2020-01-10;"sexta-feira";"17:15:00";"SC";280;41;"ARAQUARI";"Velocidade Incompatível";"Capotamento";"Com Vítimas Feridas";"Pleno dia";"Crescente";"Céu Claro";"Simples";"Reta";"Não";2;0;2;0;0;0;2;1;-26,45000366;-48,85790902;"SPRF-SC";"DEL03-SC";"UOP03-DEL03-SC"
261978;2020-01-10;"sexta-feira";"18:20:00";"RS";287;262,5;"SANTA MARIA";"Velocidade Incompatível";"Saída de leito carroçável";"Com Vítimas Feridas";"Pleno dia";"Decrescente";"Chuva";"Simples";"Reta";"Não";1;0;1;0;0;0;1;1;-29,67311425;-53,99158702;"SPRF-RS";"DEL09-RS";"UOP01-DEL09-RS"
261980;2020-01-10;"sexta-feira";"19:50:00";"CE";20;427;"FORTALEZA";"Falta de Atenção à Condução";"Colisão lateral";"Com Vítimas Feridas";"Plena Noite";"Decrescente";"Céu Claro";"Dupla";"Reta";"Sim";2;0;1;0;1;0;1;2;-3,86465463;-38,51875305;"SPRF-CE";"DEL01-CE";"UOP02-DEL01-CE"
261981;2020-01-10;"sexta-feira";"18:10:00";"PE";424;101,8;"GARANHUNS";"Falta de Atenção à Condução";"Colisão traseira";"Com Vítimas Feridas";"Plena Noite";"Crescente";"Céu Claro";"Simples";"Reta;Interseção de Vias";"Não";3;0;0;1;1;1;1;3;-8,96537965;-36,51714353;"SPRF-PE";"DEL03-PE";"UOP01-DEL03-PE"
261982;2020-01-10;"sexta-feira";"18:25:00";"RS";116;270;"PORTO ALEGRE";"Não guardar distância de segurança";"Colisão traseira";"Com Vítimas Feridas";"Plena Noite";"Crescente";"Chuva";"Múltipla";"Ponte;Reta";"Sim";2;0;1;0;1;0;1;2;-29,96839095;-51,17623895;"SPRF-RS";"DEL01-RS";"UOP01-DEL01-RS"
261983;2020-01-10;"sexta-feira";"14:00:00";"MG";365;505;"PATROCINIO";"Falta de Atenção à Condução";"Saída de leito carroçável";"Sem Vítimas";"Pleno dia";"Crescente";"Céu Claro";"Simples";"Aclive;Curva";"Não";1;0;0;0;0;1;0;1;-18,95015062;-47,2727949;"SPRF-MG";"DEL10-MG";"UOP01-DEL10-MG"
261984;2020-01-10;"sexta-feira";"19:45:00";"PB";230;17;"JOAO PESSOA";"Ingestão de Álcool";"Colisão com objeto estático";"Sem Vítimas";"Plena Noite";"Decrescente";"Céu Claro";"Múltipla";"Curva;Retorno Regulamentado";"Sim";1;0;0;0;1;0;0;1;-7,1121;-34,8426;"SPRF-PB";"DEL01-PB";"UOP01-DEL01-PB"
261986;2020-01-10;"sexta-feira";"18:20:00";"SC";470;42,2;"GASPAR";"Desobediência às normas de trânsito pelo condutor";"Colisão traseira";"Com Vítimas Feridas";"Pleno dia";"Decrescente";"Nublado";"Simples";"Curva";"Não";2;0;1;0;1;0;1;2;-26,87474139;-49,00603473;"SPRF-SC";"DEL04-SC";"UOP01-DEL04-SC"
261988;2020-01-10;"sexta-feira";"20:35:00";"SC";282;16;"PALHOCA";"Desobediência às normas de trânsito pelo condutor";"Colisão transversal";"Com Vítimas Feridas";"Plena Noite";"Crescente";"Garoa/Chuvisco";"Simples";"Reta";"Sim";2;0;1;0;1;0;1;2;-27,658611;-48,681847;"SPRF-SC";"DEL01-SC";"UOP02-DEL01-SC"
261989;2020-01-10;"sexta-feira";"20:15:00";"SC";101;123,4;"ITAJAI";"Não guardar distância de segurança";"Colisão traseira";"Com Vítimas Feridas";"Plena Noite";"Crescente";"Garoa/Chuvisco";"Dupla";"Declive;Reta";"Sim";4;0;2;0;2;0;2;2;-26,93668609;-48,69876905;"SPRF-SC";"DEL04-SC";"UOP04-DEL04-SC"
261990;2020-01-10;"sexta-feira";"09:30:00";"MG";116;528;"CARATINGA";"Ultrapassagem Indevida";"Colisão lateral";"Com Vítimas Feridas";"Pleno dia";"Decrescente";"Nublado";"Dupla";"Curva";"Sim";2;0;1;1;0;0;2;2;-19,794033;-42,13731414;"SPRF-MG";"DEL06-MG";"UOP02-DEL06-MG"
261991;2020-01-10;"sexta-feira";"20:39:00";"SP";153;74,1;"SAO JOSE DO RIO PRETO";"Velocidade Incompatível";"Atropelamento de Pedestre";"Com Vítimas Fatais";"Plena Noite";"Crescente";"Céu Claro";"Dupla";"Reta;Aclive";"Sim";5;1;0;0;4;0;0;2;-20,88538598;-49,42676402;"SPRF-SP";"DEL09-SP";"UOP01-DEL09-SP"
261992;2020-01-10;"sexta-feira";"20:30:00";"GO";60;88,4;"ANAPOLIS";"Defeito Mecânico no Veículo";"Saída de leito carroçável";"Sem Vítimas";"Plena Noite";"Decrescente";"Céu Claro";"Dupla";"Retorno Regulamentado";"Não";1;0;0;0;1;0;0;1;-16,3315;-48,8885;"SPRF-GO";"DEL02-GO";"UOP01-DEL02-GO"
261993;2020-01-10;"sexta-feira";"20:30:00";"PR";376;500,5;"PONTA GROSSA";"Falta de Atenção do Pedestre";"Atropelamento de Pedestre";"Com Vítimas Fatais";"Plena Noite";"Decrescente";"Nublado";"Dupla";"Reta";"Sim";2;1;0;0;1;0;0;2;-25,20185079;-50,07092178;"SPRF-PR";"DEL03-PR";"UOP04-DEL03-PR"
261994;2020-01-10;"sexta-feira";"20:40:00";"BA";407;5,1;"JUAZEIRO";"Ultrapassagem Indevida";"Colisão lateral";"Com Vítimas Feridas";"Plena Noite";"Crescente";"Céu Claro";"Simples";"Reta";"Sim";2;0;1;0;1;0;1;2;-9,44778544;-40,49043801;"SPRF-PE";"DEL06-PE";"UOP01-DEL06-PE"
261995;2020-01-10;"sexta-feira";"14:00:00";"MA";222;198;"ITAPECURU MIRIM";"Ingestão de Álcool";"Colisão traseira";"Com Vítimas Fatais";"Pleno dia";"Crescente";"Nublado";"Simples";"Reta";"Não";3;1;0;1;1;0;1;2;-3,45335105;-44,30532702;"SPRF-MA";"DEL01-MA";"UOP02-DEL01-MA"
261996;2020-01-10;"sexta-feira";"20:50:00";"RN";304;107,5;"ACU";"Animais na Pista";"Atropelamento de Animal";"Com Vítimas Feridas";"Plena Noite";"Crescente";"Nublado";"Simples";"Reta";"Não";1;0;1;0;0;0;1;1;-5,58746372;-36,96302004;"SPRF-RN";"DEL04-RN";"UOP01-DEL04-RN"