"id";"data_inversa";"dia_semana";"horario";"uf";"br";"km";"municipio";"causa_acidente";"tipo_acidente";"classificacao_acidente";"fase_dia";"sentido_via";"condicao_metereologica";"tipo_pista";"tracado_via";"uso_solo";"pessoas";"mortos";"feridos_leves";"feridos_graves";"ilesos";"ignorados";"feridos";"veiculos";"latitude";"longitude";"regional";"delegacia";"uop"
261998;2020-01-10;"sexta-feira";"21:40:00";"SP";116;15,1;"QUELUZ";"Animais na Pista";"Atropelamento de Animal";"Sem Vítimas";"Plena Noite";"Crescente";"Céu Claro";"Dupla";"Curva";"Não";1;0;0;0;1;0;0;1;-22,56007021;-44,82886594;"SPRF-SP";"DEL08-SP";"UOP02-DEL08-SP"
261999;2020-01-10;"sexta-feira";"18:30:00";"MG";262;446,1;"NOVA SERRANA";"Ingestão de Álcool";"Colisão com objeto estático";"Com Vítimas Feridas";"Plena Noite";"Decrescente";"Céu Claro";"Múltipla";"Rotatória";"Sim";1;0;1;0;0;0;1;1;-19,86395521;-44,99791861;"SPRF-MG";"DEL08-MG";"UOP03-DEL08-MG"
262000;2020-01-10;"sexta-feira";"21:20:00";"RJ";40;123;"DUQUE DE CAXIAS";"Falta de Atenção à Condução";"Colisão frontal";"Com Vítimas Feridas";"Plena Noite";"Crescente";"Céu Claro";"Simples";"Curva";"Sim";2;0;1;0;1;0;1;2;-22,79907687;-43,29015739;"SPRF-RJ";"DEL01-RJ";"UOP01-DEL01-RJ"
262001;2020-01-10;"sexta-feira";"21:35:00";"RN";101;99,5;"NATAL";"Avarias e/ou desgaste excessivo no pneu";"Queda de ocupante de veículo";"Com Vítimas Feridas";"Plena Noite";"Crescente";"Céu Claro";"Dupla";"Reta";"Sim";1;0;1;0;0;0;1;1;-5,87359183;-35,22063023;"SPRF-RN";"DEL01-RN";"UOP01-DEL01-RN"
262003;2020-01-10;"sexta-feira";"20:00:00";"RS";153;655,5;"ACEGUA";"Animais na Pista";"Atropelamento de Animal";"Sem Vítimas";"Plena Noite";"Decrescente";"Céu Claro";"Simples";"Reta";"Não";3;0;0;0;3;0;0;2;-31,52910702;-54,13796358;"SPRF-RS";"DEL11-RS";"UOP03-DEL11-RS"
262004;2020-01-10;"sexta-feira";"19:30:00";"SC";282;518,8;"XAXIM";"Avarias e/ou desgaste excessivo no pneu";"Colisão frontal";"Com Vítimas Feridas";"Plena Noite";"Crescente";"Chuva";"Simples";"Reta";"Não";3;0;0;3;0;0;3;2;-26,944099;-52,508427;"SPRF-SC";"DEL07-SC";"UOP01-DEL07-SC"
262007;2020-01-10;"sexta-feira";"21:43:00";"SC";101;119,2;"ITAJAI";"Ingestão de Álcool";"Colisão traseira";"Com Vítimas Feridas";"Plena Noite";"Crescente";"Chuva";"Dupla";"Reta";"Sim";3;0;1;0;2;0;1;2;-26,9043179;-48,71555481;"SPRF-SC";"DEL04-SC";"UOP04-DEL04-SC"
262010;2020-01-10;"sexta-feira";"23:30:00";"SP";381;33;"ATIBAIA";"Falta de Atenção à Condução";"Queda de ocupante de veículo";"Com Vítimas Feridas";"Plena Noite";"Decrescente";"Céu Claro";"Dupla";"Reta";"Não";1;0;1;0;0;0;1;1;-23,0728028;-46,56673562;"SPRF-SP";"DEL03-SP";"UOP01-DEL03-SP"
262011;2020-01-10;"sexta-feira";"20:50:00";"MG";116;486,6;"DOM CAVATI";"Falta de Atenção do Pedestre";"Atropelamento de Pedestre";"Com Vítimas Fatais";"Plena Noite";"Decrescente";"Céu Claro";"Simples";"Reta";"Não";2;1;0;0;0;1;0;2;-19,44426987;-42,12927583;"SPRF-MG";"DEL06-MG";"UOP02-DEL06-MG"
262013;2020-01-10;"sexta-feira";"22:50:00";"MG";262;353;"BETIM";"Desobediência às normas de trânsito pelo condutor";"Colisão frontal";"Com Vítimas Feridas";"Plena Noite";"Crescente";"Nublado";"Simples";"Retorno Regulamentado";"Não";2;0;1;0;1;0;1;2;-19,97670801;-44,19962698;"SPRF-MG";"DEL01-MG";"UOP03-DEL01-MG"
262014;2020-01-10;"sexta-feira";"20:30:00";"PR";272;409;"JANIOPOLIS";"Agressão Externa";"Saída de leito carroçável";"Com Vítimas Feridas";"Plena Noite";"Decrescente";"Céu Claro";"Simples";"Reta";"Não";3;0;2;0;1;0;2;1;-24,13002624;-52,77056639;"SPRF-PR";"DEL04-PR";"UOP03-DEL09-PR"
262016;2020-01-10;"sexta-feira";"23:00:00";"SC";101;367;"ICARA";"Pista Escorregadia";"Saída de leito carroçável";"Com Vítimas Feridas";"Plena Noite";"Crescente";"Chuva";"Dupla";"Curva;Aclive";"Não";5;0;4;1;0;0;5;1;-28,69145778;-49,16484911;"SPRF-SC";"DEL02-SC";"UOP01-DEL02-SC"
262017;2020-01-10;"sexta-feira";"23:40:00";"SC";101;367;"SANGAO";"Pista Escorregadia";"Saída de leito carroçável";"Com Vítimas Feridas";"Plena Noite";"Decrescente";"Chuva";"Dupla";"Curva";"Não";2;0;1;0;1;0;1;1;-28,69145778;-49,16484911;"SPRF-SC";"DEL02-SC";"UOP01-DEL02-SC"
262020;2020-01-10;"sexta-feira";"23:30:00";"PR";163;80;"PLANALTO";"Ingestão de Álcool";"Saída de leito carroçável";"Com Vítimas Feridas";"Plena Noite";"Crescente";"Chuva";"Simples";"Curva";"Não";1;0;0;1;0;0;1;1;-25,75459913;-53,80004767;"SPRF-PR";"DEL02-PR";"UOP02-DEL02-PR"
262022;2020-01-11;"sábado";"00:05:00";"PR";476;130;"CURITIBA";"Não guardar distância de segurança";"Colisão com objeto estático";"Com Vítimas Feridas";"Plena Noite";"Crescente";"Nublado";"Múltipla";"Curva";"Sim";3;0;0;2;1;0;2;2;-25,449564;-49,236427;"SPRF-PR";"DEL01-PR";"UOP07-DEL01-PR"
262024;2020-01-10;"sexta-feira";"22:10:00";"BA";116;910;"ENCRUZILHADA";"Falta de Atenção à Condução";"Colisão traseira";"Com Vítimas Feridas";"Plena Noite";"Crescente";"Céu Claro";"Simples";"Reta;Aclive";"Não";2;0;1;0;1;0;1;2;-15,51613;-41,23852;"SPRF-BA";"DEL08-BA";"UOP03-DEL08-BA"
262025;2020-01-11;"sábado";"00:40:00";"RS";116;148,4;"CAXIAS DO SUL";"Velocidade Incompatível";"Saída de leito carroçável";"Sem Vítimas";"Plena Noite";"Crescente";"Nublado";"Dupla";"Curva;Declive";"Não";1;0;0;0;0;1;0;1;-29,15444539;-51,15101681;"SPRF-RS";"DEL05-RS";"UOP01-DEL05-RS"
262027;2020-01-11;"sábado";"01:45:00";"GO";20;93,9;"VILA BOA";"Falta de Atenção à Condução";"Colisão com objeto estático";"Com Vítimas Feridas";"Plena Noite";"Crescente";"Nublado";"Simples";"Ponte";"Não";3;0;2;1;0;0;3;1;-14,997916;-47,030605;"SPRF-DF";"DEL02-DF";"UOP01-DEL02-DF"
262029;2020-01-11;"sábado";"00:30:00";"MA";230;404;"BALSAS";"Ingestão de Álcool";"Colisão lateral";"Com Vítimas Feridas";"Plena Noite";"Crescente";"Céu Claro";"Simples";"Reta";"Sim";2;0;2;0;0;0;2;2;-7,52339895;-46,04122203;"SPRF-MA";"DEL05-MA";"UOP01-DEL05-MA"
262033;2020-01-11;"sábado";"03:20:00";"PA";316;63;"CASTANHAL";"Ingestão de Álcool";"Capotamento";"Com Vítimas Feridas";"Plena Noite";"Crescente";"Céu Claro";"Dupla";"Reta";"Sim";1;0;1;0;0;0;1;1;-1,29679363;-47,92878096;"SPRF-PA";"DEL01-PA";"UOP01-DEL01-PA"
262034;2020-01-11;"sábado";"03:05:00";"RS";116;529;"CAPAO DO LEAO";"Ingestão de Álcool";"Colisão traseira";"Sem Vítimas";"Plena Noite";"Crescente";"Céu Claro";"Simples";"Reta";"Não";2;0;0;0;2;0;0;2;-31,75446042;-52,42803583;"SPRF-RS";"DEL07-RS";"UOP01-DEL07-RS"
262035;2020-01-11;"sábado";"04:20:00";"RS";386;14,9;"FREDERICO WESTPHALEN";"Condutor Dormindo";"Colisão frontal";"Com Vítimas Fatais";"Plena Noite";"Crescente";"Nublado";"Simples";"Curva";"Não";9;1;4;3;1;0;7;2;-27,239553;-53,328884;"SPRF-RS";"DEL08-RS";"UOP02-DEL08-RS"
262036;2020-01-11;"sábado";"02:30:00";"MT";364;202,5;"RONDONOPOLIS";"Ingestão de Álcool";"Colisão com objeto estático";"Sem Vítimas";"Plena Noite";"Crescente";"Céu Claro";"Dupla";"Reta;Ponte";"Sim";1;0;0;0;1;0;0;1;-16,48347324;-54,64970354;"SPRF-MT";"DEL02-MT";"UOP01-DEL02-MT"
262039;2020-01-11;"sábado";"03:00:00";"PR";376;106,9;"PARANAVAI";"Velocidade Incompatível";"Colisão com objeto estático";"Sem Vítimas";"Plena Noite";"Crescente";"Céu Claro";"Dupla";"Interseção de Vias";"Sim";1;0;0;0;0;1;0;1;-23,06146;-52,43401;"SPRF-PR";"DEL07-PR";"UOP02-DEL09-PR"
262040;2020-01-11;"sábado";"05:10:00";"RS";116;528;"CAPAO DO LEAO";"Não guardar distância de segurança";"Colisão traseira";"Com Vítimas Feridas";"Amanhecer";"Crescente";"Nublado";"Simples";"Reta";"Sim";2;0;1;0;1;0;1;2;-31,75074207;-52,41851397;"SPRF-RS";"DEL07-RS";"UOP01-DEL07-RS"
262043;2020-01-11;"sábado";"05:15:00";"MG";262;676,2;"ARAXA";"Condutor Dormindo";"Saída de leito carroçável";"Com Vítimas Feridas";"Amanhecer";"Crescente";"Nublado";"Simples";"Reta";"Não";2;0;2;0;0;0;2;1;-19,55095536;-46,85117969;"SPRF-MG";"DEL08-MG";"UOP01-DEL08-MG"
262044;2020-01-11;"sábado";"04:10:00";"SC";101;198;"BIGUACU";"Agressão Externa";"Saída de leito carroçável";"Com Vítimas Feridas";"Amanhecer";"Decrescente";"Chuva";"Dupla";"Reta";"Não";3;0;1;0;2;0;1;1;-27,52658712;-48,63506019;"SPRF-SC";"DEL01-SC";"UOP01-DEL01-SC"
262046;2020-01-11;"sábado";"04:50:00";"PE";104;85,9;"AGRESTINA";"Ingestão de Álcool";"Colisão lateral";"Sem Vítimas";"Amanhecer";"Crescente";"Céu Claro";"Simples";"Curva";"Não";6;0;0;0;6;0;0;2;-8,438719;-35,955177;"SPRF-PE";"DEL02-PE";"UOP01-DEL02-PE"
262047;2020-01-11;"sábado";"05:30:00";"SP";116;175;"JACAREI";"Ingestão de Álcool";"Colisão com objeto estático";"Com Vítimas Feridas";"Amanhecer";"Crescente";"Céu Claro";"Dupla";"Reta;Aclive";"Sim";1;0;0;1;0;0;1;1;-23,32173972;-46,100353;"SPRF-SP";"DEL02-SP";"UOP01-DEL02-SP"
262048;2020-01-11;"sábado";"03:50:00";"MG";356;276,5;"EUGENOPOLIS";"Ingestão de Álcool";"Saída de leito carroçável";"Com Vítimas Feridas";"Plena Noite";"Crescente";"Nevoeiro/Neblina";"Simples";"Declive;Curva";"Não";3;0;2;1;0;0;3;1;-21,1259893;-42,27931031;"SPRF-MG";"DEL07-MG";"UOP02-DEL07-MG"
262049;2020-01-11;"sábado";"00:30:00";"BA";116;63,7;"CHORROCHO";"Condutor Dormindo";"Saída de leito carroçável";"Com Vítimas Feridas";"Plena Noite";"Decrescente";"Céu Claro";"Simples";"Reta";"Não";4;0;3;0;1;0;3;1;-9,15582996;-39,11560992;"SPRF-PE";"DEL05-PE";"UOP03-DEL05-PE"
262050;2020-01-11;"sábado";"00:40:00";"GO";153;535;"HIDROLANDIA";"Condutor Dormindo";"Saída de leito carroçável";"Com Vítimas Feridas";"Plena Noite";"Crescente";"Nublado";"Dupla";"Declive";"Não";2;0;2;0;0;0;2;1;-17,01;-49,2202;"SPRF-GO";"DEL01-GO";"UOP03-DEL01-GO"
262051;2020-01-11;"sábado";"06:00:00";"SP";116;220,7;"GUARULHOS";"Condutor Dormindo";"Saída de leito carroçável";"Com Vítimas Feridas";"Amanhecer";"Decrescente";"Nublado";"Múltipla";"Reta";"Não";3;0;3;0;0;0;3;1;-23,46472809;-46,49793962;"SPRF-SP";"DEL01-SP";"UOP01-DEL01-SP"
262052;2020-01-10;"sexta-feira";"21:10:00";"RS";392;248;"CACAPAVA DO SUL";"Ingestão de Álcool";"Saída de leito carroçável";"Sem Vítimas";"Plena Noite";"Crescente";"Nublado";"Simples";"Curva";"Não";2;0;0;0;2;0;0;1;-30,55514684;-53,40981067;"SPRF-RS";"DEL09-RS";"UOP02-DEL09-RS"
262053;2020-01-11;"sábado";"06:30:00";"MG";153;147;"CAMPO FLORIDO";"Falta de Atenção à Condução";"Colisão transversal";"Com Vítimas Feridas";"Pleno dia";"Crescente";"Nublado";"Simples";"Interseção de Vias";"Não";47;0;7;0;39;1;7;3;-19,62977451;-48,84916306;"SPRF-MG";"DEL13-MG";"UOP02-DEL13-MG"
262054;2020-01-11;"sábado";"05:50:00";"MG";262;803,9;"UBERABA";"Falta de Atenção à Condução";"Colisão traseira";"Sem Vítimas";"Pleno dia";"Crescente";"Céu Claro";"Dupla";"Interseção de Vias";"Sim";2;0;0;0;2;0;0;2;-19,77509606;-47,97201785;"SPRF-MG";"DEL13-MG";"UOP01-DEL13-MG"
262055;2020-01-11;"sábado";"05:30:00";"MT";163;821;"SINOP";"Falta de Atenção à Condução";"Danos eventuais";"Com Vítimas Feridas";"Amanhecer";"Crescente";"Céu Claro";"Simples";"Reta";"Sim";2;0;1;0;0;1;1;2;-12,112411;-55,51673304;"SPRF-MT";"DEL06-MT";"UOP01-DEL06-MT"
262056;2020-01-10;"sexta-feira";"21:55:00";"SC";470;97;"APIUNA";"Desobediência às normas de trânsito pelo condutor";"Colisão traseira";"Com Vítimas Feridas";"Plena Noite";"Crescente";"Chuva";"Simples";"Reta";"Não";2;0;1;0;1;0;1;2;-27,026621;-49,378124;"SPRF-SC";"DEL04-SC";"UOP01-DEL04-SC"
262057;2020-01-11;"sábado";"06:50:00";"RS";158;333;"SANTA MARIA";"Ingestão de Álcool";"Saída de leito carroçável";"Sem Vítimas";"Pleno dia";"Decrescente";"Céu Claro";"Dupla";"Curva;Interseção de Vias;Rotatória";"Sim";4;0;0;0;1;3;0;2;-29,7075633;-53,85413894;"SPRF-RS";"DEL09-RS";"UOP01-DEL09-RS"
262062;2020-01-10;"sexta-feira";"21:00:00";"PI";316;182;"VALENCA DO PIAUI";"Animais na Pista";"Atropelamento de Animal";"Com Vítimas Feridas";"Plena Noite";"Crescente";"Nublado";"Simples";"Curva";"Não";1;0;1;0;0;0;1;1;-6,25772823;-41,9599383;"SPRF-PI";"DEL04-PI";"UOP02-DEL04-PI"
262064;2020-01-11;"sábado";"07:45:00";"AP";210;0,3;"MACAPA";"Falta de Atenção à Condução";"Engavetamento";"Com Vítimas Feridas";"Pleno dia";"Decrescente";"Céu Claro";"Dupla";"Reta";"Sim";3;0;1;0;2;0;1;3;0,07756946;-51,06333733;"SPRF-AP";"DEL01-AP";"UOP01-DEL01-AP"
262066;2020-01-11;"sábado";"08:30:00";"DF";40;5;"BRASILIA";"Falta de Atenção à Condução";"Queda de ocupante de veículo";"Com Vítimas Feridas";"Pleno dia";"Decrescente";"Céu Claro";"Simples";"Reta";"Sim";1;0;1;0;0;0;1;1;-16,020903;-47,980541;"SPRF-DF";"DEL01-DF";"UOP01-DEL01-DF"
262068;2020-01-11;"sábado";"08:20:00";"DF";70;3;"BRASILIA";"Falta de Atenção à Condução";"Colisão lateral";"Com Vítimas Feridas";"Pleno dia";"Decrescente";"Céu Claro";"Simples";"Reta";"Sim";2;0;1;0;1;0;1;2;-15,802453;-48,080387;"SPRF-DF";"DEL01-DF";"UOP02-DEL03-DF"
262070;2020-01-11;"sábado";"09:00:00";"RS";116;149,4;"CAXIAS DO SUL";"Ingestão de Álcool";"Colisão traseira";"Com Vítimas Feridas";"Pleno dia";"Decrescente";"Chuva";"Dupla";"Reta";"Sim";3;0;0;1;2;0;1;3;-29,15996905;-51,15645292;"SPRF-RS";"DEL05-RS";"UOP01-DEL05-RS"
262071;2020-01-11;"sábado";"06:00:00";"RR";174;539,9;"BOA VISTA";"Ingestão de Álcool";"Colisão frontal";"Com Vítimas Fatais";"Amanhecer";"Decrescente";"Céu Claro";"Simples";"Reta";"Não";4;3;1;0;0;0;1;2;3,081079;-60,810467;"SPRF-RR";"DEL01-RR";"UOP01-DEL01-RR"
262073;2020-01-11;"sábado";"09:00:00";"PE";101;5;"GOIANA";"Falta de Atenção à Condução";"Capotamento";"Com Vítimas Feridas";"Pleno dia";"Decrescente";"Céu Claro";"Simples";"Reta";"Não";1;0;1;0;0;0;1;1;-7,541764;-34,991394;"SPRF-PE";"DEL01-PE";"UOP02-DEL01-PE"
262075;2020-01-11;"sábado";"08:30:00";"RJ";116;167;"SAO JOAO DE MERITI";"Falta de Atenção à Condução";"Queda de ocupante de veículo";"Com Vítimas Feridas";"Pleno dia";"Decrescente";"Céu Claro";"Múltipla";"Reta";"Sim";1;0;1;0;0;0;1;1;-22,81803977;-43,30787252;"SPRF-RJ";"DEL01-RJ";"UOP02-DEL01-RJ"
262076;2020-01-11;"sábado";"05:00:00";"PR";277;34;"MORRETES";"Falta de Atenção à Condução";"Saída de leito carroçável";"Com Vítimas Feridas";"Plena Noite";"Crescente";"Nublado";"Dupla";"Reta";"Não";1;0;1;0;0;0;1;1;-25,547373;-48,790559;"SPRF-PR";"DEL01-PR";"UOP05-DEL01-PR"
262078;2020-01-11;"sábado";"08:45:00";"SC";101;41,5;"JOINVILLE";"Falta de Atenção à Condução";"Colisão traseira";"Com Vítimas Feridas";"Pleno dia";"Decrescente";"Nublado";"Dupla";"Aclive;Viaduto;Reta";"Sim";2;0;1;0;1;0;1;2;-26,32013296;-48,87048125;"SPRF-SC";"DEL03-SC";"UOP01-DEL03-SC"
262081;2020-01-11;"sábado";"08:10:00";"PR";376;473,6;"PONTA GROSSA";"Velocidade Incompatível";"Saída de leito carroçável";"Sem Vítimas";"Pleno dia";"Decrescente";"Chuva";"Dupla";"Curva";"Não";1;0;0;0;1;0;0;1;-25,03423553;-50,30549895;"SPRF-PR";"DEL03-PR";"UOP01-DEL03-PR"
262083;2020-01-11;"sábado";"09:00:00";"MG";381;503;"BETIM";"Defeito Mecânico no Veículo";"Tombamento";"Com Vítimas Feridas";"Pleno dia";"Crescente";"Céu Claro";"Dupla";"Reta";"Sim";2;0;2;0;0;0;2;1;-20,02957115;-44,23570061;"SPRF-MG";"DEL01-MG";"UOP03-DEL01-MG"
262087;2020-01-11;"sábado";"08:45:00";"PR";376;450,8;"TIBAGI";"Velocidade Incompatível";"Saída de leito carroçável";"Com Vítimas Feridas";"Pleno dia";"Crescente";"Garoa/Chuvisco";"Dupla";"Curva";"Não";2;0;0;2;0;0;2;1;-24,87640269;-50,4429853;"SPRF-PR";"DEL03-PR";"UOP02-DEL03-PR"
262088;2020-01-11;"sábado";"09:00:00";"PR";376;380;"IMBAU";"Defeito Mecânico no Veículo";"Saída de leito carroçável";"Com Vítimas Feridas";"Pleno dia";"Crescente";"Chuva";"Simples";"Aclive;Curva";"Não";1;0;1;0;0;0;1;1;-24,4047;-50,7844;"SPRF-PR";"DEL03-PR";"UOP02-DEL03-PR"
262089;2020-01-11;"sábado";"05:10:00";"CE";222;30,1;"CAUCAIA";"Velocidade Incompatível";"Saída de leito carroçável";"Sem Vítimas";"Amanhecer";"Decrescente";"Ignorado";"Simples";"Interseção de Vias";"Não";1;0;0;0;0;1;0;1;-3,71177966;-38,81972495;"SPRF-CE";"DEL01-CE";"UOP01-DEL01-CE"
262090;2020-01-11;"sábado";"09:50:00";"SC";280;90,7;"CORUPA";"Velocidade Incompatível";"Queda de ocupante de veículo";"Com Vítimas Feridas";"Pleno dia";"Decrescente";"Céu Claro";"Simples";"Curva";"Não";1;0;1;0;0;0;1;1;-26,407423;-49,283504;"SPRF-SC";"DEL06-SC";"UOP03-DEL06-SC"
262093;2020-01-11;"sábado";"09:30:00";"RS";290;701;"URUGUAIANA";"Falta de Atenção à Condução";"Colisão traseira";"Com Vítimas Feridas";"Pleno dia";"Decrescente";"Céu Claro";"Simples";"Curva";"Não";2;0;1;0;1;0;1;2;-29,862398;-56,894096;"SPRF-RS";"DEL13-RS";"UOP01-DEL13-RS"
262094;2020-01-11;"sábado";"08:30:00";"SC";280;25;"ARAQUARI";"Não guardar distância de segurança";"Colisão traseira";"Com Vítimas Feridas";"Pleno dia";"Crescente";"Céu Claro";"Simples";"Reta";"Não";4;0;2;0;2;0;2;3;-26,38352781;-48,72677516;"SPRF-SC";"DEL03-SC";"UOP03-DEL03-SC"
262096;2020-01-11;"sábado";"10:00:00";"CE";20;430;"FORTALEZA";"Desobediência às normas de trânsito pelo condutor";"Colisão transversal";"Com Vítimas Feridas";"Pleno dia";"Decrescente";"Céu Claro";"Simples";"Reta";"Sim";2;0;1;0;1;0;1;2;-3,76999035;-38,67006282;"SPRF-CE";"DEL01-CE";"UOP02-DEL01-CE"
262097;2020-01-11;"sábado";"10:00:00";"GO";40;22;"LUZIANIA";"Velocidade Incompatível";"Saída de leito carroçável";"Com Vítimas Feridas";"Pleno dia";"Crescente";"Céu Claro";"Dupla";"Reta";"Sim";2;0;2;0;0;0;2;1;-16,227484;-47,914109;"SPRF-DF";"DEL01-DF";"UOP01-DEL01-DF"
262098;2020-01-11;"sábado";"09:45:00";"RO";364;318,9;"PRESIDENTE MEDICI";"Mal Súbito";"Colisão com objeto estático";"Com Vítimas Feridas";"Pleno dia";"Decrescente";"Sol";"Simples";"Reta";"Sim";1;0;1;0;0;0;1;1;-11,085351;-61,91477;"SPRF-RO";"DEL02-RO";"UOP01-DEL02-RO"
262099;2020-01-11;"sábado";"10:30:00";"SP";116;177;"GUARAREMA";"Objeto estático sobre o leito carroçável";"Colisão traseira";"Com Vítimas Feridas";"Pleno dia";"Crescente";"Sol";"Dupla";"Reta";"Não";3;0;1;1;1;0;2;2;-23,32333315;-46,11958293;"SPRF-SP";"DEL02-SP";"UOP01-DEL02-SP"
262101;2020-01-11;"sábado";"11:00:00";"SC";101;208;"SAO JOSE";"Ingestão de Álcool";"Colisão traseira";"Sem Vítimas";"Pleno dia";"Crescente";"Nublado";"Dupla";"Reta";"Sim";2;0;0;0;2;0;0;2;-27,60327979;-48,63201818;"SPRF-SC";"DEL01-SC";"UOP01-DEL01-SC"
262102;2020-01-11;"sábado";"08:50:00";"MG";40;44,7;"PARACATU";"Falta de Atenção à Condução";"Colisão transversal";"Com Vítimas Feridas";"Pleno dia";"Crescente";"Céu Claro";"Simples";"Reta";"Sim";4;0;2;0;2;0;2;2;-17,23101648;-46,85390396;"SPRF-MG";"DEL14-MG";"UOP01-DEL14-MG"
262103;2020-01-11;"sábado";"11:00:00";"RN";405;1;"MOSSORO";"Ingestão de Álcool";"Colisão transversal";"Com Vítimas Feridas";"Pleno dia";"Crescente";"Céu Claro";"Simples";"Reta";"Sim";2;0;1;1;0;0;2;2;-5,19170196;-37,361471;"SPRF-RN";"DEL04-RN";"UOP02-DEL04-RN"
262104;2020-01-11;"sábado";"11:08:00";"MG";50;140;"UBERABA";"Falta de Atenção à Condução";"Saída de leito carroçável";"Com Vítimas Feridas";"Pleno dia";"Crescente";"Chuva";"Dupla";"Reta";"Não";2;0;1;0;1;0;1;1;-19,47657604;-48,05332612;"SPRF-MG";"DEL13-MG";"UOP01-DEL13-MG"
262105;2020-01-11;"sábado";"10:50:00";"RJ";116;122;"MAGE";"Falta de Atenção à Condução";"Colisão traseira";"Sem Vítimas";"Pleno dia";"Decrescente";"Céu Claro";"Dupla";"Reta";"Sim";4;0;0;0;4;0;0;3;-22,63509742;-43,05577963;"SPRF-RJ";"DEL04-RJ";"UOP02-DEL04-RJ"
262106;2020-01-11;"sábado";"11:00:00";"PB";230;64;"SAO MIGUEL DE TAIPU";"Falta de Atenção à Condução";"Saída de leito carroçável";"Com Vítimas Feridas";"Pleno dia";"Crescente";"Céu Claro";"Dupla";"Declive;Reta";"Não";1;0;1;0;0;0;1;1;-7,1944;-35,1754;"SPRF-PB";"DEL01-PB";"UOP03-DEL01-PB"
262107;2020-01-11;"sábado";"11:20:00";"SP";116;193;"SANTA ISABEL";"Defeito Mecânico no Veículo";"Tombamento";"Com Vítimas Feridas";"Pleno dia";"Decrescente";"Céu Claro";"Dupla";"Reta";"Não";2;0;1;0;1;0;1;1;-23,380407;-46,258509;"SPRF-SP";"DEL02-SP";"UOP01-DEL02-SP"
262108;2020-01-11;"sábado";"10:55:00";"MT";364;398;"CUIABA";"Desobediência às normas de trânsito pelo condutor";"Colisão transversal";"Com Vítimas Feridas";"Pleno dia";"Decrescente";"Céu Claro";"Dupla";"Interseção de Vias";"Não";2;0;1;0;1;0;1;2;-15,6659853;-55,961398;"SPRF-MT";"DEL02-MT";"UOP02-DEL01-MT"
262109;2020-01-11;"sábado";"09:30:00";"PI";407;453,5;"JAICOS";"Pista Escorregadia";"Saída de leito carroçável";"Com Vítimas Feridas";"Pleno dia";"Crescente";"Céu Claro";"Simples";"Reta";"Não";2;0;0;2;0;0;2;1;-7,25800029;-41,23021722;"SPRF-PI";"DEL04-PI";"UOP01-DEL04-PI"
262111;2020-01-11;"sábado";"11:30:00";"MG";381;484,3;"BETIM";"Falta de Atenção à Condução";"Colisão lateral";"Com Vítimas Feridas";"Pleno dia";"Crescente";"Céu Claro";"Dupla";"Reta";"Sim";2;0;1;0;1;0;1;2;-19,95941827;-44,08754284;"SPRF-MG";"DEL01-MG";"UOP03-DEL01-MG"
262112;2020-01-11;"sábado";"11:20:00";"RS";470;218;"BENTO GONCALVES";"Falta de Atenção à Condução";"Colisão transversal";"Com Vítimas Feridas";"Pleno dia";"Decrescente";"Nublado";"Simples";"Interseção de Vias";"Sim";4;0;1;0;3;0;1;2;-29,18236765;-51,5201399;"SPRF-RS";"DEL06-RS";"UOP01-DEL06-RS"
262114;2020-01-11;"sábado";"12:00:00";"SP";381;82;"SAO PAULO";"Desobediência às normas de trânsito pelo condutor";"Colisão lateral";"Com Vítimas Feridas";"Pleno dia";"Decrescente";"Céu Claro";"Dupla";"Reta";"Sim";3;0;2;0;1;0;2;2;-23,42399;-46,575112;"SPRF-SP";"DEL03-SP";"UOP01-DEL03-SP"
262119;2020-01-11;"sábado";"08:55:00";"TO";153;211,1;"NOVA OLINDA";"Condutor Dormindo";"Saída de leito carroçável";"Com Vítimas Feridas";"Pleno dia";"Decrescente";"Chuva";"Simples";"Reta";"Não";2;0;0;2;0;0;2;1;-7,74351882;-48,45084753;"SPRF-TO";"DEL02-TO";"UOP01-DEL02-TO"
262121;2020-01-11;"sábado";"12:50:00";"GO";40;2;"VALPARAISO DE GOIAS";"Falta de Atenção à Condução";"Atropelamento de Pedestre";"Com Vítimas Feridas";"Pleno dia";"Crescente";"Céu Claro";"Simples";"Reta";"Sim";3;0;1;0;1;1;1;3;-16,067129;-47,984235;"SPRF-DF";"DEL01-DF";"UOP01-DEL01-DF"
262124;2020-01-11;"sábado";"12:45:00";"MG";381;907,4;"CAMBUI";"Velocidade Incompatível";"Saída de leito carroçável";"Com Vítimas Feridas";"Pleno dia";"Crescente";"Nublado";"Dupla";"Curva;Aclive";"Não";1;0;0;1;0;0;1;1;-22,67446993;-46,09750709;"SPRF-MG";"DEL16-MG";"UOP03-DEL16-MG"
262125;2020-01-11;"sábado";"12:20:00";"MG";381;481,1;"BETIM";"Desobediência às normas de trânsito pelo condutor";"Colisão traseira";"Com Vítimas Feridas";"Pleno dia";"Decrescente";"Céu Claro";"Dupla";"Interseção de Vias";"Sim";2;0;0;1;1;0;1;2;-19,95931561;-44,08825597;"SPRF-MG";"DEL01-MG";"UOP03-DEL01-MG"
262126;2020-01-11;"sábado";"13:00:00";"SP";116;276,5;"EMBU DAS ARTES";"Falta de Atenção à Condução";"Queda de ocupante de veículo";"Com Vítimas Feridas";"Pleno dia";"Decrescente";"Sol";"Dupla";"Reta";"Sim";1;0;0;1;0;0;1;1;-23,62509785;-46,81620067;"SPRF-SP";"DEL04-SP";"UOP01-DEL04-SP"