"id";"data_inversa";"dia_semana";"horario";"uf";"br";"km";"municipio";"causa_acidente";"tipo_acidente";"classificacao_acidente";"fase_dia";"sentido_via";"condicao_metereologica";"tipo_pista";"tracado_via";"uso_solo";"pessoas";"mortos";"feridos_leves";"feridos_graves";"ilesos";"ignorados";"feridos";"veiculos";"latitude";"longitude";"regional";"delegacia";"uop"
262227;2020-01-11;"sábado";"17:10:00";"BA";407;34,4;"JUAZEIRO";"Ultrapassagem Indevida";"Colisão lateral";"Sem Vítimas";"Pleno dia";"Decrescente";"Sol";"Simples";"Reta";"Não";5;0;0;0;5;0;0;2;-9,68160282;-40,38019538;"SPRF-BA";"DEL04-BA";"UOP01-DEL04-BA"
262228;2020-01-11;"sábado";"20:04:00";"PR";163;185,5;"SANTA TEREZA DO OESTE";"Falta de Atenção à Condução";"Saída de leito carroçável";"Com Vítimas Feridas";"Plena Noite";"Decrescente";"Céu Claro";"Dupla";"Reta";"Não";1;0;1;0;0;0;1;1;-25,13565591;-53,58359882;"SPRF-PR";"DEL04-PR";"UOP05-DEL05-PR"
262229;2020-01-11;"sábado";"21:20:00";"MS";163;256,2;"DOURADOS";"Falta de Atenção à Condução";"Colisão traseira";"Com Vítimas Feridas";"Plena Noite";"Crescente";"Chuva";"Dupla";"Reta";"Sim";2;0;1;0;0;1;1;2;-22,25913836;-54,80254943;"SPRF-MS";"DEL04-MS";"UOP01-DEL04-MS"
262230;2020-01-11;"sábado";"20:15:00";"PR";476;148,4;"ARAUCARIA";"Falta de Atenção à Condução";"Colisão transversal";"Com Vítimas Feridas";"Plena Noite";"Crescente";"Nublado";"Dupla";"Reta";"Sim";3;0;0;1;0;2;1;3;-25,557121;-49,348732;"SPRF-PR";"DEL01-PR";"UOP06-DEL01-PR"
262231;2020-01-11;"sábado";"22:10:00";"PR";476;136,7;"CURITIBA";"Ingestão de Álcool";"Colisão lateral";"Sem Vítimas";"Plena Noite";"Crescente";"Nublado";"Múltipla";"Reta";"Sim";3;0;0;0;3;0;0;2;-25,49740042;-49,27724361;"SPRF-PR";"DEL01-PR";"UOP03-DEL01-PR"
262233;2020-01-11;"sábado";"23:00:00";"PB";230;23,9;"JOAO PESSOA";"Falta de Atenção à Condução";"Saída de leito carroçável";"Com Vítimas Feridas";"Plena Noite";"Crescente";"Céu Claro";"Dupla";"Reta";"Sim";1;0;1;0;0;0;1;1;-7,1562;-34,8574;"SPRF-PB";"DEL01-PB";"UOP01-DEL01-PB"
262234;2020-01-11;"sábado";"23:30:00";"MA";316;614,4;"TIMON";"Falta de Atenção à Condução";"Colisão com objeto estático";"Com Vítimas Fatais";"Plena Noite";"Crescente";"Céu Claro";"Simples";"Reta";"Sim";2;1;0;1;0;0;1;1;-5,08249109;-42,84059107;"SPRF-MA";"DEL03-MA";"UOP02-DEL03-MA"
262236;2020-01-11;"sábado";"20:40:00";"BA";116;652;"JEQUIE";"Desobediência às normas de trânsito pelo condutor";"Colisão frontal";"Com Vítimas Feridas";"Plena Noite";"Crescente";"Céu Claro";"Simples";"Curva";"Não";7;0;2;3;2;0;5;2;-13,62855903;-40,09262869;"SPRF-BA";"DEL03-BA";"UOP01-DEL03-BA"
262237;2020-01-12;"domingo";"00:00:00";"RN";304;32,8;"MOSSORO";"Desobediência às normas de trânsito pelo condutor";"Colisão traseira";"Com Vítimas Feridas";"Plena Noite";"Decrescente";"Céu Claro";"Dupla";"Reta";"Sim";3;0;0;1;1;1;1;3;-5,14281975;-37,34659016;"SPRF-RN";"DEL04-RN";"UOP02-DEL04-RN"
262238;2020-01-12;"domingo";"00:13:00";"DF";20;21,4;"BRASILIA";"Ingestão de Álcool";"Colisão traseira";"Sem Vítimas";"Plena Noite";"Crescente";"Céu Claro";"Dupla";"Reta";"Sim";2;0;0;0;2;0;0;2;-15,603384;-47,684692;"SPRF-DF";"DEL02-DF";"UOP01-DEL02-DF"
262239;2020-01-11;"sábado";"23:55:00";"RS";290;24,7;"SANTO ANTONIO DA PATRULHA";"Condutor Dormindo";"Saída de leito carroçável";"Com Vítimas Feridas";"Pleno dia";"Decrescente";"Nublado";"Dupla";"Reta";"Não";14;0;11;1;2;0;12;1;-29,881028;-50,500003;"SPRF-RS";"DEL03-RS";"UOP01-DEL03-RS"
262240;2020-01-11;"sábado";"14:10:00";"MG";381;582;"CARMOPOLIS DE MINAS";"Velocidade Incompatível";"Capotamento";"Com Vítimas Feridas";"Pleno dia";"Decrescente";"Sol";"Dupla";"Curva";"Não";3;0;2;0;1;0;2;1;-20,51930642;-44,62405985;"SPRF-MG";"DEL04-MG";"UOP01-DEL04-MG"
262241;2020-01-12;"domingo";"01:00:00";"PI";316;11,5;"TERESINA";"Falta de Atenção à Condução";"Colisão com objeto estático";"Sem Vítimas";"Plena Noite";"Crescente";"Céu Claro";"Simples";"Em Obras;Reta";"Sim";1;0;0;0;1;0;0;1;-5,19487858;-42,75997108;"SPRF-PI";"DEL01-PI";"UOP02-DEL01-PI"
262242;2020-01-12;"domingo";"01:30:00";"RS";116;235;"NOVO HAMBURGO";"Ingestão de Álcool";"Colisão com objeto estático";"Com Vítimas Feridas";"Plena Noite";"Decrescente";"Céu Claro";"Dupla";"Reta";"Sim";3;0;0;2;1;0;2;1;-29,66037586;-51,14386509;"SPRF-RS";"DEL01-RS";"UOP02-DEL01-RS"
262244;2020-01-11;"sábado";"23:45:00";"BA";367;30,9;"PORTO SEGURO";"Deficiência ou não Acionamento do Sistema de Iluminação/Sinalização do Veículo";"Colisão traseira";"Com Vítimas Feridas";"Plena Noite";"Crescente";"Céu Claro";"Simples";"Reta";"Não";3;0;3;0;0;0;3;2;-16,41558116;-39,12658393;"SPRF-BA";"DEL09-BA";"UOP01-DEL09-BA"
262245;2020-01-11;"sábado";"22:03:00";"MS";163;253,8;"DOURADOS";"Falta de Atenção à Condução";"Saída de leito carroçável";"Com Vítimas Fatais";"Plena Noite";"Decrescente";"Chuva";"Dupla";"Rotatória";"Sim";1;1;0;0;0;0;0;1;-22,27313529;-54,81800524;"SPRF-MS";"DEL04-MS";"UOP01-DEL04-MS"
262246;2020-01-12;"domingo";"02:00:00";"SP";116;134;"CACAPAVA";"Falta de Atenção à Condução";"Colisão frontal";"Com Vítimas Feridas";"Plena Noite";"Decrescente";"Céu Claro";"Dupla";"Reta";"Não";5;0;5;0;0;0;5;2;-23,1402216;-45,7617252;"SPRF-SP";"DEL06-SP";"UOP01-DEL06-SP"
262247;2020-01-12;"domingo";"01:40:00";"SP";116;281;"EMBU DAS ARTES";"Ingestão de Álcool";"Colisão traseira";"Com Vítimas Feridas";"Plena Noite";"Decrescente";"Céu Claro";"Dupla";"Reta";"Sim";5;0;3;0;2;0;3;2;-23,65224399;-46,8467921;"SPRF-SP";"DEL04-SP";"UOP01-DEL04-SP"
262249;2020-01-12;"domingo";"01:00:00";"RJ";116;168,9;"RIO DE JANEIRO";"Velocidade Incompatível";"Capotamento";"Com Vítimas Feridas";"Plena Noite";"Crescente";"Céu Claro";"Dupla";"Reta";"Sim";2;0;1;1;0;0;2;1;-22,79090037;-43,36956024;"SPRF-RJ";"DEL01-RJ";"UOP02-DEL01-RJ"
262250;2020-01-12;"domingo";"00:20:00";"SC";101;75;"ARAQUARI";"Defeito Mecânico no Veículo";"Incêndio";"Sem Vítimas";"Plena Noite";"Crescente";"Nublado";"Simples";"Reta";"Não";1;0;0;0;0;1;0;1;-26,5519717;-48,71688324;"SPRF-SC";"DEL03-SC";"UOP02-DEL03-SC"
262251;2020-01-12;"domingo";"00:20:00";"SC";280;48,1;"ARAQUARI";"Falta de Atenção à Condução";"Colisão transversal";"Com Vítimas Feridas";"Plena Noite";"Crescente";"Nublado";"Simples";"Aclive;Interseção de Vias;Reta";"Sim";3;0;1;0;2;0;1;2;-26,45596957;-48,93013895;"SPRF-SC";"DEL03-SC";"UOP03-DEL03-SC"
262253;2020-01-12;"domingo";"00:15:00";"PR";116;16;"CAMPINA GRANDE DO SUL";"Velocidade Incompatível";"Saída de leito carroçável";"Com Vítimas Feridas";"Plena Noite";"Decrescente";"Garoa/Chuvisco";"Dupla";"Curva";"Sim";5;0;1;0;4;0;1;1;-25,09969807;-48,692225;"SPRF-PR";"DEL01-PR";"UOP02-DEL01-PR"
262255;2020-01-12;"domingo";"02:00:00";"MG";381;695,3;"LAVRAS";"Ingestão de Álcool";"Colisão com objeto estático";"Sem Vítimas";"Plena Noite";"Decrescente";"Nublado";"Dupla";"Aclive;Reta";"Não";1;0;0;0;1;0;0;1;-21,24896221;-45,13826275;"SPRF-MG";"DEL04-MG";"UOP02-DEL04-MG"
262256;2020-01-12;"domingo";"02:50:00";"SC";282;506,9;"XANXERE";"Ingestão de Álcool";"Saída de leito carroçável";"Com Vítimas Feridas";"Plena Noite";"Crescente";"Céu Claro";"Simples";"Curva";"Sim";1;0;1;0;0;0;1;1;-26,885712;-52,42907;"SPRF-SC";"DEL07-SC";"UOP01-DEL07-SC"
262257;2020-01-12;"domingo";"02:00:00";"RS";470;166,1;"VILA FLORES";"Ingestão de Álcool";"Capotamento";"Com Vítimas Feridas";"Plena Noite";"Decrescente";"Nublado";"Dupla";"Curva";"Não";2;0;1;1;0;0;2;1;-28,84766792;-51,57122398;"SPRF-RS";"DEL06-RS";"UOP02-DEL06-RS"
262258;2020-01-12;"domingo";"01:55:00";"RJ";116;185;"NOVA IGUACU";"Falta de Atenção à Condução";"Colisão lateral";"Sem Vítimas";"Plena Noite";"Crescente";"Céu Claro";"Dupla";"Reta";"Não";2;0;0;0;2;0;0;2;-22,74151051;-43,45351823;"SPRF-RJ";"DEL01-RJ";"UOP02-DEL01-RJ"
262259;2020-01-12;"domingo";"02:00:00";"MG";40;792;"JUIZ DE FORA";"Condutor Dormindo";"Saída de leito carroçável";"Com Vítimas Feridas";"Plena Noite";"Crescente";"Nublado";"Dupla";"Reta";"Não";2;0;2;0;0;0;2;1;-21,7848652;-43,41450125;"SPRF-MG";"DEL05-MG";"UOP01-DEL05-MG"
262260;2020-01-12;"domingo";"03:50:00";"PR";376;225;"APUCARANA";"Ingestão de Álcool";"Colisão com objeto estático";"Com Vítimas Feridas";"Plena Noite";"Decrescente";"Nublado";"Dupla";"Curva";"Não";1;0;1;0;0;0;1;1;-23,58555177;-51,57009244;"SPRF-PR";"DEL07-PR";"UOP03-DEL07-PR"
262263;2020-01-12;"domingo";"03:30:00";"PR";277;725,1;"FOZ DO IGUACU";"Ingestão de Álcool";"Capotamento";"Sem Vítimas";"Plena Noite";"Crescente";"Céu Claro";"Dupla";"Reta";"Sim";1;0;0;0;0;1;0;1;-25,50823541;-54,54619865;"SPRF-PR";"DEL05-PR";"UOP03-DEL05-PR"
262264;2020-01-12;"domingo";"05:10:00";"GO";153;562;"PROFESSOR JAMIL";"Defeito Mecânico no Veículo";"Capotamento";"Sem Vítimas";"Amanhecer";"Decrescente";"Céu Claro";"Dupla";"Reta";"Não";1;0;0;0;0;1;0;1;-17,2316;-49,2328;"SPRF-GO";"DEL03-GO";"UOP01-DEL03-GO"
262265;2020-01-12;"domingo";"04:50:00";"RS";290;107,4;"ELDORADO DO SUL";"Falta de Atenção à Condução";"Colisão com objeto estático";"Com Vítimas Feridas";"Plena Noite";"Decrescente";"Nublado";"Simples";"Curva";"Sim";1;0;1;0;0;0;1;1;-30,001852;-51,304264;"SPRF-RS";"DEL02-RS";"UOP01-DEL02-RS"
262266;2020-01-12;"domingo";"05:30:00";"PR";376;223,3;"CAMBIRA";"Avarias e/ou desgaste excessivo no pneu";"Saída de leito carroçável";"Com Vítimas Feridas";"Amanhecer";"Crescente";"Nublado";"Dupla";"Declive;Curva";"Não";2;0;2;0;0;0;2;1;-23,59012534;-51,57481471;"SPRF-PR";"DEL07-PR";"UOP03-DEL07-PR"
262267;2020-01-12;"domingo";"05:50:00";"PR";369;150;"LONDRINA";"Avarias e/ou desgaste excessivo no pneu";"Colisão com objeto estático";"Sem Vítimas";"Amanhecer";"Decrescente";"Céu Claro";"Dupla";"Reta";"Sim";1;0;0;0;0;1;0;1;-23,29291423;-51,16191387;"SPRF-PR";"DEL07-PR";"UOP01-DEL07-PR"
262268;2020-01-12;"domingo";"05:00:00";"RS";392;17,1;"RIO GRANDE";"Falta de Atenção à Condução";"Saída de leito carroçável";"Com Vítimas Feridas";"Pleno dia";"Decrescente";"Céu Claro";"Dupla";"Curva";"Sim";1;0;1;0;0;0;1;1;-32,093614;-52,168128;"SPRF-RS";"DEL07-RS";"UOP02-DEL07-RS"
262269;2020-01-12;"domingo";"05:55:00";"DF";40;6,8;"BRASILIA";"Velocidade Incompatível";"Queda de ocupante de veículo";"Com Vítimas Feridas";"Amanhecer";"Crescente";"Céu Claro";"Simples";"Reta";"Sim";2;0;2;0;0;0;2;1;-16,029741;-47,978867;"SPRF-DF";"DEL01-DF";"UOP01-DEL01-DF"
262270;2020-01-12;"domingo";"04:10:00";"SP";116;274,9;"TABOAO DA SERRA";"Avarias e/ou desgaste excessivo no pneu";"Colisão com objeto estático";"Com Vítimas Feridas";"Pleno dia";"Decrescente";"Céu Claro";"Dupla";"Reta";"Sim";2;0;2;0;0;0;2;1;-23,61824865;-46,80673155;"SPRF-SP";"DEL04-SP";"UOP01-DEL04-SP"
262271;2020-01-12;"domingo";"06:20:00";"PR";467;108,7;"CASCAVEL";"Ingestão de Álcool";"Saída de leito carroçável";"Com Vítimas Feridas";"Pleno dia";"Crescente";"Céu Claro";"Dupla";"Curva";"Não";1;0;1;0;0;0;1;1;-24,92487426;-53,46585631;"SPRF-PR";"DEL04-PR";"UOP01-DEL04-PR"
262272;2020-01-12;"domingo";"06:15:00";"RS";285;264,7;"MATO CASTELHANO";"Ingestão de Álcool";"Saída de leito carroçável";"Com Vítimas Fatais";"Amanhecer";"Decrescente";"Sol";"Simples";"Reta";"Não";2;1;0;0;1;0;0;1;-28,305023;-52,11805;"SPRF-RS";"DEL08-RS";"UOP03-DEL08-RS"
262274;2020-01-12;"domingo";"06:00:00";"CE";222;4,8;"CAUCAIA";"Desobediência às normas de trânsito pelo condutor";"Colisão transversal";"Com Vítimas Feridas";"Amanhecer";"Crescente";"Céu Claro";"Múltipla";"Retorno Regulamentado";"Sim";2;0;1;0;1;0;1;2;-3,74164754;-38,60449792;"SPRF-CE";"DEL01-CE";"UOP01-DEL01-CE"
262275;2020-01-12;"domingo";"00:50:00";"MT";364;525;"ROSARIO OESTE";"Falta de Atenção à Condução";"Saída de leito carroçável";"Sem Vítimas";"Plena Noite";"Crescente";"Céu Claro";"Simples";"Reta";"Não";1;0;0;0;1;0;0;1;-15,04933502;-56,51627278;"SPRF-MT";"DEL01-MT";"UOP01-DEL01-MT"
262276;2020-01-12;"domingo";"05:50:00";"MG";459;14,7;"CALDAS";"Falta de Atenção do Pedestre";"Atropelamento de Pedestre";"Com Vítimas Fatais";"Amanhecer";"Decrescente";"Céu Claro";"Simples";"Curva";"Não";2;1;0;0;0;1;0;2;-21,851755;-46,438443;"SPRF-MG";"DEL16-MG";"UOP01-DEL09-MG"
262279;2020-01-12;"domingo";"06:40:00";"MG";381;484;"BETIM";"Defeito Mecânico no Veículo";"Saída de leito carroçável";"Com Vítimas Feridas";"Pleno dia";"Crescente";"Céu Claro";"Dupla";"Aclive;Curva";"Sim";2;0;1;0;1;0;1;1;-19,95531717;-44,11722196;"SPRF-MG";"DEL01-MG";"UOP03-DEL01-MG"
262282;2020-01-12;"domingo";"05:00:00";"RS";386;279,5;"SAO JOSE DO HERVAL";"Velocidade Incompatível";"Saída de leito carroçável";"Sem Vítimas";"Plena Noite";"Decrescente";"Céu Claro";"Simples";"Curva";"Não";1;0;0;0;0;1;0;1;-29,022665;-52,319885;"SPRF-RS";"DEL04-RS";"UOP03-DEL04-RS"
262283;2020-01-12;"domingo";"05:59:00";"RJ";101;304;"SAO GONCALO";"Condutor Dormindo";"Saída de leito carroçável";"Com Vítimas Feridas";"Amanhecer";"Decrescente";"Céu Claro";"Dupla";"Reta";"Sim";1;0;1;0;0;0;1;1;-22,78491869;-42,98627706;"SPRF-RJ";"DEL02-RJ";"UOP02-DEL02-RJ"
262285;2020-01-12;"domingo";"06:56:00";"RJ";116;164;"RIO DE JANEIRO";"Falta de Atenção à Condução";"Colisão traseira";"Sem Vítimas";"Pleno dia";"Decrescente";"Céu Claro";"Dupla";"Curva";"Não";2;0;0;0;2;0;0;2;-22,81074068;-43,28844363;"SPRF-RJ";"DEL01-RJ";"UOP01-DEL01-RJ"
262287;2020-01-12;"domingo";"06:00:00";"PR";163;103,2;"CAPANEMA";"Ingestão de Álcool";"Saída de leito carroçável";"Sem Vítimas";"Amanhecer";"Crescente";"Céu Claro";"Simples";"Curva";"Não";1;0;0;0;1;0;0;1;-25,60243684;-53,76237695;"SPRF-PR";"DEL02-PR";"UOP02-DEL02-PR"
262288;2020-01-12;"domingo";"07:00:00";"ES";101;322;"GUARAPARI";"Falta de Atenção à Condução";"Colisão lateral";"Sem Vítimas";"Pleno dia";"Decrescente";"Céu Claro";"Múltipla";"Declive";"Não";2;0;0;0;1;1;0;2;-20,52834469;-40,48236575;"SPRF-ES";"DEL03-ES";"UOP01-DEL03-ES"
262289;2020-01-12;"domingo";"05:50:00";"SP";116;272,9;"TABOAO DA SERRA";"Ingestão de Álcool";"Saída de leito carroçável";"Sem Vítimas";"Amanhecer";"Decrescente";"Céu Claro";"Dupla";"Retorno Regulamentado";"Sim";2;0;0;0;2;0;0;1;-23,621691;-46,813288;"SPRF-SP";"DEL04-SP";"UOP01-DEL04-SP"
262290;2020-01-12;"domingo";"07:00:00";"SC";282;646;"SAO MIGUEL DO OESTE";"Ingestão de álcool e/ou substâncias psicoativas pelo pedestre";"Saída de leito carroçável";"Com Vítimas Feridas";"Pleno dia";"Crescente";"Céu Claro";"Simples";"Curva;Rotatória";"Sim";1;0;1;0;0;0;1;1;-26,763933;-53,496826;"SPRF-SC";"DEL07-SC";"UOP03-DEL07-SC"
262291;2020-01-12;"domingo";"05:00:00";"BA";101;574;"ARATACA";"Falta de Atenção do Pedestre";"Atropelamento de Pedestre";"Com Vítimas Fatais";"Amanhecer";"Decrescente";"Céu Claro";"Simples";"Reta";"Não";2;1;0;0;0;1;0;2;-15,314766;-39,496868;"SPRF-BA";"DEL05-BA";"UOP02-DEL05-BA"
262293;2020-01-12;"domingo";"08:40:00";"RS";392;18,4;"RIO GRANDE";"Velocidade Incompatível";"Colisão traseira";"Com Vítimas Feridas";"Pleno dia";"Crescente";"Sol";"Dupla";"Reta";"Sim";8;0;2;0;6;0;2;2;-32,09017991;-52,17651198;"SPRF-RS";"DEL07-RS";"UOP02-DEL07-RS"
262295;2020-01-12;"domingo";"08:20:00";"BA";110;5,8;"PAULO AFONSO";"Velocidade Incompatível";"Saída de leito carroçável";"Com Vítimas Feridas";"Pleno dia";"Crescente";"Sol";"Simples";"Ponte";"Não";5;0;4;1;0;0;5;1;-9,49662006;-38,21521164;"SPRF-BA";"DEL07-BA";"UOP01-DEL07-BA"
262298;2020-01-12;"domingo";"10:30:00";"PE";232;508,3;"SALGUEIRO";"Desobediência às normas de trânsito pelo condutor";"Colisão transversal";"Com Vítimas Feridas";"Pleno dia";"Crescente";"Céu Claro";"Simples";"Reta";"Sim";2;0;0;1;1;0;1;2;-8,06275641;-39,12330151;"SPRF-PE";"DEL05-PE";"UOP01-DEL05-PE"
262299;2020-01-12;"domingo";"10:40:00";"MG";40;457,6;"CAETANOPOLIS";"Velocidade Incompatível";"Tombamento";"Com Vítimas Feridas";"Pleno dia";"Crescente";"Céu Claro";"Dupla";"Curva";"Não";1;0;1;0;0;0;1;1;-19,371466;-44,336132;"SPRF-MG";"DEL02-MG";"UOP01-DEL02-MG"
262303;2020-01-12;"domingo";"10:40:00";"CE";20;421;"MARACANAU";"Desobediência às normas de trânsito pelo condutor";"Colisão transversal";"Com Vítimas Feridas";"Pleno dia";"Crescente";"Céu Claro";"Dupla";"Reta";"Sim";3;0;0;2;1;0;2;2;-3,76999035;-38,67006282;"SPRF-CE";"DEL01-CE";"UOP02-DEL01-CE"
262304;2020-01-12;"domingo";"10:30:00";"RS";386;385,7;"TABAI";"Falta de Atenção à Condução";"Saída de leito carroçável";"Com Vítimas Feridas";"Pleno dia";"Crescente";"Céu Claro";"Dupla";"Reta";"Sim";3;0;3;0;0;0;3;1;-29,682114;-51,723972;"SPRF-RS";"DEL04-RS";"UOP02-DEL04-RS"
262305;2020-01-12;"domingo";"10:00:00";"PB";230;219,8;"SOLEDADE";"Defeito Mecânico no Veículo";"Capotamento";"Com Vítimas Feridas";"Pleno dia";"Decrescente";"Sol";"Simples";"Reta";"Não";4;0;1;1;2;0;2;1;-7,0463;-36,3909;"SPRF-PB";"DEL02-PB";"UOP02-DEL02-PB"
262306;2020-01-12;"domingo";"11:05:00";"SC";101;29,1;"JOINVILLE";"Falta de Atenção à Condução";"Colisão traseira";"Com Vítimas Feridas";"Pleno dia";"Crescente";"Nublado";"Dupla";"Reta";"Sim";3;0;0;1;1;1;1;3;-26,211903;-48,91589904;"SPRF-SC";"DEL03-SC";"UOP01-DEL03-SC"
262307;2020-01-12;"domingo";"11:20:00";"SP";101;50;"UBATUBA";"Falta de Atenção à Condução";"Tombamento";"Com Vítimas Feridas";"Pleno dia";"Crescente";"Nublado";"Simples";"Reta";"Sim";1;0;1;0;0;0;1;1;-23,45018939;-45,07743735;"SPRF-SP";"DEL06-SP";"UOP01-DEL06-SP"
262308;2020-01-12;"domingo";"07:50:00";"MT";70;346;"CAMPO VERDE";"Desobediência às normas de trânsito pelo condutor";"Colisão lateral";"Com Vítimas Feridas";"Pleno dia";"Crescente";"Céu Claro";"Simples";"Reta";"Não";3;0;0;1;1;1;1;3;-15,51192328;-54,85651017;"SPRF-MT";"DEL05-MT";"UOP01-DEL05-MT"
262309;2020-01-12;"domingo";"11:15:00";"SC";470;139,1;"RIO DO SUL";"Falta de Atenção à Condução";"Tombamento";"Com Vítimas Feridas";"Pleno dia";"Crescente";"Céu Claro";"Dupla";"Interseção de Vias";"Sim";2;0;1;0;1;0;1;2;-27,217564;-49,65461;"SPRF-SC";"DEL04-SC";"UOP02-DEL04-SC"
262310;2020-01-12;"domingo";"11:30:00";"GO";50;248,5;"CATALAO";"Falta de Atenção à Condução";"Colisão lateral";"Sem Vítimas";"Pleno dia";"Decrescente";"Céu Claro";"Dupla";"Retorno Regulamentado;Reta";"Não";3;0;0;0;3;0;0;2;-17,9522;-47,7883;"SPRF-GO";"DEL06-GO";"UOP01-DEL06-GO"
262311;2020-01-12;"domingo";"11:30:00";"MG";50;30,5;"ARAGUARI";"Defeito Mecânico no Veículo";"Queda de ocupante de veículo";"Com Vítimas Feridas";"Pleno dia";"Crescente";"Céu Claro";"Dupla";"Curva";"Não";1;0;1;0;0;0;1;1;-18,61550987;-48,11660731;"SPRF-MG";"DEL15-MG";"UOP02-DEL15-MG"
262312;2020-01-12;"domingo";"11:40:00";"RJ";101;545;"PARATY";"Desobediência às normas de trânsito pelo condutor";"Colisão transversal";"Com Vítimas Feridas";"Pleno dia";"Crescente";"Céu Claro";"Simples";"Reta";"Não";5;0;0;1;2;2;1;3;-23,0428643;-44,61880587;"SPRF-RJ";"DEL03-RJ";"UOP02-DEL03-RJ"
262313;2020-01-12;"domingo";"09:05:00";"PE";423;173,3;"AGUAS BELAS";"Falta de Atenção à Condução";"Colisão traseira";"Com Vítimas Feridas";"Pleno dia";"Decrescente";"Céu Claro";"Simples";"Declive";"Não";2;0;1;0;1;0;1;2;-9,1288795;-37,07829703;"SPRF-AL";"DEL03-AL";"UOP02-DEL03-AL"
262314;2020-01-12;"domingo";"10:00:00";"RR";401;126;"BONFIM";"Falta de Atenção à Condução";"Saída de leito carroçável";"Sem Vítimas";"Pleno dia";"Crescente";"Céu Claro";"Simples";"Reta";"Não";2;0;0;0;2;0;0;1;3,48205899;-59,93323091;"SPRF-RR";"DEL01-RR";"UOP01-DEL01-RR"
262315;2020-01-12;"domingo";"12:25:00";"PE";232;126,9;"CARUARU";"Falta de Atenção à Condução";"Saída de leito carroçável";"Com Vítimas Feridas";"Pleno dia";"Decrescente";"Céu Claro";"Dupla";"Curva";"Sim";2;0;1;0;1;0;1;2;-8,30539219;-35,96744657;"SPRF-PE";"DEL02-PE";"UOP03-DEL02-PE"
262316;2020-01-12;"domingo";"10:30:00";"AL";104;25;"UNIAO DOS PALMARES";"Falta de Atenção à Condução";"Saída de leito carroçável";"Com Vítimas Feridas";"Pleno dia";"Decrescente";"Céu Claro";"Simples";"Curva";"Não";2;0;0;1;0;1;1;2;-9,0901211;-36,05202248;"SPRF-AL";"DEL01-AL";"UOP02-DEL01-AL"
262317;2020-01-12;"domingo";"13:20:00";"PE";232;468,6;"MIRANDIBA";"Desobediência às normas de trânsito pelo condutor";"Colisão frontal";"Com Vítimas Fatais";"Pleno dia";"Crescente";"Céu Claro";"Simples";"Reta";"Não";2;1;0;1;0;0;1;2;-8,022357;-38,78991;"SPRF-PE";"DEL05-PE";"UOP01-DEL05-PE"
262319;2020-01-12;"domingo";"12:40:00";"PR";116;59,4;"CAMPINA GRANDE DO SUL";"Falta de Atenção à Condução";"Colisão com objeto estático";"Com Vítimas Feridas";"Pleno dia";"Crescente";"Sol";"Dupla";"Curva";"Não";1;0;1;0;0;0;1;1;-25,30335724;-48,94378885;"SPRF-PR";"DEL01-PR";"UOP02-DEL01-PR"
262320;2020-01-12;"domingo";"13:00:00";"RN";304;208,7;"CAICARA DO RIO DO VENTO";"Defeito Mecânico no Veículo";"Saída de leito carroçável";"Com Vítimas Feridas";"Pleno dia";"Decrescente";"Nublado";"Simples";"Reta";"Não";1;0;1;0;0;0;1;1;-5,74007932;-36,09479405;"SPRF-RN";"DEL01-RN";"UOP03-DEL01-RN"
262324;2020-01-12;"domingo";"13:15:00";"SP";116;199,1;"ARUJA";"Não guardar distância de segurança";"Colisão traseira";"Com Vítimas Feridas";"Pleno dia";"Decrescente";"Garoa/Chuvisco";"Múltipla";"Reta";"Sim";7;0;4;0;3;0;4;2;-23,40185327;-46,31154312;"SPRF-SP";"DEL01-SP";"UOP01-DEL01-SP"
262326;2020-01-12;"domingo";"13:14:00";"SP";101;31,7;"UBATUBA";"Falta de Atenção à Condução";"Colisão transversal";"Com Vítimas Feridas";"Pleno dia";"Crescente";"Nublado";"Simples";"Curva";"Não";3;0;2;0;1;0;2;2;-23,3881129;-44,98122454;"SPRF-SP";"DEL06-SP";"UOP01-DEL06-SP"
262327;2020-01-12;"domingo";"12:50:00";"SP";381;77;"SAO PAULO";"Pista Escorregadia";"Saída de leito carroçável";"Com Vítimas Feridas";"Pleno dia";"Crescente";"Chuva";"Dupla";"Curva;Declive";"Não";4;0;2;0;2;0;2;2;-23,388839;-46,5693478;"SPRF-SP";"DEL03-SP";"UOP01-DEL03-SP"
262328;2020-01-12;"domingo";"13:20:00";"SP";381;54;"MAIRIPORA";"Falta de Atenção à Condução";"Colisão com objeto estático";"Com Vítimas Feridas";"Pleno dia";"Decrescente";"Chuva";"Dupla";"Curva";"Sim";2;0;2;0;0;0;2;1;-23,2449074;-46,59562343;"SPRF-SP";"DEL03-SP";"UOP01-DEL03-SP"
262329;2020-01-12;"domingo";"14:00:00";"SP";116;488,9;"CAJATI";"Velocidade Incompatível";"Saída de leito carroçável";"Com Vítimas Feridas";"Pleno dia";"Crescente";"Chuva";"Dupla";"Curva";"Sim";2;0;1;0;1;0;1;1;-24,73097634;-48,09815591;"SPRF-SP";"DEL05-SP";"UOP02-DEL05-SP"