"id";"data_inversa";"dia_semana";"horario";"uf";"br";"km";"municipio";"causa_acidente";"tipo_acidente";"classificacao_acidente";"fase_dia";"sentido_via";"condicao_metereologica";"tipo_pista";"tracado_via";"uso_solo";"pessoas";"mortos";"feridos_leves";"feridos_graves";"ilesos";"ignorados";"feridos";"veiculos";"latitude";"longitude";"regional";"delegacia";"uop"
262453;2020-01-12;"domingo";"21:30:00";"MG";262;822,7;"UBERABA";"Velocidade Incompatível";"Saída de leito carroçável";"Com Vítimas Feridas";"Plena Noite";"Decrescente";"Nublado";"Dupla";"Reta";"Não";2;0;1;1;0;0;2;1;-19,76063273;-48,14580492;"SPRF-MG";"DEL13-MG";"UOP01-DEL13-MG"
262454;2020-01-12;"domingo";"18:00:00";"MT";364;555;"ROSARIO OESTE";"Falta de Atenção à Condução";"Saída de leito carroçável";"Com Vítimas Feridas";"Anoitecer";"Crescente";"Nublado";"Dupla";"Reta";"Não";1;0;1;0;0;0;1;1;-14,81342431;-56,42025777;"SPRF-MT";"DEL01-MT";"UOP01-DEL01-MT"
262457;2020-01-12;"domingo";"23:30:00";"SC";470;85,6;"RODEIO";"Falta de Atenção do Pedestre";"Atropelamento de Pedestre";"Com Vítimas Fatais";"Plena Noite";"Crescente";"Céu Claro";"Simples";"Reta";"Sim";2;1;0;0;1;0;0;2;-26,956114;-49,350414;"SPRF-SC";"DEL04-SC";"UOP01-DEL04-SC"
262458;2020-01-12;"domingo";"21:50:00";"PI";343;443;"AGUA BRANCA";"Falta de Atenção à Condução";"Colisão traseira";"Com Vítimas Fatais";"Plena Noite";"Decrescente";"Nublado";"Simples";"Reta";"Não";3;1;1;1;0;0;2;2;-5,880499;-42,638496;"SPRF-PI";"DEL01-PI";"UOP02-DEL01-PI"
262459;2020-01-12;"domingo";"18:50:00";"MA";135;86,8;"ITAPECURU MIRIM";"Falta de Atenção à Condução";"Colisão transversal";"Com Vítimas Fatais";"Plena Noite";"Crescente";"Nublado";"Simples";"Reta";"Não";4;2;0;1;0;1;1;2;-3,26368262;-44,39404642;"SPRF-MA";"DEL01-MA";"UOP02-DEL01-MA"
262460;2020-01-12;"domingo";"23:00:00";"SP";116;500;"CAJATI";"Pista Escorregadia";"Saída de leito carroçável";"Com Vítimas Feridas";"Plena Noite";"Crescente";"Garoa/Chuvisco";"Simples";"Curva";"Não";3;0;1;0;2;0;1;1;-24,78162109;-48,18342711;"SPRF-SP";"DEL05-SP";"UOP02-DEL05-SP"
262462;2020-01-12;"domingo";"20:30:00";"SP";116;187;"SANTA ISABEL";"Falta de Atenção à Condução";"Tombamento";"Com Vítimas Feridas";"Plena Noite";"Decrescente";"Chuva";"Dupla";"Reta";"Não";1;0;1;0;0;0;1;1;-23,35663589;-46,20607272;"SPRF-SP";"DEL02-SP";"UOP01-DEL02-SP"
262463;2020-01-12;"domingo";"23:10:00";"PR";277;722,5;"FOZ DO IGUACU";"Falta de Atenção à Condução";"Saída de leito carroçável";"Sem Vítimas";"Plena Noite";"Crescente";"Céu Claro";"Dupla";"Reta";"Sim";1;0;0;0;1;0;0;1;-25,49494908;-54,52095097;"SPRF-PR";"DEL05-PR";"UOP01-DEL05-PR"
262464;2020-01-12;"domingo";"20:20:00";"MA";316;453,5;"PERITORO";"Ultrapassagem Indevida";"Colisão frontal";"Sem Vítimas";"Plena Noite";"Crescente";"Céu Claro";"Simples";"Reta";"Não";3;0;0;0;3;0;0;2;-4,497037;-44,117973;"SPRF-MA";"DEL03-MA";"UOP01-DEL03-MA"
262465;2020-01-12;"domingo";"22:20:00";"RJ";101;394;"RIO DE JANEIRO";"Ingestão de Álcool";"Colisão lateral";"Sem Vítimas";"Plena Noite";"Crescente";"Céu Claro";"Dupla";"Reta";"Não";2;0;0;0;2;0;0;2;-22,88582179;-43,71288392;"SPRF-RJ";"DEL03-RJ";"UOP01-DEL03-RJ"
262466;2020-01-13;"segunda-feira";"00:10:00";"GO";50;273;"CATALAO";"Animais na Pista";"Atropelamento de Animal";"Sem Vítimas";"Plena Noite";"Decrescente";"Céu Claro";"Dupla";"Reta";"Sim";4;0;0;0;4;0;0;1;-18,1302;-47,9047;"SPRF-GO";"DEL06-GO";"UOP01-DEL06-GO"
262469;2020-01-12;"domingo";"20:30:00";"RS";392;114,8;"CANGUCU";"Velocidade Incompatível";"Saída de leito carroçável";"Sem Vítimas";"Plena Noite";"Decrescente";"Céu Claro";"Simples";"Reta";"Não";1;0;0;0;0;1;0;1;-31,43234525;-52,65622636;"SPRF-RS";"DEL07-RS";"UOP01-DEL07-RS"
262472;2020-01-13;"segunda-feira";"01:10:00";"MG";381;946,6;"EXTREMA";"Falta de Atenção do Pedestre";"Atropelamento de Pedestre";"Com Vítimas Feridas";"Plena Noite";"Crescente";"Céu Claro";"Dupla";"Curva";"Não";2;0;1;0;1;0;1;2;-22,86420936;-46,34555882;"SPRF-MG";"DEL16-MG";"UOP03-DEL16-MG"
262473;2020-01-12;"domingo";"23:00:00";"PA";308;151;"CAPANEMA";"Falta de Atenção à Condução";"Colisão com objeto estático";"Com Vítimas Feridas";"Plena Noite";"Decrescente";"Céu Claro";"Simples";"Reta";"Sim";1;0;0;1;0;0;1;1;-1,21064;-47,182743;"SPRF-PA";"DEL01-PA";"UOP03-DEL01-PA"
262476;2020-01-13;"segunda-feira";"03:30:00";"SP";116;446;"REGISTRO";"Falta de Atenção à Condução";"Queda de ocupante de veículo";"Com Vítimas Feridas";"Plena Noite";"Decrescente";"Chuva";"Múltipla";"Reta";"Sim";1;0;1;0;0;0;1;1;-24,50467087;-47,84772743;"SPRF-SP";"DEL05-SP";"UOP01-DEL05-SP"
262477;2020-01-13;"segunda-feira";"03:20:00";"PR";158;223,9;"CAMPO MOURAO";"Velocidade Incompatível";"Saída de leito carroçável";"Com Vítimas Feridas";"Plena Noite";"Crescente";"Nublado";"Simples";"Reta";"Não";3;0;3;0;0;0;3;1;-24,084289;-52,376173;"SPRF-PR";"DEL04-PR";"UOP03-DEL09-PR"
262478;2020-01-13;"segunda-feira";"02:20:00";"CE";116;476,4;"MILAGRES";"Falta de Atenção à Condução";"Colisão lateral";"Com Vítimas Feridas";"Plena Noite";"Crescente";"Nublado";"Simples";"Reta";"Sim";4;0;2;0;2;0;2;2;-7,292112;-38,87065;"SPRF-CE";"DEL05-CE";"UOP03-DEL05-CE"
262480;2020-01-13;"segunda-feira";"02:00:00";"PB";230;296;"SANTA LUZIA";"Condutor Dormindo";"Saída de leito carroçável";"Sem Vítimas";"Plena Noite";"Crescente";"Céu Claro";"Simples";"Reta";"Não";1;0;0;0;1;0;0;1;-6,8907;-36,9481;"SPRF-PB";"DEL03-PB";"UOP01-DEL03-PB"
262482;2020-01-13;"segunda-feira";"02:56:00";"ES";101;358,8;"ANCHIETA";"Condutor Dormindo";"Saída de leito carroçável";"Sem Vítimas";"Plena Noite";"Decrescente";"Céu Claro";"Simples";"Reta";"Não";1;0;0;0;0;1;0;1;-20,691717;-40,704254;"SPRF-ES";"DEL03-ES";"UOP01-DEL03-ES"
262486;2020-01-13;"segunda-feira";"05:20:00";"PR";476;152,1;"ARAUCARIA";"Ingestão de Álcool";"Colisão com objeto estático";"Com Vítimas Feridas";"Amanhecer";"Decrescente";"Nublado";"Dupla";"Reta";"Sim";1;0;1;0;0;0;1;1;-25,570036;-49,384193;"SPRF-PR";"DEL01-PR";"UOP06-DEL01-PR"
262488;2020-01-13;"segunda-feira";"06:30:00";"PE";101;63;"RECIFE";"Falta de Atenção à Condução";"Colisão lateral";"Com Vítimas Feridas";"Pleno dia";"Crescente";"Sol";"Dupla";"Reta";"Sim";3;0;2;0;1;0;2;2;-8,00800604;-34,93756535;"SPRF-PE";"DEL01-PE";"UOP01-DEL01-PE"
262489;2020-01-13;"segunda-feira";"06:30:00";"ES";101;108,1;"SOORETAMA";"Desobediência às normas de trânsito pelo condutor";"Colisão traseira";"Com Vítimas Feridas";"Pleno dia";"Crescente";"Sol";"Simples";"Aclive;Reta";"Não";3;0;1;2;0;0;3;2;-19,04580488;-40,02680125;"SPRF-ES";"DEL04-ES";"UOP01-DEL04-ES"
262490;2020-01-13;"segunda-feira";"06:50:00";"CE";116;12;"FORTALEZA";"Falta de Atenção à Condução";"Colisão transversal";"Com Vítimas Feridas";"Pleno dia";"Decrescente";"Céu Claro";"Dupla";"Reta";"Não";2;0;1;0;0;1;1;2;-3,852077;-38,495525;"SPRF-CE";"DEL01-CE";"UOP02-DEL01-CE"
262493;2020-01-13;"segunda-feira";"07:00:00";"SC";101;214;"PALHOCA";"Falta de Atenção à Condução";"Colisão transversal";"Com Vítimas Feridas";"Pleno dia";"Crescente";"Céu Claro";"Dupla";"Viaduto";"Sim";2;0;1;0;1;0;1;2;-27,64443;-48,67057;"SPRF-SC";"DEL01-SC";"UOP02-DEL01-SC"
262494;2020-01-13;"segunda-feira";"07:15:00";"SP";153;64,3;"SAO JOSE DO RIO PRETO";"Pista Escorregadia";"Tombamento";"Com Vítimas Feridas";"Pleno dia";"Crescente";"Nublado";"Dupla";"Interseção de Vias";"Sim";1;0;1;0;0;0;1;1;-20,82919401;-49,36046325;"SPRF-SP";"DEL09-SP";"UOP01-DEL09-SP"
262495;2020-01-13;"segunda-feira";"06:30:00";"RJ";116;174,1;"NOVA IGUACU";"Não guardar distância de segurança";"Queda de ocupante de veículo";"Com Vítimas Feridas";"Amanhecer";"Decrescente";"Nublado";"Múltipla";"Reta";"Sim";1;0;0;1;0;0;1;1;-22,7826855;-43,38953197;"SPRF-RJ";"DEL01-RJ";"UOP02-DEL01-RJ"
262497;2020-01-13;"segunda-feira";"07:50:00";"MG";146;609,3;"POCOS DE CALDAS";"Animais na Pista";"Tombamento";"Com Vítimas Feridas";"Pleno dia";"Crescente";"Céu Claro";"Simples";"Declive;Reta";"Sim";2;0;1;0;0;1;1;2;-21,80782512;-46,48366002;"SPRF-MG";"DEL16-MG";"UOP01-DEL09-MG"
262498;2020-01-12;"domingo";"19:10:00";"PA";163;1002;"SANTAREM";"Ingestão de Álcool";"Atropelamento de Pedestre";"Com Vítimas Feridas";"Plena Noite";"Crescente";"Céu Claro";"Simples";"Reta";"Não";3;0;2;1;0;0;3;2;-2,45567004;-54,72854541;"SPRF-PA";"DEL05-PA";"UOP01-DEL05-PA"
262499;2020-01-13;"segunda-feira";"07:05:00";"PR";277;4,5;"PARANAGUA";"Falta de Atenção à Condução";"Queda de ocupante de veículo";"Com Vítimas Feridas";"Pleno dia";"Crescente";"Céu Claro";"Simples";"Reta";"Não";1;0;1;0;0;0;1;1;-25,5509598;-48,56145859;"SPRF-PR";"DEL01-PR";"UOP05-DEL01-PR"
262500;2020-01-12;"domingo";"19:00:00";"MG";116;413;"GOVERNADOR VALADARES";"Velocidade Incompatível";"Colisão traseira";"Com Vítimas Feridas";"Plena Noite";"Crescente";"Céu Claro";"Simples";"Reta";"Sim";3;0;3;0;0;0;3;2;-18,873907;-41,966366;"SPRF-MG";"DEL06-MG";"UOP01-DEL06-MG"
262501;2020-01-13;"segunda-feira";"08:01:00";"SC";280;24,8;"ARAQUARI";"Desobediência às normas de trânsito pelo condutor";"Colisão transversal";"Com Vítimas Feridas";"Pleno dia";"Crescente";"Sol";"Simples";"Reta";"Não";3;0;2;0;1;0;2;2;-26,38252777;-48,72554541;"SPRF-SC";"DEL03-SC";"UOP03-DEL03-SC"
262502;2020-01-13;"segunda-feira";"07:50:00";"SC";282;15,7;"PALHOCA";"Falta de Atenção do Pedestre";"Colisão traseira";"Sem Vítimas";"Pleno dia";"Crescente";"Céu Claro";"Simples";"Reta";"Sim";2;0;0;0;2;0;0;2;-27,651848;-48,676048;"SPRF-SC";"DEL01-SC";"UOP02-DEL01-SC"
262503;2020-01-13;"segunda-feira";"08:00:00";"PB";230;508,3;"CAJAZEIRAS";"Desobediência às normas de trânsito pelo condutor";"Colisão traseira";"Com Vítimas Feridas";"Pleno dia";"Crescente";"Céu Claro";"Simples";"Reta";"Não";2;0;0;1;1;0;1;2;-6,89046927;-38,5890913;"SPRF-PB";"DEL03-PB";"UOP03-DEL03-PB"
262504;2020-01-13;"segunda-feira";"07:50:00";"RN";101;98;"NATAL";"Falta de Atenção à Condução";"Colisão lateral";"Com Vítimas Feridas";"Pleno dia";"Decrescente";"Céu Claro";"Múltipla";"Reta";"Sim";3;0;2;0;1;0;2;2;-5,860559;-35,21405;"SPRF-RN";"DEL01-RN";"UOP01-DEL01-RN"
262505;2020-01-13;"segunda-feira";"07:10:00";"MG";40;755,6;"EWBANK DA CAMARA";"Velocidade Incompatível";"Colisão com objeto estático";"Com Vítimas Feridas";"Pleno dia";"Decrescente";"Céu Claro";"Simples";"Reta";"Não";4;0;4;0;0;0;4;1;-21,486045;-43,53483;"SPRF-MG";"DEL05-MG";"UOP01-DEL05-MG"
262530;2020-01-10;"sexta-feira";"06:40:00";"PA";222;242;"MARABA";"Desobediência às normas de trânsito pelo condutor";"Colisão transversal";"Com Vítimas Feridas";"Pleno dia";"Crescente";"Céu Claro";"Simples";"Interseção de Vias";"Sim";3;0;1;1;1;0;2;2;-5,331903;-49,085217;"SPRF-PA";"DEL03-PA";"UOP01-DEL03-PA"
262531;2020-01-13;"segunda-feira";"06:00:00";"GO";153;313;"RIALMA";"Defeito na Via";"Tombamento";"Com Vítimas Feridas";"Amanhecer";"Crescente";"Céu Claro";"Simples";"Reta";"Não";2;0;1;0;1;0;1;2;-15,393724;-49,547279;"SPRF-GO";"DEL02-GO";"UOP02-DEL02-GO"
262532;2020-01-13;"segunda-feira";"08:35:00";"PE";101;49;"ABREU E LIMA";"Falta de Atenção à Condução";"Colisão traseira";"Com Vítimas Feridas";"Pleno dia";"Decrescente";"Sol";"Múltipla";"Reta";"Sim";2;0;1;0;1;0;1;2;-7,9005152;-34,90180641;"SPRF-PE";"DEL01-PE";"UOP02-DEL01-PE"
262533;2020-01-13;"segunda-feira";"08:00:00";"GO";153;183;"CAMPINORTE";"Velocidade Incompatível";"Saída de leito carroçável";"Com Vítimas Feridas";"Pleno dia";"Crescente";"Chuva";"Simples";"Aclive";"Não";1;0;1;0;0;0;1;1;-14,369409;-49,158268;"SPRF-GO";"DEL07-GO";"UOP01-DEL07-GO"
262534;2020-01-13;"segunda-feira";"07:15:00";"RJ";116;79;"TERESOPOLIS";"Condutor Dormindo";"Colisão lateral";"Com Vítimas Feridas";"Pleno dia";"Crescente";"Nublado";"Simples";"Reta";"Sim";2;0;0;1;1;0;1;2;-22,381704;-42,954777;"SPRF-RJ";"DEL06-RJ";"UOP01-DEL05-RJ"
262535;2020-01-13;"segunda-feira";"08:10:00";"MG";354;705,4;"CAXAMBU";"Velocidade Incompatível";"Queda de ocupante de veículo";"Com Vítimas Feridas";"Pleno dia";"Crescente";"Nublado";"Simples";"Curva";"Não";1;0;1;0;0;0;1;1;-21,99205276;-44,9251702;"SPRF-MG";"DEL05-MG";"UOP01-DEL17-MG"
262536;2020-01-13;"segunda-feira";"08:44:00";"MG";381;358;"JOAO MONLEVADE";"Falta de Atenção à Condução";"Colisão traseira";"Com Vítimas Feridas";"Pleno dia";"Crescente";"Céu Claro";"Simples";"Reta";"Sim";2;0;1;0;1;0;1;2;-19,85592801;-43,21689055;"SPRF-MG";"DEL03-MG";"UOP01-DEL03-MG"
262537;2020-01-13;"segunda-feira";"09:00:00";"SC";101;206;"SAO JOSE";"Falta de Atenção do Pedestre";"Atropelamento de Pedestre";"Com Vítimas Feridas";"Pleno dia";"Crescente";"Céu Claro";"Múltipla";"Reta";"Sim";2;0;1;0;1;0;1;2;-27,59193546;-48,61824557;"SPRF-SC";"DEL01-SC";"UOP01-DEL01-SC"
262540;2020-01-13;"segunda-feira";"06:20:00";"CE";20;205,9;"BOA VIAGEM";"Condutor Dormindo";"Colisão com objeto estático";"Com Vítimas Feridas";"Pleno dia";"Decrescente";"Céu Claro";"Simples";"Reta";"Sim";3;0;2;1;0;0;3;1;-5,11603888;-39,72548709;"SPRF-CE";"DEL02-CE";"UOP02-DEL02-CE"
262541;2020-01-13;"segunda-feira";"08:50:00";"PI";343;188;"PIRIPIRI";"Falta de Atenção à Condução";"Colisão transversal";"Sem Vítimas";"Pleno dia";"Crescente";"Céu Claro";"Simples";"Curva";"Sim";2;0;0;0;2;0;0;2;-4,30723;-41,770481;"SPRF-PI";"DEL02-PI";"UOP01-DEL02-PI"
262544;2020-01-13;"segunda-feira";"06:30:00";"RJ";101;454;"ANGRA DOS REIS";"Desobediência às normas de trânsito pelo condutor";"Colisão frontal";"Com Vítimas Feridas";"Amanhecer";"Crescente";"Chuva";"Simples";"Reta";"Não";2;0;1;1;0;0;2;2;-23,03351386;-44,1456487;"SPRF-RJ";"DEL03-RJ";"UOP03-DEL03-RJ"
262545;2020-01-13;"segunda-feira";"07:05:00";"SP";116;140,5;"SAO JOSE DOS CAMPOS";"Falta de Atenção à Condução";"Colisão lateral";"Com Vítimas Feridas";"Pleno dia";"Crescente";"Nublado";"Dupla";"Reta";"Não";2;0;1;0;0;1;1;2;-23,21673009;-45,91465832;"SPRF-SP";"DEL06-SP";"UOP01-DEL06-SP"
262546;2020-01-13;"segunda-feira";"09:45:00";"PR";116;123;"CURITIBA";"Falta de Atenção à Condução";"Colisão lateral";"Com Vítimas Feridas";"Pleno dia";"Decrescente";"Sol";"Dupla";"Reta";"Não";2;0;1;0;1;0;1;2;-25,57736002;-49,31243589;"SPRF-PR";"DEL01-PR";"UOP03-DEL01-PR"
262551;2020-01-13;"segunda-feira";"09:45:00";"SC";282;5;"SAO JOSE";"Não guardar distância de segurança";"Colisão lateral";"Com Vítimas Feridas";"Pleno dia";"Decrescente";"Céu Claro";"Dupla";"Reta";"Sim";2;0;1;0;0;1;1;2;-27,588425;-48,612919;"SPRF-SC";"DEL01-SC";"UOP01-DEL01-SC"
262553;2020-01-13;"segunda-feira";"07:00:00";"MG";116;260,1;"TEOFILO OTONI";"Não guardar distância de segurança";"Colisão traseira";"Com Vítimas Feridas";"Pleno dia";"Crescente";"Céu Claro";"Simples";"Reta";"Não";2;0;1;0;1;0;1;2;-17,72379402;-41,49247099;"SPRF-MG";"DEL11-MG";"UOP01-DEL11-MG"
262558;2020-01-13;"segunda-feira";"10:32:00";"PE";232;234,7;"PESQUEIRA";"Falta de Atenção à Condução";"Capotamento";"Sem Vítimas";"Pleno dia";"Crescente";"Céu Claro";"Simples";"Reta";"Não";3;0;0;0;2;1;0;3;-8,40708897;-36,910579;"SPRF-PE";"DEL03-PE";"UOP02-DEL03-PE"
262559;2020-01-13;"segunda-feira";"10:10:00";"RJ";101;321;"NITEROI";"Pista Escorregadia";"Queda de ocupante de veículo";"Com Vítimas Feridas";"Pleno dia";"Crescente";"Nublado";"Dupla";"Reta";"Sim";2;0;2;0;0;0;2;1;-22,86981096;-43,11046465;"SPRF-RJ";"DEL02-RJ";"UOP01-DEL02-RJ"
262560;2020-01-13;"segunda-feira";"11:03:00";"MG";116;526;"CARATINGA";"Falta de Atenção à Condução";"Colisão traseira";"Com Vítimas Feridas";"Pleno dia";"Crescente";"Sol";"Simples";"Reta";"Sim";3;0;1;0;2;0;1;2;-19,77654011;-42,13327989;"SPRF-MG";"DEL06-MG";"UOP02-DEL06-MG"
262561;2020-01-02;"quinta-feira";"11:15:00";"ES";259;10,5;"JOAO NEIVA";"Condutor Dormindo";"Saída de leito carroçável";"Com Vítimas Feridas";"Pleno dia";"Crescente";"Sol";"Simples";"Reta";"Não";1;0;1;0;0;0;1;1;-19,66858288;-40,40294056;"SPRF-ES";"DEL02-ES";"UOP01-DEL02-ES"
262564;2020-01-13;"segunda-feira";"10:00:00";"PE";423;95,1;"GARANHUNS";"Desobediência às normas de trânsito pelo condutor";"Colisão lateral";"Com Vítimas Feridas";"Pleno dia";"Decrescente";"Céu Claro";"Simples";"Reta";"Sim";3;0;2;0;1;0;2;2;-8,87891989;-36,47796305;"SPRF-PE";"DEL03-PE";"UOP01-DEL03-PE"
262565;2020-01-13;"segunda-feira";"11:05:00";"PE";101;69,9;"RECIFE";"Falta de Atenção à Condução";"Colisão lateral";"Com Vítimas Feridas";"Pleno dia";"Crescente";"Sol";"Múltipla";"Reta";"Não";2;0;1;0;0;1;1;2;-8,05074296;-34,94580619;"SPRF-PE";"DEL01-PE";"UOP01-DEL01-PE"
262566;2020-01-13;"segunda-feira";"11:00:00";"MG";262;36;"MANHUACU";"Mal Súbito";"Colisão lateral";"Com Vítimas Feridas";"Pleno dia";"Crescente";"Céu Claro";"Simples";"Rotatória";"Sim";4;0;0;1;1;2;1;3;-20,25932046;-42,02298331;"SPRF-MG";"DEL06-MG";"UOP03-DEL06-MG"
262568;2020-01-13;"segunda-feira";"09:00:00";"MT";364;259,1;"JUSCIMEIRA";"Ultrapassagem Indevida";"Colisão lateral";"Com Vítimas Feridas";"Pleno dia";"Decrescente";"Sol";"Simples";"Reta";"Sim";2;0;1;0;1;0;1;2;-16,04830616;-54,88713632;"SPRF-MT";"DEL02-MT";"UOP02-DEL05-MT"
262569;2020-01-13;"segunda-feira";"10:00:00";"MT";364;206,3;"RONDONOPOLIS";"Falta de Atenção à Condução";"Queda de ocupante de veículo";"Com Vítimas Feridas";"Pleno dia";"Crescente";"Nublado";"Dupla";"Curva";"Sim";1;0;1;0;0;0;1;1;-16,45124779;-54,66469557;"SPRF-MT";"DEL02-MT";"UOP01-DEL02-MT"
262570;2020-01-13;"segunda-feira";"11:26:00";"MG";381;574;"ITAGUARA";"Mal Súbito";"Tombamento";"Com Vítimas Feridas";"Pleno dia";"Crescente";"Sol";"Dupla";"Curva";"Não";1;0;1;0;0;0;1;1;-20,46631134;-44,57958977;"SPRF-MG";"DEL04-MG";"UOP03-DEL04-MG"
262572;2020-01-13;"segunda-feira";"11:20:00";"SC";101;197;"BIGUACU";"Defeito Mecânico no Veículo";"Tombamento";"Com Vítimas Feridas";"Pleno dia";"Crescente";"Sol";"Múltipla";"Reta";"Sim";2;0;1;0;1;0;1;1;-27,51844497;-48,63848496;"SPRF-SC";"DEL01-SC";"UOP01-DEL01-SC"
262573;2020-01-13;"segunda-feira";"11:50:00";"SE";101;55,1;"CARMOPOLIS";"Falta de Atenção à Condução";"Saída de leito carroçável";"Com Vítimas Feridas";"Pleno dia";"Decrescente";"Céu Claro";"Simples";"Reta;Declive";"Não";2;0;2;0;0;0;2;1;-10,633431;-37,003742;"SPRF-SE";"DEL02-SE";"UOP02-DEL02-SE"
262576;2020-01-13;"segunda-feira";"11:10:00";"MG";40;499;"ESMERALDAS";"Defeito Mecânico no Veículo";"Queda de ocupante de veículo";"Com Vítimas Feridas";"Pleno dia";"Decrescente";"Céu Claro";"Dupla";"Reta";"Não";1;0;1;0;0;0;1;1;-19,69292612;-44,17828038;"SPRF-MG";"DEL02-MG";"UOP01-DEL02-MG"
262577;2020-01-13;"segunda-feira";"10:45:00";"BA";116;914;"ENCRUZILHADA";"Defeito Mecânico no Veículo";"Incêndio";"Sem Vítimas";"Pleno dia";"Decrescente";"Céu Claro";"Simples";"Reta;Declive";"Não";1;0;0;0;1;0;0;1;-15,4677998;-41,2416051;"SPRF-BA";"DEL08-BA";"UOP03-DEL08-BA"
262579;2020-01-13;"segunda-feira";"11:15:00";"SC";470;9;"NAVEGANTES";"Falta de Atenção do Pedestre";"Colisão transversal";"Com Vítimas Feridas";"Pleno dia";"Crescente";"Céu Claro";"Simples";"Reta";"Não";3;0;0;3;0;0;3;2;-26,79434803;-48,68350983;"SPRF-SC";"DEL04-SC";"UOP04-DEL04-SC"
262583;2020-01-13;"segunda-feira";"12:30:00";"MG";267;282,7;"BAEPENDI";"Falta de Atenção à Condução";"Colisão com objeto estático";"Com Vítimas Feridas";"Pleno dia";"Crescente";"Nublado";"Simples";"Reta;Declive";"Não";1;0;1;0;0;0;1;1;-21,92489267;-44,77718353;"SPRF-MG";"DEL05-MG";"UOP01-DEL17-MG"
262585;2020-01-13;"segunda-feira";"12:10:00";"RS";101;12;"DOM PEDRO DE ALCANTARA";"Condutor Dormindo";"Saída de leito carroçável";"Com Vítimas Feridas";"Pleno dia";"Decrescente";"Sol";"Dupla";"Reta";"Sim";1;0;1;0;0;0;1;1;-29,38659602;-49,83647398;"SPRF-RS";"DEL03-RS";"UOP02-DEL03-RS"
262586;2020-01-13;"segunda-feira";"12:40:00";"MG";381;7;"BETIM";"Mal Súbito";"Tombamento";"Com Vítimas Feridas";"Pleno dia";"Crescente";"Céu Claro";"Dupla";"Reta";"Sim";1;0;1;0;0;0;1;1;-19,96825;-44,198708;"SPRF-MG";"DEL01-MG";"UOP03-DEL01-MG"
262591;2020-01-13;"segunda-feira";"11:10:00";"SC";470;129,6;"LONTRAS";"Falta de Atenção à Condução";"Colisão traseira";"Com Vítimas Feridas";"Pleno dia";"Decrescente";"Sol";"Simples";"Reta";"Sim";2;0;1;0;1;0;1;2;-27,148499;-49,556137;"SPRF-SC";"DEL04-SC";"UOP02-DEL04-SC"
262592;2020-01-13;"segunda-feira";"11:15:00";"PE";232;21,6;"MORENO";"Defeito Mecânico no Veículo";"Capotamento";"Com Vítimas Feridas";"Pleno dia";"Crescente";"Sol";"Dupla";"Curva";"Não";2;0;2;0;0;0;2;1;-8,09580234;-35,08012588;"SPRF-PE";"DEL01-PE";"UOP02-DEL02PE"
262594;2020-01-13;"segunda-feira";"14:00:00";"PE";408;96,5;"SAO LOURENCO DA MATA";"Velocidade Incompatível";"Saída de leito carroçável";"Com Vítimas Fatais";"Pleno dia";"Decrescente";"Céu Claro";"Simples";"Reta";"Não";2;1;0;1;0;0;1;1;-8,02062;-35,041045;"SPRF-PE";"DEL01-PE";"UOP01-DEL01-PE"
262596;2020-01-13;"segunda-feira";"13:30:00";"MG";459;92,2;"CONGONHAL";"Velocidade Incompatível";"Saída de leito carroçável";"Com Vítimas Feridas";"Pleno dia";"Crescente";"Chuva";"Simples";"Curva";"Não";1;0;1;0;0;0;1;1;-22,184991;-45,985239;"SPRF-MG";"DEL16-MG";"UOP01-DEL09-MG"
262597;2020-01-13;"segunda-feira";"13:30:00";"RJ";40;32;"TRES RIOS";"Falta de Atenção à Condução";"Colisão com objeto estático";"Com Vítimas Feridas";"Pleno dia";"Decrescente";"Chuva";"Dupla";"Curva";"Não";5;0;2;2;1;0;4;1;-22,19935287;-43,15764401;"SPRF-RJ";"DEL06-RJ";"UOP02-DEL05-RJ"
262600;2020-01-13;"segunda-feira";"14:37:00";"PR";469;15,3;"FOZ DO IGUACU";"Falta de Atenção à Condução";"Colisão transversal";"Com Vítimas Feridas";"Pleno dia";"Crescente";"Sol";"Simples";"Interseção de Vias";"Sim";2;0;0;1;1;0;1;2;-25,5813;-54,5315;"SPRF-PR";"DEL05-PR";"UOP04-DEL05-PR"
262602;2020-01-13;"segunda-feira";"14:00:00";"MG";40;750,1;"SANTOS DUMONT";"Velocidade Incompatível";"Saída de leito carroçável";"Com Vítimas Feridas";"Pleno dia";"Crescente";"Chuva";"Dupla";"Curva";"Não";1;0;1;0;0;0;1;1;-21,45724301;-43,55822199;"SPRF-MG";"DEL05-MG";"UOP01-DEL05-MG"
262603;2020-01-13;"segunda-feira";"14:40:00";"RJ";101;99;"CAMPOS DOS GOYTACAZES";"Velocidade Incompatível";"Colisão com objeto estático";"Com Vítimas Feridas";"Pleno dia";"Crescente";"Chuva";"Dupla";"Curva";"Não";2;0;0;2;0;0;2;1;-21,8758198;-41,5832851;"SPRF-RJ";"DEL08-RJ";"UOP02-DEL08-RJ"
262604;2020-01-13;"segunda-feira";"14:10:00";"MG";116;814;"ALEM PARAIBA";"Pista Escorregadia";"Saída de leito carroçável";"Com Vítimas Feridas";"Pleno dia";"Crescente";"Chuva";"Simples";"Curva";"Não";2;0;1;0;1;0;1;2;-21,85629;-42,66083;"SPRF-MG";"DEL07-MG";"UOP01-DEL07-MG"