"id";"data_inversa";"dia_semana";"horario";"uf";"br";"km";"municipio";"causa_acidente";"tipo_acidente";"classificacao_acidente";"fase_dia";"sentido_via";"condicao_metereologica";"tipo_pista";"tracado_via";"uso_solo";"pessoas";"mortos";"feridos_leves";"feridos_graves";"ilesos";"ignorados";"feridos";"veiculos";"latitude";"longitude";"regional";"delegacia";"uop"
262605;2020-01-13;"segunda-feira";"14:25:00";"SC";101;217;"PALHOCA";"Falta de Atenção à Condução";"Engavetamento";"Com Vítimas Feridas";"Pleno dia";"Decrescente";"Sol";"Múltipla";"Reta";"Sim";5;0;1;0;4;0;1;5;-27,66779034;-48,67393586;"SPRF-SC";"DEL01-SC";"UOP02-DEL01-SC"
262606;2020-01-13;"segunda-feira";"13:10:00";"ES";101;296;"CARIACICA";"Não guardar distância de segurança";"Colisão traseira";"Com Vítimas Feridas";"Pleno dia";"Crescente";"Céu Claro";"Simples";"Reta";"Sim";2;0;0;1;1;0;1;2;-20,34029997;-40,40405712;"SPRF-ES";"DEL01-ES";"UOP01-DEL01-ES"
262607;2020-01-05;"domingo";"14:45:00";"MT";174;125;"MIRASSOL DOESTE";"Falta de Atenção à Condução";"Colisão lateral";"Com Vítimas Feridas";"Pleno dia";"Crescente";"Sol";"Simples";"Rotatória";"Não";3;0;0;2;1;0;2;2;-15,81917988;-58,08647991;"SPRF-MT";"DEL03-MT";"UOP01-DEL03-MT"
262608;2020-01-13;"segunda-feira";"12:10:00";"SC";163;76,9;"SAO MIGUEL DO OESTE";"Falta de Atenção à Condução";"Colisão frontal";"Com Vítimas Feridas";"Pleno dia";"Crescente";"Céu Claro";"Simples";"Curva";"Não";7;0;0;2;5;0;2;2;-26,68478399;-53,51451486;"SPRF-SC";"DEL07-SC";"UOP03-DEL07-SC"
262611;2020-01-13;"segunda-feira";"15:30:00";"PB";230;335,8;"PATOS";"Falta de Atenção do Pedestre";"Atropelamento de Pedestre";"Com Vítimas Fatais";"Pleno dia";"Crescente";"Céu Claro";"Simples";"Reta";"Sim";2;1;0;0;1;0;0;2;-7,0128;-37,2644;"SPRF-PB";"DEL03-PB";"UOP01-DEL03-PB"
262612;2020-01-13;"segunda-feira";"14:30:00";"PI";316;9;"TERESINA";"Desobediência às normas de trânsito pelo condutor";"Colisão lateral";"Com Vítimas Feridas";"Pleno dia";"Crescente";"Céu Claro";"Simples";"Reta";"Sim";2;0;0;1;1;0;1;2;-5,17381686;-42,76624952;"SPRF-PI";"DEL01-PI";"UOP02-DEL01-PI"
262613;2020-01-13;"segunda-feira";"09:45:00";"SC";282;156;"BOM RETIRO";"Velocidade Incompatível";"Saída de leito carroçável";"Com Vítimas Feridas";"Pleno dia";"Crescente";"Céu Claro";"Simples";"Reta";"Não";3;0;1;1;1;0;2;1;-27,746881;-49,715881;"SPRF-SC";"DEL05-SC";"UOP01-DEL05-SC"
262614;2020-01-13;"segunda-feira";"14:20:00";"RS";116;408,5;"CAMAQUA";"Desobediência às normas de trânsito pelo condutor";"Colisão lateral";"Com Vítimas Feridas";"Pleno dia";"Crescente";"Céu Claro";"Simples";"Interseção de Vias";"Não";2;0;2;0;0;0;2;2;-30,91209284;-51,88207626;"SPRF-RS";"DEL02-RS";"UOP03-DEL02-RS"
262617;2020-01-12;"domingo";"05:00:00";"SC";282;587;"SAUDADES";"Ingestão de Álcool";"Colisão com objeto estático";"Com Vítimas Feridas";"Amanhecer";"Crescente";"Nublado";"Simples";"Curva";"Não";2;0;1;0;1;0;1;1;-26,830677;-53,04443;"SPRF-SC";"DEL07-SC";"UOP02-DEL07-SC"
262620;2020-01-13;"segunda-feira";"16:00:00";"RS";386;177;"CARAZINHO";"Desobediência às normas de trânsito pelo condutor";"Colisão traseira";"Com Vítimas Feridas";"Pleno dia";"Crescente";"Céu Claro";"Simples";"Reta";"Sim";2;0;0;1;1;0;1;2;-28,281309;-52,765053;"SPRF-RS";"DEL08-RS";"UOP01-DEL08-RS"
262621;2020-01-13;"segunda-feira";"14:20:00";"PB";230;237,8;"JUAZEIRINHO";"Falta de Atenção à Condução";"Saída de leito carroçável";"Com Vítimas Feridas";"Pleno dia";"Crescente";"Céu Claro";"Simples";"Curva";"Não";1;0;1;0;0;0;1;1;-7,05285295;-36,54808044;"SPRF-PB";"DEL02-PB";"UOP02-DEL02-PB"
262622;2020-01-13;"segunda-feira";"15:20:00";"MG";40;514;"RIBEIRAO DAS NEVES";"Defeito Mecânico no Veículo";"Queda de ocupante de veículo";"Com Vítimas Feridas";"Pleno dia";"Crescente";"Sol";"Dupla";"Reta";"Sim";2;0;1;1;0;0;2;1;-19,80151928;-44,10000333;"SPRF-MG";"DEL01-MG";"UOP02-DEL01-MG"
262624;2020-01-13;"segunda-feira";"14:40:00";"PR";277;518,3;"GUARANIACU";"Ingestão de Álcool";"Colisão transversal";"Com Vítimas Feridas";"Pleno dia";"Decrescente";"Céu Claro";"Simples";"Rotatória";"Não";1;0;0;1;0;0;1;1;-25,11240772;-52,83208297;"SPRF-PR";"DEL04-PR";"UOP04-DEL04-PR"
262625;2020-01-13;"segunda-feira";"15:30:00";"SP";116;100,9;"PINDAMONHANGABA";"Não guardar distância de segurança";"Engavetamento";"Com Vítimas Feridas";"Pleno dia";"Crescente";"Chuva";"Dupla";"Aclive";"Sim";5;0;0;1;4;0;1;4;-22,986552;-45,47276;"SPRF-SP";"DEL06-SP";"UOP01-DEL06-SP"
262630;2020-01-13;"segunda-feira";"17:00:00";"RS";116;146,1;"CAXIAS DO SUL";"Desobediência às normas de trânsito pelo condutor";"Colisão transversal";"Com Vítimas Feridas";"Pleno dia";"Crescente";"Sol";"Dupla";"Reta";"Sim";4;0;3;0;1;0;3;2;-29,14228897;-51,13622202;"SPRF-RS";"DEL05-RS";"UOP01-DEL05-RS"
262632;2020-01-13;"segunda-feira";"14:20:00";"GO";153;615,5;"MORRINHOS";"Condutor Dormindo";"Saída de leito carroçável";"Sem Vítimas";"Pleno dia";"Decrescente";"Céu Claro";"Dupla";"Reta";"Não";1;0;0;0;1;0;0;1;-17,6778;-49,1621;"SPRF-GO";"DEL03-GO";"UOP01-DEL03-GO"
262634;2020-01-13;"segunda-feira";"15:20:00";"ES";101;131,4;"LINHARES";"Desobediência às normas de trânsito pelo condutor";"Colisão transversal";"Com Vítimas Feridas";"Pleno dia";"Crescente";"Céu Claro";"Simples";"Aclive";"Não";6;0;0;1;5;0;1;2;-19,238965;-40,09170698;"SPRF-ES";"DEL04-ES";"UOP01-DEL04-ES"
262636;2020-01-13;"segunda-feira";"17:00:00";"SC";282;19,8;"PALHOCA";"Falta de Atenção à Condução";"Colisão transversal";"Com Vítimas Feridas";"Pleno dia";"Crescente";"Sol";"Simples";"Reta";"Sim";2;0;1;0;1;0;1;2;-27,678635;-48,70192;"SPRF-SC";"DEL01-SC";"UOP02-DEL01-SC"
262638;2020-01-13;"segunda-feira";"17:30:00";"PE";101;100;"CABO DE SANTO AGOSTINHO";"Sinalização da via insuficiente ou inadequada";"Colisão traseira";"Com Vítimas Feridas";"Plena Noite";"Crescente";"Ignorado";"Simples";"Reta";"Não";3;0;3;0;0;0;3;1;-8,26699309;-35,05234386;"SPRF-PE";"DEL01-PE";"UOP03-DEL01-PE"
262639;2020-01-13;"segunda-feira";"15:00:00";"MT";364;205;"RONDONOPOLIS";"Ingestão de Álcool";"Colisão transversal";"Sem Vítimas";"Pleno dia";"Crescente";"Céu Claro";"Dupla";"Reta";"Sim";2;0;0;0;2;0;0;2;-16,45928621;-54,66092345;"SPRF-MT";"DEL02-MT";"UOP01-DEL02-MT"
262640;2020-01-13;"segunda-feira";"16:30:00";"RR";174;463;"BOA VISTA";"Defeito Mecânico no Veículo";"Saída de leito carroçável";"Com Vítimas Feridas";"Pleno dia";"Crescente";"Céu Claro";"Simples";"Reta";"Não";2;0;2;0;0;0;2;1;2,554278;-60,876972;"SPRF-RR";"DEL01-RR";"UOP01-DEL01-RR"
262641;2020-01-13;"segunda-feira";"17:00:00";"BA";324;518;"FEIRA DE SANTANA";"Desobediência às normas de trânsito pelo condutor";"Colisão lateral";"Com Vítimas Feridas";"Pleno dia";"Decrescente";"Céu Claro";"Simples";"Reta;Interseção de Vias";"Sim";2;0;1;0;1;0;1;2;-12,258195;-38,932182;"SPRF-BA";"DEL02-BA";"UOP01-DEL02-BA"
262642;2020-01-13;"segunda-feira";"18:10:00";"SP";381;86,3;"SAO PAULO";"Falta de Atenção à Condução";"Colisão traseira";"Com Vítimas Feridas";"Anoitecer";"Crescente";"Nublado";"Dupla";"Reta";"Sim";2;0;1;0;1;0;1;2;-23,45930499;-46,57161179;"SPRF-SP";"DEL03-SP";"UOP01-DEL03-SP"
262643;2020-01-13;"segunda-feira";"18:10:00";"DF";70;11,3;"BRASILIA";"Velocidade Incompatível";"Colisão traseira";"Com Vítimas Fatais";"Pleno dia";"Crescente";"Céu Claro";"Dupla";"Retorno Regulamentado;Reta";"Não";3;1;0;0;2;0;0;2;-15,789762;-48,148727;"SPRF-DF";"DEL01-DF";"UOP02-DEL03-DF"
262644;2020-01-13;"segunda-feira";"17:50:00";"GO";60;101;"ANAPOLIS";"Desobediência às normas de trânsito pelo condutor";"Colisão transversal";"Com Vítimas Feridas";"Pleno dia";"Crescente";"Céu Claro";"Dupla";"Interseção de Vias";"Sim";2;0;1;0;1;0;1;2;-16,4022;-48,9745;"SPRF-GO";"DEL02-GO";"UOP01-DEL02-GO"
262646;2020-01-13;"segunda-feira";"18:15:00";"MG";381;487;"BETIM";"Falta de Atenção à Condução";"Colisão traseira";"Com Vítimas Feridas";"Anoitecer";"Crescente";"Sol";"Múltipla";"Reta";"Sim";2;0;1;0;1;0;1;2;-19,95586853;-44,14609501;"SPRF-MG";"DEL01-MG";"UOP03-DEL01-MG"
262648;2020-01-13;"segunda-feira";"18:00:00";"RS";290;103,4;"ELDORADO DO SUL";"Não guardar distância de segurança";"Tombamento";"Com Vítimas Feridas";"Pleno dia";"Crescente";"Céu Claro";"Dupla";"Ponte;Reta;Declive";"Não";4;0;0;1;0;3;1;3;-29,99017;-51,265766;"SPRF-RS";"DEL02-RS";"UOP01-DEL02-RS"
262649;2020-01-13;"segunda-feira";"07:20:00";"SC";101;327;"CAPIVARI DE BAIXO";"Falta de Atenção à Condução";"Saída de leito carroçável";"Com Vítimas Feridas";"Pleno dia";"Crescente";"Céu Claro";"Simples";"Reta";"Sim";1;0;1;0;0;0;1;1;-28,43023306;-48,95205197;"SPRF-SC";"DEL02-SC";"UOP01-DEL02-SC"
262651;2020-01-13;"segunda-feira";"18:00:00";"RS";290;102;"PORTO ALEGRE";"Falta de Atenção à Condução";"Colisão traseira";"Com Vítimas Feridas";"Pleno dia";"Crescente";"Céu Claro";"Dupla";"Reta";"Não";2;0;1;0;1;0;1;2;-29,987228;-51,25613;"SPRF-RS";"DEL01-RS";"UOP01-DEL01-RS"
262653;2020-01-13;"segunda-feira";"18:40:00";"CE";222;39,9;"CAUCAIA";"Desobediência às normas de trânsito pelo condutor";"Colisão frontal";"Com Vítimas Fatais";"Plena Noite";"Crescente";"Céu Claro";"Simples";"Reta";"Sim";3;1;0;1;0;1;1;2;-3,68870601;-38,89853601;"SPRF-CE";"DEL01-CE";"UOP01-DEL01-CE"
262654;2020-01-13;"segunda-feira";"19:00:00";"RS";116;153,7;"CAXIAS DO SUL";"Desobediência às normas de trânsito pelo condutor";"Colisão transversal";"Com Vítimas Feridas";"Pleno dia";"Crescente";"Céu Claro";"Dupla";"Interseção de Vias";"Sim";2;0;1;0;1;0;1;2;-29,18791023;-51,182127;"SPRF-RS";"DEL05-RS";"UOP01-DEL05-RS"
262655;2020-01-13;"segunda-feira";"18:25:00";"PR";373;178;"PONTA GROSSA";"Falta de Atenção à Condução";"Colisão transversal";"Com Vítimas Feridas";"Pleno dia";"Crescente";"Céu Claro";"Simples";"Reta";"Sim";4;0;2;0;2;0;2;2;-25,05025485;-50,23418475;"SPRF-PR";"DEL03-PR";"UOP01-DEL03-PR"
262657;2020-01-13;"segunda-feira";"17:30:00";"MG";262;472,6;"BOM DESPACHO";"Falta de Atenção à Condução";"Colisão traseira";"Com Vítimas Feridas";"Pleno dia";"Crescente";"Céu Claro";"Simples";"Reta";"Não";3;0;1;0;2;0;1;3;-19,78651123;-45,17550886;"SPRF-MG";"DEL08-MG";"UOP03-DEL08-MG"
262658;2020-01-13;"segunda-feira";"18:50:00";"PE";428;121;"SANTA MARIA DA BOA VISTA";"Animais na Pista";"Atropelamento de Animal";"Com Vítimas Feridas";"Plena Noite";"Crescente";"Céu Claro";"Simples";"Reta";"Não";2;0;1;0;1;0;1;1;-8,93005884;-40,11502506;"SPRF-PE";"DEL06-PE";"UOP03-DEL06-PE"
262659;2020-01-13;"segunda-feira";"18:30:00";"MG";262;33;"MANHUACU";"Falta de Atenção à Condução";"Colisão traseira";"Com Vítimas Feridas";"Plena Noite";"Crescente";"Céu Claro";"Simples";"Declive";"Não";2;0;1;0;1;0;1;2;-20,25550548;-42,00465315;"SPRF-MG";"DEL06-MG";"UOP03-DEL06-MG"
262660;2020-01-13;"segunda-feira";"17:45:00";"RJ";101;215;"SILVA JARDIM";"Desobediência às normas de trânsito pelo condutor";"Colisão traseira";"Sem Vítimas";"Anoitecer";"Crescente";"Nublado";"Dupla";"Reta;Retorno Regulamentado";"Não";2;0;0;0;2;0;0;2;-22,50540682;-42,27365808;"SPRF-RJ";"DEL02-RJ";"UOP03-DEL02-RJ"
262661;2020-01-13;"segunda-feira";"19:20:00";"GO";40;93;"CRISTALINA";"Falta de Atenção à Condução";"Colisão transversal";"Com Vítimas Feridas";"Plena Noite";"Crescente";"Céu Claro";"Simples";"Interseção de Vias";"Não";4;0;2;0;2;0;2;2;-16,736824;-47,61925;"SPRF-DF";"DEL01-DF";"UOP02-DEL01-DF"
262663;2020-01-13;"segunda-feira";"17:30:00";"SC";470;65,9;"INDAIAL";"Desobediência às normas de trânsito pelo condutor";"Colisão transversal";"Com Vítimas Feridas";"Pleno dia";"Crescente";"Sol";"Simples";"Reta;Em Obras";"Sim";3;0;2;0;1;0;2;2;-26,870411;-49,211864;"SPRF-SC";"DEL04-SC";"UOP01-DEL04-SC"
262664;2020-01-13;"segunda-feira";"17:00:00";"SC";470;173,5;"POUSO REDONDO";"Falta de Atenção à Condução";"Colisão transversal";"Com Vítimas Feridas";"Pleno dia";"Crescente";"Sol";"Simples";"Reta";"Sim";3;0;2;0;1;0;2;2;-27,25984;-49,919285;"SPRF-SC";"DEL04-SC";"UOP02-DEL04-SC"
262665;2020-01-13;"segunda-feira";"18:20:00";"SP";381;70;"MAIRIPORA";"Pista Escorregadia";"Capotamento";"Com Vítimas Feridas";"Plena Noite";"Decrescente";"Garoa/Chuvisco";"Múltipla";"Curva";"Sim";3;0;3;0;0;0;3;1;-23,34972978;-46,56070474;"SPRF-SP";"DEL03-SP";"UOP01-DEL03-SP"
262666;2020-01-13;"segunda-feira";"19:40:00";"RN";406;104,5;"JOAO CAMARA";"Falta de Atenção à Condução";"Colisão traseira";"Sem Vítimas";"Plena Noite";"Crescente";"Céu Claro";"Simples";"Reta";"Sim";2;0;0;0;1;1;0;2;-5,54067796;-35,80553967;"SPRF-RN";"DEL02-RN";"UOP01-DEL02-RN"
262667;2020-01-13;"segunda-feira";"19:20:00";"MG";381;484,9;"BETIM";"Falta de Atenção do Pedestre";"Atropelamento de Pedestre";"Com Vítimas Fatais";"Plena Noite";"Crescente";"Nublado";"Dupla";"Curva";"Sim";2;1;1;0;0;0;1;2;-19,95531717;-44,11722196;"SPRF-MG";"DEL01-MG";"UOP03-DEL01-MG"
262669;2020-01-13;"segunda-feira";"19:15:00";"GO";60;138;"GOIANIA";"Falta de Atenção à Condução";"Colisão frontal";"Com Vítimas Feridas";"Anoitecer";"Decrescente";"Céu Claro";"Simples";"Reta";"Sim";2;0;1;0;1;0;1;2;-16,6117;-49,2053;"SPRF-GO";"DEL01-GO";"UOP01-DEL01-GO"
262672;2020-01-13;"segunda-feira";"19:20:00";"RS";290;173;"BUTIA";"Defeito Mecânico no Veículo";"Incêndio";"Sem Vítimas";"Pleno dia";"Decrescente";"Sol";"Simples";"Reta;Declive";"Não";1;0;0;0;1;0;0;1;-30,127287;-51,94133;"SPRF-RS";"DEL02-RS";"UOP02-DEL02-RS"
262674;2020-01-13;"segunda-feira";"18:00:00";"MG";116;498,5;"INHAPIM";"Falta de Atenção à Condução";"Colisão transversal";"Com Vítimas Feridas";"Plena Noite";"Decrescente";"Nublado";"Simples";"Curva";"Não";2;0;0;1;1;0;1;2;-19,54620212;-42,12776184;"SPRF-MG";"DEL06-MG";"UOP02-DEL06-MG"
262675;2020-01-13;"segunda-feira";"19:50:00";"SC";101;123,8;"ITAJAI";"Falta de Atenção à Condução";"Tombamento";"Com Vítimas Feridas";"Plena Noite";"Crescente";"Céu Claro";"Simples";"Retorno Regulamentado";"Não";2;0;2;0;0;0;2;1;-26,94919964;-48,68157864;"SPRF-SC";"DEL04-SC";"UOP04-DEL04-SC"
262676;2020-01-13;"segunda-feira";"20:20:00";"TO";242;352,2;"PEIXE";"Defeito Mecânico no Veículo";"Colisão lateral";"Com Vítimas Feridas";"Plena Noite";"Decrescente";"Céu Claro";"Simples";"Reta";"Não";5;0;4;0;1;0;4;2;-11,86926956;-48,87444287;"SPRF-TO";"DEL02-TO";"UOP02-DEL01-TO"
262677;2020-01-13;"segunda-feira";"16:00:00";"BA";242;418;"SEABRA";"Velocidade Incompatível";"Saída de leito carroçável";"Com Vítimas Feridas";"Pleno dia";"Decrescente";"Céu Claro";"Simples";"Reta";"Não";2;0;2;0;0;0;2;1;-12,43218557;-41,80645406;"SPRF-BA";"DEL06-BA";"UOP01-DEL06-BA"
262678;2020-01-13;"segunda-feira";"17:30:00";"MT";70;719;"CACERES";"Pista Escorregadia";"Saída de leito carroçável";"Sem Vítimas";"Pleno dia";"Crescente";"Chuva";"Simples";"Curva";"Não";2;0;0;0;2;0;0;1;-16,20103418;-57,57632447;"SPRF-MT";"DEL03-MT";"UOP01-DEL03-MT"
262679;2020-01-13;"segunda-feira";"19:45:00";"SC";101;151;"ITAPEMA";"Falta de Atenção do Pedestre";"Atropelamento de Pedestre";"Com Vítimas Fatais";"Anoitecer";"Crescente";"Céu Claro";"Simples";"Reta";"Sim";2;1;0;0;1;0;0;2;-27,126536;-48,609642;"SPRF-SC";"DEL04-SC";"UOP03-DEL04-SC"
262681;2020-01-13;"segunda-feira";"21:55:00";"SP";116;27,8;"LAVRINHAS";"Velocidade Incompatível";"Colisão com objeto estático";"Com Vítimas Feridas";"Plena Noite";"Decrescente";"Chuva";"Dupla";"Curva";"Não";4;0;3;0;1;0;3;2;-22,62438984;-44,91099358;"SPRF-SP";"DEL08-SP";"UOP02-DEL08-SP"
262683;2020-01-13;"segunda-feira";"07:20:00";"RO";364;382,5;"OURO PRETO DO OESTE";"Ingestão de Álcool";"Queda de ocupante de veículo";"Com Vítimas Feridas";"Plena Noite";"Decrescente";"Céu Claro";"Simples";"Declive";"Não";1;0;0;1;0;0;1;1;-10,72309478;-62,24057805;"SPRF-RO";"DEL02-RO";"UOP01-DEL02-RO"
262686;2020-01-13;"segunda-feira";"22:15:00";"SC";101;214;"PALHOCA";"Falta de Atenção à Condução";"Colisão lateral";"Com Vítimas Feridas";"Plena Noite";"Crescente";"Céu Claro";"Dupla";"Reta";"Sim";2;0;1;0;1;0;1;2;-27,64443;-48,67057;"SPRF-SC";"DEL01-SC";"UOP02-DEL01-SC"
262687;2020-01-13;"segunda-feira";"22:00:00";"PB";230;27;"JOAO PESSOA";"Falta de Atenção à Condução";"Colisão traseira";"Com Vítimas Feridas";"Plena Noite";"Crescente";"Céu Claro";"Dupla";"Reta";"Sim";3;0;0;2;0;1;2;2;-7,1677;-34,8855;"SPRF-PB";"DEL01-PB";"UOP01-DEL01-PB"
262688;2020-01-13;"segunda-feira";"22:45:00";"SC";101;200;"SAO JOSE";"Falta de Atenção à Condução";"Colisão lateral";"Com Vítimas Feridas";"Plena Noite";"Decrescente";"Nublado";"Dupla";"Reta";"Sim";2;0;2;0;0;0;2;2;-27,54018513;-48,62287714;"SPRF-SC";"DEL01-SC";"UOP01-DEL01-SC"
262689;2020-01-13;"segunda-feira";"22:30:00";"PA";230;116;"MARABA";"Não guardar distância de segurança";"Colisão lateral";"Com Vítimas Feridas";"Plena Noite";"Decrescente";"Garoa/Chuvisco";"Dupla";"Reta";"Sim";2;0;1;0;1;0;1;2;-5,35569904;-49,09047302;"SPRF-PA";"DEL03-PA";"UOP01-DEL03-PA"
262690;2020-01-13;"segunda-feira";"19:00:00";"MT";70;381;"CAMPO VERDE";"Falta de Atenção do Pedestre";"Atropelamento de Pedestre";"Com Vítimas Feridas";"Plena Noite";"Crescente";"Céu Claro";"Simples";"Reta";"Não";2;0;2;0;0;0;2;2;-15,52081988;-55,12450612;"SPRF-MT";"DEL05-MT";"UOP01-DEL05-MT"
262693;2020-01-13;"segunda-feira";"23:30:00";"GO";70;9,9;"AGUAS LINDAS DE GOIAS";"Ingestão de Álcool";"Saída de leito carroçável";"Com Vítimas Feridas";"Plena Noite";"Decrescente";"Nublado";"Dupla";"Curva";"Sim";3;0;1;0;0;2;1;2;-15,73576731;-48,28288046;"SPRF-DF";"DEL01-DF";"UOP02-DEL03-DF"
262694;2020-01-13;"segunda-feira";"22:30:00";"MG";262;711,1;"ARAXA";"Não guardar distância de segurança";"Colisão traseira";"Com Vítimas Feridas";"Plena Noite";"Crescente";"Céu Claro";"Simples";"Reta";"Não";2;0;2;0;0;0;2;1;-19,60285197;-47,15315805;"SPRF-MG";"DEL08-MG";"UOP01-DEL08-MG"
262696;2020-01-13;"segunda-feira";"23:30:00";"SC";101;203;"SAO JOSE";"Desobediência às normas de trânsito pelo condutor";"Colisão traseira";"Sem Vítimas";"Plena Noite";"Crescente";"Céu Claro";"Múltipla";"Interseção de Vias";"Sim";2;0;0;0;2;0;0;2;-27,5650044;-48,61460082;"SPRF-SC";"DEL01-SC";"UOP01-DEL01-SC"
262697;2020-01-13;"segunda-feira";"22:50:00";"PI";230;275,2;"NAZARE DO PIAUI";"Animais na Pista";"Colisão com objeto estático";"Com Vítimas Feridas";"Plena Noite";"Decrescente";"Céu Claro";"Simples";"Reta";"Não";1;0;0;1;0;0;1;1;-6,93496206;-42,74739502;"SPRF-PI";"DEL03-PI";"UOP01-DEL03-PI"
262698;2020-01-14;"terça-feira";"00:40:00";"SP";153;201;"GETULINA";"Animais na Pista";"Atropelamento de Animal";"Sem Vítimas";"Plena Noite";"Crescente";"Nublado";"Simples";"Declive";"Não";3;0;0;0;3;0;0;1;-21,82878495;-49,90313344;"SPRF-SP";"DEL07-SP";"UOP01-DEL07-SP"
262699;2020-01-14;"terça-feira";"01:10:00";"SP";381;87;"GUARULHOS";"Falta de Atenção à Condução";"Tombamento";"Com Vítimas Feridas";"Plena Noite";"Decrescente";"Céu Claro";"Dupla";"Reta";"Sim";1;0;1;0;0;0;1;1;-23,46885001;-46,56996601;"SPRF-SP";"DEL03-SP";"UOP01-DEL03-SP"
262700;2020-01-13;"segunda-feira";"21:00:00";"SP";116;275;"TABOAO DA SERRA";"Ingestão de Álcool";"Colisão lateral";"Sem Vítimas";"Plena Noite";"Decrescente";"Céu Claro";"Dupla";"Reta";"Sim";2;0;0;0;2;0;0;2;-23,63638826;-46,83251584;"SPRF-SP";"DEL04-SP";"UOP01-DEL04-SP"
262701;2020-01-13;"segunda-feira";"22:00:00";"SP";381;88;"GUARULHOS";"Falta de Atenção à Condução";"Colisão lateral";"Sem Vítimas";"Plena Noite";"Decrescente";"Céu Claro";"Dupla";"Reta";"Sim";1;0;0;0;0;1;0;1;-23,47469314;-46,56112919;"SPRF-SP";"DEL03-SP";"UOP01-DEL03-SP"
262702;2020-01-13;"segunda-feira";"23:50:00";"RJ";101;120,5;"CAMPOS DOS GOYTACAZES";"Falta de Atenção do Pedestre";"Atropelamento de Pedestre";"Com Vítimas Fatais";"Plena Noite";"Crescente";"Céu Claro";"Dupla";"Reta";"Sim";2;1;0;0;0;1;0;2;-22,02621833;-41,69171397;"SPRF-RJ";"DEL08-RJ";"UOP02-DEL08-RJ"
262703;2020-01-13;"segunda-feira";"23:40:00";"MA";316;275;"BELA VISTA DO MARANHAO";"Falta de Atenção à Condução";"Saída de leito carroçável";"Com Vítimas Feridas";"Plena Noite";"Crescente";"Nublado";"Simples";"Aclive;Reta";"Não";1;0;1;0;0;0;1;1;-3,724337;-45,27808;"SPRF-MA";"DEL02-MA";"UI04-DEL02-MA"
262704;2020-01-14;"terça-feira";"04:05:00";"MG";381;493,2;"BETIM";"Falta de Atenção à Condução";"Colisão traseira";"Com Vítimas Feridas";"Plena Noite";"Crescente";"Céu Claro";"Dupla";"Reta";"Sim";2;0;1;0;1;0;1;2;-19,97670801;-44,19962698;"SPRF-MG";"DEL01-MG";"UOP03-DEL01-MG"
262715;2020-01-14;"terça-feira";"04:50:00";"SC";101;203;"SAO JOSE";"Ingestão de Álcool";"Colisão com objeto estático";"Com Vítimas Feridas";"Amanhecer";"Decrescente";"Nublado";"Múltipla";"Reta";"Sim";1;0;1;0;0;0;1;1;-27,5650044;-48,61460082;"SPRF-SC";"DEL01-SC";"UOP01-DEL01-SC"
262720;2020-01-14;"terça-feira";"02:04:00";"PA";316;62;"CASTANHAL";"Ingestão de Álcool";"Colisão com objeto estático";"Sem Vítimas";"Plena Noite";"Decrescente";"Céu Claro";"Dupla";"Reta";"Sim";1;0;0;0;1;0;0;1;-1,29786885;-47,93764104;"SPRF-PA";"DEL01-PA";"UOP01-DEL01-PA"
262721;2020-01-14;"terça-feira";"05:50:00";"SC";101;117;"ITAJAI";"Desobediência às normas de trânsito pelo condutor";"Colisão transversal";"Com Vítimas Feridas";"Pleno dia";"Decrescente";"Céu Claro";"Simples";"Interseção de Vias";"Sim";2;0;0;1;1;0;1;2;-26,88747187;-48,72252969;"SPRF-SC";"DEL04-SC";"UOP04-DEL04-SC"
262722;2020-01-14;"terça-feira";"04:00:00";"MG";381;4,8;"BETIM";"Agressão Externa";"Incêndio";"Sem Vítimas";"Plena Noite";"Crescente";"Céu Claro";"Dupla";"Reta";"Sim";1;0;0;0;0;1;0;1;-19,96825;-44,198708;"SPRF-MG";"DEL01-MG";"UOP03-DEL01-MG"
262723;2020-01-13;"segunda-feira";"20:50:00";"RO";319;63;"PORTO VELHO";"Falta de Atenção à Condução";"Colisão traseira";"Sem Vítimas";"Plena Noite";"Decrescente";"Nublado";"Múltipla";"Reta";"Sim";6;0;0;0;6;0;0;2;-8,766685;-63,884052;"SPRF-RO";"DEL01-RO";"UOP01-DEL01-RO"
262724;2020-01-14;"terça-feira";"06:30:00";"MG";381;345;"BELA VISTA DE MINAS";"Velocidade Incompatível";"Saída de leito carroçável";"Com Vítimas Feridas";"Pleno dia";"Crescente";"Chuva";"Simples";"Curva";"Não";2;0;2;0;0;0;2;1;-19,86363214;-43,12254285;"SPRF-MG";"DEL03-MG";"UOP01-DEL03-MG"
262725;2020-01-14;"terça-feira";"06:55:00";"RS";285;293;"PASSO FUNDO";"Desobediência às normas de trânsito pelo condutor";"Colisão transversal";"Com Vítimas Feridas";"Pleno dia";"Crescente";"Sol";"Simples";"Interseção de Vias";"Sim";3;0;1;0;2;0;1;2;-28,236645;-52,375156;"SPRF-RS";"DEL08-RS";"UOP03-DEL08-RS"