"id";"data_inversa";"dia_semana";"horario";"uf";"br";"km";"municipio";"causa_acidente";"tipo_acidente";"classificacao_acidente";"fase_dia";"sentido_via";"condicao_metereologica";"tipo_pista";"tracado_via";"uso_solo";"pessoas";"mortos";"feridos_leves";"feridos_graves";"ilesos";"ignorados";"feridos";"veiculos";"latitude";"longitude";"regional";"delegacia";"uop"
262726;2020-01-14;"terça-feira";"06:30:00";"SP";116;396;"MIRACATU";"Falta de Atenção à Condução";"Tombamento";"Sem Vítimas";"Amanhecer";"Crescente";"Céu Claro";"Dupla";"Reta";"Não";1;0;0;0;0;1;0;1;-24,29194738;-47,46959192;"SPRF-SP";"DEL04-SP";"UOP02-DEL04-SP"
262727;2020-01-14;"terça-feira";"05:45:00";"RJ";40;84;"PETROPOLIS";"Condutor Dormindo";"Colisão com objeto estático";"Com Vítimas Feridas";"Amanhecer";"Decrescente";"Chuva";"Simples";"Curva";"Não";3;0;3;0;0;0;3;1;-22,52145512;-43,23707996;"SPRF-RJ";"DEL06-RJ";"UOP01-DEL06-RJ"
262728;2020-01-14;"terça-feira";"07:00:00";"ES";101;268;"SERRA";"Falta de Atenção do Pedestre";"Atropelamento de Pedestre";"Com Vítimas Feridas";"Pleno dia";"Crescente";"Céu Claro";"Múltipla";"Reta";"Sim";2;0;1;0;1;0;1;2;-20,20842;-40,269405;"SPRF-ES";"DEL02-ES";"UOP01-DEL02-ES"
262730;2020-01-14;"terça-feira";"07:30:00";"SC";101;216,5;"PALHOCA";"Falta de Atenção à Condução";"Colisão traseira";"Com Vítimas Feridas";"Pleno dia";"Decrescente";"Sol";"Dupla";"Curva;Viaduto;Aclive";"Sim";2;0;1;0;1;0;1;2;-27,65601586;-48,67838681;"SPRF-SC";"DEL01-SC";"UOP02-DEL01-SC"
262731;2020-01-14;"terça-feira";"07:10:00";"DF";40;3;"BRASILIA";"Desobediência às normas de trânsito pelo condutor";"Colisão traseira";"Com Vítimas Feridas";"Pleno dia";"Decrescente";"Céu Claro";"Dupla";"Reta";"Sim";2;0;1;0;1;0;1;2;-16,003145;-47,983944;"SPRF-DF";"DEL01-DF";"UOP01-DEL01-DF"
262733;2020-01-14;"terça-feira";"07:30:00";"PR";277;81,2;"CURITIBA";"Desobediência às normas de trânsito pelo condutor";"Colisão traseira";"Com Vítimas Feridas";"Pleno dia";"Crescente";"Céu Claro";"Dupla";"Reta";"Sim";3;0;2;0;1;0;2;3;-25,46700366;-49,21606243;"SPRF-PR";"DEL01-PR";"UOP06-DEL01-PR"
262734;2020-01-14;"terça-feira";"07:40:00";"BA";324;619;"SALVADOR";"Não guardar distância de segurança";"Colisão lateral";"Sem Vítimas";"Pleno dia";"Crescente";"Céu Claro";"Dupla";"Reta";"Sim";4;0;0;0;4;0;0;4;-12,89820999;-38,45012202;"SPRF-BA";"DEL01-BA";"UOP01-DEL01-BA"
262735;2020-01-14;"terça-feira";"07:00:00";"BA";101;164;"CONCEICAO DO JACUIPE";"Falta de Atenção à Condução";"Capotamento";"Com Vítimas Feridas";"Pleno dia";"Crescente";"Céu Claro";"Simples";"Reta";"Sim";4;0;3;0;1;0;3;1;-12,35551436;-38,782478;"SPRF-BA";"DEL01-BA";"UOP03-DEL01-BA"
262736;2020-01-14;"terça-feira";"07:50:00";"DF";70;10;"BRASILIA";"Falta de Atenção à Condução";"Atropelamento de Pedestre";"Com Vítimas Feridas";"Pleno dia";"Decrescente";"Céu Claro";"Simples";"Reta";"Sim";3;0;1;0;2;0;1;2;-15,787066;-48,140709;"SPRF-DF";"DEL01-DF";"UOP02-DEL03-DF"
262737;2020-01-14;"terça-feira";"08:05:00";"GO";153;506;"GOIANIA";"Desobediência às normas de trânsito pelo condutor";"Queda de ocupante de veículo";"Com Vítimas Feridas";"Pleno dia";"Decrescente";"Céu Claro";"Dupla";"Reta";"Sim";1;0;1;0;0;0;1;1;-16,7633;-49,24;"SPRF-GO";"DEL01-GO";"UOP01-DEL01-GO"
262739;2020-01-14;"terça-feira";"06:10:00";"SE";101;13,3;"CEDRO DE SAO JOAO";"Defeito Mecânico no Veículo";"Incêndio";"Sem Vítimas";"Pleno dia";"Decrescente";"Céu Claro";"Dupla";"Reta;Aclive";"Não";1;0;0;0;1;0;0;1;-10,30352286;-36,88758029;"SPRF-SE";"DEL02-SE";"UOP02-DEL02-SE"
262740;2020-01-14;"terça-feira";"08:10:00";"RN";101;85;"NATAL";"Falta de Atenção à Condução";"Colisão traseira";"Com Vítimas Feridas";"Pleno dia";"Crescente";"Céu Claro";"Dupla";"Reta";"Sim";3;0;1;0;2;0;1;2;-5,777664;-35,24937;"SPRF-RN";"DEL02-RN";"UOP01-DEL02-RN"
262741;2020-01-14;"terça-feira";"07:00:00";"RJ";465;5;"SEROPEDICA";"Desobediência às normas de trânsito pelo condutor";"Colisão frontal";"Com Vítimas Feridas";"Pleno dia";"Crescente";"Nublado";"Simples";"Reta";"Sim";3;0;0;2;1;0;2;2;-22,747673;-43,699196;"SPRF-RJ";"DEL01-RJ";"UOP03-DEL01-RJ"
262742;2020-01-14;"terça-feira";"08:15:00";"MA";230;2,1;"BARAO DE GRAJAU";"Não guardar distância de segurança";"Colisão traseira";"Com Vítimas Feridas";"Pleno dia";"Crescente";"Nublado";"Simples";"Reta";"Sim";6;0;0;1;5;0;1;2;-6,75451474;-43,02540492;"SPRF-PI";"DEL03-PI";"UOP01-DEL03-PI"
262743;2020-01-14;"terça-feira";"08:20:00";"PR";277;199,6;"PALMEIRA";"Condutor Dormindo";"Saída de leito carroçável";"Com Vítimas Feridas";"Pleno dia";"Decrescente";"Nublado";"Simples";"Reta;Aclive";"Não";1;0;0;1;0;0;1;1;-25,46922553;-50,27544789;"SPRF-PR";"DEL03-PR";"UOP02-DEL08-PR"
262745;2020-01-14;"terça-feira";"08:00:00";"PR";116;110,8;"CURITIBA";"Falta de Atenção à Condução";"Colisão traseira";"Sem Vítimas";"Pleno dia";"Crescente";"Nublado";"Dupla";"Reta";"Sim";4;0;0;0;2;2;0;4;-25,57012941;-49,21736805;"SPRF-PR";"DEL01-PR";"UOP06-DEL01-PR"
262748;2020-01-14;"terça-feira";"08:50:00";"PI";316;8,9;"TERESINA";"Falta de Atenção à Condução";"Colisão lateral";"Com Vítimas Feridas";"Pleno dia";"Decrescente";"Céu Claro";"Simples";"Reta";"Sim";3;0;2;0;1;0;2;2;-5,16483402;-42,76899508;"SPRF-PI";"DEL01-PI";"UOP02-DEL01-PI"
262751;2020-01-14;"terça-feira";"09:50:00";"RN";101;84,9;"NATAL";"Não guardar distância de segurança";"Colisão traseira";"Com Vítimas Feridas";"Pleno dia";"Decrescente";"Céu Claro";"Dupla";"Curva";"Sim";2;0;1;0;1;0;1;2;-5,774175;-35,2578;"SPRF-RN";"DEL02-RN";"UOP01-DEL02-RN"
262752;2020-01-14;"terça-feira";"09:10:00";"MG";262;370,4;"JUATUBA";"Falta de Atenção do Pedestre";"Atropelamento de Pedestre";"Com Vítimas Fatais";"Pleno dia";"Decrescente";"Céu Claro";"Dupla";"Declive";"Sim";3;1;1;1;0;0;2;2;-19,95869219;-44,35916126;"SPRF-MG";"DEL01-MG";"UOP03-DEL01-MG"
262755;2020-01-06;"segunda-feira";"12:35:00";"SC";282;1;"FLORIANOPOLIS";"Falta de Atenção à Condução";"Colisão lateral";"Com Vítimas Feridas";"Pleno dia";"Decrescente";"Céu Claro";"Dupla";"Reta";"Sim";2;0;1;0;1;0;1;2;-27,602955;-48,580509;"SPRF-SC";"DEL01-SC";"UOP01-DEL01-SC"
262757;2020-01-14;"terça-feira";"10:00:00";"SC";282;3;"FLORIANOPOLIS";"Desobediência às normas de trânsito pelo condutor";"Colisão lateral";"Com Vítimas Feridas";"Pleno dia";"Decrescente";"Sol";"Dupla";"Reta";"Não";2;0;1;0;1;0;1;2;-27,600384;-48,599705;"SPRF-SC";"DEL01-SC";"UOP01-DEL01-SC"
262758;2020-01-14;"terça-feira";"08:50:00";"RS";386;234,7;"SOLEDADE";"Falta de Atenção à Condução";"Saída de leito carroçável";"Com Vítimas Feridas";"Pleno dia";"Crescente";"Céu Claro";"Dupla";"Reta;Aclive";"Não";2;0;2;0;0;0;2;1;-28,72694777;-52,55632997;"SPRF-RS";"DEL04-RS";"UOP03-DEL04-RS"
262760;2020-01-14;"terça-feira";"09:35:00";"RS";392;67,8;"PELOTAS";"Falta de Atenção à Condução";"Colisão transversal";"Com Vítimas Feridas";"Pleno dia";"Decrescente";"Céu Claro";"Simples";"Reta";"Não";3;0;1;0;2;0;1;2;-31,75709532;-52,39980728;"SPRF-RS";"DEL07-RS";"UOP01-DEL07-RS"
262761;2020-01-14;"terça-feira";"10:40:00";"ES";101;313;"VILA VELHA";"Falta de Atenção à Condução";"Tombamento";"Com Vítimas Feridas";"Pleno dia";"Crescente";"Nublado";"Simples";"Reta";"Não";1;0;1;0;0;0;1;1;-20,45266304;-40,46227791;"SPRF-ES";"DEL03-ES";"UOP01-DEL03-ES"
262762;2020-01-14;"terça-feira";"10:10:00";"CE";20;258;"ITATIRA";"Pista Escorregadia";"Saída de leito carroçável";"Com Vítimas Feridas";"Pleno dia";"Crescente";"Chuva";"Simples";"Curva";"Não";2;0;2;0;0;0;2;1;-4,72842605;-39,46709443;"SPRF-CE";"DEL02-CE";"UOP01-DEL02-CE"
262764;2020-01-02;"quinta-feira";"20:00:00";"GO";60;34,9;"ALEXANIA";"Defeito na Via";"Saída de leito carroçável";"Com Vítimas Fatais";"Plena Noite";"Crescente";"Chuva";"Dupla";"Reta";"Não";3;1;2;0;0;0;2;1;-16,0963;-48,5202;"SPRF-DF";"DEL01-DF";"UOP01-DEL03-DF"
262766;2020-01-14;"terça-feira";"11:00:00";"BA";101;728,7;"EUNAPOLIS";"Ultrapassagem Indevida";"Colisão frontal";"Com Vítimas Feridas";"Pleno dia";"Crescente";"Céu Claro";"Simples";"Curva";"Não";5;0;3;2;0;0;5;2;-16,42836721;-39,57926631;"SPRF-BA";"DEL09-BA";"UOP01-DEL09-BA"
262768;2020-01-14;"terça-feira";"11:00:00";"BA";242;773;"BARREIRAS";"Mal Súbito";"Colisão com objeto estático";"Com Vítimas Fatais";"Pleno dia";"Crescente";"Céu Claro";"Simples";"Reta";"Não";5;1;2;2;0;0;4;1;-12,15890524;-44,64720601;"SPRF-BA";"DEL10-BA";"UOP01-DEL10-BA"
262770;2020-01-14;"terça-feira";"11:25:00";"PI";316;8,9;"TERESINA";"Desobediência às normas de trânsito pelo condutor";"Colisão transversal";"Com Vítimas Feridas";"Pleno dia";"Decrescente";"Sol";"Simples";"Reta";"Sim";2;0;0;1;1;0;1;2;-5,16483402;-42,76899508;"SPRF-PI";"DEL01-PI";"UOP02-DEL01-PI"
262771;2020-01-14;"terça-feira";"10:00:00";"PE";101;51;"PAULISTA";"Falta de Atenção à Condução";"Colisão transversal";"Com Vítimas Feridas";"Pleno dia";"Decrescente";"Sol";"Múltipla";"Reta";"Sim";4;0;2;0;2;0;2;2;-7,9169968;-34,89689272;"SPRF-PE";"DEL01-PE";"UOP02-DEL01-PE"
262772;2020-01-14;"terça-feira";"10:50:00";"PE";232;20,1;"MORENO";"Falta de Atenção à Condução";"Saída de leito carroçável";"Com Vítimas Feridas";"Pleno dia";"Crescente";"Sol";"Dupla";"Reta;Declive";"Não";3;0;1;1;1;0;2;1;-8,095462;-35,07223;"SPRF-PE";"DEL01-PE";"UOP01-DEL01-PE"
262773;2020-01-14;"terça-feira";"10:15:00";"MG";116;274,8;"TEOFILO OTONI";"Falta de Atenção à Condução";"Colisão traseira";"Sem Vítimas";"Pleno dia";"Crescente";"Sol";"Simples";"Reta";"Não";2;0;0;0;2;0;0;2;-17,83384514;-41,51094368;"SPRF-MG";"DEL11-MG";"UOP01-DEL11-MG"
262774;2020-01-14;"terça-feira";"11:49:00";"RN";406;170;"SAO GONCALO DO AMARANTE";"Falta de Atenção à Condução";"Colisão transversal";"Com Vítimas Feridas";"Pleno dia";"Crescente";"Céu Claro";"Dupla";"Reta";"Sim";2;0;1;0;0;1;1;2;-5,75872063;-35,29921986;"SPRF-RN";"DEL02-RN";"UOP01-DEL02-RN"
262775;2020-01-14;"terça-feira";"11:45:00";"CE";116;27;"ITAITINGA";"Falta de Atenção do Pedestre";"Atropelamento de Pedestre";"Com Vítimas Feridas";"Pleno dia";"Crescente";"Céu Claro";"Múltipla";"Reta";"Não";2;0;0;1;1;0;1;2;-3,98418708;-38,5151357;"SPRF-CE";"DEL01-CE";"UOP02-DEL01-CE"
262779;2020-01-14;"terça-feira";"12:40:00";"PE";232;7,1;"RECIFE";"Não guardar distância de segurança";"Colisão traseira";"Com Vítimas Feridas";"Pleno dia";"Decrescente";"Sol";"Dupla";"Reta";"Sim";7;0;1;0;6;0;1;3;-8,07333497;-34,96184301;"SPRF-PE";"DEL01-PE";"UOP01-DEL01-PE"
262780;2020-01-14;"terça-feira";"12:45:00";"SC";282;127,5;"BOM RETIRO";"Falta de Atenção à Condução";"Saída de leito carroçável";"Com Vítimas Feridas";"Pleno dia";"Decrescente";"Céu Claro";"Simples";"Reta";"Sim";1;0;1;0;0;0;1;1;-27,800486;-49,478535;"SPRF-SC";"DEL05-SC";"UOP01-DEL05-SC"
262783;2020-01-14;"terça-feira";"11:40:00";"SC";282;340;"CAMPOS NOVOS";"Não guardar distância de segurança";"Colisão traseira";"Com Vítimas Feridas";"Pleno dia";"Crescente";"Sol";"Simples";"Reta";"Sim";2;0;1;0;1;0;1;2;-27,388266;-51,203793;"SPRF-SC";"DEL07-SC";"UOP06-DEL07-SC"
262784;2020-01-13;"segunda-feira";"10:00:00";"CE";116;451;"BARRO";"Falta de Atenção à Condução";"Colisão traseira";"Com Vítimas Feridas";"Pleno dia";"Decrescente";"Céu Claro";"Simples";"Aclive";"Não";4;0;1;1;2;0;2;2;-7,12408101;-38,78088971;"SPRF-CE";"DEL05-CE";"UOP03-DEL05-CE"
262785;2020-01-14;"terça-feira";"13:00:00";"RS";392;54,3;"RIO GRANDE";"Avarias e/ou desgaste excessivo no pneu";"Saída de leito carroçável";"Com Vítimas Feridas";"Pleno dia";"Decrescente";"Céu Claro";"Dupla";"Reta";"Não";3;0;3;0;0;0;3;1;-31,83827896;-52,32843078;"SPRF-RS";"DEL07-RS";"UOP02-DEL07-RS"
262786;2020-01-14;"terça-feira";"13:00:00";"PR";476;129;"CURITIBA";"Defeito na Via";"Queda de ocupante de veículo";"Com Vítimas Feridas";"Pleno dia";"Decrescente";"Céu Claro";"Múltipla";"Aclive;Curva";"Sim";3;0;2;0;0;1;2;3;-25,440983;-49,233715;"SPRF-PR";"DEL01-PR";"UOP07-DEL01-PR"
262788;2020-01-14;"terça-feira";"13:05:00";"SC";101;364,9;"SANGAO";"Velocidade Incompatível";"Saída de leito carroçável";"Com Vítimas Feridas";"Pleno dia";"Crescente";"Céu Claro";"Dupla";"Reta";"Não";6;0;2;0;4;0;2;1;-28,67821759;-49,13926425;"SPRF-SC";"DEL02-SC";"UOP01-DEL02-SC"
262789;2020-01-14;"terça-feira";"13:10:00";"MT";70;11,5;"BARRA DO GARCAS";"Falta de Atenção à Condução";"Colisão lateral";"Com Vítimas Feridas";"Pleno dia";"Decrescente";"Céu Claro";"Simples";"Reta;Aclive";"Não";8;0;3;0;5;0;3;3;-15,87896313;-52,352928;"SPRF-MT";"DEL07-MT";"UOP01-DEL07-MT"
262791;2020-01-14;"terça-feira";"14:30:00";"PR";376;4,9;"MANDAGUARI";"Desobediência às normas de trânsito pelo condutor";"Colisão transversal";"Com Vítimas Feridas";"Pleno dia";"Crescente";"Nublado";"Simples";"Reta";"Sim";2;0;1;0;0;1;1;2;-23,52408209;-51,67817292;"SPRF-PR";"DEL07-PR";"UOP01-DEL09-PR"
262792;2020-01-14;"terça-feira";"12:50:00";"RO";364;342,4;"JI-PARANA";"Não guardar distância de segurança";"Colisão traseira";"Com Vítimas Feridas";"Pleno dia";"Decrescente";"Céu Claro";"Dupla";"Reta;Ponte";"Sim";2;0;0;1;1;0;1;2;-10,88381227;-61,93741416;"SPRF-RO";"DEL02-RO";"UOP01-DEL02-RO"
262793;2020-01-14;"terça-feira";"14:40:00";"PR";116;146,5;"MANDIRITUBA";"Falta de Atenção à Condução";"Colisão lateral";"Com Vítimas Feridas";"Pleno dia";"Crescente";"Céu Claro";"Simples";"Reta";"Sim";2;0;0;1;1;0;1;2;-25,81604057;-49,3311882;"SPRF-PR";"DEL01-PR";"UOP03-DEL01-PR"
262794;2020-01-14;"terça-feira";"14:50:00";"ES";262;2;"CARIACICA";"Falta de Atenção à Condução";"Colisão traseira";"Com Vítimas Feridas";"Pleno dia";"Decrescente";"Céu Claro";"Múltipla";"Reta";"Não";3;0;1;0;1;1;1;3;-20,33275688;-40,36077696;"SPRF-ES";"DEL01-ES";"UOP01-DEL01-ES"
262795;2020-01-14;"terça-feira";"14:50:00";"TO";153;513,1;"PUGMIL";"Ultrapassagem Indevida";"Colisão frontal";"Com Vítimas Feridas";"Pleno dia";"Decrescente";"Sol";"Simples";"Reta";"Não";9;0;3;0;5;1;3;3;-10,31733604;-48,88608667;"SPRF-TO";"DEL02-TO";"UOP01-DEL01-TO"
262797;2020-01-14;"terça-feira";"14:40:00";"SC";101;146;"ITAPEMA";"Falta de Atenção à Condução";"Colisão traseira";"Com Vítimas Feridas";"Pleno dia";"Decrescente";"Céu Claro";"Dupla";"Reta";"Não";3;0;2;0;1;0;2;2;-27,08666525;-48,60955587;"SPRF-SC";"DEL04-SC";"UOP03-DEL04-SC"
262798;2020-01-10;"sexta-feira";"09:00:00";"MS";463;0,7;"DOURADOS";"Avarias e/ou desgaste excessivo no pneu";"Colisão traseira";"Com Vítimas Feridas";"Pleno dia";"Crescente";"Céu Claro";"Simples";"Reta";"Sim";2;0;1;0;1;0;1;2;-22,25901377;-54,81049061;"SPRF-MS";"DEL04-MS";"UOP01-DEL04-MS"
262799;2020-01-10;"sexta-feira";"16:10:00";"MT";364;98,1;"ALTO GARCAS";"Ultrapassagem Indevida";"Colisão frontal";"Com Vítimas Feridas";"Pleno dia";"Crescente";"Céu Claro";"Simples";"Reta";"Não";4;0;1;2;0;1;3;3;-16,84860788;-53,76829291;"SPRF-MT";"DEL02-MT";"UOP02-DEL02-MT"
262800;2020-01-14;"terça-feira";"15:30:00";"ES";101;273,7;"SERRA";"Defeito Mecânico no Veículo";"Queda de ocupante de veículo";"Com Vítimas Feridas";"Pleno dia";"Crescente";"Céu Claro";"Dupla";"Reta";"Sim";2;0;2;0;0;0;2;1;-20,22029207;-40,29048811;"SPRF-ES";"DEL02-ES";"UOP01-DEL02-ES"
262801;2020-01-14;"terça-feira";"06:15:00";"MA";230;285;"LORETO";"Falta de Atenção à Condução";"Saída de leito carroçável";"Com Vítimas Feridas";"Pleno dia";"Crescente";"Céu Claro";"Simples";"Reta";"Não";4;0;1;0;3;0;1;1;-6,88561668;-45,25590726;"SPRF-MA";"DEL05-MA";"UOP01-DEL05-MA"
262803;2020-01-14;"terça-feira";"15:00:00";"MG";0;0;"JUIZ DE FORA";"Desobediência às normas de trânsito pelo condutor";"Colisão com objeto em movimento";"Sem Vítimas";"Pleno dia";"Não Informado";"Nublado";"Dupla";"Reta";"Sim";4;0;0;0;4;0;0;2;-21,7139689;-43,40939772;"SPRF-MG";"DEL05-MG";"UOP01-DEL05-MG"
262804;2020-01-14;"terça-feira";"16:00:00";"PE";407;126,2;"PETROLINA";"Desobediência às normas de trânsito pelo condutor";"Colisão transversal";"Com Vítimas Feridas";"Pleno dia";"Decrescente";"Céu Claro";"Dupla";"Interseção de Vias";"Sim";2;0;1;0;1;0;1;2;-9,38741938;-40,52598953;"SPRF-PE";"DEL06-PE";"UOP01-DEL06-PE"
262806;2020-01-14;"terça-feira";"16:30:00";"MG";381;622,5;"OLIVEIRA";"Defeito Mecânico no Veículo";"Tombamento";"Com Vítimas Feridas";"Pleno dia";"Crescente";"Nublado";"Dupla";"Curva";"Não";2;0;2;0;0;0;2;1;-20,80221112;-44,79031349;"SPRF-MG";"DEL04-MG";"UOP01-DEL04-MG"
262808;2020-01-14;"terça-feira";"16:45:00";"PB";361;1;"PATOS";"Desobediência às normas de trânsito pelo condutor";"Atropelamento de Pedestre";"Com Vítimas Feridas";"Pleno dia";"Crescente";"Céu Claro";"Simples";"Reta";"Sim";4;0;1;1;2;0;2;3;-7,02239904;-37,26888498;"SPRF-PB";"DEL03-PB";"UOP01-DEL03-PB"
262809;2020-01-14;"terça-feira";"17:20:00";"PE";101;90,7;"CABO DE SANTO AGOSTINHO";"Falta de Atenção à Condução";"Colisão traseira";"Com Vítimas Feridas";"Anoitecer";"Decrescente";"Céu Claro";"Dupla";"Reta";"Não";2;0;1;0;1;0;1;2;-8,21612792;-34,98772817;"SPRF-PE";"DEL01-PE";"UOP03-DEL01-PE"
262811;2020-01-14;"terça-feira";"16:55:00";"ES";101;296;"CARIACICA";"Defeito Mecânico no Veículo";"Colisão com objeto estático";"Com Vítimas Feridas";"Pleno dia";"Decrescente";"Céu Claro";"Dupla";"Reta";"Sim";3;0;1;0;0;2;1;2;-20,34029997;-40,40405712;"SPRF-ES";"DEL01-ES";"UOP01-DEL01-ES"
262813;2020-01-14;"terça-feira";"17:30:00";"ES";482;76,2;"ALEGRE";"Desobediência às normas de trânsito pelo condutor";"Colisão transversal";"Com Vítimas Feridas";"Pleno dia";"Decrescente";"Céu Claro";"Simples";"Interseção de Vias";"Sim";3;0;1;2;0;0;3;3;-20,7461658;-41,48379518;"SPRF-ES";"DEL03-ES";"UOP02-DEL03-ES"
262814;2020-01-14;"terça-feira";"17:45:00";"MG";50;70;"UBERLANDIA";"Falta de Atenção à Condução";"Tombamento";"Com Vítimas Feridas";"Pleno dia";"Crescente";"Nublado";"Dupla";"Reta";"Sim";1;0;1;0;0;0;1;1;-18,88886587;-48,25919065;"SPRF-MG";"DEL15-MG";"UOP01-DEL15-MG"
262815;2020-01-14;"terça-feira";"17:15:00";"BA";324;577;"SAO SEBASTIAO DO PASSE";"Falta de Atenção à Condução";"Capotamento";"Com Vítimas Feridas";"Pleno dia";"Crescente";"Céu Claro";"Dupla";"Reta";"Não";2;0;1;0;1;0;1;1;-12,58364429;-38,53073221;"SPRF-BA";"DEL01-BA";"UOP01-DEL01-BA"
262816;2020-01-14;"terça-feira";"17:50:00";"GO";40;7;"VALPARAISO DE GOIAS";"Falta de Atenção à Condução";"Colisão transversal";"Com Vítimas Feridas";"Pleno dia";"Decrescente";"Céu Claro";"Dupla";"Reta";"Sim";2;0;2;0;0;0;2;2;-16,108482;-47,972524;"SPRF-DF";"DEL01-DF";"UOP01-DEL01-DF"
262817;2020-01-14;"terça-feira";"16:40:00";"SC";101;413,3;"ARARANGUA";"Desobediência às normas de trânsito pelo condutor";"Colisão transversal";"Sem Vítimas";"Pleno dia";"Crescente";"Céu Claro";"Simples";"Rotatória";"Sim";2;0;0;0;2;0;0;2;-28,94605997;-49,50428402;"SPRF-SC";"DEL02-SC";"UOP02-DEL02-SC"
262818;2020-01-14;"terça-feira";"17:10:00";"MG";40;526,4;"CONTAGEM";"Mal Súbito";"Queda de ocupante de veículo";"Com Vítimas Feridas";"Pleno dia";"Decrescente";"Céu Claro";"Dupla";"Reta;Declive";"Sim";1;0;0;1;0;0;1;1;-19,89255399;-44,04985478;"SPRF-MG";"DEL01-MG";"UOP02-DEL01-MG"
262821;2020-01-14;"terça-feira";"18:42:00";"SP";116;229;"SAO PAULO";"Não guardar distância de segurança";"Colisão lateral";"Com Vítimas Feridas";"Anoitecer";"Decrescente";"Céu Claro";"Múltipla";"Reta";"Não";2;0;1;0;0;1;1;2;-23,51291902;-46,57604698;"SPRF-SP";"DEL01-SP";"UOP01-DEL01-SP"
262822;2020-01-14;"terça-feira";"18:40:00";"BA";324;605;"SIMOES FILHO";"Falta de Atenção à Condução";"Queda de ocupante de veículo";"Com Vítimas Feridas";"Plena Noite";"Decrescente";"Céu Claro";"Simples";"Reta";"Sim";2;0;0;2;0;0;2;1;-12,78836596;-38,40751648;"SPRF-BA";"DEL01-BA";"UOP01-DEL01-BA"
262823;2020-01-14;"terça-feira";"17:50:00";"BA";407;231;"CAPIM GROSSO";"Falta de Atenção à Condução";"Colisão traseira";"Com Vítimas Feridas";"Anoitecer";"Crescente";"Céu Claro";"Simples";"Rotatória";"Sim";3;0;2;0;1;0;2;2;-11,38146844;-40,00499725;"SPRF-BA";"DEL04-BA";"UOP02-DEL04-BA"
262824;2020-01-14;"terça-feira";"13:40:00";"MG";262;59,7;"MANHUACU";"Falta de Atenção à Condução";"Saída de leito carroçável";"Com Vítimas Feridas";"Pleno dia";"Crescente";"Céu Claro";"Simples";"Reta";"Não";7;0;4;1;0;2;5;2;-20,28276197;-42,20329303;"SPRF-MG";"DEL06-MG";"UOP03-DEL06-MG"
262825;2020-01-14;"terça-feira";"14:30:00";"MT";364;574;"NOBRES";"Pista Escorregadia";"Saída de leito carroçável";"Com Vítimas Feridas";"Pleno dia";"Crescente";"Garoa/Chuvisco";"Dupla";"Reta";"Não";4;0;1;0;3;0;1;1;-14,69987761;-56,31727433;"SPRF-MT";"DEL01-MT";"UOP01-DEL01-MT"
262827;2020-01-14;"terça-feira";"19:10:00";"RN";101;96;"NATAL";"Defeito Mecânico no Veículo";"Queda de ocupante de veículo";"Com Vítimas Feridas";"Plena Noite";"Crescente";"Céu Claro";"Dupla";"Curva";"Sim";1;0;1;0;0;0;1;1;-5,84949622;-35,20890752;"SPRF-RN";"DEL01-RN";"UOP01-DEL01-RN"
262828;2020-01-14;"terça-feira";"18:40:00";"RN";304;119,1;"ITAJA";"Desobediência às normas de trânsito pelo condutor";"Colisão transversal";"Com Vítimas Feridas";"Anoitecer";"Crescente";"Céu Claro";"Simples";"Interseção de Vias";"Sim";2;0;0;1;1;0;1;2;-5,62995344;-36,86423021;"SPRF-RN";"DEL04-RN";"UOP01-DEL04-RN"
262831;2020-01-14;"terça-feira";"17:50:00";"RO";319;63,8;"PORTO VELHO";"Desobediência às normas de trânsito pelo condutor";"Colisão transversal";"Com Vítimas Feridas";"Pleno dia";"Crescente";"Céu Claro";"Dupla";"Reta";"Sim";3;0;1;0;2;0;1;2;-8,766685;-63,884052;"SPRF-RO";"DEL01-RO";"UOP01-DEL01-RO"
262834;2020-01-14;"terça-feira";"19:00:00";"BA";116;817,2;"VITORIA DA CONQUISTA";"Não guardar distância de segurança";"Colisão traseira";"Com Vítimas Feridas";"Plena Noite";"Crescente";"Céu Claro";"Simples";"Reta";"Não";3;0;2;0;0;1;2;3;-14,820343;-40,812543;"SPRF-BA";"DEL08-BA";"UOP01-DEL08-BA"
262835;2020-01-14;"terça-feira";"18:20:00";"SC";101;82,8;"BARRA VELHA";"Falta de Atenção à Condução";"Queda de ocupante de veículo";"Com Vítimas Feridas";"Pleno dia";"Decrescente";"Céu Claro";"Dupla";"Declive;Reta";"Não";2;0;2;0;0;0;2;1;-26,61085222;-48,72204472;"SPRF-SC";"DEL03-SC";"UOP02-DEL03-SC"
262836;2020-01-14;"terça-feira";"19:45:00";"TO";153;495;"PARAISO DO TOCANTINS";"Falta de Atenção do Pedestre";"Atropelamento de Pedestre";"Com Vítimas Fatais";"Plena Noite";"Decrescente";"Céu Claro";"Simples";"Aclive";"Sim";2;1;0;0;1;0;0;2;-10,16039618;-48,88154257;"SPRF-TO";"DEL02-TO";"UOP01-DEL01-TO"