"id";"data_inversa";"dia_semana";"horario";"uf";"br";"km";"municipio";"causa_acidente";"tipo_acidente";"classificacao_acidente";"fase_dia";"sentido_via";"condicao_metereologica";"tipo_pista";"tracado_via";"uso_solo";"pessoas";"mortos";"feridos_leves";"feridos_graves";"ilesos";"ignorados";"feridos";"veiculos";"latitude";"longitude";"regional";"delegacia";"uop"
262839;2020-01-14;"terça-feira";"19:30:00";"BA";116;394;"SANTA BARBARA";"Defeito Mecânico no Veículo";"Incêndio";"Sem Vítimas";"Plena Noite";"Decrescente";"Céu Claro";"Simples";"Reta";"Não";1;0;0;0;1;0;0;1;-11,97439801;-38,97240143;"SPRF-BA";"DEL02-BA";"UOP01-DEL02-BA"
262840;2020-01-14;"terça-feira";"20:00:00";"SC";101;195;"BIGUACU";"Falta de Atenção à Condução";"Colisão com objeto estático";"Com Vítimas Feridas";"Plena Noite";"Crescente";"Céu Claro";"Dupla";"Reta";"Não";2;0;1;0;1;0;1;2;-27,5047092;-48,65010819;"SPRF-SC";"DEL01-SC";"UOP01-DEL01-SC"
262841;2020-01-14;"terça-feira";"18:50:00";"MT";163;841;"SINOP";"Ingestão de Álcool";"Colisão traseira";"Com Vítimas Feridas";"Plena Noite";"Crescente";"Nublado";"Simples";"Reta";"Não";2;0;0;1;1;0;1;2;-11,93347098;-55,51404107;"SPRF-MT";"DEL06-MT";"UOP02-DEL06-MT"
262842;2020-01-14;"terça-feira";"19:30:00";"DF";60;4;"BRASILIA";"Falta de Atenção à Condução";"Colisão traseira";"Com Vítimas Feridas";"Plena Noite";"Crescente";"Céu Claro";"Dupla";"Declive;Reta";"Sim";2;0;1;0;0;1;1;2;-15,892721;-48,095741;"SPRF-DF";"DEL01-DF";"UOP01-DEL03-DF"
262843;2020-01-14;"terça-feira";"16:15:00";"MG";116;491,5;"INHAPIM";"Falta de Atenção do Pedestre";"Atropelamento de Pedestre";"Com Vítimas Feridas";"Pleno dia";"Crescente";"Céu Claro";"Simples";"Reta";"Não";2;0;1;0;1;0;1;2;-19,48334;-42,12988723;"SPRF-MG";"DEL06-MG";"UOP02-DEL06-MG"
262844;2020-01-14;"terça-feira";"18:50:00";"MG";116;514,1;"UBAPORANGA";"Falta de Atenção à Condução";"Colisão transversal";"Com Vítimas Feridas";"Plena Noite";"Crescente";"Céu Claro";"Simples";"Curva";"Não";3;0;1;1;1;0;2;2;-19,67880399;-42,11700024;"SPRF-MG";"DEL06-MG";"UOP02-DEL06-MG"
262845;2020-01-14;"terça-feira";"20:35:00";"SP";101;51,6;"UBATUBA";"Desobediência às normas de trânsito pelo condutor";"Colisão lateral";"Com Vítimas Feridas";"Plena Noite";"Crescente";"Nublado";"Simples";"Reta";"Sim";2;0;1;0;1;0;1;2;-23,45962453;-45,0676775;"SPRF-SP";"DEL06-SP";"UOP01-DEL06-SP"
262846;2020-01-14;"terça-feira";"19:40:00";"AL";101;188,8;"JUNQUEIRO";"Desobediência às normas de trânsito pelo condutor";"Colisão frontal";"Com Vítimas Feridas";"Plena Noite";"Crescente";"Céu Claro";"Simples";"Reta";"Não";2;0;0;1;1;0;1;2;-9,90809784;-36,46933335;"SPRF-AL";"DEL02-AL";"UOP02-DEL02-AL"
262849;2020-01-14;"terça-feira";"20:00:00";"PA";222;231;"MARABA";"Falta de Atenção à Condução";"Colisão frontal";"Com Vítimas Fatais";"Plena Noite";"Crescente";"Céu Claro";"Simples";"Reta";"Sim";2;1;0;0;1;0;0;2;-5,248291;-49,058533;"SPRF-PA";"DEL03-PA";"UOP01-DEL03-PA"
262851;2020-01-14;"terça-feira";"21:00:00";"RS";287;247,5;"SANTA MARIA";"Falta de Atenção à Condução";"Colisão lateral";"Com Vítimas Feridas";"Plena Noite";"Crescente";"Garoa/Chuvisco";"Simples";"Interseção de Vias";"Sim";2;0;1;0;1;0;1;2;-29,69991534;-53,84176017;"SPRF-RS";"DEL09-RS";"UOP01-DEL09-RS"
262853;2020-01-14;"terça-feira";"20:00:00";"MG";40;524;"CONTAGEM";"Falta de Atenção do Pedestre";"Atropelamento de Pedestre";"Com Vítimas Feridas";"Plena Noite";"Decrescente";"Céu Claro";"Dupla";"Reta";"Sim";2;0;1;0;0;1;1;2;-19,8754469;-44,05345586;"SPRF-MG";"DEL01-MG";"UOP02-DEL01-MG"
262854;2020-01-14;"terça-feira";"21:35:00";"MG";262;864;"CAMPO FLORIDO";"Animais na Pista";"Atropelamento de Animal";"Sem Vítimas";"Plena Noite";"Crescente";"Nublado";"Dupla";"Curva";"Não";1;0;0;0;1;0;0;1;-19,78944053;-48,42716098;"SPRF-MG";"DEL13-MG";"UOP01-DEL13-MG"
262855;2020-01-14;"terça-feira";"21:15:00";"RS";392;682,8;"ROQUE GONZALES";"Velocidade Incompatível";"Saída de leito carroçável";"Com Vítimas Fatais";"Plena Noite";"Crescente";"Nublado";"Simples";"Curva";"Não";1;1;0;0;0;0;0;1;-28,12278533;-54,93629694;"SPRF-RS";"DEL10-RS";"UOP01-DEL10-RS"
262860;2020-01-14;"terça-feira";"21:20:00";"MS";163;479,4;"CAMPO GRANDE";"Desobediência às normas de trânsito pelo condutor";"Colisão transversal";"Com Vítimas Feridas";"Plena Noite";"Decrescente";"Nublado";"Simples";"Reta";"Sim";4;0;2;0;2;0;2;2;-20,487322;-54,55929095;"SPRF-MS";"DEL01-MS";"UOP01-DEL01-MS"
262862;2020-01-14;"terça-feira";"22:45:00";"PR";272;379;"ARARUNA";"Velocidade Incompatível";"Saída de leito carroçável";"Sem Vítimas";"Plena Noite";"Decrescente";"Nublado";"Simples";"Reta";"Não";1;0;0;0;1;0;0;1;-24,06230519;-52,51225698;"SPRF-PR";"DEL04-PR";"UOP03-DEL09-PR"
262865;2020-01-14;"terça-feira";"22:00:00";"GO";153;514,1;"APARECIDA DE GOIANIA";"Falta de Atenção à Condução";"Colisão transversal";"Com Vítimas Feridas";"Plena Noite";"Decrescente";"Céu Claro";"Dupla";"Reta";"Sim";5;0;1;0;4;0;1;2;-16,8315;-49,2434;"SPRF-GO";"DEL01-GO";"UOP03-DEL01-GO"
262867;2020-01-14;"terça-feira";"23:00:00";"CE";20;409;"CAUCAIA";"Falta de Atenção à Condução";"Saída de leito carroçável";"Sem Vítimas";"Plena Noite";"Decrescente";"Garoa/Chuvisco";"Dupla";"Reta";"Não";1;0;0;0;0;1;0;1;-3,76999035;-38,67006282;"SPRF-CE";"DEL01-CE";"UOP01-DEL01-CE"
262869;2020-01-15;"quarta-feira";"00:00:00";"DF";20;15;"BRASILIA";"Falta de Atenção à Condução";"Colisão traseira";"Com Vítimas Feridas";"Plena Noite";"Crescente";"Céu Claro";"Dupla";"Reta";"Não";2;0;1;0;1;0;1;2;-15,630189;-47,733288;"SPRF-DF";"DEL02-DF";"UOP01-DEL02-DF"
262870;2020-01-14;"terça-feira";"23:35:00";"PR";373;173,7;"PONTA GROSSA";"Falta de Atenção à Condução";"Colisão transversal";"Com Vítimas Feridas";"Plena Noite";"Crescente";"Céu Claro";"Dupla";"Reta";"Sim";3;0;0;2;0;1;2;3;-25,07738083;-50,20704302;"SPRF-PR";"DEL03-PR";"UOP01-DEL03-PR"
262872;2020-01-14;"terça-feira";"19:30:00";"PB";230;461;"SOUSA";"Desobediência às normas de trânsito pelo condutor";"Tombamento";"Com Vítimas Feridas";"Plena Noite";"Decrescente";"Céu Claro";"Simples";"Reta";"Sim";1;0;1;0;0;0;1;1;-6,7753;-38,2061;"SPRF-PB";"DEL03-PB";"UOP03-DEL03-PB"
262873;2020-01-14;"terça-feira";"00:15:00";"PR";369;150;"LONDRINA";"Desobediência às normas de trânsito pelo condutor";"Colisão transversal";"Com Vítimas Feridas";"Pleno dia";"Crescente";"Nublado";"Dupla";"Reta;Interseção de Vias";"Sim";3;0;1;0;2;0;1;2;-23,2928802;-51,16284192;"SPRF-PR";"DEL07-PR";"UOP01-DEL07-PR"
262875;2020-01-14;"terça-feira";"18:30:00";"PE";423;106;"GARANHUNS";"Falta de Atenção à Condução";"Colisão lateral";"Com Vítimas Feridas";"Plena Noite";"Decrescente";"Céu Claro";"Simples";"Reta";"Não";3;0;1;0;2;0;1;2;-8,88171776;-36,57279606;"SPRF-PE";"DEL03-PE";"UOP01-DEL03-PE"
262881;2020-01-15;"quarta-feira";"03:10:00";"CE";222;42,8;"SAO GONCALO DO AMARANTE";"Agressão Externa";"Colisão frontal";"Com Vítimas Fatais";"Plena Noite";"Crescente";"Chuva";"Simples";"Reta";"Não";6;3;1;2;0;0;3;2;-3,68175383;-38,92437394;"SPRF-CE";"DEL01-CE";"UOP03-DEL01-CE"
262883;2020-01-15;"quarta-feira";"06:10:00";"CE";222;2,9;"FORTALEZA";"Desobediência às normas de trânsito pelo condutor";"Atropelamento de Pedestre";"Com Vítimas Feridas";"Pleno dia";"Decrescente";"Nublado";"Múltipla";"Interseção de Vias";"Sim";2;0;1;1;0;0;2;2;-3,73911117;-38,58687498;"SPRF-CE";"DEL01-CE";"UOP01-DEL01-CE"
262884;2020-01-15;"quarta-feira";"05:10:00";"MS";163;116;"NAVIRAI";"Condutor Dormindo";"Colisão com objeto estático";"Com Vítimas Feridas";"Amanhecer";"Decrescente";"Céu Claro";"Simples";"Reta";"Não";1;0;1;0;0;0;1;1;-23,14334198;-54,19671108;"SPRF-MS";"DEL09-MS";"UOP01-DEL09-MS"
262885;2020-01-15;"quarta-feira";"06:30:00";"CE";222;3,6;"CAUCAIA";"Falta de Atenção à Condução";"Colisão lateral";"Com Vítimas Feridas";"Pleno dia";"Decrescente";"Nublado";"Múltipla";"Reta";"Sim";2;0;1;0;1;0;1;2;-3,74114467;-38,5999918;"SPRF-CE";"DEL01-CE";"UOP01-DEL01-CE"
262886;2020-01-15;"quarta-feira";"06:35:00";"PB";101;84;"BAYEUX";"Não guardar distância de segurança";"Colisão traseira";"Com Vítimas Feridas";"Pleno dia";"Crescente";"Céu Claro";"Dupla";"Reta";"Não";2;0;1;0;1;0;1;2;-7,13957906;-34,92312806;"SPRF-PB";"DEL01-PB";"UOP01-DEL01-PB"
262888;2020-01-15;"quarta-feira";"07:00:00";"SE";101;157;"ESTANCIA";"Falta de Atenção à Condução";"Colisão traseira";"Com Vítimas Feridas";"Pleno dia";"Crescente";"Céu Claro";"Simples";"Aclive";"Não";12;0;0;2;10;0;2;2;-11,28637986;-37,46182902;"SPRF-SE";"DEL02-SE";"UOP01-DEL02-SE"
262890;2020-01-14;"terça-feira";"22:15:00";"MG";116;613,7;"SAO JOAO DO MANHUACU";"Desobediência às normas de trânsito pelo condutor";"Colisão lateral";"Sem Vítimas";"Plena Noite";"Decrescente";"Céu Claro";"Simples";"Curva";"Não";2;0;0;0;1;1;0;2;-20,43780297;-42,16418818;"SPRF-MG";"DEL07-MG";"UOP03-DEL07-MG"
262891;2020-01-15;"quarta-feira";"07:30:00";"SP";116;212,3;"GUARULHOS";"Desobediência às normas de trânsito pelo condutor";"Colisão frontal";"Com Vítimas Feridas";"Pleno dia";"Crescente";"Sol";"Múltipla";"Reta;Declive";"Sim";4;0;0;1;2;1;1;3;-23,4378043;-46,4332013;"SPRF-SP";"DEL01-SP";"UOP01-DEL01-SP"
262892;2020-01-15;"quarta-feira";"05:20:00";"SC";116;229,4;"CORREIA PINTO";"Velocidade Incompatível";"Saída de leito carroçável";"Com Vítimas Feridas";"Amanhecer";"Crescente";"Nublado";"Simples";"Reta";"Não";1;0;1;0;0;0;1;1;-27,655347;-50,33649095;"SPRF-SC";"DEL05-SC";"UOP03-DEL05-SC"
262894;2020-01-14;"terça-feira";"22:00:00";"RO";174;15;"VILHENA";"Falta de Atenção à Condução";"Colisão traseira";"Com Vítimas Feridas";"Plena Noite";"Decrescente";"Céu Claro";"Dupla";"Reta";"Sim";4;0;1;0;3;0;1;2;-12,723321;-60,12801;"SPRF-RO";"DEL04-RO";"UOP01-DEL04-RO"
262895;2020-01-15;"quarta-feira";"06:55:00";"SC";101;338,5;"TUBARAO";"Falta de Atenção à Condução";"Incêndio";"Sem Vítimas";"Pleno dia";"Decrescente";"Céu Claro";"Dupla";"Reta";"Não";1;0;0;0;1;0;0;1;-28,485725;-49,03726;"SPRF-SC";"DEL02-SC";"UOP01-DEL02-SC"
262896;2020-01-15;"quarta-feira";"07:00:00";"SC";280;126;"RIO NEGRINHO";"Falta de Atenção à Condução";"Colisão transversal";"Com Vítimas Feridas";"Pleno dia";"Decrescente";"Céu Claro";"Simples";"Reta";"Sim";2;0;1;0;1;0;1;2;-26,24419478;-49,51619625;"SPRF-SC";"DEL06-SC";"UOP03-DEL06-SC"
262897;2020-01-15;"quarta-feira";"07:10:00";"RJ";101;532;"ANGRA DOS REIS";"Desobediência às normas de trânsito pelo condutor";"Colisão lateral";"Com Vítimas Feridas";"Pleno dia";"Decrescente";"Céu Claro";"Simples";"Reta";"Não";3;0;2;0;1;0;2;2;-23,01755;-44,52979;"SPRF-RJ";"DEL03-RJ";"UOP02-DEL03-RJ"
262898;2020-01-15;"quarta-feira";"06:00:00";"GO";20;5,7;"FORMOSA";"Ingestão de Álcool";"Colisão com objeto estático";"Sem Vítimas";"Pleno dia";"Crescente";"Ignorado";"Simples";"Rotatória";"Sim";1;0;0;0;0;1;0;1;-15,555275;-47,306908;"SPRF-DF";"DEL02-DF";"UOP01-DEL02-DF"
262899;2020-01-15;"quarta-feira";"07:00:00";"BA";418;86;"NOVA VICOSA";"Falta de Atenção à Condução";"Colisão lateral";"Com Vítimas Feridas";"Pleno dia";"Crescente";"Nublado";"Simples";"Reta";"Não";2;0;0;1;1;0;1;2;-17,89416138;-39,80761893;"SPRF-BA";"DEL09-BA";"UOP02-DEL09-BA"
262901;2020-01-15;"quarta-feira";"08:10:00";"RS";116;241,9;"SAO LEOPOLDO";"Desobediência às normas de trânsito pelo condutor";"Colisão traseira";"Com Vítimas Feridas";"Pleno dia";"Decrescente";"Céu Claro";"Dupla";"Reta";"Sim";2;0;1;0;1;0;1;2;-29,71396796;-51,1476744;"SPRF-RS";"DEL01-RS";"UOP02-DEL01-RS"
262902;2020-01-15;"quarta-feira";"08:05:00";"RN";101;97;"NATAL";"Falta de Atenção à Condução";"Colisão traseira";"Com Vítimas Feridas";"Pleno dia";"Decrescente";"Sol";"Múltipla";"Viaduto";"Sim";4;0;1;0;3;0;1;3;-5,85758898;-35,21271205;"SPRF-RN";"DEL01-RN";"UOP01-DEL01-RN"
262904;2020-01-15;"quarta-feira";"07:10:00";"MS";163;265;"DOURADOS";"Desobediência às normas de trânsito pelo condutor";"Danos eventuais";"Com Vítimas Feridas";"Pleno dia";"Crescente";"Céu Claro";"Dupla";"Reta";"Sim";2;0;1;0;1;0;1;1;-22,22296116;-54,73242944;"SPRF-MS";"DEL04-MS";"UOP01-DEL04-MS"
262905;2020-01-15;"quarta-feira";"08:20:00";"RS";290;583;"ALEGRETE";"Falta de Atenção à Condução";"Colisão traseira";"Sem Vítimas";"Pleno dia";"Decrescente";"Céu Claro";"Simples";"Rotatória";"Sim";2;0;0;0;2;0;0;2;-29,813101;-55,806679;"SPRF-RS";"DEL13-RS";"UOP02-DEL13-RS"
262907;2020-01-15;"quarta-feira";"08:50:00";"RN";101;95,1;"NATAL";"Sinalização da via insuficiente ou inadequada";"Colisão traseira";"Com Vítimas Feridas";"Pleno dia";"Crescente";"Sol";"Múltipla";"Reta";"Sim";3;0;2;0;1;0;2;2;-5,84076841;-35,21035949;"SPRF-RN";"DEL01-RN";"UOP01-DEL01-RN"
262908;2020-01-15;"quarta-feira";"06:45:00";"MG";50;78;"UBERLANDIA";"Falta de Atenção à Condução";"Colisão transversal";"Com Vítimas Feridas";"Amanhecer";"Crescente";"Céu Claro";"Dupla";"Reta";"Sim";2;0;0;1;1;0;1;2;-18,986906;-48,211853;"SPRF-MG";"DEL15-MG";"UOP01-DEL15-MG"
262909;2020-01-15;"quarta-feira";"08:00:00";"BA";20;88;"SAO DESIDERIO";"Falta de Atenção à Condução";"Saída de leito carroçável";"Com Vítimas Feridas";"Pleno dia";"Crescente";"Céu Claro";"Simples";"Reta";"Não";4;0;1;0;3;0;1;1;-13,184255;-46,03488;"SPRF-BA";"DEL10-BA";"UOP01-DEL10-BA"
262910;2020-01-15;"quarta-feira";"08:30:00";"PE";101;107;"CABO DE SANTO AGOSTINHO";"Condutor Dormindo";"Saída de leito carroçável";"Com Vítimas Feridas";"Pleno dia";"Decrescente";"Céu Claro";"Dupla";"Curva";"Não";1;0;1;0;0;0;1;1;-8,30976839;-35,08440011;"SPRF-PE";"DEL01-PE";"UOP03-DEL01-PE"
262913;2020-01-15;"quarta-feira";"08:20:00";"RJ";116;294;"PORTO REAL";"Defeito Mecânico no Veículo";"Incêndio";"Sem Vítimas";"Pleno dia";"Crescente";"Céu Claro";"Dupla";"Reta";"Não";1;0;0;0;1;0;0;1;-22,45429053;-44,30084012;"SPRF-RJ";"DEL07-RJ";"UOP02-DEL07-RJ"
262921;2020-01-15;"quarta-feira";"08:30:00";"PR";277;104;"CAMPO LARGO";"Desobediência às normas de trânsito pelo condutor";"Colisão lateral";"Com Vítimas Feridas";"Pleno dia";"Decrescente";"Céu Claro";"Dupla";"Reta";"Não";2;0;1;0;1;0;1;2;-25,49678798;-49,3426549;"SPRF-PR";"DEL01-PR";"UOP06-DEL01-PR"
262923;2020-01-15;"quarta-feira";"09:30:00";"MG";50;172;"UBERABA";"Mal Súbito";"Tombamento";"Com Vítimas Feridas";"Pleno dia";"Crescente";"Céu Claro";"Dupla";"Viaduto";"Sim";2;0;1;0;0;1;1;2;-19,75402507;-47,98051917;"SPRF-MG";"DEL13-MG";"UOP01-DEL13-MG"
262925;2020-01-15;"quarta-feira";"10:00:00";"PE";101;70,8;"RECIFE";"Mal Súbito";"Capotamento";"Com Vítimas Feridas";"Pleno dia";"Decrescente";"Céu Claro";"Dupla";"Reta";"Sim";2;0;2;0;0;0;2;1;-8,06776119;-34,94265074;"SPRF-PE";"DEL01-PE";"UOP01-DEL01-PE"
262929;2020-01-15;"quarta-feira";"09:00:00";"RS";116;300;"GUAIBA";"Falta de Atenção do Pedestre";"Danos eventuais";"Sem Vítimas";"Pleno dia";"Decrescente";"Céu Claro";"Dupla";"Reta";"Sim";1;0;0;0;1;0;0;1;-30,12368942;-51,34922543;"SPRF-RS";"DEL02-RS";"UOP01-DEL02-RS"
262935;2020-01-15;"quarta-feira";"10:20:00";"RR";174;503;"BOA VISTA";"Falta de Atenção à Condução";"Colisão traseira";"Sem Vítimas";"Pleno dia";"Decrescente";"Céu Claro";"Dupla";"Rotatória";"Sim";2;0;0;0;1;1;0;2;2,794901;-60,698441;"SPRF-RR";"DEL01-RR";"UOP01-DEL01-RR"
262937;2020-01-15;"quarta-feira";"10:00:00";"MG";381;480,8;"CONTAGEM";"Falta de Atenção à Condução";"Tombamento";"Com Vítimas Feridas";"Pleno dia";"Crescente";"Sol";"Múltipla";"Reta";"Sim";1;0;1;0;0;0;1;1;-19,95749597;-44,07899901;"SPRF-MG";"DEL01-MG";"UOP03-DEL01-MG"
262938;2020-01-15;"quarta-feira";"10:50:00";"SC";101;139;"BALNEARIO CAMBORIU";"Pista Escorregadia";"Tombamento";"Com Vítimas Feridas";"Pleno dia";"Decrescente";"Céu Claro";"Dupla";"Retorno Regulamentado";"Não";1;0;1;0;0;0;1;1;-27,02982303;-48,60115006;"SPRF-SC";"DEL04-SC";"UOP03-DEL04-SC"
262942;2020-01-15;"quarta-feira";"11:30:00";"PR";116;116;"CURITIBA";"Falta de Atenção à Condução";"Colisão lateral";"Com Vítimas Feridas";"Pleno dia";"Decrescente";"Nublado";"Dupla";"Reta";"Sim";3;0;1;0;2;0;1;3;-25,55468195;-49,27402397;"SPRF-PR";"DEL01-PR";"UOP03-DEL01-PR"
262943;2020-01-15;"quarta-feira";"12:25:00";"PR";376;192,8;"MARIALVA";"Falta de Atenção à Condução";"Saída de leito carroçável";"Com Vítimas Feridas";"Pleno dia";"Crescente";"Céu Claro";"Dupla";"Aclive;Reta";"Não";1;0;1;0;0;0;1;1;-23,4952084;-51,81049347;"SPRF-PR";"DEL07-PR";"UOP01-DEL09-PR"
262944;2020-01-15;"quarta-feira";"12:15:00";"SP";381;21;"BRAGANCA PAULISTA";"Condutor Dormindo";"Capotamento";"Com Vítimas Feridas";"Pleno dia";"Crescente";"Céu Claro";"Dupla";"Reta";"Não";2;0;2;0;0;0;2;1;-22,99140199;-46,50878201;"SPRF-SP";"DEL03-SP";"UOP01-DEL03-SP"
262946;2020-01-15;"quarta-feira";"10:20:00";"PB";104;81,9;"REMIGIO";"Velocidade Incompatível";"Engavetamento";"Sem Vítimas";"Pleno dia";"Decrescente";"Céu Claro";"Simples";"Reta";"Não";3;0;0;0;2;1;0;3;-6,93077472;-35,8356868;"SPRF-PB";"DEL02-PB";"UOP04-DEL02-PB"
262948;2020-01-15;"quarta-feira";"10:37:00";"PR";272;561,5;"GUAIRA";"Ultrapassagem Indevida";"Colisão frontal";"Com Vítimas Feridas";"Pleno dia";"Decrescente";"Céu Claro";"Simples";"Reta";"Não";4;0;2;1;1;0;3;2;-24,09855963;-54,21702169;"SPRF-PR";"DEL06-PR";"UAP01-DEL06-PR"
262949;2020-01-15;"quarta-feira";"08:15:00";"MS";463;16,5;"DOURADOS";"Avarias e/ou desgaste excessivo no pneu";"Tombamento";"Com Vítimas Feridas";"Pleno dia";"Decrescente";"Céu Claro";"Simples";"Reta";"Não";2;0;0;2;0;0;2;1;-22,24298963;-54,96264252;"SPRF-MS";"DEL04-MS";"UOP01-DEL04-MS"
262952;2020-01-15;"quarta-feira";"12:50:00";"BA";407;126;"SENHOR DO BONFIM";"Não guardar distância de segurança";"Colisão traseira";"Com Vítimas Feridas";"Pleno dia";"Crescente";"Céu Claro";"Simples";"Rotatória";"Sim";4;0;1;0;3;0;1;2;-10,4558193;-40,18119143;"SPRF-BA";"DEL04-BA";"UOP01-DEL04-BA"
262955;2020-01-15;"quarta-feira";"12:00:00";"BA";415;49;"ITABUNA";"Falta de Atenção à Condução";"Colisão lateral";"Com Vítimas Feridas";"Pleno dia";"Decrescente";"Sol";"Simples";"Reta";"Sim";2;0;1;0;1;0;1;2;-14,81574494;-39,29612388;"SPRF-BA";"DEL05-BA";"UOP01-DEL05-BA"
262957;2020-01-15;"quarta-feira";"10:00:00";"MG";262;32;"MANHUACU";"Falta de Atenção à Condução";"Colisão traseira";"Com Vítimas Feridas";"Pleno dia";"Crescente";"Céu Claro";"Simples";"Reta";"Não";4;0;1;0;3;0;1;3;-20,25556389;-41,99814902;"SPRF-MG";"DEL06-MG";"UOP03-DEL06-MG"
262958;2020-01-15;"quarta-feira";"14:30:00";"SP";116;219,4;"GUARULHOS";"Não guardar distância de segurança";"Colisão lateral";"Com Vítimas Feridas";"Pleno dia";"Crescente";"Céu Claro";"Simples";"Reta";"Não";2;0;1;0;1;0;1;2;-23,46143954;-46,48885316;"SPRF-SP";"DEL01-SP";"UOP01-DEL01-SP"
262960;2020-01-15;"quarta-feira";"14:20:00";"PR";476;123;"CURITIBA";"Não guardar distância de segurança";"Colisão traseira";"Com Vítimas Feridas";"Pleno dia";"Crescente";"Céu Claro";"Múltipla";"Reta";"Sim";2;0;1;0;1;0;1;2;-25,392904;-49,209557;"SPRF-PR";"DEL01-PR";"UOP07-DEL01-PR"
262961;2020-01-15;"quarta-feira";"13:30:00";"RS";290;423;"SAO GABRIEL";"Falta de Atenção à Condução";"Colisão transversal";"Com Vítimas Feridas";"Pleno dia";"Crescente";"Chuva";"Simples";"Reta";"Sim";3;0;3;0;0;0;3;2;-30,328396;-54,367886;"SPRF-RS";"DEL11-RS";"UOP02-DEL11-RS"
262962;2020-01-15;"quarta-feira";"10:10:00";"MG";153;48,5;"MONTE ALEGRE DE MINAS";"Falta de Atenção à Condução";"Saída de leito carroçável";"Com Vítimas Feridas";"Pleno dia";"Crescente";"Céu Claro";"Dupla";"Aclive;Reta";"Não";1;0;0;1;0;0;1;1;-18,80471613;-49,08293767;"SPRF-MG";"DEL15-MG";"UOP03-DEL15-MG"
262963;2020-01-15;"quarta-feira";"14:50:00";"SE";101;174;"SANTA LUZIA DO ITANHY";"Desobediência às normas de trânsito pelo condutor";"Colisão transversal";"Com Vítimas Feridas";"Pleno dia";"Crescente";"Céu Claro";"Simples";"Interseção de Vias";"Não";6;0;2;0;4;0;2;2;-11,34367006;-37,60336957;"SPRF-SE";"DEL02-SE";"UOP01-DEL02-SE"
262965;2020-01-15;"quarta-feira";"14:40:00";"PI";316;309,5;"PICOS";"Ingestão de Álcool";"Tombamento";"Com Vítimas Feridas";"Pleno dia";"Crescente";"Sol";"Simples";"Reta";"Sim";1;0;1;0;0;0;1;1;-7,07778744;-41,48370094;"SPRF-PI";"DEL04-PI";"UOP01-DEL04-PI"
262968;2020-01-15;"quarta-feira";"14:20:00";"SC";101;86,3;"BARRA VELHA";"Falta de Atenção à Condução";"Colisão traseira";"Com Vítimas Feridas";"Pleno dia";"Decrescente";"Sol";"Dupla";"Viaduto";"Sim";1;0;1;0;0;0;1;1;-26,63277317;-48,70232513;"SPRF-SC";"DEL03-SC";"UOP02-DEL03-SC"
262970;2020-01-15;"quarta-feira";"14:10:00";"MS";163;777,7;"COXIM";"Falta de Atenção à Condução";"Colisão traseira";"Com Vítimas Fatais";"Pleno dia";"Decrescente";"Céu Claro";"Dupla";"Reta";"Não";3;1;1;0;0;1;1;2;-18,12227399;-54,70013203;"SPRF-MS";"DEL06-MS";"UOP01-DEL06-MS"
262971;2020-01-15;"quarta-feira";"15:00:00";"SC";282;17,5;"PALHOCA";"Falta de Atenção à Condução";"Colisão transversal";"Sem Vítimas";"Pleno dia";"Decrescente";"Céu Claro";"Simples";"Reta";"Sim";2;0;0;0;2;0;0;2;-27,665707;-48,688065;"SPRF-SC";"DEL01-SC";"UOP02-DEL01-SC"
262973;2020-01-15;"quarta-feira";"15:50:00";"MT";364;391;"CUIABA";"Pista Escorregadia";"Saída de leito carroçável";"Com Vítimas Feridas";"Pleno dia";"Crescente";"Garoa/Chuvisco";"Dupla";"Curva";"Não";2;0;1;0;1;0;1;1;-15,70133417;-55,863696;"SPRF-MT";"DEL02-MT";"UOP02-DEL01-MT"
262974;2020-01-15;"quarta-feira";"15:15:00";"PE";101;41;"IGARASSU";"Falta de Atenção do Pedestre";"Saída de leito carroçável";"Com Vítimas Feridas";"Pleno dia";"Decrescente";"Céu Claro";"Simples";"Reta";"Sim";2;0;1;0;1;0;1;1;-7,83038346;-34,91426785;"SPRF-PE";"DEL01-PE";"UOP02-DEL01-PE"
262976;2020-01-15;"quarta-feira";"15:00:00";"MG";381;567,1;"ITAGUARA";"Falta de Atenção à Condução";"Queda de ocupante de veículo";"Com Vítimas Feridas";"Pleno dia";"Crescente";"Nublado";"Dupla";"Curva";"Não";1;0;1;0;0;0;1;1;-20,42174833;-44,53677185;"SPRF-MG";"DEL04-MG";"UOP03-DEL04-MG"
262977;2020-01-15;"quarta-feira";"15:20:00";"RS";116;268,1;"CANOAS";"Falta de Atenção à Condução";"Colisão traseira";"Com Vítimas Feridas";"Pleno dia";"Crescente";"Céu Claro";"Dupla";"Reta";"Sim";2;0;1;0;1;0;1;2;-29,95042502;-51,17652939;"SPRF-RS";"DEL01-RS";"UOP01-DEL01-RS"
262981;2020-01-15;"quarta-feira";"14:30:00";"SP";101;50,5;"UBATUBA";"Falta de Atenção à Condução";"Colisão transversal";"Com Vítimas Feridas";"Pleno dia";"Crescente";"Céu Claro";"Simples";"Reta";"Sim";2;0;1;0;1;0;1;2;-23,45708527;-45,07048845;"SPRF-SP";"DEL06-SP";"UOP01-DEL06-SP"