"id";"data_inversa";"dia_semana";"horario";"uf";"br";"km";"municipio";"causa_acidente";"tipo_acidente";"classificacao_acidente";"fase_dia";"sentido_via";"condicao_metereologica";"tipo_pista";"tracado_via";"uso_solo";"pessoas";"mortos";"feridos_leves";"feridos_graves";"ilesos";"ignorados";"feridos";"veiculos";"latitude";"longitude";"regional";"delegacia";"uop"
262982;2020-01-15;"quarta-feira";"16:20:00";"RS";116;159,5;"CAXIAS DO SUL";"Desobediência às normas de trânsito pelo condutor";"Colisão transversal";"Com Vítimas Feridas";"Pleno dia";"Decrescente";"Nublado";"Simples";"Reta";"Sim";2;0;0;1;1;0;1;2;-29,22511711;-51,16049118;"SPRF-RS";"DEL05-RS";"UOP01-DEL05-RS"
262984;2020-01-15;"quarta-feira";"15:50:00";"SC";282;17,5;"PALHOCA";"Falta de Atenção à Condução";"Colisão traseira";"Com Vítimas Feridas";"Pleno dia";"Decrescente";"Céu Claro";"Simples";"Reta";"Sim";2;0;0;1;1;0;1;2;-27,665707;-48,688065;"SPRF-SC";"DEL01-SC";"UOP02-DEL01-SC"
262985;2020-01-15;"quarta-feira";"16:00:00";"SP";153;64;"SAO JOSE DO RIO PRETO";"Defeito na Via";"Colisão com objeto estático";"Sem Vítimas";"Pleno dia";"Crescente";"Céu Claro";"Dupla";"Curva";"Sim";1;0;0;0;1;0;0;1;-20,82912;-49,361088;"SPRF-SP";"DEL09-SP";"UOP01-DEL09-SP"
262989;2020-01-15;"quarta-feira";"16:35:00";"RN";101;103,9;"PARNAMIRIM";"Não guardar distância de segurança";"Colisão traseira";"Com Vítimas Feridas";"Pleno dia";"Crescente";"Céu Claro";"Dupla";"Em Obras;Reta";"Sim";2;0;1;0;1;0;1;2;-5,89034022;-35,24894996;"SPRF-RN";"DEL01-RN";"UOP01-DEL01-RN"
262990;2020-01-15;"quarta-feira";"17:00:00";"PR";280;312,7;"BARRACAO";"Velocidade Incompatível";"Saída de leito carroçável";"Com Vítimas Feridas";"Pleno dia";"Decrescente";"Chuva";"Simples";"Curva";"Não";1;0;1;0;0;0;1;1;-26,2997745;-53,50039693;"SPRF-PR";"DEL02-PR";"UOP01-DEL02-PR"
262993;2020-01-15;"quarta-feira";"16:15:00";"RS";285;307,4;"PASSO FUNDO";"Avarias e/ou desgaste excessivo no pneu";"Saída de leito carroçável";"Com Vítimas Feridas";"Pleno dia";"Decrescente";"Chuva";"Simples";"Reta";"Não";1;0;1;0;0;0;1;1;-28,23150737;-52,52117157;"SPRF-RS";"DEL08-RS";"UOP03-DEL08-RS"
262994;2020-01-15;"quarta-feira";"15:00:00";"BA";101;440;"ITACARE";"Falta de Atenção à Condução";"Colisão transversal";"Com Vítimas Feridas";"Pleno dia";"Crescente";"Sol";"Simples";"Interseção de Vias";"Não";6;0;4;0;2;0;4;2;-14,414404;-39,32637216;"SPRF-BA";"DEL05-BA";"UOP01-DEL05-BA"
262995;2020-01-15;"quarta-feira";"17:20:00";"DF";20;4,1;"BRASILIA";"Falta de Atenção à Condução";"Colisão traseira";"Com Vítimas Feridas";"Pleno dia";"Crescente";"Céu Claro";"Dupla";"Declive";"Sim";2;0;1;0;0;1;1;2;-15,675484;-47,823761;"SPRF-DF";"DEL02-DF";"UOP01-DEL02-DF"
262996;2020-01-15;"quarta-feira";"13:00:00";"SC";282;424,7;"VARGEM BONITA";"Falta de Atenção à Condução";"Colisão lateral";"Com Vítimas Feridas";"Pleno dia";"Crescente";"Céu Claro";"Simples";"Curva";"Não";3;0;1;0;2;0;1;2;-26,988014;-51,753124;"SPRF-SC";"DEL07-SC";"UOP05-DEL07-SC"
262998;2020-01-15;"quarta-feira";"16:20:00";"MG";262;576;"CORREGO DANTA";"Falta de Atenção à Condução";"Saída de leito carroçável";"Com Vítimas Feridas";"Pleno dia";"Crescente";"Sol";"Simples";"Curva";"Não";2;0;1;0;1;0;1;1;-19,6763358;-46,0434744;"SPRF-MG";"N/A";"N/A"
262999;2020-01-15;"quarta-feira";"18:05:00";"PR";376;181,5;"MARINGA";"Desobediência às normas de trânsito pelo condutor";"Colisão traseira";"Com Vítimas Feridas";"Pleno dia";"Crescente";"Céu Claro";"Dupla";"Reta";"Sim";3;0;1;0;2;0;1;2;-23,43197477;-51,88671852;"SPRF-PR";"DEL07-PR";"UOP01-DEL09-PR"
263001;2020-01-15;"quarta-feira";"17:30:00";"BA";116;316;"ARACI";"Desobediência às normas de trânsito pelo condutor";"Colisão transversal";"Com Vítimas Feridas";"Pleno dia";"Decrescente";"Sol";"Simples";"Reta";"Não";3;0;3;0;0;0;3;3;-11,29875979;-38,93632336;"SPRF-BA";"DEL02-BA";"UOP01-DEL02-BA"
263002;2020-01-15;"quarta-feira";"17:40:00";"RS";386;405;"TRIUNFO";"Pista Escorregadia";"Colisão frontal";"Com Vítimas Fatais";"Pleno dia";"Decrescente";"Chuva";"Simples";"Reta";"Não";3;2;0;1;0;0;1;2;-29,77286155;-51,57294631;"SPRF-RS";"DEL04-RS";"UOP02-DEL04-RS"
263005;2020-01-15;"quarta-feira";"18:15:00";"ES";101;160;"LINHARES";"Não guardar distância de segurança";"Colisão traseira";"Com Vítimas Feridas";"Pleno dia";"Crescente";"Nublado";"Simples";"Reta";"Não";5;0;1;0;4;0;1;3;-19,47662979;-40,11402541;"SPRF-ES";"DEL04-ES";"UOP01-DEL04-ES"
263006;2020-01-15;"quarta-feira";"18:20:00";"RS";116;253;"SAPUCAIA DO SUL";"Falta de Atenção à Condução";"Queda de ocupante de veículo";"Com Vítimas Feridas";"Pleno dia";"Crescente";"Chuva";"Dupla";"Reta";"Sim";1;0;1;0;0;0;1;1;-29,81784209;-51,16996166;"SPRF-RS";"DEL01-RS";"UOP02-DEL01-RS"
263007;2020-01-15;"quarta-feira";"17:00:00";"SC";282;395,2;"JOACABA";"Desobediência às normas de trânsito pelo condutor";"Colisão lateral";"Com Vítimas Feridas";"Pleno dia";"Decrescente";"Céu Claro";"Simples";"Curva";"Não";2;0;2;0;0;0;2;2;-27,156887;-51,592079;"SPRF-SC";"DEL07-SC";"UOP05-DEL07-SC"
263010;2020-01-15;"quarta-feira";"18:15:00";"RN";101;80;"NATAL";"Falta de Atenção à Condução";"Colisão lateral";"Com Vítimas Feridas";"Plena Noite";"Decrescente";"Céu Claro";"Dupla";"Rotatória";"Sim";2;0;0;1;1;0;1;2;-5,76305812;-35,28709888;"SPRF-RN";"DEL02-RN";"UOP01-DEL02-RN"
263012;2020-01-15;"quarta-feira";"18:35:00";"CE";20;421;"MARACANAU";"Falta de Atenção à Condução";"Colisão lateral";"Com Vítimas Feridas";"Plena Noite";"Decrescente";"Céu Claro";"Dupla";"Reta";"Não";3;0;1;1;1;0;2;2;-3,85671865;-38,55068207;"SPRF-CE";"DEL01-CE";"UOP02-DEL01-CE"
263014;2020-01-15;"quarta-feira";"18:30:00";"SP";116;16,8;"LAVRINHAS";"Falta de Atenção à Condução";"Saída de leito carroçável";"Com Vítimas Feridas";"Anoitecer";"Crescente";"Nublado";"Dupla";"Reta";"Não";2;0;0;2;0;0;2;1;-22,55822433;-44,83795788;"SPRF-SP";"DEL08-SP";"UOP02-DEL08-SP"
263015;2020-01-15;"quarta-feira";"18:55:00";"BA";242;802;"BARREIRAS";"Animais na Pista";"Atropelamento de Animal";"Com Vítimas Feridas";"Plena Noite";"Decrescente";"Céu Claro";"Simples";"Reta";"Não";2;0;2;0;0;0;2;1;-12,11787952;-45,06385803;"SPRF-BA";"DEL10-BA";"UOP01-DEL10-BA"
263017;2020-01-15;"quarta-feira";"19:20:00";"PA";316;99;"SANTA MARIA DO PARA";"Falta de Atenção do Pedestre";"Atropelamento de Pedestre";"Com Vítimas Fatais";"Plena Noite";"Crescente";"Céu Claro";"Simples";"Reta";"Não";3;1;0;0;2;0;0;3;-1,336465;-47,595574;"SPRF-PA";"DEL01-PA";"UOP02-DEL01-PA"
263018;2020-01-15;"quarta-feira";"17:20:00";"RJ";465;19;"NOVA IGUACU";"Não guardar distância de segurança";"Colisão traseira";"Com Vítimas Feridas";"Pleno dia";"Crescente";"Céu Claro";"Simples";"Reta";"Sim";2;0;1;0;1;0;1;2;-22,839184;-43,610451;"SPRF-RJ";"DEL01-RJ";"UOP03-DEL01-RJ"
263019;2020-01-15;"quarta-feira";"18:30:00";"RO";364;713;"PORTO VELHO";"Falta de Atenção do Pedestre";"Atropelamento de Pedestre";"Com Vítimas Feridas";"Anoitecer";"Crescente";"Céu Claro";"Dupla";"Reta";"Sim";2;0;1;0;1;0;1;2;-8,77160239;-63,88363492;"SPRF-RO";"DEL01-RO";"UOP01-DEL01-RO"
263020;2020-01-15;"quarta-feira";"19:50:00";"PR";277;2,5;"PARANAGUA";"Defeito Mecânico no Veículo";"Colisão traseira";"Com Vítimas Feridas";"Plena Noite";"Crescente";"Céu Claro";"Dupla";"Reta";"Sim";3;0;2;0;1;0;2;2;-25,54518095;-48,54279041;"SPRF-PR";"DEL01-PR";"UOP05-DEL01-PR"
263022;2020-01-15;"quarta-feira";"19:10:00";"ES";101;58;"SAO MATEUS";"Restrição de Visibilidade";"Atropelamento de Pedestre";"Com Vítimas Feridas";"Plena Noite";"Crescente";"Céu Claro";"Simples";"Declive";"Não";2;0;0;1;0;1;1;2;-18,65547194;-39,87148278;"SPRF-ES";"DEL04-ES";"UOP02-DEL04-ES"
263023;2020-01-15;"quarta-feira";"20:20:00";"ES";101;281,2;"SERRA";"Animais na Pista";"Atropelamento de Animal";"Com Vítimas Feridas";"Plena Noite";"Crescente";"Céu Claro";"Dupla";"Reta";"Não";1;0;1;0;0;0;1;1;-20,22112792;-40,35720552;"SPRF-ES";"DEL02-ES";"UOP01-DEL02-ES"
263024;2020-01-15;"quarta-feira";"20:30:00";"MG";381;524,5;"BRUMADINHO";"Falta de Atenção do Pedestre";"Atropelamento de Pedestre";"Com Vítimas Fatais";"Plena Noite";"Crescente";"Chuva";"Dupla";"Reta";"Não";2;1;0;0;1;0;0;2;-20,160736;-44,329843;"SPRF-MG";"DEL04-MG";"UOP03-DEL04-MG"
263025;2020-01-15;"quarta-feira";"18:20:00";"PE";232;100,3;"BEZERROS";"Falta de Atenção do Pedestre";"Atropelamento de Pedestre";"Com Vítimas Fatais";"Plena Noite";"Decrescente";"Céu Claro";"Dupla";"Reta";"Sim";3;1;0;0;0;2;0;2;-8,23791176;-35,74297705;"SPRF-PE";"DEL01-PE";"UOP02-DEL02PE"
263027;2020-01-15;"quarta-feira";"21:20:00";"PR";376;176,1;"MARINGA";"Falta de Atenção à Condução";"Colisão traseira";"Com Vítimas Feridas";"Plena Noite";"Decrescente";"Céu Claro";"Dupla";"Reta";"Sim";2;0;1;0;1;0;1;2;-23,41131116;-51,93994761;"SPRF-PR";"DEL07-PR";"UOP01-DEL09-PR"
263029;2020-01-15;"quarta-feira";"21:30:00";"PR";376;180;"MARINGA";"Velocidade Incompatível";"Saída de leito carroçável";"Sem Vítimas";"Plena Noite";"Crescente";"Céu Claro";"Dupla";"Declive;Reta";"Sim";1;0;0;0;1;0;0;1;-23,42725352;-51,89512271;"SPRF-PR";"DEL07-PR";"UOP01-DEL09-PR"
263030;2020-01-15;"quarta-feira";"21:25:00";"MG";40;506,6;"RIBEIRAO DAS NEVES";"Ingestão de Álcool";"Atropelamento de Pedestre";"Com Vítimas Fatais";"Plena Noite";"Decrescente";"Chuva";"Dupla";"Reta";"Sim";2;1;1;0;0;0;1;2;-19,75106;-44,14426;"SPRF-MG";"DEL02-MG";"UOP01-DEL02-MG"
263031;2020-01-15;"quarta-feira";"16:15:00";"BA";101;186;"CONCEICAO DA FEIRA";"Falta de Atenção à Condução";"Colisão lateral";"Com Vítimas Feridas";"Pleno dia";"Crescente";"Céu Claro";"Simples";"Reta";"Não";2;0;1;0;1;0;1;2;-12,56190192;-38,97689659;"SPRF-BA";"DEL01-BA";"UOP03-DEL01-BA"
263032;2020-01-15;"quarta-feira";"21:35:00";"PR";369;87;"CORNELIO PROCOPIO";"Restrição de Visibilidade";"Queda de ocupante de veículo";"Com Vítimas Feridas";"Plena Noite";"Crescente";"Céu Claro";"Simples";"Reta";"Sim";1;0;1;0;0;0;1;1;-23,17757429;-50,62332031;"SPRF-PR";"DEL07-PR";"UOP05-DEL07-PR"
263034;2020-01-15;"quarta-feira";"19:30:00";"BA";242;794;"BARREIRAS";"Ingestão de Álcool";"Colisão traseira";"Sem Vítimas";"Plena Noite";"Crescente";"Céu Claro";"Simples";"Reta";"Sim";2;0;0;0;2;0;0;2;-12,14116105;-45,01056975;"SPRF-BA";"DEL10-BA";"UOP01-DEL10-BA"
263036;2020-01-15;"quarta-feira";"22:00:00";"SC";101;208,2;"SAO JOSE";"Falta de Atenção à Condução";"Tombamento";"Com Vítimas Feridas";"Plena Noite";"Decrescente";"Nublado";"Dupla";"Reta";"Sim";1;0;1;0;0;0;1;1;-27,60327979;-48,63201818;"SPRF-SC";"DEL01-SC";"UOP01-DEL01-SC"
263037;2020-01-15;"quarta-feira";"18:00:00";"RJ";116;176,3;"NOVA IGUACU";"Falta de Atenção à Condução";"Colisão traseira";"Com Vítimas Feridas";"Pleno dia";"Crescente";"Sol";"Dupla";"Reta";"Sim";3;0;2;0;1;0;2;2;-22,7839538;-43,38195488;"SPRF-RJ";"DEL01-RJ";"UOP02-DEL01-RJ"
263038;2020-01-15;"quarta-feira";"23:10:00";"SC";101;208,6;"SAO JOSE";"Falta de Atenção à Condução";"Tombamento";"Com Vítimas Feridas";"Plena Noite";"Crescente";"Nublado";"Dupla";"Curva";"Sim";2;0;2;0;0;0;2;1;-27,60327979;-48,63201818;"SPRF-SC";"DEL01-SC";"UOP01-DEL01-SC"
263039;2020-01-15;"quarta-feira";"23:10:00";"MG";381;579,2;"CARMOPOLIS DE MINAS";"Falta de Atenção à Condução";"Colisão com objeto estático";"Com Vítimas Feridas";"Plena Noite";"Crescente";"Céu Claro";"Dupla";"Curva";"Não";1;0;1;0;0;0;1;1;-20,49967704;-44,60847254;"SPRF-MG";"DEL04-MG";"UOP01-DEL04-MG"
263043;2020-01-15;"quarta-feira";"23:50:00";"MG";381;816,1;"CAREACU";"Velocidade Incompatível";"Saída de leito carroçável";"Com Vítimas Fatais";"Pleno dia";"Decrescente";"Céu Claro";"Dupla";"Curva";"Sim";1;1;0;0;0;0;0;1;-22,0934877;-45,71077521;"SPRF-MG";"DEL16-MG";"UOP02-DEL16-MG"
263044;2020-01-15;"quarta-feira";"22:50:00";"MG";116;304,2;"ITAMBACURI";"Defeito Mecânico no Veículo";"Saída de leito carroçável";"Com Vítimas Feridas";"Plena Noite";"Crescente";"Céu Claro";"Simples";"Reta";"Não";3;0;2;0;1;0;2;1;-18,02424603;-41,64791895;"SPRF-MG";"DEL11-MG";"UOP01-DEL11-MG"
263045;2020-01-15;"quarta-feira";"22:50:00";"PR";153;346,9;"REBOUCAS";"Ingestão de Álcool";"Colisão frontal";"Com Vítimas Feridas";"Plena Noite";"Decrescente";"Nublado";"Simples";"Reta";"Não";3;0;3;0;0;0;3;2;-25,5851819;-50,6834507;"SPRF-PR";"DEL03-PR";"UOP02-DEL08-PR"
263046;2020-01-16;"quinta-feira";"04:50:00";"SP";116;313,5;"SAO LOURENCO DA SERRA";"Condutor Dormindo";"Saída de leito carroçável";"Com Vítimas Feridas";"Amanhecer";"Decrescente";"Céu Claro";"Dupla";"Reta";"Sim";47;0;14;1;32;0;15;1;-23,88913612;-46,9801679;"SPRF-SP";"DEL04-SP";"UOP01-DEL04-SP"
263049;2020-01-16;"quinta-feira";"05:20:00";"RN";406;150;"CEARA-MIRIM";"Falta de Atenção à Condução";"Colisão frontal";"Com Vítimas Feridas";"Pleno dia";"Crescente";"Céu Claro";"Simples";"Reta";"Sim";2;0;0;2;0;0;2;2;-5,64974982;-35,43234997;"SPRF-RN";"DEL02-RN";"UOP01-DEL02-RN"
263051;2020-01-16;"quinta-feira";"04:40:00";"BA";116;698;"JEQUIE";"Falta de Atenção à Condução";"Saída de leito carroçável";"Com Vítimas Feridas";"Amanhecer";"Crescente";"Céu Claro";"Simples";"Curva";"Não";2;0;2;0;0;0;2;1;-14,01081603;-40,18669795;"SPRF-BA";"DEL03-BA";"UOP01-DEL03-BA"
263052;2020-01-16;"quinta-feira";"04:55:00";"PB";230;310,8;"SAO MAMEDE";"Animais na Pista";"Atropelamento de Animal";"Com Vítimas Feridas";"Amanhecer";"Decrescente";"Céu Claro";"Simples";"Reta";"Não";4;0;2;1;1;0;3;1;-6,928011;-37,072371;"SPRF-PB";"DEL03-PB";"UOP01-DEL03-PB"
263054;2020-01-16;"quinta-feira";"04:50:00";"MG";40;530;"CONTAGEM";"Falta de Atenção do Pedestre";"Atropelamento de Pedestre";"Com Vítimas Fatais";"Amanhecer";"Decrescente";"Céu Claro";"Dupla";"Reta";"Sim";2;1;0;0;1;0;0;2;-19,92031619;-44,03295821;"SPRF-MG";"DEL01-MG";"UOP02-DEL01-MG"
263055;2020-01-16;"quinta-feira";"05:40:00";"SC";101;210;"SAO JOSE";"Falta de Atenção à Condução";"Tombamento";"Com Vítimas Feridas";"Pleno dia";"Decrescente";"Nublado";"Simples";"Reta";"Sim";1;0;0;1;0;0;1;1;-27,6167305;-48,6457265;"SPRF-SC";"DEL01-SC";"UOP01-DEL01-SC"
263056;2020-01-16;"quinta-feira";"05:54:00";"PB";101;88;"JOAO PESSOA";"Pista Escorregadia";"Tombamento";"Com Vítimas Feridas";"Pleno dia";"Decrescente";"Céu Claro";"Simples";"Curva;Interseção de Vias;Viaduto";"Sim";2;0;2;0;0;0;2;1;-7,16470016;-34,89993643;"SPRF-PB";"DEL01-PB";"UOP01-DEL01-PB"
263058;2020-01-16;"quinta-feira";"05:40:00";"SC";101;257,5;"GAROPABA";"Velocidade Incompatível";"Saída de leito carroçável";"Com Vítimas Feridas";"Amanhecer";"Decrescente";"Chuva";"Dupla";"Curva";"Não";2;0;1;1;0;0;2;1;-28,0121085;-48,69480285;"SPRF-SC";"DEL02-SC";"UOP03-DEL02-SC"
263061;2020-01-16;"quinta-feira";"06:00:00";"MG";381;897,7;"CAMBUI";"Animais na Pista";"Colisão traseira";"Com Vítimas Feridas";"Pleno dia";"Decrescente";"Sol";"Dupla";"Reta";"Sim";4;0;4;0;0;0;4;2;-22,63961103;-46,08077997;"SPRF-MG";"DEL16-MG";"UOP03-DEL16-MG"
263063;2020-01-16;"quinta-feira";"01:00:00";"PR";163;286;"MARECHAL CANDIDO RONDON";"Ingestão de Álcool";"Saída de leito carroçável";"Com Vítimas Feridas";"Plena Noite";"Crescente";"Ignorado";"Simples";"Reta";"Sim";2;0;0;2;0;0;2;1;-24,568102;-54,034168;"SPRF-PR";"DEL06-PR";"UOP02-DEL06-PR"
263067;2020-01-16;"quinta-feira";"07:00:00";"DF";40;4;"BRASILIA";"Falta de Atenção à Condução";"Colisão lateral";"Com Vítimas Feridas";"Pleno dia";"Decrescente";"Céu Claro";"Dupla";"Reta";"Não";3;0;2;0;1;0;2;2;-16,012033;-47,982124;"SPRF-DF";"DEL01-DF";"UOP01-DEL01-DF"
263070;2020-01-16;"quinta-feira";"08:00:00";"SC";101;210;"SAO JOSE";"Desobediência às normas de trânsito pelo condutor";"Colisão traseira";"Com Vítimas Feridas";"Pleno dia";"Decrescente";"Nublado";"Múltipla";"Reta";"Sim";2;0;1;0;1;0;1;2;-27,6167305;-48,6457265;"SPRF-SC";"DEL01-SC";"UOP01-DEL01-SC"
263071;2020-01-16;"quinta-feira";"07:20:00";"GO";40;10;"LUZIANIA";"Desobediência às normas de trânsito pelo condutor";"Colisão frontal";"Com Vítimas Feridas";"Pleno dia";"Crescente";"Céu Claro";"Dupla";"Retorno Regulamentado";"Sim";2;0;0;1;1;0;1;2;-16,131285;-47,957923;"SPRF-DF";"DEL01-DF";"UOP01-DEL01-DF"
263072;2020-01-16;"quinta-feira";"07:40:00";"PB";230;464;"SOUSA";"Não guardar distância de segurança";"Colisão traseira";"Com Vítimas Feridas";"Pleno dia";"Decrescente";"Céu Claro";"Simples";"Reta";"Sim";4;0;1;0;3;0;1;3;-6,7791;-38,2438;"SPRF-PB";"DEL03-PB";"UOP03-DEL03-PB"
263073;2020-01-16;"quinta-feira";"06:45:00";"SP";116;269,5;"TABOAO DA SERRA";"Falta de Atenção à Condução";"Colisão traseira";"Sem Vítimas";"Pleno dia";"Crescente";"Céu Claro";"Dupla";"Reta";"Sim";3;0;0;0;2;1;0;3;-23,60879172;-46,75735208;"SPRF-SP";"DEL04-SP";"UOP01-DEL04-SP"
263074;2020-01-16;"quinta-feira";"06:45:00";"MG";153;104,8;"PRATA";"Falta de Atenção à Condução";"Saída de leito carroçável";"Com Vítimas Feridas";"Pleno dia";"Crescente";"Céu Claro";"Simples";"Reta";"Não";1;0;1;0;0;0;1;1;-19,27184081;-48,91909359;"SPRF-MG";"DEL15-MG";"UOP03-DEL15-MG"
263075;2020-01-15;"quarta-feira";"17:30:00";"BA";367;24;"PORTO SEGURO";"Falta de Atenção à Condução";"Colisão lateral";"Com Vítimas Feridas";"Anoitecer";"Crescente";"Céu Claro";"Múltipla";"Interseção de Vias";"Sim";3;0;1;0;2;0;1;3;-16,43763962;-39,0813791;"SPRF-BA";"DEL09-BA";"UOP01-DEL09-BA"
263081;2020-01-16;"quinta-feira";"07:40:00";"RN";110;49,2;"MOSSORO";"Desobediência às normas de trânsito pelo condutor";"Colisão transversal";"Com Vítimas Feridas";"Pleno dia";"Decrescente";"Sol";"Dupla";"Retorno Regulamentado";"Sim";3;0;2;0;1;0;2;2;-5,21645975;-37,32927128;"SPRF-RN";"DEL04-RN";"UOP01-DEL04-RN"
263082;2020-01-16;"quinta-feira";"06:10:00";"MG";146;554,5;"CABO VERDE";"Falta de Atenção à Condução";"Colisão lateral";"Com Vítimas Feridas";"Pleno dia";"Crescente";"Céu Claro";"Simples";"Interseção de Vias;Reta";"Não";2;0;2;0;0;0;2;2;-21,42318594;-46,4299701;"SPRF-MG";"DEL16-MG";"UOP01-DEL09-MG"
263084;2020-01-16;"quinta-feira";"07:40:00";"SC";101;251,1;"PAULO LOPES";"Falta de Atenção à Condução";"Colisão transversal";"Com Vítimas Feridas";"Pleno dia";"Crescente";"Nublado";"Dupla";"Reta";"Sim";2;0;0;1;1;0;1;2;-27,96046202;-48,67930412;"SPRF-SC";"DEL02-SC";"UOP03-DEL02-SC"
263086;2020-01-16;"quinta-feira";"07:10:00";"DF";60;2,9;"BRASILIA";"Não guardar distância de segurança";"Colisão traseira";"Com Vítimas Feridas";"Pleno dia";"Crescente";"Céu Claro";"Dupla";"Reta";"Sim";2;0;0;1;1;0;1;2;-15,88983127;-48,08592506;"SPRF-DF";"DEL01-DF";"UOP01-DEL03-DF"
263087;2020-01-16;"quinta-feira";"07:10:00";"MG";40;530;"BELO HORIZONTE";"Falta de Atenção do Pedestre";"Atropelamento de Pedestre";"Com Vítimas Feridas";"Pleno dia";"Decrescente";"Céu Claro";"Dupla";"Curva";"Sim";2;0;2;0;0;0;2;2;-19,92064782;-44,0335681;"SPRF-MG";"DEL01-MG";"UOP02-DEL01-MG"
263089;2020-01-16;"quinta-feira";"08:15:00";"RN";304;304,3;"PARNAMIRIM";"Não guardar distância de segurança";"Colisão traseira";"Com Vítimas Feridas";"Pleno dia";"Crescente";"Sol";"Dupla";"Reta";"Sim";2;0;1;0;1;0;1;2;-5,88497076;-35,28078192;"SPRF-RN";"DEL01-RN";"UOP02-DEL01-RN"
263090;2020-01-16;"quinta-feira";"08:10:00";"GO";40;6,8;"VALPARAISO DE GOIAS";"Pista Escorregadia";"Tombamento";"Com Vítimas Feridas";"Pleno dia";"Decrescente";"Céu Claro";"Dupla";"Reta";"Sim";2;0;2;0;0;0;2;1;-16,100814;-47,977351;"SPRF-DF";"DEL01-DF";"UOP01-DEL01-DF"
263091;2020-01-16;"quinta-feira";"08:00:00";"PR";376;131;"NOVA ESPERANCA";"Velocidade Incompatível";"Queda de ocupante de veículo";"Com Vítimas Feridas";"Pleno dia";"Crescente";"Céu Claro";"Dupla";"Reta";"Não";1;0;0;1;0;0;1;1;-23,17708311;-52,2288698;"SPRF-PR";"DEL07-PR";"UOP02-DEL09-PR"
263092;2020-01-16;"quinta-feira";"07:30:00";"SC";101;210;"SAO JOSE";"Não guardar distância de segurança";"Colisão transversal";"Com Vítimas Feridas";"Pleno dia";"Decrescente";"Céu Claro";"Dupla";"Reta";"Sim";2;0;1;0;1;0;1;2;-27,6167305;-48,6457265;"SPRF-SC";"DEL01-SC";"UOP01-DEL01-SC"
263094;2020-01-16;"quinta-feira";"08:20:00";"SC";101;212;"PALHOCA";"Não guardar distância de segurança";"Colisão lateral";"Com Vítimas Feridas";"Pleno dia";"Decrescente";"Nublado";"Dupla";"Reta";"Sim";3;0;1;0;2;0;1;3;-27,62996929;-48,65903871;"SPRF-SC";"DEL01-SC";"UOP02-DEL01-SC"
263095;2020-01-16;"quinta-feira";"07:40:00";"RJ";101;323,9;"NITEROI";"Não guardar distância de segurança";"Colisão traseira";"Sem Vítimas";"Pleno dia";"Decrescente";"Céu Claro";"Dupla";"Reta";"Sim";3;0;0;0;3;0;0;3;-22,87684786;-43,11728689;"SPRF-RJ";"DEL02-RJ";"UOP01-DEL02-RJ"
263096;2020-01-16;"quinta-feira";"01:00:00";"MG";381;504;"BETIM";"Defeito Mecânico no Veículo";"Incêndio";"Sem Vítimas";"Plena Noite";"Decrescente";"Céu Claro";"Múltipla";"Reta";"Não";1;0;0;0;0;1;0;1;-20,04164508;-44,26386697;"SPRF-MG";"DEL01-MG";"UOP03-DEL01-MG"
263098;2020-01-16;"quinta-feira";"07:20:00";"BA";324;626;"SALVADOR";"Falta de Atenção à Condução";"Colisão traseira";"Com Vítimas Feridas";"Pleno dia";"Crescente";"Céu Claro";"Múltipla";"Reta";"Sim";3;0;0;1;2;0;1;2;-12,95020997;-38,47073108;"SPRF-BA";"DEL01-BA";"UOP01-DEL01-BA"
263099;2020-01-16;"quinta-feira";"08:50:00";"RS";287;248;"SANTA MARIA";"Fenômenos da Natureza";"Tombamento";"Com Vítimas Feridas";"Pleno dia";"Decrescente";"Chuva";"Simples";"Reta";"Sim";1;0;1;0;0;0;1;1;-29,696018;-53,850956;"SPRF-RS";"DEL09-RS";"UOP01-DEL09-RS"
263100;2020-01-16;"quinta-feira";"05:50:00";"MG";381;681,5;"PERDOES";"Falta de Atenção à Condução";"Tombamento";"Sem Vítimas";"Amanhecer";"Crescente";"Ignorado";"Dupla";"Curva";"Não";1;0;0;0;1;0;0;1;-21,16800802;-45,12657489;"SPRF-MG";"DEL04-MG";"UOP02-DEL04-MG"
263101;2020-01-15;"quarta-feira";"22:30:00";"RO";364;340,7;"JI-PARANA";"Desobediência às normas de trânsito pelo condutor";"Colisão transversal";"Sem Vítimas";"Plena Noite";"Crescente";"Nublado";"Simples";"Interseção de Vias";"Sim";2;0;0;0;2;0;0;2;-10,898802;-61,93046;"SPRF-RO";"DEL02-RO";"UOP01-DEL02-RO"
263104;2020-01-16;"quinta-feira";"08:50:00";"MG";381;602,9;"OLIVEIRA";"Condutor Dormindo";"Saída de leito carroçável";"Com Vítimas Feridas";"Pleno dia";"Crescente";"Nublado";"Dupla";"Declive;Reta";"Não";3;0;2;0;1;0;2;1;-20,61726831;-44,73551381;"SPRF-MG";"DEL04-MG";"UOP01-DEL04-MG"
263105;2020-01-15;"quarta-feira";"22:10:00";"RS";0;0;"VILA FLORES";"Pista Escorregadia";"Colisão com objeto estático";"Sem Vítimas";"Plena Noite";"Não Informado";"Garoa/Chuvisco";"Simples";"Reta;Declive";"Não";3;0;0;0;3;0;0;1;-28,87876815;-51,53875535;"SPRF-RS";"DEL06-RS";"N/A"