"id";"data_inversa";"dia_semana";"horario";"uf";"br";"km";"municipio";"causa_acidente";"tipo_acidente";"classificacao_acidente";"fase_dia";"sentido_via";"condicao_metereologica";"tipo_pista";"tracado_via";"uso_solo";"pessoas";"mortos";"feridos_leves";"feridos_graves";"ilesos";"ignorados";"feridos";"veiculos";"latitude";"longitude";"regional";"delegacia";"uop"
263242;2020-01-16;"quinta-feira";"22:05:00";"SC";470;105,1;"APIUNA";"Fenômenos da Natureza";"Colisão com objeto estático";"Com Vítimas Feridas";"Plena Noite";"Decrescente";"Garoa/Chuvisco";"Simples";"Reta";"Não";2;0;1;0;1;0;1;1;-27,066006;-49,417019;"SPRF-SC";"DEL04-SC";"UOP02-DEL04-SC"
263243;2020-01-16;"quinta-feira";"23:20:00";"CE";20;431,9;"FORTALEZA";"Defeito Mecânico no Veículo";"Saída de leito carroçável";"Com Vítimas Feridas";"Plena Noite";"Decrescente";"Céu Claro";"Dupla";"Reta";"Sim";2;0;1;0;1;0;1;1;-3,76999035;-38,67006282;"SPRF-CE";"DEL01-CE";"UOP02-DEL01-CE"
263245;2020-01-16;"quinta-feira";"00:20:00";"GO";60;121,9;"TEREZOPOLIS DE GOIAS";"Defeito Mecânico no Veículo";"Saída de leito carroçável";"Com Vítimas Feridas";"Plena Noite";"Crescente";"Nublado";"Dupla";"Reta";"Não";1;0;1;0;0;0;1;1;-16,5044;-49,1128;"SPRF-GO";"DEL01-GO";"UOP01-DEL01-GO"
263246;2020-01-16;"quinta-feira";"23:15:00";"PA";308;151,3;"CAPANEMA";"Desobediência às normas de trânsito pelo condutor";"Colisão lateral";"Com Vítimas Feridas";"Plena Noite";"Decrescente";"Céu Claro";"Simples";"Reta";"Sim";3;0;1;1;1;0;2;2;-1,21064;-47,182743;"SPRF-PA";"DEL01-PA";"UOP03-DEL01-PA"
263251;2020-01-16;"quinta-feira";"21:05:00";"MT";364;401;"CUIABA";"Avarias e/ou desgaste excessivo no pneu";"Queda de ocupante de veículo";"Com Vítimas Fatais";"Plena Noite";"Crescente";"Chuva";"Dupla";"Reta";"Não";1;1;0;0;0;0;0;1;-15,67210033;-55,94649314;"SPRF-MT";"DEL02-MT";"UOP02-DEL01-MT"
263252;2020-01-17;"sexta-feira";"02:40:00";"RS";290;92;"PORTO ALEGRE";"Ingestão de Álcool";"Colisão com objeto estático";"Sem Vítimas";"Plena Noite";"Crescente";"Céu Claro";"Simples";"Curva";"Sim";1;0;0;0;1;0;0;1;-29,96911755;-51,17587289;"SPRF-RS";"DEL01-RS";"UOP01-DEL01-RS"
263256;2020-01-17;"sexta-feira";"03:30:00";"PB";361;70,8;"OLHO DAGUA";"Ingestão de Álcool";"Tombamento";"Com Vítimas Feridas";"Plena Noite";"Crescente";"Céu Claro";"Simples";"Reta";"Não";1;0;0;1;0;0;1;1;-7,19693595;-37,80719699;"SPRF-PB";"DEL03-PB";"UOP01-DEL03-PB"
263262;2020-01-17;"sexta-feira";"05:00:00";"ES";101;440,6;"MIMOSO DO SUL";"Condutor Dormindo";"Saída de leito carroçável";"Sem Vítimas";"Amanhecer";"Decrescente";"Nublado";"Simples";"Reta";"Não";1;0;0;0;0;1;0;1;-21,07916157;-41,23373912;"SPRF-ES";"DEL03-ES";"UOP02-DEL03-ES"
263264;2020-01-17;"sexta-feira";"06:15:00";"MG";40;590;"ITABIRITO";"Falta de Atenção à Condução";"Saída de leito carroçável";"Com Vítimas Feridas";"Amanhecer";"Decrescente";"Chuva";"Simples";"Reta";"Não";4;0;4;0;0;0;4;1;-20,36807799;-43,90982881;"SPRF-MG";"DEL01-MG";"UOP02-DEL01-MG"
263265;2020-01-17;"sexta-feira";"06:40:00";"DF";70;11;"BRASILIA";"Falta de Atenção à Condução";"Colisão traseira";"Com Vítimas Feridas";"Pleno dia";"Decrescente";"Céu Claro";"Dupla";"Reta";"Não";6;0;1;0;5;0;1;2;-15,789762;-48,148727;"SPRF-DF";"DEL01-DF";"UOP02-DEL03-DF"
263266;2020-01-17;"sexta-feira";"06:40:00";"RN";101;100;"PARNAMIRIM";"Defeito Mecânico no Veículo";"Tombamento";"Com Vítimas Feridas";"Pleno dia";"Crescente";"Céu Claro";"Dupla";"Reta;Viaduto";"Sim";2;0;2;0;0;0;2;1;-5,88106901;-35,22542396;"SPRF-RN";"DEL01-RN";"UOP01-DEL01-RN"
263268;2020-01-17;"sexta-feira";"06:55:00";"SC";470;49,2;"BLUMENAU";"Falta de Atenção à Condução";"Colisão transversal";"Com Vítimas Feridas";"Pleno dia";"Crescente";"Céu Claro";"Simples";"Em Obras";"Sim";2;0;1;0;1;0;1;2;-26,860662;-49,065159;"SPRF-SC";"DEL04-SC";"UOP01-DEL04-SC"
263269;2020-01-17;"sexta-feira";"06:05:00";"MS";163;728,5;"COXIM";"Ingestão de Álcool";"Saída de leito carroçável";"Sem Vítimas";"Amanhecer";"Crescente";"Nublado";"Simples";"Reta";"Sim";1;0;0;0;1;0;0;1;-18,52278894;-54,7394979;"SPRF-MS";"DEL06-MS";"UOP01-DEL06-MS"
263270;2020-01-16;"quinta-feira";"23:30:00";"MG";381;414;"NOVA UNIAO";"Pista Escorregadia";"Tombamento";"Com Vítimas Feridas";"Plena Noite";"Crescente";"Chuva";"Simples";"Curva";"Não";1;0;1;0;0;0;1;1;-19,7440281;-43,61553391;"SPRF-MG";"DEL01-MG";"UOP01-DEL01-MG"
263271;2020-01-17;"sexta-feira";"06:50:00";"CE";304;53;"ARACATI";"Falta de Atenção à Condução";"Colisão transversal";"Com Vítimas Feridas";"Pleno dia";"Crescente";"Céu Claro";"Simples";"Reta";"Não";2;0;1;0;1;0;1;2;-4,57402355;-37,73636121;"SPRF-CE";"DEL03-CE";"UOP03-DEL03-CE"
263272;2020-01-17;"sexta-feira";"02:00:00";"RJ";101;417,3;"MANGARATIBA";"Ingestão de Álcool";"Colisão com objeto estático";"Sem Vítimas";"Plena Noite";"Decrescente";"Chuva";"Simples";"Curva";"Não";2;0;0;0;2;0;0;1;-22,91293797;-43,89732384;"SPRF-RJ";"DEL03-RJ";"UOP01-DEL03-RJ"
263273;2020-01-17;"sexta-feira";"07:15:00";"PE";101;81,8;"JABOATAO DOS GUARARAPES";"Desobediência às normas de trânsito pelo condutor";"Colisão lateral";"Com Vítimas Feridas";"Pleno dia";"Crescente";"Sol";"Dupla";"Reta";"Sim";2;0;2;0;0;0;2;2;-8,1597489;-34,94024569;"SPRF-PE";"DEL01-PE";"UOP03-DEL01-PE"
263274;2020-01-17;"sexta-feira";"07:20:00";"BA";324;535;"FEIRA DE SANTANA";"Defeito Mecânico no Veículo";"Incêndio";"Sem Vítimas";"Pleno dia";"Decrescente";"Céu Claro";"Dupla";"Curva";"Não";1;0;0;0;1;0;0;1;-12,35775097;-38,82802597;"SPRF-BA";"DEL01-BA";"UOP01-DEL01-BA"
263277;2020-01-17;"sexta-feira";"07:20:00";"PB";230;13;"CABEDELO";"Falta de Atenção à Condução";"Queda de ocupante de veículo";"Com Vítimas Feridas";"Pleno dia";"Decrescente";"Chuva";"Dupla";"Curva";"Sim";1;0;1;0;0;0;1;1;-7,0772;-34,8494;"SPRF-PB";"DEL01-PB";"UOP01-DEL01-PB"
263278;2020-01-17;"sexta-feira";"07:10:00";"SP";116;290;"ITAPECERICA DA SERRA";"Falta de Atenção à Condução";"Engavetamento";"Com Vítimas Feridas";"Pleno dia";"Decrescente";"Garoa/Chuvisco";"Dupla";"Reta";"Não";7;0;1;0;6;0;1;3;-23,7303281;-46,89425963;"SPRF-SP";"DEL04-SP";"UOP01-DEL04-SP"
263280;2020-01-17;"sexta-feira";"07:00:00";"TO";153;154,7;"ARAGUAINA";"Falta de Atenção à Condução";"Colisão com objeto estático";"Sem Vítimas";"Pleno dia";"Crescente";"Céu Claro";"Simples";"Reta";"Não";1;0;0;0;1;0;0;1;-7,27973969;-48,27188825;"SPRF-TO";"DEL02-TO";"UOP01-DEL02-TO"
263282;2020-01-17;"sexta-feira";"07:00:00";"RS";386;154,9;"ALMIRANTE TAMANDARE DO SUL";"Desobediência às normas de trânsito pelo condutor";"Colisão frontal";"Com Vítimas Feridas";"Pleno dia";"Crescente";"Céu Claro";"Dupla";"Aclive";"Não";8;0;7;0;0;1;7;3;-28,111137;-52,860538;"SPRF-RS";"DEL08-RS";"UOP01-DEL08-RS"
263284;2020-01-17;"sexta-feira";"06:50:00";"RS";470;169,3;"VILA FLORES";"Falta de Atenção à Condução";"Colisão transversal";"Com Vítimas Fatais";"Pleno dia";"Decrescente";"Céu Claro";"Simples";"Reta";"Sim";2;1;0;0;1;0;0;2;-28,87127096;-51,55072873;"SPRF-RS";"DEL06-RS";"UOP02-DEL06-RS"
263286;2020-01-17;"sexta-feira";"07:20:00";"RS";158;566,2;"SANTANA DO LIVRAMENTO";"Desobediência às normas de trânsito pelo condutor";"Saída de leito carroçável";"Com Vítimas Feridas";"Pleno dia";"Decrescente";"Céu Claro";"Simples";"Reta";"Sim";2;0;2;0;0;0;2;1;-30,87624189;-55,51081469;"SPRF-RS";"DEL11-RS";"UOP01-DEL11-RS"
263287;2020-01-17;"sexta-feira";"07:45:00";"PR";476;130;"CURITIBA";"Defeito Mecânico no Veículo";"Queda de ocupante de veículo";"Com Vítimas Feridas";"Pleno dia";"Decrescente";"Nublado";"Dupla";"Curva";"Sim";1;0;0;1;0;0;1;1;-25,449564;-49,23551;"SPRF-PR";"DEL01-PR";"UOP07-DEL01-PR"
263288;2020-01-17;"sexta-feira";"07:30:00";"SP";116;228;"SAO PAULO";"Velocidade Incompatível";"Colisão lateral";"Com Vítimas Feridas";"Pleno dia";"Crescente";"Céu Claro";"Múltipla";"Reta";"Sim";2;0;1;0;1;0;1;2;-23,50343484;-46,56638712;"SPRF-SP";"DEL01-SP";"UOP01-DEL01-SP"
263289;2020-01-17;"sexta-feira";"07:50:00";"RS";471;156;"SANTA CRUZ DO SUL";"Desobediência às normas de trânsito pelo condutor";"Colisão traseira";"Com Vítimas Feridas";"Pleno dia";"Crescente";"Céu Claro";"Simples";"Declive;Reta";"Não";2;0;0;1;1;0;1;2;-29,82351879;-52,40216732;"SPRF-RS";"DEL02-RS";"UOP02-DEL02-RS"
263290;2020-01-17;"sexta-feira";"08:00:00";"PR";277;345;"GUARAPUAVA";"Falta de Atenção à Condução";"Colisão traseira";"Com Vítimas Feridas";"Pleno dia";"Crescente";"Céu Claro";"Simples";"Reta";"Sim";2;0;1;0;1;0;1;2;-25,33928412;-51,42880296;"SPRF-PR";"DEL03-PR";"UOP01-DEL08-PR"
263291;2020-01-17;"sexta-feira";"05:00:00";"RN";405;10;"MOSSORO";"Desobediência às normas de trânsito pelo condutor";"Saída de leito carroçável";"Sem Vítimas";"Amanhecer";"Crescente";"Céu Claro";"Simples";"Reta";"Não";1;0;0;0;0;1;0;1;-5,198484;-37,44229;"SPRF-RN";"DEL04-RN";"UOP02-DEL04-RN"
263292;2020-01-17;"sexta-feira";"08:10:00";"RS";290;95;"PORTO ALEGRE";"Falta de Atenção à Condução";"Colisão traseira";"Com Vítimas Feridas";"Pleno dia";"Crescente";"Céu Claro";"Múltipla";"Reta";"Sim";2;0;1;0;1;0;1;2;-29,982832;-51,201572;"SPRF-RS";"DEL01-RS";"UOP01-DEL01-RS"
263294;2020-01-17;"sexta-feira";"08:15:00";"PR";158;539;"PATO BRANCO";"Não guardar distância de segurança";"Queda de ocupante de veículo";"Com Vítimas Feridas";"Pleno dia";"Crescente";"Céu Claro";"Simples";"Reta";"Não";1;0;1;0;0;0;1;1;-26,26663317;-52,71008492;"SPRF-PR";"DEL02-PR";"UOP01-DEL02-PR"
263295;2020-01-17;"sexta-feira";"08:00:00";"MG";381;484,8;"BETIM";"Não guardar distância de segurança";"Colisão traseira";"Com Vítimas Feridas";"Pleno dia";"Decrescente";"Chuva";"Dupla";"Reta";"Sim";4;0;3;0;0;1;3;3;-19,95531717;-44,11722196;"SPRF-MG";"DEL01-MG";"UOP03-DEL01-MG"
263297;2020-01-17;"sexta-feira";"08:45:00";"SP";153;61;"SAO JOSE DO RIO PRETO";"Não guardar distância de segurança";"Colisão traseira";"Com Vítimas Feridas";"Pleno dia";"Crescente";"Sol";"Dupla";"Aclive";"Sim";4;0;0;1;3;0;1;2;-20,80502876;-49,35574909;"SPRF-SP";"DEL09-SP";"UOP01-DEL09-SP"
263302;2020-01-17;"sexta-feira";"01:00:00";"RJ";116;170;"SAO JOAO DE MERITI";"Velocidade Incompatível";"Queda de ocupante de veículo";"Com Vítimas Feridas";"Plena Noite";"Crescente";"Céu Claro";"Dupla";"Reta";"Não";1;0;1;0;0;0;1;1;-22,81113183;-43,3336729;"SPRF-RJ";"DEL01-RJ";"UOP02-DEL01-RJ"
263304;2020-01-17;"sexta-feira";"08:50:00";"SP";116;157;"JACAREI";"Defeito Mecânico no Veículo";"Tombamento";"Com Vítimas Feridas";"Pleno dia";"Decrescente";"Garoa/Chuvisco";"Dupla";"Reta";"Sim";2;0;2;0;0;0;2;1;-23,25558031;-45,9437828;"SPRF-SP";"DEL02-SP";"UOP01-DEL02-SP"
263305;2020-01-17;"sexta-feira";"09:00:00";"RN";101;80,2;"NATAL";"Defeito na Via";"Queda de ocupante de veículo";"Com Vítimas Feridas";"Pleno dia";"Decrescente";"Céu Claro";"Dupla";"Reta";"Sim";1;0;1;0;0;0;1;1;-5,75852229;-35,28806121;"SPRF-RN";"DEL02-RN";"UOP01-DEL02-RN"
263306;2020-01-17;"sexta-feira";"09:20:00";"PE";232;7,2;"RECIFE";"Falta de Atenção à Condução";"Colisão traseira";"Com Vítimas Feridas";"Pleno dia";"Decrescente";"Céu Claro";"Dupla";"Reta";"Sim";2;0;1;0;1;0;1;2;-8,09492091;-34,93824005;"SPRF-PE";"DEL01-PE";"UOP01-DEL01-PE"
263307;2020-01-17;"sexta-feira";"08:45:00";"GO";153;586;"PROFESSOR JAMIL";"Falta de Atenção à Condução";"Saída de leito carroçável";"Com Vítimas Feridas";"Pleno dia";"Crescente";"Chuva";"Dupla";"Curva";"Não";2;0;2;0;0;0;2;1;-17,4342;-49,23;"SPRF-GO";"DEL03-GO";"UOP01-DEL03-GO"
263308;2020-01-17;"sexta-feira";"09:30:00";"PR";376;155,7;"MANDAGUACU";"Defeito Mecânico no Veículo";"Tombamento";"Com Vítimas Feridas";"Pleno dia";"Decrescente";"Céu Claro";"Dupla";"Reta";"Sim";2;0;2;0;0;0;2;1;-23,33823175;-52,09944248;"SPRF-PR";"DEL07-PR";"UOP01-DEL09-PR"
263309;2020-01-17;"sexta-feira";"09:50:00";"ES";101;368;"ICONHA";"Agressão Externa";"Capotamento";"Com Vítimas Feridas";"Pleno dia";"Crescente";"Garoa/Chuvisco";"Simples";"Curva";"Não";1;0;1;0;0;0;1;1;-20,753749;-40,75894999;"SPRF-ES";"DEL03-ES";"UOP01-DEL03-ES"
263311;2020-01-17;"sexta-feira";"09:45:00";"SC";101;421,5;"ARARANGUA";"Falta de Atenção à Condução";"Colisão transversal";"Com Vítimas Feridas";"Pleno dia";"Crescente";"Céu Claro";"Simples";"Reta";"Sim";2;0;1;1;0;0;2;2;-29,00048611;-49,5576719;"SPRF-SC";"DEL02-SC";"UOP02-DEL02-SC"
263314;2020-01-17;"sexta-feira";"07:20:00";"PB";104;173,7;"BARRA DE SANTANA";"Falta de Atenção à Condução";"Colisão transversal";"Com Vítimas Feridas";"Pleno dia";"Decrescente";"Céu Claro";"Simples";"Declive";"Não";2;0;1;0;1;0;1;2;-7,60324293;-36,04843316;"SPRF-PB";"DEL02-PB";"UOP03-DEL02-PB"
263317;2020-01-17;"sexta-feira";"09:40:00";"MG";262;381,5;"JUATUBA";"Falta de Atenção à Condução";"Saída de leito carroçável";"Com Vítimas Feridas";"Pleno dia";"Decrescente";"Garoa/Chuvisco";"Dupla";"Curva";"Não";1;0;1;0;0;0;1;1;-19,940622;-44,386969;"SPRF-MG";"DEL01-MG";"UOP03-DEL01-MG"
263318;2020-01-17;"sexta-feira";"00:30:00";"BA";324;571;"SAO SEBASTIAO DO PASSE";"Condutor Dormindo";"Saída de leito carroçável";"Com Vítimas Feridas";"Plena Noite";"Decrescente";"Céu Claro";"Dupla";"Reta;Aclive";"Não";1;0;1;0;0;0;1;1;-12,55142914;-38,57416911;"SPRF-BA";"DEL01-BA";"UOP01-DEL01-BA"
263322;2020-01-17;"sexta-feira";"11:05:00";"BA";324;571,9;"SAO SEBASTIAO DO PASSE";"Falta de Atenção à Condução";"Saída de leito carroçável";"Com Vítimas Feridas";"Pleno dia";"Decrescente";"Sol";"Dupla";"Reta";"Não";5;0;4;0;1;0;4;1;-12,55142914;-38,57416911;"SPRF-BA";"DEL01-BA";"UOP01-DEL01-BA"
263324;2020-01-17;"sexta-feira";"11:00:00";"MG";381;753;"TRES CORACOES";"Falta de Atenção à Condução";"Saída de leito carroçável";"Com Vítimas Feridas";"Pleno dia";"Decrescente";"Chuva";"Dupla";"Curva";"Não";1;0;1;0;0;0;1;1;-21,67856574;-45,34113742;"SPRF-MG";"DEL16-MG";"UOP02-DEL16-MG"
263325;2020-01-17;"sexta-feira";"09:45:00";"PR";116;110,8;"CURITIBA";"Velocidade Incompatível";"Colisão traseira";"Com Vítimas Feridas";"Pleno dia";"Crescente";"Nublado";"Dupla";"Reta;Viaduto";"Sim";6;0;4;1;1;0;5;4;-25,56060145;-49,26379042;"SPRF-PR";"DEL01-PR";"UOP06-DEL01-PR"
263333;2020-01-17;"sexta-feira";"11:30:00";"RS";285;146;"MUITOS CAPOES";"Falta de Atenção à Condução";"Colisão frontal";"Com Vítimas Feridas";"Pleno dia";"Crescente";"Céu Claro";"Simples";"Curva";"Sim";4;0;1;0;3;0;1;2;-28,357988;-51,106682;"SPRF-RS";"DEL05-RS";"UOP03-DEL05-RS"
263334;2020-01-17;"sexta-feira";"11:40:00";"SE";101;68,7;"MARUIM";"Falta de Atenção à Condução";"Colisão transversal";"Com Vítimas Feridas";"Pleno dia";"Decrescente";"Céu Claro";"Simples";"Declive;Reta;Interseção de Vias";"Não";5;0;2;0;3;0;2;3;-10,72640479;-37,0763576;"SPRF-SE";"DEL01-SE";"UOP01-DEL01-SE"
263335;2020-01-17;"sexta-feira";"11:20:00";"SC";101;206;"SAO JOSE";"Falta de Atenção à Condução";"Colisão traseira";"Com Vítimas Feridas";"Pleno dia";"Crescente";"Céu Claro";"Múltipla";"Reta";"Sim";3;0;1;0;2;0;1;3;-27,59193546;-48,61824557;"SPRF-SC";"DEL01-SC";"UOP01-DEL01-SC"
263337;2020-01-17;"sexta-feira";"11:30:00";"PR";116;14,5;"CAMPINA GRANDE DO SUL";"Velocidade Incompatível";"Capotamento";"Com Vítimas Feridas";"Pleno dia";"Decrescente";"Chuva";"Dupla";"Curva";"Não";5;0;1;0;4;0;1;1;-25,09836429;-48,67391969;"SPRF-PR";"DEL01-PR";"UOP02-DEL01-PR"
263340;2020-01-17;"sexta-feira";"11:30:00";"RN";304;222,9;"CAICARA DO RIO DO VENTO";"Defeito Mecânico no Veículo";"Colisão frontal";"Com Vítimas Feridas";"Pleno dia";"Crescente";"Chuva";"Simples";"Reta";"Não";6;0;1;4;1;0;5;3;-5,7588167;-35,9728348;"SPRF-RN";"DEL01-RN";"UOP03-DEL01-RN"
263342;2020-01-17;"sexta-feira";"11:45:00";"MG";40;666,8;"CARANDAI";"Desobediência às normas de trânsito pelo condutor";"Colisão transversal";"Com Vítimas Feridas";"Pleno dia";"Decrescente";"Nublado";"Simples";"Rotatória";"Sim";2;0;1;0;1;0;1;2;-20,94797145;-43,79727158;"SPRF-MG";"DEL05-MG";"UOP02-DEL05-MG"
263343;2020-01-17;"sexta-feira";"11:18:00";"RJ";101;412;"ITAGUAI";"Avarias e/ou desgaste excessivo no pneu";"Capotamento";"Com Vítimas Feridas";"Pleno dia";"Decrescente";"Chuva";"Dupla";"Reta";"Não";2;0;1;0;1;0;1;1;-22,89720365;-43,85639217;"SPRF-RJ";"DEL03-RJ";"UOP01-DEL03-RJ"
263345;2020-01-17;"sexta-feira";"12:20:00";"PE";424;25,2;"PEDRA";"Desobediência às normas de trânsito pelo condutor";"Colisão frontal";"Com Vítimas Fatais";"Pleno dia";"Crescente";"Céu Claro";"Simples";"Reta";"Não";4;1;0;3;0;0;3;2;-8,54767496;-36,90487195;"SPRF-PE";"DEL03-PE";"UOP02-DEL03-PE"
263346;2020-01-17;"sexta-feira";"10:10:00";"RS";290;524,3;"CACEQUI";"Falta de Atenção à Condução";"Capotamento";"Com Vítimas Feridas";"Pleno dia";"Crescente";"Céu Claro";"Simples";"Declive;Reta";"Não";4;0;4;0;0;0;4;1;-30,064606;-55,29261;"SPRF-RS";"DEL11-RS";"UOP02-DEL11-RS"
263351;2020-01-17;"sexta-feira";"13:00:00";"RS";285;468,4;"CORONEL BARROS";"Defeito Mecânico no Veículo";"Colisão com objeto em movimento";"Sem Vítimas";"Pleno dia";"Decrescente";"Sol";"Simples";"Reta";"Não";2;0;0;0;2;0;0;2;-28,38619971;-53,99055004;"SPRF-RS";"DEL10-RS";"UOP01-DEL10-RS"
263352;2020-01-17;"sexta-feira";"13:20:00";"SC";101;202;"SAO JOSE";"Falta de Atenção à Condução";"Colisão lateral";"Com Vítimas Feridas";"Pleno dia";"Decrescente";"Céu Claro";"Múltipla";"Reta";"Sim";2;0;1;0;1;0;1;2;-27,55711595;-48,61897889;"SPRF-SC";"DEL01-SC";"UOP01-DEL01-SC"
263353;2020-01-17;"sexta-feira";"13:20:00";"PI";316;10;"TERESINA";"Falta de Atenção à Condução";"Colisão lateral";"Com Vítimas Feridas";"Pleno dia";"Crescente";"Nublado";"Múltipla";"Reta";"Sim";3;0;2;0;1;0;2;2;-5,18280197;-42,76350291;"SPRF-PI";"DEL01-PI";"UOP02-DEL01-PI"
263354;2020-01-17;"sexta-feira";"10:15:00";"RJ";116;40;"TERESOPOLIS";"Falta de Atenção à Condução";"Colisão transversal";"Com Vítimas Feridas";"Pleno dia";"Crescente";"Sol";"Simples";"Reta";"Sim";3;0;1;0;2;0;1;3;-22,133427;-42,779522;"SPRF-RJ";"DEL06-RJ";"UOP01-DEL05-RJ"
263355;2020-01-17;"sexta-feira";"13:50:00";"RJ";101;473;"ANGRA DOS REIS";"Falta de Atenção à Condução";"Colisão transversal";"Com Vítimas Feridas";"Pleno dia";"Crescente";"Chuva";"Dupla";"Retorno Regulamentado";"Sim";3;0;1;0;2;0;1;2;-22,98960623;-44,24168693;"SPRF-RJ";"DEL03-RJ";"UOP03-DEL03-RJ"
263356;2020-01-17;"sexta-feira";"14:00:00";"GO";60;36,5;"ALEXANIA";"Velocidade Incompatível";"Saída de leito carroçável";"Com Vítimas Feridas";"Pleno dia";"Crescente";"Nublado";"Dupla";"Curva";"Não";1;0;0;1;0;0;1;1;-16,1119;-48,5299;"SPRF-DF";"DEL01-DF";"UOP01-DEL03-DF"
263357;2020-01-17;"sexta-feira";"11:25:00";"RO";364;424,9;"JARU";"Desobediência às normas de trânsito pelo condutor";"Colisão transversal";"Com Vítimas Feridas";"Pleno dia";"Crescente";"Nublado";"Múltipla";"Interseção de Vias";"Sim";3;0;0;1;2;0;1;2;-10,43822481;-62,4705255;"SPRF-RO";"DEL03-RO";"UOP02-DEL03-RO"
263360;2020-01-05;"domingo";"10:00:00";"BA";242;665;"MUQUEM DE SAO FRANCISCO";"Defeito Mecânico no Veículo";"Colisão frontal";"Com Vítimas Feridas";"Pleno dia";"Decrescente";"Nublado";"Simples";"Reta";"Não";7;0;1;1;5;0;2;2;-12,19728967;-43,69035696;"SPRF-BA";"DEL10-BA";"UOP03-DEL06-BA"
263362;2020-01-17;"sexta-feira";"13:30:00";"RS";116;244,8;"SAO LEOPOLDO";"Avarias e/ou desgaste excessivo no pneu";"Colisão com objeto estático";"Sem Vítimas";"Pleno dia";"Decrescente";"Sol";"Simples";"Interseção de Vias";"Sim";1;0;0;0;0;1;0;1;-29,74088003;-51,15039566;"SPRF-RS";"DEL01-RS";"UOP02-DEL01-RS"
263365;2020-01-17;"sexta-feira";"14:40:00";"RS";386;345,2;"LAJEADO";"Desobediência às normas de trânsito pelo condutor";"Colisão transversal";"Com Vítimas Feridas";"Pleno dia";"Decrescente";"Céu Claro";"Simples";"Reta";"Sim";2;0;1;0;1;0;1;2;-29,44416642;-51,98117852;"SPRF-RS";"DEL04-RS";"UOP01-DEL04-RS"
263367;2020-01-17;"sexta-feira";"14:30:00";"MG";381;348;"JOAO MONLEVADE";"Velocidade Incompatível";"Saída de leito carroçável";"Com Vítimas Feridas";"Pleno dia";"Crescente";"Nublado";"Simples";"Curva";"Não";4;0;3;1;0;0;4;1;-19,85243846;-43,14084419;"SPRF-MG";"DEL03-MG";"UOP01-DEL03-MG"
263369;2020-01-17;"sexta-feira";"15:00:00";"PE";101;53;"ABREU E LIMA";"Defeito Mecânico no Veículo";"Colisão transversal";"Com Vítimas Feridas";"Pleno dia";"Decrescente";"Sol";"Múltipla";"Reta";"Sim";3;0;1;2;0;0;3;2;-7,93124094;-34,90068606;"SPRF-PE";"DEL01-PE";"UOP02-DEL01-PE"
263372;2020-01-17;"sexta-feira";"14:00:00";"GO";60;237,7;"INDIARA";"Pista Escorregadia";"Saída de leito carroçável";"Com Vítimas Feridas";"Pleno dia";"Crescente";"Chuva";"Dupla";"Reta";"Não";3;0;3;0;0;0;3;1;-17,087;-49,8474;"SPRF-GO";"DEL01-GO";"UOP02-DEL01-GO"
263373;2020-01-17;"sexta-feira";"08:00:00";"PA";222;242;"MARABA";"Falta de Atenção à Condução";"Colisão transversal";"Com Vítimas Feridas";"Pleno dia";"Crescente";"Céu Claro";"Simples";"Reta";"Sim";2;0;1;0;1;0;1;2;-5,331903;-49,085217;"SPRF-PA";"DEL03-PA";"UOP01-DEL03-PA"
263376;2020-01-17;"sexta-feira";"14:30:00";"RJ";101;413;"ITAGUAI";"Pista Escorregadia";"Engavetamento";"Sem Vítimas";"Pleno dia";"Decrescente";"Chuva";"Dupla";"Reta";"Sim";3;0;0;0;3;0;0;3;-22,89931896;-43,865293;"SPRF-RJ";"DEL03-RJ";"UOP01-DEL03-RJ"
263379;2020-01-17;"sexta-feira";"15:05:00";"RJ";116;195,6;"QUEIMADOS";"Falta de Atenção à Condução";"Atropelamento de Pedestre";"Com Vítimas Fatais";"Pleno dia";"Crescente";"Nublado";"Dupla";"Reta";"Não";2;1;0;0;0;1;0;2;-22,73573614;-43,54749701;"SPRF-RJ";"DEL01-RJ";"UOP02-DEL01-RJ"
263382;2020-01-17;"sexta-feira";"16:00:00";"PE";232;178,2;"BELO JARDIM";"Falta de Atenção do Pedestre";"Atropelamento de Pedestre";"Com Vítimas Feridas";"Pleno dia";"Decrescente";"Céu Claro";"Simples";"Reta";"Sim";3;0;0;1;2;0;1;2;-8,347448;-36,411818;"SPRF-PE";"DEL02-PE";"UOP03-DEL02-PE"
263384;2020-01-17;"sexta-feira";"16:00:00";"RN";101;131,1;"SAO JOSE DE MIPIBU";"Falta de Atenção à Condução";"Saída de leito carroçável";"Com Vítimas Feridas";"Pleno dia";"Crescente";"Chuva";"Dupla";"Curva";"Não";2;0;1;1;0;0;2;1;-6,11942871;-35,22935423;"SPRF-RN";"DEL01-RN";"UOP01-DEL01-RN"
263385;2020-01-17;"sexta-feira";"15:00:00";"MT";163;658,7;"LUCAS DO RIO VERDE";"Defeito Mecânico no Veículo";"Incêndio";"Sem Vítimas";"Pleno dia";"Crescente";"Céu Claro";"Simples";"Reta";"Não";1;0;0;0;1;0;0;1;-13,41492404;-56,0820391;"SPRF-MT";"DEL06-MT";"UOP01-DEL06-MT"