"id";"data_inversa";"dia_semana";"horario";"uf";"br";"km";"municipio";"causa_acidente";"tipo_acidente";"classificacao_acidente";"fase_dia";"sentido_via";"condicao_metereologica";"tipo_pista";"tracado_via";"uso_solo";"pessoas";"mortos";"feridos_leves";"feridos_graves";"ilesos";"ignorados";"feridos";"veiculos";"latitude";"longitude";"regional";"delegacia";"uop"
263506;2020-01-18;"sábado";"05:45:00";"MG";381;895,1;"CAMBUI";"Falta de Atenção à Condução";"Capotamento";"Com Vítimas Feridas";"Pleno dia";"Crescente";"Nublado";"Dupla";"Curva";"Não";3;0;3;0;0;0;3;1;-22,62324893;-46,07503911;"SPRF-MG";"DEL16-MG";"UOP03-DEL16-MG"
263510;2020-01-18;"sábado";"05:20:00";"PR";376;179,3;"MARINGA";"Ingestão de Álcool";"Colisão com objeto estático";"Com Vítimas Feridas";"Amanhecer";"Decrescente";"Céu Claro";"Múltipla";"Reta";"Sim";1;0;1;0;0;0;1;1;-23,42049678;-51,90925241;"SPRF-PR";"DEL07-PR";"UOP01-DEL09-PR"
263511;2020-01-18;"sábado";"03:15:00";"MG";381;486,5;"BETIM";"Falta de Atenção à Condução";"Colisão com objeto estático";"Sem Vítimas";"Plena Noite";"Decrescente";"Céu Claro";"Simples";"Reta;Declive";"Não";1;0;0;0;1;0;0;1;-19,95644414;-44,13611598;"SPRF-MG";"DEL01-MG";"UOP03-DEL01-MG"
263512;2020-01-18;"sábado";"05:50:00";"MA";316;558;"CAXIAS";"Animais na Pista";"Atropelamento de Animal";"Com Vítimas Feridas";"Pleno dia";"Decrescente";"Céu Claro";"Simples";"Reta";"Não";2;0;0;2;0;0;2;1;-4,885954;-43,301353;"SPRF-MA";"DEL03-MA";"UOP02-DEL03-MA"
263513;2020-01-18;"sábado";"05:45:00";"MG";381;856;"POUSO ALEGRE";"Condutor Dormindo";"Saída de leito carroçável";"Com Vítimas Feridas";"Amanhecer";"Decrescente";"Céu Claro";"Dupla";"Reta";"Não";1;0;1;0;0;0;1;1;-22,32871415;-45,91398482;"SPRF-MG";"DEL16-MG";"UOP01-DEL16-MG"
263514;2020-01-18;"sábado";"05:00:00";"PR";369;51;"BANDEIRANTES";"Falta de Atenção à Condução";"Saída de leito carroçável";"Com Vítimas Feridas";"Plena Noite";"Decrescente";"Céu Claro";"Simples";"Curva";"Não";2;0;2;0;0;0;2;1;-23,10379292;-50,35765886;"SPRF-PR";"DEL07-PR";"UOP05-DEL07-PR"
263515;2020-01-18;"sábado";"03:30:00";"PR";467;77,2;"TOLEDO";"Velocidade Incompatível";"Colisão traseira";"Com Vítimas Feridas";"Plena Noite";"Crescente";"Céu Claro";"Dupla";"Interseção de Vias";"Não";2;0;0;1;0;1;1;2;-24,76279777;-53,69304034;"SPRF-PR";"DEL04-PR";"UOP01-DEL04-PR"
263516;2020-01-18;"sábado";"06:50:00";"SP";381;75,8;"SAO PAULO";"Velocidade Incompatível";"Capotamento";"Com Vítimas Feridas";"Pleno dia";"Decrescente";"Garoa/Chuvisco";"Dupla";"Curva";"Não";2;0;1;0;1;0;1;1;-23,37208014;-46,55700294;"SPRF-SP";"DEL03-SP";"UOP01-DEL03-SP"
263518;2020-01-18;"sábado";"06:40:00";"MG";262;367;"JUATUBA";"Falta de Atenção à Condução";"Tombamento";"Com Vítimas Feridas";"Pleno dia";"Decrescente";"Nublado";"Dupla";"Reta";"Não";1;0;1;0;0;0;1;1;-19,97391261;-44,27096197;"SPRF-MG";"DEL01-MG";"UOP03-DEL01-MG"
263519;2020-01-18;"sábado";"05:40:00";"SC";470;158,4;"TROMBUDO CENTRAL";"Condutor Dormindo";"Colisão traseira";"Com Vítimas Feridas";"Pleno dia";"Crescente";"Céu Claro";"Simples";"Reta";"Não";3;0;1;0;2;0;1;2;-27,287016;-49,778389;"SPRF-SC";"DEL04-SC";"UOP02-DEL04-SC"
263520;2020-01-18;"sábado";"07:34:00";"RS";101;14,3;"DOM PEDRO DE ALCANTARA";"Condutor Dormindo";"Saída de leito carroçável";"Com Vítimas Feridas";"Pleno dia";"Crescente";"Céu Claro";"Dupla";"Reta";"Não";3;0;3;0;0;0;3;1;-29,39862947;-49,85083421;"SPRF-RS";"DEL03-RS";"UOP02-DEL03-RS"
263521;2020-01-18;"sábado";"07:10:00";"PR";116;18;"CAMPINA GRANDE DO SUL";"Velocidade Incompatível";"Colisão com objeto estático";"Com Vítimas Feridas";"Pleno dia";"Crescente";"Garoa/Chuvisco";"Dupla";"Curva";"Não";3;0;1;0;2;0;1;1;-25,1090021;-48,78762245;"SPRF-PR";"DEL01-PR";"UOP02-DEL01-PR"
263522;2020-01-18;"sábado";"05:20:00";"RO";364;19,9;"VILHENA";"Desobediência às normas de trânsito pelo condutor";"Colisão traseira";"Com Vítimas Feridas";"Pleno dia";"Crescente";"Céu Claro";"Simples";"Reta";"Não";2;0;1;0;1;0;1;2;-12,72739955;-60,18370888;"SPRF-RO";"DEL04-RO";"UOP01-DEL04-RO"
263523;2020-01-18;"sábado";"07:30:00";"PR";116;120;"CURITIBA";"Defeito Mecânico no Veículo";"Queda de ocupante de veículo";"Com Vítimas Feridas";"Pleno dia";"Crescente";"Garoa/Chuvisco";"Dupla";"Reta";"Sim";2;0;2;0;0;0;2;1;-25,55122256;-49,30503748;"SPRF-PR";"DEL01-PR";"UOP03-DEL01-PR"
263524;2020-01-18;"sábado";"06:50:00";"MA";135;18;"SAO LUIS";"Pista Escorregadia";"Saída de leito carroçável";"Com Vítimas Feridas";"Amanhecer";"Crescente";"Nublado";"Dupla";"Rotatória";"Não";1;0;1;0;0;0;1;1;-2,71719899;-44,32099307;"SPRF-MA";"DEL01-MA";"UOP01-DEL01-MA"
263525;2020-01-18;"sábado";"07:30:00";"SP";153;57;"SAO JOSE DO RIO PRETO";"Desobediência às normas de trânsito pelo condutor";"Colisão lateral";"Com Vítimas Feridas";"Pleno dia";"Crescente";"Sol";"Simples";"Aclive;Em Obras";"Não";3;0;1;0;0;2;1;3;-20,76991095;-49,34982212;"SPRF-SP";"DEL09-SP";"UOP01-DEL09-SP"
263526;2020-01-18;"sábado";"04:30:00";"PR";476;124;"CURITIBA";"Falta de Atenção à Condução";"Colisão com objeto estático";"Sem Vítimas";"Amanhecer";"Decrescente";"Nublado";"Dupla";"Reta";"Sim";1;0;0;0;0;1;0;1;-25,399845;-49,215855;"SPRF-PR";"DEL01-PR";"UOP07-DEL01-PR"
263527;2020-01-18;"sábado";"06:40:00";"PA";316;22;"BENEVIDES";"Falta de Atenção à Condução";"Colisão traseira";"Com Vítimas Feridas";"Pleno dia";"Crescente";"Céu Claro";"Dupla";"Reta";"Sim";3;0;2;0;1;0;2;2;-1,3534463;-48,2570266;"SPRF-PA";"DEL01-PA";"UOP01-DEL01-PA"
263528;2020-01-18;"sábado";"07:20:00";"DF";70;2;"BRASILIA";"Velocidade Incompatível";"Capotamento";"Sem Vítimas";"Amanhecer";"Crescente";"Céu Claro";"Dupla";"Reta";"Sim";1;0;0;0;0;1;0;1;-15,798048;-48,073235;"SPRF-DF";"DEL01-DF";"UOP02-DEL03-DF"
263530;2020-01-18;"sábado";"08:15:00";"PE";428;150,9;"PETROLINA";"Ingestão de Álcool";"Colisão lateral";"Com Vítimas Feridas";"Pleno dia";"Decrescente";"Céu Claro";"Simples";"Reta";"Não";3;0;1;0;2;0;1;2;-9,06996896;-40,31132806;"SPRF-PE";"DEL06-PE";"UOP01-DEL06-PE"
263531;2020-01-18;"sábado";"01:35:00";"MG";116;192,8;"CARAI";"Falta de Atenção à Condução";"Colisão com objeto estático";"Com Vítimas Feridas";"Plena Noite";"Decrescente";"Ignorado";"Simples";"Ponte";"Sim";4;0;4;0;0;0;4;1;-17,17971924;-41,49345216;"SPRF-MG";"DEL11-MG";"UOP01-DEL11-MG"
263532;2020-01-18;"sábado";"07:57:00";"PB";230;23,9;"JOAO PESSOA";"Avarias e/ou desgaste excessivo no pneu";"Queda de ocupante de veículo";"Com Vítimas Feridas";"Pleno dia";"Decrescente";"Nublado";"Dupla";"Reta";"Sim";1;0;1;0;0;0;1;1;-7,1562;-34,8574;"SPRF-PB";"DEL01-PB";"UOP01-DEL01-PB"
263533;2020-01-18;"sábado";"08:10:00";"SC";101;208,1;"SAO JOSE";"Velocidade Incompatível";"Colisão traseira";"Com Vítimas Feridas";"Pleno dia";"Decrescente";"Céu Claro";"Múltipla";"Reta";"Sim";2;0;1;0;1;0;1;2;-27,60327979;-48,63201818;"SPRF-SC";"DEL01-SC";"UOP01-DEL01-SC"
263534;2020-01-18;"sábado";"08:40:00";"TO";153;447;"BARROLANDIA";"Desobediência às normas de trânsito pelo condutor";"Tombamento";"Com Vítimas Feridas";"Pleno dia";"Crescente";"Sol";"Simples";"Reta";"Não";2;0;2;0;0;0;2;1;-9,79957988;-48,71715924;"SPRF-TO";"DEL02-TO";"UOP01-DEL01-TO"
263535;2020-01-18;"sábado";"08:40:00";"SC";101;236;"PALHOCA";"Falta de Atenção à Condução";"Colisão com objeto estático";"Com Vítimas Feridas";"Pleno dia";"Crescente";"Céu Claro";"Dupla";"Curva";"Não";2;0;2;0;0;0;2;1;-27,82629382;-48,63034842;"SPRF-SC";"DEL01-SC";"UOP02-DEL01-SC"
263536;2020-01-18;"sábado";"07:15:00";"PR";116;123;"CURITIBA";"Falta de Atenção à Condução";"Saída de leito carroçável";"Sem Vítimas";"Pleno dia";"Crescente";"Garoa/Chuvisco";"Dupla";"Reta";"Sim";1;0;0;0;0;1;0;1;-25,61567932;-49,31788445;"SPRF-PR";"DEL01-PR";"UOP03-DEL01-PR"
263537;2020-01-18;"sábado";"08:30:00";"SC";101;148;"ITAPEMA";"Desobediência às normas de trânsito pelo condutor";"Colisão transversal";"Com Vítimas Feridas";"Pleno dia";"Crescente";"Nublado";"Simples";"Interseção de Vias";"Sim";2;0;1;0;1;0;1;2;-27,10123686;-48,61807962;"SPRF-SC";"DEL04-SC";"UOP03-DEL04-SC"
263539;2020-01-18;"sábado";"07:00:00";"BA";324;595;"CANDEIAS";"Falta de Atenção à Condução";"Saída de leito carroçável";"Com Vítimas Feridas";"Pleno dia";"Decrescente";"Nublado";"Dupla";"Reta";"Não";4;0;1;0;3;0;1;1;-12,71235341;-38,45524557;"SPRF-BA";"DEL01-BA";"UOP01-DEL01-BA"
263540;2020-01-18;"sábado";"07:32:00";"MT";364;399;"CUIABA";"Velocidade Incompatível";"Tombamento";"Com Vítimas Feridas";"Pleno dia";"Decrescente";"Céu Claro";"Dupla";"Curva";"Sim";2;0;1;0;1;0;1;1;-15,67919104;-55,92995102;"SPRF-MT";"DEL02-MT";"UOP02-DEL01-MT"
263541;2020-01-18;"sábado";"03:15:00";"PI";135;312;"CRISTINO CASTRO";"Ingestão de Álcool";"Saída de leito carroçável";"Com Vítimas Fatais";"Plena Noite";"Decrescente";"Céu Claro";"Simples";"Curva";"Não";2;1;1;0;0;0;1;1;-8,78128495;-44,19547702;"SPRF-PI";"DEL03-PI";"UOP02-DEL03-PI"
263542;2020-01-07;"terça-feira";"06:45:00";"SP";381;89;"SAO PAULO";"Falta de Atenção à Condução";"Tombamento";"Com Vítimas Feridas";"Pleno dia";"Crescente";"Ignorado";"Múltipla";"Reta";"Não";1;0;1;0;0;0;1;1;-23,49504979;-46,55953116;"SPRF-SP";"DEL03-SP";"UOP01-DEL03-SP"
263544;2020-01-18;"sábado";"07:15:00";"SC";282;18;"PALHOCA";"Ingestão de Álcool";"Saída de leito carroçável";"Com Vítimas Feridas";"Pleno dia";"Crescente";"Céu Claro";"Simples";"Reta";"Sim";2;0;2;0;0;0;2;1;-27,672798;-48,694286;"SPRF-SC";"DEL01-SC";"UOP02-DEL01-SC"
263546;2020-01-18;"sábado";"06:45:00";"RO";364;711,6;"PORTO VELHO";"Ingestão de Substâncias Psicoativas";"Colisão lateral";"Com Vítimas Feridas";"Pleno dia";"Crescente";"Céu Claro";"Dupla";"Reta";"Sim";2;0;2;0;0;0;2;2;-8,78153947;-63,86531369;"SPRF-RO";"DEL01-RO";"UOP01-DEL01-RO"
263547;2020-01-18;"sábado";"09:40:00";"SP";153;70;"SAO JOSE DO RIO PRETO";"Defeito Mecânico no Veículo";"Tombamento";"Com Vítimas Feridas";"Pleno dia";"Crescente";"Céu Claro";"Dupla";"Reta";"Sim";2;0;2;0;0;0;2;1;-20,85197874;-49,40070263;"SPRF-SP";"DEL09-SP";"UOP01-DEL09-SP"
263549;2020-01-18;"sábado";"09:10:00";"GO";60;116,8;"TEREZOPOLIS DE GOIAS";"Velocidade Incompatível";"Saída de leito carroçável";"Com Vítimas Feridas";"Pleno dia";"Crescente";"Sol";"Dupla";"Declive;Reta";"Não";2;0;1;0;1;0;1;1;-16,4732;-49,0789;"SPRF-GO";"DEL01-GO";"UOP01-DEL01-GO"
263550;2020-01-18;"sábado";"10:20:00";"DF";20;16;"BRASILIA";"Objeto estático sobre o leito carroçável";"Colisão com objeto estático";"Com Vítimas Feridas";"Pleno dia";"Decrescente";"Céu Claro";"Dupla";"Declive";"Não";2;0;0;1;1;0;1;2;-15,625675;-47,725159;"SPRF-DF";"DEL02-DF";"UOP01-DEL02-DF"
263551;2020-01-18;"sábado";"10:10:00";"PI";343;316,7;"ALTOS";"Não guardar distância de segurança";"Colisão traseira";"Com Vítimas Feridas";"Pleno dia";"Decrescente";"Nublado";"Simples";"Reta";"Não";2;0;1;0;1;0;1;2;-5,046231;-42,535843;"SPRF-PI";"DEL01-PI";"UOP01-DEL01-PI"
263552;2020-01-15;"quarta-feira";"08:40:00";"RJ";116;165;"RIO DE JANEIRO";"Falta de Atenção à Condução";"Colisão transversal";"Com Vítimas Feridas";"Pleno dia";"Crescente";"Céu Claro";"Múltipla";"Reta";"Não";2;0;1;0;0;1;1;2;-22,81548519;-43,29087405;"SPRF-RJ";"DEL01-RJ";"UOP02-DEL01-RJ"
263555;2020-01-18;"sábado";"09:45:00";"MS";163;615;"SAO GABRIEL DO OESTE";"Falta de Atenção à Condução";"Colisão lateral";"Com Vítimas Feridas";"Pleno dia";"Crescente";"Céu Claro";"Simples";"Reta";"Sim";2;0;1;0;1;0;1;2;-19,39850778;-54,56579964;"SPRF-MS";"DEL06-MS";"UOP02-DEL06-MS"
263557;2020-01-18;"sábado";"11:15:00";"SC";101;204;"SAO JOSE";"Não guardar distância de segurança";"Colisão lateral";"Com Vítimas Feridas";"Pleno dia";"Decrescente";"Nublado";"Dupla";"Reta";"Não";2;0;0;1;1;0;1;2;-27,57413014;-48,61363083;"SPRF-SC";"DEL01-SC";"UOP01-DEL01-SC"
263558;2020-01-18;"sábado";"06:40:00";"MG";116;139,4;"PONTO DOS VOLANTES";"Desobediência às normas de trânsito pelo condutor";"Colisão transversal";"Com Vítimas Feridas";"Pleno dia";"Crescente";"Céu Claro";"Simples";"Reta";"Não";4;0;0;1;3;0;1;2;-16,76218173;-41,49232577;"SPRF-MG";"DEL11-MG";"UOP02-DEL11-MG"
263562;2020-01-18;"sábado";"11:20:00";"PB";230;154,5;"CAMPINA GRANDE";"Desobediência às normas de trânsito pelo condutor";"Colisão lateral";"Com Vítimas Feridas";"Pleno dia";"Decrescente";"Céu Claro";"Simples";"Reta";"Sim";2;0;0;1;1;0;1;2;-7,2777;-35,8985;"SPRF-PB";"DEL02-PB";"UOP01-DEL02-PB"
263563;2020-01-18;"sábado";"11:45:00";"PR";369;149;"LONDRINA";"Desobediência às normas de trânsito pelo condutor";"Colisão transversal";"Com Vítimas Feridas";"Pleno dia";"Crescente";"Sol";"Dupla";"Interseção de Vias";"Sim";5;0;1;0;3;1;1;3;-23,29236977;-51,15380287;"SPRF-PR";"DEL07-PR";"UOP01-DEL07-PR"
263564;2020-01-18;"sábado";"11:50:00";"PE";407;125,5;"PETROLINA";"Falta de Atenção à Condução";"Colisão traseira";"Com Vítimas Feridas";"Pleno dia";"Decrescente";"Céu Claro";"Dupla";"Reta";"Sim";2;0;0;1;1;0;1;2;-9,38410621;-40,52875942;"SPRF-PE";"DEL06-PE";"UOP01-DEL06-PE"
263565;2020-01-18;"sábado";"12:00:00";"PE";232;410,7;"SERRA TALHADA";"Falta de Atenção à Condução";"Colisão transversal";"Com Vítimas Feridas";"Pleno dia";"Crescente";"Sol";"Simples";"Reta";"Sim";2;0;0;1;1;0;1;2;-7,98261841;-38,30039606;"SPRF-PE";"DEL04-PE";"UOP01-DEL04-PE"
263566;2020-01-18;"sábado";"12:10:00";"PE";408;96,5;"SAO LOURENCO DA MATA";"Falta de Atenção à Condução";"Colisão traseira";"Com Vítimas Feridas";"Pleno dia";"Crescente";"Céu Claro";"Dupla";"Aclive;Reta";"Não";2;0;1;0;0;1;1;2;-8,02062;-35,041045;"SPRF-PE";"DEL01-PE";"UOP01-DEL01-PE"
263568;2020-01-18;"sábado";"12:30:00";"SP";116;446;"REGISTRO";"Pista Escorregadia";"Queda de ocupante de veículo";"Com Vítimas Feridas";"Pleno dia";"Decrescente";"Céu Claro";"Simples";"Viaduto;Curva;Aclive";"Sim";1;0;1;0;0;0;1;1;-24,50467087;-47,84772743;"SPRF-SP";"DEL05-SP";"UOP01-DEL05-SP"
263573;2020-01-18;"sábado";"12:20:00";"PR";277;593,9;"CASCAVEL";"Não guardar distância de segurança";"Colisão traseira";"Com Vítimas Feridas";"Pleno dia";"Crescente";"Sol";"Simples";"Reta";"Não";2;0;1;0;1;0;1;2;-24,98082053;-53,48254989;"SPRF-PR";"DEL04-PR";"UOP01-DEL04-PR"
263574;2020-01-18;"sábado";"12:50:00";"SC";101;213,8;"PALHOCA";"Falta de Atenção à Condução";"Colisão lateral";"Com Vítimas Feridas";"Pleno dia";"Decrescente";"Nublado";"Dupla";"Interseção de Vias";"Sim";2;0;1;0;1;0;1;2;-27,63697369;-48,66514142;"SPRF-SC";"DEL01-SC";"UOP02-DEL01-SC"
263575;2020-01-18;"sábado";"13:20:00";"SC";101;124,2;"ITAJAI";"Falta de Atenção à Condução";"Colisão lateral";"Com Vítimas Feridas";"Pleno dia";"Crescente";"Nublado";"Dupla";"Reta";"Sim";2;0;1;0;1;0;1;2;-26,94335064;-48,69198648;"SPRF-SC";"DEL04-SC";"UOP04-DEL04-SC"
263576;2020-01-18;"sábado";"12:30:00";"PI";343;10;"PARNAIBA";"Falta de Atenção à Condução";"Colisão transversal";"Com Vítimas Feridas";"Pleno dia";"Crescente";"Sol";"Simples";"Reta";"Sim";5;0;3;2;0;0;5;2;-2,90187;-41,74131;"SPRF-PI";"DEL05-PI";"UOP01-DEL05-PI"
263577;2020-01-18;"sábado";"13:15:00";"PE";232;107,1;"BEZERROS";"Defeito Mecânico no Veículo";"Colisão com objeto estático";"Com Vítimas Feridas";"Pleno dia";"Decrescente";"Sol";"Dupla";"Reta";"Não";4;0;3;0;1;0;3;1;-8,26839017;-35,79746685;"SPRF-PE";"DEL02-PE";"UOP03-DEL02-PE"
263579;2020-01-18;"sábado";"13:15:00";"DF";40;5;"BRASILIA";"Falta de Atenção à Condução";"Colisão traseira";"Com Vítimas Feridas";"Pleno dia";"Decrescente";"Céu Claro";"Dupla";"Reta";"Não";6;0;0;1;5;0;1;2;-16,020903;-47,980541;"SPRF-DF";"DEL01-DF";"UOP01-DEL01-DF"
263581;2020-01-18;"sábado";"13:10:00";"RS";290;45,3;"GLORINHA";"Falta de Atenção à Condução";"Colisão lateral";"Com Vítimas Feridas";"Pleno dia";"Decrescente";"Céu Claro";"Dupla";"Reta";"Não";7;0;3;0;4;0;3;2;-29,890198;-50,709991;"SPRF-RS";"DEL03-RS";"UOP01-DEL03-RS"
263585;2020-01-18;"sábado";"12:15:00";"SC";282;210,2;"LAGES";"Falta de Atenção à Condução";"Colisão frontal";"Com Vítimas Fatais";"Pleno dia";"Decrescente";"Sol";"Simples";"Reta";"Não";6;1;4;0;1;0;4;2;-27,778582;-50,231815;"SPRF-SC";"DEL05-SC";"UOP01-DEL05-SC"
263586;2020-01-18;"sábado";"14:30:00";"SP";116;215;"GUARULHOS";"Velocidade Incompatível";"Colisão com objeto estático";"Com Vítimas Feridas";"Pleno dia";"Decrescente";"Nublado";"Múltipla";"Reta";"Sim";1;0;1;0;0;0;1;1;-23,44695693;-46,45394103;"SPRF-SP";"DEL01-SP";"UOP01-DEL01-SP"
263587;2020-01-18;"sábado";"14:30:00";"RS";290;49,8;"GLORINHA";"Defeito Mecânico no Veículo";"Tombamento";"Com Vítimas Feridas";"Pleno dia";"Decrescente";"Céu Claro";"Dupla";"Reta";"Não";2;0;2;0;0;0;2;1;-29,902617;-50,748444;"SPRF-RS";"DEL03-RS";"UOP01-DEL03-RS"
263588;2020-01-18;"sábado";"14:40:00";"PR";153;335;"IRATI";"Ingestão de Álcool";"Colisão traseira";"Com Vítimas Feridas";"Pleno dia";"Crescente";"Céu Claro";"Simples";"Reta";"Sim";2;0;1;0;1;0;1;2;-25,48894141;-50,64508883;"SPRF-PR";"DEL03-PR";"UOP02-DEL08-PR"
263589;2020-01-18;"sábado";"12:00:00";"MG";262;46,3;"MANHUACU";"Falta de Atenção à Condução";"Colisão traseira";"Com Vítimas Fatais";"Pleno dia";"Crescente";"Nublado";"Simples";"Reta";"Não";8;1;1;0;1;5;1;3;-20,26333304;-42,10566505;"SPRF-MG";"DEL06-MG";"UOP03-DEL06-MG"
263592;2020-01-18;"sábado";"13:00:00";"RJ";101;298;"SAO GONCALO";"Defeito na Via";"Tombamento";"Com Vítimas Feridas";"Pleno dia";"Decrescente";"Nublado";"Dupla";"Reta";"Não";2;0;2;0;0;0;2;1;-22,7714;-42,92896;"SPRF-RJ";"DEL02-RJ";"UOP02-DEL02-RJ"
263593;2020-01-18;"sábado";"15:00:00";"BA";116;425;"FEIRA DE SANTANA";"Desobediência às normas de trânsito pelo condutor";"Colisão lateral";"Com Vítimas Feridas";"Pleno dia";"Crescente";"Sol";"Simples";"Reta";"Sim";3;0;1;0;2;0;1;2;-12,23736613;-38,97999588;"SPRF-BA";"DEL02-BA";"UOP01-DEL02-BA"
263594;2020-01-18;"sábado";"15:20:00";"MA";10;260,3;"IMPERATRIZ";"Não guardar distância de segurança";"Colisão traseira";"Com Vítimas Feridas";"Pleno dia";"Decrescente";"Chuva";"Simples";"Reta";"Não";2;0;0;1;1;0;1;2;-5,463405;-47,472332;"SPRF-MA";"DEL04-MA";"UOP01-DEL04-MA"
263597;2020-01-18;"sábado";"15:05:00";"PR";116;52,5;"CAMPINA GRANDE DO SUL";"Falta de Atenção à Condução";"Saída de leito carroçável";"Com Vítimas Feridas";"Pleno dia";"Crescente";"Nublado";"Dupla";"Reta";"Não";1;0;1;0;0;0;1;1;-25,24905809;-48,90839593;"SPRF-PR";"DEL01-PR";"UOP02-DEL01-PR"
263598;2020-01-18;"sábado";"15:35:00";"CE";20;422,1;"MARACANAU";"Desobediência às normas de trânsito pelo condutor";"Colisão lateral";"Sem Vítimas";"Pleno dia";"Crescente";"Garoa/Chuvisco";"Dupla";"Reta";"Não";2;0;0;0;2;0;0;2;-3,852163;-38,561617;"SPRF-CE";"DEL01-CE";"UOP02-DEL01-CE"
263600;2020-01-18;"sábado";"14:30:00";"RJ";116;176;"NOVA IGUACU";"Falta de Atenção à Condução";"Engavetamento";"Com Vítimas Feridas";"Pleno dia";"Crescente";"Nublado";"Múltipla";"Reta";"Não";5;0;1;0;4;0;1;5;-22,7839538;-43,38195488;"SPRF-RJ";"DEL01-RJ";"UOP02-DEL01-RJ"
263601;2020-01-18;"sábado";"15:00:00";"SC";101;134;"BALNEARIO CAMBORIU";"Não guardar distância de segurança";"Engavetamento";"Com Vítimas Feridas";"Pleno dia";"Crescente";"Nublado";"Dupla";"Reta";"Sim";4;0;1;0;3;0;1;3;-27,00218;-48,636433;"SPRF-SC";"DEL04-SC";"UOP03-DEL04-SC"
263602;2020-01-18;"sábado";"15:20:00";"MG";381;917,5;"CAMANDUCAIA";"Falta de Atenção à Condução";"Colisão traseira";"Com Vítimas Feridas";"Pleno dia";"Crescente";"Céu Claro";"Dupla";"Reta";"Não";2;0;1;0;1;0;1;2;-22,76700121;-46,17875277;"SPRF-MG";"DEL16-MG";"UOP03-DEL16-MG"
263603;2020-01-18;"sábado";"15:00:00";"MG";262;755,5;"SACRAMENTO";"Desobediência às normas de trânsito pelo condutor";"Colisão transversal";"Com Vítimas Feridas";"Pleno dia";"Crescente";"Nublado";"Simples";"Interseção de Vias";"Não";6;0;5;1;0;0;6;2;-19,65377333;-47,5548499;"SPRF-MG";"DEL13-MG";"UOP01-DEL13-MG"
263604;2020-01-18;"sábado";"14:50:00";"RS";470;174,7;"VERANOPOLIS";"Ingestão de Álcool";"Capotamento";"Sem Vítimas";"Pleno dia";"Crescente";"Céu Claro";"Simples";"Reta";"Sim";1;0;0;0;1;0;0;1;-28,90964993;-51,54526793;"SPRF-RS";"DEL06-RS";"UOP02-DEL06-RS"
263607;2020-01-18;"sábado";"16:10:00";"PR";277;1,3;"PARANAGUA";"Falta de Atenção à Condução";"Colisão transversal";"Com Vítimas Feridas";"Pleno dia";"Crescente";"Nublado";"Dupla";"Rotatória";"Sim";2;0;1;0;1;0;1;2;-25,55359262;-48,5533905;"SPRF-PR";"DEL01-PR";"UOP05-DEL01-PR"
263608;2020-01-18;"sábado";"16:15:00";"PE";232;410,7;"SERRA TALHADA";"Restrição de Visibilidade";"Colisão transversal";"Com Vítimas Feridas";"Pleno dia";"Crescente";"Nublado";"Simples";"Curva";"Sim";2;0;2;0;0;0;2;2;-7,98273772;-38,30123663;"SPRF-PE";"DEL04-PE";"UOP01-DEL04-PE"
263610;2020-01-18;"sábado";"16:30:00";"SE";101;152;"ESTANCIA";"Desobediência às normas de trânsito pelo condutor";"Colisão transversal";"Com Vítimas Feridas";"Pleno dia";"Crescente";"Céu Claro";"Simples";"Reta";"Sim";7;0;2;2;2;1;4;3;-11,270024;-37,444016;"SPRF-SE";"DEL02-SE";"UOP01-DEL02-SE"
263612;2020-01-17;"sexta-feira";"14:30:00";"CE";222;10,5;"CAUCAIA";"Velocidade Incompatível";"Saída de leito carroçável";"Sem Vítimas";"Pleno dia";"Crescente";"Céu Claro";"Simples";"Reta";"Não";1;0;0;0;0;1;0;1;-3,73444471;-38,73904489;"SPRF-CE";"DEL01-CE";"UOP01-DEL01-CE"
263613;2020-01-18;"sábado";"17:00:00";"GO";153;498,2;"GOIANIA";"Ingestão de Álcool";"Colisão traseira";"Com Vítimas Fatais";"Pleno dia";"Decrescente";"Chuva";"Dupla";"Declive;Reta";"Sim";8;1;2;2;1;2;4;3;-16,6939;-49,2321;"SPRF-GO";"DEL01-GO";"UOP01-DEL01-GO"
263614;2020-01-18;"sábado";"09:10:00";"MG";116;704,6;"MURIAE";"Falta de Atenção à Condução";"Colisão lateral";"Com Vítimas Feridas";"Pleno dia";"Decrescente";"Nublado";"Simples";"Interseção de Vias";"Sim";2;0;2;0;0;0;2;2;-21,13416858;-42,38722798;"SPRF-MG";"DEL07-MG";"UOP02-DEL07-MG"
263615;2020-01-18;"sábado";"17:25:00";"PE";407;129;"PETROLINA";"Falta de Atenção à Condução";"Colisão lateral";"Com Vítimas Feridas";"Pleno dia";"Crescente";"Céu Claro";"Dupla";"Curva";"Sim";3;0;2;0;1;0;2;2;-9,39958299;-40,50459298;"SPRF-PE";"DEL06-PE";"UOP01-DEL06-PE"
263616;2020-01-18;"sábado";"17:10:00";"RJ";116;172;"MESQUITA";"Defeito Mecânico no Veículo";"Incêndio";"Sem Vítimas";"Pleno dia";"Decrescente";"Sol";"Múltipla";"Reta";"Sim";1;0;0;0;1;0;0;1;-22,77269939;-43,40572178;"SPRF-RJ";"DEL01-RJ";"UOP02-DEL01-RJ"
263618;2020-01-18;"sábado";"17:15:00";"PB";101;89,8;"JOAO PESSOA";"Falta de Atenção à Condução";"Colisão transversal";"Com Vítimas Feridas";"Pleno dia";"Decrescente";"Nublado";"Dupla";"Retorno Regulamentado";"Sim";2;0;1;0;1;0;1;2;-7,17825459;-34,89965916;"SPRF-PB";"DEL01-PB";"UOP01-DEL01-PB"