"id";"data_inversa";"dia_semana";"horario";"uf";"br";"km";"municipio";"causa_acidente";"tipo_acidente";"classificacao_acidente";"fase_dia";"sentido_via";"condicao_metereologica";"tipo_pista";"tracado_via";"uso_solo";"pessoas";"mortos";"feridos_leves";"feridos_graves";"ilesos";"ignorados";"feridos";"veiculos";"latitude";"longitude";"regional";"delegacia";"uop"
263621;2020-01-18;"sábado";"15:50:00";"RO";364;711;"PORTO VELHO";"Falta de Atenção à Condução";"Colisão transversal";"Com Vítimas Feridas";"Pleno dia";"Crescente";"Sol";"Dupla";"Reta";"Sim";2;0;1;0;1;0;1;2;-8,78153947;-63,86531369;"SPRF-RO";"DEL01-RO";"UOP01-DEL01-RO"
263622;2020-01-18;"sábado";"17:55:00";"PE";232;186,2;"BELO JARDIM";"Desobediência às normas de trânsito pelo condutor";"Colisão transversal";"Com Vítimas Feridas";"Plena Noite";"Decrescente";"Céu Claro";"Simples";"Reta";"Não";4;0;1;0;2;1;1;2;-8,35289635;-36,48256297;"SPRF-PE";"DEL02-PE";"UOP03-DEL02-PE"
263623;2020-01-18;"sábado";"17:50:00";"PR";116;134;"FAZENDA RIO GRANDE";"Falta de Atenção à Condução";"Colisão transversal";"Com Vítimas Feridas";"Pleno dia";"Crescente";"Nublado";"Dupla";"Interseção de Vias;Reta";"Sim";3;0;0;2;1;0;2;2;-25,71176491;-49,31941867;"SPRF-PR";"DEL01-PR";"UOP03-DEL01-PR"
263626;2020-01-18;"sábado";"18:00:00";"PE";232;133;"CARUARU";"Ingestão de Álcool";"Saída de leito carroçável";"Com Vítimas Feridas";"Anoitecer";"Crescente";"Céu Claro";"Dupla";"Reta";"Sim";1;0;1;0;0;0;1;1;-8,30607988;-36,01576003;"SPRF-PE";"DEL02-PE";"UOP03-DEL02-PE"
263628;2020-01-18;"sábado";"17:00:00";"MS";262;302;"CAMPO GRANDE";"Defeito Mecânico no Veículo";"Incêndio";"Sem Vítimas";"Pleno dia";"Decrescente";"Céu Claro";"Simples";"Reta";"Não";2;0;0;0;2;0;0;1;-20,49529406;-54,31266099;"SPRF-MS";"DEL01-MS";"UOP01-DEL01-MS"
263632;2020-01-18;"sábado";"18:45:00";"RS";116;269;"CANOAS";"Desobediência às normas de trânsito pelo condutor";"Colisão transversal";"Com Vítimas Feridas";"Pleno dia";"Decrescente";"Sol";"Múltipla";"Interseção de Vias";"Sim";2;0;2;0;0;0;2;2;-29,95942501;-51,17608515;"SPRF-RS";"DEL01-RS";"UOP01-DEL01-RS"
263635;2020-01-18;"sábado";"18:50:00";"GO";60;252;"INDIARA";"Ingestão de Álcool";"Colisão traseira";"Com Vítimas Feridas";"Plena Noite";"Decrescente";"Chuva";"Dupla";"Reta";"Sim";2;0;1;1;0;0;2;2;-17,1299;-49,9774;"SPRF-GO";"DEL01-GO";"UOP02-DEL01-GO"
263637;2020-01-18;"sábado";"17:30:00";"ES";482;71;"JERONIMO MONTEIRO";"Falta de Atenção à Condução";"Colisão lateral";"Com Vítimas Feridas";"Amanhecer";"Crescente";"Céu Claro";"Simples";"Reta";"Não";1;0;0;1;0;0;1;1;-20,79081412;-41,38810603;"SPRF-ES";"DEL03-ES";"UOP02-DEL03-ES"
263638;2020-01-18;"sábado";"18:00:00";"ES";259;65,9;"COLATINA";"Desobediência às normas de trânsito pelo condutor";"Colisão frontal";"Com Vítimas Feridas";"Anoitecer";"Decrescente";"Céu Claro";"Simples";"Reta";"Não";2;0;2;0;0;0;2;2;-19,51944313;-40,71585905;"SPRF-ES";"DEL02-ES";"UOP01-DEL02-ES"
263639;2020-01-18;"sábado";"17:45:00";"RJ";40;101;"DUQUE DE CAXIAS";"Pista Escorregadia";"Saída de leito carroçável";"Sem Vítimas";"Anoitecer";"Crescente";"Garoa/Chuvisco";"Múltipla";"Curva";"Sim";1;0;0;0;0;1;0;1;-22,60865814;-43,28651017;"SPRF-RJ";"DEL01-RJ";"UOP01-DEL01-RJ"
263640;2020-01-11;"sábado";"06:10:00";"MS";262;632,4;"MIRANDA";"Defeito na Via";"Saída de leito carroçável";"Com Vítimas Feridas";"Pleno dia";"Decrescente";"Céu Claro";"Simples";"Reta";"Não";5;0;5;0;0;0;5;1;-19,85030786;-56,88840768;"SPRF-MS";"DEL03-MS";"UOP02-DEL03-MS"
263641;2020-01-18;"sábado";"18:15:00";"RS";290;617;"ALEGRETE";"Velocidade Incompatível";"Colisão traseira";"Sem Vítimas";"Pleno dia";"Decrescente";"Céu Claro";"Simples";"Reta";"Não";4;0;0;0;3;1;0;3;-29,949842;-56,108097;"SPRF-RS";"DEL13-RS";"UOP02-DEL13-RS"
263642;2020-01-18;"sábado";"18:00:00";"PA";10;7;"DOM ELISEU";"Desobediência às normas de trânsito pelo condutor";"Saída de leito carroçável";"Com Vítimas Fatais";"Plena Noite";"Crescente";"Nublado";"Simples";"Reta";"Não";2;1;1;0;0;0;1;1;-4,38439306;-47,53529121;"SPRF-PA";"DEL02-PA";"UOP02-DEL02-PA"
263643;2020-01-18;"sábado";"19:30:00";"MG";40;738,2;"SANTOS DUMONT";"Falta de Atenção do Pedestre";"Atropelamento de Pedestre";"Com Vítimas Fatais";"Plena Noite";"Crescente";"Nublado";"Simples";"Reta";"Sim";6;1;0;0;5;0;0;2;-21,38880304;-43,56910622;"SPRF-MG";"DEL05-MG";"UOP01-DEL05-MG"
263644;2020-01-18;"sábado";"19:40:00";"BA";324;518;"FEIRA DE SANTANA";"Restrição de Visibilidade";"Atropelamento de Pedestre";"Com Vítimas Feridas";"Plena Noite";"Decrescente";"Céu Claro";"Simples";"Reta";"Sim";2;0;1;0;0;1;1;2;-12,26862688;-38,93403817;"SPRF-BA";"DEL02-BA";"UOP01-DEL02-BA"
263645;2020-01-18;"sábado";"19:20:00";"DF";70;15;"BRASILIA";"Condutor Dormindo";"Saída de leito carroçável";"Com Vítimas Feridas";"Anoitecer";"Decrescente";"Nublado";"Dupla";"Reta";"Sim";1;0;1;0;0;0;1;1;-15,798888;-48,185043;"SPRF-DF";"DEL01-DF";"UOP02-DEL03-DF"
263646;2020-01-18;"sábado";"17:30:00";"PI";135;391;"REDENCAO DO GURGUEIA";"Falta de Atenção à Condução";"Saída de leito carroçável";"Com Vítimas Feridas";"Anoitecer";"Decrescente";"Céu Claro";"Simples";"Reta";"Não";4;0;2;0;2;0;2;1;-9,34664601;-44,543875;"SPRF-PI";"DEL03-PI";"UOP02-DEL03-PI"
263647;2020-01-18;"sábado";"17:05:00";"PR";116;10,9;"COLOMBO";"Falta de Atenção à Condução";"Queda de ocupante de veículo";"Com Vítimas Feridas";"Pleno dia";"Decrescente";"Nublado";"Dupla";"Reta";"Não";2;0;2;0;0;0;2;1;-25,3719;-49,134;"SPRF-PR";"DEL01-PR";"UOP01-DEL01-PR"
263648;2020-01-18;"sábado";"18:10:00";"SC";101;448,6;"SANTA ROSA DO SUL";"Falta de Atenção à Condução";"Colisão transversal";"Com Vítimas Feridas";"Anoitecer";"Decrescente";"Nublado";"Simples";"Viaduto";"Sim";3;0;1;0;2;0;1;2;-29,15898991;-49,73540906;"SPRF-SC";"DEL02-SC";"UOP02-DEL02-SC"
263649;2020-01-18;"sábado";"20:20:00";"SC";282;18;"PALHOCA";"Falta de Atenção à Condução";"Colisão com objeto estático";"Sem Vítimas";"Plena Noite";"Crescente";"Céu Claro";"Simples";"Reta";"Sim";1;0;0;0;1;0;0;1;-27,672798;-48,694286;"SPRF-SC";"DEL01-SC";"UOP02-DEL01-SC"
263652;2020-01-18;"sábado";"17:00:00";"RS";290;266,4;"CACHOEIRA DO SUL";"Falta de Atenção à Condução";"Engavetamento";"Com Vítimas Feridas";"Pleno dia";"Decrescente";"Sol";"Simples";"Reta";"Não";5;0;1;0;3;1;1;4;-30,268398;-52,885914;"SPRF-RS";"DEL02-RS";"UOP02-DEL02-RS"
263653;2020-01-18;"sábado";"17:10:00";"MS";158;114;"APARECIDA DO TABOADO";"Falta de Atenção à Condução";"Colisão com objeto estático";"Com Vítimas Feridas";"Anoitecer";"Crescente";"Céu Claro";"Simples";"Ponte";"Não";4;0;3;1;0;0;4;1;-19,81893285;-51,11532482;"SPRF-MS";"DEL08-MS";"UOP01-DEL08-MS"
263654;2020-01-18;"sábado";"20:10:00";"ES";101;97;"JAGUARE";"Falta de Atenção à Condução";"Atropelamento de Animal";"Com Vítimas Feridas";"Plena Noite";"Crescente";"Céu Claro";"Simples";"Reta";"Não";1;0;1;0;0;0;1;1;-18,95545999;-39,98367103;"SPRF-ES";"DEL04-ES";"UOP02-DEL04-ES"
263655;2020-01-18;"sábado";"20:45:00";"PR";277;347,3;"GUARAPUAVA";"Falta de Atenção à Condução";"Colisão traseira";"Com Vítimas Feridas";"Plena Noite";"Decrescente";"Céu Claro";"Simples";"Reta";"Sim";4;0;1;2;0;1;3;2;-25,33928412;-51,42880296;"SPRF-PR";"DEL03-PR";"UOP01-DEL08-PR"
263656;2020-01-18;"sábado";"20:32:00";"PA";163;993;"SANTAREM";"Falta de Atenção à Condução";"Tombamento";"Com Vítimas Feridas";"Plena Noite";"Decrescente";"Céu Claro";"Simples";"Reta";"Não";2;0;2;0;0;0;2;1;-2,529841;-54,722595;"SPRF-PA";"DEL05-PA";"UOP01-DEL05-PA"
263657;2020-01-18;"sábado";"18:30:00";"PR";116;201,9;"RIO NEGRO";"Defeito Mecânico no Veículo";"Saída de leito carroçável";"Com Vítimas Feridas";"Pleno dia";"Decrescente";"Céu Claro";"Simples";"Reta";"Sim";1;0;1;0;0;0;1;1;-26,03963788;-49,69595704;"SPRF-SC";"DEL06-SC";"UOP01-DEL06-SC"
263658;2020-01-15;"quarta-feira";"06:00:00";"SC";470;97;"APIUNA";"Ingestão de Álcool";"Colisão com objeto estático";"Sem Vítimas";"Pleno dia";"Crescente";"Céu Claro";"Simples";"Reta";"Não";1;0;0;0;0;1;0;1;-27,026621;-49,378124;"SPRF-SC";"DEL04-SC";"UOP01-DEL04-SC"
263659;2020-01-18;"sábado";"18:45:00";"PR";277;37;"MORRETES";"Falta de Atenção à Condução";"Colisão com objeto estático";"Com Vítimas Feridas";"Plena Noite";"Decrescente";"Nublado";"Dupla";"Declive";"Não";1;0;1;0;0;0;1;1;-25,56011566;-48,81439895;"SPRF-PR";"DEL01-PR";"UOP05-DEL01-PR"
263660;2020-01-18;"sábado";"14:20:00";"SC";116;209,8;"PONTE ALTA";"Ingestão de Álcool";"Colisão traseira";"Com Vítimas Feridas";"Pleno dia";"Crescente";"Sol";"Simples";"Reta";"Não";5;0;3;0;2;0;3;3;-27,49607258;-50,37005465;"SPRF-SC";"DEL05-SC";"UOP03-DEL05-SC"
263661;2020-01-18;"sábado";"20:30:00";"MG";381;483,7;"BETIM";"Velocidade Incompatível";"Colisão traseira";"Com Vítimas Feridas";"Plena Noite";"Crescente";"Céu Claro";"Dupla";"Reta";"Não";4;0;0;1;2;1;1;4;-19,95956339;-44,08424087;"SPRF-MG";"DEL01-MG";"UOP03-DEL01-MG"
263662;2020-01-18;"sábado";"20:50:00";"SE";235;45;"ITABAIANA";"Ingestão de Álcool";"Colisão lateral";"Com Vítimas Feridas";"Plena Noite";"Decrescente";"Céu Claro";"Simples";"Reta";"Não";2;0;1;0;1;0;1;2;-10,746924;-37,399899;"SPRF-SE";"DEL01-SE";"UOP02-DEL01-SE"
263663;2020-01-18;"sábado";"20:50:00";"AL";316;101;"DOIS RIACHOS";"Animais na Pista";"Capotamento";"Com Vítimas Feridas";"Plena Noite";"Crescente";"Céu Claro";"Simples";"Reta";"Não";1;0;1;0;0;0;1;1;-9,38872751;-37,10697097;"SPRF-AL";"DEL03-AL";"UOP02-DEL03-AL"
263664;2020-01-18;"sábado";"15:00:00";"GO";364;244;"JATAI";"Agressão Externa";"Saída de leito carroçável";"Com Vítimas Feridas";"Pleno dia";"Crescente";"Sol";"Simples";"Reta";"Não";1;0;1;0;0;0;1;1;-17,762192;-52,113304;"SPRF-GO";"DEL05-GO";"UOP01-DEL05-GO"
263666;2020-01-18;"sábado";"19:50:00";"AM";174;966;"PRESIDENTE FIGUEIREDO";"Falta de Atenção à Condução";"Saída de leito carroçável";"Com Vítimas Feridas";"Plena Noite";"Crescente";"Nublado";"Simples";"Curva";"Não";1;0;1;0;0;0;1;1;-2,16036133;-60,00457764;"SPRF-AM";"DEL01-AM";"UOP02-DEL01-AM"
263667;2020-01-18;"sábado";"21:00:00";"RS";392;61,8;"PELOTAS";"Defeito na Via";"Queda de ocupante de veículo";"Com Vítimas Feridas";"Plena Noite";"Decrescente";"Céu Claro";"Dupla";"Reta";"Não";1;0;1;0;0;0;1;1;-31,78636127;-52,3528092;"SPRF-RS";"DEL07-RS";"UOP01-DEL07-RS"
263668;2020-01-18;"sábado";"19:35:00";"MS";163;251,7;"DOURADOS";"Falta de Atenção à Condução";"Colisão traseira";"Com Vítimas Feridas";"Plena Noite";"Crescente";"Céu Claro";"Simples";"Reta";"Sim";3;0;1;0;2;0;1;2;-22,29722201;-54,82106134;"SPRF-MS";"DEL04-MS";"UOP01-DEL04-MS"
263669;2020-01-18;"sábado";"10:30:00";"MT";163;551;"DIAMANTINO";"Falta de Atenção à Condução";"Queda de ocupante de veículo";"Com Vítimas Feridas";"Pleno dia";"Crescente";"Céu Claro";"Simples";"Reta";"Não";2;0;2;0;0;0;2;1;-14,30008609;-56,1429591;"SPRF-MT";"DEL01-MT";"UOP01-DEL01-MT"
263670;2020-01-18;"sábado";"21:30:00";"GO";40;115,2;"CRISTALINA";"Condutor Dormindo";"Capotamento";"Com Vítimas Feridas";"Plena Noite";"Decrescente";"Nublado";"Dupla";"Curva";"Não";1;0;1;0;0;0;1;1;-16,849173;-47,467226;"SPRF-DF";"DEL01-DF";"UOP02-DEL01-DF"
263672;2020-01-18;"sábado";"21:45:00";"RN";101;102;"NATAL";"Ingestão de Álcool";"Colisão lateral";"Sem Vítimas";"Plena Noite";"Crescente";"Céu Claro";"Simples";"Reta";"Sim";2;0;0;0;2;0;0;2;-5,89034022;-35,24894996;"SPRF-RN";"DEL01-RN";"UOP01-DEL01-RN"
263675;2020-01-18;"sábado";"21:50:00";"PR";369;161;"CAMBE";"Falta de Atenção à Condução";"Colisão traseira";"Com Vítimas Feridas";"Plena Noite";"Decrescente";"Céu Claro";"Dupla";"Reta";"Não";2;0;1;0;1;0;1;1;-23,29116198;-51,26493216;"SPRF-PR";"DEL07-PR";"UOP01-DEL07-PR"
263676;2020-01-18;"sábado";"21:15:00";"RO";364;708,3;"PORTO VELHO";"Falta de Atenção à Condução";"Colisão com objeto estático";"Sem Vítimas";"Plena Noite";"Decrescente";"Céu Claro";"Dupla";"Reta";"Não";1;0;0;0;1;0;0;1;-8,79554083;-63,84072487;"SPRF-RO";"DEL01-RO";"UOP01-DEL01-RO"
263677;2020-01-18;"sábado";"22:45:00";"TO";153;2;"XAMBIOA";"Falta de Atenção à Condução";"Capotamento";"Com Vítimas Feridas";"Plena Noite";"Decrescente";"Nublado";"Simples";"Interseção de Vias;Rotatória;Reta";"Sim";2;0;2;0;0;0;2;1;-6,424306;-48,536186;"SPRF-TO";"DEL02-TO";"UOP01-DEL02-TO"
263678;2020-01-18;"sábado";"21:40:00";"RJ";40;123;"DUQUE DE CAXIAS";"Avarias e/ou desgaste excessivo no pneu";"Tombamento";"Com Vítimas Feridas";"Plena Noite";"Crescente";"Chuva";"Múltipla";"Curva";"Sim";1;0;1;0;0;0;1;1;-22,79907687;-43,29015739;"SPRF-RJ";"DEL01-RJ";"UOP01-DEL01-RJ"
263679;2020-01-18;"sábado";"22:00:00";"RS";290;153,2;"NOVA PRATA";"Ingestão de Álcool";"Colisão transversal";"Com Vítimas Feridas";"Plena Noite";"Decrescente";"Céu Claro";"Simples";"Reta";"Não";6;0;0;2;4;0;2;2;-28,75959988;-51,62679803;"SPRF-RS";"DEL02-RS";"UOP01-DEL02-RS"
263680;2020-01-18;"sábado";"21:35:00";"RO";364;14,5;"VILHENA";"Desobediência às normas de trânsito pelo condutor";"Colisão transversal";"Com Vítimas Feridas";"Plena Noite";"Crescente";"Céu Claro";"Dupla";"Reta";"Sim";2;0;1;0;1;0;1;2;-12,73898138;-60,13911417;"SPRF-RO";"DEL04-RO";"UOP01-DEL04-RO"
263681;2020-01-18;"sábado";"22:10:00";"PR";376;544;"PALMEIRA";"Falta de Atenção à Condução";"Queda de ocupante de veículo";"Com Vítimas Feridas";"Plena Noite";"Crescente";"Nublado";"Dupla";"Reta";"Não";1;0;1;0;0;0;1;1;-25,44000098;-49,74991895;"SPRF-PR";"DEL01-PR";"UOP06-DEL01-PR"
263683;2020-01-18;"sábado";"22:15:00";"RJ";393;233;"VASSOURAS";"Falta de Atenção à Condução";"Colisão frontal";"Com Vítimas Feridas";"Plena Noite";"Decrescente";"Nublado";"Simples";"Declive;Interseção de Vias";"Sim";2;0;2;0;0;0;2;2;-22,36949002;-43,61881999;"SPRF-RJ";"DEL05-RJ";"UOP03-DEL05-RJ"
263686;2020-01-18;"sábado";"23:40:00";"SE";101;184;"UMBAUBA";"Animais na Pista";"Atropelamento de Animal";"Com Vítimas Feridas";"Plena Noite";"Crescente";"Céu Claro";"Simples";"Declive";"Não";4;0;0;3;0;1;3;2;-11,3869269;-37,66865876;"SPRF-SE";"DEL02-SE";"UOP03-DEL02-SE"
263687;2020-01-18;"sábado";"15:50:00";"GO";40;17,5;"LUZIANIA";"Velocidade Incompatível";"Saída de leito carroçável";"Com Vítimas Feridas";"Pleno dia";"Decrescente";"Céu Claro";"Dupla";"Curva";"Não";2;0;2;0;0;0;2;1;-16,18487;-47,928641;"SPRF-DF";"DEL01-DF";"UOP01-DEL01-DF"
263688;2020-01-18;"sábado";"21:30:00";"SC";470;138;"RIO DO SUL";"Velocidade Incompatível";"Colisão com objeto estático";"Sem Vítimas";"Plena Noite";"Crescente";"Céu Claro";"Simples";"Reta";"Sim";1;0;0;0;0;1;0;1;-27,207214;-49,648476;"SPRF-SC";"DEL04-SC";"UOP02-DEL04-SC"
263689;2020-01-18;"sábado";"21:00:00";"SC";470;138,8;"RIO DO SUL";"Velocidade Incompatível";"Tombamento";"Sem Vítimas";"Plena Noite";"Decrescente";"Céu Claro";"Simples";"Reta";"Sim";1;0;0;0;0;1;0;1;-27,207214;-49,648476;"SPRF-SC";"DEL04-SC";"UOP02-DEL04-SC"
263690;2020-01-19;"domingo";"00:25:00";"PE";101;61,2;"RECIFE";"Ingestão de Álcool";"Atropelamento de Pedestre";"Com Vítimas Fatais";"Plena Noite";"Crescente";"Nublado";"Dupla";"Reta";"Sim";2;1;0;0;1;0;0;2;-7,99097103;-34,93598295;"SPRF-PE";"DEL01-PE";"UOP02-DEL01-PE"
263691;2020-01-19;"domingo";"00:05:00";"CE";222;8,8;"CAUCAIA";"Falta de Atenção à Condução";"Colisão transversal";"Com Vítimas Feridas";"Plena Noite";"Crescente";"Céu Claro";"Simples";"Reta";"Sim";2;0;1;0;1;0;1;2;-3,736507;-38,65337;"SPRF-CE";"DEL01-CE";"UOP01-DEL01-CE"
263694;2020-01-19;"domingo";"00:40:00";"MG";381;939,8;"EXTREMA";"Desobediência às normas de trânsito pelo condutor";"Colisão frontal";"Com Vítimas Fatais";"Plena Noite";"Crescente";"Céu Claro";"Dupla";"Reta";"Não";3;1;1;1;0;0;2;2;-22,84701434;-46,33321175;"SPRF-MG";"DEL16-MG";"UOP03-DEL16-MG"
263697;2020-01-18;"sábado";"23:25:00";"SP";116;476;"JACUPIRANGA";"Falta de Atenção à Condução";"Saída de leito carroçável";"Sem Vítimas";"Plena Noite";"Crescente";"Céu Claro";"Dupla";"Reta";"Não";1;0;0;0;1;0;0;1;-24,6928255;-47,99567352;"SPRF-SP";"DEL05-SP";"UOP01-DEL05-SP"
263698;2020-01-19;"domingo";"01:10:00";"SE";101;183,3;"UMBAUBA";"Animais na Pista";"Colisão com objeto estático";"Com Vítimas Feridas";"Plena Noite";"Crescente";"Céu Claro";"Simples";"Declive";"Não";1;0;0;1;0;0;1;1;-11,38418203;-37,66679764;"SPRF-SE";"DEL02-SE";"UOP03-DEL02-SE"
263699;2020-01-19;"domingo";"00:45:00";"RJ";40;102;"DUQUE DE CAXIAS";"Restrição de Visibilidade";"Colisão lateral";"Com Vítimas Feridas";"Plena Noite";"Crescente";"Céu Claro";"Simples";"Declive";"Não";3;0;3;0;0;0;3;2;-22,61089297;-43,28656077;"SPRF-RJ";"DEL01-RJ";"UOP01-DEL01-RJ"
263700;2020-01-18;"sábado";"23:30:00";"SC";280;224,9;"TRES BARRAS";"Ingestão de Álcool";"Saída de leito carroçável";"Com Vítimas Feridas";"Plena Noite";"Crescente";"Céu Claro";"Simples";"Reta";"Não";1;0;0;1;0;0;1;1;-26,17657438;-50,30719042;"SPRF-SC";"DEL06-SC";"UOP04-DEL06-SC"
263701;2020-01-19;"domingo";"01:10:00";"DF";20;21;"BRASILIA";"Ingestão de Álcool";"Colisão transversal";"Com Vítimas Feridas";"Plena Noite";"Crescente";"Céu Claro";"Dupla";"Reta";"Sim";2;0;1;0;1;0;1;2;-15,603384;-47,684692;"SPRF-DF";"DEL02-DF";"UOP01-DEL02-DF"
263702;2020-01-19;"domingo";"00:40:00";"MG";40;444,6;"PARAOPEBA";"Condutor Dormindo";"Colisão com objeto estático";"Com Vítimas Feridas";"Plena Noite";"Decrescente";"Nublado";"Dupla";"Curva";"Não";2;0;2;0;0;0;2;1;-19,28815;-44,392;"SPRF-MG";"DEL02-MG";"UOP01-DEL02-MG"
263703;2020-01-19;"domingo";"00:40:00";"SC";470;133,2;"RIO DO SUL";"Falta de Atenção à Condução";"Colisão transversal";"Com Vítimas Fatais";"Plena Noite";"Crescente";"Céu Claro";"Simples";"Reta";"Sim";2;1;0;0;1;0;0;2;-27,174187;-49,588497;"SPRF-SC";"DEL04-SC";"UOP02-DEL04-SC"
263704;2020-01-19;"domingo";"00:10:00";"TO";153;146;"ARAGUAINA";"Falta de Atenção à Condução";"Tombamento";"Com Vítimas Feridas";"Plena Noite";"Crescente";"Céu Claro";"Dupla";"Reta";"Sim";1;0;1;0;0;0;1;1;-7,21337786;-48,24431331;"SPRF-TO";"DEL02-TO";"UOP01-DEL02-TO"
263705;2020-01-19;"domingo";"01:10:00";"SP";101;39,8;"UBATUBA";"Falta de Atenção à Condução";"Colisão com objeto estático";"Com Vítimas Feridas";"Plena Noite";"Decrescente";"Nublado";"Simples";"Reta";"Não";4;0;3;0;1;0;3;1;-23,41344764;-45,03342032;"SPRF-SP";"DEL06-SP";"UOP01-DEL06-SP"
263706;2020-01-19;"domingo";"00:10:00";"PE";232;251,5;"ARCOVERDE";"Ingestão de Álcool";"Colisão lateral";"Sem Vítimas";"Plena Noite";"Decrescente";"Vento";"Simples";"Reta";"Sim";2;0;0;0;2;0;0;2;-8,429241;-37,060127;"SPRF-PE";"DEL03-PE";"UOP02-DEL03-PE"
263707;2020-01-19;"domingo";"01:44:00";"SP";116;201;"ARUJA";"Falta de Atenção à Condução";"Colisão traseira";"Com Vítimas Feridas";"Plena Noite";"Crescente";"Nublado";"Dupla";"Declive";"Sim";5;0;2;0;3;0;2;2;-23,40362877;-46,33050107;"SPRF-SP";"DEL01-SP";"UOP01-DEL01-SP"
263708;2020-01-19;"domingo";"01:15:00";"PR";476;141;"CURITIBA";"Ingestão de Álcool";"Capotamento";"Sem Vítimas";"Plena Noite";"Crescente";"Céu Claro";"Dupla";"Reta";"Sim";1;0;0;0;1;0;0;1;-25,528614;-49,298798;"SPRF-PR";"DEL01-PR";"UOP03-DEL01-PR"
263709;2020-01-18;"sábado";"23:10:00";"RS";285;124,1;"VACARIA";"Falta de Atenção à Condução";"Colisão lateral";"Com Vítimas Feridas";"Plena Noite";"Crescente";"Céu Claro";"Simples";"Reta";"Sim";2;0;1;0;0;1;1;2;-28,491489;-50,955837;"SPRF-RS";"DEL05-RS";"UOP03-DEL05-RS"
263710;2020-01-19;"domingo";"00:10:00";"MT";70;728;"CACERES";"Objeto estático sobre o leito carroçável";"Queda de ocupante de veículo";"Com Vítimas Feridas";"Plena Noite";"Decrescente";"Céu Claro";"Simples";"Reta";"Não";1;0;1;0;0;0;1;1;-16,16906177;-57,60941461;"SPRF-MT";"DEL03-MT";"UOP01-DEL03-MT"
263711;2020-01-19;"domingo";"01:20:00";"GO";153;700;"ITUMBIARA";"Falta de Atenção do Pedestre";"Atropelamento de Pedestre";"Com Vítimas Feridas";"Plena Noite";"Crescente";"Céu Claro";"Dupla";"Reta";"Sim";2;0;0;1;1;0;1;2;-18,3945;-49,2051;"SPRF-GO";"DEL03-GO";"UOP02-DEL03-GO"
263712;2020-01-19;"domingo";"00:23:00";"MG";116;518,2;"UBAPORANGA";"Ingestão de Álcool";"Colisão frontal";"Com Vítimas Feridas";"Plena Noite";"Decrescente";"Nublado";"Simples";"Reta";"Não";7;0;4;2;1;0;6;3;-19,71038379;-42,12370706;"SPRF-MG";"DEL06-MG";"UOP02-DEL06-MG"
263716;2020-01-18;"sábado";"22:30:00";"SC";280;20,6;"BALNEARIO BARRA DO SUL";"Falta de Atenção à Condução";"Colisão transversal";"Com Vítimas Feridas";"Plena Noite";"Crescente";"Chuva";"Simples";"Interseção de Vias";"Não";4;0;3;0;1;0;3;2;-26,36990477;-48,68224301;"SPRF-SC";"DEL03-SC";"UOP03-DEL03-SC"
263718;2020-01-19;"domingo";"00:40:00";"SP";116;269,5;"TABOAO DA SERRA";"Desobediência às normas de trânsito pelo condutor";"Colisão transversal";"Sem Vítimas";"Plena Noite";"Decrescente";"Nublado";"Dupla";"Interseção de Vias;Reta";"Sim";4;0;0;0;4;0;0;2;-23,60886545;-46,75753984;"SPRF-SP";"DEL04-SP";"UOP01-DEL04-SP"
263719;2020-01-19;"domingo";"03:30:00";"RJ";40;52,7;"PETROPOLIS";"Velocidade Incompatível";"Capotamento";"Com Vítimas Feridas";"Plena Noite";"Decrescente";"Ignorado";"Dupla";"Curva";"Não";4;0;3;0;1;0;3;1;-22,33571319;-43,13320403;"SPRF-RJ";"DEL06-RJ";"UOP02-DEL05-RJ"
263721;2020-01-19;"domingo";"02:50:00";"RJ";101;509;"ANGRA DOS REIS";"Velocidade Incompatível";"Saída de leito carroçável";"Sem Vítimas";"Plena Noite";"Crescente";"Nublado";"Simples";"Curva";"Sim";1;0;0;0;1;0;0;1;-22,944515;-44,431107;"SPRF-RJ";"DEL03-RJ";"UOP02-DEL03-RJ"
263724;2020-01-19;"domingo";"03:00:00";"PE";423;111,5;"PARANATAMA";"Ingestão de Álcool";"Colisão transversal";"Com Vítimas Feridas";"Plena Noite";"Crescente";"Céu Claro";"Simples";"Aclive";"Não";2;0;1;0;1;0;1;2;-8,89303549;-36,61653287;"SPRF-PE";"DEL03-PE";"UOP01-DEL03-PE"
263725;2020-01-19;"domingo";"04:40:00";"RS";290;58;"GLORINHA";"Condutor Dormindo";"Saída de leito carroçável";"Com Vítimas Feridas";"Amanhecer";"Crescente";"Céu Claro";"Dupla";"Reta";"Não";2;0;1;0;1;0;1;1;-29,920788;-50,838261;"SPRF-RS";"DEL03-RS";"UOP01-DEL03-RS"
263726;2020-01-19;"domingo";"03:50:00";"GO";60;62,8;"ABADIANIA";"Falta de Atenção à Condução";"Saída de leito carroçável";"Com Vítimas Feridas";"Plena Noite";"Crescente";"Céu Claro";"Dupla";"Curva";"Não";1;0;1;0;0;0;1;1;-16,20082812;-48,73638153;"SPRF-GO";"DEL02-GO";"UOP01-DEL02-GO"
263727;2020-01-19;"domingo";"04:00:00";"BA";101;115;"ALAGOINHAS";"Animais na Pista";"Atropelamento de Animal";"Com Vítimas Feridas";"Plena Noite";"Crescente";"Céu Claro";"Simples";"Reta";"Não";2;0;1;0;1;0;1;1;-12,15321792;-38,52079102;"SPRF-BA";"DEL01-BA";"UOP04-DEL01-BA"