"id";"data_inversa";"dia_semana";"horario";"uf";"br";"km";"municipio";"causa_acidente";"tipo_acidente";"classificacao_acidente";"fase_dia";"sentido_via";"condicao_metereologica";"tipo_pista";"tracado_via";"uso_solo";"pessoas";"mortos";"feridos_leves";"feridos_graves";"ilesos";"ignorados";"feridos";"veiculos";"latitude";"longitude";"regional";"delegacia";"uop"
263843;2020-01-19;"domingo";"16:45:00";"CE";304;6,3;"BEBERIBE";"Falta de Atenção à Condução";"Saída de leito carroçável";"Com Vítimas Feridas";"Pleno dia";"Decrescente";"Céu Claro";"Simples";"Reta";"Não";2;0;0;1;0;1;1;2;-4,58898067;-38,15750498;"SPRF-CE";"DEL03-CE";"UOP03-DEL03-CE"
263844;2020-01-19;"domingo";"17:50:00";"SP";116;106;"TAUBATE";"Velocidade Incompatível";"Colisão traseira";"Com Vítimas Feridas";"Anoitecer";"Crescente";"Chuva";"Dupla";"Reta";"Sim";3;0;0;2;1;0;2;2;-23,01250593;-45,52256005;"SPRF-SP";"DEL06-SP";"UOP01-DEL06-SP"
263845;2020-01-19;"domingo";"18:15:00";"GO";153;507,6;"APARECIDA DE GOIANIA";"Falta de Atenção à Condução";"Colisão lateral";"Com Vítimas Feridas";"Anoitecer";"Crescente";"Céu Claro";"Dupla";"Reta";"Não";2;0;0;1;1;0;1;2;-16,7715;-49,2387;"SPRF-GO";"DEL01-GO";"UOP03-DEL01-GO"
263847;2020-01-19;"domingo";"18:00:00";"RN";101;84,4;"NATAL";"Falta de Atenção à Condução";"Colisão traseira";"Sem Vítimas";"Anoitecer";"Crescente";"Céu Claro";"Dupla";"Reta";"Sim";2;0;0;0;2;0;0;2;-5,774175;-35,2578;"SPRF-RN";"DEL02-RN";"UOP01-DEL02-RN"
263849;2020-01-19;"domingo";"18:45:00";"PE";101;44,9;"IGARASSU";"Falta de Atenção do Pedestre";"Atropelamento de Pedestre";"Com Vítimas Fatais";"Plena Noite";"Decrescente";"Céu Claro";"Múltipla";"Reta";"Sim";3;1;1;1;0;0;2;2;-7,85637001;-34,90842109;"SPRF-PE";"DEL01-PE";"UOP02-DEL01-PE"
263850;2020-01-19;"domingo";"16:13:00";"GO";251;13;"CRISTALINA";"Ultrapassagem Indevida";"Colisão frontal";"Com Vítimas Feridas";"Pleno dia";"Decrescente";"Céu Claro";"Simples";"Reta";"Não";8;0;5;3;0;0;8;2;-16,20275386;-47,43909195;"SPRF-DF";"DEL01-DF";"UOP01-DEL01-DF"
263851;2020-01-19;"domingo";"17:50:00";"PB";230;335,2;"PATOS";"Desobediência às normas de trânsito pelo condutor";"Colisão traseira";"Com Vítimas Feridas";"Pleno dia";"Decrescente";"Céu Claro";"Simples";"Declive";"Sim";3;0;1;0;0;2;1;2;-7,0128;-37,2644;"SPRF-PB";"DEL03-PB";"UOP01-DEL03-PB"
263852;2020-01-19;"domingo";"18:40:00";"TO";235;166,8;"TUPIRAMA";"Falta de Atenção à Condução";"Queda de ocupante de veículo";"Com Vítimas Feridas";"Anoitecer";"Crescente";"Nublado";"Simples";"Rotatória";"Não";2;0;2;0;0;0;2;1;-8,97931552;-48,19732189;"SPRF-TO";"DEL02-TO";"UOP02-DEL02-TO"
263853;2020-01-19;"domingo";"18:40:00";"CE";222;5,3;"CAUCAIA";"Ingestão de Álcool";"Atropelamento de Pedestre";"Com Vítimas Feridas";"Plena Noite";"Decrescente";"Céu Claro";"Múltipla";"Reta";"Sim";2;0;1;1;0;0;2;2;-3,74296918;-38,61330997;"SPRF-CE";"DEL01-CE";"UOP01-DEL01-CE"
263854;2020-01-19;"domingo";"17:00:00";"PR";277;509,1;"GUARANIACU";"Defeito Mecânico no Veículo";"Queda de ocupante de veículo";"Com Vítimas Feridas";"Pleno dia";"Crescente";"Céu Claro";"Simples";"Reta";"Não";2;0;2;0;0;0;2;1;-25,12481063;-52,74714195;"SPRF-PR";"DEL04-PR";"UOP04-DEL04-PR"
263855;2020-01-19;"domingo";"17:30:00";"RS";285;563,9;"SAO LUIZ GONZAGA";"Desobediência às normas de trânsito pelo condutor";"Colisão transversal";"Com Vítimas Feridas";"Pleno dia";"Crescente";"Céu Claro";"Simples";"Interseção de Vias";"Não";5;0;3;0;2;0;3;2;-28,41708423;-54,9380154;"SPRF-RS";"DEL10-RS";"UOP01-DEL10-RS"
263856;2020-01-19;"domingo";"19:15:00";"PB";230;25;"JOAO PESSOA";"Ingestão de Álcool";"Colisão com objeto estático";"Com Vítimas Feridas";"Plena Noite";"Crescente";"Céu Claro";"Múltipla";"Reta";"Sim";1;0;1;0;0;0;1;1;-7,1707;-34,8684;"SPRF-PB";"DEL01-PB";"UOP01-DEL01-PB"
263861;2020-01-19;"domingo";"19:40:00";"SP";101;48,9;"UBATUBA";"Ingestão de álcool e/ou substâncias psicoativas pelo pedestre";"Atropelamento de Pedestre";"Com Vítimas Feridas";"Plena Noite";"Decrescente";"Nublado";"Simples";"Reta";"Sim";2;0;2;0;0;0;2;2;-23,44621904;-45,08153915;"SPRF-SP";"DEL06-SP";"UOP01-DEL06-SP"
263862;2020-01-19;"domingo";"17:30:00";"MG";381;183,9;"GOVERNADOR VALADARES";"Falta de Atenção à Condução";"Tombamento";"Com Vítimas Feridas";"Pleno dia";"Decrescente";"Sol";"Simples";"Reta";"Não";1;0;0;1;0;0;1;1;-19,06289192;-42,16283418;"SPRF-MG";"DEL06-MG";"UOP01-DEL06-MG"
263863;2020-01-19;"domingo";"10:30:00";"MS";267;408;"MARACAJU";"Avarias e/ou desgaste excessivo no pneu";"Tombamento";"Com Vítimas Feridas";"Pleno dia";"Crescente";"Céu Claro";"Simples";"Reta";"Não";1;0;0;1;0;0;1;1;-21,6310555;-55,54680599;"SPRF-MS";"DEL05-MS";"UOP01-DEL05-MS"
263864;2020-01-19;"domingo";"18:00:00";"SC";280;30;"ARAQUARI";"Falta de Atenção à Condução";"Colisão traseira";"Com Vítimas Feridas";"Pleno dia";"Decrescente";"Céu Claro";"Simples";"Reta";"Sim";3;0;1;1;1;0;2;2;-26,4141523;-48,76209493;"SPRF-SC";"DEL03-SC";"UOP03-DEL03-SC"
263866;2020-01-19;"domingo";"19:00:00";"PE";101;51,1;"ABREU E LIMA";"Velocidade Incompatível";"Colisão transversal";"Com Vítimas Feridas";"Plena Noite";"Decrescente";"Céu Claro";"Múltipla";"Reta";"Sim";2;0;1;0;1;0;1;2;-7,9169968;-34,89689272;"SPRF-PE";"DEL01-PE";"UOP02-DEL01-PE"
263868;2020-01-19;"domingo";"19:50:00";"PE";101;41;"IGARASSU";"Falta de Atenção do Pedestre";"Atropelamento de Pedestre";"Sem Vítimas";"Plena Noite";"Decrescente";"Céu Claro";"Simples";"Reta";"Sim";2;0;0;0;1;1;0;2;-7,83038346;-34,91426785;"SPRF-PE";"DEL01-PE";"UOP02-DEL01-PE"
263869;2020-01-19;"domingo";"19:35:00";"GO";60;117,7;"TEREZOPOLIS DE GOIAS";"Ingestão de Álcool";"Colisão traseira";"Com Vítimas Feridas";"Plena Noite";"Crescente";"Céu Claro";"Dupla";"Reta";"Sim";4;0;2;0;2;0;2;3;-16,4789;-49,0864;"SPRF-GO";"DEL01-GO";"UOP01-DEL01-GO"
263871;2020-01-19;"domingo";"17:15:00";"PB";230;437,6;"SAO DOMINGOS";"Desobediência às normas de trânsito pelo condutor";"Colisão transversal";"Sem Vítimas";"Anoitecer";"Decrescente";"Nublado";"Simples";"Reta";"Não";3;0;0;0;2;1;0;3;-6,7571;-38,0011;"SPRF-PB";"DEL03-PB";"UOP02-DEL03-PB"
263872;2020-01-19;"domingo";"19:40:00";"GO";153;428,9;"ANAPOLIS";"Pista Escorregadia";"Colisão traseira";"Com Vítimas Feridas";"Plena Noite";"Crescente";"Chuva";"Dupla";"Reta;Declive";"Não";8;0;4;0;4;0;4;2;-16,237425;-49,005501;"SPRF-GO";"DEL02-GO";"UOP01-DEL02-GO"
263875;2020-01-19;"domingo";"19:15:00";"CE";116;43;"HORIZONTE";"Desobediência às normas de trânsito pelo condutor";"Colisão transversal";"Com Vítimas Feridas";"Plena Noite";"Decrescente";"Céu Claro";"Dupla";"Interseção de Vias";"Sim";3;0;1;0;2;0;1;2;-4,11404806;-38,48953843;"SPRF-CE";"DEL01-CE";"UOP02-DEL01-CE"
263876;2020-01-19;"domingo";"19:10:00";"SP";116;103,9;"TAUBATE";"Não guardar distância de segurança";"Colisão traseira";"Com Vítimas Feridas";"Plena Noite";"Crescente";"Céu Claro";"Dupla";"Aclive";"Não";5;0;1;0;3;1;1;4;-22,99919465;-45,49788917;"SPRF-SP";"DEL06-SP";"UOP01-DEL06-SP"
263877;2020-01-19;"domingo";"20:10:00";"PI";343;347,7;"TERESINA";"Falta de Atenção à Condução";"Colisão traseira";"Sem Vítimas";"Plena Noite";"Decrescente";"Céu Claro";"Dupla";"Reta";"Sim";2;0;0;0;2;0;0;2;-5,114822;-42,778355;"SPRF-PI";"DEL01-PI";"UOP01-DEL01-PI"
263880;2020-01-19;"domingo";"19:30:00";"MG";153;104;"PRATA";"Velocidade Incompatível";"Saída de leito carroçável";"Com Vítimas Feridas";"Plena Noite";"Crescente";"Chuva";"Simples";"Curva;Declive";"Não";1;0;0;1;0;0;1;1;-19,26347485;-48,92260343;"SPRF-MG";"DEL15-MG";"UOP03-DEL15-MG"
263881;2020-01-19;"domingo";"20:00:00";"PE";101;60,3;"RECIFE";"Falta de Atenção à Condução";"Colisão traseira";"Com Vítimas Feridas";"Plena Noite";"Crescente";"Céu Claro";"Dupla";"Reta";"Sim";3;0;1;0;2;0;1;2;-7,98664284;-34,93298477;"SPRF-PE";"DEL01-PE";"UOP02-DEL01-PE"
263882;2020-01-19;"domingo";"19:30:00";"PR";376;179;"MARINGA";"Ingestão de Álcool";"Colisão traseira";"Sem Vítimas";"Plena Noite";"Crescente";"Ignorado";"Dupla";"Reta";"Sim";2;0;0;0;2;0;0;2;-23,42244278;-51,90360392;"SPRF-PR";"DEL07-PR";"UOP01-DEL09-PR"
263884;2020-01-19;"domingo";"15:45:00";"PI";343;274;"CAMPO MAIOR";"Não guardar distância de segurança";"Colisão traseira";"Com Vítimas Feridas";"Pleno dia";"Decrescente";"Chuva";"Simples";"Reta";"Não";2;0;0;1;1;0;1;2;-4,879998;-42,226444;"SPRF-PI";"DEL01-PI";"UOP03-DEL01-PI"
263885;2020-01-19;"domingo";"18:30:00";"PA";155;342;"MARABA";"Ingestão de Álcool";"Colisão frontal";"Com Vítimas Feridas";"Anoitecer";"Decrescente";"Chuva";"Simples";"Reta";"Sim";2;0;1;0;1;0;1;2;-5,37851903;-49,07674765;"SPRF-PA";"DEL03-PA";"UOP01-DEL03-PA"
263887;2020-01-19;"domingo";"20:45:00";"RS";116;252;"SAPUCAIA DO SUL";"Ingestão de Álcool";"Colisão com objeto estático";"Com Vítimas Feridas";"Plena Noite";"Crescente";"Céu Claro";"Dupla";"Reta";"Sim";1;0;0;1;0;0;1;1;-29,80913395;-51,1675292;"SPRF-RS";"DEL01-RS";"UOP02-DEL01-RS"
263888;2020-01-19;"domingo";"20:40:00";"PR";376;384,7;"IMBAU";"Falta de Atenção à Condução";"Colisão frontal";"Com Vítimas Fatais";"Plena Noite";"Crescente";"Céu Claro";"Dupla";"Reta";"Sim";2;1;0;0;0;1;0;2;-24,43904812;-50,76284593;"SPRF-PR";"DEL03-PR";"UOP02-DEL03-PR"
263890;2020-01-19;"domingo";"20:10:00";"MA";10;256;"IMPERATRIZ";"Falta de Atenção à Condução";"Colisão traseira";"Com Vítimas Feridas";"Plena Noite";"Decrescente";"Céu Claro";"Simples";"Aclive";"Não";3;0;1;0;1;1;1;3;-5,499715;-47,471836;"SPRF-MA";"DEL04-MA";"UOP01-DEL04-MA"
263891;2020-01-19;"domingo";"19:15:00";"SC";470;122,1;"IBIRAMA";"Defeito na Via";"Tombamento";"Com Vítimas Feridas";"Plena Noite";"Decrescente";"Nublado";"Simples";"Reta";"Não";1;0;0;1;0;0;1;1;-27,099888;-49,527679;"SPRF-SC";"DEL04-SC";"UOP02-DEL04-SC"
263892;2020-01-19;"domingo";"17:30:00";"SC";101;54;"JOINVILLE";"Falta de Atenção à Condução";"Capotamento";"Com Vítimas Feridas";"Pleno dia";"Decrescente";"Céu Claro";"Dupla";"Reta";"Não";1;0;0;1;0;0;1;1;-26,41319508;-48,83617332;"SPRF-SC";"DEL03-SC";"UOP01-DEL03-SC"
263893;2020-01-19;"domingo";"21:10:00";"RN";405;180;"JOSE DA PENHA";"Desobediência às normas de trânsito pelo condutor";"Colisão traseira";"Com Vítimas Feridas";"Plena Noite";"Crescente";"Céu Claro";"Simples";"Reta";"Não";5;0;2;1;2;0;3;2;-6,350066;-38,29533702;"SPRF-RN";"DEL04-RN";"UOP02-DEL04-RN"
263894;2020-01-19;"domingo";"20:45:00";"SE";101;85;"NOSSA SENHORA DO SOCORRO";"Falta de Atenção à Condução";"Colisão traseira";"Com Vítimas Feridas";"Plena Noite";"Crescente";"Céu Claro";"Dupla";"Reta";"Não";2;0;0;1;1;0;1;2;-10,84356101;-37,13696712;"SPRF-SE";"DEL01-SE";"UOP01-DEL01-SE"
263895;2020-01-19;"domingo";"21:10:00";"ES";101;32,7;"CONCEICAO DA BARRA";"Desobediência às normas de trânsito pelo condutor";"Colisão frontal";"Com Vítimas Fatais";"Plena Noite";"Crescente";"Nublado";"Simples";"Aclive";"Sim";5;1;0;4;0;0;4;2;-18,42549901;-39,93487006;"SPRF-ES";"DEL04-ES";"UOP02-DEL04-ES"
263896;2020-01-19;"domingo";"20:50:00";"MG";50;84;"UBERLANDIA";"Falta de Atenção à Condução";"Colisão lateral";"Com Vítimas Feridas";"Plena Noite";"Crescente";"Vento";"Dupla";"Reta";"Sim";2;0;0;1;1;0;1;2;-18,99589703;-48,21049418;"SPRF-MG";"DEL15-MG";"UOP01-DEL15-MG"
263897;2020-01-19;"domingo";"21:40:00";"PE";101;75;"RECIFE";"Falta de Atenção do Pedestre";"Atropelamento de Pedestre";"Com Vítimas Fatais";"Plena Noite";"Decrescente";"Céu Claro";"Dupla";"Reta";"Sim";2;1;0;0;0;1;0;2;-8,10973523;-34,94660151;"SPRF-PE";"DEL01-PE";"UOP01-DEL01-PE"
263898;2020-01-19;"domingo";"15:30:00";"SC";101;329,8;"CAPIVARI DE BAIXO";"Não guardar distância de segurança";"Saída de leito carroçável";"Com Vítimas Feridas";"Pleno dia";"Decrescente";"Céu Claro";"Dupla";"Curva;Aclive";"Não";3;0;1;1;1;0;2;1;-28,44404822;-48,96611372;"SPRF-SC";"DEL02-SC";"UOP01-DEL02-SC"
263899;2020-01-19;"domingo";"18:00:00";"PA";230;162;"ITUPIRANGA";"Desobediência às normas de trânsito pelo condutor";"Colisão frontal";"Com Vítimas Fatais";"Anoitecer";"Crescente";"Céu Claro";"Simples";"Reta";"Não";2;1;0;0;1;0;0;2;-5,19452118;-49,36139931;"SPRF-PA";"DEL03-PA";"UOP01-DEL03-PA"
263900;2020-01-19;"domingo";"21:10:00";"RJ";101;59;"CAMPOS DOS GOYTACAZES";"Falta de Atenção à Condução";"Colisão transversal";"Com Vítimas Feridas";"Plena Noite";"Decrescente";"Céu Claro";"Simples";"Reta";"Sim";2;0;1;0;1;0;1;2;-21,71366497;-41,30861915;"SPRF-RJ";"DEL08-RJ";"UOP01-DEL08-RJ"
263901;2020-01-19;"domingo";"21:23:00";"PR";116;120;"CURITIBA";"Desobediência às normas de trânsito pelo condutor";"Atropelamento de Pedestre";"Com Vítimas Feridas";"Plena Noite";"Crescente";"Nublado";"Dupla";"Reta";"Sim";3;0;0;1;1;1;1;2;-25,55122256;-49,30503748;"SPRF-PR";"DEL01-PR";"UOP03-DEL01-PR"
263904;2020-01-19;"domingo";"21:50:00";"RJ";493;101;"SEROPEDICA";"Defeito na Via";"Saída de leito carroçável";"Com Vítimas Feridas";"Plena Noite";"Decrescente";"Céu Claro";"Dupla";"Reta";"Não";5;0;4;0;1;0;4;1;-22,75310094;-43,71746421;"SPRF-RJ";"DEL03-RJ";"UOP01-DEL03-RJ"
263906;2020-01-19;"domingo";"16:40:00";"SC";101;313;"LAGUNA";"Falta de Atenção à Condução";"Queda de ocupante de veículo";"Com Vítimas Feridas";"Pleno dia";"Crescente";"Céu Claro";"Múltipla";"Reta";"Não";1;0;0;1;0;0;1;1;-28,4404376;-48,81403409;"SPRF-SC";"DEL02-SC";"UOP01-DEL02-SC"
263907;2020-01-19;"domingo";"20:15:00";"SC";101;317;"PESCARIA BRAVA";"Ingestão de Álcool";"Tombamento";"Com Vítimas Feridas";"Plena Noite";"Crescente";"Céu Claro";"Simples";"Curva;Aclive";"Sim";2;0;2;0;0;0;2;1;-28,42708421;-48,85211624;"SPRF-SC";"DEL02-SC";"UOP01-DEL02-SC"
263908;2020-01-19;"domingo";"22:30:00";"MG";40;443,8;"PARAOPEBA";"Velocidade Incompatível";"Colisão com objeto estático";"Com Vítimas Feridas";"Plena Noite";"Decrescente";"Chuva";"Dupla";"Curva;Declive";"Sim";1;0;1;0;0;0;1;1;-19,28817;-44,4124;"SPRF-MG";"DEL02-MG";"UOP01-DEL02-MG"
263909;2020-01-19;"domingo";"18:10:00";"BA";324;518;"FEIRA DE SANTANA";"Ingestão de Álcool";"Queda de ocupante de veículo";"Com Vítimas Feridas";"Plena Noite";"Crescente";"Céu Claro";"Múltipla";"Viaduto";"Sim";2;0;0;1;0;1;1;2;-12,258195;-38,932182;"SPRF-BA";"DEL02-BA";"UOP01-DEL02-BA"
263910;2020-01-19;"domingo";"22:10:00";"DF";40;8;"BRASILIA";"Pista Escorregadia";"Queda de ocupante de veículo";"Com Vítimas Feridas";"Plena Noite";"Crescente";"Chuva";"Dupla";"Declive";"Não";2;0;2;0;0;0;2;1;-16,038666;-47,979691;"SPRF-DF";"DEL01-DF";"UOP01-DEL01-DF"
263911;2020-01-19;"domingo";"21:00:00";"PR";277;6;"PARANAGUA";"Falta de Atenção do Pedestre";"Atropelamento de Pedestre";"Com Vítimas Feridas";"Plena Noite";"Decrescente";"Chuva";"Dupla";"Reta";"Sim";2;0;0;1;1;0;1;2;-25,51579842;-48,52386475;"SPRF-PR";"DEL01-PR";"UOP05-DEL01-PR"
263913;2020-01-19;"domingo";"22:50:00";"SE";101;182,5;"UMBAUBA";"Falta de Atenção à Condução";"Colisão com objeto em movimento";"Com Vítimas Feridas";"Plena Noite";"Crescente";"Céu Claro";"Simples";"Reta";"Sim";2;0;1;0;0;1;1;1;-11,37390377;-37,65552315;"SPRF-SE";"DEL02-SE";"UOP03-DEL02-SE"
263914;2020-01-19;"domingo";"23:00:00";"MG";381;502,9;"BETIM";"Falta de Atenção do Pedestre";"Atropelamento de Pedestre";"Com Vítimas Feridas";"Plena Noite";"Crescente";"Céu Claro";"Simples";"Viaduto;Reta;Retorno Regulamentado;Aclive";"Sim";4;0;0;1;1;2;1;2;-20,03619694;-44,24586303;"SPRF-MG";"DEL01-MG";"UOP03-DEL01-MG"
263915;2020-01-19;"domingo";"23:12:00";"PR";469;15,4;"FOZ DO IGUACU";"Falta de Atenção à Condução";"Colisão traseira";"Sem Vítimas";"Plena Noite";"Crescente";"Céu Claro";"Simples";"Curva;Declive";"Sim";2;0;0;0;2;0;0;2;-25,58208528;-54,52709913;"SPRF-PR";"DEL05-PR";"UOP04-DEL05-PR"
263916;2020-01-19;"domingo";"23:20:00";"PR";376;655;"TIJUCAS DO SUL";"Pista Escorregadia";"Colisão traseira";"Com Vítimas Feridas";"Plena Noite";"Decrescente";"Chuva";"Dupla";"Curva";"Não";3;0;1;0;2;0;1;2;-25,84165409;-49,042472;"SPRF-PR";"DEL01-PR";"UOP04-DEL01-PR"
263918;2020-01-19;"domingo";"21:30:00";"BA";324;3;"FEIRA DE SANTANA";"Ingestão de Álcool";"Colisão traseira";"Com Vítimas Feridas";"Plena Noite";"Crescente";"Céu Claro";"Dupla";"Viaduto;Reta";"Sim";3;0;2;0;0;1;2;2;-12,267113;-38,966988;"SPRF-BA";"DEL02-BA";"UOP01-DEL02-BA"
263919;2020-01-19;"domingo";"20:30:00";"PB";412;144,9;"MONTEIRO";"Desobediência às normas de trânsito pelo condutor";"Saída de leito carroçável";"Com Vítimas Feridas";"Plena Noite";"Crescente";"Céu Claro";"Simples";"Reta";"Sim";1;0;0;1;0;0;1;1;-7,891878;-37,111336;"SPRF-PB";"DEL02-PB";"UOP02-DEL02-PB"
263920;2020-01-19;"domingo";"22:00:00";"SC";163;87;"GUARACIABA";"Desobediência às normas de trânsito pelo condutor";"Colisão transversal";"Com Vítimas Feridas";"Plena Noite";"Decrescente";"Céu Claro";"Simples";"Reta";"Não";6;0;6;0;0;0;6;2;-26,59023103;-53,51574204;"SPRF-SC";"DEL07-SC";"UOP03-DEL07-SC"
263921;2020-01-19;"domingo";"22:45:00";"SC";101;101,7;"BALNEARIO PICARRAS";"Falta de Atenção à Condução";"Colisão traseira";"Com Vítimas Feridas";"Plena Noite";"Decrescente";"Nublado";"Simples";"Reta";"Sim";3;0;0;3;0;0;3;2;-26,77107561;-48,68567705;"SPRF-SC";"DEL03-SC";"UOP02-DEL03-SC"
263922;2020-01-19;"domingo";"23:15:00";"SC";101;57,7;"ARAQUARI";"Pista Escorregadia";"Saída de leito carroçável";"Com Vítimas Feridas";"Plena Noite";"Crescente";"Chuva";"Dupla";"Curva";"Não";2;0;0;1;1;0;1;1;-26,4391495;-48,80282706;"SPRF-SC";"DEL03-SC";"UOP01-DEL03-SC"
263924;2020-01-19;"domingo";"23:49:00";"SP";116;216;"GUARULHOS";"Falta de Atenção do Pedestre";"Atropelamento de Pedestre";"Com Vítimas Fatais";"Plena Noite";"Decrescente";"Céu Claro";"Múltipla";"Reta;Aclive";"Sim";2;1;0;0;0;1;0;2;-23,45056589;-46,46258105;"SPRF-SP";"DEL01-SP";"UOP01-DEL01-SP"
263926;2020-01-19;"domingo";"23:25:00";"MG";381;452;"BELO HORIZONTE";"Desobediência às normas de trânsito pelo condutor";"Colisão frontal";"Com Vítimas Feridas";"Plena Noite";"Crescente";"Chuva";"Simples";"Aclive;Reta";"Sim";2;0;0;1;1;0;1;2;-19,83436712;-43,85936379;"SPRF-MG";"DEL01-MG";"UOP01-DEL01-MG"
263927;2020-01-19;"domingo";"21:00:00";"MG";146;559,5;"CABO VERDE";"Desobediência às normas de trânsito pelo condutor";"Colisão frontal";"Com Vítimas Feridas";"Plena Noite";"Crescente";"Nublado";"Simples";"Reta";"Sim";2;0;1;0;1;0;1;2;-21,45793091;-46,40839081;"SPRF-MG";"DEL16-MG";"UOP01-DEL09-MG"
263928;2020-01-19;"domingo";"23:40:00";"RS";386;410,1;"TRIUNFO";"Condutor Dormindo";"Saída de leito carroçável";"Com Vítimas Feridas";"Plena Noite";"Crescente";"Céu Claro";"Simples";"Reta";"Não";1;0;1;0;0;0;1;1;-29,800684;-51,518406;"SPRF-RS";"DEL04-RS";"UOP02-DEL04-RS"
263930;2020-01-19;"domingo";"22:40:00";"RJ";101;316;"SAO GONCALO";"Falta de Atenção à Condução";"Colisão com objeto estático";"Com Vítimas Feridas";"Plena Noite";"Crescente";"Céu Claro";"Dupla";"Reta";"Sim";1;0;0;1;0;0;1;1;-22,82835879;-43,09208739;"SPRF-RJ";"DEL02-RJ";"UOP01-DEL02-RJ"
263931;2020-01-19;"domingo";"22:10:00";"SC";282;168,8;"BOCAINA DO SUL";"Objeto estático sobre o leito carroçável";"Colisão lateral";"Com Vítimas Feridas";"Plena Noite";"Crescente";"Céu Claro";"Simples";"Reta";"Não";2;0;1;0;1;0;1;2;-27,743206;-49,824162;"SPRF-SC";"DEL05-SC";"UOP01-DEL05-SC"
263932;2020-01-19;"domingo";"21:10:00";"MG";40;221;"JOAO PINHEIRO";"Objeto estático sobre o leito carroçável";"Saída de leito carroçável";"Com Vítimas Feridas";"Plena Noite";"Crescente";"Nublado";"Simples";"Reta";"Não";7;0;2;0;5;0;2;1;-17,96602714;-45,64114504;"SPRF-MG";"DEL14-MG";"UOP02-DEL14-MG"
263933;2020-01-20;"segunda-feira";"00:20:00";"SP";116;105,2;"TAUBATE";"Defeito Mecânico no Veículo";"Queda de ocupante de veículo";"Com Vítimas Feridas";"Plena Noite";"Crescente";"Nublado";"Múltipla";"Aclive";"Sim";1;0;0;1;0;0;1;1;-23,00757973;-45,51466613;"SPRF-SP";"DEL06-SP";"UOP01-DEL06-SP"
263934;2020-01-20;"segunda-feira";"01:00:00";"RS";116;302;"GUAIBA";"Ingestão de Álcool";"Colisão transversal";"Com Vítimas Feridas";"Plena Noite";"Crescente";"Céu Claro";"Dupla";"Reta";"Não";4;0;1;0;3;0;1;2;-30,13970487;-51,35942618;"SPRF-RS";"DEL02-RS";"UOP01-DEL02-RS"
263935;2020-01-20;"segunda-feira";"00:30:00";"MT";163;840,1;"SINOP";"Ingestão de Álcool";"Capotamento";"Sem Vítimas";"Plena Noite";"Crescente";"Céu Claro";"Simples";"Reta";"Sim";1;0;0;0;1;0;0;1;-11,82327233;-55,48555635;"SPRF-MT";"DEL06-MT";"UOP02-DEL06-MT"
263936;2020-01-19;"domingo";"22:00:00";"BA";418;66;"NOVA VICOSA";"Falta de Atenção à Condução";"Colisão frontal";"Com Vítimas Fatais";"Plena Noite";"Crescente";"Céu Claro";"Simples";"Reta";"Não";5;2;1;2;0;0;3;2;-17,8134418;-39,6471471;"SPRF-BA";"DEL09-BA";"UOP02-DEL09-BA"
263937;2020-01-20;"segunda-feira";"02:00:00";"MG";381;345;"JOAO MONLEVADE";"Velocidade Incompatível";"Capotamento";"Com Vítimas Feridas";"Plena Noite";"Decrescente";"Chuva";"Simples";"Curva";"Não";3;0;1;0;2;0;1;1;-19,83813083;-43,0947794;"SPRF-MG";"DEL03-MG";"UOP01-DEL03-MG"
263940;2020-01-20;"segunda-feira";"02:40:00";"BA";116;347;"SERRINHA";"Desobediência às normas de trânsito pelo condutor";"Colisão transversal";"Com Vítimas Feridas";"Plena Noite";"Crescente";"Céu Claro";"Simples";"Reta";"Não";2;0;1;0;1;0;1;2;-11,56452494;-38,98882349;"SPRF-BA";"DEL02-BA";"UOP01-DEL02-BA"
263941;2020-01-20;"segunda-feira";"01:50:00";"SC";116;31,4;"ITAIOPOLIS";"Velocidade Incompatível";"Saída de leito carroçável";"Com Vítimas Feridas";"Plena Noite";"Crescente";"Céu Claro";"Simples";"Reta";"Não";1;0;0;1;0;0;1;1;-26,31708989;-49,97099106;"SPRF-SC";"DEL06-SC";"UOP01-DEL06-SC"
263942;2020-01-19;"domingo";"20:45:00";"RS";472;558;"URUGUAIANA";"Ingestão de Álcool";"Capotamento";"Com Vítimas Feridas";"Plena Noite";"Crescente";"Céu Claro";"Simples";"Reta";"Não";2;0;1;0;1;0;1;1;-29,64074618;-56,88439769;"SPRF-RS";"DEL13-RS";"UOP01-DEL13-RS"
263943;2020-01-20;"segunda-feira";"03:10:00";"RJ";116;127;"MAGE";"Condutor Dormindo";"Colisão com objeto estático";"Com Vítimas Feridas";"Plena Noite";"Decrescente";"Nublado";"Simples";"Interseção de Vias";"Sim";1;0;1;0;0;0;1;1;-22,66137035;-43,09295957;"SPRF-RJ";"DEL04-RJ";"UOP02-DEL04-RJ"
263945;2020-01-20;"segunda-feira";"00:30:00";"PE";110;222,6;"PETROLANDIA";"Ingestão de Álcool";"Colisão frontal";"Com Vítimas Feridas";"Plena Noite";"Crescente";"Nublado";"Simples";"Reta";"Não";3;0;2;1;0;0;3;2;-9,01531065;-38,2309433;"SPRF-BA";"DEL07-BA";"UOP01-DEL07-BA"