"id";"data_inversa";"dia_semana";"horario";"uf";"br";"km";"municipio";"causa_acidente";"tipo_acidente";"classificacao_acidente";"fase_dia";"sentido_via";"condicao_metereologica";"tipo_pista";"tracado_via";"uso_solo";"pessoas";"mortos";"feridos_leves";"feridos_graves";"ilesos";"ignorados";"feridos";"veiculos";"latitude";"longitude";"regional";"delegacia";"uop"
264080;2020-01-20;"segunda-feira";"15:30:00";"MS";267;78,5;"BATAGUASSU";"Defeito Mecânico no Veículo";"Incêndio";"Sem Vítimas";"Pleno dia";"Crescente";"Sol";"Simples";"Reta";"Não";5;0;0;0;5;0;0;1;-21,87456655;-52,84365909;"SPRF-MS";"DEL02-MS";"UOP04-DEL02-MS"
264081;2020-01-20;"segunda-feira";"17:34:00";"SC";470;133,6;"RIO DO SUL";"Falta de Atenção à Condução";"Colisão transversal";"Com Vítimas Feridas";"Pleno dia";"Decrescente";"Céu Claro";"Simples";"Reta";"Não";2;0;1;0;1;0;1;2;-27,174187;-49,588497;"SPRF-SC";"DEL04-SC";"UOP02-DEL04-SC"
264082;2020-01-20;"segunda-feira";"17:10:00";"PR";277;691,9;"SAO MIGUEL DO IGUACU";"Falta de Atenção à Condução";"Tombamento";"Com Vítimas Feridas";"Pleno dia";"Decrescente";"Céu Claro";"Dupla";"Reta";"Não";1;0;1;0;0;0;1;1;-25,3630051;-54,25351194;"SPRF-PR";"DEL05-PR";"UOP01-DEL05-PR"
264085;2020-01-20;"segunda-feira";"10:45:00";"MG";381;708;"NEPOMUCENO";"Pista Escorregadia";"Tombamento";"Sem Vítimas";"Pleno dia";"Crescente";"Chuva";"Dupla";"Curva";"Não";1;0;0;0;1;0;0;1;-21,370524;-45,188652;"SPRF-MG";"DEL04-MG";"UOP02-DEL04-MG"
264086;2020-01-20;"segunda-feira";"18:00:00";"RS";116;236;"NOVO HAMBURGO";"Falta de Atenção à Condução";"Colisão traseira";"Com Vítimas Feridas";"Pleno dia";"Crescente";"Sol";"Múltipla";"Viaduto";"Sim";3;0;1;1;1;0;2;2;-29,6704634;-51,14331007;"SPRF-RS";"DEL01-RS";"UOP02-DEL01-RS"
264088;2020-01-20;"segunda-feira";"15:30:00";"BA";101;23;"PORTO SEGURO";"Defeito na Via";"Colisão com objeto em movimento";"Com Vítimas Feridas";"Pleno dia";"Decrescente";"Céu Claro";"Simples";"Reta";"Não";2;0;0;1;1;0;1;1;-16,42851128;-39,09776688;"SPRF-SE";"DEL02-SE";"UOP03-DEL02-SE"
264089;2020-01-20;"segunda-feira";"17:45:00";"PI";343;341,7;"TERESINA";"Não guardar distância de segurança";"Colisão traseira";"Com Vítimas Feridas";"Pleno dia";"Decrescente";"Céu Claro";"Simples";"Reta";"Sim";2;0;1;0;1;0;1;2;-5,08307885;-42,74986267;"SPRF-PI";"DEL01-PI";"UOP01-DEL01-PI"
264090;2020-01-20;"segunda-feira";"18:30:00";"PR";369;186,5;"ARAPONGAS";"Desobediência às normas de trânsito pelo condutor";"Colisão lateral";"Com Vítimas Feridas";"Anoitecer";"Crescente";"Céu Claro";"Simples";"Reta;Interseção de Vias";"Sim";3;0;2;0;1;0;2;2;-23,42583985;-51,42342235;"SPRF-PR";"DEL07-PR";"UOP03-DEL07-PR"
264091;2020-01-20;"segunda-feira";"13:05:00";"MA";10;314;"ACAILANDIA";"Defeito Mecânico no Veículo";"Saída de leito carroçável";"Com Vítimas Feridas";"Pleno dia";"Decrescente";"Céu Claro";"Simples";"Curva";"Não";3;0;1;0;2;0;1;1;-4,997943;-47,531734;"SPRF-MA";"DEL04-MA";"UOP03-DEL04-MA"
264092;2020-01-20;"segunda-feira";"14:35:00";"SC";282;18,8;"PALHOCA";"Falta de Atenção à Condução";"Colisão frontal";"Com Vítimas Feridas";"Pleno dia";"Crescente";"Nublado";"Simples";"Aclive;Reta";"Sim";5;0;3;2;0;0;5;2;-27,672798;-48,694286;"SPRF-SC";"DEL01-SC";"UOP02-DEL01-SC"
264094;2020-01-20;"segunda-feira";"17:39:00";"SP";116;283;"EMBU DAS ARTES";"Falta de Atenção à Condução";"Colisão lateral";"Com Vítimas Feridas";"Pleno dia";"Crescente";"Céu Claro";"Dupla";"Reta";"Não";3;0;2;0;1;0;2;2;-23,69297005;-46,86352786;"SPRF-SP";"DEL04-SP";"UOP01-DEL04-SP"
264095;2020-01-20;"segunda-feira";"18:40:00";"PR";277;14;"PARANAGUA";"Avarias e/ou desgaste excessivo no pneu";"Queda de ocupante de veículo";"Com Vítimas Feridas";"Anoitecer";"Crescente";"Nublado";"Dupla";"Reta";"Não";2;0;2;0;0;0;2;1;-25,56629127;-48,62480164;"SPRF-PR";"DEL01-PR";"UOP05-DEL01-PR"
264096;2020-01-20;"segunda-feira";"18:40:00";"RS";101;79;"OSORIO";"Avarias e/ou desgaste excessivo no pneu";"Tombamento";"Com Vítimas Feridas";"Pleno dia";"Decrescente";"Céu Claro";"Dupla";"Reta";"Sim";2;0;1;0;1;0;1;1;-29,81836971;-50,24552545;"SPRF-RS";"DEL03-RS";"UOP01-DEL03-RS"
264098;2020-01-20;"segunda-feira";"19:30:00";"ES";101;300,1;"VIANA";"Falta de Atenção à Condução";"Tombamento";"Com Vítimas Feridas";"Plena Noite";"Crescente";"Nublado";"Dupla";"Reta";"Sim";1;0;1;0;0;0;1;1;-20,358635;-40,432167;"SPRF-ES";"DEL01-ES";"UOP01-DEL01-ES"
264100;2020-01-20;"segunda-feira";"13:20:00";"MG";262;684;"CAMPOS ALTOS";"Pista Escorregadia";"Saída de leito carroçável";"Com Vítimas Feridas";"Pleno dia";"Decrescente";"Chuva";"Simples";"Curva";"Não";4;0;2;0;2;0;2;1;-19,6625831;-46,09946966;"SPRF-MG";"DEL08-MG";"UOP01-DEL08-MG"
264101;2020-01-20;"segunda-feira";"19:10:00";"MG";50;81;"UBERLANDIA";"Animais na Pista";"Saída de leito carroçável";"Com Vítimas Feridas";"Plena Noite";"Crescente";"Nublado";"Simples";"Reta";"Não";1;0;1;0;0;0;1;1;-18,97172097;-48,21865082;"SPRF-MG";"DEL15-MG";"UOP01-DEL15-MG"
264102;2020-01-20;"segunda-feira";"16:25:00";"PE";232;378;"FLORES";"Falta de Atenção à Condução";"Saída de leito carroçável";"Com Vítimas Feridas";"Pleno dia";"Crescente";"Céu Claro";"Simples";"Curva";"Não";3;0;3;0;0;0;3;1;-8,03904566;-38,03273678;"SPRF-PE";"DEL04-PE";"UOP01-DEL04-PE"
264103;2020-01-20;"segunda-feira";"19:20:00";"PB";101;86,5;"JOAO PESSOA";"Falta de Atenção à Condução";"Colisão lateral";"Com Vítimas Feridas";"Plena Noite";"Crescente";"Céu Claro";"Dupla";"Reta";"Sim";2;0;0;2;0;0;2;2;-7,15118983;-34,91012184;"SPRF-PB";"DEL01-PB";"UOP01-DEL01-PB"
264105;2020-01-20;"segunda-feira";"19:00:00";"BA";116;427,1;"FEIRA DE SANTANA";"Não guardar distância de segurança";"Colisão traseira";"Com Vítimas Feridas";"Plena Noite";"Crescente";"Céu Claro";"Simples";"Reta";"Não";3;0;2;0;0;1;2;2;-12,25241793;-38,98887036;"SPRF-BA";"DEL02-BA";"UOP01-DEL02-BA"
264108;2020-01-20;"segunda-feira";"18:25:00";"AC";364;14,4;"ACRELANDIA";"Restrição de Visibilidade";"Colisão traseira";"Com Vítimas Feridas";"Plena Noite";"Crescente";"Nublado";"Simples";"Reta";"Não";2;0;1;0;1;0;1;2;-9,87234577;-66,91993726;"SPRF-AC";"DEL01-AC";"UOP01-DEL01-AC"
264109;2020-01-20;"segunda-feira";"18:55:00";"MG";116;5,7;"DIVISA ALEGRE";"Falta de Atenção do Pedestre";"Atropelamento de Pedestre";"Com Vítimas Feridas";"Plena Noite";"Decrescente";"Nublado";"Simples";"Reta";"Não";2;0;0;1;1;0;1;2;-15,74227199;-41,33612699;"SPRF-BA";"DEL08-BA";"UOP03-DEL08-BA"
264110;2020-01-20;"segunda-feira";"19:00:00";"MG";40;532,7;"BELO HORIZONTE";"Falta de Atenção do Pedestre";"Atropelamento de Pedestre";"Com Vítimas Feridas";"Plena Noite";"Crescente";"Chuva";"Dupla";"Reta;Aclive";"Sim";4;0;1;0;3;0;1;2;-19,92372561;-44,01700789;"SPRF-MG";"DEL01-MG";"UOP02-DEL01-MG"
264111;2020-01-20;"segunda-feira";"19:45:00";"RJ";101;404;"ITAGUAI";"Falta de Atenção do Pedestre";"Atropelamento de Pedestre";"Com Vítimas Fatais";"Plena Noite";"Decrescente";"Céu Claro";"Dupla";"Reta";"Sim";2;1;0;0;1;0;0;2;-22,86342703;-43,79642098;"SPRF-RJ";"DEL03-RJ";"UOP01-DEL03-RJ"
264113;2020-01-20;"segunda-feira";"20:30:00";"DF";70;3,3;"BRASILIA";"Desobediência às normas de trânsito pelo condutor";"Colisão traseira";"Com Vítimas Feridas";"Pleno dia";"Crescente";"Céu Claro";"Dupla";"Curva";"Sim";4;0;1;0;3;0;1;2;-15,80193245;-48,08368742;"SPRF-DF";"DEL01-DF";"UOP02-DEL03-DF"
264115;2020-01-20;"segunda-feira";"21:00:00";"SP";116;503;"CAJATI";"Defeito na Via";"Queda de ocupante de veículo";"Com Vítimas Feridas";"Plena Noite";"Crescente";"Garoa/Chuvisco";"Dupla";"Curva";"Não";2;0;2;0;0;0;2;1;-24,77541893;-48,20947907;"SPRF-SP";"DEL05-SP";"UOP02-DEL05-SP"
264116;2020-01-20;"segunda-feira";"20:45:00";"SP";116;14,7;"QUELUZ";"Animais na Pista";"Atropelamento de Animal";"Com Vítimas Feridas";"Plena Noite";"Crescente";"Céu Claro";"Dupla";"Reta";"Não";1;0;1;0;0;0;1;1;-22,55635862;-44,81985452;"SPRF-SP";"DEL08-SP";"UOP02-DEL08-SP"
264117;2020-01-20;"segunda-feira";"21:00:00";"RJ";101;314;"SAO GONCALO";"Falta de Atenção à Condução";"Engavetamento";"Sem Vítimas";"Plena Noite";"Crescente";"Nublado";"Dupla";"Reta";"Sim";3;0;0;0;3;0;0;3;-22,81758;-43,078953;"SPRF-RJ";"DEL02-RJ";"UOP02-DEL02-RJ"
264118;2020-01-20;"segunda-feira";"22:05:00";"PR";277;146,5;"PORTO AMAZONAS";"Falta de Atenção à Condução";"Colisão transversal";"Com Vítimas Feridas";"Plena Noite";"Decrescente";"Nublado";"Simples";"Reta";"Não";5;0;3;2;0;0;5;2;-25,47032377;-49,79059696;"SPRF-PR";"DEL01-PR";"UOP06-DEL01-PR"
264119;2020-01-20;"segunda-feira";"11:50:00";"MS";163;400,9;"NOVA ALVORADA DO SUL";"Avarias e/ou desgaste excessivo no pneu";"Tombamento";"Com Vítimas Feridas";"Pleno dia";"Decrescente";"Céu Claro";"Simples";"Reta";"Não";1;0;1;0;0;0;1;1;-21,16832399;-54,47599465;"SPRF-MS";"DEL02-MS";"UOP01-DEL02-MS"
264120;2020-01-20;"segunda-feira";"21:40:00";"BA";324;524;"FEIRA DE SANTANA";"Falta de Atenção à Condução";"Saída de leito carroçável";"Com Vítimas Feridas";"Plena Noite";"Decrescente";"Céu Claro";"Dupla";"Reta";"Sim";2;0;2;0;0;0;2;1;-12,2955119;-38,90487093;"SPRF-BA";"DEL01-BA";"UOP01-DEL01-BA"
264121;2020-01-20;"segunda-feira";"22:50:00";"SC";282;115;"ALFREDO WAGNER";"Velocidade Incompatível";"Saída de leito carroçável";"Com Vítimas Feridas";"Plena Noite";"Decrescente";"Nublado";"Simples";"Curva";"Não";1;0;0;1;0;0;1;1;-27,755424;-49,39444;"SPRF-SC";"DEL01-SC";"UOP03-DEL01-SC"
264123;2020-01-20;"segunda-feira";"17:15:00";"RJ";101;419;"MANGARATIBA";"Desobediência às normas de trânsito pelo condutor";"Colisão frontal";"Com Vítimas Feridas";"Pleno dia";"Crescente";"Nublado";"Simples";"Aclive";"Não";4;0;0;1;3;0;1;4;-22,91808988;-43,91359106;"SPRF-RJ";"DEL03-RJ";"UOP01-DEL03-RJ"
264126;2020-01-20;"segunda-feira";"21:45:00";"PR";376;594,3;"CURITIBA";"Falta de Atenção à Condução";"Colisão transversal";"Com Vítimas Fatais";"Plena Noite";"Decrescente";"Nublado";"Dupla";"Reta";"Sim";2;1;1;0;0;0;1;2;-25,48479613;-49,34730331;"SPRF-PR";"DEL01-PR";"UOP06-DEL01-PR"
264127;2020-01-20;"segunda-feira";"22:50:00";"MS";163;797,7;"PEDRO GOMES";"Defeito Mecânico no Veículo";"Incêndio";"Sem Vítimas";"Plena Noite";"Crescente";"Céu Claro";"Simples";"Declive";"Não";1;0;0;0;1;0;0;1;-17,94366892;-54,68277262;"SPRF-MS";"DEL06-MS";"UOP01-DEL06-MS"
264130;2020-01-20;"segunda-feira";"23:58:00";"RS";116;299,6;"GUAIBA";"Não guardar distância de segurança";"Colisão traseira";"Com Vítimas Feridas";"Plena Noite";"Crescente";"Céu Claro";"Dupla";"Reta";"Sim";2;0;1;0;1;0;1;2;-30,11517464;-51,34563087;"SPRF-RS";"DEL02-RS";"UOP01-DEL02-RS"
264131;2020-01-20;"segunda-feira";"16:16:00";"MG";381;582,9;"CARMOPOLIS DE MINAS";"Pista Escorregadia";"Saída de leito carroçável";"Sem Vítimas";"Pleno dia";"Crescente";"Chuva";"Dupla";"Reta";"Não";1;0;0;0;1;0;0;1;-20,51930642;-44,62405985;"SPRF-MG";"DEL04-MG";"UOP01-DEL04-MG"
264132;2020-01-19;"domingo";"15:50:00";"SP";116;499;"CAJATI";"Pista Escorregadia";"Colisão com objeto estático";"Com Vítimas Feridas";"Pleno dia";"Crescente";"Nublado";"Dupla";"Curva;Aclive";"Não";4;0;3;0;0;1;3;2;-24,78228753;-48,17695233;"SPRF-SP";"DEL05-SP";"UOP02-DEL05-SP"
264134;2020-01-20;"segunda-feira";"22:30:00";"RJ";101;169,1;"MACAE";"Desobediência às normas de trânsito pelo condutor";"Colisão frontal";"Com Vítimas Feridas";"Plena Noite";"Decrescente";"Nublado";"Simples";"Reta";"Não";5;0;0;5;0;0;5;2;-22,35125958;-41,9221205;"SPRF-RJ";"DEL02-RJ";"UOP04-DEL08-RJ"
264136;2020-01-20;"segunda-feira";"23:57:00";"RS";116;299,6;"GUAIBA";"Falta de Atenção à Condução";"Saída de leito carroçável";"Com Vítimas Feridas";"Plena Noite";"Crescente";"Céu Claro";"Dupla";"Reta";"Sim";1;0;1;0;0;0;1;1;-30,11517464;-51,34563087;"SPRF-RS";"DEL02-RS";"UOP01-DEL02-RS"
264137;2020-01-21;"terça-feira";"01:30:00";"PE";101;70;"RECIFE";"Sinalização da via insuficiente ou inadequada";"Colisão com objeto estático";"Com Vítimas Feridas";"Plena Noite";"Crescente";"Céu Claro";"Dupla";"Interseção de Vias";"Sim";2;0;1;1;0;0;2;1;-8,06776119;-34,94265074;"SPRF-PE";"DEL01-PE";"UOP01-DEL01-PE"
264140;2020-01-21;"terça-feira";"01:00:00";"MG";116;429,9;"ALPERCATA";"Velocidade Incompatível";"Colisão traseira";"Com Vítimas Feridas";"Plena Noite";"Crescente";"Nublado";"Simples";"Interseção de Vias";"Não";2;0;1;0;0;1;1;2;-18,99119185;-41,98354684;"SPRF-MG";"DEL06-MG";"UOP01-DEL06-MG"
264142;2020-01-20;"segunda-feira";"22:45:00";"GO";158;274,9;"JATAI";"Ingestão de Álcool";"Colisão com objeto estático";"Sem Vítimas";"Plena Noite";"Decrescente";"Chuva";"Dupla";"Rotatória";"Sim";1;0;0;0;1;0;0;1;-17,89704019;-51,7366293;"SPRF-GO";"DEL05-GO";"UOP01-DEL05-GO"
264148;2020-01-20;"segunda-feira";"15:08:00";"BA";116;168;"CANUDOS";"Falta de Atenção à Condução";"Saída de leito carroçável";"Com Vítimas Fatais";"Pleno dia";"Crescente";"Céu Claro";"Simples";"Reta";"Não";44;4;38;1;1;0;39;1;-10,09214397;-39,13523094;"SPRF-BA";"DEL07-BA";"UOP02-DEL07-BA"
264151;2020-01-21;"terça-feira";"05:55:00";"SP";116;215,3;"GUARULHOS";"Defeito Mecânico no Veículo";"Incêndio";"Sem Vítimas";"Pleno dia";"Decrescente";"Nublado";"Múltipla";"Reta";"Sim";3;0;0;0;3;0;0;1;-23,44695693;-46,45394103;"SPRF-SP";"DEL01-SP";"UOP01-DEL01-SP"
264155;2020-01-20;"segunda-feira";"22:30:00";"MG";381;480,3;"CONTAGEM";"Falta de Atenção à Condução";"Tombamento";"Com Vítimas Feridas";"Plena Noite";"Decrescente";"Nublado";"Dupla";"Reta";"Sim";1;0;1;0;0;0;1;1;-19,95931561;-44,08825597;"SPRF-MG";"DEL01-MG";"UOP03-DEL01-MG"
264157;2020-01-21;"terça-feira";"06:50:00";"SC";470;56,1;"BLUMENAU";"Desobediência às normas de trânsito pelo condutor";"Colisão lateral";"Com Vítimas Feridas";"Pleno dia";"Decrescente";"Nublado";"Simples";"Reta";"Sim";2;0;1;0;1;0;1;2;-26,87674;-49,127743;"SPRF-SC";"DEL04-SC";"UOP01-DEL04-SC"
264158;2020-01-21;"terça-feira";"06:10:00";"PR";277;724;"FOZ DO IGUACU";"Falta de Atenção à Condução";"Capotamento";"Com Vítimas Feridas";"Pleno dia";"Crescente";"Céu Claro";"Dupla";"Reta";"Sim";1;0;1;0;0;0;1;1;-25,50257577;-54,53868311;"SPRF-PR";"DEL05-PR";"UOP01-DEL05-PR"
264161;2020-01-21;"terça-feira";"04:00:00";"RJ";101;183,8;"RIO DAS OSTRAS";"Condutor Dormindo";"Colisão frontal";"Com Vítimas Fatais";"Plena Noite";"Decrescente";"Nublado";"Simples";"Reta";"Não";6;2;0;4;0;0;4;2;-22,42673584;-42,01668406;"SPRF-RJ";"DEL02-RJ";"UOP04-DEL08-RJ"
264162;2020-01-21;"terça-feira";"06:20:00";"SP";153;57,6;"SAO JOSE DO RIO PRETO";"Falta de Atenção à Condução";"Colisão traseira";"Com Vítimas Feridas";"Pleno dia";"Crescente";"Céu Claro";"Simples";"Reta;Desvio Temporário";"Sim";2;0;1;0;1;0;1;2;-20,76991095;-49,34982212;"SPRF-SP";"DEL09-SP";"UOP01-DEL09-SP"
264163;2020-01-21;"terça-feira";"07:30:00";"BA";324;527;"FEIRA DE SANTANA";"Falta de Atenção à Condução";"Colisão traseira";"Com Vítimas Feridas";"Pleno dia";"Decrescente";"Céu Claro";"Dupla";"Reta";"Sim";3;0;1;0;2;0;1;2;-12,31183923;-38,88331817;"SPRF-BA";"DEL01-BA";"UOP01-DEL01-BA"
264165;2020-01-21;"terça-feira";"07:40:00";"SP";116;211;"GUARULHOS";"Falta de Atenção à Condução";"Colisão traseira";"Com Vítimas Feridas";"Pleno dia";"Crescente";"Nublado";"Dupla";"Declive";"Não";5;0;1;0;4;0;1;2;-23,4324306;-46,4194352;"SPRF-SP";"DEL01-SP";"UOP01-DEL01-SP"
264166;2020-01-21;"terça-feira";"07:30:00";"RN";405;163;"RAFAEL FERNANDES";"Falta de Atenção à Condução";"Colisão transversal";"Com Vítimas Feridas";"Pleno dia";"Crescente";"Nublado";"Simples";"Interseção de Vias";"Não";4;0;4;0;0;0;4;2;-6,22205578;-38,2366676;"SPRF-RN";"DEL04-RN";"UOP02-DEL04-RN"
264167;2020-01-21;"terça-feira";"06:55:00";"SC";101;43,7;"JOINVILLE";"Falta de Atenção à Condução";"Colisão traseira";"Com Vítimas Feridas";"Amanhecer";"Decrescente";"Sol";"Dupla";"Reta";"Não";2;0;1;0;1;0;1;2;-26,30357106;-48,88225609;"SPRF-SC";"DEL03-SC";"UOP01-DEL03-SC"
264169;2020-01-21;"terça-feira";"07:20:00";"PE";232;132,5;"CARUARU";"Falta de Atenção à Condução";"Colisão traseira";"Com Vítimas Feridas";"Pleno dia";"Decrescente";"Céu Claro";"Dupla";"Reta";"Sim";2;0;1;0;1;0;1;2;-8,3036244;-36,00710089;"SPRF-PE";"DEL02-PE";"UOP03-DEL02-PE"
264170;2020-01-21;"terça-feira";"06:00:00";"MT";364;373;"SANTO ANTONIO DO LEVERGER";"Condutor Dormindo";"Saída de leito carroçável";"Sem Vítimas";"Amanhecer";"Crescente";"Céu Claro";"Dupla";"Reta";"Não";1;0;0;0;0;1;0;1;-15,70895072;-55,70202884;"SPRF-MT";"DEL02-MT";"UOP02-DEL01-MT"
264171;2020-01-21;"terça-feira";"07:50:00";"MG";365;624;"UBERLANDIA";"Desobediência às normas de trânsito pelo condutor";"Colisão traseira";"Com Vítimas Feridas";"Amanhecer";"Decrescente";"Céu Claro";"Múltipla";"Reta";"Não";2;0;1;0;1;0;1;2;-18,90754763;-48,3160669;"SPRF-MG";"DEL15-MG";"UOP01-DEL15-MG"
264172;2020-01-21;"terça-feira";"07:00:00";"DF";251;15,1;"BRASILIA";"Pista Escorregadia";"Colisão com objeto estático";"Com Vítimas Feridas";"Amanhecer";"Decrescente";"Garoa/Chuvisco";"Simples";"Curva";"Não";5;0;0;1;4;0;1;1;-15,939043;-47,606361;"SPRF-DF";"DEL01-DF";"UOP01-DEL01-DF"
264173;2020-01-21;"terça-feira";"08:05:00";"SP";116;158,8;"JACAREI";"Falta de Atenção à Condução";"Colisão traseira";"Com Vítimas Feridas";"Pleno dia";"Decrescente";"Céu Claro";"Dupla";"Reta";"Não";2;0;1;0;1;0;1;2;-23,26072137;-45,95179176;"SPRF-SP";"DEL02-SP";"UOP01-DEL02-SP"
264174;2020-01-21;"terça-feira";"07:30:00";"MA";135;13;"SAO LUIS";"Falta de Atenção à Condução";"Colisão lateral";"Com Vítimas Feridas";"Pleno dia";"Crescente";"Nublado";"Dupla";"Reta";"Sim";2;0;1;0;1;0;1;2;-2,68053538;-44,29512283;"SPRF-MA";"DEL01-MA";"UOP01-DEL01-MA"
264175;2020-01-21;"terça-feira";"08:00:00";"RS";386;351,9;"ESTRELA";"Pista Escorregadia";"Tombamento";"Com Vítimas Feridas";"Pleno dia";"Decrescente";"Chuva";"Dupla";"Reta";"Não";1;0;1;0;0;0;1;1;-29,483124;-51,954472;"SPRF-RS";"DEL04-RS";"UOP02-DEL04-RS"
264176;2020-01-21;"terça-feira";"07:40:00";"BA";324;617;"SALVADOR";"Falta de Atenção à Condução";"Colisão traseira";"Sem Vítimas";"Pleno dia";"Crescente";"Céu Claro";"Múltipla";"Reta";"Não";3;0;0;0;3;0;0;3;-12,8860325;-38,43806469;"SPRF-BA";"DEL01-BA";"UOP01-DEL01-BA"
264178;2020-01-21;"terça-feira";"07:30:00";"RJ";40;120,9;"DUQUE DE CAXIAS";"Falta de Atenção à Condução";"Colisão traseira";"Com Vítimas Feridas";"Pleno dia";"Crescente";"Nublado";"Dupla";"Reta";"Sim";2;0;1;0;1;0;1;2;-22,77280597;-43,28626763;"SPRF-RJ";"DEL01-RJ";"UOP01-DEL01-RJ"
264180;2020-01-21;"terça-feira";"08:45:00";"SE";101;93;"NOSSA SENHORA DO SOCORRO";"Desobediência às normas de trânsito pelo condutor";"Colisão lateral";"Com Vítimas Feridas";"Pleno dia";"Crescente";"Céu Claro";"Dupla";"Reta";"Sim";3;0;2;0;1;0;2;2;-10,90212319;-37,14494787;"SPRF-SE";"DEL01-SE";"UOP01-DEL01-SE"
264181;2020-01-21;"terça-feira";"08:00:00";"BA";324;617;"SALVADOR";"Desobediência às normas de trânsito pelo condutor";"Queda de ocupante de veículo";"Com Vítimas Feridas";"Pleno dia";"Crescente";"Céu Claro";"Dupla";"Reta";"Sim";1;0;1;0;0;0;1;1;-12,8860325;-38,43806469;"SPRF-BA";"DEL01-BA";"UOP01-DEL01-BA"
264182;2020-01-19;"domingo";"18:20:00";"PA";230;110;"MARABA";"Defeito Mecânico no Veículo";"Saída de leito carroçável";"Com Vítimas Feridas";"Anoitecer";"Crescente";"Chuva";"Simples";"Reta";"Não";3;0;2;0;1;0;2;1;-5,37342727;-49,03126806;"SPRF-PA";"DEL03-PA";"UOP01-DEL03-PA"
264184;2020-01-21;"terça-feira";"08:30:00";"RJ";101;566;"PARATY";"Defeito Mecânico no Veículo";"Colisão com objeto estático";"Sem Vítimas";"Pleno dia";"Crescente";"Céu Claro";"Simples";"Curva";"Não";1;0;0;0;1;0;0;1;-23,15459804;-44,704976;"SPRF-RJ";"DEL03-RJ";"UOP04-DEL03-RJ"
264186;2020-01-21;"terça-feira";"09:20:00";"SC";470;7,2;"NAVEGANTES";"Falta de Atenção à Condução";"Colisão lateral";"Sem Vítimas";"Pleno dia";"Crescente";"Céu Claro";"Simples";"Reta;Interseção de Vias";"Sim";2;0;0;0;2;0;0;2;-26,8434668;-48,71543884;"SPRF-SC";"DEL04-SC";"UOP04-DEL04-SC"
264187;2020-01-21;"terça-feira";"07:30:00";"MT";163;838,7;"SINOP";"Desobediência às normas de trânsito pelo condutor";"Colisão transversal";"Com Vítimas Feridas";"Pleno dia";"Decrescente";"Céu Claro";"Dupla";"Reta";"Sim";2;0;1;0;1;0;1;2;-11,82873;-55,48679;"SPRF-MT";"DEL06-MT";"UOP02-DEL06-MT"
264189;2020-01-21;"terça-feira";"09:00:00";"AL";424;105,4;"MARECHAL DEODORO";"Falta de Atenção à Condução";"Saída de leito carroçável";"Com Vítimas Feridas";"Pleno dia";"Decrescente";"Céu Claro";"Simples";"Curva";"Não";1;0;1;0;0;0;1;1;-9,68581717;-35,82572614;"SPRF-AL";"DEL02-AL";"UOP01-DEL02-AL"
264191;2020-01-21;"terça-feira";"09:15:00";"TO";153;334,4;"GUARAI";"Falta de Atenção à Condução";"Colisão transversal";"Com Vítimas Feridas";"Pleno dia";"Crescente";"Sol";"Dupla";"Interseção de Vias";"Sim";2;0;1;0;1;0;1;2;-8,835718;-48,512123;"SPRF-TO";"DEL02-TO";"UOP02-DEL02-TO"
264192;2020-01-21;"terça-feira";"08:40:00";"SC";101;32,6;"JOINVILLE";"Avarias e/ou desgaste excessivo no pneu";"Tombamento";"Com Vítimas Feridas";"Pleno dia";"Decrescente";"Nublado";"Dupla";"Reta";"Não";1;0;1;0;0;0;1;1;-26,226987;-48,91657;"SPRF-SC";"DEL03-SC";"UOP01-DEL03-SC"
264193;2020-01-21;"terça-feira";"09:11:00";"PI";343;55;"BURITI DOS LOPES";"Não guardar distância de segurança";"Colisão lateral";"Com Vítimas Feridas";"Pleno dia";"Decrescente";"Nublado";"Simples";"Reta";"Não";3;0;1;0;2;0;1;2;-3,215801;-41,824821;"SPRF-PI";"DEL05-PI";"UOP01-DEL05-PI"
264194;2020-01-21;"terça-feira";"08:00:00";"CE";116;0,5;"FORTALEZA";"Falta de Atenção à Condução";"Colisão com objeto estático";"Com Vítimas Feridas";"Pleno dia";"Decrescente";"Céu Claro";"Dupla";"Reta";"Sim";4;0;1;0;3;0;1;4;-3,754584;-38,523407;"SPRF-CE";"DEL01-CE";"UOP02-DEL01-CE"
264195;2020-01-19;"domingo";"19:15:00";"PE";423;145,9;"IATI";"Ultrapassagem Indevida";"Colisão frontal";"Com Vítimas Feridas";"Plena Noite";"Crescente";"Céu Claro";"Simples";"Reta";"Não";2;0;0;1;1;0;1;2;-9,00914428;-36,8678548;"SPRF-PE";"DEL03-PE";"UOP01-DEL03-PE"
264197;2020-01-21;"terça-feira";"09:25:00";"GO";60;97,4;"ANAPOLIS";"Falta de Atenção à Condução";"Colisão lateral";"Com Vítimas Feridas";"Pleno dia";"Crescente";"Céu Claro";"Múltipla";"Reta";"Sim";2;0;1;0;0;1;1;2;-16,3774;-48,9483;"SPRF-GO";"DEL02-GO";"UOP01-DEL02-GO"