"id";"data_inversa";"dia_semana";"horario";"uf";"br";"km";"municipio";"causa_acidente";"tipo_acidente";"classificacao_acidente";"fase_dia";"sentido_via";"condicao_metereologica";"tipo_pista";"tracado_via";"uso_solo";"pessoas";"mortos";"feridos_leves";"feridos_graves";"ilesos";"ignorados";"feridos";"veiculos";"latitude";"longitude";"regional";"delegacia";"uop"
264305;2020-01-21;"terça-feira";"18:15:00";"MT";163;834,5;"SINOP";"Falta de Atenção à Condução";"Colisão traseira";"Com Vítimas Feridas";"Plena Noite";"Decrescente";"Céu Claro";"Dupla";"Retorno Regulamentado";"Sim";3;0;2;0;1;0;2;2;-11,995863;-55,51709;"SPRF-MT";"DEL06-MT";"UOP01-DEL06-MT"
264306;2020-01-21;"terça-feira";"19:40:00";"PI";343;347;"TERESINA";"Objeto estático sobre o leito carroçável";"Colisão com objeto estático";"Com Vítimas Feridas";"Plena Noite";"Crescente";"Céu Claro";"Dupla";"Reta";"Sim";4;0;1;0;3;0;1;3;-5,114822;-42,778355;"SPRF-PI";"DEL01-PI";"UOP01-DEL01-PI"
264307;2020-01-21;"terça-feira";"19:30:00";"PE";101;48,8;"ABREU E LIMA";"Falta de Atenção do Pedestre";"Atropelamento de Pedestre";"Sem Vítimas";"Plena Noite";"Decrescente";"Céu Claro";"Múltipla";"Curva";"Sim";2;0;0;0;1;1;0;2;-7,89174705;-34,9033493;"SPRF-PE";"DEL01-PE";"UOP02-DEL01-PE"
264308;2020-01-21;"terça-feira";"20:20:00";"SC";101;348,2;"JAGUARUNA";"Falta de Atenção à Condução";"Colisão frontal";"Com Vítimas Feridas";"Plena Noite";"Crescente";"Nublado";"Múltipla";"Reta";"Sim";2;0;0;1;1;0;1;2;-28,57317505;-49,05292143;"SPRF-SC";"DEL02-SC";"UOP01-DEL02-SC"
264309;2020-01-21;"terça-feira";"19:20:00";"SC";280;140,3;"RIO NEGRINHO";"Falta de Atenção à Condução";"Atropelamento de Pedestre";"Com Vítimas Feridas";"Plena Noite";"Crescente";"Nublado";"Simples";"Reta";"Não";2;0;1;0;1;0;1;2;-26,25385392;-49,612674;"SPRF-SC";"DEL06-SC";"UOP03-DEL06-SC"
264310;2020-01-21;"terça-feira";"20:45:00";"CE";222;70,6;"SAO GONCALO DO AMARANTE";"Animais na Pista";"Atropelamento de Animal";"Com Vítimas Feridas";"Plena Noite";"Crescente";"Céu Claro";"Simples";"Reta";"Não";1;0;0;1;0;0;1;1;-3,67058327;-39,17020399;"SPRF-CE";"DEL01-CE";"UOP03-DEL01-CE"
264311;2020-01-21;"terça-feira";"20:50:00";"MS";463;3,5;"DOURADOS";"Desobediência às normas de trânsito pelo condutor";"Colisão traseira";"Com Vítimas Feridas";"Plena Noite";"Decrescente";"Céu Claro";"Simples";"Reta";"Não";2;0;0;1;1;0;1;2;-22,25933694;-54,83779734;"SPRF-MS";"DEL04-MS";"UOP01-DEL04-MS"
264313;2020-01-21;"terça-feira";"16:11:00";"RJ";101;309;"SAO GONCALO";"Agressão Externa";"Queda de ocupante de veículo";"Com Vítimas Feridas";"Pleno dia";"Decrescente";"Nublado";"Simples";"Declive";"Não";1;0;1;0;0;0;1;1;-22,79498873;-43,03446105;"SPRF-RJ";"DEL02-RJ";"UOP02-DEL02-RJ"
264314;2020-01-21;"terça-feira";"21:20:00";"RN";405;0,3;"MOSSORO";"Desobediência às normas de trânsito pelo condutor";"Colisão transversal";"Com Vítimas Feridas";"Plena Noite";"Crescente";"Céu Claro";"Simples";"Reta";"Sim";3;0;2;0;1;0;2;2;-5,1914673;-37,351887;"SPRF-RN";"DEL04-RN";"UOP02-DEL04-RN"
264316;2020-01-21;"terça-feira";"22:20:00";"PB";230;155,9;"CAMPINA GRANDE";"Falta de Atenção à Condução";"Colisão frontal";"Sem Vítimas";"Plena Noite";"Crescente";"Nublado";"Simples";"Reta";"Sim";3;0;0;0;3;0;0;3;-7,2693;-35,9138;"SPRF-PB";"DEL02-PB";"UOP01-DEL02-PB"
264318;2020-01-21;"terça-feira";"22:00:00";"PR";277;590,1;"CASCAVEL";"Desobediência às normas de trânsito pelo pedestre";"Atropelamento de Pedestre";"Com Vítimas Feridas";"Plena Noite";"Decrescente";"Céu Claro";"Simples";"Interseção de Vias";"Sim";2;0;1;0;0;1;1;2;-24,98120697;-53,45591501;"SPRF-PR";"DEL04-PR";"UOP01-DEL04-PR"
264319;2020-01-21;"terça-feira";"22:35:00";"PR";476;140,5;"CURITIBA";"Falta de Atenção à Condução";"Colisão transversal";"Com Vítimas Feridas";"Plena Noite";"Crescente";"Nublado";"Dupla";"Reta";"Não";2;0;1;0;0;1;1;2;-25,520693;-49,294121;"SPRF-PR";"DEL01-PR";"UOP03-DEL01-PR"
264320;2020-01-21;"terça-feira";"18:21:00";"RJ";101;319;"SAO GONCALO";"Falta de Atenção à Condução";"Colisão traseira";"Com Vítimas Feridas";"Anoitecer";"Decrescente";"Nublado";"Dupla";"Reta";"Não";3;0;1;0;2;0;1;2;-22,85411774;-43,1018014;"SPRF-RJ";"DEL02-RJ";"UOP01-DEL02-RJ"
264321;2020-01-21;"terça-feira";"19:30:00";"RS";290;100;"PORTO ALEGRE";"Defeito Mecânico no Veículo";"Incêndio";"Sem Vítimas";"Plena Noite";"Crescente";"Nublado";"Dupla";"Reta";"Não";1;0;0;0;1;0;0;1;-29,988646;-51,236553;"SPRF-RS";"DEL01-RS";"UOP01-DEL01-RS"
264322;2020-01-21;"terça-feira";"19:39:00";"MT";158;796,3;"BARRA DO GARCAS";"Fenômenos da Natureza";"Atropelamento de Pedestre";"Com Vítimas Feridas";"Plena Noite";"Crescente";"Chuva";"Simples";"Reta";"Sim";2;0;0;2;0;0;2;2;-15,83321456;-52,30625153;"SPRF-MT";"DEL07-MT";"UOP01-DEL07-MT"
264323;2020-01-21;"terça-feira";"22:00:00";"SC";163;69,2;"SAO MIGUEL DO OESTE";"Desobediência às normas de trânsito pelo condutor";"Atropelamento de Pedestre";"Com Vítimas Feridas";"Plena Noite";"Crescente";"Nublado";"Dupla";"Reta";"Sim";2;0;1;0;0;1;1;2;-26,74132699;-53,50120591;"SPRF-SC";"DEL07-SC";"UOP03-DEL07-SC"
264325;2020-01-21;"terça-feira";"22:50:00";"RJ";40;108;"DUQUE DE CAXIAS";"Defeito Mecânico no Veículo";"Colisão com objeto estático";"Com Vítimas Feridas";"Plena Noite";"Decrescente";"Nublado";"Dupla";"Reta";"Sim";2;0;1;0;1;0;1;1;-22,66476979;-43,28495144;"SPRF-RJ";"DEL01-RJ";"UOP01-DEL01-RJ"
264326;2020-01-21;"terça-feira";"18:55:00";"RO";364;507;"ARIQUEMES";"Ultrapassagem Indevida";"Colisão frontal";"Sem Vítimas";"Plena Noite";"Crescente";"Ignorado";"Simples";"Reta";"Não";4;0;0;0;2;2;0;2;-9,98347879;-63,02364384;"SPRF-RO";"DEL03-RO";"UOP01-DEL03-RO"
264327;2020-01-21;"terça-feira";"23:35:00";"MG";262;414;"IGARATINGA";"Falta de Atenção do Pedestre";"Atropelamento de Pedestre";"Com Vítimas Fatais";"Plena Noite";"Crescente";"Nublado";"Dupla";"Reta";"Não";2;1;0;0;1;0;0;2;-19,90339593;-44,66308607;"SPRF-MG";"DEL08-MG";"UOP03-DEL08-MG"
264328;2020-01-22;"quarta-feira";"00:55:00";"PR";116;115;"CURITIBA";"Ingestão de Álcool";"Colisão traseira";"Com Vítimas Feridas";"Plena Noite";"Crescente";"Céu Claro";"Múltipla";"Reta";"Sim";2;0;1;0;1;0;1;2;-25,55953326;-49,26560414;"SPRF-PR";"DEL01-PR";"UOP06-DEL01-PR"
264329;2020-01-21;"terça-feira";"18:50:00";"BA";101;718;"EUNAPOLIS";"Falta de Atenção à Condução";"Colisão transversal";"Com Vítimas Feridas";"Plena Noite";"Decrescente";"Céu Claro";"Simples";"Reta";"Sim";2;0;0;1;1;0;1;2;-16,3728506;-39,58099365;"SPRF-BA";"DEL09-BA";"UOP01-DEL09-BA"
264330;2020-01-21;"terça-feira";"15:30:00";"BA";101;461,8;"ITACARE";"Falta de Atenção à Condução";"Colisão frontal";"Com Vítimas Feridas";"Pleno dia";"Decrescente";"Céu Claro";"Simples";"Reta";"Não";6;0;3;3;0;0;6;2;-14,45448;-39,321492;"SPRF-BA";"DEL05-BA";"UOP01-DEL05-BA"
264331;2020-01-21;"terça-feira";"17:00:00";"BA";30;659;"MARAU";"Velocidade Incompatível";"Colisão com objeto estático";"Com Vítimas Fatais";"Pleno dia";"Crescente";"Céu Claro";"Simples";"Reta";"Não";1;1;0;0;0;0;0;1;-14,231482;-39,103109;"SPRF-BA";"DEL05-BA";"UOP01-DEL05-BA"
264333;2020-01-22;"quarta-feira";"02:00:00";"PR";116;28;"CAMPINA GRANDE DO SUL";"Velocidade Incompatível";"Colisão traseira";"Com Vítimas Feridas";"Plena Noite";"Crescente";"Nublado";"Múltipla";"Reta";"Não";2;0;1;0;1;0;1;1;-25,10670298;-48,80405799;"SPRF-PR";"DEL01-PR";"UOP02-DEL01-PR"
264334;2020-01-22;"quarta-feira";"02:00:00";"MT";163;707,8;"SORRISO";"Velocidade Incompatível";"Capotamento";"Com Vítimas Feridas";"Plena Noite";"Decrescente";"Céu Claro";"Simples";"Reta";"Não";2;0;2;0;0;0;2;1;-12,91211122;-55,85256837;"SPRF-MT";"DEL06-MT";"UOP01-DEL06-MT"
264337;2020-01-22;"quarta-feira";"04:05:00";"SC";101;337,4;"TUBARAO";"Ingestão de Álcool";"Saída de leito carroçável";"Com Vítimas Feridas";"Plena Noite";"Decrescente";"Céu Claro";"Dupla";"Curva;Aclive";"Não";1;0;1;0;0;0;1;1;-28,49145644;-49,03932095;"SPRF-SC";"DEL02-SC";"UOP01-DEL02-SC"
264338;2020-01-22;"quarta-feira";"02:35:00";"MS";267;37;"BATAGUASSU";"Animais na Pista";"Tombamento";"Com Vítimas Feridas";"Plena Noite";"Decrescente";"Céu Claro";"Simples";"Reta";"Não";1;0;1;0;0;0;1;1;-21,75871205;-52,48595196;"SPRF-MS";"DEL02-MS";"UOP04-DEL02-MS"
264341;2020-01-22;"quarta-feira";"04:40:00";"SC";470;129,9;"LONTRAS";"Desobediência às normas de trânsito pelo condutor";"Colisão transversal";"Com Vítimas Feridas";"Amanhecer";"Decrescente";"Nublado";"Simples";"Retorno Regulamentado";"Sim";2;0;1;0;1;0;1;2;-27,148499;-49,556137;"SPRF-SC";"DEL04-SC";"UOP02-DEL04-SC"
264346;2020-01-22;"quarta-feira";"06:40:00";"TO";153;792;"TALISMA";"Pista Escorregadia";"Colisão com objeto estático";"Com Vítimas Feridas";"Pleno dia";"Decrescente";"Chuva";"Simples";"Reta";"Não";4;0;3;0;1;0;3;1;-12,74532399;-49,08260904;"SPRF-TO";"DEL02-TO";"UOP02-DEL01-TO"
264348;2020-01-22;"quarta-feira";"06:55:00";"PR";376;2,9;"APUCARANA";"Animais na Pista";"Atropelamento de Animal";"Com Vítimas Feridas";"Amanhecer";"Crescente";"Céu Claro";"Dupla";"Declive";"Sim";2;0;2;0;0;0;2;1;-23,559628;-51,435666;"SPRF-PR";"DEL07-PR";"UOP03-DEL07-PR"
264349;2020-01-22;"quarta-feira";"07:10:00";"CE";116;2;"FORTALEZA";"Desobediência às normas de trânsito pelo condutor";"Colisão traseira";"Com Vítimas Feridas";"Pleno dia";"Decrescente";"Céu Claro";"Múltipla";"Reta";"Sim";3;0;1;0;2;0;1;3;-3,77019802;-38,51724508;"SPRF-CE";"DEL01-CE";"UOP02-DEL01-CE"
264352;2020-01-22;"quarta-feira";"07:45:00";"PE";101;70;"RECIFE";"Falta de Atenção à Condução";"Colisão traseira";"Sem Vítimas";"Pleno dia";"Crescente";"Chuva";"Dupla";"Reta";"Sim";3;0;0;0;3;0;0;3;-8,076599;-34,935614;"SPRF-PE";"DEL01-PE";"UOP01-DEL01-PE"
264353;2020-01-22;"quarta-feira";"06:50:00";"RS";448;22;"PORTO ALEGRE";"Pista Escorregadia";"Colisão com objeto estático";"Com Vítimas Feridas";"Pleno dia";"Crescente";"Garoa/Chuvisco";"Simples";"Curva";"Sim";2;0;1;0;1;0;1;1;-29,972212;-51,199139;"SPRF-RS";"DEL01-RS";"UOP01-DEL01-RS"
264354;2020-01-22;"quarta-feira";"05:25:00";"RS";386;360,4;"ESTRELA";"Velocidade Incompatível";"Saída de leito carroçável";"Com Vítimas Feridas";"Amanhecer";"Crescente";"Chuva";"Dupla";"Curva";"Não";1;0;1;0;0;0;1;1;-29,5476;-51,908142;"SPRF-RS";"DEL04-RS";"UOP02-DEL04-RS"
264355;2020-01-22;"quarta-feira";"07:00:00";"MG";40;455,6;"CAETANOPOLIS";"Pista Escorregadia";"Saída de leito carroçável";"Com Vítimas Feridas";"Pleno dia";"Decrescente";"Garoa/Chuvisco";"Dupla";"Curva";"Sim";3;0;2;1;0;0;3;1;-19,35767518;-44,34735515;"SPRF-MG";"DEL02-MG";"UOP01-DEL02-MG"
264356;2020-01-22;"quarta-feira";"07:00:00";"BA";367;60,8;"PORTO SEGURO";"Falta de Atenção à Condução";"Colisão traseira";"Com Vítimas Feridas";"Pleno dia";"Crescente";"Céu Claro";"Simples";"Reta";"Não";5;0;1;0;2;2;1;4;-16,38900611;-39,38363497;"SPRF-BA";"DEL09-BA";"UOP01-DEL09-BA"
264357;2020-01-22;"quarta-feira";"07:25:00";"DF";40;5,9;"BRASILIA";"Falta de Atenção à Condução";"Colisão transversal";"Com Vítimas Feridas";"Pleno dia";"Decrescente";"Nublado";"Dupla";"Reta";"Não";3;0;1;0;2;0;1;2;-16,020903;-47,980541;"SPRF-DF";"DEL01-DF";"UOP01-DEL01-DF"
264358;2020-01-22;"quarta-feira";"07:40:00";"PR";476;142;"CURITIBA";"Não guardar distância de segurança";"Colisão traseira";"Com Vítimas Feridas";"Pleno dia";"Decrescente";"Nublado";"Dupla";"Viaduto";"Sim";2;0;0;1;1;0;1;2;-25,537161;-49,301632;"SPRF-PR";"DEL01-PR";"UOP03-DEL01-PR"
264359;2020-01-22;"quarta-feira";"07:30:00";"PR";277;98;"CURITIBA";"Velocidade Incompatível";"Colisão traseira";"Com Vítimas Feridas";"Pleno dia";"Decrescente";"Nublado";"Dupla";"Reta";"Não";3;0;1;0;2;0;1;2;-25,43095052;-49,35560703;"SPRF-PR";"DEL01-PR";"UOP06-DEL01-PR"
264361;2020-01-22;"quarta-feira";"07:35:00";"PR";158;538;"PATO BRANCO";"Ingestão de Álcool";"Tombamento";"Com Vítimas Feridas";"Pleno dia";"Decrescente";"Céu Claro";"Simples";"Curva";"Não";1;0;0;1;0;0;1;1;-26,25603095;-52,70878155;"SPRF-PR";"DEL02-PR";"UOP01-DEL02-PR"
264362;2020-01-22;"quarta-feira";"04:00:00";"PI";407;455;"JAICOS";"Animais na Pista";"Capotamento";"Sem Vítimas";"Pleno dia";"Crescente";"Céu Claro";"Simples";"Reta";"Não";1;0;0;0;0;1;0;1;-7,26898777;-41,21594882;"SPRF-PI";"DEL04-PI";"UOP01-DEL04-PI"
264363;2020-01-22;"quarta-feira";"08:34:00";"DF";70;7,4;"BRASILIA";"Não guardar distância de segurança";"Colisão traseira";"Sem Vítimas";"Pleno dia";"Crescente";"Nublado";"Dupla";"Aclive;Reta";"Sim";2;0;0;0;2;0;0;2;-15,786645;-48,117766;"SPRF-DF";"DEL01-DF";"UOP02-DEL03-DF"
264366;2020-01-22;"quarta-feira";"09:00:00";"CE";116;500,9;"BREJO SANTO";"Falta de Atenção à Condução";"Colisão transversal";"Com Vítimas Feridas";"Pleno dia";"Crescente";"Nublado";"Simples";"Reta;Aclive";"Sim";5;0;1;0;4;0;1;2;-7,47774564;-38,98090303;"SPRF-CE";"DEL05-CE";"UOP03-DEL05-CE"
264367;2020-01-22;"quarta-feira";"09:30:00";"PR";376;351;"ORTIGUEIRA";"Falta de Atenção à Condução";"Queda de ocupante de veículo";"Com Vítimas Feridas";"Pleno dia";"Decrescente";"Nublado";"Dupla";"Reta";"Não";2;0;2;0;0;0;2;1;-24,24967008;-50,90424011;"SPRF-PR";"DEL03-PR";"UOP02-DEL03-PR"
264371;2020-01-22;"quarta-feira";"07:20:00";"RJ";40;101;"DUQUE DE CAXIAS";"Defeito na Via";"Tombamento";"Com Vítimas Feridas";"Pleno dia";"Crescente";"Céu Claro";"Dupla";"Reta";"Sim";1;0;1;0;0;0;1;1;-22,60246485;-43,28380739;"SPRF-RJ";"DEL01-RJ";"UOP01-DEL01-RJ"
264373;2020-01-22;"quarta-feira";"09:00:00";"RS";480;72,4;"ERECHIM";"Falta de Atenção à Condução";"Colisão com objeto estático";"Com Vítimas Feridas";"Pleno dia";"Decrescente";"Chuva";"Simples";"Interseção de Vias";"Não";1;0;1;0;0;0;1;1;-27,64050055;-52,3028183;"SPRF-RS";"DEL08-RS";"UOP04-DEL08-RS"
264374;2020-01-22;"quarta-feira";"09:00:00";"RN";110;49,6;"MOSSORO";"Falta de Atenção do Pedestre";"Atropelamento de Pedestre";"Com Vítimas Feridas";"Pleno dia";"Decrescente";"Céu Claro";"Dupla";"Reta";"Sim";2;0;2;0;0;0;2;2;-5,21645975;-37,32927128;"SPRF-RN";"DEL04-RN";"UOP01-DEL04-RN"
264375;2020-01-22;"quarta-feira";"09:45:00";"PR";376;178,6;"MARINGA";"Falta de Atenção à Condução";"Colisão lateral";"Com Vítimas Feridas";"Pleno dia";"Crescente";"Céu Claro";"Dupla";"Interseção de Vias";"Sim";2;0;1;0;1;0;1;2;-23,421289;-51,907388;"SPRF-PR";"DEL07-PR";"UOP01-DEL09-PR"
264376;2020-01-22;"quarta-feira";"10:00:00";"MG";262;842,7;"CONCEICAO DAS ALAGOAS";"Velocidade Incompatível";"Capotamento";"Sem Vítimas";"Pleno dia";"Crescente";"Nublado";"Dupla";"Reta";"Não";1;0;0;0;0;1;0;1;-19,7560642;-48,28045101;"SPRF-MG";"DEL13-MG";"UOP01-DEL13-MG"
264377;2020-01-22;"quarta-feira";"10:00:00";"SC";101;33,5;"JOINVILLE";"Falta de Atenção à Condução";"Colisão lateral";"Com Vítimas Feridas";"Pleno dia";"Decrescente";"Nublado";"Dupla";"Reta";"Sim";2;0;1;0;1;0;1;2;-26,23200799;-48,91678053;"SPRF-SC";"DEL03-SC";"UOP01-DEL03-SC"
264379;2020-01-22;"quarta-feira";"10:00:00";"GO";153;508,5;"GOIANIA";"Defeito Mecânico no Veículo";"Colisão lateral";"Com Vítimas Feridas";"Pleno dia";"Crescente";"Nublado";"Dupla";"Curva";"Sim";4;0;4;0;0;0;4;2;-16,7804;-49,2371;"SPRF-GO";"DEL01-GO";"UOP03-DEL01-GO"
264380;2020-01-22;"quarta-feira";"10:00:00";"SC";282;79;"RANCHO QUEIMADO";"Velocidade Incompatível";"Saída de leito carroçável";"Com Vítimas Feridas";"Pleno dia";"Crescente";"Chuva";"Simples";"Curva";"Não";4;0;1;0;3;0;1;1;-27,6707;-49,155758;"SPRF-SC";"DEL01-SC";"UOP03-DEL01-SC"
264381;2020-01-22;"quarta-feira";"09:30:00";"MS";163;835;"SONORA";"Pista Escorregadia";"Colisão frontal";"Com Vítimas Fatais";"Pleno dia";"Decrescente";"Chuva";"Simples";"Reta";"Não";2;1;0;1;0;0;1;2;-17,618334;-54,74416917;"SPRF-MS";"DEL06-MS";"UOP01-DEL06-MS"
264384;2020-01-22;"quarta-feira";"11:15:00";"AP";210;2,5;"MACAPA";"Falta de Atenção à Condução";"Colisão transversal";"Com Vítimas Feridas";"Pleno dia";"Decrescente";"Céu Claro";"Simples";"Reta";"Sim";2;0;1;0;1;0;1;2;0,08282017;-51,07776189;"SPRF-AP";"DEL01-AP";"UOP01-DEL01-AP"
264385;2020-01-22;"quarta-feira";"10:25:00";"MA";135;22;"SAO LUIS";"Falta de Atenção à Condução";"Colisão transversal";"Com Vítimas Feridas";"Pleno dia";"Decrescente";"Céu Claro";"Dupla";"Reta";"Sim";2;0;1;0;0;1;1;2;-2,59531869;-44,33292389;"SPRF-MA";"DEL01-MA";"UOP01-DEL01-MA"
264388;2020-01-22;"quarta-feira";"11:20:00";"SP";116;227,3;"SAO PAULO";"Não guardar distância de segurança";"Colisão lateral";"Com Vítimas Feridas";"Pleno dia";"Crescente";"Nublado";"Múltipla";"Reta";"Não";2;0;1;0;1;0;1;2;-23,49659264;-46,55648754;"SPRF-SP";"DEL01-SP";"UOP01-DEL01-SP"
264392;2020-01-22;"quarta-feira";"11:50:00";"PR";369;183,2;"ARAPONGAS";"Falta de Atenção à Condução";"Colisão transversal";"Com Vítimas Feridas";"Pleno dia";"Decrescente";"Sol";"Dupla";"Interseção de Vias;Reta";"Não";3;0;1;1;1;0;2;2;-23,39387346;-51,42393351;"SPRF-PR";"DEL07-PR";"UOP03-DEL07-PR"
264394;2020-01-22;"quarta-feira";"12:15:00";"PI";316;290;"DOM EXPEDITO LOPES";"Falta de Atenção à Condução";"Colisão traseira";"Com Vítimas Feridas";"Pleno dia";"Decrescente";"Céu Claro";"Simples";"Reta";"Não";2;0;1;0;1;0;1;2;-6,99681216;-41,61967609;"SPRF-PI";"DEL04-PI";"UOP01-DEL04-PI"
264396;2020-01-22;"quarta-feira";"11:20:00";"PI";343;306,2;"ALTOS";"Falta de Atenção à Condução";"Colisão lateral";"Com Vítimas Feridas";"Pleno dia";"Decrescente";"Céu Claro";"Simples";"Reta";"Sim";3;0;1;0;2;0;1;2;-5,03444;-42,443382;"SPRF-PI";"DEL01-PI";"UOP01-DEL01-PI"
264397;2020-01-22;"quarta-feira";"10:15:00";"MT";70;590;"POCONE";"Condutor Dormindo";"Colisão lateral";"Com Vítimas Feridas";"Pleno dia";"Crescente";"Nublado";"Simples";"Reta";"Não";3;0;3;0;0;0;3;2;-15,78942189;-56,64802401;"SPRF-MT";"DEL03-MT";"UOP02-DEL03-MT"
264400;2020-01-22;"quarta-feira";"13:00:00";"RJ";0;0;"TRES RIOS";"Falta de Atenção à Condução";"Colisão transversal";"Sem Vítimas";"Pleno dia";"Não Informado";"Sol";"Dupla";"Reta";"Não";4;0;0;0;4;0;0;2;-22,11423526;-43,15858581;"SPRF-RJ";"DEL06-RJ";"UOP02-DEL05-RJ"
264403;2020-01-22;"quarta-feira";"13:30:00";"SC";101;193;"BIGUACU";"Pista Escorregadia";"Saída de leito carroçável";"Com Vítimas Feridas";"Pleno dia";"Decrescente";"Chuva";"Múltipla";"Curva";"Não";1;0;1;0;0;0;1;1;-27,489574;-48,655914;"SPRF-SC";"DEL01-SC";"UOP01-DEL01-SC"
264407;2020-01-22;"quarta-feira";"11:40:00";"SC";282;55;"AGUAS MORNAS";"Velocidade Incompatível";"Colisão transversal";"Com Vítimas Feridas";"Pleno dia";"Decrescente";"Chuva";"Simples";"Curva";"Não";12;0;3;5;3;1;8;3;-27,685799;-48,974514;"SPRF-SC";"DEL01-SC";"UOP03-DEL01-SC"
264408;2020-01-22;"quarta-feira";"13:40:00";"RJ";101;487,8;"ANGRA DOS REIS";"Desobediência às normas de trânsito pelo condutor";"Colisão lateral";"Com Vítimas Feridas";"Pleno dia";"Crescente";"Céu Claro";"Dupla";"Reta";"Sim";3;0;2;0;1;0;2;2;-22,96828891;-44,29864663;"SPRF-RJ";"DEL03-RJ";"UOP03-DEL03-RJ"
264409;2020-01-22;"quarta-feira";"09:10:00";"SC";282;305;"VARGEM";"Pista Escorregadia";"Saída de leito carroçável";"Com Vítimas Feridas";"Pleno dia";"Decrescente";"Chuva";"Simples";"Curva";"Não";2;0;1;0;1;0;1;1;-27,49639496;-50,95287323;"SPRF-SC";"DEL07-SC";"UOP06-DEL07-SC"
264413;2020-01-22;"quarta-feira";"13:30:00";"RJ";101;236;"SILVA JARDIM";"Desobediência às normas de trânsito pelo condutor";"Colisão transversal";"Sem Vítimas";"Pleno dia";"Decrescente";"Nublado";"Simples";"Em Obras";"Sim";3;0;0;0;3;0;0;2;-22,61013794;-42,40427401;"SPRF-RJ";"DEL02-RJ";"UOP03-DEL02-RJ"
264414;2020-01-22;"quarta-feira";"14:00:00";"PR";116;23;"ANTONINA";"Desobediência às normas de trânsito pelo condutor";"Saída de leito carroçável";"Com Vítimas Feridas";"Pleno dia";"Decrescente";"Chuva";"Dupla";"Curva";"Não";1;0;1;0;0;0;1;1;-25,1104764;-48,75592011;"SPRF-PR";"DEL01-PR";"UOP02-DEL01-PR"
264415;2020-01-22;"quarta-feira";"14:25:00";"GO";414;393,6;"CORUMBA DE GOIAS";"Deficiência ou não Acionamento do Sistema de Iluminação/Sinalização do Veículo";"Colisão lateral";"Com Vítimas Feridas";"Pleno dia";"Crescente";"Céu Claro";"Dupla";"Reta";"Sim";2;0;1;0;1;0;1;2;-15,91925897;-48,80882251;"SPRF-GO";"DEL02-GO";"UOP01-DEL02-GO"
264416;2020-01-22;"quarta-feira";"13:40:00";"SE";101;92;"NOSSA SENHORA DO SOCORRO";"Não guardar distância de segurança";"Tombamento";"Com Vítimas Feridas";"Pleno dia";"Decrescente";"Nublado";"Múltipla";"Reta";"Sim";2;0;1;0;0;1;1;2;-10,90169474;-37,13619222;"SPRF-SE";"DEL01-SE";"UOP01-DEL01-SE"
264417;2020-01-22;"quarta-feira";"14:20:00";"DF";40;2,1;"BRASILIA";"Falta de Atenção à Condução";"Colisão traseira";"Com Vítimas Feridas";"Pleno dia";"Crescente";"Chuva";"Dupla";"Reta";"Sim";2;0;1;0;1;0;1;2;-15,99435;-47,985947;"SPRF-DF";"DEL01-DF";"UOP01-DEL01-DF"
264419;2020-01-22;"quarta-feira";"14:00:00";"GO";364;200,5;"JATAI";"Velocidade Incompatível";"Colisão com objeto estático";"Sem Vítimas";"Pleno dia";"Crescente";"Chuva";"Simples";"Reta";"Não";1;0;0;0;1;0;0;1;-17,91515776;-51,76302466;"SPRF-GO";"DEL05-GO";"UOP01-DEL05-GO"
264421;2020-01-22;"quarta-feira";"11:40:00";"MG";40;532;"BELO HORIZONTE";"Falta de Atenção à Condução";"Colisão transversal";"Com Vítimas Feridas";"Pleno dia";"Decrescente";"Nublado";"Dupla";"Reta";"Sim";2;0;1;0;1;0;1;2;-19,92372561;-44,01700789;"SPRF-MG";"DEL01-MG";"UOP02-DEL01-MG"
264422;2020-01-22;"quarta-feira";"14:00:00";"MG";381;444;"SABARA";"Velocidade Incompatível";"Colisão traseira";"Com Vítimas Feridas";"Pleno dia";"Crescente";"Nublado";"Simples";"Reta";"Sim";4;0;3;0;1;0;3;2;-19,82360393;-43,82539293;"SPRF-MG";"DEL01-MG";"UOP01-DEL01-MG"
264423;2020-01-22;"quarta-feira";"15:10:00";"PE";232;10,9;"JABOATAO DOS GUARARAPES";"Não guardar distância de segurança";"Colisão traseira";"Com Vítimas Feridas";"Pleno dia";"Crescente";"Sol";"Dupla";"Curva";"Sim";2;0;1;0;1;0;1;2;-8,07917241;-34,98718609;"SPRF-PE";"DEL01-PE";"UOP01-DEL01-PE"
264425;2020-01-22;"quarta-feira";"14:45:00";"GO";70;1,3;"AGUAS LINDAS DE GOIAS";"Objeto estático sobre o leito carroçável";"Colisão com objeto estático";"Com Vítimas Feridas";"Pleno dia";"Crescente";"Nublado";"Dupla";"Aclive;Reta";"Sim";2;0;0;1;1;0;1;2;-15,77579351;-48,23259001;"SPRF-DF";"DEL01-DF";"UOP02-DEL03-DF"
264426;2020-01-22;"quarta-feira";"14:45:00";"MG";40;545;"NOVA LIMA";"Falta de Atenção à Condução";"Queda de ocupante de veículo";"Com Vítimas Feridas";"Pleno dia";"Crescente";"Nublado";"Dupla";"Viaduto";"Sim";1;0;1;0;0;0;1;1;-20,00877827;-43,96528959;"SPRF-MG";"DEL01-MG";"UOP02-DEL01-MG"