"id";"data_inversa";"dia_semana";"horario";"uf";"br";"km";"municipio";"causa_acidente";"tipo_acidente";"classificacao_acidente";"fase_dia";"sentido_via";"condicao_metereologica";"tipo_pista";"tracado_via";"uso_solo";"pessoas";"mortos";"feridos_leves";"feridos_graves";"ilesos";"ignorados";"feridos";"veiculos";"latitude";"longitude";"regional";"delegacia";"uop"
264428;2020-01-22;"quarta-feira";"11:00:00";"MG";364;8,8;"FRUTAL";"Falta de Atenção à Condução";"Saída de leito carroçável";"Com Vítimas Feridas";"Pleno dia";"Crescente";"Nublado";"Simples";"Reta";"Não";2;0;1;0;0;1;1;2;-20,025185;-48,94096;"SPRF-MG";"DEL13-MG";"UOP02-DEL13-MG"
264429;2020-01-22;"quarta-feira";"10:30:00";"MG";116;682,8;"MURIAE";"Ultrapassagem Indevida";"Colisão frontal";"Com Vítimas Fatais";"Pleno dia";"Crescente";"Sol";"Simples";"Reta";"Não";6;1;3;2;0;0;5;2;-20,95666795;-42,34992689;"SPRF-MG";"DEL07-MG";"UOP02-DEL07-MG"
264430;2020-01-22;"quarta-feira";"14:00:00";"PR";376;126,6;"ALTO PARANA";"Mal Súbito";"Saída de leito carroçável";"Com Vítimas Fatais";"Pleno dia";"Decrescente";"Nublado";"Dupla";"Reta";"Não";3;1;1;1;0;0;2;1;-23,1528;-52,27042;"SPRF-PR";"DEL07-PR";"UOP02-DEL09-PR"
264431;2020-01-22;"quarta-feira";"12:00:00";"RO";364;375;"OURO PRETO DO OESTE";"Desobediência às normas de trânsito pelo condutor";"Colisão transversal";"Com Vítimas Feridas";"Pleno dia";"Crescente";"Chuva";"Múltipla";"Curva";"Não";3;0;0;1;2;0;1;2;-10,73949672;-62,18555898;"SPRF-RO";"DEL02-RO";"UOP01-DEL02-RO"
264432;2020-01-22;"quarta-feira";"11:15:00";"RO";364;427;"JARU";"Falta de Atenção à Condução";"Colisão transversal";"Com Vítimas Feridas";"Pleno dia";"Crescente";"Céu Claro";"Simples";"Interseção de Vias";"Sim";3;0;2;0;1;0;2;2;-10,42731312;-62,48745208;"SPRF-RO";"DEL03-RO";"UOP02-DEL03-RO"
264434;2020-01-22;"quarta-feira";"09:30:00";"SC";282;308;"VARGEM";"Velocidade Incompatível";"Tombamento";"Com Vítimas Feridas";"Pleno dia";"Crescente";"Chuva";"Simples";"Curva";"Não";4;0;3;0;1;0;3;1;-27,49292;-50,971973;"SPRF-SC";"DEL07-SC";"UOP06-DEL07-SC"
264435;2020-01-22;"quarta-feira";"15:20:00";"SP";116;489;"CAJATI";"Falta de Atenção à Condução";"Capotamento";"Com Vítimas Feridas";"Pleno dia";"Crescente";"Chuva";"Dupla";"Curva";"Sim";4;0;3;1;0;0;4;1;-24,73034183;-48,10760707;"SPRF-SP";"DEL05-SP";"UOP02-DEL05-SP"
264437;2020-01-22;"quarta-feira";"12:45:00";"SC";282;514,3;"XAXIM";"Objeto estático sobre o leito carroçável";"Saída de leito carroçável";"Com Vítimas Feridas";"Pleno dia";"Crescente";"Nublado";"Simples";"Reta";"Não";2;0;2;0;0;0;2;1;-26,916084;-52,49052;"SPRF-SC";"DEL07-SC";"UOP01-DEL07-SC"
264438;2020-01-11;"sábado";"15:20:00";"SC";282;426;"VARGEM BONITA";"Falta de Atenção à Condução";"Colisão frontal";"Com Vítimas Feridas";"Pleno dia";"Decrescente";"Céu Claro";"Simples";"Reta";"Não";2;0;1;0;1;0;1;2;-26,974417;-51,761665;"SPRF-SC";"DEL07-SC";"UOP05-DEL07-SC"
264439;2020-01-12;"domingo";"18:54:00";"MS";267;364;"MARACAJU";"Desobediência às normas de trânsito pelo condutor";"Colisão frontal";"Com Vítimas Feridas";"Anoitecer";"Crescente";"Céu Claro";"Dupla";"Reta";"Não";2;0;0;1;1;0;1;2;-21,6409415;-55,14254883;"SPRF-MS";"DEL02-MS";"UOP02-DEL02-MS"
264442;2020-01-22;"quarta-feira";"15:45:00";"PI";135;417;"REDENCAO DO GURGUEIA";"Pista Escorregadia";"Saída de leito carroçável";"Com Vítimas Feridas";"Pleno dia";"Crescente";"Chuva";"Simples";"Reta";"Não";5;0;3;0;1;1;3;2;-9,46926112;-44,67933999;"SPRF-PI";"DEL03-PI";"UOP02-DEL03-PI"
264445;2020-01-22;"quarta-feira";"16:00:00";"RJ";116;139,9;"DUQUE DE CAXIAS";"Falta de Atenção à Condução";"Colisão frontal";"Com Vítimas Feridas";"Pleno dia";"Crescente";"Sol";"Simples";"Curva";"Sim";2;0;0;1;1;0;1;2;-22,64655224;-43,20138601;"SPRF-RJ";"DEL04-RJ";"UOP02-DEL04-RJ"
264446;2020-01-22;"quarta-feira";"16:30:00";"PE";101;70,1;"RECIFE";"Velocidade Incompatível";"Atropelamento de Pedestre";"Com Vítimas Feridas";"Pleno dia";"Decrescente";"Céu Claro";"Simples";"Curva";"Sim";2;0;1;1;0;0;2;2;-8,06776119;-34,94265074;"SPRF-PE";"DEL01-PE";"UOP01-DEL01-PE"
264447;2020-01-22;"quarta-feira";"16:00:00";"PR";116;126;"FAZENDA RIO GRANDE";"Falta de Atenção à Condução";"Colisão traseira";"Com Vítimas Feridas";"Pleno dia";"Crescente";"Nublado";"Dupla";"Reta";"Sim";5;0;1;0;4;0;1;4;-25,60389895;-49,31824423;"SPRF-PR";"DEL01-PR";"UOP03-DEL01-PR"
264449;2020-01-22;"quarta-feira";"11:00:00";"MG";381;686;"LAVRAS";"Defeito Mecânico no Veículo";"Queda de ocupante de veículo";"Com Vítimas Feridas";"Pleno dia";"Crescente";"Nublado";"Dupla";"Curva";"Não";2;0;2;0;0;0;2;1;-21,20030689;-45,11944438;"SPRF-MG";"DEL04-MG";"UOP02-DEL04-MG"
264453;2020-01-22;"quarta-feira";"17:00:00";"RJ";101;563;"PARATY";"Falta de Atenção à Condução";"Colisão traseira";"Com Vítimas Feridas";"Pleno dia";"Crescente";"Nublado";"Simples";"Reta";"Não";2;0;1;0;1;0;1;2;-23,13693615;-44,70218804;"SPRF-RJ";"DEL03-RJ";"UOP04-DEL03-RJ"
264455;2020-01-22;"quarta-feira";"17:00:00";"SC";101;133,8;"BALNEARIO CAMBORIU";"Falta de Atenção à Condução";"Colisão lateral";"Com Vítimas Feridas";"Pleno dia";"Crescente";"Nublado";"Simples";"Interseção de Vias;Reta";"Sim";2;0;1;0;0;1;1;2;-26,99936;-48,64609;"SPRF-SC";"DEL04-SC";"UOP03-DEL04-SC"
264456;2020-01-22;"quarta-feira";"15:50:00";"SC";158;134;"PALMITOS";"Pista Escorregadia";"Saída de leito carroçável";"Com Vítimas Feridas";"Pleno dia";"Crescente";"Garoa/Chuvisco";"Simples";"Interseção de Vias";"Não";1;0;1;0;0;0;1;1;-27,07040467;-53,23003113;"SPRF-SC";"DEL07-SC";"UOP02-DEL07-SC"
264457;2020-01-22;"quarta-feira";"17:40:00";"RJ";116;178;"NOVA IGUACU";"Falta de Atenção à Condução";"Queda de ocupante de veículo";"Com Vítimas Feridas";"Pleno dia";"Crescente";"Céu Claro";"Múltipla";"Reta";"Sim";2;0;2;0;0;0;2;1;-22,77496393;-43,40081465;"SPRF-RJ";"DEL01-RJ";"UOP02-DEL01-RJ"
264458;2020-01-22;"quarta-feira";"17:45:00";"PR";369;73,5;"SANTA MARIANA";"Ingestão de Álcool";"Atropelamento de Pedestre";"Com Vítimas Feridas";"Pleno dia";"Decrescente";"Nublado";"Simples";"Reta";"Sim";3;0;1;1;0;1;2;2;-23,15333605;-50,52216758;"SPRF-PR";"DEL07-PR";"UOP05-DEL07-PR"
264459;2020-01-22;"quarta-feira";"14:00:00";"PI";135;166,9;"MANOEL EMIDIO";"Velocidade Incompatível";"Saída de leito carroçável";"Com Vítimas Fatais";"Pleno dia";"Crescente";"Céu Claro";"Simples";"Curva";"Não";2;1;1;0;0;0;1;1;-7,94256931;-43,82046097;"SPRF-PI";"DEL03-PI";"UOP01-DEL03-PI"
264460;2020-01-22;"quarta-feira";"17:55:00";"MG";50;68;"UBERLANDIA";"Desobediência às normas de trânsito pelo condutor";"Colisão lateral";"Com Vítimas Feridas";"Pleno dia";"Crescente";"Céu Claro";"Simples";"Interseção de Vias";"Sim";2;0;1;0;1;0;1;2;-18,85140204;-48,25345932;"SPRF-MG";"DEL15-MG";"UOP01-DEL15-MG"
264461;2020-01-22;"quarta-feira";"16:50:00";"ES";101;137,6;"LINHARES";"Falta de Atenção à Condução";"Queda de ocupante de veículo";"Com Vítimas Feridas";"Anoitecer";"Decrescente";"Céu Claro";"Simples";"Reta";"Não";1;0;0;1;0;0;1;1;-19,29308199;-40,08591691;"SPRF-ES";"DEL04-ES";"UOP01-DEL04-ES"
264463;2020-01-22;"quarta-feira";"16:40:00";"SC";101;259,2;"PAULO LOPES";"Pista Escorregadia";"Saída de leito carroçável";"Com Vítimas Feridas";"Pleno dia";"Crescente";"Chuva";"Dupla";"Curva";"Não";2;0;1;0;1;0;1;1;-28,013062;-48,695152;"SPRF-SC";"DEL02-SC";"UOP03-DEL02-SC"
264465;2020-01-22;"quarta-feira";"17:00:00";"RO";319;63,8;"PORTO VELHO";"Falta de Atenção à Condução";"Atropelamento de Pedestre";"Sem Vítimas";"Pleno dia";"Crescente";"Sol";"Dupla";"Reta";"Sim";2;0;0;0;2;0;0;2;-8,76609341;-63,88419097;"SPRF-RO";"DEL01-RO";"UOP01-DEL01-RO"
264467;2020-01-22;"quarta-feira";"18:30:00";"PR";376;474,3;"PONTA GROSSA";"Velocidade Incompatível";"Saída de leito carroçável";"Com Vítimas Fatais";"Anoitecer";"Decrescente";"Chuva";"Dupla";"Curva";"Não";2;2;0;0;0;0;0;1;-25,04134645;-50,24200026;"SPRF-PR";"DEL03-PR";"UOP01-DEL03-PR"
264469;2020-01-22;"quarta-feira";"17:10:00";"RS";471;153,5;"SANTA CRUZ DO SUL";"Ultrapassagem Indevida";"Colisão frontal";"Sem Vítimas";"Pleno dia";"Crescente";"Céu Claro";"Simples";"Reta";"Não";8;0;0;0;6;2;0;3;-29,81279548;-52,40444183;"SPRF-RS";"DEL02-RS";"UOP02-DEL02-RS"
264470;2020-01-22;"quarta-feira";"16:30:00";"SP";116;447;"REGISTRO";"Falta de Atenção à Condução";"Queda de ocupante de veículo";"Com Vítimas Feridas";"Plena Noite";"Crescente";"Nublado";"Dupla";"Reta";"Não";1;0;1;0;0;0;1;1;-24,51285376;-47,85054871;"SPRF-SP";"DEL05-SP";"UOP01-DEL05-SP"
264471;2020-01-22;"quarta-feira";"10:10:00";"PR";476;249;"LAPA";"Pista Escorregadia";"Queda de ocupante de veículo";"Com Vítimas Feridas";"Pleno dia";"Crescente";"Chuva";"Simples";"Curva";"Não";1;0;1;0;0;0;1;1;-25,86795;-50,149731;"SPRF-PR";"DEL02-PR";"UOP04-DEL02-PR"
264473;2020-01-22;"quarta-feira";"17:30:00";"SC";282;303,2;"VARGEM";"Falta de Atenção à Condução";"Saída de leito carroçável";"Sem Vítimas";"Pleno dia";"Decrescente";"Chuva";"Simples";"Curva";"Não";3;0;0;0;3;0;0;1;-27,49877;-50,931053;"SPRF-SC";"DEL07-SC";"UOP06-DEL07-SC"
264475;2020-01-22;"quarta-feira";"17:40:00";"DF";40;3,8;"BRASILIA";"Desobediência às normas de trânsito pelo condutor";"Atropelamento de Pedestre";"Com Vítimas Feridas";"Pleno dia";"Crescente";"Nublado";"Dupla";"Reta";"Sim";2;0;0;1;1;0;1;2;-16,003145;-47,983944;"SPRF-DF";"DEL01-DF";"UOP01-DEL01-DF"
264476;2020-01-22;"quarta-feira";"18:36:00";"GO";50;269,6;"CATALAO";"Falta de Atenção à Condução";"Colisão traseira";"Com Vítimas Feridas";"Anoitecer";"Decrescente";"Ignorado";"Dupla";"Reta";"Não";5;0;0;1;4;0;1;2;-18,1013;-47,8817;"SPRF-GO";"DEL06-GO";"UOP01-DEL06-GO"
264477;2020-01-22;"quarta-feira";"17:30:00";"SC";470;119;"IBIRAMA";"Velocidade Incompatível";"Capotamento";"Com Vítimas Feridas";"Pleno dia";"Crescente";"Chuva";"Simples";"Aclive;Curva";"Não";2;0;2;0;0;0;2;1;-27,081554;-49,520206;"SPRF-SC";"DEL04-SC";"UOP02-DEL04-SC"
264478;2020-01-22;"quarta-feira";"18:25:00";"ES";101;257;"SERRA";"Pista Escorregadia";"Colisão com objeto estático";"Sem Vítimas";"Plena Noite";"Decrescente";"Chuva";"Dupla";"Reta";"Não";1;0;0;0;0;1;0;1;-20,12455095;-40,30331881;"SPRF-ES";"DEL02-ES";"UOP01-DEL02-ES"
264480;2020-01-22;"quarta-feira";"19:00:00";"SC";101;127;"ITAJAI";"Falta de Atenção à Condução";"Colisão lateral";"Com Vítimas Feridas";"Pleno dia";"Crescente";"Chuva";"Múltipla";"Reta";"Não";2;0;1;0;1;0;1;2;-26,9639319;-48,68328024;"SPRF-SC";"DEL04-SC";"UOP04-DEL04-SC"
264481;2020-01-01;"quarta-feira";"06:20:00";"MT";163;776;"SORRISO";"Ingestão de Álcool";"Capotamento";"Com Vítimas Feridas";"Amanhecer";"Crescente";"Nublado";"Simples";"Reta";"Não";5;0;3;0;2;0;3;1;-12,47425993;-55,67433913;"SPRF-MT";"DEL06-MT";"UOP01-DEL06-MT"
264483;2020-01-22;"quarta-feira";"17:52:00";"RR";174;504;"BOA VISTA";"Não guardar distância de segurança";"Colisão traseira";"Com Vítimas Feridas";"Pleno dia";"Crescente";"Céu Claro";"Simples";"Reta";"Sim";2;0;1;0;1;0;1;2;2,801374;-60,694801;"SPRF-RR";"DEL01-RR";"UOP01-DEL01-RR"
264485;2020-01-22;"quarta-feira";"16:50:00";"SC";282;305;"VARGEM";"Pista Escorregadia";"Colisão com objeto estático";"Com Vítimas Feridas";"Pleno dia";"Crescente";"Chuva";"Simples";"Curva";"Não";2;0;2;0;0;0;2;1;-27,500679;-50,949047;"SPRF-SC";"DEL07-SC";"UOP06-DEL07-SC"
264486;2020-01-22;"quarta-feira";"18:00:00";"MT";364;402;"CUIABA";"Falta de Atenção à Condução";"Colisão com objeto estático";"Com Vítimas Feridas";"Anoitecer";"Crescente";"Nublado";"Dupla";"Reta";"Sim";1;0;1;0;0;0;1;1;-15,66855019;-55,95476508;"SPRF-MT";"DEL02-MT";"UOP02-DEL01-MT"
264488;2020-01-22;"quarta-feira";"19:30:00";"PR";277;489,4;"NOVA LARANJEIRAS";"Velocidade Incompatível";"Saída de leito carroçável";"Com Vítimas Feridas";"Plena Noite";"Crescente";"Chuva";"Simples";"Curva;Aclive";"Não";3;0;2;0;1;0;2;1;-25,24154725;-52,63060519;"SPRF-PR";"DEL04-PR";"UOP02-DEL04-PR"
264489;2020-01-22;"quarta-feira";"19:50:00";"MG";40;750,1;"SANTOS DUMONT";"Velocidade Incompatível";"Saída de leito carroçável";"Com Vítimas Feridas";"Plena Noite";"Decrescente";"Céu Claro";"Simples";"Curva";"Não";1;0;1;0;0;0;1;1;-21,45724301;-43,55822199;"SPRF-MG";"DEL05-MG";"UOP01-DEL05-MG"
264490;2020-01-22;"quarta-feira";"19:20:00";"GO";153;552,2;"PIRACANJUBA";"Falta de Atenção à Condução";"Capotamento";"Com Vítimas Feridas";"Anoitecer";"Crescente";"Ignorado";"Dupla";"Reta";"Não";1;0;1;0;0;0;1;1;-17,1589;-49,2139;"SPRF-GO";"DEL01-GO";"UOP03-DEL01-GO"
264494;2020-01-22;"quarta-feira";"19:40:00";"SC";282;32,3;"SANTO AMARO DA IMPERATRIZ";"Desobediência às normas de trânsito pelo condutor";"Colisão transversal";"Com Vítimas Feridas";"Plena Noite";"Crescente";"Garoa/Chuvisco";"Simples";"Reta";"Não";3;0;1;1;1;0;2;2;-27,70116;-48,800175;"SPRF-SC";"DEL01-SC";"UOP03-DEL01-SC"
264497;2020-01-17;"sexta-feira";"19:15:00";"BA";116;517;"ITATIM";"Desobediência às normas de trânsito pelo condutor";"Atropelamento de Pedestre";"Com Vítimas Feridas";"Plena Noite";"Decrescente";"Céu Claro";"Simples";"Reta";"Não";2;0;1;1;0;0;2;2;-12,67277456;-39,65472774;"SPRF-BA";"DEL03-BA";"UOP02-DEL03-BA"
264500;2020-01-22;"quarta-feira";"18:20:00";"MT";163;745;"SORRISO";"Restrição de Visibilidade";"Colisão traseira";"Com Vítimas Feridas";"Plena Noite";"Crescente";"Chuva";"Simples";"Reta";"Não";2;0;2;0;0;0;2;2;-12,70808082;-55,81904129;"SPRF-MT";"DEL06-MT";"UOP01-DEL06-MT"
264502;2020-01-22;"quarta-feira";"19:25:00";"RS";158;335;"SANTA MARIA";"Falta de Atenção à Condução";"Colisão transversal";"Com Vítimas Feridas";"Anoitecer";"Crescente";"Nublado";"Simples";"Reta";"Sim";5;0;2;0;3;0;2;2;-29,70814577;-53,86841297;"SPRF-RS";"DEL09-RS";"UOP01-DEL09-RS"
264503;2020-01-18;"sábado";"09:20:00";"DF";20;19,8;"BRASILIA";"Falta de Atenção à Condução";"Colisão lateral";"Com Vítimas Feridas";"Pleno dia";"Crescente";"Céu Claro";"Dupla";"Declive";"Sim";2;0;1;0;1;0;1;2;-15,60893352;-47,69474398;"SPRF-DF";"DEL02-DF";"UOP01-DEL02-DF"
264504;2020-01-22;"quarta-feira";"20:00:00";"MT";364;237;"RONDONOPOLIS";"Falta de Atenção à Condução";"Saída de leito carroçável";"Com Vítimas Feridas";"Plena Noite";"Crescente";"Nublado";"Dupla";"Reta";"Não";2;0;2;0;0;0;2;1;-16,20503606;-54,78106026;"SPRF-MT";"DEL02-MT";"UOP01-DEL02-MT"
264506;2020-01-22;"quarta-feira";"21:20:00";"SC";101;208,8;"SAO JOSE";"Falta de Atenção à Condução";"Colisão com objeto estático";"Com Vítimas Feridas";"Plena Noite";"Decrescente";"Garoa/Chuvisco";"Múltipla";"Declive";"Sim";1;0;1;0;0;0;1;1;-27,60327979;-48,63201818;"SPRF-SC";"DEL01-SC";"UOP01-DEL01-SC"
264508;2020-01-22;"quarta-feira";"20:40:00";"MT";158;550;"AGUA BOA";"Animais na Pista";"Atropelamento de Animal";"Com Vítimas Feridas";"Plena Noite";"Decrescente";"Céu Claro";"Simples";"Curva";"Não";2;0;2;0;0;0;2;1;-13,91398603;-52,08686498;"SPRF-MT";"DEL07-MT";"UOP02-DEL07-MT"
264509;2020-01-22;"quarta-feira";"21:45:00";"SE";235;5,2;"NOSSA SENHORA DO SOCORRO";"Não guardar distância de segurança";"Colisão lateral";"Com Vítimas Feridas";"Plena Noite";"Crescente";"Nublado";"Dupla";"Reta";"Não";7;0;1;0;3;3;1;3;-10,903851;-37,128677;"SPRF-SE";"DEL01-SE";"UOP01-DEL01-SE"
264510;2020-01-22;"quarta-feira";"21:00:00";"RN";101;96,7;"NATAL";"Desobediência às normas de trânsito pelo condutor";"Colisão traseira";"Com Vítimas Feridas";"Plena Noite";"Decrescente";"Céu Claro";"Dupla";"Reta";"Sim";2;0;1;0;1;0;1;2;-5,85291;-35,210384;"SPRF-RN";"DEL01-RN";"UOP01-DEL01-RN"
264511;2020-01-22;"quarta-feira";"20:10:00";"BA";116;275;"TUCANO";"Desobediência às normas de trânsito pelo condutor";"Colisão frontal";"Com Vítimas Feridas";"Plena Noite";"Crescente";"Céu Claro";"Simples";"Reta";"Não";3;0;1;1;1;0;2;2;-10,97023704;-38,79154288;"SPRF-BA";"DEL07-BA";"UOP02-DEL07-BA"
264514;2020-01-22;"quarta-feira";"22:00:00";"PR";277;134;"BALSA NOVA";"Desobediência às normas de trânsito pelo condutor";"Colisão traseira";"Com Vítimas Feridas";"Plena Noite";"Decrescente";"Nevoeiro/Neblina";"Dupla";"Reta;Aclive";"Não";3;0;2;0;1;0;2;1;-25,47438322;-49,70347881;"SPRF-PR";"DEL01-PR";"UOP06-DEL01-PR"
264515;2020-01-22;"quarta-feira";"22:30:00";"ES";101;422,6;"ATILIO VIVACQUA";"Restrição de Visibilidade";"Saída de leito carroçável";"Com Vítimas Feridas";"Plena Noite";"Crescente";"Chuva";"Simples";"Curva";"Não";5;0;5;0;0;0;5;1;-20,96143961;-41,10294342;"SPRF-ES";"DEL03-ES";"UOP02-DEL03-ES"
264516;2020-01-22;"quarta-feira";"19:50:00";"MT";163;834;"SINOP";"Falta de Atenção do Pedestre";"Atropelamento de Pedestre";"Com Vítimas Fatais";"Plena Noite";"Decrescente";"Nublado";"Simples";"Reta";"Sim";2;1;0;0;1;0;0;2;-11,995863;-55,51709;"SPRF-MT";"DEL06-MT";"UOP01-DEL06-MT"
264518;2020-01-22;"quarta-feira";"21:20:00";"PR";277;135;"BALSA NOVA";"Velocidade Incompatível";"Colisão traseira";"Sem Vítimas";"Plena Noite";"Decrescente";"Nublado";"Dupla";"Reta";"Não";2;0;0;0;1;1;0;2;-25,47148351;-49,69236374;"SPRF-PR";"DEL01-PR";"UOP06-DEL01-PR"
264519;2020-01-22;"quarta-feira";"19:20:00";"RO";174;18,3;"VILHENA";"Restrição de Visibilidade";"Colisão traseira";"Com Vítimas Feridas";"Plena Noite";"Decrescente";"Chuva";"Simples";"Reta";"Não";4;0;3;0;1;0;3;3;-12,6991689;-60,1173752;"SPRF-RO";"DEL04-RO";"UOP01-DEL04-RO"
264520;2020-01-22;"quarta-feira";"22:10:00";"DF";60;7;"BRASILIA";"Pista Escorregadia";"Saída de leito carroçável";"Sem Vítimas";"Plena Noite";"Decrescente";"Chuva";"Dupla";"Reta";"Sim";1;0;0;0;1;0;0;1;-15,901237;-48,122334;"SPRF-DF";"DEL01-DF";"UOP01-DEL03-DF"
264521;2020-01-22;"quarta-feira";"22:40:00";"RJ";393;285,8;"VOLTA REDONDA";"Falta de Atenção do Pedestre";"Atropelamento de Pedestre";"Com Vítimas Feridas";"Plena Noite";"Decrescente";"Nublado";"Simples";"Reta";"Sim";3;0;0;1;1;1;1;2;-22,481726;-44,06308602;"SPRF-RJ";"DEL05-RJ";"UOP04-DEL05-RJ"
264522;2020-01-22;"quarta-feira";"15:50:00";"MG";40;530;"CONTAGEM";"Falta de Atenção do Pedestre";"Atropelamento de Pedestre";"Com Vítimas Feridas";"Pleno dia";"Decrescente";"Nublado";"Dupla";"Reta;Declive";"Sim";2;0;1;0;1;0;1;2;-19,92064782;-44,0335681;"SPRF-MG";"DEL01-MG";"UOP02-DEL01-MG"
264527;2020-01-22;"quarta-feira";"22:45:00";"PR";476;145;"CURITIBA";"Velocidade Incompatível";"Saída de leito carroçável";"Com Vítimas Feridas";"Plena Noite";"Crescente";"Nublado";"Dupla";"Reta";"Sim";1;0;1;0;0;0;1;1;-25,547749;-49,32095;"SPRF-PR";"DEL01-PR";"UOP06-DEL01-PR"
264528;2020-01-22;"quarta-feira";"22:00:00";"AL";101;48,9;"FLEXEIRAS";"Condutor Dormindo";"Saída de leito carroçável";"Com Vítimas Feridas";"Plena Noite";"Decrescente";"Céu Claro";"Dupla";"Reta";"Não";1;0;1;0;0;0;1;1;-9,23058131;-35,77286231;"SPRF-AL";"DEL01-AL";"UOP02-DEL01-AL"
264530;2020-01-22;"quarta-feira";"21:30:00";"PR";116;7,1;"QUATRO BARRAS";"Falta de Atenção do Pedestre";"Atropelamento de Pedestre";"Com Vítimas Fatais";"Plena Noite";"Decrescente";"Nublado";"Múltipla";"Reta";"Sim";2;1;0;0;0;1;0;2;-25,3683;-49,1074;"SPRF-PR";"DEL01-PR";"UOP01-DEL01-PR"
264531;2020-01-22;"quarta-feira";"15:30:00";"ES";101;38;"CONCEICAO DA BARRA";"Falta de Atenção à Condução";"Queda de ocupante de veículo";"Com Vítimas Feridas";"Pleno dia";"Decrescente";"Céu Claro";"Simples";"Reta";"Não";1;0;1;0;0;0;1;1;-18,48261;-39,92379;"SPRF-ES";"DEL04-ES";"UOP02-DEL04-ES"
264532;2020-01-23;"quinta-feira";"00:00:00";"GO";153;515,2;"APARECIDA DE GOIANIA";"Velocidade Incompatível";"Engavetamento";"Com Vítimas Feridas";"Plena Noite";"Crescente";"Chuva";"Dupla";"Reta";"Sim";5;0;0;3;1;1;3;4;-16,8413;-49,2454;"SPRF-GO";"DEL01-GO";"UOP03-DEL01-GO"
264533;2020-01-23;"quinta-feira";"00:00:00";"ES";101;145,9;"LINHARES";"Falta de Atenção à Condução";"Tombamento";"Com Vítimas Feridas";"Plena Noite";"Crescente";"Nublado";"Simples";"Reta";"Sim";1;0;1;0;0;0;1;1;-19,36089598;-40,06464018;"SPRF-ES";"DEL04-ES";"UOP01-DEL04-ES"
264535;2020-01-23;"quinta-feira";"02:45:00";"PR";376;172,5;"MARINGA";"Falta de Atenção à Condução";"Queda de ocupante de veículo";"Com Vítimas Feridas";"Plena Noite";"Decrescente";"Chuva";"Dupla";"Reta";"Sim";1;0;0;1;0;0;1;1;-23,41611126;-51,9794029;"SPRF-PR";"DEL07-PR";"UOP01-DEL09-PR"
264538;2020-01-23;"quinta-feira";"02:30:00";"PI";343;3,9;"TERESINA";"Falta de Atenção à Condução";"Colisão com objeto estático";"Com Vítimas Feridas";"Plena Noite";"Crescente";"Ignorado";"Múltipla";"Reta";"Sim";1;0;1;0;0;0;1;1;-5,08012933;-42,78863668;"SPRF-PI";"DEL01-PI";"UOP01-DEL01-PI"
264543;2020-01-22;"quarta-feira";"23:30:00";"RN";406;107,1;"JOAO CAMARA";"Agressão Externa";"Colisão traseira";"Com Vítimas Feridas";"Plena Noite";"Decrescente";"Céu Claro";"Simples";"Reta";"Não";4;0;2;0;0;2;2;2;-5,56916965;-35,71418351;"SPRF-RN";"DEL02-RN";"UOP01-DEL02-RN"
264544;2020-01-23;"quinta-feira";"04:45:00";"SC";282;0,1;"FLORIANOPOLIS";"Velocidade Incompatível";"Saída de leito carroçável";"Sem Vítimas";"Amanhecer";"Decrescente";"Garoa/Chuvisco";"Dupla";"Reta";"Sim";1;0;0;0;0;1;0;1;-27,59845;-48,571995;"SPRF-SC";"DEL01-SC";"UOP01-DEL01-SC"
264545;2020-01-23;"quinta-feira";"03:46:00";"RJ";101;327;"RIO DE JANEIRO";"Falta de Atenção à Condução";"Colisão traseira";"Com Vítimas Feridas";"Plena Noite";"Crescente";"Nublado";"Dupla";"Reta";"Sim";3;0;0;1;2;0;1;2;-22,87117393;-43,15595099;"SPRF-RJ";"DEL02-RJ";"UOP01-DEL02-RJ"
264546;2020-01-23;"quinta-feira";"05:20:00";"SC";101;211,9;"PALHOCA";"Falta de Atenção à Condução";"Capotamento";"Com Vítimas Feridas";"Pleno dia";"Decrescente";"Chuva";"Dupla";"Interseção de Vias";"Sim";1;0;1;0;0;0;1;1;-27,62329313;-48,65245588;"SPRF-SC";"DEL01-SC";"UOP02-DEL01-SC"
264547;2020-01-23;"quinta-feira";"05:40:00";"SP";116;228,9;"SAO PAULO";"Falta de Atenção à Condução";"Colisão com objeto estático";"Com Vítimas Feridas";"Amanhecer";"Decrescente";"Garoa/Chuvisco";"Múltipla";"Aclive";"Sim";1;0;1;0;0;0;1;1;-23,50343484;-46,56638712;"SPRF-SP";"DEL01-SP";"UOP01-DEL01-SP"
264548;2020-01-23;"quinta-feira";"05:40:00";"PE";101;89,1;"CABO DE SANTO AGOSTINHO";"Agressão Externa";"Capotamento";"Com Vítimas Feridas";"Pleno dia";"Decrescente";"Nublado";"Dupla";"Reta";"Não";1;0;1;0;0;0;1;1;-8,20760697;-34,98372005;"SPRF-PE";"DEL01-PE";"UOP03-DEL01-PE"
264550;2020-01-23;"quinta-feira";"04:08:00";"RS";158;424;"SAO GABRIEL";"Animais na Pista";"Saída de leito carroçável";"Sem Vítimas";"Plena Noite";"Decrescente";"Céu Claro";"Simples";"Reta";"Não";1;0;0;0;1;0;0;1;-30,07894007;-54,61763683;"SPRF-RS";"DEL11-RS";"UOP02-DEL11-RS"