"id";"data_inversa";"dia_semana";"horario";"uf";"br";"km";"municipio";"causa_acidente";"tipo_acidente";"classificacao_acidente";"fase_dia";"sentido_via";"condicao_metereologica";"tipo_pista";"tracado_via";"uso_solo";"pessoas";"mortos";"feridos_leves";"feridos_graves";"ilesos";"ignorados";"feridos";"veiculos";"latitude";"longitude";"regional";"delegacia";"uop"
264947;2020-01-25;"sábado";"04:30:00";"PA";316;81;"SAO FRANCISCO DO PARA";"Falta de Atenção do Pedestre";"Atropelamento de Pedestre";"Com Vítimas Feridas";"Plena Noite";"Crescente";"Nublado";"Simples";"Reta";"Não";2;0;0;1;0;1;1;2;-1,30556013;-47,77095402;"SPRF-PA";"DEL01-PA";"UOP02-DEL01-PA"
264951;2020-01-25;"sábado";"04:13:00";"ES";101;81;"SAO MATEUS";"Ingestão de Álcool";"Capotamento";"Com Vítimas Feridas";"Plena Noite";"Decrescente";"Chuva";"Simples";"Reta";"Não";2;0;2;0;0;0;2;1;-18,82882736;-39,91225653;"SPRF-ES";"DEL04-ES";"UOP02-DEL04-ES"
264952;2020-01-25;"sábado";"06:40:00";"GO";153;591;"PIRACANJUBA";"Velocidade Incompatível";"Capotamento";"Com Vítimas Feridas";"Amanhecer";"Crescente";"Chuva";"Dupla";"Declive;Reta";"Não";1;0;0;1;0;0;1;1;-17,4751;-49,2138;"SPRF-GO";"DEL03-GO";"UOP01-DEL03-GO"
264953;2020-01-25;"sábado";"05:30:00";"PR";116;102;"SAO JOSE DOS PINHAIS";"Falta de Atenção à Condução";"Colisão traseira";"Com Vítimas Feridas";"Amanhecer";"Crescente";"Sol";"Dupla";"Reta";"Não";2;0;0;1;1;0;1;2;-25,550639;-49,15025;"SPRF-PR";"DEL01-PR";"UOP01-DEL01-PR"
264955;2020-01-25;"sábado";"06:10:00";"CE";222;4,4;"CAUCAIA";"Desobediência às normas de trânsito pelo condutor";"Colisão lateral";"Com Vítimas Feridas";"Pleno dia";"Crescente";"Céu Claro";"Múltipla";"Reta";"Sim";3;0;1;0;0;2;1;3;-3,74164754;-38,60449792;"SPRF-CE";"DEL01-CE";"UOP01-DEL01-CE"
264956;2020-01-25;"sábado";"06:30:00";"PB";230;19;"JOAO PESSOA";"Ingestão de Álcool";"Colisão lateral";"Sem Vítimas";"Pleno dia";"Decrescente";"Sol";"Dupla";"Curva";"Sim";3;0;0;0;3;0;0;3;-7,1281;-34,8466;"SPRF-PB";"DEL01-PB";"UOP01-DEL01-PB"
264957;2020-01-25;"sábado";"05:00:00";"MA";10;245;"IMPERATRIZ";"Ingestão de Álcool";"Saída de leito carroçável";"Sem Vítimas";"Amanhecer";"Decrescente";"Céu Claro";"Simples";"Reta";"Não";1;0;0;0;1;0;0;1;-5,588685;-47,433857;"SPRF-MA";"DEL04-MA";"UOP01-DEL04-MA"
264959;2020-01-25;"sábado";"07:25:00";"PB";230;20,2;"JOAO PESSOA";"Pista Escorregadia";"Tombamento";"Com Vítimas Feridas";"Pleno dia";"Decrescente";"Nublado";"Dupla";"Reta";"Sim";2;0;2;0;0;0;2;1;-7,1415;-34,8519;"SPRF-PB";"DEL01-PB";"UOP01-DEL01-PB"
264961;2020-01-25;"sábado";"06:00:00";"MS";262;765;"CORUMBA";"Falta de Atenção à Condução";"Colisão transversal";"Com Vítimas Feridas";"Pleno dia";"Decrescente";"Céu Claro";"Simples";"Reta";"Sim";3;0;2;0;1;0;2;2;-19,10069;-57,62251602;"SPRF-MS";"DEL03-MS";"UOP03-DEL03-MS"
264962;2020-01-25;"sábado";"03:50:00";"RO";174;13;"VILHENA";"Velocidade Incompatível";"Saída de leito carroçável";"Sem Vítimas";"Plena Noite";"Decrescente";"Garoa/Chuvisco";"Dupla";"Rotatória";"Não";2;0;0;0;2;0;0;1;-12,74065154;-60,1322937;"SPRF-RO";"DEL04-RO";"UOP01-DEL04-RO"
264963;2020-01-25;"sábado";"07:20:00";"RS";116;243,9;"SAO LEOPOLDO";"Falta de Atenção à Condução";"Colisão lateral";"Com Vítimas Feridas";"Pleno dia";"Decrescente";"Céu Claro";"Dupla";"Curva";"Sim";2;0;0;1;0;1;1;2;-29,73196199;-51,14952004;"SPRF-RS";"DEL01-RS";"UOP02-DEL01-RS"
264964;2020-01-25;"sábado";"07:30:00";"DF";20;34;"BRASILIA";"Pista Escorregadia";"Saída de leito carroçável";"Sem Vítimas";"Pleno dia";"Decrescente";"Chuva";"Dupla";"Reta";"Não";1;0;0;0;1;0;0;1;-15,585016;-47,568085;"SPRF-DF";"DEL02-DF";"UOP01-DEL02-DF"
264965;2020-01-25;"sábado";"07:45:00";"SC";101;433,9;"SOMBRIO";"Falta de Atenção à Condução";"Colisão traseira";"Com Vítimas Feridas";"Pleno dia";"Crescente";"Sol";"Dupla";"Reta";"Não";2;0;1;0;1;0;1;2;-29,09394309;-49,63306949;"SPRF-SC";"DEL02-SC";"UOP02-DEL02-SC"
264966;2020-01-25;"sábado";"07:30:00";"MA";135;6,8;"SAO LUIS";"Animais na Pista";"Atropelamento de Animal";"Com Vítimas Feridas";"Pleno dia";"Crescente";"Nublado";"Dupla";"Reta";"Sim";2;0;2;0;0;0;2;1;-2,62877986;-44,26321818;"SPRF-MA";"DEL01-MA";"UOP01-DEL01-MA"
264967;2020-01-17;"sexta-feira";"22:40:00";"MA";316;597;"TIMON";"Ingestão de Álcool";"Colisão frontal";"Com Vítimas Fatais";"Plena Noite";"Crescente";"Ignorado";"Simples";"Reta";"Não";2;1;0;0;0;1;0;2;-5,019753;-42,980644;"SPRF-MA";"DEL03-MA";"UOP02-DEL03-MA"
264968;2020-01-25;"sábado";"08:00:00";"MG";381;829,9;"SAO SEBASTIAO DA BELA VISTA";"Falta de Atenção à Condução";"Queda de ocupante de veículo";"Com Vítimas Feridas";"Pleno dia";"Decrescente";"Céu Claro";"Dupla";"Reta";"Não";1;0;1;0;0;0;1;1;-22,13939205;-45,81344194;"SPRF-MG";"DEL16-MG";"UOP01-DEL16-MG"
264969;2020-01-25;"sábado";"07:45:00";"GO";60;442,6;"JATAI";"Velocidade Incompatível";"Saída de leito carroçável";"Com Vítimas Feridas";"Pleno dia";"Decrescente";"Garoa/Chuvisco";"Dupla";"Retorno Regulamentado";"Não";1;0;1;0;0;0;1;1;-17,8421;-51,4504;"SPRF-GO";"DEL05-GO";"UOP01-DEL05-GO"
264970;2020-01-25;"sábado";"05:00:00";"SC";163;67;"SAO MIGUEL DO OESTE";"Ingestão de Álcool";"Saída de leito carroçável";"Sem Vítimas";"Plena Noite";"Decrescente";"Céu Claro";"Dupla";"Reta";"Sim";1;0;0;0;0;1;0;1;-26,759436;-53,50055292;"SPRF-SC";"DEL07-SC";"UOP03-DEL07-SC"
264972;2020-01-25;"sábado";"06:20:00";"BA";116;822,3;"VITORIA DA CONQUISTA";"Desobediência às normas de trânsito pelo condutor";"Colisão transversal";"Com Vítimas Feridas";"Pleno dia";"Crescente";"Nublado";"Dupla";"Reta";"Sim";2;0;1;0;0;1;1;2;-14,850915;-40,848789;"SPRF-BA";"DEL08-BA";"UOP01-DEL08-BA"
264973;2020-01-25;"sábado";"07:50:00";"SC";101;441,7;"SANTA ROSA DO SUL";"Falta de Atenção à Condução";"Colisão traseira";"Sem Vítimas";"Pleno dia";"Crescente";"Céu Claro";"Dupla";"Declive";"Não";2;0;0;0;2;0;0;2;-29,12676736;-49,67703089;"SPRF-SC";"DEL02-SC";"UOP02-DEL02-SC"
264975;2020-01-24;"sexta-feira";"12:00:00";"RJ";40;77;"PETROPOLIS";"Velocidade Incompatível";"Saída de leito carroçável";"Com Vítimas Feridas";"Pleno dia";"Crescente";"Chuva";"Simples";"Curva";"Não";3;0;3;0;0;0;3;1;-22,48005592;-43,23543994;"SPRF-RJ";"DEL06-RJ";"UOP01-DEL06-RJ"
264977;2020-01-25;"sábado";"07:15:00";"MS";262;556,3;"MIRANDA";"Defeito Mecânico no Veículo";"Colisão com objeto estático";"Sem Vítimas";"Pleno dia";"Crescente";"Sol";"Simples";"Reta;Ponte";"Sim";2;0;0;0;2;0;0;1;-20,24532037;-56,3602255;"SPRF-MS";"DEL03-MS";"UOP02-DEL03-MS"
264978;2020-01-25;"sábado";"08:50:00";"GO";60;79,7;"ANAPOLIS";"Defeito Mecânico no Veículo";"Saída de leito carroçável";"Com Vítimas Feridas";"Pleno dia";"Crescente";"Chuva";"Dupla";"Curva";"Não";2;0;1;0;1;0;1;1;-16,3007;-48,8128;"SPRF-GO";"DEL02-GO";"UOP01-DEL02-GO"
264980;2020-01-25;"sábado";"07:20:00";"AC";317;90;"SENADOR GUIOMARD";"Falta de Atenção à Condução";"Colisão transversal";"Com Vítimas Feridas";"Pleno dia";"Decrescente";"Céu Claro";"Simples";"Reta";"Não";2;0;2;0;0;0;2;2;-10,151113;-67,711309;"SPRF-AC";"DEL01-AC";"UOP01-DEL01-AC"
264985;2020-01-25;"sábado";"09:40:00";"GO";60;185,2;"ABADIA DE GOIAS";"Avarias e/ou desgaste excessivo no pneu";"Saída de leito carroçável";"Com Vítimas Feridas";"Pleno dia";"Decrescente";"Chuva";"Dupla";"Aclive";"Não";3;0;2;0;1;0;2;1;-16,7956;-49,51;"SPRF-GO";"DEL01-GO";"UOP02-DEL01-GO"
264986;2020-01-25;"sábado";"09:40:00";"RN";406;169,7;"SAO GONCALO DO AMARANTE";"Falta de Atenção à Condução";"Colisão transversal";"Com Vítimas Feridas";"Pleno dia";"Crescente";"Céu Claro";"Dupla";"Interseção de Vias";"Sim";4;0;3;1;0;0;4;2;-5,75570118;-35,30728507;"SPRF-RN";"DEL02-RN";"UOP01-DEL02-RN"
264987;2020-01-25;"sábado";"09:30:00";"PA";316;22;"BENEVIDES";"Animais na Pista";"Atropelamento de Animal";"Com Vítimas Feridas";"Pleno dia";"Decrescente";"Sol";"Dupla";"Reta";"Sim";1;0;0;1;0;0;1;1;-1,3534463;-48,2570266;"SPRF-PA";"DEL01-PA";"UOP01-DEL01-PA"
264988;2020-01-25;"sábado";"10:10:00";"PE";101;67,2;"RECIFE";"Falta de Atenção à Condução";"Colisão traseira";"Com Vítimas Feridas";"Pleno dia";"Crescente";"Céu Claro";"Múltipla";"Reta";"Sim";2;0;1;0;1;0;1;2;-8,044054;-34,943971;"SPRF-PE";"DEL01-PE";"UOP01-DEL01-PE"
264991;2020-01-25;"sábado";"09:50:00";"BA";324;564;"SAO SEBASTIAO DO PASSE";"Velocidade Incompatível";"Capotamento";"Com Vítimas Feridas";"Pleno dia";"Decrescente";"Sol";"Dupla";"Declive;Reta";"Não";2;0;1;0;1;0;1;1;-12,523688;-38,61121;"SPRF-BA";"DEL01-BA";"UOP01-DEL01-BA"
264994;2020-01-25;"sábado";"10:30:00";"MG";262;364,5;"JUATUBA";"Desobediência às normas de trânsito pelo condutor";"Tombamento";"Com Vítimas Feridas";"Pleno dia";"Decrescente";"Nublado";"Dupla";"Reta";"Não";2;0;2;0;0;0;2;1;-19,98290644;-44,24492623;"SPRF-MG";"DEL01-MG";"UOP03-DEL01-MG"
264995;2020-01-25;"sábado";"10:10:00";"SC";101;126,2;"ITAJAI";"Não guardar distância de segurança";"Engavetamento";"Com Vítimas Feridas";"Pleno dia";"Crescente";"Sol";"Dupla";"Declive;Reta";"Não";4;0;1;0;3;0;1;3;-26,95564404;-48,67978366;"SPRF-SC";"DEL04-SC";"UOP04-DEL04-SC"
264996;2020-01-25;"sábado";"10:50:00";"MG";40;523;"CONTAGEM";"Não guardar distância de segurança";"Colisão traseira";"Com Vítimas Feridas";"Pleno dia";"Decrescente";"Nublado";"Dupla";"Reta";"Sim";3;0;0;1;1;1;1;3;-19,86874894;-44,05962197;"SPRF-MG";"DEL01-MG";"UOP02-DEL01-MG"
264997;2020-01-25;"sábado";"10:30:00";"PR";277;104;"CAMPO LARGO";"Falta de Atenção à Condução";"Colisão traseira";"Com Vítimas Feridas";"Pleno dia";"Crescente";"Céu Claro";"Dupla";"Reta";"Sim";2;0;0;1;1;0;1;2;-25,4341449;-49,40995932;"SPRF-PR";"DEL01-PR";"UOP06-DEL01-PR"
264998;2020-01-25;"sábado";"10:45:00";"RN";101;84,9;"SAO GONCALO DO AMARANTE";"Falta de Atenção à Condução";"Colisão lateral";"Com Vítimas Feridas";"Pleno dia";"Crescente";"Céu Claro";"Dupla";"Reta";"Sim";1;0;1;0;0;0;1;1;-5,774175;-35,2578;"SPRF-RN";"DEL02-RN";"UOP01-DEL02-RN"
264999;2020-01-25;"sábado";"11:00:00";"MG";381;752,8;"TRES CORACOES";"Falta de Atenção à Condução";"Queda de ocupante de veículo";"Com Vítimas Feridas";"Pleno dia";"Decrescente";"Céu Claro";"Dupla";"Reta";"Não";1;0;1;0;0;0;1;1;-21,67246754;-45,33430028;"SPRF-MG";"DEL16-MG";"UOP02-DEL16-MG"
265002;2020-01-25;"sábado";"10:30:00";"SC";101;208;"SAO JOSE";"Falta de Atenção à Condução";"Colisão traseira";"Com Vítimas Feridas";"Pleno dia";"Decrescente";"Céu Claro";"Dupla";"Reta";"Sim";4;0;1;0;3;0;1;3;-27,60327979;-48,63201818;"SPRF-SC";"DEL01-SC";"UOP01-DEL01-SC"
265008;2020-01-25;"sábado";"10:25:00";"RO";364;343,2;"JI-PARANA";"Não guardar distância de segurança";"Colisão traseira";"Com Vítimas Feridas";"Pleno dia";"Crescente";"Céu Claro";"Simples";"Interseção de Vias";"Sim";1;0;1;0;0;0;1;1;-10,87769772;-61,94666862;"SPRF-RO";"DEL02-RO";"UOP01-DEL02-RO"
265009;2020-01-25;"sábado";"11:00:00";"DF";70;16,3;"BRASILIA";"Desobediência às normas de trânsito pelo condutor";"Colisão transversal";"Sem Vítimas";"Pleno dia";"Crescente";"Chuva";"Dupla";"Interseção de Vias";"Sim";3;0;0;0;3;0;0;2;-15,796144;-48,194225;"SPRF-DF";"DEL01-DF";"UOP02-DEL03-DF"
265010;2020-01-25;"sábado";"11:20:00";"SP";116;113;"TAUBATE";"Não guardar distância de segurança";"Colisão lateral";"Com Vítimas Feridas";"Pleno dia";"Decrescente";"Nublado";"Dupla";"Reta";"Não";2;0;1;0;1;0;1;2;-23,0440828;-45,58041405;"SPRF-SP";"DEL06-SP";"UOP01-DEL06-SP"
265011;2020-01-25;"sábado";"11:25:00";"RJ";101;74,7;"CAMPOS DOS GOYTACAZES";"Falta de Atenção à Condução";"Colisão transversal";"Com Vítimas Feridas";"Pleno dia";"Decrescente";"Garoa/Chuvisco";"Simples";"Reta";"Sim";2;0;1;0;1;0;1;2;-21,81382105;-41,39664168;"SPRF-RJ";"DEL08-RJ";"UOP02-DEL08-RJ"
265012;2020-01-25;"sábado";"08:30:00";"RO";364;394;"OURO PRETO DO OESTE";"Falta de Atenção à Condução";"Saída de leito carroçável";"Com Vítimas Feridas";"Pleno dia";"Decrescente";"Sol";"Simples";"Reta";"Não";1;0;0;1;0;0;1;1;-10,64530994;-62,30854892;"SPRF-RO";"DEL03-RO";"UOP02-DEL03-RO"
265016;2020-01-25;"sábado";"12:20:00";"PE";101;68;"RECIFE";"Falta de Atenção à Condução";"Colisão lateral";"Com Vítimas Feridas";"Pleno dia";"Decrescente";"Sol";"Dupla";"Rotatória";"Sim";3;0;2;0;0;1;2;2;-8,05074296;-34,94580619;"SPRF-PE";"DEL01-PE";"UOP01-DEL01-PE"
265017;2020-01-25;"sábado";"11:15:00";"PB";230;139;"CAMPINA GRANDE";"Falta de Atenção à Condução";"Colisão com objeto estático";"Com Vítimas Feridas";"Pleno dia";"Crescente";"Nublado";"Dupla";"Curva";"Não";2;0;1;0;1;0;1;1;-7,26847147;-35,79728018;"SPRF-PB";"DEL02-PB";"UOP01-DEL02-PB"
265018;2020-01-25;"sábado";"12:30:00";"RS";116;261;"CANOAS";"Falta de Atenção à Condução";"Colisão lateral";"Com Vítimas Feridas";"Pleno dia";"Decrescente";"Céu Claro";"Múltipla";"Reta";"Sim";2;0;1;0;1;0;1;2;-29,887983;-51,17901;"SPRF-RS";"DEL01-RS";"UOP01-DEL01-RS"
265020;2020-01-25;"sábado";"12:45:00";"SC";101;148;"ITAPEMA";"Falta de Atenção à Condução";"Colisão frontal";"Com Vítimas Feridas";"Pleno dia";"Crescente";"Sol";"Dupla";"Reta";"Sim";2;0;1;0;1;0;1;2;-27,10123686;-48,61807962;"SPRF-SC";"DEL04-SC";"UOP03-DEL04-SC"
265021;2020-01-25;"sábado";"11:05:00";"SC";470;69,9;"INDAIAL";"Desobediência às normas de trânsito pelo condutor";"Colisão transversal";"Com Vítimas Feridas";"Pleno dia";"Decrescente";"Sol";"Simples";"Reta";"Sim";2;0;1;0;1;0;1;2;-26,883745;-49,246704;"SPRF-SC";"DEL04-SC";"UOP01-DEL04-SC"
265023;2020-01-25;"sábado";"13:35:00";"RJ";40;109;"DUQUE DE CAXIAS";"Falta de Atenção à Condução";"Colisão traseira";"Com Vítimas Feridas";"Pleno dia";"Decrescente";"Céu Claro";"Múltipla";"Reta";"Sim";3;0;1;0;2;0;1;3;-22,67374628;-43,28638368;"SPRF-RJ";"DEL01-RJ";"UOP01-DEL01-RJ"
265027;2020-01-25;"sábado";"09:00:00";"BA";116;761,1;"POCOES";"Pista Escorregadia";"Saída de leito carroçável";"Com Vítimas Feridas";"Pleno dia";"Crescente";"Nevoeiro/Neblina";"Simples";"Declive";"Não";5;0;3;1;0;1;4;2;-14,49940998;-40,35265402;"SPRF-BA";"DEL08-BA";"UOP02-DEL08-BA"
265028;2020-01-25;"sábado";"14:20:00";"PE";424;20,4;"PEDRA";"Ingestão de Álcool";"Colisão traseira";"Com Vítimas Feridas";"Pleno dia";"Decrescente";"Céu Claro";"Simples";"Reta";"Não";3;0;2;0;1;0;2;2;-8,51024896;-36,92901694;"SPRF-PE";"DEL03-PE";"UOP02-DEL03-PE"
265030;2020-01-25;"sábado";"13:50:00";"RS";116;229,5;"DOIS IRMAOS";"Falta de Atenção à Condução";"Colisão transversal";"Com Vítimas Feridas";"Pleno dia";"Crescente";"Céu Claro";"Simples";"Reta";"Sim";2;0;1;1;0;0;2;2;-29,61889116;-51,12162374;"SPRF-RS";"DEL01-RS";"UOP02-DEL01-RS"
265031;2020-01-25;"sábado";"13:30:00";"MG";116;415;"GOVERNADOR VALADARES";"Desobediência às normas de trânsito pelo condutor";"Engavetamento";"Com Vítimas Feridas";"Pleno dia";"Crescente";"Céu Claro";"Simples";"Ponte";"Sim";8;0;2;0;6;0;2;5;-18,88401297;-41,94924399;"SPRF-MG";"DEL06-MG";"UOP01-DEL06-MG"
265032;2020-01-25;"sábado";"13:00:00";"GO";60;100;"ANAPOLIS";"Defeito na Via";"Saída de leito carroçável";"Sem Vítimas";"Pleno dia";"Decrescente";"Chuva";"Dupla";"Curva;Declive";"Sim";2;0;0;0;2;0;0;1;-16,3979;-48,9664;"SPRF-GO";"DEL02-GO";"UOP01-DEL02-GO"
265033;2020-01-25;"sábado";"13:17:00";"GO";60;100;"ANAPOLIS";"Defeito na Via";"Saída de leito carroçável";"Sem Vítimas";"Pleno dia";"Decrescente";"Chuva";"Dupla";"Curva;Declive";"Sim";5;0;0;0;5;0;0;1;-16,3979;-48,9664;"SPRF-GO";"DEL02-GO";"UOP01-DEL02-GO"
265034;2020-01-25;"sábado";"13:20:00";"PB";101;7,9;"MAMANGUAPE";"Desobediência às normas de trânsito pelo condutor";"Colisão com objeto estático";"Com Vítimas Feridas";"Pleno dia";"Decrescente";"Céu Claro";"Dupla";"Reta";"Não";1;0;0;1;0;0;1;1;-6,55994553;-35,13580041;"SPRF-PB";"DEL01-PB";"UOP04-DEL01-PB"
265036;2020-01-25;"sábado";"13:40:00";"SC";280;32;"ARAQUARI";"Falta de Atenção à Condução";"Colisão traseira";"Com Vítimas Feridas";"Pleno dia";"Decrescente";"Céu Claro";"Simples";"Reta";"Não";4;0;1;0;3;0;1;3;-26,420618;-48,779335;"SPRF-SC";"DEL03-SC";"UOP03-DEL03-SC"
265037;2020-01-25;"sábado";"14:35:00";"SC";101;242;"PALHOCA";"Falta de Atenção à Condução";"Colisão transversal";"Com Vítimas Feridas";"Pleno dia";"Crescente";"Sol";"Simples";"Reta";"Não";3;0;1;0;2;0;1;2;-27,87545797;-48,64678433;"SPRF-SC";"DEL01-SC";"UOP02-DEL01-SC"
265038;2020-01-25;"sábado";"15:25:00";"PR";376;215,9;"JANDAIA DO SUL";"Desobediência às normas de trânsito pelo condutor";"Colisão transversal";"Com Vítimas Feridas";"Pleno dia";"Crescente";"Céu Claro";"Simples";"Interseção de Vias;Declive";"Não";3;0;1;0;2;0;1;2;-23,59537856;-51,64222304;"SPRF-PR";"DEL07-PR";"UOP03-DEL07-PR"
265040;2020-01-25;"sábado";"13:12:00";"RS";290;8;"OSORIO";"Falta de Atenção do Pedestre";"Atropelamento de Pedestre";"Com Vítimas Feridas";"Pleno dia";"Decrescente";"Céu Claro";"Dupla";"Reta";"Não";4;0;0;1;2;1;1;2;-29,89323;-50,353348;"SPRF-RS";"DEL03-RS";"UOP01-DEL03-RS"
265042;2020-01-25;"sábado";"11:50:00";"RO";364;343;"JI-PARANA";"Falta de Atenção à Condução";"Colisão traseira";"Com Vítimas Feridas";"Pleno dia";"Decrescente";"Céu Claro";"Múltipla";"Reta";"Sim";5;0;1;0;4;0;1;3;-10,87878519;-61,94499012;"SPRF-RO";"DEL02-RO";"UOP01-DEL02-RO"
265044;2020-01-25;"sábado";"12:20:00";"RO";435;122,8;"CEREJEIRAS";"Falta de Atenção à Condução";"Colisão transversal";"Com Vítimas Feridas";"Pleno dia";"Decrescente";"Sol";"Dupla";"Interseção de Vias;Reta";"Sim";2;0;2;0;0;0;2;2;-13,18775891;-60,79986605;"SPRF-RO";"DEL04-RO";"UOP02-DEL04-RO"
265045;2020-01-25;"sábado";"15:45:00";"RS";116;300,9;"GUAIBA";"Falta de Atenção à Condução";"Colisão transversal";"Com Vítimas Feridas";"Pleno dia";"Crescente";"Céu Claro";"Simples";"Reta";"Sim";2;0;1;0;1;0;1;2;-30,1311909;-51,35338068;"SPRF-RS";"DEL02-RS";"UOP01-DEL02-RS"
265048;2020-01-25;"sábado";"15:40:00";"RJ";101;279;"ITABORAI";"Falta de Atenção à Condução";"Queda de ocupante de veículo";"Com Vítimas Feridas";"Pleno dia";"Decrescente";"Céu Claro";"Dupla";"Reta";"Não";2;0;1;0;1;0;1;1;-22,7383655;-42,76745405;"SPRF-RJ";"DEL02-RJ";"UOP03-DEL02-RJ"
265049;2020-01-25;"sábado";"16:10:00";"MG";381;936;"EXTREMA";"Desobediência às normas de trânsito pelo condutor";"Queda de ocupante de veículo";"Com Vítimas Feridas";"Pleno dia";"Decrescente";"Nublado";"Dupla";"Retorno Regulamentado";"Não";2;0;1;0;0;1;1;2;-22,82914914;-46,31469547;"SPRF-MG";"DEL16-MG";"UOP03-DEL16-MG"
265050;2020-01-25;"sábado";"12:15:00";"CE";222;126,5;"ITAPAJE";"Falta de Atenção à Condução";"Colisão transversal";"Com Vítimas Feridas";"Pleno dia";"Crescente";"Céu Claro";"Simples";"Declive";"Sim";4;0;1;0;3;0;1;2;-3,69613087;-39,6007584;"SPRF-CE";"DEL04-CE";"UOP03-DEL04-CE"
265051;2020-01-25;"sábado";"15:45:00";"SP";153;160;"PROMISSAO";"Defeito Mecânico no Veículo";"Danos eventuais";"Com Vítimas Feridas";"Pleno dia";"Decrescente";"Céu Claro";"Simples";"Reta";"Não";3;0;1;0;2;0;1;1;-21,50731997;-49,78041944;"SPRF-SP";"DEL07-SP";"UOP01-DEL07-SP"
265052;2020-01-25;"sábado";"16:20:00";"RS";116;295;"GUAIBA";"Falta de Atenção à Condução";"Saída de leito carroçável";"Com Vítimas Feridas";"Pleno dia";"Crescente";"Céu Claro";"Dupla";"Reta";"Não";1;0;1;0;0;0;1;1;-30,07969402;-51,34154882;"SPRF-RS";"DEL02-RS";"UOP01-DEL02-RS"
265053;2020-01-25;"sábado";"16:10:00";"RJ";356;164;"SAO JOAO DA BARRA";"Desobediência às normas de trânsito pelo condutor";"Colisão lateral";"Com Vítimas Feridas";"Pleno dia";"Crescente";"Nublado";"Simples";"Reta";"Não";4;0;3;0;1;0;3;2;-21,7109251;-41,14583731;"SPRF-RJ";"DEL08-RJ";"UOP02-DEL08-RJ"
265056;2020-01-25;"sábado";"16:10:00";"CE";304;48,9;"ARACATI";"Falta de Atenção à Condução";"Colisão transversal";"Com Vítimas Feridas";"Pleno dia";"Crescente";"Céu Claro";"Dupla";"Reta";"Sim";2;0;1;0;1;0;1;2;-4,57863423;-37,77996807;"SPRF-CE";"DEL03-CE";"UOP03-DEL03-CE"
265057;2020-01-25;"sábado";"15:30:00";"RS";287;249;"SANTA MARIA";"Falta de Atenção à Condução";"Colisão traseira";"Com Vítimas Feridas";"Pleno dia";"Crescente";"Sol";"Simples";"Reta";"Não";4;0;1;0;3;0;1;3;-29,69400654;-53,86100019;"SPRF-RS";"DEL09-RS";"UOP01-DEL09-RS"
265058;2020-01-25;"sábado";"16:10:00";"PR";277;104;"CAMPO LARGO";"Falta de Atenção à Condução";"Colisão transversal";"Com Vítimas Feridas";"Pleno dia";"Crescente";"Sol";"Múltipla";"Interseção de Vias";"Não";2;0;1;0;0;1;1;2;-25,49678798;-49,3426549;"SPRF-PR";"DEL01-PR";"UOP06-DEL01-PR"
265059;2020-01-25;"sábado";"17:15:00";"SC";101;119,1;"ITAJAI";"Falta de Atenção à Condução";"Colisão com objeto estático";"Com Vítimas Feridas";"Pleno dia";"Crescente";"Céu Claro";"Dupla";"Reta";"Sim";1;0;0;1;0;0;1;1;-26,90559593;-48,71513844;"SPRF-SC";"DEL04-SC";"UOP04-DEL04-SC"
265060;2020-01-25;"sábado";"15:45:00";"RS";290;138,5;"ELDORADO DO SUL";"Não guardar distância de segurança";"Colisão traseira";"Com Vítimas Feridas";"Pleno dia";"Crescente";"Sol";"Simples";"Reta";"Não";5;0;3;0;2;0;3;2;-30,075125;-51,590378;"SPRF-RS";"DEL02-RS";"UOP01-DEL02-RS"
265061;2020-01-25;"sábado";"16:00:00";"MT";364;168,7;"PEDRA PRETA";"Avarias e/ou desgaste excessivo no pneu";"Saída de leito carroçável";"Com Vítimas Fatais";"Pleno dia";"Crescente";"Céu Claro";"Simples";"Reta";"Não";2;1;1;0;0;0;1;1;-16,64890431;-54,39599991;"SPRF-MT";"DEL02-MT";"UOP01-DEL02-MT"
265062;2020-01-25;"sábado";"16:20:00";"SC";101;331,6;"TUBARAO";"Falta de Atenção à Condução";"Colisão traseira";"Com Vítimas Feridas";"Pleno dia";"Crescente";"Céu Claro";"Simples";"Viaduto;Interseção de Vias;Rotatória";"Sim";5;0;1;0;4;0;1;2;-28,46595613;-48,99575114;"SPRF-SC";"DEL02-SC";"UOP01-DEL02-SC"
265065;2020-01-25;"sábado";"16:20:00";"AL";316;106,5;"DOIS RIACHOS";"Animais na Pista";"Atropelamento de Animal";"Sem Vítimas";"Pleno dia";"Crescente";"Céu Claro";"Simples";"Reta";"Não";2;0;0;0;2;0;0;2;-9,38610298;-37,062354;"SPRF-AL";"DEL03-AL";"UOP01-DEL03-AL"
265066;2020-01-25;"sábado";"16:37:00";"MS";163;475,5;"CAMPO GRANDE";"Velocidade Incompatível";"Tombamento";"Com Vítimas Feridas";"Pleno dia";"Crescente";"Céu Claro";"Simples";"Reta";"Sim";2;0;1;0;1;0;1;2;-20,51838231;-54,56658567;"SPRF-MS";"DEL01-MS";"UOP01-DEL01-MS"
265069;2020-01-25;"sábado";"17:10:00";"BA";242;214;"ITABERABA";"Falta de Atenção à Condução";"Saída de leito carroçável";"Com Vítimas Feridas";"Pleno dia";"Decrescente";"Céu Claro";"Simples";"Curva";"Não";1;0;1;0;0;0;1;1;-12,52491997;-40,37344158;"SPRF-BA";"DEL06-BA";"UOP02-DEL06-BA"