"id";"data_inversa";"dia_semana";"horario";"uf";"br";"km";"municipio";"causa_acidente";"tipo_acidente";"classificacao_acidente";"fase_dia";"sentido_via";"condicao_metereologica";"tipo_pista";"tracado_via";"uso_solo";"pessoas";"mortos";"feridos_leves";"feridos_graves";"ilesos";"ignorados";"feridos";"veiculos";"latitude";"longitude";"regional";"delegacia";"uop"
265070;2020-01-25;"sábado";"17:00:00";"MG";40;70,8;"PARACATU";"Velocidade Incompatível";"Saída de leito carroçável";"Com Vítimas Feridas";"Pleno dia";"Crescente";"Chuva";"Simples";"Reta";"Não";3;0;3;0;0;0;3;1;-17,400838;-46,727587;"SPRF-MG";"DEL14-MG";"UOP01-DEL14-MG"
265072;2020-01-25;"sábado";"18:40:00";"SC";101;52;"JOINVILLE";"Desobediência às normas de trânsito pelo condutor";"Colisão lateral";"Com Vítimas Feridas";"Anoitecer";"Decrescente";"Céu Claro";"Dupla";"Reta";"Sim";2;0;1;0;1;0;1;2;-26,39111608;-48,83984239;"SPRF-SC";"DEL03-SC";"UOP01-DEL03-SC"
265073;2020-01-25;"sábado";"18:00:00";"PR";376;493;"PONTA GROSSA";"Desobediência às normas de trânsito pelo condutor";"Saída de leito carroçável";"Sem Vítimas";"Pleno dia";"Crescente";"Céu Claro";"Dupla";"Aclive;Reta";"Sim";1;0;0;0;1;0;0;1;-25,16001091;-50,12436895;"SPRF-PR";"DEL03-PR";"UOP04-DEL03-PR"
265075;2020-01-25;"sábado";"15:20:00";"MG";40;4,1;"PARACATU";"Pista Escorregadia";"Saída de leito carroçável";"Com Vítimas Feridas";"Pleno dia";"Crescente";"Chuva";"Simples";"Curva";"Não";3;0;2;0;1;0;2;1;-17,05641488;-47,13045991;"SPRF-MG";"DEL14-MG";"UOP01-DEL14-MG"
265077;2020-01-25;"sábado";"19:10:00";"SP";101;35,5;"UBATUBA";"Falta de Atenção à Condução";"Colisão transversal";"Com Vítimas Feridas";"Plena Noite";"Decrescente";"Nublado";"Simples";"Reta";"Sim";3;0;1;0;2;0;1;2;-23,39559665;-45,01489162;"SPRF-SP";"DEL06-SP";"UOP01-DEL06-SP"
265078;2020-01-25;"sábado";"18:00:00";"PR";476;118;"COLOMBO";"Falta de Atenção à Condução";"Colisão lateral";"Com Vítimas Feridas";"Anoitecer";"Crescente";"Céu Claro";"Dupla";"Reta";"Sim";2;0;0;1;0;1;1;2;-25,35634;-49,180828;"SPRF-PR";"DEL01-PR";"UOP07-DEL01-PR"
265079;2020-01-25;"sábado";"18:10:00";"PR";277;3,5;"FOZ DO IGUACU";"Velocidade Incompatível";"Queda de ocupante de veículo";"Com Vítimas Feridas";"Anoitecer";"Crescente";"Céu Claro";"Dupla";"Reta";"Sim";1;0;1;0;0;0;1;1;-25,48450078;-54,58316803;"SPRF-PR";"DEL05-PR";"UOP03-DEL05-PR"
265080;2020-01-25;"sábado";"18:35:00";"PR";277;696,2;"SAO MIGUEL DO IGUACU";"Falta de Atenção à Condução";"Saída de leito carroçável";"Com Vítimas Feridas";"Pleno dia";"Decrescente";"Céu Claro";"Dupla";"Reta";"Não";1;0;0;1;0;0;1;1;-25,38683788;-54,29509407;"SPRF-PR";"DEL05-PR";"UOP01-DEL05-PR"
265081;2020-01-25;"sábado";"17:30:00";"SP";116;155,5;"SAO JOSE DOS CAMPOS";"Condutor Dormindo";"Colisão com objeto estático";"Com Vítimas Feridas";"Anoitecer";"Crescente";"Céu Claro";"Múltipla";"Reta";"Sim";1;0;1;0;0;0;1;1;-23,24524337;-45,92772774;"SPRF-SP";"DEL02-SP";"UOP01-DEL02-SP"
265082;2020-01-25;"sábado";"18:20:00";"PR";277;166;"PALMEIRA";"Velocidade Incompatível";"Saída de leito carroçável";"Com Vítimas Feridas";"Plena Noite";"Crescente";"Nublado";"Simples";"Curva";"Não";2;0;2;0;0;0;2;1;-25,47289;-49,895964;"SPRF-PR";"DEL01-PR";"UOP06-DEL01-PR"
265085;2020-01-25;"sábado";"19:16:00";"SC";470;249,2;"CURITIBANOS";"Desobediência às normas de trânsito pelo condutor";"Colisão transversal";"Com Vítimas Feridas";"Anoitecer";"Decrescente";"Nublado";"Simples";"Rotatória";"Sim";4;0;1;0;2;1;1;2;-27,31279967;-50,56168377;"SPRF-SC";"DEL05-SC";"UOP03-DEL05-SC"
265086;2020-01-25;"sábado";"19:30:00";"PA";10;18;"DOM ELISEU";"Desobediência às normas de trânsito pelo condutor";"Colisão transversal";"Com Vítimas Feridas";"Plena Noite";"Crescente";"Céu Claro";"Simples";"Reta";"Sim";2;0;1;0;1;0;1;2;-4,293095;-47,556904;"SPRF-PA";"DEL02-PA";"UOP02-DEL02-PA"
265087;2020-01-25;"sábado";"20:00:00";"RJ";40;47,8;"PETROPOLIS";"Falta de Atenção do Pedestre";"Atropelamento de Pedestre";"Com Vítimas Fatais";"Plena Noite";"Crescente";"Nublado";"Simples";"Curva";"Não";5;1;0;0;3;1;0;2;-22,29169833;-43,1279826;"SPRF-RJ";"DEL06-RJ";"UOP01-DEL06-RJ"
265088;2020-01-25;"sábado";"19:05:00";"SC";282;504,5;"XANXERE";"Velocidade Incompatível";"Saída de leito carroçável";"Com Vítimas Feridas";"Anoitecer";"Decrescente";"Céu Claro";"Dupla";"Reta";"Sim";1;0;1;0;0;0;1;1;-26,884279;-52,408466;"SPRF-SC";"DEL07-SC";"UOP01-DEL07-SC"
265090;2020-01-25;"sábado";"19:40:00";"MG";50;74;"UBERLANDIA";"Defeito na Via";"Queda de ocupante de veículo";"Com Vítimas Feridas";"Plena Noite";"Crescente";"Nublado";"Dupla";"Reta";"Sim";2;0;1;1;0;0;2;1;-18,85140204;-48,25345932;"SPRF-MG";"DEL15-MG";"UOP01-DEL15-MG"
265091;2020-01-25;"sábado";"19:10:00";"PB";230;334;"PATOS";"Desobediência às normas de trânsito pelo condutor";"Colisão traseira";"Com Vítimas Feridas";"Plena Noite";"Decrescente";"Céu Claro";"Dupla";"Rotatória";"Não";2;0;1;0;1;0;1;2;-7,018;-37,2589;"SPRF-PB";"DEL03-PB";"UOP01-DEL03-PB"
265092;2020-01-25;"sábado";"20:30:00";"RJ";116;106;"GUAPIMIRIM";"Falta de Atenção à Condução";"Colisão frontal";"Com Vítimas Feridas";"Plena Noite";"Decrescente";"Céu Claro";"Dupla";"Curva";"Sim";2;0;1;0;1;0;1;2;-22,547277;-42,987495;"SPRF-RJ";"DEL04-RJ";"UOP02-DEL04-RJ"
265093;2020-01-25;"sábado";"18:15:00";"SC";101;291,1;"IMBITUBA";"Falta de Atenção à Condução";"Tombamento";"Com Vítimas Feridas";"Anoitecer";"Crescente";"Sol";"Dupla";"Reta";"Sim";1;0;1;0;0;0;1;1;-28,26980586;-48,70081551;"SPRF-SC";"DEL02-SC";"UOP03-DEL02-SC"
265096;2020-01-25;"sábado";"20:40:00";"RJ";465;1;"SEROPEDICA";"Falta de Atenção à Condução";"Colisão transversal";"Com Vítimas Feridas";"Plena Noite";"Crescente";"Nublado";"Múltipla";"Retorno Regulamentado";"Sim";3;0;1;0;2;0;1;2;-22,71695368;-43,72837543;"SPRF-RJ";"DEL01-RJ";"UOP03-DEL01-RJ"
265098;2020-01-25;"sábado";"21:09:00";"GO";20;2;"FORMOSA";"Não guardar distância de segurança";"Colisão traseira";"Sem Vítimas";"Plena Noite";"Decrescente";"Chuva";"Simples";"Reta";"Sim";2;0;0;0;1;1;0;2;-15,57387;-47,327488;"SPRF-DF";"DEL02-DF";"UOP01-DEL02-DF"
265104;2020-01-25;"sábado";"16:30:00";"MG";116;545,7;"SANTA BARBARA DO LESTE";"Velocidade Incompatível";"Colisão frontal";"Com Vítimas Fatais";"Anoitecer";"Decrescente";"Chuva";"Simples";"Reta";"Não";6;2;3;0;1;0;3;2;-19,922605;-42,131408;"SPRF-MG";"DEL06-MG";"UOP02-DEL06-MG"
265105;2020-01-25;"sábado";"21:40:00";"PR";277;0,5;"PARANAGUA";"Falta de Atenção à Condução";"Queda de ocupante de veículo";"Com Vítimas Feridas";"Plena Noite";"Crescente";"Nublado";"Dupla";"Reta";"Sim";1;0;1;0;0;0;1;1;-25,55614673;-48,56240407;"SPRF-PR";"DEL01-PR";"UOP05-DEL01-PR"
265106;2020-01-25;"sábado";"20:45:00";"RJ";116;140;"DUQUE DE CAXIAS";"Defeito Mecânico no Veículo";"Tombamento";"Com Vítimas Feridas";"Plena Noite";"Decrescente";"Céu Claro";"Dupla";"Reta";"Sim";2;0;1;0;1;0;1;1;-22,66283;-43,25602;"SPRF-RJ";"DEL04-RJ";"UOP02-DEL04-RJ"
265107;2020-01-25;"sábado";"22:00:00";"ES";101;284;"CARIACICA";"Falta de Atenção à Condução";"Capotamento";"Com Vítimas Feridas";"Plena Noite";"Decrescente";"Chuva";"Múltipla";"Reta";"Não";1;0;1;0;0;0;1;1;-20,24334991;-40,3696926;"SPRF-ES";"DEL01-ES";"UOP01-DEL01-ES"
265108;2020-01-25;"sábado";"21:30:00";"CE";20;83,5;"TAUA";"Mal Súbito";"Colisão frontal";"Com Vítimas Feridas";"Plena Noite";"Crescente";"Ignorado";"Simples";"Reta";"Não";2;0;0;2;0;0;2;2;-6,00760337;-40,28674757;"SPRF-CE";"DEL02-CE";"UOP02-DEL02-CE"
265109;2020-01-25;"sábado";"21:00:00";"SC";101;132,8;"BALNEARIO CAMBORIU";"Falta de Atenção à Condução";"Colisão lateral";"Com Vítimas Feridas";"Plena Noite";"Decrescente";"Céu Claro";"Múltipla";"Reta";"Sim";3;0;2;0;1;0;2;2;-26,99654133;-48,65564711;"SPRF-SC";"DEL04-SC";"UOP03-DEL04-SC"
265111;2020-01-25;"sábado";"22:10:00";"PE";232;129;"CARUARU";"Ingestão de Álcool";"Colisão traseira";"Sem Vítimas";"Plena Noite";"Crescente";"Céu Claro";"Dupla";"Reta";"Sim";2;0;0;0;2;0;0;2;-8,30193507;-35,98092002;"SPRF-PE";"DEL02-PE";"UOP03-DEL02-PE"
265113;2020-01-25;"sábado";"22:00:00";"SP";116;225;"GUARULHOS";"Não guardar distância de segurança";"Colisão traseira";"Com Vítimas Feridas";"Plena Noite";"Crescente";"Céu Claro";"Múltipla";"Reta";"Sim";3;0;1;0;2;0;1;3;-23,48586772;-46,54075317;"SPRF-SP";"DEL01-SP";"UOP01-DEL01-SP"
265114;2020-01-25;"sábado";"22:45:00";"PR";476;153,9;"ARAUCARIA";"Falta de Atenção à Condução";"Queda de ocupante de veículo";"Com Vítimas Feridas";"Plena Noite";"Crescente";"Nublado";"Dupla";"Reta";"Sim";2;0;2;0;0;0;2;1;-25,58474206;-49,40219348;"SPRF-PR";"DEL01-PR";"UOP06-DEL01-PR"
265115;2020-01-25;"sábado";"22:40:00";"GO";40;1;"VALPARAISO DE GOIAS";"Falta de Atenção à Condução";"Colisão traseira";"Sem Vítimas";"Plena Noite";"Crescente";"Chuva";"Dupla";"Declive";"Sim";3;0;0;0;3;0;0;2;-16,058245;-47,982825;"SPRF-DF";"DEL01-DF";"UOP01-DEL01-DF"
265117;2020-01-25;"sábado";"21:45:00";"PR";487;126;"TUNEIRAS DO OESTE";"Avarias e/ou desgaste excessivo no pneu";"Colisão com objeto em movimento";"Com Vítimas Feridas";"Pleno dia";"Decrescente";"Céu Claro";"Simples";"Reta";"Não";1;0;1;0;0;0;1;1;-23,86957;-52,86852;"SPRF-PR";"DEL04-PR";"UOP03-DEL09-PR"
265118;2020-01-25;"sábado";"20:02:00";"SC";470;70,1;"INDAIAL";"Falta de Atenção do Pedestre";"Atropelamento de Pedestre";"Com Vítimas Feridas";"Plena Noite";"Decrescente";"Céu Claro";"Simples";"Reta";"Não";2;0;0;1;0;1;1;2;-26,889374;-49,254478;"SPRF-SC";"DEL04-SC";"UOP01-DEL04-SC"
265119;2020-01-25;"sábado";"22:20:00";"PR";476;145;"ARAUCARIA";"Agressão Externa";"Capotamento";"Com Vítimas Feridas";"Plena Noite";"Decrescente";"Céu Claro";"Dupla";"Reta";"Sim";1;0;1;0;0;0;1;1;-25,547749;-49,32095;"SPRF-PR";"DEL01-PR";"UOP06-DEL01-PR"
265120;2020-01-25;"sábado";"23:30:00";"BA";101;226;"CRUZ DAS ALMAS";"Falta de Atenção à Condução";"Colisão traseira";"Com Vítimas Fatais";"Plena Noite";"Decrescente";"Céu Claro";"Simples";"Reta";"Não";2;1;0;0;1;0;0;2;-12,703191;-39,156301;"SPRF-BA";"DEL01-BA";"UOP02-DEL01-BA"
265121;2020-01-25;"sábado";"21:17:00";"MG";381;505;"BETIM";"Falta de Atenção à Condução";"Colisão lateral";"Com Vítimas Feridas";"Plena Noite";"Crescente";"Céu Claro";"Dupla";"Reta";"Não";3;0;1;0;0;2;1;3;-20,04478441;-44,27276484;"SPRF-MG";"DEL01-MG";"UOP03-DEL01-MG"
265122;2020-01-25;"sábado";"21:10:00";"PE";232;211,8;"PESQUEIRA";"Desobediência às normas de trânsito pelo condutor";"Colisão frontal";"Com Vítimas Feridas";"Plena Noite";"Decrescente";"Vento";"Simples";"Reta";"Sim";3;0;0;2;0;1;2;2;-8,36899532;-36,70578682;"SPRF-PE";"DEL02-PE";"UOP03-DEL02-PE"
265123;2020-01-25;"sábado";"16:00:00";"RS";116;62,7;"CAMPESTRE DA SERRA";"Velocidade Incompatível";"Saída de leito carroçável";"Com Vítimas Feridas";"Pleno dia";"Crescente";"Céu Claro";"Simples";"Curva";"Não";1;0;1;0;0;0;1;1;-28,65952476;-51,05913162;"SPRF-RS";"DEL05-RS";"UOP03-DEL05-RS"
265124;2020-01-25;"sábado";"21:50:00";"PE";101;67,3;"RECIFE";"Falta de Atenção à Condução";"Colisão com objeto estático";"Sem Vítimas";"Plena Noite";"Crescente";"Nublado";"Dupla";"Reta";"Sim";1;0;0;0;0;1;0;1;-8,04469727;-34,9443233;"SPRF-PE";"DEL01-PE";"UOP01-DEL01-PE"
265125;2020-01-25;"sábado";"17:00:00";"RS";116;62,7;"CAMPESTRE DA SERRA";"Ingestão de Álcool";"Colisão traseira";"Sem Vítimas";"Pleno dia";"Crescente";"Sol";"Simples";"Curva";"Não";2;0;0;0;2;0;0;2;-28,66046619;-51,05917454;"SPRF-RS";"DEL05-RS";"UOP03-DEL05-RS"
265126;2020-01-25;"sábado";"23:00:00";"PR";376;3;"SAO JOSE DOS PINHAIS";"Não guardar distância de segurança";"Colisão traseira";"Com Vítimas Feridas";"Plena Noite";"Crescente";"Céu Claro";"Dupla";"Reta";"Sim";4;0;2;0;2;0;2;2;-25,53997943;-49,19153094;"SPRF-PR";"DEL01-PR";"UOP01-DEL01-PR"
265127;2020-01-25;"sábado";"23:30:00";"MA";316;553;"CAXIAS";"Desobediência às normas de trânsito pelo condutor";"Queda de ocupante de veículo";"Com Vítimas Feridas";"Plena Noite";"Crescente";"Céu Claro";"Dupla";"Reta";"Sim";1;0;0;1;0;0;1;1;-4,88392426;-43,34685802;"SPRF-MA";"DEL03-MA";"UOP02-DEL03-MA"
265129;2020-01-25;"sábado";"21:30:00";"PB";230;406,7;"POMBAL";"Desobediência às normas de trânsito pelo condutor";"Colisão frontal";"Com Vítimas Feridas";"Plena Noite";"Crescente";"Céu Claro";"Simples";"Interseção de Vias";"Sim";2;0;2;0;0;0;2;2;-6,7842;-37,7987;"SPRF-PB";"DEL03-PB";"UOP02-DEL03-PB"
265131;2020-01-25;"sábado";"22:50:00";"MG";381;849,5;"POUSO ALEGRE";"Velocidade Incompatível";"Saída de leito carroçável";"Com Vítimas Feridas";"Plena Noite";"Decrescente";"Céu Claro";"Dupla";"Curva";"Não";5;0;1;0;4;0;1;1;-22,26991499;-45,89241402;"SPRF-MG";"DEL16-MG";"UOP01-DEL16-MG"
265132;2020-01-25;"sábado";"23:10:00";"RO";364;710;"PORTO VELHO";"Restrição de Visibilidade";"Colisão lateral";"Com Vítimas Feridas";"Plena Noite";"Decrescente";"Céu Claro";"Dupla";"Reta";"Sim";3;0;2;1;0;0;3;2;-8,78621576;-63,85712687;"SPRF-RO";"DEL01-RO";"UOP01-DEL01-RO"
265133;2020-01-25;"sábado";"21:50:00";"RS";470;232;"CARLOS BARBOSA";"Ingestão de Álcool";"Queda de ocupante de veículo";"Com Vítimas Feridas";"Plena Noite";"Crescente";"Céu Claro";"Simples";"Reta";"Não";1;0;1;0;0;0;1;1;-29,23579206;-51,51193423;"SPRF-RS";"DEL06-RS";"UOP01-DEL06-RS"
265135;2020-01-26;"domingo";"00:10:00";"SC";282;16;"PALHOCA";"Desobediência às normas de trânsito pelo condutor";"Colisão transversal";"Com Vítimas Feridas";"Plena Noite";"Decrescente";"Céu Claro";"Simples";"Reta";"Não";2;0;1;0;1;0;1;2;-27,658611;-48,681847;"SPRF-SC";"DEL01-SC";"UOP02-DEL01-SC"
265136;2020-01-26;"domingo";"00:30:00";"SP";116;206,7;"GUARULHOS";"Falta de Atenção à Condução";"Colisão traseira";"Sem Vítimas";"Plena Noite";"Crescente";"Céu Claro";"Dupla";"Reta";"Sim";2;0;0;0;2;0;0;2;-23,41853599;-46,38057768;"SPRF-SP";"DEL01-SP";"UOP01-DEL01-SP"
265137;2020-01-25;"sábado";"23:30:00";"CE";20;421;"MARACANAU";"Restrição de Visibilidade";"Saída de leito carroçável";"Com Vítimas Feridas";"Plena Noite";"Decrescente";"Céu Claro";"Dupla";"Reta";"Sim";2;0;1;0;0;1;1;2;-3,76999035;-38,67006282;"SPRF-CE";"DEL01-CE";"UOP02-DEL01-CE"
265138;2020-01-25;"sábado";"23:25:00";"PR";277;120;"CAMPO LARGO";"Ingestão de Álcool";"Capotamento";"Sem Vítimas";"Plena Noite";"Decrescente";"Nublado";"Dupla";"Reta";"Não";1;0;0;0;0;1;0;1;-25,45257498;-49,54898357;"SPRF-PR";"DEL01-PR";"UOP06-DEL01-PR"
265139;2020-01-25;"sábado";"23:25:00";"SP";116;155,5;"SAO JOSE DOS CAMPOS";"Falta de Atenção à Condução";"Capotamento";"Com Vítimas Feridas";"Plena Noite";"Crescente";"Céu Claro";"Dupla";"Aclive";"Sim";1;0;1;0;0;0;1;1;-23,24524337;-45,92772774;"SPRF-SP";"DEL02-SP";"UOP01-DEL02-SP"
265140;2020-01-25;"sábado";"22:10:00";"GO";158;268;"JATAI";"Ingestão de Álcool";"Colisão lateral";"Sem Vítimas";"Plena Noite";"Decrescente";"Nublado";"Dupla";"Reta";"Sim";2;0;0;0;2;0;0;2;-17,846682;-51,73598;"SPRF-GO";"DEL05-GO";"UOP01-DEL05-GO"
265141;2020-01-26;"domingo";"01:10:00";"PA";230;121;"MARABA";"Desobediência às normas de trânsito pelo condutor";"Colisão transversal";"Sem Vítimas";"Plena Noite";"Decrescente";"Garoa/Chuvisco";"Dupla";"Interseção de Vias";"Sim";2;0;0;0;1;1;0;2;-5,35297407;-49,12143673;"SPRF-PA";"DEL03-PA";"UOP01-DEL03-PA"
265142;2020-01-26;"domingo";"01:25:00";"RJ";101;66;"CAMPOS DOS GOYTACAZES";"Ingestão de Álcool";"Atropelamento de Pedestre";"Com Vítimas Feridas";"Plena Noite";"Decrescente";"Nublado";"Simples";"Curva";"Sim";2;0;1;0;1;0;1;2;-21,76090387;-41,34788959;"SPRF-RJ";"DEL08-RJ";"UOP02-DEL08-RJ"
265143;2020-01-26;"domingo";"00:05:00";"MT";163;1044;"MATUPA";"Falta de Atenção à Condução";"Queda de ocupante de veículo";"Com Vítimas Fatais";"Plena Noite";"Decrescente";"Chuva";"Simples";"Reta";"Não";3;1;0;0;2;0;0;2;-10,24969055;-54,99308336;"SPRF-MT";"DEL06-MT";"UOP02-DEL06-MT"
265144;2020-01-25;"sábado";"23:00:00";"MA";135;20,9;"SAO LUIS";"Objeto estático sobre o leito carroçável";"Colisão com objeto estático";"Com Vítimas Feridas";"Plena Noite";"Crescente";"Nublado";"Dupla";"Reta";"Sim";2;0;1;0;1;0;1;2;-2,56175;-44,3158865;"SPRF-MA";"DEL01-MA";"UOP01-DEL01-MA"
265145;2020-01-25;"sábado";"23:48:00";"BA";135;143;"RIACHAO DAS NEVES";"Animais na Pista";"Atropelamento de Animal";"Com Vítimas Feridas";"Plena Noite";"Decrescente";"Chuva";"Simples";"Reta";"Não";3;0;1;0;2;0;1;1;-11,89104912;-44,85957088;"SPRF-BA";"DEL10-BA";"UOP01-DEL10-BA"
265146;2020-01-25;"sábado";"21:35:00";"PI";343;592,5;"FLORIANO";"Ingestão de Álcool";"Atropelamento de Pedestre";"Com Vítimas Feridas";"Plena Noite";"Crescente";"Céu Claro";"Simples";"Reta";"Sim";3;0;1;0;0;2;1;2;-6,777731;-43,031559;"SPRF-PI";"DEL03-PI";"UOP01-DEL03-PI"
265147;2020-01-25;"sábado";"00:31:00";"SP";116;409,1;"JUQUIA";"Animais na Pista";"Atropelamento de Animal";"Com Vítimas Feridas";"Plena Noite";"Decrescente";"Nublado";"Dupla";"Declive";"Não";5;0;3;2;0;0;5;1;-24,331595;-47,584785;"SPRF-SP";"DEL05-SP";"UOP01-DEL05-SP"
265148;2020-01-26;"domingo";"01:10:00";"RS";386;35,8;"FREDERICO WESTPHALEN";"Ingestão de Álcool";"Colisão lateral";"Sem Vítimas";"Plena Noite";"Crescente";"Céu Claro";"Simples";"Reta";"Sim";2;0;0;0;2;0;0;2;-27,365112;-53,394897;"SPRF-RS";"DEL08-RS";"UOP02-DEL08-RS"
265149;2020-01-26;"domingo";"02:10:00";"PE";232;51,9;"POMBOS";"Desobediência às normas de trânsito pelo condutor";"Colisão frontal";"Com Vítimas Fatais";"Plena Noite";"Decrescente";"Céu Claro";"Dupla";"Declive;Reta";"Sim";5;1;2;0;1;1;2;3;-8,134659;-35,339714;"SPRF-PE";"DEL01-PE";"UOP02-DEL02PE"
265151;2020-01-26;"domingo";"00:30:00";"SP";116;409,1;"JUQUIA";"Animais na Pista";"Atropelamento de Animal";"Com Vítimas Feridas";"Plena Noite";"Decrescente";"Céu Claro";"Dupla";"Reta";"Não";1;0;1;0;0;0;1;1;-24,331595;-47,584785;"SPRF-SP";"DEL05-SP";"UOP01-DEL05-SP"
265153;2020-01-26;"domingo";"00:20:00";"CE";222;2;"CAUCAIA";"Ingestão de Álcool";"Colisão traseira";"Com Vítimas Feridas";"Plena Noite";"Crescente";"Céu Claro";"Dupla";"Reta";"Sim";2;0;0;1;1;0;1;2;-3,736507;-38,65337;"SPRF-CE";"DEL01-CE";"UOP01-DEL01-CE"
265154;2020-01-26;"domingo";"03:00:00";"SP";116;155;"SAO JOSE DOS CAMPOS";"Falta de Atenção à Condução";"Atropelamento de Pedestre";"Com Vítimas Feridas";"Plena Noite";"Crescente";"Nevoeiro/Neblina";"Dupla";"Aclive";"Sim";2;0;1;0;0;1;1;2;-23,24524337;-45,92772774;"SPRF-SP";"DEL02-SP";"UOP01-DEL02-SP"
265155;2020-01-26;"domingo";"02:55:00";"ES";101;149,2;"LINHARES";"Ingestão de Álcool";"Colisão transversal";"Sem Vítimas";"Plena Noite";"Crescente";"Chuva";"Dupla";"Interseção de Vias";"Sim";2;0;0;0;2;0;0;2;-19,40009933;-40,06302953;"SPRF-ES";"DEL04-ES";"UOP01-DEL04-ES"
265157;2020-01-26;"domingo";"04:20:00";"AL";316;247;"ATALAIA";"Ingestão de Álcool";"Colisão frontal";"Com Vítimas Feridas";"Plena Noite";"Decrescente";"Nublado";"Simples";"Reta";"Sim";2;0;1;0;0;1;1;2;-9,53314117;-35,99029525;"SPRF-AL";"DEL01-AL";"UOP01-DEL01-AL"
265158;2020-01-26;"domingo";"03:30:00";"MG";40;527;"CONTAGEM";"Velocidade Incompatível";"Saída de leito carroçável";"Sem Vítimas";"Plena Noite";"Decrescente";"Nublado";"Dupla";"Curva";"Sim";1;0;0;0;0;1;0;1;-19,90149502;-44,04938939;"SPRF-MG";"DEL01-MG";"UOP02-DEL01-MG"
265159;2020-01-26;"domingo";"01:49:00";"RJ";101;303;"SAO GONCALO";"Falta de Atenção à Condução";"Saída de leito carroçável";"Com Vítimas Feridas";"Plena Noite";"Decrescente";"Céu Claro";"Dupla";"Reta";"Não";1;0;1;0;0;0;1;1;-22,7828205;-42,9766681;"SPRF-RJ";"DEL02-RJ";"UOP02-DEL02-RJ"
265161;2020-01-26;"domingo";"02:50:00";"CE";222;5;"CAUCAIA";"Desobediência às normas de trânsito pelo condutor";"Colisão lateral";"Sem Vítimas";"Plena Noite";"Crescente";"Chuva";"Múltipla";"Reta";"Não";2;0;0;0;2;0;0;2;-3,74296918;-38,61330997;"SPRF-CE";"DEL01-CE";"UOP01-DEL01-CE"
265162;2020-01-26;"domingo";"05:00:00";"RS";116;193,1;"PICADA CAFE";"Ingestão de Álcool";"Colisão frontal";"Com Vítimas Feridas";"Amanhecer";"Crescente";"Céu Claro";"Simples";"Curva";"Sim";4;0;3;0;1;0;3;2;-29,44460951;-51,13861322;"SPRF-RS";"DEL05-RS";"UOP02-DEL05-RS"
265163;2020-01-26;"domingo";"05:00:00";"SC";470;45,6;"GASPAR";"Defeito na Via";"Colisão com objeto estático";"Com Vítimas Feridas";"Amanhecer";"Crescente";"Céu Claro";"Simples";"Interseção de Vias;Reta;Em Obras";"Sim";1;0;1;0;0;0;1;1;-26,86284993;-49,03469682;"SPRF-SC";"DEL04-SC";"UOP01-DEL04-SC"
265165;2020-01-26;"domingo";"05:05:00";"RS";116;235;"NOVO HAMBURGO";"Falta de Atenção à Condução";"Colisão com objeto estático";"Sem Vítimas";"Amanhecer";"Decrescente";"Céu Claro";"Dupla";"Curva";"Não";1;0;0;0;0;1;0;1;-29,66037586;-51,14386509;"SPRF-RS";"DEL01-RS";"UOP02-DEL01-RS"
265170;2020-01-26;"domingo";"06:55:00";"SP";153;301,5;"CAMPOS NOVOS PAULISTA";"Defeito na Via";"Queda de ocupante de veículo";"Com Vítimas Feridas";"Amanhecer";"Decrescente";"Sol";"Simples";"Reta";"Não";2;0;1;0;0;1;1;2;-22,59033498;-49,88961347;"SPRF-SP";"DEL07-SP";"UOP03-DEL07-SP"
265171;2020-01-25;"sábado";"23:30:00";"MG";116;115,1;"ITAOBIM";"Ingestão de Substâncias Psicoativas";"Atropelamento de Pedestre";"Com Vítimas Feridas";"Plena Noite";"Decrescente";"Nublado";"Simples";"Reta";"Sim";2;0;2;0;0;0;2;2;-16,55656498;-41,50192905;"SPRF-MG";"DEL11-MG";"UOP02-DEL11-MG"
265173;2020-01-26;"domingo";"06:20:00";"RJ";493;5,8;"ITABORAI";"Defeito na Via";"Capotamento";"Com Vítimas Feridas";"Pleno dia";"Decrescente";"Céu Claro";"Simples";"Em Obras";"Sim";2;0;1;0;0;1;1;1;-22,73998606;-42,95374823;"SPRF-RJ";"DEL02-RJ";"UOP02-DEL02-RJ"
265174;2020-01-26;"domingo";"07:30:00";"DF";20;18,5;"BRASILIA";"Ingestão de Álcool";"Colisão lateral";"Sem Vítimas";"Pleno dia";"Crescente";"Garoa/Chuvisco";"Dupla";"Reta;Declive";"Não";2;0;0;0;2;0;0;2;-15,616901;-47,708927;"SPRF-DF";"DEL02-DF";"UOP01-DEL02-DF"
265175;2020-01-26;"domingo";"05:15:00";"MS";419;319;"NIOAQUE";"Condutor Dormindo";"Saída de leito carroçável";"Sem Vítimas";"Amanhecer";"Decrescente";"Céu Claro";"Simples";"Reta";"Não";1;0;0;0;1;0;0;1;-21,06804558;-55,79391047;"SPRF-MS";"DEL03-MS";"UOP01-DEL03-MS"
265176;2020-01-26;"domingo";"07:00:00";"BA";101;807;"ITAMARAJU";"Ingestão de Álcool";"Colisão frontal";"Com Vítimas Feridas";"Pleno dia";"Crescente";"Chuva";"Simples";"Reta";"Sim";2;0;2;0;0;0;2;2;-17,18820805;-39,58798393;"SPRF-BA";"DEL09-BA";"UOP01-DEL09-BA"
265178;2020-01-26;"domingo";"07:50:00";"CE";20;301;"CANINDE";"Falta de Atenção à Condução";"Colisão transversal";"Com Vítimas Feridas";"Pleno dia";"Decrescente";"Céu Claro";"Simples";"Reta";"Não";1;0;1;0;0;0;1;1;-4,40629748;-39,3236974;"SPRF-CE";"DEL02-CE";"UOP01-DEL02-CE"