"id";"data_inversa";"dia_semana";"horario";"uf";"br";"km";"municipio";"causa_acidente";"tipo_acidente";"classificacao_acidente";"fase_dia";"sentido_via";"condicao_metereologica";"tipo_pista";"tracado_via";"uso_solo";"pessoas";"mortos";"feridos_leves";"feridos_graves";"ilesos";"ignorados";"feridos";"veiculos";"latitude";"longitude";"regional";"delegacia";"uop"
265528;2020-01-27;"segunda-feira";"16:35:00";"AC";364;138;"RIO BRANCO";"Falta de Atenção à Condução";"Colisão traseira";"Sem Vítimas";"Pleno dia";"Crescente";"Céu Claro";"Dupla";"Reta";"Sim";2;0;0;0;2;0;0;2;-9,96112502;-67,85646604;"SPRF-AC";"DEL01-AC";"UOP01-DEL01-AC"
265530;2020-01-27;"segunda-feira";"18:20:00";"SP";153;74,6;"SAO JOSE DO RIO PRETO";"Defeito Mecânico no Veículo";"Tombamento";"Com Vítimas Feridas";"Anoitecer";"Decrescente";"Céu Claro";"Dupla";"Declive;Reta";"Não";2;0;2;0;0;0;2;1;-20,88538598;-49,42676402;"SPRF-SP";"DEL09-SP";"UOP01-DEL09-SP"
265531;2020-01-27;"segunda-feira";"18:15:00";"PR";376;217;"JANDAIA DO SUL";"Desobediência às normas de trânsito pelo condutor";"Colisão transversal";"Com Vítimas Feridas";"Anoitecer";"Crescente";"Céu Claro";"Simples";"Interseção de Vias";"Não";2;0;1;0;1;0;1;2;-23,595327;-51,641377;"SPRF-PR";"DEL07-PR";"UOP03-DEL07-PR"
265532;2020-01-27;"segunda-feira";"19:00:00";"RN";304;298,6;"MACAIBA";"Animais na Pista";"Atropelamento de Animal";"Com Vítimas Feridas";"Pleno dia";"Decrescente";"Céu Claro";"Dupla";"Reta";"Sim";1;0;1;0;0;0;1;1;-5,8682343;-35,3321791;"SPRF-RN";"DEL01-RN";"UOP02-DEL01-RN"
265533;2020-01-27;"segunda-feira";"19:00:00";"CE";116;20,3;"EUSEBIO";"Desobediência às normas de trânsito pelo condutor";"Colisão transversal";"Com Vítimas Feridas";"Plena Noite";"Crescente";"Céu Claro";"Dupla";"Reta";"Sim";2;0;1;0;1;0;1;2;-3,92644029;-38,50796169;"SPRF-CE";"DEL01-CE";"UOP02-DEL01-CE"
265534;2020-01-27;"segunda-feira";"18:30:00";"MG";50;74;"UBERLANDIA";"Defeito na Via";"Tombamento";"Com Vítimas Feridas";"Plena Noite";"Crescente";"Céu Claro";"Dupla";"Reta";"Sim";1;0;1;0;0;0;1;1;-18,9082;-48,2267;"SPRF-MG";"DEL15-MG";"UOP01-DEL15-MG"
265535;2020-01-27;"segunda-feira";"19:15:00";"RS";116;153,7;"CAXIAS DO SUL";"Pista Escorregadia";"Tombamento";"Com Vítimas Feridas";"Anoitecer";"Crescente";"Céu Claro";"Dupla";"Rotatória";"Sim";1;0;1;0;0;0;1;1;-29,18579758;-51,17713005;"SPRF-RS";"DEL05-RS";"UOP01-DEL05-RS"
265539;2020-01-27;"segunda-feira";"18:30:00";"PE";101;84;"JABOATAO DOS GUARARAPES";"Velocidade Incompatível";"Colisão com objeto estático";"Com Vítimas Fatais";"Plena Noite";"Crescente";"Nublado";"Dupla";"Reta";"Sim";1;1;0;0;0;0;0;1;-8,17778559;-34,95087297;"SPRF-PE";"DEL01-PE";"UOP03-DEL01-PE"
265540;2020-01-27;"segunda-feira";"19:55:00";"RN";101;103;"PARNAMIRIM";"Falta de Atenção à Condução";"Colisão traseira";"Com Vítimas Feridas";"Plena Noite";"Crescente";"Céu Claro";"Múltipla";"Reta";"Sim";4;0;2;0;2;0;2;3;-5,89034022;-35,24894996;"SPRF-RN";"DEL01-RN";"UOP01-DEL01-RN"
265542;2020-01-27;"segunda-feira";"17:00:00";"RS";153;578,8;"BAGE";"Mal Súbito";"Saída de leito carroçável";"Com Vítimas Feridas";"Pleno dia";"Decrescente";"Céu Claro";"Simples";"Reta";"Não";1;0;1;0;0;0;1;1;-31,05703584;-53,6817364;"SPRF-RS";"DEL11-RS";"UOP03-DEL11-RS"
265545;2020-01-18;"sábado";"14:25:00";"MS";463;36,6;"PONTA PORA";"Falta de Atenção à Condução";"Saída de leito carroçável";"Com Vítimas Feridas";"Pleno dia";"Decrescente";"Céu Claro";"Simples";"Reta";"Não";2;0;2;0;0;0;2;1;-22,30595405;-55,12349899;"SPRF-MS";"DEL04-MS";"UOP03-DEL04-MS"
265547;2020-01-27;"segunda-feira";"20:40:00";"RJ";101;398;"ITAGUAI";"Desobediência às normas de trânsito pelo condutor";"Colisão transversal";"Com Vítimas Feridas";"Plena Noite";"Crescente";"Céu Claro";"Simples";"Curva;Aclive";"Não";2;0;1;0;1;0;1;2;-22,86787912;-43,74862922;"SPRF-RJ";"DEL03-RJ";"UOP01-DEL03-RJ"
265548;2020-01-27;"segunda-feira";"21:00:00";"BA";116;425,9;"FEIRA DE SANTANA";"Pista Escorregadia";"Tombamento";"Com Vítimas Feridas";"Plena Noite";"Decrescente";"Céu Claro";"Simples";"Reta";"Não";2;0;2;0;0;0;2;1;-12,2690438;-38,98923481;"SPRF-BA";"DEL02-BA";"UOP01-DEL02-BA"
265549;2020-01-27;"segunda-feira";"20:00:00";"ES";101;291,9;"CARIACICA";"Falta de Atenção à Condução";"Colisão traseira";"Com Vítimas Feridas";"Plena Noite";"Decrescente";"Chuva";"Dupla";"Reta";"Sim";2;0;1;0;1;0;1;2;-20,29755744;-40,39445616;"SPRF-ES";"DEL01-ES";"UOP01-DEL01-ES"
265550;2020-01-27;"segunda-feira";"18:20:00";"PR";373;172,8;"PONTA GROSSA";"Falta de Atenção à Condução";"Colisão com objeto estático";"Sem Vítimas";"Anoitecer";"Crescente";"Céu Claro";"Múltipla";"Reta";"Sim";1;0;0;0;1;0;0;1;-25,08139932;-50,19200981;"SPRF-PR";"DEL03-PR";"UOP01-DEL03-PR"
265551;2020-01-27;"segunda-feira";"20:50:00";"SC";280;68,5;"JARAGUA DO SUL";"Deficiência ou não Acionamento do Sistema de Iluminação/Sinalização do Veículo";"Colisão transversal";"Com Vítimas Feridas";"Plena Noite";"Crescente";"Nublado";"Dupla";"Reta";"Não";2;0;0;1;1;0;1;2;-26,47277719;-49,11098612;"SPRF-SC";"DEL03-SC";"UOP03-DEL03-SC"
265553;2020-01-27;"segunda-feira";"20:55:00";"ES";101;288,5;"CARIACICA";"Defeito Mecânico no Veículo";"Tombamento";"Com Vítimas Feridas";"Plena Noite";"Decrescente";"Chuva";"Dupla";"Reta";"Sim";2;0;2;0;0;0;2;1;-20,27160351;-40,39091743;"SPRF-ES";"DEL01-ES";"UOP01-DEL01-ES"
265554;2020-01-27;"segunda-feira";"21:15:00";"PR";277;539;"PALMEIRA";"Falta de Atenção à Condução";"Saída de leito carroçável";"Com Vítimas Feridas";"Plena Noite";"Decrescente";"Céu Claro";"Dupla";"Reta";"Não";2;0;1;0;1;0;1;1;-25,28842479;-49,90299225;"SPRF-PR";"DEL04-PR";"UOP04-DEL04-PR"
265556;2020-01-27;"segunda-feira";"22:00:00";"MG";365;610;"UBERLANDIA";"Falta de Atenção à Condução";"Capotamento";"Com Vítimas Feridas";"Plena Noite";"Crescente";"Vento";"Dupla";"Reta";"Sim";1;0;0;1;0;0;1;1;-18,92793854;-48,19198317;"SPRF-MG";"DEL15-MG";"UOP01-DEL15-MG"
265558;2020-01-27;"segunda-feira";"19:25:00";"BA";324;622;"SALVADOR";"Falta de Atenção à Condução";"Colisão transversal";"Com Vítimas Feridas";"Plena Noite";"Decrescente";"Céu Claro";"Simples";"Reta";"Sim";2;0;1;0;1;0;1;2;-12,87975152;-38,4469986;"SPRF-BA";"DEL01-BA";"UOP01-DEL01-BA"
265559;2020-01-27;"segunda-feira";"22:25:00";"PB";230;46,2;"SANTA RITA";"Ingestão de Álcool";"Queda de ocupante de veículo";"Com Vítimas Feridas";"Plena Noite";"Decrescente";"Céu Claro";"Dupla";"Reta";"Não";1;0;1;0;0;0;1;1;-7,1635;-35,025;"SPRF-PB";"DEL01-PB";"UOP03-DEL01-PB"
265561;2020-01-27;"segunda-feira";"20:50:00";"RJ";493;106;"SEROPEDICA";"Falta de Atenção à Condução";"Saída de leito carroçável";"Com Vítimas Feridas";"Plena Noite";"Decrescente";"Nublado";"Dupla";"Reta";"Não";2;0;0;1;1;0;1;1;-22,7747562;-43,74295969;"SPRF-RJ";"DEL03-RJ";"UOP01-DEL03-RJ"
265562;2020-01-27;"segunda-feira";"20:30:00";"RS";285;670,9;"SAO BORJA";"Animais na Pista";"Atropelamento de Animal";"Com Vítimas Feridas";"Plena Noite";"Crescente";"Céu Claro";"Simples";"Reta";"Não";1;0;1;0;0;0;1;1;-28,669565;-55,95982;"SPRF-RS";"DEL12-RS";"UOP01-DEL12-RS"
265564;2020-01-27;"segunda-feira";"20:50:00";"SP";0;0;"GALIA";"Animais na Pista";"Atropelamento de Animal";"Sem Vítimas";"Plena Noite";"Não Informado";"Nublado";"Dupla";"Reta";"Não";2;0;0;0;2;0;0;1;-22,2588549;-49,53352332;"SPRF-SP";"DEL07-SP";"N/A"
265565;2020-01-27;"segunda-feira";"22:00:00";"MS";163;483,5;"CAMPO GRANDE";"Falta de Atenção à Condução";"Colisão traseira";"Com Vítimas Feridas";"Plena Noite";"Decrescente";"Nublado";"Simples";"Reta";"Não";3;0;0;1;2;0;1;2;-20,45726263;-54,54671829;"SPRF-MS";"DEL01-MS";"UOP02-DEL01-MS"
265566;2020-01-27;"segunda-feira";"23:25:00";"SP";381;90;"GUARULHOS";"Velocidade Incompatível";"Capotamento";"Com Vítimas Feridas";"Plena Noite";"Crescente";"Céu Claro";"Dupla";"Interseção de Vias";"Sim";1;0;1;0;0;0;1;1;-23,49479479;-46,55959864;"SPRF-SP";"DEL03-SP";"UOP01-DEL03-SP"
265567;2020-01-27;"segunda-feira";"22:30:00";"RS";290;147,5;"ARROIO DOS RATOS";"Desobediência às normas de trânsito pelo condutor";"Colisão traseira";"Com Vítimas Feridas";"Plena Noite";"Crescente";"Céu Claro";"Simples";"Reta";"Não";5;0;1;0;4;0;1;2;-30,107178;-51,686199;"SPRF-RS";"DEL02-RS";"UOP01-DEL02-RS"
265568;2020-01-27;"segunda-feira";"23:55:00";"DF";70;12,4;"BRASILIA";"Falta de Atenção do Pedestre";"Atropelamento de Pedestre";"Com Vítimas Feridas";"Plena Noite";"Crescente";"Céu Claro";"Dupla";"Reta";"Não";3;0;1;0;2;0;1;2;-15,792243;-48,158543;"SPRF-DF";"DEL01-DF";"UOP02-DEL03-DF"
265569;2020-01-27;"segunda-feira";"22:12:00";"RJ";101;332;"RIO DE JANEIRO";"Falta de Atenção à Condução";"Engavetamento";"Com Vítimas Feridas";"Plena Noite";"Decrescente";"Céu Claro";"Dupla";"Reta";"Não";4;0;0;1;3;0;1;4;-22,87133305;-43,20407695;"SPRF-RJ";"DEL02-RJ";"UOP01-DEL02-RJ"
265570;2020-01-27;"segunda-feira";"22:35:00";"RO";364;200;"PIMENTA BUENO";"Ingestão de álcool e/ou substâncias psicoativas pelo pedestre";"Queda de ocupante de veículo";"Com Vítimas Feridas";"Plena Noite";"Decrescente";"Nublado";"Simples";"Reta";"Não";1;0;1;0;0;0;1;1;-11,65284309;-61,19276342;"SPRF-RO";"DEL02-RO";"UOP02-DEL02-RO"
265571;2020-01-27;"segunda-feira";"20:10:00";"RO";364;427;"JARU";"Falta de Atenção à Condução";"Colisão traseira";"Sem Vítimas";"Plena Noite";"Crescente";"Céu Claro";"Simples";"Reta";"Não";2;0;0;0;2;0;0;2;-10,42731312;-62,48745208;"SPRF-RO";"DEL03-RO";"UOP02-DEL03-RO"
265572;2020-01-28;"terça-feira";"00:00:00";"MS";163;151,4;"NAVIRAI";"Defeito Mecânico no Veículo";"Tombamento";"Com Vítimas Feridas";"Plena Noite";"Decrescente";"Céu Claro";"Simples";"Declive";"Não";1;0;1;0;0;0;1;1;-22,95832284;-54,43721392;"SPRF-MS";"DEL09-MS";"UOP01-DEL09-MS"
265573;2020-01-28;"terça-feira";"00:20:00";"BA";324;355;"CAPIM GROSSO";"Velocidade Incompatível";"Colisão traseira";"Com Vítimas Feridas";"Plena Noite";"Decrescente";"Nublado";"Simples";"Reta";"Sim";2;0;0;1;0;1;1;2;-11,37365967;-40,00722582;"SPRF-BA";"DEL04-BA";"UOP02-DEL04-BA"
265574;2020-01-28;"terça-feira";"01:50:00";"PR";476;176,4;"CONTENDA";"Desobediência às normas de trânsito pelo pedestre";"Atropelamento de Pedestre";"Com Vítimas Fatais";"Plena Noite";"Decrescente";"Céu Claro";"Simples";"Reta";"Não";5;1;0;0;4;0;0;3;-25,694412;-49,553158;"SPRF-PR";"DEL01-PR";"UOP06-DEL01-PR"
265575;2020-01-28;"terça-feira";"02:15:00";"MT";70;500;"CUIABA";"Falta de Atenção à Condução";"Saída de leito carroçável";"Com Vítimas Fatais";"Plena Noite";"Crescente";"Céu Claro";"Simples";"Reta";"Sim";1;1;0;0;0;0;0;1;-15,68206569;-55,92335686;"SPRF-MT";"DEL02-MT";"UOP02-DEL01-MT"
265577;2020-01-27;"segunda-feira";"14:45:00";"SC";101;382,9;"ICARA";"Pista Escorregadia";"Capotamento";"Com Vítimas Feridas";"Pleno dia";"Decrescente";"Chuva";"Múltipla";"Reta";"Sim";3;0;1;1;0;1;2;2;-28,75966988;-49,28552404;"SPRF-SC";"DEL02-SC";"UOP02-DEL02-SC"
265579;2020-01-28;"terça-feira";"00:20:00";"BA";324;575,2;"SAO SEBASTIAO DO PASSE";"Falta de Atenção à Condução";"Saída de leito carroçável";"Com Vítimas Feridas";"Plena Noite";"Decrescente";"Céu Claro";"Dupla";"Reta";"Não";2;0;2;0;0;0;2;1;-12,579888;-38,535346;"SPRF-BA";"DEL01-BA";"UOP01-DEL01-BA"
265580;2020-01-28;"terça-feira";"05:00:00";"BA";242;832;"BARREIRAS";"Condutor Dormindo";"Saída de leito carroçável";"Com Vítimas Feridas";"Amanhecer";"Crescente";"Chuva";"Simples";"Reta";"Não";4;0;1;0;3;0;1;1;-12,128405;-45,131309;"SPRF-BA";"DEL10-BA";"UOP01-DEL10-BA"
265582;2020-01-28;"terça-feira";"04:54:00";"SP";116;207,4;"GUARULHOS";"Falta de Atenção à Condução";"Colisão com objeto estático";"Com Vítimas Feridas";"Amanhecer";"Decrescente";"Céu Claro";"Dupla";"Reta";"Sim";1;0;1;0;0;0;1;1;-23,41972188;-46,38419203;"SPRF-SP";"DEL01-SP";"UOP01-DEL01-SP"
265585;2020-01-28;"terça-feira";"05:00:00";"PB";230;237;"JUAZEIRINHO";"Ingestão de Álcool";"Saída de leito carroçável";"Com Vítimas Feridas";"Amanhecer";"Crescente";"Sol";"Simples";"Curva";"Não";1;0;0;1;0;0;1;1;-7,0516;-36,5438;"SPRF-PB";"DEL02-PB";"UOP02-DEL02-PB"
265586;2020-01-28;"terça-feira";"06:00:00";"BA";116;688,1;"JEQUIE";"Avarias e/ou desgaste excessivo no pneu";"Colisão frontal";"Com Vítimas Feridas";"Amanhecer";"Decrescente";"Céu Claro";"Simples";"Declive";"Não";2;0;1;0;1;0;1;2;-13,9207562;-40,15667362;"SPRF-BA";"DEL03-BA";"UOP01-DEL03-BA"
265588;2020-01-28;"terça-feira";"06:30:00";"MS";163;477,9;"CAMPO GRANDE";"Falta de Atenção à Condução";"Colisão transversal";"Com Vítimas Feridas";"Pleno dia";"Decrescente";"Céu Claro";"Simples";"Reta";"Sim";2;0;0;1;1;0;1;2;-20,50427591;-54,55557367;"SPRF-MS";"DEL01-MS";"UOP01-DEL01-MS"
265591;2020-01-28;"terça-feira";"07:05:00";"SC";470;47,5;"BLUMENAU";"Falta de Atenção à Condução";"Queda de ocupante de veículo";"Com Vítimas Feridas";"Pleno dia";"Decrescente";"Nublado";"Simples";"Curva";"Sim";1;0;1;0;0;0;1;1;-26,86206599;-49,0514053;"SPRF-SC";"DEL04-SC";"UOP01-DEL04-SC"
265592;2020-01-28;"terça-feira";"07:20:00";"SP";116;221;"GUARULHOS";"Falta de Atenção à Condução";"Colisão lateral";"Com Vítimas Feridas";"Pleno dia";"Crescente";"Céu Claro";"Múltipla";"Reta";"Sim";2;0;1;0;1;0;1;2;-23,46802395;-46,50704901;"SPRF-SP";"DEL01-SP";"UOP01-DEL01-SP"
265594;2020-01-28;"terça-feira";"07:30:00";"PR";277;62;"SAO JOSE DOS PINHAIS";"Falta de Atenção à Condução";"Colisão traseira";"Com Vítimas Feridas";"Pleno dia";"Decrescente";"Céu Claro";"Dupla";"Reta";"Não";2;0;1;1;0;0;2;2;-25,56498129;-49,00825813;"SPRF-PR";"DEL01-PR";"UOP07-DEL01-PR"
265595;2020-01-28;"terça-feira";"07:30:00";"SP";101;48,9;"UBATUBA";"Falta de Atenção à Condução";"Colisão lateral";"Com Vítimas Feridas";"Pleno dia";"Crescente";"Sol";"Simples";"Reta";"Sim";2;0;1;0;1;0;1;2;-23,44410908;-45,08375708;"SPRF-SP";"DEL06-SP";"UOP01-DEL06-SP"
265596;2020-01-28;"terça-feira";"07:45:00";"RN";304;295,9;"MACAIBA";"Falta de Atenção à Condução";"Colisão transversal";"Sem Vítimas";"Pleno dia";"Crescente";"Céu Claro";"Simples";"Interseção de Vias";"Sim";2;0;0;0;2;0;0;2;-5,86605927;-35,35822096;"SPRF-RN";"DEL01-RN";"UOP02-DEL01-RN"
265597;2020-01-28;"terça-feira";"07:35:00";"MG";262;77,7;"MATIPO";"Desobediência às normas de trânsito pelo condutor";"Colisão frontal";"Com Vítimas Feridas";"Pleno dia";"Decrescente";"Céu Claro";"Simples";"Curva";"Não";7;0;6;0;0;1;6;3;-20,33988882;-42,35158682;"SPRF-MG";"DEL03-MG";"UOP03-DEL03-MG"
265598;2020-01-28;"terça-feira";"07:58:00";"PR";476;140,5;"CURITIBA";"Falta de Atenção do Pedestre";"Atropelamento de Pedestre";"Com Vítimas Feridas";"Pleno dia";"Crescente";"Céu Claro";"Dupla";"Reta";"Sim";4;0;2;0;2;0;2;3;-25,520693;-49,294121;"SPRF-PR";"DEL01-PR";"UOP03-DEL01-PR"
265604;2020-01-28;"terça-feira";"08:25:00";"SE";235;6;"NOSSA SENHORA DO SOCORRO";"Não guardar distância de segurança";"Colisão traseira";"Com Vítimas Feridas";"Pleno dia";"Decrescente";"Nublado";"Dupla";"Viaduto";"Sim";3;0;1;0;2;0;1;3;-10,9030148;-37,13155746;"SPRF-SE";"DEL01-SE";"UOP01-DEL01-SE"
265606;2020-01-28;"terça-feira";"06:50:00";"RO";319;63;"PORTO VELHO";"Desobediência às normas de trânsito pelo condutor";"Colisão transversal";"Com Vítimas Feridas";"Pleno dia";"Crescente";"Garoa/Chuvisco";"Múltipla";"Interseção de Vias";"Sim";2;0;0;1;1;0;1;2;-8,766685;-63,884052;"SPRF-RO";"DEL01-RO";"UOP01-DEL01-RO"
265610;2020-01-28;"terça-feira";"08:10:00";"RN";304;283,1;"MACAIBA";"Não guardar distância de segurança";"Colisão traseira";"Com Vítimas Feridas";"Pleno dia";"Crescente";"Céu Claro";"Simples";"Reta";"Não";4;0;1;0;3;0;1;4;-5,887553;-35,48171997;"SPRF-RN";"DEL01-RN";"UOP02-DEL01-RN"
265611;2020-01-28;"terça-feira";"09:10:00";"CE";222;4,9;"CAUCAIA";"Falta de Atenção à Condução";"Atropelamento de Pedestre";"Com Vítimas Feridas";"Pleno dia";"Decrescente";"Céu Claro";"Múltipla";"Reta";"Sim";3;0;2;0;1;0;2;3;-3,74164754;-38,60449792;"SPRF-CE";"DEL01-CE";"UOP01-DEL01-CE"
265613;2020-01-28;"terça-feira";"07:00:00";"RS";116;302;"GUAIBA";"Condutor Dormindo";"Colisão com objeto estático";"Com Vítimas Feridas";"Pleno dia";"Decrescente";"Céu Claro";"Simples";"Reta";"Sim";1;0;1;0;0;0;1;1;-30,13970487;-51,35942618;"SPRF-RS";"DEL02-RS";"UOP01-DEL02-RS"
265614;2020-01-28;"terça-feira";"08:15:00";"SP";153;63;"SAO JOSE DO RIO PRETO";"Não guardar distância de segurança";"Colisão traseira";"Sem Vítimas";"Pleno dia";"Crescente";"Céu Claro";"Dupla";"Aclive;Reta";"Sim";2;0;0;0;2;0;0;2;-20,82149698;-49,35764818;"SPRF-SP";"DEL09-SP";"UOP01-DEL09-SP"
265617;2020-01-28;"terça-feira";"08:35:00";"RS";285;672;"SAO BORJA";"Falta de Atenção à Condução";"Colisão transversal";"Com Vítimas Feridas";"Pleno dia";"Decrescente";"Sol";"Simples";"Reta";"Sim";1;0;1;0;0;0;1;1;-28,66794;-55,978237;"SPRF-RS";"DEL12-RS";"UOP01-DEL12-RS"
265619;2020-01-28;"terça-feira";"08:50:00";"MA";135;0,8;"SAO LUIS";"Desobediência às normas de trânsito pelo condutor";"Colisão transversal";"Com Vítimas Feridas";"Pleno dia";"Decrescente";"Céu Claro";"Dupla";"Curva";"Sim";2;0;0;1;1;0;1;2;-2,53073;-44,3068;"SPRF-MA";"DEL01-MA";"UOP01-DEL01-MA"
265620;2020-01-28;"terça-feira";"07:00:00";"SC";470;6;"NAVEGANTES";"Falta de Atenção à Condução";"Queda de ocupante de veículo";"Com Vítimas Feridas";"Pleno dia";"Crescente";"Céu Claro";"Simples";"Reta";"Não";2;0;1;0;1;0;1;2;-26,852238;-48,709545;"SPRF-SC";"DEL04-SC";"UOP04-DEL04-SC"
265622;2020-01-28;"terça-feira";"09:20:00";"PR";376;230,1;"APUCARANA";"Mal Súbito";"Colisão com objeto estático";"Com Vítimas Feridas";"Pleno dia";"Decrescente";"Céu Claro";"Dupla";"Viaduto;Declive;Curva";"Não";1;0;1;0;0;0;1;1;-23,56211954;-51,53413206;"SPRF-PR";"DEL07-PR";"UOP03-DEL07-PR"
265623;2020-01-28;"terça-feira";"09:00:00";"RJ";101;322;"NITEROI";"Falta de Atenção à Condução";"Colisão lateral";"Com Vítimas Feridas";"Pleno dia";"Crescente";"Céu Claro";"Dupla";"Reta";"Sim";2;0;1;0;1;0;1;2;-22,878923;-43,110676;"SPRF-RJ";"DEL02-RJ";"UOP01-DEL02-RJ"
265625;2020-01-28;"terça-feira";"07:25:00";"BA";116;652;"JEQUIE";"Condutor Dormindo";"Saída de leito carroçável";"Com Vítimas Feridas";"Pleno dia";"Crescente";"Céu Claro";"Simples";"Aclive";"Não";3;0;2;0;1;0;2;1;-13,62855903;-40,09262869;"SPRF-BA";"DEL03-BA";"UOP01-DEL03-BA"
265627;2020-01-28;"terça-feira";"11:00:00";"SP";381;50,2;"ATIBAIA";"Defeito Mecânico no Veículo";"Queda de ocupante de veículo";"Com Vítimas Feridas";"Pleno dia";"Decrescente";"Céu Claro";"Dupla";"Reta";"Sim";1;0;1;0;0;0;1;1;-23,21441078;-46,59372044;"SPRF-SP";"DEL03-SP";"UOP01-DEL03-SP"
265630;2020-01-28;"terça-feira";"08:45:00";"MA";402;6,7;"ROSARIO";"Desobediência às normas de trânsito pelo condutor";"Colisão transversal";"Com Vítimas Feridas";"Pleno dia";"Decrescente";"Céu Claro";"Simples";"Reta";"Não";2;0;0;1;0;1;1;2;-2,948423;-44,275352;"SPRF-MA";"DEL01-MA";"UOP01-DEL01-MA"
265633;2020-01-28;"terça-feira";"09:15:00";"MG";50;68;"UBERLANDIA";"Desobediência às normas de trânsito pelo condutor";"Colisão transversal";"Com Vítimas Feridas";"Pleno dia";"Crescente";"Nublado";"Simples";"Interseção de Vias";"Sim";2;0;1;0;1;0;1;2;-18,88145963;-48,26436304;"SPRF-MG";"DEL15-MG";"UOP01-DEL15-MG"
265634;2020-01-28;"terça-feira";"11:00:00";"SC";101;209,9;"SAO JOSE";"Mal Súbito";"Colisão com objeto estático";"Com Vítimas Feridas";"Pleno dia";"Decrescente";"Céu Claro";"Simples";"Reta";"Não";3;0;1;0;1;1;1;3;-27,61000542;-48,63895057;"SPRF-SC";"DEL01-SC";"UOP01-DEL01-SC"
265636;2020-01-28;"terça-feira";"11:25:00";"PE";232;410,5;"SERRA TALHADA";"Falta de Atenção à Condução";"Colisão transversal";"Com Vítimas Feridas";"Pleno dia";"Decrescente";"Céu Claro";"Simples";"Curva";"Sim";3;0;3;0;0;0;3;2;-7,98261841;-38,30039606;"SPRF-PE";"DEL04-PE";"UOP01-DEL04-PE"
265640;2020-01-28;"terça-feira";"11:50:00";"RJ";116;100;"GUAPIMIRIM";"Condutor Dormindo";"Tombamento";"Com Vítimas Feridas";"Pleno dia";"Decrescente";"Sol";"Simples";"Curva";"Não";2;0;0;2;0;0;2;1;-22,48909312;-43,00437599;"SPRF-RJ";"DEL04-RJ";"UOP02-DEL04-RJ"
265641;2020-01-28;"terça-feira";"10:30:00";"MS";267;475;"GUIA LOPES DA LAGUNA";"Desobediência às normas de trânsito pelo condutor";"Colisão frontal";"Com Vítimas Feridas";"Pleno dia";"Decrescente";"Céu Claro";"Dupla";"Reta";"Sim";4;0;0;1;3;0;1;2;-21,4444852;-56,09780106;"SPRF-MS";"DEL05-MS";"UOP01-DEL05-MS"
265642;2020-01-28;"terça-feira";"11:50:00";"SC";101;195;"BIGUACU";"Não guardar distância de segurança";"Colisão lateral";"Com Vítimas Feridas";"Pleno dia";"Crescente";"Sol";"Múltipla";"Reta;Interseção de Vias";"Sim";2;0;1;0;1;0;1;2;-27,50253795;-48,65267515;"SPRF-SC";"DEL01-SC";"UOP01-DEL01-SC"
265643;2020-01-28;"terça-feira";"11:30:00";"RN";101;85,5;"NATAL";"Falta de Atenção à Condução";"Colisão lateral";"Sem Vítimas";"Pleno dia";"Crescente";"Céu Claro";"Dupla";"Reta";"Sim";1;0;0;0;1;0;0;1;-5,777664;-35,24937;"SPRF-RN";"DEL02-RN";"UOP01-DEL02-RN"
265644;2020-01-28;"terça-feira";"11:00:00";"RJ";101;470;"ANGRA DOS REIS";"Falta de Atenção à Condução";"Colisão traseira";"Com Vítimas Feridas";"Pleno dia";"Crescente";"Céu Claro";"Simples";"Curva";"Não";3;0;2;0;1;0;2;2;-23,00442922;-44,23009579;"SPRF-RJ";"DEL03-RJ";"UOP03-DEL03-RJ"
265645;2020-01-21;"terça-feira";"13:30:00";"BA";407;126;"SENHOR DO BONFIM";"Desobediência às normas de trânsito pelo condutor";"Colisão lateral";"Com Vítimas Feridas";"Pleno dia";"Decrescente";"Céu Claro";"Simples";"Reta";"Sim";3;0;1;0;2;0;1;2;-10,46057;-40,17664;"SPRF-BA";"DEL04-BA";"UOP01-DEL04-BA"
265646;2020-01-28;"terça-feira";"11:30:00";"SC";282;4;"FLORIANOPOLIS";"Desobediência às normas de trânsito pelo condutor";"Colisão transversal";"Com Vítimas Feridas";"Pleno dia";"Crescente";"Nublado";"Múltipla";"Reta";"Sim";2;0;1;0;1;0;1;2;-27,592646;-48,604034;"SPRF-SC";"DEL01-SC";"UOP01-DEL01-SC"
265648;2020-01-28;"terça-feira";"08:00:00";"RN";101;83,1;"SAO GONCALO DO AMARANTE";"Falta de Atenção à Condução";"Engavetamento";"Sem Vítimas";"Pleno dia";"Crescente";"Céu Claro";"Dupla";"Reta";"Sim";3;0;0;0;3;0;0;3;-5,7710445;-35,26616981;"SPRF-RN";"DEL02-RN";"UOP01-DEL02-RN"
265649;2020-01-28;"terça-feira";"12:50:00";"PR";476;160,7;"ARAUCARIA";"Desobediência às normas de trânsito pelo condutor";"Colisão transversal";"Com Vítimas Feridas";"Pleno dia";"Decrescente";"Céu Claro";"Simples";"Reta;Declive";"Sim";2;0;0;1;1;0;1;2;-25,619013;-49,440125;"SPRF-PR";"DEL01-PR";"UOP06-DEL01-PR"