"id";"data_inversa";"dia_semana";"horario";"uf";"br";"km";"municipio";"causa_acidente";"tipo_acidente";"classificacao_acidente";"fase_dia";"sentido_via";"condicao_metereologica";"tipo_pista";"tracado_via";"uso_solo";"pessoas";"mortos";"feridos_leves";"feridos_graves";"ilesos";"ignorados";"feridos";"veiculos";"latitude";"longitude";"regional";"delegacia";"uop"
266216;2020-01-31;"sexta-feira";"18:00:00";"RJ";40;112;"DUQUE DE CAXIAS";"Não guardar distância de segurança";"Colisão traseira";"Com Vítimas Feridas";"Anoitecer";"Decrescente";"Nublado";"Múltipla";"Reta";"Sim";2;0;1;0;1;0;1;2;-22,7004454;-43,29014851;"SPRF-RJ";"DEL01-RJ";"UOP01-DEL01-RJ"
266218;2020-01-31;"sexta-feira";"16:20:00";"SC";101;43,1;"JOINVILLE";"Desobediência às normas de trânsito pelo condutor";"Colisão traseira";"Com Vítimas Feridas";"Pleno dia";"Crescente";"Sol";"Dupla";"Reta";"Sim";3;0;3;0;0;0;3;2;-26,30357106;-48,88225609;"SPRF-SC";"DEL03-SC";"UOP01-DEL03-SC"
266219;2020-01-31;"sexta-feira";"16:30:00";"RS";290;94;"PORTO ALEGRE";"Pista Escorregadia";"Queda de ocupante de veículo";"Com Vítimas Feridas";"Pleno dia";"Decrescente";"Chuva";"Simples";"Curva";"Sim";2;0;1;0;1;0;1;1;-29,973856;-51,197853;"SPRF-RS";"DEL01-RS";"UOP01-DEL01-RS"
266220;2020-01-31;"sexta-feira";"18:20:00";"TO";153;333;"GUARAI";"Desobediência às normas de trânsito pelo condutor";"Colisão lateral";"Com Vítimas Feridas";"Pleno dia";"Crescente";"Céu Claro";"Dupla";"Interseção de Vias";"Sim";2;0;1;0;1;0;1;2;-8,835718;-48,512123;"SPRF-TO";"DEL02-TO";"UOP02-DEL02-TO"
266223;2020-01-31;"sexta-feira";"17:40:00";"RS";116;301;"GUAIBA";"Falta de Atenção à Condução";"Atropelamento de Pedestre";"Com Vítimas Feridas";"Pleno dia";"Crescente";"Céu Claro";"Simples";"Reta";"Sim";2;0;1;0;0;1;1;2;-30,131899;-51,353867;"SPRF-RS";"DEL02-RS";"UOP01-DEL02-RS"
266224;2020-01-31;"sexta-feira";"18:30:00";"AL";101;188,2;"JUNQUEIRO";"Falta de Atenção à Condução";"Atropelamento de Pedestre";"Com Vítimas Feridas";"Plena Noite";"Crescente";"Céu Claro";"Simples";"Reta";"Não";2;0;0;2;0;0;2;2;-9,90809784;-36,46933335;"SPRF-AL";"DEL02-AL";"UOP02-DEL02-AL"
266226;2020-01-31;"sexta-feira";"18:45:00";"RS";293;1;"PELOTAS";"Não guardar distância de segurança";"Colisão lateral";"Com Vítimas Feridas";"Pleno dia";"Crescente";"Nublado";"Simples";"Reta";"Não";2;0;1;0;1;0;1;2;-31,760326;-52,356205;"SPRF-RS";"DEL07-RS";"UOP01-DEL07-RS"
266227;2020-01-31;"sexta-feira";"16:10:00";"RO";364;344;"JI-PARANA";"Desobediência às normas de trânsito pelo condutor";"Colisão transversal";"Com Vítimas Feridas";"Pleno dia";"Crescente";"Céu Claro";"Dupla";"Reta";"Sim";2;0;1;0;1;0;1;2;-10,87376391;-61,95256893;"SPRF-RO";"DEL02-RO";"UOP01-DEL02-RO"
266228;2020-01-31;"sexta-feira";"19:10:00";"GO";153;500,9;"GOIANIA";"Falta de Atenção à Condução";"Colisão traseira";"Com Vítimas Feridas";"Plena Noite";"Crescente";"Céu Claro";"Dupla";"Reta";"Sim";7;0;2;0;4;1;2;3;-16,7118;-49,2324;"SPRF-GO";"DEL01-GO";"UOP01-DEL01-GO"
266229;2020-01-31;"sexta-feira";"18:20:00";"PR";369;127;"JATAIZINHO";"Falta de Atenção à Condução";"Saída de leito carroçável";"Sem Vítimas";"Pleno dia";"Decrescente";"Céu Claro";"Dupla";"Reta";"Não";1;0;0;0;1;0;0;1;-23,276097;-50,962431;"SPRF-PR";"DEL07-PR";"UOP01-DEL07-PR"
266230;2020-01-31;"sexta-feira";"18:50:00";"PE";316;227,9;"BELEM DE SAO FRANCISCO";"Animais na Pista";"Atropelamento de Animal";"Com Vítimas Fatais";"Plena Noite";"Crescente";"Céu Claro";"Simples";"Reta";"Não";2;1;0;1;0;0;1;1;-8,58381892;-39,15600296;"SPRF-PE";"DEL05-PE";"UOP03-DEL05-PE"
266231;2020-01-31;"sexta-feira";"19:15:00";"SC";470;71,8;"INDAIAL";"Falta de Atenção à Condução";"Colisão traseira";"Com Vítimas Feridas";"Plena Noite";"Crescente";"Céu Claro";"Simples";"Reta";"Não";5;0;4;0;1;0;4;2;-26,895243;-49,262104;"SPRF-SC";"DEL04-SC";"UOP01-DEL04-SC"
266234;2020-01-31;"sexta-feira";"19:10:00";"PE";101;70;"RECIFE";"Falta de Atenção à Condução";"Colisão transversal";"Com Vítimas Feridas";"Plena Noite";"Crescente";"Céu Claro";"Dupla";"Reta";"Sim";2;0;1;0;0;1;1;2;-8,06776119;-34,94265074;"SPRF-PE";"DEL01-PE";"UOP01-DEL01-PE"
266236;2020-01-31;"sexta-feira";"18:25:00";"PR";153;42;"SANTO ANTONIO DA PLATINA";"Falta de Atenção à Condução";"Queda de ocupante de veículo";"Com Vítimas Feridas";"Pleno dia";"Crescente";"Céu Claro";"Simples";"Interseção de Vias";"Sim";1;0;1;0;0;0;1;1;-23,29512144;-50,06578041;"SPRF-PR";"DEL07-PR";"UOP04-DEL07-PR"
266239;2020-01-31;"sexta-feira";"19:00:00";"GO";40;18,9;"LUZIANIA";"Defeito Mecânico no Veículo";"Queda de ocupante de veículo";"Com Vítimas Feridas";"Plena Noite";"Crescente";"Nublado";"Dupla";"Reta";"Sim";1;0;1;0;0;0;1;1;-16,19349;-47,925575;"SPRF-DF";"DEL01-DF";"UOP01-DEL01-DF"
266241;2020-01-13;"segunda-feira";"10:58:00";"PR";476;315;"PAULO FRONTIN";"Mal Súbito";"Queda de ocupante de veículo";"Com Vítimas Feridas";"Pleno dia";"Crescente";"Céu Claro";"Simples";"Curva";"Não";1;0;0;1;0;0;1;1;-26,034035;-50,698009;"SPRF-PR";"DEL02-PR";"UOP04-DEL02-PR"
266243;2020-01-31;"sexta-feira";"19:30:00";"SP";116;218;"GUARULHOS";"Falta de Atenção à Condução";"Colisão traseira";"Com Vítimas Feridas";"Plena Noite";"Crescente";"Nublado";"Múltipla";"Reta";"Sim";2;0;1;0;1;0;1;2;-23,46023473;-46,4866519;"SPRF-SP";"DEL01-SP";"UOP01-DEL01-SP"
266244;2020-01-31;"sexta-feira";"13:05:00";"GO";40;16,2;"LUZIANIA";"Falta de Atenção à Condução";"Colisão lateral";"Com Vítimas Feridas";"Pleno dia";"Crescente";"Céu Claro";"Dupla";"Reta";"Sim";3;0;1;0;2;0;1;3;-16,175176;-47,92964;"SPRF-DF";"DEL01-DF";"UOP01-DEL01-DF"
266245;2020-01-31;"sexta-feira";"20:00:00";"PR";369;481,3;"CORBELIA";"Desobediência às normas de trânsito pelo condutor";"Colisão lateral";"Sem Vítimas";"Anoitecer";"Crescente";"Céu Claro";"Simples";"Curva";"Não";2;0;0;0;1;1;0;2;-24,6451148;-53,2171175;"SPRF-PR";"DEL04-PR";"UOP03-DEL04-PR"
266246;2020-01-31;"sexta-feira";"20:25:00";"RS";101;72,7;"OSORIO";"Falta de Atenção do Pedestre";"Atropelamento de Pedestre";"Com Vítimas Feridas";"Plena Noite";"Decrescente";"Chuva";"Dupla";"Reta";"Sim";4;0;0;1;3;0;1;2;-29,7653103;-50,21740458;"SPRF-RS";"DEL03-RS";"UOP01-DEL03-RS"
266247;2020-01-31;"sexta-feira";"19:40:00";"TO";153;134;"ARAGUAINA";"Ingestão de álcool e/ou substâncias psicoativas pelo pedestre";"Colisão traseira";"Sem Vítimas";"Anoitecer";"Crescente";"Céu Claro";"Simples";"Reta";"Não";2;0;0;0;2;0;0;2;-7,12178379;-48,19293926;"SPRF-TO";"DEL02-TO";"UOP01-DEL02-TO"
266248;2020-01-31;"sexta-feira";"20:00:00";"SC";101;203;"SAO JOSE";"Falta de Atenção à Condução";"Colisão lateral";"Com Vítimas Feridas";"Plena Noite";"Decrescente";"Chuva";"Dupla";"Reta";"Sim";2;0;1;0;1;0;1;2;-27,5650044;-48,61460082;"SPRF-SC";"DEL01-SC";"UOP01-DEL01-SC"
266250;2020-01-31;"sexta-feira";"20:20:00";"PE";423;125;"PARANATAMA";"Desobediência às normas de trânsito pelo condutor";"Colisão frontal";"Sem Vítimas";"Plena Noite";"Decrescente";"Céu Claro";"Simples";"Reta";"Não";6;0;0;0;5;1;0;2;-8,96086814;-36,74928798;"SPRF-PE";"DEL03-PE";"UOP01-DEL03-PE"
266251;2020-01-31;"sexta-feira";"20:15:00";"SC";101;120,6;"ITAJAI";"Falta de Atenção à Condução";"Colisão traseira";"Com Vítimas Feridas";"Plena Noite";"Decrescente";"Céu Claro";"Dupla";"Interseção de Vias";"Sim";2;0;1;0;1;0;1;2;-26,9178225;-48,70947361;"SPRF-SC";"DEL04-SC";"UOP04-DEL04-SC"
266253;2020-01-31;"sexta-feira";"18:50:00";"MG";116;526,5;"CARATINGA";"Falta de Atenção à Condução";"Colisão frontal";"Com Vítimas Feridas";"Plena Noite";"Decrescente";"Céu Claro";"Simples";"Curva";"Sim";3;0;2;0;1;0;2;2;-19,77654011;-42,13327989;"SPRF-MG";"DEL06-MG";"UOP02-DEL06-MG"
266254;2020-01-31;"sexta-feira";"15:00:00";"PR";277;421;"CANTAGALO";"Falta de Atenção à Condução";"Colisão transversal";"Com Vítimas Feridas";"Pleno dia";"Crescente";"Céu Claro";"Simples";"Curva";"Sim";2;0;1;0;1;0;1;2;-25,40516876;-52,09591501;"SPRF-PR";"DEL04-PR";"UOP02-DEL04-PR"
266256;2020-01-31;"sexta-feira";"18:35:00";"MG";381;922;"CAMANDUCAIA";"Falta de Atenção à Condução";"Tombamento";"Com Vítimas Feridas";"Pleno dia";"Decrescente";"Chuva";"Dupla";"Curva";"Não";1;0;1;0;0;0;1;1;-22,76707833;-46,21789606;"SPRF-MG";"DEL16-MG";"UOP03-DEL16-MG"
266257;2020-01-31;"sexta-feira";"18:20:00";"MG";262;37,2;"MANHUACU";"Falta de Atenção à Condução";"Colisão frontal";"Com Vítimas Feridas";"Anoitecer";"Decrescente";"Céu Claro";"Simples";"Curva";"Sim";3;0;1;0;2;0;1;2;-20,25748975;-42,03048732;"SPRF-MG";"DEL06-MG";"UOP03-DEL06-MG"
266258;2020-01-31;"sexta-feira";"21:00:00";"PE";232;155;"SAO CAITANO";"Falta de Atenção à Condução";"Colisão traseira";"Com Vítimas Feridas";"Plena Noite";"Crescente";"Nublado";"Simples";"Reta";"Não";4;0;2;0;0;2;2;2;-8,32878441;-36,20816698;"SPRF-PE";"DEL02-PE";"UOP03-DEL02-PE"
266260;2020-01-31;"sexta-feira";"20:50:00";"PR";116;117;"CURITIBA";"Agressão Externa";"Atropelamento de Pedestre";"Com Vítimas Feridas";"Plena Noite";"Crescente";"Céu Claro";"Dupla";"Reta";"Sim";1;0;1;0;0;0;1;1;-25,54988723;-49,28248211;"SPRF-PR";"DEL01-PR";"UOP03-DEL01-PR"
266261;2020-01-31;"sexta-feira";"21:10:00";"MG";116;277;"TEOFILO OTONI";"Desobediência às normas de trânsito pelo condutor";"Colisão transversal";"Com Vítimas Feridas";"Plena Noite";"Crescente";"Céu Claro";"Múltipla";"Reta;Aclive";"Sim";2;0;1;0;1;0;1;2;-17,859945;-41,515144;"SPRF-MG";"DEL11-MG";"UOP01-DEL11-MG"
266262;2020-01-31;"sexta-feira";"19:10:00";"RR";174;505;"BOA VISTA";"Desobediência às normas de trânsito pelo condutor";"Colisão traseira";"Com Vítimas Feridas";"Plena Noite";"Decrescente";"Céu Claro";"Dupla";"Reta";"Sim";2;0;1;0;1;0;1;2;2,805917;-60,690617;"SPRF-RR";"DEL01-RR";"UOP01-DEL01-RR"
266263;2020-01-31;"sexta-feira";"20:50:00";"GO";153;540,7;"HIDROLANDIA";"Animais na Pista";"Saída de leito carroçável";"Com Vítimas Feridas";"Plena Noite";"Decrescente";"Céu Claro";"Dupla";"Aclive;Curva";"Não";5;0;3;0;2;0;3;1;-17,052858;-49,226544;"SPRF-GO";"DEL01-GO";"UOP03-DEL01-GO"
266264;2020-01-31;"sexta-feira";"21:00:00";"DF";251;35;"BRASILIA";"Ingestão de Álcool";"Atropelamento de Pedestre";"Com Vítimas Feridas";"Plena Noite";"Crescente";"Nublado";"Dupla";"Reta";"Não";3;0;3;0;0;0;3;2;-15,940731;-47,770015;"SPRF-DF";"DEL01-DF";"UOP01-DEL01-DF"
266277;2020-01-31;"sexta-feira";"20:45:00";"MT";163;71,8;"RONDONOPOLIS";"Falta de Atenção à Condução";"Saída de leito carroçável";"Com Vítimas Feridas";"Plena Noite";"Crescente";"Garoa/Chuvisco";"Dupla";"Retorno Regulamentado";"Não";1;0;1;0;0;0;1;1;-16,88204829;-54,71478939;"SPRF-MT";"DEL02-MT";"DEL2/2-UOP02/MT"
266278;2020-01-31;"sexta-feira";"20:50:00";"RS";158;492;"SANTANA DO LIVRAMENTO";"Animais na Pista";"Atropelamento de Animal";"Sem Vítimas";"Plena Noite";"Crescente";"Céu Claro";"Simples";"Reta";"Não";1;0;0;0;1;0;0;1;-30,45045493;-55,05431129;"SPRF-RS";"DEL11-RS";"UOP01-DEL11-RS"
266281;2020-01-31;"sexta-feira";"17:30:00";"BA";110;368,4;"CATU";"Ingestão de Álcool";"Colisão traseira";"Sem Vítimas";"Anoitecer";"Decrescente";"Nublado";"Simples";"Reta";"Sim";3;0;0;0;3;0;0;3;-12,37834035;-38,38366292;"SPRF-BA";"DEL01-BA";"UOP04-DEL01-BA"
266285;2020-01-31;"sexta-feira";"09:00:00";"MT";70;512;"VARZEA GRANDE";"Defeito na Via";"Queda de ocupante de veículo";"Com Vítimas Feridas";"Pleno dia";"Crescente";"Céu Claro";"Simples";"Reta";"Sim";1;0;1;0;0;0;1;1;-15,69741696;-56,10923767;"SPRF-MT";"DEL01-MT";"DEL2/4-UOP02/MT"
266286;2020-01-31;"sexta-feira";"23:05:00";"SC";470;52,4;"BLUMENAU";"Falta de Atenção à Condução";"Colisão transversal";"Com Vítimas Feridas";"Plena Noite";"Decrescente";"Céu Claro";"Simples";"Reta;Interseção de Vias";"Sim";2;0;0;1;1;0;1;2;-26,862286;-49,093903;"SPRF-SC";"DEL04-SC";"UOP01-DEL04-SC"
266287;2020-01-31;"sexta-feira";"21:40:00";"PR";277;30,3;"MORRETES";"Velocidade Incompatível";"Saída de leito carroçável";"Com Vítimas Feridas";"Plena Noite";"Decrescente";"Vento";"Dupla";"Reta";"Não";4;0;3;1;0;0;4;1;-25,52874613;-48,73512603;"SPRF-PR";"DEL01-PR";"UOP05-DEL01-PR"
266288;2020-01-31;"sexta-feira";"22:50:00";"CE";222;12;"CAUCAIA";"Animais na Pista";"Atropelamento de Animal";"Com Vítimas Feridas";"Plena Noite";"Decrescente";"Nublado";"Simples";"Reta";"Sim";1;0;0;1;0;0;1;1;-3,76479979;-38,66897196;"SPRF-CE";"DEL01-CE";"UOP01-DEL01-CE"
266289;2020-01-31;"sexta-feira";"22:45:00";"RS";468;93;"TRES PASSOS";"Velocidade Incompatível";"Saída de leito carroçável";"Com Vítimas Feridas";"Plena Noite";"Crescente";"Céu Claro";"Simples";"Curva";"Não";1;0;0;1;0;0;1;1;-27,517914;-53,87512801;"SPRF-RS";"DEL08-RS";"UOP02-DEL08-RS"
266290;2020-01-31;"sexta-feira";"23:15:00";"PR";376;179,8;"MARINGA";"Não guardar distância de segurança";"Colisão traseira";"Com Vítimas Feridas";"Plena Noite";"Decrescente";"Céu Claro";"Dupla";"Reta";"Sim";3;0;1;0;2;0;1;2;-23,421579;-51,90588;"SPRF-PR";"DEL07-PR";"UOP01-DEL09-PR"
266299;2020-01-31;"sexta-feira";"18:30:00";"MA";10;225,5;"GOVERNADOR EDISON LOBAO";"Desobediência às normas de trânsito pelo condutor";"Colisão frontal";"Com Vítimas Feridas";"Anoitecer";"Decrescente";"Céu Claro";"Simples";"Reta";"Sim";3;0;2;0;0;1;2;2;-5,740961;-47,359777;"SPRF-MA";"DEL04-MA";"UOP01-DEL04-MA"
266300;2020-01-31;"sexta-feira";"21:30:00";"MG";40;545;"NOVA LIMA";"Objeto estático sobre o leito carroçável";"Colisão traseira";"Com Vítimas Feridas";"Plena Noite";"Decrescente";"Nublado";"Dupla";"Reta";"Sim";3;0;1;0;2;0;1;2;-20,00670404;-43,96418668;"SPRF-MG";"DEL01-MG";"UOP02-DEL01-MG"
266301;2020-01-31;"sexta-feira";"18:15:00";"RR";401;143;"NORMANDIA";"Falta de Atenção à Condução";"Capotamento";"Com Vítimas Feridas";"Anoitecer";"Crescente";"Céu Claro";"Simples";"Reta";"Não";3;0;0;2;0;1;2;1;3,60346698;-59,85771189;"SPRF-RR";"DEL01-RR";"UOP01-DEL01-RR"
266302;2020-01-31;"sexta-feira";"23:10:00";"PE";101;1;"GOIANA";"Mal Súbito";"Saída de leito carroçável";"Com Vítimas Feridas";"Plena Noite";"Crescente";"Céu Claro";"Dupla";"Reta";"Sim";2;0;2;0;0;0;2;1;-7,50897414;-34,98748949;"SPRF-PE";"DEL01-PE";"UOP02-DEL01-PE"
266305;2020-01-31;"sexta-feira";"23:25:00";"RJ";116;165,3;"RIO DE JANEIRO";"Falta de Atenção à Condução";"Colisão traseira";"Com Vítimas Feridas";"Plena Noite";"Decrescente";"Céu Claro";"Múltipla";"Reta";"Sim";4;0;2;0;2;0;2;2;-22,80911423;-43,33785838;"SPRF-RJ";"DEL01-RJ";"UOP02-DEL01-RJ"
266306;2020-02-01;"sábado";"00:10:00";"GO";70;6,2;"AGUAS LINDAS DE GOIAS";"Falta de Atenção do Pedestre";"Atropelamento de Pedestre";"Com Vítimas Feridas";"Plena Noite";"Decrescente";"Céu Claro";"Dupla";"Reta";"Sim";2;0;0;1;0;1;1;2;-15,75049381;-48,2612381;"SPRF-DF";"DEL01-DF";"UOP02-DEL03-DF"
266307;2020-02-01;"sábado";"00:30:00";"RJ";101;473;"ANGRA DOS REIS";"Falta de Atenção à Condução";"Colisão lateral";"Com Vítimas Feridas";"Plena Noite";"Decrescente";"Céu Claro";"Dupla";"Reta";"Sim";2;0;0;1;1;0;1;2;-22,98960623;-44,24168693;"SPRF-RJ";"DEL03-RJ";"UOP03-DEL03-RJ"
266308;2020-01-31;"sexta-feira";"23:23:00";"SC";101;300;"LAGUNA";"Ingestão de Álcool";"Colisão transversal";"Sem Vítimas";"Plena Noite";"Crescente";"Garoa/Chuvisco";"Simples";"Viaduto";"Sim";2;0;0;0;2;0;0;2;-28,336977;-48,732777;"SPRF-SC";"DEL02-SC";"UOP03-DEL02-SC"
266310;2020-01-31;"sexta-feira";"22:30:00";"MT";364;401;"CUIABA";"Falta de Atenção à Condução";"Colisão transversal";"Com Vítimas Feridas";"Plena Noite";"Crescente";"Céu Claro";"Dupla";"Reta";"Sim";4;0;1;0;3;0;1;2;-15,67210033;-55,94649314;"SPRF-MT";"DEL02-MT";"UOP02-DEL01-MT"
266311;2020-01-31;"sexta-feira";"22:05:00";"BA";235;65,6;"JEREMOABO";"Falta de Atenção do Pedestre";"Atropelamento de Pedestre";"Com Vítimas Feridas";"Plena Noite";"Crescente";"Nublado";"Simples";"Reta";"Não";2;0;0;1;0;1;1;2;-10,09011691;-38,226509;"SPRF-SE";"DEL01-SE";"UOP02-DEL01-SE"
266313;2020-01-31;"sexta-feira";"21:50:00";"AL";316;155,6;"PALMEIRA DOS INDIOS";"Animais na Pista";"Atropelamento de Animal";"Com Vítimas Feridas";"Plena Noite";"Decrescente";"Céu Claro";"Simples";"Reta";"Sim";1;0;1;0;0;0;1;1;-9,42623278;-36,63304512;"SPRF-AL";"DEL03-AL";"UOP01-DEL03-AL"
266314;2020-02-01;"sábado";"02:00:00";"SC";101;127,7;"ITAJAI";"Falta de Atenção à Condução";"Tombamento";"Com Vítimas Feridas";"Plena Noite";"Crescente";"Nublado";"Dupla";"Reta";"Não";1;0;1;0;0;0;1;1;-26,9639319;-48,68328024;"SPRF-SC";"DEL04-SC";"UOP04-DEL04-SC"
266315;2020-02-01;"sábado";"02:25:00";"RN";101;96;"NATAL";"Ingestão de Álcool";"Colisão frontal";"Com Vítimas Feridas";"Plena Noite";"Decrescente";"Céu Claro";"Dupla";"Reta";"Não";3;0;2;0;1;0;2;2;-5,84949622;-35,20890752;"SPRF-RN";"DEL01-RN";"UOP01-DEL01-RN"
266318;2020-02-01;"sábado";"02:48:00";"RS";448;17;"CANOAS";"Agressão Externa";"Queda de ocupante de veículo";"Com Vítimas Feridas";"Plena Noite";"Decrescente";"Céu Claro";"Dupla";"Reta";"Não";3;0;0;1;1;1;1;2;-29,937889;-51,207005;"SPRF-RS";"DEL01-RS";"UOP01-DEL01-RS"
266320;2020-02-01;"sábado";"02:30:00";"RO";364;237;"CACOAL";"Falta de Atenção à Condução";"Colisão com objeto estático";"Com Vítimas Feridas";"Plena Noite";"Decrescente";"Nublado";"Simples";"Reta";"Sim";1;0;1;0;0;0;1;1;-11,44361739;-61,44749343;"SPRF-RO";"DEL02-RO";"UOP02-DEL02-RO"
266321;2020-02-01;"sábado";"03:30:00";"ES";262;66;"MARECHAL FLORIANO";"Condutor Dormindo";"Saída de leito carroçável";"Com Vítimas Feridas";"Plena Noite";"Decrescente";"Céu Claro";"Simples";"Reta";"Não";3;0;2;1;0;0;3;1;-20,41561467;-40,86684776;"SPRF-ES";"DEL01-ES";"UOP02-DEL01-ES"
266323;2020-02-01;"sábado";"02:40:00";"SC";282;506,9;"XANXERE";"Ingestão de Álcool";"Saída de leito carroçável";"Sem Vítimas";"Plena Noite";"Crescente";"Céu Claro";"Simples";"Interseção de Vias";"Sim";1;0;0;0;0;1;0;1;-26,885712;-52,42907;"SPRF-SC";"DEL07-SC";"UOP01-DEL07-SC"
266324;2020-02-01;"sábado";"03:30:00";"PR";376;179,2;"MARINGA";"Falta de Atenção à Condução";"Colisão com objeto estático";"Com Vítimas Fatais";"Plena Noite";"Crescente";"Céu Claro";"Dupla";"Viaduto;Reta";"Sim";1;1;0;0;0;0;0;1;-23,420966;-51,908177;"SPRF-PR";"DEL07-PR";"UOP01-DEL09-PR"
266325;2020-02-01;"sábado";"03:30:00";"CE";20;201;"BOA VIAGEM";"Falta de Atenção do Pedestre";"Atropelamento de Pedestre";"Com Vítimas Fatais";"Plena Noite";"Decrescente";"Nublado";"Simples";"Reta";"Não";4;1;0;0;3;0;0;2;-5,14467921;-39,74358471;"SPRF-CE";"DEL02-CE";"UOP02-DEL02-CE"
266327;2020-01-31;"sexta-feira";"16:00:00";"SP";116;549;"BARRA DO TURVO";"Pista Escorregadia";"Saída de leito carroçável";"Com Vítimas Feridas";"Pleno dia";"Crescente";"Chuva";"Simples";"Curva";"Não";2;0;0;1;1;0;1;2;-24,95470506;-48,45560002;"SPRF-SP";"DEL05-SP";"UOP02-DEL05-SP"
266328;2020-02-01;"sábado";"04:00:00";"PR";469;18,3;"FOZ DO IGUACU";"Animais na Pista";"Saída de leito carroçável";"Com Vítimas Feridas";"Plena Noite";"Decrescente";"Céu Claro";"Simples";"Reta";"Não";3;0;1;0;2;0;1;1;-25,60068315;-54,50332403;"SPRF-PR";"DEL05-PR";"UOP04-DEL05-PR"
266330;2020-02-01;"sábado";"04:05:00";"SC";101;198;"BIGUACU";"Velocidade Incompatível";"Colisão com objeto estático";"Sem Vítimas";"Plena Noite";"Decrescente";"Céu Claro";"Múltipla";"Reta";"Sim";1;0;0;0;0;1;0;1;-27,52658712;-48,63506019;"SPRF-SC";"DEL01-SC";"UOP01-DEL01-SC"
266331;2020-02-01;"sábado";"04:00:00";"SC";101;197,7;"BIGUACU";"Velocidade Incompatível";"Colisão com objeto estático";"Sem Vítimas";"Plena Noite";"Crescente";"Nublado";"Múltipla";"Interseção de Vias;Reta";"Sim";1;0;0;0;0;1;0;1;-27,51844497;-48,63848496;"SPRF-SC";"DEL01-SC";"UOP01-DEL01-SC"
266332;2020-02-01;"sábado";"04:30:00";"RJ";116;78;"TERESOPOLIS";"Falta de Atenção do Pedestre";"Atropelamento de Pedestre";"Com Vítimas Feridas";"Amanhecer";"Crescente";"Nublado";"Simples";"Reta";"Sim";2;0;0;1;0;1;1;2;-22,37408687;-42,95260496;"SPRF-RJ";"DEL06-RJ";"UOP01-DEL05-RJ"
266333;2020-02-01;"sábado";"04:45:00";"MA";135;25;"SAO LUIS";"Falta de Atenção à Condução";"Saída de leito carroçável";"Com Vítimas Feridas";"Amanhecer";"Crescente";"Céu Claro";"Dupla";"Retorno Regulamentado";"Não";2;0;1;0;1;0;1;1;-2,76507971;-44,36187655;"SPRF-MA";"DEL01-MA";"UOP01-DEL01-MA"
266334;2020-02-01;"sábado";"05:30:00";"SP";116;145;"SAO JOSE DOS CAMPOS";"Falta de Atenção à Condução";"Colisão traseira";"Com Vítimas Feridas";"Amanhecer";"Decrescente";"Céu Claro";"Dupla";"Aclive";"Sim";2;0;1;0;1;0;1;2;-23,188259;-45,85720181;"SPRF-SP";"DEL02-SP";"UOP01-DEL02-SP"
266335;2020-01-31;"sexta-feira";"23:10:00";"RN";405;0;"MOSSORO";"Ingestão de Álcool";"Colisão transversal";"Com Vítimas Feridas";"Plena Noite";"Crescente";"Ignorado";"Dupla";"Interseção de Vias";"Sim";2;0;1;0;1;0;1;2;-5,1914673;-37,351887;"SPRF-RN";"DEL04-RN";"UOP02-DEL04-RN"
266336;2020-02-01;"sábado";"06:00:00";"RS";116;243;"SAO LEOPOLDO";"Ingestão de Álcool";"Colisão com objeto em movimento";"Com Vítimas Feridas";"Pleno dia";"Crescente";"Céu Claro";"Dupla";"Reta";"Sim";2;0;1;0;1;0;1;2;-29,73196199;-51,14952004;"SPRF-RS";"DEL01-RS";"UOP02-DEL01-RS"
266337;2020-02-01;"sábado";"06:15:00";"GO";60;81,9;"ANAPOLIS";"Condutor Dormindo";"Saída de leito carroçável";"Com Vítimas Feridas";"Pleno dia";"Decrescente";"Céu Claro";"Dupla";"Reta";"Não";1;0;1;0;0;0;1;1;-16,3116;-48,8277;"SPRF-GO";"DEL02-GO";"UOP01-DEL02-GO"
266339;2020-02-01;"sábado";"06:45:00";"MG";40;554,3;"NOVA LIMA";"Mal Súbito";"Saída de leito carroçável";"Com Vítimas Feridas";"Pleno dia";"Crescente";"Nublado";"Dupla";"Reta";"Sim";2;0;1;0;0;1;1;2;-20,08216363;-43,97906911;"SPRF-MG";"DEL01-MG";"UOP02-DEL01-MG"
266340;2020-02-01;"sábado";"06:40:00";"SP";116;231,4;"SAO PAULO";"Falta de Atenção à Condução";"Colisão lateral";"Com Vítimas Feridas";"Pleno dia";"Crescente";"Céu Claro";"Múltipla";"Reta";"Sim";1;0;1;0;0;0;1;1;-23,5290581;-46,59398303;"SPRF-SP";"DEL01-SP";"UOP01-DEL01-SP"
266341;2020-02-01;"sábado";"06:50:00";"MG";40;524,1;"CONTAGEM";"Não guardar distância de segurança";"Engavetamento";"Com Vítimas Feridas";"Pleno dia";"Decrescente";"Céu Claro";"Dupla";"Reta";"Sim";7;0;4;0;3;0;4;4;-19,8754469;-44,05345586;"SPRF-MG";"DEL01-MG";"UOP02-DEL01-MG"
266343;2020-02-01;"sábado";"06:00:00";"RS";116;250;"SAO LEOPOLDO";"Condutor Dormindo";"Colisão com objeto estático";"Com Vítimas Feridas";"Pleno dia";"Crescente";"Céu Claro";"Dupla";"Reta";"Sim";1;0;1;0;0;0;1;1;-29,79148798;-51,16399615;"SPRF-RS";"DEL01-RS";"UOP02-DEL01-RS"