"id";"data_inversa";"dia_semana";"horario";"uf";"br";"km";"municipio";"causa_acidente";"tipo_acidente";"classificacao_acidente";"fase_dia";"sentido_via";"condicao_metereologica";"tipo_pista";"tracado_via";"uso_solo";"pessoas";"mortos";"feridos_leves";"feridos_graves";"ilesos";"ignorados";"feridos";"veiculos";"latitude";"longitude";"regional";"delegacia";"uop"
266344;2020-02-01;"sábado";"04:45:00";"BA";407;133,5;"SENHOR DO BONFIM";"Deficiência ou não Acionamento do Sistema de Iluminação/Sinalização do Veículo";"Colisão traseira";"Com Vítimas Feridas";"Amanhecer";"Decrescente";"Nublado";"Simples";"Curva";"Não";3;0;1;0;0;2;1;3;-10,50935111;-40,14955811;"SPRF-BA";"DEL04-BA";"UOP01-DEL04-BA"
266345;2020-02-01;"sábado";"07:30:00";"DF";60;16,2;"BRASILIA";"Defeito Mecânico no Veículo";"Tombamento";"Com Vítimas Feridas";"Pleno dia";"Crescente";"Céu Claro";"Dupla";"Reta";"Não";2;0;2;0;0;0;2;1;-15,952254;-48,174343;"SPRF-DF";"DEL01-DF";"UOP01-DEL03-DF"
266346;2020-02-01;"sábado";"08:00:00";"RS";472;148;"SANTA ROSA";"Falta de Atenção à Condução";"Saída de leito carroçável";"Com Vítimas Feridas";"Pleno dia";"Crescente";"Céu Claro";"Simples";"Declive;Reta";"Não";1;0;1;0;0;0;1;1;-27,78489876;-54,38085518;"SPRF-RS";"DEL10-RS";"UOP01-DEL10-RS"
266347;2020-02-01;"sábado";"07:20:00";"SP";116;283,1;"EMBU DAS ARTES";"Velocidade Incompatível";"Colisão lateral";"Com Vítimas Feridas";"Pleno dia";"Crescente";"Céu Claro";"Dupla";"Reta";"Sim";4;0;1;0;2;1;1;3;-23,69297005;-46,86352786;"SPRF-SP";"DEL04-SP";"UOP01-DEL04-SP"
266349;2020-01-24;"sexta-feira";"12:00:00";"PA";155;311;"MARABA";"Ultrapassagem Indevida";"Atropelamento de Pedestre";"Sem Vítimas";"Pleno dia";"Decrescente";"Sol";"Simples";"Reta;Interseção de Vias";"Sim";3;0;0;0;0;3;0;2;-5,64268008;-49,10875759;"SPRF-PA";"DEL03-PA";"UOP01-DEL03-PA"
266350;2020-02-01;"sábado";"05:40:00";"RJ";116;141;"DUQUE DE CAXIAS";"Defeito Mecânico no Veículo";"Incêndio";"Sem Vítimas";"Pleno dia";"Crescente";"Céu Claro";"Dupla";"Reta";"Não";1;0;0;0;1;0;0;1;-22,64724486;-43,22083001;"SPRF-RJ";"DEL04-RJ";"UOP02-DEL04-RJ"
266352;2020-02-01;"sábado";"08:15:00";"SC";101;152,7;"PORTO BELO";"Defeito Mecânico no Veículo";"Saída de leito carroçável";"Sem Vítimas";"Pleno dia";"Crescente";"Céu Claro";"Dupla";"Reta";"Não";1;0;0;0;1;0;0;1;-27,13563503;-48,61004665;"SPRF-SC";"DEL04-SC";"UOP03-DEL04-SC"
266353;2020-02-01;"sábado";"08:00:00";"AL";101;137,6;"SAO MIGUEL DOS CAMPOS";"Falta de Atenção à Condução";"Colisão transversal";"Com Vítimas Feridas";"Pleno dia";"Crescente";"Céu Claro";"Simples";"Interseção de Vias";"Sim";3;0;1;0;2;0;1;2;-9,80260488;-36,11277021;"SPRF-AL";"DEL02-AL";"UOP01-DEL02-AL"
266354;2020-02-01;"sábado";"08:35:00";"PR";369;510,9;"CASCAVEL";"Falta de Atenção à Condução";"Colisão transversal";"Com Vítimas Feridas";"Pleno dia";"Crescente";"Nublado";"Simples";"Reta";"Não";4;0;1;0;3;0;1;3;-24,8557;-53,3334;"SPRF-PR";"DEL04-PR";"UOP01-DEL04-PR"
266355;2020-02-01;"sábado";"07:50:00";"RO";364;341;"JI-PARANA";"Falta de Atenção à Condução";"Colisão lateral";"Com Vítimas Feridas";"Pleno dia";"Crescente";"Céu Claro";"Dupla";"Reta";"Sim";2;0;1;0;1;0;1;2;-10,88987987;-61,93126772;"SPRF-RO";"DEL02-RO";"UOP01-DEL02-RO"
266356;2020-02-01;"sábado";"07:30:00";"RJ";116;181;"NOVA IGUACU";"Defeito Mecânico no Veículo";"Incêndio";"Sem Vítimas";"Pleno dia";"Decrescente";"Nublado";"Múltipla";"Reta";"Sim";1;0;0;0;1;0;0;1;-22,73913789;-43,47030921;"SPRF-RJ";"DEL01-RJ";"UOP02-DEL01-RJ"
266357;2020-02-01;"sábado";"08:45:00";"AL";104;34;"UNIAO DOS PALMARES";"Falta de Atenção do Pedestre";"Atropelamento de Pedestre";"Com Vítimas Feridas";"Pleno dia";"Decrescente";"Nublado";"Simples";"Reta";"Sim";2;0;0;1;1;0;1;2;-9,15381;-36,01296413;"SPRF-AL";"DEL01-AL";"UOP02-DEL01-AL"
266358;2020-02-01;"sábado";"08:30:00";"SC";101;148;"ITAPEMA";"Falta de Atenção à Condução";"Colisão traseira";"Sem Vítimas";"Pleno dia";"Decrescente";"Céu Claro";"Dupla";"Reta";"Sim";2;0;0;0;2;0;0;2;-27,10123686;-48,61807962;"SPRF-SC";"DEL04-SC";"UOP03-DEL04-SC"
266359;2020-01-04;"sábado";"14:00:00";"MG";381;736,7;"CARMO DA CACHOEIRA";"Condutor Dormindo";"Saída de leito carroçável";"Com Vítimas Feridas";"Pleno dia";"Decrescente";"Céu Claro";"Dupla";"Reta";"Não";5;0;5;0;0;0;5;1;-21,58858702;-45,23762813;"SPRF-MG";"DEL16-MG";"UOP02-DEL16-MG"
266360;2020-02-01;"sábado";"06:10:00";"PE";428;44,4;"OROCO";"Falta de Atenção à Condução";"Tombamento";"Com Vítimas Feridas";"Pleno dia";"Decrescente";"Céu Claro";"Simples";"Ponte";"Não";2;0;1;1;0;0;2;1;-8,58333522;-39,58547861;"SPRF-PE";"DEL05-PE";"UOP03-DEL05-PE"
266363;2020-02-01;"sábado";"08:50:00";"ES";101;68,3;"SAO MATEUS";"Velocidade Incompatível";"Colisão traseira";"Com Vítimas Feridas";"Pleno dia";"Decrescente";"Sol";"Múltipla";"Declive;Interseção de Vias;Reta";"Sim";8;0;1;0;7;0;1;2;-18,726597;-39,85975;"SPRF-ES";"DEL04-ES";"UOP02-DEL04-ES"
266364;2020-02-01;"sábado";"07:55:00";"SC";280;31,8;"ARAQUARI";"Falta de Atenção à Condução";"Colisão lateral";"Com Vítimas Feridas";"Pleno dia";"Crescente";"Céu Claro";"Simples";"Rotatória";"Não";2;0;1;0;1;0;1;2;-26,41841641;-48,77867997;"SPRF-SC";"DEL03-SC";"UOP03-DEL03-SC"
266365;2020-02-01;"sábado";"11:00:00";"ES";447;12,4;"VILA VELHA";"Ingestão de Álcool";"Capotamento";"Com Vítimas Feridas";"Pleno dia";"Crescente";"Sol";"Dupla";"Reta";"Sim";1;0;1;0;0;0;1;1;-20,34993646;-40,33345374;"SPRF-ES";"DEL01-ES";"UOP01-DEL01-ES"
266366;2020-02-01;"sábado";"10:55:00";"MG";381;452;"SABARA";"Desobediência às normas de trânsito pelo condutor";"Colisão transversal";"Com Vítimas Feridas";"Pleno dia";"Crescente";"Céu Claro";"Simples";"Curva";"Sim";3;0;0;1;1;1;1;3;-19,84339604;-43,88596993;"SPRF-MG";"DEL01-MG";"UOP01-DEL01-MG"
266370;2020-02-01;"sábado";"10:45:00";"MG";381;483;"BETIM";"Sinalização da via insuficiente ou inadequada";"Tombamento";"Com Vítimas Feridas";"Pleno dia";"Decrescente";"Nublado";"Dupla";"Curva;Aclive";"Sim";2;0;2;0;0;0;2;2;-19,95594491;-44,10721699;"SPRF-MG";"DEL01-MG";"UOP03-DEL01-MG"
266374;2020-02-01;"sábado";"08:20:00";"MT";174;15,1;"PONTES E LACERDA";"Ingestão de Álcool";"Colisão frontal";"Com Vítimas Feridas";"Pleno dia";"Crescente";"Céu Claro";"Simples";"Reta";"Não";4;0;2;0;2;0;2;3;-15,193;-59,423;"SPRF-MT";"DEL03-MT";"UOP01-DEL03-MT"
266376;2020-02-01;"sábado";"11:30:00";"RS";116;252;"SAPUCAIA DO SUL";"Falta de Atenção à Condução";"Colisão transversal";"Com Vítimas Feridas";"Pleno dia";"Decrescente";"Céu Claro";"Dupla";"Interseção de Vias";"Sim";2;0;1;0;1;0;1;2;-29,80913395;-51,1675292;"SPRF-RS";"DEL01-RS";"UOP02-DEL01-RS"
266378;2020-02-01;"sábado";"11:40:00";"ES";101;251;"SERRA";"Desobediência às normas de trânsito pelo condutor";"Colisão transversal";"Com Vítimas Feridas";"Pleno dia";"Crescente";"Céu Claro";"Simples";"Reta";"Sim";3;0;2;0;1;0;2;2;-20,0879949;-40,34351677;"SPRF-ES";"DEL02-ES";"UOP01-DEL02-ES"
266379;2020-02-01;"sábado";"11:54:00";"SC";101;14,5;"GARUVA";"Não guardar distância de segurança";"Colisão traseira";"Com Vítimas Feridas";"Pleno dia";"Crescente";"Céu Claro";"Dupla";"Reta";"Não";2;0;1;1;0;0;2;2;-26,09803515;-48,86773972;"SPRF-SC";"DEL03-SC";"UOP01-DEL03-SC"
266381;2020-02-01;"sábado";"11:48:00";"RJ";40;62;"PETROPOLIS";"Desobediência às normas de trânsito pelo condutor";"Colisão transversal";"Com Vítimas Feridas";"Pleno dia";"Decrescente";"Céu Claro";"Simples";"Reta";"Não";2;0;1;0;1;0;1;2;-22,40542358;-43,14664526;"SPRF-RJ";"DEL06-RJ";"UOP02-DEL05-RJ"
266384;2020-02-01;"sábado";"10:10:00";"AC";364;121;"RIO BRANCO";"Falta de Atenção à Condução";"Tombamento";"Com Vítimas Feridas";"Pleno dia";"Crescente";"Céu Claro";"Simples";"Reta";"Sim";1;0;1;0;0;0;1;1;-10,01209268;-67,764365;"SPRF-AC";"DEL01-AC";"UOP01-DEL01-AC"
266386;2020-02-01;"sábado";"05:00:00";"MA";222;288;"ARARI";"Defeito na Via";"Saída de leito carroçável";"Com Vítimas Feridas";"Amanhecer";"Decrescente";"Ignorado";"Simples";"Reta";"Não";1;0;1;0;0;0;1;1;-3,44909867;-44,83992308;"SPRF-MA";"DEL02-MA";"UI04-DEL02-MA"
266387;2020-02-01;"sábado";"12:00:00";"PR";369;177,1;"ROLANDIA";"Velocidade Incompatível";"Saída de leito carroçável";"Com Vítimas Feridas";"Pleno dia";"Crescente";"Garoa/Chuvisco";"Simples";"Curva";"Sim";1;0;1;0;0;0;1;1;-23,34929564;-51,38667941;"SPRF-PR";"DEL07-PR";"UOP01-DEL07-PR"
266388;2020-02-01;"sábado";"12:25:00";"GO";40;1,9;"VALPARAISO DE GOIAS";"Falta de Atenção do Pedestre";"Atropelamento de Pedestre";"Com Vítimas Feridas";"Pleno dia";"Crescente";"Céu Claro";"Dupla";"Reta";"Sim";4;0;2;1;1;0;3;3;-16,058245;-47,982825;"SPRF-DF";"DEL01-DF";"UOP01-DEL01-DF"
266390;2020-02-01;"sábado";"08:30:00";"RJ";116;269;"BARRA MANSA";"Falta de Atenção à Condução";"Colisão traseira";"Com Vítimas Feridas";"Pleno dia";"Crescente";"Céu Claro";"Dupla";"Curva";"Não";3;0;2;0;1;0;2;2;-22,57510092;-44,11542461;"SPRF-RJ";"DEL07-RJ";"UOP02-DEL07-RJ"
266391;2020-02-01;"sábado";"12:45:00";"GO";60;72,8;"ABADIANIA";"Condutor Dormindo";"Colisão com objeto estático";"Com Vítimas Feridas";"Pleno dia";"Decrescente";"Céu Claro";"Dupla";"Reta";"Não";2;0;0;1;1;0;1;1;-16,2636;-48,764;"SPRF-GO";"DEL02-GO";"UOP01-DEL02-GO"
266392;2020-02-01;"sábado";"12:45:00";"ES";101;292,5;"CARIACICA";"Falta de Atenção à Condução";"Colisão com objeto estático";"Com Vítimas Feridas";"Pleno dia";"Crescente";"Céu Claro";"Dupla";"Reta";"Sim";2;0;1;1;0;0;2;1;-20,30650512;-40,39488717;"SPRF-ES";"DEL01-ES";"UOP01-DEL01-ES"
266393;2020-02-01;"sábado";"13:00:00";"PE";101;132;"ESCADA";"Falta de Atenção à Condução";"Colisão traseira";"Com Vítimas Fatais";"Pleno dia";"Decrescente";"Sol";"Dupla";"Reta";"Não";2;1;0;0;0;1;0;2;-8,40468469;-35,27017723;"SPRF-PE";"DEL01-PE";"UOP03-DEL01-PE"
266395;2020-02-01;"sábado";"12:45:00";"SC";101;209;"SAO JOSE";"Falta de Atenção à Condução";"Engavetamento";"Com Vítimas Feridas";"Pleno dia";"Crescente";"Sol";"Dupla";"Reta";"Sim";5;0;1;0;4;0;1;4;-27,61000542;-48,63895057;"SPRF-SC";"DEL01-SC";"UOP01-DEL01-SC"
266396;2020-02-01;"sábado";"13:10:00";"MG";381;923;"ITAPEVA";"Pista Escorregadia";"Saída de leito carroçável";"Com Vítimas Feridas";"Pleno dia";"Decrescente";"Chuva";"Dupla";"Curva";"Não";2;0;1;0;0;1;1;2;-22,7671484;-46,22667493;"SPRF-MG";"DEL16-MG";"UOP03-DEL16-MG"
266397;2020-02-01;"sábado";"11:05:00";"RO";364;383;"OURO PRETO DO OESTE";"Falta de Atenção à Condução";"Colisão transversal";"Sem Vítimas";"Pleno dia";"Crescente";"Céu Claro";"Simples";"Reta";"Não";2;0;0;0;2;0;0;2;-10,72104014;-62,24385208;"SPRF-RO";"DEL02-RO";"UOP01-DEL02-RO"
266398;2020-02-01;"sábado";"13:00:00";"MG";116;665;"SAO FRANCISCO DO GLORIA";"Avarias e/ou desgaste excessivo no pneu";"Colisão frontal";"Com Vítimas Feridas";"Pleno dia";"Crescente";"Chuva";"Simples";"Declive;Curva";"Não";3;0;2;0;1;0;2;2;-20,81404049;-42,31498003;"SPRF-MG";"DEL07-MG";"UOP03-DEL07-MG"
266399;2020-02-01;"sábado";"12:45:00";"SP";153;163,8;"PROMISSAO";"Falta de Atenção à Condução";"Colisão lateral";"Com Vítimas Feridas";"Pleno dia";"Decrescente";"Nublado";"Simples";"Declive;Reta";"Não";2;0;0;1;1;0;1;2;-21,53431602;-49,78178056;"SPRF-SP";"DEL07-SP";"UOP01-DEL07-SP"
266400;2020-02-01;"sábado";"12:30:00";"PI";316;43,2;"LAGOA DO PIAUI";"Desobediência às normas de trânsito pelo condutor";"Colisão transversal";"Com Vítimas Fatais";"Pleno dia";"Decrescente";"Sol";"Simples";"Declive";"Não";2;1;0;0;1;0;0;2;-5,42838588;-42,6368727;"SPRF-PI";"DEL01-PI";"UOP02-DEL01-PI"
266401;2020-02-01;"sábado";"12:50:00";"RS";116;309;"GUAIBA";"Ingestão de Álcool";"Colisão frontal";"Com Vítimas Feridas";"Pleno dia";"Crescente";"Céu Claro";"Simples";"Reta";"Não";3;0;1;2;0;0;3;2;-30,19187406;-51,39787181;"SPRF-RS";"DEL02-RS";"UOP01-DEL02-RS"
266402;2020-02-01;"sábado";"13:01:00";"SC";101;258;"PAULO LOPES";"Falta de Atenção à Condução";"Colisão traseira";"Com Vítimas Feridas";"Pleno dia";"Crescente";"Céu Claro";"Dupla";"Curva;Declive";"Não";2;0;1;0;1;0;1;2;-28,00880016;-48,69561195;"SPRF-SC";"DEL02-SC";"UOP03-DEL02-SC"
266403;2020-02-01;"sábado";"11:20:00";"MS";262;443,5;"DOIS IRMAOS DO BURITI";"Desobediência às normas de trânsito pelo condutor";"Colisão transversal";"Sem Vítimas";"Pleno dia";"Decrescente";"Céu Claro";"Simples";"Rotatória";"Não";7;0;0;0;7;0;0;2;-20,52420031;-55,3921499;"SPRF-MS";"DEL03-MS";"UOP01-DEL03-MS"
266404;2020-02-01;"sábado";"12:45:00";"RS";293;189,2;"BAGE";"Desobediência às normas de trânsito pelo condutor";"Colisão transversal";"Sem Vítimas";"Pleno dia";"Decrescente";"Céu Claro";"Simples";"Interseção de Vias";"Não";8;0;0;0;8;0;0;2;-31,26563057;-54,13740045;"SPRF-RS";"DEL11-RS";"UOP03-DEL11-RS"
266405;2020-02-01;"sábado";"01:20:00";"PE";232;113;"BEZERROS";"Pista Escorregadia";"Saída de leito carroçável";"Com Vítimas Feridas";"Pleno dia";"Crescente";"Chuva";"Dupla";"Curva";"Sim";3;0;1;0;2;0;1;2;-8,29906533;-35,8402169;"SPRF-PE";"DEL02-PE";"UOP03-DEL02-PE"
266407;2020-02-01;"sábado";"14:20:00";"RS";116;655,2;"JAGUARAO";"Desobediência às normas de trânsito pelo condutor";"Colisão traseira";"Com Vítimas Feridas";"Pleno dia";"Decrescente";"Céu Claro";"Simples";"Interseção de Vias";"Sim";2;0;1;0;1;0;1;2;-32,55436945;-53,38595331;"SPRF-RS";"DEL07-RS";"UOP03-DEL07-RS"
266408;2020-02-01;"sábado";"13:10:00";"PI";343;348,5;"TERESINA";"Desobediência às normas de trânsito pelo condutor";"Colisão transversal";"Com Vítimas Feridas";"Pleno dia";"Crescente";"Sol";"Simples";"Reta";"Sim";2;0;0;1;0;1;1;2;-5,118706;-42,786411;"SPRF-PI";"DEL01-PI";"UOP01-DEL01-PI"
266410;2020-02-01;"sábado";"14:00:00";"RN";304;35,5;"MOSSORO";"Falta de Atenção à Condução";"Colisão traseira";"Sem Vítimas";"Pleno dia";"Crescente";"Céu Claro";"Dupla";"Rotatória";"Sim";2;0;0;0;2;0;0;2;-5,1661728;-37,35188484;"SPRF-RN";"DEL04-RN";"UOP02-DEL04-RN"
266411;2020-02-01;"sábado";"14:00:00";"SP";116;165,1;"JACAREI";"Falta de Atenção à Condução";"Incêndio";"Sem Vítimas";"Pleno dia";"Decrescente";"Céu Claro";"Múltipla";"Declive";"Sim";1;0;0;0;1;0;0;1;-23,29691791;-46,00798704;"SPRF-SP";"DEL02-SP";"UOP01-DEL02-SP"
266413;2020-02-01;"sábado";"14:00:00";"MG";40;530,8;"BELO HORIZONTE";"Falta de Atenção do Pedestre";"Atropelamento de Pedestre";"Com Vítimas Feridas";"Pleno dia";"Decrescente";"Nublado";"Dupla";"Curva";"Sim";3;0;1;0;2;0;1;2;-19,92064782;-44,0335681;"SPRF-MG";"DEL01-MG";"UOP02-DEL01-MG"
266414;2020-02-01;"sábado";"14:30:00";"SC";101;339,2;"TUBARAO";"Falta de Atenção à Condução";"Engavetamento";"Com Vítimas Feridas";"Pleno dia";"Decrescente";"Sol";"Dupla";"Aclive";"Sim";3;0;1;0;2;0;1;3;-28,50713055;-49,04936314;"SPRF-SC";"DEL02-SC";"UOP01-DEL02-SC"
266416;2020-02-01;"sábado";"14:40:00";"DF";80;20;"BRASILIA";"Falta de Atenção à Condução";"Colisão traseira";"Com Vítimas Feridas";"Pleno dia";"Crescente";"Sol";"Dupla";"Reta";"Sim";2;0;1;0;1;0;1;2;-15,65809184;-48,20302963;"SPRF-DF";"DEL01-DF";"UOP02-DEL03-DF"
266417;2020-01-24;"sexta-feira";"19:30:00";"PR";153;235;"TIBAGI";"Falta de Atenção à Condução";"Saída de leito carroçável";"Com Vítimas Feridas";"Anoitecer";"Crescente";"Nublado";"Simples";"Curva;Aclive";"Não";1;0;1;0;0;0;1;1;-24,73616184;-50,45456218;"SPRF-PR";"DEL03-PR";"UOP02-DEL03-PR"
266418;2020-02-01;"sábado";"15:00:00";"PE";101;69,8;"RECIFE";"Desobediência às normas de trânsito pelo condutor";"Colisão traseira";"Com Vítimas Feridas";"Pleno dia";"Crescente";"Céu Claro";"Simples";"Curva";"Sim";2;0;1;0;1;0;1;2;-8,05951606;-34,94581024;"SPRF-PE";"DEL01-PE";"UOP01-DEL01-PE"
266419;2020-02-01;"sábado";"14:30:00";"GO";153;552,2;"PIRACANJUBA";"Defeito Mecânico no Veículo";"Capotamento";"Com Vítimas Feridas";"Pleno dia";"Crescente";"Céu Claro";"Dupla";"Aclive";"Não";1;0;1;0;0;0;1;1;-17,1589;-49,2139;"SPRF-GO";"DEL01-GO";"UOP03-DEL01-GO"
266421;2020-02-01;"sábado";"14:50:00";"MG";262;451,2;"NOVA SERRANA";"Animais na Pista";"Atropelamento de Animal";"Com Vítimas Feridas";"Pleno dia";"Decrescente";"Nublado";"Simples";"Reta";"Não";2;0;0;1;1;0;1;2;-19,84246605;-45,0448519;"SPRF-MG";"DEL08-MG";"UOP03-DEL08-MG"
266422;2020-02-01;"sábado";"15:00:00";"PR";163;185;"SANTA TEREZA DO OESTE";"Velocidade Incompatível";"Saída de leito carroçável";"Com Vítimas Feridas";"Pleno dia";"Decrescente";"Sol";"Dupla";"Curva";"Não";1;0;1;0;0;0;1;1;-25,13565591;-53,58359882;"SPRF-PR";"DEL04-PR";"UOP05-DEL05-PR"
266423;2020-02-01;"sábado";"14:30:00";"AL";101;50,5;"FLEXEIRAS";"Falta de Atenção à Condução";"Saída de leito carroçável";"Com Vítimas Feridas";"Pleno dia";"Crescente";"Céu Claro";"Dupla";"Curva";"Não";1;0;1;0;0;0;1;1;-9,23626636;-35,76617122;"SPRF-AL";"DEL01-AL";"UOP02-DEL01-AL"
266425;2020-02-01;"sábado";"11:50:00";"GO";40;97,4;"CRISTALINA";"Desobediência às normas de trânsito pelo condutor";"Colisão lateral";"Com Vítimas Feridas";"Pleno dia";"Crescente";"Céu Claro";"Simples";"Reta;Declive";"Sim";3;0;2;0;1;0;2;2;-16,75768;-47,601613;"SPRF-DF";"DEL01-DF";"UOP02-DEL01-DF"
266428;2020-02-01;"sábado";"15:40:00";"PB";101;97;"ALHANDRA";"Falta de Atenção à Condução";"Saída de leito carroçável";"Com Vítimas Feridas";"Pleno dia";"Crescente";"Nublado";"Dupla";"Reta";"Sim";3;0;1;1;1;0;2;1;-7,23846306;-34,9268519;"SPRF-PB";"DEL01-PB";"UOP01-DEL01-PB"
266430;2020-02-01;"sábado";"15:50:00";"SP";381;75,8;"SAO PAULO";"Velocidade Incompatível";"Colisão com objeto estático";"Com Vítimas Feridas";"Pleno dia";"Crescente";"Chuva";"Dupla";"Curva;Declive";"Não";1;0;1;0;0;0;1;1;-23,37660089;-46,56409613;"SPRF-SP";"DEL03-SP";"UOP01-DEL03-SP"
266431;2020-02-01;"sábado";"15:45:00";"RJ";393;175;"TRES RIOS";"Falta de Atenção à Condução";"Atropelamento de Pedestre";"Com Vítimas Feridas";"Pleno dia";"Crescente";"Nublado";"Simples";"Interseção de Vias";"Não";2;0;1;0;0;1;1;2;-22,12309905;-43,20363803;"SPRF-RJ";"DEL06-RJ";"UOP02-DEL05-RJ"
266432;2020-02-01;"sábado";"15:30:00";"PR";116;28,1;"CAMPINA GRANDE DO SUL";"Velocidade Incompatível";"Colisão com objeto estático";"Sem Vítimas";"Pleno dia";"Decrescente";"Chuva";"Dupla";"Curva;Declive";"Não";2;0;0;0;2;0;0;1;-25,07409361;-48,75354767;"SPRF-PR";"DEL01-PR";"UOP02-DEL01-PR"
266437;2020-02-01;"sábado";"15:30:00";"RJ";393;109;"SAPUCAIA";"Condutor Dormindo";"Saída de leito carroçável";"Com Vítimas Feridas";"Pleno dia";"Crescente";"Chuva";"Simples";"Reta;Declive";"Não";3;0;1;0;2;0;1;1;-21,88611082;-42,69543109;"SPRF-RJ";"DEL06-RJ";"UOP01-DEL05-RJ"
266438;2020-02-01;"sábado";"15:59:00";"GO";40;7,7;"VALPARAISO DE GOIAS";"Falta de Atenção à Condução";"Colisão transversal";"Com Vítimas Feridas";"Pleno dia";"Decrescente";"Sol";"Simples";"Reta";"Não";2;0;1;0;1;0;1;1;-16,108482;-47,972524;"SPRF-DF";"DEL01-DF";"UOP01-DEL01-DF"
266441;2020-02-01;"sábado";"12:50:00";"SC";280;30,9;"ARAQUARI";"Ingestão de Álcool";"Colisão traseira";"Sem Vítimas";"Pleno dia";"Crescente";"Sol";"Simples";"Reta";"Não";2;0;0;0;2;0;0;2;-26,4163165;-48,77134681;"SPRF-SC";"DEL03-SC";"UOP03-DEL03-SC"
266442;2020-02-01;"sábado";"14:35:00";"SC";280;33;"ARAQUARI";"Falta de Atenção à Condução";"Colisão transversal";"Com Vítimas Feridas";"Pleno dia";"Decrescente";"Céu Claro";"Simples";"Reta";"Sim";3;0;1;0;2;0;1;2;-26,42576441;-48,78741376;"SPRF-SC";"DEL03-SC";"UOP03-DEL03-SC"
266443;2020-02-01;"sábado";"16:03:00";"SP";116;89,7;"PINDAMONHANGABA";"Defeito Mecânico no Veículo";"Saída de leito carroçável";"Sem Vítimas";"Pleno dia";"Decrescente";"Chuva";"Dupla";"Reta";"Não";1;0;0;0;1;0;0;1;-22,93930884;-45,37874708;"SPRF-SP";"DEL06-SP";"UOP01-DEL06-SP"
266444;2020-02-01;"sábado";"15:50:00";"SC";280;7,8;"SAO FRANCISCO DO SUL";"Ingestão de Álcool";"Colisão traseira";"Sem Vítimas";"Pleno dia";"Decrescente";"Céu Claro";"Simples";"Reta";"Sim";3;0;0;0;3;0;0;3;-26,27127101;-48,64129599;"SPRF-SC";"DEL03-SC";"UOP03-DEL03-SC"
266445;2020-02-01;"sábado";"15:59:00";"RS";470;231;"CARLOS BARBOSA";"Ingestão de Álcool";"Saída de leito carroçável";"Com Vítimas Feridas";"Pleno dia";"Decrescente";"Céu Claro";"Simples";"Reta";"Não";1;0;1;0;0;0;1;1;-29,28808324;-51,48845673;"SPRF-RS";"DEL06-RS";"UOP01-DEL06-RS"
266447;2020-02-01;"sábado";"15:50:00";"RJ";40;88;"PETROPOLIS";"Pista Escorregadia";"Colisão com objeto estático";"Com Vítimas Feridas";"Pleno dia";"Crescente";"Chuva";"Simples";"Curva";"Não";1;0;1;0;0;0;1;1;-22,548575;-43,231738;"SPRF-RJ";"DEL06-RJ";"UOP01-DEL06-RJ"
266448;2020-02-01;"sábado";"15:10:00";"RJ";101;247;"SILVA JARDIM";"Falta de Atenção à Condução";"Capotamento";"Com Vítimas Feridas";"Pleno dia";"Crescente";"Chuva";"Dupla";"Curva";"Não";1;0;1;0;0;0;1;1;-22,65885276;-42,49422728;"SPRF-RJ";"DEL02-RJ";"UOP03-DEL02-RJ"
266449;2020-02-01;"sábado";"11:55:00";"RO";364;477;"ARIQUEMES";"Ultrapassagem Indevida";"Colisão traseira";"Sem Vítimas";"Pleno dia";"Crescente";"Céu Claro";"Simples";"Curva";"Não";4;0;0;0;4;0;0;2;-10,1531818;-62,84130784;"SPRF-RO";"DEL03-RO";"UOP01-DEL03-RO"
266450;2020-02-01;"sábado";"17:30:00";"RN";101;103,9;"PARNAMIRIM";"Falta de Atenção à Condução";"Queda de ocupante de veículo";"Com Vítimas Feridas";"Anoitecer";"Decrescente";"Céu Claro";"Dupla";"Curva";"Sim";1;0;1;0;0;0;1;1;-5,89115537;-35,25782173;"SPRF-RN";"DEL01-RN";"UOP01-DEL01-RN"
266452;2020-02-01;"sábado";"17:35:00";"MG";116;414;"GOVERNADOR VALADARES";"Defeito Mecânico no Veículo";"Queda de ocupante de veículo";"Com Vítimas Feridas";"Pleno dia";"Decrescente";"Céu Claro";"Simples";"Reta";"Sim";1;0;1;0;0;0;1;1;-18,88102703;-41,95910802;"SPRF-MG";"DEL06-MG";"UOP01-DEL06-MG"
266453;2020-02-01;"sábado";"09:30:00";"MG";262;19,7;"REDUTO";"Desobediência às normas de trânsito pelo condutor";"Colisão frontal";"Com Vítimas Feridas";"Pleno dia";"Decrescente";"Sol";"Simples";"Curva";"Não";4;0;2;2;0;0;4;2;-20,24812441;-41,90211694;"SPRF-MG";"DEL06-MG";"UOP03-DEL06-MG"
266454;2020-02-01;"sábado";"15:40:00";"RJ";40;8;"TRES RIOS";"Falta de Atenção à Condução";"Saída de leito carroçável";"Com Vítimas Feridas";"Pleno dia";"Decrescente";"Nublado";"Dupla";"Curva";"Não";1;0;1;0;0;0;1;1;-22,03998628;-43,22079123;"SPRF-RJ";"DEL06-RJ";"UOP02-DEL05-RJ"
266455;2020-02-01;"sábado";"18:00:00";"SC";101;132;"BALNEARIO CAMBORIU";"Falta de Atenção à Condução";"Colisão transversal";"Com Vítimas Feridas";"Plena Noite";"Crescente";"Céu Claro";"Simples";"Interseção de Vias";"Sim";3;0;1;0;1;1;1;3;-26,99654133;-48,65564711;"SPRF-SC";"DEL04-SC";"UOP03-DEL04-SC"