"id";"data_inversa";"dia_semana";"horario";"uf";"br";"km";"municipio";"causa_acidente";"tipo_acidente";"classificacao_acidente";"fase_dia";"sentido_via";"condicao_metereologica";"tipo_pista";"tracado_via";"uso_solo";"pessoas";"mortos";"feridos_leves";"feridos_graves";"ilesos";"ignorados";"feridos";"veiculos";"latitude";"longitude";"regional";"delegacia";"uop"
266457;2020-02-01;"sábado";"17:45:00";"RJ";101;505;"ANGRA DOS REIS";"Falta de Atenção à Condução";"Colisão transversal";"Com Vítimas Feridas";"Plena Noite";"Crescente";"Chuva";"Simples";"Reta";"Sim";2;0;0;1;1;0;1;2;-22,93561595;-44,39617909;"SPRF-RJ";"DEL03-RJ";"UOP02-DEL03-RJ"
266458;2020-02-01;"sábado";"17:20:00";"MT";163;510;"DIAMANTINO";"Agressão Externa";"Tombamento";"Com Vítimas Feridas";"Pleno dia";"Crescente";"Céu Claro";"Simples";"Reta";"Não";2;0;0;1;1;0;1;2;-14,58900323;-56,23081568;"SPRF-MT";"DEL01-MT";"UOP01-DEL01-MT"
266459;2020-02-01;"sábado";"17:20:00";"RO";364;244;"CACOAL";"Falta de Atenção à Condução";"Colisão transversal";"Com Vítimas Feridas";"Pleno dia";"Decrescente";"Nublado";"Simples";"Declive";"Não";5;0;0;1;4;0;1;2;-11,44010534;-61,50592399;"SPRF-RO";"DEL02-RO";"UOP02-DEL02-RO"
266460;2020-02-01;"sábado";"17:00:00";"GO";60;187;"GUAPO";"Pista Escorregadia";"Capotamento";"Com Vítimas Feridas";"Anoitecer";"Crescente";"Chuva";"Dupla";"Reta";"Não";1;0;0;1;0;0;1;1;-16,8068;-49,5257;"SPRF-GO";"DEL01-GO";"UOP02-DEL01-GO"
266461;2020-02-01;"sábado";"17:45:00";"RJ";40;4;"COMENDADOR LEVY GASPARIAN";"Falta de Atenção à Condução";"Saída de leito carroçável";"Com Vítimas Feridas";"Anoitecer";"Crescente";"Garoa/Chuvisco";"Dupla";"Reta";"Não";2;0;1;0;1;0;1;1;-22,01337537;-43,23594846;"SPRF-RJ";"DEL06-RJ";"UOP02-DEL05-RJ"
266462;2020-02-01;"sábado";"18:35:00";"MG";381;531;"ITATIAIUCU";"Velocidade Incompatível";"Capotamento";"Com Vítimas Feridas";"Anoitecer";"Crescente";"Chuva";"Dupla";"Reta";"Não";2;0;1;0;1;0;1;1;-20,18182886;-44,37895835;"SPRF-MG";"DEL04-MG";"UOP03-DEL04-MG"
266465;2020-02-01;"sábado";"18:45:00";"PR";376;9;"MARINGA";"Pista Escorregadia";"Saída de leito carroçável";"Com Vítimas Feridas";"Plena Noite";"Crescente";"Chuva";"Dupla";"Reta";"Não";1;0;1;0;0;0;1;1;-23,4273;-51,9375;"SPRF-PR";"DEL07-PR";"UOP01-DEL09-PR"
266466;2020-02-01;"sábado";"17:30:00";"RS";116;215,8;"MORRO REUTER";"Desobediência às normas de trânsito pelo condutor";"Colisão lateral";"Com Vítimas Feridas";"Pleno dia";"Decrescente";"Céu Claro";"Simples";"Aclive;Reta";"Não";3;0;0;1;2;0;1;2;-29,53533417;-51,08499002;"SPRF-RS";"DEL05-RS";"UOP02-DEL05-RS"
266468;2020-02-01;"sábado";"18:45:00";"MG";262;403,8;"PARA DE MINAS";"Falta de Atenção à Condução";"Colisão traseira";"Com Vítimas Feridas";"Anoitecer";"Decrescente";"Nublado";"Dupla";"Curva";"Não";2;0;1;0;1;0;1;2;-19,88617292;-44,63321328;"SPRF-MG";"DEL08-MG";"UOP03-DEL08-MG"
266469;2020-02-01;"sábado";"17:25:00";"MG";40;41,6;"PARACATU";"Falta de Atenção à Condução";"Colisão transversal";"Sem Vítimas";"Anoitecer";"Decrescente";"Céu Claro";"Simples";"Rotatória";"Sim";2;0;0;0;2;0;0;2;-17,21271307;-46,87295209;"SPRF-MG";"DEL14-MG";"UOP01-DEL14-MG"
266470;2020-02-01;"sábado";"18:30:00";"PI";343;16,8;"PARNAIBA";"Não guardar distância de segurança";"Colisão traseira";"Sem Vítimas";"Plena Noite";"Crescente";"Céu Claro";"Simples";"Reta";"Sim";3;0;0;0;2;1;0;2;-2,945431;-41,756462;"SPRF-PI";"DEL05-PI";"UOP01-DEL05-PI"
266471;2020-02-01;"sábado";"19:15:00";"MG";116;671,6;"MIRADOURO";"Falta de Atenção do Pedestre";"Atropelamento de Pedestre";"Com Vítimas Fatais";"Plena Noite";"Crescente";"Céu Claro";"Simples";"Reta";"Não";4;1;0;2;0;1;2;2;-20,86858745;-42,32990384;"SPRF-MG";"DEL07-MG";"UOP03-DEL07-MG"
266472;2020-02-01;"sábado";"19:30:00";"RJ";356;50,7;"ITAPERUNA";"Ingestão de Álcool";"Colisão traseira";"Com Vítimas Feridas";"Plena Noite";"Crescente";"Nublado";"Simples";"Curva";"Sim";5;0;3;0;2;0;3;2;-21,25790143;-41,7677021;"SPRF-RJ";"DEL08-RJ";"UOP03-DEL08-RJ"
266475;2020-02-01;"sábado";"19:20:00";"SP";381;52,4;"ATIBAIA";"Falta de Atenção à Condução";"Colisão lateral";"Com Vítimas Feridas";"Plena Noite";"Crescente";"Garoa/Chuvisco";"Dupla";"Curva";"Não";2;0;1;0;1;0;1;2;-23,23319402;-46,60193873;"SPRF-SP";"DEL03-SP";"UOP01-DEL03-SP"
266476;2020-02-01;"sábado";"18:20:00";"PB";230;162,2;"CAMPINA GRANDE";"Ingestão de Álcool";"Colisão frontal";"Com Vítimas Feridas";"Plena Noite";"Crescente";"Garoa/Chuvisco";"Simples";"Curva";"Não";3;0;1;0;1;1;1;3;-7,2277;-35,9439;"SPRF-PB";"DEL02-PB";"UOP01-DEL02-PB"
266478;2020-02-01;"sábado";"19:10:00";"RS";153;50;"ERECHIM";"Defeito Mecânico no Veículo";"Colisão transversal";"Com Vítimas Feridas";"Anoitecer";"Decrescente";"Céu Claro";"Simples";"Reta";"Sim";2;0;1;0;1;0;1;2;-27,65623359;-52,27554709;"SPRF-RS";"DEL08-RS";"UOP04-DEL08-RS"
266479;2020-02-01;"sábado";"18:00:00";"PR";376;313,5;"ORTIGUEIRA";"Falta de Atenção à Condução";"Queda de ocupante de veículo";"Com Vítimas Feridas";"Anoitecer";"Crescente";"Nublado";"Simples";"Curva";"Não";1;0;1;0;0;0;1;1;-24,01071301;-51,09287371;"SPRF-PR";"DEL07-PR";"UOP02-DEL07-PR"
266481;2020-02-01;"sábado";"18:20:00";"MA";10;255;"IMPERATRIZ";"Falta de Atenção à Condução";"Colisão lateral";"Com Vítimas Feridas";"Anoitecer";"Decrescente";"Nublado";"Múltipla";"Interseção de Vias";"Sim";3;0;2;0;1;0;2;2;-5,51025511;-47,47175401;"SPRF-MA";"DEL04-MA";"UOP01-DEL04-MA"
266482;2020-02-01;"sábado";"19:53:00";"SP";116;128,8;"CACAPAVA";"Falta de Atenção do Pedestre";"Atropelamento de Pedestre";"Com Vítimas Fatais";"Plena Noite";"Decrescente";"Chuva";"Dupla";"Reta";"Sim";2;1;0;0;1;0;0;2;-23,11454664;-45,71105567;"SPRF-SP";"DEL06-SP";"UOP01-DEL06-SP"
266484;2020-02-01;"sábado";"20:00:00";"SC";101;332,8;"TUBARAO";"Desobediência às normas de trânsito pelo condutor";"Colisão transversal";"Com Vítimas Feridas";"Plena Noite";"Decrescente";"Céu Claro";"Múltipla";"Interseção de Vias";"Sim";2;0;1;0;1;0;1;2;-28,46016431;-48,98968873;"SPRF-SC";"DEL02-SC";"UOP01-DEL02-SC"
266485;2020-02-01;"sábado";"20:00:00";"MG";40;606,3;"CONGONHAS";"Desobediência às normas de trânsito pelo condutor";"Colisão transversal";"Com Vítimas Feridas";"Plena Noite";"Crescente";"Ignorado";"Simples";"Reta";"Sim";4;0;1;0;2;1;1;2;-20,47579776;-43,84269847;"SPRF-MG";"DEL05-MG";"UOP02-DEL05-MG"
266487;2020-02-01;"sábado";"20:10:00";"AL";316;156;"PALMEIRA DOS INDIOS";"Animais na Pista";"Atropelamento de Animal";"Sem Vítimas";"Plena Noite";"Decrescente";"Garoa/Chuvisco";"Simples";"Reta";"Sim";1;0;0;0;1;0;0;1;-9,42150066;-36,62537421;"SPRF-AL";"DEL03-AL";"UOP01-DEL03-AL"
266488;2020-01-07;"terça-feira";"03:32:00";"BA";116;839,4;"VITORIA DA CONQUISTA";"Falta de Atenção do Pedestre";"Atropelamento de Pedestre";"Com Vítimas Feridas";"Plena Noite";"Crescente";"Nevoeiro/Neblina";"Simples";"Reta";"Não";2;0;0;1;1;0;1;2;-14,90784523;-40,87301062;"SPRF-BA";"DEL08-BA";"UOP01-DEL08-BA"
266489;2020-02-01;"sábado";"19:20:00";"BA";116;804;"VITORIA DA CONQUISTA";"Defeito Mecânico no Veículo";"Saída de leito carroçável";"Com Vítimas Feridas";"Plena Noite";"Decrescente";"Céu Claro";"Simples";"Reta";"Não";1;0;1;0;0;0;1;1;-14,72639376;-40,63251813;"SPRF-BA";"DEL08-BA";"UOP01-DEL08-BA"
266490;2020-02-01;"sábado";"20:30:00";"RS";116;305,8;"GUAIBA";"Desobediência às normas de trânsito pelo condutor";"Colisão frontal";"Com Vítimas Fatais";"Plena Noite";"Decrescente";"Céu Claro";"Simples";"Reta";"Não";4;1;3;0;0;0;3;2;-30,16312811;-51,37606884;"SPRF-RS";"DEL02-RS";"UOP01-DEL02-RS"
266491;2020-02-01;"sábado";"21:17:00";"DF";70;12,3;"BRASILIA";"Desobediência às normas de trânsito pelo pedestre";"Atropelamento de Pedestre";"Com Vítimas Fatais";"Plena Noite";"Crescente";"Céu Claro";"Dupla";"Reta";"Sim";4;1;0;0;2;1;0;2;-15,792243;-48,158543;"SPRF-DF";"DEL01-DF";"UOP02-DEL03-DF"
266492;2020-02-01;"sábado";"20:50:00";"PI";316;30;"DEMERVAL LOBAO";"Animais na Pista";"Atropelamento de Animal";"Com Vítimas Feridas";"Plena Noite";"Decrescente";"Nublado";"Simples";"Reta";"Não";1;0;0;1;0;0;1;1;-5,33309;-42,69755301;"SPRF-PI";"DEL01-PI";"UOP02-DEL01-PI"
266493;2020-02-01;"sábado";"18:20:00";"MS";60;403,3;"SIDROLANDIA";"Defeito Mecânico no Veículo";"Saída de leito carroçável";"Com Vítimas Feridas";"Plena Noite";"Decrescente";"Nublado";"Simples";"Reta";"Não";2;0;2;0;0;0;2;1;-20,82577896;-54,80389113;"SPRF-MS";"DEL01-MS";"UOP04-DEL01-MS"
266495;2020-02-01;"sábado";"19:50:00";"PE";316;87,2;"OURICURI";"Falta de Atenção à Condução";"Saída de leito carroçável";"Com Vítimas Feridas";"Plena Noite";"Crescente";"Nublado";"Simples";"Reta";"Não";1;0;1;0;0;0;1;1;-7,89302781;-40,05470593;"SPRF-PE";"DEL05-PE";"UOP02-DEL05-PE"
266496;2020-02-01;"sábado";"20:00:00";"RJ";101;245;"SILVA JARDIM";"Falta de Atenção à Condução";"Colisão frontal";"Com Vítimas Feridas";"Plena Noite";"Crescente";"Céu Claro";"Dupla";"Reta";"Não";2;0;0;1;0;1;1;2;-22,64524706;-42,48167495;"SPRF-RJ";"DEL02-RJ";"UOP03-DEL02-RJ"
266497;2020-02-01;"sábado";"20:40:00";"PB";230;406,7;"POMBAL";"Desobediência às normas de trânsito pelo condutor";"Colisão traseira";"Com Vítimas Feridas";"Plena Noite";"Crescente";"Nublado";"Simples";"Aclive;Reta";"Sim";2;0;0;1;1;0;1;2;-6,7842;-37,7987;"SPRF-PB";"DEL03-PB";"UOP02-DEL03-PB"
266498;2020-02-01;"sábado";"21:45:00";"AL";104;28,9;"UNIAO DOS PALMARES";"Animais na Pista";"Atropelamento de Animal";"Com Vítimas Feridas";"Plena Noite";"Decrescente";"Nublado";"Simples";"Curva";"Sim";1;0;1;0;0;0;1;1;-9,11313518;-36,04665024;"SPRF-AL";"DEL01-AL";"UOP02-DEL01-AL"
266499;2020-02-01;"sábado";"21:20:00";"SC";101;154,5;"PORTO BELO";"Velocidade Incompatível";"Colisão transversal";"Com Vítimas Feridas";"Plena Noite";"Decrescente";"Céu Claro";"Simples";"Viaduto;Curva";"Sim";2;0;0;1;1;0;1;2;-27,153819;-48,61086393;"SPRF-SC";"DEL04-SC";"UOP03-DEL04-SC"
266500;2020-02-01;"sábado";"21:00:00";"PR";116;126;"FAZENDA RIO GRANDE";"Falta de Atenção à Condução";"Queda de ocupante de veículo";"Com Vítimas Feridas";"Plena Noite";"Decrescente";"Céu Claro";"Dupla";"Reta";"Sim";1;0;1;0;0;0;1;1;-25,60389895;-49,31824423;"SPRF-PR";"DEL01-PR";"UOP03-DEL01-PR"
266501;2020-02-01;"sábado";"21:30:00";"SP";116;145,8;"SAO JOSE DOS CAMPOS";"Ingestão de Álcool";"Colisão traseira";"Com Vítimas Feridas";"Plena Noite";"Crescente";"Chuva";"Dupla";"Reta";"Sim";4;0;3;0;1;0;3;2;-23,19122919;-45,86327591;"SPRF-SP";"DEL02-SP";"UOP01-DEL02-SP"
266502;2020-02-01;"sábado";"21:50:00";"ES";101;395,4;"RIO NOVO DO SUL";"Desobediência às normas de trânsito pelo condutor";"Colisão transversal";"Com Vítimas Feridas";"Plena Noite";"Crescente";"Céu Claro";"Simples";"Curva";"Sim";2;0;0;1;0;1;1;2;-20,86594262;-40,93257592;"SPRF-ES";"DEL03-ES";"UOP02-DEL03-ES"
266503;2020-02-01;"sábado";"19:15:00";"AC";364;136;"RIO BRANCO";"Falta de Atenção à Condução";"Colisão traseira";"Sem Vítimas";"Plena Noite";"Decrescente";"Céu Claro";"Dupla";"Rotatória";"Sim";4;0;0;0;4;0;0;2;-9,977578;-67,8489;"SPRF-AC";"DEL01-AC";"UOP01-DEL01-AC"
266506;2020-02-01;"sábado";"09:30:00";"SC";101;85;"BARRA VELHA";"Falta de Atenção do Pedestre";"Atropelamento de Pedestre";"Com Vítimas Feridas";"Plena Noite";"Crescente";"Nublado";"Múltipla";"Interseção de Vias";"Não";2;0;2;0;0;0;2;2;-26,62840879;-48,70813584;"SPRF-SC";"DEL03-SC";"UOP02-DEL03-SC"
266507;2020-02-01;"sábado";"22:20:00";"ES";101;189;"ARACRUZ";"Desobediência às normas de trânsito pelo condutor";"Colisão transversal";"Com Vítimas Feridas";"Plena Noite";"Decrescente";"Ignorado";"Simples";"Interseção de Vias";"Sim";7;0;4;2;1;0;6;2;-19,68134019;-40,27051885;"SPRF-ES";"DEL04-ES";"UOP01-DEL04-ES"
266509;2020-02-01;"sábado";"18:00:00";"RO";364;381;"OURO PRETO DO OESTE";"Falta de Atenção à Condução";"Colisão traseira";"Com Vítimas Feridas";"Pleno dia";"Crescente";"Céu Claro";"Simples";"Reta";"Não";2;0;1;0;1;0;1;2;-10,73029115;-62,22943647;"SPRF-RO";"DEL02-RO";"UOP01-DEL02-RO"
266510;2020-02-01;"sábado";"17:30:00";"MA";316;457,6;"CODO";"Falta de Atenção à Condução";"Colisão frontal";"Com Vítimas Fatais";"Anoitecer";"Decrescente";"Céu Claro";"Simples";"Reta";"Não";2;1;0;0;0;1;0;2;-4,506201;-44,082172;"SPRF-MA";"DEL03-MA";"UOP01-DEL03-MA"
266511;2020-02-01;"sábado";"19:15:00";"SC";282;409,6;"CATANDUVAS";"Falta de Atenção à Condução";"Colisão transversal";"Com Vítimas Feridas";"Plena Noite";"Decrescente";"Céu Claro";"Simples";"Rotatória";"Sim";2;0;1;0;1;0;1;2;-27,065756;-51,664165;"SPRF-SC";"DEL07-SC";"UOP05-DEL07-SC"
266512;2020-02-01;"sábado";"21:20:00";"RJ";101;91;"CAMPOS DOS GOYTACAZES";"Falta de Atenção à Condução";"Queda de ocupante de veículo";"Com Vítimas Feridas";"Plena Noite";"Decrescente";"Céu Claro";"Dupla";"Curva";"Não";1;0;1;0;0;0;1;1;-21,85123688;-41,52047569;"SPRF-RJ";"DEL08-RJ";"UOP02-DEL08-RJ"
266515;2020-02-01;"sábado";"22:40:00";"MS";163;520;"JARAGUARI";"Falta de Atenção à Condução";"Tombamento";"Com Vítimas Feridas";"Plena Noite";"Crescente";"Céu Claro";"Dupla";"Reta";"Não";1;0;1;0;0;0;1;1;-20,16179487;-54,44469725;"SPRF-MS";"DEL01-MS";"UOP02-DEL01-MS"
266517;2020-02-02;"domingo";"00:02:00";"SP";116;145,6;"SAO JOSE DOS CAMPOS";"Desobediência às normas de trânsito pelo condutor";"Colisão traseira";"Com Vítimas Feridas";"Plena Noite";"Decrescente";"Chuva";"Múltipla";"Reta";"Sim";5;0;5;0;0;0;5;2;-23,1869844;-45,8548078;"SPRF-SP";"DEL02-SP";"UOP01-DEL02-SP"
266519;2020-02-01;"sábado";"23:10:00";"SP";116;8,2;"QUELUZ";"Ingestão de Álcool";"Colisão com objeto estático";"Sem Vítimas";"Plena Noite";"Crescente";"Garoa/Chuvisco";"Simples";"Reta";"Sim";1;0;0;0;0;1;0;1;-22,536327;-44,7714;"SPRF-SP";"DEL08-SP";"UOP02-DEL08-SP"
266520;2020-02-01;"sábado";"23:00:00";"MG";365;151,1;"PIRAPORA";"Defeito Mecânico no Veículo";"Colisão traseira";"Com Vítimas Feridas";"Plena Noite";"Decrescente";"Nublado";"Simples";"Reta";"Não";2;0;1;0;1;0;1;2;-17,29199516;-44,88404586;"SPRF-MG";"DEL12-MG";"UOP01-DEL12-MG"
266521;2020-02-01;"sábado";"19:00:00";"RJ";101;409,8;"ITAGUAI";"Restrição de Visibilidade";"Atropelamento de Pedestre";"Com Vítimas Fatais";"Plena Noite";"Decrescente";"Chuva";"Dupla";"Reta";"Sim";2;1;0;0;1;0;0;2;-22,88503992;-43,83250205;"SPRF-RJ";"DEL03-RJ";"UOP01-DEL03-RJ"
266523;2020-02-02;"domingo";"00:30:00";"ES";101;230;"FUNDAO";"Ingestão de Álcool";"Queda de ocupante de veículo";"Com Vítimas Feridas";"Plena Noite";"Crescente";"Céu Claro";"Simples";"Reta";"Sim";3;0;2;0;1;0;2;2;-19,93558165;-40,40603211;"SPRF-ES";"DEL02-ES";"UOP01-DEL02-ES"
266525;2020-02-02;"domingo";"00:40:00";"RN";304;38,2;"MOSSORO";"Desobediência às normas de trânsito pelo condutor";"Colisão traseira";"Com Vítimas Feridas";"Plena Noite";"Crescente";"Nublado";"Dupla";"Reta";"Sim";4;0;3;0;0;1;3;2;-5,18138457;-37,36832252;"SPRF-RN";"DEL04-RN";"UOP02-DEL04-RN"
266526;2020-02-02;"domingo";"00:30:00";"PR";373;175,4;"PONTA GROSSA";"Ingestão de álcool e/ou substâncias psicoativas pelo pedestre";"Colisão com objeto estático";"Com Vítimas Feridas";"Plena Noite";"Crescente";"Chuva";"Dupla";"Reta";"Sim";2;0;1;1;0;0;2;1;-25,06728094;-50,21211882;"SPRF-PR";"DEL03-PR";"UOP01-DEL03-PR"
266527;2020-02-01;"sábado";"23:40:00";"SP";116;229;"SAO PAULO";"Não guardar distância de segurança";"Colisão traseira";"Com Vítimas Feridas";"Plena Noite";"Decrescente";"Nublado";"Múltipla";"Reta";"Sim";7;0;3;0;4;0;3;2;-23,51291902;-46,57604698;"SPRF-SP";"DEL01-SP";"UOP01-DEL01-SP"
266529;2020-02-02;"domingo";"01:20:00";"SC";101;150;"ITAPEMA";"Ingestão de Álcool";"Colisão com objeto estático";"Sem Vítimas";"Plena Noite";"Crescente";"Nublado";"Dupla";"Retorno Regulamentado";"Sim";1;0;0;0;1;0;0;1;-27,11744799;-48,60940987;"SPRF-SC";"DEL04-SC";"UOP03-DEL04-SC"
266530;2020-02-02;"domingo";"00:40:00";"PR";277;75;"SAO JOSE DOS PINHAIS";"Condutor Dormindo";"Capotamento";"Com Vítimas Feridas";"Plena Noite";"Decrescente";"Nublado";"Dupla";"Reta";"Sim";1;0;0;1;0;0;1;1;-25,51327981;-49,12433291;"SPRF-PR";"DEL01-PR";"UOP01-DEL01-PR"
266532;2020-02-02;"domingo";"01:42:00";"RJ";101;307,5;"SAO GONCALO";"Condutor Dormindo";"Colisão com objeto estático";"Sem Vítimas";"Plena Noite";"Decrescente";"Nublado";"Dupla";"Reta";"Sim";1;0;0;0;1;0;0;1;-22,79115777;-43,01514205;"SPRF-RJ";"DEL02-RJ";"UOP02-DEL02-RJ"
266534;2020-02-02;"domingo";"01:40:00";"SC";280;51,5;"GUARAMIRIM";"Ingestão de Álcool";"Saída de leito carroçável";"Com Vítimas Feridas";"Plena Noite";"Crescente";"Nublado";"Simples";"Interseção de Vias";"Não";1;0;1;0;0;0;1;1;-26,46706313;-48,9599973;"SPRF-SC";"DEL03-SC";"UOP03-DEL03-SC"
266535;2020-02-02;"domingo";"02:00:00";"PI";343;592;"FLORIANO";"Falta de Atenção à Condução";"Saída de leito carroçável";"Com Vítimas Feridas";"Plena Noite";"Decrescente";"Céu Claro";"Dupla";"Reta";"Sim";2;0;1;0;0;1;1;2;-6,777731;-43,031559;"SPRF-PI";"DEL03-PI";"UOP01-DEL03-PI"
266536;2020-02-02;"domingo";"01:10:00";"RO";319;62;"PORTO VELHO";"Desobediência às normas de trânsito pelo condutor";"Colisão transversal";"Com Vítimas Feridas";"Plena Noite";"Crescente";"Nublado";"Dupla";"Interseção de Vias";"Sim";2;0;1;0;1;0;1;2;-8,75035167;-63,88798714;"SPRF-RO";"DEL01-RO";"UOP01-DEL01-RO"
266537;2020-02-01;"sábado";"23:40:00";"MA";10;255;"IMPERATRIZ";"Ingestão de Álcool";"Colisão transversal";"Com Vítimas Feridas";"Plena Noite";"Decrescente";"Céu Claro";"Simples";"Reta";"Sim";3;0;2;0;1;0;2;2;-5,508798;-47,471718;"SPRF-MA";"DEL04-MA";"UOP01-DEL04-MA"
266539;2020-02-02;"domingo";"01:30:00";"SC";280;32,2;"ARAQUARI";"Falta de Atenção à Condução";"Saída de leito carroçável";"Com Vítimas Feridas";"Plena Noite";"Decrescente";"Nublado";"Simples";"Reta";"Não";2;0;1;0;1;0;1;1;-26,42148581;-48,78063798;"SPRF-SC";"DEL03-SC";"UOP03-DEL03-SC"
266540;2020-02-02;"domingo";"01:45:00";"MT";163;765;"SORRISO";"Falta de Atenção à Condução";"Saída de leito carroçável";"Com Vítimas Feridas";"Plena Noite";"Crescente";"Céu Claro";"Simples";"Reta";"Não";1;0;1;0;0;0;1;1;-12,36164937;-55,60186565;"SPRF-MT";"DEL06-MT";"UOP01-DEL06-MT"
266541;2020-02-02;"domingo";"04:10:00";"DF";60;4,5;"BRASILIA";"Falta de Atenção à Condução";"Tombamento";"Com Vítimas Feridas";"Plena Noite";"Decrescente";"Céu Claro";"Simples";"Interseção de Vias";"Sim";1;0;1;0;0;0;1;1;-15,892721;-48,095741;"SPRF-DF";"DEL01-DF";"UOP01-DEL03-DF"
266543;2020-02-02;"domingo";"03:00:00";"SC";101;213;"PALHOCA";"Ingestão de Álcool";"Colisão com objeto estático";"Com Vítimas Feridas";"Plena Noite";"Decrescente";"Céu Claro";"Dupla";"Reta";"Sim";3;0;3;0;0;0;3;1;-27,63697369;-48,66514142;"SPRF-SC";"DEL01-SC";"UOP02-DEL01-SC"
266544;2020-02-02;"domingo";"04:00:00";"SC";101;215;"PALHOCA";"Desobediência às normas de trânsito pelo condutor";"Colisão com objeto estático";"Sem Vítimas";"Plena Noite";"Decrescente";"Céu Claro";"Dupla";"Curva";"Sim";1;0;0;0;0;1;0;1;-27,65184843;-48,67604941;"SPRF-SC";"DEL01-SC";"UOP02-DEL01-SC"
266546;2020-02-02;"domingo";"04:10:00";"RJ";40;27,3;"TRES RIOS";"Condutor Dormindo";"Capotamento";"Com Vítimas Feridas";"Plena Noite";"Crescente";"Céu Claro";"Dupla";"Reta";"Não";2;0;1;1;0;0;2;1;-22,1197;-43,2104;"SPRF-RS";"N/A";"N/A"
266547;2020-02-02;"domingo";"02:30:00";"PR";467;75,5;"TOLEDO";"Falta de Atenção à Condução";"Saída de leito carroçável";"Com Vítimas Fatais";"Plena Noite";"Crescente";"Céu Claro";"Dupla";"Interseção de Vias";"Sim";2;1;0;0;0;1;0;2;-24,7468995;-53,69462729;"SPRF-PR";"DEL04-PR";"UOP01-DEL04-PR"
266548;2020-02-02;"domingo";"05:50:00";"GO";20;7,4;"FORMOSA";"Sinalização da via insuficiente ou inadequada";"Colisão traseira";"Com Vítimas Feridas";"Amanhecer";"Crescente";"Céu Claro";"Simples";"Aclive";"Sim";5;0;0;1;2;2;1;4;-15,547604;-47,291592;"SPRF-DF";"DEL02-DF";"UOP01-DEL02-DF"
266549;2020-02-02;"domingo";"03:20:00";"RR";174;507;"BOA VISTA";"Ingestão de Álcool";"Colisão traseira";"Com Vítimas Feridas";"Plena Noite";"Crescente";"Céu Claro";"Dupla";"Interseção de Vias";"Sim";4;0;1;0;3;0;1;2;2,8269949;-60,69719911;"SPRF-RR";"DEL01-RR";"UOP01-DEL01-RR"
266550;2020-02-02;"domingo";"06:00:00";"RS";285;291,5;"PASSO FUNDO";"Ingestão de Álcool";"Colisão com objeto estático";"Sem Vítimas";"Amanhecer";"Crescente";"Nublado";"Simples";"Rotatória";"Não";1;0;0;0;0;1;0;1;-28,238224;-52,355236;"SPRF-RS";"DEL08-RS";"UOP03-DEL08-RS"
266551;2020-02-02;"domingo";"04:30:00";"GO";158;267;"JATAI";"Ingestão de Álcool";"Colisão com objeto estático";"Com Vítimas Feridas";"Plena Noite";"Decrescente";"Nublado";"Simples";"Reta";"Sim";2;0;1;1;0;0;2;1;-17,85392;-51,73159;"SPRF-GO";"DEL05-GO";"UOP01-DEL05-GO"
266552;2020-02-01;"sábado";"23:30:00";"BA";135;204;"SAO DESIDERIO";"Desobediência às normas de trânsito pelo condutor";"Colisão lateral";"Com Vítimas Feridas";"Plena Noite";"Crescente";"Céu Claro";"Simples";"Ponte";"Não";2;0;1;0;0;1;1;2;-12,34852521;-44,99170125;"SPRF-BA";"DEL10-BA";"UOP01-DEL10-BA"
266553;2020-02-02;"domingo";"05:00:00";"GO";60;129,2;"GOIANIA";"Ingestão de Álcool";"Colisão lateral";"Com Vítimas Feridas";"Amanhecer";"Decrescente";"Céu Claro";"Dupla";"Declive;Reta";"Não";4;0;0;1;1;2;1;3;-16,5587;-49,1534;"SPRF-GO";"DEL01-GO";"UOP01-DEL01-GO"
266556;2020-02-02;"domingo";"04:00:00";"ES";101;308;"VIANA";"Falta de Atenção à Condução";"Tombamento";"Com Vítimas Feridas";"Plena Noite";"Crescente";"Céu Claro";"Dupla";"Reta";"Não";2;0;0;2;0;0;2;1;-20,41326562;-40,45941442;"SPRF-ES";"DEL03-ES";"UOP01-DEL03-ES"
266557;2020-02-02;"domingo";"05:20:00";"SP";381;51,4;"ATIBAIA";"Condutor Dormindo";"Colisão com objeto estático";"Com Vítimas Feridas";"Amanhecer";"Crescente";"Nublado";"Dupla";"Reta";"Sim";1;0;1;0;0;0;1;1;-23,221911;-46,59644;"SPRF-SP";"DEL03-SP";"UOP01-DEL03-SP"
266558;2020-02-02;"domingo";"05:10:00";"RJ";101;271;"RIO BONITO";"Ingestão de Substâncias Psicoativas";"Saída de leito carroçável";"Sem Vítimas";"Amanhecer";"Decrescente";"Céu Claro";"Dupla";"Reta";"Não";1;0;0;0;1;0;0;1;-22,72443147;-42,69368143;"SPRF-RJ";"DEL02-RJ";"UOP03-DEL02-RJ"
266559;2020-02-02;"domingo";"06:45:00";"MG";116;759;"LEOPOLDINA";"Mal Súbito";"Colisão lateral";"Com Vítimas Fatais";"Pleno dia";"Decrescente";"Céu Claro";"Simples";"Curva";"Sim";2;1;0;0;1;0;0;2;-21,50589297;-42,60923908;"SPRF-MG";"DEL07-MG";"UOP01-DEL07-MG"