"id";"data_inversa";"dia_semana";"horario";"uf";"br";"km";"municipio";"causa_acidente";"tipo_acidente";"classificacao_acidente";"fase_dia";"sentido_via";"condicao_metereologica";"tipo_pista";"tracado_via";"uso_solo";"pessoas";"mortos";"feridos_leves";"feridos_graves";"ilesos";"ignorados";"feridos";"veiculos";"latitude";"longitude";"regional";"delegacia";"uop"
266560;2020-02-02;"domingo";"06:40:00";"PR";376;108;"PARANAVAI";"Velocidade Incompatível";"Colisão com objeto estático";"Com Vítimas Fatais";"Amanhecer";"Decrescente";"Céu Claro";"Dupla";"Interseção de Vias";"Sim";1;1;0;0;0;0;0;1;-23,07492893;-52,41720594;"SPRF-PR";"DEL07-PR";"UOP02-DEL09-PR"
266563;2020-02-02;"domingo";"01:25:00";"RO";364;273;"CACOAL";"Desobediência às normas de trânsito pelo condutor";"Colisão lateral";"Sem Vítimas";"Plena Noite";"Crescente";"Nublado";"Simples";"Reta";"Não";3;0;0;0;3;0;0;2;-11,38505906;-61,74110399;"SPRF-RO";"DEL02-RO";"UOP02-DEL02-RO"
266564;2020-02-02;"domingo";"06:00:00";"MG";262;368,5;"JUATUBA";"Velocidade Incompatível";"Saída de leito carroçável";"Com Vítimas Feridas";"Pleno dia";"Decrescente";"Nublado";"Dupla";"Curva";"Não";1;0;1;0;0;0;1;1;-19,97239513;-44,28042402;"SPRF-MG";"DEL01-MG";"UOP03-DEL01-MG"
266565;2020-02-02;"domingo";"07:10:00";"SC";101;90,9;"BARRA VELHA";"Falta de Atenção à Condução";"Saída de leito carroçável";"Com Vítimas Feridas";"Amanhecer";"Decrescente";"Céu Claro";"Simples";"Reta";"Não";1;0;1;0;0;0;1;1;-26,65735438;-48,6876297;"SPRF-SC";"DEL03-SC";"UOP02-DEL03-SC"
266566;2020-01-24;"sexta-feira";"15:45:00";"SC";101;214;"PALHOCA";"Desobediência às normas de trânsito pelo condutor";"Colisão traseira";"Com Vítimas Feridas";"Pleno dia";"Decrescente";"Céu Claro";"Dupla";"Reta";"Sim";2;0;1;0;1;0;1;2;-27,64443;-48,67057;"SPRF-SC";"DEL01-SC";"UOP02-DEL01-SC"
266568;2020-02-02;"domingo";"06:00:00";"BA";101;879;"TEIXEIRA DE FREITAS";"Falta de Atenção à Condução";"Saída de leito carroçável";"Com Vítimas Fatais";"Amanhecer";"Crescente";"Céu Claro";"Simples";"Rotatória";"Sim";1;1;0;0;0;0;0;1;-17,55042652;-39,72141266;"SPRF-BA";"DEL09-BA";"UOP02-DEL09-BA"
266570;2020-02-02;"domingo";"03:40:00";"ES";101;141,9;"LINHARES";"Animais na Pista";"Atropelamento de Animal";"Com Vítimas Feridas";"Plena Noite";"Crescente";"Céu Claro";"Simples";"Reta";"Sim";4;0;1;0;2;1;1;1;-19,32655693;-40,07192387;"SPRF-ES";"DEL04-ES";"UOP01-DEL04-ES"
266571;2020-02-02;"domingo";"06:50:00";"SC";282;504,9;"XANXERE";"Desobediência às normas de trânsito pelo condutor";"Colisão traseira";"Sem Vítimas";"Pleno dia";"Decrescente";"Céu Claro";"Dupla";"Curva";"Sim";3;0;0;0;2;1;0;3;-26,884279;-52,408466;"SPRF-SC";"DEL07-SC";"UOP01-DEL07-SC"
266572;2020-02-02;"domingo";"07:50:00";"DF";70;3,4;"BRASILIA";"Ingestão de Álcool";"Colisão traseira";"Com Vítimas Feridas";"Pleno dia";"Decrescente";"Céu Claro";"Dupla";"Reta";"Sim";3;0;3;0;0;0;3;2;-15,802453;-48,080387;"SPRF-DF";"DEL01-DF";"UOP02-DEL03-DF"
266574;2020-02-02;"domingo";"08:20:00";"SC";101;58;"ARAQUARI";"Condutor Dormindo";"Colisão com objeto estático";"Com Vítimas Feridas";"Pleno dia";"Crescente";"Nublado";"Dupla";"Curva";"Não";1;0;1;0;0;0;1;1;-26,44025049;-48,80129043;"SPRF-SC";"DEL03-SC";"UOP02-DEL03-SC"
266575;2020-02-02;"domingo";"08:30:00";"CE";116;482,5;"MILAGRES";"Defeito Mecânico no Veículo";"Saída de leito carroçável";"Com Vítimas Fatais";"Pleno dia";"Crescente";"Céu Claro";"Simples";"Reta";"Não";5;1;1;3;0;0;4;1;-7,30553661;-38,91991281;"SPRF-CE";"DEL05-CE";"UOP03-DEL05-CE"
266577;2020-02-02;"domingo";"08:30:00";"ES";101;54,2;"SAO MATEUS";"Falta de Atenção à Condução";"Capotamento";"Sem Vítimas";"Pleno dia";"Decrescente";"Céu Claro";"Simples";"Declive";"Não";3;0;0;0;3;0;0;1;-18,62067908;-39,88189225;"SPRF-ES";"DEL04-ES";"UOP02-DEL04-ES"
266578;2020-02-02;"domingo";"08:45:00";"PE";101;40;"IGARASSU";"Falta de Atenção à Condução";"Colisão traseira";"Com Vítimas Feridas";"Pleno dia";"Crescente";"Nublado";"Dupla";"Reta";"Sim";2;0;1;0;1;0;1;2;-7,821475;-34,916545;"SPRF-PE";"DEL01-PE";"UOP02-DEL01-PE"
266579;2020-02-02;"domingo";"08:50:00";"RJ";116;140;"DUQUE DE CAXIAS";"Avarias e/ou desgaste excessivo no pneu";"Queda de ocupante de veículo";"Com Vítimas Feridas";"Pleno dia";"Decrescente";"Céu Claro";"Dupla";"Reta";"Sim";2;0;1;1;0;0;2;1;-22,6466198;-43,21112001;"SPRF-RJ";"DEL04-RJ";"UOP02-DEL04-RJ"
266580;2020-02-02;"domingo";"07:20:00";"PR";277;98;"CURITIBA";"Ingestão de Álcool";"Saída de leito carroçável";"Sem Vítimas";"Pleno dia";"Crescente";"Chuva";"Dupla";"Reta";"Sim";1;0;0;0;1;0;0;1;-25,4303192;-49,35132623;"SPRF-PR";"DEL01-PR";"UOP06-DEL01-PR"
266581;2020-02-02;"domingo";"09:00:00";"SC";280;48,1;"GUARAMIRIM";"Falta de Atenção à Condução";"Saída de leito carroçável";"Com Vítimas Feridas";"Pleno dia";"Crescente";"Céu Claro";"Simples";"Reta";"Não";3;0;2;0;1;0;2;1;-26,45506795;-48,92766502;"SPRF-SC";"DEL03-SC";"UOP03-DEL03-SC"
266582;2020-02-02;"domingo";"08:35:00";"SC";101;154,8;"PORTO BELO";"Falta de Atenção à Condução";"Colisão lateral";"Com Vítimas Feridas";"Pleno dia";"Crescente";"Céu Claro";"Dupla";"Reta";"Não";2;0;1;0;1;0;1;2;-27,153819;-48,61086393;"SPRF-SC";"DEL04-SC";"UOP03-DEL04-SC"
266583;2020-02-02;"domingo";"08:40:00";"MG";365;167;"BURITIZEIRO";"Falta de Atenção à Condução";"Colisão transversal";"Com Vítimas Feridas";"Pleno dia";"Decrescente";"Céu Claro";"Simples";"Reta";"Não";3;0;2;0;1;0;2;2;-17,38264066;-44,97965606;"SPRF-MG";"DEL12-MG";"UOP01-DEL12-MG"
266584;2020-02-02;"domingo";"05:30:00";"AC";364;127,8;"RIO BRANCO";"Falta de Atenção à Condução";"Saída de leito carroçável";"Sem Vítimas";"Amanhecer";"Decrescente";"Céu Claro";"Simples";"Reta";"Não";3;0;0;0;0;3;0;2;-10,01980906;-67,81433091;"SPRF-AC";"DEL01-AC";"UOP01-DEL01-AC"
266586;2020-02-02;"domingo";"08:00:00";"MT";163;759;"SORRISO";"Falta de Atenção à Condução";"Saída de leito carroçável";"Com Vítimas Feridas";"Pleno dia";"Crescente";"Céu Claro";"Simples";"Reta";"Sim";1;0;1;0;0;0;1;1;-12,6042914;-55,75236071;"SPRF-MT";"DEL06-MT";"UOP01-DEL06-MT"
266588;2020-02-02;"domingo";"09:30:00";"PR";277;75,1;"SAO JOSE DOS PINHAIS";"Falta de Atenção à Condução";"Colisão lateral";"Com Vítimas Feridas";"Pleno dia";"Crescente";"Chuva";"Dupla";"Reta";"Não";2;0;1;0;1;0;1;2;-25,49484748;-49,16530564;"SPRF-PR";"DEL01-PR";"UOP01-DEL01-PR"
266591;2020-02-02;"domingo";"09:50:00";"PR";277;690,2;"SAO MIGUEL DO IGUACU";"Desobediência às normas de trânsito pelo condutor";"Colisão traseira";"Com Vítimas Feridas";"Pleno dia";"Decrescente";"Chuva";"Dupla";"Declive";"Sim";6;0;1;0;5;0;1;2;-25,3582673;-54,24527283;"SPRF-PR";"DEL05-PR";"UOP01-DEL05-PR"
266593;2020-02-02;"domingo";"10:45:00";"GO";364;0;"SAO SIMAO";"Não guardar distância de segurança";"Colisão traseira";"Com Vítimas Fatais";"Pleno dia";"Decrescente";"Céu Claro";"Simples";"Ponte";"Sim";2;1;0;0;0;1;0;2;-19,043621;-50,502663;"SPRF-GO";"DEL05-GO";"UOP02-DEL05-GO"
266594;2020-02-02;"domingo";"10:25:00";"MG";381;617;"OLIVEIRA";"Condutor Dormindo";"Saída de leito carroçável";"Com Vítimas Feridas";"Pleno dia";"Decrescente";"Sol";"Dupla";"Reta";"Não";3;0;1;0;2;0;1;1;-20,76156591;-44,77700024;"SPRF-MG";"DEL04-MG";"UOP01-DEL04-MG"
266595;2020-02-02;"domingo";"10:30:00";"PR";277;4,5;"PARANAGUA";"Mal Súbito";"Colisão com objeto estático";"Com Vítimas Feridas";"Pleno dia";"Decrescente";"Chuva";"Múltipla";"Curva;Aclive";"Sim";1;0;1;0;0;0;1;1;-25,568198;-48,615292;"SPRF-PR";"DEL01-PR";"UOP05-DEL01-PR"
266596;2020-02-02;"domingo";"10:00:00";"BA";110;385;"SAO SEBASTIAO DO PASSE";"Desobediência às normas de trânsito pelo condutor";"Colisão frontal";"Com Vítimas Feridas";"Pleno dia";"Crescente";"Céu Claro";"Simples";"Curva";"Não";2;0;0;1;1;0;1;2;-12,49352691;-38,48611941;"SPRF-BA";"DEL01-BA";"UOP01-DEL01-BA"
266597;2020-02-02;"domingo";"10:50:00";"PI";343;519;"AMARANTE";"Desobediência às normas de trânsito pelo condutor";"Saída de leito carroçável";"Com Vítimas Feridas";"Pleno dia";"Crescente";"Céu Claro";"Simples";"Reta";"Não";2;0;2;0;0;0;2;1;-6,351139;-42,794685;"SPRF-PI";"DEL03-PI";"UOP01-DEL03-PI"
266598;2020-02-02;"domingo";"10:55:00";"ES";101;302,8;"VIANA";"Falta de Atenção à Condução";"Colisão lateral";"Com Vítimas Feridas";"Pleno dia";"Crescente";"Céu Claro";"Múltipla";"Curva";"Sim";6;0;0;1;5;0;1;2;-20,37556703;-40,44294834;"SPRF-ES";"DEL01-ES";"UOP01-DEL01-ES"
266601;2020-02-02;"domingo";"11:00:00";"PR";116;0;"CAMPINA GRANDE DO SUL";"Velocidade Incompatível";"Colisão com objeto estático";"Com Vítimas Feridas";"Pleno dia";"Decrescente";"Chuva";"Dupla";"Curva";"Não";3;0;3;0;0;0;3;1;-25,0604;-48,562973;"SPRF-PR";"DEL01-PR";"UOP02-DEL01-PR"
266602;2020-02-02;"domingo";"09:30:00";"RJ";101;297;"ITABORAI";"Falta de Atenção à Condução";"Colisão traseira";"Com Vítimas Feridas";"Pleno dia";"Decrescente";"Nublado";"Dupla";"Reta";"Sim";2;0;1;0;1;0;1;2;-22,76942037;-42,91873581;"SPRF-RJ";"DEL02-RJ";"UOP03-DEL02-RJ"
266603;2020-02-02;"domingo";"11:30:00";"PR";277;130,8;"BALSA NOVA";"Pista Escorregadia";"Colisão lateral";"Com Vítimas Feridas";"Pleno dia";"Decrescente";"Garoa/Chuvisco";"Dupla";"Declive;Curva";"Não";4;0;2;0;2;0;2;2;-25,4783297;-49,64369237;"SPRF-PR";"DEL01-PR";"UOP06-DEL01-PR"
266604;2020-02-02;"domingo";"10:50:00";"MT";70;515;"CUIABA";"Ingestão de Álcool";"Colisão transversal";"Com Vítimas Feridas";"Pleno dia";"Crescente";"Céu Claro";"Simples";"Reta";"Não";2;0;1;0;1;0;1;2;-15,70632293;-56,14190253;"SPRF-MT";"DEL01-MT";"DEL2/4-UOP02/MT"
266605;2020-02-02;"domingo";"08:30:00";"PR";277;347,7;"GUARAPUAVA";"Falta de Atenção à Condução";"Saída de leito carroçável";"Com Vítimas Feridas";"Pleno dia";"Decrescente";"Chuva";"Simples";"Reta";"Não";1;0;1;0;0;0;1;1;-25,33928412;-51,42880296;"SPRF-PR";"DEL03-PR";"UOP01-DEL08-PR"
266606;2020-02-02;"domingo";"11:52:00";"SP";116;361,9;"MIRACATU";"Pista Escorregadia";"Tombamento";"Com Vítimas Feridas";"Pleno dia";"Crescente";"Garoa/Chuvisco";"Dupla";"Curva";"Não";2;0;1;0;1;0;1;1;-24,12138592;-47,27009665;"SPRF-SP";"DEL04-SP";"UOP02-DEL04-SP"
266610;2020-02-02;"domingo";"12:25:00";"GO";60;93,4;"ANAPOLIS";"Velocidade Incompatível";"Colisão com objeto estático";"Com Vítimas Feridas";"Pleno dia";"Crescente";"Céu Claro";"Dupla";"Viaduto";"Sim";2;0;1;1;0;0;2;1;-16,3538;-48,9268;"SPRF-GO";"DEL02-GO";"UOP01-DEL02-GO"
266612;2020-02-02;"domingo";"12:55:00";"PB";230;100,1;"GURINHEM";"Objeto estático sobre o leito carroçável";"Colisão com objeto estático";"Com Vítimas Feridas";"Pleno dia";"Crescente";"Chuva";"Dupla";"Curva";"Não";2;0;2;0;0;0;2;1;-7,1933;-35,4805;"SPRF-PB";"DEL01-PB";"UOP03-DEL01-PB"
266613;2020-02-02;"domingo";"10:00:00";"CE";222;201,8;"FORQUILHA";"Velocidade Incompatível";"Saída de leito carroçável";"Sem Vítimas";"Pleno dia";"Crescente";"Sol";"Simples";"Curva";"Não";1;0;0;0;0;1;0;1;-3,80136098;-40,20767198;"SPRF-CE";"DEL04-CE";"UOP01-DEL04-CE"
266615;2020-02-02;"domingo";"13:30:00";"PR";116;47;"CAMPINA GRANDE DO SUL";"Velocidade Incompatível";"Capotamento";"Com Vítimas Feridas";"Pleno dia";"Decrescente";"Chuva";"Dupla";"Curva";"Não";2;0;1;0;1;0;1;1;-25,21058799;-48,89720903;"SPRF-PR";"DEL01-PR";"UOP02-DEL01-PR"
266616;2020-02-02;"domingo";"13:45:00";"RJ";116;308;"RESENDE";"Animais na Pista";"Colisão com objeto estático";"Com Vítimas Feridas";"Pleno dia";"Decrescente";"Nublado";"Dupla";"Reta";"Sim";2;0;1;0;1;0;1;1;-22,45783299;-44,418685;"SPRF-RJ";"DEL07-RJ";"UOP02-DEL07-RJ"
266617;2020-02-02;"domingo";"12:10:00";"SC";101;327,2;"CAPIVARI DE BAIXO";"Desobediência às normas de trânsito pelo condutor";"Colisão transversal";"Com Vítimas Feridas";"Pleno dia";"Decrescente";"Sol";"Simples";"Interseção de Vias";"Sim";2;0;1;1;0;0;2;2;-28,43023306;-48,95205197;"SPRF-SC";"DEL02-SC";"UOP01-DEL02-SC"
266618;2020-02-02;"domingo";"13:45:00";"GO";153;122;"ESTRELA DO NORTE";"Pista Escorregadia";"Saída de leito carroçável";"Com Vítimas Feridas";"Pleno dia";"Crescente";"Chuva";"Simples";"Reta";"Não";5;0;5;0;0;0;5;1;-13,840469;-49,045723;"SPRF-GO";"DEL07-GO";"UOP01-DEL07-GO"
266619;2020-02-02;"domingo";"13:50:00";"GO";20;48,2;"FORMOSA";"Condutor Dormindo";"Colisão com objeto estático";"Sem Vítimas";"Pleno dia";"Crescente";"Céu Claro";"Simples";"Reta";"Não";1;0;0;0;0;1;0;1;-15,34243921;-47,1213752;"SPRF-DF";"DEL02-DF";"UOP01-DEL02-DF"
266621;2020-02-02;"domingo";"14:00:00";"RS";470;195;"BENTO GONCALVES";"Defeito Mecânico no Veículo";"Tombamento";"Com Vítimas Feridas";"Pleno dia";"Decrescente";"Céu Claro";"Simples";"Curva";"Não";2;0;2;0;0;0;2;1;-29,05164064;-51,58124339;"SPRF-RS";"DEL06-RS";"UOP02-DEL06-RS"
266623;2020-02-02;"domingo";"14:30:00";"GO";364;220;"JATAI";"Não guardar distância de segurança";"Colisão traseira";"Com Vítimas Feridas";"Pleno dia";"Crescente";"Céu Claro";"Simples";"Reta";"Não";6;0;1;0;5;0;1;2;-17,845852;-51,918404;"SPRF-GO";"DEL05-GO";"UOP01-DEL05-GO"
266624;2020-02-02;"domingo";"10:55:00";"MG";381;732;"CARMO DA CACHOEIRA";"Velocidade Incompatível";"Colisão com objeto estático";"Com Vítimas Feridas";"Pleno dia";"Crescente";"Céu Claro";"Dupla";"Curva";"Não";5;0;3;2;0;0;5;1;-21,55413799;-45,24499427;"SPRF-MG";"DEL04-MG";"UOP02-DEL04-MG"
266625;2020-02-02;"domingo";"14:30:00";"SC";101;136,6;"BALNEARIO CAMBORIU";"Defeito Mecânico no Veículo";"Tombamento";"Com Vítimas Feridas";"Pleno dia";"Crescente";"Nublado";"Múltipla";"Reta";"Não";2;0;2;0;0;0;2;1;-27,008113;-48,617245;"SPRF-SC";"DEL04-SC";"UOP03-DEL04-SC"
266626;2020-02-02;"domingo";"11:10:00";"MS";163;475,7;"CAMPO GRANDE";"Falta de Atenção à Condução";"Colisão transversal";"Com Vítimas Feridas";"Pleno dia";"Crescente";"Céu Claro";"Simples";"Rotatória";"Sim";3;0;1;0;2;0;1;2;-20,51838231;-54,56658567;"SPRF-MS";"DEL01-MS";"UOP01-DEL01-MS"
266629;2020-02-02;"domingo";"14:20:00";"GO";60;193,1;"GUAPO";"Avarias e/ou desgaste excessivo no pneu";"Saída de leito carroçável";"Com Vítimas Feridas";"Pleno dia";"Decrescente";"Céu Claro";"Dupla";"Reta";"Não";2;0;1;0;1;0;1;1;-16,8479;-49,5584;"SPRF-GO";"DEL01-GO";"UOP02-DEL01-GO"
266632;2020-02-02;"domingo";"13:50:00";"SP";381;83;"SAO PAULO";"Falta de Atenção à Condução";"Colisão traseira";"Com Vítimas Feridas";"Pleno dia";"Decrescente";"Nublado";"Dupla";"Reta";"Sim";2;0;1;0;1;0;1;2;-23,4309671;-46,56998022;"SPRF-SP";"DEL03-SP";"UOP01-DEL03-SP"
266634;2020-02-02;"domingo";"15:05:00";"SC";470;125;"LONTRAS";"Falta de Atenção à Condução";"Colisão transversal";"Com Vítimas Feridas";"Pleno dia";"Decrescente";"Sol";"Simples";"Reta";"Não";2;0;1;0;1;0;1;2;-27,12124536;-49,53534722;"SPRF-SC";"DEL04-SC";"UOP02-DEL04-SC"
266635;2020-02-02;"domingo";"13:45:00";"MT";364;588;"DIAMANTINO";"Desobediência às normas de trânsito pelo condutor";"Colisão transversal";"Sem Vítimas";"Pleno dia";"Crescente";"Céu Claro";"Simples";"Interseção de Vias";"Não";5;0;0;0;5;0;0;2;-14,60376023;-56,24524877;"SPRF-MT";"DEL01-MT";"UOP01-DEL01-MT"
266637;2020-02-02;"domingo";"13:10:00";"PR";163;53;"PRANCHITA";"Pista Escorregadia";"Saída de leito carroçável";"Com Vítimas Fatais";"Pleno dia";"Crescente";"Chuva";"Simples";"Declive;Curva";"Não";2;1;1;0;0;0;1;1;-25,9264299;-53,74997031;"SPRF-PR";"DEL02-PR";"UOP02-DEL02-PR"
266639;2020-02-02;"domingo";"14:51:00";"SP";116;504;"CAJATI";"Falta de Atenção à Condução";"Capotamento";"Com Vítimas Feridas";"Pleno dia";"Decrescente";"Chuva";"Simples";"Curva";"Não";1;0;1;0;0;0;1;1;-24,78266496;-48,20865858;"SPRF-SP";"DEL05-SP";"UOP02-DEL05-SP"
266642;2020-02-02;"domingo";"14:30:00";"PE";101;74;"RECIFE";"Velocidade Incompatível";"Saída de leito carroçável";"Com Vítimas Feridas";"Pleno dia";"Decrescente";"Céu Claro";"Dupla";"Curva";"Sim";1;0;0;1;0;0;1;1;-8,10146485;-34,94901577;"SPRF-PE";"DEL01-PE";"UOP01-DEL01-PE"
266644;2020-02-02;"domingo";"16:30:00";"PR";277;13;"PARANAGUA";"Ingestão de Álcool";"Saída de leito carroçável";"Sem Vítimas";"Pleno dia";"Decrescente";"Chuva";"Dupla";"Reta";"Não";2;0;0;0;2;0;0;1;-25,54631351;-48,6789608;"SPRF-PR";"DEL01-PR";"UOP05-DEL01-PR"
266645;2020-02-02;"domingo";"15:20:00";"PA";316;31;"SANTA IZABEL DO PARA";"Defeito na Via";"Saída de leito carroçável";"Com Vítimas Feridas";"Pleno dia";"Decrescente";"Chuva";"Dupla";"Curva";"Não";1;0;1;0;0;0;1;1;-1,3025866;-48,1965672;"SPRF-PA";"DEL01-PA";"UOP01-DEL01-PA"
266646;2020-02-02;"domingo";"14:25:00";"PE";424;103,5;"BREJAO";"Não guardar distância de segurança";"Colisão transversal";"Com Vítimas Feridas";"Pleno dia";"Decrescente";"Chuva";"Simples";"Reta";"Não";3;0;2;0;1;0;2;2;-8,97809794;-36,51402997;"SPRF-PE";"DEL03-PE";"UOP01-DEL03-PE"
266647;2020-02-02;"domingo";"16:50:00";"RN";101;109;"PARNAMIRIM";"Falta de Atenção à Condução";"Colisão com objeto estático";"Com Vítimas Fatais";"Pleno dia";"Crescente";"Céu Claro";"Dupla";"Reta";"Sim";1;1;0;0;0;0;0;1;-5,93436;-35,26652;"SPRF-RN";"DEL01-RN";"UOP01-DEL01-RN"
266648;2020-02-02;"domingo";"15:00:00";"MG";381;549,3;"ITATIAIUCU";"Avarias e/ou desgaste excessivo no pneu";"Colisão com objeto estático";"Com Vítimas Feridas";"Pleno dia";"Decrescente";"Chuva";"Dupla";"Aclive;Curva";"Não";3;0;1;1;1;0;2;2;-20,31815092;-44,45448614;"SPRF-MG";"DEL04-MG";"UOP03-DEL04-MG"
266649;2020-02-02;"domingo";"14:20:00";"RO";364;43;"VILHENA";"Pista Escorregadia";"Saída de leito carroçável";"Com Vítimas Feridas";"Pleno dia";"Decrescente";"Nublado";"Simples";"Curva";"Não";3;0;2;0;1;0;2;1;-12,61104003;-60,34257608;"SPRF-RO";"DEL04-RO";"UOP01-DEL04-RO"
266650;2020-02-02;"domingo";"15:30:00";"PE";232;410,2;"SERRA TALHADA";"Ingestão de Álcool";"Colisão traseira";"Com Vítimas Feridas";"Pleno dia";"Crescente";"Nublado";"Simples";"Reta";"Não";4;0;1;1;2;0;2;2;-7,98261841;-38,30039606;"SPRF-PE";"DEL04-PE";"UOP01-DEL04-PE"
266651;2020-02-02;"domingo";"16:20:00";"SP";116;514;"CAJATI";"Pista Escorregadia";"Colisão com objeto estático";"Com Vítimas Feridas";"Pleno dia";"Decrescente";"Chuva";"Simples";"Curva";"Não";5;0;1;0;4;0;1;2;-24,85874304;-48,21731282;"SPRF-SP";"DEL05-SP";"UOP02-DEL05-SP"
266652;2020-02-02;"domingo";"16:20:00";"PR";476;100,5;"BOCAIUVA DO SUL";"Velocidade Incompatível";"Saída de leito carroçável";"Com Vítimas Fatais";"Pleno dia";"Crescente";"Nublado";"Simples";"Curva";"Não";4;1;3;0;0;0;3;1;-25,2528578;-49,1376685;"SPRF-PR";"DEL01-PR";"UOP07-DEL01-PR"
266654;2020-02-02;"domingo";"16:45:00";"PA";316;145,4;"PEIXE-BOI";"Ultrapassagem Indevida";"Colisão frontal";"Com Vítimas Fatais";"Pleno dia";"Crescente";"Céu Claro";"Simples";"Reta";"Não";4;1;0;0;2;1;0;3;-1,23864456;-47,22866667;"SPRF-PA";"DEL01-PA";"UOP03-DEL01-PA"
266655;2020-02-02;"domingo";"15:55:00";"PR";277;140;"BALSA NOVA";"Velocidade Incompatível";"Queda de ocupante de veículo";"Com Vítimas Feridas";"Pleno dia";"Crescente";"Chuva";"Dupla";"Curva";"Não";1;0;1;0;0;0;1;1;-25,46800059;-49,7259289;"SPRF-PR";"DEL01-PR";"UOP06-DEL01-PR"
266656;2020-02-02;"domingo";"16:40:00";"SC";282;24,6;"SANTO AMARO DA IMPERATRIZ";"Falta de Atenção à Condução";"Colisão transversal";"Com Vítimas Feridas";"Pleno dia";"Crescente";"Nublado";"Simples";"Curva";"Sim";3;0;2;0;0;1;2;2;-27,68268;-48,744614;"SPRF-SC";"DEL01-SC";"UOP03-DEL01-SC"
266657;2020-02-02;"domingo";"15:20:00";"BA";101;491,3;"ITAJUIPE";"Falta de Atenção à Condução";"Colisão transversal";"Com Vítimas Fatais";"Pleno dia";"Decrescente";"Céu Claro";"Simples";"Interseção de Vias";"Não";4;1;0;0;3;0;0;2;-14,69492;-39,36533;"SPRF-BA";"DEL05-BA";"UOP01-DEL05-BA"
266659;2020-02-02;"domingo";"15:50:00";"MG";262;757,5;"UBERABA";"Desobediência às normas de trânsito pelo condutor";"Saída de leito carroçável";"Com Vítimas Feridas";"Pleno dia";"Decrescente";"Céu Claro";"Dupla";"Reta";"Não";4;0;1;0;2;1;1;2;-19,65905332;-47,5734149;"SPRF-MG";"DEL13-MG";"UOP01-DEL13-MG"
266660;2020-02-02;"domingo";"17:00:00";"PE";101;187,4;"PALMARES";"Desobediência às normas de trânsito pelo condutor";"Saída de leito carroçável";"Com Vítimas Fatais";"Pleno dia";"Decrescente";"Céu Claro";"Dupla";"Reta";"Sim";1;1;0;0;0;0;0;1;-8,68680557;-35,58730781;"SPRF-PE";"DEL01-PE";"UOP03-DEL01-PE"
266661;2020-02-02;"domingo";"17:40:00";"ES";101;438;"MIMOSO DO SUL";"Desobediência às normas de trânsito pelo pedestre";"Colisão frontal";"Com Vítimas Feridas";"Anoitecer";"Crescente";"Céu Claro";"Simples";"Reta";"Não";3;0;2;0;1;0;2;2;-21,06633614;-41,22124288;"SPRF-ES";"DEL03-ES";"UOP02-DEL03-ES"
266664;2020-02-02;"domingo";"17:20:00";"PR";277;361,6;"GUARAPUAVA";"Avarias e/ou desgaste excessivo no pneu";"Saída de leito carroçável";"Com Vítimas Feridas";"Pleno dia";"Decrescente";"Chuva";"Simples";"Aclive;Curva";"Não";3;0;2;0;1;0;2;1;-25,4345955;-51,6457262;"SPRF-PR";"DEL03-PR";"UOP01-DEL08-PR"
266665;2020-02-02;"domingo";"18:00:00";"RS";116;240;"NOVO HAMBURGO";"Desobediência às normas de trânsito pelo condutor";"Colisão traseira";"Com Vítimas Feridas";"Pleno dia";"Decrescente";"Sol";"Múltipla";"Reta";"Sim";2;0;1;0;1;0;1;2;-29,70496497;-51,14676523;"SPRF-RS";"DEL01-RS";"UOP02-DEL01-RS"
266667;2020-02-02;"domingo";"18:00:00";"MG";153;47;"MONTE ALEGRE DE MINAS";"Falta de Atenção à Condução";"Capotamento";"Com Vítimas Feridas";"Anoitecer";"Decrescente";"Nublado";"Dupla";"Curva";"Não";4;0;4;0;0;0;4;1;-18,79619901;-49,08247601;"SPRF-MG";"DEL15-MG";"UOP03-DEL15-MG"
266669;2020-02-02;"domingo";"18:00:00";"BA";235;350,8;"JUAZEIRO";"Ingestão de Álcool";"Colisão frontal";"Com Vítimas Feridas";"Anoitecer";"Crescente";"Céu Claro";"Simples";"Reta";"Sim";3;0;1;0;1;1;1;3;-9,42503135;-40,50388907;"SPRF-PE";"DEL06-PE";"UOP01-DEL06-PE"
266671;2020-02-02;"domingo";"14:00:00";"MA";135;1;"SAO LUIS";"Desobediência às normas de trânsito pelo condutor";"Colisão transversal";"Com Vítimas Feridas";"Pleno dia";"Decrescente";"Céu Claro";"Dupla";"Reta";"Sim";1;0;0;1;0;0;1;1;-2,6885714;-44,2952527;"SPRF-MA";"DEL01-MA";"UOP01-DEL01-MA"
266672;2020-02-02;"domingo";"15:30:00";"MA";135;63,1;"SANTA RITA";"Não guardar distância de segurança";"Colisão traseira";"Com Vítimas Fatais";"Pleno dia";"Decrescente";"Céu Claro";"Simples";"Reta";"Não";1;1;0;0;0;0;0;1;-3,07874104;-44,32216625;"SPRF-MA";"DEL01-MA";"UOP02-DEL01-MA"
266674;2020-02-02;"domingo";"16:45:00";"RS";386;129,3;"SARANDI";"Ingestão de Álcool";"Colisão transversal";"Sem Vítimas";"Pleno dia";"Crescente";"Céu Claro";"Simples";"Interseção de Vias";"Não";2;0;0;0;2;0;0;2;-27,934816;-52,957222;"SPRF-RS";"DEL08-RS";"UOP01-DEL08-RS"