"id";"data_inversa";"dia_semana";"horario";"uf";"br";"km";"municipio";"causa_acidente";"tipo_acidente";"classificacao_acidente";"fase_dia";"sentido_via";"condicao_metereologica";"tipo_pista";"tracado_via";"uso_solo";"pessoas";"mortos";"feridos_leves";"feridos_graves";"ilesos";"ignorados";"feridos";"veiculos";"latitude";"longitude";"regional";"delegacia";"uop"
266675;2020-02-02;"domingo";"18:30:00";"CE";116;454,1;"BARRO";"Ingestão de Álcool";"Tombamento";"Com Vítimas Feridas";"Plena Noite";"Crescente";"Céu Claro";"Simples";"Reta";"Não";1;0;0;1;0;0;1;1;-7,15137597;-38,7786803;"SPRF-CE";"DEL05-CE";"UOP03-DEL05-CE"
266676;2020-02-02;"domingo";"17:30:00";"MT";70;327;"DOM AQUINO";"Falta de Atenção à Condução";"Saída de leito carroçável";"Com Vítimas Feridas";"Pleno dia";"Decrescente";"Céu Claro";"Simples";"Reta";"Não";2;0;1;1;0;0;2;1;-15,51048988;-54,68037798;"SPRF-MT";"DEL05-MT";"UOP01-DEL05-MT"
266677;2020-02-02;"domingo";"18:30:00";"RJ";116;330,7;"RESENDE";"Desobediência às normas de trânsito pelo condutor";"Colisão com objeto estático";"Com Vítimas Feridas";"Anoitecer";"Crescente";"Chuva";"Dupla";"Ponte";"Não";2;0;2;0;0;0;2;1;-22,50454219;-44,61629;"SPRF-RJ";"DEL07-RJ";"UOP02-DEL07-RJ"
266678;2020-02-02;"domingo";"18:30:00";"SP";116;147;"SAO JOSE DOS CAMPOS";"Não guardar distância de segurança";"Colisão traseira";"Sem Vítimas";"Pleno dia";"Decrescente";"Nublado";"Dupla";"Reta";"Sim";2;0;0;0;2;0;0;2;-23,19542994;-45,87176303;"SPRF-SP";"DEL02-SP";"UOP01-DEL02-SP"
266679;2020-02-02;"domingo";"17:00:00";"MA";10;153;"PORTO FRANCO";"Desobediência às normas de trânsito pelo condutor";"Colisão transversal";"Sem Vítimas";"Pleno dia";"Crescente";"Céu Claro";"Simples";"Reta";"Não";2;0;0;0;0;2;0;2;-6,370184;-47,380017;"SPRF-MA";"DEL04-MA";"UOP02-DEL04-MA"
266680;2020-02-02;"domingo";"16:10:00";"PR";277;336,3;"GUARAPUAVA";"Defeito Mecânico no Veículo";"Saída de leito carroçável";"Com Vítimas Feridas";"Pleno dia";"Crescente";"Chuva";"Dupla";"Reta";"Não";5;0;5;0;0;0;5;1;-25,34185405;-51,41253948;"SPRF-PR";"DEL03-PR";"UOP01-DEL08-PR"
266681;2020-02-02;"domingo";"18:25:00";"MG";262;810,1;"UBERABA";"Falta de Atenção à Condução";"Tombamento";"Com Vítimas Feridas";"Pleno dia";"Decrescente";"Nublado";"Dupla";"Reta";"Sim";1;0;1;0;0;0;1;1;-19,76051836;-48,04440502;"SPRF-MG";"DEL13-MG";"UOP01-DEL13-MG"
266682;2020-02-02;"domingo";"18:50:00";"PB";101;85,2;"BAYEUX";"Falta de Atenção do Pedestre";"Atropelamento de Pedestre";"Com Vítimas Fatais";"Plena Noite";"Decrescente";"Nublado";"Dupla";"Reta";"Sim";2;1;0;0;1;0;0;2;-7,146246;-34,91555;"SPRF-PB";"DEL01-PB";"UOP01-DEL01-PB"
266683;2020-02-02;"domingo";"17:36:00";"RO";319;63;"PORTO VELHO";"Falta de Atenção à Condução";"Colisão transversal";"Com Vítimas Feridas";"Pleno dia";"Crescente";"Céu Claro";"Dupla";"Interseção de Vias";"Sim";3;0;1;1;1;0;2;2;-8,766685;-63,884052;"SPRF-RO";"DEL01-RO";"UOP01-DEL01-RO"
266686;2020-02-02;"domingo";"18:55:00";"SP";116;172,8;"JACAREI";"Falta de Atenção do Pedestre";"Atropelamento de Pedestre";"Com Vítimas Fatais";"Plena Noite";"Decrescente";"Chuva";"Dupla";"Declive";"Sim";2;1;0;0;1;0;0;2;-23,31527532;-46,07231796;"SPRF-SP";"DEL02-SP";"UOP01-DEL02-SP"
266687;2020-02-02;"domingo";"17:30:00";"RJ";116;186;"NOVA IGUACU";"Desobediência às normas de trânsito pelo condutor";"Colisão lateral";"Com Vítimas Feridas";"Anoitecer";"Decrescente";"Chuva";"Dupla";"Reta";"Sim";2;0;1;0;1;0;1;2;-22,73962339;-43,46276495;"SPRF-RJ";"DEL01-RJ";"UOP02-DEL01-RJ"
266689;2020-02-02;"domingo";"16:20:00";"SC";470;81;"RODEIO";"Restrição de Visibilidade";"Colisão traseira";"Com Vítimas Feridas";"Pleno dia";"Crescente";"Chuva";"Simples";"Reta;Interseção de Vias";"Não";2;0;1;0;1;0;1;2;-26,95646429;-49,32597399;"SPRF-SC";"DEL04-SC";"UOP01-DEL04-SC"
266691;2020-02-02;"domingo";"19:10:00";"ES";101;267,9;"SERRA";"Ingestão de Álcool";"Colisão traseira";"Sem Vítimas";"Plena Noite";"Decrescente";"Céu Claro";"Múltipla";"Reta";"Sim";2;0;0;0;2;0;0;2;-20,20684127;-40,26942383;"SPRF-ES";"DEL02-ES";"UOP01-DEL02-ES"
266692;2020-02-02;"domingo";"19:30:00";"DF";20;21,1;"BRASILIA";"Falta de Atenção do Pedestre";"Atropelamento de Pedestre";"Com Vítimas Feridas";"Plena Noite";"Crescente";"Céu Claro";"Dupla";"Reta";"Sim";3;0;1;0;2;0;1;3;-15,603384;-47,684692;"SPRF-DF";"DEL02-DF";"UOP01-DEL02-DF"
266693;2020-02-02;"domingo";"18:50:00";"MG";381;727;"CARMO DA CACHOEIRA";"Velocidade Incompatível";"Queda de ocupante de veículo";"Com Vítimas Feridas";"Plena Noite";"Decrescente";"Céu Claro";"Dupla";"Reta";"Não";2;0;2;0;0;0;2;1;-21,51583943;-45,22069256;"SPRF-MG";"DEL04-MG";"UOP02-DEL04-MG"
266695;2020-02-02;"domingo";"17:40:00";"RO";319;60;"PORTO VELHO";"Ingestão de Álcool";"Colisão lateral";"Sem Vítimas";"Pleno dia";"Decrescente";"Céu Claro";"Dupla";"Rotatória";"Sim";2;0;0;0;2;0;0;2;-8,74001973;-63,8904047;"SPRF-RO";"DEL01-RO";"UOP01-DEL01-RO"
266696;2020-02-02;"domingo";"18:50:00";"MG";40;530;"CONTAGEM";"Defeito Mecânico no Veículo";"Incêndio";"Sem Vítimas";"Plena Noite";"Crescente";"Nublado";"Dupla";"Reta";"Sim";3;0;0;0;3;0;0;1;-19,92064782;-44,0335681;"SPRF-MG";"DEL01-MG";"UOP02-DEL01-MG"
266697;2020-02-02;"domingo";"18:55:00";"RS";392;83,2;"PELOTAS";"Não guardar distância de segurança";"Colisão traseira";"Com Vítimas Feridas";"Pleno dia";"Decrescente";"Céu Claro";"Simples";"Aclive";"Não";2;0;2;0;0;0;2;1;-31,65313133;-52,47118546;"SPRF-RS";"DEL07-RS";"UOP01-DEL07-RS"
266698;2020-02-02;"domingo";"19:30:00";"RJ";101;185;"CASIMIRO DE ABREU";"Falta de Atenção à Condução";"Colisão transversal";"Com Vítimas Feridas";"Plena Noite";"Crescente";"Chuva";"Simples";"Curva";"Não";3;0;1;2;0;0;3;2;-22,43204693;-42,03456101;"SPRF-RJ";"DEL02-RJ";"UOP04-DEL08-RJ"
266701;2020-02-02;"domingo";"19:10:00";"BA";116;413,1;"FEIRA DE SANTANA";"Ingestão de Álcool";"Saída de leito carroçável";"Sem Vítimas";"Plena Noite";"Crescente";"Céu Claro";"Simples";"Interseção de Vias";"Não";2;0;0;0;2;0;0;1;-12,14246805;-38,96658117;"SPRF-BA";"DEL02-BA";"UOP01-DEL02-BA"
266702;2020-02-02;"domingo";"19:50:00";"MG";381;492;"BETIM";"Desobediência às normas de trânsito pelo condutor";"Colisão traseira";"Com Vítimas Feridas";"Plena Noite";"Decrescente";"Chuva";"Dupla";"Reta";"Sim";4;0;1;0;2;1;1;2;-19,97490091;-44,19004301;"SPRF-MG";"DEL01-MG";"UOP03-DEL01-MG"
266703;2020-02-02;"domingo";"18:45:00";"PR";376;336,8;"TIBAGI";"Pista Escorregadia";"Saída de leito carroçável";"Com Vítimas Feridas";"Plena Noite";"Decrescente";"Chuva";"Dupla";"Declive;Curva";"Não";1;0;0;1;0;0;1;1;-24,79842252;-50,49436569;"SPRF-PR";"DEL07-PR";"UOP02-DEL07-PR"
266704;2020-02-02;"domingo";"17:00:00";"RR";174;424;"IRACEMA";"Defeito Mecânico no Veículo";"Incêndio";"Sem Vítimas";"Anoitecer";"Crescente";"Céu Claro";"Simples";"Reta";"Não";1;0;0;0;0;1;0;1;2,262994;-60,972576;"SPRF-RR";"DEL01-RR";"UOP01-DEL01-RR"
266705;2020-02-02;"domingo";"19:20:00";"SP";0;0;"SAO JOSE DOS CAMPOS";"Restrição de Visibilidade";"Saída de leito carroçável";"Com Vítimas Feridas";"Plena Noite";"Não Informado";"Chuva";"Simples";"Viaduto;Declive;Curva";"Sim";2;0;1;1;0;0;2;1;-23,14914999;-45,78061938;"SPRF-SP";"DEL06-SP";"UOP01-DEL06-SP"
266706;2020-02-02;"domingo";"19:15:00";"SC";280;24;"ARAQUARI";"Falta de Atenção à Condução";"Colisão transversal";"Com Vítimas Feridas";"Plena Noite";"Decrescente";"Chuva";"Simples";"Reta";"Sim";3;0;1;0;2;0;1;2;-26,37724921;-48,71953282;"SPRF-SC";"DEL03-SC";"UOP03-DEL03-SC"
266707;2020-02-02;"domingo";"20:30:00";"PR";376;216,7;"JANDAIA DO SUL";"Animais na Pista";"Saída de leito carroçável";"Com Vítimas Feridas";"Plena Noite";"Decrescente";"Chuva";"Simples";"Curva";"Não";3;0;2;0;1;0;2;1;-23,59767281;-51,63339596;"SPRF-PR";"DEL07-PR";"UOP03-DEL07-PR"
266708;2020-02-02;"domingo";"19:15:00";"RJ";40;110;"DUQUE DE CAXIAS";"Pista Escorregadia";"Colisão traseira";"Com Vítimas Feridas";"Plena Noite";"Decrescente";"Chuva";"Dupla";"Reta";"Sim";7;0;3;0;4;0;3;4;-22,68289906;-43,28549346;"SPRF-RJ";"DEL01-RJ";"UOP01-DEL01-RJ"
266710;2020-02-02;"domingo";"20:30:00";"SC";470;129;"LONTRAS";"Ingestão de Álcool";"Queda de ocupante de veículo";"Com Vítimas Feridas";"Plena Noite";"Decrescente";"Chuva";"Simples";"Reta";"Não";3;0;1;1;0;1;2;2;-27,148499;-49,556137;"SPRF-SC";"DEL04-SC";"UOP02-DEL04-SC"
266712;2020-02-02;"domingo";"19:25:00";"RJ";116;192;"QUEIMADOS";"Falta de Atenção à Condução";"Colisão traseira";"Com Vítimas Feridas";"Plena Noite";"Decrescente";"Chuva";"Dupla";"Reta";"Sim";3;0;1;0;2;0;1;2;-22,72968753;-43,5887315;"SPRF-RJ";"DEL01-RJ";"UOP02-DEL01-RJ"
266714;2020-02-02;"domingo";"19:15:00";"RS";290;57;"GLORINHA";"Não guardar distância de segurança";"Colisão traseira";"Sem Vítimas";"Plena Noite";"Crescente";"Céu Claro";"Dupla";"Curva";"Não";4;0;0;0;4;0;0;4;-29,918623;-50,828213;"SPRF-RS";"DEL03-RS";"UOP01-DEL03-RS"
266715;2020-02-02;"domingo";"18:15:00";"PR";277;517;"GUARANIACU";"Pista Escorregadia";"Saída de leito carroçável";"Com Vítimas Feridas";"Anoitecer";"Crescente";"Chuva";"Simples";"Reta";"Não";2;0;2;0;0;0;2;1;-25,11378015;-52,82230904;"SPRF-PR";"DEL04-PR";"UOP04-DEL04-PR"
266716;2020-02-02;"domingo";"05:00:00";"RS";287;513,5;"SAO BORJA";"Falta de Atenção à Condução";"Saída de leito carroçável";"Com Vítimas Feridas";"Amanhecer";"Crescente";"Céu Claro";"Simples";"Curva";"Não";1;0;1;0;0;0;1;1;-28,76237191;-55,80255689;"SPRF-RS";"DEL12-RS";"UOP01-DEL12-RS"
266718;2020-02-02;"domingo";"20:15:00";"RS";470;182,2;"VERANOPOLIS";"Velocidade Incompatível";"Colisão frontal";"Com Vítimas Feridas";"Plena Noite";"Crescente";"Nublado";"Simples";"Reta";"Não";5;0;0;3;1;1;3;3;-28,97203565;-51,56315893;"SPRF-RS";"DEL06-RS";"UOP02-DEL06-RS"
266720;2020-02-02;"domingo";"19:10:00";"MG";262;874;"CAMPO FLORIDO";"Falta de Atenção à Condução";"Tombamento";"Com Vítimas Feridas";"Plena Noite";"Crescente";"Nublado";"Simples";"Reta";"Não";2;0;1;0;1;0;1;1;-19,77842718;-48,49424696;"SPRF-MG";"DEL13-MG";"UOP01-DEL13-MG"
266721;2020-02-02;"domingo";"21:05:00";"GO";153;665,1;"GOIATUBA";"Falta de Atenção à Condução";"Saída de leito carroçável";"Com Vítimas Feridas";"Plena Noite";"Crescente";"Garoa/Chuvisco";"Dupla";"Reta";"Não";1;0;1;0;0;0;1;1;-18,0987;-49,2738;"SPRF-GO";"DEL03-GO";"UOP02-DEL03-GO"
266722;2020-02-02;"domingo";"21:00:00";"GO";60;28;"ALEXANIA";"Velocidade Incompatível";"Saída de leito carroçável";"Com Vítimas Feridas";"Plena Noite";"Crescente";"Nublado";"Simples";"Reta";"Não";1;0;1;0;0;0;1;1;-16,0963;-48,5202;"SPRF-DF";"DEL01-DF";"UOP01-DEL03-DF"
266723;2020-02-02;"domingo";"21:35:00";"RJ";465;0,8;"SEROPEDICA";"Ingestão de álcool e/ou substâncias psicoativas pelo pedestre";"Atropelamento de Pedestre";"Com Vítimas Fatais";"Plena Noite";"Decrescente";"Chuva";"Simples";"Reta";"Sim";3;1;0;0;0;2;0;2;-22,71807198;-43,72737765;"SPRF-RJ";"DEL01-RJ";"UOP03-DEL01-RJ"
266725;2020-02-02;"domingo";"21:30:00";"GO";60;165,6;"GOIANIA";"Ingestão de Álcool";"Queda de ocupante de veículo";"Com Vítimas Feridas";"Plena Noite";"Crescente";"Nublado";"Dupla";"Reta";"Sim";2;0;0;2;0;0;2;1;-16,7002;-49,3335;"SPRF-GO";"DEL01-GO";"UOP02-DEL01-GO"
266726;2020-02-02;"domingo";"20:15:00";"MG";40;671,8;"CARANDAI";"Pista Escorregadia";"Tombamento";"Com Vítimas Feridas";"Plena Noite";"Decrescente";"Chuva";"Simples";"Curva";"Não";1;0;1;0;0;0;1;1;-20,97451232;-43,78312725;"SPRF-MG";"DEL05-MG";"UOP02-DEL05-MG"
266727;2020-02-02;"domingo";"20:15:00";"SC";101;243;"PALHOCA";"Não guardar distância de segurança";"Colisão traseira";"Sem Vítimas";"Plena Noite";"Decrescente";"Chuva";"Dupla";"Reta";"Não";2;0;0;0;1;1;0;2;-27,88419902;-48,64750077;"SPRF-SC";"DEL01-SC";"UOP02-DEL01-SC"
266728;2020-02-02;"domingo";"21:40:00";"MT";70;1,6;"BARRA DO GARCAS";"Falta de Atenção à Condução";"Colisão transversal";"Com Vítimas Feridas";"Plena Noite";"Crescente";"Céu Claro";"Simples";"Reta";"Sim";2;0;1;0;1;0;1;2;-15,88923342;-52,26533175;"SPRF-MT";"DEL07-MT";"UOP01-DEL07-MT"
266729;2020-02-02;"domingo";"21:25:00";"PE";424;4,5;"ARCOVERDE";"Falta de Atenção à Condução";"Colisão com objeto estático";"Com Vítimas Fatais";"Plena Noite";"Crescente";"Céu Claro";"Simples";"Reta";"Não";1;1;0;0;0;0;0;1;-8,46099318;-37,04336835;"SPRF-PE";"DEL03-PE";"UOP02-DEL03-PE"
266730;2020-02-02;"domingo";"21:30:00";"RJ";116;108;"GUAPIMIRIM";"Ingestão de Álcool";"Colisão traseira";"Com Vítimas Feridas";"Plena Noite";"Decrescente";"Garoa/Chuvisco";"Múltipla";"Reta";"Sim";3;0;2;0;1;0;2;2;-22,535843;-42,99125;"SPRF-RJ";"DEL04-RJ";"UOP02-DEL04-RJ"
266732;2020-02-02;"domingo";"19:50:00";"RR";0;0;"BOA VISTA";"Ingestão de Álcool";"Colisão lateral";"Sem Vítimas";"Plena Noite";"Não Informado";"Céu Claro";"Simples";"Reta";"Sim";2;0;0;0;2;0;0;2;2,794901;-60,698441;"SPRF-RR";"DEL01-RR";"UOP01-DEL01-RR"
266733;2020-02-02;"domingo";"08:34:00";"RJ";116;219;"PIRAI";"Pista Escorregadia";"Colisão com objeto estático";"Com Vítimas Feridas";"Plena Noite";"Crescente";"Chuva";"Simples";"Curva";"Sim";2;0;0;2;0;0;2;1;-22,698075;-43,765978;"SPRF-RJ";"DEL07-RJ";"UOP01-DEL07-RJ"
266734;2020-02-02;"domingo";"21:35:00";"SC";470;54,4;"BLUMENAU";"Desobediência às normas de trânsito pelo condutor";"Colisão transversal";"Com Vítimas Feridas";"Plena Noite";"Crescente";"Chuva";"Simples";"Interseção de Vias";"Sim";3;0;2;0;1;0;2;2;-26,871065;-49,110374;"SPRF-SC";"DEL04-SC";"UOP01-DEL04-SC"
266736;2020-02-02;"domingo";"16:45:00";"MG";50;204,1;"DELTA";"Falta de Atenção à Condução";"Colisão com objeto estático";"Sem Vítimas";"Pleno dia";"Decrescente";"Céu Claro";"Dupla";"Reta";"Não";1;0;0;0;1;0;0;1;-19,92627147;-47,82191068;"SPRF-MG";"DEL13-MG";"UOP01-DEL13-MG"
266737;2020-02-02;"domingo";"17:20:00";"MG";116;584,1;"MANHUACU";"Falta de Atenção à Condução";"Saída de leito carroçável";"Com Vítimas Fatais";"Pleno dia";"Decrescente";"Nublado";"Simples";"Reta";"Não";4;3;0;1;0;0;1;1;-20,22302088;-42,17880872;"SPRF-MG";"DEL06-MG";"UOP03-DEL06-MG"
266738;2020-02-02;"domingo";"19:40:00";"RO";364;693;"PORTO VELHO";"Animais na Pista";"Atropelamento de Animal";"Com Vítimas Feridas";"Plena Noite";"Decrescente";"Nublado";"Dupla";"Reta";"Não";1;0;1;0;0;0;1;1;-8,798112;-63,708916;"SPRF-RO";"DEL01-RO";"UOP01-DEL01-RO"
266739;2020-02-02;"domingo";"22:00:00";"RJ";40;113,8;"DUQUE DE CAXIAS";"Restrição de Visibilidade";"Colisão traseira";"Com Vítimas Feridas";"Plena Noite";"Decrescente";"Chuva";"Múltipla";"Aclive";"Sim";5;0;4;0;1;0;4;2;-22,70948502;-43,29040354;"SPRF-RJ";"DEL01-RJ";"UOP01-DEL01-RJ"
266740;2020-02-02;"domingo";"22:25:00";"MG";40;514,5;"RIBEIRAO DAS NEVES";"Falta de Atenção à Condução";"Colisão traseira";"Com Vítimas Feridas";"Plena Noite";"Decrescente";"Nublado";"Dupla";"Curva";"Sim";2;0;1;0;1;0;1;2;-19,80151928;-44,10000333;"SPRF-MG";"DEL01-MG";"UOP02-DEL01-MG"
266742;2020-02-02;"domingo";"19:55:00";"MA";10;262,6;"IMPERATRIZ";"Desobediência às normas de trânsito pelo condutor";"Colisão traseira";"Com Vítimas Feridas";"Plena Noite";"Decrescente";"Céu Claro";"Simples";"Aclive";"Sim";2;0;0;1;1;0;1;2;-5,445326;-47,472542;"SPRF-MA";"DEL04-MA";"UOP01-DEL04-MA"
266743;2020-02-02;"domingo";"22:05:00";"MG";116;771,6;"LEOPOLDINA";"Falta de Atenção à Condução";"Saída de leito carroçável";"Com Vítimas Feridas";"Plena Noite";"Decrescente";"Chuva";"Simples";"Curva";"Não";1;0;1;0;0;0;1;1;-21,55638202;-42,67583002;"SPRF-MG";"DEL07-MG";"UOP01-DEL07-MG"
266744;2020-02-02;"domingo";"21:00:00";"SP";116;308;"SAO LOURENCO DA SERRA";"Falta de Atenção à Condução";"Colisão traseira";"Com Vítimas Feridas";"Plena Noite";"Decrescente";"Chuva";"Simples";"Rotatória";"Sim";2;0;1;0;1;0;1;2;-23,86213995;-46,94718508;"SPRF-SP";"DEL04-SP";"UOP01-DEL04-SP"
266745;2020-02-02;"domingo";"21:55:00";"ES";101;130,4;"SOORETAMA";"Falta de Atenção à Condução";"Capotamento";"Com Vítimas Fatais";"Plena Noite";"Crescente";"Nublado";"Simples";"Reta";"Não";2;1;1;0;0;0;1;1;-19,23438123;-40,09212278;"SPRF-ES";"DEL04-ES";"UOP01-DEL04-ES"
266746;2020-02-02;"domingo";"21:00:00";"GO";153;700;"ITUMBIARA";"Velocidade Incompatível";"Saída de leito carroçável";"Sem Vítimas";"Plena Noite";"Crescente";"Nublado";"Dupla";"Reta";"Sim";1;0;0;0;1;0;0;1;-18,3945;-49,2051;"SPRF-GO";"DEL03-GO";"UOP02-DEL03-GO"
266747;2020-02-02;"domingo";"22:20:00";"SC";470;72;"INDAIAL";"Restrição de Visibilidade";"Colisão lateral";"Com Vítimas Feridas";"Plena Noite";"Crescente";"Chuva";"Simples";"Reta;Em Obras";"Sim";4;0;0;1;3;0;1;3;-26,901979;-49,268745;"SPRF-SC";"DEL04-SC";"UOP01-DEL04-SC"
266748;2020-02-02;"domingo";"21:45:00";"MS";163;480,5;"CAMPO GRANDE";"Ingestão de Álcool";"Colisão traseira";"Sem Vítimas";"Plena Noite";"Decrescente";"Nublado";"Simples";"Reta";"Sim";2;0;0;0;2;0;0;2;-20,47835401;-54,55936408;"SPRF-MS";"DEL01-MS";"UOP01-DEL01-MS"
266749;2020-02-02;"domingo";"20:30:00";"SC";280;88,4;"CORUPA";"Defeito Mecânico no Veículo";"Colisão frontal";"Com Vítimas Feridas";"Plena Noite";"Crescente";"Chuva";"Simples";"Aclive;Curva";"Não";6;0;5;0;1;0;5;2;-26,41552007;-49,26717599;"SPRF-SC";"DEL06-SC";"UOP03-DEL06-SC"
266750;2020-02-02;"domingo";"22:00:00";"PR";116;59,9;"CAMPINA GRANDE DO SUL";"Desobediência às normas de trânsito pelo pedestre";"Atropelamento de Pedestre";"Com Vítimas Fatais";"Plena Noite";"Crescente";"Chuva";"Dupla";"Reta";"Não";2;1;0;0;1;0;0;2;-25,30335724;-48,94378885;"SPRF-PR";"DEL01-PR";"UOP02-DEL01-PR"
266751;2020-02-02;"domingo";"22:30:00";"MG";262;810,1;"UBERABA";"Falta de Atenção à Condução";"Colisão traseira";"Com Vítimas Feridas";"Plena Noite";"Decrescente";"Céu Claro";"Dupla";"Reta";"Sim";2;0;0;1;0;1;1;2;-19,77089913;-47,97473609;"SPRF-MG";"DEL13-MG";"UOP01-DEL13-MG"
266753;2020-02-02;"domingo";"21:30:00";"MG";146;559,2;"CABO VERDE";"Ingestão de Álcool";"Atropelamento de Pedestre";"Com Vítimas Feridas";"Plena Noite";"Crescente";"Chuva";"Simples";"Curva";"Sim";2;0;0;1;0;1;1;2;-21,45793091;-46,40839081;"SPRF-MG";"DEL16-MG";"UOP01-DEL09-MG"
266754;2020-02-02;"domingo";"22:40:00";"RS";116;149,2;"CAXIAS DO SUL";"Desobediência às normas de trânsito pelo condutor";"Colisão transversal";"Com Vítimas Feridas";"Plena Noite";"Crescente";"Céu Claro";"Dupla";"Interseção de Vias";"Sim";4;0;2;0;2;0;2;2;-29,15996905;-51,15645292;"SPRF-RS";"DEL05-RS";"UOP01-DEL05-RS"
266755;2020-02-02;"domingo";"23:10:00";"RS";290;194,8;"PANTANO GRANDE";"Falta de Atenção à Condução";"Colisão com objeto estático";"Com Vítimas Feridas";"Plena Noite";"Decrescente";"Céu Claro";"Simples";"Curva";"Não";1;0;1;0;0;0;1;1;-30,18074761;-52,35946655;"SPRF-RS";"DEL02-RS";"UOP02-DEL02-RS"
266756;2020-02-02;"domingo";"23:40:00";"PB";101;83,6;"BAYEUX";"Falta de Atenção do Pedestre";"Atropelamento de Pedestre";"Com Vítimas Feridas";"Plena Noite";"Decrescente";"Céu Claro";"Dupla";"Reta";"Sim";2;0;0;1;1;0;1;2;-7,1337703;-34,92963914;"SPRF-PB";"DEL01-PB";"UOP01-DEL01-PB"
266758;2020-02-02;"domingo";"22:25:00";"BA";101;0,1;"RIO REAL";"Ingestão de Álcool";"Saída de leito carroçável";"Com Vítimas Feridas";"Plena Noite";"Decrescente";"Céu Claro";"Simples";"Curva";"Não";1;0;1;0;0;0;1;1;-11,52080627;-37,80126214;"SPRF-SE";"DEL02-SE";"UOP03-DEL02-SE"
266759;2020-02-02;"domingo";"23:55:00";"SC";101;21;"JOINVILLE";"Falta de Atenção à Condução";"Saída de leito carroçável";"Com Vítimas Feridas";"Plena Noite";"Crescente";"Chuva";"Dupla";"Curva";"Não";2;0;1;0;1;0;1;1;-26,14793022;-48,90894562;"SPRF-SC";"DEL03-SC";"UOP01-DEL03-SC"
266761;2020-02-02;"domingo";"22:50:00";"BA";101;688,5;"EUNAPOLIS";"Defeito Mecânico no Veículo";"Incêndio";"Sem Vítimas";"Plena Noite";"Decrescente";"Céu Claro";"Simples";"Reta;Interseção de Vias";"Não";1;0;0;0;1;0;0;1;-16,15466623;-39,59403992;"SPRF-BA";"DEL09-BA";"UOP01-DEL09-BA"
266762;2020-02-02;"domingo";"22:50:00";"RS";386;231,1;"SOLEDADE";"Ultrapassagem Indevida";"Colisão frontal";"Com Vítimas Feridas";"Plena Noite";"Decrescente";"Céu Claro";"Simples";"Reta";"Não";4;0;4;0;0;0;4;2;-28,704996;-52,582634;"SPRF-RS";"DEL04-RS";"UOP03-DEL04-RS"
266763;2020-02-02;"domingo";"23:30:00";"PR";277;726;"FOZ DO IGUACU";"Falta de Atenção à Condução";"Colisão traseira";"Sem Vítimas";"Plena Noite";"Crescente";"Céu Claro";"Dupla";"Rotatória";"Sim";2;0;0;0;2;0;0;2;-25,5106015;-54,55481999;"SPRF-PR";"DEL05-PR";"UOP03-DEL05-PR"
266766;2020-02-02;"domingo";"23:50:00";"MG";40;517;"RIBEIRAO DAS NEVES";"Falta de Atenção do Pedestre";"Atropelamento de Pedestre";"Com Vítimas Feridas";"Plena Noite";"Crescente";"Nublado";"Dupla";"Reta";"Sim";2;0;2;0;0;0;2;2;-19,82351202;-44,08438913;"SPRF-MG";"DEL01-MG";"UOP02-DEL01-MG"
266767;2020-02-02;"domingo";"23:45:00";"RS";470;226;"GARIBALDI";"Velocidade Incompatível";"Saída de leito carroçável";"Com Vítimas Fatais";"Plena Noite";"Crescente";"Céu Claro";"Simples";"Curva;Declive";"Não";1;1;0;0;0;0;0;1;-29,25201041;-51,51331544;"SPRF-RS";"DEL06-RS";"UOP01-DEL06-RS"
266768;2020-02-02;"domingo";"23:45:00";"SC";470;69,9;"INDAIAL";"Falta de Atenção à Condução";"Atropelamento de Pedestre";"Com Vítimas Feridas";"Plena Noite";"Crescente";"Chuva";"Simples";"Reta;Em Obras";"Sim";3;0;0;2;0;1;2;2;-26,883745;-49,246704;"SPRF-SC";"DEL04-SC";"UOP01-DEL04-SC"
266770;2020-02-03;"segunda-feira";"00:00:00";"RJ";101;267;"RIO BONITO";"Desobediência às normas de trânsito pelo condutor";"Saída de leito carroçável";"Com Vítimas Feridas";"Plena Noite";"Crescente";"Chuva";"Dupla";"Reta";"Sim";4;0;3;0;1;0;3;1;-22,70728329;-42,66059086;"SPRF-RJ";"DEL02-RJ";"UOP03-DEL02-RJ"
266771;2020-02-03;"segunda-feira";"00:50:00";"PI";316;294,8;"PICOS";"Animais na Pista";"Atropelamento de Animal";"Com Vítimas Feridas";"Plena Noite";"Decrescente";"Céu Claro";"Simples";"Reta";"Não";3;0;1;0;2;0;1;1;-7,0138246;-41,5876988;"SPRF-PI";"DEL04-PI";"UOP01-DEL04-PI"
266772;2020-02-02;"domingo";"23:00:00";"AC";364;135;"RIO BRANCO";"Defeito na Via";"Danos eventuais";"Com Vítimas Feridas";"Plena Noite";"Decrescente";"Chuva";"Dupla";"Reta";"Não";2;0;1;1;0;0;2;1;-9,98588117;-67,84523538;"SPRF-AC";"DEL01-AC";"UOP01-DEL01-AC"
266773;2020-02-02;"domingo";"22:50:00";"RS";116;260,7;"CANOAS";"Velocidade Incompatível";"Colisão com objeto estático";"Com Vítimas Fatais";"Plena Noite";"Decrescente";"Céu Claro";"Múltipla";"Curva";"Sim";1;1;0;0;0;0;0;1;-29,879208;-51,18045622;"SPRF-RS";"DEL01-RS";"UOP01-DEL01-RS"