"id";"data_inversa";"dia_semana";"horario";"uf";"br";"km";"municipio";"causa_acidente";"tipo_acidente";"classificacao_acidente";"fase_dia";"sentido_via";"condicao_metereologica";"tipo_pista";"tracado_via";"uso_solo";"pessoas";"mortos";"feridos_leves";"feridos_graves";"ilesos";"ignorados";"feridos";"veiculos";"latitude";"longitude";"regional";"delegacia";"uop"
266774;2020-02-03;"segunda-feira";"01:10:00";"DF";20;7;"BRASILIA";"Ingestão de álcool e/ou substâncias psicoativas pelo pedestre";"Atropelamento de Pedestre";"Sem Vítimas";"Plena Noite";"Crescente";"Céu Claro";"Dupla";"Reta";"Sim";2;0;0;0;1;1;0;2;-15,662208;-47,799866;"SPRF-DF";"DEL02-DF";"UOP01-DEL02-DF"
266777;2020-02-03;"segunda-feira";"00:50:00";"RJ";40;105;"DUQUE DE CAXIAS";"Falta de Atenção à Condução";"Tombamento";"Com Vítimas Feridas";"Plena Noite";"Crescente";"Garoa/Chuvisco";"Simples";"Viaduto";"Sim";2;0;1;0;0;1;1;1;-22,63784806;-43,28428824;"SPRF-RJ";"DEL01-RJ";"UOP01-DEL01-RJ"
266778;2020-02-03;"segunda-feira";"00:00:00";"MA";230;0;"BARAO DE GRAJAU";"Falta de Atenção à Condução";"Colisão traseira";"Com Vítimas Feridas";"Plena Noite";"Decrescente";"Céu Claro";"Simples";"Reta";"Sim";2;0;1;0;0;1;1;2;-6,760894;-43,01105;"SPRF-PI";"DEL03-PI";"UOP01-DEL03-PI"
266779;2020-02-03;"segunda-feira";"00:50:00";"RJ";101;305;"SAO GONCALO";"Falta de Atenção à Condução";"Colisão traseira";"Com Vítimas Feridas";"Plena Noite";"Crescente";"Céu Claro";"Dupla";"Reta";"Sim";1;0;1;0;0;0;1;1;-22,78702832;-42,99589293;"SPRF-RJ";"DEL02-RJ";"UOP02-DEL02-RJ"
266780;2020-02-03;"segunda-feira";"01:15:00";"RJ";101;257;"RIO BONITO";"Falta de Atenção à Condução";"Capotamento";"Com Vítimas Feridas";"Plena Noite";"Decrescente";"Nublado";"Dupla";"Reta";"Não";3;0;3;0;0;0;3;1;-22,69819894;-42,57804701;"SPRF-RJ";"DEL02-RJ";"UOP03-DEL02-RJ"
266781;2020-02-03;"segunda-feira";"00:00:00";"MA";230;0;"BARAO DE GRAJAU";"Falta de Atenção à Condução";"Queda de ocupante de veículo";"Com Vítimas Feridas";"Plena Noite";"Crescente";"Céu Claro";"Simples";"Ponte";"Sim";1;0;1;0;0;0;1;1;-6,76005747;-43,01143475;"SPRF-PI";"DEL03-PI";"UOP01-DEL03-PI"
266782;2020-02-03;"segunda-feira";"03:30:00";"GO";364;294;"MINEIROS";"Falta de Atenção à Condução";"Capotamento";"Sem Vítimas";"Plena Noite";"Decrescente";"Céu Claro";"Simples";"Reta";"Não";1;0;0;0;0;1;0;1;-17,584251;-52,50275;"SPRF-GO";"DEL05-GO";"UOP01-DEL05-GO"
266783;2020-02-03;"segunda-feira";"02:45:00";"AL";101;189,7;"JUNQUEIRO";"Defeito Mecânico no Veículo";"Incêndio";"Sem Vítimas";"Plena Noite";"Decrescente";"Ignorado";"Simples";"Reta";"Sim";28;0;0;0;28;0;0;1;-9,91622613;-36,47311473;"SPRF-AL";"DEL02-AL";"UOP02-DEL02-AL"
266784;2020-02-03;"segunda-feira";"03:48:00";"MG";459;7,8;"CALDAS";"Condutor Dormindo";"Colisão com objeto estático";"Sem Vítimas";"Plena Noite";"Decrescente";"Céu Claro";"Dupla";"Rotatória";"Não";2;0;0;0;2;0;0;1;-21,80866555;-46,4699471;"SPRF-MG";"DEL16-MG";"UOP01-DEL09-MG"
266786;2020-02-03;"segunda-feira";"04:30:00";"SC";470;50,9;"BLUMENAU";"Pista Escorregadia";"Colisão com objeto estático";"Com Vítimas Feridas";"Plena Noite";"Crescente";"Chuva";"Simples";"Curva";"Não";1;0;1;0;0;0;1;1;-26,859768;-49,074493;"SPRF-SC";"DEL04-SC";"UOP01-DEL04-SC"
266790;2020-02-03;"segunda-feira";"03:00:00";"SP";381;88;"GUARULHOS";"Falta de Atenção à Condução";"Colisão com objeto estático";"Sem Vítimas";"Plena Noite";"Decrescente";"Nublado";"Dupla";"Reta";"Sim";1;0;0;0;1;0;0;1;-23,47469314;-46,56112919;"SPRF-SP";"DEL03-SP";"UOP01-DEL03-SP"
266794;2020-02-03;"segunda-feira";"05:45:00";"MG";354;752,5;"ITAMONTE";"Falta de Atenção à Condução";"Colisão frontal";"Com Vítimas Feridas";"Amanhecer";"Decrescente";"Nublado";"Simples";"Reta";"Sim";4;0;3;0;1;0;3;2;-22,29340799;-44,86366398;"SPRF-MG";"DEL05-MG";"UOP01-DEL17-MG"
266796;2020-02-02;"domingo";"23:30:00";"RS";116;221;"DOIS IRMAOS";"Falta de Atenção à Condução";"Tombamento";"Com Vítimas Feridas";"Plena Noite";"Decrescente";"Céu Claro";"Simples";"Curva";"Não";1;0;1;0;0;0;1;1;-29,57244205;-51,09624556;"SPRF-RS";"DEL01-RS";"UOP02-DEL01-RS"
266797;2020-02-03;"segunda-feira";"04:50:00";"RS";470;165;"VERANOPOLIS";"Ingestão de Álcool";"Saída de leito carroçável";"Com Vítimas Feridas";"Amanhecer";"Decrescente";"Céu Claro";"Simples";"Curva";"Não";1;0;0;1;0;0;1;1;-28,84517264;-51,57523524;"SPRF-RS";"DEL06-RS";"UOP02-DEL06-RS"
266798;2020-02-03;"segunda-feira";"05:20:00";"PR";376;177,9;"MARINGA";"Defeito Mecânico no Veículo";"Incêndio";"Com Vítimas Feridas";"Amanhecer";"Decrescente";"Chuva";"Dupla";"Reta";"Sim";1;0;1;0;0;0;1;1;-23,41559393;-51,92338228;"SPRF-PR";"DEL07-PR";"UOP01-DEL09-PR"
266800;2020-02-03;"segunda-feira";"05:30:00";"PI";343;272,4;"CAMPO MAIOR";"Animais na Pista";"Atropelamento de Animal";"Com Vítimas Feridas";"Amanhecer";"Crescente";"Nublado";"Simples";"Reta";"Não";2;0;1;1;0;0;2;1;-4,866084;-42,214935;"SPRF-PI";"DEL01-PI";"UOP03-DEL01-PI"
266801;2020-02-03;"segunda-feira";"03:00:00";"AC";364;136;"RIO BRANCO";"Defeito na Via";"Danos eventuais";"Com Vítimas Feridas";"Plena Noite";"Decrescente";"Chuva";"Dupla";"Reta";"Sim";1;0;0;1;0;0;1;1;-9,977578;-67,8489;"SPRF-AC";"DEL01-AC";"UOP01-DEL01-AC"
266802;2020-02-03;"segunda-feira";"05:00:00";"MT";163;771;"SORRISO";"Animais na Pista";"Capotamento";"Com Vítimas Feridas";"Amanhecer";"Crescente";"Céu Claro";"Simples";"Reta";"Não";1;0;0;1;0;0;1;1;-12,51358689;-55,6958682;"SPRF-MT";"DEL06-MT";"UOP01-DEL06-MT"
266803;2020-02-03;"segunda-feira";"06:20:00";"PR";116;122;"FAZENDA RIO GRANDE";"Falta de Atenção à Condução";"Colisão traseira";"Com Vítimas Feridas";"Pleno dia";"Decrescente";"Céu Claro";"Dupla";"Reta";"Sim";2;0;1;0;1;0;1;2;-25,6059288;-49,3185152;"SPRF-PR";"DEL01-PR";"UOP03-DEL01-PR"
266804;2020-02-02;"domingo";"19:45:00";"MG";381;456;"BELO HORIZONTE";"Animais na Pista";"Atropelamento de Animal";"Com Vítimas Feridas";"Pleno dia";"Decrescente";"Céu Claro";"Simples";"Reta";"Sim";3;0;0;2;1;0;2;2;-19,85862954;-43,91292495;"SPRF-MG";"DEL01-MG";"UOP01-DEL01-MG"
266805;2020-02-03;"segunda-feira";"05:40:00";"GO";153;494,3;"GOIANIA";"Falta de Atenção do Pedestre";"Atropelamento de Pedestre";"Com Vítimas Feridas";"Amanhecer";"Decrescente";"Ignorado";"Dupla";"Reta";"Sim";2;0;1;0;1;0;1;2;-16,6614;-49,2218;"SPRF-GO";"DEL01-GO";"UOP01-DEL01-GO"
266806;2020-02-03;"segunda-feira";"06:30:00";"GO";153;494,3;"GOIANIA";"Ingestão de Álcool";"Colisão traseira";"Sem Vítimas";"Pleno dia";"Decrescente";"Céu Claro";"Dupla";"Reta";"Sim";2;0;0;0;2;0;0;2;-16,6614;-49,2218;"SPRF-GO";"DEL01-GO";"UOP01-DEL01-GO"
266807;2020-02-03;"segunda-feira";"07:00:00";"DF";20;13;"BRASILIA";"Ingestão de Álcool";"Colisão traseira";"Sem Vítimas";"Pleno dia";"Decrescente";"Sol";"Dupla";"Reta";"Não";2;0;0;0;2;0;0;2;-15,638752;-47,749599;"SPRF-DF";"DEL02-DF";"UOP01-DEL02-DF"
266808;2020-02-03;"segunda-feira";"06:45:00";"RS";116;514,1;"PELOTAS";"Defeito Mecânico no Veículo";"Colisão com objeto estático";"Sem Vítimas";"Pleno dia";"Decrescente";"Céu Claro";"Dupla";"Aclive;Viaduto";"Sim";1;0;0;0;1;0;0;1;-31,65213506;-52,33684672;"SPRF-RS";"DEL07-RS";"UOP01-DEL07-RS"
266809;2020-02-03;"segunda-feira";"01:15:00";"PR";476;355,6;"UNIAO DA VITORIA";"Falta de Atenção à Condução";"Colisão lateral";"Sem Vítimas";"Plena Noite";"Decrescente";"Nublado";"Simples";"Reta";"Não";2;0;0;0;2;0;0;2;-26,19627296;-51,02393964;"SPRF-PR";"DEL02-PR";"UOP03-DEL02-PR"
266810;2020-02-03;"segunda-feira";"04:15:00";"SC";282;52;"RANCHO QUEIMADO";"Velocidade Incompatível";"Colisão frontal";"Com Vítimas Feridas";"Plena Noite";"Decrescente";"Chuva";"Simples";"Declive";"Não";2;0;0;1;1;0;1;2;-27,696936;-48,964138;"SPRF-SC";"DEL01-SC";"UOP03-DEL01-SC"
266811;2020-02-03;"segunda-feira";"06:40:00";"MG";50;7;"UBERLANDIA";"Condutor Dormindo";"Saída de leito carroçável";"Com Vítimas Feridas";"Pleno dia";"Decrescente";"Céu Claro";"Dupla";"Curva";"Não";1;0;1;0;0;0;1;1;-18,88159984;-48,20697784;"SPRF-MG";"DEL15-MG";"UOP02-DEL15-MG"
266812;2020-02-03;"segunda-feira";"01:30:00";"SC";470;129;"LONTRAS";"Velocidade Incompatível";"Colisão com objeto estático";"Sem Vítimas";"Plena Noite";"Crescente";"Chuva";"Simples";"Reta";"Não";1;0;0;0;0;1;0;1;-27,15363655;-49,55657959;"SPRF-SC";"DEL04-SC";"UOP02-DEL04-SC"
266813;2020-02-03;"segunda-feira";"07:20:00";"RS";290;95;"PORTO ALEGRE";"Falta de Atenção à Condução";"Colisão lateral";"Com Vítimas Feridas";"Pleno dia";"Crescente";"Céu Claro";"Dupla";"Reta";"Sim";3;0;2;0;1;0;2;2;-29,982832;-51,201572;"SPRF-RS";"DEL01-RS";"UOP01-DEL01-RS"
266814;2020-02-03;"segunda-feira";"07:30:00";"SP";116;60,2;"GUARATINGUETA";"Defeito Mecânico no Veículo";"Tombamento";"Com Vítimas Feridas";"Amanhecer";"Crescente";"Céu Claro";"Dupla";"Reta";"Não";2;0;2;0;0;0;2;1;-22,79106843;-45,16105167;"SPRF-SP";"DEL08-SP";"UOP01-DEL08-SP"
266815;2020-02-03;"segunda-feira";"07:30:00";"RS";290;92,2;"PORTO ALEGRE";"Falta de Atenção à Condução";"Colisão lateral";"Com Vítimas Feridas";"Pleno dia";"Decrescente";"Nublado";"Múltipla";"Reta;Aclive";"Sim";2;0;1;0;1;0;1;2;-29,97178703;-51,18004929;"SPRF-RS";"DEL01-RS";"UOP01-DEL01-RS"
266816;2020-02-03;"segunda-feira";"07:30:00";"PE";101;46,7;"IGARASSU";"Desobediência às normas de trânsito pelo condutor";"Colisão lateral";"Sem Vítimas";"Pleno dia";"Decrescente";"Céu Claro";"Múltipla";"Retorno Regulamentado";"Sim";3;0;0;0;3;0;0;2;-7,87406004;-34,90588126;"SPRF-PE";"DEL01-PE";"UOP02-DEL01-PE"
266817;2020-02-03;"segunda-feira";"07:30:00";"PR";116;44,3;"CAMPINA GRANDE DO SUL";"Falta de Atenção à Condução";"Saída de leito carroçável";"Com Vítimas Feridas";"Pleno dia";"Crescente";"Garoa/Chuvisco";"Dupla";"Declive;Curva";"Não";2;0;1;0;1;0;1;1;-25,1882321;-48,88492529;"SPRF-PR";"DEL01-PR";"UOP02-DEL01-PR"
266818;2020-02-03;"segunda-feira";"07:20:00";"SC";101;330,1;"TUBARAO";"Condutor Dormindo";"Colisão lateral";"Com Vítimas Feridas";"Pleno dia";"Crescente";"Céu Claro";"Dupla";"Reta";"Não";5;0;1;0;4;0;1;2;-28,45115639;-48,97286879;"SPRF-SC";"DEL02-SC";"UOP01-DEL02-SC"
266819;2020-02-03;"segunda-feira";"02:00:00";"AC";364;101;"SENADOR GUIOMARD";"Falta de Atenção à Condução";"Saída de leito carroçável";"Com Vítimas Fatais";"Plena Noite";"Crescente";"Céu Claro";"Simples";"Reta";"Não";1;1;0;0;0;0;0;1;-10,06313198;-67,59071499;"SPRF-AC";"DEL01-AC";"UOP01-DEL01-AC"
266820;2020-02-03;"segunda-feira";"07:40:00";"SP";116;220,3;"GUARULHOS";"Falta de Atenção à Condução";"Colisão traseira";"Com Vítimas Feridas";"Pleno dia";"Crescente";"Chuva";"Múltipla";"Reta";"Sim";2;0;1;0;1;0;1;2;-23,46472809;-46,49793962;"SPRF-SP";"DEL01-SP";"UOP01-DEL01-SP"
266821;2020-02-03;"segunda-feira";"07:20:00";"RJ";116;90;"GUAPIMIRIM";"Animais na Pista";"Colisão traseira";"Com Vítimas Feridas";"Pleno dia";"Decrescente";"Nublado";"Simples";"Reta";"Não";2;0;1;0;1;0;1;2;-22,46544819;-42,99398822;"SPRF-RJ";"DEL04-RJ";"UOP02-DEL04-RJ"
266822;2020-02-03;"segunda-feira";"07:55:00";"PR";376;179,5;"MARINGA";"Falta de Atenção à Condução";"Colisão traseira";"Com Vítimas Feridas";"Pleno dia";"Decrescente";"Nublado";"Dupla";"Reta";"Sim";2;0;1;0;1;0;1;2;-23,42137298;-51,90680623;"SPRF-PR";"DEL07-PR";"UOP01-DEL09-PR"
266823;2020-02-03;"segunda-feira";"06:45:00";"PR";277;586;"CASCAVEL";"Falta de Atenção à Condução";"Colisão transversal";"Com Vítimas Feridas";"Pleno dia";"Decrescente";"Céu Claro";"Simples";"Interseção de Vias";"Sim";2;0;0;1;1;0;1;2;-24,9649472;-53,4210459;"SPRF-PR";"DEL04-PR";"UOP01-DEL04-PR"
266824;2020-02-03;"segunda-feira";"07:50:00";"PR";376;161,5;"MARINGA";"Falta de Atenção à Condução";"Colisão transversal";"Com Vítimas Feridas";"Pleno dia";"Crescente";"Nublado";"Dupla";"Interseção de Vias";"Sim";2;0;1;0;1;0;1;2;-23,36841679;-52,06626892;"SPRF-PR";"DEL07-PR";"UOP01-DEL09-PR"
266827;2020-02-03;"segunda-feira";"07:46:00";"PB";230;18;"JOAO PESSOA";"Pista Escorregadia";"Queda de ocupante de veículo";"Com Vítimas Feridas";"Pleno dia";"Decrescente";"Chuva";"Dupla";"Curva";"Sim";2;0;2;0;0;0;2;1;-7,1198;-34,8453;"SPRF-PB";"DEL01-PB";"UOP01-DEL01-PB"
266828;2020-02-03;"segunda-feira";"07:20:00";"BA";101;173;"FEIRA DE SANTANA";"Condutor Dormindo";"Colisão traseira";"Com Vítimas Feridas";"Pleno dia";"Decrescente";"Céu Claro";"Simples";"Reta";"Não";5;0;3;0;2;0;3;2;-12,3814735;-38,8728095;"SPRF-BA";"DEL01-BA";"UOP03-DEL01-BA"
266829;2020-02-03;"segunda-feira";"08:25:00";"RN";101;95,2;"NATAL";"Falta de Atenção à Condução";"Colisão traseira";"Com Vítimas Feridas";"Pleno dia";"Decrescente";"Sol";"Dupla";"Reta";"Sim";2;0;1;0;1;0;1;2;-5,84076841;-35,21035949;"SPRF-RN";"DEL01-RN";"UOP01-DEL01-RN"
266830;2020-02-03;"segunda-feira";"06:30:00";"ES";262;29;"VIANA";"Falta de Atenção à Condução";"Colisão com objeto estático";"Com Vítimas Feridas";"Pleno dia";"Decrescente";"Céu Claro";"Simples";"Curva";"Não";1;0;0;1;0;0;1;1;-20,37585099;-40,56027297;"SPRF-ES";"DEL01-ES";"UOP01-DEL01-ES"
266831;2020-02-03;"segunda-feira";"08:10:00";"SC";101;212,8;"PALHOCA";"Não guardar distância de segurança";"Colisão traseira";"Com Vítimas Feridas";"Pleno dia";"Decrescente";"Garoa/Chuvisco";"Dupla";"Reta";"Não";2;0;1;0;1;0;1;2;-27,62996929;-48,65903871;"SPRF-SC";"DEL01-SC";"UOP02-DEL01-SC"
266832;2020-02-03;"segunda-feira";"08:20:00";"BA";324;610;"SIMOES FILHO";"Falta de Atenção à Condução";"Queda de ocupante de veículo";"Com Vítimas Feridas";"Pleno dia";"Crescente";"Céu Claro";"Dupla";"Reta";"Não";2;0;2;0;0;0;2;1;-12,82931703;-38,41113193;"SPRF-BA";"DEL01-BA";"UOP01-DEL01-BA"
266833;2020-02-03;"segunda-feira";"08:10:00";"MG";40;530;"CONTAGEM";"Desobediência às normas de trânsito pelo condutor";"Colisão traseira";"Com Vítimas Feridas";"Pleno dia";"Crescente";"Céu Claro";"Dupla";"Reta";"Sim";3;0;1;0;1;1;1;3;-19,91635592;-44,03966566;"SPRF-MG";"DEL01-MG";"UOP02-DEL01-MG"
266835;2020-02-03;"segunda-feira";"09:00:00";"CE";116;55,7;"PACAJUS";"Desobediência às normas de trânsito pelo condutor";"Colisão traseira";"Com Vítimas Feridas";"Pleno dia";"Decrescente";"Chuva";"Simples";"Aclive";"Sim";2;0;2;0;0;0;2;2;-4,20364195;-38,47065421;"SPRF-CE";"DEL03-CE";"UOP02-DEL03-CE"
266836;2020-02-03;"segunda-feira";"09:05:00";"PE";101;72,9;"RECIFE";"Velocidade Incompatível";"Saída de leito carroçável";"Com Vítimas Feridas";"Pleno dia";"Crescente";"Chuva";"Dupla";"Curva";"Sim";3;0;3;0;0;0;3;1;-8,08493106;-34,9450639;"SPRF-PE";"DEL01-PE";"UOP01-DEL01-PE"
266837;2020-02-03;"segunda-feira";"08:00:00";"SC";101;328;"CAPIVARI DE BAIXO";"Falta de Atenção à Condução";"Colisão lateral";"Com Vítimas Feridas";"Pleno dia";"Crescente";"Céu Claro";"Dupla";"Reta";"Não";3;0;1;0;2;0;1;2;-28,43023306;-48,95205197;"SPRF-SC";"DEL02-SC";"UOP01-DEL02-SC"
266838;2020-02-03;"segunda-feira";"07:55:00";"GO";153;442,6;"ANAPOLIS";"Defeito Mecânico no Veículo";"Colisão com objeto estático";"Com Vítimas Feridas";"Pleno dia";"Crescente";"Céu Claro";"Dupla";"Viaduto";"Sim";1;0;1;0;0;0;1;1;-16,325272;-48,922024;"SPRF-GO";"DEL02-GO";"UOP01-DEL02-GO"
266839;2020-01-18;"sábado";"16:25:00";"SC";470;123;"IBIRAMA";"Velocidade Incompatível";"Colisão lateral";"Sem Vítimas";"Pleno dia";"Decrescente";"Sol";"Simples";"Curva";"Sim";2;0;0;0;1;1;0;2;-27,106783;-49,522049;"SPRF-SC";"DEL04-SC";"UOP02-DEL04-SC"
266840;2020-02-03;"segunda-feira";"08:30:00";"SC";282;46;"AGUAS MORNAS";"Pista Escorregadia";"Queda de ocupante de veículo";"Com Vítimas Feridas";"Pleno dia";"Decrescente";"Céu Claro";"Simples";"Curva";"Não";1;0;1;0;0;0;1;1;-27,721041;-48,925152;"SPRF-SC";"DEL01-SC";"UOP03-DEL01-SC"
266843;2020-02-03;"segunda-feira";"09:30:00";"PE";101;82,5;"JABOATAO DOS GUARARAPES";"Desobediência às normas de trânsito pelo condutor";"Colisão transversal";"Com Vítimas Feridas";"Pleno dia";"Crescente";"Céu Claro";"Dupla";"Interseção de Vias";"Não";2;0;1;0;1;0;1;2;-8,168383;-34,9376;"SPRF-PE";"DEL01-PE";"UOP03-DEL01-PE"
266844;2020-02-03;"segunda-feira";"09:30:00";"SE";235;52,5;"ITABAIANA";"Falta de Atenção à Condução";"Colisão transversal";"Com Vítimas Feridas";"Pleno dia";"Decrescente";"Céu Claro";"Simples";"Reta";"Sim";3;0;1;0;2;0;1;2;-10,693279;-37,437557;"SPRF-SE";"DEL01-SE";"UOP02-DEL01-SE"
266845;2020-02-03;"segunda-feira";"10:15:00";"MG";365;451;"GUIMARANIA";"Desobediência às normas de trânsito pelo condutor";"Colisão lateral";"Com Vítimas Feridas";"Pleno dia";"Decrescente";"Céu Claro";"Simples";"Reta";"Não";2;0;1;1;0;0;2;2;-18,8321;-46,82386;"SPRF-MG";"DEL10-MG";"UOP01-DEL10-MG"
266846;2020-02-03;"segunda-feira";"10:10:00";"MG";40;807;"JUIZ DE FORA";"Defeito Mecânico no Veículo";"Queda de ocupante de veículo";"Com Vítimas Feridas";"Pleno dia";"Crescente";"Nublado";"Múltipla";"Declive";"Não";2;0;2;0;0;0;2;1;-21,86785528;-43,35552904;"SPRF-MG";"DEL05-MG";"UOP01-DEL05-MG"
266847;2020-02-03;"segunda-feira";"06:40:00";"PI";135;376;"BOM JESUS";"Defeito na Via";"Saída de leito carroçável";"Com Vítimas Feridas";"Amanhecer";"Decrescente";"Céu Claro";"Simples";"Reta";"Não";2;0;1;1;0;0;2;1;-9,24606399;-44,46830402;"SPRF-PI";"DEL03-PI";"UOP02-DEL03-PI"
266848;2020-02-03;"segunda-feira";"07:40:00";"RJ";101;476,9;"ANGRA DOS REIS";"Falta de Atenção à Condução";"Colisão transversal";"Com Vítimas Feridas";"Pleno dia";"Decrescente";"Nublado";"Simples";"Curva";"Sim";2;0;1;0;1;0;1;2;-23,00030529;-44,25655988;"SPRF-RJ";"DEL03-RJ";"UOP03-DEL03-RJ"
266849;2020-02-03;"segunda-feira";"10:35:00";"GO";60;116,2;"TEREZOPOLIS DE GOIAS";"Falta de Atenção à Condução";"Colisão lateral";"Com Vítimas Feridas";"Pleno dia";"Crescente";"Céu Claro";"Dupla";"Reta";"Não";3;0;2;0;1;0;2;2;-16,4732;-49,0789;"SPRF-GO";"DEL01-GO";"UOP01-DEL01-GO"
266851;2020-02-03;"segunda-feira";"10:30:00";"PR";116;39,5;"CAMPINA GRANDE DO SUL";"Falta de Atenção à Condução";"Saída de leito carroçável";"Com Vítimas Feridas";"Pleno dia";"Crescente";"Chuva";"Dupla";"Curva";"Não";3;0;1;0;2;0;1;1;-25,16445203;-48,86237697;"SPRF-PR";"DEL01-PR";"UOP02-DEL01-PR"
266852;2020-02-03;"segunda-feira";"10:40:00";"PE";408;78,2;"PAUDALHO";"Mal Súbito";"Saída de leito carroçável";"Com Vítimas Feridas";"Pleno dia";"Crescente";"Sol";"Dupla";"Reta";"Não";1;0;0;1;0;0;1;1;-7,92365927;-35,15513418;"SPRF-PE";"DEL01-PE";"UOP01-DEL01-PE"
266856;2020-02-03;"segunda-feira";"10:40:00";"MG";40;822,3;"SIMAO PEREIRA";"Falta de Atenção à Condução";"Saída de leito carroçável";"Com Vítimas Feridas";"Pleno dia";"Decrescente";"Céu Claro";"Dupla";"Curva";"Não";2;0;1;0;1;0;1;1;-21,95323782;-43,3008627;"SPRF-MG";"DEL05-MG";"UOP01-DEL05-MG"
266859;2020-02-03;"segunda-feira";"10:45:00";"SP";116;230;"SAO PAULO";"Pista Escorregadia";"Colisão frontal";"Com Vítimas Feridas";"Pleno dia";"Decrescente";"Chuva";"Múltipla";"Reta";"Sim";6;0;2;0;4;0;2;2;-23,51756149;-46,58049703;"SPRF-SP";"DEL01-SP";"UOP01-DEL01-SP"
266860;2020-02-03;"segunda-feira";"10:30:00";"GO";40;92,6;"CRISTALINA";"Falta de Atenção à Condução";"Colisão transversal";"Com Vítimas Feridas";"Pleno dia";"Crescente";"Sol";"Simples";"Reta";"Não";3;0;1;0;2;0;1;2;-16,730814;-47,626211;"SPRF-DF";"DEL01-DF";"UOP02-DEL01-DF"
266861;2020-02-03;"segunda-feira";"08:20:00";"GO";153;325;"RIANAPOLIS";"Falta de Atenção à Condução";"Colisão lateral";"Com Vítimas Feridas";"Pleno dia";"Crescente";"Céu Claro";"Simples";"Reta";"Não";3;0;0;1;1;1;1;3;-15,490137;-49,490105;"SPRF-GO";"DEL02-GO";"UOP02-DEL02-GO"
266862;2020-02-03;"segunda-feira";"11:30:00";"BA";116;417,3;"FEIRA DE SANTANA";"Não guardar distância de segurança";"Colisão traseira";"Sem Vítimas";"Pleno dia";"Crescente";"Céu Claro";"Simples";"Reta";"Sim";2;0;0;0;2;0;0;2;-12,17941591;-38,96512628;"SPRF-BA";"DEL02-BA";"UOP01-DEL02-BA"
266863;2020-01-23;"quinta-feira";"18:30:00";"SP";116;219;"GUARULHOS";"Falta de Atenção à Condução";"Colisão traseira";"Sem Vítimas";"Pleno dia";"Crescente";"Céu Claro";"Múltipla";"Reta";"Sim";1;0;0;0;1;0;0;1;-23,45119951;-46,46401405;"SPRF-SP";"DEL01-SP";"UOP01-DEL01-SP"
266864;2020-02-03;"segunda-feira";"10:25:00";"RS";287;285,8;"SAO PEDRO DO SUL";"Velocidade Incompatível";"Colisão traseira";"Com Vítimas Feridas";"Pleno dia";"Decrescente";"Céu Claro";"Simples";"Reta";"Não";3;0;1;0;2;0;1;2;-29,63508984;-54,22042299;"SPRF-RS";"DEL09-RS";"UOP01-DEL09-RS"
266865;2020-02-03;"segunda-feira";"07:50:00";"PA";10;297;"IRITUIA";"Restrição de Visibilidade";"Capotamento";"Com Vítimas Feridas";"Pleno dia";"Crescente";"Céu Claro";"Simples";"Declive";"Não";1;0;1;0;0;0;1;1;-1,83530303;-47,51547651;"SPRF-PA";"DEL02-PA";"UOP01-DEL02-PA"
266868;2020-02-03;"segunda-feira";"11:00:00";"RJ";465;18;"NOVA IGUACU";"Falta de Atenção do Pedestre";"Atropelamento de Pedestre";"Com Vítimas Feridas";"Pleno dia";"Crescente";"Céu Claro";"Simples";"Reta";"Sim";2;0;1;0;1;0;1;2;-22,831354;-43,615128;"SPRF-RJ";"DEL01-RJ";"UOP03-DEL01-RJ"
266870;2020-02-03;"segunda-feira";"08:30:00";"PA";316;125;"SANTA MARIA DO PARA";"Falta de Atenção à Condução";"Colisão traseira";"Com Vítimas Feridas";"Pleno dia";"Decrescente";"Sol";"Simples";"Reta";"Não";8;0;1;0;7;0;1;2;-1,30758413;-47,39115195;"SPRF-PA";"DEL01-PA";"UOP02-DEL01-PA"
266874;2020-02-03;"segunda-feira";"12:35:00";"BA";116;459;"SANTO ESTEVAO";"Falta de Atenção à Condução";"Colisão traseira";"Com Vítimas Feridas";"Pleno dia";"Crescente";"Céu Claro";"Simples";"Reta";"Sim";3;0;1;0;2;0;1;2;-12,44011253;-39,23052013;"SPRF-BA";"DEL02-BA";"UOP01-DEL02-BA"
266875;2020-02-03;"segunda-feira";"12:15:00";"BA";101;715,8;"EUNAPOLIS";"Falta de Atenção à Condução";"Colisão lateral";"Com Vítimas Feridas";"Pleno dia";"Decrescente";"Sol";"Múltipla";"Reta";"Sim";2;0;1;0;0;1;1;2;-16,3685896;-39,58319288;"SPRF-BA";"DEL09-BA";"UOP01-DEL09-BA"
266876;2020-02-03;"segunda-feira";"05:00:00";"AM";319;50;"CAREIRO";"Animais na Pista";"Atropelamento de Animal";"Com Vítimas Feridas";"Amanhecer";"Decrescente";"Céu Claro";"Simples";"Reta";"Não";5;0;2;0;2;1;2;4;-3,43655744;-59,98295489;"SPRF-AM";"DEL01-AM";"UOP04-DEL01-AM"
266877;2020-02-03;"segunda-feira";"13:00:00";"RJ";465;18;"NOVA IGUACU";"Falta de Atenção do Pedestre";"Atropelamento de Pedestre";"Com Vítimas Feridas";"Pleno dia";"Crescente";"Céu Claro";"Simples";"Reta";"Não";2;0;1;0;0;1;1;2;-22,831354;-43,615128;"SPRF-RJ";"DEL01-RJ";"UOP03-DEL01-RJ"