"id";"data_inversa";"dia_semana";"horario";"uf";"br";"km";"municipio";"causa_acidente";"tipo_acidente";"classificacao_acidente";"fase_dia";"sentido_via";"condicao_metereologica";"tipo_pista";"tracado_via";"uso_solo";"pessoas";"mortos";"feridos_leves";"feridos_graves";"ilesos";"ignorados";"feridos";"veiculos";"latitude";"longitude";"regional";"delegacia";"uop"
266878;2020-02-03;"segunda-feira";"12:30:00";"PR";373;477,6;"CORONEL VIVIDA";"Desobediência às normas de trânsito pelo condutor";"Colisão frontal";"Com Vítimas Feridas";"Pleno dia";"Decrescente";"Sol";"Simples";"Curva";"Sim";5;0;0;1;4;0;1;2;-25,96797377;-52,52685308;"SPRF-PR";"DEL02-PR";"UOP01-DEL02-PR"
266881;2020-02-03;"segunda-feira";"12:30:00";"GO";20;185;"ALVORADA DO NORTE";"Falta de Atenção à Condução";"Capotamento";"Com Vítimas Feridas";"Pleno dia";"Crescente";"Chuva";"Dupla";"Curva";"Não";2;0;2;0;0;0;2;1;-14,443042;-46,462242;"SPRF-DF";"DEL02-DF";"UOP03-DEL02-DF"
266883;2020-02-03;"segunda-feira";"08:15:00";"AC";364;222,6;"SENA MADUREIRA";"Falta de Atenção à Condução";"Colisão frontal";"Com Vítimas Feridas";"Pleno dia";"Crescente";"Céu Claro";"Simples";"Declive";"Não";5;0;1;0;4;0;1;2;-9,44187243;-68,39875551;"SPRF-AC";"DEL01-AC";"UOP01-DEL01-AC"
266886;2020-02-03;"segunda-feira";"13:30:00";"SC";282;287,4;"SAO JOSE DO CERRITO";"Pista Escorregadia";"Saída de leito carroçável";"Com Vítimas Fatais";"Pleno dia";"Crescente";"Chuva";"Simples";"Curva";"Não";4;1;2;1;0;0;3;1;-27,568613;-50,818073;"SPRF-SC";"DEL05-SC";"UOP02-DEL05-SC"
266887;2020-02-03;"segunda-feira";"14:10:00";"BA";242;572,6;"IBOTIRAMA";"Velocidade Incompatível";"Saída de leito carroçável";"Com Vítimas Feridas";"Pleno dia";"Crescente";"Nublado";"Simples";"Curva";"Não";3;0;2;0;1;0;2;1;-12,08885576;-43,15442295;"SPRF-BA";"DEL10-BA";"UOP03-DEL06-BA"
266888;2020-02-03;"segunda-feira";"10:25:00";"SC";480;125;"CHAPECO";"Velocidade Incompatível";"Queda de ocupante de veículo";"Com Vítimas Feridas";"Pleno dia";"Crescente";"Céu Claro";"Simples";"Curva";"Não";1;0;1;0;0;0;1;1;-27,01164515;-52,63953123;"SPRF-SC";"DEL07-SC";"UOP01-DEL07-SC"
266889;2020-02-03;"segunda-feira";"13:50:00";"PR";376;591,4;"CURITIBA";"Falta de Atenção à Condução";"Colisão lateral";"Com Vítimas Feridas";"Pleno dia";"Crescente";"Nublado";"Dupla";"Reta";"Sim";2;0;1;0;1;0;1;2;-25,45999605;-49,35895013;"SPRF-PR";"DEL01-PR";"UOP06-DEL01-PR"
266890;2020-02-03;"segunda-feira";"13:50:00";"PR";467;90,9;"CASCAVEL";"Defeito Mecânico no Veículo";"Saída de leito carroçável";"Com Vítimas Feridas";"Pleno dia";"Crescente";"Céu Claro";"Dupla";"Reta";"Não";2;0;1;1;0;0;2;1;-24,8439;-53,6077;"SPRF-PR";"DEL04-PR";"UOP01-DEL04-PR"
266892;2020-02-03;"segunda-feira";"14:00:00";"RS";116;263,4;"CANOAS";"Falta de Atenção à Condução";"Colisão transversal";"Com Vítimas Feridas";"Pleno dia";"Decrescente";"Céu Claro";"Dupla";"Reta";"Sim";2;0;1;0;1;0;1;2;-29,90545398;-51,17674031;"SPRF-RS";"DEL01-RS";"UOP01-DEL01-RS"
266893;2020-02-03;"segunda-feira";"14:20:00";"DF";251;32;"BRASILIA";"Desobediência às normas de trânsito pelo condutor";"Colisão traseira";"Com Vítimas Feridas";"Pleno dia";"Crescente";"Céu Claro";"Simples";"Reta";"Não";2;0;2;0;0;0;2;1;-15,940314;-47,740455;"SPRF-DF";"DEL01-DF";"UOP01-DEL01-DF"
266894;2020-02-03;"segunda-feira";"07:40:00";"SC";101;327,5;"CAPIVARI DE BAIXO";"Não guardar distância de segurança";"Colisão traseira";"Com Vítimas Feridas";"Pleno dia";"Crescente";"Céu Claro";"Dupla";"Reta";"Não";2;0;1;0;1;0;1;2;-28,43023306;-48,95205197;"SPRF-SC";"DEL02-SC";"UOP01-DEL02-SC"
266895;2020-02-03;"segunda-feira";"14:40:00";"SP";116;227;"GUARULHOS";"Falta de Atenção à Condução";"Colisão traseira";"Com Vítimas Feridas";"Pleno dia";"Decrescente";"Nublado";"Múltipla";"Curva";"Não";2;0;1;0;1;0;1;2;-23,49659264;-46,55648754;"SPRF-SP";"DEL01-SP";"UOP01-DEL01-SP"
266897;2020-02-03;"segunda-feira";"15:00:00";"PA";153;46;"SAO DOMINGOS DO ARAGUAIA";"Não guardar distância de segurança";"Colisão traseira";"Com Vítimas Feridas";"Pleno dia";"Crescente";"Garoa/Chuvisco";"Simples";"Curva";"Sim";1;0;1;0;0;0;1;1;-5,525883;-48,737286;"SPRF-PA";"DEL03-PA";"UOP01-DEL03-PA"
266900;2020-02-03;"segunda-feira";"15:00:00";"MG";40;751,8;"SANTOS DUMONT";"Pista Escorregadia";"Saída de leito carroçável";"Com Vítimas Feridas";"Pleno dia";"Decrescente";"Chuva";"Simples";"Declive";"Não";1;0;1;0;0;0;1;1;-21,46537559;-43,56167779;"SPRF-MG";"DEL05-MG";"UOP01-DEL05-MG"
266901;2020-02-03;"segunda-feira";"15:00:00";"SP";381;73;"SAO PAULO";"Velocidade Incompatível";"Saída de leito carroçável";"Com Vítimas Feridas";"Pleno dia";"Crescente";"Chuva";"Dupla";"Curva";"Não";1;0;1;0;0;0;1;1;-23,36553404;-46,55253934;"SPRF-SP";"DEL03-SP";"UOP01-DEL03-SP"
266902;2020-02-03;"segunda-feira";"15:20:00";"RN";101;72,9;"NATAL";"Velocidade Incompatível";"Colisão com objeto estático";"Com Vítimas Feridas";"Pleno dia";"Decrescente";"Céu Claro";"Simples";"Curva";"Não";1;0;1;0;0;0;1;1;-5,69866248;-35,26316835;"SPRF-RN";"DEL02-RN";"UOP01-DEL02-RN"
266903;2020-02-03;"segunda-feira";"14:50:00";"BA";330;786;"BARRA DO ROCHA";"Falta de Atenção à Condução";"Queda de ocupante de veículo";"Com Vítimas Feridas";"Pleno dia";"Crescente";"Sol";"Simples";"Reta";"Não";1;0;0;1;0;0;1;1;-14,1966726;-39,6227505;"SPRF-BA";"DEL03-BA";"UOP01-DEL03-BA"
266904;2020-02-03;"segunda-feira";"14:17:00";"RJ";101;298;"ITABORAI";"Restrição de Visibilidade";"Queda de ocupante de veículo";"Com Vítimas Feridas";"Pleno dia";"Decrescente";"Sol";"Dupla";"Curva";"Sim";2;0;1;0;1;0;1;2;-22,7714;-42,92896;"SPRF-RJ";"DEL02-RJ";"UOP02-DEL02-RJ"
266905;2020-02-03;"segunda-feira";"15:50:00";"MG";153;111,5;"PRATA";"Falta de Atenção à Condução";"Colisão transversal";"Com Vítimas Feridas";"Pleno dia";"Crescente";"Nublado";"Simples";"Interseção de Vias";"Não";6;0;1;3;2;0;4;2;-19,32805156;-48,90600443;"SPRF-MG";"DEL15-MG";"UOP03-DEL15-MG"
266906;2020-02-03;"segunda-feira";"15:35:00";"CE";116;25,8;"AQUIRAZ";"Desobediência às normas de trânsito pelo condutor";"Colisão traseira";"Com Vítimas Feridas";"Pleno dia";"Crescente";"Céu Claro";"Dupla";"Reta";"Não";2;0;1;0;1;0;1;2;-3,96633279;-38,51525324;"SPRF-CE";"DEL01-CE";"UOP02-DEL01-CE"
266907;2020-02-03;"segunda-feira";"13:10:00";"MT";70;233;"GENERAL CARNEIRO";"Velocidade Incompatível";"Capotamento";"Com Vítimas Feridas";"Pleno dia";"Decrescente";"Nublado";"Simples";"Curva";"Não";4;0;2;0;2;0;2;1;-15,63324793;-53,96682499;"SPRF-MT";"DEL05-MT";"UOP01-DEL05-MT"
266908;2020-01-30;"quinta-feira";"13:00:00";"PR";369;186;"ARAPONGAS";"Desobediência às normas de trânsito pelo condutor";"Tombamento";"Com Vítimas Feridas";"Pleno dia";"Decrescente";"Nublado";"Simples";"Reta";"Sim";1;0;1;0;0;0;1;1;-23,415735;-51,4271;"SPRF-PR";"DEL07-PR";"UOP03-DEL07-PR"
266909;2020-02-03;"segunda-feira";"13:00:00";"MG";116;414,1;"GOVERNADOR VALADARES";"Falta de Atenção à Condução";"Colisão traseira";"Com Vítimas Feridas";"Pleno dia";"Decrescente";"Céu Claro";"Simples";"Reta";"Não";2;0;1;0;1;0;1;2;-18,88102703;-41,95910802;"SPRF-MG";"DEL06-MG";"UOP01-DEL06-MG"
266912;2020-02-03;"segunda-feira";"16:30:00";"GO";452;42,6;"SANTA HELENA DE GOIAS";"Ultrapassagem Indevida";"Colisão frontal";"Com Vítimas Fatais";"Anoitecer";"Crescente";"Nublado";"Simples";"Reta";"Não";2;1;0;1;0;0;1;2;-17,936847;-50,536843;"SPRF-GO";"DEL04-GO";"UOP01-DEL04-GO"
266913;2020-02-03;"segunda-feira";"14:25:00";"MS";163;267,8;"DOURADOS";"Velocidade Incompatível";"Colisão com objeto estático";"Com Vítimas Feridas";"Pleno dia";"Decrescente";"Nublado";"Dupla";"Rotatória";"Sim";1;0;1;0;0;0;1;1;-22,20812325;-54,70973216;"SPRF-MS";"DEL04-MS";"UOP01-DEL04-MS"
266917;2020-02-03;"segunda-feira";"14:20:00";"PE";232;105;"BEZERROS";"Pista Escorregadia";"Saída de leito carroçável";"Com Vítimas Feridas";"Pleno dia";"Crescente";"Chuva";"Dupla";"Curva";"Não";10;0;8;0;2;0;8;1;-8,25830415;-35,78275595;"SPRF-PE";"DEL02-PE";"UOP03-DEL02-PE"
266918;2020-02-03;"segunda-feira";"15:45:00";"SP";381;30,4;"ATIBAIA";"Não guardar distância de segurança";"Colisão lateral";"Com Vítimas Feridas";"Pleno dia";"Decrescente";"Chuva";"Dupla";"Reta";"Não";2;0;1;0;1;0;1;2;-23,04885102;-46,56482797;"SPRF-SP";"DEL03-SP";"UOP01-DEL03-SP"
266919;2020-02-03;"segunda-feira";"13:30:00";"AL";316;72,5;"POCO DAS TRINCHEIRAS";"Falta de Atenção à Condução";"Saída de leito carroçável";"Com Vítimas Feridas";"Pleno dia";"Decrescente";"Céu Claro";"Simples";"Reta";"Não";1;0;1;0;0;0;1;1;-9,30533602;-37,33847102;"SPRF-AL";"DEL03-AL";"UOP02-DEL03-AL"
266920;2020-02-03;"segunda-feira";"16:15:00";"SC";282;17,1;"PALHOCA";"Desobediência às normas de trânsito pelo condutor";"Colisão transversal";"Com Vítimas Feridas";"Pleno dia";"Decrescente";"Céu Claro";"Simples";"Reta";"Sim";2;0;1;0;1;0;1;2;-27,665707;-48,688065;"SPRF-SC";"DEL01-SC";"UOP02-DEL01-SC"
266921;2020-02-03;"segunda-feira";"17:00:00";"ES";101;186,4;"ARACRUZ";"Não guardar distância de segurança";"Colisão traseira";"Com Vítimas Feridas";"Pleno dia";"Decrescente";"Céu Claro";"Simples";"Aclive;Reta";"Não";3;0;2;0;1;0;2;2;-19,66488404;-40,24929498;"SPRF-ES";"DEL04-ES";"UOP01-DEL04-ES"
266923;2020-02-03;"segunda-feira";"13:30:00";"BA";116;417;"FEIRA DE SANTANA";"Desobediência às normas de trânsito pelo condutor";"Colisão frontal";"Com Vítimas Feridas";"Pleno dia";"Crescente";"Sol";"Simples";"Em Obras;Reta;Declive";"Sim";3;0;1;0;2;0;1;2;-12,18359549;-38,96518145;"SPRF-BA";"DEL02-BA";"UOP01-DEL02-BA"
266924;2020-02-03;"segunda-feira";"15:40:00";"PI";135;64;"JERUMENHA";"Falta de Atenção à Condução";"Colisão transversal";"Com Vítimas Fatais";"Pleno dia";"Decrescente";"Céu Claro";"Simples";"Reta";"Não";2;1;0;0;1;0;0;2;-7,23636397;-43,64414435;"SPRF-PI";"DEL03-PI";"UOP01-DEL03-PI"
266925;2020-02-03;"segunda-feira";"17:30:00";"RS";116;245,3;"SAO LEOPOLDO";"Não guardar distância de segurança";"Colisão traseira";"Com Vítimas Feridas";"Pleno dia";"Decrescente";"Sol";"Dupla";"Reta";"Sim";3;0;2;0;1;0;2;2;-29,74980902;-51,15125361;"SPRF-RS";"DEL01-RS";"UOP02-DEL01-RS"
266926;2020-02-03;"segunda-feira";"15:10:00";"SC";280;75,5;"JARAGUA DO SUL";"Falta de Atenção à Condução";"Queda de ocupante de veículo";"Com Vítimas Feridas";"Pleno dia";"Crescente";"Chuva";"Simples";"Reta";"Não";2;0;2;0;0;0;2;1;-26,458391;-49,170483;"SPRF-SC";"DEL03-SC";"UOP03-DEL03-SC"
266928;2020-02-03;"segunda-feira";"13:42:00";"RO";435;86,4;"COLORADO DO OESTE";"Falta de Atenção à Condução";"Colisão transversal";"Com Vítimas Feridas";"Pleno dia";"Crescente";"Nublado";"Dupla";"Interseção de Vias;Rotatória";"Sim";2;0;1;0;1;0;1;2;-13,12097371;-60,54493546;"SPRF-RO";"DEL04-RO";"UOP02-DEL04-RO"
266929;2020-02-03;"segunda-feira";"16:10:00";"MG";381;510,5;"SAO JOAQUIM DE BICAS";"Falta de Atenção à Condução";"Atropelamento de Pedestre";"Com Vítimas Feridas";"Pleno dia";"Crescente";"Nublado";"Múltipla";"Reta";"Sim";2;0;2;0;0;0;2;2;-20,05654604;-44,2870903;"SPRF-MG";"DEL01-MG";"UOP03-DEL01-MG"
266930;2020-02-03;"segunda-feira";"17:50:00";"SC";101;335;"TUBARAO";"Falta de Atenção à Condução";"Colisão transversal";"Com Vítimas Feridas";"Pleno dia";"Crescente";"Nublado";"Simples";"Rotatória";"Sim";2;0;1;0;1;0;1;2;-28,46927473;-49,01557908;"SPRF-SC";"DEL02-SC";"UOP01-DEL02-SC"
266932;2020-02-03;"segunda-feira";"17:40:00";"SC";280;50;"GUARAMIRIM";"Falta de Atenção à Condução";"Colisão transversal";"Com Vítimas Feridas";"Pleno dia";"Decrescente";"Nublado";"Simples";"Reta";"Não";2;0;1;0;1;0;1;2;-26,4640351;-48,95149201;"SPRF-SC";"DEL03-SC";"UOP03-DEL03-SC"
266933;2020-02-03;"segunda-feira";"17:50:00";"MG";381;753;"TRES CORACOES";"Velocidade Incompatível";"Saída de leito carroçável";"Com Vítimas Feridas";"Pleno dia";"Crescente";"Nublado";"Dupla";"Curva";"Não";1;0;1;0;0;0;1;1;-21,67856574;-45,34113742;"SPRF-MG";"DEL16-MG";"UOP02-DEL16-MG"
266934;2020-02-03;"segunda-feira";"12:35:00";"SC";280;278,3;"IRINEOPOLIS";"Falta de Atenção à Condução";"Saída de leito carroçável";"Com Vítimas Feridas";"Pleno dia";"Decrescente";"Sol";"Simples";"Curva";"Não";2;0;0;2;0;0;2;1;-26,29645451;-50,80524445;"SPRF-SC";"DEL06-SC";"UOP04-DEL06-SC"
266938;2020-02-03;"segunda-feira";"14:30:00";"BA";101;482;"URUCUCA";"Velocidade Incompatível";"Colisão lateral";"Com Vítimas Feridas";"Pleno dia";"Crescente";"Nublado";"Simples";"Reta";"Não";4;0;2;0;2;0;2;2;-14,634174;-39,335305;"SPRF-BA";"DEL05-BA";"UOP01-DEL05-BA"
266939;2020-02-03;"segunda-feira";"19:00:00";"SP";153;58;"SAO JOSE DO RIO PRETO";"Desobediência às normas de trânsito pelo condutor";"Colisão lateral";"Com Vítimas Feridas";"Anoitecer";"Decrescente";"Nublado";"Simples";"Em Obras;Desvio Temporário;Reta";"Sim";3;0;1;0;0;2;1;3;-20,77838195;-49,35300538;"SPRF-SP";"DEL09-SP";"UOP01-DEL09-SP"
266942;2020-02-03;"segunda-feira";"19:05:00";"PR";116;122;"CURITIBA";"Falta de Atenção à Condução";"Colisão lateral";"Com Vítimas Feridas";"Plena Noite";"Crescente";"Céu Claro";"Dupla";"Reta";"Sim";2;0;1;0;1;0;1;2;-25,60451461;-49,31844234;"SPRF-PR";"DEL01-PR";"UOP03-DEL01-PR"
266943;2020-02-03;"segunda-feira";"14:10:00";"SC";282;220,2;"LAGES";"Defeito Mecânico no Veículo";"Incêndio";"Sem Vítimas";"Pleno dia";"Crescente";"Céu Claro";"Simples";"Reta";"Sim";1;0;0;0;1;0;0;1;-27,794014;-50,33363;"SPRF-SC";"DEL05-SC";"UOP01-DEL05-SC"
266944;2020-02-03;"segunda-feira";"19:35:00";"PE";101;63;"RECIFE";"Falta de Atenção do Pedestre";"Atropelamento de Pedestre";"Com Vítimas Feridas";"Plena Noite";"Decrescente";"Céu Claro";"Dupla";"Reta";"Sim";2;0;0;2;0;0;2;2;-8,00800604;-34,93756535;"SPRF-PE";"DEL01-PE";"UOP01-DEL01-PE"
266945;2020-02-03;"segunda-feira";"19:45:00";"SC";101;211,2;"SAO JOSE";"Velocidade Incompatível";"Queda de ocupante de veículo";"Com Vítimas Feridas";"Anoitecer";"Decrescente";"Nublado";"Múltipla";"Reta";"Sim";2;0;2;0;0;0;2;1;-27,62329313;-48,65245588;"SPRF-SC";"DEL01-SC";"UOP02-DEL01-SC"
266948;2020-02-03;"segunda-feira";"20:15:00";"GO";70;22,3;"COCALZINHO DE GOIAS";"Fenômenos da Natureza";"Atropelamento de Animal";"Com Vítimas Feridas";"Plena Noite";"Crescente";"Chuva";"Dupla";"Reta";"Não";1;0;0;1;0;0;1;1;-15,73777098;-48,39276337;"SPRF-DF";"DEL01-DF";"UOP02-DEL03-DF"
266949;2020-02-03;"segunda-feira";"19:15:00";"PR";369;180,4;"ARAPONGAS";"Animais na Pista";"Atropelamento de Animal";"Com Vítimas Feridas";"Plena Noite";"Crescente";"Garoa/Chuvisco";"Dupla";"Reta";"Não";1;0;0;1;0;0;1;1;-23,37022403;-51,41064494;"SPRF-PR";"DEL07-PR";"UOP03-DEL07-PR"
266950;2020-02-03;"segunda-feira";"12:00:00";"SP";116;567,2;"BARRA DO TURVO";"Falta de Atenção à Condução";"Saída de leito carroçável";"Com Vítimas Fatais";"Pleno dia";"Decrescente";"Garoa/Chuvisco";"Dupla";"Curva";"Não";3;1;1;0;1;0;1;1;-25,04843605;-48,54729652;"SPRF-SP";"DEL05-SP";"UOP02-DEL05-SP"
266952;2020-02-03;"segunda-feira";"20:00:00";"RJ";356;43;"ITAPERUNA";"Defeito na Via";"Tombamento";"Com Vítimas Feridas";"Plena Noite";"Decrescente";"Céu Claro";"Simples";"Declive;Reta";"Não";1;0;1;0;0;0;1;1;-21,22315454;-41,81951572;"SPRF-RJ";"DEL08-RJ";"UOP03-DEL08-RJ"
266953;2020-02-03;"segunda-feira";"13:30:00";"SP";116;548,3;"BARRA DO TURVO";"Pista Escorregadia";"Colisão com objeto estático";"Sem Vítimas";"Pleno dia";"Decrescente";"Chuva";"Múltipla";"Curva";"Não";4;0;0;0;4;0;0;2;-24,95393;-48,447268;"SPRF-SP";"DEL05-SP";"UOP02-DEL05-SP"
266954;2020-02-03;"segunda-feira";"20:30:00";"SP";116;324;"JUQUITIBA";"Velocidade Incompatível";"Saída de leito carroçável";"Com Vítimas Feridas";"Plena Noite";"Crescente";"Garoa/Chuvisco";"Dupla";"Curva";"Não";2;0;2;0;0;0;2;1;-23,94029914;-47,04398301;"SPRF-SP";"DEL04-SP";"UOP01-DEL04-SP"
266957;2020-02-03;"segunda-feira";"20:30:00";"BA";101;945;"MUCURI";"Falta de Atenção à Condução";"Queda de ocupante de veículo";"Com Vítimas Feridas";"Plena Noite";"Crescente";"Céu Claro";"Simples";"Interseção de Vias";"Não";1;0;0;1;0;0;1;1;-18,16840196;-39,91873914;"SPRF-BA";"DEL09-BA";"UOP02-DEL09-BA"
266961;2020-02-03;"segunda-feira";"20:25:00";"RO";364;704;"PORTO VELHO";"Falta de Atenção à Condução";"Colisão lateral";"Com Vítimas Feridas";"Plena Noite";"Crescente";"Céu Claro";"Dupla";"Retorno Regulamentado";"Não";4;0;1;1;1;1;2;3;-8,80032739;-63,804543;"SPRF-RO";"DEL01-RO";"UOP01-DEL01-RO"
266962;2020-02-03;"segunda-feira";"19:20:00";"RS";386;405,5;"TRIUNFO";"Defeito Mecânico no Veículo";"Colisão lateral";"Com Vítimas Feridas";"Anoitecer";"Crescente";"Céu Claro";"Dupla";"Rotatória";"Não";4;0;1;0;3;0;1;2;-29,777224;-51,560829;"SPRF-RS";"DEL04-RS";"UOP02-DEL04-RS"
266964;2020-02-03;"segunda-feira";"21:40:00";"MG";262;885,9;"CAMPO FLORIDO";"Animais na Pista";"Colisão com objeto estático";"Sem Vítimas";"Plena Noite";"Crescente";"Nublado";"Dupla";"Curva";"Não";2;0;0;0;2;0;0;1;-19,7346775;-48,65065143;"SPRF-MG";"DEL13-MG";"UOP02-DEL13-MG"
266966;2020-02-03;"segunda-feira";"19:15:00";"MA";230;18;"BARAO DE GRAJAU";"Animais na Pista";"Saída de leito carroçável";"Com Vítimas Feridas";"Plena Noite";"Decrescente";"Céu Claro";"Simples";"Reta";"Não";3;0;3;0;0;0;3;1;-6,70585454;-43,15766312;"SPRF-PI";"DEL03-PI";"UOP01-DEL03-PI"
266973;2020-02-03;"segunda-feira";"20:15:00";"RO";364;708,4;"PORTO VELHO";"Defeito na Via";"Colisão com objeto estático";"Com Vítimas Feridas";"Plena Noite";"Crescente";"Céu Claro";"Dupla";"Reta";"Sim";1;0;0;1;0;0;1;1;-8,79554083;-63,84072487;"SPRF-RO";"DEL01-RO";"UOP01-DEL01-RO"
266981;2020-02-03;"segunda-feira";"23:20:00";"RJ";40;113;"DUQUE DE CAXIAS";"Falta de Atenção à Condução";"Colisão traseira";"Sem Vítimas";"Plena Noite";"Decrescente";"Chuva";"Múltipla";"Reta";"Sim";2;0;0;0;2;0;0;2;-22,70948502;-43,29040354;"SPRF-RJ";"DEL01-RJ";"UOP01-DEL01-RJ"
266983;2020-02-04;"terça-feira";"03:15:00";"RJ";40;113;"DUQUE DE CAXIAS";"Falta de Atenção à Condução";"Colisão traseira";"Com Vítimas Feridas";"Plena Noite";"Decrescente";"Chuva";"Múltipla";"Reta";"Sim";3;0;2;0;1;0;2;2;-22,70948502;-43,29040354;"SPRF-RJ";"DEL01-RJ";"UOP01-DEL01-RJ"
266986;2020-02-04;"terça-feira";"03:50:00";"SC";101;106,9;"PENHA";"Falta de Atenção à Condução";"Saída de leito carroçável";"Sem Vítimas";"Plena Noite";"Crescente";"Nublado";"Dupla";"Curva";"Não";1;0;0;0;0;1;0;1;-26,81840523;-48,68377537;"SPRF-SC";"DEL03-SC";"UOP02-DEL03-SC"
266988;2020-02-04;"terça-feira";"04:30:00";"SP";116;273,3;"TABOAO DA SERRA";"Velocidade Incompatível";"Colisão traseira";"Sem Vítimas";"Pleno dia";"Crescente";"Garoa/Chuvisco";"Dupla";"Reta";"Sim";2;0;0;0;1;1;0;2;-23,61634919;-46,79047292;"SPRF-SP";"DEL04-SP";"UOP01-DEL04-SP"
266989;2020-02-04;"terça-feira";"02:00:00";"SC";282;646,3;"SAO MIGUEL DO OESTE";"Ingestão de Álcool";"Colisão com objeto estático";"Sem Vítimas";"Plena Noite";"Crescente";"Céu Claro";"Simples";"Rotatória";"Sim";1;0;0;0;1;0;0;1;-26,76096768;-53,50088596;"SPRF-SC";"DEL07-SC";"UOP03-DEL07-SC"
266990;2020-02-03;"segunda-feira";"19:10:00";"MG";381;739;"TRES CORACOES";"Ingestão de Álcool";"Saída de leito carroçável";"Com Vítimas Feridas";"Plena Noite";"Decrescente";"Nublado";"Dupla";"Reta";"Não";1;0;1;0;0;0;1;1;-21,61514806;-45,24157278;"SPRF-MG";"DEL16-MG";"UOP02-DEL16-MG"
266991;2020-02-03;"segunda-feira";"18:00:00";"BA";407;127,6;"SENHOR DO BONFIM";"Falta de Atenção à Condução";"Colisão transversal";"Com Vítimas Feridas";"Anoitecer";"Decrescente";"Nublado";"Simples";"Reta";"Sim";2;0;1;0;1;0;1;2;-10,46231315;-40,17519422;"SPRF-BA";"DEL04-BA";"UOP01-DEL04-BA"
266992;2020-02-04;"terça-feira";"06:40:00";"PE";408;105;"RECIFE";"Falta de Atenção à Condução";"Colisão lateral";"Com Vítimas Feridas";"Pleno dia";"Crescente";"Céu Claro";"Dupla";"Reta";"Não";3;0;2;0;1;0;2;2;-8,0730937;-34,99190714;"SPRF-PE";"DEL01-PE";"UOP01-DEL01-PE"
266993;2020-02-04;"terça-feira";"05:40:00";"MG";381;482,6;"CONTAGEM";"Falta de Atenção à Condução";"Queda de ocupante de veículo";"Com Vítimas Feridas";"Pleno dia";"Decrescente";"Céu Claro";"Dupla";"Curva";"Sim";1;0;1;0;0;0;1;1;-19,95833204;-44,07656372;"SPRF-MG";"DEL01-MG";"UOP03-DEL01-MG"
266994;2020-02-04;"terça-feira";"06:10:00";"PE";104;65,1;"CARUARU";"Animais na Pista";"Colisão traseira";"Com Vítimas Feridas";"Amanhecer";"Decrescente";"Nublado";"Dupla";"Reta";"Não";2;0;1;0;1;0;1;2;-8,2867;-35,9838;"SPRF-PE";"DEL02-PE";"UOP01-DEL02-PE"
266996;2020-02-04;"terça-feira";"07:30:00";"DF";70;11,5;"BRASILIA";"Falta de Atenção à Condução";"Colisão lateral";"Com Vítimas Feridas";"Pleno dia";"Decrescente";"Céu Claro";"Dupla";"Reta";"Não";2;0;1;0;1;0;1;2;-15,789762;-48,148727;"SPRF-DF";"DEL01-DF";"UOP02-DEL03-DF"
266999;2020-02-04;"terça-feira";"07:20:00";"PR";277;5;"FOZ DO IGUACU";"Falta de Atenção do Pedestre";"Atropelamento de Pedestre";"Com Vítimas Feridas";"Amanhecer";"Crescente";"Céu Claro";"Dupla";"Reta";"Não";2;0;1;0;1;0;1;2;-25,5469;-54,5882;"SPRF-PR";"DEL05-PR";"UOP03-DEL05-PR"
267001;2020-02-04;"terça-feira";"07:20:00";"PR";376;493,2;"PONTA GROSSA";"Falta de Atenção à Condução";"Colisão lateral";"Com Vítimas Feridas";"Pleno dia";"Crescente";"Céu Claro";"Dupla";"Aclive";"Sim";2;0;1;0;1;0;1;2;-25,16001091;-50,12436895;"SPRF-PR";"DEL03-PR";"UOP04-DEL03-PR"
267003;2020-02-04;"terça-feira";"07:50:00";"DF";70;6;"BRASILIA";"Falta de Atenção à Condução";"Saída de leito carroçável";"Com Vítimas Feridas";"Pleno dia";"Decrescente";"Céu Claro";"Simples";"Reta";"Sim";1;0;1;0;0;0;1;1;-15,791242;-48,105759;"SPRF-DF";"DEL01-DF";"UOP02-DEL03-DF"
267005;2020-02-04;"terça-feira";"07:30:00";"GO";40;15,8;"LUZIANIA";"Falta de Atenção à Condução";"Colisão traseira";"Com Vítimas Feridas";"Pleno dia";"Crescente";"Céu Claro";"Dupla";"Reta";"Não";3;0;0;1;2;0;1;2;-16,1671;-47,930161;"SPRF-DF";"DEL01-DF";"UOP01-DEL01-DF"
267006;2020-02-04;"terça-feira";"08:10:00";"SC";101;200;"SAO JOSE";"Falta de Atenção à Condução";"Colisão lateral";"Com Vítimas Feridas";"Pleno dia";"Crescente";"Chuva";"Dupla";"Aclive";"Não";2;0;1;0;1;0;1;2;-27,54018513;-48,62287714;"SPRF-SC";"DEL01-SC";"UOP01-DEL01-SC"
267007;2020-02-04;"terça-feira";"07:45:00";"RS";386;345,3;"LAJEADO";"Não guardar distância de segurança";"Engavetamento";"Com Vítimas Feridas";"Pleno dia";"Crescente";"Sol";"Dupla";"Reta";"Não";4;0;1;0;3;0;1;4;-29,443069;-51,984135;"SPRF-RS";"DEL04-RS";"UOP01-DEL04-RS"
267008;2020-02-04;"terça-feira";"07:30:00";"RN";101;96;"NATAL";"Falta de Atenção à Condução";"Colisão traseira";"Com Vítimas Feridas";"Pleno dia";"Decrescente";"Céu Claro";"Múltipla";"Reta";"Não";3;0;1;0;2;0;1;3;-5,84949622;-35,20890752;"SPRF-RN";"DEL01-RN";"UOP01-DEL01-RN"