"id";"data_inversa";"dia_semana";"horario";"uf";"br";"km";"municipio";"causa_acidente";"tipo_acidente";"classificacao_acidente";"fase_dia";"sentido_via";"condicao_metereologica";"tipo_pista";"tracado_via";"uso_solo";"pessoas";"mortos";"feridos_leves";"feridos_graves";"ilesos";"ignorados";"feridos";"veiculos";"latitude";"longitude";"regional";"delegacia";"uop"
267009;2020-02-04;"terça-feira";"07:50:00";"PR";272;367,8;"CAMPO MOURAO";"Falta de Atenção à Condução";"Colisão traseira";"Com Vítimas Feridas";"Pleno dia";"Decrescente";"Céu Claro";"Dupla";"Reta";"Sim";2;0;1;0;1;0;1;2;-24,05063682;-52,40169964;"SPRF-PR";"DEL04-PR";"UOP03-DEL09-PR"
267010;2020-01-22;"quarta-feira";"18:10:00";"RJ";101;46;"CAMPOS DOS GOYTACAZES";"Desobediência às normas de trânsito pelo condutor";"Colisão transversal";"Sem Vítimas";"Plena Noite";"Crescente";"Nublado";"Dupla";"Reta";"Sim";3;0;0;0;2;1;0;2;-21,59839998;-41,3168335;"SPRF-RJ";"DEL08-RJ";"UOP01-DEL08-RJ"
267012;2020-02-04;"terça-feira";"08:00:00";"SP";116;316;"JUQUITIBA";"Velocidade Incompatível";"Colisão com objeto estático";"Com Vítimas Feridas";"Pleno dia";"Decrescente";"Chuva";"Dupla";"Curva";"Não";1;0;1;0;0;0;1;1;-23,912715;-46,990231;"SPRF-SP";"DEL04-SP";"UOP01-DEL04-SP"
267014;2020-02-04;"terça-feira";"08:30:00";"SP";116;117,4;"TAUBATE";"Não guardar distância de segurança";"Colisão traseira";"Com Vítimas Feridas";"Pleno dia";"Decrescente";"Nublado";"Dupla";"Reta";"Não";2;0;1;0;1;0;1;2;-23,0582298;-45,6176951;"SPRF-SP";"DEL06-SP";"UOP01-DEL06-SP"
267016;2020-02-04;"terça-feira";"08:00:00";"PR";476;124,7;"CURITIBA";"Falta de Atenção à Condução";"Colisão lateral";"Com Vítimas Feridas";"Pleno dia";"Crescente";"Nublado";"Múltipla";"Reta";"Sim";3;0;1;0;2;0;1;3;-25,399845;-49,215855;"SPRF-PR";"DEL01-PR";"UOP07-DEL01-PR"
267017;2020-02-04;"terça-feira";"09:28:00";"MG";251;465;"FRANCISCO SA";"Pista Escorregadia";"Colisão frontal";"Com Vítimas Feridas";"Pleno dia";"Crescente";"Chuva";"Simples";"Curva";"Não";8;0;3;5;0;0;8;2;-16,45710399;-43,40386502;"SPRF-MG";"DEL12-MG";"UOP01-DEL12-MG"
267021;2020-02-04;"terça-feira";"09:20:00";"SP";116;33;"CRUZEIRO";"Velocidade Incompatível";"Tombamento";"Com Vítimas Feridas";"Pleno dia";"Decrescente";"Sol";"Simples";"Retorno Regulamentado";"Não";1;0;1;0;0;0;1;1;-22,64775685;-44,95420606;"SPRF-SP";"DEL08-SP";"UOP02-DEL08-SP"
267028;2020-02-04;"terça-feira";"11:35:00";"SE";101;103,1;"SAO CRISTOVAO";"Pista Escorregadia";"Colisão traseira";"Sem Vítimas";"Pleno dia";"Crescente";"Chuva";"Dupla";"Reta;Ponte";"Não";5;0;0;0;5;0;0;2;-10,94880037;-37,21099182;"SPRF-SE";"DEL02-SE";"UOP01-DEL02-SE"
267029;2020-02-04;"terça-feira";"11:00:00";"PR";376;669,8;"GUARATUBA";"Velocidade Incompatível";"Saída de leito carroçável";"Com Vítimas Feridas";"Pleno dia";"Crescente";"Chuva";"Dupla";"Curva;Declive";"Não";3;0;2;0;1;0;2;1;-25,86958174;-48,93464712;"SPRF-PR";"DEL01-PR";"UOP04-DEL01-PR"
267031;2020-02-04;"terça-feira";"10:30:00";"MT";364;229;"RONDONOPOLIS";"Falta de Atenção à Condução";"Saída de leito carroçável";"Com Vítimas Fatais";"Pleno dia";"Decrescente";"Céu Claro";"Dupla";"Declive;Reta";"Não";2;1;1;0;0;0;1;1;-16,27386983;-54,77074365;"SPRF-MT";"DEL02-MT";"UOP01-DEL02-MT"
267032;2020-02-04;"terça-feira";"11:35:00";"RN";226;116,1;"SANTA CRUZ";"Velocidade Incompatível";"Capotamento";"Sem Vítimas";"Pleno dia";"Decrescente";"Chuva";"Simples";"Curva";"Não";4;0;0;0;4;0;0;1;-6,19653642;-36,0417392;"SPRF-RN";"DEL03-RN";"UOP02-DEL03-RN"
267033;2020-02-04;"terça-feira";"11:00:00";"ES";101;0,6;"SERRA";"Falta de Atenção à Condução";"Colisão lateral";"Com Vítimas Feridas";"Pleno dia";"Crescente";"Sol";"Múltipla";"Reta";"Sim";3;0;1;0;2;0;1;3;-20,24156269;-40,28064251;"SPRF-ES";"DEL02-ES";"UOP01-DEL02-ES"
267034;2020-02-04;"terça-feira";"11:54:00";"PR";116;93;"SAO JOSE DOS PINHAIS";"Falta de Atenção à Condução";"Colisão com objeto estático";"Com Vítimas Feridas";"Pleno dia";"Decrescente";"Céu Claro";"Dupla";"Reta";"Não";1;0;1;0;0;0;1;1;-25,48227693;-49,10588805;"SPRF-PR";"DEL01-PR";"UOP01-DEL01-PR"
267035;2020-02-04;"terça-feira";"12:00:00";"GO";40;1,1;"VALPARAISO DE GOIAS";"Desobediência às normas de trânsito pelo condutor";"Colisão traseira";"Com Vítimas Feridas";"Pleno dia";"Crescente";"Céu Claro";"Dupla";"Reta";"Sim";2;0;1;0;0;1;1;2;-16,058245;-47,982825;"SPRF-DF";"DEL01-DF";"UOP01-DEL01-DF"
267037;2020-02-04;"terça-feira";"12:30:00";"SP";116;214,6;"GUARULHOS";"Falta de Atenção à Condução";"Colisão com objeto estático";"Com Vítimas Feridas";"Pleno dia";"Decrescente";"Sol";"Múltipla";"Aclive;Reta";"Sim";1;0;1;0;0;0;1;1;-23,446342;-46,452947;"SPRF-SP";"DEL01-SP";"UOP01-DEL01-SP"
267038;2020-02-04;"terça-feira";"09:30:00";"SC";282;33,4;"AGUAS MORNAS";"Velocidade Incompatível";"Capotamento";"Com Vítimas Feridas";"Pleno dia";"Decrescente";"Chuva";"Simples";"Curva";"Não";1;0;1;0;0;0;1;1;-27,70478853;-48,8115263;"SPRF-SC";"DEL01-SC";"UOP03-DEL01-SC"
267039;2020-02-04;"terça-feira";"12:50:00";"PE";101;44,9;"IGARASSU";"Falta de Atenção à Condução";"Colisão traseira";"Com Vítimas Feridas";"Pleno dia";"Decrescente";"Sol";"Múltipla";"Reta";"Sim";3;0;2;0;1;0;2;3;-7,85637001;-34,90842109;"SPRF-PE";"DEL01-PE";"UOP02-DEL01-PE"
267041;2020-02-04;"terça-feira";"13:15:00";"RS";392;647,1;"GUARANI DAS MISSOES";"Desobediência às normas de trânsito pelo condutor";"Colisão transversal";"Com Vítimas Fatais";"Pleno dia";"Decrescente";"Sol";"Simples";"Reta";"Não";2;1;0;0;1;0;0;2;-28,13691867;-54,59728395;"SPRF-RS";"DEL10-RS";"UOP01-DEL10-RS"
267042;2020-02-04;"terça-feira";"13:30:00";"PB";230;21;"JOAO PESSOA";"Falta de Atenção à Condução";"Colisão lateral";"Com Vítimas Feridas";"Pleno dia";"Decrescente";"Céu Claro";"Dupla";"Reta";"Sim";3;0;2;0;1;0;2;2;-7,1415;-34,8519;"SPRF-PB";"DEL01-PB";"UOP01-DEL01-PB"
267043;2020-02-04;"terça-feira";"12:00:00";"SP";381;40;"ATIBAIA";"Falta de Atenção à Condução";"Colisão lateral";"Sem Vítimas";"Pleno dia";"Crescente";"Céu Claro";"Dupla";"Reta";"Sim";2;0;0;0;1;1;0;2;-23,12997498;-46,5767598;"SPRF-SP";"DEL03-SP";"UOP01-DEL03-SP"
267044;2020-02-04;"terça-feira";"10:25:00";"BA";242;375;"PALMEIRAS";"Não guardar distância de segurança";"Colisão traseira";"Sem Vítimas";"Pleno dia";"Crescente";"Céu Claro";"Simples";"Reta";"Não";5;0;0;0;5;0;0;2;-12,43560315;-41,48787629;"SPRF-BA";"DEL06-BA";"UOP01-DEL06-BA"
267049;2020-02-04;"terça-feira";"13:30:00";"MG";381;917,1;"CAMANDUCAIA";"Velocidade Incompatível";"Colisão com objeto estático";"Sem Vítimas";"Pleno dia";"Decrescente";"Chuva";"Dupla";"Curva";"Não";2;0;0;0;2;0;0;2;-22,76592008;-46,17669124;"SPRF-MG";"DEL16-MG";"UOP03-DEL16-MG"
267050;2020-02-04;"terça-feira";"12:40:00";"MT";163;831;"SINOP";"Desobediência às normas de trânsito pelo condutor";"Colisão transversal";"Com Vítimas Feridas";"Pleno dia";"Crescente";"Céu Claro";"Dupla";"Reta";"Sim";2;0;2;0;0;0;2;2;-12,022768;-55,51723;"SPRF-MT";"DEL06-MT";"UOP01-DEL06-MT"
267051;2020-02-04;"terça-feira";"14:20:00";"SP";381;82,5;"SAO PAULO";"Falta de Atenção do Pedestre";"Atropelamento de Pedestre";"Com Vítimas Fatais";"Pleno dia";"Crescente";"Céu Claro";"Múltipla";"Reta";"Sim";3;1;1;0;1;0;1;2;-23,42399;-46,575112;"SPRF-SP";"DEL03-SP";"UOP01-DEL03-SP"
267053;2020-02-04;"terça-feira";"13:15:00";"ES";482;80;"ALEGRE";"Não guardar distância de segurança";"Colisão traseira";"Com Vítimas Feridas";"Pleno dia";"Crescente";"Céu Claro";"Simples";"Reta";"Não";3;0;1;0;2;0;1;2;-20,76443281;-41,50872507;"SPRF-ES";"DEL03-ES";"UOP02-DEL03-ES"
267054;2020-02-04;"terça-feira";"12:30:00";"MT";70;621;"POCONE";"Falta de Atenção à Condução";"Saída de leito carroçável";"Com Vítimas Feridas";"Pleno dia";"Crescente";"Chuva";"Simples";"Reta";"Não";1;0;1;0;0;0;1;1;-15,92836282;-56,95249602;"SPRF-MT";"DEL03-MT";"UOP02-DEL03-MT"
267055;2020-01-19;"domingo";"05:30:00";"SC";101;367;"SANGAO";"Falta de Atenção à Condução";"Atropelamento de Animal";"Sem Vítimas";"Pleno dia";"Decrescente";"Céu Claro";"Dupla";"Reta";"Não";1;0;0;0;1;0;0;1;-28,694993;-49,1719;"SPRF-SC";"DEL02-SC";"UOP01-DEL02-SC"
267056;2020-01-30;"quinta-feira";"13:05:00";"PB";230;17,9;"JOAO PESSOA";"Falta de Atenção à Condução";"Colisão com objeto estático";"Com Vítimas Feridas";"Pleno dia";"Crescente";"Sol";"Dupla";"Reta";"Sim";4;0;2;0;1;1;2;4;-7,120945;-34,84525323;"SPRF-PB";"DEL01-PB";"UOP01-DEL01-PB"
267058;2020-02-04;"terça-feira";"14:30:00";"MG";459;69,6;"SENADOR JOSE BENTO";"Velocidade Incompatível";"Saída de leito carroçável";"Com Vítimas Feridas";"Pleno dia";"Decrescente";"Chuva";"Simples";"Aclive;Curva";"Não";1;0;1;0;0;0;1;1;-22,13239737;-46,1553669;"SPRF-MG";"DEL16-MG";"UOP01-DEL09-MG"
267059;2020-02-04;"terça-feira";"14:30:00";"RJ";101;415;"MANGARATIBA";"Falta de Atenção à Condução";"Colisão transversal";"Com Vítimas Feridas";"Pleno dia";"Decrescente";"Nublado";"Dupla";"Curva;Retorno Regulamentado";"Não";9;0;4;0;5;0;4;3;-22,90433243;-43,88181398;"SPRF-RJ";"DEL03-RJ";"UOP01-DEL03-RJ"
267061;2020-02-04;"terça-feira";"14:30:00";"SC";282;37,4;"AGUAS MORNAS";"Velocidade Incompatível";"Colisão frontal";"Com Vítimas Feridas";"Pleno dia";"Decrescente";"Chuva";"Simples";"Curva";"Não";2;0;1;0;1;0;1;2;-27,708512;-48,84701729;"SPRF-SC";"DEL01-SC";"UOP03-DEL01-SC"
267063;2020-02-04;"terça-feira";"11:50:00";"PR";277;139;"BALSA NOVA";"Agressão Externa";"Danos eventuais";"Com Vítimas Feridas";"Pleno dia";"Crescente";"Céu Claro";"Dupla";"Reta";"Não";3;0;1;0;2;0;1;2;-25,47378391;-49,7218895;"SPRF-PR";"DEL01-PR";"UOP06-DEL01-PR"
267064;2020-02-04;"terça-feira";"15:00:00";"PR";277;730,9;"FOZ DO IGUACU";"Falta de Atenção à Condução";"Colisão frontal";"Com Vítimas Feridas";"Pleno dia";"Crescente";"Céu Claro";"Dupla";"Ponte";"Sim";4;0;1;3;0;0;4;2;-25,51022122;-54,60136414;"SPRF-PR";"DEL05-PR";"UOP03-DEL05-PR"
267065;2020-02-04;"terça-feira";"13:45:00";"MS";463;12,9;"DOURADOS";"Avarias e/ou desgaste excessivo no pneu";"Saída de leito carroçável";"Sem Vítimas";"Pleno dia";"Decrescente";"Chuva";"Simples";"Reta";"Não";1;0;0;0;0;1;0;1;-22,243798;-54,918106;"SPRF-MS";"DEL04-MS";"UOP01-DEL04-MS"
267069;2020-02-04;"terça-feira";"14:20:00";"RS";158;95;"PALMEIRA DAS MISSOES";"Desobediência às normas de trânsito pelo condutor";"Colisão transversal";"Com Vítimas Feridas";"Pleno dia";"Decrescente";"Céu Claro";"Simples";"Interseção de Vias";"Não";2;0;1;0;1;0;1;2;-27,86700255;-53,33295822;"SPRF-RS";"DEL08-RS";"UOP02-DEL08-RS"
267070;2020-02-04;"terça-feira";"15:20:00";"ES";101;159;"LINHARES";"Desobediência às normas de trânsito pelo condutor";"Colisão transversal";"Com Vítimas Feridas";"Pleno dia";"Crescente";"Céu Claro";"Simples";"Interseção de Vias";"Não";2;0;1;0;1;0;1;2;-19,4684012;-40,1102557;"SPRF-ES";"DEL04-ES";"UOP01-DEL04-ES"
267075;2020-01-09;"quinta-feira";"19:20:00";"RO";364;341,2;"JI-PARANA";"Desobediência às normas de trânsito pelo condutor";"Colisão lateral";"Com Vítimas Feridas";"Plena Noite";"Crescente";"Céu Claro";"Simples";"Interseção de Vias";"Sim";2;0;0;1;1;0;1;2;-10,88821135;-61,93216935;"SPRF-RO";"DEL02-RO";"UOP01-DEL02-RO"
267078;2020-02-04;"terça-feira";"15:00:00";"PA";316;84;"SAO FRANCISCO DO PARA";"Ingestão de Álcool";"Colisão traseira";"Sem Vítimas";"Pleno dia";"Decrescente";"Chuva";"Simples";"Reta";"Não";2;0;0;0;2;0;0;2;-1,3101929;-47,74456398;"SPRF-PA";"DEL01-PA";"UOP02-DEL01-PA"
267079;2020-02-04;"terça-feira";"17:24:00";"PB";230;16,3;"JOAO PESSOA";"Não guardar distância de segurança";"Colisão traseira";"Com Vítimas Feridas";"Pleno dia";"Crescente";"Céu Claro";"Dupla";"Declive";"Não";2;0;1;0;1;0;1;2;-7,1039;-34,8458;"SPRF-PB";"DEL01-PB";"UOP01-DEL01-PB"
267080;2020-02-04;"terça-feira";"15:05:00";"PA";316;76;"SAO FRANCISCO DO PARA";"Ingestão de Álcool";"Colisão traseira";"Sem Vítimas";"Pleno dia";"Decrescente";"Chuva";"Simples";"Reta";"Não";2;0;0;0;2;0;0;2;-1,29862919;-47,81449908;"SPRF-PA";"DEL01-PA";"UOP01-DEL01-PA"
267081;2020-02-04;"terça-feira";"15:10:00";"PA";316;68;"CASTANHAL";"Ingestão de Álcool";"Colisão traseira";"Sem Vítimas";"Pleno dia";"Decrescente";"Chuva";"Simples";"Reta";"Sim";2;0;0;0;2;0;0;2;-1,29440507;-47,88382304;"SPRF-PA";"DEL01-PA";"UOP01-DEL01-PA"
267082;2020-02-04;"terça-feira";"14:00:00";"RJ";101;436;"MANGARATIBA";"Falta de Atenção do Pedestre";"Atropelamento de Pedestre";"Com Vítimas Feridas";"Pleno dia";"Decrescente";"Céu Claro";"Dupla";"Curva";"Não";2;0;0;1;1;0;1;2;-22,94335387;-44,06046308;"SPRF-RJ";"DEL03-RJ";"UOP01-DEL03-RJ"
267083;2020-02-04;"terça-feira";"15:00:00";"RS";158;322;"SANTA MARIA";"Falta de Atenção à Condução";"Colisão traseira";"Com Vítimas Feridas";"Pleno dia";"Decrescente";"Céu Claro";"Simples";"Rotatória";"Sim";4;0;2;0;1;1;2;3;-29,69143328;-53,77424459;"SPRF-RS";"DEL09-RS";"UOP01-DEL09-RS"
267085;2020-02-04;"terça-feira";"16:00:00";"SC";470;91;"APIUNA";"Mal Súbito";"Saída de leito carroçável";"Com Vítimas Feridas";"Pleno dia";"Decrescente";"Nublado";"Simples";"Reta";"Não";1;0;1;0;0;0;1;1;-26,97769;-49,369198;"SPRF-SC";"DEL04-SC";"UOP01-DEL04-SC"
267088;2020-02-04;"terça-feira";"17:48:00";"PE";101;69,5;"RECIFE";"Falta de Atenção à Condução";"Colisão traseira";"Com Vítimas Feridas";"Anoitecer";"Crescente";"Céu Claro";"Dupla";"Reta";"Sim";2;0;0;1;1;0;1;2;-8,05951606;-34,94581024;"SPRF-PE";"DEL01-PE";"UOP01-DEL01-PE"
267090;2020-02-04;"terça-feira";"16:50:00";"SP";116;166,5;"JACAREI";"Desobediência às normas de trânsito pelo pedestre";"Colisão traseira";"Com Vítimas Feridas";"Pleno dia";"Decrescente";"Chuva";"Simples";"Aclive";"Sim";3;0;1;1;0;1;2;2;-23,30055667;-46,01686506;"SPRF-SP";"DEL02-SP";"UOP01-DEL02-SP"
267091;2020-02-04;"terça-feira";"16:20:00";"PR";277;701,9;"SAO MIGUEL DO IGUACU";"Falta de Atenção à Condução";"Colisão traseira";"Com Vítimas Feridas";"Pleno dia";"Decrescente";"Céu Claro";"Dupla";"Reta";"Não";2;0;1;0;1;0;1;2;-25,41564053;-54,34468746;"SPRF-PR";"DEL05-PR";"UOP01-DEL05-PR"
267094;2020-02-04;"terça-feira";"17:50:00";"MG";381;914,9;"CAMANDUCAIA";"Velocidade Incompatível";"Saída de leito carroçável";"Com Vítimas Fatais";"Anoitecer";"Crescente";"Chuva";"Dupla";"Curva";"Não";3;1;2;0;0;0;2;1;-22,75611112;-46,15527895;"SPRF-MG";"DEL16-MG";"UOP03-DEL16-MG"
267098;2020-02-04;"terça-feira";"18:00:00";"SC";101;216,5;"PALHOCA";"Falta de Atenção à Condução";"Colisão transversal";"Sem Vítimas";"Pleno dia";"Crescente";"Nublado";"Simples";"Reta;Interseção de Vias";"Sim";2;0;0;0;2;0;0;2;-27,65184843;-48,67604941;"SPRF-SC";"DEL01-SC";"UOP02-DEL01-SC"
267099;2020-02-04;"terça-feira";"18:00:00";"DF";40;5,8;"BRASILIA";"Falta de Atenção à Condução";"Colisão traseira";"Com Vítimas Feridas";"Pleno dia";"Crescente";"Céu Claro";"Dupla";"Reta";"Sim";3;0;1;0;2;0;1;2;-16,020903;-47,980541;"SPRF-DF";"DEL01-DF";"UOP01-DEL01-DF"
267103;2020-02-04;"terça-feira";"18:40:00";"ES";101;220,2;"IBIRACU";"Desobediência às normas de trânsito pelo condutor";"Colisão transversal";"Com Vítimas Feridas";"Anoitecer";"Crescente";"Nublado";"Simples";"Reta";"Não";3;0;0;2;1;0;2;2;-19,86379124;-40,39171492;"SPRF-ES";"DEL02-ES";"UOP01-DEL02-ES"
267105;2020-02-04;"terça-feira";"17:00:00";"RJ";116;188,9;"QUEIMADOS";"Falta de Atenção do Pedestre";"Atropelamento de Pedestre";"Com Vítimas Feridas";"Pleno dia";"Crescente";"Chuva";"Dupla";"Reta";"Sim";2;0;1;0;0;1;1;2;-22,73583682;-43,5476663;"SPRF-RJ";"DEL01-RJ";"UOP02-DEL01-RJ"
267106;2020-02-04;"terça-feira";"17:50:00";"PR";376;625;"SAO JOSE DOS PINHAIS";"Desobediência às normas de trânsito pelo condutor";"Queda de ocupante de veículo";"Com Vítimas Feridas";"Anoitecer";"Crescente";"Garoa/Chuvisco";"Dupla";"Rotatória";"Não";1;0;0;1;0;0;1;1;-25,65218089;-49,15731458;"SPRF-PR";"DEL01-PR";"UOP01-DEL01-PR"
267109;2020-02-04;"terça-feira";"18:20:00";"MG";381;908,4;"CAMBUI";"Velocidade Incompatível";"Colisão com objeto estático";"Com Vítimas Feridas";"Anoitecer";"Crescente";"Chuva";"Dupla";"Aclive;Curva";"Não";1;0;1;0;0;0;1;1;-22,68070778;-46,1011219;"SPRF-MG";"DEL16-MG";"UOP03-DEL16-MG"
267110;2020-02-04;"terça-feira";"17:00:00";"RS";116;249;"SAO LEOPOLDO";"Falta de Atenção à Condução";"Colisão traseira";"Com Vítimas Feridas";"Pleno dia";"Crescente";"Céu Claro";"Múltipla";"Reta";"Sim";2;0;1;0;1;0;1;2;-29,77676347;-51,15555167;"SPRF-RS";"DEL01-RS";"UOP02-DEL01-RS"
267111;2020-02-04;"terça-feira";"16:50:00";"AM";174;972,1;"MANAUS";"Falta de Atenção à Condução";"Saída de leito carroçável";"Sem Vítimas";"Anoitecer";"Crescente";"Céu Claro";"Simples";"Reta";"Não";1;0;0;0;0;1;0;1;-2,20712585;-60,01829448;"SPRF-AM";"DEL01-AM";"UOP02-DEL01-AM"
267112;2020-02-04;"terça-feira";"19:00:00";"PR";277;303,3;"PRUDENTOPOLIS";"Falta de Atenção à Condução";"Colisão lateral";"Com Vítimas Feridas";"Plena Noite";"Crescente";"Chuva";"Simples";"Reta";"Não";2;0;1;0;1;0;1;2;-25,31322689;-51,17500305;"SPRF-PR";"DEL03-PR";"UOP01-DEL08-PR"
267116;2020-02-04;"terça-feira";"19:00:00";"BA";418;107;"NOVA VICOSA";"Desobediência às normas de trânsito pelo condutor";"Colisão frontal";"Com Vítimas Feridas";"Anoitecer";"Decrescente";"Céu Claro";"Simples";"Reta";"Sim";2;0;0;1;1;0;1;2;-17,89663273;-40,02742396;"SPRF-BA";"DEL09-BA";"UOP02-DEL09-BA"
267117;2020-02-04;"terça-feira";"19:00:00";"BA";116;11,9;"VITORIA DA CONQUISTA";"Desobediência às normas de trânsito pelo condutor";"Colisão transversal";"Com Vítimas Feridas";"Plena Noite";"Decrescente";"Nublado";"Simples";"Interseção de Vias";"Sim";2;0;1;0;1;0;1;2;-14,851;-40,8485;"SPRF-BA";"DEL08-BA";"UOP01-DEL08-BA"
267118;2020-02-04;"terça-feira";"18:45:00";"PR";277;578;"CASCAVEL";"Não guardar distância de segurança";"Engavetamento";"Sem Vítimas";"Pleno dia";"Decrescente";"Céu Claro";"Simples";"Reta";"Não";3;0;0;0;3;0;0;3;-24,98385591;-53,34955899;"SPRF-PR";"DEL04-PR";"UOP01-DEL04-PR"
267122;2020-02-04;"terça-feira";"19:45:00";"SC";470;64,1;"INDAIAL";"Não guardar distância de segurança";"Colisão traseira";"Sem Vítimas";"Plena Noite";"Crescente";"Chuva";"Simples";"Reta";"Não";2;0;0;0;2;0;0;2;-26,869867;-49,201859;"SPRF-SC";"DEL04-SC";"UOP01-DEL04-SC"
267125;2020-02-04;"terça-feira";"17:20:00";"PR";153;405;"MALLET";"Desobediência às normas de trânsito pelo condutor";"Colisão lateral";"Com Vítimas Feridas";"Pleno dia";"Decrescente";"Céu Claro";"Simples";"Curva";"Não";2;0;1;0;1;0;1;1;-26,00522402;-50,84044309;"SPRF-PR";"DEL02-PR";"UOP03-DEL02-PR"
267126;2020-02-04;"terça-feira";"20:05:00";"PR";476;146,7;"CURITIBA";"Falta de Atenção à Condução";"Atropelamento de Pedestre";"Com Vítimas Feridas";"Plena Noite";"Decrescente";"Ignorado";"Dupla";"Reta";"Sim";2;0;1;0;0;1;1;2;-25,551186;-49,330109;"SPRF-PR";"DEL01-PR";"UOP06-DEL01-PR"
267127;2020-02-04;"terça-feira";"19:00:00";"GO";60;103;"ANAPOLIS";"Avarias e/ou desgaste excessivo no pneu";"Saída de leito carroçável";"Com Vítimas Feridas";"Plena Noite";"Crescente";"Céu Claro";"Dupla";"Declive";"Não";2;0;2;0;0;0;2;1;-16,4098;-48,9913;"SPRF-GO";"DEL02-GO";"UOP01-DEL02-GO"
267130;2020-02-04;"terça-feira";"18:00:00";"RS";153;400,5;"CACHOEIRA DO SUL";"Ingestão de Álcool";"Colisão transversal";"Com Vítimas Feridas";"Pleno dia";"Crescente";"Céu Claro";"Simples";"Reta";"Não";3;0;1;0;2;0;1;2;-30,01154704;-52,92076482;"SPRF-RS";"DEL02-RS";"UOP02-DEL02-RS"
267131;2020-02-04;"terça-feira";"20:00:00";"RN";304;49;"MOSSORO";"Falta de Atenção à Condução";"Atropelamento de Pedestre";"Com Vítimas Feridas";"Plena Noite";"Crescente";"Céu Claro";"Dupla";"Reta";"Sim";2;0;1;1;0;0;2;2;-5,236461;-37,317505;"SPRF-RN";"DEL04-RN";"UOP01-DEL04-RN"
267134;2020-02-04;"terça-feira";"15:05:00";"PI";135;477;"MONTE ALEGRE DO PIAUI";"Defeito na Via";"Saída de leito carroçável";"Com Vítimas Fatais";"Pleno dia";"Crescente";"Nublado";"Simples";"Reta";"Não";1;1;0;0;0;0;0;1;-9,66373008;-45,11343279;"SPRF-PI";"DEL03-PI";"UOP02-DEL03-PI"
267135;2020-02-04;"terça-feira";"17:00:00";"BA";116;269;"TUCANO";"Fenômenos da Natureza";"Queda de ocupante de veículo";"Com Vítimas Fatais";"Pleno dia";"Decrescente";"Chuva";"Simples";"Curva";"Não";1;1;0;0;0;0;0;1;-10,92748866;-38,82095164;"SPRF-BA";"DEL07-BA";"UOP02-DEL07-BA"
267138;2020-02-04;"terça-feira";"21:15:00";"SP";116;227;"SAO PAULO";"Defeito Mecânico no Veículo";"Queda de ocupante de veículo";"Com Vítimas Feridas";"Plena Noite";"Decrescente";"Nublado";"Múltipla";"Reta";"Sim";2;0;2;0;0;0;2;1;-23,49659264;-46,55648754;"SPRF-SP";"DEL01-SP";"UOP01-DEL01-SP"
267139;2020-02-04;"terça-feira";"20:30:00";"PE";101;77,5;"RECIFE";"Falta de Atenção do Pedestre";"Atropelamento de Pedestre";"Com Vítimas Feridas";"Plena Noite";"Crescente";"Céu Claro";"Dupla";"Reta";"Sim";4;0;1;0;3;0;1;2;-8,126982;-34,94386;"SPRF-PE";"DEL01-PE";"UOP01-DEL01-PE"
267140;2020-02-04;"terça-feira";"20:01:00";"SC";101;440,1;"SANTA ROSA DO SUL";"Falta de Atenção do Pedestre";"Atropelamento de Pedestre";"Com Vítimas Feridas";"Plena Noite";"Crescente";"Nublado";"Dupla";"Reta";"Sim";2;0;0;1;1;0;1;2;-29,12420083;-49,66719602;"SPRF-SC";"DEL02-SC";"UOP02-DEL02-SC"
267142;2020-02-04;"terça-feira";"20:20:00";"RO";364;237,3;"CACOAL";"Falta de Atenção à Condução";"Colisão transversal";"Com Vítimas Feridas";"Plena Noite";"Decrescente";"Garoa/Chuvisco";"Simples";"Retorno Regulamentado;Reta";"Sim";3;0;1;0;2;0;1;2;-11,442194;-61,448915;"SPRF-RO";"DEL02-RO";"UOP02-DEL02-RO"
267143;2020-02-04;"terça-feira";"17:15:00";"RO";364;384;"OURO PRETO DO OESTE";"Desobediência às normas de trânsito pelo condutor";"Colisão transversal";"Com Vítimas Feridas";"Anoitecer";"Crescente";"Céu Claro";"Simples";"Reta;Interseção de Vias";"Sim";7;0;3;0;4;0;3;3;-10,71524933;-62,25065352;"SPRF-RO";"DEL02-RO";"UOP01-DEL02-RO"
267146;2020-02-04;"terça-feira";"18:20:00";"AL";423;84,4;"DELMIRO GOUVEIA";"Animais na Pista";"Atropelamento de Animal";"Com Vítimas Feridas";"Anoitecer";"Decrescente";"Chuva";"Simples";"Reta";"Não";2;0;1;0;1;0;1;1;-9,34305022;-38,01996892;"SPRF-BA";"DEL07-BA";"UOP01-DEL07-BA"
267148;2020-02-04;"terça-feira";"21:00:00";"RJ";101;334;"RIO DE JANEIRO";"Desobediência às normas de trânsito pelo condutor";"Engavetamento";"Com Vítimas Feridas";"Plena Noite";"Decrescente";"Nublado";"Simples";"Reta";"Sim";4;0;3;0;1;0;3;3;-22,88517902;-43,21704364;"SPRF-RJ";"DEL02-RJ";"UOP01-DEL02-RJ"