"id";"data_inversa";"dia_semana";"horario";"uf";"br";"km";"municipio";"causa_acidente";"tipo_acidente";"classificacao_acidente";"fase_dia";"sentido_via";"condicao_metereologica";"tipo_pista";"tracado_via";"uso_solo";"pessoas";"mortos";"feridos_leves";"feridos_graves";"ilesos";"ignorados";"feridos";"veiculos";"latitude";"longitude";"regional";"delegacia";"uop"
267316;2020-02-05;"quarta-feira";"16:30:00";"PB";230;18;"JOAO PESSOA";"Ingestão de álcool e/ou substâncias psicoativas pelo pedestre";"Tombamento";"Com Vítimas Feridas";"Pleno dia";"Decrescente";"Céu Claro";"Dupla";"Reta";"Sim";2;0;1;1;0;0;2;1;-7,13119997;-34,85218498;"SPRF-PB";"DEL01-PB";"UOP01-DEL01-PB"
267319;2020-02-05;"quarta-feira";"13:10:00";"MG";40;444;"PARAOPEBA";"Falta de Atenção à Condução";"Colisão com objeto estático";"Com Vítimas Feridas";"Pleno dia";"Decrescente";"Chuva";"Dupla";"Curva";"Não";1;0;1;0;0;0;1;1;-19,28815;-44,392;"SPRF-MG";"DEL02-MG";"UOP01-DEL02-MG"
267320;2020-02-05;"quarta-feira";"16:35:00";"PR";277;584;"CASCAVEL";"Desobediência às normas de trânsito pelo pedestre";"Colisão transversal";"Com Vítimas Feridas";"Pleno dia";"Crescente";"Céu Claro";"Múltipla";"Interseção de Vias";"Sim";2;0;1;0;0;1;1;2;-24,96684176;-53,40258186;"SPRF-PR";"DEL04-PR";"UOP01-DEL04-PR"
267324;2020-02-05;"quarta-feira";"17:15:00";"RS";116;1;"PORTO ALEGRE";"Ingestão de álcool e/ou substâncias psicoativas pelo pedestre";"Atropelamento de Pedestre";"Com Vítimas Feridas";"Pleno dia";"Crescente";"Céu Claro";"Dupla";"Reta";"Sim";2;0;1;0;1;0;1;2;-29,97037286;-51,17666106;"SPRF-RS";"DEL05-RS";"UOP03-DEL05-RS"
267325;2020-02-05;"quarta-feira";"17:02:00";"SC";470;178,5;"POUSO REDONDO";"Falta de Atenção à Condução";"Colisão traseira";"Com Vítimas Feridas";"Pleno dia";"Crescente";"Nublado";"Simples";"Reta";"Não";5;0;1;0;2;2;1;3;-27,248392;-49,967083;"SPRF-SC";"DEL04-SC";"UOP02-DEL04-SC"
267327;2020-02-05;"quarta-feira";"17:10:00";"MG";40;504,2;"RIBEIRAO DAS NEVES";"Falta de Atenção à Condução";"Colisão lateral";"Com Vítimas Feridas";"Pleno dia";"Decrescente";"Céu Claro";"Dupla";"Reta";"Não";3;0;0;1;2;0;1;2;-19,72138499;-44,15573599;"SPRF-MG";"DEL02-MG";"UOP01-DEL02-MG"
267330;2020-02-05;"quarta-feira";"17:00:00";"RJ";393;275;"BARRA DO PIRAI";"Falta de Atenção à Condução";"Colisão lateral";"Com Vítimas Feridas";"Pleno dia";"Crescente";"Chuva";"Simples";"Reta";"Não";2;0;1;0;1;0;1;2;-22,47508022;-43,9983672;"SPRF-RJ";"DEL05-RJ";"UOP04-DEL05-RJ"
267331;2020-02-05;"quarta-feira";"16:45:00";"SC";280;55,4;"GUARAMIRIM";"Falta de Atenção à Condução";"Colisão transversal";"Com Vítimas Feridas";"Pleno dia";"Crescente";"Chuva";"Simples";"Reta";"Sim";3;0;1;1;1;0;2;3;-26,47744932;-48,9973712;"SPRF-SC";"DEL03-SC";"UOP03-DEL03-SC"
267333;2020-02-05;"quarta-feira";"17:50:00";"BA";116;422;"FEIRA DE SANTANA";"Falta de Atenção à Condução";"Colisão transversal";"Com Vítimas Feridas";"Pleno dia";"Decrescente";"Céu Claro";"Simples";"Reta";"Não";3;0;1;1;0;1;2;3;-12,22064702;-38,96561131;"SPRF-BA";"DEL02-BA";"UOP01-DEL02-BA"
267335;2020-02-05;"quarta-feira";"17:50:00";"RN";304;37,4;"MOSSORO";"Defeito Mecânico no Veículo";"Queda de ocupante de veículo";"Com Vítimas Feridas";"Anoitecer";"Crescente";"Garoa/Chuvisco";"Dupla";"Viaduto";"Sim";1;0;1;0;0;0;1;1;-5,17386613;-37,37317085;"SPRF-RN";"DEL04-RN";"UOP02-DEL04-RN"
267341;2020-02-05;"quarta-feira";"11:20:00";"SC";101;245,2;"PAULO LOPES";"Ingestão de Álcool";"Saída de leito carroçável";"Sem Vítimas";"Pleno dia";"Crescente";"Chuva";"Dupla";"Reta";"Não";1;0;0;0;1;0;0;1;-27,901682;-48,64892;"SPRF-SC";"DEL02-SC";"UOP03-DEL02-SC"
267342;2020-02-05;"quarta-feira";"16:00:00";"MG";153;104;"PRATA";"Pista Escorregadia";"Saída de leito carroçável";"Com Vítimas Feridas";"Pleno dia";"Crescente";"Chuva";"Simples";"Reta";"Não";1;0;1;0;0;0;1;1;-19,26347485;-48,92260343;"SPRF-MG";"DEL15-MG";"UOP03-DEL15-MG"
267343;2020-02-05;"quarta-feira";"18:50:00";"SP";116;230,1;"SAO PAULO";"Falta de Atenção à Condução";"Colisão traseira";"Com Vítimas Feridas";"Anoitecer";"Decrescente";"Nublado";"Múltipla";"Reta";"Sim";3;0;2;0;1;0;2;2;-23,51703668;-46,5799956;"SPRF-SP";"DEL01-SP";"UOP01-DEL01-SP"
267344;2020-02-05;"quarta-feira";"17:50:00";"MG";381;529;"BRUMADINHO";"Pista Escorregadia";"Capotamento";"Com Vítimas Feridas";"Anoitecer";"Crescente";"Céu Claro";"Dupla";"Curva";"Não";1;0;0;1;0;0;1;1;-20,16619722;-44,36914378;"SPRF-MG";"DEL04-MG";"UOP03-DEL04-MG"
267348;2020-02-05;"quarta-feira";"18:35:00";"PE";232;406,9;"SERRA TALHADA";"Falta de Atenção à Condução";"Tombamento";"Com Vítimas Feridas";"Plena Noite";"Crescente";"Nublado";"Simples";"Reta";"Sim";1;0;1;0;0;0;1;1;-7,98720861;-38,26249294;"SPRF-PE";"DEL04-PE";"UOP01-DEL04-PE"
267350;2020-02-05;"quarta-feira";"18:40:00";"RJ";116;328;"RESENDE";"Pista Escorregadia";"Colisão lateral";"Com Vítimas Feridas";"Anoitecer";"Crescente";"Chuva";"Dupla";"Curva";"Não";6;0;2;0;4;0;2;3;-22,50480402;-44,596846;"SPRF-RJ";"DEL07-RJ";"UOP02-DEL07-RJ"
267351;2020-02-05;"quarta-feira";"18:45:00";"DF";70;0,6;"BRASILIA";"Falta de Atenção à Condução";"Colisão lateral";"Com Vítimas Feridas";"Plena Noite";"Crescente";"Nublado";"Dupla";"Reta";"Não";2;0;1;0;1;0;1;2;-15,79357502;-48,05797577;"SPRF-DF";"DEL01-DF";"UOP02-DEL03-DF"
267353;2020-02-05;"quarta-feira";"18:25:00";"MG";40;276,3;"TRES MARIAS";"Falta de Atenção à Condução";"Colisão transversal";"Com Vítimas Feridas";"Plena Noite";"Crescente";"Céu Claro";"Simples";"Reta";"Sim";2;0;0;1;1;0;1;2;-18,20602828;-45,23123233;"SPRF-MG";"DEL14-MG";"UOP02-DEL14-MG"
267355;2020-02-05;"quarta-feira";"17:45:00";"MG";381;501,3;"BETIM";"Falta de Atenção à Condução";"Tombamento";"Com Vítimas Feridas";"Pleno dia";"Crescente";"Nublado";"Múltipla";"Reta";"Sim";1;0;0;1;0;0;1;1;-20,01123351;-44,21961129;"SPRF-MG";"DEL01-MG";"UOP03-DEL01-MG"
267357;2020-02-05;"quarta-feira";"20:00:00";"PB";101;86,1;"JOAO PESSOA";"Animais na Pista";"Atropelamento de Animal";"Com Vítimas Feridas";"Plena Noite";"Crescente";"Nublado";"Múltipla";"Retorno Regulamentado;Reta;Aclive";"Sim";2;0;1;1;0;0;2;1;-7,15118983;-34,91012184;"SPRF-PB";"DEL01-PB";"UOP01-DEL01-PB"
267359;2020-02-05;"quarta-feira";"19:00:00";"MT";364;543;"ROSARIO OESTE";"Defeito na Via";"Atropelamento de Pedestre";"Com Vítimas Fatais";"Plena Noite";"Crescente";"Céu Claro";"Simples";"Reta;Ponte";"Sim";2;1;0;0;0;1;0;2;-14,90512097;-56,4679881;"SPRF-MT";"DEL01-MT";"UOP01-DEL01-MT"
267363;2020-02-05;"quarta-feira";"20:00:00";"MG";381;494,3;"BETIM";"Falta de Atenção à Condução";"Colisão lateral";"Com Vítimas Feridas";"Plena Noite";"Crescente";"Nublado";"Dupla";"Curva;Aclive";"Sim";2;0;1;0;0;1;1;2;-19,9666807;-44,1788856;"SPRF-MG";"DEL01-MG";"UOP03-DEL01-MG"
267367;2020-02-05;"quarta-feira";"20:00:00";"RN";101;71;"EXTREMOZ";"Falta de Atenção à Condução";"Colisão lateral";"Com Vítimas Feridas";"Plena Noite";"Crescente";"Céu Claro";"Simples";"Interseção de Vias";"Não";3;0;2;0;1;0;2;2;-5,68968701;-35,26298333;"SPRF-RN";"DEL02-RN";"UOP01-DEL02-RN"
267371;2020-02-05;"quarta-feira";"19:00:00";"RJ";101;162,2;"MACAE";"Falta de Atenção à Condução";"Queda de ocupante de veículo";"Com Vítimas Feridas";"Plena Noite";"Crescente";"Chuva";"Dupla";"Reta";"Não";1;0;1;0;0;0;1;1;-22,30241181;-41,88311841;"SPRF-RJ";"DEL02-RJ";"UOP04-DEL08-RJ"
267373;2020-02-05;"quarta-feira";"21:00:00";"PE";232;408,5;"SERRA TALHADA";"Falta de Atenção à Condução";"Danos eventuais";"Com Vítimas Feridas";"Plena Noite";"Crescente";"Céu Claro";"Simples";"Reta";"Sim";3;0;2;0;0;1;2;2;-7,98371447;-38,28047709;"SPRF-PE";"DEL04-PE";"UOP01-DEL04-PE"
267374;2020-02-05;"quarta-feira";"10:50:00";"SC";282;181;"BOCAINA DO SUL";"Falta de Atenção à Condução";"Saída de leito carroçável";"Com Vítimas Feridas";"Pleno dia";"Decrescente";"Céu Claro";"Simples";"Reta";"Não";3;0;0;1;2;0;1;2;-27,73331066;-49,97116696;"SPRF-SC";"DEL05-SC";"UOP01-DEL05-SC"
267375;2020-02-05;"quarta-feira";"20:20:00";"PR";369;462;"UBIRATA";"Ultrapassagem Indevida";"Colisão frontal";"Com Vítimas Feridas";"Plena Noite";"Decrescente";"Céu Claro";"Simples";"Reta";"Não";2;0;1;1;0;0;2;1;-24,5518;-53,1019;"SPRF-PR";"DEL04-PR";"UOP03-DEL04-PR"
267376;2020-02-05;"quarta-feira";"21:55:00";"RJ";493;23,7;"MAGE";"Falta de Atenção à Condução";"Atropelamento de Pedestre";"Com Vítimas Feridas";"Plena Noite";"Crescente";"Chuva";"Simples";"Reta";"Não";2;0;0;2;0;0;2;2;-22,65705297;-43,061742;"SPRF-RJ";"DEL04-RJ";"UOP02-DEL04-RJ"
267377;2020-02-05;"quarta-feira";"21:00:00";"ES";101;141,2;"LINHARES";"Falta de Atenção à Condução";"Colisão traseira";"Com Vítimas Feridas";"Plena Noite";"Crescente";"Céu Claro";"Dupla";"Reta";"Não";1;0;1;0;0;0;1;1;-19,32655693;-40,07192387;"SPRF-ES";"DEL04-ES";"UOP01-DEL04-ES"
267378;2020-02-05;"quarta-feira";"21:43:00";"SC";280;168,3;"MAFRA";"Velocidade Incompatível";"Saída de leito carroçável";"Com Vítimas Feridas";"Plena Noite";"Crescente";"Nublado";"Simples";"Declive;Reta";"Sim";1;0;0;1;0;0;1;1;-26,1600847;-49,81588937;"SPRF-SC";"DEL06-SC";"UOP01-DEL06-SC"
267379;2020-02-05;"quarta-feira";"22:10:00";"ES";101;141,2;"LINHARES";"Falta de Atenção à Condução";"Colisão traseira";"Com Vítimas Feridas";"Plena Noite";"Decrescente";"Céu Claro";"Simples";"Reta";"Não";2;0;1;0;1;0;1;2;-19,32655693;-40,07192387;"SPRF-ES";"DEL04-ES";"UOP01-DEL04-ES"
267381;2020-02-05;"quarta-feira";"20:57:00";"RJ";101;433,1;"MANGARATIBA";"Falta de Atenção à Condução";"Colisão transversal";"Com Vítimas Feridas";"Plena Noite";"Crescente";"Chuva";"Simples";"Reta";"Sim";2;0;1;0;1;0;1;2;-22,93842518;-44,03644001;"SPRF-RJ";"DEL03-RJ";"UOP01-DEL03-RJ"
267386;2020-02-05;"quarta-feira";"22:30:00";"SC";470;327;"CAMPOS NOVOS";"Mal Súbito";"Queda de ocupante de veículo";"Com Vítimas Feridas";"Plena Noite";"Decrescente";"Céu Claro";"Simples";"Reta";"Não";1;0;0;1;0;0;1;1;-27,465645;-51,268574;"SPRF-SC";"DEL07-SC";"UOP06-DEL07-SC"
267404;2020-02-06;"quinta-feira";"00:00:00";"SC";101;346;"JAGUARUNA";"Ingestão de Álcool";"Saída de leito carroçável";"Sem Vítimas";"Plena Noite";"Decrescente";"Chuva";"Dupla";"Reta";"Não";1;0;0;0;1;0;0;1;-28,57075399;-49,0532104;"SPRF-SC";"DEL02-SC";"UOP01-DEL02-SC"
267405;2020-02-06;"quinta-feira";"00:15:00";"SP";381;22;"BRAGANCA PAULISTA";"Pista Escorregadia";"Colisão com objeto estático";"Com Vítimas Feridas";"Plena Noite";"Decrescente";"Céu Claro";"Dupla";"Retorno Regulamentado;Curva";"Sim";3;0;1;0;0;2;1;2;-22,99697186;-46,5163051;"SPRF-SP";"DEL03-SP";"UOP01-DEL03-SP"
267408;2020-02-06;"quinta-feira";"00:10:00";"SC";101;64,9;"ARAQUARI";"Falta de Atenção à Condução";"Tombamento";"Com Vítimas Feridas";"Plena Noite";"Crescente";"Chuva";"Dupla";"Reta";"Não";1;0;1;0;0;0;1;1;-26,46433196;-48,75063097;"SPRF-SC";"DEL03-SC";"UOP02-DEL03-SC"
267409;2020-02-05;"quarta-feira";"22:30:00";"PR";369;191,9;"ARAPONGAS";"Defeito Mecânico no Veículo";"Colisão com objeto estático";"Com Vítimas Feridas";"Plena Noite";"Crescente";"Nublado";"Dupla";"Aclive;Reta";"Sim";2;0;2;0;0;0;2;1;-23,469722;-51,423889;"SPRF-PR";"DEL07-PR";"UOP03-DEL07-PR"
267411;2020-02-05;"quarta-feira";"18:00:00";"MT";70;678;"CACERES";"Pista Escorregadia";"Saída de leito carroçável";"Com Vítimas Feridas";"Anoitecer";"Crescente";"Chuva";"Simples";"Reta";"Não";1;0;1;0;0;0;1;1;-16,10847199;-57,29971702;"SPRF-MT";"DEL03-MT";"UOP02-DEL03-MT"
267412;2020-02-06;"quinta-feira";"02:00:00";"SP";116;408;"JUQUIA";"Falta de Atenção à Condução";"Colisão com objeto estático";"Com Vítimas Feridas";"Plena Noite";"Crescente";"Nublado";"Dupla";"Reta";"Não";1;0;0;1;0;0;1;1;-24,32873462;-47,57541707;"SPRF-SP";"DEL05-SP";"UOP01-DEL05-SP"
267413;2020-02-06;"quinta-feira";"03:00:00";"MG";381;858,3;"POUSO ALEGRE";"Velocidade Incompatível";"Saída de leito carroçável";"Com Vítimas Feridas";"Plena Noite";"Decrescente";"Chuva";"Dupla";"Reta";"Não";4;0;1;1;2;0;2;1;-22,34205201;-45,92609997;"SPRF-MG";"DEL16-MG";"UOP01-DEL16-MG"
267414;2020-02-05;"quarta-feira";"18:00:00";"RS";285;617;"SANTO ANTONIO DAS MISSOES";"Falta de Atenção à Condução";"Colisão frontal";"Com Vítimas Feridas";"Pleno dia";"Decrescente";"Sol";"Simples";"Curva";"Não";6;0;4;1;1;0;5;2;-28,500481;-55,456791;"SPRF-RS";"DEL12-RS";"UOP01-DEL12-RS"
267416;2020-02-06;"quinta-feira";"04:45:00";"RJ";40;38;"AREAL";"Velocidade Incompatível";"Capotamento";"Sem Vítimas";"Plena Noite";"Crescente";"Garoa/Chuvisco";"Dupla";"Curva";"Não";1;0;0;0;1;0;0;1;-22,22751025;-43,11963242;"SPRF-RJ";"DEL06-RJ";"UOP02-DEL05-RJ"
267417;2020-02-06;"quinta-feira";"03:30:00";"MS";163;263;"DOURADOS";"Desobediência às normas de trânsito pelo condutor";"Colisão lateral";"Com Vítimas Feridas";"Plena Noite";"Decrescente";"Céu Claro";"Dupla";"Rotatória";"Sim";2;0;1;0;1;0;1;2;-22,2316424;-54,7478208;"SPRF-MS";"DEL04-MS";"UOP01-DEL04-MS"
267418;2020-02-06;"quinta-feira";"05:15:00";"SC";101;352,1;"JAGUARUNA";"Pista Escorregadia";"Tombamento";"Com Vítimas Feridas";"Amanhecer";"Crescente";"Chuva";"Dupla";"Reta";"Não";1;0;1;0;0;0;1;1;-28,60489869;-49,05593332;"SPRF-SC";"DEL02-SC";"UOP01-DEL02-SC"
267419;2020-02-06;"quinta-feira";"05:30:00";"SC";101;205,2;"SAO JOSE";"Ingestão de Álcool";"Saída de leito carroçável";"Com Vítimas Feridas";"Amanhecer";"Crescente";"Chuva";"Dupla";"Curva";"Sim";1;0;1;0;0;0;1;1;-27,58313237;-48,61532885;"SPRF-SC";"DEL01-SC";"UOP01-DEL01-SC"
267420;2020-02-06;"quinta-feira";"05:40:00";"GO";50;196;"CAMPO ALEGRE DE GOIAS";"Defeito Mecânico no Veículo";"Tombamento";"Com Vítimas Feridas";"Amanhecer";"Decrescente";"Garoa/Chuvisco";"Dupla";"Reta";"Não";2;0;2;0;0;0;2;1;-17,5457;-47,8303;"SPRF-GO";"DEL06-GO";"UOP01-DEL06-GO"
267425;2020-02-06;"quinta-feira";"06:40:00";"RJ";116;106;"GUAPIMIRIM";"Defeito Mecânico no Veículo";"Tombamento";"Com Vítimas Feridas";"Pleno dia";"Crescente";"Chuva";"Dupla";"Reta";"Não";2;0;2;0;0;0;2;1;-22,521951;-43,00070097;"SPRF-RJ";"DEL04-RJ";"UOP02-DEL04-RJ"
267427;2020-02-06;"quinta-feira";"06:10:00";"PR";469;12;"FOZ DO IGUACU";"Desobediência às normas de trânsito pelo condutor";"Colisão transversal";"Sem Vítimas";"Pleno dia";"Crescente";"Céu Claro";"Dupla";"Interseção de Vias";"Sim";2;0;0;0;2;0;0;2;-25,5754;-54,5489;"SPRF-PR";"DEL05-PR";"UOP04-DEL05-PR"
267428;2020-02-06;"quinta-feira";"06:46:00";"SP";153;62;"SAO JOSE DO RIO PRETO";"Não guardar distância de segurança";"Colisão lateral";"Com Vítimas Feridas";"Pleno dia";"Decrescente";"Céu Claro";"Dupla";"Reta";"Sim";3;0;1;0;2;0;1;2;-20,81325404;-49,35675563;"SPRF-SP";"DEL09-SP";"UOP01-DEL09-SP"
267430;2020-02-06;"quinta-feira";"05:28:00";"DF";40;2,8;"BRASILIA";"Falta de Atenção à Condução";"Colisão lateral";"Com Vítimas Feridas";"Pleno dia";"Decrescente";"Céu Claro";"Dupla";"Reta";"Sim";3;0;2;0;1;0;2;2;-16,00007491;-47,98453873;"SPRF-DF";"DEL01-DF";"UOP01-DEL01-DF"
267433;2020-02-06;"quinta-feira";"06:50:00";"MG";381;496;"BETIM";"Falta de Atenção à Condução";"Tombamento";"Com Vítimas Feridas";"Pleno dia";"Decrescente";"Céu Claro";"Dupla";"Reta";"Sim";2;0;2;0;0;0;2;1;-19,99676497;-44,20958506;"SPRF-MG";"DEL01-MG";"UOP03-DEL01-MG"
267434;2020-02-06;"quinta-feira";"06:55:00";"MG";40;552;"NOVA LIMA";"Falta de Atenção à Condução";"Colisão lateral";"Sem Vítimas";"Pleno dia";"Crescente";"Nublado";"Simples";"Reta";"Sim";2;0;0;0;2;0;0;2;-20,06084086;-43,97716423;"SPRF-MG";"DEL01-MG";"UOP02-DEL01-MG"
267435;2020-02-06;"quinta-feira";"06:50:00";"CE";116;24;"ITAITINGA";"Desobediência às normas de trânsito pelo condutor";"Colisão lateral";"Sem Vítimas";"Pleno dia";"Decrescente";"Céu Claro";"Dupla";"Reta";"Não";2;0;0;0;2;0;0;2;-3,95797982;-38,5131124;"SPRF-CE";"DEL01-CE";"UOP02-DEL01-CE"
267437;2020-02-06;"quinta-feira";"07:30:00";"RS";290;105;"ELDORADO DO SUL";"Não guardar distância de segurança";"Colisão traseira";"Com Vítimas Feridas";"Pleno dia";"Decrescente";"Sol";"Dupla";"Reta";"Não";2;0;1;0;1;0;1;2;-29,99608;-51,285023;"SPRF-RS";"DEL02-RS";"UOP01-DEL02-RS"
267439;2020-02-06;"quinta-feira";"07:40:00";"SC";101;202;"SAO JOSE";"Falta de Atenção à Condução";"Queda de ocupante de veículo";"Com Vítimas Feridas";"Pleno dia";"Crescente";"Nublado";"Dupla";"Reta";"Sim";1;0;1;0;0;0;1;1;-27,55711595;-48,61897889;"SPRF-SC";"DEL01-SC";"UOP01-DEL01-SC"
267441;2020-02-06;"quinta-feira";"08:10:00";"PR";476;141;"CURITIBA";"Falta de Atenção à Condução";"Engavetamento";"Sem Vítimas";"Pleno dia";"Crescente";"Céu Claro";"Dupla";"Reta";"Sim";3;0;0;0;3;0;0;3;-25,528614;-49,298798;"SPRF-PR";"DEL01-PR";"UOP03-DEL01-PR"
267443;2020-02-06;"quinta-feira";"08:10:00";"PE";101;84,5;"JABOATAO DOS GUARARAPES";"Não guardar distância de segurança";"Colisão traseira";"Com Vítimas Feridas";"Pleno dia";"Crescente";"Céu Claro";"Simples";"Reta";"Sim";3;0;2;0;1;0;2;2;-8,2396419;-35,00335418;"SPRF-PE";"DEL01-PE";"UOP03-DEL01-PE"
267444;2020-02-06;"quinta-feira";"07:05:00";"MG";381;503,5;"BETIM";"Não guardar distância de segurança";"Colisão traseira";"Com Vítimas Feridas";"Pleno dia";"Decrescente";"Nublado";"Dupla";"Curva;Declive";"Sim";3;0;1;0;2;0;1;2;-20,03855134;-44,25495493;"SPRF-MG";"DEL01-MG";"UOP03-DEL01-MG"
267445;2020-02-06;"quinta-feira";"07:30:00";"SP";116;219;"GUARULHOS";"Não guardar distância de segurança";"Colisão lateral";"Com Vítimas Feridas";"Pleno dia";"Crescente";"Nublado";"Múltipla";"Reta";"Sim";1;0;1;0;0;0;1;1;-23,46143954;-46,48885316;"SPRF-SP";"DEL01-SP";"UOP01-DEL01-SP"
267447;2020-02-06;"quinta-feira";"08:15:00";"PR";369;161;"CAMBE";"Falta de Atenção à Condução";"Colisão traseira";"Com Vítimas Feridas";"Pleno dia";"Crescente";"Céu Claro";"Simples";"Reta";"Sim";2;0;1;0;1;0;1;2;-23,28613424;-51,25980377;"SPRF-PR";"DEL07-PR";"UOP01-DEL07-PR"
267448;2020-02-06;"quinta-feira";"07:40:00";"BA";324;622;"SALVADOR";"Não guardar distância de segurança";"Colisão lateral";"Com Vítimas Feridas";"Pleno dia";"Decrescente";"Nublado";"Múltipla";"Reta";"Não";2;0;1;0;1;0;1;2;-12,91888605;-38,46502095;"SPRF-BA";"DEL01-BA";"UOP01-DEL01-BA"
267449;2020-02-06;"quinta-feira";"07:00:00";"CE";116;42;"HORIZONTE";"Desobediência às normas de trânsito pelo condutor";"Colisão transversal";"Com Vítimas Feridas";"Pleno dia";"Crescente";"Nublado";"Dupla";"Reta";"Sim";2;0;0;1;1;0;1;2;-4,10857928;-38,4942173;"SPRF-CE";"DEL01-CE";"UOP02-DEL01-CE"
267452;2020-02-06;"quinta-feira";"08:05:00";"SC";101;216,9;"PALHOCA";"Não guardar distância de segurança";"Colisão lateral";"Com Vítimas Feridas";"Pleno dia";"Decrescente";"Garoa/Chuvisco";"Múltipla";"Reta";"Sim";3;0;1;0;2;0;1;2;-27,65981409;-48,67747798;"SPRF-SC";"DEL01-SC";"UOP02-DEL01-SC"
267453;2020-01-26;"domingo";"15:40:00";"SP";116;51,4;"LORENA";"Falta de Atenção à Condução";"Engavetamento";"Com Vítimas Feridas";"Pleno dia";"Decrescente";"Céu Claro";"Dupla";"Reta";"Sim";10;0;2;2;6;0;4;3;-22,74157511;-45,09206392;"SPRF-SP";"DEL08-SP";"UOP01-DEL08-SP"
267454;2020-02-06;"quinta-feira";"08:55:00";"SC";280;55,2;"GUARAMIRIM";"Falta de Atenção à Condução";"Colisão transversal";"Com Vítimas Feridas";"Pleno dia";"Decrescente";"Nublado";"Simples";"Reta";"Não";2;0;1;0;1;0;1;2;-26,47584353;-48,9937858;"SPRF-SC";"DEL03-SC";"UOP03-DEL03-SC"
267455;2020-02-06;"quinta-feira";"08:30:00";"PR";277;582,2;"CASCAVEL";"Falta de Atenção à Condução";"Colisão traseira";"Sem Vítimas";"Pleno dia";"Decrescente";"Nublado";"Dupla";"Reta";"Não";3;0;0;0;3;0;0;2;-24,97675228;-53,38623215;"SPRF-PR";"DEL04-PR";"UOP01-DEL04-PR"
267459;2020-02-05;"quarta-feira";"17:21:00";"PI";135;545;"SAO GONCALO DO GURGUEIA";"Falta de Atenção à Condução";"Saída de leito carroçável";"Com Vítimas Feridas";"Pleno dia";"Decrescente";"Nublado";"Simples";"Curva";"Não";4;0;1;0;3;0;1;1;-10,07190429;-45,27162443;"SPRF-PI";"DEL03-PI";"UOP02-DEL03-PI"
267462;2020-02-06;"quinta-feira";"05:25:00";"MT";174;289;"PONTES E LACERDA";"Falta de Atenção à Condução";"Atropelamento de Pedestre";"Com Vítimas Fatais";"Amanhecer";"Crescente";"Céu Claro";"Dupla";"Reta";"Sim";4;1;0;1;0;2;1;2;-15,22419218;-59,31889821;"SPRF-MT";"DEL04-MT";"UOP01-DEL04-MT"
267463;2020-02-06;"quinta-feira";"07:30:00";"PE";101;200,4;"PALMARES";"Falta de Atenção à Condução";"Saída de leito carroçável";"Com Vítimas Feridas";"Pleno dia";"Crescente";"Céu Claro";"Dupla";"Curva";"Não";1;0;0;1;0;0;1;1;-8,77234132;-35,6185606;"SPRF-PE";"DEL01-PE";"UOP03-DEL01-PE"
267465;2020-02-06;"quinta-feira";"09:20:00";"SC";101;355,3;"SANGAO";"Avarias e/ou desgaste excessivo no pneu";"Saída de leito carroçável";"Com Vítimas Feridas";"Pleno dia";"Crescente";"Chuva";"Dupla";"Reta";"Não";1;0;1;0;0;0;1;1;-28,64059156;-49,0747817;"SPRF-SC";"DEL02-SC";"UOP01-DEL02-SC"
267466;2020-02-06;"quinta-feira";"08:50:00";"RJ";101;488,4;"ANGRA DOS REIS";"Falta de Atenção à Condução";"Colisão transversal";"Com Vítimas Feridas";"Pleno dia";"Crescente";"Nublado";"Simples";"Reta";"Sim";1;0;1;0;0;0;1;1;-22,95698556;-44,30723369;"SPRF-RJ";"DEL03-RJ";"UOP03-DEL03-RJ"
267467;2020-02-02;"domingo";"15:59:00";"SP";116;41;"CACHOEIRA PAULISTA";"Falta de Atenção à Condução";"Colisão traseira";"Sem Vítimas";"Pleno dia";"Crescente";"Chuva";"Dupla";"Reta;Aclive";"Não";2;0;0;0;2;0;0;2;-22,68631027;-45,0146498;"SPRF-SP";"DEL08-SP";"UOP02-DEL08-SP"
267468;2020-02-06;"quinta-feira";"08:30:00";"MG";153;44;"CANAPOLIS";"Velocidade Incompatível";"Saída de leito carroçável";"Com Vítimas Feridas";"Pleno dia";"Crescente";"Chuva";"Dupla";"Reta";"Não";2;0;1;0;1;0;1;1;-18,77297399;-49,07332603;"SPRF-MG";"DEL15-MG";"UOP03-DEL15-MG"
267475;2020-02-06;"quinta-feira";"10:45:00";"SP";116;200,1;"ARUJA";"Defeito Mecânico no Veículo";"Queda de ocupante de veículo";"Com Vítimas Feridas";"Pleno dia";"Decrescente";"Céu Claro";"Simples";"Reta";"Não";1;0;1;0;0;0;1;1;-23,40281294;-46,3211;"SPRF-SP";"DEL01-SP";"UOP01-DEL01-SP"
267476;2020-02-06;"quinta-feira";"11:00:00";"DF";20;46,6;"BRASILIA";"Pista Escorregadia";"Saída de leito carroçável";"Com Vítimas Feridas";"Pleno dia";"Crescente";"Chuva";"Dupla";"Declive;Curva";"Não";3;0;2;0;1;0;2;1;-15,580584;-47,458492;"SPRF-DF";"DEL02-DF";"UOP01-DEL02-DF"
267478;2020-02-02;"domingo";"04:40:00";"AL";104;88,7;"RIO LARGO";"Desobediência às normas de trânsito pelo condutor";"Colisão frontal";"Com Vítimas Feridas";"Amanhecer";"Decrescente";"Céu Claro";"Dupla";"Reta";"Sim";3;0;0;1;2;0;1;2;-9,48375193;-35,81815581;"SPRF-AL";"DEL01-AL";"UOP01-DEL01-AL"