"id";"data_inversa";"dia_semana";"horario";"uf";"br";"km";"municipio";"causa_acidente";"tipo_acidente";"classificacao_acidente";"fase_dia";"sentido_via";"condicao_metereologica";"tipo_pista";"tracado_via";"uso_solo";"pessoas";"mortos";"feridos_leves";"feridos_graves";"ilesos";"ignorados";"feridos";"veiculos";"latitude";"longitude";"regional";"delegacia";"uop"
267479;2020-02-06;"quinta-feira";"11:20:00";"SP";116;223,3;"GUARULHOS";"Falta de Atenção à Condução";"Colisão lateral";"Com Vítimas Feridas";"Pleno dia";"Crescente";"Céu Claro";"Múltipla";"Reta";"Sim";2;0;1;0;1;0;1;2;-23,48175825;-46,53499972;"SPRF-SP";"DEL01-SP";"UOP01-DEL01-SP"
267482;2020-02-06;"quinta-feira";"11:45:00";"SC";101;215,8;"PALHOCA";"Desobediência às normas de trânsito pelo condutor";"Colisão traseira";"Com Vítimas Feridas";"Pleno dia";"Decrescente";"Nublado";"Múltipla";"Reta;Interseção de Vias";"Sim";2;0;1;0;1;0;1;2;-27,65184843;-48,67604941;"SPRF-SC";"DEL01-SC";"UOP02-DEL01-SC"
267485;2020-02-06;"quinta-feira";"09:50:00";"RO";364;218,3;"PIMENTA BUENO";"Animais na Pista";"Colisão traseira";"Com Vítimas Feridas";"Pleno dia";"Decrescente";"Nublado";"Simples";"Reta";"Não";4;0;1;0;3;0;1;2;-11,53984005;-61,30595904;"SPRF-RO";"DEL02-RO";"UOP02-DEL02-RO"
267488;2020-02-06;"quinta-feira";"10:45:00";"MG";40;791,1;"JUIZ DE FORA";"Defeito Mecânico no Veículo";"Incêndio";"Sem Vítimas";"Pleno dia";"Decrescente";"Garoa/Chuvisco";"Dupla";"Reta";"Não";2;0;0;0;2;0;0;1;-21,77922124;-43,42576012;"SPRF-MG";"DEL05-MG";"UOP01-DEL05-MG"
267490;2020-02-06;"quinta-feira";"12:40:00";"ES";262;5,5;"CARIACICA";"Falta de Atenção à Condução";"Colisão transversal";"Com Vítimas Feridas";"Pleno dia";"Crescente";"Nublado";"Múltipla";"Reta";"Sim";2;0;1;0;1;0;1;2;-20,33847037;-40,39243698;"SPRF-ES";"DEL01-ES";"UOP01-DEL01-ES"
267491;2020-02-06;"quinta-feira";"11:30:00";"PB";230;85,6;"CALDAS BRANDAO";"Falta de Atenção à Condução";"Capotamento";"Com Vítimas Feridas";"Pleno dia";"Decrescente";"Céu Claro";"Dupla";"Reta";"Não";3;0;3;0;0;0;3;1;-7,1652;-35,3534;"SPRF-PB";"DEL01-PB";"UOP03-DEL01-PB"
267493;2020-02-06;"quinta-feira";"12:25:00";"GO";60;40,9;"ALEXANIA";"Velocidade Incompatível";"Saída de leito carroçável";"Com Vítimas Feridas";"Pleno dia";"Decrescente";"Chuva";"Dupla";"Declive;Curva";"Não";2;0;0;2;0;0;2;1;-16,1107;-48,5646;"SPRF-DF";"DEL01-DF";"UOP01-DEL03-DF"
267494;2020-02-06;"quinta-feira";"12:45:00";"RS";116;149;"CAXIAS DO SUL";"Falta de Atenção à Condução";"Colisão lateral";"Com Vítimas Feridas";"Pleno dia";"Crescente";"Sol";"Dupla";"Interseção de Vias";"Sim";2;0;1;0;1;0;1;2;-29,15996905;-51,15645292;"SPRF-RS";"DEL05-RS";"UOP01-DEL05-RS"
267496;2020-02-06;"quinta-feira";"12:35:00";"CE";20;423,5;"MARACANAU";"Falta de Atenção à Condução";"Colisão traseira";"Com Vítimas Feridas";"Pleno dia";"Crescente";"Sol";"Dupla";"Reta";"Sim";3;0;2;0;1;0;2;2;-3,76999035;-38,67006282;"SPRF-CE";"DEL01-CE";"UOP02-DEL01-CE"
267498;2020-02-06;"quinta-feira";"13:25:00";"GO";60;169,6;"GOIANIA";"Velocidade Incompatível";"Colisão lateral";"Com Vítimas Feridas";"Pleno dia";"Crescente";"Céu Claro";"Dupla";"Reta";"Não";2;0;0;2;0;0;2;1;-16,7305;-49,3908;"SPRF-GO";"DEL01-GO";"UOP02-DEL01-GO"
267499;2020-02-06;"quinta-feira";"13:30:00";"SC";101;94;"BARRA VELHA";"Velocidade Incompatível";"Colisão com objeto estático";"Com Vítimas Feridas";"Pleno dia";"Decrescente";"Chuva";"Dupla";"Reta";"Não";2;0;1;0;1;0;1;1;-26,69940401;-48,69902784;"SPRF-SC";"DEL03-SC";"UOP02-DEL03-SC"
267502;2020-01-27;"segunda-feira";"07:00:00";"PR";476;123;"CURITIBA";"Falta de Atenção à Condução";"Tombamento";"Com Vítimas Feridas";"Pleno dia";"Crescente";"Ignorado";"Dupla";"Reta";"Sim";1;0;1;0;0;0;1;1;-25,392904;-49,209557;"SPRF-PR";"DEL01-PR";"UOP07-DEL01-PR"
267504;2020-02-06;"quinta-feira";"13:55:00";"MG";381;349;"JOAO MONLEVADE";"Velocidade Incompatível";"Tombamento";"Com Vítimas Feridas";"Pleno dia";"Crescente";"Nublado";"Simples";"Reta";"Não";1;0;1;0;0;0;1;1;-19,85240306;-43,11143182;"SPRF-MG";"DEL03-MG";"UOP01-DEL03-MG"
267505;2020-02-06;"quinta-feira";"14:05:00";"MG";262;380,8;"JUATUBA";"Velocidade Incompatível";"Saída de leito carroçável";"Com Vítimas Feridas";"Pleno dia";"Decrescente";"Chuva";"Dupla";"Curva";"Não";1;0;1;0;0;0;1;1;-19,93537979;-44,43644643;"SPRF-MG";"DEL01-MG";"UOP03-DEL01-MG"
267506;2020-02-06;"quinta-feira";"12:40:00";"PR";116;4,8;"QUATRO BARRAS";"Avarias e/ou desgaste excessivo no pneu";"Queda de ocupante de veículo";"Com Vítimas Feridas";"Pleno dia";"Decrescente";"Nublado";"Dupla";"Reta";"Sim";1;0;1;0;0;0;1;1;-25,3629;-49,0822;"SPRF-PR";"DEL01-PR";"UOP01-DEL01-PR"
267507;2020-02-06;"quinta-feira";"13:30:00";"PR";277;27;"MORRETES";"Falta de Atenção à Condução";"Colisão traseira";"Com Vítimas Feridas";"Pleno dia";"Decrescente";"Nublado";"Dupla";"Reta";"Não";3;0;1;0;1;1;1;3;-25,5427;-48,77777;"SPRF-PR";"DEL01-PR";"UOP05-DEL01-PR"
267510;2020-02-06;"quinta-feira";"12:25:00";"PR";277;721,1;"FOZ DO IGUACU";"Desobediência às normas de trânsito pelo condutor";"Colisão transversal";"Com Vítimas Feridas";"Pleno dia";"Decrescente";"Céu Claro";"Dupla";"Reta;Retorno Regulamentado";"Sim";2;0;1;0;1;0;1;2;-25,4911505;-54,51185421;"SPRF-PR";"DEL05-PR";"UOP01-DEL05-PR"
267511;2020-02-06;"quinta-feira";"08:13:00";"SC";282;52;"RANCHO QUEIMADO";"Velocidade Incompatível";"Saída de leito carroçável";"Com Vítimas Feridas";"Pleno dia";"Decrescente";"Chuva";"Simples";"Curva";"Não";1;0;1;0;0;0;1;1;-27,696936;-48,964138;"SPRF-SC";"DEL01-SC";"UOP03-DEL01-SC"
267512;2020-02-06;"quinta-feira";"14:20:00";"PR";376;108;"PARANAVAI";"Falta de Atenção à Condução";"Colisão com objeto estático";"Com Vítimas Feridas";"Pleno dia";"Crescente";"Céu Claro";"Dupla";"Viaduto";"Sim";1;0;1;0;0;0;1;1;-23,07492893;-52,41720594;"SPRF-PR";"DEL07-PR";"UOP02-DEL09-PR"
267515;2020-02-06;"quinta-feira";"14:20:00";"GO";50;97,7;"CRISTALINA";"Desobediência às normas de trânsito pelo condutor";"Colisão transversal";"Com Vítimas Feridas";"Pleno dia";"Decrescente";"Garoa/Chuvisco";"Simples";"Interseção de Vias";"Sim";2;0;1;0;1;0;1;2;-16,76660864;-47,6162089;"SPRF-DF";"DEL01-DF";"UOP02-DEL01-DF"
267516;2020-02-06;"quinta-feira";"14:00:00";"MS";163;478,5;"CAMPO GRANDE";"Defeito Mecânico no Veículo";"Incêndio";"Sem Vítimas";"Pleno dia";"Decrescente";"Céu Claro";"Simples";"Reta";"Não";1;0;0;0;1;0;0;1;-20,49629699;-54,55916871;"SPRF-MS";"DEL01-MS";"UOP01-DEL01-MS"
267522;2020-01-01;"quarta-feira";"08:30:00";"RJ";101;504,7;"ANGRA DOS REIS";"Ingestão de Álcool";"Colisão frontal";"Com Vítimas Feridas";"Pleno dia";"Crescente";"Céu Claro";"Simples";"Reta";"Sim";2;0;2;0;0;0;2;2;-22,93155828;-44,38812093;"SPRF-RJ";"DEL03-RJ";"UOP02-DEL03-RJ"
267524;2020-02-06;"quinta-feira";"15:00:00";"GO";158;273;"JATAI";"Desobediência às normas de trânsito pelo condutor";"Colisão transversal";"Com Vítimas Feridas";"Pleno dia";"Crescente";"Céu Claro";"Simples";"Reta";"Sim";2;0;0;1;1;0;1;2;-17,88983451;-51,73732875;"SPRF-GO";"DEL05-GO";"UOP01-DEL05-GO"
267525;2020-02-06;"quinta-feira";"12:56:00";"MT";364;277,8;"JACIARA";"Pista Escorregadia";"Saída de leito carroçável";"Com Vítimas Feridas";"Pleno dia";"Decrescente";"Chuva";"Dupla";"Curva";"Não";3;0;3;0;0;0;3;1;-15,95076591;-54,99952397;"SPRF-MT";"DEL02-MT";"UOP02-DEL05-MT"
267527;2020-02-06;"quinta-feira";"15:25:00";"MG";40;491;"ESMERALDAS";"Não guardar distância de segurança";"Colisão traseira";"Com Vítimas Feridas";"Pleno dia";"Crescente";"Chuva";"Dupla";"Reta";"Não";4;0;4;0;0;0;4;2;-19,62850298;-44,20532179;"SPRF-MG";"DEL02-MG";"UOP01-DEL02-MG"
267528;2020-02-06;"quinta-feira";"15:05:00";"SP";153;47,4;"SAO JOSE DO RIO PRETO";"Pista Escorregadia";"Colisão lateral";"Com Vítimas Feridas";"Pleno dia";"Crescente";"Chuva";"Simples";"Reta;Declive";"Não";3;0;1;0;2;0;1;2;-20,68199298;-49,34015562;"SPRF-SP";"DEL09-SP";"UOP01-DEL09-SP"
267531;2020-02-06;"quinta-feira";"15:30:00";"PR";376;601;"CURITIBA";"Falta de Atenção à Condução";"Colisão traseira";"Com Vítimas Feridas";"Pleno dia";"Decrescente";"Chuva";"Dupla";"Reta";"Sim";3;0;1;0;2;0;1;2;-25,542681;-49,308747;"SPRF-PR";"DEL01-PR";"UOP06-DEL01-PR"
267533;2020-02-06;"quinta-feira";"15:15:00";"BA";101;262;"SANTO ANTONIO DE JESUS";"Não guardar distância de segurança";"Colisão traseira";"Com Vítimas Feridas";"Pleno dia";"Decrescente";"Sol";"Múltipla";"Reta";"Sim";5;0;2;0;2;1;2;4;-12,97187052;-39,27507896;"SPRF-BA";"DEL01-BA";"UOP02-DEL01-BA"
267534;2020-02-06;"quinta-feira";"15:45:00";"RJ";40;33;"AREAL";"Condutor Dormindo";"Saída de leito carroçável";"Com Vítimas Feridas";"Pleno dia";"Decrescente";"Garoa/Chuvisco";"Dupla";"Curva";"Não";4;0;4;0;0;0;4;1;-22,20148139;-43,15009735;"SPRF-RJ";"DEL06-RJ";"UOP02-DEL05-RJ"
267535;2020-02-06;"quinta-feira";"14:20:00";"BA";110;2;"PAULO AFONSO";"Falta de Atenção à Condução";"Colisão transversal";"Com Vítimas Feridas";"Pleno dia";"Decrescente";"Nublado";"Simples";"Reta";"Sim";2;0;1;0;1;0;1;2;-9,47099311;-38,20719886;"SPRF-BA";"DEL07-BA";"UOP01-DEL07-BA"
267537;2020-02-06;"quinta-feira";"11:35:00";"ES";101;433,7;"MIMOSO DO SUL";"Objeto estático sobre o leito carroçável";"Colisão com objeto em movimento";"Com Vítimas Feridas";"Pleno dia";"Decrescente";"Sol";"Simples";"Reta";"Não";2;0;0;1;0;1;1;2;-21,04218499;-41,18389907;"SPRF-ES";"DEL03-ES";"UOP02-DEL03-ES"
267539;2020-02-06;"quinta-feira";"15:55:00";"BA";116;424;"FEIRA DE SANTANA";"Falta de Atenção à Condução";"Colisão transversal";"Com Vítimas Feridas";"Pleno dia";"Crescente";"Nublado";"Simples";"Reta";"Sim";2;0;1;0;1;0;1;2;-12,24003498;-38,98262898;"SPRF-BA";"DEL02-BA";"UOP01-DEL02-BA"
267541;2020-02-06;"quinta-feira";"16:10:00";"DF";20;12,5;"BRASILIA";"Desobediência às normas de trânsito pelo pedestre";"Colisão transversal";"Com Vítimas Feridas";"Pleno dia";"Decrescente";"Chuva";"Dupla";"Reta";"Não";2;0;1;1;0;0;2;2;-15,642812;-47,757786;"SPRF-DF";"DEL02-DF";"UOP01-DEL02-DF"
267542;2020-02-06;"quinta-feira";"16:30:00";"PE";101;79,9;"JABOATAO DOS GUARARAPES";"Falta de Atenção à Condução";"Colisão transversal";"Com Vítimas Feridas";"Pleno dia";"Decrescente";"Céu Claro";"Dupla";"Reta";"Sim";5;0;3;0;2;0;3;2;-8,14366112;-34,94723453;"SPRF-PE";"DEL01-PE";"UOP01-DEL01-PE"
267544;2020-02-06;"quinta-feira";"16:30:00";"PA";316;31;"SANTA IZABEL DO PARA";"Pista Escorregadia";"Saída de leito carroçável";"Com Vítimas Feridas";"Pleno dia";"Decrescente";"Chuva";"Dupla";"Curva";"Não";2;0;1;0;1;0;1;1;-1,3025866;-48,1965672;"SPRF-PA";"DEL01-PA";"UOP01-DEL01-PA"
267547;2020-02-06;"quinta-feira";"16:30:00";"RS";472;156,4;"SANTA ROSA";"Desobediência às normas de trânsito pelo condutor";"Colisão transversal";"Com Vítimas Feridas";"Pleno dia";"Crescente";"Céu Claro";"Simples";"Interseção de Vias";"Sim";4;0;1;1;2;0;2;2;-27,83631124;-54,43075203;"SPRF-RS";"DEL10-RS";"UOP01-DEL10-RS"
267551;2020-02-06;"quinta-feira";"16:00:00";"PA";316;30;"SANTA IZABEL DO PARA";"Pista Escorregadia";"Saída de leito carroçável";"Com Vítimas Feridas";"Pleno dia";"Decrescente";"Chuva";"Simples";"Curva";"Não";1;0;1;0;0;0;1;1;-1,30604012;-48,20471397;"SPRF-PA";"DEL01-PA";"UOP01-DEL01-PA"
267553;2020-02-06;"quinta-feira";"15:00:00";"BA";135;11;"FORMOSA DO RIO PRETO";"Falta de Atenção à Condução";"Colisão transversal";"Com Vítimas Feridas";"Pleno dia";"Decrescente";"Céu Claro";"Simples";"Interseção de Vias";"Não";5;0;1;0;4;0;1;2;-10,92357016;-45,17961456;"SPRF-BA";"DEL10-BA";"UOP01-DEL10-BA"
267554;2020-02-06;"quinta-feira";"12:15:00";"SC";282;376;"HERVAL DOESTE";"Falta de Atenção à Condução";"Colisão transversal";"Sem Vítimas";"Pleno dia";"Decrescente";"Céu Claro";"Simples";"Reta";"Não";2;0;0;0;2;0;0;2;-27,220205;-51,461185;"SPRF-SC";"DEL07-SC";"UOP05-DEL07-SC"
267557;2020-02-06;"quinta-feira";"16:20:00";"MG";381;532;"ITATIAIUCU";"Falta de Atenção à Condução";"Saída de leito carroçável";"Com Vítimas Feridas";"Pleno dia";"Crescente";"Chuva";"Dupla";"Curva";"Não";2;0;1;0;1;0;1;1;-20,1904316;-44,38268793;"SPRF-MG";"DEL04-MG";"UOP03-DEL04-MG"
267558;2020-02-06;"quinta-feira";"18:00:00";"MG";381;924,5;"CAMANDUCAIA";"Velocidade Incompatível";"Saída de leito carroçável";"Com Vítimas Feridas";"Anoitecer";"Crescente";"Chuva";"Dupla";"Curva";"Não";2;0;1;0;1;0;1;1;-22,77050246;-46,23490598;"SPRF-MG";"DEL16-MG";"UOP03-DEL16-MG"
267559;2020-02-06;"quinta-feira";"17:25:00";"PR";277;579,4;"CASCAVEL";"Desobediência às normas de trânsito pelo condutor";"Colisão transversal";"Com Vítimas Feridas";"Pleno dia";"Crescente";"Céu Claro";"Simples";"Reta";"Não";3;0;1;0;1;1;1;3;-24,983391;-53,363385;"SPRF-PR";"DEL04-PR";"UOP01-DEL04-PR"
267560;2020-02-06;"quinta-feira";"17:40:00";"PA";163;980;"SANTAREM";"Falta de Atenção à Condução";"Colisão traseira";"Com Vítimas Feridas";"Pleno dia";"Decrescente";"Céu Claro";"Simples";"Reta";"Não";2;0;1;0;1;0;1;2;-2,63482156;-54,74836014;"SPRF-PA";"DEL05-PA";"UOP01-DEL05-PA"
267562;2020-02-06;"quinta-feira";"18:20:00";"BA";116;830,4;"VITORIA DA CONQUISTA";"Falta de Atenção à Condução";"Tombamento";"Com Vítimas Feridas";"Anoitecer";"Decrescente";"Céu Claro";"Simples";"Reta";"Sim";1;0;1;0;0;0;1;1;-14,91718899;-40,87881804;"SPRF-BA";"DEL08-BA";"UOP01-DEL08-BA"
267565;2020-02-06;"quinta-feira";"18:20:00";"PE";232;175,8;"BELO JARDIM";"Animais na Pista";"Atropelamento de Animal";"Com Vítimas Feridas";"Plena Noite";"Crescente";"Vento";"Simples";"Reta";"Não";1;0;0;1;0;0;1;1;-8,34100926;-36,38709684;"SPRF-PE";"DEL02-PE";"UOP03-DEL02-PE"
267566;2020-02-06;"quinta-feira";"17:30:00";"ES";101;262;"SERRA";"Desobediência às normas de trânsito pelo condutor";"Engavetamento";"Com Vítimas Feridas";"Pleno dia";"Decrescente";"Céu Claro";"Simples";"Declive";"Sim";7;0;2;0;2;3;2;6;-20,1572331;-40,27678329;"SPRF-ES";"DEL02-ES";"UOP01-DEL02-ES"
267576;2020-02-06;"quinta-feira";"08:00:00";"RJ";101;144;"MACAE";"Velocidade Incompatível";"Colisão com objeto estático";"Com Vítimas Feridas";"Pleno dia";"Crescente";"Céu Claro";"Dupla";"Curva";"Sim";3;0;1;0;0;2;1;1;-22,21328005;-41,75426573;"SPRF-RJ";"DEL02-RJ";"UOP04-DEL08-RJ"
267587;2020-02-06;"quinta-feira";"18:10:00";"SC";101;208;"SAO JOSE";"Pista Escorregadia";"Tombamento";"Com Vítimas Feridas";"Amanhecer";"Decrescente";"Chuva";"Dupla";"Declive";"Sim";1;0;1;0;0;0;1;1;-27,60327979;-48,63201818;"SPRF-SC";"DEL01-SC";"UOP01-DEL01-SC"
267604;2020-02-06;"quinta-feira";"16:30:00";"MA";135;21;"SAO LUIS";"Defeito Mecânico no Veículo";"Colisão transversal";"Com Vítimas Feridas";"Pleno dia";"Crescente";"Nublado";"Dupla";"Reta";"Sim";3;0;0;2;1;0;2;2;-2,738702;-44,336989;"SPRF-MA";"DEL01-MA";"UOP01-DEL01-MA"
267605;2020-02-06;"quinta-feira";"19:00:00";"AL";316;221,7;"ATALAIA";"Desobediência às normas de trânsito pelo condutor";"Colisão transversal";"Com Vítimas Feridas";"Plena Noite";"Crescente";"Céu Claro";"Simples";"Curva";"Não";3;0;3;0;0;0;3;2;-9,4684713;-36,18913365;"SPRF-AL";"DEL01-AL";"UOP01-DEL01-AL"
267607;2020-02-06;"quinta-feira";"19:30:00";"GO";60;135;"GOIANIA";"Velocidade Incompatível";"Saída de leito carroçável";"Com Vítimas Feridas";"Plena Noite";"Crescente";"Chuva";"Dupla";"Declive";"Não";2;0;1;0;1;0;1;1;-16,589;-49,1945;"SPRF-GO";"DEL01-GO";"UOP01-DEL01-GO"
267608;2020-02-06;"quinta-feira";"19:45:00";"MG";40;508;"RIBEIRAO DAS NEVES";"Falta de Atenção do Pedestre";"Colisão traseira";"Com Vítimas Feridas";"Plena Noite";"Crescente";"Chuva";"Dupla";"Reta";"Sim";2;0;1;0;1;0;1;2;-19,76061249;-44,1347544;"SPRF-MG";"DEL02-MG";"UOP01-DEL02-MG"
267609;2020-02-06;"quinta-feira";"19:20:00";"SP";116;222;"GUARULHOS";"Não guardar distância de segurança";"Colisão traseira";"Com Vítimas Feridas";"Plena Noite";"Crescente";"Nublado";"Múltipla";"Reta";"Sim";4;0;0;1;2;1;1;4;-23,47093408;-46,51631097;"SPRF-SP";"DEL01-SP";"UOP01-DEL01-SP"
267612;2020-02-06;"quinta-feira";"19:45:00";"PI";343;22,5;"PARNAIBA";"Ingestão de álcool e/ou substâncias psicoativas pelo pedestre";"Atropelamento de Pedestre";"Com Vítimas Feridas";"Plena Noite";"Crescente";"Nublado";"Simples";"Reta";"Não";2;0;2;0;0;0;2;2;-2,998956;-41,76561;"SPRF-PI";"DEL05-PI";"UOP01-DEL05-PI"
267615;2020-02-06;"quinta-feira";"17:00:00";"BA";242;471;"IBITIARA";"Ultrapassagem Indevida";"Saída de leito carroçável";"Com Vítimas Feridas";"Pleno dia";"Decrescente";"Chuva";"Simples";"Reta";"Não";1;0;1;0;0;0;1;1;-12,46171291;-42,237764;"SPRF-BA";"DEL06-BA";"UOP01-DEL06-BA"
267616;2020-02-06;"quinta-feira";"19:50:00";"RN";101;105;"PARNAMIRIM";"Falta de Atenção do Pedestre";"Atropelamento de Pedestre";"Sem Vítimas";"Plena Noite";"Crescente";"Céu Claro";"Dupla";"Reta";"Sim";1;0;0;0;1;0;0;1;-5,92734545;-35,26489328;"SPRF-RN";"DEL01-RN";"UOP01-DEL01-RN"
267617;2020-02-06;"quinta-feira";"17:10:00";"SC";163;1,9;"DIONISIO CERQUEIRA";"Velocidade Incompatível";"Atropelamento de Pedestre";"Com Vítimas Feridas";"Pleno dia";"Decrescente";"Nublado";"Simples";"Reta";"Não";2;0;0;1;1;0;1;2;-26,26978882;-53,63233566;"SPRF-SC";"DEL07-SC";"UOP04-DEL07-SC"
267619;2020-02-06;"quinta-feira";"16:15:00";"RJ";116;292,6;"PORTO REAL";"Defeito Mecânico no Veículo";"Colisão com objeto estático";"Sem Vítimas";"Pleno dia";"Decrescente";"Chuva";"Dupla";"Interseção de Vias";"Não";1;0;0;0;1;0;0;1;-22,46511993;-44,28491095;"SPRF-RJ";"DEL07-RJ";"UOP02-DEL07-RJ"
267620;2020-02-06;"quinta-feira";"12:20:00";"RO";364;8,4;"VILHENA";"Falta de Atenção à Condução";"Colisão com objeto estático";"Com Vítimas Fatais";"Pleno dia";"Decrescente";"Sol";"Simples";"Reta";"Não";1;1;0;0;0;0;0;1;-12,76679409;-60,09631128;"SPRF-RO";"DEL04-RO";"UOP01-DEL04-RO"
267621;2020-02-06;"quinta-feira";"20:50:00";"SP";116;224;"GUARULHOS";"Não guardar distância de segurança";"Tombamento";"Com Vítimas Feridas";"Plena Noite";"Decrescente";"Nublado";"Múltipla";"Reta";"Sim";1;0;1;0;0;0;1;1;-23,48071896;-46,53271603;"SPRF-SP";"DEL01-SP";"UOP01-DEL01-SP"
267625;2020-02-06;"quinta-feira";"20:00:00";"TO";153;638;"ALIANCA DO TOCANTINS";"Animais na Pista";"Queda de ocupante de veículo";"Com Vítimas Feridas";"Plena Noite";"Decrescente";"Chuva";"Simples";"Reta";"Não";2;0;1;1;0;0;2;1;-11,43029003;-48,98545691;"SPRF-TO";"DEL02-TO";"UOP02-DEL01-TO"
267626;2020-02-06;"quinta-feira";"18:30:00";"MG";146;519,8;"POCOS DE CALDAS";"Desobediência às normas de trânsito pelo condutor";"Colisão traseira";"Sem Vítimas";"Plena Noite";"Crescente";"Chuva";"Simples";"Reta";"Sim";2;0;0;0;1;1;0;2;-21,806482;-46,490575;"SPRF-MG";"DEL16-MG";"UOP01-DEL09-MG"
267627;2020-02-06;"quinta-feira";"21:20:00";"RS";290;146,8;"ELDORADO DO SUL";"Defeito Mecânico no Veículo";"Incêndio";"Sem Vítimas";"Plena Noite";"Decrescente";"Céu Claro";"Simples";"Reta";"Não";1;0;0;0;1;0;0;1;-30,10741489;-51,67385101;"SPRF-RS";"DEL02-RS";"UOP01-DEL02-RS"
267628;2020-02-06;"quinta-feira";"20:55:00";"PR";376;176;"MARINGA";"Ingestão de Álcool";"Colisão traseira";"Sem Vítimas";"Pleno dia";"Decrescente";"Céu Claro";"Múltipla";"Reta";"Sim";2;0;0;0;2;0;0;2;-23,41269173;-51,93158327;"SPRF-PR";"DEL07-PR";"UOP01-DEL09-PR"
267630;2020-02-06;"quinta-feira";"22:15:00";"DF";70;1,6;"BRASILIA";"Desobediência às normas de trânsito pelo condutor";"Colisão transversal";"Com Vítimas Feridas";"Plena Noite";"Decrescente";"Garoa/Chuvisco";"Dupla";"Reta";"Sim";4;0;1;1;2;0;2;3;-15,795264;-48,063801;"SPRF-DF";"DEL01-DF";"UOP02-DEL03-DF"
267631;2020-02-06;"quinta-feira";"17:50:00";"PR";373;175;"PONTA GROSSA";"Ingestão de Álcool";"Queda de ocupante de veículo";"Com Vítimas Feridas";"Pleno dia";"Crescente";"Céu Claro";"Múltipla";"Reta";"Sim";1;0;1;0;0;0;1;1;-25,06728094;-50,21211882;"SPRF-PR";"DEL03-PR";"UOP01-DEL03-PR"
267632;2020-02-06;"quinta-feira";"22:00:00";"PR";469;17,3;"FOZ DO IGUACU";"Falta de Atenção à Condução";"Saída de leito carroçável";"Com Vítimas Feridas";"Plena Noite";"Crescente";"Céu Claro";"Simples";"Curva";"Não";1;0;1;0;0;0;1;1;-25,5906;-54,5172;"SPRF-PR";"DEL05-PR";"UOP04-DEL05-PR"
267634;2020-02-06;"quinta-feira";"21:50:00";"BA";101;875;"TEIXEIRA DE FREITAS";"Ingestão de Álcool";"Colisão transversal";"Com Vítimas Feridas";"Plena Noite";"Decrescente";"Nublado";"Dupla";"Interseção de Vias";"Sim";2;0;0;1;1;0;1;2;-17,52446428;-39,70798753;"SPRF-BA";"DEL09-BA";"UOP02-DEL09-BA"
267636;2020-02-06;"quinta-feira";"20:30:00";"PR";373;462,3;"CORONEL VIVIDA";"Falta de Atenção do Pedestre";"Atropelamento de Pedestre";"Com Vítimas Feridas";"Plena Noite";"Decrescente";"Nublado";"Simples";"Reta";"Não";3;0;0;1;2;0;1;2;-25,951228;-52,40757596;"SPRF-PR";"DEL02-PR";"UOP01-DEL02-PR"
267638;2020-02-06;"quinta-feira";"23:10:00";"SP";116;270;"TABOAO DA SERRA";"Falta de Atenção à Condução";"Tombamento";"Com Vítimas Feridas";"Plena Noite";"Crescente";"Nublado";"Múltipla";"Reta";"Sim";1;0;1;0;0;0;1;1;-23,61799728;-46,79677694;"SPRF-SP";"DEL04-SP";"UOP01-DEL04-SP"
267640;2020-02-06;"quinta-feira";"22:50:00";"RS";470;241,7;"BARAO";"Ingestão de álcool e/ou substâncias psicoativas pelo pedestre";"Saída de leito carroçável";"Sem Vítimas";"Plena Noite";"Crescente";"Céu Claro";"Simples";"Curva";"Não";1;0;0;0;1;0;0;1;-29,34599282;-51,5089762;"SPRF-RS";"DEL06-RS";"UOP01-DEL06-RS"
267643;2020-02-06;"quinta-feira";"23:50:00";"SE";101;91;"NOSSA SENHORA DO SOCORRO";"Desobediência às normas de trânsito pelo condutor";"Colisão lateral";"Com Vítimas Feridas";"Plena Noite";"Crescente";"Céu Claro";"Dupla";"Reta";"Não";2;0;1;0;1;0;1;2;-10,90196313;-37,13155011;"SPRF-SE";"DEL01-SE";"UOP01-DEL01-SE"
267644;2020-02-08;"sábado";"00:01:00";"PB";230;5;"CABEDELO";"Ingestão de álcool e/ou substâncias psicoativas pelo pedestre";"Saída de leito carroçável";"Com Vítimas Feridas";"Plena Noite";"Crescente";"Céu Claro";"Dupla";"Reta";"Sim";2;0;0;2;0;0;2;1;-7,01;-34,8312;"SPRF-PB";"DEL01-PB";"UOP01-DEL01-PB"
267646;2020-02-06;"quinta-feira";"23:40:00";"SP";116;273;"TABOAO DA SERRA";"Falta de Atenção à Condução";"Colisão com objeto estático";"Com Vítimas Feridas";"Plena Noite";"Decrescente";"Nublado";"Múltipla";"Reta";"Sim";2;0;1;1;0;0;2;1;-23,61093797;-46,77429568;"SPRF-SP";"DEL04-SP";"UOP01-DEL04-SP"
267649;2020-02-06;"quinta-feira";"23:30:00";"PR";476;174;"CONTENDA";"Falta de Atenção do Pedestre";"Atropelamento de Pedestre";"Com Vítimas Feridas";"Plena Noite";"Crescente";"Nublado";"Dupla";"Aclive";"Não";2;0;1;0;1;0;1;2;-25,685408;-49,535042;"SPRF-PR";"DEL01-PR";"UOP06-DEL01-PR"