"id";"data_inversa";"dia_semana";"horario";"uf";"br";"km";"municipio";"causa_acidente";"tipo_acidente";"classificacao_acidente";"fase_dia";"sentido_via";"condicao_metereologica";"tipo_pista";"tracado_via";"uso_solo";"pessoas";"mortos";"feridos_leves";"feridos_graves";"ilesos";"ignorados";"feridos";"veiculos";"latitude";"longitude";"regional";"delegacia";"uop"
267651;2020-02-06;"quinta-feira";"22:15:00";"SC";101;162;"TIJUCAS";"Falta de Atenção à Condução";"Colisão transversal";"Com Vítimas Feridas";"Plena Noite";"Crescente";"Nublado";"Dupla";"Reta";"Não";2;0;1;0;1;0;1;2;-27,22554009;-48,6279367;"SPRF-SC";"DEL04-SC";"UOP03-DEL04-SC"
267652;2020-02-07;"sexta-feira";"00:20:00";"PR";376;615;"SAO JOSE DOS PINHAIS";"Falta de Atenção à Condução";"Colisão traseira";"Com Vítimas Feridas";"Plena Noite";"Crescente";"Nublado";"Dupla";"Reta";"Não";5;0;3;0;2;0;3;2;-25,569237;-49,183735;"SPRF-PR";"DEL01-PR";"UOP06-DEL01-PR"
267654;2020-02-06;"quinta-feira";"23:45:00";"SC";101;50,9;"JOINVILLE";"Velocidade Incompatível";"Capotamento";"Com Vítimas Feridas";"Plena Noite";"Decrescente";"Chuva";"Dupla";"Curva";"Não";1;0;1;0;0;0;1;1;-26,37546719;-48,85479619;"SPRF-SC";"DEL03-SC";"UOP01-DEL03-SC"
267659;2020-02-07;"sexta-feira";"03:30:00";"RS";290;72;"GRAVATAI";"Falta de Atenção à Condução";"Tombamento";"Com Vítimas Feridas";"Plena Noite";"Crescente";"Céu Claro";"Dupla";"Reta";"Não";1;0;0;1;0;0;1;1;-29,952784;-50,976074;"SPRF-RS";"DEL03-RS";"UOP01-DEL03-RS"
267660;2020-02-07;"sexta-feira";"03:11:00";"SC";101;95;"BARRA VELHA";"Ingestão de Álcool";"Saída de leito carroçável";"Sem Vítimas";"Plena Noite";"Decrescente";"Chuva";"Simples";"Reta";"Sim";2;0;0;0;2;0;0;1;-26,70876413;-48,70221065;"SPRF-SC";"DEL03-SC";"UOP02-DEL03-SC"
267661;2020-02-07;"sexta-feira";"04:00:00";"PR";277;77;"CURITIBA";"Desobediência às normas de trânsito pelo pedestre";"Atropelamento de Pedestre";"Com Vítimas Feridas";"Plena Noite";"Decrescente";"Nublado";"Dupla";"Reta";"Sim";2;0;0;1;0;1;1;2;-25,48239;-49,19368;"SPRF-PR";"DEL01-PR";"UOP01-DEL01-PR"
267664;2020-02-07;"sexta-feira";"04:30:00";"PR";376;128,1;"ALTO PARANA";"Condutor Dormindo";"Saída de leito carroçável";"Com Vítimas Feridas";"Plena Noite";"Crescente";"Céu Claro";"Dupla";"Reta";"Não";1;0;1;0;0;0;1;1;-23,16687649;-52,25152136;"SPRF-PR";"DEL07-PR";"UOP02-DEL09-PR"
267665;2020-02-07;"sexta-feira";"05:25:00";"PR";277;299,8;"PRUDENTOPOLIS";"Falta de Atenção à Condução";"Colisão transversal";"Com Vítimas Feridas";"Plena Noite";"Crescente";"Nublado";"Simples";"Reta";"Sim";2;0;1;0;1;0;1;2;-25,30036412;-51,14736736;"SPRF-PR";"DEL03-PR";"UOP01-DEL08-PR"
267666;2020-02-07;"sexta-feira";"05:20:00";"PR";373;199;"IPIRANGA";"Ingestão de Álcool";"Saída de leito carroçável";"Com Vítimas Feridas";"Amanhecer";"Crescente";"Céu Claro";"Simples";"Curva";"Não";2;0;1;0;1;0;1;1;-25,08427259;-50,40849951;"SPRF-PR";"DEL03-PR";"UOP01-DEL03-PR"
267667;2020-02-07;"sexta-feira";"01:25:00";"SC";101;55;"JOINVILLE";"Desobediência às normas de trânsito pelo condutor";"Capotamento";"Sem Vítimas";"Plena Noite";"Crescente";"Chuva";"Dupla";"Reta";"Não";1;0;0;0;0;1;0;1;-26,42280898;-48,82977496;"SPRF-SC";"DEL03-SC";"UOP01-DEL03-SC"
267668;2020-02-07;"sexta-feira";"03:50:00";"RN";101;105,9;"PARNAMIRIM";"Falta de Atenção do Pedestre";"Atropelamento de Pedestre";"Com Vítimas Fatais";"Amanhecer";"Decrescente";"Céu Claro";"Dupla";"Reta";"Sim";2;1;0;0;0;1;0;2;-5,90165196;-35,25928517;"SPRF-RN";"DEL01-RN";"UOP01-DEL01-RN"
267669;2020-02-06;"quinta-feira";"21:10:00";"PE";316;266;"BELEM DE SAO FRANCISCO";"Animais na Pista";"Atropelamento de Animal";"Sem Vítimas";"Plena Noite";"Decrescente";"Nublado";"Simples";"Reta";"Não";3;0;0;0;3;0;0;1;-8,71630699;-38,89423601;"SPRF-PE";"DEL05-PE";"UOP03-DEL05-PE"
267670;2020-02-07;"sexta-feira";"05:00:00";"MT";163;746;"SORRISO";"Ingestão de Álcool";"Queda de ocupante de veículo";"Com Vítimas Feridas";"Amanhecer";"Crescente";"Nublado";"Dupla";"Rotatória";"Sim";1;0;1;0;0;0;1;1;-12,7007392;-55,81389079;"SPRF-MT";"DEL06-MT";"UOP01-DEL06-MT"
267672;2020-02-07;"sexta-feira";"06:20:00";"SC";101;213;"PALHOCA";"Falta de Atenção à Condução";"Queda de ocupante de veículo";"Com Vítimas Feridas";"Amanhecer";"Decrescente";"Céu Claro";"Múltipla";"Reta";"Não";2;0;1;1;0;0;2;2;-27,63697369;-48,66514142;"SPRF-SC";"DEL01-SC";"UOP02-DEL01-SC"
267673;2020-02-07;"sexta-feira";"06:35:00";"DF";70;17,4;"BRASILIA";"Não guardar distância de segurança";"Colisão lateral";"Com Vítimas Feridas";"Pleno dia";"Decrescente";"Chuva";"Dupla";"Reta";"Sim";6;0;1;0;5;0;1;2;-15,794133;-48,202095;"SPRF-DF";"DEL01-DF";"UOP02-DEL03-DF"
267674;2020-02-07;"sexta-feira";"06:25:00";"RS";293;5;"PELOTAS";"Falta de Atenção à Condução";"Saída de leito carroçável";"Sem Vítimas";"Pleno dia";"Decrescente";"Céu Claro";"Simples";"Reta";"Não";1;0;0;0;0;1;0;1;-31,72728361;-52,38253049;"SPRF-RS";"DEL07-RS";"UOP01-DEL07-RS"
267677;2020-02-07;"sexta-feira";"07:03:00";"TO";153;495;"PARAISO DO TOCANTINS";"Falta de Atenção à Condução";"Colisão transversal";"Com Vítimas Feridas";"Pleno dia";"Decrescente";"Nublado";"Simples";"Interseção de Vias";"Sim";3;0;0;3;0;0;3;2;-10,18165564;-48,88020342;"SPRF-TO";"DEL02-TO";"UOP01-DEL01-TO"
267678;2020-02-07;"sexta-feira";"07:10:00";"ES";262;93;"DOMINGOS MARTINS";"Falta de Atenção à Condução";"Colisão transversal";"Com Vítimas Feridas";"Pleno dia";"Crescente";"Céu Claro";"Simples";"Interseção de Vias";"Não";2;0;1;0;1;0;1;2;-20,37908136;-41,05047852;"SPRF-ES";"DEL01-ES";"UOP02-DEL01-ES"
267679;2020-02-03;"segunda-feira";"15:20:00";"RS";116;363;"TAPES";"Não guardar distância de segurança";"Engavetamento";"Sem Vítimas";"Pleno dia";"Crescente";"Céu Claro";"Simples";"Curva";"Sim";6;0;0;0;6;0;0;3;-30,63692516;-51,55319821;"SPRF-RS";"DEL02-RS";"UOP03-DEL02-RS"
267682;2020-02-07;"sexta-feira";"06:55:00";"PR";277;576;"CASCAVEL";"Falta de Atenção à Condução";"Colisão traseira";"Com Vítimas Feridas";"Pleno dia";"Crescente";"Céu Claro";"Simples";"Reta";"Não";2;0;1;0;1;0;1;2;-24,98692731;-53,33030208;"SPRF-PR";"DEL04-PR";"UOP01-DEL04-PR"
267684;2020-02-07;"sexta-feira";"06:45:00";"RJ";40;121,2;"DUQUE DE CAXIAS";"Falta de Atenção à Condução";"Colisão lateral";"Com Vítimas Feridas";"Pleno dia";"Crescente";"Nublado";"Múltipla";"Reta";"Sim";2;0;1;0;1;0;1;2;-22,78185499;-43,28571273;"SPRF-RJ";"DEL01-RJ";"UOP01-DEL01-RJ"
267685;2020-02-07;"sexta-feira";"07:30:00";"PE";232;128;"CARUARU";"Desobediência às normas de trânsito pelo condutor";"Colisão transversal";"Com Vítimas Feridas";"Pleno dia";"Crescente";"Sol";"Simples";"Reta";"Sim";2;0;1;0;1;0;1;2;-8,30399306;-35,97216301;"SPRF-PE";"DEL02-PE";"UOP03-DEL02-PE"
267686;2020-02-07;"sexta-feira";"06:50:00";"SP";116;213;"GUARULHOS";"Não guardar distância de segurança";"Colisão lateral";"Com Vítimas Feridas";"Pleno dia";"Crescente";"Céu Claro";"Múltipla";"Reta";"Sim";3;0;1;0;2;0;1;3;-23,43971486;-46,43667806;"SPRF-SP";"DEL01-SP";"UOP01-DEL01-SP"
267687;2020-02-07;"sexta-feira";"07:22:00";"PR";116;108;"CURITIBA";"Falta de Atenção à Condução";"Colisão lateral";"Com Vítimas Feridas";"Pleno dia";"Crescente";"Chuva";"Dupla";"Reta";"Não";4;0;0;2;2;0;2;3;-25,57147018;-49,19760597;"SPRF-PR";"DEL01-PR";"UOP06-DEL01-PR"
267688;2020-02-07;"sexta-feira";"07:00:00";"SP";116;219;"GUARULHOS";"Não guardar distância de segurança";"Colisão lateral";"Com Vítimas Feridas";"Pleno dia";"Crescente";"Céu Claro";"Múltipla";"Reta";"Sim";2;0;1;0;1;0;1;2;-23,46143954;-46,48885316;"SPRF-SP";"DEL01-SP";"UOP01-DEL01-SP"
267690;2020-02-07;"sexta-feira";"07:00:00";"RN";101;85,5;"NATAL";"Não guardar distância de segurança";"Colisão traseira";"Com Vítimas Feridas";"Pleno dia";"Decrescente";"Céu Claro";"Dupla";"Reta";"Sim";2;0;1;0;1;0;1;2;-5,777664;-35,24937;"SPRF-RN";"DEL02-RN";"UOP01-DEL02-RN"
267691;2020-02-07;"sexta-feira";"07:00:00";"SP";116;214;"GUARULHOS";"Não guardar distância de segurança";"Colisão traseira";"Com Vítimas Feridas";"Pleno dia";"Crescente";"Nublado";"Múltipla";"Reta";"Sim";3;0;1;0;2;0;1;2;-23,44333014;-46,44531294;"SPRF-SP";"DEL01-SP";"UOP01-DEL01-SP"
267692;2020-02-07;"sexta-feira";"06:40:00";"PR";376;601;"CURITIBA";"Desobediência às normas de trânsito pelo condutor";"Queda de ocupante de veículo";"Com Vítimas Feridas";"Pleno dia";"Decrescente";"Garoa/Chuvisco";"Dupla";"Reta";"Não";1;0;1;0;0;0;1;1;-25,537161;-49,301632;"SPRF-PR";"DEL01-PR";"UOP06-DEL01-PR"
267693;2020-02-07;"sexta-feira";"07:10:00";"BA";324;3;"FEIRA DE SANTANA";"Não guardar distância de segurança";"Colisão traseira";"Com Vítimas Feridas";"Pleno dia";"Decrescente";"Sol";"Dupla";"Reta";"Sim";2;0;0;1;1;0;1;2;-12,28499197;-38,97468567;"SPRF-BA";"DEL02-BA";"UOP01-DEL02-BA"
267694;2020-01-26;"domingo";"13:40:00";"SP";116;41,1;"CACHOEIRA PAULISTA";"Falta de Atenção à Condução";"Colisão lateral";"Com Vítimas Feridas";"Pleno dia";"Crescente";"Sol";"Dupla";"Aclive";"Não";3;0;2;0;1;0;2;2;-22,68631027;-45,0146498;"SPRF-SP";"DEL08-SP";"UOP02-DEL08-SP"
267698;2020-02-07;"sexta-feira";"07:30:00";"AL";424;95,4;"COQUEIRO SECO";"Falta de Atenção à Condução";"Colisão traseira";"Com Vítimas Feridas";"Pleno dia";"Crescente";"Céu Claro";"Simples";"Reta";"Não";2;0;1;0;1;0;1;2;-9,61304407;-35,87302606;"SPRF-AL";"DEL02-AL";"UOP01-DEL02-AL"
267699;2020-02-07;"sexta-feira";"08:00:00";"SC";101;207;"SAO JOSE";"Falta de Atenção à Condução";"Queda de ocupante de veículo";"Com Vítimas Feridas";"Pleno dia";"Crescente";"Chuva";"Múltipla";"Reta";"Sim";1;0;1;0;0;0;1;1;-27,60001226;-48,6226467;"SPRF-SC";"DEL01-SC";"UOP01-DEL01-SC"
267700;2020-02-07;"sexta-feira";"08:00:00";"SC";101;40,5;"JOINVILLE";"Falta de Atenção à Condução";"Colisão traseira";"Com Vítimas Feridas";"Pleno dia";"Crescente";"Chuva";"Dupla";"Reta";"Sim";2;0;1;0;1;0;1;2;-26,27176094;-48,89468382;"SPRF-SC";"DEL03-SC";"UOP01-DEL03-SC"
267701;2020-02-07;"sexta-feira";"06:30:00";"PE";232;124,2;"CARUARU";"Defeito na Via";"Colisão com objeto estático";"Com Vítimas Feridas";"Pleno dia";"Crescente";"Céu Claro";"Dupla";"Reta";"Não";1;0;1;0;0;0;1;1;-8,3061041;-35,93702498;"SPRF-PE";"DEL02-PE";"UOP03-DEL02-PE"
267702;2020-02-07;"sexta-feira";"08:40:00";"PR";277;659,9;"MATELANDIA";"Velocidade Incompatível";"Colisão com objeto estático";"Com Vítimas Feridas";"Pleno dia";"Decrescente";"Céu Claro";"Dupla";"Curva";"Não";2;0;0;2;0;0;2;1;-25,24664169;-53,98334832;"SPRF-PR";"DEL05-PR";"UOP02-DEL05-PR"
267703;2020-02-07;"sexta-feira";"07:15:00";"PR";158;529,8;"PATO BRANCO";"Falta de Atenção à Condução";"Colisão transversal";"Com Vítimas Feridas";"Pleno dia";"Crescente";"Céu Claro";"Simples";"Curva";"Sim";2;0;2;0;0;0;2;2;-26,18598618;-52,66855971;"SPRF-PR";"DEL02-PR";"UOP01-DEL02-PR"
267704;2020-02-07;"sexta-feira";"08:30:00";"SC";101;233,7;"PALHOCA";"Falta de Atenção à Condução";"Colisão com objeto estático";"Com Vítimas Feridas";"Pleno dia";"Crescente";"Garoa/Chuvisco";"Dupla";"Curva";"Não";1;0;1;0;0;0;1;1;-27,80376397;-48,63826211;"SPRF-SC";"DEL01-SC";"UOP02-DEL01-SC"
267706;2020-02-07;"sexta-feira";"07:00:00";"PR";476;133,6;"CURITIBA";"Falta de Atenção à Condução";"Colisão traseira";"Com Vítimas Feridas";"Pleno dia";"Decrescente";"Chuva";"Múltipla";"Reta";"Sim";3;0;1;0;2;0;1;3;-25,4739631;-49,25745964;"SPRF-PR";"DEL01-PR";"UOP03-DEL01-PR"
267709;2020-02-07;"sexta-feira";"08:00:00";"MG";40;511;"RIBEIRAO DAS NEVES";"Falta de Atenção à Condução";"Colisão traseira";"Com Vítimas Feridas";"Pleno dia";"Decrescente";"Nublado";"Dupla";"Reta";"Sim";2;0;1;0;1;0;1;2;-19,78164295;-44,11733194;"SPRF-MG";"DEL01-MG";"UOP02-DEL01-MG"
267710;2020-02-07;"sexta-feira";"09:00:00";"CE";116;249,1;"ALTO SANTO";"Desobediência às normas de trânsito pelo condutor";"Colisão transversal";"Com Vítimas Feridas";"Pleno dia";"Decrescente";"Sol";"Simples";"Interseção de Vias";"Não";5;0;1;1;3;0;2;2;-5,48391937;-38,39742739;"SPRF-CE";"DEL05-CE";"UOP02-DEL05-CE"
267712;2020-02-07;"sexta-feira";"09:30:00";"ES";101;414,1;"ITAPEMIRIM";"Falta de Atenção à Condução";"Colisão traseira";"Sem Vítimas";"Pleno dia";"Decrescente";"Céu Claro";"Simples";"Interseção de Vias";"Não";2;0;0;0;2;0;0;2;-20,92345849;-41,07835562;"SPRF-ES";"DEL03-ES";"UOP02-DEL03-ES"
267714;2020-02-07;"sexta-feira";"08:16:00";"GO";153;506,8;"GOIANIA";"Falta de Atenção à Condução";"Colisão traseira";"Com Vítimas Feridas";"Pleno dia";"Decrescente";"Chuva";"Dupla";"Reta";"Sim";2;0;1;0;1;0;1;2;-16,7633;-49,24;"SPRF-GO";"DEL01-GO";"UOP01-DEL01-GO"
267716;2020-02-07;"sexta-feira";"07:10:00";"PR";277;134;"BALSA NOVA";"Desobediência às normas de trânsito pelo condutor";"Saída de leito carroçável";"Com Vítimas Feridas";"Amanhecer";"Crescente";"Chuva";"Dupla";"Reta";"Não";2;0;1;0;1;0;1;1;-25,4744038;-49,67485428;"SPRF-PR";"DEL01-PR";"UOP06-DEL01-PR"
267717;2020-02-07;"sexta-feira";"09:00:00";"RJ";116;167;"SAO JOAO DE MERITI";"Falta de Atenção à Condução";"Tombamento";"Sem Vítimas";"Pleno dia";"Crescente";"Céu Claro";"Múltipla";"Reta";"Sim";1;0;0;0;1;0;0;1;-22,81803977;-43,30787252;"SPRF-RJ";"DEL01-RJ";"UOP02-DEL01-RJ"
267718;2020-02-07;"sexta-feira";"08:20:00";"SP";381;89,7;"GUARULHOS";"Não guardar distância de segurança";"Colisão traseira";"Com Vítimas Feridas";"Pleno dia";"Crescente";"Céu Claro";"Dupla";"Reta";"Sim";5;0;3;0;2;0;3;4;-23,49213849;-46,55945778;"SPRF-SP";"DEL03-SP";"UOP01-DEL03-SP"
267719;2020-02-07;"sexta-feira";"10:00:00";"DF";20;4;"BRASILIA";"Falta de Atenção à Condução";"Colisão traseira";"Com Vítimas Feridas";"Pleno dia";"Decrescente";"Chuva";"Dupla";"Aclive";"Não";3;0;1;0;2;0;1;2;-15,675484;-47,823761;"SPRF-DF";"DEL02-DF";"UOP01-DEL02-DF"
267720;2020-02-07;"sexta-feira";"10:10:00";"SP";101;50;"UBATUBA";"Falta de Atenção à Condução";"Colisão transversal";"Com Vítimas Feridas";"Pleno dia";"Decrescente";"Céu Claro";"Simples";"Reta";"Sim";2;0;1;0;1;0;1;2;-23,45018939;-45,07743735;"SPRF-SP";"DEL06-SP";"UOP01-DEL06-SP"
267721;2020-02-07;"sexta-feira";"10:25:00";"PR";277;730;"FOZ DO IGUACU";"Falta de Atenção do Pedestre";"Atropelamento de Pedestre";"Com Vítimas Feridas";"Pleno dia";"Decrescente";"Céu Claro";"Simples";"Curva";"Sim";2;0;1;0;1;0;1;2;-25,50826305;-54,59238593;"SPRF-PR";"DEL05-PR";"UOP03-DEL05-PR"
267724;2020-02-07;"sexta-feira";"10:20:00";"PR";277;129;"BALSA NOVA";"Pista Escorregadia";"Saída de leito carroçável";"Com Vítimas Feridas";"Pleno dia";"Decrescente";"Garoa/Chuvisco";"Simples";"Declive;Curva";"Não";2;0;1;0;1;0;1;1;-25,46705451;-49,62498665;"SPRF-PR";"DEL01-PR";"UOP06-DEL01-PR"
267725;2020-02-07;"sexta-feira";"10:10:00";"MG";40;221,8;"JOAO PINHEIRO";"Pista Escorregadia";"Saída de leito carroçável";"Com Vítimas Feridas";"Pleno dia";"Decrescente";"Chuva";"Simples";"Reta";"Não";2;0;2;0;0;0;2;1;-17,96602714;-45,64114504;"SPRF-MG";"DEL14-MG";"UOP02-DEL14-MG"
267726;2020-02-07;"sexta-feira";"11:15:00";"PE";104;43;"CARUARU";"Mal Súbito";"Saída de leito carroçável";"Com Vítimas Feridas";"Pleno dia";"Crescente";"Céu Claro";"Dupla";"Interseção de Vias";"Não";2;0;1;1;0;0;2;2;-8,107149;-36,021708;"SPRF-PE";"DEL02-PE";"UOP01-DEL02-PE"
267727;2020-02-07;"sexta-feira";"10:30:00";"RJ";116;79,7;"TERESOPOLIS";"Falta de Atenção à Condução";"Colisão transversal";"Com Vítimas Feridas";"Pleno dia";"Decrescente";"Céu Claro";"Simples";"Reta";"Sim";2;0;1;0;0;1;1;2;-22,381704;-42,954777;"SPRF-RJ";"DEL06-RJ";"UOP01-DEL05-RJ"
267730;2020-02-07;"sexta-feira";"09:47:00";"MG";50;50;"ARAGUARI";"Velocidade Incompatível";"Capotamento";"Com Vítimas Feridas";"Pleno dia";"Crescente";"Céu Claro";"Dupla";"Reta";"Não";4;0;1;0;3;0;1;1;-18,73632416;-48,22707877;"SPRF-MG";"DEL15-MG";"UOP02-DEL15-MG"
267731;2020-02-07;"sexta-feira";"11:15:00";"PB";230;164,4;"CAMPINA GRANDE";"Desobediência às normas de trânsito pelo condutor";"Colisão transversal";"Com Vítimas Feridas";"Pleno dia";"Crescente";"Céu Claro";"Simples";"Reta";"Sim";2;0;1;0;1;0;1;2;-7,21313608;-35,94945431;"SPRF-PB";"DEL02-PB";"UOP01-DEL02-PB"
267732;2020-02-07;"sexta-feira";"11:30:00";"GO";40;94,4;"CRISTALINA";"Falta de Atenção à Condução";"Colisão traseira";"Com Vítimas Feridas";"Pleno dia";"Crescente";"Chuva";"Simples";"Reta";"Sim";2;0;0;1;1;0;1;2;-16,743671;-47,613373;"SPRF-DF";"DEL01-DF";"UOP02-DEL01-DF"
267733;2020-02-07;"sexta-feira";"08:40:00";"RO";364;430;"JARU";"Falta de Atenção à Condução";"Tombamento";"Com Vítimas Feridas";"Pleno dia";"Decrescente";"Garoa/Chuvisco";"Simples";"Rotatória";"Não";2;0;2;0;0;0;2;1;-10,40718139;-62,51553297;"SPRF-RO";"DEL03-RO";"UOP02-DEL03-RO"
267735;2020-02-07;"sexta-feira";"11:00:00";"MG";381;477,5;"CONTAGEM";"Falta de Atenção à Condução";"Colisão lateral";"Com Vítimas Feridas";"Pleno dia";"Decrescente";"Nublado";"Dupla";"Reta";"Sim";2;0;1;0;1;0;1;2;-19,95855558;-44,03142214;"SPRF-MG";"DEL01-MG";"UOP03-DEL01-MG"
267738;2020-02-07;"sexta-feira";"11:40:00";"CE";116;64,2;"CHOROZINHO";"Falta de Atenção à Condução";"Colisão transversal";"Com Vítimas Feridas";"Pleno dia";"Crescente";"Céu Claro";"Simples";"Interseção de Vias";"Sim";2;0;0;1;1;0;1;2;-4,28125187;-38,49423541;"SPRF-CE";"DEL03-CE";"UOP02-DEL03-CE"
267739;2020-02-07;"sexta-feira";"11:50:00";"SC";101;206;"SAO JOSE";"Falta de Atenção à Condução";"Colisão lateral";"Sem Vítimas";"Pleno dia";"Decrescente";"Sol";"Múltipla";"Reta";"Sim";2;0;0;0;2;0;0;2;-27,59193546;-48,61824557;"SPRF-SC";"DEL01-SC";"UOP01-DEL01-SC"
267740;2020-02-07;"sexta-feira";"09:53:00";"AC";364;136;"RIO BRANCO";"Falta de Atenção à Condução";"Colisão lateral";"Com Vítimas Feridas";"Pleno dia";"Crescente";"Céu Claro";"Dupla";"Declive;Reta";"Não";2;0;1;0;0;1;1;2;-9,977578;-67,8489;"SPRF-AC";"DEL01-AC";"UOP01-DEL01-AC"
267741;2020-02-07;"sexta-feira";"12:10:00";"SE";101;89;"NOSSA SENHORA DO SOCORRO";"Pista Escorregadia";"Tombamento";"Com Vítimas Feridas";"Pleno dia";"Decrescente";"Céu Claro";"Dupla";"Retorno Regulamentado";"Não";2;0;2;0;0;0;2;1;-10,88051024;-37,13355535;"SPRF-SE";"DEL01-SE";"UOP01-DEL01-SE"
267742;2020-02-07;"sexta-feira";"12:15:00";"PE";101;69,1;"RECIFE";"Não guardar distância de segurança";"Colisão traseira";"Com Vítimas Feridas";"Pleno dia";"Crescente";"Nublado";"Múltipla";"Reta";"Sim";3;0;2;0;1;0;2;2;-8,060326;-34,945863;"SPRF-PE";"DEL01-PE";"UOP01-DEL01-PE"
267743;2020-02-07;"sexta-feira";"10:25:00";"PR";369;97,6;"CORNELIO PROCOPIO";"Desobediência às normas de trânsito pelo condutor";"Colisão lateral";"Com Vítimas Feridas";"Pleno dia";"Decrescente";"Céu Claro";"Simples";"Reta";"Não";3;0;2;0;1;0;2;2;-23,240111;-50,695032;"SPRF-PR";"DEL07-PR";"UOP05-DEL07-PR"
267745;2020-02-07;"sexta-feira";"10:30:00";"RJ";40;123;"DUQUE DE CAXIAS";"Desobediência às normas de trânsito pelo condutor";"Colisão com objeto estático";"Com Vítimas Feridas";"Pleno dia";"Decrescente";"Céu Claro";"Múltipla";"Reta";"Sim";1;0;1;0;0;0;1;1;-22,79907687;-43,29015739;"SPRF-RJ";"DEL01-RJ";"UOP01-DEL01-RJ"
267746;2020-02-07;"sexta-feira";"11:30:00";"MA";135;23,3;"SAO LUIS";"Falta de Atenção à Condução";"Colisão transversal";"Com Vítimas Feridas";"Pleno dia";"Crescente";"Céu Claro";"Dupla";"Retorno Regulamentado";"Sim";2;0;1;0;1;0;1;2;-2,55132124;-44,30678844;"SPRF-MA";"DEL01-MA";"UOP01-DEL01-MA"
267747;2020-02-07;"sexta-feira";"05:40:00";"PA";316;24;"BENEVIDES";"Falta de Atenção do Pedestre";"Colisão traseira";"Sem Vítimas";"Amanhecer";"Crescente";"Céu Claro";"Dupla";"Reta";"Sim";5;0;0;0;5;0;0;3;-1,33935692;-48,24357575;"SPRF-PA";"DEL01-PA";"UOP01-DEL01-PA"
267749;2020-02-07;"sexta-feira";"11:15:00";"PR";116;22;"ANTONINA";"Falta de Atenção à Condução";"Saída de leito carroçável";"Com Vítimas Feridas";"Pleno dia";"Crescente";"Chuva";"Dupla";"Curva";"Não";2;0;1;0;1;0;1;1;-25,10922624;-48,74659689;"SPRF-PR";"DEL01-PR";"UOP02-DEL01-PR"
267752;2020-02-03;"segunda-feira";"16:30:00";"GO";60;165,1;"GOIANIA";"Falta de Atenção à Condução";"Colisão traseira";"Com Vítimas Feridas";"Pleno dia";"Decrescente";"Nublado";"Múltipla";"Reta";"Sim";2;0;1;0;1;0;1;2;-16,7084;-49,3503;"SPRF-GO";"DEL01-GO";"UOP02-DEL01-GO"
267754;2020-01-18;"sábado";"20:10:00";"MS";158;198,7;"SELVIRIA";"Falta de Atenção à Condução";"Colisão transversal";"Com Vítimas Feridas";"Plena Noite";"Crescente";"Céu Claro";"Simples";"Reta";"Sim";2;0;1;1;0;0;2;2;-20,371;-51,434;"SPRF-MS";"DEL07-MS";"UOP01-DEL07-MS"
267755;2020-02-07;"sexta-feira";"08:10:00";"PR";277;78;"PIRAQUARA";"Pista Escorregadia";"Queda de ocupante de veículo";"Com Vítimas Feridas";"Pleno dia";"Decrescente";"Chuva";"Dupla";"Reta";"Não";1;0;1;0;0;0;1;1;-25,51327981;-49,12433291;"SPRF-PR";"DEL01-PR";"UOP01-DEL01-PR"
267756;2020-02-07;"sexta-feira";"12:00:00";"MA";222;679,1;"ACAILANDIA";"Desobediência às normas de trânsito pelo condutor";"Colisão traseira";"Com Vítimas Feridas";"Pleno dia";"Decrescente";"Chuva";"Simples";"Curva";"Sim";2;0;1;0;1;0;1;2;-4,95619372;-47,49234711;"SPRF-MA";"DEL04-MA";"UOP03-DEL04-MA"
267757;2020-02-07;"sexta-feira";"13:45:00";"PR";277;641,8;"CEU AZUL";"Falta de Atenção à Condução";"Colisão frontal";"Com Vítimas Feridas";"Pleno dia";"Crescente";"Chuva";"Simples";"Curva";"Não";2;0;1;0;1;0;1;2;-25,18289824;-53,87111011;"SPRF-PR";"DEL05-PR";"UOP02-DEL05-PR"
267758;2020-02-07;"sexta-feira";"08:45:00";"MG";262;87,1;"ABRE CAMPO";"Desobediência às normas de trânsito pelo condutor";"Colisão transversal";"Com Vítimas Feridas";"Pleno dia";"Crescente";"Nublado";"Simples";"Curva";"Não";2;0;0;1;1;0;1;2;-20,33320893;-42,43716002;"SPRF-MG";"DEL03-MG";"UOP03-DEL03-MG"
267759;2020-02-07;"sexta-feira";"13:20:00";"PR";158;538,8;"PATO BRANCO";"Falta de Atenção à Condução";"Saída de leito carroçável";"Com Vítimas Feridas";"Pleno dia";"Decrescente";"Nublado";"Simples";"Curva";"Não";2;0;2;0;0;0;2;1;-26,25603095;-52,70878155;"SPRF-PR";"DEL02-PR";"UOP01-DEL02-PR"
267760;2020-01-16;"quinta-feira";"11:05:00";"MG";381;850;"POUSO ALEGRE";"Desobediência às normas de trânsito pelo condutor";"Colisão traseira";"Com Vítimas Feridas";"Pleno dia";"Decrescente";"Céu Claro";"Múltipla";"Reta";"Não";2;0;0;1;1;0;1;2;-22,2786871;-45,89472262;"SPRF-MG";"DEL16-MG";"UOP01-DEL16-MG"
267761;2020-02-07;"sexta-feira";"13:30:00";"MG";116;415;"GOVERNADOR VALADARES";"Desobediência às normas de trânsito pelo condutor";"Colisão transversal";"Com Vítimas Feridas";"Pleno dia";"Decrescente";"Céu Claro";"Simples";"Reta";"Sim";2;0;1;0;1;0;1;2;-18,88401297;-41,94924399;"SPRF-MG";"DEL06-MG";"UOP01-DEL06-MG"