"id";"data_inversa";"dia_semana";"horario";"uf";"br";"km";"municipio";"causa_acidente";"tipo_acidente";"classificacao_acidente";"fase_dia";"sentido_via";"condicao_metereologica";"tipo_pista";"tracado_via";"uso_solo";"pessoas";"mortos";"feridos_leves";"feridos_graves";"ilesos";"ignorados";"feridos";"veiculos";"latitude";"longitude";"regional";"delegacia";"uop"
267762;2020-02-07;"sexta-feira";"13:00:00";"RO";364;168,3;"PIMENTA BUENO";"Avarias e/ou desgaste excessivo no pneu";"Saída de leito carroçável";"Com Vítimas Feridas";"Pleno dia";"Crescente";"Chuva";"Simples";"Reta";"Não";1;0;1;0;0;0;1;1;-11,86186086;-61,00623082;"SPRF-RO";"DEL02-RO";"UOP02-DEL02-RO"
267764;2020-02-07;"sexta-feira";"13:40:00";"RJ";116;172;"SAO JOAO DE MERITI";"Ingestão de álcool e/ou substâncias psicoativas pelo pedestre";"Atropelamento de Pedestre";"Com Vítimas Feridas";"Pleno dia";"Crescente";"Céu Claro";"Múltipla";"Reta";"Sim";2;0;1;0;1;0;1;2;-22,80188151;-43,35043673;"SPRF-RJ";"DEL01-RJ";"UOP02-DEL01-RJ"
267767;2020-02-07;"sexta-feira";"14:00:00";"MG";40;545;"NOVA LIMA";"Velocidade Incompatível";"Saída de leito carroçável";"Com Vítimas Fatais";"Pleno dia";"Decrescente";"Céu Claro";"Múltipla";"Curva";"Sim";1;1;0;0;0;0;0;1;-20,00670404;-43,96418668;"SPRF-MG";"DEL01-MG";"UOP02-DEL01-MG"
267771;2020-02-07;"sexta-feira";"14:00:00";"MG";116;268,1;"TEOFILO OTONI";"Não guardar distância de segurança";"Colisão traseira";"Com Vítimas Feridas";"Pleno dia";"Decrescente";"Garoa/Chuvisco";"Simples";"Curva;Aclive";"Não";2;0;2;0;0;0;2;1;-17,78709397;-41,49977395;"SPRF-MG";"DEL11-MG";"UOP01-DEL11-MG"
267773;2020-02-07;"sexta-feira";"05:40:00";"MG";116;42,2;"PEDRA AZUL";"Animais na Pista";"Atropelamento de Animal";"Sem Vítimas";"Amanhecer";"Crescente";"Céu Claro";"Simples";"Reta";"Não";2;0;0;0;2;0;0;1;-15,99953799;-41,40842281;"SPRF-MG";"DEL11-MG";"UOP02-DEL11-MG"
267774;2020-02-07;"sexta-feira";"14:45:00";"RS";386;301,5;"POUSO NOVO";"Desobediência às normas de trânsito pelo condutor";"Colisão frontal";"Com Vítimas Feridas";"Pleno dia";"Crescente";"Céu Claro";"Simples";"Curva";"Não";6;0;6;0;0;0;6;2;-29,17061814;-52,21610785;"SPRF-RS";"DEL04-RS";"UOP01-DEL04-RS"
267776;2020-02-07;"sexta-feira";"14:15:00";"PR";369;153;"LONDRINA";"Ingestão de Álcool";"Colisão traseira";"Sem Vítimas";"Pleno dia";"Crescente";"Chuva";"Dupla";"Reta;Interseção de Vias";"Sim";4;0;0;0;3;1;0;3;-23,29789152;-51,1965717;"SPRF-PR";"DEL07-PR";"UOP01-DEL07-PR"
267780;2020-02-07;"sexta-feira";"14:40:00";"RS";116;524,9;"PELOTAS";"Falta de Atenção à Condução";"Colisão lateral";"Com Vítimas Feridas";"Pleno dia";"Crescente";"Céu Claro";"Simples";"Interseção de Vias";"Não";3;0;1;0;2;0;1;2;-31,72863738;-52,38746675;"SPRF-RS";"DEL07-RS";"UOP01-DEL07-RS"
267781;2020-02-07;"sexta-feira";"15:00:00";"SP";116;278,1;"EMBU DAS ARTES";"Desobediência às normas de trânsito pelo pedestre";"Atropelamento de Pedestre";"Com Vítimas Feridas";"Pleno dia";"Decrescente";"Chuva";"Dupla";"Reta";"Sim";3;0;0;1;1;1;1;2;-23,65508497;-46,84918605;"SPRF-SP";"DEL04-SP";"UOP01-DEL04-SP"
267782;2020-02-07;"sexta-feira";"14:20:00";"RN";101;97,3;"NATAL";"Falta de Atenção à Condução";"Colisão traseira";"Sem Vítimas";"Pleno dia";"Decrescente";"Céu Claro";"Dupla";"Viaduto";"Sim";4;0;0;0;4;0;0;4;-5,85758898;-35,21271205;"SPRF-RN";"DEL01-RN";"UOP01-DEL01-RN"
267783;2020-02-07;"sexta-feira";"15:10:00";"PR";476;154,3;"ARAUCARIA";"Velocidade Incompatível";"Colisão lateral";"Com Vítimas Feridas";"Pleno dia";"Decrescente";"Nublado";"Dupla";"Reta";"Sim";5;0;2;0;3;0;2;3;-25,584223;-49,401379;"SPRF-PR";"DEL01-PR";"UOP06-DEL01-PR"
267785;2020-02-07;"sexta-feira";"15:50:00";"SC";470;54,2;"BLUMENAU";"Desobediência às normas de trânsito pelo condutor";"Colisão transversal";"Com Vítimas Feridas";"Pleno dia";"Decrescente";"Nublado";"Simples";"Curva";"Sim";2;0;2;0;0;0;2;2;-26,87157843;-49,11194444;"SPRF-SC";"DEL04-SC";"UOP01-DEL04-SC"
267786;2020-02-07;"sexta-feira";"13:45:00";"RJ";101;317;"SAO GONCALO";"Falta de Atenção à Condução";"Colisão traseira";"Sem Vítimas";"Pleno dia";"Decrescente";"Chuva";"Dupla";"Reta";"Sim";2;0;0;0;2;0;0;2;-22,83707798;-43,09492006;"SPRF-RJ";"DEL02-RJ";"UOP01-DEL02-RJ"
267790;2020-02-07;"sexta-feira";"12:30:00";"MG";354;741,9;"POUSO ALTO";"Velocidade Incompatível";"Saída de leito carroçável";"Com Vítimas Fatais";"Pleno dia";"Decrescente";"Nublado";"Simples";"Curva";"Não";7;1;5;0;1;0;5;2;-22,22349241;-44,93261863;"SPRF-MG";"DEL05-MG";"UOP01-DEL17-MG"
267791;2020-02-07;"sexta-feira";"16:15:00";"SC";470;59,9;"BLUMENAU";"Desobediência às normas de trânsito pelo condutor";"Colisão transversal";"Com Vítimas Feridas";"Pleno dia";"Crescente";"Nublado";"Simples";"Reta";"Sim";2;0;1;0;1;0;1;2;-26,88121537;-49,16513801;"SPRF-SC";"DEL04-SC";"UOP01-DEL04-SC"
267793;2020-02-07;"sexta-feira";"16:15:00";"SC";101;148,5;"ITAPEMA";"Falta de Atenção à Condução";"Colisão traseira";"Com Vítimas Feridas";"Pleno dia";"Crescente";"Nublado";"Simples";"Reta";"Sim";2;0;1;0;1;0;1;2;-27,10123686;-48,61807962;"SPRF-SC";"DEL04-SC";"UOP03-DEL04-SC"
267797;2020-01-13;"segunda-feira";"04:00:00";"RJ";493;0,7;"ITABORAI";"Pista Escorregadia";"Colisão com objeto estático";"Com Vítimas Fatais";"Plena Noite";"Crescente";"Garoa/Chuvisco";"Simples";"Em Obras";"Sim";1;1;0;0;0;0;0;1;-22,77062;-42,92223;"SPRF-RJ";"DEL02-RJ";"UOP02-DEL02-RJ"
267798;2020-02-07;"sexta-feira";"14:00:00";"PR";116;208;"RIO NEGRO";"Não guardar distância de segurança";"Queda de ocupante de veículo";"Com Vítimas Feridas";"Pleno dia";"Crescente";"Nublado";"Simples";"Declive";"Sim";1;0;1;0;0;0;1;1;-26,07336494;-49,74365505;"SPRF-SC";"DEL06-SC";"UOP01-DEL06-SC"
267800;2020-02-07;"sexta-feira";"16:15:00";"PR";376;250,4;"APUCARANA";"Avarias e/ou desgaste excessivo no pneu";"Saída de leito carroçável";"Com Vítimas Feridas";"Pleno dia";"Decrescente";"Céu Claro";"Dupla";"Curva";"Não";1;0;1;0;0;0;1;1;-23,63346001;-51,37800479;"SPRF-PR";"DEL07-PR";"UOP03-DEL07-PR"
267801;2020-02-07;"sexta-feira";"15:00:00";"RO";319;63,1;"PORTO VELHO";"Falta de Atenção à Condução";"Colisão transversal";"Com Vítimas Feridas";"Pleno dia";"Decrescente";"Sol";"Dupla";"Reta";"Sim";3;0;0;1;2;0;1;2;-8,766685;-63,884052;"SPRF-RO";"DEL01-RO";"UOP01-DEL01-RO"
267802;2020-02-07;"sexta-feira";"15:10:00";"SC";280;122,1;"RIO NEGRINHO";"Falta de Atenção à Condução";"Colisão transversal";"Com Vítimas Feridas";"Pleno dia";"Crescente";"Céu Claro";"Simples";"Reta";"Não";2;0;1;0;1;0;1;2;-26,24415628;-49,46594238;"SPRF-SC";"DEL06-SC";"UOP03-DEL06-SC"
267803;2020-02-07;"sexta-feira";"16:30:00";"RS";290;36,4;"SANTO ANTONIO DA PATRULHA";"Não guardar distância de segurança";"Colisão traseira";"Com Vítimas Feridas";"Pleno dia";"Decrescente";"Céu Claro";"Múltipla";"Reta";"Não";7;0;1;0;6;0;1;3;-29,884756;-50,61729;"SPRF-RS";"DEL03-RS";"UOP01-DEL03-RS"
267804;2020-02-07;"sexta-feira";"16:55:00";"RJ";101;390;"RIO DE JANEIRO";"Velocidade Incompatível";"Colisão com objeto estático";"Com Vítimas Feridas";"Pleno dia";"Crescente";"Chuva";"Dupla";"Curva";"Não";1;0;0;1;0;0;1;1;-22,89346927;-43,67542992;"SPRF-DF";"N/A";"N/A"
267805;2020-02-07;"sexta-feira";"17:00:00";"BA";324;575;"SAO SEBASTIAO DO PASSE";"Desobediência às normas de trânsito pelo condutor";"Queda de ocupante de veículo";"Com Vítimas Feridas";"Pleno dia";"Crescente";"Nublado";"Dupla";"Reta";"Não";1;0;1;0;0;0;1;1;-12,57298496;-38,54513072;"SPRF-BA";"DEL01-BA";"UOP01-DEL01-BA"
267806;2020-02-07;"sexta-feira";"16:00:00";"MG";50;130;"UBERABA";"Falta de Atenção à Condução";"Colisão lateral";"Com Vítimas Feridas";"Pleno dia";"Decrescente";"Nublado";"Dupla";"Reta";"Não";3;0;1;0;2;0;1;2;-19,38989597;-48,07678044;"SPRF-MG";"DEL13-MG";"UOP01-DEL13-MG"
267807;2020-02-07;"sexta-feira";"16:50:00";"PE";101;29,9;"ITAPISSUMA";"Animais na Pista";"Atropelamento de Animal";"Com Vítimas Feridas";"Pleno dia";"Decrescente";"Céu Claro";"Dupla";"Reta";"Sim";2;0;2;0;0;0;2;1;-7,72939697;-34,94185854;"SPRF-PE";"DEL01-PE";"UOP02-DEL01-PE"
267808;2020-02-07;"sexta-feira";"17:29:00";"GO";60;97,1;"ANAPOLIS";"Falta de Atenção à Condução";"Colisão lateral";"Com Vítimas Feridas";"Pleno dia";"Crescente";"Céu Claro";"Dupla";"Reta;Retorno Regulamentado";"Sim";2;0;1;0;1;0;1;2;-16,3774;-48,9483;"SPRF-GO";"DEL02-GO";"UOP01-DEL02-GO"
267809;2020-02-07;"sexta-feira";"16:45:00";"SC";280;49,4;"GUARAMIRIM";"Falta de Atenção à Condução";"Colisão transversal";"Com Vítimas Feridas";"Pleno dia";"Decrescente";"Chuva";"Simples";"Reta";"Sim";5;0;3;0;2;0;3;2;-26,45850039;-48,93692786;"SPRF-SC";"DEL03-SC";"UOP03-DEL03-SC"
267810;2020-02-07;"sexta-feira";"17:35:00";"PB";230;19,9;"JOAO PESSOA";"Desobediência às normas de trânsito pelo condutor";"Atropelamento de Pedestre";"Com Vítimas Feridas";"Pleno dia";"Decrescente";"Nublado";"Dupla";"Interseção de Vias";"Sim";3;0;2;1;0;0;3;2;-7,137345;-34,85378265;"SPRF-PB";"DEL01-PB";"UOP01-DEL01-PB"
267813;2020-02-07;"sexta-feira";"17:40:00";"ES";262;135,8;"BREJETUBA";"Falta de Atenção à Condução";"Colisão transversal";"Com Vítimas Feridas";"Pleno dia";"Decrescente";"Nublado";"Simples";"Reta";"Não";2;0;0;1;1;0;1;2;-20,24186467;-41,33713245;"SPRF-ES";"DEL01-ES";"UOP02-DEL01-ES"
267814;2020-02-07;"sexta-feira";"17:35:00";"SC";282;20,4;"SANTO AMARO DA IMPERATRIZ";"Falta de Atenção à Condução";"Colisão traseira";"Sem Vítimas";"Pleno dia";"Crescente";"Chuva";"Simples";"Declive;Reta;Interseção de Vias";"Sim";3;0;0;0;3;0;0;3;-27,683958;-48,71006;"SPRF-SC";"DEL01-SC";"UOP02-DEL01-SC"
267817;2020-02-07;"sexta-feira";"17:30:00";"SP";116;277,9;"EMBU DAS ARTES";"Falta de Atenção à Condução";"Colisão lateral";"Com Vítimas Feridas";"Anoitecer";"Crescente";"Nublado";"Dupla";"Declive;Curva";"Sim";3;0;1;1;1;0;2;2;-23,64870535;-46,84395469;"SPRF-SP";"DEL04-SP";"UOP01-DEL04-SP"
267819;2020-02-07;"sexta-feira";"17:15:00";"BA";116;896;"CANDIDO SALES";"Falta de Atenção à Condução";"Saída de leito carroçável";"Com Vítimas Feridas";"Pleno dia";"Crescente";"Nublado";"Simples";"Reta";"Não";4;0;2;0;2;0;2;1;-15,33381719;-41,15847264;"SPRF-BA";"DEL08-BA";"UOP03-DEL08-BA"
267820;2020-02-07;"sexta-feira";"18:10:00";"ES";101;271,9;"SERRA";"Não guardar distância de segurança";"Colisão traseira";"Com Vítimas Feridas";"Pleno dia";"Decrescente";"Céu Claro";"Dupla";"Reta";"Sim";2;0;1;0;1;0;1;2;-20,23267;-40,27658;"SPRF-ES";"DEL02-ES";"UOP01-DEL02-ES"
267821;2020-02-07;"sexta-feira";"10:50:00";"MG";365;788;"ITUIUTABA";"Falta de Atenção à Condução";"Saída de leito carroçável";"Com Vítimas Feridas";"Pleno dia";"Crescente";"Nublado";"Simples";"Declive";"Não";1;0;1;0;0;0;1;1;-18,93495576;-49,79865011;"SPRF-MG";"DEL15-MG";"UOP03-DEL15-MG"
267822;2020-02-07;"sexta-feira";"17:00:00";"ES";101;256,6;"SERRA";"Desobediência às normas de trânsito pelo condutor";"Colisão transversal";"Com Vítimas Feridas";"Pleno dia";"Decrescente";"Nublado";"Simples";"Interseção de Vias";"Sim";3;0;1;0;0;2;1;3;-20,12289871;-40,30524038;"SPRF-ES";"DEL02-ES";"UOP01-DEL02-ES"
267825;2020-02-07;"sexta-feira";"18:10:00";"PB";230;49;"SANTA RITA";"Condutor Dormindo";"Saída de leito carroçável";"Com Vítimas Feridas";"Anoitecer";"Crescente";"Céu Claro";"Dupla";"Reta";"Não";4;0;1;2;1;0;3;2;-7,1803;-35,0485;"SPRF-PB";"DEL01-PB";"UOP03-DEL01-PB"
267826;2020-02-07;"sexta-feira";"18:15:00";"RS";116;143,9;"CAXIAS DO SUL";"Pista Escorregadia";"Colisão traseira";"Com Vítimas Feridas";"Pleno dia";"Crescente";"Garoa/Chuvisco";"Dupla";"Curva";"Sim";2;0;1;0;1;0;1;2;-29,1201739;-51,12260651;"SPRF-RS";"DEL05-RS";"UOP01-DEL05-RS"
267827;2020-02-07;"sexta-feira";"17:20:00";"MT";163;40;"ITIQUIRA";"Desobediência às normas de trânsito pelo condutor";"Tombamento";"Com Vítimas Feridas";"Pleno dia";"Decrescente";"Céu Claro";"Dupla";"Reta";"Não";1;0;1;0;0;0;1;1;-17,16413203;-54,75833484;"SPRF-MT";"DEL02-MT";"DEL2/2-UOP02/MT"
267828;2020-02-07;"sexta-feira";"18:20:00";"PB";101;108;"ALHANDRA";"Falta de Atenção à Condução";"Queda de ocupante de veículo";"Com Vítimas Feridas";"Plena Noite";"Crescente";"Céu Claro";"Dupla";"Reta;Interseção de Vias";"Sim";1;0;1;0;0;0;1;1;-7,33454898;-34,94758056;"SPRF-PB";"DEL01-PB";"UOP01-DEL01-PB"
267829;2020-02-07;"sexta-feira";"16:25:00";"PR";376;345,5;"ORTIGUEIRA";"Pista Escorregadia";"Saída de leito carroçável";"Sem Vítimas";"Pleno dia";"Decrescente";"Chuva";"Simples";"Curva";"Não";1;0;0;0;1;0;0;1;-24,21686179;-50,9366528;"SPRF-PR";"DEL07-PR";"UOP02-DEL07-PR"
267830;2020-02-07;"sexta-feira";"17:50:00";"ES";262;0,2;"VILA VELHA";"Falta de Atenção à Condução";"Colisão lateral";"Com Vítimas Feridas";"Anoitecer";"Crescente";"Céu Claro";"Dupla";"Reta";"Sim";3;0;1;0;1;1;1;3;-20,320793;-40,353315;"SPRF-ES";"DEL01-ES";"UOP01-DEL01-ES"
267831;2020-02-07;"sexta-feira";"18:40:00";"ES";101;268,1;"SERRA";"Não guardar distância de segurança";"Colisão traseira";"Com Vítimas Feridas";"Plena Noite";"Crescente";"Nublado";"Múltipla";"Reta";"Sim";2;0;1;0;1;0;1;2;-20,20842;-40,269405;"SPRF-ES";"DEL02-ES";"UOP01-DEL02-ES"
267833;2020-02-07;"sexta-feira";"14:55:00";"SC";282;601;"MARAVILHA";"Desobediência às normas de trânsito pelo condutor";"Colisão transversal";"Sem Vítimas";"Pleno dia";"Crescente";"Céu Claro";"Simples";"Reta";"Não";2;0;0;0;2;0;0;2;-26,809002;-53,169399;"SPRF-SC";"DEL07-SC";"UOP02-DEL07-SC"
267834;2020-02-07;"sexta-feira";"18:45:00";"SC";101;213,5;"PALHOCA";"Falta de Atenção à Condução";"Colisão transversal";"Com Vítimas Feridas";"Anoitecer";"Crescente";"Chuva";"Dupla";"Reta";"Sim";3;0;1;0;2;0;1;2;-27,63697369;-48,66514142;"SPRF-SC";"DEL01-SC";"UOP02-DEL01-SC"
267836;2020-01-25;"sábado";"01:24:00";"GO";40;0;"VALPARAISO DE GOIAS";"Ingestão de Álcool";"Saída de leito carroçável";"Com Vítimas Feridas";"Plena Noite";"Crescente";"Chuva";"Dupla";"Reta";"Sim";3;0;3;0;0;0;3;1;-16,05066981;-47,9816401;"SPRF-DF";"DEL01-DF";"UOP01-DEL01-DF"
267837;2020-02-07;"sexta-feira";"17:40:00";"PR";369;147;"LONDRINA";"Desobediência às normas de trânsito pelo pedestre";"Atropelamento de Pedestre";"Com Vítimas Feridas";"Anoitecer";"Crescente";"Nublado";"Dupla";"Reta";"Sim";2;0;1;0;1;0;1;2;-23,29296889;-51,14055812;"SPRF-PR";"DEL07-PR";"UOP01-DEL07-PR"
267839;2020-02-07;"sexta-feira";"18:00:00";"RO";364;13;"VILHENA";"Desobediência às normas de trânsito pelo condutor";"Atropelamento de Pedestre";"Com Vítimas Feridas";"Anoitecer";"Decrescente";"Nublado";"Dupla";"Reta";"Sim";4;0;1;1;0;2;2;2;-12,74140004;-60,13026401;"SPRF-RO";"DEL04-RO";"UOP01-DEL04-RO"
267840;2020-02-07;"sexta-feira";"18:00:00";"GO";40;20,4;"LUZIANIA";"Não guardar distância de segurança";"Colisão traseira";"Sem Vítimas";"Plena Noite";"Decrescente";"Nublado";"Dupla";"Reta";"Sim";2;0;0;0;2;0;0;2;-16,21849;-47,915478;"SPRF-DF";"DEL01-DF";"UOP01-DEL01-DF"
267841;2020-02-07;"sexta-feira";"19:50:00";"RN";101;108;"PARNAMIRIM";"Ingestão de Álcool";"Colisão lateral";"Sem Vítimas";"Plena Noite";"Crescente";"Céu Claro";"Dupla";"Reta";"Sim";2;0;0;0;2;0;0;2;-5,92825102;-35,26465683;"SPRF-RN";"DEL01-RN";"UOP01-DEL01-RN"
267842;2020-02-07;"sexta-feira";"19:50:00";"SE";235;54,6;"ITABAIANA";"Desobediência às normas de trânsito pelo condutor";"Colisão transversal";"Com Vítimas Feridas";"Plena Noite";"Crescente";"Céu Claro";"Simples";"Reta";"Sim";3;0;2;1;0;0;3;2;-10,676047;-37,443279;"SPRF-SE";"DEL01-SE";"UOP02-DEL01-SE"
267843;2020-02-07;"sexta-feira";"18:40:00";"MT";364;345;"SANTO ANTONIO DO LEVERGER";"Mal Súbito";"Saída de leito carroçável";"Com Vítimas Feridas";"Anoitecer";"Crescente";"Nublado";"Simples";"Reta";"Não";1;0;0;1;0;0;1;1;-15,79753932;-55,54790497;"SPRF-MT";"DEL02-MT";"UOP02-DEL01-MT"
267844;2020-02-07;"sexta-feira";"19:40:00";"SC";101;214,5;"PALHOCA";"Falta de Atenção à Condução";"Colisão lateral";"Com Vítimas Feridas";"Plena Noite";"Decrescente";"Chuva";"Dupla";"Reta";"Sim";2;0;1;0;1;0;1;2;-27,64443;-48,67057;"SPRF-SC";"DEL01-SC";"UOP02-DEL01-SC"
267845;2020-02-07;"sexta-feira";"17:20:00";"PI";230;294;"FLORIANO";"Velocidade Incompatível";"Colisão frontal";"Com Vítimas Feridas";"Pleno dia";"Decrescente";"Céu Claro";"Simples";"Reta";"Não";4;0;2;0;2;0;2;2;-6,84506261;-42,89191872;"SPRF-PI";"DEL03-PI";"UOP01-DEL03-PI"
267846;2020-02-07;"sexta-feira";"19:50:00";"RN";110;45,9;"MOSSORO";"Ingestão de Álcool";"Colisão frontal";"Com Vítimas Feridas";"Plena Noite";"Crescente";"Céu Claro";"Simples";"Reta";"Sim";2;0;0;1;1;0;1;2;-5,19257993;-37,31114905;"SPRF-RN";"DEL04-RN";"UOP01-DEL04-RN"
267847;2020-02-07;"sexta-feira";"19:00:00";"CE";222;123;"ITAPAJE";"Desobediência às normas de trânsito pelo condutor";"Colisão transversal";"Com Vítimas Feridas";"Plena Noite";"Crescente";"Vento";"Simples";"Reta";"Sim";3;0;2;0;1;0;2;2;-3,69455322;-39,58167619;"SPRF-CE";"DEL04-CE";"UOP03-DEL04-CE"
267848;2020-02-07;"sexta-feira";"18:30:00";"PR";476;140;"CURITIBA";"Falta de Atenção à Condução";"Colisão transversal";"Com Vítimas Feridas";"Anoitecer";"Decrescente";"Chuva";"Múltipla";"Reta";"Sim";2;0;0;1;1;0;1;2;-25,52338919;-49,29535389;"SPRF-PR";"DEL01-PR";"UOP03-DEL01-PR"
267849;2020-02-07;"sexta-feira";"19:50:00";"BA";101;222;"CRUZ DAS ALMAS";"Restrição de Visibilidade";"Colisão traseira";"Com Vítimas Feridas";"Plena Noite";"Decrescente";"Céu Claro";"Simples";"Reta";"Não";3;0;2;0;1;0;2;2;-12,6746;-39,13545;"SPRF-BA";"DEL01-BA";"UOP02-DEL01-BA"
267850;2020-02-07;"sexta-feira";"20:10:00";"PE";101;65,8;"RECIFE";"Falta de Atenção à Condução";"Tombamento";"Com Vítimas Feridas";"Plena Noite";"Crescente";"Céu Claro";"Múltipla";"Interseção de Vias";"Sim";2;0;1;0;1;0;1;2;-8,02478597;-34,94276635;"SPRF-PE";"DEL01-PE";"UOP01-DEL01-PE"
267853;2020-02-07;"sexta-feira";"20:40:00";"MG";50;78,7;"UBERLANDIA";"Defeito Mecânico no Veículo";"Colisão traseira";"Com Vítimas Fatais";"Plena Noite";"Crescente";"Garoa/Chuvisco";"Dupla";"Reta";"Não";6;1;2;1;2;0;3;4;-18,950774;-48,217687;"SPRF-MG";"DEL15-MG";"UOP01-DEL15-MG"
267854;2020-02-07;"sexta-feira";"20:55:00";"PR";476;124;"CURITIBA";"Falta de Atenção à Condução";"Colisão traseira";"Sem Vítimas";"Plena Noite";"Crescente";"Chuva";"Múltipla";"Reta";"Sim";2;0;0;0;2;0;0;2;-25,399845;-49,215855;"SPRF-PR";"DEL01-PR";"UOP07-DEL01-PR"
267856;2020-02-07;"sexta-feira";"21:10:00";"RJ";116;113,1;"MAGE";"Condutor Dormindo";"Saída de leito carroçável";"Sem Vítimas";"Plena Noite";"Decrescente";"Nublado";"Dupla";"Reta";"Não";1;0;0;0;1;0;0;1;-22,57214;-43,007291;"SPRF-RJ";"DEL04-RJ";"UOP02-DEL04-RJ"
267857;2020-02-07;"sexta-feira";"21:00:00";"PI";316;307,5;"PICOS";"Falta de Atenção à Condução";"Colisão transversal";"Com Vítimas Feridas";"Plena Noite";"Crescente";"Céu Claro";"Simples";"Reta";"Não";3;0;0;2;1;0;2;2;-7,07827269;-41,50174881;"SPRF-PI";"DEL04-PI";"UOP01-DEL04-PI"
267858;2020-02-07;"sexta-feira";"21:00:00";"SP";381;44;"ATIBAIA";"Desobediência às normas de trânsito pelo condutor";"Colisão frontal";"Com Vítimas Feridas";"Plena Noite";"Crescente";"Chuva";"Dupla";"Curva";"Não";3;0;1;0;1;1;1;2;-23,16458615;-46,57418959;"SPRF-SP";"DEL03-SP";"UOP01-DEL03-SP"
267859;2020-02-07;"sexta-feira";"19:20:00";"RO";364;532;"ALTO PARAISO";"Ingestão de Álcool";"Saída de leito carroçável";"Com Vítimas Feridas";"Plena Noite";"Decrescente";"Céu Claro";"Simples";"Reta";"Não";1;0;1;0;0;0;1;1;-9,78054903;-63,0904921;"SPRF-RO";"DEL03-RO";"UOP01-DEL03-RO"
267861;2020-02-07;"sexta-feira";"20:20:00";"ES";262;165,2;"IBATIBA";"Falta de Atenção do Pedestre";"Atropelamento de Pedestre";"Com Vítimas Fatais";"Plena Noite";"Crescente";"Nublado";"Simples";"Curva";"Não";3;1;0;2;0;0;2;2;-20,24911466;-41,55151398;"SPRF-ES";"DEL01-ES";"UOP02-DEL01-ES"
267863;2020-02-07;"sexta-feira";"21:10:00";"MG";262;448,9;"NOVA SERRANA";"Ingestão de Álcool";"Colisão frontal";"Com Vítimas Feridas";"Plena Noite";"Decrescente";"Chuva";"Simples";"Reta";"Não";4;0;3;0;1;0;3;2;-19,87174184;-44,96984197;"SPRF-MG";"DEL08-MG";"UOP03-DEL08-MG"
267864;2020-01-28;"terça-feira";"19:10:00";"MS";158;92;"PARANAIBA";"Animais na Pista";"Danos eventuais";"Sem Vítimas";"Anoitecer";"Decrescente";"Céu Claro";"Dupla";"Reta";"Sim";4;0;0;0;3;1;0;2;-19,65814715;-51,20417375;"SPRF-MS";"DEL08-MS";"UOP01-DEL08-MS"
267866;2020-02-07;"sexta-feira";"21:12:00";"SC";101;118,9;"ITAJAI";"Falta de Atenção à Condução";"Colisão traseira";"Com Vítimas Feridas";"Plena Noite";"Crescente";"Nublado";"Dupla";"Reta";"Sim";3;0;3;0;0;0;3;2;-26,895859;-48,71903;"SPRF-SC";"DEL04-SC";"UOP04-DEL04-SC"
267867;2020-02-07;"sexta-feira";"09:20:00";"SC";282;21,4;"PALHOCA";"Desobediência às normas de trânsito pelo condutor";"Colisão transversal";"Sem Vítimas";"Plena Noite";"Crescente";"Chuva";"Simples";"Curva";"Sim";2;0;0;0;2;0;0;2;-27,68907;-48,717541;"SPRF-SC";"DEL01-SC";"UOP02-DEL01-SC"
267868;2020-02-07;"sexta-feira";"21:10:00";"ES";101;31,7;"CONCEICAO DA BARRA";"Desobediência às normas de trânsito pelo condutor";"Colisão transversal";"Com Vítimas Feridas";"Plena Noite";"Crescente";"Céu Claro";"Simples";"Declive";"Não";2;0;0;2;0;0;2;2;-18,42549901;-39,93487006;"SPRF-ES";"DEL04-ES";"UOP02-DEL04-ES"
267869;2020-02-07;"sexta-feira";"18:30:00";"SC";116;198;"PONTE ALTA";"Desobediência às normas de trânsito pelo condutor";"Colisão traseira";"Com Vítimas Feridas";"Anoitecer";"Crescente";"Céu Claro";"Dupla";"Reta";"Não";2;0;1;0;1;0;1;2;-27,41377628;-50,41680458;"SPRF-SC";"DEL05-SC";"UOP03-DEL05-SC"
267872;2020-02-07;"sexta-feira";"10:45:00";"PR";369;143,4;"LONDRINA";"Falta de Atenção à Condução";"Colisão lateral";"Com Vítimas Feridas";"Pleno dia";"Decrescente";"Céu Claro";"Dupla";"Reta";"Sim";2;0;0;1;0;1;1;2;-23,29293933;-51,09761059;"SPRF-PR";"DEL07-PR";"UOP01-DEL07-PR"
267874;2020-02-07;"sexta-feira";"20:20:00";"MA";230;402;"BALSAS";"Falta de Atenção do Pedestre";"Atropelamento de Pedestre";"Com Vítimas Fatais";"Plena Noite";"Crescente";"Céu Claro";"Simples";"Reta";"Não";2;1;0;0;1;0;0;2;-7,50857084;-46,03158637;"SPRF-MA";"DEL05-MA";"UOP01-DEL05-MA"
267875;2020-02-07;"sexta-feira";"20:40:00";"PR";153;336,5;"IRATI";"Falta de Atenção à Condução";"Colisão transversal";"Com Vítimas Feridas";"Plena Noite";"Crescente";"Nublado";"Simples";"Reta";"Sim";4;0;2;1;1;0;3;2;-25,49753795;-50,64815515;"SPRF-PR";"DEL03-PR";"UOP02-DEL08-PR"