"id";"data_inversa";"dia_semana";"horario";"uf";"br";"km";"municipio";"causa_acidente";"tipo_acidente";"classificacao_acidente";"fase_dia";"sentido_via";"condicao_metereologica";"tipo_pista";"tracado_via";"uso_solo";"pessoas";"mortos";"feridos_leves";"feridos_graves";"ilesos";"ignorados";"feridos";"veiculos";"latitude";"longitude";"regional";"delegacia";"uop"
267876;2020-02-07;"sexta-feira";"20:40:00";"MG";354;753,7;"ITAMONTE";"Falta de Atenção à Condução";"Colisão lateral";"Com Vítimas Feridas";"Plena Noite";"Crescente";"Ignorado";"Simples";"Reta";"Sim";2;0;0;1;1;0;1;2;-22,30074263;-44,86208652;"SPRF-MG";"DEL05-MG";"UOP01-DEL17-MG"
267877;2020-02-07;"sexta-feira";"22:10:00";"RN";304;8,1;"MOSSORO";"Falta de Atenção à Condução";"Tombamento";"Com Vítimas Feridas";"Plena Noite";"Decrescente";"Céu Claro";"Simples";"Reta";"Sim";1;0;1;0;0;0;1;1;-4,94112923;-37,40833037;"SPRF-RN";"DEL04-RN";"UOP02-DEL04-RN"
267878;2020-02-07;"sexta-feira";"21:50:00";"CE";222;3,8;"CAUCAIA";"Não guardar distância de segurança";"Colisão traseira";"Com Vítimas Feridas";"Plena Noite";"Decrescente";"Céu Claro";"Múltipla";"Reta";"Sim";2;0;2;0;0;0;2;2;-3,7403769;-38,59569202;"SPRF-CE";"DEL01-CE";"UOP01-DEL01-CE"
267879;2020-01-02;"quinta-feira";"20:00:00";"PR";369;16;"CAMBARA";"Falta de Atenção à Condução";"Colisão traseira";"Com Vítimas Feridas";"Plena Noite";"Crescente";"Céu Claro";"Simples";"Aclive;Reta";"Não";3;0;1;1;1;0;2;3;-23,02729156;-50,04148006;"SPRF-PR";"DEL07-PR";"UOP05-DEL07-PR"
267880;2020-02-07;"sexta-feira";"22:40:00";"SC";101;129,1;"BALNEARIO CAMBORIU";"Falta de Atenção à Condução";"Capotamento";"Com Vítimas Feridas";"Plena Noite";"Decrescente";"Garoa/Chuvisco";"Dupla";"Reta";"Não";3;0;3;0;0;0;3;1;-26,98064277;-48,6790679;"SPRF-SC";"DEL04-SC";"UOP03-DEL04-SC"
267881;2020-02-07;"sexta-feira";"18:30:00";"MA";316;608,3;"TIMON";"Avarias e/ou desgaste excessivo no pneu";"Saída de leito carroçável";"Com Vítimas Feridas";"Anoitecer";"Decrescente";"Nublado";"Simples";"Declive;Reta";"Não";1;0;0;1;0;0;1;1;-5,060935;-42,892292;"SPRF-MA";"DEL03-MA";"UOP02-DEL03-MA"
267882;2020-02-07;"sexta-feira";"20:05:00";"RS";470;224;"GARIBALDI";"Não guardar distância de segurança";"Colisão traseira";"Com Vítimas Feridas";"Plena Noite";"Decrescente";"Céu Claro";"Simples";"Reta";"Não";8;0;5;0;3;0;5;3;-29,21556004;-51,51743821;"SPRF-RS";"DEL06-RS";"UOP01-DEL06-RS"
267883;2020-02-07;"sexta-feira";"22:45:00";"SP";116;157,9;"JACAREI";"Defeito Mecânico no Veículo";"Tombamento";"Com Vítimas Feridas";"Plena Noite";"Decrescente";"Nublado";"Dupla";"Reta";"Não";1;0;1;0;0;0;1;1;-23,26072137;-45,95179176;"SPRF-SP";"DEL02-SP";"UOP01-DEL02-SP"
267884;2020-02-07;"sexta-feira";"22:40:00";"SC";101;117;"ITAJAI";"Falta de Atenção à Condução";"Colisão transversal";"Com Vítimas Feridas";"Plena Noite";"Decrescente";"Chuva";"Simples";"Interseção de Vias";"Não";3;0;1;0;2;0;1;2;-26,88747187;-48,72252969;"SPRF-SC";"DEL04-SC";"UOP04-DEL04-SC"
267886;2020-02-07;"sexta-feira";"21:50:00";"PB";104;106,6;"SAO SEBASTIAO DE LAGOA DE  ROCA";"Desobediência às normas de trânsito pelo condutor";"Colisão transversal";"Com Vítimas Feridas";"Plena Noite";"Crescente";"Céu Claro";"Simples";"Aclive;Reta";"Sim";2;0;0;1;1;0;1;2;-7,09569811;-35,86106094;"SPRF-PB";"DEL02-PB";"UOP04-DEL02-PB"
267892;2020-02-07;"sexta-feira";"22:30:00";"PR";277;710,2;"SANTA TEREZINHA DE ITAIPU";"Falta de Atenção à Condução";"Colisão traseira";"Com Vítimas Feridas";"Plena Noite";"Crescente";"Céu Claro";"Dupla";"Aclive;Reta";"Sim";3;0;0;2;0;1;2;2;-25,45042905;-54,41348698;"SPRF-PR";"DEL05-PR";"UOP01-DEL05-PR"
267893;2020-02-08;"sábado";"00:10:00";"SP";116;555,2;"BARRA DO TURVO";"Pista Escorregadia";"Colisão com objeto estático";"Com Vítimas Feridas";"Plena Noite";"Crescente";"Garoa/Chuvisco";"Dupla";"Curva";"Não";2;0;2;0;0;0;2;1;-24,97551596;-48,50553989;"SPRF-SP";"DEL05-SP";"UOP02-DEL05-SP"
267894;2020-02-07;"sexta-feira";"23:30:00";"SC";101;186;"BIGUACU";"Pista Escorregadia";"Colisão com objeto estático";"Com Vítimas Feridas";"Plena Noite";"Crescente";"Chuva";"Dupla";"Curva";"Não";1;0;1;0;0;0;1;1;-27,4341098;-48,62567129;"SPRF-SC";"DEL01-SC";"UOP01-DEL01-SC"
267895;2020-02-07;"sexta-feira";"22:35:00";"PR";369;173,5;"ROLANDIA";"Desobediência às normas de trânsito pelo condutor";"Colisão transversal";"Com Vítimas Feridas";"Plena Noite";"Crescente";"Nublado";"Simples";"Interseção de Vias;Reta";"Sim";3;0;2;0;0;1;2;2;-23,3129279;-51,37283206;"SPRF-PR";"DEL07-PR";"UOP01-DEL07-PR"
267897;2020-02-08;"sábado";"00:20:00";"SC";282;24,7;"SANTO AMARO DA IMPERATRIZ";"Falta de Atenção à Condução";"Colisão frontal";"Com Vítimas Feridas";"Plena Noite";"Decrescente";"Chuva";"Simples";"Interseção de Vias";"Sim";2;0;0;1;1;0;1;2;-27,68268;-48,744614;"SPRF-SC";"DEL01-SC";"UOP03-DEL01-SC"
267899;2020-02-07;"sexta-feira";"22:00:00";"RO";364;432;"JARU";"Falta de Atenção à Condução";"Tombamento";"Com Vítimas Feridas";"Plena Noite";"Decrescente";"Chuva";"Simples";"Declive";"Não";2;0;1;1;0;0;2;1;-10,39356858;-62,53542423;"SPRF-RO";"DEL03-RO";"UOP02-DEL03-RO"
267901;2020-02-08;"sábado";"01:20:00";"SC";282;0,2;"FLORIANOPOLIS";"Ingestão de Álcool";"Saída de leito carroçável";"Sem Vítimas";"Plena Noite";"Decrescente";"Chuva";"Múltipla";"Curva";"Não";1;0;0;0;1;0;0;1;-27,59845;-48,571995;"SPRF-SC";"DEL01-SC";"UOP01-DEL01-SC"
267902;2020-02-07;"sexta-feira";"22:50:00";"CE";116;236,9;"ALTO SANTO";"Animais na Pista";"Atropelamento de Animal";"Com Vítimas Feridas";"Plena Noite";"Crescente";"Céu Claro";"Simples";"Reta";"Não";1;0;1;0;0;0;1;1;-5,42428312;-38,29657095;"SPRF-CE";"DEL03-CE";"UOP01-DEL03-CE"
267903;2020-02-08;"sábado";"01:00:00";"MG";381;500;"BETIM";"Falta de Atenção à Condução";"Colisão traseira";"Com Vítimas Feridas";"Plena Noite";"Crescente";"Nublado";"Dupla";"Reta";"Sim";3;0;2;0;1;0;2;2;-20,02513493;-44,23112709;"SPRF-MG";"DEL01-MG";"UOP03-DEL01-MG"
267904;2020-02-08;"sábado";"00:20:00";"PR";116;125;"FAZENDA RIO GRANDE";"Pista Escorregadia";"Saída de leito carroçável";"Sem Vítimas";"Plena Noite";"Crescente";"Garoa/Chuvisco";"Dupla";"Reta";"Sim";1;0;0;0;1;0;0;1;-25,59505309;-49,31630659;"SPRF-PR";"DEL01-PR";"UOP03-DEL01-PR"
267905;2020-02-08;"sábado";"01:35:00";"MG";50;84;"UBERLANDIA";"Falta de Atenção à Condução";"Colisão com objeto em movimento";"Sem Vítimas";"Pleno dia";"Decrescente";"Céu Claro";"Dupla";"Reta";"Não";1;0;0;0;1;0;0;1;-18,99589703;-48,21049418;"SPRF-MG";"DEL15-MG";"UOP01-DEL15-MG"
267909;2020-02-08;"sábado";"02:35:00";"GO";153;506,9;"APARECIDA DE GOIANIA";"Ingestão de Álcool";"Saída de leito carroçável";"Sem Vítimas";"Plena Noite";"Crescente";"Chuva";"Dupla";"Declive;Reta";"Sim";1;0;0;0;1;0;0;1;-16,7633;-49,24;"SPRF-GO";"DEL01-GO";"UOP01-DEL01-GO"
267911;2020-02-08;"sábado";"02:45:00";"PE";104;82,5;"AGRESTINA";"Condutor Dormindo";"Colisão frontal";"Com Vítimas Fatais";"Plena Noite";"Crescente";"Nublado";"Dupla";"Reta";"Não";5;3;0;2;0;0;2;2;-8,414513;-35,967102;"SPRF-PE";"DEL02-PE";"UOP01-DEL02-PE"
267916;2020-02-08;"sábado";"03:35:00";"PR";116;98,7;"SAO JOSE DOS PINHAIS";"Desobediência às normas de trânsito pelo condutor";"Colisão frontal";"Com Vítimas Feridas";"Plena Noite";"Decrescente";"Nublado";"Dupla";"Curva";"Sim";2;0;0;1;1;0;1;2;-25,55844717;-49,15003365;"SPRF-PR";"DEL01-PR";"UOP01-DEL01-PR"
267917;2020-02-08;"sábado";"02:35:00";"RS";470;197;"BENTO GONCALVES";"Velocidade Incompatível";"Saída de leito carroçável";"Sem Vítimas";"Plena Noite";"Crescente";"Céu Claro";"Simples";"Curva";"Não";1;0;0;0;0;1;0;1;-29,0539052;-51,59563964;"SPRF-RS";"DEL06-RS";"UOP02-DEL06-RS"
267918;2020-02-08;"sábado";"03:30:00";"RS";116;320,8;"BARRA DO RIBEIRO";"Falta de Atenção à Condução";"Tombamento";"Com Vítimas Feridas";"Plena Noite";"Decrescente";"Céu Claro";"Simples";"Em Obras;Desvio Temporário";"Sim";2;0;2;0;0;0;2;1;-30,29045475;-51,41549773;"SPRF-RS";"DEL02-RS";"UOP01-DEL02-RS"
267921;2020-02-08;"sábado";"04:30:00";"DF";40;3;"BRASILIA";"Ingestão de Álcool";"Saída de leito carroçável";"Com Vítimas Feridas";"Pleno dia";"Crescente";"Céu Claro";"Dupla";"Reta";"Sim";1;0;1;0;0;0;1;1;-16,003145;-47,983944;"SPRF-DF";"DEL01-DF";"UOP01-DEL01-DF"
267922;2020-02-08;"sábado";"04:15:00";"SP";381;35;"ATIBAIA";"Falta de Atenção à Condução";"Capotamento";"Com Vítimas Feridas";"Plena Noite";"Crescente";"Garoa/Chuvisco";"Múltipla";"Curva";"Sim";1;0;1;0;0;0;1;1;-23,088586;-46,571798;"SPRF-SP";"DEL03-SP";"UOP01-DEL03-SP"
267924;2020-02-08;"sábado";"02:30:00";"AC";317;290;"EPITACIOLANDIA";"Animais na Pista";"Atropelamento de Animal";"Sem Vítimas";"Plena Noite";"Crescente";"Céu Claro";"Simples";"Curva";"Sim";2;0;0;0;2;0;0;1;-11,03783;-68,7167;"SPRF-AC";"DEL01-AC";"UOP02-DEL01-AC"
267926;2020-02-08;"sábado";"04:20:00";"PR";277;601,1;"CASCAVEL";"Desobediência às normas de trânsito pelo condutor";"Capotamento";"Com Vítimas Fatais";"Plena Noite";"Crescente";"Céu Claro";"Dupla";"Reta";"Sim";2;1;0;1;0;0;1;1;-25,01834069;-53,54356825;"SPRF-PR";"DEL04-PR";"UOP01-DEL04-PR"
267927;2020-02-08;"sábado";"04:30:00";"PR";116;125,8;"FAZENDA RIO GRANDE";"Falta de Atenção à Condução";"Colisão transversal";"Com Vítimas Feridas";"Plena Noite";"Decrescente";"Nublado";"Múltipla";"Reta;Interseção de Vias";"Sim";3;0;1;0;2;0;1;2;-25,63703836;-49,31312084;"SPRF-PR";"DEL01-PR";"UOP03-DEL01-PR"
267928;2020-02-08;"sábado";"05:00:00";"RS";386;440;"CANOAS";"Animais na Pista";"Atropelamento de Animal";"Com Vítimas Feridas";"Plena Noite";"Decrescente";"Ignorado";"Dupla";"Curva;Aclive";"Não";1;0;1;0;0;0;1;1;-29,878265;-51,241951;"SPRF-RS";"DEL04-RS";"UOP02-DEL04-RS"
267929;2020-02-08;"sábado";"03:30:00";"SC";101;392,4;"CRICIUMA";"Ingestão de álcool e/ou substâncias psicoativas pelo pedestre";"Colisão com objeto estático";"Com Vítimas Feridas";"Plena Noite";"Decrescente";"Nublado";"Dupla";"Curva";"Não";3;0;1;2;0;0;3;1;-28,80489882;-49,3712151;"SPRF-SC";"DEL02-SC";"UOP02-DEL02-SC"
267930;2020-02-08;"sábado";"01:30:00";"CE";20;190,9;"BOA VIAGEM";"Animais na Pista";"Atropelamento de Animal";"Com Vítimas Feridas";"Plena Noite";"Decrescente";"Céu Claro";"Simples";"Reta";"Não";1;0;1;0;0;0;1;1;-5,213634;-39,79944;"SPRF-CE";"DEL02-CE";"UOP02-DEL02-CE"
267931;2020-02-08;"sábado";"03:30:00";"RO";319;63;"PORTO VELHO";"Não guardar distância de segurança";"Colisão traseira";"Com Vítimas Feridas";"Plena Noite";"Crescente";"Nublado";"Dupla";"Reta";"Sim";2;0;1;0;1;0;1;2;-8,766685;-63,884052;"SPRF-RO";"DEL01-RO";"UOP01-DEL01-RO"
267932;2020-02-08;"sábado";"05:00:00";"MG";381;694,4;"LAVRAS";"Objeto estático sobre o leito carroçável";"Colisão com objeto estático";"Sem Vítimas";"Amanhecer";"Crescente";"Nublado";"Dupla";"Reta";"Não";1;0;0;0;1;0;0;1;-21,26844225;-45,13721743;"SPRF-MG";"DEL04-MG";"UOP02-DEL04-MG"
267933;2020-02-08;"sábado";"06:00:00";"PR";280;279,1;"FLOR DA SERRA DO SUL";"Falta de Atenção à Condução";"Saída de leito carroçável";"Com Vítimas Feridas";"Pleno dia";"Crescente";"Céu Claro";"Simples";"Curva";"Não";2;0;1;0;1;0;1;1;-26,24888868;-53,214819;"SPRF-PR";"DEL02-PR";"UOP01-DEL02-PR"
267935;2020-02-07;"sexta-feira";"23:00:00";"MG";153;23;"CENTRALINA";"Defeito Mecânico no Veículo";"Saída de leito carroçável";"Sem Vítimas";"Plena Noite";"Decrescente";"Chuva";"Dupla";"Curva";"Não";2;0;0;0;2;0;0;1;-18,62303102;-49,18751103;"SPRF-MG";"DEL15-MG";"UOP03-DEL15-MG"
267936;2020-02-08;"sábado";"06:10:00";"SP";101;47,3;"UBATUBA";"Desobediência às normas de trânsito pelo condutor";"Colisão transversal";"Com Vítimas Feridas";"Pleno dia";"Crescente";"Sol";"Simples";"Reta";"Sim";2;0;1;0;0;1;1;2;-23,429897;-45,082436;"SPRF-SP";"DEL06-SP";"UOP01-DEL06-SP"
267937;2020-02-07;"sexta-feira";"22:30:00";"PR";369;178,7;"ARAPONGAS";"Ingestão de Álcool";"Saída de leito carroçável";"Com Vítimas Feridas";"Plena Noite";"Crescente";"Chuva";"Simples";"Reta";"Sim";1;0;1;0;0;0;1;1;-23,3769;-51,4153;"SPRF-PR";"DEL07-PR";"UOP01-DEL07-PR"
267938;2020-02-08;"sábado";"06:00:00";"SC";282;49;"AGUAS MORNAS";"Velocidade Incompatível";"Saída de leito carroçável";"Com Vítimas Feridas";"Pleno dia";"Decrescente";"Chuva";"Simples";"Curva";"Não";4;0;2;0;2;0;2;1;-27,712931;-48,943741;"SPRF-SC";"DEL01-SC";"UOP03-DEL01-SC"
267939;2020-02-08;"sábado";"06:00:00";"RS";290;171,2;"BUTIA";"Condutor Dormindo";"Colisão frontal";"Com Vítimas Feridas";"Pleno dia";"Crescente";"Céu Claro";"Simples";"Reta";"Não";2;0;0;1;1;0;1;2;-30,125809;-51,920555;"SPRF-RS";"DEL02-RS";"UOP02-DEL02-RS"
267940;2020-02-08;"sábado";"06:29:00";"DF";20;10;"BRASILIA";"Falta de Atenção à Condução";"Colisão lateral";"Com Vítimas Feridas";"Pleno dia";"Decrescente";"Garoa/Chuvisco";"Dupla";"Reta";"Sim";3;0;1;0;2;0;1;3;-15,650243;-47,773872;"SPRF-DF";"DEL02-DF";"UOP01-DEL02-DF"
267942;2020-02-08;"sábado";"05:25:00";"GO";60;98;"ANAPOLIS";"Ingestão de Álcool";"Saída de leito carroçável";"Sem Vítimas";"Amanhecer";"Crescente";"Chuva";"Dupla";"Reta";"Sim";1;0;0;0;1;0;0;1;-16,3846;-48,9541;"SPRF-GO";"DEL02-GO";"UOP01-DEL02-GO"
267945;2020-02-07;"sexta-feira";"18:20:00";"GO";153;504;"GOIANIA";"Falta de Atenção à Condução";"Colisão traseira";"Sem Vítimas";"Anoitecer";"Decrescente";"Chuva";"Dupla";"Reta";"Sim";3;0;0;0;3;0;0;3;-16,7451;-49,2408;"SPRF-GO";"DEL01-GO";"UOP01-DEL01-GO"
267947;2020-02-08;"sábado";"06:40:00";"GO";20;55,7;"FORMOSA";"Falta de Atenção à Condução";"Colisão frontal";"Com Vítimas Fatais";"Amanhecer";"Decrescente";"Chuva";"Simples";"Reta";"Não";5;1;3;1;0;0;4;2;-15,289079;-47,151413;"SPRF-DF";"DEL02-DF";"UOP01-DEL02-DF"
267948;2020-02-08;"sábado";"06:40:00";"PR";277;722;"FOZ DO IGUACU";"Ingestão de Álcool";"Colisão lateral";"Com Vítimas Feridas";"Pleno dia";"Decrescente";"Céu Claro";"Dupla";"Reta";"Sim";7;0;2;0;4;1;2;3;-25,49565731;-54,52085495;"SPRF-PR";"DEL05-PR";"UOP01-DEL05-PR"
267949;2020-02-08;"sábado";"06:00:00";"MG";40;481,5;"SETE LAGOAS";"Falta de Atenção à Condução";"Capotamento";"Com Vítimas Feridas";"Amanhecer";"Crescente";"Céu Claro";"Dupla";"Curva";"Não";1;0;1;0;0;0;1;1;-19,5511262;-44,24459038;"SPRF-MG";"DEL02-MG";"UOP01-DEL02-MG"
267950;2020-02-08;"sábado";"06:45:00";"PE";232;8;"RECIFE";"Falta de Atenção à Condução";"Colisão traseira";"Sem Vítimas";"Pleno dia";"Decrescente";"Céu Claro";"Dupla";"Reta";"Não";2;0;0;0;2;0;0;2;-8,07583727;-34,97015791;"SPRF-PE";"DEL01-PE";"UOP01-DEL01-PE"
267954;2020-02-08;"sábado";"07:30:00";"PR";376;181;"MARINGA";"Falta de Atenção à Condução";"Queda de ocupante de veículo";"Com Vítimas Feridas";"Pleno dia";"Decrescente";"Sol";"Dupla";"Reta";"Sim";2;0;2;0;0;0;2;1;-23,42864432;-51,89279785;"SPRF-PR";"DEL07-PR";"UOP01-DEL09-PR"
267955;2020-02-08;"sábado";"07:15:00";"CE";20;423;"FORTALEZA";"Defeito na Via";"Tombamento";"Com Vítimas Feridas";"Pleno dia";"Crescente";"Céu Claro";"Dupla";"Reta";"Não";1;0;1;0;0;0;1;1;-3,76999035;-38,67006282;"SPRF-CE";"DEL01-CE";"UOP02-DEL01-CE"
267956;2020-02-08;"sábado";"08:00:00";"RS";386;36,2;"FREDERICO WESTPHALEN";"Desobediência às normas de trânsito pelo condutor";"Colisão transversal";"Com Vítimas Feridas";"Pleno dia";"Crescente";"Sol";"Simples";"Reta";"Sim";2;0;1;0;1;0;1;2;-27,373381;-53,39772;"SPRF-RS";"DEL08-RS";"UOP02-DEL08-RS"
267958;2020-02-08;"sábado";"06:35:00";"SE";101;96,9;"SAO CRISTOVAO";"Velocidade Incompatível";"Capotamento";"Sem Vítimas";"Pleno dia";"Decrescente";"Céu Claro";"Dupla";"Reta";"Não";1;0;0;0;0;1;0;1;-10,91774224;-37,16729183;"SPRF-SE";"DEL02-SE";"UOP01-DEL02-SE"
267959;2020-02-08;"sábado";"07:15:00";"GO";153;429;"ANAPOLIS";"Defeito na Via";"Capotamento";"Com Vítimas Feridas";"Pleno dia";"Crescente";"Chuva";"Dupla";"Aclive";"Não";1;0;1;0;0;0;1;1;-16,245422;-49,001404;"SPRF-GO";"DEL02-GO";"UOP01-DEL02-GO"
267960;2020-02-08;"sábado";"08:30:00";"GO";70;315;"JUSSARA";"Velocidade Incompatível";"Saída de leito carroçável";"Com Vítimas Feridas";"Pleno dia";"Crescente";"Chuva";"Dupla";"Reta";"Sim";1;0;1;0;0;0;1;1;-15,874547;-50,863547;"SPRF-GO";"DEL04-GO";"UOP01-DEL04-GO"
267961;2020-02-08;"sábado";"05:30:00";"CE";116;5,7;"FORTALEZA";"Ingestão de Álcool";"Colisão com objeto estático";"Sem Vítimas";"Amanhecer";"Decrescente";"Garoa/Chuvisco";"Dupla";"Viaduto";"Sim";1;0;0;0;1;0;0;1;-3,798426;-38,504576;"SPRF-CE";"DEL01-CE";"UOP02-DEL01-CE"
267962;2020-02-08;"sábado";"08:45:00";"SC";101;413;"ARARANGUA";"Desobediência às normas de trânsito pelo condutor";"Colisão transversal";"Sem Vítimas";"Pleno dia";"Decrescente";"Céu Claro";"Simples";"Rotatória";"Sim";2;0;0;0;2;0;0;2;-28,94605997;-49,50428402;"SPRF-SC";"DEL02-SC";"UOP02-DEL02-SC"
267963;2020-02-08;"sábado";"07:30:00";"RS";290;26;"SANTO ANTONIO DA PATRULHA";"Desobediência às normas de trânsito pelo condutor";"Colisão lateral";"Sem Vítimas";"Pleno dia";"Decrescente";"Céu Claro";"Dupla";"Reta";"Não";2;0;0;0;2;0;0;2;-29,880135;-50,514297;"SPRF-RS";"DEL03-RS";"UOP01-DEL03-RS"
267964;2020-02-08;"sábado";"07:55:00";"MT";364;240;"JUSCIMEIRA";"Defeito na Via";"Saída de leito carroçável";"Com Vítimas Feridas";"Pleno dia";"Crescente";"Sol";"Dupla";"Reta";"Não";5;0;2;0;3;0;2;1;-16,17914141;-54,78905337;"SPRF-MT";"DEL02-MT";"UOP01-DEL02-MT"
267965;2020-02-08;"sábado";"08:30:00";"RJ";116;173;"MESQUITA";"Ingestão de Álcool";"Colisão traseira";"Sem Vítimas";"Pleno dia";"Decrescente";"Céu Claro";"Múltipla";"Reta";"Não";2;0;0;0;2;0;0;2;-22,79810324;-43,35726614;"SPRF-RJ";"DEL01-RJ";"UOP02-DEL01-RJ"
267966;2020-02-08;"sábado";"08:45:00";"SP";116;273;"TABOAO DA SERRA";"Falta de Atenção à Condução";"Engavetamento";"Com Vítimas Feridas";"Pleno dia";"Decrescente";"Céu Claro";"Dupla";"Reta";"Sim";5;0;2;0;3;0;2;3;-23,62809795;-46,81870306;"SPRF-SP";"DEL04-SP";"UOP01-DEL04-SP"
267968;2020-02-08;"sábado";"07:00:00";"BA";242;862;"BARREIRAS";"Falta de Atenção à Condução";"Atropelamento de Pedestre";"Com Vítimas Fatais";"Amanhecer";"Crescente";"Ignorado";"Simples";"Reta";"Não";2;1;0;0;0;1;0;2;-12,09319938;-45,39731506;"SPRF-BA";"DEL10-BA";"UOP01-DEL10-BA"
267969;2020-02-08;"sábado";"09:30:00";"CE";222;5;"CAUCAIA";"Falta de Atenção à Condução";"Colisão lateral";"Com Vítimas Feridas";"Pleno dia";"Crescente";"Sol";"Múltipla";"Reta";"Sim";2;0;1;0;1;0;1;2;-3,74296918;-38,61330997;"SPRF-CE";"DEL01-CE";"UOP01-DEL01-CE"
267970;2020-02-08;"sábado";"08:40:00";"RJ";101;294;"ITABORAI";"Não guardar distância de segurança";"Tombamento";"Com Vítimas Feridas";"Pleno dia";"Decrescente";"Céu Claro";"Dupla";"Reta";"Sim";1;0;1;0;0;0;1;1;-22,7584434;-42,89502344;"SPRF-RJ";"DEL02-RJ";"UOP03-DEL02-RJ"
267971;2020-02-08;"sábado";"09:15:00";"SP";116;43,1;"CANAS";"Condutor Dormindo";"Saída de leito carroçável";"Com Vítimas Feridas";"Pleno dia";"Crescente";"Céu Claro";"Dupla";"Reta";"Não";1;0;1;0;0;0;1;1;-22,69796586;-45,03103101;"SPRF-SP";"DEL08-SP";"UOP02-DEL08-SP"
267972;2020-02-08;"sábado";"08:00:00";"SP";153;58;"SAO JOSE DO RIO PRETO";"Falta de Atenção à Condução";"Colisão traseira";"Sem Vítimas";"Pleno dia";"Crescente";"Céu Claro";"Simples";"Reta";"Sim";2;0;0;0;1;1;0;2;-20,77838195;-49,35300538;"SPRF-SP";"DEL09-SP";"UOP01-DEL09-SP"
267974;2020-02-08;"sábado";"09:20:00";"BA";324;514;"FEIRA DE SANTANA";"Desobediência às normas de trânsito pelo condutor";"Colisão transversal";"Com Vítimas Feridas";"Pleno dia";"Crescente";"Céu Claro";"Simples";"Reta";"Sim";2;0;1;0;1;0;1;2;-12,23229233;-38,95215305;"SPRF-BA";"DEL02-BA";"UOP01-DEL02-BA"
267975;2020-02-08;"sábado";"10:15:00";"PB";230;15,2;"JOAO PESSOA";"Não guardar distância de segurança";"Colisão traseira";"Com Vítimas Feridas";"Pleno dia";"Decrescente";"Céu Claro";"Dupla";"Declive";"Sim";3;0;2;0;1;0;2;2;-7,093;-34,8482;"SPRF-PB";"DEL01-PB";"UOP01-DEL01-PB"
267976;2020-02-08;"sábado";"08:30:00";"ES";262;110,9;"VENDA NOVA DO IMIGRANTE";"Falta de Atenção à Condução";"Colisão transversal";"Com Vítimas Feridas";"Pleno dia";"Decrescente";"Céu Claro";"Simples";"Reta;Interseção de Vias";"Sim";2;0;0;1;1;0;1;2;-20,3364276;-41,18081802;"SPRF-ES";"DEL01-ES";"UOP02-DEL01-ES"
267977;2020-02-08;"sábado";"10:40:00";"ES";101;142;"LINHARES";"Pista Escorregadia";"Queda de ocupante de veículo";"Com Vítimas Feridas";"Pleno dia";"Decrescente";"Céu Claro";"Dupla";"Reta";"Sim";1;0;1;0;0;0;1;1;-19,33458987;-40,06755477;"SPRF-ES";"DEL04-ES";"UOP01-DEL04-ES"
267978;2020-02-08;"sábado";"10:50:00";"SC";470;154,3;"AGRONOMICA";"Não guardar distância de segurança";"Colisão traseira";"Com Vítimas Feridas";"Pleno dia";"Crescente";"Chuva";"Simples";"Curva";"Não";4;0;2;2;0;0;4;2;-27,275414;-49,742989;"SPRF-SC";"DEL04-SC";"UOP02-DEL04-SC"
267979;2020-02-08;"sábado";"03:20:00";"CE";20;190,9;"BOA VIAGEM";"Animais na Pista";"Colisão com objeto estático";"Com Vítimas Fatais";"Plena Noite";"Decrescente";"Céu Claro";"Simples";"Reta";"Não";1;1;0;0;0;0;0;1;-5,213695;-39,799571;"SPRF-CE";"DEL02-CE";"UOP02-DEL02-CE"
267980;2020-02-08;"sábado";"03:30:00";"CE";20;190,8;"BOA VIAGEM";"Animais na Pista";"Colisão com objeto estático";"Sem Vítimas";"Plena Noite";"Decrescente";"Céu Claro";"Simples";"Reta";"Não";1;0;0;0;1;0;0;1;-5,213917;-39,799738;"SPRF-CE";"DEL02-CE";"UOP02-DEL02-CE"
267982;2020-02-08;"sábado";"10:45:00";"PR";116;43,2;"CAMPINA GRANDE DO SUL";"Falta de Atenção à Condução";"Queda de ocupante de veículo";"Com Vítimas Feridas";"Pleno dia";"Decrescente";"Céu Claro";"Dupla";"Curva";"Não";1;0;1;0;0;0;1;1;-25,18101149;-48,88196442;"SPRF-PR";"DEL01-PR";"UOP02-DEL01-PR"
267983;2020-02-08;"sábado";"10:30:00";"GO";153;218,1;"URUACU";"Defeito na Via";"Saída de leito carroçável";"Com Vítimas Feridas";"Pleno dia";"Crescente";"Chuva";"Simples";"Reta;Declive";"Não";3;0;1;0;2;0;1;1;-14,672663;-49,200642;"SPRF-GO";"DEL07-GO";"UOP01-DEL07-GO"
267985;2020-02-08;"sábado";"10:50:00";"MG";381;695;"LAVRAS";"Falta de Atenção à Condução";"Colisão traseira";"Com Vítimas Feridas";"Pleno dia";"Decrescente";"Ignorado";"Dupla";"Curva";"Não";2;0;1;0;1;0;1;2;-21,27640386;-45,13914121;"SPRF-MG";"DEL04-MG";"UOP02-DEL04-MG"
267986;2020-02-08;"sábado";"10:25:00";"RJ";465;19;"SEROPEDICA";"Desobediência às normas de trânsito pelo condutor";"Colisão transversal";"Com Vítimas Feridas";"Pleno dia";"Crescente";"Céu Claro";"Simples";"Reta";"Sim";3;0;2;0;1;0;2;2;-22,839184;-43,610451;"SPRF-RJ";"DEL01-RJ";"UOP03-DEL01-RJ"