"id";"data_inversa";"dia_semana";"horario";"uf";"br";"km";"municipio";"causa_acidente";"tipo_acidente";"classificacao_acidente";"fase_dia";"sentido_via";"condicao_metereologica";"tipo_pista";"tracado_via";"uso_solo";"pessoas";"mortos";"feridos_leves";"feridos_graves";"ilesos";"ignorados";"feridos";"veiculos";"latitude";"longitude";"regional";"delegacia";"uop"
267987;2020-02-08;"sábado";"12:00:00";"PR";373;172;"PONTA GROSSA";"Falta de Atenção à Condução";"Engavetamento";"Com Vítimas Feridas";"Pleno dia";"Decrescente";"Céu Claro";"Múltipla";"Reta";"Sim";5;0;2;0;3;0;2;4;-25,08139932;-50,19200981;"SPRF-PR";"DEL03-PR";"UOP01-DEL03-PR"
267989;2020-02-08;"sábado";"12:25:00";"MG";40;52;"PARACATU";"Condutor Dormindo";"Saída de leito carroçável";"Com Vítimas Feridas";"Pleno dia";"Decrescente";"Nublado";"Simples";"Reta";"Não";1;0;1;0;0;0;1;1;-17,25177895;-46,78868177;"SPRF-MG";"DEL14-MG";"UOP01-DEL14-MG"
267990;2020-02-08;"sábado";"12:55:00";"SP";116;278;"EMBU DAS ARTES";"Falta de Atenção à Condução";"Saída de leito carroçável";"Com Vítimas Feridas";"Pleno dia";"Decrescente";"Sol";"Dupla";"Curva";"Sim";2;0;2;0;0;0;2;1;-23,65508497;-46,84918605;"SPRF-SP";"DEL04-SP";"UOP01-DEL04-SP"
267993;2020-02-04;"terça-feira";"16:00:00";"SC";101;203,9;"SAO JOSE";"Falta de Atenção à Condução";"Colisão transversal";"Sem Vítimas";"Pleno dia";"Decrescente";"Chuva";"Dupla";"Interseção de Vias";"Sim";2;0;0;0;2;0;0;2;-27,57225228;-48,61342371;"SPRF-SC";"DEL01-SC";"UOP01-DEL01-SC"
267994;2020-02-08;"sábado";"12:25:00";"GO";20;158;"ALVORADA DO NORTE";"Falta de Atenção à Condução";"Capotamento";"Com Vítimas Feridas";"Pleno dia";"Crescente";"Chuva";"Simples";"Reta";"Não";2;0;2;0;0;0;2;1;-14,63262;-46,622375;"SPRF-DF";"DEL02-DF";"UOP03-DEL02-DF"
267995;2020-02-08;"sábado";"13:20:00";"SP";116;230,6;"SAO PAULO";"Defeito Mecânico no Veículo";"Queda de ocupante de veículo";"Com Vítimas Feridas";"Pleno dia";"Crescente";"Céu Claro";"Simples";"Reta";"Não";1;0;1;0;0;0;1;1;-23,52785314;-46,58982038;"SPRF-SP";"DEL01-SP";"UOP01-DEL01-SP"
267996;2020-02-04;"terça-feira";"20:15:00";"MS";262;109,5;"AGUA CLARA";"Pista Escorregadia";"Saída de leito carroçável";"Com Vítimas Feridas";"Plena Noite";"Crescente";"Chuva";"Simples";"Reta";"Não";3;0;3;0;0;0;3;1;-20,53532059;-52,57249182;"SPRF-MS";"DEL07-MS";"UOP02-DEL07-MS"
267997;2020-02-08;"sábado";"13:15:00";"RS";116;521;"PELOTAS";"Desobediência às normas de trânsito pelo condutor";"Colisão transversal";"Com Vítimas Feridas";"Pleno dia";"Crescente";"Céu Claro";"Dupla";"Rotatória";"Sim";3;0;1;1;1;0;2;2;-31,70752405;-52,36800695;"SPRF-RS";"DEL07-RS";"UOP01-DEL07-RS"
267998;2020-02-08;"sábado";"10:30:00";"MG";116;558,2;"MANHUACU";"Velocidade Incompatível";"Saída de leito carroçável";"Com Vítimas Feridas";"Pleno dia";"Decrescente";"Céu Claro";"Simples";"Curva";"Não";3;0;2;0;1;0;2;1;-20,01158083;-42,16080666;"SPRF-MG";"DEL06-MG";"UOP03-DEL06-MG"
268000;2020-02-08;"sábado";"12:05:00";"RJ";40;56;"PETROPOLIS";"Desobediência às normas de trânsito pelo condutor";"Colisão transversal";"Com Vítimas Feridas";"Pleno dia";"Decrescente";"Céu Claro";"Dupla";"Retorno Regulamentado";"Não";5;0;3;0;2;0;3;2;-22,36181902;-43,12633753;"SPRF-RJ";"DEL06-RJ";"UOP02-DEL05-RJ"
268001;2020-02-08;"sábado";"14:10:00";"PR";369;187,8;"ARAPONGAS";"Desobediência às normas de trânsito pelo condutor";"Colisão frontal";"Com Vítimas Feridas";"Pleno dia";"Crescente";"Céu Claro";"Simples";"Reta";"Sim";2;0;1;0;1;0;1;2;-23,430329;-51,422726;"SPRF-PR";"DEL07-PR";"UOP03-DEL07-PR"
268002;2020-02-08;"sábado";"12:40:00";"SC";470;99,7;"APIUNA";"Não guardar distância de segurança";"Colisão traseira";"Com Vítimas Feridas";"Pleno dia";"Decrescente";"Nublado";"Simples";"Reta";"Não";7;0;4;0;3;0;4;4;-27,037956;-49,393417;"SPRF-SC";"DEL04-SC";"UOP01-DEL04-SC"
268003;2020-02-08;"sábado";"12:55:00";"GO";20;189;"SIMOLANDIA";"Falta de Atenção à Condução";"Saída de leito carroçável";"Com Vítimas Feridas";"Pleno dia";"Crescente";"Chuva";"Simples";"Reta";"Não";3;0;1;0;2;0;1;1;-14,408245;-46,452522;"SPRF-DF";"DEL02-DF";"UOP03-DEL02-DF"
268004;2020-02-08;"sábado";"08:30:00";"SC";282;503,8;"XANXERE";"Velocidade Incompatível";"Saída de leito carroçável";"Com Vítimas Feridas";"Pleno dia";"Decrescente";"Céu Claro";"Dupla";"Curva";"Sim";2;0;1;0;1;0;1;1;-26,88492;-52,399788;"SPRF-SC";"DEL07-SC";"UOP01-DEL07-SC"
268005;2020-02-08;"sábado";"14:00:00";"SP";101;31,1;"UBATUBA";"Defeito Mecânico no Veículo";"Incêndio";"Sem Vítimas";"Pleno dia";"Decrescente";"Céu Claro";"Simples";"Reta";"Não";1;0;0;0;1;0;0;1;-23,38630036;-44,97747159;"SPRF-SP";"DEL06-SP";"UOP01-DEL06-SP"
268006;2020-02-08;"sábado";"13:30:00";"BA";324;624;"SALVADOR";"Falta de Atenção à Condução";"Colisão traseira";"Com Vítimas Feridas";"Pleno dia";"Crescente";"Céu Claro";"Múltipla";"Curva";"Sim";2;0;1;0;1;0;1;2;-12,933839;-38,47190701;"SPRF-BA";"DEL01-BA";"UOP01-DEL01-BA"
268007;2020-02-08;"sábado";"12:00:00";"GO";40;98;"CRISTALINA";"Velocidade Incompatível";"Saída de leito carroçável";"Sem Vítimas";"Pleno dia";"Decrescente";"Chuva";"Simples";"Reta";"Não";1;0;0;0;0;1;0;1;-16,771633;-47,589856;"SPRF-DF";"DEL01-DF";"UOP02-DEL01-DF"
268008;2020-02-08;"sábado";"11:00:00";"GO";50;119;"CRISTALINA";"Velocidade Incompatível";"Saída de leito carroçável";"Com Vítimas Feridas";"Pleno dia";"Decrescente";"Chuva";"Dupla";"Curva";"Não";1;0;1;0;0;0;1;1;-16,92625616;-47,70576065;"SPRF-DF";"DEL01-DF";"UOP02-DEL01-DF"
268009;2020-02-08;"sábado";"13:25:00";"RO";364;242;"CACOAL";"Desobediência às normas de trânsito pelo condutor";"Queda de ocupante de veículo";"Com Vítimas Feridas";"Pleno dia";"Decrescente";"Nublado";"Simples";"Interseção de Vias";"Sim";2;0;1;0;0;1;1;2;-11,44084787;-61,48767999;"SPRF-RO";"DEL02-RO";"UOP02-DEL02-RO"
268011;2020-02-08;"sábado";"14:00:00";"ES";101;295,2;"CARIACICA";"Falta de Atenção à Condução";"Colisão transversal";"Com Vítimas Feridas";"Pleno dia";"Decrescente";"Céu Claro";"Múltipla";"Interseção de Vias";"Sim";2;0;1;0;1;0;1;2;-20,33223667;-40,40004683;"SPRF-ES";"DEL01-ES";"UOP01-DEL01-ES"
268012;2020-02-08;"sábado";"13:50:00";"BA";101;301;"VALENCA";"Desobediência às normas de trânsito pelo condutor";"Colisão frontal";"Com Vítimas Fatais";"Pleno dia";"Crescente";"Chuva";"Simples";"Reta";"Não";2;1;0;0;1;0;0;2;-13,28757958;-39,32562053;"SPRF-BA";"DEL01-BA";"UOP02-DEL01-BA"
268013;2020-02-08;"sábado";"15:15:00";"RJ";101;432;"MANGARATIBA";"Velocidade Incompatível";"Tombamento";"Com Vítimas Feridas";"Pleno dia";"Crescente";"Céu Claro";"Simples";"Curva";"Não";2;0;0;2;0;0;2;1;-22,93437472;-44,02919087;"SPRF-RJ";"DEL03-RJ";"UOP01-DEL03-RJ"
268014;2020-02-08;"sábado";"14:40:00";"PR";116;147;"MANDIRITUBA";"Ultrapassagem Indevida";"Saída de leito carroçável";"Sem Vítimas";"Pleno dia";"Decrescente";"Sol";"Simples";"Aclive";"Não";2;0;0;0;2;0;0;2;-25,79053901;-49,32743694;"SPRF-PR";"DEL01-PR";"UOP03-DEL01-PR"
268015;2020-02-08;"sábado";"14:50:00";"PR";277;655,8;"MATELANDIA";"Ingestão de Álcool";"Colisão frontal";"Com Vítimas Feridas";"Pleno dia";"Crescente";"Nublado";"Dupla";"Reta";"Não";4;0;0;3;1;0;3;2;-25,2307921;-53,95278694;"SPRF-PR";"DEL05-PR";"UOP02-DEL05-PR"
268016;2020-02-08;"sábado";"15:15:00";"SC";101;140,9;"BALNEARIO CAMBORIU";"Não guardar distância de segurança";"Colisão traseira";"Com Vítimas Feridas";"Pleno dia";"Decrescente";"Nublado";"Dupla";"Reta";"Não";3;0;1;0;2;0;1;3;-27,03881189;-48,60025148;"SPRF-SC";"DEL04-SC";"UOP03-DEL04-SC"
268019;2020-02-08;"sábado";"14:50:00";"SP";381;44,4;"ATIBAIA";"Falta de Atenção à Condução";"Saída de leito carroçável";"Com Vítimas Feridas";"Pleno dia";"Decrescente";"Nublado";"Dupla";"Reta";"Sim";3;0;3;0;0;0;3;1;-23,16458615;-46,57418959;"SPRF-SP";"DEL03-SP";"UOP01-DEL03-SP"
268020;2020-02-08;"sábado";"15:40:00";"RN";110;49,3;"MOSSORO";"Ingestão de Álcool";"Colisão traseira";"Com Vítimas Feridas";"Pleno dia";"Decrescente";"Sol";"Dupla";"Interseção de Vias";"Sim";3;0;3;0;0;0;3;2;-5,21645975;-37,32927128;"SPRF-RN";"DEL04-RN";"UOP01-DEL04-RN"
268021;2020-02-08;"sábado";"10:00:00";"MA";402;45;"MORROS";"Defeito Mecânico no Veículo";"Capotamento";"Com Vítimas Feridas";"Pleno dia";"Crescente";"Céu Claro";"Simples";"Reta";"Não";2;0;0;1;0;1;1;2;-2,854461;-43,990383;"SPRF-MA";"DEL01-MA";"UOP01-DEL01-MA"
268022;2020-02-08;"sábado";"13:45:00";"PR";476;122;"CURITIBA";"Falta de Atenção à Condução";"Colisão lateral";"Sem Vítimas";"Pleno dia";"Crescente";"Nublado";"Dupla";"Reta";"Sim";2;0;0;0;1;1;0;2;-25,39348788;-49,21004556;"SPRF-PR";"DEL01-PR";"UOP07-DEL01-PR"
268024;2020-02-08;"sábado";"14:00:00";"SP";116;392;"MIRACATU";"Desobediência às normas de trânsito pelo pedestre";"Atropelamento de Pedestre";"Com Vítimas Feridas";"Pleno dia";"Crescente";"Chuva";"Dupla";"Reta";"Não";2;0;1;0;1;0;1;2;-24,2823606;-47,4330272;"SPRF-SP";"DEL04-SP";"UOP02-DEL04-SP"
268026;2020-02-08;"sábado";"14:50:00";"RJ";40;120,3;"DUQUE DE CAXIAS";"Avarias e/ou desgaste excessivo no pneu";"Queda de ocupante de veículo";"Com Vítimas Feridas";"Pleno dia";"Decrescente";"Céu Claro";"Múltipla";"Reta";"Sim";1;0;1;0;0;0;1;1;-22,77280597;-43,28626763;"SPRF-RJ";"DEL01-RJ";"UOP01-DEL01-RJ"
268028;2020-02-08;"sábado";"15:00:00";"MG";381;4;"BETIM";"Condutor Dormindo";"Colisão lateral";"Com Vítimas Feridas";"Pleno dia";"Decrescente";"Nublado";"Dupla";"Curva";"Não";3;0;2;0;1;0;2;2;-19,96825;-44,198708;"SPRF-MG";"DEL01-MG";"UOP03-DEL01-MG"
268029;2020-02-08;"sábado";"16:20:00";"RS";158;198,8;"CRUZ ALTA";"Defeito Mecânico no Veículo";"Saída de leito carroçável";"Sem Vítimas";"Pleno dia";"Crescente";"Garoa/Chuvisco";"Simples";"Interseção de Vias";"Não";2;0;0;0;2;0;0;1;-28,66870493;-53,59154373;"SPRF-RS";"DEL10-RS";"UOP02-DEL10-RS"
268030;2020-02-08;"sábado";"14:00:00";"BA";235;355;"JUAZEIRO";"Não guardar distância de segurança";"Colisão transversal";"Com Vítimas Feridas";"Pleno dia";"Decrescente";"Céu Claro";"Simples";"Reta";"Sim";2;0;1;0;1;0;1;2;-9,43970609;-40,49601316;"SPRF-BA";"DEL04-BA";"UOP01-DEL04-BA"
268032;2020-02-08;"sábado";"13:00:00";"RS";290;46;"GLORINHA";"Falta de Atenção à Condução";"Saída de leito carroçável";"Com Vítimas Feridas";"Pleno dia";"Crescente";"Céu Claro";"Múltipla";"Reta";"Não";1;0;1;0;0;0;1;1;-29,890181;-50,7038553;"SPRF-RS";"DEL03-RS";"UOP01-DEL03-RS"
268033;2020-02-08;"sábado";"16:40:00";"BA";407;5;"JUAZEIRO";"Ingestão de Álcool";"Colisão traseira";"Com Vítimas Feridas";"Pleno dia";"Crescente";"Céu Claro";"Simples";"Rotatória";"Sim";3;0;0;1;2;0;1;2;-9,44900031;-40,49024843;"SPRF-BA";"DEL04-BA";"UOP01-DEL04-BA"
268034;2020-02-08;"sábado";"10:00:00";"RJ";116;114;"MAGE";"Desobediência às normas de trânsito pelo condutor";"Queda de ocupante de veículo";"Com Vítimas Feridas";"Pleno dia";"Crescente";"Céu Claro";"Simples";"Reta";"Não";2;0;0;1;0;1;1;2;-22,58009519;-43,0114958;"SPRF-RJ";"DEL04-RJ";"UOP02-DEL04-RJ"
268036;2020-02-08;"sábado";"13:25:00";"MG";146;603,5;"POCOS DE CALDAS";"Velocidade Incompatível";"Saída de leito carroçável";"Com Vítimas Feridas";"Pleno dia";"Decrescente";"Chuva";"Simples";"Curva";"Não";1;0;1;0;0;0;1;1;-21,789891;-46,442499;"SPRF-MG";"DEL16-MG";"UOP01-DEL09-MG"
268037;2020-02-08;"sábado";"17:15:00";"SP";101;49,4;"UBATUBA";"Falta de Atenção à Condução";"Colisão transversal";"Com Vítimas Feridas";"Pleno dia";"Crescente";"Céu Claro";"Simples";"Reta";"Sim";3;0;1;0;2;0;1;2;-23,44651433;-45,08136749;"SPRF-SP";"DEL06-SP";"UOP01-DEL06-SP"
268038;2020-02-08;"sábado";"16:01:00";"GO";153;577;"PROFESSOR JAMIL";"Não guardar distância de segurança";"Colisão traseira";"Com Vítimas Feridas";"Pleno dia";"Crescente";"Céu Claro";"Dupla";"Aclive;Reta";"Não";4;0;1;0;3;0;1;3;-17,362;-49,2477;"SPRF-GO";"DEL03-GO";"UOP01-DEL03-GO"
268039;2020-02-08;"sábado";"16:30:00";"RS";285;208,5;"LAGOA VERMELHA";"Falta de Atenção à Condução";"Colisão transversal";"Com Vítimas Feridas";"Pleno dia";"Decrescente";"Céu Claro";"Simples";"Interseção de Vias";"Não";8;0;1;2;5;0;3;2;-28,22011;-51,588711;"SPRF-RS";"DEL08-RS";"UOP05-DEL08-RS"
268041;2020-02-08;"sábado";"15:40:00";"AC";364;137;"RIO BRANCO";"Falta de Atenção à Condução";"Colisão transversal";"Com Vítimas Feridas";"Pleno dia";"Crescente";"Sol";"Dupla";"Rotatória";"Não";3;0;1;0;2;0;1;2;-9,96935404;-67,85264513;"SPRF-AC";"DEL01-AC";"UOP01-DEL01-AC"
268042;2020-02-08;"sábado";"18:15:00";"SP";381;79;"SAO PAULO";"Velocidade Incompatível";"Queda de ocupante de veículo";"Com Vítimas Feridas";"Anoitecer";"Crescente";"Céu Claro";"Dupla";"Curva";"Sim";1;0;0;1;0;0;1;1;-23,40319901;-46,57564699;"SPRF-SP";"DEL03-SP";"UOP01-DEL03-SP"
268043;2020-02-08;"sábado";"16:45:00";"MA";10;251;"IMPERATRIZ";"Não guardar distância de segurança";"Colisão lateral";"Com Vítimas Feridas";"Anoitecer";"Crescente";"Nublado";"Simples";"Reta";"Sim";4;0;0;2;0;2;2;3;-5,543249;-47,464447;"SPRF-MA";"DEL04-MA";"UOP01-DEL04-MA"
268044;2020-02-05;"quarta-feira";"18:00:00";"SC";282;202,9;"LAGES";"Velocidade Incompatível";"Saída de leito carroçável";"Com Vítimas Feridas";"Pleno dia";"Crescente";"Chuva";"Simples";"Reta";"Não";2;0;1;0;1;0;1;1;-27,763393;-50,152874;"SPRF-SC";"DEL05-SC";"UOP01-DEL05-SC"
268045;2020-02-08;"sábado";"14:50:00";"SC";280;82,1;"CORUPA";"Falta de Atenção à Condução";"Colisão traseira";"Com Vítimas Feridas";"Pleno dia";"Crescente";"Sol";"Simples";"Reta;Interseção de Vias";"Sim";4;0;3;0;1;0;3;2;-26,44009491;-49,22605498;"SPRF-SC";"DEL06-SC";"UOP03-DEL06-SC"
268046;2020-02-08;"sábado";"17:30:00";"SC";101;137;"BALNEARIO CAMBORIU";"Falta de Atenção à Condução";"Colisão com objeto em movimento";"Sem Vítimas";"Anoitecer";"Decrescente";"Nublado";"Múltipla";"Reta";"Sim";3;0;0;0;3;0;0;3;-27,0157238;-48,61192763;"SPRF-SC";"DEL04-SC";"UOP03-DEL04-SC"
268047;2020-02-08;"sábado";"18:24:00";"PR";116;18;"CAMPINA GRANDE DO SUL";"Falta de Atenção à Condução";"Colisão com objeto estático";"Com Vítimas Feridas";"Anoitecer";"Crescente";"Garoa/Chuvisco";"Dupla";"Curva";"Não";3;0;2;0;1;0;2;1;-25,103973;-48,710786;"SPRF-PR";"DEL01-PR";"UOP02-DEL01-PR"
268048;2020-02-08;"sábado";"18:30:00";"DF";70;14,8;"BRASILIA";"Desobediência às normas de trânsito pelo condutor";"Queda de ocupante de veículo";"Com Vítimas Feridas";"Anoitecer";"Decrescente";"Céu Claro";"Dupla";"Curva";"Sim";5;0;4;0;1;0;4;1;-15,79739479;-48,17546725;"SPRF-DF";"DEL01-DF";"UOP02-DEL03-DF"
268052;2020-02-08;"sábado";"17:25:00";"PE";428;184,9;"PETROLINA";"Falta de Atenção à Condução";"Colisão transversal";"Com Vítimas Feridas";"Anoitecer";"Crescente";"Nublado";"Simples";"Reta";"Sim";2;0;2;0;0;0;2;2;-9,33211208;-40,46621385;"SPRF-PE";"DEL06-PE";"UOP01-DEL06-PE"
268053;2020-02-08;"sábado";"19:00:00";"PB";427;37,6;"POMBAL";"Desobediência às normas de trânsito pelo condutor";"Colisão transversal";"Com Vítimas Feridas";"Plena Noite";"Decrescente";"Nublado";"Simples";"Reta";"Sim";4;0;1;0;0;3;1;3;-6,76405124;-37,78910384;"SPRF-PB";"DEL03-PB";"UOP02-DEL03-PB"
268054;2020-02-08;"sábado";"18:30:00";"SP";116;225;"GUARULHOS";"Não guardar distância de segurança";"Tombamento";"Com Vítimas Feridas";"Anoitecer";"Decrescente";"Céu Claro";"Múltipla";"Reta";"Sim";2;0;1;0;0;1;1;2;-23,48586772;-46,54075317;"SPRF-SP";"DEL01-SP";"UOP01-DEL01-SP"
268055;2020-02-08;"sábado";"19:05:00";"SP";116;200;"ARUJA";"Falta de Atenção à Condução";"Colisão lateral";"Com Vítimas Feridas";"Plena Noite";"Decrescente";"Céu Claro";"Dupla";"Reta";"Sim";4;0;1;0;3;0;1;2;-23,40272552;-46,32282257;"SPRF-SP";"DEL01-SP";"UOP01-DEL01-SP"
268056;2020-02-08;"sábado";"18:45:00";"RN";101;146,8;"GOIANINHA";"Falta de Atenção à Condução";"Colisão frontal";"Com Vítimas Feridas";"Plena Noite";"Crescente";"Céu Claro";"Dupla";"Interseção de Vias";"Sim";2;0;1;0;1;0;1;2;-6,26255354;-35,21147156;"SPRF-RN";"DEL01-RN";"UOP01-DEL01-RN"
268057;2020-02-08;"sábado";"18:50:00";"RJ";116;294;"PORTO REAL";"Falta de Atenção à Condução";"Colisão lateral";"Com Vítimas Feridas";"Plena Noite";"Decrescente";"Céu Claro";"Dupla";"Reta";"Não";2;0;1;0;1;0;1;2;-22,45429053;-44,30084012;"SPRF-RJ";"DEL07-RJ";"UOP02-DEL07-RJ"
268058;2020-02-08;"sábado";"12:30:00";"SP";381;68,8;"MAIRIPORA";"Desobediência às normas de trânsito pelo condutor";"Danos eventuais";"Sem Vítimas";"Pleno dia";"Crescente";"Céu Claro";"Simples";"Curva";"Não";3;0;0;0;0;3;0;2;-23,34497998;-46,56998301;"SPRF-SP";"DEL03-SP";"UOP01-DEL03-SP"
268059;2020-02-08;"sábado";"19:00:00";"PA";10;346;"SANTA MARIA DO PARA";"Velocidade Incompatível";"Saída de leito carroçável";"Com Vítimas Feridas";"Plena Noite";"Crescente";"Garoa/Chuvisco";"Simples";"Reta";"Não";2;0;2;0;0;0;2;1;-1,416206;-47,552919;"SPRF-PA";"DEL01-PA";"UOP02-DEL01-PA"
268060;2020-02-08;"sábado";"19:00:00";"DF";40;3,5;"BRASILIA";"Defeito Mecânico no Veículo";"Queda de ocupante de veículo";"Com Vítimas Feridas";"Plena Noite";"Decrescente";"Chuva";"Dupla";"Reta";"Sim";2;0;1;0;1;0;1;1;-16,003145;-47,983944;"SPRF-DF";"DEL01-DF";"UOP01-DEL01-DF"
268061;2020-02-08;"sábado";"19:20:00";"SC";101;216,5;"PALHOCA";"Falta de Atenção à Condução";"Colisão traseira";"Sem Vítimas";"Plena Noite";"Crescente";"Nublado";"Simples";"Interseção de Vias";"Sim";2;0;0;0;2;0;0;2;-27,65981409;-48,67747798;"SPRF-SC";"DEL01-SC";"UOP02-DEL01-SC"
268062;2020-02-08;"sábado";"17:40:00";"SC";470;327,1;"CAMPOS NOVOS";"Falta de Atenção à Condução";"Colisão transversal";"Com Vítimas Fatais";"Pleno dia";"Crescente";"Céu Claro";"Simples";"Reta";"Não";4;1;1;1;1;0;2;2;-27,465645;-51,268574;"SPRF-SC";"DEL07-SC";"UOP06-DEL07-SC"
268063;2020-02-08;"sábado";"18:30:00";"MS";262;772,2;"CORUMBA";"Falta de Atenção à Condução";"Colisão traseira";"Com Vítimas Fatais";"Plena Noite";"Crescente";"Céu Claro";"Simples";"Reta";"Sim";2;1;0;0;0;1;0;2;-19,041122;-57,641577;"SPRF-MS";"N/A";"N/A"
268064;2020-02-08;"sábado";"19:35:00";"MG";40;638,1;"CONSELHEIRO LAFAIETE";"Desobediência às normas de trânsito pelo condutor";"Colisão transversal";"Com Vítimas Feridas";"Plena Noite";"Crescente";"Chuva";"Simples";"Reta";"Não";6;0;3;1;2;0;4;2;-20,72342022;-43,80026653;"SPRF-MG";"DEL05-MG";"UOP02-DEL05-MG"
268065;2020-02-08;"sábado";"19:50:00";"MG";262;444,2;"NOVA SERRANA";"Velocidade Incompatível";"Colisão traseira";"Com Vítimas Fatais";"Plena Noite";"Decrescente";"Céu Claro";"Dupla";"Reta";"Sim";2;1;0;0;0;1;0;2;-19,881131;-44,931502;"SPRF-MG";"DEL08-MG";"UOP03-DEL08-MG"
268067;2020-02-08;"sábado";"20:15:00";"CE";116;40;"HORIZONTE";"Ingestão de Álcool";"Colisão lateral";"Com Vítimas Feridas";"Plena Noite";"Decrescente";"Céu Claro";"Dupla";"Reta;Interseção de Vias";"Sim";3;0;1;0;2;0;1;3;-4,09496999;-38,50351984;"SPRF-CE";"DEL01-CE";"UOP02-DEL01-CE"
268068;2020-02-08;"sábado";"19:00:00";"TO";153;334;"GUARAI";"Desobediência às normas de trânsito pelo condutor";"Colisão lateral";"Com Vítimas Feridas";"Plena Noite";"Crescente";"Nublado";"Dupla";"Interseção de Vias";"Sim";5;0;3;0;2;0;3;2;-8,835718;-48,512123;"SPRF-TO";"DEL02-TO";"UOP02-DEL02-TO"
268069;2020-02-08;"sábado";"19:45:00";"DF";60;1;"BRASILIA";"Falta de Atenção do Pedestre";"Atropelamento de Pedestre";"Com Vítimas Feridas";"Pleno dia";"Crescente";"Chuva";"Simples";"Reta";"Sim";2;0;0;1;1;0;1;2;-15,885093;-48,068954;"SPRF-DF";"DEL01-DF";"UOP01-DEL03-DF"
268071;2020-02-08;"sábado";"20:20:00";"SC";101;140;"BALNEARIO CAMBORIU";"Falta de Atenção à Condução";"Tombamento";"Com Vítimas Feridas";"Plena Noite";"Crescente";"Céu Claro";"Múltipla";"Aclive";"Não";1;0;0;1;0;0;1;1;-27,03881189;-48,60025148;"SPRF-SC";"DEL04-SC";"UOP03-DEL04-SC"
268072;2020-02-08;"sábado";"20:30:00";"RN";304;284,8;"MACAIBA";"Ingestão de Álcool";"Colisão frontal";"Com Vítimas Feridas";"Plena Noite";"Decrescente";"Céu Claro";"Simples";"Reta";"Sim";2;0;1;0;1;0;1;2;-5,87912197;-35,45510001;"SPRF-RN";"DEL01-RN";"UOP02-DEL01-RN"
268073;2020-02-08;"sábado";"20:40:00";"PI";316;2,3;"TERESINA";"Não guardar distância de segurança";"Colisão traseira";"Com Vítimas Feridas";"Plena Noite";"Crescente";"Nublado";"Simples";"Reta";"Sim";2;0;1;0;1;0;1;2;-5,12477477;-42,79848465;"SPRF-PI";"DEL01-PI";"UOP02-DEL01-PI"
268074;2020-02-08;"sábado";"20:30:00";"SP";381;78,8;"SAO PAULO";"Falta de Atenção do Pedestre";"Atropelamento de Pedestre";"Com Vítimas Fatais";"Plena Noite";"Crescente";"Céu Claro";"Dupla";"Curva";"Não";2;1;0;0;1;0;0;2;-23,39620774;-46,57355227;"SPRF-SP";"DEL03-SP";"UOP01-DEL03-SP"
268075;2020-02-08;"sábado";"20:50:00";"PR";376;619;"SAO JOSE DOS PINHAIS";"Falta de Atenção à Condução";"Colisão traseira";"Com Vítimas Feridas";"Plena Noite";"Crescente";"Céu Claro";"Simples";"Reta";"Sim";2;0;1;0;1;0;1;2;-25,60034699;-49,17355691;"SPRF-PR";"DEL01-PR";"UOP01-DEL01-PR"
268076;2020-02-08;"sábado";"19:50:00";"PR";277;78,5;"SAO JOSE DOS PINHAIS";"Ingestão de Álcool";"Colisão com objeto estático";"Com Vítimas Feridas";"Plena Noite";"Decrescente";"Céu Claro";"Dupla";"Reta";"Sim";1;0;1;0;0;0;1;1;-25,51327981;-49,12433291;"SPRF-PR";"DEL01-PR";"UOP01-DEL01-PR"
268077;2020-02-08;"sábado";"20:00:00";"GO";452;46;"SANTA HELENA DE GOIAS";"Falta de Atenção à Condução";"Colisão transversal";"Com Vítimas Feridas";"Plena Noite";"Crescente";"Céu Claro";"Simples";"Interseção de Vias";"Não";2;0;1;0;1;0;1;2;-17,95112488;-50,51071181;"SPRF-GO";"DEL04-GO";"UOP01-DEL04-GO"
268078;2020-02-08;"sábado";"21:20:00";"SC";470;69,1;"INDAIAL";"Desobediência às normas de trânsito pelo pedestre";"Atropelamento de Pedestre";"Com Vítimas Feridas";"Plena Noite";"Decrescente";"Garoa/Chuvisco";"Simples";"Reta";"Não";2;0;2;0;0;0;2;2;-26,883745;-49,246704;"SPRF-SC";"DEL04-SC";"UOP01-DEL04-SC"
268080;2020-02-08;"sábado";"20:40:00";"GO";153;499,9;"GOIANIA";"Ingestão de Álcool";"Colisão com objeto estático";"Com Vítimas Feridas";"Plena Noite";"Crescente";"Chuva";"Dupla";"Reta";"Sim";2;0;2;0;0;0;2;1;-16,7118;-49,2324;"SPRF-GO";"DEL01-GO";"UOP01-DEL01-GO"
268081;2020-02-08;"sábado";"21:00:00";"RS";158;333;"SANTA MARIA";"Ingestão de Álcool";"Colisão lateral";"Sem Vítimas";"Plena Noite";"Crescente";"Céu Claro";"Simples";"Interseção de Vias";"Sim";3;0;0;0;2;1;0;3;-29,70846948;-53,86426102;"SPRF-RS";"DEL09-RS";"UOP01-DEL09-RS"