"id";"data_inversa";"dia_semana";"horario";"uf";"br";"km";"municipio";"causa_acidente";"tipo_acidente";"classificacao_acidente";"fase_dia";"sentido_via";"condicao_metereologica";"tipo_pista";"tracado_via";"uso_solo";"pessoas";"mortos";"feridos_leves";"feridos_graves";"ilesos";"ignorados";"feridos";"veiculos";"latitude";"longitude";"regional";"delegacia";"uop"
268082;2020-02-08;"sábado";"20:10:00";"MG";116;521,8;"CARATINGA";"Objeto estático sobre o leito carroçável";"Colisão com objeto estático";"Com Vítimas Feridas";"Plena Noite";"Crescente";"Céu Claro";"Simples";"Curva";"Não";5;0;2;0;2;1;2;2;-19,7341039;-42,13264957;"SPRF-MG";"DEL06-MG";"UOP02-DEL06-MG"
268083;2020-02-08;"sábado";"20:30:00";"ES";101;264;"SERRA";"Falta de Atenção à Condução";"Colisão transversal";"Com Vítimas Feridas";"Plena Noite";"Decrescente";"Céu Claro";"Dupla";"Reta";"Sim";3;0;0;2;1;0;2;2;-20,17292791;-40,26736384;"SPRF-ES";"DEL02-ES";"UOP01-DEL02-ES"
268084;2020-02-08;"sábado";"21:00:00";"SP";116;210;"GUARULHOS";"Avarias e/ou desgaste excessivo no pneu";"Saída de leito carroçável";"Com Vítimas Feridas";"Plena Noite";"Crescente";"Nublado";"Múltipla";"Curva";"Sim";1;0;1;0;0;0;1;1;-23,43070557;-46,41609907;"SPRF-SP";"DEL01-SP";"UOP01-DEL01-SP"
268085;2020-02-08;"sábado";"19:00:00";"RJ";101;417;"MANGARATIBA";"Falta de Atenção à Condução";"Saída de leito carroçável";"Sem Vítimas";"Plena Noite";"Crescente";"Céu Claro";"Simples";"Declive";"Não";1;0;0;0;0;1;0;1;-22,91677215;-43,90919035;"SPRF-RJ";"DEL03-RJ";"UOP01-DEL03-RJ"
268087;2020-02-08;"sábado";"20:00:00";"PR";277;42,4;"MORRETES";"Falta de Atenção à Condução";"Colisão com objeto estático";"Com Vítimas Feridas";"Plena Noite";"Decrescente";"Nublado";"Dupla";"Declive";"Não";2;0;2;0;0;0;2;1;-25,57361239;-48,84469597;"SPRF-PR";"DEL01-PR";"UOP07-DEL01-PR"
268088;2020-02-08;"sábado";"21:50:00";"RN";101;125;"SAO JOSE DE MIPIBU";"Falta de Atenção do Pedestre";"Atropelamento de Pedestre";"Com Vítimas Feridas";"Plena Noite";"Decrescente";"Céu Claro";"Dupla";"Curva";"Não";2;0;0;2;0;0;2;2;-6,07815599;-35,23412006;"SPRF-RN";"DEL01-RN";"UOP01-DEL01-RN"
268089;2020-02-08;"sábado";"16:40:00";"RS";101;37;"TRES FORQUILHAS";"Falta de Atenção à Condução";"Saída de leito carroçável";"Com Vítimas Feridas";"Pleno dia";"Crescente";"Chuva";"Dupla";"Reta";"Não";2;0;0;1;0;1;1;1;-29,52949399;-50,00468492;"SPRF-RS";"DEL03-RS";"UOP02-DEL03-RS"
268090;2020-02-08;"sábado";"22:00:00";"RJ";101;487;"ANGRA DOS REIS";"Desobediência às normas de trânsito pelo condutor";"Colisão transversal";"Com Vítimas Feridas";"Plena Noite";"Crescente";"Céu Claro";"Dupla";"Reta";"Sim";2;0;0;1;1;0;1;2;-22,96828891;-44,29864663;"SPRF-RJ";"DEL03-RJ";"UOP03-DEL03-RJ"
268091;2020-02-08;"sábado";"22:15:00";"SC";101;140,3;"BALNEARIO CAMBORIU";"Animais na Pista";"Atropelamento de Animal";"Com Vítimas Feridas";"Plena Noite";"Crescente";"Nublado";"Dupla";"Aclive";"Não";2;0;2;0;0;0;2;1;-27,03881189;-48,60025148;"SPRF-SC";"DEL04-SC";"UOP03-DEL04-SC"
268092;2020-02-08;"sábado";"19:30:00";"SC";280;67,6;"JARAGUA DO SUL";"Ingestão de Álcool";"Colisão frontal";"Com Vítimas Feridas";"Plena Noite";"Crescente";"Nublado";"Simples";"Reta";"Sim";2;0;1;0;1;0;1;2;-26,4775146;-49,10363575;"SPRF-SC";"DEL03-SC";"UOP03-DEL03-SC"
268093;2020-02-08;"sábado";"22:00:00";"CE";222;9;"CAUCAIA";"Falta de Atenção à Condução";"Colisão transversal";"Com Vítimas Feridas";"Plena Noite";"Crescente";"Céu Claro";"Simples";"Reta";"Sim";2;0;0;1;1;0;1;2;-3,73035298;-38,72200012;"SPRF-CE";"DEL01-CE";"UOP01-DEL01-CE"
268094;2020-02-08;"sábado";"18:30:00";"MG";262;27,5;"REDUTO";"Ingestão de Álcool";"Colisão lateral";"Sem Vítimas";"Plena Noite";"Crescente";"Nublado";"Simples";"Curva";"Não";3;0;0;0;1;2;0;3;-20,24057124;-41,966311;"SPRF-MG";"DEL06-MG";"UOP03-DEL06-MG"
268095;2020-02-08;"sábado";"22:00:00";"PR";277;729;"FOZ DO IGUACU";"Ingestão de Álcool";"Saída de leito carroçável";"Sem Vítimas";"Plena Noite";"Crescente";"Céu Claro";"Dupla";"Reta";"Sim";1;0;0;0;1;0;0;1;-25,50749887;-54,58379896;"SPRF-PR";"DEL05-PR";"UOP03-DEL05-PR"
268096;2020-02-08;"sábado";"22:20:00";"MG";40;422,3;"CURVELO";"Falta de Atenção à Condução";"Saída de leito carroçável";"Com Vítimas Feridas";"Plena Noite";"Crescente";"Nublado";"Simples";"Reta";"Sim";2;0;1;0;1;0;1;1;-19,15367;-44,54359;"SPRF-MG";"DEL02-MG";"UOP01-DEL02-MG"
268097;2020-02-08;"sábado";"18:30:00";"MG";381;945,9;"EXTREMA";"Condutor Dormindo";"Saída de leito carroçável";"Com Vítimas Feridas";"Plena Noite";"Crescente";"Nublado";"Dupla";"Reta";"Não";2;0;2;0;0;0;2;1;-22,87479042;-46,36655782;"SPRF-MG";"DEL16-MG";"UOP03-DEL16-MG"
268098;2020-02-08;"sábado";"22:00:00";"PR";476;141;"CURITIBA";"Falta de Atenção do Pedestre";"Atropelamento de Pedestre";"Com Vítimas Feridas";"Plena Noite";"Decrescente";"Nublado";"Dupla";"Reta";"Sim";3;0;0;1;2;0;1;2;-25,528614;-49,298798;"SPRF-PR";"DEL01-PR";"UOP03-DEL01-PR"
268099;2020-02-08;"sábado";"22:00:00";"BA";324;605;"SIMOES FILHO";"Falta de Atenção à Condução";"Colisão lateral";"Com Vítimas Feridas";"Plena Noite";"Crescente";"Céu Claro";"Dupla";"Reta";"Não";2;0;2;0;0;0;2;2;-12,78605114;-38,40972508;"SPRF-BA";"DEL01-BA";"UOP01-DEL01-BA"
268100;2020-02-08;"sábado";"20:30:00";"RS";116;145;"CAXIAS DO SUL";"Desobediência às normas de trânsito pelo condutor";"Colisão lateral";"Sem Vítimas";"Plena Noite";"Decrescente";"Chuva";"Simples";"Curva";"Sim";2;0;0;0;1;1;0;2;-29,1350217;-51,1302779;"SPRF-RS";"DEL05-RS";"UOP01-DEL05-RS"
268101;2020-02-08;"sábado";"22:00:00";"MS";163;486;"CAMPO GRANDE";"Desobediência às normas de trânsito pelo condutor";"Atropelamento de Pedestre";"Com Vítimas Feridas";"Plena Noite";"Decrescente";"Céu Claro";"Simples";"Reta";"Não";2;0;2;0;0;0;2;2;-20,4336361;-54,54376745;"SPRF-MS";"DEL01-MS";"UOP02-DEL01-MS"
268103;2020-02-08;"sábado";"23:00:00";"SC";101;161;"PORTO BELO";"Defeito Mecânico no Veículo";"Queda de ocupante de veículo";"Com Vítimas Feridas";"Plena Noite";"Crescente";"Chuva";"Múltipla";"Reta";"Sim";1;0;1;0;0;0;1;1;-27,21673911;-48,6244238;"SPRF-SC";"DEL04-SC";"UOP03-DEL04-SC"
268104;2020-02-08;"sábado";"23:30:00";"PR";116;0;"QUATRO BARRAS";"Desobediência às normas de trânsito pelo condutor";"Colisão com objeto estático";"Com Vítimas Feridas";"Plena Noite";"Decrescente";"Céu Claro";"Dupla";"Retorno Regulamentado";"Sim";1;0;0;1;0;0;1;1;-25,3478;-49,0493;"SPRF-PR";"DEL01-PR";"UOP01-DEL01-PR"
268105;2020-02-08;"sábado";"22:20:00";"DF";60;9,4;"BRASILIA";"Ingestão de Álcool";"Queda de ocupante de veículo";"Com Vítimas Feridas";"Plena Noite";"Crescente";"Garoa/Chuvisco";"Dupla";"Reta";"Sim";1;0;1;0;0;0;1;1;-15,906293;-48,139965;"SPRF-DF";"DEL01-DF";"UOP01-DEL03-DF"
268106;2020-02-08;"sábado";"21:45:00";"SC";282;572;"NOVA ERECHIM";"Falta de Atenção à Condução";"Colisão traseira";"Com Vítimas Feridas";"Plena Noite";"Decrescente";"Céu Claro";"Simples";"Reta";"Não";1;0;1;0;0;0;1;1;-26,879332;-52,949421;"SPRF-SC";"DEL07-SC";"UOP02-DEL07-SC"
268107;2020-02-08;"sábado";"22:30:00";"CE";116;5;"FORTALEZA";"Desobediência às normas de trânsito pelo condutor";"Colisão traseira";"Sem Vítimas";"Plena Noite";"Crescente";"Céu Claro";"Dupla";"Reta";"Sim";3;0;0;0;3;0;0;3;-3,79467116;-38,50772734;"SPRF-CE";"DEL01-CE";"UOP02-DEL01-CE"
268108;2020-02-08;"sábado";"18:30:00";"BA";330;799,9;"JEQUIE";"Falta de Atenção à Condução";"Colisão com objeto em movimento";"Com Vítimas Feridas";"Plena Noite";"Decrescente";"Nublado";"Simples";"Curva";"Não";3;0;1;2;0;0;3;2;-13,94704706;-39,97659506;"SPRF-BA";"DEL03-BA";"UOP01-DEL03-BA"
268109;2020-02-08;"sábado";"20:00:00";"GO";153;451,1;"ANAPOLIS";"Ingestão de Álcool";"Colisão com objeto estático";"Sem Vítimas";"Plena Noite";"Crescente";"Céu Claro";"Dupla";"Rotatória";"Sim";1;0;0;0;1;0;0;1;-16,395134;-48,961502;"SPRF-GO";"DEL02-GO";"UOP01-DEL02-GO"
268110;2020-02-08;"sábado";"23:40:00";"SE";101;105,2;"SAO CRISTOVAO";"Velocidade Incompatível";"Capotamento";"Sem Vítimas";"Plena Noite";"Decrescente";"Céu Claro";"Dupla";"Reta";"Não";1;0;0;0;0;1;0;1;-10,95817959;-37,23594898;"SPRF-SE";"DEL02-SE";"UOP01-DEL02-SE"
268112;2020-02-09;"domingo";"00:05:00";"PR";373;172,6;"PONTA GROSSA";"Ingestão de Álcool";"Colisão traseira";"Sem Vítimas";"Plena Noite";"Crescente";"Nublado";"Múltipla";"Reta";"Sim";2;0;0;0;1;1;0;2;-25,08139932;-50,19200981;"SPRF-PR";"DEL03-PR";"UOP01-DEL03-PR"
268114;2020-02-08;"sábado";"21:50:00";"PE";423;100,9;"GARANHUNS";"Ingestão de Álcool";"Colisão frontal";"Com Vítimas Fatais";"Plena Noite";"Crescente";"Céu Claro";"Simples";"Reta";"Não";4;2;0;1;0;1;1;2;-8,87477127;-36,52085205;"SPRF-PE";"DEL03-PE";"UOP01-DEL03-PE"
268115;2020-02-08;"sábado";"23:50:00";"PB";230;156,6;"CAMPINA GRANDE";"Animais na Pista";"Atropelamento de Animal";"Com Vítimas Feridas";"Plena Noite";"Crescente";"Céu Claro";"Simples";"Reta";"Sim";1;0;1;0;0;0;1;1;-7,2693;-35,9138;"SPRF-PB";"DEL02-PB";"UOP01-DEL02-PB"
268116;2020-02-08;"sábado";"23:00:00";"SC";470;22,9;"ILHOTA";"Ingestão de Álcool";"Colisão com objeto estático";"Com Vítimas Fatais";"Plena Noite";"Decrescente";"Nublado";"Dupla";"Reta";"Não";4;1;2;1;0;0;3;1;-26,880066;-48,836224;"SPRF-SC";"DEL04-SC";"UOP04-DEL04-SC"
268118;2020-02-09;"domingo";"01:00:00";"PR";376;175,5;"MARINGA";"Falta de Atenção à Condução";"Colisão traseira";"Com Vítimas Feridas";"Plena Noite";"Crescente";"Céu Claro";"Dupla";"Aclive;Reta";"Sim";2;0;1;0;1;0;1;2;-23,4113569;-51,9407767;"SPRF-PR";"DEL07-PR";"UOP01-DEL09-PR"
268119;2020-02-08;"sábado";"21:45:00";"RN";405;2,1;"MOSSORO";"Ingestão de Álcool";"Colisão traseira";"Com Vítimas Feridas";"Plena Noite";"Crescente";"Céu Claro";"Dupla";"Reta;Retorno Regulamentado";"Sim";2;0;1;0;1;0;1;2;-5,192891;-37,372295;"SPRF-RN";"DEL04-RN";"UOP02-DEL04-RN"
268120;2020-02-09;"domingo";"01:50:00";"SP";153;68,3;"SAO JOSE DO RIO PRETO";"Falta de Atenção à Condução";"Tombamento";"Com Vítimas Feridas";"Plena Noite";"Decrescente";"Nublado";"Dupla";"Declive";"Não";1;0;1;0;0;0;1;1;-20,8505829;-49,383795;"SPRF-SP";"DEL09-SP";"UOP01-DEL09-SP"
268121;2020-02-09;"domingo";"01:30:00";"PB";230;28;"JOAO PESSOA";"Velocidade Incompatível";"Saída de leito carroçável";"Sem Vítimas";"Plena Noite";"Crescente";"Nevoeiro/Neblina";"Dupla";"Curva";"Sim";1;0;0;0;1;0;0;1;-7,1651;-34,8941;"SPRF-PB";"DEL01-PB";"UOP01-DEL01-PB"
268123;2020-02-08;"sábado";"19:30:00";"MT";70;74;"GENERAL CARNEIRO";"Velocidade Incompatível";"Saída de leito carroçável";"Com Vítimas Fatais";"Plena Noite";"Crescente";"Chuva";"Simples";"Aclive;Curva";"Não";2;1;1;0;0;0;1;1;-15,66551947;-52,799263;"SPRF-MT";"DEL07-MT";"UOP01-DEL07-MT"
268124;2020-02-09;"domingo";"00:20:00";"SC";480;127;"CHAPECO";"Falta de Atenção à Condução";"Saída de leito carroçável";"Sem Vítimas";"Plena Noite";"Crescente";"Céu Claro";"Simples";"Reta;Aclive;Interseção de Vias";"Sim";1;0;0;0;0;1;0;1;-27,02885905;-52,63380035;"SPRF-SC";"DEL07-SC";"UOP01-DEL07-SC"
268126;2020-02-09;"domingo";"01:20:00";"AP";210;1,8;"MACAPA";"Velocidade Incompatível";"Saída de leito carroçável";"Sem Vítimas";"Plena Noite";"Crescente";"Chuva";"Múltipla";"Reta";"Sim";1;0;0;0;0;1;0;1;0,07816717;-51,06998693;"SPRF-AP";"DEL01-AP";"UOP01-DEL01-AP"
268127;2020-02-09;"domingo";"00:40:00";"PE";232;122,2;"CARUARU";"Ingestão de Álcool";"Colisão lateral";"Com Vítimas Feridas";"Plena Noite";"Crescente";"Céu Claro";"Dupla";"Reta";"Não";2;0;1;0;1;0;1;2;-8,30217741;-35,91946793;"SPRF-PE";"DEL02-PE";"UOP03-DEL02-PE"
268128;2020-02-09;"domingo";"02:00:00";"RS";386;355,5;"ESTRELA";"Falta de Atenção à Condução";"Saída de leito carroçável";"Com Vítimas Feridas";"Plena Noite";"Decrescente";"Garoa/Chuvisco";"Dupla";"Curva";"Não";1;0;1;0;0;0;1;1;-29,515066;-51,940083;"SPRF-RS";"DEL04-RS";"UOP02-DEL04-RS"
268129;2020-02-09;"domingo";"00:50:00";"DF";20;22,3;"BRASILIA";"Falta de Atenção à Condução";"Colisão lateral";"Com Vítimas Feridas";"Plena Noite";"Decrescente";"Chuva";"Dupla";"Reta;Aclive;Retorno Regulamentado";"Sim";5;0;1;0;4;0;1;2;-15,59709605;-47,67377799;"SPRF-DF";"DEL02-DF";"UOP01-DEL02-DF"
268130;2020-02-09;"domingo";"00:50:00";"CE";222;88,9;"UMIRIM";"Animais na Pista";"Atropelamento de Animal";"Com Vítimas Fatais";"Plena Noite";"Crescente";"Céu Claro";"Simples";"Reta";"Sim";1;1;0;0;0;0;0;1;-3,67255881;-39,32995409;"SPRF-CE";"DEL04-CE";"UOP03-DEL04-CE"
268132;2020-02-09;"domingo";"01:00:00";"RJ";116;132;"MAGE";"Falta de Atenção do Pedestre";"Atropelamento de Pedestre";"Com Vítimas Feridas";"Plena Noite";"Crescente";"Nublado";"Dupla";"Reta";"Não";2;0;0;1;0;1;1;2;-22,6488684;-43,17970276;"SPRF-RJ";"DEL04-RJ";"UOP02-DEL04-RJ"
268133;2020-02-09;"domingo";"02:00:00";"PR";376;182;"MARINGA";"Falta de Atenção à Condução";"Colisão traseira";"Com Vítimas Feridas";"Plena Noite";"Crescente";"Céu Claro";"Dupla";"Rotatória";"Sim";2;0;1;0;1;0;1;2;-23,43224124;-51,88754797;"SPRF-PR";"DEL07-PR";"UOP01-DEL09-PR"
268135;2020-02-09;"domingo";"02:10:00";"PR";153;16;"JACAREZINHO";"Falta de Atenção à Condução";"Capotamento";"Com Vítimas Feridas";"Plena Noite";"Decrescente";"Nublado";"Simples";"Reta";"Não";2;0;2;0;0;0;2;1;-23,1274917;-49,94481434;"SPRF-PR";"DEL07-PR";"UOP04-DEL07-PR"
268136;2020-02-09;"domingo";"03:45:00";"SP";116;279;"EMBU DAS ARTES";"Velocidade Incompatível";"Colisão traseira";"Com Vítimas Fatais";"Plena Noite";"Decrescente";"Céu Claro";"Dupla";"Reta";"Sim";8;1;0;4;0;3;4;3;-23,66233697;-46,85292907;"SPRF-SP";"DEL04-SP";"UOP01-DEL04-SP"
268138;2020-02-09;"domingo";"02:40:00";"MT";70;3,2;"BARRA DO GARCAS";"Ingestão de Álcool";"Tombamento";"Com Vítimas Feridas";"Plena Noite";"Decrescente";"Garoa/Chuvisco";"Dupla";"Rotatória";"Sim";1;0;1;0;0;0;1;1;-15,88252843;-52,27574027;"SPRF-MT";"DEL07-MT";"UOP01-DEL07-MT"
268139;2020-02-09;"domingo";"01:50:00";"RJ";40;116;"DUQUE DE CAXIAS";"Velocidade Incompatível";"Saída de leito carroçável";"Sem Vítimas";"Plena Noite";"Crescente";"Céu Claro";"Simples";"Reta";"Sim";1;0;0;0;1;0;0;1;-22,74550138;-43,28798773;"SPRF-RJ";"DEL01-RJ";"UOP01-DEL01-RJ"
268141;2020-02-09;"domingo";"04:15:00";"TO";226;44,1;"DARCINOPOLIS";"Velocidade Incompatível";"Colisão com objeto estático";"Com Vítimas Feridas";"Plena Noite";"Decrescente";"Chuva";"Simples";"Reta;Aclive";"Não";1;0;1;0;0;0;1;1;-6,741694;-47,779888;"SPRF-TO";"DEL02-TO";"UOP03-DEL02-TO"
268144;2020-02-09;"domingo";"03:30:00";"MG";40;510;"RIBEIRAO DAS NEVES";"Falta de Atenção à Condução";"Saída de leito carroçável";"Com Vítimas Feridas";"Plena Noite";"Decrescente";"Nublado";"Dupla";"Reta";"Sim";3;0;2;0;1;0;2;1;-19,77463885;-44,12321882;"SPRF-MG";"DEL01-MG";"UOP02-DEL01-MG"
268145;2020-02-09;"domingo";"04:00:00";"PR";369;496;"CORBELIA";"Ingestão de Álcool";"Colisão com objeto estático";"Com Vítimas Feridas";"Plena Noite";"Crescente";"Céu Claro";"Simples";"Reta";"Não";2;0;2;0;0;0;2;1;-24,7531;-53,2823;"SPRF-PR";"DEL04-PR";"UOP03-DEL04-PR"
268146;2020-02-09;"domingo";"04:40:00";"GO";50;119;"CRISTALINA";"Ingestão de Álcool";"Queda de ocupante de veículo";"Sem Vítimas";"Plena Noite";"Crescente";"Céu Claro";"Simples";"Rotatória";"Sim";1;0;0;0;1;0;0;1;-16,9309;-47,7117;"SPRF-DF";"DEL01-DF";"UOP02-DEL01-DF"
268147;2020-02-09;"domingo";"04:40:00";"RS";290;30,8;"SANTO ANTONIO DA PATRULHA";"Condutor Dormindo";"Saída de leito carroçável";"Com Vítimas Feridas";"Plena Noite";"Decrescente";"Nublado";"Múltipla";"Reta";"Não";3;0;2;0;1;0;2;1;-29,883983;-50,559572;"SPRF-RS";"DEL03-RS";"UOP01-DEL03-RS"
268149;2020-02-08;"sábado";"23:20:00";"GO";60;163,5;"GOIANIA";"Ingestão de Álcool";"Colisão com objeto estático";"Sem Vítimas";"Plena Noite";"Crescente";"Nublado";"Dupla";"Reta";"Sim";1;0;0;0;1;0;0;1;-16,70084486;-49,33462322;"SPRF-GO";"DEL01-GO";"UOP02-DEL01-GO"
268150;2020-02-09;"domingo";"04:45:00";"PR";277;82;"CURITIBA";"Falta de Atenção à Condução";"Colisão lateral";"Com Vítimas Feridas";"Plena Noite";"Decrescente";"Céu Claro";"Dupla";"Reta";"Sim";3;0;1;0;2;0;1;2;-25,459258;-49,220906;"SPRF-PR";"DEL01-PR";"UOP06-DEL01-PR"
268151;2020-02-09;"domingo";"05:15:00";"RS";116;427,8;"CRISTAL";"Desobediência às normas de trânsito pelo condutor";"Colisão frontal";"Com Vítimas Feridas";"Plena Noite";"Crescente";"Nublado";"Simples";"Reta;Aclive";"Sim";3;0;0;2;1;0;2;2;-31,00441;-52,051812;"SPRF-RS";"DEL02-RS";"UOP03-DEL02-RS"
268152;2020-02-09;"domingo";"05:40:00";"RS";116;133;"CAXIAS DO SUL";"Defeito Mecânico no Veículo";"Tombamento";"Com Vítimas Feridas";"Amanhecer";"Decrescente";"Garoa/Chuvisco";"Simples";"Curva";"Não";5;0;1;0;2;2;1;2;-29,05590302;-51,09689605;"SPRF-RS";"DEL05-RS";"UOP01-DEL05-RS"
268153;2020-02-09;"domingo";"04:30:00";"RJ";393;136,6;"SAPUCAIA";"Condutor Dormindo";"Colisão com objeto estático";"Com Vítimas Feridas";"Plena Noite";"Crescente";"Céu Claro";"Simples";"Curva";"Não";1;0;1;0;0;0;1;1;-22,00798746;-42,94651779;"SPRF-RJ";"DEL06-RJ";"UOP01-DEL05-RJ"
268155;2020-02-09;"domingo";"06:10:00";"SP";116;4;"GUARULHOS";"Falta de Atenção à Condução";"Saída de leito carroçável";"Com Vítimas Feridas";"Pleno dia";"Crescente";"Sol";"Dupla";"Reta";"Sim";4;0;1;0;3;0;1;4;-23,4237825;-46,4886722;"SPRF-SP";"DEL01-SP";"UOP01-DEL01-SP"
268156;2020-02-09;"domingo";"05:35:00";"SC";101;130,5;"BALNEARIO CAMBORIU";"Ingestão de Álcool";"Colisão frontal";"Sem Vítimas";"Amanhecer";"Decrescente";"Nublado";"Dupla";"Reta";"Não";1;0;0;0;1;0;0;1;-26,98407618;-48,66977107;"SPRF-SC";"DEL04-SC";"UOP03-DEL04-SC"
268157;2020-02-09;"domingo";"04:30:00";"MG";116;459;"ENGENHEIRO CALDAS";"Condutor Dormindo";"Saída de leito carroçável";"Com Vítimas Fatais";"Plena Noite";"Crescente";"Céu Claro";"Simples";"Curva";"Não";2;2;0;0;0;0;0;1;-19,21717674;-42,05777429;"SPRF-MG";"DEL06-MG";"UOP02-DEL06-MG"
268158;2020-02-08;"sábado";"22:00:00";"MA";230;0;"BARAO DE GRAJAU";"Desobediência às normas de trânsito pelo condutor";"Queda de ocupante de veículo";"Com Vítimas Feridas";"Plena Noite";"Crescente";"Nublado";"Simples";"Viaduto";"Sim";3;0;1;0;0;2;1;3;-6,760894;-43,01105;"SPRF-PI";"DEL03-PI";"UOP01-DEL03-PI"
268159;2020-02-09;"domingo";"06:30:00";"BA";116;847,3;"VITORIA DA CONQUISTA";"Ultrapassagem Indevida";"Saída de leito carroçável";"Com Vítimas Feridas";"Pleno dia";"Decrescente";"Céu Claro";"Simples";"Curva;Declive";"Não";5;0;5;0;0;0;5;1;-14,96927774;-40,91128844;"SPRF-BA";"DEL08-BA";"UOP03-DEL08-BA"
268160;2020-02-09;"domingo";"04:40:00";"MG";116;398,1;"GOVERNADOR VALADARES";"Condutor Dormindo";"Saída de leito carroçável";"Com Vítimas Feridas";"Pleno dia";"Decrescente";"Céu Claro";"Simples";"Reta;Aclive";"Não";1;0;0;1;0;0;1;1;-18,76391211;-41,98521344;"SPRF-MG";"DEL06-MG";"UOP01-DEL06-MG"
268161;2020-02-09;"domingo";"06:40:00";"SC";470;32;"GASPAR";"Ingestão de Álcool";"Capotamento";"Com Vítimas Feridas";"Amanhecer";"Crescente";"Céu Claro";"Dupla";"Reta";"Não";1;0;1;0;0;0;1;1;-26,901793;-48,931812;"SPRF-SC";"DEL04-SC";"UOP01-DEL04-SC"
268162;2020-02-09;"domingo";"07:05:00";"MG";381;526;"BRUMADINHO";"Velocidade Incompatível";"Saída de leito carroçável";"Com Vítimas Feridas";"Pleno dia";"Crescente";"Chuva";"Dupla";"Curva";"Não";2;0;1;0;1;0;1;1;-20,16175378;-44,34144636;"SPRF-MG";"DEL04-MG";"UOP03-DEL04-MG"
268163;2020-02-09;"domingo";"06:40:00";"PR";116;114;"CURITIBA";"Velocidade Incompatível";"Saída de leito carroçável";"Com Vítimas Feridas";"Amanhecer";"Crescente";"Nublado";"Dupla";"Reta";"Não";1;0;1;0;0;0;1;1;-25,55953326;-49,26560414;"SPRF-PR";"DEL01-PR";"UOP06-DEL01-PR"
268164;2020-02-09;"domingo";"07:40:00";"MG";40;532,9;"BELO HORIZONTE";"Falta de Atenção do Pedestre";"Atropelamento de Pedestre";"Com Vítimas Feridas";"Pleno dia";"Crescente";"Nublado";"Dupla";"Reta";"Sim";2;0;1;1;0;0;2;2;-19,92372561;-44,01700789;"SPRF-MG";"DEL01-MG";"UOP02-DEL01-MG"
268165;2020-02-09;"domingo";"05:40:00";"SC";101;378,3;"ICARA";"Ingestão de Álcool";"Colisão com objeto estático";"Sem Vítimas";"Amanhecer";"Decrescente";"Sol";"Dupla";"Reta";"Sim";1;0;0;0;1;0;0;1;-28,75274224;-49,27330613;"SPRF-SC";"DEL02-SC";"UOP01-DEL02-SC"
268168;2020-01-22;"quarta-feira";"08:25:00";"RS";153;572;"BAGE";"Condutor Dormindo";"Saída de leito carroçável";"Com Vítimas Feridas";"Pleno dia";"Crescente";"Céu Claro";"Simples";"Curva";"Não";1;0;1;0;0;0;1;1;-31,00895304;-53,6565548;"SPRF-RS";"DEL11-RS";"UOP03-DEL11-RS"
268169;2020-02-09;"domingo";"08:00:00";"SC";101;428,3;"SOMBRIO";"Defeito Mecânico no Veículo";"Tombamento";"Com Vítimas Feridas";"Pleno dia";"Crescente";"Nublado";"Múltipla";"Reta";"Não";2;0;2;0;0;0;2;1;-29,0402251;-49,61223688;"SPRF-SC";"DEL02-SC";"UOP02-DEL02-SC"
268170;2020-02-09;"domingo";"08:30:00";"PI";343;11,2;"PARNAIBA";"Ingestão de Álcool";"Colisão com objeto estático";"Com Vítimas Feridas";"Pleno dia";"Crescente";"Céu Claro";"Dupla";"Curva";"Sim";1;0;1;0;0;0;1;1;-2,903314;-41,750664;"SPRF-PI";"DEL05-PI";"UOP01-DEL05-PI"
268171;2020-02-09;"domingo";"05:00:00";"PA";10;258,5;"AURORA DO PARA";"Falta de Atenção à Condução";"Colisão traseira";"Com Vítimas Feridas";"Amanhecer";"Decrescente";"Céu Claro";"Simples";"Reta";"Não";6;0;3;0;2;1;3;2;-2,17743999;-47,56125477;"SPRF-PA";"DEL02-PA";"UOP01-DEL02-PA"
268174;2020-02-09;"domingo";"07:00:00";"RS";290;107;"ELDORADO DO SUL";"Condutor Dormindo";"Saída de leito carroçável";"Sem Vítimas";"Pleno dia";"Decrescente";"Nublado";"Dupla";"Reta";"Não";1;0;0;0;0;1;0;1;-30,001852;-51,304264;"SPRF-RS";"DEL02-RS";"UOP01-DEL02-RS"
268175;2020-02-09;"domingo";"08:55:00";"MG";50;66,3;"UBERLANDIA";"Defeito Mecânico no Veículo";"Colisão com objeto em movimento";"Com Vítimas Feridas";"Pleno dia";"Decrescente";"Chuva";"Dupla";"Reta";"Não";2;0;1;0;1;0;1;2;-18,85140204;-48,25345932;"SPRF-MG";"DEL15-MG";"UOP01-DEL15-MG"
268177;2020-02-09;"domingo";"09:30:00";"RJ";116;258;"PIRAI";"Velocidade Incompatível";"Colisão com objeto estático";"Com Vítimas Feridas";"Pleno dia";"Crescente";"Céu Claro";"Simples";"Curva";"Não";2;0;2;0;0;0;2;1;-22,58138777;-44,02160689;"SPRF-RJ";"DEL07-RJ";"UOP01-DEL07-RJ"
268178;2020-02-09;"domingo";"06:50:00";"RS";287;453,2;"SAO BORJA";"Falta de Atenção do Pedestre";"Atropelamento de Pedestre";"Com Vítimas Feridas";"Pleno dia";"Decrescente";"Céu Claro";"Simples";"Reta";"Não";5;0;0;1;3;1;1;2;-28,99184043;-55,30395598;"SPRF-RS";"DEL12-RS";"UOP02-DEL12-RS"
268179;2020-02-09;"domingo";"07:10:00";"SP";381;76,3;"SAO PAULO";"Desobediência às normas de trânsito pelo condutor";"Colisão lateral";"Com Vítimas Feridas";"Pleno dia";"Decrescente";"Céu Claro";"Dupla";"Curva";"Não";3;0;2;0;1;0;2;2;-23,38372401;-46,56502116;"SPRF-SP";"DEL03-SP";"UOP01-DEL03-SP"