"id";"data_inversa";"dia_semana";"horario";"uf";"br";"km";"municipio";"causa_acidente";"tipo_acidente";"classificacao_acidente";"fase_dia";"sentido_via";"condicao_metereologica";"tipo_pista";"tracado_via";"uso_solo";"pessoas";"mortos";"feridos_leves";"feridos_graves";"ilesos";"ignorados";"feridos";"veiculos";"latitude";"longitude";"regional";"delegacia";"uop"
268180;2020-02-09;"domingo";"09:35:00";"CE";116;46,7;"PACAJUS";"Desobediência às normas de trânsito pelo condutor";"Colisão transversal";"Com Vítimas Feridas";"Pleno dia";"Decrescente";"Céu Claro";"Dupla";"Reta";"Não";1;0;1;0;0;0;1;1;-4,13924054;-38,47994882;"SPRF-CE";"DEL01-CE";"UOP02-DEL01-CE"
268182;2020-02-09;"domingo";"06:20:00";"RO";435;124;"CEREJEIRAS";"Desobediência às normas de trânsito pelo condutor";"Colisão transversal";"Com Vítimas Feridas";"Pleno dia";"Crescente";"Céu Claro";"Simples";"Reta";"Sim";2;0;1;0;0;1;1;2;-13,188876;-60,817287;"SPRF-RO";"DEL04-RO";"UOP02-DEL04-RO"
268183;2020-02-09;"domingo";"10:20:00";"GO";60;378;"RIO VERDE";"Velocidade Incompatível";"Saída de leito carroçável";"Com Vítimas Feridas";"Pleno dia";"Crescente";"Garoa/Chuvisco";"Dupla";"Reta";"Sim";2;0;1;1;0;0;2;1;-17,7481;-50,8763;"SPRF-GO";"DEL04-GO";"UOP01-DEL04-GO"
268184;2020-02-09;"domingo";"07:50:00";"MG";262;31,1;"REDUTO";"Ingestão de Álcool";"Saída de leito carroçável";"Com Vítimas Feridas";"Pleno dia";"Decrescente";"Nublado";"Simples";"Declive;Curva";"Não";1;0;0;1;0;0;1;1;-20,2532742;-41,992629;"SPRF-MG";"DEL06-MG";"UOP03-DEL06-MG"
268185;2020-02-09;"domingo";"10:30:00";"MG";381;876,8;"ESTIVA";"Velocidade Incompatível";"Colisão com objeto estático";"Com Vítimas Feridas";"Pleno dia";"Decrescente";"Chuva";"Dupla";"Curva";"Não";3;0;2;0;1;0;2;1;-22,5011521;-46,01359767;"SPRF-MG";"DEL16-MG";"UOP01-DEL16-MG"
268186;2020-02-09;"domingo";"09:30:00";"SC";101;191;"BIGUACU";"Ingestão de Álcool";"Colisão com objeto estático";"Com Vítimas Feridas";"Pleno dia";"Decrescente";"Nublado";"Dupla";"Curva";"Sim";2;0;1;0;1;0;1;1;-27,47730273;-48,64127329;"SPRF-SC";"DEL01-SC";"UOP01-DEL01-SC"
268187;2020-02-09;"domingo";"10:40:00";"SC";280;42;"GUARAMIRIM";"Mal Súbito";"Saída de leito carroçável";"Com Vítimas Feridas";"Pleno dia";"Decrescente";"Sol";"Simples";"Reta";"Não";1;0;1;0;0;0;1;1;-26,45147856;-48,88123155;"SPRF-SC";"DEL03-SC";"UOP03-DEL03-SC"
268188;2020-02-09;"domingo";"10:30:00";"PI";316;315;"PICOS";"Falta de Atenção à Condução";"Colisão lateral";"Sem Vítimas";"Pleno dia";"Decrescente";"Sol";"Simples";"Reta";"Sim";1;0;0;0;1;0;0;1;-7,07951262;-41,43236492;"SPRF-PI";"DEL04-PI";"UOP01-DEL04-PI"
268192;2020-02-09;"domingo";"10:00:00";"PR";277;639;"CEU AZUL";"Ultrapassagem Indevida";"Colisão lateral";"Com Vítimas Feridas";"Pleno dia";"Decrescente";"Céu Claro";"Simples";"Curva";"Não";4;0;2;2;0;0;4;2;-25,1631072;-53,85896991;"SPRF-PR";"DEL05-PR";"UOP02-DEL05-PR"
268194;2020-02-09;"domingo";"11:10:00";"SC";282;16;"PALHOCA";"Desobediência às normas de trânsito pelo condutor";"Colisão lateral";"Com Vítimas Feridas";"Pleno dia";"Crescente";"Nublado";"Simples";"Reta";"Não";3;0;1;0;1;1;1;3;-27,658611;-48,681847;"SPRF-SC";"DEL01-SC";"UOP02-DEL01-SC"
268200;2020-02-09;"domingo";"11:20:00";"SC";101;213,7;"PALHOCA";"Falta de Atenção à Condução";"Queda de ocupante de veículo";"Com Vítimas Feridas";"Pleno dia";"Crescente";"Nublado";"Dupla";"Reta";"Não";2;0;1;0;1;0;1;1;-27,63697369;-48,66514142;"SPRF-SC";"DEL01-SC";"UOP02-DEL01-SC"
268202;2020-02-09;"domingo";"11:40:00";"GO";153;496,4;"GOIANIA";"Defeito Mecânico no Veículo";"Tombamento";"Com Vítimas Feridas";"Pleno dia";"Decrescente";"Chuva";"Dupla";"Reta";"Sim";2;0;1;1;0;0;2;1;-16,6776;-49,2314;"SPRF-GO";"DEL01-GO";"UOP01-DEL01-GO"
268203;2020-02-09;"domingo";"11:40:00";"RJ";116;175;"RIO DE JANEIRO";"Falta de Atenção à Condução";"Colisão lateral";"Com Vítimas Feridas";"Pleno dia";"Crescente";"Sol";"Dupla";"Reta";"Sim";5;0;2;0;3;0;2;2;-22,78923555;-43,37275272;"SPRF-RJ";"DEL01-RJ";"UOP02-DEL01-RJ"
268204;2020-02-09;"domingo";"12:50:00";"ES";101;288,4;"CARIACICA";"Falta de Atenção à Condução";"Colisão traseira";"Com Vítimas Feridas";"Pleno dia";"Crescente";"Sol";"Dupla";"Curva";"Não";3;0;1;0;2;0;1;2;-20,27160351;-40,39091743;"SPRF-ES";"DEL01-ES";"UOP01-DEL01-ES"
268206;2020-02-09;"domingo";"09:30:00";"RJ";101;322,6;"NITEROI";"Falta de Atenção à Condução";"Colisão lateral";"Com Vítimas Feridas";"Pleno dia";"Decrescente";"Sol";"Múltipla";"Interseção de Vias";"Sim";2;0;1;0;1;0;1;2;-22,878923;-43,110676;"SPRF-RJ";"DEL02-RJ";"UOP01-DEL02-RJ"
268207;2020-02-09;"domingo";"12:30:00";"CE";222;7,2;"CAUCAIA";"Falta de Atenção à Condução";"Colisão traseira";"Sem Vítimas";"Pleno dia";"Crescente";"Nublado";"Simples";"Reta";"Sim";2;0;0;0;1;1;0;2;-3,73323;-38,70287;"SPRF-CE";"DEL01-CE";"UOP01-DEL01-CE"
268208;2020-02-09;"domingo";"13:09:00";"SC";280;67,7;"JARAGUA DO SUL";"Falta de Atenção do Pedestre";"Atropelamento de Pedestre";"Com Vítimas Feridas";"Pleno dia";"Crescente";"Céu Claro";"Simples";"Reta";"Sim";2;0;0;1;1;0;1;2;-26,4775146;-49,10363575;"SPRF-SC";"DEL03-SC";"UOP03-DEL03-SC"
268209;2020-02-09;"domingo";"12:45:00";"ES";101;147;"LINHARES";"Falta de Atenção à Condução";"Colisão transversal";"Com Vítimas Feridas";"Pleno dia";"Crescente";"Céu Claro";"Múltipla";"Interseção de Vias";"Sim";2;0;0;1;1;0;1;2;-19,37887202;-40,06657892;"SPRF-ES";"DEL04-ES";"UOP01-DEL04-ES"
268210;2020-02-09;"domingo";"08:45:00";"MT";70;311,8;"DOM AQUINO";"Falta de Atenção à Condução";"Saída de leito carroçável";"Com Vítimas Feridas";"Pleno dia";"Decrescente";"Garoa/Chuvisco";"Simples";"Curva";"Não";1;0;1;0;0;0;1;1;-15,55631967;-54,60162163;"SPRF-MT";"DEL05-MT";"UOP01-DEL05-MT"
268212;2020-02-09;"domingo";"11:00:00";"MG";381;922;"CAMANDUCAIA";"Velocidade Incompatível";"Saída de leito carroçável";"Com Vítimas Feridas";"Pleno dia";"Decrescente";"Chuva";"Dupla";"Reta";"Não";1;0;1;0;0;0;1;1;-22,76660547;-46,17744733;"SPRF-MG";"DEL16-MG";"UOP03-DEL16-MG"
268213;2020-02-09;"domingo";"13:30:00";"MG";381;541;"ITATIAIUCU";"Mal Súbito";"Queda de ocupante de veículo";"Com Vítimas Feridas";"Pleno dia";"Decrescente";"Nublado";"Dupla";"Reta";"Não";1;0;1;0;0;0;1;1;-20,25686585;-44,4185141;"SPRF-MG";"DEL04-MG";"UOP03-DEL04-MG"
268214;2020-02-09;"domingo";"13:30:00";"SP";101;49,8;"UBATUBA";"Ingestão de Álcool";"Saída de leito carroçável";"Sem Vítimas";"Pleno dia";"Decrescente";"Sol";"Simples";"Reta";"Sim";1;0;0;0;1;0;0;1;-23,45237616;-45,07526463;"SPRF-SP";"DEL06-SP";"UOP01-DEL06-SP"
268216;2020-02-09;"domingo";"13:30:00";"MG";365;656,7;"MONTE ALEGRE DE MINAS";"Defeito na Via";"Saída de leito carroçável";"Com Vítimas Feridas";"Pleno dia";"Crescente";"Chuva";"Dupla";"Reta";"Não";4;0;3;1;0;0;4;1;-18,88179209;-48,6075449;"SPRF-MG";"DEL15-MG";"UOP01-DEL15-MG"
268217;2020-02-09;"domingo";"14:15:00";"MG";381;908,5;"CAMANDUCAIA";"Pista Escorregadia";"Saída de leito carroçável";"Com Vítimas Feridas";"Pleno dia";"Crescente";"Chuva";"Dupla";"Curva";"Não";4;0;4;0;0;0;4;1;-22,71744092;-46,12652111;"SPRF-MG";"DEL16-MG";"UOP03-DEL16-MG"
268219;2020-02-09;"domingo";"14:20:00";"RJ";393;282;"VOLTA REDONDA";"Falta de Atenção à Condução";"Engavetamento";"Com Vítimas Feridas";"Pleno dia";"Crescente";"Céu Claro";"Simples";"Reta";"Não";6;0;2;0;4;0;2;4;-22,48082784;-44,04047201;"SPRF-RJ";"DEL05-RJ";"UOP04-DEL05-RJ"
268222;2020-02-09;"domingo";"13:15:00";"RJ";101;560,4;"PARATY";"Ultrapassagem Indevida";"Colisão frontal";"Com Vítimas Feridas";"Pleno dia";"Crescente";"Céu Claro";"Simples";"Reta";"Não";2;0;0;2;0;0;2;2;-23,11295227;-44,70861219;"SPRF-RJ";"DEL03-RJ";"UOP04-DEL03-RJ"
268223;2020-02-09;"domingo";"13:30:00";"MA";135;21;"SAO LUIS";"Falta de Atenção à Condução";"Colisão lateral";"Com Vítimas Feridas";"Pleno dia";"Crescente";"Nublado";"Dupla";"Reta";"Sim";3;0;2;0;0;1;2;2;-2,53073;-44,3068;"SPRF-MA";"DEL01-MA";"UOP01-DEL01-MA"
268224;2020-02-09;"domingo";"10:50:00";"AM";319;679,8;"HUMAITA";"Falta de Atenção à Condução";"Saída de leito carroçável";"Com Vítimas Feridas";"Pleno dia";"Decrescente";"Nublado";"Simples";"Reta";"Não";2;0;2;0;0;0;2;1;-7,560477;-63,077916;"SPRF-RO";"DEL01-RO";"UOP05-DEL01-AM"
268226;2020-02-09;"domingo";"13:20:00";"MT";163;11,5;"ITIQUIRA";"Defeito Mecânico no Veículo";"Saída de leito carroçável";"Com Vítimas Feridas";"Pleno dia";"Decrescente";"Céu Claro";"Dupla";"Reta";"Não";4;0;1;1;2;0;2;1;-17,416918;-54,752617;"SPRF-MT";"DEL02-MT";"DEL2/2-UOP02/MT"
268227;2020-02-09;"domingo";"14:45:00";"SC";101;235;"PALHOCA";"Não guardar distância de segurança";"Colisão traseira";"Com Vítimas Feridas";"Pleno dia";"Decrescente";"Garoa/Chuvisco";"Dupla";"Reta;Ponte";"Não";5;0;2;0;3;0;2;4;-27,8177775;-48,6315025;"SPRF-SC";"DEL01-SC";"UOP02-DEL01-SC"
268229;2020-02-09;"domingo";"15:05:00";"SC";470;64;"INDAIAL";"Pista Escorregadia";"Capotamento";"Com Vítimas Feridas";"Pleno dia";"Crescente";"Chuva";"Simples";"Reta";"Sim";1;0;1;0;0;0;1;1;-26,869867;-49,201859;"SPRF-SC";"DEL04-SC";"UOP01-DEL04-SC"
268230;2020-02-09;"domingo";"14:30:00";"SP";116;218,4;"GUARULHOS";"Velocidade Incompatível";"Colisão com objeto estático";"Com Vítimas Feridas";"Pleno dia";"Crescente";"Céu Claro";"Múltipla";"Declive";"Sim";1;0;1;0;0;0;1;1;-23,457972;-46,479927;"SPRF-SP";"DEL01-SP";"UOP01-DEL01-SP"
268231;2020-02-09;"domingo";"15:25:00";"RJ";393;194,9;"PARAIBA DO SUL";"Não guardar distância de segurança";"Colisão traseira";"Sem Vítimas";"Pleno dia";"Crescente";"Céu Claro";"Simples";"Reta";"Não";2;0;0;0;2;0;0;2;-22,19043529;-43,34908866;"SPRF-RJ";"DEL05-RJ";"UOP03-DEL05-RJ"
268233;2020-02-09;"domingo";"16:00:00";"PB";230;462;"SOUSA";"Ingestão de Álcool";"Colisão traseira";"Sem Vítimas";"Pleno dia";"Crescente";"Nublado";"Simples";"Interseção de Vias";"Sim";2;0;0;0;2;0;0;2;-6,7785318;-38,22917104;"SPRF-PB";"DEL03-PB";"UOP03-DEL03-PB"
268236;2020-02-09;"domingo";"14:20:00";"RJ";101;283;"ITABORAI";"Falta de Atenção à Condução";"Saída de leito carroçável";"Com Vítimas Feridas";"Pleno dia";"Decrescente";"Céu Claro";"Dupla";"Curva";"Não";2;0;0;1;1;0;1;1;-22,73591014;-42,80592689;"SPRF-RJ";"DEL02-RJ";"UOP03-DEL02-RJ"
268237;2020-02-09;"domingo";"15:15:00";"RN";304;180,3;"ANGICOS";"Falta de Atenção à Condução";"Colisão lateral";"Com Vítimas Feridas";"Pleno dia";"Crescente";"Céu Claro";"Simples";"Reta";"Não";2;0;1;1;0;0;2;1;-5,69083538;-36,33816002;"SPRF-RN";"DEL01-RN";"UOP03-DEL01-RN"
268238;2020-02-09;"domingo";"16:30:00";"CE";116;18;"ITAITINGA";"Pista Escorregadia";"Queda de ocupante de veículo";"Com Vítimas Feridas";"Pleno dia";"Crescente";"Nublado";"Dupla";"Interseção de Vias";"Sim";1;0;1;0;0;0;1;1;-3,90775855;-38,50572977;"SPRF-CE";"DEL01-CE";"UOP02-DEL01-CE"
268239;2020-02-09;"domingo";"16:30:00";"PB";230;72,9;"SOBRADO";"Falta de Atenção à Condução";"Tombamento";"Com Vítimas Feridas";"Pleno dia";"Decrescente";"Céu Claro";"Dupla";"Reta";"Não";1;0;0;1;0;0;1;1;-7,1907;-35,2418;"SPRF-PB";"DEL01-PB";"UOP03-DEL01-PB"
268241;2020-02-09;"domingo";"15:50:00";"MG";116;801;"ALEM PARAIBA";"Desobediência às normas de trânsito pelo condutor";"Colisão transversal";"Com Vítimas Feridas";"Pleno dia";"Crescente";"Céu Claro";"Simples";"Reta";"Não";3;0;1;1;0;1;2;3;-21,77056499;-42,73102799;"SPRF-MG";"DEL07-MG";"UOP01-DEL07-MG"
268242;2020-02-09;"domingo";"16:30:00";"GO";60;46,4;"ALEXANIA";"Ingestão de Álcool";"Saída de leito carroçável";"Com Vítimas Feridas";"Pleno dia";"Decrescente";"Garoa/Chuvisco";"Dupla";"Curva;Declive";"Não";5;0;4;1;0;0;5;1;-16,1417;-48,5988;"SPRF-GO";"DEL02-GO";"UOP01-DEL02-GO"
268244;2020-02-09;"domingo";"15:40:00";"PI";316;6,9;"TERESINA";"Desobediência às normas de trânsito pelo condutor";"Colisão transversal";"Sem Vítimas";"Pleno dia";"Decrescente";"Nublado";"Simples";"Rotatória";"Sim";2;0;0;0;2;0;0;2;-5,14702095;-42,77438982;"SPRF-PI";"DEL01-PI";"UOP02-DEL01-PI"
268246;2020-02-09;"domingo";"16:45:00";"AP";210;2,9;"MACAPA";"Desobediência às normas de trânsito pelo condutor";"Colisão transversal";"Com Vítimas Feridas";"Pleno dia";"Crescente";"Chuva";"Simples";"Reta";"Sim";4;0;4;0;0;0;4;2;0,08282017;-51,07776189;"SPRF-AP";"DEL01-AP";"UOP01-DEL01-AP"
268247;2020-02-09;"domingo";"16:55:00";"SE";235;3,3;"ARACAJU";"Falta de Atenção do Pedestre";"Atropelamento de Pedestre";"Com Vítimas Fatais";"Pleno dia";"Crescente";"Céu Claro";"Múltipla";"Reta;Declive";"Sim";2;1;0;0;0;1;0;2;-10,9059;-37,111;"SPRF-SE";"DEL01-SE";"UOP01-DEL01-SE"
268248;2020-02-09;"domingo";"17:10:00";"RN";406;163,8;"CEARA-MIRIM";"Defeito na Via";"Queda de ocupante de veículo";"Com Vítimas Feridas";"Pleno dia";"Decrescente";"Nublado";"Simples";"Curva";"Não";1;0;1;0;0;0;1;1;-5,73527201;-35,35543901;"SPRF-RN";"DEL02-RN";"UOP01-DEL02-RN"
268249;2020-02-09;"domingo";"13:05:00";"MT";70;522;"VARZEA GRANDE";"Falta de Atenção à Condução";"Colisão transversal";"Com Vítimas Feridas";"Pleno dia";"Decrescente";"Nublado";"Simples";"Reta";"Sim";3;0;2;0;1;0;2;2;-15,6621537;-56,18584894;"SPRF-MT";"DEL01-MT";"DEL2/4-UOP02/MT"
268251;2020-02-09;"domingo";"16:30:00";"RJ";116;142,5;"DUQUE DE CAXIAS";"Ultrapassagem Indevida";"Saída de leito carroçável";"Com Vítimas Feridas";"Pleno dia";"Crescente";"Nublado";"Dupla";"Reta";"Sim";1;0;1;0;0;0;1;1;-22,64876087;-43,23031638;"SPRF-RJ";"DEL04-RJ";"UOP02-DEL04-RJ"
268252;2020-02-09;"domingo";"17:45:00";"MG";381;356;"JOAO MONLEVADE";"Ingestão de Álcool";"Colisão traseira";"Sem Vítimas";"Pleno dia";"Crescente";"Nublado";"Simples";"Reta";"Não";2;0;0;0;1;1;0;2;-19,84765404;-43,20566395;"SPRF-MG";"DEL03-MG";"UOP01-DEL03-MG"
268254;2020-02-09;"domingo";"17:20:00";"SP";153;34,7;"NOVA GRANADA";"Não guardar distância de segurança";"Colisão traseira";"Com Vítimas Feridas";"Pleno dia";"Decrescente";"Céu Claro";"Simples";"Reta";"Não";3;0;2;0;1;0;2;2;-20,57168502;-49,31773682;"SPRF-SP";"DEL09-SP";"UOP01-DEL09-SP"
268256;2020-02-09;"domingo";"15:40:00";"SC";282;503,9;"XANXERE";"Velocidade Incompatível";"Colisão com objeto estático";"Com Vítimas Feridas";"Pleno dia";"Decrescente";"Chuva";"Dupla";"Curva";"Sim";3;0;2;0;1;0;2;1;-26,88226801;-52,40495682;"SPRF-SC";"DEL07-SC";"UOP01-DEL07-SC"
268257;2020-02-09;"domingo";"15:45:00";"ES";262;27;"VIANA";"Desobediência às normas de trânsito pelo condutor";"Colisão traseira";"Com Vítimas Feridas";"Pleno dia";"Decrescente";"Sol";"Simples";"Curva";"Não";2;0;1;0;1;0;1;2;-20,38567547;-40,55281531;"SPRF-ES";"DEL01-ES";"UOP01-DEL01-ES"
268258;2020-02-09;"domingo";"17:40:00";"SC";101;258,6;"PAULO LOPES";"Pista Escorregadia";"Capotamento";"Sem Vítimas";"Anoitecer";"Crescente";"Garoa/Chuvisco";"Dupla";"Curva";"Não";1;0;0;0;1;0;0;1;-28,00482282;-48,69190437;"SPRF-SC";"DEL02-SC";"UOP03-DEL02-SC"
268259;2020-02-09;"domingo";"17:15:00";"RS";290;262;"CACHOEIRA DO SUL";"Falta de Atenção à Condução";"Colisão lateral";"Sem Vítimas";"Pleno dia";"Crescente";"Céu Claro";"Simples";"Aclive";"Não";2;0;0;0;2;0;0;2;-30,263657;-52,845249;"SPRF-RS";"DEL02-RS";"UOP02-DEL02-RS"
268260;2020-02-09;"domingo";"18:15:00";"PR";376;178;"MARINGA";"Desobediência às normas de trânsito pelo condutor";"Colisão lateral";"Com Vítimas Feridas";"Pleno dia";"Crescente";"Céu Claro";"Dupla";"Interseção de Vias";"Sim";2;0;0;1;1;0;1;2;-23,4192146;-51,91293985;"SPRF-PR";"DEL07-PR";"UOP01-DEL09-PR"
268261;2020-02-09;"domingo";"18:15:00";"PE";232;59,1;"POMBOS";"Desobediência às normas de trânsito pelo pedestre";"Atropelamento de Pedestre";"Sem Vítimas";"Plena Noite";"Decrescente";"Céu Claro";"Dupla";"Reta";"Sim";2;0;0;0;1;1;0;2;-8,147105;-35,395936;"SPRF-PE";"DEL01-PE";"UOP02-DEL02PE"
268262;2020-02-09;"domingo";"18:00:00";"PB";230;62,1;"CRUZ DO ESPIRITO SANTO";"Desobediência às normas de trânsito pelo condutor";"Tombamento";"Com Vítimas Feridas";"Anoitecer";"Decrescente";"Céu Claro";"Dupla";"Reta";"Não";1;0;1;0;0;0;1;1;-7,202;-35,1574;"SPRF-PB";"DEL01-PB";"UOP03-DEL01-PB"
268263;2020-02-09;"domingo";"16:50:00";"BA";116;905;"CANDIDO SALES";"Ingestão de Álcool";"Colisão traseira";"Com Vítimas Feridas";"Pleno dia";"Decrescente";"Céu Claro";"Simples";"Curva";"Não";3;0;2;0;1;0;2;2;-15,472895;-41,245706;"SPRF-BA";"DEL08-BA";"UOP03-DEL08-BA"
268266;2020-02-09;"domingo";"17:33:00";"MS";163;267;"DOURADOS";"Ingestão de Álcool";"Colisão traseira";"Sem Vítimas";"Pleno dia";"Decrescente";"Sol";"Dupla";"Reta";"Não";4;0;0;0;4;0;0;2;-22,21242493;-54,71536905;"SPRF-MS";"DEL04-MS";"UOP01-DEL04-MS"
268269;2020-02-09;"domingo";"17:48:00";"PE";423;99;"GARANHUNS";"Ingestão de Álcool";"Colisão com objeto em movimento";"Com Vítimas Feridas";"Anoitecer";"Crescente";"Céu Claro";"Simples";"Reta";"Não";2;0;0;1;0;1;1;2;-8,87808191;-36,51252399;"SPRF-PE";"DEL03-PE";"UOP01-DEL03-PE"
268271;2020-02-09;"domingo";"17:40:00";"MG";116;716;"MURIAE";"Avarias e/ou desgaste excessivo no pneu";"Colisão com objeto estático";"Com Vítimas Feridas";"Pleno dia";"Decrescente";"Chuva";"Simples";"Declive;Curva";"Não";4;0;3;0;1;0;3;2;-21,19891657;-42,3838377;"SPRF-MG";"DEL07-MG";"UOP02-DEL07-MG"
268272;2020-02-09;"domingo";"18:00:00";"RO";364;241;"CACOAL";"Desobediência às normas de trânsito pelo condutor";"Saída de leito carroçável";"Com Vítimas Feridas";"Anoitecer";"Decrescente";"Céu Claro";"Simples";"Curva";"Sim";1;0;1;0;0;0;1;1;-11,44070217;-61,4786063;"SPRF-RO";"DEL02-RO";"UOP02-DEL02-RO"
268273;2020-02-09;"domingo";"19:10:00";"RN";101;83;"NATAL";"Não guardar distância de segurança";"Colisão traseira";"Sem Vítimas";"Plena Noite";"Decrescente";"Garoa/Chuvisco";"Dupla";"Reta";"Sim";2;0;0;0;2;0;0;2;-5,772409;-35,2624011;"SPRF-RN";"DEL02-RN";"UOP01-DEL02-RN"
268274;2020-02-09;"domingo";"15:30:00";"SC";282;55;"AGUAS MORNAS";"Velocidade Incompatível";"Saída de leito carroçável";"Com Vítimas Fatais";"Pleno dia";"Decrescente";"Chuva";"Simples";"Curva";"Não";4;1;3;0;0;0;3;1;-27,689514;-48,982376;"SPRF-SC";"DEL01-SC";"UOP03-DEL01-SC"
268275;2020-02-09;"domingo";"19:00:00";"PR";376;652;"TIJUCAS DO SUL";"Velocidade Incompatível";"Saída de leito carroçável";"Com Vítimas Feridas";"Plena Noite";"Decrescente";"Chuva";"Múltipla";"Curva";"Não";2;0;1;0;1;0;1;1;-25,8461583;-49,068884;"SPRF-PR";"DEL01-PR";"UOP04-DEL01-PR"
268276;2020-02-09;"domingo";"17:58:00";"ES";262;2,2;"CARIACICA";"Falta de Atenção à Condução";"Colisão traseira";"Sem Vítimas";"Anoitecer";"Crescente";"Céu Claro";"Múltipla";"Reta";"Sim";3;0;0;0;3;0;0;2;-20,33176024;-40,36269665;"SPRF-ES";"DEL01-ES";"UOP01-DEL01-ES"
268277;2020-02-09;"domingo";"19:15:00";"SP";101;48,7;"UBATUBA";"Falta de Atenção do Pedestre";"Atropelamento de Pedestre";"Com Vítimas Feridas";"Plena Noite";"Decrescente";"Nublado";"Simples";"Reta";"Sim";3;0;0;1;1;1;1;2;-23,44611077;-45,08175373;"SPRF-SP";"DEL06-SP";"UOP01-DEL06-SP"
268278;2020-02-09;"domingo";"18:30:00";"SE";235;8,4;"NOSSA SENHORA DO SOCORRO";"Falta de Atenção à Condução";"Colisão frontal";"Com Vítimas Feridas";"Plena Noite";"Crescente";"Céu Claro";"Dupla";"Viaduto";"Não";8;0;4;0;2;2;4;2;-10,886912;-37,132862;"SPRF-SE";"DEL01-SE";"UOP01-DEL01-SE"
268279;2020-02-09;"domingo";"18:38:00";"SP";116;221,4;"GUARULHOS";"Desobediência às normas de trânsito pelo condutor";"Colisão lateral";"Com Vítimas Feridas";"Plena Noite";"Crescente";"Chuva";"Múltipla";"Reta";"Sim";4;0;1;0;2;1;1;4;-23,46802395;-46,50704901;"SPRF-SP";"DEL01-SP";"UOP01-DEL01-SP"
268280;2020-02-09;"domingo";"19:25:00";"MG";365;345,5;"VARJAO DE MINAS";"Falta de Atenção do Pedestre";"Atropelamento de Pedestre";"Com Vítimas Fatais";"Plena Noite";"Crescente";"Céu Claro";"Simples";"Reta";"Não";4;1;0;0;3;0;0;2;-18,31617684;-45,98561001;"SPRF-MG";"DEL10-MG";"UOP01-DEL10-MG"
268281;2020-02-09;"domingo";"18:30:00";"SC";101;238;"PALHOCA";"Falta de Atenção à Condução";"Colisão lateral";"Com Vítimas Feridas";"Anoitecer";"Decrescente";"Nublado";"Dupla";"Reta";"Não";2;0;1;0;1;0;1;2;-27,84293889;-48,63471922;"SPRF-SC";"DEL01-SC";"UOP02-DEL01-SC"
268282;2020-02-09;"domingo";"16:30:00";"MG";267;124,7;"JUIZ DE FORA";"Falta de Atenção à Condução";"Colisão traseira";"Com Vítimas Feridas";"Pleno dia";"Decrescente";"Céu Claro";"Simples";"Curva";"Não";4;0;1;1;1;1;2;3;-21,70786623;-43,51812169;"SPRF-MG";"DEL05-MG";"UOP01-DEL05-MG"
268284;2020-02-09;"domingo";"15:30:00";"SC";282;52;"AGUAS MORNAS";"Velocidade Incompatível";"Saída de leito carroçável";"Com Vítimas Feridas";"Pleno dia";"Decrescente";"Chuva";"Simples";"Curva";"Não";2;0;1;1;0;0;2;1;-27,696936;-48,964138;"SPRF-SC";"DEL01-SC";"UOP03-DEL01-SC"
268285;2020-02-09;"domingo";"19:20:00";"DF";20;4;"BRASILIA";"Condutor Dormindo";"Colisão com objeto estático";"Sem Vítimas";"Plena Noite";"Crescente";"Nublado";"Dupla";"Curva";"Sim";1;0;0;0;1;0;0;1;-15,675484;-47,823761;"SPRF-DF";"DEL02-DF";"UOP01-DEL02-DF"
268286;2020-02-09;"domingo";"16:00:00";"RS";392;64,5;"PELOTAS";"Avarias e/ou desgaste excessivo no pneu";"Saída de leito carroçável";"Com Vítimas Feridas";"Pleno dia";"Crescente";"Céu Claro";"Simples";"Reta";"Sim";2;0;2;0;0;0;2;1;-31,76661908;-52,37161303;"SPRF-RS";"DEL07-RS";"UOP01-DEL07-RS"
268287;2020-02-09;"domingo";"19:54:00";"PR";153;338,2;"IRATI";"Ingestão de Álcool";"Colisão traseira";"Com Vítimas Feridas";"Plena Noite";"Crescente";"Chuva";"Simples";"Reta;Declive";"Sim";4;0;2;0;2;0;2;2;-25,514171;-50,653861;"SPRF-PR";"DEL03-PR";"UOP02-DEL08-PR"
268290;2020-02-09;"domingo";"18:42:00";"ES";101;355,3;"ANCHIETA";"Ingestão de Álcool";"Colisão transversal";"Sem Vítimas";"Plena Noite";"Crescente";"Céu Claro";"Simples";"Reta";"Não";2;0;0;0;1;1;0;2;-20,68854312;-40,67978692;"SPRF-ES";"DEL03-ES";"UOP01-DEL03-ES"
268291;2020-02-09;"domingo";"19:40:00";"PR";369;72,8;"SANTA MARIANA";"Ingestão de Álcool";"Atropelamento de Pedestre";"Com Vítimas Feridas";"Plena Noite";"Crescente";"Céu Claro";"Simples";"Reta;Declive";"Sim";3;0;0;2;0;1;2;2;-23,15500642;-50,51310534;"SPRF-PR";"DEL07-PR";"UOP05-DEL07-PR"
268292;2020-02-09;"domingo";"20:30:00";"PI";343;594;"FLORIANO";"Ingestão de Álcool";"Colisão frontal";"Com Vítimas Feridas";"Plena Noite";"Crescente";"Céu Claro";"Simples";"Reta";"Sim";2;0;0;1;1;0;1;2;-6,788374;-43,044399;"SPRF-PI";"DEL03-PI";"UOP01-DEL03-PI"