"id";"data_inversa";"dia_semana";"horario";"uf";"br";"km";"municipio";"causa_acidente";"tipo_acidente";"classificacao_acidente";"fase_dia";"sentido_via";"condicao_metereologica";"tipo_pista";"tracado_via";"uso_solo";"pessoas";"mortos";"feridos_leves";"feridos_graves";"ilesos";"ignorados";"feridos";"veiculos";"latitude";"longitude";"regional";"delegacia";"uop"
268646;2020-02-11;"terça-feira";"17:00:00";"PR";476;156,5;"ARAUCARIA";"Desobediência às normas de trânsito pelo condutor";"Saída de leito carroçável";"Com Vítimas Feridas";"Pleno dia";"Decrescente";"Sol";"Dupla";"Reta";"Não";1;0;1;0;0;0;1;1;-25,599157;-49,417736;"SPRF-PR";"DEL01-PR";"UOP06-DEL01-PR"
268648;2020-02-11;"terça-feira";"16:30:00";"ES";262;163,8;"IBATIBA";"Não guardar distância de segurança";"Colisão traseira";"Com Vítimas Feridas";"Pleno dia";"Decrescente";"Nublado";"Simples";"Aclive";"Não";3;0;1;0;2;0;1;3;-20,24681718;-41,54872656;"SPRF-ES";"DEL01-ES";"UOP02-DEL01-ES"
268649;2020-02-11;"terça-feira";"17:20:00";"RJ";101;319;"SAO GONCALO";"Não guardar distância de segurança";"Colisão lateral";"Com Vítimas Feridas";"Anoitecer";"Decrescente";"Chuva";"Dupla";"Reta";"Sim";3;0;0;1;2;0;1;3;-22,85411774;-43,1018014;"SPRF-RJ";"DEL02-RJ";"UOP01-DEL02-RJ"
268650;2020-02-11;"terça-feira";"17:15:00";"ES";262;107,3;"VENDA NOVA DO IMIGRANTE";"Ingestão de Álcool";"Colisão lateral";"Com Vítimas Feridas";"Pleno dia";"Crescente";"Chuva";"Simples";"Reta";"Sim";2;0;1;0;1;0;1;2;-20,33079994;-41,15569895;"SPRF-ES";"DEL01-ES";"UOP02-DEL01-ES"
268651;2020-02-11;"terça-feira";"17:14:00";"GO";153;500,8;"GOIANIA";"Falta de Atenção à Condução";"Colisão lateral";"Com Vítimas Feridas";"Pleno dia";"Crescente";"Céu Claro";"Dupla";"Curva";"Não";2;0;1;0;1;0;1;2;-16,7118;-49,2324;"SPRF-GO";"DEL01-GO";"UOP01-DEL01-GO"
268652;2020-02-11;"terça-feira";"17:15:00";"SC";280;126,1;"RIO NEGRINHO";"Não guardar distância de segurança";"Colisão traseira";"Com Vítimas Feridas";"Pleno dia";"Crescente";"Nublado";"Simples";"Reta";"Sim";2;0;1;0;1;0;1;2;-26,23779604;-49,49427399;"SPRF-SC";"DEL06-SC";"UOP03-DEL06-SC"
268653;2020-02-11;"terça-feira";"17:40:00";"SP";116;148;"SAO JOSE DOS CAMPOS";"Falta de Atenção à Condução";"Engavetamento";"Com Vítimas Feridas";"Pleno dia";"Decrescente";"Nublado";"Dupla";"Reta";"Sim";3;0;1;0;2;0;1;3;-23,20067421;-45,8795018;"SPRF-SP";"DEL02-SP";"UOP01-DEL02-SP"
268654;2020-02-11;"terça-feira";"17:40:00";"SE";235;1;"ARACAJU";"Falta de Atenção à Condução";"Colisão traseira";"Com Vítimas Feridas";"Pleno dia";"Crescente";"Céu Claro";"Dupla";"Reta";"Sim";3;0;0;2;1;0;2;2;-10,9073;-37,0947;"SPRF-SE";"DEL01-SE";"UOP01-DEL01-SE"
268655;2020-02-11;"terça-feira";"17:45:00";"MG";50;174,3;"UBERABA";"Falta de Atenção à Condução";"Colisão traseira";"Com Vítimas Feridas";"Pleno dia";"Decrescente";"Céu Claro";"Dupla";"Reta";"Sim";2;0;0;1;0;1;1;2;-19,770817;-47,973434;"SPRF-MG";"DEL13-MG";"UOP01-DEL13-MG"
268658;2020-02-11;"terça-feira";"17:50:00";"SC";101;129;"BALNEARIO CAMBORIU";"Avarias e/ou desgaste excessivo no pneu";"Tombamento";"Com Vítimas Feridas";"Anoitecer";"Crescente";"Nublado";"Dupla";"Reta";"Sim";2;0;2;0;0;0;2;2;-26,98064277;-48,6790679;"SPRF-SC";"DEL04-SC";"UOP03-DEL04-SC"
268659;2020-02-11;"terça-feira";"17:15:00";"PR";376;177,5;"MARINGA";"Falta de Atenção à Condução";"Tombamento";"Com Vítimas Feridas";"Pleno dia";"Decrescente";"Sol";"Dupla";"Reta";"Sim";1;0;0;1;0;0;1;1;-23,41504997;-51,92542344;"SPRF-PR";"DEL07-PR";"UOP01-DEL09-PR"
268660;2020-02-11;"terça-feira";"17:15:00";"MT";163;112;"RONDONOPOLIS";"Avarias e/ou desgaste excessivo no pneu";"Saída de leito carroçável";"Sem Vítimas";"Pleno dia";"Crescente";"Chuva";"Dupla";"Reta";"Não";2;0;0;0;2;0;0;1;-16,56184522;-54,67930759;"SPRF-MT";"DEL02-MT";"UOP01-DEL02-MT"
268661;2020-02-11;"terça-feira";"16:40:00";"RJ";116;293,7;"PORTO REAL";"Desobediência às normas de trânsito pelo condutor";"Colisão lateral";"Sem Vítimas";"Pleno dia";"Crescente";"Chuva";"Dupla";"Reta";"Sim";2;0;0;0;2;0;0;2;-22,45030029;-44,33343887;"SPRF-RJ";"DEL07-RJ";"UOP02-DEL07-RJ"
268662;2020-02-11;"terça-feira";"17:40:00";"MG";365;690;"MONTE ALEGRE DE MINAS";"Desobediência às normas de trânsito pelo condutor";"Colisão transversal";"Com Vítimas Feridas";"Pleno dia";"Crescente";"Nublado";"Dupla";"Interseção de Vias";"Sim";2;0;0;1;1;0;1;2;-18,87623976;-48,87959003;"SPRF-MG";"DEL15-MG";"UOP03-DEL15-MG"
268663;2020-02-11;"terça-feira";"18:30:00";"PR";376;180;"MARINGA";"Agressão Externa";"Colisão com objeto estático";"Com Vítimas Feridas";"Pleno dia";"Crescente";"Céu Claro";"Dupla";"Viaduto";"Sim";2;0;2;0;0;0;2;1;-23,42725352;-51,89512271;"SPRF-PR";"DEL09-PR";"UOP01-DEL09-PR"
268664;2020-02-11;"terça-feira";"18:00:00";"RJ";493;1;"ITABORAI";"Sinalização da via insuficiente ou inadequada";"Atropelamento de Pedestre";"Com Vítimas Feridas";"Anoitecer";"Decrescente";"Chuva";"Simples";"Reta";"Sim";2;0;1;0;1;0;1;2;-22,76398788;-42,92731895;"SPRF-RJ";"DEL02-RJ";"UOP02-DEL02-RJ"
268666;2020-02-11;"terça-feira";"18:20:00";"PR";163;35,3;"SANTO ANTONIO DO SUDOESTE";"Desobediência às normas de trânsito pelo condutor";"Colisão frontal";"Com Vítimas Feridas";"Pleno dia";"Crescente";"Céu Claro";"Simples";"Reta";"Sim";6;0;4;0;2;0;4;2;-26,10526814;-53,70309816;"SPRF-PR";"DEL02-PR";"UOP02-DEL02-PR"
268667;2020-02-11;"terça-feira";"18:30:00";"PE";428;187,8;"PETROLINA";"Mal Súbito";"Queda de ocupante de veículo";"Com Vítimas Feridas";"Plena Noite";"Crescente";"Céu Claro";"Simples";"Reta";"Sim";1;0;1;0;0;0;1;1;-9,35604301;-40,47854198;"SPRF-PE";"DEL06-PE";"UOP01-DEL06-PE"
268669;2020-02-11;"terça-feira";"15:45:00";"BA";101;690,6;"EUNAPOLIS";"Ultrapassagem Indevida";"Colisão frontal";"Com Vítimas Feridas";"Pleno dia";"Decrescente";"Céu Claro";"Simples";"Curva";"Não";3;0;0;2;1;0;2;2;-16,33255702;-39,58174321;"SPRF-BA";"DEL09-BA";"UOP01-DEL09-BA"
268670;2020-02-11;"terça-feira";"19:00:00";"CE";116;14,1;"FORTALEZA";"Falta de Atenção do Pedestre";"Atropelamento de Pedestre";"Com Vítimas Feridas";"Plena Noite";"Decrescente";"Nublado";"Dupla";"Reta";"Não";2;0;1;0;1;0;1;2;-3,86973356;-38,49827361;"SPRF-CE";"DEL01-CE";"UOP02-DEL01-CE"
268671;2020-01-05;"domingo";"14:30:00";"MG";40;459;"CAETANOPOLIS";"Falta de Atenção à Condução";"Colisão traseira";"Com Vítimas Feridas";"Pleno dia";"Crescente";"Nublado";"Dupla";"Reta";"Sim";3;0;1;1;1;0;2;2;-19,388919;-44,335457;"SPRF-MG";"DEL02-MG";"UOP01-DEL02-MG"
268672;2020-02-11;"terça-feira";"19:00:00";"SP";116;230,2;"SAO PAULO";"Não guardar distância de segurança";"Colisão traseira";"Com Vítimas Feridas";"Anoitecer";"Crescente";"Nublado";"Múltipla";"Reta";"Não";3;0;1;0;1;1;1;3;-23,52251783;-46,5855702;"SPRF-SP";"DEL01-SP";"UOP01-DEL01-SP"
268673;2020-02-11;"terça-feira";"19:00:00";"GO";158;272,3;"JATAI";"Falta de Atenção à Condução";"Colisão frontal";"Com Vítimas Feridas";"Plena Noite";"Crescente";"Nublado";"Simples";"Interseção de Vias";"Sim";2;0;1;0;1;0;1;2;-17,88152404;-51,73316687;"SPRF-GO";"DEL05-GO";"UOP01-DEL05-GO"
268674;2020-02-11;"terça-feira";"12:30:00";"SC";101;61;"ARAQUARI";"Velocidade Incompatível";"Saída de leito carroçável";"Com Vítimas Feridas";"Pleno dia";"Decrescente";"Chuva";"Dupla";"Curva";"Não";3;0;2;0;1;0;2;1;-26,45474174;-48,77699195;"SPRF-SC";"DEL03-SC";"UOP02-DEL03-SC"
268676;2020-02-11;"terça-feira";"18:00:00";"RO";364;342,5;"JI-PARANA";"Falta de Atenção à Condução";"Colisão transversal";"Com Vítimas Feridas";"Anoitecer";"Crescente";"Céu Claro";"Simples";"Reta";"Sim";2;0;2;0;0;0;2;2;-10,88381227;-61,93741416;"SPRF-RO";"DEL02-RO";"UOP01-DEL02-RO"
268677;2020-02-11;"terça-feira";"18:25:00";"MG";116;275,7;"TEOFILO OTONI";"Desobediência às normas de trânsito pelo condutor";"Colisão traseira";"Com Vítimas Feridas";"Plena Noite";"Decrescente";"Céu Claro";"Simples";"Reta";"Sim";2;0;2;0;0;0;2;2;-17,84235093;-41,51410418;"SPRF-MG";"DEL11-MG";"UOP01-DEL11-MG"
268678;2020-02-11;"terça-feira";"19:00:00";"PA";230;122;"MARABA";"Desobediência às normas de trânsito pelo condutor";"Colisão transversal";"Com Vítimas Feridas";"Anoitecer";"Decrescente";"Céu Claro";"Dupla";"Interseção de Vias";"Sim";2;0;1;0;1;0;1;2;-5,36137537;-49,12376139;"SPRF-PA";"DEL03-PA";"UOP01-DEL03-PA"
268679;2020-02-11;"terça-feira";"19:00:00";"CE";116;1;"FORTALEZA";"Desobediência às normas de trânsito pelo condutor";"Tombamento";"Com Vítimas Feridas";"Plena Noite";"Decrescente";"Céu Claro";"Múltipla";"Reta";"Sim";1;0;0;1;0;0;1;1;-3,76159894;-38,51900662;"SPRF-CE";"DEL01-CE";"UOP02-DEL01-CE"
268681;2020-02-11;"terça-feira";"18:15:00";"SC";470;134;"RIO DO SUL";"Falta de Atenção à Condução";"Colisão transversal";"Com Vítimas Feridas";"Anoitecer";"Decrescente";"Nublado";"Simples";"Reta";"Sim";2;0;1;0;1;0;1;2;-27,181854;-49,600128;"SPRF-SC";"DEL04-SC";"UOP02-DEL04-SC"
268682;2020-02-11;"terça-feira";"19:45:00";"PR";376;649;"TIJUCAS DO SUL";"Velocidade Incompatível";"Colisão com objeto estático";"Com Vítimas Feridas";"Plena Noite";"Crescente";"Garoa/Chuvisco";"Dupla";"Curva";"Não";1;0;1;0;0;0;1;1;-25,84592132;-49,09776415;"SPRF-PR";"DEL01-PR";"UOP04-DEL01-PR"
268683;2020-02-11;"terça-feira";"18:30:00";"SE";101;96;"SAO CRISTOVAO";"Desobediência às normas de trânsito pelo pedestre";"Atropelamento de Pedestre";"Com Vítimas Feridas";"Plena Noite";"Decrescente";"Céu Claro";"Dupla";"Reta";"Não";2;0;1;0;0;1;1;2;-10,91916477;-37,16977358;"SPRF-SE";"DEL02-SE";"UOP01-DEL02-SE"
268684;2020-02-11;"terça-feira";"19:10:00";"PA";163;1002;"SANTAREM";"Falta de Atenção à Condução";"Colisão transversal";"Com Vítimas Feridas";"Plena Noite";"Crescente";"Céu Claro";"Simples";"Rotatória";"Sim";2;0;1;0;1;0;1;2;-2,45567004;-54,72854541;"SPRF-PA";"DEL05-PA";"UOP01-DEL05-PA"
268686;2020-02-03;"segunda-feira";"05:50:00";"PB";101;84;"BAYEUX";"Não guardar distância de segurança";"Colisão traseira";"Sem Vítimas";"Pleno dia";"Crescente";"Sol";"Dupla";"Reta";"Sim";3;0;0;0;2;1;0;3;-7,13957906;-34,92312806;"SPRF-PB";"DEL01-PB";"UOP01-DEL01-PB"
268689;2020-02-11;"terça-feira";"18:40:00";"MA";316;550,8;"CAXIAS";"Desobediência às normas de trânsito pelo condutor";"Colisão transversal";"Com Vítimas Fatais";"Plena Noite";"Decrescente";"Céu Claro";"Simples";"Reta";"Sim";2;1;0;0;0;1;0;2;-4,88702533;-43,36548697;"SPRF-MA";"DEL03-MA";"UOP02-DEL03-MA"
268693;2020-02-11;"terça-feira";"19:35:00";"RJ";116;71;"TERESOPOLIS";"Falta de Atenção à Condução";"Colisão lateral";"Com Vítimas Feridas";"Plena Noite";"Decrescente";"Chuva";"Simples";"Reta";"Não";2;0;1;0;1;0;1;2;-22,327388;-42,93858185;"SPRF-RJ";"DEL05-RJ";"UOP01-DEL05-RJ"
268694;2020-02-11;"terça-feira";"19:55:00";"ES";101;143,5;"LINHARES";"Restrição de Visibilidade";"Saída de leito carroçável";"Com Vítimas Feridas";"Plena Noite";"Decrescente";"Chuva";"Dupla";"Reta";"Sim";1;0;1;0;0;0;1;1;-19,34286596;-40,0638568;"SPRF-ES";"DEL04-ES";"UOP01-DEL04-ES"
268696;2020-02-11;"terça-feira";"20:50:00";"PR";376;2,1;"MANDAGUARI";"Desobediência às normas de trânsito pelo condutor";"Colisão transversal";"Com Vítimas Feridas";"Plena Noite";"Decrescente";"Céu Claro";"Simples";"Reta";"Sim";3;0;1;1;1;0;2;2;-23,514183;-51,700004;"SPRF-PR";"DEL09-PR";"UOP01-DEL09-PR"
268700;2020-02-11;"terça-feira";"20:20:00";"ES";101;269,9;"SERRA";"Falta de Atenção à Condução";"Colisão com objeto estático";"Com Vítimas Feridas";"Plena Noite";"Crescente";"Chuva";"Múltipla";"Reta";"Sim";1;0;1;0;0;0;1;1;-20,21740496;-40,26990578;"SPRF-ES";"DEL02-ES";"UOP01-DEL02-ES"
268702;2020-02-11;"terça-feira";"20:40:00";"SP";116;145,8;"SAO JOSE DOS CAMPOS";"Falta de Atenção à Condução";"Colisão com objeto estático";"Com Vítimas Feridas";"Plena Noite";"Decrescente";"Nublado";"Múltipla";"Aclive";"Sim";3;0;0;1;2;0;1;3;-23,1869844;-45,8548078;"SPRF-SP";"DEL02-SP";"UOP01-DEL02-SP"
268703;2020-02-11;"terça-feira";"20:40:00";"PR";153;42;"SANTO ANTONIO DA PLATINA";"Desobediência às normas de trânsito pelo condutor";"Colisão transversal";"Com Vítimas Feridas";"Plena Noite";"Decrescente";"Nublado";"Simples";"Interseção de Vias";"Sim";3;0;1;1;1;0;2;2;-23,29512144;-50,06578041;"SPRF-PR";"DEL07-PR";"UOP04-DEL07-PR"
268705;2020-02-11;"terça-feira";"11:00:00";"MG";116;468,1;"TARUMIRIM";"Avarias e/ou desgaste excessivo no pneu";"Saída de leito carroçável";"Com Vítimas Feridas";"Pleno dia";"Crescente";"Nublado";"Simples";"Curva";"Não";1;0;0;1;0;0;1;1;-19,30162475;-42,07997246;"SPRF-MG";"DEL06-MG";"UOP02-DEL06-MG"
268706;2020-02-11;"terça-feira";"19:50:00";"SC";470;279;"BRUNOPOLIS";"Ingestão de Álcool";"Tombamento";"Com Vítimas Feridas";"Plena Noite";"Crescente";"Céu Claro";"Simples";"Reta";"Não";3;0;2;0;1;0;2;1;-27,334526;-50,852642;"SPRF-SC";"DEL07-SC";"UOP06-DEL07-SC"
268707;2020-02-11;"terça-feira";"21:55:00";"RS";116;257,8;"ESTEIO";"Falta de Atenção à Condução";"Colisão transversal";"Com Vítimas Feridas";"Plena Noite";"Crescente";"Céu Claro";"Dupla";"Reta";"Sim";2;0;1;0;1;0;1;2;-29,85555469;-51,18079558;"SPRF-RS";"DEL01-RS";"UOP02-DEL01-RS"
268708;2020-02-11;"terça-feira";"22:00:00";"PA";230;114;"MARABA";"Não guardar distância de segurança";"Colisão traseira";"Sem Vítimas";"Plena Noite";"Crescente";"Garoa/Chuvisco";"Simples";"Rotatória";"Sim";2;0;0;0;2;0;0;2;-5,36179009;-49,07868654;"SPRF-PA";"DEL03-PA";"UOP01-DEL03-PA"
268709;2020-02-11;"terça-feira";"18:20:00";"SC";470;129,9;"LONTRAS";"Falta de Atenção à Condução";"Colisão transversal";"Com Vítimas Feridas";"Pleno dia";"Decrescente";"Nublado";"Simples";"Reta";"Sim";2;0;0;1;1;0;1;2;-27,16039518;-49,55649376;"SPRF-SC";"DEL04-SC";"UOP02-DEL04-SC"
268710;2020-01-10;"sexta-feira";"19:30:00";"MG";381;155;"GOVERNADOR VALADARES";"Falta de Atenção à Condução";"Atropelamento de Pedestre";"Com Vítimas Feridas";"Plena Noite";"Crescente";"Ignorado";"Simples";"Reta";"Não";2;0;1;1;0;0;2;2;-18,859829;-41,985334;"SPRF-MG";"DEL06-MG";"UOP01-DEL06-MG"
268711;2020-02-11;"terça-feira";"22:10:00";"MG";381;440,8;"SABARA";"Pista Escorregadia";"Capotamento";"Com Vítimas Feridas";"Plena Noite";"Crescente";"Chuva";"Simples";"Curva;Aclive";"Não";2;0;2;0;0;0;2;1;-19,81604176;-43,80389901;"SPRF-MG";"DEL01-MG";"UOP01-DEL01-MG"
268713;2020-02-11;"terça-feira";"17:10:00";"SC";282;495,2;"XANXERE";"Falta de Atenção à Condução";"Colisão transversal";"Com Vítimas Feridas";"Pleno dia";"Crescente";"Sol";"Simples";"Reta";"Não";2;0;0;1;1;0;1;2;-26,875349;-52,327076;"SPRF-SC";"DEL07-SC";"UOP01-DEL07-SC"
268714;2020-02-11;"terça-feira";"19:50:00";"PR";376;298;"MAUA DA SERRA";"Desobediência às normas de trânsito pelo condutor";"Queda de ocupante de veículo";"Com Vítimas Feridas";"Plena Noite";"Crescente";"Céu Claro";"Dupla";"Reta";"Não";1;0;1;0;0;0;1;1;-23,93672399;-51,14431015;"SPRF-PR";"DEL07-PR";"UOP02-DEL07-PR"
268715;2020-02-11;"terça-feira";"23:25:00";"MG";381;512,3;"IGARAPE";"Defeito Mecânico no Veículo";"Colisão frontal";"Com Vítimas Feridas";"Plena Noite";"Decrescente";"Chuva";"Múltipla";"Reta;Declive";"Sim";3;0;2;0;1;0;2;2;-20,07091686;-44,29908514;"SPRF-MG";"DEL01-MG";"UOP03-DEL01-MG"
268716;2020-02-11;"terça-feira";"23:30:00";"MG";381;509,9;"IGARAPE";"Desobediência às normas de trânsito pelo pedestre";"Atropelamento de Pedestre";"Com Vítimas Fatais";"Plena Noite";"Decrescente";"Chuva";"Múltipla";"Reta";"Sim";2;1;0;0;0;1;0;2;-20,05368381;-44,28304553;"SPRF-MG";"DEL01-MG";"UOP03-DEL01-MG"
268717;2020-02-12;"quarta-feira";"00:05:00";"SP";116;228;"SAO PAULO";"Falta de Atenção à Condução";"Colisão lateral";"Com Vítimas Feridas";"Plena Noite";"Decrescente";"Nublado";"Múltipla";"Reta";"Não";4;0;1;0;2;1;1;3;-23,50343484;-46,56638712;"SPRF-SP";"DEL01-SP";"UOP01-DEL01-SP"
268720;2020-02-11;"terça-feira";"22:40:00";"PE";423;143;"IATI";"Animais na Pista";"Atropelamento de Animal";"Com Vítimas Feridas";"Plena Noite";"Crescente";"Céu Claro";"Simples";"Reta";"Não";1;0;1;0;0;0;1;1;-8,99930627;-36,85266279;"SPRF-PE";"DEL03-PE";"UOP01-DEL03-PE"
268721;2020-02-11;"terça-feira";"17:30:00";"RO";435;122;"CEREJEIRAS";"Falta de Atenção à Condução";"Colisão transversal";"Com Vítimas Feridas";"Anoitecer";"Decrescente";"Nublado";"Dupla";"Reta";"Sim";3;0;1;0;1;1;1;3;-13,18775891;-60,79986605;"SPRF-RO";"DEL04-RO";"UOP02-DEL04-RO"
268725;2020-02-12;"quarta-feira";"00:10:00";"SC";101;394;"MARACAJA";"Ingestão de Álcool";"Saída de leito carroçável";"Com Vítimas Feridas";"Plena Noite";"Decrescente";"Nublado";"Dupla";"Reta";"Não";1;0;1;0;0;0;1;1;-28,81326275;-49,38911611;"SPRF-SC";"DEL02-SC";"UOP02-DEL02-SC"
268727;2020-02-12;"quarta-feira";"02:10:00";"RS";470;220;"BENTO GONCALVES";"Ultrapassagem Indevida";"Colisão lateral";"Com Vítimas Feridas";"Plena Noite";"Decrescente";"Céu Claro";"Simples";"Declive";"Sim";2;0;1;0;0;1;1;2;-29,19825038;-51,5185833;"SPRF-RS";"DEL06-RS";"UOP01-DEL06-RS"
268730;2020-02-12;"quarta-feira";"03:10:00";"SC";101;142;"ITAPEMA";"Velocidade Incompatível";"Colisão com objeto estático";"Sem Vítimas";"Plena Noite";"Crescente";"Nublado";"Dupla";"Curva";"Não";1;0;0;0;0;1;0;1;-27,056089;-48,599449;"SPRF-SC";"DEL04-SC";"UOP03-DEL04-SC"
268733;2020-02-12;"quarta-feira";"03:00:00";"RS";0;0;"PELOTAS";"Defeito na Via";"Colisão com objeto estático";"Sem Vítimas";"Plena Noite";"Não Informado";"Chuva";"Simples";"Curva";"Não";2;0;0;0;2;0;0;1;-31,46760959;-52,30815053;"SPRF-RS";"DEL07-RS";"N/A"
268737;2020-02-12;"quarta-feira";"05:30:00";"AL";101;14,4;"NOVO LINO";"Falta de Atenção à Condução";"Colisão com objeto estático";"Com Vítimas Feridas";"Amanhecer";"Decrescente";"Nublado";"Dupla";"Curva";"Não";6;0;5;1;0;0;6;1;-8,98160808;-35,67369277;"SPRF-AL";"DEL01-AL";"UOP02-DEL01-AL"
268738;2020-02-12;"quarta-feira";"05:30:00";"SP";116;283;"EMBU DAS ARTES";"Defeito na Via";"Tombamento";"Com Vítimas Feridas";"Amanhecer";"Decrescente";"Chuva";"Dupla";"Reta";"Sim";2;0;0;1;1;0;1;2;-23,67040457;-46,85598319;"SPRF-SP";"DEL04-SP";"UOP01-DEL04-SP"
268739;2020-02-12;"quarta-feira";"06:00:00";"MG";381;421,2;"NOVA UNIAO";"Condutor Dormindo";"Colisão com objeto estático";"Com Vítimas Feridas";"Amanhecer";"Crescente";"Chuva";"Simples";"Reta;Declive";"Não";5;0;0;4;0;1;4;2;-19,74497405;-43,61632347;"SPRF-MG";"DEL01-MG";"UOP01-DEL01-MG"
268741;2020-02-12;"quarta-feira";"03:30:00";"MG";356;275,1;"EUGENOPOLIS";"Ingestão de Álcool";"Colisão frontal";"Com Vítimas Feridas";"Plena Noite";"Crescente";"Chuva";"Simples";"Reta";"Não";4;0;0;3;0;1;3;2;-21,12733123;-42,28674468;"SPRF-MG";"DEL07-MG";"UOP02-DEL07-MG"
268742;2020-02-11;"terça-feira";"23:15:00";"RS";470;187;"VERANOPOLIS";"Ingestão de Álcool";"Saída de leito carroçável";"Sem Vítimas";"Plena Noite";"Crescente";"Céu Claro";"Simples";"Declive;Curva";"Não";2;0;0;0;2;0;0;1;-29,00603857;-51,55574799;"SPRF-RS";"DEL06-RS";"UOP02-DEL06-RS"
268743;2020-02-12;"quarta-feira";"06:00:00";"SP";116;270;"TABOAO DA SERRA";"Falta de Atenção à Condução";"Colisão lateral";"Com Vítimas Feridas";"Pleno dia";"Decrescente";"Garoa/Chuvisco";"Dupla";"Reta";"Sim";2;0;1;0;1;0;1;2;-23,61799728;-46,79677694;"SPRF-SP";"DEL04-SP";"UOP01-DEL04-SP"
268744;2020-02-12;"quarta-feira";"06:30:00";"GO";50;105;"CRISTALINA";"Condutor Dormindo";"Saída de leito carroçável";"Com Vítimas Feridas";"Amanhecer";"Decrescente";"Nublado";"Dupla";"Reta";"Não";2;0;1;0;1;0;1;1;-16,9309;-47,7117;"SPRF-DF";"DEL01-DF";"UOP02-DEL01-DF"
268745;2020-02-12;"quarta-feira";"07:00:00";"PR";376;600;"CURITIBA";"Falta de Atenção à Condução";"Colisão traseira";"Com Vítimas Feridas";"Pleno dia";"Crescente";"Nublado";"Múltipla";"Reta";"Sim";3;0;2;0;1;0;2;2;-25,53195602;-49,32205901;"SPRF-PR";"DEL01-PR";"UOP06-DEL01-PR"
268746;2020-02-12;"quarta-feira";"07:00:00";"DF";70;11,1;"BRASILIA";"Falta de Atenção à Condução";"Colisão traseira";"Com Vítimas Feridas";"Pleno dia";"Decrescente";"Céu Claro";"Dupla";"Reta";"Não";2;0;1;0;1;0;1;2;-15,789762;-48,148727;"SPRF-DF";"DEL03-DF";"UOP02-DEL03-DF"
268747;2020-02-11;"terça-feira";"22:30:00";"MG";262;445;"NOVA SERRANA";"Ingestão de Álcool";"Colisão com objeto estático";"Com Vítimas Feridas";"Plena Noite";"Decrescente";"Chuva";"Dupla";"Reta";"Sim";1;0;1;0;0;0;1;1;-19,87799664;-44,94086286;"SPRF-MG";"DEL08-MG";"UOP03-DEL08-MG"
268749;2020-02-12;"quarta-feira";"07:40:00";"DF";70;16;"BRASILIA";"Não guardar distância de segurança";"Colisão traseira";"Com Vítimas Feridas";"Pleno dia";"Decrescente";"Céu Claro";"Dupla";"Reta";"Não";2;0;1;0;1;0;1;2;-15,796144;-48,194225;"SPRF-DF";"DEL01-DF";"UOP02-DEL03-DF"
268750;2020-02-12;"quarta-feira";"07:55:00";"RS";158;335;"SANTA MARIA";"Falta de Atenção à Condução";"Colisão traseira";"Com Vítimas Feridas";"Pleno dia";"Crescente";"Céu Claro";"Simples";"Reta";"Sim";2;0;1;0;1;0;1;2;-29,70851535;-53,88442286;"SPRF-RS";"DEL09-RS";"UOP01-DEL09-RS"
268753;2020-02-12;"quarta-feira";"08:00:00";"SC";282;17,4;"PALHOCA";"Falta de Atenção à Condução";"Colisão transversal";"Com Vítimas Feridas";"Pleno dia";"Crescente";"Nublado";"Simples";"Interseção de Vias";"Sim";2;0;1;0;1;0;1;2;-27,665707;-48,688065;"SPRF-SC";"DEL01-SC";"UOP02-DEL01-SC"
268754;2020-02-12;"quarta-feira";"08:30:00";"SC";280;33,2;"ARAQUARI";"Desobediência às normas de trânsito pelo condutor";"Colisão transversal";"Com Vítimas Feridas";"Pleno dia";"Crescente";"Sol";"Simples";"Reta";"Sim";2;0;1;0;1;0;1;2;-26,42576441;-48,78741376;"SPRF-SC";"DEL03-SC";"UOP03-DEL03-SC"
268756;2020-02-12;"quarta-feira";"08:00:00";"RN";101;72,9;"EXTREMOZ";"Falta de Atenção à Condução";"Colisão lateral";"Com Vítimas Feridas";"Pleno dia";"Decrescente";"Céu Claro";"Simples";"Interseção de Vias";"Não";2;0;0;1;1;0;1;2;-5,69866248;-35,26316835;"SPRF-RN";"DEL02-RN";"UOP01-DEL02-RN"
268757;2020-02-12;"quarta-feira";"08:00:00";"CE";20;395;"CAUCAIA";"Ultrapassagem Indevida";"Colisão traseira";"Com Vítimas Feridas";"Pleno dia";"Crescente";"Céu Claro";"Simples";"Reta";"Não";5;0;3;0;2;0;3;2;-3,82645524;-38,7511478;"SPRF-CE";"DEL01-CE";"UOP01-DEL01-CE"
268758;2020-02-12;"quarta-feira";"07:30:00";"MG";50;71,5;"UBERLANDIA";"Falta de Atenção à Condução";"Capotamento";"Com Vítimas Feridas";"Amanhecer";"Crescente";"Chuva";"Dupla";"Reta";"Sim";3;0;2;0;1;0;2;2;-18,85140204;-48,25345932;"SPRF-MG";"DEL15-MG";"UOP01-DEL15-MG"