"id";"data_inversa";"dia_semana";"horario";"uf";"br";"km";"municipio";"causa_acidente";"tipo_acidente";"classificacao_acidente";"fase_dia";"sentido_via";"condicao_metereologica";"tipo_pista";"tracado_via";"uso_solo";"pessoas";"mortos";"feridos_leves";"feridos_graves";"ilesos";"ignorados";"feridos";"veiculos";"latitude";"longitude";"regional";"delegacia";"uop"
268763;2020-02-12;"quarta-feira";"09:00:00";"PE";101;18;"GOIANA";"Defeito na Via";"Saída de leito carroçável";"Com Vítimas Feridas";"Pleno dia";"Crescente";"Chuva";"Simples";"Curva";"Sim";2;0;2;0;0;0;2;1;-7,62621106;-34,96669711;"SPRF-PE";"DEL01-PE";"UOP02-DEL01-PE"
268764;2020-02-12;"quarta-feira";"09:05:00";"SP";116;145,4;"SAO JOSE DOS CAMPOS";"Falta de Atenção à Condução";"Colisão lateral";"Com Vítimas Feridas";"Pleno dia";"Crescente";"Nublado";"Simples";"Declive";"Sim";2;0;1;0;1;0;1;2;-23,1869844;-45,8548078;"SPRF-SP";"DEL02-SP";"UOP01-DEL02-SP"
268765;2020-02-12;"quarta-feira";"09:10:00";"DF";70;12;"BRASILIA";"Velocidade Incompatível";"Colisão lateral";"Com Vítimas Feridas";"Pleno dia";"Decrescente";"Céu Claro";"Dupla";"Reta";"Sim";2;0;1;0;1;0;1;2;-15,792243;-48,158543;"SPRF-DF";"DEL03-DF";"UOP02-DEL03-DF"
268766;2020-02-12;"quarta-feira";"08:45:00";"DF";70;19;"BRASILIA";"Falta de Atenção à Condução";"Queda de ocupante de veículo";"Com Vítimas Feridas";"Pleno dia";"Decrescente";"Céu Claro";"Dupla";"Reta";"Sim";1;0;1;0;0;0;1;1;-15,788868;-48,220242;"SPRF-DF";"DEL03-DF";"UOP02-DEL03-DF"
268767;2020-02-12;"quarta-feira";"07:10:00";"MG";40;257;"SAO GONCALO DO ABAETE";"Pista Escorregadia";"Saída de leito carroçável";"Com Vítimas Feridas";"Pleno dia";"Crescente";"Chuva";"Simples";"Reta";"Não";3;0;3;0;0;0;3;1;-18,13557504;-45,38218;"SPRF-MG";"DEL14-MG";"UOP02-DEL14-MG"
268769;2020-02-12;"quarta-feira";"09:20:00";"RJ";40;91,7;"PETROPOLIS";"Velocidade Incompatível";"Colisão com objeto estático";"Com Vítimas Feridas";"Pleno dia";"Crescente";"Chuva";"Simples";"Curva;Declive";"Não";1;0;1;0;0;0;1;1;-22,54903566;-43,24229724;"SPRF-RJ";"DEL06-RJ";"UOP01-DEL06-RJ"
268772;2020-02-12;"quarta-feira";"08:35:00";"SC";470;36;"GASPAR";"Ingestão de álcool e/ou substâncias psicoativas pelo pedestre";"Colisão com objeto estático";"Com Vítimas Feridas";"Pleno dia";"Crescente";"Céu Claro";"Simples";"Reta;Em Obras";"Sim";1;0;1;0;0;0;1;1;-26,914196;-48,968948;"SPRF-SC";"DEL04-SC";"UOP01-DEL04-SC"
268774;2020-02-12;"quarta-feira";"07:20:00";"MT";70;280,8;"PRIMAVERA DO LESTE";"Falta de Atenção à Condução";"Colisão lateral";"Com Vítimas Feridas";"Pleno dia";"Decrescente";"Céu Claro";"Simples";"Reta";"Sim";2;0;1;0;1;0;1;2;-15,56642785;-54,30399299;"SPRF-MT";"DEL05-MT";"UOP01-DEL05-MT"
268775;2020-02-12;"quarta-feira";"09:10:00";"GO";60;89,1;"ANAPOLIS";"Mal Súbito";"Saída de leito carroçável";"Com Vítimas Feridas";"Pleno dia";"Decrescente";"Céu Claro";"Dupla";"Reta";"Sim";1;0;1;0;0;0;1;1;-16,33996957;-48,89898777;"SPRF-GO";"DEL02-GO";"UOP01-DEL02-GO"
268776;2020-02-12;"quarta-feira";"09:00:00";"DF";70;9,5;"BRASILIA";"Agressão Externa";"Tombamento";"Com Vítimas Feridas";"Pleno dia";"Crescente";"Nublado";"Dupla";"Reta";"Sim";1;0;1;0;0;0;1;1;-15,784615;-48,132023;"SPRF-DF";"DEL03-DF";"UOP02-DEL03-DF"
268779;2020-02-12;"quarta-feira";"10:00:00";"TO";153;639;"ALIANCA DO TOCANTINS";"Falta de Atenção à Condução";"Saída de leito carroçável";"Com Vítimas Feridas";"Pleno dia";"Decrescente";"Chuva";"Simples";"Reta";"Não";1;0;0;1;0;0;1;1;-11,43902388;-48,98828436;"SPRF-TO";"DEL02-TO";"UOP02-DEL01-TO"
268780;2020-02-12;"quarta-feira";"10:25:00";"PE";101;71;"RECIFE";"Falta de Atenção à Condução";"Colisão traseira";"Sem Vítimas";"Pleno dia";"Crescente";"Céu Claro";"Dupla";"Reta";"Sim";5;0;0;0;5;0;0;5;-8,07663102;-34,94277871;"SPRF-PE";"DEL01-PE";"UOP01-DEL01-PE"
268781;2020-02-12;"quarta-feira";"08:20:00";"MG";116;413,5;"GOVERNADOR VALADARES";"Desobediência às normas de trânsito pelo condutor";"Colisão transversal";"Com Vítimas Feridas";"Pleno dia";"Decrescente";"Nublado";"Simples";"Interseção de Vias";"Não";2;0;1;0;1;0;1;2;-18,873907;-41,966366;"SPRF-MG";"DEL06-MG";"UOP01-DEL06-MG"
268784;2020-02-12;"quarta-feira";"10:35:00";"SC";470;126,1;"LONTRAS";"Desobediência às normas de trânsito pelo condutor";"Colisão traseira";"Com Vítimas Feridas";"Pleno dia";"Crescente";"Sol";"Simples";"Curva";"Não";2;0;1;0;1;0;1;2;-27,129;-49,538277;"SPRF-SC";"DEL04-SC";"UOP02-DEL04-SC"
268786;2020-02-12;"quarta-feira";"10:50:00";"SC";470;54,6;"BLUMENAU";"Ultrapassagem Indevida";"Atropelamento de Pedestre";"Com Vítimas Feridas";"Pleno dia";"Crescente";"Sol";"Simples";"Interseção de Vias";"Sim";2;0;1;0;1;0;1;2;-26,871065;-49,110374;"SPRF-SC";"DEL04-SC";"UOP01-DEL04-SC"
268788;2020-02-12;"quarta-feira";"10:20:00";"RS";386;348;"LAJEADO";"Falta de Atenção à Condução";"Colisão traseira";"Com Vítimas Feridas";"Pleno dia";"Decrescente";"Sol";"Dupla";"Reta";"Não";4;0;4;0;0;0;4;2;-29,456644;-51,957329;"SPRF-RS";"DEL04-RS";"UOP02-DEL04-RS"
268791;2020-02-12;"quarta-feira";"10:30:00";"PI";316;6,8;"TERESINA";"Desobediência às normas de trânsito pelo condutor";"Colisão lateral";"Com Vítimas Feridas";"Pleno dia";"Crescente";"Sol";"Simples";"Reta";"Não";2;0;0;1;1;0;1;2;-5,14702095;-42,77438982;"SPRF-PI";"DEL01-PI";"UOP02-DEL01-PI"
268792;2020-02-12;"quarta-feira";"10:30:00";"RJ";116;99;"GUAPIMIRIM";"Falta de Atenção à Condução";"Saída de leito carroçável";"Sem Vítimas";"Pleno dia";"Decrescente";"Garoa/Chuvisco";"Simples";"Curva";"Não";1;0;0;0;1;0;0;1;-22,48851488;-42,99935184;"SPRF-RJ";"DEL04-RJ";"UOP02-DEL04-RJ"
268793;2020-02-12;"quarta-feira";"11:30:00";"SE";101;131,2;"ESTANCIA";"Condutor Dormindo";"Colisão com objeto estático";"Com Vítimas Feridas";"Pleno dia";"Decrescente";"Sol";"Dupla";"Aclive";"Não";2;0;1;0;1;0;1;1;-11,10656185;-37,3730874;"SPRF-SE";"DEL02-SE";"UOP01-DEL02-SE"
268795;2020-02-12;"quarta-feira";"11:15:00";"PR";277;82;"CURITIBA";"Falta de Atenção à Condução";"Colisão transversal";"Com Vítimas Feridas";"Pleno dia";"Crescente";"Nublado";"Dupla";"Reta";"Sim";2;0;1;0;1;0;1;2;-25,45275995;-49,22622096;"SPRF-PR";"DEL01-PR";"UOP06-DEL01-PR"
268796;2020-02-12;"quarta-feira";"11:40:00";"SP";116;210,6;"GUARULHOS";"Não guardar distância de segurança";"Colisão traseira";"Com Vítimas Feridas";"Pleno dia";"Decrescente";"Céu Claro";"Simples";"Reta";"Não";2;0;1;0;1;0;1;2;-23,42870023;-46,41085991;"SPRF-SP";"DEL01-SP";"UOP01-DEL01-SP"
268797;2020-02-12;"quarta-feira";"11:20:00";"ES";101;257;"SERRA";"Desobediência às normas de trânsito pelo condutor";"Colisão traseira";"Com Vítimas Feridas";"Pleno dia";"Decrescente";"Sol";"Dupla";"Reta";"Sim";4;0;0;1;1;2;1;3;-20,12455095;-40,30331881;"SPRF-ES";"DEL02-ES";"UOP01-DEL02-ES"
268799;2020-02-08;"sábado";"09:30:00";"PR";476;285,8;"SAO MATEUS DO SUL";"Falta de Atenção à Condução";"Colisão transversal";"Com Vítimas Feridas";"Pleno dia";"Crescente";"Céu Claro";"Simples";"Reta";"Não";2;0;1;0;1;0;1;2;-25,907349;-50,444057;"SPRF-PR";"DEL02-PR";"UOP04-DEL02-PR"
268801;2020-02-12;"quarta-feira";"12:20:00";"CE";116;15;"FORTALEZA";"Defeito Mecânico no Veículo";"Tombamento";"Com Vítimas Feridas";"Pleno dia";"Crescente";"Sol";"Dupla";"Reta";"Sim";2;0;1;0;1;0;1;1;-3,87839882;-38,50066893;"SPRF-CE";"DEL01-CE";"UOP02-DEL01-CE"
268803;2020-02-12;"quarta-feira";"11:30:00";"TO";153;559,8;"FATIMA";"Falta de Atenção à Condução";"Colisão traseira";"Com Vítimas Feridas";"Pleno dia";"Crescente";"Céu Claro";"Dupla";"Reta";"Sim";4;0;1;0;3;0;1;2;-10,75613604;-48,90225291;"SPRF-TO";"DEL02-TO";"UOP01-DEL01-TO"
268806;2020-02-02;"domingo";"19:25:00";"MT";70;287;"PRIMAVERA DO LESTE";"Ultrapassagem Indevida";"Colisão lateral";"Sem Vítimas";"Plena Noite";"Decrescente";"Céu Claro";"Simples";"Reta";"Não";5;0;0;0;5;0;0;5;-15,57610121;-54,35866899;"SPRF-MT";"DEL05-MT";"UOP01-DEL05-MT"
268808;2020-02-12;"quarta-feira";"12:10:00";"PA";230;120,6;"MARABA";"Não guardar distância de segurança";"Engavetamento";"Com Vítimas Feridas";"Pleno dia";"Crescente";"Céu Claro";"Dupla";"Reta";"Sim";4;0;2;0;2;0;2;4;-5,36364784;-49,12473321;"SPRF-PA";"DEL03-PA";"UOP01-DEL03-PA"
268810;2020-02-12;"quarta-feira";"10:15:00";"MG";365;608;"UBERLANDIA";"Pista Escorregadia";"Tombamento";"Com Vítimas Feridas";"Pleno dia";"Decrescente";"Nublado";"Dupla";"Viaduto";"Sim";2;0;1;0;1;0;1;1;-18,92793854;-48,19198317;"SPRF-MG";"DEL15-MG";"UOP01-DEL15-MG"
268813;2020-02-12;"quarta-feira";"13:00:00";"BA";101;878;"TEIXEIRA DE FREITAS";"Falta de Atenção à Condução";"Tombamento";"Com Vítimas Feridas";"Pleno dia";"Crescente";"Sol";"Simples";"Reta";"Sim";3;0;0;1;1;1;1;3;-17,55019248;-39,72105835;"SPRF-BA";"DEL09-BA";"UOP02-DEL09-BA"
268816;2020-02-02;"domingo";"09:30:00";"AM";174;900;"MANAUS";"Desobediência às normas de trânsito pelo condutor";"Colisão com objeto estático";"Com Vítimas Feridas";"Pleno dia";"Crescente";"Céu Claro";"Simples";"Reta";"Não";2;0;1;0;1;0;1;2;-2,83486603;-60,03363028;"SPRF-AM";"DEL01-AM";"UOP01-DEL01-AM"
268818;2020-02-12;"quarta-feira";"05:20:00";"MG";116;767,6;"LEOPOLDINA";"Restrição de Visibilidade";"Tombamento";"Com Vítimas Feridas";"Plena Noite";"Decrescente";"Chuva";"Simples";"Reta";"Sim";1;0;1;0;0;0;1;1;-21,5356551;-42,65610863;"SPRF-MG";"DEL07-MG";"UOP01-DEL07-MG"
268819;2020-02-12;"quarta-feira";"14:25:00";"PE";101;68,2;"RECIFE";"Velocidade Incompatível";"Colisão traseira";"Sem Vítimas";"Pleno dia";"Decrescente";"Céu Claro";"Dupla";"Aclive";"Sim";5;0;0;0;5;0;0;2;-8,05074296;-34,94580619;"SPRF-PE";"DEL01-PE";"UOP01-DEL01-PE"
268820;2020-02-12;"quarta-feira";"14:00:00";"AP";210;104;"PORTO GRANDE";"Falta de Atenção à Condução";"Tombamento";"Com Vítimas Feridas";"Pleno dia";"Crescente";"Céu Claro";"Simples";"Reta";"Sim";1;0;1;0;0;0;1;1;0,6985633;-51,39692189;"SPRF-AP";"DEL01-AP";"UOP01-DEL01-AP"
268821;2020-02-12;"quarta-feira";"14:20:00";"RJ";101;281;"ITABORAI";"Falta de Atenção à Condução";"Capotamento";"Com Vítimas Feridas";"Pleno dia";"Crescente";"Chuva";"Dupla";"Reta";"Sim";2;0;2;0;0;0;2;1;-22,73786208;-42,78692501;"SPRF-RJ";"DEL02-RJ";"UOP03-DEL02-RJ"
268822;2020-02-12;"quarta-feira";"14:30:00";"RJ";116;235,1;"PIRAI";"Pista Escorregadia";"Colisão traseira";"Com Vítimas Feridas";"Pleno dia";"Crescente";"Chuva";"Dupla";"Reta";"Não";2;0;1;0;1;0;1;2;-22,66934677;-43,85528603;"SPRF-RJ";"DEL07-RJ";"UOP01-DEL07-RJ"
268824;2020-02-12;"quarta-feira";"12:00:00";"RN";405;99,2;"ITAU";"Defeito na Via";"Saída de leito carroçável";"Sem Vítimas";"Pleno dia";"Decrescente";"Sol";"Simples";"Declive";"Não";1;0;0;0;1;0;0;1;-5,79;-37,918;"SPRF-RN";"DEL04-RN";"UOP02-DEL04-RN"
268835;2020-02-12;"quarta-feira";"12:00:00";"RS";392;241;"CACAPAVA DO SUL";"Velocidade Incompatível";"Tombamento";"Com Vítimas Feridas";"Pleno dia";"Decrescente";"Céu Claro";"Simples";"Curva";"Não";1;0;1;0;0;0;1;1;-30,60476407;-53,36821527;"SPRF-RS";"DEL09-RS";"UOP02-DEL09-RS"
268836;2020-02-12;"quarta-feira";"14:00:00";"RO";319;62;"PORTO VELHO";"Desobediência às normas de trânsito pelo condutor";"Colisão transversal";"Com Vítimas Feridas";"Pleno dia";"Decrescente";"Nublado";"Múltipla";"Interseção de Vias";"Sim";2;0;1;0;1;0;1;2;-8,766685;-63,884052;"SPRF-RO";"DEL01-RO";"UOP01-DEL01-RO"
268837;2020-02-12;"quarta-feira";"14:55:00";"MG";381;924,6;"CAMANDUCAIA";"Avarias e/ou desgaste excessivo no pneu";"Colisão com objeto estático";"Com Vítimas Feridas";"Pleno dia";"Crescente";"Chuva";"Dupla";"Curva";"Não";1;0;1;0;0;0;1;1;-22,76994863;-46,19406085;"SPRF-MG";"DEL16-MG";"UOP03-DEL16-MG"
268838;2020-02-07;"sexta-feira";"06:30:00";"SC";282;37,5;"AGUAS MORNAS";"Velocidade Incompatível";"Saída de leito carroçável";"Sem Vítimas";"Pleno dia";"Crescente";"Chuva";"Simples";"Reta";"Não";1;0;0;0;1;0;0;1;-27,70845501;-48,84753227;"SPRF-SC";"DEL01-SC";"UOP03-DEL01-SC"
268839;2020-02-12;"quarta-feira";"15:30:00";"DF";80;20,1;"BRASILIA";"Falta de Atenção à Condução";"Colisão traseira";"Com Vítimas Feridas";"Pleno dia";"Decrescente";"Nublado";"Dupla";"Reta";"Sim";3;0;1;0;2;0;1;2;-15,664035;-48,20372;"SPRF-DF";"DEL03-DF";"UOP02-DEL03-DF"
268840;2020-02-12;"quarta-feira";"11:40:00";"MG";116;135;"PONTO DOS VOLANTES";"Falta de Atenção à Condução";"Colisão transversal";"Com Vítimas Feridas";"Pleno dia";"Decrescente";"Céu Claro";"Simples";"Reta";"Não";2;0;0;1;1;0;1;2;-16,731626;-41,50644479;"SPRF-MG";"DEL11-MG";"UOP02-DEL11-MG"
268841;2020-02-12;"quarta-feira";"15:00:00";"SC";282;44,9;"AGUAS MORNAS";"Não guardar distância de segurança";"Colisão traseira";"Sem Vítimas";"Pleno dia";"Crescente";"Nublado";"Simples";"Curva";"Não";2;0;0;0;2;0;0;2;-27,722137;-48,90694;"SPRF-SC";"DEL01-SC";"UOP03-DEL01-SC"
268844;2020-02-12;"quarta-feira";"12:50:00";"MG";262;759,9;"SACRAMENTO";"Condutor Dormindo";"Saída de leito carroçável";"Com Vítimas Feridas";"Pleno dia";"Decrescente";"Nublado";"Simples";"Reta";"Não";2;0;2;0;0;0;2;1;-19,66389282;-47,59210804;"SPRF-MG";"DEL13-MG";"UOP01-DEL13-MG"
268845;2020-02-12;"quarta-feira";"13:50:00";"MG";40;96;"LAGOA GRANDE";"Velocidade Incompatível";"Saída de leito carroçável";"Com Vítimas Feridas";"Pleno dia";"Crescente";"Céu Claro";"Simples";"Reta";"Não";2;0;2;0;0;0;2;1;-17,5368107;-46,53518372;"SPRF-MG";"DEL14-MG";"UOP01-DEL14-MG"
268850;2020-02-12;"quarta-feira";"15:30:00";"RJ";40;87;"PETROPOLIS";"Pista Escorregadia";"Colisão com objeto estático";"Sem Vítimas";"Pleno dia";"Decrescente";"Chuva";"Simples";"Curva";"Não";1;0;0;0;1;0;0;1;-22,54413793;-43,23287799;"SPRF-RJ";"DEL06-RJ";"UOP01-DEL06-RJ"
268851;2020-02-11;"terça-feira";"14:00:00";"MG";267;191,1;"BOM JARDIM DE MINAS";"Falta de Atenção à Condução";"Saída de leito carroçável";"Sem Vítimas";"Pleno dia";"Decrescente";"Chuva";"Simples";"Reta";"Não";1;0;0;0;1;0;0;1;-21,9218351;-44,02807679;"SPRF-MG";"DEL05-MG";"UOP01-DEL05-MG"
268852;2020-02-12;"quarta-feira";"16:00:00";"MG";381;367;"JOAO MONLEVADE";"Pista Escorregadia";"Colisão com objeto estático";"Com Vítimas Feridas";"Pleno dia";"Decrescente";"Garoa/Chuvisco";"Simples";"Curva";"Não";2;0;2;0;0;0;2;1;-19,8501338;-43,1507846;"SPRF-MG";"DEL03-MG";"UOP01-DEL03-MG"
268853;2020-02-12;"quarta-feira";"16:30:00";"MG";40;632,1;"CONSELHEIRO LAFAIETE";"Velocidade Incompatível";"Queda de ocupante de veículo";"Com Vítimas Feridas";"Pleno dia";"Decrescente";"Chuva";"Dupla";"Reta";"Não";1;0;1;0;0;0;1;1;-20,67348593;-43,7968977;"SPRF-MG";"DEL05-MG";"UOP02-DEL05-MG"
268855;2020-02-12;"quarta-feira";"15:45:00";"MG";116;526,6;"CARATINGA";"Desobediência às normas de trânsito pelo condutor";"Colisão transversal";"Com Vítimas Feridas";"Pleno dia";"Crescente";"Nublado";"Simples";"Curva";"Sim";2;0;1;0;1;0;1;2;-19,77654011;-42,13327989;"SPRF-MG";"DEL06-MG";"UOP02-DEL06-MG"
268856;2020-02-12;"quarta-feira";"16:00:00";"RO";364;710;"PORTO VELHO";"Falta de Atenção à Condução";"Colisão traseira";"Com Vítimas Feridas";"Pleno dia";"Crescente";"Nublado";"Dupla";"Reta";"Sim";2;0;1;0;0;1;1;2;-8,78621576;-63,85712687;"SPRF-RO";"DEL01-RO";"UOP01-DEL01-RO"
268857;2020-02-12;"quarta-feira";"17:23:00";"PR";277;585,8;"CASCAVEL";"Desobediência às normas de trânsito pelo condutor";"Colisão transversal";"Com Vítimas Feridas";"Pleno dia";"Crescente";"Chuva";"Simples";"Interseção de Vias;Reta";"Sim";2;0;1;0;1;0;1;2;-24,96400704;-53,41227401;"SPRF-PR";"DEL04-PR";"UOP01-DEL04-PR"
268859;2020-02-12;"quarta-feira";"17:35:00";"RS";116;239,8;"NOVO HAMBURGO";"Velocidade Incompatível";"Engavetamento";"Com Vítimas Feridas";"Pleno dia";"Decrescente";"Céu Claro";"Múltipla";"Aclive";"Sim";6;0;2;0;4;0;2;5;-29,6961491;-51,14455767;"SPRF-RS";"DEL01-RS";"UOP02-DEL01-RS"
268860;2020-02-12;"quarta-feira";"17:17:00";"MG";50;180;"UBERABA";"Desobediência às normas de trânsito pelo condutor";"Colisão transversal";"Com Vítimas Feridas";"Pleno dia";"Decrescente";"Nublado";"Dupla";"Curva";"Sim";2;0;1;0;1;0;1;2;-19,77848216;-47,92194709;"SPRF-MG";"DEL13-MG";"UOP01-DEL13-MG"
268863;2020-02-12;"quarta-feira";"13:00:00";"AL";101;181;"TEOTONIO VILELA";"Pista Escorregadia";"Colisão com objeto estático";"Sem Vítimas";"Pleno dia";"Decrescente";"Chuva";"Dupla";"Curva";"Não";1;0;0;0;1;0;0;1;-9,89535548;-36,41225988;"SPRF-AL";"DEL02-AL";"UOP02-DEL02-AL"
268864;2020-02-12;"quarta-feira";"17:30:00";"PR";467;105;"CASCAVEL";"Fenômenos da Natureza";"Saída de leito carroçável";"Com Vítimas Feridas";"Pleno dia";"Crescente";"Chuva";"Dupla";"Reta";"Não";4;0;1;0;2;1;1;1;-24,9142;-53,492;"SPRF-PR";"DEL04-PR";"UOP01-DEL04-PR"
268865;2020-02-12;"quarta-feira";"17:20:00";"ES";101;269,9;"SERRA";"Não guardar distância de segurança";"Colisão traseira";"Com Vítimas Feridas";"Pleno dia";"Decrescente";"Sol";"Dupla";"Reta";"Sim";2;0;1;0;1;0;1;2;-20,21740496;-40,26990578;"SPRF-ES";"DEL02-ES";"UOP01-DEL02-ES"
268866;2020-02-12;"quarta-feira";"17:00:00";"MS";359;200;"COXIM";"Pista Escorregadia";"Colisão com objeto estático";"Com Vítimas Feridas";"Anoitecer";"Decrescente";"Garoa/Chuvisco";"Simples";"Declive";"Não";3;0;3;0;0;0;3;1;-18,44176123;-54,47931301;"SPRF-MS";"DEL06-MS";"UOP01-DEL06-MS"
268868;2020-02-12;"quarta-feira";"16:00:00";"RN";405;160;"RAFAEL FERNANDES";"Desobediência às normas de trânsito pelo condutor";"Colisão traseira";"Com Vítimas Feridas";"Pleno dia";"Crescente";"Céu Claro";"Simples";"Declive";"Sim";2;0;0;1;1;0;1;2;-6,19000007;-38,22449832;"SPRF-RN";"DEL04-RN";"UOP02-DEL04-RN"
268870;2020-02-12;"quarta-feira";"17:30:00";"CE";116;23,9;"AQUIRAZ";"Desobediência às normas de trânsito pelo condutor";"Colisão traseira";"Com Vítimas Feridas";"Pleno dia";"Decrescente";"Céu Claro";"Dupla";"Curva";"Não";2;0;1;0;1;0;1;2;-3,95772165;-38,5128011;"SPRF-CE";"DEL01-CE";"UOP02-DEL01-CE"
268872;2020-02-12;"quarta-feira";"17:00:00";"PR";277;660;"MATELANDIA";"Pista Escorregadia";"Tombamento";"Com Vítimas Feridas";"Pleno dia";"Decrescente";"Chuva";"Dupla";"Aclive;Curva";"Não";2;0;2;0;0;0;2;1;-25,25136237;-53,99027796;"SPRF-PR";"DEL05-PR";"UOP02-DEL05-PR"
268873;2020-02-12;"quarta-feira";"15:30:00";"SC";153;58,7;"IRANI";"Desobediência às normas de trânsito pelo condutor";"Colisão transversal";"Com Vítimas Feridas";"Pleno dia";"Crescente";"Céu Claro";"Simples";"Curva";"Não";4;0;1;0;3;0;1;2;-26,96981367;-51,85461044;"SPRF-SC";"DEL07-SC";"UOP04-DEL07-SC"
268874;2020-02-12;"quarta-feira";"17:20:00";"RS";290;174,9;"BUTIA";"Falta de Atenção à Condução";"Colisão transversal";"Com Vítimas Feridas";"Pleno dia";"Crescente";"Céu Claro";"Múltipla";"Interseção de Vias";"Sim";2;0;1;0;1;0;1;2;-30,128044;-51,951588;"SPRF-RS";"DEL02-RS";"UOP02-DEL02-RS"
268879;2020-02-12;"quarta-feira";"18:20:00";"SE";101;56,5;"ROSARIO DO CATETE";"Falta de Atenção à Condução";"Colisão frontal";"Com Vítimas Feridas";"Plena Noite";"Crescente";"Nublado";"Simples";"Declive";"Não";4;0;2;0;2;0;2;2;-10,6393067;-37,0106971;"SPRF-SE";"DEL02-SE";"UOP02-DEL02-SE"
268880;2020-02-12;"quarta-feira";"16:45:00";"AC";317;280;"EPITACIOLANDIA";"Falta de Atenção à Condução";"Saída de leito carroçável";"Com Vítimas Feridas";"Anoitecer";"Crescente";"Nublado";"Simples";"Declive;Em Obras";"Não";1;0;1;0;0;0;1;1;-10,9954281;-68,64267787;"SPRF-AC";"DEL01-AC";"UOP02-DEL01-AC"
268881;2020-02-12;"quarta-feira";"19:00:00";"RN";110;47,5;"MOSSORO";"Desobediência às normas de trânsito pelo condutor";"Colisão lateral";"Sem Vítimas";"Plena Noite";"Decrescente";"Ignorado";"Simples";"Reta";"Sim";2;0;0;0;1;1;0;2;-5,20338376;-37,32563418;"SPRF-RN";"DEL04-RN";"UOP01-DEL04-RN"
268883;2020-02-12;"quarta-feira";"19:10:00";"PE";232;488;"VERDEJANTE";"Animais na Pista";"Atropelamento de Animal";"Sem Vítimas";"Plena Noite";"Crescente";"Céu Claro";"Simples";"Reta";"Não";1;0;0;0;1;0;0;1;-8,01034685;-38,95649882;"SPRF-PE";"DEL05-PE";"UOP01-DEL05-PE"
268886;2020-02-12;"quarta-feira";"19:50:00";"ES";101;25;"PEDRO CANARIO";"Falta de Atenção à Condução";"Colisão transversal";"Com Vítimas Feridas";"Plena Noite";"Decrescente";"Céu Claro";"Simples";"Reta";"Não";2;0;1;0;1;0;1;2;-18,34735653;-39,95830536;"SPRF-ES";"DEL04-ES";"UOP02-DEL04-ES"
268887;2020-02-12;"quarta-feira";"20:20:00";"SC";280;52;"GUARAMIRIM";"Restrição de Visibilidade";"Saída de leito carroçável";"Com Vítimas Feridas";"Plena Noite";"Crescente";"Garoa/Chuvisco";"Simples";"Curva";"Não";1;0;0;1;0;0;1;1;-26,468904;-48,96492;"SPRF-SC";"DEL03-SC";"UOP03-DEL03-SC"
268889;2020-02-12;"quarta-feira";"17:50:00";"MT";163;749;"SORRISO";"Não guardar distância de segurança";"Colisão traseira";"Com Vítimas Feridas";"Anoitecer";"Decrescente";"Céu Claro";"Dupla";"Reta";"Sim";3;0;1;0;2;0;1;3;-12,68056718;-55,79601858;"SPRF-MT";"DEL06-MT";"UOP01-DEL06-MT"
268890;2020-02-12;"quarta-feira";"10:45:00";"BA";116;420;"FEIRA DE SANTANA";"Falta de Atenção à Condução";"Colisão lateral";"Sem Vítimas";"Pleno dia";"Decrescente";"Céu Claro";"Dupla";"Reta";"Sim";1;0;0;0;1;0;0;1;-12,21174169;-38,96550363;"SPRF-BA";"DEL02-BA";"UOP01-DEL02-BA"
268891;2020-02-12;"quarta-feira";"20:10:00";"RJ";116;164,3;"RIO DE JANEIRO";"Condutor Dormindo";"Colisão traseira";"Com Vítimas Feridas";"Plena Noite";"Crescente";"Garoa/Chuvisco";"Dupla";"Reta";"Sim";2;0;1;0;1;0;1;2;-22,81074068;-43,28844363;"SPRF-RJ";"DEL01-RJ";"UOP02-DEL01-RJ"
268895;2020-02-12;"quarta-feira";"12:10:00";"PR";277;270;"PRUDENTOPOLIS";"Ultrapassagem Indevida";"Saída de leito carroçável";"Com Vítimas Feridas";"Pleno dia";"Decrescente";"Céu Claro";"Simples";"Reta";"Não";5;0;3;2;0;0;5;1;-25,38827594;-50,82723599;"SPRF-PR";"DEL03-PR";"UOP02-DEL08-PR"
268897;2020-02-12;"quarta-feira";"22:10:00";"SP";116;271;"TABOAO DA SERRA";"Não guardar distância de segurança";"Tombamento";"Com Vítimas Feridas";"Plena Noite";"Crescente";"Nublado";"Dupla";"Reta";"Sim";1;0;1;0;0;0;1;1;-23,61809286;-46,80556302;"SPRF-SP";"DEL04-SP";"UOP01-DEL04-SP"
268898;2020-02-12;"quarta-feira";"21:50:00";"RS";290;86,3;"PORTO ALEGRE";"Desobediência às normas de trânsito pelo condutor";"Colisão traseira";"Com Vítimas Feridas";"Plena Noite";"Crescente";"Céu Claro";"Dupla";"Interseção de Vias";"Não";2;0;1;0;1;0;1;2;-29,96801777;-51,11965483;"SPRF-RS";"DEL01-RS";"UOP01-DEL01-RS"
268900;2020-02-12;"quarta-feira";"07:50:00";"MG";116;410;"GOVERNADOR VALADARES";"Falta de Atenção à Condução";"Colisão transversal";"Com Vítimas Feridas";"Pleno dia";"Decrescente";"Céu Claro";"Dupla";"Reta";"Não";2;0;1;0;1;0;1;2;-18,855625;-41,975623;"SPRF-MG";"DEL06-MG";"UOP01-DEL06-MG"