"id";"data_inversa";"dia_semana";"horario";"uf";"br";"km";"municipio";"causa_acidente";"tipo_acidente";"classificacao_acidente";"fase_dia";"sentido_via";"condicao_metereologica";"tipo_pista";"tracado_via";"uso_solo";"pessoas";"mortos";"feridos_leves";"feridos_graves";"ilesos";"ignorados";"feridos";"veiculos";"latitude";"longitude";"regional";"delegacia";"uop"
268901;2020-02-12;"quarta-feira";"23:00:00";"SC";470;2;"NAVEGANTES";"Ingestão de Álcool";"Colisão transversal";"Com Vítimas Feridas";"Plena Noite";"Crescente";"Nublado";"Simples";"Reta";"Sim";2;0;0;1;0;1;1;2;-26,868551;-48,674831;"SPRF-SC";"DEL04-SC";"UOP04-DEL04-SC"
268902;2020-02-12;"quarta-feira";"21:10:00";"RJ";116;175,9;"NOVA IGUACU";"Falta de Atenção do Pedestre";"Atropelamento de Pedestre";"Com Vítimas Feridas";"Plena Noite";"Decrescente";"Chuva";"Múltipla";"Reta";"Sim";2;0;0;1;0;1;1;2;-22,78923555;-43,37275272;"SPRF-RJ";"DEL01-RJ";"UOP02-DEL01-RJ"
268903;2020-02-12;"quarta-feira";"22:30:00";"SC";470;62,5;"INDAIAL";"Falta de Atenção à Condução";"Saída de leito carroçável";"Com Vítimas Feridas";"Plena Noite";"Decrescente";"Nublado";"Simples";"Reta";"Não";1;0;1;0;0;0;1;1;-26,874521;-49,182938;"SPRF-SC";"DEL04-SC";"UOP01-DEL04-SC"
268904;2020-02-12;"quarta-feira";"23:00:00";"RJ";40;123;"RIO DE JANEIRO";"Pista Escorregadia";"Tombamento";"Com Vítimas Feridas";"Plena Noite";"Crescente";"Chuva";"Dupla";"Curva";"Sim";2;0;2;0;0;0;2;1;-22,79907687;-43,29015739;"SPRF-RJ";"DEL01-RJ";"UOP01-DEL01-RJ"
268906;2020-02-12;"quarta-feira";"23:10:00";"RJ";465;16;"NOVA IGUACU";"Defeito Mecânico no Veículo";"Colisão traseira";"Com Vítimas Feridas";"Plena Noite";"Decrescente";"Garoa/Chuvisco";"Dupla";"Reta";"Sim";4;0;1;0;3;0;1;2;-22,815538;-43,624565;"SPRF-RJ";"DEL01-RJ";"UOP03-DEL01-RJ"
268909;2020-02-13;"quinta-feira";"00:45:00";"PB";101;85,6;"BAYEUX";"Falta de Atenção à Condução";"Colisão traseira";"Sem Vítimas";"Plena Noite";"Crescente";"Céu Claro";"Múltipla";"Reta;Retorno Regulamentado";"Sim";2;0;0;0;1;1;0;2;-7,14887414;-34,91274834;"SPRF-PB";"DEL01-PB";"UOP01-DEL01-PB"
268910;2020-02-13;"quinta-feira";"00:05:00";"CE";222;5,8;"CAUCAIA";"Ingestão de Álcool";"Tombamento";"Com Vítimas Feridas";"Plena Noite";"Decrescente";"Nublado";"Dupla";"Curva";"Sim";1;0;1;0;0;0;1;1;-3,74296918;-38,61330997;"SPRF-CE";"DEL01-CE";"UOP01-DEL01-CE"
268912;2020-02-01;"sábado";"10:50:00";"AL";423;15,6;"CANAPI";"Falta de Atenção à Condução";"Colisão transversal";"Com Vítimas Feridas";"Pleno dia";"Crescente";"Céu Claro";"Simples";"Reta";"Não";2;0;0;1;1;0;1;2;-9,16431893;-37,42516279;"SPRF-AL";"DEL03-AL";"UOP02-DEL03-AL"
268914;2020-02-12;"quarta-feira";"23:30:00";"SC";101;332,5;"TUBARAO";"Falta de Atenção à Condução";"Colisão com objeto estático";"Com Vítimas Feridas";"Plena Noite";"Crescente";"Nublado";"Dupla";"Curva";"Sim";3;0;0;1;0;2;1;2;-28,46748406;-49,00039673;"SPRF-SC";"DEL02-SC";"UOP01-DEL02-SC"
268916;2020-02-13;"quinta-feira";"02:03:00";"SP";116;79,2;"ROSEIRA";"Defeito Mecânico no Veículo";"Tombamento";"Com Vítimas Feridas";"Plena Noite";"Decrescente";"Garoa/Chuvisco";"Dupla";"Reta";"Não";2;0;1;0;1;0;1;1;-22,89420903;-45,29471098;"SPRF-SP";"DEL06-SP";"UOP01-DEL06-SP"
268918;2020-02-13;"quinta-feira";"02:00:00";"SC";101;146;"ITAPEMA";"Falta de Atenção à Condução";"Colisão com objeto estático";"Sem Vítimas";"Plena Noite";"Decrescente";"Garoa/Chuvisco";"Dupla";"Reta";"Sim";1;0;0;0;1;0;0;1;-27,08666525;-48,60955587;"SPRF-SC";"DEL04-SC";"UOP03-DEL04-SC"
268922;2020-02-13;"quinta-feira";"02:50:00";"PR";476;312,8;"SAO MATEUS DO SUL";"Ingestão de Álcool";"Capotamento";"Com Vítimas Feridas";"Plena Noite";"Decrescente";"Céu Claro";"Simples";"Curva";"Não";1;0;0;1;0;0;1;1;-26,024607;-50,671589;"SPRF-PR";"DEL02-PR";"UOP04-DEL02-PR"
268926;2020-02-13;"quinta-feira";"05:45:00";"GO";60;137,5;"GOIANIA";"Animais na Pista";"Atropelamento de Animal";"Com Vítimas Feridas";"Amanhecer";"Crescente";"Nublado";"Dupla";"Reta";"Sim";3;0;2;0;0;1;2;2;-16,603;-49,2023;"SPRF-GO";"DEL01-GO";"UOP01-DEL01-GO"
268927;2020-02-13;"quinta-feira";"04:10:00";"MS";163;52;"ELDORADO";"Ingestão de Álcool";"Saída de leito carroçável";"Sem Vítimas";"Amanhecer";"Crescente";"Céu Claro";"Simples";"Reta";"Não";1;0;0;0;1;0;0;1;-23,68711906;-54,26664154;"SPRF-MS";"DEL09-MS";"UOP02-DEL09-MS"
268930;2020-02-13;"quinta-feira";"06:00:00";"CE";222;4,8;"CAUCAIA";"Falta de Atenção do Pedestre";"Atropelamento de Pedestre";"Com Vítimas Feridas";"Pleno dia";"Crescente";"Chuva";"Múltipla";"Reta;Retorno Regulamentado";"Sim";2;0;0;1;1;0;1;2;-3,74271359;-38,61325448;"SPRF-CE";"DEL01-CE";"UOP01-DEL01-CE"
268931;2020-02-13;"quinta-feira";"06:50:00";"DF";20;8,4;"BRASILIA";"Desobediência às normas de trânsito pelo pedestre";"Atropelamento de Pedestre";"Com Vítimas Feridas";"Pleno dia";"Decrescente";"Céu Claro";"Dupla";"Reta";"Sim";4;0;1;2;0;1;3;2;-15,658386;-47,791534;"SPRF-DF";"DEL02-DF";"UOP01-DEL02-DF"
268933;2020-02-13;"quinta-feira";"06:15:00";"SC";282;165;"BOCAINA DO SUL";"Velocidade Incompatível";"Saída de leito carroçável";"Com Vítimas Feridas";"Amanhecer";"Decrescente";"Céu Claro";"Simples";"Reta";"Não";2;0;1;1;0;0;2;1;-27,738365;-49,801205;"SPRF-SC";"DEL05-SC";"UOP01-DEL05-SC"
268934;2020-02-13;"quinta-feira";"07:45:00";"SC";470;50;"BLUMENAU";"Desobediência às normas de trânsito pelo condutor";"Colisão transversal";"Com Vítimas Feridas";"Pleno dia";"Crescente";"Céu Claro";"Simples";"Reta";"Sim";2;0;0;1;1;0;1;2;-26,859768;-49,074493;"SPRF-SC";"DEL04-SC";"UOP01-DEL04-SC"
268935;2020-02-13;"quinta-feira";"07:50:00";"PR";277;82;"CURITIBA";"Não guardar distância de segurança";"Colisão lateral";"Com Vítimas Feridas";"Pleno dia";"Crescente";"Nublado";"Dupla";"Reta";"Sim";3;0;1;0;0;2;1;2;-25,45815486;-49,2218399;"SPRF-PR";"DEL01-PR";"UOP06-DEL01-PR"
268936;2020-02-13;"quinta-feira";"07:00:00";"RJ";493;17;"GUAPIMIRIM";"Defeito na Via";"Saída de leito carroçável";"Sem Vítimas";"Pleno dia";"Decrescente";"Céu Claro";"Simples";"Reta";"Não";1;0;0;0;1;0;0;1;-22,66791406;-43,00902598;"SPRF-RJ";"DEL04-RJ";"UOP02-DEL04-RJ"
268938;2020-02-13;"quinta-feira";"08:00:00";"GO";153;494;"GOIANIA";"Não guardar distância de segurança";"Colisão traseira";"Com Vítimas Feridas";"Pleno dia";"Decrescente";"Sol";"Dupla";"Reta";"Sim";3;0;1;0;1;1;1;2;-16,6614;-49,2218;"SPRF-GO";"DEL01-GO";"UOP01-DEL01-GO"
268939;2020-02-13;"quinta-feira";"07:20:00";"PR";376;183;"SARANDI";"Falta de Atenção à Condução";"Colisão traseira";"Com Vítimas Feridas";"Pleno dia";"Crescente";"Céu Claro";"Dupla";"Reta";"Sim";3;0;1;0;0;2;1;2;-23,44159097;-51,87067398;"SPRF-PR";"DEL07-PR";"UOP01-DEL09-PR"
268941;2020-02-13;"quinta-feira";"06:30:00";"RO";364;613;"ITAPUA DO OESTE";"Defeito Mecânico no Veículo";"Incêndio";"Sem Vítimas";"Pleno dia";"Crescente";"Chuva";"Simples";"Reta";"Não";3;0;0;0;3;0;0;1;-9,128943;-63,251609;"SPRF-RO";"DEL01-RO";"UOP04-DEL01-RO"
268942;2020-02-12;"quarta-feira";"20:40:00";"MG";153;234;"FRONTEIRA";"Defeito Mecânico no Veículo";"Tombamento";"Com Vítimas Feridas";"Plena Noite";"Crescente";"Chuva";"Simples";"Reta";"Não";2;0;2;0;0;0;2;1;-20,26155414;-49,17849882;"SPRF-MG";"DEL13-MG";"UOP02-DEL13-MG"
268943;2020-02-13;"quinta-feira";"08:20:00";"DF";40;3,4;"BRASILIA";"Falta de Atenção à Condução";"Colisão traseira";"Sem Vítimas";"Pleno dia";"Decrescente";"Céu Claro";"Dupla";"Reta";"Sim";2;0;0;0;2;0;0;2;-16,003145;-47,983944;"SPRF-DF";"DEL01-DF";"UOP01-DEL01-DF"
268944;2020-02-13;"quinta-feira";"08:45:00";"PR";116;116;"CURITIBA";"Falta de Atenção à Condução";"Colisão lateral";"Com Vítimas Feridas";"Pleno dia";"Decrescente";"Céu Claro";"Dupla";"Reta";"Sim";2;0;1;0;1;0;1;2;-25,55468195;-49,27402397;"SPRF-PR";"DEL01-PR";"UOP03-DEL01-PR"
268945;2020-02-13;"quinta-feira";"08:45:00";"PR";116;95;"SAO JOSE DOS PINHAIS";"Falta de Atenção à Condução";"Queda de ocupante de veículo";"Com Vítimas Feridas";"Pleno dia";"Decrescente";"Céu Claro";"Dupla";"Reta";"Sim";1;0;1;0;0;0;1;1;-25,4971982;-49,11761871;"SPRF-PR";"DEL01-PR";"UOP01-DEL01-PR"
268946;2020-02-13;"quinta-feira";"08:35:00";"PB";101;58,3;"SANTA RITA";"Avarias e/ou desgaste excessivo no pneu";"Saída de leito carroçável";"Com Vítimas Feridas";"Pleno dia";"Crescente";"Chuva";"Dupla";"Reta";"Não";1;0;1;0;0;0;1;1;-6,98564991;-35,07334684;"SPRF-PB";"DEL01-PB";"UOP04-DEL01-PB"
268947;2020-02-13;"quinta-feira";"08:20:00";"RS";448;2;"ESTEIO";"Desobediência às normas de trânsito pelo condutor";"Colisão com objeto estático";"Com Vítimas Feridas";"Pleno dia";"Crescente";"Céu Claro";"Dupla";"Reta";"Não";1;0;1;0;0;0;1;1;-29,844086;-51,192482;"SPRF-RS";"DEL01-RS";"UOP02-DEL01-RS"
268948;2020-02-13;"quinta-feira";"09:00:00";"GO";153;499,7;"GOIANIA";"Ultrapassagem Indevida";"Capotamento";"Com Vítimas Feridas";"Pleno dia";"Decrescente";"Nublado";"Dupla";"Reta;Declive";"Sim";3;0;1;0;0;2;1;2;-16,7033;-49,2311;"SPRF-GO";"DEL01-GO";"UOP01-DEL01-GO"
268952;2020-02-13;"quinta-feira";"08:25:00";"PR";116;18,6;"CAMPINA GRANDE DO SUL";"Velocidade Incompatível";"Colisão com objeto estático";"Sem Vítimas";"Pleno dia";"Decrescente";"Chuva";"Dupla";"Curva";"Não";3;0;0;0;3;0;0;1;-25,10535633;-48,71645695;"SPRF-PR";"DEL01-PR";"UOP02-DEL01-PR"
268953;2020-02-13;"quinta-feira";"06:40:00";"MG";381;435,8;"SABARA";"Falta de Atenção à Condução";"Colisão transversal";"Com Vítimas Feridas";"Pleno dia";"Decrescente";"Chuva";"Simples";"Reta";"Não";3;0;1;0;2;0;1;2;-19,78496805;-43,72311799;"SPRF-MG";"DEL01-MG";"UOP01-DEL01-MG"
268954;2020-02-13;"quinta-feira";"10:00:00";"RS";116;258;"ESTEIO";"Desobediência às normas de trânsito pelo condutor";"Colisão transversal";"Com Vítimas Feridas";"Pleno dia";"Decrescente";"Céu Claro";"Simples";"Reta";"Sim";3;0;1;0;1;1;1;3;-29,86150502;-51,18091535;"SPRF-RS";"DEL01-RS";"UOP02-DEL01-RS"
268956;2020-02-10;"segunda-feira";"08:00:00";"RJ";40;38;"AREAL";"Pista Escorregadia";"Colisão com objeto estático";"Sem Vítimas";"Pleno dia";"Decrescente";"Chuva";"Dupla";"Curva";"Não";1;0;0;0;1;0;0;1;-22,22751025;-43,11963242;"SPRF-RJ";"DEL06-RJ";"UOP02-DEL05-RJ"
268957;2020-02-13;"quinta-feira";"09:40:00";"MS";463;104,6;"PONTA PORA";"Desobediência às normas de trânsito pelo condutor";"Colisão traseira";"Com Vítimas Feridas";"Pleno dia";"Crescente";"Céu Claro";"Simples";"Reta";"Não";3;0;1;0;2;0;1;2;-22,60782925;-55,65013213;"SPRF-MS";"DEL04-MS";"UOP03-DEL04-MS"
268958;2020-02-13;"quinta-feira";"07:30:00";"SC";470;68,1;"INDAIAL";"Falta de Atenção à Condução";"Tombamento";"Com Vítimas Feridas";"Pleno dia";"Crescente";"Nublado";"Simples";"Ponte";"Não";1;0;1;0;0;0;1;1;-26,877615;-49,239231;"SPRF-SC";"DEL04-SC";"UOP01-DEL04-SC"
268959;2020-02-13;"quinta-feira";"10:20:00";"RJ";101;318,1;"SAO GONCALO";"Falta de Atenção à Condução";"Colisão traseira";"Com Vítimas Feridas";"Pleno dia";"Crescente";"Nublado";"Dupla";"Reta";"Sim";2;0;1;0;1;0;1;2;-22,84562994;-43,09841211;"SPRF-RJ";"DEL02-RJ";"UOP01-DEL02-RJ"
268961;2020-02-13;"quinta-feira";"10:45:00";"RS";116;265;"CANOAS";"Falta de Atenção à Condução";"Colisão traseira";"Com Vítimas Feridas";"Pleno dia";"Decrescente";"Céu Claro";"Dupla";"Reta";"Sim";2;0;1;0;1;0;1;2;-29,92342302;-51,17780944;"SPRF-RS";"DEL01-RS";"UOP01-DEL01-RS"
268963;2020-02-13;"quinta-feira";"10:45:00";"PR";476;125;"CURITIBA";"Velocidade Incompatível";"Colisão traseira";"Com Vítimas Feridas";"Pleno dia";"Decrescente";"Nublado";"Múltipla";"Interseção de Vias";"Sim";2;0;1;0;1;0;1;2;-25,4083;-49,219658;"SPRF-PR";"DEL01-PR";"UOP07-DEL01-PR"
268966;2020-02-13;"quinta-feira";"11:00:00";"PB";230;124,7;"MASSARANDUBA";"Velocidade Incompatível";"Saída de leito carroçável";"Com Vítimas Feridas";"Pleno dia";"Decrescente";"Chuva";"Simples";"Curva";"Não";2;0;2;0;0;0;2;1;-7,2465;-35,6751;"SPRF-PB";"DEL02-PB";"UOP01-DEL02-PB"
268969;2020-02-13;"quinta-feira";"11:40:00";"RS";392;27;"RIO GRANDE";"Velocidade Incompatível";"Colisão traseira";"Com Vítimas Feridas";"Pleno dia";"Decrescente";"Sol";"Simples";"Curva";"Sim";2;0;1;0;1;0;1;2;-32,07482924;-52,26116896;"SPRF-RS";"DEL07-RS";"UOP02-DEL07-RS"
268970;2020-02-13;"quinta-feira";"09:35:00";"RS";293;28;"CAPAO DO LEAO";"Defeito Mecânico no Veículo";"Colisão com objeto estático";"Sem Vítimas";"Pleno dia";"Decrescente";"Céu Claro";"Simples";"Declive;Reta";"Não";3;0;0;0;3;0;0;1;-31,73283925;-52,64339447;"SPRF-RS";"DEL07-RS";"UOP01-DEL07-RS"
268971;2020-02-13;"quinta-feira";"12:25:00";"AL";104;87,6;"RIO LARGO";"Não guardar distância de segurança";"Colisão traseira";"Com Vítimas Feridas";"Pleno dia";"Crescente";"Céu Claro";"Dupla";"Reta";"Sim";3;0;2;0;1;0;2;2;-9,47597981;-35,82127154;"SPRF-AL";"DEL01-AL";"UOP01-DEL01-AL"
268972;2020-02-13;"quinta-feira";"12:00:00";"MG";459;95,7;"POUSO ALEGRE";"Falta de Atenção à Condução";"Colisão traseira";"Com Vítimas Feridas";"Pleno dia";"Decrescente";"Nublado";"Simples";"Curva";"Não";2;0;1;0;1;0;1;2;-22,189781;-45,983028;"SPRF-MG";"DEL09-MG";"UOP01-DEL09-MG"
268974;2020-02-13;"quinta-feira";"10:10:00";"MT";163;618;"NOVA MUTUM";"Desobediência às normas de trânsito pelo condutor";"Colisão transversal";"Com Vítimas Feridas";"Pleno dia";"Crescente";"Céu Claro";"Simples";"Reta";"Não";2;0;1;0;1;0;1;2;-13,75259095;-56,05355445;"SPRF-MT";"DEL01-MT";"UOP01-DEL01-MT"
268975;2020-02-13;"quinta-feira";"12:50:00";"RJ";116;182;"NOVA IGUACU";"Animais na Pista";"Atropelamento de Animal";"Com Vítimas Feridas";"Pleno dia";"Decrescente";"Céu Claro";"Dupla";"Reta";"Sim";1;0;1;0;0;0;1;1;-22,7567755;-43,43107234;"SPRF-RJ";"DEL01-RJ";"UOP02-DEL01-RJ"
268976;2020-02-13;"quinta-feira";"08:35:00";"SC";282;578,8;"PINHALZINHO";"Falta de Atenção à Condução";"Colisão transversal";"Com Vítimas Feridas";"Pleno dia";"Decrescente";"Céu Claro";"Simples";"Reta";"Sim";2;0;0;1;1;0;1;2;-26,838364;-52,985279;"SPRF-SC";"DEL07-SC";"UOP02-DEL07-SC"
268977;2020-02-13;"quinta-feira";"13:00:00";"DF";20;22;"BRASILIA";"Falta de Atenção à Condução";"Colisão lateral";"Com Vítimas Feridas";"Pleno dia";"Decrescente";"Nublado";"Dupla";"Reta;Aclive;Retorno Regulamentado";"Sim";4;0;1;0;3;0;1;2;-15,59834;-47,676186;"SPRF-DF";"DEL02-DF";"UOP01-DEL02-DF"
268978;2020-02-13;"quinta-feira";"13:00:00";"RJ";40;43;"AREAL";"Defeito na Via";"Capotamento";"Com Vítimas Feridas";"Pleno dia";"Decrescente";"Nublado";"Dupla";"Curva";"Não";4;0;2;0;2;0;2;1;-22,265139;-43,108506;"SPRF-RJ";"DEL05-RJ";"UOP02-DEL05-RJ"
268980;2020-02-13;"quinta-feira";"13:00:00";"CE";116;10;"FORTALEZA";"Falta de Atenção à Condução";"Colisão traseira";"Com Vítimas Feridas";"Pleno dia";"Decrescente";"Chuva";"Múltipla";"Reta";"Sim";2;0;1;0;1;0;1;2;-3,83603805;-38,5027281;"SPRF-CE";"DEL01-CE";"UOP02-DEL01-CE"
268981;2020-02-13;"quinta-feira";"11:05:00";"CE";116;309,2;"JAGUARIBE";"Desobediência às normas de trânsito pelo condutor";"Colisão transversal";"Com Vítimas Feridas";"Pleno dia";"Decrescente";"Céu Claro";"Simples";"Reta";"Sim";2;0;0;2;0;0;2;2;-5,90406855;-38,62355417;"SPRF-CE";"DEL05-CE";"UOP02-DEL05-CE"
268983;2020-02-13;"quinta-feira";"13:30:00";"RN";101;109;"PARNAMIRIM";"Falta de Atenção à Condução";"Colisão transversal";"Com Vítimas Feridas";"Pleno dia";"Decrescente";"Chuva";"Dupla";"Reta";"Não";2;0;1;0;1;0;1;2;-5,946376;-35,26485;"SPRF-RN";"DEL01-RN";"UOP01-DEL01-RN"
268985;2020-02-13;"quinta-feira";"13:45:00";"GO";40;5,2;"VALPARAISO DE GOIAS";"Falta de Atenção do Pedestre";"Atropelamento de Pedestre";"Com Vítimas Feridas";"Pleno dia";"Crescente";"Céu Claro";"Dupla";"Reta";"Não";2;0;0;1;1;0;1;2;-16,093134;-47,982236;"SPRF-DF";"DEL01-DF";"UOP01-DEL01-DF"
268986;2020-02-13;"quinta-feira";"12:30:00";"SE";235;27,8;"AREIA BRANCA";"Pista Escorregadia";"Capotamento";"Com Vítimas Feridas";"Pleno dia";"Crescente";"Garoa/Chuvisco";"Múltipla";"Curva";"Não";2;0;2;0;0;0;2;1;-10,798957;-37,272919;"SPRF-SE";"DEL01-SE";"UOP02-DEL01-SE"
268987;2020-02-13;"quinta-feira";"13:10:00";"BA";20;135;"SAO DESIDERIO";"Desobediência às normas de trânsito pelo condutor";"Colisão traseira";"Com Vítimas Feridas";"Pleno dia";"Crescente";"Céu Claro";"Simples";"Reta";"Sim";3;0;0;1;2;0;1;2;-12,71287154;-45,93527019;"SPRF-BA";"DEL10-BA";"UOP01-DEL10-BA"
268989;2020-02-13;"quinta-feira";"13:55:00";"RJ";40;39;"AREAL";"Velocidade Incompatível";"Capotamento";"Com Vítimas Feridas";"Pleno dia";"Crescente";"Nublado";"Dupla";"Curva";"Não";1;0;1;0;0;0;1;1;-22,23332;-43,114136;"SPRF-RJ";"DEL05-RJ";"UOP02-DEL05-RJ"
268993;2020-02-13;"quinta-feira";"13:20:00";"SP";153;229,9;"MARILIA";"Falta de Atenção à Condução";"Colisão transversal";"Com Vítimas Feridas";"Pleno dia";"Crescente";"Céu Claro";"Simples";"Reta";"Não";2;0;0;1;1;0;1;2;-22,076649;-49,90128417;"SPRF-SP";"DEL07-SP";"UOP02-DEL07-SP"
268994;2020-02-13;"quinta-feira";"14:10:00";"RN";110;47,5;"MOSSORO";"Desobediência às normas de trânsito pelo condutor";"Colisão transversal";"Com Vítimas Feridas";"Pleno dia";"Decrescente";"Chuva";"Simples";"Interseção de Vias";"Sim";2;0;1;0;1;0;1;2;-5,206198;-37,329416;"SPRF-RN";"DEL04-RN";"UOP01-DEL04-RN"
268995;2020-02-13;"quinta-feira";"14:00:00";"AP";210;1;"MACAPA";"Não guardar distância de segurança";"Colisão traseira";"Com Vítimas Feridas";"Pleno dia";"Crescente";"Nublado";"Dupla";"Reta";"Sim";5;0;2;0;3;0;2;2;0,07816717;-51,06998693;"SPRF-AP";"DEL01-AP";"UOP01-DEL01-AP"
268996;2020-02-13;"quinta-feira";"14:50:00";"PR";376;153,9;"MANDAGUACU";"Falta de Atenção à Condução";"Saída de leito carroçável";"Com Vítimas Feridas";"Pleno dia";"Crescente";"Céu Claro";"Dupla";"Reta;Declive";"Não";1;0;1;0;0;0;1;1;-23,32035204;-52,11016485;"SPRF-PR";"DEL09-PR";"UOP01-DEL09-PR"
268997;2020-02-13;"quinta-feira";"14:30:00";"MG";381;495,5;"BETIM";"Não guardar distância de segurança";"Colisão traseira";"Com Vítimas Feridas";"Pleno dia";"Decrescente";"Nublado";"Dupla";"Reta";"Não";2;0;1;0;1;0;1;2;-19,98890883;-44,20522016;"SPRF-MG";"DEL01-MG";"UOP03-DEL01-MG"
268998;2020-02-13;"quinta-feira";"14:10:00";"GO";60;25,5;"ALEXANIA";"Pista Escorregadia";"Saída de leito carroçável";"Com Vítimas Feridas";"Pleno dia";"Crescente";"Chuva";"Dupla";"Curva";"Não";4;0;4;0;0;0;4;1;-16,0963;-48,5202;"SPRF-DF";"DEL03-DF";"UOP01-DEL03-DF"
268999;2020-01-16;"quinta-feira";"18:50:00";"PI";343;335,1;"TERESINA";"Não guardar distância de segurança";"Colisão traseira";"Com Vítimas Feridas";"Plena Noite";"Decrescente";"Nublado";"Simples";"Reta";"Sim";3;0;1;0;2;0;1;3;-5,057786;-42,688541;"SPRF-PI";"DEL01-PI";"UOP01-DEL01-PI"
269000;2020-02-12;"quarta-feira";"21:00:00";"MG";116;219,8;"CATUJI";"Defeito Mecânico no Veículo";"Saída de leito carroçável";"Sem Vítimas";"Plena Noite";"Crescente";"Ignorado";"Simples";"Curva";"Não";1;0;0;0;1;0;0;1;-17,39927496;-41,51977491;"SPRF-MG";"DEL11-MG";"UOP01-DEL11-MG"
269003;2020-02-13;"quinta-feira";"13:50:00";"GO";60;382;"RIO VERDE";"Ingestão de álcool e/ou substâncias psicoativas pelo pedestre";"Atropelamento de Pedestre";"Com Vítimas Feridas";"Pleno dia";"Crescente";"Céu Claro";"Dupla";"Reta";"Sim";2;0;1;0;1;0;1;2;-17,779;-50,8933;"SPRF-GO";"DEL04-GO";"UOP01-DEL04-GO"
269008;2020-01-24;"sexta-feira";"14:00:00";"GO";40;5;"VALPARAISO DE GOIAS";"Desobediência às normas de trânsito pelo condutor";"Colisão com objeto em movimento";"Com Vítimas Feridas";"Pleno dia";"Crescente";"Nublado";"Dupla";"Reta";"Não";2;0;1;0;0;1;1;2;-16,093134;-47,982236;"SPRF-DF";"DEL01-DF";"UOP01-DEL01-DF"
269010;2020-02-13;"quinta-feira";"16:00:00";"ES";101;266,3;"SERRA";"Desobediência às normas de trânsito pelo condutor";"Colisão transversal";"Com Vítimas Feridas";"Pleno dia";"Crescente";"Céu Claro";"Dupla";"Interseção de Vias";"Sim";2;0;0;1;1;0;1;2;-20,19246688;-40,26872814;"SPRF-ES";"DEL02-ES";"UOP01-DEL02-ES"
269011;2020-02-13;"quinta-feira";"14:20:00";"AL";104;22;"UNIAO DOS PALMARES";"Pista Escorregadia";"Saída de leito carroçável";"Sem Vítimas";"Pleno dia";"Crescente";"Chuva";"Simples";"Curva";"Não";1;0;0;0;1;0;0;1;-9,07371688;-36,03702576;"SPRF-AL";"DEL01-AL";"UOP02-DEL01-AL"
269012;2020-02-13;"quinta-feira";"16:10:00";"PI";343;346,1;"TERESINA";"Falta de Atenção à Condução";"Atropelamento de Pedestre";"Com Vítimas Feridas";"Pleno dia";"Decrescente";"Céu Claro";"Múltipla";"Reta";"Sim";2;0;1;0;1;0;1;2;-5,11115205;-42,77135253;"SPRF-PI";"DEL01-PI";"UOP01-DEL01-PI"
269015;2020-02-13;"quinta-feira";"15:30:00";"BA";116;823,5;"VITORIA DA CONQUISTA";"Desobediência às normas de trânsito pelo condutor";"Colisão transversal";"Com Vítimas Feridas";"Pleno dia";"Decrescente";"Céu Claro";"Dupla";"Interseção de Vias";"Sim";3;0;2;0;1;0;2;2;-14,8079923;-40,78877284;"SPRF-BA";"DEL08-BA";"UOP01-DEL08-BA"
269016;2020-02-13;"quinta-feira";"15:30:00";"MS";262;201,9;"RIBAS DO RIO PARDO";"Pista Escorregadia";"Saída de leito carroçável";"Com Vítimas Feridas";"Pleno dia";"Decrescente";"Chuva";"Simples";"Reta";"Não";1;0;1;0;0;0;1;1;-20,4642317;-53,39504806;"SPRF-MS";"DEL07-MS";"UOP02-DEL07-MS"
269017;2020-02-13;"quinta-feira";"15:00:00";"PR";476;133;"CURITIBA";"Defeito Mecânico no Veículo";"Colisão com objeto estático";"Com Vítimas Feridas";"Pleno dia";"Decrescente";"Céu Claro";"Múltipla";"Aclive";"Sim";2;0;1;0;1;0;1;2;-25,469219;-49,254143;"SPRF-PR";"DEL01-PR";"UOP03-DEL01-PR"
269019;2020-02-13;"quinta-feira";"16:35:00";"PR";376;176,1;"MARINGA";"Falta de Atenção à Condução";"Atropelamento de Pedestre";"Com Vítimas Feridas";"Pleno dia";"Crescente";"Céu Claro";"Dupla";"Reta;Interseção de Vias;Aclive";"Sim";2;0;2;0;0;0;2;2;-23,41269173;-51,93158327;"SPRF-PR";"DEL09-PR";"UOP01-DEL09-PR"
269021;2020-02-13;"quinta-feira";"14:00:00";"CE";222;297,3;"TIANGUA";"Pista Escorregadia";"Colisão frontal";"Com Vítimas Feridas";"Pleno dia";"Crescente";"Chuva";"Simples";"Curva";"Não";3;0;1;0;2;0;1;2;-3,65826065;-40,92482891;"SPRF-CE";"DEL04-CE";"UOP02-DEL04-CE"
269022;2020-02-13;"quinta-feira";"16:45:00";"SC";470;178,1;"POUSO REDONDO";"Falta de Atenção à Condução";"Colisão traseira";"Com Vítimas Feridas";"Pleno dia";"Crescente";"Céu Claro";"Simples";"Reta";"Não";2;0;1;0;1;0;1;2;-27,248392;-49,967083;"SPRF-SC";"DEL04-SC";"UOP02-DEL04-SC"
269023;2020-02-13;"quinta-feira";"13:50:00";"PR";376;299;"MAUA DA SERRA";"Falta de Atenção à Condução";"Colisão frontal";"Com Vítimas Feridas";"Pleno dia";"Decrescente";"Céu Claro";"Dupla";"Curva";"Não";4;0;1;3;0;0;4;2;-23,93589703;-51,13894199;"SPRF-PR";"DEL07-PR";"UOP02-DEL07-PR"