"id";"data_inversa";"dia_semana";"horario";"uf";"br";"km";"municipio";"causa_acidente";"tipo_acidente";"classificacao_acidente";"fase_dia";"sentido_via";"condicao_metereologica";"tipo_pista";"tracado_via";"uso_solo";"pessoas";"mortos";"feridos_leves";"feridos_graves";"ilesos";"ignorados";"feridos";"veiculos";"latitude";"longitude";"regional";"delegacia";"uop"
269135;2020-02-14;"sexta-feira";"09:30:00";"SE";101;102,9;"SAO CRISTOVAO";"Desobediência às normas de trânsito pelo condutor";"Colisão transversal";"Com Vítimas Feridas";"Pleno dia";"Crescente";"Céu Claro";"Dupla";"Interseção de Vias";"Não";2;0;0;1;1;0;1;2;-10,95202431;-37,21820354;"SPRF-SE";"DEL02-SE";"UOP01-DEL02-SE"
269136;2020-02-07;"sexta-feira";"05:00:00";"MS";158;11,8;"CASSILANDIA";"Objeto estático sobre o leito carroçável";"Colisão com objeto estático";"Com Vítimas Feridas";"Amanhecer";"Decrescente";"Céu Claro";"Simples";"Reta";"Não";1;0;1;0;0;0;1;1;-19,15106413;-51,66470107;"SPRF-MS";"DEL08-MS";"UOP01-DEL08-MS"
269137;2020-02-14;"sexta-feira";"09:30:00";"PR";376;178,6;"MARINGA";"Falta de Atenção à Condução";"Tombamento";"Com Vítimas Feridas";"Pleno dia";"Crescente";"Sol";"Dupla";"Retorno Regulamentado;Reta";"Sim";2;0;1;0;1;0;1;2;-23,4188679;-51,91442907;"SPRF-PR";"DEL09-PR";"UOP01-DEL09-PR"
269139;2020-02-14;"sexta-feira";"08:55:00";"ES";101;291;"CARIACICA";"Velocidade Incompatível";"Saída de leito carroçável";"Sem Vítimas";"Pleno dia";"Decrescente";"Nublado";"Dupla";"Reta";"Não";1;0;0;0;1;0;0;1;-20,29755744;-40,39445616;"SPRF-ES";"DEL01-ES";"UOP01-DEL01-ES"
269140;2020-02-14;"sexta-feira";"10:00:00";"SC";101;213;"PALHOCA";"Desobediência às normas de trânsito pelo condutor";"Atropelamento de Pedestre";"Com Vítimas Feridas";"Pleno dia";"Crescente";"Céu Claro";"Múltipla";"Reta";"Não";2;0;1;0;1;0;1;2;-27,63697369;-48,66514142;"SPRF-SC";"DEL01-SC";"UOP02-DEL01-SC"
269141;2020-02-14;"sexta-feira";"10:30:00";"PR";369;141;"IBIPORA";"Desobediência às normas de trânsito pelo condutor";"Colisão transversal";"Com Vítimas Feridas";"Pleno dia";"Crescente";"Céu Claro";"Dupla";"Rotatória";"Sim";3;0;1;0;2;0;1;2;-23,28555819;-51,0742861;"SPRF-PR";"DEL07-PR";"UOP01-DEL07-PR"
269142;2020-02-14;"sexta-feira";"10:08:00";"MT";364;241;"JUSCIMEIRA";"Falta de Atenção à Condução";"Colisão lateral";"Com Vítimas Feridas";"Pleno dia";"Crescente";"Céu Claro";"Dupla";"Reta";"Não";4;0;1;0;3;0;1;2;-16,17086222;-54,79226759;"SPRF-MT";"DEL02-MT";"UOP01-DEL02-MT"
269146;2020-02-14;"sexta-feira";"11:05:00";"PA";230;121;"MARABA";"Falta de Atenção à Condução";"Colisão transversal";"Com Vítimas Feridas";"Pleno dia";"Crescente";"Céu Claro";"Dupla";"Reta";"Sim";2;0;1;1;0;0;2;2;-5,35297407;-49,12143673;"SPRF-PA";"DEL03-PA";"UOP01-DEL03-PA"
269147;2020-02-14;"sexta-feira";"10:10:00";"MT";364;230;"RONDONOPOLIS";"Defeito na Via";"Saída de leito carroçável";"Com Vítimas Feridas";"Pleno dia";"Decrescente";"Céu Claro";"Dupla";"Declive";"Não";1;0;1;0;0;0;1;1;-16,26578313;-54,77468128;"SPRF-MT";"DEL02-MT";"UOP01-DEL02-MT"
269148;2020-02-09;"domingo";"14:45:00";"MS";262;215,9;"RIBAS DO RIO PARDO";"Pista Escorregadia";"Saída de leito carroçável";"Com Vítimas Feridas";"Pleno dia";"Decrescente";"Chuva";"Simples";"Reta";"Não";2;0;2;0;0;0;2;1;-20,46558716;-53,52883999;"SPRF-MS";"DEL07-MS";"UOP02-DEL07-MS"
269149;2020-02-14;"sexta-feira";"11:40:00";"MT";70;1;"BARRA DO GARCAS";"Falta de Atenção à Condução";"Colisão transversal";"Com Vítimas Feridas";"Pleno dia";"Crescente";"Céu Claro";"Dupla";"Curva";"Sim";2;0;1;0;1;0;1;2;-15,89164596;-52,26202884;"SPRF-MT";"DEL07-MT";"UOP01-DEL07-MT"
269151;2020-02-14;"sexta-feira";"11:20:00";"SP";116;223;"GUARULHOS";"Não guardar distância de segurança";"Colisão traseira";"Com Vítimas Feridas";"Pleno dia";"Crescente";"Céu Claro";"Múltipla";"Reta";"Sim";5;0;3;0;2;0;3;2;-23,47559815;-46,5246609;"SPRF-SP";"DEL01-SP";"UOP01-DEL01-SP"
269152;2020-02-14;"sexta-feira";"11:35:00";"PI";316;308,4;"PICOS";"Velocidade Incompatível";"Colisão transversal";"Com Vítimas Feridas";"Pleno dia";"Decrescente";"Céu Claro";"Simples";"Reta";"Sim";2;0;1;0;1;0;1;2;-7,07773683;-41,492757;"SPRF-PI";"DEL04-PI";"UOP01-DEL04-PI"
269153;2020-02-14;"sexta-feira";"06:50:00";"PE";101;83,7;"JABOATAO DOS GUARARAPES";"Falta de Atenção à Condução";"Queda de ocupante de veículo";"Com Vítimas Feridas";"Pleno dia";"Decrescente";"Céu Claro";"Dupla";"Reta";"Sim";2;0;1;0;1;0;1;2;-8,175172;-34,942642;"SPRF-PE";"DEL01-PE";"UOP03-DEL01-PE"
269155;2020-02-14;"sexta-feira";"11:55:00";"PA";230;118;"MARABA";"Não guardar distância de segurança";"Colisão traseira";"Com Vítimas Feridas";"Pleno dia";"Crescente";"Sol";"Dupla";"Reta";"Sim";5;0;1;0;4;0;1;4;-5,35193706;-49,09794103;"SPRF-PA";"DEL03-PA";"UOP01-DEL03-PA"
269156;2020-02-14;"sexta-feira";"11:20:00";"MT";163;775;"SORRISO";"Objeto estático sobre o leito carroçável";"Queda de ocupante de veículo";"Com Vítimas Feridas";"Pleno dia";"Decrescente";"Sol";"Simples";"Reta";"Não";2;0;2;0;0;0;2;1;-12,377445;-55,610874;"SPRF-MT";"DEL06-MT";"UOP01-DEL06-MT"
269157;2020-02-05;"quarta-feira";"19:00:00";"MS";158;212,8;"SELVIRIA";"Animais na Pista";"Atropelamento de Animal";"Com Vítimas Feridas";"Anoitecer";"Decrescente";"Garoa/Chuvisco";"Simples";"Reta";"Não";2;0;1;0;1;0;1;1;-20,46147576;-51,50904834;"SPRF-MS";"DEL07-MS";"UOP01-DEL07-MS"
269160;2020-02-14;"sexta-feira";"13:10:00";"SC";470;139,9;"RIO DO SUL";"Ingestão de Álcool";"Colisão transversal";"Com Vítimas Feridas";"Pleno dia";"Crescente";"Sol";"Simples";"Reta";"Sim";2;0;1;0;1;0;1;2;-27,207214;-49,648476;"SPRF-SC";"DEL04-SC";"UOP02-DEL04-SC"
269162;2020-02-14;"sexta-feira";"11:45:00";"PR";280;274,9;"MARMELEIRO";"Avarias e/ou desgaste excessivo no pneu";"Saída de leito carroçável";"Com Vítimas Feridas";"Pleno dia";"Crescente";"Sol";"Simples";"Declive";"Não";5;0;5;0;0;0;5;1;-26,22841187;-53,17598499;"SPRF-PR";"DEL02-PR";"UOP01-DEL02-PR"
269163;2020-02-12;"quarta-feira";"08:30:00";"MT";364;303;"JACIARA";"Pista Escorregadia";"Saída de leito carroçável";"Sem Vítimas";"Pleno dia";"Crescente";"Chuva";"Dupla";"Reta";"Não";1;0;0;0;1;0;0;1;-15,83217442;-55,17825816;"SPRF-MT";"DEL02-MT";"UOP02-DEL05-MT"
269164;2020-02-14;"sexta-feira";"11:25:00";"CE";222;229,3;"SOBRAL";"Pista Escorregadia";"Colisão com objeto estático";"Com Vítimas Fatais";"Pleno dia";"Crescente";"Nublado";"Simples";"Reta";"Não";3;1;0;1;0;1;1;3;-3,70063233;-40,39266229;"SPRF-CE";"DEL04-CE";"UOP01-DEL04-CE"
269165;2020-02-14;"sexta-feira";"11:30:00";"SP";101;40,5;"UBATUBA";"Desobediência às normas de trânsito pelo condutor";"Colisão transversal";"Com Vítimas Feridas";"Pleno dia";"Crescente";"Céu Claro";"Simples";"Reta";"Não";3;0;1;0;1;1;1;3;-23,41775541;-45,0386042;"SPRF-SP";"DEL06-SP";"UOP01-DEL06-SP"
269167;2020-02-06;"quinta-feira";"17:40:00";"CE";304;52;"ARACATI";"Carga excessiva e/ou mal acondicionada";"Queda de ocupante de veículo";"Com Vítimas Feridas";"Pleno dia";"Crescente";"Céu Claro";"Simples";"Reta";"Não";1;0;1;0;0;0;1;1;-4,5783269;-37,7343883;"SPRF-CE";"DEL03-CE";"UOP03-DEL03-CE"
269171;2020-02-14;"sexta-feira";"13:40:00";"PB";230;14,8;"CABEDELO";"Falta de Atenção à Condução";"Colisão com objeto estático";"Com Vítimas Feridas";"Pleno dia";"Crescente";"Céu Claro";"Dupla";"Reta";"Sim";1;0;0;1;0;0;1;1;-7,0844;-34,8488;"SPRF-PB";"DEL01-PB";"UOP01-DEL01-PB"
269178;2020-02-14;"sexta-feira";"10:40:00";"MS";262;117,8;"AGUA CLARA";"Falta de Atenção à Condução";"Colisão traseira";"Sem Vítimas";"Pleno dia";"Decrescente";"Céu Claro";"Simples";"Reta";"Não";6;0;0;0;6;0;0;2;-20,51171349;-52,6447039;"SPRF-MS";"DEL07-MS";"UOP02-DEL07-MS"
269179;2020-02-14;"sexta-feira";"12:40:00";"PR";369;187,4;"ARAPONGAS";"Não guardar distância de segurança";"Colisão traseira";"Sem Vítimas";"Pleno dia";"Decrescente";"Sol";"Simples";"Reta";"Não";2;0;0;0;2;0;0;2;-23,42801808;-51,4230001;"SPRF-PR";"DEL07-PR";"UOP03-DEL07-PR"
269181;2020-02-14;"sexta-feira";"14:45:00";"SC";280;33;"ARAQUARI";"Defeito Mecânico no Veículo";"Tombamento";"Com Vítimas Feridas";"Pleno dia";"Decrescente";"Céu Claro";"Simples";"Reta";"Sim";1;0;1;0;0;0;1;1;-26,42576441;-48,78741376;"SPRF-SC";"DEL03-SC";"UOP03-DEL03-SC"
269183;2020-02-14;"sexta-feira";"15:30:00";"RJ";116;163;"RIO DE JANEIRO";"Desobediência às normas de trânsito pelo condutor";"Colisão lateral";"Com Vítimas Feridas";"Pleno dia";"Crescente";"Nublado";"Múltipla";"Reta";"Sim";2;0;1;0;1;0;1;2;-22,802729;-43,290424;"SPRF-RJ";"DEL01-RJ";"UOP02-DEL01-RJ"
269187;2020-02-14;"sexta-feira";"15:00:00";"SP";116;442;"REGISTRO";"Pista Escorregadia";"Saída de leito carroçável";"Com Vítimas Feridas";"Pleno dia";"Crescente";"Céu Claro";"Dupla";"Reta";"Não";1;0;1;0;0;0;1;1;-24,47609886;-47,8273532;"SPRF-SP";"DEL05-SP";"UOP01-DEL05-SP"
269188;2020-02-14;"sexta-feira";"15:45:00";"RN";101;95;"NATAL";"Falta de Atenção à Condução";"Colisão traseira";"Sem Vítimas";"Pleno dia";"Crescente";"Céu Claro";"Simples";"Reta";"Sim";2;0;0;0;2;0;0;2;-5,84076841;-35,21035949;"SPRF-RN";"DEL01-RN";"UOP01-DEL01-RN"
269189;2020-02-14;"sexta-feira";"15:55:00";"RN";304;259,1;"SANTA MARIA";"Condutor Dormindo";"Capotamento";"Com Vítimas Feridas";"Pleno dia";"Decrescente";"Céu Claro";"Simples";"Reta";"Não";1;0;1;0;0;0;1;1;-5,84605499;-35,674025;"SPRF-RN";"DEL01-RN";"UOP02-DEL01-RN"
269190;2020-02-14;"sexta-feira";"16:25:00";"DF";251;44,8;"BRASILIA";"Falta de Atenção à Condução";"Colisão transversal";"Com Vítimas Feridas";"Pleno dia";"Crescente";"Céu Claro";"Simples";"Reta";"Não";2;0;1;0;1;0;1;2;-15,9485997;-47,85575867;"SPRF-DF";"DEL01-DF";"UOP01-DEL01-DF"
269192;2020-02-14;"sexta-feira";"16:30:00";"RN";101;96;"NATAL";"Falta de Atenção à Condução";"Colisão lateral";"Com Vítimas Feridas";"Pleno dia";"Crescente";"Sol";"Dupla";"Viaduto";"Sim";2;0;1;0;1;0;1;2;-5,84949622;-35,20890752;"SPRF-RN";"DEL01-RN";"UOP01-DEL01-RN"
269193;2020-02-14;"sexta-feira";"16:00:00";"SP";116;31;"CRUZEIRO";"Defeito Mecânico no Veículo";"Tombamento";"Com Vítimas Feridas";"Pleno dia";"Crescente";"Céu Claro";"Dupla";"Curva";"Não";3;0;2;0;0;1;2;2;-22,63966194;-44,93868903;"SPRF-SP";"DEL08-SP";"UOP02-DEL08-SP"
269194;2020-02-14;"sexta-feira";"16:30:00";"PA";155;274;"ELDORADO DO CARAJAS";"Defeito na Via";"Colisão traseira";"Com Vítimas Feridas";"Pleno dia";"Crescente";"Sol";"Simples";"Reta";"Não";7;0;1;0;6;0;1;2;-5,94769011;-49,21949064;"SPRF-PA";"DEL03-PA";"UOP01-DEL03-PA"
269197;2020-02-14;"sexta-feira";"17:15:00";"RS";116;243;"SAO LEOPOLDO";"Ingestão de álcool e/ou substâncias psicoativas pelo pedestre";"Colisão traseira";"Sem Vítimas";"Pleno dia";"Crescente";"Céu Claro";"Dupla";"Reta";"Não";3;0;0;0;3;0;0;3;-29,72892119;-51,14947994;"SPRF-RS";"DEL01-RS";"UOP02-DEL01-RS"
269199;2020-02-14;"sexta-feira";"17:30:00";"AP";210;16;"MACAPA";"Não guardar distância de segurança";"Colisão traseira";"Com Vítimas Feridas";"Anoitecer";"Decrescente";"Chuva";"Simples";"Reta";"Não";4;0;1;0;3;0;1;2;0,16272592;-51,12790891;"SPRF-AP";"DEL01-AP";"UOP01-DEL01-AP"
269201;2020-02-14;"sexta-feira";"17:00:00";"SC";101;214,7;"PALHOCA";"Não guardar distância de segurança";"Colisão traseira";"Com Vítimas Feridas";"Pleno dia";"Decrescente";"Nublado";"Múltipla";"Reta";"Sim";2;0;1;0;1;0;1;2;-27,64443;-48,67057;"SPRF-SC";"DEL01-SC";"UOP02-DEL01-SC"
269204;2020-02-14;"sexta-feira";"17:40:00";"RJ";101;322;"NITEROI";"Falta de Atenção à Condução";"Colisão transversal";"Com Vítimas Feridas";"Pleno dia";"Crescente";"Céu Claro";"Dupla";"Reta";"Sim";2;0;1;0;1;0;1;2;-22,878923;-43,110676;"SPRF-RJ";"DEL02-RJ";"UOP01-DEL02-RJ"
269205;2020-02-14;"sexta-feira";"17:35:00";"SC";470;139,2;"RIO DO SUL";"Falta de Atenção à Condução";"Colisão lateral";"Com Vítimas Feridas";"Pleno dia";"Crescente";"Céu Claro";"Dupla";"Reta";"Sim";2;0;2;0;0;0;2;1;-27,217564;-49,65461;"SPRF-SC";"DEL04-SC";"UOP02-DEL04-SC"
269206;2020-02-14;"sexta-feira";"18:00:00";"SP";153;115,6;"UBARANA";"Falta de Atenção à Condução";"Capotamento";"Com Vítimas Feridas";"Pleno dia";"Decrescente";"Céu Claro";"Simples";"Reta";"Não";2;0;1;0;1;0;1;1;-21,12936492;-49,69487819;"SPRF-SP";"DEL09-SP";"UOP01-DEL09-SP"
269207;2020-02-14;"sexta-feira";"18:10:00";"SP";153;73,2;"SAO JOSE DO RIO PRETO";"Não guardar distância de segurança";"Colisão lateral";"Com Vítimas Feridas";"Pleno dia";"Crescente";"Céu Claro";"Dupla";"Reta";"Sim";2;0;1;0;1;0;1;2;-20,87627206;-49,42004692;"SPRF-SP";"DEL09-SP";"UOP01-DEL09-SP"
269208;2020-02-14;"sexta-feira";"17:00:00";"BA";324;531;"FEIRA DE SANTANA";"Falta de Atenção à Condução";"Incêndio";"Com Vítimas Feridas";"Anoitecer";"Crescente";"Céu Claro";"Simples";"Reta";"Não";1;0;1;0;0;0;1;1;-12,33362408;-38,85454306;"SPRF-BA";"DEL01-BA";"UOP01-DEL01-BA"
269210;2020-02-14;"sexta-feira";"17:45:00";"GO";50;277,1;"CATALAO";"Falta de Atenção à Condução";"Colisão lateral";"Com Vítimas Feridas";"Anoitecer";"Decrescente";"Nublado";"Simples";"Reta";"Sim";2;0;1;0;1;0;1;2;-18,1652;-47,9113;"SPRF-GO";"DEL06-GO";"UOP01-DEL06-GO"
269212;2020-02-14;"sexta-feira";"17:00:00";"MG";50;71;"UBERLANDIA";"Não guardar distância de segurança";"Colisão traseira";"Com Vítimas Feridas";"Pleno dia";"Decrescente";"Céu Claro";"Dupla";"Reta";"Sim";3;0;1;0;2;0;1;2;-18,85140204;-48,25345932;"SPRF-MG";"DEL15-MG";"UOP01-DEL15-MG"
269213;2020-02-14;"sexta-feira";"16:10:00";"RJ";40;111;"DUQUE DE CAXIAS";"Desobediência às normas de trânsito pelo condutor";"Colisão com objeto em movimento";"Com Vítimas Feridas";"Pleno dia";"Crescente";"Chuva";"Múltipla";"Aclive";"Sim";3;0;2;0;0;1;2;2;-22,691868;-43,287453;"SPRF-RJ";"DEL01-RJ";"UOP01-DEL01-RJ"
269214;2020-02-14;"sexta-feira";"17:50:00";"SP";116;278;"EMBU DAS ARTES";"Ultrapassagem Indevida";"Colisão lateral";"Com Vítimas Feridas";"Anoitecer";"Crescente";"Nublado";"Dupla";"Reta";"Sim";4;0;4;0;0;0;4;3;-23,63580187;-46,82896798;"SPRF-SP";"DEL04-SP";"UOP01-DEL04-SP"
269215;2020-02-14;"sexta-feira";"17:23:00";"CE";222;122,2;"ITAPAJE";"Falta de Atenção à Condução";"Colisão transversal";"Com Vítimas Feridas";"Anoitecer";"Decrescente";"Céu Claro";"Simples";"Reta";"Sim";2;0;1;0;1;0;1;2;-3,69938953;-39,57425626;"SPRF-CE";"DEL04-CE";"UOP03-DEL04-CE"
269216;2020-02-14;"sexta-feira";"18:00:00";"DF";70;3;"BRASILIA";"Falta de Atenção à Condução";"Queda de ocupante de veículo";"Com Vítimas Feridas";"Plena Noite";"Decrescente";"Céu Claro";"Dupla";"Reta";"Sim";1;0;1;0;0;0;1;1;-15,802453;-48,080387;"SPRF-DF";"DEL03-DF";"UOP02-DEL03-DF"
269217;2020-02-14;"sexta-feira";"16:00:00";"AC";364;127;"RIO BRANCO";"Desobediência às normas de trânsito pelo condutor";"Colisão lateral";"Com Vítimas Feridas";"Pleno dia";"Decrescente";"Céu Claro";"Simples";"Reta";"Sim";3;0;2;0;1;0;2;2;-10,01980906;-67,81433091;"SPRF-AC";"DEL01-AC";"UOP01-DEL01-AC"
269218;2020-02-14;"sexta-feira";"18:10:00";"RS";386;346;"LAJEADO";"Desobediência às normas de trânsito pelo condutor";"Colisão traseira";"Com Vítimas Feridas";"Anoitecer";"Decrescente";"Nublado";"Simples";"Reta";"Sim";2;0;1;0;1;0;1;2;-29,446793;-51,974564;"SPRF-RS";"DEL04-RS";"UOP01-DEL04-RS"
269219;2020-02-14;"sexta-feira";"18:30:00";"DF";20;8;"BRASILIA";"Desobediência às normas de trânsito pelo condutor";"Atropelamento de Pedestre";"Com Vítimas Feridas";"Anoitecer";"Crescente";"Céu Claro";"Dupla";"Aclive";"Sim";2;0;1;0;1;0;1;2;-15,658386;-47,791534;"SPRF-DF";"DEL02-DF";"UOP01-DEL02-DF"
269220;2020-02-14;"sexta-feira";"17:35:00";"SC";280;32,8;"ARAQUARI";"Desobediência às normas de trânsito pelo condutor";"Colisão transversal";"Sem Vítimas";"Pleno dia";"Decrescente";"Céu Claro";"Simples";"Reta";"Não";2;0;0;0;2;0;0;2;-26,420618;-48,779335;"SPRF-SC";"DEL03-SC";"UOP03-DEL03-SC"
269221;2020-02-14;"sexta-feira";"16:20:00";"MG";50;72;"UBERLANDIA";"Falta de Atenção à Condução";"Colisão traseira";"Com Vítimas Feridas";"Pleno dia";"Decrescente";"Sol";"Dupla";"Reta";"Sim";3;0;2;0;1;0;2;2;-18,85140204;-48,25345932;"SPRF-MG";"DEL15-MG";"UOP01-DEL15-MG"
269223;2020-02-14;"sexta-feira";"17:40:00";"PB";230;27;"JOAO PESSOA";"Falta de Atenção à Condução";"Tombamento";"Com Vítimas Feridas";"Anoitecer";"Crescente";"Nublado";"Dupla";"Reta";"Sim";2;0;0;2;0;0;2;1;-7,1677;-34,8855;"SPRF-PB";"DEL01-PB";"UOP01-DEL01-PB"
269224;2020-02-14;"sexta-feira";"10:00:00";"MG";381;248;"SANTANA DO PARAISO";"Ultrapassagem Indevida";"Colisão lateral";"Com Vítimas Feridas";"Pleno dia";"Decrescente";"Céu Claro";"Simples";"Reta";"Não";4;0;1;0;2;1;1;3;-19,43642491;-42,50988007;"SPRF-MG";"DEL06-MG";"UOP01-DEL06-MG"
269225;2020-02-14;"sexta-feira";"18:10:00";"RS";290;138,8;"ELDORADO DO SUL";"Condutor Dormindo";"Colisão frontal";"Com Vítimas Fatais";"Pleno dia";"Crescente";"Nublado";"Simples";"Reta";"Não";5;1;1;3;0;0;4;2;-30,075125;-51,590378;"SPRF-RS";"DEL02-RS";"UOP01-DEL02-RS"
269226;2020-02-14;"sexta-feira";"18:30:00";"SP";116;211;"GUARULHOS";"Falta de Atenção à Condução";"Colisão lateral";"Com Vítimas Feridas";"Anoitecer";"Decrescente";"Céu Claro";"Múltipla";"Reta";"Sim";2;0;1;0;1;0;1;2;-23,4324306;-46,4194352;"SPRF-SP";"DEL01-SP";"UOP01-DEL01-SP"
269227;2020-02-14;"sexta-feira";"18:10:00";"RJ";101;551,8;"PARATY";"Falta de Atenção à Condução";"Colisão transversal";"Com Vítimas Feridas";"Pleno dia";"Decrescente";"Céu Claro";"Simples";"Reta";"Não";5;0;4;0;1;0;4;2;-23,05018104;-44,67370097;"SPRF-RJ";"DEL03-RJ";"UOP04-DEL03-RJ"
269228;2020-02-14;"sexta-feira";"18:50:00";"RN";226;111,8;"SANTA CRUZ";"Falta de Atenção à Condução";"Colisão transversal";"Com Vítimas Feridas";"Plena Noite";"Crescente";"Céu Claro";"Simples";"Aclive";"Sim";2;0;2;0;0;0;2;2;-6,22841881;-36,0177456;"SPRF-RN";"DEL03-RN";"UOP02-DEL03-RN"
269230;2020-02-14;"sexta-feira";"18:30:00";"AP";210;45;"MACAPA";"Falta de Atenção à Condução";"Capotamento";"Com Vítimas Feridas";"Anoitecer";"Crescente";"Chuva";"Simples";"Reta";"Não";4;0;1;0;3;0;1;1;0,39706501;-51,05898802;"SPRF-AP";"DEL01-AP";"UOP01-DEL01-AP"
269231;2020-02-14;"sexta-feira";"19:00:00";"ES";101;266,9;"SERRA";"Falta de Atenção à Condução";"Atropelamento de Pedestre";"Com Vítimas Feridas";"Plena Noite";"Crescente";"Nublado";"Múltipla";"Reta";"Sim";2;0;0;1;0;1;1;2;-20,190199;-40,26828891;"SPRF-ES";"DEL02-ES";"UOP01-DEL02-ES"
269232;2020-02-14;"sexta-feira";"19:45:00";"SC";101;432,4;"SOMBRIO";"Defeito Mecânico no Veículo";"Tombamento";"Com Vítimas Feridas";"Plena Noite";"Crescente";"Céu Claro";"Dupla";"Reta";"Sim";2;0;2;0;0;0;2;1;-29,07326609;-49,62717768;"SPRF-SC";"DEL02-SC";"UOP02-DEL02-SC"
269233;2020-02-14;"sexta-feira";"20:05:00";"PR";373;233;"IMBITUVA";"Ingestão de Álcool";"Queda de ocupante de veículo";"Com Vítimas Feridas";"Plena Noite";"Crescente";"Céu Claro";"Simples";"Reta";"Não";1;0;1;0;0;0;1;1;-25,18677344;-50,69712205;"SPRF-PR";"DEL03-PR";"UOP01-DEL03-PR"
269234;2020-02-14;"sexta-feira";"18:30:00";"ES";262;158;"IBATIBA";"Falta de Atenção do Pedestre";"Atropelamento de Pedestre";"Com Vítimas Feridas";"Plena Noite";"Crescente";"Céu Claro";"Simples";"Reta";"Sim";2;0;1;0;1;0;1;2;-20,23111383;-41,49626094;"SPRF-ES";"DEL01-ES";"UOP02-DEL01-ES"
269235;2020-02-14;"sexta-feira";"19:50:00";"GO";60;163,2;"GOIANIA";"Falta de Atenção à Condução";"Colisão lateral";"Com Vítimas Feridas";"Plena Noite";"Decrescente";"Céu Claro";"Dupla";"Reta";"Sim";2;0;1;0;1;0;1;2;-16,7002;-49,3335;"SPRF-GO";"DEL01-GO";"UOP02-DEL01-GO"
269236;2020-02-14;"sexta-feira";"20:00:00";"SC";101;340,9;"TUBARAO";"Falta de Atenção à Condução";"Colisão transversal";"Com Vítimas Feridas";"Plena Noite";"Crescente";"Céu Claro";"Simples";"Interseção de Vias";"Sim";3;0;2;1;0;0;3;2;-28,501444;-49,04690399;"SPRF-SC";"DEL02-SC";"UOP01-DEL02-SC"
269239;2020-02-14;"sexta-feira";"19:44:00";"PE";101;66,3;"RECIFE";"Falta de Atenção à Condução";"Colisão traseira";"Com Vítimas Feridas";"Plena Noite";"Crescente";"Céu Claro";"Múltipla";"Reta";"Sim";3;0;1;1;1;0;2;2;-8,03368534;-34,94184125;"SPRF-PE";"DEL01-PE";"UOP01-DEL01-PE"
269240;2020-02-14;"sexta-feira";"20:50:00";"MG";381;3;"BETIM";"Velocidade Incompatível";"Tombamento";"Com Vítimas Feridas";"Plena Noite";"Decrescente";"Céu Claro";"Dupla";"Reta";"Sim";2;0;2;0;0;0;2;1;-19,96825;-44,198708;"SPRF-MG";"DEL01-MG";"UOP03-DEL01-MG"
269241;2020-02-14;"sexta-feira";"20:15:00";"MA";222;677;"ACAILANDIA";"Animais na Pista";"Atropelamento de Animal";"Com Vítimas Feridas";"Plena Noite";"Crescente";"Céu Claro";"Dupla";"Declive";"Sim";1;0;0;1;0;0;1;1;-4,94746472;-47,47679017;"SPRF-MA";"DEL04-MA";"UOP03-DEL04-MA"
269242;2020-02-14;"sexta-feira";"21:00:00";"SP";116;287;"ITAPECERICA DA SERRA";"Falta de Atenção à Condução";"Colisão traseira";"Com Vítimas Feridas";"Plena Noite";"Crescente";"Céu Claro";"Dupla";"Reta";"Não";3;0;2;0;1;0;2;2;-23,71441779;-46,87929634;"SPRF-SP";"DEL04-SP";"UOP01-DEL04-SP"
269245;2020-02-14;"sexta-feira";"20:30:00";"SP";116;229;"SAO PAULO";"Ingestão de Álcool";"Colisão lateral";"Com Vítimas Feridas";"Plena Noite";"Decrescente";"Nublado";"Múltipla";"Reta";"Sim";2;0;1;0;1;0;1;2;-23,50999439;-46,57341741;"SPRF-SP";"DEL01-SP";"UOP01-DEL01-SP"
269246;2020-02-14;"sexta-feira";"18:50:00";"PB";230;312,1;"SAO MAMEDE";"Animais na Pista";"Atropelamento de Animal";"Com Vítimas Feridas";"Plena Noite";"Crescente";"Céu Claro";"Simples";"Reta";"Sim";3;0;1;0;2;0;1;2;-6,9286;-37,0745;"SPRF-PB";"DEL03-PB";"UOP01-DEL03-PB"
269247;2020-02-14;"sexta-feira";"21:00:00";"MG";364;27,8;"FRUTAL";"Sinalização da via insuficiente ou inadequada";"Colisão com objeto estático";"Com Vítimas Feridas";"Plena Noite";"Crescente";"Céu Claro";"Simples";"Curva";"Sim";1;0;1;0;0;0;1;1;-20,02045192;-48,90220642;"SPRF-MG";"DEL13-MG";"UOP02-DEL13-MG"
269249;2020-02-14;"sexta-feira";"19:50:00";"PR";277;116;"CAMPO LARGO";"Ingestão de Álcool";"Saída de leito carroçável";"Com Vítimas Feridas";"Plena Noite";"Crescente";"Céu Claro";"Dupla";"Reta";"Sim";2;0;1;0;1;0;1;1;-25,43658468;-49,51452255;"SPRF-PR";"DEL01-PR";"UOP03-DEL03-PR"
269250;2020-02-14;"sexta-feira";"20:10:00";"BA";110;383;"SAO SEBASTIAO DO PASSE";"Falta de Atenção do Pedestre";"Atropelamento de Pedestre";"Com Vítimas Fatais";"Plena Noite";"Crescente";"Céu Claro";"Simples";"Reta";"Não";2;1;0;0;0;1;0;2;-12,47631116;-38,48090863;"SPRF-BA";"DEL01-BA";"UOP01-DEL01-BA"