"id";"data_inversa";"dia_semana";"horario";"uf";"br";"km";"municipio";"causa_acidente";"tipo_acidente";"classificacao_acidente";"fase_dia";"sentido_via";"condicao_metereologica";"tipo_pista";"tracado_via";"uso_solo";"pessoas";"mortos";"feridos_leves";"feridos_graves";"ilesos";"ignorados";"feridos";"veiculos";"latitude";"longitude";"regional";"delegacia";"uop"
269375;2020-02-15;"sábado";"10:30:00";"RS";116;248;"SAO LEOPOLDO";"Falta de Atenção do Pedestre";"Atropelamento de Pedestre";"Com Vítimas Feridas";"Pleno dia";"Crescente";"Céu Claro";"Dupla";"Interseção de Vias";"Sim";2;0;1;0;1;0;1;2;-29,77605895;-51,15508618;"SPRF-RS";"DEL01-RS";"UOP02-DEL01-RS"
269376;2020-02-15;"sábado";"08:00:00";"SC";163;0;"DIONISIO CERQUEIRA";"Ingestão de álcool e/ou substâncias psicoativas pelo pedestre";"Saída de leito carroçável";"Com Vítimas Feridas";"Pleno dia";"Crescente";"Céu Claro";"Simples";"Rotatória";"Sim";1;0;0;1;0;0;1;1;-26,2613;-53,6206;"SPRF-SC";"DEL07-SC";"UOP04-DEL07-SC"
269377;2020-02-15;"sábado";"10:40:00";"RS";116;324;"BARRA DO RIBEIRO";"Defeito Mecânico no Veículo";"Tombamento";"Com Vítimas Feridas";"Pleno dia";"Crescente";"Céu Claro";"Simples";"Reta";"Não";2;0;0;2;0;0;2;1;-30,32702593;-51,42171417;"SPRF-RS";"DEL02-RS";"UOP01-DEL02-RS"
269378;2020-02-15;"sábado";"10:30:00";"PR";369;158;"LONDRINA";"Falta de Atenção à Condução";"Colisão lateral";"Com Vítimas Feridas";"Pleno dia";"Crescente";"Céu Claro";"Dupla";"Interseção de Vias;Reta;Viaduto;Rotatória";"Sim";2;0;1;0;1;0;1;2;-23,28560392;-51,23476267;"SPRF-PR";"DEL07-PR";"UOP01-DEL07-PR"
269379;2020-02-15;"sábado";"10:00:00";"PB";230;12,4;"CABEDELO";"Falta de Atenção à Condução";"Colisão traseira";"Com Vítimas Feridas";"Pleno dia";"Decrescente";"Sol";"Dupla";"Reta";"Sim";3;0;1;1;0;1;2;3;-7,068;-34,85;"SPRF-PB";"DEL01-PB";"UOP01-DEL01-PB"
269380;2020-02-15;"sábado";"10:30:00";"SC";282;18,2;"PALHOCA";"Desobediência às normas de trânsito pelo condutor";"Colisão frontal";"Com Vítimas Feridas";"Pleno dia";"Crescente";"Céu Claro";"Simples";"Curva";"Sim";4;0;2;1;1;0;3;4;-27,672798;-48,694286;"SPRF-SC";"DEL01-SC";"UOP02-DEL01-SC"
269383;2020-02-15;"sábado";"10:20:00";"BA";116;815;"VITORIA DA CONQUISTA";"Falta de Atenção à Condução";"Tombamento";"Com Vítimas Feridas";"Pleno dia";"Crescente";"Sol";"Simples";"Reta";"Não";2;0;2;0;0;0;2;1;-14,81287215;-40,79780233;"SPRF-BA";"DEL08-BA";"UOP01-DEL08-BA"
269384;2020-02-15;"sábado";"11:15:00";"RS";116;254,5;"SAPUCAIA DO SUL";"Falta de Atenção à Condução";"Colisão com objeto estático";"Sem Vítimas";"Pleno dia";"Crescente";"Céu Claro";"Dupla";"Reta";"Sim";1;0;0;0;0;1;0;1;-29,82654797;-51,17241311;"SPRF-RS";"DEL01-RS";"UOP02-DEL01-RS"
269385;2020-02-15;"sábado";"11:45:00";"ES";101;210,3;"IBIRACU";"Ingestão de Álcool";"Colisão com objeto estático";"Com Vítimas Feridas";"Pleno dia";"Crescente";"Sol";"Simples";"Em Obras";"Não";1;0;0;1;0;0;1;1;-19,79272558;-40,37138164;"SPRF-ES";"DEL02-ES";"UOP01-DEL02-ES"
269386;2020-02-15;"sábado";"11:20:00";"PR";476;132,8;"CURITIBA";"Falta de Atenção à Condução";"Colisão traseira";"Com Vítimas Feridas";"Pleno dia";"Crescente";"Céu Claro";"Dupla";"Reta";"Não";6;0;1;0;4;1;1;3;-25,46804824;-49,25301065;"SPRF-PR";"DEL01-PR";"UOP03-DEL01-PR"
269387;2020-02-15;"sábado";"11:30:00";"PE";428;191,8;"PETROLINA";"Ultrapassagem Indevida";"Colisão lateral";"Com Vítimas Feridas";"Pleno dia";"Decrescente";"Céu Claro";"Simples";"Reta";"Sim";2;0;1;0;1;0;1;2;-9,37766429;-40,50269795;"SPRF-PE";"DEL06-PE";"UOP01-DEL06-PE"
269388;2020-02-15;"sábado";"11:30:00";"RJ";116;179;"NOVA IGUACU";"Desobediência às normas de trânsito pelo condutor";"Colisão lateral";"Com Vítimas Feridas";"Pleno dia";"Decrescente";"Céu Claro";"Dupla";"Reta";"Sim";2;0;1;0;1;0;1;2;-22,769902;-43,408036;"SPRF-RJ";"DEL01-RJ";"UOP02-DEL01-RJ"
269390;2020-02-15;"sábado";"10:05:00";"AC";364;121,8;"RIO BRANCO";"Animais na Pista";"Atropelamento de Animal";"Com Vítimas Feridas";"Pleno dia";"Decrescente";"Céu Claro";"Dupla";"Reta";"Sim";2;0;2;0;0;0;2;1;-10,01209268;-67,764365;"SPRF-AC";"DEL01-AC";"UOP01-DEL01-AC"
269392;2020-02-15;"sábado";"12:50:00";"SC";101;210;"SAO JOSE";"Defeito Mecânico no Veículo";"Tombamento";"Com Vítimas Feridas";"Pleno dia";"Crescente";"Céu Claro";"Múltipla";"Reta";"Sim";2;0;2;0;0;0;2;1;-27,6167305;-48,6457265;"SPRF-SC";"DEL01-SC";"UOP01-DEL01-SC"
269393;2020-02-15;"sábado";"12:00:00";"AL";316;216;"ATALAIA";"Falta de Atenção à Condução";"Saída de leito carroçável";"Com Vítimas Feridas";"Pleno dia";"Crescente";"Céu Claro";"Simples";"Curva";"Não";1;0;0;1;0;0;1;1;-9,50595276;-36,21574402;"SPRF-AL";"DEL01-AL";"UOP01-DEL01-AL"
269396;2020-02-15;"sábado";"10:00:00";"MT";70;515;"VARZEA GRANDE";"Ingestão de álcool e/ou substâncias psicoativas pelo pedestre";"Colisão transversal";"Sem Vítimas";"Pleno dia";"Crescente";"Céu Claro";"Simples";"Rotatória";"Sim";2;0;0;0;2;0;0;2;-15,69991133;-56,04234874;"SPRF-MT";"DEL05-MT";"UOP02-DEL05-MT"
269397;2020-02-15;"sábado";"11:55:00";"RO";364;235,8;"CACOAL";"Falta de Atenção à Condução";"Colisão transversal";"Com Vítimas Feridas";"Pleno dia";"Crescente";"Céu Claro";"Simples";"Reta";"Sim";2;0;1;0;1;0;1;2;-11,4506169;-61,4302469;"SPRF-RO";"DEL02-RO";"UOP02-DEL02-RO"
269398;2020-02-15;"sábado";"13:40:00";"SC";282;220,3;"CORREIA PINTO";"Falta de Atenção à Condução";"Colisão transversal";"Com Vítimas Feridas";"Pleno dia";"Decrescente";"Nublado";"Simples";"Interseção de Vias";"Sim";3;0;2;0;1;0;2;2;-27,794014;-50,33363;"SPRF-SC";"DEL05-SC";"UOP01-DEL05-SC"
269399;2020-02-15;"sábado";"10:30:00";"SC";101;336,4;"TUBARAO";"Velocidade Incompatível";"Colisão com objeto estático";"Com Vítimas Feridas";"Pleno dia";"Crescente";"Céu Claro";"Múltipla";"Curva";"Sim";1;0;1;0;0;0;1;1;-28,47311347;-49,02437375;"SPRF-SC";"DEL02-SC";"UOP01-DEL02-SC"
269400;2020-02-15;"sábado";"13:00:00";"SC";101;315,5;"PESCARIA BRAVA";"Falta de Atenção do Pedestre";"Atropelamento de Pedestre";"Com Vítimas Feridas";"Pleno dia";"Crescente";"Céu Claro";"Dupla";"Reta";"Sim";3;0;0;1;2;0;1;2;-28,43552413;-48,8343121;"SPRF-SC";"DEL02-SC";"UOP01-DEL02-SC"
269401;2020-02-15;"sábado";"11:20:00";"AP";210;8;"MACAPA";"Pista Escorregadia";"Tombamento";"Com Vítimas Feridas";"Pleno dia";"Decrescente";"Céu Claro";"Dupla";"Rotatória";"Não";2;0;2;0;0;0;2;1;0,1045;-51,126076;"SPRF-AP";"DEL01-AP";"UOP01-DEL01-AP"
269404;2020-02-15;"sábado";"13:50:00";"PE";101;35,4;"IGARASSU";"Falta de Atenção à Condução";"Saída de leito carroçável";"Com Vítimas Feridas";"Pleno dia";"Crescente";"Céu Claro";"Dupla";"Reta";"Não";5;0;5;0;0;0;5;1;-7,77952193;-34,93231384;"SPRF-PE";"DEL01-PE";"UOP02-DEL01-PE"
269405;2020-02-15;"sábado";"08:00:00";"RO";421;3;"ARIQUEMES";"Defeito na Via";"Queda de ocupante de veículo";"Com Vítimas Feridas";"Pleno dia";"Crescente";"Garoa/Chuvisco";"Simples";"Reta";"Não";1;0;1;0;0;0;1;1;-9,930296;-63,078598;"SPRF-RO";"DEL03-RO";"UOP01-DEL03-RO"
269406;2020-02-15;"sábado";"14:10:00";"RS";116;223;"DOIS IRMAOS";"Falta de Atenção à Condução";"Colisão transversal";"Com Vítimas Feridas";"Pleno dia";"Crescente";"Céu Claro";"Simples";"Curva";"Não";3;0;2;0;1;0;2;3;-29,58827044;-51,09917696;"SPRF-RS";"DEL01-RS";"UOP02-DEL01-RS"
269407;2020-02-15;"sábado";"09:00:00";"RO";364;629,8;"ITAPUA DO OESTE";"Velocidade Incompatível";"Saída de leito carroçável";"Com Vítimas Feridas";"Pleno dia";"Decrescente";"Nublado";"Simples";"Reta";"Não";2;0;2;0;0;0;2;1;-9,08019478;-63,36288908;"SPRF-RO";"DEL01-RO";"UOP04-DEL01-RO"
269408;2020-02-15;"sábado";"11:10:00";"RO";364;714;"PORTO VELHO";"Falta de Atenção à Condução";"Atropelamento de Pedestre";"Com Vítimas Feridas";"Pleno dia";"Decrescente";"Chuva";"Simples";"Rotatória";"Sim";2;0;0;1;0;1;1;2;-8,77323714;-63,88521091;"SPRF-RO";"DEL01-RO";"UOP01-DEL01-RO"
269409;2020-02-15;"sábado";"14:20:00";"GO";153;537;"HIDROLANDIA";"Condutor Dormindo";"Saída de leito carroçável";"Com Vítimas Feridas";"Pleno dia";"Decrescente";"Nublado";"Dupla";"Declive";"Não";1;0;1;0;0;0;1;1;-17,0276;-49,2229;"SPRF-GO";"DEL01-GO";"UOP03-DEL01-GO"
269410;2020-02-15;"sábado";"14:35:00";"PR";116;79,3;"QUATRO BARRAS";"Objeto estático sobre o leito carroçável";"Tombamento";"Com Vítimas Feridas";"Pleno dia";"Crescente";"Nublado";"Dupla";"Reta";"Não";2;0;2;0;0;0;2;1;-25,39699691;-49,0572143;"SPRF-PR";"DEL01-PR";"UOP01-DEL01-PR"
269411;2020-02-15;"sábado";"14:20:00";"DF";70;10;"BRASILIA";"Ingestão de Álcool";"Colisão lateral";"Com Vítimas Feridas";"Pleno dia";"Crescente";"Garoa/Chuvisco";"Dupla";"Reta";"Sim";2;0;1;0;1;0;1;2;-15,787066;-48,140709;"SPRF-DF";"DEL03-DF";"UOP02-DEL03-DF"
269413;2020-02-15;"sábado";"15:03:00";"PE";101;35,4;"IGARASSU";"Falta de Atenção à Condução";"Colisão traseira";"Com Vítimas Feridas";"Pleno dia";"Crescente";"Céu Claro";"Dupla";"Reta";"Não";3;0;1;0;2;0;1;2;-7,77952193;-34,93231384;"SPRF-PE";"DEL01-PE";"UOP02-DEL01-PE"
269416;2020-02-15;"sábado";"15:00:00";"SP";116;214;"GUARULHOS";"Falta de Atenção à Condução";"Colisão lateral";"Com Vítimas Feridas";"Pleno dia";"Decrescente";"Céu Claro";"Múltipla";"Reta";"Sim";2;0;1;0;0;1;1;2;-23,44333014;-46,44531294;"SPRF-SP";"DEL01-SP";"UOP01-DEL01-SP"
269419;2020-02-15;"sábado";"15:00:00";"SP";381;16;"BRAGANCA PAULISTA";"Não guardar distância de segurança";"Capotamento";"Com Vítimas Feridas";"Pleno dia";"Crescente";"Céu Claro";"Múltipla";"Reta";"Sim";1;0;1;0;0;0;1;1;-22,95797408;-46,48078972;"SPRF-SP";"DEL03-SP";"UOP01-DEL03-SP"
269423;2020-02-15;"sábado";"15:20:00";"MG";50;70;"UBERLANDIA";"Falta de Atenção à Condução";"Colisão traseira";"Com Vítimas Feridas";"Pleno dia";"Crescente";"Sol";"Dupla";"Reta";"Sim";2;0;0;1;1;0;1;2;-18,89475568;-48,24972153;"SPRF-MG";"DEL15-MG";"UOP01-DEL15-MG"
269426;2020-02-15;"sábado";"16:00:00";"SP";381;86;"SAO PAULO";"Falta de Atenção à Condução";"Tombamento";"Com Vítimas Feridas";"Pleno dia";"Decrescente";"Céu Claro";"Múltipla";"Reta";"Sim";1;0;0;1;0;0;1;1;-23,45930499;-46,57161179;"SPRF-SP";"DEL03-SP";"UOP01-DEL03-SP"
269428;2020-02-15;"sábado";"15:00:00";"RS";116;153;"CAXIAS DO SUL";"Defeito Mecânico no Veículo";"Tombamento";"Com Vítimas Feridas";"Pleno dia";"Crescente";"Céu Claro";"Dupla";"Curva";"Sim";2;0;2;0;0;0;2;1;-29,18579758;-51,17713005;"SPRF-RS";"DEL05-RS";"UOP01-DEL05-RS"
269430;2020-02-15;"sábado";"16:25:00";"PB";230;27,9;"JOAO PESSOA";"Ingestão de Álcool";"Colisão com objeto estático";"Com Vítimas Feridas";"Pleno dia";"Decrescente";"Céu Claro";"Simples";"Curva";"Sim";1;0;1;0;0;0;1;1;-7,1677;-34,8855;"SPRF-PB";"DEL01-PB";"UOP01-DEL01-PB"
269431;2020-02-15;"sábado";"16:10:00";"RS";470;204;"BENTO GONCALVES";"Ingestão de Álcool";"Colisão frontal";"Com Vítimas Feridas";"Pleno dia";"Crescente";"Céu Claro";"Simples";"Reta";"Sim";6;0;5;1;0;0;6;2;-29,07878136;-51,5682871;"SPRF-RS";"DEL06-RS";"UOP01-DEL06-RS"
269433;2020-02-15;"sábado";"16:50:00";"BA";324;622;"SALVADOR";"Objeto estático sobre o leito carroçável";"Queda de ocupante de veículo";"Com Vítimas Feridas";"Pleno dia";"Crescente";"Céu Claro";"Dupla";"Curva";"Sim";1;0;1;0;0;0;1;1;-12,91888605;-38,46502095;"SPRF-BA";"DEL01-BA";"UOP01-DEL01-BA"
269434;2020-02-15;"sábado";"16:40:00";"RN";427;99,1;"CAICO";"Ingestão de Álcool";"Colisão frontal";"Com Vítimas Feridas";"Pleno dia";"Crescente";"Céu Claro";"Simples";"Reta";"Sim";2;0;0;2;0;0;2;2;-6,45929918;-37,09847983;"SPRF-RN";"DEL03-RN";"UOP01-DEL03-RN"
269435;2020-02-15;"sábado";"17:10:00";"PE";101;69,9;"RECIFE";"Desobediência às normas de trânsito pelo condutor";"Colisão lateral";"Sem Vítimas";"Pleno dia";"Decrescente";"Céu Claro";"Múltipla";"Curva";"Sim";2;0;0;0;2;0;0;2;-8,059832;-34,945646;"SPRF-PE";"DEL01-PE";"UOP01-DEL01-PE"
269437;2020-02-15;"sábado";"15:20:00";"SP";116;412;"JUQUIA";"Desobediência às normas de trânsito pelo pedestre";"Atropelamento de Pedestre";"Com Vítimas Fatais";"Pleno dia";"Crescente";"Céu Claro";"Múltipla";"Declive";"Não";2;1;0;0;1;0;0;2;-24,33094086;-47,61325097;"SPRF-SP";"DEL05-SP";"UOP01-DEL05-SP"
269438;2020-02-15;"sábado";"17:05:00";"RJ";101;330,9;"RIO DE JANEIRO";"Condutor Dormindo";"Colisão lateral";"Sem Vítimas";"Pleno dia";"Decrescente";"Céu Claro";"Dupla";"Reta";"Não";2;0;0;0;2;0;0;2;-22,8684989;-43,18548699;"SPRF-RJ";"DEL02-RJ";"UOP01-DEL02-RJ"
269439;2020-02-15;"sábado";"17:00:00";"SP";116;117,9;"TAUBATE";"Falta de Atenção à Condução";"Colisão com objeto estático";"Com Vítimas Feridas";"Pleno dia";"Crescente";"Nublado";"Dupla";"Reta;Interseção de Vias";"Sim";3;0;3;0;0;0;3;1;-23,0582298;-45,6176951;"SPRF-SP";"DEL06-SP";"UOP01-DEL06-SP"
269440;2020-02-06;"quinta-feira";"06:45:00";"AC";364;139;"RIO BRANCO";"Falta de Atenção à Condução";"Colisão transversal";"Com Vítimas Feridas";"Amanhecer";"Decrescente";"Nublado";"Dupla";"Rotatória";"Sim";4;0;0;1;1;2;1;3;-9,95359291;-67,86119892;"SPRF-AC";"DEL01-AC";"UOP01-DEL01-AC"
269441;2020-02-15;"sábado";"17:30:00";"GO";153;434,5;"ANAPOLIS";"Falta de Atenção à Condução";"Colisão frontal";"Com Vítimas Feridas";"Pleno dia";"Decrescente";"Céu Claro";"Simples";"Reta";"Sim";2;0;0;1;1;0;1;2;-16,275604;-48,967766;"SPRF-GO";"DEL02-GO";"UOP01-DEL02-GO"
269443;2020-02-15;"sábado";"17:30:00";"RS";116;40,4;"VACARIA";"Desobediência às normas de trânsito pelo condutor";"Colisão transversal";"Com Vítimas Feridas";"Pleno dia";"Crescente";"Céu Claro";"Múltipla";"Interseção de Vias";"Sim";3;0;1;0;2;0;1;2;-28,51839098;-50,93942202;"SPRF-RS";"DEL05-RS";"UOP03-DEL05-RS"
269445;2020-02-15;"sábado";"18:00:00";"MG";267;302,5;"CAXAMBU";"Ingestão de Álcool";"Colisão transversal";"Com Vítimas Feridas";"Pleno dia";"Crescente";"Céu Claro";"Simples";"Curva";"Não";3;0;0;1;1;1;1;3;-21,9579603;-44,91532919;"SPRF-MG";"DEL17-MG";"UOP01-DEL17-MG"
269446;2020-02-15;"sábado";"17:50:00";"MG";116;274;"TEOFILO OTONI";"Não guardar distância de segurança";"Colisão traseira";"Com Vítimas Feridas";"Anoitecer";"Decrescente";"Céu Claro";"Simples";"Interseção de Vias";"Sim";3;0;1;0;2;0;1;2;-17,83384514;-41,51094368;"SPRF-MG";"DEL11-MG";"UOP01-DEL11-MG"
269447;2020-02-15;"sábado";"17:00:00";"GO";20;212;"POSSE";"Falta de Atenção à Condução";"Tombamento";"Com Vítimas Feridas";"Pleno dia";"Crescente";"Nublado";"Simples";"Reta";"Não";1;0;0;1;0;0;1;1;-14,259401;-46,365856;"SPRF-DF";"DEL02-DF";"UOP03-DEL02-DF"
269448;2020-02-15;"sábado";"16:15:00";"MT";163;758;"SORRISO";"Ingestão de Substâncias Psicoativas";"Colisão com objeto estático";"Sem Vítimas";"Pleno dia";"Crescente";"Nublado";"Simples";"Rotatória";"Não";1;0;0;0;1;0;0;1;-12,508411;-55,692853;"SPRF-MT";"DEL06-MT";"UOP01-DEL06-MT"
269449;2020-02-15;"sábado";"18:30:00";"RN";110;46;"MOSSORO";"Desobediência às normas de trânsito pelo condutor";"Colisão transversal";"Com Vítimas Feridas";"Plena Noite";"Decrescente";"Nublado";"Simples";"Reta";"Sim";2;0;1;0;1;0;1;2;-5,19797675;-37,31839819;"SPRF-RN";"DEL04-RN";"UOP01-DEL04-RN"
269450;2020-02-15;"sábado";"14:30:00";"BA";101;676;"EUNAPOLIS";"Defeito Mecânico no Veículo";"Incêndio";"Com Vítimas Feridas";"Pleno dia";"Crescente";"Céu Claro";"Simples";"Curva;Declive";"Não";3;0;1;0;2;0;1;1;-16,25093452;-39,59850311;"SPRF-BA";"DEL09-BA";"UOP01-DEL09-BA"
269452;2020-02-15;"sábado";"18:20:00";"PB";230;445,3;"APARECIDA";"Não guardar distância de segurança";"Colisão lateral";"Com Vítimas Feridas";"Plena Noite";"Crescente";"Chuva";"Simples";"Reta";"Sim";2;0;0;1;1;0;1;2;-6,7856;-38,0652;"SPRF-PB";"DEL03-PB";"UOP03-DEL03-PB"
269455;2020-02-15;"sábado";"18:45:00";"MG";262;676,5;"ARAXA";"Falta de Atenção à Condução";"Saída de leito carroçável";"Sem Vítimas";"Plena Noite";"Crescente";"Chuva";"Simples";"Reta";"Não";1;0;0;0;1;0;0;1;-19,55095536;-46,85117969;"SPRF-MG";"DEL08-MG";"UOP01-DEL08-MG"
269457;2020-02-15;"sábado";"19:35:00";"RS";101;24;"TRES CACHOEIRAS";"Falta de Atenção à Condução";"Atropelamento de Pedestre";"Com Vítimas Feridas";"Anoitecer";"Decrescente";"Nublado";"Múltipla";"Reta";"Sim";3;0;0;2;1;0;2;2;-29,45065153;-49,91714085;"SPRF-RS";"DEL03-RS";"UOP02-DEL03-RS"
269458;2020-02-15;"sábado";"18:40:00";"PE";101;101;"CABO DE SANTO AGOSTINHO";"Desobediência às normas de trânsito pelo condutor";"Colisão traseira";"Sem Vítimas";"Plena Noite";"Crescente";"Nublado";"Simples";"Reta";"Sim";3;0;0;0;2;1;0;2;-8,2757433;-35,05378122;"SPRF-PE";"DEL01-PE";"UOP03-DEL01-PE"
269460;2020-02-15;"sábado";"19:40:00";"PR";277;5;"FOZ DO IGUACU";"Falta de Atenção do Pedestre";"Colisão traseira";"Com Vítimas Feridas";"Plena Noite";"Crescente";"Nublado";"Dupla";"Reta";"Sim";2;0;1;0;1;0;1;2;-25,5469;-54,5882;"SPRF-PR";"DEL05-PR";"UOP03-DEL05-PR"
269462;2020-02-15;"sábado";"19:55:00";"ES";101;267;"SERRA";"Ingestão de Álcool";"Colisão lateral";"Com Vítimas Feridas";"Plena Noite";"Decrescente";"Céu Claro";"Simples";"Reta";"Sim";3;0;0;1;1;1;1;3;-20,19930999;-40,26884609;"SPRF-ES";"DEL02-ES";"UOP01-DEL02-ES"
269463;2020-02-15;"sábado";"19:00:00";"DF";20;14;"BRASILIA";"Não guardar distância de segurança";"Colisão lateral";"Sem Vítimas";"Plena Noite";"Crescente";"Céu Claro";"Dupla";"Reta";"Não";3;0;0;0;2;1;0;2;-15,634938;-47,741241;"SPRF-DF";"DEL02-DF";"UOP01-DEL02-DF"
269466;2020-02-15;"sábado";"17:50:00";"MG";116;96,5;"MEDINA";"Velocidade Incompatível";"Saída de leito carroçável";"Com Vítimas Feridas";"Pleno dia";"Crescente";"Céu Claro";"Simples";"Declive;Curva";"Não";2;0;0;2;0;0;2;1;-16,40244787;-41,47432334;"SPRF-MG";"DEL11-MG";"UOP02-DEL11-MG"
269467;2020-02-15;"sábado";"20:20:00";"PA";163;998,9;"SANTAREM";"Ingestão de Álcool";"Saída de leito carroçável";"Com Vítimas Feridas";"Plena Noite";"Decrescente";"Ignorado";"Simples";"Reta";"Não";2;0;2;0;0;0;2;1;-2,48288;-54,73173;"SPRF-PA";"DEL05-PA";"UOP01-DEL05-PA"
269468;2020-02-15;"sábado";"19:45:00";"SC";101;409;"ARARANGUA";"Defeito Mecânico no Veículo";"Saída de leito carroçável";"Com Vítimas Feridas";"Plena Noite";"Decrescente";"Céu Claro";"Dupla";"Rotatória";"Sim";1;0;0;1;0;0;1;1;-28,91482796;-49,48625305;"SPRF-SC";"DEL02-SC";"UOP02-DEL02-SC"
269469;2020-02-15;"sábado";"20:15:00";"MG";381;278;"JAGUARACU";"Falta de Atenção à Condução";"Colisão frontal";"Com Vítimas Feridas";"Plena Noite";"Crescente";"Céu Claro";"Simples";"Curva";"Sim";2;0;0;1;1;0;1;2;-19,55760643;-42,71038055;"SPRF-MG";"DEL03-MG";"UOP02-DEL03-MG"
269470;2020-02-15;"sábado";"20:30:00";"RS";290;92;"PORTO ALEGRE";"Falta de Atenção à Condução";"Saída de leito carroçável";"Com Vítimas Feridas";"Plena Noite";"Crescente";"Céu Claro";"Múltipla";"Curva";"Sim";2;0;1;0;0;1;1;2;-29,971916;-51,176838;"SPRF-RS";"DEL01-RS";"UOP01-DEL01-RS"
269471;2020-02-15;"sábado";"20:50:00";"CE";116;18,1;"EUSEBIO";"Não guardar distância de segurança";"Queda de ocupante de veículo";"Com Vítimas Feridas";"Plena Noite";"Decrescente";"Nublado";"Dupla";"Declive";"Sim";1;0;0;1;0;0;1;1;-3,90496605;-38,50518756;"SPRF-CE";"DEL01-CE";"UOP02-DEL01-CE"
269472;2020-02-15;"sábado";"17:15:00";"SC";101;122;"ITAJAI";"Falta de Atenção à Condução";"Colisão transversal";"Com Vítimas Feridas";"Pleno dia";"Decrescente";"Céu Claro";"Simples";"Reta";"Sim";2;0;2;0;0;0;2;2;-26,92955916;-48,70499836;"SPRF-SC";"DEL04-SC";"UOP04-DEL04-SC"
269473;2020-02-15;"sábado";"19:15:00";"SP";116;146,1;"SAO JOSE DOS CAMPOS";"Ingestão de Álcool";"Colisão lateral";"Com Vítimas Feridas";"Plena Noite";"Decrescente";"Céu Claro";"Dupla";"Reta;Aclive";"Não";2;0;1;0;1;0;1;2;-23,19122919;-45,86327591;"SPRF-SP";"DEL02-SP";"UOP01-DEL02-SP"
269474;2020-02-15;"sábado";"19:20:00";"BA";101;710,6;"EUNAPOLIS";"Ingestão de Álcool";"Tombamento";"Com Vítimas Feridas";"Plena Noite";"Decrescente";"Céu Claro";"Simples";"Aclive;Reta";"Não";1;0;0;1;0;0;1;1;-16,32475225;-39,5923233;"SPRF-BA";"DEL09-BA";"UOP01-DEL09-BA"
269475;2020-02-15;"sábado";"19:20:00";"MG";262;442,2;"NOVA SERRANA";"Desobediência às normas de trânsito pelo pedestre";"Atropelamento de Pedestre";"Com Vítimas Fatais";"Plena Noite";"Decrescente";"Céu Claro";"Múltipla";"Reta";"Sim";2;1;0;0;1;0;0;2;-19,8806236;-44,91232265;"SPRF-MG";"DEL08-MG";"UOP03-DEL08-MG"
269476;2020-02-15;"sábado";"21:20:00";"SP";116;209,7;"GUARULHOS";"Falta de Atenção à Condução";"Colisão lateral";"Com Vítimas Feridas";"Plena Noite";"Crescente";"Nublado";"Dupla";"Reta";"Não";2;0;1;0;0;1;1;2;-23,42511799;-46,40221101;"SPRF-SP";"DEL01-SP";"UOP01-DEL01-SP"
269477;2020-02-15;"sábado";"19:20:00";"MA";316;538;"CAXIAS";"Ingestão de Álcool";"Saída de leito carroçável";"Com Vítimas Feridas";"Plena Noite";"Decrescente";"Garoa/Chuvisco";"Simples";"Reta";"Não";2;0;2;0;0;0;2;1;-4,845354;-43,460888;"SPRF-MA";"DEL03-MA";"UOP02-DEL03-MA"
269478;2020-02-15;"sábado";"20:30:00";"BA";116;10;"VITORIA DA CONQUISTA";"Desobediência às normas de trânsito pelo condutor";"Colisão transversal";"Com Vítimas Feridas";"Plena Noite";"Crescente";"Céu Claro";"Simples";"Reta";"Sim";2;0;2;0;0;0;2;2;-14,87076382;-40,87156687;"SPRF-BA";"DEL08-BA";"UOP01-DEL08-BA"
269479;2020-02-15;"sábado";"20:00:00";"MS";60;513,8;"NIOAQUE";"Defeito Mecânico no Veículo";"Incêndio";"Sem Vítimas";"Plena Noite";"Decrescente";"Céu Claro";"Simples";"Reta";"Não";1;0;0;0;1;0;0;1;-21,17882;-55,61991;"SPRF-MS";"DEL05-MS";"UOP01-DEL05-MS"
269480;2020-02-15;"sábado";"20:00:00";"MS";163;88,5;"ITAQUIRAI";"Animais na Pista";"Atropelamento de Animal";"Com Vítimas Feridas";"Plena Noite";"Crescente";"Céu Claro";"Simples";"Reta;Declive";"Não";1;0;1;0;0;0;1;1;-23,38801296;-54,2114515;"SPRF-MS";"DEL09-MS";"UOP01-DEL09-MS"
269481;2020-02-15;"sábado";"21:00:00";"RS";153;106;"COXILHA";"Velocidade Incompatível";"Colisão com objeto estático";"Com Vítimas Feridas";"Plena Noite";"Decrescente";"Céu Claro";"Simples";"Reta";"Não";1;0;1;0;0;0;1;1;-28,11529104;-52,39579396;"SPRF-RS";"DEL08-RS";"UOP03-DEL08-RS"
269482;2020-02-15;"sábado";"20:50:00";"MS";163;610,4;"SAO GABRIEL DO OESTE";"Animais na Pista";"Atropelamento de Animal";"Com Vítimas Feridas";"Plena Noite";"Decrescente";"Céu Claro";"Simples";"Reta";"Não";1;0;1;0;0;0;1;1;-19,43415896;-54,53706196;"SPRF-MS";"DEL06-MS";"UOP02-DEL06-MS"
269483;2020-02-15;"sábado";"21:00:00";"PE";423;62,3;"LAJEDO";"Ingestão de Álcool";"Colisão frontal";"Com Vítimas Fatais";"Plena Noite";"Crescente";"Céu Claro";"Simples";"Declive";"Não";6;1;0;1;4;0;1;2;-8,66219547;-36,34708912;"SPRF-PE";"DEL03-PE";"UOP01-DEL03-PE"