"id";"data_inversa";"dia_semana";"horario";"uf";"br";"km";"municipio";"causa_acidente";"tipo_acidente";"classificacao_acidente";"fase_dia";"sentido_via";"condicao_metereologica";"tipo_pista";"tracado_via";"uso_solo";"pessoas";"mortos";"feridos_leves";"feridos_graves";"ilesos";"ignorados";"feridos";"veiculos";"latitude";"longitude";"regional";"delegacia";"uop"
269485;2020-02-15;"sábado";"22:10:00";"PE";104;111,2;"PANELAS";"Falta de Atenção à Condução";"Colisão com objeto estático";"Com Vítimas Fatais";"Plena Noite";"Decrescente";"Céu Claro";"Simples";"Ponte";"Não";1;1;0;0;0;0;0;1;-8,628445;-36,008938;"SPRF-PE";"DEL02-PE";"UOP01-DEL02-PE"
269486;2020-02-15;"sábado";"18:00:00";"BA";367;25,9;"PORTO SEGURO";"Ingestão de Álcool";"Colisão lateral";"Com Vítimas Feridas";"Anoitecer";"Decrescente";"Céu Claro";"Múltipla";"Reta";"Sim";3;0;2;0;0;1;2;3;-16,43805311;-39,09107101;"SPRF-BA";"DEL09-BA";"UOP01-DEL09-BA"
269487;2020-02-15;"sábado";"21:40:00";"PB";101;89,5;"JOAO PESSOA";"Falta de Atenção à Condução";"Colisão transversal";"Com Vítimas Feridas";"Plena Noite";"Crescente";"Nublado";"Dupla";"Retorno Regulamentado";"Sim";5;0;2;2;1;0;4;3;-7,17813188;-34,89968443;"SPRF-PB";"DEL01-PB";"UOP01-DEL01-PB"
269488;2020-02-15;"sábado";"21:25:00";"PA";222;245;"MARABA";"Falta de Atenção à Condução";"Colisão transversal";"Com Vítimas Feridas";"Plena Noite";"Decrescente";"Céu Claro";"Simples";"Interseção de Vias";"Sim";3;0;3;0;0;0;3;2;-5,355886;-49,079418;"SPRF-PA";"DEL03-PA";"UOP01-DEL03-PA"
269489;2020-02-15;"sábado";"21:50:00";"GO";153;701;"ITUMBIARA";"Desobediência às normas de trânsito pelo condutor";"Colisão frontal";"Com Vítimas Feridas";"Plena Noite";"Crescente";"Céu Claro";"Simples";"Reta";"Sim";3;0;2;0;1;0;2;2;-18,4034;-49,202;"SPRF-GO";"DEL03-GO";"UOP02-DEL03-GO"
269490;2020-02-15;"sábado";"21:20:00";"DF";20;13,5;"BRASILIA";"Velocidade Incompatível";"Saída de leito carroçável";"Com Vítimas Feridas";"Plena Noite";"Crescente";"Céu Claro";"Dupla";"Reta";"Não";1;0;1;0;0;0;1;1;-15,638752;-47,749599;"SPRF-DF";"DEL02-DF";"UOP01-DEL02-DF"
269491;2020-02-15;"sábado";"21:35:00";"PB";101;86;"BAYEUX";"Desobediência às normas de trânsito pelo condutor";"Colisão traseira";"Sem Vítimas";"Plena Noite";"Crescente";"Céu Claro";"Dupla";"Reta";"Não";3;0;0;0;3;0;0;2;-7,13957906;-34,92312806;"SPRF-PB";"DEL01-PB";"UOP01-DEL01-PB"
269492;2020-02-15;"sábado";"22:30:00";"RS";116;148;"CAXIAS DO SUL";"Falta de Atenção à Condução";"Saída de leito carroçável";"Com Vítimas Feridas";"Plena Noite";"Decrescente";"Céu Claro";"Dupla";"Curva";"Sim";1;0;1;0;0;0;1;1;-29,15444539;-51,15101681;"SPRF-RS";"DEL05-RS";"UOP01-DEL05-RS"
269494;2020-02-15;"sábado";"20:00:00";"PA";230;93,3;"SAO JOAO DO ARAGUAIA";"Ingestão de Álcool";"Tombamento";"Com Vítimas Fatais";"Plena Noite";"Decrescente";"Ignorado";"Simples";"Reta";"Não";1;1;0;0;0;0;0;1;-5,44787864;-48,90256682;"SPRF-PA";"DEL03-PA";"UOP01-DEL03-PA"
269495;2020-02-15;"sábado";"22:30:00";"MG";116;588,9;"MANHUACU";"Falta de Atenção à Condução";"Saída de leito carroçável";"Com Vítimas Feridas";"Plena Noite";"Crescente";"Céu Claro";"Simples";"Curva";"Não";1;0;1;0;0;0;1;1;-20,24642667;-42,15785775;"SPRF-MG";"DEL06-MG";"UOP03-DEL06-MG"
269498;2020-02-15;"sábado";"23:00:00";"RS";471;158,5;"RIO PARDO";"Não guardar distância de segurança";"Colisão lateral";"Com Vítimas Feridas";"Plena Noite";"Decrescente";"Céu Claro";"Simples";"Aclive";"Não";3;0;2;0;1;0;2;2;-29,8506605;-52,3932986;"SPRF-RS";"DEL02-RS";"UOP02-DEL02-RS"
269499;2020-02-15;"sábado";"19:50:00";"PR";153;335;"IRATI";"Falta de Atenção à Condução";"Colisão transversal";"Com Vítimas Feridas";"Plena Noite";"Crescente";"Ignorado";"Simples";"Reta";"Sim";2;0;1;0;1;0;1;2;-25,48894141;-50,64508883;"SPRF-PR";"DEL03-PR";"UOP03-DEL03-PR"
269500;2020-02-15;"sábado";"22:10:00";"BA";101;160,5;"CONCEICAO DO JACUIPE";"Ingestão de Álcool";"Saída de leito carroçável";"Com Vítimas Feridas";"Plena Noite";"Decrescente";"Céu Claro";"Simples";"Declive";"Não";2;0;1;1;0;0;2;1;-12,35551436;-38,782478;"SPRF-BA";"DEL01-BA";"UOP03-DEL01-BA"
269501;2020-02-15;"sábado";"15:00:00";"RO";364;811;"PORTO VELHO";"Desobediência às normas de trânsito pelo condutor";"Colisão frontal";"Com Vítimas Fatais";"Pleno dia";"Crescente";"Céu Claro";"Simples";"Reta";"Não";5;2;0;1;1;1;1;3;-9,27117415;-64,49327497;"SPRF-RO";"DEL01-RO";"UOP02-DEL01-RO"
269502;2020-02-15;"sábado";"21:30:00";"PR";376;158,7;"MANDAGUACU";"Falta de Atenção à Condução";"Colisão traseira";"Com Vítimas Feridas";"Plena Noite";"Crescente";"Céu Claro";"Múltipla";"Reta";"Sim";3;0;0;1;2;0;1;2;-23,36169997;-52,08593395;"SPRF-PR";"DEL09-PR";"UOP01-DEL09-PR"
269503;2020-02-15;"sábado";"21:10:00";"PR";376;158,7;"MANDAGUACU";"Falta de Atenção à Condução";"Colisão com objeto estático";"Com Vítimas Feridas";"Pleno dia";"Decrescente";"Nublado";"Dupla";"Reta";"Sim";1;0;1;0;0;0;1;1;-23,36169997;-52,08593395;"SPRF-PR";"DEL09-PR";"UOP01-DEL09-PR"
269504;2020-02-15;"sábado";"21:45:00";"PR";376;158,2;"MANDAGUACU";"Falta de Atenção à Condução";"Colisão traseira";"Sem Vítimas";"Plena Noite";"Crescente";"Nublado";"Dupla";"Reta";"Sim";2;0;0;0;0;2;0;2;-23,35519251;-52,09034262;"SPRF-PR";"DEL09-PR";"UOP01-DEL09-PR"
269505;2020-02-15;"sábado";"23:40:00";"RJ";116;170;"SAO JOAO DE MERITI";"Defeito Mecânico no Veículo";"Incêndio";"Sem Vítimas";"Plena Noite";"Crescente";"Céu Claro";"Dupla";"Reta";"Não";1;0;0;0;1;0;0;1;-22,81113183;-43,3336729;"SPRF-RJ";"DEL01-RJ";"UOP02-DEL01-RJ"
269506;2020-02-15;"sábado";"23:15:00";"CE";116;9,8;"FORTALEZA";"Ingestão de Álcool";"Colisão com objeto estático";"Sem Vítimas";"Plena Noite";"Decrescente";"Garoa/Chuvisco";"Múltipla";"Reta";"Sim";1;0;0;0;1;0;0;1;-3,8192799;-38,50268337;"SPRF-CE";"DEL01-CE";"UOP02-DEL01-CE"
269507;2020-02-15;"sábado";"20:40:00";"SC";282;217;"LAGES";"Não guardar distância de segurança";"Colisão traseira";"Sem Vítimas";"Plena Noite";"Decrescente";"Céu Claro";"Dupla";"Viaduto";"Sim";2;0;0;0;2;0;0;2;-27,7978183;-50,2976203;"SPRF-SC";"DEL05-SC";"UOP01-DEL05-SC"
269509;2020-02-16;"domingo";"00:15:00";"RS";386;440;"CANOAS";"Desobediência às normas de trânsito pelo condutor";"Saída de leito carroçável";"Com Vítimas Feridas";"Plena Noite";"Crescente";"Céu Claro";"Dupla";"Curva";"Não";2;0;1;0;0;1;1;2;-29,878265;-51,241951;"SPRF-RS";"DEL04-RS";"UOP02-DEL04-RS"
269510;2020-02-15;"sábado";"21:05:00";"PE";316;54,5;"TRINDADE";"Desobediência às normas de trânsito pelo condutor";"Colisão frontal";"Com Vítimas Fatais";"Plena Noite";"Decrescente";"Ignorado";"Simples";"Reta";"Não";2;1;0;0;0;1;0;2;-7,73669808;-40,29450303;"SPRF-PE";"DEL05-PE";"UOP02-DEL05-PE"
269511;2020-02-15;"sábado";"23:40:00";"PI";343;3,2;"TERESINA";"Pista Escorregadia";"Queda de ocupante de veículo";"Com Vítimas Feridas";"Plena Noite";"Decrescente";"Chuva";"Múltipla";"Reta";"Não";2;0;2;0;0;0;2;1;-5,089569;-42,802288;"SPRF-PI";"DEL01-PI";"UOP01-DEL01-PI"
269512;2020-02-15;"sábado";"23:00:00";"PR";369;60;"BANDEIRANTES";"Ingestão de Álcool";"Colisão lateral";"Com Vítimas Feridas";"Plena Noite";"Decrescente";"Nublado";"Simples";"Reta";"Sim";3;0;1;0;2;0;1;2;-23,130849;-50,392718;"SPRF-PR";"DEL07-PR";"UOP05-DEL07-PR"
269514;2020-02-15;"sábado";"16:25:00";"MG";40;154;"JOAO PINHEIRO";"Falta de Atenção à Condução";"Colisão traseira";"Com Vítimas Feridas";"Pleno dia";"Crescente";"Nublado";"Simples";"Reta";"Não";5;0;1;0;4;0;1;2;-17,82508605;-46,13234149;"SPRF-MG";"DEL14-MG";"UOP02-DEL14-MG"
269516;2020-02-16;"domingo";"00:00:00";"RN";226;136,2;"CAMPO REDONDO";"Animais na Pista";"Atropelamento de Animal";"Sem Vítimas";"Plena Noite";"Decrescente";"Céu Claro";"Simples";"Reta";"Não";3;0;0;0;3;0;0;1;-6,2050532;-36,19084114;"SPRF-RN";"DEL03-RN";"UOP02-DEL03-RN"
269517;2020-02-16;"domingo";"01:00:00";"RJ";116;107;"GUAPIMIRIM";"Ingestão de Álcool";"Colisão frontal";"Com Vítimas Feridas";"Plena Noite";"Crescente";"Céu Claro";"Múltipla";"Reta;Interseção de Vias";"Sim";2;0;1;0;1;0;1;2;-22,52826187;-42,99737551;"SPRF-RJ";"DEL04-RJ";"UOP02-DEL04-RJ"
269518;2020-02-16;"domingo";"01:00:00";"SE";101;93;"NOSSA SENHORA DO SOCORRO";"Velocidade Incompatível";"Colisão traseira";"Sem Vítimas";"Plena Noite";"Decrescente";"Garoa/Chuvisco";"Dupla";"Retorno Regulamentado";"Sim";4;0;0;0;4;0;0;2;-10,90212319;-37,14494787;"SPRF-SE";"DEL01-SE";"UOP01-DEL01-SE"
269519;2020-02-16;"domingo";"00:05:00";"PE";232;415,7;"SERRA TALHADA";"Ingestão de Álcool";"Atropelamento de Pedestre";"Com Vítimas Feridas";"Plena Noite";"Crescente";"Céu Claro";"Simples";"Reta";"Não";2;0;0;1;0;1;1;2;-7,99605739;-38,34533981;"SPRF-PE";"DEL04-PE";"UOP01-DEL04-PE"
269521;2020-02-16;"domingo";"00:55:00";"DF";20;1;"BRASILIA";"Velocidade Incompatível";"Colisão lateral";"Sem Vítimas";"Plena Noite";"Crescente";"Céu Claro";"Múltipla";"Reta";"Sim";5;0;0;0;4;1;0;2;-15,685814;-47,849838;"SPRF-DF";"DEL02-DF";"UOP01-DEL02-DF"
269522;2020-02-16;"domingo";"01:30:00";"GO";40;4,9;"VALPARAISO DE GOIAS";"Falta de Atenção à Condução";"Saída de leito carroçável";"Sem Vítimas";"Plena Noite";"Crescente";"Chuva";"Dupla";"Curva";"Sim";1;0;0;0;1;0;0;1;-16,09255397;-47,98292393;"SPRF-DF";"DEL01-DF";"UOP01-DEL01-DF"
269523;2020-02-16;"domingo";"00:50:00";"SC";101;438,6;"SOMBRIO";"Desobediência às normas de trânsito pelo condutor";"Colisão traseira";"Com Vítimas Feridas";"Plena Noite";"Crescente";"Nublado";"Dupla";"Declive";"Não";3;0;2;0;0;1;2;2;-29,12329351;-49,64670312;"SPRF-SC";"DEL02-SC";"UOP02-DEL02-SC"
269524;2020-02-16;"domingo";"01:35:00";"PR";376;189,2;"MARIALVA";"Falta de Atenção à Condução";"Colisão traseira";"Com Vítimas Feridas";"Plena Noite";"Crescente";"Céu Claro";"Dupla";"Reta";"Não";2;0;0;1;0;1;1;2;-23,466768;-51,827637;"SPRF-PR";"DEL09-PR";"UOP01-DEL09-PR"
269525;2020-02-16;"domingo";"01:30:00";"GO";40;9;"LUZIANIA";"Desobediência às normas de trânsito pelo condutor";"Saída de leito carroçável";"Com Vítimas Feridas";"Plena Noite";"Decrescente";"Garoa/Chuvisco";"Dupla";"Reta";"Sim";3;0;1;0;2;0;1;1;-16,131158;-47,957739;"SPRF-DF";"DEL01-DF";"UOP01-DEL01-DF"
269527;2020-02-15;"sábado";"21:30:00";"ES";259;82;"COLATINA";"Falta de Atenção à Condução";"Colisão com objeto estático";"Com Vítimas Feridas";"Plena Noite";"Crescente";"Céu Claro";"Dupla";"Reta";"Não";2;0;1;1;0;0;2;1;-19,51079314;-40,85082004;"SPRF-ES";"DEL02-ES";"UOP01-DEL02-ES"
269530;2020-02-16;"domingo";"01:20:00";"MS";163;611;"SAO GABRIEL DO OESTE";"Animais na Pista";"Atropelamento de Animal";"Com Vítimas Feridas";"Plena Noite";"Crescente";"Céu Claro";"Simples";"Reta";"Não";2;0;2;0;0;0;2;1;-19,42738291;-54,54332791;"SPRF-MS";"DEL06-MS";"UOP02-DEL06-MS"
269531;2020-02-16;"domingo";"01:50:00";"MG";262;405,4;"PARA DE MINAS";"Ingestão de Álcool";"Saída de leito carroçável";"Sem Vítimas";"Plena Noite";"Decrescente";"Chuva";"Dupla";"Curva";"Não";1;0;0;0;1;0;0;1;-19,88921326;-44,58977508;"SPRF-MG";"DEL08-MG";"UOP03-DEL08-MG"
269533;2020-02-16;"domingo";"02:10:00";"PB";230;0,7;"CABEDELO";"Ingestão de Álcool";"Tombamento";"Com Vítimas Feridas";"Plena Noite";"Crescente";"Céu Claro";"Simples";"Curva";"Sim";1;0;0;1;0;0;1;1;-6,9711;-34,8382;"SPRF-PB";"DEL01-PB";"UOP01-DEL01-PB"
269534;2020-02-15;"sábado";"21:25:00";"PR";376;175,2;"MARINGA";"Falta de Atenção à Condução";"Colisão lateral";"Com Vítimas Feridas";"Plena Noite";"Decrescente";"Céu Claro";"Dupla";"Reta";"Sim";2;0;1;0;1;0;1;2;-23,4113569;-51,9407767;"SPRF-PR";"DEL09-PR";"UOP01-DEL09-PR"
269535;2020-02-16;"domingo";"02:25:00";"PE";101;73,7;"RECIFE";"Animais na Pista";"Tombamento";"Com Vítimas Fatais";"Plena Noite";"Decrescente";"Céu Claro";"Dupla";"Reta";"Sim";1;1;0;0;0;0;0;1;-8,093369;-34,947464;"SPRF-PE";"DEL01-PE";"UOP01-DEL01-PE"
269537;2020-02-16;"domingo";"03:05:00";"RJ";101;485;"ANGRA DOS REIS";"Desobediência às normas de trânsito pelo condutor";"Colisão frontal";"Com Vítimas Feridas";"Plena Noite";"Decrescente";"Céu Claro";"Simples";"Reta";"Sim";5;0;1;1;3;0;2;2;-22,98573526;-44,29709764;"SPRF-RJ";"DEL03-RJ";"UOP03-DEL03-RJ"
269538;2020-02-16;"domingo";"01:30:00";"MS";163;537;"JARAGUARI";"Ingestão de Álcool";"Tombamento";"Sem Vítimas";"Plena Noite";"Decrescente";"Nublado";"Simples";"Reta";"Não";1;0;0;0;0;1;0;1;-20,01580205;-54,40173989;"SPRF-MS";"DEL01-MS";"UOP02-DEL01-MS"
269539;2020-02-16;"domingo";"03:05:00";"RN";304;43,8;"MOSSORO";"Ingestão de Álcool";"Saída de leito carroçável";"Sem Vítimas";"Plena Noite";"Crescente";"Nublado";"Dupla";"Reta";"Sim";1;0;0;0;1;0;0;1;-5,21815835;-37,36500124;"SPRF-RN";"DEL04-RN";"UOP01-DEL04-RN"
269540;2020-02-16;"domingo";"02:20:00";"PR";277;695,1;"SAO MIGUEL DO IGUACU";"Condutor Dormindo";"Saída de leito carroçável";"Com Vítimas Feridas";"Plena Noite";"Crescente";"Céu Claro";"Dupla";"Reta";"Não";4;0;3;1;0;0;4;1;-25,38205385;-54,28673709;"SPRF-PR";"DEL05-PR";"UOP01-DEL05-PR"
269541;2020-02-16;"domingo";"03:30:00";"RS";116;151,1;"CAXIAS DO SUL";"Ingestão de Álcool";"Colisão com objeto estático";"Com Vítimas Feridas";"Plena Noite";"Decrescente";"Céu Claro";"Dupla";"Reta";"Sim";1;0;0;1;0;0;1;1;-29,17694502;-51,16173896;"SPRF-RS";"DEL05-RS";"UOP01-DEL05-RS"
269543;2020-02-16;"domingo";"03:55:00";"MG";381;508;"SAO JOAQUIM DE BICAS";"Condutor Dormindo";"Colisão com objeto estático";"Sem Vítimas";"Plena Noite";"Crescente";"Chuva";"Múltipla";"Curva";"Sim";1;0;0;0;1;0;0;1;-20,04511696;-44,27367926;"SPRF-MG";"DEL01-MG";"UOP03-DEL01-MG"
269545;2020-02-16;"domingo";"04:20:00";"GO";60;163,5;"GOIANIA";"Condutor Dormindo";"Colisão com objeto estático";"Com Vítimas Feridas";"Plena Noite";"Decrescente";"Nublado";"Dupla";"Reta;Aclive";"Sim";1;0;0;1;0;0;1;1;-16,7036;-49,342;"SPRF-GO";"DEL01-GO";"UOP02-DEL01-GO"
269546;2020-02-16;"domingo";"01:35:00";"MA";135;38;"BACABEIRA";"Animais na Pista";"Atropelamento de Animal";"Com Vítimas Feridas";"Plena Noite";"Crescente";"Ignorado";"Dupla";"Reta";"Não";2;0;1;1;0;0;2;1;-2,867093;-44,37482;"SPRF-MA";"DEL01-MA";"UOP01-DEL01-MA"
269547;2020-02-16;"domingo";"04:35:00";"RJ";101;480;"ANGRA DOS REIS";"Ingestão de Álcool";"Capotamento";"Com Vítimas Feridas";"Plena Noite";"Crescente";"Céu Claro";"Simples";"Curva";"Não";1;0;1;0;0;0;1;1;-23,01331268;-44,28361913;"SPRF-RJ";"DEL03-RJ";"UOP03-DEL03-RJ"
269548;2020-02-16;"domingo";"04:05:00";"CE";116;32;"AQUIRAZ";"Ingestão de Álcool";"Colisão com objeto estático";"Sem Vítimas";"Plena Noite";"Decrescente";"Nublado";"Dupla";"Curva";"Não";1;0;0;0;1;0;0;1;-4,02676186;-38,51392889;"SPRF-CE";"DEL01-CE";"UOP02-DEL01-CE"
269549;2020-02-16;"domingo";"05:00:00";"SP";116;209;"GUARULHOS";"Falta de Atenção à Condução";"Colisão lateral";"Com Vítimas Feridas";"Plena Noite";"Crescente";"Nublado";"Múltipla";"Reta";"Não";3;0;1;0;2;0;1;2;-23,42511799;-46,40221101;"SPRF-SP";"DEL01-SP";"UOP01-DEL01-SP"
269550;2020-02-16;"domingo";"04:40:00";"SC";101;213,7;"PALHOCA";"Ingestão de Álcool";"Tombamento";"Com Vítimas Feridas";"Plena Noite";"Decrescente";"Céu Claro";"Dupla";"Reta";"Sim";1;0;0;1;0;0;1;1;-27,63697369;-48,66514142;"SPRF-SC";"DEL01-SC";"UOP02-DEL01-SC"
269552;2020-02-16;"domingo";"02:00:00";"PE";101;84;"JABOATAO DOS GUARARAPES";"Desobediência às normas de trânsito pelo condutor";"Capotamento";"Sem Vítimas";"Plena Noite";"Decrescente";"Nublado";"Dupla";"Reta";"Não";1;0;0;0;0;1;0;1;-8,17778559;-34,95087297;"SPRF-PE";"DEL01-PE";"UOP03-DEL01-PE"
269553;2020-02-16;"domingo";"05:00:00";"TO";153;134;"ARAGUAINA";"Ingestão de Álcool";"Saída de leito carroçável";"Com Vítimas Feridas";"Amanhecer";"Decrescente";"Céu Claro";"Simples";"Rotatória";"Não";1;0;1;0;0;0;1;1;-7,12178379;-48,19293926;"SPRF-TO";"DEL02-TO";"UOP01-DEL02-TO"
269555;2020-02-16;"domingo";"05:10:00";"SP";116;54;"LORENA";"Ingestão de Álcool";"Colisão traseira";"Sem Vítimas";"Amanhecer";"Decrescente";"Céu Claro";"Dupla";"Reta";"Sim";2;0;0;0;2;0;0;2;-22,75803895;-45,11508003;"SPRF-SP";"DEL08-SP";"UOP01-DEL08-SP"
269557;2020-02-16;"domingo";"05:42:00";"PR";376;171,4;"MARINGA";"Velocidade Incompatível";"Colisão traseira";"Com Vítimas Feridas";"Amanhecer";"Crescente";"Céu Claro";"Dupla";"Reta";"Não";2;0;1;0;1;0;1;2;-23,41822772;-51,97500595;"SPRF-PR";"DEL09-PR";"UOP01-DEL09-PR"
269558;2020-02-16;"domingo";"04:30:00";"SC";470;142;"RIO DO SUL";"Ingestão de Álcool";"Capotamento";"Com Vítimas Feridas";"Plena Noite";"Decrescente";"Céu Claro";"Simples";"Reta";"Sim";3;0;2;0;0;1;2;1;-27,229801;-49,6693;"SPRF-SC";"DEL04-SC";"UOP02-DEL04-SC"
269559;2020-02-16;"domingo";"05:05:00";"RO";364;198,3;"PIMENTA BUENO";"Ingestão de álcool e/ou substâncias psicoativas pelo pedestre";"Atropelamento de Pedestre";"Com Vítimas Feridas";"Plena Noite";"Crescente";"Céu Claro";"Simples";"Ponte";"Sim";2;0;1;1;0;0;2;2;-11,67049488;-61,19146173;"SPRF-RO";"DEL02-RO";"UOP02-DEL02-RO"
269560;2020-02-16;"domingo";"06:30:00";"SP";381;82;"SAO PAULO";"Falta de Atenção à Condução";"Colisão traseira";"Com Vítimas Feridas";"Pleno dia";"Decrescente";"Céu Claro";"Dupla";"Reta";"Não";3;0;0;1;1;1;1;2;-23,44025405;-46,56829834;"SPRF-SP";"DEL03-SP";"UOP01-DEL03-SP"
269561;2020-02-16;"domingo";"05:30:00";"RJ";40;123;"DUQUE DE CAXIAS";"Falta de Atenção à Condução";"Tombamento";"Com Vítimas Feridas";"Pleno dia";"Crescente";"Céu Claro";"Dupla";"Reta";"Sim";1;0;0;1;0;0;1;1;-22,79907687;-43,29015739;"SPRF-RJ";"DEL01-RJ";"UOP01-DEL01-RJ"
269562;2020-02-16;"domingo";"04:40:00";"SC";282;221,6;"LAGES";"Ingestão de Álcool";"Saída de leito carroçável";"Com Vítimas Feridas";"Plena Noite";"Crescente";"Chuva";"Simples";"Rotatória";"Sim";1;0;1;0;0;0;1;1;-27,79504698;-50,33905506;"SPRF-SC";"DEL05-SC";"UOP01-DEL05-SC"
269563;2020-02-16;"domingo";"04:40:00";"PR";467;93,5;"CASCAVEL";"Ingestão de Álcool";"Saída de leito carroçável";"Com Vítimas Feridas";"Plena Noite";"Crescente";"Céu Claro";"Dupla";"Reta";"Não";3;0;2;0;1;0;2;1;-24,8599;-53,5868;"SPRF-PR";"DEL04-PR";"UOP01-DEL04-PR"
269564;2020-02-16;"domingo";"05:30:00";"MS";163;216,4;"CAARAPO";"Falta de Atenção à Condução";"Saída de leito carroçável";"Sem Vítimas";"Amanhecer";"Crescente";"Céu Claro";"Simples";"Reta";"Não";1;0;0;0;1;0;0;1;-22,566038;-54,823486;"SPRF-MS";"DEL04-MS";"UOP02-DEL04-MS"
269565;2020-02-16;"domingo";"06:50:00";"DF";20;9;"BRASILIA";"Desobediência às normas de trânsito pelo condutor";"Saída de leito carroçável";"Sem Vítimas";"Pleno dia";"Decrescente";"Céu Claro";"Dupla";"Interseção de Vias;Reta";"Sim";1;0;0;0;1;0;0;1;-15,654671;-47,782917;"SPRF-DF";"DEL02-DF";"UOP01-DEL02-DF"
269566;2020-02-16;"domingo";"06:10:00";"CE";116;5,6;"FORTALEZA";"Falta de Atenção à Condução";"Colisão com objeto estático";"Sem Vítimas";"Amanhecer";"Crescente";"Chuva";"Dupla";"Viaduto";"Sim";1;0;0;0;1;0;0;1;-3,799905;-38,50606;"SPRF-CE";"DEL01-CE";"UOP02-DEL01-CE"
269567;2020-02-16;"domingo";"03:00:00";"SC";282;632;"DESCANSO";"Velocidade Incompatível";"Saída de leito carroçável";"Sem Vítimas";"Plena Noite";"Decrescente";"Nublado";"Simples";"Curva";"Não";2;0;0;0;0;2;0;1;-26,8253;-53,404217;"SPRF-SC";"DEL07-SC";"UOP03-DEL07-SC"
269568;2020-02-16;"domingo";"07:20:00";"TO";153;705,6;"CARIRI DO TOCANTINS";"Ingestão de Álcool";"Saída de leito carroçável";"Com Vítimas Feridas";"Amanhecer";"Crescente";"Céu Claro";"Simples";"Reta";"Não";5;0;2;3;0;0;5;1;-11,99580202;-49,20150838;"SPRF-TO";"DEL01-TO";"UOP02-DEL01-TO"
269570;2020-02-16;"domingo";"03:20:00";"GO";50;281;"CATALAO";"Ingestão de Álcool";"Colisão com objeto estático";"Com Vítimas Feridas";"Plena Noite";"Crescente";"Ignorado";"Simples";"Reta;Rotatória";"Sim";1;0;1;0;0;0;1;1;-18,19516946;-47,95588017;"SPRF-GO";"DEL06-GO";"UOP01-DEL06-GO"
269571;2020-02-16;"domingo";"07:30:00";"CE";222;314;"TIANGUA";"Não guardar distância de segurança";"Colisão traseira";"Com Vítimas Feridas";"Pleno dia";"Decrescente";"Céu Claro";"Simples";"Reta";"Não";3;0;1;1;1;0;2;2;-3,73110045;-41,00095099;"SPRF-CE";"DEL04-CE";"UOP02-DEL04-CE"
269572;2020-02-16;"domingo";"07:20:00";"RJ";40;120;"DUQUE DE CAXIAS";"Falta de Atenção à Condução";"Queda de ocupante de veículo";"Com Vítimas Feridas";"Pleno dia";"Decrescente";"Céu Claro";"Dupla";"Reta";"Sim";1;0;1;0;0;0;1;1;-22,77280597;-43,28626763;"SPRF-RJ";"DEL01-RJ";"UOP01-DEL01-RJ"
269573;2020-02-16;"domingo";"06:20:00";"RR";174;511;"BOA VISTA";"Ultrapassagem Indevida";"Colisão lateral";"Com Vítimas Feridas";"Pleno dia";"Decrescente";"Sol";"Simples";"Reta";"Sim";2;0;1;0;1;0;1;2;2,861408;-60,69804;"SPRF-RR";"DEL01-RR";"UOP01-DEL01-RR"
269574;2020-02-15;"sábado";"23:30:00";"PR";277;676,5;"MEDIANEIRA";"Falta de Atenção à Condução";"Saída de leito carroçável";"Com Vítimas Fatais";"Plena Noite";"Decrescente";"Céu Claro";"Dupla";"Reta";"Não";1;1;0;0;0;0;0;1;-25,3032461;-54,13195494;"SPRF-PR";"DEL05-PR";"UOP01-DEL05-PR"
269576;2020-02-16;"domingo";"08:10:00";"SC";101;115,7;"ITAJAI";"Defeito Mecânico no Veículo";"Capotamento";"Com Vítimas Feridas";"Pleno dia";"Decrescente";"Sol";"Dupla";"Reta";"Não";1;0;1;0;0;0;1;1;-26,86868216;-48,71805668;"SPRF-SC";"DEL04-SC";"UOP04-DEL04-SC"
269578;2020-02-16;"domingo";"06:40:00";"BA";415;47,8;"ITABUNA";"Ingestão de Álcool";"Colisão traseira";"Com Vítimas Feridas";"Pleno dia";"Decrescente";"Céu Claro";"Simples";"Reta";"Sim";3;0;1;0;1;1;1;2;-14,81708524;-39,30084534;"SPRF-BA";"DEL05-BA";"UOP01-DEL05-BA"
269579;2020-02-16;"domingo";"07:10:00";"PB";230;45,3;"SANTA RITA";"Falta de Atenção à Condução";"Saída de leito carroçável";"Sem Vítimas";"Pleno dia";"Crescente";"Sol";"Dupla";"Reta";"Não";1;0;0;0;0;1;0;1;-7,1583;-35,0176;"SPRF-PB";"DEL01-PB";"UOP03-DEL01-PB"
269582;2020-02-16;"domingo";"02:00:00";"MG";267;175,3;"LIMA DUARTE";"Deficiência ou não Acionamento do Sistema de Iluminação/Sinalização do Veículo";"Colisão traseira";"Com Vítimas Fatais";"Plena Noite";"Decrescente";"Nevoeiro/Neblina";"Simples";"Reta";"Não";3;1;0;1;1;0;1;2;-21,86888908;-43,91161199;"SPRF-MG";"DEL05-MG";"UOP01-DEL05-MG"
269584;2020-02-16;"domingo";"08:40:00";"MG";381;665,7;"PERDOES";"Velocidade Incompatível";"Capotamento";"Com Vítimas Feridas";"Pleno dia";"Crescente";"Chuva";"Dupla";"Curva";"Não";4;0;3;0;1;0;3;1;-21,05493912;-45,03103599;"SPRF-MG";"DEL04-MG";"UOP02-DEL04-MG"
269588;2020-02-16;"domingo";"09:00:00";"MG";40;473;"SETE LAGOAS";"Falta de Atenção à Condução";"Colisão traseira";"Com Vítimas Feridas";"Pleno dia";"Decrescente";"Nublado";"Dupla";"Curva";"Sim";2;0;1;0;0;1;1;2;-19,48467;-44,28124;"SPRF-MG";"DEL02-MG";"UOP01-DEL02-MG"