"id";"data_inversa";"dia_semana";"horario";"uf";"br";"km";"municipio";"causa_acidente";"tipo_acidente";"classificacao_acidente";"fase_dia";"sentido_via";"condicao_metereologica";"tipo_pista";"tracado_via";"uso_solo";"pessoas";"mortos";"feridos_leves";"feridos_graves";"ilesos";"ignorados";"feridos";"veiculos";"latitude";"longitude";"regional";"delegacia";"uop"
269690;2020-02-16;"domingo";"19:30:00";"RS";392;76;"PELOTAS";"Falta de Atenção à Condução";"Colisão transversal";"Com Vítimas Feridas";"Anoitecer";"Decrescente";"Céu Claro";"Simples";"Reta";"Não";3;0;1;0;2;0;1;2;-31,69748285;-52,42085591;"SPRF-RS";"DEL07-RS";"UOP01-DEL07-RS"
269692;2020-02-16;"domingo";"16:55:00";"SC";101;79;"ARAQUARI";"Falta de Atenção à Condução";"Queda de ocupante de veículo";"Com Vítimas Feridas";"Pleno dia";"Decrescente";"Sol";"Múltipla";"Reta";"Sim";2;0;2;0;0;0;2;1;-26,58559601;-48,72192112;"SPRF-SC";"DEL03-SC";"UOP02-DEL03-SC"
269693;2020-02-16;"domingo";"19:38:00";"SP";116;111,1;"TAUBATE";"Falta de Atenção à Condução";"Colisão frontal";"Com Vítimas Feridas";"Plena Noite";"Crescente";"Nublado";"Dupla";"Reta";"Sim";2;0;1;1;0;0;2;2;-23,03887149;-45,56097419;"SPRF-SP";"DEL06-SP";"UOP01-DEL06-SP"
269695;2020-02-16;"domingo";"19:10:00";"PR";277;116;"CAMPO LARGO";"Ingestão de Álcool";"Colisão lateral";"Sem Vítimas";"Plena Noite";"Crescente";"Nublado";"Dupla";"Reta";"Sim";2;0;0;0;2;0;0;2;-25,43531242;-49,51732613;"SPRF-PR";"DEL01-PR";"UOP03-DEL03-PR"
269696;2020-02-16;"domingo";"20:12:00";"RN";101;78;"NATAL";"Animais na Pista";"Atropelamento de Animal";"Com Vítimas Feridas";"Plena Noite";"Decrescente";"Céu Claro";"Dupla";"Reta";"Sim";1;0;1;0;0;0;1;1;-5,74071896;-35,29021064;"SPRF-RN";"DEL02-RN";"UOP01-DEL02-RN"
269697;2020-02-16;"domingo";"18:00:00";"MS";163;484,4;"CAMPO GRANDE";"Falta de Atenção à Condução";"Colisão transversal";"Sem Vítimas";"Plena Noite";"Decrescente";"Nublado";"Simples";"Reta";"Não";3;0;0;0;3;0;0;2;-20,45104898;-54,5403266;"SPRF-MS";"DEL01-MS";"UOP02-DEL01-MS"
269698;2020-02-16;"domingo";"20:15:00";"MG";116;682;"MIRADOURO";"Restrição de Visibilidade";"Tombamento";"Com Vítimas Feridas";"Plena Noite";"Crescente";"Céu Claro";"Simples";"Reta";"Não";2;0;2;0;0;0;2;1;-20,95666795;-42,34992689;"SPRF-MG";"DEL07-MG";"UOP02-DEL07-MG"
269699;2020-02-16;"domingo";"20:00:00";"PR";376;384,9;"IMBAU";"Falta de Atenção do Pedestre";"Atropelamento de Pedestre";"Com Vítimas Feridas";"Plena Noite";"Decrescente";"Nublado";"Dupla";"Declive";"Sim";2;0;0;1;1;0;1;2;-24,43760252;-50,76324642;"SPRF-PR";"DEL03-PR";"UOP02-DEL03-PR"
269700;2020-02-16;"domingo";"20:25:00";"SC";470;6;"NAVEGANTES";"Velocidade Incompatível";"Colisão traseira";"Com Vítimas Feridas";"Plena Noite";"Crescente";"Nublado";"Simples";"Reta";"Sim";10;0;1;0;9;0;1;2;-26,852238;-48,709545;"SPRF-SC";"DEL04-SC";"UOP04-DEL04-SC"
269701;2020-02-16;"domingo";"15:30:00";"SC";282;556,8;"NOVA ITABERABA";"Velocidade Incompatível";"Saída de leito carroçável";"Com Vítimas Feridas";"Pleno dia";"Crescente";"Nublado";"Simples";"Curva";"Não";2;0;1;0;1;0;1;1;-26,930964;-52,819202;"SPRF-SC";"DEL07-SC";"UOP01-DEL07-SC"
269702;2020-02-16;"domingo";"20:35:00";"RS";287;249;"SANTA MARIA";"Não guardar distância de segurança";"Colisão traseira";"Com Vítimas Feridas";"Plena Noite";"Decrescente";"Céu Claro";"Simples";"Reta";"Sim";4;0;2;0;0;2;2;3;-29,69400654;-53,86100019;"SPRF-RS";"DEL09-RS";"UOP01-DEL09-RS"
269704;2020-02-16;"domingo";"19:40:00";"MT";70;506;"CUIABA";"Desobediência às normas de trânsito pelo condutor";"Colisão lateral";"Com Vítimas Feridas";"Plena Noite";"Crescente";"Céu Claro";"Simples";"Reta";"Sim";4;0;1;2;1;0;3;3;-15,66088946;-55,97311576;"SPRF-MT";"DEL01-MT";"UOP02-DEL01-MT"
269705;2020-02-16;"domingo";"19:30:00";"RJ";116;104;"GUAPIMIRIM";"Velocidade Incompatível";"Colisão com objeto estático";"Com Vítimas Feridas";"Plena Noite";"Decrescente";"Chuva";"Dupla";"Curva";"Não";2;0;1;0;1;0;1;1;-22,50841847;-42,99821493;"SPRF-RJ";"DEL04-RJ";"UOP02-DEL04-RJ"
269708;2020-02-16;"domingo";"19:40:00";"MS";60;388,2;"SIDROLANDIA";"Falta de Atenção à Condução";"Colisão lateral";"Com Vítimas Feridas";"Plena Noite";"Decrescente";"Nublado";"Simples";"Curva";"Não";4;0;1;0;3;0;1;2;-20,69472307;-54,76838483;"SPRF-MS";"DEL01-MS";"UOP04-DEL01-MS"
269709;2020-02-16;"domingo";"20:45:00";"SP";116;321;"JUQUITIBA";"Desobediência às normas de trânsito pelo pedestre";"Atropelamento de Pedestre";"Com Vítimas Fatais";"Plena Noite";"Crescente";"Nublado";"Dupla";"Reta";"Não";2;1;0;0;0;1;0;2;-23,934612;-47,01729;"SPRF-SP";"DEL04-SP";"UOP01-DEL04-SP"
269710;2020-02-16;"domingo";"18:00:00";"RJ";116;178,3;"NOVA IGUACU";"Falta de Atenção à Condução";"Engavetamento";"Sem Vítimas";"Anoitecer";"Decrescente";"Chuva";"Dupla";"Reta";"Sim";4;0;0;0;4;0;0;4;-22,74694949;-43,4455696;"SPRF-RJ";"DEL01-RJ";"UOP02-DEL01-RJ"
269711;2020-02-16;"domingo";"20:15:00";"DF";20;10,2;"BRASILIA";"Desobediência às normas de trânsito pelo condutor";"Colisão traseira";"Com Vítimas Feridas";"Plena Noite";"Crescente";"Nublado";"Dupla";"Aclive";"Sim";5;0;1;3;1;0;4;2;-15,64973415;-47,77273893;"SPRF-DF";"DEL02-DF";"UOP01-DEL02-DF"
269712;2020-02-16;"domingo";"18:00:00";"MA";10;129;"ESTREITO";"Ingestão de Álcool";"Tombamento";"Com Vítimas Feridas";"Anoitecer";"Decrescente";"Céu Claro";"Simples";"Rotatória";"Sim";1;0;1;0;0;0;1;1;-6,557551;-47,448788;"SPRF-MA";"DEL04-MA";"UOP02-DEL04-MA"
269713;2020-02-16;"domingo";"21:20:00";"RJ";116;328,1;"RESENDE";"Fenômenos da Natureza";"Colisão com objeto estático";"Com Vítimas Feridas";"Plena Noite";"Crescente";"Chuva";"Dupla";"Reta";"Não";1;0;1;0;0;0;1;1;-22,50480402;-44,596846;"SPRF-RJ";"DEL07-RJ";"UOP02-DEL07-RJ"
269714;2020-02-16;"domingo";"20:30:00";"SP";116;42,9;"CANAS";"Desobediência às normas de trânsito pelo condutor";"Colisão traseira";"Sem Vítimas";"Plena Noite";"Crescente";"Chuva";"Dupla";"Reta";"Não";2;0;0;0;1;1;0;2;-22,69182132;-45,02240378;"SPRF-SP";"DEL08-SP";"UOP02-DEL08-SP"
269716;2020-02-16;"domingo";"20:45:00";"RJ";40;118;"DUQUE DE CAXIAS";"Ingestão de Álcool";"Colisão traseira";"Com Vítimas Feridas";"Plena Noite";"Crescente";"Garoa/Chuvisco";"Múltipla";"Reta";"Sim";3;0;1;0;2;0;1;2;-22,75470802;-43,28737838;"SPRF-RJ";"DEL01-RJ";"UOP01-DEL01-RJ"
269717;2020-02-16;"domingo";"18:00:00";"SC";282;212,4;"LAGES";"Ingestão de Álcool";"Saída de leito carroçável";"Sem Vítimas";"Pleno dia";"Crescente";"Chuva";"Simples";"Reta";"Não";1;0;0;0;1;0;0;1;-27,782257;-50,251381;"SPRF-SC";"DEL05-SC";"UOP01-DEL05-SC"
269719;2020-02-16;"domingo";"19:30:00";"RJ";101;242;"SILVA JARDIM";"Falta de Atenção à Condução";"Colisão traseira";"Com Vítimas Feridas";"Plena Noite";"Decrescente";"Chuva";"Dupla";"Reta";"Não";4;0;1;0;3;0;1;2;-22,63576311;-42,45483297;"SPRF-RJ";"DEL02-RJ";"UOP03-DEL02-RJ"
269720;2020-02-16;"domingo";"18:10:00";"SC";282;445,8;"PONTE SERRADA";"Velocidade Incompatível";"Saída de leito carroçável";"Com Vítimas Feridas";"Anoitecer";"Crescente";"Chuva";"Simples";"Curva";"Não";3;0;2;0;1;0;2;1;-26,908545;-51,905785;"SPRF-SC";"DEL07-SC";"UOP04-DEL07-SC"
269721;2020-02-16;"domingo";"21:00:00";"PR";369;130,1;"JATAIZINHO";"Ingestão de Álcool";"Colisão lateral";"Com Vítimas Feridas";"Plena Noite";"Crescente";"Céu Claro";"Dupla";"Curva";"Sim";4;0;0;1;3;0;1;2;-23,25751914;-50,98516703;"SPRF-PR";"DEL07-PR";"UOP01-DEL07-PR"
269722;2020-02-16;"domingo";"21:10:00";"SP";116;219;"GUARULHOS";"Não guardar distância de segurança";"Colisão traseira";"Com Vítimas Feridas";"Plena Noite";"Crescente";"Céu Claro";"Múltipla";"Reta";"Sim";4;0;1;0;2;1;1;3;-23,46143954;-46,48885316;"SPRF-SP";"DEL01-SP";"UOP01-DEL01-SP"
269723;2020-02-16;"domingo";"18:00:00";"SC";282;447;"PONTE SERRADA";"Velocidade Incompatível";"Saída de leito carroçável";"Com Vítimas Feridas";"Anoitecer";"Crescente";"Chuva";"Simples";"Curva";"Não";4;0;1;0;2;1;1;1;-26,90697;-51,91029;"SPRF-SC";"DEL07-SC";"UOP04-DEL07-SC"
269724;2020-02-16;"domingo";"21:15:00";"PR";376;192,6;"MARIALVA";"Defeito Mecânico no Veículo";"Saída de leito carroçável";"Com Vítimas Feridas";"Plena Noite";"Decrescente";"Céu Claro";"Dupla";"Reta;Declive";"Não";1;0;1;0;0;0;1;1;-23,48573281;-51,79744383;"SPRF-PR";"DEL09-PR";"UOP01-DEL09-PR"
269727;2020-02-16;"domingo";"21:20:00";"MG";381;480;"CONTAGEM";"Ingestão de Álcool";"Colisão transversal";"Com Vítimas Feridas";"Plena Noite";"Decrescente";"Céu Claro";"Múltipla";"Aclive;Reta";"Sim";4;0;0;2;1;1;2;3;-19,95749597;-44,07899901;"SPRF-MG";"DEL01-MG";"UOP03-DEL01-MG"
269728;2020-02-16;"domingo";"18:30:00";"PI";316;18,1;"TERESINA";"Falta de Atenção à Condução";"Saída de leito carroçável";"Com Vítimas Feridas";"Plena Noite";"Crescente";"Céu Claro";"Simples";"Reta";"Não";1;0;1;0;0;0;1;1;-5,24477179;-42,73465177;"SPRF-PI";"DEL01-PI";"UOP02-DEL01-PI"
269730;2020-02-16;"domingo";"21:00:00";"MT";364;549,9;"ROSARIO OESTE";"Falta de Atenção à Condução";"Tombamento";"Com Vítimas Feridas";"Plena Noite";"Crescente";"Ignorado";"Dupla";"Reta";"Não";2;0;1;1;0;0;2;1;-14,85417303;-56,45151195;"SPRF-MT";"DEL01-MT";"UOP01-DEL01-MT"
269731;2020-02-16;"domingo";"22:30:00";"PE";232;16,9;"JABOATAO DOS GUARARAPES";"Não guardar distância de segurança";"Colisão traseira";"Sem Vítimas";"Plena Noite";"Decrescente";"Céu Claro";"Dupla";"Reta";"Não";5;0;0;0;5;0;0;2;-8,09414193;-35,03716601;"SPRF-PE";"DEL01-PE";"UOP01-DEL01-PE"
269733;2020-02-16;"domingo";"22:35:00";"PB";104;118,1;"LAGOA SECA";"Desobediência às normas de trânsito pelo pedestre";"Atropelamento de Pedestre";"Com Vítimas Feridas";"Plena Noite";"Decrescente";"Céu Claro";"Simples";"Reta";"Sim";2;0;1;0;1;0;1;2;-7,19637839;-35,87571339;"SPRF-PB";"DEL02-PB";"UOP04-DEL02-PB"
269734;2020-02-16;"domingo";"19:50:00";"MA";135;35;"BACABEIRA";"Condutor Dormindo";"Saída de leito carroçável";"Com Vítimas Feridas";"Plena Noite";"Decrescente";"Garoa/Chuvisco";"Dupla";"Reta";"Não";1;0;0;1;0;0;1;1;-2,849089;-44,374672;"SPRF-MA";"DEL01-MA";"UOP01-DEL01-MA"
269736;2020-02-16;"domingo";"21:30:00";"SP";381;62,4;"MAIRIPORA";"Ingestão de Álcool";"Colisão traseira";"Com Vítimas Feridas";"Plena Noite";"Crescente";"Céu Claro";"Dupla";"Reta";"Sim";3;0;2;0;1;0;2;2;-23,29437896;-46,57254696;"SPRF-SP";"DEL03-SP";"UOP01-DEL03-SP"
269737;2020-02-16;"domingo";"19:30:00";"CE";230;55;"LAVRAS DA MANGABEIRA";"Desobediência às normas de trânsito pelo condutor";"Colisão traseira";"Com Vítimas Fatais";"Plena Noite";"Crescente";"Céu Claro";"Simples";"Aclive";"Não";2;2;0;0;0;0;0;2;-6,7683681;-39,09127805;"SPRF-CE";"DEL05-CE";"UOP01-DEL05-CE"
269741;2020-02-16;"domingo";"23:10:00";"GO";60;43,1;"ALEXANIA";"Ingestão de Álcool";"Saída de leito carroçável";"Com Vítimas Feridas";"Plena Noite";"Decrescente";"Céu Claro";"Dupla";"Reta";"Não";2;0;1;0;1;0;1;1;-16,1164;-48,5892;"SPRF-GO";"DEL02-GO";"UOP01-DEL02-GO"
269744;2020-02-16;"domingo";"22:45:00";"RS";116;302;"GUAIBA";"Ingestão de Álcool";"Colisão com objeto estático";"Sem Vítimas";"Plena Noite";"Decrescente";"Nublado";"Simples";"Desvio Temporário";"Não";1;0;0;0;1;0;0;1;-30,14266432;-51,36136478;"SPRF-RS";"DEL02-RS";"UOP01-DEL02-RS"
269745;2020-02-16;"domingo";"22:30:00";"PR";158;539;"PATO BRANCO";"Pista Escorregadia";"Saída de leito carroçável";"Com Vítimas Feridas";"Plena Noite";"Decrescente";"Céu Claro";"Simples";"Curva";"Não";1;0;1;0;0;0;1;1;-26,26491;-52,707542;"SPRF-PR";"DEL02-PR";"UOP01-DEL02-PR"
269746;2020-02-16;"domingo";"23:30:00";"TO";153;140;"ARAGUAINA";"Ingestão de Álcool";"Saída de leito carroçável";"Sem Vítimas";"Plena Noite";"Decrescente";"Ignorado";"Dupla";"Reta";"Sim";2;0;0;0;1;1;0;2;-7,169616;-48,21328;"SPRF-TO";"DEL02-TO";"UOP01-DEL02-TO"
269747;2020-02-16;"domingo";"21:20:00";"SC";101;450;"SANTA ROSA DO SUL";"Falta de Atenção à Condução";"Colisão traseira";"Com Vítimas Feridas";"Plena Noite";"Decrescente";"Nublado";"Dupla";"Curva";"Não";1;0;1;0;0;0;1;1;-29,17229091;-49,74904711;"SPRF-SC";"DEL02-SC";"UOP02-DEL02-SC"
269750;2020-02-16;"domingo";"20:00:00";"PR";369;420,5;"JURANDA";"Ultrapassagem Indevida";"Colisão frontal";"Com Vítimas Fatais";"Plena Noite";"Decrescente";"Céu Claro";"Simples";"Reta";"Não";4;1;1;2;0;0;3;2;-24,39126;-52,79845;"SPRF-PR";"DEL04-PR";"UOP03-DEL04-PR"
269752;2020-02-16;"domingo";"22:45:00";"PR";277;127;"BALSA NOVA";"Falta de Atenção à Condução";"Colisão com objeto estático";"Com Vítimas Feridas";"Plena Noite";"Decrescente";"Céu Claro";"Simples";"Aclive";"Não";1;0;0;1;0;0;1;1;-25,47161427;-49,62369919;"SPRF-PR";"DEL01-PR";"UOP03-DEL03-PR"
269753;2020-02-16;"domingo";"17:35:00";"RS";386;393;"TRIUNFO";"Ingestão de Álcool";"Saída de leito carroçável";"Com Vítimas Feridas";"Pleno dia";"Crescente";"Céu Claro";"Simples";"Reta";"Não";2;0;2;0;0;0;2;1;-29,71176;-51,64938;"SPRF-RS";"DEL04-RS";"UOP02-DEL04-RS"
269754;2020-02-16;"domingo";"20:15:00";"RS";386;406;"TRIUNFO";"Pista Escorregadia";"Saída de leito carroçável";"Com Vítimas Feridas";"Anoitecer";"Crescente";"Chuva";"Dupla";"Curva";"Não";3;0;3;0;0;0;3;1;-29,780762;-51,551392;"SPRF-RS";"DEL04-RS";"UOP02-DEL04-RS"
269755;2020-02-17;"segunda-feira";"00:25:00";"SP";116;48,8;"CANAS";"Falta de Atenção à Condução";"Colisão com objeto estático";"Com Vítimas Feridas";"Plena Noite";"Crescente";"Nublado";"Dupla";"Reta";"Não";1;0;1;0;0;0;1;1;-22,72498915;-45,06884189;"SPRF-SP";"DEL08-SP";"UOP01-DEL08-SP"
269756;2020-02-17;"segunda-feira";"00:30:00";"SE";235;32,5;"AREIA BRANCA";"Velocidade Incompatível";"Tombamento";"Sem Vítimas";"Plena Noite";"Crescente";"Céu Claro";"Simples";"Curva;Declive";"Sim";1;0;0;0;0;1;0;1;-10,762641;-37,30447;"SPRF-SE";"DEL01-SE";"UOP02-DEL01-SE"
269759;2020-02-17;"segunda-feira";"02:00:00";"SP";116;57,7;"GUARATINGUETA";"Velocidade Incompatível";"Saída de leito carroçável";"Sem Vítimas";"Plena Noite";"Decrescente";"Céu Claro";"Dupla";"Reta";"Não";1;0;0;0;0;1;0;1;-22,77454618;-45,13807087;"SPRF-SP";"DEL08-SP";"UOP01-DEL08-SP"
269760;2020-02-17;"segunda-feira";"02:30:00";"PE";101;107;"CABO DE SANTO AGOSTINHO";"Falta de Atenção à Condução";"Colisão com objeto estático";"Com Vítimas Feridas";"Plena Noite";"Decrescente";"Céu Claro";"Dupla";"Curva";"Não";1;0;0;1;0;0;1;1;-8,30976839;-35,08440011;"SPRF-PE";"DEL01-PE";"UOP03-DEL01-PE"
269764;2020-02-17;"segunda-feira";"02:50:00";"PR";376;654;"TIJUCAS DO SUL";"Defeito Mecânico no Veículo";"Incêndio";"Sem Vítimas";"Plena Noite";"Crescente";"Nublado";"Dupla";"Reta";"Não";1;0;0;0;1;0;0;1;-25,84325961;-49,05169114;"SPRF-PR";"DEL01-PR";"UOP04-DEL01-PR"
269765;2020-02-17;"segunda-feira";"02:50:00";"RJ";116;144;"DUQUE DE CAXIAS";"Falta de Atenção à Condução";"Colisão com objeto estático";"Com Vítimas Feridas";"Plena Noite";"Crescente";"Nublado";"Simples";"Curva";"Não";1;0;1;0;0;0;1;1;-22,65737709;-43,24724694;"SPRF-RJ";"DEL04-RJ";"UOP02-DEL04-RJ"
269766;2020-02-17;"segunda-feira";"02:30:00";"RO";364;711,9;"PORTO VELHO";"Defeito na Via";"Tombamento";"Com Vítimas Feridas";"Plena Noite";"Decrescente";"Céu Claro";"Simples";"Reta";"Sim";1;0;1;0;0;0;1;1;-8,77785732;-63,87247324;"SPRF-RO";"DEL01-RO";"UOP01-DEL01-RO"
269767;2020-02-16;"domingo";"22:30:00";"SC";470;177,2;"POUSO REDONDO";"Ingestão de Álcool";"Capotamento";"Com Vítimas Feridas";"Plena Noite";"Decrescente";"Nublado";"Simples";"Reta";"Sim";1;0;1;0;0;0;1;1;-27,251858;-49,958;"SPRF-SC";"DEL04-SC";"UOP02-DEL04-SC"
269768;2020-02-17;"segunda-feira";"02:00:00";"BA";101;518;"BUERAREMA";"Restrição de Visibilidade";"Colisão com objeto estático";"Com Vítimas Feridas";"Plena Noite";"Decrescente";"Céu Claro";"Simples";"Reta";"Não";8;0;7;0;1;0;7;2;-15,014705;-39,32914101;"SPRF-BA";"DEL05-BA";"UOP01-DEL05-BA"
269769;2020-02-17;"segunda-feira";"02:40:00";"DF";20;21,3;"BRASILIA";"Desobediência às normas de trânsito pelo condutor";"Colisão transversal";"Com Vítimas Feridas";"Plena Noite";"Decrescente";"Nublado";"Dupla";"Reta;Aclive";"Sim";5;0;5;0;0;0;5;2;-15,60182418;-47,68250942;"SPRF-DF";"DEL02-DF";"UOP01-DEL02-DF"
269770;2020-02-17;"segunda-feira";"03:30:00";"MT";163;766;"SORRISO";"Falta de Atenção à Condução";"Queda de ocupante de veículo";"Com Vítimas Feridas";"Plena Noite";"Crescente";"Céu Claro";"Simples";"Reta";"Não";1;0;1;0;0;0;1;1;-12,451069;-55,660874;"SPRF-MT";"DEL06-MT";"UOP01-DEL06-MT"
269773;2020-02-17;"segunda-feira";"05:40:00";"SE";101;180,6;"UMBAUBA";"Ingestão de Álcool";"Saída de leito carroçável";"Com Vítimas Fatais";"Amanhecer";"Crescente";"Nublado";"Simples";"Reta";"Sim";1;1;0;0;0;0;0;1;-11,36478008;-37,63993699;"SPRF-SE";"DEL02-SE";"UOP03-DEL02-SE"
269774;2020-02-17;"segunda-feira";"05:00:00";"RN";110;36,3;"MOSSORO";"Animais na Pista";"Atropelamento de Animal";"Com Vítimas Feridas";"Amanhecer";"Crescente";"Nublado";"Simples";"Reta";"Não";1;0;1;0;0;0;1;1;-5,16877677;-37,23530801;"SPRF-RN";"DEL04-RN";"UOP01-DEL04-RN"
269775;2020-02-17;"segunda-feira";"05:00:00";"RN";304;26,4;"MOSSORO";"Animais na Pista";"Atropelamento de Animal";"Com Vítimas Feridas";"Amanhecer";"Decrescente";"Nublado";"Simples";"Reta";"Não";2;0;2;0;0;0;2;1;-5,08165;-37,33349;"SPRF-RN";"DEL04-RN";"UOP02-DEL04-RN"
269776;2020-02-16;"domingo";"23:00:00";"PR";116;115;"CURITIBA";"Falta de Atenção à Condução";"Colisão traseira";"Com Vítimas Feridas";"Plena Noite";"Decrescente";"Nublado";"Dupla";"Reta";"Sim";3;0;2;0;1;0;2;2;-25,55953326;-49,26560414;"SPRF-PR";"DEL01-PR";"UOP06-DEL01-PR"
269777;2020-02-16;"domingo";"21:50:00";"PA";230;117;"MARABA";"Desobediência às normas de trânsito pelo condutor";"Colisão transversal";"Com Vítimas Feridas";"Plena Noite";"Crescente";"Céu Claro";"Múltipla";"Reta";"Sim";3;0;1;2;0;0;3;2;-5,350222;-49,102362;"SPRF-PA";"DEL03-PA";"UOP01-DEL03-PA"
269778;2020-02-17;"segunda-feira";"05:30:00";"MG";40;133,7;"JOAO PINHEIRO";"Condutor Dormindo";"Colisão traseira";"Com Vítimas Feridas";"Amanhecer";"Decrescente";"Céu Claro";"Simples";"Reta;Aclive";"Não";2;0;1;0;1;0;1;2;-17,71287522;-46,25812209;"SPRF-MG";"DEL14-MG";"UOP01-DEL14-MG"
269779;2020-02-17;"segunda-feira";"05:05:00";"CE";304;38,2;"ARACATI";"Desobediência às normas de trânsito pelo pedestre";"Atropelamento de Pedestre";"Com Vítimas Fatais";"Amanhecer";"Decrescente";"Chuva";"Simples";"Reta";"Não";7;1;0;0;6;0;0;2;-4,58028336;-37,86952199;"SPRF-CE";"DEL03-CE";"UOP03-DEL03-CE"
269781;2020-02-17;"segunda-feira";"06:20:00";"BA";324;594;"CANDEIAS";"Falta de Atenção à Condução";"Colisão traseira";"Com Vítimas Feridas";"Pleno dia";"Crescente";"Céu Claro";"Dupla";"Reta";"Sim";3;0;1;0;2;0;1;3;-12,70742041;-38,46251062;"SPRF-BA";"DEL01-BA";"UOP01-DEL01-BA"
269782;2020-02-16;"domingo";"19:00:00";"MG";381;490;"BETIM";"Falta de Atenção à Condução";"Capotamento";"Com Vítimas Feridas";"Plena Noite";"Crescente";"Céu Claro";"Dupla";"Reta";"Sim";2;0;2;0;0;0;2;1;-19,96502819;-44,17422195;"SPRF-MG";"DEL01-MG";"UOP03-DEL01-MG"
269783;2020-02-16;"domingo";"22:45:00";"MG";381;403;"BETIM";"Objeto estático sobre o leito carroçável";"Colisão com objeto estático";"Com Vítimas Feridas";"Plena Noite";"Decrescente";"Nublado";"Dupla";"Curva";"Sim";2;0;1;0;0;1;1;1;-20,03077719;-44,23646803;"SPRF-MG";"DEL01-MG";"UOP01-DEL01-MG"
269785;2020-02-17;"segunda-feira";"06:30:00";"DF";20;48,8;"BRASILIA";"Avarias e/ou desgaste excessivo no pneu";"Saída de leito carroçável";"Com Vítimas Feridas";"Pleno dia";"Decrescente";"Céu Claro";"Dupla";"Reta";"Não";2;0;2;0;0;0;2;1;-15,582723;-47,440395;"SPRF-DF";"DEL02-DF";"UOP01-DEL02-DF"
269786;2020-02-17;"segunda-feira";"06:55:00";"MG";40;462,8;"SETE LAGOAS";"Ingestão de Álcool";"Colisão traseira";"Sem Vítimas";"Amanhecer";"Crescente";"Chuva";"Dupla";"Reta;Declive";"Não";2;0;0;0;2;0;0;2;-19,42138;-44,33898;"SPRF-MG";"DEL02-MG";"UOP01-DEL02-MG"
269788;2020-02-17;"segunda-feira";"07:05:00";"PR";369;157,9;"LONDRINA";"Falta de Atenção à Condução";"Saída de leito carroçável";"Com Vítimas Feridas";"Pleno dia";"Decrescente";"Céu Claro";"Dupla";"Reta";"Sim";2;0;2;0;0;0;2;1;-23,28542022;-51,23309433;"SPRF-PR";"DEL07-PR";"UOP01-DEL07-PR"
269791;2020-02-17;"segunda-feira";"06:55:00";"RS";116;525,5;"PELOTAS";"Desobediência às normas de trânsito pelo condutor";"Colisão transversal";"Sem Vítimas";"Pleno dia";"Crescente";"Céu Claro";"Simples";"Reta";"Sim";3;0;0;0;3;0;0;2;-31,7359522;-52,39349776;"SPRF-RS";"DEL07-RS";"UOP01-DEL07-RS"
269792;2020-02-17;"segunda-feira";"07:30:00";"SP";116;223;"GUARULHOS";"Avarias e/ou desgaste excessivo no pneu";"Queda de ocupante de veículo";"Com Vítimas Feridas";"Pleno dia";"Crescente";"Nublado";"Múltipla";"Reta";"Sim";2;0;2;0;0;0;2;1;-23,47559815;-46,5246609;"SPRF-SP";"DEL01-SP";"UOP01-DEL01-SP"
269793;2020-02-17;"segunda-feira";"06:55:00";"PB";101;82,8;"BAYEUX";"Não guardar distância de segurança";"Colisão traseira";"Sem Vítimas";"Pleno dia";"Crescente";"Céu Claro";"Dupla";"Declive";"Sim";2;0;0;0;2;0;0;2;-7,12911;-34,93714;"SPRF-PB";"DEL01-PB";"UOP01-DEL01-PB"
269794;2020-02-17;"segunda-feira";"05:00:00";"MT";70;720;"CACERES";"Objeto estático sobre o leito carroçável";"Colisão com objeto estático";"Com Vítimas Feridas";"Amanhecer";"Crescente";"Céu Claro";"Simples";"Reta";"Não";1;0;1;0;0;0;1;1;-16,20833594;-57,57476078;"SPRF-MT";"DEL03-MT";"UOP01-DEL03-MT"
269795;2020-02-17;"segunda-feira";"07:35:00";"PR";277;110;"CAMPO LARGO";"Não guardar distância de segurança";"Colisão traseira";"Com Vítimas Feridas";"Pleno dia";"Decrescente";"Céu Claro";"Dupla";"Reta";"Sim";2;0;1;0;1;0;1;2;-25,44625996;-49,36369775;"SPRF-PR";"DEL01-PR";"UOP03-DEL03-PR"
269796;2020-02-17;"segunda-feira";"06:00:00";"SC";280;20;"ARAQUARI";"Falta de Atenção à Condução";"Colisão transversal";"Com Vítimas Feridas";"Pleno dia";"Decrescente";"Céu Claro";"Simples";"Interseção de Vias";"Sim";2;0;1;0;1;0;1;2;-26,36990477;-48,68224301;"SPRF-SC";"DEL03-SC";"UOP03-DEL03-SC"
269800;2020-02-17;"segunda-feira";"07:45:00";"PR";376;183,2;"SARANDI";"Falta de Atenção à Condução";"Colisão traseira";"Com Vítimas Feridas";"Pleno dia";"Decrescente";"Céu Claro";"Dupla";"Reta";"Sim";2;0;0;1;1;0;1;2;-23,44159097;-51,87067398;"SPRF-PR";"DEL09-PR";"UOP01-DEL09-PR"
269801;2020-02-17;"segunda-feira";"08:00:00";"AL";316;144,7;"PALMEIRA DOS INDIOS";"Falta de Atenção à Condução";"Tombamento";"Com Vítimas Feridas";"Pleno dia";"Decrescente";"Céu Claro";"Simples";"Reta";"Sim";2;0;1;0;0;1;1;2;-9,39664622;-36,72258504;"SPRF-AL";"DEL03-AL";"UOP01-DEL03-AL"