"id";"data_inversa";"dia_semana";"horario";"uf";"br";"km";"municipio";"causa_acidente";"tipo_acidente";"classificacao_acidente";"fase_dia";"sentido_via";"condicao_metereologica";"tipo_pista";"tracado_via";"uso_solo";"pessoas";"mortos";"feridos_leves";"feridos_graves";"ilesos";"ignorados";"feridos";"veiculos";"latitude";"longitude";"regional";"delegacia";"uop"
269927;2020-02-17;"segunda-feira";"17:30:00";"GO";40;5,5;"VALPARAISO DE GOIAS";"Não guardar distância de segurança";"Colisão traseira";"Sem Vítimas";"Pleno dia";"Crescente";"Céu Claro";"Dupla";"Reta";"Sim";2;0;0;0;0;2;0;2;-16,093134;-47,982236;"SPRF-DF";"DEL01-DF";"UOP01-DEL01-DF"
269928;2020-02-17;"segunda-feira";"17:40:00";"RS";116;38,2;"VACARIA";"Falta de Atenção à Condução";"Colisão transversal";"Com Vítimas Feridas";"Pleno dia";"Decrescente";"Chuva";"Simples";"Retorno Regulamentado";"Sim";2;0;1;0;1;0;1;2;-28,50548;-50,92516;"SPRF-RS";"DEL05-RS";"UOP03-DEL05-RS"
269929;2020-02-17;"segunda-feira";"13:30:00";"MG";381;481;"CONTAGEM";"Falta de Atenção do Pedestre";"Queda de ocupante de veículo";"Sem Vítimas";"Pleno dia";"Crescente";"Nublado";"Dupla";"Reta";"Sim";2;0;0;0;1;1;0;2;-19,95931561;-44,08825597;"SPRF-MG";"DEL01-MG";"UOP03-DEL01-MG"
269930;2020-02-17;"segunda-feira";"18:30:00";"SE";101;97,5;"SAO CRISTOVAO";"Ingestão de Álcool";"Colisão com objeto estático";"Com Vítimas Feridas";"Plena Noite";"Decrescente";"Céu Claro";"Dupla";"Curva";"Não";2;0;0;1;0;1;1;1;-10,92592313;-37,17893064;"SPRF-SE";"DEL02-SE";"UOP01-DEL02-SE"
269931;2020-02-17;"segunda-feira";"17:20:00";"GO";60;96;"ANAPOLIS";"Desobediência às normas de trânsito pelo condutor";"Colisão lateral";"Com Vítimas Feridas";"Pleno dia";"Crescente";"Céu Claro";"Dupla";"Reta";"Sim";3;0;2;0;1;0;2;2;-16,375863;-48,947199;"SPRF-GO";"DEL02-GO";"UOP01-DEL02-GO"
269932;2020-02-17;"segunda-feira";"18:20:00";"PR";476;135;"CURITIBA";"Falta de Atenção à Condução";"Colisão traseira";"Com Vítimas Feridas";"Anoitecer";"Crescente";"Céu Claro";"Múltipla";"Reta";"Sim";3;0;1;0;1;1;1;3;-25,483786;-49,265808;"SPRF-PR";"DEL01-PR";"UOP03-DEL01-PR"
269934;2020-02-17;"segunda-feira";"18:00:00";"RS";116;117;"SAO MARCOS";"Pista Escorregadia";"Saída de leito carroçável";"Sem Vítimas";"Anoitecer";"Crescente";"Chuva";"Simples";"Curva";"Sim";1;0;0;0;1;0;0;1;-28,98310299;-51,06761081;"SPRF-RS";"DEL05-RS";"UOP01-DEL05-RS"
269936;2020-02-17;"segunda-feira";"17:40:00";"RJ";101;313,2;"SAO GONCALO";"Condutor Dormindo";"Engavetamento";"Com Vítimas Feridas";"Anoitecer";"Decrescente";"Céu Claro";"Múltipla";"Reta";"Não";3;0;3;0;0;0;3;2;-22,81049093;-43,06983304;"SPRF-RJ";"DEL02-RJ";"UOP01-DEL02-RJ"
269937;2020-02-17;"segunda-feira";"18:35:00";"MG";381;527;"BRUMADINHO";"Falta de Atenção à Condução";"Capotamento";"Com Vítimas Feridas";"Plena Noite";"Crescente";"Chuva";"Dupla";"Curva";"Não";1;0;1;0;0;0;1;1;-20,16283256;-44,35072739;"SPRF-MG";"DEL04-MG";"UOP03-DEL04-MG"
269938;2020-02-17;"segunda-feira";"18:45:00";"RS";290;99;"PORTO ALEGRE";"Falta de Atenção à Condução";"Colisão traseira";"Com Vítimas Feridas";"Pleno dia";"Crescente";"Céu Claro";"Dupla";"Reta";"Não";3;0;2;0;1;0;2;2;-29,991756;-51,22699;"SPRF-RS";"DEL01-RS";"UOP01-DEL01-RS"
269940;2020-02-17;"segunda-feira";"17:00:00";"ES";262;186;"IUNA";"Desobediência às normas de trânsito pelo condutor";"Colisão traseira";"Com Vítimas Feridas";"Plena Noite";"Crescente";"Nublado";"Simples";"Curva";"Não";2;0;1;0;1;0;1;2;-20,30875905;-41,71255299;"SPRF-ES";"DEL01-ES";"UOP02-DEL01-ES"
269942;2020-02-17;"segunda-feira";"18:40:00";"RS";285;430,9;"PANAMBI";"Falta de Atenção à Condução";"Saída de leito carroçável";"Com Vítimas Feridas";"Pleno dia";"Decrescente";"Céu Claro";"Simples";"Ponte";"Não";1;0;1;0;0;0;1;1;-28,32738463;-53,65565127;"SPRF-RS";"DEL10-RS";"UOP01-DEL10-RS"
269943;2020-02-17;"segunda-feira";"18:50:00";"ES";262;139;"MUNIZ FREIRE";"Fenômenos da Natureza";"Danos eventuais";"Com Vítimas Feridas";"Plena Noite";"Crescente";"Nublado";"Simples";"Reta";"Não";1;0;0;1;0;0;1;1;-20,23135279;-41,36098834;"SPRF-ES";"DEL01-ES";"UOP02-DEL01-ES"
269944;2020-02-17;"segunda-feira";"16:10:00";"MS";267;465,2;"GUIA LOPES DA LAGUNA";"Condutor Dormindo";"Saída de leito carroçável";"Com Vítimas Feridas";"Pleno dia";"Crescente";"Céu Claro";"Simples";"Reta";"Não";1;0;1;0;0;0;1;1;-21,40990018;-56,00851998;"SPRF-MS";"DEL05-MS";"UOP01-DEL05-MS"
269946;2020-02-17;"segunda-feira";"17:00:00";"SC";101;412,6;"ARARANGUA";"Falta de Atenção à Condução";"Colisão transversal";"Com Vítimas Feridas";"Pleno dia";"Decrescente";"Nublado";"Simples";"Reta";"Sim";2;0;1;0;1;0;1;2;-28,94245364;-49,50036585;"SPRF-SC";"DEL02-SC";"UOP02-DEL02-SC"
269947;2020-02-17;"segunda-feira";"18:00:00";"PR";476;173;"CONTENDA";"Velocidade Incompatível";"Saída de leito carroçável";"Sem Vítimas";"Anoitecer";"Decrescente";"Céu Claro";"Simples";"Curva";"Não";1;0;0;0;1;0;0;1;-25,68136;-49,525539;"SPRF-PR";"DEL01-PR";"UOP06-DEL01-PR"
269948;2020-02-17;"segunda-feira";"19:00:00";"SP";153;116,1;"UBARANA";"Defeito Mecânico no Veículo";"Tombamento";"Com Vítimas Feridas";"Plena Noite";"Crescente";"Garoa/Chuvisco";"Simples";"Reta";"Não";2;0;2;0;0;0;2;1;-21,1375408;-49,69894942;"SPRF-SP";"DEL09-SP";"UOP01-DEL09-SP"
269949;2020-02-17;"segunda-feira";"20:00:00";"SC";470;66;"INDAIAL";"Falta de Atenção à Condução";"Saída de leito carroçável";"Com Vítimas Feridas";"Plena Noite";"Decrescente";"Céu Claro";"Simples";"Retorno Regulamentado";"Sim";1;0;1;0;0;0;1;1;-26,870407;-49,221844;"SPRF-SC";"DEL04-SC";"UOP01-DEL04-SC"
269950;2020-02-17;"segunda-feira";"20:00:00";"SP";153;31,3;"NOVA GRANADA";"Pista Escorregadia";"Saída de leito carroçável";"Com Vítimas Feridas";"Plena Noite";"Crescente";"Chuva";"Simples";"Curva";"Não";3;0;2;0;1;0;2;2;-20,55032806;-49,3283987;"SPRF-SP";"DEL09-SP";"UOP01-DEL09-SP"
269951;2020-02-13;"quinta-feira";"07:48:00";"AC";317;151;"CAPIXABA";"Falta de Atenção à Condução";"Saída de leito carroçável";"Sem Vítimas";"Pleno dia";"Decrescente";"Sol";"Simples";"Curva";"Não";1;0;0;0;0;1;0;1;-10,59713105;-67,71312396;"SPRF-AC";"DEL01-AC";"UOP02-DEL01-AC"
269952;2020-02-17;"segunda-feira";"20:20:00";"MG";262;836,3;"UBERABA";"Falta de Atenção à Condução";"Colisão traseira";"Com Vítimas Feridas";"Plena Noite";"Decrescente";"Chuva";"Simples";"Reta";"Não";2;0;1;0;1;0;1;2;-19,75218091;-48,23839106;"SPRF-MG";"DEL13-MG";"UOP01-DEL13-MG"
269953;2020-02-17;"segunda-feira";"20:00:00";"PA";163;987;"SANTAREM";"Falta de Atenção à Condução";"Colisão transversal";"Com Vítimas Feridas";"Plena Noite";"Crescente";"Céu Claro";"Simples";"Reta";"Sim";2;0;0;1;1;0;1;2;-2,583771;-54,720398;"SPRF-PA";"DEL05-PA";"UOP01-DEL05-PA"
269954;2020-02-17;"segunda-feira";"17:15:00";"MG";356;277,1;"EUGENOPOLIS";"Velocidade Incompatível";"Capotamento";"Com Vítimas Feridas";"Pleno dia";"Decrescente";"Chuva";"Simples";"Curva";"Não";1;0;1;0;0;0;1;1;-21,12779941;-42,27558374;"SPRF-MG";"DEL07-MG";"UOP02-DEL07-MG"
269955;2020-02-17;"segunda-feira";"19:45:00";"MS";163;519,6;"JARAGUARI";"Falta de Atenção à Condução";"Colisão traseira";"Com Vítimas Feridas";"Plena Noite";"Crescente";"Céu Claro";"Dupla";"Aclive";"Não";6;0;5;0;1;0;5;2;-20,16993505;-54,4490649;"SPRF-MS";"DEL01-MS";"UOP02-DEL01-MS"
269956;2020-02-02;"domingo";"20:40:00";"PE";232;101,2;"BEZERROS";"Falta de Atenção do Pedestre";"Atropelamento de Pedestre";"Com Vítimas Feridas";"Plena Noite";"Decrescente";"Céu Claro";"Dupla";"Reta";"Sim";2;0;0;1;0;1;1;2;-8,24194679;-35,75097313;"SPRF-PE";"DEL01-PE";"UOP02-DEL02PE"
269957;2020-02-17;"segunda-feira";"20:00:00";"SC";101;109;"PENHA";"Ingestão de Álcool";"Colisão lateral";"Sem Vítimas";"Plena Noite";"Decrescente";"Céu Claro";"Dupla";"Curva";"Não";2;0;0;0;2;0;0;2;-26,83352119;-48,69607329;"SPRF-SC";"DEL03-SC";"UOP02-DEL03-SC"
269961;2020-02-17;"segunda-feira";"20:45:00";"PE";232;70,5;"GRAVATA";"Desobediência às normas de trânsito pelo condutor";"Atropelamento de Pedestre";"Com Vítimas Feridas";"Plena Noite";"Decrescente";"Céu Claro";"Dupla";"Reta";"Sim";3;0;2;0;0;1;2;2;-8,182808;-35,491051;"SPRF-PE";"DEL02-PE";"UOP02-DEL02PE"
269963;2020-02-17;"segunda-feira";"21:15:00";"RS";290;79;"GRAVATAI";"Falta de Atenção à Condução";"Capotamento";"Com Vítimas Feridas";"Plena Noite";"Decrescente";"Céu Claro";"Dupla";"Reta";"Não";4;0;4;0;0;0;4;1;-29,952908;-51,048054;"SPRF-RS";"DEL01-RS";"UOP01-DEL01-RS"
269964;2020-02-17;"segunda-feira";"21:30:00";"SC";101;442,9;"SANTA ROSA DO SUL";"Falta de Atenção à Condução";"Colisão traseira";"Sem Vítimas";"Plena Noite";"Crescente";"Céu Claro";"Dupla";"Reta";"Sim";2;0;0;0;2;0;0;2;-29,12959329;-49,68678391;"SPRF-SC";"DEL02-SC";"UOP02-DEL02-SC"
269965;2020-02-17;"segunda-feira";"11:00:00";"RS";392;13;"RIO GRANDE";"Falta de Atenção à Condução";"Tombamento";"Com Vítimas Feridas";"Pleno dia";"Crescente";"Nublado";"Dupla";"Curva";"Não";1;0;1;0;0;0;1;1;-32,12632387;-52,14931396;"SPRF-RS";"DEL07-RS";"UOP02-DEL07-RS"
269966;2020-02-17;"segunda-feira";"22:05:00";"PE";101;42,9;"IGARASSU";"Falta de Atenção à Condução";"Colisão traseira";"Com Vítimas Feridas";"Plena Noite";"Crescente";"Nublado";"Múltipla";"Reta";"Sim";2;0;1;0;1;0;1;2;-7,83887431;-34,91196739;"SPRF-PE";"DEL01-PE";"UOP02-DEL01-PE"
269967;2020-02-17;"segunda-feira";"22:00:00";"SC";101;214,7;"PALHOCA";"Desobediência às normas de trânsito pelo pedestre";"Atropelamento de Pedestre";"Com Vítimas Feridas";"Plena Noite";"Decrescente";"Céu Claro";"Dupla";"Reta";"Sim";2;0;0;1;1;0;1;2;-27,64443;-48,67057;"SPRF-SC";"DEL01-SC";"UOP02-DEL01-SC"
269971;2020-02-17;"segunda-feira";"19:04:00";"SP";116;57,8;"GUARATINGUETA";"Objeto estático sobre o leito carroçável";"Capotamento";"Com Vítimas Feridas";"Plena Noite";"Decrescente";"Nublado";"Dupla";"Reta";"Não";2;0;1;0;1;0;1;2;-22,77454618;-45,13807087;"SPRF-SP";"DEL08-SP";"UOP01-DEL08-SP"
269972;2020-02-17;"segunda-feira";"21:45:00";"RS";116;151;"CAXIAS DO SUL";"Desobediência às normas de trânsito pelo condutor";"Colisão lateral";"Com Vítimas Feridas";"Plena Noite";"Crescente";"Céu Claro";"Dupla";"Reta";"Sim";3;0;1;0;2;0;1;2;-29,17724119;-51,1620748;"SPRF-RS";"DEL05-RS";"UOP01-DEL05-RS"
269973;2020-02-17;"segunda-feira";"22:20:00";"PR";116;134;"FAZENDA RIO GRANDE";"Falta de Atenção à Condução";"Colisão com objeto estático";"Com Vítimas Feridas";"Plena Noite";"Crescente";"Nublado";"Dupla";"Curva";"Não";1;0;1;0;0;0;1;1;-25,67510803;-49,3157007;"SPRF-PR";"DEL01-PR";"UOP03-DEL01-PR"
269976;2020-02-17;"segunda-feira";"19:45:00";"MS";163;279;"DOURADOS";"Ingestão de Álcool";"Colisão com objeto estático";"Sem Vítimas";"Plena Noite";"Decrescente";"Céu Claro";"Dupla";"Retorno Regulamentado";"Sim";1;0;0;0;1;0;0;1;-22,13880517;-54,62057856;"SPRF-MS";"DEL04-MS";"UOP01-DEL04-MS"
269977;2020-02-17;"segunda-feira";"21:00:00";"MG";50;114;"UBERABA";"Condutor Dormindo";"Saída de leito carroçável";"Com Vítimas Feridas";"Plena Noite";"Decrescente";"Nublado";"Dupla";"Reta";"Não";1;0;1;0;0;0;1;1;-19,25772707;-48,13205017;"SPRF-MG";"DEL13-MG";"UOP01-DEL13-MG"
269978;2020-02-17;"segunda-feira";"23:35:00";"SC";101;199;"SAO JOSE";"Falta de Atenção à Condução";"Colisão transversal";"Com Vítimas Feridas";"Plena Noite";"Crescente";"Céu Claro";"Dupla";"Interseção de Vias";"Sim";3;0;1;0;2;0;1;2;-27,53413705;-48,63003205;"SPRF-SC";"DEL01-SC";"UOP01-DEL01-SC"
269979;2020-02-17;"segunda-feira";"18:40:00";"RO";364;707;"PORTO VELHO";"Animais na Pista";"Atropelamento de Animal";"Com Vítimas Feridas";"Anoitecer";"Crescente";"Céu Claro";"Dupla";"Reta";"Sim";2;0;2;0;0;0;2;1;-8,80037213;-63,83262707;"SPRF-RO";"DEL01-RO";"UOP01-DEL01-RO"
269980;2020-02-17;"segunda-feira";"21:05:00";"RJ";101;58;"CAMPOS DOS GOYTACAZES";"Velocidade Incompatível";"Tombamento";"Sem Vítimas";"Plena Noite";"Crescente";"Céu Claro";"Simples";"Reta";"Sim";1;0;0;0;1;0;0;1;-21,70488703;-41,30979616;"SPRF-RJ";"DEL08-RJ";"UOP01-DEL08-RJ"
269981;2020-02-17;"segunda-feira";"00:37:00";"DF";251;43,9;"BRASILIA";"Falta de Atenção à Condução";"Colisão frontal";"Com Vítimas Feridas";"Plena Noite";"Decrescente";"Ignorado";"Simples";"Reta";"Não";2;0;0;1;1;0;1;2;-15,942126;-47,832882;"SPRF-DF";"DEL01-DF";"UOP01-DEL01-DF"
269982;2020-02-18;"terça-feira";"01:05:00";"GO";70;1;"AGUAS LINDAS DE GOIAS";"Condutor Dormindo";"Colisão com objeto estático";"Sem Vítimas";"Plena Noite";"Crescente";"Céu Claro";"Dupla";"Reta";"Sim";1;0;0;0;1;0;0;1;-15,77579351;-48,23259001;"SPRF-DF";"DEL03-DF";"UOP02-DEL03-DF"
269984;2020-02-17;"segunda-feira";"19:50:00";"RO";421;55;"MONTE NEGRO";"Defeito na Via";"Queda de ocupante de veículo";"Com Vítimas Feridas";"Plena Noite";"Crescente";"Céu Claro";"Simples";"Reta";"Não";1;0;1;0;0;0;1;1;-10,298895;-63,321854;"SPRF-RO";"DEL03-RO";"UOP01-DEL03-RO"
269985;2020-02-18;"terça-feira";"01:00:00";"PB";101;83,8;"BAYEUX";"Condutor Dormindo";"Queda de ocupante de veículo";"Com Vítimas Feridas";"Plena Noite";"Crescente";"Nublado";"Dupla";"Reta";"Sim";1;0;0;1;0;0;1;1;-7,1337703;-34,92963914;"SPRF-PB";"DEL01-PB";"UOP01-DEL01-PB"
269987;2020-02-18;"terça-feira";"00:40:00";"SP";381;79,9;"SAO PAULO";"Falta de Atenção à Condução";"Colisão traseira";"Com Vítimas Feridas";"Plena Noite";"Decrescente";"Chuva";"Dupla";"Reta";"Sim";2;0;1;0;1;0;1;2;-23,40801377;-46,5805351;"SPRF-SP";"DEL03-SP";"UOP01-DEL03-SP"
269988;2020-02-18;"terça-feira";"01:55:00";"RS";101;10,6;"DOM PEDRO DE ALCANTARA";"Animais na Pista";"Atropelamento de Animal";"Com Vítimas Feridas";"Plena Noite";"Crescente";"Nublado";"Dupla";"Reta";"Sim";2;0;1;0;1;0;1;1;-29,37276611;-49,82302391;"SPRF-RS";"DEL03-RS";"UOP02-DEL03-RS"
269991;2020-02-18;"terça-feira";"04:50:00";"ES";101;297,2;"VIANA";"Falta de Atenção à Condução";"Colisão transversal";"Com Vítimas Feridas";"Amanhecer";"Crescente";"Céu Claro";"Dupla";"Reta";"Sim";2;0;1;1;0;0;2;2;-20,35374444;-40,4156433;"SPRF-ES";"DEL01-ES";"UOP01-DEL01-ES"
269994;2020-02-18;"terça-feira";"05:30:00";"DF";20;31;"BRASILIA";"Falta de Atenção do Pedestre";"Atropelamento de Pedestre";"Com Vítimas Fatais";"Amanhecer";"Decrescente";"Nublado";"Dupla";"Declive;Reta";"Não";11;1;0;0;10;0;0;2;-15,592531;-47,594936;"SPRF-DF";"DEL02-DF";"UOP01-DEL02-DF"
269996;2020-02-17;"segunda-feira";"21:20:00";"AL";423;103;"DELMIRO GOUVEIA";"Falta de Atenção à Condução";"Colisão lateral";"Com Vítimas Feridas";"Plena Noite";"Decrescente";"Céu Claro";"Simples";"Reta";"Não";2;0;1;0;1;0;1;2;-9,4027224;-38,1818248;"SPRF-BA";"DEL07-BA";"UOP01-DEL07-BA"
269997;2020-02-17;"segunda-feira";"23:45:00";"MG";267;247,5;"CARVALHOS";"Pista Escorregadia";"Capotamento";"Com Vítimas Feridas";"Plena Noite";"Crescente";"Chuva";"Simples";"Curva";"Não";2;0;2;0;0;0;2;1;-21,93528929;-44,46564168;"SPRF-MG";"DEL17-MG";"UOP01-DEL17-MG"
270001;2020-02-18;"terça-feira";"06:30:00";"ES";101;287;"CARIACICA";"Falta de Atenção à Condução";"Colisão com objeto estático";"Com Vítimas Feridas";"Pleno dia";"Crescente";"Céu Claro";"Dupla";"Reta";"Sim";1;0;1;0;0;0;1;1;-20,26493528;-40,38471702;"SPRF-ES";"DEL01-ES";"UOP01-DEL01-ES"
270002;2020-02-18;"terça-feira";"07:00:00";"RS";116;146,8;"CAXIAS DO SUL";"Falta de Atenção à Condução";"Colisão traseira";"Com Vítimas Feridas";"Pleno dia";"Decrescente";"Céu Claro";"Dupla";"Reta";"Sim";2;0;1;0;1;0;1;2;-29,14228897;-51,13622202;"SPRF-RS";"DEL05-RS";"UOP01-DEL05-RS"
270003;2020-02-18;"terça-feira";"07:00:00";"BA";324;621;"SALVADOR";"Falta de Atenção à Condução";"Queda de ocupante de veículo";"Com Vítimas Feridas";"Pleno dia";"Crescente";"Nublado";"Dupla";"Reta";"Sim";2;0;2;0;0;0;2;1;-12,926481;-38,467706;"SPRF-BA";"DEL01-BA";"UOP01-DEL01-BA"
270005;2020-02-18;"terça-feira";"07:15:00";"SP";116;150,3;"SAO JOSE DOS CAMPOS";"Não guardar distância de segurança";"Engavetamento";"Sem Vítimas";"Pleno dia";"Crescente";"Nublado";"Dupla";"Reta";"Sim";4;0;0;0;4;0;0;4;-23,21335525;-45,8930588;"SPRF-SP";"DEL02-SP";"UOP01-DEL02-SP"
270007;2020-02-18;"terça-feira";"07:55:00";"ES";101;308;"VIANA";"Falta de Atenção à Condução";"Colisão transversal";"Com Vítimas Feridas";"Pleno dia";"Crescente";"Céu Claro";"Simples";"Reta";"Sim";5;0;1;2;2;0;3;2;-20,40809191;-40,45835336;"SPRF-ES";"DEL03-ES";"UOP01-DEL03-ES"
270008;2020-02-18;"terça-feira";"07:45:00";"RS";392;353;"SANTA MARIA";"Falta de Atenção à Condução";"Colisão traseira";"Com Vítimas Feridas";"Pleno dia";"Decrescente";"Nublado";"Dupla";"Reta";"Sim";2;0;1;0;1;0;1;2;-29,713892;-53,808228;"SPRF-RS";"DEL09-RS";"UOP01-DEL09-RS"
270009;2020-02-18;"terça-feira";"06:35:00";"RS";290;476,1;"ROSARIO DO SUL";"Pista Escorregadia";"Saída de leito carroçável";"Com Vítimas Feridas";"Amanhecer";"Crescente";"Chuva";"Simples";"Reta";"Não";2;0;2;0;0;0;2;1;-30,24036;-54,878563;"SPRF-RS";"DEL11-RS";"UOP02-DEL11-RS"
270010;2020-02-18;"terça-feira";"07:40:00";"SC";101;402;"MARACAJA";"Defeito Mecânico no Veículo";"Incêndio";"Sem Vítimas";"Pleno dia";"Crescente";"Céu Claro";"Simples";"Curva";"Sim";1;0;0;0;1;0;0;1;-28,86330994;-49,44595308;"SPRF-SC";"DEL02-SC";"UOP02-DEL02-SC"
270011;2020-02-18;"terça-feira";"07:55:00";"SC";101;412,6;"ARARANGUA";"Desobediência às normas de trânsito pelo condutor";"Colisão transversal";"Com Vítimas Feridas";"Pleno dia";"Decrescente";"Céu Claro";"Simples";"Reta";"Sim";2;0;0;1;1;0;1;2;-28,95226117;-49,50866461;"SPRF-SC";"DEL02-SC";"UOP02-DEL02-SC"
270012;2020-02-18;"terça-feira";"07:40:00";"SP";116;229;"SAO PAULO";"Velocidade Incompatível";"Colisão lateral";"Com Vítimas Feridas";"Pleno dia";"Crescente";"Céu Claro";"Múltipla";"Reta";"Sim";2;0;1;0;1;0;1;2;-23,51291902;-46,57604698;"SPRF-SP";"DEL01-SP";"UOP01-DEL01-SP"
270013;2020-02-18;"terça-feira";"07:40:00";"GO";153;503,5;"APARECIDA DE GOIANIA";"Não guardar distância de segurança";"Colisão traseira";"Sem Vítimas";"Pleno dia";"Decrescente";"Nublado";"Múltipla";"Aclive";"Sim";2;0;0;0;2;0;0;2;-16,7366;-49,243;"SPRF-GO";"DEL01-GO";"UOP01-DEL01-GO"
270014;2020-02-18;"terça-feira";"08:00:00";"SC";101;212;"PALHOCA";"Desobediência às normas de trânsito pelo condutor";"Colisão lateral";"Com Vítimas Feridas";"Pleno dia";"Crescente";"Céu Claro";"Múltipla";"Interseção de Vias";"Sim";2;0;2;0;0;0;2;2;-27,62996929;-48,65903871;"SPRF-SC";"DEL01-SC";"UOP02-DEL01-SC"
270016;2020-02-18;"terça-feira";"08:15:00";"PB";230;17;"JOAO PESSOA";"Falta de Atenção à Condução";"Colisão lateral";"Com Vítimas Feridas";"Pleno dia";"Crescente";"Sol";"Múltipla";"Reta";"Sim";3;0;1;0;2;0;1;2;-7,1121;-34,8426;"SPRF-PB";"DEL01-PB";"UOP01-DEL01-PB"
270017;2020-02-18;"terça-feira";"07:50:00";"BA";101;512;"ITABUNA";"Não guardar distância de segurança";"Saída de leito carroçável";"Com Vítimas Feridas";"Pleno dia";"Decrescente";"Nublado";"Simples";"Reta";"Não";5;0;3;0;2;0;3;1;-14,89834049;-39,2723465;"SPRF-BA";"DEL05-BA";"UOP01-DEL05-BA"
270018;2020-02-18;"terça-feira";"08:28:00";"MG";40;526;"CONTAGEM";"Não guardar distância de segurança";"Colisão lateral";"Com Vítimas Feridas";"Pleno dia";"Crescente";"Céu Claro";"Dupla";"Reta";"Sim";2;0;1;0;1;0;1;2;-19,89255399;-44,04985478;"SPRF-MG";"DEL01-MG";"UOP02-DEL01-MG"
270019;2020-02-18;"terça-feira";"07:50:00";"PB";230;214,3;"SOLEDADE";"Falta de Atenção à Condução";"Colisão transversal";"Com Vítimas Feridas";"Pleno dia";"Crescente";"Sol";"Simples";"Reta";"Não";2;0;0;1;1;0;1;2;-7,0622;-36,3543;"SPRF-PB";"DEL02-PB";"UOP02-DEL02-PB"
270022;2020-02-18;"terça-feira";"08:20:00";"PB";230;50,2;"SANTA RITA";"Condutor Dormindo";"Saída de leito carroçável";"Com Vítimas Feridas";"Pleno dia";"Decrescente";"Céu Claro";"Dupla";"Reta";"Não";1;0;1;0;0;0;1;1;-7,1846;-35,0544;"SPRF-PB";"DEL01-PB";"UOP03-DEL01-PB"
270023;2020-02-18;"terça-feira";"07:50:00";"BA";324;619;"SALVADOR";"Falta de Atenção à Condução";"Engavetamento";"Sem Vítimas";"Pleno dia";"Crescente";"Nublado";"Dupla";"Reta";"Sim";3;0;0;0;3;0;0;3;-12,89820999;-38,45012202;"SPRF-BA";"DEL01-BA";"UOP01-DEL01-BA"
270024;2020-02-18;"terça-feira";"06:55:00";"RO";364;708,2;"PORTO VELHO";"Velocidade Incompatível";"Colisão com objeto estático";"Sem Vítimas";"Pleno dia";"Crescente";"Céu Claro";"Dupla";"Reta";"Sim";2;0;0;0;2;0;0;2;-8,79554083;-63,84072487;"SPRF-RO";"DEL01-RO";"UOP01-DEL01-RO"
270025;2020-02-18;"terça-feira";"08:55:00";"SC";282;6;"SAO JOSE";"Pista Escorregadia";"Queda de ocupante de veículo";"Com Vítimas Feridas";"Pleno dia";"Decrescente";"Céu Claro";"Dupla";"Aclive;Curva";"Sim";1;0;1;0;0;0;1;1;-27,591936;-48,618244;"SPRF-SC";"DEL01-SC";"UOP01-DEL01-SC"
270026;2020-02-18;"terça-feira";"07:30:00";"BA";101;300;"VALENCA";"Condutor Dormindo";"Capotamento";"Com Vítimas Feridas";"Pleno dia";"Decrescente";"Chuva";"Simples";"Curva";"Não";4;0;1;3;0;0;4;1;-13,36375412;-39,37591281;"SPRF-BA";"DEL01-BA";"UOP02-DEL01-BA"
270027;2020-02-18;"terça-feira";"07:30:00";"BA";324;622;"SALVADOR";"Falta de Atenção à Condução";"Colisão traseira";"Com Vítimas Feridas";"Pleno dia";"Crescente";"Nublado";"Múltipla";"Reta";"Não";2;0;1;0;1;0;1;2;-12,91888605;-38,46502095;"SPRF-BA";"DEL01-BA";"UOP01-DEL01-BA"
270028;2020-02-18;"terça-feira";"09:30:00";"PA";222;229;"MARABA";"Falta de Atenção à Condução";"Colisão traseira";"Com Vítimas Feridas";"Pleno dia";"Decrescente";"Céu Claro";"Simples";"Reta";"Sim";3;0;1;0;2;0;1;2;-5,231875;-49,053627;"SPRF-PA";"DEL03-PA";"UOP01-DEL03-PA"
270029;2020-02-18;"terça-feira";"08:20:00";"SC";101;101,8;"BALNEARIO PICARRAS";"Falta de Atenção à Condução";"Saída de leito carroçável";"Com Vítimas Feridas";"Pleno dia";"Crescente";"Sol";"Múltipla";"Reta";"Sim";2;0;1;0;1;0;1;2;-26,76404198;-48,68657667;"SPRF-SC";"DEL03-SC";"UOP02-DEL03-SC"
270030;2020-02-18;"terça-feira";"08:30:00";"PR";476;346,7;"PAULA FREITAS";"Não guardar distância de segurança";"Colisão traseira";"Com Vítimas Feridas";"Pleno dia";"Decrescente";"Céu Claro";"Simples";"Reta";"Não";2;0;1;0;1;0;1;2;-26,184006;-50,942402;"SPRF-PR";"DEL02-PR";"UOP03-DEL02-PR"
270031;2020-02-18;"terça-feira";"08:00:00";"PE";423;97,3;"GARANHUNS";"Desobediência às normas de trânsito pelo condutor";"Colisão transversal";"Com Vítimas Feridas";"Pleno dia";"Decrescente";"Céu Claro";"Simples";"Reta";"Sim";2;0;1;0;1;0;1;2;-8,878521;-36,49728;"SPRF-PE";"DEL03-PE";"UOP01-DEL03-PE"