"id";"data_inversa";"dia_semana";"horario";"uf";"br";"km";"municipio";"causa_acidente";"tipo_acidente";"classificacao_acidente";"fase_dia";"sentido_via";"condicao_metereologica";"tipo_pista";"tracado_via";"uso_solo";"pessoas";"mortos";"feridos_leves";"feridos_graves";"ilesos";"ignorados";"feridos";"veiculos";"latitude";"longitude";"regional";"delegacia";"uop"
270159;2020-02-18;"terça-feira";"01:00:00";"RS";293;437,9;"QUARAI";"Falta de Atenção à Condução";"Saída de leito carroçável";"Com Vítimas Feridas";"Plena Noite";"Crescente";"Ignorado";"Simples";"Reta";"Não";1;0;0;1;0;0;1;1;-30,41460916;-56,39129606;"SPRF-RS";"DEL11-RS";"UOP01-DEL11-RS"
270162;2020-02-19;"quarta-feira";"01:00:00";"RJ";101;61;"CAMPOS DOS GOYTACAZES";"Falta de Atenção do Pedestre";"Atropelamento de Pedestre";"Com Vítimas Fatais";"Plena Noite";"Crescente";"Céu Claro";"Simples";"Reta";"Sim";3;1;0;0;0;2;0;2;-21,72655788;-41,32133519;"SPRF-RJ";"DEL08-RJ";"UOP01-DEL08-RJ"
270164;2020-02-19;"quarta-feira";"03:55:00";"RS";116;252;"SAPUCAIA DO SUL";"Falta de Atenção à Condução";"Colisão lateral";"Com Vítimas Feridas";"Plena Noite";"Crescente";"Céu Claro";"Dupla";"Reta";"Não";1;0;1;0;0;0;1;1;-29,80913395;-51,1675292;"SPRF-RS";"DEL01-RS";"UOP02-DEL01-RS"
270165;2020-02-19;"quarta-feira";"04:00:00";"ES";262;2;"CARIACICA";"Falta de Atenção à Condução";"Colisão com objeto estático";"Sem Vítimas";"Amanhecer";"Crescente";"Nublado";"Múltipla";"Reta";"Sim";1;0;0;0;0;1;0;1;-20,33275688;-40,36077696;"SPRF-ES";"DEL01-ES";"UOP01-DEL01-ES"
270166;2020-02-19;"quarta-feira";"05:15:00";"PR";376;208,9;"MANDAGUARI";"Velocidade Incompatível";"Saída de leito carroçável";"Com Vítimas Feridas";"Plena Noite";"Crescente";"Nublado";"Dupla";"Reta";"Não";1;0;1;0;0;0;1;1;-23,548425;-51,686286;"SPRF-PR";"DEL09-PR";"UOP01-DEL09-PR"
270167;2020-02-19;"quarta-feira";"04:20:00";"AL";316;257;"PILAR";"Animais na Pista";"Atropelamento de Animal";"Com Vítimas Feridas";"Amanhecer";"Crescente";"Nublado";"Simples";"Reta";"Não";1;0;1;0;0;0;1;1;-9,59111036;-35,93216002;"SPRF-AL";"DEL02-AL";"UOP01-DEL02-AL"
270168;2020-02-19;"quarta-feira";"04:50:00";"PR";116;115;"CURITIBA";"Falta de Atenção à Condução";"Colisão transversal";"Com Vítimas Feridas";"Plena Noite";"Crescente";"Céu Claro";"Dupla";"Reta";"Sim";6;0;4;0;2;0;4;2;-25,54417621;-49,30355225;"SPRF-PR";"DEL01-PR";"UOP06-DEL01-PR"
270170;2020-02-19;"quarta-feira";"06:25:00";"SC";101;193;"BIGUACU";"Falta de Atenção à Condução";"Colisão transversal";"Sem Vítimas";"Pleno dia";"Crescente";"Céu Claro";"Dupla";"Reta";"Sim";2;0;0;0;2;0;0;2;-27,489574;-48,655914;"SPRF-SC";"DEL01-SC";"UOP01-DEL01-SC"
270172;2020-02-18;"terça-feira";"20:10:00";"CE";222;312;"TIANGUA";"Desobediência às normas de trânsito pelo condutor";"Colisão transversal";"Com Vítimas Feridas";"Plena Noite";"Decrescente";"Nevoeiro/Neblina";"Simples";"Reta";"Sim";2;0;1;0;1;0;1;2;-3,71699311;-40,9914242;"SPRF-CE";"DEL04-CE";"UOP02-DEL04-CE"
270173;2020-02-19;"quarta-feira";"06:00:00";"SP";116;276;"EMBU DAS ARTES";"Falta de Atenção à Condução";"Tombamento";"Com Vítimas Feridas";"Pleno dia";"Decrescente";"Céu Claro";"Dupla";"Reta";"Sim";1;0;1;0;0;0;1;1;-23,64262417;-46,83811382;"SPRF-SP";"DEL04-SP";"UOP01-DEL04-SP"
270174;2020-02-19;"quarta-feira";"06:40:00";"RJ";101;322;"NITEROI";"Falta de Atenção à Condução";"Colisão lateral";"Sem Vítimas";"Pleno dia";"Crescente";"Céu Claro";"Múltipla";"Reta";"Sim";2;0;0;0;2;0;0;2;-22,878923;-43,110676;"SPRF-RJ";"DEL02-RJ";"UOP01-DEL02-RJ"
270175;2020-02-18;"terça-feira";"23:00:00";"MG";50;91,1;"UBERLANDIA";"Velocidade Incompatível";"Saída de leito carroçável";"Com Vítimas Feridas";"Plena Noite";"Decrescente";"Céu Claro";"Dupla";"Reta";"Não";1;0;1;0;0;0;1;1;-19,05745188;-48,19415161;"SPRF-MG";"DEL15-MG";"UOP01-DEL15-MG"
270177;2020-02-19;"quarta-feira";"03:10:00";"RJ";101;86;"CAMPOS DOS GOYTACAZES";"Falta de Atenção à Condução";"Saída de leito carroçável";"Com Vítimas Fatais";"Amanhecer";"Decrescente";"Céu Claro";"Dupla";"Curva";"Não";4;1;3;0;0;0;3;1;-21,826868;-41,487442;"SPRF-RJ";"DEL08-RJ";"UOP02-DEL08-RJ"
270178;2020-02-19;"quarta-feira";"07:20:00";"MG";381;501;"BETIM";"Falta de Atenção à Condução";"Saída de leito carroçável";"Com Vítimas Feridas";"Pleno dia";"Decrescente";"Céu Claro";"Dupla";"Reta";"Sim";1;0;1;0;0;0;1;1;-20,01172662;-44,21976041;"SPRF-MG";"DEL01-MG";"UOP03-DEL01-MG"
270179;2020-02-19;"quarta-feira";"06:50:00";"CE";116;163,2;"RUSSAS";"Desobediência às normas de trânsito pelo condutor";"Colisão transversal";"Com Vítimas Feridas";"Amanhecer";"Crescente";"Nublado";"Simples";"Interseção de Vias";"Sim";2;0;0;1;1;0;1;2;-4,94598683;-37,99120545;"SPRF-CE";"DEL03-CE";"UOP01-DEL03-CE"
270180;2020-02-19;"quarta-feira";"06:40:00";"BA";116;833,7;"VITORIA DA CONQUISTA";"Falta de Atenção à Condução";"Tombamento";"Com Vítimas Feridas";"Pleno dia";"Decrescente";"Céu Claro";"Simples";"Reta";"Sim";1;0;1;0;0;0;1;1;-14,93668893;-40,89087725;"SPRF-BA";"DEL08-BA";"UOP01-DEL08-BA"
270181;2020-02-19;"quarta-feira";"07:30:00";"SC";101;215;"PALHOCA";"Velocidade Incompatível";"Colisão lateral";"Com Vítimas Feridas";"Pleno dia";"Decrescente";"Céu Claro";"Dupla";"Reta";"Sim";2;0;0;1;1;0;1;2;-27,65184843;-48,67604941;"SPRF-SC";"DEL01-SC";"UOP02-DEL01-SC"
270182;2020-02-19;"quarta-feira";"07:47:00";"DF";20;14;"BRASILIA";"Não guardar distância de segurança";"Colisão traseira";"Sem Vítimas";"Pleno dia";"Decrescente";"Nublado";"Dupla";"Reta";"Não";2;0;0;0;2;0;0;2;-15,634938;-47,741241;"SPRF-DF";"DEL02-DF";"UOP01-DEL02-DF"
270183;2020-02-19;"quarta-feira";"07:30:00";"PR";277;584;"CASCAVEL";"Pista Escorregadia";"Tombamento";"Com Vítimas Feridas";"Pleno dia";"Decrescente";"Nublado";"Simples";"Interseção de Vias";"Sim";1;0;1;0;0;0;1;1;-24,96684176;-53,40258186;"SPRF-PR";"DEL04-PR";"UOP01-DEL04-PR"
270184;2020-02-19;"quarta-feira";"07:15:00";"PR";476;129,8;"CURITIBA";"Pista Escorregadia";"Saída de leito carroçável";"Com Vítimas Feridas";"Pleno dia";"Decrescente";"Chuva";"Múltipla";"Curva";"Sim";1;0;1;0;0;0;1;1;-25,440983;-49,233715;"SPRF-PR";"DEL01-PR";"UOP07-DEL01-PR"
270185;2020-02-19;"quarta-feira";"07:40:00";"PB";230;24,4;"JOAO PESSOA";"Desobediência às normas de trânsito pelo condutor";"Colisão lateral";"Com Vítimas Feridas";"Pleno dia";"Decrescente";"Sol";"Dupla";"Curva";"Sim";2;0;1;0;1;0;1;2;-7,1637;-34,8618;"SPRF-PB";"DEL01-PB";"UOP01-DEL01-PB"
270186;2020-02-19;"quarta-feira";"07:00:00";"MS";163;39;"ELDORADO";"Falta de Atenção à Condução";"Colisão transversal";"Com Vítimas Feridas";"Pleno dia";"Decrescente";"Céu Claro";"Simples";"Reta";"Sim";2;0;1;0;1;0;1;2;-23,7948851;-54,28686992;"SPRF-MS";"DEL09-MS";"UOP02-DEL09-MS"
270187;2020-02-19;"quarta-feira";"08:00:00";"SP";116;448;"REGISTRO";"Defeito na Via";"Colisão com objeto estático";"Com Vítimas Feridas";"Pleno dia";"Decrescente";"Nublado";"Dupla";"Reta";"Sim";1;0;1;0;0;0;1;1;-24,52099699;-47,85336602;"SPRF-SP";"DEL05-SP";"UOP01-DEL05-SP"
270188;2020-02-19;"quarta-feira";"07:45:00";"CE";222;5,5;"CAUCAIA";"Falta de Atenção à Condução";"Colisão lateral";"Com Vítimas Feridas";"Pleno dia";"Decrescente";"Garoa/Chuvisco";"Dupla";"Curva";"Sim";2;0;1;0;1;0;1;2;-3,7367737;-38,56923;"SPRF-CE";"DEL01-CE";"UOP01-DEL01-CE"
270189;2020-02-15;"sábado";"16:30:00";"PA";230;510;"ANAPU";"Ingestão de Álcool";"Colisão frontal";"Com Vítimas Fatais";"Pleno dia";"Decrescente";"Céu Claro";"Simples";"Reta";"Não";3;1;1;1;0;0;2;2;-3,39585732;-51,29067824;"SPRF-PA";"DEL04-PA";"UOP01-DEL04-PA"
270191;2020-02-19;"quarta-feira";"08:00:00";"GO";153;499;"GOIANIA";"Falta de Atenção à Condução";"Colisão traseira";"Com Vítimas Feridas";"Pleno dia";"Crescente";"Céu Claro";"Dupla";"Reta";"Sim";2;0;1;0;1;0;1;2;-16,7033;-49,2311;"SPRF-GO";"DEL01-GO";"UOP01-DEL01-GO"
270192;2020-02-19;"quarta-feira";"07:10:00";"PR";277;100;"CURITIBA";"Falta de Atenção à Condução";"Saída de leito carroçável";"Com Vítimas Feridas";"Pleno dia";"Crescente";"Chuva";"Dupla";"Curva";"Não";2;0;1;0;1;0;1;1;-25,52924091;-49,32682192;"SPRF-PR";"DEL01-PR";"UOP06-DEL01-PR"
270195;2020-02-19;"quarta-feira";"07:30:00";"MG";40;510;"RIBEIRAO DAS NEVES";"Velocidade Incompatível";"Colisão traseira";"Com Vítimas Feridas";"Pleno dia";"Decrescente";"Céu Claro";"Dupla";"Reta";"Não";2;0;1;0;1;0;1;2;-19,77463885;-44,12321882;"SPRF-MG";"DEL01-MG";"UOP02-DEL01-MG"
270196;2020-02-19;"quarta-feira";"09:30:00";"BA";324;619;"SALVADOR";"Falta de Atenção à Condução";"Colisão lateral";"Com Vítimas Feridas";"Pleno dia";"Crescente";"Chuva";"Dupla";"Reta";"Sim";3;0;2;0;1;0;2;2;-12,89820999;-38,45012202;"SPRF-BA";"DEL01-BA";"UOP01-DEL01-BA"
270198;2020-02-19;"quarta-feira";"09:35:00";"TO";153;194,6;"NOVA OLINDA";"Pista Escorregadia";"Saída de leito carroçável";"Com Vítimas Fatais";"Pleno dia";"Crescente";"Chuva";"Simples";"Reta";"Não";2;1;1;0;0;0;1;1;-7,59531198;-48,42039406;"SPRF-TO";"DEL02-TO";"UOP01-DEL02-TO"
270199;2020-02-19;"quarta-feira";"09:00:00";"SE";101;110;"SAO CRISTOVAO";"Velocidade Incompatível";"Saída de leito carroçável";"Com Vítimas Feridas";"Pleno dia";"Crescente";"Chuva";"Dupla";"Curva";"Não";1;0;1;0;0;0;1;1;-10,96959411;-37,27937094;"SPRF-SE";"DEL02-SE";"UOP01-DEL02-SE"
270201;2020-02-19;"quarta-feira";"08:40:00";"BA";101;526,3;"BUERAREMA";"Falta de Atenção à Condução";"Colisão traseira";"Com Vítimas Feridas";"Pleno dia";"Crescente";"Nublado";"Simples";"Reta";"Sim";2;0;1;0;1;0;1;2;-14,96543282;-39,31637764;"SPRF-BA";"DEL05-BA";"UOP01-DEL05-BA"
270203;2020-01-18;"sábado";"13:39:00";"PR";369;161;"CAMBE";"Desobediência às normas de trânsito pelo condutor";"Colisão transversal";"Com Vítimas Feridas";"Pleno dia";"Crescente";"Nublado";"Dupla";"Interseção de Vias;Reta";"Sim";4;0;1;0;2;1;1;3;-23,28863289;-51,2622124;"SPRF-PR";"DEL07-PR";"UOP01-DEL07-PR"
270204;2020-01-12;"domingo";"10:10:00";"SP";381;75;"SAO PAULO";"Pista Escorregadia";"Queda de ocupante de veículo";"Com Vítimas Feridas";"Pleno dia";"Decrescente";"Nublado";"Dupla";"Curva";"Não";2;0;2;0;0;0;2;1;-23,37660089;-46,56409613;"SPRF-SP";"DEL03-SP";"UOP01-DEL03-SP"
270206;2020-02-19;"quarta-feira";"09:20:00";"PB";230;67,4;"SOBRADO";"Defeito Mecânico no Veículo";"Incêndio";"Sem Vítimas";"Pleno dia";"Crescente";"Nublado";"Dupla";"Reta";"Não";1;0;0;0;1;0;0;1;-7,1856;-35,1989;"SPRF-PB";"DEL01-PB";"UOP03-DEL01-PB"
270208;2020-02-19;"quarta-feira";"10:20:00";"RJ";116;173;"MESQUITA";"Desobediência às normas de trânsito pelo condutor";"Colisão lateral";"Com Vítimas Feridas";"Pleno dia";"Decrescente";"Céu Claro";"Múltipla";"Reta";"Não";2;0;1;0;1;0;1;2;-22,79810324;-43,35726614;"SPRF-RJ";"DEL01-RJ";"UOP02-DEL01-RJ"
270209;2020-02-19;"quarta-feira";"09:30:00";"RS";153;432,5;"CACHOEIRA DO SUL";"Falta de Atenção à Condução";"Saída de leito carroçável";"Com Vítimas Feridas";"Pleno dia";"Crescente";"Céu Claro";"Simples";"Reta";"Não";1;0;1;0;0;0;1;1;-30,19113447;-52,78930664;"SPRF-RS";"DEL02-RS";"UOP02-DEL02-RS"
270212;2020-02-19;"quarta-feira";"11:00:00";"SP";116;155;"SAO JOSE DOS CAMPOS";"Falta de Atenção à Condução";"Tombamento";"Com Vítimas Feridas";"Pleno dia";"Crescente";"Céu Claro";"Dupla";"Reta";"Sim";1;0;1;0;0;0;1;1;-23,24524337;-45,92772774;"SPRF-SP";"DEL02-SP";"UOP01-DEL02-SP"
270213;2020-02-19;"quarta-feira";"10:40:00";"BA";101;688,4;"EUNAPOLIS";"Velocidade Incompatível";"Capotamento";"Com Vítimas Feridas";"Pleno dia";"Crescente";"Chuva";"Simples";"Reta";"Não";2;0;2;0;0;0;2;1;-16,32428911;-39,59284407;"SPRF-BA";"DEL09-BA";"UOP01-DEL09-BA"
270215;2020-02-19;"quarta-feira";"09:00:00";"RJ";101;319;"SAO GONCALO";"Defeito na Via";"Queda de ocupante de veículo";"Com Vítimas Feridas";"Pleno dia";"Crescente";"Céu Claro";"Dupla";"Curva";"Sim";2;0;2;0;0;0;2;1;-22,85411774;-43,1018014;"SPRF-RJ";"DEL02-RJ";"UOP01-DEL02-RJ"
270216;2020-02-19;"quarta-feira";"11:00:00";"AP";210;3;"MACAPA";"Desobediência às normas de trânsito pelo condutor";"Colisão transversal";"Com Vítimas Feridas";"Pleno dia";"Decrescente";"Nublado";"Múltipla";"Interseção de Vias";"Sim";2;0;1;0;1;0;1;2;0,08723365;-51,08569007;"SPRF-AP";"DEL01-AP";"UOP01-DEL01-AP"
270217;2020-02-19;"quarta-feira";"09:20:00";"PR";369;0,8;"JACAREZINHO";"Falta de Atenção à Condução";"Queda de ocupante de veículo";"Com Vítimas Feridas";"Pleno dia";"Decrescente";"Céu Claro";"Múltipla";"Reta;Declive";"Não";1;0;1;0;0;0;1;1;-23,00410106;-49,90963876;"SPRF-PR";"DEL07-PR";"UOP05-DEL07-PR"
270218;2020-02-19;"quarta-feira";"11:15:00";"PR";277;390,1;"CANDOI";"Ultrapassagem Indevida";"Colisão traseira";"Com Vítimas Feridas";"Pleno dia";"Crescente";"Céu Claro";"Simples";"Reta";"Não";4;0;1;0;3;0;1;3;-25,43877352;-51,8288981;"SPRF-PR";"DEL08-PR";"UOP01-DEL08-PR"
270219;2020-01-19;"domingo";"04:35:00";"RN";427;96,2;"CAICO";"Ingestão de Álcool";"Saída de leito carroçável";"Com Vítimas Feridas";"Plena Noite";"Decrescente";"Céu Claro";"Simples";"Curva";"Sim";1;0;0;1;0;0;1;1;-6,47076284;-37,08017707;"SPRF-RN";"DEL03-RN";"UOP01-DEL03-RN"
270220;2020-02-19;"quarta-feira";"11:10:00";"RS";386;47,8;"SEBERI";"Desobediência às normas de trânsito pelo condutor";"Colisão transversal";"Com Vítimas Feridas";"Pleno dia";"Decrescente";"Céu Claro";"Simples";"Reta";"Não";2;0;1;0;1;0;1;2;-27,466236;-53,404499;"SPRF-RS";"DEL08-RS";"UOP02-DEL08-RS"
270221;2020-02-19;"quarta-feira";"05:00:00";"PA";10;14,6;"DOM ELISEU";"Defeito na Via";"Saída de leito carroçável";"Sem Vítimas";"Amanhecer";"Decrescente";"Chuva";"Simples";"Reta";"Sim";1;0;0;0;0;1;0;1;-4,32541324;-47,54535722;"SPRF-PA";"DEL02-PA";"UOP02-DEL02-PA"
270223;2020-02-19;"quarta-feira";"11:40:00";"RN";101;95;"NATAL";"Desobediência às normas de trânsito pelo condutor";"Colisão transversal";"Com Vítimas Feridas";"Pleno dia";"Crescente";"Chuva";"Dupla";"Reta";"Sim";4;0;2;0;1;1;2;3;-5,84076841;-35,21035949;"SPRF-RN";"DEL01-RN";"UOP01-DEL01-RN"
270224;2020-02-19;"quarta-feira";"12:00:00";"MG";365;699,7;"MONTE ALEGRE DE MINAS";"Defeito na Via";"Capotamento";"Com Vítimas Feridas";"Pleno dia";"Decrescente";"Nublado";"Dupla";"Reta";"Não";1;0;1;0;0;0;1;1;-18,87943694;-48,97913;"SPRF-MG";"DEL15-MG";"UOP03-DEL15-MG"
270231;2020-02-19;"quarta-feira";"11:40:00";"PR";376;645,6;"TIJUCAS DO SUL";"Velocidade Incompatível";"Capotamento";"Sem Vítimas";"Pleno dia";"Decrescente";"Nublado";"Dupla";"Reta";"Não";1;0;0;0;1;0;0;1;-25,83046884;-49,11517382;"SPRF-PR";"DEL01-PR";"UOP04-DEL01-PR"
270232;2020-02-19;"quarta-feira";"12:50:00";"RS";386;392,5;"TRIUNFO";"Pista Escorregadia";"Tombamento";"Com Vítimas Feridas";"Pleno dia";"Decrescente";"Céu Claro";"Dupla";"Rotatória";"Sim";1;0;0;1;0;0;1;1;-29,704739;-51,654911;"SPRF-RS";"DEL04-RS";"UOP02-DEL04-RS"
270233;2020-02-19;"quarta-feira";"08:20:00";"PR";376;166;"MARINGA";"Agressão Externa";"Saída de leito carroçável";"Sem Vítimas";"Pleno dia";"Crescente";"Céu Claro";"Dupla";"Reta";"Não";1;0;0;0;1;0;0;1;-23,39663206;-52,00514304;"SPRF-PR";"DEL09-PR";"UOP01-DEL09-PR"
270238;2020-01-06;"segunda-feira";"18:30:00";"PE";424;91;"GARANHUNS";"Deficiência ou não Acionamento do Sistema de Iluminação/Sinalização do Veículo";"Colisão transversal";"Com Vítimas Feridas";"Plena Noite";"Crescente";"Céu Claro";"Simples";"Reta";"Sim";2;0;0;1;0;1;1;2;-8,90409633;-36,49974647;"SPRF-PE";"DEL03-PE";"UOP01-DEL03-PE"
270239;2020-02-19;"quarta-feira";"14:25:00";"SP";116;280;"EMBU DAS ARTES";"Não guardar distância de segurança";"Colisão traseira";"Com Vítimas Feridas";"Pleno dia";"Crescente";"Nublado";"Dupla";"Declive;Reta";"Não";3;0;2;0;0;1;2;2;-23,66996108;-46,85590758;"SPRF-SP";"DEL04-SP";"UOP01-DEL04-SP"
270240;2020-02-19;"quarta-feira";"09:00:00";"TO";153;201;"NOVA OLINDA";"Pista Escorregadia";"Saída de leito carroçável";"Sem Vítimas";"Pleno dia";"Decrescente";"Chuva";"Simples";"Reta";"Não";1;0;0;0;1;0;0;1;-7,65727299;-48,42637682;"SPRF-TO";"DEL02-TO";"UOP01-DEL02-TO"
270241;2020-02-19;"quarta-feira";"13:10:00";"MT";163;744;"SORRISO";"Velocidade Incompatível";"Saída de leito carroçável";"Com Vítimas Feridas";"Pleno dia";"Decrescente";"Chuva";"Simples";"Reta";"Não";6;0;2;1;3;0;3;1;-12,71577635;-55,82368745;"SPRF-MT";"DEL06-MT";"UOP01-DEL06-MT"
270243;2020-02-19;"quarta-feira";"14:20:00";"PR";116;149,7;"MANDIRITUBA";"Falta de Atenção à Condução";"Saída de leito carroçável";"Com Vítimas Feridas";"Pleno dia";"Crescente";"Céu Claro";"Simples";"Reta";"Não";1;0;0;1;0;0;1;1;-25,84230759;-49,34734583;"SPRF-PR";"DEL01-PR";"UOP03-DEL01-PR"
270245;2020-02-19;"quarta-feira";"13:40:00";"PR";376;178;"MARINGA";"Desobediência às normas de trânsito pelo condutor";"Colisão transversal";"Com Vítimas Feridas";"Pleno dia";"Crescente";"Sol";"Dupla";"Reta";"Sim";2;0;1;0;1;0;1;2;-23,416064;-51,922442;"SPRF-PR";"DEL09-PR";"UOP01-DEL09-PR"
270246;2020-02-19;"quarta-feira";"13:50:00";"MS";163;371,3;"NOVA ALVORADA DO SUL";"Pista Escorregadia";"Saída de leito carroçável";"Com Vítimas Feridas";"Pleno dia";"Decrescente";"Chuva";"Dupla";"Reta";"Não";1;0;1;0;0;0;1;1;-21,41551117;-54,39177719;"SPRF-MS";"DEL02-MS";"UOP01-DEL02-MS"
270247;2020-02-19;"quarta-feira";"15:00:00";"RS";116;267;"CANOAS";"Pista Escorregadia";"Tombamento";"Com Vítimas Feridas";"Pleno dia";"Decrescente";"Sol";"Múltipla";"Reta";"Sim";1;0;1;0;0;0;1;1;-29,98147564;-51,1439833;"SPRF-RS";"DEL01-RS";"UOP01-DEL01-RS"
270248;2020-02-19;"quarta-feira";"15:40:00";"PE";101;50,5;"ABREU E LIMA";"Desobediência às normas de trânsito pelo condutor";"Colisão lateral";"Com Vítimas Feridas";"Pleno dia";"Decrescente";"Nublado";"Múltipla";"Em Obras;Reta;Retorno Regulamentado";"Não";2;0;1;0;1;0;1;2;-7,90938602;-34,90123228;"SPRF-PE";"DEL01-PE";"UOP02-DEL01-PE"
270249;2020-01-26;"domingo";"17:50:00";"PE";232;79;"GRAVATA";"Velocidade Incompatível";"Colisão lateral";"Com Vítimas Feridas";"Anoitecer";"Decrescente";"Céu Claro";"Dupla";"Reta";"Sim";2;0;0;1;1;0;1;2;-8,19460572;-35,56074803;"SPRF-PE";"DEL01-PE";"UOP02-DEL02PE"
270250;2020-02-19;"quarta-feira";"14:40:00";"RJ";101;416;"ITAGUAI";"Desobediência às normas de trânsito pelo condutor";"Colisão frontal";"Com Vítimas Feridas";"Pleno dia";"Crescente";"Céu Claro";"Simples";"Declive;Reta";"Sim";7;0;5;1;1;0;6;3;-22,90729503;-43,89024997;"SPRF-RJ";"DEL03-RJ";"UOP01-DEL03-RJ"
270251;2020-02-19;"quarta-feira";"15:30:00";"RJ";465;4;"SEROPEDICA";"Falta de Atenção à Condução";"Colisão transversal";"Com Vítimas Feridas";"Pleno dia";"Crescente";"Céu Claro";"Simples";"Reta";"Sim";2;0;1;0;1;0;1;2;-22,740971;-43,705597;"SPRF-RJ";"DEL01-RJ";"UOP03-DEL01-RJ"
270254;2020-02-07;"sexta-feira";"06:30:00";"SP";381;88;"GUARULHOS";"Falta de Atenção à Condução";"Colisão traseira";"Com Vítimas Feridas";"Pleno dia";"Crescente";"Céu Claro";"Múltipla";"Reta";"Não";2;0;1;0;1;0;1;2;-23,47469314;-46,56112919;"SPRF-SP";"DEL03-SP";"UOP01-DEL03-SP"
270255;2020-02-19;"quarta-feira";"14:30:00";"PI";316;8,6;"TERESINA";"Falta de Atenção à Condução";"Colisão lateral";"Com Vítimas Feridas";"Pleno dia";"Crescente";"Céu Claro";"Simples";"Reta;Em Obras";"Sim";2;0;1;0;1;0;1;2;-5,16483402;-42,76899508;"SPRF-PI";"DEL01-PI";"UOP02-DEL01-PI"
270257;2020-02-19;"quarta-feira";"12:50:00";"RO";174;14;"VILHENA";"Falta de Atenção à Condução";"Colisão transversal";"Com Vítimas Feridas";"Pleno dia";"Decrescente";"Céu Claro";"Dupla";"Interseção de Vias";"Sim";4;0;1;0;2;1;1;3;-12,73306632;-60,12981255;"SPRF-RO";"DEL04-RO";"UOP01-DEL04-RO"
270258;2020-02-19;"quarta-feira";"08:40:00";"RO";319;63;"PORTO VELHO";"Falta de Atenção à Condução";"Engavetamento";"Sem Vítimas";"Pleno dia";"Decrescente";"Nublado";"Dupla";"Reta";"Sim";3;0;0;0;3;0;0;3;-8,7573078;-63,88614178;"SPRF-RO";"DEL01-RO";"UOP01-DEL01-RO"
270261;2020-02-19;"quarta-feira";"09:00:00";"CE";222;3,5;"FORTALEZA";"Falta de Atenção à Condução";"Tombamento";"Com Vítimas Feridas";"Pleno dia";"Decrescente";"Nublado";"Dupla";"Reta;Aclive";"Sim";1;0;1;0;0;0;1;1;-3,7403769;-38,59569202;"SPRF-CE";"DEL01-CE";"UOP01-DEL01-CE"
270264;2020-02-19;"quarta-feira";"16:00:00";"PR";476;136;"CURITIBA";"Falta de Atenção do Pedestre";"Atropelamento de Pedestre";"Com Vítimas Feridas";"Pleno dia";"Decrescente";"Nublado";"Múltipla";"Reta";"Não";2;0;1;0;1;0;1;2;-25,491047;-49,271679;"SPRF-PR";"DEL01-PR";"UOP03-DEL01-PR"
270266;2020-02-19;"quarta-feira";"15:25:00";"SE";101;31,4;"CAPELA";"Não guardar distância de segurança";"Tombamento";"Com Vítimas Feridas";"Pleno dia";"Crescente";"Sol";"Simples";"Reta";"Não";1;0;1;0;0;0;1;1;-10,45377004;-36,94004289;"SPRF-SE";"DEL02-SE";"UOP02-DEL02-SE"
270267;2020-02-19;"quarta-feira";"16:28:00";"ES";101;251,7;"SERRA";"Desobediência às normas de trânsito pelo condutor";"Colisão transversal";"Com Vítimas Feridas";"Pleno dia";"Decrescente";"Céu Claro";"Simples";"Reta";"Não";4;0;0;1;3;0;1;2;-20,0879949;-40,34351677;"SPRF-ES";"DEL02-ES";"UOP01-DEL02-ES"
270268;2020-02-19;"quarta-feira";"14:20:00";"MT";70;733,4;"CACERES";"Falta de Atenção à Condução";"Colisão frontal";"Com Vítimas Feridas";"Pleno dia";"Decrescente";"Céu Claro";"Simples";"Reta";"Não";2;0;2;0;0;0;2;2;-16,0892174;-57,69357562;"SPRF-MT";"DEL03-MT";"UOP01-DEL03-MT"
270269;2020-02-19;"quarta-feira";"16:20:00";"PR";277;519;"GUARANIACU";"Desobediência às normas de trânsito pelo condutor";"Colisão transversal";"Com Vítimas Feridas";"Pleno dia";"Crescente";"Sol";"Simples";"Reta";"Não";3;0;1;1;1;0;2;2;-25,11162122;-52,841947;"SPRF-PR";"DEL04-PR";"UOP04-DEL04-PR"
270271;2020-02-19;"quarta-feira";"15:30:00";"RS";116;39,4;"VACARIA";"Desobediência às normas de trânsito pelo condutor";"Colisão transversal";"Com Vítimas Feridas";"Pleno dia";"Crescente";"Céu Claro";"Simples";"Interseção de Vias";"Sim";3;0;3;0;0;0;3;2;-28,5120121;-50,93237991;"SPRF-RS";"DEL05-RS";"UOP03-DEL05-RS"
270272;2020-02-19;"quarta-feira";"17:45:00";"PE";101;50,9;"ABREU E LIMA";"Desobediência às normas de trânsito pelo condutor";"Colisão lateral";"Com Vítimas Feridas";"Plena Noite";"Crescente";"Céu Claro";"Simples";"Reta";"Sim";2;0;0;1;1;0;1;2;-7,90938602;-34,90123228;"SPRF-PE";"DEL01-PE";"UOP02-DEL01-PE"
270275;2020-02-19;"quarta-feira";"16:50:00";"RJ";40;124;"DUQUE DE CAXIAS";"Falta de Atenção à Condução";"Colisão lateral";"Com Vítimas Feridas";"Pleno dia";"Decrescente";"Céu Claro";"Múltipla";"Reta";"Sim";2;0;1;0;1;0;1;2;-22,80508899;-43,28941768;"SPRF-RJ";"DEL01-RJ";"UOP02-DEL01-RJ"