"id";"data_inversa";"dia_semana";"horario";"uf";"br";"km";"municipio";"causa_acidente";"tipo_acidente";"classificacao_acidente";"fase_dia";"sentido_via";"condicao_metereologica";"tipo_pista";"tracado_via";"uso_solo";"pessoas";"mortos";"feridos_leves";"feridos_graves";"ilesos";"ignorados";"feridos";"veiculos";"latitude";"longitude";"regional";"delegacia";"uop"
270402;2020-02-20;"quinta-feira";"09:15:00";"BA";324;617,9;"SALVADOR";"Desobediência às normas de trânsito pelo condutor";"Colisão transversal";"Sem Vítimas";"Pleno dia";"Crescente";"Céu Claro";"Dupla";"Reta";"Sim";2;0;0;0;2;0;0;2;-12,8860325;-38,43806469;"SPRF-BA";"DEL01-BA";"UOP01-DEL01-BA"
270410;2020-02-20;"quinta-feira";"09:50:00";"SC";116;6;"MAFRA";"Falta de Atenção à Condução";"Colisão traseira";"Com Vítimas Feridas";"Pleno dia";"Crescente";"Nublado";"Simples";"Reta";"Não";2;0;1;0;1;0;1;2;-26,14644691;-49,82305806;"SPRF-SC";"DEL06-SC";"UOP01-DEL06-SC"
270411;2020-02-20;"quinta-feira";"10:00:00";"MG";381;454;"SABARA";"Não guardar distância de segurança";"Colisão traseira";"Sem Vítimas";"Pleno dia";"Crescente";"Céu Claro";"Simples";"Reta";"Sim";2;0;0;0;2;0;0;1;-19,841706;-43,86782885;"SPRF-MG";"DEL01-MG";"UOP01-DEL01-MG"
270422;2020-02-20;"quinta-feira";"09:00:00";"PR";272;545;"TERRA ROXA";"Velocidade Incompatível";"Colisão com objeto estático";"Sem Vítimas";"Pleno dia";"Decrescente";"Céu Claro";"Simples";"Curva";"Não";3;0;0;0;3;0;0;2;-24,075841;-54,013744;"SPRF-PR";"DEL06-PR";"N/A"
270423;2020-02-08;"sábado";"13:30:00";"MT";70;282;"PRIMAVERA DO LESTE";"Falta de Atenção à Condução";"Colisão transversal";"Com Vítimas Feridas";"Pleno dia";"Decrescente";"Céu Claro";"Simples";"Reta";"Sim";2;0;1;0;0;1;1;2;-15,57443755;-54,33330417;"SPRF-MT";"DEL05-MT";"UOP01-DEL05-MT"
270427;2020-02-20;"quinta-feira";"10:30:00";"BA";135;192,7;"BARREIRAS";"Falta de Atenção à Condução";"Colisão transversal";"Com Vítimas Fatais";"Pleno dia";"Crescente";"Sol";"Simples";"Interseção de Vias";"Não";2;1;0;0;1;0;0;2;-12,25538805;-45,02298773;"SPRF-BA";"DEL10-BA";"UOP01-DEL10-BA"
270428;2020-02-20;"quinta-feira";"10:20:00";"MA";10;128;"ESTREITO";"Pista Escorregadia";"Colisão lateral";"Com Vítimas Feridas";"Pleno dia";"Decrescente";"Chuva";"Simples";"Reta";"Sim";2;0;2;0;0;0;2;2;-6,564439;-47,44772;"SPRF-MA";"DEL04-MA";"UOP02-DEL04-MA"
270429;2020-02-20;"quinta-feira";"11:13:00";"PE";428;183,9;"PETROLINA";"Desobediência às normas de trânsito pelo condutor";"Colisão traseira";"Com Vítimas Feridas";"Pleno dia";"Decrescente";"Sol";"Simples";"Reta";"Sim";2;0;1;0;1;0;1;2;-9,34429277;-40,47240973;"SPRF-PE";"DEL06-PE";"UOP01-DEL06-PE"
270430;2020-02-20;"quinta-feira";"11:20:00";"ES";101;290;"CARIACICA";"Defeito Mecânico no Veículo";"Incêndio";"Sem Vítimas";"Pleno dia";"Crescente";"Céu Claro";"Dupla";"Reta";"Não";1;0;0;0;1;0;0;1;-20,28927747;-40,39181575;"SPRF-ES";"DEL01-ES";"UOP01-DEL01-ES"
270431;2020-02-12;"quarta-feira";"08:40:00";"MS";163;487;"CAMPO GRANDE";"Falta de Atenção à Condução";"Tombamento";"Com Vítimas Feridas";"Pleno dia";"Crescente";"Nublado";"Simples";"Reta";"Sim";2;0;2;0;0;0;2;1;-20,42493093;-54,54550758;"SPRF-MS";"DEL01-MS";"UOP02-DEL01-MS"
270432;2020-02-20;"quinta-feira";"10:55:00";"GO";153;496,1;"GOIANIA";"Ingestão de Álcool";"Atropelamento de Pedestre";"Com Vítimas Feridas";"Pleno dia";"Crescente";"Céu Claro";"Dupla";"Reta";"Sim";3;0;2;1;0;0;3;2;-16,67181817;-49,22804117;"SPRF-GO";"DEL01-GO";"UOP01-DEL01-GO"
270434;2020-02-20;"quinta-feira";"11:00:00";"PB";230;406,8;"POMBAL";"Falta de Atenção à Condução";"Colisão lateral";"Com Vítimas Feridas";"Pleno dia";"Crescente";"Céu Claro";"Simples";"Reta";"Sim";2;0;0;1;1;0;1;2;-6,7842;-37,7987;"SPRF-PB";"DEL03-PB";"UOP02-DEL03-PB"
270435;2020-02-04;"terça-feira";"15:30:00";"MA";226;597,7;"ESTREITO";"Desobediência às normas de trânsito pelo condutor";"Colisão transversal";"Com Vítimas Feridas";"Pleno dia";"Crescente";"Nublado";"Simples";"Interseção de Vias";"Sim";2;0;1;0;1;0;1;2;-6,5532705;-47,43990226;"SPRF-MA";"DEL04-MA";"UOP02-DEL04-MA"
270436;2020-02-20;"quinta-feira";"11:00:00";"RN";101;102;"PARNAMIRIM";"Desobediência às normas de trânsito pelo condutor";"Colisão lateral";"Com Vítimas Feridas";"Pleno dia";"Decrescente";"Chuva";"Simples";"Retorno Regulamentado";"Sim";2;0;2;0;0;0;2;2;-5,88858217;-35,24018997;"SPRF-RN";"DEL01-RN";"UOP01-DEL01-RN"
270438;2020-02-20;"quinta-feira";"10:50:00";"PE";101;74,1;"RECIFE";"Desobediência às normas de trânsito pelo condutor";"Colisão lateral";"Com Vítimas Feridas";"Pleno dia";"Crescente";"Sol";"Dupla";"Reta";"Sim";3;0;2;0;0;1;2;3;-8,10146485;-34,94901577;"SPRF-PE";"DEL01-PE";"UOP01-DEL01-PE"
270440;2020-02-20;"quinta-feira";"11:20:00";"RS";386;33,9;"FREDERICO WESTPHALEN";"Falta de Atenção à Condução";"Colisão traseira";"Com Vítimas Feridas";"Pleno dia";"Crescente";"Céu Claro";"Simples";"Reta";"Sim";2;0;1;1;0;0;2;2;-27,3600286;-53,38894129;"SPRF-RS";"DEL08-RS";"UOP02-DEL08-RS"
270443;2020-02-20;"quinta-feira";"12:00:00";"SC";470;139,6;"RIO DO SUL";"Velocidade Incompatível";"Colisão traseira";"Com Vítimas Feridas";"Pleno dia";"Crescente";"Sol";"Simples";"Reta";"Não";2;0;1;0;1;0;1;2;-27,217564;-49,65461;"SPRF-SC";"DEL04-SC";"UOP02-DEL04-SC"
270445;2020-02-20;"quinta-feira";"12:00:00";"SP";116;283;"EMBU DAS ARTES";"Não guardar distância de segurança";"Tombamento";"Com Vítimas Feridas";"Pleno dia";"Decrescente";"Céu Claro";"Dupla";"Reta";"Sim";1;0;0;1;0;0;1;1;-23,69297005;-46,86352786;"SPRF-SP";"DEL04-SP";"UOP01-DEL04-SP"
270447;2020-02-20;"quinta-feira";"12:10:00";"GO";60;381;"RIO VERDE";"Falta de Atenção à Condução";"Atropelamento de Pedestre";"Com Vítimas Feridas";"Pleno dia";"Crescente";"Céu Claro";"Dupla";"Reta";"Sim";2;0;2;0;0;0;2;2;-17,7727;-50,8862;"SPRF-GO";"DEL04-GO";"UOP01-DEL04-GO"
270449;2020-02-20;"quinta-feira";"12:30:00";"PR";373;172,1;"PONTA GROSSA";"Falta de Atenção à Condução";"Atropelamento de Pedestre";"Com Vítimas Feridas";"Pleno dia";"Crescente";"Céu Claro";"Múltipla";"Reta";"Sim";5;0;4;1;0;0;5;2;-25,08139932;-50,19200981;"SPRF-PR";"DEL03-PR";"UOP01-DEL03-PR"
270450;2020-02-20;"quinta-feira";"12:00:00";"RS";116;561;"PEDRO OSORIO";"Falta de Atenção à Condução";"Tombamento";"Com Vítimas Feridas";"Pleno dia";"Crescente";"Céu Claro";"Simples";"Reta";"Não";1;0;1;0;0;0;1;1;-31,91776369;-52,69733211;"SPRF-RS";"DEL07-RS";"UOP03-DEL07-RS"
270451;2020-02-20;"quinta-feira";"11:30:00";"RJ";101;324;"NITEROI";"Falta de Atenção à Condução";"Colisão lateral";"Com Vítimas Feridas";"Pleno dia";"Decrescente";"Céu Claro";"Dupla";"Reta";"Não";2;0;1;0;0;1;1;2;-22,87381074;-43,12640997;"SPRF-RJ";"DEL02-RJ";"UOP01-DEL02-RJ"
270453;2020-02-20;"quinta-feira";"07:10:00";"RJ";101;319;"SAO GONCALO";"Falta de Atenção à Condução";"Colisão lateral";"Com Vítimas Feridas";"Pleno dia";"Crescente";"Sol";"Dupla";"Reta";"Sim";2;0;1;0;1;0;1;2;-22,85411774;-43,1018014;"SPRF-RJ";"DEL02-RJ";"UOP01-DEL02-RJ"
270455;2020-02-20;"quinta-feira";"12:40:00";"SP";116;224,5;"GUARULHOS";"Pista Escorregadia";"Queda de ocupante de veículo";"Com Vítimas Feridas";"Pleno dia";"Decrescente";"Chuva";"Simples";"Reta";"Não";2;0;1;0;1;0;1;2;-23,48071896;-46,53271603;"SPRF-SP";"DEL01-SP";"UOP01-DEL01-SP"
270459;2020-02-20;"quinta-feira";"12:45:00";"RJ";101;295,7;"ITABORAI";"Falta de Atenção à Condução";"Tombamento";"Com Vítimas Feridas";"Pleno dia";"Decrescente";"Céu Claro";"Dupla";"Curva";"Sim";1;0;1;0;0;0;1;1;-22,76365068;-42,90223623;"SPRF-RJ";"DEL02-RJ";"UOP03-DEL02-RJ"
270460;2020-02-20;"quinta-feira";"13:35:00";"MG";40;463;"SETE LAGOAS";"Não guardar distância de segurança";"Saída de leito carroçável";"Com Vítimas Feridas";"Pleno dia";"Crescente";"Céu Claro";"Dupla";"Reta;Declive";"Não";1;0;1;0;0;0;1;1;-19,42224803;-44,33870213;"SPRF-MG";"DEL02-MG";"UOP01-DEL02-MG"
270462;2020-02-20;"quinta-feira";"12:30:00";"SC";101;98,1;"BALNEARIO PICARRAS";"Defeito Mecânico no Veículo";"Saída de leito carroçável";"Com Vítimas Feridas";"Pleno dia";"Decrescente";"Céu Claro";"Dupla";"Reta";"Sim";1;0;1;0;0;0;1;1;-26,73760897;-48,69918789;"SPRF-SC";"DEL03-SC";"UOP02-DEL03-SC"
270464;2020-02-20;"quinta-feira";"12:40:00";"SC";101;102,5;"BALNEARIO PICARRAS";"Falta de Atenção à Condução";"Colisão lateral";"Com Vítimas Feridas";"Pleno dia";"Crescente";"Céu Claro";"Dupla";"Reta";"Não";1;0;1;0;0;0;1;1;-26,77383397;-48,68594062;"SPRF-SC";"DEL03-SC";"UOP02-DEL03-SC"
270465;2020-02-20;"quinta-feira";"13:55:00";"SC";101;210;"SAO JOSE";"Não guardar distância de segurança";"Colisão traseira";"Com Vítimas Feridas";"Pleno dia";"Decrescente";"Sol";"Múltipla";"Reta";"Sim";2;0;1;0;1;0;1;2;-27,61355221;-48,64242911;"SPRF-SC";"DEL01-SC";"UOP01-DEL01-SC"
270466;2020-02-20;"quinta-feira";"13:20:00";"MG";262;441;"NOVA SERRANA";"Falta de Atenção à Condução";"Saída de leito carroçável";"Com Vítimas Feridas";"Pleno dia";"Decrescente";"Céu Claro";"Dupla";"Declive";"Sim";1;0;1;0;0;0;1;1;-19,88296154;-44,90293014;"SPRF-MG";"DEL08-MG";"UOP03-DEL08-MG"
270470;2020-02-20;"quinta-feira";"12:20:00";"PR";376;281,2;"MARILANDIA DO SUL";"Velocidade Incompatível";"Colisão traseira";"Sem Vítimas";"Pleno dia";"Decrescente";"Sol";"Simples";"Reta;Em Obras";"Não";2;0;0;0;2;0;0;2;-23,859088;-51,259832;"SPRF-PR";"DEL07-PR";"UOP02-DEL07-PR"
270474;2020-01-17;"sexta-feira";"20:20:00";"PR";376;650;"TIJUCAS DO SUL";"Defeito Mecânico no Veículo";"Colisão com objeto estático";"Com Vítimas Feridas";"Plena Noite";"Decrescente";"Nublado";"Dupla";"Curva";"Não";4;0;1;2;1;0;3;3;-25,84564757;-49,08816197;"SPRF-PR";"DEL01-PR";"UOP04-DEL01-PR"
270475;2020-02-20;"quinta-feira";"14:50:00";"PA";163;998;"SANTAREM";"Não guardar distância de segurança";"Engavetamento";"Com Vítimas Feridas";"Pleno dia";"Decrescente";"Nublado";"Simples";"Reta";"Não";4;0;1;0;3;0;1;3;-2,49064036;-54,73373352;"SPRF-PA";"DEL05-PA";"UOP01-DEL05-PA"
270477;2020-02-20;"quinta-feira";"14:48:00";"SC";116;218,5;"CORREIA PINTO";"Desobediência às normas de trânsito pelo condutor";"Colisão transversal";"Com Vítimas Feridas";"Pleno dia";"Decrescente";"Céu Claro";"Simples";"Reta";"Não";3;0;2;0;1;0;2;2;-27,57163247;-50,37287235;"SPRF-SC";"DEL05-SC";"UOP03-DEL05-SC"
270478;2020-02-20;"quinta-feira";"14:00:00";"PR";277;60;"SAO JOSE DOS PINHAIS";"Falta de Atenção à Condução";"Atropelamento de Pedestre";"Com Vítimas Feridas";"Pleno dia";"Decrescente";"Céu Claro";"Múltipla";"Reta";"Não";3;0;1;0;2;0;1;2;-25,57289907;-48,99037703;"SPRF-PR";"DEL01-PR";"UOP07-DEL01-PR"
270480;2020-02-20;"quinta-feira";"15:00:00";"MT";364;441;"VARZEA GRANDE";"Pista Escorregadia";"Saída de leito carroçável";"Sem Vítimas";"Pleno dia";"Decrescente";"Chuva";"Simples";"Curva";"Não";1;0;0;0;1;0;0;1;-15,60560266;-56,20282263;"SPRF-MT";"DEL01-MT";"DEL2/4-UOP02/MT"
270481;2020-02-20;"quinta-feira";"16:20:00";"SE";235;1;"ARACAJU";"Falta de Atenção à Condução";"Colisão traseira";"Sem Vítimas";"Pleno dia";"Crescente";"Céu Claro";"Dupla";"Reta";"Sim";2;0;0;0;2;0;0;2;-10,9073;-37,0947;"SPRF-SE";"DEL01-SE";"UOP01-DEL01-SE"
270482;2020-02-20;"quinta-feira";"15:50:00";"AL";101;143,6;"SAO MIGUEL DOS CAMPOS";"Avarias e/ou desgaste excessivo no pneu";"Saída de leito carroçável";"Com Vítimas Feridas";"Pleno dia";"Crescente";"Chuva";"Dupla";"Curva";"Não";5;0;1;0;4;0;1;1;-9,84882088;-36,14035121;"SPRF-AL";"DEL02-AL";"UOP01-DEL02-AL"
270484;2020-02-20;"quinta-feira";"15:40:00";"RS";116;268;"CANOAS";"Desobediência às normas de trânsito pelo condutor";"Colisão frontal";"Com Vítimas Feridas";"Pleno dia";"Decrescente";"Sol";"Múltipla";"Reta";"Sim";2;0;1;0;1;0;1;2;-29,95042502;-51,17652939;"SPRF-RS";"DEL01-RS";"UOP01-DEL01-RS"
270490;2020-02-20;"quinta-feira";"17:15:00";"SP";153;62,2;"SAO JOSE DO RIO PRETO";"Falta de Atenção à Condução";"Colisão traseira";"Sem Vítimas";"Pleno dia";"Crescente";"Nublado";"Dupla";"Aclive";"Sim";2;0;0;0;2;0;0;2;-20,81325404;-49,35675563;"SPRF-SP";"DEL09-SP";"UOP01-DEL09-SP"
270491;2020-02-20;"quinta-feira";"17:15:00";"RS";293;13,7;"CAPAO DO LEAO";"Falta de Atenção à Condução";"Colisão transversal";"Com Vítimas Feridas";"Pleno dia";"Crescente";"Céu Claro";"Simples";"Interseção de Vias";"Não";3;0;2;0;1;0;2;2;-31,7543548;-52,45089496;"SPRF-RS";"DEL07-RS";"UOP01-DEL07-RS"
270493;2020-02-20;"quinta-feira";"17:05:00";"SC";282;2,9;"FLORIANOPOLIS";"Falta de Atenção à Condução";"Engavetamento";"Com Vítimas Feridas";"Pleno dia";"Crescente";"Céu Claro";"Múltipla";"Reta";"Sim";3;0;1;0;2;0;1;3;-27,603289;-48,590416;"SPRF-SC";"DEL01-SC";"UOP01-DEL01-SC"
270494;2020-01-25;"sábado";"21:30:00";"RN";101;97;"NATAL";"Agressão Externa";"Queda de ocupante de veículo";"Com Vítimas Feridas";"Plena Noite";"Decrescente";"Ignorado";"Dupla";"Reta";"Sim";1;0;1;0;0;0;1;1;-5,85758898;-35,21271205;"SPRF-RN";"DEL01-RN";"UOP01-DEL01-RN"
270495;2020-02-20;"quinta-feira";"16:10:00";"CE";20;391,1;"CAUCAIA";"Desobediência às normas de trânsito pelo condutor";"Colisão transversal";"Com Vítimas Feridas";"Pleno dia";"Decrescente";"Nublado";"Simples";"Reta;Interseção de Vias";"Não";8;0;4;0;4;0;4;2;-3,84905477;-38,77921916;"SPRF-CE";"DEL01-CE";"UOP01-DEL01-CE"
270498;2020-02-20;"quinta-feira";"14:15:00";"SC";116;218;"CORREIA PINTO";"Não guardar distância de segurança";"Colisão traseira";"Com Vítimas Feridas";"Pleno dia";"Crescente";"Sol";"Simples";"Reta";"Sim";2;0;1;0;1;0;1;2;-27,56247698;-50,37616896;"SPRF-SC";"DEL05-SC";"UOP03-DEL05-SC"
270501;2020-02-20;"quinta-feira";"10:50:00";"ES";101;85,1;"SAO MATEUS";"Falta de Atenção à Condução";"Colisão transversal";"Com Vítimas Feridas";"Pleno dia";"Crescente";"Céu Claro";"Simples";"Reta";"Não";2;0;0;2;0;0;2;2;-18,8582021;-39,93425387;"SPRF-ES";"DEL04-ES";"UOP02-DEL04-ES"
270502;2020-02-20;"quinta-feira";"16:15:00";"PR";272;528;"FRANCISCO ALVES";"Velocidade Incompatível";"Saída de leito carroçável";"Com Vítimas Feridas";"Pleno dia";"Crescente";"Chuva";"Simples";"Reta";"Não";1;0;1;0;0;0;1;1;-24,0646865;-53,85682583;"SPRF-PR";"DEL06-PR";"N/A"
270504;2020-02-20;"quinta-feira";"16:00:00";"SC";116;219,9;"CORREIA PINTO";"Falta de Atenção à Condução";"Colisão lateral";"Com Vítimas Feridas";"Pleno dia";"Crescente";"Sol";"Simples";"Reta";"Sim";2;0;0;1;1;0;1;2;-27,57012897;-50,37318791;"SPRF-SC";"DEL05-SC";"UOP03-DEL05-SC"
270505;2020-02-20;"quinta-feira";"17:45:00";"SP";116;157,5;"SAO JOSE DOS CAMPOS";"Falta de Atenção à Condução";"Colisão traseira";"Com Vítimas Feridas";"Pleno dia";"Crescente";"Nublado";"Dupla";"Reta";"Não";2;0;1;0;1;0;1;2;-23,25558031;-45,9437828;"SPRF-SP";"DEL02-SP";"UOP01-DEL02-SP"
270509;2020-02-20;"quinta-feira";"16:50:00";"RO";364;714;"PORTO VELHO";"Não guardar distância de segurança";"Colisão traseira";"Com Vítimas Feridas";"Pleno dia";"Decrescente";"Céu Claro";"Dupla";"Viaduto";"Sim";3;0;1;0;2;0;1;2;-8,77323714;-63,88521091;"SPRF-RO";"DEL01-RO";"UOP01-DEL01-RO"
270510;2020-02-20;"quinta-feira";"17:15:00";"RO";174;9,6;"VILHENA";"Desobediência às normas de trânsito pelo condutor";"Tombamento";"Com Vítimas Feridas";"Pleno dia";"Crescente";"Garoa/Chuvisco";"Dupla";"Reta";"Sim";2;0;1;0;1;0;1;2;-12,75498774;-60,10349751;"SPRF-RO";"DEL04-RO";"UOP01-DEL04-RO"
270511;2020-02-20;"quinta-feira";"17:45:00";"SC";470;69,9;"INDAIAL";"Falta de Atenção do Pedestre";"Colisão transversal";"Com Vítimas Feridas";"Anoitecer";"Crescente";"Nublado";"Simples";"Reta";"Sim";2;0;0;2;0;0;2;2;-26,883745;-49,246704;"SPRF-SC";"DEL04-SC";"UOP01-DEL04-SC"
270513;2020-02-20;"quinta-feira";"13:40:00";"MT";174;251,8;"JAURU";"Pista Escorregadia";"Saída de leito carroçável";"Com Vítimas Feridas";"Pleno dia";"Decrescente";"Chuva";"Simples";"Curva;Declive";"Não";6;0;5;1;0;0;6;1;-15,48351554;-59,07536883;"SPRF-MT";"DEL04-MT";"UOP01-DEL04-MT"
270514;2020-02-20;"quinta-feira";"17:45:00";"SC";282;28,2;"SANTO AMARO DA IMPERATRIZ";"Falta de Atenção à Condução";"Colisão traseira";"Com Vítimas Feridas";"Pleno dia";"Crescente";"Nublado";"Simples";"Reta";"Não";2;0;1;0;1;0;1;2;-27,67478;-48,778904;"SPRF-SC";"DEL01-SC";"UOP03-DEL01-SC"
270515;2020-02-20;"quinta-feira";"18:20:00";"PR";376;191,2;"MARIALVA";"Falta de Atenção à Condução";"Tombamento";"Com Vítimas Feridas";"Anoitecer";"Crescente";"Chuva";"Dupla";"Curva";"Não";1;0;1;0;0;0;1;1;-23,48117859;-51,82257414;"SPRF-PR";"DEL09-PR";"UOP01-DEL09-PR"
270516;2020-02-12;"quarta-feira";"08:45:00";"SP";116;274;"TABOAO DA SERRA";"Falta de Atenção à Condução";"Colisão lateral";"Com Vítimas Feridas";"Pleno dia";"Decrescente";"Nublado";"Dupla";"Reta";"Sim";3;0;1;1;1;0;2;2;-23,63445084;-46,82418514;"SPRF-SP";"DEL04-SP";"UOP01-DEL04-SP"
270518;2020-02-20;"quinta-feira";"18:20:00";"SC";116;246,1;"LAGES";"Falta de Atenção à Condução";"Colisão transversal";"Com Vítimas Feridas";"Anoitecer";"Decrescente";"Céu Claro";"Simples";"Reta";"Sim";2;0;1;0;1;0;1;2;-27,80419942;-50,36509464;"SPRF-SC";"DEL05-SC";"UOP02-DEL05-SC"
270521;2020-02-20;"quinta-feira";"18:55:00";"AL";101;141;"SAO MIGUEL DOS CAMPOS";"Não guardar distância de segurança";"Colisão traseira";"Com Vítimas Feridas";"Plena Noite";"Crescente";"Chuva";"Dupla";"Declive;Reta";"Não";2;0;0;1;0;1;1;2;-9,833217;-36,130977;"SPRF-AL";"DEL02-AL";"UOP01-DEL02-AL"
270525;2020-02-20;"quinta-feira";"16:10:00";"SP";116;228,7;"SAO PAULO";"Falta de Atenção à Condução";"Colisão lateral";"Com Vítimas Feridas";"Pleno dia";"Crescente";"Nublado";"Múltipla";"Reta";"Sim";4;0;1;0;2;1;1;3;-23,50343484;-46,56638712;"SPRF-SP";"DEL01-SP";"UOP01-DEL01-SP"
270527;2020-02-20;"quinta-feira";"18:00:00";"PB";230;498,1;"CAJAZEIRAS";"Pista Escorregadia";"Saída de leito carroçável";"Com Vítimas Feridas";"Plena Noite";"Decrescente";"Chuva";"Simples";"Reta";"Não";2;0;2;0;0;0;2;1;-6,900493;-38,503841;"SPRF-PB";"DEL03-PB";"UOP03-DEL03-PB"
270529;2020-02-20;"quinta-feira";"19:40:00";"MG";381;485;"BETIM";"Objeto estático sobre o leito carroçável";"Tombamento";"Com Vítimas Feridas";"Plena Noite";"Decrescente";"Chuva";"Dupla";"Reta";"Sim";1;0;1;0;0;0;1;1;-19,95659361;-44,12622893;"SPRF-MG";"DEL01-MG";"UOP03-DEL01-MG"
270530;2020-02-20;"quinta-feira";"19:20:00";"PE";101;58,2;"PAULISTA";"Falta de Atenção à Condução";"Colisão com objeto estático";"Com Vítimas Feridas";"Plena Noite";"Crescente";"Chuva";"Dupla";"Reta";"Não";1;0;1;0;0;0;1;1;-7,93961103;-34,90356584;"SPRF-PE";"DEL01-PE";"UOP02-DEL01-PE"
270531;2020-01-31;"sexta-feira";"16:00:00";"PR";487;159;"ARARUNA";"Não guardar distância de segurança";"Colisão traseira";"Com Vítimas Feridas";"Pleno dia";"Decrescente";"Céu Claro";"Simples";"Reta";"Sim";2;0;1;0;1;0;1;2;-23,96964622;-52,56496907;"SPRF-PR";"DEL09-PR";"UOP03-DEL09-PR"
270532;2020-02-20;"quinta-feira";"20:00:00";"SC";101;213,8;"PALHOCA";"Desobediência às normas de trânsito pelo condutor";"Colisão lateral";"Com Vítimas Feridas";"Plena Noite";"Crescente";"Céu Claro";"Dupla";"Reta";"Sim";2;0;1;0;1;0;1;2;-27,63697369;-48,66514142;"SPRF-SC";"DEL01-SC";"UOP02-DEL01-SC"
270533;2020-02-20;"quinta-feira";"19:50:00";"PR";277;8,6;"PARANAGUA";"Falta de Atenção à Condução";"Capotamento";"Com Vítimas Feridas";"Plena Noite";"Decrescente";"Nublado";"Dupla";"Reta";"Não";1;0;1;0;0;0;1;1;-25,568198;-48,615292;"SPRF-PR";"DEL01-PR";"UOP05-DEL01-PR"
270535;2020-02-20;"quinta-feira";"20:20:00";"SC";101;206,4;"SAO JOSE";"Falta de Atenção à Condução";"Colisão traseira";"Com Vítimas Feridas";"Plena Noite";"Decrescente";"Nublado";"Múltipla";"Reta";"Não";2;0;0;1;1;0;1;2;-27,59193546;-48,61824557;"SPRF-SC";"DEL01-SC";"UOP01-DEL01-SC"
270536;2020-02-20;"quinta-feira";"19:00:00";"CE";116;14,8;"FORTALEZA";"Pista Escorregadia";"Queda de ocupante de veículo";"Com Vítimas Feridas";"Plena Noite";"Decrescente";"Chuva";"Dupla";"Reta";"Sim";2;0;2;0;0;0;2;1;-3,87735675;-38,50021362;"SPRF-CE";"DEL01-CE";"UOP02-DEL01-CE"
270537;2020-02-11;"terça-feira";"19:20:00";"MS";267;24;"BATAGUASSU";"Animais na Pista";"Atropelamento de Animal";"Com Vítimas Feridas";"Anoitecer";"Decrescente";"Nublado";"Simples";"Reta";"Não";1;0;1;0;0;0;1;1;-21,7258567;-52,37459496;"SPRF-MS";"DEL02-MS";"UOP04-DEL02-MS"
270539;2020-02-20;"quinta-feira";"20:20:00";"MG";40;516,7;"RIBEIRAO DAS NEVES";"Falta de Atenção do Pedestre";"Atropelamento de Pedestre";"Com Vítimas Feridas";"Plena Noite";"Decrescente";"Céu Claro";"Dupla";"Curva;Aclive";"Sim";2;0;0;1;1;0;1;2;-19,82020689;-44,08607483;"SPRF-MG";"DEL01-MG";"UOP02-DEL01-MG"
270541;2020-02-20;"quinta-feira";"20:40:00";"PB";101;83;"BAYEUX";"Defeito Mecânico no Veículo";"Colisão com objeto em movimento";"Com Vítimas Feridas";"Plena Noite";"Decrescente";"Garoa/Chuvisco";"Dupla";"Reta";"Sim";2;0;1;0;0;1;1;2;-7,1337703;-34,92963914;"SPRF-PB";"DEL01-PB";"UOP01-DEL01-PB"
270542;2020-02-20;"quinta-feira";"20:40:00";"PA";230;108;"MARABA";"Animais na Pista";"Atropelamento de Animal";"Com Vítimas Feridas";"Plena Noite";"Decrescente";"Nublado";"Simples";"Reta";"Não";3;0;1;0;1;1;1;2;-5,37733431;-49,01367307;"SPRF-PA";"DEL03-PA";"UOP01-DEL03-PA"
270543;2020-02-20;"quinta-feira";"21:40:00";"ES";101;146,6;"LINHARES";"Desobediência às normas de trânsito pelo condutor";"Colisão transversal";"Com Vítimas Feridas";"Plena Noite";"Crescente";"Nublado";"Dupla";"Interseção de Vias";"Sim";2;0;1;0;1;0;1;2;-19,36990998;-40,06560718;"SPRF-ES";"DEL04-ES";"UOP01-DEL04-ES"
270545;2020-02-20;"quinta-feira";"21:30:00";"ES";101;0,5;"SERRA";"Falta de Atenção à Condução";"Colisão traseira";"Com Vítimas Feridas";"Plena Noite";"Crescente";"Céu Claro";"Múltipla";"Interseção de Vias";"Sim";2;0;1;0;1;0;1;2;-20,129093;-40,308125;"SPRF-ES";"DEL02-ES";"UOP01-DEL02-ES"
270546;2020-02-20;"quinta-feira";"20:30:00";"MT";163;853;"SINOP";"Ingestão de Álcool";"Colisão transversal";"Com Vítimas Feridas";"Plena Noite";"Crescente";"Céu Claro";"Simples";"Interseção de Vias;Reta";"Sim";2;0;1;0;1;0;1;2;-11,69689641;-55,45248454;"SPRF-MT";"DEL06-MT";"NPF/DEL06-MT"
270547;2020-02-20;"quinta-feira";"17:40:00";"ES";262;111,2;"VENDA NOVA DO IMIGRANTE";"Desobediência às normas de trânsito pelo condutor";"Colisão transversal";"Com Vítimas Feridas";"Anoitecer";"Crescente";"Nublado";"Dupla";"Reta";"Não";2;0;0;1;0;1;1;2;-20,33710625;-41,19042567;"SPRF-ES";"DEL01-ES";"UOP02-DEL01-ES"