"id";"data_inversa";"dia_semana";"horario";"uf";"br";"km";"municipio";"causa_acidente";"tipo_acidente";"classificacao_acidente";"fase_dia";"sentido_via";"condicao_metereologica";"tipo_pista";"tracado_via";"uso_solo";"pessoas";"mortos";"feridos_leves";"feridos_graves";"ilesos";"ignorados";"feridos";"veiculos";"latitude";"longitude";"regional";"delegacia";"uop"
270786;2020-02-21;"sexta-feira";"19:20:00";"PI";316;6,5;"TERESINA";"Falta de Atenção à Condução";"Atropelamento de Pedestre";"Com Vítimas Fatais";"Plena Noite";"Crescente";"Céu Claro";"Múltipla";"Reta";"Sim";2;1;0;0;1;0;0;2;-5,149255;-42,773934;"SPRF-PI";"DEL01-PI";"UOP02-DEL01-PI"
270788;2020-02-21;"sexta-feira";"20:00:00";"ES";262;19;"VIANA";"Falta de Atenção à Condução";"Colisão com objeto estático";"Sem Vítimas";"Plena Noite";"Crescente";"Chuva";"Simples";"Reta";"Não";1;0;0;0;1;0;0;1;-20,3911207;-40,49187368;"SPRF-ES";"DEL01-ES";"UOP01-DEL01-ES"
270790;2020-02-21;"sexta-feira";"19:20:00";"ES";101;146,7;"LINHARES";"Não guardar distância de segurança";"Engavetamento";"Com Vítimas Feridas";"Plena Noite";"Decrescente";"Nublado";"Simples";"Reta";"Sim";6;0;1;0;5;0;1;6;-19,36990998;-40,06560718;"SPRF-ES";"DEL04-ES";"UOP01-DEL04-ES"
270793;2020-02-21;"sexta-feira";"17:00:00";"SC";101;216;"PALHOCA";"Falta de Atenção à Condução";"Colisão lateral";"Com Vítimas Feridas";"Pleno dia";"Decrescente";"Nublado";"Dupla";"Reta";"Sim";3;0;1;0;1;1;1;2;-27,65981409;-48,67747798;"SPRF-SC";"DEL01-SC";"UOP02-DEL01-SC"
270794;2020-02-21;"sexta-feira";"19:20:00";"SC";101;461;"PASSO DE TORRES";"Falta de Atenção à Condução";"Colisão traseira";"Com Vítimas Feridas";"Plena Noite";"Decrescente";"Céu Claro";"Dupla";"Reta";"Não";2;0;0;2;0;0;2;2;-29,26681993;-49,75517865;"SPRF-RS";"DEL03-RS";"UOP02-DEL03-RS"
270795;2020-02-21;"sexta-feira";"20:24:00";"GO";153;507,9;"APARECIDA DE GOIANIA";"Desobediência às normas de trânsito pelo condutor";"Colisão traseira";"Com Vítimas Feridas";"Plena Noite";"Crescente";"Garoa/Chuvisco";"Múltipla";"Declive";"Sim";2;0;0;1;1;0;1;2;-16,7715;-49,2387;"SPRF-GO";"DEL01-GO";"UOP03-DEL01-GO"
270796;2020-02-21;"sexta-feira";"11:09:00";"MA";226;562;"PORTO FRANCO";"Defeito na Via";"Saída de leito carroçável";"Com Vítimas Feridas";"Pleno dia";"Decrescente";"Céu Claro";"Simples";"Declive";"Não";2;0;2;0;0;0;2;1;-6,31379639;-47,31214979;"SPRF-MA";"DEL04-MA";"UOP02-DEL04-MA"
270797;2020-02-21;"sexta-feira";"20:20:00";"ES";262;5,7;"CARIACICA";"Não guardar distância de segurança";"Colisão traseira";"Com Vítimas Feridas";"Plena Noite";"Decrescente";"Chuva";"Múltipla";"Reta";"Sim";2;0;1;0;1;0;1;2;-20,33707281;-40,38649924;"SPRF-ES";"DEL01-ES";"UOP01-DEL01-ES"
270798;2020-02-21;"sexta-feira";"19:00:00";"RJ";40;6;"COMENDADOR LEVY GASPARIAN";"Velocidade Incompatível";"Colisão lateral";"Com Vítimas Feridas";"Anoitecer";"Crescente";"Garoa/Chuvisco";"Dupla";"Curva";"Sim";3;0;0;1;2;0;1;2;-22,0261703;-43,23146528;"SPRF-RJ";"DEL05-RJ";"UOP02-DEL05-RJ"
270801;2020-02-21;"sexta-feira";"20:10:00";"MG";40;517,6;"RIBEIRAO DAS NEVES";"Falta de Atenção à Condução";"Colisão transversal";"Com Vítimas Feridas";"Plena Noite";"Crescente";"Céu Claro";"Dupla";"Reta";"Sim";2;0;1;0;1;0;1;2;-19,82351202;-44,08438913;"SPRF-MG";"DEL01-MG";"UOP02-DEL01-MG"
270803;2020-02-21;"sexta-feira";"19:40:00";"PB";230;3;"CABEDELO";"Velocidade Incompatível";"Atropelamento de Animal";"Com Vítimas Feridas";"Plena Noite";"Crescente";"Céu Claro";"Dupla";"Reta";"Não";4;0;0;1;1;2;1;3;-6,9915;-34,8287;"SPRF-PB";"DEL01-PB";"UOP01-DEL01-PB"
270804;2020-02-21;"sexta-feira";"20:00:00";"PR";467;81,3;"CASCAVEL";"Velocidade Incompatível";"Saída de leito carroçável";"Com Vítimas Feridas";"Plena Noite";"Decrescente";"Céu Claro";"Dupla";"Reta";"Não";2;0;1;0;1;0;1;1;-24,7961;-53,6747;"SPRF-PR";"DEL04-PR";"UOP01-DEL04-PR"
270805;2020-02-21;"sexta-feira";"22:00:00";"SP";381;41;"ATIBAIA";"Falta de Atenção à Condução";"Colisão traseira";"Com Vítimas Feridas";"Plena Noite";"Decrescente";"Céu Claro";"Dupla";"Reta";"Sim";2;0;1;0;1;0;1;2;-23,13863999;-46,57584088;"SPRF-SP";"DEL03-SP";"UOP01-DEL03-SP"
270806;2020-02-21;"sexta-feira";"20:50:00";"RJ";101;293;"ITABORAI";"Pista Escorregadia";"Queda de ocupante de veículo";"Com Vítimas Feridas";"Plena Noite";"Crescente";"Chuva";"Dupla";"Curva";"Não";2;0;0;2;0;0;2;1;-22,756203;-42,88724;"SPRF-RJ";"DEL02-RJ";"UOP03-DEL02-RJ"
270808;2020-02-21;"sexta-feira";"21:10:00";"GO";40;18;"LUZIANIA";"Falta de Atenção à Condução";"Colisão traseira";"Com Vítimas Feridas";"Plena Noite";"Crescente";"Ignorado";"Simples";"Reta";"Não";2;0;1;0;1;0;1;2;-16,19349;-47,925575;"SPRF-DF";"DEL01-DF";"UOP01-DEL01-DF"
270810;2020-02-21;"sexta-feira";"19:45:00";"RO";364;343;"JI-PARANA";"Falta de Atenção à Condução";"Colisão traseira";"Com Vítimas Feridas";"Plena Noite";"Crescente";"Chuva";"Dupla";"Reta";"Sim";2;0;1;0;1;0;1;2;-10,87878519;-61,94499012;"SPRF-RO";"DEL02-RO";"UOP01-DEL02-RO"
270811;2020-02-21;"sexta-feira";"21:10:00";"MS";262;45,5;"TRES LAGOAS";"Falta de Atenção à Condução";"Capotamento";"Com Vítimas Feridas";"Plena Noite";"Crescente";"Garoa/Chuvisco";"Simples";"Declive";"Não";2;0;1;1;0;0;2;1;-20,76374413;-52,01456003;"SPRF-MS";"DEL07-MS";"UOP01-DEL07-MS"
270813;2020-02-21;"sexta-feira";"18:40:00";"MG";365;418,5;"PATOS DE MINAS";"Pista Escorregadia";"Colisão lateral";"Com Vítimas Feridas";"Plena Noite";"Decrescente";"Chuva";"Simples";"Curva";"Não";4;0;2;0;2;0;2;3;-18,69066567;-46,58673522;"SPRF-MG";"DEL10-MG";"UOP01-DEL10-MG"
270814;2020-01-20;"segunda-feira";"16:20:00";"AP";156;742;"OIAPOQUE";"Pista Escorregadia";"Capotamento";"Com Vítimas Feridas";"Pleno dia";"Decrescente";"Nublado";"Simples";"Declive";"Não";4;0;2;0;2;0;2;1;3,2641186;-51,59224652;"SPRF-AP";"DEL01-AP";"UOP03-DEL01-AP"
270815;2020-02-21;"sexta-feira";"20:00:00";"MG";365;534;"MONTE CARMELO";"Ultrapassagem Indevida";"Colisão frontal";"Com Vítimas Feridas";"Plena Noite";"Crescente";"Nublado";"Simples";"Curva";"Não";5;0;4;0;1;0;4;2;-18,92853815;-47,53488894;"SPRF-MG";"DEL10-MG";"UOP01-DEL10-MG"
270817;2020-02-21;"sexta-feira";"20:20:00";"MS";163;776;"COXIM";"Avarias e/ou desgaste excessivo no pneu";"Saída de leito carroçável";"Com Vítimas Feridas";"Plena Noite";"Decrescente";"Céu Claro";"Dupla";"Reta";"Não";2;0;1;0;1;0;1;1;-18,13078309;-54,69813415;"SPRF-MS";"DEL06-MS";"UOP01-DEL06-MS"
270818;2020-02-21;"sexta-feira";"21:30:00";"PR";373;179;"PONTA GROSSA";"Falta de Atenção à Condução";"Colisão transversal";"Com Vítimas Feridas";"Plena Noite";"Crescente";"Céu Claro";"Simples";"Reta";"Sim";5;0;2;0;2;1;2;3;-25,04281018;-50,23950211;"SPRF-PR";"DEL03-PR";"UOP01-DEL03-PR"
270820;2020-02-21;"sexta-feira";"20:00:00";"RO";364;528;"ARIQUEMES";"Pista Escorregadia";"Queda de ocupante de veículo";"Com Vítimas Feridas";"Plena Noite";"Crescente";"Chuva";"Simples";"Reta";"Não";1;0;1;0;0;0;1;1;-9,81112783;-63,07481273;"SPRF-RO";"DEL03-RO";"UOP01-DEL03-RO"
270821;2020-02-21;"sexta-feira";"20:00:00";"PR";476;116;"COLOMBO";"Falta de Atenção à Condução";"Colisão lateral";"Com Vítimas Feridas";"Plena Noite";"Decrescente";"Chuva";"Múltipla";"Curva";"Sim";2;0;1;0;1;0;1;2;-25,34996;-49,16642;"SPRF-PR";"DEL01-PR";"UOP07-DEL01-PR"
270822;2020-02-21;"sexta-feira";"19:55:00";"BA";415;34,8;"ILHEUS";"Velocidade Incompatível";"Colisão lateral";"Com Vítimas Feridas";"Plena Noite";"Decrescente";"Céu Claro";"Simples";"Curva";"Não";3;0;1;0;2;0;1;2;-14,78660606;-39,22673346;"SPRF-BA";"DEL05-BA";"UOP01-DEL05-BA"
270823;2020-02-21;"sexta-feira";"20:15:00";"SC";282;502,6;"XANXERE";"Ingestão de Álcool";"Capotamento";"Com Vítimas Feridas";"Plena Noite";"Crescente";"Céu Claro";"Dupla";"Declive;Rotatória";"Sim";1;0;1;0;0;0;1;1;-26,88540675;-52,3948288;"SPRF-SC";"DEL07-SC";"UOP01-DEL07-SC"
270825;2020-02-21;"sexta-feira";"22:50:00";"SP";116;219,8;"GUARULHOS";"Falta de Atenção à Condução";"Colisão traseira";"Com Vítimas Feridas";"Plena Noite";"Decrescente";"Nublado";"Múltipla";"Reta";"Sim";2;0;1;0;1;0;1;2;-23,46486365;-46,49811149;"SPRF-SP";"DEL01-SP";"UOP01-DEL01-SP"
270827;2020-02-22;"sábado";"00:05:00";"ES";101;125;"SOORETAMA";"Desobediência às normas de trânsito pelo condutor";"Colisão frontal";"Com Vítimas Feridas";"Plena Noite";"Decrescente";"Céu Claro";"Simples";"Reta";"Sim";2;0;0;1;1;0;1;2;-19,18496498;-40,09429827;"SPRF-ES";"DEL04-ES";"UOP01-DEL04-ES"
270829;2020-02-21;"sexta-feira";"20:10:00";"RJ";40;118;"DUQUE DE CAXIAS";"Falta de Atenção do Pedestre";"Atropelamento de Pedestre";"Com Vítimas Fatais";"Plena Noite";"Decrescente";"Garoa/Chuvisco";"Múltipla";"Reta";"Sim";4;1;0;0;1;2;0;2;-22,75470802;-43,28737838;"SPRF-RJ";"DEL01-RJ";"UOP01-DEL01-RJ"
270830;2020-02-22;"sábado";"00:30:00";"RJ";116;166,9;"SAO JOAO DE MERITI";"Ingestão de Álcool";"Colisão lateral";"Sem Vítimas";"Plena Noite";"Crescente";"Chuva";"Múltipla";"Reta";"Não";2;0;0;0;2;0;0;2;-22,80072737;-43,35215991;"SPRF-RJ";"DEL01-RJ";"UOP02-DEL01-RJ"
270831;2020-02-21;"sexta-feira";"22:30:00";"RJ";40;93;"DUQUE DE CAXIAS";"Defeito na Via";"Queda de ocupante de veículo";"Com Vítimas Feridas";"Plena Noite";"Crescente";"Chuva";"Simples";"Declive";"Não";1;0;1;0;0;0;1;1;-22,5554282;-43,25829998;"SPRF-RJ";"DEL01-RJ";"UOP01-DEL01-RJ"
270833;2020-02-22;"sábado";"00:10:00";"MG";381;345;"BELA VISTA DE MINAS";"Defeito Mecânico no Veículo";"Saída de leito carroçável";"Com Vítimas Feridas";"Plena Noite";"Decrescente";"Chuva";"Simples";"Curva";"Não";2;0;1;0;1;0;1;1;-19,86363214;-43,12254285;"SPRF-MG";"DEL03-MG";"UOP01-DEL03-MG"
270834;2020-02-22;"sábado";"00:15:00";"PB";230;213,7;"SOLEDADE";"Condutor Dormindo";"Colisão com objeto estático";"Sem Vítimas";"Plena Noite";"Crescente";"Céu Claro";"Simples";"Reta";"Não";1;0;0;0;1;0;0;1;-7,0705;-36,348;"SPRF-PB";"DEL02-PB";"UOP02-DEL02-PB"
270835;2020-02-21;"sexta-feira";"23:50:00";"SC";480;129;"CHAPECO";"Velocidade Incompatível";"Saída de leito carroçável";"Com Vítimas Feridas";"Plena Noite";"Crescente";"Céu Claro";"Dupla";"Reta";"Sim";2;0;0;2;0;0;2;1;-27,04656607;-52,63577131;"SPRF-SC";"DEL07-SC";"UOP01-DEL07-SC"
270836;2020-02-22;"sábado";"00:29:00";"PE";101;76,5;"RECIFE";"Agressão Externa";"Colisão com objeto estático";"Com Vítimas Feridas";"Plena Noite";"Crescente";"Céu Claro";"Dupla";"Reta";"Sim";1;0;1;0;0;0;1;1;-8,11813811;-34,94329214;"SPRF-PE";"DEL01-PE";"UOP01-DEL01-PE"
270837;2020-02-22;"sábado";"00:45:00";"MT";163;538,8;"DIAMANTINO";"Velocidade Incompatível";"Saída de leito carroçável";"Com Vítimas Feridas";"Plena Noite";"Decrescente";"Chuva";"Simples";"Curva";"Não";1;0;0;1;0;0;1;1;-14,39790283;-56,11054979;"SPRF-MT";"DEL01-MT";"UOP01-DEL01-MT"
270838;2020-02-22;"sábado";"01:30:00";"PR";476;130,9;"CURITIBA";"Ingestão de Álcool";"Colisão com objeto estático";"Sem Vítimas";"Plena Noite";"Crescente";"Nublado";"Múltipla";"Reta";"Sim";3;0;0;0;3;0;0;1;-25,449564;-49,236427;"SPRF-PR";"DEL01-PR";"UOP07-DEL01-PR"
270839;2020-02-22;"sábado";"00:20:00";"SC";282;171,1;"BOCAINA DO SUL";"Animais na Pista";"Atropelamento de Animal";"Sem Vítimas";"Plena Noite";"Crescente";"Céu Claro";"Simples";"Reta";"Não";1;0;0;0;1;0;0;1;-27,742331;-49,862782;"SPRF-SC";"DEL05-SC";"UOP01-DEL05-SC"
270840;2020-02-22;"sábado";"01:20:00";"PE";104;66,5;"CARUARU";"Ingestão de Álcool";"Colisão lateral";"Sem Vítimas";"Plena Noite";"Decrescente";"Chuva";"Simples";"Reta";"Sim";2;0;0;0;2;0;0;2;-8,2937;-35,9864;"SPRF-PE";"DEL02-PE";"UOP01-DEL02-PE"
270841;2020-02-22;"sábado";"01:30:00";"CE";20;92,9;"TAUA";"Animais na Pista";"Atropelamento de Animal";"Com Vítimas Feridas";"Plena Noite";"Decrescente";"Céu Claro";"Simples";"Reta";"Não";3;0;2;0;1;0;2;1;-5,94398797;-40,23716207;"SPRF-CE";"DEL02-CE";"UOP02-DEL02-CE"
270845;2020-02-22;"sábado";"01:45:00";"RS";101;34;"TERRA DE AREIA";"Ingestão de Álcool";"Colisão traseira";"Sem Vítimas";"Plena Noite";"Decrescente";"Nublado";"Dupla";"Reta";"Não";2;0;0;0;2;0;0;2;-29,52949399;-50,00468492;"SPRF-RS";"DEL03-RS";"UOP02-DEL03-RS"
270846;2020-02-22;"sábado";"02:00:00";"MG";364;2;"PLANURA";"Falta de Atenção do Pedestre";"Atropelamento de Pedestre";"Com Vítimas Feridas";"Plena Noite";"Decrescente";"Céu Claro";"Simples";"Reta";"Sim";3;0;0;1;1;1;1;2;-20,13824;-48,702347;"SPRF-MG";"DEL13-MG";"UOP02-DEL13-MG"
270848;2020-02-22;"sábado";"01:25:00";"SC";282;454,9;"PONTE SERRADA";"Velocidade Incompatível";"Capotamento";"Com Vítimas Feridas";"Plena Noite";"Crescente";"Céu Claro";"Simples";"Curva";"Não";2;0;1;1;0;0;2;1;-26,891756;-51,98447;"SPRF-SC";"DEL07-SC";"UOP04-DEL07-SC"
270849;2020-02-22;"sábado";"03:30:00";"BA";101;914,7;"TEIXEIRA DE FREITAS";"Animais na Pista";"Atropelamento de Animal";"Com Vítimas Feridas";"Plena Noite";"Decrescente";"Céu Claro";"Simples";"Reta";"Não";4;0;1;0;3;0;1;1;-17,60630598;-39,75571802;"SPRF-BA";"DEL09-BA";"UOP02-DEL09-BA"
270850;2020-02-21;"sexta-feira";"17:30:00";"MG";381;699,3;"LAVRAS";"Pista Escorregadia";"Saída de leito carroçável";"Com Vítimas Feridas";"Pleno dia";"Crescente";"Chuva";"Dupla";"Curva;Aclive";"Não";2;0;1;1;0;0;2;1;-21,30546081;-45,15754917;"SPRF-MG";"DEL04-MG";"UOP02-DEL04-MG"
270851;2020-02-22;"sábado";"02:30:00";"RS";101;77,3;"OSORIO";"Condutor Dormindo";"Saída de leito carroçável";"Com Vítimas Feridas";"Plena Noite";"Crescente";"Nublado";"Dupla";"Reta";"Sim";2;0;2;0;0;0;2;1;-29,80280592;-50,23688813;"SPRF-RS";"DEL03-RS";"UOP01-DEL03-RS"
270856;2020-02-22;"sábado";"04:15:00";"GO";153;71,5;"PORANGATU";"Falta de Atenção do Pedestre";"Atropelamento de Pedestre";"Com Vítimas Feridas";"Plena Noite";"Crescente";"Nublado";"Simples";"Reta";"Sim";2;0;0;1;0;1;1;2;-13,45846;-49,135578;"SPRF-GO";"DEL07-GO";"UOP01-DEL07-GO"
270858;2020-02-22;"sábado";"03:55:00";"RJ";116;138;"DUQUE DE CAXIAS";"Desobediência às normas de trânsito pelo pedestre";"Atropelamento de Pedestre";"Com Vítimas Fatais";"Plena Noite";"Decrescente";"Céu Claro";"Dupla";"Reta";"Sim";2;1;0;0;0;1;0;2;-22,64697319;-43,19165101;"SPRF-RJ";"DEL04-RJ";"UOP02-DEL04-RJ"
270859;2020-02-22;"sábado";"03:30:00";"RJ";101;208;"CASIMIRO DE ABREU";"Falta de Atenção à Condução";"Colisão traseira";"Sem Vítimas";"Plena Noite";"Crescente";"Nublado";"Simples";"Reta";"Não";2;0;0;0;1;1;0;2;-22,4806698;-42,22017209;"SPRF-RJ";"DEL08-RJ";"UOP04-DEL08-RJ"
270862;2020-02-22;"sábado";"04:25:00";"MG";116;412,6;"GOVERNADOR VALADARES";"Falta de Atenção à Condução";"Queda de ocupante de veículo";"Com Vítimas Feridas";"Plena Noite";"Decrescente";"Chuva";"Simples";"Reta";"Sim";2;0;2;0;0;0;2;1;-18,86882342;-41,97144241;"SPRF-MG";"DEL06-MG";"UOP01-DEL06-MG"
270863;2020-02-22;"sábado";"02:30:00";"RO";364;238;"CACOAL";"Falta de Atenção à Condução";"Colisão com objeto estático";"Sem Vítimas";"Plena Noite";"Crescente";"Chuva";"Simples";"Interseção de Vias";"Sim";1;0;0;0;0;1;0;1;-11,4388578;-61,45471289;"SPRF-RO";"DEL02-RO";"UOP02-DEL02-RO"
270864;2020-02-22;"sábado";"05:25:00";"ES";101;265;"SERRA";"Condutor Dormindo";"Colisão com objeto estático";"Com Vítimas Feridas";"Amanhecer";"Decrescente";"Céu Claro";"Dupla";"Reta";"Não";3;0;2;0;1;0;2;1;-20,1816849;-40,26536036;"SPRF-ES";"DEL02-ES";"UOP01-DEL02-ES"
270865;2020-02-22;"sábado";"05:20:00";"SC";116;1,7;"MAFRA";"Falta de Atenção à Condução";"Colisão transversal";"Com Vítimas Feridas";"Plena Noite";"Crescente";"Nublado";"Simples";"Reta";"Sim";2;0;1;0;1;0;1;2;-26,1170929;-49,78694917;"SPRF-SC";"DEL06-SC";"UOP01-DEL06-SC"
270867;2020-02-22;"sábado";"00:00:00";"PR";277;588;"CASCAVEL";"Ingestão de Álcool";"Saída de leito carroçável";"Sem Vítimas";"Plena Noite";"Decrescente";"Céu Claro";"Simples";"Reta";"Sim";1;0;0;0;1;0;0;1;-24,97369293;-53,43816604;"SPRF-PR";"DEL04-PR";"UOP01-DEL04-PR"
270869;2020-02-22;"sábado";"06:30:00";"CE";222;81,3;"SAO LUIS DO CURU";"Pista Escorregadia";"Colisão frontal";"Com Vítimas Feridas";"Amanhecer";"Crescente";"Chuva";"Simples";"Curva";"Não";2;0;2;0;0;0;2;2;-3,6766884;-39,27707004;"SPRF-CE";"DEL04-CE";"UOP03-DEL04-CE"
270870;2020-02-22;"sábado";"05:25:00";"RS";116;389,4;"CAMAQUA";"Condutor Dormindo";"Saída de leito carroçável";"Com Vítimas Feridas";"Amanhecer";"Decrescente";"Céu Claro";"Dupla";"Reta";"Não";4;0;1;0;2;1;1;1;-30,82755806;-51,72180797;"SPRF-RS";"DEL02-RS";"UOP03-DEL02-RS"
270871;2020-02-22;"sábado";"06:00:00";"PR";476;146,1;"CURITIBA";"Desobediência às normas de trânsito pelo condutor";"Colisão frontal";"Com Vítimas Feridas";"Amanhecer";"Decrescente";"Nublado";"Dupla";"Aclive;Reta";"Sim";2;0;1;0;1;0;1;2;-25,551186;-49,330109;"SPRF-PR";"DEL01-PR";"UOP06-DEL01-PR"
270872;2020-02-22;"sábado";"05:50:00";"SC";101;138;"BALNEARIO CAMBORIU";"Defeito Mecânico no Veículo";"Saída de leito carroçável";"Sem Vítimas";"Amanhecer";"Decrescente";"Céu Claro";"Dupla";"Reta";"Sim";2;0;0;0;2;0;0;1;-27,02397426;-48,60761649;"SPRF-SC";"DEL04-SC";"UOP03-DEL04-SC"
270873;2020-02-22;"sábado";"05:50:00";"RN";101;76;"EXTREMOZ";"Condutor Dormindo";"Saída de leito carroçável";"Sem Vítimas";"Amanhecer";"Crescente";"Nublado";"Dupla";"Reta";"Não";1;0;0;0;0;1;0;1;-5,72603024;-35,28461489;"SPRF-RN";"DEL02-RN";"UOP01-DEL02-RN"
270875;2020-02-22;"sábado";"04:35:00";"MG";262;69,8;"MATIPO";"Condutor Dormindo";"Colisão frontal";"Com Vítimas Feridas";"Plena Noite";"Decrescente";"Nublado";"Simples";"Reta";"Não";6;0;3;3;0;0;6;2;-20,30745137;-42,28660302;"SPRF-MG";"DEL06-MG";"UOP03-DEL06-MG"
270876;2020-02-22;"sábado";"06:05:00";"SP";101;18,7;"UBATUBA";"Condutor Dormindo";"Saída de leito carroçável";"Com Vítimas Feridas";"Pleno dia";"Decrescente";"Céu Claro";"Simples";"Curva";"Não";14;0;3;0;10;1;3;2;-23,31746811;-44,899601;"SPRF-SP";"DEL06-SP";"UOP01-DEL06-SP"
270877;2020-02-21;"sexta-feira";"19:50:00";"PR";277;256,8;"IRATI";"Ingestão de Álcool";"Queda de ocupante de veículo";"Com Vítimas Feridas";"Plena Noite";"Decrescente";"Nublado";"Simples";"Reta";"Não";1;0;1;0;0;0;1;1;-25,44174711;-50,70776206;"SPRF-PR";"DEL03-PR";"UOP03-DEL03-PR"
270878;2020-02-22;"sábado";"04:30:00";"PR";153;40,7;"SANTO ANTONIO DA PLATINA";"Fenômenos da Natureza";"Danos eventuais";"Sem Vítimas";"Plena Noite";"Crescente";"Chuva";"Simples";"Viaduto";"Sim";1;0;0;0;1;0;0;1;-23,28047798;-50,0559307;"SPRF-PR";"DEL07-PR";"UOP04-DEL07-PR"
270883;2020-02-22;"sábado";"04:20:00";"MA";316;39;"MARACACUME";"Ingestão de Álcool";"Colisão frontal";"Sem Vítimas";"Plena Noite";"Crescente";"Céu Claro";"Simples";"Reta";"Não";2;0;0;0;1;1;0;2;-1,922581;-46,041145;"SPRF-MA";"DEL02-MA";"UOP02-DEL02-MA"
270884;2020-02-22;"sábado";"06:40:00";"SC";101;201;"SAO JOSE";"Falta de Atenção à Condução";"Colisão traseira";"Com Vítimas Feridas";"Pleno dia";"Crescente";"Céu Claro";"Múltipla";"Reta";"Sim";1;0;1;0;0;0;1;1;-27,54836599;-48,61977975;"SPRF-SC";"DEL01-SC";"UOP01-DEL01-SC"
270887;2020-02-22;"sábado";"06:50:00";"MG";262;387;"MATEUS LEME";"Defeito Mecânico no Veículo";"Saída de leito carroçável";"Com Vítimas Feridas";"Amanhecer";"Crescente";"Nublado";"Dupla";"Ponte";"Não";1;0;1;0;0;0;1;1;-19,93472988;-44,43457599;"SPRF-MG";"DEL01-MG";"UOP03-DEL01-MG"
270888;2020-02-21;"sexta-feira";"17:00:00";"MA";10;225;"GOVERNADOR EDISON LOBAO";"Falta de Atenção à Condução";"Colisão transversal";"Com Vítimas Feridas";"Pleno dia";"Decrescente";"Garoa/Chuvisco";"Simples";"Reta;Interseção de Vias";"Sim";2;0;1;0;1;0;1;2;-5,745605;-47,359642;"SPRF-MA";"DEL04-MA";"UOP01-DEL04-MA"
270890;2020-02-22;"sábado";"06:40:00";"PB";230;89,8;"GURINHEM";"Falta de Atenção à Condução";"Colisão lateral";"Com Vítimas Feridas";"Pleno dia";"Crescente";"Céu Claro";"Dupla";"Reta";"Sim";2;0;1;0;1;0;1;2;-7,1708;-35,3831;"SPRF-PB";"DEL01-PB";"UOP03-DEL01-PB"
270891;2020-02-22;"sábado";"07:30:00";"CE";304;49,1;"ARACATI";"Desobediência às normas de trânsito pelo condutor";"Colisão transversal";"Com Vítimas Feridas";"Pleno dia";"Crescente";"Céu Claro";"Simples";"Reta";"Sim";3;0;3;0;0;0;3;2;-4,57900414;-37,77070889;"SPRF-CE";"DEL03-CE";"UOP03-DEL03-CE"
270894;2020-02-22;"sábado";"07:30:00";"CE";116;61,6;"CHOROZINHO";"Ingestão de Álcool";"Colisão lateral";"Sem Vítimas";"Pleno dia";"Crescente";"Céu Claro";"Simples";"Aclive";"Não";3;0;0;0;3;0;0;2;-4,270638;-38,491018;"SPRF-CE";"DEL03-CE";"UOP02-DEL03-CE"
270896;2020-02-22;"sábado";"03:30:00";"MT";163;771;"SORRISO";"Falta de Atenção à Condução";"Saída de leito carroçável";"Sem Vítimas";"Plena Noite";"Decrescente";"Nublado";"Simples";"Reta";"Não";1;0;0;0;1;0;0;1;-12,39082433;-55,61697185;"SPRF-MT";"DEL06-MT";"UOP01-DEL06-MT"
270897;2020-02-22;"sábado";"07:00:00";"MG";381;752;"TRES CORACOES";"Não guardar distância de segurança";"Saída de leito carroçável";"Com Vítimas Feridas";"Pleno dia";"Crescente";"Nublado";"Dupla";"Curva";"Não";2;0;1;0;1;0;1;2;-21,65774728;-45,30246735;"SPRF-MG";"DEL16-MG";"UOP02-DEL16-MG"
270898;2020-02-22;"sábado";"07:53:00";"RS";290;496,8;"ROSARIO DO SUL";"Ultrapassagem Indevida";"Colisão lateral";"Com Vítimas Feridas";"Pleno dia";"Decrescente";"Céu Claro";"Simples";"Reta";"Não";8;0;3;0;5;0;3;3;-30,20376;-55,071381;"SPRF-RS";"DEL11-RS";"UOP02-DEL11-RS"
270899;2020-02-22;"sábado";"08:45:00";"SP";116;48,5;"LORENA";"Ingestão de Álcool";"Colisão com objeto estático";"Com Vítimas Feridas";"Pleno dia";"Decrescente";"Nublado";"Dupla";"Reta";"Não";6;0;1;0;5;0;1;2;-22,72498915;-45,06884189;"SPRF-SP";"DEL08-SP";"UOP01-DEL08-SP"
270900;2020-02-22;"sábado";"07:50:00";"MG";40;454,1;"CAETANOPOLIS";"Defeito na Via";"Colisão com objeto estático";"Com Vítimas Feridas";"Pleno dia";"Decrescente";"Nublado";"Múltipla";"Reta";"Sim";1;0;1;0;0;0;1;1;-19,35024;-44,35212;"SPRF-MG";"DEL02-MG";"UOP01-DEL02-MG"
270903;2020-02-22;"sábado";"08:20:00";"SP";153;7,8;"ICEM";"Velocidade Incompatível";"Colisão traseira";"Com Vítimas Feridas";"Pleno dia";"Crescente";"Sol";"Simples";"Reta";"Não";4;0;1;0;1;2;1;3;-20,36460498;-49,22157203;"SPRF-SP";"DEL09-SP";"UOP01-DEL09-SP"
270904;2020-02-22;"sábado";"08:15:00";"SC";470;43;"GASPAR";"Desobediência às normas de trânsito pelo condutor";"Colisão transversal";"Com Vítimas Feridas";"Pleno dia";"Crescente";"Sol";"Simples";"Curva";"Não";5;0;0;2;3;0;2;3;-26,87205216;-49,01535809;"SPRF-SC";"DEL04-SC";"UOP01-DEL04-SC"