"id";"data_inversa";"dia_semana";"horario";"uf";"br";"km";"municipio";"causa_acidente";"tipo_acidente";"classificacao_acidente";"fase_dia";"sentido_via";"condicao_metereologica";"tipo_pista";"tracado_via";"uso_solo";"pessoas";"mortos";"feridos_leves";"feridos_graves";"ilesos";"ignorados";"feridos";"veiculos";"latitude";"longitude";"regional";"delegacia";"uop"
270905;2020-02-22;"sábado";"07:30:00";"SC";163;1,2;"DIONISIO CERQUEIRA";"Desobediência às normas de trânsito pelo condutor";"Colisão transversal";"Com Vítimas Feridas";"Pleno dia";"Decrescente";"Céu Claro";"Simples";"Interseção de Vias";"Sim";3;0;2;0;0;1;2;2;-26,26604192;-53,62577682;"SPRF-SC";"DEL07-SC";"UOP04-DEL07-SC"
270906;2020-02-22;"sábado";"09:25:00";"SP";116;230;"SAO PAULO";"Falta de Atenção à Condução";"Colisão com objeto estático";"Sem Vítimas";"Pleno dia";"Decrescente";"Nublado";"Múltipla";"Reta";"Sim";1;0;0;0;0;1;0;1;-23,52251783;-46,5855702;"SPRF-SP";"DEL01-SP";"UOP01-DEL01-SP"
270907;2020-02-22;"sábado";"05:40:00";"RO";425;66;"NOVA MAMORE";"Defeito na Via";"Saída de leito carroçável";"Com Vítimas Fatais";"Amanhecer";"Decrescente";"Nublado";"Simples";"Reta";"Não";3;1;1;1;0;0;2;1;-10,137222;-65,294441;"SPRF-RO";"DEL01-RO";"UOP03-DEL01-RO"
270909;2020-02-22;"sábado";"09:20:00";"MT";70;8;"BARRA DO GARCAS";"Ingestão de Álcool";"Atropelamento de Pedestre";"Com Vítimas Feridas";"Pleno dia";"Decrescente";"Céu Claro";"Simples";"Reta";"Sim";2;0;1;0;1;0;1;2;-15,87825854;-52,325823;"SPRF-MT";"DEL07-MT";"UOP01-DEL07-MT"
270911;2020-02-22;"sábado";"08:30:00";"BA";20;132,1;"SAO DESIDERIO";"Condutor Dormindo";"Saída de leito carroçável";"Com Vítimas Feridas";"Pleno dia";"Crescente";"Sol";"Simples";"Declive";"Não";4;0;3;1;0;0;4;1;-12,7920488;-45,9517765;"SPRF-BA";"DEL10-BA";"UOP01-DEL10-BA"
270912;2020-02-22;"sábado";"09:30:00";"MG";267;79,5;"BICAS";"Defeito na Via";"Colisão transversal";"Com Vítimas Feridas";"Pleno dia";"Decrescente";"Céu Claro";"Simples";"Reta";"Não";2;0;1;0;1;0;1;2;-21,74869223;-43,20587691;"SPRF-MG";"DEL05-MG";"UOP01-DEL05-MG"
270913;2020-02-22;"sábado";"08:30:00";"ES";101;104;"JAGUARE";"Falta de Atenção à Condução";"Saída de leito carroçável";"Com Vítimas Feridas";"Pleno dia";"Decrescente";"Céu Claro";"Simples";"Reta";"Não";4;0;2;0;2;0;2;1;-19,0129902;-40,01102458;"SPRF-ES";"DEL04-ES";"UOP01-DEL04-ES"
270914;2020-02-22;"sábado";"09:10:00";"MG";40;305,9;"TRES MARIAS";"Falta de Atenção à Condução";"Colisão transversal";"Com Vítimas Feridas";"Pleno dia";"Crescente";"Sol";"Simples";"Reta";"Não";8;0;3;3;2;0;6;2;-18,3940688;-45,10000664;"SPRF-MG";"DEL14-MG";"UOP02-DEL14-MG"
270916;2020-02-22;"sábado";"10:25:00";"MG";40;406;"CURVELO";"Sinalização da via insuficiente ou inadequada";"Engavetamento";"Com Vítimas Feridas";"Pleno dia";"Decrescente";"Céu Claro";"Simples";"Reta";"Não";5;0;1;0;4;0;1;4;-19,08328705;-44,65463133;"SPRF-MG";"DEL02-MG";"UOP01-DEL02-MG"
270917;2020-02-22;"sábado";"10:00:00";"PR";376;670;"GUARATUBA";"Falta de Atenção à Condução";"Colisão traseira";"Com Vítimas Feridas";"Pleno dia";"Crescente";"Céu Claro";"Dupla";"Reta";"Não";3;0;1;0;2;0;1;2;-25,87689214;-48,93585725;"SPRF-PR";"DEL01-PR";"UOP04-DEL01-PR"
270922;2020-02-22;"sábado";"10:15:00";"ES";101;95,5;"JAGUARE";"Não guardar distância de segurança";"Engavetamento";"Com Vítimas Feridas";"Pleno dia";"Decrescente";"Sol";"Simples";"Reta";"Não";12;0;2;0;10;0;2;3;-18,93905359;-39,97576585;"SPRF-ES";"DEL04-ES";"UOP02-DEL04-ES"
270923;2020-02-22;"sábado";"08:10:00";"RJ";101;236;"SILVA JARDIM";"Falta de Atenção à Condução";"Colisão transversal";"Com Vítimas Feridas";"Pleno dia";"Crescente";"Céu Claro";"Simples";"Interseção de Vias";"Sim";2;0;1;0;1;0;1;2;-22,61013794;-42,40427401;"SPRF-RJ";"DEL02-RJ";"UOP03-DEL02-RJ"
270924;2020-02-22;"sábado";"11:00:00";"PR";476;161;"ARAUCARIA";"Ingestão de Álcool";"Colisão lateral";"Com Vítimas Feridas";"Pleno dia";"Crescente";"Nublado";"Simples";"Reta";"Não";3;0;0;1;2;0;1;3;-25,622871;-49,447582;"SPRF-PR";"DEL01-PR";"UOP06-DEL01-PR"
270925;2020-02-22;"sábado";"11:05:00";"PB";101;57,1;"SANTA RITA";"Avarias e/ou desgaste excessivo no pneu";"Saída de leito carroçável";"Com Vítimas Feridas";"Pleno dia";"Decrescente";"Sol";"Dupla";"Reta";"Não";4;0;4;0;0;0;4;1;-6,978667;-35,077235;"SPRF-PB";"DEL01-PB";"UOP04-DEL01-PB"
270928;2020-02-22;"sábado";"07:30:00";"MS";158;175,8;"APARECIDA DO TABOADO";"Falta de Atenção à Condução";"Saída de leito carroçável";"Com Vítimas Feridas";"Pleno dia";"Decrescente";"Nublado";"Simples";"Curva;Aclive";"Não";1;0;1;0;0;0;1;1;-20,232062;-51,326393;"SPRF-MS";"DEL08-MS";"UOP01-DEL08-MS"
270931;2020-02-22;"sábado";"10:45:00";"SC";280;49,5;"GUARAMIRIM";"Falta de Atenção à Condução";"Colisão transversal";"Com Vítimas Feridas";"Pleno dia";"Decrescente";"Céu Claro";"Simples";"Interseção de Vias";"Não";2;0;1;0;1;0;1;2;-26,45850039;-48,93692786;"SPRF-SC";"DEL03-SC";"UOP03-DEL03-SC"
270932;2020-02-22;"sábado";"11:40:00";"PR";277;347,4;"GUARAPUAVA";"Falta de Atenção à Condução";"Colisão transversal";"Com Vítimas Feridas";"Pleno dia";"Crescente";"Céu Claro";"Simples";"Reta";"Sim";2;0;1;0;1;0;1;2;-25,37662035;-51,50468946;"SPRF-PR";"DEL08-PR";"UOP01-DEL08-PR"
270934;2020-02-22;"sábado";"11:40:00";"PB";101;83,8;"BAYEUX";"Desobediência às normas de trânsito pelo condutor";"Engavetamento";"Sem Vítimas";"Pleno dia";"Crescente";"Nublado";"Dupla";"Reta";"Sim";3;0;0;0;3;0;0;3;-7,1337703;-34,92963914;"SPRF-PB";"DEL01-PB";"UOP01-DEL01-PB"
270935;2020-02-22;"sábado";"07:20:00";"TO";235;173;"TUPIRAMA";"Falta de Atenção à Condução";"Saída de leito carroçável";"Com Vítimas Feridas";"Pleno dia";"Crescente";"Céu Claro";"Simples";"Reta";"Não";2;0;2;0;0;0;2;1;-8,96637516;-48,24752297;"SPRF-TO";"DEL02-TO";"UOP02-DEL02-TO"
270936;2020-02-22;"sábado";"11:35:00";"RN";406;168;"SAO GONCALO DO AMARANTE";"Velocidade Incompatível";"Colisão traseira";"Com Vítimas Feridas";"Pleno dia";"Decrescente";"Sol";"Dupla";"Reta";"Não";2;0;1;0;1;0;1;2;-5,75269453;-35,31535484;"SPRF-RN";"DEL02-RN";"UOP01-DEL02-RN"
270937;2020-02-22;"sábado";"10:45:00";"SC";282;26,5;"SANTO AMARO DA IMPERATRIZ";"Velocidade Incompatível";"Tombamento";"Com Vítimas Feridas";"Pleno dia";"Decrescente";"Céu Claro";"Simples";"Reta";"Não";2;0;1;0;0;1;1;2;-27,67740948;-48,7662077;"SPRF-SC";"DEL01-SC";"UOP03-DEL01-SC"
270939;2020-01-18;"sábado";"15:00:00";"SP";116;467;"JACUPIRANGA";"Avarias e/ou desgaste excessivo no pneu";"Saída de leito carroçável";"Com Vítimas Feridas";"Pleno dia";"Crescente";"Garoa/Chuvisco";"Dupla";"Reta";"Não";2;0;2;0;0;0;2;1;-24,64935089;-47,93124902;"SPRF-SP";"DEL05-SP";"UOP01-DEL05-SP"
270940;2020-02-22;"sábado";"11:30:00";"PA";316;74,2;"CASTANHAL";"Falta de Atenção à Condução";"Colisão transversal";"Com Vítimas Feridas";"Pleno dia";"Decrescente";"Nublado";"Simples";"Reta";"Não";5;0;3;1;1;0;4;2;-1,29131621;-47,83082209;"SPRF-PA";"DEL01-PA";"UOP01-DEL01-PA"
270941;2020-02-22;"sábado";"08:20:00";"MG";116;267;"TEOFILO OTONI";"Pista Escorregadia";"Tombamento";"Com Vítimas Feridas";"Pleno dia";"Crescente";"Céu Claro";"Simples";"Curva";"Não";1;0;1;0;0;0;1;1;-17,77862602;-41,49956897;"SPRF-MG";"DEL11-MG";"UOP01-DEL11-MG"
270942;2020-02-22;"sábado";"11:30:00";"RN";110;44,6;"MOSSORO";"Falta de Atenção à Condução";"Colisão transversal";"Com Vítimas Feridas";"Pleno dia";"Crescente";"Nublado";"Simples";"Reta";"Sim";2;0;2;0;0;0;2;2;-5,18717768;-37,30390524;"SPRF-RN";"DEL04-RN";"UOP01-DEL04-RN"
270944;2020-02-22;"sábado";"09:00:00";"PE";101;74;"RECIFE";"Falta de Atenção à Condução";"Capotamento";"Com Vítimas Feridas";"Pleno dia";"Crescente";"Nublado";"Dupla";"Aclive";"Sim";3;0;3;0;0;0;3;1;-8,10371578;-34,94858265;"SPRF-PE";"DEL01-PE";"UOP01-DEL01-PE"
270945;2020-02-22;"sábado";"12:10:00";"PR";376;622;"SAO JOSE DOS PINHAIS";"Falta de Atenção à Condução";"Colisão traseira";"Sem Vítimas";"Pleno dia";"Crescente";"Nublado";"Dupla";"Reta";"Não";2;0;0;0;2;0;0;2;-25,62623389;-49,16547575;"SPRF-PR";"DEL01-PR";"UOP01-DEL01-PR"
270946;2020-02-22;"sábado";"12:15:00";"SC";101;81;"BARRA VELHA";"Falta de Atenção à Condução";"Engavetamento";"Com Vítimas Feridas";"Pleno dia";"Crescente";"Céu Claro";"Dupla";"Reta;Declive";"Não";6;0;3;0;3;0;3;3;-26,60256101;-48,72553524;"SPRF-SC";"DEL03-SC";"UOP02-DEL03-SC"
270947;2020-02-22;"sábado";"12:10:00";"SC";280;31,3;"ARAQUARI";"Desobediência às normas de trânsito pelo condutor";"Colisão transversal";"Com Vítimas Feridas";"Pleno dia";"Crescente";"Céu Claro";"Simples";"Reta";"Sim";2;0;1;0;1;0;1;2;-26,41649938;-48,77181215;"SPRF-SC";"DEL03-SC";"UOP03-DEL03-SC"
270950;2020-02-22;"sábado";"12:30:00";"ES";101;366,6;"ANCHIETA";"Falta de Atenção à Condução";"Engavetamento";"Com Vítimas Feridas";"Pleno dia";"Decrescente";"Nublado";"Simples";"Reta";"Não";7;0;4;0;3;0;4;3;-20,74047333;-40,7604612;"SPRF-ES";"DEL03-ES";"UOP01-DEL03-ES"
270951;2020-02-22;"sábado";"10:10:00";"RS";480;72,4;"ERECHIM";"Desobediência às normas de trânsito pelo condutor";"Colisão transversal";"Com Vítimas Feridas";"Pleno dia";"Crescente";"Céu Claro";"Simples";"Interseção de Vias";"Sim";3;0;2;0;0;1;2;2;-27,6399839;-52,30602492;"SPRF-RS";"DEL08-RS";"UOP04-DEL08-RS"
270952;2020-02-22;"sábado";"10:26:00";"PR";369;173;"ROLANDIA";"Desobediência às normas de trânsito pelo condutor";"Colisão transversal";"Sem Vítimas";"Pleno dia";"Decrescente";"Nublado";"Simples";"Interseção de Vias";"Sim";2;0;0;0;1;1;0;2;-23,31950409;-51,3806051;"SPRF-PR";"DEL07-PR";"UOP01-DEL07-PR"
270953;2020-02-22;"sábado";"11:30:00";"ES";262;53,8;"MARECHAL FLORIANO";"Ingestão de Álcool";"Colisão traseira";"Com Vítimas Feridas";"Pleno dia";"Crescente";"Nublado";"Simples";"Aclive";"Não";4;0;1;0;3;0;1;3;-20,414173;-40,740194;"SPRF-ES";"DEL01-ES";"UOP01-DEL01-ES"
270954;2020-02-22;"sábado";"09:50:00";"RJ";40;21;"TRES RIOS";"Velocidade Incompatível";"Saída de leito carroçável";"Com Vítimas Feridas";"Pleno dia";"Crescente";"Nublado";"Simples";"Rotatória";"Não";3;0;3;0;0;0;3;1;-22,117753;-43,15756029;"SPRF-RJ";"DEL05-RJ";"UOP02-DEL05-RJ"
270955;2020-02-22;"sábado";"08:45:00";"MT";70;710,4;"CACERES";"Pista Escorregadia";"Tombamento";"Sem Vítimas";"Pleno dia";"Crescente";"Chuva";"Simples";"Curva";"Não";3;0;0;0;3;0;0;1;-16,2470009;-57,51219207;"SPRF-MT";"DEL03-MT";"UOP01-DEL03-MT"
270959;2020-02-22;"sábado";"13:00:00";"MG";381;425;"SABARA";"Falta de Atenção à Condução";"Colisão lateral";"Com Vítimas Feridas";"Pleno dia";"Decrescente";"Céu Claro";"Simples";"Reta";"Não";2;0;1;0;1;0;1;2;-19,789917;-43,68234;"SPRF-MG";"DEL01-MG";"UOP01-DEL01-MG"
270960;2020-02-06;"quinta-feira";"22:20:00";"SP";153;61,6;"SAO JOSE DO RIO PRETO";"Defeito na Via";"Tombamento";"Com Vítimas Feridas";"Plena Noite";"Decrescente";"Ignorado";"Dupla";"Interseção de Vias";"Sim";1;0;1;0;0;0;1;1;-20,80947284;-49,35620248;"SPRF-SP";"DEL09-SP";"UOP01-DEL09-SP"
270961;2020-02-22;"sábado";"13:00:00";"GO";60;4;"SANTO ANTONIO DO DESCOBERTO";"Avarias e/ou desgaste excessivo no pneu";"Saída de leito carroçável";"Com Vítimas Feridas";"Pleno dia";"Crescente";"Chuva";"Dupla";"Curva";"Não";5;0;1;0;4;0;1;1;-16,08824839;-48,27298164;"SPRF-DF";"DEL03-DF";"UOP01-DEL03-DF"
270962;2020-02-22;"sábado";"13:20:00";"SC";470;143;"RIO DO SUL";"Desobediência às normas de trânsito pelo condutor";"Colisão transversal";"Com Vítimas Feridas";"Pleno dia";"Decrescente";"Sol";"Simples";"Reta";"Sim";2;0;2;0;0;0;2;2;-27,233143;-49,672886;"SPRF-SC";"DEL04-SC";"UOP02-DEL04-SC"
270963;2020-02-20;"quinta-feira";"23:20:00";"MA";10;178;"CAMPESTRE DO MARANHAO";"Ingestão de Álcool";"Tombamento";"Com Vítimas Fatais";"Plena Noite";"Decrescente";"Céu Claro";"Simples";"Reta";"Sim";1;1;0;0;0;0;0;1;-6,158751;-47,367653;"SPRF-MA";"DEL04-MA";"UOP02-DEL04-MA"
270964;2020-02-22;"sábado";"13:00:00";"RJ";101;304;"SAO GONCALO";"Falta de Atenção à Condução";"Atropelamento de Pedestre";"Com Vítimas Feridas";"Pleno dia";"Decrescente";"Nublado";"Dupla";"Reta";"Sim";2;0;1;0;1;0;1;2;-22,78491869;-42,98627706;"SPRF-RJ";"DEL02-RJ";"UOP01-DEL02-RJ"
270965;2020-02-22;"sábado";"12:10:00";"PE";232;79;"GRAVATA";"Falta de Atenção à Condução";"Colisão traseira";"Sem Vítimas";"Pleno dia";"Decrescente";"Céu Claro";"Simples";"Declive";"Sim";2;0;0;0;2;0;0;2;-8,19460572;-35,56074803;"SPRF-PE";"DEL02-PE";"UOP02-DEL02PE"
270967;2020-02-22;"sábado";"11:50:00";"SC";101;174;"GOVERNADOR CELSO RAMOS";"Velocidade Incompatível";"Saída de leito carroçável";"Com Vítimas Feridas";"Pleno dia";"Decrescente";"Sol";"Dupla";"Reta";"Não";2;0;2;0;0;0;2;1;-27,33081601;-48,62697562;"SPRF-SC";"DEL01-SC";"UOP01-DEL01-SC"
270968;2020-02-22;"sábado";"12:50:00";"SC";101;331;"TUBARAO";"Falta de Atenção à Condução";"Tombamento";"Com Vítimas Feridas";"Pleno dia";"Decrescente";"Céu Claro";"Dupla";"Reta";"Não";1;0;0;1;0;0;1;1;-28,4571088;-48,98436785;"SPRF-SC";"DEL02-SC";"UOP01-DEL02-SC"
270969;2020-02-22;"sábado";"12:20:00";"SC";101;134;"BALNEARIO CAMBORIU";"Falta de Atenção à Condução";"Colisão lateral";"Com Vítimas Feridas";"Pleno dia";"Crescente";"Sol";"Dupla";"Reta";"Sim";2;0;1;0;1;0;1;2;-27,00218;-48,636433;"SPRF-SC";"DEL04-SC";"UOP03-DEL04-SC"
270970;2020-02-22;"sábado";"13:30:00";"GO";60;34;"GOIANIA";"Não guardar distância de segurança";"Colisão traseira";"Com Vítimas Feridas";"Pleno dia";"Decrescente";"Céu Claro";"Dupla";"Aclive";"Não";4;0;1;0;3;0;1;2;-16,7129;-49,358;"SPRF-GO";"DEL01-GO";"UOP02-DEL01-GO"
270971;2020-02-22;"sábado";"12:00:00";"MT";163;697;"SORRISO";"Velocidade Incompatível";"Saída de leito carroçável";"Com Vítimas Feridas";"Pleno dia";"Crescente";"Chuva";"Simples";"Reta";"Não";1;0;1;0;0;0;1;1;-13,003114;-55,8879;"SPRF-MT";"DEL06-MT";"UOP01-DEL06-MT"
270972;2020-02-22;"sábado";"08:05:00";"SC";101;380;"ICARA";"Falta de Atenção do Pedestre";"Atropelamento de Pedestre";"Com Vítimas Feridas";"Pleno dia";"Crescente";"Céu Claro";"Dupla";"Reta";"Sim";2;0;0;1;1;0;1;2;-28,75047313;-49,26872594;"SPRF-SC";"DEL02-SC";"UOP02-DEL02-SC"
270973;2020-02-22;"sábado";"12:50:00";"MG";356;267,5;"MURIAE";"Falta de Atenção à Condução";"Colisão transversal";"Com Vítimas Feridas";"Pleno dia";"Decrescente";"Sol";"Simples";"Interseção de Vias";"Sim";2;0;1;0;1;0;1;2;-21,12574056;-42,35270354;"SPRF-MG";"DEL07-MG";"UOP02-DEL07-MG"
270974;2020-02-22;"sábado";"11:45:00";"MG";116;268,5;"TEOFILO OTONI";"Não guardar distância de segurança";"Colisão traseira";"Sem Vítimas";"Pleno dia";"Crescente";"Céu Claro";"Simples";"Curva;Declive";"Não";2;0;0;0;1;1;0;2;-17,78709397;-41,49977395;"SPRF-MG";"DEL11-MG";"UOP01-DEL11-MG"
270977;2020-02-22;"sábado";"14:20:00";"GO";70;19;"COCALZINHO DE GOIAS";"Falta de Atenção à Condução";"Colisão traseira";"Sem Vítimas";"Pleno dia";"Crescente";"Céu Claro";"Simples";"Aclive";"Não";2;0;0;0;2;0;0;2;-15,74341871;-48,36574849;"SPRF-DF";"DEL03-DF";"UOP02-DEL03-DF"
270978;2020-02-22;"sábado";"14:20:00";"SC";280;29;"ARAQUARI";"Desobediência às normas de trânsito pelo condutor";"Colisão transversal";"Com Vítimas Feridas";"Pleno dia";"Crescente";"Céu Claro";"Simples";"Reta";"Sim";2;0;1;0;1;0;1;2;-26,41066264;-48,75295628;"SPRF-SC";"DEL03-SC";"UOP03-DEL03-SC"
270979;2020-02-22;"sábado";"02:05:00";"PE";423;93,6;"GARANHUNS";"Ingestão de Álcool";"Queda de ocupante de veículo";"Com Vítimas Feridas";"Plena Noite";"Decrescente";"Nublado";"Simples";"Declive;Reta";"Sim";1;0;1;0;0;0;1;1;-8,87201742;-36,4666754;"SPRF-PE";"DEL03-PE";"UOP01-DEL03-PE"
270980;2020-02-22;"sábado";"14:30:00";"BA";116;16,7;"VITORIA DA CONQUISTA";"Falta de Atenção à Condução";"Colisão transversal";"Com Vítimas Feridas";"Pleno dia";"Decrescente";"Sol";"Simples";"Interseção de Vias";"Não";3;0;2;0;1;0;2;2;-14,90235293;-40,84421754;"SPRF-BA";"DEL08-BA";"UOP01-DEL08-BA"
270981;2020-02-22;"sábado";"08:25:00";"SP";381;16,5;"BRAGANCA PAULISTA";"Condutor Dormindo";"Colisão com objeto estático";"Com Vítimas Feridas";"Pleno dia";"Crescente";"Nublado";"Dupla";"Reta;Declive";"Não";2;0;2;0;0;0;2;1;-22,95797408;-46,48078972;"SPRF-SP";"DEL03-SP";"UOP01-DEL03-SP"
270984;2020-02-22;"sábado";"14:20:00";"PR";376;161,2;"MARINGA";"Mal Súbito";"Queda de ocupante de veículo";"Com Vítimas Feridas";"Pleno dia";"Decrescente";"Sol";"Dupla";"Reta";"Sim";1;0;1;0;0;0;1;1;-23,36725855;-52,06832523;"SPRF-PR";"DEL09-PR";"UOP01-DEL09-PR"
270989;2020-02-22;"sábado";"14:40:00";"SP";116;141;"SAO JOSE DOS CAMPOS";"Defeito Mecânico no Veículo";"Tombamento";"Com Vítimas Feridas";"Pleno dia";"Crescente";"Nublado";"Dupla";"Reta";"Não";1;0;1;0;0;0;1;1;-23,17004717;-45,82091491;"SPRF-SP";"DEL06-SP";"UOP01-DEL06-SP"
270990;2020-02-22;"sábado";"12:30:00";"PR";277;472;"NOVA LARANJEIRAS";"Falta de Atenção à Condução";"Colisão transversal";"Com Vítimas Feridas";"Pleno dia";"Crescente";"Céu Claro";"Simples";"Curva";"Sim";2;0;1;0;1;0;1;2;-25,307009;-52,543006;"SPRF-PR";"DEL04-PR";"UOP02-DEL04-PR"
270991;2020-02-22;"sábado";"15:00:00";"MG";40;609,8;"CONGONHAS";"Ingestão de Álcool";"Saída de leito carroçável";"Com Vítimas Feridas";"Pleno dia";"Crescente";"Céu Claro";"Simples";"Curva";"Sim";2;0;1;0;1;0;1;1;-20,49313702;-43,83689143;"SPRF-MG";"DEL05-MG";"UOP02-DEL05-MG"
270996;2020-02-21;"sexta-feira";"07:20:00";"PA";163;1003,3;"SANTAREM";"Desobediência às normas de trânsito pelo condutor";"Colisão transversal";"Com Vítimas Feridas";"Pleno dia";"Crescente";"Garoa/Chuvisco";"Simples";"Reta";"Sim";2;0;1;0;1;0;1;2;-2,44688525;-54,73048152;"SPRF-PA";"DEL05-PA";"UOP01-DEL05-PA"
270997;2020-02-22;"sábado";"13:55:00";"RO";364;22;"VILHENA";"Não guardar distância de segurança";"Engavetamento";"Com Vítimas Feridas";"Pleno dia";"Crescente";"Chuva";"Simples";"Reta";"Não";3;0;1;0;2;0;1;3;-12,72526539;-60,21119301;"SPRF-RO";"DEL04-RO";"UOP01-DEL04-RO"
270998;2020-02-22;"sábado";"14:45:00";"SP";116;56;"LORENA";"Mal Súbito";"Colisão traseira";"Com Vítimas Feridas";"Pleno dia";"Decrescente";"Nublado";"Dupla";"Reta";"Não";3;0;1;0;2;0;1;2;-22,76904403;-45,13040598;"SPRF-SP";"DEL08-SP";"UOP01-DEL08-SP"
271000;2020-02-22;"sábado";"13:35:00";"MT";163;638;"NOVA MUTUM";"Defeito na Via";"Capotamento";"Com Vítimas Feridas";"Pleno dia";"Crescente";"Chuva";"Simples";"Reta";"Não";2;0;2;0;0;0;2;1;-13,57555802;-56,02964876;"SPRF-MT";"DEL01-MT";"UOP01-DEL01-MT"
271001;2020-02-02;"domingo";"20:15:00";"SP";116;207;"GUARULHOS";"Ingestão de Álcool";"Colisão lateral";"Sem Vítimas";"Plena Noite";"Crescente";"Chuva";"Múltipla";"Reta";"Sim";3;0;0;0;3;0;0;3;-23,41972188;-46,38419203;"SPRF-SP";"DEL01-SP";"UOP01-DEL01-SP"
271002;2020-02-22;"sábado";"15:30:00";"ES";447;11;"VILA VELHA";"Falta de Atenção do Pedestre";"Atropelamento de Pedestre";"Com Vítimas Feridas";"Pleno dia";"Decrescente";"Nublado";"Dupla";"Reta";"Sim";3;0;1;1;0;1;2;2;-20,35784325;-40,3328294;"SPRF-ES";"DEL01-ES";"UOP01-DEL01-ES"
271006;2020-02-22;"sábado";"15:30:00";"SC";470;188,5;"POUSO REDONDO";"Velocidade Incompatível";"Tombamento";"Com Vítimas Fatais";"Pleno dia";"Crescente";"Sol";"Simples";"Reta";"Não";2;1;0;0;1;0;0;2;-27,266893;-50,060116;"SPRF-SC";"DEL04-SC";"UOP02-DEL04-SC"
271007;2020-02-22;"sábado";"14:00:00";"MS";262;98,8;"TRES LAGOAS";"Defeito na Via";"Saída de leito carroçável";"Com Vítimas Feridas";"Pleno dia";"Decrescente";"Céu Claro";"Simples";"Curva";"Não";5;0;4;1;0;0;5;1;-20,57418388;-52,47719288;"SPRF-MS";"DEL07-MS";"UOP02-DEL07-MS"
271011;2020-02-22;"sábado";"15:40:00";"BA";101;869;"TEIXEIRA DE FREITAS";"Falta de Atenção à Condução";"Colisão transversal";"Com Vítimas Feridas";"Pleno dia";"Decrescente";"Sol";"Simples";"Aclive";"Não";2;0;1;0;1;0;1;2;-17,47254381;-39,70512897;"SPRF-BA";"DEL09-BA";"UOP02-DEL09-BA"
271012;2020-02-22;"sábado";"16:02:00";"RN";101;61,1;"CEARA-MIRIM";"Ingestão de Álcool";"Saída de leito carroçável";"Com Vítimas Feridas";"Pleno dia";"Decrescente";"Sol";"Simples";"Reta";"Não";2;0;2;0;0;0;2;1;-5,607715;-35,25871;"SPRF-RN";"DEL02-RN";"UOP01-DEL02-RN"
271013;2020-02-22;"sábado";"16:00:00";"RJ";393;268;"BARRA DO PIRAI";"Agressão Externa";"Colisão com objeto em movimento";"Sem Vítimas";"Pleno dia";"Crescente";"Nublado";"Simples";"Reta";"Não";1;0;0;0;1;0;0;1;-22,48780458;-43,90932706;"SPRF-RJ";"DEL05-RJ";"UOP04-DEL05-RJ"
271014;2020-02-22;"sábado";"15:30:00";"PB";101;120,3;"CAAPORA";"Defeito na Via";"Colisão com objeto estático";"Com Vítimas Feridas";"Pleno dia";"Decrescente";"Céu Claro";"Dupla";"Reta";"Não";2;0;1;0;1;0;1;1;-7,43522578;-34,9727831;"SPRF-PB";"DEL01-PB";"UOP01-DEL01-PB"
271015;2020-02-22;"sábado";"16:13:00";"MG";381;396,7;"BOM JESUS DO AMPARO";"Desobediência às normas de trânsito pelo condutor";"Colisão transversal";"Com Vítimas Feridas";"Pleno dia";"Decrescente";"Céu Claro";"Simples";"Reta";"Sim";5;0;4;0;1;0;4;2;-19,76359927;-43,45978439;"SPRF-MG";"DEL01-MG";"UOP01-DEL01-MG"
271016;2020-02-22;"sábado";"15:50:00";"SC";101;358;"SANGAO";"Falta de Atenção à Condução";"Saída de leito carroçável";"Com Vítimas Feridas";"Pleno dia";"Decrescente";"Céu Claro";"Dupla";"Reta";"Não";4;0;2;2;0;0;4;1;-28,64860349;-49,10386562;"SPRF-SC";"DEL02-SC";"UOP01-DEL02-SC"
271017;2020-02-22;"sábado";"09:00:00";"PA";163;964;"BELTERRA";"Pista Escorregadia";"Capotamento";"Sem Vítimas";"Pleno dia";"Crescente";"Chuva";"Simples";"Curva";"Não";2;0;0;0;0;2;0;2;-2,68997682;-54,87343613;"SPRF-PA";"DEL05-PA";"UOP01-DEL05-PA"
271018;2020-02-22;"sábado";"13:10:00";"PI";316;10,5;"TERESINA";"Falta de Atenção à Condução";"Colisão transversal";"Com Vítimas Feridas";"Pleno dia";"Crescente";"Nublado";"Múltipla";"Interseção de Vias";"Sim";3;0;2;0;0;1;2;2;-5,18280197;-42,76350291;"SPRF-PI";"DEL01-PI";"UOP02-DEL01-PI"
271019;2020-02-22;"sábado";"16:40:00";"GO";153;505;"APARECIDA DE GOIANIA";"Desobediência às normas de trânsito pelo condutor";"Colisão lateral";"Com Vítimas Feridas";"Pleno dia";"Decrescente";"Céu Claro";"Dupla";"Reta";"Sim";2;0;0;1;1;0;1;2;-16,7537;-49,2411;"SPRF-GO";"DEL01-GO";"UOP01-DEL01-GO"
271020;2020-02-22;"sábado";"14:00:00";"GO";414;331,5;"COCALZINHO DE GOIAS";"Velocidade Incompatível";"Saída de leito carroçável";"Com Vítimas Feridas";"Pleno dia";"Decrescente";"Chuva";"Simples";"Curva;Aclive";"Não";3;0;2;0;1;0;2;1;-15,48180569;-48,61621857;"SPRF-GO";"DEL02-GO";"UOP01-DEL02-GO"