"id";"data_inversa";"dia_semana";"horario";"uf";"br";"km";"municipio";"causa_acidente";"tipo_acidente";"classificacao_acidente";"fase_dia";"sentido_via";"condicao_metereologica";"tipo_pista";"tracado_via";"uso_solo";"pessoas";"mortos";"feridos_leves";"feridos_graves";"ilesos";"ignorados";"feridos";"veiculos";"latitude";"longitude";"regional";"delegacia";"uop"
271127;2020-02-22;"sábado";"23:30:00";"RO";319;59,5;"PORTO VELHO";"Ingestão de Álcool";"Colisão traseira";"Sem Vítimas";"Plena Noite";"Crescente";"Garoa/Chuvisco";"Dupla";"Reta";"Sim";4;0;0;0;4;0;0;2;-8,74088221;-63,89408112;"SPRF-RO";"DEL01-RO";"UOP01-DEL01-RO"
271130;2020-02-22;"sábado";"21:20:00";"BA";415;18;"ILHEUS";"Não guardar distância de segurança";"Colisão traseira";"Com Vítimas Feridas";"Plena Noite";"Decrescente";"Nublado";"Simples";"Reta";"Não";6;0;2;0;4;0;2;2;-14,8482;-39,281986;"SPRF-BA";"DEL05-BA";"UOP01-DEL05-BA"
271131;2020-02-23;"domingo";"01:50:00";"MG";364;3;"PLANURA";"Condutor Dormindo";"Tombamento";"Com Vítimas Feridas";"Plena Noite";"Crescente";"Nublado";"Simples";"Interseção de Vias";"Sim";1;0;0;1;0;0;1;1;-20,13824;-48,702347;"SPRF-MG";"DEL13-MG";"UOP02-DEL13-MG"
271132;2020-02-23;"domingo";"01:13:00";"PE";232;86,4;"GRAVATA";"Ingestão de Álcool";"Saída de leito carroçável";"Com Vítimas Feridas";"Plena Noite";"Crescente";"Céu Claro";"Dupla";"Curva";"Não";1;0;1;0;0;0;1;1;-8,21286855;-35,62011813;"SPRF-PE";"DEL02-PE";"UOP02-DEL02PE"
271133;2020-02-23;"domingo";"02:07:00";"PE";428;126,2;"LAGOA GRANDE";"Animais na Pista";"Atropelamento de Animal";"Sem Vítimas";"Plena Noite";"Crescente";"Céu Claro";"Simples";"Reta";"Não";2;0;0;0;2;0;0;1;-8,94448289;-40,15676804;"SPRF-PE";"DEL06-PE";"UOP03-DEL06-PE"
271134;2020-02-23;"domingo";"00:40:00";"MG";50;67,3;"UBERLANDIA";"Ingestão de Álcool";"Atropelamento de Pedestre";"Com Vítimas Feridas";"Plena Noite";"Decrescente";"Nublado";"Dupla";"Reta";"Sim";2;0;1;0;1;0;1;2;-18,87541165;-48,25918354;"SPRF-MG";"DEL15-MG";"UOP01-DEL15-MG"
271135;2020-02-23;"domingo";"02:00:00";"RJ";101;75,6;"CAMPOS DOS GOYTACAZES";"Desobediência às normas de trânsito pelo condutor";"Saída de leito carroçável";"Com Vítimas Feridas";"Plena Noite";"Decrescente";"Nublado";"Dupla";"Curva";"Não";1;0;0;1;0;0;1;1;-21,822064;-41,399077;"SPRF-RJ";"DEL08-RJ";"UOP02-DEL08-RJ"
271136;2020-02-23;"domingo";"00:30:00";"PA";316;134;"BONITO";"Ingestão de Álcool";"Colisão com objeto estático";"Com Vítimas Feridas";"Plena Noite";"Crescente";"Céu Claro";"Simples";"Reta";"Não";2;0;0;1;1;0;1;2;-1,28296927;-47,32504994;"SPRF-PA";"DEL01-PA";"UOP03-DEL01-PA"
271137;2020-02-23;"domingo";"01:09:00";"PA";163;999,8;"SANTAREM";"Ingestão de Álcool";"Tombamento";"Com Vítimas Feridas";"Plena Noite";"Crescente";"Céu Claro";"Simples";"Reta";"Sim";1;0;1;0;0;0;1;1;-2,48200297;-54,73142511;"SPRF-PA";"DEL05-PA";"UOP01-DEL05-PA"
271138;2020-02-23;"domingo";"02:40:00";"RN";101;97;"NATAL";"Condutor Dormindo";"Colisão com objeto estático";"Sem Vítimas";"Plena Noite";"Decrescente";"Céu Claro";"Dupla";"Reta";"Sim";1;0;0;0;1;0;0;1;-5,85758898;-35,21271205;"SPRF-RN";"DEL01-RN";"UOP01-DEL01-RN"
271139;2020-02-23;"domingo";"03:30:00";"PR";277;378,8;"GUARAPUAVA";"Ingestão de Álcool";"Saída de leito carroçável";"Sem Vítimas";"Plena Noite";"Decrescente";"Céu Claro";"Simples";"Reta";"Não";1;0;0;0;1;0;0;1;-25,4176949;-51,77955151;"SPRF-PR";"DEL08-PR";"UOP01-DEL08-PR"
271141;2020-02-23;"domingo";"04:00:00";"PA";163;1004;"SANTAREM";"Ingestão de Álcool";"Queda de ocupante de veículo";"Com Vítimas Feridas";"Plena Noite";"Decrescente";"Céu Claro";"Dupla";"Reta";"Sim";2;0;2;0;0;0;2;1;-2,43254946;-54,73432325;"SPRF-PA";"DEL05-PA";"UOP01-DEL05-PA"
271143;2020-02-23;"domingo";"03:50:00";"MG";40;473,8;"SETE LAGOAS";"Condutor Dormindo";"Colisão com objeto estático";"Com Vítimas Fatais";"Plena Noite";"Crescente";"Nublado";"Múltipla";"Aclive";"Sim";3;1;1;1;0;0;2;1;-19,496351;-44,27992;"SPRF-MG";"DEL02-MG";"UOP01-DEL02-MG"
271145;2020-02-23;"domingo";"04:40:00";"GO";153;675,9;"PANAMA";"Ingestão de Álcool";"Saída de leito carroçável";"Com Vítimas Fatais";"Plena Noite";"Crescente";"Nublado";"Dupla";"Curva";"Não";3;1;1;1;0;0;2;1;-18,1855;-49,2895;"SPRF-GO";"DEL03-GO";"UOP02-DEL03-GO"
271146;2020-02-23;"domingo";"04:40:00";"RJ";101;296,7;"ITABORAI";"Falta de Atenção à Condução";"Queda de ocupante de veículo";"Com Vítimas Feridas";"Amanhecer";"Crescente";"Céu Claro";"Dupla";"Curva";"Sim";1;0;1;0;0;0;1;1;-22,7670498;-42,91019601;"SPRF-RJ";"DEL02-RJ";"UOP03-DEL02-RJ"
271147;2020-02-23;"domingo";"02:00:00";"PR";277;6,5;"PARANAGUA";"Falta de Atenção à Condução";"Saída de leito carroçável";"Sem Vítimas";"Plena Noite";"Decrescente";"Garoa/Chuvisco";"Simples";"Curva";"Sim";1;0;0;0;0;1;0;1;-25,568198;-48,615292;"SPRF-PR";"DEL01-PR";"UOP05-DEL01-PR"
271149;2020-02-23;"domingo";"04:40:00";"SC";470;57;"BLUMENAU";"Ingestão de Álcool";"Colisão com objeto estático";"Sem Vítimas";"Plena Noite";"Crescente";"Nublado";"Simples";"Interseção de Vias";"Sim";1;0;0;0;0;1;0;1;-26,880428;-49,136532;"SPRF-SC";"DEL04-SC";"UOP01-DEL04-SC"
271152;2020-02-23;"domingo";"05:00:00";"SP";116;151,8;"SAO JOSE DOS CAMPOS";"Velocidade Incompatível";"Colisão traseira";"Com Vítimas Fatais";"Amanhecer";"Crescente";"Nublado";"Múltipla";"Reta";"Sim";5;1;2;0;2;0;2;3;-23,21980694;-45,89991605;"SPRF-SP";"DEL02-SP";"UOP01-DEL02-SP"
271153;2020-02-23;"domingo";"04:30:00";"PE";408;75,2;"PAUDALHO";"Ingestão de Álcool";"Colisão traseira";"Sem Vítimas";"Amanhecer";"Decrescente";"Céu Claro";"Dupla";"Curva";"Sim";2;0;0;0;2;0;0;2;-7,90594592;-35,1732636;"SPRF-PE";"DEL01-PE";"UOP01-DEL01-PE"
271154;2020-02-23;"domingo";"04:15:00";"PR";277;534,6;"IBEMA";"Mal Súbito";"Saída de leito carroçável";"Com Vítimas Feridas";"Plena Noite";"Decrescente";"Céu Claro";"Simples";"Aclive;Curva";"Não";1;0;1;0;0;0;1;1;-25,10265774;-52,986814;"SPRF-PR";"DEL04-PR";"UOP04-DEL04-PR"
271156;2020-02-23;"domingo";"05:00:00";"CE";222;38,1;"CAUCAIA";"Ingestão de Álcool";"Colisão traseira";"Com Vítimas Fatais";"Amanhecer";"Decrescente";"Céu Claro";"Simples";"Reta";"Não";2;1;1;0;0;0;1;2;-3,69214351;-38,89023121;"SPRF-CE";"DEL01-CE";"UOP01-DEL01-CE"
271158;2020-02-23;"domingo";"05:30:00";"ES";101;310;"VIANA";"Falta de Atenção à Condução";"Saída de leito carroçável";"Com Vítimas Feridas";"Amanhecer";"Decrescente";"Chuva";"Simples";"Reta";"Não";1;0;1;0;0;0;1;1;-20,42590098;-40,46036505;"SPRF-ES";"DEL03-ES";"UOP01-DEL03-ES"
271159;2020-02-23;"domingo";"05:00:00";"PB";101;77;"SANTA RITA";"Falta de Atenção à Condução";"Saída de leito carroçável";"Com Vítimas Feridas";"Amanhecer";"Crescente";"Céu Claro";"Dupla";"Reta";"Sim";2;0;1;1;0;0;2;1;-7,09947194;-34,96574283;"SPRF-PB";"DEL01-PB";"UOP04-DEL01-PB"
271160;2020-02-23;"domingo";"06:05:00";"GO";153;71;"PORANGATU";"Falta de Atenção à Condução";"Colisão transversal";"Com Vítimas Feridas";"Pleno dia";"Crescente";"Céu Claro";"Simples";"Interseção de Vias";"Sim";3;0;1;0;2;0;1;2;-13,45846;-49,135578;"SPRF-GO";"DEL07-GO";"UOP01-DEL07-GO"
271161;2020-02-23;"domingo";"06:30:00";"ES";101;146,2;"LINHARES";"Falta de Atenção à Condução";"Colisão lateral";"Com Vítimas Feridas";"Pleno dia";"Crescente";"Chuva";"Simples";"Reta";"Sim";2;0;0;1;1;0;1;2;-19,36990998;-40,06560718;"SPRF-ES";"DEL04-ES";"UOP01-DEL04-ES"
271162;2020-02-23;"domingo";"04:20:00";"RJ";40;78,8;"PETROPOLIS";"Agressão Externa";"Saída de leito carroçável";"Sem Vítimas";"Plena Noite";"Crescente";"Nevoeiro/Neblina";"Simples";"Retorno Regulamentado;Curva;Declive";"Não";43;0;0;0;43;0;0;1;-22,48485874;-43,22843406;"SPRF-RJ";"DEL06-RJ";"UOP01-DEL06-RJ"
271163;2020-02-23;"domingo";"00:01:00";"PI";343;336,6;"TERESINA";"Defeito Mecânico no Veículo";"Incêndio";"Sem Vítimas";"Plena Noite";"Crescente";"Garoa/Chuvisco";"Simples";"Reta";"Não";1;0;0;0;1;0;0;1;-5,062547;-42,705189;"SPRF-PI";"DEL01-PI";"UOP01-DEL01-PI"
271164;2020-02-23;"domingo";"05:45:00";"ES";101;293;"CARIACICA";"Falta de Atenção à Condução";"Colisão com objeto estático";"Com Vítimas Feridas";"Plena Noite";"Decrescente";"Chuva";"Dupla";"Reta";"Não";1;0;1;0;0;0;1;1;-20,33896258;-40,38590504;"SPRF-ES";"DEL01-ES";"UOP01-DEL01-ES"
271165;2020-02-23;"domingo";"05:00:00";"PR";277;686;"SAO MIGUEL DO IGUACU";"Ingestão de Álcool";"Colisão traseira";"Com Vítimas Feridas";"Plena Noite";"Crescente";"Céu Claro";"Dupla";"Reta";"Não";3;0;1;2;0;0;3;2;-25,33975596;-54,21578002;"SPRF-PR";"DEL05-PR";"UOP01-DEL05-PR"
271167;2020-02-23;"domingo";"00:00:00";"MG";40;591;"ITABIRITO";"Agressão Externa";"Incêndio";"Sem Vítimas";"Plena Noite";"Crescente";"Nublado";"Simples";"Reta";"Não";1;0;0;0;0;1;0;1;-20,37466721;-43,9077212;"SPRF-MG";"DEL01-MG";"UOP02-DEL01-MG"
271169;2020-02-23;"domingo";"06:50:00";"ES";101;433,5;"ATILIO VIVACQUA";"Pista Escorregadia";"Capotamento";"Com Vítimas Feridas";"Pleno dia";"Crescente";"Nublado";"Simples";"Curva";"Não";1;0;1;0;0;0;1;1;-21,04218499;-41,18389907;"SPRF-ES";"DEL03-ES";"UOP02-DEL03-ES"
271171;2020-02-23;"domingo";"07:10:00";"RS";448;0;"SAPUCAIA DO SUL";"Falta de Atenção à Condução";"Colisão com objeto estático";"Sem Vítimas";"Pleno dia";"Decrescente";"Sol";"Dupla";"Viaduto";"Não";1;0;0;0;1;0;0;1;-29,827246;-51,173317;"SPRF-RS";"DEL01-RS";"UOP02-DEL01-RS"
271172;2020-02-23;"domingo";"03:40:00";"SC";280;233;"CANOINHAS";"Ingestão de álcool e/ou substâncias psicoativas pelo pedestre";"Saída de leito carroçável";"Com Vítimas Feridas";"Plena Noite";"Crescente";"Céu Claro";"Simples";"Curva";"Não";1;0;1;0;0;0;1;1;-26,19146187;-50,39215;"SPRF-SC";"DEL06-SC";"UOP04-DEL06-SC"
271174;2020-02-23;"domingo";"07:45:00";"RS";287;254;"SANTA MARIA";"Falta de Atenção à Condução";"Colisão com objeto estático";"Com Vítimas Feridas";"Pleno dia";"Decrescente";"Céu Claro";"Simples";"Desvio Temporário";"Não";2;0;2;0;0;0;2;1;-29,68636219;-53,91083903;"SPRF-RS";"DEL09-RS";"UOP01-DEL09-RS"
271175;2020-02-23;"domingo";"04:30:00";"MS";267;36,9;"BATAGUASSU";"Ingestão de Álcool";"Saída de leito carroçável";"Sem Vítimas";"Amanhecer";"Decrescente";"Nublado";"Simples";"Reta;Aclive";"Não";1;0;0;0;1;0;0;1;-21,75259789;-52,4790051;"SPRF-MS";"DEL02-MS";"UOP04-DEL02-MS"
271176;2020-02-23;"domingo";"06:50:00";"SC";101;136,4;"BALNEARIO CAMBORIU";"Falta de Atenção do Pedestre";"Atropelamento de Pedestre";"Com Vítimas Feridas";"Pleno dia";"Decrescente";"Nublado";"Dupla";"Reta";"Sim";4;0;0;1;1;2;1;2;-27,008113;-48,617245;"SPRF-SC";"DEL04-SC";"UOP03-DEL04-SC"
271177;2020-02-22;"sábado";"18:00:00";"RO";364;1062;"PORTO VELHO";"Desobediência às normas de trânsito pelo condutor";"Colisão frontal";"Com Vítimas Fatais";"Anoitecer";"Decrescente";"Nublado";"Simples";"Reta";"Não";3;1;0;1;1;0;1;2;-9,78635258;-66,55163527;"SPRF-RO";"DEL01-RO";"UOP03-DEL01-RO"
271178;2020-02-23;"domingo";"07:15:00";"SC";101;131;"BALNEARIO CAMBORIU";"Falta de Atenção à Condução";"Saída de leito carroçável";"Com Vítimas Feridas";"Amanhecer";"Decrescente";"Sol";"Simples";"Reta";"Sim";4;0;2;2;0;0;4;1;-26,9929514;-48,66059303;"SPRF-SC";"DEL04-SC";"UOP03-DEL04-SC"
271179;2020-02-23;"domingo";"05:40:00";"RO";319;62,1;"PORTO VELHO";"Pista Escorregadia";"Saída de leito carroçável";"Com Vítimas Feridas";"Amanhecer";"Decrescente";"Chuva";"Múltipla";"Interseção de Vias";"Sim";1;0;1;0;0;0;1;1;-8,75014539;-63,88781732;"SPRF-RO";"DEL01-RO";"UOP01-DEL01-RO"
271180;2020-02-23;"domingo";"08:00:00";"PR";476;124,5;"CURITIBA";"Condutor Dormindo";"Saída de leito carroçável";"Com Vítimas Feridas";"Pleno dia";"Decrescente";"Céu Claro";"Dupla";"Reta";"Sim";2;0;1;0;1;0;1;1;-25,399845;-49,215855;"SPRF-PR";"DEL01-PR";"UOP07-DEL01-PR"
271181;2020-02-12;"quarta-feira";"02:30:00";"PR";116;36,4;"CAMPINA GRANDE DO SUL";"Falta de Atenção do Pedestre";"Queda de ocupante de veículo";"Com Vítimas Fatais";"Plena Noite";"Crescente";"Chuva";"Dupla";"Aclive;Reta";"Não";3;1;0;0;1;1;0;2;-25,131384;-48,85746814;"SPRF-PR";"DEL01-PR";"UOP02-DEL01-PR"
271182;2020-02-23;"domingo";"05:10:00";"MG";116;411;"GOVERNADOR VALADARES";"Ingestão de Álcool";"Colisão com objeto estático";"Sem Vítimas";"Amanhecer";"Crescente";"Chuva";"Dupla";"Reta";"Sim";1;0;0;0;1;0;0;1;-18,86244705;-41,97405237;"SPRF-MG";"DEL06-MG";"UOP01-DEL06-MG"
271184;2020-02-23;"domingo";"09:00:00";"PB";101;100;"ALHANDRA";"Ingestão de Álcool";"Colisão traseira";"Com Vítimas Feridas";"Pleno dia";"Decrescente";"Céu Claro";"Dupla";"Reta";"Não";3;0;2;0;1;0;2;2;-7,26469806;-34,93677965;"SPRF-PB";"DEL01-PB";"UOP01-DEL01-PB"
271186;2020-02-23;"domingo";"08:15:00";"MS";463;60;"PONTA PORA";"Avarias e/ou desgaste excessivo no pneu";"Queda de ocupante de veículo";"Com Vítimas Feridas";"Pleno dia";"Crescente";"Sol";"Simples";"Reta";"Não";2;0;2;0;0;0;2;1;-22,41402668;-55,32315605;"SPRF-MS";"DEL04-MS";"UOP03-DEL04-MS"
271188;2020-02-23;"domingo";"09:50:00";"DF";70;16;"BRASILIA";"Animais na Pista";"Colisão lateral";"Com Vítimas Feridas";"Pleno dia";"Crescente";"Céu Claro";"Dupla";"Reta";"Sim";2;0;1;0;1;0;1;2;-15,796144;-48,194225;"SPRF-DF";"DEL03-DF";"UOP02-DEL03-DF"
271189;2020-02-23;"domingo";"08:30:00";"MG";251;457,2;"GRAO MOGOL";"Pista Escorregadia";"Saída de leito carroçável";"Com Vítimas Feridas";"Pleno dia";"Crescente";"Chuva";"Simples";"Curva";"Não";1;0;1;0;0;0;1;1;-16,41786952;-43,35991682;"SPRF-MG";"DEL12-MG";"UOP01-DEL12-MG"
271190;2020-02-23;"domingo";"10:00:00";"MG";40;471;"SETE LAGOAS";"Defeito Mecânico no Veículo";"Queda de ocupante de veículo";"Com Vítimas Feridas";"Pleno dia";"Decrescente";"Céu Claro";"Dupla";"Reta";"Não";2;0;2;0;0;0;2;1;-19,47543632;-44,29066576;"SPRF-MG";"DEL02-MG";"UOP01-DEL02-MG"
271191;2020-02-23;"domingo";"10:00:00";"PB";230;9,2;"CABEDELO";"Velocidade Incompatível";"Colisão traseira";"Com Vítimas Feridas";"Pleno dia";"Decrescente";"Sol";"Simples";"Em Obras;Reta";"Sim";3;0;2;1;0;0;3;2;-7,0355;-34,8429;"SPRF-PB";"DEL01-PB";"UOP01-DEL01-PB"
271192;2020-02-23;"domingo";"10:20:00";"GO";153;627;"MORRINHOS";"Mal Súbito";"Colisão com objeto estático";"Com Vítimas Feridas";"Pleno dia";"Crescente";"Nublado";"Dupla";"Reta";"Não";1;0;0;1;0;0;1;1;-17,7734;-49,17437;"SPRF-GO";"DEL03-GO";"UOP01-DEL03-GO"
271193;2020-02-23;"domingo";"10:10:00";"PR";476;142;"CURITIBA";"Falta de Atenção à Condução";"Capotamento";"Com Vítimas Feridas";"Pleno dia";"Crescente";"Céu Claro";"Dupla";"Reta;Declive";"Sim";4;0;2;1;1;0;3;1;-25,537161;-49,301632;"SPRF-PR";"DEL01-PR";"UOP03-DEL01-PR"
271194;2020-02-23;"domingo";"10:20:00";"MG";381;844,9;"SAO SEBASTIAO DA BELA VISTA";"Ultrapassagem Indevida";"Colisão lateral";"Com Vítimas Feridas";"Pleno dia";"Decrescente";"Céu Claro";"Dupla";"Reta";"Não";2;0;1;0;1;0;1;2;-22,229838;-45,876144;"SPRF-MG";"DEL16-MG";"UOP01-DEL16-MG"
271196;2020-02-23;"domingo";"09:40:00";"MA";10;249;"IMPERATRIZ";"Falta de Atenção à Condução";"Colisão traseira";"Com Vítimas Feridas";"Pleno dia";"Decrescente";"Céu Claro";"Simples";"Reta";"Sim";4;0;1;0;3;0;1;2;-5,558508;-47,45417;"SPRF-MA";"DEL04-MA";"UOP01-DEL04-MA"
271197;2020-02-23;"domingo";"08:10:00";"MG";381;526,1;"BRUMADINHO";"Velocidade Incompatível";"Queda de ocupante de veículo";"Com Vítimas Feridas";"Pleno dia";"Crescente";"Nublado";"Dupla";"Curva";"Não";1;0;1;0;0;0;1;1;-20,16175378;-44,34144636;"SPRF-MG";"DEL04-MG";"UOP03-DEL04-MG"
271198;2020-02-23;"domingo";"10:00:00";"AL";104;11,9;"SAO JOSE DA LAJE";"Falta de Atenção à Condução";"Saída de leito carroçável";"Com Vítimas Feridas";"Pleno dia";"Decrescente";"Céu Claro";"Simples";"Reta";"Não";2;0;2;0;0;0;2;1;-8,98214501;-36,02842324;"SPRF-AL";"DEL01-AL";"UOP02-DEL01-AL"
271199;2020-02-23;"domingo";"04:30:00";"MS";267;313;"RIO BRILHANTE";"Ingestão de Álcool";"Saída de leito carroçável";"Com Vítimas Feridas";"Plena Noite";"Crescente";"Céu Claro";"Simples";"Curva";"Não";1;0;1;0;0;0;1;1;-21,6906165;-54,71374683;"SPRF-MS";"DEL02-MS";"UOP02-DEL02-MS"
271200;2020-02-23;"domingo";"07:40:00";"SC";282;571,6;"NOVA ERECHIM";"Ingestão de Álcool";"Saída de leito carroçável";"Com Vítimas Feridas";"Pleno dia";"Decrescente";"Sol";"Simples";"Reta";"Não";3;0;2;0;1;0;2;1;-26,883053;-52,939816;"SPRF-SC";"DEL07-SC";"UOP02-DEL07-SC"
271201;2020-02-23;"domingo";"10:30:00";"SC";101;416,5;"ARARANGUA";"Falta de Atenção à Condução";"Colisão traseira";"Com Vítimas Feridas";"Pleno dia";"Crescente";"Céu Claro";"Simples";"Reta";"Sim";2;0;1;0;1;0;1;2;-28,96708874;-49,52338825;"SPRF-SC";"DEL02-SC";"UOP02-DEL02-SC"
271203;2020-02-23;"domingo";"10:41:00";"PI";343;3,8;"TERESINA";"Falta de Atenção à Condução";"Colisão traseira";"Sem Vítimas";"Pleno dia";"Crescente";"Céu Claro";"Simples";"Reta";"Sim";2;0;0;0;2;0;0;2;-5,089569;-42,802288;"SPRF-PI";"DEL01-PI";"UOP01-DEL01-PI"
271204;2020-02-23;"domingo";"11:12:00";"MG";262;380,1;"JUATUBA";"Velocidade Incompatível";"Tombamento";"Com Vítimas Fatais";"Pleno dia";"Crescente";"Nublado";"Dupla";"Curva";"Não";2;1;0;0;0;1;0;2;-19,947864;-44,381226;"SPRF-MG";"DEL01-MG";"UOP03-DEL01-MG"
271205;2020-02-23;"domingo";"11:30:00";"GO";40;10,1;"LUZIANIA";"Falta de Atenção do Pedestre";"Atropelamento de Pedestre";"Com Vítimas Feridas";"Pleno dia";"Crescente";"Céu Claro";"Dupla";"Reta";"Sim";2;0;0;1;1;0;1;2;-16,131285;-47,957923;"SPRF-DF";"DEL01-DF";"UOP01-DEL01-DF"
271206;2020-02-23;"domingo";"11:40:00";"DF";60;1;"BRASILIA";"Mal Súbito";"Colisão com objeto estático";"Com Vítimas Feridas";"Pleno dia";"Crescente";"Chuva";"Dupla";"Reta";"Sim";1;0;0;1;0;0;1;1;-15,885093;-48,068954;"SPRF-DF";"DEL03-DF";"UOP01-DEL03-DF"
271208;2020-02-23;"domingo";"11:55:00";"SC";282;15,6;"PALHOCA";"Falta de Atenção à Condução";"Colisão traseira";"Com Vítimas Feridas";"Pleno dia";"Decrescente";"Sol";"Simples";"Reta";"Sim";2;0;1;0;1;0;1;2;-27,65610138;-48,67956698;"SPRF-SC";"DEL01-SC";"UOP02-DEL01-SC"
271209;2020-02-23;"domingo";"12:00:00";"AL";101;199;"SAO SEBASTIAO";"Desobediência às normas de trânsito pelo condutor";"Colisão lateral";"Com Vítimas Feridas";"Pleno dia";"Decrescente";"Céu Claro";"Dupla";"Reta";"Não";2;0;1;1;0;0;2;2;-9,94315566;-36,53647456;"SPRF-AL";"DEL02-AL";"UOP02-DEL02-AL"
271211;2020-02-23;"domingo";"11:20:00";"RS";470;256;"SALVADOR DO SUL";"Falta de Atenção à Condução";"Colisão transversal";"Com Vítimas Feridas";"Pleno dia";"Decrescente";"Céu Claro";"Simples";"Reta";"Sim";2;0;0;1;1;0;1;2;-29,42219027;-51,52057555;"SPRF-RS";"DEL06-RS";"UOP01-DEL06-RS"
271212;2020-02-23;"domingo";"11:15:00";"PI";316;7,4;"TERESINA";"Desobediência às normas de trânsito pelo condutor";"Colisão transversal";"Com Vítimas Feridas";"Pleno dia";"Decrescente";"Céu Claro";"Simples";"Reta";"Não";2;0;1;0;1;0;1;2;-5,15584638;-42,77173332;"SPRF-PI";"DEL01-PI";"UOP02-DEL01-PI"
271217;2020-02-23;"domingo";"10:50:00";"RJ";116;226;"PIRAI";"Pista Escorregadia";"Colisão com objeto estático";"Sem Vítimas";"Pleno dia";"Decrescente";"Garoa/Chuvisco";"Simples";"Curva";"Não";3;0;0;0;3;0;0;1;-22,67057067;-43,83592129;"SPRF-RJ";"DEL07-RJ";"UOP01-DEL07-RJ"
271218;2020-02-23;"domingo";"10:35:00";"SC";280;47,9;"GUARAMIRIM";"Falta de Atenção à Condução";"Colisão transversal";"Com Vítimas Feridas";"Pleno dia";"Decrescente";"Nublado";"Simples";"Reta";"Sim";2;0;1;0;1;0;1;2;-26,45506795;-48,92766502;"SPRF-SC";"DEL03-SC";"UOP03-DEL03-SC"
271219;2020-02-23;"domingo";"13:20:00";"PE";408;89;"SAO LOURENCO DA MATA";"Velocidade Incompatível";"Colisão traseira";"Com Vítimas Feridas";"Pleno dia";"Decrescente";"Sol";"Múltipla";"Declive;Reta";"Não";5;0;1;1;3;0;2;2;-7,98149086;-35,08112279;"SPRF-PE";"DEL01-PE";"UOP01-DEL01-PE"
271220;2020-02-23;"domingo";"13:20:00";"PR";373;243;"GUAMIRANGA";"Falta de Atenção à Condução";"Colisão lateral";"Com Vítimas Feridas";"Pleno dia";"Crescente";"Céu Claro";"Simples";"Reta";"Não";3;0;0;2;1;0;2;2;-25,19383959;-50,78681706;"SPRF-PR";"DEL03-PR";"UOP01-DEL03-PR"
271221;2020-02-23;"domingo";"07:50:00";"BA";101;444;"UBAITABA";"Desobediência às normas de trânsito pelo condutor";"Tombamento";"Com Vítimas Feridas";"Pleno dia";"Crescente";"Céu Claro";"Dupla";"Reta";"Sim";2;0;2;0;0;0;2;1;-14,307491;-39,32263;"SPRF-BA";"DEL05-BA";"UOP01-DEL05-BA"
271222;2020-02-23;"domingo";"08:01:00";"BA";330;828;"UBAITABA";"Velocidade Incompatível";"Colisão traseira";"Com Vítimas Feridas";"Pleno dia";"Crescente";"Céu Claro";"Simples";"Interseção de Vias";"Não";3;0;1;1;1;0;2;2;-14,266615;-39,326608;"SPRF-BA";"DEL05-BA";"UOP01-DEL05-BA"
271223;2020-02-23;"domingo";"13:30:00";"RN";226;2,3;"NATAL";"Desobediência às normas de trânsito pelo condutor";"Colisão frontal";"Com Vítimas Feridas";"Pleno dia";"Crescente";"Nublado";"Dupla";"Interseção de Vias";"Sim";2;0;1;0;1;0;1;2;-5,81364934;-35,2466547;"SPRF-RN";"DEL01-RN";"UOP02-DEL01-RN"
271224;2020-02-23;"domingo";"13:35:00";"SP";381;43;"ATIBAIA";"Defeito Mecânico no Veículo";"Tombamento";"Com Vítimas Feridas";"Pleno dia";"Decrescente";"Nublado";"Dupla";"Reta";"Sim";2;0;2;0;0;0;2;1;-23,15597105;-46,5740155;"SPRF-SP";"DEL03-SP";"UOP01-DEL03-SP"
271226;2020-02-23;"domingo";"13:55:00";"SC";101;202;"SAO JOSE";"Ultrapassagem Indevida";"Colisão lateral";"Com Vítimas Feridas";"Pleno dia";"Decrescente";"Céu Claro";"Múltipla";"Reta";"Não";6;0;5;0;1;0;5;3;-27,55711595;-48,61897889;"SPRF-SC";"DEL01-SC";"UOP01-DEL01-SC"
271227;2020-02-23;"domingo";"13:30:00";"DF";60;2,8;"BRASILIA";"Pista Escorregadia";"Queda de ocupante de veículo";"Com Vítimas Feridas";"Pleno dia";"Crescente";"Chuva";"Dupla";"Reta";"Sim";2;0;2;0;0;0;2;1;-15,887383;-48,077988;"SPRF-DF";"DEL03-DF";"UOP01-DEL03-DF"
271230;2020-02-23;"domingo";"13:45:00";"SC";101;313;"PESCARIA BRAVA";"Não guardar distância de segurança";"Colisão traseira";"Com Vítimas Feridas";"Pleno dia";"Decrescente";"Sol";"Dupla";"Reta";"Sim";2;0;1;0;1;0;1;2;-28,4404376;-48,81403409;"SPRF-SC";"DEL02-SC";"UOP01-DEL02-SC"
271231;2020-02-23;"domingo";"14:00:00";"ES";101;450,2;"MIMOSO DO SUL";"Falta de Atenção à Condução";"Saída de leito carroçável";"Com Vítimas Feridas";"Pleno dia";"Crescente";"Nublado";"Simples";"Curva";"Não";1;0;1;0;0;0;1;1;-21,14473102;-41,27036927;"SPRF-ES";"DEL03-ES";"UOP02-DEL03-ES"
271232;2020-02-23;"domingo";"13:30:00";"PR";373;243,1;"GUAMIRANGA";"Falta de Atenção do Pedestre";"Atropelamento de Pedestre";"Com Vítimas Feridas";"Pleno dia";"Crescente";"Sol";"Simples";"Reta";"Não";3;0;0;1;1;1;1;2;-25,19383959;-50,78681706;"SPRF-PR";"DEL03-PR";"UOP01-DEL03-PR"