"id";"data_inversa";"dia_semana";"horario";"uf";"br";"km";"municipio";"causa_acidente";"tipo_acidente";"classificacao_acidente";"fase_dia";"sentido_via";"condicao_metereologica";"tipo_pista";"tracado_via";"uso_solo";"pessoas";"mortos";"feridos_leves";"feridos_graves";"ilesos";"ignorados";"feridos";"veiculos";"latitude";"longitude";"regional";"delegacia";"uop"
271346;2020-02-23;"domingo";"19:30:00";"MT";70;376,7;"CAMPO VERDE";"Falta de Atenção à Condução";"Colisão traseira";"Com Vítimas Feridas";"Plena Noite";"Crescente";"Garoa/Chuvisco";"Simples";"Reta";"Sim";5;0;0;2;3;0;2;2;-15,52282893;-55,12699127;"SPRF-MT";"DEL05-MT";"UOP01-DEL05-MT"
271347;2020-02-23;"domingo";"17:40:00";"RO";319;62,9;"PORTO VELHO";"Falta de Atenção à Condução";"Tombamento";"Com Vítimas Feridas";"Plena Noite";"Crescente";"Céu Claro";"Múltipla";"Reta";"Sim";2;0;1;0;0;1;1;2;-8,766685;-63,884052;"SPRF-RO";"DEL01-RO";"UOP01-DEL01-RO"
271348;2020-02-24;"segunda-feira";"00:10:00";"SC";470;9,5;"NAVEGANTES";"Desobediência às normas de trânsito pelo condutor";"Colisão frontal";"Com Vítimas Feridas";"Plena Noite";"Decrescente";"Nublado";"Simples";"Reta";"Sim";2;0;0;1;1;0;1;2;-26,833143;-48,727432;"SPRF-SC";"DEL04-SC";"UOP04-DEL04-SC"
271349;2020-02-23;"domingo";"23:25:00";"SC";282;410;"CATANDUVAS";"Falta de Atenção do Pedestre";"Atropelamento de Pedestre";"Com Vítimas Fatais";"Plena Noite";"Decrescente";"Céu Claro";"Simples";"Aclive";"Sim";2;1;0;0;1;0;0;2;-27,061399;-51,671875;"SPRF-SC";"DEL07-SC";"UOP05-DEL07-SC"
271350;2020-02-23;"domingo";"22:40:00";"RS";392;647,1;"GUARANI DAS MISSOES";"Desobediência às normas de trânsito pelo condutor";"Saída de leito carroçável";"Com Vítimas Feridas";"Plena Noite";"Crescente";"Céu Claro";"Simples";"Reta";"Não";4;0;0;3;0;1;3;1;-28,13691867;-54,59728395;"SPRF-RS";"DEL10-RS";"UOP01-DEL10-RS"
271351;2020-02-23;"domingo";"23:25:00";"PR";487;125,8;"TUNEIRAS DO OESTE";"Condutor Dormindo";"Saída de leito carroçável";"Com Vítimas Feridas";"Plena Noite";"Decrescente";"Nublado";"Simples";"Aclive;Reta";"Sim";18;0;3;0;15;0;3;1;-23,866522;-52,87755;"SPRF-PR";"DEL09-PR";"UOP03-DEL09-PR"
271352;2020-02-23;"domingo";"22:45:00";"RR";0;0;"BOA VISTA";"Desobediência às normas de trânsito pelo condutor";"Colisão transversal";"Com Vítimas Feridas";"Plena Noite";"Não Informado";"Céu Claro";"Dupla";"Interseção de Vias";"Sim";2;0;1;0;1;0;1;2;2,803434;-60,685078;"SPRF-RR";"DEL01-RR";"UOP01-DEL01-RR"
271353;2020-02-24;"segunda-feira";"01:20:00";"MG";116;276;"TEOFILO OTONI";"Falta de Atenção à Condução";"Tombamento";"Com Vítimas Feridas";"Plena Noite";"Crescente";"Céu Claro";"Múltipla";"Declive";"Sim";1;0;1;0;0;0;1;1;-17,85105696;-41,51454492;"SPRF-MG";"DEL11-MG";"UOP01-DEL11-MG"
271356;2020-02-24;"segunda-feira";"02:40:00";"MG";364;18,8;"FRUTAL";"Ingestão de Álcool";"Danos eventuais";"Sem Vítimas";"Plena Noite";"Crescente";"Nublado";"Simples";"Reta";"Não";3;0;0;0;2;1;0;2;-20,054894;-48,824708;"SPRF-MG";"DEL13-MG";"UOP02-DEL13-MG"
271357;2020-02-24;"segunda-feira";"02:30:00";"PR";476;136;"CURITIBA";"Falta de Atenção à Condução";"Colisão com objeto estático";"Com Vítimas Feridas";"Plena Noite";"Decrescente";"Nublado";"Dupla";"Reta";"Sim";2;0;2;0;0;0;2;1;-25,491047;-49,271679;"SPRF-PR";"DEL01-PR";"UOP03-DEL01-PR"
271358;2020-02-23;"domingo";"12:00:00";"MA";230;132;"PASTOS BONS";"Defeito Mecânico no Veículo";"Incêndio";"Sem Vítimas";"Pleno dia";"Decrescente";"Céu Claro";"Simples";"Reta";"Não";2;0;0;0;1;1;0;1;-6,58075088;-44,00019299;"SPRF-MA";"DEL05-MA";"UOP01-DEL05-MA"
271360;2020-02-24;"segunda-feira";"01:30:00";"SE";235;54;"ITABAIANA";"Falta de Atenção à Condução";"Queda de ocupante de veículo";"Com Vítimas Feridas";"Plena Noite";"Crescente";"Céu Claro";"Simples";"Reta";"Sim";1;0;0;1;0;0;1;1;-10,676047;-37,443279;"SPRF-SE";"DEL01-SE";"UOP02-DEL01-SE"
271362;2020-02-24;"segunda-feira";"01:30:00";"PI";316;144,2;"ELESBAO VELOSO";"Condutor Dormindo";"Saída de leito carroçável";"Com Vítimas Feridas";"Plena Noite";"Crescente";"Chuva";"Simples";"Declive;Curva";"Não";2;0;1;1;0;0;2;1;-6,10509266;-42,2124126;"SPRF-PI";"DEL04-PI";"UOP02-DEL04-PI"
271363;2020-02-24;"segunda-feira";"03:45:00";"SC";101;329,3;"CAPIVARI DE BAIXO";"Falta de Atenção à Condução";"Colisão com objeto estático";"Com Vítimas Feridas";"Plena Noite";"Crescente";"Céu Claro";"Múltipla";"Reta";"Não";3;0;1;0;2;0;1;3;-28,44404822;-48,96611372;"SPRF-SC";"DEL02-SC";"UOP01-DEL02-SC"
271364;2020-02-24;"segunda-feira";"02:00:00";"SC";101;134;"BALNEARIO CAMBORIU";"Falta de Atenção à Condução";"Queda de ocupante de veículo";"Com Vítimas Feridas";"Plena Noite";"Decrescente";"Céu Claro";"Simples";"Reta";"Não";1;0;0;1;0;0;1;1;-27,00218;-48,636433;"SPRF-SC";"DEL04-SC";"UOP03-DEL04-SC"
271365;2020-02-24;"segunda-feira";"04:20:00";"SC";101;255,5;"PAULO LOPES";"Ingestão de Álcool";"Saída de leito carroçável";"Com Vítimas Feridas";"Plena Noite";"Decrescente";"Céu Claro";"Simples";"Curva;Declive";"Sim";4;0;3;1;0;0;4;1;-27,98242299;-48,67898469;"SPRF-SC";"DEL02-SC";"UOP03-DEL02-SC"
271366;2020-02-24;"segunda-feira";"03:10:00";"MT";163;104;"RONDONOPOLIS";"Pista Escorregadia";"Saída de leito carroçável";"Sem Vítimas";"Plena Noite";"Crescente";"Garoa/Chuvisco";"Dupla";"Declive;Reta";"Não";1;0;0;0;0;1;0;1;-16,6287819;-54,69729761;"SPRF-MT";"DEL02-MT";"DEL2/2-UOP02/MT"
271368;2020-02-24;"segunda-feira";"03:45:00";"RS";287;342,8;"SAO VICENTE DO SUL";"Ingestão de Álcool";"Saída de leito carroçável";"Com Vítimas Feridas";"Plena Noite";"Crescente";"Céu Claro";"Simples";"Reta";"Não";1;0;0;1;0;0;1;1;-29,57877814;-54,68185357;"SPRF-RS";"DEL12-RS";"UOP02-DEL12-RS"
271370;2020-02-24;"segunda-feira";"05:40:00";"SC";101;214,2;"PALHOCA";"Velocidade Incompatível";"Saída de leito carroçável";"Sem Vítimas";"Pleno dia";"Crescente";"Céu Claro";"Simples";"Reta";"Sim";1;0;0;0;0;1;0;1;-27,64443;-48,67057;"SPRF-SC";"DEL01-SC";"UOP02-DEL01-SC"
271371;2020-02-24;"segunda-feira";"05:45:00";"MG";381;488,7;"BETIM";"Falta de Atenção à Condução";"Atropelamento de Pedestre";"Com Vítimas Feridas";"Amanhecer";"Decrescente";"Nublado";"Múltipla";"Reta";"Sim";2;0;1;0;1;0;1;2;-19,95603444;-44,12918329;"SPRF-MG";"DEL01-MG";"UOP03-DEL01-MG"
271372;2020-02-24;"segunda-feira";"05:45:00";"SC";101;122;"ITAJAI";"Falta de Atenção à Condução";"Colisão lateral";"Sem Vítimas";"Amanhecer";"Crescente";"Nublado";"Dupla";"Reta";"Não";2;0;0;0;2;0;0;2;-26,92955916;-48,70499836;"SPRF-SC";"DEL04-SC";"UOP04-DEL04-SC"
271373;2020-02-24;"segunda-feira";"03:50:00";"RN";101;51;"CEARA-MIRIM";"Ingestão de Álcool";"Colisão com objeto estático";"Sem Vítimas";"Plena Noite";"Crescente";"Céu Claro";"Simples";"Reta";"Não";1;0;0;0;1;0;0;1;-5,53884002;-35,31632113;"SPRF-RN";"DEL02-RN";"UOP01-DEL02-RN"
271374;2020-02-23;"domingo";"20:00:00";"MA";316;163,9;"ARAGUANA";"Defeito na Via";"Colisão frontal";"Com Vítimas Fatais";"Plena Noite";"Crescente";"Céu Claro";"Simples";"Reta";"Não";5;1;3;1;0;0;4;2;-2,965401;-45,661572;"SPRF-MA";"DEL02-MA";"UOP02-DEL02-MA"
271375;2020-02-23;"domingo";"22:00:00";"RJ";101;417;"MANGARATIBA";"Falta de Atenção à Condução";"Colisão frontal";"Com Vítimas Feridas";"Plena Noite";"Crescente";"Chuva";"Simples";"Curva";"Não";3;0;1;0;2;0;1;2;-22,91293797;-43,89732384;"SPRF-RJ";"DEL03-RJ";"UOP01-DEL03-RJ"
271377;2020-02-24;"segunda-feira";"07:40:00";"SP";153;57;"SAO JOSE DO RIO PRETO";"Velocidade Incompatível";"Tombamento";"Com Vítimas Feridas";"Pleno dia";"Crescente";"Nublado";"Simples";"Em Obras";"Sim";1;0;1;0;0;0;1;1;-20,76991095;-49,34982212;"SPRF-SP";"DEL09-SP";"UOP01-DEL09-SP"
271379;2020-02-24;"segunda-feira";"06:30:00";"MT";364;140;"PEDRA PRETA";"Falta de Atenção à Condução";"Queda de ocupante de veículo";"Com Vítimas Feridas";"Pleno dia";"Crescente";"Nublado";"Simples";"Reta;Aclive";"Não";1;0;1;0;0;0;1;1;-16,797368;-54,120559;"SPRF-MT";"DEL02-MT";"UOP01-DEL02-MT"
271380;2020-02-24;"segunda-feira";"07:50:00";"SC";101;186;"BIGUACU";"Defeito Mecânico no Veículo";"Queda de ocupante de veículo";"Com Vítimas Feridas";"Pleno dia";"Decrescente";"Céu Claro";"Dupla";"Curva";"Sim";2;0;2;0;0;0;2;1;-27,4341098;-48,62567129;"SPRF-SC";"DEL01-SC";"UOP01-DEL01-SC"
271381;2020-02-24;"segunda-feira";"07:14:00";"RJ";101;332;"RIO DE JANEIRO";"Condutor Dormindo";"Saída de leito carroçável";"Com Vítimas Feridas";"Pleno dia";"Crescente";"Céu Claro";"Dupla";"Reta";"Não";1;0;0;1;0;0;1;1;-22,87133305;-43,20407695;"SPRF-RJ";"DEL02-RJ";"UOP01-DEL02-RJ"
271382;2020-02-01;"sábado";"14:20:00";"BA";330;801;"JEQUIE";"Falta de Atenção à Condução";"Colisão transversal";"Com Vítimas Feridas";"Pleno dia";"Crescente";"Céu Claro";"Simples";"Curva";"Não";2;0;0;1;1;0;1;2;-13,96706971;-39,95840376;"SPRF-BA";"DEL03-BA";"UOP01-DEL03-BA"
271383;2020-02-24;"segunda-feira";"08:00:00";"RJ";116;164;"RIO DE JANEIRO";"Falta de Atenção à Condução";"Tombamento";"Com Vítimas Feridas";"Pleno dia";"Crescente";"Céu Claro";"Múltipla";"Reta";"Sim";3;0;1;0;2;0;1;1;-22,81074068;-43,28844363;"SPRF-RJ";"DEL01-RJ";"UOP02-DEL01-RJ"
271385;2020-02-24;"segunda-feira";"08:30:00";"SC";101;211,3;"PALHOCA";"Defeito Mecânico no Veículo";"Colisão traseira";"Com Vítimas Feridas";"Pleno dia";"Crescente";"Sol";"Dupla";"Reta";"Sim";2;0;0;1;1;0;1;2;-27,62329313;-48,65245588;"SPRF-SC";"DEL01-SC";"UOP02-DEL01-SC"
271387;2020-02-24;"segunda-feira";"08:30:00";"RS";290;77,7;"GRAVATAI";"Condutor Dormindo";"Colisão traseira";"Com Vítimas Feridas";"Pleno dia";"Decrescente";"Sol";"Dupla";"Reta";"Não";2;0;1;1;0;0;2;2;-29,955027;-51,027363;"SPRF-RS";"DEL01-RS";"UOP01-DEL01-RS"
271388;2020-02-24;"segunda-feira";"06:10:00";"RR";174;487;"BOA VISTA";"Desobediência às normas de trânsito pelo condutor";"Saída de leito carroçável";"Com Vítimas Fatais";"Amanhecer";"Decrescente";"Céu Claro";"Simples";"Reta";"Não";3;1;0;1;0;1;1;2;2,725488;-60,798943;"SPRF-RR";"DEL01-RR";"UOP01-DEL01-RR"
271389;2020-02-24;"segunda-feira";"08:30:00";"RJ";101;269;"RIO BONITO";"Falta de Atenção à Condução";"Colisão com objeto estático";"Com Vítimas Feridas";"Pleno dia";"Decrescente";"Céu Claro";"Dupla";"Reta";"Sim";4;0;1;0;3;0;1;1;-22,71495082;-42,67804708;"SPRF-RJ";"DEL02-RJ";"UOP03-DEL02-RJ"
271391;2020-02-24;"segunda-feira";"09:15:00";"MG";40;467,6;"SETE LAGOAS";"Avarias e/ou desgaste excessivo no pneu";"Saída de leito carroçável";"Com Vítimas Feridas";"Pleno dia";"Crescente";"Chuva";"Dupla";"Reta";"Sim";2;0;1;0;1;0;1;1;-19,45038924;-44,3166822;"SPRF-MG";"DEL02-MG";"UOP01-DEL02-MG"
271392;2020-02-24;"segunda-feira";"09:15:00";"MG";381;559,7;"ITAGUARA";"Defeito Mecânico no Veículo";"Saída de leito carroçável";"Com Vítimas Feridas";"Pleno dia";"Crescente";"Nublado";"Dupla";"Curva";"Sim";2;0;1;0;1;0;1;1;-20,38230203;-44,48068397;"SPRF-MG";"DEL04-MG";"UOP03-DEL04-MG"
271394;2020-02-24;"segunda-feira";"08:05:00";"SC";282;519,9;"XAXIM";"Falta de Atenção à Condução";"Colisão traseira";"Sem Vítimas";"Pleno dia";"Crescente";"Céu Claro";"Simples";"Curva";"Não";2;0;0;0;2;0;0;2;-26,947527;-52,517536;"SPRF-SC";"DEL07-SC";"UOP01-DEL07-SC"
271396;2020-02-24;"segunda-feira";"09:40:00";"PE";101;78,3;"RECIFE";"Falta de Atenção do Pedestre";"Atropelamento de Pedestre";"Com Vítimas Feridas";"Pleno dia";"Crescente";"Céu Claro";"Dupla";"Reta";"Sim";3;0;0;1;1;1;1;2;-8,13496499;-34,94738614;"SPRF-PE";"DEL01-PE";"UOP01-DEL01-PE"
271397;2020-02-24;"segunda-feira";"06:00:00";"BA";367;41;"PORTO SEGURO";"Ingestão de Álcool";"Saída de leito carroçável";"Sem Vítimas";"Amanhecer";"Crescente";"Céu Claro";"Simples";"Curva";"Não";1;0;0;0;1;0;0;1;-16,38653795;-39,21917399;"SPRF-BA";"DEL09-BA";"UOP01-DEL09-BA"
271399;2020-02-24;"segunda-feira";"05:30:00";"CE";230;88,1;"VARZEA ALEGRE";"Falta de Atenção à Condução";"Colisão traseira";"Com Vítimas Feridas";"Amanhecer";"Crescente";"Chuva";"Simples";"Aclive";"Não";3;0;0;2;0;1;2;2;-6,81025575;-39,3590862;"SPRF-CE";"DEL05-CE";"UOP01-DEL05-CE"
271400;2020-02-24;"segunda-feira";"09:00:00";"GO";70;408,1;"MONTES CLAROS DE GOIAS";"Falta de Atenção à Condução";"Saída de leito carroçável";"Com Vítimas Feridas";"Pleno dia";"Crescente";"Chuva";"Simples";"Reta";"Não";2;0;2;0;0;0;2;1;-15,885021;-51,688849;"SPRF-GO";"DEL04-GO";"UOP01-DEL04-GO"
271401;2020-02-24;"segunda-feira";"05:30:00";"MG";381;410;"NOVA UNIAO";"Falta de Atenção à Condução";"Colisão frontal";"Com Vítimas Feridas";"Amanhecer";"Crescente";"Ignorado";"Simples";"Curva;Aclive";"Não";4;0;0;1;2;1;1;3;-19,72572734;-43,58721586;"SPRF-MG";"DEL01-MG";"UOP01-DEL01-MG"
271402;2020-02-24;"segunda-feira";"09:30:00";"SC";101;95,9;"BARRA VELHA";"Avarias e/ou desgaste excessivo no pneu";"Queda de ocupante de veículo";"Com Vítimas Feridas";"Pleno dia";"Crescente";"Nublado";"Dupla";"Reta;Aclive";"Não";1;0;1;0;0;0;1;1;-26,70876413;-48,70221065;"SPRF-SC";"DEL03-SC";"UOP02-DEL03-SC"
271403;2020-02-24;"segunda-feira";"07:50:00";"AC";364;150;"RIO BRANCO";"Defeito na Via";"Colisão lateral";"Com Vítimas Feridas";"Pleno dia";"Decrescente";"Céu Claro";"Simples";"Declive";"Não";2;0;1;0;1;0;1;2;-9,871933;-67,91003;"SPRF-AC";"DEL01-AC";"UOP01-DEL01-AC"
271404;2020-02-24;"segunda-feira";"09:45:00";"MG";262;562,5;"CORREGO DANTA";"Velocidade Incompatível";"Saída de leito carroçável";"Com Vítimas Feridas";"Pleno dia";"Crescente";"Garoa/Chuvisco";"Simples";"Curva";"Não";2;0;2;0;0;0;2;1;-19,74565007;-45,95350701;"SPRF-MG";"DEL08-MG";"UOP02-DEL08-MG"
271405;2020-02-24;"segunda-feira";"10:10:00";"PB";230;72,3;"SOBRADO";"Falta de Atenção à Condução";"Saída de leito carroçável";"Com Vítimas Feridas";"Pleno dia";"Decrescente";"Céu Claro";"Simples";"Reta";"Não";1;0;0;1;0;0;1;1;-7,1907;-35,2418;"SPRF-PB";"DEL01-PB";"UOP03-DEL01-PB"
271406;2020-02-24;"segunda-feira";"10:49:00";"PI";316;258;"IPIRANGA DO PIAUI";"Falta de Atenção à Condução";"Colisão transversal";"Com Vítimas Feridas";"Pleno dia";"Decrescente";"Céu Claro";"Simples";"Reta;Aclive";"Sim";3;0;2;0;1;0;2;2;-6,81059202;-41,73817943;"SPRF-PI";"DEL04-PI";"UOP02-DEL04-PI"
271407;2020-02-24;"segunda-feira";"11:00:00";"MG";381;528,3;"BRUMADINHO";"Falta de Atenção à Condução";"Tombamento";"Com Vítimas Feridas";"Pleno dia";"Crescente";"Nublado";"Dupla";"Curva";"Não";5;0;2;0;3;0;2;4;-20,16368096;-44,36025002;"SPRF-MG";"DEL04-MG";"UOP03-DEL04-MG"
271409;2020-02-24;"segunda-feira";"09:30:00";"MG";267;157,5;"LIMA DUARTE";"Defeito Mecânico no Veículo";"Incêndio";"Sem Vítimas";"Pleno dia";"Decrescente";"Nublado";"Simples";"Reta";"Não";1;0;0;0;1;0;0;1;-21,83885727;-43,77999692;"SPRF-MG";"DEL05-MG";"UOP01-DEL05-MG"
271410;2020-02-24;"segunda-feira";"11:15:00";"RS";290;86,4;"PORTO ALEGRE";"Defeito Mecânico no Veículo";"Tombamento";"Com Vítimas Feridas";"Pleno dia";"Decrescente";"Sol";"Dupla";"Reta";"Sim";2;0;2;0;0;0;2;1;-29,968412;-51,117138;"SPRF-RS";"DEL01-RS";"UOP01-DEL01-RS"
271411;2020-02-24;"segunda-feira";"12:15:00";"GO";60;18;"ALEXANIA";"Avarias e/ou desgaste excessivo no pneu";"Saída de leito carroçável";"Com Vítimas Feridas";"Pleno dia";"Decrescente";"Chuva";"Dupla";"Curva";"Não";3;0;2;0;1;0;2;1;-16,11452438;-48,38653933;"SPRF-DF";"DEL03-DF";"UOP01-DEL03-DF"
271412;2020-02-24;"segunda-feira";"12:00:00";"ES";101;284;"CARIACICA";"Defeito Mecânico no Veículo";"Tombamento";"Com Vítimas Feridas";"Pleno dia";"Decrescente";"Nublado";"Dupla";"Declive";"Sim";2;0;2;0;0;0;2;1;-20,24334991;-40,3696926;"SPRF-ES";"DEL01-ES";"UOP01-DEL01-ES"
271414;2020-02-24;"segunda-feira";"11:40:00";"MG";381;627,9;"OLIVEIRA";"Velocidade Incompatível";"Colisão com objeto estático";"Com Vítimas Feridas";"Pleno dia";"Decrescente";"Garoa/Chuvisco";"Dupla";"Curva";"Não";2;0;2;0;0;0;2;1;-20,82916917;-44,81714594;"SPRF-MG";"DEL04-MG";"UOP01-DEL04-MG"
271417;2020-02-24;"segunda-feira";"11:25:00";"PR";277;55,3;"SAO JOSE DOS PINHAIS";"Velocidade Incompatível";"Saída de leito carroçável";"Com Vítimas Fatais";"Pleno dia";"Crescente";"Nublado";"Dupla";"Reta";"Não";1;1;0;0;0;0;0;1;-25,58844984;-48,94524097;"SPRF-PR";"DEL01-PR";"UOP07-DEL01-PR"
271418;2020-02-24;"segunda-feira";"12:45:00";"ES";101;162;"LINHARES";"Ultrapassagem Indevida";"Colisão lateral";"Com Vítimas Feridas";"Pleno dia";"Crescente";"Nublado";"Simples";"Reta";"Não";1;0;1;0;0;0;1;1;-19,49015283;-40,12624024;"SPRF-ES";"DEL04-ES";"UOP01-DEL04-ES"
271420;2020-02-24;"segunda-feira";"12:43:00";"RO";364;711;"PORTO VELHO";"Não guardar distância de segurança";"Colisão traseira";"Sem Vítimas";"Pleno dia";"Decrescente";"Nublado";"Dupla";"Reta";"Sim";2;0;0;0;2;0;0;2;-8,78153947;-63,86531369;"SPRF-RO";"DEL01-RO";"UOP01-DEL01-RO"
271421;2020-02-24;"segunda-feira";"09:30:00";"MT";364;342;"SANTO ANTONIO DO LEVERGER";"Falta de Atenção à Condução";"Colisão traseira";"Com Vítimas Feridas";"Pleno dia";"Decrescente";"Nublado";"Múltipla";"Reta";"Não";2;0;2;0;0;0;2;1;-15,82665672;-55,5089038;"SPRF-MT";"DEL01-MT";"UOP02-DEL01-MT"
271423;2020-02-24;"segunda-feira";"13:10:00";"RS";386;67;"BOA VISTA DAS MISSOES";"Defeito Mecânico no Veículo";"Incêndio";"Sem Vítimas";"Pleno dia";"Crescente";"Nublado";"Simples";"Reta";"Não";1;0;0;0;1;0;0;1;-27,643206;-53,327473;"SPRF-RS";"DEL08-RS";"UOP02-DEL08-RS"
271424;2020-02-24;"segunda-feira";"13:00:00";"RN";101;108,9;"PARNAMIRIM";"Falta de Atenção à Condução";"Colisão traseira";"Com Vítimas Feridas";"Pleno dia";"Crescente";"Sol";"Dupla";"Reta";"Sim";2;0;1;0;1;0;1;2;-5,92825102;-35,26465683;"SPRF-RN";"DEL01-RN";"UOP01-DEL01-RN"
271428;2020-02-24;"segunda-feira";"12:20:00";"CE";304;52,6;"ARACATI";"Falta de Atenção à Condução";"Colisão traseira";"Sem Vítimas";"Pleno dia";"Crescente";"Céu Claro";"Simples";"Reta";"Não";2;0;0;0;2;0;0;2;-4,57080706;-37,74473041;"SPRF-CE";"DEL03-CE";"UOP03-DEL03-CE"
271429;2020-02-24;"segunda-feira";"13:00:00";"MS";163;264;"DOURADOS";"Falta de Atenção à Condução";"Colisão frontal";"Com Vítimas Feridas";"Pleno dia";"Decrescente";"Sol";"Dupla";"Reta";"Sim";2;0;0;1;1;0;1;2;-22,22742781;-54,7393301;"SPRF-MS";"DEL04-MS";"UOP01-DEL04-MS"
271430;2020-02-24;"segunda-feira";"13:15:00";"AL";104;18,8;"SAO JOSE DA LAJE";"Falta de Atenção à Condução";"Colisão lateral";"Com Vítimas Feridas";"Pleno dia";"Crescente";"Céu Claro";"Simples";"Curva";"Não";3;0;0;1;2;0;1;2;-9,04193899;-36,03775187;"SPRF-AL";"DEL01-AL";"UOP02-DEL01-AL"
271431;2020-02-24;"segunda-feira";"14:25:00";"SC";280;24;"ARAQUARI";"Ingestão de Álcool";"Colisão transversal";"Sem Vítimas";"Pleno dia";"Crescente";"Céu Claro";"Simples";"Reta";"Sim";2;0;0;0;2;0;0;2;-26,37724921;-48,71953282;"SPRF-SC";"DEL03-SC";"UOP03-DEL03-SC"
271432;2020-02-24;"segunda-feira";"13:50:00";"AL";101;78,7;"RIO LARGO";"Desobediência às normas de trânsito pelo condutor";"Colisão traseira";"Com Vítimas Feridas";"Pleno dia";"Crescente";"Céu Claro";"Dupla";"Curva";"Não";2;0;1;0;1;0;1;2;-9,4370554;-35,83677471;"SPRF-AL";"DEL01-AL";"UOP01-DEL01-AL"
271433;2020-02-24;"segunda-feira";"13:20:00";"RJ";116;265;"BARRA MANSA";"Pista Escorregadia";"Colisão com objeto estático";"Com Vítimas Feridas";"Pleno dia";"Crescente";"Chuva";"Dupla";"Curva";"Sim";3;0;2;1;0;0;3;1;-22,58784914;-44,08578403;"SPRF-RJ";"DEL07-RJ";"UOP02-DEL07-RJ"
271436;2020-02-24;"segunda-feira";"14:30:00";"SP";381;74,9;"SAO PAULO";"Velocidade Incompatível";"Saída de leito carroçável";"Com Vítimas Feridas";"Pleno dia";"Decrescente";"Garoa/Chuvisco";"Múltipla";"Curva";"Não";1;0;0;1;0;0;1;1;-23,37622038;-46,56321336;"SPRF-SP";"DEL03-SP";"UOP01-DEL03-SP"
271437;2020-02-23;"domingo";"18:50:00";"SC";280;231,9;"CANOINHAS";"Ingestão de Álcool";"Colisão traseira";"Com Vítimas Feridas";"Pleno dia";"Decrescente";"Céu Claro";"Simples";"Reta";"Sim";3;0;2;0;1;0;2;2;-26,1893047;-50,37170989;"SPRF-SC";"DEL06-SC";"UOP04-DEL06-SC"
271438;2020-02-24;"segunda-feira";"14:10:00";"RJ";101;544,9;"PARATY";"Não guardar distância de segurança";"Colisão traseira";"Com Vítimas Feridas";"Pleno dia";"Decrescente";"Céu Claro";"Simples";"Curva";"Não";2;0;1;0;1;0;1;2;-23,046268;-44,61729;"SPRF-RJ";"DEL03-RJ";"UOP02-DEL03-RJ"
271439;2020-02-24;"segunda-feira";"14:50:00";"SP";116;158,2;"JACAREI";"Falta de Atenção à Condução";"Colisão com objeto estático";"Com Vítimas Feridas";"Pleno dia";"Crescente";"Nublado";"Simples";"Reta";"Sim";2;0;1;0;0;1;1;2;-23,26585409;-45,95983994;"SPRF-SP";"DEL02-SP";"UOP01-DEL02-SP"
271440;2020-02-24;"segunda-feira";"15:20:00";"PE";101;41,3;"IGARASSU";"Não guardar distância de segurança";"Queda de ocupante de veículo";"Com Vítimas Feridas";"Pleno dia";"Decrescente";"Céu Claro";"Dupla";"Curva";"Sim";2;0;1;0;0;1;1;2;-7,83038346;-34,91426785;"SPRF-PE";"DEL01-PE";"UOP02-DEL01-PE"
271441;2020-02-24;"segunda-feira";"14:30:00";"BA";116;326,2;"ARACI";"Falta de Atenção à Condução";"Colisão transversal";"Com Vítimas Feridas";"Pleno dia";"Crescente";"Céu Claro";"Simples";"Interseção de Vias";"Não";2;0;0;1;1;0;1;2;-11,38288996;-38,96583229;"SPRF-BA";"DEL02-BA";"UOP01-DEL02-BA"
271442;2020-02-24;"segunda-feira";"15:10:00";"MG";381;600,4;"CARMOPOLIS DE MINAS";"Falta de Atenção à Condução";"Saída de leito carroçável";"Com Vítimas Feridas";"Pleno dia";"Crescente";"Nublado";"Dupla";"Aclive;Reta";"Não";1;0;1;0;0;0;1;1;-20,60547118;-44,72362518;"SPRF-MG";"DEL04-MG";"UOP01-DEL04-MG"
271443;2020-02-24;"segunda-feira";"15:40:00";"SP";116;274,2;"TABOAO DA SERRA";"Falta de Atenção à Condução";"Colisão lateral";"Com Vítimas Feridas";"Pleno dia";"Crescente";"Céu Claro";"Dupla";"Reta";"Não";3;0;1;0;2;0;1;2;-23,63445084;-46,82418514;"SPRF-SP";"DEL04-SP";"UOP01-DEL04-SP"
271444;2020-02-24;"segunda-feira";"15:00:00";"PB";101;91;"JOAO PESSOA";"Falta de Atenção à Condução";"Colisão traseira";"Com Vítimas Feridas";"Pleno dia";"Crescente";"Céu Claro";"Dupla";"Reta";"Sim";1;0;1;0;0;0;1;1;-7,18826412;-34,90308264;"SPRF-PB";"DEL01-PB";"UOP01-DEL01-PB"
271445;2020-02-24;"segunda-feira";"15:50:00";"SP";101;10;"UBATUBA";"Desobediência às normas de trânsito pelo condutor";"Colisão com objeto estático";"Com Vítimas Feridas";"Pleno dia";"Decrescente";"Céu Claro";"Simples";"Reta";"Não";3;0;0;1;2;0;1;2;-23,35322909;-44,8516202;"SPRF-SP";"DEL06-SP";"UOP01-DEL06-SP"