"id";"data_inversa";"dia_semana";"horario";"uf";"br";"km";"municipio";"causa_acidente";"tipo_acidente";"classificacao_acidente";"fase_dia";"sentido_via";"condicao_metereologica";"tipo_pista";"tracado_via";"uso_solo";"pessoas";"mortos";"feridos_leves";"feridos_graves";"ilesos";"ignorados";"feridos";"veiculos";"latitude";"longitude";"regional";"delegacia";"uop"
272018;2020-02-27;"quinta-feira";"12:45:00";"PR";476;118;"COLOMBO";"Falta de Atenção à Condução";"Colisão transversal";"Com Vítimas Feridas";"Pleno dia";"Decrescente";"Céu Claro";"Dupla";"Reta";"Sim";2;0;1;0;1;0;1;2;-25,35634;-49,180828;"SPRF-PR";"DEL01-PR";"UOP07-DEL01-PR"
272020;2020-02-27;"quinta-feira";"13:00:00";"CE";116;326,3;"JAGUARIBE";"Pista Escorregadia";"Saída de leito carroçável";"Com Vítimas Feridas";"Pleno dia";"Decrescente";"Chuva";"Simples";"Curva";"Não";5;0;1;0;4;0;1;1;-6,04111701;-38,64591008;"SPRF-CE";"DEL05-CE";"UOP02-DEL05-CE"
272022;2020-02-14;"sexta-feira";"14:25:00";"RS";470;217;"BENTO GONCALVES";"Falta de Atenção à Condução";"Colisão transversal";"Com Vítimas Feridas";"Pleno dia";"Crescente";"Céu Claro";"Dupla";"Rotatória";"Sim";2;0;1;0;1;0;1;2;-29,16462512;-51,52551964;"SPRF-RS";"DEL06-RS";"UOP01-DEL06-RS"
272024;2020-02-27;"quinta-feira";"12:15:00";"RS";293;93,3;"PINHEIRO MACHADO";"Falta de Atenção à Condução";"Colisão traseira";"Com Vítimas Feridas";"Pleno dia";"Decrescente";"Céu Claro";"Simples";"Declive";"Não";4;0;2;0;2;0;2;2;-31,62070998;-53,241468;"SPRF-RS";"DEL11-RS";"UOP03-DEL11-RS"
272027;2020-02-27;"quinta-feira";"12:30:00";"PB";230;166,8;"CAMPINA GRANDE";"Ingestão de Álcool";"Atropelamento de Pedestre";"Com Vítimas Fatais";"Pleno dia";"Crescente";"Céu Claro";"Simples";"Curva";"Sim";2;1;0;0;0;1;0;2;-7,1557669;-36,0908256;"SPRF-PB";"DEL02-PB";"UOP02-DEL02-PB"
272028;2020-02-27;"quinta-feira";"13:10:00";"MT";163;1031;"PEIXOTO DE AZEVEDO";"Pista Escorregadia";"Colisão traseira";"Com Vítimas Feridas";"Pleno dia";"Crescente";"Chuva";"Simples";"Reta";"Sim";2;0;1;0;1;0;1;2;-10,23587024;-54,98210907;"SPRF-MT";"DEL06-MT";"NPF/DEL06-MT"
272029;2020-02-27;"quinta-feira";"10:00:00";"MG";153;0;"ARAPORA";"Mal Súbito";"Colisão lateral";"Com Vítimas Feridas";"Pleno dia";"Decrescente";"Nublado";"Simples";"Ponte";"Não";1;0;1;0;0;0;1;1;-18,41758;-49,194427;"SPRF-MG";"DEL15-MG";"UOP03-DEL15-MG"
272030;2020-02-26;"quarta-feira";"05:30:00";"MG";116;330;"CAMPANARIO";"Ultrapassagem Indevida";"Colisão lateral";"Com Vítimas Feridas";"Amanhecer";"Decrescente";"Nublado";"Simples";"Reta";"Não";1;0;1;0;0;0;1;1;-18,23813927;-41,72898363;"SPRF-MG";"DEL11-MG";"UOP01-DEL11-MG"
272031;2020-02-27;"quinta-feira";"15:25:00";"PE";101;67;"RECIFE";"Falta de Atenção à Condução";"Colisão traseira";"Com Vítimas Feridas";"Pleno dia";"Crescente";"Céu Claro";"Múltipla";"Reta";"Sim";2;0;2;0;0;0;2;2;-8,042334;-34,943096;"SPRF-PE";"DEL01-PE";"UOP01-DEL01-PE"
272032;2020-02-27;"quinta-feira";"15:30:00";"SP";116;271;"TABOAO DA SERRA";"Não guardar distância de segurança";"Tombamento";"Com Vítimas Feridas";"Pleno dia";"Crescente";"Nublado";"Dupla";"Reta";"Sim";1;0;0;1;0;0;1;1;-23,60729519;-46,76461643;"SPRF-SP";"DEL04-SP";"UOP01-DEL04-SP"
272033;2020-02-27;"quinta-feira";"12:45:00";"RO";364;706;"PORTO VELHO";"Avarias e/ou desgaste excessivo no pneu";"Colisão com objeto estático";"Com Vítimas Feridas";"Pleno dia";"Crescente";"Garoa/Chuvisco";"Dupla";"Curva";"Não";1;0;1;0;0;0;1;1;-8,80091;-63,82728;"SPRF-RO";"DEL01-RO";"UOP01-DEL01-RO"
272036;2020-02-27;"quinta-feira";"15:55:00";"RJ";101;563,7;"PARATY";"Velocidade Incompatível";"Tombamento";"Com Vítimas Fatais";"Pleno dia";"Crescente";"Chuva";"Dupla";"Curva";"Não";1;1;0;0;0;0;0;1;-23,13832272;-44,6996516;"SPRF-RJ";"DEL03-RJ";"UOP04-DEL03-RJ"
272037;2020-02-27;"quinta-feira";"11:00:00";"RS";116;388;"CAMAQUA";"Condutor Dormindo";"Saída de leito carroçável";"Com Vítimas Feridas";"Pleno dia";"Decrescente";"Céu Claro";"Dupla";"Curva";"Não";5;0;0;5;0;0;5;1;-30,81865339;-51,7043978;"SPRF-RS";"DEL02-RS";"UOP03-DEL02-RS"
272038;2020-02-27;"quinta-feira";"16:25:00";"SC";470;128;"LONTRAS";"Falta de Atenção à Condução";"Colisão transversal";"Com Vítimas Feridas";"Pleno dia";"Decrescente";"Sol";"Dupla";"Curva";"Sim";2;0;0;1;1;0;1;2;-27,143742;-49,548897;"SPRF-SC";"DEL04-SC";"UOP02-DEL04-SC"
272039;2020-02-27;"quinta-feira";"15:00:00";"MG";40;509,1;"RIBEIRAO DAS NEVES";"Falta de Atenção do Pedestre";"Atropelamento de Pedestre";"Com Vítimas Feridas";"Pleno dia";"Crescente";"Nublado";"Dupla";"Reta";"Sim";3;0;2;0;0;1;2;2;-19,76728744;-44,12855905;"SPRF-MG";"DEL01-MG";"UOP02-DEL01-MG"
272041;2020-02-27;"quinta-feira";"16:00:00";"SP";459;12,9;"PIQUETE";"Velocidade Incompatível";"Saída de leito carroçável";"Com Vítimas Feridas";"Pleno dia";"Decrescente";"Chuva";"Simples";"Reta";"Não";3;0;2;1;0;0;3;1;-22,597866;-45,183331;"SPRF-SP";"DEL08-SP";"UOP03-DEL08-SP"
272043;2020-02-27;"quinta-feira";"15:40:00";"MG";365;637,9;"UBERLANDIA";"Falta de Atenção à Condução";"Saída de leito carroçável";"Com Vítimas Feridas";"Pleno dia";"Decrescente";"Nublado";"Dupla";"Rotatória";"Não";2;0;1;0;1;0;1;1;-18,889801;-48,43735;"SPRF-MG";"DEL15-MG";"UOP01-DEL15-MG"
272044;2020-02-27;"quinta-feira";"16:20:00";"RJ";116;134,8;"MAGE";"Falta de Atenção à Condução";"Colisão transversal";"Com Vítimas Feridas";"Pleno dia";"Decrescente";"Chuva";"Dupla";"Reta";"Sim";2;0;1;0;1;0;1;2;-22,64652174;-43,20308089;"SPRF-RJ";"DEL04-RJ";"UOP02-DEL04-RJ"
272045;2020-02-27;"quinta-feira";"17:15:00";"SP";116;220;"GUARULHOS";"Não guardar distância de segurança";"Colisão traseira";"Com Vítimas Feridas";"Anoitecer";"Crescente";"Garoa/Chuvisco";"Múltipla";"Reta";"Sim";2;0;1;0;1;0;1;2;-23,46472809;-46,49793962;"SPRF-SP";"DEL01-SP";"UOP01-DEL01-SP"
272046;2020-02-27;"quinta-feira";"14:25:00";"ES";101;429,7;"ATILIO VIVACQUA";"Velocidade Incompatível";"Colisão lateral";"Sem Vítimas";"Pleno dia";"Crescente";"Garoa/Chuvisco";"Simples";"Curva";"Não";5;0;0;0;5;0;0;2;-21,0256572;-41,15890984;"SPRF-ES";"DEL03-ES";"UOP02-DEL03-ES"
272051;2020-02-27;"quinta-feira";"17:10:00";"GO";70;7;"AGUAS LINDAS DE GOIAS";"Falta de Atenção à Condução";"Saída de leito carroçável";"Com Vítimas Feridas";"Pleno dia";"Crescente";"Céu Claro";"Dupla";"Reta";"Sim";2;0;2;0;0;0;2;1;-15,74375533;-48,26779708;"SPRF-DF";"DEL03-DF";"UOP02-DEL03-DF"
272052;2020-02-27;"quinta-feira";"17:45:00";"PR";376;183,9;"SARANDI";"Falta de Atenção do Pedestre";"Atropelamento de Pedestre";"Com Vítimas Feridas";"Anoitecer";"Crescente";"Céu Claro";"Dupla";"Declive";"Não";3;0;1;0;2;0;1;2;-23,44159097;-51,87067398;"SPRF-PR";"DEL09-PR";"UOP01-DEL09-PR"
272054;2020-02-27;"quinta-feira";"16:30:00";"RJ";101;442,5;"MANGARATIBA";"Pista Escorregadia";"Colisão lateral";"Sem Vítimas";"Pleno dia";"Crescente";"Chuva";"Simples";"Curva;Aclive";"Não";5;0;0;0;5;0;0;2;-22,973969;-44,087093;"SPRF-RJ";"DEL03-RJ";"UOP01-DEL03-RJ"
272056;2020-02-27;"quinta-feira";"12:25:00";"MA";316;78;"MARANHAOZINHO";"Condutor Dormindo";"Colisão frontal";"Com Vítimas Fatais";"Pleno dia";"Crescente";"Céu Claro";"Simples";"Reta";"Não";6;1;2;2;1;0;4;2;-2,225688;-45,861195;"SPRF-MA";"DEL02-MA";"UOP02-DEL02-MA"
272057;2020-02-27;"quinta-feira";"17:25:00";"SC";470;125;"LONTRAS";"Falta de Atenção à Condução";"Colisão lateral";"Com Vítimas Feridas";"Pleno dia";"Decrescente";"Céu Claro";"Simples";"Aclive;Reta";"Não";2;0;1;0;1;0;1;2;-27,120506;-49,534946;"SPRF-SC";"DEL04-SC";"UOP02-DEL04-SC"
272059;2020-02-27;"quinta-feira";"14:30:00";"RS";386;34;"FREDERICO WESTPHALEN";"Desobediência às normas de trânsito pelo condutor";"Colisão transversal";"Com Vítimas Feridas";"Pleno dia";"Decrescente";"Céu Claro";"Simples";"Rotatória";"Sim";6;0;5;0;1;0;5;2;-27,358442;-53,388298;"SPRF-RS";"DEL08-RS";"UOP02-DEL08-RS"
272060;2020-02-27;"quinta-feira";"13:00:00";"MG";116;415,3;"GOVERNADOR VALADARES";"Desobediência às normas de trânsito pelo condutor";"Tombamento";"Com Vítimas Feridas";"Pleno dia";"Crescente";"Nublado";"Simples";"Interseção de Vias";"Sim";1;0;1;0;0;0;1;1;-18,88401297;-41,94924399;"SPRF-MG";"DEL06-MG";"UOP01-DEL06-MG"
272061;2020-02-27;"quinta-feira";"17:50:00";"PR";277;663,2;"MATELANDIA";"Falta de Atenção à Condução";"Colisão traseira";"Com Vítimas Feridas";"Pleno dia";"Decrescente";"Céu Claro";"Dupla";"Retorno Regulamentado";"Não";4;0;2;0;2;0;2;2;-25,25155419;-54,01878197;"SPRF-PR";"DEL05-PR";"UOP02-DEL05-PR"
272062;2020-02-27;"quinta-feira";"18:15:00";"MG";40;461,1;"SETE LAGOAS";"Defeito Mecânico no Veículo";"Tombamento";"Com Vítimas Feridas";"Anoitecer";"Crescente";"Nublado";"Dupla";"Curva";"Não";2;0;2;0;0;0;2;1;-19,4065509;-44,33367766;"SPRF-MG";"DEL02-MG";"UOP01-DEL02-MG"
272063;2020-02-27;"quinta-feira";"18:20:00";"RS";116;269,8;"CANOAS";"Não guardar distância de segurança";"Colisão traseira";"Com Vítimas Feridas";"Pleno dia";"Decrescente";"Céu Claro";"Múltipla";"Reta";"Sim";3;0;1;0;2;0;1;2;-29,95964385;-51,17617249;"SPRF-RS";"DEL01-RS";"UOP01-DEL01-RS"
272065;2020-02-27;"quinta-feira";"18:20:00";"PR";116;114,8;"CURITIBA";"Falta de Atenção à Condução";"Colisão traseira";"Com Vítimas Feridas";"Pleno dia";"Decrescente";"Nublado";"Dupla";"Reta";"Sim";2;0;1;0;1;0;1;2;-25,54511319;-49,29938793;"SPRF-PR";"DEL01-PR";"UOP06-DEL01-PR"
272067;2020-02-27;"quinta-feira";"17:10:00";"RO";364;227,5;"CACOAL";"Desobediência às normas de trânsito pelo condutor";"Colisão transversal";"Com Vítimas Feridas";"Pleno dia";"Crescente";"Céu Claro";"Simples";"Aclive";"Não";2;0;1;0;1;0;1;2;-11,493521;-61,377072;"SPRF-RO";"DEL02-RO";"UOP02-DEL02-RO"
272068;2020-02-27;"quinta-feira";"16:28:00";"RJ";101;309;"SAO GONCALO";"Defeito Mecânico no Veículo";"Colisão lateral";"Com Vítimas Feridas";"Pleno dia";"Decrescente";"Nublado";"Dupla";"Reta";"Sim";2;0;1;0;1;0;1;2;-22,79498873;-43,03446105;"SPRF-RJ";"DEL02-RJ";"UOP01-DEL02-RJ"
272071;2020-02-27;"quinta-feira";"19:05:00";"PR";369;186;"ARAPONGAS";"Desobediência às normas de trânsito pelo condutor";"Colisão transversal";"Com Vítimas Feridas";"Plena Noite";"Decrescente";"Céu Claro";"Simples";"Interseção de Vias";"Sim";3;0;2;0;1;0;2;2;-23,41546594;-51,42706633;"SPRF-PR";"DEL07-PR";"UOP03-DEL07-PR"
272072;2020-02-26;"quarta-feira";"10:25:00";"PA";316;65;"CASTANHAL";"Falta de Atenção à Condução";"Colisão lateral";"Com Vítimas Feridas";"Pleno dia";"Decrescente";"Nublado";"Dupla";"Reta";"Sim";2;0;1;0;1;0;1;2;-1,29580361;-47,91084002;"SPRF-PA";"DEL01-PA";"UOP01-DEL01-PA"
272073;2020-02-27;"quinta-feira";"16:40:00";"SC";280;89;"CORUPA";"Condutor Dormindo";"Saída de leito carroçável";"Com Vítimas Feridas";"Pleno dia";"Decrescente";"Céu Claro";"Simples";"Curva";"Não";2;0;1;0;1;0;1;1;-26,41222834;-49,27628914;"SPRF-SC";"DEL06-SC";"UOP03-DEL06-SC"
272074;2020-02-27;"quinta-feira";"17:30:00";"SC";101;415;"ARARANGUA";"Desobediência às normas de trânsito pelo condutor";"Colisão transversal";"Com Vítimas Feridas";"Pleno dia";"Decrescente";"Céu Claro";"Simples";"Reta";"Sim";3;0;0;1;1;1;1;3;-28,96040535;-49,51653267;"SPRF-SC";"DEL02-SC";"UOP02-DEL02-SC"
272075;2020-02-27;"quinta-feira";"17:30:00";"MT";364;400;"CUIABA";"Falta de Atenção à Condução";"Colisão transversal";"Com Vítimas Feridas";"Anoitecer";"Crescente";"Céu Claro";"Dupla";"Reta";"Sim";2;0;1;0;1;0;1;2;-15,67565189;-55,93822495;"SPRF-MT";"DEL01-MT";"UOP02-DEL01-MT"
272078;2020-02-27;"quinta-feira";"20:10:00";"RS";153;45,1;"ERECHIM";"Desobediência às normas de trânsito pelo condutor";"Colisão frontal";"Com Vítimas Feridas";"Plena Noite";"Decrescente";"Céu Claro";"Simples";"Interseção de Vias;Curva";"Sim";2;0;1;0;0;1;1;2;-27,63334349;-52,2364819;"SPRF-RS";"DEL08-RS";"UOP04-DEL08-RS"
272080;2020-02-27;"quinta-feira";"20:00:00";"SP";116;192,5;"SANTA ISABEL";"Animais na Pista";"Atropelamento de Animal";"Sem Vítimas";"Plena Noite";"Crescente";"Céu Claro";"Dupla";"Reta";"Não";2;0;0;0;2;0;0;1;-23,376923;-46,249733;"SPRF-SP";"DEL02-SP";"UOP01-DEL02-SP"
272081;2020-02-23;"domingo";"17:00:00";"RS";293;28,8;"CAPAO DO LEAO";"Falta de Atenção à Condução";"Colisão transversal";"Com Vítimas Feridas";"Pleno dia";"Decrescente";"Céu Claro";"Simples";"Reta";"Não";4;0;1;2;1;0;3;2;-31,72809839;-52,60286495;"SPRF-RS";"DEL07-RS";"UOP01-DEL07-RS"
272082;2020-02-23;"domingo";"11:10:00";"RS";392;24;"RIO GRANDE";"Defeito Mecânico no Veículo";"Tombamento";"Com Vítimas Feridas";"Pleno dia";"Decrescente";"Céu Claro";"Dupla";"Reta";"Sim";2;0;1;1;0;0;2;1;-32,08572421;-52,2380125;"SPRF-RS";"DEL07-RS";"UOP02-DEL07-RS"
272083;2020-02-27;"quinta-feira";"13:45:00";"SC";280;8;"SAO FRANCISCO DO SUL";"Falta de Atenção à Condução";"Colisão transversal";"Com Vítimas Feridas";"Pleno dia";"Crescente";"Sol";"Simples";"Reta";"Sim";2;0;1;0;1;0;1;2;-26,27588341;-48,64455342;"SPRF-SC";"DEL03-SC";"UOP03-DEL03-SC"
272084;2020-02-27;"quinta-feira";"20:25:00";"MG";116;277,9;"TEOFILO OTONI";"Falta de Atenção à Condução";"Colisão transversal";"Com Vítimas Feridas";"Plena Noite";"Crescente";"Garoa/Chuvisco";"Simples";"Reta";"Sim";3;0;1;0;1;1;1;3;-17,859945;-41,515144;"SPRF-MG";"DEL11-MG";"UOP01-DEL11-MG"
272085;2020-02-27;"quinta-feira";"18:40:00";"MT";364;204;"RONDONOPOLIS";"Pista Escorregadia";"Tombamento";"Com Vítimas Feridas";"Plena Noite";"Decrescente";"Céu Claro";"Dupla";"Retorno Regulamentado";"Sim";1;0;1;0;0;0;1;1;-16,467325;-54,657196;"SPRF-MT";"DEL02-MT";"UOP01-DEL02-MT"
272087;2020-02-27;"quinta-feira";"20:47:00";"RS";386;347,4;"LAJEADO";"Falta de Atenção do Pedestre";"Atropelamento de Pedestre";"Com Vítimas Feridas";"Plena Noite";"Decrescente";"Céu Claro";"Dupla";"Reta";"Não";2;0;0;1;1;0;1;2;-29,45388528;-51,96130604;"SPRF-RS";"DEL04-RS";"UOP01-DEL04-RS"
272089;2020-02-27;"quinta-feira";"19:50:00";"RO";435;123,9;"CEREJEIRAS";"Velocidade Incompatível";"Colisão transversal";"Com Vítimas Feridas";"Plena Noite";"Decrescente";"Nublado";"Dupla";"Interseção de Vias";"Sim";2;0;0;1;1;0;1;2;-13,18899601;-60,81628919;"SPRF-RO";"DEL04-RO";"UOP02-DEL04-RO"
272091;2020-02-27;"quinta-feira";"21:05:00";"PR";369;199,9;"APUCARANA";"Desobediência às normas de trânsito pelo condutor";"Queda de ocupante de veículo";"Com Vítimas Feridas";"Plena Noite";"Crescente";"Céu Claro";"Simples";"Reta";"Sim";1;0;1;0;0;0;1;1;-23,5297807;-51,45117095;"SPRF-PR";"DEL07-PR";"UOP03-DEL07-PR"
272092;2020-02-27;"quinta-feira";"20:00:00";"PI";343;589,7;"FLORIANO";"Desobediência às normas de trânsito pelo condutor";"Colisão transversal";"Com Vítimas Feridas";"Plena Noite";"Crescente";"Céu Claro";"Dupla";"Retorno Regulamentado";"Sim";2;0;1;0;1;0;1;2;-6,776695;-43,009346;"SPRF-PI";"DEL03-PI";"UOP01-DEL03-PI"
272093;2020-02-27;"quinta-feira";"20:20:00";"DF";40;2;"BRASILIA";"Desobediência às normas de trânsito pelo condutor";"Colisão lateral";"Com Vítimas Feridas";"Plena Noite";"Crescente";"Nublado";"Dupla";"Reta";"Sim";2;0;1;0;1;0;1;2;-15,99435;-47,985947;"SPRF-DF";"DEL01-DF";"UOP01-DEL01-DF"
272094;2020-02-27;"quinta-feira";"19:00:00";"PB";230;350;"PATOS";"Ingestão de Álcool";"Colisão traseira";"Sem Vítimas";"Plena Noite";"Crescente";"Céu Claro";"Simples";"Reta";"Não";2;0;0;0;2;0;0;2;-6,9504;-37,3885;"SPRF-PB";"DEL03-PB";"UOP01-DEL03-PB"
272095;2020-02-27;"quinta-feira";"18:30:00";"BA";101;930;"MUCURI";"Falta de Atenção à Condução";"Colisão transversal";"Sem Vítimas";"Plena Noite";"Decrescente";"Nublado";"Simples";"Reta";"Não";2;0;0;0;1;1;0;2;-18,16080992;-39,91364314;"SPRF-BA";"DEL09-BA";"UOP02-DEL09-BA"
272096;2020-02-27;"quinta-feira";"22:00:00";"MG";40;509,1;"RIBEIRAO DAS NEVES";"Mal Súbito";"Colisão lateral";"Com Vítimas Feridas";"Plena Noite";"Decrescente";"Chuva";"Dupla";"Retorno Regulamentado";"Sim";4;0;2;2;0;0;4;2;-19,76792524;-44,12852883;"SPRF-MG";"DEL01-MG";"UOP02-DEL01-MG"
272097;2020-02-27;"quinta-feira";"21:45:00";"SC";101;228,9;"PALHOCA";"Velocidade Incompatível";"Colisão traseira";"Com Vítimas Feridas";"Plena Noite";"Crescente";"Céu Claro";"Dupla";"Curva";"Sim";2;0;0;1;0;1;1;2;-27,84293889;-48,63471922;"SPRF-SC";"DEL01-SC";"UOP02-DEL01-SC"
272099;2020-02-27;"quinta-feira";"22:30:00";"SC";282;3;"FLORIANOPOLIS";"Desobediência às normas de trânsito pelo condutor";"Saída de leito carroçável";"Sem Vítimas";"Plena Noite";"Crescente";"Céu Claro";"Simples";"Curva";"Sim";1;0;0;0;0;1;0;1;-27,600384;-48,599705;"SPRF-SC";"DEL01-SC";"UOP01-DEL01-SC"
272101;2020-02-27;"quinta-feira";"21:30:00";"MT";163;1035;"MATUPA";"Defeito Mecânico no Veículo";"Incêndio";"Sem Vítimas";"Plena Noite";"Crescente";"Céu Claro";"Simples";"Reta";"Não";1;0;0;0;0;1;0;1;-10,206826;-54,960831;"SPRF-MT";"DEL06-MT";"NPF/DEL06-MT"
272102;2020-02-27;"quinta-feira";"23:00:00";"MG";381;480;"CONTAGEM";"Defeito Mecânico no Veículo";"Queda de ocupante de veículo";"Com Vítimas Feridas";"Plena Noite";"Crescente";"Nublado";"Múltipla";"Reta";"Sim";2;0;2;0;0;0;2;1;-19,96298782;-44,04136208;"SPRF-MG";"DEL01-MG";"UOP03-DEL01-MG"
272103;2020-02-27;"quinta-feira";"23:00:00";"RJ";116;175,4;"SAO JOAO DE MERITI";"Falta de Atenção à Condução";"Colisão traseira";"Com Vítimas Feridas";"Plena Noite";"Crescente";"Chuva";"Múltipla";"Reta";"Sim";3;0;1;0;2;0;1;2;-22,75900432;-43,43058242;"SPRF-RJ";"DEL01-RJ";"UOP02-DEL01-RJ"
272104;2020-02-27;"quinta-feira";"22:30:00";"GO";153;182,1;"CAMPINORTE";"Ultrapassagem Indevida";"Colisão frontal";"Com Vítimas Feridas";"Plena Noite";"Crescente";"Ignorado";"Simples";"Reta";"Não";5;0;0;1;3;1;1;3;-14,365449;-49,15833;"SPRF-GO";"DEL07-GO";"UOP01-DEL07-GO"
272105;2020-02-27;"quinta-feira";"09:40:00";"RO";319;64,5;"PORTO VELHO";"Defeito na Via";"Tombamento";"Com Vítimas Feridas";"Plena Noite";"Decrescente";"Nublado";"Dupla";"Interseção de Vias;Declive;Viaduto";"Sim";1;0;1;0;0;0;1;1;-8,77048804;-63,8833952;"SPRF-RO";"DEL01-RO";"UOP01-DEL01-RO"
272107;2020-02-28;"sexta-feira";"01:50:00";"PR";376;210,8;"MANDAGUARI";"Velocidade Incompatível";"Saída de leito carroçável";"Sem Vítimas";"Plena Noite";"Decrescente";"Céu Claro";"Dupla";"Curva";"Não";2;0;0;0;2;0;0;1;-23,561134;-51,66161;"SPRF-PR";"DEL09-PR";"UOP01-DEL09-PR"
272108;2020-02-28;"sexta-feira";"02:30:00";"ES";101;305,7;"VIANA";"Velocidade Incompatível";"Tombamento";"Com Vítimas Feridas";"Plena Noite";"Crescente";"Chuva";"Dupla";"Reta";"Sim";2;0;1;1;0;0;2;1;-20,38392;-40,461254;"SPRF-ES";"DEL03-ES";"UOP01-DEL03-ES"
272113;2020-02-28;"sexta-feira";"05:20:00";"RS";101;76,5;"OSORIO";"Animais na Pista";"Atropelamento de Animal";"Com Vítimas Feridas";"Amanhecer";"Decrescente";"Céu Claro";"Dupla";"Reta";"Não";3;0;1;0;2;0;1;2;-29,79575708;-50,23116587;"SPRF-RS";"DEL03-RS";"UOP01-DEL03-RS"
272115;2020-02-28;"sexta-feira";"05:45:00";"GO";60;100,6;"ANAPOLIS";"Desobediência às normas de trânsito pelo condutor";"Colisão traseira";"Com Vítimas Feridas";"Amanhecer";"Decrescente";"Nublado";"Dupla";"Reta";"Sim";2;0;1;0;1;0;1;2;-16,3979;-48,9664;"SPRF-GO";"DEL02-GO";"UOP01-DEL02-GO"
272117;2020-02-28;"sexta-feira";"05:30:00";"BA";116;355;"SERRINHA";"Pista Escorregadia";"Saída de leito carroçável";"Com Vítimas Fatais";"Amanhecer";"Decrescente";"Céu Claro";"Simples";"Reta";"Não";2;1;0;0;0;1;0;2;-11,63567382;-38,9817424;"SPRF-BA";"DEL02-BA";"UOP01-DEL02-BA"
272118;2020-02-11;"terça-feira";"19:00:00";"SP";116;70,4;"APARECIDA";"Falta de Atenção à Condução";"Colisão com objeto estático";"Com Vítimas Feridas";"Plena Noite";"Crescente";"Nublado";"Dupla";"Reta";"Sim";4;0;4;0;0;0;4;3;-22,84852898;-45,22705084;"SPRF-SP";"DEL08-SP";"UOP01-DEL08-SP"
272119;2020-02-28;"sexta-feira";"06:45:00";"RJ";40;77,9;"PETROPOLIS";"Velocidade Incompatível";"Saída de leito carroçável";"Com Vítimas Feridas";"Pleno dia";"Crescente";"Chuva";"Simples";"Declive;Curva";"Não";1;0;1;0;0;0;1;1;-22,48496128;-43,22914124;"SPRF-RJ";"DEL06-RJ";"UOP01-DEL06-RJ"
272121;2020-02-28;"sexta-feira";"07:00:00";"PB";230;27;"JOAO PESSOA";"Defeito Mecânico no Veículo";"Incêndio";"Sem Vítimas";"Pleno dia";"Decrescente";"Céu Claro";"Dupla";"Curva";"Sim";1;0;0;0;1;0;0;1;-7,1677;-34,8855;"SPRF-PB";"DEL01-PB";"UOP01-DEL01-PB"
272122;2020-02-28;"sexta-feira";"07:00:00";"GO";153;501;"GOIANIA";"Falta de Atenção à Condução";"Queda de ocupante de veículo";"Com Vítimas Feridas";"Pleno dia";"Decrescente";"Nublado";"Dupla";"Reta";"Sim";1;0;0;1;0;0;1;1;-16,7189;-49,2382;"SPRF-GO";"DEL01-GO";"UOP01-DEL01-GO"
272123;2020-02-24;"segunda-feira";"06:30:00";"SC";282;258;"SAO JOSE DO CERRITO";"Velocidade Incompatível";"Colisão com objeto estático";"Sem Vítimas";"Amanhecer";"Decrescente";"Céu Claro";"Simples";"Curva";"Não";1;0;0;0;0;1;0;1;-27,6587784;-50,5934029;"SPRF-SC";"DEL05-SC";"UOP02-DEL05-SC"
272124;2020-02-28;"sexta-feira";"06:15:00";"MG";356;266,2;"MURIAE";"Falta de Atenção à Condução";"Colisão lateral";"Com Vítimas Feridas";"Pleno dia";"Decrescente";"Nublado";"Simples";"Reta";"Sim";2;0;1;0;1;0;1;2;-21,12823134;-42,35802453;"SPRF-MG";"DEL07-MG";"UOP02-DEL07-MG"
272125;2020-02-28;"sexta-feira";"07:00:00";"SP";381;53;"ATIBAIA";"Defeito Mecânico no Veículo";"Capotamento";"Sem Vítimas";"Pleno dia";"Decrescente";"Nublado";"Dupla";"Curva";"Não";1;0;0;0;1;0;0;1;-23,2449074;-46,59562343;"SPRF-SP";"DEL03-SP";"UOP01-DEL03-SP"
272126;2020-02-28;"sexta-feira";"06:45:00";"MG";381;344;"BELA VISTA DE MINAS";"Desobediência às normas de trânsito pelo condutor";"Saída de leito carroçável";"Com Vítimas Feridas";"Pleno dia";"Decrescente";"Chuva";"Simples";"Curva";"Não";1;0;1;0;0;0;1;1;-19,85986781;-43,11280984;"SPRF-MG";"DEL03-MG";"UOP01-DEL03-MG"
272127;2020-02-28;"sexta-feira";"05:45:00";"PR";476;129;"CURITIBA";"Falta de Atenção à Condução";"Saída de leito carroçável";"Sem Vítimas";"Amanhecer";"Crescente";"Céu Claro";"Múltipla";"Curva";"Sim";1;0;0;0;1;0;0;1;-25,440983;-49,233715;"SPRF-PR";"DEL01-PR";"UOP07-DEL01-PR"
272129;2020-02-28;"sexta-feira";"07:40:00";"PB";230;21,1;"JOAO PESSOA";"Velocidade Incompatível";"Colisão traseira";"Com Vítimas Feridas";"Pleno dia";"Decrescente";"Céu Claro";"Dupla";"Reta";"Sim";3;0;1;0;1;1;1;2;-7,1415;-34,8519;"SPRF-PB";"DEL01-PB";"UOP01-DEL01-PB"
272130;2020-02-28;"sexta-feira";"07:10:00";"RS";116;249;"SAO LEOPOLDO";"Condutor Dormindo";"Colisão com objeto estático";"Com Vítimas Feridas";"Pleno dia";"Crescente";"Céu Claro";"Múltipla";"Reta";"Sim";1;0;0;1;0;0;1;1;-29,7831804;-51,16099063;"SPRF-RS";"DEL01-RS";"UOP02-DEL01-RS"