"id";"data_inversa";"dia_semana";"horario";"uf";"br";"km";"municipio";"causa_acidente";"tipo_acidente";"classificacao_acidente";"fase_dia";"sentido_via";"condicao_metereologica";"tipo_pista";"tracado_via";"uso_solo";"pessoas";"mortos";"feridos_leves";"feridos_graves";"ilesos";"ignorados";"feridos";"veiculos";"latitude";"longitude";"regional";"delegacia";"uop"
272133;2020-02-28;"sexta-feira";"06:40:00";"DF";40;5,9;"BRASILIA";"Falta de Atenção à Condução";"Colisão lateral";"Com Vítimas Feridas";"Amanhecer";"Decrescente";"Céu Claro";"Dupla";"Reta";"Sim";2;0;1;0;1;0;1;2;-16,02893951;-47,97874516;"SPRF-DF";"DEL01-DF";"UOP01-DEL01-DF"
272134;2020-02-28;"sexta-feira";"07:50:00";"PR";369;107,9;"URAI";"Falta de Atenção à Condução";"Colisão com objeto estático";"Com Vítimas Feridas";"Pleno dia";"Decrescente";"Céu Claro";"Dupla";"Reta";"Não";1;0;1;0;0;0;1;1;-23,264183;-50,786473;"SPRF-PR";"DEL07-PR";"UOP05-DEL07-PR"
272135;2020-02-28;"sexta-feira";"07:30:00";"PR";376;594;"CURITIBA";"Não guardar distância de segurança";"Colisão traseira";"Com Vítimas Feridas";"Pleno dia";"Crescente";"Sol";"Dupla";"Reta";"Sim";2;0;0;1;1;0;1;2;-25,47834503;-49,35031861;"SPRF-PR";"DEL01-PR";"UOP06-DEL01-PR"
272136;2020-02-28;"sexta-feira";"08:00:00";"CE";116;2,1;"FORTALEZA";"Defeito Mecânico no Veículo";"Colisão traseira";"Sem Vítimas";"Pleno dia";"Crescente";"Nublado";"Múltipla";"Reta";"Sim";2;0;0;0;2;0;0;2;-3,77019802;-38,51724508;"SPRF-CE";"DEL01-CE";"UOP02-DEL01-CE"
272137;2020-02-28;"sexta-feira";"07:10:00";"PI";316;315;"PICOS";"Falta de Atenção à Condução";"Colisão transversal";"Com Vítimas Feridas";"Pleno dia";"Crescente";"Céu Claro";"Simples";"Reta";"Sim";2;0;0;1;1;0;1;2;-7,07951262;-41,43236492;"SPRF-PI";"DEL04-PI";"UOP01-DEL04-PI"
272138;2020-02-28;"sexta-feira";"06:00:00";"MG";251;492,1;"FRANCISCO SA";"Ultrapassagem Indevida";"Colisão frontal";"Com Vítimas Feridas";"Pleno dia";"Decrescente";"Chuva";"Simples";"Reta";"Não";6;0;3;0;3;0;3;2;-16,54433804;-43,59543496;"SPRF-MG";"DEL12-MG";"UOP01-DEL12-MG"
272139;2020-02-28;"sexta-feira";"07:20:00";"CE";116;5,6;"FORTALEZA";"Não guardar distância de segurança";"Colisão traseira";"Com Vítimas Feridas";"Pleno dia";"Decrescente";"Nublado";"Dupla";"Reta";"Sim";2;0;1;0;1;0;1;2;-3,79467116;-38,50772734;"SPRF-CE";"DEL01-CE";"UOP02-DEL01-CE"
272141;2020-02-28;"sexta-feira";"08:35:00";"SP";381;12,6;"BRAGANCA PAULISTA";"Falta de Atenção à Condução";"Colisão lateral";"Com Vítimas Feridas";"Pleno dia";"Decrescente";"Nublado";"Dupla";"Curva";"Não";3;0;2;0;1;0;2;2;-22,92855105;-46,46168398;"SPRF-SP";"DEL03-SP";"UOP01-DEL03-SP"
272145;2020-02-28;"sexta-feira";"08:28:00";"MG";40;527;"CONTAGEM";"Velocidade Incompatível";"Colisão traseira";"Com Vítimas Fatais";"Pleno dia";"Decrescente";"Nublado";"Dupla";"Reta";"Sim";3;1;0;0;1;1;0;3;-19,90149502;-44,04938939;"SPRF-MG";"DEL01-MG";"UOP02-DEL01-MG"
272146;2020-02-18;"terça-feira";"13:40:00";"SC";282;221;"LAGES";"Falta de Atenção à Condução";"Colisão transversal";"Com Vítimas Feridas";"Pleno dia";"Crescente";"Céu Claro";"Simples";"Reta";"Sim";4;0;2;0;2;0;2;2;-27,796358;-50,343426;"SPRF-SC";"DEL05-SC";"UOP01-DEL05-SC"
272149;2020-02-28;"sexta-feira";"08:30:00";"MG";381;627,5;"OLIVEIRA";"Velocidade Incompatível";"Capotamento";"Com Vítimas Feridas";"Pleno dia";"Decrescente";"Chuva";"Dupla";"Curva";"Não";2;0;2;0;0;0;2;1;-20,82916917;-44,81714594;"SPRF-MG";"DEL04-MG";"UOP01-DEL04-MG"
272150;2020-02-28;"sexta-feira";"08:40:00";"GO";60;298;"ACREUNA";"Pista Escorregadia";"Saída de leito carroçável";"Com Vítimas Feridas";"Pleno dia";"Crescente";"Chuva";"Dupla";"Curva";"Não";4;0;0;1;3;0;1;3;-17,3508;-50,3243;"SPRF-GO";"DEL04-GO";"UOP01-DEL04-GO"
272151;2020-02-28;"sexta-feira";"08:15:00";"SC";282;211,5;"LAGES";"Falta de Atenção à Condução";"Colisão transversal";"Com Vítimas Feridas";"Pleno dia";"Crescente";"Céu Claro";"Simples";"Aclive;Reta";"Não";5;0;1;0;4;0;1;2;-27,78122727;-50,24760246;"SPRF-SC";"DEL05-SC";"UOP01-DEL05-SC"
272152;2020-02-28;"sexta-feira";"09:15:00";"RO";364;263,2;"CACOAL";"Fenômenos da Natureza";"Saída de leito carroçável";"Com Vítimas Feridas";"Pleno dia";"Crescente";"Chuva";"Simples";"Reta;Declive";"Não";1;0;1;0;0;0;1;1;-11,393249;-61,660736;"SPRF-RO";"DEL02-RO";"UOP02-DEL02-RO"
272154;2020-02-28;"sexta-feira";"10:30:00";"BA";116;422,5;"FEIRA DE SANTANA";"Falta de Atenção à Condução";"Atropelamento de Pedestre";"Com Vítimas Feridas";"Pleno dia";"Crescente";"Sol";"Simples";"Interseção de Vias";"Sim";2;0;0;1;1;0;1;2;-12,22064702;-38,96561131;"SPRF-BA";"DEL02-BA";"UOP01-DEL02-BA"
272158;2020-02-28;"sexta-feira";"11:50:00";"SC";101;208,1;"SAO JOSE";"Falta de Atenção à Condução";"Colisão transversal";"Com Vítimas Feridas";"Pleno dia";"Decrescente";"Céu Claro";"Dupla";"Reta";"Sim";2;0;1;0;1;0;1;2;-27,60327979;-48,63201818;"SPRF-SC";"DEL01-SC";"UOP01-DEL01-SC"
272160;2020-02-28;"sexta-feira";"11:00:00";"CE";20;422;"MARACANAU";"Ingestão de Substâncias Psicoativas";"Colisão lateral";"Sem Vítimas";"Pleno dia";"Crescente";"Céu Claro";"Dupla";"Reta";"Sim";3;0;0;0;3;0;0;3;-3,76999035;-38,67006282;"SPRF-CE";"DEL01-CE";"UOP02-DEL01-CE"
272163;2020-02-25;"terça-feira";"07:00:00";"RS";285;670,9;"SAO BORJA";"Desobediência às normas de trânsito pelo condutor";"Saída de leito carroçável";"Sem Vítimas";"Amanhecer";"Crescente";"Nublado";"Simples";"Reta";"Não";1;0;0;0;0;1;0;1;-28,669565;-55,95982;"SPRF-RS";"DEL12-RS";"UOP01-DEL12-RS"
272165;2020-02-28;"sexta-feira";"11:00:00";"AC";364;139;"RIO BRANCO";"Falta de Atenção à Condução";"Colisão traseira";"Com Vítimas Feridas";"Pleno dia";"Crescente";"Céu Claro";"Múltipla";"Reta";"Sim";2;0;1;0;1;0;1;2;-9,95359291;-67,86119892;"SPRF-AC";"DEL01-AC";"UOP01-DEL01-AC"
272166;2020-02-28;"sexta-feira";"12:50:00";"PI";343;568;"FLORIANO";"Animais na Pista";"Saída de leito carroçável";"Com Vítimas Feridas";"Pleno dia";"Crescente";"Sol";"Simples";"Reta";"Não";2;0;2;0;0;0;2;1;-6,716117;-42,92231;"SPRF-PI";"DEL03-PI";"UOP01-DEL03-PI"
272167;2020-02-28;"sexta-feira";"11:30:00";"SC";101;106,8;"PENHA";"Não guardar distância de segurança";"Colisão traseira";"Com Vítimas Feridas";"Pleno dia";"Decrescente";"Sol";"Múltipla";"Curva";"Sim";3;0;2;0;1;0;2;2;-26,81031601;-48,68293896;"SPRF-SC";"DEL03-SC";"UOP02-DEL03-SC"
272169;2020-02-28;"sexta-feira";"12:45:00";"PI";343;9;"PARNAIBA";"Falta de Atenção à Condução";"Colisão transversal";"Com Vítimas Feridas";"Pleno dia";"Decrescente";"Céu Claro";"Simples";"Reta";"Sim";2;0;0;1;0;1;1;2;-2,900722;-41,732681;"SPRF-PI";"DEL05-PI";"UOP01-DEL05-PI"
272170;2020-02-28;"sexta-feira";"12:45:00";"MG";50;83;"UBERLANDIA";"Ingestão de Álcool";"Saída de leito carroçável";"Sem Vítimas";"Pleno dia";"Crescente";"Chuva";"Dupla";"Reta";"Não";1;0;0;0;1;0;0;1;-18,986906;-48,211853;"SPRF-MG";"DEL15-MG";"UOP01-DEL15-MG"
272171;2020-02-28;"sexta-feira";"06:20:00";"MT";174;219;"FIGUEIROPOLIS DOESTE";"Falta de Atenção à Condução";"Colisão transversal";"Com Vítimas Fatais";"Pleno dia";"Crescente";"Céu Claro";"Simples";"Reta";"Não";2;1;0;0;1;0;0;2;-15,611011;-58,825723;"SPRF-MT";"DEL04-MT";"UOP01-DEL04-MT"
272172;2020-02-28;"sexta-feira";"09:00:00";"SC";282;90;"ALFREDO WAGNER";"Falta de Atenção à Condução";"Colisão frontal";"Com Vítimas Feridas";"Pleno dia";"Crescente";"Céu Claro";"Simples";"Reta";"Não";2;0;1;1;0;0;2;2;-27,683796;-49,222366;"SPRF-SC";"DEL01-SC";"UOP03-DEL01-SC"
272173;2020-02-28;"sexta-feira";"12:30:00";"ES";101;284,3;"CARIACICA";"Avarias e/ou desgaste excessivo no pneu";"Tombamento";"Com Vítimas Feridas";"Pleno dia";"Decrescente";"Chuva";"Múltipla";"Curva;Declive";"Sim";1;0;1;0;0;0;1;1;-20,24543909;-40,36984574;"SPRF-ES";"DEL01-ES";"UOP01-DEL01-ES"
272174;2020-02-28;"sexta-feira";"13:00:00";"MT";70;130;"GENERAL CARNEIRO";"Falta de Atenção à Condução";"Saída de leito carroçável";"Com Vítimas Feridas";"Pleno dia";"Decrescente";"Garoa/Chuvisco";"Simples";"Reta";"Não";3;0;2;0;1;0;2;1;-15,59402;-53,201131;"SPRF-MT";"DEL07-MT";"UOP01-DEL07-MT"
272175;2020-02-28;"sexta-feira";"08:00:00";"CE";20;417;"FORTALEZA";"Desobediência às normas de trânsito pelo condutor";"Colisão lateral";"Com Vítimas Feridas";"Pleno dia";"Crescente";"Céu Claro";"Múltipla";"Reta";"Sim";3;0;1;0;2;0;1;3;-3,76999035;-38,67006282;"SPRF-CE";"DEL01-CE";"UOP02-DEL01-CE"
272177;2020-02-28;"sexta-feira";"12:40:00";"SC";280;46;"GUARAMIRIM";"Falta de Atenção à Condução";"Colisão transversal";"Com Vítimas Feridas";"Pleno dia";"Crescente";"Sol";"Simples";"Aclive";"Não";3;0;2;0;1;0;2;2;-26,45295055;-48,90788103;"SPRF-SC";"DEL03-SC";"UOP03-DEL03-SC"
272179;2020-02-28;"sexta-feira";"14:03:00";"SP";101;50;"UBATUBA";"Ultrapassagem Indevida";"Colisão transversal";"Com Vítimas Feridas";"Pleno dia";"Decrescente";"Garoa/Chuvisco";"Simples";"Reta";"Sim";2;0;1;0;1;0;1;2;-23,45018939;-45,07743735;"SPRF-SP";"DEL06-SP";"UOP01-DEL06-SP"
272180;2020-02-28;"sexta-feira";"12:10:00";"MS";163;211;"CAARAPO";"Falta de Atenção à Condução";"Saída de leito carroçável";"Com Vítimas Feridas";"Pleno dia";"Crescente";"Sol";"Simples";"Curva";"Sim";2;0;2;0;0;0;2;1;-22,612989;-54,81620977;"SPRF-MS";"DEL04-MS";"UOP02-DEL04-MS"
272182;2020-02-28;"sexta-feira";"14:00:00";"MG";381;863,7;"POUSO ALEGRE";"Falta de Atenção à Condução";"Saída de leito carroçável";"Com Vítimas Feridas";"Pleno dia";"Crescente";"Nublado";"Dupla";"Aclive;Reta";"Não";1;0;1;0;0;0;1;1;-22,381389;-45,94581;"SPRF-MG";"DEL16-MG";"UOP01-DEL16-MG"
272183;2020-02-28;"sexta-feira";"13:15:00";"RS";290;54,2;"GLORINHA";"Condutor Dormindo";"Saída de leito carroçável";"Com Vítimas Feridas";"Pleno dia";"Crescente";"Sol";"Múltipla";"Reta";"Não";1;0;0;1;0;0;1;1;-29,912643;-50,798103;"SPRF-RS";"DEL03-RS";"UOP01-DEL03-RS"
272185;2020-02-28;"sexta-feira";"09:50:00";"MT";174;125;"MIRASSOL DOESTE";"Falta de Atenção à Condução";"Colisão lateral";"Com Vítimas Feridas";"Pleno dia";"Crescente";"Sol";"Simples";"Interseção de Vias";"Não";3;0;2;0;1;0;2;2;-15,81678972;-58,0834468;"SPRF-MT";"DEL03-MT";"UOP01-DEL03-MT"
272188;2020-02-25;"terça-feira";"08:15:00";"MG";40;112;"LAGOA GRANDE";"Condutor Dormindo";"Saída de leito carroçável";"Com Vítimas Feridas";"Pleno dia";"Crescente";"Nublado";"Simples";"Reta";"Não";5;0;1;0;4;0;1;1;-17,64186672;-46,43677488;"SPRF-MG";"DEL14-MG";"UOP01-DEL14-MG"
272189;2020-02-28;"sexta-feira";"12:20:00";"RJ";101;308;"SAO GONCALO";"Não guardar distância de segurança";"Queda de ocupante de veículo";"Com Vítimas Feridas";"Pleno dia";"Crescente";"Garoa/Chuvisco";"Dupla";"Reta";"Sim";2;0;1;0;1;0;1;1;-22,79309326;-43,02479595;"SPRF-RJ";"DEL02-RJ";"UOP01-DEL02-RJ"
272190;2020-02-28;"sexta-feira";"14:00:00";"PE";116;26,1;"SALGUEIRO";"Desobediência às normas de trânsito pelo condutor";"Colisão transversal";"Com Vítimas Feridas";"Pleno dia";"Crescente";"Céu Claro";"Dupla";"Reta";"Sim";2;0;1;0;1;0;1;2;-8,07118805;-39,1338237;"SPRF-PE";"DEL05-PE";"UOP01-DEL05-PE"
272191;2020-02-28;"sexta-feira";"14:30:00";"PR";476;129;"CURITIBA";"Falta de Atenção à Condução";"Colisão traseira";"Com Vítimas Feridas";"Pleno dia";"Decrescente";"Céu Claro";"Múltipla";"Interseção de Vias";"Sim";3;0;1;0;2;0;1;2;-25,433048;-49,23156;"SPRF-PR";"DEL01-PR";"UOP07-DEL01-PR"
272192;2020-02-28;"sexta-feira";"14:45:00";"MG";40;664,5;"CARANDAI";"Avarias e/ou desgaste excessivo no pneu";"Colisão com objeto estático";"Com Vítimas Feridas";"Pleno dia";"Crescente";"Chuva";"Simples";"Declive";"Sim";1;0;1;0;0;0;1;1;-20,84904647;-43,79892826;"SPRF-MG";"DEL05-MG";"UOP02-DEL05-MG"
272193;2020-02-28;"sexta-feira";"15:20:00";"MG";381;440,5;"SABARA";"Não guardar distância de segurança";"Colisão frontal";"Com Vítimas Feridas";"Pleno dia";"Decrescente";"Chuva";"Simples";"Curva;Declive";"Não";3;0;1;0;2;0;1;2;-19,80962879;-43,76669884;"SPRF-MG";"DEL01-MG";"UOP01-DEL01-MG"
272197;2020-02-28;"sexta-feira";"15:45:00";"SC";101;104;"PENHA";"Falta de Atenção à Condução";"Colisão traseira";"Com Vítimas Feridas";"Pleno dia";"Crescente";"Sol";"Dupla";"Aclive";"Não";2;0;1;0;1;0;1;2;-26,79281742;-48,68080819;"SPRF-SC";"DEL03-SC";"UOP02-DEL03-SC"
272198;2020-02-28;"sexta-feira";"13:30:00";"MG";251;433;"GRAO MOGOL";"Condutor Dormindo";"Saída de leito carroçável";"Com Vítimas Feridas";"Pleno dia";"Crescente";"Céu Claro";"Simples";"Reta";"Não";4;0;1;3;0;0;4;1;-16,37230016;-43,17989493;"SPRF-MG";"DEL12-MG";"UOP01-DEL12-MG"
272199;2020-02-28;"sexta-feira";"16:10:00";"MG";381;439;"SABARA";"Velocidade Incompatível";"Saída de leito carroçável";"Com Vítimas Feridas";"Pleno dia";"Decrescente";"Chuva";"Simples";"Curva;Aclive";"Não";3;0;3;0;0;0;3;1;-19,79933263;-43,7612915;"SPRF-MG";"DEL01-MG";"UOP01-DEL01-MG"
272200;2020-02-28;"sexta-feira";"10:00:00";"BA";110;86,3;"JEREMOABO";"Desobediência às normas de trânsito pelo condutor";"Colisão frontal";"Com Vítimas Fatais";"Pleno dia";"Crescente";"Céu Claro";"Simples";"Aclive";"Não";3;1;1;0;1;0;1;2;-10,17672486;-38,28220236;"SPRF-BA";"DEL07-BA";"UOP01-DEL07-BA"
272202;2020-02-23;"domingo";"17:30:00";"AM";174;913,1;"MANAUS";"Ingestão de Álcool";"Saída de leito carroçável";"Com Vítimas Feridas";"Anoitecer";"Decrescente";"Céu Claro";"Simples";"Reta";"Não";1;0;0;1;0;0;1;1;-2,71723198;-60,04750388;"SPRF-AM";"DEL01-AM";"UOP01-DEL01-AM"
272205;2020-02-28;"sexta-feira";"16:00:00";"SP";116;307;"SAO LOURENCO DA SERRA";"Avarias e/ou desgaste excessivo no pneu";"Danos eventuais";"Com Vítimas Feridas";"Pleno dia";"Decrescente";"Garoa/Chuvisco";"Dupla";"Curva";"Não";2;0;1;0;1;0;1;2;-23,85630016;-46,94096988;"SPRF-SP";"DEL04-SP";"UOP01-DEL04-SP"
272206;2020-02-28;"sexta-feira";"15:15:00";"PR";376;459;"TIBAGI";"Velocidade Incompatível";"Colisão com objeto estático";"Com Vítimas Feridas";"Pleno dia";"Crescente";"Sol";"Dupla";"Curva";"Não";1;0;1;0;0;0;1;1;-25,000549;-50,36102603;"SPRF-PR";"DEL03-PR";"UOP01-DEL03-PR"
272208;2020-02-28;"sexta-feira";"14:40:00";"PI";135;201;"ELISEU MARTINS";"Desobediência às normas de trânsito pelo condutor";"Colisão transversal";"Com Vítimas Feridas";"Pleno dia";"Crescente";"Céu Claro";"Simples";"Reta";"Não";3;0;0;1;2;0;1;2;-8,08369029;-43,73925891;"SPRF-PI";"DEL03-PI";"UOP01-DEL03-PI"
272211;2020-02-28;"sexta-feira";"17:20:00";"GO";153;626,7;"MORRINHOS";"Velocidade Incompatível";"Capotamento";"Com Vítimas Feridas";"Pleno dia";"Decrescente";"Chuva";"Dupla";"Curva";"Não";1;0;1;0;0;0;1;1;-17,7719;-49,1732;"SPRF-GO";"DEL03-GO";"UOP01-DEL03-GO"
272213;2020-02-28;"sexta-feira";"17:15:00";"SP";381;61,5;"MAIRIPORA";"Pista Escorregadia";"Colisão com objeto estático";"Com Vítimas Feridas";"Anoitecer";"Crescente";"Chuva";"Dupla";"Curva";"Não";2;0;2;0;0;0;2;1;-23,29011611;-46,5800681;"SPRF-SP";"DEL03-SP";"UOP01-DEL03-SP"
272214;2020-02-28;"sexta-feira";"16:20:00";"RJ";116;137;"DUQUE DE CAXIAS";"Defeito Mecânico no Veículo";"Colisão transversal";"Com Vítimas Feridas";"Pleno dia";"Crescente";"Chuva";"Dupla";"Reta";"Sim";2;0;1;0;1;0;1;2;-22,64807628;-43,18018556;"SPRF-RJ";"DEL04-RJ";"UOP02-DEL04-RJ"
272215;2020-02-28;"sexta-feira";"17:25:00";"SP";153;59;"SAO JOSE DO RIO PRETO";"Velocidade Incompatível";"Colisão transversal";"Com Vítimas Feridas";"Pleno dia";"Decrescente";"Nublado";"Simples";"Reta";"Sim";2;0;1;0;1;0;1;2;-20,78733103;-49,35399276;"SPRF-SP";"DEL09-SP";"UOP01-DEL09-SP"
272216;2020-02-28;"sexta-feira";"16:30:00";"MT";70;509;"CUIABA";"Falta de Atenção do Pedestre";"Atropelamento de Pedestre";"Com Vítimas Feridas";"Pleno dia";"Crescente";"Sol";"Simples";"Reta";"Sim";2;0;1;0;1;0;1;2;-15,65051022;-55,99823809;"SPRF-MT";"DEL01-MT";"UOP02-DEL01-MT"
272217;2020-01-31;"sexta-feira";"22:40:00";"PE";101;84;"JABOATAO DOS GUARARAPES";"Falta de Atenção à Condução";"Colisão transversal";"Com Vítimas Feridas";"Plena Noite";"Crescente";"Céu Claro";"Simples";"Reta";"Não";2;0;1;0;1;0;1;2;-8,17778559;-34,95087297;"SPRF-PE";"DEL01-PE";"UOP03-DEL01-PE"
272219;2020-02-28;"sexta-feira";"17:15:00";"RS";290;30,1;"SANTO ANTONIO DA PATRULHA";"Condutor Dormindo";"Saída de leito carroçável";"Com Vítimas Feridas";"Pleno dia";"Decrescente";"Céu Claro";"Dupla";"Reta";"Não";2;0;0;1;1;0;1;1;-29,883583;-50,555428;"SPRF-RS";"DEL03-RS";"UOP01-DEL03-RS"
272220;2020-02-28;"sexta-feira";"15:40:00";"RO";421;11;"ARIQUEMES";"Desobediência às normas de trânsito pelo condutor";"Colisão transversal";"Com Vítimas Feridas";"Pleno dia";"Crescente";"Céu Claro";"Simples";"Reta";"Não";3;0;0;1;2;0;1;2;-9,976976;-63,131104;"SPRF-RO";"DEL03-RO";"UOP01-DEL03-RO"
272221;2020-02-28;"sexta-feira";"14:29:00";"SC";282;40,4;"AGUAS MORNAS";"Restrição de Visibilidade";"Colisão transversal";"Com Vítimas Feridas";"Pleno dia";"Crescente";"Sol";"Simples";"Interseção de Vias";"Não";6;0;1;3;2;0;4;2;-27,716148;-48,869583;"SPRF-SC";"DEL01-SC";"UOP03-DEL01-SC"
272222;2020-02-28;"sexta-feira";"18:10:00";"PR";373;231;"IMBITUVA";"Ingestão de Álcool";"Colisão transversal";"Sem Vítimas";"Plena Noite";"Decrescente";"Céu Claro";"Simples";"Interseção de Vias";"Sim";2;0;0;0;2;0;0;2;-25,18288258;-50,67781009;"SPRF-PR";"DEL03-PR";"UOP01-DEL03-PR"
272223;2020-02-28;"sexta-feira";"18:15:00";"SC";470;50,5;"BLUMENAU";"Falta de Atenção à Condução";"Colisão transversal";"Com Vítimas Feridas";"Pleno dia";"Crescente";"Sol";"Simples";"Reta";"Sim";2;0;1;0;1;0;1;2;-26,859768;-49,074493;"SPRF-SC";"DEL04-SC";"UOP01-DEL04-SC"
272224;2020-02-28;"sexta-feira";"18:00:00";"SC";101;213,8;"PALHOCA";"Não guardar distância de segurança";"Colisão traseira";"Com Vítimas Feridas";"Pleno dia";"Decrescente";"Céu Claro";"Dupla";"Reta";"Sim";3;0;2;0;1;0;2;2;-27,63697369;-48,66514142;"SPRF-SC";"DEL01-SC";"UOP02-DEL01-SC"
272225;2020-01-27;"segunda-feira";"13:20:00";"GO";60;269,4;"JANDAIA";"Defeito Mecânico no Veículo";"Colisão com objeto estático";"Com Vítimas Feridas";"Pleno dia";"Crescente";"Chuva";"Dupla";"Retorno Regulamentado";"Não";1;0;1;0;0;0;1;1;-17,2061;-50,1122;"SPRF-GO";"DEL01-GO";"UOP02-DEL01-GO"
272226;2020-02-26;"quarta-feira";"11:50:00";"MS";163;634;"SAO GABRIEL DO OESTE";"Avarias e/ou desgaste excessivo no pneu";"Saída de leito carroçável";"Com Vítimas Feridas";"Pleno dia";"Decrescente";"Nublado";"Dupla";"Reta";"Não";2;0;2;0;0;0;2;1;-19,25755001;-54,66594101;"SPRF-MS";"DEL06-MS";"UOP02-DEL06-MS"
272227;2020-02-28;"sexta-feira";"17:30:00";"RS";116;248,6;"SAO LEOPOLDO";"Não guardar distância de segurança";"Colisão traseira";"Com Vítimas Feridas";"Anoitecer";"Decrescente";"Nublado";"Dupla";"Reta";"Sim";5;0;2;0;2;1;2;3;-29,7803919;-51,1580667;"SPRF-RS";"DEL01-RS";"UOP02-DEL01-RS"
272230;2020-02-28;"sexta-feira";"18:20:00";"PR";116;118;"CURITIBA";"Falta de Atenção à Condução";"Colisão traseira";"Com Vítimas Feridas";"Plena Noite";"Crescente";"Nublado";"Dupla";"Declive";"Não";2;0;1;0;1;0;1;2;-25,54657438;-49,29173608;"SPRF-PR";"DEL01-PR";"UOP03-DEL01-PR"
272231;2020-02-28;"sexta-feira";"19:10:00";"ES";101;164,3;"LINHARES";"Falta de Atenção à Condução";"Colisão transversal";"Com Vítimas Feridas";"Plena Noite";"Crescente";"Nublado";"Simples";"Interseção de Vias";"Não";2;0;0;1;1;0;1;2;-19,50814151;-40,13614655;"SPRF-ES";"DEL04-ES";"UOP01-DEL04-ES"
272232;2020-02-22;"sábado";"12:30:00";"MS";163;673,4;"RIO VERDE DE MATO GROSSO";"Velocidade Incompatível";"Saída de leito carroçável";"Com Vítimas Feridas";"Pleno dia";"Crescente";"Chuva";"Simples";"Curva";"Não";4;0;2;0;2;0;2;1;-18,98291091;-54,82611417;"SPRF-MS";"DEL06-MS";"UOP02-DEL06-MS"
272235;2020-02-28;"sexta-feira";"17:51:00";"GO";40;12,8;"LUZIANIA";"Desobediência às normas de trânsito pelo condutor";"Colisão lateral";"Sem Vítimas";"Anoitecer";"Crescente";"Céu Claro";"Dupla";"Retorno Regulamentado";"Sim";3;0;0;0;1;2;0;3;-16,145123;-47,945382;"SPRF-DF";"DEL01-DF";"UOP01-DEL01-DF"
272236;2020-02-28;"sexta-feira";"19:00:00";"PR";277;5;"FOZ DO IGUACU";"Falta de Atenção à Condução";"Colisão transversal";"Com Vítimas Feridas";"Anoitecer";"Crescente";"Céu Claro";"Dupla";"Interseção de Vias";"Sim";3;0;1;0;2;0;1;3;-25,5469;-54,5882;"SPRF-PR";"DEL05-PR";"UOP03-DEL05-PR"
272237;2020-02-28;"sexta-feira";"19:05:00";"MG";40;552,1;"NOVA LIMA";"Desobediência às normas de trânsito pelo condutor";"Colisão lateral";"Com Vítimas Feridas";"Plena Noite";"Decrescente";"Céu Claro";"Simples";"Reta;Interseção de Vias";"Sim";3;0;2;0;1;0;2;2;-20,06256259;-43,97787452;"SPRF-MG";"DEL01-MG";"UOP02-DEL01-MG"
272238;2020-02-28;"sexta-feira";"19:50:00";"SP";459;25,3;"LORENA";"Mal Súbito";"Colisão lateral";"Com Vítimas Feridas";"Anoitecer";"Crescente";"Nublado";"Simples";"Reta";"Não";2;0;1;0;1;0;1;2;-22,69682265;-45,12123585;"SPRF-SP";"DEL08-SP";"UOP03-DEL08-SP"
272239;2020-02-28;"sexta-feira";"16:50:00";"PR";467;103;"CASCAVEL";"Defeito Mecânico no Veículo";"Queda de ocupante de veículo";"Com Vítimas Feridas";"Pleno dia";"Crescente";"Céu Claro";"Dupla";"Reta";"Não";1;0;1;0;0;0;1;1;-24,9098;-53,5103;"SPRF-PR";"DEL04-PR";"UOP01-DEL04-PR"
272240;2020-02-28;"sexta-feira";"16:45:00";"SC";280;25,4;"ARAQUARI";"Falta de Atenção à Condução";"Colisão transversal";"Com Vítimas Feridas";"Pleno dia";"Decrescente";"Céu Claro";"Simples";"Reta";"Não";2;0;1;0;1;0;1;2;-26,38352781;-48,72677516;"SPRF-SC";"DEL03-SC";"UOP03-DEL03-SC"
272241;2020-02-28;"sexta-feira";"18:45:00";"SP";153;55,3;"SAO JOSE DO RIO PRETO";"Desobediência às normas de trânsito pelo condutor";"Colisão transversal";"Com Vítimas Feridas";"Plena Noite";"Decrescente";"Céu Claro";"Simples";"Em Obras";"Não";3;0;1;0;0;2;1;3;-20,75321697;-49,34260108;"SPRF-SP";"DEL09-SP";"UOP01-DEL09-SP"
272242;2020-02-28;"sexta-feira";"18:30:00";"MS";163;700,8;"RIO VERDE DE MATO GROSSO";"Animais na Pista";"Atropelamento de Animal";"Com Vítimas Feridas";"Plena Noite";"Crescente";"Céu Claro";"Simples";"Declive";"Não";1;0;1;0;0;0;1;1;-18,75701944;-54,82411039;"SPRF-MS";"DEL06-MS";"UOP01-DEL06-MS"
272243;2020-02-28;"sexta-feira";"17:50:00";"SC";280;56,4;"GUARAMIRIM";"Não guardar distância de segurança";"Colisão lateral";"Com Vítimas Feridas";"Anoitecer";"Crescente";"Nublado";"Simples";"Reta";"Não";2;0;1;0;1;0;1;2;-26,47947677;-49,00298702;"SPRF-SC";"DEL03-SC";"UOP03-DEL03-SC"
272244;2020-02-28;"sexta-feira";"19:40:00";"ES";101;328,9;"GUARAPARI";"Falta de Atenção à Condução";"Tombamento";"Com Vítimas Feridas";"Plena Noite";"Decrescente";"Chuva";"Dupla";"Reta";"Não";1;0;1;0;0;0;1;1;-20,57963019;-40,4901487;"SPRF-ES";"DEL03-ES";"UOP01-DEL03-ES"