"id";"data_inversa";"dia_semana";"horario";"uf";"br";"km";"municipio";"causa_acidente";"tipo_acidente";"classificacao_acidente";"fase_dia";"sentido_via";"condicao_metereologica";"tipo_pista";"tracado_via";"uso_solo";"pessoas";"mortos";"feridos_leves";"feridos_graves";"ilesos";"ignorados";"feridos";"veiculos";"latitude";"longitude";"regional";"delegacia";"uop"
272584;2020-03-01;"domingo";"12:00:00";"MT";364;241;"JUSCIMEIRA";"Defeito na Via";"Saída de leito carroçável";"Com Vítimas Feridas";"Pleno dia";"Crescente";"Sol";"Dupla";"Reta";"Não";5;0;5;0;0;0;5;1;-16,17086222;-54,79226759;"SPRF-MT";"DEL02-MT";"UOP01-DEL02-MT"
272585;2020-03-01;"domingo";"13:00:00";"PB";230;37;"SANTA RITA";"Falta de Atenção à Condução";"Saída de leito carroçável";"Com Vítimas Feridas";"Pleno dia";"Decrescente";"Céu Claro";"Dupla";"Reta";"Sim";3;0;2;1;0;0;3;1;-7,1293;-34,9536;"SPRF-PB";"DEL01-PB";"UOP03-DEL01-PB"
272587;2020-03-01;"domingo";"12:00:00";"SC";470;147;"LAURENTINO";"Desobediência às normas de trânsito pelo condutor";"Colisão transversal";"Com Vítimas Feridas";"Pleno dia";"Crescente";"Sol";"Simples";"Reta";"Sim";4;0;3;0;1;0;3;2;-27,243439;-49,690025;"SPRF-SC";"DEL04-SC";"UOP02-DEL04-SC"
272588;2020-03-01;"domingo";"14:00:00";"GO";60;61,5;"ABADIANIA";"Velocidade Incompatível";"Saída de leito carroçável";"Com Vítimas Feridas";"Pleno dia";"Decrescente";"Céu Claro";"Dupla";"Reta";"Não";1;0;1;0;0;0;1;1;-16,1903;-48,7114;"SPRF-GO";"DEL02-GO";"UOP01-DEL02-GO"
272590;2020-03-01;"domingo";"13:20:00";"MG";262;371,5;"JUATUBA";"Pista Escorregadia";"Saída de leito carroçável";"Com Vítimas Feridas";"Pleno dia";"Crescente";"Chuva";"Dupla";"Reta";"Não";1;0;1;0;0;0;1;1;-19,9563269;-44,36522841;"SPRF-MG";"DEL01-MG";"UOP03-DEL01-MG"
272591;2020-03-01;"domingo";"14:00:00";"PA";230;118,5;"MARABA";"Não guardar distância de segurança";"Colisão traseira";"Com Vítimas Feridas";"Pleno dia";"Decrescente";"Sol";"Dupla";"Reta";"Sim";3;0;2;0;1;0;2;2;-5,35193706;-49,09794103;"SPRF-PA";"DEL03-PA";"UOP01-DEL03-PA"
272593;2020-03-01;"domingo";"14:00:00";"GO";40;135,2;"CRISTALINA";"Pista Escorregadia";"Saída de leito carroçável";"Com Vítimas Feridas";"Pleno dia";"Crescente";"Chuva";"Simples";"Curva";"Não";2;0;2;0;0;0;2;1;-16,938771;-47,320336;"SPRF-DF";"DEL01-DF";"UOP02-DEL01-DF"
272596;2020-03-01;"domingo";"10:10:00";"MG";381;528,1;"BRUMADINHO";"Pista Escorregadia";"Saída de leito carroçável";"Com Vítimas Fatais";"Pleno dia";"Crescente";"Nublado";"Dupla";"Curva;Declive";"Não";5;2;3;0;0;0;3;1;-20,16368096;-44,36025002;"SPRF-MG";"DEL04-MG";"UOP03-DEL04-MG"
272597;2020-03-01;"domingo";"14:10:00";"SC";101;378,3;"ICARA";"Falta de Atenção à Condução";"Colisão frontal";"Com Vítimas Feridas";"Pleno dia";"Decrescente";"Céu Claro";"Dupla";"Retorno Regulamentado";"Não";3;0;2;0;1;0;2;2;-28,7517452;-49,27030206;"SPRF-SC";"DEL02-SC";"UOP01-DEL02-SC"
272598;2020-03-01;"domingo";"12:30:00";"AL";104;59,1;"MURICI";"Desobediência às normas de trânsito pelo condutor";"Colisão transversal";"Com Vítimas Feridas";"Pleno dia";"Decrescente";"Céu Claro";"Simples";"Rotatória";"Não";2;0;0;1;1;0;1;2;-9,30725223;-35,94003311;"SPRF-AL";"DEL01-AL";"UOP02-DEL01-AL"
272599;2020-03-01;"domingo";"15:00:00";"SC";101;128;"CAMBORIU";"Defeito Mecânico no Veículo";"Tombamento";"Com Vítimas Feridas";"Pleno dia";"Crescente";"Sol";"Dupla";"Reta";"Não";2;0;2;0;0;0;2;1;-26,97284292;-48,68299451;"SPRF-SC";"DEL04-SC";"UOP03-DEL04-SC"
272600;2020-03-01;"domingo";"14:00:00";"SC";101;256;"PAULO LOPES";"Falta de Atenção à Condução";"Saída de leito carroçável";"Sem Vítimas";"Pleno dia";"Crescente";"Céu Claro";"Dupla";"Curva";"Não";1;0;0;0;1;0;0;1;-27,99084416;-48,68056684;"SPRF-SC";"DEL02-SC";"UOP03-DEL02-SC"
272602;2020-03-01;"domingo";"13:40:00";"MA";10;128;"ESTREITO";"Ingestão de Álcool";"Colisão frontal";"Com Vítimas Feridas";"Pleno dia";"Decrescente";"Céu Claro";"Múltipla";"Rotatória";"Sim";3;0;0;1;2;0;1;2;-6,55767;-47,450233;"SPRF-MA";"DEL04-MA";"UOP02-DEL04-MA"
272603;2020-03-01;"domingo";"14:55:00";"RJ";116;194;"QUEIMADOS";"Pista Escorregadia";"Saída de leito carroçável";"Com Vítimas Feridas";"Pleno dia";"Decrescente";"Chuva";"Dupla";"Reta";"Não";2;0;1;0;1;0;1;1;-22,73229965;-43,58953161;"SPRF-RJ";"DEL01-RJ";"UOP02-DEL01-RJ"
272604;2020-03-01;"domingo";"13:35:00";"SC";101;64,4;"ARAQUARI";"Não guardar distância de segurança";"Colisão traseira";"Com Vítimas Feridas";"Pleno dia";"Decrescente";"Céu Claro";"Simples";"Reta";"Não";4;0;1;0;1;2;1;3;-26,46433196;-48,75063097;"SPRF-SC";"DEL03-SC";"UOP02-DEL03-SC"
272606;2020-03-01;"domingo";"15:15:00";"CE";116;9,2;"FORTALEZA";"Falta de Atenção do Pedestre";"Atropelamento de Pedestre";"Com Vítimas Fatais";"Pleno dia";"Crescente";"Céu Claro";"Dupla";"Reta";"Sim";2;1;0;0;1;0;0;2;-3,82779096;-38,50486117;"SPRF-CE";"DEL01-CE";"UOP02-DEL01-CE"
272607;2020-03-01;"domingo";"14:50:00";"MS";262;366,9;"CAMPO GRANDE";"Ingestão de Álcool";"Colisão traseira";"Com Vítimas Feridas";"Pleno dia";"Crescente";"Céu Claro";"Simples";"Rotatória";"Sim";2;0;0;1;1;0;1;2;-20,47844689;-54,75012129;"SPRF-MS";"DEL01-MS";"UOP03-DEL01-MS"
272609;2020-03-01;"domingo";"14:15:00";"BA";101;892;"CARAVELAS";"Defeito Mecânico no Veículo";"Incêndio";"Sem Vítimas";"Pleno dia";"Crescente";"Sol";"Simples";"Reta";"Não";2;0;0;0;2;0;0;1;-17,5643921;-39,7256096;"SPRF-BA";"DEL09-BA";"UOP02-DEL09-BA"
272610;2020-03-01;"domingo";"13:30:00";"MA";10;247,9;"IMPERATRIZ";"Desobediência às normas de trânsito pelo condutor";"Colisão lateral";"Com Vítimas Feridas";"Pleno dia";"Decrescente";"Céu Claro";"Simples";"Reta";"Sim";3;0;2;0;1;0;2;2;-5,573772;-47,443893;"SPRF-MA";"DEL04-MA";"UOP01-DEL04-MA"
272611;2020-02-26;"quarta-feira";"11:30:00";"RJ";101;334;"RIO DE JANEIRO";"Defeito Mecânico no Veículo";"Queda de ocupante de veículo";"Com Vítimas Feridas";"Pleno dia";"Crescente";"Céu Claro";"Dupla";"Reta";"Sim";2;0;1;0;1;0;1;1;-22,88517902;-43,21704364;"SPRF-RJ";"DEL02-RJ";"UOP01-DEL02-RJ"
272612;2020-03-01;"domingo";"16:00:00";"SC";101;79,8;"BARRA VELHA";"Falta de Atenção à Condução";"Colisão traseira";"Sem Vítimas";"Pleno dia";"Decrescente";"Céu Claro";"Dupla";"Reta";"Não";2;0;0;0;2;0;0;2;-26,59613509;-48,72279882;"SPRF-SC";"DEL03-SC";"UOP02-DEL03-SC"
272613;2020-03-01;"domingo";"15:15:00";"PB";101;61,8;"SANTA RITA";"Desobediência às normas de trânsito pelo condutor";"Colisão transversal";"Com Vítimas Feridas";"Pleno dia";"Crescente";"Nublado";"Dupla";"Reta";"Não";2;0;1;0;0;1;1;2;-7,00949401;-35,06072329;"SPRF-PB";"DEL01-PB";"UOP04-DEL01-PB"
272614;2020-03-01;"domingo";"15:00:00";"DF";251;25,6;"BRASILIA";"Falta de Atenção à Condução";"Saída de leito carroçável";"Com Vítimas Feridas";"Pleno dia";"Crescente";"Nublado";"Dupla";"Reta";"Não";1;0;1;0;0;0;1;1;-15,949403;-47,675789;"SPRF-DF";"DEL01-DF";"UOP01-DEL01-DF"
272616;2020-03-01;"domingo";"13:42:00";"GO";60;37,5;"ALEXANIA";"Velocidade Incompatível";"Saída de leito carroçável";"Com Vítimas Feridas";"Pleno dia";"Crescente";"Chuva";"Dupla";"Declive";"Não";1;0;0;1;0;0;1;1;-16,1147;-48,5387;"SPRF-DF";"DEL03-DF";"UOP01-DEL03-DF"
272618;2020-03-01;"domingo";"13:30:00";"BA";110;334,5;"ALAGOINHAS";"Desobediência às normas de trânsito pelo condutor";"Colisão transversal";"Com Vítimas Feridas";"Pleno dia";"Decrescente";"Céu Claro";"Simples";"Interseção de Vias";"Sim";2;0;1;0;1;0;1;2;-12,15968588;-38,41169408;"SPRF-BA";"DEL01-BA";"UOP04-DEL01-BA"
272619;2020-03-01;"domingo";"15:30:00";"BA";116;350;"SERRINHA";"Desobediência às normas de trânsito pelo condutor";"Tombamento";"Com Vítimas Feridas";"Pleno dia";"Decrescente";"Céu Claro";"Simples";"Reta";"Sim";2;0;0;1;0;1;1;2;-11,59121503;-38,98584031;"SPRF-BA";"DEL02-BA";"UOP01-DEL02-BA"
272621;2020-03-01;"domingo";"14:29:00";"RS";470;229;"GARIBALDI";"Falta de Atenção à Condução";"Saída de leito carroçável";"Com Vítimas Feridas";"Pleno dia";"Crescente";"Céu Claro";"Simples";"Reta";"Não";2;0;1;0;1;0;1;1;-29,218603;-51,51677;"SPRF-RS";"DEL06-RS";"UOP01-DEL06-RS"
272624;2020-03-01;"domingo";"17:20:00";"PR";476;138;"CURITIBA";"Defeito Mecânico no Veículo";"Colisão transversal";"Com Vítimas Feridas";"Pleno dia";"Decrescente";"Nublado";"Dupla";"Reta;Interseção de Vias";"Sim";3;0;1;0;2;0;1;3;-25,505564;-49,283417;"SPRF-PR";"DEL01-PR";"UOP03-DEL01-PR"
272625;2020-03-01;"domingo";"16:40:00";"RS";290;40;"SANTO ANTONIO DA PATRULHA";"Falta de Atenção à Condução";"Tombamento";"Com Vítimas Feridas";"Pleno dia";"Decrescente";"Céu Claro";"Dupla";"Reta";"Não";1;0;1;0;0;0;1;1;-29,886173;-50,658577;"SPRF-RS";"DEL03-RS";"UOP01-DEL03-RS"
272627;2020-03-01;"domingo";"16:10:00";"PR";376;256;"CALIFORNIA";"Falta de Atenção à Condução";"Colisão traseira";"Com Vítimas Feridas";"Pleno dia";"Decrescente";"Céu Claro";"Simples";"Reta";"Sim";10;0;1;0;9;0;1;3;-23,67758682;-51,35312989;"SPRF-PR";"DEL07-PR";"UOP03-DEL07-PR"
272628;2020-03-01;"domingo";"16:40:00";"SP";116;221,1;"GUARULHOS";"Falta de Atenção à Condução";"Colisão traseira";"Com Vítimas Feridas";"Pleno dia";"Decrescente";"Nublado";"Múltipla";"Reta";"Sim";2;0;1;0;1;0;1;2;-23,4684033;-46,50840998;"SPRF-SP";"DEL01-SP";"UOP01-DEL01-SP"
272629;2020-03-01;"domingo";"16:30:00";"MG";40;734,9;"SANTOS DUMONT";"Pista Escorregadia";"Colisão frontal";"Com Vítimas Fatais";"Plena Noite";"Decrescente";"Chuva";"Simples";"Reta";"Não";2;1;0;0;1;0;0;2;-21,36247924;-43,57519146;"SPRF-MG";"DEL05-MG";"UOP01-DEL05-MG"
272630;2020-03-01;"domingo";"17:00:00";"RJ";116;122;"MAGE";"Avarias e/ou desgaste excessivo no pneu";"Saída de leito carroçável";"Com Vítimas Feridas";"Pleno dia";"Crescente";"Garoa/Chuvisco";"Dupla";"Reta";"Não";3;0;1;0;2;0;1;1;-22,65552202;-43,08803558;"SPRF-RJ";"DEL04-RJ";"UOP02-DEL04-RJ"
272631;2020-03-01;"domingo";"16:50:00";"PI";343;335;"TERESINA";"Desobediência às normas de trânsito pelo condutor";"Colisão transversal";"Com Vítimas Feridas";"Pleno dia";"Decrescente";"Céu Claro";"Dupla";"Curva";"Não";2;0;1;0;0;1;1;2;-5,061626;-42,696655;"SPRF-PI";"DEL01-PI";"UOP01-DEL01-PI"
272632;2020-03-01;"domingo";"16:30:00";"TO";153;217;"NOVA OLINDA";"Desobediência às normas de trânsito pelo condutor";"Colisão frontal";"Com Vítimas Fatais";"Pleno dia";"Decrescente";"Nublado";"Simples";"Curva";"Não";3;1;0;2;0;0;2;2;-7,79378479;-48,461259;"SPRF-TO";"DEL02-TO";"UOP01-DEL02-TO"
272634;2020-03-01;"domingo";"15:30:00";"CE";116;62,9;"CHOROZINHO";"Não guardar distância de segurança";"Colisão traseira";"Com Vítimas Feridas";"Pleno dia";"Crescente";"Nublado";"Simples";"Declive;Reta";"Não";4;0;2;0;1;1;2;2;-4,2640181;-38,48896668;"SPRF-CE";"DEL03-CE";"UOP02-DEL03-CE"
272636;2020-03-01;"domingo";"16:30:00";"PR";116;18,5;"ANTONINA";"Velocidade Incompatível";"Colisão com objeto estático";"Com Vítimas Feridas";"Pleno dia";"Decrescente";"Chuva";"Dupla";"Curva";"Não";2;0;2;0;0;0;2;1;-25,1055751;-48,71625423;"SPRF-PR";"DEL01-PR";"UOP02-DEL01-PR"
272637;2020-03-01;"domingo";"17:30:00";"SC";101;139;"BALNEARIO CAMBORIU";"Falta de Atenção à Condução";"Colisão traseira";"Com Vítimas Feridas";"Pleno dia";"Decrescente";"Sol";"Dupla";"Reta";"Não";2;0;1;0;1;0;1;2;-27,02982303;-48,60115006;"SPRF-SC";"DEL04-SC";"UOP03-DEL04-SC"
272639;2020-03-01;"domingo";"16:00:00";"RJ";40;93;"PETROPOLIS";"Pista Escorregadia";"Atropelamento de Pedestre";"Com Vítimas Feridas";"Pleno dia";"Crescente";"Chuva";"Simples";"Curva";"Não";6;0;3;0;3;0;3;3;-22,5554282;-43,25829998;"SPRF-RJ";"DEL01-RJ";"UOP01-DEL01-RJ"
272641;2020-03-01;"domingo";"17:55:00";"MG";50;180;"UBERABA";"Falta de Atenção à Condução";"Colisão traseira";"Com Vítimas Feridas";"Pleno dia";"Crescente";"Céu Claro";"Dupla";"Reta";"Não";2;0;1;0;1;0;1;2;-19,777079;-47,923266;"SPRF-MG";"DEL13-MG";"UOP01-DEL13-MG"
272642;2020-03-01;"domingo";"18:00:00";"RS";116;263;"CANOAS";"Falta de Atenção à Condução";"Colisão traseira";"Com Vítimas Feridas";"Pleno dia";"Crescente";"Céu Claro";"Dupla";"Reta";"Sim";2;0;1;0;1;0;1;2;-29,90545398;-51,17674031;"SPRF-RS";"DEL01-RS";"UOP01-DEL01-RS"
272644;2020-03-01;"domingo";"18:15:00";"GO";60;171,4;"GOIANIA";"Falta de Atenção à Condução";"Colisão com objeto estático";"Com Vítimas Feridas";"Anoitecer";"Crescente";"Céu Claro";"Simples";"Interseção de Vias";"Sim";3;0;2;0;1;0;2;1;-16,7333;-49,3996;"SPRF-GO";"DEL01-GO";"UOP02-DEL01-GO"
272647;2020-03-01;"domingo";"17:50:00";"RS";116;36,2;"VACARIA";"Falta de Atenção à Condução";"Colisão transversal";"Com Vítimas Feridas";"Anoitecer";"Decrescente";"Céu Claro";"Simples";"Reta";"Sim";5;0;1;0;4;0;1;2;-28,49228783;-50,91057315;"SPRF-RS";"DEL05-RS";"UOP03-DEL05-RS"
272648;2020-03-01;"domingo";"18:30:00";"PE";408;74,1;"PAUDALHO";"Falta de Atenção do Pedestre";"Atropelamento de Pedestre";"Com Vítimas Fatais";"Plena Noite";"Decrescente";"Céu Claro";"Múltipla";"Declive";"Sim";2;1;0;1;0;0;1;2;-7,89701706;-35,17300548;"SPRF-PE";"DEL01-PE";"UOP01-DEL01-PE"
272649;2020-03-01;"domingo";"18:20:00";"BA";116;426;"FEIRA DE SANTANA";"Falta de Atenção do Pedestre";"Atropelamento de Pedestre";"Com Vítimas Feridas";"Anoitecer";"Crescente";"Céu Claro";"Simples";"Reta";"Sim";2;0;0;1;0;1;1;2;-12,25457312;-38,98930319;"SPRF-BA";"DEL02-BA";"UOP01-DEL02-BA"
272650;2020-03-01;"domingo";"18:20:00";"PR";376;673;"GUARATUBA";"Avarias e/ou desgaste excessivo no pneu";"Queda de ocupante de veículo";"Com Vítimas Feridas";"Anoitecer";"Crescente";"Chuva";"Dupla";"Reta";"Não";1;0;1;0;0;0;1;1;-25,90092097;-48,92572096;"SPRF-PR";"DEL01-PR";"UOP04-DEL01-PR"
272651;2020-03-01;"domingo";"18:10:00";"BA";116;675;"JEQUIE";"Desobediência às normas de trânsito pelo condutor";"Saída de leito carroçável";"Com Vítimas Feridas";"Plena Noite";"Decrescente";"Céu Claro";"Simples";"Reta";"Não";2;0;2;0;0;0;2;1;-13,82572997;-40,11054482;"SPRF-BA";"DEL03-BA";"UOP01-DEL03-BA"
272652;2020-03-01;"domingo";"18:50:00";"PE";101;40;"IGARASSU";"Ingestão de Álcool";"Colisão traseira";"Sem Vítimas";"Plena Noite";"Crescente";"Céu Claro";"Dupla";"Reta";"Sim";3;0;0;0;2;1;0;3;-7,821475;-34,916545;"SPRF-PE";"DEL01-PE";"UOP02-DEL01-PE"
272653;2020-03-01;"domingo";"19:00:00";"CE";222;6,4;"CAUCAIA";"Ingestão de Álcool";"Colisão transversal";"Com Vítimas Feridas";"Plena Noite";"Decrescente";"Nublado";"Dupla";"Reta";"Sim";2;0;1;1;0;0;2;2;-3,74539216;-38,62188041;"SPRF-CE";"DEL01-CE";"UOP01-DEL01-CE"
272654;2020-03-01;"domingo";"18:00:00";"SP";381;82,9;"SAO PAULO";"Defeito Mecânico no Veículo";"Colisão com objeto estático";"Com Vítimas Feridas";"Anoitecer";"Crescente";"Nublado";"Dupla";"Reta";"Sim";3;0;1;0;1;1;1;3;-23,43795328;-46,56820091;"SPRF-SP";"DEL03-SP";"UOP01-DEL03-SP"
272655;2020-03-01;"domingo";"15:10:00";"RN";104;160,6;"CURRAIS NOVOS";"Pista Escorregadia";"Tombamento";"Com Vítimas Feridas";"Pleno dia";"Crescente";"Chuva";"Simples";"Interseção de Vias";"Não";3;0;2;0;1;0;2;1;-6,20208538;-36,39497993;"SPRF-RN";"DEL03-RN";"UOP02-DEL03-RN"
272656;2020-03-01;"domingo";"19:00:00";"PE";408;88,7;"SAO LOURENCO DA MATA";"Falta de Atenção do Pedestre";"Saída de leito carroçável";"Com Vítimas Feridas";"Plena Noite";"Decrescente";"Nublado";"Dupla";"Reta";"Não";4;0;3;0;1;0;3;2;-7,97432974;-35,08598372;"SPRF-PE";"DEL01-PE";"UOP01-DEL01-PE"
272657;2020-03-01;"domingo";"18:40:00";"PR";277;727,3;"FOZ DO IGUACU";"Restrição de Visibilidade";"Colisão lateral";"Com Vítimas Feridas";"Anoitecer";"Crescente";"Céu Claro";"Dupla";"Reta;Declive";"Sim";2;0;1;0;1;0;1;2;-25,51005681;-54,56674371;"SPRF-PR";"DEL05-PR";"UOP03-DEL05-PR"
272658;2020-03-01;"domingo";"19:10:00";"CE";116;5,5;"FORTALEZA";"Falta de Atenção do Pedestre";"Atropelamento de Pedestre";"Com Vítimas Feridas";"Plena Noite";"Crescente";"Garoa/Chuvisco";"Dupla";"Reta";"Sim";2;0;1;0;1;0;1;2;-3,79467116;-38,50772734;"SPRF-CE";"DEL01-CE";"UOP02-DEL01-CE"
272659;2020-03-01;"domingo";"19:15:00";"PE";101;57;"PAULISTA";"Falta de Atenção à Condução";"Colisão transversal";"Com Vítimas Feridas";"Plena Noite";"Decrescente";"Vento";"Múltipla";"Reta";"Sim";2;0;2;0;0;0;2;2;-7,96346213;-34,91513486;"SPRF-PE";"DEL01-PE";"UOP02-DEL01-PE"
272660;2020-03-01;"domingo";"18:00:00";"MG";50;72;"UBERLANDIA";"Ingestão de Álcool";"Colisão traseira";"Com Vítimas Feridas";"Anoitecer";"Decrescente";"Nublado";"Dupla";"Reta";"Não";2;0;0;1;1;0;1;2;-18,85140204;-48,25345932;"SPRF-MG";"DEL15-MG";"UOP01-DEL15-MG"
272661;2020-03-01;"domingo";"19:20:00";"RJ";101;53;"CAMPOS DOS GOYTACAZES";"Falta de Atenção à Condução";"Colisão traseira";"Com Vítimas Feridas";"Plena Noite";"Crescente";"Chuva";"Simples";"Reta";"Sim";2;0;1;0;0;1;1;2;-21,660484;-41,31128898;"SPRF-RJ";"DEL08-RJ";"UOP01-DEL08-RJ"
272662;2020-03-01;"domingo";"19:20:00";"PR";376;170,3;"MARINGA";"Mal Súbito";"Capotamento";"Com Vítimas Feridas";"Plena Noite";"Crescente";"Garoa/Chuvisco";"Dupla";"Reta";"Sim";1;0;1;0;0;0;1;1;-23,41595703;-51,97950402;"SPRF-PR";"DEL09-PR";"UOP01-DEL09-PR"
272663;2020-03-01;"domingo";"17:40:00";"RS";116;203,9;"PICADA CAFE";"Desobediência às normas de trânsito pelo condutor";"Colisão transversal";"Com Vítimas Feridas";"Anoitecer";"Crescente";"Céu Claro";"Simples";"Reta";"Não";3;0;0;3;0;0;3;2;-29,49113279;-51,14998489;"SPRF-RS";"DEL05-RS";"UOP02-DEL05-RS"
272664;2020-03-01;"domingo";"18:30:00";"SC";280;254,7;"CANOINHAS";"Falta de Atenção à Condução";"Saída de leito carroçável";"Com Vítimas Feridas";"Pleno dia";"Crescente";"Céu Claro";"Simples";"Reta";"Não";2;0;2;0;0;0;2;1;-26,264107;-50,707958;"SPRF-SC";"DEL06-SC";"UOP04-DEL06-SC"
272665;2020-03-01;"domingo";"18:30:00";"BA";20;13;"CORRENTINA";"Não guardar distância de segurança";"Colisão traseira";"Com Vítimas Feridas";"Anoitecer";"Decrescente";"Céu Claro";"Simples";"Reta";"Não";4;0;3;0;1;0;3;2;-13,846515;-46,17727;"SPRF-BA";"DEL10-BA";"UOP01-DEL10-BA"
272666;2020-03-01;"domingo";"19:00:00";"SC";280;54,2;"GUARAMIRIM";"Não guardar distância de segurança";"Colisão traseira";"Com Vítimas Feridas";"Anoitecer";"Crescente";"Nublado";"Simples";"Reta";"Sim";2;0;1;0;1;0;1;2;-26,47539893;-48,983748;"SPRF-SC";"DEL03-SC";"UOP03-DEL03-SC"
272668;2020-03-01;"domingo";"19:45:00";"SC";101;37,9;"JOINVILLE";"Falta de Atenção à Condução";"Tombamento";"Com Vítimas Feridas";"Plena Noite";"Decrescente";"Nublado";"Dupla";"Reta";"Sim";2;0;1;0;0;1;1;2;-26,25050176;-48,90863867;"SPRF-SC";"DEL03-SC";"UOP01-DEL03-SC"
272669;2020-03-01;"domingo";"19:55:00";"MG";262;371,4;"JUATUBA";"Ingestão de Álcool";"Saída de leito carroçável";"Sem Vítimas";"Plena Noite";"Decrescente";"Chuva";"Dupla";"Reta";"Não";1;0;0;0;1;0;0;1;-19,97212126;-44,30817896;"SPRF-MG";"DEL01-MG";"UOP03-DEL01-MG"
272670;2020-03-01;"domingo";"18:30:00";"AL";101;10,6;"NOVO LINO";"Falta de Atenção à Condução";"Atropelamento de Pedestre";"Com Vítimas Feridas";"Plena Noite";"Crescente";"Céu Claro";"Dupla";"Reta";"Sim";2;0;0;1;0;1;1;2;-8,9481489;-35,66640005;"SPRF-AL";"DEL01-AL";"UOP02-DEL01-AL"
272671;2020-03-01;"domingo";"19:30:00";"SP";116;76,4;"ROSEIRA";"Defeito Mecânico no Veículo";"Incêndio";"Sem Vítimas";"Plena Noite";"Decrescente";"Chuva";"Dupla";"Reta";"Não";1;0;0;0;1;0;0;1;-22,8797964798;-45,2751403302;"SPRF-SP";"DEL06-SP";"UOP01-DEL06-SP"
272672;2020-03-01;"domingo";"20:05:00";"SC";101;206;"SAO JOSE";"Falta de Atenção à Condução";"Colisão lateral";"Com Vítimas Feridas";"Plena Noite";"Crescente";"Céu Claro";"Dupla";"Reta";"Sim";2;0;1;0;1;0;1;1;-27,59193546;-48,61824557;"SPRF-SC";"DEL01-SC";"UOP01-DEL01-SC"
272673;2020-03-01;"domingo";"18:40:00";"RS";287;295,9;"SAO PEDRO DO SUL";"Não guardar distância de segurança";"Colisão traseira";"Com Vítimas Feridas";"Anoitecer";"Decrescente";"Céu Claro";"Simples";"Reta";"Não";4;0;2;0;2;0;2;1;-29,64008634;-54,32320197;"SPRF-RS";"DEL09-RS";"UOP01-DEL09-RS"
272674;2020-03-01;"domingo";"19:20:00";"RJ";101;313;"SAO GONCALO";"Falta de Atenção à Condução";"Colisão frontal";"Com Vítimas Feridas";"Plena Noite";"Crescente";"Garoa/Chuvisco";"Simples";"Viaduto";"Sim";4;0;2;0;2;0;2;2;-22,81049093;-43,06983304;"SPRF-RJ";"DEL02-RJ";"UOP01-DEL02-RJ"
272675;2020-03-01;"domingo";"20:00:00";"PR";369;37,4;"ANDIRA";"Falta de Atenção à Condução";"Colisão traseira";"Com Vítimas Feridas";"Plena Noite";"Decrescente";"Nublado";"Dupla";"Reta";"Sim";1;0;0;1;0;0;1;1;-23,04625901;-50,23381591;"SPRF-PR";"DEL07-PR";"UOP05-DEL07-PR"
272676;2020-03-01;"domingo";"19:45:00";"PB";101;88;"JOAO PESSOA";"Pista Escorregadia";"Tombamento";"Com Vítimas Feridas";"Plena Noite";"Crescente";"Chuva";"Dupla";"Curva";"Sim";1;0;1;0;0;0;1;1;-7,16470016;-34,89993643;"SPRF-PB";"DEL01-PB";"UOP01-DEL01-PB"
272677;2020-03-01;"domingo";"18:45:00";"BA";101;525;"BUERAREMA";"Animais na Pista";"Atropelamento de Animal";"Com Vítimas Fatais";"Plena Noite";"Decrescente";"Céu Claro";"Simples";"Reta";"Não";2;2;0;0;0;0;0;1;-14,96104938;-39,3091464;"SPRF-BA";"DEL05-BA";"UOP01-DEL05-BA"
272678;2020-03-01;"domingo";"19:35:00";"MG";381;484,5;"BETIM";"Objeto estático sobre o leito carroçável";"Colisão com objeto estático";"Com Vítimas Feridas";"Plena Noite";"Decrescente";"Chuva";"Dupla";"Reta";"Sim";4;0;2;0;2;0;2;2;-19,95531717;-44,11722196;"SPRF-MG";"DEL01-MG";"UOP03-DEL01-MG"
272679;2020-03-01;"domingo";"20:00:00";"PR";376;399;"TIBAGI";"Defeito na Via";"Saída de leito carroçável";"Com Vítimas Feridas";"Plena Noite";"Crescente";"Nublado";"Simples";"Aclive;Reta";"Não";1;0;1;0;0;0;1;1;-24,59258636;-50,67280728;"SPRF-PR";"DEL03-PR";"UOP02-DEL03-PR"
272680;2020-03-01;"domingo";"19:55:00";"SC";101;329,5;"TUBARAO";"Defeito Mecânico no Veículo";"Tombamento";"Com Vítimas Feridas";"Plena Noite";"Crescente";"Nublado";"Dupla";"Reta";"Não";2;0;1;1;0;0;2;1;-28,44404822;-48,96611372;"SPRF-SC";"DEL02-SC";"UOP01-DEL02-SC"
272681;2020-03-01;"domingo";"18:15:00";"RO";364;720;"PORTO VELHO";"Falta de Atenção à Condução";"Saída de leito carroçável";"Sem Vítimas";"Anoitecer";"Decrescente";"Céu Claro";"Dupla";"Curva;Declive";"Não";1;0;0;0;0;1;0;1;-8,81451931;-63,91986092;"SPRF-RO";"DEL01-RO";"UOP01-DEL01-RO"
272682;2020-03-01;"domingo";"20:00:00";"PR";277;633;"CEU AZUL";"Falta de Atenção à Condução";"Colisão transversal";"Com Vítimas Feridas";"Plena Noite";"Decrescente";"Ignorado";"Simples";"Reta";"Sim";2;0;1;0;0;1;1;2;-25,12585236;-53,81903487;"SPRF-PR";"DEL05-PR";"UOP02-DEL05-PR"