"id";"data_inversa";"dia_semana";"horario";"uf";"br";"km";"municipio";"causa_acidente";"tipo_acidente";"classificacao_acidente";"fase_dia";"sentido_via";"condicao_metereologica";"tipo_pista";"tracado_via";"uso_solo";"pessoas";"mortos";"feridos_leves";"feridos_graves";"ilesos";"ignorados";"feridos";"veiculos";"latitude";"longitude";"regional";"delegacia";"uop"
272683;2020-03-01;"domingo";"14:30:00";"SP";116;426;"JUQUIA";"Ingestão de Álcool";"Saída de leito carroçável";"Sem Vítimas";"Pleno dia";"Crescente";"Chuva";"Dupla";"Reta";"Sim";1;0;0;0;1;0;0;1;-24,38735659;-47,7169352;"SPRF-SP";"DEL05-SP";"UOP01-DEL05-SP"
272684;2020-03-01;"domingo";"19:45:00";"GO";50;201;"CAMPO ALEGRE DE GOIAS";"Falta de Atenção à Condução";"Colisão transversal";"Com Vítimas Feridas";"Plena Noite";"Decrescente";"Chuva";"Dupla";"Reta";"Não";7;0;1;0;6;0;1;2;-17,5864;-47,8127;"SPRF-GO";"DEL06-GO";"UOP01-DEL06-GO"
272685;2020-03-01;"domingo";"20:10:00";"MG";50;93,8;"UBERLANDIA";"Pista Escorregadia";"Saída de leito carroçável";"Com Vítimas Feridas";"Plena Noite";"Decrescente";"Chuva";"Dupla";"Aclive";"Não";1;0;1;0;0;0;1;1;-19,07492502;-48,18892306;"SPRF-MG";"DEL15-MG";"UOP01-DEL15-MG"
272686;2020-03-01;"domingo";"20:15:00";"RN";110;46;"MOSSORO";"Ingestão de Álcool";"Colisão traseira";"Com Vítimas Feridas";"Plena Noite";"Decrescente";"Nublado";"Simples";"Reta";"Sim";3;0;2;0;1;0;2;2;-5,19797675;-37,31839819;"SPRF-RN";"DEL04-RN";"UOP01-DEL04-RN"
272687;2020-03-01;"domingo";"20:05:00";"RS";470;215;"BENTO GONCALVES";"Desobediência às normas de trânsito pelo condutor";"Colisão transversal";"Com Vítimas Feridas";"Plena Noite";"Decrescente";"Céu Claro";"Simples";"Reta";"Não";6;0;0;1;4;1;1;4;-29,150635;-51,530241;"SPRF-RS";"DEL06-RS";"UOP01-DEL06-RS"
272688;2020-03-01;"domingo";"17:00:00";"MG";40;615,1;"CONGONHAS";"Falta de Atenção do Pedestre";"Atropelamento de Pedestre";"Com Vítimas Fatais";"Pleno dia";"Crescente";"Garoa/Chuvisco";"Simples";"Reta;Interseção de Vias;Declive";"Não";2;1;0;0;0;1;0;2;-20,54324085;-43,82092422;"SPRF-MG";"DEL05-MG";"UOP02-DEL05-MG"
272689;2020-03-01;"domingo";"17:30:00";"BA";101;406,5;"IBIRAPITANGA";"Velocidade Incompatível";"Capotamento";"Com Vítimas Feridas";"Anoitecer";"Crescente";"Céu Claro";"Simples";"Curva";"Não";1;0;1;0;0;0;1;1;-14,1385076;-39,35387593;"SPRF-BA";"DEL05-BA";"UOP03-DEL05-BA"
272690;2020-03-01;"domingo";"20:55:00";"MG";364;1;"PLANURA";"Ingestão de Álcool";"Colisão traseira";"Com Vítimas Feridas";"Plena Noite";"Decrescente";"Chuva";"Simples";"Curva";"Não";4;0;1;0;3;0;1;2;-20,15329693;-48,68865967;"SPRF-MG";"DEL13-MG";"UOP02-DEL13-MG"
272691;2020-03-01;"domingo";"20:50:00";"SC";101;445;"SANTA ROSA DO SUL";"Falta de Atenção à Condução";"Saída de leito carroçável";"Com Vítimas Feridas";"Plena Noite";"Decrescente";"Ignorado";"Simples";"Interseção de Vias";"Sim";2;0;1;0;1;0;1;2;-29,13876138;-49,71567783;"SPRF-SC";"DEL02-SC";"UOP02-DEL02-SC"
272694;2020-03-01;"domingo";"19:43:00";"PE";407;125,5;"PETROLINA";"Não guardar distância de segurança";"Colisão traseira";"Sem Vítimas";"Plena Noite";"Crescente";"Céu Claro";"Dupla";"Reta";"Não";3;0;0;0;3;0;0;3;-9,381404;-40,53194;"SPRF-PE";"DEL06-PE";"UOP01-DEL06-PE"
272695;2020-03-01;"domingo";"15:15:00";"PR";116;116;"CURITIBA";"Velocidade Incompatível";"Queda de ocupante de veículo";"Com Vítimas Feridas";"Pleno dia";"Decrescente";"Garoa/Chuvisco";"Dupla";"Reta";"Sim";1;0;0;1;0;0;1;1;-25,55468195;-49,27402397;"SPRF-PR";"DEL01-PR";"UOP03-DEL01-PR"
272696;2020-03-01;"domingo";"18:50:00";"RO";364;709;"PORTO VELHO";"Defeito Mecânico no Veículo";"Incêndio";"Sem Vítimas";"Plena Noite";"Decrescente";"Céu Claro";"Múltipla";"Reta";"Sim";1;0;0;0;1;0;0;1;-8,7893934;-63,85227084;"SPRF-RO";"DEL01-RO";"UOP01-DEL01-RO"
272697;2020-03-01;"domingo";"17:20:00";"MG";40;615,1;"CONGONHAS";"Falta de Atenção à Condução";"Colisão traseira";"Com Vítimas Feridas";"Pleno dia";"Crescente";"Chuva";"Simples";"Reta";"Não";3;0;2;0;1;0;2;2;-20,543018;-43,820899;"SPRF-MG";"DEL05-MG";"UOP02-DEL05-MG"
272698;2020-03-01;"domingo";"21:00:00";"ES";101;203,5;"JOAO NEIVA";"Velocidade Incompatível";"Saída de leito carroçável";"Com Vítimas Feridas";"Plena Noite";"Crescente";"Chuva";"Simples";"Curva";"Sim";2;0;1;0;1;0;1;1;-19,74448248;-40,37263506;"SPRF-ES";"DEL04-ES";"UOP01-DEL04-ES"
272699;2020-03-01;"domingo";"20:20:00";"PR";376;185,2;"SARANDI";"Desobediência às normas de trânsito pelo pedestre";"Atropelamento de Pedestre";"Com Vítimas Fatais";"Pleno dia";"Crescente";"Nublado";"Dupla";"Reta";"Sim";3;1;0;0;2;0;0;2;-23,4477482;-51,8602962;"SPRF-PR";"DEL09-PR";"UOP01-DEL09-PR"
272700;2020-03-01;"domingo";"20:20:00";"SP";116;392,8;"MIRACATU";"Ingestão de Álcool";"Colisão traseira";"Com Vítimas Feridas";"Plena Noite";"Decrescente";"Garoa/Chuvisco";"Dupla";"Reta";"Não";2;0;1;0;1;0;1;2;-24,2823606;-47,4330272;"SPRF-SP";"DEL04-SP";"UOP02-DEL04-SP"
272702;2020-03-01;"domingo";"21:03:00";"ES";101;346;"GUARAPARI";"Restrição de Visibilidade";"Saída de leito carroçável";"Sem Vítimas";"Plena Noite";"Decrescente";"Chuva";"Simples";"Reta";"Não";3;0;0;0;3;0;0;1;-20,65689775;-40,61882171;"SPRF-ES";"DEL03-ES";"UOP01-DEL03-ES"
272703;2020-03-01;"domingo";"15:05:00";"PR";116;128;"FAZENDA RIO GRANDE";"Velocidade Incompatível";"Queda de ocupante de veículo";"Com Vítimas Feridas";"Pleno dia";"Decrescente";"Garoa/Chuvisco";"Dupla";"Reta";"Não";1;0;0;1;0;0;1;1;-25,62150831;-49,31621728;"SPRF-PR";"DEL01-PR";"UOP03-DEL01-PR"
272705;2020-03-01;"domingo";"20:20:00";"SC";470;123;"LONTRAS";"Animais na Pista";"Atropelamento de Animal";"Sem Vítimas";"Plena Noite";"Crescente";"Céu Claro";"Simples";"Reta";"Não";1;0;0;0;1;0;0;1;-27,106783;-49,522049;"SPRF-SC";"DEL04-SC";"UOP02-DEL04-SC"
272706;2020-03-01;"domingo";"20:00:00";"BA";324;619;"SALVADOR";"Defeito Mecânico no Veículo";"Incêndio";"Sem Vítimas";"Plena Noite";"Crescente";"Céu Claro";"Simples";"Reta";"Sim";1;0;0;0;1;0;0;1;-12,89820999;-38,45012202;"SPRF-BA";"DEL01-BA";"UOP01-DEL01-BA"
272708;2020-03-01;"domingo";"17:50:00";"PR";376;665;"TIJUCAS DO SUL";"Pista Escorregadia";"Saída de leito carroçável";"Com Vítimas Feridas";"Pleno dia";"Crescente";"Chuva";"Múltipla";"Curva";"Não";2;0;1;0;1;0;1;1;-25,85455838;-48,95670808;"SPRF-PR";"DEL01-PR";"UOP04-DEL01-PR"
272710;2020-03-01;"domingo";"19:20:00";"PE";428;184;"PETROLINA";"Deficiência ou não Acionamento do Sistema de Iluminação/Sinalização do Veículo";"Colisão lateral";"Sem Vítimas";"Plena Noite";"Decrescente";"Céu Claro";"Simples";"Reta";"Sim";2;0;0;0;1;1;0;2;-9,34208598;-40,47129929;"SPRF-PE";"DEL06-PE";"UOP01-DEL06-PE"
272711;2020-03-01;"domingo";"13:40:00";"PR";376;665;"TIJUCAS DO SUL";"Falta de Atenção à Condução";"Queda de ocupante de veículo";"Com Vítimas Feridas";"Pleno dia";"Decrescente";"Chuva";"Dupla";"Reta";"Não";1;0;1;0;0;0;1;1;-25,85455838;-48,95670808;"SPRF-PR";"DEL01-PR";"UOP04-DEL01-PR"
272714;2020-03-01;"domingo";"21:45:00";"SC";101;120,8;"ITAJAI";"Falta de Atenção à Condução";"Saída de leito carroçável";"Com Vítimas Feridas";"Plena Noite";"Crescente";"Nublado";"Dupla";"Interseção de Vias;Reta";"Sim";1;0;0;1;0;0;1;1;-26,91927659;-48,70962381;"SPRF-SC";"DEL04-SC";"UOP04-DEL04-SC"
272715;2020-03-01;"domingo";"22:35:00";"PB";230;28,1;"JOAO PESSOA";"Ingestão de Álcool";"Colisão com objeto estático";"Com Vítimas Feridas";"Plena Noite";"Decrescente";"Nublado";"Simples";"Viaduto";"Sim";2;0;1;1;0;0;2;1;-7,1651;-34,8941;"SPRF-PB";"DEL01-PB";"UOP01-DEL01-PB"
272716;2020-03-01;"domingo";"23:00:00";"MG";381;717;"CARMO DA CACHOEIRA";"Condutor Dormindo";"Saída de leito carroçável";"Com Vítimas Feridas";"Plena Noite";"Crescente";"Chuva";"Dupla";"Curva";"Não";2;0;1;0;1;0;1;1;-21,43704005;-45,20756491;"SPRF-MG";"DEL04-MG";"UOP02-DEL04-MG"
272717;2020-03-01;"domingo";"21:20:00";"MG";40;276,7;"TRES MARIAS";"Ingestão de Álcool";"Saída de leito carroçável";"Com Vítimas Feridas";"Plena Noite";"Crescente";"Nublado";"Simples";"Declive;Reta";"Não";1;0;0;1;0;0;1;1;-18,21263832;-45,22496223;"SPRF-MG";"DEL14-MG";"UOP02-DEL14-MG"
272719;2020-03-01;"domingo";"21:40:00";"SC";101;434;"SOMBRIO";"Restrição de Visibilidade";"Colisão traseira";"Com Vítimas Feridas";"Plena Noite";"Decrescente";"Chuva";"Dupla";"Aclive";"Sim";2;0;1;0;1;0;1;2;-29,09617274;-49,63356681;"SPRF-SC";"DEL02-SC";"UOP02-DEL02-SC"
272720;2020-03-01;"domingo";"22:10:00";"RS";101;87;"OSORIO";"Falta de Atenção à Condução";"Colisão lateral";"Com Vítimas Feridas";"Plena Noite";"Decrescente";"Céu Claro";"Dupla";"Reta";"Sim";2;0;1;0;1;0;1;2;-29,88149021;-50,26433789;"SPRF-RS";"DEL03-RS";"UOP01-DEL03-RS"
272721;2020-02-03;"segunda-feira";"05:50:00";"MS";262;467;"ANASTACIO";"Pista Escorregadia";"Colisão com objeto estático";"Com Vítimas Feridas";"Amanhecer";"Crescente";"Chuva";"Simples";"Reta";"Não";1;0;1;0;0;0;1;1;-20,52162461;-55,6006087;"SPRF-MS";"DEL03-MS";"UOP01-DEL03-MS"
272722;2020-03-01;"domingo";"22:30:00";"CE";20;392;"CAUCAIA";"Animais na Pista";"Atropelamento de Animal";"Com Vítimas Feridas";"Plena Noite";"Crescente";"Nublado";"Simples";"Reta";"Não";2;0;2;0;0;0;2;1;-3,84340429;-38,77220576;"SPRF-CE";"DEL01-CE";"UOP01-DEL01-CE"
272723;2020-02-22;"sábado";"18:20:00";"MS";163;6;"MUNDO NOVO";"Defeito Mecânico no Veículo";"Queda de ocupante de veículo";"Com Vítimas Feridas";"Plena Noite";"Crescente";"Céu Claro";"Simples";"Reta";"Não";2;0;1;0;1;0;1;1;-23,99691709;-54,32640553;"SPRF-MS";"DEL09-MS";"UOP02-DEL09-MS"
272725;2020-03-02;"segunda-feira";"00:40:00";"SP";116;272,3;"TABOAO DA SERRA";"Ingestão de Álcool";"Colisão traseira";"Com Vítimas Feridas";"Plena Noite";"Decrescente";"Nublado";"Dupla";"Reta";"Sim";4;0;1;0;3;0;1;3;-23,621691;-46,813288;"SPRF-SP";"DEL04-SP";"UOP01-DEL04-SP"
272727;2020-03-02;"segunda-feira";"01:00:00";"PR";376;650;"TIJUCAS DO SUL";"Falta de Atenção à Condução";"Capotamento";"Com Vítimas Feridas";"Plena Noite";"Crescente";"Chuva";"Dupla";"Curva";"Não";5;0;1;0;4;0;1;1;-25,84564757;-49,08816197;"SPRF-PR";"DEL01-PR";"UOP04-DEL01-PR"
272728;2020-03-01;"domingo";"21:05:00";"SC";101;362,9;"SANGAO";"Falta de Atenção à Condução";"Colisão traseira";"Com Vítimas Feridas";"Plena Noite";"Crescente";"Chuva";"Dupla";"Declive;Reta";"Não";5;0;3;0;2;0;3;2;-28,67136197;-49,12225505;"SPRF-SC";"DEL02-SC";"UOP01-DEL02-SC"
272729;2020-03-02;"segunda-feira";"01:05:00";"PR";116;24,9;"ANTONINA";"Ingestão de Álcool";"Atropelamento de Pedestre";"Com Vítimas Feridas";"Plena Noite";"Decrescente";"Chuva";"Múltipla";"Curva";"Não";2;0;0;1;1;0;1;2;-25,109839;-48,84363;"SPRF-PR";"DEL01-PR";"UOP02-DEL01-PR"
272730;2020-03-01;"domingo";"20:30:00";"AP";156;819;"OIAPOQUE";"Ingestão de Álcool";"Colisão traseira";"Sem Vítimas";"Plena Noite";"Crescente";"Céu Claro";"Simples";"Reta";"Sim";2;0;0;0;2;0;0;2;3,83552896;-51,80935802;"SPRF-AP";"DEL01-AP";"UOP03-DEL01-AP"
272731;2020-03-01;"domingo";"21:00:00";"MG";116;175;"GOVERNADOR VALADARES";"Falta de Atenção à Condução";"Colisão frontal";"Com Vítimas Feridas";"Plena Noite";"Crescente";"Chuva";"Simples";"Reta";"Não";3;0;1;1;1;0;2;2;-18,97946221;-42,1012938;"SPRF-MG";"DEL11-MG";"UOP02-DEL11-MG"
272732;2020-03-02;"segunda-feira";"00:30:00";"MS";163;484,4;"CAMPO GRANDE";"Falta de Atenção à Condução";"Colisão traseira";"Com Vítimas Feridas";"Plena Noite";"Decrescente";"Céu Claro";"Simples";"Reta";"Sim";3;0;1;0;1;1;1;2;-20,45104898;-54,5403266;"SPRF-MS";"DEL01-MS";"UOP02-DEL01-MS"
272734;2020-03-02;"segunda-feira";"01:58:00";"PB";230;45;"SANTA RITA";"Animais na Pista";"Saída de leito carroçável";"Com Vítimas Feridas";"Plena Noite";"Decrescente";"Chuva";"Dupla";"Reta";"Não";2;0;1;1;0;0;2;1;-7,1583;-35,0176;"SPRF-PB";"DEL01-PB";"UOP03-DEL01-PB"
272735;2020-03-01;"domingo";"21:45:00";"AC";317;69;"SENADOR GUIOMARD";"Velocidade Incompatível";"Saída de leito carroçável";"Sem Vítimas";"Plena Noite";"Crescente";"Céu Claro";"Simples";"Curva";"Não";1;0;0;0;1;0;0;1;-10,06882456;-67,58119047;"SPRF-AC";"DEL01-AC";"UOP01-DEL01-AC"
272737;2020-03-02;"segunda-feira";"02:00:00";"PI";230;307,2;"FLORIANO";"Desobediência às normas de trânsito pelo condutor";"Queda de ocupante de veículo";"Com Vítimas Fatais";"Plena Noite";"Decrescente";"Céu Claro";"Simples";"Reta";"Sim";1;1;0;0;0;0;0;1;-6,784064;-42,997659;"SPRF-PI";"DEL03-PI";"UOP01-DEL03-PI"
272738;2020-03-02;"segunda-feira";"01:30:00";"GO";153;506,8;"APARECIDA DE GOIANIA";"Ingestão de Álcool";"Queda de ocupante de veículo";"Com Vítimas Feridas";"Plena Noite";"Crescente";"Chuva";"Múltipla";"Declive;Reta";"Sim";1;0;0;1;0;0;1;1;-16,7633;-49,24;"SPRF-GO";"DEL01-GO";"UOP01-DEL01-GO"
272740;2020-03-01;"domingo";"16:40:00";"BA";110;356;"CATU";"Defeito na Via";"Atropelamento de Pedestre";"Com Vítimas Feridas";"Anoitecer";"Decrescente";"Nublado";"Simples";"Reta";"Não";2;0;2;0;0;0;2;2;-12,33382685;-38,38306938;"SPRF-BA";"DEL01-BA";"UOP04-DEL01-BA"
272741;2020-03-01;"domingo";"20:40:00";"BA";110;341;"ALAGOINHAS";"Defeito na Via";"Queda de ocupante de veículo";"Com Vítimas Feridas";"Plena Noite";"Crescente";"Céu Claro";"Simples";"Reta";"Não";1;0;1;0;0;0;1;1;-12,22473097;-38,41208625;"SPRF-BA";"DEL01-BA";"UOP04-DEL01-BA"
272742;2020-03-02;"segunda-feira";"00:45:00";"RN";304;109,1;"ACU";"Desobediência às normas de trânsito pelo condutor";"Atropelamento de Pedestre";"Com Vítimas Feridas";"Plena Noite";"Crescente";"Céu Claro";"Simples";"Reta";"Não";2;0;0;1;0;1;1;2;-5,59017328;-36,94504922;"SPRF-RN";"DEL04-RN";"UOP01-DEL04-RN"
272744;2020-03-02;"segunda-feira";"03:00:00";"GO";60;47,4;"ABADIANIA";"Animais na Pista";"Colisão com objeto estático";"Com Vítimas Fatais";"Plena Noite";"Decrescente";"Chuva";"Dupla";"Curva;Retorno Regulamentado;Declive";"Não";4;1;1;2;0;0;3;1;-16,1489038;-48,6094652;"SPRF-GO";"DEL02-GO";"UOP01-DEL02-GO"
272745;2020-03-02;"segunda-feira";"03:20:00";"SC";116;188,3;"SAO CRISTOVAO DO SUL";"Condutor Dormindo";"Saída de leito carroçável";"Com Vítimas Feridas";"Plena Noite";"Crescente";"Céu Claro";"Simples";"Reta";"Não";1;0;1;0;0;0;1;1;-27,32965789;-50,42513021;"SPRF-SC";"DEL05-SC";"UOP03-DEL05-SC"
272747;2020-03-02;"segunda-feira";"04:30:00";"ES";262;73;"MARECHAL FLORIANO";"Pista Escorregadia";"Saída de leito carroçável";"Com Vítimas Feridas";"Plena Noite";"Crescente";"Chuva";"Simples";"Curva";"Não";4;0;3;0;1;0;3;1;-20,41066352;-40,88380166;"SPRF-ES";"DEL01-ES";"UOP02-DEL01-ES"
272749;2020-03-02;"segunda-feira";"05:00:00";"ES";259;55,2;"COLATINA";"Pista Escorregadia";"Colisão com objeto estático";"Com Vítimas Feridas";"Plena Noite";"Decrescente";"Chuva";"Simples";"Curva";"Não";3;0;0;2;1;0;2;3;-19,49728877;-40,64565003;"SPRF-ES";"DEL02-ES";"UOP01-DEL02-ES"
272751;2020-03-02;"segunda-feira";"00:01:00";"RS";471;190,5;"RIO PARDO";"Velocidade Incompatível";"Saída de leito carroçável";"Com Vítimas Feridas";"Plena Noite";"Crescente";"Céu Claro";"Simples";"Reta";"Não";3;0;2;1;0;0;3;1;-30,165918;-52,374424;"SPRF-RS";"DEL02-RS";"UOP02-DEL02-RS"
272752;2020-03-02;"segunda-feira";"04:40:00";"BA";101;891;"TEIXEIRA DE FREITAS";"Animais na Pista";"Atropelamento de Animal";"Com Vítimas Feridas";"Amanhecer";"Crescente";"Céu Claro";"Simples";"Aclive";"Não";1;0;1;0;0;0;1;1;-17,5638017;-39,7240188;"SPRF-BA";"DEL09-BA";"UOP02-DEL09-BA"
272753;2020-03-02;"segunda-feira";"04:30:00";"RJ";101;542;"PARATY";"Pista Escorregadia";"Colisão com objeto estático";"Com Vítimas Feridas";"Amanhecer";"Decrescente";"Nublado";"Simples";"Curva";"Não";1;0;1;0;0;0;1;1;-23,0415093;-44,59574819;"SPRF-RJ";"DEL03-RJ";"UOP02-DEL03-RJ"
272754;2020-03-02;"segunda-feira";"05:40:00";"CE";222;228;"SOBRAL";"Falta de Atenção à Condução";"Colisão traseira";"Sem Vítimas";"Amanhecer";"Decrescente";"Céu Claro";"Simples";"Reta";"Não";2;0;0;0;2;0;0;2;-3,69692236;-40,38424981;"SPRF-CE";"DEL04-CE";"UOP01-DEL04-CE"
272756;2020-03-02;"segunda-feira";"06:15:00";"MG";116;277,8;"TEOFILO OTONI";"Falta de Atenção à Condução";"Atropelamento de Animal";"Com Vítimas Feridas";"Pleno dia";"Crescente";"Céu Claro";"Múltipla";"Reta";"Sim";1;0;1;0;0;0;1;1;-17,859945;-41,515144;"SPRF-MG";"DEL11-MG";"UOP01-DEL11-MG"
272757;2020-03-02;"segunda-feira";"06:10:00";"RS";101;43;"TERRA DE AREIA";"Falta de Atenção à Condução";"Saída de leito carroçável";"Sem Vítimas";"Amanhecer";"Crescente";"Nublado";"Dupla";"Reta";"Sim";1;0;0;0;1;0;0;1;-29,55749023;-50,0407578;"SPRF-RS";"DEL03-RS";"UOP02-DEL03-RS"
272759;2020-03-02;"segunda-feira";"06:50:00";"ES";101;73;"SAO MATEUS";"Falta de Atenção à Condução";"Colisão transversal";"Com Vítimas Feridas";"Pleno dia";"Crescente";"Sol";"Simples";"Reta";"Não";2;0;1;0;1;0;1;2;-18,77024976;-39,86802529;"SPRF-ES";"DEL04-ES";"UOP02-DEL04-ES"
272761;2020-03-02;"segunda-feira";"07:00:00";"RN";101;106;"PARNAMIRIM";"Desobediência às normas de trânsito pelo condutor";"Colisão transversal";"Com Vítimas Feridas";"Pleno dia";"Crescente";"Céu Claro";"Simples";"Interseção de Vias";"Sim";2;0;1;0;1;0;1;2;-5,91056401;-35,26130795;"SPRF-RN";"DEL01-RN";"UOP01-DEL01-RN"
272762;2020-03-02;"segunda-feira";"05:30:00";"PE";424;98,6;"GARANHUNS";"Agressão Externa";"Saída de leito carroçável";"Com Vítimas Feridas";"Amanhecer";"Decrescente";"Céu Claro";"Simples";"Curva";"Não";1;0;1;0;0;0;1;1;-8,94248907;-36,50883182;"SPRF-PE";"DEL03-PE";"UOP01-DEL03-PE"
272763;2020-02-11;"terça-feira";"18:10:00";"ES";101;0;"SERRA";"Falta de Atenção à Condução";"Colisão lateral";"Com Vítimas Feridas";"Plena Noite";"Crescente";"Chuva";"Múltipla";"Curva";"Sim";2;0;1;0;1;0;1;2;-20,2350673;-40,27693838;"SPRF-ES";"DEL02-ES";"UOP01-DEL02-ES"
272767;2020-03-02;"segunda-feira";"06:55:00";"SC";101;215,3;"PALHOCA";"Desobediência às normas de trânsito pelo condutor";"Colisão traseira";"Com Vítimas Feridas";"Pleno dia";"Decrescente";"Sol";"Dupla";"Curva";"Sim";2;0;1;0;1;0;1;2;-27,65184843;-48,67604941;"SPRF-SC";"DEL01-SC";"UOP02-DEL01-SC"
272769;2020-03-02;"segunda-feira";"06:50:00";"GO";60;239,2;"INDIARA";"Pista Escorregadia";"Saída de leito carroçável";"Com Vítimas Feridas";"Amanhecer";"Crescente";"Chuva";"Dupla";"Declive;Reta;Retorno Regulamentado";"Não";2;0;0;2;0;0;2;1;-17;-49,881921;"SPRF-GO";"DEL01-GO";"UOP02-DEL01-GO"
272771;2020-03-02;"segunda-feira";"06:55:00";"RS";116;244,6;"SAO LEOPOLDO";"Desobediência às normas de trânsito pelo condutor";"Colisão lateral";"Com Vítimas Feridas";"Pleno dia";"Crescente";"Sol";"Dupla";"Reta";"Sim";3;0;1;0;2;0;1;3;-29,74088003;-51,15039566;"SPRF-RS";"DEL01-RS";"UOP02-DEL01-RS"
272773;2020-03-02;"segunda-feira";"07:15:00";"SC";101;209;"SAO JOSE";"Falta de Atenção à Condução";"Colisão traseira";"Com Vítimas Feridas";"Pleno dia";"Decrescente";"Céu Claro";"Múltipla";"Reta";"Não";3;0;1;1;1;0;2;3;-27,61000542;-48,63895057;"SPRF-SC";"DEL01-SC";"UOP01-DEL01-SC"
272774;2020-03-02;"segunda-feira";"07:35:00";"SC";101;136;"BALNEARIO CAMBORIU";"Velocidade Incompatível";"Colisão traseira";"Com Vítimas Feridas";"Pleno dia";"Decrescente";"Nublado";"Dupla";"Reta";"Sim";2;0;1;0;1;0;1;2;-27,008113;-48,617245;"SPRF-SC";"DEL04-SC";"UOP03-DEL04-SC"
272775;2020-03-02;"segunda-feira";"06:30:00";"RJ";40;112,9;"DUQUE DE CAXIAS";"Falta de Atenção à Condução";"Colisão traseira";"Com Vítimas Feridas";"Pleno dia";"Crescente";"Chuva";"Múltipla";"Reta";"Sim";1;0;1;0;0;0;1;1;-22,70986;-43,29031;"SPRF-RJ";"DEL01-RJ";"UOP01-DEL01-RJ"
272776;2020-03-02;"segunda-feira";"06:40:00";"PB";230;124;"RIACHAO DO BACAMARTE";"Falta de Atenção do Pedestre";"Atropelamento de Pedestre";"Com Vítimas Feridas";"Amanhecer";"Crescente";"Céu Claro";"Dupla";"Aclive";"Não";2;0;0;1;0;1;1;2;-7,2465;-35,6751;"SPRF-PB";"DEL02-PB";"UOP01-DEL02-PB"
272777;2020-03-02;"segunda-feira";"05:50:00";"MG";50;118,9;"UBERABA";"Velocidade Incompatível";"Saída de leito carroçável";"Com Vítimas Feridas";"Amanhecer";"Crescente";"Céu Claro";"Dupla";"Reta";"Não";1;0;0;1;0;0;1;1;-19,300057;-48,114047;"SPRF-MG";"DEL13-MG";"UOP01-DEL13-MG"
272778;2020-03-02;"segunda-feira";"07:40:00";"RS";392;352,4;"SANTA MARIA";"Falta de Atenção à Condução";"Atropelamento de Pedestre";"Com Vítimas Feridas";"Pleno dia";"Crescente";"Sol";"Simples";"Reta";"Sim";2;0;1;0;1;0;1;2;-29,720404;-53,807632;"SPRF-RS";"DEL09-RS";"UOP01-DEL09-RS"
272780;2020-03-02;"segunda-feira";"07:35:00";"SC";101;42;"JOINVILLE";"Falta de Atenção à Condução";"Colisão lateral";"Com Vítimas Feridas";"Pleno dia";"Crescente";"Nublado";"Dupla";"Reta";"Sim";2;0;1;0;1;0;1;2;-26,32496038;-48,86650085;"SPRF-SC";"DEL03-SC";"UOP01-DEL03-SC"
272781;2020-03-02;"segunda-feira";"07:50:00";"SP";153;52,9;"SAO JOSE DO RIO PRETO";"Velocidade Incompatível";"Tombamento";"Com Vítimas Feridas";"Pleno dia";"Decrescente";"Céu Claro";"Simples";"Rotatória";"Sim";1;0;1;0;0;0;1;1;-20,72702499;-49,33838971;"SPRF-SP";"DEL09-SP";"UOP01-DEL09-SP"
272782;2020-03-02;"segunda-feira";"08:00:00";"RS";153;49,9;"ERECHIM";"Desobediência às normas de trânsito pelo condutor";"Colisão transversal";"Com Vítimas Feridas";"Pleno dia";"Decrescente";"Céu Claro";"Simples";"Reta";"Não";2;0;0;1;0;1;1;2;-27,65513812;-52,26579899;"SPRF-RS";"DEL08-RS";"UOP04-DEL08-RS"
272783;2020-03-02;"segunda-feira";"08:05:00";"SC";101;216;"PALHOCA";"Desobediência às normas de trânsito pelo condutor";"Colisão lateral";"Com Vítimas Feridas";"Pleno dia";"Decrescente";"Sol";"Dupla";"Reta";"Sim";2;0;1;0;1;0;1;2;-27,65981409;-48,67747798;"SPRF-SC";"DEL01-SC";"UOP02-DEL01-SC"
272784;2020-03-02;"segunda-feira";"08:00:00";"SC";101;116;"ITAJAI";"Falta de Atenção à Condução";"Colisão traseira";"Com Vítimas Feridas";"Pleno dia";"Crescente";"Nublado";"Dupla";"Reta";"Não";2;0;0;1;1;0;1;2;-26,87905605;-48,72603512;"SPRF-SC";"DEL04-SC";"UOP04-DEL04-SC"
272785;2020-03-02;"segunda-feira";"08:00:00";"PR";277;83;"CURITIBA";"Não guardar distância de segurança";"Colisão traseira";"Com Vítimas Feridas";"Pleno dia";"Crescente";"Chuva";"Dupla";"Reta";"Sim";2;0;1;0;1;0;1;2;-25,568939;-49,181978;"SPRF-PR";"DEL01-PR";"UOP06-DEL01-PR"
272786;2020-03-02;"segunda-feira";"06:50:00";"MA";135;7,6;"SAO LUIS";"Falta de Atenção à Condução";"Colisão traseira";"Com Vítimas Feridas";"Pleno dia";"Decrescente";"Nublado";"Dupla";"Rotatória";"Sim";2;0;1;0;1;0;1;2;-2,63608835;-44,26848552;"SPRF-MA";"DEL01-MA";"UOP01-DEL01-MA"
272787;2020-03-02;"segunda-feira";"08:08:00";"BA";324;518,2;"FEIRA DE SANTANA";"Falta de Atenção à Condução";"Colisão transversal";"Com Vítimas Feridas";"Pleno dia";"Decrescente";"Céu Claro";"Simples";"Reta";"Sim";3;0;1;0;1;1;1;3;-12,258195;-38,932182;"SPRF-BA";"DEL02-BA";"UOP01-DEL02-BA"