"id";"data_inversa";"dia_semana";"horario";"uf";"br";"km";"municipio";"causa_acidente";"tipo_acidente";"classificacao_acidente";"fase_dia";"sentido_via";"condicao_metereologica";"tipo_pista";"tracado_via";"uso_solo";"pessoas";"mortos";"feridos_leves";"feridos_graves";"ilesos";"ignorados";"feridos";"veiculos";"latitude";"longitude";"regional";"delegacia";"uop"
273025;2020-03-03;"terça-feira";"11:50:00";"SC";101;44;"JOINVILLE";"Velocidade Incompatível";"Colisão com objeto estático";"Sem Vítimas";"Pleno dia";"Decrescente";"Chuva";"Dupla";"Curva";"Sim";1;0;0;0;1;0;0;1;-26,31238996;-48,87458997;"SPRF-SC";"DEL03-SC";"UOP01-DEL03-SC"
273030;2020-03-03;"terça-feira";"12:10:00";"MG";116;275;"TEOFILO OTONI";"Falta de Atenção à Condução";"Colisão transversal";"Com Vítimas Feridas";"Pleno dia";"Crescente";"Nublado";"Simples";"Declive;Curva";"Sim";3;0;1;1;1;0;2;2;-17,84558996;-41,51542425;"SPRF-MG";"DEL11-MG";"UOP01-DEL11-MG"
273032;2020-03-03;"terça-feira";"13:00:00";"SC";101;117;"ITAJAI";"Desobediência às normas de trânsito pelo condutor";"Colisão transversal";"Com Vítimas Feridas";"Pleno dia";"Crescente";"Garoa/Chuvisco";"Simples";"Interseção de Vias";"Sim";2;0;2;0;0;0;2;2;-26,89011469;-48,72247696;"SPRF-SC";"DEL04-SC";"UOP04-DEL04-SC"
273033;2020-03-03;"terça-feira";"12:45:00";"SC";101;38,8;"JOINVILLE";"Falta de Atenção à Condução";"Tombamento";"Com Vítimas Feridas";"Pleno dia";"Crescente";"Chuva";"Dupla";"Interseção de Vias;Reta";"Sim";1;0;1;0;0;0;1;1;-26,30028263;-48,88375282;"SPRF-SC";"DEL03-SC";"UOP01-DEL03-SC"
273035;2020-03-03;"terça-feira";"12:20:00";"SC";101;123;"ITAJAI";"Defeito Mecânico no Veículo";"Colisão lateral";"Com Vítimas Feridas";"Pleno dia";"Decrescente";"Céu Claro";"Dupla";"Reta";"Não";2;0;1;0;1;0;1;2;-26,93668609;-48,69876905;"SPRF-SC";"DEL04-SC";"UOP04-DEL04-SC"
273036;2020-03-03;"terça-feira";"13:20:00";"PR";277;79;"CURITIBA";"Falta de Atenção à Condução";"Colisão lateral";"Com Vítimas Feridas";"Pleno dia";"Crescente";"Nublado";"Dupla";"Reta";"Sim";2;0;2;0;0;0;2;1;-25,47958436;-49,20042515;"SPRF-PR";"DEL01-PR";"UOP01-DEL01-PR"
273037;2020-03-03;"terça-feira";"05:30:00";"RR";174;358;"CARACARAI";"Desobediência às normas de trânsito pelo condutor";"Colisão lateral";"Com Vítimas Feridas";"Amanhecer";"Crescente";"Céu Claro";"Simples";"Reta";"Não";2;0;1;1;0;0;2;2;1,755826;-61,151558;"SPRF-RR";"DEL01-RR";"UOP01-DEL01-RR"
273038;2020-03-03;"terça-feira";"13:20:00";"PR";277;591;"CASCAVEL";"Desobediência às normas de trânsito pelo condutor";"Colisão lateral";"Com Vítimas Feridas";"Pleno dia";"Crescente";"Céu Claro";"Simples";"Reta";"Sim";2;0;1;0;1;0;1;2;-24,98473242;-53,46501885;"SPRF-PR";"DEL04-PR";"UOP01-DEL04-PR"
273043;2020-03-03;"terça-feira";"12:20:00";"BA";324;623;"SALVADOR";"Falta de Atenção à Condução";"Colisão traseira";"Com Vítimas Feridas";"Pleno dia";"Decrescente";"Céu Claro";"Dupla";"Reta";"Sim";4;0;2;0;2;0;2;2;-12,92628699;-38,46838679;"SPRF-BA";"DEL01-BA";"UOP01-DEL01-BA"
273044;2020-03-03;"terça-feira";"12:00:00";"RS";116;39,3;"VACARIA";"Desobediência às normas de trânsito pelo condutor";"Colisão transversal";"Com Vítimas Feridas";"Pleno dia";"Crescente";"Sol";"Simples";"Retorno Regulamentado";"Sim";3;0;2;0;0;1;2;2;-28,51347619;-50,93418908;"SPRF-RS";"DEL05-RS";"UOP03-DEL05-RS"
273047;2020-03-03;"terça-feira";"15:00:00";"PI";316;1,9;"TERESINA";"Desobediência às normas de trânsito pelo condutor";"Colisão transversal";"Com Vítimas Feridas";"Plena Noite";"Crescente";"Ignorado";"Dupla";"Interseção de Vias";"Sim";3;0;0;2;1;0;2;2;-5,12537519;-42,7995801;"SPRF-PI";"DEL01-PI";"UOP02-DEL01-PI"
273050;2020-03-03;"terça-feira";"14:30:00";"SC";280;124,7;"RIO NEGRINHO";"Desobediência às normas de trânsito pelo condutor";"Tombamento";"Com Vítimas Feridas";"Pleno dia";"Decrescente";"Chuva";"Simples";"Reta";"Sim";2;0;1;0;1;0;1;2;-26,24130297;-49,47514499;"SPRF-SC";"DEL06-SC";"UOP03-DEL06-SC"
273051;2020-03-03;"terça-feira";"12:50:00";"SC";280;7,2;"SAO FRANCISCO DO SUL";"Falta de Atenção à Condução";"Colisão transversal";"Com Vítimas Feridas";"Pleno dia";"Crescente";"Céu Claro";"Simples";"Reta";"Sim";2;0;1;0;1;0;1;2;-26,27127101;-48,64129599;"SPRF-SC";"DEL03-SC";"UOP03-DEL03-SC"
273052;2020-03-03;"terça-feira";"13:15:00";"ES";482;105,2;"GUACUI";"Falta de Atenção à Condução";"Colisão lateral";"Com Vítimas Feridas";"Pleno dia";"Decrescente";"Nublado";"Simples";"Rotatória";"Sim";2;0;1;0;1;0;1;2;-20,777433;-41,66744;"SPRF-ES";"DEL03-ES";"UOP02-DEL03-ES"
273053;2020-02-16;"domingo";"20:00:00";"PR";116;204,3;"RIO NEGRO";"Falta de Atenção à Condução";"Colisão traseira";"Com Vítimas Feridas";"Plena Noite";"Crescente";"Céu Claro";"Simples";"Reta";"Não";2;0;0;1;1;0;1;2;-26,05507811;-49,71685798;"SPRF-SC";"DEL06-SC";"UOP01-DEL06-SC"
273054;2020-03-03;"terça-feira";"13:50:00";"MG";381;357,2;"JOAO MONLEVADE";"Pista Escorregadia";"Saída de leito carroçável";"Com Vítimas Feridas";"Pleno dia";"Decrescente";"Garoa/Chuvisco";"Simples";"Curva";"Sim";2;0;2;0;0;0;2;1;-19,85125077;-43,21581602;"SPRF-MG";"DEL03-MG";"UOP01-DEL03-MG"
273055;2020-03-03;"terça-feira";"15:30:00";"MG";365;658;"MONTE ALEGRE DE MINAS";"Defeito na Via";"Colisão traseira";"Com Vítimas Feridas";"Pleno dia";"Decrescente";"Sol";"Dupla";"Reta";"Não";3;0;2;0;1;0;2;2;-18,87746;-48,60335;"SPRF-MG";"DEL15-MG";"UOP01-DEL15-MG"
273056;2020-03-03;"terça-feira";"13:00:00";"SP";116;130;"CACAPAVA";"Não guardar distância de segurança";"Colisão traseira";"Com Vítimas Feridas";"Pleno dia";"Crescente";"Nublado";"Dupla";"Reta";"Sim";2;0;1;0;1;0;1;2;-23,12313858;-45,72792271;"SPRF-SP";"DEL06-SP";"UOP01-DEL06-SP"
273057;2020-03-03;"terça-feira";"14:00:00";"SP";381;70,9;"MAIRIPORA";"Defeito Mecânico no Veículo";"Incêndio";"Sem Vítimas";"Pleno dia";"Decrescente";"Nublado";"Múltipla";"Reta";"Não";1;0;0;0;1;0;0;1;-23,34972978;-46,56070474;"SPRF-SP";"DEL03-SP";"UOP01-DEL03-SP"
273058;2020-03-03;"terça-feira";"14:50:00";"PB";230;165,5;"CAMPINA GRANDE";"Velocidade Incompatível";"Colisão traseira";"Com Vítimas Fatais";"Pleno dia";"Crescente";"Céu Claro";"Simples";"Curva";"Não";2;1;0;0;1;0;0;2;-7,20525951;-35,95125675;"SPRF-PB";"DEL02-PB";"UOP02-DEL02-PB"
273060;2020-03-03;"terça-feira";"15:00:00";"GO";60;6,8;"ALEXANIA";"Falta de Atenção à Condução";"Saída de leito carroçável";"Com Vítimas Feridas";"Pleno dia";"Crescente";"Céu Claro";"Simples";"Curva";"Não";1;0;1;0;0;0;1;1;-16,094168;-48,517212;"SPRF-DF";"DEL03-DF";"UOP01-DEL03-DF"
273061;2020-03-03;"terça-feira";"16:00:00";"PR";277;651,8;"MATELANDIA";"Falta de Atenção à Condução";"Colisão transversal";"Com Vítimas Feridas";"Pleno dia";"Decrescente";"Céu Claro";"Simples";"Reta";"Não";2;0;1;0;1;0;1;2;-25,200864;-53,94681931;"SPRF-PR";"DEL05-PR";"UOP02-DEL05-PR"
273063;2020-03-03;"terça-feira";"16:00:00";"MG";381;491;"BETIM";"Falta de Atenção à Condução";"Colisão lateral";"Com Vítimas Feridas";"Pleno dia";"Decrescente";"Chuva";"Dupla";"Interseção de Vias";"Sim";3;0;0;1;2;0;1;2;-19,97018187;-44,18210416;"SPRF-MG";"DEL01-MG";"UOP03-DEL01-MG"
273064;2020-03-03;"terça-feira";"15:45:00";"PR";476;124;"CURITIBA";"Defeito Mecânico no Veículo";"Saída de leito carroçável";"Sem Vítimas";"Pleno dia";"Decrescente";"Nublado";"Múltipla";"Reta";"Sim";2;0;0;0;1;1;0;2;-25,399845;-49,215855;"SPRF-PR";"DEL01-PR";"UOP07-DEL01-PR"
273065;2020-03-03;"terça-feira";"15:40:00";"PR";376;339,2;"ORTIGUEIRA";"Avarias e/ou desgaste excessivo no pneu";"Saída de leito carroçável";"Com Vítimas Feridas";"Pleno dia";"Decrescente";"Céu Claro";"Simples";"Curva";"Não";4;0;0;1;3;0;1;1;-24,16423688;-50,96922472;"SPRF-PR";"DEL07-PR";"UOP02-DEL07-PR"
273067;2020-03-03;"terça-feira";"16:30:00";"RJ";40;81;"PETROPOLIS";"Defeito na Via";"Colisão traseira";"Com Vítimas Feridas";"Pleno dia";"Decrescente";"Chuva";"Simples";"Declive;Curva";"Não";3;0;1;0;2;0;1;2;-22,51910302;-43,22873364;"SPRF-RJ";"DEL06-RJ";"UOP01-DEL06-RJ"
273069;2020-03-03;"terça-feira";"11:00:00";"MG";262;400,7;"PARA DE MINAS";"Velocidade Incompatível";"Saída de leito carroçável";"Com Vítimas Feridas";"Pleno dia";"Decrescente";"Chuva";"Dupla";"Curva";"Não";3;0;1;0;2;0;1;1;-19,90293517;-44,54364505;"SPRF-MG";"DEL08-MG";"UOP03-DEL08-MG"
273070;2020-03-03;"terça-feira";"16:15:00";"PR";369;141;"IBIPORA";"Não guardar distância de segurança";"Colisão traseira";"Sem Vítimas";"Pleno dia";"Crescente";"Céu Claro";"Dupla";"Reta";"Sim";2;0;0;0;2;0;0;2;-23,28669689;-51,07607245;"SPRF-PR";"DEL07-PR";"UOP01-DEL07-PR"
273072;2020-03-03;"terça-feira";"14:17:00";"SC";101;330,5;"TUBARAO";"Avarias e/ou desgaste excessivo no pneu";"Tombamento";"Com Vítimas Feridas";"Pleno dia";"Decrescente";"Nublado";"Múltipla";"Reta";"Sim";1;0;1;0;0;0;1;1;-28,45115639;-48,97286879;"SPRF-SC";"DEL02-SC";"UOP01-DEL02-SC"
273074;2020-03-03;"terça-feira";"17:20:00";"MG";40;666,4;"CARANDAI";"Defeito Mecânico no Veículo";"Tombamento";"Com Vítimas Feridas";"Pleno dia";"Crescente";"Chuva";"Simples";"Reta";"Não";1;0;1;0;0;0;1;1;-20,94471215;-43,8086221;"SPRF-MG";"DEL05-MG";"UOP02-DEL05-MG"
273075;2020-03-03;"terça-feira";"16:30:00";"RJ";101;316;"SAO GONCALO";"Avarias e/ou desgaste excessivo no pneu";"Queda de ocupante de veículo";"Com Vítimas Feridas";"Pleno dia";"Decrescente";"Chuva";"Dupla";"Reta";"Sim";2;0;2;0;0;0;2;1;-22,82835879;-43,09208739;"SPRF-RJ";"DEL02-RJ";"UOP01-DEL02-RJ"
273076;2020-03-03;"terça-feira";"17:30:00";"PR";376;594,5;"CURITIBA";"Falta de Atenção à Condução";"Atropelamento de Pedestre";"Com Vítimas Feridas";"Pleno dia";"Crescente";"Nublado";"Dupla";"Reta";"Sim";3;0;3;0;0;0;3;2;-25,48479613;-49,34730331;"SPRF-PR";"DEL01-PR";"UOP06-DEL01-PR"
273077;2020-03-03;"terça-feira";"17:45:00";"BA";101;160;"CONCEICAO DO JACUIPE";"Mal Súbito";"Capotamento";"Com Vítimas Feridas";"Anoitecer";"Decrescente";"Céu Claro";"Simples";"Reta";"Não";2;0;2;0;0;0;2;1;-12,35551436;-38,782478;"SPRF-BA";"DEL01-BA";"UOP03-DEL01-BA"
273078;2020-03-03;"terça-feira";"18:24:00";"GO";40;5;"VALPARAISO DE GOIAS";"Falta de Atenção à Condução";"Colisão lateral";"Com Vítimas Feridas";"Anoitecer";"Crescente";"Céu Claro";"Dupla";"Reta";"Sim";5;0;1;0;2;2;1;3;-16,093134;-47,982236;"SPRF-DF";"DEL01-DF";"UOP01-DEL01-DF"
273081;2020-03-03;"terça-feira";"16:30:00";"MT";163;771;"SORRISO";"Mal Súbito";"Saída de leito carroçável";"Com Vítimas Feridas";"Pleno dia";"Crescente";"Chuva";"Simples";"Reta";"Não";1;0;1;0;0;0;1;1;-12,51358689;-55,6958682;"SPRF-MT";"DEL06-MT";"UOP01-DEL06-MT"
273082;2020-03-03;"terça-feira";"16:16:00";"MG";50;185;"UBERABA";"Falta de Atenção à Condução";"Atropelamento de Animal";"Sem Vítimas";"Pleno dia";"Decrescente";"Nublado";"Dupla";"Reta";"Não";1;0;0;0;1;0;0;1;-19,8172798;-47,89559069;"SPRF-MG";"DEL13-MG";"UOP01-DEL13-MG"
273083;2020-03-03;"terça-feira";"17:00:00";"MG";40;454,9;"CAETANOPOLIS";"Velocidade Incompatível";"Saída de leito carroçável";"Com Vítimas Feridas";"Pleno dia";"Decrescente";"Chuva";"Dupla";"Declive;Curva";"Não";1;0;1;0;0;0;1;1;-19,34996189;-44,35227779;"SPRF-MG";"DEL02-MG";"UOP01-DEL02-MG"
273084;2020-03-03;"terça-feira";"18:20:00";"PE";232;4,3;"RECIFE";"Desobediência às normas de trânsito pelo condutor";"Colisão traseira";"Com Vítimas Feridas";"Plena Noite";"Decrescente";"Céu Claro";"Múltipla";"Reta";"Sim";3;0;2;0;1;0;2;2;-8,064473;-34,936928;"SPRF-PE";"DEL01-PE";"UOP01-DEL01-PE"
273085;2020-03-03;"terça-feira";"17:40:00";"SP";116;293,8;"ITAPECERICA DA SERRA";"Defeito Mecânico no Veículo";"Colisão com objeto estático";"Com Vítimas Feridas";"Pleno dia";"Decrescente";"Céu Claro";"Dupla";"Reta";"Não";2;0;2;0;0;0;2;1;-23,75393807;-46,90168863;"SPRF-SP";"DEL04-SP";"UOP01-DEL04-SP"
273090;2020-03-03;"terça-feira";"12:30:00";"MG";116;594,9;"MANHUACU";"Pista Escorregadia";"Colisão com objeto estático";"Com Vítimas Feridas";"Pleno dia";"Decrescente";"Chuva";"Simples";"Curva";"Não";1;0;1;0;0;0;1;1;-20,286913;-42,14642798;"SPRF-MG";"DEL06-MG";"UOP03-DEL06-MG"
273091;2020-03-03;"terça-feira";"18:30:00";"CE";222;4,2;"CAUCAIA";"Não guardar distância de segurança";"Colisão lateral";"Com Vítimas Feridas";"Plena Noite";"Crescente";"Céu Claro";"Múltipla";"Reta";"Sim";3;0;2;0;1;0;2;2;-3,74164754;-38,60449792;"SPRF-CE";"DEL01-CE";"UOP01-DEL01-CE"
273092;2020-03-03;"terça-feira";"17:30:00";"CE";230;38,3;"LAVRAS DA MANGABEIRA";"Falta de Atenção à Condução";"Colisão transversal";"Com Vítimas Feridas";"Anoitecer";"Decrescente";"Nublado";"Simples";"Reta";"Sim";3;0;0;2;1;0;2;2;-6,75756862;-38,95159192;"SPRF-CE";"DEL05-CE";"UOP01-DEL05-CE"
273094;2020-03-03;"terça-feira";"18:50:00";"SC";101;207;"SAO JOSE";"Desobediência às normas de trânsito pelo condutor";"Colisão frontal";"Com Vítimas Feridas";"Plena Noite";"Crescente";"Nublado";"Dupla";"Reta";"Sim";3;0;0;2;1;0;2;2;-27,60001226;-48,6226467;"SPRF-SC";"DEL01-SC";"UOP01-DEL01-SC"
273095;2020-03-03;"terça-feira";"18:50:00";"PR";476;123;"CURITIBA";"Falta de Atenção à Condução";"Colisão lateral";"Com Vítimas Feridas";"Plena Noite";"Decrescente";"Nublado";"Dupla";"Reta";"Sim";2;0;1;0;1;0;1;2;-25,392904;-49,209557;"SPRF-PR";"DEL01-PR";"UOP07-DEL01-PR"
273096;2020-03-03;"terça-feira";"19:10:00";"PE";101;65,6;"RECIFE";"Falta de Atenção à Condução";"Colisão traseira";"Com Vítimas Feridas";"Plena Noite";"Decrescente";"Nublado";"Dupla";"Reta";"Sim";3;0;0;1;2;0;1;3;-8,030293;-34,942836;"SPRF-PE";"DEL01-PE";"UOP01-DEL01-PE"
273097;2020-03-03;"terça-feira";"19:15:00";"SP";488;4,3;"APARECIDA";"Falta de Atenção à Condução";"Colisão transversal";"Com Vítimas Feridas";"Plena Noite";"Crescente";"Nublado";"Dupla";"Curva;Declive";"Sim";2;0;1;0;1;0;1;2;-22,858398;-45,251377;"SPRF-SP";"DEL08-SP";"UOP01-DEL08-SP"
273098;2020-03-03;"terça-feira";"19:15:00";"ES";262;47,3;"MARECHAL FLORIANO";"Ingestão de Álcool";"Colisão frontal";"Com Vítimas Feridas";"Plena Noite";"Decrescente";"Céu Claro";"Simples";"Ponte";"Sim";4;0;1;1;1;1;2;3;-20,41130252;-40,67926543;"SPRF-ES";"DEL01-ES";"UOP01-DEL01-ES"
273099;2020-03-03;"terça-feira";"18:50:00";"MG";262;380;"JUATUBA";"Velocidade Incompatível";"Saída de leito carroçável";"Com Vítimas Feridas";"Plena Noite";"Decrescente";"Chuva";"Dupla";"Declive;Curva";"Não";2;0;1;0;1;0;1;1;-19,947864;-44,381226;"SPRF-MG";"DEL01-MG";"UOP03-DEL01-MG"
273100;2020-03-03;"terça-feira";"19:20:00";"SC";282;4,7;"FLORIANOPOLIS";"Não guardar distância de segurança";"Colisão traseira";"Com Vítimas Feridas";"Plena Noite";"Crescente";"Nublado";"Dupla";"Declive";"Sim";2;0;1;0;1;0;1;2;-27,592646;-48,604034;"SPRF-SC";"DEL01-SC";"UOP01-DEL01-SC"
273102;2020-03-03;"terça-feira";"19:15:00";"CE";116;372;"ICO";"Falta de Atenção à Condução";"Queda de ocupante de veículo";"Com Vítimas Feridas";"Plena Noite";"Crescente";"Chuva";"Dupla";"Reta";"Não";1;0;1;0;0;0;1;1;-6,37861604;-38,80975697;"SPRF-CE";"DEL05-CE";"UOP01-DEL05-CE"
273104;2020-03-03;"terça-feira";"18:40:00";"PA";316;108;"SANTA MARIA DO PARA";"Ingestão de Álcool";"Colisão frontal";"Com Vítimas Feridas";"Plena Noite";"Crescente";"Céu Claro";"Simples";"Reta";"Sim";2;0;0;1;1;0;1;2;-1,33327682;-47,53499814;"SPRF-PA";"DEL01-PA";"UOP02-DEL01-PA"
273105;2020-03-03;"terça-feira";"17:40:00";"RJ";393;258;"BARRA DO PIRAI";"Falta de Atenção à Condução";"Colisão transversal";"Com Vítimas Feridas";"Anoitecer";"Crescente";"Céu Claro";"Simples";"Rotatória";"Não";6;0;4;1;1;0;5;2;-22,4514837;-43,82691483;"SPRF-RJ";"DEL05-RJ";"UOP04-DEL05-RJ"
273108;2020-03-03;"terça-feira";"18:54:00";"RO";364;237,7;"CACOAL";"Desobediência às normas de trânsito pelo condutor";"Colisão transversal";"Com Vítimas Feridas";"Plena Noite";"Decrescente";"Nublado";"Simples";"Interseção de Vias;Retorno Regulamentado;Reta";"Sim";4;0;1;0;0;3;1;3;-11,44341056;-61,44672787;"SPRF-RO";"DEL02-RO";"UOP02-DEL02-RO"
273109;2020-03-03;"terça-feira";"19:40:00";"RJ";116;293;"PORTO REAL";"Falta de Atenção à Condução";"Capotamento";"Sem Vítimas";"Plena Noite";"Decrescente";"Nublado";"Dupla";"Reta";"Não";1;0;0;0;0;1;0;1;-22,45745983;-44,29161274;"SPRF-RJ";"DEL07-RJ";"UOP02-DEL07-RJ"
273111;2020-01-29;"quarta-feira";"13:30:00";"PE";232;409,8;"SERRA TALHADA";"Desobediência às normas de trânsito pelo condutor";"Colisão transversal";"Com Vítimas Feridas";"Pleno dia";"Crescente";"Céu Claro";"Simples";"Reta";"Sim";3;0;1;1;1;0;2;2;-7,981944;-38,289467;"SPRF-PE";"DEL04-PE";"UOP01-DEL04-PE"
273115;2020-03-03;"terça-feira";"13:20:00";"MA";222;678,4;"ACAILANDIA";"Não guardar distância de segurança";"Colisão traseira";"Com Vítimas Feridas";"Pleno dia";"Crescente";"Chuva";"Simples";"Reta";"Sim";5;0;2;0;3;0;2;4;-4,95184058;-47,48456324;"SPRF-MA";"DEL04-MA";"UOP03-DEL04-MA"
273118;2020-03-03;"terça-feira";"22:00:00";"RJ";356;185,3;"SAO JOAO DA BARRA";"Restrição de Visibilidade";"Colisão traseira";"Com Vítimas Fatais";"Plena Noite";"Decrescente";"Chuva";"Simples";"Reta";"Não";2;1;0;0;0;1;0;2;-21,63074;-41,03729;"SPRF-MS";"N/A";"N/A"
273119;2020-03-03;"terça-feira";"17:45:00";"RJ";101;510;"ANGRA DOS REIS";"Velocidade Incompatível";"Saída de leito carroçável";"Sem Vítimas";"Anoitecer";"Crescente";"Chuva";"Simples";"Curva";"Sim";3;0;0;0;3;0;0;1;-22,95213203;-44,4361139;"SPRF-RJ";"DEL03-RJ";"UOP02-DEL03-RJ"
273120;2020-03-03;"terça-feira";"20:15:00";"CE";20;241;"MADALENA";"Defeito Mecânico no Veículo";"Incêndio";"Sem Vítimas";"Plena Noite";"Decrescente";"Céu Claro";"Simples";"Reta";"Sim";1;0;0;0;0;1;0;1;-4,84037364;-39,56497452;"SPRF-CE";"DEL02-CE";"UOP02-DEL02-CE"
273122;2020-03-03;"terça-feira";"21:00:00";"PE";101;183,9;"PALMARES";"Desobediência às normas de trânsito pelo condutor";"Tombamento";"Com Vítimas Feridas";"Plena Noite";"Crescente";"Céu Claro";"Múltipla";"Reta";"Sim";1;0;1;0;0;0;1;1;-8,6649058;-35,57250738;"SPRF-PE";"DEL01-PE";"UOP03-DEL01-PE"
273124;2020-03-03;"terça-feira";"22:30:00";"RR";174;504;"BOA VISTA";"Falta de Atenção à Condução";"Colisão traseira";"Com Vítimas Feridas";"Plena Noite";"Decrescente";"Céu Claro";"Dupla";"Reta";"Sim";3;0;1;0;2;0;1;2;2,801374;-60,694801;"SPRF-RR";"DEL01-RR";"UOP01-DEL01-RR"
273125;2020-03-03;"terça-feira";"23:10:00";"ES";101;269,5;"SERRA";"Falta de Atenção à Condução";"Colisão transversal";"Com Vítimas Feridas";"Plena Noite";"Crescente";"Chuva";"Dupla";"Reta";"Sim";3;0;0;1;1;1;1;3;-20,21740496;-40,26990578;"SPRF-ES";"DEL02-ES";"UOP01-DEL02-ES"
273126;2020-03-03;"terça-feira";"21:40:00";"MA";316;553,2;"CAXIAS";"Velocidade Incompatível";"Saída de leito carroçável";"Com Vítimas Feridas";"Plena Noite";"Crescente";"Chuva";"Dupla";"Reta";"Sim";1;0;1;0;0;0;1;1;-4,877648;-43,338158;"SPRF-MA";"DEL03-MA";"UOP02-DEL03-MA"
273128;2020-03-03;"terça-feira";"22:09:00";"MA";316;567;"CAXIAS";"Animais na Pista";"Atropelamento de Animal";"Com Vítimas Feridas";"Plena Noite";"Decrescente";"Chuva";"Simples";"Reta;Aclive";"Não";2;0;1;0;1;0;1;1;-4,911043;-43,225277;"SPRF-MA";"DEL03-MA";"UOP02-DEL03-MA"
273129;2020-03-03;"terça-feira";"23:34:00";"ES";262;161,1;"IBATIBA";"Animais na Pista";"Atropelamento de Animal";"Sem Vítimas";"Plena Noite";"Crescente";"Nublado";"Dupla";"Reta";"Não";1;0;0;0;1;0;0;1;-20,23640217;-41,52254154;"SPRF-ES";"DEL01-ES";"UOP02-DEL01-ES"
273132;2020-03-03;"terça-feira";"17:00:00";"PR";369;174;"ROLANDIA";"Ingestão de Álcool";"Colisão frontal";"Com Vítimas Feridas";"Pleno dia";"Crescente";"Céu Claro";"Simples";"Reta";"Sim";2;0;1;0;1;0;1;2;-23,31573503;-51,37640476;"SPRF-PR";"DEL07-PR";"UOP01-DEL07-PR"
273133;2020-03-03;"terça-feira";"23:58:00";"RJ";40;121;"DUQUE DE CAXIAS";"Desobediência às normas de trânsito pelo condutor";"Colisão traseira";"Com Vítimas Feridas";"Plena Noite";"Crescente";"Chuva";"Múltipla";"Reta";"Sim";4;0;1;0;2;1;1;3;-22,78185499;-43,28571273;"SPRF-RJ";"DEL01-RJ";"UOP01-DEL01-RJ"
273140;2020-03-03;"terça-feira";"19:35:00";"AL";316;157,2;"PALMEIRA DOS INDIOS";"Falta de Atenção à Condução";"Colisão lateral";"Sem Vítimas";"Plena Noite";"Crescente";"Céu Claro";"Simples";"Reta";"Sim";3;0;0;0;3;0;0;2;-9,42635226;-36,6189263;"SPRF-AL";"DEL03-AL";"UOP01-DEL03-AL"
273141;2020-03-04;"quarta-feira";"02:35:00";"MG";251;336,3;"FRUTA DE LEITE";"Velocidade Incompatível";"Colisão com objeto estático";"Com Vítimas Feridas";"Plena Noite";"Decrescente";"Chuva";"Simples";"Curva";"Não";7;0;4;0;3;0;4;1;-16,25628797;-42,453666;"SPRF-MG";"DEL12-MG";"UOP01-DEL12-MG"
273144;2020-03-04;"quarta-feira";"03:20:00";"RN";110;58,8;"MOSSORO";"Animais na Pista";"Atropelamento de Animal";"Sem Vítimas";"Plena Noite";"Decrescente";"Ignorado";"Simples";"Reta";"Não";1;0;0;0;1;0;0;1;-5,290025;-37,330856;"SPRF-RN";"DEL04-RN";"UOP01-DEL04-RN"
273147;2020-03-04;"quarta-feira";"01:40:00";"PR";277;374,6;"GUARAPUAVA";"Velocidade Incompatível";"Saída de leito carroçável";"Sem Vítimas";"Plena Noite";"Crescente";"Céu Claro";"Simples";"Declive";"Não";1;0;0;0;0;1;0;1;-25,40252951;-51,74236905;"SPRF-PR";"DEL08-PR";"UOP01-DEL08-PR"
273149;2020-03-04;"quarta-feira";"05:40:00";"MG";262;353;"BETIM";"Defeito Mecânico no Veículo";"Incêndio";"Sem Vítimas";"Amanhecer";"Decrescente";"Nublado";"Dupla";"Reta";"Sim";1;0;0;0;0;1;0;1;-19,95947688;-44,15416308;"SPRF-MG";"DEL01-MG";"UOP03-DEL01-MG"
273150;2020-03-04;"quarta-feira";"06:55:00";"GO";60;92,2;"ANAPOLIS";"Animais na Pista";"Atropelamento de Animal";"Com Vítimas Feridas";"Pleno dia";"Crescente";"Nublado";"Dupla";"Reta";"Sim";1;0;0;1;0;0;1;1;-16,35234436;-48,91568184;"SPRF-GO";"DEL02-GO";"UOP01-DEL02-GO"
273151;2020-03-04;"quarta-feira";"07:15:00";"CE";116;6;"FORTALEZA";"Falta de Atenção do Pedestre";"Atropelamento de Pedestre";"Com Vítimas Feridas";"Amanhecer";"Decrescente";"Sol";"Múltipla";"Reta";"Sim";3;0;1;0;2;0;1;3;-3,802624;-38,50400499;"SPRF-CE";"DEL01-CE";"UOP02-DEL01-CE"
273152;2020-03-04;"quarta-feira";"06:45:00";"SP";116;285;"ITAPECERICA DA SERRA";"Falta de Atenção à Condução";"Colisão lateral";"Com Vítimas Feridas";"Pleno dia";"Decrescente";"Céu Claro";"Dupla";"Reta";"Sim";2;0;1;0;1;0;1;2;-23,68452946;-46,85920369;"SPRF-SP";"DEL04-SP";"UOP01-DEL04-SP"
273156;2020-03-03;"terça-feira";"11:45:00";"GO";153;500;"GOIANIA";"Falta de Atenção à Condução";"Colisão lateral";"Com Vítimas Feridas";"Pleno dia";"Crescente";"Céu Claro";"Dupla";"Viaduto";"Sim";2;0;1;0;1;0;1;2;-16,7118;-49,2324;"SPRF-GO";"DEL01-GO";"UOP01-DEL01-GO"