"id";"data_inversa";"dia_semana";"horario";"uf";"br";"km";"municipio";"causa_acidente";"tipo_acidente";"classificacao_acidente";"fase_dia";"sentido_via";"condicao_metereologica";"tipo_pista";"tracado_via";"uso_solo";"pessoas";"mortos";"feridos_leves";"feridos_graves";"ilesos";"ignorados";"feridos";"veiculos";"latitude";"longitude";"regional";"delegacia";"uop"
273408;2020-03-05;"quinta-feira";"16:45:00";"PR";277;83;"CURITIBA";"Não guardar distância de segurança";"Colisão traseira";"Com Vítimas Feridas";"Anoitecer";"Decrescente";"Céu Claro";"Dupla";"Reta";"Sim";2;0;1;0;1;0;1;2;-25,568939;-49,181978;"SPRF-PR";"DEL01-PR";"UOP06-DEL01-PR"
273411;2020-03-05;"quinta-feira";"16:12:00";"SP";116;271;"TABOAO DA SERRA";"Defeito Mecânico no Veículo";"Tombamento";"Com Vítimas Feridas";"Pleno dia";"Decrescente";"Céu Claro";"Dupla";"Reta";"Sim";1;0;1;0;0;0;1;1;-23,61809286;-46,80556302;"SPRF-SP";"DEL04-SP";"UOP01-DEL04-SP"
273412;2020-03-05;"quinta-feira";"16:30:00";"SP";381;40,6;"ATIBAIA";"Falta de Atenção à Condução";"Colisão lateral";"Sem Vítimas";"Pleno dia";"Decrescente";"Céu Claro";"Dupla";"Reta;Declive";"Sim";3;0;0;0;2;1;0;3;-23,13561004;-46,57578756;"SPRF-SP";"DEL03-SP";"UOP01-DEL03-SP"
273413;2020-03-05;"quinta-feira";"16:30:00";"DF";80;16,6;"BRASILIA";"Falta de Atenção à Condução";"Atropelamento de Pedestre";"Com Vítimas Feridas";"Pleno dia";"Crescente";"Ignorado";"Simples";"Declive";"Não";4;0;1;0;3;0;1;2;-15,701065;-48,202263;"SPRF-DF";"DEL03-DF";"UOP02-DEL03-DF"
273415;2020-03-05;"quinta-feira";"17:30:00";"SP";116;226,6;"GUARULHOS";"Ingestão de Álcool";"Colisão traseira";"Com Vítimas Feridas";"Anoitecer";"Decrescente";"Céu Claro";"Múltipla";"Reta";"Sim";2;0;1;0;1;0;1;2;-23,49102507;-46,54878195;"SPRF-SP";"DEL01-SP";"UOP01-DEL01-SP"
273416;2020-03-05;"quinta-feira";"13:45:00";"MT";364;1,8;"ALTO ARAGUAIA";"Falta de Atenção à Condução";"Colisão transversal";"Com Vítimas Feridas";"Pleno dia";"Decrescente";"Nublado";"Simples";"Curva";"Sim";2;0;0;1;1;0;1;2;-17,31227325;-53,21828343;"SPRF-MT";"DEL02-MT";"UOP02-DEL02-MT"
273417;2020-03-05;"quinta-feira";"09:00:00";"MT";158;409,8;"RIBEIRAO CASCALHEIRA";"Defeito na Via";"Colisão traseira";"Com Vítimas Feridas";"Pleno dia";"Crescente";"Nublado";"Simples";"Reta";"Não";2;0;0;1;0;1;1;2;-12,8469446;-51,79436096;"SPRF-MT";"DEL07-MT";"UOP02-DEL07-MT"
273418;2020-03-05;"quinta-feira";"17:50:00";"PB";101;83;"BAYEUX";"Defeito Mecânico no Veículo";"Queda de ocupante de veículo";"Com Vítimas Feridas";"Plena Noite";"Crescente";"Céu Claro";"Dupla";"Reta";"Não";2;0;2;0;0;0;2;1;-7,1337703;-34,92963914;"SPRF-PB";"DEL01-PB";"UOP01-DEL01-PB"
273419;2020-03-05;"quinta-feira";"17:20:00";"BA";101;939;"MUCURI";"Ultrapassagem Indevida";"Colisão frontal";"Com Vítimas Fatais";"Pleno dia";"Crescente";"Chuva";"Simples";"Reta";"Não";4;2;0;0;2;0;0;3;-18,16840196;-39,91873914;"SPRF-BA";"DEL09-BA";"UOP02-DEL09-BA"
273421;2020-03-05;"quinta-feira";"18:10:00";"GO";40;8,1;"LUZIANIA";"Falta de Atenção do Pedestre";"Atropelamento de Pedestre";"Com Vítimas Feridas";"Anoitecer";"Crescente";"Garoa/Chuvisco";"Dupla";"Reta";"Sim";2;0;1;0;1;0;1;2;-16,116158;-47,96761;"SPRF-DF";"DEL01-DF";"UOP01-DEL01-DF"
273422;2020-03-05;"quinta-feira";"17:45:00";"DF";20;36,7;"BRASILIA";"Falta de Atenção à Condução";"Colisão transversal";"Com Vítimas Feridas";"Anoitecer";"Crescente";"Chuva";"Dupla";"Reta";"Não";3;0;1;0;1;1;1;3;-15,58199788;-47,54299348;"SPRF-DF";"DEL02-DF";"UOP01-DEL02-DF"
273426;2020-03-05;"quinta-feira";"17:40:00";"PR";369;102,1;"URAI";"Velocidade Incompatível";"Tombamento";"Com Vítimas Feridas";"Pleno dia";"Decrescente";"Nublado";"Simples";"Reta";"Não";2;0;1;0;1;0;1;2;-23,24544705;-50,72284698;"SPRF-PR";"DEL07-PR";"UOP05-DEL07-PR"
273427;2020-03-05;"quinta-feira";"13:00:00";"MT";70;278;"PRIMAVERA DO LESTE";"Defeito Mecânico no Veículo";"Danos eventuais";"Sem Vítimas";"Pleno dia";"Crescente";"Sol";"Dupla";"Rotatória";"Sim";1;0;0;0;1;0;0;1;-15,55739918;-54,27981896;"SPRF-MT";"DEL05-MT";"UOP01-DEL05-MT"
273428;2020-03-05;"quinta-feira";"18:05:00";"PR";369;184,3;"ARAPONGAS";"Falta de Atenção à Condução";"Colisão traseira";"Com Vítimas Feridas";"Anoitecer";"Crescente";"Céu Claro";"Simples";"Reta";"Sim";3;0;3;0;0;0;3;2;-23,40251875;-51,42787099;"SPRF-PR";"DEL07-PR";"UOP03-DEL07-PR"
273431;2020-03-05;"quinta-feira";"17:30:00";"SC";116;220,5;"CORREIA PINTO";"Falta de Atenção à Condução";"Atropelamento de Pedestre";"Com Vítimas Feridas";"Pleno dia";"Decrescente";"Céu Claro";"Simples";"Reta;Rotatória";"Sim";2;0;1;0;1;0;1;2;-27,57771319;-50,36993036;"SPRF-SC";"DEL05-SC";"UOP03-DEL05-SC"
273433;2020-03-05;"quinta-feira";"19:00:00";"CE";116;61,9;"CHOROZINHO";"Defeito na Via";"Saída de leito carroçável";"Com Vítimas Feridas";"Plena Noite";"Decrescente";"Céu Claro";"Simples";"Reta";"Não";1;0;1;0;0;0;1;1;-4,25539588;-38,48633338;"SPRF-CE";"DEL03-CE";"UOP02-DEL03-CE"
273439;2020-03-05;"quinta-feira";"18:35:00";"PR";116;111,2;"CURITIBA";"Falta de Atenção à Condução";"Colisão lateral";"Com Vítimas Feridas";"Pleno dia";"Crescente";"Sol";"Múltipla";"Reta";"Sim";2;0;1;0;1;0;1;2;-25,56885181;-49,22724597;"SPRF-PR";"DEL01-PR";"UOP06-DEL01-PR"
273440;2020-03-05;"quinta-feira";"18:40:00";"RJ";101;189;"CASIMIRO DE ABREU";"Falta de Atenção à Condução";"Queda de ocupante de veículo";"Com Vítimas Feridas";"Plena Noite";"Crescente";"Nublado";"Simples";"Reta";"Não";2;0;1;0;1;0;1;1;-22,45589967;-42,0608363;"SPRF-RJ";"DEL08-RJ";"UOP04-DEL08-RJ"
273443;2020-03-05;"quinta-feira";"19:00:00";"RN";101;99;"NATAL";"Pista Escorregadia";"Queda de ocupante de veículo";"Com Vítimas Feridas";"Plena Noite";"Decrescente";"Céu Claro";"Múltipla";"Retorno Regulamentado";"Sim";2;0;2;0;0;0;2;1;-5,87359183;-35,22063023;"SPRF-RN";"DEL01-RN";"UOP01-DEL01-RN"
273444;2020-03-05;"quinta-feira";"17:25:00";"RO";364;371,4;"OURO PRETO DO OESTE";"Falta de Atenção à Condução";"Saída de leito carroçável";"Com Vítimas Feridas";"Pleno dia";"Decrescente";"Céu Claro";"Simples";"Reta;Aclive";"Não";1;0;0;1;0;0;1;1;-10,75696169;-62,1541214;"SPRF-RO";"DEL02-RO";"UOP01-DEL02-RO"
273448;2020-03-05;"quinta-feira";"19:45:00";"RN";101;106,6;"PARNAMIRIM";"Animais na Pista";"Atropelamento de Animal";"Com Vítimas Feridas";"Plena Noite";"Crescente";"Céu Claro";"Múltipla";"Reta";"Sim";1;0;0;1;0;0;1;1;-5,91056401;-35,26130795;"SPRF-RN";"DEL01-RN";"UOP01-DEL01-RN"
273449;2020-03-05;"quinta-feira";"17:55:00";"PR";369;158;"CAMBE";"Não guardar distância de segurança";"Tombamento";"Com Vítimas Feridas";"Pleno dia";"Crescente";"Nublado";"Dupla";"Reta";"Sim";1;0;1;0;0;0;1;1;-23,28494508;-51,23944044;"SPRF-PR";"DEL07-PR";"UOP01-DEL07-PR"
273450;2020-03-05;"quinta-feira";"19:00:00";"PI";316;309,5;"PICOS";"Desobediência às normas de trânsito pelo pedestre";"Atropelamento de Pedestre";"Com Vítimas Feridas";"Plena Noite";"Decrescente";"Nublado";"Simples";"Declive";"Sim";2;0;0;1;0;1;1;2;-7,07778744;-41,48370094;"SPRF-PI";"DEL04-PI";"UOP01-DEL04-PI"
273452;2020-03-05;"quinta-feira";"17:15:00";"PB";230;1,2;"CABEDELO";"Falta de Atenção à Condução";"Colisão lateral";"Com Vítimas Feridas";"Plena Noite";"Decrescente";"Céu Claro";"Simples";"Reta";"Sim";2;0;1;0;1;0;1;2;-6,9753;-34,8318;"SPRF-PB";"DEL01-PB";"UOP01-DEL01-PB"
273454;2020-03-05;"quinta-feira";"20:20:00";"RN";101;105;"PARNAMIRIM";"Falta de Atenção do Pedestre";"Atropelamento de Pedestre";"Com Vítimas Feridas";"Plena Noite";"Crescente";"Céu Claro";"Dupla";"Reta";"Sim";2;0;1;1;0;0;2;2;-5,90165196;-35,25928517;"SPRF-RN";"DEL01-RN";"UOP01-DEL01-RN"
273455;2020-03-05;"quinta-feira";"20:40:00";"CE";222;205,9;"FORQUILHA";"Animais na Pista";"Atropelamento de Animal";"Sem Vítimas";"Plena Noite";"Crescente";"Céu Claro";"Simples";"Reta";"Não";1;0;0;0;1;0;0;1;-3,781798;-40,230502;"SPRF-CE";"DEL04-CE";"UOP01-DEL04-CE"
273457;2020-03-05;"quinta-feira";"18:30:00";"GO";153;530;"HIDROLANDIA";"Pista Escorregadia";"Queda de ocupante de veículo";"Com Vítimas Feridas";"Plena Noite";"Decrescente";"Chuva";"Dupla";"Reta";"Sim";1;0;1;0;0;0;1;1;-16,9677;-49,2331;"SPRF-GO";"DEL01-GO";"UOP03-DEL01-GO"
273461;2020-03-05;"quinta-feira";"21:55:00";"SC";101;78,2;"ARAQUARI";"Objeto estático sobre o leito carroçável";"Colisão com objeto estático";"Com Vítimas Feridas";"Plena Noite";"Decrescente";"Céu Claro";"Dupla";"Reta";"Não";2;0;2;0;0;0;2;1;-26,57672096;-48,72270551;"SPRF-SC";"DEL03-SC";"UOP02-DEL03-SC"
273462;2020-03-05;"quinta-feira";"19:25:00";"RO";435;35;"VILHENA";"Falta de Atenção do Pedestre";"Atropelamento de Pedestre";"Com Vítimas Feridas";"Plena Noite";"Crescente";"Céu Claro";"Simples";"Declive";"Não";2;0;1;0;1;0;1;2;-12,84736708;-60,37897271;"SPRF-RO";"DEL04-RO";"UOP02-DEL04-RO"
273463;2020-03-05;"quinta-feira";"18:30:00";"MG";40;738,5;"SANTOS DUMONT";"Falta de Atenção do Pedestre";"Atropelamento de Pedestre";"Com Vítimas Feridas";"Plena Noite";"Crescente";"Nublado";"Simples";"Curva";"Não";2;0;1;0;1;0;1;2;-21,38880304;-43,56910622;"SPRF-MG";"DEL05-MG";"UOP01-DEL05-MG"
273464;2020-03-05;"quinta-feira";"18:45:00";"MT";174;82;"CACERES";"Animais na Pista";"Tombamento";"Com Vítimas Feridas";"Plena Noite";"Crescente";"Céu Claro";"Simples";"Reta";"Não";1;0;1;0;0;0;1;1;-15,96747034;-57,76854251;"SPRF-MT";"DEL03-MT";"UOP01-DEL03-MT"
273465;2020-03-05;"quinta-feira";"20:30:00";"RO";364;713;"PORTO VELHO";"Desobediência às normas de trânsito pelo condutor";"Colisão lateral";"Com Vítimas Feridas";"Plena Noite";"Crescente";"Céu Claro";"Dupla";"Curva";"Não";2;0;1;1;0;0;2;2;-8,77331583;-63,87969248;"SPRF-RO";"DEL01-RO";"UOP01-DEL01-RO"
273468;2020-03-05;"quinta-feira";"20:10:00";"SP";381;68,7;"MAIRIPORA";"Desobediência às normas de trânsito pelo condutor";"Colisão lateral";"Com Vítimas Feridas";"Plena Noite";"Decrescente";"Céu Claro";"Dupla";"Reta;Declive";"Não";3;0;2;0;0;1;2;2;-23,34448208;-46,57005787;"SPRF-SP";"DEL03-SP";"UOP01-DEL03-SP"
273471;2020-03-05;"quinta-feira";"22:30:00";"RO";319;63,8;"PORTO VELHO";"Desobediência às normas de trânsito pelo condutor";"Colisão transversal";"Com Vítimas Feridas";"Plena Noite";"Crescente";"Céu Claro";"Dupla";"Interseção de Vias";"Sim";2;0;0;1;1;0;1;2;-8,766685;-63,884052;"SPRF-RO";"DEL01-RO";"UOP01-DEL01-RO"
273472;2020-03-05;"quinta-feira";"23:38:00";"RS";472;577;"URUGUAIANA";"Falta de Atenção à Condução";"Colisão traseira";"Com Vítimas Feridas";"Plena Noite";"Crescente";"Céu Claro";"Simples";"Interseção de Vias";"Sim";5;0;2;0;3;0;2;2;-29,76580017;-57,00834791;"SPRF-RS";"DEL13-RS";"UOP01-DEL13-RS"
273473;2020-03-05;"quinta-feira";"21:30:00";"RS";287;399,2;"SANTIAGO";"Falta de Atenção do Pedestre";"Atropelamento de Pedestre";"Com Vítimas Feridas";"Plena Noite";"Crescente";"Nublado";"Simples";"Declive";"Sim";2;0;1;0;1;0;1;2;-29,16794191;-54,86705298;"SPRF-RS";"DEL12-RS";"UOP02-DEL12-RS"
273475;2020-03-05;"quinta-feira";"22:57:00";"PR";277;100;"CURITIBA";"Falta de Atenção à Condução";"Colisão traseira";"Com Vítimas Feridas";"Plena Noite";"Crescente";"Nublado";"Dupla";"Interseção de Vias;Reta";"Sim";4;0;2;0;2;0;2;3;-25,43183;-49,36515;"SPRF-PR";"DEL01-PR";"UOP06-DEL01-PR"
273477;2020-03-06;"sexta-feira";"01:40:00";"AL";101;162;"CAMPO ALEGRE";"Falta de Atenção à Condução";"Saída de leito carroçável";"Com Vítimas Feridas";"Plena Noite";"Decrescente";"Céu Claro";"Dupla";"Reta";"Não";1;0;1;0;0;0;1;1;-9,90055345;-36,25567998;"SPRF-AL";"DEL02-AL";"UOP02-DEL02-AL"
273479;2020-03-06;"sexta-feira";"01:00:00";"GO";40;36,7;"LUZIANIA";"Falta de Atenção à Condução";"Saída de leito carroçável";"Sem Vítimas";"Plena Noite";"Crescente";"Chuva";"Dupla";"Reta";"Não";1;0;0;0;1;0;0;1;-16,32527;-47,839347;"SPRF-DF";"DEL01-DF";"UOP01-DEL01-DF"
273481;2020-03-06;"sexta-feira";"01:35:00";"MS";60;3;"CHAPADAO DO SUL";"Falta de Atenção à Condução";"Colisão com objeto estático";"Com Vítimas Feridas";"Plena Noite";"Crescente";"Céu Claro";"Simples";"Reta";"Não";1;0;0;1;0;0;1;1;-18,71638;-52,621906;"SPRF-MS";"DEL08-MS";"UOP01-DEL08-MS"
273483;2020-03-06;"sexta-feira";"03:30:00";"RJ";40;29,2;"TRES RIOS";"Sinalização da via insuficiente ou inadequada";"Tombamento";"Com Vítimas Fatais";"Plena Noite";"Decrescente";"Céu Claro";"Dupla";"Em Obras;Curva";"Não";2;1;0;0;1;0;0;2;-22,17756692;-43,16802216;"SPRF-RJ";"DEL05-RJ";"UOP02-DEL05-RJ"
273485;2020-03-05;"quinta-feira";"18:58:00";"MG";40;474;"SETE LAGOAS";"Desobediência às normas de trânsito pelo pedestre";"Saída de leito carroçável";"Sem Vítimas";"Plena Noite";"Crescente";"Chuva";"Simples";"Curva";"Não";1;0;0;0;0;1;0;1;-19,49804878;-44,27929974;"SPRF-MG";"DEL02-MG";"UOP01-DEL02-MG"
273486;2020-03-06;"sexta-feira";"02:50:00";"SC";101;433,6;"SOMBRIO";"Ingestão de Álcool";"Colisão com objeto estático";"Sem Vítimas";"Plena Noite";"Decrescente";"Céu Claro";"Dupla";"Reta";"Sim";1;0;0;0;1;0;0;1;-29,08200809;-49,6297237;"SPRF-SC";"DEL02-SC";"UOP02-DEL02-SC"
273488;2020-03-06;"sexta-feira";"05:00:00";"MG";50;81;"UBERLANDIA";"Ingestão de Álcool";"Colisão com objeto estático";"Com Vítimas Feridas";"Amanhecer";"Decrescente";"Céu Claro";"Simples";"Curva";"Não";1;0;1;0;0;0;1;1;-18,97090928;-48,21453094;"SPRF-MG";"DEL15-MG";"UOP01-DEL15-MG"
273490;2020-03-06;"sexta-feira";"03:50:00";"SC";282;166;"BOCAINA DO SUL";"Condutor Dormindo";"Saída de leito carroçável";"Com Vítimas Feridas";"Plena Noite";"Crescente";"Nevoeiro/Neblina";"Simples";"Reta";"Não";1;0;1;0;0;0;1;1;-27,744968;-49,8083;"SPRF-SC";"DEL05-SC";"UOP01-DEL05-SC"
273492;2020-03-06;"sexta-feira";"05:10:00";"DF";70;12;"BRASILIA";"Pista Escorregadia";"Saída de leito carroçável";"Com Vítimas Feridas";"Amanhecer";"Decrescente";"Chuva";"Dupla";"Reta";"Sim";1;0;1;0;0;0;1;1;-15,792243;-48,158543;"SPRF-DF";"DEL03-DF";"UOP02-DEL03-DF"
273493;2020-03-06;"sexta-feira";"05:10:00";"SC";470;61,1;"INDAIAL";"Ingestão de Álcool";"Colisão frontal";"Sem Vítimas";"Plena Noite";"Decrescente";"Céu Claro";"Simples";"Reta";"Sim";3;0;0;0;2;1;0;3;-26,878952;-49,17421;"SPRF-SC";"DEL04-SC";"UOP01-DEL04-SC"
273494;2020-03-06;"sexta-feira";"05:10:00";"AL";101;76,5;"RIO LARGO";"Avarias e/ou desgaste excessivo no pneu";"Queda de ocupante de veículo";"Com Vítimas Feridas";"Amanhecer";"Crescente";"Sol";"Dupla";"Reta";"Não";2;0;1;0;1;0;1;1;-9,41335597;-35,84073284;"SPRF-AL";"DEL01-AL";"UOP01-DEL01-AL"
273497;2020-03-06;"sexta-feira";"06:05:00";"RS";116;528,3;"CAPAO DO LEAO";"Falta de Atenção à Condução";"Saída de leito carroçável";"Com Vítimas Feridas";"Amanhecer";"Crescente";"Céu Claro";"Simples";"Reta";"Sim";1;0;1;0;0;0;1;1;-31,75074207;-52,41851397;"SPRF-RS";"DEL07-RS";"UOP01-DEL07-RS"
273500;2020-03-06;"sexta-feira";"05:50:00";"RS";116;344,2;"BARRA DO RIBEIRO";"Defeito na Via";"Tombamento";"Com Vítimas Feridas";"Amanhecer";"Crescente";"Céu Claro";"Simples";"Reta";"Não";1;0;0;1;0;0;1;1;-30,49179;-51,490063;"SPRF-RS";"DEL02-RS";"UOP03-DEL02-RS"
273502;2020-03-06;"sexta-feira";"03:50:00";"MT";163;957,5;"ITAUBA";"Avarias e/ou desgaste excessivo no pneu";"Saída de leito carroçável";"Com Vítimas Feridas";"Plena Noite";"Decrescente";"Garoa/Chuvisco";"Simples";"Curva";"Não";2;0;2;0;0;0;2;1;-10,95257599;-55,21542639;"SPRF-MT";"DEL06-MT";"NPF/DEL06-MT"
273503;2020-03-06;"sexta-feira";"06:50:00";"SP";116;221;"GUARULHOS";"Não guardar distância de segurança";"Colisão traseira";"Com Vítimas Feridas";"Pleno dia";"Crescente";"Sol";"Múltipla";"Reta";"Sim";2;0;2;0;0;0;2;2;-23,46802395;-46,50704901;"SPRF-SP";"DEL01-SP";"UOP01-DEL01-SP"
273504;2020-03-06;"sexta-feira";"06:50:00";"GO";153;440;"ANAPOLIS";"Desobediência às normas de trânsito pelo condutor";"Colisão lateral";"Com Vítimas Feridas";"Pleno dia";"Crescente";"Nublado";"Dupla";"Aclive;Reta";"Sim";2;0;1;0;1;0;1;2;-16,306765;-48,923847;"SPRF-GO";"DEL02-GO";"UOP01-DEL02-GO"
273506;2020-03-06;"sexta-feira";"07:15:00";"RJ";101;77;"CAMPOS DOS GOYTACAZES";"Falta de Atenção à Condução";"Colisão traseira";"Com Vítimas Feridas";"Pleno dia";"Crescente";"Céu Claro";"Simples";"Reta";"Sim";1;0;1;0;0;0;1;1;-21,82996408;-41,41023594;"SPRF-RJ";"DEL08-RJ";"UOP02-DEL08-RJ"
273507;2020-03-06;"sexta-feira";"07:30:00";"DF";60;0,1;"BRASILIA";"Não guardar distância de segurança";"Colisão traseira";"Com Vítimas Feridas";"Pleno dia";"Decrescente";"Chuva";"Dupla";"Reta;Túnel";"Sim";2;0;1;0;1;0;1;2;-15,882499;-48,060212;"SPRF-DF";"DEL03-DF";"UOP01-DEL03-DF"
273508;2020-03-06;"sexta-feira";"07:25:00";"PR";376;182,1;"MARINGA";"Não guardar distância de segurança";"Colisão lateral";"Com Vítimas Feridas";"Pleno dia";"Crescente";"Céu Claro";"Dupla";"Reta";"Sim";2;0;1;0;1;0;1;2;-23,43249719;-51,88673258;"SPRF-PR";"DEL09-PR";"UOP01-DEL09-PR"
273509;2020-03-06;"sexta-feira";"07:10:00";"SC";470;60,7;"BLUMENAU";"Falta de Atenção à Condução";"Colisão lateral";"Com Vítimas Feridas";"Pleno dia";"Decrescente";"Céu Claro";"Simples";"Reta";"Não";2;0;1;0;1;0;1;2;-26,88138;-49,164543;"SPRF-SC";"DEL04-SC";"UOP01-DEL04-SC"
273510;2020-03-06;"sexta-feira";"06:30:00";"PR";476;116,2;"COLOMBO";"Falta de Atenção à Condução";"Colisão traseira";"Com Vítimas Feridas";"Pleno dia";"Crescente";"Céu Claro";"Dupla";"Reta";"Sim";3;0;1;0;1;1;1;3;-25,34996;-49,16642;"SPRF-PR";"DEL01-PR";"UOP07-DEL01-PR"
273511;2020-03-06;"sexta-feira";"07:30:00";"GO";50;280,3;"CATALAO";"Falta de Atenção à Condução";"Colisão transversal";"Com Vítimas Feridas";"Pleno dia";"Decrescente";"Nublado";"Simples";"Reta;Interseção de Vias";"Sim";3;0;0;1;2;0;1;2;-18,18059375;-47,93901443;"SPRF-GO";"DEL06-GO";"UOP01-DEL06-GO"
273514;2020-03-06;"sexta-feira";"07:15:00";"SC";282;579;"PINHALZINHO";"Falta de Atenção à Condução";"Colisão lateral";"Com Vítimas Feridas";"Pleno dia";"Decrescente";"Céu Claro";"Simples";"Curva";"Sim";3;0;2;0;1;0;2;2;-26,835443;-52,990578;"SPRF-SC";"DEL07-SC";"UOP02-DEL07-SC"
273515;2020-03-06;"sexta-feira";"06:30:00";"MG";262;37,1;"MANHUACU";"Falta de Atenção à Condução";"Colisão transversal";"Com Vítimas Feridas";"Pleno dia";"Crescente";"Nublado";"Simples";"Reta";"Sim";3;0;2;0;1;0;2;2;-20,25932046;-42,02298331;"SPRF-MG";"DEL06-MG";"UOP03-DEL06-MG"
273516;2020-03-06;"sexta-feira";"06:30:00";"MS";163;208,9;"CAARAPO";"Desobediência às normas de trânsito pelo condutor";"Colisão frontal";"Com Vítimas Feridas";"Pleno dia";"Crescente";"Céu Claro";"Simples";"Reta";"Sim";3;0;1;0;2;0;1;2;-22,63840453;-54,81492936;"SPRF-MS";"DEL04-MS";"UOP02-DEL04-MS"
273517;2020-03-06;"sexta-feira";"07:40:00";"BA";324;517,8;"FEIRA DE SANTANA";"Desobediência às normas de trânsito pelo condutor";"Colisão transversal";"Com Vítimas Feridas";"Pleno dia";"Decrescente";"Chuva";"Simples";"Reta";"Sim";2;0;1;0;1;0;1;2;-12,24953308;-38,93362525;"SPRF-BA";"DEL02-BA";"UOP01-DEL02-BA"
273519;2020-03-06;"sexta-feira";"07:55:00";"MG";40;784,4;"JUIZ DE FORA";"Não guardar distância de segurança";"Colisão traseira";"Com Vítimas Feridas";"Pleno dia";"Decrescente";"Céu Claro";"Dupla";"Interseção de Vias";"Não";3;0;2;0;1;0;2;2;-21,73111835;-43,43695879;"SPRF-MG";"DEL05-MG";"UOP01-DEL05-MG"
273520;2020-03-06;"sexta-feira";"07:50:00";"DF";70;0,5;"BRASILIA";"Defeito Mecânico no Veículo";"Danos eventuais";"Com Vítimas Feridas";"Pleno dia";"Decrescente";"Garoa/Chuvisco";"Múltipla";"Reta";"Não";2;0;2;0;0;0;2;1;-15,792352;-48,054509;"SPRF-DF";"DEL03-DF";"UOP02-DEL03-DF"
273521;2020-03-06;"sexta-feira";"07:20:00";"SC";101;200;"SAO JOSE";"Não guardar distância de segurança";"Colisão traseira";"Com Vítimas Feridas";"Pleno dia";"Crescente";"Sol";"Múltipla";"Reta";"Não";6;0;4;0;2;0;4;4;-27,54018513;-48,62287714;"SPRF-SC";"DEL01-SC";"UOP01-DEL01-SC"
273523;2020-03-06;"sexta-feira";"08:20:00";"DF";20;16;"BRASILIA";"Não guardar distância de segurança";"Colisão traseira";"Sem Vítimas";"Pleno dia";"Crescente";"Chuva";"Dupla";"Reta";"Não";4;0;0;0;4;0;0;2;-15,625675;-47,725159;"SPRF-DF";"DEL02-DF";"UOP01-DEL02-DF"
273524;2020-03-06;"sexta-feira";"08:10:00";"CE";116;64,7;"CHOROZINHO";"Desobediência às normas de trânsito pelo condutor";"Colisão lateral";"Com Vítimas Feridas";"Pleno dia";"Decrescente";"Céu Claro";"Simples";"Curva";"Sim";2;0;0;1;1;0;1;2;-4,29366355;-38,49845594;"SPRF-CE";"DEL03-CE";"UOP02-DEL03-CE"
273525;2020-03-06;"sexta-feira";"05:30:00";"SP";116;108,5;"TAUBATE";"Falta de Atenção à Condução";"Colisão traseira";"Com Vítimas Feridas";"Amanhecer";"Crescente";"Céu Claro";"Dupla";"Reta";"Sim";3;0;1;0;1;1;1;3;-23,0233097;-45,53763622;"SPRF-SP";"DEL06-SP";"UOP01-DEL06-SP"
273526;2020-03-06;"sexta-feira";"07:50:00";"PR";469;0,5;"FOZ DO IGUACU";"Falta de Atenção à Condução";"Colisão transversal";"Com Vítimas Feridas";"Pleno dia";"Decrescente";"Sol";"Simples";"Reta;Retorno Regulamentado";"Não";3;0;1;0;2;0;1;2;-25,57513211;-54,55129802;"SPRF-PR";"DEL05-PR";"UOP04-DEL05-PR"
273528;2020-03-06;"sexta-feira";"07:00:00";"PB";230;158,9;"CAMPINA GRANDE";"Não guardar distância de segurança";"Colisão traseira";"Com Vítimas Feridas";"Pleno dia";"Crescente";"Sol";"Simples";"Reta";"Sim";4;0;1;0;2;1;1;2;-7,255709;-35,929519;"SPRF-PB";"DEL02-PB";"UOP01-DEL02-PB"
273529;2020-03-06;"sexta-feira";"07:50:00";"RJ";40;84;"PETROPOLIS";"Pista Escorregadia";"Queda de ocupante de veículo";"Com Vítimas Feridas";"Pleno dia";"Decrescente";"Nublado";"Simples";"Curva";"Sim";2;0;2;0;0;0;2;1;-22,52145512;-43,23707996;"SPRF-RJ";"DEL06-RJ";"UOP01-DEL06-RJ"
273530;2020-03-06;"sexta-feira";"07:50:00";"RJ";40;84;"PETROPOLIS";"Pista Escorregadia";"Tombamento";"Sem Vítimas";"Amanhecer";"Decrescente";"Nublado";"Simples";"Curva";"Não";2;0;0;0;2;0;0;1;-22,52145512;-43,23707996;"SPRF-RJ";"DEL06-RJ";"UOP01-DEL06-RJ"
273531;2020-03-06;"sexta-feira";"08:30:00";"PR";476;136;"CURITIBA";"Falta de Atenção à Condução";"Colisão traseira";"Com Vítimas Feridas";"Pleno dia";"Crescente";"Céu Claro";"Múltipla";"Reta";"Sim";2;0;1;0;1;0;1;2;-25,491047;-49,271679;"SPRF-PR";"DEL01-PR";"UOP03-DEL01-PR"
273533;2020-03-06;"sexta-feira";"08:00:00";"PR";277;188;"PALMEIRA";"Falta de Atenção à Condução";"Saída de leito carroçável";"Com Vítimas Feridas";"Pleno dia";"Crescente";"Céu Claro";"Simples";"Reta";"Não";1;0;1;0;0;0;1;1;-25,4222878;-50,09322108;"SPRF-PR";"DEL03-PR";"UOP03-DEL03-PR"
273534;2020-03-06;"sexta-feira";"08:05:00";"SC";470;1,2;"GASPAR";"Desobediência às normas de trânsito pelo condutor";"Colisão transversal";"Com Vítimas Feridas";"Pleno dia";"Decrescente";"Céu Claro";"Simples";"Reta";"Sim";5;0;2;0;1;2;2;4;-26,92353613;-48,95891997;"SPRF-SC";"DEL04-SC";"UOP01-DEL04-SC"