"id";"data_inversa";"dia_semana";"horario";"uf";"br";"km";"municipio";"causa_acidente";"tipo_acidente";"classificacao_acidente";"fase_dia";"sentido_via";"condicao_metereologica";"tipo_pista";"tracado_via";"uso_solo";"pessoas";"mortos";"feridos_leves";"feridos_graves";"ilesos";"ignorados";"feridos";"veiculos";"latitude";"longitude";"regional";"delegacia";"uop"
273535;2020-03-06;"sexta-feira";"07:45:00";"PR";369;149,2;"LONDRINA";"Desobediência às normas de trânsito pelo condutor";"Colisão transversal";"Com Vítimas Feridas";"Pleno dia";"Crescente";"Céu Claro";"Dupla";"Interseção de Vias;Reta";"Sim";2;0;0;2;0;0;2;2;-23,29291146;-51,15457702;"SPRF-PR";"DEL07-PR";"UOP01-DEL07-PR"
273537;2020-03-06;"sexta-feira";"07:10:00";"MG";40;43,3;"PARACATU";"Desobediência às normas de trânsito pelo condutor";"Colisão transversal";"Com Vítimas Feridas";"Pleno dia";"Crescente";"Céu Claro";"Simples";"Interseção de Vias;Reta";"Sim";2;0;1;0;1;0;1;2;-17,22598002;-46,86163701;"SPRF-MG";"DEL14-MG";"UOP01-DEL14-MG"
273539;2020-03-06;"sexta-feira";"07:00:00";"SP";116;138,9;"SAO JOSE DOS CAMPOS";"Falta de Atenção à Condução";"Colisão traseira";"Sem Vítimas";"Pleno dia";"Crescente";"Sol";"Dupla";"Reta";"Sim";2;0;0;0;1;1;0;2;-23,1572739;-45,79554605;"SPRF-SP";"DEL06-SP";"UOP01-DEL06-SP"
273541;2020-03-06;"sexta-feira";"08:55:00";"SC";282;32,6;"AGUAS MORNAS";"Falta de Atenção à Condução";"Colisão transversal";"Com Vítimas Feridas";"Pleno dia";"Decrescente";"Sol";"Simples";"Interseção de Vias;Rotatória";"Sim";3;0;1;0;2;0;1;2;-27,70116;-48,800175;"SPRF-SC";"DEL01-SC";"UOP03-DEL01-SC"
273542;2020-03-06;"sexta-feira";"08:15:00";"SC";101;264,1;"GAROPABA";"Velocidade Incompatível";"Saída de leito carroçável";"Com Vítimas Feridas";"Pleno dia";"Decrescente";"Garoa/Chuvisco";"Dupla";"Curva;Declive";"Sim";5;0;4;1;0;0;5;1;-28,05698406;-48,71775627;"SPRF-SC";"DEL02-SC";"UOP03-DEL02-SC"
273543;2020-03-06;"sexta-feira";"08:20:00";"ES";101;255,5;"SERRA";"Falta de Atenção à Condução";"Colisão traseira";"Sem Vítimas";"Pleno dia";"Crescente";"Céu Claro";"Simples";"Reta";"Sim";2;0;0;0;2;0;0;2;-20,11487935;-40,31943619;"SPRF-ES";"DEL02-ES";"UOP01-DEL02-ES"
273545;2020-03-06;"sexta-feira";"08:15:00";"DF";60;28;"BRASILIA";"Falta de Atenção à Condução";"Saída de leito carroçável";"Com Vítimas Feridas";"Pleno dia";"Decrescente";"Garoa/Chuvisco";"Dupla";"Curva;Aclive";"Não";2;0;1;0;1;0;1;1;-16,020638;-48,250832;"SPRF-DF";"DEL03-DF";"UOP01-DEL03-DF"
273547;2020-03-03;"terça-feira";"18:50:00";"SC";282;523,7;"XAXIM";"Desobediência às normas de trânsito pelo condutor";"Colisão lateral";"Com Vítimas Feridas";"Plena Noite";"Decrescente";"Céu Claro";"Simples";"Reta";"Não";2;0;2;0;0;0;2;2;-26,96552764;-52,55374163;"SPRF-SC";"DEL07-SC";"UOP01-DEL07-SC"
273549;2020-03-06;"sexta-feira";"08:30:00";"MS";163;695;"RIO VERDE DE MATO GROSSO";"Falta de Atenção à Condução";"Capotamento";"Com Vítimas Feridas";"Pleno dia";"Crescente";"Céu Claro";"Dupla";"Reta";"Não";5;0;4;0;1;0;4;1;-18,80016194;-54,8235928;"SPRF-MS";"DEL06-MS";"UOP01-DEL06-MS"
273550;2020-03-06;"sexta-feira";"09:25:00";"MG";381;525,5;"BRUMADINHO";"Velocidade Incompatível";"Colisão com objeto estático";"Com Vítimas Feridas";"Pleno dia";"Crescente";"Nublado";"Dupla";"Curva";"Não";1;0;1;0;0;0;1;1;-20,16710798;-44,33422398;"SPRF-MG";"DEL04-MG";"UOP03-DEL04-MG"
273551;2020-03-06;"sexta-feira";"08:30:00";"MG";381;483;"BETIM";"Falta de Atenção à Condução";"Tombamento";"Com Vítimas Feridas";"Pleno dia";"Decrescente";"Nublado";"Múltipla";"Curva";"Sim";1;0;1;0;0;0;1;1;-19,95915056;-44,08161163;"SPRF-MG";"DEL01-MG";"UOP03-DEL01-MG"
273552;2020-03-06;"sexta-feira";"09:30:00";"PR";369;184;"ARAPONGAS";"Desobediência às normas de trânsito pelo condutor";"Colisão lateral";"Com Vítimas Feridas";"Pleno dia";"Decrescente";"Céu Claro";"Simples";"Interseção de Vias;Reta";"Sim";2;0;1;0;1;0;1;2;-23,40558628;-51,42838782;"SPRF-PR";"DEL07-PR";"UOP03-DEL07-PR"
273554;2020-03-06;"sexta-feira";"08:30:00";"SC";282;209,8;"LAGES";"Não guardar distância de segurança";"Colisão traseira";"Com Vítimas Feridas";"Pleno dia";"Decrescente";"Céu Claro";"Simples";"Reta;Aclive";"Não";5;0;0;1;3;1;1;3;-27,776926;-50,221893;"SPRF-SC";"DEL05-SC";"UOP01-DEL05-SC"
273555;2020-03-06;"sexta-feira";"09:50:00";"RJ";101;73;"CAMPOS DOS GOYTACAZES";"Falta de Atenção do Pedestre";"Atropelamento de Pedestre";"Com Vítimas Feridas";"Pleno dia";"Decrescente";"Céu Claro";"Simples";"Reta";"Não";2;0;1;0;1;0;1;2;-21,798874;-41,393955;"SPRF-RJ";"DEL08-RJ";"UOP02-DEL08-RJ"
273556;2020-03-06;"sexta-feira";"10:20:00";"SE";235;49;"ITABAIANA";"Falta de Atenção à Condução";"Colisão transversal";"Sem Vítimas";"Pleno dia";"Crescente";"Sol";"Simples";"Reta";"Não";2;0;0;0;2;0;0;2;-10,716222;-37,421669;"SPRF-SE";"DEL01-SE";"UOP02-DEL01-SE"
273560;2020-03-06;"sexta-feira";"07:30:00";"AC";364;139;"RIO BRANCO";"Desobediência às normas de trânsito pelo condutor";"Colisão lateral";"Sem Vítimas";"Pleno dia";"Decrescente";"Nublado";"Dupla";"Curva;Rotatória";"Sim";4;0;0;0;4;0;0;2;-9,95272519;-67,86257029;"SPRF-AC";"DEL01-AC";"UOP01-DEL01-AC"
273562;2020-03-06;"sexta-feira";"10:50:00";"ES";262;19;"VIANA";"Falta de Atenção à Condução";"Colisão com objeto estático";"Com Vítimas Feridas";"Pleno dia";"Crescente";"Nublado";"Simples";"Reta";"Sim";2;0;0;1;0;1;1;2;-20,3919143;-40,49002338;"SPRF-ES";"DEL01-ES";"UOP01-DEL01-ES"
273564;2020-03-06;"sexta-feira";"12:14:00";"RS";392;352;"SANTA MARIA";"Desobediência às normas de trânsito pelo condutor";"Colisão lateral";"Com Vítimas Feridas";"Pleno dia";"Crescente";"Céu Claro";"Simples";"Retorno Regulamentado";"Sim";2;0;1;0;1;0;1;2;-29,720404;-53,807632;"SPRF-RS";"DEL09-RS";"UOP01-DEL09-RS"
273565;2020-03-06;"sexta-feira";"12:10:00";"SP";116;228;"SAO PAULO";"Defeito Mecânico no Veículo";"Incêndio";"Sem Vítimas";"Pleno dia";"Decrescente";"Sol";"Múltipla";"Reta";"Sim";1;0;0;0;1;0;0;1;-23,50343484;-46,56638712;"SPRF-SP";"DEL01-SP";"UOP01-DEL01-SP"
273566;2020-03-06;"sexta-feira";"12:20:00";"SP";116;227;"SAO PAULO";"Falta de Atenção à Condução";"Colisão traseira";"Com Vítimas Feridas";"Pleno dia";"Crescente";"Céu Claro";"Múltipla";"Declive";"Sim";2;0;1;0;1;0;1;2;-23,49755199;-46,55862093;"SPRF-SP";"DEL01-SP";"UOP01-DEL01-SP"
273567;2020-03-06;"sexta-feira";"12:00:00";"PR";376;2;"SAO JOSE DOS PINHAIS";"Falta de Atenção do Pedestre";"Atropelamento de Pedestre";"Com Vítimas Feridas";"Pleno dia";"Decrescente";"Céu Claro";"Dupla";"Reta";"Sim";2;0;1;1;0;0;2;2;-25,5307;-49,1958;"SPRF-PR";"DEL01-PR";"UOP01-DEL01-PR"
273571;2020-03-06;"sexta-feira";"13:15:00";"ES";262;104,7;"VENDA NOVA DO IMIGRANTE";"Falta de Atenção à Condução";"Colisão transversal";"Com Vítimas Feridas";"Pleno dia";"Decrescente";"Céu Claro";"Simples";"Interseção de Vias";"Não";2;0;1;0;1;0;1;2;-20,33302593;-41,12931881;"SPRF-ES";"DEL01-ES";"UOP02-DEL01-ES"
273572;2020-03-06;"sexta-feira";"12:35:00";"RJ";116;235;"PIRAI";"Mal Súbito";"Colisão com objeto estático";"Com Vítimas Feridas";"Pleno dia";"Decrescente";"Céu Claro";"Dupla";"Reta";"Não";1;0;1;0;0;0;1;1;-22,66934677;-43,85528603;"SPRF-RJ";"DEL07-RJ";"UOP01-DEL07-RJ"
273573;2020-03-06;"sexta-feira";"13:00:00";"PR";376;4,1;"APUCARANA";"Desobediência às normas de trânsito pelo condutor";"Colisão lateral";"Com Vítimas Feridas";"Pleno dia";"Crescente";"Sol";"Simples";"Reta";"Sim";2;0;1;0;1;0;1;2;-23,55508687;-51,44459724;"SPRF-PR";"DEL07-PR";"UOP03-DEL07-PR"
273574;2020-03-06;"sexta-feira";"13:20:00";"RS";158;324;"SANTA MARIA";"Desobediência às normas de trânsito pelo condutor";"Colisão traseira";"Com Vítimas Feridas";"Pleno dia";"Decrescente";"Céu Claro";"Dupla";"Reta;Aclive";"Sim";3;0;2;0;1;0;2;2;-29,69762558;-53,78846438;"SPRF-RS";"DEL09-RS";"UOP01-DEL09-RS"
273576;2020-03-06;"sexta-feira";"11:30:00";"BA";367;23,1;"PORTO SEGURO";"Ultrapassagem Indevida";"Colisão lateral";"Com Vítimas Feridas";"Pleno dia";"Decrescente";"Garoa/Chuvisco";"Simples";"Reta";"Sim";2;0;0;1;1;0;1;2;-16,43517732;-39,07201198;"SPRF-BA";"DEL09-BA";"UOP01-DEL09-BA"
273577;2020-03-06;"sexta-feira";"11:45:00";"MA";10;246;"IMPERATRIZ";"Falta de Atenção à Condução";"Colisão traseira";"Com Vítimas Feridas";"Pleno dia";"Decrescente";"Céu Claro";"Simples";"Aclive";"Sim";2;0;1;0;1;0;1;2;-5,581313;-47,438831;"SPRF-MA";"DEL04-MA";"UOP01-DEL04-MA"
273578;2020-03-06;"sexta-feira";"12:00:00";"MS";163;357;"NOVA ALVORADA DO SUL";"Falta de Atenção à Condução";"Colisão transversal";"Com Vítimas Feridas";"Pleno dia";"Decrescente";"Céu Claro";"Simples";"Reta";"Não";2;0;1;0;1;0;1;2;-21,53319109;-54,40745074;"SPRF-MS";"DEL02-MS";"UOP02-DEL02-MS"
273579;2020-03-06;"sexta-feira";"11:20:00";"SC";282;504,7;"XANXERE";"Desobediência às normas de trânsito pelo condutor";"Colisão traseira";"Com Vítimas Feridas";"Pleno dia";"Crescente";"Sol";"Simples";"Aclive;Interseção de Vias";"Sim";3;0;2;0;1;0;2;2;-26,884279;-52,408466;"SPRF-SC";"DEL07-SC";"UOP01-DEL07-SC"
273581;2020-03-06;"sexta-feira";"11:40:00";"MT";364;204,7;"RONDONOPOLIS";"Falta de Atenção à Condução";"Tombamento";"Com Vítimas Feridas";"Pleno dia";"Decrescente";"Céu Claro";"Dupla";"Reta";"Sim";1;0;1;0;0;0;1;1;-16,467325;-54,657196;"SPRF-MT";"DEL02-MT";"UOP01-DEL02-MT"
273582;2020-03-06;"sexta-feira";"14:00:00";"RS";468;97,3;"TRES PASSOS";"Não guardar distância de segurança";"Saída de leito carroçável";"Com Vítimas Feridas";"Pleno dia";"Crescente";"Céu Claro";"Simples";"Reta";"Não";3;0;3;0;0;0;3;1;-27,48845026;-53,89320218;"SPRF-RS";"DEL08-RS";"UOP02-DEL08-RS"
273583;2020-03-06;"sexta-feira";"14:30:00";"SC";101;202;"SAO JOSE";"Falta de Atenção à Condução";"Colisão lateral";"Com Vítimas Feridas";"Pleno dia";"Crescente";"Céu Claro";"Múltipla";"Reta";"Não";2;0;1;0;1;0;1;2;-27,54836599;-48,61977975;"SPRF-SC";"DEL01-SC";"UOP01-DEL01-SC"
273584;2020-03-06;"sexta-feira";"10:55:00";"RO";364;409;"JARU";"Falta de Atenção do Pedestre";"Atropelamento de Pedestre";"Com Vítimas Feridas";"Pleno dia";"Crescente";"Céu Claro";"Simples";"Reta";"Não";2;0;1;1;0;0;2;2;-10,54019698;-62,39333998;"SPRF-RO";"DEL03-RO";"UOP02-DEL03-RO"
273586;2020-03-06;"sexta-feira";"13:50:00";"SC";116;183,4;"SAO CRISTOVAO DO SUL";"Falta de Atenção à Condução";"Colisão lateral";"Sem Vítimas";"Pleno dia";"Decrescente";"Sol";"Simples";"Curva";"Não";2;0;0;0;2;0;0;2;-27,2929189;-50,43356775;"SPRF-SC";"DEL05-SC";"UOP03-DEL05-SC"
273587;2020-03-06;"sexta-feira";"14:00:00";"GO";153;675,9;"PANAMA";"Falta de Atenção à Condução";"Saída de leito carroçável";"Com Vítimas Feridas";"Pleno dia";"Crescente";"Chuva";"Dupla";"Curva";"Não";3;0;2;0;1;0;2;1;-18,1855;-49,2895;"SPRF-GO";"DEL03-GO";"UOP02-DEL03-GO"
273588;2020-03-06;"sexta-feira";"14:00:00";"RJ";116;177;"NOVA IGUACU";"Desobediência às normas de trânsito pelo condutor";"Colisão lateral";"Com Vítimas Feridas";"Pleno dia";"Crescente";"Céu Claro";"Simples";"Reta";"Sim";2;0;1;0;1;0;1;2;-22,78055198;-43,39208599;"SPRF-RJ";"DEL01-RJ";"UOP02-DEL01-RJ"
273591;2020-03-06;"sexta-feira";"15:00:00";"PR";116;116,8;"CURITIBA";"Velocidade Incompatível";"Colisão traseira";"Com Vítimas Feridas";"Pleno dia";"Crescente";"Céu Claro";"Múltipla";"Reta;Declive";"Sim";2;0;0;1;1;0;1;2;-25,55579949;-49,30635095;"SPRF-PR";"DEL01-PR";"UOP03-DEL01-PR"
273592;2020-03-06;"sexta-feira";"12:30:00";"MT";70;705,2;"CACERES";"Avarias e/ou desgaste excessivo no pneu";"Queda de ocupante de veículo";"Com Vítimas Fatais";"Pleno dia";"Crescente";"Céu Claro";"Simples";"Reta";"Não";2;1;0;1;0;0;1;1;-16,25319025;-57,46822715;"SPRF-MT";"DEL03-MT";"UOP01-DEL03-MT"
273595;2020-03-06;"sexta-feira";"15:45:00";"PE";232;142,5;"SAO CAITANO";"Falta de Atenção à Condução";"Colisão traseira";"Com Vítimas Feridas";"Pleno dia";"Crescente";"Céu Claro";"Dupla";"Reta";"Não";2;0;0;1;0;1;1;2;-8,32242118;-36,09480698;"SPRF-PE";"DEL02-PE";"UOP03-DEL02-PE"
273596;2020-03-06;"sexta-feira";"15:30:00";"PR";373;248,9;"GUAMIRANGA";"Falta de Atenção à Condução";"Saída de leito carroçável";"Com Vítimas Feridas";"Pleno dia";"Crescente";"Céu Claro";"Simples";"Reta";"Não";2;0;1;1;0;0;2;1;-25,19042059;-50,83313898;"SPRF-PR";"DEL03-PR";"UOP01-DEL03-PR"
273597;2020-03-06;"sexta-feira";"15:20:00";"RS";290;91;"PORTO ALEGRE";"Falta de Atenção à Condução";"Colisão lateral";"Com Vítimas Feridas";"Pleno dia";"Decrescente";"Céu Claro";"Dupla";"Retorno Regulamentado";"Não";6;0;3;0;3;0;3;2;-29,969055;-51,167439;"SPRF-RS";"DEL01-RS";"UOP01-DEL01-RS"
273598;2020-03-06;"sexta-feira";"15:00:00";"SP";116;278;"EMBU DAS ARTES";"Desobediência às normas de trânsito pelo condutor";"Colisão lateral";"Com Vítimas Feridas";"Pleno dia";"Decrescente";"Nublado";"Dupla";"Curva;Aclive";"Não";2;0;1;0;1;0;1;2;-23,65508497;-46,84918605;"SPRF-SP";"DEL04-SP";"UOP01-DEL04-SP"
273600;2020-03-06;"sexta-feira";"12:00:00";"MG";50;167;"UBERABA";"Falta de Atenção à Condução";"Colisão com objeto estático";"Sem Vítimas";"Pleno dia";"Crescente";"Céu Claro";"Dupla";"Viaduto";"Sim";1;0;0;0;1;0;0;1;-19,7102529;-47,98304473;"SPRF-MG";"DEL13-MG";"UOP01-DEL13-MG"
273601;2020-03-06;"sexta-feira";"06:40:00";"MG";50;172;"UBERABA";"Ultrapassagem Indevida";"Colisão com objeto estático";"Com Vítimas Feridas";"Pleno dia";"Crescente";"Nublado";"Dupla";"Reta";"Não";2;0;2;0;0;0;2;1;-19,75402507;-47,98051917;"SPRF-MG";"DEL13-MG";"UOP01-DEL13-MG"
273604;2020-03-06;"sexta-feira";"16:15:00";"RS";290;720;"URUGUAIANA";"Não guardar distância de segurança";"Colisão traseira";"Sem Vítimas";"Pleno dia";"Crescente";"Céu Claro";"Simples";"Rotatória";"Sim";2;0;0;0;2;0;0;2;-29,77146464;-57,05663681;"SPRF-RS";"DEL13-RS";"UOP01-DEL13-RS"
273606;2020-03-06;"sexta-feira";"16:00:00";"SC";101;39,4;"JOINVILLE";"Não guardar distância de segurança";"Colisão traseira";"Sem Vítimas";"Pleno dia";"Crescente";"Sol";"Dupla";"Reta";"Sim";2;0;0;0;2;0;0;2;-26,2628107;-48,90192257;"SPRF-SC";"DEL03-SC";"UOP01-DEL03-SC"
273607;2020-03-06;"sexta-feira";"15:50:00";"PR";376;595;"CURITIBA";"Falta de Atenção do Pedestre";"Atropelamento de Pedestre";"Com Vítimas Feridas";"Pleno dia";"Decrescente";"Sol";"Dupla";"Reta";"Não";2;0;0;1;1;0;1;2;-25,49317991;-49,34370776;"SPRF-PR";"DEL01-PR";"UOP06-DEL01-PR"
273608;2020-03-06;"sexta-feira";"15:00:00";"SC";470;38;"GASPAR";"Ingestão de Álcool";"Colisão traseira";"Sem Vítimas";"Pleno dia";"Crescente";"Sol";"Simples";"Reta;Em Obras;Desvio Temporário";"Sim";2;0;0;0;2;0;0;2;-26,90329014;-48,98106337;"SPRF-SC";"DEL04-SC";"UOP01-DEL04-SC"
273609;2020-03-06;"sexta-feira";"15:10:00";"RS";116;206;"PICADA CAFE";"Velocidade Incompatível";"Saída de leito carroçável";"Com Vítimas Feridas";"Pleno dia";"Decrescente";"Sol";"Simples";"Curva";"Não";1;0;0;1;0;0;1;1;-29,49966726;-51,1306017;"SPRF-RS";"DEL05-RS";"UOP02-DEL05-RS"
273610;2020-03-06;"sexta-feira";"13:10:00";"AC";364;136,9;"RIO BRANCO";"Defeito na Via";"Tombamento";"Com Vítimas Feridas";"Pleno dia";"Decrescente";"Nublado";"Múltipla";"Reta";"Sim";2;0;2;0;0;0;2;1;-9,96994956;-67,85233498;"SPRF-AC";"DEL01-AC";"UOP01-DEL01-AC"
273611;2020-03-06;"sexta-feira";"16:30:00";"SC";470;129,8;"LONTRAS";"Falta de Atenção à Condução";"Colisão traseira";"Sem Vítimas";"Pleno dia";"Decrescente";"Sol";"Simples";"Reta";"Sim";2;0;0;0;2;0;0;2;-27,148499;-49,556137;"SPRF-SC";"DEL04-SC";"UOP02-DEL04-SC"
273613;2020-03-06;"sexta-feira";"16:45:00";"AL";104;92;"RIO LARGO";"Falta de Atenção à Condução";"Atropelamento de Pedestre";"Com Vítimas Feridas";"Pleno dia";"Decrescente";"Céu Claro";"Dupla";"Reta";"Sim";3;0;1;0;1;1;1;2;-9,51830116;-35,80309153;"SPRF-AL";"DEL01-AL";"UOP01-DEL01-AL"
273614;2020-03-06;"sexta-feira";"17:00:00";"RS";471;174,4;"RIO PARDO";"Desobediência às normas de trânsito pelo condutor";"Colisão transversal";"Com Vítimas Feridas";"Pleno dia";"Crescente";"Céu Claro";"Simples";"Rotatória";"Sim";2;0;0;1;1;0;1;2;-30,022757;-52,373554;"SPRF-RS";"DEL02-RS";"UOP02-DEL02-RS"
273615;2020-03-06;"sexta-feira";"13:00:00";"AL";101;216,3;"PORTO REAL DO COLEGIO";"Agressão Externa";"Colisão lateral";"Com Vítimas Feridas";"Pleno dia";"Decrescente";"Sol";"Dupla";"Curva";"Sim";1;0;1;0;0;0;1;1;-10,04190832;-36,64694977;"SPRF-AL";"DEL02-AL";"UOP02-DEL02-AL"
273617;2020-03-06;"sexta-feira";"14:55:00";"AC";364;121,9;"RIO BRANCO";"Falta de Atenção à Condução";"Colisão traseira";"Com Vítimas Feridas";"Pleno dia";"Decrescente";"Nublado";"Dupla";"Reta";"Sim";2;0;1;0;1;0;1;2;-10,01209268;-67,764365;"SPRF-AC";"DEL01-AC";"UOP01-DEL01-AC"
273618;2020-03-06;"sexta-feira";"16:50:00";"GO";40;10;"LUZIANIA";"Falta de Atenção à Condução";"Colisão traseira";"Com Vítimas Feridas";"Pleno dia";"Crescente";"Céu Claro";"Dupla";"Reta";"Sim";3;0;1;0;2;0;1;2;-16,131285;-47,957923;"SPRF-DF";"DEL01-DF";"UOP01-DEL01-DF"
273620;2020-03-06;"sexta-feira";"17:20:00";"SC";101;207;"SAO JOSE";"Não guardar distância de segurança";"Colisão lateral";"Com Vítimas Feridas";"Pleno dia";"Decrescente";"Nublado";"Múltipla";"Reta";"Sim";2;0;1;0;1;0;1;2;-27,60001226;-48,6226467;"SPRF-SC";"DEL01-SC";"UOP01-DEL01-SC"
273622;2020-03-06;"sexta-feira";"17:30:00";"SP";116;274;"TABOAO DA SERRA";"Não guardar distância de segurança";"Colisão traseira";"Com Vítimas Feridas";"Anoitecer";"Decrescente";"Nublado";"Dupla";"Reta";"Não";2;0;1;0;1;0;1;2;-23,63445084;-46,82418514;"SPRF-SP";"DEL04-SP";"UOP01-DEL04-SP"
273623;2020-03-06;"sexta-feira";"14:00:00";"CE";20;360;"MARANGUAPE";"Carga excessiva e/ou mal acondicionada";"Saída de leito carroçável";"Com Vítimas Feridas";"Pleno dia";"Decrescente";"Nublado";"Simples";"Reta";"Não";2;0;2;0;0;0;2;1;-4,023532;-38,985119;"SPRF-CE";"DEL02-CE";"UOP01-DEL02-CE"
273624;2020-03-06;"sexta-feira";"17:30:00";"SC";280;66;"JARAGUA DO SUL";"Falta de Atenção à Condução";"Colisão traseira";"Com Vítimas Feridas";"Pleno dia";"Decrescente";"Céu Claro";"Simples";"Reta";"Sim";3;0;1;0;2;0;1;3;-26,47606607;-49,09568797;"SPRF-SC";"DEL03-SC";"UOP03-DEL03-SC"
273625;2020-03-06;"sexta-feira";"17:50:00";"ES";101;159;"LINHARES";"Defeito Mecânico no Veículo";"Queda de ocupante de veículo";"Com Vítimas Feridas";"Anoitecer";"Crescente";"Garoa/Chuvisco";"Simples";"Reta";"Sim";2;0;2;0;0;0;2;1;-19,4684012;-40,1102557;"SPRF-ES";"DEL04-ES";"UOP01-DEL04-ES"
273626;2020-01-08;"quarta-feira";"16:30:00";"AC";364;160;"BUJARI";"Animais na Pista";"Atropelamento de Animal";"Com Vítimas Feridas";"Pleno dia";"Decrescente";"Ignorado";"Simples";"Reta";"Sim";1;0;1;0;0;0;1;1;-9,82803077;-67,9577812;"SPRF-AC";"DEL01-AC";"UOP01-DEL01-AC"
273628;2020-03-06;"sexta-feira";"16:40:00";"RJ";101;265;"RIO BONITO";"Desobediência às normas de trânsito pelo pedestre";"Colisão lateral";"Com Vítimas Feridas";"Pleno dia";"Crescente";"Céu Claro";"Dupla";"Reta";"Sim";3;0;2;1;0;0;3;2;-22,71359987;-42,64391188;"SPRF-RJ";"DEL02-RJ";"UOP03-DEL02-RJ"
273629;2020-03-06;"sexta-feira";"17:50:00";"RN";226;173,6;"CURRAIS NOVOS";"Animais na Pista";"Atropelamento de Animal";"Com Vítimas Feridas";"Anoitecer";"Decrescente";"Chuva";"Simples";"Reta";"Sim";1;0;1;0;0;0;1;1;-6,25736993;-36,49507999;"SPRF-RN";"DEL03-RN";"UOP02-DEL03-RN"
273630;2020-03-06;"sexta-feira";"15:20:00";"SC";101;379,4;"ICARA";"Ingestão de Álcool";"Saída de leito carroçável";"Sem Vítimas";"Pleno dia";"Crescente";"Nublado";"Simples";"Curva";"Não";1;0;0;0;1;0;0;1;-28,74651646;-49,2599038;"SPRF-SC";"DEL02-SC";"UOP01-DEL02-SC"
273632;2020-03-06;"sexta-feira";"15:10:00";"GO";153;642,7;"MORRINHOS";"Falta de Atenção à Condução";"Saída de leito carroçável";"Com Vítimas Feridas";"Pleno dia";"Decrescente";"Nublado";"Dupla";"Retorno Regulamentado;Reta";"Não";3;0;2;0;1;0;2;1;-17,8972;-49,2348;"SPRF-GO";"DEL03-GO";"UOP01-DEL03-GO"
273634;2020-03-06;"sexta-feira";"17:50:00";"GO";153;505;"APARECIDA DE GOIANIA";"Não guardar distância de segurança";"Colisão lateral";"Com Vítimas Feridas";"Anoitecer";"Crescente";"Céu Claro";"Dupla";"Reta";"Sim";2;0;1;0;1;0;1;2;-16,7537;-49,2411;"SPRF-GO";"DEL01-GO";"UOP01-DEL01-GO"
273635;2020-03-06;"sexta-feira";"16:07:00";"RJ";101;299;"ITABORAI";"Defeito Mecânico no Veículo";"Incêndio";"Sem Vítimas";"Pleno dia";"Decrescente";"Céu Claro";"Dupla";"Reta";"Sim";1;0;0;0;1;0;0;1;-22,77432673;-42,93823207;"SPRF-RJ";"DEL02-RJ";"UOP01-DEL02-RJ"
273637;2020-03-06;"sexta-feira";"18:00:00";"SC";470;147,2;"RIO DO SUL";"Falta de Atenção à Condução";"Colisão traseira";"Com Vítimas Feridas";"Pleno dia";"Decrescente";"Sol";"Simples";"Reta";"Sim";2;0;1;0;1;0;1;2;-27,243439;-49,690025;"SPRF-SC";"DEL04-SC";"UOP02-DEL04-SC"
273638;2020-03-06;"sexta-feira";"15:50:00";"SC";101;104,8;"PENHA";"Falta de Atenção à Condução";"Queda de ocupante de veículo";"Com Vítimas Feridas";"Pleno dia";"Crescente";"Sol";"Dupla";"Curva";"Não";2;0;0;2;0;0;2;1;-26,79281742;-48,68080819;"SPRF-SC";"DEL03-SC";"UOP02-DEL03-SC"
273641;2020-03-06;"sexta-feira";"11:25:00";"MG";262;37,7;"MANHUACU";"Falta de Atenção à Condução";"Colisão transversal";"Com Vítimas Feridas";"Pleno dia";"Crescente";"Nublado";"Simples";"Reta";"Não";2;0;1;0;1;0;1;2;-20,25748975;-42,03048732;"SPRF-MG";"DEL06-MG";"UOP03-DEL06-MG"
273643;2020-03-06;"sexta-feira";"17:30:00";"SC";470;144,5;"RIO DO SUL";"Falta de Atenção à Condução";"Colisão transversal";"Com Vítimas Feridas";"Pleno dia";"Decrescente";"Céu Claro";"Simples";"Reta";"Não";2;0;2;0;0;0;2;2;-27,22853653;-49,6681506;"SPRF-SC";"DEL04-SC";"UOP02-DEL04-SC"
273645;2020-03-06;"sexta-feira";"17:50:00";"SC";101;41;"JOINVILLE";"Desobediência às normas de trânsito pelo condutor";"Colisão transversal";"Com Vítimas Feridas";"Plena Noite";"Decrescente";"Céu Claro";"Dupla";"Rotatória";"Sim";2;0;0;1;1;0;1;2;-26,28215489;-48,88973081;"SPRF-SC";"DEL03-SC";"UOP01-DEL03-SC"
273646;2020-03-06;"sexta-feira";"18:20:00";"PR";369;185,5;"ARAPONGAS";"Desobediência às normas de trânsito pelo condutor";"Colisão transversal";"Com Vítimas Feridas";"Pleno dia";"Crescente";"Céu Claro";"Simples";"Reta;Interseção de Vias";"Sim";3;0;1;1;0;1;2;2;-23,41216772;-51,42734528;"SPRF-PR";"DEL07-PR";"UOP03-DEL07-PR"
273647;2020-03-06;"sexta-feira";"13:15:00";"BA";101;544;"SAO JOSE DA VITORIA";"Mal Súbito";"Saída de leito carroçável";"Com Vítimas Feridas";"Pleno dia";"Crescente";"Nublado";"Simples";"Curva";"Não";3;0;2;0;1;0;2;1;-15,101885;-39,3546605;"SPRF-BA";"DEL05-BA";"UOP02-DEL05-BA"