"id";"data_inversa";"dia_semana";"horario";"uf";"br";"km";"municipio";"causa_acidente";"tipo_acidente";"classificacao_acidente";"fase_dia";"sentido_via";"condicao_metereologica";"tipo_pista";"tracado_via";"uso_solo";"pessoas";"mortos";"feridos_leves";"feridos_graves";"ilesos";"ignorados";"feridos";"veiculos";"latitude";"longitude";"regional";"delegacia";"uop"
273649;2020-03-06;"sexta-feira";"16:35:00";"SC";282;368,7;"ERVAL VELHO";"Desobediência às normas de trânsito pelo condutor";"Colisão transversal";"Com Vítimas Feridas";"Pleno dia";"Decrescente";"Céu Claro";"Simples";"Reta";"Sim";6;0;1;0;5;0;1;3;-27,283747;-51,434963;"SPRF-SC";"DEL07-SC";"UOP05-DEL07-SC"
273650;2020-03-06;"sexta-feira";"19:00:00";"RN";101;81;"SAO GONCALO DO AMARANTE";"Falta de Atenção à Condução";"Colisão lateral";"Com Vítimas Feridas";"Plena Noite";"Crescente";"Céu Claro";"Dupla";"Reta";"Sim";2;0;1;0;1;0;1;2;-5,76469466;-35,28295988;"SPRF-RN";"DEL02-RN";"UOP01-DEL02-RN"
273651;2020-03-06;"sexta-feira";"18:40:00";"PR";376;5;"APUCARANA";"Desobediência às normas de trânsito pelo condutor";"Colisão transversal";"Com Vítimas Feridas";"Pleno dia";"Crescente";"Sol";"Simples";"Reta";"Sim";3;0;2;0;1;0;2;2;-23,5573292;-51,44199014;"SPRF-PR";"DEL07-PR";"UOP03-DEL07-PR"
273652;2020-03-06;"sexta-feira";"18:30:00";"BA";116;24;"VITORIA DA CONQUISTA";"Falta de Atenção à Condução";"Colisão transversal";"Com Vítimas Feridas";"Plena Noite";"Decrescente";"Céu Claro";"Simples";"Reta";"Não";2;0;1;0;1;0;1;2;-14,86472977;-40,79985941;"SPRF-BA";"DEL08-BA";"UOP01-DEL08-BA"
273653;2020-03-06;"sexta-feira";"13:00:00";"ES";101;149,2;"LINHARES";"Desobediência às normas de trânsito pelo condutor";"Colisão transversal";"Com Vítimas Feridas";"Pleno dia";"Crescente";"Nublado";"Múltipla";"Reta";"Sim";2;0;1;0;1;0;1;2;-19,39619083;-40,06435871;"SPRF-ES";"DEL04-ES";"UOP01-DEL04-ES"
273654;2020-03-06;"sexta-feira";"16:35:00";"CE";116;270,7;"JAGUARIBARA";"Falta de Atenção à Condução";"Colisão lateral";"Com Vítimas Feridas";"Pleno dia";"Decrescente";"Nublado";"Simples";"Curva";"Não";7;0;2;0;5;0;2;2;-5,6206418;-38,43667407;"SPRF-CE";"DEL05-CE";"UOP02-DEL05-CE"
273655;2020-03-06;"sexta-feira";"18:50:00";"MG";381;504,3;"BETIM";"Falta de Atenção à Condução";"Colisão transversal";"Sem Vítimas";"Plena Noite";"Crescente";"Chuva";"Dupla";"Reta;Declive";"Sim";2;0;0;0;2;0;0;2;-20,0314796;-44,23782349;"SPRF-MG";"DEL01-MG";"UOP03-DEL01-MG"
273656;2020-03-06;"sexta-feira";"17:40:00";"MG";40;25,6;"PARACATU";"Pista Escorregadia";"Saída de leito carroçável";"Com Vítimas Feridas";"Pleno dia";"Decrescente";"Nublado";"Simples";"Reta";"Não";5;0;5;0;0;0;5;1;-17,133504;-46,973414;"SPRF-MG";"DEL14-MG";"UOP01-DEL14-MG"
273657;2020-03-06;"sexta-feira";"18:15:00";"DF";70;2;"BRASILIA";"Falta de Atenção à Condução";"Colisão traseira";"Com Vítimas Feridas";"Plena Noite";"Crescente";"Nublado";"Dupla";"Reta";"Sim";2;0;1;0;1;0;1;2;-15,798048;-48,073235;"SPRF-DF";"DEL03-DF";"UOP02-DEL03-DF"
273658;2020-03-06;"sexta-feira";"18:10:00";"PR";369;490,2;"CORBELIA";"Ingestão de Álcool";"Colisão frontal";"Sem Vítimas";"Pleno dia";"Crescente";"Céu Claro";"Simples";"Reta;Interseção de Vias";"Não";5;0;0;0;5;0;0;2;-24,7200974;-53,24655002;"SPRF-PR";"DEL04-PR";"UOP03-DEL04-PR"
273659;2020-03-06;"sexta-feira";"19:00:00";"PR";376;177,1;"MARINGA";"Desobediência às normas de trânsito pelo condutor";"Colisão lateral";"Sem Vítimas";"Anoitecer";"Crescente";"Céu Claro";"Dupla";"Reta";"Sim";3;0;0;0;2;1;0;3;-23,41595855;-51,92226484;"SPRF-PR";"DEL09-PR";"UOP01-DEL09-PR"
273660;2020-03-06;"sexta-feira";"19:45:00";"MG";381;946,8;"EXTREMA";"Falta de Atenção do Pedestre";"Atropelamento de Pedestre";"Com Vítimas Fatais";"Plena Noite";"Crescente";"Céu Claro";"Dupla";"Curva;Aclive";"Não";3;1;1;0;1;0;1;2;-22,86540013;-46,34769201;"SPRF-MG";"DEL16-MG";"UOP03-DEL16-MG"
273662;2020-03-06;"sexta-feira";"19:20:00";"PR";373;413,3;"CANDOI";"Falta de Atenção à Condução";"Colisão lateral";"Com Vítimas Fatais";"Plena Noite";"Decrescente";"Céu Claro";"Simples";"Reta";"Não";3;1;0;1;0;1;1;2;-25,65438328;-52,11260376;"SPRF-PR";"DEL08-PR";"UOP01-DEL08-PR"
273663;2020-03-06;"sexta-feira";"17:55:00";"SC";280;58,4;"GUARAMIRIM";"Falta de Atenção à Condução";"Colisão transversal";"Com Vítimas Feridas";"Pleno dia";"Decrescente";"Nublado";"Simples";"Reta";"Não";2;0;1;0;1;0;1;2;-26,47415593;-49,021211;"SPRF-SC";"DEL03-SC";"UOP03-DEL03-SC"
273664;2020-03-06;"sexta-feira";"13:00:00";"MT";70;247;"PRIMAVERA DO LESTE";"Falta de Atenção à Condução";"Saída de leito carroçável";"Com Vítimas Feridas";"Pleno dia";"Decrescente";"Céu Claro";"Simples";"Reta";"Não";2;0;1;1;0;0;2;1;-15,62360318;-54,08817497;"SPRF-MT";"DEL05-MT";"UOP01-DEL05-MT"
273665;2020-03-06;"sexta-feira";"19:30:00";"BA";324;519;"FEIRA DE SANTANA";"Não guardar distância de segurança";"Colisão traseira";"Com Vítimas Feridas";"Plena Noite";"Decrescente";"Chuva";"Dupla";"Reta";"Sim";2;0;1;0;1;0;1;2;-12,277679;-38,926323;"SPRF-BA";"DEL02-BA";"UOP01-DEL02-BA"
273667;2020-03-06;"sexta-feira";"19:30:00";"MG";116;704;"MURIAE";"Falta de Atenção à Condução";"Colisão lateral";"Com Vítimas Feridas";"Plena Noite";"Decrescente";"Céu Claro";"Simples";"Reta";"Sim";2;0;1;0;1;0;1;2;-21,11986408;-42,38000046;"SPRF-MG";"DEL07-MG";"UOP02-DEL07-MG"
273668;2020-03-06;"sexta-feira";"19:30:00";"ES";101;285;"CARIACICA";"Desobediência às normas de trânsito pelo condutor";"Colisão traseira";"Com Vítimas Feridas";"Plena Noite";"Decrescente";"Chuva";"Dupla";"Reta";"Sim";2;0;1;0;1;0;1;2;-20,25148171;-40,37270066;"SPRF-ES";"DEL01-ES";"UOP01-DEL01-ES"
273670;2020-03-06;"sexta-feira";"20:10:00";"PR";376;549;"PALMEIRA";"Falta de Atenção do Pedestre";"Atropelamento de Pedestre";"Com Vítimas Feridas";"Plena Noite";"Decrescente";"Nublado";"Dupla";"Reta";"Não";2;0;1;0;1;0;1;1;-25,28698802;-49,90414191;"SPRF-PR";"DEL01-PR";"UOP03-DEL03-PR"
273671;2020-03-06;"sexta-feira";"18:40:00";"RR";432;191;"CANTA";"Ingestão de Álcool";"Saída de leito carroçável";"Com Vítimas Feridas";"Plena Noite";"Decrescente";"Céu Claro";"Simples";"Reta";"Sim";4;0;1;1;0;2;2;2;2,609889;-60,597168;"SPRF-RR";"DEL01-RR";"UOP01-DEL01-RR"
273672;2020-03-06;"sexta-feira";"19:00:00";"BA";324;439,5;"RIACHAO DO JACUIPE";"Falta de Atenção à Condução";"Colisão lateral";"Sem Vítimas";"Plena Noite";"Crescente";"Nublado";"Simples";"Reta";"Sim";2;0;0;0;2;0;0;2;-11,81497354;-39,38058713;"SPRF-BA";"DEL02-BA";"UOP01-DEL02-BA"
273673;2020-03-06;"sexta-feira";"20:25:00";"PR";277;12;"PARANAGUA";"Falta de Atenção à Condução";"Colisão com objeto estático";"Sem Vítimas";"Plena Noite";"Decrescente";"Nublado";"Dupla";"Reta";"Não";1;0;0;0;1;0;0;1;-25,56435339;-48,63200161;"SPRF-PR";"DEL01-PR";"UOP05-DEL01-PR"
273674;2020-03-06;"sexta-feira";"18:00:00";"MS";262;154,2;"RIBAS DO RIO PARDO";"Defeito na Via";"Capotamento";"Com Vítimas Feridas";"Anoitecer";"Decrescente";"Céu Claro";"Simples";"Reta";"Não";1;0;1;0;0;0;1;1;-20,46512996;-52,96923899;"SPRF-MS";"DEL07-MS";"UOP02-DEL07-MS"
273676;2020-03-06;"sexta-feira";"20:30:00";"RJ";40;106;"DUQUE DE CAXIAS";"Falta de Atenção à Condução";"Saída de leito carroçável";"Com Vítimas Feridas";"Plena Noite";"Crescente";"Céu Claro";"Dupla";"Reta";"Não";2;0;1;0;1;0;1;1;-22,64679;-43,283726;"SPRF-RJ";"DEL01-RJ";"UOP01-DEL01-RJ"
273679;2020-03-06;"sexta-feira";"19:40:00";"MG";381;358;"JOAO MONLEVADE";"Desobediência às normas de trânsito pelo condutor";"Colisão transversal";"Com Vítimas Feridas";"Plena Noite";"Decrescente";"Garoa/Chuvisco";"Simples";"Reta;Interseção de Vias";"Sim";2;0;1;0;0;1;1;2;-19,85592801;-43,21689055;"SPRF-MG";"DEL03-MG";"UOP01-DEL03-MG"
273680;2020-03-06;"sexta-feira";"20:30:00";"SC";101;200;"SAO JOSE";"Falta de Atenção à Condução";"Colisão lateral";"Com Vítimas Feridas";"Plena Noite";"Crescente";"Céu Claro";"Dupla";"Reta";"Não";2;0;1;0;1;0;1;2;-27,54018513;-48,62287714;"SPRF-SC";"DEL01-SC";"UOP01-DEL01-SC"
273681;2020-03-06;"sexta-feira";"18:10:00";"TO";153;277;"BRASILANDIA DO TOCANTINS";"Não guardar distância de segurança";"Colisão traseira";"Sem Vítimas";"Plena Noite";"Decrescente";"Nublado";"Simples";"Reta";"Não";1;0;0;0;1;0;0;1;-8,32812213;-48,47581958;"SPRF-TO";"DEL02-TO";"UOP02-DEL02-TO"
273682;2020-03-06;"sexta-feira";"19:10:00";"RO";364;16,6;"VILHENA";"Falta de Atenção à Condução";"Colisão transversal";"Com Vítimas Feridas";"Plena Noite";"Decrescente";"Céu Claro";"Simples";"Reta";"Não";3;0;2;0;1;0;2;2;-12,73437947;-60,15696986;"SPRF-RO";"DEL04-RO";"UOP01-DEL04-RO"
273683;2020-03-06;"sexta-feira";"20:45:00";"PR";277;72,1;"SAO JOSE DOS PINHAIS";"Falta de Atenção à Condução";"Queda de ocupante de veículo";"Com Vítimas Feridas";"Plena Noite";"Decrescente";"Céu Claro";"Dupla";"Reta";"Não";1;0;1;0;0;0;1;1;-25,52522628;-49,09755612;"SPRF-PR";"DEL01-PR";"UOP01-DEL01-PR"
273685;2020-03-06;"sexta-feira";"17:30:00";"RO";364;12;"VILHENA";"Falta de Atenção à Condução";"Queda de ocupante de veículo";"Com Vítimas Feridas";"Anoitecer";"Decrescente";"Céu Claro";"Dupla";"Rotatória";"Sim";2;0;1;0;1;0;1;2;-12,74370233;-60,12147609;"SPRF-RO";"DEL04-RO";"UOP01-DEL04-RO"
273686;2020-03-06;"sexta-feira";"20:30:00";"RJ";116;167;"SAO JOAO DE MERITI";"Não guardar distância de segurança";"Colisão traseira";"Com Vítimas Feridas";"Plena Noite";"Crescente";"Céu Claro";"Múltipla";"Reta";"Sim";2;0;1;0;1;0;1;2;-22,81803977;-43,30787252;"SPRF-RJ";"DEL01-RJ";"UOP02-DEL01-RJ"
273687;2020-03-06;"sexta-feira";"20:49:00";"SC";101;213,9;"PALHOCA";"Falta de Atenção à Condução";"Colisão traseira";"Sem Vítimas";"Plena Noite";"Decrescente";"Nublado";"Múltipla";"Reta";"Sim";3;0;0;0;3;0;0;2;-27,64443;-48,67057;"SPRF-SC";"DEL01-SC";"UOP02-DEL01-SC"
273688;2020-03-06;"sexta-feira";"20:55:00";"PR";376;2,7;"SAO JOSE DOS PINHAIS";"Ingestão de Álcool";"Colisão traseira";"Com Vítimas Feridas";"Plena Noite";"Crescente";"Céu Claro";"Dupla";"Reta";"Sim";3;0;1;0;1;1;1;3;-25,5307;-49,1958;"SPRF-PR";"DEL01-PR";"UOP01-DEL01-PR"
273689;2020-03-06;"sexta-feira";"21:30:00";"GO";414;342,5;"COCALZINHO DE GOIAS";"Falta de Atenção à Condução";"Colisão com objeto estático";"Sem Vítimas";"Plena Noite";"Decrescente";"Chuva";"Simples";"Ponte";"Não";1;0;0;0;1;0;0;1;-15,580993;-48,628662;"SPRF-GO";"DEL02-GO";"UOP01-DEL02-GO"
273690;2020-03-06;"sexta-feira";"21:20:00";"MA";230;3;"BARAO DE GRAJAU";"Ingestão de Álcool";"Colisão lateral";"Com Vítimas Feridas";"Plena Noite";"Crescente";"Céu Claro";"Simples";"Interseção de Vias";"Sim";2;0;1;0;0;1;1;2;-6,75164883;-43,03389094;"SPRF-PI";"DEL03-PI";"UOP01-DEL03-PI"
273691;2020-03-06;"sexta-feira";"21:40:00";"PB";104;112,6;"LAGOA SECA";"Ingestão de Álcool";"Atropelamento de Pedestre";"Sem Vítimas";"Plena Noite";"Crescente";"Céu Claro";"Simples";"Reta";"Sim";1;0;0;0;1;0;0;1;-7,1450288;-35,85692679;"SPRF-PB";"DEL02-PB";"UOP04-DEL02-PB"
273692;2020-03-06;"sexta-feira";"20:35:00";"SC";280;124,3;"RIO NEGRINHO";"Falta de Atenção à Condução";"Colisão traseira";"Com Vítimas Feridas";"Plena Noite";"Crescente";"Céu Claro";"Simples";"Declive;Reta";"Sim";2;0;0;1;1;0;1;2;-26,24130297;-49,47514499;"SPRF-SC";"DEL06-SC";"UOP03-DEL06-SC"
273693;2020-03-06;"sexta-feira";"23:05:00";"SC";101;197,4;"BIGUACU";"Falta de Atenção à Condução";"Colisão traseira";"Com Vítimas Feridas";"Plena Noite";"Crescente";"Nublado";"Múltipla";"Reta";"Não";2;0;1;1;0;0;2;2;-27,51844497;-48,63848496;"SPRF-SC";"DEL01-SC";"UOP01-DEL01-SC"
273695;2020-03-06;"sexta-feira";"22:10:00";"SC";470;68,6;"INDAIAL";"Não guardar distância de segurança";"Colisão traseira";"Sem Vítimas";"Plena Noite";"Crescente";"Céu Claro";"Simples";"Reta;Desvio Temporário;Em Obras";"Sim";3;0;0;0;3;0;0;3;-26,88280173;-49,24619528;"SPRF-SC";"DEL04-SC";"UOP01-DEL04-SC"
273698;2020-03-06;"sexta-feira";"21:20:00";"MT";163;829;"SINOP";"Desobediência às normas de trânsito pelo condutor";"Saída de leito carroçável";"Com Vítimas Feridas";"Plena Noite";"Crescente";"Céu Claro";"Dupla";"Retorno Regulamentado";"Sim";4;0;2;0;1;1;2;2;-11,913412;-55,50874;"SPRF-MT";"DEL06-MT";"UOP01-DEL06-MT"
273699;2020-03-06;"sexta-feira";"20:30:00";"PR";376;178,6;"MARINGA";"Falta de Atenção à Condução";"Colisão traseira";"Com Vítimas Feridas";"Plena Noite";"Crescente";"Céu Claro";"Dupla";"Reta";"Sim";3;0;1;0;1;1;1;3;-23,41595855;-51,92226484;"SPRF-PR";"DEL09-PR";"UOP01-DEL09-PR"
273703;2020-03-07;"sábado";"00:00:00";"SP";116;276;"EMBU DAS ARTES";"Falta de Atenção à Condução";"Queda de ocupante de veículo";"Com Vítimas Feridas";"Plena Noite";"Decrescente";"Céu Claro";"Dupla";"Reta";"Não";1;0;1;0;0;0;1;1;-23,64262417;-46,83811382;"SPRF-SP";"DEL04-SP";"UOP01-DEL04-SP"
273705;2020-03-07;"sábado";"00:30:00";"PR";163;36,3;"SANTO ANTONIO DO SUDOESTE";"Ingestão de álcool e/ou substâncias psicoativas pelo pedestre";"Colisão com objeto estático";"Com Vítimas Feridas";"Plena Noite";"Decrescente";"Céu Claro";"Simples";"Reta";"Sim";5;0;1;4;0;0;5;1;-26,05802713;-53,72623812;"SPRF-PR";"DEL02-PR";"UOP02-DEL02-PR"
273707;2020-03-06;"sexta-feira";"00:00:00";"GO";60;34,5;"GOIANIA";"Desobediência às normas de trânsito pelo condutor";"Colisão com objeto estático";"Sem Vítimas";"Plena Noite";"Crescente";"Céu Claro";"Dupla";"Reta";"Sim";2;0;0;0;2;0;0;1;-16,71776;-49,35669;"SPRF-GO";"DEL01-GO";"UOP02-DEL01-GO"
273708;2020-03-07;"sábado";"00:20:00";"SC";101;323;"PESCARIA BRAVA";"Ingestão de Álcool";"Colisão com objeto estático";"Sem Vítimas";"Plena Noite";"Crescente";"Céu Claro";"Múltipla";"Reta";"Não";1;0;0;0;1;0;0;1;-28,42789556;-48,91248313;"SPRF-SC";"DEL02-SC";"UOP01-DEL02-SC"
273709;2020-03-07;"sábado";"00:20:00";"BA";324;554;"AMELIA RODRIGUES";"Não guardar distância de segurança";"Colisão traseira";"Sem Vítimas";"Plena Noite";"Decrescente";"Chuva";"Dupla";"Reta";"Sim";3;0;0;0;3;0;0;3;-12,46037726;-38,69681519;"SPRF-BA";"DEL01-BA";"UOP01-DEL01-BA"
273710;2020-03-06;"sexta-feira";"21:50:00";"PR";376;594;"CURITIBA";"Desobediência às normas de trânsito pelo pedestre";"Atropelamento de Pedestre";"Com Vítimas Feridas";"Plena Noite";"Crescente";"Céu Claro";"Dupla";"Curva";"Não";2;0;0;1;1;0;1;2;-25,48479613;-49,34730331;"SPRF-PR";"DEL01-PR";"UOP06-DEL01-PR"
273711;2020-03-07;"sábado";"01:10:00";"MG";50;65,1;"UBERLANDIA";"Ingestão de Álcool";"Colisão com objeto estático";"Com Vítimas Feridas";"Plena Noite";"Decrescente";"Céu Claro";"Simples";"Reta";"Sim";4;0;3;0;0;1;3;4;-18,85140204;-48,25345932;"SPRF-MG";"DEL15-MG";"UOP02-DEL15-MG"
273712;2020-03-07;"sábado";"00:25:00";"CE";116;37;"HORIZONTE";"Velocidade Incompatível";"Colisão com objeto estático";"Com Vítimas Feridas";"Plena Noite";"Crescente";"Céu Claro";"Dupla";"Curva";"Não";1;0;0;1;0;0;1;1;-4,07003597;-38,50180289;"SPRF-CE";"DEL01-CE";"UOP02-DEL01-CE"
273714;2020-03-06;"sexta-feira";"23:25:00";"MG";40;276,6;"TRES MARIAS";"Pista Escorregadia";"Colisão frontal";"Com Vítimas Feridas";"Plena Noite";"Crescente";"Chuva";"Simples";"Reta";"Sim";4;0;1;3;0;0;4;2;-18,20602828;-45,23123233;"SPRF-MG";"DEL14-MG";"UOP02-DEL14-MG"
273716;2020-03-06;"sexta-feira";"23:30:00";"PR";277;674;"MEDIANEIRA";"Falta de Atenção à Condução";"Queda de ocupante de veículo";"Com Vítimas Feridas";"Plena Noite";"Crescente";"Céu Claro";"Dupla";"Reta";"Sim";2;0;1;0;0;1;1;1;-25,29484117;-54,11509792;"SPRF-PR";"DEL05-PR";"UOP01-DEL05-PR"
273717;2020-03-07;"sábado";"00:10:00";"PR";153;502;"GENERAL CARNEIRO";"Falta de Atenção à Condução";"Saída de leito carroçável";"Com Vítimas Feridas";"Plena Noite";"Decrescente";"Céu Claro";"Simples";"Curva";"Não";1;0;1;0;0;0;1;1;-26,47634252;-51,32803917;"SPRF-PR";"DEL02-PR";"UOP03-DEL02-PR"
273719;2020-03-06;"sexta-feira";"21:00:00";"GO";452;62,2;"MAURILANDIA";"Desobediência às normas de trânsito pelo condutor";"Saída de leito carroçável";"Sem Vítimas";"Plena Noite";"Decrescente";"Céu Claro";"Simples";"Declive";"Não";1;0;0;0;0;1;0;1;-18,00373441;-50,37209727;"SPRF-GO";"DEL04-GO";"UOP01-DEL04-GO"
273720;2020-03-07;"sábado";"01:45:00";"SC";101;321,4;"PESCARIA BRAVA";"Falta de Atenção à Condução";"Colisão lateral";"Com Vítimas Feridas";"Plena Noite";"Decrescente";"Nublado";"Dupla";"Reta";"Não";2;0;1;0;1;0;1;2;-28,42778849;-48,91160488;"SPRF-SC";"DEL02-SC";"UOP01-DEL02-SC"
273724;2020-03-07;"sábado";"01:20:00";"PB";230;140;"CAMPINA GRANDE";"Animais na Pista";"Atropelamento de Animal";"Com Vítimas Feridas";"Plena Noite";"Crescente";"Céu Claro";"Dupla";"Reta";"Não";2;0;1;0;1;0;1;1;-7,268;-35,7991;"SPRF-PB";"DEL02-PB";"UOP01-DEL02-PB"
273726;2020-03-07;"sábado";"01:50:00";"GO";153;506;"APARECIDA DE GOIANIA";"Falta de Atenção à Condução";"Colisão transversal";"Com Vítimas Feridas";"Plena Noite";"Decrescente";"Céu Claro";"Dupla";"Retorno Regulamentado";"Sim";2;0;1;0;1;0;1;2;-16,7633;-49,24;"SPRF-GO";"DEL01-GO";"UOP01-DEL01-GO"
273727;2020-03-07;"sábado";"02:45:00";"PR";369;161;"CAMBE";"Desobediência às normas de trânsito pelo condutor";"Colisão transversal";"Com Vítimas Feridas";"Plena Noite";"Crescente";"Céu Claro";"Dupla";"Interseção de Vias";"Não";2;0;1;0;1;0;1;2;-23,28827027;-51,26160622;"SPRF-PR";"DEL07-PR";"UOP01-DEL07-PR"
273729;2020-03-07;"sábado";"02:40:00";"MS";163;614;"SAO GABRIEL DO OESTE";"Desobediência às normas de trânsito pelo condutor";"Colisão transversal";"Com Vítimas Feridas";"Plena Noite";"Crescente";"Céu Claro";"Simples";"Reta";"Sim";2;0;1;1;0;0;2;2;-19,395901;-54,567365;"SPRF-MS";"DEL06-MS";"UOP02-DEL06-MS"
273730;2020-03-07;"sábado";"01:55:00";"RJ";40;118,9;"DUQUE DE CAXIAS";"Desobediência às normas de trânsito pelo condutor";"Saída de leito carroçável";"Com Vítimas Feridas";"Plena Noite";"Decrescente";"Nublado";"Múltipla";"Reta";"Sim";1;0;0;1;0;0;1;1;-22,75470802;-43,28737838;"SPRF-RJ";"DEL01-RJ";"UOP01-DEL01-RJ"
273733;2020-03-07;"sábado";"02:30:00";"GO";50;274,1;"CATALAO";"Ingestão de Álcool";"Saída de leito carroçável";"Sem Vítimas";"Plena Noite";"Decrescente";"Ignorado";"Dupla";"Aclive;Reta";"Não";1;0;0;0;0;1;0;1;-18,1392;-47,9059;"SPRF-GO";"DEL06-GO";"UOP01-DEL06-GO"
273735;2020-03-07;"sábado";"02:00:00";"RS";290;32;"SANTO ANTONIO DA PATRULHA";"Animais na Pista";"Atropelamento de Animal";"Com Vítimas Feridas";"Plena Noite";"Decrescente";"Nublado";"Dupla";"Reta";"Não";2;0;1;0;1;0;1;1;-29,884836;-50,576054;"SPRF-RS";"DEL03-RS";"UOP01-DEL03-RS"
273736;2020-03-07;"sábado";"01:45:00";"BA";324;530;"FEIRA DE SANTANA";"Falta de Atenção à Condução";"Saída de leito carroçável";"Sem Vítimas";"Plena Noite";"Decrescente";"Chuva";"Dupla";"Curva";"Não";1;0;0;0;1;0;0;1;-12,336857;-38,850085;"SPRF-BA";"DEL01-BA";"UOP01-DEL01-BA"
273737;2020-03-07;"sábado";"03:30:00";"RR";174;502;"BOA VISTA";"Ingestão de Álcool";"Colisão traseira";"Com Vítimas Feridas";"Plena Noite";"Decrescente";"Céu Claro";"Dupla";"Reta";"Sim";2;0;1;0;1;0;1;2;2,787376;-60,699524;"SPRF-RR";"DEL01-RR";"UOP01-DEL01-RR"
273738;2020-03-07;"sábado";"03:30:00";"CE";116;3;"FORTALEZA";"Falta de Atenção à Condução";"Saída de leito carroçável";"Sem Vítimas";"Plena Noite";"Decrescente";"Ignorado";"Dupla";"Em Obras;Viaduto;Reta";"Sim";1;0;0;0;0;1;0;1;-3,77866493;-38,51490171;"SPRF-CE";"DEL01-CE";"UOP02-DEL01-CE"
273740;2020-03-07;"sábado";"05:20:00";"MG";381;480;"CONTAGEM";"Velocidade Incompatível";"Colisão traseira";"Com Vítimas Feridas";"Amanhecer";"Crescente";"Garoa/Chuvisco";"Dupla";"Reta";"Sim";3;0;1;0;2;0;1;2;-19,95749597;-44,07899901;"SPRF-MG";"DEL01-MG";"UOP03-DEL01-MG"
273741;2020-03-07;"sábado";"04:45:00";"SC";477;192,2;"INDAIAL";"Falta de Atenção à Condução";"Colisão transversal";"Sem Vítimas";"Plena Noite";"Crescente";"Céu Claro";"Simples";"Curva";"Sim";2;0;0;0;2;0;0;2;-26,87092764;-49,21766639;"SPRF-SC";"DEL04-SC";"UOP01-DEL04-SC"
273742;2020-03-07;"sábado";"05:50:00";"ES";101;168,9;"LINHARES";"Não guardar distância de segurança";"Saída de leito carroçável";"Com Vítimas Feridas";"Amanhecer";"Decrescente";"Nublado";"Simples";"Reta";"Não";3;0;2;0;1;0;2;1;-19,53475892;-40,15759511;"SPRF-ES";"DEL04-ES";"UOP01-DEL04-ES"
273743;2020-03-07;"sábado";"05:05:00";"BA";101;723,5;"EUNAPOLIS";"Velocidade Incompatível";"Colisão com objeto estático";"Sem Vítimas";"Plena Noite";"Crescente";"Nublado";"Simples";"Curva;Declive";"Não";1;0;0;0;0;1;0;1;-16,41341186;-39,58697665;"SPRF-BA";"DEL09-BA";"UOP01-DEL09-BA"
273744;2020-03-07;"sábado";"05:40:00";"RS";116;240,6;"SAO LEOPOLDO";"Falta de Atenção do Pedestre";"Atropelamento de Pedestre";"Com Vítimas Feridas";"Amanhecer";"Crescente";"Céu Claro";"Dupla";"Reta";"Sim";2;0;0;1;1;0;1;2;-29,70496497;-51,14676523;"SPRF-RS";"DEL01-RS";"UOP02-DEL01-RS"
273745;2020-03-06;"sexta-feira";"23:30:00";"AL";316;123,3;"CACIMBINHAS";"Falta de Atenção à Condução";"Colisão lateral";"Com Vítimas Feridas";"Plena Noite";"Decrescente";"Céu Claro";"Simples";"Reta";"Não";2;0;0;1;1;0;1;2;-9,39995335;-36,91177794;"SPRF-AL";"DEL03-AL";"UOP01-DEL03-AL"
273746;2020-03-07;"sábado";"06:30:00";"MG";381;502;"BETIM";"Ingestão de Álcool";"Colisão com objeto estático";"Com Vítimas Feridas";"Amanhecer";"Crescente";"Chuva";"Dupla";"Curva";"Não";1;0;1;0;0;0;1;1;-20,03619694;-44,24586303;"SPRF-MG";"DEL01-MG";"UOP03-DEL01-MG"
273747;2020-03-07;"sábado";"06:30:00";"PR";376;161,4;"MARINGA";"Ingestão de Álcool";"Colisão traseira";"Com Vítimas Feridas";"Amanhecer";"Decrescente";"Céu Claro";"Dupla";"Reta";"Sim";2;0;1;0;1;0;1;2;-23,37281665;-52,05547485;"SPRF-PR";"DEL09-PR";"UOP01-DEL09-PR"
273748;2020-03-07;"sábado";"03:00:00";"BA";242;816;"BARREIRAS";"Defeito Mecânico no Veículo";"Incêndio";"Sem Vítimas";"Pleno dia";"Decrescente";"Nublado";"Simples";"Reta";"Não";1;0;0;0;0;1;0;1;-12,146101;-45,007786;"SPRF-BA";"DEL10-BA";"UOP01-DEL10-BA"
273749;2020-03-07;"sábado";"05:35:00";"RJ";116;169;"SAO JOAO DE MERITI";"Condutor Dormindo";"Colisão frontal";"Com Vítimas Feridas";"Amanhecer";"Crescente";"Céu Claro";"Múltipla";"Reta";"Sim";2;0;1;1;0;0;2;2;-22,816206;-43,324463;"SPRF-RJ";"DEL01-RJ";"UOP02-DEL01-RJ"
273750;2020-03-07;"sábado";"05:25:00";"SP";116;153,5;"SAO JOSE DOS CAMPOS";"Velocidade Incompatível";"Colisão traseira";"Sem Vítimas";"Plena Noite";"Crescente";"Céu Claro";"Múltipla";"Reta";"Não";4;0;0;0;4;0;0;2;-23,2337255;-45,91521263;"SPRF-SP";"DEL02-SP";"UOP01-DEL02-SP"