"id";"data_inversa";"dia_semana";"horario";"uf";"br";"km";"municipio";"causa_acidente";"tipo_acidente";"classificacao_acidente";"fase_dia";"sentido_via";"condicao_metereologica";"tipo_pista";"tracado_via";"uso_solo";"pessoas";"mortos";"feridos_leves";"feridos_graves";"ilesos";"ignorados";"feridos";"veiculos";"latitude";"longitude";"regional";"delegacia";"uop"
273751;2020-03-07;"sábado";"06:00:00";"PE";232;29,2;"MORENO";"Pista Escorregadia";"Saída de leito carroçável";"Com Vítimas Feridas";"Pleno dia";"Decrescente";"Céu Claro";"Dupla";"Reta";"Sim";2;0;0;1;1;0;1;1;-8,111269;-35,143135;"SPRF-PE";"DEL02-PE";"UOP02-DEL02PE"
273753;2020-03-07;"sábado";"07:00:00";"GO";153;553;"PIRACANJUBA";"Defeito Mecânico no Veículo";"Incêndio";"Sem Vítimas";"Pleno dia";"Crescente";"Céu Claro";"Múltipla";"Reta";"Sim";1;0;0;0;1;0;0;1;-17,1682;-49,2117;"SPRF-GO";"DEL01-GO";"UOP03-DEL01-GO"
273754;2020-03-07;"sábado";"07:00:00";"PR";376;652,3;"TIJUCAS DO SUL";"Condutor Dormindo";"Saída de leito carroçável";"Com Vítimas Feridas";"Pleno dia";"Crescente";"Nublado";"Dupla";"Curva";"Não";3;0;3;0;0;0;3;1;-25,8461583;-49,068884;"SPRF-PR";"DEL01-PR";"UOP04-DEL01-PR"
273755;2020-03-06;"sexta-feira";"19:55:00";"PR";376;598;"CURITIBA";"Desobediência às normas de trânsito pelo condutor";"Colisão traseira";"Com Vítimas Feridas";"Plena Noite";"Crescente";"Céu Claro";"Dupla";"Reta";"Sim";2;0;1;0;0;1;1;2;-25,5188802;-49,33506947;"SPRF-PR";"DEL01-PR";"UOP06-DEL01-PR"
273758;2020-03-06;"sexta-feira";"16:20:00";"BA";101;600;"MASCOTE";"Pista Escorregadia";"Saída de leito carroçável";"Com Vítimas Feridas";"Anoitecer";"Crescente";"Chuva";"Simples";"Curva";"Não";1;0;1;0;0;0;1;1;-15,65754908;-39,43892629;"SPRF-BA";"DEL05-BA";"UOP02-DEL05-BA"
273760;2020-02-24;"segunda-feira";"18:10:00";"SC";101;179;"BIGUACU";"Ingestão de Álcool";"Tombamento";"Com Vítimas Feridas";"Pleno dia";"Crescente";"Céu Claro";"Dupla";"Reta";"Sim";2;0;0;2;0;0;2;1;-27,37281717;-48,63322708;"SPRF-SC";"DEL01-SC";"UOP01-DEL01-SC"
273761;2020-03-07;"sábado";"03:40:00";"MT";364;610;"DIAMANTINO";"Falta de Atenção à Condução";"Saída de leito carroçável";"Com Vítimas Feridas";"Pleno dia";"Crescente";"Nublado";"Simples";"Reta";"Não";1;0;1;0;0;0;1;1;-14,45156598;-56,28191099;"SPRF-MT";"DEL01-MT";"UOP01-DEL01-MT"
273762;2020-03-07;"sábado";"07:00:00";"SC";282;370,8;"ERVAL VELHO";"Ingestão de Álcool";"Colisão traseira";"Sem Vítimas";"Pleno dia";"Crescente";"Céu Claro";"Simples";"Reta";"Sim";3;0;0;0;3;0;0;2;-27,268663;-51,443768;"SPRF-SC";"DEL07-SC";"UOP05-DEL07-SC"
273765;2020-03-07;"sábado";"07:55:00";"SC";470;52,6;"BLUMENAU";"Defeito na Via";"Tombamento";"Com Vítimas Feridas";"Pleno dia";"Crescente";"Céu Claro";"Simples";"Interseção de Vias";"Sim";1;0;1;0;0;0;1;1;-26,862286;-49,093903;"SPRF-SC";"DEL04-SC";"UOP01-DEL04-SC"
273769;2020-03-07;"sábado";"08:50:00";"RJ";116;70,4;"TERESOPOLIS";"Falta de Atenção à Condução";"Colisão com objeto estático";"Com Vítimas Feridas";"Pleno dia";"Decrescente";"Nublado";"Simples";"Reta";"Não";1;0;1;0;0;0;1;1;-22,31879876;-42,9375874;"SPRF-RJ";"DEL05-RJ";"UOP01-DEL05-RJ"
273771;2020-03-07;"sábado";"09:15:00";"PE";101;11,4;"GOIANA";"Velocidade Incompatível";"Saída de leito carroçável";"Com Vítimas Feridas";"Pleno dia";"Decrescente";"Chuva";"Dupla";"Reta";"Não";3;0;2;0;1;0;2;1;-7,59514001;-34,98460002;"SPRF-PE";"DEL01-PE";"UOP02-DEL01-PE"
273773;2020-03-07;"sábado";"08:35:00";"MG";381;440,5;"SABARA";"Velocidade Incompatível";"Colisão frontal";"Com Vítimas Feridas";"Pleno dia";"Decrescente";"Garoa/Chuvisco";"Simples";"Curva;Declive";"Não";2;0;1;0;1;0;1;2;-19,809633;-43,767311;"SPRF-MG";"DEL01-MG";"UOP01-DEL01-MG"
273774;2020-03-07;"sábado";"09:25:00";"CE";116;69,1;"CHOROZINHO";"Falta de Atenção à Condução";"Colisão transversal";"Com Vítimas Feridas";"Pleno dia";"Decrescente";"Nublado";"Simples";"Reta";"Não";3;0;1;1;1;0;2;2;-4,32443246;-38,48777002;"SPRF-CE";"DEL03-CE";"UOP02-DEL03-CE"
273776;2020-03-07;"sábado";"09:00:00";"PI";316;4;"TERESINA";"Velocidade Incompatível";"Colisão com objeto estático";"Sem Vítimas";"Pleno dia";"Crescente";"Sol";"Múltipla";"Curva";"Sim";1;0;0;0;0;1;0;1;-5,13655894;-42,78900388;"SPRF-PI";"DEL01-PI";"UOP02-DEL01-PI"
273777;2020-03-07;"sábado";"09:50:00";"PE";101;78,5;"JABOATAO DOS GUARARAPES";"Velocidade Incompatível";"Saída de leito carroçável";"Com Vítimas Feridas";"Pleno dia";"Decrescente";"Sol";"Dupla";"Curva";"Não";1;0;1;0;0;0;1;1;-8,13496499;-34,94738614;"SPRF-PE";"DEL01-PE";"UOP01-DEL01-PE"
273778;2020-03-07;"sábado";"05:50:00";"PI";343;537;"AMARANTE";"Condutor Dormindo";"Saída de leito carroçável";"Com Vítimas Feridas";"Amanhecer";"Decrescente";"Chuva";"Simples";"Reta";"Não";1;0;1;0;0;0;1;1;-6,508012;-42,796104;"SPRF-PI";"DEL03-PI";"UOP01-DEL03-PI"
273779;2020-03-07;"sábado";"10:01:00";"MG";40;825,3;"SIMAO PEREIRA";"Falta de Atenção à Condução";"Saída de leito carroçável";"Com Vítimas Feridas";"Pleno dia";"Decrescente";"Sol";"Dupla";"Curva";"Não";2;0;0;2;0;0;2;1;-21,9735272;-43,28541842;"SPRF-MG";"DEL05-MG";"UOP01-DEL05-MG"
273781;2020-03-07;"sábado";"10:00:00";"RN";101;46;"MOSSORO";"Falta de Atenção à Condução";"Colisão com objeto estático";"Com Vítimas Feridas";"Pleno dia";"Decrescente";"Céu Claro";"Simples";"Curva";"Não";2;0;1;0;1;0;1;2;-5,2014601;-37,3230208;"SPRF-RN";"DEL02-RN";"UOP01-DEL02-RN"
273782;2020-03-07;"sábado";"10:20:00";"TO";153;137;"ARAGUAINA";"Desobediência às normas de trânsito pelo condutor";"Colisão frontal";"Com Vítimas Feridas";"Pleno dia";"Crescente";"Sol";"Dupla";"Interseção de Vias";"Sim";2;0;1;0;1;0;1;2;-7,14630299;-48,20255603;"SPRF-TO";"DEL02-TO";"UOP01-DEL02-TO"
273786;2020-03-07;"sábado";"10:35:00";"SP";116;151,2;"SAO JOSE DOS CAMPOS";"Falta de Atenção à Condução";"Colisão traseira";"Com Vítimas Feridas";"Pleno dia";"Crescente";"Céu Claro";"Múltipla";"Em Obras;Reta";"Sim";3;0;0;1;2;0;1;2;-23,21980694;-45,89991605;"SPRF-SP";"DEL02-SP";"UOP01-DEL02-SP"
273787;2020-03-07;"sábado";"10:20:00";"PB";101;107;"ALHANDRA";"Ingestão de Álcool";"Colisão com objeto estático";"Com Vítimas Feridas";"Pleno dia";"Crescente";"Céu Claro";"Dupla";"Reta";"Não";2;0;2;0;0;0;2;1;-7,32549201;-34,94709877;"SPRF-PB";"DEL01-PB";"UOP01-DEL01-PB"
273788;2020-03-07;"sábado";"10:57:00";"DF";70;13;"BRASILIA";"Falta de Atenção à Condução";"Colisão traseira";"Sem Vítimas";"Pleno dia";"Crescente";"Céu Claro";"Dupla";"Reta";"Sim";2;0;0;0;2;0;0;2;-15,794558;-48,166584;"SPRF-DF";"DEL03-DF";"UOP02-DEL03-DF"
273791;2020-03-07;"sábado";"09:15:00";"RO";364;424;"JARU";"Restrição de Visibilidade";"Colisão transversal";"Com Vítimas Feridas";"Pleno dia";"Crescente";"Garoa/Chuvisco";"Simples";"Reta";"Sim";2;0;1;0;1;0;1;2;-10,4404353;-62,46828854;"SPRF-RO";"DEL03-RO";"UOP02-DEL03-RO"
273794;2020-03-07;"sábado";"10:45:00";"PE";101;43,8;"IGARASSU";"Falta de Atenção à Condução";"Saída de leito carroçável";"Com Vítimas Feridas";"Pleno dia";"Crescente";"Céu Claro";"Dupla";"Reta";"Sim";1;0;0;1;0;0;1;1;-7,84753808;-34,90977038;"SPRF-PE";"DEL01-PE";"UOP02-DEL01-PE"
273796;2020-03-07;"sábado";"09:45:00";"PR";476;1;"ADRIANOPOLIS";"Ingestão de Álcool";"Colisão lateral";"Com Vítimas Feridas";"Pleno dia";"Crescente";"Céu Claro";"Dupla";"Reta";"Sim";2;0;1;0;1;0;1;2;-24,656624;-48,994186;"SPRF-PR";"DEL01-PR";"UOP07-DEL01-PR"
273797;2020-03-07;"sábado";"11:25:00";"SC";101;214,7;"PALHOCA";"Falta de Atenção à Condução";"Colisão traseira";"Com Vítimas Feridas";"Pleno dia";"Decrescente";"Céu Claro";"Dupla";"Interseção de Vias";"Sim";2;0;1;0;1;0;1;2;-27,64443;-48,67057;"SPRF-SC";"DEL01-SC";"UOP02-DEL01-SC"
273798;2020-03-07;"sábado";"11:15:00";"GO";153;613,8;"MORRINHOS";"Condutor Dormindo";"Saída de leito carroçável";"Com Vítimas Feridas";"Pleno dia";"Decrescente";"Sol";"Dupla";"Reta";"Não";1;0;1;0;0;0;1;1;-17,6612;-49,168;"SPRF-GO";"DEL03-GO";"UOP01-DEL03-GO"
273799;2020-03-07;"sábado";"11:05:00";"GO";50;280,6;"CATALAO";"Desobediência às normas de trânsito pelo condutor";"Colisão transversal";"Com Vítimas Feridas";"Pleno dia";"Decrescente";"Sol";"Simples";"Interseção de Vias";"Sim";3;0;1;0;2;0;1;2;-18,18189848;-47,94137478;"SPRF-GO";"DEL06-GO";"UOP01-DEL06-GO"
273802;2020-03-07;"sábado";"10:40:00";"MG";262;375;"JUATUBA";"Falta de Atenção à Condução";"Saída de leito carroçável";"Com Vítimas Feridas";"Pleno dia";"Decrescente";"Céu Claro";"Dupla";"Reta;Aclive";"Não";4;0;3;1;0;0;4;1;-19,959929;-44,337997;"SPRF-MG";"DEL01-MG";"UOP03-DEL01-MG"
273803;2020-03-07;"sábado";"11:50:00";"SC";101;214,2;"PALHOCA";"Falta de Atenção à Condução";"Colisão lateral";"Com Vítimas Feridas";"Pleno dia";"Decrescente";"Sol";"Dupla";"Reta";"Sim";2;0;1;0;1;0;1;2;-27,64443;-48,67057;"SPRF-SC";"DEL01-SC";"UOP02-DEL01-SC"
273804;2020-03-07;"sábado";"11:20:00";"PR";277;727;"FOZ DO IGUACU";"Agressão Externa";"Saída de leito carroçável";"Com Vítimas Feridas";"Pleno dia";"Crescente";"Céu Claro";"Dupla";"Reta";"Sim";1;0;1;0;0;0;1;1;-25,51017487;-54,56454899;"SPRF-PR";"DEL05-PR";"UOP03-DEL05-PR"
273805;2020-03-07;"sábado";"12:20:00";"GO";153;500;"GOIANIA";"Falta de Atenção à Condução";"Colisão transversal";"Com Vítimas Feridas";"Pleno dia";"Crescente";"Céu Claro";"Dupla";"Reta";"Sim";2;0;1;0;1;0;1;2;-16,7118;-49,2324;"SPRF-GO";"DEL01-GO";"UOP01-DEL01-GO"
273807;2020-03-07;"sábado";"12:20:00";"SC";101;123;"ITAJAI";"Falta de Atenção à Condução";"Colisão traseira";"Com Vítimas Feridas";"Pleno dia";"Crescente";"Sol";"Dupla";"Reta";"Não";2;0;1;0;0;1;1;2;-26,93668609;-48,69876905;"SPRF-SC";"DEL04-SC";"UOP04-DEL04-SC"
273812;2020-03-07;"sábado";"13:25:00";"PR";476;170;"CONTENDA";"Ingestão de Álcool";"Tombamento";"Com Vítimas Feridas";"Pleno dia";"Decrescente";"Céu Claro";"Dupla";"Reta";"Não";3;0;3;0;0;0;3;1;-25,668074;-49,503948;"SPRF-PR";"DEL01-PR";"UOP06-DEL01-PR"
273814;2020-03-07;"sábado";"13:00:00";"MG";381;250;"SANTANA DO PARAISO";"Desobediência às normas de trânsito pelo condutor";"Colisão transversal";"Com Vítimas Feridas";"Pleno dia";"Crescente";"Chuva";"Simples";"Reta;Retorno Regulamentado;Aclive";"Sim";4;0;1;0;3;0;1;3;-19,48378419;-42,55378491;"SPRF-MG";"DEL06-MG";"UOP01-DEL06-MG"
273815;2020-03-07;"sábado";"13:20:00";"SC";101;213;"PALHOCA";"Falta de Atenção à Condução";"Colisão lateral";"Com Vítimas Feridas";"Pleno dia";"Decrescente";"Céu Claro";"Dupla";"Reta";"Sim";3;0;1;0;2;0;1;2;-27,63597388;-48,66429169;"SPRF-SC";"DEL01-SC";"UOP02-DEL01-SC"
273816;2020-03-07;"sábado";"10:20:00";"SC";282;554,7;"NOVA ITABERABA";"Velocidade Incompatível";"Capotamento";"Sem Vítimas";"Pleno dia";"Crescente";"Sol";"Simples";"Interseção de Vias";"Não";1;0;0;0;1;0;0;1;-26,936268;-52,800812;"SPRF-SC";"DEL07-SC";"UOP01-DEL07-SC"
273819;2020-03-07;"sábado";"13:35:00";"DF";70;9;"BRASILIA";"Falta de Atenção à Condução";"Colisão lateral";"Com Vítimas Feridas";"Pleno dia";"Crescente";"Nublado";"Dupla";"Reta";"Sim";2;0;0;1;1;0;1;2;-15,784615;-48,132023;"SPRF-DF";"DEL03-DF";"UOP02-DEL03-DF"
273820;2020-03-07;"sábado";"12:30:00";"RR";174;506,4;"BOA VISTA";"Falta de Atenção à Condução";"Engavetamento";"Sem Vítimas";"Pleno dia";"Crescente";"Sol";"Dupla";"Reta";"Sim";3;0;0;0;3;0;0;3;2,816381;-60,693253;"SPRF-RR";"DEL01-RR";"UOP01-DEL01-RR"
273821;2020-03-07;"sábado";"13:40:00";"PB";230;47,9;"SANTA RITA";"Defeito Mecânico no Veículo";"Saída de leito carroçável";"Com Vítimas Feridas";"Pleno dia";"Crescente";"Céu Claro";"Dupla";"Reta";"Não";1;0;0;1;0;0;1;1;-7,1685;-35,032;"SPRF-PB";"DEL01-PB";"UOP03-DEL01-PB"
273823;2020-03-07;"sábado";"14:20:00";"SC";470;136,2;"RIO DO SUL";"Falta de Atenção à Condução";"Colisão frontal";"Com Vítimas Feridas";"Pleno dia";"Decrescente";"Céu Claro";"Simples";"Reta";"Sim";5;0;3;0;2;0;3;2;-27,194323;-49,624554;"SPRF-SC";"DEL04-SC";"UOP02-DEL04-SC"
273824;2020-01-09;"quinta-feira";"07:40:00";"ES";101;257;"SERRA";"Defeito Mecânico no Veículo";"Queda de ocupante de veículo";"Com Vítimas Feridas";"Pleno dia";"Decrescente";"Sol";"Dupla";"Reta";"Sim";2;0;1;1;0;0;2;1;-20,12455095;-40,30331881;"SPRF-ES";"DEL02-ES";"UOP01-DEL02-ES"
273825;2020-03-07;"sábado";"14:35:00";"PR";369;156;"LONDRINA";"Defeito Mecânico no Veículo";"Saída de leito carroçável";"Com Vítimas Feridas";"Pleno dia";"Crescente";"Céu Claro";"Dupla";"Reta";"Sim";2;0;2;0;0;0;2;1;-23,29077134;-51,2187928;"SPRF-PR";"DEL07-PR";"UOP01-DEL07-PR"
273826;2020-03-07;"sábado";"13:30:00";"PE";104;66;"CARUARU";"Falta de Atenção à Condução";"Colisão lateral";"Sem Vítimas";"Pleno dia";"Decrescente";"Céu Claro";"Dupla";"Curva";"Sim";2;0;0;0;1;1;0;2;-8,2937;-35,9864;"SPRF-PE";"DEL02-PE";"UOP01-DEL02-PE"
273827;2020-03-07;"sábado";"15:15:00";"PR";376;182;"MARINGA";"Desobediência às normas de trânsito pelo condutor";"Colisão lateral";"Com Vítimas Feridas";"Pleno dia";"Crescente";"Céu Claro";"Dupla";"Rotatória";"Sim";2;0;1;0;1;0;1;2;-23,43172935;-51,88709736;"SPRF-PR";"DEL09-PR";"UOP01-DEL09-PR"
273828;2020-03-07;"sábado";"14:20:00";"MT";163;759;"SORRISO";"Falta de Atenção à Condução";"Saída de leito carroçável";"Com Vítimas Feridas";"Pleno dia";"Crescente";"Céu Claro";"Simples";"Reta";"Não";2;0;1;0;1;0;1;1;-12,6042914;-55,75236071;"SPRF-MT";"DEL06-MT";"UOP01-DEL06-MT"
273829;2020-03-07;"sábado";"14:58:00";"PR";277;672,5;"MEDIANEIRA";"Velocidade Incompatível";"Colisão traseira";"Com Vítimas Feridas";"Pleno dia";"Decrescente";"Nublado";"Dupla";"Declive";"Sim";3;0;1;0;1;1;1;3;-25,28740438;-54,09701091;"SPRF-PR";"DEL05-PR";"UOP01-DEL05-PR"
273832;2020-03-07;"sábado";"15:20:00";"GO";40;2;"VALPARAISO DE GOIAS";"Ingestão de Álcool";"Colisão lateral";"Sem Vítimas";"Pleno dia";"Crescente";"Garoa/Chuvisco";"Dupla";"Reta";"Sim";2;0;0;0;2;0;0;2;-16,067129;-47,984235;"SPRF-DF";"DEL01-DF";"UOP01-DEL01-DF"
273833;2020-03-07;"sábado";"15:30:00";"DF";70;19;"BRASILIA";"Ingestão de Álcool";"Saída de leito carroçável";"Sem Vítimas";"Pleno dia";"Decrescente";"Nublado";"Dupla";"Aclive";"Não";1;0;0;0;1;0;0;1;-15,788868;-48,220242;"SPRF-DF";"DEL03-DF";"UOP02-DEL03-DF"
273834;2020-03-07;"sábado";"15:35:00";"SE";235;8,6;"NOSSA SENHORA DO SOCORRO";"Ingestão de Álcool";"Queda de ocupante de veículo";"Com Vítimas Feridas";"Pleno dia";"Decrescente";"Céu Claro";"Simples";"Reta";"Não";1;0;1;0;0;0;1;1;-10,883585;-37,13908;"SPRF-SE";"DEL01-SE";"UOP01-DEL01-SE"
273835;2020-03-07;"sábado";"14:30:00";"SC";101;103,1;"BALNEARIO PICARRAS";"Falta de Atenção à Condução";"Saída de leito carroçável";"Com Vítimas Feridas";"Pleno dia";"Decrescente";"Sol";"Dupla";"Reta";"Sim";2;0;2;0;0;0;2;1;-26,7832381;-48,68314632;"SPRF-SC";"DEL03-SC";"UOP02-DEL03-SC"
273837;2020-03-07;"sábado";"15:48:00";"PE";428;190,9;"PETROLINA";"Mal Súbito";"Queda de ocupante de veículo";"Com Vítimas Feridas";"Pleno dia";"Decrescente";"Céu Claro";"Múltipla";"Reta";"Sim";1;0;0;1;0;0;1;1;-9,37605965;-40,49382106;"SPRF-PE";"DEL06-PE";"UOP01-DEL06-PE"
273838;2020-03-07;"sábado";"15:30:00";"SC";153;96,8;"CONCORDIA";"Falta de Atenção à Condução";"Colisão transversal";"Com Vítimas Feridas";"Pleno dia";"Crescente";"Nublado";"Simples";"Interseção de Vias";"Não";2;0;1;0;1;0;1;2;-27,212648;-51,952137;"SPRF-SC";"DEL07-SC";"UOP04-DEL07-SC"
273840;2020-03-07;"sábado";"15:55:00";"RJ";101;303;"SAO GONCALO";"Agressão Externa";"Saída de leito carroçável";"Com Vítimas Feridas";"Pleno dia";"Crescente";"Céu Claro";"Dupla";"Reta";"Sim";2;0;1;0;1;0;1;1;-22,7828205;-42,9766681;"SPRF-RJ";"DEL02-RJ";"UOP01-DEL02-RJ"
273841;2020-03-07;"sábado";"15:20:00";"MG";381;487;"BETIM";"Falta de Atenção à Condução";"Tombamento";"Com Vítimas Feridas";"Pleno dia";"Crescente";"Céu Claro";"Dupla";"Reta";"Sim";1;0;1;0;0;0;1;1;-19,95586853;-44,14609501;"SPRF-MG";"DEL01-MG";"UOP03-DEL01-MG"
273846;2020-03-07;"sábado";"16:00:00";"SP";116;146;"SAO JOSE DOS CAMPOS";"Ingestão de Álcool";"Capotamento";"Sem Vítimas";"Pleno dia";"Crescente";"Céu Claro";"Simples";"Reta";"Sim";1;0;0;0;1;0;0;1;-23,19122919;-45,86327591;"SPRF-SP";"DEL02-SP";"UOP01-DEL02-SP"
273848;2020-03-07;"sábado";"15:00:00";"MT";163;838;"SINOP";"Falta de Atenção à Condução";"Colisão traseira";"Com Vítimas Feridas";"Pleno dia";"Decrescente";"Céu Claro";"Simples";"Interseção de Vias";"Sim";2;0;0;1;1;0;1;2;-11,82821508;-55,48684828;"SPRF-MT";"DEL06-MT";"NPF/DEL06-MT"
273849;2020-03-07;"sábado";"14:20:00";"BA";330;789,6;"JEQUIE";"Falta de Atenção à Condução";"Colisão frontal";"Com Vítimas Feridas";"Pleno dia";"Decrescente";"Nublado";"Simples";"Curva";"Não";4;0;0;4;0;0;4;2;-13,8926681;-40,02312711;"SPRF-BA";"DEL03-BA";"UOP01-DEL03-BA"
273850;2020-03-07;"sábado";"16:48:00";"SE";101;18,4;"SAO FRANCISCO";"Desobediência às normas de trânsito pelo condutor";"Colisão traseira";"Sem Vítimas";"Pleno dia";"Decrescente";"Céu Claro";"Dupla";"Reta";"Não";2;0;0;0;1;1;0;2;-10,34642149;-36,8979388;"SPRF-SE";"DEL02-SE";"UOP02-DEL02-SE"
273854;2020-03-07;"sábado";"16:45:00";"PR";163;346,1;"GUAIRA";"Ingestão de Álcool";"Colisão traseira";"Com Vítimas Feridas";"Pleno dia";"Crescente";"Céu Claro";"Simples";"Rotatória";"Sim";4;0;1;0;2;1;1;2;-24,10543282;-54,2390728;"SPRF-PR";"DEL06-PR";"UOP01-DEL06-PR"
273855;2020-03-07;"sábado";"16:15:00";"RS";470;261;"SAO PEDRO DA SERRA";"Velocidade Incompatível";"Tombamento";"Com Vítimas Feridas";"Pleno dia";"Crescente";"Céu Claro";"Simples";"Declive;Curva";"Não";1;0;1;0;0;0;1;1;-29,48092465;-51,48373604;"SPRF-RS";"DEL06-RS";"UOP01-DEL06-RS"
273857;2020-03-07;"sábado";"15:40:00";"BA";415;53;"ITABUNA";"Falta de Atenção à Condução";"Colisão frontal";"Com Vítimas Feridas";"Pleno dia";"Crescente";"Sol";"Simples";"Interseção de Vias";"Sim";4;0;2;0;2;0;2;2;-14,83652909;-39,32486568;"SPRF-BA";"DEL05-BA";"UOP01-DEL05-BA"
273862;2020-03-07;"sábado";"17:25:00";"GO";60;182,2;"ABADIA DE GOIAS";"Defeito Mecânico no Veículo";"Saída de leito carroçável";"Sem Vítimas";"Pleno dia";"Decrescente";"Céu Claro";"Dupla";"Reta";"Não";1;0;0;0;1;0;0;1;-16,7778;-49,489;"SPRF-GO";"DEL01-GO";"UOP02-DEL01-GO"
273863;2020-03-07;"sábado";"17:15:00";"GO";40;5,6;"VALPARAISO DE GOIAS";"Ingestão de Álcool";"Colisão traseira";"Sem Vítimas";"Pleno dia";"Decrescente";"Garoa/Chuvisco";"Dupla";"Reta";"Sim";2;0;0;0;2;0;0;2;-16,093134;-47,982236;"SPRF-DF";"DEL01-DF";"UOP01-DEL01-DF"
273866;2020-03-07;"sábado";"17:15:00";"SP";381;90;"GUARULHOS";"Falta de Atenção à Condução";"Tombamento";"Com Vítimas Feridas";"Anoitecer";"Crescente";"Céu Claro";"Dupla";"Reta";"Sim";1;0;1;0;0;0;1;1;-23,49479479;-46,55959864;"SPRF-SP";"DEL03-SP";"UOP01-DEL03-SP"
273867;2020-03-07;"sábado";"17:30:00";"PR";277;729;"FOZ DO IGUACU";"Falta de Atenção à Condução";"Colisão lateral";"Sem Vítimas";"Pleno dia";"Crescente";"Céu Claro";"Dupla";"Reta";"Sim";2;0;0;0;2;0;0;2;-25,48416005;-54,58274499;"SPRF-PR";"DEL05-PR";"UOP03-DEL05-PR"
273868;2020-03-07;"sábado";"18:00:00";"GO";80;15;"PADRE BERNARDO";"Falta de Atenção à Condução";"Saída de leito carroçável";"Sem Vítimas";"Anoitecer";"Crescente";"Chuva";"Simples";"Aclive";"Não";1;0;0;0;1;0;0;1;-15,417813;-48,199393;"SPRF-DF";"DEL03-DF";"UOP02-DEL03-DF"
273869;2020-03-07;"sábado";"17:55:00";"PR";476;117;"COLOMBO";"Falta de Atenção à Condução";"Colisão lateral";"Com Vítimas Fatais";"Anoitecer";"Decrescente";"Céu Claro";"Dupla";"Reta;Aclive";"Sim";2;1;0;0;1;0;0;2;-25,34853469;-49,17568982;"SPRF-PR";"DEL01-PR";"UOP07-DEL01-PR"
273870;2020-03-07;"sábado";"17:35:00";"TO";153;786;"TALISMA";"Ultrapassagem Indevida";"Colisão frontal";"Com Vítimas Feridas";"Anoitecer";"Crescente";"Garoa/Chuvisco";"Simples";"Reta";"Não";2;0;1;0;1;0;1;2;-12,69293995;-49,07129625;"SPRF-TO";"DEL01-TO";"UOP02-DEL01-TO"
273872;2020-03-07;"sábado";"17:46:00";"DF";60;24;"BRASILIA";"Pista Escorregadia";"Tombamento";"Com Vítimas Feridas";"Anoitecer";"Decrescente";"Chuva";"Simples";"Reta";"Sim";1;0;1;0;0;0;1;1;-15,991807;-48,232067;"SPRF-DF";"DEL03-DF";"UOP01-DEL03-DF"
273873;2020-03-07;"sábado";"17:20:00";"MA";10;253;"IMPERATRIZ";"Ingestão de Álcool";"Colisão traseira";"Sem Vítimas";"Pleno dia";"Crescente";"Céu Claro";"Múltipla";"Reta";"Sim";2;0;0;0;2;0;0;2;-5,48004757;-47,51473188;"SPRF-MA";"DEL04-MA";"UOP01-DEL04-MA"
273874;2020-03-03;"terça-feira";"13:20:00";"MA";222;678,4;"ACAILANDIA";"Não guardar distância de segurança";"Colisão traseira";"Com Vítimas Feridas";"Pleno dia";"Crescente";"Garoa/Chuvisco";"Simples";"Reta";"Sim";2;0;1;0;1;0;1;2;-4,95184058;-47,48456324;"SPRF-MA";"DEL04-MA";"UOP03-DEL04-MA"
273876;2020-03-07;"sábado";"18:20:00";"SC";101;37,8;"JOINVILLE";"Defeito Mecânico no Veículo";"Tombamento";"Com Vítimas Feridas";"Pleno dia";"Decrescente";"Céu Claro";"Dupla";"Reta";"Sim";1;0;0;1;0;0;1;1;-26,25050176;-48,90863867;"SPRF-SC";"DEL03-SC";"UOP01-DEL03-SC"
273877;2020-03-07;"sábado";"18:45:00";"SC";101;101,3;"BALNEARIO PICARRAS";"Desobediência às normas de trânsito pelo condutor";"Saída de leito carroçável";"Com Vítimas Feridas";"Plena Noite";"Decrescente";"Nublado";"Dupla";"Reta;Declive";"Não";1;0;1;0;0;0;1;1;-26,76870347;-48,68602574;"SPRF-SC";"DEL03-SC";"UOP02-DEL03-SC"
273878;2020-03-07;"sábado";"18:40:00";"PR";158;530;"PATO BRANCO";"Defeito na Via";"Queda de ocupante de veículo";"Sem Vítimas";"Anoitecer";"Crescente";"Céu Claro";"Simples";"Reta;Aclive";"Sim";1;0;0;0;1;0;0;1;-26,18963949;-52,67120361;"SPRF-PR";"DEL02-PR";"UOP01-DEL02-PR"
273880;2020-03-07;"sábado";"16:50:00";"GO";153;155;"CAMPINORTE";"Velocidade Incompatível";"Capotamento";"Com Vítimas Feridas";"Pleno dia";"Crescente";"Chuva";"Simples";"Reta";"Não";2;0;1;0;1;0;1;1;-14,125978;-49,109467;"SPRF-GO";"DEL07-GO";"UOP01-DEL07-GO"
273881;2020-03-07;"sábado";"19:50:00";"RN";304;48;"MOSSORO";"Falta de Atenção do Pedestre";"Atropelamento de Pedestre";"Com Vítimas Feridas";"Plena Noite";"Decrescente";"Nublado";"Dupla";"Reta";"Sim";2;0;1;0;1;0;1;2;-5,22868577;-37,32203081;"SPRF-RN";"DEL04-RN";"UOP01-DEL04-RN"
273882;2020-03-07;"sábado";"19:30:00";"MG";381;492;"BETIM";"Falta de Atenção à Condução";"Colisão com objeto estático";"Sem Vítimas";"Plena Noite";"Crescente";"Céu Claro";"Múltipla";"Reta";"Sim";1;0;0;0;1;0;0;1;-19,97490091;-44,19004301;"SPRF-MG";"DEL01-MG";"UOP03-DEL01-MG"
273884;2020-03-07;"sábado";"19:30:00";"PR";376;132,9;"ALTO PARANA";"Desobediência às normas de trânsito pelo condutor";"Danos eventuais";"Com Vítimas Feridas";"Plena Noite";"Crescente";"Céu Claro";"Múltipla";"Interseção de Vias";"Não";5;0;4;0;1;0;4;2;-23,18188595;-52,21612797;"SPRF-PR";"DEL09-PR";"UOP02-DEL09-PR"