"id";"data_inversa";"dia_semana";"horario";"uf";"br";"km";"municipio";"causa_acidente";"tipo_acidente";"classificacao_acidente";"fase_dia";"sentido_via";"condicao_metereologica";"tipo_pista";"tracado_via";"uso_solo";"pessoas";"mortos";"feridos_leves";"feridos_graves";"ilesos";"ignorados";"feridos";"veiculos";"latitude";"longitude";"regional";"delegacia";"uop"
273885;2020-03-07;"sábado";"17:45:00";"SC";282;373;"ERVAL VELHO";"Desobediência às normas de trânsito pelo condutor";"Colisão transversal";"Com Vítimas Feridas";"Anoitecer";"Crescente";"Céu Claro";"Simples";"Retorno Regulamentado";"Não";4;0;1;1;2;0;2;2;-27,24313603;-51,44791245;"SPRF-SC";"DEL07-SC";"UOP05-DEL07-SC"
273886;2020-03-07;"sábado";"17:50:00";"RJ";116;175,1;"NOVA IGUACU";"Falta de Atenção à Condução";"Capotamento";"Com Vítimas Feridas";"Anoitecer";"Decrescente";"Nublado";"Múltipla";"Reta";"Sim";2;0;2;0;0;0;2;1;-22,78923555;-43,37275272;"SPRF-RJ";"DEL01-RJ";"UOP02-DEL01-RJ"
273887;2020-03-07;"sábado";"19:35:00";"RJ";393;285,7;"VOLTA REDONDA";"Velocidade Incompatível";"Tombamento";"Com Vítimas Feridas";"Anoitecer";"Crescente";"Céu Claro";"Simples";"Reta";"Sim";1;0;0;1;0;0;1;1;-22,481726;-44,06308602;"SPRF-RJ";"DEL05-RJ";"UOP04-DEL05-RJ"
273888;2020-03-07;"sábado";"17:40:00";"SC";280;225,5;"TRES BARRAS";"Falta de Atenção à Condução";"Colisão transversal";"Com Vítimas Feridas";"Pleno dia";"Crescente";"Céu Claro";"Simples";"Reta";"Não";3;0;1;0;2;0;1;2;-26,17875971;-50,31308811;"SPRF-SC";"DEL06-SC";"UOP04-DEL06-SC"
273889;2020-03-07;"sábado";"20:40:00";"SP";116;271;"TABOAO DA SERRA";"Falta de Atenção à Condução";"Colisão lateral";"Com Vítimas Feridas";"Plena Noite";"Decrescente";"Céu Claro";"Dupla";"Reta";"Sim";2;0;1;0;0;1;1;2;-23,61161537;-46,77603006;"SPRF-SP";"DEL04-SP";"UOP01-DEL04-SP"
273890;2020-03-07;"sábado";"20:19:00";"GO";40;21;"LUZIANIA";"Falta de Atenção à Condução";"Colisão com objeto estático";"Com Vítimas Feridas";"Plena Noite";"Crescente";"Garoa/Chuvisco";"Dupla";"Reta";"Sim";1;0;1;0;0;0;1;1;-16,218542;-47,915731;"SPRF-DF";"DEL01-DF";"UOP01-DEL01-DF"
273891;2020-03-07;"sábado";"19:20:00";"MT";163;806,8;"SINOP";"Ingestão de Álcool";"Colisão lateral";"Com Vítimas Feridas";"Plena Noite";"Decrescente";"Céu Claro";"Simples";"Reta";"Não";2;0;0;1;1;0;1;2;-12,13028999;-55,51526681;"SPRF-MT";"DEL06-MT";"UOP01-DEL06-MT"
273893;2020-03-07;"sábado";"20:20:00";"RJ";101;404;"ITAGUAI";"Falta de Atenção do Pedestre";"Atropelamento de Pedestre";"Com Vítimas Feridas";"Plena Noite";"Decrescente";"Céu Claro";"Dupla";"Reta";"Sim";2;0;1;0;1;0;1;2;-22,86342703;-43,79642098;"SPRF-RJ";"DEL03-RJ";"UOP01-DEL03-RJ"
273894;2020-03-07;"sábado";"21:15:00";"GO";60;472;"JATAI";"Velocidade Incompatível";"Colisão com objeto estático";"Com Vítimas Feridas";"Plena Noite";"Crescente";"Céu Claro";"Dupla";"Curva";"Sim";1;0;0;1;0;0;1;1;-17,921089;-51,712803;"SPRF-GO";"DEL05-GO";"UOP01-DEL05-GO"
273895;2020-03-07;"sábado";"19:45:00";"MG";251;497,5;"FRANCISCO SA";"Desobediência às normas de trânsito pelo condutor";"Colisão frontal";"Com Vítimas Feridas";"Plena Noite";"Decrescente";"Chuva";"Simples";"Reta";"Não";4;0;2;0;2;0;2;2;-16,57595775;-43,62830028;"SPRF-MG";"DEL12-MG";"UOP01-DEL12-MG"
273897;2020-03-07;"sábado";"21:00:00";"MG";40;463,5;"SETE LAGOAS";"Animais na Pista";"Atropelamento de Animal";"Sem Vítimas";"Plena Noite";"Crescente";"Nublado";"Dupla";"Declive;Reta";"Não";2;0;0;0;2;0;0;1;-19,42224803;-44,33870213;"SPRF-MG";"DEL02-MG";"UOP01-DEL02-MG"
273900;2020-03-07;"sábado";"20:30:00";"PR";277;584,7;"CASCAVEL";"Ingestão de Álcool";"Engavetamento";"Sem Vítimas";"Plena Noite";"Decrescente";"Nublado";"Simples";"Reta";"Sim";4;0;0;0;3;1;0;4;-24,96684176;-53,40258186;"SPRF-PR";"DEL04-PR";"UOP01-DEL04-PR"
273901;2020-03-07;"sábado";"21:15:00";"PR";376;35,5;"NOVA LONDRINA";"Desobediência às normas de trânsito pelo condutor";"Colisão frontal";"Com Vítimas Feridas";"Plena Noite";"Decrescente";"Céu Claro";"Simples";"Reta";"Não";5;0;5;0;0;0;5;2;-22,80453159;-53,00235987;"SPRF-PR";"DEL09-PR";"UOP02-DEL09-PR"
273902;2020-03-07;"sábado";"20:55:00";"RJ";116;201;"SEROPEDICA";"Falta de Atenção à Condução";"Colisão transversal";"Com Vítimas Fatais";"Plena Noite";"Crescente";"Céu Claro";"Dupla";"Reta";"Sim";2;1;0;0;0;1;0;2;-22,73124742;-43,60364806;"SPRF-RJ";"DEL01-RJ";"UOP03-DEL01-RJ"
273903;2020-03-07;"sábado";"20:30:00";"SC";280;125,3;"RIO NEGRINHO";"Falta de Atenção à Condução";"Colisão transversal";"Com Vítimas Feridas";"Plena Noite";"Crescente";"Céu Claro";"Simples";"Reta";"Sim";2;0;1;0;1;0;1;2;-26,23763684;-49,48434497;"SPRF-SC";"DEL06-SC";"UOP03-DEL06-SC"
273904;2020-03-07;"sábado";"21:25:00";"ES";101;146;"LINHARES";"Falta de Atenção à Condução";"Colisão lateral";"Com Vítimas Feridas";"Plena Noite";"Decrescente";"Chuva";"Múltipla";"Reta";"Sim";2;0;1;0;1;0;1;2;-19,36990998;-40,06560718;"SPRF-ES";"DEL04-ES";"UOP01-DEL04-ES"
273905;2020-03-07;"sábado";"21:55:00";"BA";324;516;"FEIRA DE SANTANA";"Desobediência às normas de trânsito pelo condutor";"Colisão transversal";"Com Vítimas Feridas";"Plena Noite";"Crescente";"Céu Claro";"Simples";"Reta";"Sim";3;0;2;0;1;0;2;2;-12,2417119;-38,93768485;"SPRF-BA";"DEL02-BA";"UOP01-DEL02-BA"
273906;2020-03-07;"sábado";"21:25:00";"SP";116;326;"JUQUITIBA";"Falta de Atenção à Condução";"Colisão lateral";"Com Vítimas Feridas";"Plena Noite";"Crescente";"Céu Claro";"Dupla";"Reta";"Sim";2;0;1;0;1;0;1;2;-23,93600144;-47,06844633;"SPRF-SP";"DEL04-SP";"UOP01-DEL04-SP"
273907;2020-03-07;"sábado";"20:40:00";"PB";361;4;"PATOS";"Falta de Atenção à Condução";"Queda de ocupante de veículo";"Com Vítimas Feridas";"Plena Noite";"Decrescente";"Céu Claro";"Simples";"Reta";"Sim";1;0;0;1;0;0;1;1;-7,03208047;-37,29365088;"SPRF-PB";"DEL03-PB";"UOP01-DEL03-PB"
273910;2020-03-07;"sábado";"21:35:00";"PI";343;590;"FLORIANO";"Ultrapassagem Indevida";"Colisão lateral";"Com Vítimas Feridas";"Plena Noite";"Decrescente";"Céu Claro";"Simples";"Reta";"Sim";5;0;1;0;4;0;1;2;-6,783895;-43,015095;"SPRF-PI";"DEL03-PI";"UOP01-DEL03-PI"
273911;2020-03-07;"sábado";"22:15:00";"RS";116;232;"ESTANCIA VELHA";"Desobediência às normas de trânsito pelo condutor";"Colisão traseira";"Com Vítimas Feridas";"Plena Noite";"Decrescente";"Nublado";"Simples";"Aclive;Reta";"Sim";4;0;2;0;2;0;2;2;-29,6333451;-51,14313841;"SPRF-RS";"DEL01-RS";"UOP02-DEL01-RS"
273915;2020-03-07;"sábado";"22:30:00";"DF";80;30;"BRASILIA";"Ingestão de Álcool";"Colisão com objeto estático";"Sem Vítimas";"Plena Noite";"Crescente";"Nublado";"Dupla";"Reta";"Não";1;0;0;0;0;1;0;1;-15,586337;-48,188095;"SPRF-DF";"DEL03-DF";"UOP02-DEL03-DF"
273917;2020-03-07;"sábado";"22:20:00";"PE";116;25,9;"SALGUEIRO";"Desobediência às normas de trânsito pelo condutor";"Colisão lateral";"Com Vítimas Feridas";"Plena Noite";"Decrescente";"Céu Claro";"Simples";"Reta";"Não";2;0;1;0;1;0;1;2;-8,0694082;-39,13416646;"SPRF-PE";"DEL05-PE";"UOP01-DEL05-PE"
273918;2020-03-07;"sábado";"20:19:00";"MT";364;498;"JANGADA";"Desobediência às normas de trânsito pelo condutor";"Atropelamento de Pedestre";"Com Vítimas Fatais";"Plena Noite";"Crescente";"Céu Claro";"Simples";"Reta";"Não";2;1;1;0;0;0;1;2;-15,26383164;-56,45548663;"SPRF-MT";"DEL01-MT";"DEL2/4-UOP02/MT"
273919;2020-02-08;"sábado";"16:30:00";"MG";381;484;"BETIM";"Defeito Mecânico no Veículo";"Colisão com objeto em movimento";"Com Vítimas Feridas";"Pleno dia";"Crescente";"Céu Claro";"Múltipla";"Reta";"Sim";6;0;3;0;3;0;3;2;-19,95531717;-44,11722196;"SPRF-MG";"DEL01-MG";"UOP03-DEL01-MG"
273920;2020-03-07;"sábado";"17:20:00";"PR";277;67,7;"SAO JOSE DOS PINHAIS";"Desobediência às normas de trânsito pelo condutor";"Colisão lateral";"Com Vítimas Feridas";"Pleno dia";"Crescente";"Sol";"Dupla";"Reta";"Sim";2;0;0;1;0;1;1;2;-25,54511074;-49,05291088;"SPRF-PR";"DEL01-PR";"UOP07-DEL01-PR"
273922;2020-03-07;"sábado";"23:20:00";"PR";376;206,9;"MANDAGUARI";"Ingestão de Álcool";"Saída de leito carroçável";"Com Vítimas Feridas";"Plena Noite";"Decrescente";"Nublado";"Dupla";"Reta;Declive";"Não";1;0;1;0;0;0;1;1;-23,561134;-51,66161;"SPRF-PR";"DEL09-PR";"UOP01-DEL09-PR"
273923;2020-03-07;"sábado";"17:50:00";"RO";364;342;"JI-PARANA";"Desobediência às normas de trânsito pelo condutor";"Colisão transversal";"Com Vítimas Feridas";"Anoitecer";"Decrescente";"Céu Claro";"Simples";"Retorno Regulamentado";"Sim";2;0;1;0;1;0;1;2;-10,88381227;-61,93741416;"SPRF-RO";"DEL02-RO";"UOP01-DEL02-RO"
273924;2020-03-07;"sábado";"23:20:00";"GO";40;26;"LUZIANIA";"Desobediência às normas de trânsito pelo condutor";"Queda de ocupante de veículo";"Com Vítimas Feridas";"Plena Noite";"Crescente";"Nevoeiro/Neblina";"Dupla";"Reta";"Não";1;0;1;0;0;0;1;1;-16,259798;-47,894931;"SPRF-DF";"DEL01-DF";"UOP01-DEL01-DF"
273925;2020-03-07;"sábado";"23:30:00";"PR";376;182,3;"SARANDI";"Desobediência às normas de trânsito pelo pedestre";"Atropelamento de Pedestre";"Com Vítimas Feridas";"Plena Noite";"Crescente";"Céu Claro";"Dupla";"Reta";"Sim";2;0;1;1;0;0;2;2;-23,43431888;-51,88352813;"SPRF-PR";"DEL09-PR";"UOP01-DEL09-PR"
273926;2020-03-07;"sábado";"21:45:00";"RJ";101;64;"CAMPOS DOS GOYTACAZES";"Desobediência às normas de trânsito pelo condutor";"Colisão transversal";"Com Vítimas Feridas";"Plena Noite";"Crescente";"Ignorado";"Simples";"Interseção de Vias";"Sim";3;0;0;2;1;0;2;2;-21,75063115;-41,3378942;"SPRF-RJ";"DEL08-RJ";"UOP02-DEL08-RJ"
273927;2020-03-07;"sábado";"14:03:00";"PE";104;66;"CARUARU";"Não guardar distância de segurança";"Colisão traseira";"Com Vítimas Feridas";"Pleno dia";"Decrescente";"Céu Claro";"Dupla";"Reta";"Sim";3;0;2;0;1;0;2;2;-8,2937;-35,9864;"SPRF-PE";"DEL02-PE";"UOP01-DEL02-PE"
273928;2020-03-07;"sábado";"14:00:00";"PE";104;66,1;"CARUARU";"Não guardar distância de segurança";"Colisão traseira";"Com Vítimas Feridas";"Pleno dia";"Decrescente";"Céu Claro";"Dupla";"Reta";"Sim";2;0;1;0;0;1;1;2;-8,2937;-35,9864;"SPRF-PE";"DEL02-PE";"UOP01-DEL02-PE"
273930;2020-03-07;"sábado";"21:40:00";"SC";470;23;"ILHOTA";"Sinalização da via insuficiente ou inadequada";"Colisão com objeto estático";"Com Vítimas Feridas";"Plena Noite";"Decrescente";"Céu Claro";"Dupla";"Reta";"Não";1;0;0;1;0;0;1;1;-26,880913;-48,846237;"SPRF-SC";"DEL04-SC";"UOP04-DEL04-SC"
273931;2020-03-08;"domingo";"00:10:00";"SP";381;22,9;"BRAGANCA PAULISTA";"Falta de Atenção à Condução";"Colisão traseira";"Sem Vítimas";"Plena Noite";"Decrescente";"Céu Claro";"Dupla";"Reta";"Não";2;0;0;0;2;0;0;2;-23,007722;-46,521496;"SPRF-SP";"DEL03-SP";"UOP01-DEL03-SP"
273932;2020-03-08;"domingo";"00:20:00";"PB";101;97,8;"ALHANDRA";"Velocidade Incompatível";"Colisão com objeto estático";"Com Vítimas Feridas";"Plena Noite";"Decrescente";"Nublado";"Dupla";"Reta";"Sim";4;0;2;2;0;0;4;1;-7,2436676;-34,92961518;"SPRF-PB";"DEL01-PB";"UOP01-DEL01-PB"
273933;2020-03-07;"sábado";"22:30:00";"SC";101;266,1;"PAULO LOPES";"Falta de Atenção do Pedestre";"Atropelamento de Pedestre";"Com Vítimas Fatais";"Plena Noite";"Decrescente";"Nublado";"Dupla";"Reta";"Sim";3;1;0;0;1;1;0;2;-28,06847808;-48,71463931;"SPRF-SC";"DEL02-SC";"UOP03-DEL02-SC"
273935;2020-03-07;"sábado";"23:55:00";"PI";343;12,7;"PARNAIBA";"Desobediência às normas de trânsito pelo condutor";"Colisão transversal";"Com Vítimas Feridas";"Plena Noite";"Crescente";"Céu Claro";"Dupla";"Interseção de Vias";"Sim";4;0;0;1;3;0;1;2;-2,910035;-41,753662;"SPRF-PI";"DEL05-PI";"UOP01-DEL05-PI"
273936;2020-03-07;"sábado";"22:25:00";"RJ";101;315;"SAO GONCALO";"Falta de Atenção à Condução";"Colisão com objeto estático";"Sem Vítimas";"Plena Noite";"Decrescente";"Céu Claro";"Dupla";"Reta";"Sim";1;0;0;0;0;1;0;1;-22,82262092;-43,08460805;"SPRF-RJ";"DEL02-RJ";"UOP01-DEL02-RJ"
273937;2020-03-08;"domingo";"01:10:00";"PE";101;71,2;"RECIFE";"Não guardar distância de segurança";"Colisão traseira";"Sem Vítimas";"Plena Noite";"Crescente";"Nublado";"Dupla";"Reta";"Sim";3;0;0;0;2;1;0;2;-8,07663102;-34,94277871;"SPRF-PE";"DEL01-PE";"UOP01-DEL01-PE"
273938;2020-03-08;"domingo";"01:00:00";"MG";364;27;"FRUTAL";"Falta de Atenção à Condução";"Colisão transversal";"Com Vítimas Feridas";"Plena Noite";"Crescente";"Céu Claro";"Simples";"Rotatória";"Sim";2;0;0;1;1;0;1;2;-20,025185;-48,94096;"SPRF-MG";"DEL13-MG";"UOP02-DEL13-MG"
273941;2020-03-08;"domingo";"00:10:00";"PR";369;231;"JANDAIA DO SUL";"Ingestão de Álcool";"Saída de leito carroçável";"Sem Vítimas";"Plena Noite";"Crescente";"Céu Claro";"Simples";"Curva";"Não";1;0;0;0;1;0;0;1;-23,60835156;-51,66775703;"SPRF-PR";"DEL07-PR";"UOP03-DEL07-PR"
273942;2020-03-08;"domingo";"01:10:00";"RJ";116;178;"NOVA IGUACU";"Falta de Atenção à Condução";"Colisão traseira";"Com Vítimas Feridas";"Plena Noite";"Crescente";"Céu Claro";"Múltipla";"Reta";"Sim";2;0;1;0;1;0;1;2;-22,77496393;-43,40081465;"SPRF-RJ";"DEL01-RJ";"UOP02-DEL01-RJ"
273944;2020-03-07;"sábado";"23:15:00";"RJ";101;297;"ITABORAI";"Falta de Atenção à Condução";"Queda de ocupante de veículo";"Com Vítimas Feridas";"Plena Noite";"Decrescente";"Céu Claro";"Simples";"Reta";"Sim";2;0;2;0;0;0;2;1;-22,76942037;-42,91873581;"SPRF-RJ";"DEL02-RJ";"UOP03-DEL02-RJ"
273946;2020-03-08;"domingo";"01:40:00";"SE";235;8;"NOSSA SENHORA DO SOCORRO";"Ingestão de Álcool";"Saída de leito carroçável";"Com Vítimas Feridas";"Plena Noite";"Crescente";"Céu Claro";"Simples";"Viaduto";"Não";1;0;0;1;0;0;1;1;-10,88484108;-37,13429332;"SPRF-SE";"DEL01-SE";"UOP01-DEL01-SE"
273948;2020-03-08;"domingo";"01:05:00";"SC";280;55;"GUARAMIRIM";"Falta de Atenção à Condução";"Colisão transversal";"Com Vítimas Feridas";"Plena Noite";"Decrescente";"Nublado";"Simples";"Reta";"Sim";2;0;1;0;1;0;1;2;-26,47584353;-48,9937858;"SPRF-SC";"DEL03-SC";"UOP03-DEL03-SC"
273951;2020-03-08;"domingo";"00:30:00";"SC";470;141,4;"RIO DO SUL";"Velocidade Incompatível";"Colisão com objeto estático";"Com Vítimas Feridas";"Plena Noite";"Crescente";"Nublado";"Simples";"Curva";"Não";2;0;2;0;0;0;2;1;-27,226065;-49,666161;"SPRF-SC";"DEL04-SC";"UOP02-DEL04-SC"
273954;2020-03-08;"domingo";"02:50:00";"BA";101;858;"TEIXEIRA DE FREITAS";"Falta de Atenção à Condução";"Colisão lateral";"Sem Vítimas";"Plena Noite";"Decrescente";"Chuva";"Simples";"Curva";"Não";3;0;0;0;1;2;0;3;-17,60083595;-39,74860637;"SPRF-BA";"DEL09-BA";"UOP02-DEL09-BA"
273955;2020-03-08;"domingo";"02:13:00";"PR";153;48;"SANTO ANTONIO DA PLATINA";"Falta de Atenção à Condução";"Tombamento";"Com Vítimas Feridas";"Plena Noite";"Decrescente";"Céu Claro";"Simples";"Reta";"Não";1;0;0;1;0;0;1;1;-23,34623012;-50,0664882;"SPRF-PR";"DEL07-PR";"UOP04-DEL07-PR"
273956;2020-03-07;"sábado";"19:36:00";"RR";401;10;"BONFIM";"Ingestão de Álcool";"Colisão frontal";"Com Vítimas Feridas";"Plena Noite";"Decrescente";"Céu Claro";"Simples";"Reta";"Não";2;0;0;1;1;0;1;2;3,3593671;-59,83377;"SPRF-RR";"DEL01-RR";"UOP01-DEL01-RR"
273957;2020-03-08;"domingo";"01:00:00";"MS";267;18;"BATAGUASSU";"Velocidade Incompatível";"Colisão com objeto estático";"Com Vítimas Feridas";"Plena Noite";"Decrescente";"Céu Claro";"Dupla";"Reta";"Não";2;0;0;1;0;1;1;2;-21,72635436;-52,31410503;"SPRF-MS";"DEL02-MS";"UOP04-DEL02-MS"
273958;2020-03-08;"domingo";"03:30:00";"DF";20;22,1;"BRASILIA";"Desobediência às normas de trânsito pelo condutor";"Capotamento";"Sem Vítimas";"Plena Noite";"Decrescente";"Nublado";"Dupla";"Rotatória;Aclive";"Sim";1;0;0;0;0;1;0;1;-15,59834;-47,676186;"SPRF-DF";"DEL02-DF";"UOP01-DEL02-DF"
273962;2020-03-08;"domingo";"01:00:00";"MS";163;42,5;"ELDORADO";"Ingestão de Álcool";"Colisão com objeto em movimento";"Com Vítimas Feridas";"Plena Noite";"Crescente";"Céu Claro";"Simples";"Aclive;Reta";"Não";2;0;1;0;0;1;1;2;-23,76281184;-54,27377415;"SPRF-MS";"DEL09-MS";"UOP02-DEL09-MS"
273963;2020-03-08;"domingo";"04:10:00";"RS";158;183,5;"PEJUCARA";"Defeito Mecânico no Veículo";"Incêndio";"Sem Vítimas";"Plena Noite";"Crescente";"Céu Claro";"Simples";"Reta";"Não";2;0;0;0;2;0;0;1;-28,54518299;-53,55694172;"SPRF-RS";"DEL10-RS";"UOP02-DEL10-RS"
273964;2020-03-08;"domingo";"01:10:00";"SC";470;55,2;"BLUMENAU";"Ingestão de Álcool";"Colisão frontal";"Com Vítimas Fatais";"Plena Noite";"Decrescente";"Céu Claro";"Simples";"Reta";"Não";4;1;2;0;1;0;2;3;-26,87639222;-49,12027001;"SPRF-SC";"DEL04-SC";"UOP01-DEL04-SC"
273965;2020-03-08;"domingo";"02:45:00";"SC";470;72,4;"INDAIAL";"Ingestão de Álcool";"Colisão frontal";"Com Vítimas Feridas";"Plena Noite";"Decrescente";"Céu Claro";"Simples";"Em Obras;Desvio Temporário";"Não";4;0;0;3;1;0;3;2;-26,901979;-49,268745;"SPRF-SC";"DEL04-SC";"UOP01-DEL04-SC"
273967;2020-03-08;"domingo";"04:15:00";"RS";116;518,7;"PELOTAS";"Falta de Atenção à Condução";"Colisão com objeto estático";"Com Vítimas Feridas";"Plena Noite";"Crescente";"Céu Claro";"Simples";"Reta";"Sim";1;0;1;0;0;0;1;1;-31,68674126;-52,34793373;"SPRF-RS";"DEL07-RS";"UOP01-DEL07-RS"
273970;2020-03-08;"domingo";"04:00:00";"BA";324;563;"SAO SEBASTIAO DO PASSE";"Falta de Atenção à Condução";"Tombamento";"Com Vítimas Feridas";"Plena Noite";"Crescente";"Céu Claro";"Dupla";"Reta";"Não";1;0;1;0;0;0;1;1;-12,50853675;-38,63200982;"SPRF-BA";"DEL01-BA";"UOP01-DEL01-BA"
273971;2020-03-08;"domingo";"04:25:00";"MG";459;102;"POUSO ALEGRE";"Condutor Dormindo";"Colisão com objeto estático";"Com Vítimas Feridas";"Plena Noite";"Crescente";"Céu Claro";"Dupla";"Curva";"Sim";2;0;1;0;1;0;1;1;-22,22541516;-45,9123189;"SPRF-MG";"DEL16-MG";"UOP01-DEL16-MG"
273972;2020-03-07;"sábado";"22:00:00";"DF";20;42;"BRASILIA";"Velocidade Incompatível";"Saída de leito carroçável";"Sem Vítimas";"Plena Noite";"Crescente";"Chuva";"Dupla";"Reta";"Não";1;0;0;0;0;1;0;1;-15,579221;-47,494339;"SPRF-DF";"DEL02-DF";"UOP01-DEL02-DF"
273973;2020-03-08;"domingo";"03:45:00";"MA";10;247;"IMPERATRIZ";"Ingestão de Substâncias Psicoativas";"Colisão transversal";"Sem Vítimas";"Plena Noite";"Decrescente";"Chuva";"Simples";"Reta";"Sim";2;0;0;0;0;2;0;2;-5,573772;-47,443893;"SPRF-MA";"DEL04-MA";"UOP01-DEL04-MA"
273974;2020-03-08;"domingo";"05:35:00";"GO";60;208,9;"GUAPO";"Defeito na Via";"Saída de leito carroçável";"Com Vítimas Feridas";"Plena Noite";"Crescente";"Céu Claro";"Dupla";"Curva";"Não";1;0;1;0;0;0;1;1;-16,9243;-49,6642;"SPRF-GO";"DEL01-GO";"UOP02-DEL01-GO"
273975;2020-03-08;"domingo";"06:00:00";"GO";414;431,1;"ANAPOLIS";"Falta de Atenção à Condução";"Tombamento";"Com Vítimas Feridas";"Amanhecer";"Decrescente";"Céu Claro";"Simples";"Reta";"Não";1;0;0;1;0;0;1;1;-16,21405015;-48,91838475;"SPRF-GO";"DEL02-GO";"UOP01-DEL02-GO"
273976;2020-03-08;"domingo";"05:00:00";"RS";285;51;"BOM JESUS";"Condutor Dormindo";"Saída de leito carroçável";"Com Vítimas Feridas";"Amanhecer";"Decrescente";"Céu Claro";"Simples";"Curva";"Não";1;0;1;0;0;0;1;1;-28,658676;-50,340755;"SPRF-RS";"DEL05-RS";"UOP03-DEL05-RS"
273977;2020-03-08;"domingo";"05:40:00";"MG";381;265;"TIMOTEO";"Ingestão de Álcool";"Colisão traseira";"Com Vítimas Feridas";"Amanhecer";"Decrescente";"Nublado";"Simples";"Reta";"Sim";4;0;1;0;1;2;1;3;-19,52569913;-42,66364497;"SPRF-MG";"DEL03-MG";"UOP02-DEL03-MG"
273978;2020-03-08;"domingo";"05:15:00";"PI";230;306;"FLORIANO";"Velocidade Incompatível";"Colisão com objeto estático";"Com Vítimas Feridas";"Amanhecer";"Crescente";"Céu Claro";"Dupla";"Curva";"Sim";1;0;1;0;0;0;1;1;-6,79173488;-42,98594092;"SPRF-PI";"DEL03-PI";"UOP01-DEL03-PI"
273980;2020-03-07;"sábado";"20:30:00";"RO";364;711;"PORTO VELHO";"Não guardar distância de segurança";"Colisão traseira";"Com Vítimas Feridas";"Plena Noite";"Decrescente";"Chuva";"Dupla";"Reta";"Sim";6;0;2;0;3;1;2;3;-8,78153947;-63,86531369;"SPRF-RO";"DEL01-RO";"UOP01-DEL01-RO"
273981;2020-03-08;"domingo";"00:15:00";"PR";116;105;"SAO JOSE DOS PINHAIS";"Não guardar distância de segurança";"Colisão traseira";"Sem Vítimas";"Plena Noite";"Crescente";"Céu Claro";"Dupla";"Reta";"Não";3;0;0;0;3;0;0;2;-25,56635207;-49,16833598;"SPRF-PR";"DEL01-PR";"UOP01-DEL01-PR"
273983;2020-03-08;"domingo";"04:40:00";"PR";476;125;"CURITIBA";"Velocidade Incompatível";"Colisão com objeto estático";"Sem Vítimas";"Plena Noite";"Crescente";"Céu Claro";"Dupla";"Em Obras;Reta";"Sim";1;0;0;0;0;1;0;1;-25,4083;-49,219658;"SPRF-PR";"DEL01-PR";"UOP07-DEL01-PR"
273984;2020-03-08;"domingo";"06:20:00";"SC";101;123;"ITAJAI";"Velocidade Incompatível";"Colisão com objeto estático";"Com Vítimas Feridas";"Amanhecer";"Decrescente";"Céu Claro";"Simples";"Interseção de Vias";"Sim";2;0;1;1;0;0;2;1;-26,93668609;-48,69876905;"SPRF-SC";"DEL04-SC";"UOP04-DEL04-SC"
273985;2020-03-08;"domingo";"06:45:00";"RS";290;111;"ELDORADO DO SUL";"Condutor Dormindo";"Saída de leito carroçável";"Com Vítimas Feridas";"Pleno dia";"Crescente";"Céu Claro";"Dupla";"Reta";"Não";1;0;1;0;0;0;1;1;-30,03771508;-51,32799625;"SPRF-RS";"DEL02-RS";"UOP01-DEL02-RS"
273987;2020-03-08;"domingo";"06:25:00";"SP";116;205;"ARUJA";"Falta de Atenção à Condução";"Colisão com objeto estático";"Com Vítimas Feridas";"Pleno dia";"Decrescente";"Céu Claro";"Dupla";"Reta";"Sim";5;0;3;0;1;1;3;2;-23,41475243;-46,36600788;"SPRF-SP";"DEL01-SP";"UOP01-DEL01-SP"
273989;2020-03-08;"domingo";"06:45:00";"PR";476;158,8;"ARAUCARIA";"Falta de Atenção à Condução";"Capotamento";"Sem Vítimas";"Pleno dia";"Crescente";"Ignorado";"Simples";"Interseção de Vias";"Sim";1;0;0;0;0;1;0;1;-25,613539;-49,424255;"SPRF-PR";"DEL01-PR";"UOP06-DEL01-PR"
273990;2020-03-08;"domingo";"05:20:00";"MT";174;79,5;"CACERES";"Restrição de Visibilidade";"Saída de leito carroçável";"Com Vítimas Feridas";"Plena Noite";"Decrescente";"Céu Claro";"Simples";"Reta";"Não";2;0;1;1;0;0;2;1;-15,99033695;-57,75358493;"SPRF-MT";"DEL03-MT";"UOP01-DEL03-MT"
273991;2020-03-08;"domingo";"06:56:00";"BA";324;600;"SIMOES FILHO";"Desobediência às normas de trânsito pelo pedestre";"Atropelamento de Pedestre";"Com Vítimas Feridas";"Pleno dia";"Decrescente";"Céu Claro";"Dupla";"Reta";"Não";2;0;0;1;1;0;1;2;-12,74882798;-38,43296497;"SPRF-BA";"DEL01-BA";"UOP01-DEL01-BA"
273992;2020-03-08;"domingo";"06:45:00";"PR";369;496,8;"CORBELIA";"Ingestão de álcool e/ou substâncias psicoativas pelo pedestre";"Saída de leito carroçável";"Com Vítimas Feridas";"Pleno dia";"Crescente";"Céu Claro";"Simples";"Curva";"Não";1;0;1;0;0;0;1;1;-24,7531;-53,2823;"SPRF-PR";"DEL04-PR";"UOP03-DEL04-PR"