"id";"data_inversa";"dia_semana";"horario";"uf";"br";"km";"municipio";"causa_acidente";"tipo_acidente";"classificacao_acidente";"fase_dia";"sentido_via";"condicao_metereologica";"tipo_pista";"tracado_via";"uso_solo";"pessoas";"mortos";"feridos_leves";"feridos_graves";"ilesos";"ignorados";"feridos";"veiculos";"latitude";"longitude";"regional";"delegacia";"uop"
274222;2020-03-09;"segunda-feira";"07:20:00";"MG";365;626,9;"UBERLANDIA";"Velocidade Incompatível";"Colisão traseira";"Com Vítimas Feridas";"Pleno dia";"Decrescente";"Céu Claro";"Dupla";"Ponte";"Sim";2;0;1;0;1;0;1;2;-18,90659356;-48,33469405;"SPRF-MG";"DEL15-MG";"UOP01-DEL15-MG"
274224;2020-03-09;"segunda-feira";"05:50:00";"SP";116;181,8;"SANTA ISABEL";"Ingestão de Álcool";"Saída de leito carroçável";"Sem Vítimas";"Pleno dia";"Decrescente";"Céu Claro";"Dupla";"Reta";"Não";1;0;0;0;1;0;0;1;-23,34071022;-46,15361889;"SPRF-SP";"DEL02-SP";"UOP01-DEL02-SP"
274225;2020-03-09;"segunda-feira";"07:15:00";"PB";230;375,7;"CONDADO";"Agressão Externa";"Colisão com objeto estático";"Com Vítimas Feridas";"Pleno dia";"Decrescente";"Céu Claro";"Simples";"Reta";"Sim";3;0;2;0;0;1;2;2;-6,9088;-37,5918;"SPRF-PB";"DEL03-PB";"UOP02-DEL03-PB"
274226;2020-03-09;"segunda-feira";"06:50:00";"SP";116;226,8;"SAO PAULO";"Falta de Atenção à Condução";"Queda de ocupante de veículo";"Com Vítimas Feridas";"Amanhecer";"Crescente";"Céu Claro";"Múltipla";"Curva";"Sim";2;0;2;0;0;0;2;1;-23,49627367;-46,55906296;"SPRF-SP";"DEL01-SP";"UOP01-DEL01-SP"
274229;2020-03-09;"segunda-feira";"07:30:00";"PB";101;20;"MAMANGUAPE";"Velocidade Incompatível";"Saída de leito carroçável";"Com Vítimas Feridas";"Pleno dia";"Decrescente";"Céu Claro";"Dupla";"Curva;Declive";"Não";4;0;4;0;0;0;4;1;-6,66323695;-35,1143428;"SPRF-PB";"DEL01-PB";"UOP04-DEL01-PB"
274230;2020-03-09;"segunda-feira";"07:32:00";"PB";230;20;"JOAO PESSOA";"Falta de Atenção à Condução";"Colisão traseira";"Com Vítimas Feridas";"Pleno dia";"Decrescente";"Sol";"Dupla";"Reta";"Sim";2;0;1;0;1;0;1;2;-7,1337;-34,8544;"SPRF-PB";"DEL01-PB";"UOP01-DEL01-PB"
274231;2020-03-09;"segunda-feira";"07:30:00";"PR";277;78;"SAO JOSE DOS PINHAIS";"Não guardar distância de segurança";"Colisão traseira";"Sem Vítimas";"Pleno dia";"Decrescente";"Sol";"Dupla";"Reta";"Sim";2;0;0;0;2;0;0;2;-25,51327981;-49,12433291;"SPRF-PR";"DEL01-PR";"UOP01-DEL01-PR"
274232;2020-03-09;"segunda-feira";"07:30:00";"RS";116;267;"CANOAS";"Falta de Atenção à Condução";"Colisão traseira";"Com Vítimas Feridas";"Pleno dia";"Crescente";"Céu Claro";"Múltipla";"Reta";"Sim";2;0;1;0;1;0;1;2;-29,94142398;-51,17697062;"SPRF-RS";"DEL01-RS";"UOP01-DEL01-RS"
274234;2020-03-09;"segunda-feira";"07:46:00";"GO";50;278,5;"CATALAO";"Desobediência às normas de trânsito pelo condutor";"Colisão transversal";"Com Vítimas Feridas";"Pleno dia";"Crescente";"Céu Claro";"Simples";"Reta";"Sim";3;0;1;1;0;1;2;2;-18,1696;-47,92;"SPRF-GO";"DEL06-GO";"UOP01-DEL06-GO"
274238;2020-03-09;"segunda-feira";"07:10:00";"BA";101;110;"ALAGOINHAS";"Defeito na Via";"Colisão lateral";"Com Vítimas Feridas";"Pleno dia";"Crescente";"Nublado";"Simples";"Ponte";"Não";2;0;1;0;1;0;1;2;-12,16492;-38,477026;"SPRF-BA";"DEL01-BA";"UOP04-DEL01-BA"
274239;2020-03-09;"segunda-feira";"08:15:00";"PE";232;5,8;"RECIFE";"Falta de Atenção à Condução";"Colisão lateral";"Com Vítimas Feridas";"Pleno dia";"Crescente";"Sol";"Dupla";"Reta";"Sim";2;0;1;0;1;0;1;2;-8,06795766;-34,94535414;"SPRF-PE";"DEL01-PE";"UOP01-DEL01-PE"
274242;2020-03-09;"segunda-feira";"08:20:00";"SC";280;297;"PORTO UNIAO";"Velocidade Incompatível";"Colisão traseira";"Com Vítimas Feridas";"Pleno dia";"Crescente";"Céu Claro";"Dupla";"Reta";"Não";2;0;1;0;1;0;1;2;-26,28202088;-50,9918289;"SPRF-SC";"DEL06-SC";"UOP04-DEL06-SC"
274243;2020-03-09;"segunda-feira";"08:30:00";"PR";153;334;"IRATI";"Desobediência às normas de trânsito pelo condutor";"Colisão lateral";"Com Vítimas Feridas";"Pleno dia";"Decrescente";"Sol";"Simples";"Reta";"Sim";2;0;1;0;1;0;1;2;-25,481234;-50,640733;"SPRF-PR";"DEL03-PR";"UOP03-DEL03-PR"
274245;2020-03-09;"segunda-feira";"08:50:00";"RS";290;93;"PORTO ALEGRE";"Falta de Atenção à Condução";"Colisão traseira";"Com Vítimas Feridas";"Pleno dia";"Crescente";"Céu Claro";"Múltipla";"Curva";"Sim";5;0;2;0;3;0;2;3;-29,970839;-51,187725;"SPRF-RS";"DEL01-RS";"UOP01-DEL01-RS"
274246;2020-03-09;"segunda-feira";"08:35:00";"SC";101;24,9;"JOINVILLE";"Mal Súbito";"Tombamento";"Com Vítimas Feridas";"Pleno dia";"Decrescente";"Céu Claro";"Simples";"Reta";"Não";1;0;1;0;0;0;1;1;-26,17483309;-48,90767978;"SPRF-SC";"DEL03-SC";"UOP01-DEL03-SC"
274248;2020-03-09;"segunda-feira";"09:00:00";"PB";230;11;"CABEDELO";"Falta de Atenção à Condução";"Colisão traseira";"Com Vítimas Feridas";"Pleno dia";"Crescente";"Céu Claro";"Dupla";"Reta";"Sim";2;0;1;0;0;1;1;2;-7,0596;-34,8506;"SPRF-PB";"DEL01-PB";"UOP01-DEL01-PB"
274249;2020-03-09;"segunda-feira";"08:00:00";"RS";386;299,8;"POUSO NOVO";"Não guardar distância de segurança";"Engavetamento";"Com Vítimas Feridas";"Pleno dia";"Decrescente";"Céu Claro";"Simples";"Reta";"Não";7;0;1;0;6;0;1;3;-29,167108;-52,22103;"SPRF-RS";"DEL04-RS";"UOP01-DEL04-RS"
274250;2020-03-09;"segunda-feira";"09:00:00";"PR";376;450,5;"TIBAGI";"Defeito na Via";"Saída de leito carroçável";"Com Vítimas Feridas";"Pleno dia";"Decrescente";"Céu Claro";"Dupla";"Curva";"Não";2;0;2;0;0;0;2;1;-24,934557;-50,40438302;"SPRF-PR";"DEL03-PR";"UOP02-DEL03-PR"
274251;2020-03-09;"segunda-feira";"05:15:00";"RR";432;197;"CANTA";"Condutor Dormindo";"Colisão frontal";"Com Vítimas Fatais";"Amanhecer";"Crescente";"Céu Claro";"Simples";"Reta";"Não";5;2;3;0;0;0;3;2;2,66126602;-60,59091828;"SPRF-RR";"DEL01-RR";"UOP01-DEL01-RR"
274253;2020-03-09;"segunda-feira";"08:40:00";"PR";277;122,3;"BALSA NOVA";"Defeito Mecânico no Veículo";"Queda de ocupante de veículo";"Com Vítimas Feridas";"Pleno dia";"Decrescente";"Céu Claro";"Dupla";"Reta";"Não";2;0;2;0;0;0;2;1;-25,44658492;-49,57059145;"SPRF-PR";"DEL01-PR";"UOP03-DEL03-PR"
274254;2020-03-09;"segunda-feira";"07:40:00";"BA";407;0,5;"JUAZEIRO";"Falta de Atenção à Condução";"Engavetamento";"Sem Vítimas";"Pleno dia";"Decrescente";"Sol";"Simples";"Reta";"Sim";4;0;0;0;2;2;0;4;-9,409546;-40,505337;"SPRF-PE";"DEL06-PE";"UOP01-DEL06-PE"
274256;2020-03-08;"domingo";"13:50:00";"MG";381;674;"PERDOES";"Restrição de Visibilidade";"Saída de leito carroçável";"Com Vítimas Feridas";"Pleno dia";"Decrescente";"Chuva";"Dupla";"Curva";"Não";1;0;1;0;0;0;1;1;-21,08886212;-45,06701392;"SPRF-MG";"DEL04-MG";"UOP02-DEL04-MG"
274257;2020-03-09;"segunda-feira";"09:10:00";"RJ";101;293;"ITABORAI";"Defeito Mecânico no Veículo";"Colisão com objeto em movimento";"Sem Vítimas";"Pleno dia";"Crescente";"Céu Claro";"Dupla";"Interseção de Vias";"Sim";2;0;0;0;2;0;0;2;-22,756203;-42,88724;"SPRF-RJ";"DEL02-RJ";"UOP03-DEL02-RJ"
274258;2020-03-09;"segunda-feira";"09:25:00";"CE";116;21,9;"AQUIRAZ";"Desobediência às normas de trânsito pelo condutor";"Colisão transversal";"Com Vítimas Feridas";"Pleno dia";"Decrescente";"Céu Claro";"Dupla";"Reta";"Sim";2;0;1;0;1;0;1;2;-3,95429558;-38,51238012;"SPRF-CE";"DEL01-CE";"UOP02-DEL01-CE"
274259;2020-03-09;"segunda-feira";"08:00:00";"PE";232;18,5;"JABOATAO DOS GUARARAPES";"Falta de Atenção à Condução";"Saída de leito carroçável";"Com Vítimas Feridas";"Pleno dia";"Decrescente";"Sol";"Dupla";"Curva";"Não";2;0;1;0;1;0;1;1;-8,09565202;-35,04581599;"SPRF-PE";"DEL01-PE";"UOP01-DEL01-PE"
274262;2020-03-09;"segunda-feira";"09:25:00";"BA";324;610;"SIMOES FILHO";"Não guardar distância de segurança";"Colisão lateral";"Com Vítimas Feridas";"Pleno dia";"Crescente";"Céu Claro";"Dupla";"Reta";"Não";3;0;1;0;2;0;1;3;-12,82931703;-38,41113193;"SPRF-BA";"DEL01-BA";"UOP01-DEL01-BA"
274263;2020-03-09;"segunda-feira";"08:18:00";"MT";70;537,5;"VARZEA GRANDE";"Falta de Atenção à Condução";"Colisão transversal";"Com Vítimas Feridas";"Pleno dia";"Crescente";"Sol";"Simples";"Rotatória";"Sim";2;0;1;0;1;0;1;2;-15,64919693;-56,19564772;"SPRF-MT";"DEL05-MT";"UOP02-DEL05-MT"
274268;2020-03-09;"segunda-feira";"10:40:00";"SP";153;222,8;"MARILIA";"Desobediência às normas de trânsito pelo condutor";"Colisão frontal";"Com Vítimas Feridas";"Pleno dia";"Decrescente";"Sol";"Simples";"Reta";"Não";3;0;1;1;1;0;2;2;-22,01436301;-49,90915804;"SPRF-SP";"DEL07-SP";"UOP02-DEL07-SP"
274269;2020-03-09;"segunda-feira";"10:20:00";"SC";101;412,6;"ARARANGUA";"Falta de Atenção à Condução";"Colisão lateral";"Sem Vítimas";"Pleno dia";"Crescente";"Sol";"Simples";"Retorno Regulamentado";"Sim";2;0;0;0;2;0;0;2;-28,94379624;-49,50171417;"SPRF-SC";"DEL02-SC";"UOP02-DEL02-SC"
274271;2020-03-09;"segunda-feira";"10:40:00";"BA";324;599;"SIMOES FILHO";"Falta de Atenção à Condução";"Atropelamento de Pedestre";"Com Vítimas Feridas";"Pleno dia";"Decrescente";"Céu Claro";"Múltipla";"Declive";"Não";2;0;0;1;0;1;1;2;-12,74194511;-38,43853918;"SPRF-BA";"DEL01-BA";"UOP01-DEL01-BA"
274272;2020-03-09;"segunda-feira";"10:00:00";"RJ";101;314;"SAO GONCALO";"Falta de Atenção à Condução";"Saída de leito carroçável";"Com Vítimas Fatais";"Pleno dia";"Crescente";"Céu Claro";"Dupla";"Reta";"Sim";1;1;0;0;0;0;0;1;-22,81648739;-43,07728467;"SPRF-RJ";"DEL02-RJ";"UOP01-DEL02-RJ"
274273;2020-03-09;"segunda-feira";"10:32:00";"AL";104;88,8;"RIO LARGO";"Desobediência às normas de trânsito pelo condutor";"Colisão transversal";"Com Vítimas Feridas";"Pleno dia";"Decrescente";"Céu Claro";"Dupla";"Reta";"Não";2;0;1;0;1;0;1;2;-9,48375193;-35,81815581;"SPRF-AL";"DEL01-AL";"UOP01-DEL01-AL"
274274;2020-03-09;"segunda-feira";"10:30:00";"MG";381;496,3;"BETIM";"Não guardar distância de segurança";"Colisão traseira";"Com Vítimas Feridas";"Pleno dia";"Decrescente";"Sol";"Dupla";"Aclive;Reta";"Sim";4;0;2;0;2;0;2;3;-19,99676497;-44,20958506;"SPRF-MG";"DEL01-MG";"UOP03-DEL01-MG"
274277;2020-03-09;"segunda-feira";"09:30:00";"MA";10;247;"IMPERATRIZ";"Não guardar distância de segurança";"Colisão traseira";"Sem Vítimas";"Pleno dia";"Crescente";"Nublado";"Simples";"Reta";"Sim";2;0;0;0;2;0;0;2;-5,573772;-47,443893;"SPRF-MA";"DEL04-MA";"UOP01-DEL04-MA"
274278;2020-03-09;"segunda-feira";"11:00:00";"PE";104;65,6;"CARUARU";"Falta de Atenção à Condução";"Colisão traseira";"Com Vítimas Feridas";"Pleno dia";"Crescente";"Sol";"Dupla";"Declive";"Sim";2;0;1;0;1;0;1;2;-8,2867;-35,9838;"SPRF-PE";"DEL02-PE";"UOP01-DEL02-PE"
274279;2020-03-09;"segunda-feira";"11:25:00";"MG";116;415;"GOVERNADOR VALADARES";"Falta de Atenção à Condução";"Colisão transversal";"Com Vítimas Feridas";"Pleno dia";"Decrescente";"Céu Claro";"Simples";"Reta";"Sim";2;0;2;0;0;0;2;2;-18,88401297;-41,94924399;"SPRF-MG";"DEL06-MG";"UOP01-DEL06-MG"
274280;2020-03-09;"segunda-feira";"09:50:00";"CE";20;405;"CAUCAIA";"Defeito Mecânico no Veículo";"Incêndio";"Sem Vítimas";"Pleno dia";"Decrescente";"Nublado";"Simples";"Reta";"Não";1;0;0;0;0;1;0;1;-3,7740804;-38,6780848;"SPRF-CE";"DEL01-CE";"UOP01-DEL01-CE"
274283;2020-03-09;"segunda-feira";"12:40:00";"SP";116;215;"GUARULHOS";"Mal Súbito";"Queda de ocupante de veículo";"Com Vítimas Feridas";"Pleno dia";"Crescente";"Céu Claro";"Dupla";"Reta";"Sim";1;0;1;0;0;0;1;1;-23,44695693;-46,45394103;"SPRF-SP";"DEL01-SP";"UOP01-DEL01-SP"
274284;2020-03-05;"quinta-feira";"15:00:00";"SP";116;189,6;"SANTA ISABEL";"Ingestão de Álcool";"Saída de leito carroçável";"Sem Vítimas";"Pleno dia";"Decrescente";"Céu Claro";"Dupla";"Reta";"Sim";1;0;0;0;1;0;0;1;-23,36435234;-46,22488684;"SPRF-SP";"DEL02-SP";"UOP01-DEL02-SP"
274286;2020-03-09;"segunda-feira";"12:50:00";"SC";280;30,2;"ARAQUARI";"Desobediência às normas de trânsito pelo condutor";"Colisão traseira";"Com Vítimas Feridas";"Pleno dia";"Decrescente";"Sol";"Simples";"Reta";"Sim";3;0;2;0;1;0;2;2;-26,41646063;-48,77148628;"SPRF-SC";"DEL03-SC";"UOP03-DEL03-SC"
274290;2020-03-09;"segunda-feira";"10:50:00";"SC";470;240;"SAO CRISTOVAO DO SUL";"Ultrapassagem Indevida";"Colisão lateral";"Com Vítimas Feridas";"Pleno dia";"Crescente";"Céu Claro";"Simples";"Reta";"Não";2;0;1;0;1;0;1;2;-27,306107;-50,481949;"SPRF-SC";"DEL05-SC";"UOP03-DEL05-SC"
274291;2020-03-09;"segunda-feira";"13:00:00";"GO";40;11,9;"LUZIANIA";"Falta de Atenção à Condução";"Colisão transversal";"Com Vítimas Feridas";"Pleno dia";"Decrescente";"Céu Claro";"Dupla";"Reta";"Sim";2;0;0;1;0;1;1;2;-16,138336;-47,951644;"SPRF-DF";"DEL01-DF";"UOP01-DEL01-DF"
274292;2020-03-09;"segunda-feira";"12:20:00";"DF";80;9;"BRASILIA";"Não guardar distância de segurança";"Colisão traseira";"Com Vítimas Feridas";"Pleno dia";"Crescente";"Céu Claro";"Dupla";"Reta";"Sim";2;0;1;0;1;0;1;2;-15,731064;-48,159393;"SPRF-DF";"DEL03-DF";"UOP02-DEL03-DF"
274293;2020-03-09;"segunda-feira";"13:05:00";"SC";101;207,6;"SAO JOSE";"Falta de Atenção à Condução";"Colisão traseira";"Com Vítimas Feridas";"Pleno dia";"Decrescente";"Céu Claro";"Múltipla";"Reta";"Sim";2;0;1;0;1;0;1;2;-27,60001226;-48,6226467;"SPRF-SC";"DEL01-SC";"UOP01-DEL01-SC"
274295;2020-03-09;"segunda-feira";"12:00:00";"PR";277;96;"CURITIBA";"Velocidade Incompatível";"Colisão com objeto estático";"Com Vítimas Feridas";"Pleno dia";"Decrescente";"Sol";"Dupla";"Reta";"Sim";1;0;1;0;0;0;1;1;-25,43056295;-49,33221817;"SPRF-PR";"DEL01-PR";"UOP06-DEL01-PR"
274297;2020-03-09;"segunda-feira";"12:56:00";"PR";476;130;"CURITIBA";"Falta de Atenção do Pedestre";"Atropelamento de Pedestre";"Com Vítimas Feridas";"Pleno dia";"Decrescente";"Sol";"Dupla";"Reta";"Sim";2;0;1;0;1;0;1;2;-25,449564;-49,236427;"SPRF-PR";"DEL01-PR";"UOP07-DEL01-PR"
274299;2020-03-09;"segunda-feira";"12:15:00";"TO";153;669;"GURUPI";"Falta de Atenção à Condução";"Colisão traseira";"Com Vítimas Feridas";"Pleno dia";"Decrescente";"Céu Claro";"Dupla";"Retorno Regulamentado";"Sim";2;0;1;0;1;0;1;2;-11,70103104;-49,07271583;"SPRF-TO";"DEL01-TO";"UOP02-DEL01-TO"
274300;2020-03-09;"segunda-feira";"10:05:00";"PR";277;348,8;"GUARAPUAVA";"Falta de Atenção à Condução";"Colisão transversal";"Com Vítimas Feridas";"Pleno dia";"Decrescente";"Sol";"Simples";"Interseção de Vias";"Sim";2;0;2;0;0;0;2;2;-25,38506319;-51,51373386;"SPRF-PR";"DEL08-PR";"UOP01-DEL08-PR"
274301;2020-03-09;"segunda-feira";"10:50:00";"PR";376;671,4;"GUARATUBA";"Falta de Atenção à Condução";"Colisão com objeto estático";"Com Vítimas Feridas";"Pleno dia";"Crescente";"Céu Claro";"Dupla";"Reta";"Não";1;0;1;0;0;0;1;1;-25,885323;-48,935154;"SPRF-PR";"DEL01-PR";"UOP04-DEL01-PR"
274304;2020-03-09;"segunda-feira";"13:45:00";"SP";381;42;"ATIBAIA";"Não guardar distância de segurança";"Colisão traseira";"Com Vítimas Feridas";"Pleno dia";"Decrescente";"Sol";"Dupla";"Reta";"Sim";2;0;0;1;1;0;1;2;-23,147306;-46,57493202;"SPRF-SP";"DEL03-SP";"UOP01-DEL03-SP"
274305;2020-03-09;"segunda-feira";"12:00:00";"PB";230;71,3;"SOBRADO";"Defeito na Via";"Tombamento";"Com Vítimas Feridas";"Pleno dia";"Crescente";"Sol";"Dupla";"Reta";"Não";1;0;1;0;0;0;1;1;-7,1901675;-35,24987143;"SPRF-PB";"DEL01-PB";"UOP03-DEL01-PB"
274306;2020-03-09;"segunda-feira";"13:48:00";"RO";364;698;"PORTO VELHO";"Desobediência às normas de trânsito pelo condutor";"Colisão traseira";"Com Vítimas Feridas";"Pleno dia";"Crescente";"Céu Claro";"Dupla";"Curva";"Não";3;0;2;0;1;0;2;2;-8,80298977;-63,75179291;"SPRF-RO";"DEL01-RO";"UOP01-DEL01-RO"
274307;2020-03-09;"segunda-feira";"13:30:00";"RR";174;501,4;"BOA VISTA";"Falta de Atenção à Condução";"Queda de ocupante de veículo";"Com Vítimas Feridas";"Pleno dia";"Crescente";"Céu Claro";"Dupla";"Declive";"Sim";1;0;0;1;0;0;1;1;2,781689;-60,703827;"SPRF-RR";"DEL01-RR";"UOP01-DEL01-RR"
274309;2020-03-09;"segunda-feira";"13:20:00";"GO";50;209,6;"CAMPO ALEGRE DE GOIAS";"Condutor Dormindo";"Saída de leito carroçável";"Com Vítimas Feridas";"Pleno dia";"Crescente";"Céu Claro";"Dupla";"Reta";"Não";1;0;1;0;0;0;1;1;-17,64533071;-47,76031494;"SPRF-GO";"DEL06-GO";"UOP01-DEL06-GO"
274310;2020-03-09;"segunda-feira";"14:47:00";"SP";116;115,4;"TAUBATE";"Falta de Atenção à Condução";"Engavetamento";"Com Vítimas Feridas";"Pleno dia";"Decrescente";"Sol";"Dupla";"Reta";"Sim";5;0;1;0;3;1;1;5;-23,0496047;-45,59973712;"SPRF-SP";"DEL06-SP";"UOP01-DEL06-SP"
274311;2020-03-09;"segunda-feira";"13:50:00";"SC";101;128,8;"BALNEARIO CAMBORIU";"Falta de Atenção à Condução";"Tombamento";"Com Vítimas Feridas";"Pleno dia";"Crescente";"Sol";"Dupla";"Reta";"Não";1;0;1;0;0;0;1;1;-26,97284292;-48,68299451;"SPRF-SC";"DEL04-SC";"UOP03-DEL04-SC"
274312;2020-03-09;"segunda-feira";"14:00:00";"CE";116;2,8;"FORTALEZA";"Não guardar distância de segurança";"Colisão traseira";"Com Vítimas Feridas";"Pleno dia";"Crescente";"Céu Claro";"Múltipla";"Reta";"Sim";2;0;1;0;1;0;1;2;-3,77019802;-38,51724508;"SPRF-CE";"DEL01-CE";"UOP02-DEL01-CE"
274313;2020-03-09;"segunda-feira";"14:45:00";"MA";316;263;"SANTA INES";"Falta de Atenção à Condução";"Colisão lateral";"Com Vítimas Feridas";"Pleno dia";"Crescente";"Chuva";"Simples";"Reta";"Sim";2;0;0;1;1;0;1;2;-3,675226;-45,371643;"SPRF-MA";"DEL02-MA";"UOP01-DEL02-MA"
274315;2020-03-09;"segunda-feira";"14:10:00";"BA";324;560;"AMELIA RODRIGUES";"Falta de Atenção à Condução";"Colisão lateral";"Com Vítimas Feridas";"Pleno dia";"Crescente";"Nublado";"Dupla";"Reta";"Não";2;0;1;0;1;0;1;2;-12,49250283;-38,65366887;"SPRF-BA";"DEL01-BA";"UOP01-DEL01-BA"
274316;2020-03-09;"segunda-feira";"15:00:00";"RS";287;247,8;"SANTA MARIA";"Falta de Atenção à Condução";"Colisão transversal";"Com Vítimas Feridas";"Pleno dia";"Crescente";"Sol";"Simples";"Reta";"Não";2;0;1;0;1;0;1;2;-29,69991534;-53,84176017;"SPRF-RS";"DEL09-RS";"UOP01-DEL09-RS"
274317;2020-03-09;"segunda-feira";"13:45:00";"SC";470;147,9;"AGRONOMICA";"Desobediência às normas de trânsito pelo condutor";"Colisão transversal";"Com Vítimas Feridas";"Pleno dia";"Decrescente";"Sol";"Simples";"Rotatória";"Sim";2;0;1;0;1;0;1;2;-27,243439;-49,690025;"SPRF-SC";"DEL04-SC";"UOP02-DEL04-SC"
274318;2020-03-09;"segunda-feira";"15:00:00";"GO";40;2,7;"VALPARAISO DE GOIAS";"Falta de Atenção à Condução";"Colisão lateral";"Com Vítimas Feridas";"Pleno dia";"Crescente";"Nublado";"Dupla";"Reta";"Sim";3;0;2;0;1;0;2;2;-16,067129;-47,984235;"SPRF-DF";"DEL01-DF";"UOP01-DEL01-DF"
274319;2020-03-09;"segunda-feira";"15:15:00";"PR";277;103,9;"CAMPO LARGO";"Falta de Atenção à Condução";"Colisão lateral";"Com Vítimas Feridas";"Pleno dia";"Crescente";"Céu Claro";"Dupla";"Reta";"Sim";2;0;1;0;1;0;1;2;-25,43205917;-49,40086663;"SPRF-PR";"DEL01-PR";"UOP06-DEL01-PR"
274323;2020-03-09;"segunda-feira";"16:05:00";"PE";423;39,2;"CACHOEIRINHA";"Desobediência às normas de trânsito pelo condutor";"Colisão transversal";"Com Vítimas Feridas";"Pleno dia";"Crescente";"Sol";"Simples";"Reta";"Sim";2;0;0;1;1;0;1;2;-8,48957335;-36,23249049;"SPRF-PE";"DEL03-PE";"UOP01-DEL03-PE"
274324;2020-03-09;"segunda-feira";"15:30:00";"PB";104;107,3;"SAO SEBASTIAO DE LAGOA DE  ROCA";"Desobediência às normas de trânsito pelo condutor";"Colisão transversal";"Com Vítimas Feridas";"Pleno dia";"Decrescente";"Sol";"Simples";"Reta";"Sim";2;0;0;1;1;0;1;2;-7,10299395;-35,8661241;"SPRF-PB";"DEL02-PB";"UOP04-DEL02-PB"
274328;2020-02-03;"segunda-feira";"18:00:00";"ES";101;147;"LINHARES";"Desobediência às normas de trânsito pelo condutor";"Colisão traseira";"Com Vítimas Feridas";"Anoitecer";"Decrescente";"Céu Claro";"Dupla";"Reta";"Sim";5;0;1;0;3;1;1;5;-19,37887202;-40,06657892;"SPRF-ES";"DEL04-ES";"UOP01-DEL04-ES"
274329;2020-03-09;"segunda-feira";"16:10:00";"SC";280;27,3;"ARAQUARI";"Falta de Atenção à Condução";"Colisão transversal";"Com Vítimas Feridas";"Pleno dia";"Decrescente";"Céu Claro";"Simples";"Retorno Regulamentado";"Sim";3;0;2;0;1;0;2;2;-26,39685622;-48,74021969;"SPRF-SC";"DEL03-SC";"UOP03-DEL03-SC"
274330;2020-03-09;"segunda-feira";"11:25:00";"SC";470;144,5;"RIO DO SUL";"Falta de Atenção à Condução";"Colisão frontal";"Com Vítimas Feridas";"Pleno dia";"Decrescente";"Sol";"Simples";"Reta";"Sim";2;0;2;0;0;0;2;2;-27,235138;-49,677608;"SPRF-SC";"DEL04-SC";"UOP02-DEL04-SC"
274331;2020-03-09;"segunda-feira";"15:15:00";"RJ";116;73,5;"TERESOPOLIS";"Condutor Dormindo";"Saída de leito carroçável";"Com Vítimas Feridas";"Pleno dia";"Crescente";"Nublado";"Simples";"Reta";"Não";1;0;1;0;0;0;1;1;-22,34517998;-42,93968184;"SPRF-RJ";"DEL04-RJ";"UOP01-DEL04-RJ"
274332;2020-03-09;"segunda-feira";"16:40:00";"SC";101;213,3;"PALHOCA";"Não guardar distância de segurança";"Colisão lateral";"Com Vítimas Feridas";"Pleno dia";"Decrescente";"Céu Claro";"Múltipla";"Reta";"Sim";2;0;1;0;1;0;1;2;-27,63951209;-48,66677284;"SPRF-SC";"DEL01-SC";"UOP02-DEL01-SC"
274334;2020-03-09;"segunda-feira";"16:45:00";"RS";285;456,4;"IJUI";"Falta de Atenção à Condução";"Colisão transversal";"Com Vítimas Feridas";"Pleno dia";"Decrescente";"Sol";"Simples";"Reta";"Sim";3;0;2;0;1;0;2;2;-28,39105116;-53,89395833;"SPRF-RS";"DEL10-RS";"UOP01-DEL10-RS"
274336;2020-03-07;"sábado";"03:30:00";"MS";163;610;"SAO GABRIEL DO OESTE";"Animais na Pista";"Atropelamento de Animal";"Com Vítimas Feridas";"Plena Noite";"Decrescente";"Céu Claro";"Simples";"Reta";"Não";1;0;1;0;0;0;1;1;-19,43415896;-54,53706196;"SPRF-MS";"DEL06-MS";"UOP02-DEL06-MS"
274337;2020-03-08;"domingo";"19:20:00";"SP";116;291;"ITAPECERICA DA SERRA";"Desobediência às normas de trânsito pelo condutor";"Colisão lateral";"Sem Vítimas";"Plena Noite";"Decrescente";"Céu Claro";"Dupla";"Aclive";"Sim";4;0;0;0;2;2;0;2;-23,73826593;-46,89672721;"SPRF-SP";"DEL04-SP";"UOP01-DEL04-SP"
274338;2020-03-09;"segunda-feira";"17:10:00";"SC";101;214;"PALHOCA";"Falta de Atenção à Condução";"Queda de ocupante de veículo";"Com Vítimas Feridas";"Pleno dia";"Decrescente";"Céu Claro";"Múltipla";"Reta";"Não";2;0;1;0;1;0;1;2;-27,64443;-48,67057;"SPRF-SC";"DEL01-SC";"UOP02-DEL01-SC"
274339;2020-03-09;"segunda-feira";"17:20:00";"SP";381;71;"MAIRIPORA";"Pista Escorregadia";"Colisão traseira";"Com Vítimas Feridas";"Pleno dia";"Decrescente";"Céu Claro";"Dupla";"Curva";"Sim";4;0;1;0;3;0;1;3;-23,35047979;-46,55267274;"SPRF-SP";"DEL03-SP";"UOP01-DEL03-SP"
274340;2020-03-09;"segunda-feira";"17:15:00";"SP";381;86,4;"SAO PAULO";"Velocidade Incompatível";"Colisão lateral";"Com Vítimas Feridas";"Pleno dia";"Decrescente";"Céu Claro";"Múltipla";"Curva";"Sim";2;0;1;0;1;0;1;2;-23,45930499;-46,57161179;"SPRF-SP";"DEL03-SP";"UOP01-DEL03-SP"