"id";"data_inversa";"dia_semana";"horario";"uf";"br";"km";"municipio";"causa_acidente";"tipo_acidente";"classificacao_acidente";"fase_dia";"sentido_via";"condicao_metereologica";"tipo_pista";"tracado_via";"uso_solo";"pessoas";"mortos";"feridos_leves";"feridos_graves";"ilesos";"ignorados";"feridos";"veiculos";"latitude";"longitude";"regional";"delegacia";"uop"
274341;2020-03-09;"segunda-feira";"16:30:00";"SC";101;203;"SAO JOSE";"Falta de Atenção à Condução";"Colisão traseira";"Com Vítimas Feridas";"Pleno dia";"Decrescente";"Céu Claro";"Simples";"Reta";"Sim";3;0;1;0;2;0;1;3;-27,5650044;-48,61460082;"SPRF-SC";"DEL01-SC";"UOP01-DEL01-SC"
274342;2020-03-09;"segunda-feira";"16:05:00";"SC";101;145;"ITAPEMA";"Falta de Atenção à Condução";"Tombamento";"Com Vítimas Feridas";"Pleno dia";"Decrescente";"Nublado";"Dupla";"Reta";"Não";1;0;1;0;0;0;1;1;-27,08139206;-48,60130993;"SPRF-SC";"DEL04-SC";"UOP03-DEL04-SC"
274343;2020-03-09;"segunda-feira";"16:30:00";"SC";101;131;"BALNEARIO CAMBORIU";"Falta de Atenção à Condução";"Colisão lateral";"Com Vítimas Feridas";"Pleno dia";"Crescente";"Nublado";"Dupla";"Reta";"Não";2;0;1;0;1;0;1;2;-26,99064209;-48,66310912;"SPRF-SC";"DEL04-SC";"UOP03-DEL04-SC"
274344;2020-03-09;"segunda-feira";"17:40:00";"SC";280;25,4;"ARAQUARI";"Desobediência às normas de trânsito pelo condutor";"Colisão transversal";"Com Vítimas Feridas";"Pleno dia";"Crescente";"Céu Claro";"Simples";"Reta";"Sim";2;0;1;0;1;0;1;2;-26,386122;-48,729744;"SPRF-SC";"DEL03-SC";"UOP03-DEL03-SC"
274345;2020-03-09;"segunda-feira";"16:00:00";"SC";101;145;"ITAPEMA";"Desobediência às normas de trânsito pelo condutor";"Colisão traseira";"Com Vítimas Feridas";"Pleno dia";"Decrescente";"Sol";"Múltipla";"Declive";"Sim";3;0;1;0;2;0;1;3;-27,08139206;-48,60130993;"SPRF-SC";"DEL04-SC";"UOP03-DEL04-SC"
274346;2020-03-09;"segunda-feira";"17:10:00";"RJ";116;178;"NOVA IGUACU";"Não guardar distância de segurança";"Colisão lateral";"Com Vítimas Feridas";"Anoitecer";"Crescente";"Céu Claro";"Dupla";"Reta";"Sim";3;0;0;2;1;0;2;2;-22,77496393;-43,40081465;"SPRF-RJ";"DEL01-RJ";"UOP02-DEL01-RJ"
274347;2020-03-09;"segunda-feira";"15:40:00";"SP";116;109,9;"TAUBATE";"Avarias e/ou desgaste excessivo no pneu";"Tombamento";"Com Vítimas Feridas";"Pleno dia";"Decrescente";"Nublado";"Dupla";"Reta";"Sim";1;0;0;1;0;0;1;1;-23,02871304;-45,54517097;"SPRF-SP";"DEL06-SP";"UOP01-DEL06-SP"
274350;2020-03-09;"segunda-feira";"17:30:00";"PR";373;172;"PONTA GROSSA";"Falta de Atenção à Condução";"Engavetamento";"Com Vítimas Feridas";"Pleno dia";"Decrescente";"Céu Claro";"Múltipla";"Reta";"Sim";5;0;1;0;4;0;1;5;-25,08139932;-50,19200981;"SPRF-PR";"DEL03-PR";"UOP01-DEL03-PR"
274353;2020-03-09;"segunda-feira";"17:20:00";"GO";153;501;"GOIANIA";"Falta de Atenção à Condução";"Engavetamento";"Com Vítimas Feridas";"Pleno dia";"Crescente";"Sol";"Dupla";"Reta";"Sim";4;0;0;1;3;0;1;3;-16,7189;-49,2382;"SPRF-GO";"DEL01-GO";"UOP01-DEL01-GO"
274354;2020-03-09;"segunda-feira";"08:30:00";"TO";153;399;"RIO DOS BOIS";"Pista Escorregadia";"Tombamento";"Com Vítimas Feridas";"Pleno dia";"Decrescente";"Céu Claro";"Simples";"Curva";"Não";1;0;1;0;0;0;1;1;-9,40170108;-48,56607088;"SPRF-TO";"DEL02-TO";"UOP02-DEL02-TO"
274355;2020-03-09;"segunda-feira";"18:20:00";"SC";101;136;"BALNEARIO CAMBORIU";"Desobediência às normas de trânsito pelo condutor";"Colisão traseira";"Com Vítimas Feridas";"Anoitecer";"Decrescente";"Céu Claro";"Dupla";"Reta";"Sim";3;0;1;0;2;0;1;3;-27,008113;-48,617245;"SPRF-SC";"DEL04-SC";"UOP03-DEL04-SC"
274356;2020-03-09;"segunda-feira";"13:50:00";"SC";101;357;"SANGAO";"Objeto estático sobre o leito carroçável";"Colisão com objeto estático";"Sem Vítimas";"Pleno dia";"Crescente";"Céu Claro";"Dupla";"Curva";"Não";1;0;0;0;1;0;0;1;-28,635168;-49,09467;"SPRF-SC";"DEL02-SC";"UOP01-DEL02-SC"
274358;2020-03-09;"segunda-feira";"18:15:00";"SC";280;25,6;"ARAQUARI";"Desobediência às normas de trânsito pelo condutor";"Colisão lateral";"Com Vítimas Feridas";"Anoitecer";"Crescente";"Céu Claro";"Simples";"Reta";"Sim";3;0;1;0;2;0;1;2;-26,38352781;-48,72677516;"SPRF-SC";"DEL03-SC";"UOP03-DEL03-SC"
274359;2020-03-09;"segunda-feira";"13:00:00";"RR";174;285,5;"CARACARAI";"Falta de Atenção à Condução";"Saída de leito carroçável";"Com Vítimas Feridas";"Pleno dia";"Decrescente";"Céu Claro";"Simples";"Reta";"Não";1;0;1;0;0;0;1;1;1,413336;-60,663815;"SPRF-RR";"DEL01-RR";"UOP01-DEL01-RR"
274360;2020-03-09;"segunda-feira";"18:00:00";"GO";364;227,7;"JATAI";"Ultrapassagem Indevida";"Saída de leito carroçável";"Com Vítimas Feridas";"Anoitecer";"Crescente";"Céu Claro";"Simples";"Reta";"Não";2;0;1;0;1;0;1;1;-17,816383;-51,975555;"SPRF-GO";"DEL05-GO";"UOP01-DEL05-GO"
274361;2020-03-09;"segunda-feira";"18:30:00";"PE";101;86,4;"JABOATAO DOS GUARARAPES";"Falta de Atenção à Condução";"Saída de leito carroçável";"Com Vítimas Fatais";"Plena Noite";"Crescente";"Céu Claro";"Dupla";"Reta";"Não";2;1;0;0;0;1;0;1;-8,18470013;-34,96816895;"SPRF-PE";"DEL01-PE";"UOP03-DEL01-PE"
274362;2020-03-09;"segunda-feira";"17:10:00";"BA";418;78;"NOVA VICOSA";"Pista Escorregadia";"Saída de leito carroçável";"Com Vítimas Feridas";"Plena Noite";"Crescente";"Chuva";"Simples";"Reta";"Não";3;0;3;0;0;0;3;1;-17,86206455;-39,74336623;"SPRF-BA";"DEL09-BA";"UOP02-DEL09-BA"
274363;2020-03-09;"segunda-feira";"18:50:00";"SC";101;120,4;"ITAJAI";"Falta de Atenção à Condução";"Colisão lateral";"Com Vítimas Feridas";"Plena Noite";"Crescente";"Céu Claro";"Dupla";"Reta";"Sim";2;0;1;0;1;0;1;2;-26,912758;-48,711998;"SPRF-SC";"DEL04-SC";"UOP04-DEL04-SC"
274364;2020-03-09;"segunda-feira";"18:00:00";"PR";369;147,6;"LONDRINA";"Não guardar distância de segurança";"Colisão traseira";"Sem Vítimas";"Anoitecer";"Crescente";"Céu Claro";"Dupla";"Reta";"Sim";2;0;0;0;2;0;0;2;-23,29295365;-51,14013433;"SPRF-PR";"DEL07-PR";"UOP01-DEL07-PR"
274365;2020-03-09;"segunda-feira";"18:40:00";"SP";116;223;"GUARULHOS";"Falta de Atenção à Condução";"Colisão lateral";"Sem Vítimas";"Anoitecer";"Decrescente";"Céu Claro";"Múltipla";"Reta";"Não";2;0;0;0;2;0;0;2;-23,47559815;-46,5246609;"SPRF-SP";"DEL01-SP";"UOP01-DEL01-SP"
274366;2020-03-09;"segunda-feira";"17:00:00";"PR";153;18;"JACAREZINHO";"Velocidade Incompatível";"Colisão com objeto estático";"Sem Vítimas";"Pleno dia";"Decrescente";"Céu Claro";"Simples";"Retorno Regulamentado";"Sim";1;0;0;0;1;0;0;1;-23,14321582;-49,94911225;"SPRF-PR";"DEL07-PR";"UOP04-DEL07-PR"
274367;2020-03-09;"segunda-feira";"18:40:00";"CE";222;12,2;"CAUCAIA";"Desobediência às normas de trânsito pelo condutor";"Colisão frontal";"Com Vítimas Feridas";"Plena Noite";"Decrescente";"Céu Claro";"Dupla";"Curva";"Não";2;0;0;1;1;0;1;2;-3,76479979;-38,66897196;"SPRF-CE";"DEL01-CE";"UOP01-DEL01-CE"
274369;2020-03-09;"segunda-feira";"18:45:00";"PR";369;32,5;"CAMBARA";"Falta de Atenção à Condução";"Colisão transversal";"Com Vítimas Fatais";"Plena Noite";"Crescente";"Céu Claro";"Simples";"Curva";"Não";4;1;1;0;1;1;1;3;-23,034075;-50,197507;"SPRF-PR";"DEL07-PR";"UOP05-DEL07-PR"
274373;2020-03-09;"segunda-feira";"20:00:00";"SE";101;86,6;"NOSSA SENHORA DO SOCORRO";"Defeito na Via";"Tombamento";"Com Vítimas Feridas";"Plena Noite";"Decrescente";"Céu Claro";"Dupla";"Em Obras";"Não";1;0;1;0;0;0;1;1;-10,85236473;-37,13618222;"SPRF-SE";"DEL01-SE";"UOP01-DEL01-SE"
274376;2020-03-09;"segunda-feira";"19:30:00";"TO";242;459,2;"FORMOSO DO ARAGUAIA";"Falta de Atenção à Condução";"Colisão frontal";"Com Vítimas Fatais";"Plena Noite";"Decrescente";"Céu Claro";"Simples";"Reta";"Não";5;1;2;0;0;2;2;2;-11,80496481;-49,58163798;"SPRF-TO";"DEL01-TO";"UOP02-DEL01-TO"
274377;2020-03-09;"segunda-feira";"17:20:00";"PR";369;144,9;"LONDRINA";"Falta de Atenção à Condução";"Colisão traseira";"Com Vítimas Feridas";"Pleno dia";"Crescente";"Céu Claro";"Dupla";"Reta";"Não";2;0;1;0;1;0;1;2;-23,29343035;-51,10372066;"SPRF-PR";"DEL07-PR";"UOP01-DEL07-PR"
274379;2020-03-09;"segunda-feira";"16:40:00";"MG";116;252,3;"TEOFILO OTONI";"Pista Escorregadia";"Saída de leito carroçável";"Com Vítimas Feridas";"Pleno dia";"Decrescente";"Céu Claro";"Simples";"Reta";"Não";1;0;1;0;0;0;1;1;-17,65912302;-41,49556794;"SPRF-MG";"DEL11-MG";"UOP01-DEL11-MG"
274380;2020-03-09;"segunda-feira";"18:30:00";"PB";230;238,9;"JUAZEIRINHO";"Ingestão de Álcool";"Colisão traseira";"Com Vítimas Feridas";"Plena Noite";"Crescente";"Céu Claro";"Simples";"Reta";"Não";2;0;0;1;0;1;1;2;-7,0543;-36,5494;"SPRF-PB";"DEL02-PB";"UOP02-DEL02-PB"
274381;2020-03-09;"segunda-feira";"20:20:00";"RJ";101;412;"ITAGUAI";"Falta de Atenção do Pedestre";"Atropelamento de Pedestre";"Com Vítimas Fatais";"Plena Noite";"Decrescente";"Nublado";"Dupla";"Reta";"Sim";2;1;0;0;1;0;0;2;-22,89720365;-43,85639217;"SPRF-RJ";"DEL03-RJ";"UOP01-DEL03-RJ"
274383;2020-03-09;"segunda-feira";"19:00:00";"RJ";356;58;"ITAPERUNA";"Defeito na Via";"Saída de leito carroçável";"Com Vítimas Feridas";"Plena Noite";"Crescente";"Nublado";"Simples";"Curva";"Não";3;0;2;1;0;0;3;1;-21,29143604;-41,71175506;"SPRF-RJ";"DEL08-RJ";"UOP03-DEL08-RJ"
274384;2020-03-09;"segunda-feira";"19:10:00";"SP";116;64;"GUARATINGUETA";"Falta de Atenção à Condução";"Colisão lateral";"Com Vítimas Feridas";"Anoitecer";"Crescente";"Nublado";"Dupla";"Viaduto";"Sim";1;0;1;0;0;0;1;1;-22,82280558;-45,19138098;"SPRF-SP";"DEL08-SP";"UOP01-DEL08-SP"
274385;2020-03-09;"segunda-feira";"07:15:00";"SC";101;327,9;"CAPIVARI DE BAIXO";"Falta de Atenção à Condução";"Tombamento";"Com Vítimas Feridas";"Plena Noite";"Crescente";"Céu Claro";"Dupla";"Interseção de Vias";"Sim";1;0;0;1;0;0;1;1;-28,43023306;-48,95205197;"SPRF-SC";"DEL02-SC";"UOP01-DEL02-SC"
274387;2020-03-09;"segunda-feira";"21:45:00";"GO";40;12,6;"LUZIANIA";"Falta de Atenção à Condução";"Colisão transversal";"Com Vítimas Feridas";"Plena Noite";"Crescente";"Céu Claro";"Dupla";"Reta";"Sim";3;0;1;0;0;2;1;3;-16,145123;-47,945382;"SPRF-DF";"DEL01-DF";"UOP01-DEL01-DF"
274388;2020-03-07;"sábado";"20:30:00";"BA";324;559;"SAO SEBASTIAO DO PASSE";"Velocidade Incompatível";"Saída de leito carroçável";"Sem Vítimas";"Plena Noite";"Decrescente";"Céu Claro";"Dupla";"Reta";"Não";1;0;0;0;1;0;0;1;-12,48716788;-38,66087791;"SPRF-BA";"DEL01-BA";"UOP01-DEL01-BA"
274390;2020-03-09;"segunda-feira";"22:15:00";"MG";40;485,5;"SETE LAGOAS";"Objeto estático sobre o leito carroçável";"Saída de leito carroçável";"Com Vítimas Feridas";"Plena Noite";"Decrescente";"Nublado";"Dupla";"Declive";"Não";2;0;1;1;0;0;2;1;-19,584728;-44,228148;"SPRF-MG";"DEL02-MG";"UOP01-DEL02-MG"
274391;2020-03-09;"segunda-feira";"19:10:00";"MG";381;548;"RIO MANSO";"Velocidade Incompatível";"Saída de leito carroçável";"Com Vítimas Feridas";"Plena Noite";"Crescente";"Nublado";"Dupla";"Reta";"Não";1;0;1;0;0;0;1;1;-20,284123;-44,432099;"SPRF-MG";"DEL04-MG";"UOP03-DEL04-MG"
274392;2020-03-09;"segunda-feira";"21:30:00";"BA";101;363;"GANDU";"Falta de Atenção à Condução";"Colisão transversal";"Com Vítimas Feridas";"Plena Noite";"Decrescente";"Céu Claro";"Simples";"Reta";"Sim";6;0;1;1;4;0;2;2;-13,856841;-39,49252598;"SPRF-BA";"DEL05-BA";"UOP03-DEL05-BA"
274393;2020-03-09;"segunda-feira";"20:00:00";"MG";153;17;"ARAPORA";"Desobediência às normas de trânsito pelo condutor";"Colisão frontal";"Com Vítimas Feridas";"Pleno dia";"Decrescente";"Céu Claro";"Dupla";"Reta";"Não";4;0;1;0;3;0;1;2;-18,569555;-49,193806;"SPRF-MG";"DEL15-MG";"UOP03-DEL15-MG"
274395;2020-03-09;"segunda-feira";"22:10:00";"PR";476;153,6;"ARAUCARIA";"Ultrapassagem Indevida";"Colisão frontal";"Com Vítimas Feridas";"Pleno dia";"Decrescente";"Céu Claro";"Simples";"Reta";"Sim";3;0;0;2;0;1;2;3;-25,577307;-49,392338;"SPRF-PR";"DEL01-PR";"UOP06-DEL01-PR"
274396;2020-03-09;"segunda-feira";"21:20:00";"MG";153;239;"FRONTEIRA";"Animais na Pista";"Atropelamento de Animal";"Com Vítimas Feridas";"Plena Noite";"Crescente";"Céu Claro";"Simples";"Reta";"Não";1;0;1;0;0;0;1;1;-20,29847332;-49,20614844;"SPRF-MG";"DEL13-MG";"UOP02-DEL13-MG"
274397;2020-03-09;"segunda-feira";"20:00:00";"MG";153;246;"FRONTEIRA";"Falta de Atenção à Condução";"Colisão transversal";"Com Vítimas Feridas";"Plena Noite";"Decrescente";"Céu Claro";"Simples";"Interseção de Vias";"Sim";2;0;1;0;1;0;1;2;-20,29847332;-49,20614844;"SPRF-MG";"DEL13-MG";"UOP02-DEL13-MG"
274398;2020-03-09;"segunda-feira";"20:50:00";"SC";101;314,7;"LAGUNA";"Animais na Pista";"Atropelamento de Animal";"Com Vítimas Feridas";"Plena Noite";"Crescente";"Céu Claro";"Simples";"Reta;Aclive";"Não";1;0;1;0;0;0;1;1;-28,42944906;-48,84727478;"SPRF-SC";"DEL02-SC";"UOP01-DEL02-SC"
274399;2020-03-10;"terça-feira";"00:25:00";"SC";101;7;"GARUVA";"Defeito Mecânico no Veículo";"Incêndio";"Sem Vítimas";"Plena Noite";"Decrescente";"Nublado";"Dupla";"Reta";"Não";1;0;0;0;1;0;0;1;-26,03593;-48,860302;"SPRF-SC";"DEL03-SC";"UOP01-DEL03-SC"
274403;2020-03-09;"segunda-feira";"15:00:00";"MA";402;5;"ROSARIO";"Falta de Atenção à Condução";"Colisão lateral";"Com Vítimas Feridas";"Pleno dia";"Crescente";"Garoa/Chuvisco";"Simples";"Reta";"Sim";2;0;1;0;1;0;1;2;-2,950777;-44,28315;"SPRF-MA";"DEL01-MA";"UOP01-DEL01-MA"
274407;2020-03-10;"terça-feira";"04:00:00";"SC";101;455;"SAO JOAO DO SUL";"Ingestão de Álcool";"Colisão traseira";"Sem Vítimas";"Plena Noite";"Crescente";"Céu Claro";"Dupla";"Reta";"Sim";2;0;0;0;2;0;0;2;-29,21440894;-49,75853816;"SPRF-SC";"DEL02-SC";"UOP02-DEL02-SC"
274408;2020-03-10;"terça-feira";"05:00:00";"RJ";101;300;"SAO GONCALO";"Desobediência às normas de trânsito pelo pedestre";"Atropelamento de Pedestre";"Com Vítimas Feridas";"Plena Noite";"Crescente";"Nevoeiro/Neblina";"Dupla";"Aclive";"Sim";3;0;0;1;2;0;1;2;-22,77645713;-42,94783697;"SPRF-RJ";"DEL02-RJ";"UOP01-DEL02-RJ"
274411;2020-03-10;"terça-feira";"05:41:00";"PR";369;178,2;"ROLANDIA";"Falta de Atenção do Pedestre";"Atropelamento de Pedestre";"Com Vítimas Fatais";"Amanhecer";"Decrescente";"Céu Claro";"Dupla";"Reta";"Não";3;1;1;0;1;0;1;3;-23,35695231;-51,39475107;"SPRF-PR";"DEL07-PR";"UOP01-DEL07-PR"
274415;2020-03-10;"terça-feira";"02:50:00";"RJ";101;252;"RIO BONITO";"Condutor Dormindo";"Colisão com objeto estático";"Com Vítimas Feridas";"Plena Noite";"Crescente";"Céu Claro";"Dupla";"Reta";"Não";2;0;2;0;0;0;2;1;-22,68214756;-42,53377419;"SPRF-RJ";"DEL02-RJ";"UOP03-DEL02-RJ"
274417;2020-03-10;"terça-feira";"06:50:00";"DF";70;4,8;"BRASILIA";"Falta de Atenção do Pedestre";"Atropelamento de Pedestre";"Com Vítimas Feridas";"Pleno dia";"Decrescente";"Céu Claro";"Dupla";"Reta";"Sim";2;0;1;1;0;0;2;2;-15,798115;-48,089317;"SPRF-DF";"DEL03-DF";"UOP02-DEL03-DF"
274419;2020-03-10;"terça-feira";"06:30:00";"CE";222;9,1;"CAUCAIA";"Falta de Atenção à Condução";"Saída de leito carroçável";"Sem Vítimas";"Pleno dia";"Decrescente";"Céu Claro";"Dupla";"Reta";"Sim";2;0;0;0;1;1;0;2;-3,75831688;-38,64719868;"SPRF-CE";"DEL01-CE";"UOP01-DEL01-CE"
274420;2020-03-10;"terça-feira";"06:30:00";"TO";153;137;"ARAGUAINA";"Não guardar distância de segurança";"Colisão lateral";"Com Vítimas Feridas";"Amanhecer";"Decrescente";"Nublado";"Dupla";"Declive";"Não";2;0;1;0;1;0;1;2;-7,14630299;-48,20255603;"SPRF-TO";"DEL02-TO";"UOP01-DEL02-TO"
274421;2020-03-10;"terça-feira";"06:10:00";"PE";232;97,6;"BEZERROS";"Condutor Dormindo";"Saída de leito carroçável";"Com Vítimas Feridas";"Amanhecer";"Decrescente";"Sol";"Dupla";"Reta";"Não";2;0;1;0;1;0;1;1;-8,23379718;-35,71628894;"SPRF-PE";"DEL02-PE";"UOP02-DEL02PE"
274422;2020-01-15;"quarta-feira";"20:04:00";"PB";230;17,5;"JOAO PESSOA";"Não guardar distância de segurança";"Colisão com objeto estático";"Com Vítimas Feridas";"Plena Noite";"Crescente";"Céu Claro";"Dupla";"Retorno Regulamentado";"Sim";3;0;1;0;2;0;1;2;-7,11827333;-34,84420365;"SPRF-PB";"DEL01-PB";"UOP01-DEL01-PB"
274423;2020-03-10;"terça-feira";"07:40:00";"SC";101;148;"ITAPEMA";"Falta de Atenção à Condução";"Colisão transversal";"Com Vítimas Feridas";"Pleno dia";"Crescente";"Sol";"Simples";"Reta";"Não";2;0;1;0;1;0;1;2;-27,10123686;-48,61807962;"SPRF-SC";"DEL04-SC";"UOP03-DEL04-SC"
274424;2020-03-10;"terça-feira";"07:55:00";"SC";101;138;"BALNEARIO CAMBORIU";"Falta de Atenção à Condução";"Colisão lateral";"Com Vítimas Feridas";"Pleno dia";"Decrescente";"Céu Claro";"Múltipla";"Reta";"Sim";3;0;2;0;1;0;2;2;-27,02397426;-48,60761649;"SPRF-SC";"DEL04-SC";"UOP03-DEL04-SC"
274425;2020-03-10;"terça-feira";"05:40:00";"PI";343;291;"ALTOS";"Não guardar distância de segurança";"Colisão traseira";"Sem Vítimas";"Amanhecer";"Crescente";"Nublado";"Simples";"Reta";"Não";2;0;0;0;2;0;0;2;-4,952586;-42,353409;"SPRF-PI";"DEL01-PI";"UOP03-DEL01-PI"
274426;2020-03-10;"terça-feira";"07:20:00";"SC";101;204;"SAO JOSE";"Avarias e/ou desgaste excessivo no pneu";"Queda de ocupante de veículo";"Com Vítimas Feridas";"Pleno dia";"Decrescente";"Céu Claro";"Múltipla";"Reta";"Sim";2;0;1;1;0;0;2;1;-27,57413014;-48,61363083;"SPRF-SC";"DEL01-SC";"UOP01-DEL01-SC"
274427;2020-03-10;"terça-feira";"08:00:00";"PR";116;131;"CURITIBA";"Falta de Atenção à Condução";"Queda de ocupante de veículo";"Com Vítimas Feridas";"Pleno dia";"Crescente";"Sol";"Múltipla";"Reta";"Sim";1;0;1;0;0;0;1;1;-25,648307;-49,31251207;"SPRF-PR";"DEL01-PR";"UOP03-DEL01-PR"
274428;2020-03-10;"terça-feira";"07:30:00";"SC";101;211,7;"PALHOCA";"Falta de Atenção à Condução";"Colisão traseira";"Com Vítimas Feridas";"Pleno dia";"Decrescente";"Sol";"Dupla";"Reta";"Sim";2;0;1;0;1;0;1;2;-27,62329313;-48,65245588;"SPRF-SC";"DEL01-SC";"UOP02-DEL01-SC"
274429;2020-03-10;"terça-feira";"05:15:00";"PA";222;234;"MARABA";"Falta de Atenção à Condução";"Colisão traseira";"Com Vítimas Feridas";"Plena Noite";"Decrescente";"Chuva";"Simples";"Reta";"Não";3;0;1;1;1;0;2;2;-5,269228;-49,070427;"SPRF-PA";"DEL03-PA";"UOP01-DEL03-PA"
274432;2020-03-10;"terça-feira";"08:00:00";"GO";60;81,6;"ANAPOLIS";"Defeito Mecânico no Veículo";"Tombamento";"Com Vítimas Feridas";"Pleno dia";"Crescente";"Céu Claro";"Dupla";"Curva";"Não";2;0;2;0;0;0;2;1;-16,3116;-48,8277;"SPRF-GO";"DEL02-GO";"UOP01-DEL02-GO"
274433;2020-03-10;"terça-feira";"08:00:00";"CE";222;35,8;"CAUCAIA";"Defeito Mecânico no Veículo";"Incêndio";"Sem Vítimas";"Pleno dia";"Crescente";"Sol";"Dupla";"Rotatória";"Não";1;0;0;0;1;0;0;1;-3,700936;-38,8647996;"SPRF-CE";"DEL01-CE";"UOP01-DEL01-CE"
274434;2020-03-10;"terça-feira";"08:35:00";"PR";277;589;"CASCAVEL";"Desobediência às normas de trânsito pelo condutor";"Colisão transversal";"Sem Vítimas";"Pleno dia";"Crescente";"Sol";"Simples";"Interseção de Vias";"Não";3;0;0;0;3;0;0;3;-24,97777319;-53,44688591;"SPRF-PR";"DEL04-PR";"UOP01-DEL04-PR"
274435;2020-03-10;"terça-feira";"08:15:00";"RS";116;259;"CANOAS";"Não guardar distância de segurança";"Colisão lateral";"Com Vítimas Feridas";"Pleno dia";"Crescente";"Céu Claro";"Dupla";"Reta";"Sim";3;0;2;0;1;0;2;2;-29,870408;-51,179909;"SPRF-RS";"DEL01-RS";"UOP02-DEL01-RS"
274437;2020-03-10;"terça-feira";"08:40:00";"BA";324;512,5;"FEIRA DE SANTANA";"Falta de Atenção à Condução";"Tombamento";"Com Vítimas Feridas";"Pleno dia";"Decrescente";"Céu Claro";"Simples";"Rotatória";"Sim";2;0;1;0;1;0;1;2;-12,22584428;-38,96500584;"SPRF-BA";"DEL02-BA";"UOP01-DEL02-BA"
274442;2020-02-23;"domingo";"04:20:00";"MG";116;274;"TEOFILO OTONI";"Pista Escorregadia";"Tombamento";"Com Vítimas Feridas";"Plena Noite";"Decrescente";"Chuva";"Múltipla";"Reta";"Sim";1;0;0;1;0;0;1;1;-17,83384514;-41,51094368;"SPRF-MG";"DEL11-MG";"UOP01-DEL11-MG"
274443;2020-03-10;"terça-feira";"09:00:00";"PB";104;133;"QUEIMADAS";"Falta de Atenção à Condução";"Colisão traseira";"Com Vítimas Feridas";"Pleno dia";"Decrescente";"Céu Claro";"Simples";"Reta";"Sim";4;0;1;0;3;0;1;3;-7,31674795;-35,89500926;"SPRF-PB";"DEL02-PB";"UOP03-DEL02-PB"
274444;2020-03-10;"terça-feira";"09:15:00";"PE";101;70,8;"RECIFE";"Desobediência às normas de trânsito pelo condutor";"Colisão transversal";"Com Vítimas Feridas";"Pleno dia";"Crescente";"Céu Claro";"Simples";"Reta";"Sim";2;0;1;0;1;0;1;2;-8,074833;-34,945673;"SPRF-PE";"DEL01-PE";"UOP01-DEL01-PE"
274446;2020-03-10;"terça-feira";"08:57:00";"RJ";101;317,7;"SAO GONCALO";"Falta de Atenção à Condução";"Colisão traseira";"Com Vítimas Feridas";"Pleno dia";"Crescente";"Sol";"Dupla";"Reta";"Sim";2;0;0;1;1;0;1;2;-22,83707798;-43,09492006;"SPRF-RJ";"DEL02-RJ";"UOP01-DEL02-RJ"
274447;2020-03-10;"terça-feira";"09:00:00";"MS";267;526,8;"JARDIM";"Falta de Atenção à Condução";"Colisão lateral";"Com Vítimas Feridas";"Pleno dia";"Crescente";"Sol";"Simples";"Reta";"Não";3;0;2;0;1;0;2;2;-21,52609479;-56,53704407;"SPRF-MS";"DEL05-MS";"UOP01-DEL05-MS"
274448;2020-03-10;"terça-feira";"09:00:00";"DF";60;2,9;"BRASILIA";"Falta de Atenção à Condução";"Queda de ocupante de veículo";"Com Vítimas Feridas";"Pleno dia";"Decrescente";"Céu Claro";"Dupla";"Reta";"Sim";1;0;1;0;0;0;1;1;-15,887383;-48,077988;"SPRF-DF";"DEL03-DF";"UOP01-DEL03-DF"
274449;2020-01-19;"domingo";"08:00:00";"MG";381;343;"BELA VISTA DE MINAS";"Avarias e/ou desgaste excessivo no pneu";"Colisão frontal";"Com Vítimas Feridas";"Pleno dia";"Decrescente";"Chuva";"Simples";"Curva";"Não";8;0;8;0;0;0;8;2;-19,85906314;-43,10426496;"SPRF-MG";"DEL03-MG";"UOP01-DEL03-MG"
274450;2020-03-10;"terça-feira";"09:30:00";"MG";116;527;"CARATINGA";"Falta de Atenção do Pedestre";"Atropelamento de Pedestre";"Com Vítimas Feridas";"Pleno dia";"Crescente";"Céu Claro";"Simples";"Reta";"Sim";2;0;1;0;1;0;1;2;-19,78510701;-42,13445297;"SPRF-MG";"DEL06-MG";"UOP02-DEL06-MG"
274451;2020-03-10;"terça-feira";"08:15:00";"AC";364;137;"RIO BRANCO";"Falta de Atenção à Condução";"Colisão transversal";"Com Vítimas Feridas";"Pleno dia";"Crescente";"Céu Claro";"Dupla";"Reta";"Sim";3;0;1;0;2;0;1;2;-9,96935404;-67,85264513;"SPRF-AC";"DEL01-AC";"UOP01-DEL01-AC"
274452;2020-03-10;"terça-feira";"10:00:00";"RJ";101;415;"ITAGUAI";"Falta de Atenção à Condução";"Colisão lateral";"Com Vítimas Feridas";"Pleno dia";"Decrescente";"Céu Claro";"Dupla";"Reta";"Não";3;0;2;0;1;0;2;2;-22,90433243;-43,88181398;"SPRF-RJ";"DEL03-RJ";"UOP01-DEL03-RJ"
274453;2020-03-10;"terça-feira";"10:35:00";"CE";20;20;"MARACANAU";"Falta de Atenção à Condução";"Colisão transversal";"Com Vítimas Feridas";"Pleno dia";"Decrescente";"Nublado";"Dupla";"Reta";"Sim";2;0;0;1;1;0;1;2;-3,81669445;-38,63301884;"SPRF-CE";"DEL02-CE";"UOP02-DEL02-CE"