"id";"data_inversa";"dia_semana";"horario";"uf";"br";"km";"municipio";"causa_acidente";"tipo_acidente";"classificacao_acidente";"fase_dia";"sentido_via";"condicao_metereologica";"tipo_pista";"tracado_via";"uso_solo";"pessoas";"mortos";"feridos_leves";"feridos_graves";"ilesos";"ignorados";"feridos";"veiculos";"latitude";"longitude";"regional";"delegacia";"uop"
274574;2020-03-10;"terça-feira";"19:30:00";"MT";158;603;"AGUA BOA";"Deficiência ou não Acionamento do Sistema de Iluminação/Sinalização do Veículo";"Colisão traseira";"Com Vítimas Feridas";"Plena Noite";"Decrescente";"Céu Claro";"Simples";"Reta";"Não";2;0;0;1;1;0;1;2;-14,349377;-52,169106;"SPRF-MT";"DEL07-MT";"UOP02-DEL07-MT"
274577;2020-03-10;"terça-feira";"19:35:00";"RS";386;347,3;"LAJEADO";"Não guardar distância de segurança";"Colisão traseira";"Com Vítimas Feridas";"Plena Noite";"Decrescente";"Céu Claro";"Dupla";"Reta";"Sim";3;0;2;0;1;0;2;2;-29,451736;-51,965893;"SPRF-RS";"DEL04-RS";"UOP01-DEL04-RS"
274578;2020-03-10;"terça-feira";"19:30:00";"GO";414;437;"ANAPOLIS";"Mal Súbito";"Saída de leito carroçável";"Com Vítimas Feridas";"Plena Noite";"Crescente";"Céu Claro";"Simples";"Reta";"Sim";1;0;1;0;0;0;1;1;-16,26365299;-48,93824303;"SPRF-GO";"DEL02-GO";"UOP01-DEL02-GO"
274579;2020-03-10;"terça-feira";"17:20:00";"SC";470;49,4;"BLUMENAU";"Falta de Atenção à Condução";"Colisão lateral";"Com Vítimas Feridas";"Pleno dia";"Crescente";"Céu Claro";"Simples";"Em Obras";"Sim";2;0;1;0;0;1;1;2;-26,86155782;-49,06887889;"SPRF-SC";"DEL04-SC";"UOP01-DEL04-SC"
274580;2020-03-10;"terça-feira";"19:30:00";"MG";153;108;"PRATA";"Falta de Atenção do Pedestre";"Atropelamento de Pedestre";"Com Vítimas Feridas";"Plena Noite";"Crescente";"Céu Claro";"Dupla";"Reta";"Sim";2;0;1;0;1;0;1;2;-19,29530678;-48,90798926;"SPRF-MG";"DEL15-MG";"UOP03-DEL15-MG"
274581;2020-03-10;"terça-feira";"16:30:00";"SC";282;447;"PONTE SERRADA";"Velocidade Incompatível";"Queda de ocupante de veículo";"Com Vítimas Feridas";"Pleno dia";"Decrescente";"Céu Claro";"Simples";"Curva";"Não";1;0;1;0;0;0;1;1;-26,90706931;-51,91177368;"SPRF-SC";"DEL07-SC";"UOP04-DEL07-SC"
274582;2020-03-10;"terça-feira";"10:15:00";"RJ";393;178;"PARAIBA DO SUL";"Desobediência às normas de trânsito pelo condutor";"Colisão frontal";"Com Vítimas Feridas";"Pleno dia";"Crescente";"Sol";"Simples";"Reta;Interseção de Vias";"Sim";2;0;1;0;1;0;1;2;-22,12634272;-43,22811953;"SPRF-RJ";"DEL05-RJ";"UOP03-DEL05-RJ"
274583;2020-03-10;"terça-feira";"19:50:00";"CE";116;6;"FORTALEZA";"Falta de Atenção à Condução";"Colisão traseira";"Com Vítimas Feridas";"Plena Noite";"Crescente";"Ignorado";"Múltipla";"Viaduto";"Sim";2;0;1;0;1;0;1;2;-3,802624;-38,50400499;"SPRF-CE";"DEL01-CE";"UOP02-DEL01-CE"
274585;2020-03-10;"terça-feira";"16:15:00";"SC";280;276,8;"IRINEOPOLIS";"Falta de Atenção à Condução";"Colisão transversal";"Com Vítimas Feridas";"Pleno dia";"Crescente";"Sol";"Simples";"Reta";"Não";2;0;2;0;0;0;2;2;-26,29087561;-50,78962326;"SPRF-SC";"DEL06-SC";"UOP04-DEL06-SC"
274586;2020-03-10;"terça-feira";"20:15:00";"SC";101;120;"ITAJAI";"Falta de Atenção à Condução";"Tombamento";"Com Vítimas Feridas";"Plena Noite";"Decrescente";"Céu Claro";"Dupla";"Reta";"Não";2;0;1;1;0;0;2;1;-26,912758;-48,711998;"SPRF-SC";"DEL04-SC";"UOP04-DEL04-SC"
274587;2020-03-10;"terça-feira";"18:30:00";"RJ";101;328;"RIO DE JANEIRO";"Não guardar distância de segurança";"Colisão traseira";"Com Vítimas Feridas";"Anoitecer";"Decrescente";"Céu Claro";"Múltipla";"Reta";"Sim";3;0;2;0;1;0;2;2;-22,87028692;-43,16579699;"SPRF-RJ";"DEL02-RJ";"UOP01-DEL02-RJ"
274589;2020-03-10;"terça-feira";"20:50:00";"SP";116;2;"GUARULHOS";"Desobediência às normas de trânsito pelo condutor";"Colisão lateral";"Com Vítimas Feridas";"Plena Noite";"Decrescente";"Céu Claro";"Dupla";"Reta";"Sim";2;0;1;0;1;0;1;2;-23,463257;-46,53373;"SPRF-SP";"DEL01-SP";"UOP01-DEL01-SP"
274592;2020-03-10;"terça-feira";"20:00:00";"BA";324;543;"AMELIA RODRIGUES";"Mal Súbito";"Colisão com objeto estático";"Com Vítimas Feridas";"Plena Noite";"Decrescente";"Nublado";"Dupla";"Retorno Regulamentado";"Sim";1;0;1;0;0;0;1;1;-12,39713005;-38,76807002;"SPRF-BA";"DEL01-BA";"UOP01-DEL01-BA"
274596;2020-03-10;"terça-feira";"21:00:00";"SP";381;34;"ATIBAIA";"Desobediência às normas de trânsito pelo pedestre";"Atropelamento de Pedestre";"Com Vítimas Feridas";"Plena Noite";"Crescente";"Céu Claro";"Dupla";"Reta";"Não";2;0;0;1;0;1;1;2;-23,079939;-46,569862;"SPRF-SP";"DEL03-SP";"UOP01-DEL03-SP"
274598;2020-03-10;"terça-feira";"20:30:00";"MG";116;704,6;"MURIAE";"Falta de Atenção à Condução";"Colisão transversal";"Com Vítimas Feridas";"Plena Noite";"Decrescente";"Ignorado";"Simples";"Interseção de Vias";"Sim";2;0;1;0;1;0;1;2;-21,12487715;-42,3814559;"SPRF-MG";"DEL07-MG";"UOP02-DEL07-MG"
274600;2020-03-10;"terça-feira";"20:00:00";"PR";277;428,4;"VIRMOND";"Desobediência às normas de trânsito pelo condutor";"Colisão traseira";"Com Vítimas Feridas";"Plena Noite";"Crescente";"Céu Claro";"Simples";"Reta";"Não";2;0;0;1;0;1;1;2;-25,3777;-52,1894;"SPRF-PR";"DEL04-PR";"UOP02-DEL04-PR"
274602;2020-03-10;"terça-feira";"13:30:00";"MG";251;365;"PADRE CARVALHO";"Falta de Atenção à Condução";"Colisão transversal";"Com Vítimas Feridas";"Pleno dia";"Decrescente";"Céu Claro";"Simples";"Curva";"Não";1;0;0;1;0;0;1;1;-16,26091008;-42,48440817;"SPRF-MG";"DEL12-MG";"UOP01-DEL12-MG"
274603;2020-03-10;"terça-feira";"20:00:00";"SC";163;109,2;"GUARUJA DO SUL";"Desobediência às normas de trânsito pelo condutor";"Colisão lateral";"Com Vítimas Feridas";"Plena Noite";"Decrescente";"Céu Claro";"Simples";"Curva";"Não";7;0;3;1;3;0;4;2;-26,39765512;-53,52473617;"SPRF-SC";"DEL07-SC";"UOP04-DEL07-SC"
274605;2020-03-10;"terça-feira";"18:30:00";"RJ";101;53,7;"CAMPOS DOS GOYTACAZES";"Falta de Atenção à Condução";"Colisão com objeto em movimento";"Com Vítimas Feridas";"Anoitecer";"Decrescente";"Céu Claro";"Simples";"Reta";"Não";1;0;0;1;0;0;1;1;-21,660484;-41,31128898;"SPRF-RJ";"DEL08-RJ";"UOP01-DEL08-RJ"
274606;2020-03-10;"terça-feira";"20:00:00";"GO";158;271;"JATAI";"Ingestão de Álcool";"Queda de ocupante de veículo";"Com Vítimas Feridas";"Plena Noite";"Decrescente";"Céu Claro";"Simples";"Reta";"Sim";1;0;1;0;0;0;1;1;-17,87289539;-51,72987862;"SPRF-GO";"DEL05-GO";"UOP01-DEL05-GO"
274608;2020-03-10;"terça-feira";"22:25:00";"PR";376;176;"MARINGA";"Ingestão de Álcool";"Colisão traseira";"Com Vítimas Feridas";"Plena Noite";"Crescente";"Céu Claro";"Dupla";"Reta";"Sim";3;0;1;0;2;0;1;3;-23,411233;-51,93979;"SPRF-PR";"DEL09-PR";"UOP01-DEL09-PR"
274610;2020-03-10;"terça-feira";"23:00:00";"GO";60;101,1;"ANAPOLIS";"Ingestão de Álcool";"Saída de leito carroçável";"Com Vítimas Feridas";"Plena Noite";"Decrescente";"Céu Claro";"Dupla";"Reta";"Sim";1;0;1;0;0;0;1;1;-16,4022;-48,9745;"SPRF-GO";"DEL02-GO";"UOP01-DEL02-GO"
274611;2020-03-10;"terça-feira";"23:10:00";"SC";101;41;"JOINVILLE";"Defeito Mecânico no Veículo";"Colisão transversal";"Com Vítimas Feridas";"Plena Noite";"Crescente";"Céu Claro";"Simples";"Rotatória";"Sim";2;0;1;0;1;0;1;2;-26,31860481;-48,87224078;"SPRF-SC";"DEL03-SC";"UOP01-DEL03-SC"
274612;2020-03-10;"terça-feira";"21:40:00";"PR";277;343,8;"GUARAPUAVA";"Ingestão de Álcool";"Colisão traseira";"Com Vítimas Feridas";"Plena Noite";"Decrescente";"Céu Claro";"Dupla";"Reta";"Sim";2;0;1;0;0;1;1;2;-25,36388227;-51,47335052;"SPRF-PR";"DEL08-PR";"UOP01-DEL08-PR"
274615;2020-03-10;"terça-feira";"23:30:00";"CE";122;72,7;"IBARETAMA";"Animais na Pista";"Atropelamento de Animal";"Sem Vítimas";"Plena Noite";"Crescente";"Céu Claro";"Simples";"Reta";"Não";3;0;0;0;3;0;0;1;-4,81629073;-38,82250223;"SPRF-CE";"DEL03-CE";"UOP02-DEL03-CE"
274618;2020-03-11;"quarta-feira";"00:30:00";"PI";343;8,7;"PARNAIBA";"Desobediência às normas de trânsito pelo condutor";"Tombamento";"Com Vítimas Feridas";"Plena Noite";"Decrescente";"Céu Claro";"Simples";"Reta";"Sim";1;0;0;1;0;0;1;1;-2,90052423;-41,73019409;"SPRF-PI";"DEL05-PI";"UOP01-DEL05-PI"
274620;2020-03-11;"quarta-feira";"00:40:00";"SP";116;63,6;"GUARATINGUETA";"Falta de Atenção à Condução";"Colisão com objeto estático";"Com Vítimas Feridas";"Plena Noite";"Decrescente";"Nublado";"Dupla";"Reta";"Sim";1;0;0;1;0;0;1;1;-22,81768305;-45,18153191;"SPRF-SP";"DEL08-SP";"UOP01-DEL08-SP"
274621;2020-03-11;"quarta-feira";"02:00:00";"TO";153;147;"ARAGUAINA";"Condutor Dormindo";"Saída de leito carroçável";"Sem Vítimas";"Plena Noite";"Decrescente";"Nublado";"Dupla";"Reta";"Sim";3;0;0;0;3;0;0;1;-7,22175693;-48,24826214;"SPRF-TO";"DEL02-TO";"UOP01-DEL02-TO"
274626;2020-03-11;"quarta-feira";"03:30:00";"PR";376;494,1;"PONTA GROSSA";"Velocidade Incompatível";"Capotamento";"Sem Vítimas";"Plena Noite";"Decrescente";"Céu Claro";"Dupla";"Reta";"Não";1;0;0;0;0;1;0;1;-25,16566955;-50,11640967;"SPRF-PR";"DEL03-PR";"UOP04-DEL03-PR"
274627;2020-03-11;"quarta-feira";"03:40:00";"PE";101;46,7;"IGARASSU";"Falta de Atenção do Pedestre";"Atropelamento de Pedestre";"Sem Vítimas";"Plena Noite";"Decrescente";"Céu Claro";"Múltipla";"Reta";"Sim";3;0;0;0;1;2;0;2;-7,877291;-34,905495;"SPRF-PE";"DEL01-PE";"UOP02-DEL01-PE"
274628;2020-03-11;"quarta-feira";"03:55:00";"MG";267;169,5;"LIMA DUARTE";"Condutor Dormindo";"Saída de leito carroçável";"Com Vítimas Feridas";"Plena Noite";"Crescente";"Céu Claro";"Simples";"Reta";"Não";2;0;2;0;0;0;2;1;-21,85893585;-43,85841402;"SPRF-MG";"DEL05-MG";"UOP01-DEL05-MG"
274630;2020-03-11;"quarta-feira";"04:01:00";"RS";290;107,9;"ELDORADO DO SUL";"Ingestão de Álcool";"Colisão traseira";"Com Vítimas Feridas";"Plena Noite";"Decrescente";"Céu Claro";"Dupla";"Reta";"Não";2;0;1;0;1;0;1;2;-30,001852;-51,304264;"SPRF-RS";"DEL02-RS";"UOP01-DEL02-RS"
274632;2020-03-11;"quarta-feira";"05:35:00";"SC";470;65,3;"INDAIAL";"Velocidade Incompatível";"Colisão traseira";"Com Vítimas Feridas";"Plena Noite";"Decrescente";"Céu Claro";"Simples";"Reta";"Sim";2;0;1;0;0;1;1;2;-26,87088719;-49,21617064;"SPRF-SC";"DEL04-SC";"UOP01-DEL04-SC"
274633;2020-03-11;"quarta-feira";"05:55:00";"SC";470;66,3;"INDAIAL";"Falta de Atenção à Condução";"Saída de leito carroçável";"Com Vítimas Feridas";"Pleno dia";"Crescente";"Nublado";"Simples";"Em Obras;Rotatória";"Sim";1;0;1;0;0;0;1;1;-26,86986532;-49,22443628;"SPRF-SC";"DEL04-SC";"UOP01-DEL04-SC"
274634;2020-03-10;"terça-feira";"18:40:00";"MG";262;477,7;"BOM DESPACHO";"Restrição de Visibilidade";"Colisão transversal";"Com Vítimas Feridas";"Plena Noite";"Decrescente";"Céu Claro";"Simples";"Interseção de Vias";"Não";3;0;1;0;2;0;1;2;-19,78872723;-45,22073799;"SPRF-MG";"DEL08-MG";"UOP03-DEL08-MG"
274635;2020-03-11;"quarta-feira";"06:00:00";"SC";470;50,6;"BLUMENAU";"Falta de Atenção à Condução";"Colisão com objeto estático";"Com Vítimas Feridas";"Amanhecer";"Crescente";"Nublado";"Simples";"Desvio Temporário;Em Obras;Reta";"Sim";1;0;1;0;0;0;1;1;-26,86160351;-49,0818617;"SPRF-SC";"DEL04-SC";"UOP01-DEL04-SC"
274636;2020-03-11;"quarta-feira";"05:10:00";"PB";230;160;"CAMPINA GRANDE";"Falta de Atenção à Condução";"Colisão transversal";"Com Vítimas Feridas";"Amanhecer";"Decrescente";"Céu Claro";"Simples";"Reta";"Não";2;0;1;1;0;0;2;2;-7,24378955;-35,93752384;"SPRF-PB";"DEL02-PB";"UOP01-DEL02-PB"
274637;2020-03-11;"quarta-feira";"06:20:00";"MG";381;497,8;"BETIM";"Defeito Mecânico no Veículo";"Incêndio";"Com Vítimas Feridas";"Amanhecer";"Decrescente";"Céu Claro";"Dupla";"Aclive";"Sim";2;0;1;0;1;0;1;1;-20,00483625;-44,21367172;"SPRF-MG";"DEL01-MG";"UOP03-DEL01-MG"
274639;2020-03-11;"quarta-feira";"06:30:00";"RS";116;144,1;"CAXIAS DO SUL";"Velocidade Incompatível";"Tombamento";"Com Vítimas Feridas";"Amanhecer";"Crescente";"Céu Claro";"Dupla";"Reta";"Sim";1;0;0;1;0;0;1;1;-29,1267449;-51,12768983;"SPRF-RS";"DEL05-RS";"UOP01-DEL05-RS"
274641;2020-03-11;"quarta-feira";"07:00:00";"SC";470;69,9;"INDAIAL";"Falta de Atenção à Condução";"Colisão traseira";"Com Vítimas Feridas";"Pleno dia";"Crescente";"Nublado";"Simples";"Reta;Em Obras";"Sim";2;0;1;0;0;1;1;2;-26,88998073;-49,25523877;"SPRF-SC";"DEL04-SC";"UOP01-DEL04-SC"
274643;2020-03-11;"quarta-feira";"07:10:00";"GO";153;506;"APARECIDA DE GOIANIA";"Falta de Atenção à Condução";"Colisão lateral";"Com Vítimas Feridas";"Pleno dia";"Decrescente";"Céu Claro";"Dupla";"Reta";"Sim";2;0;1;0;1;0;1;2;-16,7633;-49,24;"SPRF-GO";"DEL01-GO";"UOP01-DEL01-GO"
274644;2020-03-11;"quarta-feira";"07:00:00";"PR";369;156;"LONDRINA";"Falta de Atenção à Condução";"Colisão lateral";"Com Vítimas Feridas";"Pleno dia";"Decrescente";"Céu Claro";"Dupla";"Reta";"Sim";2;0;1;0;1;0;1;2;-23,29237763;-51,21561706;"SPRF-PR";"DEL07-PR";"UOP01-DEL07-PR"
274646;2020-03-11;"quarta-feira";"07:40:00";"PR";476;122,7;"CURITIBA";"Falta de Atenção à Condução";"Colisão lateral";"Com Vítimas Feridas";"Pleno dia";"Decrescente";"Céu Claro";"Múltipla";"Reta";"Sim";2;0;1;0;1;0;1;2;-25,385775;-49,203377;"SPRF-PR";"DEL01-PR";"UOP07-DEL01-PR"
274648;2020-03-11;"quarta-feira";"06:50:00";"ES";101;297,5;"VIANA";"Falta de Atenção à Condução";"Colisão lateral";"Com Vítimas Feridas";"Pleno dia";"Crescente";"Sol";"Dupla";"Reta";"Sim";2;0;1;0;1;0;1;2;-20,35022546;-40,41280568;"SPRF-ES";"DEL01-ES";"UOP01-DEL01-ES"
274649;2020-03-11;"quarta-feira";"07:40:00";"RJ";116;181;"NOVA IGUACU";"Falta de Atenção à Condução";"Colisão traseira";"Com Vítimas Feridas";"Pleno dia";"Decrescente";"Céu Claro";"Múltipla";"Reta";"Não";4;0;1;0;3;0;1;3;-22,761312;-43,423492;"SPRF-RJ";"DEL01-RJ";"UOP02-DEL01-RJ"
274650;2020-03-11;"quarta-feira";"07:20:00";"BA";116;426;"FEIRA DE SANTANA";"Objeto estático sobre o leito carroçável";"Queda de ocupante de veículo";"Com Vítimas Feridas";"Pleno dia";"Decrescente";"Céu Claro";"Simples";"Reta";"Sim";1;0;1;0;0;0;1;1;-12,26030395;-38,98945224;"SPRF-BA";"DEL02-BA";"UOP01-DEL02-BA"
274651;2020-03-08;"domingo";"01:50:00";"RJ";101;398;"ITAGUAI";"Ingestão de Álcool";"Colisão com objeto estático";"Com Vítimas Feridas";"Plena Noite";"Crescente";"Nublado";"Dupla";"Curva";"Não";1;0;0;1;0;0;1;1;-22,86635905;-43,75105619;"SPRF-RJ";"DEL03-RJ";"UOP01-DEL03-RJ"
274653;2020-03-11;"quarta-feira";"08:10:00";"RS";480;71,7;"ERECHIM";"Desobediência às normas de trânsito pelo condutor";"Colisão transversal";"Com Vítimas Feridas";"Pleno dia";"Crescente";"Sol";"Simples";"Interseção de Vias";"Não";3;0;1;0;2;0;1;2;-27,63462904;-52,314186;"SPRF-RS";"DEL08-RS";"UOP04-DEL08-RS"
274655;2020-03-11;"quarta-feira";"08:00:00";"RS";116;142,7;"CAXIAS DO SUL";"Falta de Atenção do Pedestre";"Atropelamento de Pedestre";"Com Vítimas Feridas";"Pleno dia";"Decrescente";"Sol";"Dupla";"Curva";"Não";2;0;0;1;1;0;1;2;-29,11727;-51,115208;"SPRF-RS";"DEL05-RS";"UOP01-DEL05-RS"
274656;2020-03-11;"quarta-feira";"07:40:00";"DF";20;6,7;"BRASILIA";"Desobediência às normas de trânsito pelo condutor";"Colisão traseira";"Com Vítimas Feridas";"Pleno dia";"Crescente";"Céu Claro";"Dupla";"Reta";"Sim";2;0;0;1;1;0;1;2;-15,665888;-47,808308;"SPRF-DF";"DEL02-DF";"UOP01-DEL02-DF"
274657;2020-03-11;"quarta-feira";"07:40:00";"PI";343;13;"PARNAIBA";"Falta de Atenção à Condução";"Colisão lateral";"Sem Vítimas";"Pleno dia";"Crescente";"Nublado";"Dupla";"Reta";"Sim";3;0;0;0;3;0;0;3;-2,91888975;-41,75418377;"SPRF-PI";"DEL05-PI";"UOP01-DEL05-PI"
274658;2020-03-11;"quarta-feira";"08:20:00";"MG";381;572,1;"ITAGUARA";"Falta de Atenção à Condução";"Saída de leito carroçável";"Com Vítimas Feridas";"Pleno dia";"Decrescente";"Céu Claro";"Dupla";"Reta";"Não";2;0;1;0;1;0;1;1;-20,45206504;-44,5689098;"SPRF-MG";"DEL04-MG";"UOP03-DEL04-MG"
274659;2020-03-11;"quarta-feira";"07:45:00";"PR";277;1,6;"PARANAGUA";"Falta de Atenção à Condução";"Colisão lateral";"Com Vítimas Feridas";"Amanhecer";"Crescente";"Céu Claro";"Simples";"Reta";"Sim";2;0;1;0;1;0;1;2;-25,568198;-48,615292;"SPRF-PR";"DEL01-PR";"UOP05-DEL01-PR"
274661;2020-03-11;"quarta-feira";"08:05:00";"GO";40;2,2;"VALPARAISO DE GOIAS";"Falta de Atenção à Condução";"Colisão transversal";"Com Vítimas Feridas";"Pleno dia";"Decrescente";"Céu Claro";"Dupla";"Retorno Regulamentado";"Sim";3;0;1;0;2;0;1;3;-16,067129;-47,984235;"SPRF-DF";"DEL01-DF";"UOP01-DEL01-DF"
274662;2020-03-11;"quarta-feira";"08:00:00";"PR";277;80,9;"CURITIBA";"Falta de Atenção à Condução";"Colisão lateral";"Com Vítimas Feridas";"Pleno dia";"Crescente";"Céu Claro";"Dupla";"Reta";"Sim";2;0;1;0;1;0;1;2;-25,568939;-49,181978;"SPRF-PR";"DEL01-PR";"UOP06-DEL01-PR"
274664;2020-01-27;"segunda-feira";"10:40:00";"BA";101;689,1;"ITAGIMIRIM";"Falta de Atenção à Condução";"Colisão traseira";"Com Vítimas Feridas";"Pleno dia";"Crescente";"Céu Claro";"Simples";"Reta";"Não";3;0;1;0;2;0;1;3;-16,13745587;-39,60096763;"SPRF-BA";"DEL09-BA";"UOP01-DEL09-BA"
274667;2020-03-11;"quarta-feira";"05:40:00";"MG";381;217,3;"NAQUE";"Falta de Atenção à Condução";"Saída de leito carroçável";"Com Vítimas Feridas";"Pleno dia";"Decrescente";"Céu Claro";"Simples";"Reta";"Não";1;0;1;0;0;0;1;1;-19,248271;-42,338374;"SPRF-MG";"DEL06-MG";"UOP01-DEL06-MG"
274668;2020-03-11;"quarta-feira";"08:40:00";"CE";116;5;"FORTALEZA";"Não guardar distância de segurança";"Colisão traseira";"Com Vítimas Feridas";"Pleno dia";"Decrescente";"Chuva";"Múltipla";"Reta";"Sim";3;0;1;0;2;0;1;2;-3,79467116;-38,50772734;"SPRF-CE";"DEL01-CE";"UOP02-DEL01-CE"
274671;2020-03-11;"quarta-feira";"08:50:00";"RS";392;131,6;"CANGUCU";"Falta de Atenção à Condução";"Saída de leito carroçável";"Com Vítimas Feridas";"Pleno dia";"Decrescente";"Céu Claro";"Simples";"Aclive;Reta";"Não";1;0;1;0;0;0;1;1;-31,32068105;-52,76038005;"SPRF-RS";"DEL07-RS";"UOP01-DEL07-RS"
274672;2020-03-11;"quarta-feira";"08:50:00";"SC";101;215;"PALHOCA";"Desobediência às normas de trânsito pelo condutor";"Colisão lateral";"Com Vítimas Feridas";"Pleno dia";"Crescente";"Céu Claro";"Simples";"Interseção de Vias";"Sim";2;0;1;0;1;0;1;2;-27,65184843;-48,67604941;"SPRF-SC";"DEL01-SC";"UOP02-DEL01-SC"
274673;2020-03-11;"quarta-feira";"09:10:00";"PB";101;78;"SANTA RITA";"Velocidade Incompatível";"Saída de leito carroçável";"Com Vítimas Feridas";"Pleno dia";"Crescente";"Sol";"Dupla";"Reta";"Não";1;0;0;1;0;0;1;1;-7,10808295;-34,96293885;"SPRF-PB";"DEL01-PB";"UOP04-DEL01-PB"
274678;2020-03-11;"quarta-feira";"09:32:00";"SP";116;229;"SAO PAULO";"Não guardar distância de segurança";"Colisão traseira";"Com Vítimas Feridas";"Pleno dia";"Crescente";"Céu Claro";"Múltipla";"Reta";"Sim";2;0;1;0;1;0;1;2;-23,51291902;-46,57604698;"SPRF-SP";"DEL01-SP";"UOP01-DEL01-SP"
274681;2020-03-11;"quarta-feira";"08:15:00";"BA";242;728;"CRISTOPOLIS";"Pista Escorregadia";"Capotamento";"Com Vítimas Feridas";"Pleno dia";"Decrescente";"Chuva";"Simples";"Reta";"Não";1;0;1;0;0;0;1;1;-12,2185623;-44,44484711;"SPRF-BA";"DEL10-BA";"UOP01-DEL10-BA"
274683;2020-02-21;"sexta-feira";"00:15:00";"MG";50;53;"UBERLANDIA";"Falta de Atenção à Condução";"Capotamento";"Com Vítimas Feridas";"Plena Noite";"Crescente";"Vento";"Dupla";"Curva";"Não";1;0;0;1;0;0;1;1;-18,759049;-48,24054499;"SPRF-MG";"DEL15-MG";"UOP02-DEL15-MG"
274684;2020-03-11;"quarta-feira";"07:20:00";"SC";101;39;"JOINVILLE";"Desobediência às normas de trânsito pelo condutor";"Queda de ocupante de veículo";"Com Vítimas Feridas";"Pleno dia";"Decrescente";"Céu Claro";"Dupla";"Reta";"Sim";1;0;1;0;0;0;1;1;-26,2628107;-48,90192257;"SPRF-SC";"DEL03-SC";"UOP01-DEL03-SC"
274685;2020-03-11;"quarta-feira";"10:30:00";"PA";316;66;"CASTANHAL";"Desobediência às normas de trânsito pelo condutor";"Colisão lateral";"Com Vítimas Feridas";"Pleno dia";"Decrescente";"Céu Claro";"Simples";"Reta";"Sim";2;0;1;0;1;0;1;2;-1,29533525;-47,90182499;"SPRF-PA";"DEL01-PA";"UOP01-DEL01-PA"
274686;2020-03-11;"quarta-feira";"09:10:00";"RO";364;15;"VILHENA";"Falta de Atenção à Condução";"Atropelamento de Pedestre";"Com Vítimas Feridas";"Pleno dia";"Crescente";"Nublado";"Simples";"Rotatória";"Sim";2;0;1;0;1;0;1;2;-12,73672751;-60,14804088;"SPRF-RO";"DEL04-RO";"UOP01-DEL04-RO"
274687;2020-03-11;"quarta-feira";"10:15:00";"MG";365;724;"CANAPOLIS";"Velocidade Incompatível";"Colisão frontal";"Com Vítimas Fatais";"Pleno dia";"Decrescente";"Sol";"Simples";"Reta;Declive";"Não";7;1;3;0;0;3;3;3;-18,88848285;-49,22417904;"SPRF-MG";"DEL15-MG";"UOP03-DEL15-MG"
274688;2020-03-11;"quarta-feira";"07:16:00";"SC";280;82;"CORUPA";"Falta de Atenção à Condução";"Colisão transversal";"Com Vítimas Feridas";"Pleno dia";"Decrescente";"Céu Claro";"Simples";"Reta";"Sim";2;0;1;0;1;0;1;2;-26,44009491;-49,22605498;"SPRF-SC";"DEL06-SC";"UOP03-DEL06-SC"
274689;2020-03-11;"quarta-feira";"10:00:00";"SC";101;68,3;"ARAQUARI";"Desobediência às normas de trânsito pelo condutor";"Atropelamento de Pedestre";"Com Vítimas Feridas";"Pleno dia";"Decrescente";"Céu Claro";"Dupla";"Reta";"Não";2;0;1;0;1;0;1;2;-26,49513001;-48,73280803;"SPRF-SC";"DEL03-SC";"UOP02-DEL03-SC"
274693;2020-03-11;"quarta-feira";"10:20:00";"RJ";40;25;"TRES RIOS";"Falta de Atenção à Condução";"Atropelamento de Pedestre";"Com Vítimas Feridas";"Pleno dia";"Crescente";"Sol";"Dupla";"Reta";"Não";2;0;0;1;0;1;1;2;-22,14680002;-43,15810757;"SPRF-RJ";"DEL05-RJ";"UOP02-DEL05-RJ"
274694;2020-03-11;"quarta-feira";"11:10:00";"MG";356;265;"MURIAE";"Desobediência às normas de trânsito pelo condutor";"Colisão transversal";"Com Vítimas Feridas";"Pleno dia";"Crescente";"Nublado";"Simples";"Interseção de Vias";"Sim";2;0;1;0;1;0;1;2;-21,12838898;-42,366803;"SPRF-MG";"DEL07-MG";"UOP02-DEL07-MG"
274695;2020-03-11;"quarta-feira";"10:45:00";"AL";104;83;"RIO LARGO";"Falta de Atenção à Condução";"Queda de ocupante de veículo";"Com Vítimas Feridas";"Pleno dia";"Decrescente";"Sol";"Simples";"Curva";"Não";1;0;1;0;0;0;1;1;-9,44165773;-35,83538341;"SPRF-AL";"DEL01-AL";"UOP01-DEL01-AL"
274696;2020-03-11;"quarta-feira";"12:00:00";"PE";232;410,4;"SERRA TALHADA";"Falta de Atenção à Condução";"Colisão transversal";"Com Vítimas Feridas";"Pleno dia";"Crescente";"Sol";"Simples";"Reta";"Sim";4;0;0;2;2;0;2;2;-7,98261841;-38,30039606;"SPRF-PE";"DEL04-PE";"UOP01-DEL04-PE"
274697;2020-03-11;"quarta-feira";"08:30:00";"BA";324;526;"FEIRA DE SANTANA";"Falta de Atenção à Condução";"Queda de ocupante de veículo";"Com Vítimas Feridas";"Pleno dia";"Crescente";"Céu Claro";"Dupla";"Reta";"Sim";1;0;1;0;0;0;1;1;-12,30639712;-38,89051509;"SPRF-BA";"DEL01-BA";"UOP01-DEL01-BA"