"id";"data_inversa";"dia_semana";"horario";"uf";"br";"km";"municipio";"causa_acidente";"tipo_acidente";"classificacao_acidente";"fase_dia";"sentido_via";"condicao_metereologica";"tipo_pista";"tracado_via";"uso_solo";"pessoas";"mortos";"feridos_leves";"feridos_graves";"ilesos";"ignorados";"feridos";"veiculos";"latitude";"longitude";"regional";"delegacia";"uop"
274698;2020-02-28;"sexta-feira";"18:30:00";"PR";476;130;"CURITIBA";"Falta de Atenção à Condução";"Colisão lateral";"Com Vítimas Feridas";"Anoitecer";"Crescente";"Ignorado";"Múltipla";"Reta";"Sim";2;0;1;0;1;0;1;2;-25,52390497;-49,29553823;"SPRF-PR";"DEL01-PR";"UOP07-DEL01-PR"
274699;2020-03-11;"quarta-feira";"10:50:00";"GO";153;621;"MORRINHOS";"Ingestão de Álcool";"Saída de leito carroçável";"Sem Vítimas";"Pleno dia";"Crescente";"Céu Claro";"Simples";"Viaduto";"Não";1;0;0;0;1;0;0;1;-17,72655272;-49,15482759;"SPRF-GO";"DEL03-GO";"UOP01-DEL03-GO"
274704;2020-01-19;"domingo";"11:43:00";"PR";369;147,4;"LONDRINA";"Não guardar distância de segurança";"Colisão traseira";"Com Vítimas Feridas";"Pleno dia";"Decrescente";"Ignorado";"Dupla";"Reta";"Sim";3;0;2;0;0;1;2;2;-23,2931537;-51,1344819;"SPRF-PR";"DEL07-PR";"UOP01-DEL07-PR"
274705;2020-03-11;"quarta-feira";"12:30:00";"BA";324;564;"SAO SEBASTIAO DO PASSE";"Defeito Mecânico no Veículo";"Saída de leito carroçável";"Com Vítimas Feridas";"Pleno dia";"Crescente";"Céu Claro";"Dupla";"Reta";"Não";3;0;3;0;0;0;3;1;-12,5138723;-38,62480322;"SPRF-BA";"DEL01-BA";"UOP01-DEL01-BA"
274706;2020-03-11;"quarta-feira";"10:00:00";"SC";158;105;"CUNHA PORA";"Agressão Externa";"Saída de leito carroçável";"Com Vítimas Feridas";"Pleno dia";"Crescente";"Céu Claro";"Simples";"Curva";"Não";1;0;1;0;0;0;1;1;-26,86897509;-53,16247716;"SPRF-SC";"DEL07-SC";"UOP02-DEL07-SC"
274707;2020-03-11;"quarta-feira";"12:00:00";"RO";364;710,6;"PORTO VELHO";"Não guardar distância de segurança";"Colisão traseira";"Sem Vítimas";"Pleno dia";"Decrescente";"Céu Claro";"Dupla";"Retorno Regulamentado";"Sim";2;0;0;0;2;0;0;2;-8,783387;-63,86206;"SPRF-RO";"DEL01-RO";"UOP01-DEL01-RO"
274710;2020-03-11;"quarta-feira";"13:30:00";"GO";414;439,5;"ANAPOLIS";"Não guardar distância de segurança";"Colisão traseira";"Com Vítimas Feridas";"Pleno dia";"Decrescente";"Céu Claro";"Simples";"Rotatória";"Sim";2;0;1;0;1;0;1;2;-16,28128823;-48,94258908;"SPRF-GO";"DEL02-GO";"UOP01-DEL02-GO"
274712;2020-03-11;"quarta-feira";"12:00:00";"PR";369;202,1;"APUCARANA";"Desobediência às normas de trânsito pelo condutor";"Colisão lateral";"Com Vítimas Feridas";"Pleno dia";"Decrescente";"Céu Claro";"Simples";"Interseção de Vias";"Sim";1;0;1;0;0;0;1;1;-23,54438164;-51,45392597;"SPRF-PR";"DEL07-PR";"UOP03-DEL07-PR"
274713;2020-02-26;"quarta-feira";"21:30:00";"MA";230;402;"BALSAS";"Ingestão de álcool e/ou substâncias psicoativas pelo pedestre";"Colisão frontal";"Com Vítimas Feridas";"Plena Noite";"Crescente";"Chuva";"Simples";"Reta";"Sim";3;0;1;0;1;1;1;3;-7,50857084;-46,03158637;"SPRF-MA";"DEL05-MA";"UOP01-DEL05-MA"
274714;2020-03-11;"quarta-feira";"13:50:00";"GO";60;92,5;"ANAPOLIS";"Falta de Atenção à Condução";"Colisão lateral";"Com Vítimas Feridas";"Pleno dia";"Crescente";"Sol";"Múltipla";"Reta";"Sim";2;0;1;0;1;0;1;2;-16,353;-48,9178;"SPRF-GO";"DEL02-GO";"UOP01-DEL02-GO"
274715;2020-03-11;"quarta-feira";"14:25:00";"SP";153;62;"SAO JOSE DO RIO PRETO";"Restrição de Visibilidade";"Colisão lateral";"Com Vítimas Feridas";"Pleno dia";"Crescente";"Céu Claro";"Dupla";"Reta;Aclive";"Sim";2;0;1;0;1;0;1;2;-20,81325404;-49,35675563;"SPRF-SP";"DEL09-SP";"UOP01-DEL09-SP"
274716;2020-03-11;"quarta-feira";"13:02:00";"DF";20;16,2;"BRASILIA";"Falta de Atenção à Condução";"Colisão lateral";"Com Vítimas Feridas";"Pleno dia";"Crescente";"Céu Claro";"Dupla";"Reta";"Não";2;0;0;1;1;0;1;2;-15,625675;-47,725159;"SPRF-DF";"DEL02-DF";"UOP01-DEL02-DF"
274717;2020-03-11;"quarta-feira";"13:35:00";"PE";101;52;"PAULISTA";"Falta de Atenção à Condução";"Colisão traseira";"Com Vítimas Feridas";"Pleno dia";"Crescente";"Céu Claro";"Dupla";"Reta";"Sim";3;0;2;0;0;1;2;2;-7,92358799;-34,89607201;"SPRF-PE";"DEL01-PE";"UOP02-DEL01-PE"
274720;2020-03-11;"quarta-feira";"14:45:00";"PE";424;1;"ARCOVERDE";"Falta de Atenção à Condução";"Colisão lateral";"Com Vítimas Feridas";"Pleno dia";"Decrescente";"Sol";"Simples";"Reta";"Sim";2;0;1;0;1;0;1;2;-8,43892793;-37,05827086;"SPRF-PE";"DEL03-PE";"UOP02-DEL03-PE"
274721;2020-03-11;"quarta-feira";"12:00:00";"MA";10;257,2;"IMPERATRIZ";"Desobediência às normas de trânsito pelo condutor";"Colisão transversal";"Com Vítimas Feridas";"Pleno dia";"Decrescente";"Céu Claro";"Simples";"Interseção de Vias";"Sim";2;0;1;0;1;0;1;2;-5,490634;-47,471973;"SPRF-MA";"DEL04-MA";"UOP01-DEL04-MA"
274727;2020-03-11;"quarta-feira";"14:20:00";"SP";116;444,9;"REGISTRO";"Falta de Atenção à Condução";"Colisão transversal";"Sem Vítimas";"Pleno dia";"Crescente";"Céu Claro";"Dupla";"Reta";"Sim";2;0;0;0;2;0;0;2;-24,49745874;-47,84202576;"SPRF-SP";"DEL05-SP";"UOP01-DEL05-SP"
274728;2020-03-08;"domingo";"02:00:00";"SP";381;85;"SAO PAULO";"Ingestão de Álcool";"Colisão traseira";"Com Vítimas Fatais";"Plena Noite";"Decrescente";"Nublado";"Dupla";"Declive";"Sim";2;1;0;0;1;0;0;2;-23,449343;-46,56983501;"SPRF-SP";"DEL03-SP";"UOP01-DEL03-SP"
274729;2020-03-11;"quarta-feira";"14:40:00";"TO";0;0;"PALMAS";"Desobediência às normas de trânsito pelo condutor";"Colisão transversal";"Sem Vítimas";"Pleno dia";"Não Informado";"Céu Claro";"Múltipla";"Reta";"Sim";2;0;0;0;2;0;0;2;-10,19061508;-48,33711678;"SPRF-TO";"DEL01-TO";"N/A"
274731;2020-03-11;"quarta-feira";"15:05:00";"PR";277;233,1;"FERNANDES PINHEIRO";"Ingestão de álcool e/ou substâncias psicoativas pelo pedestre";"Atropelamento de Pedestre";"Com Vítimas Feridas";"Pleno dia";"Decrescente";"Céu Claro";"Simples";"Reta";"Não";6;0;1;0;5;0;1;2;-25,464;-50,568;"SPRF-PR";"DEL03-PR";"UOP03-DEL03-PR"
274732;2020-03-11;"quarta-feira";"13:45:00";"RJ";101;326;"NITEROI";"Falta de Atenção à Condução";"Colisão com objeto estático";"Com Vítimas Feridas";"Pleno dia";"Crescente";"Céu Claro";"Dupla";"Reta";"Sim";2;0;1;0;1;0;1;2;-22,87206203;-43,146105;"SPRF-RJ";"DEL02-RJ";"UOP01-DEL02-RJ"
274734;2020-02-23;"domingo";"20:00:00";"PR";277;106;"CAMPO LARGO";"Pista Escorregadia";"Queda de ocupante de veículo";"Com Vítimas Feridas";"Plena Noite";"Decrescente";"Ignorado";"Dupla";"Reta";"Não";1;0;1;0;0;0;1;1;-25,43373493;-49,40716177;"SPRF-PR";"DEL01-PR";"UOP06-DEL01-PR"
274735;2020-03-11;"quarta-feira";"15:40:00";"PR";369;85,5;"CORNELIO PROCOPIO";"Desobediência às normas de trânsito pelo condutor";"Colisão transversal";"Com Vítimas Feridas";"Pleno dia";"Decrescente";"Céu Claro";"Simples";"Curva";"Sim";2;0;1;0;1;0;1;2;-23,173818;-50,620282;"SPRF-PR";"DEL07-PR";"UOP05-DEL07-PR"
274736;2020-03-11;"quarta-feira";"16:30:00";"ES";101;265,4;"SERRA";"Ingestão de Álcool";"Capotamento";"Com Vítimas Feridas";"Pleno dia";"Crescente";"Sol";"Múltipla";"Declive";"Sim";1;0;1;0;0;0;1;1;-20,1816849;-40,26536036;"SPRF-ES";"DEL02-ES";"UOP01-DEL02-ES"
274738;2020-03-11;"quarta-feira";"15:15:00";"SC";101;131;"BALNEARIO CAMBORIU";"Falta de Atenção à Condução";"Tombamento";"Com Vítimas Feridas";"Pleno dia";"Decrescente";"Céu Claro";"Dupla";"Reta";"Sim";1;0;0;1;0;0;1;1;-26,99064209;-48,66310912;"SPRF-SC";"DEL04-SC";"UOP03-DEL04-SC"
274739;2020-03-11;"quarta-feira";"16:10:00";"RS";470;225,7;"GARIBALDI";"Desobediência às normas de trânsito pelo condutor";"Colisão transversal";"Com Vítimas Feridas";"Pleno dia";"Crescente";"Sol";"Simples";"Reta;Interseção de Vias";"Não";3;0;2;0;1;0;2;2;-29,21454003;-51,51762617;"SPRF-RS";"DEL06-RS";"UOP01-DEL06-RS"
274740;2020-03-11;"quarta-feira";"16:15:00";"RS";386;396;"TRIUNFO";"Desobediência às normas de trânsito pelo condutor";"Colisão lateral";"Com Vítimas Feridas";"Pleno dia";"Crescente";"Céu Claro";"Simples";"Em Obras";"Não";3;0;1;0;1;1;1;3;-29,732574;-51,631935;"SPRF-RS";"DEL04-RS";"UOP02-DEL04-RS"
274742;2020-03-11;"quarta-feira";"16:50:00";"SC";101;123;"ITAJAI";"Desobediência às normas de trânsito pelo condutor";"Colisão transversal";"Com Vítimas Feridas";"Pleno dia";"Decrescente";"Céu Claro";"Simples";"Interseção de Vias";"Sim";2;0;1;0;1;0;1;2;-26,93668609;-48,69876905;"SPRF-SC";"DEL04-SC";"UOP04-DEL04-SC"
274743;2020-03-11;"quarta-feira";"14:40:00";"MS";163;511;"JARAGUARI";"Falta de Atenção à Condução";"Saída de leito carroçável";"Com Vítimas Feridas";"Pleno dia";"Crescente";"Céu Claro";"Simples";"Reta;Declive";"Não";1;0;1;0;0;0;1;1;-20,2366678;-54,47891707;"SPRF-MS";"DEL01-MS";"UOP02-DEL01-MS"
274745;2020-03-11;"quarta-feira";"13:30:00";"ES";393;6,5;"CACHOEIRO DE ITAPEMIRIM";"Velocidade Incompatível";"Saída de leito carroçável";"Sem Vítimas";"Pleno dia";"Crescente";"Céu Claro";"Simples";"Curva";"Não";1;0;0;0;0;1;0;1;-20,82929679;-41,20709796;"SPRF-ES";"DEL03-ES";"UOP02-DEL03-ES"
274747;2020-03-11;"quarta-feira";"17:25:00";"ES";101;301;"VIANA";"Falta de Atenção à Condução";"Colisão lateral";"Com Vítimas Feridas";"Pleno dia";"Decrescente";"Céu Claro";"Dupla";"Curva";"Sim";2;0;1;0;1;0;1;2;-20,36278187;-40,4401343;"SPRF-ES";"DEL01-ES";"UOP01-DEL01-ES"
274748;2020-03-11;"quarta-feira";"17:10:00";"SP";153;80;"BADY BASSITT";"Condutor Dormindo";"Saída de leito carroçável";"Com Vítimas Feridas";"Pleno dia";"Crescente";"Céu Claro";"Simples";"Aclive";"Não";1;0;1;0;0;0;1;1;-20,90910476;-49,48021806;"SPRF-SP";"DEL09-SP";"UOP01-DEL09-SP"
274749;2020-03-11;"quarta-feira";"17:15:00";"ES";101;310,4;"VIANA";"Ingestão de Álcool";"Colisão lateral";"Com Vítimas Feridas";"Pleno dia";"Decrescente";"Céu Claro";"Simples";"Reta";"Não";2;0;1;0;1;0;1;2;-20,42590098;-40,46036505;"SPRF-ES";"DEL03-ES";"UOP01-DEL03-ES"
274751;2020-03-11;"quarta-feira";"16:30:00";"RS";392;22,7;"RIO GRANDE";"Falta de Atenção à Condução";"Tombamento";"Com Vítimas Feridas";"Pleno dia";"Decrescente";"Céu Claro";"Dupla";"Reta";"Não";1;0;1;0;0;0;1;1;-32,08904192;-52,21737499;"SPRF-RS";"DEL07-RS";"UOP02-DEL07-RS"
274752;2020-03-11;"quarta-feira";"18:15:00";"SP";153;64;"SAO JOSE DO RIO PRETO";"Velocidade Incompatível";"Colisão traseira";"Com Vítimas Feridas";"Anoitecer";"Decrescente";"Céu Claro";"Dupla";"Interseção de Vias;Reta;Viaduto";"Sim";2;0;1;0;1;0;1;2;-20,82919401;-49,36046325;"SPRF-SP";"DEL09-SP";"UOP01-DEL09-SP"
274754;2020-03-11;"quarta-feira";"16:28:00";"RJ";101;53;"CAMPOS DOS GOYTACAZES";"Falta de Atenção à Condução";"Tombamento";"Com Vítimas Feridas";"Pleno dia";"Decrescente";"Céu Claro";"Simples";"Reta";"Não";1;0;1;0;0;0;1;1;-21,660484;-41,31128898;"SPRF-RJ";"DEL08-RJ";"UOP01-DEL08-RJ"
274756;2020-03-11;"quarta-feira";"17:10:00";"MG";116;524,7;"CARATINGA";"Não guardar distância de segurança";"Colisão traseira";"Com Vítimas Feridas";"Pleno dia";"Crescente";"Céu Claro";"Simples";"Interseção de Vias";"Sim";4;0;2;0;1;1;2;4;-19,76027352;-42,13398823;"SPRF-MG";"DEL06-MG";"UOP02-DEL06-MG"
274759;2020-03-11;"quarta-feira";"18:30:00";"CE";222;115,8;"ITAPAJE";"Restrição de Visibilidade";"Colisão frontal";"Com Vítimas Feridas";"Plena Noite";"Crescente";"Céu Claro";"Simples";"Aclive";"Não";2;0;1;0;1;0;1;2;-3,74504732;-39,53630708;"SPRF-CE";"DEL04-CE";"UOP03-DEL04-CE"
274760;2020-03-11;"quarta-feira";"17:48:00";"PI";316;11;"TERESINA";"Falta de Atenção à Condução";"Colisão traseira";"Sem Vítimas";"Pleno dia";"Crescente";"Céu Claro";"Dupla";"Reta";"Sim";8;0;0;0;8;0;0;2;-5,191739;-42,76076102;"SPRF-PI";"DEL01-PI";"UOP02-DEL01-PI"
274762;2020-03-11;"quarta-feira";"18:20:00";"ES";101;92;"JAGUARE";"Desobediência às normas de trânsito pelo condutor";"Queda de ocupante de veículo";"Com Vítimas Feridas";"Anoitecer";"Decrescente";"Nublado";"Simples";"Reta";"Não";1;0;0;1;0;0;1;1;-18,91447199;-39,96390403;"SPRF-ES";"DEL04-ES";"UOP02-DEL04-ES"
274764;2020-03-11;"quarta-feira";"18:45:00";"RS";470;218,9;"BENTO GONCALVES";"Ingestão de Substâncias Psicoativas";"Colisão frontal";"Com Vítimas Feridas";"Anoitecer";"Decrescente";"Céu Claro";"Simples";"Curva;Declive";"Não";8;0;0;1;7;0;1;2;-29,18739172;-51,52056521;"SPRF-RS";"DEL06-RS";"UOP01-DEL06-RS"
274766;2020-03-11;"quarta-feira";"18:50:00";"SC";101;207,5;"SAO JOSE";"Desobediência às normas de trânsito pelo condutor";"Colisão traseira";"Com Vítimas Feridas";"Plena Noite";"Crescente";"Céu Claro";"Múltipla";"Aclive";"Sim";3;0;1;0;2;0;1;3;-27,60001226;-48,6226467;"SPRF-SC";"DEL01-SC";"UOP01-DEL01-SC"
274767;2020-03-11;"quarta-feira";"19:00:00";"RS";116;246;"SAO LEOPOLDO";"Falta de Atenção à Condução";"Colisão traseira";"Com Vítimas Feridas";"Plena Noite";"Decrescente";"Céu Claro";"Dupla";"Reta";"Sim";2;0;1;0;1;0;1;2;-29,758751;-51,15186806;"SPRF-RS";"DEL01-RS";"UOP02-DEL01-RS"
274768;2020-03-11;"quarta-feira";"18:30:00";"CE";304;45;"ARACATI";"Desobediência às normas de trânsito pelo condutor";"Colisão transversal";"Com Vítimas Feridas";"Plena Noite";"Decrescente";"Ignorado";"Simples";"Retorno Regulamentado";"Sim";5;0;0;1;4;0;1;3;-4,57812347;-37,80669819;"SPRF-CE";"DEL03-CE";"UOP03-DEL03-CE"
274769;2020-03-11;"quarta-feira";"17:25:00";"MA";135;14,4;"SAO LUIS";"Não guardar distância de segurança";"Colisão traseira";"Com Vítimas Feridas";"Pleno dia";"Decrescente";"Nublado";"Dupla";"Reta";"Sim";5;0;2;0;3;0;2;2;-2,691269;-44,301964;"SPRF-MA";"DEL01-MA";"UOP01-DEL01-MA"
274771;2020-03-11;"quarta-feira";"18:00:00";"AL";101;223,5;"PORTO REAL DO COLEGIO";"Desobediência às normas de trânsito pelo pedestre";"Atropelamento de Pedestre";"Com Vítimas Feridas";"Plena Noite";"Crescente";"Céu Claro";"Dupla";"Reta";"Não";2;0;1;0;1;0;1;2;-10,07373689;-36,69440034;"SPRF-AL";"DEL02-AL";"UOP02-DEL02-AL"
274773;2020-03-11;"quarta-feira";"18:25:00";"RN";304;35,6;"MOSSORO";"Defeito na Via";"Colisão com objeto estático";"Com Vítimas Feridas";"Pleno dia";"Crescente";"Céu Claro";"Dupla";"Rotatória";"Sim";1;0;1;0;0;0;1;1;-5,16149497;-37,35068212;"SPRF-RN";"DEL04-RN";"UOP02-DEL04-RN"
274777;2020-03-11;"quarta-feira";"20:40:00";"PE";408;99;"SAO LOURENCO DA MATA";"Desobediência às normas de trânsito pelo condutor";"Colisão lateral";"Sem Vítimas";"Plena Noite";"Decrescente";"Nublado";"Dupla";"Reta";"Não";1;0;0;0;0;1;0;1;-8,04133634;-35,02531212;"SPRF-PE";"DEL01-PE";"UOP01-DEL01-PE"
274778;2020-03-11;"quarta-feira";"21:00:00";"PR";116;122;"CURITIBA";"Falta de Atenção à Condução";"Tombamento";"Com Vítimas Feridas";"Plena Noite";"Crescente";"Céu Claro";"Dupla";"Reta";"Sim";1;0;0;1;0;0;1;1;-25,56857207;-49,31023179;"SPRF-PR";"DEL01-PR";"UOP03-DEL01-PR"
274779;2020-03-11;"quarta-feira";"18:38:00";"PE";232;408,3;"SERRA TALHADA";"Falta de Atenção à Condução";"Atropelamento de Pedestre";"Com Vítimas Feridas";"Plena Noite";"Decrescente";"Céu Claro";"Simples";"Declive";"Sim";3;0;1;1;1;0;2;2;-7,98343897;-38,28314781;"SPRF-PE";"DEL04-PE";"UOP01-DEL04-PE"
274781;2020-03-11;"quarta-feira";"20:00:00";"RJ";101;317,7;"SAO GONCALO";"Avarias e/ou desgaste excessivo no pneu";"Tombamento";"Com Vítimas Feridas";"Plena Noite";"Crescente";"Céu Claro";"Dupla";"Reta";"Sim";2;0;2;0;0;0;2;1;-22,83707798;-43,09492006;"SPRF-RJ";"DEL02-RJ";"UOP01-DEL02-RJ"
274782;2020-03-11;"quarta-feira";"21:40:00";"SP";116;145,7;"SAO JOSE DOS CAMPOS";"Falta de Atenção à Condução";"Colisão traseira";"Com Vítimas Feridas";"Plena Noite";"Decrescente";"Céu Claro";"Múltipla";"Aclive";"Sim";2;0;1;0;1;0;1;2;-23,1869844;-45,8548078;"SPRF-SP";"DEL02-SP";"UOP01-DEL02-SP"
274784;2020-03-11;"quarta-feira";"22:00:00";"PE";408;85,8;"SAO LOURENCO DA MATA";"Falta de Atenção à Condução";"Atropelamento de Animal";"Sem Vítimas";"Plena Noite";"Crescente";"Céu Claro";"Dupla";"Reta";"Não";4;0;0;0;0;4;0;1;-7,95430093;-35,10252793;"SPRF-PE";"DEL01-PE";"UOP01-DEL01-PE"
274785;2020-03-11;"quarta-feira";"20:00:00";"MG";40;823,2;"SIMAO PEREIRA";"Falta de Atenção do Pedestre";"Atropelamento de Pedestre";"Com Vítimas Fatais";"Plena Noite";"Crescente";"Céu Claro";"Dupla";"Declive";"Não";2;1;0;0;0;1;0;2;-21,9614888;-43,2986757;"SPRF-MG";"DEL05-MG";"UOP01-DEL05-MG"
274786;2020-03-11;"quarta-feira";"18:20:00";"RS";116;158,1;"CAXIAS DO SUL";"Falta de Atenção do Pedestre";"Atropelamento de Pedestre";"Com Vítimas Feridas";"Anoitecer";"Decrescente";"Céu Claro";"Simples";"Aclive";"Não";2;0;1;0;1;0;1;2;-29,22015528;-51,16867117;"SPRF-RS";"DEL05-RS";"UOP01-DEL05-RS"
274788;2020-02-01;"sábado";"02:30:00";"PI";343;147,9;"PIRACURUCA";"Desobediência às normas de trânsito pelo pedestre";"Atropelamento de Pedestre";"Com Vítimas Fatais";"Plena Noite";"Decrescente";"Nublado";"Simples";"Reta";"Não";2;1;0;0;0;1;0;2;-3,967359;-41,747059;"SPRF-PI";"DEL02-PI";"UOP01-DEL02-PI"
274789;2020-03-11;"quarta-feira";"19:50:00";"PR";476;111,5;"COLOMBO";"Falta de Atenção à Condução";"Queda de ocupante de veículo";"Com Vítimas Feridas";"Plena Noite";"Crescente";"Nublado";"Simples";"Curva";"Não";1;0;1;0;0;0;1;1;-25,315056;-49,153545;"SPRF-PR";"DEL01-PR";"UOP07-DEL01-PR"
274790;2020-03-11;"quarta-feira";"23:30:00";"SP";153;342,5;"OURINHOS";"Desobediência às normas de trânsito pelo condutor";"Colisão lateral";"Com Vítimas Feridas";"Plena Noite";"Crescente";"Céu Claro";"Dupla";"Reta";"Sim";3;0;0;1;1;1;1;3;-22,95143833;-49,9098587;"SPRF-SP";"DEL07-SP";"UOP03-DEL07-SP"
274791;2020-03-11;"quarta-feira";"20:27:00";"MT";174;286;"PONTES E LACERDA";"Falta de Atenção à Condução";"Colisão traseira";"Com Vítimas Feridas";"Plena Noite";"Crescente";"Céu Claro";"Simples";"Reta";"Não";4;0;1;1;2;0;2;2;-15,2682879;-59,29733276;"SPRF-MT";"DEL04-MT";"UOP01-DEL04-MT"
274792;2020-03-11;"quarta-feira";"16:30:00";"SC";282;549;"CHAPECO";"Ingestão de Álcool";"Saída de leito carroçável";"Sem Vítimas";"Pleno dia";"Crescente";"Céu Claro";"Simples";"Reta";"Não";1;0;0;0;1;0;0;1;-26,962664;-52,762272;"SPRF-SC";"DEL07-SC";"UOP01-DEL07-SC"
274793;2020-03-11;"quarta-feira";"09:20:00";"AL";423;57;"AGUA BRANCA";"Animais na Pista";"Atropelamento de Animal";"Com Vítimas Feridas";"Plena Noite";"Decrescente";"Céu Claro";"Simples";"Aclive";"Não";2;0;1;0;1;0;1;1;-9,2818233;-37,7826269;"SPRF-AL";"DEL03-AL";"UOP02-DEL03-AL"
274794;2020-03-11;"quarta-feira";"20:10:00";"MG";50;61;"UBERLANDIA";"Defeito Mecânico no Veículo";"Incêndio";"Sem Vítimas";"Plena Noite";"Crescente";"Céu Claro";"Dupla";"Reta";"Não";2;0;0;0;2;0;0;1;-18,81603099;-48,25003475;"SPRF-MG";"DEL15-MG";"UOP02-DEL15-MG"
274795;2020-03-11;"quarta-feira";"21:15:00";"BA";101;710,3;"EUNAPOLIS";"Animais na Pista";"Atropelamento de Animal";"Com Vítimas Fatais";"Plena Noite";"Crescente";"Chuva";"Simples";"Reta";"Não";1;1;0;0;0;0;0;1;-16,32431047;-39,59297072;"SPRF-BA";"DEL09-BA";"UOP01-DEL09-BA"
274797;2020-03-11;"quarta-feira";"23:05:00";"GO";40;3,3;"VALPARAISO DE GOIAS";"Falta de Atenção à Condução";"Colisão traseira";"Sem Vítimas";"Plena Noite";"Crescente";"Céu Claro";"Dupla";"Reta";"Não";2;0;0;0;2;0;0;2;-16,076081;-47,985671;"SPRF-DF";"DEL01-DF";"UOP01-DEL01-DF"
274799;2020-03-11;"quarta-feira";"21:30:00";"SC";282;183,4;"BOCAINA DO SUL";"Animais na Pista";"Colisão com objeto estático";"Com Vítimas Feridas";"Plena Noite";"Decrescente";"Céu Claro";"Simples";"Reta";"Não";4;0;2;2;0;0;4;1;-27,73362;-49,968296;"SPRF-SC";"DEL05-SC";"UOP01-DEL05-SC"
274800;2020-03-11;"quarta-feira";"23:40:00";"MG";356;272,2;"EUGENOPOLIS";"Velocidade Incompatível";"Saída de leito carroçável";"Sem Vítimas";"Plena Noite";"Crescente";"Céu Claro";"Simples";"Curva";"Não";1;0;0;0;0;1;0;1;-21,13766365;-42,31068793;"SPRF-MG";"DEL07-MG";"UOP02-DEL07-MG"
274802;2020-03-12;"quinta-feira";"00:50:00";"PR";277;729,1;"FOZ DO IGUACU";"Defeito Mecânico no Veículo";"Tombamento";"Com Vítimas Feridas";"Plena Noite";"Decrescente";"Céu Claro";"Dupla";"Reta";"Sim";1;0;0;1;0;0;1;1;-25,5068128;-54,58651543;"SPRF-PR";"DEL05-PR";"UOP03-DEL05-PR"
274803;2020-03-11;"quarta-feira";"23:25:00";"SC";282;660,5;"SAO MIGUEL DO OESTE";"Falta de Atenção à Condução";"Saída de leito carroçável";"Com Vítimas Feridas";"Plena Noite";"Crescente";"Céu Claro";"Simples";"Curva";"Não";1;0;1;0;0;0;1;1;-26,675064;-53,566074;"SPRF-SC";"DEL07-SC";"UOP03-DEL07-SC"
274804;2020-03-12;"quinta-feira";"01:10:00";"PR";369;417;"JURANDA";"Condutor Dormindo";"Saída de leito carroçável";"Com Vítimas Feridas";"Plena Noite";"Crescente";"Céu Claro";"Simples";"Curva";"Não";2;0;2;0;0;0;2;1;-24,3685;-52,7668;"SPRF-PR";"DEL04-PR";"UOP03-DEL04-PR"
274806;2020-03-12;"quinta-feira";"00:40:00";"GO";153;583,5;"PIRACANJUBA";"Avarias e/ou desgaste excessivo no pneu";"Tombamento";"Com Vítimas Feridas";"Plena Noite";"Decrescente";"Céu Claro";"Dupla";"Aclive;Reta";"Não";2;0;1;0;1;0;1;1;-17,4071;-49,2247;"SPRF-GO";"DEL03-GO";"UOP01-DEL03-GO"
274807;2020-03-11;"quarta-feira";"13:15:00";"SC";101;384,9;"ICARA";"Falta de Atenção à Condução";"Saída de leito carroçável";"Com Vítimas Feridas";"Pleno dia";"Decrescente";"Céu Claro";"Múltipla";"Reta";"Sim";1;0;1;0;0;0;1;1;-28,76851141;-49,3025538;"SPRF-SC";"DEL02-SC";"UOP02-DEL02-SC"
274808;2020-03-12;"quinta-feira";"01:10:00";"PE";101;41,6;"IGARASSU";"Pista Escorregadia";"Colisão com objeto estático";"Com Vítimas Feridas";"Plena Noite";"Decrescente";"Chuva";"Simples";"Viaduto;Curva";"Sim";1;0;1;0;0;0;1;1;-7,83038346;-34,91426785;"SPRF-PE";"DEL01-PE";"UOP02-DEL01-PE"
274809;2020-03-12;"quinta-feira";"00:30:00";"MT";163;648;"LUCAS DO RIO VERDE";"Falta de Atenção à Condução";"Saída de leito carroçável";"Com Vítimas Feridas";"Plena Noite";"Decrescente";"Nublado";"Simples";"Curva";"Não";1;0;0;1;0;0;1;1;-13,49407706;-56,05190908;"SPRF-MT";"DEL06-MT";"UOP01-DEL06-MT"
274810;2020-03-12;"quinta-feira";"01:35:00";"SP";116;212;"GUARULHOS";"Ingestão de Álcool";"Colisão traseira";"Com Vítimas Feridas";"Plena Noite";"Decrescente";"Céu Claro";"Múltipla";"Reta";"Sim";2;0;1;0;1;0;1;2;-23,4365484;-46,42911499;"SPRF-SP";"DEL01-SP";"UOP01-DEL01-SP"
274811;2020-03-12;"quinta-feira";"02:40:00";"SC";101;96;"BALNEARIO PICARRAS";"Agressão Externa";"Incêndio";"Sem Vítimas";"Plena Noite";"Decrescente";"Céu Claro";"Simples";"Reta";"Sim";1;0;0;0;0;1;0;1;-26,718427;-48,70233;"SPRF-SC";"DEL03-SC";"UOP02-DEL03-SC"