"id";"data_inversa";"dia_semana";"horario";"uf";"br";"km";"municipio";"causa_acidente";"tipo_acidente";"classificacao_acidente";"fase_dia";"sentido_via";"condicao_metereologica";"tipo_pista";"tracado_via";"uso_solo";"pessoas";"mortos";"feridos_leves";"feridos_graves";"ilesos";"ignorados";"feridos";"veiculos";"latitude";"longitude";"regional";"delegacia";"uop"
274942;2020-03-12;"quinta-feira";"17:30:00";"MT";364;241;"JUSCIMEIRA";"Falta de Atenção à Condução";"Saída de leito carroçável";"Com Vítimas Feridas";"Anoitecer";"Crescente";"Céu Claro";"Dupla";"Curva";"Sim";1;0;0;1;0;0;1;1;-16,17086222;-54,79226759;"SPRF-MT";"DEL02-MT";"UOP01-DEL02-MT"
274943;2020-03-12;"quinta-feira";"18:30:00";"GO";364;194;"JATAI";"Defeito na Via";"Queda de ocupante de veículo";"Com Vítimas Feridas";"Anoitecer";"Decrescente";"Céu Claro";"Dupla";"Aclive";"Não";1;0;1;0;0;0;1;1;-17,922171;-51,704082;"SPRF-GO";"DEL05-GO";"UOP01-DEL05-GO"
274945;2020-03-12;"quinta-feira";"18:45:00";"ES";101;70;"SAO MATEUS";"Desobediência às normas de trânsito pelo condutor";"Colisão frontal";"Com Vítimas Feridas";"Plena Noite";"Crescente";"Nublado";"Simples";"Reta";"Não";2;0;1;0;1;0;1;2;-18,74453703;-39,86164665;"SPRF-ES";"DEL04-ES";"UOP02-DEL04-ES"
274946;2020-03-12;"quinta-feira";"18:30:00";"GO";60;325;"ACREUNA";"Falta de Atenção à Condução";"Saída de leito carroçável";"Com Vítimas Feridas";"Plena Noite";"Crescente";"Céu Claro";"Dupla";"Reta";"Não";5;0;4;0;1;0;4;1;-17,5204;-50,4872;"SPRF-GO";"DEL04-GO";"UOP01-DEL04-GO"
274947;2020-03-12;"quinta-feira";"19:10:00";"PR";369;156,1;"LONDRINA";"Defeito Mecânico no Veículo";"Tombamento";"Com Vítimas Feridas";"Plena Noite";"Crescente";"Céu Claro";"Dupla";"Reta;Declive";"Sim";2;0;1;1;0;0;2;1;-23,29115644;-51,21777993;"SPRF-PR";"DEL07-PR";"UOP01-DEL07-PR"
274949;2020-03-12;"quinta-feira";"16:40:00";"SC";470;97,5;"APIUNA";"Não guardar distância de segurança";"Colisão com objeto estático";"Com Vítimas Feridas";"Pleno dia";"Crescente";"Céu Claro";"Simples";"Curva";"Sim";1;0;1;0;0;0;1;1;-27,026621;-49,378124;"SPRF-SC";"DEL04-SC";"UOP01-DEL04-SC"
274952;2020-03-12;"quinta-feira";"17:45:00";"SC";280;56,5;"GUARAMIRIM";"Desobediência às normas de trânsito pelo condutor";"Colisão transversal";"Com Vítimas Feridas";"Pleno dia";"Crescente";"Nublado";"Simples";"Reta";"Não";3;0;0;1;1;1;1;2;-26,47933159;-49,00825024;"SPRF-SC";"DEL03-SC";"UOP03-DEL03-SC"
274953;2020-03-12;"quinta-feira";"18:05:00";"MT";163;844;"SINOP";"Avarias e/ou desgaste excessivo no pneu";"Tombamento";"Com Vítimas Feridas";"Anoitecer";"Crescente";"Nublado";"Simples";"Reta";"Não";2;0;2;0;0;0;2;1;-11,90744909;-55,50726663;"SPRF-MT";"DEL06-MT";"NPF/DEL06-MT"
274956;2020-03-12;"quinta-feira";"20:00:00";"MG";365;616;"UBERLANDIA";"Falta de Atenção do Pedestre";"Atropelamento de Pedestre";"Com Vítimas Feridas";"Plena Noite";"Decrescente";"Céu Claro";"Dupla";"Reta";"Sim";2;0;0;2;0;0;2;2;-18,884602;-48,26594;"SPRF-MG";"DEL15-MG";"UOP01-DEL15-MG"
274957;2020-03-12;"quinta-feira";"19:50:00";"PR";369;177,5;"ROLANDIA";"Animais na Pista";"Atropelamento de Animal";"Com Vítimas Feridas";"Plena Noite";"Crescente";"Nublado";"Simples";"Reta";"Sim";1;0;0;1;0;0;1;1;-23,34533461;-51,38658106;"SPRF-PR";"DEL07-PR";"UOP01-DEL07-PR"
274958;2020-03-12;"quinta-feira";"19:25:00";"PR";476;118;"COLOMBO";"Falta de Atenção do Pedestre";"Atropelamento de Pedestre";"Com Vítimas Feridas";"Plena Noite";"Decrescente";"Céu Claro";"Múltipla";"Declive;Curva";"Sim";3;0;0;2;0;1;2;2;-25,35634;-49,180828;"SPRF-PR";"DEL01-PR";"UOP07-DEL01-PR"
274959;2020-03-12;"quinta-feira";"19:28:00";"PR";277;7,4;"PARANAGUA";"Não guardar distância de segurança";"Colisão lateral";"Com Vítimas Feridas";"Plena Noite";"Decrescente";"Céu Claro";"Dupla";"Reta";"Não";2;0;1;0;1;0;1;2;-25,568198;-48,615292;"SPRF-PR";"DEL01-PR";"UOP05-DEL01-PR"
274960;2020-03-12;"quinta-feira";"20:10:00";"SC";280;55;"GUARAMIRIM";"Não guardar distância de segurança";"Colisão traseira";"Com Vítimas Feridas";"Plena Noite";"Crescente";"Céu Claro";"Simples";"Reta";"Sim";2;0;0;1;1;0;1;2;-26,47584353;-48,9937858;"SPRF-SC";"DEL03-SC";"UOP03-DEL03-SC"
274961;2020-03-12;"quinta-feira";"20:40:00";"PR";369;173;"ROLANDIA";"Ingestão de Álcool";"Tombamento";"Com Vítimas Feridas";"Plena Noite";"Decrescente";"Céu Claro";"Múltipla";"Retorno Regulamentado;Reta;Interseção de Vias";"Sim";1;0;0;1;0;0;1;1;-23,31029007;-51,36942599;"SPRF-PR";"DEL07-PR";"UOP01-DEL07-PR"
274963;2020-03-12;"quinta-feira";"20:30:00";"AL";104;37,1;"UNIAO DOS PALMARES";"Animais na Pista";"Atropelamento de Animal";"Com Vítimas Feridas";"Plena Noite";"Crescente";"Garoa/Chuvisco";"Simples";"Reta";"Não";2;0;1;0;1;0;1;1;-9,17491283;-36,02935415;"SPRF-AL";"DEL01-AL";"UOP02-DEL01-AL"
274965;2020-03-12;"quinta-feira";"19:55:00";"PR";163;286;"MARECHAL CANDIDO RONDON";"Desobediência às normas de trânsito pelo condutor";"Colisão frontal";"Com Vítimas Feridas";"Plena Noite";"Crescente";"Céu Claro";"Dupla";"Aclive;Reta";"Sim";2;0;0;1;1;0;1;2;-24,552;-54,041;"SPRF-PR";"DEL06-PR";"UOP02-DEL06-PR"
274968;2020-03-12;"quinta-feira";"11:30:00";"MT";163;682;"LUCAS DO RIO VERDE";"Falta de Atenção à Condução";"Saída de leito carroçável";"Com Vítimas Feridas";"Pleno dia";"Crescente";"Nublado";"Simples";"Reta";"Não";3;0;2;0;1;0;2;1;-13,22456585;-56,00445635;"SPRF-MT";"DEL06-MT";"UOP01-DEL06-MT"
274971;2020-03-12;"quinta-feira";"20:30:00";"GO";153;595;"PIRACANJUBA";"Defeito na Via";"Saída de leito carroçável";"Com Vítimas Feridas";"Pleno dia";"Decrescente";"Céu Claro";"Dupla";"Reta;Aclive";"Não";1;0;1;0;0;0;1;1;-17,5077;-49,2157;"SPRF-GO";"DEL03-GO";"UOP01-DEL03-GO"
274972;2020-03-12;"quinta-feira";"21:45:00";"MG";381;487;"CONTAGEM";"Falta de Atenção à Condução";"Colisão com objeto estático";"Sem Vítimas";"Plena Noite";"Crescente";"Céu Claro";"Múltipla";"Reta";"Sim";1;0;0;0;0;1;0;1;-19,95586853;-44,14609501;"SPRF-MG";"DEL01-MG";"UOP03-DEL01-MG"
274973;2020-03-12;"quinta-feira";"22:20:00";"SC";282;5;"SAO JOSE";"Desobediência às normas de trânsito pelo condutor";"Colisão lateral";"Com Vítimas Feridas";"Plena Noite";"Decrescente";"Céu Claro";"Múltipla";"Reta";"Sim";3;0;2;0;1;0;2;2;-27,588425;-48,612919;"SPRF-SC";"DEL01-SC";"UOP01-DEL01-SC"
274974;2020-03-12;"quinta-feira";"19:00:00";"RJ";40;41;"AREAL";"Ingestão de Álcool";"Atropelamento de Pedestre";"Com Vítimas Feridas";"Plena Noite";"Decrescente";"Céu Claro";"Dupla";"Reta";"Não";3;0;0;1;1;1;1;2;-22,24770805;-43,10581955;"SPRF-RJ";"DEL05-RJ";"UOP02-DEL05-RJ"
274975;2020-03-12;"quinta-feira";"22:05:00";"MG";116;709;"MURIAE";"Falta de Atenção à Condução";"Tombamento";"Com Vítimas Feridas";"Plena Noite";"Crescente";"Nublado";"Simples";"Curva";"Não";1;0;1;0;0;0;1;1;-21,14823358;-42,38250732;"SPRF-MG";"DEL07-MG";"UOP02-DEL07-MG"
274976;2020-03-12;"quinta-feira";"22:15:00";"TO";153;146,3;"ARAGUAINA";"Ingestão de Álcool";"Capotamento";"Com Vítimas Feridas";"Plena Noite";"Decrescente";"Nublado";"Dupla";"Reta";"Sim";1;0;0;1;0;0;1;1;-7,21337786;-48,24431331;"SPRF-TO";"DEL02-TO";"UOP01-DEL02-TO"
274978;2020-03-12;"quinta-feira";"19:15:00";"RJ";116;270;"BARRA MANSA";"Falta de Atenção à Condução";"Atropelamento de Pedestre";"Com Vítimas Feridas";"Plena Noite";"Crescente";"Céu Claro";"Simples";"Reta";"Sim";3;0;1;1;1;0;2;2;-22,56923335;-44,12024318;"SPRF-RJ";"DEL07-RJ";"UOP02-DEL07-RJ"
274979;2020-03-12;"quinta-feira";"22:50:00";"RJ";116;178;"NOVA IGUACU";"Não guardar distância de segurança";"Tombamento";"Com Vítimas Feridas";"Plena Noite";"Crescente";"Céu Claro";"Dupla";"Reta";"Sim";1;0;1;0;0;0;1;1;-22,77496393;-43,40081465;"SPRF-RJ";"DEL01-RJ";"UOP02-DEL01-RJ"
274980;2020-03-12;"quinta-feira";"20:49:00";"SC";282;543;"CHAPECO";"Falta de Atenção à Condução";"Colisão frontal";"Com Vítimas Feridas";"Plena Noite";"Crescente";"Céu Claro";"Simples";"Reta";"Não";2;0;1;0;1;0;1;2;-26,999392;-52,717831;"SPRF-SC";"DEL07-SC";"UOP01-DEL07-SC"
274981;2020-03-12;"quinta-feira";"22:50:00";"PB";230;2,9;"CABEDELO";"Falta de Atenção à Condução";"Colisão lateral";"Com Vítimas Feridas";"Plena Noite";"Crescente";"Chuva";"Dupla";"Reta";"Sim";3;0;1;1;1;0;2;2;-6,9837;-34,8295;"SPRF-PB";"DEL01-PB";"UOP01-DEL01-PB"
274982;2020-03-12;"quinta-feira";"21:00:00";"BA";135;147;"RIACHAO DAS NEVES";"Animais na Pista";"Atropelamento de Animal";"Sem Vítimas";"Plena Noite";"Decrescente";"Céu Claro";"Simples";"Reta";"Não";1;0;0;0;1;0;0;1;-11,89851171;-44,8668766;"SPRF-BA";"DEL10-BA";"UOP01-DEL10-BA"
274983;2020-03-12;"quinta-feira";"22:40:00";"PR";163;175,2;"LINDOESTE";"Condutor Dormindo";"Colisão com objeto estático";"Com Vítimas Feridas";"Plena Noite";"Decrescente";"Céu Claro";"Simples";"Reta";"Não";2;0;1;1;0;0;2;1;-25,21734703;-53,59537645;"SPRF-PR";"DEL05-PR";"UOP05-DEL05-PR"
274984;2020-03-12;"quinta-feira";"22:45:00";"SC";101;206;"SAO JOSE";"Falta de Atenção à Condução";"Colisão traseira";"Com Vítimas Feridas";"Plena Noite";"Decrescente";"Céu Claro";"Múltipla";"Reta";"Sim";3;0;2;0;1;0;2;2;-27,59193546;-48,61824557;"SPRF-SC";"DEL01-SC";"UOP01-DEL01-SC"
274985;2020-03-12;"quinta-feira";"12:00:00";"ES";262;3,9;"CARIACICA";"Desobediência às normas de trânsito pelo condutor";"Colisão lateral";"Com Vítimas Feridas";"Pleno dia";"Crescente";"Nublado";"Dupla";"Reta";"Sim";2;0;1;0;1;0;1;2;-20,33374432;-40,36910933;"SPRF-ES";"DEL01-ES";"UOP01-DEL01-ES"
274986;2020-03-12;"quinta-feira";"23:50:00";"CE";403;124,9;"SOBRAL";"Condutor Dormindo";"Saída de leito carroçável";"Com Vítimas Feridas";"Plena Noite";"Decrescente";"Nublado";"Simples";"Reta";"Não";1;0;1;0;0;0;1;1;-3,7381684;-40,48000574;"SPRF-CE";"DEL04-CE";"UOP01-DEL04-CE"
274989;2020-03-12;"quinta-feira";"23:40:00";"PA";230;120,8;"MARABA";"Pista Escorregadia";"Queda de ocupante de veículo";"Com Vítimas Feridas";"Plena Noite";"Crescente";"Chuva";"Dupla";"Curva";"Sim";2;0;0;1;1;0;1;1;-5,351318;-49,120542;"SPRF-PA";"DEL03-PA";"UOP01-DEL03-PA"
274991;2020-03-13;"sexta-feira";"00:10:00";"RS";116;247;"SAO LEOPOLDO";"Falta de Atenção à Condução";"Queda de ocupante de veículo";"Com Vítimas Feridas";"Plena Noite";"Crescente";"Céu Claro";"Dupla";"Reta";"Sim";1;0;1;0;0;0;1;1;-29,76733091;-51,1535296;"SPRF-RS";"DEL01-RS";"UOP02-DEL01-RS"
274995;2020-03-13;"sexta-feira";"01:10:00";"PB";101;38,9;"MAMANGUAPE";"Ingestão de Álcool";"Colisão com objeto estático";"Com Vítimas Feridas";"Plena Noite";"Decrescente";"Chuva";"Simples";"Interseção de Vias";"Sim";1;0;1;0;0;0;1;1;-6,84219492;-35,13599396;"SPRF-PB";"DEL01-PB";"UOP04-DEL01-PB"
274997;2020-03-13;"sexta-feira";"01:30:00";"RS";470;2,2;"BARRACAO";"Falta de Atenção à Condução";"Saída de leito carroçável";"Com Vítimas Feridas";"Plena Noite";"Crescente";"Céu Claro";"Simples";"Aclive";"Não";2;0;1;0;1;0;1;1;-27,61455904;-51,47493363;"SPRF-RS";"DEL08-RS";"UOP05-DEL08-RS"
275000;2020-03-13;"sexta-feira";"04:40:00";"RJ";116;189;"QUEIMADOS";"Ingestão de álcool e/ou substâncias psicoativas pelo pedestre";"Colisão lateral";"Com Vítimas Feridas";"Plena Noite";"Crescente";"Céu Claro";"Dupla";"Reta";"Não";1;0;1;0;0;0;1;1;-22,73486524;-43,55409622;"SPRF-RJ";"DEL01-RJ";"UOP02-DEL01-RJ"
275001;2020-03-13;"sexta-feira";"04:50:00";"DF";40;7,6;"BRASILIA";"Ingestão de Álcool";"Capotamento";"Sem Vítimas";"Plena Noite";"Decrescente";"Nublado";"Dupla";"Reta";"Sim";1;0;0;0;1;0;0;1;-16,038666;-47,979691;"SPRF-DF";"DEL01-DF";"UOP01-DEL01-DF"
275002;2020-03-13;"sexta-feira";"05:25:00";"SC";470;50,7;"BLUMENAU";"Falta de Atenção à Condução";"Colisão com objeto estático";"Com Vítimas Feridas";"Plena Noite";"Decrescente";"Céu Claro";"Simples";"Reta";"Sim";1;0;1;0;0;0;1;1;-26,859768;-49,074493;"SPRF-SC";"DEL04-SC";"UOP01-DEL04-SC"
275003;2020-03-13;"sexta-feira";"05:45:00";"PR";376;625,9;"SAO JOSE DOS PINHAIS";"Falta de Atenção à Condução";"Queda de ocupante de veículo";"Com Vítimas Feridas";"Amanhecer";"Crescente";"Nublado";"Simples";"Rotatória";"Não";1;0;1;0;0;0;1;1;-25,65218089;-49,15731458;"SPRF-PR";"DEL01-PR";"UOP01-DEL01-PR"
275005;2020-03-13;"sexta-feira";"05:30:00";"RS";470;154;"NOVA PRATA";"Ingestão de Álcool";"Colisão traseira";"Com Vítimas Feridas";"Amanhecer";"Decrescente";"Céu Claro";"Simples";"Reta";"Sim";3;0;1;0;2;0;1;2;-28,77711311;-51,61126545;"SPRF-RS";"DEL06-RS";"UOP02-DEL06-RS"
275007;2020-03-13;"sexta-feira";"05:00:00";"AL";101;79;"RIO LARGO";"Ingestão de álcool e/ou substâncias psicoativas pelo pedestre";"Saída de leito carroçável";"Com Vítimas Feridas";"Amanhecer";"Crescente";"Nublado";"Dupla";"Reta";"Sim";1;0;0;1;0;0;1;1;-9,440261;-35,836445;"SPRF-AL";"DEL01-AL";"UOP01-DEL01-AL"
275008;2020-03-12;"quinta-feira";"21:00:00";"RN";405;80,5;"APODI";"Deficiência ou não Acionamento do Sistema de Iluminação/Sinalização do Veículo";"Colisão traseira";"Com Vítimas Feridas";"Plena Noite";"Crescente";"Céu Claro";"Simples";"Reta";"Não";5;0;4;1;0;0;5;3;-5,68695;-37,792742;"SPRF-RN";"DEL04-RN";"UOP02-DEL04-RN"
275009;2020-03-13;"sexta-feira";"05:40:00";"RJ";101;61;"CAMPOS DOS GOYTACAZES";"Falta de Atenção à Condução";"Saída de leito carroçável";"Com Vítimas Feridas";"Amanhecer";"Crescente";"Garoa/Chuvisco";"Simples";"Reta";"Sim";1;0;1;0;0;0;1;1;-21,72655788;-41,32133519;"SPRF-RJ";"DEL08-RJ";"UOP01-DEL08-RJ"
275010;2020-03-13;"sexta-feira";"06:00:00";"GO";60;80,1;"ANAPOLIS";"Condutor Dormindo";"Saída de leito carroçável";"Sem Vítimas";"Amanhecer";"Crescente";"Céu Claro";"Dupla";"Aclive;Reta";"Não";1;0;0;0;1;0;0;1;-16,3053;-48,8208;"SPRF-GO";"DEL02-GO";"UOP01-DEL02-GO"
275011;2020-03-13;"sexta-feira";"05:40:00";"SE";101;110,1;"ITAPORANGA DAJUDA";"Pista Escorregadia";"Saída de leito carroçável";"Com Vítimas Feridas";"Amanhecer";"Crescente";"Chuva";"Dupla";"Curva";"Não";5;0;2;2;0;1;4;1;-10,96959411;-37,27937094;"SPRF-SE";"DEL02-SE";"UOP01-DEL02-SE"
275012;2020-03-12;"quinta-feira";"17:30:00";"PE";101;51;"PAULISTA";"Falta de Atenção à Condução";"Saída de leito carroçável";"Sem Vítimas";"Plena Noite";"Decrescente";"Céu Claro";"Simples";"Curva";"Sim";1;0;0;0;0;1;0;1;-7,9169968;-34,89689272;"SPRF-PE";"DEL01-PE";"UOP02-DEL01-PE"
275014;2020-03-13;"sexta-feira";"05:30:00";"MG";262;358;"BETIM";"Animais na Pista";"Atropelamento de Animal";"Com Vítimas Feridas";"Amanhecer";"Decrescente";"Céu Claro";"Múltipla";"Reta";"Sim";3;0;1;1;1;0;2;2;-19,97562699;-44,197751;"SPRF-MG";"DEL01-MG";"UOP03-DEL01-MG"
275016;2020-03-13;"sexta-feira";"05:55:00";"RS";471;163;"RIO PARDO";"Condutor Dormindo";"Saída de leito carroçável";"Sem Vítimas";"Amanhecer";"Crescente";"Céu Claro";"Simples";"Interseção de Vias";"Não";1;0;0;0;0;1;0;1;-29,931791;-52,389271;"SPRF-RS";"DEL02-RS";"UOP02-DEL02-RS"
275017;2020-03-13;"sexta-feira";"06:50:00";"RJ";116;166;"RIO DE JANEIRO";"Mal Súbito";"Colisão traseira";"Com Vítimas Feridas";"Pleno dia";"Decrescente";"Céu Claro";"Simples";"Reta";"Não";2;0;1;0;1;0;1;2;-22,81560263;-43,30051808;"SPRF-RJ";"DEL01-RJ";"UOP02-DEL01-RJ"
275018;2020-03-13;"sexta-feira";"07:00:00";"SP";153;61;"SAO JOSE DO RIO PRETO";"Falta de Atenção à Condução";"Colisão lateral";"Com Vítimas Feridas";"Pleno dia";"Crescente";"Céu Claro";"Dupla";"Reta";"Sim";2;0;1;0;0;1;1;2;-20,80490411;-49,35582161;"SPRF-SP";"DEL09-SP";"UOP01-DEL09-SP"
275021;2020-03-13;"sexta-feira";"01:00:00";"BA";415;60,1;"ITABUNA";"Velocidade Incompatível";"Capotamento";"Com Vítimas Feridas";"Plena Noite";"Decrescente";"Chuva";"Simples";"Curva";"Não";1;0;1;0;0;0;1;1;-14,81574494;-39,29612388;"SPRF-BA";"DEL05-BA";"UOP01-DEL05-BA"
275022;2020-03-13;"sexta-feira";"07:00:00";"RS";290;97,2;"PORTO ALEGRE";"Falta de Atenção à Condução";"Colisão traseira";"Com Vítimas Feridas";"Pleno dia";"Decrescente";"Céu Claro";"Dupla";"Reta";"Não";2;0;1;0;1;0;1;2;-29,99713138;-51,20986506;"SPRF-RS";"DEL01-RS";"UOP01-DEL01-RS"
275024;2020-03-13;"sexta-feira";"07:35:00";"SC";101;215,5;"PALHOCA";"Falta de Atenção à Condução";"Queda de ocupante de veículo";"Com Vítimas Feridas";"Pleno dia";"Crescente";"Céu Claro";"Dupla";"Rotatória";"Não";2;0;1;0;1;0;1;2;-27,65184843;-48,67604941;"SPRF-SC";"DEL01-SC";"UOP02-DEL01-SC"
275027;2020-03-13;"sexta-feira";"04:20:00";"PR";369;200,7;"APUCARANA";"Falta de Atenção à Condução";"Colisão traseira";"Sem Vítimas";"Plena Noite";"Decrescente";"Céu Claro";"Simples";"Reta";"Sim";4;0;0;0;4;0;0;2;-23,533311;-51,455239;"SPRF-PR";"DEL07-PR";"UOP03-DEL07-PR"
275028;2020-03-13;"sexta-feira";"06:00:00";"SC";101;215,5;"PALHOCA";"Falta de Atenção à Condução";"Colisão transversal";"Com Vítimas Feridas";"Amanhecer";"Crescente";"Céu Claro";"Simples";"Rotatória";"Sim";2;0;0;1;1;0;1;2;-27,65561153;-48,67913246;"SPRF-SC";"DEL01-SC";"UOP02-DEL01-SC"
275029;2020-03-13;"sexta-feira";"07:20:00";"BA";101;714,5;"EUNAPOLIS";"Desobediência às normas de trânsito pelo condutor";"Colisão transversal";"Com Vítimas Feridas";"Pleno dia";"Decrescente";"Nublado";"Simples";"Reta";"Sim";2;0;1;0;1;0;1;2;-16,35125504;-39,58007097;"SPRF-BA";"DEL09-BA";"UOP01-DEL09-BA"
275030;2020-03-13;"sexta-feira";"05:50:00";"RO";364;423;"JARU";"Falta de Atenção do Pedestre";"Atropelamento de Pedestre";"Com Vítimas Feridas";"Amanhecer";"Decrescente";"Céu Claro";"Simples";"Ponte;Reta";"Sim";3;0;0;3;0;0;3;2;-10,45220802;-62,46072003;"SPRF-RO";"DEL03-RO";"UOP02-DEL03-RO"
275031;2020-03-13;"sexta-feira";"07:50:00";"PR";277;725,1;"FOZ DO IGUACU";"Falta de Atenção à Condução";"Colisão traseira";"Com Vítimas Feridas";"Pleno dia";"Crescente";"Céu Claro";"Dupla";"Declive;Reta";"Sim";3;0;2;0;0;1;2;2;-25,50823541;-54,54619865;"SPRF-PR";"DEL05-PR";"UOP03-DEL05-PR"
275032;2020-03-13;"sexta-feira";"08:20:00";"SC";101;141;"BALNEARIO CAMBORIU";"Velocidade Incompatível";"Colisão traseira";"Com Vítimas Feridas";"Pleno dia";"Decrescente";"Céu Claro";"Simples";"Reta";"Sim";3;0;1;0;2;0;1;3;-27,04761729;-48,59995855;"SPRF-SC";"DEL04-SC";"UOP03-DEL04-SC"
275033;2020-03-13;"sexta-feira";"04:10:00";"RO";364;753;"PORTO VELHO";"Animais na Pista";"Atropelamento de Animal";"Sem Vítimas";"Amanhecer";"Decrescente";"Nevoeiro/Neblina";"Simples";"Reta";"Não";1;0;0;0;1;0;0;1;-9,07190611;-64,03898899;"SPRF-RO";"DEL01-RO";"UOP02-DEL01-RO"
275036;2020-03-13;"sexta-feira";"06:40:00";"MG";40;516;"RIBEIRAO DAS NEVES";"Falta de Atenção à Condução";"Colisão lateral";"Com Vítimas Feridas";"Pleno dia";"Crescente";"Céu Claro";"Dupla";"Reta";"Sim";2;0;1;0;1;0;1;2;-19,81628624;-44,08960124;"SPRF-MG";"DEL01-MG";"UOP02-DEL01-MG"
275038;2020-03-13;"sexta-feira";"08:00:00";"GO";40;4;"VALPARAISO DE GOIAS";"Falta de Atenção à Condução";"Engavetamento";"Com Vítimas Feridas";"Pleno dia";"Decrescente";"Nublado";"Dupla";"Reta";"Sim";4;0;1;0;3;0;1;3;-16,085241;-47,986752;"SPRF-DF";"DEL01-DF";"UOP01-DEL01-DF"
275039;2020-03-13;"sexta-feira";"08:00:00";"RJ";116;181;"NOVA IGUACU";"Falta de Atenção à Condução";"Colisão traseira";"Com Vítimas Feridas";"Pleno dia";"Decrescente";"Céu Claro";"Dupla";"Reta";"Sim";4;0;1;0;3;0;1;4;-22,761312;-43,423492;"SPRF-RJ";"DEL01-RJ";"UOP02-DEL01-RJ"
275040;2020-03-13;"sexta-feira";"07:40:00";"PE";428;186;"PETROLINA";"Não guardar distância de segurança";"Colisão traseira";"Com Vítimas Feridas";"Pleno dia";"Crescente";"Céu Claro";"Simples";"Reta";"Sim";2;0;1;0;1;0;1;2;-9,34807826;-40,47441248;"SPRF-PE";"DEL06-PE";"UOP01-DEL06-PE"
275042;2020-03-13;"sexta-feira";"08:50:00";"PE";101;69;"RECIFE";"Não guardar distância de segurança";"Colisão traseira";"Com Vítimas Feridas";"Pleno dia";"Crescente";"Céu Claro";"Múltipla";"Reta";"Não";3;0;2;0;1;0;2;2;-8,05951606;-34,94581024;"SPRF-PE";"DEL01-PE";"UOP01-DEL01-PE"
275044;2020-03-13;"sexta-feira";"08:30:00";"SP";116;230;"SAO PAULO";"Falta de Atenção à Condução";"Colisão lateral";"Sem Vítimas";"Pleno dia";"Crescente";"Céu Claro";"Múltipla";"Reta";"Sim";2;0;0;0;2;0;0;2;-23,52251783;-46,5855702;"SPRF-SP";"DEL01-SP";"UOP01-DEL01-SP"
275045;2020-03-13;"sexta-feira";"08:10:00";"ES";262;100;"VENDA NOVA DO IMIGRANTE";"Desobediência às normas de trânsito pelo condutor";"Colisão frontal";"Com Vítimas Feridas";"Pleno dia";"Crescente";"Nublado";"Simples";"Curva";"Não";2;0;0;2;0;0;2;2;-20,34889991;-41,102073;"SPRF-ES";"DEL01-ES";"UOP02-DEL01-ES"
275047;2020-03-13;"sexta-feira";"09:00:00";"DF";60;18;"BRASILIA";"Condutor Dormindo";"Saída de leito carroçável";"Com Vítimas Feridas";"Pleno dia";"Decrescente";"Céu Claro";"Dupla";"Reta";"Não";2;0;1;0;1;0;1;1;-15,967793;-48,183559;"SPRF-DF";"DEL03-DF";"UOP01-DEL03-DF"
275048;2020-03-13;"sexta-feira";"08:45:00";"MG";365;301;"SAO GONCALO DO ABAETE";"Defeito na Via";"Saída de leito carroçável";"Com Vítimas Feridas";"Pleno dia";"Decrescente";"Céu Claro";"Simples";"Reta";"Não";1;0;1;0;0;0;1;1;-18,15533592;-45,76427607;"SPRF-MG";"DEL10-MG";"UOP01-DEL10-MG"
275049;2020-03-13;"sexta-feira";"09:10:00";"SC";101;90,6;"BARRA VELHA";"Não guardar distância de segurança";"Colisão traseira";"Com Vítimas Feridas";"Pleno dia";"Crescente";"Sol";"Dupla";"Reta";"Não";3;0;2;0;1;0;2;2;-26,66148503;-48,68866176;"SPRF-SC";"DEL03-SC";"UOP02-DEL03-SC"
275050;2020-03-13;"sexta-feira";"09:30:00";"PB";101;23,5;"RIO TINTO";"Avarias e/ou desgaste excessivo no pneu";"Tombamento";"Com Vítimas Feridas";"Pleno dia";"Decrescente";"Nublado";"Dupla";"Curva";"Não";2;0;2;0;0;0;2;1;-6,69006397;-35,11528625;"SPRF-PB";"DEL01-PB";"UOP04-DEL01-PB"
275051;2020-03-13;"sexta-feira";"09:55:00";"GO";153;502,8;"GOIANIA";"Falta de Atenção à Condução";"Colisão traseira";"Com Vítimas Feridas";"Pleno dia";"Crescente";"Céu Claro";"Dupla";"Reta";"Sim";2;0;1;0;0;1;1;2;-16,7287;-49,2424;"SPRF-GO";"DEL01-GO";"UOP01-DEL01-GO"
275052;2020-03-13;"sexta-feira";"09:00:00";"PR";116;10,5;"COLOMBO";"Desobediência às normas de trânsito pelo condutor";"Colisão lateral";"Com Vítimas Feridas";"Pleno dia";"Crescente";"Sol";"Dupla";"Reta";"Sim";2;0;1;0;1;0;1;2;-25,3719;-49,134;"SPRF-PR";"DEL01-PR";"UOP01-DEL01-PR"
275054;2020-03-13;"sexta-feira";"07:15:00";"AC";364;139;"RIO BRANCO";"Falta de Atenção à Condução";"Colisão lateral";"Com Vítimas Feridas";"Pleno dia";"Decrescente";"Chuva";"Dupla";"Rotatória";"Sim";4;0;2;0;1;1;2;3;-9,95359291;-67,86119892;"SPRF-AC";"DEL01-AC";"UOP01-DEL01-AC"
275056;2020-03-13;"sexta-feira";"08:30:00";"PI";343;559,6;"AMARANTE";"Pista Escorregadia";"Colisão com objeto estático";"Com Vítimas Feridas";"Pleno dia";"Crescente";"Chuva";"Simples";"Curva";"Não";4;0;1;0;3;0;1;1;-6,652987;-42,882874;"SPRF-PI";"DEL03-PI";"UOP01-DEL03-PI"