"id";"data_inversa";"dia_semana";"horario";"uf";"br";"km";"municipio";"causa_acidente";"tipo_acidente";"classificacao_acidente";"fase_dia";"sentido_via";"condicao_metereologica";"tipo_pista";"tracado_via";"uso_solo";"pessoas";"mortos";"feridos_leves";"feridos_graves";"ilesos";"ignorados";"feridos";"veiculos";"latitude";"longitude";"regional";"delegacia";"uop"
275057;2020-02-23;"domingo";"15:50:00";"MG";365;109,9;"JEQUITAI";"Velocidade Incompatível";"Saída de leito carroçável";"Com Vítimas Fatais";"Pleno dia";"Decrescente";"Chuva";"Simples";"Reta";"Não";1;1;0;0;0;0;0;1;-17,20168876;-44,61491494;"SPRF-MG";"DEL12-MG";"UOP01-DEL12-MG"
275059;2020-03-13;"sexta-feira";"10:55:00";"SC";101;214,5;"PALHOCA";"Falta de Atenção à Condução";"Colisão lateral";"Com Vítimas Feridas";"Pleno dia";"Decrescente";"Céu Claro";"Múltipla";"Reta";"Sim";2;0;1;0;1;0;1;2;-27,65023264;-48,67466927;"SPRF-SC";"DEL01-SC";"UOP02-DEL01-SC"
275060;2020-03-13;"sexta-feira";"11:20:00";"MG";365;2;"MONTES CLAROS";"Falta de Atenção à Condução";"Colisão traseira";"Com Vítimas Feridas";"Pleno dia";"Decrescente";"Céu Claro";"Simples";"Reta";"Não";2;0;0;1;1;0;1;2;-16,7867312;-43,89178071;"SPRF-MG";"DEL12-MG";"UOP01-DEL12-MG"
275061;2020-03-13;"sexta-feira";"11:30:00";"PR";272;367;"CAMPO MOURAO";"Desobediência às normas de trânsito pelo condutor";"Colisão lateral";"Com Vítimas Feridas";"Pleno dia";"Crescente";"Sol";"Dupla";"Reta";"Sim";3;0;2;0;1;0;2;2;-24,05071171;-52,40231937;"SPRF-PR";"DEL09-PR";"UOP03-DEL09-PR"
275062;2020-03-13;"sexta-feira";"11:10:00";"PR";116;17;"CURITIBA";"Mal Súbito";"Colisão com objeto estático";"Com Vítimas Feridas";"Pleno dia";"Decrescente";"Chuva";"Dupla";"Reta";"Não";1;0;1;0;0;0;1;1;-25,389092;-49,195341;"SPRF-PR";"DEL01-PR";"UOP01-DEL01-PR"
275063;2020-03-13;"sexta-feira";"11:40:00";"ES";101;254,2;"SERRA";"Falta de Atenção do Pedestre";"Atropelamento de Pedestre";"Com Vítimas Feridas";"Pleno dia";"Crescente";"Céu Claro";"Simples";"Reta";"Sim";3;0;0;1;1;1;1;2;-20,11251578;-40,32428926;"SPRF-ES";"DEL02-ES";"UOP01-DEL02-ES"
275064;2020-03-13;"sexta-feira";"05:00:00";"RN";101;105;"PARNAMIRIM";"Falta de Atenção à Condução";"Saída de leito carroçável";"Sem Vítimas";"Pleno dia";"Decrescente";"Chuva";"Múltipla";"Reta";"Sim";1;0;0;0;0;1;0;1;-5,90165196;-35,25928517;"SPRF-RN";"DEL01-RN";"UOP01-DEL01-RN"
275066;2020-03-13;"sexta-feira";"11:35:00";"PR";467;105;"CASCAVEL";"Falta de Atenção à Condução";"Saída de leito carroçável";"Com Vítimas Feridas";"Pleno dia";"Decrescente";"Sol";"Dupla";"Reta";"Não";1;0;1;0;0;0;1;1;-24,9131439;-53,49772722;"SPRF-PR";"DEL04-PR";"UOP01-DEL04-PR"
275068;2020-03-13;"sexta-feira";"12:10:00";"ES";101;260,9;"SERRA";"Velocidade Incompatível";"Queda de ocupante de veículo";"Com Vítimas Feridas";"Pleno dia";"Decrescente";"Céu Claro";"Simples";"Declive;Reta";"Sim";1;0;1;0;0;0;1;1;-20,14616415;-40,28836206;"SPRF-ES";"DEL02-ES";"UOP01-DEL02-ES"
275071;2020-03-13;"sexta-feira";"09:50:00";"SC";470;80,4;"RODEIO";"Falta de Atenção à Condução";"Colisão transversal";"Com Vítimas Feridas";"Pleno dia";"Decrescente";"Sol";"Simples";"Curva";"Não";2;0;0;1;1;0;1;2;-26,948805;-49,316097;"SPRF-SC";"DEL04-SC";"UOP01-DEL04-SC"
275072;2020-03-13;"sexta-feira";"10:55:00";"MS";163;484,4;"CAMPO GRANDE";"Falta de Atenção à Condução";"Colisão transversal";"Com Vítimas Feridas";"Pleno dia";"Decrescente";"Céu Claro";"Simples";"Interseção de Vias";"Sim";2;0;2;0;0;0;2;2;-20,45104898;-54,5403266;"SPRF-MS";"DEL01-MS";"UOP02-DEL01-MS"
275073;2020-03-13;"sexta-feira";"12:00:00";"BA";116;421;"FEIRA DE SANTANA";"Falta de Atenção à Condução";"Colisão traseira";"Com Vítimas Feridas";"Pleno dia";"Crescente";"Sol";"Múltipla";"Reta";"Sim";2;0;0;1;1;0;1;2;-12,211936;-38,96567;"SPRF-BA";"DEL02-BA";"UOP01-DEL02-BA"
275074;2020-03-13;"sexta-feira";"09:20:00";"RJ";40;80;"PETROPOLIS";"Falta de Atenção à Condução";"Colisão com objeto estático";"Com Vítimas Feridas";"Pleno dia";"Crescente";"Céu Claro";"Simples";"Reta";"Não";2;0;1;0;1;0;1;1;-22,49798597;-43,22878703;"SPRF-RJ";"DEL06-RJ";"UOP01-DEL06-RJ"
275075;2020-03-13;"sexta-feira";"10:20:00";"SC";101;125,7;"ITAJAI";"Defeito Mecânico no Veículo";"Tombamento";"Com Vítimas Feridas";"Pleno dia";"Decrescente";"Sol";"Dupla";"Curva";"Não";2;0;2;0;0;0;2;1;-26,94802427;-48,68338515;"SPRF-SC";"DEL04-SC";"UOP04-DEL04-SC"
275078;2020-03-13;"sexta-feira";"12:45:00";"ES";101;241,5;"SERRA";"Falta de Atenção à Condução";"Colisão transversal";"Com Vítimas Feridas";"Pleno dia";"Crescente";"Nublado";"Simples";"Interseção de Vias";"Não";5;0;1;2;2;0;3;2;-20,02836491;-40,39804816;"SPRF-ES";"DEL02-ES";"UOP01-DEL02-ES"
275079;2020-03-13;"sexta-feira";"12:45:00";"DF";20;16;"BRASILIA";"Falta de Atenção à Condução";"Colisão lateral";"Com Vítimas Feridas";"Pleno dia";"Crescente";"Céu Claro";"Dupla";"Reta";"Sim";2;0;0;1;1;0;1;2;-15,624663;-47,723194;"SPRF-DF";"DEL02-DF";"UOP01-DEL02-DF"
275080;2020-03-09;"segunda-feira";"16:35:00";"MS";163;258,2;"DOURADOS";"Desobediência às normas de trânsito pelo condutor";"Colisão transversal";"Com Vítimas Feridas";"Pleno dia";"Crescente";"Céu Claro";"Dupla";"Rotatória";"Sim";2;0;1;0;0;1;1;2;-22,25859;-54,783592;"SPRF-MS";"DEL04-MS";"UOP01-DEL04-MS"
275082;2020-03-13;"sexta-feira";"11:10:00";"SP";153;170,6;"GUAICARA";"Falta de Atenção à Condução";"Colisão frontal";"Com Vítimas Feridas";"Pleno dia";"Crescente";"Sol";"Simples";"Reta";"Não";3;0;1;0;2;0;1;2;-21,59723102;-49,78493471;"SPRF-SP";"DEL07-SP";"UOP01-DEL07-SP"
275083;2020-03-13;"sexta-feira";"13:10:00";"PR";476;144;"CURITIBA";"Falta de Atenção à Condução";"Saída de leito carroçável";"Com Vítimas Feridas";"Pleno dia";"Crescente";"Céu Claro";"Dupla";"Reta;Declive";"Sim";2;0;1;0;0;1;1;2;-25,54728514;-49,32124659;"SPRF-PR";"DEL01-PR";"UOP06-DEL01-PR"
275084;2020-03-13;"sexta-feira";"08:50:00";"PE";232;78,8;"GRAVATA";"Falta de Atenção à Condução";"Colisão lateral";"Com Vítimas Feridas";"Pleno dia";"Crescente";"Sol";"Simples";"Reta";"Sim";2;0;1;0;1;0;1;2;-8,19343658;-35,55186505;"SPRF-PE";"DEL02-PE";"UOP02-DEL02PE"
275085;2020-03-13;"sexta-feira";"10:30:00";"PR";376;520;"PONTA GROSSA";"Defeito Mecânico no Veículo";"Queda de ocupante de veículo";"Com Vítimas Feridas";"Pleno dia";"Crescente";"Céu Claro";"Dupla";"Reta";"Não";2;0;2;0;0;0;2;1;-25,283912;-49,910985;"SPRF-PR";"DEL03-PR";"UOP04-DEL03-PR"
275086;2020-03-13;"sexta-feira";"13:15:00";"PR";376;170,8;"MARINGA";"Não guardar distância de segurança";"Colisão traseira";"Com Vítimas Feridas";"Pleno dia";"Decrescente";"Sol";"Dupla";"Reta";"Não";7;0;4;0;3;0;4;2;-23,41595703;-51,97950402;"SPRF-PR";"DEL09-PR";"UOP01-DEL09-PR"
275087;2020-03-13;"sexta-feira";"13:10:00";"RS";116;256,8;"ESTEIO";"Falta de Atenção à Condução";"Colisão traseira";"Com Vítimas Feridas";"Pleno dia";"Crescente";"Sol";"Dupla";"Reta";"Sim";2;0;1;0;1;0;1;2;-29,84393699;-51,17728603;"SPRF-RS";"DEL01-RS";"UOP02-DEL01-RS"
275089;2020-03-13;"sexta-feira";"12:47:00";"SC";101;95,2;"BARRA VELHA";"Velocidade Incompatível";"Colisão transversal";"Com Vítimas Feridas";"Pleno dia";"Decrescente";"Céu Claro";"Simples";"Reta";"Não";3;0;0;1;2;0;1;3;-26,71513874;-48,70222092;"SPRF-SC";"DEL03-SC";"UOP02-DEL03-SC"
275091;2020-03-13;"sexta-feira";"06:30:00";"PI";135;457;"MONTE ALEGRE DO PIAUI";"Defeito na Via";"Saída de leito carroçável";"Com Vítimas Feridas";"Pleno dia";"Crescente";"Céu Claro";"Simples";"Declive";"Não";4;0;2;0;2;0;2;1;-9,56240733;-44,96876211;"SPRF-PI";"DEL03-PI";"UOP02-DEL03-PI"
275092;2020-03-13;"sexta-feira";"13:40:00";"RN";101;107;"PARNAMIRIM";"Desobediência às normas de trânsito pelo pedestre";"Atropelamento de Pedestre";"Com Vítimas Feridas";"Pleno dia";"Crescente";"Nublado";"Múltipla";"Reta";"Sim";2;0;1;0;1;0;1;2;-5,91920796;-35,26412409;"SPRF-RN";"DEL01-RN";"UOP01-DEL01-RN"
275094;2020-03-13;"sexta-feira";"13:45:00";"PR";476;74;"BOCAIUVA DO SUL";"Desobediência às normas de trânsito pelo condutor";"Saída de leito carroçável";"Com Vítimas Feridas";"Pleno dia";"Crescente";"Céu Claro";"Simples";"Curva";"Não";2;0;1;0;1;0;1;1;-25,099604;-49,096745;"SPRF-PR";"DEL01-PR";"UOP07-DEL01-PR"
275096;2020-03-13;"sexta-feira";"13:25:00";"PB";101;104,9;"ALHANDRA";"Pista Escorregadia";"Saída de leito carroçável";"Sem Vítimas";"Pleno dia";"Crescente";"Chuva";"Dupla";"Reta";"Não";1;0;0;0;1;0;0;1;-7,30029088;-34,93888622;"SPRF-PB";"DEL01-PB";"UOP01-DEL01-PB"
275097;2020-03-13;"sexta-feira";"14:05:00";"PE";423;96,4;"GARANHUNS";"Desobediência às normas de trânsito pelo condutor";"Colisão frontal";"Com Vítimas Feridas";"Pleno dia";"Decrescente";"Céu Claro";"Simples";"Curva";"Sim";2;0;1;1;0;0;2;2;-8,88021822;-36,48651678;"SPRF-PE";"DEL03-PE";"UOP01-DEL03-PE"
275099;2020-03-13;"sexta-feira";"14:30:00";"MG";40;455,5;"CAETANOPOLIS";"Pista Escorregadia";"Tombamento";"Com Vítimas Feridas";"Pleno dia";"Crescente";"Céu Claro";"Dupla";"Aclive";"Sim";2;0;2;0;0;0;2;1;-19,35767518;-44,34735515;"SPRF-MG";"DEL02-MG";"UOP01-DEL02-MG"
275100;2020-03-13;"sexta-feira";"12:12:00";"SC";470;122,9;"IBIRAMA";"Ultrapassagem Indevida";"Colisão lateral";"Com Vítimas Feridas";"Pleno dia";"Decrescente";"Sol";"Simples";"Curva";"Sim";2;0;1;0;1;0;1;2;-27,099888;-49,527679;"SPRF-SC";"DEL04-SC";"UOP02-DEL04-SC"
275101;2020-03-13;"sexta-feira";"14:30:00";"GO";153;543;"HIDROLANDIA";"Pista Escorregadia";"Saída de leito carroçável";"Com Vítimas Feridas";"Pleno dia";"Crescente";"Chuva";"Dupla";"Curva";"Não";2;0;2;0;0;0;2;1;-17,0814;-49,2246;"SPRF-GO";"DEL01-GO";"UOP03-DEL01-GO"
275102;2020-03-13;"sexta-feira";"14:18:00";"RJ";101;334;"RIO DE JANEIRO";"Falta de Atenção à Condução";"Colisão traseira";"Com Vítimas Feridas";"Pleno dia";"Decrescente";"Céu Claro";"Dupla";"Reta";"Não";2;0;1;0;1;0;1;2;-22,88517902;-43,21704364;"SPRF-RJ";"DEL02-RJ";"UOP01-DEL02-RJ"
275103;2020-03-13;"sexta-feira";"13:40:00";"ES";101;447,3;"MIMOSO DO SUL";"Ultrapassagem Indevida";"Colisão frontal";"Com Vítimas Feridas";"Pleno dia";"Crescente";"Chuva";"Simples";"Reta";"Não";3;0;0;2;1;0;2;2;-21,12405791;-41,27538314;"SPRF-ES";"DEL03-ES";"UOP02-DEL03-ES"
275104;2020-03-13;"sexta-feira";"14:55:00";"RS";290;95;"PORTO ALEGRE";"Falta de Atenção à Condução";"Queda de ocupante de veículo";"Com Vítimas Feridas";"Pleno dia";"Decrescente";"Céu Claro";"Dupla";"Reta";"Não";2;0;1;0;1;0;1;2;-29,982832;-51,201572;"SPRF-RS";"DEL01-RS";"UOP01-DEL01-RS"
275107;2020-03-13;"sexta-feira";"14:00:00";"PR";476;118,5;"COLOMBO";"Falta de Atenção à Condução";"Saída de leito carroçável";"Com Vítimas Feridas";"Pleno dia";"Crescente";"Céu Claro";"Dupla";"Reta";"Sim";3;0;1;0;2;0;1;3;-25,35634;-49,180828;"SPRF-PR";"DEL01-PR";"UOP07-DEL01-PR"
275110;2020-03-13;"sexta-feira";"07:00:00";"GO";40;0,5;"VALPARAISO DE GOIAS";"Falta de Atenção à Condução";"Colisão traseira";"Sem Vítimas";"Pleno dia";"Decrescente";"Nublado";"Dupla";"Reta";"Sim";1;0;0;0;0;1;0;1;-16,0530232;-47,9818362;"SPRF-DF";"DEL01-DF";"UOP01-DEL01-DF"
275111;2020-03-13;"sexta-feira";"16:12:00";"PE";101;43,8;"IGARASSU";"Falta de Atenção à Condução";"Capotamento";"Com Vítimas Feridas";"Pleno dia";"Crescente";"Chuva";"Dupla";"Interseção de Vias";"Sim";1;0;1;0;0;0;1;1;-7,84753808;-34,90977038;"SPRF-PE";"DEL01-PE";"UOP02-DEL01-PE"
275112;2020-03-13;"sexta-feira";"15:10:00";"GO";153;176;"CAMPINORTE";"Agressão Externa";"Colisão com objeto em movimento";"Sem Vítimas";"Pleno dia";"Decrescente";"Céu Claro";"Simples";"Reta";"Sim";2;0;0;0;2;0;0;1;-14,31039;-49,148968;"SPRF-GO";"DEL07-GO";"UOP01-DEL07-GO"
275113;2020-03-13;"sexta-feira";"16:00:00";"RJ";101;235;"SILVA JARDIM";"Falta de Atenção à Condução";"Saída de leito carroçável";"Com Vítimas Feridas";"Pleno dia";"Crescente";"Nublado";"Dupla";"Reta";"Não";2;0;1;0;1;0;1;1;-22,60858516;-42,39497192;"SPRF-RJ";"DEL02-RJ";"UOP03-DEL02-RJ"
275116;2020-03-13;"sexta-feira";"13:10:00";"AC";364;125;"RIO BRANCO";"Desobediência às normas de trânsito pelo condutor";"Colisão transversal";"Com Vítimas Feridas";"Pleno dia";"Crescente";"Nublado";"Dupla";"Rotatória";"Sim";2;0;1;0;1;0;1;2;-10,01128432;-67,79807925;"SPRF-AC";"DEL01-AC";"UOP01-DEL01-AC"
275118;2020-03-13;"sexta-feira";"15:35:00";"RS";471;169,1;"RIO PARDO";"Mal Súbito";"Colisão frontal";"Com Vítimas Feridas";"Pleno dia";"Crescente";"Céu Claro";"Simples";"Reta";"Não";3;0;1;0;2;0;1;3;-29,97938;-52,371593;"SPRF-RS";"DEL02-RS";"UOP02-DEL02-RS"
275119;2020-03-13;"sexta-feira";"15:10:00";"ES";262;41;"DOMINGOS MARTINS";"Ingestão de Álcool";"Colisão com objeto estático";"Com Vítimas Feridas";"Pleno dia";"Decrescente";"Chuva";"Simples";"Curva";"Não";1;0;0;1;0;0;1;1;-20,38492215;-40,64441442;"SPRF-ES";"DEL01-ES";"UOP01-DEL01-ES"
275120;2020-03-13;"sexta-feira";"14:50:00";"PE";101;43,5;"IGARASSU";"Falta de Atenção à Condução";"Colisão lateral";"Com Vítimas Feridas";"Pleno dia";"Decrescente";"Nublado";"Múltipla";"Reta";"Sim";2;0;1;0;1;0;1;2;-7,84753808;-34,90977038;"SPRF-PE";"DEL01-PE";"UOP02-DEL01-PE"
275121;2020-03-13;"sexta-feira";"15:50:00";"DF";20;9,2;"BRASILIA";"Falta de Atenção à Condução";"Colisão traseira";"Com Vítimas Feridas";"Pleno dia";"Crescente";"Céu Claro";"Dupla";"Reta";"Sim";2;0;0;1;1;0;1;2;-15,654671;-47,782917;"SPRF-DF";"DEL02-DF";"UOP01-DEL02-DF"
275122;2020-03-13;"sexta-feira";"15:30:00";"SP";116;150,5;"SAO JOSE DOS CAMPOS";"Não guardar distância de segurança";"Queda de ocupante de veículo";"Com Vítimas Feridas";"Pleno dia";"Crescente";"Céu Claro";"Múltipla";"Aclive";"Sim";3;0;2;0;1;0;2;2;-23,21561372;-45,89551449;"SPRF-SP";"DEL02-SP";"UOP01-DEL02-SP"
275124;2020-03-13;"sexta-feira";"15:20:00";"MG";381;556,9;"ITAGUARA";"Pista Escorregadia";"Colisão com objeto estático";"Sem Vítimas";"Pleno dia";"Decrescente";"Chuva";"Dupla";"Curva;Aclive";"Não";3;0;0;0;3;0;0;1;-20,349364;-44,444421;"SPRF-MG";"DEL04-MG";"UOP03-DEL04-MG"
275125;2020-03-13;"sexta-feira";"16:00:00";"SC";101;212;"PALHOCA";"Falta de Atenção à Condução";"Queda de ocupante de veículo";"Com Vítimas Feridas";"Pleno dia";"Decrescente";"Céu Claro";"Múltipla";"Reta";"Não";2;0;1;0;1;0;1;2;-27,62996929;-48,65903871;"SPRF-SC";"DEL01-SC";"UOP02-DEL01-SC"
275126;2020-03-13;"sexta-feira";"14:10:00";"RO";364;417,9;"JARU";"Avarias e/ou desgaste excessivo no pneu";"Saída de leito carroçável";"Com Vítimas Feridas";"Pleno dia";"Decrescente";"Nublado";"Simples";"Curva";"Não";2;0;0;2;0;0;2;1;-10,49204616;-62,42765112;"SPRF-RO";"DEL03-RO";"UOP02-DEL03-RO"
275127;2020-03-13;"sexta-feira";"16:05:00";"SC";470;64;"INDAIAL";"Falta de Atenção à Condução";"Colisão traseira";"Com Vítimas Feridas";"Pleno dia";"Crescente";"Sol";"Simples";"Reta";"Não";2;0;1;0;1;0;1;2;-26,869867;-49,201859;"SPRF-SC";"DEL04-SC";"UOP01-DEL04-SC"
275129;2020-03-13;"sexta-feira";"15:18:00";"RJ";101;321;"NITEROI";"Falta de Atenção à Condução";"Colisão traseira";"Com Vítimas Feridas";"Pleno dia";"Decrescente";"Céu Claro";"Dupla";"Reta";"Sim";5;0;1;0;4;0;1;4;-22,86981096;-43,11046465;"SPRF-RJ";"DEL02-RJ";"UOP01-DEL02-RJ"
275130;2020-03-13;"sexta-feira";"16:00:00";"MG";40;516;"RIBEIRAO DAS NEVES";"Falta de Atenção à Condução";"Colisão lateral";"Com Vítimas Feridas";"Pleno dia";"Crescente";"Céu Claro";"Dupla";"Reta";"Sim";2;0;1;0;0;1;1;2;-19,81628624;-44,08960124;"SPRF-MG";"DEL01-MG";"UOP02-DEL01-MG"
275131;2020-03-13;"sexta-feira";"16:55:00";"PR";369;167;"CAMBE";"Falta de Atenção à Condução";"Colisão lateral";"Sem Vítimas";"Pleno dia";"Crescente";"Céu Claro";"Dupla";"Reta";"Sim";2;0;0;0;2;0;0;2;-23,296;-51,315;"SPRF-PR";"DEL07-PR";"UOP01-DEL07-PR"
275133;2020-03-13;"sexta-feira";"17:15:00";"PR";376;601;"CURITIBA";"Falta de Atenção à Condução";"Colisão lateral";"Com Vítimas Feridas";"Pleno dia";"Crescente";"Céu Claro";"Múltipla";"Reta;Declive;Interseção de Vias";"Sim";3;0;0;1;1;1;1;3;-25,537054;-49,31404;"SPRF-PR";"DEL01-PR";"UOP06-DEL01-PR"
275134;2020-03-13;"sexta-feira";"14:10:00";"MG";40;648;"CRISTIANO OTONI";"Ingestão de Álcool";"Saída de leito carroçável";"Com Vítimas Feridas";"Pleno dia";"Crescente";"Sol";"Simples";"Reta";"Não";1;0;1;0;0;0;1;1;-20,80885498;-43,80831265;"SPRF-MG";"DEL05-MG";"UOP02-DEL05-MG"
275135;2020-03-13;"sexta-feira";"16:10:00";"MG";50;78,8;"UBERLANDIA";"Ingestão de Álcool";"Colisão traseira";"Com Vítimas Fatais";"Pleno dia";"Crescente";"Céu Claro";"Dupla";"Declive";"Não";2;1;1;0;0;0;1;2;-18,986906;-48,211853;"SPRF-MG";"DEL15-MG";"UOP01-DEL15-MG"
275136;2020-03-13;"sexta-feira";"17:25:00";"GO";40;7,5;"VALPARAISO DE GOIAS";"Animais na Pista";"Atropelamento de Animal";"Com Vítimas Feridas";"Pleno dia";"Crescente";"Céu Claro";"Dupla";"Reta";"Sim";1;0;0;1;0;0;1;1;-16,108482;-47,972524;"SPRF-DF";"DEL01-DF";"UOP01-DEL01-DF"
275138;2020-03-13;"sexta-feira";"17:15:00";"CE";116;5;"FORTALEZA";"Falta de Atenção do Pedestre";"Atropelamento de Pedestre";"Com Vítimas Feridas";"Pleno dia";"Crescente";"Céu Claro";"Dupla";"Reta";"Sim";2;0;0;1;1;0;1;2;-3,79467116;-38,50772734;"SPRF-CE";"DEL01-CE";"UOP02-DEL01-CE"
275139;2020-03-13;"sexta-feira";"17:00:00";"PB";230;136,5;"CAMPINA GRANDE";"Condutor Dormindo";"Saída de leito carroçável";"Com Vítimas Feridas";"Pleno dia";"Crescente";"Nublado";"Dupla";"Reta";"Não";3;0;3;0;0;0;3;1;-7,276003;-35,777997;"SPRF-PB";"DEL02-PB";"UOP01-DEL02-PB"
275140;2020-03-13;"sexta-feira";"17:40:00";"SC";101;168;"TIJUCAS";"Desobediência às normas de trânsito pelo condutor";"Colisão transversal";"Com Vítimas Feridas";"Anoitecer";"Decrescente";"Sol";"Dupla";"Reta";"Não";2;0;1;0;1;0;1;2;-27,279105;-48,631554;"SPRF-SC";"DEL04-SC";"UOP03-DEL04-SC"
275145;2020-03-13;"sexta-feira";"15:29:00";"RO";364;341;"JI-PARANA";"Desobediência às normas de trânsito pelo condutor";"Colisão transversal";"Com Vítimas Feridas";"Pleno dia";"Crescente";"Céu Claro";"Dupla";"Interseção de Vias";"Sim";3;0;2;0;1;0;2;2;-10,88987987;-61,93126772;"SPRF-RO";"DEL02-RO";"UOP01-DEL02-RO"
275147;2020-03-13;"sexta-feira";"17:20:00";"GO";60;59;"ABADIANIA";"Falta de Atenção à Condução";"Tombamento";"Com Vítimas Feridas";"Pleno dia";"Decrescente";"Céu Claro";"Dupla";"Reta";"Não";1;0;0;1;0;0;1;1;-16,1845;-48,6957;"SPRF-GO";"DEL02-GO";"UOP01-DEL02-GO"
275148;2020-03-13;"sexta-feira";"17:59:00";"PR";277;83;"CURITIBA";"Desobediência às normas de trânsito pelo condutor";"Colisão lateral";"Com Vítimas Feridas";"Pleno dia";"Decrescente";"Céu Claro";"Dupla";"Reta";"Sim";2;0;1;0;1;0;1;2;-25,568939;-49,181978;"SPRF-PR";"DEL01-PR";"UOP06-DEL01-PR"
275152;2020-03-13;"sexta-feira";"18:10:00";"MG";381;5,7;"BETIM";"Defeito Mecânico no Veículo";"Tombamento";"Com Vítimas Feridas";"Anoitecer";"Crescente";"Céu Claro";"Dupla";"Curva";"Não";2;0;2;0;0;0;2;1;-19,96825;-44,198708;"SPRF-MG";"DEL01-MG";"UOP03-DEL01-MG"
275153;2020-03-13;"sexta-feira";"18:00:00";"MG";459;84,7;"CONGONHAL";"Ingestão de Álcool";"Colisão traseira";"Com Vítimas Feridas";"Anoitecer";"Decrescente";"Céu Claro";"Simples";"Reta";"Não";2;0;1;0;1;0;1;2;-22,153194;-46,06242;"SPRF-MG";"DEL09-MG";"UOP01-DEL09-MG"
275154;2020-03-13;"sexta-feira";"18:00:00";"CE";116;22;"ITAITINGA";"Defeito na Via";"Queda de ocupante de veículo";"Com Vítimas Feridas";"Plena Noite";"Decrescente";"Chuva";"Dupla";"Reta";"Não";1;0;1;0;0;0;1;1;-3,94070798;-38,50918633;"SPRF-CE";"DEL01-CE";"UOP02-DEL01-CE"
275156;2020-03-13;"sexta-feira";"17:50:00";"RS";101;11,1;"DOM PEDRO DE ALCANTARA";"Falta de Atenção à Condução";"Saída de leito carroçável";"Com Vítimas Feridas";"Pleno dia";"Crescente";"Nublado";"Dupla";"Aclive";"Não";3;0;1;0;2;0;1;1;-29,37984733;-49,82952362;"SPRF-RS";"DEL03-RS";"UOP02-DEL03-RS"
275157;2020-03-13;"sexta-feira";"18:45:00";"MG";40;517;"RIBEIRAO DAS NEVES";"Animais na Pista";"Atropelamento de Animal";"Com Vítimas Feridas";"Plena Noite";"Decrescente";"Nublado";"Dupla";"Reta";"Sim";1;0;0;1;0;0;1;1;-19,82351202;-44,08438913;"SPRF-MG";"DEL01-MG";"UOP02-DEL01-MG"
275158;2020-03-13;"sexta-feira";"18:45:00";"MG";40;517;"RIBEIRAO DAS NEVES";"Animais na Pista";"Atropelamento de Animal";"Com Vítimas Feridas";"Plena Noite";"Decrescente";"Nublado";"Dupla";"Reta";"Sim";1;0;1;0;0;0;1;1;-19,82351202;-44,08438913;"SPRF-MG";"DEL01-MG";"UOP02-DEL01-MG"
275160;2020-03-13;"sexta-feira";"16:27:00";"AC";317;291,8;"EPITACIOLANDIA";"Falta de Atenção à Condução";"Colisão transversal";"Com Vítimas Feridas";"Pleno dia";"Decrescente";"Nublado";"Simples";"Interseção de Vias";"Sim";2;0;2;0;0;0;2;2;-11,03571064;-68,72505913;"SPRF-AC";"DEL01-AC";"UOP02-DEL01-AC"
275162;2020-03-13;"sexta-feira";"16:38:00";"BA";116;428,8;"FEIRA DE SANTANA";"Desobediência às normas de trânsito pelo condutor";"Colisão transversal";"Com Vítimas Feridas";"Pleno dia";"Crescente";"Céu Claro";"Simples";"Reta";"Não";2;0;1;0;1;0;1;2;-12,26825081;-38,9872421;"SPRF-BA";"DEL02-BA";"UOP01-DEL02-BA"
275163;2020-03-13;"sexta-feira";"18:20:00";"PR";277;67;"SAO JOSE DOS PINHAIS";"Desobediência às normas de trânsito pelo condutor";"Colisão traseira";"Com Vítimas Feridas";"Anoitecer";"Decrescente";"Céu Claro";"Dupla";"Reta";"Sim";3;0;1;0;2;0;1;3;-25,54511074;-49,05291088;"SPRF-PR";"DEL01-PR";"UOP07-DEL01-PR"
275164;2020-03-13;"sexta-feira";"19:00:00";"SC";101;205;"SAO JOSE";"Não guardar distância de segurança";"Colisão traseira";"Com Vítimas Feridas";"Plena Noite";"Decrescente";"Céu Claro";"Dupla";"Reta";"Sim";2;0;2;0;0;0;2;2;-27,58313237;-48,61532885;"SPRF-SC";"DEL01-SC";"UOP01-DEL01-SC"
275166;2020-03-13;"sexta-feira";"18:30:00";"PR";376;3,3;"APUCARANA";"Falta de Atenção à Condução";"Colisão traseira";"Com Vítimas Feridas";"Plena Noite";"Decrescente";"Céu Claro";"Simples";"Reta";"Sim";4;0;2;0;2;0;2;3;-23,5513;-51,461266;"SPRF-PR";"DEL07-PR";"UOP03-DEL07-PR"
275167;2020-03-13;"sexta-feira";"18:50:00";"MG";116;418;"GOVERNADOR VALADARES";"Falta de Atenção à Condução";"Colisão transversal";"Com Vítimas Feridas";"Plena Noite";"Decrescente";"Céu Claro";"Simples";"Reta";"Sim";2;0;1;0;1;0;1;2;-18,91059296;-41,94156567;"SPRF-MG";"DEL06-MG";"UOP01-DEL06-MG"
275168;2020-03-13;"sexta-feira";"19:10:00";"SP";381;24,1;"BRAGANCA PAULISTA";"Defeito Mecânico no Veículo";"Incêndio";"Sem Vítimas";"Plena Noite";"Decrescente";"Céu Claro";"Dupla";"Reta";"Não";1;0;0;0;1;0;0;1;-23,01316393;-46,52386219;"SPRF-SP";"DEL03-SP";"UOP01-DEL03-SP"