"id";"data_inversa";"dia_semana";"horario";"uf";"br";"km";"municipio";"causa_acidente";"tipo_acidente";"classificacao_acidente";"fase_dia";"sentido_via";"condicao_metereologica";"tipo_pista";"tracado_via";"uso_solo";"pessoas";"mortos";"feridos_leves";"feridos_graves";"ilesos";"ignorados";"feridos";"veiculos";"latitude";"longitude";"regional";"delegacia";"uop"
275172;2020-03-13;"sexta-feira";"18:40:00";"SC";101;148;"ITAPEMA";"Falta de Atenção à Condução";"Colisão transversal";"Com Vítimas Feridas";"Plena Noite";"Crescente";"Céu Claro";"Simples";"Reta";"Sim";2;0;1;0;1;0;1;2;-27,10123686;-48,61807962;"SPRF-SC";"DEL04-SC";"UOP03-DEL04-SC"
275173;2020-03-13;"sexta-feira";"18:15:00";"PE";101;173,8;"JOAQUIM NABUCO";"Velocidade Incompatível";"Colisão com objeto estático";"Sem Vítimas";"Plena Noite";"Decrescente";"Céu Claro";"Dupla";"Reta";"Não";1;0;0;0;0;1;0;1;-8,59267042;-35,52108286;"SPRF-PE";"DEL01-PE";"UOP03-DEL01-PE"
275176;2020-01-09;"quinta-feira";"15:35:00";"RS";392;136,3;"CANGUCU";"Falta de Atenção à Condução";"Colisão transversal";"Com Vítimas Feridas";"Pleno dia";"Crescente";"Garoa/Chuvisco";"Simples";"Reta";"Não";4;0;1;0;3;0;1;2;-31,28294105;-52,78851009;"SPRF-RS";"DEL07-RS";"UOP01-DEL07-RS"
275178;2020-03-13;"sexta-feira";"15:45:00";"RJ";116;78;"TERESOPOLIS";"Falta de Atenção à Condução";"Colisão transversal";"Com Vítimas Feridas";"Pleno dia";"Decrescente";"Céu Claro";"Simples";"Reta";"Sim";3;0;2;0;0;1;2;2;-22,37408687;-42,95260496;"SPRF-RJ";"DEL04-RJ";"UOP01-DEL04-RJ"
275179;2020-03-13;"sexta-feira";"19:40:00";"ES";101;174,5;"LINHARES";"Desobediência às normas de trânsito pelo condutor";"Colisão transversal";"Com Vítimas Feridas";"Plena Noite";"Decrescente";"Céu Claro";"Simples";"Retorno Regulamentado";"Não";3;0;0;1;1;1;1;3;-19,58047007;-40,18782185;"SPRF-ES";"DEL04-ES";"UOP01-DEL04-ES"
275180;2020-03-13;"sexta-feira";"18:30:00";"MG";40;516;"RIBEIRAO DAS NEVES";"Falta de Atenção à Condução";"Queda de ocupante de veículo";"Com Vítimas Feridas";"Plena Noite";"Decrescente";"Céu Claro";"Dupla";"Reta";"Sim";1;0;1;0;0;0;1;1;-19,81628624;-44,08960124;"SPRF-MG";"DEL01-MG";"UOP02-DEL01-MG"
275182;2020-03-13;"sexta-feira";"19:10:00";"RJ";101;404;"ITAGUAI";"Desobediência às normas de trânsito pelo pedestre";"Atropelamento de Pedestre";"Com Vítimas Feridas";"Plena Noite";"Decrescente";"Céu Claro";"Dupla";"Reta";"Sim";3;0;1;0;0;2;1;2;-22,86342703;-43,79642098;"SPRF-RJ";"DEL03-RJ";"UOP01-DEL03-RJ"
275183;2020-03-13;"sexta-feira";"19:15:00";"AL";316;155,7;"PALMEIRA DOS INDIOS";"Falta de Atenção à Condução";"Colisão transversal";"Sem Vítimas";"Plena Noite";"Crescente";"Céu Claro";"Simples";"Reta";"Não";2;0;0;0;2;0;0;2;-9,42623278;-36,63304512;"SPRF-AL";"DEL03-AL";"UOP01-DEL03-AL"
275184;2020-03-13;"sexta-feira";"20:00:00";"SC";101;208;"SAO JOSE";"Falta de Atenção à Condução";"Colisão lateral";"Com Vítimas Feridas";"Plena Noite";"Decrescente";"Céu Claro";"Dupla";"Reta";"Sim";2;0;1;0;1;0;1;2;-27,60327979;-48,63201818;"SPRF-SC";"DEL01-SC";"UOP01-DEL01-SC"
275185;2020-03-13;"sexta-feira";"17:30:00";"SC";101;116;"ITAJAI";"Falta de Atenção à Condução";"Colisão lateral";"Com Vítimas Feridas";"Anoitecer";"Crescente";"Sol";"Dupla";"Reta";"Sim";2;0;1;0;1;0;1;2;-26,87905605;-48,72603512;"SPRF-SC";"DEL04-SC";"UOP04-DEL04-SC"
275187;2020-03-13;"sexta-feira";"20:00:00";"PE";101;97;"CABO DE SANTO AGOSTINHO";"Falta de Atenção do Pedestre";"Atropelamento de Pedestre";"Com Vítimas Fatais";"Plena Noite";"Crescente";"Ignorado";"Dupla";"Reta";"Sim";2;1;0;0;0;1;0;2;-8,25331064;-35,0296397;"SPRF-PE";"DEL01-PE";"UOP03-DEL01-PE"
275189;2020-03-13;"sexta-feira";"20:37:00";"DF";20;4,6;"BRASILIA";"Desobediência às normas de trânsito pelo condutor";"Colisão lateral";"Com Vítimas Feridas";"Plena Noite";"Crescente";"Céu Claro";"Dupla";"Declive;Reta";"Sim";3;0;1;0;2;0;1;3;-15,675484;-47,823761;"SPRF-DF";"DEL02-DF";"UOP01-DEL02-DF"
275190;2020-03-13;"sexta-feira";"18:00:00";"PI";230;303,9;"FLORIANO";"Desobediência às normas de trânsito pelo condutor";"Colisão transversal";"Com Vítimas Fatais";"Anoitecer";"Crescente";"Nublado";"Simples";"Reta";"Sim";2;1;0;0;1;0;0;2;-6,80739287;-42,96341596;"SPRF-PI";"DEL03-PI";"UOP01-DEL03-PI"
275191;2020-03-13;"sexta-feira";"20:50:00";"ES";101;221,1;"IBIRACU";"Ingestão de álcool e/ou substâncias psicoativas pelo pedestre";"Saída de leito carroçável";"Sem Vítimas";"Plena Noite";"Crescente";"Nublado";"Simples";"Reta";"Não";1;0;0;0;0;1;0;1;-19,86695538;-40,40056491;"SPRF-ES";"DEL02-ES";"UOP01-DEL02-ES"
275192;2020-03-13;"sexta-feira";"18:40:00";"RJ";101;409,1;"ITAGUAI";"Falta de Atenção do Pedestre";"Atropelamento de Pedestre";"Com Vítimas Feridas";"Plena Noite";"Crescente";"Céu Claro";"Dupla";"Reta";"Não";2;0;1;0;1;0;1;2;-22,88503992;-43,83250205;"SPRF-RJ";"DEL03-RJ";"UOP01-DEL03-RJ"
275193;2020-03-13;"sexta-feira";"20:20:00";"PR";116;154;"QUITANDINHA";"Falta de Atenção à Condução";"Atropelamento de Pedestre";"Com Vítimas Feridas";"Plena Noite";"Crescente";"Céu Claro";"Simples";"Reta";"Não";2;0;0;1;1;0;1;2;-25,84494819;-49,35033183;"SPRF-PR";"DEL01-PR";"UOP03-DEL01-PR"
275195;2020-03-13;"sexta-feira";"18:00:00";"AC";364;122;"RIO BRANCO";"Desobediência às normas de trânsito pelo condutor";"Atropelamento de Pedestre";"Com Vítimas Feridas";"Anoitecer";"Decrescente";"Vento";"Dupla";"Reta";"Não";2;0;0;1;0;1;1;2;-10,01188291;-67,773345;"SPRF-AC";"DEL01-AC";"UOP01-DEL01-AC"
275196;2020-03-13;"sexta-feira";"19:40:00";"RJ";493;70;"NOVA IGUACU";"Falta de Atenção à Condução";"Saída de leito carroçável";"Com Vítimas Feridas";"Plena Noite";"Crescente";"Nublado";"Dupla";"Reta";"Sim";1;0;1;0;0;0;1;1;-22,682181;-43,456121;"SPRF-RJ";"DEL01-RJ";"UOP03-DEL01-RJ"
275202;2020-03-13;"sexta-feira";"21:45:00";"SP";116;274;"TABOAO DA SERRA";"Não guardar distância de segurança";"Saída de leito carroçável";"Com Vítimas Feridas";"Plena Noite";"Decrescente";"Nublado";"Dupla";"Reta";"Não";1;0;0;1;0;0;1;1;-23,63445084;-46,82418514;"SPRF-SP";"DEL04-SP";"UOP01-DEL04-SP"
275203;2020-03-13;"sexta-feira";"18:50:00";"GO";153;694;"ITUMBIARA";"Desobediência às normas de trânsito pelo condutor";"Colisão frontal";"Com Vítimas Feridas";"Anoitecer";"Decrescente";"Céu Claro";"Dupla";"Reta";"Não";2;0;1;0;1;0;1;2;-18,3434;-49,2216;"SPRF-GO";"DEL03-GO";"UOP02-DEL03-GO"
275204;2020-03-13;"sexta-feira";"20:30:00";"PA";230;111;"MARABA";"Defeito na Via";"Queda de ocupante de veículo";"Com Vítimas Feridas";"Plena Noite";"Crescente";"Nublado";"Simples";"Reta";"Sim";2;0;2;0;0;0;2;1;-5,37139594;-49,04004698;"SPRF-PA";"DEL03-PA";"UOP01-DEL03-PA"
275205;2020-03-13;"sexta-feira";"20:00:00";"BA";415;48;"ITABUNA";"Desobediência às normas de trânsito pelo condutor";"Colisão transversal";"Com Vítimas Feridas";"Plena Noite";"Crescente";"Céu Claro";"Simples";"Interseção de Vias;Declive;Reta";"Sim";2;0;1;0;1;0;1;2;-14,81574494;-39,29612388;"SPRF-BA";"DEL05-BA";"UOP01-DEL05-BA"
275209;2020-03-13;"sexta-feira";"21:50:00";"RS";392;19;"RIO GRANDE";"Falta de Atenção à Condução";"Capotamento";"Com Vítimas Feridas";"Plena Noite";"Crescente";"Céu Claro";"Múltipla";"Reta;Retorno Regulamentado";"Não";2;0;1;0;1;0;1;1;-32,0879243;-52,18669807;"SPRF-RS";"DEL07-RS";"UOP02-DEL07-RS"
275211;2020-03-13;"sexta-feira";"19:20:00";"RO";364;233;"CACOAL";"Desobediência às normas de trânsito pelo condutor";"Colisão traseira";"Com Vítimas Feridas";"Plena Noite";"Decrescente";"Nublado";"Simples";"Aclive";"Sim";2;0;0;1;1;0;1;2;-11,46104613;-61,41546107;"SPRF-RO";"DEL02-RO";"UOP02-DEL02-RO"
275212;2020-03-13;"sexta-feira";"21:30:00";"PR";369;146,6;"LONDRINA";"Ingestão de Álcool";"Saída de leito carroçável";"Com Vítimas Feridas";"Plena Noite";"Decrescente";"Céu Claro";"Dupla";"Reta";"Sim";1;0;1;0;0;0;1;1;-23,29319554;-51,1213929;"SPRF-PR";"DEL07-PR";"UOP01-DEL07-PR"
275213;2020-03-13;"sexta-feira";"21:45:00";"SC";101;92,2;"BARRA VELHA";"Falta de Atenção do Pedestre";"Atropelamento de Pedestre";"Com Vítimas Fatais";"Plena Noite";"Decrescente";"Céu Claro";"Dupla";"Reta";"Não";6;1;0;0;4;1;0;3;-26,6806041;-48,6931497;"SPRF-SC";"DEL03-SC";"UOP02-DEL03-SC"
275214;2020-03-13;"sexta-feira";"15:00:00";"SC";470;53,8;"BLUMENAU";"Desobediência às normas de trânsito pelo condutor";"Colisão transversal";"Com Vítimas Feridas";"Pleno dia";"Decrescente";"Sol";"Simples";"Reta";"Sim";2;0;1;0;1;0;1;2;-26,867121;-49,102066;"SPRF-SC";"DEL04-SC";"UOP01-DEL04-SC"
275215;2020-03-13;"sexta-feira";"19:05:00";"MS";163;12,5;"MUNDO NOVO";"Falta de Atenção do Pedestre";"Atropelamento de Pedestre";"Com Vítimas Feridas";"Anoitecer";"Crescente";"Céu Claro";"Simples";"Reta";"Não";2;0;1;0;1;0;1;2;-23,96186811;-54,32158483;"SPRF-MS";"DEL09-MS";"UOP02-DEL09-MS"
275217;2020-03-13;"sexta-feira";"20:20:00";"AL";316;84,8;"SANTANA DO IPANEMA";"Desobediência às normas de trânsito pelo condutor";"Colisão lateral";"Com Vítimas Feridas";"Plena Noite";"Decrescente";"Céu Claro";"Simples";"Aclive";"Sim";2;0;1;0;1;0;1;2;-9,36681348;-37,25183498;"SPRF-AL";"DEL03-AL";"UOP02-DEL03-AL"
275219;2020-03-13;"sexta-feira";"22:10:00";"MG";381;482;"BETIM";"Ingestão de Álcool";"Colisão traseira";"Com Vítimas Feridas";"Plena Noite";"Decrescente";"Céu Claro";"Múltipla";"Declive";"Sim";3;0;1;0;2;0;1;3;-19,955532;-44,097209;"SPRF-MG";"DEL01-MG";"UOP03-DEL01-MG"
275221;2020-03-13;"sexta-feira";"22:05:00";"RS";470;206;"BENTO GONCALVES";"Velocidade Incompatível";"Saída de leito carroçável";"Com Vítimas Feridas";"Plena Noite";"Decrescente";"Céu Claro";"Simples";"Curva";"Não";2;0;1;1;0;0;2;1;-29,08977;-51,556176;"SPRF-RS";"DEL06-RS";"UOP01-DEL06-RS"
275222;2020-03-13;"sexta-feira";"22:40:00";"SE";101;93;"NOSSA SENHORA DO SOCORRO";"Falta de Atenção à Condução";"Colisão com objeto estático";"Sem Vítimas";"Pleno dia";"Decrescente";"Céu Claro";"Dupla";"Reta";"Sim";1;0;0;0;0;1;0;1;-10,90212319;-37,14494787;"SPRF-SE";"DEL01-SE";"UOP01-DEL01-SE"
275224;2020-03-13;"sexta-feira";"23:30:00";"ES";101;98,7;"JAGUARE";"Não guardar distância de segurança";"Colisão traseira";"Com Vítimas Feridas";"Plena Noite";"Crescente";"Nublado";"Simples";"Reta";"Não";2;0;2;0;0;0;2;1;-18,96368507;-39,98757584;"SPRF-ES";"DEL04-ES";"UOP02-DEL04-ES"
275229;2020-03-14;"sábado";"00:20:00";"RS";116;265;"CANOAS";"Defeito Mecânico no Veículo";"Colisão lateral";"Com Vítimas Feridas";"Plena Noite";"Decrescente";"Céu Claro";"Dupla";"Reta";"Sim";3;0;2;0;1;0;2;2;-29,92342302;-51,17780944;"SPRF-RS";"DEL01-RS";"UOP01-DEL01-RS"
275230;2020-03-13;"sexta-feira";"17:20:00";"MG";262;449;"NOVA SERRANA";"Falta de Atenção à Condução";"Colisão traseira";"Com Vítimas Feridas";"Pleno dia";"Crescente";"Céu Claro";"Simples";"Reta";"Não";3;0;1;1;1;0;2;2;-19,8711072;-44,97973504;"SPRF-MG";"DEL08-MG";"UOP03-DEL08-MG"
275231;2020-03-13;"sexta-feira";"22:30:00";"BA";101;16,4;"RIO REAL";"Falta de Atenção à Condução";"Saída de leito carroçável";"Sem Vítimas";"Plena Noite";"Crescente";"Céu Claro";"Dupla";"Reta";"Não";2;0;0;0;0;2;0;1;-11,67529001;-37,89905296;"SPRF-SE";"DEL02-SE";"UOP03-DEL02-SE"
275232;2020-03-14;"sábado";"01:20:00";"SP";116;223;"GUARULHOS";"Ingestão de Álcool";"Colisão traseira";"Com Vítimas Feridas";"Plena Noite";"Decrescente";"Céu Claro";"Múltipla";"Reta";"Sim";2;0;1;0;0;1;1;2;-23,47658149;-46,52637286;"SPRF-SP";"DEL01-SP";"UOP01-DEL01-SP"
275233;2020-03-14;"sábado";"01:20:00";"DF";20;22,2;"BRASILIA";"Velocidade Incompatível";"Saída de leito carroçável";"Sem Vítimas";"Plena Noite";"Decrescente";"Céu Claro";"Dupla";"Reta";"Sim";1;0;0;0;1;0;0;1;-15,59834;-47,676186;"SPRF-DF";"DEL02-DF";"UOP01-DEL02-DF"
275234;2020-03-14;"sábado";"01:10:00";"MG";381;493,5;"BETIM";"Ingestão de Álcool";"Colisão com objeto estático";"Com Vítimas Feridas";"Plena Noite";"Decrescente";"Céu Claro";"Múltipla";"Reta";"Sim";2;0;2;0;0;0;2;1;-19,96463639;-44,17224884;"SPRF-MG";"DEL01-MG";"UOP03-DEL01-MG"
275236;2020-03-13;"sexta-feira";"22:45:00";"PR";277;69;"SAO JOSE DOS PINHAIS";"Falta de Atenção à Condução";"Colisão lateral";"Com Vítimas Feridas";"Plena Noite";"Decrescente";"Nublado";"Dupla";"Reta";"Não";2;0;1;0;1;0;1;2;-25,53715243;-49,07076619;"SPRF-PR";"DEL01-PR";"UOP07-DEL01-PR"
275237;2020-03-14;"sábado";"01:30:00";"PR";277;64;"SAO JOSE DOS PINHAIS";"Ingestão de Álcool";"Saída de leito carroçável";"Sem Vítimas";"Plena Noite";"Decrescente";"Nublado";"Dupla";"Reta";"Não";1;0;0;0;1;0;0;1;-25,55703867;-49,02612685;"SPRF-PR";"DEL01-PR";"UOP07-DEL01-PR"
275239;2020-03-14;"sábado";"02:45:00";"RS";472;116,9;"BOA VISTA DO BURICA";"Falta de Atenção à Condução";"Colisão traseira";"Com Vítimas Feridas";"Plena Noite";"Decrescente";"Céu Claro";"Simples";"Reta";"Não";3;0;2;0;1;0;2;2;-27,675777;-54,113335;"SPRF-RS";"DEL10-RS";"UOP01-DEL10-RS"
275240;2020-03-14;"sábado";"03:00:00";"RJ";101;276;"TANGUA";"Ingestão de Álcool";"Colisão com objeto em movimento";"Com Vítimas Feridas";"Plena Noite";"Decrescente";"Céu Claro";"Dupla";"Reta";"Sim";4;0;1;1;2;0;2;2;-22,73796393;-42,73871802;"SPRF-RJ";"DEL02-RJ";"UOP03-DEL02-RJ"
275241;2020-03-14;"sábado";"03:00:00";"RJ";493;19;"MAGE";"Falta de Atenção à Condução";"Colisão transversal";"Com Vítimas Feridas";"Plena Noite";"Decrescente";"Céu Claro";"Simples";"Reta";"Sim";2;0;1;0;1;0;1;2;-22,663734;-43,033254;"SPRF-RJ";"DEL04-RJ";"UOP02-DEL04-RJ"
275242;2020-03-14;"sábado";"03:50:00";"PR";376;471,1;"PONTA GROSSA";"Condutor Dormindo";"Saída de leito carroçável";"Com Vítimas Feridas";"Plena Noite";"Decrescente";"Céu Claro";"Dupla";"Reta";"Não";1;0;0;1;0;0;1;1;-25,04339577;-50,26076002;"SPRF-PR";"DEL03-PR";"UOP01-DEL03-PR"
275243;2020-03-13;"sexta-feira";"23:00:00";"ES";262;44,7;"MARECHAL FLORIANO";"Ingestão de Álcool";"Tombamento";"Sem Vítimas";"Plena Noite";"Decrescente";"Chuva";"Simples";"Interseção de Vias";"Sim";1;0;0;0;0;1;0;1;-20,38908904;-40,66911594;"SPRF-ES";"DEL01-ES";"UOP01-DEL01-ES"
275244;2020-03-14;"sábado";"03:20:00";"GO";50;120;"IPAMERI";"Condutor Dormindo";"Saída de leito carroçável";"Com Vítimas Feridas";"Plena Noite";"Crescente";"Céu Claro";"Dupla";"Reta;Desvio Temporário";"Não";1;0;1;0;0;0;1;1;-16,9309;-47,7117;"SPRF-GO";"DEL06-GO";"UOP01-DEL06-GO"
275245;2020-03-14;"sábado";"05:00:00";"ES";101;288;"CARIACICA";"Ingestão de Álcool";"Colisão frontal";"Com Vítimas Feridas";"Plena Noite";"Crescente";"Ignorado";"Dupla";"Reta";"Não";6;0;1;0;5;0;1;2;-20,27160351;-40,39091743;"SPRF-ES";"DEL01-ES";"UOP01-DEL01-ES"
275247;2020-03-14;"sábado";"05:10:00";"PR";376;177,9;"MARINGA";"Falta de Atenção à Condução";"Queda de ocupante de veículo";"Com Vítimas Feridas";"Plena Noite";"Crescente";"Nublado";"Dupla";"Reta";"Sim";1;0;1;0;0;0;1;1;-23,415597;-51,923996;"SPRF-PR";"DEL09-PR";"UOP01-DEL09-PR"
275248;2020-03-14;"sábado";"04:30:00";"SC";470;149,9;"AGRONOMICA";"Velocidade Incompatível";"Colisão com objeto estático";"Com Vítimas Feridas";"Plena Noite";"Crescente";"Céu Claro";"Simples";"Rotatória;Reta";"Sim";1;0;1;0;0;0;1;1;-27,252104;-49,702129;"SPRF-SC";"DEL04-SC";"UOP02-DEL04-SC"
275249;2020-03-14;"sábado";"03:15:00";"SC";470;119;"IBIRAMA";"Defeito Mecânico no Veículo";"Incêndio";"Sem Vítimas";"Plena Noite";"Crescente";"Céu Claro";"Simples";"Reta";"Sim";1;0;0;0;1;0;0;1;-27,08396717;-49,52066037;"SPRF-SC";"DEL04-SC";"UOP02-DEL04-SC"
275251;2020-03-14;"sábado";"05:30:00";"SC";470;138;"RIO DO SUL";"Falta de Atenção à Condução";"Colisão com objeto estático";"Sem Vítimas";"Amanhecer";"Decrescente";"Céu Claro";"Simples";"Reta";"Sim";1;0;0;0;1;0;0;1;-27,195015;-49,62495538;"SPRF-SC";"DEL04-SC";"UOP02-DEL04-SC"
275252;2020-03-14;"sábado";"05:30:00";"ES";101;155,7;"LINHARES";"Pista Escorregadia";"Saída de leito carroçável";"Com Vítimas Feridas";"Amanhecer";"Decrescente";"Garoa/Chuvisco";"Simples";"Reta";"Não";1;0;1;0;0;0;1;1;-19,43842387;-40,08913618;"SPRF-ES";"DEL04-ES";"UOP01-DEL04-ES"
275253;2020-03-14;"sábado";"05:15:00";"SC";158;106,8;"CUNHA PORA";"Ingestão de Álcool";"Colisão com objeto estático";"Sem Vítimas";"Plena Noite";"Crescente";"Céu Claro";"Simples";"Curva";"Não";1;0;0;0;0;1;0;1;-26,88046894;-53,17374229;"SPRF-SC";"DEL07-SC";"UOP02-DEL07-SC"
275254;2020-03-14;"sábado";"05:00:00";"GO";60;137;"GOIANIA";"Falta de Atenção à Condução";"Queda de ocupante de veículo";"Com Vítimas Feridas";"Amanhecer";"Crescente";"Céu Claro";"Simples";"Reta";"Sim";1;0;1;0;0;0;1;1;-16,603;-49,2023;"SPRF-GO";"DEL01-GO";"UOP01-DEL01-GO"
275255;2020-03-14;"sábado";"04:40:00";"MA";10;144;"PORTO FRANCO";"Objeto estático sobre o leito carroçável";"Colisão com objeto estático";"Com Vítimas Feridas";"Plena Noite";"Crescente";"Chuva";"Simples";"Rotatória";"Não";2;0;1;0;0;1;1;1;-6,460998;-47,396477;"SPRF-MA";"DEL04-MA";"UOP02-DEL04-MA"
275257;2020-03-14;"sábado";"04:50:00";"RJ";40;59;"PETROPOLIS";"Velocidade Incompatível";"Saída de leito carroçável";"Com Vítimas Feridas";"Plena Noite";"Crescente";"Céu Claro";"Dupla";"Curva";"Sim";1;0;1;0;0;0;1;1;-22,38628773;-43,13543464;"SPRF-RJ";"DEL05-RJ";"UOP02-DEL05-RJ"
275259;2020-03-14;"sábado";"05:30:00";"RS";285;253;"AGUA SANTA";"Objeto estático sobre o leito carroçável";"Capotamento";"Com Vítimas Feridas";"Amanhecer";"Crescente";"Céu Claro";"Simples";"Reta";"Não";4;0;4;0;0;0;4;1;-28,297823;-52,010067;"SPRF-RS";"DEL08-RS";"UOP03-DEL08-RS"
275264;2020-03-14;"sábado";"06:45:00";"ES";101;259;"SERRA";"Avarias e/ou desgaste excessivo no pneu";"Saída de leito carroçável";"Sem Vítimas";"Pleno dia";"Decrescente";"Nublado";"Dupla";"Reta";"Sim";1;0;0;0;0;1;0;1;-20,138397;-40,292213;"SPRF-ES";"DEL02-ES";"UOP01-DEL02-ES"
275265;2020-03-14;"sábado";"05:02:00";"PI";343;7,1;"PARNAIBA";"Ingestão de Álcool";"Colisão frontal";"Com Vítimas Feridas";"Amanhecer";"Decrescente";"Nublado";"Simples";"Reta";"Sim";2;0;1;0;0;1;1;2;-2,89829192;-41,71620727;"SPRF-PI";"DEL05-PI";"UOP01-DEL05-PI"
275266;2020-03-14;"sábado";"06:30:00";"RJ";116;176;"NOVA IGUACU";"Ingestão de Álcool";"Queda de ocupante de veículo";"Com Vítimas Feridas";"Pleno dia";"Decrescente";"Céu Claro";"Múltipla";"Curva";"Não";2;0;1;0;1;0;1;1;-22,7839538;-43,38195488;"SPRF-RJ";"DEL01-RJ";"UOP02-DEL01-RJ"
275267;2020-03-14;"sábado";"07:10:00";"RJ";493;19;"GUAPIMIRIM";"Velocidade Incompatível";"Colisão traseira";"Com Vítimas Feridas";"Pleno dia";"Crescente";"Ignorado";"Simples";"Ponte";"Sim";2;0;0;1;1;0;1;2;-22,66551668;-43,02801311;"SPRF-RJ";"DEL04-RJ";"UOP02-DEL04-RJ"
275268;2020-03-14;"sábado";"07:30:00";"SC";280;54,9;"GUARAMIRIM";"Falta de Atenção à Condução";"Colisão transversal";"Com Vítimas Feridas";"Pleno dia";"Crescente";"Céu Claro";"Simples";"Reta";"Sim";2;0;1;0;1;0;1;2;-26,477203;-48,996611;"SPRF-SC";"DEL03-SC";"UOP03-DEL03-SC"
275269;2020-03-14;"sábado";"07:30:00";"RN";406;168;"SAO GONCALO DO AMARANTE";"Falta de Atenção à Condução";"Tombamento";"Com Vítimas Feridas";"Pleno dia";"Decrescente";"Nublado";"Dupla";"Reta";"Sim";2;0;2;0;0;0;2;1;-5,75269453;-35,31535484;"SPRF-RN";"DEL02-RN";"UOP01-DEL02-RN"
275270;2020-03-14;"sábado";"07:10:00";"RS";392;344,8;"SANTA MARIA";"Ingestão de Álcool";"Saída de leito carroçável";"Sem Vítimas";"Pleno dia";"Crescente";"Céu Claro";"Simples";"Curva";"Não";1;0;0;0;1;0;0;1;-29,7877691;-53,78226228;"SPRF-RS";"DEL09-RS";"UOP01-DEL09-RS"
275271;2020-03-14;"sábado";"04:00:00";"PR";277;114;"CAMPO LARGO";"Defeito Mecânico no Veículo";"Incêndio";"Sem Vítimas";"Plena Noite";"Crescente";"Nublado";"Dupla";"Reta";"Sim";1;0;0;0;0;1;0;1;-25,44658492;-49,48587656;"SPRF-PR";"DEL01-PR";"UOP03-DEL03-PR"
275272;2020-03-14;"sábado";"07:40:00";"MG";381;346;"BELA VISTA DE MINAS";"Velocidade Incompatível";"Queda de ocupante de veículo";"Com Vítimas Feridas";"Amanhecer";"Crescente";"Chuva";"Simples";"Curva";"Não";2;0;2;0;0;0;2;1;-19,85740706;-43,12344309;"SPRF-MG";"DEL03-MG";"UOP01-DEL03-MG"
275274;2020-03-14;"sábado";"07:00:00";"DF";70;2,2;"BRASILIA";"Desobediência às normas de trânsito pelo condutor";"Colisão traseira";"Com Vítimas Feridas";"Pleno dia";"Decrescente";"Céu Claro";"Dupla";"Reta";"Não";2;0;1;0;1;0;1;2;-15,798048;-48,073235;"SPRF-DF";"DEL03-DF";"UOP02-DEL03-DF"
275276;2020-03-14;"sábado";"06:25:00";"MG";40;800,3;"MATIAS BARBOSA";"Falta de Atenção à Condução";"Colisão com objeto estático";"Com Vítimas Feridas";"Amanhecer";"Crescente";"Garoa/Chuvisco";"Dupla";"Declive;Curva";"Não";1;0;1;0;0;0;1;1;-21,83022942;-43,37333679;"SPRF-MG";"DEL05-MG";"UOP01-DEL05-MG"
275277;2020-01-14;"terça-feira";"07:00:00";"PR";277;599;"CASCAVEL";"Ingestão de Substâncias Psicoativas";"Colisão com objeto estático";"Com Vítimas Feridas";"Pleno dia";"Crescente";"Nublado";"Dupla";"Reta";"Sim";1;0;1;0;0;0;1;1;-24,996818;-53,516253;"SPRF-PR";"DEL04-PR";"UOP01-DEL04-PR"
275279;2020-03-14;"sábado";"07:00:00";"BA";324;533;"FEIRA DE SANTANA";"Falta de Atenção à Condução";"Capotamento";"Com Vítimas Feridas";"Pleno dia";"Crescente";"Nublado";"Dupla";"Curva";"Não";2;0;1;0;1;0;1;1;-12,34449694;-38,84017496;"SPRF-BA";"DEL01-BA";"UOP01-DEL01-BA"
275280;2020-03-10;"terça-feira";"21:50:00";"SP";116;222;"GUARULHOS";"Mal Súbito";"Queda de ocupante de veículo";"Com Vítimas Fatais";"Plena Noite";"Crescente";"Nublado";"Múltipla";"Reta";"Não";1;1;0;0;0;0;0;1;-23,47093408;-46,51631097;"SPRF-SP";"DEL01-SP";"UOP01-DEL01-SP"
275285;2020-03-14;"sábado";"07:20:00";"PR";376;601;"CURITIBA";"Falta de Atenção à Condução";"Colisão traseira";"Com Vítimas Feridas";"Pleno dia";"Crescente";"Sol";"Dupla";"Reta";"Não";2;0;1;0;1;0;1;2;-25,537054;-49,31404;"SPRF-PR";"DEL01-PR";"UOP06-DEL01-PR"
275286;2020-03-14;"sábado";"07:25:00";"MT";163;834;"SINOP";"Falta de Atenção à Condução";"Saída de leito carroçável";"Com Vítimas Feridas";"Pleno dia";"Crescente";"Nublado";"Dupla";"Reta";"Sim";1;0;1;0;0;0;1;1;-11,995863;-55,51709;"SPRF-MT";"DEL06-MT";"UOP01-DEL06-MT"
275292;2020-03-14;"sábado";"07:30:00";"RS";116;141,1;"CAXIAS DO SUL";"Velocidade Incompatível";"Colisão com objeto estático";"Sem Vítimas";"Pleno dia";"Crescente";"Sol";"Simples";"Declive;Curva";"Não";1;0;0;0;0;1;0;1;-29,11202257;-51,11170292;"SPRF-RS";"DEL05-RS";"UOP01-DEL05-RS"
275293;2020-03-01;"domingo";"12:30:00";"MS";60;373,1;"CAMPO GRANDE";"Falta de Atenção à Condução";"Colisão frontal";"Com Vítimas Feridas";"Pleno dia";"Crescente";"Céu Claro";"Simples";"Curva";"Não";3;0;2;1;0;0;3;2;-20,57742119;-54,70866191;"SPRF-MS";"DEL01-MS";"UOP04-DEL01-MS"