"id";"data_inversa";"dia_semana";"horario";"uf";"br";"km";"municipio";"causa_acidente";"tipo_acidente";"classificacao_acidente";"fase_dia";"sentido_via";"condicao_metereologica";"tipo_pista";"tracado_via";"uso_solo";"pessoas";"mortos";"feridos_leves";"feridos_graves";"ilesos";"ignorados";"feridos";"veiculos";"latitude";"longitude";"regional";"delegacia";"uop"
275410;2020-03-14;"sábado";"17:05:00";"MA";316;437;"PERITORO";"Velocidade Incompatível";"Saída de leito carroçável";"Com Vítimas Feridas";"Pleno dia";"Decrescente";"Chuva";"Simples";"Curva";"Não";3;0;2;0;1;0;2;1;-4,415722;-44,232399;"SPRF-MA";"DEL03-MA";"UOP01-DEL03-MA"
275411;2020-03-14;"sábado";"18:40:00";"RN";101;107;"PARNAMIRIM";"Falta de Atenção à Condução";"Colisão traseira";"Com Vítimas Feridas";"Plena Noite";"Decrescente";"Céu Claro";"Simples";"Curva";"Sim";2;0;1;0;1;0;1;2;-5,91920796;-35,26412409;"SPRF-RN";"DEL01-RN";"UOP01-DEL01-RN"
275412;2020-03-14;"sábado";"19:10:00";"GO";40;0,5;"VALPARAISO DE GOIAS";"Falta de Atenção à Condução";"Colisão lateral";"Sem Vítimas";"Anoitecer";"Decrescente";"Céu Claro";"Dupla";"Reta";"Sim";3;0;0;0;2;1;0;2;-16,058273;-47,982655;"SPRF-DF";"DEL01-DF";"UOP01-DEL01-DF"
275413;2020-03-14;"sábado";"17:50:00";"PR";369;182;"ARAPONGAS";"Ingestão de Álcool";"Colisão traseira";"Sem Vítimas";"Pleno dia";"Decrescente";"Céu Claro";"Dupla";"Reta";"Sim";2;0;0;0;2;0;0;2;-23,38391131;-51,41883731;"SPRF-PR";"DEL07-PR";"UOP03-DEL07-PR"
275414;2020-03-14;"sábado";"19:15:00";"PR";376;133,1;"NOVA ESPERANCA";"Velocidade Incompatível";"Tombamento";"Com Vítimas Feridas";"Plena Noite";"Crescente";"Céu Claro";"Dupla";"Reta";"Não";1;0;1;0;0;0;1;1;-23,1883247;-52,20929269;"SPRF-PR";"DEL09-PR";"UOP02-DEL09-PR"
275415;2020-03-14;"sábado";"19:10:00";"RN";304;65,9;"MOSSORO";"Animais na Pista";"Atropelamento de Animal";"Com Vítimas Feridas";"Plena Noite";"Decrescente";"Céu Claro";"Simples";"Reta";"Não";1;0;0;1;0;0;1;1;-5,36286402;-37,24770904;"SPRF-RN";"DEL04-RN";"UOP01-DEL04-RN"
275417;2020-03-14;"sábado";"18:30:00";"AL";104;34,8;"UNIAO DOS PALMARES";"Falta de Atenção à Condução";"Colisão lateral";"Com Vítimas Feridas";"Plena Noite";"Crescente";"Nublado";"Simples";"Curva";"Sim";2;0;1;0;1;0;1;2;-9,15381;-36,01296413;"SPRF-AL";"DEL01-AL";"UOP02-DEL01-AL"
275419;2020-03-14;"sábado";"19:00:00";"RN";304;287;"MACAIBA";"Falta de Atenção à Condução";"Colisão transversal";"Com Vítimas Feridas";"Plena Noite";"Crescente";"Céu Claro";"Simples";"Em Obras";"Não";2;0;0;1;1;0;1;2;-5,88694981;-35,48062048;"SPRF-RN";"DEL01-RN";"UOP02-DEL01-RN"
275422;2020-03-14;"sábado";"20:05:00";"CE";116;13;"FORTALEZA";"Ingestão de Álcool";"Atropelamento de Pedestre";"Com Vítimas Feridas";"Plena Noite";"Decrescente";"Chuva";"Dupla";"Reta";"Sim";2;0;0;1;0;1;1;2;-3,86088501;-38,49715296;"SPRF-CE";"DEL01-CE";"UOP02-DEL01-CE"
275424;2020-03-14;"sábado";"20:00:00";"MG";365;767;"ITUIUTABA";"Falta de Atenção do Pedestre";"Atropelamento de Pedestre";"Com Vítimas Fatais";"Plena Noite";"Crescente";"Céu Claro";"Simples";"Reta";"Não";2;1;0;0;0;1;0;2;-18,96264218;-49,58255401;"SPRF-MG";"DEL15-MG";"UOP03-DEL15-MG"
275425;2020-03-14;"sábado";"19:30:00";"SC";470;137,5;"RIO DO SUL";"Velocidade Incompatível";"Colisão frontal";"Com Vítimas Feridas";"Plena Noite";"Crescente";"Céu Claro";"Simples";"Curva";"Sim";2;0;1;0;1;0;1;2;-27,203201;-49,635063;"SPRF-SC";"DEL04-SC";"UOP02-DEL04-SC"
275427;2020-03-14;"sábado";"20:14:00";"TO";153;622,5;"ALIANCA DO TOCANTINS";"Falta de Atenção do Pedestre";"Atropelamento de Pedestre";"Com Vítimas Fatais";"Plena Noite";"Crescente";"Céu Claro";"Simples";"Reta";"Não";2;1;0;0;1;0;0;2;-11,31477744;-48,94254684;"SPRF-TO";"DEL01-TO";"UOP02-DEL01-TO"
275428;2020-03-14;"sábado";"20:30:00";"MG";262;376;"JUATUBA";"Desobediência às normas de trânsito pelo condutor";"Colisão frontal";"Com Vítimas Feridas";"Plena Noite";"Crescente";"Nublado";"Dupla";"Reta";"Sim";2;0;0;1;1;0;1;2;-19,930363;-44,403897;"SPRF-MG";"DEL01-MG";"UOP03-DEL01-MG"
275429;2020-03-14;"sábado";"20:35:00";"PR";277;720,6;"FOZ DO IGUACU";"Ingestão de Álcool";"Capotamento";"Com Vítimas Feridas";"Plena Noite";"Decrescente";"Céu Claro";"Dupla";"Reta";"Sim";1;0;0;1;0;0;1;1;-25,48750984;-54,50317706;"SPRF-PR";"DEL05-PR";"UOP01-DEL05-PR"
275431;2020-03-14;"sábado";"19:10:00";"RO";364;343;"JI-PARANA";"Desobediência às normas de trânsito pelo condutor";"Colisão lateral";"Com Vítimas Feridas";"Anoitecer";"Crescente";"Nublado";"Múltipla";"Reta";"Sim";2;0;0;1;1;0;1;2;-10,87878519;-61,94499012;"SPRF-RO";"DEL02-RO";"UOP01-DEL02-RO"
275432;2020-03-14;"sábado";"20:30:00";"SC";101;131,7;"BALNEARIO CAMBORIU";"Falta de Atenção à Condução";"Saída de leito carroçável";"Com Vítimas Feridas";"Plena Noite";"Decrescente";"Céu Claro";"Múltipla";"Reta";"Sim";3;0;2;0;1;0;2;1;-26,99064209;-48,66310912;"SPRF-SC";"DEL04-SC";"UOP03-DEL04-SC"
275433;2020-03-14;"sábado";"20:30:00";"SC";282;101,8;"ALFREDO WAGNER";"Ingestão de Álcool";"Saída de leito carroçável";"Com Vítimas Feridas";"Plena Noite";"Decrescente";"Céu Claro";"Simples";"Reta";"Não";1;0;1;0;0;0;1;1;-27,694626;-49,305317;"SPRF-SC";"DEL01-SC";"UOP03-DEL01-SC"
275434;2020-03-14;"sábado";"21:30:00";"PR";376;189;"MARIALVA";"Ingestão de Álcool";"Saída de leito carroçável";"Sem Vítimas";"Plena Noite";"Crescente";"Céu Claro";"Dupla";"Reta";"Não";1;0;0;0;1;0;0;1;-23,471231;-51,819515;"SPRF-PR";"DEL09-PR";"UOP01-DEL09-PR"
275435;2020-03-14;"sábado";"20:00:00";"SC";101;236,3;"PALHOCA";"Falta de Atenção à Condução";"Colisão lateral";"Com Vítimas Feridas";"Plena Noite";"Decrescente";"Céu Claro";"Dupla";"Reta";"Não";2;0;1;0;1;0;1;2;-27,82629382;-48,63034842;"SPRF-SC";"DEL01-SC";"UOP02-DEL01-SC"
275436;2020-03-14;"sábado";"21:00:00";"MG";251;352;"PADRE CARVALHO";"Falta de Atenção à Condução";"Queda de ocupante de veículo";"Com Vítimas Fatais";"Plena Noite";"Decrescente";"Céu Claro";"Simples";"Reta";"Não";1;1;0;0;0;0;0;1;-16,28139497;-42,54580197;"SPRF-MG";"DEL12-MG";"UOP01-DEL12-MG"
275437;2020-03-14;"sábado";"19:00:00";"RO";364;239,1;"CACOAL";"Desobediência às normas de trânsito pelo condutor";"Colisão transversal";"Sem Vítimas";"Plena Noite";"Crescente";"Nublado";"Simples";"Reta";"Sim";3;0;0;0;3;0;0;2;-11,43425083;-61,46267289;"SPRF-RO";"DEL02-RO";"UOP02-DEL02-RO"
275439;2020-03-14;"sábado";"21:00:00";"SC";470;37,7;"GASPAR";"Velocidade Incompatível";"Tombamento";"Com Vítimas Feridas";"Plena Noite";"Crescente";"Céu Claro";"Simples";"Desvio Temporário;Em Obras;Reta";"Sim";1;0;1;0;0;0;1;1;-26,90682796;-48,97843036;"SPRF-SC";"DEL04-SC";"UOP01-DEL04-SC"
275441;2020-03-14;"sábado";"19:55:00";"RS";386;186,5;"SANTO ANTONIO DO PLANALTO";"Desobediência às normas de trânsito pelo condutor";"Colisão transversal";"Sem Vítimas";"Plena Noite";"Decrescente";"Céu Claro";"Simples";"Reta";"Não";3;0;0;0;2;1;0;3;-28,347277;-52,716736;"SPRF-RS";"DEL08-RS";"UOP01-DEL08-RS"
275442;2020-03-14;"sábado";"21:10:00";"SE";101;151;"ESTANCIA";"Ingestão de Álcool";"Colisão transversal";"Com Vítimas Feridas";"Plena Noite";"Crescente";"Vento";"Simples";"Reta";"Sim";2;0;1;0;0;1;1;2;-11,26151;-37,441227;"SPRF-SE";"DEL02-SE";"UOP01-DEL02-SE"
275443;2020-03-14;"sábado";"20:20:00";"RS";472;187,6;"SANTO CRISTO";"Deficiência ou não Acionamento do Sistema de Iluminação/Sinalização do Veículo";"Colisão com objeto estático";"Com Vítimas Feridas";"Plena Noite";"Decrescente";"Céu Claro";"Simples";"Reta";"Não";3;0;2;0;1;0;2;2;-27,83772859;-54,62147009;"SPRF-RS";"DEL10-RS";"UOP01-DEL10-RS"
275444;2020-03-14;"sábado";"21:00:00";"ES";101;138,5;"LINHARES";"Falta de Atenção do Pedestre";"Atropelamento de Pedestre";"Com Vítimas Fatais";"Plena Noite";"Decrescente";"Céu Claro";"Simples";"Reta";"Não";5;1;0;0;1;3;0;2;-19,30186109;-40,08371726;"SPRF-ES";"DEL04-ES";"UOP01-DEL04-ES"
275445;2020-03-14;"sábado";"18:30:00";"RJ";101;313;"SAO GONCALO";"Falta de Atenção à Condução";"Atropelamento de Pedestre";"Com Vítimas Feridas";"Plena Noite";"Crescente";"Nublado";"Dupla";"Reta";"Sim";2;0;1;0;0;1;1;2;-22,81049093;-43,06983304;"SPRF-RJ";"DEL02-RJ";"UOP01-DEL02-RJ"
275447;2020-03-14;"sábado";"19:30:00";"GO";40;0,5;"VALPARAISO DE GOIAS";"Ingestão de Álcool";"Colisão traseira";"Sem Vítimas";"Amanhecer";"Crescente";"Céu Claro";"Dupla";"Reta";"Sim";2;0;0;0;0;2;0;2;-16,058273;-47,982655;"SPRF-DF";"DEL01-DF";"UOP01-DEL01-DF"
275448;2020-03-14;"sábado";"22:10:00";"PE";423;61,7;"LAJEDO";"Ingestão de Álcool";"Colisão traseira";"Com Vítimas Feridas";"Plena Noite";"Crescente";"Céu Claro";"Simples";"Reta";"Sim";2;0;1;0;1;0;1;2;-8,65805731;-36,32866993;"SPRF-PE";"DEL03-PE";"UOP01-DEL03-PE"
275449;2020-03-14;"sábado";"21:15:00";"SC";101;417,6;"ARARANGUA";"Falta de Atenção do Pedestre";"Atropelamento de Pedestre";"Com Vítimas Feridas";"Plena Noite";"Decrescente";"Nublado";"Dupla";"Reta";"Não";2;0;1;0;0;1;1;2;-28,97376391;-49,53023409;"SPRF-SC";"DEL02-SC";"UOP02-DEL02-SC"
275451;2020-03-14;"sábado";"19:00:00";"MT";174;6;"PONTES E LACERDA";"Falta de Atenção à Condução";"Colisão lateral";"Com Vítimas Feridas";"Plena Noite";"Decrescente";"Céu Claro";"Simples";"Interseção de Vias";"Sim";3;0;1;0;2;0;1;2;-15,22671761;-59,34947491;"SPRF-MT";"DEL04-MT";"UOP01-DEL04-MT"
275452;2020-03-06;"sexta-feira";"18:30:00";"BA";324;622;"SALVADOR";"Não guardar distância de segurança";"Colisão com objeto em movimento";"Sem Vítimas";"Anoitecer";"Decrescente";"Ignorado";"Múltipla";"Reta";"Não";3;0;0;0;3;0;0;3;-12,92805749;-38,46835267;"SPRF-BA";"DEL01-BA";"UOP01-DEL01-BA"
275453;2020-03-14;"sábado";"20:50:00";"BA";101;122;"ALAGOINHAS";"Defeito na Via";"Queda de ocupante de veículo";"Com Vítimas Feridas";"Plena Noite";"Crescente";"Nublado";"Simples";"Curva";"Não";1;0;0;1;0;0;1;1;-12,15249684;-38,51801429;"SPRF-BA";"DEL01-BA";"UOP04-DEL01-BA"
275454;2020-03-14;"sábado";"21:30:00";"PA";153;45;"SAO DOMINGOS DO ARAGUAIA";"Falta de Atenção à Condução";"Colisão transversal";"Com Vítimas Fatais";"Plena Noite";"Crescente";"Chuva";"Simples";"Interseção de Vias";"Não";3;1;1;0;1;0;1;2;-5,516862;-48,736629;"SPRF-PA";"DEL03-PA";"UOP01-DEL03-PA"
275455;2020-03-14;"sábado";"22:10:00";"PR";369;138,7;"IBIPORA";"Falta de Atenção à Condução";"Colisão lateral";"Com Vítimas Feridas";"Plena Noite";"Decrescente";"Céu Claro";"Dupla";"Interseção de Vias;Rotatória";"Sim";3;0;1;0;0;2;1;3;-23,27363319;-51,0561651;"SPRF-PR";"DEL07-PR";"UOP01-DEL07-PR"
275457;2020-03-14;"sábado";"22:00:00";"ES";262;2,1;"CARIACICA";"Falta de Atenção à Condução";"Colisão traseira";"Com Vítimas Feridas";"Plena Noite";"Decrescente";"Céu Claro";"Dupla";"Reta";"Sim";4;0;1;1;1;1;2;2;-20,33275688;-40,36077696;"SPRF-ES";"DEL01-ES";"UOP01-DEL01-ES"
275458;2020-03-14;"sábado";"20:30:00";"AL";424;102,7;"MARECHAL DEODORO";"Condutor Dormindo";"Saída de leito carroçável";"Sem Vítimas";"Plena Noite";"Crescente";"Céu Claro";"Simples";"Interseção de Vias";"Não";1;0;0;0;1;0;0;1;-9,66670281;-35,84489382;"SPRF-AL";"DEL02-AL";"UOP01-DEL02-AL"
275460;2020-03-14;"sábado";"22:50:00";"PR";376;17,2;"MARINGA";"Falta de Atenção à Condução";"Tombamento";"Com Vítimas Feridas";"Plena Noite";"Decrescente";"Céu Claro";"Dupla";"Curva";"Sim";1;0;1;0;0;0;1;1;-23,43230769;-51,88679695;"SPRF-PR";"DEL09-PR";"UOP01-DEL09-PR"
275461;2020-03-14;"sábado";"21:30:00";"PA";163;986;"SANTAREM";"Desobediência às normas de trânsito pelo condutor";"Colisão transversal";"Com Vítimas Feridas";"Plena Noite";"Decrescente";"Nublado";"Simples";"Reta";"Sim";2;0;0;2;0;0;2;2;-2,59271401;-54,71976013;"SPRF-PA";"DEL05-PA";"UOP01-DEL05-PA"
275463;2020-03-14;"sábado";"23:20:00";"PB";101;81,5;"BAYEUX";"Desobediência às normas de trânsito pelo condutor";"Colisão traseira";"Sem Vítimas";"Plena Noite";"Crescente";"Céu Claro";"Dupla";"Reta";"Não";2;0;0;0;0;2;0;2;-7,12508575;-34,94513217;"SPRF-PB";"DEL01-PB";"UOP01-DEL01-PB"
275464;2020-03-14;"sábado";"22:40:00";"SC";282;502,6;"XANXERE";"Ingestão de Álcool";"Colisão com objeto estático";"Sem Vítimas";"Plena Noite";"Crescente";"Céu Claro";"Dupla";"Aclive";"Sim";1;0;0;0;0;1;0;1;-26,884584;-52,390911;"SPRF-SC";"DEL07-SC";"UOP01-DEL07-SC"
275465;2020-03-14;"sábado";"23:40:00";"DF";60;18,3;"BRASILIA";"Falta de Atenção à Condução";"Colisão traseira";"Com Vítimas Feridas";"Plena Noite";"Crescente";"Nublado";"Dupla";"Reta";"Não";2;0;1;0;1;0;1;2;-15,967793;-48,183559;"SPRF-DF";"DEL03-DF";"UOP01-DEL03-DF"
275468;2020-03-14;"sábado";"23:40:00";"SC";470;66;"INDAIAL";"Falta de Atenção à Condução";"Saída de leito carroçável";"Com Vítimas Feridas";"Plena Noite";"Decrescente";"Céu Claro";"Simples";"Interseção de Vias;Em Obras";"Não";1;0;0;1;0;0;1;1;-26,870407;-49,221844;"SPRF-SC";"DEL04-SC";"UOP01-DEL04-SC"
275469;2020-03-14;"sábado";"23:00:00";"DF";20;20;"BRASILIA";"Agressão Externa";"Capotamento";"Sem Vítimas";"Plena Noite";"Decrescente";"Céu Claro";"Dupla";"Aclive";"Sim";1;0;0;0;1;0;0;1;-15,60687624;-47,69107103;"SPRF-DF";"DEL02-DF";"UOP01-DEL02-DF"
275471;2020-03-15;"domingo";"23:30:00";"RJ";101;112;"CAMPOS DOS GOYTACAZES";"Desobediência às normas de trânsito pelo condutor";"Tombamento";"Com Vítimas Feridas";"Plena Noite";"Decrescente";"Céu Claro";"Dupla";"Reta";"Não";1;0;1;0;0;0;1;1;-21,97039604;-41,65213965;"SPRF-RJ";"DEL08-RJ";"UOP02-DEL08-RJ"
275472;2020-03-15;"domingo";"00:40:00";"RS";290;214,2;"PANTANO GRANDE";"Ingestão de Álcool";"Colisão com objeto estático";"Com Vítimas Feridas";"Plena Noite";"Crescente";"Céu Claro";"Simples";"Interseção de Vias";"Sim";1;0;1;0;0;0;1;1;-30,186422;-52,356377;"SPRF-RS";"DEL02-RS";"UOP02-DEL02-RS"
275473;2020-03-14;"sábado";"23:00:00";"SC";101;420;"ARARANGUA";"Ingestão de Álcool";"Colisão frontal";"Com Vítimas Feridas";"Plena Noite";"Decrescente";"Céu Claro";"Simples";"Reta";"Sim";6;0;2;0;4;0;2;2;-28,99380392;-49,55081408;"SPRF-SC";"DEL02-SC";"UOP02-DEL02-SC"
275474;2020-03-14;"sábado";"20:00:00";"SC";282;570,8;"NOVA ERECHIM";"Objeto estático sobre o leito carroçável";"Colisão com objeto estático";"Com Vítimas Feridas";"Plena Noite";"Decrescente";"Céu Claro";"Simples";"Declive";"Não";1;0;1;0;0;0;1;1;-26,89006;-52,93306;"SPRF-SC";"DEL07-SC";"UOP02-DEL07-SC"
275475;2020-03-15;"domingo";"00:30:00";"PR";116;122,9;"CURITIBA";"Falta de Atenção à Condução";"Colisão traseira";"Sem Vítimas";"Plena Noite";"Crescente";"Nublado";"Dupla";"Curva";"Não";2;0;0;0;2;0;0;2;-25,61133546;-49,31916118;"SPRF-PR";"DEL01-PR";"UOP03-DEL01-PR"
275477;2020-03-14;"sábado";"22:40:00";"AL";316;63,1;"MARAVILHA";"Animais na Pista";"Atropelamento de Animal";"Sem Vítimas";"Plena Noite";"Decrescente";"Céu Claro";"Simples";"Reta";"Não";3;0;0;0;3;0;0;1;-9,261748;-37,407612;"SPRF-AL";"DEL03-AL";"UOP02-DEL03-AL"
275478;2020-03-15;"domingo";"00:19:00";"MT";364;543;"ROSARIO OESTE";"Falta de Atenção à Condução";"Queda de ocupante de veículo";"Sem Vítimas";"Plena Noite";"Decrescente";"Chuva";"Dupla";"Reta";"Não";1;0;0;0;0;1;0;1;-14,90512097;-56,4679881;"SPRF-MT";"DEL01-MT";"UOP01-DEL01-MT"
275479;2020-03-15;"domingo";"00:15:00";"PI";343;266;"CAMPO MAIOR";"Falta de Atenção à Condução";"Tombamento";"Com Vítimas Feridas";"Plena Noite";"Crescente";"Ignorado";"Simples";"Curva";"Sim";1;0;1;0;0;0;1;1;-4,840245;-42,174171;"SPRF-PI";"DEL01-PI";"UOP03-DEL01-PI"
275480;2020-03-15;"domingo";"02:20:00";"RS";392;348;"SANTA MARIA";"Ingestão de Álcool";"Saída de leito carroçável";"Com Vítimas Feridas";"Plena Noite";"Crescente";"Céu Claro";"Simples";"Reta";"Sim";1;0;0;1;0;0;1;1;-29,752404;-53,789779;"SPRF-RS";"DEL09-RS";"UOP01-DEL09-RS"
275482;2020-03-15;"domingo";"03:30:00";"SC";101;415;"ARARANGUA";"Falta de Atenção à Condução";"Colisão com objeto estático";"Sem Vítimas";"Plena Noite";"Crescente";"Nublado";"Simples";"Rotatória";"Não";1;0;0;0;1;0;0;1;-28,96040535;-49,51653267;"SPRF-SC";"DEL02-SC";"UOP02-DEL02-SC"
275483;2020-03-15;"domingo";"04:30:00";"MG";381;936,7;"EXTREMA";"Velocidade Incompatível";"Colisão com objeto estático";"Com Vítimas Feridas";"Amanhecer";"Crescente";"Céu Claro";"Dupla";"Curva";"Não";1;0;1;0;0;0;1;1;-22,81511183;-46,29123688;"SPRF-MG";"DEL16-MG";"UOP03-DEL16-MG"
275485;2020-03-15;"domingo";"05:00:00";"PR";369;88,5;"CORNELIO PROCOPIO";"Ingestão de Álcool";"Colisão com objeto estático";"Com Vítimas Feridas";"Amanhecer";"Crescente";"Céu Claro";"Dupla";"Curva";"Sim";1;0;1;0;0;0;1;1;-23,20242395;-50,65531299;"SPRF-PR";"DEL07-PR";"UOP05-DEL07-PR"
275486;2020-03-15;"domingo";"05:10:00";"PE";428;184;"PETROLINA";"Velocidade Incompatível";"Colisão transversal";"Com Vítimas Feridas";"Amanhecer";"Crescente";"Céu Claro";"Simples";"Interseção de Vias";"Sim";3;0;0;2;0;1;2;2;-9,34009199;-40,47032001;"SPRF-PE";"DEL06-PE";"UOP01-DEL06-PE"
275487;2020-03-15;"domingo";"03:30:00";"SC";101;287,9;"IMBITUBA";"Ingestão de Álcool";"Saída de leito carroçável";"Com Vítimas Feridas";"Plena Noite";"Crescente";"Céu Claro";"Múltipla";"Reta";"Não";1;0;1;0;0;0;1;1;-28,23766496;-48,70059767;"SPRF-SC";"DEL02-SC";"UOP03-DEL02-SC"
275489;2020-02-29;"sábado";"05:00:00";"BA";110;20;"PAULO AFONSO";"Condutor Dormindo";"Saída de leito carroçável";"Com Vítimas Feridas";"Amanhecer";"Decrescente";"Nublado";"Simples";"Reta";"Não";3;0;2;1;0;0;3;1;-9,629628;-38,2222;"SPRF-BA";"DEL07-BA";"UOP01-DEL07-BA"
275491;2020-03-15;"domingo";"08:30:00";"SP";381;24,6;"BRAGANCA PAULISTA";"Velocidade Incompatível";"Colisão com objeto estático";"Com Vítimas Feridas";"Pleno dia";"Crescente";"Céu Claro";"Dupla";"Curva";"Não";2;0;2;0;0;0;2;1;-23,01316393;-46,52386219;"SPRF-SP";"DEL03-SP";"UOP01-DEL03-SP"
275493;2020-03-15;"domingo";"08:10:00";"ES";262;6;"CARIACICA";"Falta de Atenção à Condução";"Colisão lateral";"Com Vítimas Feridas";"Pleno dia";"Crescente";"Céu Claro";"Dupla";"Reta";"Sim";2;0;0;1;1;0;1;2;-20,34007493;-40,39451305;"SPRF-ES";"DEL01-ES";"UOP01-DEL01-ES"
275496;2020-03-15;"domingo";"07:05:00";"SC";280;276;"IRINEOPOLIS";"Velocidade Incompatível";"Saída de leito carroçável";"Com Vítimas Feridas";"Pleno dia";"Crescente";"Céu Claro";"Simples";"Reta";"Não";4;0;4;0;0;0;4;1;-26,29126407;-50,79052397;"SPRF-SC";"DEL06-SC";"UOP04-DEL06-SC"
275497;2020-03-15;"domingo";"09:40:00";"MG";262;437;"NOVA SERRANA";"Falta de Atenção à Condução";"Colisão traseira";"Com Vítimas Feridas";"Pleno dia";"Crescente";"Céu Claro";"Dupla";"Reta";"Não";3;0;1;1;1;0;2;2;-19,89670099;-44,86716812;"SPRF-MG";"DEL08-MG";"UOP03-DEL08-MG"
275499;2020-03-15;"domingo";"05:15:00";"MG";40;751,4;"SANTOS DUMONT";"Falta de Atenção à Condução";"Saída de leito carroçável";"Com Vítimas Feridas";"Amanhecer";"Crescente";"Céu Claro";"Simples";"Reta";"Não";1;0;1;0;0;0;1;1;-21,46537559;-43,56167779;"SPRF-MG";"DEL05-MG";"UOP01-DEL05-MG"
275500;2020-03-15;"domingo";"13:30:00";"BA";20;169,2;"SAO DESIDERIO";"Velocidade Incompatível";"Capotamento";"Com Vítimas Feridas";"Pleno dia";"Decrescente";"Céu Claro";"Simples";"Declive";"Não";2;0;0;2;0;0;2;1;-12,462811;-45,882447;"SPRF-BA";"DEL10-BA";"UOP01-DEL10-BA"
275501;2020-03-15;"domingo";"13:00:00";"CE";230;63,9;"VARZEA ALEGRE";"Falta de Atenção à Condução";"Colisão transversal";"Com Vítimas Feridas";"Pleno dia";"Crescente";"Nublado";"Simples";"Reta;Aclive";"Não";2;0;0;1;1;0;1;2;-6,74673183;-39,15943894;"SPRF-CE";"DEL05-CE";"UOP01-DEL05-CE"
275502;2020-03-15;"domingo";"12:45:00";"SC";101;209;"SAO JOSE";"Falta de Atenção à Condução";"Colisão lateral";"Com Vítimas Feridas";"Pleno dia";"Decrescente";"Sol";"Dupla";"Reta";"Sim";2;0;2;0;0;0;2;2;-27,61327652;-48,64265442;"SPRF-SC";"DEL01-SC";"UOP01-DEL01-SC"
275505;2020-03-15;"domingo";"13:00:00";"SP";116;122,1;"CACAPAVA";"Defeito Mecânico no Veículo";"Tombamento";"Com Vítimas Feridas";"Pleno dia";"Decrescente";"Sol";"Dupla";"Reta";"Não";2;0;2;0;0;0;2;1;-23,08192414;-45,66154591;"SPRF-SP";"DEL06-SP";"UOP01-DEL06-SP"
275506;2020-03-15;"domingo";"11:00:00";"RJ";393;155;"TRES RIOS";"Ingestão de Álcool";"Tombamento";"Sem Vítimas";"Pleno dia";"Decrescente";"Céu Claro";"Simples";"Rotatória";"Não";1;0;0;0;1;0;0;1;-22,106288;-43,07716023;"SPRF-RJ";"DEL05-RJ";"UOP01-DEL05-RJ"
275507;2020-03-15;"domingo";"07:00:00";"SC";101;217;"PALHOCA";"Ingestão de Álcool";"Capotamento";"Com Vítimas Feridas";"Pleno dia";"Crescente";"Céu Claro";"Dupla";"Reta";"Sim";1;0;1;0;0;0;1;1;-27,66779034;-48,67393586;"SPRF-SC";"DEL01-SC";"UOP02-DEL01-SC"
275509;2020-03-15;"domingo";"12:50:00";"SP";116;313,5;"SAO LOURENCO DA SERRA";"Ingestão de Álcool";"Colisão com objeto estático";"Sem Vítimas";"Pleno dia";"Crescente";"Céu Claro";"Dupla";"Reta";"Não";1;0;0;0;1;0;0;1;-23,88913612;-46,9801679;"SPRF-SP";"DEL04-SP";"UOP01-DEL04-SP"
275510;2020-03-15;"domingo";"10:20:00";"RS";471;163,9;"RIO PARDO";"Falta de Atenção à Condução";"Colisão transversal";"Com Vítimas Feridas";"Pleno dia";"Decrescente";"Nublado";"Simples";"Reta";"Não";8;0;4;0;4;0;4;2;-29,89858689;-52,39233971;"SPRF-RS";"DEL02-RS";"UOP02-DEL02-RS"
275511;2020-03-15;"domingo";"06:10:00";"RS";116;258,9;"CANOAS";"Ingestão de Álcool";"Colisão lateral";"Sem Vítimas";"Pleno dia";"Decrescente";"Céu Claro";"Dupla";"Reta";"Sim";2;0;0;0;2;0;0;2;-29,86150502;-51,18091535;"SPRF-RS";"DEL01-RS";"UOP02-DEL01-RS"
275512;2020-03-15;"domingo";"13:40:00";"SC";101;141,5;"ITAPEMA";"Avarias e/ou desgaste excessivo no pneu";"Tombamento";"Com Vítimas Feridas";"Pleno dia";"Decrescente";"Sol";"Dupla";"Curva";"Não";2;0;2;0;0;0;2;1;-27,04761729;-48,59995855;"SPRF-SC";"DEL04-SC";"UOP03-DEL04-SC"
275513;2020-02-18;"terça-feira";"01:00:00";"BA";135;172;"BARREIRAS";"Velocidade Incompatível";"Colisão frontal";"Com Vítimas Fatais";"Plena Noite";"Decrescente";"Céu Claro";"Simples";"Reta";"Não";2;1;0;1;0;0;1;2;-12,10952002;-44,9842323;"SPRF-BA";"DEL10-BA";"UOP01-DEL10-BA"
275514;2020-03-15;"domingo";"10:50:00";"AP";210;100;"PORTO GRANDE";"Falta de Atenção à Condução";"Colisão com objeto estático";"Sem Vítimas";"Pleno dia";"Crescente";"Chuva";"Dupla";"Retorno Regulamentado";"Sim";1;0;0;0;1;0;0;1;0,68324135;-51,36558888;"SPRF-AP";"DEL01-AP";"UOP01-DEL01-AP"
275515;2020-03-15;"domingo";"13:00:00";"PE";101;178,9;"JOAQUIM NABUCO";"Animais na Pista";"Saída de leito carroçável";"Com Vítimas Feridas";"Pleno dia";"Crescente";"Chuva";"Dupla";"Curva";"Não";1;0;1;0;0;0;1;1;-8,626228;-35,557475;"SPRF-PE";"DEL01-PE";"UOP03-DEL01-PE"