"id";"data_inversa";"dia_semana";"horario";"uf";"br";"km";"municipio";"causa_acidente";"tipo_acidente";"classificacao_acidente";"fase_dia";"sentido_via";"condicao_metereologica";"tipo_pista";"tracado_via";"uso_solo";"pessoas";"mortos";"feridos_leves";"feridos_graves";"ilesos";"ignorados";"feridos";"veiculos";"latitude";"longitude";"regional";"delegacia";"uop"
275516;2020-03-15;"domingo";"11:45:00";"PE";101;69,7;"RECIFE";"Falta de Atenção do Pedestre";"Atropelamento de Pedestre";"Com Vítimas Feridas";"Pleno dia";"Crescente";"Céu Claro";"Dupla";"Reta";"Não";3;0;1;0;1;1;1;2;-8,05951606;-34,94581024;"SPRF-PE";"DEL01-PE";"UOP01-DEL01-PE"
275517;2020-03-15;"domingo";"14:00:00";"PR";116;87;"PIRAQUARA";"Falta de Atenção à Condução";"Queda de ocupante de veículo";"Com Vítimas Feridas";"Pleno dia";"Crescente";"Céu Claro";"Dupla";"Curva";"Não";2;0;2;0;0;0;2;1;-25,44106805;-49,09243759;"SPRF-PR";"DEL01-PR";"UOP01-DEL01-PR"
275518;2020-03-15;"domingo";"07:50:00";"MG";381;828,3;"SAO SEBASTIAO DA BELA VISTA";"Não guardar distância de segurança";"Colisão lateral";"Com Vítimas Feridas";"Pleno dia";"Crescente";"Céu Claro";"Dupla";"Reta";"Não";2;0;1;0;1;0;1;2;-22,11369227;-45,74918389;"SPRF-MG";"DEL16-MG";"UOP01-DEL16-MG"
275522;2020-03-15;"domingo";"11:25:00";"MG";381;926,1;"ITAPEVA";"Pista Escorregadia";"Tombamento";"Com Vítimas Feridas";"Pleno dia";"Crescente";"Céu Claro";"Dupla";"Reta;Aclive";"Não";1;0;1;0;0;0;1;1;-22,76844706;-46,20760098;"SPRF-MG";"DEL16-MG";"UOP03-DEL16-MG"
275523;2020-03-15;"domingo";"11:25:00";"MG";381;929,3;"ITAPEVA";"Velocidade Incompatível";"Saída de leito carroçável";"Com Vítimas Feridas";"Pleno dia";"Crescente";"Nublado";"Dupla";"Curva";"Não";1;0;0;1;0;0;1;1;-22,77103924;-46,23689557;"SPRF-MG";"DEL16-MG";"UOP03-DEL16-MG"
275524;2020-03-15;"domingo";"14:50:00";"SC";470;44;"BLUMENAU";"Defeito Mecânico no Veículo";"Tombamento";"Com Vítimas Feridas";"Pleno dia";"Decrescente";"Céu Claro";"Simples";"Curva";"Não";2;0;2;0;0;0;2;1;-26,870665;-49,021896;"SPRF-SC";"DEL04-SC";"UOP01-DEL04-SC"
275525;2020-03-15;"domingo";"10:55:00";"MG";381;909,1;"CAMANDUCAIA";"Falta de Atenção à Condução";"Colisão traseira";"Com Vítimas Feridas";"Pleno dia";"Crescente";"Sol";"Dupla";"Curva;Declive";"Não";2;0;1;0;1;0;1;2;-22,68598482;-46,10289765;"SPRF-MG";"DEL16-MG";"UOP03-DEL16-MG"
275526;2020-03-15;"domingo";"10:35:00";"SC";282;505,9;"XANXERE";"Falta de Atenção à Condução";"Saída de leito carroçável";"Com Vítimas Feridas";"Pleno dia";"Crescente";"Céu Claro";"Dupla";"Curva;Declive";"Sim";2;0;1;1;0;0;2;1;-26,885883;-52,418762;"SPRF-SC";"DEL07-SC";"UOP01-DEL07-SC"
275527;2020-03-15;"domingo";"14:55:00";"SP";116;60;"GUARATINGUETA";"Ingestão de Álcool";"Colisão com objeto estático";"Sem Vítimas";"Pleno dia";"Decrescente";"Céu Claro";"Dupla";"Reta";"Não";1;0;0;0;1;0;0;1;-22,79106843;-45,16105167;"SPRF-SP";"DEL08-SP";"UOP01-DEL08-SP"
275528;2020-03-15;"domingo";"15:00:00";"PE";104;67,8;"CARUARU";"Falta de Atenção à Condução";"Colisão traseira";"Com Vítimas Feridas";"Pleno dia";"Decrescente";"Nublado";"Dupla";"Reta";"Sim";2;0;1;0;1;0;1;2;-8,29515793;-35,98731637;"SPRF-PE";"DEL02-PE";"UOP01-DEL02-PE"
275529;2020-03-15;"domingo";"12:00:00";"PE";232;21,5;"MORENO";"Mal Súbito";"Saída de leito carroçável";"Com Vítimas Feridas";"Pleno dia";"Crescente";"Céu Claro";"Dupla";"Curva";"Não";1;0;1;0;0;0;1;1;-8,09580234;-35,08012588;"SPRF-PE";"DEL02-PE";"UOP02-DEL02PE"
275531;2020-03-15;"domingo";"06:50:00";"PR";369;132;"IBIPORA";"Restrição de Visibilidade";"Queda de ocupante de veículo";"Com Vítimas Feridas";"Amanhecer";"Decrescente";"Céu Claro";"Simples";"Reta";"Não";1;0;1;0;0;0;1;1;-23,26086109;-51,01302981;"SPRF-PR";"DEL07-PR";"UOP01-DEL07-PR"
275533;2020-03-15;"domingo";"04:00:00";"RJ";40;102;"DUQUE DE CAXIAS";"Ingestão de Álcool";"Colisão com objeto estático";"Com Vítimas Fatais";"Plena Noite";"Decrescente";"Céu Claro";"Dupla";"Reta";"Não";2;1;0;1;0;0;1;1;-22,61089297;-43,28656077;"SPRF-RJ";"DEL01-RJ";"UOP01-DEL01-RJ"
275534;2020-03-15;"domingo";"15:00:00";"CE";222;2,5;"FORTALEZA";"Desobediência às normas de trânsito pelo condutor";"Colisão transversal";"Com Vítimas Feridas";"Pleno dia";"Decrescente";"Céu Claro";"Múltipla";"Interseção de Vias";"Sim";3;0;2;0;1;0;2;2;-3,73911117;-38,58687498;"SPRF-CE";"DEL01-CE";"UOP01-DEL01-CE"
275535;2020-03-15;"domingo";"08:40:00";"SC";470;7,5;"NAVEGANTES";"Ingestão de Álcool";"Colisão traseira";"Sem Vítimas";"Pleno dia";"Crescente";"Céu Claro";"Simples";"Desvio Temporário";"Não";2;0;0;0;2;0;0;2;-26,84499;-48,71505;"SPRF-SC";"DEL04-SC";"UOP04-DEL04-SC"
275536;2020-03-15;"domingo";"03:00:00";"MS";262;558,5;"MIRANDA";"Ingestão de Álcool";"Colisão frontal";"Com Vítimas Fatais";"Plena Noite";"Decrescente";"Céu Claro";"Simples";"Reta";"Não";9;1;2;0;6;0;2;2;-20,231008;-56,389321;"SPRF-MS";"DEL03-MS";"UOP02-DEL03-MS"
275537;2020-03-15;"domingo";"12:45:00";"PR";369;202,3;"APUCARANA";"Falta de Atenção à Condução";"Colisão lateral";"Com Vítimas Feridas";"Pleno dia";"Crescente";"Céu Claro";"Simples";"Reta";"Sim";3;0;1;0;0;2;1;3;-23,54522213;-51,45330906;"SPRF-PR";"DEL07-PR";"UOP03-DEL07-PR"
275538;2020-03-15;"domingo";"15:05:00";"RJ";116;269,3;"BARRA MANSA";"Velocidade Incompatível";"Colisão com objeto estático";"Com Vítimas Feridas";"Pleno dia";"Crescente";"Nublado";"Dupla";"Curva";"Sim";6;0;2;0;4;0;2;1;-22,57510092;-44,11542461;"SPRF-RJ";"DEL07-RJ";"UOP02-DEL07-RJ"
275539;2020-03-15;"domingo";"14:15:00";"RS";386;16,5;"FREDERICO WESTPHALEN";"Falta de Atenção à Condução";"Colisão transversal";"Com Vítimas Feridas";"Pleno dia";"Crescente";"Céu Claro";"Simples";"Curva";"Não";3;0;1;0;2;0;1;2;-27,240423;-53,337631;"SPRF-RS";"DEL08-RS";"UOP02-DEL08-RS"
275540;2020-03-15;"domingo";"15:50:00";"PR";376;620;"SAO JOSE DOS PINHAIS";"Ingestão de Álcool";"Colisão com objeto estático";"Com Vítimas Feridas";"Pleno dia";"Crescente";"Sol";"Simples";"Interseção de Vias";"Não";1;0;1;0;0;0;1;1;-25,60925907;-49,17205834;"SPRF-PR";"DEL01-PR";"UOP01-DEL01-PR"
275542;2020-03-15;"domingo";"15:20:00";"PB";101;105,9;"ALHANDRA";"Ingestão de Álcool";"Saída de leito carroçável";"Com Vítimas Feridas";"Pleno dia";"Crescente";"Nublado";"Dupla";"Reta;Aclive";"Não";2;0;1;0;1;0;1;2;-7,31747224;-34,9467284;"SPRF-PB";"DEL01-PB";"UOP01-DEL01-PB"
275543;2020-03-15;"domingo";"15:25:00";"PR";153;458;"UNIAO DA VITORIA";"Velocidade Incompatível";"Colisão transversal";"Sem Vítimas";"Pleno dia";"Decrescente";"Céu Claro";"Simples";"Interseção de Vias";"Sim";3;0;0;0;3;0;0;2;-26,21736309;-51,13043547;"SPRF-PR";"DEL02-PR";"UOP03-DEL02-PR"
275544;2020-03-15;"domingo";"16:00:00";"PB";101;105;"ALHANDRA";"Velocidade Incompatível";"Colisão traseira";"Com Vítimas Feridas";"Pleno dia";"Crescente";"Chuva";"Dupla";"Curva";"Não";6;0;2;1;3;0;3;3;-7,30814609;-34,94344185;"SPRF-PB";"DEL01-PB";"UOP01-DEL01-PB"
275546;2020-03-15;"domingo";"05:50:00";"SC";101;151;"ITAPEMA";"Falta de Atenção à Condução";"Colisão transversal";"Com Vítimas Feridas";"Amanhecer";"Decrescente";"Nublado";"Simples";"Reta";"Não";2;0;1;0;1;0;1;2;-27,126536;-48,609642;"SPRF-SC";"DEL04-SC";"UOP03-DEL04-SC"
275549;2020-03-15;"domingo";"15:30:00";"SC";280;46,2;"GUARAMIRIM";"Ingestão de Álcool";"Saída de leito carroçável";"Sem Vítimas";"Pleno dia";"Crescente";"Céu Claro";"Simples";"Reta";"Não";1;0;0;0;0;1;0;1;-26,45295055;-48,90788103;"SPRF-SC";"DEL03-SC";"UOP03-DEL03-SC"
275551;2020-01-28;"terça-feira";"13:50:00";"PE";101;73;"RECIFE";"Falta de Atenção à Condução";"Colisão lateral";"Com Vítimas Feridas";"Pleno dia";"Crescente";"Ignorado";"Dupla";"Curva";"Sim";3;0;1;0;0;2;1;2;-8,099072;-34,950009;"SPRF-PE";"DEL01-PE";"UOP01-DEL01-PE"
275552;2020-03-15;"domingo";"16:50:00";"PR";476;143,9;"CURITIBA";"Velocidade Incompatível";"Saída de leito carroçável";"Com Vítimas Feridas";"Pleno dia";"Decrescente";"Céu Claro";"Dupla";"Curva";"Sim";4;0;2;0;2;0;2;1;-25,54096129;-49,31147564;"SPRF-PR";"DEL01-PR";"UOP06-DEL01-PR"
275553;2020-03-15;"domingo";"16:20:00";"PR";277;121,1;"CAMPO LARGO";"Falta de Atenção à Condução";"Saída de leito carroçável";"Com Vítimas Feridas";"Pleno dia";"Decrescente";"Céu Claro";"Dupla";"Reta";"Não";3;0;1;0;2;0;1;1;-25,44240105;-49,56185997;"SPRF-PR";"DEL01-PR";"UOP03-DEL03-PR"
275554;2020-03-15;"domingo";"17:20:00";"MG";40;780,5;"JUIZ DE FORA";"Ingestão de Álcool";"Colisão traseira";"Com Vítimas Feridas";"Pleno dia";"Crescente";"Céu Claro";"Dupla";"Interseção de Vias";"Não";2;0;0;1;1;0;1;2;-21,70241239;-43,45264435;"SPRF-MG";"DEL05-MG";"UOP01-DEL05-MG"
275555;2020-03-15;"domingo";"17:20:00";"GO";60;386,2;"RIO VERDE";"Desobediência às normas de trânsito pelo condutor";"Colisão transversal";"Com Vítimas Feridas";"Anoitecer";"Crescente";"Céu Claro";"Dupla";"Interseção de Vias";"Sim";3;0;1;0;2;0;1;2;-17,80556313;-50,92294347;"SPRF-GO";"DEL04-GO";"UOP01-DEL04-GO"
275556;2020-02-16;"domingo";"17:25:00";"SC";101;3;"GARUVA";"Velocidade Incompatível";"Queda de ocupante de veículo";"Com Vítimas Feridas";"Pleno dia";"Crescente";"Nublado";"Dupla";"Curva";"Não";2;0;1;1;0;0;2;1;-26,00380807;-48,87233005;"SPRF-SC";"DEL03-SC";"UOP01-DEL03-SC"
275558;2020-03-15;"domingo";"04:00:00";"TO";153;140;"ARAGUAINA";"Ingestão de Álcool";"Saída de leito carroçável";"Sem Vítimas";"Amanhecer";"Decrescente";"Chuva";"Dupla";"Reta";"Sim";1;0;0;0;1;0;0;1;-7,169616;-48,21328;"SPRF-TO";"DEL02-TO";"UOP01-DEL02-TO"
275559;2020-03-15;"domingo";"17:00:00";"SC";101;156,8;"PORTO BELO";"Avarias e/ou desgaste excessivo no pneu";"Tombamento";"Com Vítimas Feridas";"Pleno dia";"Crescente";"Céu Claro";"Dupla";"Reta";"Sim";1;0;1;0;0;0;1;1;-27,172272;-48,61170204;"SPRF-SC";"DEL04-SC";"UOP03-DEL04-SC"
275561;2020-03-15;"domingo";"15:50:00";"PE";424;18;"PEDRA";"Ingestão de Álcool";"Saída de leito carroçável";"Com Vítimas Feridas";"Pleno dia";"Decrescente";"Céu Claro";"Simples";"Aclive";"Sim";1;0;1;0;0;0;1;1;-8,49676628;-36,93934222;"SPRF-PE";"DEL03-PE";"UOP02-DEL03-PE"
275562;2020-03-15;"domingo";"17:20:00";"RJ";116;180;"NOVA IGUACU";"Falta de Atenção à Condução";"Engavetamento";"Com Vítimas Feridas";"Pleno dia";"Decrescente";"Céu Claro";"Múltipla";"Reta";"Sim";9;0;1;0;7;1;1;6;-22,7651616;-43,4154728;"SPRF-RJ";"DEL01-RJ";"UOP02-DEL01-RJ"
275563;2020-03-15;"domingo";"17:20:00";"PB";230;44,1;"SANTA RITA";"Falta de Atenção à Condução";"Colisão traseira";"Sem Vítimas";"Anoitecer";"Decrescente";"Chuva";"Dupla";"Reta";"Não";3;0;0;0;2;1;0;2;-7,1531;-35,0102;"SPRF-PB";"DEL01-PB";"UOP03-DEL01-PB"
275564;2020-03-15;"domingo";"18:20:00";"SC";282;20;"PALHOCA";"Desobediência às normas de trânsito pelo condutor";"Colisão traseira";"Sem Vítimas";"Anoitecer";"Decrescente";"Céu Claro";"Simples";"Curva";"Sim";2;0;0;0;1;1;0;2;-27,683958;-48,71006;"SPRF-SC";"DEL01-SC";"UOP02-DEL01-SC"
275565;2020-03-15;"domingo";"08:50:00";"RS";101;55,3;"MAQUINE";"Mal Súbito";"Saída de leito carroçável";"Com Vítimas Feridas";"Pleno dia";"Decrescente";"Céu Claro";"Dupla";"Reta";"Não";4;0;0;2;2;0;2;1;-29,64957;-50,116097;"SPRF-RS";"DEL03-RS";"UOP02-DEL03-RS"
275566;2020-03-15;"domingo";"18:00:00";"SC";101;183,8;"BIGUACU";"Ingestão de Álcool";"Colisão traseira";"Com Vítimas Feridas";"Anoitecer";"Crescente";"Céu Claro";"Dupla";"Reta";"Sim";5;0;2;0;3;0;2;3;-27,40688892;-48,6285296;"SPRF-SC";"DEL01-SC";"UOP01-DEL01-SC"
275568;2020-03-15;"domingo";"17:45:00";"AL";316;264,6;"SATUBA";"Ingestão de Álcool";"Colisão frontal";"Com Vítimas Feridas";"Anoitecer";"Crescente";"Chuva";"Simples";"Reta";"Não";3;0;1;0;1;1;1;2;-9,58847626;-35,8696781;"SPRF-AL";"DEL02-AL";"UOP01-DEL02-AL"
275570;2020-03-15;"domingo";"18:10:00";"RJ";101;51;"CAMPOS DOS GOYTACAZES";"Deficiência ou não Acionamento do Sistema de Iluminação/Sinalização do Veículo";"Colisão frontal";"Com Vítimas Feridas";"Plena Noite";"Crescente";"Céu Claro";"Simples";"Reta";"Não";2;0;0;1;1;0;1;2;-21,64273198;-41,31170082;"SPRF-RJ";"DEL08-RJ";"UOP01-DEL08-RJ"
275572;2020-03-15;"domingo";"17:40:00";"PB";101;120;"CAAPORA";"Ingestão de Álcool";"Colisão lateral";"Com Vítimas Feridas";"Plena Noite";"Decrescente";"Céu Claro";"Dupla";"Reta";"Não";5;0;2;0;2;1;2;2;-7,43522578;-34,9727831;"SPRF-PB";"DEL01-PB";"UOP01-DEL01-PB"
275573;2020-03-15;"domingo";"18:00:00";"GO";414;427,5;"ANAPOLIS";"Desobediência às normas de trânsito pelo condutor";"Colisão transversal";"Com Vítimas Feridas";"Pleno dia";"Decrescente";"Céu Claro";"Simples";"Reta";"Não";2;0;1;0;1;0;1;2;-16,18448642;-48,90324784;"SPRF-GO";"DEL02-GO";"UOP01-DEL02-GO"
275574;2020-03-15;"domingo";"17:40:00";"MG";40;496,7;"ESMERALDAS";"Ingestão de álcool e/ou substâncias psicoativas pelo pedestre";"Saída de leito carroçável";"Sem Vítimas";"Pleno dia";"Decrescente";"Céu Claro";"Dupla";"Aclive;Curva";"Não";1;0;0;0;1;0;0;1;-19,67088766;-44,19355961;"SPRF-MG";"DEL02-MG";"UOP01-DEL02-MG"
275576;2020-03-15;"domingo";"18:45:00";"PR";376;143,7;"PRESIDENTE CASTELO BRANCO";"Falta de Atenção à Condução";"Colisão com objeto estático";"Com Vítimas Feridas";"Plena Noite";"Decrescente";"Nublado";"Dupla";"Reta;Retorno Regulamentado";"Não";2;0;1;0;1;0;1;2;-23,26518298;-52,16200896;"SPRF-PR";"DEL09-PR";"UOP02-DEL09-PR"
275577;2020-03-15;"domingo";"15:50:00";"SP";116;269,5;"TABOAO DA SERRA";"Falta de Atenção à Condução";"Colisão transversal";"Com Vítimas Feridas";"Pleno dia";"Decrescente";"Céu Claro";"Dupla";"Reta";"Sim";2;0;1;0;1;0;1;2;-23,61593059;-46,78826044;"SPRF-SP";"DEL04-SP";"UOP01-DEL04-SP"
275578;2020-03-15;"domingo";"18:30:00";"RJ";101;69;"CAMPOS DOS GOYTACAZES";"Ingestão de Álcool";"Colisão com objeto estático";"Com Vítimas Feridas";"Plena Noite";"Crescente";"Céu Claro";"Simples";"Retorno Regulamentado";"Não";1;0;1;0;0;0;1;1;-21,77624383;-41,3653321;"SPRF-RJ";"DEL08-RJ";"UOP02-DEL08-RJ"
275579;2020-03-15;"domingo";"19:00:00";"PA";155;305;"MARABA";"Defeito na Via";"Tombamento";"Com Vítimas Feridas";"Plena Noite";"Crescente";"Garoa/Chuvisco";"Simples";"Reta";"Não";1;0;1;0;0;0;1;1;-5,69507797;-49,12021804;"SPRF-PA";"DEL03-PA";"UOP01-DEL03-PA"
275582;2020-03-15;"domingo";"18:00:00";"BA";110;371,8;"CATU";"Ingestão de Álcool";"Colisão frontal";"Com Vítimas Feridas";"Anoitecer";"Decrescente";"Céu Claro";"Simples";"Curva";"Não";5;0;4;0;1;0;4;2;-12,41152143;-38,43143397;"SPRF-BA";"DEL01-BA";"UOP04-DEL01-BA"
275583;2020-03-15;"domingo";"09:30:00";"BA";324;550;"AMELIA RODRIGUES";"Defeito Mecânico no Veículo";"Tombamento";"Com Vítimas Feridas";"Pleno dia";"Crescente";"Céu Claro";"Dupla";"Reta";"Não";2;0;2;0;0;0;2;1;-12,43832718;-38,72506515;"SPRF-BA";"DEL01-BA";"UOP01-DEL01-BA"
275584;2020-03-15;"domingo";"11:30:00";"BA";324;554;"AMELIA RODRIGUES";"Velocidade Incompatível";"Saída de leito carroçável";"Com Vítimas Feridas";"Pleno dia";"Crescente";"Céu Claro";"Dupla";"Reta";"Não";2;0;1;1;0;0;2;1;-12,46037726;-38,69681519;"SPRF-BA";"DEL01-BA";"UOP01-DEL01-BA"
275585;2020-03-15;"domingo";"17:30:00";"PE";232;235,9;"PESQUEIRA";"Pista Escorregadia";"Saída de leito carroçável";"Com Vítimas Feridas";"Anoitecer";"Decrescente";"Chuva";"Simples";"Reta";"Não";2;0;1;1;0;0;2;1;-8,40846848;-36,91974495;"SPRF-PE";"DEL03-PE";"UOP02-DEL03-PE"
275586;2020-03-15;"domingo";"19:10:00";"SE";235;55,9;"ITABAIANA";"Falta de Atenção do Pedestre";"Atropelamento de Pedestre";"Com Vítimas Fatais";"Plena Noite";"Decrescente";"Céu Claro";"Simples";"Curva";"Sim";2;1;0;0;1;0;0;2;-10,667386;-37,446014;"SPRF-SE";"DEL01-SE";"UOP02-DEL01-SE"
275587;2020-03-15;"domingo";"19:15:00";"CE";116;19;"EUSEBIO";"Defeito na Via";"Queda de ocupante de veículo";"Com Vítimas Feridas";"Plena Noite";"Decrescente";"Vento";"Dupla";"Curva";"Não";2;0;1;1;0;0;2;1;-3,91384397;-38,50667231;"SPRF-CE";"DEL01-CE";"UOP02-DEL01-CE"
275589;2020-03-15;"domingo";"19:00:00";"PR";163;168,2;"LINDOESTE";"Falta de Atenção à Condução";"Queda de ocupante de veículo";"Com Vítimas Feridas";"Plena Noite";"Crescente";"Céu Claro";"Simples";"Reta";"Não";1;0;1;0;0;0;1;1;-25,29248982;-53,57038619;"SPRF-PR";"DEL05-PR";"UOP05-DEL05-PR"
275590;2020-02-24;"segunda-feira";"07:00:00";"MG";251;234;"SANTA CRUZ DE SALINAS";"Pista Escorregadia";"Capotamento";"Com Vítimas Feridas";"Pleno dia";"Crescente";"Chuva";"Simples";"Curva";"Não";4;0;3;0;1;0;3;1;-15,98125616;-41,73564394;"SPRF-MG";"DEL11-MG";"UOP02-DEL11-MG"
275591;2020-03-15;"domingo";"18:50:00";"SP";116;70;"APARECIDA";"Falta de Atenção do Pedestre";"Atropelamento de Pedestre";"Com Vítimas Feridas";"Plena Noite";"Crescente";"Nublado";"Dupla";"Curva";"Sim";2;0;0;1;1;0;1;2;-22,84852898;-45,22705084;"SPRF-SP";"DEL08-SP";"UOP01-DEL08-SP"
275592;2020-03-15;"domingo";"19:31:00";"ES";101;293,6;"CARIACICA";"Falta de Atenção à Condução";"Saída de leito carroçável";"Com Vítimas Feridas";"Plena Noite";"Decrescente";"Céu Claro";"Múltipla";"Reta";"Sim";1;0;0;1;0;0;1;1;-20,32065987;-40,39608836;"SPRF-ES";"DEL01-ES";"UOP01-DEL01-ES"
275593;2020-03-15;"domingo";"19:20:00";"MG";381;454;"BELO HORIZONTE";"Falta de Atenção à Condução";"Colisão lateral";"Com Vítimas Feridas";"Plena Noite";"Crescente";"Céu Claro";"Simples";"Reta";"Não";3;0;0;1;1;1;1;3;-19,85593827;-43,89662047;"SPRF-MG";"DEL01-MG";"UOP01-DEL01-MG"
275594;2020-03-15;"domingo";"19:10:00";"RS";386;36;"FREDERICO WESTPHALEN";"Desobediência às normas de trânsito pelo condutor";"Colisão frontal";"Sem Vítimas";"Plena Noite";"Crescente";"Céu Claro";"Simples";"Reta";"Não";3;0;0;0;2;1;0;3;-27,373381;-53,39772;"SPRF-RS";"DEL08-RS";"UOP02-DEL08-RS"
275595;2020-03-15;"domingo";"19:30:00";"BA";135;182;"BARREIRAS";"Restrição de Visibilidade";"Colisão traseira";"Com Vítimas Feridas";"Plena Noite";"Decrescente";"Céu Claro";"Simples";"Reta";"Sim";5;0;1;0;4;0;1;2;-12,16600884;-45,00885937;"SPRF-BA";"DEL10-BA";"UOP01-DEL10-BA"
275596;2020-03-15;"domingo";"17:14:00";"PR";376;185,6;"SARANDI";"Falta de Atenção à Condução";"Colisão traseira";"Com Vítimas Feridas";"Pleno dia";"Crescente";"Céu Claro";"Dupla";"Reta";"Sim";6;0;1;0;4;1;1;3;-23,45147413;-51,85361808;"SPRF-PR";"DEL09-PR";"UOP01-DEL09-PR"
275598;2020-03-15;"domingo";"18:10:00";"MT";163;836;"SINOP";"Ingestão de Álcool";"Colisão transversal";"Sem Vítimas";"Plena Noite";"Crescente";"Nublado";"Simples";"Reta";"Sim";2;0;0;0;2;0;0;2;-11,977922;-55,517017;"SPRF-MT";"DEL06-MT";"NPF/DEL06-MT"
275601;2020-03-15;"domingo";"19:22:00";"RJ";101;267,6;"RIO BONITO";"Ingestão de Álcool";"Saída de leito carroçável";"Com Vítimas Feridas";"Plena Noite";"Crescente";"Céu Claro";"Dupla";"Reta";"Não";1;0;1;0;0;0;1;1;-22,70728329;-42,66059086;"SPRF-RJ";"DEL02-RJ";"UOP03-DEL02-RJ"
275602;2020-03-15;"domingo";"19:30:00";"RS";116;145,7;"CAXIAS DO SUL";"Ingestão de Álcool";"Colisão traseira";"Com Vítimas Feridas";"Plena Noite";"Crescente";"Garoa/Chuvisco";"Dupla";"Reta";"Sim";4;0;1;0;2;1;1;3;-29,1350217;-51,1302779;"SPRF-RS";"DEL05-RS";"UOP01-DEL05-RS"
275603;2020-03-15;"domingo";"19:20:00";"PE";101;85,1;"JABOATAO DOS GUARARAPES";"Fenômenos da Natureza";"Capotamento";"Sem Vítimas";"Plena Noite";"Decrescente";"Chuva";"Dupla";"Reta";"Não";2;0;0;0;1;1;0;1;-8,18065563;-34,95965322;"SPRF-PE";"DEL01-PE";"UOP03-DEL01-PE"
275606;2020-03-15;"domingo";"19:54:00";"SE";235;5;"NOSSA SENHORA DO SOCORRO";"Ingestão de Álcool";"Saída de leito carroçável";"Sem Vítimas";"Plena Noite";"Crescente";"Nublado";"Dupla";"Reta";"Sim";1;0;0;0;1;0;0;1;-10,9041;-37,1278;"SPRF-SE";"DEL01-SE";"UOP01-DEL01-SE"
275607;2020-03-15;"domingo";"18:50:00";"SC";282;653,7;"SAO MIGUEL DO OESTE";"Falta de Atenção à Condução";"Tombamento";"Com Vítimas Feridas";"Pleno dia";"Crescente";"Céu Claro";"Múltipla";"Curva";"Não";2;0;0;2;0;0;2;1;-26,708202;-53,514313;"SPRF-SC";"DEL07-SC";"UOP03-DEL07-SC"
275608;2020-03-15;"domingo";"13:00:00";"PI";343;617,5;"FLORIANO";"Desobediência às normas de trânsito pelo condutor";"Saída de leito carroçável";"Com Vítimas Feridas";"Pleno dia";"Crescente";"Céu Claro";"Simples";"Reta";"Sim";1;0;1;0;0;0;1;1;-6,929653;-43,186806;"SPRF-PI";"DEL03-PI";"UOP01-DEL03-PI"
275610;2020-03-15;"domingo";"18:20:00";"PB";230;478;"MARIZOPOLIS";"Desobediência às normas de trânsito pelo pedestre";"Atropelamento de Pedestre";"Com Vítimas Feridas";"Anoitecer";"Crescente";"Chuva";"Simples";"Reta";"Sim";2;0;0;1;0;1;1;2;-6,8435;-38,341029;"SPRF-PB";"DEL03-PB";"UOP03-DEL03-PB"
275611;2020-03-15;"domingo";"19:50:00";"PI";343;14;"PARNAIBA";"Não guardar distância de segurança";"Colisão traseira";"Sem Vítimas";"Plena Noite";"Decrescente";"Nublado";"Dupla";"Reta";"Sim";2;0;0;0;1;1;0;2;-2,928427;-41,753618;"SPRF-PI";"DEL05-PI";"UOP01-DEL05-PI"
275612;2020-03-15;"domingo";"18:30:00";"RO";364;417,2;"JARU";"Ultrapassagem Indevida";"Colisão lateral";"Com Vítimas Feridas";"Anoitecer";"Crescente";"Céu Claro";"Simples";"Aclive;Curva";"Não";1;0;0;1;0;0;1;1;-10,4920926;-62,42758065;"SPRF-RO";"DEL03-RO";"UOP02-DEL03-RO"
275613;2020-03-15;"domingo";"20:00:00";"RJ";101;460;"ANGRA DOS REIS";"Falta de Atenção à Condução";"Colisão traseira";"Com Vítimas Fatais";"Plena Noite";"Crescente";"Céu Claro";"Simples";"Reta";"Sim";4;1;0;1;2;0;1;2;-23,0376863;-44,18393352;"SPRF-RJ";"DEL03-RJ";"UOP03-DEL03-RJ"
275614;2020-03-15;"domingo";"19:20:00";"MG";116;411;"GOVERNADOR VALADARES";"Falta de Atenção à Condução";"Colisão lateral";"Com Vítimas Feridas";"Plena Noite";"Decrescente";"Céu Claro";"Dupla";"Interseção de Vias;Reta";"Sim";2;0;1;0;1;0;1;2;-18,86244705;-41,97405237;"SPRF-MG";"DEL06-MG";"UOP01-DEL06-MG"
275615;2020-03-15;"domingo";"17:15:00";"SC";282;424,8;"VARGEM BONITA";"Ingestão de Álcool";"Saída de leito carroçável";"Sem Vítimas";"Pleno dia";"Crescente";"Céu Claro";"Simples";"Curva";"Não";2;0;0;0;2;0;0;1;-26,988014;-51,753124;"SPRF-SC";"DEL07-SC";"UOP05-DEL07-SC"
275616;2020-03-15;"domingo";"19:45:00";"RN";101;74;"NATAL";"Defeito Mecânico no Veículo";"Colisão traseira";"Sem Vítimas";"Plena Noite";"Crescente";"Chuva";"Simples";"Aclive";"Não";4;0;0;0;4;0;0;3;-5,71406254;-35,27232767;"SPRF-RN";"DEL02-RN";"UOP01-DEL02-RN"
275618;2020-03-15;"domingo";"20:45:00";"PE";101;49,9;"ABREU E LIMA";"Falta de Atenção à Condução";"Colisão transversal";"Com Vítimas Feridas";"Plena Noite";"Decrescente";"Céu Claro";"Dupla";"Reta";"Sim";3;0;1;0;2;0;1;2;-7,9005152;-34,90180641;"SPRF-PE";"DEL01-PE";"UOP02-DEL01-PE"