"id";"data_inversa";"dia_semana";"horario";"uf";"br";"km";"municipio";"causa_acidente";"tipo_acidente";"classificacao_acidente";"fase_dia";"sentido_via";"condicao_metereologica";"tipo_pista";"tracado_via";"uso_solo";"pessoas";"mortos";"feridos_leves";"feridos_graves";"ilesos";"ignorados";"feridos";"veiculos";"latitude";"longitude";"regional";"delegacia";"uop"
275748;2020-03-16;"segunda-feira";"10:50:00";"ES";101;435,4;"MIMOSO DO SUL";"Ultrapassagem Indevida";"Colisão frontal";"Com Vítimas Feridas";"Pleno dia";"Decrescente";"Sol";"Simples";"Curva";"Não";3;0;2;1;0;0;3;2;-21,05500952;-41,19609059;"SPRF-ES";"DEL03-ES";"UOP02-DEL03-ES"
275749;2020-03-16;"segunda-feira";"10:15:00";"PE";101;94,5;"CABO DE SANTO AGOSTINHO";"Falta de Atenção à Condução";"Atropelamento de Pedestre";"Com Vítimas Feridas";"Pleno dia";"Decrescente";"Céu Claro";"Dupla";"Interseção de Vias";"Sim";2;0;0;1;0;1;1;2;-8,24829064;-35,00697936;"SPRF-PE";"DEL01-PE";"UOP03-DEL01-PE"
275750;2020-03-16;"segunda-feira";"08:20:00";"PR";277;3;"FOZ DO IGUACU";"Defeito na Via";"Colisão lateral";"Com Vítimas Feridas";"Pleno dia";"Decrescente";"Céu Claro";"Simples";"Reta";"Sim";2;0;1;0;1;0;1;2;-25,5469;-54,5882;"SPRF-PR";"DEL05-PR";"UOP03-DEL05-PR"
275751;2020-03-16;"segunda-feira";"09:30:00";"RN";304;219,4;"CAICARA DO RIO DO VENTO";"Desobediência às normas de trânsito pelo condutor";"Colisão transversal";"Com Vítimas Feridas";"Pleno dia";"Crescente";"Nublado";"Simples";"Reta";"Sim";2;0;1;1;0;0;2;2;-5,75703074;-35,99761998;"SPRF-RN";"DEL01-RN";"UOP03-DEL01-RN"
275753;2020-03-15;"domingo";"04:45:00";"SC";470;2;"NAVEGANTES";"Falta de Atenção à Condução";"Saída de leito carroçável";"Com Vítimas Feridas";"Plena Noite";"Decrescente";"Nublado";"Dupla";"Em Obras;Reta";"Sim";3;0;2;0;1;0;2;1;-26,868551;-48,674831;"SPRF-SC";"DEL04-SC";"UOP04-DEL04-SC"
275754;2020-03-16;"segunda-feira";"11:40:00";"RS";116;269;"CANOAS";"Defeito Mecânico no Veículo";"Incêndio";"Sem Vítimas";"Pleno dia";"Decrescente";"Chuva";"Simples";"Reta";"Sim";1;0;0;0;1;0;0;1;-29,95942501;-51,17608515;"SPRF-RS";"DEL01-RS";"UOP01-DEL01-RS"
275755;2020-03-16;"segunda-feira";"11:55:00";"GO";80;3,8;"PADRE BERNARDO";"Falta de Atenção à Condução";"Colisão frontal";"Com Vítimas Feridas";"Pleno dia";"Crescente";"Céu Claro";"Simples";"Reta";"Não";3;0;3;0;0;0;3;2;-15,50047;-48,220239;"SPRF-DF";"DEL03-DF";"UOP02-DEL03-DF"
275758;2020-03-07;"sábado";"17:55:00";"RS";116;13,6;"VACARIA";"Defeito Mecânico no Veículo";"Incêndio";"Sem Vítimas";"Anoitecer";"Crescente";"Céu Claro";"Simples";"Reta";"Não";1;0;0;0;1;0;0;1;-28,31828445;-50,80490112;"SPRF-RS";"DEL05-RS";"UOP03-DEL05-RS"
275761;2020-03-16;"segunda-feira";"12:50:00";"PE";101;68,1;"RECIFE";"Falta de Atenção à Condução";"Saída de leito carroçável";"Com Vítimas Feridas";"Pleno dia";"Decrescente";"Céu Claro";"Dupla";"Rotatória";"Sim";1;0;1;0;0;0;1;1;-8,051818;-34,945896;"SPRF-PE";"DEL01-PE";"UOP01-DEL01-PE"
275762;2020-03-16;"segunda-feira";"06:55:00";"AC";364;46;"SENADOR GUIOMARD";"Defeito na Via";"Saída de leito carroçável";"Com Vítimas Feridas";"Amanhecer";"Crescente";"Céu Claro";"Simples";"Reta";"Não";2;0;2;0;0;0;2;1;-9,97710923;-67,14456292;"SPRF-AC";"DEL01-AC";"UOP01-DEL01-AC"
275763;2020-03-16;"segunda-feira";"12:50:00";"MG";262;410,3;"IGARATINGA";"Velocidade Incompatível";"Saída de leito carroçável";"Com Vítimas Feridas";"Pleno dia";"Decrescente";"Sol";"Dupla";"Curva";"Não";1;0;1;0;0;0;1;1;-19,88686179;-44,63193985;"SPRF-MG";"DEL08-MG";"UOP03-DEL08-MG"
275764;2020-03-16;"segunda-feira";"11:40:00";"RJ";116;38;"TERESOPOLIS";"Pista Escorregadia";"Tombamento";"Com Vítimas Feridas";"Pleno dia";"Decrescente";"Céu Claro";"Simples";"Reta";"Não";1;0;1;0;0;0;1;1;-22,11701917;-42,78157123;"SPRF-RJ";"DEL04-RJ";"UOP01-DEL04-RJ"
275765;2020-02-17;"segunda-feira";"06:10:00";"PA";316;23,5;"BENEVIDES";"Desobediência às normas de trânsito pelo condutor";"Colisão transversal";"Com Vítimas Feridas";"Pleno dia";"Decrescente";"Nublado";"Dupla";"Reta";"Sim";3;0;1;2;0;0;3;2;-1,34123949;-48,24547291;"SPRF-PA";"DEL01-PA";"UOP01-DEL01-PA"
275766;2020-03-16;"segunda-feira";"13:15:00";"PI";135;353;"BOM JESUS";"Falta de Atenção à Condução";"Colisão transversal";"Sem Vítimas";"Pleno dia";"Crescente";"Chuva";"Simples";"Interseção de Vias";"Sim";3;0;0;0;3;0;0;2;-9,08024169;-44,36099812;"SPRF-PI";"DEL03-PI";"UOP02-DEL03-PI"
275771;2020-03-16;"segunda-feira";"14:00:00";"PE";104;74;"CARUARU";"Falta de Atenção à Condução";"Colisão traseira";"Sem Vítimas";"Pleno dia";"Decrescente";"Céu Claro";"Simples";"Reta";"Não";2;0;0;0;2;0;0;2;-8,349874;-35,985184;"SPRF-PE";"DEL02-PE";"UOP01-DEL02-PE"
275772;2020-03-16;"segunda-feira";"13:25:00";"RS";116;231;"IVOTI";"Falta de Atenção à Condução";"Colisão transversal";"Com Vítimas Feridas";"Plena Noite";"Crescente";"Chuva";"Simples";"Curva";"Não";3;0;2;0;1;0;2;2;-29,62743221;-51,13858608;"SPRF-RS";"DEL01-RS";"UOP02-DEL01-RS"
275776;2020-03-16;"segunda-feira";"11:50:00";"AL";101;40;"FLEXEIRAS";"Velocidade Incompatível";"Saída de leito carroçável";"Com Vítimas Feridas";"Pleno dia";"Decrescente";"Chuva";"Dupla";"Curva";"Não";1;0;1;0;0;0;1;1;-9,16377891;-35,77034503;"SPRF-AL";"DEL01-AL";"UOP02-DEL01-AL"
275778;2020-03-16;"segunda-feira";"14:20:00";"SP";153;14,8;"ICEM";"Velocidade Incompatível";"Colisão com objeto estático";"Sem Vítimas";"Pleno dia";"Crescente";"Sol";"Simples";"Ponte";"Não";1;0;0;0;1;0;0;1;-20,41481389;-49,26025307;"SPRF-SP";"DEL09-SP";"UOP01-DEL09-SP"
275779;2020-03-16;"segunda-feira";"14:10:00";"PR";376;5,4;"APUCARANA";"Mal Súbito";"Colisão traseira";"Com Vítimas Feridas";"Pleno dia";"Decrescente";"Sol";"Dupla";"Reta";"Sim";3;0;0;1;1;1;1;3;-23,5462647;-51,4525795;"SPRF-PR";"DEL09-PR";"UOP01-DEL09-PR"
275780;2020-03-16;"segunda-feira";"14:45:00";"RS";386;347,3;"LAJEADO";"Desobediência às normas de trânsito pelo condutor";"Colisão traseira";"Com Vítimas Feridas";"Pleno dia";"Crescente";"Nublado";"Dupla";"Declive;Reta";"Não";3;0;3;0;0;0;3;2;-29,45264021;-51,9641304;"SPRF-RS";"DEL04-RS";"UOP01-DEL04-RS"
275782;2020-03-16;"segunda-feira";"14:50:00";"MG";50;178;"UBERABA";"Animais na Pista";"Atropelamento de Animal";"Com Vítimas Feridas";"Pleno dia";"Crescente";"Céu Claro";"Dupla";"Reta";"Sim";1;0;1;0;0;0;1;1;-19,77896821;-47,94093599;"SPRF-MG";"DEL13-MG";"UOP01-DEL13-MG"
275783;2020-03-16;"segunda-feira";"14:30:00";"SC";101;144;"ITAPEMA";"Defeito Mecânico no Veículo";"Tombamento";"Com Vítimas Feridas";"Pleno dia";"Decrescente";"Sol";"Dupla";"Reta";"Sim";2;0;2;0;0;0;2;1;-27,0732659;-48,59672716;"SPRF-SC";"DEL04-SC";"UOP03-DEL04-SC"
275786;2020-03-16;"segunda-feira";"15:20:00";"MG";381;572;"ITAGUARA";"Falta de Atenção do Pedestre";"Saída de leito carroçável";"Com Vítimas Feridas";"Pleno dia";"Decrescente";"Sol";"Dupla";"Reta";"Não";2;0;2;0;0;0;2;1;-20,45206504;-44,5689098;"SPRF-MG";"DEL04-MG";"UOP03-DEL04-MG"
275788;2020-03-16;"segunda-feira";"15:15:00";"RJ";116;301;"RESENDE";"Falta de Atenção à Condução";"Engavetamento";"Com Vítimas Feridas";"Pleno dia";"Crescente";"Céu Claro";"Múltipla";"Reta";"Sim";4;0;1;0;3;0;1;3;-22,4529399;-44,36236901;"SPRF-RJ";"DEL07-RJ";"UOP02-DEL07-RJ"
275789;2020-03-16;"segunda-feira";"15:16:00";"SP";116;212;"GUARULHOS";"Falta de Atenção à Condução";"Colisão traseira";"Com Vítimas Feridas";"Pleno dia";"Crescente";"Nevoeiro/Neblina";"Múltipla";"Reta";"Sim";3;0;1;0;2;0;1;2;-23,43916799;-46,43657327;"SPRF-SP";"DEL01-SP";"UOP01-DEL01-SP"
275792;2020-03-16;"segunda-feira";"15:50:00";"RJ";116;170,9;"SAO JOAO DE MERITI";"Falta de Atenção à Condução";"Colisão lateral";"Com Vítimas Feridas";"Pleno dia";"Crescente";"Sol";"Dupla";"Reta";"Sim";2;0;1;0;1;0;1;2;-22,78947604;-43,37368011;"SPRF-RJ";"DEL01-RJ";"UOP02-DEL01-RJ"
275793;2020-03-16;"segunda-feira";"15:35:00";"PR";116;93;"SAO JOSE DOS PINHAIS";"Falta de Atenção à Condução";"Saída de leito carroçável";"Com Vítimas Fatais";"Pleno dia";"Decrescente";"Chuva";"Dupla";"Curva";"Sim";1;1;0;0;0;0;0;1;-25,48227693;-49,10588805;"SPRF-PR";"DEL01-PR";"UOP01-DEL01-PR"
275795;2020-03-16;"segunda-feira";"15:45:00";"PB";116;3,5;"CACHOEIRA DOS INDIOS";"Defeito Mecânico no Veículo";"Colisão com objeto estático";"Com Vítimas Feridas";"Pleno dia";"Crescente";"Nublado";"Simples";"Curva";"Não";3;0;2;0;1;0;2;1;-6,927063;-38,727321;"SPRF-CE";"DEL05-CE";"UOP03-DEL05-CE"
275796;2020-02-22;"sábado";"06:00:00";"PR";116;18,6;"ANTONINA";"Velocidade Incompatível";"Saída de leito carroçável";"Com Vítimas Feridas";"Amanhecer";"Decrescente";"Chuva";"Dupla";"Curva";"Não";2;0;2;0;0;0;2;1;-25,10529628;-48,71571054;"SPRF-PR";"DEL01-PR";"UOP02-DEL01-PR"
275797;2020-03-16;"segunda-feira";"16:40:00";"SP";116;220,5;"GUARULHOS";"Falta de Atenção à Condução";"Colisão traseira";"Com Vítimas Feridas";"Pleno dia";"Decrescente";"Nublado";"Múltipla";"Reta";"Sim";2;0;1;0;1;0;1;2;-23,46472809;-46,49793962;"SPRF-SP";"DEL01-SP";"UOP01-DEL01-SP"
275799;2020-03-15;"domingo";"02:50:00";"AM";174;885;"MANAUS";"Ingestão de Álcool";"Colisão frontal";"Sem Vítimas";"Plena Noite";"Crescente";"Céu Claro";"Simples";"Curva";"Sim";4;0;0;0;4;0;0;2;-2,96448848;-60,02343676;"SPRF-AM";"DEL01-AM";"UOP01-DEL01-AM"
275801;2020-03-16;"segunda-feira";"15:50:00";"RN";101;107,7;"PARNAMIRIM";"Ingestão de Álcool";"Colisão traseira";"Sem Vítimas";"Pleno dia";"Crescente";"Sol";"Dupla";"Reta";"Sim";2;0;0;0;2;0;0;2;-5,92191656;-35,26501894;"SPRF-RN";"DEL01-RN";"UOP01-DEL01-RN"
275802;2020-03-16;"segunda-feira";"16:40:00";"ES";259;0,1;"JOAO NEIVA";"Falta de Atenção à Condução";"Tombamento";"Com Vítimas Feridas";"Pleno dia";"Crescente";"Céu Claro";"Dupla";"Reta";"Não";1;0;1;0;0;0;1;1;-19,746645;-40,376907;"SPRF-ES";"DEL02-ES";"UOP01-DEL02-ES"
275806;2020-03-09;"segunda-feira";"18:30:00";"RS";290;710;"URUGUAIANA";"Desobediência às normas de trânsito pelo condutor";"Colisão transversal";"Com Vítimas Feridas";"Anoitecer";"Decrescente";"Céu Claro";"Simples";"Reta";"Não";3;0;2;0;1;0;2;2;-29,82468227;-56,9838202;"SPRF-RS";"DEL13-RS";"UOP01-DEL13-RS"
275810;2020-03-16;"segunda-feira";"17:30:00";"MG";40;721,7;"BARBACENA";"Falta de Atenção à Condução";"Queda de ocupante de veículo";"Com Vítimas Fatais";"Pleno dia";"Decrescente";"Nublado";"Dupla";"Reta";"Não";1;1;0;0;0;0;0;1;-21,28684598;-43,64159531;"SPRF-MG";"DEL05-MG";"UOP01-DEL05-MG"
275811;2020-03-16;"segunda-feira";"17:20:00";"PR";277;675,9;"MEDIANEIRA";"Não guardar distância de segurança";"Colisão traseira";"Com Vítimas Feridas";"Pleno dia";"Crescente";"Céu Claro";"Dupla";"Reta";"Não";2;0;1;0;1;0;1;2;-25,29891949;-54,12338731;"SPRF-PR";"DEL05-PR";"UOP01-DEL05-PR"
275812;2020-03-16;"segunda-feira";"16:50:00";"MT";163;799,9;"VERA";"Falta de Atenção à Condução";"Saída de leito carroçável";"Com Vítimas Feridas";"Pleno dia";"Crescente";"Chuva";"Simples";"Reta;Aclive";"Não";2;0;2;0;0;0;2;1;-12,29713884;-55,5701042;"SPRF-MT";"DEL06-MT";"UOP01-DEL06-MT"
275814;2020-03-16;"segunda-feira";"17:05:00";"RJ";101;298;"ITABORAI";"Ingestão de Álcool";"Colisão traseira";"Sem Vítimas";"Pleno dia";"Decrescente";"Sol";"Simples";"Reta";"Sim";2;0;0;0;2;0;0;2;-22,773157;-42,934907;"SPRF-RJ";"DEL02-RJ";"UOP01-DEL02-RJ"
275815;2020-03-16;"segunda-feira";"16:30:00";"GO";60;423;"RIO VERDE";"Fenômenos da Natureza";"Saída de leito carroçável";"Com Vítimas Feridas";"Pleno dia";"Crescente";"Chuva";"Dupla";"Curva";"Não";1;0;1;0;0;0;1;1;-17,814;-51,2659;"SPRF-GO";"DEL04-GO";"UOP01-DEL04-GO"
275816;2020-03-16;"segunda-feira";"18:00:00";"PR";376;176,8;"MARINGA";"Falta de Atenção à Condução";"Colisão transversal";"Com Vítimas Feridas";"Anoitecer";"Crescente";"Nublado";"Dupla";"Interseção de Vias";"Sim";2;0;1;0;1;0;1;2;-23,41497367;-51,92584991;"SPRF-PR";"DEL09-PR";"UOP01-DEL09-PR"
275817;2020-03-16;"segunda-feira";"16:27:00";"MA";222;361,8;"SANTA INES";"Falta de Atenção à Condução";"Colisão transversal";"Com Vítimas Feridas";"Pleno dia";"Decrescente";"Céu Claro";"Simples";"Reta";"Sim";3;0;0;2;1;0;2;2;-3,682647;-45,395611;"SPRF-MA";"DEL02-MA";"UOP01-DEL02-MA"
275818;2020-03-15;"domingo";"03:10:00";"PA";163;1001,9;"SANTAREM";"Ingestão de Álcool";"Colisão traseira";"Sem Vítimas";"Plena Noite";"Decrescente";"Chuva";"Simples";"Reta";"Não";2;0;0;0;2;0;0;2;-2,45700837;-54,72847939;"SPRF-PA";"DEL05-PA";"UOP01-DEL05-PA"
275819;2020-03-16;"segunda-feira";"18:30:00";"SC";101;205;"SAO JOSE";"Falta de Atenção à Condução";"Colisão lateral";"Com Vítimas Feridas";"Plena Noite";"Crescente";"Chuva";"Simples";"Reta";"Sim";2;0;1;0;1;0;1;2;-27,58313237;-48,61532885;"SPRF-SC";"DEL01-SC";"UOP01-DEL01-SC"
275820;2020-03-16;"segunda-feira";"16:45:00";"MG";381;913;"CAMANDUCAIA";"Falta de Atenção à Condução";"Colisão com objeto estático";"Com Vítimas Feridas";"Pleno dia";"Decrescente";"Chuva";"Dupla";"Curva";"Não";2;0;1;0;1;0;1;1;-22,75390001;-46,146503;"SPRF-MG";"DEL16-MG";"UOP03-DEL16-MG"
275821;2020-03-16;"segunda-feira";"16:35:00";"AP";156;430;"TARTARUGALZINHO";"Pista Escorregadia";"Saída de leito carroçável";"Com Vítimas Fatais";"Pleno dia";"Crescente";"Chuva";"Simples";"Reta";"Não";4;1;1;0;0;2;1;1;1,22316605;-51,01055145;"SPRF-AP";"DEL01-AP";"UOP02-DEL01-AP"
275822;2020-03-16;"segunda-feira";"15:20:00";"RS";287;528;"SAO BORJA";"Falta de Atenção à Condução";"Colisão traseira";"Com Vítimas Feridas";"Pleno dia";"Crescente";"Céu Claro";"Simples";"Reta";"Não";4;0;1;0;2;1;1;3;-28,69059471;-55,91927897;"SPRF-RS";"DEL12-RS";"UOP01-DEL12-RS"
275825;2020-03-16;"segunda-feira";"17:30:00";"RJ";493;97,8;"SEROPEDICA";"Velocidade Incompatível";"Colisão traseira";"Com Vítimas Feridas";"Pleno dia";"Decrescente";"Céu Claro";"Dupla";"Reta";"Não";5;0;2;1;0;2;3;2;-22,72614;-43,71285;"SPRF-RJ";"DEL03-RJ";"UOP01-DEL03-RJ"
275826;2020-03-16;"segunda-feira";"18:10:00";"SC";101;210;"SAO JOSE";"Não guardar distância de segurança";"Engavetamento";"Com Vítimas Feridas";"Anoitecer";"Decrescente";"Chuva";"Múltipla";"Reta;Aclive";"Sim";5;0;1;0;4;0;1;4;-27,61613327;-48,64514351;"SPRF-SC";"DEL01-SC";"UOP01-DEL01-SC"
275827;2020-03-16;"segunda-feira";"18:00:00";"ES";262;4,8;"CARIACICA";"Falta de Atenção à Condução";"Colisão traseira";"Com Vítimas Feridas";"Anoitecer";"Crescente";"Céu Claro";"Dupla";"Reta";"Não";2;0;0;1;1;0;1;2;-20,33609327;-40,37812784;"SPRF-ES";"DEL01-ES";"UOP01-DEL01-ES"
275828;2020-03-16;"segunda-feira";"16:05:00";"RR";174;682,4;"PACARAIMA";"Falta de Atenção à Condução";"Colisão frontal";"Com Vítimas Feridas";"Anoitecer";"Decrescente";"Chuva";"Simples";"Curva;Em Obras;Declive";"Não";4;0;3;0;1;0;3;2;4,278084;-61,062359;"SPRF-RR";"SEOP-RR";"SEOP-RR"
275830;2020-03-16;"segunda-feira";"17:50:00";"PR";116;10;"COLOMBO";"Falta de Atenção à Condução";"Colisão traseira";"Com Vítimas Feridas";"Anoitecer";"Crescente";"Nublado";"Dupla";"Reta";"Sim";3;0;1;0;2;0;1;2;-25,3719;-49,134;"SPRF-PR";"DEL01-PR";"UOP01-DEL01-PR"
275831;2020-03-16;"segunda-feira";"17:40:00";"ES";101;264;"SERRA";"Restrição de Visibilidade";"Colisão transversal";"Com Vítimas Feridas";"Anoitecer";"Decrescente";"Céu Claro";"Múltipla";"Reta";"Sim";2;0;1;0;1;0;1;2;-20,17292791;-40,26736384;"SPRF-ES";"DEL02-ES";"UOP01-DEL02-ES"
275832;2020-03-16;"segunda-feira";"18:20:00";"BA";135;170,4;"BARREIRAS";"Animais na Pista";"Atropelamento de Animal";"Com Vítimas Feridas";"Anoitecer";"Decrescente";"Nublado";"Simples";"Reta";"Não";3;0;0;3;0;0;3;2;-12,08928691;-44,97287725;"SPRF-BA";"DEL10-BA";"UOP01-DEL10-BA"
275833;2020-03-16;"segunda-feira";"18:20:00";"CE";222;132,2;"ITAPAJE";"Não guardar distância de segurança";"Colisão traseira";"Sem Vítimas";"Plena Noite";"Decrescente";"Céu Claro";"Simples";"Reta";"Não";3;0;0;0;2;1;0;2;-3,72379272;-39,64384954;"SPRF-CE";"DEL04-CE";"UOP03-DEL04-CE"
275836;2020-03-16;"segunda-feira";"17:00:00";"PR";277;524,9;"GUARANIACU";"Velocidade Incompatível";"Colisão com objeto estático";"Com Vítimas Feridas";"Pleno dia";"Crescente";"Nublado";"Simples";"Curva";"Não";3;0;1;0;2;0;1;1;-25,09207197;-52,91610003;"SPRF-PR";"DEL04-PR";"UOP04-DEL04-PR"
275838;2020-03-16;"segunda-feira";"18:40:00";"MT";163;844;"SINOP";"Defeito Mecânico no Veículo";"Saída de leito carroçável";"Com Vítimas Feridas";"Plena Noite";"Crescente";"Céu Claro";"Simples";"Reta";"Sim";2;0;1;0;1;0;1;1;-11,90744909;-55,50726663;"SPRF-MT";"DEL06-MT";"NPF/DEL06-MT"
275840;2020-03-16;"segunda-feira";"18:10:00";"BA";101;343,7;"TEOLANDIA";"Desobediência às normas de trânsito pelo condutor";"Colisão transversal";"Com Vítimas Feridas";"Anoitecer";"Decrescente";"Céu Claro";"Simples";"Aclive";"Não";2;0;0;1;1;0;1;2;-13,576263;-39,477512;"SPRF-BA";"DEL05-BA";"UOP03-DEL05-BA"
275841;2020-03-16;"segunda-feira";"15:50:00";"PE";101;95,6;"CABO DE SANTO AGOSTINHO";"Defeito Mecânico no Veículo";"Saída de leito carroçável";"Sem Vítimas";"Pleno dia";"Crescente";"Céu Claro";"Dupla";"Reta";"Não";1;0;0;0;0;1;0;1;-8,25099;-35,01426;"SPRF-PE";"DEL01-PE";"UOP03-DEL01-PE"
275842;2020-03-16;"segunda-feira";"19:50:00";"MG";40;777,9;"JUIZ DE FORA";"Defeito na Via";"Tombamento";"Com Vítimas Feridas";"Plena Noite";"Crescente";"Chuva";"Simples";"Curva";"Não";1;0;1;0;0;0;1;1;-21,65915396;-43,43351652;"SPRF-MG";"DEL05-MG";"UOP01-DEL05-MG"
275843;2020-03-16;"segunda-feira";"20:00:00";"AL";316;140,1;"ESTRELA DE ALAGOAS";"Desobediência às normas de trânsito pelo condutor";"Colisão transversal";"Com Vítimas Feridas";"Plena Noite";"Crescente";"Céu Claro";"Simples";"Reta";"Sim";3;0;2;0;1;0;2;2;-9,39046832;-36,75850007;"SPRF-AL";"DEL03-AL";"UOP01-DEL03-AL"
275845;2020-03-15;"domingo";"04:30:00";"SC";282;361,8;"ERVAL VELHO";"Ingestão de Álcool";"Colisão frontal";"Com Vítimas Feridas";"Amanhecer";"Decrescente";"Céu Claro";"Simples";"Curva";"Não";4;0;1;0;3;0;1;2;-27,310575;-51,373077;"SPRF-SC";"DEL07-SC";"UOP05-DEL07-SC"
275846;2020-03-16;"segunda-feira";"18:20:00";"BA";116;420;"FEIRA DE SANTANA";"Falta de Atenção à Condução";"Saída de leito carroçável";"Sem Vítimas";"Plena Noite";"Decrescente";"Céu Claro";"Dupla";"Reta";"Sim";1;0;0;0;0;1;0;1;-12,2088;-38,9653;"SPRF-BA";"DEL02-BA";"UOP01-DEL02-BA"
275849;2020-03-16;"segunda-feira";"20:10:00";"GO";40;97,8;"CRISTALINA";"Desobediência às normas de trânsito pelo condutor";"Atropelamento de Pedestre";"Com Vítimas Feridas";"Plena Noite";"Crescente";"Céu Claro";"Simples";"Reta";"Sim";2;0;1;0;0;1;1;2;-16,764631;-47,595763;"SPRF-DF";"DEL01-DF";"UOP02-DEL01-DF"
275850;2020-03-16;"segunda-feira";"08:40:00";"RJ";101;322;"NITEROI";"Falta de Atenção à Condução";"Queda de ocupante de veículo";"Sem Vítimas";"Pleno dia";"Decrescente";"Céu Claro";"Dupla";"Reta";"Não";1;0;0;0;0;1;0;1;-22,878923;-43,110676;"SPRF-RJ";"DEL02-RJ";"UOP01-DEL02-RJ"
275852;2020-03-16;"segunda-feira";"17:00:00";"RN";110;85,9;"UPANEMA";"Velocidade Incompatível";"Saída de leito carroçável";"Com Vítimas Feridas";"Anoitecer";"Decrescente";"Chuva";"Simples";"Curva";"Não";2;0;1;1;0;0;2;1;-5,542766;-37,325084;"SPRF-RN";"DEL04-RN";"UOP01-DEL04-RN"
275853;2020-03-16;"segunda-feira";"20:30:00";"GO";40;6,7;"VALPARAISO DE GOIAS";"Agressão Externa";"Colisão traseira";"Sem Vítimas";"Plena Noite";"Crescente";"Céu Claro";"Dupla";"Reta";"Sim";2;0;0;0;2;0;0;2;-16,100814;-47,977351;"SPRF-DF";"DEL01-DF";"UOP01-DEL01-DF"
275854;2020-03-16;"segunda-feira";"20:30:00";"MG";40;528,5;"CONTAGEM";"Ingestão de Álcool";"Atropelamento de Pedestre";"Com Vítimas Feridas";"Plena Noite";"Decrescente";"Céu Claro";"Dupla";"Reta";"Sim";3;0;1;0;1;1;1;2;-19,90883179;-44,04436577;"SPRF-MG";"DEL01-MG";"UOP02-DEL01-MG"
275856;2020-03-16;"segunda-feira";"20:40:00";"SP";116;112,3;"TAUBATE";"Defeito Mecânico no Veículo";"Tombamento";"Com Vítimas Feridas";"Plena Noite";"Crescente";"Céu Claro";"Dupla";"Reta";"Sim";2;0;1;0;1;0;1;1;-23,04159343;-45,57065616;"SPRF-SP";"DEL06-SP";"UOP01-DEL06-SP"
275857;2020-03-16;"segunda-feira";"20:55:00";"RS";116;1;"PORTO ALEGRE";"Desobediência às normas de trânsito pelo condutor";"Colisão transversal";"Sem Vítimas";"Plena Noite";"Decrescente";"Céu Claro";"Dupla";"Interseção de Vias";"Sim";2;0;0;0;2;0;0;2;-29,97541165;-51,17793202;"SPRF-RS";"DEL05-RS";"UOP03-DEL05-RS"
275858;2020-03-16;"segunda-feira";"21:30:00";"SC";101;120;"ITAJAI";"Condutor Dormindo";"Queda de ocupante de veículo";"Com Vítimas Feridas";"Plena Noite";"Decrescente";"Nublado";"Dupla";"Reta";"Sim";1;0;1;0;0;0;1;1;-26,912758;-48,711998;"SPRF-SC";"DEL04-SC";"UOP04-DEL04-SC"
275859;2020-03-16;"segunda-feira";"17:00:00";"SC";101;306,7;"LAGUNA";"Pista Escorregadia";"Capotamento";"Com Vítimas Feridas";"Pleno dia";"Crescente";"Chuva";"Dupla";"Reta";"Não";2;0;2;0;0;0;2;1;-28,38437001;-48,77113299;"SPRF-SC";"DEL02-SC";"UOP03-DEL02-SC"
275860;2020-03-16;"segunda-feira";"18:30:00";"SC";101;306,5;"LAGUNA";"Pista Escorregadia";"Colisão traseira";"Com Vítimas Feridas";"Anoitecer";"Crescente";"Chuva";"Dupla";"Reta";"Não";3;0;1;0;2;0;1;3;-28,38437001;-48,77113299;"SPRF-SC";"DEL02-SC";"UOP03-DEL02-SC"
275861;2020-03-16;"segunda-feira";"22:00:00";"PE";101;60,9;"RECIFE";"Animais na Pista";"Atropelamento de Animal";"Com Vítimas Feridas";"Plena Noite";"Crescente";"Nublado";"Dupla";"Reta";"Sim";1;0;1;0;0;0;1;1;-7,98344307;-34,93176727;"SPRF-PE";"DEL01-PE";"UOP02-DEL01-PE"
275862;2020-03-16;"segunda-feira";"19:30:00";"RS";116;39,2;"VACARIA";"Ingestão de álcool e/ou substâncias psicoativas pelo pedestre";"Atropelamento de Pedestre";"Com Vítimas Feridas";"Plena Noite";"Crescente";"Céu Claro";"Simples";"Interseção de Vias";"Sim";2;0;1;0;1;0;1;2;-28,51366988;-50,93460202;"SPRF-RS";"DEL05-RS";"UOP03-DEL05-RS"
275863;2020-03-16;"segunda-feira";"21:00:00";"PE";232;57,1;"POMBOS";"Falta de Atenção à Condução";"Saída de leito carroçável";"Sem Vítimas";"Pleno dia";"Decrescente";"Céu Claro";"Múltipla";"Reta";"Sim";1;0;0;0;0;1;0;1;-8,1412132;-35,38181492;"SPRF-PE";"DEL02-PE";"UOP02-DEL02PE"
275865;2020-03-16;"segunda-feira";"21:40:00";"RS";386;349,9;"ESTRELA";"Falta de Atenção à Condução";"Saída de leito carroçável";"Com Vítimas Feridas";"Plena Noite";"Crescente";"Céu Claro";"Dupla";"Reta";"Sim";1;0;1;0;0;0;1;1;-29,465483;-51,95509;"SPRF-RS";"DEL04-RS";"UOP02-DEL04-RS"
275866;2020-03-16;"segunda-feira";"14:15:00";"ES";101;136;"LINHARES";"Mal Súbito";"Queda de ocupante de veículo";"Com Vítimas Feridas";"Pleno dia";"Crescente";"Céu Claro";"Simples";"Reta";"Sim";2;0;1;0;0;1;1;1;-19,28406301;-40,08688713;"SPRF-ES";"DEL04-ES";"UOP01-DEL04-ES"