"id";"data_inversa";"dia_semana";"horario";"uf";"br";"km";"municipio";"causa_acidente";"tipo_acidente";"classificacao_acidente";"fase_dia";"sentido_via";"condicao_metereologica";"tipo_pista";"tracado_via";"uso_solo";"pessoas";"mortos";"feridos_leves";"feridos_graves";"ilesos";"ignorados";"feridos";"veiculos";"latitude";"longitude";"regional";"delegacia";"uop"
275867;2020-02-23;"domingo";"11:00:00";"MA";10;242;"IMPERATRIZ";"Desobediência às normas de trânsito pelo condutor";"Colisão traseira";"Com Vítimas Feridas";"Pleno dia";"Decrescente";"Céu Claro";"Simples";"Aclive";"Sim";2;0;1;0;1;0;1;2;-5,610982;-47,418873;"SPRF-MA";"DEL04-MA";"UOP01-DEL04-MA"
275873;2020-03-16;"segunda-feira";"20:30:00";"MG";381;924,5;"ITAPEVA";"Velocidade Incompatível";"Colisão com objeto estático";"Com Vítimas Feridas";"Plena Noite";"Crescente";"Garoa/Chuvisco";"Dupla";"Curva";"Não";2;0;1;0;1;0;1;1;-22,77050246;-46,23490598;"SPRF-MG";"DEL16-MG";"UOP03-DEL16-MG"
275875;2020-03-16;"segunda-feira";"22:00:00";"MT";70;522;"VARZEA GRANDE";"Velocidade Incompatível";"Colisão traseira";"Com Vítimas Feridas";"Plena Noite";"Decrescente";"Céu Claro";"Simples";"Reta";"Sim";4;0;2;0;0;2;2;2;-15,657687;-56,189118;"SPRF-MT";"DEL05-MT";"UOP02-DEL05-MT"
275876;2020-03-16;"segunda-feira";"19:30:00";"PI";343;447;"AGUA BRANCA";"Restrição de Visibilidade";"Atropelamento de Pedestre";"Com Vítimas Fatais";"Plena Noite";"Decrescente";"Chuva";"Simples";"Reta";"Não";2;1;0;0;0;1;0;2;-5,901682;-42,665352;"SPRF-PI";"DEL01-PI";"UOP02-DEL01-PI"
275879;2020-03-16;"segunda-feira";"16:10:00";"RJ";0;0;"RIO BONITO";"Desobediência às normas de trânsito pelo condutor";"Colisão com objeto estático";"Com Vítimas Feridas";"Pleno dia";"Não Informado";"Céu Claro";"Simples";"Curva";"Não";3;0;1;0;2;0;1;2;-22,72324325;-42,61518544;"SPRF-RJ";"DEL02-RJ";"UOP03-DEL02-RJ"
275882;2020-03-17;"terça-feira";"01:30:00";"RJ";101;34;"CAMPOS DOS GOYTACAZES";"Animais na Pista";"Atropelamento de Animal";"Com Vítimas Feridas";"Plena Noite";"Crescente";"Céu Claro";"Simples";"Reta";"Não";1;0;1;0;0;0;1;1;-21,49946102;-41,34019743;"SPRF-RJ";"DEL08-RJ";"UOP01-DEL08-RJ"
275885;2020-03-17;"terça-feira";"01:30:00";"RJ";116;186;"QUEIMADOS";"Animais na Pista";"Atropelamento de Animal";"Com Vítimas Feridas";"Plena Noite";"Decrescente";"Céu Claro";"Dupla";"Reta";"Não";1;0;1;0;0;0;1;1;-22,74357277;-43,51856232;"SPRF-RJ";"DEL01-RJ";"UOP02-DEL01-RJ"
275888;2020-03-17;"terça-feira";"04:30:00";"PR";476;125;"CURITIBA";"Condutor Dormindo";"Colisão com objeto estático";"Sem Vítimas";"Plena Noite";"Decrescente";"Nublado";"Dupla";"Declive;Curva";"Sim";3;0;0;0;3;0;0;1;-25,42512;-49,226901;"SPRF-PR";"DEL01-PR";"UOP07-DEL01-PR"
275889;2020-03-17;"terça-feira";"02:40:00";"BA";324;542,8;"AMELIA RODRIGUES";"Velocidade Incompatível";"Colisão com objeto estático";"Com Vítimas Feridas";"Plena Noite";"Decrescente";"Céu Claro";"Dupla";"Retorno Regulamentado";"Sim";3;0;1;0;2;0;1;1;-12,40237709;-38,7563324;"SPRF-BA";"DEL01-BA";"UOP01-DEL01-BA"
275890;2020-03-17;"terça-feira";"04:45:00";"SP";381;60,5;"MAIRIPORA";"Animais na Pista";"Atropelamento de Animal";"Sem Vítimas";"Plena Noite";"Crescente";"Chuva";"Dupla";"Curva";"Sim";1;0;0;0;1;0;0;1;-23,28957673;-46,58729853;"SPRF-SP";"DEL03-SP";"UOP01-DEL03-SP"
275892;2020-03-17;"terça-feira";"06:06:00";"RJ";40;65;"PETROPOLIS";"Pista Escorregadia";"Saída de leito carroçável";"Com Vítimas Feridas";"Pleno dia";"Decrescente";"Céu Claro";"Dupla";"Reta";"Não";2;0;1;0;1;0;1;1;-22,423617;-43,182337;"SPRF-RJ";"DEL06-RJ";"UOP01-DEL06-RJ"
275893;2020-03-17;"terça-feira";"06:15:00";"MG";40;527,8;"CONTAGEM";"Desobediência às normas de trânsito pelo condutor";"Atropelamento de Pedestre";"Com Vítimas Feridas";"Amanhecer";"Crescente";"Céu Claro";"Múltipla";"Reta";"Sim";6;0;1;1;4;0;2;4;-19,90149502;-44,04938939;"SPRF-MG";"DEL01-MG";"UOP02-DEL01-MG"
275894;2020-03-17;"terça-feira";"03:00:00";"RO";319;50,5;"PORTO VELHO";"Restrição de Visibilidade";"Atropelamento de Pedestre";"Com Vítimas Fatais";"Amanhecer";"Crescente";"Céu Claro";"Simples";"Reta";"Não";2;1;0;0;0;1;0;2;-8,712245;-63,984695;"SPRF-RO";"DEL01-RO";"UOP01-DEL01-RO"
275895;2020-03-17;"terça-feira";"06:30:00";"SP";381;79,6;"SAO PAULO";"Falta de Atenção à Condução";"Colisão com objeto estático";"Com Vítimas Feridas";"Pleno dia";"Crescente";"Chuva";"Dupla";"Curva";"Sim";2;0;1;0;1;0;1;1;-23,40319901;-46,57564699;"SPRF-SP";"DEL03-SP";"UOP01-DEL03-SP"
275896;2020-03-17;"terça-feira";"06:50:00";"DF";20;14,3;"BRASILIA";"Falta de Atenção à Condução";"Colisão lateral";"Com Vítimas Feridas";"Pleno dia";"Decrescente";"Céu Claro";"Dupla";"Reta";"Não";2;0;2;0;0;0;2;1;-15,634938;-47,741241;"SPRF-DF";"DEL02-DF";"UOP01-DEL02-DF"
275898;2020-03-17;"terça-feira";"06:30:00";"MG";40;551,9;"NOVA LIMA";"Velocidade Incompatível";"Tombamento";"Com Vítimas Feridas";"Pleno dia";"Crescente";"Céu Claro";"Simples";"Reta";"Sim";2;0;2;0;0;0;2;1;-20,05411435;-43,97101875;"SPRF-MG";"DEL01-MG";"UOP02-DEL01-MG"
275899;2020-03-17;"terça-feira";"07:10:00";"SP";116;276;"TABOAO DA SERRA";"Não guardar distância de segurança";"Colisão traseira";"Com Vítimas Feridas";"Pleno dia";"Crescente";"Céu Claro";"Dupla";"Reta";"Sim";2;0;1;0;1;0;1;2;-23,64262417;-46,83811382;"SPRF-SP";"DEL04-SP";"UOP01-DEL04-SP"
275900;2020-03-17;"terça-feira";"07:17:00";"PR";376;214,9;"MANDAGUARI";"Desobediência às normas de trânsito pelo condutor";"Colisão traseira";"Com Vítimas Fatais";"Pleno dia";"Crescente";"Céu Claro";"Dupla";"Curva";"Não";3;1;1;0;0;1;1;3;-23,588165;-51,64554;"SPRF-PR";"DEL07-PR";"UOP03-DEL07-PR"
275903;2020-03-17;"terça-feira";"07:10:00";"MG";381;483;"BETIM";"Não guardar distância de segurança";"Colisão traseira";"Com Vítimas Feridas";"Amanhecer";"Decrescente";"Céu Claro";"Múltipla";"Aclive;Reta";"Sim";4;0;2;0;2;0;2;3;-19,95594491;-44,10721699;"SPRF-MG";"DEL01-MG";"UOP03-DEL01-MG"
275904;2020-03-17;"terça-feira";"07:30:00";"GO";60;101;"ANAPOLIS";"Desobediência às normas de trânsito pelo condutor";"Colisão com objeto estático";"Com Vítimas Feridas";"Pleno dia";"Decrescente";"Céu Claro";"Dupla";"Retorno Regulamentado";"Sim";2;0;2;0;0;0;2;1;-16,40460265;-48,9803138;"SPRF-GO";"DEL02-GO";"UOP01-DEL02-GO"
275905;2020-03-17;"terça-feira";"04:30:00";"RO";435;19,8;"VILHENA";"Defeito na Via";"Colisão com objeto estático";"Com Vítimas Feridas";"Amanhecer";"Crescente";"Céu Claro";"Simples";"Reta";"Não";1;0;1;0;0;0;1;1;-12,752167;-60,290398;"SPRF-RO";"DEL04-RO";"UOP02-DEL04-RO"
275907;2020-03-17;"terça-feira";"07:30:00";"ES";101;222;"IBIRACU";"Ultrapassagem Indevida";"Colisão traseira";"Com Vítimas Feridas";"Pleno dia";"Crescente";"Céu Claro";"Simples";"Reta";"Não";2;0;1;0;1;0;1;2;-19,86967622;-40,40915873;"SPRF-ES";"DEL02-ES";"UOP01-DEL02-ES"
275910;2020-03-17;"terça-feira";"07:00:00";"RJ";101;407;"ITAGUAI";"Mal Súbito";"Colisão com objeto estático";"Sem Vítimas";"Pleno dia";"Crescente";"Chuva";"Dupla";"Viaduto";"Sim";1;0;0;0;1;0;0;1;-22,85921896;-43,75891497;"SPRF-RJ";"DEL03-RJ";"UOP01-DEL03-RJ"
275911;2020-03-17;"terça-feira";"07:45:00";"PR";116;126;"FAZENDA RIO GRANDE";"Não guardar distância de segurança";"Queda de ocupante de veículo";"Com Vítimas Feridas";"Pleno dia";"Decrescente";"Céu Claro";"Dupla";"Reta";"Não";3;0;1;0;1;1;1;2;-25,60389895;-49,31824423;"SPRF-PR";"DEL01-PR";"UOP03-DEL01-PR"
275912;2020-03-17;"terça-feira";"07:50:00";"AL";104;91,3;"RIO LARGO";"Falta de Atenção à Condução";"Colisão lateral";"Com Vítimas Feridas";"Pleno dia";"Decrescente";"Sol";"Dupla";"Reta";"Não";2;0;1;0;1;0;1;2;-9,50898856;-35,80777135;"SPRF-AL";"DEL01-AL";"UOP01-DEL01-AL"
275913;2020-03-17;"terça-feira";"08:00:00";"PR";369;156,5;"LONDRINA";"Velocidade Incompatível";"Colisão traseira";"Com Vítimas Feridas";"Pleno dia";"Decrescente";"Nublado";"Dupla";"Reta";"Não";2;0;0;1;1;0;1;2;-23,29013711;-51,22034311;"SPRF-PR";"DEL07-PR";"UOP01-DEL07-PR"
275916;2020-03-17;"terça-feira";"07:10:00";"AC";364;123;"RIO BRANCO";"Falta de Atenção à Condução";"Colisão traseira";"Com Vítimas Feridas";"Amanhecer";"Crescente";"Nublado";"Dupla";"Retorno Regulamentado";"Sim";2;0;1;0;1;0;1;2;-10,0117071;-67,782373;"SPRF-AC";"DEL01-AC";"UOP01-DEL01-AC"
275917;2020-02-15;"sábado";"03:30:00";"RS";472;141,4;"TRES DE MAIO";"Ingestão de Álcool";"Saída de leito carroçável";"Com Vítimas Feridas";"Plena Noite";"Crescente";"Nublado";"Simples";"Curva";"Não";2;0;2;0;0;0;2;1;-27,77591153;-54,32825089;"SPRF-RS";"DEL10-RS";"UOP01-DEL10-RS"
275918;2020-03-17;"terça-feira";"06:50:00";"PB";104;105,9;"ESPERANCA";"Pista Escorregadia";"Colisão frontal";"Com Vítimas Fatais";"Pleno dia";"Crescente";"Sol";"Simples";"Reta";"Não";2;1;0;0;1;0;0;2;-7,08938993;-35,85454407;"SPRF-PB";"DEL02-PB";"UOP04-DEL02-PB"
275920;2020-03-17;"terça-feira";"09:30:00";"DF";40;8;"BRASILIA";"Velocidade Incompatível";"Colisão transversal";"Com Vítimas Feridas";"Pleno dia";"Crescente";"Sol";"Dupla";"Retorno Regulamentado";"Não";4;0;1;0;3;0;1;2;-16,038666;-47,979691;"SPRF-DF";"DEL01-DF";"UOP01-DEL01-DF"
275921;2020-03-17;"terça-feira";"10:00:00";"SP";116;220;"GUARULHOS";"Condutor Dormindo";"Colisão traseira";"Com Vítimas Feridas";"Pleno dia";"Crescente";"Sol";"Múltipla";"Reta";"Sim";2;0;1;0;1;0;1;2;-23,46459464;-46,49832487;"SPRF-SP";"DEL01-SP";"UOP01-DEL01-SP"
275924;2020-03-17;"terça-feira";"10:10:00";"MA";316;590;"TIMON";"Falta de Atenção à Condução";"Colisão transversal";"Com Vítimas Fatais";"Pleno dia";"Crescente";"Céu Claro";"Simples";"Aclive";"Não";7;1;0;2;4;0;2;2;-4,998977;-43,039589;"SPRF-MA";"DEL03-MA";"UOP02-DEL03-MA"
275926;2020-03-17;"terça-feira";"10:00:00";"CE";222;310,5;"TIANGUA";"Desobediência às normas de trânsito pelo condutor";"Colisão transversal";"Com Vítimas Feridas";"Pleno dia";"Decrescente";"Céu Claro";"Simples";"Interseção de Vias";"Sim";4;0;2;0;2;0;2;2;-3,70670595;-40,97707006;"SPRF-CE";"DEL04-CE";"UOP02-DEL04-CE"
275927;2020-03-17;"terça-feira";"08:20:00";"SC";101;257,9;"GAROPABA";"Falta de Atenção à Condução";"Capotamento";"Sem Vítimas";"Pleno dia";"Decrescente";"Chuva";"Dupla";"Curva";"Não";1;0;0;0;1;0;0;1;-27,99000562;-48,67938995;"SPRF-SC";"DEL02-SC";"UOP03-DEL02-SC"
275929;2020-03-17;"terça-feira";"06:30:00";"MG";40;790,7;"JUIZ DE FORA";"Defeito Mecânico no Veículo";"Queda de ocupante de veículo";"Com Vítimas Feridas";"Amanhecer";"Crescente";"Nublado";"Dupla";"Reta";"Não";2;0;1;0;1;0;1;1;-21,77130707;-43,43618608;"SPRF-MG";"DEL05-MG";"UOP01-DEL05-MG"
275931;2020-03-17;"terça-feira";"05:20:00";"BA";116;326;"ARACI";"Desobediência às normas de trânsito pelo condutor";"Colisão frontal";"Com Vítimas Feridas";"Amanhecer";"Decrescente";"Céu Claro";"Simples";"Reta";"Não";2;0;1;1;0;0;2;2;-11,38288996;-38,96583229;"SPRF-BA";"DEL02-BA";"UOP01-DEL02-BA"
275932;2020-03-17;"terça-feira";"10:10:00";"PR";369;442,5;"UBIRATA";"Velocidade Incompatível";"Colisão traseira";"Com Vítimas Feridas";"Pleno dia";"Decrescente";"Céu Claro";"Simples";"Em Obras;Curva";"Não";4;0;2;0;2;0;2;3;-24,53158563;-52,94787146;"SPRF-PR";"DEL04-PR";"UOP03-DEL04-PR"
275933;2020-03-17;"terça-feira";"09:40:00";"ES";101;332,5;"GUARAPARI";"Velocidade Incompatível";"Tombamento";"Com Vítimas Feridas";"Pleno dia";"Crescente";"Céu Claro";"Dupla";"Curva";"Não";1;0;0;1;0;0;1;1;-20,60724162;-40,50889326;"SPRF-ES";"DEL03-ES";"UOP01-DEL03-ES"
275934;2020-03-17;"terça-feira";"11:00:00";"MG";116;676;"MIRADOURO";"Falta de Atenção à Condução";"Colisão transversal";"Com Vítimas Feridas";"Pleno dia";"Decrescente";"Céu Claro";"Simples";"Rotatória";"Sim";4;0;1;1;2;0;2;2;-20,89918979;-42,34645844;"SPRF-MG";"DEL07-MG";"UOP02-DEL07-MG"
275936;2020-03-17;"terça-feira";"10:30:00";"PR";376;257;"CALIFORNIA";"Desobediência às normas de trânsito pelo condutor";"Colisão lateral";"Com Vítimas Feridas";"Pleno dia";"Crescente";"Céu Claro";"Simples";"Reta";"Sim";3;0;1;0;2;0;1;2;-23,68565398;-51,34994631;"SPRF-PR";"DEL07-PR";"UOP03-DEL07-PR"
275939;2020-03-17;"terça-feira";"10:40:00";"PR";116;125;"FAZENDA RIO GRANDE";"Falta de Atenção à Condução";"Colisão lateral";"Com Vítimas Feridas";"Pleno dia";"Crescente";"Céu Claro";"Dupla";"Reta";"Não";2;0;1;0;0;1;1;2;-25,59505309;-49,31630659;"SPRF-PR";"DEL01-PR";"UOP03-DEL01-PR"
275940;2020-03-17;"terça-feira";"11:10:00";"DF";70;7,9;"BRASILIA";"Velocidade Incompatível";"Colisão com objeto estático";"Com Vítimas Feridas";"Pleno dia";"Crescente";"Nublado";"Simples";"Reta";"Sim";1;0;1;0;0;0;1;1;-15,787601;-48,114429;"SPRF-DF";"DEL03-DF";"UOP02-DEL03-DF"
275945;2020-03-17;"terça-feira";"11:05:00";"MS";163;135;"NAVIRAI";"Falta de Atenção à Condução";"Colisão transversal";"Com Vítimas Feridas";"Pleno dia";"Decrescente";"Céu Claro";"Simples";"Curva";"Não";3;0;0;1;1;1;1;3;-23,01910606;-54,30128306;"SPRF-MS";"DEL09-MS";"UOP01-DEL09-MS"
275946;2020-03-17;"terça-feira";"12:10:00";"RJ";393;108;"SAPUCAIA";"Condutor Dormindo";"Capotamento";"Com Vítimas Feridas";"Pleno dia";"Crescente";"Céu Claro";"Simples";"Reta";"Sim";3;0;1;0;2;0;1;1;-21,88166934;-42,68707329;"SPRF-RJ";"DEL05-RJ";"UOP01-DEL05-RJ"
275947;2020-03-17;"terça-feira";"12:20:00";"PE";101;53,7;"PAULISTA";"Falta de Atenção à Condução";"Colisão traseira";"Com Vítimas Feridas";"Pleno dia";"Crescente";"Céu Claro";"Múltipla";"Reta";"Sim";3;0;2;0;1;0;2;2;-7,95954031;-34,87114996;"SPRF-PE";"DEL01-PE";"UOP02-DEL01-PE"
275950;2020-03-17;"terça-feira";"11:55:00";"GO";153;357,3;"JARAGUA";"Desobediência às normas de trânsito pelo condutor";"Colisão transversal";"Com Vítimas Feridas";"Pleno dia";"Decrescente";"Céu Claro";"Simples";"Interseção de Vias";"Sim";2;0;1;0;1;0;1;2;-15,73567049;-49,32300617;"SPRF-GO";"DEL02-GO";"UOP02-DEL02-GO"
275953;2020-03-17;"terça-feira";"11:50:00";"PB";230;160,3;"CAMPINA GRANDE";"Não guardar distância de segurança";"Colisão traseira";"Sem Vítimas";"Pleno dia";"Decrescente";"Céu Claro";"Simples";"Reta";"Sim";2;0;0;0;2;0;0;2;-7,2436;-35,9375;"SPRF-PB";"DEL02-PB";"UOP01-DEL02-PB"
275955;2020-03-17;"terça-feira";"11:20:00";"RO";364;704,8;"PORTO VELHO";"Desobediência às normas de trânsito pelo condutor";"Colisão traseira";"Com Vítimas Feridas";"Pleno dia";"Crescente";"Sol";"Dupla";"Reta";"Sim";4;0;3;0;1;0;3;3;-8,80032739;-63,804543;"SPRF-RO";"DEL01-RO";"UOP01-DEL01-RO"
275956;2020-03-14;"sábado";"05:30:00";"RJ";101;87,5;"CAMPOS DOS GOYTACAZES";"Velocidade Incompatível";"Colisão com objeto estático";"Com Vítimas Feridas";"Amanhecer";"Decrescente";"Céu Claro";"Dupla";"Reta";"Não";2;0;2;0;0;0;2;1;-21,829681;-41,4993;"SPRF-RJ";"DEL08-RJ";"UOP02-DEL08-RJ"
275957;2020-03-17;"terça-feira";"12:45:00";"RS";470;221,3;"GARIBALDI";"Avarias e/ou desgaste excessivo no pneu";"Saída de leito carroçável";"Com Vítimas Feridas";"Pleno dia";"Crescente";"Céu Claro";"Simples";"Aclive;Curva";"Não";1;0;1;0;0;0;1;1;-29,19516365;-51,51950463;"SPRF-RS";"DEL06-RS";"UOP01-DEL06-RS"
275958;2020-03-13;"sexta-feira";"17:15:00";"RS";116;258;"ESTEIO";"Avarias e/ou desgaste excessivo no pneu";"Saída de leito carroçável";"Com Vítimas Feridas";"Pleno dia";"Decrescente";"Céu Claro";"Dupla";"Reta";"Não";1;0;1;0;0;0;1;1;-29,86150502;-51,18091535;"SPRF-RS";"DEL01-RS";"UOP02-DEL01-RS"
275959;2020-03-17;"terça-feira";"12:40:00";"RJ";116;78;"TERESOPOLIS";"Falta de Atenção à Condução";"Queda de ocupante de veículo";"Com Vítimas Feridas";"Pleno dia";"Crescente";"Nublado";"Simples";"Reta";"Não";1;0;1;0;0;0;1;1;-22,37408687;-42,95260496;"SPRF-RJ";"DEL04-RJ";"UOP01-DEL04-RJ"
275962;2020-03-17;"terça-feira";"11:50:00";"CE";222;214,1;"FORQUILHA";"Velocidade Incompatível";"Saída de leito carroçável";"Com Vítimas Feridas";"Pleno dia";"Decrescente";"Céu Claro";"Simples";"Curva";"Não";5;0;2;0;3;0;2;1;-3,77145237;-40,28111534;"SPRF-CE";"DEL04-CE";"UOP01-DEL04-CE"
275963;2020-03-17;"terça-feira";"13:53:00";"PA";316;71;"CASTANHAL";"Falta de Atenção à Condução";"Colisão traseira";"Com Vítimas Feridas";"Pleno dia";"Decrescente";"Céu Claro";"Simples";"Reta";"Não";2;0;0;1;1;0;1;2;-1,29062917;-47,85733898;"SPRF-PA";"DEL01-PA";"UOP01-DEL01-PA"
275964;2020-03-17;"terça-feira";"12:50:00";"BA";116;15,4;"VITORIA DA CONQUISTA";"Falta de Atenção à Condução";"Colisão transversal";"Com Vítimas Feridas";"Pleno dia";"Crescente";"Sol";"Simples";"Retorno Regulamentado";"Sim";2;0;1;0;1;0;1;2;-14,899618;-40,854435;"SPRF-BA";"DEL08-BA";"UOP01-DEL08-BA"
275967;2020-03-17;"terça-feira";"14:00:00";"PB";230;345;"PATOS";"Falta de Atenção do Pedestre";"Saída de leito carroçável";"Com Vítimas Feridas";"Pleno dia";"Crescente";"Sol";"Simples";"Reta;Declive";"Não";1;0;1;0;0;0;1;1;-6,9738;-37,3462;"SPRF-PB";"DEL03-PB";"UOP01-DEL03-PB"
275968;2020-03-17;"terça-feira";"14:25:00";"RS";392;719;"PORTO XAVIER";"Falta de Atenção à Condução";"Colisão lateral";"Com Vítimas Feridas";"Pleno dia";"Crescente";"Sol";"Simples";"Reta";"Sim";3;0;2;0;1;0;2;3;-27,91667889;-55,13770074;"SPRF-RS";"DEL10-RS";"UOP01-DEL10-RS"
275970;2020-03-17;"terça-feira";"13:50:00";"ES";101;271;"SERRA";"Falta de Atenção à Condução";"Colisão lateral";"Com Vítimas Feridas";"Pleno dia";"Crescente";"Céu Claro";"Dupla";"Reta";"Sim";2;0;1;0;1;0;1;2;-20,23267;-40,27658;"SPRF-ES";"DEL02-ES";"UOP01-DEL02-ES"
275974;2020-03-17;"terça-feira";"14:00:00";"MS";163;842;"SONORA";"Falta de Atenção à Condução";"Saída de leito carroçável";"Com Vítimas Feridas";"Pleno dia";"Decrescente";"Céu Claro";"Simples";"Reta";"Não";1;0;1;0;0;0;1;1;-17,55520696;-54,74130854;"SPRF-MS";"DEL06-MS";"UOP01-DEL06-MS"
275975;2020-03-17;"terça-feira";"14:30:00";"PE";424;91,9;"GARANHUNS";"Desobediência às normas de trânsito pelo condutor";"Colisão transversal";"Com Vítimas Feridas";"Pleno dia";"Crescente";"Nublado";"Simples";"Curva";"Sim";3;0;1;0;2;0;1;2;-8,90409633;-36,49974647;"SPRF-PE";"DEL03-PE";"UOP01-DEL03-PE"
275976;2020-03-17;"terça-feira";"14:30:00";"RJ";101;313,2;"SAO GONCALO";"Mal Súbito";"Tombamento";"Com Vítimas Feridas";"Pleno dia";"Crescente";"Nublado";"Dupla";"Curva";"Não";1;0;1;0;0;0;1;1;-22,81123512;-43,07189941;"SPRF-RJ";"DEL02-RJ";"UOP01-DEL02-RJ"
275978;2020-03-17;"terça-feira";"14:00:00";"RO";364;703;"PORTO VELHO";"Desobediência às normas de trânsito pelo condutor";"Colisão traseira";"Com Vítimas Feridas";"Pleno dia";"Decrescente";"Sol";"Dupla";"Reta";"Sim";3;0;2;0;1;0;2;2;-8,800479;-63,80172914;"SPRF-RO";"DEL01-RO";"UOP01-DEL01-RO"
275989;2020-03-17;"terça-feira";"13:40:00";"PE";101;108,4;"CABO DE SANTO AGOSTINHO";"Condutor Dormindo";"Colisão com objeto estático";"Com Vítimas Feridas";"Pleno dia";"Decrescente";"Céu Claro";"Simples";"Curva";"Não";2;0;1;0;0;1;1;1;-8,30670238;-35,09303416;"SPRF-PE";"DEL01-PE";"UOP03-DEL01-PE"
275990;2020-03-17;"terça-feira";"15:00:00";"MG";381;709,7;"NEPOMUCENO";"Defeito Mecânico no Veículo";"Danos eventuais";"Sem Vítimas";"Pleno dia";"Decrescente";"Céu Claro";"Dupla";"Reta";"Não";1;0;0;0;1;0;0;1;-21,37772086;-45,19419525;"SPRF-MG";"DEL04-MG";"UOP02-DEL04-MG"
275991;2020-03-17;"terça-feira";"16:00:00";"SC";101;116;"ITAJAI";"Não guardar distância de segurança";"Colisão lateral";"Com Vítimas Feridas";"Pleno dia";"Decrescente";"Nublado";"Dupla";"Reta";"Sim";2;0;2;0;0;0;2;2;-26,87905605;-48,72603512;"SPRF-SC";"DEL04-SC";"UOP04-DEL04-SC"
275994;2020-03-17;"terça-feira";"16:50:00";"CE";116;46,5;"PACAJUS";"Desobediência às normas de trânsito pelo condutor";"Colisão transversal";"Com Vítimas Feridas";"Anoitecer";"Crescente";"Nublado";"Dupla";"Curva";"Não";2;0;0;1;1;0;1;2;-4,13924054;-38,47994882;"SPRF-CE";"DEL01-CE";"UOP02-DEL01-CE"
275995;2020-03-17;"terça-feira";"06:30:00";"MG";365;155,4;"PIRAPORA";"Condutor Dormindo";"Saída de leito carroçável";"Com Vítimas Feridas";"Pleno dia";"Decrescente";"Céu Claro";"Simples";"Curva";"Não";1;0;1;0;0;0;1;1;-17,32423498;-44,89663322;"SPRF-MG";"DEL12-MG";"UOP01-DEL12-MG"
275996;2020-03-17;"terça-feira";"16:45:00";"PE";101;68,7;"RECIFE";"Ultrapassagem Indevida";"Colisão lateral";"Com Vítimas Feridas";"Pleno dia";"Decrescente";"Céu Claro";"Simples";"Reta";"Sim";2;0;1;0;1;0;1;2;-8,05074296;-34,94580619;"SPRF-PE";"DEL01-PE";"UOP01-DEL01-PE"
275997;2020-03-17;"terça-feira";"17:10:00";"PE";101;36;"ITAPISSUMA";"Falta de Atenção à Condução";"Colisão transversal";"Sem Vítimas";"Anoitecer";"Decrescente";"Vento";"Múltipla";"Reta";"Sim";2;0;0;0;1;1;0;2;-7,788367;-34,92981702;"SPRF-PE";"DEL01-PE";"UOP02-DEL01-PE"
275998;2020-03-17;"terça-feira";"17:25:00";"SP";116;277;"TABOAO DA SERRA";"Não guardar distância de segurança";"Colisão traseira";"Com Vítimas Feridas";"Pleno dia";"Decrescente";"Nublado";"Dupla";"Curva";"Não";2;0;1;0;1;0;1;2;-23,64870535;-46,84395469;"SPRF-SP";"DEL04-SP";"UOP01-DEL04-SP"
275999;2020-03-17;"terça-feira";"17:30:00";"MG";40;552;"NOVA LIMA";"Desobediência às normas de trânsito pelo condutor";"Colisão transversal";"Com Vítimas Feridas";"Pleno dia";"Crescente";"Chuva";"Dupla";"Reta";"Sim";3;0;0;1;1;1;1;3;-20,06084086;-43,97716423;"SPRF-MG";"DEL01-MG";"UOP02-DEL01-MG"
276000;2020-03-17;"terça-feira";"17:20:00";"SP";153;176,6;"LINS";"Desobediência às normas de trânsito pelo condutor";"Colisão com objeto estático";"Com Vítimas Feridas";"Pleno dia";"Decrescente";"Céu Claro";"Simples";"Reta";"Não";1;0;1;0;0;0;1;1;-21,64888;-49,78870103;"SPRF-SP";"DEL07-SP";"UOP01-DEL07-SP"
276001;2020-03-17;"terça-feira";"17:45:00";"BA";101;261;"SANTO ANTONIO DE JESUS";"Desobediência às normas de trânsito pelo condutor";"Colisão lateral";"Com Vítimas Feridas";"Pleno dia";"Decrescente";"Céu Claro";"Simples";"Reta";"Sim";3;0;2;0;0;1;2;2;-13,07287105;-39,27406821;"SPRF-BA";"DEL01-BA";"UOP02-DEL01-BA"
276002;2020-03-17;"terça-feira";"16:30:00";"SC";470;190,2;"POUSO REDONDO";"Avarias e/ou desgaste excessivo no pneu";"Saída de leito carroçável";"Com Vítimas Feridas";"Pleno dia";"Decrescente";"Nublado";"Simples";"Curva";"Não";1;0;1;0;0;0;1;1;-27,281504;-50,069775;"SPRF-SC";"DEL04-SC";"UOP02-DEL04-SC"
276005;2020-03-17;"terça-feira";"16:00:00";"RO";364;703;"PORTO VELHO";"Desobediência às normas de trânsito pelo condutor";"Colisão transversal";"Com Vítimas Feridas";"Pleno dia";"Crescente";"Céu Claro";"Dupla";"Reta";"Sim";2;0;0;1;1;0;1;2;-8,80021523;-63,79557792;"SPRF-RO";"DEL01-RO";"UOP01-DEL01-RO"