"id";"data_inversa";"dia_semana";"horario";"uf";"br";"km";"municipio";"causa_acidente";"tipo_acidente";"classificacao_acidente";"fase_dia";"sentido_via";"condicao_metereologica";"tipo_pista";"tracado_via";"uso_solo";"pessoas";"mortos";"feridos_leves";"feridos_graves";"ilesos";"ignorados";"feridos";"veiculos";"latitude";"longitude";"regional";"delegacia";"uop"
276133;2020-03-18;"quarta-feira";"12:55:00";"PR";476;132,9;"CURITIBA";"Falta de Atenção à Condução";"Engavetamento";"Sem Vítimas";"Pleno dia";"Decrescente";"Céu Claro";"Múltipla";"Reta;Interseção de Vias";"Sim";3;0;0;0;3;0;0;3;-25,46912011;-49,25372601;"SPRF-PR";"DEL01-PR";"UOP03-DEL01-PR"
276134;2020-03-18;"quarta-feira";"11:40:00";"RJ";40;78,2;"PETROPOLIS";"Avarias e/ou desgaste excessivo no pneu";"Tombamento";"Com Vítimas Feridas";"Pleno dia";"Crescente";"Céu Claro";"Dupla";"Curva";"Não";2;0;2;0;0;0;2;1;-22,48485874;-43,22843406;"SPRF-RJ";"DEL06-RJ";"UOP01-DEL06-RJ"
276137;2020-03-15;"domingo";"04:45:00";"RS";290;215;"PANTANO GRANDE";"Ingestão de Álcool";"Colisão com objeto estático";"Com Vítimas Feridas";"Plena Noite";"Decrescente";"Céu Claro";"Simples";"Reta";"Sim";1;0;1;0;0;0;1;1;-30,188616;-52,366409;"SPRF-RS";"DEL02-RS";"UOP02-DEL02-RS"
276138;2020-03-18;"quarta-feira";"13:05:00";"BA";116;423,5;"FEIRA DE SANTANA";"Falta de Atenção à Condução";"Colisão transversal";"Com Vítimas Feridas";"Pleno dia";"Crescente";"Céu Claro";"Simples";"Reta";"Não";2;0;1;0;1;0;1;2;-12,229301;-38,964527;"SPRF-BA";"DEL02-BA";"UOP01-DEL02-BA"
276139;2020-03-15;"domingo";"04:30:00";"PR";116;120;"FAZENDA RIO GRANDE";"Falta de Atenção à Condução";"Queda de ocupante de veículo";"Com Vítimas Feridas";"Plena Noite";"Decrescente";"Céu Claro";"Dupla";"Reta";"Sim";1;0;1;0;0;0;1;1;-25,57093678;-49,31093216;"SPRF-PR";"DEL01-PR";"UOP03-DEL01-PR"
276142;2020-03-18;"quarta-feira";"13:10:00";"ES";262;28;"VIANA";"Desobediência às normas de trânsito pelo condutor";"Colisão frontal";"Com Vítimas Feridas";"Pleno dia";"Decrescente";"Nublado";"Simples";"Reta";"Não";7;0;4;2;0;1;6;3;-20,38426904;-40,55863435;"SPRF-ES";"DEL01-ES";"UOP01-DEL01-ES"
276143;2020-03-18;"quarta-feira";"13:35:00";"MG";40;431,1;"PARAOPEBA";"Falta de Atenção à Condução";"Saída de leito carroçável";"Com Vítimas Feridas";"Pleno dia";"Decrescente";"Céu Claro";"Dupla";"Reta";"Não";5;0;5;0;0;0;5;1;-19,19728375;-44,47966179;"SPRF-MG";"DEL02-MG";"UOP01-DEL02-MG"
276145;2020-03-18;"quarta-feira";"13:45:00";"PR";467;91,9;"CASCAVEL";"Velocidade Incompatível";"Saída de leito carroçável";"Com Vítimas Feridas";"Pleno dia";"Decrescente";"Chuva";"Dupla";"Curva";"Não";2;0;1;0;1;0;1;1;-24,8515;-53,6035;"SPRF-PR";"DEL04-PR";"UOP01-DEL04-PR"
276146;2020-03-18;"quarta-feira";"11:25:00";"CE";222;7,9;"CAUCAIA";"Falta de Atenção à Condução";"Saída de leito carroçável";"Com Vítimas Feridas";"Pleno dia";"Decrescente";"Nublado";"Dupla";"Reta";"Sim";2;0;2;0;0;0;2;1;-3,736507;-38,65337;"SPRF-CE";"DEL01-CE";"UOP01-DEL01-CE"
276147;2020-03-18;"quarta-feira";"14:05:00";"SE";101;93,6;"NOSSA SENHORA DO SOCORRO";"Desobediência às normas de trânsito pelo condutor";"Colisão lateral";"Com Vítimas Feridas";"Pleno dia";"Crescente";"Céu Claro";"Dupla";"Reta";"Não";2;0;1;0;1;0;1;2;-10,90212319;-37,14494787;"SPRF-SE";"DEL01-SE";"UOP01-DEL01-SE"
276152;2020-03-18;"quarta-feira";"11:20:00";"PI";343;61,6;"BURITI DOS LOPES";"Defeito na Via";"Saída de leito carroçável";"Com Vítimas Feridas";"Pleno dia";"Decrescente";"Céu Claro";"Simples";"Reta";"Não";1;0;1;0;0;0;1;1;-3,251589;-41,797329;"SPRF-PI";"DEL05-PI";"UOP01-DEL05-PI"
276154;2020-03-18;"quarta-feira";"08:50:00";"PR";153;20,8;"JACAREZINHO";"Desobediência às normas de trânsito pelo condutor";"Colisão transversal";"Sem Vítimas";"Pleno dia";"Crescente";"Céu Claro";"Simples";"Interseção de Vias";"Sim";3;0;0;0;3;0;0;2;-23,16515993;-49,96055245;"SPRF-PR";"DEL07-PR";"UOP04-DEL07-PR"
276155;2020-03-18;"quarta-feira";"14:05:00";"PE";232;85,8;"GRAVATA";"Falta de Atenção à Condução";"Saída de leito carroçável";"Com Vítimas Fatais";"Pleno dia";"Crescente";"Céu Claro";"Dupla";"Reta";"Sim";2;1;0;0;1;0;0;2;-8,20951081;-35,61182408;"SPRF-PE";"DEL02-PE";"UOP02-DEL02PE"
276158;2020-03-18;"quarta-feira";"09:35:00";"SC";280;170,9;"MAFRA";"Desobediência às normas de trânsito pelo condutor";"Colisão traseira";"Sem Vítimas";"Pleno dia";"Crescente";"Nublado";"Simples";"Reta";"Não";2;0;0;0;2;0;0;2;-26,14357962;-49,81201773;"SPRF-SC";"DEL06-SC";"UOP01-DEL06-SC"
276160;2020-03-18;"quarta-feira";"10:20:00";"SC";280;209,2;"TRES BARRAS";"Falta de Atenção à Condução";"Colisão transversal";"Com Vítimas Feridas";"Pleno dia";"Decrescente";"Nublado";"Simples";"Reta";"Não";6;0;6;0;0;0;6;2;-26,17169628;-50,15846293;"SPRF-SC";"DEL06-SC";"UOP04-DEL06-SC"
276161;2020-03-18;"quarta-feira";"13:00:00";"MT";364;553,2;"ROSARIO OESTE";"Falta de Atenção à Condução";"Saída de leito carroçável";"Com Vítimas Feridas";"Pleno dia";"Crescente";"Chuva";"Dupla";"Curva";"Não";1;0;1;0;0;0;1;1;-14,78041023;-56,36922993;"SPRF-MT";"DEL01-MT";"UOP01-DEL01-MT"
276163;2020-03-18;"quarta-feira";"09:35:00";"MG";381;748;"TRES CORACOES";"Falta de Atenção à Condução";"Colisão traseira";"Com Vítimas Feridas";"Pleno dia";"Decrescente";"Céu Claro";"Dupla";"Reta";"Não";2;0;2;0;0;0;2;2;-21,656366;-45,301823;"SPRF-MG";"DEL16-MG";"UOP02-DEL16-MG"
276164;2020-03-18;"quarta-feira";"12:30:00";"RO";425;100,6;"NOVA MAMORE";"Falta de Atenção à Condução";"Colisão transversal";"Com Vítimas Feridas";"Pleno dia";"Decrescente";"Céu Claro";"Simples";"Reta";"Sim";2;0;1;0;1;0;1;2;-10,411559;-65,33094;"SPRF-RO";"DEL01-RO";"UOP03-DEL01-RO"
276165;2020-03-18;"quarta-feira";"15:30:00";"PE";101;78,7;"JABOATAO DOS GUARARAPES";"Não guardar distância de segurança";"Colisão traseira";"Com Vítimas Feridas";"Pleno dia";"Decrescente";"Sol";"Dupla";"Curva";"Sim";3;0;2;0;1;0;2;2;-8,14125;-34,946407;"SPRF-PE";"DEL01-PE";"UOP01-DEL01-PE"
276166;2020-03-18;"quarta-feira";"11:12:00";"MG";40;588;"ITABIRITO";"Defeito na Via";"Danos eventuais";"Sem Vítimas";"Pleno dia";"Decrescente";"Nublado";"Dupla";"Reta";"Não";2;0;0;0;2;0;0;1;-20,35149094;-43,91313094;"SPRF-MG";"DEL01-MG";"UOP02-DEL01-MG"
276167;2020-03-18;"quarta-feira";"12:10:00";"RS";293;137;"CANDIOTA";"Desobediência às normas de trânsito pelo condutor";"Colisão transversal";"Sem Vítimas";"Pleno dia";"Decrescente";"Chuva";"Simples";"Reta";"Sim";2;0;0;0;2;0;0;2;-31,46954305;-53,65591903;"SPRF-RS";"DEL11-RS";"UOP03-DEL11-RS"
276168;2020-03-18;"quarta-feira";"15:30:00";"PR";376;474,5;"PONTA GROSSA";"Velocidade Incompatível";"Saída de leito carroçável";"Com Vítimas Feridas";"Pleno dia";"Crescente";"Nublado";"Dupla";"Curva";"Não";2;0;2;0;0;0;2;1;-25,04786596;-50,23557994;"SPRF-PR";"DEL03-PR";"UOP01-DEL03-PR"
276169;2020-03-18;"quarta-feira";"16:03:00";"PR";277;347;"GUARAPUAVA";"Falta de Atenção à Condução";"Queda de ocupante de veículo";"Com Vítimas Feridas";"Pleno dia";"Crescente";"Chuva";"Simples";"Reta";"Não";1;0;1;0;0;0;1;1;-25,33928412;-51,42880296;"SPRF-PR";"DEL08-PR";"UOP01-DEL08-PR"
276170;2020-01-06;"segunda-feira";"19:30:00";"RN";304;201,7;"LAJES";"Animais na Pista";"Atropelamento de Animal";"Com Vítimas Feridas";"Plena Noite";"Crescente";"Céu Claro";"Simples";"Reta";"Não";1;0;1;0;0;0;1;1;-5,71536597;-36,1898379;"SPRF-RN";"DEL01-RN";"UOP03-DEL01-RN"
276172;2020-03-18;"quarta-feira";"16:00:00";"ES";101;306;"VIANA";"Falta de Atenção à Condução";"Tombamento";"Com Vítimas Feridas";"Pleno dia";"Crescente";"Chuva";"Dupla";"Curva";"Sim";1;0;1;0;0;0;1;1;-20,39178539;-40,46264806;"SPRF-ES";"DEL03-ES";"UOP01-DEL03-ES"
276174;2020-03-18;"quarta-feira";"15:40:00";"PE";101;192,8;"PALMARES";"Pista Escorregadia";"Capotamento";"Com Vítimas Feridas";"Pleno dia";"Crescente";"Chuva";"Dupla";"Curva";"Não";2;0;1;0;1;0;1;1;-8,71282291;-35,60955915;"SPRF-PE";"DEL01-PE";"UOP03-DEL01-PE"
276175;2020-03-18;"quarta-feira";"15:00:00";"BA";415;27;"ILHEUS";"Falta de Atenção à Condução";"Engavetamento";"Com Vítimas Feridas";"Pleno dia";"Decrescente";"Garoa/Chuvisco";"Simples";"Reta";"Não";5;0;1;0;4;0;1;4;-14,79317126;-39,21306968;"SPRF-BA";"DEL05-BA";"UOP01-DEL05-BA"
276176;2020-03-18;"quarta-feira";"16:15:00";"PE";101;74,4;"RECIFE";"Não guardar distância de segurança";"Engavetamento";"Sem Vítimas";"Pleno dia";"Decrescente";"Nublado";"Dupla";"Curva";"Sim";3;0;0;0;3;0;0;3;-8,106338;-34,948574;"SPRF-PE";"DEL01-PE";"UOP01-DEL01-PE"
276178;2020-03-18;"quarta-feira";"16:30:00";"PE";104;47,3;"CARUARU";"Defeito na Via";"Saída de leito carroçável";"Com Vítimas Feridas";"Pleno dia";"Crescente";"Chuva";"Dupla";"Reta";"Não";1;0;1;0;0;0;1;1;-8,12617233;-35,95447809;"SPRF-PE";"DEL02-PE";"UOP01-DEL02-PE"
276180;2020-03-18;"quarta-feira";"15:30:00";"MS";163;88;"ITAQUIRAI";"Defeito Mecânico no Veículo";"Colisão lateral";"Com Vítimas Feridas";"Pleno dia";"Crescente";"Nublado";"Simples";"Aclive";"Não";4;0;3;0;1;0;3;2;-23,38801296;-54,2114515;"SPRF-MS";"DEL09-MS";"UOP01-DEL09-MS"
276181;2020-03-18;"quarta-feira";"16:20:00";"SC";282;5;"SAO JOSE";"Falta de Atenção à Condução";"Colisão com objeto estático";"Com Vítimas Feridas";"Pleno dia";"Decrescente";"Chuva";"Dupla";"Viaduto";"Sim";1;0;1;0;0;0;1;1;-27,58617022;-48,61733805;"SPRF-SC";"DEL01-SC";"UOP01-DEL01-SC"
276182;2020-03-18;"quarta-feira";"13:15:00";"SC";280;23;"ARAQUARI";"Falta de Atenção à Condução";"Tombamento";"Com Vítimas Feridas";"Pleno dia";"Decrescente";"Sol";"Simples";"Reta";"Sim";1;0;1;0;0;0;1;1;-26,37146;-48,711887;"SPRF-SC";"DEL03-SC";"UOP03-DEL03-SC"
276183;2020-03-18;"quarta-feira";"16:25:00";"SP";116;115,1;"TAUBATE";"Avarias e/ou desgaste excessivo no pneu";"Tombamento";"Com Vítimas Feridas";"Pleno dia";"Crescente";"Céu Claro";"Dupla";"Reta";"Não";1;0;1;0;0;0;1;1;-23,0496047;-45,59973712;"SPRF-SP";"DEL06-SP";"UOP01-DEL06-SP"
276187;2020-03-18;"quarta-feira";"16:30:00";"PA";222;245,5;"MARABA";"Desobediência às normas de trânsito pelo condutor";"Colisão transversal";"Com Vítimas Feridas";"Pleno dia";"Decrescente";"Céu Claro";"Simples";"Interseção de Vias";"Sim";2;0;0;1;1;0;1;2;-5,355886;-49,079418;"SPRF-PA";"DEL03-PA";"UOP01-DEL03-PA"
276188;2020-03-18;"quarta-feira";"16:10:00";"RJ";116;171,5;"RIO DE JANEIRO";"Falta de Atenção à Condução";"Colisão com objeto estático";"Com Vítimas Feridas";"Pleno dia";"Crescente";"Céu Claro";"Múltipla";"Reta";"Sim";1;0;1;0;0;0;1;1;-22,8040952;-43,3463917;"SPRF-RJ";"DEL01-RJ";"UOP02-DEL01-RJ"
276189;2020-03-18;"quarta-feira";"16:20:00";"SC";282;79;"RANCHO QUEIMADO";"Velocidade Incompatível";"Saída de leito carroçável";"Com Vítimas Feridas";"Pleno dia";"Crescente";"Garoa/Chuvisco";"Simples";"Curva";"Não";3;0;1;0;2;0;1;1;-27,6707;-49,155758;"SPRF-SC";"DEL01-SC";"UOP03-DEL01-SC"
276190;2020-03-18;"quarta-feira";"07:15:00";"SC";101;107;"PENHA";"Falta de Atenção à Condução";"Colisão com objeto estático";"Com Vítimas Feridas";"Amanhecer";"Crescente";"Céu Claro";"Dupla";"Reta";"Não";2;0;1;1;0;0;2;1;-26,81930608;-48,68390282;"SPRF-SC";"DEL03-SC";"UOP02-DEL03-SC"
276191;2020-03-08;"domingo";"18:50:00";"MS";163;812;"PEDRO GOMES";"Falta de Atenção à Condução";"Colisão transversal";"Com Vítimas Feridas";"Plena Noite";"Crescente";"Céu Claro";"Simples";"Reta";"Não";3;0;1;0;1;1;1;3;-17,81993323;-54,72960029;"SPRF-MS";"DEL06-MS";"UOP01-DEL06-MS"
276193;2020-03-18;"quarta-feira";"17:00:00";"MG";381;365;"SAO GONCALO DO RIO ABAIXO";"Falta de Atenção à Condução";"Danos eventuais";"Com Vítimas Feridas";"Pleno dia";"Crescente";"Chuva";"Simples";"Curva";"Não";2;0;1;0;1;0;1;1;-19,854651;-43,261071;"SPRF-MG";"DEL03-MG";"UOP01-DEL03-MG"
276194;2020-03-04;"quarta-feira";"09:00:00";"CE";222;2;"CAUCAIA";"Ultrapassagem Indevida";"Colisão transversal";"Com Vítimas Feridas";"Pleno dia";"Crescente";"Nublado";"Simples";"Reta";"Sim";2;0;1;0;1;0;1;2;-3,73487095;-38,67532969;"SPRF-CE";"DEL01-CE";"UOP01-DEL01-CE"
276195;2020-03-18;"quarta-feira";"16:42:00";"PA";230;121;"MARABA";"Falta de Atenção à Condução";"Colisão traseira";"Sem Vítimas";"Pleno dia";"Decrescente";"Céu Claro";"Dupla";"Curva";"Não";3;0;0;0;2;1;0;2;-5,35297407;-49,12143673;"SPRF-PA";"DEL03-PA";"UOP01-DEL03-PA"
276196;2020-03-18;"quarta-feira";"17:00:00";"MG";381;381,9;"SAO GONCALO DO RIO ABAIXO";"Falta de Atenção à Condução";"Colisão frontal";"Com Vítimas Feridas";"Pleno dia";"Crescente";"Ignorado";"Simples";"Reta";"Não";3;0;1;1;0;1;2;2;-19,82692046;-43,38405945;"SPRF-MG";"DEL01-MG";"UOP01-DEL01-MG"
276197;2020-03-18;"quarta-feira";"16:30:00";"PR";467;105;"CASCAVEL";"Desobediência às normas de trânsito pelo condutor";"Saída de leito carroçável";"Com Vítimas Feridas";"Pleno dia";"Crescente";"Chuva";"Dupla";"Curva";"Não";1;0;1;0;0;0;1;1;-24,94145881;-53,51948261;"SPRF-PR";"DEL04-PR";"UOP01-DEL04-PR"
276198;2020-03-18;"quarta-feira";"16:25:00";"SC";101;205;"SAO JOSE";"Não guardar distância de segurança";"Colisão lateral";"Com Vítimas Feridas";"Pleno dia";"Decrescente";"Nublado";"Dupla";"Reta";"Sim";2;0;1;0;1;0;1;2;-27,58313237;-48,61532885;"SPRF-SC";"DEL01-SC";"UOP01-DEL01-SC"
276199;2020-03-18;"quarta-feira";"17:15:00";"MG";381;488,4;"BETIM";"Falta de Atenção do Pedestre";"Atropelamento de Pedestre";"Com Vítimas Feridas";"Pleno dia";"Decrescente";"Céu Claro";"Múltipla";"Reta";"Sim";2;0;1;0;1;0;1;2;-19,95656893;-44,13414001;"SPRF-MG";"DEL01-MG";"UOP03-DEL01-MG"
276200;2020-03-18;"quarta-feira";"13:20:00";"SC";282;424,5;"VARGEM BONITA";"Falta de Atenção à Condução";"Colisão com objeto estático";"Com Vítimas Feridas";"Pleno dia";"Crescente";"Nublado";"Simples";"Curva";"Não";4;0;4;0;0;0;4;1;-26,988014;-51,753124;"SPRF-SC";"DEL07-SC";"UOP05-DEL07-SC"
276202;2020-03-18;"quarta-feira";"13:00:00";"SC";282;267;"SAO JOSE DO CERRITO";"Pista Escorregadia";"Capotamento";"Com Vítimas Feridas";"Pleno dia";"Decrescente";"Garoa/Chuvisco";"Simples";"Curva";"Não";1;0;1;0;0;0;1;1;-27,624544;-50,651848;"SPRF-SC";"DEL05-SC";"UOP02-DEL05-SC"
276205;2020-03-18;"quarta-feira";"18:00:00";"SP";116;273;"TABOAO DA SERRA";"Desobediência às normas de trânsito pelo condutor";"Colisão lateral";"Com Vítimas Feridas";"Anoitecer";"Decrescente";"Céu Claro";"Múltipla";"Reta";"Sim";3;0;2;0;1;0;2;2;-23,62809795;-46,81870306;"SPRF-SP";"DEL04-SP";"UOP01-DEL04-SP"
276207;2020-03-18;"quarta-feira";"18:30:00";"PR";376;180,4;"MARINGA";"Falta de Atenção do Pedestre";"Atropelamento de Pedestre";"Com Vítimas Feridas";"Plena Noite";"Crescente";"Céu Claro";"Dupla";"Reta";"Sim";2;0;2;0;0;0;2;2;-23,42725352;-51,89512271;"SPRF-PR";"DEL09-PR";"UOP01-DEL09-PR"
276208;2020-03-18;"quarta-feira";"18:40:00";"DF";70;10;"BRASILIA";"Falta de Atenção do Pedestre";"Atropelamento de Pedestre";"Com Vítimas Feridas";"Plena Noite";"Decrescente";"Céu Claro";"Dupla";"Reta";"Sim";2;0;1;0;1;0;1;2;-15,787066;-48,140709;"SPRF-DF";"DEL03-DF";"UOP02-DEL03-DF"
276209;2020-03-16;"segunda-feira";"17:50:00";"MA";10;299;"CIDELANDIA";"Desobediência às normas de trânsito pelo condutor";"Colisão traseira";"Com Vítimas Feridas";"Anoitecer";"Crescente";"Chuva";"Dupla";"Reta";"Não";2;0;1;0;1;0;1;2;-5,122542;-47,547592;"SPRF-MA";"DEL04-MA";"UOP03-DEL04-MA"
276210;2020-03-18;"quarta-feira";"18:05:00";"BA";101;48,2;"ESPLANADA";"Pista Escorregadia";"Saída de leito carroçável";"Com Vítimas Feridas";"Plena Noite";"Decrescente";"Chuva";"Simples";"Curva";"Não";2;0;2;0;0;0;2;1;-11,8666;-37,9912;"SPRF-SE";"DEL02-SE";"UOP03-DEL02-SE"
276211;2020-03-18;"quarta-feira";"18:40:00";"ES";101;295,1;"CARIACICA";"Desobediência às normas de trânsito pelo condutor";"Colisão lateral";"Com Vítimas Feridas";"Plena Noite";"Crescente";"Céu Claro";"Dupla";"Reta";"Não";2;0;0;1;1;0;1;2;-20,33223667;-40,40004683;"SPRF-ES";"DEL01-ES";"UOP01-DEL01-ES"
276212;2020-03-18;"quarta-feira";"18:00:00";"MT";70;509;"CUIABA";"Falta de Atenção à Condução";"Colisão transversal";"Com Vítimas Feridas";"Anoitecer";"Decrescente";"Céu Claro";"Simples";"Reta";"Não";2;0;1;0;1;0;1;2;-15,6627096;-55,97877502;"SPRF-MT";"DEL01-MT";"UOP02-DEL01-MT"
276213;2020-03-18;"quarta-feira";"18:50:00";"PA";163;1002,5;"SANTAREM";"Falta de Atenção do Pedestre";"Atropelamento de Pedestre";"Com Vítimas Feridas";"Plena Noite";"Crescente";"Céu Claro";"Simples";"Reta";"Sim";2;0;2;0;0;0;2;2;-2,45567004;-54,72854541;"SPRF-PA";"DEL05-PA";"UOP01-DEL05-PA"
276214;2020-03-18;"quarta-feira";"16:55:00";"PE";423;97,4;"GARANHUNS";"Pista Escorregadia";"Tombamento";"Com Vítimas Feridas";"Anoitecer";"Crescente";"Chuva";"Simples";"Reta;Aclive";"Sim";2;0;0;1;1;0;1;1;-8,876983;-36,500493;"SPRF-PE";"DEL03-PE";"UOP01-DEL03-PE"
276215;2020-03-18;"quarta-feira";"18:30:00";"BA";367;32,8;"PORTO SEGURO";"Falta de Atenção à Condução";"Colisão traseira";"Com Vítimas Feridas";"Plena Noite";"Crescente";"Céu Claro";"Simples";"Reta";"Sim";2;0;1;0;0;1;1;2;-16,42202306;-39,14457302;"SPRF-BA";"DEL09-BA";"UOP01-DEL09-BA"
276217;2020-03-18;"quarta-feira";"19:40:00";"PR";277;72,8;"SAO JOSE DOS PINHAIS";"Ingestão de Álcool";"Colisão traseira";"Sem Vítimas";"Plena Noite";"Crescente";"Garoa/Chuvisco";"Dupla";"Curva";"Sim";2;0;0;0;2;0;0;2;-25,4940903;-49,16791677;"SPRF-PR";"DEL01-PR";"UOP01-DEL01-PR"
276218;2020-03-18;"quarta-feira";"19:30:00";"PR";476;132;"CURITIBA";"Falta de Atenção à Condução";"Colisão traseira";"Sem Vítimas";"Plena Noite";"Crescente";"Nublado";"Múltipla";"Reta";"Sim";2;0;0;0;2;0;0;2;-25,460718;-49,250488;"SPRF-PR";"DEL01-PR";"UOP03-DEL01-PR"
276219;2020-03-18;"quarta-feira";"20:00:00";"ES";262;90,1;"DOMINGOS MARTINS";"Falta de Atenção à Condução";"Colisão frontal";"Com Vítimas Feridas";"Anoitecer";"Crescente";"Garoa/Chuvisco";"Simples";"Retorno Regulamentado";"Sim";2;0;0;1;1;0;1;2;-20,38123513;-41,02431905;"SPRF-ES";"DEL01-ES";"UOP02-DEL01-ES"
276220;2020-03-18;"quarta-feira";"18:40:00";"MT";163;846;"SINOP";"Falta de Atenção à Condução";"Colisão traseira";"Sem Vítimas";"Plena Noite";"Decrescente";"Céu Claro";"Simples";"Reta";"Sim";2;0;0;0;2;0;0;2;-11,773422;-55,472342;"SPRF-MT";"DEL06-MT";"NPF/DEL06-MT"
276221;2020-03-18;"quarta-feira";"19:50:00";"CE";116;46;"PACAJUS";"Desobediência às normas de trânsito pelo condutor";"Colisão com objeto estático";"Com Vítimas Feridas";"Plena Noite";"Crescente";"Céu Claro";"Dupla";"Curva";"Não";1;0;0;1;0;0;1;1;-4,13924054;-38,47994882;"SPRF-CE";"DEL01-CE";"UOP02-DEL01-CE"
276222;2020-03-18;"quarta-feira";"18:00:00";"RJ";493;97;"SEROPEDICA";"Falta de Atenção à Condução";"Colisão lateral";"Com Vítimas Feridas";"Plena Noite";"Decrescente";"Céu Claro";"Dupla";"Reta";"Sim";2;0;1;0;1;0;1;2;-22,72050031;-43,70740458;"SPRF-RJ";"DEL03-RJ";"UOP01-DEL03-RJ"
276223;2020-03-18;"quarta-feira";"20:00:00";"CE";222;8,3;"CAUCAIA";"Ingestão de Álcool";"Saída de leito carroçável";"Com Vítimas Feridas";"Plena Noite";"Decrescente";"Céu Claro";"Dupla";"Reta";"Sim";1;0;1;0;0;0;1;1;-3,75363558;-38,63803121;"SPRF-CE";"DEL01-CE";"UOP01-DEL01-CE"
276224;2020-03-18;"quarta-feira";"19:20:00";"RJ";116;216;"PARACAMBI";"Objeto estático sobre o leito carroçável";"Colisão com objeto estático";"Sem Vítimas";"Plena Noite";"Crescente";"Céu Claro";"Dupla";"Reta";"Não";3;0;0;0;3;0;0;1;-22,70521322;-43,74066509;"SPRF-RJ";"DEL01-RJ";"UOP03-DEL01-RJ"
276225;2020-03-18;"quarta-feira";"09:25:00";"MA";10;248,1;"IMPERATRIZ";"Animais na Pista";"Atropelamento de Animal";"Com Vítimas Feridas";"Pleno dia";"Decrescente";"Céu Claro";"Simples";"Reta";"Sim";2;0;2;0;0;0;2;1;-5,566143;-47,449028;"SPRF-MA";"DEL04-MA";"UOP01-DEL04-MA"
276226;2020-03-18;"quarta-feira";"17:43:00";"MG";381;680;"PERDOES";"Condutor Dormindo";"Colisão frontal";"Com Vítimas Fatais";"Pleno dia";"Decrescente";"Céu Claro";"Dupla";"Reta";"Não";5;1;0;4;0;0;4;2;-21,15537584;-45,11394611;"SPRF-MG";"DEL04-MG";"UOP02-DEL04-MG"
276227;2020-03-18;"quarta-feira";"20:35:00";"BA";101;745,2;"ITABELA";"Falta de Atenção do Pedestre";"Atropelamento de Pedestre";"Com Vítimas Fatais";"Plena Noite";"Crescente";"Céu Claro";"Simples";"Curva;Aclive";"Não";4;1;0;0;2;1;0;2;-16,72722383;-39,45433823;"SPRF-BA";"DEL09-BA";"UOP01-DEL09-BA"
276228;2020-03-18;"quarta-feira";"20:00:00";"PE";101;57,7;"RECIFE";"Defeito Mecânico no Veículo";"Incêndio";"Sem Vítimas";"Plena Noite";"Crescente";"Céu Claro";"Dupla";"Reta";"Não";1;0;0;0;1;0;0;1;-7,9684;-34,919545;"SPRF-PE";"DEL01-PE";"UOP02-DEL01-PE"
276231;2020-03-18;"quarta-feira";"15:40:00";"MG";40;474;"SETE LAGOAS";"Mal Súbito";"Saída de leito carroçável";"Com Vítimas Feridas";"Pleno dia";"Crescente";"Céu Claro";"Dupla";"Reta";"Não";1;0;1;0;0;0;1;1;-19,49804878;-44,27929974;"SPRF-MG";"DEL02-MG";"UOP01-DEL02-MG"
276232;2020-03-18;"quarta-feira";"20:35:00";"RN";304;40,6;"MOSSORO";"Não guardar distância de segurança";"Colisão traseira";"Com Vítimas Feridas";"Plena Noite";"Crescente";"Céu Claro";"Dupla";"Reta";"Sim";3;0;1;1;1;0;2;2;-5,196199;-37,3785;"SPRF-RN";"DEL04-RN";"UOP01-DEL04-RN"
276235;2020-03-18;"quarta-feira";"20:30:00";"MS";163;679,8;"RIO VERDE DE MATO GROSSO";"Desobediência às normas de trânsito pelo condutor";"Colisão transversal";"Com Vítimas Feridas";"Plena Noite";"Decrescente";"Céu Claro";"Simples";"Reta";"Sim";2;0;1;1;0;0;2;2;-18,93217701;-54,83111904;"SPRF-MS";"DEL06-MS";"UOP02-DEL06-MS"
276236;2020-03-15;"domingo";"04:55:00";"DF";40;3;"BRASILIA";"Ingestão de Álcool";"Saída de leito carroçável";"Com Vítimas Feridas";"Plena Noite";"Crescente";"Céu Claro";"Dupla";"Reta";"Sim";1;0;1;0;0;0;1;1;-16,003145;-47,983944;"SPRF-DF";"DEL01-DF";"UOP01-DEL01-DF"
276237;2020-03-18;"quarta-feira";"15:00:00";"SC";470;147;"RIO DO SUL";"Falta de Atenção à Condução";"Engavetamento";"Com Vítimas Feridas";"Pleno dia";"Decrescente";"Nublado";"Simples";"Reta";"Não";4;0;1;0;3;0;1;3;-27,243439;-49,690025;"SPRF-SC";"DEL04-SC";"UOP02-DEL04-SC"
276239;2020-03-18;"quarta-feira";"19:00:00";"SP";116;275,4;"EMBU DAS ARTES";"Defeito na Via";"Queda de ocupante de veículo";"Com Vítimas Feridas";"Plena Noite";"Decrescente";"Ignorado";"Dupla";"Curva";"Sim";1;0;1;0;0;0;1;1;-23,63638826;-46,83251584;"SPRF-SP";"DEL04-SP";"UOP01-DEL04-SP"
276240;2020-03-18;"quarta-feira";"19:30:00";"SC";470;103;"APIUNA";"Falta de Atenção à Condução";"Colisão traseira";"Sem Vítimas";"Plena Noite";"Decrescente";"Nublado";"Simples";"Curva";"Não";2;0;0;0;1;1;0;2;-27,064796;-49,401424;"SPRF-SC";"DEL04-SC";"UOP02-DEL04-SC"