"id";"data_inversa";"dia_semana";"horario";"uf";"br";"km";"municipio";"causa_acidente";"tipo_acidente";"classificacao_acidente";"fase_dia";"sentido_via";"condicao_metereologica";"tipo_pista";"tracado_via";"uso_solo";"pessoas";"mortos";"feridos_leves";"feridos_graves";"ilesos";"ignorados";"feridos";"veiculos";"latitude";"longitude";"regional";"delegacia";"uop"
276241;2020-03-18;"quarta-feira";"20:40:00";"PE";104;63;"CARUARU";"Ingestão de Álcool";"Colisão traseira";"Sem Vítimas";"Plena Noite";"Decrescente";"Chuva";"Dupla";"Reta";"Sim";2;0;0;0;2;0;0;2;-8,267406;-35,978625;"SPRF-PE";"DEL02-PE";"UOP01-DEL02-PE"
276242;2020-03-18;"quarta-feira";"19:00:00";"MG";262;800,8;"UBERABA";"Animais na Pista";"Atropelamento de Animal";"Com Vítimas Feridas";"Plena Noite";"Decrescente";"Céu Claro";"Dupla";"Reta";"Sim";3;0;2;1;0;0;3;1;-19,76939114;-47,89697886;"SPRF-MG";"DEL13-MG";"UOP01-DEL13-MG"
276244;2020-03-18;"quarta-feira";"21:30:00";"PB";230;23;"JOAO PESSOA";"Avarias e/ou desgaste excessivo no pneu";"Queda de ocupante de veículo";"Com Vítimas Feridas";"Plena Noite";"Crescente";"Céu Claro";"Dupla";"Aclive";"Sim";2;0;1;0;1;0;1;1;-7,13519755;-34,79318082;"SPRF-PB";"DEL01-PB";"UOP01-DEL01-PB"
276245;2020-03-18;"quarta-feira";"19:30:00";"SC";280;56,1;"GUARAMIRIM";"Falta de Atenção à Condução";"Colisão transversal";"Com Vítimas Feridas";"Plena Noite";"Crescente";"Céu Claro";"Simples";"Interseção de Vias";"Sim";3;0;1;0;2;0;1;2;-26,47947677;-49,00298702;"SPRF-SC";"DEL03-SC";"UOP03-DEL03-SC"
276248;2020-03-18;"quarta-feira";"21:50:00";"PB";104;128,8;"CAMPINA GRANDE";"Desobediência às normas de trânsito pelo condutor";"Colisão transversal";"Com Vítimas Feridas";"Plena Noite";"Decrescente";"Garoa/Chuvisco";"Simples";"Retorno Regulamentado";"Sim";2;0;0;1;1;0;1;2;-7,27903847;-35,8887291;"SPRF-PB";"DEL02-PB";"UOP01-DEL02-PB"
276254;2020-03-18;"quarta-feira";"23:30:00";"BA";110;169;"RIBEIRA DO POMBAL";"Animais na Pista";"Atropelamento de Animal";"Com Vítimas Feridas";"Plena Noite";"Crescente";"Céu Claro";"Simples";"Reta";"Não";2;0;1;1;0;0;2;1;-10,83361802;-38,53206537;"SPRF-BA";"DEL07-BA";"UOP02-DEL07-BA"
276257;2020-03-19;"quinta-feira";"00:05:00";"GO";40;9;"LUZIANIA";"Ingestão de Álcool";"Saída de leito carroçável";"Com Vítimas Feridas";"Plena Noite";"Crescente";"Céu Claro";"Dupla";"Reta";"Sim";6;0;5;0;0;1;5;2;-16,12376416;-47,96282357;"SPRF-DF";"DEL01-DF";"UOP01-DEL01-DF"
276259;2020-03-19;"quinta-feira";"00:30:00";"SE";235;6;"NOSSA SENHORA DO SOCORRO";"Animais na Pista";"Atropelamento de Animal";"Com Vítimas Feridas";"Plena Noite";"Decrescente";"Garoa/Chuvisco";"Dupla";"Declive";"Não";1;0;1;0;0;0;1;1;-10,903851;-37,128677;"SPRF-SE";"DEL01-SE";"UOP01-DEL01-SE"
276262;2020-03-19;"quinta-feira";"00:10:00";"MT";364;401;"CUIABA";"Ingestão de Álcool";"Colisão transversal";"Sem Vítimas";"Plena Noite";"Crescente";"Céu Claro";"Dupla";"Reta";"Sim";5;0;0;0;5;0;0;2;-15,67210033;-55,94649314;"SPRF-MT";"DEL01-MT";"UOP02-DEL01-MT"
276263;2020-03-18;"quarta-feira";"22:50:00";"SP";116;50,1;"LORENA";"Desobediência às normas de trânsito pelo pedestre";"Atropelamento de Pedestre";"Com Vítimas Fatais";"Plena Noite";"Crescente";"Céu Claro";"Dupla";"Reta";"Não";2;1;0;0;1;0;0;2;-22,73674;-45,08545;"SPRF-SP";"DEL08-SP";"UOP01-DEL08-SP"
276295;2020-03-19;"quinta-feira";"00:05:00";"MT";364;192;"RONDONOPOLIS";"Animais na Pista";"Atropelamento de Animal";"Com Vítimas Feridas";"Plena Noite";"Crescente";"Céu Claro";"Simples";"Reta";"Não";3;0;1;1;1;0;2;1;-16,53501253;-54,58265305;"SPRF-MT";"DEL02-MT";"UOP01-DEL02-MT"
276301;2020-03-19;"quinta-feira";"05:55:00";"PB";101;81;"BAYEUX";"Defeito Mecânico no Veículo";"Saída de leito carroçável";"Sem Vítimas";"Pleno dia";"Crescente";"Nublado";"Dupla";"Aclive;Reta";"Sim";1;0;0;0;1;0;0;1;-7,12508575;-34,94513217;"SPRF-PB";"DEL01-PB";"UOP01-DEL01-PB"
276304;2020-03-19;"quinta-feira";"03:50:00";"PI";316;8;"TERESINA";"Ingestão de Álcool";"Saída de leito carroçável";"Sem Vítimas";"Plena Noite";"Crescente";"Garoa/Chuvisco";"Dupla";"Reta";"Sim";1;0;0;0;1;0;0;1;-5,15584638;-42,77173332;"SPRF-PI";"DEL01-PI";"UOP02-DEL01-PI"
276306;2020-03-19;"quinta-feira";"06:40:00";"MG";381;487,5;"BETIM";"Pista Escorregadia";"Tombamento";"Com Vítimas Feridas";"Amanhecer";"Decrescente";"Céu Claro";"Dupla";"Reta";"Sim";1;0;1;0;0;0;1;1;-19,95586853;-44,14609501;"SPRF-MG";"DEL01-MG";"UOP03-DEL01-MG"
276307;2020-03-19;"quinta-feira";"06:50:00";"SC";470;60,5;"BLUMENAU";"Desobediência às normas de trânsito pelo condutor";"Colisão transversal";"Com Vítimas Feridas";"Pleno dia";"Decrescente";"Céu Claro";"Simples";"Reta";"Sim";3;0;2;0;1;0;2;2;-26,88006963;-49,16932317;"SPRF-SC";"DEL04-SC";"UOP01-DEL04-SC"
276308;2020-03-19;"quinta-feira";"06:40:00";"MG";381;264;"TIMOTEO";"Falta de Atenção à Condução";"Colisão transversal";"Com Vítimas Feridas";"Pleno dia";"Crescente";"Céu Claro";"Simples";"Reta";"Sim";2;0;1;0;1;0;1;2;-19,5925937;-42,73869017;"SPRF-MG";"DEL03-MG";"UOP02-DEL03-MG"
276309;2020-03-19;"quinta-feira";"06:30:00";"MG";381;486,9;"BETIM";"Defeito na Via";"Tombamento";"Com Vítimas Feridas";"Pleno dia";"Decrescente";"Céu Claro";"Múltipla";"Reta";"Sim";1;0;1;0;0;0;1;1;-19,95644414;-44,13611598;"SPRF-MG";"DEL01-MG";"UOP03-DEL01-MG"
276310;2020-03-19;"quinta-feira";"05:30:00";"PA";316;120;"SANTA MARIA DO PARA";"Restrição de Visibilidade";"Colisão traseira";"Com Vítimas Feridas";"Amanhecer";"Crescente";"Nevoeiro/Neblina";"Simples";"Reta";"Não";3;0;2;1;0;0;3;1;-1,31293404;-47,43460301;"SPRF-PA";"DEL01-PA";"UOP02-DEL01-PA"
276313;2020-03-19;"quinta-feira";"07:30:00";"PE";423;20,5;"SAO CAITANO";"Ultrapassagem Indevida";"Saída de leito carroçável";"Com Vítimas Feridas";"Pleno dia";"Crescente";"Nublado";"Simples";"Reta";"Não";1;0;0;1;0;0;1;1;-8,33932508;-36,15909991;"SPRF-PE";"DEL02-PE";"UOP03-DEL02-PE"
276315;2020-03-19;"quinta-feira";"07:30:00";"BA";324;517,9;"FEIRA DE SANTANA";"Falta de Atenção à Condução";"Colisão transversal";"Com Vítimas Feridas";"Pleno dia";"Decrescente";"Céu Claro";"Simples";"Reta";"Sim";2;0;1;0;1;0;1;2;-12,25913923;-38,93217802;"SPRF-BA";"DEL02-BA";"UOP01-DEL02-BA"
276316;2020-03-19;"quinta-feira";"06:30:00";"RJ";116;178,2;"NOVA IGUACU";"Desobediência às normas de trânsito pelo condutor";"Colisão lateral";"Com Vítimas Feridas";"Amanhecer";"Decrescente";"Sol";"Dupla";"Reta";"Sim";3;0;0;1;2;0;1;3;-22,77496393;-43,40081465;"SPRF-RJ";"DEL01-RJ";"UOP02-DEL01-RJ"
276318;2020-03-19;"quinta-feira";"06:40:00";"PR";476;126,8;"CURITIBA";"Desobediência às normas de trânsito pelo condutor";"Colisão lateral";"Com Vítimas Feridas";"Pleno dia";"Crescente";"Céu Claro";"Múltipla";"Reta";"Sim";5;0;1;0;4;0;1;5;-25,416758;-49,223446;"SPRF-PR";"DEL01-PR";"UOP07-DEL01-PR"
276319;2020-03-19;"quinta-feira";"06:40:00";"PR";116;5;"QUATRO BARRAS";"Falta de Atenção do Pedestre";"Atropelamento de Pedestre";"Com Vítimas Fatais";"Pleno dia";"Decrescente";"Céu Claro";"Dupla";"Reta";"Sim";2;1;0;0;1;0;0;2;-25,3653;-49,0906;"SPRF-PR";"DEL01-PR";"UOP01-DEL01-PR"
276320;2020-03-19;"quinta-feira";"07:00:00";"PR";153;16,7;"JACAREZINHO";"Velocidade Incompatível";"Saída de leito carroçável";"Com Vítimas Feridas";"Pleno dia";"Decrescente";"Garoa/Chuvisco";"Simples";"Declive;Curva";"Não";1;0;1;0;0;0;1;1;-23,1274917;-49,94481434;"SPRF-PR";"DEL07-PR";"UOP04-DEL07-PR"
276321;2020-03-19;"quinta-feira";"07:10:00";"PR";153;16,7;"JACAREZINHO";"Não guardar distância de segurança";"Engavetamento";"Com Vítimas Feridas";"Amanhecer";"Decrescente";"Chuva";"Simples";"Reta;Declive";"Não";6;0;1;0;5;0;1;3;-23,12423855;-49,94412661;"SPRF-PR";"DEL07-PR";"UOP04-DEL07-PR"
276322;2020-03-19;"quinta-feira";"07:20:00";"DF";40;2,2;"BRASILIA";"Falta de Atenção à Condução";"Colisão transversal";"Com Vítimas Feridas";"Pleno dia";"Decrescente";"Nublado";"Múltipla";"Reta";"Sim";2;0;1;0;1;0;1;2;-15,99435;-47,985947;"SPRF-DF";"DEL01-DF";"UOP01-DEL01-DF"
276323;2020-03-11;"quarta-feira";"07:40:00";"BA";324;626;"SALVADOR";"Não guardar distância de segurança";"Colisão traseira";"Sem Vítimas";"Pleno dia";"Decrescente";"Céu Claro";"Dupla";"Reta";"Sim";2;0;0;0;1;1;0;2;-12,97210745;-38,47618103;"SPRF-BA";"DEL01-BA";"UOP01-DEL01-BA"
276324;2020-03-12;"quinta-feira";"08:50:00";"MS";163;700;"RIO VERDE DE MATO GROSSO";"Falta de Atenção à Condução";"Colisão transversal";"Com Vítimas Feridas";"Pleno dia";"Crescente";"Céu Claro";"Simples";"Declive";"Não";3;0;3;0;0;0;3;2;-18,75701944;-54,82411039;"SPRF-MS";"DEL06-MS";"UOP01-DEL06-MS"
276325;2020-03-19;"quinta-feira";"08:00:00";"RJ";40;123;"DUQUE DE CAXIAS";"Falta de Atenção à Condução";"Colisão com objeto estático";"Com Vítimas Feridas";"Pleno dia";"Crescente";"Céu Claro";"Simples";"Aclive;Curva;Viaduto";"Sim";1;0;1;0;0;0;1;1;-22,79907687;-43,29015739;"SPRF-RJ";"DEL01-RJ";"UOP01-DEL01-RJ"
276326;2020-03-19;"quinta-feira";"08:13:00";"GO";40;6;"VALPARAISO DE GOIAS";"Falta de Atenção à Condução";"Colisão transversal";"Com Vítimas Feridas";"Pleno dia";"Crescente";"Céu Claro";"Dupla";"Reta";"Sim";2;0;1;0;1;0;1;2;-16,100814;-47,977351;"SPRF-DF";"DEL01-DF";"UOP01-DEL01-DF"
276328;2020-03-19;"quinta-feira";"07:10:00";"MG";267;66;"BICAS";"Defeito na Via";"Queda de ocupante de veículo";"Com Vítimas Feridas";"Pleno dia";"Crescente";"Céu Claro";"Simples";"Reta";"Não";1;0;0;1;0;0;1;1;-21,73865707;-43,09799099;"SPRF-MG";"DEL05-MG";"UOP01-DEL05-MG"
276329;2020-03-19;"quinta-feira";"08:15:00";"SC";101;151,3;"ITAPEMA";"Avarias e/ou desgaste excessivo no pneu";"Tombamento";"Com Vítimas Feridas";"Pleno dia";"Decrescente";"Céu Claro";"Dupla";"Reta";"Sim";1;0;1;0;0;0;1;1;-27,126536;-48,609642;"SPRF-SC";"DEL04-SC";"UOP03-DEL04-SC"
276330;2020-03-19;"quinta-feira";"08:00:00";"RS";290;175,3;"BUTIA";"Falta de Atenção à Condução";"Colisão transversal";"Com Vítimas Feridas";"Pleno dia";"Crescente";"Sol";"Simples";"Reta";"Sim";4;0;1;0;3;0;1;2;-30,129343;-51,961823;"SPRF-RS";"DEL02-RS";"UOP02-DEL02-RS"
276336;2020-03-19;"quinta-feira";"01:20:00";"SP";116;528;"BARRA DO TURVO";"Desobediência às normas de trânsito pelo pedestre";"Atropelamento de Pedestre";"Com Vítimas Fatais";"Plena Noite";"Crescente";"Nublado";"Dupla";"Reta";"Não";3;1;0;0;2;0;0;2;-24,93621048;-48,29215184;"SPRF-SP";"DEL05-SP";"UOP02-DEL05-SP"
276337;2020-03-19;"quinta-feira";"08:40:00";"SP";116;269,3;"TABOAO DA SERRA";"Falta de Atenção à Condução";"Tombamento";"Com Vítimas Feridas";"Pleno dia";"Decrescente";"Nublado";"Dupla";"Reta";"Sim";1;0;1;0;0;0;1;1;-23,61593059;-46,78826044;"SPRF-SP";"DEL04-SP";"UOP01-DEL04-SP"
276338;2020-03-19;"quinta-feira";"01:50:00";"RS";471;195;"PANTANO GRANDE";"Ingestão de Álcool";"Saída de leito carroçável";"Sem Vítimas";"Plena Noite";"Decrescente";"Céu Claro";"Simples";"Interseção de Vias";"Não";1;0;0;0;1;0;0;1;-30,23011254;-52,36241698;"SPRF-RS";"DEL02-RS";"UOP02-DEL02-RS"
276339;2020-03-19;"quinta-feira";"09:45:00";"GO";70;8,3;"AGUAS LINDAS DE GOIAS";"Desobediência às normas de trânsito pelo condutor";"Colisão traseira";"Com Vítimas Feridas";"Pleno dia";"Decrescente";"Céu Claro";"Múltipla";"Curva";"Sim";3;0;2;0;1;0;2;2;-15,736136;-48,276684;"SPRF-DF";"DEL03-DF";"UOP02-DEL03-DF"
276340;2020-03-11;"quarta-feira";"08:15:00";"MS";262;226;"RIBAS DO RIO PARDO";"Falta de Atenção à Condução";"Saída de leito carroçável";"Com Vítimas Feridas";"Pleno dia";"Crescente";"Céu Claro";"Simples";"Reta";"Não";2;0;1;0;1;0;1;1;-20,47304535;-53,63404598;"SPRF-MS";"DEL07-MS";"UOP02-DEL07-MS"
276341;2020-03-19;"quinta-feira";"10:35:00";"PR";376;4;"APUCARANA";"Desobediência às normas de trânsito pelo condutor";"Colisão transversal";"Com Vítimas Feridas";"Pleno dia";"Crescente";"Céu Claro";"Dupla";"Reta";"Sim";2;0;1;0;1;0;1;2;-23,555524;-51,444239;"SPRF-PR";"DEL07-PR";"UOP03-DEL07-PR"
276347;2020-03-19;"quinta-feira";"12:00:00";"SC";282;214,2;"PALHOCA";"Defeito Mecânico no Veículo";"Colisão traseira";"Com Vítimas Feridas";"Pleno dia";"Crescente";"Céu Claro";"Múltipla";"Aclive";"Sim";2;0;1;0;1;0;1;2;-27,64652188;-48,67208898;"SPRF-SC";"DEL05-SC";"UOP01-DEL05-SC"
276349;2020-03-07;"sábado";"00:50:00";"GO";158;271,1;"JATAI";"Falta de Atenção à Condução";"Colisão transversal";"Sem Vítimas";"Plena Noite";"Decrescente";"Céu Claro";"Simples";"Reta;Interseção de Vias";"Sim";3;0;0;0;3;0;0;2;-17,873753;-51,730155;"SPRF-GO";"DEL05-GO";"UOP01-DEL05-GO"
276350;2020-03-19;"quinta-feira";"12:15:00";"SC";101;102,9;"BALNEARIO PICARRAS";"Desobediência às normas de trânsito pelo condutor";"Colisão traseira";"Sem Vítimas";"Pleno dia";"Crescente";"Sol";"Dupla";"Curva";"Sim";2;0;0;0;2;0;0;2;-26,77383397;-48,68594062;"SPRF-SC";"DEL03-SC";"UOP02-DEL03-SC"
276351;2020-03-19;"quinta-feira";"11:55:00";"SP";381;60,8;"MAIRIPORA";"Pista Escorregadia";"Atropelamento de Pedestre";"Com Vítimas Feridas";"Pleno dia";"Crescente";"Nublado";"Dupla";"Curva";"Não";2;0;0;1;1;0;1;2;-23,28957673;-46,58729853;"SPRF-SP";"DEL03-SP";"UOP01-DEL03-SP"
276352;2020-03-19;"quinta-feira";"06:35:00";"MA";135;18,7;"SAO LUIS";"Não guardar distância de segurança";"Colisão frontal";"Com Vítimas Feridas";"Pleno dia";"Decrescente";"Céu Claro";"Simples";"Reta";"Não";3;0;2;0;1;0;2;3;-2,56250228;-44,34018396;"SPRF-MA";"DEL01-MA";"UOP01-DEL01-MA"
276357;2020-02-16;"domingo";"13:30:00";"MG";116;430;"ALPERCATA";"Falta de Atenção à Condução";"Tombamento";"Com Vítimas Feridas";"Pleno dia";"Crescente";"Céu Claro";"Simples";"Reta";"Não";1;0;1;0;0;0;1;1;-18,99633534;-41,97898172;"SPRF-MG";"DEL06-MG";"UOP01-DEL06-MG"
276358;2020-03-13;"sexta-feira";"20:30:00";"SC";101;127;"ITAJAI";"Falta de Atenção à Condução";"Colisão lateral";"Com Vítimas Feridas";"Plena Noite";"Crescente";"Céu Claro";"Simples";"Reta";"Não";2;0;0;1;1;0;1;2;-26,9639319;-48,68328024;"SPRF-SC";"DEL04-SC";"UOP04-DEL04-SC"
276361;2020-03-19;"quinta-feira";"10:35:00";"PB";230;142,9;"CAMPINA GRANDE";"Mal Súbito";"Queda de ocupante de veículo";"Com Vítimas Feridas";"Pleno dia";"Crescente";"Céu Claro";"Dupla";"Aclive;Reta";"Não";1;0;1;0;0;0;1;1;-7,2573;-35,8131;"SPRF-PB";"DEL02-PB";"UOP01-DEL02-PB"
276362;2020-03-19;"quinta-feira";"12:30:00";"MT";70;556;"NOSSA SENHORA DO LIVRAMENTO";"Pista Escorregadia";"Capotamento";"Com Vítimas Fatais";"Pleno dia";"Decrescente";"Chuva";"Simples";"Curva";"Não";5;2;0;0;0;3;0;2;-15,68474514;-56,36215991;"SPRF-MT";"DEL01-MT";"UOP01-DEL01-MT"
276363;2020-03-19;"quinta-feira";"12:00:00";"RJ";101;454;"MANGARATIBA";"Desobediência às normas de trânsito pelo condutor";"Colisão frontal";"Com Vítimas Feridas";"Pleno dia";"Decrescente";"Céu Claro";"Simples";"Reta";"Não";3;0;2;1;0;0;3;2;-23,0340287;-44,15061917;"SPRF-RJ";"DEL03-RJ";"UOP03-DEL03-RJ"
276365;2020-03-13;"sexta-feira";"13:00:00";"MS";163;294,7;"DOURADINA";"Condutor Dormindo";"Colisão com objeto estático";"Sem Vítimas";"Pleno dia";"Decrescente";"Sol";"Simples";"Ponte";"Não";3;0;0;0;2;1;0;2;-22,02802164;-54,54695821;"SPRF-MS";"DEL02-MS";"UOP02-DEL02-MS"
276367;2020-03-19;"quinta-feira";"13:00:00";"GO";20;21;"FORMOSA";"Avarias e/ou desgaste excessivo no pneu";"Colisão lateral";"Sem Vítimas";"Pleno dia";"Decrescente";"Chuva";"Simples";"Declive";"Não";2;0;0;0;2;0;0;2;-15,548405;-47,169384;"SPRF-DF";"DEL02-DF";"UOP01-DEL02-DF"
276369;2020-03-07;"sábado";"20:30:00";"PR";116;17;"CURITIBA";"Ingestão de Substâncias Psicoativas";"Colisão traseira";"Sem Vítimas";"Plena Noite";"Crescente";"Céu Claro";"Dupla";"Reta";"Sim";3;0;0;0;3;0;0;2;-25,3889553;-49,18735206;"SPRF-PR";"DEL01-PR";"UOP01-DEL01-PR"
276371;2020-03-19;"quinta-feira";"06:55:00";"GO";364;114,7;"APARECIDA DO RIO DOCE";"Falta de Atenção do Pedestre";"Atropelamento de Pedestre";"Com Vítimas Feridas";"Pleno dia";"Decrescente";"Céu Claro";"Simples";"Reta";"Não";2;0;1;1;0;0;2;2;-18,293572;-51,152147;"SPRF-GO";"DEL05-GO";"UOP01-DEL05-GO"
276372;2020-03-19;"quinta-feira";"14:30:00";"PE";101;70,2;"RECIFE";"Falta de Atenção do Pedestre";"Atropelamento de Pedestre";"Com Vítimas Feridas";"Pleno dia";"Decrescente";"Céu Claro";"Dupla";"Reta";"Sim";2;0;2;0;0;0;2;2;-8,06776119;-34,94265074;"SPRF-PE";"DEL01-PE";"UOP01-DEL01-PE"
276375;2020-03-19;"quinta-feira";"15:20:00";"CE";20;337,7;"CARIDADE";"Pista Escorregadia";"Capotamento";"Com Vítimas Feridas";"Pleno dia";"Decrescente";"Chuva";"Simples";"Curva";"Não";1;0;1;0;0;0;1;1;-4,15564756;-39,13797913;"SPRF-CE";"DEL02-CE";"UOP01-DEL02-CE"
276379;2020-03-19;"quinta-feira";"15:00:00";"MG";40;548,5;"NOVA LIMA";"Velocidade Incompatível";"Tombamento";"Sem Vítimas";"Pleno dia";"Crescente";"Nublado";"Dupla";"Curva";"Não";1;0;0;0;1;0;0;1;-20,03136499;-43,96967792;"SPRF-MG";"DEL01-MG";"UOP02-DEL01-MG"
276382;2020-03-19;"quinta-feira";"15:30:00";"PR";476;135;"CURITIBA";"Falta de Atenção à Condução";"Colisão lateral";"Com Vítimas Feridas";"Pleno dia";"Crescente";"Sol";"Múltipla";"Reta";"Sim";2;0;0;1;1;0;1;2;-25,483786;-49,265808;"SPRF-PR";"DEL01-PR";"UOP03-DEL01-PR"
276383;2020-03-19;"quinta-feira";"16:00:00";"PI";316;305,6;"PICOS";"Falta de Atenção à Condução";"Saída de leito carroçável";"Com Vítimas Feridas";"Pleno dia";"Crescente";"Chuva";"Simples";"Curva";"Não";3;0;3;0;0;0;3;1;-7,06858767;-41,50981752;"SPRF-PI";"DEL04-PI";"UOP01-DEL04-PI"
276385;2020-03-19;"quinta-feira";"16:17:00";"SP";153;56;"SAO JOSE DO RIO PRETO";"Falta de Atenção à Condução";"Saída de leito carroçável";"Com Vítimas Feridas";"Pleno dia";"Crescente";"Céu Claro";"Dupla";"Reta";"Sim";1;0;1;0;0;0;1;1;-20,7615601;-49,34622278;"SPRF-SP";"DEL09-SP";"UOP01-DEL09-SP"
276386;2020-03-19;"quinta-feira";"16:20:00";"DF";70;2;"BRASILIA";"Velocidade Incompatível";"Colisão com objeto estático";"Com Vítimas Feridas";"Pleno dia";"Crescente";"Céu Claro";"Dupla";"Reta";"Sim";2;0;0;1;1;0;1;2;-15,798048;-48,073235;"SPRF-DF";"DEL03-DF";"UOP02-DEL03-DF"
276387;2020-03-19;"quinta-feira";"16:30:00";"PR";277;99,5;"CURITIBA";"Falta de Atenção à Condução";"Saída de leito carroçável";"Com Vítimas Feridas";"Pleno dia";"Crescente";"Céu Claro";"Dupla";"Reta";"Não";1;0;1;0;0;0;1;1;-25,43224271;-49,36652582;"SPRF-PR";"DEL01-PR";"UOP06-DEL01-PR"
276388;2020-02-26;"quarta-feira";"15:40:00";"BA";101;789;"ITABELA";"Ultrapassagem Indevida";"Colisão frontal";"Com Vítimas Feridas";"Pleno dia";"Decrescente";"Céu Claro";"Simples";"Declive;Reta";"Não";7;0;3;3;1;0;6;3;-16,87551871;-39,50958252;"SPRF-BA";"DEL09-BA";"UOP01-DEL09-BA"
276389;2020-03-19;"quinta-feira";"16:40:00";"PE";101;80;"JABOATAO DOS GUARARAPES";"Falta de Atenção à Condução";"Colisão lateral";"Com Vítimas Feridas";"Plena Noite";"Crescente";"Céu Claro";"Dupla";"Reta";"Não";2;0;1;0;1;0;1;2;-8,15112589;-34,9428866;"SPRF-PE";"DEL01-PE";"UOP03-DEL01-PE"
276392;2020-03-19;"quinta-feira";"16:30:00";"RN";226;147,1;"CURRAIS NOVOS";"Ultrapassagem Indevida";"Saída de leito carroçável";"Com Vítimas Feridas";"Pleno dia";"Decrescente";"Nublado";"Simples";"Reta";"Não";4;0;1;0;0;3;1;4;-6,20628;-36,28155;"SPRF-RN";"DEL03-RN";"UOP02-DEL03-RN"
276393;2020-03-19;"quinta-feira";"17:00:00";"ES";262;5,5;"CARIACICA";"Desobediência às normas de trânsito pelo condutor";"Colisão transversal";"Com Vítimas Feridas";"Pleno dia";"Decrescente";"Céu Claro";"Múltipla";"Interseção de Vias";"Sim";2;0;1;0;1;0;1;2;-20,33858198;-40,39214026;"SPRF-ES";"DEL01-ES";"UOP01-DEL01-ES"
276395;2020-03-16;"segunda-feira";"09:55:00";"RR";174;502;"BOA VISTA";"Falta de Atenção à Condução";"Colisão traseira";"Com Vítimas Feridas";"Pleno dia";"Crescente";"Sol";"Dupla";"Reta";"Sim";3;0;2;0;1;0;2;2;2,787376;-60,699524;"SPRF-RR";"DEL01-RR";"UOP01-DEL01-RR"
276398;2020-03-19;"quinta-feira";"17:00:00";"SP";116;7;"QUELUZ";"Falta de Atenção à Condução";"Colisão com objeto estático";"Com Vítimas Feridas";"Pleno dia";"Crescente";"Nublado";"Dupla";"Curva";"Não";1;0;1;0;0;0;1;1;-22,53531603;-44,76219097;"SPRF-SP";"DEL08-SP";"UOP02-DEL08-SP"
276399;2020-03-19;"quinta-feira";"16:55:00";"GO";153;438,6;"ANAPOLIS";"Pista Escorregadia";"Tombamento";"Com Vítimas Feridas";"Pleno dia";"Crescente";"Chuva";"Dupla";"Reta";"Sim";1;0;0;1;0;0;1;1;-16,30635191;-48,92406106;"SPRF-GO";"DEL02-GO";"UOP01-DEL02-GO"
276400;2020-03-19;"quinta-feira";"17:45:00";"PI";343;2,4;"TERESINA";"Não guardar distância de segurança";"Colisão traseira";"Com Vítimas Feridas";"Anoitecer";"Decrescente";"Garoa/Chuvisco";"Dupla";"Reta";"Sim";3;0;1;0;2;0;1;3;-5,089569;-42,802288;"SPRF-PI";"DEL01-PI";"UOP01-DEL01-PI"
276401;2020-03-19;"quinta-feira";"16:40:00";"RJ";40;116;"DUQUE DE CAXIAS";"Defeito Mecânico no Veículo";"Tombamento";"Com Vítimas Feridas";"Pleno dia";"Crescente";"Céu Claro";"Dupla";"Reta";"Sim";2;0;2;0;0;0;2;1;-22,73662299;-43,28858785;"SPRF-RJ";"DEL01-RJ";"UOP01-DEL01-RJ"
276402;2020-03-19;"quinta-feira";"17:35:00";"RS";290;93;"PORTO ALEGRE";"Restrição de Visibilidade";"Colisão lateral";"Com Vítimas Feridas";"Pleno dia";"Decrescente";"Sol";"Dupla";"Reta";"Não";2;0;1;0;1;0;1;2;-29,970839;-51,187725;"SPRF-RS";"DEL01-RS";"UOP01-DEL01-RS"
276403;2020-03-19;"quinta-feira";"16:35:00";"MA";10;246;"IMPERATRIZ";"Desobediência às normas de trânsito pelo condutor";"Colisão transversal";"Com Vítimas Feridas";"Anoitecer";"Decrescente";"Céu Claro";"Simples";"Reta";"Sim";3;0;0;1;2;0;1;3;-5,573772;-47,443893;"SPRF-MA";"DEL04-MA";"UOP01-DEL04-MA"
276404;2020-03-19;"quinta-feira";"18:30:00";"SC";101;42;"JOINVILLE";"Falta de Atenção à Condução";"Tombamento";"Com Vítimas Feridas";"Plena Noite";"Crescente";"Céu Claro";"Dupla";"Reta";"Sim";1;0;1;0;0;0;1;1;-26,29251598;-48,88474385;"SPRF-SC";"DEL03-SC";"UOP01-DEL03-SC"
276405;2020-03-19;"quinta-feira";"17:35:00";"PR";369;186,8;"ARAPONGAS";"Desobediência às normas de trânsito pelo condutor";"Colisão transversal";"Com Vítimas Feridas";"Anoitecer";"Crescente";"Chuva";"Simples";"Reta";"Sim";2;0;1;0;1;0;1;2;-23,427432;-51,423115;"SPRF-PR";"DEL07-PR";"UOP03-DEL07-PR"
276406;2020-03-19;"quinta-feira";"18:00:00";"RS";116;38,7;"VACARIA";"Desobediência às normas de trânsito pelo condutor";"Colisão transversal";"Sem Vítimas";"Pleno dia";"Decrescente";"Céu Claro";"Simples";"Interseção de Vias";"Sim";2;0;0;0;1;1;0;2;-28,51071904;-50,93102932;"SPRF-RS";"DEL05-RS";"UOP03-DEL05-RS"