"id";"data_inversa";"dia_semana";"horario";"uf";"br";"km";"municipio";"causa_acidente";"tipo_acidente";"classificacao_acidente";"fase_dia";"sentido_via";"condicao_metereologica";"tipo_pista";"tracado_via";"uso_solo";"pessoas";"mortos";"feridos_leves";"feridos_graves";"ilesos";"ignorados";"feridos";"veiculos";"latitude";"longitude";"regional";"delegacia";"uop"
276409;2020-03-19;"quinta-feira";"18:50:00";"PR";277;105;"CAMPO LARGO";"Falta de Atenção à Condução";"Saída de leito carroçável";"Com Vítimas Feridas";"Plena Noite";"Crescente";"Céu Claro";"Dupla";"Reta";"Sim";2;0;1;0;1;0;1;1;-25,44341025;-49,46338523;"SPRF-PR";"DEL01-PR";"UOP06-DEL01-PR"
276410;2020-03-19;"quinta-feira";"19:10:00";"SC";101;207,7;"SAO JOSE";"Falta de Atenção à Condução";"Colisão traseira";"Com Vítimas Feridas";"Plena Noite";"Crescente";"Nublado";"Dupla";"Aclive";"Sim";2;0;1;0;1;0;1;2;-27,60001226;-48,6226467;"SPRF-SC";"DEL01-SC";"UOP01-DEL01-SC"
276411;2020-03-19;"quinta-feira";"13:00:00";"MG";262;516;"LUZ";"Ultrapassagem Indevida";"Colisão frontal";"Com Vítimas Feridas";"Pleno dia";"Crescente";"Chuva";"Simples";"Reta";"Não";2;0;1;0;1;0;1;2;-19,78775004;-45,58207899;"SPRF-MG";"DEL08-MG";"UOP03-DEL08-MG"
276412;2020-03-19;"quinta-feira";"18:45:00";"SP";116;229,1;"SAO PAULO";"Avarias e/ou desgaste excessivo no pneu";"Danos eventuais";"Com Vítimas Feridas";"Plena Noite";"Decrescente";"Céu Claro";"Múltipla";"Reta";"Sim";3;0;3;0;0;0;3;2;-23,51146;-46,574615;"SPRF-SP";"DEL01-SP";"UOP01-DEL01-SP"
276415;2020-03-19;"quinta-feira";"17:00:00";"RO";364;705,4;"PORTO VELHO";"Falta de Atenção à Condução";"Saída de leito carroçável";"Com Vítimas Feridas";"Pleno dia";"Crescente";"Céu Claro";"Simples";"Retorno Regulamentado";"Sim";1;0;1;0;0;0;1;1;-8,800473;-63,817647;"SPRF-RO";"DEL01-RO";"UOP01-DEL01-RO"
276416;2020-03-19;"quinta-feira";"16:00:00";"PE";232;19;"JABOATAO DOS GUARARAPES";"Defeito Mecânico no Veículo";"Incêndio";"Sem Vítimas";"Pleno dia";"Decrescente";"Céu Claro";"Dupla";"Curva";"Não";1;0;0;0;1;0;0;1;-8,09822484;-35,06316202;"SPRF-PE";"DEL01-PE";"UOP01-DEL01-PE"
276417;2020-03-19;"quinta-feira";"18:20:00";"RJ";116;178;"NOVA IGUACU";"Não guardar distância de segurança";"Colisão lateral";"Com Vítimas Feridas";"Plena Noite";"Crescente";"Céu Claro";"Múltipla";"Reta";"Sim";3;0;1;0;2;0;1;3;-22,77496393;-43,40081465;"SPRF-RJ";"DEL01-RJ";"UOP02-DEL01-RJ"
276420;2020-03-19;"quinta-feira";"19:20:00";"RN";405;149,3;"PAU DOS FERROS";"Falta de Atenção do Pedestre";"Atropelamento de Pedestre";"Com Vítimas Feridas";"Plena Noite";"Crescente";"Nublado";"Simples";"Reta";"Não";3;0;0;1;1;1;1;3;-6,09699302;-38,2075711;"SPRF-RN";"DEL04-RN";"UOP02-DEL04-RN"
276422;2020-03-19;"quinta-feira";"13:50:00";"MA";0;0;"IMPERATRIZ";"Falta de Atenção à Condução";"Colisão transversal";"Com Vítimas Feridas";"Pleno dia";"Não Informado";"Céu Claro";"Simples";"Interseção de Vias";"Sim";3;0;1;0;1;1;1;3;-5,521674;-47,476413;"SPRF-MA";"DEL04-MA";"UOP01-DEL04-MA"
276423;2020-03-19;"quinta-feira";"18:00:00";"PR";376;415,2;"TIBAGI";"Velocidade Incompatível";"Saída de leito carroçável";"Com Vítimas Feridas";"Plena Noite";"Decrescente";"Chuva";"Simples";"Curva";"Não";1;0;1;0;0;0;1;1;-24,6934324;-50,54303169;"SPRF-PR";"DEL03-PR";"UOP02-DEL03-PR"
276425;2020-03-19;"quinta-feira";"18:20:00";"BA";101;100;"ALAGOINHAS";"Animais na Pista";"Atropelamento de Animal";"Com Vítimas Feridas";"Plena Noite";"Decrescente";"Céu Claro";"Simples";"Reta";"Sim";1;0;1;0;0;0;1;1;-12,14197;-38,39211707;"SPRF-BA";"DEL01-BA";"UOP04-DEL01-BA"
276427;2020-03-19;"quinta-feira";"18:30:00";"ES";262;5,2;"CARIACICA";"Animais na Pista";"Atropelamento de Animal";"Com Vítimas Feridas";"Anoitecer";"Decrescente";"Céu Claro";"Múltipla";"Reta";"Sim";1;0;0;1;0;0;1;1;-20,33707281;-40,38649924;"SPRF-ES";"DEL01-ES";"UOP01-DEL01-ES"
276428;2020-03-19;"quinta-feira";"19:15:00";"MT";163;943;"ITAUBA";"Ultrapassagem Indevida";"Colisão lateral";"Sem Vítimas";"Plena Noite";"Crescente";"Céu Claro";"Simples";"Reta";"Não";5;0;0;0;5;0;0;2;-11,06596082;-55,27605128;"SPRF-MT";"DEL06-MT";"NPF/DEL06-MT"
276429;2020-03-19;"quinta-feira";"20:10:00";"GO";60;34;"ALEXANIA";"Ingestão de Álcool";"Saída de leito carroçável";"Sem Vítimas";"Plena Noite";"Decrescente";"Nublado";"Dupla";"Reta";"Não";1;0;0;0;1;0;0;1;-16,0963;-48,5202;"SPRF-DF";"DEL03-DF";"UOP01-DEL03-DF"
276430;2020-03-19;"quinta-feira";"21:10:00";"SP";381;88,9;"GUARULHOS";"Falta de Atenção à Condução";"Colisão com objeto estático";"Com Vítimas Feridas";"Plena Noite";"Crescente";"Céu Claro";"Dupla";"Reta";"Sim";1;0;1;0;0;0;1;1;-23,47469314;-46,56112919;"SPRF-SP";"DEL03-SP";"UOP01-DEL03-SP"
276431;2020-03-19;"quinta-feira";"19:00:00";"AC";317;284,4;"EPITACIOLANDIA";"Defeito Mecânico no Veículo";"Colisão traseira";"Com Vítimas Feridas";"Plena Noite";"Decrescente";"Nublado";"Simples";"Reta";"Não";2;0;0;1;1;0;1;2;-11,020664;-68,669588;"SPRF-AC";"DEL01-AC";"UOP02-DEL01-AC"
276432;2020-03-19;"quinta-feira";"21:36:00";"GO";60;81,3;"ANAPOLIS";"Animais na Pista";"Saída de leito carroçável";"Com Vítimas Feridas";"Plena Noite";"Crescente";"Nublado";"Dupla";"Curva";"Não";3;0;2;1;0;0;3;1;-16,3116;-48,8277;"SPRF-GO";"DEL02-GO";"UOP01-DEL02-GO"
276435;2020-03-19;"quinta-feira";"20:00:00";"SC";282;115,7;"ALFREDO WAGNER";"Falta de Atenção à Condução";"Colisão traseira";"Com Vítimas Feridas";"Plena Noite";"Decrescente";"Céu Claro";"Simples";"Curva";"Não";4;0;2;0;2;0;2;2;-27,755424;-49,39444;"SPRF-SC";"DEL01-SC";"UOP03-DEL01-SC"
276437;2020-03-19;"quinta-feira";"20:30:00";"PR";376;74,7;"GUAIRACA";"Defeito Mecânico no Veículo";"Incêndio";"Sem Vítimas";"Plena Noite";"Decrescente";"Garoa/Chuvisco";"Simples";"Reta";"Não";1;0;0;0;1;0;0;1;-22,95236778;-52,70561192;"SPRF-PR";"DEL09-PR";"UOP02-DEL09-PR"
276439;2020-03-19;"quinta-feira";"22:25:00";"RN";101;80,9;"SAO GONCALO DO AMARANTE";"Falta de Atenção à Condução";"Colisão traseira";"Com Vítimas Feridas";"Plena Noite";"Decrescente";"Céu Claro";"Dupla";"Reta";"Sim";3;0;2;0;1;0;2;3;-5,76274677;-35,28811991;"SPRF-RN";"DEL02-RN";"UOP01-DEL02-RN"
276440;2020-03-19;"quinta-feira";"22:35:00";"ES";101;0,4;"SERRA";"Desobediência às normas de trânsito pelo condutor";"Colisão transversal";"Com Vítimas Feridas";"Plena Noite";"Crescente";"Céu Claro";"Dupla";"Reta";"Sim";3;0;2;0;1;0;2;2;-20,129093;-40,308125;"SPRF-ES";"DEL02-ES";"UOP01-DEL02-ES"
276441;2020-03-19;"quinta-feira";"22:20:00";"RS";290;16,7;"SANTO ANTONIO DA PATRULHA";"Falta de Atenção à Condução";"Colisão traseira";"Com Vítimas Feridas";"Plena Noite";"Decrescente";"Céu Claro";"Dupla";"Reta";"Não";2;0;2;0;0;0;2;2;-29,87464798;-50,42331626;"SPRF-RS";"DEL03-RS";"UOP01-DEL03-RS"
276444;2020-03-19;"quinta-feira";"22:26:00";"MG";381;442;"SANTA LUZIA";"Velocidade Incompatível";"Saída de leito carroçável";"Com Vítimas Feridas";"Plena Noite";"Decrescente";"Chuva";"Simples";"Curva";"Não";1;0;1;0;0;0;1;1;-19,808939;-43,781933;"SPRF-MG";"DEL01-MG";"UOP01-DEL01-MG"
276445;2020-03-19;"quinta-feira";"22:15:00";"SC";101;138;"BALNEARIO CAMBORIU";"Ingestão de Álcool";"Colisão com objeto estático";"Com Vítimas Feridas";"Plena Noite";"Crescente";"Céu Claro";"Dupla";"Reta";"Sim";1;0;1;0;0;0;1;1;-27,02397426;-48,60761649;"SPRF-SC";"DEL04-SC";"UOP03-DEL04-SC"
276447;2020-03-19;"quinta-feira";"22:20:00";"MG";40;523,8;"CONTAGEM";"Velocidade Incompatível";"Atropelamento de Pedestre";"Com Vítimas Feridas";"Plena Noite";"Decrescente";"Chuva";"Dupla";"Interseção de Vias;Reta";"Sim";2;0;0;1;0;1;1;2;-19,87724935;-44,05200541;"SPRF-MG";"DEL01-MG";"UOP02-DEL01-MG"
276449;2020-03-19;"quinta-feira";"22:00:00";"PB";361;5,8;"PATOS";"Ingestão de álcool e/ou substâncias psicoativas pelo pedestre";"Tombamento";"Com Vítimas Feridas";"Plena Noite";"Crescente";"Céu Claro";"Simples";"Reta";"Sim";3;0;2;0;1;0;2;2;-7,0342983;-37,30232718;"SPRF-PB";"DEL03-PB";"UOP01-DEL03-PB"
276450;2020-03-19;"quinta-feira";"18:10:00";"MA";135;37,1;"BACABEIRA";"Defeito na Via";"Saída de leito carroçável";"Com Vítimas Feridas";"Anoitecer";"Decrescente";"Céu Claro";"Dupla";"Reta";"Não";1;0;1;0;0;0;1;1;-2,867093;-44,37482;"SPRF-MA";"DEL01-MA";"UOP01-DEL01-MA"
276451;2020-03-19;"quinta-feira";"23:30:00";"RS";386;233,9;"SOLEDADE";"Desobediência às normas de trânsito pelo condutor";"Saída de leito carroçável";"Com Vítimas Feridas";"Plena Noite";"Decrescente";"Céu Claro";"Simples";"Reta";"Não";6;0;4;2;0;0;6;1;-28,715521;-52,566353;"SPRF-RS";"DEL04-RS";"UOP03-DEL04-RS"
276452;2020-03-19;"quinta-feira";"22:30:00";"PR";376;595;"CURITIBA";"Falta de Atenção à Condução";"Saída de leito carroçável";"Com Vítimas Feridas";"Plena Noite";"Crescente";"Céu Claro";"Dupla";"Reta";"Não";1;0;1;0;0;0;1;1;-25,49317991;-49,34370776;"SPRF-PR";"DEL01-PR";"UOP06-DEL01-PR"
276454;2020-03-19;"quinta-feira";"19:20:00";"MA";10;321,2;"ACAILANDIA";"Desobediência às normas de trânsito pelo condutor";"Colisão transversal";"Com Vítimas Feridas";"Plena Noite";"Crescente";"Céu Claro";"Simples";"Reta";"Sim";3;0;1;0;2;0;1;2;-4,943377;-47,503078;"SPRF-MA";"DEL04-MA";"UOP03-DEL04-MA"
276455;2020-03-19;"quinta-feira";"21:30:00";"MG";381;483;"BETIM";"Velocidade Incompatível";"Queda de ocupante de veículo";"Com Vítimas Feridas";"Pleno dia";"Crescente";"Céu Claro";"Dupla";"Curva";"Sim";1;0;1;0;0;0;1;1;-19,95594491;-44,10721699;"SPRF-MG";"DEL01-MG";"UOP03-DEL01-MG"
276460;2020-03-19;"quinta-feira";"16:30:00";"MG";381;177,2;"GOVERNADOR VALADARES";"Falta de Atenção à Condução";"Colisão lateral";"Com Vítimas Feridas";"Pleno dia";"Crescente";"Céu Claro";"Simples";"Reta";"Não";2;0;1;0;1;0;1;2;-19,01680009;-42,14146277;"SPRF-MG";"DEL06-MG";"UOP01-DEL06-MG"
276461;2020-03-20;"sexta-feira";"01:00:00";"RN";101;95;"NATAL";"Avarias e/ou desgaste excessivo no pneu";"Queda de ocupante de veículo";"Com Vítimas Feridas";"Plena Noite";"Decrescente";"Céu Claro";"Dupla";"Reta";"Sim";2;0;2;0;0;0;2;1;-5,84076841;-35,21035949;"SPRF-RN";"DEL01-RN";"UOP01-DEL01-RN"
276464;2020-03-20;"sexta-feira";"00:10:00";"PR";153;338,2;"IRATI";"Condutor Dormindo";"Saída de leito carroçável";"Sem Vítimas";"Plena Noite";"Decrescente";"Céu Claro";"Simples";"Reta";"Sim";1;0;0;0;0;1;0;1;-25,51485498;-50,65402607;"SPRF-PR";"DEL03-PR";"UOP03-DEL03-PR"
276465;2020-03-20;"sexta-feira";"00:00:00";"RR";174;505;"BOA VISTA";"Ingestão de álcool e/ou substâncias psicoativas pelo pedestre";"Atropelamento de Pedestre";"Com Vítimas Feridas";"Plena Noite";"Decrescente";"Céu Claro";"Simples";"Declive";"Sim";2;0;0;1;1;0;1;2;2,805917;-60,690617;"SPRF-RR";"DEL01-RR";"UOP01-DEL01-RR"
276466;2020-02-24;"segunda-feira";"09:10:00";"MG";381;442;"SABARA";"Falta de Atenção à Condução";"Colisão frontal";"Com Vítimas Feridas";"Pleno dia";"Decrescente";"Nublado";"Simples";"Reta";"Não";5;0;1;2;2;0;3;2;-19,8183901;-43,81131985;"SPRF-MG";"DEL01-MG";"UOP01-DEL01-MG"
276468;2020-03-20;"sexta-feira";"00:45:00";"GO";452;43;"SANTA HELENA DE GOIAS";"Falta de Atenção à Condução";"Saída de leito carroçável";"Com Vítimas Feridas";"Plena Noite";"Crescente";"Chuva";"Simples";"Reta";"Não";1;0;0;1;0;0;1;1;-17,93788573;-50,53442988;"SPRF-GO";"DEL04-GO";"UOP01-DEL04-GO"
276473;2020-03-20;"sexta-feira";"04:10:00";"SC";470;63,8;"INDAIAL";"Avarias e/ou desgaste excessivo no pneu";"Saída de leito carroçável";"Com Vítimas Feridas";"Plena Noite";"Decrescente";"Céu Claro";"Simples";"Em Obras;Curva";"Sim";1;0;1;0;0;0;1;1;-26,872396;-49,19228;"SPRF-SC";"DEL04-SC";"UOP01-DEL04-SC"
276474;2020-03-20;"sexta-feira";"04:40:00";"SP";381;86;"SAO PAULO";"Falta de Atenção à Condução";"Colisão traseira";"Com Vítimas Feridas";"Amanhecer";"Crescente";"Chuva";"Dupla";"Reta";"Sim";1;0;0;1;0;0;1;1;-23,45930499;-46,57161179;"SPRF-SP";"DEL03-SP";"UOP01-DEL03-SP"
276477;2020-03-20;"sexta-feira";"05:00:00";"GO";158;3;"ARAGARCAS";"Ingestão de Álcool";"Colisão traseira";"Com Vítimas Feridas";"Plena Noite";"Crescente";"Céu Claro";"Simples";"Reta";"Sim";4;0;2;0;2;0;2;2;-15,89779654;-52,22634007;"SPRF-GO";"DEL04-GO";"UOP01-DEL04-GO"
276482;2020-03-19;"quinta-feira";"18:50:00";"MG";381;485;"BETIM";"Falta de Atenção à Condução";"Tombamento";"Com Vítimas Feridas";"Plena Noite";"Decrescente";"Céu Claro";"Dupla";"Reta";"Sim";1;0;0;1;0;0;1;1;-19,95659361;-44,12622893;"SPRF-MG";"DEL01-MG";"UOP03-DEL01-MG"
276484;2020-03-20;"sexta-feira";"05:45:00";"RS";392;59,2;"RIO GRANDE";"Defeito Mecânico no Veículo";"Colisão com objeto estático";"Com Vítimas Feridas";"Amanhecer";"Decrescente";"Nublado";"Dupla";"Ponte";"Não";2;0;1;0;1;0;1;1;-31,79657355;-52,33967185;"SPRF-RS";"DEL07-RS";"UOP02-DEL07-RS"
276486;2020-03-20;"sexta-feira";"06:30:00";"PR";373;262,1;"PRUDENTOPOLIS";"Ingestão de Álcool";"Saída de leito carroçável";"Com Vítimas Feridas";"Amanhecer";"Decrescente";"Céu Claro";"Simples";"Curva";"Sim";1;0;1;0;0;0;1;1;-25,20295204;-50,9463967;"SPRF-PR";"DEL03-PR";"UOP01-DEL03-PR"
276488;2020-03-20;"sexta-feira";"06:50:00";"BA";116;832;"VITORIA DA CONQUISTA";"Desobediência às normas de trânsito pelo condutor";"Colisão transversal";"Com Vítimas Feridas";"Pleno dia";"Decrescente";"Nublado";"Simples";"Reta";"Não";2;0;1;0;1;0;1;2;-14,85593072;-40,84931252;"SPRF-BA";"DEL08-BA";"UOP01-DEL08-BA"
276489;2020-03-20;"sexta-feira";"07:30:00";"PA";230;115;"MARABA";"Falta de Atenção à Condução";"Colisão lateral";"Com Vítimas Feridas";"Pleno dia";"Crescente";"Céu Claro";"Múltipla";"Reta";"Sim";2;0;1;0;1;0;1;2;-5,35742029;-49,08692479;"SPRF-PA";"DEL03-PA";"UOP01-DEL03-PA"
276491;2020-03-20;"sexta-feira";"07:00:00";"RJ";116;164;"RIO DE JANEIRO";"Não guardar distância de segurança";"Colisão lateral";"Com Vítimas Feridas";"Pleno dia";"Decrescente";"Céu Claro";"Múltipla";"Reta";"Sim";3;0;2;0;1;0;2;2;-22,81448879;-43,32785726;"SPRF-RJ";"DEL01-RJ";"UOP02-DEL01-RJ"
276492;2020-03-19;"quinta-feira";"18:00:00";"ES";101;149;"LINHARES";"Desobediência às normas de trânsito pelo pedestre";"Colisão transversal";"Com Vítimas Feridas";"Anoitecer";"Crescente";"Céu Claro";"Simples";"Reta";"Sim";2;0;1;0;0;1;1;2;-19,39619083;-40,06435871;"SPRF-ES";"DEL04-ES";"UOP01-DEL04-ES"
276493;2020-03-20;"sexta-feira";"07:30:00";"PR";277;80;"CURITIBA";"Falta de Atenção à Condução";"Colisão traseira";"Com Vítimas Feridas";"Pleno dia";"Crescente";"Céu Claro";"Dupla";"Reta";"Sim";2;0;1;0;1;0;1;2;-25,568939;-49,181978;"SPRF-PR";"DEL01-PR";"UOP06-DEL01-PR"
276494;2020-02-17;"segunda-feira";"07:50:00";"PR";277;74,4;"SAO JOSE DOS PINHAIS";"Falta de Atenção à Condução";"Colisão lateral";"Com Vítimas Feridas";"Pleno dia";"Crescente";"Nublado";"Dupla";"Aclive;Reta";"Sim";3;0;1;0;2;0;1;3;-25,49736169;-49,16038513;"SPRF-PR";"DEL01-PR";"UOP01-DEL01-PR"
276495;2020-03-20;"sexta-feira";"07:30:00";"SC";101;124;"ITAJAI";"Falta de Atenção à Condução";"Queda de ocupante de veículo";"Com Vítimas Feridas";"Amanhecer";"Crescente";"Céu Claro";"Dupla";"Reta";"Sim";1;0;1;0;0;0;1;1;-26,94335064;-48,69198648;"SPRF-SC";"DEL04-SC";"UOP04-DEL04-SC"
276497;2020-03-20;"sexta-feira";"05:10:00";"AM";230;620;"HUMAITA";"Animais na Pista";"Atropelamento de Animal";"Com Vítimas Feridas";"Amanhecer";"Crescente";"Nublado";"Simples";"Reta";"Não";2;0;0;2;0;0;2;1;-7,57284063;-63,11645508;"SPRF-AM";"DEL01-AM";"UOP05-DEL01-AM"
276498;2020-03-20;"sexta-feira";"07:45:00";"SP";116;67,2;"GUARATINGUETA";"Ingestão de Álcool";"Saída de leito carroçável";"Com Vítimas Feridas";"Pleno dia";"Crescente";"Céu Claro";"Dupla";"Rotatória";"Não";1;0;1;0;0;0;1;1;-22,82867578;-45,2088941;"SPRF-SP";"DEL08-SP";"UOP01-DEL08-SP"
276499;2020-03-20;"sexta-feira";"08:15:00";"GO";60;185;"GUAPO";"Pista Escorregadia";"Capotamento";"Com Vítimas Feridas";"Pleno dia";"Crescente";"Chuva";"Dupla";"Reta";"Não";1;0;1;0;0;0;1;1;-16,7956;-49,51;"SPRF-GO";"DEL01-GO";"UOP02-DEL01-GO"
276500;2020-03-20;"sexta-feira";"08:10:00";"SP";116;218,7;"GUARULHOS";"Falta de Atenção à Condução";"Colisão traseira";"Com Vítimas Feridas";"Pleno dia";"Decrescente";"Nublado";"Múltipla";"Aclive";"Sim";2;0;1;0;1;0;1;2;-23,457972;-46,479927;"SPRF-SP";"DEL01-SP";"UOP01-DEL01-SP"
276505;2020-03-20;"sexta-feira";"07:50:00";"RJ";116;183,4;"NOVA IGUACU";"Animais na Pista";"Colisão traseira";"Sem Vítimas";"Pleno dia";"Crescente";"Céu Claro";"Múltipla";"Reta";"Sim";2;0;0;0;1;1;0;2;-22,7516014;-43,43849831;"SPRF-RJ";"DEL01-RJ";"UOP02-DEL01-RJ"
276507;2020-03-20;"sexta-feira";"05:40:00";"MT";70;691,5;"CACERES";"Objeto estático sobre o leito carroçável";"Colisão com objeto estático";"Com Vítimas Feridas";"Amanhecer";"Decrescente";"Garoa/Chuvisco";"Simples";"Reta";"Não";2;0;1;1;0;0;2;1;-16,18932583;-57,3753452;"SPRF-MT";"DEL03-MT";"UOP01-DEL03-MT"
276508;2020-03-14;"sábado";"18:35:00";"PA";222;245;"MARABA";"Desobediência às normas de trânsito pelo condutor";"Colisão traseira";"Com Vítimas Feridas";"Anoitecer";"Decrescente";"Céu Claro";"Dupla";"Interseção de Vias";"Sim";3;0;1;0;0;2;1;3;-5,355886;-49,079418;"SPRF-PA";"DEL03-PA";"UOP01-DEL03-PA"
276509;2020-03-20;"sexta-feira";"08:20:00";"RJ";116;188,2;"QUEIMADOS";"Defeito Mecânico no Veículo";"Queda de ocupante de veículo";"Com Vítimas Feridas";"Pleno dia";"Crescente";"Céu Claro";"Dupla";"Reta";"Não";2;0;2;0;0;0;2;1;-22,73726976;-43,53729486;"SPRF-RJ";"DEL01-RJ";"UOP02-DEL01-RJ"
276510;2020-03-20;"sexta-feira";"04:30:00";"PI";407;424,2;"PICOS";"Animais na Pista";"Atropelamento de Animal";"Com Vítimas Feridas";"Plena Noite";"Crescente";"Ignorado";"Simples";"Reta";"Sim";1;0;1;0;0;0;1;1;-7,08690699;-41,42819598;"SPRF-PI";"DEL04-PI";"UOP01-DEL04-PI"
276515;2020-03-20;"sexta-feira";"08:15:00";"MG";40;502;"ESMERALDAS";"Avarias e/ou desgaste excessivo no pneu";"Saída de leito carroçável";"Sem Vítimas";"Pleno dia";"Decrescente";"Céu Claro";"Dupla";"Curva";"Não";1;0;0;0;0;1;0;1;-19,714002;-44,160929;"SPRF-MG";"DEL02-MG";"UOP01-DEL02-MG"
276518;2020-03-20;"sexta-feira";"09:30:00";"MG";40;408,6;"CURVELO";"Velocidade Incompatível";"Capotamento";"Com Vítimas Feridas";"Pleno dia";"Crescente";"Céu Claro";"Dupla";"Reta";"Não";1;0;0;1;0;0;1;1;-19,10122005;-44,65198533;"SPRF-MG";"DEL02-MG";"UOP01-DEL02-MG"
276520;2020-03-08;"domingo";"18:52:00";"PE";232;56;"POMBOS";"Falta de Atenção do Pedestre";"Atropelamento de Pedestre";"Com Vítimas Fatais";"Plena Noite";"Decrescente";"Céu Claro";"Dupla";"Reta";"Não";3;1;2;0;0;0;2;2;-8,13762681;-35,37336212;"SPRF-PE";"DEL02-PE";"UOP02-DEL02PE"
276521;2020-03-20;"sexta-feira";"10:10:00";"SE";235;54;"ITABAIANA";"Falta de Atenção à Condução";"Colisão traseira";"Com Vítimas Feridas";"Pleno dia";"Decrescente";"Sol";"Simples";"Reta";"Sim";2;0;1;0;1;0;1;2;-10,676047;-37,443279;"SPRF-SE";"DEL01-SE";"UOP02-DEL01-SE"
276523;2020-03-20;"sexta-feira";"11:00:00";"MG";40;786,7;"JUIZ DE FORA";"Velocidade Incompatível";"Saída de leito carroçável";"Com Vítimas Feridas";"Pleno dia";"Decrescente";"Céu Claro";"Dupla";"Curva";"Não";1;0;1;0;0;0;1;1;-21,72733544;-43,4385309;"SPRF-MG";"DEL05-MG";"UOP01-DEL05-MG"
276524;2020-03-20;"sexta-feira";"11:05:00";"RS";116;222;"DOIS IRMAOS";"Falta de Atenção à Condução";"Colisão transversal";"Com Vítimas Feridas";"Pleno dia";"Crescente";"Sol";"Simples";"Reta";"Sim";2;0;1;0;1;0;1;2;-29,58135089;-51,09580278;"SPRF-RS";"DEL01-RS";"UOP02-DEL01-RS"
276526;2020-03-20;"sexta-feira";"08:30:00";"MT";70;606;"POCONE";"Fenômenos da Natureza";"Saída de leito carroçável";"Com Vítimas Feridas";"Pleno dia";"Crescente";"Chuva";"Simples";"Curva";"Não";2;0;1;0;1;0;1;1;-15,83980696;-56,77920003;"SPRF-MT";"DEL03-MT";"UOP02-DEL03-MT"
276528;2020-03-20;"sexta-feira";"11:32:00";"PB";230;21,5;"JOAO PESSOA";"Velocidade Incompatível";"Colisão traseira";"Com Vítimas Feridas";"Pleno dia";"Decrescente";"Céu Claro";"Dupla";"Em Obras;Curva";"Sim";2;0;1;0;1;0;1;2;-7,1415;-34,8519;"SPRF-PB";"DEL01-PB";"UOP01-DEL01-PB"
276532;2020-03-20;"sexta-feira";"11:10:00";"BA";101;271,7;"SANTO ANTONIO DE JESUS";"Pista Escorregadia";"Colisão frontal";"Com Vítimas Fatais";"Pleno dia";"Crescente";"Chuva";"Simples";"Reta";"Não";2;2;0;0;0;0;0;2;-13,03879;-39,28701;"SPRF-BA";"DEL01-BA";"UOP02-DEL01-BA"
276534;2020-03-20;"sexta-feira";"11:55:00";"RS";285;567;"SAO LUIZ GONZAGA";"Desobediência às normas de trânsito pelo condutor";"Colisão lateral";"Sem Vítimas";"Pleno dia";"Crescente";"Sol";"Simples";"Reta";"Sim";2;0;0;0;2;0;0;2;-28,417452;-54,966869;"SPRF-RS";"DEL12-RS";"UOP01-DEL12-RS"
276535;2020-03-20;"sexta-feira";"11:35:00";"PE";101;174;"JOAQUIM NABUCO";"Defeito Mecânico no Veículo";"Queda de ocupante de veículo";"Com Vítimas Feridas";"Pleno dia";"Crescente";"Céu Claro";"Múltipla";"Curva";"Não";2;0;2;0;0;0;2;1;-8,59769309;-35,52838291;"SPRF-PE";"DEL01-PE";"UOP03-DEL01-PE"
276537;2020-03-20;"sexta-feira";"12:20:00";"MG";381;834,4;"SAO SEBASTIAO DA BELA VISTA";"Defeito Mecânico no Veículo";"Tombamento";"Com Vítimas Feridas";"Pleno dia";"Crescente";"Céu Claro";"Dupla";"Reta";"Não";2;0;2;0;0;0;2;1;-22,16461802;-45,83245298;"SPRF-MG";"DEL16-MG";"UOP01-DEL16-MG"
276538;2020-03-20;"sexta-feira";"12:20:00";"GO";153;699,2;"ITUMBIARA";"Falta de Atenção à Condução";"Colisão lateral";"Com Vítimas Feridas";"Pleno dia";"Crescente";"Céu Claro";"Simples";"Aclive";"Sim";2;0;1;0;1;0;1;2;-18,3862;-49,2076;"SPRF-GO";"DEL03-GO";"UOP02-DEL03-GO"
276539;2020-03-20;"sexta-feira";"12:45:00";"MG";381;632,2;"OLIVEIRA";"Falta de Atenção à Condução";"Capotamento";"Com Vítimas Fatais";"Pleno dia";"Crescente";"Chuva";"Dupla";"Curva;Declive";"Não";2;1;1;0;0;0;1;1;-20,86147692;-44,84048107;"SPRF-MG";"DEL04-MG";"UOP01-DEL04-MG"
276541;2020-03-20;"sexta-feira";"13:10:00";"PR";376;9,5;"MANDAGUARI";"Falta de Atenção à Condução";"Saída de leito carroçável";"Com Vítimas Feridas";"Pleno dia";"Crescente";"Céu Claro";"Dupla";"Aclive;Curva";"Não";1;0;1;0;0;0;1;1;-23,55895192;-51,66492462;"SPRF-PR";"DEL09-PR";"UOP01-DEL09-PR"
276544;2020-03-20;"sexta-feira";"12:25:00";"BA";101;327,1;"PRESIDENTE TANCREDO NEVES";"Falta de Atenção à Condução";"Colisão transversal";"Com Vítimas Feridas";"Pleno dia";"Crescente";"Céu Claro";"Simples";"Interseção de Vias";"Sim";2;0;1;0;1;0;1;2;-13,56689503;-39,47314194;"SPRF-BA";"DEL05-BA";"UOP03-DEL05-BA"