"id";"data_inversa";"dia_semana";"horario";"uf";"br";"km";"municipio";"causa_acidente";"tipo_acidente";"classificacao_acidente";"fase_dia";"sentido_via";"condicao_metereologica";"tipo_pista";"tracado_via";"uso_solo";"pessoas";"mortos";"feridos_leves";"feridos_graves";"ilesos";"ignorados";"feridos";"veiculos";"latitude";"longitude";"regional";"delegacia";"uop"
276653;2020-03-21;"sábado";"02:00:00";"PB";101;78;"SANTA RITA";"Desobediência às normas de trânsito pelo condutor";"Colisão frontal";"Com Vítimas Feridas";"Plena Noite";"Crescente";"Céu Claro";"Dupla";"Reta";"Não";4;0;3;1;0;0;4;2;-7,10808295;-34,96293885;"SPRF-PB";"DEL01-PB";"UOP04-DEL01-PB"
276654;2020-03-20;"sexta-feira";"19:15:00";"MT";174;2,6;"PONTES E LACERDA";"Desobediência às normas de trânsito pelo condutor";"Colisão traseira";"Sem Vítimas";"Plena Noite";"Decrescente";"Garoa/Chuvisco";"Simples";"Reta";"Sim";5;0;0;0;5;0;0;2;-15,24795671;-59,33211871;"SPRF-MT";"DEL03-MT";"UOP01-DEL03-MT"
276659;2020-03-21;"sábado";"02:55:00";"SP";116;442,4;"REGISTRO";"Falta de Atenção à Condução";"Colisão traseira";"Com Vítimas Feridas";"Plena Noite";"Crescente";"Garoa/Chuvisco";"Dupla";"Reta";"Sim";2;0;1;0;1;0;1;2;-24,47609886;-47,8273532;"SPRF-SP";"DEL05-SP";"UOP01-DEL05-SP"
276663;2020-03-21;"sábado";"03:44:00";"PE";408;55;"NAZARE DA MATA";"Condutor Dormindo";"Capotamento";"Com Vítimas Feridas";"Plena Noite";"Crescente";"Ignorado";"Simples";"Reta";"Não";1;0;1;0;0;0;1;1;-7,781061;-35,239631;"SPRF-PE";"DEL01-PE";"UOP01-DEL01-PE"
276666;2020-03-21;"sábado";"06:00:00";"PR";376;620;"SAO JOSE DOS PINHAIS";"Desobediência às normas de trânsito pelo condutor";"Colisão transversal";"Com Vítimas Feridas";"Pleno dia";"Crescente";"Céu Claro";"Múltipla";"Reta";"Não";2;0;1;0;1;0;1;2;-25,60034699;-49,17355691;"SPRF-PR";"DEL01-PR";"UOP01-DEL01-PR"
276668;2020-03-21;"sábado";"04:50:00";"PR";369;177;"ROLANDIA";"Falta de Atenção à Condução";"Colisão transversal";"Com Vítimas Feridas";"Amanhecer";"Crescente";"Céu Claro";"Simples";"Reta";"Sim";2;0;1;0;1;0;1;2;-23,3463;-51,38635;"SPRF-PR";"DEL07-PR";"UOP01-DEL07-PR"
276669;2020-03-21;"sábado";"05:30:00";"RJ";101;291,5;"ITABORAI";"Falta de Atenção à Condução";"Tombamento";"Com Vítimas Fatais";"Amanhecer";"Crescente";"Chuva";"Dupla";"Declive";"Não";1;1;0;0;0;0;0;1;-22,76457445;-42,86989322;"SPRF-RJ";"DEL02-RJ";"UOP03-DEL02-RJ"
276671;2020-03-21;"sábado";"06:15:00";"RJ";101;121;"CAMPOS DOS GOYTACAZES";"Desobediência às normas de trânsito pelo condutor";"Colisão traseira";"Sem Vítimas";"Pleno dia";"Decrescente";"Chuva";"Dupla";"Curva";"Sim";3;0;0;0;3;0;0;3;-22,02621833;-41,69171397;"SPRF-RJ";"DEL08-RJ";"UOP02-DEL08-RJ"
276672;2020-03-20;"sexta-feira";"21:00:00";"MA";10;377,1;"ITINGA DO MARANHAO";"Falta de Atenção do Pedestre";"Atropelamento de Pedestre";"Com Vítimas Feridas";"Plena Noite";"Crescente";"Garoa/Chuvisco";"Simples";"Curva";"Sim";2;0;2;0;0;0;2;2;-4,456727;-47,526314;"SPRF-MA";"DEL04-MA";"UOP03-DEL04-MA"
276673;2020-03-21;"sábado";"01:00:00";"MG";146;596,5;"POCOS DE CALDAS";"Condutor Dormindo";"Saída de leito carroçável";"Sem Vítimas";"Plena Noite";"Crescente";"Céu Claro";"Simples";"Curva";"Não";1;0;0;0;0;1;0;1;-21,75017276;-46,40612125;"SPRF-MG";"DEL09-MG";"UOP01-DEL09-MG"
276674;2020-03-21;"sábado";"06:50:00";"RJ";101;171,2;"MACAE";"Avarias e/ou desgaste excessivo no pneu";"Capotamento";"Com Vítimas Feridas";"Pleno dia";"Crescente";"Chuva";"Simples";"Reta";"Não";2;0;2;0;0;0;2;1;-22,36380992;-41,93502213;"SPRF-RJ";"DEL08-RJ";"UOP04-DEL08-RJ"
276677;2020-03-21;"sábado";"06:30:00";"SP";116;270;"TABOAO DA SERRA";"Desobediência às normas de trânsito pelo pedestre";"Danos eventuais";"Com Vítimas Feridas";"Amanhecer";"Decrescente";"Garoa/Chuvisco";"Múltipla";"Reta";"Sim";2;0;1;0;1;0;1;2;-23,61799728;-46,79677694;"SPRF-SP";"DEL04-SP";"UOP01-DEL04-SP"
276680;2020-03-21;"sábado";"06:40:00";"ES";262;44;"DOMINGOS MARTINS";"Defeito Mecânico no Veículo";"Capotamento";"Com Vítimas Feridas";"Pleno dia";"Crescente";"Chuva";"Simples";"Curva";"Não";5;0;3;0;2;0;3;1;-20,38908904;-40,66911594;"SPRF-ES";"DEL01-ES";"UOP01-DEL01-ES"
276682;2020-03-21;"sábado";"03:10:00";"RO";364;415;"JARU";"Ingestão de Álcool";"Saída de leito carroçável";"Com Vítimas Feridas";"Plena Noite";"Decrescente";"Chuva";"Simples";"Reta";"Não";1;0;1;0;0;0;1;1;-10,50318569;-62,41426582;"SPRF-RO";"DEL03-RO";"UOP02-DEL03-RO"
276685;2020-03-17;"terça-feira";"18:50:00";"PR";277;83;"CURITIBA";"Carga excessiva e/ou mal acondicionada";"Tombamento";"Com Vítimas Feridas";"Plena Noite";"Decrescente";"Nublado";"Dupla";"Reta";"Sim";1;0;1;0;0;0;1;1;-25,44862968;-49,22999382;"SPRF-PR";"DEL01-PR";"UOP06-DEL01-PR"
276686;2020-03-21;"sábado";"09:10:00";"BA";101;852,7;"TEIXEIRA DE FREITAS";"Desobediência às normas de trânsito pelo condutor";"Colisão lateral";"Com Vítimas Feridas";"Pleno dia";"Crescente";"Céu Claro";"Simples";"Interseção de Vias";"Sim";2;0;1;0;1;0;1;2;-17,54359872;-39,71744483;"SPRF-BA";"DEL09-BA";"UOP02-DEL09-BA"
276687;2020-03-21;"sábado";"09:30:00";"PR";277;82;"CURITIBA";"Falta de Atenção à Condução";"Colisão traseira";"Com Vítimas Feridas";"Pleno dia";"Decrescente";"Nublado";"Dupla";"Reta";"Não";3;0;1;0;2;0;1;2;-25,568939;-49,181978;"SPRF-PR";"DEL01-PR";"UOP06-DEL01-PR"
276691;2020-03-21;"sábado";"09:30:00";"PE";423;171,8;"AGUAS BELAS";"Falta de Atenção à Condução";"Colisão transversal";"Com Vítimas Feridas";"Pleno dia";"Decrescente";"Céu Claro";"Simples";"Declive";"Não";2;0;1;0;1;0;1;2;-9,12738994;-37,060194;"SPRF-AL";"DEL03-AL";"UOP02-DEL03-AL"
276693;2020-03-21;"sábado";"10:17:00";"MG";50;43,3;"ARAGUARI";"Falta de Atenção à Condução";"Saída de leito carroçável";"Com Vítimas Feridas";"Pleno dia";"Decrescente";"Nublado";"Dupla";"Aclive;Reta";"Não";1;0;1;0;0;0;1;1;-18,70145151;-48,18750501;"SPRF-MG";"DEL15-MG";"UOP02-DEL15-MG"
276694;2020-03-21;"sábado";"09:50:00";"GO";40;122,5;"CRISTALINA";"Falta de Atenção à Condução";"Saída de leito carroçável";"Com Vítimas Feridas";"Pleno dia";"Crescente";"Nublado";"Dupla";"Reta";"Não";1;0;0;1;0;0;1;1;-16,866506;-47,405999;"SPRF-DF";"DEL01-DF";"UOP02-DEL01-DF"
276695;2020-03-21;"sábado";"10:00:00";"AL";104;93,7;"RIO LARGO";"Falta de Atenção do Pedestre";"Atropelamento de Pedestre";"Com Vítimas Feridas";"Pleno dia";"Crescente";"Céu Claro";"Dupla";"Reta";"Sim";2;0;0;1;1;0;1;2;-9,52891696;-35,79807693;"SPRF-PA";"N/A";"N/A"
276696;2020-03-21;"sábado";"10:00:00";"ES";101;66;"SAO MATEUS";"Desobediência às normas de trânsito pelo condutor";"Colisão transversal";"Com Vítimas Feridas";"Pleno dia";"Crescente";"Sol";"Simples";"Reta";"Sim";2;0;1;0;1;0;1;2;-18,7165195;-39,87436378;"SPRF-ES";"DEL04-ES";"UOP02-DEL04-ES"
276698;2020-03-21;"sábado";"10:30:00";"PR";277;489,5;"NOVA LARANJEIRAS";"Velocidade Incompatível";"Saída de leito carroçável";"Com Vítimas Feridas";"Pleno dia";"Crescente";"Céu Claro";"Simples";"Curva";"Não";1;0;1;0;0;0;1;1;-25,24154725;-52,63060519;"SPRF-PR";"DEL04-PR";"UOP02-DEL04-PR"
276700;2020-03-21;"sábado";"10:45:00";"MS";158;4;"CASSILANDIA";"Falta de Atenção à Condução";"Queda de ocupante de veículo";"Com Vítimas Feridas";"Pleno dia";"Decrescente";"Sol";"Simples";"Reta";"Sim";1;0;1;0;0;0;1;1;-19,12172416;-51,72355512;"SPRF-MS";"DEL08-MS";"UOP01-DEL08-MS"
276702;2020-03-21;"sábado";"12:10:00";"SP";381;90;"SAO PAULO";"Pista Escorregadia";"Queda de ocupante de veículo";"Com Vítimas Feridas";"Pleno dia";"Decrescente";"Céu Claro";"Simples";"Curva";"Sim";1;0;1;0;0;0;1;1;-23,49479479;-46,55959864;"SPRF-SP";"DEL03-SP";"UOP01-DEL03-SP"
276703;2020-03-21;"sábado";"12:15:00";"SP";381;73;"SAO PAULO";"Pista Escorregadia";"Colisão lateral";"Com Vítimas Feridas";"Pleno dia";"Crescente";"Nublado";"Dupla";"Curva";"Não";2;0;2;0;0;0;2;1;-23,36553404;-46,55253934;"SPRF-SP";"DEL03-SP";"UOP01-DEL03-SP"
276704;2020-03-21;"sábado";"12:10:00";"SP";381;10;"VARGEM";"Falta de Atenção à Condução";"Saída de leito carroçável";"Com Vítimas Feridas";"Pleno dia";"Crescente";"Garoa/Chuvisco";"Dupla";"Reta";"Não";1;0;1;0;0;0;1;1;-22,92240388;-46,44345503;"SPRF-SP";"DEL03-SP";"UOP01-DEL03-SP"
276705;2020-03-21;"sábado";"12:30:00";"MG";381;374;"SAO GONCALO DO RIO ABAIXO";"Velocidade Incompatível";"Colisão transversal";"Com Vítimas Feridas";"Pleno dia";"Crescente";"Chuva";"Simples";"Curva";"Não";2;0;0;2;0;0;2;2;-19,84141645;-43,32982083;"SPRF-MG";"DEL01-MG";"UOP01-DEL01-MG"
276706;2020-03-21;"sábado";"12:08:00";"MT";163;838;"SINOP";"Desobediência às normas de trânsito pelo condutor";"Colisão transversal";"Com Vítimas Feridas";"Pleno dia";"Crescente";"Nublado";"Dupla";"Reta";"Sim";1;0;0;1;0;0;1;1;-11,83433842;-55,48824191;"SPRF-MT";"DEL06-MT";"NPF/DEL06-MT"
276707;2020-03-21;"sábado";"09:15:00";"MG";381;316,4;"NOVA ERA";"Velocidade Incompatível";"Colisão frontal";"Com Vítimas Feridas";"Pleno dia";"Crescente";"Chuva";"Simples";"Curva";"Não";4;0;3;1;0;0;4;2;-19,69896406;-42,99486928;"SPRF-MG";"DEL03-MG";"UOP02-DEL03-MG"
276708;2020-03-21;"sábado";"14:15:00";"MG";381;697;"LAVRAS";"Pista Escorregadia";"Saída de leito carroçável";"Com Vítimas Feridas";"Pleno dia";"Crescente";"Céu Claro";"Dupla";"Curva";"Não";3;0;2;0;1;0;2;1;-21,29043096;-45,14791909;"SPRF-MG";"DEL04-MG";"UOP02-DEL04-MG"
276709;2020-03-21;"sábado";"12:45:00";"RJ";40;93;"DUQUE DE CAXIAS";"Pista Escorregadia";"Saída de leito carroçável";"Com Vítimas Feridas";"Pleno dia";"Crescente";"Chuva";"Simples";"Curva";"Não";2;0;2;0;0;0;2;1;-22,5554282;-43,25829998;"SPRF-RJ";"DEL01-RJ";"UOP01-DEL01-RJ"
276710;2020-03-21;"sábado";"14:50:00";"SC";101;196;"BIGUACU";"Falta de Atenção à Condução";"Colisão traseira";"Sem Vítimas";"Pleno dia";"Crescente";"Céu Claro";"Simples";"Reta";"Sim";2;0;0;0;2;0;0;2;-27,51101091;-48,64322292;"SPRF-SC";"DEL01-SC";"UOP01-DEL01-SC"
276713;2020-03-21;"sábado";"10:55:00";"MG";381;809;"CAREACU";"Velocidade Incompatível";"Saída de leito carroçável";"Com Vítimas Feridas";"Pleno dia";"Crescente";"Chuva";"Dupla";"Reta";"Não";2;0;2;0;0;0;2;1;-22,03746482;-45,68395808;"SPRF-MG";"DEL16-MG";"UOP02-DEL16-MG"
276717;2020-03-21;"sábado";"15:30:00";"SP";116;276;"EMBU DAS ARTES";"Mal Súbito";"Colisão com objeto estático";"Com Vítimas Feridas";"Pleno dia";"Decrescente";"Nublado";"Dupla";"Declive";"Não";1;0;1;0;0;0;1;1;-23,61873255;-46,80690765;"SPRF-SP";"DEL04-SP";"UOP01-DEL04-SP"
276718;2020-03-21;"sábado";"15:50:00";"SP";153;73;"SAO JOSE DO RIO PRETO";"Defeito Mecânico no Veículo";"Tombamento";"Com Vítimas Feridas";"Pleno dia";"Crescente";"Céu Claro";"Dupla";"Reta";"Sim";2;0;2;0;0;0;2;1;-20,87627206;-49,42004692;"SPRF-SP";"DEL09-SP";"UOP01-DEL09-SP"
276719;2020-03-21;"sábado";"15:40:00";"PB";230;20;"JOAO PESSOA";"Desobediência às normas de trânsito pelo condutor";"Colisão transversal";"Com Vítimas Feridas";"Pleno dia";"Decrescente";"Sol";"Dupla";"Curva";"Sim";2;0;1;0;1;0;1;2;-7,1337;-34,8544;"SPRF-PB";"DEL01-PB";"UOP01-DEL01-PB"
276720;2020-03-02;"segunda-feira";"14:00:00";"RS";470;226,3;"GARIBALDI";"Falta de Atenção à Condução";"Colisão traseira";"Com Vítimas Feridas";"Pleno dia";"Decrescente";"Céu Claro";"Dupla";"Reta";"Não";2;0;1;0;1;0;1;2;-29,25081111;-51,51376069;"SPRF-RS";"DEL06-RS";"UOP01-DEL06-RS"
276721;2020-03-21;"sábado";"15:40:00";"GO";40;30;"LUZIANIA";"Velocidade Incompatível";"Capotamento";"Com Vítimas Fatais";"Pleno dia";"Crescente";"Céu Claro";"Dupla";"Curva";"Não";2;1;1;0;0;0;1;1;-16,277312;-47,86291;"SPRF-DF";"DEL01-DF";"UOP01-DEL01-DF"
276722;2020-03-21;"sábado";"15:30:00";"BA";116;426,7;"FEIRA DE SANTANA";"Falta de Atenção à Condução";"Colisão lateral";"Com Vítimas Feridas";"Pleno dia";"Crescente";"Sol";"Simples";"Reta";"Não";2;0;1;0;1;0;1;2;-12,25531771;-38,98916423;"SPRF-BA";"DEL02-BA";"UOP01-DEL02-BA"
276724;2020-03-21;"sábado";"15:30:00";"PR";369;133,2;"IBIPORA";"Velocidade Incompatível";"Saída de leito carroçável";"Com Vítimas Feridas";"Pleno dia";"Crescente";"Céu Claro";"Dupla";"Curva";"Não";2;0;2;0;0;0;2;1;-23,2620541;-50,99365;"SPRF-PR";"DEL07-PR";"UOP01-DEL07-PR"
276725;2020-03-21;"sábado";"13:45:00";"PR";369;144,6;"LONDRINA";"Desobediência às normas de trânsito pelo condutor";"Colisão transversal";"Com Vítimas Feridas";"Pleno dia";"Crescente";"Céu Claro";"Dupla";"Aclive;Reta;Retorno Regulamentado";"Não";2;0;1;0;1;0;1;2;-23,293373;-51,107733;"SPRF-PR";"DEL07-PR";"UOP01-DEL07-PR"
276726;2020-03-21;"sábado";"13:00:00";"PI";343;225;"COCAL DE TELHA";"Falta de Atenção à Condução";"Saída de leito carroçável";"Sem Vítimas";"Pleno dia";"Crescente";"Nublado";"Dupla";"Reta";"Sim";1;0;0;0;0;1;0;1;-4,556586;-41,972683;"SPRF-PI";"DEL01-PI";"UOP03-DEL01-PI"
276728;2020-03-21;"sábado";"16:15:00";"BA";101;828,9;"ITAMARAJU";"Desobediência às normas de trânsito pelo condutor";"Colisão frontal";"Com Vítimas Fatais";"Pleno dia";"Crescente";"Nublado";"Simples";"Curva";"Não";3;1;1;0;1;0;1;2;-17,16072748;-39,57226843;"SPRF-BA";"DEL09-BA";"UOP01-DEL09-BA"
276729;2020-03-21;"sábado";"16:20:00";"ES";101;269,5;"SERRA";"Desobediência às normas de trânsito pelo condutor";"Colisão frontal";"Com Vítimas Feridas";"Pleno dia";"Decrescente";"Nublado";"Múltipla";"Interseção de Vias";"Sim";2;0;0;1;1;0;1;2;-20,21740496;-40,26990578;"SPRF-ES";"DEL02-ES";"UOP01-DEL02-ES"
276731;2020-03-21;"sábado";"16:40:00";"SP";153;18,5;"NOVA GRANADA";"Falta de Atenção à Condução";"Colisão transversal";"Com Vítimas Feridas";"Pleno dia";"Crescente";"Nublado";"Simples";"Reta";"Não";3;0;0;1;2;0;1;2;-20,44382107;-49,28091485;"SPRF-SP";"DEL09-SP";"UOP01-DEL09-SP"
276735;2020-03-21;"sábado";"17:15:00";"MG";365;630,7;"UBERLANDIA";"Pista Escorregadia";"Saída de leito carroçável";"Com Vítimas Feridas";"Pleno dia";"Crescente";"Céu Claro";"Dupla";"Declive";"Sim";1;0;1;0;0;0;1;1;-18,89921529;-48,37166404;"SPRF-MG";"DEL15-MG";"UOP01-DEL15-MG"
276736;2020-03-21;"sábado";"16:30:00";"ES";482;101;"GUACUI";"Falta de Atenção à Condução";"Tombamento";"Com Vítimas Feridas";"Anoitecer";"Crescente";"Céu Claro";"Simples";"Reta";"Não";1;0;1;0;0;0;1;1;-20,77421291;-41,63751697;"SPRF-ES";"DEL03-ES";"UOP02-DEL03-ES"
276737;2020-03-21;"sábado";"15:30:00";"PR";376;362;"ORTIGUEIRA";"Ingestão de Álcool";"Saída de leito carroçável";"Com Vítimas Feridas";"Pleno dia";"Crescente";"Céu Claro";"Simples";"Curva";"Não";2;0;2;0;0;0;2;1;-24,283151;-50,879385;"SPRF-PR";"DEL03-PR";"UOP02-DEL03-PR"
276738;2020-03-21;"sábado";"16:30:00";"PI";343;306,1;"ALTOS";"Desobediência às normas de trânsito pelo condutor";"Colisão transversal";"Com Vítimas Feridas";"Pleno dia";"Crescente";"Garoa/Chuvisco";"Simples";"Reta";"Sim";3;0;1;0;2;0;1;3;-5,038756;-42,450893;"SPRF-PI";"DEL01-PI";"UOP01-DEL01-PI"
276739;2020-03-21;"sábado";"17:30:00";"RS";470;218,6;"BENTO GONCALVES";"Falta de Atenção à Condução";"Tombamento";"Com Vítimas Feridas";"Pleno dia";"Crescente";"Céu Claro";"Simples";"Curva;Declive";"Não";1;0;0;1;0;0;1;1;-29,18462765;-51,52135318;"SPRF-RS";"DEL06-RS";"UOP01-DEL06-RS"
276740;2020-03-21;"sábado";"12:20:00";"RJ";116;307;"RESENDE";"Fenômenos da Natureza";"Colisão com objeto estático";"Com Vítimas Feridas";"Pleno dia";"Decrescente";"Chuva";"Dupla";"Reta";"Não";2;0;1;1;0;0;2;1;-22,45713262;-44,41063703;"SPRF-RJ";"DEL07-RJ";"UOP02-DEL07-RJ"
276742;2020-03-21;"sábado";"18:07:00";"PB";230;68,6;"SOBRADO";"Falta de Atenção à Condução";"Colisão traseira";"Com Vítimas Feridas";"Plena Noite";"Decrescente";"Céu Claro";"Dupla";"Reta";"Não";2;0;0;1;0;1;1;2;-7,1873;-35,2065;"SPRF-PB";"DEL01-PB";"UOP03-DEL01-PB"
276743;2020-03-14;"sábado";"02:20:00";"RJ";493;50;"DUQUE DE CAXIAS";"Animais na Pista";"Atropelamento de Animal";"Com Vítimas Feridas";"Plena Noite";"Crescente";"Céu Claro";"Dupla";"Reta";"Não";1;0;1;0;0;0;1;1;-22,6689381;-43,31044804;"SPRF-RJ";"DEL01-RJ";"UOP01-DEL01-RJ"
276745;2020-03-21;"sábado";"18:00:00";"BA";235;349,9;"JUAZEIRO";"Ingestão de Álcool";"Colisão lateral";"Com Vítimas Feridas";"Plena Noite";"Crescente";"Nublado";"Simples";"Rotatória";"Sim";3;0;2;0;1;0;2;2;-9,44767641;-40,48781633;"SPRF-PE";"DEL06-PE";"UOP01-DEL06-PE"
276746;2020-03-21;"sábado";"18:30:00";"GO";60;110,7;"GOIANAPOLIS";"Falta de Atenção à Condução";"Saída de leito carroçável";"Com Vítimas Feridas";"Anoitecer";"Crescente";"Chuva";"Dupla";"Reta";"Não";1;0;1;0;0;0;1;1;-16,45;-49,0316;"SPRF-GO";"DEL01-GO";"UOP01-DEL01-GO"
276749;2020-03-21;"sábado";"17:30:00";"RR";174;505;"BOA VISTA";"Ingestão de Álcool";"Colisão traseira";"Sem Vítimas";"Anoitecer";"Decrescente";"Céu Claro";"Dupla";"Reta";"Sim";2;0;0;0;2;0;0;2;2,805917;-60,690617;"SPRF-RR";"DEL01-RR";"UOP01-DEL01-RR"
276752;2020-03-21;"sábado";"19:25:00";"PE";101;73;"RECIFE";"Desobediência às normas de trânsito pelo condutor";"Colisão transversal";"Com Vítimas Feridas";"Plena Noite";"Decrescente";"Céu Claro";"Simples";"Aclive;Curva";"Sim";2;0;1;0;1;0;1;2;-8,093963;-34,947806;"SPRF-PE";"DEL01-PE";"UOP01-DEL01-PE"
276755;2020-03-21;"sábado";"13:00:00";"BA";420;10;"SAO SEBASTIAO DO PASSE";"Defeito Mecânico no Veículo";"Incêndio";"Sem Vítimas";"Pleno dia";"Crescente";"Sol";"Simples";"Reta";"Não";1;0;0;0;1;0;0;1;-12,40814183;-38,39597303;"SPRF-BA";"DEL01-BA";"UOP01-DEL01-BA"
276756;2020-03-21;"sábado";"20:00:00";"MG";262;401;"PARA DE MINAS";"Desobediência às normas de trânsito pelo condutor";"Colisão frontal";"Com Vítimas Feridas";"Plena Noite";"Crescente";"Nublado";"Dupla";"Curva";"Sim";5;0;0;1;4;0;1;2;-19,90018759;-44,55287088;"SPRF-MG";"DEL08-MG";"UOP03-DEL08-MG"
276757;2020-03-21;"sábado";"19:40:00";"SE";235;56;"ITABAIANA";"Falta de Atenção à Condução";"Queda de ocupante de veículo";"Com Vítimas Feridas";"Plena Noite";"Crescente";"Céu Claro";"Simples";"Reta";"Não";2;0;2;0;0;0;2;1;-10,658644;-37,448425;"SPRF-SE";"DEL01-SE";"UOP02-DEL01-SE"
276758;2020-03-21;"sábado";"19:40:00";"RS";116;155;"CAXIAS DO SUL";"Falta de Atenção à Condução";"Colisão com objeto estático";"Sem Vítimas";"Plena Noite";"Crescente";"Céu Claro";"Dupla";"Reta";"Não";1;0;0;0;1;0;0;1;-29,19873129;-51,17629631;"SPRF-RS";"DEL05-RS";"UOP01-DEL05-RS"
276759;2020-03-21;"sábado";"20:00:00";"MG";365;162,2;"PIRAPORA";"Velocidade Incompatível";"Colisão transversal";"Com Vítimas Feridas";"Plena Noite";"Decrescente";"Nublado";"Simples";"Reta";"Sim";2;0;0;1;1;0;1;2;-17,366379;-44,93767;"SPRF-MG";"DEL12-MG";"UOP01-DEL12-MG"
276761;2020-03-21;"sábado";"20:30:00";"SC";101;84,8;"BARRA VELHA";"Velocidade Incompatível";"Colisão com objeto estático";"Com Vítimas Feridas";"Plena Noite";"Decrescente";"Céu Claro";"Simples";"Reta;Aclive";"Sim";1;0;1;0;0;0;1;1;-26,62404682;-48,71394986;"SPRF-SC";"DEL03-SC";"UOP02-DEL03-SC"
276762;2020-03-21;"sábado";"20:45:00";"PR";116;113,4;"CURITIBA";"Ingestão de Álcool";"Saída de leito carroçável";"Com Vítimas Fatais";"Plena Noite";"Decrescente";"Nublado";"Dupla";"Reta";"Sim";2;1;0;0;1;0;0;2;-25,5499;-49,282793;"SPRF-PR";"DEL01-PR";"UOP06-DEL01-PR"
276763;2020-03-21;"sábado";"15:25:00";"MT";70;713,4;"CACERES";"Pista Escorregadia";"Saída de leito carroçável";"Sem Vítimas";"Pleno dia";"Crescente";"Chuva";"Simples";"Curva";"Não";1;0;0;0;1;0;0;1;-16,19497605;-57,58835793;"SPRF-MT";"DEL03-MT";"UOP01-DEL03-MT"
276764;2020-03-21;"sábado";"18:40:00";"PI";316;47,1;"LAGOA DO PIAUI";"Animais na Pista";"Atropelamento de Animal";"Com Vítimas Feridas";"Plena Noite";"Crescente";"Chuva";"Simples";"Reta";"Não";1;0;0;1;0;0;1;1;-5,46605702;-42,63591977;"SPRF-PI";"DEL01-PI";"UOP02-DEL01-PI"
276765;2020-03-21;"sábado";"20:48:00";"CE";222;2,9;"FORTALEZA";"Desobediência às normas de trânsito pelo condutor";"Colisão transversal";"Com Vítimas Feridas";"Plena Noite";"Crescente";"Céu Claro";"Múltipla";"Interseção de Vias";"Sim";4;0;0;3;0;1;3;3;-3,74008478;-38,59465957;"SPRF-CE";"DEL01-CE";"UOP01-DEL01-CE"
276766;2020-03-21;"sábado";"19:50:00";"MS";163;261,9;"DOURADOS";"Falta de Atenção à Condução";"Saída de leito carroçável";"Sem Vítimas";"Plena Noite";"Crescente";"Céu Claro";"Dupla";"Reta";"Sim";1;0;0;0;0;1;0;1;-22,23864271;-54,76552912;"SPRF-MS";"DEL04-MS";"UOP01-DEL04-MS"
276767;2020-03-21;"sábado";"20:07:00";"PR";277;530,9;"GUARANIACU";"Ingestão de Álcool";"Atropelamento de Pedestre";"Com Vítimas Feridas";"Plena Noite";"Crescente";"Céu Claro";"Simples";"Reta";"Não";3;0;0;1;1;1;1;2;-25,096625;-52,966455;"SPRF-PR";"DEL04-PR";"UOP04-DEL04-PR"
276768;2020-03-21;"sábado";"20:00:00";"DF";60;2;"BRASILIA";"Ingestão de Álcool";"Saída de leito carroçável";"Com Vítimas Feridas";"Plena Noite";"Crescente";"Céu Claro";"Simples";"Reta";"Não";5;0;3;1;0;1;4;1;-15,887383;-48,077988;"SPRF-DF";"DEL03-DF";"UOP01-DEL03-DF"
276769;2020-03-21;"sábado";"19:00:00";"BA";242;218;"ITABERABA";"Desobediência às normas de trânsito pelo condutor";"Colisão traseira";"Com Vítimas Feridas";"Plena Noite";"Crescente";"Garoa/Chuvisco";"Simples";"Reta";"Não";3;0;1;1;1;0;2;2;-12,52106174;-40,214759;"SPRF-BA";"DEL06-BA";"UOP02-DEL06-BA"
276770;2020-03-21;"sábado";"21:00:00";"PR";476;145;"CURITIBA";"Desobediência às normas de trânsito pelo pedestre";"Atropelamento de Pedestre";"Com Vítimas Feridas";"Plena Noite";"Crescente";"Céu Claro";"Dupla";"Reta";"Não";2;0;2;0;0;0;2;2;-25,547749;-49,32095;"SPRF-PR";"DEL01-PR";"UOP06-DEL01-PR"
276771;2020-03-21;"sábado";"18:30:00";"BA";407;195;"PONTO NOVO";"Desobediência às normas de trânsito pelo condutor";"Colisão frontal";"Sem Vítimas";"Plena Noite";"Decrescente";"Céu Claro";"Simples";"Reta";"Sim";2;0;0;0;2;0;0;2;-11,061974;-40,08611;"SPRF-BA";"DEL04-BA";"UOP02-DEL04-BA"
276772;2020-03-21;"sábado";"21:00:00";"PI";316;1;"TERESINA";"Animais na Pista";"Atropelamento de Animal";"Com Vítimas Fatais";"Plena Noite";"Decrescente";"Nublado";"Simples";"Reta";"Sim";1;1;0;0;0;0;0;1;-5,12861853;-42,80706778;"SPRF-PI";"DEL01-PI";"UOP02-DEL01-PI"
276773;2020-03-21;"sábado";"21:40:00";"SC";470;54,4;"BLUMENAU";"Desobediência às normas de trânsito pelo condutor";"Colisão transversal";"Com Vítimas Feridas";"Plena Noite";"Crescente";"Céu Claro";"Simples";"Interseção de Vias";"Sim";3;0;2;0;1;0;2;2;-26,8732628;-49,11420822;"SPRF-SC";"DEL04-SC";"UOP01-DEL04-SC"
276776;2020-03-21;"sábado";"22:10:00";"PR";476;278,5;"SAO MATEUS DO SUL";"Ingestão de Álcool";"Colisão transversal";"Com Vítimas Feridas";"Plena Noite";"Crescente";"Nublado";"Simples";"Reta";"Sim";2;0;1;0;1;0;1;2;-25,868753;-50,396477;"SPRF-PR";"DEL02-PR";"UOP04-DEL02-PR"