"id";"data_inversa";"dia_semana";"horario";"uf";"br";"km";"municipio";"causa_acidente";"tipo_acidente";"classificacao_acidente";"fase_dia";"sentido_via";"condicao_metereologica";"tipo_pista";"tracado_via";"uso_solo";"pessoas";"mortos";"feridos_leves";"feridos_graves";"ilesos";"ignorados";"feridos";"veiculos";"latitude";"longitude";"regional";"delegacia";"uop"
276778;2020-03-21;"sábado";"22:30:00";"GO";70;9,8;"AGUAS LINDAS DE GOIAS";"Ingestão de Álcool";"Colisão transversal";"Sem Vítimas";"Plena Noite";"Decrescente";"Chuva";"Dupla";"Reta;Retorno Regulamentado";"Sim";2;0;0;0;2;0;0;2;-15,73576731;-48,28288046;"SPRF-DF";"DEL03-DF";"UOP02-DEL03-DF"
276779;2020-03-21;"sábado";"21:30:00";"MG";356;265,8;"MURIAE";"Falta de Atenção à Condução";"Colisão transversal";"Com Vítimas Feridas";"Plena Noite";"Decrescente";"Chuva";"Simples";"Interseção de Vias;Reta";"Sim";3;0;0;1;0;2;1;3;-21,12724445;-42,36911958;"SPRF-MG";"DEL07-MG";"UOP02-DEL07-MG"
276780;2020-03-21;"sábado";"22:30:00";"SP";116;212;"GUARULHOS";"Falta de Atenção à Condução";"Colisão com objeto estático";"Com Vítimas Feridas";"Plena Noite";"Crescente";"Nublado";"Múltipla";"Reta";"Não";1;0;1;0;0;0;1;1;-23,43608315;-46,42805094;"SPRF-SP";"DEL01-SP";"UOP01-DEL01-SP"
276781;2020-03-21;"sábado";"22:30:00";"PE";428;186,9;"PETROLINA";"Ingestão de Álcool";"Colisão transversal";"Com Vítimas Feridas";"Plena Noite";"Decrescente";"Céu Claro";"Simples";"Reta";"Sim";3;0;0;1;0;2;1;3;-9,34807826;-40,47441248;"SPRF-PE";"DEL06-PE";"UOP01-DEL06-PE"
276782;2020-03-21;"sábado";"22:00:00";"MG";381;533,4;"ITATIAIUCU";"Velocidade Incompatível";"Saída de leito carroçável";"Com Vítimas Feridas";"Plena Noite";"Crescente";"Chuva";"Dupla";"Curva;Aclive";"Não";3;0;1;2;0;0;3;1;-20,17396321;-44,37584996;"SPRF-MG";"DEL04-MG";"UOP03-DEL04-MG"
276786;2020-03-21;"sábado";"22:40:00";"SP";116;138,9;"SAO JOSE DOS CAMPOS";"Desobediência às normas de trânsito pelo condutor";"Colisão transversal";"Com Vítimas Feridas";"Plena Noite";"Decrescente";"Nublado";"Dupla";"Reta";"Não";4;0;1;1;1;1;2;3;-23,1572739;-45,79554605;"SPRF-SP";"DEL06-SP";"UOP01-DEL06-SP"
276788;2020-03-21;"sábado";"23:35:00";"MG";381;478;"CONTAGEM";"Falta de Atenção à Condução";"Colisão lateral";"Sem Vítimas";"Plena Noite";"Decrescente";"Céu Claro";"Múltipla";"Curva;Declive";"Sim";2;0;0;0;2;0;0;2;-19,95826094;-44,05921101;"SPRF-MG";"DEL01-MG";"UOP03-DEL01-MG"
276789;2020-03-21;"sábado";"21:50:00";"MS";163;77;"ITAQUIRAI";"Desobediência às normas de trânsito pelo condutor";"Colisão transversal";"Com Vítimas Feridas";"Plena Noite";"Crescente";"Céu Claro";"Dupla";"Reta";"Sim";2;0;0;1;1;0;1;2;-23,47912009;-54,18697357;"SPRF-MS";"DEL09-MS";"UOP01-DEL09-MS"
276790;2020-03-21;"sábado";"22:00:00";"MG";40;506,1;"RIBEIRAO DAS NEVES";"Velocidade Incompatível";"Saída de leito carroçável";"Com Vítimas Feridas";"Plena Noite";"Decrescente";"Nublado";"Dupla";"Retorno Regulamentado";"Sim";1;0;1;0;0;0;1;1;-19,74716686;-44,14731173;"SPRF-MG";"DEL02-MG";"UOP01-DEL02-MG"
276791;2020-03-21;"sábado";"23:50:00";"ES";482;99;"GUACUI";"Falta de Atenção à Condução";"Tombamento";"Com Vítimas Fatais";"Plena Noite";"Crescente";"Céu Claro";"Simples";"Curva";"Não";1;1;0;0;0;0;0;1;-20,77170847;-41,62619407;"SPRF-ES";"DEL03-ES";"UOP02-DEL03-ES"
276792;2020-03-22;"domingo";"00:05:00";"PA";316;108;"SANTA MARIA DO PARA";"Falta de Atenção à Condução";"Saída de leito carroçável";"Com Vítimas Feridas";"Plena Noite";"Decrescente";"Nublado";"Simples";"Reta";"Não";1;0;1;0;0;0;1;1;-1,33327682;-47,53499814;"SPRF-PA";"DEL01-PA";"UOP02-DEL01-PA"
276793;2020-03-22;"domingo";"02:00:00";"RN";101;94;"NATAL";"Falta de Atenção à Condução";"Colisão com objeto estático";"Sem Vítimas";"Plena Noite";"Crescente";"Céu Claro";"Múltipla";"Reta";"Sim";1;0;0;0;0;1;0;1;-5,83176615;-35,21191342;"SPRF-RN";"DEL01-RN";"UOP01-DEL01-RN"
276795;2020-03-21;"sábado";"22:40:00";"PR";116;158;"QUITANDINHA";"Falta de Atenção à Condução";"Queda de ocupante de veículo";"Com Vítimas Feridas";"Plena Noite";"Decrescente";"Nublado";"Simples";"Reta";"Não";1;0;1;0;0;0;1;1;-25,86774621;-49,37339398;"SPRF-PR";"DEL01-PR";"UOP03-DEL01-PR"
276796;2020-03-22;"domingo";"03:19:00";"GO";60;34,2;"GOIANIA";"Ingestão de Álcool";"Colisão frontal";"Com Vítimas Feridas";"Plena Noite";"Crescente";"Céu Claro";"Dupla";"Reta";"Sim";2;0;1;0;1;0;1;2;-16,6777;-49,2676;"SPRF-GO";"DEL01-GO";"UOP02-DEL01-GO"
276797;2020-03-21;"sábado";"16:25:00";"BA";415;49;"ITABUNA";"Falta de Atenção à Condução";"Queda de ocupante de veículo";"Com Vítimas Feridas";"Pleno dia";"Crescente";"Céu Claro";"Simples";"Reta";"Sim";1;0;1;0;0;0;1;1;-14,81574494;-39,29612388;"SPRF-BA";"DEL05-BA";"UOP01-DEL05-BA"
276798;2020-03-21;"sábado";"19:35:00";"BA";101;760;"ITABELA";"Ingestão de Álcool";"Queda de ocupante de veículo";"Com Vítimas Feridas";"Plena Noite";"Crescente";"Céu Claro";"Simples";"Reta";"Não";1;0;1;0;0;0;1;1;-16,83633493;-39,48731411;"SPRF-BA";"DEL09-BA";"UOP01-DEL09-BA"
276799;2020-01-22;"quarta-feira";"19:30:00";"BA";116;272;"TUCANO";"Falta de Atenção à Condução";"Atropelamento de Pedestre";"Com Vítimas Fatais";"Plena Noite";"Decrescente";"Ignorado";"Simples";"Reta";"Sim";3;1;0;2;0;0;2;2;-10,96129397;-38,79157572;"SPRF-BA";"DEL07-BA";"UOP02-DEL07-BA"
276800;2020-03-22;"domingo";"05:50:00";"MG";365;674;"MONTE ALEGRE DE MINAS";"Pista Escorregadia";"Capotamento";"Com Vítimas Feridas";"Amanhecer";"Crescente";"Chuva";"Múltipla";"Reta";"Não";2;0;2;0;0;0;2;1;-18,86310541;-48,7660933;"SPRF-MG";"DEL15-MG";"UOP01-DEL15-MG"
276801;2020-03-22;"domingo";"03:50:00";"PR";376;616;"SAO JOSE DOS PINHAIS";"Falta de Atenção à Condução";"Queda de ocupante de veículo";"Com Vítimas Feridas";"Plena Noite";"Crescente";"Céu Claro";"Dupla";"Reta";"Sim";1;0;1;0;0;0;1;1;-25,56573529;-49,1805482;"SPRF-PR";"DEL01-PR";"UOP01-DEL01-PR"
276804;2020-03-22;"domingo";"06:45:00";"SC";101;153;"ITAPEMA";"Defeito Mecânico no Veículo";"Danos eventuais";"Com Vítimas Feridas";"Pleno dia";"Crescente";"Nublado";"Dupla";"Reta";"Não";1;0;1;0;0;0;1;1;-27,14498721;-48,61066103;"SPRF-SC";"DEL04-SC";"UOP03-DEL04-SC"
276805;2020-03-22;"domingo";"06:30:00";"ES";101;124,4;"SOORETAMA";"Falta de Atenção à Condução";"Saída de leito carroçável";"Sem Vítimas";"Amanhecer";"Crescente";"Céu Claro";"Simples";"Reta";"Sim";1;0;0;0;0;1;0;1;-19,17652792;-40,09118118;"SPRF-ES";"DEL04-ES";"UOP01-DEL04-ES"
276807;2020-03-21;"sábado";"11:00:00";"SP";116;52,5;"LORENA";"Objeto estático sobre o leito carroçável";"Tombamento";"Com Vítimas Feridas";"Pleno dia";"Crescente";"Nublado";"Dupla";"Curva";"Sim";1;0;1;0;0;0;1;1;-22,74708138;-45,09973038;"SPRF-SP";"DEL08-SP";"UOP01-DEL08-SP"
276809;2020-03-22;"domingo";"08:20:00";"GO";40;6,3;"VALPARAISO DE GOIAS";"Falta de Atenção à Condução";"Queda de ocupante de veículo";"Com Vítimas Feridas";"Pleno dia";"Crescente";"Céu Claro";"Dupla";"Reta";"Sim";1;0;1;0;0;0;1;1;-16,100814;-47,977351;"SPRF-DF";"DEL01-DF";"UOP01-DEL01-DF"
276810;2020-03-22;"domingo";"08:00:00";"PR";476;133;"CURITIBA";"Falta de Atenção à Condução";"Colisão traseira";"Com Vítimas Feridas";"Pleno dia";"Crescente";"Céu Claro";"Múltipla";"Reta";"Sim";2;0;1;0;1;0;1;2;-25,4557498;-49,2511995;"SPRF-PR";"DEL01-PR";"UOP03-DEL01-PR"
276811;2020-03-22;"domingo";"09:10:00";"GO";60;105;"GOIANAPOLIS";"Condutor Dormindo";"Saída de leito carroçável";"Com Vítimas Feridas";"Pleno dia";"Crescente";"Céu Claro";"Dupla";"Reta;Declive";"Não";1;0;1;0;0;0;1;1;-16,42200738;-49,01267052;"SPRF-GO";"DEL02-GO";"UOP01-DEL02-GO"
276813;2020-02-19;"quarta-feira";"19:20:00";"PE";104;92;"AGRESTINA";"Desobediência às normas de trânsito pelo condutor";"Colisão frontal";"Com Vítimas Fatais";"Plena Noite";"Decrescente";"Céu Claro";"Simples";"Reta";"Sim";2;1;0;0;1;0;0;2;-8,496525;-35,948009;"SPRF-PE";"DEL02-PE";"UOP01-DEL02-PE"
276814;2020-03-21;"sábado";"20:30:00";"PE";408;77,5;"PAUDALHO";"Defeito Mecânico no Veículo";"Saída de leito carroçável";"Com Vítimas Feridas";"Plena Noite";"Decrescente";"Ignorado";"Dupla";"Reta";"Não";1;0;1;0;0;0;1;1;-7,921413;-35,158391;"SPRF-PE";"DEL01-PE";"UOP01-DEL01-PE"
276815;2020-03-22;"domingo";"09:25:00";"ES";101;246;"SERRA";"Condutor Dormindo";"Saída de leito carroçável";"Com Vítimas Feridas";"Pleno dia";"Crescente";"Céu Claro";"Simples";"Reta";"Não";2;0;1;0;1;0;1;1;-20,06198397;-40,37678888;"SPRF-ES";"DEL02-ES";"UOP01-DEL02-ES"
276816;2020-03-22;"domingo";"10:00:00";"SC";101;148;"ITAPEMA";"Falta de Atenção à Condução";"Colisão transversal";"Com Vítimas Feridas";"Pleno dia";"Crescente";"Céu Claro";"Dupla";"Interseção de Vias";"Sim";2;0;1;0;1;0;1;2;-27,10123686;-48,61807962;"SPRF-SC";"DEL04-SC";"UOP03-DEL04-SC"
276817;2020-03-21;"sábado";"14:45:00";"MG";365;384;"PATOS DE MINAS";"Velocidade Incompatível";"Saída de leito carroçável";"Com Vítimas Feridas";"Pleno dia";"Decrescente";"Chuva";"Simples";"Reta";"Não";1;0;1;0;0;0;1;1;-18,58048314;-46,26999779;"SPRF-MG";"DEL10-MG";"UOP01-DEL10-MG"
276818;2020-03-22;"domingo";"11:00:00";"MG";381;492;"BETIM";"Falta de Atenção à Condução";"Colisão traseira";"Com Vítimas Feridas";"Pleno dia";"Decrescente";"Nublado";"Múltipla";"Reta";"Sim";2;0;1;0;1;0;1;2;-19,96108676;-44,15405273;"SPRF-MG";"DEL01-MG";"UOP03-DEL01-MG"
276820;2020-03-14;"sábado";"20:00:00";"MS";158;268;"TRES LAGOAS";"Falta de Atenção à Condução";"Colisão com objeto estático";"Com Vítimas Feridas";"Plena Noite";"Decrescente";"Céu Claro";"Dupla";"Retorno Regulamentado";"Sim";1;0;1;0;0;0;1;1;-20,76319918;-51,6886941;"SPRF-MS";"DEL07-MS";"UOP01-DEL07-MS"
276821;2020-03-22;"domingo";"11:30:00";"PA";316;29;"SANTA IZABEL DO PARA";"Defeito na Via";"Tombamento";"Com Vítimas Feridas";"Pleno dia";"Decrescente";"Céu Claro";"Dupla";"Reta";"Não";2;0;2;0;0;0;2;1;-1,30798228;-48,21336896;"SPRF-PA";"DEL01-PA";"UOP01-DEL01-PA"
276822;2020-03-22;"domingo";"11:40:00";"PE";101;74,1;"RECIFE";"Velocidade Incompatível";"Tombamento";"Com Vítimas Feridas";"Pleno dia";"Crescente";"Sol";"Dupla";"Curva";"Sim";2;0;2;0;0;0;2;1;-8,104075;-34,948629;"SPRF-PE";"DEL01-PE";"UOP01-DEL01-PE"
276824;2020-03-22;"domingo";"11:15:00";"PB";230;142,2;"CAMPINA GRANDE";"Defeito Mecânico no Veículo";"Tombamento";"Com Vítimas Feridas";"Pleno dia";"Crescente";"Nublado";"Dupla";"Aclive;Reta";"Não";2;0;2;0;0;0;2;1;-7,255882;-35,820907;"SPRF-PB";"DEL02-PB";"UOP01-DEL02-PB"
276825;2020-03-22;"domingo";"12:00:00";"MG";153;9;"ARAPORA";"Falta de Atenção à Condução";"Saída de leito carroçável";"Com Vítimas Feridas";"Pleno dia";"Decrescente";"Céu Claro";"Dupla";"Reta";"Não";1;0;0;1;0;0;1;1;-18,48778001;-49,18862284;"SPRF-MG";"DEL15-MG";"UOP03-DEL15-MG"
276826;2020-02-23;"domingo";"12:20:00";"ES";101;66;"SAO MATEUS";"Falta de Atenção à Condução";"Queda de ocupante de veículo";"Com Vítimas Feridas";"Pleno dia";"Crescente";"Chuva";"Múltipla";"Retorno Regulamentado";"Sim";1;0;0;1;0;0;1;1;-18,71684686;-39,87439698;"SPRF-ES";"DEL04-ES";"UOP02-DEL04-ES"
276828;2020-03-22;"domingo";"13:38:00";"PE";101;71;"RECIFE";"Falta de Atenção do Pedestre";"Atropelamento de Pedestre";"Sem Vítimas";"Pleno dia";"Crescente";"Sol";"Múltipla";"Reta";"Sim";2;0;0;0;1;1;0;2;-8,07663102;-34,94277871;"SPRF-PE";"DEL01-PE";"UOP01-DEL01-PE"
276829;2020-03-22;"domingo";"13:15:00";"SP";116;368;"MIRACATU";"Condutor Dormindo";"Saída de leito carroçável";"Com Vítimas Feridas";"Pleno dia";"Crescente";"Céu Claro";"Dupla";"Curva";"Não";2;0;2;0;0;0;2;1;-24,14719218;-47,30267694;"SPRF-SP";"DEL04-SP";"UOP02-DEL04-SP"
276831;2020-03-22;"domingo";"14:00:00";"MG";262;361;"BETIM";"Falta de Atenção à Condução";"Colisão traseira";"Sem Vítimas";"Pleno dia";"Decrescente";"Nublado";"Dupla";"Reta";"Não";1;0;0;0;1;0;0;1;-19,97906129;-44,21765208;"SPRF-MG";"DEL01-MG";"UOP03-DEL01-MG"
276833;2020-03-22;"domingo";"14:35:00";"DF";70;13;"BRASILIA";"Avarias e/ou desgaste excessivo no pneu";"Saída de leito carroçável";"Com Vítimas Feridas";"Pleno dia";"Crescente";"Nublado";"Dupla";"Reta";"Sim";1;0;1;0;0;0;1;1;-15,794524;-48,166532;"SPRF-DF";"DEL03-DF";"UOP02-DEL03-DF"
276834;2020-03-22;"domingo";"14:00:00";"GO";60;185,1;"GUAPO";"Fenômenos da Natureza";"Saída de leito carroçável";"Com Vítimas Feridas";"Pleno dia";"Decrescente";"Chuva";"Dupla";"Reta";"Não";3;0;1;0;2;0;1;1;-16,7956;-49,51;"SPRF-GO";"DEL01-GO";"UOP02-DEL01-GO"
276835;2020-03-22;"domingo";"14:40:00";"RS";290;87;"PORTO ALEGRE";"Falta de Atenção à Condução";"Saída de leito carroçável";"Com Vítimas Feridas";"Pleno dia";"Decrescente";"Céu Claro";"Dupla";"Reta";"Não";1;0;1;0;0;0;1;1;-29,967838;-51,127197;"SPRF-RS";"DEL01-RS";"UOP01-DEL01-RS"
276838;2020-03-22;"domingo";"15:30:00";"MG";381;580;"CARMOPOLIS DE MINAS";"Falta de Atenção à Condução";"Queda de ocupante de veículo";"Com Vítimas Feridas";"Pleno dia";"Crescente";"Céu Claro";"Dupla";"Reta";"Não";1;0;1;0;0;0;1;1;-20,50796117;-44,61144676;"SPRF-MG";"DEL04-MG";"UOP01-DEL04-MG"
276839;2020-03-22;"domingo";"14:00:00";"MT";163;43;"ITIQUIRA";"Falta de Atenção à Condução";"Saída de leito carroçável";"Com Vítimas Feridas";"Pleno dia";"Decrescente";"Céu Claro";"Dupla";"Reta";"Não";1;0;1;0;0;0;1;1;-17,13725999;-54,75756695;"SPRF-MT";"DEL02-MT";"DEL2/2-UOP02/MT"
276840;2020-03-22;"domingo";"12:10:00";"RS";116;262;"CANOAS";"Defeito Mecânico no Veículo";"Tombamento";"Com Vítimas Feridas";"Pleno dia";"Crescente";"Céu Claro";"Dupla";"Reta";"Não";2;0;0;2;0;0;2;1;-29,896475;-51,17593;"SPRF-RS";"DEL01-RS";"UOP01-DEL01-RS"
276841;2020-03-22;"domingo";"16:40:00";"PR";476;137;"CURITIBA";"Ingestão de Álcool";"Colisão transversal";"Com Vítimas Feridas";"Pleno dia";"Decrescente";"Céu Claro";"Múltipla";"Interseção de Vias;Reta";"Sim";2;0;1;0;1;0;1;2;-25,498302;-49,277546;"SPRF-PR";"DEL01-PR";"UOP03-DEL01-PR"
276842;2020-03-22;"domingo";"15:50:00";"PR";116;126;"FAZENDA RIO GRANDE";"Falta de Atenção à Condução";"Engavetamento";"Sem Vítimas";"Pleno dia";"Crescente";"Céu Claro";"Dupla";"Reta";"Sim";4;0;0;0;4;0;0;4;-25,63994011;-49,31303501;"SPRF-PR";"DEL01-PR";"UOP03-DEL01-PR"
276843;2020-03-22;"domingo";"17:00:00";"SP";116;6,2;"QUELUZ";"Desobediência às normas de trânsito pelo condutor";"Atropelamento de Pedestre";"Com Vítimas Feridas";"Pleno dia";"Decrescente";"Sol";"Dupla";"Reta";"Não";2;0;0;1;1;0;1;2;-22,53158181;-44,75374706;"SPRF-SP";"DEL08-SP";"UOP02-DEL08-SP"
276844;2020-03-22;"domingo";"17:00:00";"DF";20;19;"BRASILIA";"Ingestão de Álcool";"Colisão traseira";"Sem Vítimas";"Pleno dia";"Crescente";"Chuva";"Dupla";"Reta";"Não";2;0;0;0;2;0;0;2;-15,612175;-47,700928;"SPRF-DF";"DEL02-DF";"UOP01-DEL02-DF"
276847;2020-03-22;"domingo";"13:50:00";"GO";60;275;"JANDAIA";"Velocidade Incompatível";"Saída de leito carroçável";"Com Vítimas Feridas";"Pleno dia";"Crescente";"Chuva";"Dupla";"Reta";"Não";4;0;3;1;0;0;4;1;-17,215;-50,1678;"SPRF-GO";"DEL04-GO";"UOP01-DEL04-GO"
276849;2020-03-22;"domingo";"14:22:00";"PE";232;238,6;"ARCOVERDE";"Desobediência às normas de trânsito pelo condutor";"Colisão frontal";"Com Vítimas Fatais";"Pleno dia";"Crescente";"Nublado";"Simples";"Declive;Curva";"Não";4;1;0;0;3;0;0;2;-8,41833345;-36,93869591;"SPRF-PE";"DEL03-PE";"UOP02-DEL03-PE"
276851;2020-03-22;"domingo";"17:00:00";"PI";316;34;"DEMERVAL LOBAO";"Falta de Atenção à Condução";"Tombamento";"Com Vítimas Feridas";"Pleno dia";"Decrescente";"Céu Claro";"Simples";"Reta";"Não";1;0;1;0;0;0;1;1;-5,35690807;-42,6764932;"SPRF-PI";"DEL01-PI";"UOP02-DEL01-PI"
276854;2020-03-22;"domingo";"14:00:00";"MT";70;530;"VARZEA GRANDE";"Falta de Atenção à Condução";"Saída de leito carroçável";"Com Vítimas Feridas";"Pleno dia";"Decrescente";"Céu Claro";"Simples";"Reta";"Não";3;0;2;0;1;0;2;1;-15,649207;-56,19486;"SPRF-MT";"DEL05-MT";"UOP02-DEL05-MT"
276855;2020-03-22;"domingo";"17:50:00";"SC";101;321;"PESCARIA BRAVA";"Falta de Atenção à Condução";"Queda de ocupante de veículo";"Com Vítimas Feridas";"Anoitecer";"Crescente";"Céu Claro";"Dupla";"Reta";"Não";1;0;1;0;0;0;1;1;-28,42532339;-48,8919091;"SPRF-SC";"DEL02-SC";"UOP01-DEL02-SC"
276856;2020-03-22;"domingo";"15:40:00";"SC";470;177;"POUSO REDONDO";"Falta de Atenção à Condução";"Colisão transversal";"Com Vítimas Feridas";"Pleno dia";"Crescente";"Céu Claro";"Simples";"Rotatória";"Não";3;0;1;1;0;1;2;2;-27,251858;-49,958;"SPRF-SC";"DEL04-SC";"UOP02-DEL04-SC"
276857;2020-03-22;"domingo";"15:00:00";"BA";407;98;"JAGUARARI";"Velocidade Incompatível";"Saída de leito carroçável";"Com Vítimas Feridas";"Pleno dia";"Decrescente";"Chuva";"Simples";"Reta";"Não";4;0;2;0;2;0;2;1;-10,22018224;-40,21285144;"SPRF-BA";"DEL04-BA";"UOP01-DEL04-BA"
276859;2020-03-22;"domingo";"18:40:00";"GO";40;4,6;"VALPARAISO DE GOIAS";"Ingestão de Álcool";"Colisão traseira";"Sem Vítimas";"Anoitecer";"Decrescente";"Nublado";"Dupla";"Reta";"Sim";2;0;0;0;2;0;0;2;-16,085241;-47,986752;"SPRF-DF";"DEL01-DF";"UOP01-DEL01-DF"
276860;2020-03-22;"domingo";"19:15:00";"PR";277;8,4;"PARANAGUA";"Falta de Atenção do Pedestre";"Atropelamento de Pedestre";"Com Vítimas Fatais";"Plena Noite";"Decrescente";"Céu Claro";"Dupla";"Reta";"Não";2;1;1;0;0;0;1;2;-25,568198;-48,615292;"SPRF-PR";"DEL01-PR";"UOP05-DEL01-PR"
276861;2020-03-22;"domingo";"16:40:00";"MG";262;896,8;"CAMPO FLORIDO";"Velocidade Incompatível";"Saída de leito carroçável";"Com Vítimas Feridas";"Pleno dia";"Decrescente";"Nublado";"Simples";"Declive";"Não";1;0;0;1;0;0;1;1;-19,7105196;-48,74291942;"SPRF-MG";"DEL13-MG";"UOP02-DEL13-MG"
276862;2020-03-22;"domingo";"18:40:00";"PB";101;95,2;"CONDE";"Falta de Atenção à Condução";"Colisão com objeto estático";"Com Vítimas Feridas";"Plena Noite";"Decrescente";"Céu Claro";"Múltipla";"Reta";"Não";1;0;1;0;0;0;1;1;-7,22379403;-34,91488195;"SPRF-PB";"DEL01-PB";"UOP01-DEL01-PB"
276863;2020-03-22;"domingo";"19:20:00";"SC";101;236;"PALHOCA";"Falta de Atenção à Condução";"Colisão com objeto estático";"Sem Vítimas";"Anoitecer";"Decrescente";"Céu Claro";"Simples";"Curva";"Não";1;0;0;0;0;1;0;1;-27,82629382;-48,63034842;"SPRF-SC";"DEL01-SC";"UOP02-DEL01-SC"
276866;2020-03-22;"domingo";"19:35:00";"MG";381;488,1;"BETIM";"Falta de Atenção à Condução";"Colisão com objeto estático";"Com Vítimas Feridas";"Plena Noite";"Decrescente";"Céu Claro";"Múltipla";"Reta";"Sim";1;0;1;0;0;0;1;1;-19,95689163;-44,13516998;"SPRF-MG";"DEL01-MG";"UOP03-DEL01-MG"
276868;2020-03-22;"domingo";"19:45:00";"CE";20;406;"CAUCAIA";"Ingestão de Álcool";"Queda de ocupante de veículo";"Com Vítimas Feridas";"Plena Noite";"Decrescente";"Céu Claro";"Simples";"Viaduto";"Não";1;0;1;0;0;0;1;1;-3,76999035;-38,67006282;"SPRF-CE";"DEL01-CE";"UOP01-DEL01-CE"
276869;2020-03-22;"domingo";"16:40:00";"RS";116;221;"DOIS IRMAOS";"Desobediência às normas de trânsito pelo condutor";"Queda de ocupante de veículo";"Com Vítimas Feridas";"Pleno dia";"Crescente";"Céu Claro";"Dupla";"Curva";"Sim";1;0;1;0;0;0;1;1;-29,57244205;-51,09624556;"SPRF-RS";"DEL01-RS";"UOP02-DEL01-RS"
276871;2020-03-22;"domingo";"19:15:00";"RJ";116;208,9;"SEROPEDICA";"Ingestão de Álcool";"Saída de leito carroçável";"Com Vítimas Feridas";"Plena Noite";"Decrescente";"Nublado";"Dupla";"Curva";"Sim";1;0;1;0;0;0;1;1;-22,71145119;-43,73551849;"SPRF-RJ";"DEL01-RJ";"UOP03-DEL01-RJ"
276872;2020-03-22;"domingo";"17:40:00";"RJ";393;175;"TRES RIOS";"Falta de Atenção à Condução";"Queda de ocupante de veículo";"Com Vítimas Feridas";"Anoitecer";"Crescente";"Nublado";"Simples";"Rotatória";"Não";2;0;1;1;0;0;2;1;-22,12309905;-43,20363803;"SPRF-RJ";"DEL05-RJ";"UOP02-DEL05-RJ"
276873;2020-03-22;"domingo";"19:35:00";"SC";101;194;"BIGUACU";"Velocidade Incompatível";"Saída de leito carroçável";"Sem Vítimas";"Plena Noite";"Crescente";"Céu Claro";"Múltipla";"Reta";"Não";1;0;0;0;0;1;0;1;-27,49815117;-48,65661236;"SPRF-SC";"DEL01-SC";"UOP01-DEL01-SC"
276874;2020-03-22;"domingo";"19:00:00";"PR";476;196;"LAPA";"Restrição de Visibilidade";"Saída de leito carroçável";"Sem Vítimas";"Plena Noite";"Crescente";"Céu Claro";"Simples";"Reta";"Sim";1;0;0;0;0;1;0;1;-25,75653724;-49,72960537;"SPRF-PR";"DEL01-PR";"UOP06-DEL01-PR"
276875;2020-03-22;"domingo";"20:10:00";"RJ";40;121;"DUQUE DE CAXIAS";"Falta de Atenção do Pedestre";"Atropelamento de Pedestre";"Com Vítimas Fatais";"Plena Noite";"Crescente";"Céu Claro";"Múltipla";"Reta";"Sim";3;1;0;0;2;0;0;3;-22,78185499;-43,28571273;"SPRF-RJ";"DEL01-RJ";"UOP01-DEL01-RJ"
276876;2020-03-22;"domingo";"18:00:00";"MG";365;402,8;"PATOS DE MINAS";"Velocidade Incompatível";"Colisão lateral";"Com Vítimas Feridas";"Anoitecer";"Crescente";"Chuva";"Simples";"Declive;Curva";"Não";5;0;3;1;1;0;4;2;-18,63876303;-46,44950867;"SPRF-MG";"DEL10-MG";"UOP01-DEL10-MG"
276879;2020-03-22;"domingo";"19:45:00";"SP";153;155,3;"PROMISSAO";"Defeito Mecânico no Veículo";"Colisão traseira";"Com Vítimas Feridas";"Plena Noite";"Crescente";"Céu Claro";"Simples";"Reta";"Não";2;0;1;0;1;0;1;2;-21,46234302;-49,78272621;"SPRF-SP";"DEL07-SP";"UOP01-DEL07-SP"
276880;2020-03-04;"quarta-feira";"07:55:00";"RS";116;515,8;"PELOTAS";"Desobediência às normas de trânsito pelo condutor";"Engavetamento";"Com Vítimas Feridas";"Pleno dia";"Crescente";"Céu Claro";"Simples";"Reta";"Sim";3;0;2;0;1;0;2;3;-31,66114092;-52,3386834;"SPRF-RS";"DEL07-RS";"UOP01-DEL07-RS"
276881;2020-03-22;"domingo";"19:50:00";"SP";153;202,9;"GETULINA";"Objeto estático sobre o leito carroçável";"Saída de leito carroçável";"Com Vítimas Feridas";"Plena Noite";"Crescente";"Céu Claro";"Simples";"Reta";"Não";2;0;1;0;1;0;1;1;-21,83770502;-49,90399879;"SPRF-SP";"DEL07-SP";"UOP01-DEL07-SP"
276883;2020-03-22;"domingo";"19:30:00";"SC";282;174;"BOCAINA DO SUL";"Animais na Pista";"Saída de leito carroçável";"Sem Vítimas";"Plena Noite";"Crescente";"Céu Claro";"Simples";"Reta";"Não";2;0;0;0;2;0;0;1;-27,742559;-49,882248;"SPRF-SC";"DEL05-SC";"UOP01-DEL05-SC"
276884;2020-03-22;"domingo";"19:53:00";"SP";116;108,1;"TAUBATE";"Velocidade Incompatível";"Colisão traseira";"Com Vítimas Feridas";"Plena Noite";"Decrescente";"Céu Claro";"Dupla";"Reta";"Não";2;0;1;0;0;1;1;2;-23,0233097;-45,53763622;"SPRF-SP";"DEL06-SP";"UOP01-DEL06-SP"
276885;2020-03-22;"domingo";"18:45:00";"SC";280;7,7;"SAO FRANCISCO DO SUL";"Velocidade Incompatível";"Colisão com objeto estático";"Sem Vítimas";"Plena Noite";"Decrescente";"Céu Claro";"Simples";"Reta";"Sim";1;0;0;0;0;1;0;1;-26,2765669;-48,64502013;"SPRF-SC";"DEL03-SC";"UOP03-DEL03-SC"