"id";"data_inversa";"dia_semana";"horario";"uf";"br";"km";"municipio";"causa_acidente";"tipo_acidente";"classificacao_acidente";"fase_dia";"sentido_via";"condicao_metereologica";"tipo_pista";"tracado_via";"uso_solo";"pessoas";"mortos";"feridos_leves";"feridos_graves";"ilesos";"ignorados";"feridos";"veiculos";"latitude";"longitude";"regional";"delegacia";"uop"
277163;2020-03-25;"quarta-feira";"15:45:00";"GO";153;439,3;"ANAPOLIS";"Animais na Pista";"Saída de leito carroçável";"Com Vítimas Feridas";"Pleno dia";"Crescente";"Céu Claro";"Dupla";"Declive;Curva";"Não";1;0;1;0;0;0;1;1;-16,298529;-48,928207;"SPRF-GO";"DEL02-GO";"UOP01-DEL02-GO"
277171;2020-03-25;"quarta-feira";"14:45:00";"GO";60;114,5;"TEREZOPOLIS DE GOIAS";"Defeito Mecânico no Veículo";"Saída de leito carroçável";"Sem Vítimas";"Pleno dia";"Decrescente";"Chuva";"Dupla";"Reta";"Não";1;0;0;0;1;0;0;1;-16,4633;-49,0636;"SPRF-GO";"DEL01-GO";"UOP01-DEL01-GO"
277172;2020-03-25;"quarta-feira";"16:50:00";"RS";468;105,8;"TRES PASSOS";"Falta de Atenção à Condução";"Colisão transversal";"Com Vítimas Feridas";"Pleno dia";"Decrescente";"Sol";"Simples";"Interseção de Vias";"Sim";4;0;1;0;3;0;1;2;-27,43242278;-53,95008087;"SPRF-RS";"DEL08-RS";"UOP02-DEL08-RS"
277177;2020-03-25;"quarta-feira";"17:15:00";"MS";163;15,5;"MUNDO NOVO";"Desobediência às normas de trânsito pelo condutor";"Colisão traseira";"Com Vítimas Feridas";"Pleno dia";"Decrescente";"Céu Claro";"Simples";"Reta";"Não";2;0;0;1;1;0;1;2;-23,95439072;-54,30074885;"SPRF-MS";"DEL09-MS";"UOP02-DEL09-MS"
277180;2020-03-25;"quarta-feira";"18:10:00";"SP";116;228;"SAO PAULO";"Velocidade Incompatível";"Colisão traseira";"Com Vítimas Feridas";"Plena Noite";"Decrescente";"Céu Claro";"Múltipla";"Reta";"Sim";3;0;0;1;1;1;1;2;-23,50343484;-46,56638712;"SPRF-SP";"DEL01-SP";"UOP01-DEL01-SP"
277181;2020-03-25;"quarta-feira";"18:50:00";"SE";235;52,1;"ITABAIANA";"Ingestão de Álcool";"Colisão transversal";"Com Vítimas Feridas";"Plena Noite";"Crescente";"Céu Claro";"Simples";"Reta";"Sim";3;0;2;1;0;0;3;2;-10,693279;-37,437557;"SPRF-SE";"DEL01-SE";"UOP02-DEL01-SE"
277182;2020-03-25;"quarta-feira";"18:30:00";"BA";116;805;"VITORIA DA CONQUISTA";"Falta de Atenção à Condução";"Queda de ocupante de veículo";"Com Vítimas Feridas";"Plena Noite";"Crescente";"Nublado";"Simples";"Reta";"Não";1;0;1;0;0;0;1;1;-14,765306;-40,707087;"SPRF-BA";"DEL08-BA";"UOP01-DEL08-BA"
277183;2020-03-25;"quarta-feira";"19:15:00";"DF";40;0,7;"BRASILIA";"Falta de Atenção à Condução";"Colisão traseira";"Com Vítimas Feridas";"Plena Noite";"Crescente";"Chuva";"Dupla";"Reta";"Sim";2;0;1;0;1;0;1;2;-15,98282483;-47,98853874;"SPRF-DF";"DEL01-DF";"UOP01-DEL01-DF"
277185;2020-03-25;"quarta-feira";"19:00:00";"RN";110;45;"MOSSORO";"Ingestão de álcool e/ou substâncias psicoativas pelo pedestre";"Atropelamento de Pedestre";"Com Vítimas Feridas";"Plena Noite";"Decrescente";"Céu Claro";"Simples";"Reta";"Sim";2;0;1;0;0;1;1;2;-5,19257993;-37,31114905;"SPRF-RN";"DEL04-RN";"UOP01-DEL04-RN"
277186;2020-03-25;"quarta-feira";"15:30:00";"MG";267;164,1;"LIMA DUARTE";"Desobediência às normas de trânsito pelo condutor";"Colisão transversal";"Com Vítimas Feridas";"Pleno dia";"Crescente";"Céu Claro";"Simples";"Reta";"Não";3;0;3;0;0;0;3;2;-21,85426426;-43,81804094;"SPRF-MG";"DEL05-MG";"UOP01-DEL05-MG"
277187;2020-03-25;"quarta-feira";"19:50:00";"MG";40;572;"ITABIRITO";"Desobediência às normas de trânsito pelo condutor";"Colisão transversal";"Com Vítimas Feridas";"Plena Noite";"Crescente";"Céu Claro";"Simples";"Reta";"Sim";3;0;1;1;1;0;2;2;-20,23058501;-43,96905104;"SPRF-MG";"DEL01-MG";"UOP02-DEL01-MG"
277189;2020-03-25;"quarta-feira";"17:50:00";"RJ";116;171,6;"SAO JOAO DE MERITI";"Falta de Atenção do Pedestre";"Atropelamento de Pedestre";"Com Vítimas Feridas";"Pleno dia";"Decrescente";"Céu Claro";"Múltipla";"Reta";"Sim";2;0;0;1;1;0;1;2;-22,8060415;-43,34289573;"SPRF-RJ";"DEL01-RJ";"UOP02-DEL01-RJ"
277191;2020-03-25;"quarta-feira";"19:00:00";"RN";405;154,8;"PAU DOS FERROS";"Desobediência às normas de trânsito pelo condutor";"Queda de ocupante de veículo";"Com Vítimas Fatais";"Plena Noite";"Decrescente";"Nublado";"Simples";"Reta";"Não";2;1;0;0;1;0;0;2;-6,148601;-38,205616;"SPRF-RN";"DEL04-RN";"UOP02-DEL04-RN"
277193;2020-03-25;"quarta-feira";"18:45:00";"RR";174;520;"BOA VISTA";"Velocidade Incompatível";"Saída de leito carroçável";"Com Vítimas Feridas";"Plena Noite";"Crescente";"Céu Claro";"Simples";"Reta";"Não";6;0;3;2;0;1;5;2;2,938469;-60,717327;"SPRF-RR";"DEL01-RR";"UOP01-DEL01-RR"
277195;2020-03-25;"quarta-feira";"21:20:00";"DF";40;4,7;"BRASILIA";"Falta de Atenção à Condução";"Colisão transversal";"Com Vítimas Feridas";"Plena Noite";"Decrescente";"Chuva";"Dupla";"Reta";"Sim";2;0;0;1;1;0;1;2;-16,012033;-47,982124;"SPRF-DF";"DEL01-DF";"UOP01-DEL01-DF"
277197;2020-03-25;"quarta-feira";"21:20:00";"SC";101;435,3;"SOMBRIO";"Falta de Atenção à Condução";"Colisão traseira";"Com Vítimas Feridas";"Plena Noite";"Crescente";"Ignorado";"Dupla";"Reta";"Sim";2;0;1;0;1;0;1;2;-29,09949414;-49,63480552;"SPRF-SC";"DEL02-SC";"UOP02-DEL02-SC"
277198;2020-03-25;"quarta-feira";"21:00:00";"GO";153;514;"APARECIDA DE GOIANIA";"Desobediência às normas de trânsito pelo condutor";"Colisão transversal";"Sem Vítimas";"Plena Noite";"Decrescente";"Nublado";"Dupla";"Aclive";"Sim";2;0;0;0;2;0;0;2;-16,8315;-49,2434;"SPRF-GO";"DEL01-GO";"UOP03-DEL01-GO"
277199;2020-03-25;"quarta-feira";"21:40:00";"ES";101;293;"CARIACICA";"Restrição de Visibilidade";"Queda de ocupante de veículo";"Com Vítimas Feridas";"Plena Noite";"Decrescente";"Céu Claro";"Dupla";"Reta";"Sim";1;0;0;1;0;0;1;1;-20,31526144;-40,39567044;"SPRF-ES";"DEL01-ES";"UOP01-DEL01-ES"
277204;2020-03-25;"quarta-feira";"17:50:00";"MT";364;350;"SANTO ANTONIO DO LEVERGER";"Velocidade Incompatível";"Tombamento";"Com Vítimas Feridas";"Anoitecer";"Crescente";"Céu Claro";"Dupla";"Curva";"Não";1;0;1;0;0;0;1;1;-15,80518241;-55,55686807;"SPRF-MT";"DEL01-MT";"UOP02-DEL01-MT"
277205;2020-03-25;"quarta-feira";"23:00:00";"DF";70;10,8;"BRASILIA";"Desobediência às normas de trânsito pelo condutor";"Colisão transversal";"Com Vítimas Feridas";"Plena Noite";"Decrescente";"Chuva";"Dupla";"Reta";"Sim";2;0;2;0;0;0;2;2;-15,787066;-48,140709;"SPRF-DF";"DEL03-DF";"UOP02-DEL03-DF"
277206;2020-03-25;"quarta-feira";"20:55:00";"PB";405;51,8;"MARIZOPOLIS";"Fenômenos da Natureza";"Saída de leito carroçável";"Com Vítimas Feridas";"Plena Noite";"Crescente";"Chuva";"Simples";"Curva;Declive";"Sim";2;0;2;0;0;0;2;1;-6,845396;-38,360341;"SPRF-PB";"DEL03-PB";"UOP03-DEL03-PB"
277207;2020-03-25;"quarta-feira";"22:00:00";"CE";20;186;"BOA VIAGEM";"Pista Escorregadia";"Danos eventuais";"Com Vítimas Feridas";"Plena Noite";"Decrescente";"Céu Claro";"Simples";"Curva";"Não";2;0;2;0;0;0;2;1;-5,25068704;-39,82316796;"SPRF-CE";"DEL02-CE";"UOP02-DEL02-CE"
277210;2020-03-26;"quinta-feira";"00:50:00";"ES";101;270;"SERRA";"Falta de Atenção do Pedestre";"Atropelamento de Pedestre";"Com Vítimas Feridas";"Plena Noite";"Crescente";"Céu Claro";"Múltipla";"Curva";"Sim";2;0;0;1;0;1;1;2;-20,22662056;-40,27075088;"SPRF-ES";"DEL02-ES";"UOP01-DEL02-ES"
277211;2020-03-26;"quinta-feira";"00:30:00";"PR";476;354,7;"UNIAO DA VITORIA";"Velocidade Incompatível";"Saída de leito carroçável";"Com Vítimas Feridas";"Plena Noite";"Crescente";"Céu Claro";"Simples";"Reta";"Não";3;0;1;0;2;0;1;1;-26,196825;-51,01252;"SPRF-PR";"DEL02-PR";"UOP03-DEL02-PR"
277214;2020-03-26;"quinta-feira";"03:00:00";"MG";40;519;"CONTAGEM";"Falta de Atenção à Condução";"Saída de leito carroçável";"Sem Vítimas";"Plena Noite";"Decrescente";"Céu Claro";"Dupla";"Reta";"Sim";1;0;0;0;0;1;0;1;-19,83957589;-44,07684485;"SPRF-MG";"DEL01-MG";"UOP02-DEL01-MG"
277216;2020-03-26;"quinta-feira";"02:00:00";"PB";104;90,6;"ESPERANCA";"Condutor Dormindo";"Colisão com objeto estático";"Sem Vítimas";"Plena Noite";"Decrescente";"Céu Claro";"Dupla";"Reta";"Sim";1;0;0;0;0;1;0;1;-6,97533024;-35,81785095;"SPRF-PB";"DEL02-PB";"UOP04-DEL02-PB"
277218;2020-03-26;"quinta-feira";"06:25:00";"SE";101;50,6;"JAPARATUBA";"Falta de Atenção à Condução";"Saída de leito carroçável";"Com Vítimas Feridas";"Amanhecer";"Crescente";"Chuva";"Dupla";"Curva";"Não";2;0;1;0;1;0;1;1;-10,61257121;-36,9783926;"SPRF-SE";"DEL02-SE";"UOP02-DEL02-SE"
277219;2020-03-26;"quinta-feira";"04:40:00";"RJ";101;427;"MANGARATIBA";"Desobediência às normas de trânsito pelo condutor";"Colisão frontal";"Com Vítimas Fatais";"Amanhecer";"Decrescente";"Ignorado";"Dupla";"Curva";"Sim";10;1;0;0;9;0;0;2;-22,93154625;-43,98133788;"SPRF-RJ";"DEL03-RJ";"UOP01-DEL03-RJ"
277221;2020-03-26;"quinta-feira";"07:15:00";"PE";101;70,5;"RECIFE";"Falta de Atenção à Condução";"Tombamento";"Com Vítimas Feridas";"Pleno dia";"Crescente";"Céu Claro";"Múltipla";"Reta";"Sim";1;0;1;0;0;0;1;1;-8,072393;-34,942732;"SPRF-PE";"DEL01-PE";"UOP01-DEL01-PE"
277222;2020-03-26;"quinta-feira";"05:00:00";"PE";407;112,7;"PETROLINA";"Falta de Atenção à Condução";"Colisão traseira";"Sem Vítimas";"Pleno dia";"Decrescente";"Chuva";"Simples";"Reta";"Não";2;0;0;0;2;0;0;2;-9,27560414;-40,59620723;"SPRF-PE";"DEL06-PE";"UOP02-DEL06-PE"
277223;2020-03-26;"quinta-feira";"06:40:00";"RJ";116;124;"MAGE";"Defeito Mecânico no Veículo";"Tombamento";"Com Vítimas Feridas";"Pleno dia";"Crescente";"Céu Claro";"Dupla";"Reta";"Não";2;0;2;0;0;0;2;1;-22,64632807;-43,07016895;"SPRF-RJ";"DEL04-RJ";"UOP02-DEL04-RJ"
277224;2020-03-26;"quinta-feira";"07:45:00";"CE";222;225,6;"SOBRAL";"Desobediência às normas de trânsito pelo condutor";"Colisão traseira";"Com Vítimas Feridas";"Pleno dia";"Crescente";"Nublado";"Simples";"Ponte";"Sim";2;0;1;0;1;0;1;2;-3,70821338;-40,35209808;"SPRF-CE";"DEL04-CE";"UOP01-DEL04-CE"
277227;2020-03-26;"quinta-feira";"08:35:00";"ES";101;264;"SERRA";"Falta de Atenção à Condução";"Colisão lateral";"Com Vítimas Feridas";"Pleno dia";"Crescente";"Céu Claro";"Múltipla";"Reta";"Sim";2;0;1;0;1;0;1;2;-20,17292791;-40,26736384;"SPRF-ES";"DEL02-ES";"UOP01-DEL02-ES"
277230;2020-03-26;"quinta-feira";"09:10:00";"CE";116;7;"FORTALEZA";"Falta de Atenção à Condução";"Queda de ocupante de veículo";"Com Vítimas Feridas";"Pleno dia";"Crescente";"Céu Claro";"Dupla";"Curva";"Sim";1;0;1;0;0;0;1;1;-3,81073099;-38,50074867;"SPRF-CE";"DEL01-CE";"UOP02-DEL01-CE"
277236;2020-03-02;"segunda-feira";"18:57:00";"SC";282;340;"CAMPOS NOVOS";"Falta de Atenção à Condução";"Colisão lateral";"Sem Vítimas";"Anoitecer";"Crescente";"Céu Claro";"Simples";"Reta";"Não";2;0;0;0;1;1;0;2;-27,39953694;-51,2087667;"SPRF-SC";"DEL07-SC";"UOP06-DEL07-SC"
277238;2020-03-26;"quinta-feira";"10:40:00";"RS";290;38,2;"SANTO ANTONIO DA PATRULHA";"Condutor Dormindo";"Saída de leito carroçável";"Com Vítimas Feridas";"Pleno dia";"Decrescente";"Céu Claro";"Múltipla";"Reta";"Não";1;0;1;0;0;0;1;1;-29,886322;-50,637886;"SPRF-RS";"DEL03-RS";"UOP01-DEL03-RS"
277240;2020-03-26;"quinta-feira";"11:40:00";"PE";232;351;"FLORES";"Defeito na Via";"Capotamento";"Sem Vítimas";"Pleno dia";"Decrescente";"Chuva";"Simples";"Reta";"Não";2;0;0;0;2;0;0;1;-8,07254498;-37,79794999;"SPRF-PE";"DEL03-PE";"UOP02-DEL03-PE"
277242;2020-03-26;"quinta-feira";"08:30:00";"RJ";495;29;"PETROPOLIS";"Desobediência às normas de trânsito pelo condutor";"Colisão com objeto estático";"Com Vítimas Feridas";"Pleno dia";"Decrescente";"Céu Claro";"Simples";"Reta";"Sim";1;0;1;0;0;0;1;1;-22,391611;-43,126202;"SPRF-RJ";"DEL05-RJ";"UOP02-DEL05-RJ"
277243;2020-03-26;"quinta-feira";"06:30:00";"RO";435;122;"CEREJEIRAS";"Desobediência às normas de trânsito pelo condutor";"Colisão transversal";"Com Vítimas Feridas";"Amanhecer";"Crescente";"Céu Claro";"Dupla";"Interseção de Vias";"Sim";2;0;1;0;1;0;1;2;-13,188902;-60,81923962;"SPRF-RO";"DEL04-RO";"UOP02-DEL04-RO"
277244;2020-03-26;"quinta-feira";"12:10:00";"CE";116;41,4;"HORIZONTE";"Desobediência às normas de trânsito pelo condutor";"Colisão traseira";"Com Vítimas Feridas";"Pleno dia";"Decrescente";"Céu Claro";"Dupla";"Reta";"Não";3;0;2;0;1;0;2;2;-4,1024351;-38,50001011;"SPRF-CE";"DEL01-CE";"UOP02-DEL01-CE"
277247;2020-03-26;"quinta-feira";"12:15:00";"PA";163;1005,6;"SANTAREM";"Falta de Atenção à Condução";"Colisão com objeto estático";"Sem Vítimas";"Pleno dia";"Decrescente";"Céu Claro";"Dupla";"Reta";"Sim";1;0;0;0;1;0;0;1;-2,42943608;-54,73462738;"SPRF-PA";"DEL05-PA";"UOP01-DEL05-PA"
277250;2020-03-26;"quinta-feira";"11:20:00";"PI";230;310;"FLORIANO";"Desobediência às normas de trânsito pelo condutor";"Colisão lateral";"Com Vítimas Feridas";"Pleno dia";"Decrescente";"Céu Claro";"Simples";"Reta";"Sim";2;0;1;0;0;1;1;2;-6,76580135;-43,00941327;"SPRF-PI";"DEL03-PI";"UOP01-DEL03-PI"
277257;2020-03-26;"quinta-feira";"09:30:00";"PE";232;307,9;"SERTANIA";"Defeito Mecânico no Veículo";"Saída de leito carroçável";"Sem Vítimas";"Pleno dia";"Decrescente";"Céu Claro";"Simples";"Reta";"Não";1;0;0;0;1;0;0;1;-8,17453504;-37,45688796;"SPRF-PE";"DEL03-PE";"UOP02-DEL03-PE"
277258;2020-03-26;"quinta-feira";"13:00:00";"BA";101;113;"ARAMARI";"Defeito Mecânico no Veículo";"Incêndio";"Sem Vítimas";"Pleno dia";"Crescente";"Nublado";"Simples";"Reta";"Não";1;0;0;0;1;0;0;1;-12,1569447;-38,5033589;"SPRF-BA";"DEL01-BA";"UOP04-DEL01-BA"
277259;2020-03-26;"quinta-feira";"13:30:00";"MS";163;265,2;"DOURADOS";"Defeito Mecânico no Veículo";"Colisão frontal";"Com Vítimas Feridas";"Pleno dia";"Crescente";"Céu Claro";"Dupla";"Reta";"Não";2;0;0;1;1;0;1;2;-22,222698;-54,73128;"SPRF-MS";"DEL04-MS";"UOP01-DEL04-MS"
277260;2020-03-26;"quinta-feira";"16:15:00";"CE";116;5,3;"FORTALEZA";"Defeito Mecânico no Veículo";"Colisão com objeto estático";"Sem Vítimas";"Pleno dia";"Decrescente";"Céu Claro";"Dupla";"Reta";"Sim";2;0;0;0;2;0;0;1;-3,79467116;-38,50772734;"SPRF-CE";"DEL01-CE";"UOP02-DEL01-CE"
277261;2020-03-26;"quinta-feira";"14:30:00";"MS";463;0,8;"DOURADOS";"Não guardar distância de segurança";"Colisão traseira";"Sem Vítimas";"Pleno dia";"Crescente";"Sol";"Simples";"Reta";"Sim";2;0;0;0;2;0;0;2;-22,258694;-54,804096;"SPRF-MS";"DEL04-MS";"UOP01-DEL04-MS"
277263;2020-03-26;"quinta-feira";"17:27:00";"RJ";101;326;"NITEROI";"Falta de Atenção à Condução";"Colisão traseira";"Com Vítimas Feridas";"Pleno dia";"Crescente";"Sol";"Dupla";"Reta";"Não";2;0;1;0;1;0;1;2;-22,87206203;-43,146105;"SPRF-RJ";"DEL02-RJ";"UOP01-DEL02-RJ"
277264;2020-03-26;"quinta-feira";"14:50:00";"RN";304;209;"CAICARA DO RIO DO VENTO";"Defeito Mecânico no Veículo";"Incêndio";"Sem Vítimas";"Pleno dia";"Decrescente";"Céu Claro";"Simples";"Aclive";"Não";1;0;0;0;1;0;0;1;-5,74198;-36,086029;"SPRF-RN";"DEL01-RN";"UOP03-DEL01-RN"
277265;2020-03-26;"quinta-feira";"16:35:00";"SC";282;628,1;"IRACEMINHA";"Velocidade Incompatível";"Saída de leito carroçável";"Sem Vítimas";"Pleno dia";"Decrescente";"Céu Claro";"Simples";"Aclive;Curva";"Não";1;0;0;0;0;1;0;1;-26,818754;-53,365486;"SPRF-SC";"DEL07-SC";"UOP02-DEL07-SC"
277267;2020-03-26;"quinta-feira";"18:00:00";"ES";262;161;"IBATIBA";"Falta de Atenção à Condução";"Colisão traseira";"Com Vítimas Feridas";"Plena Noite";"Crescente";"Nublado";"Simples";"Reta";"Não";3;0;3;0;0;0;3;2;-20,23640217;-41,52254154;"SPRF-ES";"DEL01-ES";"UOP02-DEL01-ES"
277268;2020-03-26;"quinta-feira";"17:40:00";"PI";316;6,8;"TERESINA";"Pista Escorregadia";"Tombamento";"Com Vítimas Feridas";"Pleno dia";"Decrescente";"Céu Claro";"Dupla";"Em Obras";"Sim";1;0;0;1;0;0;1;1;-5,14702095;-42,77438982;"SPRF-PI";"DEL01-PI";"UOP02-DEL01-PI"
277269;2020-03-26;"quinta-feira";"18:00:00";"RJ";101;333;"RIO DE JANEIRO";"Falta de Atenção à Condução";"Colisão traseira";"Com Vítimas Feridas";"Anoitecer";"Decrescente";"Céu Claro";"Múltipla";"Reta";"Não";2;0;1;0;1;0;1;2;-22,87827816;-43,21053578;"SPRF-RJ";"DEL02-RJ";"UOP01-DEL02-RJ"
277270;2020-03-26;"quinta-feira";"18:30:00";"RJ";493;24,8;"MAGE";"Falta de Atenção à Condução";"Colisão traseira";"Com Vítimas Fatais";"Plena Noite";"Crescente";"Céu Claro";"Simples";"Ponte";"Não";2;1;0;0;1;0;0;2;-22,65715069;-43,07072902;"SPRF-RJ";"DEL04-RJ";"UOP02-DEL04-RJ"
277273;2020-03-26;"quinta-feira";"18:30:00";"ES";101;138;"LINHARES";"Falta de Atenção à Condução";"Saída de leito carroçável";"Com Vítimas Feridas";"Plena Noite";"Crescente";"Céu Claro";"Simples";"Reta";"Não";1;0;1;0;0;0;1;1;-19,30186109;-40,08371726;"SPRF-ES";"DEL04-ES";"UOP01-DEL04-ES"
277276;2020-03-26;"quinta-feira";"19:10:00";"SC";101;133,3;"BALNEARIO CAMBORIU";"Defeito Mecânico no Veículo";"Tombamento";"Com Vítimas Feridas";"Plena Noite";"Crescente";"Nublado";"Dupla";"Reta";"Sim";1;0;1;0;0;0;1;1;-26,99936;-48,64609;"SPRF-SC";"DEL04-SC";"UOP03-DEL04-SC"
277277;2020-03-26;"quinta-feira";"19:45:00";"PR";369;151;"LONDRINA";"Falta de Atenção à Condução";"Colisão com objeto estático";"Com Vítimas Feridas";"Plena Noite";"Crescente";"Céu Claro";"Dupla";"Reta";"Sim";2;0;0;1;0;1;1;2;-23,29270505;-51,1778793;"SPRF-PR";"DEL07-PR";"UOP01-DEL07-PR"
277279;2020-03-26;"quinta-feira";"19:40:00";"RN";101;157,4;"CANGUARETAMA";"Não guardar distância de segurança";"Colisão traseira";"Sem Vítimas";"Plena Noite";"Crescente";"Céu Claro";"Dupla";"Declive";"Não";2;0;0;0;2;0;0;2;-6,35377184;-35,16242981;"SPRF-RN";"DEL01-RN";"UOP01-DEL01-RN"
277281;2020-03-26;"quinta-feira";"19:50:00";"SC";470;19,5;"ILHOTA";"Sinalização da via insuficiente ou inadequada";"Tombamento";"Com Vítimas Feridas";"Plena Noite";"Decrescente";"Céu Claro";"Simples";"Reta;Em Obras;Desvio Temporário";"Não";1;0;1;0;0;0;1;1;-26,869675;-48,819998;"SPRF-SC";"DEL04-SC";"UOP04-DEL04-SC"
277284;2020-03-26;"quinta-feira";"20:30:00";"PR";376;167,2;"MARINGA";"Defeito Mecânico no Veículo";"Queda de ocupante de veículo";"Com Vítimas Feridas";"Plena Noite";"Crescente";"Céu Claro";"Dupla";"Reta";"Não";2;0;1;0;0;1;1;2;-23,40324167;-51,99632075;"SPRF-PR";"DEL09-PR";"UOP01-DEL09-PR"
277286;2020-03-26;"quinta-feira";"21:00:00";"RJ";101;535;"ANGRA DOS REIS";"Velocidade Incompatível";"Colisão com objeto estático";"Sem Vítimas";"Plena Noite";"Crescente";"Chuva";"Simples";"Curva";"Não";1;0;0;0;0;1;0;1;-23,03389803;-44,55267499;"SPRF-RJ";"DEL03-RJ";"UOP02-DEL03-RJ"
277288;2020-03-26;"quinta-feira";"19:10:00";"ES";101;258;"SERRA";"Ingestão de Álcool";"Colisão traseira";"Sem Vítimas";"Plena Noite";"Decrescente";"Céu Claro";"Dupla";"Reta;Aclive";"Sim";2;0;0;0;0;2;0;2;-20,13059888;-40,2961019;"SPRF-ES";"DEL02-ES";"UOP01-DEL02-ES"
277289;2020-03-26;"quinta-feira";"17:00:00";"BA";242;520;"OLIVEIRA DOS BREJINHOS";"Pista Escorregadia";"Saída de leito carroçável";"Com Vítimas Feridas";"Anoitecer";"Decrescente";"Chuva";"Simples";"Reta";"Não";2;0;1;1;0;0;2;1;-12,3044456;-42,62268585;"SPRF-BA";"DEL06-BA";"UOP01-DEL06-BA"
277290;2020-03-26;"quinta-feira";"22:00:00";"SP";116;89,2;"PINDAMONHANGABA";"Falta de Atenção à Condução";"Colisão lateral";"Com Vítimas Feridas";"Plena Noite";"Decrescente";"Céu Claro";"Dupla";"Reta";"Sim";2;0;2;0;0;0;2;2;-22,93930884;-45,37874708;"SPRF-SP";"DEL06-SP";"UOP01-DEL06-SP"
277292;2020-03-26;"quinta-feira";"11:50:00";"MS";267;305;"RIO BRILHANTE";"Velocidade Incompatível";"Saída de leito carroçável";"Sem Vítimas";"Pleno dia";"Crescente";"Céu Claro";"Simples";"Curva";"Não";3;0;0;0;1;2;0;1;-21,71225956;-54,64749151;"SPRF-MS";"DEL02-MS";"UOP02-DEL02-MS"
277293;2020-03-26;"quinta-feira";"17:30:00";"PB";427;0;"PAULISTA";"Falta de Atenção à Condução";"Colisão traseira";"Com Vítimas Feridas";"Anoitecer";"Crescente";"Céu Claro";"Simples";"Curva";"Não";3;0;1;0;2;0;1;2;-6,652994;-37,499153;"SPRF-PB";"DEL03-PB";"UOP02-DEL03-PB"
277294;2020-03-26;"quinta-feira";"22:30:00";"PI";316;10,8;"TERESINA";"Falta de Atenção à Condução";"Colisão com objeto estático";"Com Vítimas Feridas";"Plena Noite";"Crescente";"Nublado";"Múltipla";"Reta";"Sim";1;0;0;1;0;0;1;1;-5,18794;-42,762156;"SPRF-PI";"DEL01-PI";"UOP02-DEL01-PI"
277300;2020-03-26;"quinta-feira";"21:50:00";"BA";242;244;"ITABERABA";"Velocidade Incompatível";"Colisão com objeto estático";"Sem Vítimas";"Plena Noite";"Decrescente";"Céu Claro";"Simples";"Curva";"Não";1;0;0;0;1;0;0;1;-12,501019;-40,427317;"SPRF-BA";"DEL06-BA";"UOP02-DEL06-BA"
277305;2020-03-27;"sexta-feira";"02:50:00";"RS";290;47,8;"GLORINHA";"Animais na Pista";"Atropelamento de Animal";"Com Vítimas Feridas";"Plena Noite";"Crescente";"Céu Claro";"Dupla";"Reta";"Não";2;0;2;0;0;0;2;1;-29,894592;-50,729916;"SPRF-RS";"DEL03-RS";"UOP01-DEL03-RS"
277310;2020-03-27;"sexta-feira";"05:30:00";"ES";262;89,4;"DOMINGOS MARTINS";"Falta de Atenção do Pedestre";"Atropelamento de Pedestre";"Com Vítimas Feridas";"Amanhecer";"Decrescente";"Nublado";"Simples";"Reta";"Não";2;0;0;1;0;1;1;2;-20,3835324;-41,02041721;"SPRF-ES";"DEL01-ES";"UOP02-DEL01-ES"
277312;2020-03-27;"sexta-feira";"05:20:00";"MG";381;650,9;"SANTO ANTONIO DO AMPARO";"Animais na Pista";"Atropelamento de Animal";"Sem Vítimas";"Amanhecer";"Crescente";"Céu Claro";"Dupla";"Curva";"Sim";1;0;0;0;1;0;0;1;-20,9711341;-44,93201068;"SPRF-MG";"DEL04-MG";"UOP02-DEL04-MG"
277313;2020-03-27;"sexta-feira";"06:00:00";"RS";293;175;"BAGE";"Animais na Pista";"Atropelamento de Animal";"Com Vítimas Feridas";"Amanhecer";"Decrescente";"Nublado";"Simples";"Reta";"Não";1;0;1;0;0;0;1;1;-31,31783088;-54,00275695;"SPRF-RS";"DEL11-RS";"UOP03-DEL11-RS"
277315;2020-03-27;"sexta-feira";"06:00:00";"GO";153;501;"GOIANIA";"Falta de Atenção à Condução";"Colisão com objeto estático";"Com Vítimas Feridas";"Pleno dia";"Crescente";"Céu Claro";"Dupla";"Interseção de Vias";"Sim";2;0;0;1;1;0;1;1;-16,7189;-49,2382;"SPRF-GO";"DEL01-GO";"UOP01-DEL01-GO"
277318;2020-02-19;"quarta-feira";"07:40:00";"GO";153;499;"GOIANIA";"Defeito Mecânico no Veículo";"Colisão traseira";"Com Vítimas Feridas";"Pleno dia";"Crescente";"Céu Claro";"Dupla";"Reta";"Sim";2;0;1;0;1;0;1;2;-16,7033;-49,2311;"SPRF-GO";"DEL01-GO";"UOP01-DEL01-GO"
277320;2020-03-27;"sexta-feira";"07:45:00";"BA";116;856,8;"VITORIA DA CONQUISTA";"Falta de Atenção à Condução";"Tombamento";"Com Vítimas Feridas";"Pleno dia";"Crescente";"Céu Claro";"Simples";"Reta";"Não";2;0;2;0;0;0;2;1;-15,08836702;-41,01333618;"SPRF-BA";"DEL08-BA";"UOP03-DEL08-BA"
277322;2020-03-27;"sexta-feira";"06:50:00";"MG";116;386,6;"GOVERNADOR VALADARES";"Condutor Dormindo";"Capotamento";"Com Vítimas Feridas";"Amanhecer";"Decrescente";"Céu Claro";"Simples";"Reta";"Não";1;0;1;0;0;0;1;1;-18,654016;-41,970315;"SPRF-MG";"DEL06-MG";"UOP01-DEL06-MG"