"id";"data_inversa";"dia_semana";"horario";"uf";"br";"km";"municipio";"causa_acidente";"tipo_acidente";"classificacao_acidente";"fase_dia";"sentido_via";"condicao_metereologica";"tipo_pista";"tracado_via";"uso_solo";"pessoas";"mortos";"feridos_leves";"feridos_graves";"ilesos";"ignorados";"feridos";"veiculos";"latitude";"longitude";"regional";"delegacia";"uop"
277578;2020-03-29;"domingo";"10:55:00";"MG";116;619;"ORIZANIA";"Ingestão de Álcool";"Colisão transversal";"Com Vítimas Fatais";"Pleno dia";"Crescente";"Céu Claro";"Simples";"Reta";"Sim";8;2;4;2;0;0;6;2;-20,47497155;-42,18041453;"SPRF-MG";"DEL07-MG";"UOP03-DEL07-MG"
277579;2020-03-29;"domingo";"11:15:00";"CE";20;398;"CAUCAIA";"Não guardar distância de segurança";"Colisão traseira";"Com Vítimas Feridas";"Pleno dia";"Crescente";"Céu Claro";"Simples";"Reta";"Não";2;0;0;1;1;0;1;2;-3,79938;-38,717;"SPRF-CE";"DEL01-CE";"UOP01-DEL01-CE"
277581;2020-03-29;"domingo";"11:15:00";"MA";10;172;"CAMPESTRE DO MARANHAO";"Não guardar distância de segurança";"Tombamento";"Com Vítimas Feridas";"Pleno dia";"Decrescente";"Sol";"Simples";"Reta";"Não";1;0;1;0;0;0;1;1;-6,212294;-47,3559;"SPRF-MA";"DEL04-MA";"UOP02-DEL04-MA"
277582;2020-03-29;"domingo";"11:25:00";"SC";101;443,9;"SANTA ROSA DO SUL";"Falta de Atenção à Condução";"Colisão frontal";"Com Vítimas Feridas";"Pleno dia";"Crescente";"Céu Claro";"Simples";"Interseção de Vias";"Sim";2;0;1;0;1;0;1;2;-29,13223626;-49,69660393;"SPRF-SC";"DEL02-SC";"UOP02-DEL02-SC"
277583;2020-03-29;"domingo";"11:15:00";"RO";364;239;"CACOAL";"Defeito Mecânico no Veículo";"Queda de ocupante de veículo";"Com Vítimas Feridas";"Pleno dia";"Decrescente";"Nublado";"Simples";"Aclive";"Sim";2;0;1;0;1;0;1;1;-11,43425083;-61,46267289;"SPRF-RO";"DEL02-RO";"UOP02-DEL02-RO"
277584;2020-03-29;"domingo";"10:10:00";"MG";116;517;"UBAPORANGA";"Velocidade Incompatível";"Colisão com objeto estático";"Com Vítimas Fatais";"Pleno dia";"Decrescente";"Céu Claro";"Simples";"Curva";"Não";1;1;0;0;0;0;0;1;-19,70492713;-42,11720373;"SPRF-MG";"DEL06-MG";"UOP02-DEL06-MG"
277585;2020-03-29;"domingo";"12:00:00";"MG";40;460,8;"SETE LAGOAS";"Falta de Atenção à Condução";"Saída de leito carroçável";"Com Vítimas Feridas";"Pleno dia";"Decrescente";"Nublado";"Dupla";"Reta";"Não";2;0;1;0;1;0;1;1;-19,39770694;-44,33528916;"SPRF-MG";"DEL02-MG";"UOP01-DEL02-MG"
277586;2020-03-29;"domingo";"12:00:00";"PR";116;177;"QUITANDINHA";"Falta de Atenção à Condução";"Saída de leito carroçável";"Com Vítimas Feridas";"Pleno dia";"Crescente";"Nublado";"Simples";"Curva";"Não";1;0;1;0;0;0;1;1;-25,89426898;-49,54478101;"SPRF-PR";"DEL01-PR";"UOP03-DEL01-PR"
277587;2020-03-29;"domingo";"11:50:00";"DF";70;11,2;"BRASILIA";"Ingestão de Álcool";"Colisão transversal";"Sem Vítimas";"Pleno dia";"Crescente";"Nublado";"Simples";"Reta";"Sim";6;0;0;0;5;1;0;2;-15,789762;-48,148727;"SPRF-DF";"DEL03-DF";"UOP02-DEL03-DF"
277588;2020-03-29;"domingo";"13:30:00";"PR";277;37,1;"MORRETES";"Falta de Atenção à Condução";"Saída de leito carroçável";"Com Vítimas Feridas";"Pleno dia";"Decrescente";"Nublado";"Dupla";"Reta;Declive";"Não";2;0;2;0;0;0;2;1;-25,56011566;-48,81439895;"SPRF-PR";"DEL01-PR";"UOP05-DEL01-PR"
277589;2020-03-29;"domingo";"13:45:00";"MG";50;10;"ARAGUARI";"Defeito Mecânico no Veículo";"Queda de ocupante de veículo";"Com Vítimas Feridas";"Pleno dia";"Decrescente";"Céu Claro";"Dupla";"Reta";"Não";2;0;1;1;0;0;2;1;-18,50601025;-48,04052945;"SPRF-MG";"DEL15-MG";"UOP02-DEL15-MG"
277591;2020-03-28;"sábado";"15:00:00";"MT";163;982;"TERRA NOVA DO NORTE";"Falta de Atenção à Condução";"Saída de leito carroçável";"Com Vítimas Feridas";"Pleno dia";"Decrescente";"Chuva";"Simples";"Curva;Aclive";"Não";1;0;1;0;0;0;1;1;-10,7481159;-55,14584334;"SPRF-MT";"DEL06-MT";"NPF/DEL06-MT"
277592;2020-03-29;"domingo";"14:32:00";"RS";116;143,9;"CAXIAS DO SUL";"Pista Escorregadia";"Colisão com objeto estático";"Sem Vítimas";"Pleno dia";"Decrescente";"Chuva";"Dupla";"Curva";"Sim";1;0;0;0;1;0;0;1;-29,1201739;-51,12260651;"SPRF-RS";"DEL05-RS";"UOP01-DEL05-RS"
277593;2020-03-29;"domingo";"14:35:00";"SP";116;226;"GUARULHOS";"Velocidade Incompatível";"Colisão traseira";"Com Vítimas Feridas";"Pleno dia";"Crescente";"Nublado";"Múltipla";"Reta";"Sim";2;0;2;0;0;0;2;2;-23,49102507;-46,54878195;"SPRF-SP";"DEL01-SP";"UOP01-DEL01-SP"
277594;2020-03-29;"domingo";"14:00:00";"RJ";40;97;"DUQUE DE CAXIAS";"Defeito Mecânico no Veículo";"Colisão com objeto estático";"Com Vítimas Feridas";"Pleno dia";"Crescente";"Nublado";"Simples";"Declive";"Não";1;0;1;0;0;0;1;1;-22,57356181;-43,27802893;"SPRF-RJ";"DEL01-RJ";"UOP01-DEL01-RJ"
277597;2020-03-29;"domingo";"15:00:00";"PR";116;39;"CAMPINA GRANDE DO SUL";"Velocidade Incompatível";"Saída de leito carroçável";"Com Vítimas Feridas";"Pleno dia";"Crescente";"Garoa/Chuvisco";"Dupla";"Curva";"Não";3;0;3;0;0;0;3;1;-25,156168;-48,8613401;"SPRF-PR";"DEL01-PR";"UOP02-DEL01-PR"
277598;2020-03-29;"domingo";"15:20:00";"RJ";101;482,9;"ANGRA DOS REIS";"Falta de Atenção à Condução";"Colisão traseira";"Com Vítimas Feridas";"Pleno dia";"Decrescente";"Nublado";"Simples";"Reta";"Sim";3;0;2;0;1;0;2;2;-23,00453;-44,29746;"SPRF-RJ";"DEL03-RJ";"UOP02-DEL03-RJ"
277599;2020-03-29;"domingo";"15:00:00";"ES";259;30,9;"COLATINA";"Falta de Atenção à Condução";"Queda de ocupante de veículo";"Com Vítimas Feridas";"Pleno dia";"Crescente";"Céu Claro";"Simples";"Rotatória";"Não";1;0;1;0;0;0;1;1;-19,58822717;-40,50923478;"SPRF-ES";"DEL02-ES";"UOP01-DEL02-ES"
277600;2020-03-29;"domingo";"15:00:00";"PR";280;315;"BARRACAO";"Defeito Mecânico no Veículo";"Incêndio";"Sem Vítimas";"Pleno dia";"Crescente";"Céu Claro";"Simples";"Declive";"Não";1;0;0;0;1;0;0;1;-26,29192101;-53,528441;"SPRF-PR";"DEL02-PR";"UOP01-DEL02-PR"
277601;2020-03-29;"domingo";"15:50:00";"SP";116;488,8;"CAJATI";"Falta de Atenção à Condução";"Capotamento";"Com Vítimas Feridas";"Pleno dia";"Crescente";"Garoa/Chuvisco";"Múltipla";"Curva";"Sim";2;0;1;0;1;0;1;1;-24,73097634;-48,09815591;"SPRF-SP";"DEL05-SP";"UOP02-DEL05-SP"
277602;2020-03-29;"domingo";"15:00:00";"PR";116;107;"SAO JOSE DOS PINHAIS";"Falta de Atenção à Condução";"Colisão lateral";"Com Vítimas Feridas";"Pleno dia";"Crescente";"Sol";"Dupla";"Reta";"Não";2;0;1;0;1;0;1;2;-25,56989668;-49,18778205;"SPRF-PR";"DEL01-PR";"UOP06-DEL01-PR"
277604;2020-03-29;"domingo";"15:40:00";"PR";277;10;"PARANAGUA";"Falta de Atenção à Condução";"Colisão com objeto estático";"Sem Vítimas";"Pleno dia";"Crescente";"Céu Claro";"Simples";"Curva";"Não";3;0;0;0;3;0;0;1;-25,568198;-48,615292;"SPRF-PR";"DEL01-PR";"UOP05-DEL01-PR"
277606;2020-03-29;"domingo";"16:00:00";"RN";101;171;"CANGUARETAMA";"Pista Escorregadia";"Saída de leito carroçável";"Com Vítimas Feridas";"Pleno dia";"Decrescente";"Chuva";"Dupla";"Reta";"Não";1;0;1;0;0;0;1;1;-6,45751198;-35,11047927;"SPRF-RN";"DEL01-RN";"UOP01-DEL01-RN"
277607;2020-03-29;"domingo";"07:30:00";"MA";10;318,9;"ACAILANDIA";"Agressão Externa";"Queda de ocupante de veículo";"Com Vítimas Fatais";"Pleno dia";"Crescente";"Céu Claro";"Dupla";"Declive";"Não";4;1;0;1;2;0;1;2;-4,960145;-47,507481;"SPRF-MA";"DEL04-MA";"UOP03-DEL04-MA"
277608;2020-03-29;"domingo";"12:10:00";"MA";10;256;"IMPERATRIZ";"Desobediência às normas de trânsito pelo condutor";"Colisão traseira";"Com Vítimas Feridas";"Pleno dia";"Decrescente";"Sol";"Dupla";"Reta";"Sim";2;0;1;0;1;0;1;2;-5,499715;-47,471836;"SPRF-MA";"DEL04-MA";"UOP01-DEL04-MA"
277610;2020-03-29;"domingo";"15:30:00";"SC";470;18,9;"ILHOTA";"Falta de Atenção à Condução";"Queda de ocupante de veículo";"Com Vítimas Feridas";"Pleno dia";"Crescente";"Céu Claro";"Múltipla";"Reta";"Não";1;0;1;0;0;0;1;1;-26,855534;-48,808922;"SPRF-SC";"DEL04-SC";"UOP04-DEL04-SC"
277611;2020-03-29;"domingo";"14:30:00";"PI";316;56;"MONSENHOR GIL";"Falta de Atenção à Condução";"Saída de leito carroçável";"Com Vítimas Feridas";"Pleno dia";"Decrescente";"Céu Claro";"Simples";"Reta";"Não";2;0;2;0;0;0;2;1;-5,54323473;-42,62283776;"SPRF-PI";"DEL01-PI";"UOP02-DEL01-PI"
277612;2020-03-29;"domingo";"15:50:00";"MS";463;102;"PONTA PORA";"Falta de Atenção à Condução";"Colisão lateral";"Com Vítimas Feridas";"Pleno dia";"Decrescente";"Céu Claro";"Simples";"Interseção de Vias";"Não";4;0;3;0;0;1;3;2;-22,61648914;-55,6330446;"SPRF-MS";"DEL04-MS";"UOP03-DEL04-MS"
277613;2020-03-29;"domingo";"17:50:00";"RN";304;32,4;"MOSSORO";"Pista Escorregadia";"Saída de leito carroçável";"Com Vítimas Feridas";"Anoitecer";"Decrescente";"Chuva";"Simples";"Reta";"Sim";2;0;0;1;0;1;1;2;-5,13818266;-37,34527772;"SPRF-RN";"DEL04-RN";"UOP02-DEL04-RN"
277614;2020-03-29;"domingo";"16:15:00";"MG";40;624,8;"CONSELHEIRO LAFAIETE";"Agressão Externa";"Danos eventuais";"Com Vítimas Feridas";"Pleno dia";"Crescente";"Céu Claro";"Simples";"Reta";"Não";3;0;1;0;2;0;1;2;-20,61105611;-43,80635422;"SPRF-MG";"DEL05-MG";"UOP02-DEL05-MG"
277615;2020-03-29;"domingo";"17:25:00";"PI";343;327,7;"TERESINA";"Animais na Pista";"Atropelamento de Animal";"Com Vítimas Feridas";"Anoitecer";"Crescente";"Garoa/Chuvisco";"Simples";"Reta";"Não";1;0;1;0;0;0;1;1;-5,071425;-42,625938;"SPRF-PI";"DEL01-PI";"UOP01-DEL01-PI"
277616;2020-03-29;"domingo";"17:20:00";"GO";40;5,2;"VALPARAISO DE GOIAS";"Velocidade Incompatível";"Colisão traseira";"Sem Vítimas";"Pleno dia";"Crescente";"Céu Claro";"Dupla";"Declive";"Sim";2;0;0;0;2;0;0;2;-16,093134;-47,982236;"SPRF-DF";"DEL01-DF";"UOP01-DEL01-DF"
277617;2020-03-29;"domingo";"18:00:00";"SP";116;214;"GUARULHOS";"Ingestão de Álcool";"Colisão lateral";"Sem Vítimas";"Anoitecer";"Crescente";"Garoa/Chuvisco";"Múltipla";"Reta";"Sim";2;0;0;0;2;0;0;2;-23,44295065;-46,44557412;"SPRF-SP";"DEL01-SP";"UOP01-DEL01-SP"
277620;2020-03-25;"quarta-feira";"20:40:00";"RJ";101;399;"ITAGUAI";"Velocidade Incompatível";"Saída de leito carroçável";"Sem Vítimas";"Pleno dia";"Decrescente";"Céu Claro";"Dupla";"Reta";"Não";1;0;0;0;0;1;0;1;-22,85921896;-43,75891497;"SPRF-RJ";"DEL03-RJ";"UOP01-DEL03-RJ"
277621;2020-03-29;"domingo";"17:20:00";"RO";364;708;"PORTO VELHO";"Desobediência às normas de trânsito pelo condutor";"Atropelamento de Pedestre";"Sem Vítimas";"Pleno dia";"Crescente";"Céu Claro";"Dupla";"Reta";"Sim";2;0;0;0;2;0;0;2;-8,79554083;-63,84072487;"SPRF-RO";"DEL01-RO";"UOP01-DEL01-RO"
277622;2020-03-29;"domingo";"18:25:00";"BA";324;515;"FEIRA DE SANTANA";"Desobediência às normas de trânsito pelo condutor";"Colisão lateral";"Com Vítimas Feridas";"Plena Noite";"Crescente";"Céu Claro";"Simples";"Reta";"Sim";2;0;0;1;1;0;1;2;-12,23547809;-38,94396807;"SPRF-BA";"DEL02-BA";"UOP01-DEL02-BA"
277623;2020-03-29;"domingo";"18:20:00";"ES";101;164,4;"LINHARES";"Desobediência às normas de trânsito pelo condutor";"Colisão transversal";"Com Vítimas Feridas";"Plena Noite";"Crescente";"Céu Claro";"Simples";"Interseção de Vias";"Não";3;0;0;1;1;1;1;2;-19,50806061;-40,13606071;"SPRF-ES";"DEL04-ES";"UOP01-DEL04-ES"
277624;2020-03-29;"domingo";"17:50:00";"PB";104;134,9;"QUEIMADAS";"Defeito Mecânico no Veículo";"Colisão frontal";"Com Vítimas Feridas";"Anoitecer";"Decrescente";"Chuva";"Simples";"Reta";"Não";7;0;0;5;2;0;5;2;-7,325663;-35,896521;"SPRF-PB";"DEL02-PB";"UOP03-DEL02-PB"
277625;2020-03-29;"domingo";"18:30:00";"MG";381;487,5;"BETIM";"Velocidade Incompatível";"Colisão com objeto estático";"Com Vítimas Feridas";"Plena Noite";"Crescente";"Chuva";"Múltipla";"Curva";"Sim";2;0;1;0;1;0;1;2;-19,95586853;-44,14609501;"SPRF-MG";"DEL01-MG";"UOP03-DEL01-MG"
277627;2020-03-29;"domingo";"16:30:00";"GO";60;453;"JATAI";"Pista Escorregadia";"Saída de leito carroçável";"Com Vítimas Feridas";"Pleno dia";"Crescente";"Chuva";"Dupla";"Curva;Declive";"Não";1;0;1;0;0;0;1;1;-17,8565;-51,5532;"SPRF-GO";"DEL05-GO";"UOP01-DEL05-GO"
277630;2020-03-29;"domingo";"19:00:00";"PE";101;7,7;"GOIANA";"Falta de Atenção à Condução";"Colisão transversal";"Com Vítimas Fatais";"Plena Noite";"Decrescente";"Nublado";"Dupla";"Reta";"Não";2;1;0;0;1;0;0;2;-7,55997111;-34,99072674;"SPRF-PE";"DEL01-PE";"UOP02-DEL01-PE"
277631;2020-03-29;"domingo";"15:15:00";"PA";230;672;"BRASIL NOVO";"Desobediência às normas de trânsito pelo condutor";"Colisão transversal";"Com Vítimas Feridas";"Pleno dia";"Crescente";"Sol";"Dupla";"Curva;Declive";"Não";2;0;0;2;0;0;2;2;-3,296051;-52,489007;"SPRF-PA";"DEL04-PA";"UOP01-DEL04-PA"
277632;2020-03-29;"domingo";"18:45:00";"MG";381;487,2;"BETIM";"Fenômenos da Natureza";"Tombamento";"Com Vítimas Feridas";"Plena Noite";"Crescente";"Garoa/Chuvisco";"Dupla";"Curva;Declive";"Sim";1;0;1;0;0;0;1;1;-19,95586853;-44,14609501;"SPRF-MG";"DEL01-MG";"UOP03-DEL01-MG"
277633;2020-03-29;"domingo";"19:00:00";"PE";423;71;"JUPI";"Restrição de Visibilidade";"Atropelamento de Pedestre";"Com Vítimas Feridas";"Plena Noite";"Crescente";"Garoa/Chuvisco";"Simples";"Reta";"Não";5;0;0;2;3;0;2;4;-8,69250589;-36,41166726;"SPRF-PE";"DEL03-PE";"UOP01-DEL03-PE"
277635;2020-03-29;"domingo";"17:00:00";"RR";174;496;"BOA VISTA";"Ingestão de Álcool";"Saída de leito carroçável";"Sem Vítimas";"Pleno dia";"Crescente";"Céu Claro";"Dupla";"Reta";"Sim";1;0;0;0;1;0;0;1;2,758873;-60,73119;"SPRF-RR";"DEL01-RR";"UOP01-DEL01-RR"
277636;2020-03-29;"domingo";"18:45:00";"MS";163;548,5;"BANDEIRANTES";"Falta de Atenção à Condução";"Colisão transversal";"Com Vítimas Feridas";"Plena Noite";"Crescente";"Céu Claro";"Simples";"Reta";"Sim";2;0;1;0;1;0;1;2;-19,91869106;-54,36860922;"SPRF-MS";"DEL01-MS";"UOP02-DEL01-MS"
277637;2020-03-29;"domingo";"08:30:00";"BA";101;377,7;"IBIRAPITANGA";"Agressão Externa";"Saída de leito carroçável";"Com Vítimas Feridas";"Plena Noite";"Decrescente";"Céu Claro";"Simples";"Curva";"Não";2;0;1;0;1;0;1;1;-13,96449515;-39,47803932;"SPRF-BA";"DEL05-BA";"UOP03-DEL05-BA"
277638;2020-03-29;"domingo";"19:50:00";"GO";60;93,6;"ANAPOLIS";"Ingestão de Álcool";"Tombamento";"Com Vítimas Feridas";"Plena Noite";"Crescente";"Céu Claro";"Simples";"Reta";"Sim";2;0;1;1;0;0;2;1;-16,3538;-48,9268;"SPRF-GO";"DEL02-GO";"UOP01-DEL02-GO"
277642;2020-03-29;"domingo";"18:50:00";"CE";222;34;"CAUCAIA";"Animais na Pista";"Atropelamento de Animal";"Com Vítimas Feridas";"Plena Noite";"Crescente";"Céu Claro";"Simples";"Reta";"Não";2;0;0;2;0;0;2;1;-3,70296419;-38,85572805;"SPRF-CE";"DEL01-CE";"UOP01-DEL01-CE"
277644;2020-03-29;"domingo";"19:50:00";"SP";116;144;"SAO JOSE DOS CAMPOS";"Velocidade Incompatível";"Saída de leito carroçável";"Com Vítimas Feridas";"Plena Noite";"Decrescente";"Chuva";"Múltipla";"Declive";"Sim";4;0;2;0;2;0;2;1;-23,18274416;-45,84633592;"SPRF-SP";"DEL02-SP";"UOP01-DEL02-SP"
277646;2020-03-29;"domingo";"19:10:00";"PA";316;48;"CASTANHAL";"Avarias e/ou desgaste excessivo no pneu";"Tombamento";"Com Vítimas Feridas";"Plena Noite";"Crescente";"Céu Claro";"Dupla";"Reta";"Não";2;0;0;2;0;0;2;1;-1,29155307;-48,05614099;"SPRF-PA";"DEL01-PA";"UOP01-DEL01-PA"
277647;2020-03-29;"domingo";"18:20:00";"AC";364;124;"RIO BRANCO";"Ingestão de Álcool";"Saída de leito carroçável";"Sem Vítimas";"Plena Noite";"Decrescente";"Céu Claro";"Dupla";"Reta";"Sim";1;0;0;0;1;0;0;1;-10,01152469;-67,79140099;"SPRF-AC";"DEL01-AC";"UOP01-DEL01-AC"
277648;2020-03-29;"domingo";"21:03:00";"RJ";101;486;"ANGRA DOS REIS";"Desobediência às normas de trânsito pelo condutor";"Colisão frontal";"Com Vítimas Feridas";"Pleno dia";"Crescente";"Chuva";"Simples";"Reta";"Sim";2;0;0;2;0;0;2;2;-22,97708786;-44,29634653;"SPRF-RJ";"DEL03-RJ";"UOP02-DEL03-RJ"
277649;2020-03-29;"domingo";"20:50:00";"SC";101;119;"ITAJAI";"Falta de Atenção à Condução";"Queda de ocupante de veículo";"Com Vítimas Feridas";"Pleno dia";"Decrescente";"Céu Claro";"Múltipla";"Reta";"Sim";1;0;1;0;0;0;1;1;-26,9043179;-48,71555481;"SPRF-SC";"DEL04-SC";"UOP04-DEL04-SC"
277650;2020-03-29;"domingo";"21:30:00";"PR";116;98;"SAO JOSE DOS PINHAIS";"Falta de Atenção do Pedestre";"Atropelamento de Pedestre";"Com Vítimas Fatais";"Plena Noite";"Crescente";"Céu Claro";"Dupla";"Reta";"Não";3;1;1;0;1;0;1;2;-25,550639;-49,15025;"SPRF-PR";"DEL01-PR";"UOP01-DEL01-PR"
277651;2020-03-29;"domingo";"21:25:00";"PR";376;648;"TIJUCAS DO SUL";"Falta de Atenção à Condução";"Saída de leito carroçável";"Sem Vítimas";"Plena Noite";"Decrescente";"Céu Claro";"Dupla";"Reta";"Não";1;0;0;0;1;0;0;1;-25,84026108;-49,10549706;"SPRF-PR";"DEL01-PR";"UOP04-DEL01-PR"
277652;2020-03-29;"domingo";"20:00:00";"RO";364;673;"CANDEIAS DO JAMARI";"Defeito na Via";"Tombamento";"Com Vítimas Feridas";"Plena Noite";"Crescente";"Céu Claro";"Dupla";"Reta";"Não";2;0;1;0;0;1;1;1;-8,77885388;-63,52559801;"SPRF-RO";"DEL01-RO";"UOP01-DEL01-RO"
277653;2020-03-29;"domingo";"19:30:00";"RJ";40;56;"PETROPOLIS";"Velocidade Incompatível";"Colisão com objeto estático";"Com Vítimas Feridas";"Plena Noite";"Crescente";"Nublado";"Simples";"Curva";"Não";2;0;2;0;0;0;2;2;-22,36179383;-43,12627244;"SPRF-RJ";"DEL05-RJ";"UOP02-DEL05-RJ"
277656;2020-03-29;"domingo";"20:20:00";"PB";230;243;"JUAZEIRINHO";"Desobediência às normas de trânsito pelo condutor";"Colisão lateral";"Com Vítimas Feridas";"Plena Noite";"Decrescente";"Garoa/Chuvisco";"Simples";"Reta";"Sim";2;0;0;1;0;1;1;2;-7,0689;-36,5893;"SPRF-PB";"DEL02-PB";"UOP02-DEL02-PB"
277658;2020-03-29;"domingo";"22:15:00";"RN";304;242;"RIACHUELO";"Falta de Atenção à Condução";"Colisão com objeto estático";"Com Vítimas Feridas";"Plena Noite";"Crescente";"Céu Claro";"Simples";"Reta";"Não";1;0;1;0;0;0;1;1;-5,81157;-35,821495;"SPRF-RN";"DEL01-RN";"UOP02-DEL01-RN"
277663;2020-03-29;"domingo";"21:50:00";"SC";101;336,7;"TUBARAO";"Ingestão de Álcool";"Colisão com objeto estático";"Sem Vítimas";"Plena Noite";"Crescente";"Céu Claro";"Simples";"Viaduto";"Sim";1;0;0;0;1;0;0;1;-28,47650027;-49,02982593;"SPRF-SC";"DEL02-SC";"UOP01-DEL02-SC"
277664;2020-03-29;"domingo";"19:00:00";"GO";364;1,4;"SAO SIMAO";"Falta de Atenção à Condução";"Tombamento";"Com Vítimas Fatais";"Plena Noite";"Crescente";"Nublado";"Simples";"Reta";"Sim";3;1;0;1;0;1;1;3;-19,040205;-50,510254;"SPRF-GO";"DEL05-GO";"UOP02-DEL05-GO"
277666;2020-03-29;"domingo";"22:40:00";"SC";470;121;"IBIRAMA";"Velocidade Incompatível";"Colisão com objeto estático";"Com Vítimas Feridas";"Plena Noite";"Decrescente";"Chuva";"Simples";"Curva";"Sim";2;0;1;0;1;0;1;1;-27,09611444;-49,53083038;"SPRF-SC";"DEL04-SC";"UOP02-DEL04-SC"
277668;2020-03-29;"domingo";"23:30:00";"MG";381;912,8;"CAMANDUCAIA";"Velocidade Incompatível";"Colisão com objeto estático";"Com Vítimas Feridas";"Plena Noite";"Decrescente";"Chuva";"Dupla";"Curva;Retorno Regulamentado";"Não";2;0;1;0;1;0;1;1;-22,74838439;-46,1396147;"SPRF-MG";"DEL16-MG";"UOP03-DEL16-MG"
277671;2020-03-30;"segunda-feira";"00:40:00";"ES";393;4;"CACHOEIRO DE ITAPEMIRIM";"Animais na Pista";"Tombamento";"Com Vítimas Feridas";"Plena Noite";"Decrescente";"Nublado";"Simples";"Túnel";"Não";1;0;0;1;0;0;1;1;-20,82689705;-41,19267505;"SPRF-ES";"DEL03-ES";"UOP02-DEL03-ES"
277672;2020-03-30;"segunda-feira";"00:30:00";"PR";277;104;"CAMPO LARGO";"Falta de Atenção à Condução";"Saída de leito carroçável";"Sem Vítimas";"Plena Noite";"Decrescente";"Céu Claro";"Dupla";"Reta";"Não";1;0;0;0;0;1;0;1;-25,49678798;-49,3426549;"SPRF-PR";"DEL01-PR";"UOP06-DEL01-PR"
277673;2020-03-30;"segunda-feira";"02:50:00";"SC";101;137,9;"ITAPEMA";"Ingestão de Álcool";"Colisão com objeto estático";"Com Vítimas Feridas";"Plena Noite";"Crescente";"Ignorado";"Múltipla";"Reta";"Sim";2;0;2;0;0;0;2;1;-27,0157238;-48,61192763;"SPRF-SC";"DEL04-SC";"UOP03-DEL04-SC"
277674;2020-03-30;"segunda-feira";"03:10:00";"ES";101;150;"LINHARES";"Falta de Atenção à Condução";"Atropelamento de Pedestre";"Com Vítimas Feridas";"Plena Noite";"Crescente";"Céu Claro";"Simples";"Interseção de Vias";"Sim";3;0;0;1;2;0;1;2;-19,3991;-40,06278;"SPRF-ES";"DEL04-ES";"UOP01-DEL04-ES"
277675;2020-03-29;"domingo";"18:50:00";"MS";267;227,8;"NOVA ALVORADA DO SUL";"Falta de Atenção à Condução";"Tombamento";"Com Vítimas Feridas";"Plena Noite";"Decrescente";"Nublado";"Simples";"Reta";"Não";1;0;1;0;0;0;1;1;-21,53744068;-54,18926297;"SPRF-MS";"DEL02-MS";"UOP01-DEL02-MS"
277676;2020-03-30;"segunda-feira";"04:00:00";"RS";290;53;"GLORINHA";"Animais na Pista";"Tombamento";"Com Vítimas Feridas";"Plena Noite";"Crescente";"Céu Claro";"Dupla";"Reta";"Não";1;0;0;1;0;0;1;1;-29,912077;-50,787758;"SPRF-RS";"DEL03-RS";"UOP01-DEL03-RS"
277677;2020-03-30;"segunda-feira";"04:40:00";"PE";101;77,1;"RECIFE";"Animais na Pista";"Atropelamento de Animal";"Com Vítimas Feridas";"Amanhecer";"Crescente";"Nublado";"Dupla";"Curva;Declive";"Sim";1;0;1;0;0;0;1;1;-8,126982;-34,94386;"SPRF-PE";"DEL01-PE";"UOP01-DEL01-PE"
277678;2020-03-30;"segunda-feira";"02:45:00";"PR";476;122;"CURITIBA";"Desobediência às normas de trânsito pelo condutor";"Colisão com objeto estático";"Com Vítimas Fatais";"Plena Noite";"Decrescente";"Céu Claro";"Múltipla";"Reta";"Sim";1;1;0;0;0;0;0;1;-25,389391;-49,205712;"SPRF-PR";"DEL01-PR";"UOP07-DEL01-PR"
277679;2020-03-30;"segunda-feira";"04:40:00";"PB";101;1,4;"MATARACA";"Velocidade Incompatível";"Colisão com objeto estático";"Com Vítimas Feridas";"Amanhecer";"Decrescente";"Chuva";"Dupla";"Reta";"Não";2;0;1;0;1;0;1;1;-6,51423092;-35,11133633;"SPRF-PB";"DEL01-PB";"UOP04-DEL01-PB"
277680;2020-03-30;"segunda-feira";"05:00:00";"SP";116;214;"GUARULHOS";"Falta de Atenção à Condução";"Colisão lateral";"Com Vítimas Feridas";"Amanhecer";"Crescente";"Nublado";"Múltipla";"Aclive;Reta";"Sim";2;0;0;1;1;0;1;2;-23,44333014;-46,44531294;"SPRF-SP";"DEL01-SP";"UOP01-DEL01-SP"
277681;2020-03-30;"segunda-feira";"05:50:00";"ES";101;150;"LINHARES";"Condutor Dormindo";"Colisão com objeto estático";"Com Vítimas Feridas";"Amanhecer";"Decrescente";"Céu Claro";"Múltipla";"Curva";"Sim";2;0;1;0;1;0;1;1;-19,40436634;-40,06078896;"SPRF-ES";"DEL04-ES";"UOP01-DEL04-ES"
277683;2020-03-30;"segunda-feira";"06:20:00";"PR";277;583,5;"CASCAVEL";"Falta de Atenção à Condução";"Colisão frontal";"Com Vítimas Feridas";"Amanhecer";"Crescente";"Nevoeiro/Neblina";"Dupla";"Reta";"Sim";2;0;2;0;0;0;2;2;-24,96684176;-53,40258186;"SPRF-PR";"DEL04-PR";"UOP01-DEL04-PR"
277685;2020-03-30;"segunda-feira";"05:40:00";"RS";287;512;"SAO BORJA";"Ingestão de Álcool";"Saída de leito carroçável";"Com Vítimas Feridas";"Amanhecer";"Decrescente";"Céu Claro";"Simples";"Reta";"Não";1;0;1;0;0;0;1;1;-28,76843075;-55,79503285;"SPRF-RS";"DEL12-RS";"UOP01-DEL12-RS"