"id";"data_inversa";"dia_semana";"horario";"uf";"br";"km";"municipio";"causa_acidente";"tipo_acidente";"classificacao_acidente";"fase_dia";"sentido_via";"condicao_metereologica";"tipo_pista";"tracado_via";"uso_solo";"pessoas";"mortos";"feridos_leves";"feridos_graves";"ilesos";"ignorados";"feridos";"veiculos";"latitude";"longitude";"regional";"delegacia";"uop"
277687;2020-03-30;"segunda-feira";"08:00:00";"CE";116;5;"FORTALEZA";"Falta de Atenção à Condução";"Queda de ocupante de veículo";"Com Vítimas Feridas";"Pleno dia";"Decrescente";"Nublado";"Simples";"Curva";"Sim";1;0;1;0;0;0;1;1;-3,79467116;-38,50772734;"SPRF-CE";"DEL01-CE";"UOP02-DEL01-CE"
277688;2020-03-30;"segunda-feira";"07:30:00";"PR";376;238;"APUCARANA";"Falta de Atenção à Condução";"Colisão frontal";"Com Vítimas Feridas";"Pleno dia";"Crescente";"Céu Claro";"Simples";"Em Obras";"Não";2;0;0;1;1;0;1;2;-23,58424402;-51,46579742;"SPRF-PR";"DEL07-PR";"UOP03-DEL07-PR"
277689;2020-03-30;"segunda-feira";"07:45:00";"PB";101;35,7;"MAMANGUAPE";"Avarias e/ou desgaste excessivo no pneu";"Colisão com objeto estático";"Com Vítimas Feridas";"Pleno dia";"Crescente";"Chuva";"Dupla";"Reta";"Não";3;0;1;0;0;2;1;1;-6,79401305;-35,13707183;"SPRF-PB";"DEL01-PB";"UOP04-DEL01-PB"
277690;2020-03-30;"segunda-feira";"08:30:00";"RJ";393;177;"TRES RIOS";"Animais na Pista";"Tombamento";"Com Vítimas Feridas";"Pleno dia";"Decrescente";"Nublado";"Simples";"Reta";"Sim";2;0;2;0;0;0;2;1;-22,1305317;-43,22040965;"SPRF-RJ";"DEL05-RJ";"UOP03-DEL05-RJ"
277694;2020-03-30;"segunda-feira";"09:50:00";"SC";101;198,7;"SAO JOSE";"Defeito Mecânico no Veículo";"Queda de ocupante de veículo";"Com Vítimas Feridas";"Pleno dia";"Decrescente";"Céu Claro";"Múltipla";"Reta";"Sim";2;0;2;0;0;0;2;1;-27,52658712;-48,63506019;"SPRF-SC";"DEL01-SC";"UOP01-DEL01-SC"
277696;2020-03-30;"segunda-feira";"08:40:00";"MT";70;733,7;"CACERES";"Falta de Atenção à Condução";"Queda de ocupante de veículo";"Com Vítimas Feridas";"Pleno dia";"Decrescente";"Céu Claro";"Simples";"Reta";"Sim";2;0;1;0;1;0;1;2;-16,085808;-57,696742;"SPRF-MT";"DEL03-MT";"UOP01-DEL03-MT"
277697;2020-03-30;"segunda-feira";"08:40:00";"RO";364;341;"JI-PARANA";"Não guardar distância de segurança";"Colisão traseira";"Com Vítimas Feridas";"Pleno dia";"Decrescente";"Nublado";"Dupla";"Reta";"Sim";2;0;1;0;1;0;1;2;-10,88823359;-61,93239927;"SPRF-RO";"DEL02-RO";"UOP01-DEL02-RO"
277699;2020-03-30;"segunda-feira";"09:05:00";"AL";104;83,2;"RIO LARGO";"Falta de Atenção à Condução";"Tombamento";"Com Vítimas Feridas";"Pleno dia";"Crescente";"Nublado";"Simples";"Viaduto";"Não";2;0;2;0;0;0;2;1;-9,44165773;-35,83538341;"SPRF-AL";"DEL01-AL";"UOP01-DEL01-AL"
277700;2020-03-30;"segunda-feira";"06:40:00";"SC";282;639;"DESCANSO";"Defeito Mecânico no Veículo";"Tombamento";"Com Vítimas Feridas";"Amanhecer";"Crescente";"Céu Claro";"Simples";"Reta";"Não";1;0;1;0;0;0;1;1;-26,793066;-53,451859;"SPRF-SC";"DEL07-SC";"UOP03-DEL07-SC"
277702;2020-03-30;"segunda-feira";"10:40:00";"GO";80;26;"PADRE BERNARDO";"Falta de Atenção à Condução";"Colisão lateral";"Com Vítimas Feridas";"Pleno dia";"Decrescente";"Céu Claro";"Dupla";"Reta";"Não";4;0;2;0;2;0;2;2;-15,328886;-48,231654;"SPRF-DF";"DEL03-DF";"UOP02-DEL03-DF"
277705;2020-03-30;"segunda-feira";"10:00:00";"GO";60;92,3;"ANAPOLIS";"Defeito Mecânico no Veículo";"Danos eventuais";"Sem Vítimas";"Pleno dia";"Decrescente";"Céu Claro";"Dupla";"Reta";"Sim";1;0;0;0;1;0;0;1;-16,353;-48,9178;"SPRF-GO";"DEL02-GO";"UOP01-DEL02-GO"
277706;2020-03-30;"segunda-feira";"09:30:00";"MG";381;595,7;"CARMOPOLIS DE MINAS";"Falta de Atenção à Condução";"Colisão com objeto estático";"Sem Vítimas";"Pleno dia";"Crescente";"Nublado";"Dupla";"Reta";"Não";1;0;0;0;1;0;0;1;-20,59692997;-44,70822603;"SPRF-MG";"DEL04-MG";"UOP01-DEL04-MG"
277707;2020-03-30;"segunda-feira";"11:00:00";"RJ";116;193;"QUEIMADOS";"Defeito Mecânico no Veículo";"Queda de ocupante de veículo";"Com Vítimas Feridas";"Pleno dia";"Crescente";"Céu Claro";"Múltipla";"Reta";"Não";2;0;2;0;0;0;2;1;-22,73960178;-43,52859094;"SPRF-RJ";"DEL01-RJ";"UOP02-DEL01-RJ"
277708;2020-03-30;"segunda-feira";"11:30:00";"MG";40;480,9;"SETE LAGOAS";"Defeito Mecânico no Veículo";"Incêndio";"Com Vítimas Feridas";"Pleno dia";"Decrescente";"Céu Claro";"Dupla";"Reta";"Não";1;0;1;0;0;0;1;1;-19,54293519;-44,2485434;"SPRF-MG";"DEL02-MG";"UOP01-DEL02-MG"
277709;2020-03-30;"segunda-feira";"06:30:00";"RJ";116;195;"QUEIMADOS";"Falta de Atenção à Condução";"Queda de ocupante de veículo";"Com Vítimas Feridas";"Pleno dia";"Crescente";"Ignorado";"Dupla";"Reta";"Sim";2;0;1;0;0;1;1;1;-22,73573614;-43,54749701;"SPRF-RJ";"DEL01-RJ";"UOP02-DEL01-RJ"
277711;2020-03-30;"segunda-feira";"09:50:00";"SC";282;521;"XAXIM";"Falta de Atenção à Condução";"Colisão traseira";"Com Vítimas Feridas";"Pleno dia";"Crescente";"Céu Claro";"Simples";"Reta";"Não";2;0;1;0;1;0;1;2;-26,950993;-52,534767;"SPRF-SC";"DEL07-SC";"UOP01-DEL07-SC"
277712;2020-03-30;"segunda-feira";"12:00:00";"SP";116;285;"ITAPECERICA DA SERRA";"Animais na Pista";"Queda de ocupante de veículo";"Com Vítimas Feridas";"Pleno dia";"Crescente";"Céu Claro";"Dupla";"Reta";"Não";1;0;1;0;0;0;1;1;-23,70407794;-46,87249709;"SPRF-SP";"DEL04-SP";"UOP01-DEL04-SP"
277713;2020-03-30;"segunda-feira";"11:50:00";"BA";242;835;"BARREIRAS";"Defeito Mecânico no Veículo";"Incêndio";"Sem Vítimas";"Pleno dia";"Crescente";"Céu Claro";"Simples";"Reta";"Não";2;0;0;0;2;0;0;1;-12,1057111;-45,31559944;"SPRF-BA";"DEL10-BA";"UOP01-DEL10-BA"
277714;2020-03-30;"segunda-feira";"12:10:00";"MG";381;509,6;"SAO JOAQUIM DE BICAS";"Velocidade Incompatível";"Saída de leito carroçável";"Com Vítimas Feridas";"Pleno dia";"Crescente";"Sol";"Múltipla";"Curva";"Sim";4;0;3;1;0;0;4;1;-20,05044862;-44,27902222;"SPRF-MG";"DEL01-MG";"UOP03-DEL01-MG"
277715;2020-03-07;"sábado";"02:30:00";"MG";40;43,4;"PARACATU";"Desobediência às normas de trânsito pelo condutor";"Colisão transversal";"Com Vítimas Feridas";"Plena Noite";"Decrescente";"Chuva";"Múltipla";"Aclive";"Sim";2;0;1;0;1;0;1;2;-17,22598002;-46,86163701;"SPRF-MG";"DEL14-MG";"UOP01-DEL14-MG"
277718;2020-03-30;"segunda-feira";"10:00:00";"MG";116;413,4;"GOVERNADOR VALADARES";"Desobediência às normas de trânsito pelo condutor";"Colisão transversal";"Com Vítimas Feridas";"Pleno dia";"Crescente";"Sol";"Simples";"Reta";"Sim";2;0;1;1;0;0;2;2;-18,87565095;-41,96483374;"SPRF-MG";"DEL06-MG";"UOP01-DEL06-MG"
277719;2020-03-30;"segunda-feira";"13:45:00";"TO";153;336;"GUARAI";"Falta de Atenção à Condução";"Colisão transversal";"Com Vítimas Feridas";"Pleno dia";"Decrescente";"Céu Claro";"Simples";"Reta";"Sim";2;0;1;0;1;0;1;2;-8,85386;-48,508884;"SPRF-TO";"DEL02-TO";"UOP02-DEL02-TO"
277720;2020-03-03;"terça-feira";"20:30:00";"PA";230;121,5;"MARABA";"Sinalização da via insuficiente ou inadequada";"Colisão transversal";"Com Vítimas Feridas";"Plena Noite";"Decrescente";"Céu Claro";"Dupla";"Declive";"Sim";2;0;1;0;1;0;1;2;-5,35297407;-49,12143673;"SPRF-PA";"DEL03-PA";"UOP01-DEL03-PA"
277721;2020-03-30;"segunda-feira";"13:40:00";"SP";153;108;"JOSE BONIFACIO";"Desobediência às normas de trânsito pelo condutor";"Colisão transversal";"Com Vítimas Feridas";"Pleno dia";"Crescente";"Céu Claro";"Simples";"Rotatória";"Sim";6;0;4;0;2;0;4;2;-21,07208391;-49,66656517;"SPRF-SP";"DEL09-SP";"UOP01-DEL09-SP"
277722;2020-03-10;"terça-feira";"08:30:00";"PA";316;111;"SANTA MARIA DO PARA";"Desobediência às normas de trânsito pelo condutor";"Colisão transversal";"Com Vítimas Feridas";"Pleno dia";"Crescente";"Chuva";"Simples";"Interseção de Vias";"Não";4;0;3;0;1;0;3;2;-1,31708992;-47,51316503;"SPRF-PA";"DEL01-PA";"UOP02-DEL01-PA"
277723;2020-03-19;"quinta-feira";"12:00:00";"PA";422;10;"NOVO REPARTIMENTO";"Pista Escorregadia";"Saída de leito carroçável";"Com Vítimas Feridas";"Pleno dia";"Decrescente";"Chuva";"Simples";"Reta";"Não";3;0;3;0;0;0;3;1;-4,20769984;-49,90857215;"SPRF-PA";"DEL03-PA";"UOP01-DEL03-PA"
277728;2020-03-30;"segunda-feira";"12:30:00";"MG";364;9;"FRUTAL";"Falta de Atenção à Condução";"Saída de leito carroçável";"Com Vítimas Feridas";"Pleno dia";"Decrescente";"Céu Claro";"Simples";"Declive";"Não";2;0;2;0;0;0;2;1;-20,025185;-48,94096;"SPRF-MG";"DEL13-MG";"UOP02-DEL13-MG"
277734;2020-03-30;"segunda-feira";"13:00:00";"MA";226;526;"LAJEADO NOVO";"Falta de Atenção à Condução";"Colisão transversal";"Com Vítimas Fatais";"Pleno dia";"Crescente";"Céu Claro";"Simples";"Reta";"Sim";2;1;0;0;1;0;0;2;-6,19265122;-47,03779221;"SPRF-MA";"DEL04-MA";"UOP02-DEL04-MA"
277735;2020-03-30;"segunda-feira";"11:45:00";"SC";282;263,7;"SAO JOSE DO CERRITO";"Desobediência às normas de trânsito pelo condutor";"Colisão transversal";"Com Vítimas Fatais";"Pleno dia";"Crescente";"Céu Claro";"Simples";"Interseção de Vias";"Não";3;2;0;0;1;0;0;2;-27,626875;-50,624406;"SPRF-SC";"DEL05-SC";"UOP02-DEL05-SC"
277736;2020-03-30;"segunda-feira";"16:05:00";"MG";381;490,9;"BETIM";"Velocidade Incompatível";"Colisão traseira";"Com Vítimas Feridas";"Pleno dia";"Crescente";"Sol";"Dupla";"Aclive;Reta";"Sim";2;0;1;0;1;0;1;2;-19,96502819;-44,17422195;"SPRF-MG";"DEL01-MG";"UOP03-DEL01-MG"
277738;2020-03-30;"segunda-feira";"16:50:00";"PR";476;140;"CURITIBA";"Desobediência às normas de trânsito pelo condutor";"Colisão traseira";"Com Vítimas Feridas";"Pleno dia";"Crescente";"Céu Claro";"Múltipla";"Reta";"Sim";2;0;1;0;1;0;1;2;-25,520693;-49,294121;"SPRF-PR";"DEL01-PR";"UOP03-DEL01-PR"
277739;2020-03-30;"segunda-feira";"16:55:00";"PR";277;99;"CURITIBA";"Não guardar distância de segurança";"Capotamento";"Com Vítimas Feridas";"Pleno dia";"Decrescente";"Céu Claro";"Simples";"Reta";"Não";1;0;1;0;0;0;1;1;-25,53375211;-49,31824405;"SPRF-PR";"DEL01-PR";"UOP06-DEL01-PR"
277740;2020-03-30;"segunda-feira";"17:05:00";"MG";262;810,3;"UBERABA";"Defeito Mecânico no Veículo";"Queda de ocupante de veículo";"Com Vítimas Feridas";"Pleno dia";"Decrescente";"Nublado";"Dupla";"Reta";"Sim";2;0;1;0;1;0;1;2;-19,76051836;-48,04440502;"SPRF-MG";"DEL13-MG";"UOP01-DEL13-MG"
277744;2020-03-30;"segunda-feira";"16:30:00";"BA";101;926;"NOVA VICOSA";"Desobediência às normas de trânsito pelo condutor";"Colisão lateral";"Com Vítimas Feridas";"Pleno dia";"Decrescente";"Céu Claro";"Simples";"Reta;Aclive";"Não";2;0;1;0;1;0;1;2;-17,931831;-39,840599;"SPRF-BA";"DEL09-BA";"UOP02-DEL09-BA"
277745;2020-03-30;"segunda-feira";"17:50:00";"PR";376;183;"SARANDI";"Avarias e/ou desgaste excessivo no pneu";"Tombamento";"Com Vítimas Feridas";"Pleno dia";"Crescente";"Sol";"Dupla";"Reta";"Sim";2;0;2;0;0;0;2;1;-23,436101;-51,880204;"SPRF-PR";"DEL09-PR";"UOP01-DEL09-PR"
277746;2020-03-30;"segunda-feira";"15:00:00";"MA";222;619,2;"ACAILANDIA";"Animais na Pista";"Atropelamento de Animal";"Sem Vítimas";"Pleno dia";"Decrescente";"Céu Claro";"Simples";"Reta";"Não";2;0;0;0;2;0;0;1;-4,76489336;-47,05419172;"SPRF-MA";"DEL04-MA";"UOP03-DEL04-MA"
277747;2020-03-30;"segunda-feira";"17:10:00";"PE";101;49;"ABREU E LIMA";"Falta de Atenção do Pedestre";"Atropelamento de Pedestre";"Com Vítimas Feridas";"Anoitecer";"Crescente";"Nublado";"Múltipla";"Reta";"Sim";3;0;3;0;0;0;3;2;-7,898419;-34,902708;"SPRF-PE";"DEL01-PE";"UOP02-DEL01-PE"
277750;2020-03-30;"segunda-feira";"17:10:00";"RS";153;43,5;"ERECHIM";"Velocidade Incompatível";"Saída de leito carroçável";"Com Vítimas Feridas";"Pleno dia";"Crescente";"Chuva";"Simples";"Curva";"Não";1;0;1;0;0;0;1;1;-27,61448106;-52,23956251;"SPRF-RS";"DEL08-RS";"UOP04-DEL08-RS"
277751;2020-03-30;"segunda-feira";"18:15:00";"RJ";393;282,1;"VOLTA REDONDA";"Desobediência às normas de trânsito pelo condutor";"Colisão transversal";"Com Vítimas Feridas";"Anoitecer";"Decrescente";"Nublado";"Simples";"Reta";"Sim";2;0;0;1;1;0;1;2;-22,48082784;-44,04047201;"SPRF-RJ";"DEL05-RJ";"UOP04-DEL05-RJ"
277753;2020-03-30;"segunda-feira";"18:10:00";"AL";316;83;"SANTANA DO IPANEMA";"Falta de Atenção à Condução";"Atropelamento de Pedestre";"Com Vítimas Fatais";"Plena Noite";"Decrescente";"Céu Claro";"Simples";"Ponte;Reta";"Sim";2;1;1;0;0;0;1;2;-9,366607;-37,258503;"SPRF-AL";"DEL03-AL";"UOP02-DEL03-AL"
277754;2020-03-30;"segunda-feira";"17:30:00";"PR";476;131;"CURITIBA";"Falta de Atenção à Condução";"Colisão frontal";"Com Vítimas Feridas";"Anoitecer";"Crescente";"Céu Claro";"Simples";"Reta";"Sim";2;0;1;0;1;0;1;2;-25,453636;-49,245155;"SPRF-PR";"DEL01-PR";"UOP07-DEL01-PR"
277755;2020-03-09;"segunda-feira";"18:30:00";"AC";317;40;"SENADOR GUIOMARD";"Falta de Atenção do Pedestre";"Colisão frontal";"Sem Vítimas";"Anoitecer";"Crescente";"Céu Claro";"Simples";"Reta";"Não";2;0;0;0;1;1;0;2;-9,91203827;-67,44747162;"SPRF-AC";"DEL01-AC";"UOP01-DEL01-AC"
277757;2020-03-30;"segunda-feira";"15:00:00";"MG";116;406,8;"GOVERNADOR VALADARES";"Falta de Atenção à Condução";"Tombamento";"Com Vítimas Feridas";"Pleno dia";"Crescente";"Céu Claro";"Simples";"Retorno Regulamentado";"Não";1;0;0;1;0;0;1;1;-18,82669347;-41,98753335;"SPRF-MG";"DEL06-MG";"UOP01-DEL06-MG"
277758;2020-03-04;"quarta-feira";"14:50:00";"PA";163;993;"SANTAREM";"Não guardar distância de segurança";"Colisão traseira";"Com Vítimas Feridas";"Pleno dia";"Crescente";"Céu Claro";"Simples";"Reta";"Não";2;0;1;0;1;0;1;2;-2,529841;-54,722595;"SPRF-PA";"DEL05-PA";"UOP01-DEL05-PA"
277759;2020-03-30;"segunda-feira";"18:40:00";"RJ";116;183;"NOVA IGUACU";"Desobediência às normas de trânsito pelo condutor";"Colisão traseira";"Com Vítimas Feridas";"Plena Noite";"Crescente";"Céu Claro";"Dupla";"Reta";"Sim";3;0;1;0;1;1;1;3;-22,7516014;-43,43849831;"SPRF-RJ";"DEL01-RJ";"UOP02-DEL01-RJ"
277760;2020-03-30;"segunda-feira";"18:30:00";"RS";287;513,9;"SAO BORJA";"Animais na Pista";"Atropelamento de Animal";"Com Vítimas Feridas";"Anoitecer";"Decrescente";"Céu Claro";"Simples";"Reta";"Não";1;0;1;0;0;0;1;1;-28,76237191;-55,80255689;"SPRF-RS";"DEL12-RS";"UOP01-DEL12-RS"
277761;2020-03-30;"segunda-feira";"18:30:00";"RJ";116;66;"TERESOPOLIS";"Falta de Atenção à Condução";"Queda de ocupante de veículo";"Com Vítimas Feridas";"Plena Noite";"Decrescente";"Nublado";"Simples";"Curva";"Não";1;0;1;0;0;0;1;1;-22,28530513;-42,9306046;"SPRF-RJ";"DEL04-RJ";"UOP01-DEL04-RJ"
277763;2020-03-30;"segunda-feira";"19:10:00";"PR";476;149,2;"ARAUCARIA";"Falta de Atenção à Condução";"Colisão transversal";"Com Vítimas Feridas";"Plena Noite";"Crescente";"Nublado";"Múltipla";"Reta";"Sim";2;0;2;0;0;0;2;2;-25,55763852;-49,36068177;"SPRF-PR";"DEL01-PR";"UOP06-DEL01-PR"
277768;2020-03-30;"segunda-feira";"19:20:00";"PI";343;568;"FLORIANO";"Avarias e/ou desgaste excessivo no pneu";"Danos eventuais";"Com Vítimas Feridas";"Plena Noite";"Crescente";"Céu Claro";"Simples";"Reta";"Não";2;0;2;0;0;0;2;1;-6,716117;-42,92231;"SPRF-PI";"DEL03-PI";"UOP01-DEL03-PI"
277770;2020-03-30;"segunda-feira";"20:40:00";"SC";101;147,6;"ITAPEMA";"Avarias e/ou desgaste excessivo no pneu";"Queda de ocupante de veículo";"Com Vítimas Feridas";"Plena Noite";"Decrescente";"Céu Claro";"Dupla";"Reta";"Sim";1;0;1;0;0;0;1;1;-27,09237407;-48,61730888;"SPRF-SC";"DEL04-SC";"UOP03-DEL04-SC"
277772;2020-03-30;"segunda-feira";"20:30:00";"PE";407;127;"PETROLINA";"Falta de Atenção à Condução";"Colisão transversal";"Com Vítimas Feridas";"Plena Noite";"Decrescente";"Céu Claro";"Simples";"Interseção de Vias";"Sim";3;0;2;0;1;0;2;2;-9,3908678;-40,52038627;"SPRF-PE";"DEL06-PE";"UOP01-DEL06-PE"
277773;2020-03-30;"segunda-feira";"21:50:00";"SP";116;199;"ARUJA";"Falta de Atenção à Condução";"Tombamento";"Com Vítimas Feridas";"Plena Noite";"Crescente";"Céu Claro";"Múltipla";"Reta";"Sim";1;0;1;0;0;0;1;1;-23,40185327;-46,31154312;"SPRF-SP";"DEL01-SP";"UOP01-DEL01-SP"
277775;2020-03-30;"segunda-feira";"20:55:00";"CE";222;209,7;"FORQUILHA";"Animais na Pista";"Atropelamento de Animal";"Com Vítimas Feridas";"Plena Noite";"Crescente";"Nublado";"Simples";"Reta";"Não";1;0;0;1;0;0;1;1;-3,79796009;-40,25863302;"SPRF-CE";"DEL04-CE";"UOP01-DEL04-CE"
277776;2020-03-30;"segunda-feira";"22:15:00";"RS";386;438,2;"NOVA SANTA RITA";"Ingestão de Álcool";"Saída de leito carroçável";"Com Vítimas Feridas";"Plena Noite";"Crescente";"Céu Claro";"Dupla";"Reta";"Não";4;0;1;3;0;0;4;1;-29,866317;-51,251216;"SPRF-RS";"DEL04-RS";"UOP02-DEL04-RS"
277777;2020-03-30;"segunda-feira";"18:30:00";"PI";135;397,9;"REDENCAO DO GURGUEIA";"Defeito na Via";"Saída de leito carroçável";"Com Vítimas Feridas";"Plena Noite";"Decrescente";"Céu Claro";"Simples";"Reta";"Não";2;0;2;0;0;0;2;1;-9,39520294;-44,58906936;"SPRF-PI";"DEL03-PI";"UOP02-DEL03-PI"
277778;2020-03-30;"segunda-feira";"20:00:00";"RR";174;661;"PACARAIMA";"Animais na Pista";"Atropelamento de Animal";"Com Vítimas Fatais";"Plena Noite";"Decrescente";"Chuva";"Simples";"Reta";"Não";1;1;0;0;0;0;0;1;4,135076;-61,035896;"SPRF-RR";"SEOP-RR";"SEOP-RR"
277780;2020-03-30;"segunda-feira";"21:00:00";"RO";364;343,1;"JI-PARANA";"Desobediência às normas de trânsito pelo condutor";"Colisão lateral";"Com Vítimas Feridas";"Plena Noite";"Crescente";"Nublado";"Múltipla";"Reta";"Sim";3;0;2;1;0;0;3;2;-10,87878519;-61,94499012;"SPRF-RO";"DEL02-RO";"UOP01-DEL02-RO"
277781;2020-03-30;"segunda-feira";"19:30:00";"RS";287;426,7;"UNISTALDA";"Falta de Atenção do Pedestre";"Atropelamento de Pedestre";"Com Vítimas Feridas";"Plena Noite";"Crescente";"Céu Claro";"Simples";"Reta";"Não";3;0;0;1;2;0;1;2;-29,03870537;-55,07650137;"SPRF-RS";"DEL12-RS";"UOP02-DEL12-RS"
277783;2020-03-30;"segunda-feira";"22:30:00";"ES";101;37;"CONCEICAO DA BARRA";"Falta de Atenção à Condução";"Colisão com objeto estático";"Com Vítimas Feridas";"Plena Noite";"Decrescente";"Céu Claro";"Simples";"Reta";"Não";1;0;1;0;0;0;1;1;-18,47332967;-39,92661186;"SPRF-ES";"DEL04-ES";"UOP02-DEL04-ES"
277784;2020-03-30;"segunda-feira";"20:55:00";"AC";364;138,2;"RIO BRANCO";"Defeito na Via";"Tombamento";"Com Vítimas Feridas";"Plena Noite";"Decrescente";"Garoa/Chuvisco";"Dupla";"Reta";"Sim";2;0;2;0;0;0;2;1;-9,96112502;-67,85646604;"SPRF-AC";"DEL01-AC";"UOP01-DEL01-AC"
277786;2020-03-30;"segunda-feira";"17:30:00";"GO";364;3;"SAO SIMAO";"Falta de Atenção à Condução";"Saída de leito carroçável";"Com Vítimas Feridas";"Anoitecer";"Crescente";"Chuva";"Simples";"Reta";"Não";1;0;0;1;0;0;1;1;-19,029119;-50,522301;"SPRF-GO";"DEL05-GO";"UOP02-DEL05-GO"
277787;2020-03-02;"segunda-feira";"06:50:00";"PA";163;988;"SANTAREM";"Não guardar distância de segurança";"Colisão traseira";"Com Vítimas Feridas";"Pleno dia";"Decrescente";"Chuva";"Simples";"Reta";"Não";2;0;0;1;1;0;1;2;-2,574782;-54,720886;"SPRF-PA";"DEL05-PA";"UOP01-DEL05-PA"
277790;2020-03-30;"segunda-feira";"16:40:00";"MA";222;627,7;"ACAILANDIA";"Animais na Pista";"Saída de leito carroçável";"Sem Vítimas";"Pleno dia";"Decrescente";"Nublado";"Simples";"Reta";"Não";2;0;0;0;2;0;0;1;-4,77797957;-47,12089601;"SPRF-MA";"DEL04-MA";"UOP03-DEL04-MA"
277795;2020-03-31;"terça-feira";"05:30:00";"SP";116;296;"ITAPECERICA DA SERRA";"Desobediência às normas de trânsito pelo condutor";"Colisão traseira";"Com Vítimas Feridas";"Amanhecer";"Crescente";"Nevoeiro/Neblina";"Dupla";"Reta";"Não";2;0;2;0;0;0;2;2;-23,76744885;-46,90907392;"SPRF-SP";"DEL04-SP";"UOP01-DEL04-SP"
277796;2020-03-31;"terça-feira";"03:05:00";"SC";280;5,7;"SAO FRANCISCO DO SUL";"Ultrapassagem Indevida";"Colisão lateral";"Com Vítimas Feridas";"Plena Noite";"Decrescente";"Céu Claro";"Simples";"Reta";"Sim";8;0;1;2;1;4;3;3;-26,26011706;-48,62571995;"SPRF-SC";"DEL03-SC";"UOP03-DEL03-SC"
277797;2020-03-31;"terça-feira";"05:20:00";"CE";222;8,9;"CAUCAIA";"Pista Escorregadia";"Saída de leito carroçável";"Sem Vítimas";"Amanhecer";"Decrescente";"Chuva";"Dupla";"Reta";"Sim";1;0;0;0;0;1;0;1;-3,75363558;-38,63803121;"SPRF-CE";"DEL01-CE";"UOP01-DEL01-CE"
277798;2020-03-31;"terça-feira";"06:00:00";"PB";101;108;"ALHANDRA";"Velocidade Incompatível";"Saída de leito carroçável";"Com Vítimas Feridas";"Pleno dia";"Decrescente";"Chuva";"Dupla";"Reta";"Sim";1;0;1;0;0;0;1;1;-7,33454898;-34,94758056;"SPRF-PB";"DEL01-PB";"UOP01-DEL01-PB"
277800;2020-03-31;"terça-feira";"07:40:00";"SP";116;216;"GUARULHOS";"Velocidade Incompatível";"Tombamento";"Com Vítimas Feridas";"Pleno dia";"Crescente";"Nublado";"Múltipla";"Reta";"Sim";1;0;1;0;0;0;1;1;-23,452117;-46,467935;"SPRF-SP";"DEL01-SP";"UOP01-DEL01-SP"
277805;2020-03-31;"terça-feira";"08:30:00";"PR";476;130;"CURITIBA";"Falta de Atenção à Condução";"Colisão com objeto estático";"Sem Vítimas";"Pleno dia";"Decrescente";"Céu Claro";"Múltipla";"Aclive";"Sim";1;0;0;0;1;0;0;1;-25,449564;-49,236427;"SPRF-PR";"DEL01-PR";"UOP07-DEL01-PR"
277806;2020-03-31;"terça-feira";"07:00:00";"SP";116;277,5;"EMBU DAS ARTES";"Ultrapassagem Indevida";"Atropelamento de Pedestre";"Com Vítimas Feridas";"Pleno dia";"Decrescente";"Céu Claro";"Dupla";"Reta";"Sim";2;0;1;0;1;0;1;2;-23,64870535;-46,84395469;"SPRF-SP";"DEL04-SP";"UOP01-DEL04-SP"
277811;2020-03-31;"terça-feira";"07:10:00";"MT";364;206,8;"RONDONOPOLIS";"Desobediência às normas de trânsito pelo condutor";"Colisão lateral";"Com Vítimas Feridas";"Pleno dia";"Decrescente";"Céu Claro";"Dupla";"Reta";"Sim";2;0;2;0;0;0;2;2;-16,44614379;-54,66802776;"SPRF-MT";"DEL02-MT";"UOP01-DEL02-MT"
277812;2020-03-31;"terça-feira";"08:40:00";"PB";230;130,6;"CAMPINA GRANDE";"Velocidade Incompatível";"Colisão com objeto estático";"Com Vítimas Feridas";"Pleno dia";"Crescente";"Nublado";"Dupla";"Aclive;Curva";"Não";2;0;2;0;0;0;2;1;-7,277615;-35,731835;"SPRF-PB";"DEL02-PB";"UOP01-DEL02-PB"
277813;2020-03-31;"terça-feira";"08:45:00";"RS";392;2,3;"RIO GRANDE";"Desobediência às normas de trânsito pelo condutor";"Colisão lateral";"Sem Vítimas";"Pleno dia";"Crescente";"Céu Claro";"Simples";"Rotatória";"Não";2;0;0;0;2;0;0;2;-32,03548;-52,09908;"SPRF-RS";"DEL07-RS";"UOP02-DEL07-RS"
277814;2020-03-31;"terça-feira";"07:15:00";"PR";476;120;"COLOMBO";"Falta de Atenção à Condução";"Colisão traseira";"Sem Vítimas";"Pleno dia";"Crescente";"Céu Claro";"Múltipla";"Reta";"Sim";3;0;0;0;3;0;0;3;-25,37191;-49,19146;"SPRF-PR";"DEL01-PR";"UOP07-DEL01-PR"
277815;2020-03-31;"terça-feira";"08:00:00";"RS";386;288,5;"SAO JOSE DO HERVAL";"Velocidade Incompatível";"Saída de leito carroçável";"Com Vítimas Feridas";"Pleno dia";"Crescente";"Sol";"Simples";"Curva";"Não";1;0;1;0;0;0;1;1;-29,08534224;-52,25595474;"SPRF-RS";"DEL04-RS";"UOP01-DEL04-RS"