"id";"data_inversa";"dia_semana";"horario";"uf";"br";"km";"municipio";"causa_acidente";"tipo_acidente";"classificacao_acidente";"fase_dia";"sentido_via";"condicao_metereologica";"tipo_pista";"tracado_via";"uso_solo";"pessoas";"mortos";"feridos_leves";"feridos_graves";"ilesos";"ignorados";"feridos";"veiculos";"latitude";"longitude";"regional";"delegacia";"uop"
278079;2020-04-02;"quinta-feira";"13:35:00";"GO";60;171,1;"GOIANIA";"Velocidade Incompatível";"Colisão traseira";"Sem Vítimas";"Pleno dia";"Decrescente";"Céu Claro";"Dupla";"Reta";"Sim";2;0;0;0;1;1;0;2;-16,7333;-49,3996;"SPRF-GO";"DEL01-GO";"UOP02-DEL01-GO"
278085;2020-04-02;"quinta-feira";"15:45:00";"DF";20;7,7;"BRASILIA";"Falta de Atenção à Condução";"Saída de leito carroçável";"Com Vítimas Feridas";"Pleno dia";"Crescente";"Céu Claro";"Dupla";"Reta";"Sim";1;0;1;0;0;0;1;1;-15,662208;-47,799866;"SPRF-DF";"DEL02-DF";"UOP01-DEL02-DF"
278086;2020-04-02;"quinta-feira";"15:20:00";"PR";116;110;"CURITIBA";"Mal Súbito";"Queda de ocupante de veículo";"Com Vítimas Feridas";"Pleno dia";"Decrescente";"Nublado";"Dupla";"Reta";"Não";1;0;1;0;0;0;1;1;-25,5693883;-49,22767639;"SPRF-PR";"DEL01-PR";"UOP06-DEL01-PR"
278087;2020-04-02;"quinta-feira";"14:30:00";"PI";343;591,2;"FLORIANO";"Desobediência às normas de trânsito pelo condutor";"Colisão transversal";"Com Vítimas Feridas";"Pleno dia";"Crescente";"Céu Claro";"Dupla";"Reta";"Sim";2;0;1;1;0;0;2;2;-6,781361;-43,023224;"SPRF-PI";"DEL03-PI";"UOP01-DEL03-PI"
278091;2020-04-02;"quinta-feira";"10:00:00";"SP";381;87;"SAO PAULO";"Falta de Atenção do Pedestre";"Capotamento";"Com Vítimas Feridas";"Pleno dia";"Crescente";"Céu Claro";"Dupla";"Reta";"Não";2;0;2;0;0;0;2;1;-23,46885001;-46,56996601;"SPRF-SP";"DEL03-SP";"UOP01-DEL03-SP"
278092;2020-04-02;"quinta-feira";"11:45:00";"MS";158;3,3;"CASSILANDIA";"Falta de Atenção à Condução";"Tombamento";"Com Vítimas Feridas";"Pleno dia";"Decrescente";"Céu Claro";"Simples";"Reta;Interseção de Vias";"Sim";2;0;2;0;0;0;2;2;-19,12102383;-51,72448039;"SPRF-MS";"DEL08-MS";"UOP01-DEL08-MS"
278095;2020-04-02;"quinta-feira";"17:30:00";"PE";232;80;"GRAVATA";"Falta de Atenção à Condução";"Colisão transversal";"Com Vítimas Feridas";"Anoitecer";"Decrescente";"Céu Claro";"Simples";"Interseção de Vias";"Sim";2;0;2;0;0;0;2;2;-8,19579864;-35,56962305;"SPRF-PE";"DEL02-PE";"UOP02-DEL02PE"
278097;2020-04-02;"quinta-feira";"15:10:00";"RJ";101;528;"ANGRA DOS REIS";"Ingestão de Álcool";"Colisão lateral";"Com Vítimas Feridas";"Pleno dia";"Decrescente";"Sol";"Simples";"Curva";"Sim";2;0;1;0;1;0;1;2;-23,02314418;-44,50045173;"SPRF-RJ";"DEL03-RJ";"UOP02-DEL03-RJ"
278100;2020-04-02;"quinta-feira";"17:50:00";"ES";101;392,9;"RIO NOVO DO SUL";"Animais na Pista";"Atropelamento de Animal";"Com Vítimas Feridas";"Anoitecer";"Crescente";"Nublado";"Simples";"Reta";"Não";1;0;1;0;0;0;1;1;-20,86733567;-40,90426608;"SPRF-ES";"DEL03-ES";"UOP02-DEL03-ES"
278101;2020-04-02;"quinta-feira";"17:50:00";"PR";476;120,9;"COLOMBO";"Ingestão de Álcool";"Colisão transversal";"Sem Vítimas";"Pleno dia";"Crescente";"Céu Claro";"Dupla";"Interseção de Vias";"Sim";3;0;0;0;3;0;0;2;-25,37191;-49,19146;"SPRF-PR";"DEL01-PR";"UOP07-DEL01-PR"
278102;2020-04-02;"quinta-feira";"17:40:00";"RS";386;274,2;"FONTOURA XAVIER";"Falta de Atenção à Condução";"Saída de leito carroçável";"Com Vítimas Feridas";"Pleno dia";"Decrescente";"Céu Claro";"Simples";"Curva";"Não";2;0;2;0;0;0;2;1;-29,000175;-52,353458;"SPRF-RS";"DEL04-RS";"UOP03-DEL04-RS"
278106;2020-04-02;"quinta-feira";"17:05:00";"MG";381;316;"NOVA ERA";"Pista Escorregadia";"Capotamento";"Com Vítimas Feridas";"Pleno dia";"Decrescente";"Chuva";"Simples";"Curva";"Não";1;0;1;0;0;0;1;1;-19,69896406;-42,99486928;"SPRF-MG";"DEL03-MG";"UOP02-DEL03-MG"
278108;2020-04-02;"quinta-feira";"18:24:00";"GO";70;6,1;"AGUAS LINDAS DE GOIAS";"Ingestão de Álcool";"Atropelamento de Pedestre";"Com Vítimas Feridas";"Plena Noite";"Crescente";"Céu Claro";"Dupla";"Reta";"Sim";3;0;3;0;0;0;3;2;-15,75049381;-48,2612381;"SPRF-DF";"DEL03-DF";"UOP02-DEL03-DF"
278109;2020-04-02;"quinta-feira";"18:20:00";"SC";470;63;"INDAIAL";"Desobediência às normas de trânsito pelo condutor";"Colisão transversal";"Com Vítimas Feridas";"Plena Noite";"Decrescente";"Nublado";"Simples";"Reta";"Sim";2;0;1;1;0;0;2;2;-26,872396;-49,19228;"SPRF-SC";"DEL04-SC";"UOP01-DEL04-SC"
278110;2020-03-27;"sexta-feira";"20:30:00";"PA";163;1002;"SANTAREM";"Falta de Atenção do Pedestre";"Atropelamento de Pedestre";"Com Vítimas Feridas";"Plena Noite";"Crescente";"Ignorado";"Simples";"Reta";"Sim";3;0;1;1;0;1;2;2;-2,45567004;-54,72854541;"SPRF-PA";"DEL05-PA";"UOP01-DEL05-PA"
278111;2020-04-02;"quinta-feira";"17:45:00";"BA";407;119;"SENHOR DO BONFIM";"Ingestão de Álcool";"Tombamento";"Com Vítimas Feridas";"Anoitecer";"Crescente";"Céu Claro";"Simples";"Reta";"Não";1;0;1;0;0;0;1;1;-10,39518217;-40,17775944;"SPRF-BA";"DEL04-BA";"UOP01-DEL04-BA"
278113;2020-03-07;"sábado";"18:05:00";"PA";163;1003;"SANTAREM";"Desobediência às normas de trânsito pelo condutor";"Colisão transversal";"Com Vítimas Feridas";"Pleno dia";"Crescente";"Céu Claro";"Simples";"Reta";"Sim";3;0;1;0;2;0;1;2;-2,44688525;-54,73048152;"SPRF-PA";"DEL05-PA";"UOP01-DEL05-PA"
278114;2020-04-02;"quinta-feira";"17:30:00";"BA";324;533;"FEIRA DE SANTANA";"Falta de Atenção à Condução";"Capotamento";"Com Vítimas Feridas";"Anoitecer";"Decrescente";"Céu Claro";"Dupla";"Reta";"Não";2;0;2;0;0;0;2;1;-12,34449694;-38,84017496;"SPRF-BA";"DEL01-BA";"UOP01-DEL01-BA"
278115;2020-04-02;"quinta-feira";"18:00:00";"RS";116;152;"CAXIAS DO SUL";"Não guardar distância de segurança";"Colisão traseira";"Com Vítimas Feridas";"Anoitecer";"Crescente";"Nublado";"Simples";"Reta";"Sim";3;0;1;0;2;0;1;2;-29,1829343;-51,16801501;"SPRF-RS";"DEL05-RS";"UOP01-DEL05-RS"
278116;2020-04-02;"quinta-feira";"18:30:00";"PR";277;83;"CURITIBA";"Deficiência ou não Acionamento do Sistema de Iluminação/Sinalização do Veículo";"Colisão lateral";"Com Vítimas Feridas";"Plena Noite";"Decrescente";"Céu Claro";"Dupla";"Reta";"Sim";3;0;1;0;2;0;1;3;-25,44716438;-49,23128128;"SPRF-PR";"DEL01-PR";"UOP06-DEL01-PR"
278117;2020-04-02;"quinta-feira";"19:39:00";"PA";230;112;"MARABA";"Falta de Atenção à Condução";"Colisão transversal";"Com Vítimas Feridas";"Plena Noite";"Crescente";"Céu Claro";"Dupla";"Reta";"Sim";2;0;2;0;0;0;2;2;-5,37125328;-49,13235068;"SPRF-PA";"DEL03-PA";"UOP01-DEL03-PA"
278118;2020-04-02;"quinta-feira";"19:20:00";"ES";101;235,9;"FUNDAO";"Desobediência às normas de trânsito pelo pedestre";"Atropelamento de Pedestre";"Com Vítimas Feridas";"Plena Noite";"Decrescente";"Nublado";"Simples";"Reta";"Não";2;0;1;0;1;0;1;2;-19,9844201;-40,41372299;"SPRF-ES";"DEL02-ES";"UOP01-DEL02-ES"
278120;2020-04-02;"quinta-feira";"19:30:00";"SC";101;416,6;"ARARANGUA";"Desobediência às normas de trânsito pelo condutor";"Colisão com objeto estático";"Com Vítimas Feridas";"Plena Noite";"Crescente";"Céu Claro";"Dupla";"Reta";"Sim";1;0;1;0;0;0;1;1;-28,97592469;-49,53266501;"SPRF-SC";"DEL02-SC";"UOP02-DEL02-SC"
278122;2020-04-02;"quinta-feira";"19:40:00";"PR";376;175;"MARINGA";"Desobediência às normas de trânsito pelo condutor";"Colisão transversal";"Com Vítimas Feridas";"Plena Noite";"Crescente";"Céu Claro";"Dupla";"Reta";"Sim";2;0;2;0;0;0;2;2;-23,4113569;-51,9407767;"SPRF-PR";"DEL09-PR";"UOP01-DEL09-PR"
278123;2020-04-02;"quinta-feira";"19:50:00";"GO";20;16,5;"FORMOSA";"Falta de Atenção à Condução";"Colisão transversal";"Com Vítimas Feridas";"Plena Noite";"Crescente";"Céu Claro";"Simples";"Reta";"Não";3;0;1;0;2;0;1;3;-15,56247;-47,215034;"SPRF-DF";"DEL02-DF";"UOP01-DEL02-DF"
278125;2020-04-02;"quinta-feira";"19:30:00";"MS";267;15,7;"BATAGUASSU";"Falta de Atenção à Condução";"Tombamento";"Com Vítimas Feridas";"Plena Noite";"Crescente";"Céu Claro";"Simples";"Reta";"Não";2;0;1;1;0;0;2;1;-21,72552193;-52,285832;"SPRF-MS";"DEL02-MS";"UOP04-DEL02-MS"
278126;2020-04-02;"quinta-feira";"15:30:00";"RJ";40;109;"DUQUE DE CAXIAS";"Falta de Atenção à Condução";"Colisão lateral";"Com Vítimas Feridas";"Pleno dia";"Decrescente";"Céu Claro";"Múltipla";"Reta";"Sim";2;0;1;0;1;0;1;2;-22,67453598;-43,28588789;"SPRF-RJ";"DEL01-RJ";"UOP01-DEL01-RJ"
278127;2020-04-02;"quinta-feira";"20:40:00";"RO";319;63,5;"PORTO VELHO";"Ingestão de Álcool";"Colisão transversal";"Sem Vítimas";"Plena Noite";"Decrescente";"Céu Claro";"Dupla";"Interseção de Vias";"Sim";3;0;0;0;2;1;0;3;-8,766685;-63,884052;"SPRF-RO";"DEL01-RO";"UOP01-DEL01-RO"
278128;2020-04-02;"quinta-feira";"21:20:00";"SC";101;212;"PALHOCA";"Falta de Atenção à Condução";"Colisão transversal";"Com Vítimas Feridas";"Plena Noite";"Crescente";"Céu Claro";"Múltipla";"Interseção de Vias";"Sim";2;0;1;0;1;0;1;2;-27,62996929;-48,65903871;"SPRF-SC";"DEL01-SC";"UOP02-DEL01-SC"
278130;2020-04-02;"quinta-feira";"21:20:00";"PE";232;409,6;"SERRA TALHADA";"Desobediência às normas de trânsito pelo condutor";"Colisão transversal";"Com Vítimas Feridas";"Plena Noite";"Decrescente";"Céu Claro";"Simples";"Reta";"Sim";2;0;2;0;0;0;2;2;-7,981944;-38,289467;"SPRF-PE";"DEL04-PE";"UOP01-DEL04-PE"
278131;2020-04-02;"quinta-feira";"20:50:00";"MS";163;309;"RIO BRILHANTE";"Não guardar distância de segurança";"Colisão lateral";"Com Vítimas Feridas";"Plena Noite";"Crescente";"Céu Claro";"Simples";"Reta";"Não";2;0;1;0;0;1;1;2;-21,90291991;-54,5297291;"SPRF-MS";"DEL02-MS";"UOP02-DEL02-MS"
278132;2020-04-02;"quinta-feira";"21:15:00";"PE";423;77;"JUCATI";"Velocidade Incompatível";"Colisão com objeto estático";"Sem Vítimas";"Plena Noite";"Decrescente";"Nublado";"Simples";"Reta";"Não";1;0;0;0;0;1;0;1;-8,740482;-36,43069893;"SPRF-PE";"DEL03-PE";"UOP01-DEL03-PE"
278133;2020-04-02;"quinta-feira";"19:30:00";"PB";361;82,6;"PIANCO";"Ingestão de Álcool";"Colisão transversal";"Com Vítimas Feridas";"Plena Noite";"Decrescente";"Céu Claro";"Simples";"Reta";"Sim";3;0;1;0;2;0;1;2;-7,18842343;-37,91178106;"SPRF-PB";"DEL03-PB";"UOP01-DEL03-PB"
278134;2020-04-02;"quinta-feira";"20:30:00";"PB";101;6,9;"MAMANGUAPE";"Ingestão de Álcool";"Colisão com objeto estático";"Com Vítimas Feridas";"Plena Noite";"Decrescente";"Céu Claro";"Dupla";"Reta";"Não";2;0;1;1;0;0;2;1;-6,55395097;-35,12900895;"SPRF-PB";"DEL01-PB";"UOP04-DEL01-PB"
278136;2020-04-02;"quinta-feira";"22:45:00";"SP";116;271;"TABOAO DA SERRA";"Defeito Mecânico no Veículo";"Tombamento";"Com Vítimas Feridas";"Plena Noite";"Crescente";"Céu Claro";"Dupla";"Reta";"Sim";2;0;1;0;1;0;1;1;-23,61809286;-46,80556302;"SPRF-SP";"DEL04-SP";"UOP01-DEL04-SP"
278137;2020-04-02;"quinta-feira";"22:30:00";"MG";365;605,2;"UBERLANDIA";"Velocidade Incompatível";"Colisão com objeto estático";"Com Vítimas Feridas";"Plena Noite";"Crescente";"Céu Claro";"Simples";"Curva";"Não";2;0;1;1;0;0;2;1;-18,91046419;-48,17036078;"SPRF-MG";"DEL15-MG";"UOP01-DEL15-MG"
278138;2020-04-02;"quinta-feira";"21:45:00";"SP";153;49,5;"SAO JOSE DO RIO PRETO";"Ingestão de Álcool";"Colisão com objeto estático";"Sem Vítimas";"Plena Noite";"Crescente";"Céu Claro";"Simples";"Reta";"Não";2;0;0;0;2;0;0;1;-20,70000401;-49,33945823;"SPRF-SP";"DEL09-SP";"UOP01-DEL09-SP"
278141;2020-04-02;"quinta-feira";"23:15:00";"RJ";101;302;"SAO GONCALO";"Condutor Dormindo";"Saída de leito carroçável";"Com Vítimas Feridas";"Plena Noite";"Crescente";"Céu Claro";"Dupla";"Reta";"Sim";1;0;1;0;0;0;1;1;-22,78069318;-42,96706396;"SPRF-RJ";"DEL02-RJ";"UOP01-DEL02-RJ"
278142;2020-04-02;"quinta-feira";"22:10:00";"RJ";393;249,6;"BARRA DO PIRAI";"Ingestão de Álcool";"Saída de leito carroçável";"Sem Vítimas";"Plena Noite";"Crescente";"Céu Claro";"Simples";"Reta";"Não";2;0;0;0;2;0;0;1;-22,42613519;-43,75178008;"SPRF-RJ";"DEL05-RJ";"UOP04-DEL05-RJ"
278143;2020-04-02;"quinta-feira";"23:45:00";"PR";277;77;"CURITIBA";"Desobediência às normas de trânsito pelo condutor";"Capotamento";"Com Vítimas Feridas";"Plena Noite";"Decrescente";"Céu Claro";"Dupla";"Reta";"Sim";3;0;1;0;2;0;1;3;-25,480193;-49,198367;"SPRF-PR";"DEL01-PR";"UOP01-DEL01-PR"
278144;2020-04-01;"quarta-feira";"20:10:00";"DF";20;17;"BRASILIA";"Ingestão de Álcool";"Colisão transversal";"Com Vítimas Feridas";"Plena Noite";"Decrescente";"Céu Claro";"Dupla";"Retorno Regulamentado;Reta";"Não";2;0;1;0;1;0;1;2;-15,621374;-47,71698;"SPRF-DF";"DEL02-DF";"UOP01-DEL02-DF"
278145;2020-04-02;"quinta-feira";"22:15:00";"MG";116;411;"GOVERNADOR VALADARES";"Falta de Atenção à Condução";"Colisão lateral";"Com Vítimas Feridas";"Plena Noite";"Decrescente";"Chuva";"Dupla";"Rotatória";"Não";2;0;1;0;1;0;1;2;-18,86244705;-41,97405237;"SPRF-MG";"DEL06-MG";"UOP01-DEL06-MG"
278146;2020-04-03;"sexta-feira";"00:30:00";"SC";470;130,6;"LONTRAS";"Falta de Atenção à Condução";"Colisão com objeto estático";"Com Vítimas Feridas";"Plena Noite";"Crescente";"Nublado";"Simples";"Reta";"Não";1;0;1;0;0;0;1;1;-27,15756;-49,556488;"SPRF-SC";"DEL04-SC";"UOP02-DEL04-SC"
278147;2020-04-03;"sexta-feira";"00:30:00";"PB";230;5,8;"CABEDELO";"Ingestão de Álcool";"Saída de leito carroçável";"Com Vítimas Fatais";"Plena Noite";"Crescente";"Nublado";"Dupla";"Interseção de Vias";"Sim";1;1;0;0;0;0;0;1;-7,016727;-34,8343;"SPRF-PB";"DEL01-PB";"UOP01-DEL01-PB"
278150;2020-04-03;"sexta-feira";"02:40:00";"RS";386;368,2;"FAZENDA VILANOVA";"Ingestão de Álcool";"Tombamento";"Com Vítimas Feridas";"Plena Noite";"Decrescente";"Céu Claro";"Dupla";"Reta";"Sim";1;0;1;0;0;0;1;1;-29,58713557;-51,83220863;"SPRF-RS";"DEL04-RS";"UOP02-DEL04-RS"
278152;2020-04-03;"sexta-feira";"05:30:00";"PE";316;78;"OURICURI";"Falta de Atenção à Condução";"Atropelamento de Pedestre";"Com Vítimas Feridas";"Amanhecer";"Crescente";"Ignorado";"Simples";"Reta";"Não";2;0;1;1;0;0;2;2;-7,85014392;-40,12241694;"SPRF-PE";"DEL05-PE";"UOP02-DEL05-PE"
278154;2020-04-03;"sexta-feira";"05:00:00";"SC";280;35,3;"ARAQUARI";"Defeito Mecânico no Veículo";"Incêndio";"Sem Vítimas";"Plena Noite";"Crescente";"Céu Claro";"Simples";"Rotatória";"Não";1;0;0;0;0;1;0;1;-26,43447549;-48,80453914;"SPRF-SC";"DEL03-SC";"UOP03-DEL03-SC"
278158;2020-04-03;"sexta-feira";"05:50:00";"SP";116;107,4;"TAUBATE";"Restrição de Visibilidade";"Colisão com objeto estático";"Com Vítimas Feridas";"Amanhecer";"Decrescente";"Nublado";"Dupla";"Reta";"Sim";1;0;1;0;0;0;1;1;-23,01791287;-45,53009409;"SPRF-SP";"DEL06-SP";"UOP01-DEL06-SP"
278159;2020-04-03;"sexta-feira";"07:40:00";"MG";50;81;"UBERLANDIA";"Restrição de Visibilidade";"Colisão traseira";"Com Vítimas Feridas";"Pleno dia";"Crescente";"Céu Claro";"Simples";"Reta";"Não";2;0;2;0;0;0;2;2;-18,971376;-48,21562529;"SPRF-MG";"DEL15-MG";"UOP01-DEL15-MG"
278162;2020-04-03;"sexta-feira";"07:00:00";"PR";376;174,2;"MARINGA";"Falta de Atenção à Condução";"Colisão transversal";"Com Vítimas Feridas";"Pleno dia";"Decrescente";"Nublado";"Dupla";"Reta";"Sim";3;0;1;0;2;0;1;2;-23,41430102;-51,94984299;"SPRF-PR";"DEL09-PR";"UOP01-DEL09-PR"
278163;2020-04-03;"sexta-feira";"07:20:00";"GO";414;215,4;"NIQUELANDIA";"Falta de Atenção à Condução";"Colisão frontal";"Com Vítimas Fatais";"Pleno dia";"Decrescente";"Céu Claro";"Simples";"Interseção de Vias";"Não";2;1;0;0;1;0;0;2;-14,537984;-48,54253;"SPRF-GO";"DEL07-GO";"UOP01-DEL07-GO"
278164;2020-04-03;"sexta-feira";"07:25:00";"SC";282;16;"PALHOCA";"Desobediência às normas de trânsito pelo condutor";"Colisão transversal";"Com Vítimas Feridas";"Pleno dia";"Decrescente";"Sol";"Simples";"Reta";"Não";3;0;3;0;0;0;3;2;-27,658611;-48,681847;"SPRF-SC";"DEL01-SC";"UOP02-DEL01-SC"
278167;2020-04-03;"sexta-feira";"07:00:00";"MS";60;524,3;"NIOAQUE";"Animais na Pista";"Atropelamento de Animal";"Com Vítimas Feridas";"Amanhecer";"Crescente";"Sol";"Simples";"Reta";"Não";1;0;1;0;0;0;1;1;-21,13936927;-55,69317208;"SPRF-MS";"DEL05-MS";"UOP01-DEL05-MS"
278168;2020-04-03;"sexta-feira";"08:09:00";"PR";277;13;"PARANAGUA";"Falta de Atenção à Condução";"Queda de ocupante de veículo";"Com Vítimas Feridas";"Pleno dia";"Crescente";"Céu Claro";"Dupla";"Reta";"Não";1;0;0;1;0;0;1;1;-25,568198;-48,615292;"SPRF-PR";"DEL01-PR";"UOP05-DEL01-PR"
278169;2020-03-05;"quinta-feira";"09:00:00";"PA";230;121;"MARABA";"Falta de Atenção à Condução";"Colisão lateral";"Sem Vítimas";"Pleno dia";"Crescente";"Céu Claro";"Dupla";"Reta";"Sim";2;0;0;0;2;0;0;2;-5,36302829;-49,12429333;"SPRF-PA";"DEL03-PA";"UOP01-DEL03-PA"
278170;2020-04-03;"sexta-feira";"08:30:00";"RJ";116;179;"NOVA IGUACU";"Falta de Atenção à Condução";"Atropelamento de Pedestre";"Com Vítimas Feridas";"Pleno dia";"Decrescente";"Sol";"Dupla";"Reta";"Sim";2;0;1;0;1;0;1;2;-22,769902;-43,408036;"SPRF-RJ";"DEL01-RJ";"UOP02-DEL01-RJ"
278171;2020-04-03;"sexta-feira";"08:00:00";"RO";364;710;"PORTO VELHO";"Não guardar distância de segurança";"Colisão traseira";"Com Vítimas Feridas";"Pleno dia";"Crescente";"Nublado";"Múltipla";"Reta";"Sim";2;0;1;0;1;0;1;2;-8,78621576;-63,85712687;"SPRF-RO";"DEL01-RO";"UOP01-DEL01-RO"
278172;2020-04-03;"sexta-feira";"08:15:00";"GO";452;196,5;"ITUMBIARA";"Falta de Atenção à Condução";"Colisão lateral";"Sem Vítimas";"Pleno dia";"Crescente";"Céu Claro";"Simples";"Interseção de Vias";"Sim";2;0;0;0;1;1;0;2;-18,3606586;-49,22490312;"SPRF-GO";"DEL03-GO";"UOP02-DEL03-GO"
278173;2020-04-03;"sexta-feira";"09:10:00";"ES";101;296;"CARIACICA";"Falta de Atenção à Condução";"Colisão lateral";"Com Vítimas Feridas";"Pleno dia";"Decrescente";"Céu Claro";"Dupla";"Curva";"Não";2;0;1;0;0;1;1;2;-20,34398313;-40,40565491;"SPRF-ES";"DEL01-ES";"UOP01-DEL01-ES"
278175;2020-04-03;"sexta-feira";"09:30:00";"MG";251;222;"CACHOEIRA DE PAJEU";"Defeito na Via";"Colisão com objeto estático";"Com Vítimas Feridas";"Pleno dia";"Decrescente";"Céu Claro";"Simples";"Declive";"Não";16;0;7;2;7;0;9;1;-15,95895516;-41,63528096;"SPRF-MG";"DEL11-MG";"UOP02-DEL11-MG"
278177;2020-03-07;"sábado";"11:00:00";"PA";230;116;"MARABA";"Desobediência às normas de trânsito pelo condutor";"Colisão transversal";"Com Vítimas Feridas";"Pleno dia";"Crescente";"Céu Claro";"Dupla";"Reta";"Sim";3;0;0;1;2;0;1;2;-5,35947454;-49,08301084;"SPRF-PA";"DEL03-PA";"UOP01-DEL03-PA"
278181;2020-04-03;"sexta-feira";"09:15:00";"MT";163;838;"SINOP";"Não guardar distância de segurança";"Colisão traseira";"Com Vítimas Feridas";"Pleno dia";"Decrescente";"Céu Claro";"Dupla";"Reta";"Sim";2;0;1;0;1;0;1;2;-11,83454844;-55,48825264;"SPRF-MT";"DEL06-MT";"NPF/DEL06-MT"
278182;2020-04-03;"sexta-feira";"10:15:00";"PR";376;180,7;"MARINGA";"Não guardar distância de segurança";"Colisão traseira";"Com Vítimas Feridas";"Pleno dia";"Decrescente";"Céu Claro";"Dupla";"Interseção de Vias";"Sim";2;0;1;0;1;0;1;2;-23,42725352;-51,89512271;"SPRF-PR";"DEL09-PR";"UOP01-DEL09-PR"
278185;2020-04-03;"sexta-feira";"09:15:00";"GO";40;55;"CRISTALINA";"Avarias e/ou desgaste excessivo no pneu";"Queda de ocupante de veículo";"Com Vítimas Feridas";"Pleno dia";"Decrescente";"Céu Claro";"Múltipla";"Reta";"Não";2;0;2;0;0;0;2;1;-16,485283;-47,813032;"SPRF-DF";"DEL01-DF";"UOP02-DEL01-DF"
278186;2020-04-03;"sexta-feira";"10:50:00";"PE";101;72;"RECIFE";"Falta de Atenção à Condução";"Queda de ocupante de veículo";"Com Vítimas Feridas";"Pleno dia";"Crescente";"Céu Claro";"Múltipla";"Reta";"Sim";1;0;1;0;0;0;1;1;-8,08493106;-34,9450639;"SPRF-PE";"DEL01-PE";"UOP01-DEL01-PE"
278188;2020-03-09;"segunda-feira";"04:00:00";"PA";222;239;"MARABA";"Falta de Atenção à Condução";"Colisão traseira";"Sem Vítimas";"Amanhecer";"Crescente";"Nublado";"Simples";"Reta";"Não";2;0;0;0;0;2;0;2;-5,302089;-49,0723;"SPRF-PA";"DEL03-PA";"UOP01-DEL03-PA"
278190;2020-03-04;"quarta-feira";"17:15:00";"PA";222;18,2;"DOM ELISEU";"Falta de Atenção à Condução";"Colisão com objeto estático";"Sem Vítimas";"Pleno dia";"Decrescente";"Céu Claro";"Simples";"Reta";"Sim";2;0;0;0;1;1;0;2;-4,293095;-47,556904;"SPRF-PA";"DEL02-PA";"UOP02-DEL02-PA"
278191;2020-04-03;"sexta-feira";"11:30:00";"RN";101;79,7;"EXTREMOZ";"Desobediência às normas de trânsito pelo condutor";"Colisão transversal";"Com Vítimas Feridas";"Pleno dia";"Crescente";"Céu Claro";"Dupla";"Interseção de Vias";"Não";3;0;1;0;2;0;1;2;-5,74962896;-35,28918369;"SPRF-RN";"DEL02-RN";"UOP01-DEL02-RN"
278192;2020-04-03;"sexta-feira";"11:40:00";"DF";20;23;"BRASILIA";"Objeto estático sobre o leito carroçável";"Saída de leito carroçável";"Com Vítimas Feridas";"Pleno dia";"Decrescente";"Céu Claro";"Dupla";"Declive;Reta";"Não";4;0;1;0;3;0;1;3;-15,595297;-47,667912;"SPRF-DF";"DEL02-DF";"UOP01-DEL02-DF"
278194;2020-04-03;"sexta-feira";"11:50:00";"AL";101;148,7;"JEQUIA DA PRAIA";"Agressão Externa";"Queda de ocupante de veículo";"Com Vítimas Feridas";"Pleno dia";"Crescente";"Céu Claro";"Dupla";"Ponte";"Não";1;0;1;0;0;0;1;1;-9,8936598;-36,13767028;"SPRF-AL";"DEL02-AL";"UOP01-DEL02-AL"
278196;2020-04-03;"sexta-feira";"12:33:00";"RS";386;103,4;"SAO JOSE DAS MISSOES";"Falta de Atenção à Condução";"Saída de leito carroçável";"Com Vítimas Feridas";"Pleno dia";"Decrescente";"Céu Claro";"Simples";"Curva";"Não";1;0;0;1;0;0;1;1;-27,775946;-53,082054;"SPRF-RS";"DEL08-RS";"UOP01-DEL08-RS"
278200;2020-04-03;"sexta-feira";"12:50:00";"SC";101;86,3;"BARRA VELHA";"Defeito Mecânico no Veículo";"Incêndio";"Sem Vítimas";"Pleno dia";"Crescente";"Sol";"Dupla";"Reta";"Sim";3;0;0;0;3;0;0;1;-26,63277317;-48,70232513;"SPRF-SC";"DEL03-SC";"UOP02-DEL03-SC"
278201;2020-04-03;"sexta-feira";"13:15:00";"MG";267;123;"JUIZ DE FORA";"Falta de Atenção à Condução";"Colisão transversal";"Sem Vítimas";"Pleno dia";"Crescente";"Nublado";"Simples";"Reta";"Sim";2;0;0;0;2;0;0;2;-21,70555685;-43,50518896;"SPRF-MG";"DEL05-MG";"UOP01-DEL05-MG"
278202;2020-04-03;"sexta-feira";"13:30:00";"PI";316;311;"PICOS";"Falta de Atenção à Condução";"Colisão transversal";"Com Vítimas Feridas";"Pleno dia";"Decrescente";"Sol";"Simples";"Reta";"Sim";2;0;1;0;1;0;1;2;-7,076331;-41,46596;"SPRF-PI";"DEL04-PI";"UOP01-DEL04-PI"
278207;2020-03-30;"segunda-feira";"14:53:00";"PI";135;351;"BOM JESUS";"Restrição de Visibilidade";"Colisão com objeto estático";"Sem Vítimas";"Pleno dia";"Crescente";"Céu Claro";"Simples";"Interseção de Vias";"Sim";2;0;0;0;2;0;0;1;-9,07627817;-44,34586005;"SPRF-PI";"DEL03-PI";"UOP02-DEL03-PI"