"id";"data_inversa";"dia_semana";"horario";"uf";"br";"km";"municipio";"causa_acidente";"tipo_acidente";"classificacao_acidente";"fase_dia";"sentido_via";"condicao_metereologica";"tipo_pista";"tracado_via";"uso_solo";"pessoas";"mortos";"feridos_leves";"feridos_graves";"ilesos";"ignorados";"feridos";"veiculos";"latitude";"longitude";"regional";"delegacia";"uop"
278650;2020-04-06;"segunda-feira";"15:00:00";"GO";40;5,3;"VALPARAISO DE GOIAS";"Falta de Atenção à Condução";"Saída de leito carroçável";"Com Vítimas Feridas";"Pleno dia";"Crescente";"Nublado";"Dupla";"Reta";"Sim";2;0;0;1;1;0;1;2;-16,095398;-47,9809;"SPRF-DF";"DEL01-DF";"UOP01-DEL01-DF"
278653;2020-04-06;"segunda-feira";"15:20:00";"PA";230;117;"MARABA";"Falta de Atenção à Condução";"Colisão lateral";"Com Vítimas Feridas";"Pleno dia";"Decrescente";"Nublado";"Dupla";"Declive";"Sim";2;0;1;0;1;0;1;2;-5,35569904;-49,09047302;"SPRF-PA";"DEL03-PA";"UOP01-DEL03-PA"
278654;2020-04-06;"segunda-feira";"13:55:00";"RO";364;345;"JI-PARANA";"Desobediência às normas de trânsito pelo condutor";"Colisão transversal";"Sem Vítimas";"Pleno dia";"Crescente";"Garoa/Chuvisco";"Dupla";"Interseção de Vias";"Sim";2;0;0;0;2;0;0;2;-10,8688113;-61,9601791;"SPRF-RO";"DEL02-RO";"UOP01-DEL02-RO"
278655;2020-04-06;"segunda-feira";"15:20:00";"SP";116;216;"GUARULHOS";"Falta de Atenção à Condução";"Tombamento";"Com Vítimas Feridas";"Pleno dia";"Decrescente";"Céu Claro";"Múltipla";"Reta";"Sim";1;0;1;0;0;0;1;1;-23,45352562;-46,4696157;"SPRF-SP";"DEL01-SP";"UOP01-DEL01-SP"
278656;2020-04-06;"segunda-feira";"14:50:00";"SP";116;212;"GUARULHOS";"Falta de Atenção à Condução";"Tombamento";"Com Vítimas Feridas";"Pleno dia";"Crescente";"Céu Claro";"Múltipla";"Declive";"Sim";2;0;2;0;0;0;2;1;-23,43608315;-46,42805094;"SPRF-SP";"DEL01-SP";"UOP01-DEL01-SP"
278657;2020-04-06;"segunda-feira";"15:20:00";"MG";267;120,4;"JUIZ DE FORA";"Velocidade Incompatível";"Saída de leito carroçável";"Com Vítimas Feridas";"Pleno dia";"Decrescente";"Céu Claro";"Simples";"Curva";"Sim";1;0;1;0;0;0;1;1;-21,70442007;-43,46667202;"SPRF-MG";"DEL05-MG";"UOP01-DEL05-MG"
278658;2020-04-06;"segunda-feira";"15:40:00";"SC";116;69;"MONTE CASTELO";"Não guardar distância de segurança";"Colisão frontal";"Com Vítimas Feridas";"Pleno dia";"Crescente";"Chuva";"Simples";"Reta";"Sim";7;0;3;3;1;0;6;3;-26,46036818;-50,22889671;"SPRF-SC";"DEL06-SC";"UOP02-DEL06-SC"
278659;2020-04-06;"segunda-feira";"15:45:00";"MG";40;593,7;"OURO PRETO";"Falta de Atenção à Condução";"Tombamento";"Com Vítimas Feridas";"Pleno dia";"Crescente";"Céu Claro";"Simples";"Curva";"Não";2;0;2;0;0;0;2;1;-20,39555407;-43,90447547;"SPRF-MG";"DEL05-MG";"UOP02-DEL05-MG"
278661;2020-04-06;"segunda-feira";"15:30:00";"GO";40;38,5;"LUZIANIA";"Fenômenos da Natureza";"Tombamento";"Com Vítimas Feridas";"Pleno dia";"Decrescente";"Chuva";"Dupla";"Reta";"Não";2;0;2;0;0;0;2;1;-16,34274;-47,83544;"SPRF-DF";"DEL01-DF";"UOP02-DEL01-DF"
278662;2020-04-06;"segunda-feira";"16:00:00";"MG";116;774,2;"LEOPOLDINA";"Falta de Atenção à Condução";"Queda de ocupante de veículo";"Com Vítimas Feridas";"Pleno dia";"Crescente";"Sol";"Simples";"Curva;Aclive";"Não";1;0;1;0;0;0;1;1;-21,57932128;-42,68264985;"SPRF-MG";"DEL07-MG";"UOP01-DEL07-MG"
278663;2020-04-06;"segunda-feira";"16:00:00";"CE";222;41,2;"CAUCAIA";"Desobediência às normas de trânsito pelo condutor";"Colisão transversal";"Com Vítimas Fatais";"Pleno dia";"Decrescente";"Garoa/Chuvisco";"Simples";"Interseção de Vias";"Sim";2;1;0;0;1;0;0;2;-3,68369454;-38,91863823;"SPRF-CE";"DEL01-CE";"UOP03-DEL01-CE"
278664;2020-04-06;"segunda-feira";"14:45:00";"SC";101;250;"PAULO LOPES";"Velocidade Incompatível";"Capotamento";"Com Vítimas Feridas";"Pleno dia";"Crescente";"Chuva";"Dupla";"Reta";"Não";1;0;1;0;0;0;1;1;-27,94186028;-48,66644267;"SPRF-SC";"DEL02-SC";"UOP03-DEL02-SC"
278665;2020-04-06;"segunda-feira";"14:45:00";"SC";280;67;"JARAGUA DO SUL";"Desobediência às normas de trânsito pelo condutor";"Colisão transversal";"Com Vítimas Feridas";"Pleno dia";"Crescente";"Chuva";"Simples";"Reta";"Sim";2;0;1;0;1;0;1;2;-26,4775146;-49,10363575;"SPRF-SC";"DEL03-SC";"UOP03-DEL03-SC"
278666;2020-04-06;"segunda-feira";"16:00:00";"RS";116;520,9;"PELOTAS";"Desobediência às normas de trânsito pelo condutor";"Colisão transversal";"Com Vítimas Feridas";"Pleno dia";"Crescente";"Céu Claro";"Dupla";"Interseção de Vias";"Sim";2;0;1;0;0;1;1;2;-31,70060621;-52,36130079;"SPRF-RS";"DEL07-RS";"UOP01-DEL07-RS"
278667;2020-04-06;"segunda-feira";"15:35:00";"SC";101;217;"PALHOCA";"Falta de Atenção à Condução";"Colisão lateral";"Sem Vítimas";"Pleno dia";"Crescente";"Chuva";"Múltipla";"Interseção de Vias";"Não";2;0;0;0;2;0;0;2;-27,66779034;-48,67393586;"SPRF-SC";"DEL01-SC";"UOP02-DEL01-SC"
278669;2020-04-06;"segunda-feira";"16:00:00";"ES";101;298,5;"VIANA";"Falta de Atenção à Condução";"Queda de ocupante de veículo";"Com Vítimas Feridas";"Pleno dia";"Crescente";"Céu Claro";"Simples";"Viaduto";"Sim";2;0;1;0;1;0;1;1;-20,35374444;-40,4156433;"SPRF-ES";"DEL01-ES";"UOP01-DEL01-ES"
278670;2020-04-06;"segunda-feira";"16:20:00";"SC";101;221;"PALHOCA";"Defeito Mecânico no Veículo";"Queda de ocupante de veículo";"Com Vítimas Feridas";"Pleno dia";"Decrescente";"Chuva";"Dupla";"Reta";"Não";1;0;1;0;0;0;1;1;-27,70012652;-48,66021182;"SPRF-SC";"DEL01-SC";"UOP02-DEL01-SC"
278674;2020-04-06;"segunda-feira";"17:10:00";"PE";423;61,9;"LAJEDO";"Ingestão de Álcool";"Saída de leito carroçável";"Com Vítimas Feridas";"Anoitecer";"Crescente";"Céu Claro";"Simples";"Reta";"Sim";5;0;3;2;0;0;5;1;-8,65805731;-36,32866993;"SPRF-PE";"DEL03-PE";"UOP01-DEL03-PE"
278675;2020-04-06;"segunda-feira";"15:58:00";"RN";101;96,6;"NATAL";"Falta de Atenção do Pedestre";"Atropelamento de Pedestre";"Com Vítimas Feridas";"Pleno dia";"Decrescente";"Céu Claro";"Múltipla";"Reta";"Sim";3;0;1;0;2;0;1;2;-5,853522;-35,210727;"SPRF-RN";"DEL01-RN";"UOP01-DEL01-RN"
278676;2020-04-06;"segunda-feira";"14:45:00";"SC";101;6,1;"GARUVA";"Pista Escorregadia";"Queda de ocupante de veículo";"Sem Vítimas";"Pleno dia";"Crescente";"Chuva";"Dupla";"Interseção de Vias";"Não";2;0;0;0;0;2;0;1;-26,02692002;-48,86142017;"SPRF-SC";"DEL03-SC";"UOP01-DEL03-SC"
278677;2020-04-06;"segunda-feira";"17:15:00";"RJ";116;169;"SAO JOAO DE MERITI";"Falta de Atenção à Condução";"Tombamento";"Com Vítimas Feridas";"Pleno dia";"Crescente";"Sol";"Múltipla";"Reta";"Sim";1;0;1;0;0;0;1;1;-22,816206;-43,324463;"SPRF-RJ";"DEL01-RJ";"UOP02-DEL01-RJ"
278680;2020-04-06;"segunda-feira";"16:30:00";"MT";163;511,6;"DIAMANTINO";"Avarias e/ou desgaste excessivo no pneu";"Saída de leito carroçável";"Com Vítimas Feridas";"Pleno dia";"Crescente";"Chuva";"Simples";"Reta";"Não";4;0;2;0;2;0;2;1;-14,58119697;-56,22660003;"SPRF-MT";"DEL01-MT";"UOP01-DEL01-MT"
278681;2020-04-06;"segunda-feira";"17:25:00";"PR";376;637,3;"TIJUCAS DO SUL";"Falta de Atenção à Condução";"Capotamento";"Com Vítimas Feridas";"Anoitecer";"Decrescente";"Chuva";"Dupla";"Reta";"Não";2;0;1;0;1;0;1;1;-25,75614093;-49,12609667;"SPRF-PR";"DEL01-PR";"UOP04-DEL01-PR"
278682;2020-04-06;"segunda-feira";"17:00:00";"TO";226;70;"WANDERLANDIA";"Falta de Atenção à Condução";"Colisão transversal";"Sem Vítimas";"Anoitecer";"Decrescente";"Céu Claro";"Simples";"Reta";"Sim";2;0;0;0;2;0;0;2;-6,847741;-47,961678;"SPRF-TO";"DEL02-TO";"UOP03-DEL02-TO"
278684;2020-04-06;"segunda-feira";"14:40:00";"RO";364;266,8;"CACOAL";"Fenômenos da Natureza";"Saída de leito carroçável";"Com Vítimas Feridas";"Pleno dia";"Decrescente";"Chuva";"Simples";"Curva";"Não";2;0;2;0;0;0;2;1;-11,37650131;-61,67765302;"SPRF-RO";"DEL02-RO";"UOP02-DEL02-RO"
278685;2020-04-06;"segunda-feira";"16:30:00";"RO";364;726;"PORTO VELHO";"Desobediência às normas de trânsito pelo condutor";"Colisão lateral";"Sem Vítimas";"Pleno dia";"Crescente";"Sol";"Simples";"Curva";"Não";3;0;0;0;3;0;0;3;-8,858763;-63,94454799;"SPRF-RO";"DEL01-RO";"UOP01-DEL01-RO"
278686;2020-04-06;"segunda-feira";"18:55:00";"RN";405;77;"APODI";"Falta de Atenção à Condução";"Colisão transversal";"Com Vítimas Feridas";"Plena Noite";"Decrescente";"Céu Claro";"Simples";"Reta";"Não";2;0;1;0;1;0;1;2;-5,66178802;-37,79895858;"SPRF-RN";"DEL04-RN";"UOP02-DEL04-RN"
278687;2020-04-06;"segunda-feira";"17:00:00";"MG";381;261;"CORONEL FABRICIANO";"Não guardar distância de segurança";"Colisão com objeto estático";"Com Vítimas Feridas";"Anoitecer";"Decrescente";"Céu Claro";"Simples";"Reta";"Não";1;0;1;0;0;0;1;1;-19,53247551;-42,62935053;"SPRF-MG";"DEL03-MG";"UOP02-DEL03-MG"
278689;2020-04-06;"segunda-feira";"18:30:00";"ES";262;27,8;"VIANA";"Velocidade Incompatível";"Colisão frontal";"Com Vítimas Fatais";"Plena Noite";"Decrescente";"Céu Claro";"Simples";"Curva";"Não";2;1;0;0;1;0;0;2;-20,385467;-40,557344;"SPRF-ES";"DEL01-ES";"UOP01-DEL01-ES"
278691;2020-04-06;"segunda-feira";"15:30:00";"PR";376;653;"TIJUCAS DO SUL";"Velocidade Incompatível";"Capotamento";"Com Vítimas Feridas";"Pleno dia";"Decrescente";"Garoa/Chuvisco";"Dupla";"Curva";"Não";2;0;1;0;1;0;1;1;-25,84420191;-49,0604381;"SPRF-PR";"DEL01-PR";"UOP04-DEL01-PR"
278693;2020-04-06;"segunda-feira";"18:00:00";"ES";262;3,8;"CARIACICA";"Falta de Atenção à Condução";"Colisão traseira";"Com Vítimas Feridas";"Anoitecer";"Crescente";"Céu Claro";"Múltipla";"Reta";"Sim";3;0;2;0;0;1;2;2;-20,33374432;-40,36910933;"SPRF-ES";"DEL01-ES";"UOP01-DEL01-ES"
278694;2020-04-06;"segunda-feira";"13:45:00";"SC";282;478,9;"VARGEAO";"Desobediência às normas de trânsito pelo condutor";"Saída de leito carroçável";"Com Vítimas Feridas";"Pleno dia";"Decrescente";"Nublado";"Dupla";"Curva";"Não";1;0;1;0;0;0;1;1;-26,878744;-52,186382;"SPRF-SC";"DEL07-SC";"UOP01-DEL07-SC"
278695;2020-04-06;"segunda-feira";"18:30:00";"PE";101;189,2;"PALMARES";"Desobediência às normas de trânsito pelo condutor";"Colisão lateral";"Sem Vítimas";"Plena Noite";"Crescente";"Céu Claro";"Dupla";"Curva";"Sim";2;0;0;0;2;0;0;2;-8,690587;-35,606534;"SPRF-PE";"DEL01-PE";"UOP03-DEL01-PE"
278696;2020-04-06;"segunda-feira";"19:10:00";"PE";232;425,9;"SERRA TALHADA";"Animais na Pista";"Atropelamento de Animal";"Com Vítimas Feridas";"Plena Noite";"Decrescente";"Céu Claro";"Simples";"Reta";"Não";1;0;1;0;0;0;1;1;-8,00177705;-38,43429565;"SPRF-PE";"DEL04-PE";"UOP01-DEL04-PE"
278697;2020-04-06;"segunda-feira";"15:45:00";"RJ";40;54;"PETROPOLIS";"Ingestão de Álcool";"Colisão traseira";"Sem Vítimas";"Pleno dia";"Decrescente";"Céu Claro";"Dupla";"Reta";"Sim";2;0;0;0;2;0;0;2;-22,34627607;-43,12411304;"SPRF-RJ";"DEL05-RJ";"UOP02-DEL05-RJ"
278698;2020-03-29;"domingo";"06:30:00";"MT";163;1110;"GUARANTA DO NORTE";"Falta de Atenção à Condução";"Saída de leito carroçável";"Com Vítimas Feridas";"Amanhecer";"Crescente";"Sol";"Simples";"Reta";"Não";1;0;1;0;0;0;1;1;-9,71780888;-54,87808527;"SPRF-MT";"DEL06-MT";"NPF/DEL06-MT"
278699;2020-02-02;"domingo";"12:20:00";"RJ";40;118,2;"DUQUE DE CAXIAS";"Velocidade Incompatível";"Colisão traseira";"Com Vítimas Feridas";"Pleno dia";"Decrescente";"Céu Claro";"Dupla";"Reta";"Não";2;0;1;0;1;0;1;2;-22,7585;-43,28683;"SPRF-RJ";"DEL01-RJ";"UOP01-DEL01-RJ"
278701;2020-04-06;"segunda-feira";"19:45:00";"GO";70;6,7;"AGUAS LINDAS DE GOIAS";"Falta de Atenção do Pedestre";"Atropelamento de Pedestre";"Com Vítimas Feridas";"Plena Noite";"Decrescente";"Céu Claro";"Dupla";"Reta";"Sim";2;0;1;1;0;0;2;2;-15,75049381;-48,2612381;"SPRF-DF";"DEL03-DF";"UOP02-DEL03-DF"
278702;2020-04-06;"segunda-feira";"18:50:00";"RO";364;696;"PORTO VELHO";"Falta de Atenção à Condução";"Colisão com objeto estático";"Com Vítimas Feridas";"Anoitecer";"Decrescente";"Garoa/Chuvisco";"Dupla";"Reta";"Não";1;0;0;1;0;0;1;1;-8,80046614;-63,734779;"SPRF-RO";"DEL01-RO";"UOP01-DEL01-RO"
278703;2020-04-06;"segunda-feira";"19:40:00";"PA";230;631,5;"ALTAMIRA";"Mal Súbito";"Queda de ocupante de veículo";"Com Vítimas Feridas";"Plena Noite";"Crescente";"Céu Claro";"Simples";"Rotatória";"Sim";1;0;1;0;0;0;1;1;-3,17385208;-52,17897684;"SPRF-PA";"DEL04-PA";"UOP01-DEL04-PA"
278705;2020-04-06;"segunda-feira";"18:45:00";"CE";20;414;"MARACANAU";"Defeito na Via";"Tombamento";"Com Vítimas Feridas";"Plena Noite";"Crescente";"Céu Claro";"Simples";"Reta";"Não";2;0;1;0;1;0;1;2;-3,76999035;-38,67006282;"SPRF-CE";"DEL01-CE";"UOP01-DEL01-CE"
278706;2020-04-06;"segunda-feira";"18:30:00";"MT";364;204,3;"RONDONOPOLIS";"Falta de Atenção à Condução";"Queda de ocupante de veículo";"Com Vítimas Feridas";"Anoitecer";"Decrescente";"Ignorado";"Dupla";"Reta";"Sim";1;0;1;0;0;0;1;1;-16,467325;-54,657196;"SPRF-MT";"DEL02-MT";"UOP01-DEL02-MT"
278707;2020-04-06;"segunda-feira";"19:35:00";"PI";316;3,9;"TERESINA";"Avarias e/ou desgaste excessivo no pneu";"Tombamento";"Com Vítimas Feridas";"Plena Noite";"Crescente";"Céu Claro";"Simples";"Reta";"Sim";2;0;1;0;1;0;1;1;-5,12826443;-42,79292384;"SPRF-PI";"DEL01-PI";"UOP02-DEL01-PI"
278708;2020-04-06;"segunda-feira";"19:30:00";"PR";277;5;"PARANAGUA";"Pista Escorregadia";"Tombamento";"Com Vítimas Fatais";"Plena Noite";"Decrescente";"Chuva";"Simples";"Reta";"Sim";3;1;0;0;1;1;0;3;-25,568198;-48,615292;"SPRF-PR";"DEL01-PR";"UOP05-DEL01-PR"
278711;2020-04-06;"segunda-feira";"19:20:00";"MG";381;447;"SABARA";"Falta de Atenção à Condução";"Atropelamento de Pedestre";"Com Vítimas Feridas";"Plena Noite";"Crescente";"Céu Claro";"Simples";"Curva";"Sim";2;0;1;0;1;0;1;2;-19,83447607;-43,85011601;"SPRF-MG";"DEL01-MG";"UOP01-DEL01-MG"
278715;2020-02-16;"domingo";"18:10:00";"RJ";116;210;"SEROPEDICA";"Defeito Mecânico no Veículo";"Queda de ocupante de veículo";"Com Vítimas Fatais";"Anoitecer";"Crescente";"Chuva";"Dupla";"Reta";"Sim";2;1;0;1;0;0;1;1;-22,70493876;-43,74343872;"SPRF-RJ";"DEL01-RJ";"UOP03-DEL01-RJ"
278716;2020-04-06;"segunda-feira";"20:50:00";"RJ";101;330;"RIO DE JANEIRO";"Falta de Atenção à Condução";"Colisão com objeto estático";"Com Vítimas Feridas";"Plena Noite";"Crescente";"Céu Claro";"Dupla";"Reta";"Não";1;0;0;1;0;0;1;1;-22,8684989;-43,18548699;"SPRF-RJ";"DEL02-RJ";"UOP01-DEL02-RJ"
278718;2020-04-06;"segunda-feira";"15:35:00";"SC";153;72;"IRANI";"Falta de Atenção à Condução";"Saída de leito carroçável";"Com Vítimas Feridas";"Pleno dia";"Crescente";"Chuva";"Simples";"Curva";"Não";1;0;1;0;0;0;1;1;-27,065798;-51,893486;"SPRF-SC";"DEL07-SC";"UOP04-DEL07-SC"
278719;2020-04-06;"segunda-feira";"20:00:00";"PR";476;126;"CURITIBA";"Falta de Atenção à Condução";"Colisão com objeto estático";"Com Vítimas Feridas";"Plena Noite";"Crescente";"Chuva";"Dupla";"Reta";"Não";1;0;1;0;0;0;1;1;-25,416758;-49,223446;"SPRF-PR";"DEL01-PR";"UOP07-DEL01-PR"
278720;2020-04-06;"segunda-feira";"09:00:00";"SC";282;629;"IRACEMINHA";"Velocidade Incompatível";"Saída de leito carroçável";"Com Vítimas Feridas";"Pleno dia";"Decrescente";"Chuva";"Simples";"Aclive";"Não";1;0;1;0;0;0;1;1;-26,819656;-53,375282;"SPRF-SC";"DEL07-SC";"UOP02-DEL07-SC"
278721;2020-04-06;"segunda-feira";"22:40:00";"ES";101;213,7;"IBIRACU";"Falta de Atenção do Pedestre";"Atropelamento de Pedestre";"Com Vítimas Feridas";"Plena Noite";"Decrescente";"Nublado";"Dupla";"Curva";"Sim";2;0;0;1;0;1;1;2;-19,82915937;-40,36904812;"SPRF-ES";"DEL02-ES";"UOP01-DEL02-ES"
278722;2020-04-06;"segunda-feira";"19:20:00";"MG";262;191;"BELA VISTA DE MINAS";"Animais na Pista";"Atropelamento de Animal";"Sem Vítimas";"Plena Noite";"Decrescente";"Garoa/Chuvisco";"Simples";"Reta";"Não";3;0;0;0;3;0;0;1;-19,87527123;-43,076;"SPRF-MG";"DEL03-MG";"UOP01-DEL03-MG"
278723;2020-04-06;"segunda-feira";"21:50:00";"CE";116;3,1;"FORTALEZA";"Sinalização da via insuficiente ou inadequada";"Colisão com objeto estático";"Com Vítimas Feridas";"Plena Noite";"Crescente";"Céu Claro";"Dupla";"Curva";"Sim";1;0;0;1;0;0;1;1;-3,77866493;-38,51490171;"SPRF-CE";"DEL01-CE";"UOP02-DEL01-CE"
278724;2020-04-06;"segunda-feira";"22:15:00";"RS";285;260;"MATO CASTELHANO";"Desobediência às normas de trânsito pelo condutor";"Colisão transversal";"Com Vítimas Feridas";"Plena Noite";"Decrescente";"Nevoeiro/Neblina";"Simples";"Reta";"Não";2;0;1;0;1;0;1;2;-28,305828;-52,080448;"SPRF-RS";"DEL08-RS";"UOP03-DEL08-RS"
278729;2020-04-06;"segunda-feira";"22:30:00";"RR";174;507,4;"BOA VISTA";"Desobediência às normas de trânsito pelo condutor";"Colisão transversal";"Com Vítimas Feridas";"Pleno dia";"Crescente";"Céu Claro";"Dupla";"Curva";"Sim";3;0;2;1;0;0;3;2;2,834003;-60,70006371;"SPRF-RR";"DEL01-RR";"UOP01-DEL01-RR"
278730;2020-04-06;"segunda-feira";"21:40:00";"RJ";116;74;"TERESOPOLIS";"Ingestão de Álcool";"Capotamento";"Com Vítimas Feridas";"Plena Noite";"Crescente";"Nublado";"Simples";"Reta";"Não";3;0;2;0;1;0;2;1;-22,35343905;-42,94244164;"SPRF-RJ";"DEL04-RJ";"UOP01-DEL04-RJ"
278732;2020-04-07;"terça-feira";"00:50:00";"CE";116;5,5;"FORTALEZA";"Falta de Atenção à Condução";"Colisão lateral";"Com Vítimas Feridas";"Plena Noite";"Decrescente";"Céu Claro";"Múltipla";"Reta";"Sim";2;0;1;0;0;1;1;2;-3,79467116;-38,50772734;"SPRF-CE";"DEL01-CE";"UOP02-DEL01-CE"
278735;2020-04-06;"segunda-feira";"22:00:00";"RS";472;474;"ITAQUI";"Falta de Atenção à Condução";"Saída de leito carroçável";"Com Vítimas Feridas";"Plena Noite";"Crescente";"Céu Claro";"Simples";"Reta";"Não";1;0;0;1;0;0;1;1;-29,16190868;-56,36661702;"SPRF-RS";"DEL12-RS";"UOP01-DEL12-RS"
278737;2020-04-07;"terça-feira";"02:50:00";"CE";222;225,3;"SOBRAL";"Ingestão de Álcool";"Saída de leito carroçável";"Com Vítimas Feridas";"Plena Noite";"Decrescente";"Céu Claro";"Simples";"Reta";"Sim";2;0;0;1;1;0;1;1;-3,70427252;-40,36514282;"SPRF-CE";"DEL04-CE";"UOP01-DEL04-CE"
278738;2020-04-07;"terça-feira";"02:00:00";"BA";242;414;"SEABRA";"Desobediência às normas de trânsito pelo condutor";"Colisão transversal";"Sem Vítimas";"Plena Noite";"Decrescente";"Nublado";"Simples";"Declive";"Sim";3;0;0;0;2;1;0;2;-12,427427;-41,77020288;"SPRF-BA";"DEL06-BA";"UOP01-DEL06-BA"
278740;2020-04-07;"terça-feira";"05:40:00";"ES";262;6,5;"CARIACICA";"Falta de Atenção à Condução";"Queda de ocupante de veículo";"Com Vítimas Feridas";"Pleno dia";"Crescente";"Nublado";"Múltipla";"Reta";"Sim";1;0;0;1;0;0;1;1;-20,34007493;-40,39451305;"SPRF-ES";"DEL01-ES";"UOP01-DEL01-ES"
278741;2020-04-06;"segunda-feira";"20:40:00";"MA";135;97;"ITAPECURU MIRIM";"Desobediência às normas de trânsito pelo condutor";"Colisão frontal";"Com Vítimas Feridas";"Plena Noite";"Decrescente";"Céu Claro";"Simples";"Reta";"Sim";2;0;1;0;1;0;1;2;-3,342866;-44,45543;"SPRF-MA";"DEL01-MA";"UOP02-DEL01-MA"
278743;2020-03-13;"sexta-feira";"13:45:00";"BA";324;513;"FEIRA DE SANTANA";"Desobediência às normas de trânsito pelo condutor";"Colisão transversal";"Com Vítimas Feridas";"Pleno dia";"Decrescente";"Céu Claro";"Simples";"Reta";"Sim";2;0;2;0;0;0;2;2;-12,232243;-38,95241667;"SPRF-BA";"DEL02-BA";"UOP01-DEL02-BA"
278745;2020-04-07;"terça-feira";"06:20:00";"RS";290;17,9;"SANTO ANTONIO DA PATRULHA";"Condutor Dormindo";"Saída de leito carroçável";"Com Vítimas Feridas";"Amanhecer";"Crescente";"Céu Claro";"Dupla";"Reta";"Não";2;0;1;0;1;0;1;1;-29,876266;-50,426552;"SPRF-RS";"DEL03-RS";"UOP01-DEL03-RS"
278747;2020-04-07;"terça-feira";"06:50:00";"RS";470;215;"BENTO GONCALVES";"Falta de Atenção do Pedestre";"Atropelamento de Pedestre";"Com Vítimas Feridas";"Pleno dia";"Crescente";"Céu Claro";"Simples";"Reta";"Sim";2;0;0;1;0;1;1;2;-29,150635;-51,530241;"SPRF-RS";"DEL06-RS";"UOP01-DEL06-RS"
278748;2020-04-07;"terça-feira";"06:35:00";"BA";116;708;"MANOEL VITORINO";"Falta de Atenção à Condução";"Colisão frontal";"Com Vítimas Feridas";"Pleno dia";"Crescente";"Céu Claro";"Simples";"Curva";"Não";7;0;2;3;1;1;5;3;-14,13431799;-40,23902535;"SPRF-BA";"DEL03-BA";"UOP01-DEL03-BA"
278749;2020-04-07;"terça-feira";"07:20:00";"PE";407;129;"PETROLINA";"Desobediência às normas de trânsito pelo condutor";"Colisão transversal";"Com Vítimas Feridas";"Pleno dia";"Decrescente";"Céu Claro";"Simples";"Rotatória";"Sim";2;0;1;0;1;0;1;2;-9,39958299;-40,50459298;"SPRF-PE";"DEL06-PE";"UOP01-DEL06-PE"
278750;2020-04-07;"terça-feira";"08:00:00";"SC";101;207;"SAO JOSE";"Não guardar distância de segurança";"Colisão lateral";"Com Vítimas Feridas";"Pleno dia";"Decrescente";"Sol";"Múltipla";"Reta";"Não";3;0;0;2;1;0;2;2;-27,60001226;-48,6226467;"SPRF-SC";"DEL01-SC";"UOP01-DEL01-SC"
278751;2020-04-07;"terça-feira";"08:15:00";"BA";110;307;"INHAMBUPE";"Desobediência às normas de trânsito pelo condutor";"Colisão traseira";"Com Vítimas Feridas";"Pleno dia";"Decrescente";"Céu Claro";"Simples";"Reta";"Sim";2;0;1;0;1;0;1;2;-11,96854588;-38,37449642;"SPRF-BA";"DEL01-BA";"UOP04-DEL01-BA"
278753;2020-04-06;"segunda-feira";"16:40:00";"RO";364;603;"ITAPUA DO OESTE";"Falta de Atenção à Condução";"Queda de ocupante de veículo";"Com Vítimas Feridas";"Anoitecer";"Crescente";"Nublado";"Dupla";"Reta";"Sim";1;0;1;0;0;0;1;1;-9,19843426;-63,18258226;"SPRF-RO";"DEL01-RO";"UOP04-DEL01-RO"
278754;2020-04-07;"terça-feira";"09:00:00";"RN";304;299;"MACAIBA";"Desobediência às normas de trânsito pelo condutor";"Colisão transversal";"Com Vítimas Feridas";"Pleno dia";"Crescente";"Céu Claro";"Dupla";"Declive";"Sim";3;0;2;0;1;0;2;2;-5,87095859;-35,32359587;"SPRF-RN";"DEL01-RN";"UOP02-DEL01-RN"
278755;2020-04-07;"terça-feira";"08:10:00";"PE";101;53,2;"PAULISTA";"Pista Escorregadia";"Saída de leito carroçável";"Com Vítimas Feridas";"Pleno dia";"Crescente";"Chuva";"Dupla";"Curva";"Não";2;0;1;0;0;1;1;1;-7,93124094;-34,90068606;"SPRF-PE";"DEL01-PE";"UOP02-DEL01-PE"
278756;2020-04-07;"terça-feira";"08:30:00";"BA";324;575;"SAO SEBASTIAO DO PASSE";"Falta de Atenção à Condução";"Capotamento";"Com Vítimas Feridas";"Pleno dia";"Decrescente";"Céu Claro";"Dupla";"Reta";"Não";1;0;1;0;0;0;1;1;-12,57298496;-38,54513072;"SPRF-BA";"DEL01-BA";"UOP01-DEL01-BA"
278757;2020-04-07;"terça-feira";"07:43:00";"BA";101;701;"EUNAPOLIS";"Defeito Mecânico no Veículo";"Colisão transversal";"Com Vítimas Feridas";"Amanhecer";"Crescente";"Céu Claro";"Simples";"Reta";"Não";5;0;1;1;2;1;2;3;-16,42076704;-39,58420037;"SPRF-BA";"DEL09-BA";"UOP01-DEL09-BA"
278758;2020-04-07;"terça-feira";"09:00:00";"MG";40;439,5;"PARAOPEBA";"Avarias e/ou desgaste excessivo no pneu";"Saída de leito carroçável";"Com Vítimas Feridas";"Pleno dia";"Decrescente";"Chuva";"Dupla";"Reta";"Não";2;0;1;0;1;0;1;1;-19,23100428;-44,43562244;"SPRF-MG";"DEL02-MG";"UOP01-DEL02-MG"