"id";"data_inversa";"dia_semana";"horario";"uf";"br";"km";"municipio";"causa_acidente";"tipo_acidente";"classificacao_acidente";"fase_dia";"sentido_via";"condicao_metereologica";"tipo_pista";"tracado_via";"uso_solo";"pessoas";"mortos";"feridos_leves";"feridos_graves";"ilesos";"ignorados";"feridos";"veiculos";"latitude";"longitude";"regional";"delegacia";"uop"
278759;2020-04-07;"terça-feira";"09:00:00";"PB";101;60,8;"SANTA RITA";"Falta de Atenção à Condução";"Atropelamento de Pedestre";"Com Vítimas Feridas";"Pleno dia";"Decrescente";"Céu Claro";"Dupla";"Aclive";"Não";2;0;1;0;0;1;1;2;-7,00141407;-35,06459811;"SPRF-PB";"DEL01-PB";"UOP04-DEL01-PB"
278760;2020-04-07;"terça-feira";"09:30:00";"DF";20;18,9;"BRASILIA";"Falta de Atenção à Condução";"Queda de ocupante de veículo";"Com Vítimas Feridas";"Pleno dia";"Crescente";"Céu Claro";"Dupla";"Declive";"Não";1;0;1;0;0;0;1;1;-15,616901;-47,708927;"SPRF-DF";"DEL02-DF";"UOP01-DEL02-DF"
278767;2020-04-07;"terça-feira";"10:24:00";"PR";116;137,5;"MANDIRITUBA";"Falta de Atenção à Condução";"Colisão com objeto estático";"Com Vítimas Feridas";"Pleno dia";"Decrescente";"Céu Claro";"Dupla";"Reta";"Não";2;0;1;0;1;0;1;1;-25,70197606;-49,31951074;"SPRF-PR";"DEL01-PR";"UOP03-DEL01-PR"
278770;2020-04-07;"terça-feira";"10:00:00";"CE";116;9,5;"FORTALEZA";"Desobediência às normas de trânsito pelo condutor";"Colisão transversal";"Com Vítimas Feridas";"Pleno dia";"Crescente";"Céu Claro";"Dupla";"Reta";"Sim";3;0;3;0;0;0;3;2;-3,82779096;-38,50486117;"SPRF-CE";"DEL01-CE";"UOP02-DEL01-CE"
278772;2020-04-07;"terça-feira";"10:30:00";"RS";116;37;"VACARIA";"Falta de Atenção à Condução";"Colisão lateral";"Sem Vítimas";"Pleno dia";"Decrescente";"Céu Claro";"Simples";"Rotatória";"Sim";3;0;0;0;3;0;0;2;-28,49871957;-50,9176864;"SPRF-RS";"DEL05-RS";"UOP03-DEL05-RS"
278773;2020-04-07;"terça-feira";"10:35:00";"DF";60;1,5;"BRASILIA";"Velocidade Incompatível";"Colisão lateral";"Com Vítimas Feridas";"Pleno dia";"Crescente";"Céu Claro";"Dupla";"Reta";"Sim";2;0;1;0;1;0;1;2;-15,885093;-48,068954;"SPRF-DF";"DEL03-DF";"UOP01-DEL03-DF"
278775;2020-04-07;"terça-feira";"07:00:00";"MG";262;820,2;"UBERABA";"Falta de Atenção à Condução";"Colisão traseira";"Com Vítimas Feridas";"Pleno dia";"Decrescente";"Céu Claro";"Dupla";"Reta";"Não";2;0;2;0;0;0;2;2;-19,7626417;-48,13569294;"SPRF-MG";"DEL13-MG";"UOP01-DEL13-MG"
278776;2020-04-07;"terça-feira";"10:20:00";"MS";262;383,9;"TERENOS";"Falta de Atenção à Condução";"Colisão transversal";"Com Vítimas Feridas";"Pleno dia";"Crescente";"Céu Claro";"Simples";"Interseção de Vias";"Sim";2;0;1;1;0;0;2;2;-20,43588574;-54,86291293;"SPRF-MS";"DEL01-MS";"UOP03-DEL01-MS"
278777;2020-04-07;"terça-feira";"11:00:00";"PE";101;83;"JABOATAO DOS GUARARAPES";"Defeito Mecânico no Veículo";"Incêndio";"Sem Vítimas";"Pleno dia";"Decrescente";"Céu Claro";"Simples";"Reta";"Sim";1;0;0;0;1;0;0;1;-8,175172;-34,942642;"SPRF-PE";"DEL01-PE";"UOP03-DEL01-PE"
278779;2020-04-07;"terça-feira";"10:30:00";"BA";407;113;"JAGUARARI";"Defeito Mecânico no Veículo";"Capotamento";"Com Vítimas Feridas";"Pleno dia";"Crescente";"Céu Claro";"Simples";"Declive";"Não";3;0;2;1;0;0;3;1;-10,34247198;-40,16809641;"SPRF-BA";"DEL04-BA";"UOP01-DEL04-BA"
278781;2020-01-12;"domingo";"19:40:00";"PA";163;989;"SANTAREM";"Falta de Atenção à Condução";"Colisão traseira";"Com Vítimas Feridas";"Plena Noite";"Decrescente";"Céu Claro";"Simples";"Reta";"Não";3;0;3;0;0;0;3;2;-2,565797;-54,721375;"SPRF-PA";"DEL05-PA";"UOP01-DEL05-PA"
278782;2020-04-07;"terça-feira";"11:44:00";"RJ";101;309;"SAO GONCALO";"Não guardar distância de segurança";"Colisão lateral";"Com Vítimas Feridas";"Pleno dia";"Decrescente";"Nublado";"Dupla";"Reta";"Sim";3;0;1;0;2;0;1;3;-22,79498873;-43,03446105;"SPRF-RJ";"DEL02-RJ";"UOP01-DEL02-RJ"
278783;2020-04-07;"terça-feira";"12:20:00";"DF";20;3,7;"BRASILIA";"Falta de Atenção à Condução";"Colisão traseira";"Com Vítimas Feridas";"Pleno dia";"Decrescente";"Garoa/Chuvisco";"Dupla";"Reta";"Sim";3;0;1;0;2;0;1;2;-15,679851;-47,832211;"SPRF-DF";"DEL02-DF";"UOP01-DEL02-DF"
278785;2020-04-07;"terça-feira";"13:30:00";"DF";60;9;"BRASILIA";"Falta de Atenção à Condução";"Colisão com objeto estático";"Com Vítimas Feridas";"Pleno dia";"Decrescente";"Nublado";"Dupla";"Reta";"Não";1;0;0;1;0;0;1;1;-15,906293;-48,139965;"SPRF-DF";"DEL03-DF";"UOP01-DEL03-DF"
278786;2020-01-03;"sexta-feira";"05:30:00";"SC";470;324,9;"CAMPOS NOVOS";"Velocidade Incompatível";"Saída de leito carroçável";"Com Vítimas Fatais";"Amanhecer";"Crescente";"Céu Claro";"Simples";"Reta";"Não";1;1;0;0;0;0;0;1;-27,446829;-51,24725;"SPRF-SC";"DEL07-SC";"UOP06-DEL07-SC"
278787;2020-03-05;"quinta-feira";"17:52:00";"PR";158;532;"PATO BRANCO";"Desobediência às normas de trânsito pelo condutor";"Colisão transversal";"Com Vítimas Feridas";"Pleno dia";"Decrescente";"Sol";"Simples";"Interseção de Vias";"Sim";2;0;1;0;1;0;1;2;-26,2110381;-52,68093397;"SPRF-PR";"DEL02-PR";"UOP01-DEL02-PR"
278788;2020-04-07;"terça-feira";"13:00:00";"PR";476;141,9;"CURITIBA";"Falta de Atenção à Condução";"Queda de ocupante de veículo";"Com Vítimas Fatais";"Pleno dia";"Crescente";"Céu Claro";"Dupla";"Reta";"Sim";3;2;0;0;1;0;0;2;-25,53667189;-49,30157661;"SPRF-PR";"DEL01-PR";"UOP03-DEL01-PR"
278789;2020-04-07;"terça-feira";"14:00:00";"BA";116;422;"FEIRA DE SANTANA";"Desobediência às normas de trânsito pelo condutor";"Colisão traseira";"Com Vítimas Feridas";"Pleno dia";"Decrescente";"Sol";"Dupla";"Rotatória";"Sim";2;0;1;0;1;0;1;2;-12,23087234;-38,96399975;"SPRF-BA";"DEL02-BA";"UOP01-DEL02-BA"
278790;2020-04-07;"terça-feira";"14:22:00";"DF";20;12,9;"BRASILIA";"Defeito Mecânico no Veículo";"Capotamento";"Com Vítimas Feridas";"Pleno dia";"Crescente";"Nublado";"Dupla";"Reta";"Não";2;0;1;0;1;0;1;1;-15,642812;-47,757786;"SPRF-DF";"DEL02-DF";"UOP01-DEL02-DF"
278792;2020-04-07;"terça-feira";"14:10:00";"DF";40;6;"BRASILIA";"Animais na Pista";"Tombamento";"Com Vítimas Feridas";"Pleno dia";"Crescente";"Céu Claro";"Dupla";"Reta";"Sim";1;0;1;0;0;0;1;1;-16,029741;-47,978867;"SPRF-DF";"DEL01-DF";"UOP01-DEL01-DF"
278796;2020-04-07;"terça-feira";"14:30:00";"GO";40;103,8;"CRISTALINA";"Falta de Atenção à Condução";"Colisão traseira";"Com Vítimas Feridas";"Pleno dia";"Crescente";"Céu Claro";"Simples";"Reta";"Não";3;0;0;1;2;0;1;2;-16,7441924;-47,80916455;"SPRF-DF";"DEL01-DF";"UOP02-DEL01-DF"
278800;2020-03-10;"terça-feira";"13:30:00";"PA";230;119;"MARABA";"Falta de Atenção à Condução";"Tombamento";"Com Vítimas Feridas";"Pleno dia";"Decrescente";"Céu Claro";"Dupla";"Reta";"Sim";2;0;1;0;0;1;1;2;-5,350407;-49,105981;"SPRF-PA";"DEL03-PA";"UOP01-DEL03-PA"
278801;2020-04-07;"terça-feira";"14:30:00";"BA";235;352,3;"JUAZEIRO";"Falta de Atenção à Condução";"Colisão traseira";"Com Vítimas Feridas";"Pleno dia";"Crescente";"Céu Claro";"Dupla";"Reta";"Sim";2;0;0;1;1;0;1;2;-9,43166;-40,50306;"SPRF-BA";"DEL04-BA";"UOP01-DEL04-BA"
278802;2020-04-07;"terça-feira";"15:30:00";"PA";163;982,3;"SANTAREM";"Desobediência às normas de trânsito pelo condutor";"Colisão lateral";"Com Vítimas Feridas";"Pleno dia";"Crescente";"Nublado";"Simples";"Aclive;Reta";"Não";2;0;1;0;1;0;1;2;-2,6226074;-54,73532058;"SPRF-PA";"DEL05-PA";"UOP01-DEL05-PA"
278803;2020-04-07;"terça-feira";"16:00:00";"GO";60;271,7;"JANDAIA";"Velocidade Incompatível";"Capotamento";"Sem Vítimas";"Pleno dia";"Decrescente";"Céu Claro";"Dupla";"Reta";"Não";2;0;0;0;1;1;0;1;-17,2081;-50,1308;"SPRF-GO";"DEL01-GO";"UOP02-DEL01-GO"
278805;2020-04-07;"terça-feira";"15:40:00";"MG";381;365;"SAO GONCALO DO RIO ABAIXO";"Pista Escorregadia";"Tombamento";"Com Vítimas Feridas";"Pleno dia";"Decrescente";"Chuva";"Simples";"Curva";"Não";1;0;1;0;0;0;1;1;-19,854651;-43,261071;"SPRF-MG";"DEL03-MG";"UOP01-DEL03-MG"
278806;2020-04-07;"terça-feira";"15:15:00";"PR";373;479;"CORONEL VIVIDA";"Desobediência às normas de trânsito pelo condutor";"Colisão transversal";"Com Vítimas Feridas";"Pleno dia";"Crescente";"Céu Claro";"Simples";"Reta";"Sim";6;0;4;1;1;0;5;2;-25,97849917;-52,53923293;"SPRF-PR";"DEL02-PR";"UOP01-DEL02-PR"
278807;2020-04-07;"terça-feira";"16:00:00";"MG";381;349;"BELA VISTA DE MINAS";"Falta de Atenção à Condução";"Saída de leito carroçável";"Com Vítimas Feridas";"Pleno dia";"Decrescente";"Chuva";"Simples";"Curva";"Não";2;0;2;0;0;0;2;1;-19,8499239;-43,14868105;"SPRF-MG";"DEL03-MG";"UOP01-DEL03-MG"
278809;2020-01-02;"quinta-feira";"18:40:00";"RN";101;116,5;"SAO JOSE DE MIPIBU";"Falta de Atenção à Condução";"Colisão transversal";"Com Vítimas Fatais";"Plena Noite";"Decrescente";"Céu Claro";"Dupla";"Aclive;Interseção de Vias";"Não";4;1;0;0;1;2;0;3;-5,99923408;-35,26039018;"SPRF-RN";"DEL01-RN";"UOP01-DEL01-RN"
278810;2020-04-07;"terça-feira";"17:00:00";"TO";153;282;"BRASILANDIA DO TOCANTINS";"Falta de Atenção à Condução";"Colisão transversal";"Com Vítimas Feridas";"Pleno dia";"Decrescente";"Céu Claro";"Simples";"Curva";"Não";3;0;0;2;1;0;2;2;-8,37232199;-48,4897291;"SPRF-TO";"DEL02-TO";"UOP02-DEL02-TO"
278811;2020-04-07;"terça-feira";"16:40:00";"MG";262;873,2;"CAMPO FLORIDO";"Falta de Atenção à Condução";"Colisão traseira";"Com Vítimas Feridas";"Pleno dia";"Crescente";"Céu Claro";"Dupla";"Reta";"Não";3;0;2;0;1;0;2;3;-19,7773643;-48,48722103;"SPRF-MG";"DEL13-MG";"UOP01-DEL13-MG"
278813;2020-04-07;"terça-feira";"12:40:00";"MA";230;0;"BARAO DE GRAJAU";"Avarias e/ou desgaste excessivo no pneu";"Colisão com objeto estático";"Sem Vítimas";"Pleno dia";"Decrescente";"Céu Claro";"Simples";"Reta";"Sim";1;0;0;0;1;0;0;1;-6,760894;-43,01105;"SPRF-PI";"DEL03-PI";"UOP01-DEL03-PI"
278814;2020-04-07;"terça-feira";"16:20:00";"MT";364;201;"RONDONOPOLIS";"Defeito Mecânico no Veículo";"Tombamento";"Com Vítimas Feridas";"Pleno dia";"Decrescente";"Céu Claro";"Dupla";"Reta";"Sim";1;0;0;1;0;0;1;1;-16,491405;-54,646378;"SPRF-MT";"DEL02-MT";"UOP01-DEL02-MT"
278818;2020-04-07;"terça-feira";"18:20:00";"RN";101;107;"PARNAMIRIM";"Velocidade Incompatível";"Colisão lateral";"Com Vítimas Feridas";"Plena Noite";"Crescente";"Céu Claro";"Dupla";"Reta";"Sim";2;0;0;2;0;0;2;2;-5,91920796;-35,26412409;"SPRF-RN";"DEL01-RN";"UOP01-DEL01-RN"
278819;2020-04-07;"terça-feira";"18:20:00";"PR";376;5,9;"MANDAGUARI";"Pista Escorregadia";"Colisão com objeto estático";"Com Vítimas Feridas";"Plena Noite";"Decrescente";"Céu Claro";"Simples";"Curva";"Sim";1;0;0;1;0;0;1;1;-23,52940552;-51,6746664;"SPRF-PR";"DEL09-PR";"UOP01-DEL09-PR"
278820;2020-04-07;"terça-feira";"18:00:00";"MG";381;451;"SABARA";"Falta de Atenção do Pedestre";"Atropelamento de Pedestre";"Com Vítimas Feridas";"Anoitecer";"Decrescente";"Nublado";"Simples";"Reta";"Sim";2;0;1;0;1;0;1;2;-19,83832024;-43,8806931;"SPRF-MG";"DEL01-MG";"UOP01-DEL01-MG"
278821;2020-04-07;"terça-feira";"18:00:00";"RS";116;425;"CRISTAL";"Ingestão de Álcool";"Colisão traseira";"Com Vítimas Feridas";"Pleno dia";"Decrescente";"Céu Claro";"Simples";"Reta";"Não";4;0;1;1;2;0;2;2;-30,98720578;-52,03185797;"SPRF-RS";"DEL02-RS";"UOP03-DEL02-RS"
278823;2020-04-07;"terça-feira";"18:25:00";"RS";392;64,7;"PELOTAS";"Falta de Atenção à Condução";"Colisão transversal";"Com Vítimas Feridas";"Anoitecer";"Crescente";"Céu Claro";"Dupla";"Reta";"Não";2;0;1;0;1;0;1;2;-31,76661908;-52,37161303;"SPRF-RS";"DEL07-RS";"UOP01-DEL07-RS"
278824;2020-04-07;"terça-feira";"18:30:00";"PR";277;80;"CURITIBA";"Falta de Atenção à Condução";"Queda de ocupante de veículo";"Com Vítimas Feridas";"Plena Noite";"Crescente";"Nublado";"Dupla";"Reta";"Não";1;0;1;0;0;0;1;1;-25,568939;-49,181978;"SPRF-PR";"DEL01-PR";"UOP06-DEL01-PR"
278826;2020-04-07;"terça-feira";"19:10:00";"RN";226;119;"MACAIBA";"Deficiência ou não Acionamento do Sistema de Iluminação/Sinalização do Veículo";"Colisão frontal";"Sem Vítimas";"Plena Noite";"Decrescente";"Céu Claro";"Simples";"Reta";"Sim";3;0;0;0;2;1;0;2;-5,92734054;-35,5394125;"SPRF-RN";"DEL03-RN";"UOP02-DEL03-RN"
278827;2020-04-07;"terça-feira";"18:20:00";"MG";40;526,5;"CONTAGEM";"Falta de Atenção do Pedestre";"Atropelamento de Pedestre";"Com Vítimas Fatais";"Anoitecer";"Decrescente";"Nublado";"Dupla";"Reta";"Sim";3;1;0;0;2;0;0;3;-19,89255399;-44,04985478;"SPRF-MG";"DEL01-MG";"UOP02-DEL01-MG"
278828;2020-04-07;"terça-feira";"16:25:00";"SC";280;81,8;"CORUPA";"Falta de Atenção à Condução";"Colisão transversal";"Com Vítimas Feridas";"Pleno dia";"Crescente";"Céu Claro";"Simples";"Reta;Interseção de Vias";"Sim";3;0;2;0;1;0;2;2;-26,44057489;-49,217056;"SPRF-SC";"DEL06-SC";"UOP03-DEL06-SC"
278830;2020-04-07;"terça-feira";"19:00:00";"SC";282;18;"PALHOCA";"Falta de Atenção à Condução";"Colisão lateral";"Com Vítimas Feridas";"Plena Noite";"Crescente";"Nublado";"Simples";"Reta";"Não";2;0;1;0;1;0;1;2;-27,672798;-48,694286;"SPRF-SC";"DEL01-SC";"UOP02-DEL01-SC"
278831;2020-04-07;"terça-feira";"16:00:00";"GO";153;536,7;"HIDROLANDIA";"Defeito Mecânico no Veículo";"Queda de ocupante de veículo";"Com Vítimas Feridas";"Pleno dia";"Crescente";"Sol";"Dupla";"Declive";"Não";1;0;1;0;0;0;1;1;-17,0193;-49,2217;"SPRF-GO";"DEL01-GO";"UOP03-DEL01-GO"
278832;2020-04-07;"terça-feira";"18:40:00";"MS";262;305,9;"CAMPO GRANDE";"Falta de Atenção à Condução";"Colisão lateral";"Com Vítimas Feridas";"Plena Noite";"Decrescente";"Nublado";"Simples";"Reta";"Não";3;0;0;2;0;1;2;3;-20,47764575;-54,36280797;"SPRF-MS";"DEL01-MS";"UOP01-DEL01-MS"
278833;2020-04-07;"terça-feira";"19:54:00";"GO";60;183,8;"ABADIA DE GOIAS";"Falta de Atenção à Condução";"Saída de leito carroçável";"Com Vítimas Feridas";"Plena Noite";"Crescente";"Nublado";"Dupla";"Reta";"Não";1;0;0;1;0;0;1;1;-16,7848;-49,4946;"SPRF-GO";"DEL01-GO";"UOP02-DEL01-GO"
278834;2020-04-07;"terça-feira";"19:40:00";"PR";376;175,9;"MARINGA";"Falta de Atenção à Condução";"Colisão lateral";"Com Vítimas Feridas";"Plena Noite";"Decrescente";"Nublado";"Dupla";"Reta";"Sim";2;0;1;0;1;0;1;2;-23,4113569;-51,9407767;"SPRF-PR";"DEL09-PR";"UOP01-DEL09-PR"
278835;2020-04-07;"terça-feira";"18:30:00";"PR";116;109;"CURITIBA";"Desobediência às normas de trânsito pelo condutor";"Saída de leito carroçável";"Com Vítimas Fatais";"Plena Noite";"Crescente";"Céu Claro";"Dupla";"Reta";"Sim";2;1;1;0;0;0;1;1;-25,57140489;-49,20748999;"SPRF-PR";"DEL01-PR";"UOP06-DEL01-PR"
278836;2020-04-07;"terça-feira";"18:00:00";"RS";158;333,2;"SANTA MARIA";"Falta de Atenção à Condução";"Colisão transversal";"Com Vítimas Feridas";"Anoitecer";"Crescente";"Céu Claro";"Dupla";"Interseção de Vias";"Sim";2;0;1;0;1;0;1;2;-29,70713935;-53,85223389;"SPRF-RS";"DEL09-RS";"UOP01-DEL09-RS"
278837;2020-04-07;"terça-feira";"19:50:00";"MG";116;523,7;"CARATINGA";"Desobediência às normas de trânsito pelo condutor";"Colisão frontal";"Com Vítimas Feridas";"Plena Noite";"Crescente";"Nublado";"Simples";"Reta";"Sim";3;0;1;0;2;0;1;3;-19,74150028;-42,13222504;"SPRF-MG";"DEL06-MG";"UOP02-DEL06-MG"
278840;2020-04-07;"terça-feira";"17:35:00";"AC";364;137;"RIO BRANCO";"Ingestão de Álcool";"Colisão com objeto estático";"Com Vítimas Feridas";"Anoitecer";"Crescente";"Nublado";"Dupla";"Reta";"Sim";3;0;1;0;0;2;1;2;-9,96806866;-67,85335422;"SPRF-AC";"DEL01-AC";"UOP01-DEL01-AC"
278841;2020-02-09;"domingo";"23:15:00";"PB";230;3;"CABEDELO";"Ingestão de Álcool";"Colisão lateral";"Sem Vítimas";"Plena Noite";"Crescente";"Garoa/Chuvisco";"Dupla";"Reta";"Sim";5;0;0;0;1;4;0;3;-6,9915;-34,8287;"SPRF-PB";"DEL01-PB";"UOP01-DEL01-PB"
278842;2020-04-07;"terça-feira";"20:15:00";"PR";376;177,9;"MARINGA";"Falta de Atenção à Condução";"Colisão traseira";"Com Vítimas Feridas";"Plena Noite";"Crescente";"Céu Claro";"Dupla";"Reta";"Sim";2;0;1;0;1;0;1;2;-23,41595855;-51,92226484;"SPRF-PR";"DEL09-PR";"UOP01-DEL09-PR"
278843;2020-04-07;"terça-feira";"11:30:00";"RO";364;423;"JARU";"Desobediência às normas de trânsito pelo condutor";"Colisão transversal";"Com Vítimas Feridas";"Pleno dia";"Decrescente";"Sol";"Simples";"Reta";"Sim";3;0;1;0;2;0;1;2;-10,44451331;-62,46688843;"SPRF-RO";"DEL03-RO";"UOP02-DEL03-RO"
278844;2020-04-07;"terça-feira";"19:40:00";"RO";174;14,2;"VILHENA";"Falta de Atenção à Condução";"Colisão transversal";"Com Vítimas Feridas";"Plena Noite";"Crescente";"Nublado";"Dupla";"Interseção de Vias";"Sim";3;0;0;1;2;0;1;2;-12,73088307;-60,12944167;"SPRF-RO";"DEL04-RO";"UOP01-DEL04-RO"
278846;2020-04-07;"terça-feira";"19:30:00";"PR";369;88;"CORNELIO PROCOPIO";"Falta de Atenção à Condução";"Tombamento";"Com Vítimas Feridas";"Plena Noite";"Decrescente";"Céu Claro";"Dupla";"Curva;Declive";"Não";1;0;1;0;0;0;1;1;-23,18867506;-50,63985609;"SPRF-PR";"DEL07-PR";"UOP05-DEL07-PR"
278847;2020-04-07;"terça-feira";"19:05:00";"MG";116;701;"MURIAE";"Falta de Atenção do Pedestre";"Atropelamento de Pedestre";"Com Vítimas Feridas";"Plena Noite";"Crescente";"Chuva";"Simples";"Reta";"Não";3;0;0;1;1;1;1;2;-21,11084891;-42,3806104;"SPRF-MG";"DEL07-MG";"UOP02-DEL07-MG"
278849;2020-04-07;"terça-feira";"17:50:00";"SC";470;64;"INDAIAL";"Ingestão de Álcool";"Colisão traseira";"Sem Vítimas";"Pleno dia";"Crescente";"Céu Claro";"Simples";"Reta";"Não";2;0;0;0;1;1;0;2;-26,869867;-49,201859;"SPRF-SC";"DEL04-SC";"UOP01-DEL04-SC"
278850;2020-04-07;"terça-feira";"22:15:00";"SC";101;208;"SAO JOSE";"Ingestão de Álcool";"Queda de ocupante de veículo";"Com Vítimas Feridas";"Plena Noite";"Decrescente";"Nublado";"Múltipla";"Reta";"Sim";1;0;1;0;0;0;1;1;-27,60327979;-48,63201818;"SPRF-SC";"DEL01-SC";"UOP01-DEL01-SC"
278851;2020-04-07;"terça-feira";"20:15:00";"SC";480;130;"CHAPECO";"Falta de Atenção à Condução";"Tombamento";"Com Vítimas Feridas";"Plena Noite";"Decrescente";"Céu Claro";"Simples";"Interseção de Vias";"Sim";2;0;1;0;1;0;1;2;-27,05534298;-52,63652069;"SPRF-SC";"DEL07-SC";"UOP01-DEL07-SC"
278852;2020-04-07;"terça-feira";"21:50:00";"SP";116;308;"SAO LOURENCO DA SERRA";"Ingestão de álcool e/ou substâncias psicoativas pelo pedestre";"Capotamento";"Sem Vítimas";"Plena Noite";"Crescente";"Garoa/Chuvisco";"Simples";"Curva";"Sim";1;0;0;0;1;0;0;1;-23,86213995;-46,94718508;"SPRF-SP";"DEL04-SP";"UOP01-DEL04-SP"
278854;2020-04-07;"terça-feira";"22:15:00";"RO";364;237,1;"CACOAL";"Falta de Atenção do Pedestre";"Atropelamento de Pedestre";"Com Vítimas Feridas";"Plena Noite";"Crescente";"Nublado";"Simples";"Reta";"Sim";2;0;0;1;0;1;1;2;-11,43920387;-61,45340946;"SPRF-RO";"DEL02-RO";"UOP02-DEL02-RO"
278856;2020-04-08;"quarta-feira";"00:10:00";"RS";116;243,5;"SAO LEOPOLDO";"Falta de Atenção à Condução";"Colisão com objeto estático";"Com Vítimas Feridas";"Plena Noite";"Decrescente";"Céu Claro";"Múltipla";"Viaduto";"Sim";2;0;1;0;1;0;1;1;-29,73196199;-51,14952004;"SPRF-RS";"DEL01-RS";"UOP02-DEL01-RS"
278858;2020-04-08;"quarta-feira";"00:30:00";"MG";40;560,8;"NOVA LIMA";"Pista Escorregadia";"Queda de ocupante de veículo";"Com Vítimas Feridas";"Plena Noite";"Decrescente";"Chuva";"Dupla";"Reta";"Não";1;0;0;1;0;0;1;1;-20,14451602;-43,95966007;"SPRF-MG";"DEL01-MG";"UOP02-DEL01-MG"
278859;2020-04-08;"quarta-feira";"00:40:00";"PE";101;48,7;"ABREU E LIMA";"Falta de Atenção à Condução";"Saída de leito carroçável";"Com Vítimas Feridas";"Plena Noite";"Decrescente";"Nublado";"Múltipla";"Declive;Curva";"Sim";2;0;1;0;0;1;1;2;-7,89174705;-34,9033493;"SPRF-PE";"DEL01-PE";"UOP02-DEL01-PE"
278860;2020-04-07;"terça-feira";"23:25:00";"RN";427;98,9;"CAICO";"Desobediência às normas de trânsito pelo condutor";"Colisão lateral";"Com Vítimas Feridas";"Plena Noite";"Crescente";"Céu Claro";"Dupla";"Reta";"Sim";2;0;0;1;1;0;1;2;-6,46026215;-37,09653854;"SPRF-RN";"DEL03-RN";"UOP01-DEL03-RN"
278861;2020-04-08;"quarta-feira";"00:50:00";"MG";40;44,9;"PARACATU";"Animais na Pista";"Atropelamento de Animal";"Sem Vítimas";"Plena Noite";"Crescente";"Nublado";"Simples";"Reta";"Sim";2;0;0;0;2;0;0;1;-17,23101648;-46,85390396;"SPRF-MG";"DEL14-MG";"UOP01-DEL14-MG"
278863;2020-04-08;"quarta-feira";"02:10:00";"RS";392;46,7;"RIO GRANDE";"Ingestão de Álcool";"Saída de leito carroçável";"Sem Vítimas";"Plena Noite";"Crescente";"Céu Claro";"Dupla";"Reta";"Não";1;0;0;0;1;0;0;1;-31,91018203;-52,31605918;"SPRF-RS";"DEL07-RS";"UOP02-DEL07-RS"
278865;2020-04-08;"quarta-feira";"04:35:00";"MG";40;491,6;"ESMERALDAS";"Desobediência às normas de trânsito pelo pedestre";"Atropelamento de Pedestre";"Com Vítimas Fatais";"Amanhecer";"Decrescente";"Garoa/Chuvisco";"Dupla";"Declive";"Não";2;1;0;0;1;0;0;2;-19,62850298;-44,20532179;"SPRF-MG";"DEL02-MG";"UOP01-DEL02-MG"
278868;2020-04-07;"terça-feira";"18:20:00";"MG";116;414,4;"GOVERNADOR VALADARES";"Desobediência às normas de trânsito pelo condutor";"Queda de ocupante de veículo";"Com Vítimas Feridas";"Plena Noite";"Crescente";"Céu Claro";"Simples";"Reta";"Sim";1;0;1;0;0;0;1;1;-18,88102703;-41,95910802;"SPRF-MG";"DEL06-MG";"UOP01-DEL06-MG"
278869;2020-04-08;"quarta-feira";"06:50:00";"RN";427;98;"CAICO";"Falta de Atenção à Condução";"Colisão transversal";"Com Vítimas Feridas";"Pleno dia";"Crescente";"Céu Claro";"Simples";"Interseção de Vias";"Sim";2;0;1;0;1;0;1;2;-6,46052867;-37,09612012;"SPRF-RN";"DEL03-RN";"UOP01-DEL03-RN"
278870;2020-04-08;"quarta-feira";"06:20:00";"RS";116;228,5;"DOIS IRMAOS";"Falta de Atenção à Condução";"Saída de leito carroçável";"Com Vítimas Feridas";"Amanhecer";"Crescente";"Nublado";"Simples";"Curva";"Não";1;0;1;0;0;0;1;1;-29,61402414;-51,12334773;"SPRF-RS";"DEL01-RS";"UOP02-DEL01-RS"
278872;2020-04-08;"quarta-feira";"07:00:00";"MG";381;609,8;"OLIVEIRA";"Animais na Pista";"Queda de ocupante de veículo";"Com Vítimas Feridas";"Pleno dia";"Crescente";"Nublado";"Dupla";"Reta";"Não";1;0;1;0;0;0;1;1;-20,70021201;-44,74879926;"SPRF-MG";"DEL04-MG";"UOP01-DEL04-MG"
278874;2020-04-08;"quarta-feira";"07:20:00";"RJ";101;524;"ANGRA DOS REIS";"Mal Súbito";"Saída de leito carroçável";"Com Vítimas Feridas";"Pleno dia";"Crescente";"Chuva";"Simples";"Curva";"Não";4;0;2;1;1;0;3;4;-22,99959786;-44,47765217;"SPRF-RJ";"DEL03-RJ";"UOP02-DEL03-RJ"
278877;2020-04-08;"quarta-feira";"07:20:00";"RJ";356;85;"CARDOSO MOREIRA";"Velocidade Incompatível";"Colisão frontal";"Com Vítimas Feridas";"Pleno dia";"Decrescente";"Garoa/Chuvisco";"Simples";"Curva;Aclive";"Não";2;0;2;0;0;0;2;2;-21,48337624;-41,64795307;"SPRF-RJ";"DEL08-RJ";"UOP03-DEL08-RJ"