"id";"data_inversa";"dia_semana";"horario";"uf";"br";"km";"municipio";"causa_acidente";"tipo_acidente";"classificacao_acidente";"fase_dia";"sentido_via";"condicao_metereologica";"tipo_pista";"tracado_via";"uso_solo";"pessoas";"mortos";"feridos_leves";"feridos_graves";"ilesos";"ignorados";"feridos";"veiculos";"latitude";"longitude";"regional";"delegacia";"uop"
279117;2020-04-09;"quinta-feira";"18:00:00";"MT";364;451;"VARZEA GRANDE";"Ingestão de Álcool";"Colisão frontal";"Sem Vítimas";"Anoitecer";"Crescente";"Céu Claro";"Simples";"Reta";"Não";3;0;0;0;3;0;0;2;-15,58981794;-56,23326689;"SPRF-MT";"DEL01-MT";"DEL2/4-UOP02/MT"
279118;2020-04-09;"quinta-feira";"20:00:00";"AL";101;92,5;"RIO LARGO";"Velocidade Incompatível";"Colisão com objeto estático";"Com Vítimas Fatais";"Plena Noite";"Crescente";"Céu Claro";"Dupla";"Em Obras";"Não";1;1;0;0;0;0;0;1;-9,50304283;-35,91603398;"SPRF-AL";"DEL01-AL";"UOP01-DEL01-AL"
279119;2020-04-09;"quinta-feira";"19:00:00";"RJ";116;77;"TERESOPOLIS";"Falta de Atenção à Condução";"Colisão transversal";"Com Vítimas Feridas";"Plena Noite";"Crescente";"Nublado";"Simples";"Reta";"Sim";2;0;1;0;1;0;1;2;-22,36917806;-42,94876879;"SPRF-RJ";"DEL04-RJ";"UOP01-DEL04-RJ"
279120;2020-04-09;"quinta-feira";"19:35:00";"RN";406;149,9;"CEARA-MIRIM";"Desobediência às normas de trânsito pelo condutor";"Colisão transversal";"Com Vítimas Feridas";"Plena Noite";"Crescente";"Céu Claro";"Simples";"Reta";"Sim";3;0;3;0;0;0;3;2;-5,6485583;-35,44127004;"SPRF-RN";"DEL02-RN";"UOP01-DEL02-RN"
279121;2020-04-09;"quinta-feira";"20:20:00";"ES";259;17,9;"COLATINA";"Desobediência às normas de trânsito pelo condutor";"Saída de leito carroçável";"Com Vítimas Feridas";"Plena Noite";"Crescente";"Céu Claro";"Simples";"Curva";"Não";4;0;1;0;3;0;1;1;-19,66252502;-40,43983499;"SPRF-ES";"DEL02-ES";"UOP01-DEL02-ES"
279122;2020-04-09;"quinta-feira";"19:40:00";"RS";386;169,7;"CARAZINHO";"Defeito Mecânico no Veículo";"Colisão frontal";"Com Vítimas Feridas";"Plena Noite";"Crescente";"Céu Claro";"Simples";"Reta";"Não";5;0;4;0;1;0;4;3;-28,222359;-52,821266;"SPRF-RS";"DEL08-RS";"UOP01-DEL08-RS"
279124;2020-04-09;"quinta-feira";"20:00:00";"SC";101;205;"SAO JOSE";"Falta de Atenção à Condução";"Colisão lateral";"Com Vítimas Feridas";"Plena Noite";"Crescente";"Céu Claro";"Dupla";"Reta";"Sim";2;0;1;0;1;0;1;2;-27,58313237;-48,61532885;"SPRF-SC";"DEL01-SC";"UOP01-DEL01-SC"
279125;2020-04-09;"quinta-feira";"19:30:00";"MS";163;18;"MUNDO NOVO";"Ingestão de Álcool";"Colisão com objeto estático";"Sem Vítimas";"Plena Noite";"Crescente";"Céu Claro";"Simples";"Reta";"Não";1;0;0;0;1;0;0;1;-23,94186304;-54,28068144;"SPRF-MS";"DEL09-MS";"UOP02-DEL09-MS"
279126;2020-04-09;"quinta-feira";"17:48:00";"CE";222;314;"TIANGUA";"Falta de Atenção à Condução";"Colisão transversal";"Sem Vítimas";"Plena Noite";"Crescente";"Nublado";"Simples";"Interseção de Vias";"Sim";1;0;0;0;1;0;0;1;-3,73110045;-41,00095099;"SPRF-CE";"DEL04-CE";"UOP02-DEL04-CE"
279128;2020-04-09;"quinta-feira";"17:40:00";"MA";135;51,9;"BACABEIRA";"Defeito na Via";"Colisão frontal";"Com Vítimas Feridas";"Anoitecer";"Crescente";"Céu Claro";"Simples";"Reta";"Sim";5;0;3;2;0;0;5;2;-2,972108;-44,317272;"SPRF-MA";"DEL01-MA";"UOP02-DEL01-MA"
279132;2020-04-09;"quinta-feira";"16:55:00";"SC";280;269,8;"IRINEOPOLIS";"Velocidade Incompatível";"Saída de leito carroçável";"Sem Vítimas";"Pleno dia";"Crescente";"Céu Claro";"Simples";"Curva;Declive";"Não";1;0;0;0;0;1;0;1;-26,264091;-50,728368;"SPRF-SC";"DEL06-SC";"UOP04-DEL06-SC"
279133;2020-04-09;"quinta-feira";"20:45:00";"PR";116;124;"CURITIBA";"Velocidade Incompatível";"Colisão traseira";"Sem Vítimas";"Plena Noite";"Crescente";"Céu Claro";"Dupla";"Reta";"Sim";3;0;0;0;3;0;0;3;-25,58620703;-49,31436887;"SPRF-PR";"DEL01-PR";"UOP03-DEL01-PR"
279134;2020-02-16;"domingo";"00:40:00";"SC";101;133,8;"BALNEARIO CAMBORIU";"Desobediência às normas de trânsito pelo condutor";"Colisão transversal";"Com Vítimas Feridas";"Plena Noite";"Crescente";"Nublado";"Simples";"Retorno Regulamentado;Interseção de Vias;Reta";"Sim";3;0;1;0;1;1;1;2;-26,99936;-48,64609;"SPRF-SC";"DEL04-SC";"UOP03-DEL04-SC"
279136;2020-04-09;"quinta-feira";"20:10:00";"RO";364;195,6;"PIMENTA BUENO";"Ingestão de Álcool";"Tombamento";"Com Vítimas Feridas";"Plena Noite";"Crescente";"Garoa/Chuvisco";"Simples";"Curva";"Sim";1;0;1;0;0;0;1;1;-11,6932879;-61,17742991;"SPRF-RO";"DEL02-RO";"UOP02-DEL02-RO"
279137;2020-04-09;"quinta-feira";"21:20:00";"PE";407;129;"PETROLINA";"Falta de Atenção à Condução";"Colisão lateral";"Com Vítimas Feridas";"Plena Noite";"Crescente";"Céu Claro";"Dupla";"Reta";"Não";4;0;3;0;1;0;3;4;-9,39958299;-40,50459298;"SPRF-PE";"DEL06-PE";"UOP01-DEL06-PE"
279139;2020-04-09;"quinta-feira";"18:15:00";"PR";277;587,6;"CASCAVEL";"Velocidade Incompatível";"Tombamento";"Com Vítimas Feridas";"Anoitecer";"Decrescente";"Céu Claro";"Simples";"Reta";"Não";1;0;1;0;0;0;1;1;-24,96941255;-53,42959722;"SPRF-PR";"DEL04-PR";"UOP01-DEL04-PR"
279142;2020-04-09;"quinta-feira";"19:35:00";"MG";116;394,7;"GOVERNADOR VALADARES";"Defeito na Via";"Tombamento";"Com Vítimas Feridas";"Pleno dia";"Crescente";"Garoa/Chuvisco";"Simples";"Reta";"Não";2;0;1;1;0;0;2;1;-18,732496;-41,98694203;"SPRF-MG";"DEL06-MG";"UOP01-DEL06-MG"
279143;2020-04-09;"quinta-feira";"19:00:00";"MG";40;301;"TRES MARIAS";"Falta de Atenção à Condução";"Colisão transversal";"Com Vítimas Feridas";"Plena Noite";"Decrescente";"Nublado";"Simples";"Reta";"Não";7;0;1;0;6;0;1;2;-18,35891704;-45,0946438;"SPRF-MG";"DEL14-MG";"UOP02-DEL14-MG"
279144;2020-04-09;"quinta-feira";"21:15:00";"RS";153;45,2;"ERECHIM";"Animais na Pista";"Tombamento";"Com Vítimas Feridas";"Plena Noite";"Decrescente";"Céu Claro";"Simples";"Reta;Declive";"Não";1;0;1;0;0;0;1;1;-27,63214303;-52,23626162;"SPRF-RS";"DEL08-RS";"UOP04-DEL08-RS"
279148;2020-04-09;"quinta-feira";"21:00:00";"PR";163;271,7;"TOLEDO";"Sinalização da via insuficiente ou inadequada";"Saída de leito carroçável";"Com Vítimas Feridas";"Plena Noite";"Crescente";"Céu Claro";"Simples";"Reta";"Não";3;0;0;2;1;0;2;1;-24,62158398;-53,91729899;"SPRF-PR";"DEL06-PR";"UOP02-DEL06-PR"
279149;2020-04-09;"quinta-feira";"21:30:00";"PE";407;129,9;"PETROLINA";"Desobediência às normas de trânsito pelo condutor";"Colisão com objeto estático";"Com Vítimas Feridas";"Plena Noite";"Crescente";"Céu Claro";"Simples";"Reta";"Não";1;0;1;0;0;0;1;1;-9,39958299;-40,50459298;"SPRF-PE";"DEL06-PE";"UOP01-DEL06-PE"
279151;2020-04-09;"quinta-feira";"19:00:00";"RS";116;37,1;"VACARIA";"Falta de Atenção à Condução";"Colisão com objeto estático";"Com Vítimas Feridas";"Plena Noite";"Decrescente";"Céu Claro";"Simples";"Reta";"Sim";5;0;2;0;1;2;2;3;-28,49871957;-50,9176864;"SPRF-RS";"DEL05-RS";"UOP03-DEL05-RS"
279152;2020-04-09;"quinta-feira";"22:00:00";"RN";101;133,5;"SAO JOSE DE MIPIBU";"Falta de Atenção à Condução";"Queda de ocupante de veículo";"Com Vítimas Feridas";"Plena Noite";"Crescente";"Ignorado";"Dupla";"Reta";"Não";1;0;1;0;0;0;1;1;-6,14655198;-35,22722973;"SPRF-RN";"DEL01-RN";"UOP01-DEL01-RN"
279154;2020-04-09;"quinta-feira";"17:15:00";"SC";101;128;"BALNEARIO CAMBORIU";"Falta de Atenção à Condução";"Colisão lateral";"Com Vítimas Feridas";"Pleno dia";"Decrescente";"Céu Claro";"Dupla";"Reta";"Não";2;0;1;0;1;0;1;2;-26,97284292;-48,68299451;"SPRF-SC";"DEL04-SC";"UOP03-DEL04-SC"
279157;2020-04-09;"quinta-feira";"22:50:00";"MA";135;5,7;"SAO LUIS";"Falta de Atenção do Pedestre";"Atropelamento de Pedestre";"Com Vítimas Feridas";"Plena Noite";"Crescente";"Céu Claro";"Dupla";"Reta";"Não";2;0;0;1;1;0;1;2;-2,62145385;-44,25797421;"SPRF-MA";"DEL01-MA";"UOP01-DEL01-MA"
279158;2020-04-09;"quinta-feira";"23:20:00";"MA";135;6,7;"SAO LUIS";"Defeito Mecânico no Veículo";"Queda de ocupante de veículo";"Com Vítimas Feridas";"Plena Noite";"Crescente";"Céu Claro";"Dupla";"Reta";"Sim";2;0;1;1;0;0;2;1;-2,62877986;-44,26321818;"SPRF-MA";"DEL01-MA";"UOP01-DEL01-MA"
279162;2020-04-10;"sexta-feira";"00:15:00";"RN";427;109,8;"TIMBAUBA DOS BATISTAS";"Falta de Atenção à Condução";"Queda de ocupante de veículo";"Com Vítimas Feridas";"Plena Noite";"Decrescente";"Céu Claro";"Simples";"Interseção de Vias";"Não";1;0;1;0;0;0;1;1;-6,44032623;-37,19028711;"SPRF-RN";"DEL03-RN";"UOP01-DEL03-RN"
279165;2020-04-09;"quinta-feira";"23:30:00";"SC";101;209;"SAO JOSE";"Objeto estático sobre o leito carroçável";"Colisão com objeto estático";"Com Vítimas Feridas";"Pleno dia";"Crescente";"Céu Claro";"Múltipla";"Reta";"Sim";1;0;1;0;0;0;1;1;-27,61000542;-48,63895057;"SPRF-SC";"DEL01-SC";"UOP01-DEL01-SC"
279166;2020-04-09;"quinta-feira";"21:20:00";"MA";10;128,8;"ESTREITO";"Desobediência às normas de trânsito pelo condutor";"Colisão frontal";"Com Vítimas Feridas";"Plena Noite";"Decrescente";"Céu Claro";"Simples";"Rotatória";"Sim";2;0;0;1;1;0;1;2;-6,55842705;-47,45018721;"SPRF-MA";"DEL04-MA";"UOP02-DEL04-MA"
279167;2020-04-04;"sábado";"09:40:00";"SC";101;338;"TUBARAO";"Não guardar distância de segurança";"Colisão traseira";"Sem Vítimas";"Pleno dia";"Crescente";"Céu Claro";"Dupla";"Reta";"Sim";2;0;0;0;2;0;0;2;-28,4973334;-49,04474169;"SPRF-SC";"DEL02-SC";"UOP01-DEL02-SC"
279169;2020-04-09;"quinta-feira";"21:50:00";"AL";104;92,5;"RIO LARGO";"Desobediência às normas de trânsito pelo condutor";"Tombamento";"Com Vítimas Feridas";"Plena Noite";"Crescente";"Céu Claro";"Dupla";"Reta";"Sim";1;0;1;0;0;0;1;1;-9,51818474;-35,80329441;"SPRF-AL";"DEL01-AL";"UOP01-DEL01-AL"
279170;2020-04-10;"sexta-feira";"02:30:00";"MG";381;496;"BETIM";"Falta de Atenção à Condução";"Colisão com objeto estático";"Com Vítimas Feridas";"Plena Noite";"Decrescente";"Nublado";"Dupla";"Curva";"Não";1;0;1;0;0;0;1;1;-19,99676497;-44,20958506;"SPRF-MG";"DEL01-MG";"UOP03-DEL01-MG"
279172;2020-04-10;"sexta-feira";"01:15:00";"SC";282;384;"JOACABA";"Velocidade Incompatível";"Colisão com objeto estático";"Com Vítimas Feridas";"Plena Noite";"Decrescente";"Céu Claro";"Simples";"Declive;Curva";"Não";1;0;1;0;0;0;1;1;-27,20299;-51,515095;"SPRF-SC";"DEL07-SC";"UOP05-DEL07-SC"
279173;2020-04-10;"sexta-feira";"03:20:00";"PR";376;490,8;"PONTA GROSSA";"Ingestão de Álcool";"Colisão com objeto estático";"Com Vítimas Feridas";"Plena Noite";"Decrescente";"Céu Claro";"Dupla";"Reta";"Não";3;0;2;0;1;0;2;2;-25,14692309;-50,15072006;"SPRF-PR";"DEL03-PR";"UOP04-DEL03-PR"
279174;2020-04-10;"sexta-feira";"02:10:00";"TO";153;145;"ARAGUAINA";"Ingestão de Álcool";"Colisão com objeto estático";"Sem Vítimas";"Plena Noite";"Crescente";"Céu Claro";"Dupla";"Rotatória";"Sim";1;0;0;0;1;0;0;1;-7,20503614;-48,24035166;"SPRF-TO";"DEL02-TO";"UOP01-DEL02-TO"
279175;2020-04-09;"quinta-feira";"11:55:00";"RS";116;38,8;"VACARIA";"Desobediência às normas de trânsito pelo condutor";"Colisão lateral";"Com Vítimas Feridas";"Pleno dia";"Decrescente";"Nublado";"Simples";"Interseção de Vias";"Sim";2;0;1;0;0;1;1;2;-28,50548;-50,92516;"SPRF-RS";"DEL05-RS";"UOP03-DEL05-RS"
279176;2020-04-09;"quinta-feira";"17:11:00";"MA";10;251;"IMPERATRIZ";"Desobediência às normas de trânsito pelo condutor";"Colisão lateral";"Com Vítimas Feridas";"Pleno dia";"Crescente";"Céu Claro";"Simples";"Interseção de Vias";"Sim";3;0;2;0;1;0;2;3;-5,543249;-47,464447;"SPRF-MA";"DEL04-MA";"UOP01-DEL04-MA"
279177;2020-04-10;"sexta-feira";"03:00:00";"PB";230;7,7;"CABEDELO";"Falta de Atenção à Condução";"Colisão com objeto estático";"Com Vítimas Feridas";"Plena Noite";"Crescente";"Chuva";"Dupla";"Reta";"Sim";1;0;1;0;0;0;1;1;-7,026;-34,8385;"SPRF-PB";"DEL01-PB";"UOP01-DEL01-PB"
279178;2020-04-10;"sexta-feira";"05:30:00";"MG";40;598,8;"OURO PRETO";"Sinalização da via insuficiente ou inadequada";"Colisão com objeto estático";"Com Vítimas Feridas";"Plena Noite";"Crescente";"Nublado";"Simples";"Curva";"Não";2;0;2;0;0;0;2;1;-20,423229;-43,867555;"SPRF-MG";"DEL05-MG";"UOP02-DEL05-MG"
279180;2020-04-10;"sexta-feira";"06:00:00";"MG";381;480,8;"CONTAGEM";"Velocidade Incompatível";"Colisão lateral";"Com Vítimas Feridas";"Pleno dia";"Decrescente";"Nublado";"Múltipla";"Curva";"Sim";2;0;1;1;0;0;2;2;-19,9583636;-44,0569675;"SPRF-MG";"DEL01-MG";"UOP03-DEL01-MG"
279181;2020-04-10;"sexta-feira";"04:45:00";"RJ";116;172;"MESQUITA";"Animais na Pista";"Queda de ocupante de veículo";"Com Vítimas Feridas";"Plena Noite";"Decrescente";"Céu Claro";"Múltipla";"Reta";"Sim";1;0;1;0;0;0;1;1;-22,77781007;-43,39793034;"SPRF-RJ";"DEL01-RJ";"UOP02-DEL01-RJ"
279182;2020-04-10;"sexta-feira";"06:00:00";"PB";104;131;"CAMPINA GRANDE";"Falta de Atenção à Condução";"Saída de leito carroçável";"Sem Vítimas";"Pleno dia";"Decrescente";"Céu Claro";"Simples";"Interseção de Vias";"Não";1;0;0;0;0;1;0;1;-7,30787596;-35,89344027;"SPRF-PB";"DEL02-PB";"UOP03-DEL02-PB"
279184;2020-04-10;"sexta-feira";"02:40:00";"RS";472;482;"ITAQUI";"Ingestão de Álcool";"Colisão com objeto estático";"Com Vítimas Feridas";"Plena Noite";"Crescente";"Céu Claro";"Simples";"Interseção de Vias";"Não";1;0;1;0;0;0;1;1;-29,16692694;-56,447916;"SPRF-RS";"DEL13-RS";"UOP01-DEL13-RS"
279187;2020-04-10;"sexta-feira";"06:00:00";"GO";153;492;"GOIANIA";"Ingestão de Álcool";"Colisão com objeto estático";"Sem Vítimas";"Amanhecer";"Crescente";"Céu Claro";"Dupla";"Curva";"Sim";1;0;0;0;0;1;0;1;-16,6461;-49,2114;"SPRF-GO";"DEL01-GO";"UOP01-DEL01-GO"
279189;2020-04-02;"quinta-feira";"23:30:00";"MG";40;527;"CONTAGEM";"Velocidade Incompatível";"Saída de leito carroçável";"Com Vítimas Feridas";"Plena Noite";"Crescente";"Chuva";"Dupla";"Curva";"Sim";1;0;0;1;0;0;1;1;-19,90149502;-44,04938939;"SPRF-MG";"DEL01-MG";"UOP02-DEL01-MG"
279190;2020-04-10;"sexta-feira";"05:55:00";"MG";40;654,5;"CRISTIANO OTONI";"Velocidade Incompatível";"Colisão com objeto estático";"Com Vítimas Feridas";"Pleno dia";"Decrescente";"Nevoeiro/Neblina";"Dupla";"Curva;Declive";"Não";1;0;1;0;0;0;1;1;-20,8709407;-43,79857957;"SPRF-MG";"DEL05-MG";"UOP02-DEL05-MG"
279191;2020-04-10;"sexta-feira";"08:20:00";"SE";101;93;"NOSSA SENHORA DO SOCORRO";"Falta de Atenção à Condução";"Colisão lateral";"Com Vítimas Feridas";"Pleno dia";"Crescente";"Céu Claro";"Dupla";"Reta";"Sim";3;0;2;1;0;0;3;2;-10,90212319;-37,14494787;"SPRF-SE";"DEL01-SE";"UOP01-DEL01-SE"
279193;2020-04-10;"sexta-feira";"08:30:00";"SP";116;224,4;"GUARULHOS";"Velocidade Incompatível";"Colisão com objeto estático";"Sem Vítimas";"Pleno dia";"Decrescente";"Céu Claro";"Múltipla";"Reta";"Sim";1;0;0;0;1;0;0;1;-23,48071896;-46,53271603;"SPRF-SP";"DEL01-SP";"UOP01-DEL01-SP"
279195;2020-04-10;"sexta-feira";"06:00:00";"RJ";116;32;"SAPUCAIA";"Falta de Atenção à Condução";"Colisão frontal";"Com Vítimas Feridas";"Amanhecer";"Decrescente";"Garoa/Chuvisco";"Simples";"Curva";"Não";3;0;3;0;0;0;3;2;-22,08349192;-42,808942;"SPRF-RJ";"DEL04-RJ";"UOP01-DEL04-RJ"
279197;2020-04-10;"sexta-feira";"07:00:00";"GO";452;171;"ITUMBIARA";"Condutor Dormindo";"Saída de leito carroçável";"Sem Vítimas";"Pleno dia";"Crescente";"Céu Claro";"Simples";"Reta";"Não";1;0;0;0;1;0;0;1;-18,34333527;-49,42014404;"SPRF-GO";"DEL03-GO";"UOP02-DEL03-GO"
279198;2020-04-10;"sexta-feira";"08:00:00";"PA";316;68;"CASTANHAL";"Defeito na Via";"Colisão com objeto estático";"Sem Vítimas";"Pleno dia";"Crescente";"Nublado";"Simples";"Reta;Em Obras";"Sim";1;0;0;0;1;0;0;1;-1,29440507;-47,88382304;"SPRF-PA";"DEL01-PA";"UOP01-DEL01-PA"
279202;2020-04-10;"sexta-feira";"07:30:00";"MT";174;4;"PONTES E LACERDA";"Desobediência às normas de trânsito pelo condutor";"Colisão transversal";"Com Vítimas Feridas";"Pleno dia";"Decrescente";"Céu Claro";"Simples";"Reta";"Sim";1;0;1;0;0;0;1;1;-15,22941951;-59,34831619;"SPRF-MT";"DEL04-MT";"UOP01-DEL04-MT"
279203;2020-04-10;"sexta-feira";"09:40:00";"RJ";101;310;"SAO GONCALO";"Falta de Atenção à Condução";"Queda de ocupante de veículo";"Com Vítimas Feridas";"Pleno dia";"Crescente";"Céu Claro";"Dupla";"Reta";"Sim";1;0;1;0;0;0;1;1;-22,79717023;-43,04404993;"SPRF-RJ";"DEL02-RJ";"UOP02-DEL02-RJ"
279205;2020-04-10;"sexta-feira";"02:00:00";"CE";20;364;"MARANGUAPE";"Condutor Dormindo";"Colisão com objeto estático";"Sem Vítimas";"Plena Noite";"Decrescente";"Céu Claro";"Simples";"Reta";"Não";1;0;0;0;1;0;0;1;-4,00360328;-38,9596279;"SPRF-CE";"DEL02-CE";"UOP01-DEL02-CE"
279206;2020-04-10;"sexta-feira";"09:30:00";"MT";364;436;"VARZEA GRANDE";"Falta de Atenção à Condução";"Colisão transversal";"Sem Vítimas";"Pleno dia";"Crescente";"Céu Claro";"Dupla";"Reta";"Sim";2;0;0;0;2;0;0;2;-15,638146;-56,12082;"SPRF-MT";"DEL01-MT";"DEL2/4-UOP02/MT"
279207;2020-04-10;"sexta-feira";"10:50:00";"SP";116;211,8;"GUARULHOS";"Animais na Pista";"Colisão traseira";"Sem Vítimas";"Pleno dia";"Crescente";"Sol";"Múltipla";"Declive";"Sim";3;0;0;0;3;0;0;2;-23,43592273;-46,42827913;"SPRF-SP";"DEL01-SP";"UOP01-DEL01-SP"
279208;2020-04-10;"sexta-feira";"11:00:00";"GO";30;0,6;"FORMOSA";"Defeito na Via";"Tombamento";"Com Vítimas Feridas";"Pleno dia";"Crescente";"Céu Claro";"Múltipla";"Interseção de Vias";"Não";1;0;0;1;0;0;1;1;-15,581523;-47,343376;"SPRF-DF";"DEL02-DF";"UOP01-DEL02-DF"
279209;2020-04-10;"sexta-feira";"11:25:00";"PE";232;210,9;"PESQUEIRA";"Desobediência às normas de trânsito pelo condutor";"Colisão traseira";"Sem Vítimas";"Pleno dia";"Crescente";"Sol";"Simples";"Reta";"Não";2;0;0;0;2;0;0;2;-8,36537624;-36,69766903;"SPRF-PE";"DEL02-PE";"UOP03-DEL02-PE"
279210;2020-04-10;"sexta-feira";"09:00:00";"RO";364;706,2;"PORTO VELHO";"Pista Escorregadia";"Saída de leito carroçável";"Sem Vítimas";"Pleno dia";"Decrescente";"Chuva";"Dupla";"Curva";"Não";1;0;0;0;0;1;0;1;-8,80030539;-63,823428;"SPRF-RO";"DEL01-RO";"UOP01-DEL01-RO"
279211;2020-04-10;"sexta-feira";"09:40:00";"SC";101;89;"BARRA VELHA";"Avarias e/ou desgaste excessivo no pneu";"Tombamento";"Com Vítimas Feridas";"Pleno dia";"Crescente";"Sol";"Dupla";"Reta";"Sim";2;0;2;0;0;0;2;1;-26,65175997;-48,68721921;"SPRF-SC";"DEL03-SC";"UOP02-DEL03-SC"
279212;2020-01-17;"sexta-feira";"23:36:00";"SP";153;43,5;"ONDA VERDE";"Ingestão de Álcool";"Saída de leito carroçável";"Com Vítimas Feridas";"Plena Noite";"Decrescente";"Céu Claro";"Simples";"Curva";"Não";1;0;1;0;0;0;1;1;-20,65051276;-49,34149057;"SPRF-SP";"DEL09-SP";"UOP01-DEL09-SP"
279214;2020-04-10;"sexta-feira";"12:30:00";"SP";153;55;"SAO JOSE DO RIO PRETO";"Avarias e/ou desgaste excessivo no pneu";"Colisão com objeto estático";"Sem Vítimas";"Pleno dia";"Decrescente";"Sol";"Simples";"Curva;Desvio Temporário;Rotatória;Em Obras";"Sim";1;0;0;0;0;1;0;1;-20,75321697;-49,34260108;"SPRF-SP";"DEL09-SP";"UOP01-DEL09-SP"
279216;2020-04-10;"sexta-feira";"09:00:00";"AC";317;304;"BRASILEIA";"Desobediência às normas de trânsito pelo condutor";"Colisão lateral";"Com Vítimas Feridas";"Pleno dia";"Crescente";"Céu Claro";"Simples";"Curva";"Não";2;0;0;1;1;0;1;2;-10,96502029;-68,80635045;"SPRF-AC";"DEL01-AC";"UOP02-DEL01-AC"
279217;2020-04-10;"sexta-feira";"13:00:00";"SC";101;331;"TUBARAO";"Ingestão de Álcool";"Colisão com objeto estático";"Com Vítimas Feridas";"Pleno dia";"Crescente";"Sol";"Dupla";"Viaduto;Reta;Aclive";"Sim";2;0;1;1;0;0;2;1;-28,45567521;-48,9812689;"SPRF-SC";"DEL02-SC";"UOP01-DEL02-SC"
279218;2020-04-10;"sexta-feira";"12:20:00";"MS";163;481,1;"CAMPO GRANDE";"Avarias e/ou desgaste excessivo no pneu";"Tombamento";"Com Vítimas Feridas";"Pleno dia";"Crescente";"Céu Claro";"Simples";"Curva";"Não";1;0;1;0;0;0;1;1;-20,469381;-54,55955;"SPRF-MS";"DEL01-MS";"UOP01-DEL01-MS"
279219;2020-04-08;"quarta-feira";"20:10:00";"MS";262;4;"TRES LAGOAS";"Ingestão de Álcool";"Saída de leito carroçável";"Sem Vítimas";"Plena Noite";"Crescente";"Céu Claro";"Simples";"Rotatória";"Não";1;0;0;0;1;0;0;1;-20,782074;-51,65705;"SPRF-MS";"DEL07-MS";"UOP01-DEL07-MS"
279220;2020-04-10;"sexta-feira";"14:00:00";"PR";369;49,1;"BANDEIRANTES";"Falta de Atenção à Condução";"Tombamento";"Com Vítimas Feridas";"Pleno dia";"Crescente";"Céu Claro";"Simples";"Curva";"Não";1;0;1;0;0;0;1;1;-23,11125;-50,31928;"SPRF-PR";"DEL07-PR";"UOP05-DEL07-PR"
279221;2020-04-10;"sexta-feira";"13:40:00";"SC";101;148,4;"ITAPEMA";"Falta de Atenção à Condução";"Colisão lateral";"Com Vítimas Feridas";"Pleno dia";"Crescente";"Sol";"Simples";"Reta";"Sim";3;0;2;0;1;0;2;2;-27,10123686;-48,61807962;"SPRF-SC";"DEL04-SC";"UOP03-DEL04-SC"
279222;2020-04-10;"sexta-feira";"14:00:00";"PR";376;3,8;"SAO JOSE DOS PINHAIS";"Desobediência às normas de trânsito pelo condutor";"Colisão transversal";"Com Vítimas Feridas";"Pleno dia";"Decrescente";"Céu Claro";"Dupla";"Interseção de Vias";"Sim";3;0;1;0;2;0;1;2;-25,5307;-49,1958;"SPRF-PR";"DEL01-PR";"UOP01-DEL01-PR"
279225;2020-04-10;"sexta-feira";"09:45:00";"MG";116;413,8;"GOVERNADOR VALADARES";"Falta de Atenção à Condução";"Colisão lateral";"Com Vítimas Feridas";"Pleno dia";"Crescente";"Nublado";"Simples";"Reta";"Sim";3;0;2;0;1;0;2;2;-18,873907;-41,966366;"SPRF-MG";"DEL06-MG";"UOP01-DEL06-MG"
279226;2020-04-10;"sexta-feira";"13:30:00";"ES";482;111;"GUACUI";"Velocidade Incompatível";"Tombamento";"Com Vítimas Feridas";"Pleno dia";"Crescente";"Nublado";"Simples";"Curva";"Não";1;0;1;0;0;0;1;1;-20,80191826;-41,70573448;"SPRF-ES";"DEL03-ES";"UOP02-DEL03-ES"
279228;2020-04-10;"sexta-feira";"15:10:00";"SP";116;221,8;"GUARULHOS";"Desobediência às normas de trânsito pelo condutor";"Colisão lateral";"Sem Vítimas";"Pleno dia";"Crescente";"Sol";"Múltipla";"Reta";"Sim";3;0;0;0;2;1;0;3;-23,46802395;-46,50704901;"SPRF-SP";"DEL01-SP";"UOP01-DEL01-SP"
279229;2020-04-10;"sexta-feira";"14:15:00";"RS";158;327;"SANTA MARIA";"Ingestão de Álcool";"Colisão com objeto estático";"Com Vítimas Feridas";"Pleno dia";"Crescente";"Céu Claro";"Simples";"Reta";"Sim";2;0;2;0;0;0;2;1;-29,714945;-53,81083;"SPRF-RS";"DEL09-RS";"UOP01-DEL09-RS"
279232;2020-04-10;"sexta-feira";"12:00:00";"MG";116;594,7;"MANHUACU";"Velocidade Incompatível";"Tombamento";"Com Vítimas Feridas";"Pleno dia";"Crescente";"Céu Claro";"Simples";"Curva";"Não";1;0;0;1;0;0;1;1;-20,286913;-42,14642798;"SPRF-MG";"DEL06-MG";"UOP03-DEL06-MG"
279234;2020-04-10;"sexta-feira";"16:50:00";"PR";116;124;"CURITIBA";"Avarias e/ou desgaste excessivo no pneu";"Tombamento";"Com Vítimas Feridas";"Pleno dia";"Decrescente";"Céu Claro";"Dupla";"Reta";"Não";2;0;1;0;1;0;1;1;-25,58620703;-49,31436887;"SPRF-PR";"DEL01-PR";"UOP03-DEL01-PR"