"id";"data_inversa";"dia_semana";"horario";"uf";"br";"km";"municipio";"causa_acidente";"tipo_acidente";"classificacao_acidente";"fase_dia";"sentido_via";"condicao_metereologica";"tipo_pista";"tracado_via";"uso_solo";"pessoas";"mortos";"feridos_leves";"feridos_graves";"ilesos";"ignorados";"feridos";"veiculos";"latitude";"longitude";"regional";"delegacia";"uop"
279345;2020-04-11;"sábado";"14:00:00";"RS";386;48,1;"SEBERI";"Desobediência às normas de trânsito pelo condutor";"Colisão lateral";"Com Vítimas Feridas";"Pleno dia";"Decrescente";"Céu Claro";"Simples";"Interseção de Vias";"Sim";2;0;1;0;1;0;1;2;-27,474958;-53,399574;"SPRF-RS";"DEL08-RS";"UOP02-DEL08-RS"
279346;2020-04-11;"sábado";"15:05:00";"RJ";40;118;"DUQUE DE CAXIAS";"Defeito Mecânico no Veículo";"Queda de ocupante de veículo";"Com Vítimas Feridas";"Pleno dia";"Crescente";"Nublado";"Múltipla";"Reta";"Sim";2;0;2;0;0;0;2;1;-22,75470802;-43,28737838;"SPRF-RJ";"DEL01-RJ";"UOP01-DEL01-RJ"
279347;2020-04-11;"sábado";"14:30:00";"SP";116;68,7;"APARECIDA";"Falta de Atenção à Condução";"Colisão com objeto estático";"Com Vítimas Feridas";"Pleno dia";"Decrescente";"Céu Claro";"Dupla";"Curva";"Sim";4;0;0;4;0;0;4;1;-22,84707069;-45,22659302;"SPRF-SP";"DEL08-SP";"UOP01-DEL08-SP"
279348;2020-04-11;"sábado";"14:00:00";"MA";135;22,7;"SAO LUIS";"Não guardar distância de segurança";"Colisão traseira";"Sem Vítimas";"Pleno dia";"Crescente";"Céu Claro";"Dupla";"Reta";"Sim";2;0;0;0;2;0;0;2;-2,53073;-44,3068;"SPRF-MA";"DEL01-MA";"UOP01-DEL01-MA"
279349;2020-04-11;"sábado";"15:25:00";"MG";262;196;"JOAO MONLEVADE";"Ingestão de Álcool";"Saída de leito carroçável";"Com Vítimas Feridas";"Pleno dia";"Crescente";"Nublado";"Simples";"Reta";"Não";1;0;1;0;0;0;1;1;-19,86091;-43,11725;"SPRF-MG";"DEL03-MG";"UOP01-DEL03-MG"
279352;2020-04-11;"sábado";"15:45:00";"MG";381;506;"BETIM";"Ingestão de Álcool";"Colisão lateral";"Com Vítimas Feridas";"Pleno dia";"Decrescente";"Sol";"Múltipla";"Reta;Aclive";"Não";2;0;1;0;1;0;1;2;-20,05039397;-44,27962502;"SPRF-MG";"DEL01-MG";"UOP03-DEL01-MG"
279353;2020-04-11;"sábado";"15:20:00";"SC";282;1;"FLORIANOPOLIS";"Falta de Atenção à Condução";"Colisão traseira";"Com Vítimas Feridas";"Pleno dia";"Decrescente";"Sol";"Dupla";"Reta";"Não";2;0;1;0;1;0;1;2;-27,602955;-48,580509;"SPRF-SC";"DEL01-SC";"UOP01-DEL01-SC"
279356;2020-04-11;"sábado";"16:10:00";"PR";277;4,3;"PARANAGUA";"Falta de Atenção à Condução";"Colisão transversal";"Com Vítimas Feridas";"Pleno dia";"Decrescente";"Nublado";"Simples";"Reta";"Sim";2;0;1;0;1;0;1;2;-25,568198;-48,615292;"SPRF-PR";"DEL01-PR";"UOP05-DEL01-PR"
279358;2020-04-11;"sábado";"16:30:00";"RJ";40;115;"DUQUE DE CAXIAS";"Ingestão de Álcool";"Colisão com objeto estático";"Sem Vítimas";"Pleno dia";"Decrescente";"Nublado";"Múltipla";"Reta";"Não";1;0;0;0;1;0;0;1;-22,72756999;-43,2891609;"SPRF-RJ";"DEL01-RJ";"UOP01-DEL01-RJ"
279359;2020-04-11;"sábado";"16:00:00";"PE";101;95;"CABO DE SANTO AGOSTINHO";"Falta de Atenção do Pedestre";"Atropelamento de Pedestre";"Sem Vítimas";"Pleno dia";"Crescente";"Céu Claro";"Dupla";"Reta";"Não";2;0;0;0;1;1;0;2;-8,25099;-35,01426;"SPRF-PE";"DEL01-PE";"UOP03-DEL01-PE"
279360;2020-04-11;"sábado";"15:30:00";"CE";222;8,6;"CAUCAIA";"Ingestão de Álcool";"Capotamento";"Sem Vítimas";"Pleno dia";"Crescente";"Nublado";"Dupla";"Reta";"Sim";2;0;0;0;1;1;0;1;-3,75363558;-38,63803121;"SPRF-CE";"DEL01-CE";"UOP01-DEL01-CE"
279361;2020-04-11;"sábado";"17:00:00";"PR";376;166,5;"MARINGA";"Falta de Atenção à Condução";"Colisão traseira";"Com Vítimas Feridas";"Pleno dia";"Decrescente";"Sol";"Dupla";"Reta";"Não";2;0;1;0;1;0;1;2;-23,39663206;-52,00514304;"SPRF-PR";"DEL09-PR";"UOP01-DEL09-PR"
279362;2020-04-11;"sábado";"16:15:00";"PR";376;624;"SAO JOSE DOS PINHAIS";"Não guardar distância de segurança";"Colisão traseira";"Com Vítimas Feridas";"Pleno dia";"Decrescente";"Nublado";"Dupla";"Reta";"Não";2;0;1;0;1;0;1;2;-25,64336599;-49,15942795;"SPRF-PR";"DEL01-PR";"UOP01-DEL01-PR"
279363;2020-04-11;"sábado";"13:30:00";"RN";405;133,5;"SAO FRANCISCO DO OESTE";"Falta de Atenção à Condução";"Colisão traseira";"Com Vítimas Feridas";"Pleno dia";"Decrescente";"Céu Claro";"Simples";"Reta";"Não";2;0;1;0;1;0;1;2;-5,97232048;-38,14793479;"SPRF-RN";"DEL04-RN";"UOP02-DEL04-RN"
279364;2020-04-11;"sábado";"17:15:00";"SC";101;136,4;"BALNEARIO CAMBORIU";"Velocidade Incompatível";"Saída de leito carroçável";"Com Vítimas Fatais";"Pleno dia";"Crescente";"Céu Claro";"Dupla";"Curva";"Sim";3;2;0;0;0;1;0;2;-27,008113;-48,617245;"SPRF-SC";"DEL04-SC";"UOP03-DEL04-SC"
279365;2020-04-11;"sábado";"17:10:00";"PR";369;229,2;"JANDAIA DO SUL";"Velocidade Incompatível";"Saída de leito carroçável";"Com Vítimas Feridas";"Pleno dia";"Crescente";"Céu Claro";"Simples";"Interseção de Vias;Reta";"Não";2;0;0;2;0;0;2;1;-23,60268885;-51,66595459;"SPRF-PR";"DEL07-PR";"UOP03-DEL07-PR"
279366;2020-04-11;"sábado";"16:20:00";"SC";470;3;"NAVEGANTES";"Ingestão de álcool e/ou substâncias psicoativas pelo pedestre";"Colisão com objeto estático";"Com Vítimas Feridas";"Pleno dia";"Crescente";"Céu Claro";"Simples";"Reta";"Sim";1;0;1;0;0;0;1;1;-26,861937;-48,681618;"SPRF-SC";"DEL04-SC";"UOP04-DEL04-SC"
279368;2020-04-11;"sábado";"17:10:00";"SC";163;69,2;"SAO MIGUEL DO OESTE";"Falta de Atenção à Condução";"Colisão lateral";"Com Vítimas Feridas";"Pleno dia";"Crescente";"Céu Claro";"Dupla";"Reta";"Sim";2;0;1;0;1;0;1;2;-26,74132699;-53,50120591;"SPRF-SC";"DEL07-SC";"UOP03-DEL07-SC"
279369;2020-04-11;"sábado";"18:00:00";"SP";116;214;"GUARULHOS";"Falta de Atenção à Condução";"Colisão com objeto estático";"Com Vítimas Feridas";"Anoitecer";"Decrescente";"Nublado";"Múltipla";"Reta";"Sim";3;0;1;0;2;0;1;1;-23,44333014;-46,44531294;"SPRF-SP";"DEL01-SP";"UOP01-DEL01-SP"
279370;2020-04-11;"sábado";"17:45:00";"AL";101;246;"PORTO REAL DO COLEGIO";"Falta de Atenção à Condução";"Saída de leito carroçável";"Sem Vítimas";"Plena Noite";"Crescente";"Céu Claro";"Simples";"Curva";"Não";1;0;0;0;0;1;0;1;-10,19162376;-36,82542061;"SPRF-AL";"DEL02-AL";"UOP02-DEL02-AL"
279371;2020-04-11;"sábado";"15:15:00";"SC";470;244,7;"CURITIBANOS";"Velocidade Incompatível";"Colisão traseira";"Com Vítimas Fatais";"Pleno dia";"Decrescente";"Sol";"Simples";"Reta";"Não";3;1;0;0;2;0;0;3;-27,314579;-50,515827;"SPRF-SC";"DEL05-SC";"UOP03-DEL05-SC"
279373;2020-04-11;"sábado";"18:30:00";"RJ";101;65;"CAMPOS DOS GOYTACAZES";"Desobediência às normas de trânsito pelo condutor";"Colisão transversal";"Com Vítimas Feridas";"Plena Noite";"Decrescente";"Chuva";"Simples";"Reta";"Sim";2;0;1;0;1;0;1;2;-21,75371806;-41,344292;"SPRF-RJ";"DEL08-RJ";"UOP02-DEL08-RJ"
279374;2020-04-11;"sábado";"15:55:00";"SC";101;331;"TUBARAO";"Desobediência às normas de trânsito pelo condutor";"Colisão transversal";"Com Vítimas Feridas";"Pleno dia";"Decrescente";"Sol";"Dupla";"Rotatória";"Sim";3;0;1;0;2;0;1;2;-28,465893;-48,995413;"SPRF-SC";"DEL02-SC";"UOP01-DEL02-SC"
279375;2020-04-11;"sábado";"18:10:00";"PB";230;263,9;"JUNCO DO SERIDO";"Animais na Pista";"Atropelamento de Animal";"Sem Vítimas";"Plena Noite";"Decrescente";"Céu Claro";"Simples";"Reta";"Não";1;0;0;0;1;0;0;1;-6,984;-36,7279;"SPRF-PB";"DEL03-PB";"UOP01-DEL03-PB"
279376;2020-04-11;"sábado";"17:45:00";"GO";60;298;"ACREUNA";"Velocidade Incompatível";"Colisão com objeto estático";"Com Vítimas Feridas";"Pleno dia";"Crescente";"Céu Claro";"Múltipla";"Reta";"Não";1;0;1;0;0;0;1;1;-17,3508;-50,3243;"SPRF-GO";"DEL04-GO";"UOP01-DEL04-GO"
279377;2020-04-11;"sábado";"16:50:00";"SC";470;36;"BLUMENAU";"Ingestão de álcool e/ou substâncias psicoativas pelo pedestre";"Queda de ocupante de veículo";"Com Vítimas Feridas";"Pleno dia";"Decrescente";"Céu Claro";"Simples";"Reta";"Não";2;0;1;0;1;0;1;1;-26,914196;-48,968948;"SPRF-SC";"DEL04-SC";"UOP01-DEL04-SC"
279378;2020-04-11;"sábado";"19:00:00";"PE";424;86,7;"GARANHUNS";"Ingestão de Álcool";"Colisão frontal";"Com Vítimas Feridas";"Plena Noite";"Crescente";"Céu Claro";"Simples";"Reta";"Sim";2;0;0;1;1;0;1;2;-8,86552886;-36,50934159;"SPRF-PE";"DEL03-PE";"UOP01-DEL03-PE"
279379;2020-04-11;"sábado";"18:00:00";"ES";262;54,1;"MARECHAL FLORIANO";"Pista Escorregadia";"Colisão frontal";"Com Vítimas Feridas";"Plena Noite";"Crescente";"Nevoeiro/Neblina";"Simples";"Curva";"Não";5;0;4;1;0;0;5;2;-20,41495529;-40,74098587;"SPRF-ES";"DEL01-ES";"UOP01-DEL01-ES"
279380;2020-04-11;"sábado";"18:25:00";"ES";262;2,3;"CARIACICA";"Falta de Atenção do Pedestre";"Atropelamento de Pedestre";"Com Vítimas Feridas";"Plena Noite";"Decrescente";"Céu Claro";"Dupla";"Reta";"Sim";2;0;1;0;1;0;1;2;-20,33275688;-40,36077696;"SPRF-ES";"DEL01-ES";"UOP01-DEL01-ES"
279381;2020-04-11;"sábado";"19:00:00";"RS";472;565;"URUGUAIANA";"Desobediência às normas de trânsito pelo condutor";"Colisão lateral";"Com Vítimas Fatais";"Anoitecer";"Decrescente";"Céu Claro";"Simples";"Reta";"Não";3;1;1;0;0;1;1;3;-29,69728902;-56,91677696;"SPRF-RS";"DEL13-RS";"UOP01-DEL13-RS"
279382;2020-04-11;"sábado";"18:15:00";"PE";428;165;"PETROLINA";"Falta de Atenção à Condução";"Colisão frontal";"Com Vítimas Feridas";"Plena Noite";"Crescente";"Nublado";"Simples";"Reta";"Não";2;0;2;0;0;0;2;2;-9,18589574;-40,37978842;"SPRF-PE";"DEL06-PE";"UOP01-DEL06-PE"
279383;2020-04-11;"sábado";"19:30:00";"PR";277;117,8;"CAMPO LARGO";"Falta de Atenção do Pedestre";"Atropelamento de Pedestre";"Com Vítimas Fatais";"Plena Noite";"Crescente";"Nublado";"Dupla";"Reta";"Sim";2;1;0;0;1;0;0;2;-25,434195;-49,415613;"SPRF-PR";"DEL01-PR";"UOP03-DEL03-PR"
279384;2020-04-11;"sábado";"16:15:00";"SC";280;88;"CORUPA";"Velocidade Incompatível";"Capotamento";"Com Vítimas Feridas";"Anoitecer";"Crescente";"Céu Claro";"Simples";"Curva";"Não";2;0;1;0;1;0;1;1;-26,41222834;-49,27628914;"SPRF-SC";"DEL06-SC";"UOP03-DEL06-SC"
279385;2020-04-11;"sábado";"19:30:00";"GO";50;268;"CATALAO";"Ingestão de Álcool";"Colisão traseira";"Com Vítimas Feridas";"Plena Noite";"Crescente";"Céu Claro";"Dupla";"Reta";"Não";3;0;2;0;0;1;2;2;-18,0944;-47,8761;"SPRF-GO";"DEL06-GO";"UOP01-DEL06-GO"
279386;2020-04-11;"sábado";"12:00:00";"AP";156;435;"TARTARUGALZINHO";"Falta de Atenção à Condução";"Saída de leito carroçável";"Com Vítimas Feridas";"Pleno dia";"Crescente";"Chuva";"Simples";"Reta";"Não";1;0;1;0;0;0;1;1;1,24719306;-50,98548889;"SPRF-AP";"DEL01-AP";"UOP02-DEL01-AP"
279389;2020-04-11;"sábado";"20:00:00";"MG";381;481;"CONTAGEM";"Falta de Atenção à Condução";"Tombamento";"Com Vítimas Feridas";"Plena Noite";"Decrescente";"Nublado";"Múltipla";"Reta";"Sim";1;0;1;0;0;0;1;1;-19,958761;-44,060891;"SPRF-MG";"DEL01-MG";"UOP03-DEL01-MG"
279390;2020-04-11;"sábado";"18:20:00";"RS";386;29,1;"FREDERICO WESTPHALEN";"Velocidade Incompatível";"Colisão lateral";"Com Vítimas Feridas";"Anoitecer";"Decrescente";"Céu Claro";"Simples";"Reta";"Não";2;0;0;1;1;0;1;2;-27,318573;-53,375618;"SPRF-RS";"DEL08-RS";"UOP02-DEL08-RS"
279391;2020-04-11;"sábado";"18:45:00";"RS";480;71,5;"ERECHIM";"Falta de Atenção à Condução";"Colisão lateral";"Com Vítimas Feridas";"Plena Noite";"Decrescente";"Céu Claro";"Simples";"Reta";"Sim";3;0;1;0;2;0;1;2;-27,6376;-52,308394;"SPRF-RS";"DEL08-RS";"UOP04-DEL08-RS"
279392;2020-04-11;"sábado";"18:50:00";"MG";381;789,5;"SAO GONCALO DO SAPUCAI";"Falta de Atenção do Pedestre";"Atropelamento de Pedestre";"Com Vítimas Feridas";"Plena Noite";"Crescente";"Céu Claro";"Dupla";"Reta";"Sim";3;0;0;1;1;1;1;2;-21,91423627;-45,57892692;"SPRF-MG";"DEL16-MG";"UOP02-DEL16-MG"
279394;2020-04-11;"sábado";"20:15:00";"CE";402;267,6;"ITAPIPOCA";"Animais na Pista";"Atropelamento de Animal";"Com Vítimas Fatais";"Plena Noite";"Crescente";"Céu Claro";"Simples";"Reta";"Não";1;1;0;0;0;0;0;1;-3,47390079;-39,55290113;"SPRF-CE";"DEL01-CE";"UOP03-DEL01-CE"
279395;2020-04-11;"sábado";"19:30:00";"SC";470;20;"ILHOTA";"Sinalização da via insuficiente ou inadequada";"Saída de leito carroçável";"Com Vítimas Feridas";"Plena Noite";"Crescente";"Céu Claro";"Simples";"Curva;Desvio Temporário";"Não";1;0;1;0;0;0;1;1;-26,870115;-48,820484;"SPRF-SC";"DEL04-SC";"UOP04-DEL04-SC"
279396;2020-04-11;"sábado";"18:00:00";"PE";101;45,1;"IGARASSU";"Falta de Atenção à Condução";"Colisão traseira";"Sem Vítimas";"Plena Noite";"Decrescente";"Céu Claro";"Múltipla";"Reta";"Sim";2;0;0;0;2;0;0;2;-7,86521297;-34,90715176;"SPRF-PE";"DEL01-PE";"UOP02-DEL01-PE"
279397;2020-04-11;"sábado";"19:00:00";"MG";116;183;"PADRE PARAISO";"Desobediência às normas de trânsito pelo condutor";"Colisão frontal";"Com Vítimas Feridas";"Plena Noite";"Decrescente";"Nublado";"Simples";"Interseção de Vias;Curva";"Não";4;0;2;0;2;0;2;3;-17,10836401;-41,4989415;"SPRF-MG";"DEL11-MG";"UOP01-DEL11-MG"
279398;2020-04-11;"sábado";"20:50:00";"GO";40;21;"LUZIANIA";"Falta de Atenção à Condução";"Saída de leito carroçável";"Com Vítimas Feridas";"Plena Noite";"Crescente";"Céu Claro";"Dupla";"Reta";"Sim";1;0;1;0;0;0;1;1;-16,218542;-47,915731;"SPRF-DF";"DEL01-DF";"UOP01-DEL01-DF"
279399;2020-04-11;"sábado";"19:30:00";"RJ";101;305;"SAO GONCALO";"Desobediência às normas de trânsito pelo condutor";"Colisão frontal";"Com Vítimas Feridas";"Plena Noite";"Crescente";"Nublado";"Dupla";"Reta";"Sim";3;0;0;3;0;0;3;2;-22,78702832;-42,99589293;"SPRF-RJ";"DEL02-RJ";"UOP02-DEL02-RJ"
279400;2020-04-11;"sábado";"20:30:00";"MG";40;506,4;"RIBEIRAO DAS NEVES";"Falta de Atenção à Condução";"Saída de leito carroçável";"Sem Vítimas";"Plena Noite";"Decrescente";"Céu Claro";"Dupla";"Reta";"Sim";1;0;0;0;0;1;0;1;-19,74716686;-44,14731173;"SPRF-MG";"DEL02-MG";"UOP01-DEL02-MG"
279402;2020-04-11;"sábado";"20:30:00";"SC";101;218;"PALHOCA";"Falta de Atenção à Condução";"Queda de ocupante de veículo";"Com Vítimas Feridas";"Plena Noite";"Decrescente";"Céu Claro";"Simples";"Reta";"Não";1;0;1;0;0;0;1;1;-27,6758601;-48,67052525;"SPRF-SC";"DEL01-SC";"UOP02-DEL01-SC"
279403;2020-04-11;"sábado";"19:00:00";"PR";158;379;"LARANJEIRAS DO SUL";"Velocidade Incompatível";"Saída de leito carroçável";"Com Vítimas Feridas";"Plena Noite";"Crescente";"Céu Claro";"Simples";"Declive;Reta";"Não";1;0;1;0;0;0;1;1;-25,19396279;-52,27916492;"SPRF-PR";"DEL04-PR";"UOP02-DEL04-PR"
279405;2020-04-11;"sábado";"20:00:00";"PR";277;525,8;"GUARANIACU";"Velocidade Incompatível";"Saída de leito carroçável";"Sem Vítimas";"Plena Noite";"Crescente";"Céu Claro";"Simples";"Curva";"Não";1;0;0;0;0;1;0;1;-25,11018112;-52,85167802;"SPRF-PR";"DEL04-PR";"UOP04-DEL04-PR"
279407;2020-04-11;"sábado";"19:00:00";"SC";282;570,8;"NOVA ERECHIM";"Defeito na Via";"Colisão traseira";"Com Vítimas Fatais";"Plena Noite";"Decrescente";"Céu Claro";"Simples";"Em Obras;Reta";"Não";4;1;0;1;0;2;1;3;-26,89006;-52,93306;"SPRF-SC";"DEL07-SC";"UOP02-DEL07-SC"
279408;2020-04-11;"sábado";"21:00:00";"MA";316;436,5;"PERITORO";"Pista Escorregadia";"Saída de leito carroçável";"Com Vítimas Feridas";"Plena Noite";"Decrescente";"Chuva";"Simples";"Reta";"Não";1;0;1;0;0;0;1;1;-4,413616;-44,2411;"SPRF-MA";"DEL03-MA";"UOP01-DEL03-MA"
279409;2020-04-11;"sábado";"22:00:00";"RS";287;248,2;"SANTA MARIA";"Falta de Atenção à Condução";"Colisão transversal";"Com Vítimas Feridas";"Plena Noite";"Decrescente";"Nublado";"Simples";"Em Obras;Curva";"Sim";2;0;0;1;1;0;1;2;-29,696018;-53,850956;"SPRF-RS";"DEL09-RS";"UOP01-DEL09-RS"
279410;2020-04-11;"sábado";"18:10:00";"PR";369;179;"ARAPONGAS";"Desobediência às normas de trânsito pelo condutor";"Colisão traseira";"Com Vítimas Feridas";"Pleno dia";"Decrescente";"Céu Claro";"Dupla";"Reta";"Não";1;0;1;0;0;0;1;1;-23,37371672;-51,4127188;"SPRF-PR";"DEL07-PR";"UOP03-DEL07-PR"
279411;2020-04-11;"sábado";"22:00:00";"BA";101;889;"CARAVELAS";"Ingestão de Álcool";"Capotamento";"Com Vítimas Feridas";"Plena Noite";"Decrescente";"Nublado";"Simples";"Aclive";"Não";1;0;1;0;0;0;1;1;-17,62771476;-39,76791512;"SPRF-BA";"DEL09-BA";"UOP02-DEL09-BA"
279413;2020-04-11;"sábado";"19:45:00";"PR";369;201;"APUCARANA";"Desobediência às normas de trânsito pelo condutor";"Colisão frontal";"Com Vítimas Feridas";"Plena Noite";"Decrescente";"Céu Claro";"Simples";"Declive;Reta";"Sim";4;0;0;1;2;1;1;3;-23,53981243;-51,45727873;"SPRF-PR";"DEL07-PR";"UOP03-DEL07-PR"
279416;2020-04-11;"sábado";"21:00:00";"AL";101;141,9;"SAO MIGUEL DOS CAMPOS";"Ingestão de Álcool";"Queda de ocupante de veículo";"Com Vítimas Feridas";"Plena Noite";"Decrescente";"Céu Claro";"Dupla";"Curva";"Não";2;0;1;0;1;0;1;1;-9,833217;-36,130977;"SPRF-AL";"DEL02-AL";"UOP01-DEL02-AL"
279417;2020-04-11;"sábado";"22:25:00";"MG";381;456,5;"BELO HORIZONTE";"Objeto estático sobre o leito carroçável";"Colisão com objeto estático";"Com Vítimas Feridas";"Plena Noite";"Decrescente";"Céu Claro";"Simples";"Reta";"Não";1;0;0;1;0;0;1;1;-19,85862954;-43,91292495;"SPRF-MG";"DEL01-MG";"UOP01-DEL01-MG"
279418;2020-04-11;"sábado";"21:50:00";"SC";101;129;"BALNEARIO CAMBORIU";"Ingestão de Álcool";"Colisão com objeto estático";"Sem Vítimas";"Plena Noite";"Decrescente";"Nublado";"Dupla";"Curva";"Não";1;0;0;0;1;0;0;1;-26,98064277;-48,6790679;"SPRF-SC";"DEL04-SC";"UOP03-DEL04-SC"
279420;2020-04-11;"sábado";"21:15:00";"RJ";116;75;"TERESOPOLIS";"Falta de Atenção à Condução";"Capotamento";"Sem Vítimas";"Plena Noite";"Decrescente";"Nublado";"Simples";"Curva";"Não";1;0;0;0;0;1;0;1;-22,3617791;-42,94152556;"SPRF-RJ";"DEL04-RJ";"UOP01-DEL04-RJ"
279421;2020-04-11;"sábado";"23:00:00";"SP";116;150,4;"SAO JOSE DOS CAMPOS";"Falta de Atenção à Condução";"Colisão traseira";"Sem Vítimas";"Plena Noite";"Crescente";"Céu Claro";"Dupla";"Reta";"Sim";2;0;0;0;2;0;0;2;-23,21335525;-45,8930588;"SPRF-SP";"DEL02-SP";"UOP01-DEL02-SP"
279422;2020-04-11;"sábado";"22:00:00";"MG";381;947;"EXTREMA";"Velocidade Incompatível";"Saída de leito carroçável";"Sem Vítimas";"Plena Noite";"Crescente";"Céu Claro";"Dupla";"Reta";"Não";3;0;0;0;3;0;0;1;-22,86415452;-46,34513855;"SPRF-MG";"DEL16-MG";"UOP03-DEL16-MG"
279425;2020-04-11;"sábado";"23:30:00";"MG";116;653,7;"FERVEDOURO";"Falta de Atenção à Condução";"Saída de leito carroçável";"Com Vítimas Feridas";"Plena Noite";"Decrescente";"Chuva";"Simples";"Reta";"Sim";1;0;1;0;0;0;1;1;-20,73311762;-42,28393078;"SPRF-MG";"DEL07-MG";"UOP03-DEL07-MG"
279426;2020-04-11;"sábado";"21:00:00";"MG";262;505,9;"LUZ";"Animais na Pista";"Atropelamento de Animal";"Com Vítimas Feridas";"Plena Noite";"Crescente";"Céu Claro";"Simples";"Reta";"Não";1;0;1;0;0;0;1;1;-19,77195992;-45,48225099;"SPRF-MG";"DEL08-MG";"UOP03-DEL08-MG"
279427;2020-04-11;"sábado";"23:00:00";"SC";470;301;"VARGEM";"Ingestão de Álcool";"Saída de leito carroçável";"Sem Vítimas";"Plena Noite";"Crescente";"Céu Claro";"Simples";"Reta";"Não";1;0;0;0;1;0;0;1;-27,373833;-51,056301;"SPRF-SC";"DEL07-SC";"UOP06-DEL07-SC"
279428;2020-04-12;"domingo";"00:10:00";"RS";472;175;"SANTA ROSA";"Desobediência às normas de trânsito pelo condutor";"Colisão frontal";"Com Vítimas Fatais";"Plena Noite";"Decrescente";"Céu Claro";"Simples";"Reta";"Não";4;1;0;2;0;1;2;3;-27,85671296;-54,51069699;"SPRF-RS";"DEL10-RS";"UOP01-DEL10-RS"
279430;2020-04-11;"sábado";"23:15:00";"GO";158;275;"JATAI";"Desobediência às normas de trânsito pelo condutor";"Colisão transversal";"Com Vítimas Feridas";"Plena Noite";"Decrescente";"Céu Claro";"Dupla";"Declive;Interseção de Vias;Reta";"Sim";2;0;1;0;1;0;1;2;-17,90323914;-51,72991613;"SPRF-GO";"DEL05-GO";"UOP01-DEL05-GO"
279431;2020-04-12;"domingo";"00:05:00";"MG";50;179;"UBERABA";"Falta de Atenção à Condução";"Saída de leito carroçável";"Com Vítimas Feridas";"Plena Noite";"Decrescente";"Céu Claro";"Dupla";"Reta";"Sim";1;0;1;0;0;0;1;1;-19,77827047;-47,93140998;"SPRF-MG";"DEL13-MG";"UOP01-DEL13-MG"
279432;2020-04-11;"sábado";"21:05:00";"CE";402;267,6;"ITAPIPOCA";"Falta de Atenção à Condução";"Colisão com objeto estático";"Sem Vítimas";"Plena Noite";"Crescente";"Céu Claro";"Simples";"Reta";"Não";3;0;0;0;2;1;0;2;-3,47390079;-39,55290113;"SPRF-CE";"DEL01-CE";"UOP03-DEL01-CE"
279433;2020-04-12;"domingo";"01:30:00";"PR";376;631;"SAO JOSE DOS PINHAIS";"Desobediência às normas de trânsito pelo condutor";"Queda de ocupante de veículo";"Com Vítimas Feridas";"Plena Noite";"Decrescente";"Nublado";"Dupla";"Reta";"Sim";1;0;1;0;0;0;1;1;-25,70434399;-49,14198595;"SPRF-PR";"DEL01-PR";"UOP04-DEL01-PR"
279434;2020-04-12;"domingo";"01:35:00";"SC";280;127,5;"RIO NEGRINHO";"Ingestão de Álcool";"Colisão com objeto estático";"Sem Vítimas";"Pleno dia";"Crescente";"Céu Claro";"Simples";"Curva";"Sim";1;0;0;0;1;0;0;1;-26,23943953;-49,50420708;"SPRF-SC";"DEL06-SC";"UOP03-DEL06-SC"
279435;2020-04-12;"domingo";"02:00:00";"PR";158;533,9;"PATO BRANCO";"Falta de Atenção à Condução";"Saída de leito carroçável";"Com Vítimas Feridas";"Plena Noite";"Decrescente";"Céu Claro";"Simples";"Reta";"Sim";1;0;1;0;0;0;1;1;-26,21972809;-52,68262891;"SPRF-PR";"DEL02-PR";"UOP01-DEL02-PR"
279436;2020-04-12;"domingo";"02:38:00";"RJ";40;107;"DUQUE DE CAXIAS";"Defeito Mecânico no Veículo";"Incêndio";"Sem Vítimas";"Plena Noite";"Decrescente";"Nublado";"Dupla";"Reta";"Sim";1;0;0;0;0;1;0;1;-22,65581497;-43,28378546;"SPRF-RJ";"DEL01-RJ";"UOP01-DEL01-RJ"
279437;2020-04-12;"domingo";"03:10:00";"PR";369;162;"CAMBE";"Ingestão de Álcool";"Colisão traseira";"Com Vítimas Feridas";"Plena Noite";"Crescente";"Nublado";"Dupla";"Reta;Declive";"Sim";6;0;3;0;1;2;3;4;-23,29314909;-51,26790941;"SPRF-PR";"DEL07-PR";"UOP01-DEL07-PR"
279438;2020-04-12;"domingo";"02:55:00";"SP";153;55;"SAO JOSE DO RIO PRETO";"Ingestão de Álcool";"Queda de ocupante de veículo";"Com Vítimas Feridas";"Plena Noite";"Decrescente";"Céu Claro";"Dupla";"Reta";"Sim";1;0;1;0;0;0;1;1;-20,75321697;-49,34260108;"SPRF-SP";"DEL09-SP";"UOP01-DEL09-SP"
279446;2020-04-12;"domingo";"00:30:00";"ES";101;372,1;"ICONHA";"Ingestão de Álcool";"Colisão com objeto estático";"Com Vítimas Feridas";"Plena Noite";"Crescente";"Chuva";"Simples";"Curva";"Não";1;0;1;0;0;0;1;1;-20,77215419;-40,77695658;"SPRF-ES";"DEL03-ES";"UOP01-DEL03-ES"
279447;2020-04-11;"sábado";"23:30:00";"MG";116;81,1;"MEDINA";"Ingestão de Álcool";"Saída de leito carroçável";"Com Vítimas Feridas";"Plena Noite";"Decrescente";"Chuva";"Simples";"Reta";"Não";1;0;0;1;0;0;1;1;-16,28447738;-41,46992308;"SPRF-MG";"DEL11-MG";"UOP02-DEL11-MG"