"id";"data_inversa";"dia_semana";"horario";"uf";"br";"km";"municipio";"causa_acidente";"tipo_acidente";"classificacao_acidente";"fase_dia";"sentido_via";"condicao_metereologica";"tipo_pista";"tracado_via";"uso_solo";"pessoas";"mortos";"feridos_leves";"feridos_graves";"ilesos";"ignorados";"feridos";"veiculos";"latitude";"longitude";"regional";"delegacia";"uop"
279584;2020-04-12;"domingo";"20:50:00";"SC";470;43;"GASPAR";"Falta de Atenção à Condução";"Queda de ocupante de veículo";"Com Vítimas Feridas";"Plena Noite";"Crescente";"Céu Claro";"Simples";"Curva";"Não";1;0;1;0;0;0;1;1;-26,874519;-49,013454;"SPRF-SC";"DEL04-SC";"UOP01-DEL04-SC"
279585;2020-04-12;"domingo";"19:20:00";"SC";470;19,9;"ILHOTA";"Sinalização da via insuficiente ou inadequada";"Colisão lateral";"Com Vítimas Feridas";"Plena Noite";"Crescente";"Céu Claro";"Simples";"Reta";"Não";4;0;2;2;0;0;4;2;-26,862995;-48,814396;"SPRF-SC";"DEL04-SC";"UOP04-DEL04-SC"
279588;2020-04-12;"domingo";"21:30:00";"RN";226;19,2;"MACAIBA";"Ingestão de Álcool";"Colisão traseira";"Sem Vítimas";"Plena Noite";"Decrescente";"Céu Claro";"Simples";"Aclive";"Não";2;0;0;0;2;0;0;2;-5,862697;-35,34282913;"SPRF-RN";"DEL01-RN";"UOP02-DEL01-RN"
279589;2020-04-12;"domingo";"21:35:00";"PE";104;63;"CARUARU";"Não guardar distância de segurança";"Colisão traseira";"Com Vítimas Feridas";"Plena Noite";"Decrescente";"Céu Claro";"Dupla";"Interseção de Vias";"Sim";2;0;1;0;1;0;1;2;-8,2698;-35,9803;"SPRF-PE";"DEL02-PE";"UOP01-DEL02-PE"
279590;2020-04-12;"domingo";"22:15:00";"MG";381;447;"SANTA LUZIA";"Falta de Atenção à Condução";"Colisão frontal";"Com Vítimas Feridas";"Plena Noite";"Crescente";"Céu Claro";"Simples";"Curva";"Sim";2;0;2;0;0;0;2;2;-19,82288159;-43,81825089;"SPRF-MG";"DEL01-MG";"UOP01-DEL01-MG"
279591;2020-04-12;"domingo";"12:50:00";"MA";230;554,9;"CAROLINA";"Desobediência às normas de trânsito pelo condutor";"Colisão frontal";"Com Vítimas Fatais";"Pleno dia";"Crescente";"Céu Claro";"Simples";"Declive";"Não";3;2;1;0;0;0;1;2;-7,376403;-47,301459;"SPRF-MA";"DEL05-MA";"UOP01-DEL05-MA"
279592;2020-04-12;"domingo";"20:15:00";"RJ";40;114;"DUQUE DE CAXIAS";"Falta de Atenção à Condução";"Tombamento";"Com Vítimas Feridas";"Plena Noite";"Crescente";"Nublado";"Múltipla";"Reta";"Sim";1;0;0;1;0;0;1;1;-22,71853604;-43,28993324;"SPRF-RJ";"DEL01-RJ";"UOP01-DEL01-RJ"
279593;2020-04-12;"domingo";"19:00:00";"MG";262;803;"UBERABA";"Mal Súbito";"Queda de ocupante de veículo";"Com Vítimas Feridas";"Plena Noite";"Decrescente";"Céu Claro";"Dupla";"Reta";"Não";1;0;1;0;0;0;1;1;-19,77509606;-47,97201785;"SPRF-MG";"DEL13-MG";"UOP01-DEL13-MG"
279594;2020-04-12;"domingo";"22:40:00";"BA";242;823;"BARREIRAS";"Falta de Atenção à Condução";"Colisão traseira";"Com Vítimas Feridas";"Plena Noite";"Crescente";"Céu Claro";"Simples";"Reta";"Não";6;0;1;0;4;1;1;2;-12,11654719;-45,24305203;"SPRF-BA";"DEL10-BA";"UOP01-DEL10-BA"
279595;2020-04-12;"domingo";"19:15:00";"SC";101;306;"LAGUNA";"Condutor Dormindo";"Colisão traseira";"Com Vítimas Feridas";"Plena Noite";"Crescente";"Céu Claro";"Dupla";"Reta";"Não";3;0;1;2;0;0;3;2;-28,38437001;-48,77113299;"SPRF-SC";"DEL02-SC";"UOP03-DEL02-SC"
279597;2020-04-12;"domingo";"21:20:00";"RS";116;382,2;"CAMAQUA";"Falta de Atenção à Condução";"Saída de leito carroçável";"Sem Vítimas";"Plena Noite";"Decrescente";"Céu Claro";"Dupla";"Declive";"Não";1;0;0;0;0;1;0;1;-30,776537;-51,657394;"SPRF-RS";"DEL02-RS";"UOP03-DEL02-RS"
279598;2020-04-12;"domingo";"22:15:00";"PE";101;70;"RECIFE";"Falta de Atenção à Condução";"Colisão com objeto estático";"Com Vítimas Feridas";"Plena Noite";"Crescente";"Céu Claro";"Dupla";"Interseção de Vias";"Sim";1;0;1;0;0;0;1;1;-8,06776119;-34,94265074;"SPRF-PE";"DEL01-PE";"UOP01-DEL01-PE"
279600;2020-04-12;"domingo";"18:48:00";"SC";101;305,9;"LAGUNA";"Não guardar distância de segurança";"Colisão traseira";"Com Vítimas Feridas";"Plena Noite";"Crescente";"Céu Claro";"Dupla";"Reta";"Não";4;0;1;0;3;0;1;3;-28,38437001;-48,77113299;"SPRF-SC";"DEL02-SC";"UOP03-DEL02-SC"
279602;2020-04-12;"domingo";"17:30:00";"RJ";493;87;"SEROPEDICA";"Falta de Atenção à Condução";"Saída de leito carroçável";"Com Vítimas Feridas";"Anoitecer";"Decrescente";"Nublado";"Dupla";"Reta";"Não";1;0;1;0;0;0;1;1;-22,666;-43,633;"SPRF-RJ";"DEL01-RJ";"UOP03-DEL01-RJ"
279603;2020-04-12;"domingo";"22:30:00";"MG";40;442,8;"PARAOPEBA";"Ingestão de Álcool";"Saída de leito carroçável";"Com Vítimas Feridas";"Plena Noite";"Crescente";"Céu Claro";"Dupla";"Retorno Regulamentado;Reta";"Não";2;0;2;0;0;0;2;1;-19,285672;-44,407171;"SPRF-MG";"DEL02-MG";"UOP01-DEL02-MG"
279604;2020-04-13;"segunda-feira";"01:30:00";"PB";230;489;"CAJAZEIRAS";"Animais na Pista";"Atropelamento de Animal";"Com Vítimas Feridas";"Plena Noite";"Decrescente";"Céu Claro";"Simples";"Reta";"Não";1;0;0;1;0;0;1;1;-6,8675;-38,4144;"SPRF-PB";"DEL03-PB";"UOP03-DEL03-PB"
279606;2020-04-13;"segunda-feira";"00:00:00";"RJ";465;18;"NOVA IGUACU";"Falta de Atenção à Condução";"Queda de ocupante de veículo";"Com Vítimas Feridas";"Plena Noite";"Crescente";"Céu Claro";"Simples";"Reta";"Sim";1;0;1;0;0;0;1;1;-22,831354;-43,615128;"SPRF-RJ";"DEL01-RJ";"UOP03-DEL01-RJ"
279607;2020-04-13;"segunda-feira";"03:30:00";"SP";381;58;"MAIRIPORA";"Defeito Mecânico no Veículo";"Colisão com objeto estático";"Com Vítimas Feridas";"Plena Noite";"Crescente";"Céu Claro";"Dupla";"Reta";"Não";1;0;1;0;0;0;1;1;-23,27438497;-46,58530615;"SPRF-SP";"DEL03-SP";"UOP01-DEL03-SP"
279608;2020-04-13;"segunda-feira";"05:00:00";"RN";101;83,4;"SAO GONCALO DO AMARANTE";"Falta de Atenção à Condução";"Colisão lateral";"Com Vítimas Feridas";"Amanhecer";"Crescente";"Céu Claro";"Dupla";"Reta";"Sim";2;0;1;0;1;0;1;2;-5,7710445;-35,26616981;"SPRF-RN";"DEL02-RN";"UOP01-DEL02-RN"
279609;2020-04-12;"domingo";"22:20:00";"SC";101;415;"ARARANGUA";"Velocidade Incompatível";"Colisão com objeto estático";"Sem Vítimas";"Plena Noite";"Decrescente";"Nublado";"Múltipla";"Curva";"Sim";1;0;0;0;0;1;0;1;-28,96040535;-49,51653267;"SPRF-SC";"DEL02-SC";"UOP02-DEL02-SC"
279612;2020-04-13;"segunda-feira";"06:10:00";"SC";470;150;"RIO DO SUL";"Animais na Pista";"Atropelamento de Animal";"Com Vítimas Feridas";"Amanhecer";"Crescente";"Nublado";"Simples";"Reta";"Não";1;0;1;0;0;0;1;1;-27,256508;-49,710876;"SPRF-SC";"DEL04-SC";"UOP02-DEL04-SC"
279613;2020-04-13;"segunda-feira";"06:15:00";"PE";101;69,1;"RECIFE";"Velocidade Incompatível";"Colisão traseira";"Com Vítimas Feridas";"Pleno dia";"Decrescente";"Céu Claro";"Múltipla";"Reta";"Sim";2;0;0;1;1;0;1;2;-8,05951606;-34,94581024;"SPRF-PE";"DEL01-PE";"UOP01-DEL01-PE"
279614;2020-04-13;"segunda-feira";"06:15:00";"RN";304;302;"MACAIBA";"Falta de Atenção à Condução";"Colisão traseira";"Com Vítimas Feridas";"Pleno dia";"Crescente";"Céu Claro";"Simples";"Reta";"Não";2;0;1;0;1;0;1;2;-5,88413788;-35,2829361;"SPRF-RN";"DEL01-RN";"UOP02-DEL01-RN"
279615;2020-04-12;"domingo";"20:20:00";"SC";163;74;"SAO MIGUEL DO OESTE";"Ingestão de Álcool";"Saída de leito carroçável";"Sem Vítimas";"Plena Noite";"Crescente";"Céu Claro";"Simples";"Curva";"Sim";1;0;0;0;1;0;0;1;-26,70200479;-53,51350653;"SPRF-SC";"DEL07-SC";"UOP03-DEL07-SC"
279616;2020-04-13;"segunda-feira";"06:00:00";"PR";476;150,5;"ARAUCARIA";"Falta de Atenção à Condução";"Colisão traseira";"Com Vítimas Feridas";"Pleno dia";"Decrescente";"Ignorado";"Dupla";"Reta";"Sim";2;0;1;0;1;0;1;2;-25,558477;-49,368313;"SPRF-PR";"DEL01-PR";"UOP06-DEL01-PR"
279617;2020-04-13;"segunda-feira";"07:00:00";"PB";230;23;"JOAO PESSOA";"Defeito Mecânico no Veículo";"Tombamento";"Com Vítimas Feridas";"Pleno dia";"Decrescente";"Céu Claro";"Dupla";"Reta";"Sim";2;0;2;0;0;0;2;1;-7,1562;-34,8574;"SPRF-PB";"DEL01-PB";"UOP01-DEL01-PB"
279619;2020-04-13;"segunda-feira";"06:55:00";"SC";101;196,8;"BIGUACU";"Avarias e/ou desgaste excessivo no pneu";"Queda de ocupante de veículo";"Com Vítimas Feridas";"Pleno dia";"Decrescente";"Céu Claro";"Dupla";"Curva";"Sim";1;0;0;1;0;0;1;1;-27,51101091;-48,64322292;"SPRF-SC";"DEL01-SC";"UOP01-DEL01-SC"
279621;2020-04-13;"segunda-feira";"01:30:00";"PR";163;106,9;"CAPANEMA";"Condutor Dormindo";"Saída de leito carroçável";"Com Vítimas Fatais";"Plena Noite";"Decrescente";"Céu Claro";"Simples";"Reta;Ponte";"Não";1;1;0;0;0;0;0;1;-25,610959;-53,704797;"SPRF-PR";"DEL02-PR";"UOP02-DEL02-PR"
279623;2020-04-13;"segunda-feira";"07:35:00";"PR";376;306;"MAUA DA SERRA";"Falta de Atenção à Condução";"Tombamento";"Com Vítimas Feridas";"Pleno dia";"Decrescente";"Céu Claro";"Dupla";"Reta";"Não";2;0;1;1;0;0;2;1;-23,9446;-51,1233;"SPRF-PR";"DEL07-PR";"UOP02-DEL07-PR"
279624;2020-04-13;"segunda-feira";"07:05:00";"GO";40;10;"LUZIANIA";"Falta de Atenção à Condução";"Saída de leito carroçável";"Com Vítimas Feridas";"Pleno dia";"Decrescente";"Céu Claro";"Dupla";"Reta";"Sim";2;0;2;0;0;0;2;1;-16,131285;-47,957923;"SPRF-DF";"DEL01-DF";"UOP01-DEL01-DF"
279625;2020-04-13;"segunda-feira";"07:35:00";"RJ";101;280;"ITABORAI";"Animais na Pista";"Colisão traseira";"Sem Vítimas";"Pleno dia";"Crescente";"Céu Claro";"Dupla";"Reta";"Não";8;0;0;0;8;0;0;3;-22,73840017;-42,77718501;"SPRF-RJ";"DEL02-RJ";"UOP03-DEL02-RJ"
279626;2020-04-13;"segunda-feira";"07:30:00";"ES";101;147,1;"LINHARES";"Falta de Atenção à Condução";"Colisão transversal";"Sem Vítimas";"Pleno dia";"Crescente";"Céu Claro";"Simples";"Interseção de Vias";"Sim";2;0;0;0;2;0;0;2;-19,37887202;-40,06657892;"SPRF-ES";"DEL04-ES";"UOP01-DEL04-ES"
279627;2020-04-13;"segunda-feira";"07:40:00";"PE";232;5,9;"RECIFE";"Desobediência às normas de trânsito pelo condutor";"Saída de leito carroçável";"Com Vítimas Feridas";"Pleno dia";"Decrescente";"Ignorado";"Dupla";"Reta";"Sim";2;0;2;0;0;0;2;1;-8,06795766;-34,94535414;"SPRF-PE";"DEL01-PE";"UOP01-DEL01-PE"
279628;2020-04-13;"segunda-feira";"07:45:00";"PR";369;153,8;"LONDRINA";"Falta de Atenção à Condução";"Colisão traseira";"Sem Vítimas";"Pleno dia";"Crescente";"Céu Claro";"Múltipla";"Aclive;Interseção de Vias;Curva";"Sim";2;0;0;0;2;0;0;2;-23,29806089;-51,194361;"SPRF-PR";"DEL07-PR";"UOP01-DEL07-PR"
279631;2020-04-13;"segunda-feira";"08:30:00";"RN";101;50,3;"CEARA-MIRIM";"Falta de Atenção à Condução";"Saída de leito carroçável";"Com Vítimas Feridas";"Pleno dia";"Decrescente";"Sol";"Simples";"Reta";"Não";1;0;1;0;0;0;1;1;-5,52988904;-35,31767528;"SPRF-RN";"DEL02-RN";"UOP01-DEL02-RN"
279632;2020-04-13;"segunda-feira";"08:04:00";"RN";304;280;"MACAIBA";"Desobediência às normas de trânsito pelo condutor";"Colisão transversal";"Com Vítimas Feridas";"Pleno dia";"Crescente";"Céu Claro";"Simples";"Reta";"Não";2;0;2;0;0;0;2;1;-5,8673;-35,414012;"SPRF-RN";"DEL01-RN";"UOP02-DEL01-RN"
279633;2020-04-02;"quinta-feira";"13:30:00";"MS";163;247,1;"DOURADOS";"Defeito Mecânico no Veículo";"Tombamento";"Com Vítimas Feridas";"Pleno dia";"Crescente";"Céu Claro";"Simples";"Reta";"Não";2;0;1;0;0;1;1;1;-22,32321975;-54,76899624;"SPRF-MS";"DEL04-MS";"UOP01-DEL04-MS"
279634;2020-04-13;"segunda-feira";"08:42:00";"SP";116;215;"GUARULHOS";"Desobediência às normas de trânsito pelo condutor";"Tombamento";"Com Vítimas Feridas";"Pleno dia";"Crescente";"Céu Claro";"Múltipla";"Interseção de Vias";"Sim";2;0;1;0;1;0;1;2;-23,450343;-46,462826;"SPRF-SP";"DEL01-SP";"UOP01-DEL01-SP"
279636;2020-04-13;"segunda-feira";"09:15:00";"RS";386;367;"FAZENDA VILANOVA";"Falta de Atenção à Condução";"Colisão transversal";"Com Vítimas Feridas";"Pleno dia";"Crescente";"Céu Claro";"Simples";"Interseção de Vias";"Não";2;0;1;0;1;0;1;2;-29,575304;-51,846645;"SPRF-RS";"DEL04-RS";"UOP02-DEL04-RS"
279637;2020-04-13;"segunda-feira";"06:30:00";"PR";476;322,5;"PAULO FRONTIN";"Falta de Atenção à Condução";"Saída de leito carroçável";"Com Vítimas Feridas";"Pleno dia";"Decrescente";"Nublado";"Simples";"Reta";"Não";1;0;1;0;0;0;1;1;-26,076199;-50,746521;"SPRF-PR";"DEL02-PR";"UOP04-DEL02-PR"
279638;2020-04-13;"segunda-feira";"09:40:00";"SC";470;136;"RIO DO SUL";"Desobediência às normas de trânsito pelo condutor";"Colisão traseira";"Com Vítimas Feridas";"Pleno dia";"Decrescente";"Céu Claro";"Simples";"Reta";"Sim";4;0;1;0;3;0;1;2;-27,194323;-49,624554;"SPRF-SC";"DEL04-SC";"UOP02-DEL04-SC"
279641;2020-04-13;"segunda-feira";"10:15:00";"DF";70;11,3;"BRASILIA";"Desobediência às normas de trânsito pelo condutor";"Colisão transversal";"Sem Vítimas";"Pleno dia";"Decrescente";"Céu Claro";"Dupla";"Reta;Interseção de Vias";"Sim";2;0;0;0;2;0;0;2;-15,79087709;-48,1526112;"SPRF-DF";"DEL03-DF";"UOP02-DEL03-DF"
279642;2020-04-13;"segunda-feira";"08:50:00";"BA";101;206,5;"GOVERNADOR MANGABEIRA";"Animais na Pista";"Queda de ocupante de veículo";"Com Vítimas Feridas";"Pleno dia";"Decrescente";"Chuva";"Simples";"Reta";"Não";1;0;1;0;0;0;1;1;-12,59659534;-39,03583229;"SPRF-BA";"DEL01-BA";"UOP03-DEL01-BA"
279643;2020-04-13;"segunda-feira";"10:10:00";"SP";153;72;"SAO JOSE DO RIO PRETO";"Mal Súbito";"Colisão com objeto estático";"Com Vítimas Feridas";"Pleno dia";"Decrescente";"Céu Claro";"Simples";"Reta";"Sim";1;0;0;1;0;0;1;1;-20,86715501;-49,41334398;"SPRF-SP";"DEL09-SP";"UOP01-DEL09-SP"
279644;2020-04-13;"segunda-feira";"10:30:00";"SP";116;307;"SAO LOURENCO DA SERRA";"Defeito Mecânico no Veículo";"Tombamento";"Com Vítimas Feridas";"Pleno dia";"Decrescente";"Céu Claro";"Dupla";"Reta";"Sim";2;0;1;0;1;0;1;1;-23,85630016;-46,94096988;"SPRF-SP";"DEL04-SP";"UOP01-DEL04-SP"
279646;2020-04-13;"segunda-feira";"10:45:00";"GO";60;4;"SANTO ANTONIO DO DESCOBERTO";"Velocidade Incompatível";"Saída de leito carroçável";"Com Vítimas Fatais";"Pleno dia";"Decrescente";"Céu Claro";"Dupla";"Curva";"Não";1;1;0;0;0;0;0;1;-16,087037;-48,272367;"SPRF-DF";"DEL03-DF";"UOP01-DEL03-DF"
279647;2020-04-13;"segunda-feira";"09:30:00";"RR";174;514;"BOA VISTA";"Defeito Mecânico no Veículo";"Incêndio";"Sem Vítimas";"Pleno dia";"Decrescente";"Céu Claro";"Simples";"Reta";"Sim";1;0;0;0;0;1;0;1;2,888931;-60,700974;"SPRF-RR";"DEL01-RR";"UOP01-DEL01-RR"
279648;2020-04-13;"segunda-feira";"11:00:00";"PB";104;166;"BARRA DE SANTANA";"Defeito Mecânico no Veículo";"Incêndio";"Sem Vítimas";"Pleno dia";"Crescente";"Céu Claro";"Simples";"Declive";"Não";1;0;0;0;1;0;0;1;-7,56253597;-36,00840527;"SPRF-PB";"DEL02-PB";"UOP03-DEL02-PB"
279649;2020-04-13;"segunda-feira";"11:30:00";"ES";101;269;"SERRA";"Falta de Atenção à Condução";"Colisão traseira";"Com Vítimas Feridas";"Pleno dia";"Decrescente";"Céu Claro";"Simples";"Reta";"Sim";2;0;1;0;1;0;1;2;-20,21740496;-40,26990578;"SPRF-ES";"DEL02-ES";"UOP01-DEL02-ES"
279651;2020-04-13;"segunda-feira";"11:40:00";"PR";369;138,4;"IBIPORA";"Falta de Atenção à Condução";"Colisão lateral";"Com Vítimas Feridas";"Pleno dia";"Crescente";"Céu Claro";"Simples";"Interseção de Vias;Curva";"Sim";2;0;1;0;1;0;1;2;-23,2735391;-51,05353117;"SPRF-PR";"DEL07-PR";"UOP01-DEL07-PR"
279653;2020-04-13;"segunda-feira";"12:30:00";"SE";101;89;"NOSSA SENHORA DO SOCORRO";"Velocidade Incompatível";"Saída de leito carroçável";"Com Vítimas Feridas";"Pleno dia";"Decrescente";"Céu Claro";"Dupla";"Curva";"Não";2;0;2;0;0;0;2;1;-10,88051024;-37,13355535;"SPRF-SE";"DEL01-SE";"UOP01-DEL01-SE"
279654;2020-04-13;"segunda-feira";"12:40:00";"PR";277;665;"MEDIANEIRA";"Não guardar distância de segurança";"Colisão traseira";"Com Vítimas Feridas";"Pleno dia";"Decrescente";"Céu Claro";"Dupla";"Reta";"Não";2;0;1;0;1;0;1;2;-25,25599605;-54,03772597;"SPRF-PR";"DEL05-PR";"UOP02-DEL05-PR"
279655;2020-04-13;"segunda-feira";"07:30:00";"CE";222;263;"COREAU";"Falta de Atenção à Condução";"Colisão frontal";"Sem Vítimas";"Pleno dia";"Decrescente";"Céu Claro";"Simples";"Reta";"Não";2;0;0;0;2;0;0;2;-3,74853785;-40,67572499;"SPRF-CE";"DEL04-CE";"UOP02-DEL04-CE"
279657;2020-04-13;"segunda-feira";"12:50:00";"ES";101;301,2;"VIANA";"Desobediência às normas de trânsito pelo condutor";"Colisão lateral";"Com Vítimas Feridas";"Pleno dia";"Crescente";"Nublado";"Dupla";"Curva";"Sim";3;0;1;1;1;0;2;2;-20,36278187;-40,4401343;"SPRF-ES";"DEL01-ES";"UOP01-DEL01-ES"
279658;2020-04-13;"segunda-feira";"11:44:00";"RO";364;239;"CACOAL";"Falta de Atenção à Condução";"Colisão transversal";"Com Vítimas Feridas";"Pleno dia";"Decrescente";"Sol";"Simples";"Interseção de Vias;Reta";"Sim";2;0;1;0;1;0;1;2;-11,44050428;-61,44247234;"SPRF-RO";"DEL02-RO";"UOP02-DEL02-RO"
279661;2020-01-01;"quarta-feira";"01:30:00";"PR";272;432;"GOIOERE";"Desobediência às normas de trânsito pelo condutor";"Queda de ocupante de veículo";"Com Vítimas Feridas";"Plena Noite";"Crescente";"Ignorado";"Simples";"Interseção de Vias";"Não";1;0;0;1;0;0;1;1;-24,19049181;-52,99068019;"SPRF-PR";"DEL09-PR";"UOP03-DEL09-PR"
279662;2020-04-13;"segunda-feira";"12:40:00";"RN";304;3,2;"TIBAU";"Avarias e/ou desgaste excessivo no pneu";"Saída de leito carroçável";"Com Vítimas Feridas";"Pleno dia";"Crescente";"Sol";"Simples";"Reta";"Não";2;0;1;0;1;0;1;1;-4,90286677;-37,43255163;"SPRF-RN";"DEL04-RN";"UOP02-DEL04-RN"
279665;2020-04-13;"segunda-feira";"14:00:00";"ES";101;293;"CARIACICA";"Falta de Atenção à Condução";"Tombamento";"Com Vítimas Feridas";"Pleno dia";"Crescente";"Nublado";"Dupla";"Reta;Declive";"Não";1;0;1;0;0;0;1;1;-20,31526144;-40,39567044;"SPRF-ES";"DEL01-ES";"UOP01-DEL01-ES"
279667;2020-04-13;"segunda-feira";"09:50:00";"MG";116;408,6;"GOVERNADOR VALADARES";"Desobediência às normas de trânsito pelo condutor";"Colisão transversal";"Com Vítimas Feridas";"Pleno dia";"Crescente";"Nublado";"Dupla";"Retorno Regulamentado";"Sim";2;0;1;0;1;0;1;2;-18,84221919;-41,98289416;"SPRF-MG";"DEL06-MG";"UOP01-DEL06-MG"
279668;2020-04-13;"segunda-feira";"13:55:00";"RN";304;24,3;"MOSSORO";"Velocidade Incompatível";"Saída de leito carroçável";"Com Vítimas Feridas";"Pleno dia";"Crescente";"Céu Claro";"Simples";"Rotatória";"Não";4;0;4;0;0;0;4;1;-5,06488233;-37,33287055;"SPRF-RN";"DEL04-RN";"UOP02-DEL04-RN"
279669;2020-04-13;"segunda-feira";"09:35:00";"AL";104;35;"UNIAO DOS PALMARES";"Falta de Atenção à Condução";"Colisão lateral";"Com Vítimas Feridas";"Pleno dia";"Decrescente";"Céu Claro";"Simples";"Reta";"Sim";3;0;2;0;1;0;2;2;-9,1616676;-36,01701171;"SPRF-AL";"DEL01-AL";"UOP02-DEL01-AL"
279670;2020-04-13;"segunda-feira";"14:15:00";"MG";381;443;"SABARA";"Falta de Atenção à Condução";"Tombamento";"Com Vítimas Feridas";"Pleno dia";"Crescente";"Céu Claro";"Simples";"Reta";"Não";2;0;2;0;0;0;2;1;-19,81113783;-43,79648209;"SPRF-MG";"DEL01-MG";"UOP01-DEL01-MG"
279672;2020-04-13;"segunda-feira";"14:25:00";"CE";116;3,3;"FORTALEZA";"Falta de Atenção à Condução";"Atropelamento de Pedestre";"Com Vítimas Feridas";"Pleno dia";"Decrescente";"Céu Claro";"Múltipla";"Reta";"Sim";2;0;0;2;0;0;2;2;-3,77866493;-38,51490171;"SPRF-CE";"DEL01-CE";"UOP02-DEL01-CE"
279678;2020-04-13;"segunda-feira";"15:30:00";"BA";324;578;"SAO SEBASTIAO DO PASSE";"Falta de Atenção à Condução";"Saída de leito carroçável";"Com Vítimas Feridas";"Pleno dia";"Decrescente";"Nublado";"Dupla";"Reta;Aclive";"Não";2;0;2;0;0;0;2;1;-12,580252;-38,536702;"SPRF-BA";"DEL01-BA";"UOP01-DEL01-BA"
279679;2020-02-22;"sábado";"15:15:00";"ES";101;416,2;"CACHOEIRO DE ITAPEMIRIM";"Pista Escorregadia";"Saída de leito carroçável";"Com Vítimas Feridas";"Pleno dia";"Crescente";"Chuva";"Simples";"Reta";"Não";5;0;3;1;1;0;4;2;-20,93997009;-41,08374492;"SPRF-ES";"DEL03-ES";"UOP02-DEL03-ES"
279680;2020-04-13;"segunda-feira";"15:45:00";"RS";285;483,9;"ENTRE-IJUIS";"Velocidade Incompatível";"Saída de leito carroçável";"Sem Vítimas";"Pleno dia";"Decrescente";"Céu Claro";"Simples";"Curva";"Não";3;0;0;0;3;0;0;1;-28,373577;-54,127453;"SPRF-RS";"DEL10-RS";"UOP01-DEL10-RS"
279681;2020-04-13;"segunda-feira";"14:30:00";"BA";407;130;"SENHOR DO BONFIM";"Animais na Pista";"Atropelamento de Animal";"Com Vítimas Feridas";"Pleno dia";"Decrescente";"Nublado";"Simples";"Reta";"Sim";2;0;2;0;0;0;2;1;-10,48728548;-40,16471871;"SPRF-BA";"DEL04-BA";"UOP01-DEL04-BA"
279682;2020-04-13;"segunda-feira";"14:00:00";"AC";317;201;"XAPURI";"Condutor Dormindo";"Saída de leito carroçável";"Com Vítimas Feridas";"Pleno dia";"Decrescente";"Céu Claro";"Simples";"Reta";"Não";1;0;1;0;0;0;1;1;-10,67954026;-68,11719372;"SPRF-AC";"DEL01-AC";"UOP02-DEL01-AC"
279685;2020-04-13;"segunda-feira";"16:00:00";"RS";386;240;"SOLEDADE";"Falta de Atenção à Condução";"Colisão lateral";"Com Vítimas Feridas";"Pleno dia";"Decrescente";"Céu Claro";"Dupla";"Reta";"Não";3;0;1;0;2;0;1;2;-28,766171;-52,533092;"SPRF-RS";"DEL04-RS";"UOP03-DEL04-RS"
279686;2020-04-13;"segunda-feira";"16:20:00";"MG";116;509,5;"UBAPORANGA";"Falta de Atenção à Condução";"Tombamento";"Com Vítimas Feridas";"Pleno dia";"Decrescente";"Nublado";"Simples";"Reta";"Sim";1;0;1;0;0;0;1;1;-19,63654904;-42,10593182;"SPRF-MG";"DEL06-MG";"UOP02-DEL06-MG"
279688;2020-04-13;"segunda-feira";"16:00:00";"RO";364;715;"PORTO VELHO";"Sinalização da via insuficiente ou inadequada";"Colisão transversal";"Com Vítimas Feridas";"Pleno dia";"Crescente";"Céu Claro";"Múltipla";"Reta;Interseção de Vias";"Sim";3;0;2;0;1;0;2;2;-8,78104406;-63,89358943;"SPRF-RO";"DEL01-RO";"UOP01-DEL01-RO"
279689;2020-04-13;"segunda-feira";"15:30:00";"MG";50;162,9;"UBERABA";"Condutor Dormindo";"Saída de leito carroçável";"Com Vítimas Fatais";"Pleno dia";"Crescente";"Sol";"Dupla";"Reta";"Não";1;1;0;0;0;0;0;1;-19,66776918;-47,99925448;"SPRF-MG";"DEL13-MG";"UOP01-DEL13-MG"
279690;2020-04-13;"segunda-feira";"17:00:00";"PE";428;162,5;"PETROLINA";"Falta de Atenção à Condução";"Saída de leito carroçável";"Sem Vítimas";"Pleno dia";"Crescente";"Nublado";"Simples";"Reta";"Não";1;0;0;0;0;1;0;1;-9,17513741;-40,37342788;"SPRF-PE";"DEL06-PE";"UOP01-DEL06-PE"
279691;2020-04-13;"segunda-feira";"18:00:00";"RN";304;299;"MACAIBA";"Sinalização da via insuficiente ou inadequada";"Queda de ocupante de veículo";"Sem Vítimas";"Plena Noite";"Decrescente";"Céu Claro";"Dupla";"Reta";"Sim";1;0;0;0;1;0;0;1;-5,87095859;-35,32359587;"SPRF-RN";"DEL01-RN";"UOP02-DEL01-RN"
279692;2020-04-13;"segunda-feira";"17:00:00";"RJ";116;287,3;"BARRA MANSA";"Falta de Atenção à Condução";"Saída de leito carroçável";"Com Vítimas Feridas";"Pleno dia";"Decrescente";"Nublado";"Dupla";"Reta";"Sim";1;0;0;1;0;0;1;1;-22,49295305;-44,24252706;"SPRF-RJ";"DEL07-RJ";"UOP02-DEL07-RJ"
279693;2020-04-13;"segunda-feira";"18:15:00";"PE";101;78,3;"RECIFE";"Falta de Atenção do Pedestre";"Atropelamento de Pedestre";"Com Vítimas Feridas";"Plena Noite";"Decrescente";"Céu Claro";"Dupla";"Reta";"Sim";2;0;1;1;0;0;2;2;-8,13825;-34,947305;"SPRF-PE";"DEL01-PE";"UOP01-DEL01-PE"