"id";"data_inversa";"dia_semana";"horario";"uf";"br";"km";"municipio";"causa_acidente";"tipo_acidente";"classificacao_acidente";"fase_dia";"sentido_via";"condicao_metereologica";"tipo_pista";"tracado_via";"uso_solo";"pessoas";"mortos";"feridos_leves";"feridos_graves";"ilesos";"ignorados";"feridos";"veiculos";"latitude";"longitude";"regional";"delegacia";"uop"
279695;2020-04-13;"segunda-feira";"18:30:00";"PR";376;1;"APUCARANA";"Desobediência às normas de trânsito pelo condutor";"Colisão transversal";"Com Vítimas Feridas";"Anoitecer";"Crescente";"Céu Claro";"Simples";"Declive";"Não";2;0;1;0;1;0;1;2;-23,5513;-51,461266;"SPRF-PR";"DEL07-PR";"UOP03-DEL07-PR"
279698;2020-04-13;"segunda-feira";"17:10:00";"RS";470;213;"BENTO GONCALVES";"Desobediência às normas de trânsito pelo condutor";"Colisão transversal";"Com Vítimas Feridas";"Anoitecer";"Crescente";"Céu Claro";"Simples";"Interseção de Vias";"Sim";2;0;1;0;1;0;1;2;-29,138703;-51,542708;"SPRF-RS";"DEL06-RS";"UOP01-DEL06-RS"
279700;2020-04-13;"segunda-feira";"18:30:00";"PE";101;32,5;"IGARASSU";"Falta de Atenção à Condução";"Saída de leito carroçável";"Com Vítimas Feridas";"Plena Noite";"Decrescente";"Céu Claro";"Dupla";"Reta";"Não";2;0;2;0;0;0;2;1;-7,75294197;-34,93621562;"SPRF-PE";"DEL01-PE";"UOP02-DEL01-PE"
279701;2020-04-13;"segunda-feira";"18:59:00";"SC";101;118,9;"ITAJAI";"Falta de Atenção do Pedestre";"Atropelamento de Pedestre";"Com Vítimas Feridas";"Plena Noite";"Decrescente";"Céu Claro";"Múltipla";"Reta";"Não";2;0;0;1;0;1;1;2;-26,895859;-48,71903;"SPRF-SC";"DEL04-SC";"UOP04-DEL04-SC"
279702;2020-04-13;"segunda-feira";"09:00:00";"SC";101;314,3;"LAGUNA";"Falta de Atenção à Condução";"Colisão lateral";"Com Vítimas Feridas";"Pleno dia";"Decrescente";"Céu Claro";"Simples";"Reta";"Não";2;0;1;0;1;0;1;2;-28,44043981;-48,82497095;"SPRF-SC";"DEL02-SC";"UOP01-DEL02-SC"
279704;2020-04-13;"segunda-feira";"19:00:00";"ES";101;290;"CARIACICA";"Falta de Atenção à Condução";"Colisão traseira";"Sem Vítimas";"Pleno dia";"Crescente";"Céu Claro";"Dupla";"Reta";"Sim";3;0;0;0;3;0;0;3;-20,28927747;-40,39181575;"SPRF-ES";"DEL01-ES";"UOP01-DEL01-ES"
279705;2020-04-13;"segunda-feira";"18:50:00";"CE";222;86,7;"UMIRIM";"Ultrapassagem Indevida";"Colisão lateral";"Com Vítimas Feridas";"Plena Noite";"Decrescente";"Céu Claro";"Simples";"Aclive";"Não";4;0;1;2;1;0;3;2;-3,67228804;-39,311731;"SPRF-CE";"DEL04-CE";"UOP03-DEL04-CE"
279707;2020-04-13;"segunda-feira";"17:15:00";"AC";364;135;"RIO BRANCO";"Falta de Atenção à Condução";"Colisão traseira";"Com Vítimas Feridas";"Anoitecer";"Decrescente";"Nublado";"Dupla";"Reta";"Sim";4;0;1;0;3;0;1;2;-9,9836016;-67,84671307;"SPRF-AC";"DEL01-AC";"UOP01-DEL01-AC"
279708;2020-04-13;"segunda-feira";"16:30:00";"MT";163;1049;"MATUPA";"Falta de Atenção à Condução";"Colisão transversal";"Com Vítimas Feridas";"Pleno dia";"Crescente";"Céu Claro";"Simples";"Reta";"Não";3;0;0;1;2;0;1;2;-10,091091;-54,917591;"SPRF-MT";"DEL06-MT";"NPF/DEL06-MT"
279710;2020-04-13;"segunda-feira";"18:50:00";"RR";401;7;"CANTA";"Restrição de Visibilidade";"Colisão traseira";"Com Vítimas Feridas";"Plena Noite";"Decrescente";"Céu Claro";"Dupla";"Reta";"Sim";2;0;2;0;0;0;2;2;2,796781;-60,636566;"SPRF-RR";"DEL01-RR";"UOP01-DEL01-RR"
279712;2020-04-13;"segunda-feira";"19:00:00";"PR";476;191;"LAPA";"Falta de Atenção à Condução";"Colisão traseira";"Com Vítimas Feridas";"Plena Noite";"Decrescente";"Céu Claro";"Dupla";"Reta";"Não";2;0;2;0;0;0;2;2;-25,720638;-49,696972;"SPRF-PR";"DEL01-PR";"UOP06-DEL01-PR"
279713;2020-04-13;"segunda-feira";"18:00:00";"SC";280;66,6;"JARAGUA DO SUL";"Falta de Atenção à Condução";"Colisão transversal";"Com Vítimas Feridas";"Anoitecer";"Crescente";"Céu Claro";"Simples";"Reta";"Não";3;0;2;0;1;0;2;2;-26,47606607;-49,09568797;"SPRF-SC";"DEL03-SC";"UOP03-DEL03-SC"
279715;2020-04-13;"segunda-feira";"18:30:00";"MT";163;766;"SORRISO";"Ingestão de Álcool";"Engavetamento";"Sem Vítimas";"Plena Noite";"Crescente";"Céu Claro";"Múltipla";"Reta";"Não";4;0;0;0;4;0;0;3;-12,43977727;-55,65130413;"SPRF-MT";"DEL06-MT";"UOP01-DEL06-MT"
279716;2020-04-13;"segunda-feira";"19:00:00";"PE";101;134;"ESCADA";"Falta de Atenção à Condução";"Colisão com objeto estático";"Com Vítimas Feridas";"Plena Noite";"Decrescente";"Vento";"Dupla";"Reta";"Não";1;0;1;0;0;0;1;1;-8,40994907;-35,28708799;"SPRF-PE";"DEL01-PE";"UOP03-DEL01-PE"
279717;2020-04-13;"segunda-feira";"20:20:00";"ES";101;264,4;"SERRA";"Agressão Externa";"Colisão com objeto estático";"Com Vítimas Feridas";"Plena Noite";"Decrescente";"Nublado";"Dupla";"Interseção de Vias";"Sim";1;0;1;0;0;0;1;1;-20,17292791;-40,26736384;"SPRF-ES";"DEL02-ES";"UOP01-DEL02-ES"
279719;2020-04-13;"segunda-feira";"20:20:00";"BA";324;619;"SALVADOR";"Falta de Atenção à Condução";"Queda de ocupante de veículo";"Com Vítimas Feridas";"Plena Noite";"Crescente";"Céu Claro";"Dupla";"Reta";"Sim";2;0;1;0;1;0;1;1;-12,89820999;-38,45012202;"SPRF-BA";"DEL01-BA";"UOP01-DEL01-BA"
279720;2020-04-13;"segunda-feira";"19:47:00";"ES";262;3,8;"CARIACICA";"Desobediência às normas de trânsito pelo condutor";"Colisão transversal";"Com Vítimas Feridas";"Plena Noite";"Crescente";"Céu Claro";"Dupla";"Curva";"Sim";2;0;0;1;1;0;1;2;-20,335392;-40,37653685;"SPRF-ES";"DEL01-ES";"UOP01-DEL01-ES"
279721;2020-04-13;"segunda-feira";"19:00:00";"PR";376;493,7;"PONTA GROSSA";"Falta de Atenção à Condução";"Saída de leito carroçável";"Com Vítimas Feridas";"Plena Noite";"Crescente";"Céu Claro";"Dupla";"Aclive";"Sim";1;0;1;0;0;0;1;1;-25,16001091;-50,12436895;"SPRF-PR";"DEL03-PR";"UOP04-DEL03-PR"
279722;2020-04-13;"segunda-feira";"18:20:00";"SC";280;80,5;"CORUPA";"Deficiência ou não Acionamento do Sistema de Iluminação/Sinalização do Veículo";"Colisão traseira";"Com Vítimas Feridas";"Plena Noite";"Crescente";"Céu Claro";"Simples";"Aclive;Reta";"Sim";2;0;2;0;0;0;2;2;-26,44412189;-49,20975187;"SPRF-SC";"DEL06-SC";"UOP03-DEL06-SC"
279723;2020-04-13;"segunda-feira";"19:10:00";"MG";262;630,2;"IBIA";"Defeito Mecânico no Veículo";"Saída de leito carroçável";"Sem Vítimas";"Plena Noite";"Decrescente";"Nublado";"Simples";"Curva";"Não";2;0;0;0;2;0;0;1;-19,58728618;-46,47594452;"SPRF-MG";"DEL08-MG";"UOP01-DEL08-MG"
279725;2020-04-13;"segunda-feira";"21:30:00";"RS";386;291;"POUSO NOVO";"Pista Escorregadia";"Saída de leito carroçável";"Com Vítimas Feridas";"Plena Noite";"Decrescente";"Chuva";"Simples";"Curva";"Não";1;0;1;0;0;0;1;1;-29,098166;-52,249744;"SPRF-RS";"DEL04-RS";"UOP01-DEL04-RS"
279726;2020-04-11;"sábado";"13:10:00";"PR";369;173,7;"ROLANDIA";"Desobediência às normas de trânsito pelo condutor";"Colisão com objeto estático";"Com Vítimas Feridas";"Pleno dia";"Crescente";"Céu Claro";"Simples";"Reta";"Sim";2;0;0;2;0;0;2;1;-23,31354771;-51,37379766;"SPRF-PR";"DEL07-PR";"UOP01-DEL07-PR"
279727;2020-04-13;"segunda-feira";"19:15:00";"MT";163;74,2;"RONDONOPOLIS";"Animais na Pista";"Atropelamento de Animal";"Com Vítimas Feridas";"Plena Noite";"Crescente";"Céu Claro";"Dupla";"Declive";"Não";2;0;2;0;0;0;2;1;-16,86819309;-54,71048071;"SPRF-MT";"DEL02-MT";"UOP01-DEL02-MT"
279728;2020-04-13;"segunda-feira";"20:50:00";"PE";232;509;"SALGUEIRO";"Animais na Pista";"Saída de leito carroçável";"Com Vítimas Feridas";"Plena Noite";"Crescente";"Chuva";"Simples";"Reta";"Sim";1;0;1;0;0;0;1;1;-8,06449154;-39,1298447;"SPRF-PE";"DEL05-PE";"UOP01-DEL05-PE"
279729;2020-04-13;"segunda-feira";"21:25:00";"MS";267;475,8;"GUIA LOPES DA LAGUNA";"Ingestão de Álcool";"Atropelamento de Pedestre";"Com Vítimas Feridas";"Plena Noite";"Crescente";"Chuva";"Dupla";"Reta";"Sim";3;0;0;1;1;1;1;2;-21,3813552;-56,0207538;"SPRF-MS";"DEL05-MS";"UOP01-DEL05-MS"
279730;2020-04-13;"segunda-feira";"08:30:00";"BA";242;372;"PALMEIRAS";"Pista Escorregadia";"Saída de leito carroçável";"Com Vítimas Feridas";"Pleno dia";"Crescente";"Chuva";"Simples";"Curva";"Não";2;0;2;0;0;0;2;1;-12,45491007;-41,48413406;"SPRF-BA";"DEL06-BA";"UOP01-DEL06-BA"
279733;2020-04-13;"segunda-feira";"20:15:00";"MA";135;7,2;"SAO LUIS";"Defeito Mecânico no Veículo";"Incêndio";"Sem Vítimas";"Plena Noite";"Decrescente";"Chuva";"Dupla";"Reta";"Sim";1;0;0;0;1;0;0;1;-2,63608835;-44,26848552;"SPRF-MA";"DEL01-MA";"UOP01-DEL01-MA"
279737;2020-04-13;"segunda-feira";"19:20:00";"MG";116;174,4;"PADRE PARAISO";"Ingestão de Álcool";"Colisão frontal";"Com Vítimas Feridas";"Plena Noite";"Decrescente";"Chuva";"Simples";"Reta";"Não";2;0;0;1;1;0;1;2;-17,04942509;-41,45498489;"SPRF-MG";"DEL11-MG";"UOP02-DEL11-MG"
279738;2020-04-13;"segunda-feira";"23:50:00";"SP";116;328,7;"JUQUITIBA";"Defeito Mecânico no Veículo";"Incêndio";"Sem Vítimas";"Plena Noite";"Crescente";"Céu Claro";"Dupla";"Reta";"Não";1;0;0;0;1;0;0;1;-23,93652709;-47,08014299;"SPRF-SP";"DEL04-SP";"UOP01-DEL04-SP"
279739;2020-04-13;"segunda-feira";"21:30:00";"PR";476;255;"ANTONIO OLINTO";"Velocidade Incompatível";"Capotamento";"Com Vítimas Feridas";"Plena Noite";"Decrescente";"Nublado";"Simples";"Reta";"Não";1;0;1;0;0;0;1;1;-25,891479;-50,197521;"SPRF-PR";"DEL02-PR";"UOP04-DEL02-PR"
279740;2020-04-13;"segunda-feira";"21:30:00";"PB";230;138,2;"CAMPINA GRANDE";"Falta de Atenção do Pedestre";"Atropelamento de Pedestre";"Com Vítimas Feridas";"Plena Noite";"Decrescente";"Céu Claro";"Dupla";"Reta";"Não";2;0;1;1;0;0;2;2;-7,27605859;-35,77843666;"SPRF-PB";"DEL02-PB";"UOP01-DEL02-PB"
279741;2020-04-13;"segunda-feira";"23:10:00";"SC";101;199;"BIGUACU";"Defeito Mecânico no Veículo";"Incêndio";"Sem Vítimas";"Plena Noite";"Crescente";"Céu Claro";"Dupla";"Reta";"Sim";1;0;0;0;1;0;0;1;-27,53413705;-48,63003205;"SPRF-SC";"DEL01-SC";"UOP01-DEL01-SC"
279742;2020-04-14;"terça-feira";"01:00:00";"SC";101;132;"BALNEARIO CAMBORIU";"Mal Súbito";"Colisão com objeto estático";"Com Vítimas Feridas";"Plena Noite";"Decrescente";"Céu Claro";"Dupla";"Curva";"Sim";1;0;1;0;0;0;1;1;-26,99654133;-48,65564711;"SPRF-SC";"DEL04-SC";"UOP03-DEL04-SC"
279746;2020-04-14;"terça-feira";"04:00:00";"PR";116;117;"CURITIBA";"Velocidade Incompatível";"Capotamento";"Com Vítimas Feridas";"Plena Noite";"Decrescente";"Chuva";"Dupla";"Curva";"Sim";4;0;4;0;0;0;4;1;-25,5492949;-49,28342342;"SPRF-PR";"DEL01-PR";"UOP03-DEL01-PR"
279747;2020-04-14;"terça-feira";"03:50:00";"PR";376;497;"PONTA GROSSA";"Ingestão de Álcool";"Colisão com objeto estático";"Sem Vítimas";"Plena Noite";"Decrescente";"Chuva";"Dupla";"Reta";"Sim";1;0;0;0;1;0;0;1;-25,18271102;-50,09257101;"SPRF-PR";"DEL03-PR";"UOP04-DEL03-PR"
279748;2020-04-14;"terça-feira";"03:30:00";"MG";381;166,4;"GOVERNADOR VALADARES";"Condutor Dormindo";"Capotamento";"Com Vítimas Feridas";"Plena Noite";"Decrescente";"Nublado";"Simples";"Reta";"Não";1;0;1;0;0;0;1;1;-18,95243865;-42,07229536;"SPRF-MG";"DEL06-MG";"UOP01-DEL06-MG"
279755;2020-04-14;"terça-feira";"04:40:00";"MS";163;315;"RIO BRILHANTE";"Falta de Atenção à Condução";"Tombamento";"Com Vítimas Feridas";"Plena Noite";"Decrescente";"Garoa/Chuvisco";"Simples";"Reta";"Não";1;0;1;0;0;0;1;1;-21,85213503;-54,53397908;"SPRF-MS";"DEL02-MS";"UOP02-DEL02-MS"
279759;2020-04-13;"segunda-feira";"23:00:00";"MG";262;394;"PARA DE MINAS";"Falta de Atenção do Pedestre";"Atropelamento de Pedestre";"Com Vítimas Feridas";"Plena Noite";"Crescente";"Céu Claro";"Dupla";"Reta";"Não";2;0;0;1;1;0;1;2;-19,89685689;-44,56329346;"SPRF-MG";"DEL01-MG";"UOP03-DEL01-MG"
279760;2020-04-14;"terça-feira";"07:00:00";"GO";40;12,9;"LUZIANIA";"Falta de Atenção à Condução";"Atropelamento de Pedestre";"Com Vítimas Feridas";"Pleno dia";"Crescente";"Nublado";"Dupla";"Reta";"Sim";2;0;2;0;0;0;2;2;-16,145123;-47,945382;"SPRF-DF";"DEL01-DF";"UOP01-DEL01-DF"
279761;2020-04-12;"domingo";"07:00:00";"PE";407;59,3;"PETROLINA";"Condutor Dormindo";"Saída de leito carroçável";"Com Vítimas Fatais";"Pleno dia";"Decrescente";"Ignorado";"Simples";"Reta";"Não";1;1;0;0;0;0;0;1;-8,85117877;-40,79105385;"SPRF-PE";"DEL06-PE";"UOP02-DEL06-PE"
279764;2020-04-14;"terça-feira";"02:30:00";"PR";476;276;"SAO MATEUS DO SUL";"Velocidade Incompatível";"Colisão com objeto estático";"Com Vítimas Feridas";"Plena Noite";"Decrescente";"Chuva";"Simples";"Reta";"Sim";1;0;1;0;0;0;1;1;-25,877428;-50,384377;"SPRF-PR";"DEL02-PR";"UOP04-DEL02-PR"
279765;2020-04-14;"terça-feira";"07:45:00";"TO";153;662;"GURUPI";"Defeito na Via";"Queda de ocupante de veículo";"Com Vítimas Feridas";"Pleno dia";"Decrescente";"Nublado";"Simples";"Reta";"Não";1;0;1;0;0;0;1;1;-11,6397959;-49,05342831;"SPRF-TO";"DEL01-TO";"UOP02-DEL01-TO"
279766;2020-04-14;"terça-feira";"07:15:00";"SC";101;38,5;"JOINVILLE";"Defeito na Via";"Tombamento";"Com Vítimas Feridas";"Pleno dia";"Decrescente";"Nublado";"Dupla";"Reta";"Sim";1;0;1;0;0;0;1;1;-26,25472505;-48,90561309;"SPRF-SC";"DEL03-SC";"UOP01-DEL03-SC"
279768;2020-04-14;"terça-feira";"06:45:00";"RO";364;291;"PRESIDENTE MEDICI";"Defeito na Via";"Saída de leito carroçável";"Com Vítimas Feridas";"Amanhecer";"Crescente";"Céu Claro";"Simples";"Reta";"Não";2;0;2;0;0;0;2;1;-11,32050995;-61,88026091;"SPRF-RO";"DEL02-RO";"UOP01-DEL02-RO"
279769;2020-04-14;"terça-feira";"07:55:00";"SP";381;70,5;"MAIRIPORA";"Não guardar distância de segurança";"Colisão traseira";"Com Vítimas Feridas";"Pleno dia";"Crescente";"Nublado";"Dupla";"Em Obras;Aclive;Curva";"Não";1;0;1;0;0;0;1;1;-23,34972978;-46,56070474;"SPRF-SP";"DEL03-SP";"UOP01-DEL03-SP"
279770;2020-04-14;"terça-feira";"08:25:00";"SP";153;63,2;"SAO JOSE DO RIO PRETO";"Fenômenos da Natureza";"Colisão com objeto estático";"Sem Vítimas";"Pleno dia";"Decrescente";"Chuva";"Dupla";"Reta";"Sim";2;0;0;0;2;0;0;2;-20,82149698;-49,35764818;"SPRF-SP";"DEL09-SP";"UOP01-DEL09-SP"
279771;2020-04-14;"terça-feira";"09:00:00";"GO";40;92,7;"CRISTALINA";"Desobediência às normas de trânsito pelo condutor";"Colisão transversal";"Com Vítimas Fatais";"Pleno dia";"Crescente";"Céu Claro";"Simples";"Interseção de Vias";"Não";4;1;1;0;2;0;1;2;-16,730814;-47,626211;"SPRF-DF";"DEL01-DF";"UOP02-DEL01-DF"
279772;2020-04-14;"terça-feira";"09:00:00";"MG";40;747,3;"SANTOS DUMONT";"Desobediência às normas de trânsito pelo condutor";"Queda de ocupante de veículo";"Com Vítimas Feridas";"Pleno dia";"Decrescente";"Céu Claro";"Simples";"Interseção de Vias";"Sim";4;0;0;1;0;3;1;2;-21,47114129;-43,54550242;"SPRF-MG";"DEL05-MG";"UOP01-DEL05-MG"
279774;2020-04-14;"terça-feira";"09:20:00";"SP";116;228,2;"SAO PAULO";"Falta de Atenção à Condução";"Colisão traseira";"Com Vítimas Feridas";"Pleno dia";"Decrescente";"Céu Claro";"Múltipla";"Aclive";"Sim";1;0;1;0;0;0;1;1;-23,50343484;-46,56638712;"SPRF-SP";"DEL01-SP";"UOP01-DEL01-SP"
279775;2020-04-14;"terça-feira";"07:40:00";"AC";364;92;"SENADOR GUIOMARD";"Desobediência às normas de trânsito pelo condutor";"Colisão lateral";"Com Vítimas Feridas";"Pleno dia";"Crescente";"Céu Claro";"Simples";"Reta";"Não";3;0;1;0;2;0;1;2;-10,08765949;-67,52533623;"SPRF-AC";"DEL01-AC";"UOP01-DEL01-AC"
279778;2020-04-14;"terça-feira";"09:10:00";"GO";60;394,3;"RIO VERDE";"Pista Escorregadia";"Colisão com objeto estático";"Com Vítimas Feridas";"Pleno dia";"Decrescente";"Chuva";"Dupla";"Viaduto";"Sim";2;0;2;0;0;0;2;1;-17,82230365;-51,00095987;"SPRF-GO";"DEL04-GO";"UOP01-DEL04-GO"
279780;2020-04-14;"terça-feira";"09:20:00";"BA";242;880;"BARREIRAS";"Não guardar distância de segurança";"Colisão traseira";"Com Vítimas Feridas";"Pleno dia";"Crescente";"Nublado";"Simples";"Reta";"Sim";3;0;1;1;1;0;2;2;-12,06852887;-45,56064298;"SPRF-BA";"DEL10-BA";"UOP01-DEL10-BA"
279781;2020-04-14;"terça-feira";"10:10:00";"RS";290;94,8;"PORTO ALEGRE";"Falta de Atenção à Condução";"Queda de ocupante de veículo";"Com Vítimas Feridas";"Pleno dia";"Crescente";"Céu Claro";"Múltipla";"Interseção de Vias";"Sim";1;0;1;0;0;0;1;1;-29,973856;-51,197853;"SPRF-RS";"DEL01-RS";"UOP01-DEL01-RS"
279786;2020-04-14;"terça-feira";"10:35:00";"SC";282;79,9;"RANCHO QUEIMADO";"Velocidade Incompatível";"Saída de leito carroçável";"Com Vítimas Feridas";"Pleno dia";"Crescente";"Nublado";"Simples";"Curva";"Não";4;0;2;1;1;0;3;1;-27,66680561;-49,16038513;"SPRF-SC";"DEL01-SC";"UOP03-DEL01-SC"
279789;2020-04-14;"terça-feira";"11:00:00";"PR";376;177,5;"MARINGA";"Desobediência às normas de trânsito pelo condutor";"Colisão transversal";"Com Vítimas Feridas";"Pleno dia";"Crescente";"Céu Claro";"Dupla";"Reta";"Sim";2;0;1;0;1;0;1;2;-23,41468016;-51,92607187;"SPRF-PR";"DEL09-PR";"UOP01-DEL09-PR"
279791;2020-04-14;"terça-feira";"11:50:00";"GO";50;168,2;"CAMPO ALEGRE DE GOIAS";"Velocidade Incompatível";"Saída de leito carroçável";"Com Vítimas Fatais";"Pleno dia";"Crescente";"Céu Claro";"Dupla";"Curva";"Não";1;1;0;0;0;0;0;1;-17,31350715;-47,77969122;"SPRF-GO";"DEL06-GO";"UOP01-DEL06-GO"
279793;2020-04-01;"quarta-feira";"01:00:00";"PI";343;497;"AMARANTE";"Falta de Atenção à Condução";"Atropelamento de Pedestre";"Com Vítimas Fatais";"Plena Noite";"Decrescente";"Nublado";"Simples";"Reta";"Não";2;1;0;0;0;1;0;2;-6,245049;-42,774914;"SPRF-PI";"DEL03-PI";"UOP01-DEL03-PI"
279794;2020-04-14;"terça-feira";"12:40:00";"PR";116;123;"CURITIBA";"Velocidade Incompatível";"Incêndio";"Com Vítimas Feridas";"Pleno dia";"Decrescente";"Nublado";"Dupla";"Rotatória";"Não";2;0;2;0;0;0;2;1;-25,57736002;-49,31243589;"SPRF-PR";"DEL01-PR";"UOP03-DEL01-PR"
279795;2020-04-14;"terça-feira";"12:20:00";"SC";101;214,5;"PALHOCA";"Falta de Atenção à Condução";"Queda de ocupante de veículo";"Com Vítimas Feridas";"Pleno dia";"Crescente";"Céu Claro";"Múltipla";"Reta";"Não";2;0;1;0;1;0;1;2;-27,64443;-48,67057;"SPRF-SC";"DEL01-SC";"UOP02-DEL01-SC"
279797;2020-04-14;"terça-feira";"13:00:00";"DF";20;8,3;"BRASILIA";"Falta de Atenção à Condução";"Saída de leito carroçável";"Com Vítimas Feridas";"Pleno dia";"Crescente";"Céu Claro";"Dupla";"Aclive";"Sim";2;0;2;0;0;0;2;1;-15,658386;-47,791534;"SPRF-DF";"DEL02-DF";"UOP01-DEL02-DF"
279798;2020-04-14;"terça-feira";"12:15:00";"SC";282;22;"PALHOCA";"Desobediência às normas de trânsito pelo condutor";"Colisão lateral";"Com Vítimas Feridas";"Pleno dia";"Crescente";"Céu Claro";"Simples";"Reta";"Sim";2;0;0;1;1;0;1;2;-27,688507;-48,72739;"SPRF-SC";"DEL01-SC";"UOP02-DEL01-SC"
279802;2020-04-14;"terça-feira";"14:15:00";"RS";116;135,1;"CAXIAS DO SUL";"Velocidade Incompatível";"Colisão transversal";"Com Vítimas Feridas";"Pleno dia";"Crescente";"Nublado";"Simples";"Curva";"Não";2;0;1;0;1;0;1;2;-29,0695461;-51,09988566;"SPRF-RS";"DEL05-RS";"UOP01-DEL05-RS"
279803;2020-04-14;"terça-feira";"13:30:00";"ES";101;145,9;"LINHARES";"Falta de Atenção à Condução";"Tombamento";"Com Vítimas Feridas";"Pleno dia";"Decrescente";"Nublado";"Dupla";"Interseção de Vias";"Sim";1;0;1;0;0;0;1;1;-19,36089598;-40,06464018;"SPRF-ES";"DEL04-ES";"UOP01-DEL04-ES"
279806;2020-04-14;"terça-feira";"11:50:00";"MT";163;755;"SORRISO";"Falta de Atenção à Condução";"Saída de leito carroçável";"Sem Vítimas";"Pleno dia";"Decrescente";"Chuva";"Dupla";"Declive";"Não";1;0;0;0;1;0;0;1;-12,63198432;-55,77543862;"SPRF-MT";"DEL06-MT";"UOP01-DEL06-MT"
279807;2020-04-14;"terça-feira";"13:00:00";"PE";232;106,1;"BEZERROS";"Condutor Dormindo";"Capotamento";"Com Vítimas Feridas";"Pleno dia";"Decrescente";"Céu Claro";"Dupla";"Reta";"Não";1;0;0;1;0;0;1;1;-8,26300269;-35,79029821;"SPRF-PE";"DEL02-PE";"UOP03-DEL02-PE"
279808;2020-04-14;"terça-feira";"13:00:00";"PB";361;6,7;"PATOS";"Desobediência às normas de trânsito pelo condutor";"Colisão transversal";"Com Vítimas Feridas";"Pleno dia";"Crescente";"Céu Claro";"Simples";"Interseção de Vias";"Sim";2;0;1;0;1;0;1;2;-7,03594312;-37,31112598;"SPRF-PB";"DEL03-PB";"UOP01-DEL03-PB"
279812;2020-04-14;"terça-feira";"15:00:00";"RS";116;521;"PELOTAS";"Pista Escorregadia";"Tombamento";"Com Vítimas Feridas";"Pleno dia";"Crescente";"Garoa/Chuvisco";"Simples";"Interseção de Vias";"Não";1;0;1;0;0;0;1;1;-31,70752405;-52,36800695;"SPRF-RS";"DEL07-RS";"UOP01-DEL07-RS"
279814;2020-03-10;"terça-feira";"18:00:00";"RS";285;500,9;"ENTRE-IJUIS";"Falta de Atenção à Condução";"Saída de leito carroçável";"Com Vítimas Feridas";"Pleno dia";"Decrescente";"Céu Claro";"Simples";"Reta";"Não";5;0;3;0;2;0;3;1;-28,380764;-54,298321;"SPRF-RS";"DEL10-RS";"UOP01-DEL10-RS"
279816;2020-04-14;"terça-feira";"16:05:00";"RJ";116;166;"RIO DE JANEIRO";"Falta de Atenção à Condução";"Colisão traseira";"Sem Vítimas";"Pleno dia";"Decrescente";"Céu Claro";"Múltipla";"Reta";"Sim";2;0;0;0;2;0;0;2;-22,81560263;-43,30051808;"SPRF-RJ";"DEL01-RJ";"UOP02-DEL01-RJ"
279817;2020-04-14;"terça-feira";"15:30:00";"MG";381;931,5;"EXTREMA";"Falta de Atenção à Condução";"Tombamento";"Com Vítimas Feridas";"Pleno dia";"Decrescente";"Céu Claro";"Dupla";"Curva";"Não";1;0;1;0;0;0;1;1;-22,8076393;-46,27636971;"SPRF-MG";"DEL16-MG";"UOP03-DEL16-MG"
279818;2020-04-14;"terça-feira";"16:15:00";"PA";316;62;"CASTANHAL";"Falta de Atenção à Condução";"Colisão traseira";"Sem Vítimas";"Pleno dia";"Crescente";"Garoa/Chuvisco";"Dupla";"Reta";"Sim";2;0;0;0;2;0;0;2;-1,296611;-47,92586;"SPRF-PA";"DEL01-PA";"UOP01-DEL01-PA"
279819;2020-04-14;"terça-feira";"16:05:00";"CE";222;226,2;"SOBRAL";"Defeito na Via";"Queda de ocupante de veículo";"Com Vítimas Feridas";"Pleno dia";"Crescente";"Chuva";"Simples";"Reta";"Não";1;0;1;0;0;0;1;1;-3,70648417;-40,36099807;"SPRF-CE";"DEL04-CE";"UOP01-DEL04-CE"
279820;2020-04-14;"terça-feira";"18:15:00";"RS";116;152,5;"CAXIAS DO SUL";"Não guardar distância de segurança";"Engavetamento";"Com Vítimas Feridas";"Anoitecer";"Crescente";"Céu Claro";"Simples";"Declive";"Sim";4;0;2;0;2;0;2;3;-29,18411671;-51,17223501;"SPRF-RS";"DEL05-RS";"UOP01-DEL05-RS"
279821;2020-04-14;"terça-feira";"15:50:00";"PR";376;338;"ORTIGUEIRA";"Desobediência às normas de trânsito pelo condutor";"Queda de ocupante de veículo";"Com Vítimas Feridas";"Pleno dia";"Crescente";"Nublado";"Simples";"Reta";"Não";1;0;1;0;0;0;1;1;-24,15725883;-50,97352624;"SPRF-PR";"DEL07-PR";"UOP02-DEL07-PR"
279822;2020-04-14;"terça-feira";"17:15:00";"PR";476;138,9;"CURITIBA";"Falta de Atenção à Condução";"Colisão traseira";"Com Vítimas Feridas";"Pleno dia";"Crescente";"Sol";"Dupla";"Reta";"Sim";2;0;1;0;1;0;1;2;-25,505564;-49,283417;"SPRF-PR";"DEL01-PR";"UOP03-DEL01-PR"