"id";"data_inversa";"dia_semana";"horario";"uf";"br";"km";"municipio";"causa_acidente";"tipo_acidente";"classificacao_acidente";"fase_dia";"sentido_via";"condicao_metereologica";"tipo_pista";"tracado_via";"uso_solo";"pessoas";"mortos";"feridos_leves";"feridos_graves";"ilesos";"ignorados";"feridos";"veiculos";"latitude";"longitude";"regional";"delegacia";"uop"
279823;2020-04-14;"terça-feira";"17:20:00";"MG";262;399;"PARA DE MINAS";"Desobediência às normas de trânsito pelo condutor";"Colisão com objeto estático";"Com Vítimas Feridas";"Anoitecer";"Crescente";"Céu Claro";"Dupla";"Reta";"Sim";1;0;1;0;0;0;1;1;-19,90311456;-44,534;"SPRF-MG";"DEL01-MG";"UOP03-DEL01-MG"
279824;2020-04-14;"terça-feira";"18:05:00";"GO";40;7,9;"VALPARAISO DE GOIAS";"Pista Escorregadia";"Queda de ocupante de veículo";"Com Vítimas Feridas";"Anoitecer";"Decrescente";"Chuva";"Dupla";"Reta";"Sim";1;0;1;0;0;0;1;1;-16,108482;-47,972524;"SPRF-DF";"DEL01-DF";"UOP01-DEL01-DF"
279825;2020-04-14;"terça-feira";"17:45:00";"MG";381;512,1;"IGARAPE";"Ingestão de álcool e/ou substâncias psicoativas pelo pedestre";"Atropelamento de Pedestre";"Com Vítimas Feridas";"Anoitecer";"Crescente";"Nublado";"Dupla";"Reta";"Sim";3;0;1;0;2;0;1;2;-20,09239724;-44,31458341;"SPRF-MG";"DEL01-MG";"UOP03-DEL01-MG"
279826;2020-04-14;"terça-feira";"17:45:00";"PB";230;89,3;"GURINHEM";"Desobediência às normas de trânsito pelo condutor";"Colisão transversal";"Com Vítimas Feridas";"Anoitecer";"Decrescente";"Céu Claro";"Dupla";"Retorno Regulamentado";"Sim";2;0;0;2;0;0;2;2;-7,1708;-35,3831;"SPRF-PB";"DEL01-PB";"UOP03-DEL01-PB"
279827;2020-04-14;"terça-feira";"16:40:00";"GO";20;26,1;"FORMOSA";"Falta de Atenção à Condução";"Saída de leito carroçável";"Com Vítimas Feridas";"Pleno dia";"Crescente";"Céu Claro";"Simples";"Reta";"Não";2;0;2;0;0;0;2;1;-15,528576;-47,129608;"SPRF-DF";"DEL02-DF";"UOP01-DEL02-DF"
279828;2020-04-14;"terça-feira";"16:15:00";"PR";476;131;"CURITIBA";"Desobediência às normas de trânsito pelo condutor";"Colisão traseira";"Com Vítimas Feridas";"Pleno dia";"Decrescente";"Céu Claro";"Múltipla";"Reta";"Sim";2;0;1;0;1;0;1;2;-25,453636;-49,245155;"SPRF-PR";"DEL01-PR";"UOP07-DEL01-PR"
279829;2020-04-14;"terça-feira";"18:10:00";"RN";101;102;"PARNAMIRIM";"Velocidade Incompatível";"Atropelamento de Pedestre";"Com Vítimas Feridas";"Plena Noite";"Crescente";"Céu Claro";"Múltipla";"Reta";"Sim";2;0;1;0;1;0;1;2;-5,88858217;-35,24018997;"SPRF-RN";"DEL01-RN";"UOP01-DEL01-RN"
279830;2020-04-14;"terça-feira";"15:20:00";"RJ";40;52,9;"PETROPOLIS";"Falta de Atenção à Condução";"Tombamento";"Com Vítimas Feridas";"Pleno dia";"Decrescente";"Céu Claro";"Dupla";"Curva";"Não";1;0;1;0;0;0;1;1;-22,33571319;-43,13320403;"SPRF-RJ";"DEL05-RJ";"UOP02-DEL05-RJ"
279831;2020-04-14;"terça-feira";"17:00:00";"MG";116;412,2;"GOVERNADOR VALADARES";"Falta de Atenção à Condução";"Colisão transversal";"Com Vítimas Feridas";"Anoitecer";"Crescente";"Céu Claro";"Dupla";"Retorno Regulamentado";"Sim";2;0;0;1;1;0;1;2;-18,86882342;-41,97144241;"SPRF-MG";"DEL06-MG";"UOP01-DEL06-MG"
279832;2020-04-14;"terça-feira";"17:50:00";"PR";373;174,1;"PONTA GROSSA";"Falta de Atenção à Condução";"Colisão traseira";"Com Vítimas Feridas";"Anoitecer";"Decrescente";"Céu Claro";"Dupla";"Reta";"Sim";2;0;1;0;1;0;1;2;-25,07594908;-50,20995715;"SPRF-PR";"DEL03-PR";"UOP01-DEL03-PR"
279833;2020-04-14;"terça-feira";"18:10:00";"BA";367;40,2;"PORTO SEGURO";"Ingestão de Álcool";"Atropelamento de Pedestre";"Com Vítimas Fatais";"Plena Noite";"Decrescente";"Nublado";"Simples";"Reta";"Não";3;1;0;0;2;0;0;2;-16,386906;-39,212107;"SPRF-BA";"DEL09-BA";"UOP01-DEL09-BA"
279834;2020-04-14;"terça-feira";"14:20:00";"MG";116;422,9;"ALPERCATA";"Falta de Atenção à Condução";"Colisão transversal";"Com Vítimas Feridas";"Pleno dia";"Decrescente";"Céu Claro";"Simples";"Interseção de Vias";"Não";2;0;0;1;1;0;1;2;-18,94601944;-41,95023848;"SPRF-MG";"DEL06-MG";"UOP01-DEL06-MG"
279835;2020-04-14;"terça-feira";"18:30:00";"RS";116;247,4;"SAO LEOPOLDO";"Falta de Atenção à Condução";"Colisão transversal";"Com Vítimas Feridas";"Plena Noite";"Decrescente";"Nublado";"Dupla";"Reta";"Não";3;0;0;2;1;0;2;2;-29,76733091;-51,1535296;"SPRF-RS";"DEL01-RS";"UOP02-DEL01-RS"
279836;2020-04-14;"terça-feira";"15:30:00";"RO";364;238;"CACOAL";"Desobediência às normas de trânsito pelo condutor";"Colisão transversal";"Com Vítimas Feridas";"Pleno dia";"Decrescente";"Sol";"Simples";"Interseção de Vias";"Sim";3;0;2;0;1;0;2;2;-11,43768656;-61,4566738;"SPRF-RO";"DEL02-RO";"UOP02-DEL02-RO"
279837;2020-04-14;"terça-feira";"18:10:00";"SE";101;91,9;"NOSSA SENHORA DO SOCORRO";"Não guardar distância de segurança";"Colisão traseira";"Com Vítimas Feridas";"Plena Noite";"Crescente";"Céu Claro";"Dupla";"Interseção de Vias";"Sim";6;0;1;0;5;0;1;3;-10,89849802;-37,13176324;"SPRF-SE";"DEL01-SE";"UOP01-DEL01-SE"
279838;2020-04-14;"terça-feira";"18:50:00";"RJ";116;172;"SAO JOAO DE MERITI";"Não guardar distância de segurança";"Engavetamento";"Com Vítimas Feridas";"Plena Noite";"Crescente";"Céu Claro";"Múltipla";"Reta";"Sim";3;0;1;0;2;0;1;3;-22,80188151;-43,35043673;"SPRF-RJ";"DEL01-RJ";"UOP02-DEL01-RJ"
279839;2020-04-14;"terça-feira";"18:00:00";"BA";324;513,9;"FEIRA DE SANTANA";"Não guardar distância de segurança";"Colisão traseira";"Com Vítimas Feridas";"Plena Noite";"Crescente";"Céu Claro";"Simples";"Reta";"Sim";2;0;1;0;1;0;1;2;-12,23098007;-38,96101401;"SPRF-BA";"DEL02-BA";"UOP01-DEL02-BA"
279840;2020-04-14;"terça-feira";"18:45:00";"SP";488;0,6;"APARECIDA";"Ingestão de Álcool";"Colisão transversal";"Sem Vítimas";"Plena Noite";"Crescente";"Céu Claro";"Dupla";"Reta";"Sim";3;0;0;0;3;0;0;2;-22,85856;-45,233116;"SPRF-SP";"DEL08-SP";"UOP01-DEL08-SP"
279841;2020-04-14;"terça-feira";"17:55:00";"RS";285;235,9;"MULITERNO";"Desobediência às normas de trânsito pelo condutor";"Colisão transversal";"Com Vítimas Feridas";"Anoitecer";"Crescente";"Céu Claro";"Simples";"Interseção de Vias";"Não";3;0;1;0;2;0;1;2;-28,2523199;-51,83553457;"SPRF-RS";"DEL08-RS";"UOP03-DEL08-RS"
279844;2020-04-14;"terça-feira";"19:15:00";"SC";101;199,7;"SAO JOSE";"Velocidade Incompatível";"Engavetamento";"Com Vítimas Feridas";"Plena Noite";"Crescente";"Céu Claro";"Múltipla";"Reta";"Sim";4;0;1;0;3;0;1;3;-27,53525044;-48,62886222;"SPRF-SC";"DEL01-SC";"UOP01-DEL01-SC"
279847;2020-04-14;"terça-feira";"19:15:00";"MG";267;126,1;"JUIZ DE FORA";"Velocidade Incompatível";"Saída de leito carroçável";"Com Vítimas Fatais";"Plena Noite";"Decrescente";"Nublado";"Simples";"Curva";"Não";1;1;0;0;0;0;0;1;-21,72381566;-43,53970826;"SPRF-MG";"DEL05-MG";"UOP01-DEL05-MG"
279850;2020-04-14;"terça-feira";"16:20:00";"SC";282;2,8;"FLORIANOPOLIS";"Defeito Mecânico no Veículo";"Colisão com objeto estático";"Com Vítimas Feridas";"Pleno dia";"Crescente";"Sol";"Múltipla";"Viaduto";"Sim";2;0;1;0;0;1;1;2;-27,60162058;-48,59752893;"SPRF-SC";"DEL01-SC";"UOP01-DEL01-SC"
279851;2020-04-14;"terça-feira";"19:15:00";"RS";158;326;"SANTA MARIA";"Falta de Atenção à Condução";"Colisão traseira";"Com Vítimas Feridas";"Plena Noite";"Crescente";"Céu Claro";"Simples";"Curva";"Sim";5;0;1;0;4;0;1;2;-29,70975376;-53,80284617;"SPRF-RS";"DEL09-RS";"UOP01-DEL09-RS"
279854;2020-04-14;"terça-feira";"20:20:00";"SP";116;221;"GUARULHOS";"Falta de Atenção à Condução";"Tombamento";"Com Vítimas Feridas";"Plena Noite";"Decrescente";"Nublado";"Múltipla";"Reta";"Sim";1;0;1;0;0;0;1;1;-23,46802395;-46,50704901;"SPRF-SP";"DEL01-SP";"UOP01-DEL01-SP"
279855;2020-04-14;"terça-feira";"17:20:00";"BA";324;539,8;"AMELIA RODRIGUES";"Falta de Atenção à Condução";"Saída de leito carroçável";"Sem Vítimas";"Anoitecer";"Crescente";"Céu Claro";"Dupla";"Reta";"Sim";1;0;0;0;0;1;0;1;-12,38456883;-38,79353816;"SPRF-BA";"DEL01-BA";"UOP01-DEL01-BA"
279856;2020-04-14;"terça-feira";"16:00:00";"SC";470;136,8;"RIO DO SUL";"Falta de Atenção à Condução";"Colisão traseira";"Com Vítimas Feridas";"Pleno dia";"Crescente";"Céu Claro";"Simples";"Reta";"Sim";2;0;1;0;1;0;1;2;-27,194323;-49,624554;"SPRF-SC";"DEL04-SC";"UOP02-DEL04-SC"
279857;2020-04-14;"terça-feira";"17:55:00";"MG";40;4,2;"PARACATU";"Velocidade Incompatível";"Saída de leito carroçável";"Com Vítimas Feridas";"Anoitecer";"Crescente";"Chuva";"Simples";"Curva";"Não";3;0;3;0;0;0;3;1;-17,05641488;-47,13045991;"SPRF-MG";"DEL14-MG";"UOP01-DEL14-MG"
279859;2020-04-14;"terça-feira";"18:25:00";"ES";101;15,6;"PEDRO CANARIO";"Falta de Atenção à Condução";"Colisão com objeto estático";"Com Vítimas Feridas";"Plena Noite";"Crescente";"Céu Claro";"Simples";"Interseção de Vias";"Sim";2;0;2;0;0;0;2;1;-18,29002497;-39,95475507;"SPRF-ES";"DEL04-ES";"UOP02-DEL04-ES"
279860;2020-04-14;"terça-feira";"19:30:00";"SC";101;425;"ARARANGUA";"Falta de Atenção à Condução";"Colisão traseira";"Sem Vítimas";"Plena Noite";"Decrescente";"Céu Claro";"Dupla";"Reta";"Não";2;0;0;0;1;1;0;2;-29,02095789;-49,59124506;"SPRF-SC";"DEL02-SC";"UOP02-DEL02-SC"
279861;2020-04-14;"terça-feira";"12:00:00";"SC";480;131;"CHAPECO";"Desobediência às normas de trânsito pelo condutor";"Colisão frontal";"Com Vítimas Feridas";"Pleno dia";"Crescente";"Céu Claro";"Dupla";"Reta";"Sim";2;0;1;0;1;0;1;2;-27,06314223;-52,63234636;"SPRF-SC";"DEL07-SC";"UOP01-DEL07-SC"
279862;2020-04-14;"terça-feira";"20:50:00";"PR";376;175,5;"MARINGA";"Falta de Atenção à Condução";"Colisão traseira";"Com Vítimas Feridas";"Plena Noite";"Decrescente";"Nublado";"Dupla";"Declive";"Sim";3;0;1;2;0;0;3;2;-23,4113569;-51,9407767;"SPRF-PR";"DEL09-PR";"UOP01-DEL09-PR"
279863;2020-04-14;"terça-feira";"20:40:00";"SC";101;216;"PALHOCA";"Desobediência às normas de trânsito pelo condutor";"Queda de ocupante de veículo";"Com Vítimas Feridas";"Plena Noite";"Crescente";"Céu Claro";"Múltipla";"Reta";"Não";2;0;1;0;1;0;1;2;-27,65981409;-48,67747798;"SPRF-SC";"DEL01-SC";"UOP02-DEL01-SC"
279864;2020-04-14;"terça-feira";"21:10:00";"PR";277;11,1;"PARANAGUA";"Ingestão de Álcool";"Queda de ocupante de veículo";"Com Vítimas Feridas";"Plena Noite";"Decrescente";"Nublado";"Dupla";"Reta";"Não";2;0;1;0;0;1;1;2;-25,565854;-48,626102;"SPRF-PR";"DEL01-PR";"UOP05-DEL01-PR"
279865;2020-04-14;"terça-feira";"22:05:00";"RS";116;156;"CAXIAS DO SUL";"Falta de Atenção à Condução";"Colisão frontal";"Com Vítimas Feridas";"Plena Noite";"Crescente";"Nublado";"Simples";"Declive;Curva";"Sim";2;0;1;0;1;0;1;2;-29,20731013;-51,17757864;"SPRF-RS";"DEL05-RS";"UOP01-DEL05-RS"
279866;2020-04-14;"terça-feira";"14:20:00";"CE";222;2,5;"FORTALEZA";"Avarias e/ou desgaste excessivo no pneu";"Saída de leito carroçável";"Com Vítimas Feridas";"Pleno dia";"Decrescente";"Nublado";"Múltipla";"Reta";"Sim";2;0;2;0;0;0;2;1;-3,73911117;-38,58687498;"SPRF-CE";"DEL01-CE";"UOP01-DEL01-CE"
279869;2020-04-14;"terça-feira";"22:50:00";"MS";163;11;"MUNDO NOVO";"Ingestão de Álcool";"Atropelamento de Pedestre";"Com Vítimas Feridas";"Plena Noite";"Crescente";"Nublado";"Simples";"Declive";"Não";3;0;0;2;0;1;2;2;-23,96872579;-54,32871421;"SPRF-MS";"DEL09-MS";"UOP02-DEL09-MS"
279870;2020-04-14;"terça-feira";"21:27:00";"MT";163;821;"SINOP";"Desobediência às normas de trânsito pelo condutor";"Colisão transversal";"Com Vítimas Feridas";"Plena Noite";"Crescente";"Céu Claro";"Simples";"Reta";"Não";2;0;2;0;0;0;2;2;-12,112411;-55,51673304;"SPRF-MT";"DEL06-MT";"UOP01-DEL06-MT"
279871;2020-04-14;"terça-feira";"21:40:00";"RO";364;339;"JI-PARANA";"Falta de Atenção à Condução";"Colisão com objeto estático";"Com Vítimas Feridas";"Plena Noite";"Crescente";"Chuva";"Dupla";"Reta";"Sim";1;0;0;1;0;0;1;1;-10,907816;-61,93017402;"SPRF-RO";"DEL02-RO";"UOP01-DEL02-RO"
279872;2020-04-14;"terça-feira";"21:10:00";"MG";381;675;"PERDOES";"Desobediência às normas de trânsito pelo condutor";"Colisão frontal";"Com Vítimas Feridas";"Plena Noite";"Decrescente";"Nublado";"Dupla";"Interseção de Vias";"Sim";2;0;0;1;1;0;1;2;-21,11551592;-45,09411331;"SPRF-MG";"DEL04-MG";"UOP02-DEL04-MG"
279873;2020-04-15;"quarta-feira";"01:10:00";"RS";116;255;"ESTEIO";"Ingestão de Álcool";"Capotamento";"Com Vítimas Feridas";"Plena Noite";"Crescente";"Nublado";"Múltipla";"Reta";"Sim";2;0;1;0;0;1;1;1;-29,83522986;-51,17484349;"SPRF-RS";"DEL01-RS";"UOP02-DEL01-RS"
279874;2020-04-15;"quarta-feira";"02:00:00";"SC";101;83,2;"BARRA VELHA";"Ingestão de Álcool";"Colisão com objeto estático";"Com Vítimas Feridas";"Plena Noite";"Decrescente";"Céu Claro";"Dupla";"Reta";"Sim";5;0;5;0;0;0;5;1;-26,61865655;-48,71834126;"SPRF-SC";"DEL03-SC";"UOP02-DEL03-SC"
279875;2020-04-15;"quarta-feira";"03:30:00";"RS";158;532,1;"SANTANA DO LIVRAMENTO";"Condutor Dormindo";"Saída de leito carroçável";"Com Vítimas Feridas";"Plena Noite";"Crescente";"Céu Claro";"Simples";"Interseção de Vias";"Não";2;0;2;0;0;0;2;1;-30,7867049;-55,18724442;"SPRF-RS";"DEL11-RS";"UOP01-DEL11-RS"
279877;2020-04-15;"quarta-feira";"06:30:00";"CE";222;1,5;"FORTALEZA";"Falta de Atenção do Pedestre";"Atropelamento de Pedestre";"Com Vítimas Feridas";"Pleno dia";"Crescente";"Céu Claro";"Múltipla";"Reta";"Sim";2;0;0;1;1;0;1;2;-3,737804;-38,578061;"SPRF-CE";"DEL01-CE";"UOP01-DEL01-CE"
279878;2020-04-15;"quarta-feira";"03:20:00";"BA";101;364,3;"GANDU";"Restrição de Visibilidade";"Saída de leito carroçável";"Com Vítimas Feridas";"Amanhecer";"Decrescente";"Nevoeiro/Neblina";"Simples";"Curva";"Não";6;0;3;0;3;0;3;1;-13,89454828;-39,42206472;"SPRF-BA";"DEL05-BA";"UOP03-DEL05-BA"
279880;2020-04-14;"terça-feira";"12:00:00";"BA";101;428,2;"MARAU";"Velocidade Incompatível";"Capotamento";"Com Vítimas Feridas";"Pleno dia";"Decrescente";"Nublado";"Simples";"Curva";"Não";2;0;1;1;0;0;2;1;-14,17086441;-39,32659149;"SPRF-BA";"DEL05-BA";"UOP01-DEL05-BA"
279882;2020-04-15;"quarta-feira";"03:00:00";"RJ";40;18;"TRES RIOS";"Animais na Pista";"Atropelamento de Animal";"Com Vítimas Feridas";"Plena Noite";"Decrescente";"Céu Claro";"Dupla";"Curva";"Não";1;0;1;0;0;0;1;1;-22,09282704;-43,17077482;"SPRF-RJ";"DEL05-RJ";"UOP02-DEL05-RJ"
279889;2020-04-15;"quarta-feira";"08:05:00";"MG";381;450,2;"SABARA";"Falta de Atenção à Condução";"Colisão frontal";"Com Vítimas Feridas";"Pleno dia";"Decrescente";"Nublado";"Simples";"Curva";"Sim";3;0;1;0;2;0;1;2;-19,83209632;-43,84536266;"SPRF-MG";"DEL01-MG";"UOP01-DEL01-MG"
279890;2020-04-15;"quarta-feira";"05:50:00";"AC";364;139;"RIO BRANCO";"Defeito na Via";"Queda de ocupante de veículo";"Sem Vítimas";"Amanhecer";"Decrescente";"Chuva";"Simples";"Reta";"Sim";1;0;0;0;0;1;0;1;-9,95359291;-67,86119892;"SPRF-AC";"DEL01-AC";"UOP01-DEL01-AC"
279891;2020-04-15;"quarta-feira";"08:20:00";"SC";101;44,8;"JOINVILLE";"Desobediência às normas de trânsito pelo condutor";"Colisão transversal";"Com Vítimas Feridas";"Pleno dia";"Crescente";"Sol";"Dupla";"Reta";"Sim";2;0;1;0;1;0;1;2;-26,31238996;-48,87458997;"SPRF-SC";"DEL03-SC";"UOP01-DEL03-SC"
279892;2020-04-15;"quarta-feira";"06:50:00";"BA";116;417;"FEIRA DE SANTANA";"Falta de Atenção à Condução";"Colisão transversal";"Com Vítimas Feridas";"Pleno dia";"Decrescente";"Céu Claro";"Simples";"Reta";"Sim";2;0;0;1;1;0;1;2;-12,177085;-38,96510687;"SPRF-BA";"DEL02-BA";"UOP01-DEL02-BA"
279894;2020-04-07;"terça-feira";"19:20:00";"PR";277;367,2;"GUARAPUAVA";"Objeto estático sobre o leito carroçável";"Colisão com objeto estático";"Sem Vítimas";"Plena Noite";"Crescente";"Céu Claro";"Simples";"Reta";"Não";1;0;0;0;1;0;0;1;-25,439212;-51,625785;"SPRF-PR";"DEL08-PR";"UOP01-DEL08-PR"
279895;2020-04-15;"quarta-feira";"09:20:00";"PR";476;136,7;"CURITIBA";"Condutor Dormindo";"Saída de leito carroçável";"Com Vítimas Feridas";"Pleno dia";"Crescente";"Céu Claro";"Simples";"Reta";"Sim";2;0;0;1;1;0;1;2;-25,491047;-49,271679;"SPRF-PR";"DEL01-PR";"UOP03-DEL01-PR"
279896;2020-04-15;"quarta-feira";"08:30:00";"RJ";101;73;"CAMPOS DOS GOYTACAZES";"Falta de Atenção do Pedestre";"Atropelamento de Pedestre";"Com Vítimas Feridas";"Pleno dia";"Crescente";"Céu Claro";"Simples";"Reta";"Sim";2;0;1;0;1;0;1;2;-21,798874;-41,393955;"SPRF-RJ";"DEL08-RJ";"UOP02-DEL08-RJ"
279899;2020-04-15;"quarta-feira";"09:35:00";"RJ";101;407;"ITAGUAI";"Avarias e/ou desgaste excessivo no pneu";"Queda de ocupante de veículo";"Com Vítimas Feridas";"Pleno dia";"Crescente";"Céu Claro";"Dupla";"Reta";"Sim";2;0;2;0;0;0;2;1;-22,87672058;-43,81631971;"SPRF-RJ";"DEL03-RJ";"UOP01-DEL03-RJ"
279903;2020-02-20;"quinta-feira";"09:40:00";"SP";116;227;"GUARULHOS";"Falta de Atenção à Condução";"Colisão traseira";"Com Vítimas Feridas";"Pleno dia";"Crescente";"Sol";"Múltipla";"Reta";"Sim";4;0;3;0;1;0;3;3;-23,50012306;-46,56248868;"SPRF-SP";"DEL01-SP";"UOP01-DEL01-SP"
279907;2020-04-07;"terça-feira";"23:20:00";"MS";163;461;"CAMPO GRANDE";"Animais na Pista";"Atropelamento de Animal";"Sem Vítimas";"Plena Noite";"Crescente";"Céu Claro";"Simples";"Reta";"Não";2;0;0;0;2;0;0;1;-20,6294929;-54,57205471;"SPRF-MS";"DEL01-MS";"UOP01-DEL01-MS"
279910;2020-04-15;"quarta-feira";"10:45:00";"PR";476;358,6;"UNIAO DA VITORIA";"Falta de Atenção à Condução";"Colisão traseira";"Com Vítimas Feridas";"Pleno dia";"Crescente";"Céu Claro";"Simples";"Interseção de Vias;Reta";"Não";2;0;1;0;0;1;1;2;-26,198097;-51,052139;"SPRF-PR";"DEL02-PR";"UOP03-DEL02-PR"
279911;2020-04-15;"quarta-feira";"11:14:00";"PB";104;132,7;"CAMPINA GRANDE";"Falta de Atenção à Condução";"Colisão transversal";"Sem Vítimas";"Pleno dia";"Crescente";"Céu Claro";"Simples";"Reta";"Sim";4;0;0;0;4;0;0;2;-7,31674795;-35,89500926;"SPRF-PB";"DEL02-PB";"UOP03-DEL02-PB"
279912;2020-04-15;"quarta-feira";"12:05:00";"MT";364;203,1;"RONDONOPOLIS";"Desobediência às normas de trânsito pelo pedestre";"Atropelamento de Pedestre";"Com Vítimas Feridas";"Pleno dia";"Crescente";"Céu Claro";"Dupla";"Reta";"Sim";2;0;1;0;1;0;1;2;-16,47555256;-54,65344724;"SPRF-MT";"DEL02-MT";"UOP01-DEL02-MT"
279913;2020-04-15;"quarta-feira";"11:45:00";"RO";364;341,7;"JI-PARANA";"Falta de Atenção à Condução";"Queda de ocupante de veículo";"Com Vítimas Feridas";"Pleno dia";"Decrescente";"Nublado";"Simples";"Reta";"Sim";2;0;1;0;1;0;1;2;-10,88987987;-61,93126772;"SPRF-RO";"DEL02-RO";"UOP01-DEL02-RO"
279917;2020-04-15;"quarta-feira";"13:35:00";"TO";153;302;"PRESIDENTE KENNEDY";"Falta de Atenção à Condução";"Colisão lateral";"Com Vítimas Feridas";"Pleno dia";"Crescente";"Céu Claro";"Simples";"Reta";"Não";2;0;1;0;1;0;1;2;-8,551863;-48,483192;"SPRF-TO";"DEL02-TO";"UOP02-DEL02-TO"
279918;2020-04-15;"quarta-feira";"13:50:00";"GO";20;21,1;"LUZIANIA";"Desobediência às normas de trânsito pelo condutor";"Colisão traseira";"Com Vítimas Feridas";"Pleno dia";"Crescente";"Nublado";"Dupla";"Reta";"Sim";2;0;2;0;0;0;2;2;-16,219638;-47,915363;"SPRF-DF";"DEL02-DF";"UOP01-DEL02-DF"
279919;2020-04-15;"quarta-feira";"12:35:00";"MG";40;529;"CONTAGEM";"Falta de Atenção à Condução";"Colisão com objeto estático";"Com Vítimas Feridas";"Pleno dia";"Decrescente";"Céu Claro";"Dupla";"Curva";"Sim";1;0;1;0;0;0;1;1;-19,91635592;-44,03966566;"SPRF-MG";"DEL01-MG";"UOP02-DEL01-MG"
279920;2020-04-11;"sábado";"16:14:00";"PR";277;590,2;"CASCAVEL";"Desobediência às normas de trânsito pelo condutor";"Colisão traseira";"Com Vítimas Feridas";"Pleno dia";"Decrescente";"Céu Claro";"Simples";"Reta";"Sim";3;0;1;0;2;0;1;3;-24,98120697;-53,45591501;"SPRF-PR";"DEL04-PR";"UOP01-DEL04-PR"
279922;2020-04-15;"quarta-feira";"09:00:00";"PR";153;38;"SANTO ANTONIO DA PLATINA";"Objeto estático sobre o leito carroçável";"Colisão com objeto em movimento";"Sem Vítimas";"Pleno dia";"Decrescente";"Céu Claro";"Simples";"Reta";"Não";1;0;0;0;1;0;0;1;-23,26665491;-50,06410039;"SPRF-PR";"DEL07-PR";"UOP04-DEL07-PR"
279925;2020-04-15;"quarta-feira";"13:30:00";"ES";482;66,1;"JERONIMO MONTEIRO";"Velocidade Incompatível";"Colisão traseira";"Com Vítimas Feridas";"Pleno dia";"Crescente";"Céu Claro";"Simples";"Reta";"Sim";4;0;1;2;1;0;3;3;-20,78856701;-41,41085803;"SPRF-ES";"DEL03-ES";"UOP02-DEL03-ES"
279926;2020-04-15;"quarta-feira";"15:00:00";"MG";381;487,8;"BETIM";"Defeito Mecânico no Veículo";"Tombamento";"Com Vítimas Feridas";"Pleno dia";"Crescente";"Nublado";"Dupla";"Aclive;Reta";"Sim";2;0;2;0;0;0;2;1;-19,95745637;-44,12257433;"SPRF-MG";"DEL01-MG";"UOP03-DEL01-MG"
279929;2020-04-15;"quarta-feira";"14:30:00";"DF";20;5,3;"BRASILIA";"Não guardar distância de segurança";"Colisão traseira";"Sem Vítimas";"Pleno dia";"Crescente";"Chuva";"Dupla";"Declive";"Sim";2;0;0;0;2;0;0;2;-15,66909372;-47,81395912;"SPRF-DF";"DEL02-DF";"UOP01-DEL02-DF"
279931;2020-04-15;"quarta-feira";"15:35:00";"MG";381;2;"BETIM";"Objeto estático sobre o leito carroçável";"Colisão com objeto estático";"Com Vítimas Feridas";"Pleno dia";"Decrescente";"Céu Claro";"Dupla";"Curva";"Sim";2;0;1;0;1;0;1;1;-19,97880482;-44,16037202;"SPRF-MG";"DEL01-MG";"UOP03-DEL01-MG"
279933;2020-04-15;"quarta-feira";"14:45:00";"PE";232;407,3;"SERRA TALHADA";"Falta de Atenção à Condução";"Colisão lateral";"Com Vítimas Feridas";"Pleno dia";"Crescente";"Sol";"Simples";"Ponte";"Não";2;0;0;2;0;0;2;2;-7,9854402;-38,27148304;"SPRF-PE";"DEL04-PE";"UOP01-DEL04-PE"
279936;2020-04-15;"quarta-feira";"15:00:00";"BA";110;323;"ALAGOINHAS";"Falta de Atenção à Condução";"Saída de leito carroçável";"Com Vítimas Feridas";"Pleno dia";"Decrescente";"Sol";"Simples";"Reta";"Não";1;0;1;0;0;0;1;1;-12,04228;-38,36184;"SPRF-BA";"DEL01-BA";"UOP04-DEL01-BA"
279937;2020-04-15;"quarta-feira";"16:05:00";"SE";235;50,5;"ITABAIANA";"Desobediência às normas de trânsito pelo condutor";"Colisão transversal";"Com Vítimas Feridas";"Pleno dia";"Crescente";"Céu Claro";"Dupla";"Curva;Retorno Regulamentado;Interseção de Vias";"Sim";3;0;0;1;0;2;1;2;-10,70332786;-37,42831707;"SPRF-SE";"DEL01-SE";"UOP02-DEL01-SE"
279938;2020-04-15;"quarta-feira";"16:10:00";"PA";316;41;"SANTA IZABEL DO PARA";"Velocidade Incompatível";"Saída de leito carroçável";"Com Vítimas Feridas";"Pleno dia";"Crescente";"Céu Claro";"Simples";"Curva";"Sim";2;0;2;0;0;0;2;1;-1,27865788;-48,113552;"SPRF-PA";"DEL01-PA";"UOP01-DEL01-PA"
279940;2020-04-15;"quarta-feira";"14:40:00";"BA";242;737,1;"CRISTOPOLIS";"Pista Escorregadia";"Saída de leito carroçável";"Com Vítimas Feridas";"Pleno dia";"Decrescente";"Chuva";"Simples";"Reta";"Não";3;0;1;0;2;0;1;1;-12,179888;-44,527371;"SPRF-BA";"DEL10-BA";"UOP01-DEL10-BA"