"id";"data_inversa";"dia_semana";"horario";"uf";"br";"km";"municipio";"causa_acidente";"tipo_acidente";"classificacao_acidente";"fase_dia";"sentido_via";"condicao_metereologica";"tipo_pista";"tracado_via";"uso_solo";"pessoas";"mortos";"feridos_leves";"feridos_graves";"ilesos";"ignorados";"feridos";"veiculos";"latitude";"longitude";"regional";"delegacia";"uop"
279943;2020-04-15;"quarta-feira";"16:30:00";"PR";476;135;"CURITIBA";"Falta de Atenção à Condução";"Colisão lateral";"Com Vítimas Feridas";"Pleno dia";"Decrescente";"Céu Claro";"Múltipla";"Reta";"Sim";4;0;0;1;3;0;1;4;-25,483786;-49,265808;"SPRF-PR";"DEL01-PR";"UOP03-DEL01-PR"
279944;2020-03-13;"sexta-feira";"16:05:00";"RJ";101;333;"RIO DE JANEIRO";"Falta de Atenção à Condução";"Colisão traseira";"Com Vítimas Feridas";"Pleno dia";"Decrescente";"Céu Claro";"Dupla";"Reta";"Não";5;0;1;0;4;0;1;5;-22,87827816;-43,21053578;"SPRF-RJ";"DEL02-RJ";"UOP01-DEL02-RJ"
279945;2020-04-15;"quarta-feira";"17:00:00";"ES";101;260,8;"SERRA";"Desobediência às normas de trânsito pelo condutor";"Colisão transversal";"Com Vítimas Feridas";"Anoitecer";"Decrescente";"Nublado";"Simples";"Curva";"Não";3;0;0;1;2;0;1;3;-20,14616415;-40,28836206;"SPRF-ES";"DEL02-ES";"UOP01-DEL02-ES"
279946;2020-04-15;"quarta-feira";"17:10:00";"PR";277;725,6;"FOZ DO IGUACU";"Não guardar distância de segurança";"Colisão traseira";"Com Vítimas Feridas";"Pleno dia";"Crescente";"Céu Claro";"Múltipla";"Viaduto";"Sim";2;0;1;0;1;0;1;2;-25,50823541;-54,54619865;"SPRF-PR";"DEL05-PR";"UOP03-DEL05-PR"
279948;2020-04-15;"quarta-feira";"16:15:00";"MT";70;524;"VARZEA GRANDE";"Desobediência às normas de trânsito pelo condutor";"Colisão transversal";"Com Vítimas Feridas";"Pleno dia";"Decrescente";"Céu Claro";"Simples";"Rotatória";"Sim";2;0;1;0;1;0;1;2;-15,649207;-56,19486;"SPRF-MT";"DEL01-MT";"UOP02-DEL01-MT"
279949;2020-04-15;"quarta-feira";"17:40:00";"MG";381;483,9;"BETIM";"Falta de Atenção à Condução";"Colisão traseira";"Com Vítimas Feridas";"Plena Noite";"Crescente";"Chuva";"Dupla";"Declive;Reta";"Não";2;0;0;1;1;0;1;2;-19,95950351;-44,08694386;"SPRF-MG";"DEL01-MG";"UOP03-DEL01-MG"
279951;2020-04-15;"quarta-feira";"09:30:00";"RN";304;298;"MACAIBA";"Pista Escorregadia";"Tombamento";"Com Vítimas Feridas";"Pleno dia";"Crescente";"Chuva";"Dupla";"Reta";"Sim";1;0;1;0;0;0;1;1;-5,8682343;-35,3321791;"SPRF-RN";"DEL01-RN";"UOP02-DEL01-RN"
279952;2020-04-15;"quarta-feira";"17:15:00";"MG";50;175;"UBERABA";"Falta de Atenção à Condução";"Colisão transversal";"Com Vítimas Feridas";"Pleno dia";"Decrescente";"Nublado";"Simples";"Reta";"Não";2;0;1;0;1;0;1;2;-19,77880359;-47,9695118;"SPRF-MG";"DEL13-MG";"UOP01-DEL13-MG"
279953;2020-04-15;"quarta-feira";"18:20:00";"SP";116;279,5;"EMBU DAS ARTES";"Falta de Atenção à Condução";"Colisão traseira";"Com Vítimas Feridas";"Plena Noite";"Crescente";"Céu Claro";"Dupla";"Retorno Regulamentado;Reta";"Sim";2;0;1;0;1;0;1;2;-23,66233697;-46,85292907;"SPRF-SP";"DEL04-SP";"UOP01-DEL04-SP"
279954;2020-04-15;"quarta-feira";"17:10:00";"RS";116;37,8;"VACARIA";"Falta de Atenção à Condução";"Colisão transversal";"Sem Vítimas";"Anoitecer";"Decrescente";"Céu Claro";"Simples";"Interseção de Vias";"Sim";2;0;0;0;2;0;0;2;-28,49871957;-50,9176864;"SPRF-RS";"DEL05-RS";"UOP03-DEL05-RS"
279955;2020-04-15;"quarta-feira";"18:05:00";"RN";406;159;"CEARA-MIRIM";"Falta de Atenção à Condução";"Colisão transversal";"Com Vítimas Feridas";"Plena Noite";"Crescente";"Nublado";"Simples";"Interseção de Vias";"Não";2;0;1;0;1;0;1;2;-5,7065959;-35,37766687;"SPRF-RN";"DEL02-RN";"UOP01-DEL02-RN"
279956;2020-04-15;"quarta-feira";"17:00:00";"PR";476;331;"PAULA FREITAS";"Falta de Atenção à Condução";"Colisão lateral";"Com Vítimas Feridas";"Anoitecer";"Decrescente";"Céu Claro";"Simples";"Reta";"Não";6;0;3;2;1;0;5;2;-26,116962;-50,820679;"SPRF-PR";"DEL02-PR";"UOP04-DEL02-PR"
279957;2020-04-15;"quarta-feira";"18:20:00";"RS";285;456,4;"IJUI";"Velocidade Incompatível";"Tombamento";"Com Vítimas Feridas";"Anoitecer";"Crescente";"Céu Claro";"Simples";"Interseção de Vias";"Sim";1;0;1;0;0;0;1;1;-28,385244;-53,888424;"SPRF-RS";"DEL10-RS";"UOP01-DEL10-RS"
279959;2020-04-15;"quarta-feira";"18:35:00";"PR";163;80,6;"PLANALTO";"Falta de Atenção à Condução";"Colisão frontal";"Com Vítimas Feridas";"Anoitecer";"Decrescente";"Céu Claro";"Simples";"Curva";"Não";2;0;2;0;0;0;2;2;-25,69320369;-53,75919342;"SPRF-PR";"DEL02-PR";"UOP02-DEL02-PR"
279960;2020-04-15;"quarta-feira";"13:55:00";"SC";282;384,3;"JOACABA";"Falta de Atenção à Condução";"Colisão transversal";"Com Vítimas Feridas";"Pleno dia";"Decrescente";"Céu Claro";"Simples";"Rotatória";"Não";3;0;1;0;2;0;1;2;-27,20299;-51,515095;"SPRF-SC";"DEL07-SC";"UOP05-DEL07-SC"
279961;2020-04-15;"quarta-feira";"18:50:00";"SC";470;60,1;"BLUMENAU";"Desobediência às normas de trânsito pelo condutor";"Colisão transversal";"Com Vítimas Feridas";"Plena Noite";"Decrescente";"Céu Claro";"Simples";"Reta;Rotatória";"Sim";3;0;2;0;0;1;2;2;-26,88073689;-49,16696191;"SPRF-SC";"DEL04-SC";"UOP01-DEL04-SC"
279962;2020-04-15;"quarta-feira";"18:20:00";"RS";471;174,5;"RIO PARDO";"Desobediência às normas de trânsito pelo condutor";"Colisão transversal";"Com Vítimas Feridas";"Plena Noite";"Crescente";"Nublado";"Simples";"Rotatória";"Sim";2;0;1;0;1;0;1;2;-29,98186973;-52,3695302;"SPRF-RS";"DEL02-RS";"UOP02-DEL02-RS"
279963;2020-04-15;"quarta-feira";"18:50:00";"MG";356;268,2;"MURIAE";"Falta de Atenção à Condução";"Colisão transversal";"Com Vítimas Feridas";"Plena Noite";"Crescente";"Nublado";"Simples";"Declive;Reta";"Sim";2;0;1;0;1;0;1;2;-21,12868008;-42,34764934;"SPRF-MG";"DEL07-MG";"UOP02-DEL07-MG"
279965;2020-04-15;"quarta-feira";"18:50:00";"RN";101;96;"NATAL";"Falta de Atenção à Condução";"Colisão traseira";"Com Vítimas Feridas";"Plena Noite";"Decrescente";"Nublado";"Dupla";"Reta";"Sim";3;0;1;1;1;0;2;2;-5,84949622;-35,20890752;"SPRF-RN";"DEL01-RN";"UOP01-DEL01-RN"
279966;2020-04-15;"quarta-feira";"18:45:00";"PB";230;159;"CAMPINA GRANDE";"Desobediência às normas de trânsito pelo condutor";"Colisão transversal";"Com Vítimas Feridas";"Plena Noite";"Crescente";"Céu Claro";"Simples";"Interseção de Vias";"Sim";3;0;1;0;2;0;1;2;-7,252;-35,9334;"SPRF-PB";"DEL02-PB";"UOP01-DEL02-PB"
279968;2020-04-15;"quarta-feira";"19:10:00";"RN";427;99,8;"CAICO";"Animais na Pista";"Atropelamento de Animal";"Com Vítimas Feridas";"Plena Noite";"Crescente";"Nublado";"Simples";"Curva";"Sim";1;0;1;0;0;0;1;1;-6,45929918;-37,09847983;"SPRF-RN";"DEL03-RN";"UOP01-DEL03-RN"
279969;2020-04-15;"quarta-feira";"18:50:00";"RS";392;20,1;"RIO GRANDE";"Falta de Atenção à Condução";"Colisão traseira";"Com Vítimas Feridas";"Plena Noite";"Decrescente";"Céu Claro";"Dupla";"Reta";"Não";2;0;2;0;0;0;2;2;-32,08573295;-52,19690099;"SPRF-RS";"DEL07-RS";"UOP02-DEL07-RS"
279970;2020-04-15;"quarta-feira";"18:50:00";"SE";101;23,8;"MURIBECA";"Falta de Atenção à Condução";"Colisão transversal";"Com Vítimas Feridas";"Plena Noite";"Decrescente";"Céu Claro";"Simples";"Reta";"Não";3;0;1;0;2;0;1;2;-10,38708884;-36,91570075;"SPRF-SE";"DEL02-SE";"UOP02-DEL02-SE"
279971;2020-03-08;"domingo";"19:00:00";"PA";316;124;"NOVA TIMBOTEUA";"Deficiência ou não Acionamento do Sistema de Iluminação/Sinalização do Veículo";"Colisão traseira";"Com Vítimas Fatais";"Plena Noite";"Crescente";"Chuva";"Simples";"Reta";"Não";3;1;0;0;1;1;0;3;-1,29803243;-47,37596671;"SPRF-PA";"DEL01-PA";"UOP02-DEL01-PA"
279973;2020-04-15;"quarta-feira";"19:00:00";"RS";290;101;"PORTO ALEGRE";"Não guardar distância de segurança";"Colisão traseira";"Sem Vítimas";"Plena Noite";"Crescente";"Céu Claro";"Múltipla";"Reta";"Sim";4;0;0;0;4;0;0;4;-29,985779;-51,246201;"SPRF-RS";"DEL01-RS";"UOP01-DEL01-RS"
279974;2020-04-15;"quarta-feira";"19:30:00";"RS";290;92;"PORTO ALEGRE";"Falta de Atenção à Condução";"Colisão com objeto estático";"Sem Vítimas";"Plena Noite";"Crescente";"Céu Claro";"Dupla";"Reta";"Sim";2;0;0;0;2;0;0;1;-29,971916;-51,176838;"SPRF-RS";"DEL01-RS";"UOP01-DEL01-RS"
279976;2020-04-15;"quarta-feira";"18:35:00";"RN";101;96;"NATAL";"Condutor Dormindo";"Colisão com objeto estático";"Com Vítimas Feridas";"Plena Noite";"Decrescente";"Céu Claro";"Dupla";"Reta";"Sim";3;0;1;0;2;0;1;2;-5,84949622;-35,20890752;"SPRF-RN";"DEL01-RN";"UOP01-DEL01-RN"
279977;2020-04-15;"quarta-feira";"19:35:00";"RJ";116;142;"DUQUE DE CAXIAS";"Falta de Atenção à Condução";"Colisão frontal";"Com Vítimas Feridas";"Plena Noite";"Decrescente";"Céu Claro";"Simples";"Reta";"Não";2;0;1;0;1;0;1;2;-22,64876087;-43,23031638;"SPRF-RJ";"DEL01-RJ";"UOP01-DEL01-RJ"
279980;2020-04-15;"quarta-feira";"20:00:00";"BA";324;518;"FEIRA DE SANTANA";"Falta de Atenção do Pedestre";"Atropelamento de Pedestre";"Com Vítimas Fatais";"Plena Noite";"Decrescente";"Céu Claro";"Simples";"Reta";"Sim";2;1;0;0;1;0;0;2;-12,258195;-38,932182;"SPRF-BA";"DEL02-BA";"UOP01-DEL02-BA"
279982;2020-04-15;"quarta-feira";"18:30:00";"MG";381;343;"BELA VISTA DE MINAS";"Pista Escorregadia";"Saída de leito carroçável";"Com Vítimas Feridas";"Plena Noite";"Decrescente";"Chuva";"Simples";"Curva";"Não";1;0;1;0;0;0;1;1;-19,85663904;-43,10916603;"SPRF-MG";"DEL03-MG";"UOP01-DEL03-MG"
279983;2020-04-15;"quarta-feira";"18:50:00";"SC";101;265;"PAULO LOPES";"Falta de Atenção à Condução";"Colisão transversal";"Com Vítimas Feridas";"Plena Noite";"Crescente";"Céu Claro";"Múltipla";"Interseção de Vias";"Sim";2;0;0;1;1;0;1;2;-28,06349784;-48,71627569;"SPRF-SC";"DEL02-SC";"UOP03-DEL02-SC"
279984;2020-04-15;"quarta-feira";"19:15:00";"RO";319;58;"PORTO VELHO";"Desobediência às normas de trânsito pelo condutor";"Colisão frontal";"Com Vítimas Feridas";"Plena Noite";"Decrescente";"Nublado";"Simples";"Reta";"Sim";2;0;2;0;0;0;2;2;-8,73918553;-63,91682625;"SPRF-RO";"DEL01-RO";"UOP01-DEL01-RO"
279985;2020-04-15;"quarta-feira";"16:50:00";"SC";101;118,3;"ITAJAI";"Falta de Atenção à Condução";"Tombamento";"Com Vítimas Feridas";"Pleno dia";"Decrescente";"Sol";"Múltipla";"Reta";"Sim";1;0;1;0;0;0;1;1;-26,895859;-48,71903;"SPRF-SC";"DEL04-SC";"UOP04-DEL04-SC"
279988;2020-04-15;"quarta-feira";"19:25:00";"MT";174;5;"PONTES E LACERDA";"Velocidade Incompatível";"Queda de ocupante de veículo";"Com Vítimas Feridas";"Plena Noite";"Crescente";"Céu Claro";"Simples";"Reta";"Sim";1;0;0;1;0;0;1;1;-15,226537;-59,335728;"SPRF-MT";"DEL04-MT";"UOP01-DEL04-MT"
279990;2020-04-15;"quarta-feira";"21:00:00";"MG";381;490;"BETIM";"Desobediência às normas de trânsito pelo pedestre";"Atropelamento de Pedestre";"Com Vítimas Feridas";"Plena Noite";"Crescente";"Chuva";"Dupla";"Reta";"Sim";2;0;1;1;0;0;2;2;-19,95667166;-44,13961172;"SPRF-MG";"DEL01-MG";"UOP03-DEL01-MG"
279993;2020-04-15;"quarta-feira";"22:00:00";"GO";452;55;"MAURILANDIA";"Falta de Atenção à Condução";"Colisão lateral";"Com Vítimas Feridas";"Plena Noite";"Crescente";"Céu Claro";"Simples";"Reta";"Não";3;0;1;1;1;0;2;2;-17,98329165;-50,43329182;"SPRF-GO";"DEL04-GO";"UOP01-DEL04-GO"
279994;2020-04-15;"quarta-feira";"22:20:00";"PR";116;99,9;"SAO JOSE DOS PINHAIS";"Desobediência às normas de trânsito pelo condutor";"Saída de leito carroçável";"Com Vítimas Feridas";"Plena Noite";"Crescente";"Nublado";"Dupla";"Reta";"Não";2;0;2;0;0;0;2;1;-25,53379421;-49,14663578;"SPRF-PR";"DEL01-PR";"UOP01-DEL01-PR"
279996;2020-04-15;"quarta-feira";"21:20:00";"BA";116;15;"VITORIA DA CONQUISTA";"Falta de Atenção à Condução";"Queda de ocupante de veículo";"Com Vítimas Feridas";"Plena Noite";"Crescente";"Nublado";"Simples";"Aclive";"Sim";1;0;1;0;0;0;1;1;-14,89832861;-40,85727759;"SPRF-BA";"DEL08-BA";"UOP01-DEL08-BA"
279999;2020-04-15;"quarta-feira";"22:55:00";"RJ";485;4;"ITATIAIA";"Defeito Mecânico no Veículo";"Queda de ocupante de veículo";"Com Vítimas Feridas";"Plena Noite";"Decrescente";"Céu Claro";"Simples";"Aclive;Curva;Ponte";"Não";1;0;1;0;0;0;1;1;-22,47132616;-44,58163808;"SPRF-RJ";"DEL07-RJ";"UOP02-DEL07-RJ"
280000;2020-04-15;"quarta-feira";"22:35:00";"PA";316;49;"CASTANHAL";"Velocidade Incompatível";"Saída de leito carroçável";"Com Vítimas Feridas";"Plena Noite";"Crescente";"Garoa/Chuvisco";"Dupla";"Curva";"Não";2;0;0;1;0;1;1;2;-1,29792183;-48,04943584;"SPRF-PA";"DEL01-PA";"UOP01-DEL01-PA"
280002;2020-04-15;"quarta-feira";"12:50:00";"RS";0;0;"BAGE";"Defeito na Via";"Capotamento";"Sem Vítimas";"Pleno dia";"Não Informado";"Céu Claro";"Simples";"Curva";"Não";2;0;0;0;2;0;0;1;-31,3252642;-53,9855872;"SPRF-RS";"DEL11-RS";"UOP03-DEL11-RS"
280003;2020-04-15;"quarta-feira";"19:10:00";"PR";277;320,6;"GUARAPUAVA";"Falta de Atenção do Pedestre";"Atropelamento de Pedestre";"Com Vítimas Fatais";"Plena Noite";"Decrescente";"Nublado";"Simples";"Reta";"Sim";2;1;0;0;0;1;0;2;-25,34744404;-51,22120097;"SPRF-PR";"DEL08-PR";"UOP01-DEL08-PR"
280005;2020-04-16;"quinta-feira";"00:30:00";"ES";101;293;"CARIACICA";"Falta de Atenção à Condução";"Saída de leito carroçável";"Sem Vítimas";"Plena Noite";"Decrescente";"Céu Claro";"Múltipla";"Curva";"Sim";1;0;0;0;1;0;0;1;-20,31526144;-40,39567044;"SPRF-ES";"DEL01-ES";"UOP01-DEL01-ES"
280007;2020-04-16;"quinta-feira";"03:10:00";"PR";376;184,5;"SARANDI";"Objeto estático sobre o leito carroçável";"Colisão com objeto estático";"Com Vítimas Feridas";"Plena Noite";"Crescente";"Vento";"Dupla";"Reta";"Sim";1;0;1;0;0;0;1;1;-23,4465611;-51,86216706;"SPRF-PR";"DEL09-PR";"UOP01-DEL09-PR"
280008;2020-04-15;"quarta-feira";"18:30:00";"GO";60;450;"JATAI";"Defeito Mecânico no Veículo";"Incêndio";"Sem Vítimas";"Anoitecer";"Crescente";"Nublado";"Dupla";"Reta";"Não";1;0;0;0;1;0;0;1;-17,8527;-51,5251;"SPRF-GO";"DEL05-GO";"UOP01-DEL05-GO"
280009;2020-04-16;"quinta-feira";"04:00:00";"MT";163;832;"SINOP";"Falta de Atenção à Condução";"Colisão com objeto estático";"Com Vítimas Feridas";"Plena Noite";"Decrescente";"Céu Claro";"Simples";"Rotatória";"Não";1;0;0;1;0;0;1;1;-11,88193;-55,500782;"SPRF-MT";"DEL06-MT";"UOP01-DEL06-MT"
280012;2020-04-16;"quinta-feira";"06:20:00";"CE";222;4,2;"CAUCAIA";"Falta de Atenção à Condução";"Colisão lateral";"Com Vítimas Feridas";"Pleno dia";"Decrescente";"Céu Claro";"Múltipla";"Reta";"Sim";2;0;1;0;0;1;1;2;-3,74164754;-38,60449792;"SPRF-CE";"DEL01-CE";"UOP01-DEL01-CE"
280014;2020-04-16;"quinta-feira";"07:20:00";"ES";101;144,6;"LINHARES";"Falta de Atenção à Condução";"Queda de ocupante de veículo";"Com Vítimas Feridas";"Pleno dia";"Crescente";"Céu Claro";"Dupla";"Reta";"Sim";1;0;1;0;0;0;1;1;-19,35188295;-40,0636685;"SPRF-ES";"DEL04-ES";"UOP01-DEL04-ES"
280015;2020-04-16;"quinta-feira";"07:10:00";"GO";20;17;"FORMOSA";"Pista Escorregadia";"Saída de leito carroçável";"Com Vítimas Feridas";"Pleno dia";"Crescente";"Garoa/Chuvisco";"Simples";"Reta";"Não";2;0;1;0;1;0;1;1;-15,559374;-47,204914;"SPRF-DF";"DEL02-DF";"UOP01-DEL02-DF"
280016;2020-03-27;"sexta-feira";"05:35:00";"RJ";101;292;"ITABORAI";"Animais na Pista";"Atropelamento de Animal";"Com Vítimas Feridas";"Amanhecer";"Crescente";"Céu Claro";"Dupla";"Reta";"Não";2;0;2;0;0;0;2;1;-22,76038215;-42,87856408;"SPRF-RJ";"DEL02-RJ";"UOP03-DEL02-RJ"
280017;2020-04-16;"quinta-feira";"07:15:00";"RJ";101;561;"PARATY";"Falta de Atenção à Condução";"Colisão frontal";"Com Vítimas Feridas";"Pleno dia";"Crescente";"Nublado";"Simples";"Reta";"Não";2;0;1;0;1;0;1;2;-23,12268096;-44,70929318;"SPRF-RJ";"DEL03-RJ";"UOP04-DEL03-RJ"
280019;2020-04-16;"quinta-feira";"07:20:00";"RJ";101;422;"MANGARATIBA";"Falta de Atenção à Condução";"Capotamento";"Sem Vítimas";"Pleno dia";"Crescente";"Chuva";"Simples";"Reta";"Não";1;0;0;0;1;0;0;1;-22,91608393;-43,94022903;"SPRF-RJ";"DEL03-RJ";"UOP01-DEL03-RJ"
280020;2020-04-16;"quinta-feira";"07:00:00";"SP";116;274;"TABOAO DA SERRA";"Defeito Mecânico no Veículo";"Tombamento";"Com Vítimas Feridas";"Amanhecer";"Crescente";"Céu Claro";"Dupla";"Reta";"Sim";1;0;1;0;0;0;1;1;-23,61793;-46,799555;"SPRF-SP";"DEL04-SP";"UOP01-DEL04-SP"
280022;2020-04-16;"quinta-feira";"08:00:00";"RJ";101;61;"CAMPOS DOS GOYTACAZES";"Desobediência às normas de trânsito pelo condutor";"Colisão transversal";"Com Vítimas Feridas";"Pleno dia";"Crescente";"Nublado";"Simples";"Reta";"Sim";3;0;2;0;1;0;2;2;-21,72780949;-41,32210135;"SPRF-RJ";"DEL08-RJ";"UOP01-DEL08-RJ"
280023;2020-04-12;"domingo";"12:30:00";"GO";452;68;"MAURILANDIA";"Falta de Atenção à Condução";"Colisão transversal";"Com Vítimas Feridas";"Pleno dia";"Crescente";"Nublado";"Simples";"Interseção de Vias";"Sim";5;0;3;0;2;0;3;2;-18,02711897;-50,32090299;"SPRF-GO";"DEL04-GO";"UOP01-DEL04-GO"
280024;2020-04-16;"quinta-feira";"07:35:00";"PR";476;127;"CURITIBA";"Não guardar distância de segurança";"Colisão traseira";"Com Vítimas Feridas";"Pleno dia";"Decrescente";"Céu Claro";"Dupla";"Reta";"Sim";4;0;0;1;3;0;1;4;-25,425167;-49,227158;"SPRF-PR";"DEL01-PR";"UOP07-DEL01-PR"
280025;2020-04-16;"quinta-feira";"08:10:00";"SC";163;72,6;"SAO MIGUEL DO OESTE";"Falta de Atenção à Condução";"Colisão transversal";"Com Vítimas Feridas";"Pleno dia";"Crescente";"Céu Claro";"Simples";"Reta";"Sim";2;0;2;0;0;0;2;2;-26,71908804;-53,5157791;"SPRF-SC";"DEL07-SC";"UOP03-DEL07-SC"
280030;2020-04-16;"quinta-feira";"07:00:00";"PR";476;130,5;"CURITIBA";"Falta de Atenção à Condução";"Colisão traseira";"Com Vítimas Feridas";"Pleno dia";"Crescente";"Céu Claro";"Múltipla";"Reta";"Sim";2;0;1;0;1;0;1;2;-25,449564;-49,236427;"SPRF-PR";"DEL01-PR";"UOP07-DEL01-PR"
280035;2020-04-16;"quinta-feira";"07:50:00";"SC";101;43,2;"JOINVILLE";"Desobediência às normas de trânsito pelo condutor";"Colisão transversal";"Com Vítimas Feridas";"Pleno dia";"Crescente";"Sol";"Simples";"Interseção de Vias";"Sim";2;0;2;0;0;0;2;2;-26,30357106;-48,88225609;"SPRF-SC";"DEL03-SC";"UOP01-DEL03-SC"
280037;2020-04-09;"quinta-feira";"04:12:00";"PR";373;248;"PRUDENTOPOLIS";"Falta de Atenção à Condução";"Saída de leito carroçável";"Sem Vítimas";"Plena Noite";"Decrescente";"Céu Claro";"Simples";"Reta";"Não";1;0;0;0;0;1;0;1;-25,19042059;-50,83313898;"SPRF-PR";"DEL03-PR";"UOP01-DEL03-PR"
280040;2020-04-16;"quinta-feira";"09:45:00";"PR";163;83;"PLANALTO";"Falta de Atenção à Condução";"Colisão transversal";"Com Vítimas Feridas";"Pleno dia";"Decrescente";"Céu Claro";"Simples";"Interseção de Vias";"Sim";2;0;1;0;1;0;1;2;-25,71019892;-53,76857042;"SPRF-PR";"DEL02-PR";"UOP02-DEL02-PR"
280041;2020-03-31;"terça-feira";"11:50:00";"RJ";393;235;"VASSOURAS";"Desobediência às normas de trânsito pelo condutor";"Colisão frontal";"Com Vítimas Feridas";"Pleno dia";"Decrescente";"Céu Claro";"Simples";"Curva";"Sim";2;0;0;1;1;0;1;2;-22,38370934;-43,64221072;"SPRF-RJ";"DEL05-RJ";"UOP03-DEL05-RJ"
280043;2020-04-16;"quinta-feira";"09:40:00";"PB";230;77,5;"SOBRADO";"Desobediência às normas de trânsito pelo condutor";"Colisão traseira";"Com Vítimas Feridas";"Pleno dia";"Decrescente";"Nublado";"Dupla";"Reta";"Não";3;0;2;0;1;0;2;2;-7,1869;-35,2871;"SPRF-PB";"DEL01-PB";"UOP03-DEL01-PB"
280044;2020-04-16;"quinta-feira";"08:00:00";"AL";101;58,2;"MESSIAS";"Pista Escorregadia";"Saída de leito carroçável";"Com Vítimas Feridas";"Pleno dia";"Crescente";"Chuva";"Dupla";"Curva";"Não";3;0;1;0;2;0;1;1;-9,27933304;-35,79839595;"SPRF-AL";"DEL01-AL";"UOP02-DEL01-AL"
280045;2020-04-16;"quinta-feira";"07:10:00";"PR";277;114,8;"CAMPO LARGO";"Falta de Atenção à Condução";"Colisão transversal";"Com Vítimas Feridas";"Pleno dia";"Decrescente";"Céu Claro";"Simples";"Reta";"Sim";2;0;0;1;1;0;1;2;-25,44882552;-49,51549661;"SPRF-PR";"DEL01-PR";"UOP03-DEL03-PR"
280047;2020-04-16;"quinta-feira";"09:40:00";"MG";251;296;"SALINAS";"Velocidade Incompatível";"Saída de leito carroçável";"Com Vítimas Feridas";"Pleno dia";"Crescente";"Nublado";"Simples";"Curva";"Não";3;0;2;0;0;1;2;2;-16,104718;-42,21143201;"SPRF-MG";"DEL11-MG";"UOP02-DEL11-MG"
280049;2020-04-16;"quinta-feira";"10:20:00";"PB";101;113;"ALHANDRA";"Pista Escorregadia";"Colisão com objeto estático";"Com Vítimas Feridas";"Pleno dia";"Crescente";"Chuva";"Dupla";"Declive;Curva";"Não";2;0;1;0;1;0;1;1;-7,36122197;-34,95184711;"SPRF-PB";"DEL01-PB";"UOP01-DEL01-PB"
280051;2020-04-16;"quinta-feira";"11:35:00";"SC";282;5,9;"SAO JOSE";"Não guardar distância de segurança";"Colisão traseira";"Com Vítimas Feridas";"Pleno dia";"Crescente";"Céu Claro";"Dupla";"Curva";"Sim";3;0;2;0;1;0;2;2;-27,588425;-48,612919;"SPRF-SC";"DEL01-SC";"UOP01-DEL01-SC"
280052;2020-04-16;"quinta-feira";"11:20:00";"RS";392;123;"CANGUCU";"Falta de Atenção à Condução";"Colisão transversal";"Com Vítimas Feridas";"Pleno dia";"Crescente";"Nublado";"Simples";"Declive;Reta";"Não";2;0;1;1;0;0;2;2;-31,37916505;-52,71298806;"SPRF-RS";"DEL07-RS";"UOP01-DEL07-RS"
280054;2020-04-16;"quinta-feira";"11:25:00";"RN";304;43,7;"MOSSORO";"Defeito Mecânico no Veículo";"Queda de ocupante de veículo";"Com Vítimas Feridas";"Pleno dia";"Decrescente";"Nublado";"Dupla";"Reta";"Não";1;0;1;0;0;0;1;1;-5,21815835;-37,36500124;"SPRF-RN";"DEL04-RN";"UOP01-DEL04-RN"
280055;2020-04-16;"quinta-feira";"11:50:00";"PR";277;74;"SAO JOSE DOS PINHAIS";"Falta de Atenção à Condução";"Colisão lateral";"Com Vítimas Feridas";"Pleno dia";"Decrescente";"Céu Claro";"Dupla";"Reta";"Não";2;0;1;0;1;0;1;2;-25,51726115;-49,11540707;"SPRF-PR";"DEL01-PR";"UOP01-DEL01-PR"
280056;2020-04-16;"quinta-feira";"12:35:00";"SC";282;58;"RANCHO QUEIMADO";"Falta de Atenção à Condução";"Colisão transversal";"Com Vítimas Feridas";"Pleno dia";"Decrescente";"Sol";"Simples";"Curva";"Não";2;0;1;0;1;0;1;2;-27,683594;-49,005539;"SPRF-SC";"DEL01-SC";"UOP03-DEL01-SC"
280057;2020-04-16;"quinta-feira";"11:55:00";"SC";101;59,3;"ARAQUARI";"Não guardar distância de segurança";"Colisão traseira";"Com Vítimas Feridas";"Pleno dia";"Decrescente";"Céu Claro";"Dupla";"Curva";"Não";2;0;2;0;0;0;2;2;-26,44651734;-48,79426826;"SPRF-SC";"DEL03-SC";"UOP02-DEL03-SC"
280059;2020-04-16;"quinta-feira";"11:10:00";"SC";282;34,9;"AGUAS MORNAS";"Falta de Atenção à Condução";"Saída de leito carroçável";"Sem Vítimas";"Pleno dia";"Crescente";"Céu Claro";"Simples";"Curva";"Não";1;0;0;0;1;0;0;1;-27,704247;-48,817547;"SPRF-SC";"DEL01-SC";"UOP03-DEL01-SC"
280060;2020-04-16;"quinta-feira";"12:20:00";"SC";101;332,8;"TUBARAO";"Desobediência às normas de trânsito pelo condutor";"Colisão lateral";"Com Vítimas Feridas";"Pleno dia";"Decrescente";"Céu Claro";"Dupla";"Rotatória";"Sim";2;0;1;0;1;0;1;2;-28,46605045;-48,99559021;"SPRF-SC";"DEL02-SC";"UOP01-DEL02-SC"