"id";"data_inversa";"dia_semana";"horario";"uf";"br";"km";"municipio";"causa_acidente";"tipo_acidente";"classificacao_acidente";"fase_dia";"sentido_via";"condicao_metereologica";"tipo_pista";"tracado_via";"uso_solo";"pessoas";"mortos";"feridos_leves";"feridos_graves";"ilesos";"ignorados";"feridos";"veiculos";"latitude";"longitude";"regional";"delegacia";"uop"
280322;2020-04-18;"sábado";"07:00:00";"CE";116;2,5;"FORTALEZA";"Animais na Pista";"Atropelamento de Animal";"Com Vítimas Feridas";"Pleno dia";"Decrescente";"Sol";"Múltipla";"Reta";"Sim";1;0;1;0;0;0;1;1;-3,77019802;-38,51724508;"SPRF-CE";"DEL01-CE";"UOP02-DEL01-CE"
280323;2020-04-18;"sábado";"05:45:00";"RJ";493;25;"MAGE";"Condutor Dormindo";"Saída de leito carroçável";"Com Vítimas Feridas";"Amanhecer";"Decrescente";"Céu Claro";"Simples";"Curva";"Não";1;0;1;0;0;0;1;1;-22,65788388;-43,079654;"SPRF-RJ";"DEL04-RJ";"UOP02-DEL04-RJ"
280324;2020-04-18;"sábado";"04:00:00";"GO";364;278,8;"MINEIROS";"Condutor Dormindo";"Colisão com objeto estático";"Com Vítimas Feridas";"Plena Noite";"Crescente";"Céu Claro";"Simples";"Curva;Declive";"Não";1;0;1;0;0;0;1;1;-17,63126186;-52,37628937;"SPRF-GO";"DEL05-GO";"UOP01-DEL05-GO"
280325;2020-04-17;"sexta-feira";"13:30:00";"MA";316;439,1;"PERITORO";"Fenômenos da Natureza";"Queda de ocupante de veículo";"Com Vítimas Fatais";"Pleno dia";"Decrescente";"Garoa/Chuvisco";"Simples";"Curva";"Não";1;1;0;0;0;0;0;1;-4,421906;-44,216095;"SPRF-MA";"DEL03-MA";"UOP01-DEL03-MA"
280326;2020-04-18;"sábado";"07:30:00";"ES";101;261;"SERRA";"Ingestão de Substâncias Psicoativas";"Queda de ocupante de veículo";"Com Vítimas Feridas";"Pleno dia";"Decrescente";"Céu Claro";"Dupla";"Reta";"Sim";1;0;0;1;0;0;1;1;-20,14854215;-40,27970926;"SPRF-ES";"DEL02-ES";"UOP01-DEL02-ES"
280331;2020-04-18;"sábado";"08:50:00";"SE";101;102,9;"SAO CRISTOVAO";"Falta de Atenção à Condução";"Saída de leito carroçável";"Com Vítimas Feridas";"Pleno dia";"Crescente";"Chuva";"Dupla";"Reta";"Não";2;0;2;0;0;0;2;1;-10,94880037;-37,21099182;"SPRF-SE";"DEL02-SE";"UOP01-DEL02-SE"
280332;2020-04-18;"sábado";"06:50:00";"PI";316;146;"ELESBAO VELOSO";"Pista Escorregadia";"Saída de leito carroçável";"Com Vítimas Feridas";"Amanhecer";"Decrescente";"Chuva";"Simples";"Reta";"Não";1;0;1;0;0;0;1;1;-6,10505024;-42,19581006;"SPRF-PI";"DEL04-PI";"UOP02-DEL04-PI"
280334;2020-04-18;"sábado";"00:55:00";"RJ";40;109;"DUQUE DE CAXIAS";"Falta de Atenção à Condução";"Colisão com objeto estático";"Sem Vítimas";"Plena Noite";"Crescente";"Céu Claro";"Dupla";"Reta";"Sim";2;0;0;0;1;1;0;1;-22,67374628;-43,28638368;"SPRF-RJ";"DEL01-RJ";"UOP01-DEL01-RJ"
280335;2020-04-18;"sábado";"09:20:00";"PE";232;410;"SERRA TALHADA";"Desobediência às normas de trânsito pelo condutor";"Colisão lateral";"Com Vítimas Fatais";"Pleno dia";"Decrescente";"Céu Claro";"Simples";"Reta";"Sim";3;1;0;0;2;0;0;2;-7,98261841;-38,30039606;"SPRF-PE";"DEL04-PE";"UOP01-DEL04-PE"
280336;2020-04-18;"sábado";"08:03:00";"RJ";101;317,6;"SAO GONCALO";"Desobediência às normas de trânsito pelo condutor";"Colisão frontal";"Com Vítimas Feridas";"Pleno dia";"Decrescente";"Sol";"Simples";"Curva";"Não";3;0;0;1;2;0;1;2;-22,83707798;-43,09492006;"SPRF-RJ";"DEL02-RJ";"UOP01-DEL02-RJ"
280337;2020-04-18;"sábado";"09:15:00";"ES";101;144,2;"LINHARES";"Falta de Atenção à Condução";"Colisão traseira";"Sem Vítimas";"Pleno dia";"Decrescente";"Céu Claro";"Múltipla";"Reta";"Sim";2;0;0;0;2;0;0;2;-19,35188295;-40,0636685;"SPRF-ES";"DEL04-ES";"UOP01-DEL04-ES"
280338;2020-04-18;"sábado";"06:50:00";"MS";60;345,4;"CAMPO GRANDE";"Falta de Atenção à Condução";"Tombamento";"Com Vítimas Feridas";"Pleno dia";"Crescente";"Céu Claro";"Dupla";"Reta";"Não";1;0;1;0;0;0;1;1;-20,41331;-54,70898;"SPRF-MS";"DEL01-MS";"UOP03-DEL01-MS"
280339;2020-04-18;"sábado";"09:50:00";"PE";101;74;"RECIFE";"Defeito Mecânico no Veículo";"Incêndio";"Sem Vítimas";"Pleno dia";"Crescente";"Sol";"Dupla";"Reta";"Sim";1;0;0;0;1;0;0;1;-8,10146485;-34,94901577;"SPRF-PE";"DEL01-PE";"UOP01-DEL01-PE"
280340;2020-04-18;"sábado";"09:05:00";"MS";262;379,6;"TERENOS";"Falta de Atenção à Condução";"Colisão transversal";"Com Vítimas Feridas";"Pleno dia";"Crescente";"Céu Claro";"Simples";"Interseção de Vias";"Não";3;0;1;0;2;0;1;2;-20,449632;-54,848045;"SPRF-MS";"DEL01-MS";"UOP03-DEL01-MS"
280342;2020-04-18;"sábado";"08:10:00";"MT";364;340;"SANTO ANTONIO DO LEVERGER";"Ingestão de Álcool";"Saída de leito carroçável";"Sem Vítimas";"Pleno dia";"Decrescente";"Céu Claro";"Dupla";"Curva";"Não";1;0;0;0;1;0;0;1;-15,83698099;-55,494338;"SPRF-MT";"DEL05-MT";"UOP02-DEL05-MT"
280343;2020-04-18;"sábado";"09:45:00";"GO";364;351;"PORTELANDIA";"Mal Súbito";"Saída de leito carroçável";"Com Vítimas Fatais";"Pleno dia";"Crescente";"Nublado";"Simples";"Declive;Reta";"Não";1;1;0;0;0;0;0;1;-17,380877;-52,915203;"SPRF-GO";"DEL05-GO";"UOP01-DEL05-GO"
280344;2020-04-18;"sábado";"09:35:00";"BA";324;617;"SALVADOR";"Desobediência às normas de trânsito pelo condutor";"Colisão lateral";"Com Vítimas Feridas";"Pleno dia";"Crescente";"Céu Claro";"Dupla";"Reta";"Sim";3;0;1;0;2;0;1;3;-12,8860325;-38,43806469;"SPRF-BA";"DEL01-BA";"UOP01-DEL01-BA"
280346;2020-04-18;"sábado";"11:00:00";"RS";116;236;"NOVO HAMBURGO";"Falta de Atenção à Condução";"Colisão com objeto estático";"Sem Vítimas";"Pleno dia";"Crescente";"Céu Claro";"Dupla";"Reta";"Não";1;0;0;0;1;0;0;1;-29,66938502;-51,14304731;"SPRF-RS";"DEL01-RS";"UOP02-DEL01-RS"
280348;2020-04-18;"sábado";"11:18:00";"MG";40;799;"JUIZ DE FORA";"Velocidade Incompatível";"Colisão com objeto estático";"Com Vítimas Feridas";"Pleno dia";"Crescente";"Nublado";"Múltipla";"Curva";"Não";1;0;0;1;0;0;1;1;-21,82857001;-43,37364401;"SPRF-MG";"DEL05-MG";"UOP01-DEL05-MG"
280350;2020-04-18;"sábado";"10:50:00";"RO";319;62,8;"PORTO VELHO";"Falta de Atenção à Condução";"Colisão transversal";"Com Vítimas Feridas";"Pleno dia";"Crescente";"Nublado";"Dupla";"Interseção de Vias";"Sim";2;0;1;1;0;0;2;2;-8,766685;-63,884052;"SPRF-RO";"DEL01-RO";"UOP01-DEL01-RO"
280351;2020-04-18;"sábado";"12:42:00";"GO";50;169,1;"CAMPO ALEGRE DE GOIAS";"Velocidade Incompatível";"Saída de leito carroçável";"Com Vítimas Fatais";"Pleno dia";"Decrescente";"Nublado";"Dupla";"Declive;Reta";"Não";2;1;0;1;0;0;1;1;-17,3196;-47,7827;"SPRF-GO";"DEL06-GO";"UOP01-DEL06-GO"
280352;2020-04-18;"sábado";"11:57:00";"RN";110;48;"MOSSORO";"Avarias e/ou desgaste excessivo no pneu";"Colisão traseira";"Com Vítimas Feridas";"Pleno dia";"Crescente";"Céu Claro";"Simples";"Reta";"Sim";2;0;1;0;1;0;1;2;-5,209;-37,333;"SPRF-RN";"DEL04-RN";"UOP01-DEL04-RN"
280353;2020-04-18;"sábado";"12:50:00";"SC";101;404;"ARARANGUA";"Defeito Mecânico no Veículo";"Tombamento";"Com Vítimas Feridas";"Pleno dia";"Decrescente";"Céu Claro";"Dupla";"Reta";"Não";2;0;1;1;0;0;2;1;-28,87801417;-49,45745479;"SPRF-SC";"DEL02-SC";"UOP02-DEL02-SC"
280354;2020-04-18;"sábado";"13:05:00";"SC";101;120;"ITAJAI";"Avarias e/ou desgaste excessivo no pneu";"Queda de ocupante de veículo";"Com Vítimas Feridas";"Pleno dia";"Crescente";"Sol";"Múltipla";"Reta";"Sim";2;0;2;0;0;0;2;1;-26,912758;-48,711998;"SPRF-SC";"DEL04-SC";"UOP04-DEL04-SC"
280355;2020-04-18;"sábado";"11:30:00";"RS";116;517;"PELOTAS";"Desobediência às normas de trânsito pelo condutor";"Colisão transversal";"Com Vítimas Feridas";"Pleno dia";"Decrescente";"Céu Claro";"Simples";"Interseção de Vias";"Sim";2;0;1;0;1;0;1;2;-31,67908686;-52,34256731;"SPRF-RS";"DEL07-RS";"UOP01-DEL07-RS"
280357;2020-04-18;"sábado";"11:20:00";"PB";230;335,9;"PATOS";"Desobediência às normas de trânsito pelo condutor";"Colisão transversal";"Com Vítimas Feridas";"Pleno dia";"Crescente";"Céu Claro";"Simples";"Reta";"Sim";2;0;1;0;1;0;1;2;-7,0128;-37,2644;"SPRF-PB";"DEL03-PB";"UOP01-DEL03-PB"
280361;2020-04-18;"sábado";"13:50:00";"GO";40;52;"LUZIANIA";"Falta de Atenção à Condução";"Saída de leito carroçável";"Com Vítimas Feridas";"Pleno dia";"Decrescente";"Céu Claro";"Dupla";"Reta";"Não";1;0;1;0;0;0;1;1;-16,459224;-47,80724;"SPRF-DF";"DEL01-DF";"UOP02-DEL01-DF"
280362;2020-04-18;"sábado";"13:45:00";"SP";116;111,3;"TAUBATE";"Falta de Atenção à Condução";"Colisão com objeto estático";"Com Vítimas Feridas";"Pleno dia";"Decrescente";"Céu Claro";"Dupla";"Reta";"Sim";1;0;1;0;0;0;1;1;-23,03887149;-45,56097419;"SPRF-SP";"DEL06-SP";"UOP01-DEL06-SP"
280363;2020-04-18;"sábado";"13:45:00";"PR";476;134;"CURITIBA";"Falta de Atenção à Condução";"Colisão traseira";"Com Vítimas Feridas";"Pleno dia";"Decrescente";"Sol";"Múltipla";"Reta";"Não";3;0;1;0;1;1;1;3;-25,476524;-49,259937;"SPRF-PR";"DEL01-PR";"UOP03-DEL01-PR"
280364;2020-04-18;"sábado";"13:30:00";"PR";476;129,8;"CURITIBA";"Desobediência às normas de trânsito pelo condutor";"Colisão lateral";"Com Vítimas Feridas";"Pleno dia";"Crescente";"Garoa/Chuvisco";"Dupla";"Declive";"Sim";3;0;2;0;1;0;2;2;-25,448331;-49,2335565;"SPRF-PR";"DEL01-PR";"UOP07-DEL01-PR"
280366;2020-04-18;"sábado";"14:45:00";"SC";101;155;"PORTO BELO";"Falta de Atenção à Condução";"Tombamento";"Com Vítimas Feridas";"Pleno dia";"Decrescente";"Céu Claro";"Simples";"Interseção de Vias";"Não";1;0;1;0;0;0;1;1;-27,16292;-48,61129;"SPRF-SC";"DEL04-SC";"UOP03-DEL04-SC"
280368;2020-04-18;"sábado";"14:40:00";"PE";232;29,9;"MORENO";"Pista Escorregadia";"Saída de leito carroçável";"Sem Vítimas";"Pleno dia";"Decrescente";"Chuva";"Dupla";"Declive";"Sim";1;0;0;0;1;0;0;1;-8,11083225;-35,15096068;"SPRF-PE";"DEL02-PE";"UOP02-DEL02PE"
280369;2020-04-18;"sábado";"14:15:00";"RN";304;299,9;"MACAIBA";"Falta de Atenção à Condução";"Colisão com objeto estático";"Com Vítimas Feridas";"Pleno dia";"Decrescente";"Céu Claro";"Dupla";"Reta";"Não";1;0;1;0;0;0;1;1;-5,87095859;-35,32359587;"SPRF-RN";"DEL01-RN";"UOP02-DEL01-RN"
280370;2020-04-18;"sábado";"15:20:00";"PR";369;182,5;"ARAPONGAS";"Falta de Atenção à Condução";"Colisão traseira";"Com Vítimas Fatais";"Pleno dia";"Decrescente";"Céu Claro";"Dupla";"Reta";"Não";3;1;0;0;1;1;0;3;-23,474861;-51,423749;"SPRF-PR";"DEL07-PR";"UOP03-DEL07-PR"
280371;2020-04-18;"sábado";"14:30:00";"MT";163;668;"LUCAS DO RIO VERDE";"Falta de Atenção à Condução";"Saída de leito carroçável";"Com Vítimas Fatais";"Pleno dia";"Decrescente";"Céu Claro";"Simples";"Reta";"Não";3;1;0;0;1;1;0;2;-13,3396959;-56,05511323;"SPRF-MT";"DEL06-MT";"UOP01-DEL06-MT"
280372;2020-04-18;"sábado";"03:00:00";"SC";153;7,7;"AGUA DOCE";"Animais na Pista";"Atropelamento de Animal";"Com Vítimas Feridas";"Plena Noite";"Decrescente";"Céu Claro";"Simples";"Reta";"Não";5;0;4;1;0;0;5;1;-26,658108;-51,536217;"SPRF-SC";"DEL07-SC";"UOP07-DEL07-SC"
280373;2020-04-18;"sábado";"13:30:00";"GO";80;20,3;"PADRE BERNARDO";"Falta de Atenção à Condução";"Colisão transversal";"Com Vítimas Feridas";"Pleno dia";"Crescente";"Chuva";"Simples";"Reta;Declive";"Não";3;0;0;2;1;0;2;2;-15,377257;-48,214469;"SPRF-DF";"DEL03-DF";"UOP02-DEL03-DF"
280374;2020-04-18;"sábado";"14:45:00";"MG";116;415;"GOVERNADOR VALADARES";"Não guardar distância de segurança";"Colisão traseira";"Com Vítimas Feridas";"Pleno dia";"Crescente";"Nevoeiro/Neblina";"Simples";"Reta";"Sim";4;0;0;1;3;0;1;2;-18,88401297;-41,94924399;"SPRF-MG";"DEL06-MG";"UOP01-DEL06-MG"
280375;2020-04-18;"sábado";"13:40:00";"CE";20;373,4;"MARANGUAPE";"Pista Escorregadia";"Saída de leito carroçável";"Com Vítimas Feridas";"Pleno dia";"Decrescente";"Chuva";"Simples";"Reta";"Não";2;0;1;0;1;0;1;1;-3,9660818;-38,88868712;"SPRF-CE";"DEL02-CE";"UOP01-DEL02-CE"
280376;2020-04-18;"sábado";"15:25:00";"DF";60;19;"BRASILIA";"Falta de Atenção à Condução";"Saída de leito carroçável";"Com Vítimas Feridas";"Pleno dia";"Decrescente";"Nublado";"Dupla";"Curva";"Não";1;0;1;0;0;0;1;1;-15,974583;-48,189411;"SPRF-DF";"DEL03-DF";"UOP01-DEL03-DF"
280377;2020-04-18;"sábado";"15:30:00";"ES";262;41,8;"DOMINGOS MARTINS";"Velocidade Incompatível";"Tombamento";"Com Vítimas Fatais";"Pleno dia";"Crescente";"Céu Claro";"Simples";"Curva";"Não";2;1;0;0;1;0;0;1;-20,38524458;-40,65385185;"SPRF-ES";"DEL01-ES";"UOP01-DEL01-ES"
280378;2020-04-05;"domingo";"07:50:00";"GO";153;364,5;"JARAGUA";"Desobediência às normas de trânsito pelo condutor";"Colisão frontal";"Com Vítimas Feridas";"Pleno dia";"Crescente";"Céu Claro";"Simples";"Aclive";"Não";4;0;3;0;0;1;3;3;-15,782997;-49,303871;"SPRF-GO";"DEL02-GO";"UOP02-DEL02-GO"
280379;2020-03-06;"sexta-feira";"18:00:00";"PA";316;50,4;"SANTA IZABEL DO PARA";"Defeito Mecânico no Veículo";"Tombamento";"Com Vítimas Feridas";"Anoitecer";"Decrescente";"Garoa/Chuvisco";"Dupla";"Reta";"Não";2;0;2;0;0;0;2;1;-1,30725961;-48,03531647;"SPRF-PA";"DEL01-PA";"UOP01-DEL01-PA"
280383;2020-04-18;"sábado";"16:10:00";"MG";381;486,2;"BETIM";"Falta de Atenção à Condução";"Colisão traseira";"Com Vítimas Feridas";"Pleno dia";"Crescente";"Nublado";"Múltipla";"Reta";"Sim";1;0;1;0;0;0;1;1;-19,95644414;-44,13611598;"SPRF-MG";"DEL01-MG";"UOP03-DEL01-MG"
280384;2020-04-18;"sábado";"14:40:00";"SP";381;67;"MAIRIPORA";"Falta de Atenção do Pedestre";"Atropelamento de Pedestre";"Com Vítimas Feridas";"Pleno dia";"Decrescente";"Céu Claro";"Dupla";"Reta;Declive";"Sim";2;0;1;0;0;1;1;2;-23,33226094;-46,57675379;"SPRF-SP";"DEL03-SP";"UOP01-DEL03-SP"
280388;2020-04-18;"sábado";"15:10:00";"BA";116;524;"ITATIM";"Falta de Atenção à Condução";"Colisão com objeto estático";"Sem Vítimas";"Pleno dia";"Decrescente";"Nublado";"Simples";"Reta";"Não";1;0;0;0;1;0;0;1;-12,70024334;-39,71218183;"SPRF-BA";"DEL03-BA";"UOP02-DEL03-BA"
280389;2020-04-18;"sábado";"15:25:00";"SP";116;167,2;"JACAREI";"Falta de Atenção do Pedestre";"Atropelamento de Pedestre";"Com Vítimas Fatais";"Pleno dia";"Decrescente";"Céu Claro";"Dupla";"Declive;Reta";"Sim";2;1;0;0;0;1;0;2;-23,30254924;-46,02640493;"SPRF-SP";"DEL02-SP";"UOP01-DEL02-SP"
280394;2020-04-17;"sexta-feira";"02:00:00";"SC";101;149;"ITAPEMA";"Defeito Mecânico no Veículo";"Incêndio";"Sem Vítimas";"Plena Noite";"Decrescente";"Céu Claro";"Simples";"Reta";"Sim";1;0;0;0;1;0;0;1;-27,1089649;-48,61277586;"SPRF-SC";"DEL04-SC";"UOP03-DEL04-SC"
280395;2020-04-18;"sábado";"17:35:00";"RN";101;80,6;"SAO GONCALO DO AMARANTE";"Falta de Atenção à Condução";"Colisão transversal";"Com Vítimas Feridas";"Anoitecer";"Crescente";"Nublado";"Dupla";"Rotatória";"Sim";2;0;1;0;1;0;1;2;-5,76297272;-35,28731346;"SPRF-RN";"DEL02-RN";"UOP01-DEL02-RN"
280396;2020-04-18;"sábado";"15:45:00";"PR";116;40;"CAMPINA GRANDE DO SUL";"Velocidade Incompatível";"Colisão com objeto estático";"Sem Vítimas";"Pleno dia";"Decrescente";"Garoa/Chuvisco";"Dupla";"Reta";"Não";1;0;0;0;1;0;0;1;-25,16445203;-48,86237697;"SPRF-PR";"DEL01-PR";"UOP02-DEL01-PR"
280400;2020-04-18;"sábado";"16:50:00";"BA";101;223;"CRUZ DAS ALMAS";"Falta de Atenção à Condução";"Colisão lateral";"Com Vítimas Feridas";"Pleno dia";"Crescente";"Céu Claro";"Simples";"Reta";"Sim";2;0;1;0;0;1;1;2;-12,679917;-39,139006;"SPRF-BA";"DEL01-BA";"UOP02-DEL01-BA"
280401;2020-04-18;"sábado";"18:00:00";"BA";324;622;"SALVADOR";"Ingestão de Álcool";"Colisão lateral";"Sem Vítimas";"Plena Noite";"Decrescente";"Céu Claro";"Dupla";"Reta";"Sim";3;0;0;0;3;0;0;3;-12,91233708;-38,45956983;"SPRF-BA";"DEL01-BA";"UOP01-DEL01-BA"
280402;2020-04-18;"sábado";"17:20:00";"MG";262;393;"PARA DE MINAS";"Falta de Atenção à Condução";"Tombamento";"Com Vítimas Feridas";"Pleno dia";"Crescente";"Sol";"Dupla";"Reta";"Não";1;0;1;0;0;0;1;1;-19,918104;-44,481613;"SPRF-MG";"DEL01-MG";"UOP03-DEL01-MG"
280403;2020-04-18;"sábado";"18:30:00";"BA";101;951;"MUCURI";"Falta de Atenção à Condução";"Saída de leito carroçável";"Com Vítimas Feridas";"Anoitecer";"Crescente";"Nublado";"Simples";"Reta";"Não";2;0;0;2;0;0;2;1;-18,16840196;-39,91873914;"SPRF-BA";"DEL09-BA";"UOP02-DEL09-BA"
280404;2020-04-18;"sábado";"18:35:00";"PR";376;665,7;"GUARATUBA";"Pista Escorregadia";"Colisão com objeto estático";"Com Vítimas Feridas";"Pleno dia";"Crescente";"Nublado";"Dupla";"Curva";"Não";5;0;3;0;2;0;3;1;-25,86037408;-48,95087256;"SPRF-PR";"DEL01-PR";"UOP04-DEL01-PR"
280405;2020-04-18;"sábado";"17:10:00";"RJ";101;47;"CAMPOS DOS GOYTACAZES";"Falta de Atenção à Condução";"Tombamento";"Com Vítimas Feridas";"Pleno dia";"Decrescente";"Nublado";"Simples";"Interseção de Vias";"Sim";1;0;1;0;0;0;1;1;-21,60743504;-41,31655533;"SPRF-RJ";"DEL08-RJ";"UOP01-DEL08-RJ"
280406;2020-04-18;"sábado";"15:43:00";"PR";272;367,8;"CAMPO MOURAO";"Desobediência às normas de trânsito pelo condutor";"Colisão transversal";"Com Vítimas Feridas";"Pleno dia";"Crescente";"Céu Claro";"Dupla";"Reta";"Sim";4;0;4;0;0;0;4;2;-24,05063682;-52,40169964;"SPRF-PR";"DEL09-PR";"UOP03-DEL09-PR"
280409;2020-04-18;"sábado";"16:20:00";"SC";101;332,9;"TUBARAO";"Falta de Atenção à Condução";"Colisão lateral";"Com Vítimas Feridas";"Pleno dia";"Crescente";"Céu Claro";"Dupla";"Interseção de Vias";"Não";3;0;1;1;1;0;2;2;-28,46016431;-48,98968873;"SPRF-SC";"DEL02-SC";"UOP01-DEL02-SC"
280410;2020-04-18;"sábado";"19:10:00";"PR";376;220,9;"JANDAIA DO SUL";"Falta de Atenção à Condução";"Saída de leito carroçável";"Com Vítimas Feridas";"Plena Noite";"Crescente";"Céu Claro";"Simples";"Curva;Declive";"Não";1;0;1;0;0;0;1;1;-23,60241541;-51,59826198;"SPRF-PR";"DEL07-PR";"UOP03-DEL07-PR"
280411;2020-04-18;"sábado";"18:40:00";"RN";304;305;"PARNAMIRIM";"Defeito na Via";"Queda de ocupante de veículo";"Com Vítimas Feridas";"Plena Noite";"Decrescente";"Céu Claro";"Dupla";"Em Obras";"Não";1;0;0;1;0;0;1;1;-5,8876927;-35,2721949;"SPRF-RN";"DEL01-RN";"UOP02-DEL01-RN"
280412;2020-04-18;"sábado";"12:20:00";"RO";435;78;"COLORADO DO OESTE";"Animais na Pista";"Atropelamento de Animal";"Com Vítimas Feridas";"Pleno dia";"Decrescente";"Sol";"Simples";"Reta";"Não";1;0;1;0;0;0;1;1;-13,10905126;-60,47049799;"SPRF-RO";"DEL04-RO";"UOP02-DEL04-RO"
280413;2020-04-18;"sábado";"18:40:00";"PR";163;290;"MARECHAL CANDIDO RONDON";"Avarias e/ou desgaste excessivo no pneu";"Colisão com objeto em movimento";"Com Vítimas Feridas";"Anoitecer";"Crescente";"Céu Claro";"Simples";"Reta";"Não";4;0;0;1;3;0;1;1;-24,53507184;-54,04952168;"SPRF-PR";"DEL06-PR";"UOP02-DEL06-PR"
280414;2020-04-18;"sábado";"18:55:00";"RS";386;343,4;"LAJEADO";"Falta de Atenção à Condução";"Colisão transversal";"Sem Vítimas";"Plena Noite";"Crescente";"Ignorado";"Simples";"Curva";"Sim";5;0;0;0;5;0;0;2;-29,434835;-52,002365;"SPRF-RS";"DEL04-RS";"UOP01-DEL04-RS"
280415;2020-04-18;"sábado";"19:10:00";"MG";40;615;"CONGONHAS";"Falta de Atenção à Condução";"Queda de ocupante de veículo";"Com Vítimas Feridas";"Plena Noite";"Crescente";"Céu Claro";"Simples";"Reta";"Sim";1;0;1;0;0;0;1;1;-20,53765999;-43,82077849;"SPRF-MG";"DEL05-MG";"UOP02-DEL05-MG"
280417;2020-04-18;"sábado";"14:45:00";"SC";101;281;"IMBITUBA";"Condutor Dormindo";"Capotamento";"Com Vítimas Feridas";"Pleno dia";"Crescente";"Nublado";"Dupla";"Reta";"Não";4;0;2;1;1;0;3;1;-28,18793595;-48,69652041;"SPRF-SC";"DEL02-SC";"UOP03-DEL02-SC"
280418;2020-04-18;"sábado";"17:30:00";"SC";101;297;"IMBITUBA";"Falta de Atenção à Condução";"Colisão transversal";"Com Vítimas Feridas";"Pleno dia";"Crescente";"Céu Claro";"Dupla";"Reta";"Não";2;0;0;1;1;0;1;2;-28,31353989;-48,7240982;"SPRF-SC";"DEL02-SC";"UOP03-DEL02-SC"
280419;2020-04-18;"sábado";"18:10:00";"MT";364;257;"JUSCIMEIRA";"Falta de Atenção à Condução";"Colisão transversal";"Com Vítimas Feridas";"Plena Noite";"Crescente";"Ignorado";"Simples";"Reta";"Sim";2;0;1;0;1;0;1;2;-16,06464917;-54,8799054;"SPRF-MT";"DEL02-MT";"UOP01-DEL02-MT"
280420;2020-04-18;"sábado";"18:45:00";"GO";60;94,8;"ANAPOLIS";"Falta de Atenção à Condução";"Colisão lateral";"Com Vítimas Feridas";"Plena Noite";"Decrescente";"Nublado";"Dupla";"Reta";"Sim";2;0;1;0;1;0;1;2;-16,36371983;-48,93468261;"SPRF-GO";"DEL02-GO";"UOP01-DEL02-GO"
280421;2020-04-18;"sábado";"19:30:00";"RN";405;74,5;"APODI";"Falta de Atenção à Condução";"Colisão traseira";"Com Vítimas Feridas";"Plena Noite";"Crescente";"Céu Claro";"Simples";"Reta";"Não";3;0;3;0;0;0;3;2;-5,63397905;-37,80046076;"SPRF-RN";"DEL04-RN";"UOP02-DEL04-RN"
280422;2020-04-18;"sábado";"19:10:00";"PA";316;22,6;"BENEVIDES";"Defeito na Via";"Tombamento";"Com Vítimas Feridas";"Plena Noite";"Decrescente";"Céu Claro";"Dupla";"Reta";"Não";1;0;0;1;0;0;1;1;-1,3534463;-48,2570266;"SPRF-PA";"DEL01-PA";"UOP01-DEL01-PA"
280423;2020-04-18;"sábado";"18:10:00";"MT";364;539;"ROSARIO OESTE";"Falta de Atenção à Condução";"Colisão transversal";"Com Vítimas Feridas";"Anoitecer";"Crescente";"Céu Claro";"Simples";"Reta";"Não";2;0;0;1;0;1;1;2;-14,93445094;-56,48872608;"SPRF-MT";"DEL01-MT";"UOP01-DEL01-MT"
280424;2020-04-18;"sábado";"19:32:00";"RN";304;302;"PARNAMIRIM";"Falta de Atenção à Condução";"Colisão com objeto estático";"Com Vítimas Feridas";"Plena Noite";"Crescente";"Céu Claro";"Dupla";"Reta";"Não";1;0;1;0;0;0;1;1;-5,87937446;-35,29790983;"SPRF-RN";"DEL01-RN";"UOP02-DEL01-RN"
280425;2020-04-18;"sábado";"19:45:00";"MG";40;421;"CURVELO";"Desobediência às normas de trânsito pelo condutor";"Colisão lateral";"Com Vítimas Feridas";"Plena Noite";"Crescente";"Céu Claro";"Simples";"Reta";"Não";5;0;1;0;4;0;1;2;-19,15478812;-44,55712798;"SPRF-MG";"DEL02-MG";"UOP01-DEL02-MG"
280427;2020-04-18;"sábado";"19:00:00";"SP";116;147,3;"SAO JOSE DOS CAMPOS";"Deficiência ou não Acionamento do Sistema de Iluminação/Sinalização do Veículo";"Colisão traseira";"Com Vítimas Feridas";"Plena Noite";"Decrescente";"Céu Claro";"Múltipla";"Reta";"Não";2;0;1;0;1;0;1;2;-23,19542994;-45,87176303;"SPRF-SP";"DEL02-SP";"UOP01-DEL02-SP"
280428;2020-04-18;"sábado";"16:39:00";"SC";282;207,3;"LAGES";"Não guardar distância de segurança";"Colisão traseira";"Com Vítimas Feridas";"Pleno dia";"Decrescente";"Sol";"Simples";"Declive";"Sim";2;0;1;0;1;0;1;2;-27,773464;-50,202095;"SPRF-SC";"DEL05-SC";"UOP01-DEL05-SC"
280429;2020-04-18;"sábado";"18:45:00";"MS";262;59,5;"TRES LAGOAS";"Animais na Pista";"Atropelamento de Animal";"Com Vítimas Feridas";"Plena Noite";"Crescente";"Ignorado";"Simples";"Declive";"Não";2;0;0;1;0;1;1;2;-20,71886624;-52,1375081;"SPRF-MS";"DEL07-MS";"UOP01-DEL07-MS"
280430;2020-04-18;"sábado";"19:45:00";"RJ";116;101;"GUAPIMIRIM";"Ultrapassagem Indevida";"Colisão frontal";"Com Vítimas Feridas";"Plena Noite";"Crescente";"Céu Claro";"Múltipla";"Curva";"Sim";2;0;1;0;1;0;1;2;-22,49374115;-43,00365418;"SPRF-RJ";"DEL04-RJ";"UOP02-DEL04-RJ"