"id";"data_inversa";"dia_semana";"horario";"uf";"br";"km";"municipio";"causa_acidente";"tipo_acidente";"classificacao_acidente";"fase_dia";"sentido_via";"condicao_metereologica";"tipo_pista";"tracado_via";"uso_solo";"pessoas";"mortos";"feridos_leves";"feridos_graves";"ilesos";"ignorados";"feridos";"veiculos";"latitude";"longitude";"regional";"delegacia";"uop"
280431;2020-04-18;"sábado";"18:48:00";"ES";101;137;"LINHARES";"Ingestão de Álcool";"Colisão lateral";"Sem Vítimas";"Plena Noite";"Crescente";"Céu Claro";"Simples";"Reta";"Não";5;0;0;0;5;0;0;2;-19,29308199;-40,08591691;"SPRF-ES";"DEL04-ES";"UOP01-DEL04-ES"
280432;2020-04-18;"sábado";"19:15:00";"SC";282;16;"PALHOCA";"Falta de Atenção à Condução";"Colisão lateral";"Com Vítimas Feridas";"Plena Noite";"Decrescente";"Céu Claro";"Simples";"Reta";"Não";2;0;1;0;1;0;1;2;-27,658611;-48,681847;"SPRF-SC";"DEL01-SC";"UOP02-DEL01-SC"
280434;2020-04-18;"sábado";"20:10:00";"SC";101;201;"SAO JOSE";"Desobediência às normas de trânsito pelo condutor";"Saída de leito carroçável";"Sem Vítimas";"Plena Noite";"Crescente";"Céu Claro";"Múltipla";"Reta";"Sim";1;0;0;0;0;1;0;1;-27,54836599;-48,61977975;"SPRF-SC";"DEL01-SC";"UOP01-DEL01-SC"
280436;2020-04-18;"sábado";"18:33:00";"SC";282;209;"LAGES";"Falta de Atenção à Condução";"Colisão transversal";"Com Vítimas Feridas";"Plena Noite";"Decrescente";"Céu Claro";"Simples";"Declive";"Não";2;0;1;0;1;0;1;2;-27,776926;-50,221893;"SPRF-SC";"DEL05-SC";"UOP01-DEL05-SC"
280438;2020-04-18;"sábado";"14:14:00";"RS";287;455;"SAO BORJA";"Falta de Atenção do Pedestre";"Atropelamento de Pedestre";"Com Vítimas Feridas";"Pleno dia";"Crescente";"Céu Claro";"Simples";"Reta";"Não";2;0;0;1;1;0;1;2;-28,99062013;-55,32406903;"SPRF-RS";"DEL12-RS";"UOP01-DEL12-RS"
280439;2020-04-18;"sábado";"20:15:00";"CE";222;310;"TIANGUA";"Ingestão de Álcool";"Colisão frontal";"Com Vítimas Fatais";"Plena Noite";"Crescente";"Nublado";"Simples";"Reta";"Sim";3;1;2;0;0;0;2;2;-3,71478617;-40,98833799;"SPRF-CE";"DEL04-CE";"UOP02-DEL04-CE"
280441;2020-04-18;"sábado";"19:10:00";"MG";262;784,9;"UBERABA";"Falta de Atenção à Condução";"Capotamento";"Com Vítimas Fatais";"Plena Noite";"Crescente";"Garoa/Chuvisco";"Simples";"Aclive";"Não";6;1;4;1;0;0;5;1;-19,762482;-47,802895;"SPRF-MG";"DEL13-MG";"UOP01-DEL13-MG"
280442;2020-04-18;"sábado";"20:50:00";"SC";470;6,7;"NAVEGANTES";"Falta de Atenção à Condução";"Saída de leito carroçável";"Com Vítimas Feridas";"Plena Noite";"Crescente";"Céu Claro";"Simples";"Desvio Temporário";"Sim";1;0;0;1;0;0;1;1;-26,852238;-48,709545;"SPRF-SC";"DEL04-SC";"UOP04-DEL04-SC"
280443;2020-04-18;"sábado";"20:00:00";"RS";386;270,6;"FONTOURA XAVIER";"Falta de Atenção do Pedestre";"Atropelamento de Pedestre";"Com Vítimas Fatais";"Plena Noite";"Crescente";"Céu Claro";"Simples";"Reta";"Sim";2;1;0;0;1;0;0;2;-28,972395;-52,369072;"SPRF-RS";"DEL04-RS";"UOP03-DEL04-RS"
280444;2020-04-18;"sábado";"21:00:00";"PB";230;153;"CAMPINA GRANDE";"Restrição de Visibilidade";"Saída de leito carroçável";"Com Vítimas Feridas";"Plena Noite";"Crescente";"Nublado";"Simples";"Reta";"Não";1;0;1;0;0;0;1;1;-7,2763;-35,8887;"SPRF-PB";"DEL02-PB";"UOP01-DEL02-PB"
280445;2020-04-18;"sábado";"21:16:00";"MG";262;382;"MATEUS LEME";"Ingestão de Álcool";"Tombamento";"Com Vítimas Feridas";"Plena Noite";"Crescente";"Céu Claro";"Dupla";"Reta";"Não";1;0;0;1;0;0;1;1;-19,933956;-44,393574;"SPRF-MG";"DEL01-MG";"UOP03-DEL01-MG"
280446;2020-04-18;"sábado";"21:20:00";"BA";324;6,8;"FEIRA DE SANTANA";"Ingestão de Álcool";"Saída de leito carroçável";"Com Vítimas Feridas";"Plena Noite";"Crescente";"Céu Claro";"Dupla";"Reta";"Sim";1;0;0;1;0;0;1;1;-12,27819585;-38,98227129;"SPRF-BA";"DEL02-BA";"UOP01-DEL02-BA"
280447;2020-04-18;"sábado";"19:40:00";"MG";262;437,9;"NOVA SERRANA";"Falta de Atenção à Condução";"Saída de leito carroçável";"Com Vítimas Feridas";"Plena Noite";"Crescente";"Céu Claro";"Dupla";"Aclive;Curva";"Não";1;0;1;0;0;0;1;1;-19,89622194;-44,86972815;"SPRF-MG";"DEL08-MG";"UOP03-DEL08-MG"
280448;2020-04-18;"sábado";"20:40:00";"RS";285;268,5;"MATO CASTELHANO";"Ingestão de Álcool";"Saída de leito carroçável";"Com Vítimas Feridas";"Plena Noite";"Decrescente";"Céu Claro";"Simples";"Reta";"Não";1;0;1;0;0;0;1;1;-28,297113;-52,153446;"SPRF-RS";"DEL08-RS";"UOP03-DEL08-RS"
280449;2020-04-18;"sábado";"19:35:00";"PR";116;4;"CAMPINA GRANDE DO SUL";"Falta de Atenção à Condução";"Colisão lateral";"Sem Vítimas";"Plena Noite";"Crescente";"Nublado";"Dupla";"Reta";"Sim";2;0;0;0;2;0;0;2;-25,3629;-49,0822;"SPRF-PR";"DEL01-PR";"UOP01-DEL01-PR"
280450;2020-04-18;"sábado";"19:00:00";"RS";285;146;"MUITOS CAPOES";"Falta de Atenção à Condução";"Saída de leito carroçável";"Com Vítimas Feridas";"Plena Noite";"Decrescente";"Céu Claro";"Simples";"Curva";"Não";1;0;1;0;0;0;1;1;-28,357988;-51,106682;"SPRF-RS";"DEL05-RS";"UOP03-DEL05-RS"
280451;2020-04-18;"sábado";"21:15:00";"PB";230;12;"CABEDELO";"Ingestão de Álcool";"Tombamento";"Sem Vítimas";"Plena Noite";"Decrescente";"Céu Claro";"Dupla";"Reta";"Sim";1;0;0;0;1;0;0;1;-7,068;-34,85;"SPRF-PB";"DEL01-PB";"UOP01-DEL01-PB"
280454;2020-04-18;"sábado";"21:20:00";"RJ";493;3;"ITABORAI";"Sinalização da via insuficiente ou inadequada";"Colisão transversal";"Com Vítimas Feridas";"Plena Noite";"Crescente";"Nublado";"Simples";"Reta;Em Obras";"Sim";5;0;1;0;4;0;1;2;-22,7525329;-42,94160092;"SPRF-RJ";"DEL02-RJ";"UOP01-DEL02-RJ"
280455;2020-04-18;"sábado";"15:20:00";"SC";282;565,8;"NOVA ERECHIM";"Desobediência às normas de trânsito pelo condutor";"Saída de leito carroçável";"Sem Vítimas";"Pleno dia";"Decrescente";"Céu Claro";"Simples";"Reta";"Não";1;0;0;0;1;0;0;1;-26,900272;-52,888309;"SPRF-SC";"DEL07-SC";"UOP02-DEL07-SC"
280456;2020-04-18;"sábado";"20:30:00";"PA";316;38;"SANTA IZABEL DO PARA";"Defeito na Via";"Colisão com objeto estático";"Com Vítimas Feridas";"Plena Noite";"Decrescente";"Nublado";"Dupla";"Reta";"Não";2;0;1;1;0;0;2;1;-1,28327779;-48,13995604;"SPRF-PA";"DEL01-PA";"UOP01-DEL01-PA"
280459;2020-04-18;"sábado";"21:20:00";"MG";365;8,9;"MONTES CLAROS";"Falta de Atenção à Condução";"Colisão traseira";"Com Vítimas Feridas";"Plena Noite";"Decrescente";"Céu Claro";"Simples";"Aclive";"Não";2;0;1;0;0;1;1;2;-16,83452;-43,943562;"SPRF-MG";"DEL12-MG";"UOP01-DEL12-MG"
280460;2020-04-18;"sábado";"21:40:00";"SP";116;399;"MIRACATU";"Defeito na Via";"Tombamento";"Com Vítimas Feridas";"Plena Noite";"Decrescente";"Nublado";"Dupla";"Reta";"Não";1;0;1;0;0;0;1;1;-24,30595991;-47,49203905;"SPRF-SP";"DEL04-SP";"UOP02-DEL04-SP"
280461;2020-04-18;"sábado";"22:10:00";"SC";282;18;"PALHOCA";"Desobediência às normas de trânsito pelo condutor";"Colisão transversal";"Com Vítimas Feridas";"Plena Noite";"Crescente";"Céu Claro";"Simples";"Reta";"Sim";2;0;1;1;0;0;2;2;-27,672798;-48,694286;"SPRF-SC";"DEL01-SC";"UOP02-DEL01-SC"
280462;2020-04-18;"sábado";"22:10:00";"MG";381;494,5;"BETIM";"Velocidade Incompatível";"Capotamento";"Sem Vítimas";"Plena Noite";"Decrescente";"Céu Claro";"Dupla";"Reta;Declive";"Sim";1;0;0;0;1;0;0;1;-19,985563;-44,20318;"SPRF-MG";"DEL01-MG";"UOP03-DEL01-MG"
280463;2020-04-18;"sábado";"20:00:00";"MG";262;40,4;"MANHUACU";"Ingestão de Álcool";"Colisão traseira";"Com Vítimas Feridas";"Plena Noite";"Decrescente";"Nublado";"Simples";"Reta";"Sim";2;0;1;0;1;0;1;2;-20,27334219;-42,04913988;"SPRF-MG";"DEL06-MG";"UOP03-DEL06-MG"
280465;2020-04-18;"sábado";"21:40:00";"SP";116;227;"SAO PAULO";"Falta de Atenção à Condução";"Colisão com objeto estático";"Sem Vítimas";"Plena Noite";"Decrescente";"Céu Claro";"Múltipla";"Reta";"Sim";1;0;0;0;0;1;0;1;-23,49659264;-46,55648754;"SPRF-SP";"DEL01-SP";"UOP01-DEL01-SP"
280466;2020-04-18;"sábado";"22:50:00";"SC";101;165;"TIJUCAS";"Falta de Atenção à Condução";"Capotamento";"Com Vítimas Feridas";"Plena Noite";"Decrescente";"Céu Claro";"Dupla";"Reta";"Não";2;0;2;0;0;0;2;1;-27,252663;-48,63154894;"SPRF-SC";"DEL04-SC";"UOP03-DEL04-SC"
280467;2020-04-18;"sábado";"22:45:00";"PR";116;12;"COLOMBO";"Velocidade Incompatível";"Colisão com objeto estático";"Com Vítimas Feridas";"Plena Noite";"Crescente";"Céu Claro";"Dupla";"Reta";"Sim";1;0;0;1;0;0;1;1;-25,3755;-49,1496;"SPRF-PR";"DEL01-PR";"UOP01-DEL01-PR"
280468;2020-04-18;"sábado";"22:50:00";"SP";153;332;"SALTO GRANDE";"Ingestão de Álcool";"Saída de leito carroçável";"Com Vítimas Feridas";"Plena Noite";"Decrescente";"Céu Claro";"Simples";"Reta";"Não";1;0;1;0;0;0;1;1;-22,871975;-49,88959214;"SPRF-SP";"DEL07-SP";"UOP03-DEL07-SP"
280469;2020-04-18;"sábado";"19:00:00";"MG";365;724;"MONTE ALEGRE DE MINAS";"Pista Escorregadia";"Saída de leito carroçável";"Sem Vítimas";"Plena Noite";"Crescente";"Chuva";"Simples";"Reta";"Não";3;0;0;0;2;1;0;3;-18,88848285;-49,22417904;"SPRF-MG";"DEL15-MG";"UOP03-DEL15-MG"
280470;2020-04-18;"sábado";"22:55:00";"SE";235;51;"ITABAIANA";"Ingestão de Álcool";"Colisão com objeto estático";"Com Vítimas Feridas";"Plena Noite";"Decrescente";"Chuva";"Dupla";"Interseção de Vias";"Sim";1;0;1;0;0;0;1;1;-10,700226;-37,431423;"SPRF-SE";"DEL01-SE";"UOP02-DEL01-SE"
280471;2020-04-18;"sábado";"22:50:00";"RS";116;262;"CANOAS";"Falta de Atenção à Condução";"Saída de leito carroçável";"Sem Vítimas";"Plena Noite";"Decrescente";"Céu Claro";"Dupla";"Reta";"Sim";1;0;0;0;1;0;0;1;-29,896475;-51,17593;"SPRF-RS";"DEL01-RS";"UOP01-DEL01-RS"
280472;2020-04-18;"sábado";"22:40:00";"RJ";356;119,3;"CAMPOS DOS GOYTACAZES";"Velocidade Incompatível";"Saída de leito carroçável";"Com Vítimas Fatais";"Plena Noite";"Decrescente";"Nublado";"Simples";"Reta";"Não";5;5;0;0;0;0;0;1;-21,62702593;-41,41001086;"SPRF-RJ";"DEL08-RJ";"UOP01-DEL08-RJ"
280473;2020-03-22;"domingo";"23:00:00";"PA";316;28;"BENEVIDES";"Desobediência às normas de trânsito pelo condutor";"Colisão com objeto estático";"Com Vítimas Fatais";"Plena Noite";"Crescente";"Céu Claro";"Dupla";"Curva";"Não";1;1;0;0;0;0;0;1;-1,30905043;-48,21954088;"SPRF-PA";"DEL01-PA";"UOP01-DEL01-PA"
280474;2020-04-18;"sábado";"19:20:00";"MG";153;25;"CENTRALINA";"Pista Escorregadia";"Saída de leito carroçável";"Sem Vítimas";"Plena Noite";"Decrescente";"Chuva";"Dupla";"Reta";"Não";1;0;0;0;1;0;0;1;-18,63927389;-49,17907481;"SPRF-MG";"DEL15-MG";"UOP03-DEL15-MG"
280475;2020-04-18;"sábado";"22:15:00";"RJ";116;76;"TERESOPOLIS";"Falta de Atenção à Condução";"Tombamento";"Com Vítimas Feridas";"Plena Noite";"Decrescente";"Nublado";"Simples";"Curva";"Sim";1;0;0;1;0;0;1;1;-22,36124312;-42,94876288;"SPRF-RJ";"DEL04-RJ";"UOP01-DEL04-RJ"
280476;2020-04-18;"sábado";"23:00:00";"PR";376;186,6;"MARIALVA";"Ingestão de Álcool";"Colisão traseira";"Com Vítimas Feridas";"Plena Noite";"Decrescente";"Céu Claro";"Dupla";"Declive";"Não";4;0;1;0;3;0;1;2;-23,45643624;-51,84510713;"SPRF-PR";"DEL09-PR";"UOP01-DEL09-PR"
280478;2020-04-18;"sábado";"23:30:00";"MG";262;523,2;"LUZ";"Falta de Atenção à Condução";"Saída de leito carroçável";"Com Vítimas Feridas";"Plena Noite";"Crescente";"Céu Claro";"Simples";"Rotatória";"Sim";2;0;2;0;0;0;2;1;-19,78323056;-45,65745094;"SPRF-MG";"DEL08-MG";"UOP03-DEL08-MG"
280479;2020-04-18;"sábado";"22:00:00";"GO";50;288,2;"CATALAO";"Animais na Pista";"Atropelamento de Animal";"Com Vítimas Feridas";"Plena Noite";"Crescente";"Nublado";"Dupla";"Reta";"Não";1;0;1;0;0;0;1;1;-18,2333;-47,9829;"SPRF-GO";"DEL06-GO";"UOP01-DEL06-GO"
280480;2020-04-18;"sábado";"22:10:00";"SC";282;503,5;"XANXERE";"Ingestão de Álcool";"Tombamento";"Com Vítimas Feridas";"Plena Noite";"Decrescente";"Céu Claro";"Dupla";"Interseção de Vias;Curva";"Sim";1;0;1;0;0;0;1;1;-26,88374693;-52,40259832;"SPRF-SC";"DEL07-SC";"UOP01-DEL07-SC"
280481;2020-04-18;"sábado";"22:00:00";"BA";418;110;"NOVA VICOSA";"Ingestão de Álcool";"Saída de leito carroçável";"Com Vítimas Feridas";"Plena Noite";"Crescente";"Nublado";"Simples";"Reta";"Não";1;0;1;0;0;0;1;1;-17,90698829;-39,9418369;"SPRF-BA";"DEL09-BA";"UOP02-DEL09-BA"
280482;2020-04-18;"sábado";"22:10:00";"RO";364;197;"PIMENTA BUENO";"Ingestão de Álcool";"Queda de ocupante de veículo";"Com Vítimas Feridas";"Plena Noite";"Crescente";"Ignorado";"Simples";"Reta";"Sim";1;0;1;0;0;0;1;1;-11,67880278;-61,1878925;"SPRF-RO";"DEL02-RO";"UOP02-DEL02-RO"
280483;2020-04-18;"sábado";"11:20:00";"SC";101;145;"ITAPEMA";"Desobediência às normas de trânsito pelo condutor";"Queda de ocupante de veículo";"Com Vítimas Feridas";"Pleno dia";"Crescente";"Sol";"Simples";"Interseção de Vias";"Sim";1;0;1;0;0;0;1;1;-27,08139206;-48,60130993;"SPRF-SC";"DEL04-SC";"UOP03-DEL04-SC"
280484;2020-04-19;"domingo";"00:40:00";"CE";222;1,8;"CAUCAIA";"Falta de Atenção à Condução";"Colisão com objeto estático";"Sem Vítimas";"Plena Noite";"Decrescente";"Céu Claro";"Dupla";"Reta";"Não";1;0;0;0;0;1;0;1;-3,736507;-38,65337;"SPRF-CE";"DEL01-CE";"UOP01-DEL01-CE"
280485;2020-04-19;"domingo";"00:05:00";"MS";163;265;"DOURADOS";"Velocidade Incompatível";"Saída de leito carroçável";"Com Vítimas Feridas";"Plena Noite";"Crescente";"Céu Claro";"Dupla";"Rotatória";"Não";1;0;0;1;0;0;1;1;-22,22327437;-54,73144621;"SPRF-MS";"DEL04-MS";"UOP01-DEL04-MS"
280486;2020-04-19;"domingo";"00:20:00";"PR";277;72;"SAO JOSE DOS PINHAIS";"Falta de Atenção à Condução";"Colisão com objeto estático";"Sem Vítimas";"Plena Noite";"Crescente";"Céu Claro";"Dupla";"Em Obras";"Não";1;0;0;0;1;0;0;1;-25,52522628;-49,09755612;"SPRF-PR";"DEL01-PR";"UOP01-DEL01-PR"
280487;2020-04-19;"domingo";"01:30:00";"RS";116;232;"ESTANCIA VELHA";"Ingestão de Álcool";"Saída de leito carroçável";"Sem Vítimas";"Plena Noite";"Decrescente";"Céu Claro";"Simples";"Reta";"Sim";1;0;0;0;1;0;0;1;-29,63300002;-51,14325106;"SPRF-RS";"DEL01-RS";"UOP02-DEL01-RS"
280488;2020-04-19;"domingo";"01:10:00";"PR";277;586;"CASCAVEL";"Velocidade Incompatível";"Colisão frontal";"Com Vítimas Feridas";"Plena Noite";"Crescente";"Céu Claro";"Simples";"Reta";"Sim";10;0;1;0;8;1;1;3;-24,9649472;-53,4210459;"SPRF-PR";"DEL04-PR";"UOP01-DEL04-PR"
280489;2020-04-19;"domingo";"02:25:00";"MG";381;496,5;"BETIM";"Velocidade Incompatível";"Colisão com objeto estático";"Com Vítimas Feridas";"Plena Noite";"Crescente";"Céu Claro";"Múltipla";"Declive;Curva";"Sim";2;0;2;0;0;0;2;1;-19,97641414;-44,19902802;"SPRF-MG";"DEL01-MG";"UOP03-DEL01-MG"
280490;2020-04-19;"domingo";"00:25:00";"MS";60;509;"MARACAJU";"Falta de Atenção à Condução";"Saída de leito carroçável";"Com Vítimas Feridas";"Pleno dia";"Crescente";"Céu Claro";"Simples";"Curva";"Não";2;0;1;0;1;0;1;1;-21,2129241;-55,56326004;"SPRF-MS";"DEL05-MS";"UOP01-DEL05-MS"
280491;2020-04-19;"domingo";"00:10:00";"SP";116;393;"MIRACATU";"Ingestão de Álcool";"Capotamento";"Com Vítimas Feridas";"Plena Noite";"Decrescente";"Nublado";"Dupla";"Reta";"Não";2;0;1;0;1;0;1;1;-24,28558932;-47,44194093;"SPRF-SP";"DEL04-SP";"UOP02-DEL04-SP"
280492;2020-04-19;"domingo";"02:30:00";"SP";381;70;"MAIRIPORA";"Falta de Atenção à Condução";"Capotamento";"Com Vítimas Feridas";"Plena Noite";"Decrescente";"Céu Claro";"Dupla";"Curva";"Não";1;0;0;1;0;0;1;1;-23,34972978;-46,56070474;"SPRF-SP";"DEL03-SP";"UOP01-DEL03-SP"
280494;2020-04-19;"domingo";"03:00:00";"RJ";116;132;"MAGE";"Velocidade Incompatível";"Colisão com objeto estático";"Com Vítimas Fatais";"Plena Noite";"Decrescente";"Nublado";"Simples";"Viaduto";"Não";1;1;0;0;0;0;0;1;-22,64851195;-43,17987442;"SPRF-RJ";"DEL04-RJ";"UOP02-DEL04-RJ"
280495;2020-04-19;"domingo";"00:30:00";"MA";10;269;"IMPERATRIZ";"Falta de Atenção à Condução";"Saída de leito carroçável";"Com Vítimas Feridas";"Plena Noite";"Crescente";"Nublado";"Simples";"Reta";"Não";2;0;1;1;0;0;2;1;-5,382404;-47,476055;"SPRF-MA";"DEL04-MA";"UOP01-DEL04-MA"
280497;2020-04-19;"domingo";"07:30:00";"SC";470;120,9;"IBIRAMA";"Defeito Mecânico no Veículo";"Incêndio";"Sem Vítimas";"Pleno dia";"Crescente";"Nublado";"Simples";"Aclive;Reta";"Não";1;0;0;0;1;0;0;1;-27,089924;-49,520416;"SPRF-SC";"DEL04-SC";"UOP02-DEL04-SC"
280498;2020-04-02;"quinta-feira";"22:20:00";"AM";174;892;"MANAUS";"Falta de Atenção do Pedestre";"Atropelamento de Pedestre";"Com Vítimas Feridas";"Plena Noite";"Crescente";"Ignorado";"Simples";"Reta";"Não";3;0;0;1;0;2;1;2;-2,90664118;-60,03718448;"SPRF-AM";"DEL01-AM";"UOP01-DEL01-AM"
280499;2020-04-11;"sábado";"11:00:00";"MA";316;432;"PERITORO";"Animais na Pista";"Atropelamento de Animal";"Com Vítimas Feridas";"Pleno dia";"Decrescente";"Céu Claro";"Simples";"Reta";"Não";1;0;1;0;0;0;1;1;-4,399217;-44,273983;"SPRF-MA";"DEL03-MA";"UOP01-DEL03-MA"
280500;2020-04-19;"domingo";"10:32:00";"MT";364;253,5;"JUSCIMEIRA";"Falta de Atenção à Condução";"Saída de leito carroçável";"Com Vítimas Feridas";"Pleno dia";"Crescente";"Sol";"Dupla";"Curva";"Não";1;0;1;0;0;0;1;1;-16,09747205;-54,86610212;"SPRF-MT";"DEL02-MT";"UOP01-DEL02-MT"
280501;2020-04-19;"domingo";"08:30:00";"RS";116;143;"CAXIAS DO SUL";"Ingestão de Álcool";"Tombamento";"Com Vítimas Feridas";"Pleno dia";"Decrescente";"Sol";"Dupla";"Curva";"Sim";1;0;1;0;0;0;1;1;-29,1201739;-51,12260651;"SPRF-RS";"DEL05-RS";"UOP01-DEL05-RS"
280502;2020-04-19;"domingo";"12:15:00";"GO";50;208,6;"CAMPO ALEGRE DE GOIAS";"Falta de Atenção à Condução";"Saída de leito carroçável";"Com Vítimas Fatais";"Pleno dia";"Crescente";"Nublado";"Dupla";"Viaduto";"Não";3;1;0;2;0;0;2;1;-17,64516713;-47,75928497;"SPRF-GO";"DEL06-GO";"UOP01-DEL06-GO"
280503;2020-04-19;"domingo";"08:50:00";"SP";116;102,8;"PINDAMONHANGABA";"Falta de Atenção à Condução";"Capotamento";"Com Vítimas Feridas";"Pleno dia";"Decrescente";"Sol";"Dupla";"Declive";"Sim";3;0;1;2;0;0;3;1;-22,99497994;-45,48951403;"SPRF-SP";"DEL06-SP";"UOP01-DEL06-SP"
280504;2020-04-19;"domingo";"11:10:00";"MG";381;854,8;"POUSO ALEGRE";"Velocidade Incompatível";"Colisão traseira";"Com Vítimas Feridas";"Pleno dia";"Crescente";"Céu Claro";"Dupla";"Reta";"Não";2;0;1;1;0;0;2;2;-22,32218405;-45,90735795;"SPRF-MG";"DEL16-MG";"UOP01-DEL16-MG"
280506;2020-04-19;"domingo";"12:50:00";"SP";116;489;"CAJATI";"Falta de Atenção à Condução";"Saída de leito carroçável";"Com Vítimas Feridas";"Pleno dia";"Crescente";"Céu Claro";"Dupla";"Curva";"Sim";2;0;2;0;0;0;2;1;-24,73034183;-48,10760707;"SPRF-SP";"DEL05-SP";"UOP02-DEL05-SP"
280507;2020-04-19;"domingo";"04:20:00";"GO";153;513;"APARECIDA DE GOIANIA";"Condutor Dormindo";"Colisão com objeto estático";"Com Vítimas Feridas";"Plena Noite";"Decrescente";"Chuva";"Simples";"Reta";"Sim";1;0;0;1;0;0;1;1;-16,8244;-49,2421;"SPRF-GO";"DEL01-GO";"UOP03-DEL01-GO"
280508;2020-01-10;"sexta-feira";"05:40:00";"RJ";40;122;"DUQUE DE CAXIAS";"Defeito Mecânico no Veículo";"Colisão lateral";"Com Vítimas Feridas";"Pleno dia";"Crescente";"Céu Claro";"Dupla";"Reta";"Não";2;0;1;0;1;0;1;2;-22,70968943;-43,24596405;"SPRF-RJ";"DEL01-RJ";"UOP01-DEL01-RJ"
280510;2020-04-19;"domingo";"13:10:00";"PR";116;97;"SAO JOSE DOS PINHAIS";"Avarias e/ou desgaste excessivo no pneu";"Queda de ocupante de veículo";"Com Vítimas Feridas";"Pleno dia";"Decrescente";"Céu Claro";"Dupla";"Reta";"Não";1;0;1;0;0;0;1;1;-25,52958539;-49,14236069;"SPRF-PR";"DEL01-PR";"UOP01-DEL01-PR"
280511;2020-04-19;"domingo";"11:10:00";"GO";40;48;"LUZIANIA";"Velocidade Incompatível";"Saída de leito carroçável";"Com Vítimas Feridas";"Pleno dia";"Decrescente";"Céu Claro";"Dupla";"Curva";"Não";2;0;2;0;0;0;2;1;-16,427776;-47,821183;"SPRF-DF";"DEL01-DF";"UOP02-DEL01-DF"
280513;2020-04-19;"domingo";"12:17:00";"PB";230;7,8;"CABEDELO";"Velocidade Incompatível";"Saída de leito carroçável";"Com Vítimas Feridas";"Pleno dia";"Crescente";"Sol";"Dupla";"Reta";"Sim";2;0;2;0;0;0;2;1;-7,026;-34,8385;"SPRF-PB";"DEL01-PB";"UOP01-DEL01-PB"
280514;2020-04-19;"domingo";"07:05:00";"PR";116;98;"SAO JOSE DOS PINHAIS";"Falta de Atenção à Condução";"Colisão lateral";"Sem Vítimas";"Pleno dia";"Crescente";"Garoa/Chuvisco";"Dupla";"Reta";"Não";2;0;0;0;2;0;0;2;-25,53469701;-49,14699554;"SPRF-PR";"DEL01-PR";"UOP01-DEL01-PR"
280515;2020-04-19;"domingo";"11:00:00";"MS";262;660;"CORUMBA";"Sinalização da via insuficiente ou inadequada";"Colisão com objeto estático";"Com Vítimas Feridas";"Pleno dia";"Crescente";"Céu Claro";"Simples";"Rotatória";"Não";2;0;2;0;0;0;2;1;-19,64993334;-57,02639222;"SPRF-MS";"DEL03-MS";"UOP03-DEL03-MS"
280516;2020-04-19;"domingo";"09:30:00";"AL";423;71,7;"AGUA BRANCA";"Desobediência às normas de trânsito pelo condutor";"Colisão transversal";"Com Vítimas Fatais";"Pleno dia";"Crescente";"Céu Claro";"Simples";"Reta";"Não";3;1;2;0;0;0;2;2;-9,30958;-37,913436;"SPRF-AL";"DEL03-AL";"UOP02-DEL03-AL"
280520;2020-04-19;"domingo";"13:25:00";"BA";116;422;"FEIRA DE SANTANA";"Mal Súbito";"Queda de ocupante de veículo";"Com Vítimas Feridas";"Pleno dia";"Decrescente";"Céu Claro";"Simples";"Reta";"Não";1;0;0;1;0;0;1;1;-12,22064702;-38,96561131;"SPRF-BA";"DEL02-BA";"UOP01-DEL02-BA"
280522;2020-04-19;"domingo";"13:10:00";"PR";376;616;"SAO JOSE DOS PINHAIS";"Desobediência às normas de trânsito pelo condutor";"Colisão com objeto estático";"Com Vítimas Feridas";"Pleno dia";"Crescente";"Sol";"Dupla";"Viaduto;Reta";"Não";2;0;1;1;0;0;2;1;-25,57583659;-49,17953679;"SPRF-PR";"DEL01-PR";"UOP01-DEL01-PR"
280523;2020-04-19;"domingo";"13:35:00";"BA";101;719;"EUNAPOLIS";"Pista Escorregadia";"Tombamento";"Com Vítimas Feridas";"Pleno dia";"Decrescente";"Chuva";"Simples";"Reta;Aclive";"Sim";1;0;1;0;0;0;1;1;-16,46698807;-39,5747981;"SPRF-BA";"DEL09-BA";"UOP01-DEL09-BA"
280524;2020-04-19;"domingo";"13:30:00";"CE";222;32,6;"CAUCAIA";"Defeito Mecânico no Veículo";"Queda de ocupante de veículo";"Com Vítimas Feridas";"Pleno dia";"Crescente";"Sol";"Simples";"Reta";"Não";2;0;2;0;0;0;2;1;-3,70784148;-38,83774211;"SPRF-CE";"DEL01-CE";"UOP01-DEL01-CE"
280525;2020-04-19;"domingo";"09:50:00";"CE";116;13,2;"FORTALEZA";"Avarias e/ou desgaste excessivo no pneu";"Queda de ocupante de veículo";"Com Vítimas Feridas";"Pleno dia";"Crescente";"Céu Claro";"Dupla";"Reta";"Sim";2;0;2;0;0;0;2;1;-3,86088501;-38,49715296;"SPRF-CE";"DEL01-CE";"UOP02-DEL01-CE"
280526;2020-04-19;"domingo";"10:00:00";"ES";262;123,2;"CONCEICAO DO CASTELO";"Defeito na Via";"Colisão com objeto estático";"Com Vítimas Feridas";"Pleno dia";"Decrescente";"Céu Claro";"Simples";"Curva";"Não";1;0;0;1;0;0;1;1;-20,29109173;-41,24883782;"SPRF-ES";"DEL01-ES";"UOP02-DEL01-ES"
280527;2020-04-19;"domingo";"13:20:00";"PB";230;9,9;"CABEDELO";"Falta de Atenção à Condução";"Saída de leito carroçável";"Com Vítimas Feridas";"Pleno dia";"Decrescente";"Sol";"Dupla";"Curva";"Sim";2;0;2;0;0;0;2;1;-7,0433;-34,8466;"SPRF-PB";"DEL01-PB";"UOP01-DEL01-PB"