"id";"data_inversa";"dia_semana";"horario";"uf";"br";"km";"municipio";"causa_acidente";"tipo_acidente";"classificacao_acidente";"fase_dia";"sentido_via";"condicao_metereologica";"tipo_pista";"tracado_via";"uso_solo";"pessoas";"mortos";"feridos_leves";"feridos_graves";"ilesos";"ignorados";"feridos";"veiculos";"latitude";"longitude";"regional";"delegacia";"uop"
280881;2020-04-21;"terça-feira";"22:00:00";"AC";364;55;"SENADOR GUIOMARD";"Defeito na Via";"Tombamento";"Com Vítimas Feridas";"Plena Noite";"Decrescente";"Nublado";"Simples";"Reta";"Não";8;0;5;1;2;0;6;1;-10,012054;-67,218758;"SPRF-AC";"DEL01-AC";"UOP01-DEL01-AC"
280883;2020-04-22;"quarta-feira";"00:45:00";"SC";101;414,6;"ARARANGUA";"Falta de Atenção à Condução";"Tombamento";"Com Vítimas Feridas";"Plena Noite";"Decrescente";"Céu Claro";"Simples";"Rotatória";"Sim";1;0;0;1;0;0;1;1;-28,95823175;-49,51448701;"SPRF-SC";"DEL02-SC";"UOP02-DEL02-SC"
280885;2020-04-22;"quarta-feira";"03:45:00";"BA";116;420;"FEIRA DE SANTANA";"Defeito Mecânico no Veículo";"Colisão com objeto estático";"Com Vítimas Feridas";"Plena Noite";"Decrescente";"Céu Claro";"Dupla";"Reta";"Sim";1;0;0;1;0;0;1;1;-12,22266448;-38,96511247;"SPRF-BA";"DEL02-BA";"UOP01-DEL02-BA"
280888;2020-04-21;"terça-feira";"18:30:00";"BA";367;46;"PORTO SEGURO";"Não guardar distância de segurança";"Colisão traseira";"Com Vítimas Feridas";"Plena Noite";"Decrescente";"Céu Claro";"Simples";"Reta";"Não";2;0;2;0;0;0;2;1;-16,37354125;-39,25786626;"SPRF-BA";"DEL09-BA";"UOP01-DEL09-BA"
280889;2020-04-22;"quarta-feira";"05:10:00";"SC";470;82,4;"RODEIO";"Falta de Atenção à Condução";"Colisão com objeto estático";"Com Vítimas Feridas";"Amanhecer";"Crescente";"Nublado";"Simples";"Reta";"Não";1;0;1;0;0;0;1;1;-26,958838;-49,324978;"SPRF-SC";"DEL04-SC";"UOP01-DEL04-SC"
280890;2020-04-22;"quarta-feira";"01:55:00";"SC";470;60;"BLUMENAU";"Agressão Externa";"Capotamento";"Com Vítimas Feridas";"Plena Noite";"Decrescente";"Céu Claro";"Simples";"Reta";"Não";1;0;1;0;0;0;1;1;-26,88138;-49,164543;"SPRF-SC";"DEL04-SC";"UOP01-DEL04-SC"
280891;2020-04-22;"quarta-feira";"00:20:00";"MT";163;613;"NOVA MUTUM";"Ingestão de Álcool";"Saída de leito carroçável";"Sem Vítimas";"Plena Noite";"Decrescente";"Céu Claro";"Simples";"Reta";"Não";1;0;0;0;1;0;0;1;-13,79479843;-56,06675191;"SPRF-MT";"DEL01-MT";"UOP01-DEL01-MT"
280893;2020-04-22;"quarta-feira";"03:40:00";"PR";153;328,8;"IRATI";"Desobediência às normas de trânsito pelo condutor";"Colisão traseira";"Sem Vítimas";"Plena Noite";"Crescente";"Céu Claro";"Simples";"Reta";"Sim";3;0;0;0;2;1;0;2;-25,44618469;-50,61574504;"SPRF-PR";"DEL03-PR";"UOP03-DEL03-PR"
280897;2020-04-22;"quarta-feira";"07:00:00";"MG";116;412,1;"GOVERNADOR VALADARES";"Desobediência às normas de trânsito pelo condutor";"Colisão transversal";"Com Vítimas Feridas";"Amanhecer";"Crescente";"Céu Claro";"Dupla";"Reta";"Sim";2;0;0;1;1;0;1;2;-18,86882342;-41,97144241;"SPRF-MG";"DEL06-MG";"UOP01-DEL06-MG"
280900;2020-04-22;"quarta-feira";"07:45:00";"GO";40;0;"VALPARAISO DE GOIAS";"Falta de Atenção à Condução";"Colisão traseira";"Com Vítimas Feridas";"Pleno dia";"Decrescente";"Céu Claro";"Dupla";"Reta";"Sim";2;0;1;0;1;0;1;2;-16,058273;-47,982655;"SPRF-DF";"DEL01-DF";"UOP01-DEL01-DF"
280903;2020-04-22;"quarta-feira";"07:20:00";"MG";381;483,9;"BETIM";"Falta de Atenção à Condução";"Colisão traseira";"Com Vítimas Feridas";"Pleno dia";"Decrescente";"Sol";"Dupla";"Reta;Aclive";"Sim";2;0;1;0;1;0;1;2;-19,95594491;-44,10721699;"SPRF-MG";"DEL01-MG";"UOP03-DEL01-MG"
280904;2020-04-22;"quarta-feira";"07:45:00";"SC";280;55,5;"GUARAMIRIM";"Falta de Atenção à Condução";"Colisão traseira";"Com Vítimas Feridas";"Pleno dia";"Crescente";"Céu Claro";"Simples";"Reta";"Sim";2;0;0;1;1;0;1;2;-26,47584353;-48,9937858;"SPRF-SC";"DEL03-SC";"UOP03-DEL03-SC"
280905;2020-04-22;"quarta-feira";"06:50:00";"PR";376;230;"APUCARANA";"Falta de Atenção à Condução";"Capotamento";"Com Vítimas Feridas";"Pleno dia";"Crescente";"Céu Claro";"Dupla";"Reta";"Não";1;0;0;1;0;0;1;1;-23,56540325;-51,5434742;"SPRF-PR";"DEL07-PR";"UOP03-DEL07-PR"
280910;2020-04-22;"quarta-feira";"08:50:00";"DF";70;2,9;"BRASILIA";"Falta de Atenção à Condução";"Colisão traseira";"Com Vítimas Feridas";"Pleno dia";"Decrescente";"Céu Claro";"Dupla";"Retorno Regulamentado";"Sim";2;0;2;0;0;0;2;2;-15,798048;-48,073235;"SPRF-DF";"DEL03-DF";"UOP02-DEL03-DF"
280911;2020-04-22;"quarta-feira";"06:40:00";"RO";364;420,9;"JARU";"Desobediência às normas de trânsito pelo condutor";"Colisão lateral";"Com Vítimas Feridas";"Pleno dia";"Decrescente";"Sol";"Simples";"Reta";"Sim";2;0;0;1;1;0;1;2;-10,47470369;-62,44575957;"SPRF-RO";"DEL03-RO";"UOP02-DEL03-RO"
280913;2020-04-22;"quarta-feira";"09:00:00";"PE";101;74,1;"RECIFE";"Defeito Mecânico no Veículo";"Incêndio";"Sem Vítimas";"Pleno dia";"Decrescente";"Chuva";"Dupla";"Reta";"Não";1;0;0;0;1;0;0;1;-8,102321;-34,948472;"SPRF-PE";"DEL01-PE";"UOP01-DEL01-PE"
280914;2020-04-22;"quarta-feira";"06:30:00";"MT";70;421,5;"VARZEA GRANDE";"Falta de Atenção à Condução";"Colisão lateral";"Com Vítimas Feridas";"Amanhecer";"Decrescente";"Céu Claro";"Simples";"Reta";"Sim";1;0;1;0;0;0;1;1;-15,66812269;-56,18185043;"SPRF-MT";"DEL05-MT";"UOP02-DEL05-MT"
280915;2020-04-21;"terça-feira";"15:40:00";"RO";425;36;"PORTO VELHO";"Pista Escorregadia";"Saída de leito carroçável";"Com Vítimas Feridas";"Pleno dia";"Decrescente";"Chuva";"Simples";"Declive";"Não";1;0;1;0;0;0;1;1;-9,877601;-65,271378;"SPRF-RO";"DEL01-RO";"UOP03-DEL01-RO"
280916;2020-04-15;"quarta-feira";"14:15:00";"MS";163;103,9;"ITAQUIRAI";"Mal Súbito";"Saída de leito carroçável";"Com Vítimas Feridas";"Pleno dia";"Crescente";"Céu Claro";"Simples";"Reta";"Não";1;0;1;0;0;0;1;1;-23,25402074;-54,22770482;"SPRF-MS";"DEL09-MS";"UOP01-DEL09-MS"
280917;2020-04-22;"quarta-feira";"09:50:00";"PR";476;115,5;"COLOMBO";"Falta de Atenção à Condução";"Colisão traseira";"Sem Vítimas";"Pleno dia";"Crescente";"Sol";"Simples";"Reta";"Sim";2;0;0;0;1;1;0;2;-25,344196;-49,159679;"SPRF-PR";"DEL01-PR";"UOP07-DEL01-PR"
280918;2020-04-22;"quarta-feira";"11:15:00";"MG";365;427;"PATOS DE MINAS";"Falta de Atenção à Condução";"Colisão traseira";"Com Vítimas Feridas";"Pleno dia";"Decrescente";"Céu Claro";"Dupla";"Reta";"Não";2;0;0;1;1;0;1;2;-18,74966665;-46,6410042;"SPRF-MG";"DEL10-MG";"UOP01-DEL10-MG"
280921;2020-04-22;"quarta-feira";"12:00:00";"RS";116;240;"NOVO HAMBURGO";"Avarias e/ou desgaste excessivo no pneu";"Tombamento";"Com Vítimas Feridas";"Pleno dia";"Crescente";"Céu Claro";"Dupla";"Reta";"Não";1;0;1;0;0;0;1;1;-29,70175619;-51,14630593;"SPRF-RS";"DEL01-RS";"UOP02-DEL01-RS"
280922;2020-04-22;"quarta-feira";"12:10:00";"PR";369;173;"ROLANDIA";"Desobediência às normas de trânsito pelo condutor";"Colisão lateral";"Sem Vítimas";"Pleno dia";"Crescente";"Céu Claro";"Simples";"Reta";"Sim";3;0;0;0;3;0;0;3;-23,31098;-51,37069;"SPRF-PR";"DEL07-PR";"UOP01-DEL07-PR"
280924;2020-04-22;"quarta-feira";"11:20:00";"ES";482;8,6;"CACHOEIRO DE ITAPEMIRIM";"Velocidade Incompatível";"Colisão com objeto estático";"Com Vítimas Feridas";"Pleno dia";"Crescente";"Sol";"Dupla";"Reta";"Sim";2;0;1;1;0;0;2;1;-20,86597301;-41,11181303;"SPRF-ES";"DEL03-ES";"UOP02-DEL03-ES"
280925;2020-04-22;"quarta-feira";"12:15:00";"RS";472;577;"URUGUAIANA";"Desobediência às normas de trânsito pelo condutor";"Colisão transversal";"Com Vítimas Feridas";"Pleno dia";"Decrescente";"Céu Claro";"Simples";"Reta";"Sim";3;0;2;0;0;1;2;2;-29,7799389;-57,06320286;"SPRF-RS";"DEL13-RS";"UOP01-DEL13-RS"
280926;2020-04-22;"quarta-feira";"09:30:00";"MT";70;315;"DOM AQUINO";"Falta de Atenção à Condução";"Capotamento";"Com Vítimas Feridas";"Pleno dia";"Crescente";"Céu Claro";"Simples";"Curva";"Não";3;0;3;0;0;0;3;1;-15,525429;-54,616191;"SPRF-MT";"DEL05-MT";"UOP01-DEL05-MT"
280927;2020-04-22;"quarta-feira";"10:00:00";"SC";470;143,2;"RIO DO SUL";"Falta de Atenção à Condução";"Colisão traseira";"Sem Vítimas";"Pleno dia";"Crescente";"Céu Claro";"Simples";"Interseção de Vias";"Não";2;0;0;0;2;0;0;2;-27,233143;-49,672886;"SPRF-SC";"DEL04-SC";"UOP02-DEL04-SC"
280929;2020-04-22;"quarta-feira";"10:45:00";"SC";282;432,8;"VARGEM BONITA";"Falta de Atenção à Condução";"Colisão transversal";"Sem Vítimas";"Pleno dia";"Crescente";"Céu Claro";"Dupla";"Curva";"Não";3;0;0;0;3;0;0;2;-26,981241;-51,814842;"SPRF-SC";"DEL07-SC";"UOP05-DEL07-SC"
280932;2020-04-22;"quarta-feira";"08:45:00";"PB";230;43;"SANTA RITA";"Defeito Mecânico no Veículo";"Tombamento";"Com Vítimas Feridas";"Pleno dia";"Decrescente";"Sol";"Dupla";"Reta;Em Obras";"Não";2;0;2;0;0;0;2;1;-7,1479;-35,0029;"SPRF-PB";"DEL01-PB";"UOP03-DEL01-PB"
280933;2020-03-01;"domingo";"22:30:00";"PB";104;131;"CAMPINA GRANDE";"Pista Escorregadia";"Tombamento";"Com Vítimas Feridas";"Plena Noite";"Decrescente";"Chuva";"Simples";"Reta";"Sim";2;0;2;0;0;0;2;1;-7,29900408;-35,89187256;"SPRF-PB";"DEL02-PB";"UOP03-DEL02-PB"
280934;2020-04-22;"quarta-feira";"12:40:00";"BA";110;150;"RIBEIRA DO POMBAL";"Desobediência às normas de trânsito pelo condutor";"Colisão transversal";"Com Vítimas Fatais";"Pleno dia";"Crescente";"Céu Claro";"Simples";"Reta";"Não";2;1;0;0;1;0;0;2;-10,69245302;-38,44478799;"SPRF-BA";"DEL07-BA";"UOP02-DEL07-BA"
280936;2020-04-22;"quarta-feira";"14:10:00";"RJ";116;133;"MAGE";"Desobediência às normas de trânsito pelo condutor";"Colisão traseira";"Com Vítimas Feridas";"Pleno dia";"Crescente";"Céu Claro";"Dupla";"Reta";"Sim";3;0;2;0;0;1;2;2;-22,65418284;-43,14382995;"SPRF-RJ";"DEL04-RJ";"UOP02-DEL04-RJ"
280937;2020-04-22;"quarta-feira";"11:30:00";"PA";316;63;"CASTANHAL";"Falta de Atenção à Condução";"Colisão frontal";"Com Vítimas Feridas";"Pleno dia";"Crescente";"Céu Claro";"Dupla";"Reta";"Sim";2;0;1;0;1;0;1;2;-1,29679363;-47,92878096;"SPRF-PA";"DEL01-PA";"UOP01-DEL01-PA"
280938;2020-04-19;"domingo";"03:30:00";"MG";381;859,7;"POUSO ALEGRE";"Falta de Atenção à Condução";"Capotamento";"Com Vítimas Feridas";"Plena Noite";"Crescente";"Céu Claro";"Dupla";"Reta";"Não";3;0;2;0;1;0;2;1;-22,35094091;-45,92749223;"SPRF-MG";"DEL16-MG";"UOP01-DEL16-MG"
280940;2020-04-22;"quarta-feira";"12:10:00";"MG";116;274,5;"TEOFILO OTONI";"Falta de Atenção à Condução";"Colisão transversal";"Com Vítimas Feridas";"Pleno dia";"Crescente";"Céu Claro";"Simples";"Reta";"Sim";2;0;1;1;0;0;2;2;-17,83384514;-41,51094368;"SPRF-MG";"DEL11-MG";"UOP01-DEL11-MG"
280941;2020-04-22;"quarta-feira";"14:30:00";"PE";407;123,9;"PETROLINA";"Falta de Atenção à Condução";"Colisão traseira";"Com Vítimas Feridas";"Pleno dia";"Decrescente";"Céu Claro";"Simples";"Reta";"Sim";2;0;1;0;1;0;1;2;-9,36149178;-40,54594462;"SPRF-PE";"DEL06-PE";"UOP01-DEL06-PE"
280942;2020-04-21;"terça-feira";"16:45:00";"PB";104;168;"BARRA DE SANTANA";"Fenômenos da Natureza";"Saída de leito carroçável";"Sem Vítimas";"Pleno dia";"Decrescente";"Chuva";"Simples";"Curva";"Não";1;0;0;0;0;1;0;1;-7,57824042;-36,01455389;"SPRF-PB";"DEL02-PB";"UOP03-DEL02-PB"
280944;2020-04-22;"quarta-feira";"14:20:00";"MG";381;6,9;"BETIM";"Defeito Mecânico no Veículo";"Tombamento";"Com Vítimas Feridas";"Pleno dia";"Crescente";"Céu Claro";"Dupla";"Curva";"Sim";2;0;2;0;0;0;2;1;-19,96825;-44,198708;"SPRF-MG";"DEL01-MG";"UOP03-DEL01-MG"
280945;2020-04-22;"quarta-feira";"13:50:00";"CE";222;40,7;"CAUCAIA";"Condutor Dormindo";"Colisão com objeto estático";"Sem Vítimas";"Pleno dia";"Decrescente";"Sol";"Simples";"Reta";"Sim";1;0;0;0;0;1;0;1;-3,68690023;-38,90730706;"SPRF-CE";"DEL01-CE";"UOP03-DEL01-CE"
280947;2020-04-14;"terça-feira";"19:00:00";"PA";230;114;"MARABA";"Desobediência às normas de trânsito pelo condutor";"Colisão transversal";"Com Vítimas Feridas";"Plena Noite";"Decrescente";"Céu Claro";"Simples";"Rotatória";"Sim";2;0;0;1;1;0;1;2;-5;-49;"SPRF-PA";"DEL03-PA";"UOP01-DEL03-PA"
280948;2020-04-22;"quarta-feira";"08:30:00";"MS";359;105;"ALCINOPOLIS";"Desobediência às normas de trânsito pelo condutor";"Colisão com objeto estático";"Com Vítimas Feridas";"Pleno dia";"Decrescente";"Céu Claro";"Simples";"Reta";"Não";1;0;0;1;0;0;1;1;-18,33131267;-53,71647286;"SPRF-MS";"DEL06-MS";"UOP01-DEL06-MS"
280950;2020-04-22;"quarta-feira";"14:45:00";"MG";354;702;"CAXAMBU";"Velocidade Incompatível";"Saída de leito carroçável";"Com Vítimas Feridas";"Pleno dia";"Decrescente";"Sol";"Simples";"Curva";"Sim";4;0;1;0;0;3;1;2;-21,97329516;-44,92378235;"SPRF-MG";"DEL17-MG";"UOP01-DEL17-MG"
280953;2020-04-22;"quarta-feira";"14:00:00";"MG";116;747,4;"LEOPOLDINA";"Falta de Atenção à Condução";"Saída de leito carroçável";"Com Vítimas Feridas";"Pleno dia";"Decrescente";"Céu Claro";"Simples";"Reta";"Não";1;0;0;1;0;0;1;1;-21,43637785;-42,53060917;"SPRF-MG";"DEL07-MG";"UOP01-DEL07-MG"
280958;2020-04-22;"quarta-feira";"16:00:00";"SC";282;390;"JOACABA";"Falta de Atenção à Condução";"Saída de leito carroçável";"Sem Vítimas";"Pleno dia";"Decrescente";"Céu Claro";"Simples";"Reta";"Sim";1;0;0;0;1;0;0;1;-27,175066;-51,550556;"SPRF-SC";"DEL07-SC";"UOP05-DEL07-SC"
280959;2020-04-22;"quarta-feira";"17:10:00";"SP";116;149,8;"SAO JOSE DOS CAMPOS";"Falta de Atenção à Condução";"Colisão transversal";"Com Vítimas Feridas";"Pleno dia";"Decrescente";"Céu Claro";"Dupla";"Interseção de Vias";"Não";2;0;1;0;1;0;1;2;-23,20700047;-45,88626861;"SPRF-SP";"DEL02-SP";"UOP01-DEL02-SP"
280960;2020-03-13;"sexta-feira";"09:15:00";"MT";70;506,9;"CUIABA";"Avarias e/ou desgaste excessivo no pneu";"Queda de ocupante de veículo";"Com Vítimas Feridas";"Pleno dia";"Crescente";"Céu Claro";"Dupla";"Reta";"Não";2;0;1;1;0;0;2;1;-15,66088946;-55,97311576;"SPRF-MT";"DEL01-MT";"UOP02-DEL01-MT"
280962;2020-04-22;"quarta-feira";"16:30:00";"MG";40;42,3;"PARACATU";"Ingestão de Álcool";"Colisão traseira";"Sem Vítimas";"Pleno dia";"Crescente";"Nublado";"Simples";"Rotatória";"Sim";2;0;0;0;2;0;0;2;-17,2188441;-46,8666753;"SPRF-MG";"DEL14-MG";"UOP01-DEL14-MG"
280963;2020-04-22;"quarta-feira";"17:30:00";"TO";153;523;"PUGMIL";"Desobediência às normas de trânsito pelo condutor";"Colisão traseira";"Com Vítimas Feridas";"Anoitecer";"Crescente";"Céu Claro";"Simples";"Reta";"Sim";2;0;1;0;1;0;1;2;-10,40718798;-48,89610122;"SPRF-TO";"DEL01-TO";"UOP01-DEL01-TO"
280965;2020-04-22;"quarta-feira";"17:53:00";"SC";101;120,8;"ITAJAI";"Defeito Mecânico no Veículo";"Tombamento";"Com Vítimas Feridas";"Anoitecer";"Crescente";"Céu Claro";"Dupla";"Reta";"Não";1;0;1;0;0;0;1;1;-26,912758;-48,711998;"SPRF-SC";"DEL04-SC";"UOP04-DEL04-SC"
280966;2020-04-22;"quarta-feira";"16:50:00";"RO";364;202,8;"PIMENTA BUENO";"Condutor Dormindo";"Colisão com objeto estático";"Com Vítimas Feridas";"Pleno dia";"Decrescente";"Céu Claro";"Simples";"Aclive";"Sim";1;0;0;1;0;0;1;1;-11,63059538;-61,20491093;"SPRF-RO";"DEL02-RO";"UOP02-DEL02-RO"
280967;2020-04-22;"quarta-feira";"17:20:00";"MG";153;107,9;"PRATA";"Mal Súbito";"Queda de ocupante de veículo";"Com Vítimas Feridas";"Pleno dia";"Crescente";"Céu Claro";"Dupla";"Interseção de Vias";"Sim";1;0;0;1;0;0;1;1;-19,29808133;-48,90791416;"SPRF-MG";"DEL15-MG";"UOP03-DEL15-MG"
280968;2020-04-22;"quarta-feira";"17:40:00";"PE";101;74,1;"RECIFE";"Defeito Mecânico no Veículo";"Incêndio";"Sem Vítimas";"Anoitecer";"Decrescente";"Nublado";"Dupla";"Reta";"Sim";1;0;0;0;1;0;0;1;-8,10146485;-34,94901577;"SPRF-PE";"DEL01-PE";"UOP01-DEL01-PE"
280969;2020-04-22;"quarta-feira";"18:15:00";"SC";280;28,1;"ARAQUARI";"Falta de Atenção à Condução";"Colisão transversal";"Com Vítimas Feridas";"Anoitecer";"Decrescente";"Céu Claro";"Simples";"Reta";"Sim";2;0;0;1;1;0;1;2;-26,40450077;-48,74561031;"SPRF-SC";"DEL03-SC";"UOP03-DEL03-SC"
280972;2020-04-22;"quarta-feira";"18:10:00";"RJ";101;490;"ANGRA DOS REIS";"Animais na Pista";"Queda de ocupante de veículo";"Com Vítimas Feridas";"Plena Noite";"Decrescente";"Garoa/Chuvisco";"Simples";"Reta";"Sim";2;0;2;0;0;0;2;1;-22,95640053;-44,31282898;"SPRF-RJ";"DEL03-RJ";"UOP03-DEL03-RJ"
280973;2020-04-22;"quarta-feira";"15:30:00";"PR";277;729,1;"FOZ DO IGUACU";"Ingestão de Substâncias Psicoativas";"Saída de leito carroçável";"Sem Vítimas";"Pleno dia";"Decrescente";"Céu Claro";"Dupla";"Reta";"Sim";1;0;0;0;1;0;0;1;-25,50749887;-54,58379896;"SPRF-PR";"DEL05-PR";"UOP03-DEL05-PR"
280974;2020-04-22;"quarta-feira";"18:45:00";"RS";116;236,7;"NOVO HAMBURGO";"Velocidade Incompatível";"Colisão com objeto estático";"Com Vítimas Feridas";"Plena Noite";"Decrescente";"Céu Claro";"Dupla";"Reta";"Sim";1;0;1;0;0;0;1;1;-29,66938502;-51,14304731;"SPRF-RS";"DEL01-RS";"UOP02-DEL01-RS"
280975;2020-04-22;"quarta-feira";"18:15:00";"SC";101;431,3;"SOMBRIO";"Desobediência às normas de trânsito pelo condutor";"Colisão frontal";"Com Vítimas Feridas";"Anoitecer";"Decrescente";"Céu Claro";"Múltipla";"Reta";"Sim";3;0;2;0;1;0;2;2;-29,07373;-49,627021;"SPRF-SC";"DEL02-SC";"UOP02-DEL02-SC"
280977;2020-04-22;"quarta-feira";"18:30:00";"ES";259;59;"COLATINA";"Desobediência às normas de trânsito pelo condutor";"Colisão transversal";"Com Vítimas Feridas";"Plena Noite";"Decrescente";"Nublado";"Simples";"Reta;Interseção de Vias";"Sim";2;0;0;1;1;0;1;2;-19,52125411;-40,66594194;"SPRF-ES";"DEL02-ES";"UOP01-DEL02-ES"
280978;2020-04-22;"quarta-feira";"18:32:00";"CE";222;248,9;"SOBRAL";"Desobediência às normas de trânsito pelo condutor";"Colisão frontal";"Com Vítimas Feridas";"Plena Noite";"Crescente";"Chuva";"Simples";"Reta";"Sim";3;0;0;2;1;0;2;2;-3,7568905;-40,54116703;"SPRF-CE";"DEL04-CE";"UOP01-DEL04-CE"
280979;2020-04-22;"quarta-feira";"17:15:00";"MG";262;37,9;"MANHUACU";"Falta de Atenção à Condução";"Colisão transversal";"Com Vítimas Feridas";"Anoitecer";"Crescente";"Céu Claro";"Simples";"Interseção de Vias";"Sim";2;0;0;1;1;0;1;2;-20,25748975;-42,03048732;"SPRF-MG";"DEL06-MG";"UOP03-DEL06-MG"
280980;2020-04-22;"quarta-feira";"18:20:00";"SC";101;97,9;"BARRA VELHA";"Animais na Pista";"Atropelamento de Animal";"Com Vítimas Feridas";"Anoitecer";"Decrescente";"Céu Claro";"Dupla";"Reta";"Não";1;0;1;0;0;0;1;1;-26,72823703;-48,70224928;"SPRF-SC";"DEL03-SC";"UOP02-DEL03-SC"
280981;2020-04-22;"quarta-feira";"18:30:00";"MG";50;67;"UBERLANDIA";"Falta de Atenção à Condução";"Colisão transversal";"Com Vítimas Feridas";"Anoitecer";"Crescente";"Céu Claro";"Dupla";"Retorno Regulamentado";"Sim";2;0;1;0;1;0;1;2;-18,85140204;-48,25345932;"SPRF-MG";"DEL15-MG";"UOP01-DEL15-MG"
280983;2020-04-22;"quarta-feira";"18:50:00";"BA";116;9;"VITORIA DA CONQUISTA";"Desobediência às normas de trânsito pelo condutor";"Colisão transversal";"Com Vítimas Feridas";"Plena Noite";"Decrescente";"Céu Claro";"Simples";"Interseção de Vias";"Sim";2;0;1;0;0;1;1;2;-14,851;-40,8485;"SPRF-BA";"DEL08-BA";"UOP01-DEL08-BA"
280984;2020-04-22;"quarta-feira";"17:30:00";"PI";343;181,1;"PIRIPIRI";"Pista Escorregadia";"Saída de leito carroçável";"Com Vítimas Feridas";"Anoitecer";"Decrescente";"Chuva";"Simples";"Curva";"Sim";5;0;1;0;0;4;1;1;-4,244155;-41,772171;"SPRF-PI";"DEL02-PI";"UOP01-DEL02-PI"
280985;2020-04-22;"quarta-feira";"17:10:00";"RJ";393;168,9;"TRES RIOS";"Desobediência às normas de trânsito pelo condutor";"Colisão transversal";"Sem Vítimas";"Pleno dia";"Crescente";"Céu Claro";"Simples";"Interseção de Vias";"Não";4;0;0;0;4;0;0;2;-22,127502;-43,147022;"SPRF-RJ";"DEL05-RJ";"UOP02-DEL05-RJ"
280986;2020-04-22;"quarta-feira";"15:45:00";"RO";435;86,4;"COLORADO DO OESTE";"Falta de Atenção à Condução";"Colisão transversal";"Com Vítimas Feridas";"Pleno dia";"Crescente";"Nublado";"Dupla";"Rotatória";"Sim";2;0;1;0;1;0;1;2;-13,12101551;-60,5450213;"SPRF-RO";"DEL04-RO";"UOP02-DEL04-RO"
280988;2020-04-22;"quarta-feira";"19:05:00";"RN";406;160,8;"CEARA-MIRIM";"Desobediência às normas de trânsito pelo condutor";"Colisão lateral";"Com Vítimas Feridas";"Plena Noite";"Decrescente";"Céu Claro";"Simples";"Reta";"Não";2;0;0;1;0;1;1;2;-5,71375666;-35,37210457;"SPRF-RN";"DEL02-RN";"UOP01-DEL02-RN"
280989;2020-04-22;"quarta-feira";"19:35:00";"BA";324;622;"SALVADOR";"Desobediência às normas de trânsito pelo condutor";"Colisão lateral";"Com Vítimas Feridas";"Plena Noite";"Decrescente";"Chuva";"Dupla";"Reta";"Sim";3;0;2;0;0;1;2;2;-12,91888605;-38,46502095;"SPRF-BA";"DEL01-BA";"UOP01-DEL01-BA"
280990;2020-04-22;"quarta-feira";"19:15:00";"SC";280;53,7;"GUARAMIRIM";"Falta de Atenção à Condução";"Atropelamento de Pedestre";"Com Vítimas Feridas";"Plena Noite";"Decrescente";"Céu Claro";"Simples";"Reta";"Sim";2;0;2;0;0;0;2;2;-26,47236756;-48,97426617;"SPRF-SC";"DEL03-SC";"UOP03-DEL03-SC"
280993;2020-04-22;"quarta-feira";"20:00:00";"RN";101;161;"CANGUARETAMA";"Falta de Atenção à Condução";"Colisão transversal";"Com Vítimas Feridas";"Plena Noite";"Decrescente";"Céu Claro";"Simples";"Reta";"Sim";2;0;1;0;1;0;1;2;-6,37832592;-35,14846487;"SPRF-RN";"DEL01-RN";"UOP01-DEL01-RN"
280995;2020-04-22;"quarta-feira";"19:15:00";"PR";376;295,9;"MAUA DA SERRA";"Falta de Atenção à Condução";"Queda de ocupante de veículo";"Com Vítimas Feridas";"Plena Noite";"Decrescente";"Céu Claro";"Simples";"Reta";"Não";1;0;0;1;0;0;1;1;-23,93309687;-51,16751964;"SPRF-PR";"DEL07-PR";"UOP02-DEL07-PR"
280996;2020-04-22;"quarta-feira";"18:25:00";"SC";101;134;"BALNEARIO CAMBORIU";"Falta de Atenção à Condução";"Colisão transversal";"Com Vítimas Feridas";"Plena Noite";"Crescente";"Nublado";"Dupla";"Reta";"Sim";2;0;1;0;1;0;1;2;-27,00218;-48,636433;"SPRF-SC";"DEL04-SC";"UOP03-DEL04-SC"
280997;2020-04-22;"quarta-feira";"18:55:00";"SC";101;43,2;"JOINVILLE";"Desobediência às normas de trânsito pelo condutor";"Colisão transversal";"Com Vítimas Feridas";"Plena Noite";"Decrescente";"Céu Claro";"Simples";"Interseção de Vias";"Sim";2;0;0;1;1;0;1;2;-26,333335;-48,861319;"SPRF-SC";"DEL03-SC";"UOP01-DEL03-SC"
280999;2020-04-22;"quarta-feira";"21:30:00";"PR";277;113;"CAMPO LARGO";"Ingestão de Álcool";"Queda de ocupante de veículo";"Com Vítimas Feridas";"Plena Noite";"Crescente";"Nublado";"Dupla";"Retorno Regulamentado";"Sim";1;0;1;0;0;0;1;1;-25,44649796;-49,48731691;"SPRF-PR";"DEL01-PR";"UOP03-DEL03-PR"
281000;2020-04-22;"quarta-feira";"20:25:00";"PR";476;132,8;"CURITIBA";"Velocidade Incompatível";"Saída de leito carroçável";"Com Vítimas Feridas";"Plena Noite";"Crescente";"Céu Claro";"Dupla";"Interseção de Vias";"Sim";4;0;3;1;0;0;4;1;-25,460718;-49,250488;"SPRF-PR";"DEL01-PR";"UOP03-DEL01-PR"