"id";"data_inversa";"dia_semana";"horario";"uf";"br";"km";"municipio";"causa_acidente";"tipo_acidente";"classificacao_acidente";"fase_dia";"sentido_via";"condicao_metereologica";"tipo_pista";"tracado_via";"uso_solo";"pessoas";"mortos";"feridos_leves";"feridos_graves";"ilesos";"ignorados";"feridos";"veiculos";"latitude";"longitude";"regional";"delegacia";"uop"
281001;2020-04-22;"quarta-feira";"18:55:00";"SC";282;602;"CUNHA PORA";"Falta de Atenção à Condução";"Colisão transversal";"Com Vítimas Feridas";"Plena Noite";"Crescente";"Céu Claro";"Simples";"Interseção de Vias";"Não";2;0;1;0;1;0;1;2;-26,80545667;-53,18131685;"SPRF-SC";"DEL07-SC";"UOP02-DEL07-SC"
281003;2020-04-22;"quarta-feira";"19:30:00";"PB";361;20;"SANTA TERESINHA";"Animais na Pista";"Atropelamento de Animal";"Sem Vítimas";"Plena Noite";"Crescente";"Chuva";"Simples";"Reta";"Não";1;0;0;0;1;0;0;1;-7,07981191;-37,42222407;"SPRF-PB";"DEL03-PB";"UOP01-DEL03-PB"
281006;2020-04-22;"quarta-feira";"18:00:00";"RJ";116;42;"TERESOPOLIS";"Falta de Atenção do Pedestre";"Atropelamento de Pedestre";"Com Vítimas Feridas";"Anoitecer";"Crescente";"Sol";"Simples";"Reta";"Não";2;0;1;0;0;1;1;2;-22,14560636;-42,79362881;"SPRF-RJ";"DEL04-RJ";"UOP01-DEL04-RJ"
281009;2020-04-19;"domingo";"07:08:00";"SC";101;60,9;"ARAQUARI";"Velocidade Incompatível";"Saída de leito carroçável";"Com Vítimas Feridas";"Pleno dia";"Crescente";"Garoa/Chuvisco";"Dupla";"Curva";"Não";2;0;1;0;1;0;1;1;-26,45072823;-48,78570317;"SPRF-SC";"DEL03-SC";"UOP02-DEL03-SC"
281010;2020-04-22;"quarta-feira";"21:40:00";"BA";116;858,4;"VITORIA DA CONQUISTA";"Desobediência às normas de trânsito pelo condutor";"Colisão transversal";"Com Vítimas Feridas";"Plena Noite";"Crescente";"Nublado";"Simples";"Rotatória";"Não";5;0;2;0;3;0;2;2;-15,115814;-41,029991;"SPRF-BA";"DEL08-BA";"UOP03-DEL08-BA"
281011;2020-04-22;"quarta-feira";"22:15:00";"RJ";116;144;"DUQUE DE CAXIAS";"Defeito Mecânico no Veículo";"Incêndio";"Sem Vítimas";"Plena Noite";"Crescente";"Céu Claro";"Simples";"Curva";"Sim";1;0;0;0;0;1;0;1;-22,67262983;-43,28767776;"SPRF-RJ";"DEL01-RJ";"UOP01-DEL01-RJ"
281014;2020-04-23;"quinta-feira";"04:30:00";"ES";101;453,6;"MIMOSO DO SUL";"Ingestão de Álcool";"Saída de leito carroçável";"Com Vítimas Feridas";"Plena Noite";"Crescente";"Nublado";"Simples";"Reta";"Não";2;0;2;0;0;0;2;1;-21,16576582;-41,28618246;"SPRF-ES";"DEL03-ES";"UOP02-DEL03-ES"
281020;2020-04-23;"quinta-feira";"05:45:00";"PR";476;142;"CURITIBA";"Falta de Atenção à Condução";"Colisão lateral";"Com Vítimas Feridas";"Amanhecer";"Crescente";"Nevoeiro/Neblina";"Dupla";"Curva";"Sim";2;0;1;0;1;0;1;2;-25,537161;-49,301632;"SPRF-PR";"DEL01-PR";"UOP03-DEL01-PR"
281021;2020-04-23;"quinta-feira";"05:00:00";"PR";277;394,8;"CANDOI";"Falta de Atenção à Condução";"Colisão com objeto estático";"Sem Vítimas";"Plena Noite";"Crescente";"Céu Claro";"Simples";"Reta";"Sim";1;0;0;0;1;0;0;1;-25,44986245;-51,92499161;"SPRF-PR";"DEL08-PR";"UOP01-DEL08-PR"
281022;2020-04-23;"quinta-feira";"06:10:00";"MG";381;742,5;"TRES CORACOES";"Desobediência às normas de trânsito pelo pedestre";"Atropelamento de Pedestre";"Com Vítimas Feridas";"Pleno dia";"Decrescente";"Céu Claro";"Dupla";"Reta";"Não";3;0;0;1;1;1;1;2;-21,60666955;-45,24093747;"SPRF-MG";"DEL16-MG";"UOP02-DEL16-MG"
281023;2020-04-23;"quinta-feira";"07:00:00";"SP";116;224,3;"GUARULHOS";"Mal Súbito";"Colisão com objeto estático";"Sem Vítimas";"Pleno dia";"Crescente";"Céu Claro";"Múltipla";"Reta";"Sim";1;0;0;0;1;0;0;1;-23,48071896;-46,53271603;"SPRF-SP";"DEL01-SP";"UOP01-DEL01-SP"
281026;2020-04-23;"quinta-feira";"07:35:00";"DF";70;12;"BRASILIA";"Falta de Atenção à Condução";"Colisão lateral";"Com Vítimas Feridas";"Pleno dia";"Decrescente";"Céu Claro";"Dupla";"Reta";"Sim";3;0;1;0;2;0;1;3;-15,792243;-48,158543;"SPRF-DF";"DEL03-DF";"UOP02-DEL03-DF"
281028;2020-04-23;"quinta-feira";"08:00:00";"SC";101;199;"BIGUACU";"Não guardar distância de segurança";"Tombamento";"Com Vítimas Feridas";"Pleno dia";"Crescente";"Sol";"Dupla";"Reta";"Sim";2;0;1;0;0;1;1;2;-27,53413705;-48,63003205;"SPRF-SC";"DEL01-SC";"UOP01-DEL01-SC"
281029;2020-04-22;"quarta-feira";"22:30:00";"RS";392;708,8;"PORTO XAVIER";"Condutor Dormindo";"Saída de leito carroçável";"Com Vítimas Fatais";"Plena Noite";"Decrescente";"Céu Claro";"Simples";"Curva";"Não";1;1;0;0;0;0;0;1;-28,00542326;-55,11484087;"SPRF-RS";"DEL10-RS";"UOP01-DEL10-RS"
281030;2020-04-23;"quinta-feira";"07:05:00";"MS";262;366;"TERENOS";"Animais na Pista";"Atropelamento de Animal";"Com Vítimas Feridas";"Pleno dia";"Decrescente";"Céu Claro";"Dupla";"Reta";"Sim";2;0;2;0;0;0;2;1;-20,48466301;-54,74661601;"SPRF-MS";"DEL01-MS";"UOP03-DEL01-MS"
281032;2020-04-23;"quinta-feira";"08:10:00";"ES";101;271;"SERRA";"Falta de Atenção à Condução";"Queda de ocupante de veículo";"Com Vítimas Feridas";"Pleno dia";"Crescente";"Céu Claro";"Dupla";"Reta";"Não";1;0;0;1;0;0;1;1;-20,23267;-40,27658;"SPRF-ES";"DEL02-ES";"UOP01-DEL02-ES"
281039;2020-04-23;"quinta-feira";"07:50:00";"PI";343;8;"PARNAIBA";"Não guardar distância de segurança";"Colisão traseira";"Com Vítimas Feridas";"Pleno dia";"Crescente";"Céu Claro";"Simples";"Reta";"Sim";2;0;1;0;1;0;1;2;-2,899382;-41,723724;"SPRF-PI";"DEL05-PI";"UOP01-DEL05-PI"
281042;2020-04-23;"quinta-feira";"07:23:00";"BA";324;626;"SALVADOR";"Pista Escorregadia";"Queda de ocupante de veículo";"Com Vítimas Feridas";"Pleno dia";"Crescente";"Chuva";"Dupla";"Reta";"Sim";1;0;1;0;0;0;1;1;-12,965754;-38,475348;"SPRF-BA";"DEL01-BA";"UOP01-DEL01-BA"
281046;2020-04-23;"quinta-feira";"10:30:00";"SP";116;225,2;"GUARULHOS";"Avarias e/ou desgaste excessivo no pneu";"Tombamento";"Com Vítimas Feridas";"Pleno dia";"Crescente";"Sol";"Múltipla";"Aclive;Reta";"Sim";1;0;1;0;0;0;1;1;-23,48586772;-46,54075317;"SPRF-SP";"DEL01-SP";"UOP01-DEL01-SP"
281047;2020-04-23;"quinta-feira";"08:55:00";"SP";116;219,3;"GUARULHOS";"Falta de Atenção à Condução";"Colisão lateral";"Com Vítimas Feridas";"Pleno dia";"Decrescente";"Céu Claro";"Múltipla";"Reta";"Sim";2;0;1;0;0;1;1;2;-23,46143954;-46,48885316;"SPRF-SP";"DEL01-SP";"UOP01-DEL01-SP"
281049;2020-03-29;"domingo";"17:50:00";"PB";104;134,9;"QUEIMADAS";"Defeito Mecânico no Veículo";"Colisão frontal";"Com Vítimas Feridas";"Anoitecer";"Decrescente";"Chuva";"Simples";"Reta";"Não";7;0;0;5;2;0;5;2;-7,32562205;-35,89657067;"SPRF-PB";"DEL02-PB";"UOP03-DEL02-PB"
281053;2020-04-23;"quinta-feira";"10:30:00";"MA";135;6,4;"SAO LUIS";"Falta de Atenção à Condução";"Colisão lateral";"Sem Vítimas";"Pleno dia";"Decrescente";"Céu Claro";"Dupla";"Aclive";"Sim";2;0;0;0;1;1;0;2;-2,63922888;-44,2703855;"SPRF-MA";"DEL01-MA";"UOP01-DEL01-MA"
281054;2020-04-23;"quinta-feira";"12:20:00";"MA";10;256,6;"IMPERATRIZ";"Desobediência às normas de trânsito pelo condutor";"Colisão transversal";"Com Vítimas Feridas";"Pleno dia";"Crescente";"Céu Claro";"Simples";"Interseção de Vias";"Sim";3;0;1;0;2;0;1;3;-5,49074863;-47,47200966;"SPRF-MA";"DEL04-MA";"UOP01-DEL04-MA"
281056;2020-04-23;"quinta-feira";"12:28:00";"CE";222;4,8;"CAUCAIA";"Falta de Atenção à Condução";"Colisão lateral";"Com Vítimas Feridas";"Pleno dia";"Decrescente";"Céu Claro";"Múltipla";"Retorno Regulamentado";"Sim";2;0;1;0;1;0;1;2;-3,74164754;-38,60449792;"SPRF-CE";"DEL01-CE";"UOP01-DEL01-CE"
281059;2020-04-23;"quinta-feira";"12:20:00";"SC";282;72;"RANCHO QUEIMADO";"Velocidade Incompatível";"Saída de leito carroçável";"Sem Vítimas";"Pleno dia";"Decrescente";"Nublado";"Simples";"Curva";"Não";1;0;0;0;1;0;0;1;-27,683439;-49,105259;"SPRF-SC";"DEL01-SC";"UOP03-DEL01-SC"
281060;2020-04-23;"quinta-feira";"08:00:00";"PE";116;1;"SALGUEIRO";"Defeito Mecânico no Veículo";"Saída de leito carroçável";"Com Vítimas Feridas";"Pleno dia";"Crescente";"Nublado";"Simples";"Curva";"Não";1;0;1;0;0;0;1;1;-7,868017;-39,092056;"SPRF-PE";"DEL05-PE";"UOP01-DEL05-PE"
281061;2020-04-23;"quinta-feira";"09:30:00";"MG";40;704,5;"BARBACENA";"Desobediência às normas de trânsito pelo condutor";"Tombamento";"Com Vítimas Feridas";"Pleno dia";"Decrescente";"Nublado";"Dupla";"Aclive;Reta";"Não";1;0;1;0;0;0;1;1;-21,20817;-43,74966601;"SPRF-MG";"DEL05-MG";"UOP02-DEL05-MG"
281062;2020-04-23;"quinta-feira";"13:45:00";"SC";282;4,7;"SAO JOSE";"Não guardar distância de segurança";"Colisão traseira";"Sem Vítimas";"Pleno dia";"Crescente";"Céu Claro";"Dupla";"Reta";"Não";2;0;0;0;2;0;0;2;-27,588425;-48,612919;"SPRF-SC";"DEL01-SC";"UOP01-DEL01-SC"
281064;2020-04-23;"quinta-feira";"13:50:00";"PR";277;636;"CEU AZUL";"Avarias e/ou desgaste excessivo no pneu";"Tombamento";"Com Vítimas Feridas";"Pleno dia";"Decrescente";"Céu Claro";"Simples";"Reta";"Não";1;0;1;0;0;0;1;1;-25,14493869;-53,83748189;"SPRF-PR";"DEL05-PR";"UOP02-DEL05-PR"
281066;2020-04-23;"quinta-feira";"14:00:00";"BA";324;586;"CANDEIAS";"Condutor Dormindo";"Saída de leito carroçável";"Com Vítimas Feridas";"Pleno dia";"Crescente";"Nublado";"Dupla";"Reta;Ponte";"Não";1;0;1;0;0;0;1;1;-12,63864013;-38,47736247;"SPRF-BA";"DEL01-BA";"UOP01-DEL01-BA"
281069;2020-04-23;"quinta-feira";"13:10:00";"GO";70;300;"ITAPIRAPUA";"Falta de Atenção do Pedestre";"Saída de leito carroçável";"Com Vítimas Feridas";"Pleno dia";"Crescente";"Céu Claro";"Simples";"Reta";"Não";1;0;1;0;0;0;1;1;-15,89534882;-50,44062194;"SPRF-GO";"DEL04-GO";"UOP01-DEL04-GO"
281070;2020-04-23;"quinta-feira";"14:30:00";"DF";60;16,9;"BRASILIA";"Pista Escorregadia";"Saída de leito carroçável";"Com Vítimas Feridas";"Pleno dia";"Decrescente";"Chuva";"Dupla";"Reta;Aclive";"Não";1;0;1;0;0;0;1;1;-15,952254;-48,174343;"SPRF-DF";"DEL03-DF";"UOP01-DEL03-DF"
281073;2020-04-12;"domingo";"06:30:00";"MG";365;470;"PATROCINIO";"Falta de Atenção à Condução";"Saída de leito carroçável";"Com Vítimas Feridas";"Pleno dia";"Crescente";"Céu Claro";"Simples";"Reta";"Não";1;0;0;1;0;0;1;1;-18,91815;-46,97867;"SPRF-MG";"DEL10-MG";"UOP01-DEL10-MG"
281076;2020-04-23;"quinta-feira";"15:27:00";"SP";116;271;"TABOAO DA SERRA";"Pista Escorregadia";"Tombamento";"Com Vítimas Feridas";"Pleno dia";"Decrescente";"Céu Claro";"Dupla";"Reta";"Sim";1;0;1;0;0;0;1;1;-23,61809286;-46,80556302;"SPRF-SP";"DEL04-SP";"UOP01-DEL04-SP"
281079;2020-04-23;"quinta-feira";"14:50:00";"SC";101;168;"TIJUCAS";"Falta de Atenção à Condução";"Colisão transversal";"Com Vítimas Feridas";"Pleno dia";"Decrescente";"Céu Claro";"Dupla";"Reta";"Não";2;0;1;1;0;0;2;2;-27,279105;-48,631554;"SPRF-SC";"DEL04-SC";"UOP03-DEL04-SC"
281080;2020-01-27;"segunda-feira";"16:00:00";"PR";116;146;"MANDIRITUBA";"Falta de Atenção à Condução";"Colisão transversal";"Com Vítimas Feridas";"Pleno dia";"Decrescente";"Nublado";"Simples";"Reta";"Sim";4;0;3;0;1;0;3;2;-25,78172684;-49,32535079;"SPRF-PR";"DEL01-PR";"UOP03-DEL01-PR"
281081;2020-04-23;"quinta-feira";"16:20:00";"SC";101;223,5;"PALHOCA";"Não guardar distância de segurança";"Colisão traseira";"Com Vítimas Feridas";"Pleno dia";"Decrescente";"Céu Claro";"Dupla";"Reta";"Não";3;0;2;0;1;0;2;2;-27,71552634;-48,64881251;"SPRF-SC";"DEL01-SC";"UOP02-DEL01-SC"
281082;2020-04-23;"quinta-feira";"16:25:00";"RS";392;299,1;"SAO SEPE";"Falta de Atenção à Condução";"Saída de leito carroçável";"Com Vítimas Feridas";"Pleno dia";"Crescente";"Sol";"Simples";"Reta";"Não";1;0;1;0;0;0;1;1;-30,151121;-53,593696;"SPRF-RS";"DEL09-RS";"UOP01-DEL09-RS"
281083;2020-04-23;"quinta-feira";"16:10:00";"PR";116;18;"CURITIBA";"Falta de Atenção do Pedestre";"Atropelamento de Pedestre";"Com Vítimas Feridas";"Pleno dia";"Crescente";"Céu Claro";"Dupla";"Declive";"Sim";2;0;1;0;1;0;1;2;-25,38917;-49,195432;"SPRF-PR";"DEL01-PR";"UOP02-DEL01-PR"
281084;2020-04-23;"quinta-feira";"16:15:00";"ES";101;268,1;"SERRA";"Condutor Dormindo";"Colisão com objeto estático";"Com Vítimas Feridas";"Pleno dia";"Crescente";"Céu Claro";"Múltipla";"Reta";"Sim";1;0;1;0;0;0;1;1;-20,20842;-40,269405;"SPRF-ES";"DEL02-ES";"UOP01-DEL02-ES"
281085;2020-04-23;"quinta-feira";"16:35:00";"PR";277;84;"CURITIBA";"Desobediência às normas de trânsito pelo condutor";"Queda de ocupante de veículo";"Com Vítimas Feridas";"Pleno dia";"Crescente";"Céu Claro";"Dupla";"Curva;Viaduto";"Sim";1;0;1;0;0;0;1;1;-25,568939;-49,181978;"SPRF-PR";"DEL01-PR";"UOP06-DEL01-PR"
281088;2020-04-23;"quinta-feira";"16:50:00";"GO";153;498,3;"GOIANIA";"Falta de Atenção à Condução";"Colisão traseira";"Com Vítimas Feridas";"Pleno dia";"Crescente";"Sol";"Dupla";"Reta";"Sim";2;0;1;0;1;0;1;2;-16,6939;-49,2321;"SPRF-GO";"DEL01-GO";"UOP01-DEL01-GO"
281089;2020-04-23;"quinta-feira";"17:10:00";"PR";277;725,8;"FOZ DO IGUACU";"Objeto estático sobre o leito carroçável";"Queda de ocupante de veículo";"Com Vítimas Feridas";"Pleno dia";"Decrescente";"Céu Claro";"Dupla";"Viaduto";"Sim";2;0;2;0;0;0;2;1;-25,51083003;-54,55390926;"SPRF-PR";"DEL05-PR";"UOP03-DEL05-PR"
281092;2020-04-23;"quinta-feira";"17:20:00";"MG";116;690,8;"MURIAE";"Ingestão de Álcool";"Queda de ocupante de veículo";"Com Vítimas Feridas";"Pleno dia";"Crescente";"Céu Claro";"Simples";"Curva";"Não";1;0;1;0;0;0;1;1;-21,01876307;-42,36118053;"SPRF-MG";"DEL07-MG";"UOP02-DEL07-MG"
281097;2020-04-23;"quinta-feira";"17:23:00";"PR";277;591,5;"CASCAVEL";"Não guardar distância de segurança";"Colisão traseira";"Com Vítimas Feridas";"Pleno dia";"Decrescente";"Céu Claro";"Simples";"Reta";"Sim";3;0;1;0;2;0;1;3;-24,98473242;-53,46501885;"SPRF-PR";"DEL04-PR";"UOP01-DEL04-PR"
281098;2020-04-23;"quinta-feira";"16:45:00";"RJ";101;455;"MANGARATIBA";"Desobediência às normas de trânsito pelo condutor";"Colisão lateral";"Sem Vítimas";"Pleno dia";"Crescente";"Nublado";"Simples";"Reta";"Não";3;0;0;0;3;0;0;2;-23,03130715;-44,15918011;"SPRF-RJ";"DEL03-RJ";"UOP03-DEL03-RJ"
281099;2020-04-23;"quinta-feira";"17:30:00";"RJ";101;478;"ANGRA DOS REIS";"Pista Escorregadia";"Colisão com objeto estático";"Com Vítimas Feridas";"Plena Noite";"Crescente";"Garoa/Chuvisco";"Simples";"Reta";"Não";2;0;1;0;0;1;1;1;-23,00250753;-44,26289342;"SPRF-RJ";"DEL03-RJ";"UOP03-DEL03-RJ"
281101;2020-04-23;"quinta-feira";"17:55:00";"PR";277;349,6;"GUARAPUAVA";"Falta de Atenção à Condução";"Colisão transversal";"Com Vítimas Feridas";"Pleno dia";"Decrescente";"Céu Claro";"Simples";"Reta";"Sim";3;0;2;0;1;0;2;2;-25,38513104;-51,51376605;"SPRF-PR";"DEL08-PR";"UOP01-DEL08-PR"
281102;2020-04-23;"quinta-feira";"18:15:00";"MG";381;419,4;"CAETE";"Velocidade Incompatível";"Saída de leito carroçável";"Com Vítimas Feridas";"Plena Noite";"Crescente";"Nublado";"Simples";"Curva;Desvio Temporário;Em Obras";"Não";1;0;1;0;0;0;1;1;-19,75894912;-43,63666534;"SPRF-MG";"DEL01-MG";"UOP01-DEL01-MG"
281103;2020-04-23;"quinta-feira";"18:28:00";"CE";222;4,6;"CAUCAIA";"Falta de Atenção à Condução";"Colisão traseira";"Com Vítimas Feridas";"Plena Noite";"Crescente";"Nublado";"Dupla";"Reta";"Sim";2;0;1;0;1;0;1;2;-3,74164754;-38,60449792;"SPRF-CE";"DEL01-CE";"UOP01-DEL01-CE"
281104;2020-04-23;"quinta-feira";"17:45:00";"PR";373;176;"PONTA GROSSA";"Desobediência às normas de trânsito pelo condutor";"Colisão transversal";"Com Vítimas Feridas";"Plena Noite";"Decrescente";"Céu Claro";"Dupla";"Reta";"Sim";4;0;1;0;3;0;1;2;-25,065096;-50,212935;"SPRF-PR";"DEL03-PR";"UOP01-DEL03-PR"
281105;2020-04-23;"quinta-feira";"18:00:00";"ES";101;146;"LINHARES";"Desobediência às normas de trânsito pelo condutor";"Colisão transversal";"Sem Vítimas";"Plena Noite";"Crescente";"Céu Claro";"Dupla";"Reta";"Sim";2;0;0;0;1;1;0;2;-19,36990998;-40,06560718;"SPRF-ES";"DEL04-ES";"UOP01-DEL04-ES"
281106;2020-04-23;"quinta-feira";"18:20:00";"TO";153;495;"PARAISO DO TOCANTINS";"Falta de Atenção à Condução";"Colisão transversal";"Com Vítimas Feridas";"Anoitecer";"Crescente";"Garoa/Chuvisco";"Simples";"Interseção de Vias";"Sim";10;0;6;0;4;0;6;2;-10,18130139;-48,88042688;"SPRF-TO";"DEL01-TO";"UOP01-DEL01-TO"
281107;2020-04-23;"quinta-feira";"16:20:00";"MT";364;207;"RONDONOPOLIS";"Defeito Mecânico no Veículo";"Incêndio";"Sem Vítimas";"Pleno dia";"Crescente";"Céu Claro";"Dupla";"Rotatória";"Sim";1;0;0;0;1;0;0;1;-16,4229595;-54,70116159;"SPRF-MT";"DEL02-MT";"UOP01-DEL02-MT"
281110;2020-04-23;"quinta-feira";"18:15:00";"RO";364;711;"PORTO VELHO";"Falta de Atenção à Condução";"Colisão traseira";"Com Vítimas Feridas";"Anoitecer";"Crescente";"Nublado";"Dupla";"Rotatória";"Sim";2;0;2;0;0;0;2;1;-8,7815394652;-63,8653136902;"SPRF-RO";"DEL01-RO";"UOP01-DEL01-RO"
281111;2020-04-23;"quinta-feira";"19:30:00";"SC";470;52,7;"BLUMENAU";"Ingestão de Álcool";"Colisão traseira";"Sem Vítimas";"Plena Noite";"Decrescente";"Céu Claro";"Simples";"Interseção de Vias";"Sim";2;0;0;0;2;0;0;2;-26,86598487;-49,09999436;"SPRF-SC";"DEL04-SC";"UOP01-DEL04-SC"
281112;2020-04-23;"quinta-feira";"18:10:00";"CE";20;414;"MARACANAU";"Pista Escorregadia";"Tombamento";"Com Vítimas Feridas";"Plena Noite";"Crescente";"Chuva";"Simples";"Reta;Em Obras";"Sim";1;0;1;0;0;0;1;1;-3,82670845;-38,62556046;"SPRF-CE";"DEL01-CE";"UOP01-DEL01-CE"
281114;2020-04-23;"quinta-feira";"19:00:00";"RJ";40;123;"DUQUE DE CAXIAS";"Falta de Atenção à Condução";"Colisão traseira";"Sem Vítimas";"Plena Noite";"Crescente";"Céu Claro";"Múltipla";"Reta";"Não";2;0;0;0;2;0;0;2;-22,79907687;-43,29015739;"SPRF-RJ";"DEL01-RJ";"UOP01-DEL01-RJ"
281116;2020-04-23;"quinta-feira";"19:50:00";"RJ";393;167,8;"TRES RIOS";"Desobediência às normas de trânsito pelo condutor";"Colisão frontal";"Sem Vítimas";"Plena Noite";"Crescente";"Céu Claro";"Simples";"Reta";"Sim";3;0;0;0;2;1;0;2;-22,12236191;-43,13976623;"SPRF-RJ";"DEL05-RJ";"UOP02-DEL05-RJ"
281117;2020-04-23;"quinta-feira";"19:15:00";"RO";364;238,2;"CACOAL";"Falta de Atenção à Condução";"Colisão transversal";"Com Vítimas Feridas";"Plena Noite";"Crescente";"Nublado";"Simples";"Interseção de Vias";"Sim";3;0;2;0;1;0;2;2;-11,4388578;-61,45471289;"SPRF-RO";"DEL02-RO";"UOP02-DEL02-RO"
281118;2020-04-23;"quinta-feira";"18:30:00";"MT";364;557;"ROSARIO OESTE";"Restrição de Visibilidade";"Atropelamento de Pedestre";"Com Vítimas Fatais";"Plena Noite";"Crescente";"Céu Claro";"Dupla";"Reta";"Não";2;1;0;0;1;0;0;2;-14,80097198;-56,40767703;"SPRF-MT";"DEL01-MT";"UOP01-DEL01-MT"
281119;2020-04-23;"quinta-feira";"19:00:00";"SC";101;315,7;"PESCARIA BRAVA";"Falta de Atenção do Pedestre";"Atropelamento de Pedestre";"Com Vítimas Feridas";"Plena Noite";"Decrescente";"Céu Claro";"Dupla";"Curva";"Sim";2;0;2;0;0;0;2;2;-28,42528815;-48,85589004;"SPRF-SC";"DEL02-SC";"UOP01-DEL02-SC"
281122;2020-04-23;"quinta-feira";"18:45:00";"SC";282;535,3;"CHAPECO";"Ingestão de Álcool";"Colisão transversal";"Sem Vítimas";"Anoitecer";"Decrescente";"Céu Claro";"Simples";"Rotatória;Interseção de Vias";"Sim";2;0;0;0;2;0;0;2;-26,998245;-52,643768;"SPRF-SC";"DEL07-SC";"UOP01-DEL07-SC"
281124;2020-04-23;"quinta-feira";"18:10:00";"PI";316;12,1;"TERESINA";"Animais na Pista";"Atropelamento de Animal";"Com Vítimas Feridas";"Plena Noite";"Crescente";"Nublado";"Múltipla";"Reta";"Sim";1;0;1;0;0;0;1;1;-5,20064401;-42,75799889;"SPRF-PI";"DEL01-PI";"UOP02-DEL01-PI"
281125;2020-04-23;"quinta-feira";"19:45:00";"SC";470;145,5;"RIO DO SUL";"Defeito Mecânico no Veículo";"Incêndio";"Sem Vítimas";"Plena Noite";"Decrescente";"Céu Claro";"Simples";"Reta";"Sim";1;0;0;0;0;1;0;1;-27,237301;-49,682217;"SPRF-SC";"DEL04-SC";"UOP02-DEL04-SC"
281128;2020-04-23;"quinta-feira";"20:20:00";"MG";381;457;"BELO HORIZONTE";"Desobediência às normas de trânsito pelo pedestre";"Atropelamento de Pedestre";"Com Vítimas Feridas";"Plena Noite";"Decrescente";"Céu Claro";"Dupla";"Curva";"Sim";3;0;0;1;2;0;1;3;-19,85862954;-43,91292495;"SPRF-MG";"DEL01-MG";"UOP01-DEL01-MG"
281130;2020-04-23;"quinta-feira";"20:40:00";"PR";277;3;"PARANAGUA";"Falta de Atenção à Condução";"Colisão traseira";"Sem Vítimas";"Plena Noite";"Crescente";"Céu Claro";"Simples";"Reta";"Sim";2;0;0;0;2;0;0;2;-25,5350068;-48,55442047;"SPRF-PR";"DEL01-PR";"UOP05-DEL01-PR"
281131;2020-04-23;"quinta-feira";"16:45:00";"RJ";101;54;"CAMPOS DOS GOYTACAZES";"Não guardar distância de segurança";"Colisão traseira";"Com Vítimas Feridas";"Anoitecer";"Crescente";"Céu Claro";"Simples";"Reta";"Sim";2;0;2;0;0;0;2;2;-21,66937699;-41,31111673;"SPRF-RJ";"DEL08-RJ";"UOP01-DEL08-RJ"
281132;2020-03-24;"terça-feira";"20:00:00";"BA";101;473;"URUCUCA";"Objeto estático sobre o leito carroçável";"Capotamento";"Com Vítimas Feridas";"Plena Noite";"Crescente";"Céu Claro";"Simples";"Curva";"Não";2;0;2;0;0;0;2;1;-14,561147;-39,332457;"SPRF-BA";"DEL05-BA";"UOP01-DEL05-BA"
281134;2020-04-23;"quinta-feira";"22:00:00";"RN";101;103;"PARNAMIRIM";"Velocidade Incompatível";"Colisão com objeto estático";"Com Vítimas Feridas";"Plena Noite";"Crescente";"Nublado";"Dupla";"Curva";"Sim";2;0;0;2;0;0;2;1;-5,89034022;-35,24894996;"SPRF-RN";"DEL01-RN";"UOP01-DEL01-RN"
281135;2020-04-23;"quinta-feira";"15:40:00";"SC";280;245,7;"CANOINHAS";"Desobediência às normas de trânsito pelo condutor";"Colisão transversal";"Com Vítimas Feridas";"Pleno dia";"Decrescente";"Céu Claro";"Simples";"Reta";"Não";3;0;0;2;0;1;2;2;-26,24631179;-50,50045967;"SPRF-SC";"DEL06-SC";"UOP04-DEL06-SC"
281137;2020-04-23;"quinta-feira";"20:30:00";"BA";110;12,5;"PAULO AFONSO";"Ingestão de Álcool";"Saída de leito carroçável";"Com Vítimas Feridas";"Plena Noite";"Decrescente";"Nublado";"Simples";"Reta";"Não";1;0;1;0;0;0;1;1;-9,55893701;-38,22209387;"SPRF-BA";"DEL07-BA";"UOP01-DEL07-BA"
281139;2020-04-23;"quinta-feira";"22:40:00";"RJ";116;175;"NOVA IGUACU";"Restrição de Visibilidade";"Atropelamento de Pedestre";"Com Vítimas Feridas";"Plena Noite";"Decrescente";"Céu Claro";"Múltipla";"Reta";"Não";2;0;1;1;0;0;2;2;-22,78923555;-43,37275272;"SPRF-RJ";"DEL01-RJ";"UOP02-DEL01-RJ"
281140;2020-04-23;"quinta-feira";"22:20:00";"RJ";116;309;"RESENDE";"Defeito Mecânico no Veículo";"Queda de ocupante de veículo";"Com Vítimas Feridas";"Plena Noite";"Crescente";"Céu Claro";"Dupla";"Reta";"Não";2;0;2;0;0;0;2;1;-22,45852838;-44,42672997;"SPRF-RJ";"DEL07-RJ";"UOP02-DEL07-RJ"
281141;2020-04-23;"quinta-feira";"20:00:00";"BA";116;379;"SANTA BARBARA";"Animais na Pista";"Atropelamento de Animal";"Com Vítimas Feridas";"Plena Noite";"Crescente";"Nublado";"Simples";"Reta";"Não";1;0;0;1;0;0;1;1;-11,84074803;-38,97495477;"SPRF-BA";"DEL02-BA";"UOP01-DEL02-BA"