"id";"data_inversa";"dia_semana";"horario";"uf";"br";"km";"municipio";"causa_acidente";"tipo_acidente";"classificacao_acidente";"fase_dia";"sentido_via";"condicao_metereologica";"tipo_pista";"tracado_via";"uso_solo";"pessoas";"mortos";"feridos_leves";"feridos_graves";"ilesos";"ignorados";"feridos";"veiculos";"latitude";"longitude";"regional";"delegacia";"uop"
281269;2020-04-24;"sexta-feira";"19:20:00";"SP";381;71,8;"SAO PAULO";"Falta de Atenção à Condução";"Saída de leito carroçável";"Com Vítimas Feridas";"Plena Noite";"Crescente";"Céu Claro";"Múltipla";"Reta";"Não";2;0;0;1;1;0;1;1;-23,35047979;-46,55267274;"SPRF-SP";"DEL03-SP";"UOP01-DEL03-SP"
281270;2020-04-24;"sexta-feira";"19:30:00";"GO";158;269;"JATAI";"Ingestão de Álcool";"Colisão transversal";"Com Vítimas Feridas";"Plena Noite";"Decrescente";"Céu Claro";"Dupla";"Retorno Regulamentado";"Sim";3;0;0;1;1;1;1;3;-17,85473041;-51,73125121;"SPRF-GO";"DEL05-GO";"UOP01-DEL05-GO"
281271;2020-04-24;"sexta-feira";"19:20:00";"PE";101;44,3;"IGARASSU";"Animais na Pista";"Atropelamento de Animal";"Com Vítimas Feridas";"Plena Noite";"Decrescente";"Chuva";"Dupla";"Reta";"Sim";2;0;2;0;0;0;2;1;-7,85637001;-34,90842109;"SPRF-PE";"DEL01-PE";"UOP02-DEL01-PE"
281273;2020-04-24;"sexta-feira";"18:50:00";"PR";369;153;"LONDRINA";"Falta de Atenção do Pedestre";"Atropelamento de Pedestre";"Com Vítimas Feridas";"Anoitecer";"Decrescente";"Céu Claro";"Dupla";"Reta";"Sim";2;0;0;1;1;0;1;2;-23,297178;-51,195635;"SPRF-PR";"DEL07-PR";"UOP01-DEL07-PR"
281274;2020-04-24;"sexta-feira";"19:15:00";"PR";369;168,3;"ROLANDIA";"Falta de Atenção à Condução";"Atropelamento de Pedestre";"Com Vítimas Fatais";"Plena Noite";"Crescente";"Céu Claro";"Dupla";"Reta";"Não";3;1;0;0;1;1;0;2;-23,29996;-51,325795;"SPRF-PR";"DEL07-PR";"UOP01-DEL07-PR"
281275;2020-04-24;"sexta-feira";"19:50:00";"ES";101;148;"LINHARES";"Ingestão de Álcool";"Tombamento";"Com Vítimas Feridas";"Plena Noite";"Crescente";"Céu Claro";"Múltipla";"Interseção de Vias";"Sim";1;0;1;0;0;0;1;1;-19,38787399;-40,06752766;"SPRF-ES";"DEL04-ES";"UOP01-DEL04-ES"
281276;2020-04-24;"sexta-feira";"20:00:00";"MG";50;78,8;"UBERLANDIA";"Velocidade Incompatível";"Saída de leito carroçável";"Com Vítimas Feridas";"Plena Noite";"Crescente";"Céu Claro";"Dupla";"Reta";"Não";1;0;1;0;0;0;1;1;-18,986906;-48,211853;"SPRF-MG";"DEL15-MG";"UOP01-DEL15-MG"
281278;2020-04-24;"sexta-feira";"20:30:00";"MG";262;355;"BETIM";"Animais na Pista";"Atropelamento de Animal";"Com Vítimas Feridas";"Plena Noite";"Decrescente";"Céu Claro";"Dupla";"Reta";"Não";1;0;1;0;0;0;1;1;-19,96466575;-44,17285107;"SPRF-MG";"DEL01-MG";"UOP03-DEL01-MG"
281279;2020-04-24;"sexta-feira";"20:30:00";"SP";116;223;"GUARULHOS";"Falta de Atenção à Condução";"Colisão com objeto em movimento";"Com Vítimas Feridas";"Plena Noite";"Crescente";"Nublado";"Múltipla";"Reta";"Não";4;0;1;0;1;2;1;4;-23,47559815;-46,5246609;"SPRF-SP";"DEL01-SP";"UOP01-DEL01-SP"
281280;2020-04-24;"sexta-feira";"18:20:00";"SC";470;179,9;"POUSO REDONDO";"Falta de Atenção à Condução";"Colisão transversal";"Com Vítimas Feridas";"Plena Noite";"Decrescente";"Céu Claro";"Simples";"Reta";"Não";3;0;1;1;1;0;2;2;-27,247908;-49,977165;"SPRF-SC";"DEL04-SC";"UOP02-DEL04-SC"
281281;2020-04-24;"sexta-feira";"19:10:00";"RS";116;612,1;"ARROIO GRANDE";"Falta de Atenção à Condução";"Colisão com objeto estático";"Com Vítimas Feridas";"Plena Noite";"Crescente";"Céu Claro";"Simples";"Interseção de Vias";"Sim";5;0;2;0;3;0;2;2;-32,251217;-53,076706;"SPRF-RS";"DEL07-RS";"UOP03-DEL07-RS"
281283;2020-04-24;"sexta-feira";"19:50:00";"PI";316;7,8;"TERESINA";"Defeito na Via";"Tombamento";"Com Vítimas Feridas";"Plena Noite";"Crescente";"Nublado";"Simples";"Em Obras";"Sim";1;0;1;0;0;0;1;1;-5,15584638;-42,77173332;"SPRF-PI";"DEL01-PI";"UOP02-DEL01-PI"
281285;2020-04-24;"sexta-feira";"19:00:00";"MG";116;409,8;"GOVERNADOR VALADARES";"Falta de Atenção à Condução";"Colisão lateral";"Com Vítimas Feridas";"Plena Noite";"Crescente";"Ignorado";"Dupla";"Reta";"Sim";3;0;2;0;0;1;2;2;-18,84733039;-41,98021;"SPRF-MG";"DEL06-MG";"UOP01-DEL06-MG"
281286;2020-04-24;"sexta-feira";"18:30:00";"MG";116;423,6;"ALPERCATA";"Desobediência às normas de trânsito pelo condutor";"Colisão frontal";"Com Vítimas Feridas";"Plena Noite";"Decrescente";"Céu Claro";"Simples";"Interseção de Vias";"Sim";3;0;2;0;1;0;2;2;-18,95208996;-41,95709803;"SPRF-MG";"DEL06-MG";"UOP01-DEL06-MG"
281287;2020-04-24;"sexta-feira";"19:00:00";"AC";364;126;"RIO BRANCO";"Desobediência às normas de trânsito pelo condutor";"Colisão frontal";"Com Vítimas Feridas";"Plena Noite";"Decrescente";"Céu Claro";"Simples";"Reta";"Sim";4;0;0;1;2;1;1;3;-10,0183958;-67,81359315;"SPRF-AC";"DEL01-AC";"UOP01-DEL01-AC"
281290;2020-04-24;"sexta-feira";"18:25:00";"MG";381;358,8;"JOAO MONLEVADE";"Desobediência às normas de trânsito pelo condutor";"Colisão transversal";"Com Vítimas Feridas";"Plena Noite";"Decrescente";"Céu Claro";"Simples";"Reta";"Não";2;0;1;0;1;0;1;2;-19,85592801;-43,21689055;"SPRF-MG";"DEL03-MG";"UOP01-DEL03-MG"
281292;2020-04-24;"sexta-feira";"21:50:00";"PR";376;12,9;"MARINGA";"Velocidade Incompatível";"Colisão traseira";"Com Vítimas Fatais";"Plena Noite";"Decrescente";"Céu Claro";"Dupla";"Reta";"Não";2;1;0;0;1;0;0;2;-23,396322;-51,885159;"SPRF-PR";"DEL09-PR";"UOP01-DEL09-PR"
281293;2020-04-24;"sexta-feira";"19:40:00";"RJ";101;510;"ANGRA DOS REIS";"Falta de Atenção à Condução";"Colisão transversal";"Com Vítimas Feridas";"Plena Noite";"Crescente";"Céu Claro";"Simples";"Reta";"Não";2;0;0;1;1;0;1;2;-22,94890916;-44,43368912;"SPRF-RJ";"DEL03-RJ";"UOP02-DEL03-RJ"
281294;2020-04-24;"sexta-feira";"21:30:00";"GO";40;6,9;"VALPARAISO DE GOIAS";"Ingestão de Álcool";"Colisão lateral";"Sem Vítimas";"Plena Noite";"Crescente";"Nublado";"Dupla";"Reta";"Sim";7;0;0;0;7;0;0;2;-16,100814;-47,977351;"SPRF-DF";"DEL01-DF";"UOP01-DEL01-DF"
281295;2020-04-24;"sexta-feira";"21:30:00";"RJ";101;487;"ANGRA DOS REIS";"Desobediência às normas de trânsito pelo condutor";"Colisão transversal";"Com Vítimas Feridas";"Plena Noite";"Crescente";"Nublado";"Simples";"Reta";"Não";3;0;0;2;1;0;2;2;-22,969701;-44,298358;"SPRF-RJ";"DEL03-RJ";"UOP03-DEL03-RJ"
281296;2020-04-24;"sexta-feira";"22:00:00";"PR";369;480,2;"CORBELIA";"Desobediência às normas de trânsito pelo condutor";"Colisão frontal";"Com Vítimas Fatais";"Plena Noite";"Decrescente";"Céu Claro";"Simples";"Reta";"Não";2;1;1;0;0;0;1;2;-24,6436183;-53,2141727;"SPRF-PR";"DEL04-PR";"UOP03-DEL04-PR"
281297;2020-04-24;"sexta-feira";"23:00:00";"PR";376;601;"CURITIBA";"Falta de Atenção à Condução";"Saída de leito carroçável";"Sem Vítimas";"Plena Noite";"Decrescente";"Ignorado";"Dupla";"Curva";"Sim";1;0;0;0;0;1;0;1;-25,537054;-49,31404;"SPRF-PR";"DEL01-PR";"UOP06-DEL01-PR"
281299;2020-04-24;"sexta-feira";"10:50:00";"PA";230;118;"MARABA";"Desobediência às normas de trânsito pelo condutor";"Colisão traseira";"Com Vítimas Feridas";"Pleno dia";"Crescente";"Céu Claro";"Dupla";"Reta";"Sim";2;0;1;0;1;0;1;2;-5,35193706;-49,09794103;"SPRF-PA";"DEL03-PA";"UOP01-DEL03-PA"
281300;2020-04-24;"sexta-feira";"17:30:00";"TO";153;152;"ARAGUAINA";"Falta de Atenção à Condução";"Colisão transversal";"Com Vítimas Feridas";"Anoitecer";"Crescente";"Céu Claro";"Simples";"Reta";"Não";2;0;1;0;1;0;1;1;-7,264632;-48,262614;"SPRF-TO";"DEL02-TO";"UOP01-DEL02-TO"
281301;2020-04-24;"sexta-feira";"22:50:00";"DF";251;37;"BRASILIA";"Animais na Pista";"Colisão lateral";"Com Vítimas Feridas";"Plena Noite";"Crescente";"Nublado";"Simples";"Reta";"Não";2;0;0;1;1;0;1;2;-15,943965;-47,783104;"SPRF-DF";"DEL01-DF";"UOP01-DEL01-DF"
281302;2020-04-24;"sexta-feira";"22:45:00";"SC";280;71,5;"JARAGUA DO SUL";"Ingestão de Álcool";"Colisão com objeto estático";"Sem Vítimas";"Plena Noite";"Decrescente";"Céu Claro";"Simples";"Reta";"Não";1;0;0;0;1;0;0;1;-26,46151693;-49,13480597;"SPRF-SC";"DEL03-SC";"UOP03-DEL03-SC"
281304;2020-04-24;"sexta-feira";"21:30:00";"PR";369;168,3;"ROLANDIA";"Falta de Atenção à Condução";"Colisão lateral";"Sem Vítimas";"Plena Noite";"Decrescente";"Céu Claro";"Dupla";"Reta";"Não";2;0;0;0;2;0;0;2;-23,29996;-51,325795;"SPRF-PR";"DEL07-PR";"UOP01-DEL07-PR"
281305;2020-04-24;"sexta-feira";"22:35:00";"RO";319;63;"PORTO VELHO";"Desobediência às normas de trânsito pelo condutor";"Colisão lateral";"Com Vítimas Feridas";"Plena Noite";"Crescente";"Céu Claro";"Dupla";"Reta";"Sim";2;0;0;1;1;0;1;2;-8,757832;-63,886347;"SPRF-RO";"DEL01-RO";"UOP01-DEL01-RO"
281307;2020-04-24;"sexta-feira";"09:00:00";"PR";116;210,5;"RIO NEGRO";"Animais na Pista";"Atropelamento de Animal";"Sem Vítimas";"Pleno dia";"Crescente";"Céu Claro";"Simples";"Reta";"Sim";1;0;0;0;1;0;0;1;-26,07479435;-49,76117178;"SPRF-SC";"DEL06-SC";"UOP01-DEL06-SC"
281308;2020-04-24;"sexta-feira";"19:00:00";"SC";280;299,5;"PORTO UNIAO";"Desobediência às normas de trânsito pelo condutor";"Colisão frontal";"Com Vítimas Feridas";"Plena Noite";"Decrescente";"Céu Claro";"Simples";"Reta";"Não";3;0;0;1;2;0;1;2;-26,28420538;-51,0111179;"SPRF-SC";"DEL06-SC";"UOP04-DEL06-SC"
281309;2020-04-24;"sexta-feira";"22:35:00";"RJ";40;123,9;"RIO DE JANEIRO";"Falta de Atenção do Pedestre";"Atropelamento de Pedestre";"Com Vítimas Fatais";"Plena Noite";"Crescente";"Céu Claro";"Múltipla";"Reta";"Sim";2;1;0;0;0;1;0;2;-22,79907687;-43,29015739;"SPRF-RJ";"DEL01-RJ";"UOP01-DEL01-RJ"
281311;2020-04-24;"sexta-feira";"20:30:00";"MA";316;262;"SANTA INES";"Desobediência às normas de trânsito pelo condutor";"Colisão traseira";"Com Vítimas Feridas";"Plena Noite";"Crescente";"Nublado";"Simples";"Reta";"Sim";2;0;1;0;1;0;1;2;-3,675505;-45,380474;"SPRF-MA";"DEL02-MA";"UOP01-DEL02-MA"
281312;2020-04-24;"sexta-feira";"23:45:00";"SC";470;169,3;"POUSO REDONDO";"Ingestão de Álcool";"Colisão transversal";"Com Vítimas Fatais";"Plena Noite";"Decrescente";"Céu Claro";"Simples";"Reta";"Não";2;1;0;0;1;0;0;2;-27,265471;-49,882442;"SPRF-SC";"DEL04-SC";"UOP02-DEL04-SC"
281317;2020-04-25;"sábado";"02:00:00";"MS";163;256,2;"DOURADOS";"Desobediência às normas de trânsito pelo condutor";"Saída de leito carroçável";"Sem Vítimas";"Plena Noite";"Crescente";"Céu Claro";"Dupla";"Reta";"Sim";1;0;0;0;0;1;0;1;-22,258688;-54,804028;"SPRF-MS";"DEL04-MS";"UOP01-DEL04-MS"
281319;2020-04-25;"sábado";"02:30:00";"SC";101;362;"SANGAO";"Ingestão de Álcool";"Saída de leito carroçável";"Com Vítimas Feridas";"Plena Noite";"Crescente";"Céu Claro";"Simples";"Curva";"Não";1;0;1;0;0;0;1;1;-28,67136197;-49,12225505;"SPRF-SC";"DEL02-SC";"UOP01-DEL02-SC"
281322;2020-04-25;"sábado";"04:00:00";"RN";226;174,4;"CURRAIS NOVOS";"Ingestão de Álcool";"Atropelamento de Pedestre";"Com Vítimas Fatais";"Plena Noite";"Decrescente";"Nublado";"Simples";"Reta";"Sim";2;1;0;1;0;0;1;2;-6,25810872;-36,5042648;"SPRF-RN";"DEL03-RN";"UOP02-DEL03-RN"
281323;2020-04-25;"sábado";"04:20:00";"SC";101;113;"ITAJAI";"Falta de Atenção à Condução";"Saída de leito carroçável";"Sem Vítimas";"Plena Noite";"Crescente";"Céu Claro";"Dupla";"Reta";"Não";1;0;0;0;1;0;0;1;-26,85311393;-48,72689927;"SPRF-SC";"DEL04-SC";"UOP04-DEL04-SC"
281324;2020-04-25;"sábado";"00:30:00";"RR";174;365;"CARACARAI";"Falta de Atenção à Condução";"Colisão frontal";"Com Vítimas Fatais";"Plena Noite";"Crescente";"Céu Claro";"Simples";"Curva";"Não";1;1;0;0;0;0;0;1;1,810039;-61,149437;"SPRF-RR";"DEL01-RR";"UOP01-DEL01-RR"
281325;2020-04-25;"sábado";"04:55:00";"ES";101;293,9;"CARIACICA";"Velocidade Incompatível";"Saída de leito carroçável";"Com Vítimas Feridas";"Plena Noite";"Crescente";"Chuva";"Dupla";"Curva";"Sim";1;0;1;0;0;0;1;1;-20,32468762;-40,39578438;"SPRF-ES";"DEL01-ES";"UOP01-DEL01-ES"
281327;2020-04-24;"sexta-feira";"18:50:00";"SC";163;83;"GUARACIABA";"Ingestão de Álcool";"Colisão frontal";"Com Vítimas Feridas";"Plena Noite";"Decrescente";"Céu Claro";"Simples";"Reta";"Não";2;0;0;1;0;1;1;2;-26,62425308;-53,51596135;"SPRF-SC";"DEL07-SC";"UOP03-DEL07-SC"
281329;2020-04-25;"sábado";"06:00:00";"AL";104;85;"RIO LARGO";"Restrição de Visibilidade";"Colisão frontal";"Com Vítimas Feridas";"Pleno dia";"Decrescente";"Nevoeiro/Neblina";"Dupla";"Reta";"Não";2;0;2;0;0;0;2;2;-9,45849606;-35,82849117;"SPRF-AL";"DEL01-AL";"UOP01-DEL01-AL"
281330;2020-04-25;"sábado";"05:30:00";"RJ";116;183,7;"NOVA IGUACU";"Falta de Atenção do Pedestre";"Atropelamento de Pedestre";"Com Vítimas Fatais";"Amanhecer";"Decrescente";"Ignorado";"Dupla";"Reta";"Sim";2;1;0;0;0;1;0;2;-22,7516014;-43,43849831;"SPRF-RJ";"DEL01-RJ";"UOP02-DEL01-RJ"
281332;2020-04-25;"sábado";"06:20:00";"SP";116;220,6;"GUARULHOS";"Ingestão de Álcool";"Queda de ocupante de veículo";"Com Vítimas Feridas";"Amanhecer";"Decrescente";"Nublado";"Múltipla";"Reta";"Sim";1;0;0;1;0;0;1;1;-23,46472809;-46,49793962;"SPRF-SP";"DEL01-SP";"UOP01-DEL01-SP"
281334;2020-04-25;"sábado";"07:00:00";"SC";101;142;"ITAPEMA";"Objeto estático sobre o leito carroçável";"Queda de ocupante de veículo";"Com Vítimas Feridas";"Pleno dia";"Crescente";"Céu Claro";"Dupla";"Curva";"Não";1;0;1;0;0;0;1;1;-27,05985;-48,59675;"SPRF-SC";"DEL04-SC";"UOP03-DEL04-SC"
281335;2020-04-24;"sexta-feira";"17:45:00";"PA";230;114,8;"MARABA";"Velocidade Incompatível";"Capotamento";"Com Vítimas Feridas";"Anoitecer";"Crescente";"Céu Claro";"Simples";"Curva";"Não";1;0;1;0;0;0;1;1;-5,3607851;-49,07991886;"SPRF-PA";"DEL03-PA";"UOP01-DEL03-PA"
281336;2020-04-25;"sábado";"07:00:00";"MG";40;480,5;"SETE LAGOAS";"Objeto estático sobre o leito carroçável";"Saída de leito carroçável";"Com Vítimas Feridas";"Pleno dia";"Decrescente";"Céu Claro";"Dupla";"Declive;Reta";"Não";1;0;1;0;0;0;1;1;-19,54293519;-44,2485434;"SPRF-MG";"DEL02-MG";"UOP01-DEL02-MG"
281337;2020-04-25;"sábado";"06:30:00";"MG";381;478;"CONTAGEM";"Não guardar distância de segurança";"Colisão traseira";"Com Vítimas Feridas";"Amanhecer";"Decrescente";"Céu Claro";"Dupla";"Reta";"Sim";3;0;0;1;2;0;1;2;-19,96130693;-44,0374428;"SPRF-MG";"DEL01-MG";"UOP03-DEL01-MG"
281338;2020-04-25;"sábado";"07:30:00";"ES";101;281;"SERRA";"Falta de Atenção à Condução";"Tombamento";"Com Vítimas Feridas";"Pleno dia";"Crescente";"Céu Claro";"Dupla";"Reta";"Sim";1;0;1;0;0;0;1;1;-20,22112792;-40,35720552;"SPRF-ES";"DEL02-ES";"UOP01-DEL02-ES"
281339;2020-04-25;"sábado";"07:30:00";"PR";116;127;"FAZENDA RIO GRANDE";"Velocidade Incompatível";"Colisão com objeto estático";"Com Vítimas Feridas";"Pleno dia";"Decrescente";"Nublado";"Dupla";"Reta";"Não";2;0;1;0;1;0;1;2;-25,612752;-49,31859701;"SPRF-PR";"DEL01-PR";"UOP03-DEL01-PR"
281340;2020-04-25;"sábado";"07:35:00";"SC";116;3;"MAFRA";"Ingestão de Álcool";"Saída de leito carroçável";"Com Vítimas Feridas";"Pleno dia";"Decrescente";"Céu Claro";"Simples";"Curva";"Sim";1;0;1;0;0;0;1;1;-26,13073161;-49,79922442;"SPRF-SC";"DEL06-SC";"UOP01-DEL06-SC"
281344;2020-04-25;"sábado";"08:30:00";"DF";70;17;"BRASILIA";"Falta de Atenção à Condução";"Colisão lateral";"Com Vítimas Feridas";"Pleno dia";"Crescente";"Céu Claro";"Dupla";"Reta";"Sim";1;0;1;0;0;0;1;1;-15,794133;-48,202095;"SPRF-DF";"DEL03-DF";"UOP02-DEL03-DF"
281346;2020-04-25;"sábado";"07:40:00";"RO";364;232,1;"CACOAL";"Falta de Atenção à Condução";"Colisão transversal";"Com Vítimas Fatais";"Pleno dia";"Decrescente";"Sol";"Simples";"Reta";"Sim";4;1;2;1;0;0;3;2;-11,464692;-61,408965;"SPRF-RO";"DEL02-RO";"UOP02-DEL02-RO"
281347;2020-04-05;"domingo";"20:20:00";"PR";116;7;"CAMPINA GRANDE DO SUL";"Falta de Atenção à Condução";"Atropelamento de Pedestre";"Com Vítimas Fatais";"Plena Noite";"Crescente";"Céu Claro";"Dupla";"Reta";"Sim";2;1;0;0;1;0;0;2;-25,3683;-49,1074;"SPRF-PR";"DEL01-PR";"UOP01-DEL01-PR"
281348;2020-04-25;"sábado";"08:15:00";"SC";101;353,8;"SANGAO";"Falta de Atenção à Condução";"Saída de leito carroçável";"Sem Vítimas";"Amanhecer";"Decrescente";"Céu Claro";"Dupla";"Reta";"Não";1;0;0;0;0;1;0;1;-28,621811;-49,075841;"SPRF-SC";"DEL02-SC";"UOP01-DEL02-SC"
281349;2020-04-25;"sábado";"06:30:00";"SC";101;242;"PALHOCA";"Ingestão de Substâncias Psicoativas";"Colisão com objeto estático";"Sem Vítimas";"Pleno dia";"Crescente";"Céu Claro";"Simples";"Curva";"Não";1;0;0;0;1;0;0;1;-27,87545797;-48,64678433;"SPRF-SC";"DEL01-SC";"UOP02-DEL01-SC"
281353;2020-04-25;"sábado";"07:10:00";"RS";116;521;"PELOTAS";"Desobediência às normas de trânsito pelo condutor";"Colisão transversal";"Com Vítimas Feridas";"Pleno dia";"Decrescente";"Céu Claro";"Dupla";"Rotatória";"Sim";3;0;1;0;2;0;1;2;-31,70752405;-52,36800695;"SPRF-RS";"DEL07-RS";"UOP01-DEL07-RS"
281357;2020-04-25;"sábado";"10:10:00";"RS";116;246,9;"SAO LEOPOLDO";"Falta de Atenção à Condução";"Saída de leito carroçável";"Com Vítimas Feridas";"Pleno dia";"Crescente";"Sol";"Dupla";"Rotatória";"Sim";1;0;1;0;0;0;1;1;-29,758751;-51,15186806;"SPRF-RS";"DEL01-RS";"UOP02-DEL01-RS"
281358;2020-04-25;"sábado";"09:40:00";"BA";330;812;"JITAUNA";"Defeito Mecânico no Veículo";"Queda de ocupante de veículo";"Com Vítimas Feridas";"Pleno dia";"Crescente";"Céu Claro";"Simples";"Curva";"Não";2;0;2;0;0;0;2;1;-14,00882475;-39,904926;"SPRF-BA";"DEL05-BA";"UOP01-DEL05-BA"
281360;2020-04-25;"sábado";"10:00:00";"SC";280;129,6;"RIO NEGRINHO";"Falta de Atenção à Condução";"Colisão transversal";"Com Vítimas Feridas";"Pleno dia";"Decrescente";"Sol";"Simples";"Reta";"Sim";3;0;1;0;2;0;1;2;-26,256242;-49,54061508;"SPRF-SC";"DEL06-SC";"UOP03-DEL06-SC"
281361;2020-04-25;"sábado";"11:20:00";"SC";470;2;"NAVEGANTES";"Objeto estático sobre o leito carroçável";"Tombamento";"Com Vítimas Feridas";"Pleno dia";"Decrescente";"Céu Claro";"Simples";"Reta";"Não";1;0;0;1;0;0;1;1;-26,868551;-48,674831;"SPRF-SC";"DEL04-SC";"UOP04-DEL04-SC"
281362;2020-04-25;"sábado";"11:15:00";"PA";163;1004;"SANTAREM";"Falta de Atenção à Condução";"Colisão transversal";"Com Vítimas Feridas";"Pleno dia";"Crescente";"Céu Claro";"Dupla";"Interseção de Vias";"Sim";2;0;1;0;1;0;1;2;-2,43417749;-54,73366598;"SPRF-PA";"DEL05-PA";"UOP01-DEL05-PA"
281363;2020-04-24;"sexta-feira";"22:30:00";"SE";101;115,7;"ITAPORANGA DAJUDA";"Velocidade Incompatível";"Saída de leito carroçável";"Sem Vítimas";"Plena Noite";"Decrescente";"Ignorado";"Dupla";"Curva";"Não";1;0;0;0;0;1;0;1;-11,01091741;-37,31158733;"SPRF-SE";"DEL02-SE";"UOP01-DEL02-SE"
281366;2020-04-25;"sábado";"11:15:00";"BA";116;826;"VITORIA DA CONQUISTA";"Falta de Atenção à Condução";"Colisão transversal";"Com Vítimas Feridas";"Pleno dia";"Decrescente";"Céu Claro";"Dupla";"Retorno Regulamentado";"Sim";2;0;1;0;1;0;1;2;-14,82104614;-40,81381393;"SPRF-BA";"DEL08-BA";"UOP01-DEL08-BA"
281367;2020-04-25;"sábado";"11:50:00";"PR";277;61,1;"SAO JOSE DOS PINHAIS";"Falta de Atenção à Condução";"Tombamento";"Com Vítimas Feridas";"Pleno dia";"Crescente";"Sol";"Múltipla";"Reta";"Não";1;0;1;0;0;0;1;1;-25,56895101;-48,99932401;"SPRF-PR";"DEL01-PR";"UOP07-DEL01-PR"
281369;2020-04-25;"sábado";"12:20:00";"ES";101;256,4;"SERRA";"Desobediência às normas de trânsito pelo condutor";"Colisão transversal";"Com Vítimas Feridas";"Pleno dia";"Crescente";"Céu Claro";"Simples";"Rotatória";"Sim";2;0;1;0;1;0;1;2;-20,119123;-40,311005;"SPRF-ES";"DEL02-ES";"UOP01-DEL02-ES"
281371;2020-03-16;"segunda-feira";"06:50:00";"DF";80;13,7;"BRASILIA";"Não guardar distância de segurança";"Colisão traseira";"Com Vítimas Feridas";"Pleno dia";"Decrescente";"Céu Claro";"Simples";"Declive";"Sim";3;0;1;0;2;0;1;3;-15,728034;-48,193768;"SPRF-DF";"DEL03-DF";"UOP02-DEL03-DF"
281374;2020-04-25;"sábado";"12:45:00";"PR";376;179;"MARINGA";"Falta de Atenção à Condução";"Colisão traseira";"Com Vítimas Feridas";"Pleno dia";"Crescente";"Céu Claro";"Dupla";"Reta";"Sim";3;0;1;0;2;0;1;2;-23,42009;-51,91091;"SPRF-PR";"DEL09-PR";"UOP01-DEL09-PR"
281375;2020-04-25;"sábado";"10:10:00";"MT";0;0;"CUIABA";"Falta de Atenção à Condução";"Colisão lateral";"Sem Vítimas";"Pleno dia";"Não Informado";"Céu Claro";"Dupla";"Interseção de Vias";"Sim";3;0;0;0;3;0;0;2;-15,53489243;-56,07590502;"SPRF-MT";"DEL01-MT";"UOP02-DEL01-MT"
281377;2020-04-25;"sábado";"12:10:00";"BA";101;505;"ITABUNA";"Desobediência às normas de trânsito pelo condutor";"Colisão frontal";"Com Vítimas Feridas";"Pleno dia";"Decrescente";"Céu Claro";"Simples";"Reta";"Sim";2;0;1;0;1;0;1;2;-14,949265;-39,3042109;"SPRF-BA";"DEL05-BA";"UOP01-DEL05-BA"
281380;2020-04-25;"sábado";"12:15:00";"SC";101;59,8;"ARAQUARI";"Ingestão de Álcool";"Colisão com objeto estático";"Com Vítimas Feridas";"Pleno dia";"Decrescente";"Céu Claro";"Dupla";"Reta";"Não";1;0;1;0;0;0;1;1;-26,44651734;-48,79426826;"SPRF-SC";"DEL03-SC";"UOP02-DEL03-SC"
281381;2020-04-25;"sábado";"13:30:00";"PB";230;2;"CABEDELO";"Falta de Atenção à Condução";"Colisão traseira";"Sem Vítimas";"Pleno dia";"Crescente";"Céu Claro";"Dupla";"Reta";"Não";2;0;0;0;1;1;0;2;-6,98259442;-34,82977152;"SPRF-PB";"DEL01-PB";"UOP01-DEL01-PB"
281382;2020-04-25;"sábado";"13:00:00";"PI";316;1;"TERESINA";"Desobediência às normas de trânsito pelo condutor";"Colisão transversal";"Com Vítimas Feridas";"Pleno dia";"Decrescente";"Céu Claro";"Simples";"Reta";"Sim";3;0;2;0;1;0;2;2;-5,1286185319;-42,8070677847;"SPRF-PI";"DEL01-PI";"UOP02-DEL01-PI"
281383;2020-04-25;"sábado";"14:20:00";"RJ";465;14;"SEROPEDICA";"Falta de Atenção à Condução";"Colisão traseira";"Com Vítimas Feridas";"Pleno dia";"Crescente";"Céu Claro";"Simples";"Reta";"Sim";3;0;2;0;1;0;2;2;-22,804979;-43,638828;"SPRF-RJ";"DEL01-RJ";"UOP03-DEL01-RJ"
281385;2020-03-16;"segunda-feira";"06:48:00";"MT";364;198;"RONDONOPOLIS";"Falta de Atenção à Condução";"Colisão lateral";"Com Vítimas Feridas";"Pleno dia";"Decrescente";"Ignorado";"Dupla";"Curva";"Sim";1;0;0;1;0;0;1;1;-16,49781783;-54,63597536;"SPRF-MT";"DEL02-MT";"UOP01-DEL02-MT"
281389;2020-04-25;"sábado";"14:28:00";"MG";116;271,1;"TEOFILO OTONI";"Velocidade Incompatível";"Atropelamento de Pedestre";"Com Vítimas Feridas";"Pleno dia";"Crescente";"Nublado";"Simples";"Reta";"Não";3;0;1;1;1;0;2;2;-17,81112005;-41,49703981;"SPRF-MG";"DEL11-MG";"UOP01-DEL11-MG"
281390;2020-04-25;"sábado";"15:00:00";"MG";40;681,3;"RESSAQUINHA";"Falta de Atenção do Pedestre";"Atropelamento de Pedestre";"Com Vítimas Feridas";"Pleno dia";"Decrescente";"Céu Claro";"Simples";"Reta";"Não";2;0;0;1;1;0;1;2;-21,04143991;-43,76209691;"SPRF-MG";"DEL05-MG";"UOP02-DEL05-MG"