"id";"data_inversa";"dia_semana";"horario";"uf";"br";"km";"municipio";"causa_acidente";"tipo_acidente";"classificacao_acidente";"fase_dia";"sentido_via";"condicao_metereologica";"tipo_pista";"tracado_via";"uso_solo";"pessoas";"mortos";"feridos_leves";"feridos_graves";"ilesos";"ignorados";"feridos";"veiculos";"latitude";"longitude";"regional";"delegacia";"uop"
281391;2020-04-25;"sábado";"15:20:00";"PE";101;72,4;"RECIFE";"Falta de Atenção do Pedestre";"Atropelamento de Pedestre";"Com Vítimas Fatais";"Pleno dia";"Crescente";"Nublado";"Dupla";"Declive;Curva";"Sim";2;1;0;0;1;0;0;2;-8,090814;-34,946912;"SPRF-PE";"DEL01-PE";"UOP01-DEL01-PE"
281392;2020-04-25;"sábado";"15:00:00";"SC";282;4,8;"SAO JOSE";"Falta de Atenção à Condução";"Colisão lateral";"Com Vítimas Feridas";"Pleno dia";"Crescente";"Céu Claro";"Dupla";"Reta";"Sim";2;0;1;0;1;0;1;2;-27,592646;-48,604034;"SPRF-SC";"DEL01-SC";"UOP01-DEL01-SC"
281393;2020-04-25;"sábado";"15:15:00";"ES";262;6,5;"CARIACICA";"Defeito na Via";"Tombamento";"Com Vítimas Feridas";"Pleno dia";"Crescente";"Céu Claro";"Múltipla";"Reta";"Sim";2;0;0;1;0;1;1;2;-20,34007493;-40,39451305;"SPRF-ES";"DEL01-ES";"UOP01-DEL01-ES"
281394;2020-04-25;"sábado";"15:00:00";"SC";101;375;"ICARA";"Falta de Atenção à Condução";"Saída de leito carroçável";"Com Vítimas Feridas";"Pleno dia";"Crescente";"Céu Claro";"Dupla";"Reta";"Não";1;0;1;0;0;0;1;1;-28,73153894;-49,24415588;"SPRF-SC";"DEL02-SC";"UOP01-DEL02-SC"
281396;2020-04-25;"sábado";"14:55:00";"PR";116;12;"COLOMBO";"Ingestão de Álcool";"Colisão com objeto estático";"Com Vítimas Feridas";"Pleno dia";"Decrescente";"Sol";"Dupla";"Reta";"Sim";1;0;0;1;0;0;1;1;-25,3755;-49,1496;"SPRF-PR";"DEL01-PR";"UOP01-DEL01-PR"
281397;2020-04-25;"sábado";"15:40:00";"PR";376;617;"SAO JOSE DOS PINHAIS";"Falta de Atenção à Condução";"Colisão lateral";"Com Vítimas Feridas";"Pleno dia";"Decrescente";"Céu Claro";"Dupla";"Curva";"Sim";4;0;1;0;3;0;1;2;-25,58426494;-49,17618795;"SPRF-PR";"DEL01-PR";"UOP01-DEL01-PR"
281399;2020-04-25;"sábado";"14:00:00";"SC";101;54;"JOINVILLE";"Ingestão de Álcool";"Colisão com objeto estático";"Sem Vítimas";"Pleno dia";"Crescente";"Sol";"Dupla";"Reta";"Sim";1;0;0;0;1;0;0;1;-26,41319508;-48,83617332;"SPRF-SC";"DEL03-SC";"UOP01-DEL03-SC"
281400;2020-04-25;"sábado";"15:30:00";"SC";280;207,7;"MAFRA";"Desobediência às normas de trânsito pelo condutor";"Saída de leito carroçável";"Sem Vítimas";"Pleno dia";"Crescente";"Céu Claro";"Simples";"Curva";"Não";1;0;0;0;1;0;0;1;-26,16527904;-50,14233179;"SPRF-SC";"DEL06-SC";"UOP01-DEL06-SC"
281401;2020-04-25;"sábado";"15:20:00";"RJ";40;84;"PETROPOLIS";"Pista Escorregadia";"Tombamento";"Com Vítimas Feridas";"Pleno dia";"Crescente";"Céu Claro";"Simples";"Túnel";"Sim";1;0;1;0;0;0;1;1;-22,5238355;-43,23738098;"SPRF-RJ";"DEL06-RJ";"UOP01-DEL06-RJ"
281404;2020-04-25;"sábado";"16:10:00";"MG";40;828,9;"SIMAO PEREIRA";"Velocidade Incompatível";"Tombamento";"Com Vítimas Feridas";"Pleno dia";"Crescente";"Céu Claro";"Dupla";"Curva";"Não";1;0;1;0;0;0;1;1;-21,99767805;-43,28660485;"SPRF-MG";"DEL05-MG";"UOP01-DEL05-MG"
281405;2020-04-25;"sábado";"16:45:00";"RS";386;349;"LAJEADO";"Falta de Atenção à Condução";"Queda de ocupante de veículo";"Com Vítimas Feridas";"Pleno dia";"Decrescente";"Céu Claro";"Simples";"Reta";"Sim";2;0;1;0;1;0;1;2;-29,465483;-51,95509;"SPRF-RS";"DEL04-RS";"UOP02-DEL04-RS"
281406;2020-04-25;"sábado";"15:00:00";"MG";381;718,8;"CARMO DA CACHOEIRA";"Objeto estático sobre o leito carroçável";"Colisão com objeto estático";"Com Vítimas Feridas";"Pleno dia";"Crescente";"Céu Claro";"Dupla";"Reta";"Não";3;0;2;0;1;0;2;1;-21,44490388;-45,20930119;"SPRF-MG";"DEL04-MG";"UOP02-DEL04-MG"
281408;2020-04-25;"sábado";"16:30:00";"PI";316;178;"VALENCA DO PIAUI";"Desobediência às normas de trânsito pelo condutor";"Colisão frontal";"Com Vítimas Fatais";"Anoitecer";"Decrescente";"Chuva";"Simples";"Curva";"Não";5;1;1;3;0;0;4;2;-6,22998648;-41,97594992;"SPRF-PI";"DEL04-PI";"UOP02-DEL04-PI"
281409;2020-04-25;"sábado";"15:58:00";"MT";163;723,6;"SORRISO";"Defeito Mecânico no Veículo";"Queda de ocupante de veículo";"Com Vítimas Feridas";"Anoitecer";"Crescente";"Nublado";"Simples";"Reta";"Não";2;0;2;0;0;0;2;1;-12,777976;-55,836783;"SPRF-MT";"DEL06-MT";"UOP01-DEL06-MT"
281410;2020-04-25;"sábado";"15:30:00";"ES";101;92;"JAGUARE";"Falta de Atenção à Condução";"Colisão traseira";"Com Vítimas Feridas";"Pleno dia";"Decrescente";"Chuva";"Simples";"Reta";"Não";3;0;2;0;1;0;2;2;-18,90746389;-39,96040821;"SPRF-ES";"DEL04-ES";"UOP02-DEL04-ES"
281411;2020-04-25;"sábado";"17:15:00";"SP";116;316;"SAO LOURENCO DA SERRA";"Agressão Externa";"Colisão com objeto estático";"Com Vítimas Feridas";"Pleno dia";"Crescente";"Céu Claro";"Dupla";"Curva";"Não";1;0;1;0;0;0;1;1;-23,91054997;-46,99149375;"SPRF-SP";"DEL04-SP";"UOP01-DEL04-SP"
281412;2020-04-25;"sábado";"17:20:00";"PB";230;160,6;"CAMPINA GRANDE";"Desobediência às normas de trânsito pelo condutor";"Colisão transversal";"Sem Vítimas";"Pleno dia";"Decrescente";"Nublado";"Simples";"Reta";"Sim";2;0;0;0;2;0;0;2;-7,2436;-35,9375;"SPRF-PB";"DEL02-PB";"UOP01-DEL02-PB"
281413;2020-04-25;"sábado";"15:00:00";"BA";101;914;"NOVA VICOSA";"Desobediência às normas de trânsito pelo condutor";"Saída de leito carroçável";"Com Vítimas Feridas";"Pleno dia";"Decrescente";"Chuva";"Simples";"Reta";"Não";1;0;1;0;0;0;1;1;-17,839784;-39,798863;"SPRF-BA";"DEL09-BA";"UOP02-DEL09-BA"
281415;2020-04-25;"sábado";"15:50:00";"SC";101;158,3;"PORTO BELO";"Falta de Atenção do Pedestre";"Atropelamento de Pedestre";"Com Vítimas Fatais";"Pleno dia";"Crescente";"Céu Claro";"Múltipla";"Reta";"Sim";3;1;0;0;1;1;0;3;-27,19472611;-48,61305892;"SPRF-SC";"DEL04-SC";"UOP03-DEL04-SC"
281416;2020-04-25;"sábado";"17:30:00";"SP";116;29,9;"CRUZEIRO";"Falta de Atenção à Condução";"Colisão lateral";"Com Vítimas Feridas";"Anoitecer";"Crescente";"Céu Claro";"Dupla";"Reta";"Sim";4;0;2;0;1;1;2;3;-22,62913624;-44,92451055;"SPRF-SP";"DEL08-SP";"UOP02-DEL08-SP"
281417;2020-04-25;"sábado";"16:40:00";"MT";163;854;"SINOP";"Falta de Atenção à Condução";"Colisão transversal";"Sem Vítimas";"Pleno dia";"Crescente";"Céu Claro";"Simples";"Reta";"Sim";5;0;0;0;5;0;0;2;-11,82938089;-55,4867824;"SPRF-MT";"DEL06-MT";"NPF/DEL06-MT"
281419;2020-04-25;"sábado";"17:30:00";"ES";101;249;"SERRA";"Ingestão de Álcool";"Saída de leito carroçável";"Sem Vítimas";"Plena Noite";"Crescente";"Céu Claro";"Dupla";"Curva";"Não";1;0;0;0;1;0;0;1;-20,07371936;-40,35345531;"SPRF-ES";"DEL02-ES";"UOP01-DEL02-ES"
281421;2020-04-25;"sábado";"17:35:00";"PB";230;40,7;"SANTA RITA";"Animais na Pista";"Atropelamento de Animal";"Com Vítimas Feridas";"Anoitecer";"Decrescente";"Nublado";"Dupla";"Reta";"Sim";2;0;2;0;0;0;2;1;-7,1414;-34,9778;"SPRF-PB";"DEL01-PB";"UOP03-DEL01-PB"
281423;2020-04-25;"sábado";"15:30:00";"SP";116;228,8;"SAO PAULO";"Mal Súbito";"Colisão com objeto estático";"Com Vítimas Feridas";"Pleno dia";"Crescente";"Céu Claro";"Múltipla";"Reta";"Sim";1;0;1;0;0;0;1;1;-23,50343484;-46,56638712;"SPRF-SP";"DEL01-SP";"UOP01-DEL01-SP"
281424;2020-02-09;"domingo";"20:15:00";"RJ";116;137;"DUQUE DE CAXIAS";"Falta de Atenção à Condução";"Atropelamento de Pedestre";"Com Vítimas Feridas";"Plena Noite";"Crescente";"Céu Claro";"Dupla";"Viaduto";"Sim";2;0;0;1;0;1;1;2;-22,64791994;-43,18200799;"SPRF-RJ";"DEL04-RJ";"UOP02-DEL04-RJ"
281425;2020-04-25;"sábado";"18:48:00";"PA";163;1003;"SANTAREM";"Falta de Atenção do Pedestre";"Atropelamento de Pedestre";"Com Vítimas Feridas";"Anoitecer";"Decrescente";"Céu Claro";"Dupla";"Reta";"Sim";2;0;0;1;0;1;1;2;-2,43844298;-54,73292112;"SPRF-PA";"DEL05-PA";"UOP01-DEL05-PA"
281426;2020-04-25;"sábado";"18:20:00";"CE";226;221,8;"PEDRA BRANCA";"Animais na Pista";"Atropelamento de Animal";"Com Vítimas Fatais";"Plena Noite";"Decrescente";"Céu Claro";"Simples";"Curva";"Não";1;1;0;0;0;0;0;1;-5,4529248208;-39,7217098774;"SPRF-CE";"DEL02-CE";"UOP02-DEL02-CE"
281428;2020-04-25;"sábado";"19:20:00";"PR";277;729;"FOZ DO IGUACU";"Desobediência às normas de trânsito pelo condutor";"Colisão com objeto estático";"Com Vítimas Feridas";"Plena Noite";"Crescente";"Ignorado";"Dupla";"Reta";"Sim";1;0;0;1;0;0;1;1;-25,50749887;-54,58379896;"SPRF-PR";"DEL05-PR";"UOP03-DEL05-PR"
281431;2020-04-25;"sábado";"19:55:00";"SC";101;200;"SAO JOSE";"Falta de Atenção à Condução";"Colisão lateral";"Com Vítimas Feridas";"Plena Noite";"Crescente";"Céu Claro";"Dupla";"Aclive";"Sim";2;0;1;0;1;0;1;2;-27,54018513;-48,62287714;"SPRF-SC";"DEL01-SC";"UOP01-DEL01-SC"
281434;2020-04-25;"sábado";"19:40:00";"SC";470;60,2;"BLUMENAU";"Falta de Atenção à Condução";"Colisão transversal";"Com Vítimas Feridas";"Plena Noite";"Decrescente";"Céu Claro";"Simples";"Reta";"Sim";2;0;2;0;0;0;2;2;-26,88138;-49,164543;"SPRF-SC";"DEL04-SC";"UOP01-DEL04-SC"
281435;2020-04-25;"sábado";"18:30:00";"MS";267;680,5;"PORTO MURTINHO";"Animais na Pista";"Atropelamento de Animal";"Com Vítimas Feridas";"Plena Noite";"Crescente";"Céu Claro";"Simples";"Reta";"Não";2;0;1;1;0;0;2;1;-21,701;-57,850643;"SPRF-MS";"DEL05-MS";"UOP01-DEL05-MS"
281436;2020-04-25;"sábado";"18:30:00";"RS";153;50;"ERECHIM";"Velocidade Incompatível";"Saída de leito carroçável";"Com Vítimas Feridas";"Anoitecer";"Decrescente";"Céu Claro";"Simples";"Reta";"Sim";2;0;2;0;0;0;2;1;-27,65623359;-52,27554709;"SPRF-RS";"DEL08-RS";"UOP04-DEL08-RS"
281437;2020-04-25;"sábado";"18:00:00";"BA";101;40,4;"ESPLANADA";"Desobediência às normas de trânsito pelo condutor";"Colisão frontal";"Sem Vítimas";"Plena Noite";"Crescente";"Nublado";"Simples";"Aclive";"Não";2;0;0;0;1;1;0;2;-11,85684103;-37,99204638;"SPRF-SE";"DEL02-SE";"UOP03-DEL02-SE"
281438;2020-04-25;"sábado";"19:00:00";"SP";116;199;"ARUJA";"Falta de Atenção à Condução";"Colisão traseira";"Com Vítimas Feridas";"Plena Noite";"Decrescente";"Céu Claro";"Múltipla";"Reta";"Não";2;0;1;1;0;0;2;2;-23,40185327;-46,31154312;"SPRF-SP";"DEL01-SP";"UOP01-DEL01-SP"
281440;2020-04-25;"sábado";"18:00:00";"RJ";116;302;"RESENDE";"Falta de Atenção do Pedestre";"Atropelamento de Pedestre";"Com Vítimas Fatais";"Plena Noite";"Crescente";"Céu Claro";"Dupla";"Reta";"Não";2;1;0;0;1;0;0;2;-22,45364576;-44,37040802;"SPRF-RJ";"DEL07-RJ";"UOP02-DEL07-RJ"
281441;2020-04-25;"sábado";"09:40:00";"MA";222;672;"ACAILANDIA";"Desobediência às normas de trânsito pelo condutor";"Colisão lateral";"Com Vítimas Feridas";"Pleno dia";"Crescente";"Sol";"Simples";"Reta";"Sim";2;0;1;0;1;0;1;2;-4,93952003;-47,46257583;"SPRF-MA";"DEL04-MA";"UOP03-DEL04-MA"
281442;2020-04-25;"sábado";"18:40:00";"PI";316;311,7;"PICOS";"Falta de Atenção à Condução";"Tombamento";"Sem Vítimas";"Plena Noite";"Decrescente";"Céu Claro";"Dupla";"Reta";"Sim";1;0;0;0;1;0;0;1;-7,08092534;-41,4582602;"SPRF-PI";"DEL04-PI";"UOP01-DEL04-PI"
281443;2020-04-25;"sábado";"19:50:00";"SC";470;15,8;"ILHOTA";"Desobediência às normas de trânsito pelo condutor";"Colisão lateral";"Sem Vítimas";"Plena Noite";"Crescente";"Nublado";"Simples";"Reta";"Não";3;0;0;0;1;2;0;3;-26,839785;-48,785534;"SPRF-SC";"DEL04-SC";"UOP04-DEL04-SC"
281445;2020-04-25;"sábado";"19:40:00";"BA";324;543;"AMELIA RODRIGUES";"Avarias e/ou desgaste excessivo no pneu";"Capotamento";"Com Vítimas Feridas";"Plena Noite";"Decrescente";"Chuva";"Dupla";"Reta";"Sim";2;0;1;0;0;1;1;2;-12,39713005;-38,76807002;"SPRF-BA";"DEL01-BA";"UOP01-DEL01-BA"
281447;2020-04-25;"sábado";"19:00:00";"RS";101;7,6;"TORRES";"Falta de Atenção à Condução";"Colisão frontal";"Com Vítimas Fatais";"Anoitecer";"Decrescente";"Céu Claro";"Múltipla";"Interseção de Vias";"Sim";3;1;1;1;0;0;2;3;-29,35399189;-49,8004501;"SPRF-RS";"DEL03-RS";"UOP02-DEL03-RS"
281448;2020-04-25;"sábado";"18:50:00";"RO";364;708;"PORTO VELHO";"Defeito na Via";"Tombamento";"Com Vítimas Feridas";"Plena Noite";"Crescente";"Céu Claro";"Dupla";"Curva";"Não";2;0;2;0;0;0;2;1;-8,79554083;-63,84072487;"SPRF-RO";"DEL01-RO";"UOP01-DEL01-RO"
281449;2020-04-25;"sábado";"19:55:00";"MG";262;446,7;"NOVA SERRANA";"Desobediência às normas de trânsito pelo condutor";"Colisão frontal";"Com Vítimas Feridas";"Plena Noite";"Crescente";"Céu Claro";"Simples";"Reta";"Sim";5;0;0;2;1;2;2;3;-19,8616142;-45,00330448;"SPRF-MG";"DEL08-MG";"UOP03-DEL08-MG"
281450;2020-04-25;"sábado";"19:58:00";"PR";277;572,1;"CASCAVEL";"Não guardar distância de segurança";"Colisão traseira";"Com Vítimas Feridas";"Plena Noite";"Crescente";"Céu Claro";"Simples";"Curva";"Não";3;0;1;1;1;0;2;2;-25,00737801;-53,29663858;"SPRF-PR";"DEL04-PR";"UOP01-DEL04-PR"
281451;2020-04-25;"sábado";"20:40:00";"PR";277;669;"MEDIANEIRA";"Velocidade Incompatível";"Saída de leito carroçável";"Com Vítimas Feridas";"Plena Noite";"Crescente";"Céu Claro";"Dupla";"Declive";"Não";1;0;1;0;0;0;1;1;-25,27562214;-54,0709859;"SPRF-PR";"DEL05-PR";"UOP02-DEL05-PR"
281452;2020-04-25;"sábado";"20:10:00";"PB";361;5;"PATOS";"Falta de Atenção à Condução";"Colisão transversal";"Com Vítimas Feridas";"Plena Noite";"Crescente";"Céu Claro";"Simples";"Reta";"Sim";2;0;1;0;1;0;1;2;-7,0342983;-37,30232718;"SPRF-PB";"DEL03-PB";"UOP01-DEL03-PB"
281453;2020-04-25;"sábado";"17:30:00";"PR";153;360,3;"RIO AZUL";"Ultrapassagem Indevida";"Colisão traseira";"Com Vítimas Feridas";"Pleno dia";"Crescente";"Céu Claro";"Simples";"Reta";"Não";4;0;1;0;2;1;1;3;-25,66048973;-50,80063909;"SPRF-PR";"DEL03-PR";"UOP03-DEL03-PR"
281454;2020-04-25;"sábado";"20:45:00";"PA";163;1003;"SANTAREM";"Ingestão de Álcool";"Colisão transversal";"Com Vítimas Feridas";"Plena Noite";"Crescente";"Ignorado";"Dupla";"Interseção de Vias";"Sim";3;0;2;1;0;0;3;2;-2,44688525;-54,73048152;"SPRF-PA";"DEL05-PA";"UOP01-DEL05-PA"
281455;2020-04-25;"sábado";"20:50:00";"PR";163;286;"MARECHAL CANDIDO RONDON";"Desobediência às normas de trânsito pelo condutor";"Colisão com objeto estático";"Com Vítimas Feridas";"Plena Noite";"Decrescente";"Céu Claro";"Dupla";"Declive";"Não";2;0;0;2;0;0;2;1;-24,55582805;-54,03861523;"SPRF-PR";"DEL06-PR";"UOP02-DEL06-PR"
281458;2020-04-25;"sábado";"21:00:00";"PB";230;25;"JOAO PESSOA";"Ingestão de Álcool";"Colisão com objeto estático";"Com Vítimas Feridas";"Plena Noite";"Decrescente";"Garoa/Chuvisco";"Dupla";"Reta";"Sim";5;0;5;0;0;0;5;1;-7,1707;-34,8684;"SPRF-PB";"DEL01-PB";"UOP01-DEL01-PB"
281459;2020-04-25;"sábado";"21:00:00";"RJ";101;101;"CAMPOS DOS GOYTACAZES";"Falta de Atenção do Pedestre";"Atropelamento de Pedestre";"Com Vítimas Feridas";"Plena Noite";"Decrescente";"Nublado";"Dupla";"Reta";"Não";2;0;1;0;1;0;1;2;-21,88787408;-41,59597873;"SPRF-RJ";"DEL08-RJ";"UOP02-DEL08-RJ"
281460;2020-04-25;"sábado";"20:10:00";"MT";163;694;"SORRISO";"Ingestão de Álcool";"Colisão transversal";"Com Vítimas Feridas";"Plena Noite";"Decrescente";"Céu Claro";"Simples";"Interseção de Vias";"Não";4;0;3;0;1;0;3;2;-13,02915922;-55,89815319;"SPRF-MT";"DEL06-MT";"UOP01-DEL06-MT"
281461;2020-04-25;"sábado";"21:05:00";"PR";376;158,3;"MANDAGUACU";"Velocidade Incompatível";"Saída de leito carroçável";"Sem Vítimas";"Plena Noite";"Crescente";"Céu Claro";"Dupla";"Reta";"Não";2;0;0;0;0;2;0;2;-23,36169997;-52,08593395;"SPRF-PR";"DEL09-PR";"UOP01-DEL09-PR"
281462;2020-04-25;"sábado";"18:55:00";"RS";285;569;"SAO LUIZ GONZAGA";"Desobediência às normas de trânsito pelo condutor";"Colisão transversal";"Com Vítimas Feridas";"Anoitecer";"Decrescente";"Céu Claro";"Simples";"Interseção de Vias";"Sim";4;0;2;0;2;0;2;2;-28,413052;-54,985699;"SPRF-RS";"DEL12-RS";"UOP01-DEL12-RS"
281463;2020-04-25;"sábado";"21:35:00";"PR";277;116,9;"CAMPO LARGO";"Falta de Atenção à Condução";"Saída de leito carroçável";"Com Vítimas Feridas";"Plena Noite";"Crescente";"Céu Claro";"Dupla";"Curva";"Não";1;0;1;0;0;0;1;1;-25,4378636;-49,500103;"SPRF-PR";"DEL01-PR";"UOP03-DEL03-PR"
281464;2020-04-25;"sábado";"20:50:00";"RJ";116;183,7;"NOVA IGUACU";"Desobediência às normas de trânsito pelo condutor";"Queda de ocupante de veículo";"Com Vítimas Feridas";"Plena Noite";"Crescente";"Céu Claro";"Dupla";"Reta";"Não";1;0;0;1;0;0;1;1;-22,73898159;-43,49564552;"SPRF-RJ";"DEL01-RJ";"UOP02-DEL01-RJ"
281465;2020-04-25;"sábado";"16:25:00";"SC";280;21;"BALNEARIO BARRA DO SUL";"Restrição de Visibilidade";"Colisão transversal";"Com Vítimas Feridas";"Pleno dia";"Crescente";"Nublado";"Simples";"Interseção de Vias";"Sim";2;0;1;0;0;1;1;2;-26,37036435;-48,68820369;"SPRF-SC";"DEL03-SC";"UOP03-DEL03-SC"
281467;2020-04-25;"sábado";"22:20:00";"PR";277;348,4;"GUARAPUAVA";"Velocidade Incompatível";"Saída de leito carroçável";"Com Vítimas Fatais";"Plena Noite";"Crescente";"Céu Claro";"Simples";"Reta";"Sim";3;1;0;1;0;1;1;2;-25,384064;-51,512023;"SPRF-PR";"DEL08-PR";"UOP01-DEL08-PR"
281468;2020-04-25;"sábado";"20:40:00";"BA";101;767,4;"ITABELA";"Falta de Atenção à Condução";"Colisão traseira";"Com Vítimas Feridas";"Plena Noite";"Crescente";"Nublado";"Simples";"Interseção de Vias;Declive;Reta";"Não";7;0;4;0;3;0;4;2;-16,71906982;-39,45087433;"SPRF-BA";"DEL09-BA";"UOP01-DEL09-BA"
281470;2020-04-25;"sábado";"16:20:00";"SC";282;485,5;"FAXINAL DOS GUEDES";"Velocidade Incompatível";"Saída de leito carroçável";"Com Vítimas Feridas";"Pleno dia";"Crescente";"Sol";"Simples";"Curva";"Não";1;0;0;1;0;0;1;1;-26,857132;-52,245258;"SPRF-SC";"DEL07-SC";"UOP01-DEL07-SC"
281471;2020-04-25;"sábado";"21:10:00";"PR";476;128;"CURITIBA";"Velocidade Incompatível";"Colisão com objeto estático";"Com Vítimas Feridas";"Plena Noite";"Decrescente";"Nublado";"Múltipla";"Curva";"Sim";1;0;1;0;0;0;1;1;-25,433048;-49,23156;"SPRF-PR";"DEL01-PR";"UOP07-DEL01-PR"
281472;2020-04-25;"sábado";"22:50:00";"SC";470;68,9;"INDAIAL";"Falta de Atenção à Condução";"Colisão transversal";"Com Vítimas Feridas";"Plena Noite";"Decrescente";"Céu Claro";"Simples";"Rotatória";"Sim";3;0;2;0;1;0;2;2;-26,877615;-49,239231;"SPRF-SC";"DEL04-SC";"UOP01-DEL04-SC"
281473;2020-04-25;"sábado";"22:00:00";"ES";101;207,7;"IBIRACU";"Desobediência às normas de trânsito pelo condutor";"Colisão com objeto estático";"Com Vítimas Feridas";"Plena Noite";"Decrescente";"Nublado";"Dupla";"Reta";"Sim";3;0;1;2;0;0;3;1;-19,77204724;-40,37105854;"SPRF-ES";"DEL02-ES";"UOP01-DEL02-ES"
281475;2020-04-25;"sábado";"20:30:00";"PR";376;219,9;"JANDAIA DO SUL";"Desobediência às normas de trânsito pelo condutor";"Colisão frontal";"Com Vítimas Fatais";"Plena Noite";"Crescente";"Céu Claro";"Simples";"Reta";"Não";2;2;0;0;0;0;0;2;-23,59805329;-51,60575514;"SPRF-PR";"DEL07-PR";"UOP03-DEL07-PR"
281476;2020-04-25;"sábado";"23:30:00";"GO";70;10;"AGUAS LINDAS DE GOIAS";"Ingestão de Álcool";"Colisão traseira";"Com Vítimas Feridas";"Plena Noite";"Crescente";"Céu Claro";"Múltipla";"Reta";"Sim";5;0;1;0;4;0;1;3;-15,73738129;-48,29228118;"SPRF-DF";"DEL03-DF";"UOP02-DEL03-DF"
281477;2020-04-25;"sábado";"20:30:00";"SC";101;57;"ARAQUARI";"Ingestão de Álcool";"Tombamento";"Com Vítimas Feridas";"Plena Noite";"Decrescente";"Céu Claro";"Dupla";"Reta";"Não";1;0;0;1;0;0;1;1;-26,43666134;-48,80987942;"SPRF-SC";"DEL03-SC";"UOP01-DEL03-SC"
281480;2020-04-25;"sábado";"23:00:00";"SC";470;66,2;"INDAIAL";"Ingestão de Álcool";"Saída de leito carroçável";"Com Vítimas Feridas";"Plena Noite";"Decrescente";"Céu Claro";"Simples";"Rotatória";"Sim";1;0;1;0;0;0;1;1;-26,870407;-49,221844;"SPRF-SC";"DEL04-SC";"UOP01-DEL04-SC"
281481;2020-04-26;"domingo";"00:30:00";"RJ";101;48;"CAMPOS DOS GOYTACAZES";"Animais na Pista";"Atropelamento de Animal";"Com Vítimas Feridas";"Plena Noite";"Crescente";"Garoa/Chuvisco";"Simples";"Reta";"Não";2;0;2;0;0;0;2;1;-21,61625895;-41,31535762;"SPRF-RJ";"DEL08-RJ";"UOP01-DEL08-RJ"
281482;2020-04-26;"domingo";"00:50:00";"TO";153;140;"ARAGUAINA";"Falta de Atenção à Condução";"Colisão com objeto estático";"Com Vítimas Fatais";"Plena Noite";"Crescente";"Céu Claro";"Múltipla";"Reta";"Sim";1;1;0;0;0;0;0;1;-7,17820136;-48,22212696;"SPRF-TO";"DEL02-TO";"UOP01-DEL02-TO"
281483;2020-04-26;"domingo";"00:25:00";"SC";470;18,5;"ILHOTA";"Velocidade Incompatível";"Saída de leito carroçável";"Com Vítimas Feridas";"Plena Noite";"Crescente";"Céu Claro";"Simples";"Interseção de Vias";"Não";1;0;0;1;0;0;1;1;-26,855534;-48,808922;"SPRF-SC";"DEL04-SC";"UOP04-DEL04-SC"
281485;2020-04-25;"sábado";"20:00:00";"BA";324;288;"JACOBINA";"Ingestão de Álcool";"Colisão lateral";"Com Vítimas Feridas";"Plena Noite";"Decrescente";"Nublado";"Simples";"Reta";"Sim";4;0;2;2;0;0;4;2;-11,15515124;-40,56556214;"SPRF-BA";"DEL04-BA";"UOP02-DEL04-BA"
281486;2020-04-25;"sábado";"22:30:00";"SC";280;73;"JARAGUA DO SUL";"Ingestão de Álcool";"Saída de leito carroçável";"Sem Vítimas";"Plena Noite";"Decrescente";"Céu Claro";"Simples";"Reta";"Sim";1;0;0;0;1;0;0;1;-26,45917102;-49,15245;"SPRF-SC";"DEL03-SC";"UOP03-DEL03-SC"
281487;2020-04-25;"sábado";"23:10:00";"AC";364;121;"RIO BRANCO";"Ingestão de Álcool";"Saída de leito carroçável";"Com Vítimas Feridas";"Plena Noite";"Crescente";"Céu Claro";"Dupla";"Rotatória";"Sim";1;0;1;0;0;0;1;1;-10,01179146;-67,77075291;"SPRF-AC";"DEL01-AC";"UOP01-DEL01-AC"
281488;2020-04-26;"domingo";"00:20:00";"MA";230;404,1;"BALSAS";"Ingestão de Álcool";"Saída de leito carroçável";"Com Vítimas Feridas";"Plena Noite";"Crescente";"Nublado";"Simples";"Aclive;Reta";"Sim";1;0;1;0;0;0;1;1;-7,52197844;-46,04769627;"SPRF-MA";"DEL05-MA";"UOP01-DEL05-MA"
281490;2020-04-25;"sábado";"23:15:00";"AM";230;627,6;"HUMAITA";"Animais na Pista";"Atropelamento de Animal";"Com Vítimas Feridas";"Plena Noite";"Decrescente";"Nublado";"Simples";"Reta";"Não";2;0;2;0;0;0;2;1;-7,58183667;-63,13566211;"SPRF-AM";"DEL01-AM";"UOP05-DEL01-AM"
281491;2020-04-25;"sábado";"23:30:00";"RO";364;197,6;"PIMENTA BUENO";"Desobediência às normas de trânsito pelo condutor";"Colisão lateral";"Com Vítimas Feridas";"Plena Noite";"Decrescente";"Nublado";"Simples";"Reta";"Sim";3;0;0;1;0;2;1;3;-11,67880278;-61,1878925;"SPRF-RO";"DEL02-RO";"UOP02-DEL02-RO"
281493;2020-04-26;"domingo";"02:30:00";"PR";376;181;"MARINGA";"Ingestão de Álcool";"Saída de leito carroçável";"Com Vítimas Feridas";"Plena Noite";"Crescente";"Céu Claro";"Dupla";"Reta";"Sim";2;0;1;1;0;0;2;1;-23,42551431;-51,89859867;"SPRF-PR";"DEL09-PR";"UOP01-DEL09-PR"
281494;2020-04-26;"domingo";"03:15:00";"PR";376;591;"CURITIBA";"Objeto estático sobre o leito carroçável";"Saída de leito carroçável";"Com Vítimas Feridas";"Plena Noite";"Decrescente";"Nevoeiro/Neblina";"Dupla";"Reta";"Sim";1;0;1;0;0;0;1;1;-25,45999605;-49,35895013;"SPRF-PR";"DEL01-PR";"UOP06-DEL01-PR"