"id";"data_inversa";"dia_semana";"horario";"uf";"br";"km";"municipio";"causa_acidente";"tipo_acidente";"classificacao_acidente";"fase_dia";"sentido_via";"condicao_metereologica";"tipo_pista";"tracado_via";"uso_solo";"pessoas";"mortos";"feridos_leves";"feridos_graves";"ilesos";"ignorados";"feridos";"veiculos";"latitude";"longitude";"regional";"delegacia";"uop"
281495;2020-04-26;"domingo";"04:15:00";"GO";60;43,1;"ALEXANIA";"Ingestão de Álcool";"Colisão com objeto estático";"Com Vítimas Feridas";"Plena Noite";"Crescente";"Céu Claro";"Dupla";"Reta";"Não";1;0;1;0;0;0;1;1;-16,1164;-48,5892;"SPRF-GO";"DEL02-GO";"UOP01-DEL02-GO"
281496;2020-04-26;"domingo";"05:00:00";"CE";116;310,6;"JAGUARIBE";"Desobediência às normas de trânsito pelo condutor";"Colisão frontal";"Com Vítimas Feridas";"Amanhecer";"Crescente";"Céu Claro";"Simples";"Reta";"Sim";2;0;0;2;0;0;2;2;-5,90307287;-38,62314223;"SPRF-CE";"DEL05-CE";"UOP02-DEL05-CE"
281498;2020-04-25;"sábado";"18:00:00";"AC";364;32;"ACRELANDIA";"Desobediência às normas de trânsito pelo condutor";"Colisão frontal";"Com Vítimas Fatais";"Plena Noite";"Decrescente";"Céu Claro";"Simples";"Reta";"Não";3;1;1;0;1;0;1;2;-9,938263;-67,02349;"SPRF-AC";"DEL01-AC";"UOP01-DEL01-AC"
281499;2020-04-26;"domingo";"04:30:00";"RS";392;715;"PORTO XAVIER";"Ingestão de Álcool";"Saída de leito carroçável";"Com Vítimas Feridas";"Plena Noite";"Crescente";"Céu Claro";"Simples";"Curva";"Não";2;0;1;1;0;0;2;1;-27,95699988;-55,13418687;"SPRF-RS";"DEL10-RS";"UOP01-DEL10-RS"
281500;2020-04-26;"domingo";"03:10:00";"DF";60;11;"BRASILIA";"Ingestão de Álcool";"Saída de leito carroçável";"Com Vítimas Feridas";"Plena Noite";"Crescente";"Céu Claro";"Dupla";"Reta;Aclive";"Não";2;0;1;0;1;0;1;1;-15,911784;-48,157192;"SPRF-DF";"DEL03-DF";"UOP01-DEL03-DF"
281501;2020-04-26;"domingo";"03:20:00";"PR";476;122,8;"CURITIBA";"Velocidade Incompatível";"Saída de leito carroçável";"Com Vítimas Feridas";"Plena Noite";"Crescente";"Nevoeiro/Neblina";"Múltipla";"Curva";"Não";1;0;1;0;0;0;1;1;-25,385775;-49,203377;"SPRF-PR";"DEL01-PR";"UOP07-DEL01-PR"
281502;2020-04-26;"domingo";"05:10:00";"BA";116;426,6;"FEIRA DE SANTANA";"Falta de Atenção do Pedestre";"Atropelamento de Pedestre";"Com Vítimas Fatais";"Amanhecer";"Crescente";"Chuva";"Simples";"Reta";"Sim";2;1;0;0;0;1;0;2;-12,25966811;-38,98947382;"SPRF-BA";"DEL02-BA";"UOP01-DEL02-BA"
281503;2020-04-26;"domingo";"06:00:00";"BA";324;301;"CAEM";"Ultrapassagem Indevida";"Colisão frontal";"Com Vítimas Fatais";"Pleno dia";"Crescente";"Nublado";"Simples";"Reta";"Não";2;1;0;0;1;0;0;2;-11,20769697;-40,47346099;"SPRF-BA";"DEL04-BA";"UOP02-DEL04-BA"
281504;2020-04-25;"sábado";"22:00:00";"RJ";40;91;"PETROPOLIS";"Ingestão de Álcool";"Colisão com objeto estático";"Sem Vítimas";"Plena Noite";"Crescente";"Nublado";"Múltipla";"Curva";"Não";1;0;0;0;1;0;0;1;-22,54903566;-43,24229724;"SPRF-RJ";"DEL06-RJ";"UOP01-DEL06-RJ"
281505;2020-04-26;"domingo";"02:10:00";"PR";376;614;"SAO JOSE DOS PINHAIS";"Falta de Atenção à Condução";"Saída de leito carroçável";"Com Vítimas Feridas";"Plena Noite";"Crescente";"Nevoeiro/Neblina";"Dupla";"Reta";"Sim";2;0;2;0;0;0;2;1;-25,57084314;-49,19356398;"SPRF-PR";"DEL01-PR";"UOP06-DEL01-PR"
281506;2020-04-26;"domingo";"03:30:00";"CE";222;43,8;"SAO GONCALO DO AMARANTE";"Animais na Pista";"Capotamento";"Com Vítimas Feridas";"Plena Noite";"Decrescente";"Chuva";"Simples";"Reta";"Não";2;0;2;0;0;0;2;1;-3,67885144;-38,93266816;"SPRF-CE";"DEL01-CE";"UOP03-DEL01-CE"
281507;2020-04-26;"domingo";"04:50:00";"SC";101;106,5;"PENHA";"Desobediência às normas de trânsito pelo pedestre";"Atropelamento de Pedestre";"Com Vítimas Fatais";"Plena Noite";"Crescente";"Céu Claro";"Dupla";"Reta";"Não";2;1;0;0;0;1;0;2;-26,81031601;-48,68293896;"SPRF-SC";"DEL03-SC";"UOP02-DEL03-SC"
281508;2020-04-26;"domingo";"06:00:00";"PR";277;30;"MORRETES";"Condutor Dormindo";"Saída de leito carroçável";"Sem Vítimas";"Amanhecer";"Decrescente";"Sol";"Simples";"Reta";"Sim";1;0;0;0;0;1;0;1;-25,52874613;-48,73512603;"SPRF-PR";"DEL01-PR";"UOP05-DEL01-PR"
281509;2020-04-26;"domingo";"06:55:00";"SC";470;43,1;"GASPAR";"Velocidade Incompatível";"Saída de leito carroçável";"Com Vítimas Feridas";"Amanhecer";"Decrescente";"Céu Claro";"Simples";"Curva;Aclive";"Sim";3;0;0;2;0;1;2;2;-26,874519;-49,013454;"SPRF-SC";"DEL04-SC";"UOP01-DEL04-SC"
281510;2020-04-26;"domingo";"02:15:00";"SC";280;50;"GUARAMIRIM";"Ingestão de Álcool";"Colisão com objeto estático";"Com Vítimas Feridas";"Plena Noite";"Crescente";"Céu Claro";"Simples";"Em Obras";"Não";2;0;1;0;1;0;1;1;-26,4619489;-48,94618404;"SPRF-SC";"DEL03-SC";"UOP03-DEL03-SC"
281511;2020-04-26;"domingo";"07:05:00";"DF";20;20;"BRASILIA";"Ingestão de Álcool";"Saída de leito carroçável";"Sem Vítimas";"Pleno dia";"Crescente";"Céu Claro";"Dupla";"Reta";"Sim";2;0;0;0;2;0;0;1;-15,607905;-47,692791;"SPRF-DF";"DEL02-DF";"UOP01-DEL02-DF"
281513;2020-04-26;"domingo";"06:00:00";"RS";386;435,2;"NOVA SANTA RITA";"Desobediência às normas de trânsito pelo condutor";"Colisão transversal";"Com Vítimas Fatais";"Amanhecer";"Decrescente";"Céu Claro";"Simples";"Rotatória";"Não";2;1;1;0;0;0;1;2;-29,846369;-51,275738;"SPRF-RS";"DEL04-RS";"UOP02-DEL04-RS"
281515;2020-04-26;"domingo";"03:30:00";"RJ";101;256;"RIO BONITO";"Falta de Atenção à Condução";"Tombamento";"Com Vítimas Feridas";"Plena Noite";"Decrescente";"Céu Claro";"Dupla";"Reta";"Não";1;0;1;0;0;0;1;1;-22,69621133;-42,56854493;"SPRF-RJ";"DEL02-RJ";"UOP03-DEL02-RJ"
281517;2020-04-26;"domingo";"06:00:00";"MG";365;368;"PATOS DE MINAS";"Falta de Atenção à Condução";"Capotamento";"Com Vítimas Feridas";"Amanhecer";"Crescente";"Céu Claro";"Simples";"Reta";"Não";1;0;1;0;0;0;1;1;-18,53957;-46,16851;"SPRF-MG";"DEL10-MG";"UOP01-DEL10-MG"
281518;2020-04-26;"domingo";"05:10:00";"MS";163;90,7;"ITAQUIRAI";"Velocidade Incompatível";"Colisão com objeto estático";"Sem Vítimas";"Amanhecer";"Decrescente";"Céu Claro";"Simples";"Reta";"Não";1;0;0;0;0;1;0;1;-23,37010706;-54,21356046;"SPRF-MS";"DEL09-MS";"UOP01-DEL09-MS"
281519;2020-04-26;"domingo";"08:00:00";"MG";40;303,7;"TRES MARIAS";"Falta de Atenção à Condução";"Saída de leito carroçável";"Com Vítimas Feridas";"Pleno dia";"Crescente";"Céu Claro";"Simples";"Reta";"Não";1;0;1;0;0;0;1;1;-18,37656607;-45,09857869;"SPRF-MG";"DEL14-MG";"UOP02-DEL14-MG"
281520;2020-04-26;"domingo";"07:40:00";"PR";369;496;"CORBELIA";"Velocidade Incompatível";"Colisão com objeto estático";"Sem Vítimas";"Pleno dia";"Decrescente";"Céu Claro";"Simples";"Curva";"Não";1;0;0;0;1;0;0;1;-24,7531;-53,2823;"SPRF-PR";"DEL04-PR";"UOP03-DEL04-PR"
281521;2020-04-26;"domingo";"08:15:00";"SC";101;206,8;"SAO JOSE";"Ingestão de Álcool";"Capotamento";"Com Vítimas Feridas";"Pleno dia";"Decrescente";"Céu Claro";"Dupla";"Reta";"Sim";2;0;1;0;1;0;1;1;-27,5952072;-48,61942477;"SPRF-SC";"DEL01-SC";"UOP01-DEL01-SC"
281522;2020-04-26;"domingo";"08:00:00";"DF";20;18;"BRASILIA";"Falta de Atenção à Condução";"Colisão traseira";"Com Vítimas Feridas";"Pleno dia";"Crescente";"Céu Claro";"Múltipla";"Declive";"Sim";2;0;1;0;1;0;1;2;-15,616901;-47,708927;"SPRF-DF";"DEL02-DF";"UOP01-DEL02-DF"
281523;2020-04-26;"domingo";"08:30:00";"DF";20;4;"BRASILIA";"Ingestão de Álcool";"Colisão traseira";"Sem Vítimas";"Pleno dia";"Crescente";"Céu Claro";"Dupla";"Declive";"Sim";4;0;0;0;4;0;0;2;-15,675484;-47,823761;"SPRF-DF";"DEL02-DF";"UOP01-DEL02-DF"
281525;2020-04-26;"domingo";"09:05:00";"MG";40;457,8;"SETE LAGOAS";"Desobediência às normas de trânsito pelo condutor";"Saída de leito carroçável";"Sem Vítimas";"Pleno dia";"Decrescente";"Céu Claro";"Dupla";"Reta";"Não";1;0;0;0;1;0;0;1;-19,371466;-44,336132;"SPRF-MG";"DEL02-MG";"UOP01-DEL02-MG"
281527;2020-04-23;"quinta-feira";"15:40:00";"MS";163;258,7;"DOURADOS";"Defeito Mecânico no Veículo";"Tombamento";"Com Vítimas Feridas";"Pleno dia";"Crescente";"Céu Claro";"Dupla";"Reta";"Não";1;0;1;0;0;0;1;1;-22,25543467;-54,77869218;"SPRF-MS";"DEL04-MS";"UOP01-DEL04-MS"
281528;2020-04-19;"domingo";"03:40:00";"RS";285;278;"MATO CASTELHANO";"Desobediência às normas de trânsito pelo condutor";"Colisão frontal";"Sem Vítimas";"Plena Noite";"Crescente";"Céu Claro";"Simples";"Reta";"Não";2;0;0;0;2;0;0;2;-28,257406;-52,235653;"SPRF-RS";"DEL08-RS";"UOP03-DEL08-RS"
281535;2020-04-26;"domingo";"08:30:00";"AC";364;56;"SENADOR GUIOMARD";"Animais na Pista";"Saída de leito carroçável";"Com Vítimas Feridas";"Pleno dia";"Crescente";"Sol";"Simples";"Reta;Declive";"Não";2;0;1;0;1;0;1;1;-10,01602633;-67,22697984;"SPRF-AC";"DEL01-AC";"UOP01-DEL01-AC"
281536;2020-04-26;"domingo";"10:50:00";"ES";262;81,5;"DOMINGOS MARTINS";"Velocidade Incompatível";"Colisão com objeto estático";"Com Vítimas Fatais";"Pleno dia";"Decrescente";"Céu Claro";"Simples";"Curva";"Não";1;1;0;0;0;0;0;1;-20,40766791;-40,94804886;"SPRF-ES";"DEL01-ES";"UOP02-DEL01-ES"
281538;2020-04-26;"domingo";"12:30:00";"RS";386;226,6;"SOLEDADE";"Carga excessiva e/ou mal acondicionada";"Colisão com objeto em movimento";"Com Vítimas Feridas";"Pleno dia";"Crescente";"Nublado";"Simples";"Reta";"Não";3;0;1;0;2;0;1;1;-28,671412;-52,609882;"SPRF-RS";"DEL04-RS";"UOP03-DEL04-RS"
281539;2020-04-26;"domingo";"13:10:00";"SC";280;25;"ARAQUARI";"Falta de Atenção à Condução";"Saída de leito carroçável";"Sem Vítimas";"Pleno dia";"Decrescente";"Céu Claro";"Simples";"Reta";"Sim";1;0;0;0;0;1;0;1;-26,38352781;-48,72677516;"SPRF-SC";"DEL03-SC";"UOP03-DEL03-SC"
281541;2020-04-26;"domingo";"12:54:00";"PR";369;199;"APUCARANA";"Velocidade Incompatível";"Colisão transversal";"Com Vítimas Fatais";"Pleno dia";"Crescente";"Céu Claro";"Simples";"Reta";"Não";6;1;1;3;0;1;4;2;-23,52855;-51,448;"SPRF-PR";"DEL07-PR";"UOP03-DEL07-PR"
281542;2020-04-26;"domingo";"13:05:00";"RJ";101;262;"RIO BONITO";"Velocidade Incompatível";"Colisão com objeto estático";"Com Vítimas Feridas";"Pleno dia";"Crescente";"Céu Claro";"Dupla";"Curva";"Não";2;0;2;0;0;0;2;1;-22,71367506;-42,62052996;"SPRF-RJ";"DEL02-RJ";"UOP03-DEL02-RJ"
281543;2020-04-26;"domingo";"13:30:00";"PI";343;589,9;"FLORIANO";"Falta de Atenção à Condução";"Colisão com objeto estático";"Com Vítimas Fatais";"Pleno dia";"Decrescente";"Nublado";"Dupla";"Reta";"Sim";1;1;0;0;0;0;0;1;-6,776695;-43,009346;"SPRF-PI";"DEL03-PI";"UOP01-DEL03-PI"
281545;2020-04-14;"terça-feira";"16:00:00";"PR";153;488;"GENERAL CARNEIRO";"Falta de Atenção à Condução";"Saída de leito carroçável";"Com Vítimas Feridas";"Pleno dia";"Crescente";"Céu Claro";"Simples";"Curva";"Não";1;0;1;0;0;0;1;1;-26,3133587;-51,2187122;"SPRF-PR";"DEL02-PR";"UOP03-DEL02-PR"
281546;2020-04-26;"domingo";"10:20:00";"MG";116;569;"MANHUACU";"Falta de Atenção à Condução";"Saída de leito carroçável";"Com Vítimas Fatais";"Pleno dia";"Decrescente";"Céu Claro";"Simples";"Reta";"Não";1;1;0;0;0;0;0;1;-20,10007457;-42,17884091;"SPRF-MG";"DEL06-MG";"UOP03-DEL06-MG"
281547;2020-04-26;"domingo";"13:53:00";"PR";476;135;"CURITIBA";"Falta de Atenção à Condução";"Colisão lateral";"Com Vítimas Feridas";"Pleno dia";"Crescente";"Sol";"Dupla";"Interseção de Vias";"Sim";2;0;0;1;1;0;1;2;-25,483786;-49,265808;"SPRF-PR";"DEL01-PR";"UOP03-DEL01-PR"
281550;2020-04-26;"domingo";"13:20:00";"PR";376;144;"PRESIDENTE CASTELO BRANCO";"Falta de Atenção à Condução";"Tombamento";"Com Vítimas Feridas";"Pleno dia";"Crescente";"Céu Claro";"Dupla";"Reta";"Não";2;0;2;0;0;0;2;1;-23,27306305;-52,15760929;"SPRF-PR";"DEL09-PR";"UOP02-DEL09-PR"
281551;2020-04-26;"domingo";"13:15:00";"RJ";101;297;"ITABORAI";"Condutor Dormindo";"Colisão com objeto estático";"Com Vítimas Feridas";"Pleno dia";"Crescente";"Céu Claro";"Simples";"Reta";"Sim";1;0;1;0;0;0;1;1;-22,76942037;-42,91873581;"SPRF-RJ";"DEL02-RJ";"UOP03-DEL02-RJ"
281552;2020-04-26;"domingo";"14:55:00";"GO";60;164;"GOIANIA";"Não guardar distância de segurança";"Colisão traseira";"Com Vítimas Feridas";"Pleno dia";"Decrescente";"Céu Claro";"Simples";"Interseção de Vias";"Sim";3;0;1;0;2;0;1;2;-16,70873259;-49,35036063;"SPRF-GO";"DEL01-GO";"UOP02-DEL01-GO"
281553;2020-04-26;"domingo";"15:00:00";"MG";50;35;"ARAGUARI";"Falta de Atenção à Condução";"Saída de leito carroçável";"Com Vítimas Feridas";"Pleno dia";"Decrescente";"Sol";"Dupla";"Reta";"Não";1;0;1;0;0;0;1;1;-18,65075062;-48,13867716;"SPRF-MG";"DEL15-MG";"UOP02-DEL15-MG"
281555;2020-04-26;"domingo";"12:30:00";"ES";101;294,5;"CARIACICA";"Ingestão de Álcool";"Colisão traseira";"Com Vítimas Feridas";"Pleno dia";"Crescente";"Céu Claro";"Dupla";"Reta";"Sim";2;0;1;0;1;0;1;2;-20,32415948;-40,3952903;"SPRF-ES";"DEL01-ES";"UOP01-DEL01-ES"
281558;2020-04-26;"domingo";"15:50:00";"SP";116;301;"SAO LOURENCO DA SERRA";"Mal Súbito";"Colisão com objeto estático";"Com Vítimas Feridas";"Pleno dia";"Decrescente";"Céu Claro";"Múltipla";"Reta";"Não";1;0;0;1;0;0;1;1;-23,81147602;-46,92298208;"SPRF-SP";"DEL04-SP";"UOP01-DEL04-SP"
281560;2020-04-26;"domingo";"16:29:00";"CE";222;5,8;"CAUCAIA";"Falta de Atenção à Condução";"Colisão lateral";"Com Vítimas Feridas";"Pleno dia";"Crescente";"Céu Claro";"Dupla";"Reta";"Sim";2;0;1;0;1;0;1;2;-3,74296918;-38,61330997;"SPRF-CE";"DEL01-CE";"UOP01-DEL01-CE"
281561;2020-04-26;"domingo";"15:50:00";"RJ";465;1;"SEROPEDICA";"Falta de Atenção à Condução";"Colisão transversal";"Com Vítimas Feridas";"Pleno dia";"Decrescente";"Céu Claro";"Simples";"Reta";"Sim";3;0;3;0;0;0;3;2;-22,719835;-43,725739;"SPRF-RJ";"DEL01-RJ";"UOP03-DEL01-RJ"
281562;2020-04-26;"domingo";"15:30:00";"SC";101;70;"ARAQUARI";"Avarias e/ou desgaste excessivo no pneu";"Tombamento";"Com Vítimas Feridas";"Pleno dia";"Decrescente";"Sol";"Dupla";"Reta";"Não";1;0;1;0;0;0;1;1;-26,51082007;-48,72345612;"SPRF-SC";"DEL03-SC";"UOP02-DEL03-SC"
281563;2020-04-26;"domingo";"16:45:00";"SC";101;122,5;"ITAJAI";"Agressão Externa";"Tombamento";"Com Vítimas Feridas";"Pleno dia";"Crescente";"Céu Claro";"Dupla";"Reta";"Sim";2;0;1;0;0;1;1;2;-26,92955916;-48,70499836;"SPRF-SC";"DEL04-SC";"UOP04-DEL04-SC"
281564;2020-04-26;"domingo";"16:00:00";"ES";262;43,7;"MARECHAL FLORIANO";"Desobediência às normas de trânsito pelo condutor";"Colisão transversal";"Com Vítimas Feridas";"Pleno dia";"Crescente";"Céu Claro";"Simples";"Reta";"Não";3;0;0;1;1;1;1;3;-20,38789708;-40,66827536;"SPRF-ES";"DEL01-ES";"UOP01-DEL01-ES"
281566;2020-04-26;"domingo";"16:50:00";"SC";282;5;"SAO JOSE";"Desobediência às normas de trânsito pelo condutor";"Colisão traseira";"Com Vítimas Feridas";"Pleno dia";"Crescente";"Céu Claro";"Múltipla";"Reta";"Sim";2;0;1;0;1;0;1;2;-27,588425;-48,612919;"SPRF-SC";"DEL01-SC";"UOP01-DEL01-SC"
281567;2020-04-26;"domingo";"15:40:00";"MG";40;31,8;"PARACATU";"Falta de Atenção à Condução";"Colisão lateral";"Com Vítimas Feridas";"Pleno dia";"Crescente";"Céu Claro";"Simples";"Reta";"Não";4;0;3;0;1;0;3;2;-17,16545308;-46,93655019;"SPRF-MG";"DEL14-MG";"UOP01-DEL14-MG"
281568;2020-04-26;"domingo";"11:50:00";"RO";364;430;"JARU";"Falta de Atenção à Condução";"Colisão lateral";"Com Vítimas Feridas";"Pleno dia";"Decrescente";"Céu Claro";"Simples";"Reta";"Não";5;0;2;0;2;1;2;3;-10,40648494;-62,51644492;"SPRF-RO";"DEL03-RO";"UOP02-DEL03-RO"
281569;2020-04-26;"domingo";"17:00:00";"GO";50;250,3;"CATALAO";"Defeito Mecânico no Veículo";"Tombamento";"Com Vítimas Feridas";"Anoitecer";"Crescente";"Céu Claro";"Dupla";"Reta";"Não";2;0;1;1;0;0;2;1;-17,9676;-47,7962;"SPRF-GO";"DEL06-GO";"UOP01-DEL06-GO"
281570;2020-04-26;"domingo";"15:40:00";"PR";277;728;"FOZ DO IGUACU";"Desobediência às normas de trânsito pelo condutor";"Queda de ocupante de veículo";"Com Vítimas Feridas";"Pleno dia";"Crescente";"Céu Claro";"Dupla";"Reta";"Sim";1;0;1;0;0;0;1;1;-25,51029868;-54,56960678;"SPRF-PR";"DEL05-PR";"UOP03-DEL05-PR"
281572;2020-04-26;"domingo";"17:30:00";"GO";40;18,9;"LUZIANIA";"Ingestão de Álcool";"Colisão traseira";"Com Vítimas Feridas";"Anoitecer";"Crescente";"Céu Claro";"Dupla";"Reta";"Sim";2;0;0;1;1;0;1;2;-16,19349;-47,925575;"SPRF-DF";"DEL01-DF";"UOP01-DEL01-DF"
281573;2020-04-26;"domingo";"17:30:00";"GO";40;96;"CRISTALINA";"Desobediência às normas de trânsito pelo condutor";"Colisão lateral";"Com Vítimas Feridas";"Pleno dia";"Decrescente";"Céu Claro";"Simples";"Interseção de Vias";"Sim";2;0;0;1;0;1;1;2;-16,75768;-47,601613;"SPRF-DF";"DEL01-DF";"UOP02-DEL01-DF"
281574;2020-04-26;"domingo";"17:40:00";"PB";101;88;"JOAO PESSOA";"Falta de Atenção à Condução";"Colisão lateral";"Com Vítimas Feridas";"Plena Noite";"Decrescente";"Céu Claro";"Dupla";"Reta;Viaduto";"Sim";3;0;1;0;2;0;1;2;-7,16708811;-34,89660144;"SPRF-PB";"DEL01-PB";"UOP01-DEL01-PB"
281575;2020-04-26;"domingo";"17:30:00";"PR";369;156;"LONDRINA";"Não guardar distância de segurança";"Colisão traseira";"Com Vítimas Feridas";"Pleno dia";"Crescente";"Sol";"Dupla";"Aclive;Reta";"Não";5;0;4;1;0;0;5;2;-23,29144592;-51,21737123;"SPRF-PR";"DEL07-PR";"UOP01-DEL07-PR"
281577;2020-04-26;"domingo";"10:30:00";"RJ";40;51,6;"PETROPOLIS";"Desobediência às normas de trânsito pelo pedestre";"Capotamento";"Sem Vítimas";"Pleno dia";"Crescente";"Sol";"Dupla";"Viaduto;Curva;Rotatória";"Não";2;0;0;0;1;1;0;2;-22,32705315;-43,13253559;"SPRF-RJ";"DEL05-RJ";"UOP02-DEL05-RJ"
281578;2020-04-26;"domingo";"18:00:00";"PE";104;62;"CARUARU";"Falta de Atenção à Condução";"Colisão traseira";"Com Vítimas Feridas";"Plena Noite";"Crescente";"Chuva";"Dupla";"Reta";"Sim";2;0;1;0;1;0;1;2;-8,25051;-35,9751;"SPRF-PE";"DEL02-PE";"UOP01-DEL02-PE"
281580;2020-04-26;"domingo";"14:20:00";"MG";381;248,4;"SANTANA DO PARAISO";"Desobediência às normas de trânsito pelo condutor";"Colisão transversal";"Com Vítimas Fatais";"Pleno dia";"Crescente";"Céu Claro";"Simples";"Reta";"Não";4;1;2;1;0;0;3;2;-19,47088645;-42,53935557;"SPRF-MG";"DEL06-MG";"UOP01-DEL06-MG"
281581;2020-04-26;"domingo";"18:30:00";"MG";40;509;"RIBEIRAO DAS NEVES";"Falta de Atenção à Condução";"Colisão lateral";"Com Vítimas Feridas";"Plena Noite";"Crescente";"Céu Claro";"Dupla";"Reta";"Sim";3;0;2;0;1;0;2;2;-19,76728744;-44,12855905;"SPRF-MG";"DEL01-MG";"UOP02-DEL01-MG"
281583;2020-04-26;"domingo";"18:22:00";"MG";381;448;"SANTA LUZIA";"Falta de Atenção do Pedestre";"Atropelamento de Pedestre";"Com Vítimas Fatais";"Anoitecer";"Decrescente";"Céu Claro";"Simples";"Reta";"Não";2;1;0;0;1;0;0;2;-19,83435173;-43,85962899;"SPRF-MG";"DEL01-MG";"UOP01-DEL01-MG"
281584;2020-04-26;"domingo";"18:30:00";"RS";116;224;"DOIS IRMAOS";"Ingestão de Álcool";"Colisão transversal";"Sem Vítimas";"Plena Noite";"Crescente";"Céu Claro";"Dupla";"Interseção de Vias";"Não";2;0;0;0;2;0;0;2;-29,58975513;-51,10781795;"SPRF-RS";"DEL01-RS";"UOP02-DEL01-RS"
281586;2020-04-26;"domingo";"18:32:00";"ES";101;143,3;"LINHARES";"Ingestão de Álcool";"Saída de leito carroçável";"Sem Vítimas";"Plena Noite";"Decrescente";"Céu Claro";"Dupla";"Reta";"Sim";2;0;0;0;2;0;0;1;-19,34286596;-40,0638568;"SPRF-ES";"DEL04-ES";"UOP01-DEL04-ES"
281587;2020-04-26;"domingo";"15:50:00";"AC";364;146;"RIO BRANCO";"Falta de Atenção à Condução";"Colisão com objeto estático";"Com Vítimas Feridas";"Pleno dia";"Crescente";"Céu Claro";"Dupla";"Declive";"Não";2;0;0;1;1;0;1;1;-9,90251892;-67,89190668;"SPRF-AC";"DEL01-AC";"UOP01-DEL01-AC"
281588;2020-04-26;"domingo";"18:35:00";"PR";476;140,9;"CURITIBA";"Defeito Mecânico no Veículo";"Queda de ocupante de veículo";"Com Vítimas Feridas";"Plena Noite";"Crescente";"Céu Claro";"Dupla";"Reta";"Sim";2;0;2;0;0;0;2;1;-25,520693;-49,294121;"SPRF-PR";"DEL01-PR";"UOP03-DEL01-PR"
281589;2020-04-26;"domingo";"17:00:00";"PR";373;173,6;"PONTA GROSSA";"Ingestão de Álcool";"Colisão traseira";"Sem Vítimas";"Pleno dia";"Crescente";"Céu Claro";"Múltipla";"Retorno Regulamentado;Reta";"Sim";5;0;0;0;5;0;0;2;-25,0805653;-50,20175905;"SPRF-PR";"DEL03-PR";"UOP01-DEL03-PR"
281590;2020-04-26;"domingo";"18:55:00";"RS";287;257;"SANTA MARIA";"Falta de Atenção do Pedestre";"Atropelamento de Pedestre";"Com Vítimas Feridas";"Plena Noite";"Crescente";"Nublado";"Simples";"Reta";"Não";3;0;1;0;2;0;1;2;-29,68138871;-53,94121388;"SPRF-RS";"DEL09-RS";"UOP01-DEL09-RS"
281592;2020-04-26;"domingo";"19:00:00";"PE";101;174,8;"JOAQUIM NABUCO";"Falta de Atenção à Condução";"Colisão com objeto estático";"Com Vítimas Feridas";"Plena Noite";"Decrescente";"Nublado";"Dupla";"Reta";"Não";2;0;2;0;0;0;2;1;-8,605416;-35,539263;"SPRF-PE";"DEL01-PE";"UOP03-DEL01-PE"
281593;2020-04-26;"domingo";"18:50:00";"MG";356;267,7;"MURIAE";"Falta de Atenção à Condução";"Colisão transversal";"Com Vítimas Feridas";"Amanhecer";"Decrescente";"Céu Claro";"Simples";"Reta;Interseção de Vias";"Sim";3;0;2;0;1;0;2;2;-21,12558044;-42,35313806;"SPRF-MG";"DEL07-MG";"UOP02-DEL07-MG"
281594;2020-04-26;"domingo";"19:15:00";"PB";230;25,8;"JOAO PESSOA";"Desobediência às normas de trânsito pelo condutor";"Colisão lateral";"Com Vítimas Feridas";"Plena Noite";"Decrescente";"Nublado";"Múltipla";"Reta";"Sim";3;0;2;0;0;1;2;2;-7,1707;-34,8684;"SPRF-PB";"DEL01-PB";"UOP01-DEL01-PB"
281596;2020-04-26;"domingo";"18:50:00";"ES";393;0,6;"CACHOEIRO DE ITAPEMIRIM";"Falta de Atenção à Condução";"Colisão traseira";"Com Vítimas Feridas";"Plena Noite";"Crescente";"Céu Claro";"Simples";"Reta";"Sim";2;0;1;0;0;1;1;2;-20,841324;-41,15929;"SPRF-ES";"DEL03-ES";"UOP02-DEL03-ES"
281597;2020-04-26;"domingo";"19:00:00";"ES";262;159,6;"IBATIBA";"Ultrapassagem Indevida";"Colisão lateral";"Com Vítimas Feridas";"Plena Noite";"Crescente";"Céu Claro";"Simples";"Reta";"Sim";3;0;2;0;1;0;2;2;-20,23362208;-41,5053348;"SPRF-ES";"DEL01-ES";"UOP02-DEL01-ES"
281598;2020-04-26;"domingo";"17:10:00";"AL";104;89;"RIO LARGO";"Ingestão de Álcool";"Colisão frontal";"Com Vítimas Feridas";"Plena Noite";"Decrescente";"Chuva";"Dupla";"Reta";"Sim";2;0;1;0;1;0;1;2;-9,49216808;-35,81471324;"SPRF-AL";"DEL01-AL";"UOP01-DEL01-AL"
281599;2020-04-26;"domingo";"19:50:00";"PB";230;25,8;"JOAO PESSOA";"Desobediência às normas de trânsito pelo condutor";"Colisão traseira";"Com Vítimas Feridas";"Plena Noite";"Decrescente";"Céu Claro";"Múltipla";"Reta";"Não";4;0;3;0;1;0;3;2;-7,16957904;-34,874897;"SPRF-PB";"DEL01-PB";"UOP01-DEL01-PB"