"id";"data_inversa";"dia_semana";"horario";"uf";"br";"km";"municipio";"causa_acidente";"tipo_acidente";"classificacao_acidente";"fase_dia";"sentido_via";"condicao_metereologica";"tipo_pista";"tracado_via";"uso_solo";"pessoas";"mortos";"feridos_leves";"feridos_graves";"ilesos";"ignorados";"feridos";"veiculos";"latitude";"longitude";"regional";"delegacia";"uop"
282066;2020-04-29;"quarta-feira";"18:20:00";"PR";277;74;"SAO JOSE DOS PINHAIS";"Velocidade Incompatível";"Colisão traseira";"Sem Vítimas";"Anoitecer";"Decrescente";"Céu Claro";"Dupla";"Viaduto";"Sim";3;0;0;0;3;0;0;3;-25,51726115;-49,11540707;"SPRF-PR";"DEL01-PR";"UOP01-DEL01-PR"
282067;2020-04-29;"quarta-feira";"17:45:00";"PR";163;185;"SANTA TEREZA DO OESTE";"Velocidade Incompatível";"Saída de leito carroçável";"Sem Vítimas";"Pleno dia";"Decrescente";"Céu Claro";"Dupla";"Curva";"Não";1;0;0;0;1;0;0;1;-25,13565591;-53,58359882;"SPRF-PR";"DEL05-PR";"UOP05-DEL05-PR"
282069;2020-04-29;"quarta-feira";"18:00:00";"MS";262;367,7;"CAMPO GRANDE";"Animais na Pista";"Tombamento";"Com Vítimas Feridas";"Anoitecer";"Crescente";"Céu Claro";"Dupla";"Reta";"Sim";1;0;0;1;0;0;1;1;-20,47734957;-54,75069718;"SPRF-MS";"DEL01-MS";"UOP03-DEL01-MS"
282070;2020-04-29;"quarta-feira";"16:10:00";"SP";153;76;"BADY BASSITT";"Pista Escorregadia";"Tombamento";"Com Vítimas Feridas";"Pleno dia";"Crescente";"Céu Claro";"Simples";"Curva";"Sim";1;0;0;1;0;0;1;1;-20,89782665;-49,44070816;"SPRF-SP";"DEL09-SP";"UOP01-DEL09-SP"
282071;2020-04-29;"quarta-feira";"14:50:00";"PR";369;193;"ARAPONGAS";"Falta de Atenção à Condução";"Saída de leito carroçável";"Com Vítimas Feridas";"Pleno dia";"Decrescente";"Céu Claro";"Dupla";"Reta";"Não";1;0;1;0;0;0;1;1;-23,51427847;-51,43144067;"SPRF-PR";"DEL07-PR";"UOP03-DEL07-PR"
282075;2020-04-29;"quarta-feira";"19:15:00";"GO";70;6;"AGUAS LINDAS DE GOIAS";"Desobediência às normas de trânsito pelo condutor";"Colisão traseira";"Com Vítimas Feridas";"Plena Noite";"Decrescente";"Céu Claro";"Dupla";"Reta";"Sim";2;0;1;0;1;0;1;2;-15,75049381;-48,2612381;"SPRF-DF";"DEL03-DF";"UOP02-DEL03-DF"
282076;2020-04-29;"quarta-feira";"19:00:00";"PR";277;588,9;"CASCAVEL";"Restrição de Visibilidade";"Colisão transversal";"Com Vítimas Feridas";"Plena Noite";"Crescente";"Céu Claro";"Simples";"Reta";"Não";3;0;0;1;2;0;1;2;-24,97369293;-53,43816604;"SPRF-PR";"DEL04-PR";"UOP01-DEL04-PR"
282077;2020-04-29;"quarta-feira";"19:00:00";"MA";222;675;"ACAILANDIA";"Ingestão de Álcool";"Colisão transversal";"Sem Vítimas";"Anoitecer";"Crescente";"Céu Claro";"Simples";"Interseção de Vias";"Sim";2;0;0;0;2;0;0;2;-4,93859094;-47,46131504;"SPRF-MA";"DEL04-MA";"UOP03-DEL04-MA"
282078;2020-04-29;"quarta-feira";"20:35:00";"SP";116;477,5;"JACUPIRANGA";"Ingestão de álcool e/ou substâncias psicoativas pelo pedestre";"Atropelamento de Pedestre";"Com Vítimas Feridas";"Plena Noite";"Decrescente";"Céu Claro";"Dupla";"Reta";"Não";2;0;0;1;0;1;1;2;-24,69842695;-48,00304804;"SPRF-SP";"DEL05-SP";"UOP02-DEL05-SP"
282084;2020-04-29;"quarta-feira";"21:00:00";"ES";259;63,5;"COLATINA";"Falta de Atenção à Condução";"Tombamento";"Com Vítimas Feridas";"Plena Noite";"Crescente";"Céu Claro";"Simples";"Curva";"Não";2;0;1;1;0;0;2;1;-19,52753463;-40,69869585;"SPRF-ES";"DEL02-ES";"UOP01-DEL02-ES"
282085;2020-04-29;"quarta-feira";"21:20:00";"SP";116;496,1;"CAJATI";"Desobediência às normas de trânsito pelo pedestre";"Atropelamento de Pedestre";"Com Vítimas Fatais";"Plena Noite";"Decrescente";"Céu Claro";"Dupla";"Reta";"Não";3;1;0;0;2;0;0;2;-24,75945513;-48,16458078;"SPRF-SP";"DEL05-SP";"UOP02-DEL05-SP"
282086;2020-04-29;"quarta-feira";"22:00:00";"GO";60;107,3;"GOIANAPOLIS";"Defeito Mecânico no Veículo";"Incêndio";"Sem Vítimas";"Plena Noite";"Decrescente";"Céu Claro";"Múltipla";"Reta";"Não";2;0;0;0;2;0;0;1;-16,431;-49,018;"SPRF-GO";"DEL02-GO";"UOP01-DEL02-GO"
282087;2020-04-26;"domingo";"05:15:00";"MG";381;374;"SAO GONCALO DO RIO ABAIXO";"Animais na Pista";"Atropelamento de Animal";"Com Vítimas Feridas";"Amanhecer";"Decrescente";"Céu Claro";"Simples";"Reta";"Não";1;0;0;1;0;0;1;1;-19,84141645;-43,32982083;"SPRF-MG";"DEL01-MG";"UOP01-DEL01-MG"
282088;2020-04-29;"quarta-feira";"21:15:00";"SC";282;517,6;"XAXIM";"Ingestão de Álcool";"Colisão lateral";"Com Vítimas Feridas";"Plena Noite";"Crescente";"Céu Claro";"Simples";"Interseção de Vias";"Não";3;0;0;2;0;1;2;2;-26,94136305;-52,50387132;"SPRF-SC";"DEL07-SC";"UOP01-DEL07-SC"
282089;2020-04-29;"quarta-feira";"22:20:00";"BA";116;812,8;"VITORIA DA CONQUISTA";"Velocidade Incompatível";"Atropelamento de Animal";"Com Vítimas Feridas";"Plena Noite";"Decrescente";"Céu Claro";"Simples";"Reta";"Não";1;0;1;0;0;0;1;1;-14,76037784;-40,69756008;"SPRF-BA";"DEL08-BA";"UOP01-DEL08-BA"
282091;2020-04-29;"quarta-feira";"23:40:00";"SC";101;210,5;"SAO JOSE";"Falta de Atenção à Condução";"Colisão traseira";"Com Vítimas Feridas";"Plena Noite";"Crescente";"Nublado";"Múltipla";"Reta";"Sim";3;0;0;1;1;1;1;3;-27,6167305;-48,6457265;"SPRF-SC";"DEL01-SC";"UOP01-DEL01-SC"
282093;2020-04-29;"quarta-feira";"19:50:00";"MG";116;408,5;"GOVERNADOR VALADARES";"Desobediência às normas de trânsito pelo condutor";"Colisão transversal";"Com Vítimas Feridas";"Plena Noite";"Crescente";"Ignorado";"Dupla";"Interseção de Vias";"Sim";3;0;2;0;1;0;2;2;-18,84221919;-41,98289416;"SPRF-MG";"DEL06-MG";"UOP01-DEL06-MG"
282094;2020-04-29;"quarta-feira";"21:40:00";"MT";70;281;"CAMPO VERDE";"Falta de Atenção do Pedestre";"Atropelamento de Pedestre";"Com Vítimas Feridas";"Plena Noite";"Decrescente";"Céu Claro";"Simples";"Curva";"Sim";2;0;1;1;0;0;2;2;-15,5505128;-55,16678117;"SPRF-MT";"DEL05-MT";"UOP01-DEL05-MT"
282096;2020-04-29;"quarta-feira";"22:40:00";"AM";174;915;"MANAUS";"Defeito Mecânico no Veículo";"Queda de ocupante de veículo";"Com Vítimas Feridas";"Plena Noite";"Crescente";"Céu Claro";"Simples";"Reta";"Não";1;0;0;1;0;0;1;1;-2,699743;-60,049553;"SPRF-AM";"DEL01-AM";"UOP01-DEL01-AM"
282097;2020-04-30;"quinta-feira";"01:00:00";"MG";262;810,5;"UBERABA";"Desobediência às normas de trânsito pelo condutor";"Colisão lateral";"Com Vítimas Feridas";"Plena Noite";"Crescente";"Céu Claro";"Dupla";"Reta";"Sim";2;0;1;0;0;1;1;2;-19,76992;-47,97837;"SPRF-MG";"DEL13-MG";"UOP01-DEL13-MG"
282100;2020-04-29;"quarta-feira";"22:26:00";"GO";153;515,9;"APARECIDA DE GOIANIA";"Falta de Atenção do Pedestre";"Atropelamento de Pedestre";"Com Vítimas Fatais";"Plena Noite";"Decrescente";"Céu Claro";"Dupla";"Reta";"Sim";3;1;0;0;0;2;0;2;-16,8413;-49,2454;"SPRF-GO";"DEL01-GO";"UOP03-DEL01-GO"
282103;2020-04-29;"quarta-feira";"08:07:00";"BA";324;599;"SIMOES FILHO";"Pista Escorregadia";"Queda de ocupante de veículo";"Com Vítimas Feridas";"Pleno dia";"Decrescente";"Nublado";"Múltipla";"Reta";"Sim";1;0;1;0;0;0;1;1;-12,74194511;-38,43853918;"SPRF-BA";"DEL01-BA";"UOP01-DEL01-BA"
282104;2020-04-30;"quinta-feira";"03:00:00";"RO";319;58;"PORTO VELHO";"Ingestão de Álcool";"Colisão com objeto estático";"Sem Vítimas";"Amanhecer";"Decrescente";"Céu Claro";"Dupla";"Reta";"Sim";1;0;0;0;1;0;0;1;-8,739714;-63,93214024;"SPRF-RO";"DEL01-RO";"UOP01-DEL01-RO"
282105;2020-02-17;"segunda-feira";"21:00:00";"ES";262;140,3;"IBATIBA";"Ingestão de Álcool";"Colisão frontal";"Com Vítimas Fatais";"Plena Noite";"Crescente";"Nublado";"Simples";"Reta";"Não";2;1;0;0;1;0;0;2;-20,22809897;-41,3689453;"SPRF-ES";"DEL01-ES";"UOP02-DEL01-ES"
282108;2020-04-21;"terça-feira";"19:15:00";"MS";163;257;"DOURADOS";"Ingestão de Álcool";"Atropelamento de Pedestre";"Com Vítimas Feridas";"Plena Noite";"Decrescente";"Céu Claro";"Dupla";"Reta";"Sim";3;0;2;1;0;0;3;2;-22,25890005;-54,79403442;"SPRF-MS";"DEL04-MS";"UOP01-DEL04-MS"
282109;2020-04-30;"quinta-feira";"05:30:00";"MT";174;304;"PONTES E LACERDA";"Falta de Atenção à Condução";"Colisão frontal";"Com Vítimas Fatais";"Amanhecer";"Decrescente";"Céu Claro";"Simples";"Reta";"Não";2;1;0;0;1;0;0;2;-15,114855;-59,311903;"SPRF-MT";"DEL04-MT";"UOP01-DEL04-MT"
282111;2020-04-30;"quinta-feira";"05:30:00";"RJ";40;109;"DUQUE DE CAXIAS";"Defeito Mecânico no Veículo";"Colisão traseira";"Com Vítimas Feridas";"Amanhecer";"Crescente";"Nublado";"Múltipla";"Reta";"Sim";3;0;1;0;2;0;1;2;-22,67374628;-43,28638368;"SPRF-RJ";"DEL01-RJ";"UOP01-DEL01-RJ"
282112;2020-04-30;"quinta-feira";"05:00:00";"GO";20;153,1;"ALVORADA DO NORTE";"Falta de Atenção à Condução";"Saída de leito carroçável";"Com Vítimas Fatais";"Plena Noite";"Crescente";"Céu Claro";"Simples";"Reta";"Não";3;1;0;1;1;0;1;1;-14,67083;-46,645657;"SPRF-DF";"DEL02-DF";"UOP03-DEL02-DF"
282113;2020-04-30;"quinta-feira";"06:50:00";"DF";20;48;"BRASILIA";"Velocidade Incompatível";"Colisão lateral";"Com Vítimas Feridas";"Pleno dia";"Decrescente";"Céu Claro";"Dupla";"Reta";"Não";3;0;2;0;1;0;2;2;-15,582723;-47,440395;"SPRF-DF";"DEL02-DF";"UOP01-DEL02-DF"
282117;2020-04-30;"quinta-feira";"07:30:00";"RJ";40;122;"DUQUE DE CAXIAS";"Não guardar distância de segurança";"Colisão traseira";"Com Vítimas Feridas";"Pleno dia";"Crescente";"Céu Claro";"Múltipla";"Reta";"Sim";2;0;1;0;1;0;1;2;-22,79083113;-43,28611569;"SPRF-RJ";"DEL01-RJ";"UOP01-DEL01-RJ"
282120;2020-04-30;"quinta-feira";"06:50:00";"MS";60;605,8;"JARDIM";"Falta de Atenção à Condução";"Tombamento";"Com Vítimas Feridas";"Pleno dia";"Crescente";"Céu Claro";"Simples";"Reta";"Não";2;0;2;0;0;0;2;1;-21,58361508;-56,17618092;"SPRF-MS";"DEL05-MS";"UOP01-DEL05-MS"
282121;2020-04-30;"quinta-feira";"07:40:00";"PB";101;83;"BAYEUX";"Falta de Atenção à Condução";"Colisão traseira";"Com Vítimas Feridas";"Pleno dia";"Crescente";"Nublado";"Dupla";"Reta";"Sim";3;0;1;0;2;0;1;3;-7,1337703;-34,92963914;"SPRF-PB";"DEL01-PB";"UOP01-DEL01-PB"
282123;2020-04-30;"quinta-feira";"08:20:00";"CE";20;203;"BOA VIAGEM";"Desobediência às normas de trânsito pelo condutor";"Colisão transversal";"Com Vítimas Feridas";"Pleno dia";"Crescente";"Céu Claro";"Simples";"Rotatória";"Sim";2;0;1;0;1;0;1;2;-5,128491;-39,738;"SPRF-CE";"DEL02-CE";"UOP02-DEL02-CE"
282124;2020-04-30;"quinta-feira";"08:10:00";"SC";101;130;"BALNEARIO CAMBORIU";"Falta de Atenção à Condução";"Colisão transversal";"Com Vítimas Feridas";"Pleno dia";"Crescente";"Sol";"Simples";"Reta";"Sim";2;0;1;0;1;0;1;2;-26,98407618;-48,66977107;"SPRF-SC";"DEL04-SC";"UOP03-DEL04-SC"
282125;2020-04-30;"quinta-feira";"07:45:00";"MG";116;413,3;"GOVERNADOR VALADARES";"Falta de Atenção à Condução";"Colisão transversal";"Com Vítimas Feridas";"Pleno dia";"Decrescente";"Céu Claro";"Simples";"Reta";"Sim";2;0;2;0;0;0;2;2;-18,873907;-41,966366;"SPRF-MG";"DEL06-MG";"UOP01-DEL06-MG"
282126;2020-04-30;"quinta-feira";"08:00:00";"PI";316;4;"TERESINA";"Defeito Mecânico no Veículo";"Tombamento";"Com Vítimas Feridas";"Pleno dia";"Crescente";"Sol";"Dupla";"Reta";"Sim";2;0;2;0;0;0;2;1;-5,13655894;-42,78900388;"SPRF-PI";"DEL01-PI";"UOP02-DEL01-PI"
282127;2020-04-30;"quinta-feira";"08:30:00";"CE";116;10;"FORTALEZA";"Carga excessiva e/ou mal acondicionada";"Colisão com objeto estático";"Com Vítimas Feridas";"Pleno dia";"Decrescente";"Céu Claro";"Dupla";"Reta";"Sim";1;0;0;1;0;0;1;1;-3,83603805;-38,5027281;"SPRF-CE";"DEL01-CE";"UOP02-DEL01-CE"
282128;2020-04-30;"quinta-feira";"08:40:00";"MG";262;440,9;"NOVA SERRANA";"Falta de Atenção à Condução";"Tombamento";"Com Vítimas Feridas";"Pleno dia";"Crescente";"Sol";"Dupla";"Reta;Aclive;Em Obras";"Não";2;0;2;0;0;0;2;1;-19,88607114;-44,89407411;"SPRF-MG";"DEL08-MG";"UOP03-DEL08-MG"
282130;2020-04-30;"quinta-feira";"09:40:00";"RN";101;104;"PARNAMIRIM";"Deficiência ou não Acionamento do Sistema de Iluminação/Sinalização do Veículo";"Colisão com objeto estático";"Com Vítimas Feridas";"Pleno dia";"Crescente";"Céu Claro";"Múltipla";"Viaduto";"Sim";6;0;0;3;2;1;3;3;-5,892745;-35,257225;"SPRF-RN";"DEL01-RN";"UOP01-DEL01-RN"
282131;2020-04-30;"quinta-feira";"10:15:00";"PE";101;68,2;"RECIFE";"Não guardar distância de segurança";"Colisão traseira";"Com Vítimas Feridas";"Pleno dia";"Decrescente";"Céu Claro";"Dupla";"Rotatória";"Sim";2;0;1;0;1;0;1;2;-8,05074296;-34,94580619;"SPRF-PE";"DEL01-PE";"UOP01-DEL01-PE"
282134;2020-04-18;"sábado";"17:45:00";"MS";158;0;"CASSILANDIA";"Não guardar distância de segurança";"Colisão lateral";"Sem Vítimas";"Anoitecer";"Crescente";"Ignorado";"Simples";"Reta";"Sim";2;0;0;0;1;1;0;2;-19,11301111;-51,7429111;"SPRF-MS";"DEL08-MS";"UOP01-DEL08-MS"
282135;2020-04-30;"quinta-feira";"10:47:00";"SP";116;189;"SANTA ISABEL";"Condutor Dormindo";"Colisão com objeto estático";"Com Vítimas Feridas";"Pleno dia";"Decrescente";"Sol";"Dupla";"Aclive";"Não";1;0;1;0;0;0;1;1;-23,36435234;-46,22488684;"SPRF-SP";"DEL02-SP";"UOP01-DEL02-SP"
282136;2020-04-30;"quinta-feira";"09:00:00";"CE";20;418;"MARACANAU";"Falta de Atenção à Condução";"Colisão lateral";"Com Vítimas Feridas";"Pleno dia";"Decrescente";"Céu Claro";"Dupla";"Reta;Interseção de Vias";"Não";2;0;1;0;0;1;1;2;-3,84140132;-38,59559666;"SPRF-CE";"DEL01-CE";"UOP02-DEL01-CE"
282139;2020-04-30;"quinta-feira";"11:35:00";"PR";277;56;"SAO JOSE DOS PINHAIS";"Falta de Atenção à Condução";"Queda de ocupante de veículo";"Com Vítimas Feridas";"Pleno dia";"Crescente";"Sol";"Dupla";"Reta";"Não";1;0;1;0;0;0;1;1;-25,54515917;-49,05146599;"SPRF-PR";"DEL01-PR";"UOP07-DEL01-PR"
282141;2020-04-30;"quinta-feira";"09:00:00";"RJ";101;283;"ITABORAI";"Pista Escorregadia";"Tombamento";"Com Vítimas Feridas";"Pleno dia";"Crescente";"Céu Claro";"Dupla";"Curva";"Não";2;0;1;0;1;0;1;1;-22,73591014;-42,80592689;"SPRF-RJ";"DEL02-RJ";"UOP03-DEL02-RJ"
282143;2020-04-30;"quinta-feira";"12:00:00";"SC";280;127,5;"RIO NEGRINHO";"Falta de Atenção à Condução";"Colisão transversal";"Com Vítimas Feridas";"Pleno dia";"Crescente";"Céu Claro";"Simples";"Reta";"Sim";3;0;1;0;2;0;1;2;-26,23943953;-49,50420708;"SPRF-SC";"DEL06-SC";"UOP03-DEL06-SC"
282145;2020-04-30;"quinta-feira";"12:35:00";"SP";116;146;"SAO JOSE DOS CAMPOS";"Falta de Atenção à Condução";"Colisão traseira";"Com Vítimas Feridas";"Pleno dia";"Decrescente";"Céu Claro";"Múltipla";"Aclive";"Sim";2;0;1;0;1;0;1;2;-23,19122919;-45,86327591;"SPRF-SP";"DEL02-SP";"UOP01-DEL02-SP"
282146;2020-04-30;"quinta-feira";"12:00:00";"PI";343;305,9;"ALTOS";"Desobediência às normas de trânsito pelo condutor";"Colisão lateral";"Com Vítimas Feridas";"Pleno dia";"Decrescente";"Céu Claro";"Simples";"Reta";"Sim";2;0;1;0;0;1;1;2;-5,038756;-42,450893;"SPRF-PI";"DEL01-PI";"UOP01-DEL01-PI"
282147;2020-04-30;"quinta-feira";"12:45:00";"RJ";116;137;"DUQUE DE CAXIAS";"Falta de Atenção à Condução";"Tombamento";"Com Vítimas Feridas";"Pleno dia";"Crescente";"Céu Claro";"Dupla";"Curva";"Sim";1;0;1;0;0;0;1;1;-22,6473545;-43,2280703;"SPRF-RJ";"DEL04-RJ";"UOP02-DEL04-RJ"
282150;2020-04-30;"quinta-feira";"10:25:00";"SP";381;70;"MAIRIPORA";"Velocidade Incompatível";"Tombamento";"Com Vítimas Feridas";"Pleno dia";"Crescente";"Céu Claro";"Dupla";"Curva;Aclive";"Não";1;0;1;0;0;0;1;1;-23,34972978;-46,56070474;"SPRF-SP";"DEL03-SP";"UOP01-DEL03-SP"
282152;2020-04-30;"quinta-feira";"12:30:00";"TO";153;335;"GUARAI";"Falta de Atenção à Condução";"Colisão lateral";"Com Vítimas Feridas";"Pleno dia";"Decrescente";"Céu Claro";"Dupla";"Reta";"Sim";2;0;1;0;1;0;1;2;-8,84455107;-48,51071304;"SPRF-TO";"DEL02-TO";"UOP02-DEL02-TO"
282154;2020-04-30;"quinta-feira";"12:55:00";"PR";116;124;"FAZENDA RIO GRANDE";"Defeito Mecânico no Veículo";"Incêndio";"Sem Vítimas";"Pleno dia";"Crescente";"Sol";"Dupla";"Reta";"Não";1;0;0;0;1;0;0;1;-25,62666887;-49,31591034;"SPRF-PR";"DEL01-PR";"UOP03-DEL01-PR"
282155;2020-04-30;"quinta-feira";"12:20:00";"PA";10;18;"DOM ELISEU";"Falta de Atenção à Condução";"Colisão transversal";"Com Vítimas Feridas";"Pleno dia";"Crescente";"Sol";"Simples";"Interseção de Vias";"Sim";3;0;2;0;1;0;2;2;-4,29024774;-47,55743694;"SPRF-PA";"DEL02-PA";"UOP02-DEL02-PA"
282157;2020-04-30;"quinta-feira";"13:10:00";"RJ";101;511;"ANGRA DOS REIS";"Falta de Atenção à Condução";"Colisão traseira";"Com Vítimas Feridas";"Pleno dia";"Crescente";"Céu Claro";"Simples";"Reta";"Não";2;0;1;0;1;0;1;2;-22,9609111;-44,4382966;"SPRF-RJ";"DEL03-RJ";"UOP02-DEL03-RJ"
282158;2020-04-30;"quinta-feira";"14:00:00";"ES";101;29,3;"CONCEICAO DA BARRA";"Falta de Atenção à Condução";"Tombamento";"Com Vítimas Feridas";"Pleno dia";"Crescente";"Céu Claro";"Simples";"Reta";"Não";1;0;0;1;0;0;1;1;-18,39992188;-39,93877968;"SPRF-ES";"DEL04-ES";"UOP02-DEL04-ES"
282159;2020-04-30;"quinta-feira";"11:30:00";"RS";386;349;"ESTRELA";"Falta de Atenção à Condução";"Queda de ocupante de veículo";"Com Vítimas Feridas";"Pleno dia";"Decrescente";"Céu Claro";"Dupla";"Reta";"Sim";1;0;0;1;0;0;1;1;-29,465483;-51,95509;"SPRF-RS";"DEL04-RS";"UOP02-DEL04-RS"
282160;2020-04-30;"quinta-feira";"13:30:00";"PA";222;238;"MARABA";"Falta de Atenção à Condução";"Colisão lateral";"Com Vítimas Feridas";"Pleno dia";"Crescente";"Céu Claro";"Simples";"Reta";"Sim";3;0;1;0;2;0;1;2;-5,301523;-49,072395;"SPRF-PA";"DEL03-PA";"UOP01-DEL03-PA"
282162;2020-04-30;"quinta-feira";"09:30:00";"BA";242;361;"LENCOIS";"Agressão Externa";"Engavetamento";"Com Vítimas Feridas";"Pleno dia";"Decrescente";"Nublado";"Simples";"Aclive";"Não";1;0;1;0;0;0;1;1;-12,46695199;-41,39799499;"SPRF-BA";"DEL06-BA";"UOP01-DEL06-BA"
282163;2020-04-30;"quinta-feira";"14:15:00";"MG";381;451;"SABARA";"Falta de Atenção à Condução";"Colisão transversal";"Com Vítimas Feridas";"Pleno dia";"Decrescente";"Céu Claro";"Simples";"Reta";"Sim";2;0;1;0;1;0;1;2;-19,83478091;-43,85544777;"SPRF-MG";"DEL01-MG";"UOP01-DEL01-MG"
282164;2020-04-30;"quinta-feira";"12:00:00";"SP";116;476,6;"JACUPIRANGA";"Falta de Atenção à Condução";"Colisão transversal";"Com Vítimas Feridas";"Pleno dia";"Decrescente";"Sol";"Simples";"Viaduto";"Sim";2;0;1;0;1;0;1;2;-24,69576452;-47,99969673;"SPRF-SP";"DEL05-SP";"UOP01-DEL05-SP"
282165;2020-04-30;"quinta-feira";"12:30:00";"BA";407;3,6;"JUAZEIRO";"Desobediência às normas de trânsito pelo condutor";"Colisão transversal";"Sem Vítimas";"Pleno dia";"Crescente";"Céu Claro";"Simples";"Interseção de Vias";"Sim";2;0;0;0;1;1;0;2;-9,43134011;-40,49823324;"SPRF-PE";"DEL06-PE";"UOP01-DEL06-PE"
282166;2020-01-19;"domingo";"11:30:00";"BA";101;623;"MASCOTE";"Velocidade Incompatível";"Colisão transversal";"Com Vítimas Fatais";"Pleno dia";"Crescente";"Chuva";"Simples";"Curva";"Não";5;1;1;3;0;0;4;2;-15,858785;-39,520394;"SPRF-BA";"DEL05-BA";"UOP02-DEL05-BA"
282167;2020-04-30;"quinta-feira";"15:00:00";"CE";222;238,9;"SOBRAL";"Velocidade Incompatível";"Saída de leito carroçável";"Com Vítimas Feridas";"Pleno dia";"Decrescente";"Chuva";"Simples";"Reta";"Não";1;0;1;0;0;0;1;1;-3,72314305;-40,46060998;"SPRF-CE";"DEL04-CE";"UOP01-DEL04-CE"
282169;2020-02-07;"sexta-feira";"17:00:00";"BA";101;543;"SAO JOSE DA VITORIA";"Carga excessiva e/ou mal acondicionada";"Colisão com objeto em movimento";"Com Vítimas Feridas";"Pleno dia";"Crescente";"Ignorado";"Simples";"Reta";"Não";1;0;0;1;0;0;1;1;-15;-39,3355;"SPRF-BA";"DEL05-BA";"UOP02-DEL05-BA"
282172;2020-04-30;"quinta-feira";"15:00:00";"RR";174;478;"BOA VISTA";"Ingestão de Álcool";"Colisão traseira";"Com Vítimas Feridas";"Pleno dia";"Crescente";"Céu Claro";"Simples";"Reta";"Não";2;0;0;1;0;1;1;2;2,687374;-60,865128;"SPRF-RR";"DEL01-RR";"UOP01-DEL01-RR"
282173;2020-04-30;"quinta-feira";"15:20:00";"DF";70;19;"BRASILIA";"Defeito Mecânico no Veículo";"Tombamento";"Com Vítimas Feridas";"Pleno dia";"Crescente";"Céu Claro";"Dupla";"Declive";"Não";2;0;2;0;0;0;2;1;-15,788868;-48,220242;"SPRF-DF";"DEL03-DF";"UOP02-DEL03-DF"
282175;2020-04-30;"quinta-feira";"14:20:00";"MG";262;35,2;"MANHUACU";"Ultrapassagem Indevida";"Colisão transversal";"Com Vítimas Feridas";"Pleno dia";"Decrescente";"Céu Claro";"Simples";"Curva";"Sim";2;0;2;0;0;0;2;2;-20,2592562;-42,01698194;"SPRF-MG";"DEL06-MG";"UOP03-DEL06-MG"
282176;2020-04-30;"quinta-feira";"17:00:00";"RJ";101;498;"ANGRA DOS REIS";"Ultrapassagem Indevida";"Saída de leito carroçável";"Com Vítimas Feridas";"Anoitecer";"Crescente";"Céu Claro";"Simples";"Reta";"Não";3;0;1;1;0;1;2;2;-22,91383999;-44,337147;"SPRF-RJ";"DEL03-RJ";"UOP02-DEL03-RJ"
282177;2020-04-30;"quinta-feira";"17:10:00";"PR";376;648,9;"TIJUCAS DO SUL";"Avarias e/ou desgaste excessivo no pneu";"Saída de leito carroçável";"Com Vítimas Feridas";"Pleno dia";"Crescente";"Céu Claro";"Dupla";"Reta";"Não";2;0;1;0;1;0;1;1;-25,84026108;-49,10549706;"SPRF-PR";"DEL01-PR";"UOP04-DEL01-PR"
282178;2020-04-30;"quinta-feira";"17:20:00";"PA";230;114;"MARABA";"Ingestão de Álcool";"Colisão traseira";"Sem Vítimas";"Pleno dia";"Decrescente";"Céu Claro";"Simples";"Reta";"Não";2;0;0;0;2;0;0;2;-5,36466678;-49,06623294;"SPRF-PA";"DEL03-PA";"UOP01-DEL03-PA"
282180;2020-04-09;"quinta-feira";"19:00:00";"MG";153;33;"CENTRALINA";"Falta de Atenção do Pedestre";"Atropelamento de Pedestre";"Com Vítimas Fatais";"Plena Noite";"Crescente";"Céu Claro";"Dupla";"Reta";"Não";3;1;0;0;1;1;0;2;-18,70335014;-49,14238824;"SPRF-MG";"DEL15-MG";"UOP03-DEL15-MG"
282181;2020-04-30;"quinta-feira";"16:00:00";"MS";0;0;"MUNDO NOVO";"Pista Escorregadia";"Saída de leito carroçável";"Sem Vítimas";"Pleno dia";"Não Informado";"Céu Claro";"Simples";"Reta";"Não";3;0;0;0;3;0;0;1;-23,947825;-54,376196;"SPRF-MS";"DEL09-MS";"UOP02-DEL09-MS"
282184;2020-04-30;"quinta-feira";"17:00:00";"RJ";116;296;"PORTO REAL";"Defeito Mecânico no Veículo";"Queda de ocupante de veículo";"Com Vítimas Feridas";"Pleno dia";"Decrescente";"Céu Claro";"Dupla";"Reta";"Sim";2;0;2;0;0;0;2;1;-22,44937197;-44,32171194;"SPRF-RJ";"DEL07-RJ";"UOP02-DEL07-RJ"
282185;2020-04-30;"quinta-feira";"16:40:00";"PA";316;98;"SANTA MARIA DO PARA";"Defeito na Via";"Engavetamento";"Sem Vítimas";"Pleno dia";"Crescente";"Nublado";"Simples";"Reta";"Não";3;0;0;0;3;0;0;3;-1,33188337;-47,62160007;"SPRF-PA";"DEL01-PA";"UOP02-DEL01-PA"
282188;2020-04-30;"quinta-feira";"16:00:00";"PR";376;392;"TIBAGI";"Falta de Atenção do Pedestre";"Atropelamento de Pedestre";"Com Vítimas Feridas";"Pleno dia";"Crescente";"Céu Claro";"Dupla";"Reta;Aclive";"Não";2;0;0;1;1;0;1;2;-24,537697;-50,694386;"SPRF-PR";"DEL03-PR";"UOP02-DEL03-PR"