"id";"data_inversa";"dia_semana";"horario";"uf";"br";"km";"municipio";"causa_acidente";"tipo_acidente";"classificacao_acidente";"fase_dia";"sentido_via";"condicao_metereologica";"tipo_pista";"tracado_via";"uso_solo";"pessoas";"mortos";"feridos_leves";"feridos_graves";"ilesos";"ignorados";"feridos";"veiculos";"latitude";"longitude";"regional";"delegacia";"uop"
282303;2020-05-01;"sexta-feira";"13:30:00";"ES";101;270;"SERRA";"Falta de Atenção à Condução";"Tombamento";"Com Vítimas Feridas";"Pleno dia";"Decrescente";"Céu Claro";"Simples";"Viaduto";"Sim";1;0;0;1;0;0;1;1;-20,22662056;-40,27075088;"SPRF-ES";"DEL02-ES";"UOP01-DEL02-ES"
282304;2020-05-01;"sexta-feira";"13:15:00";"MG";40;505,6;"RIBEIRAO DAS NEVES";"Falta de Atenção à Condução";"Capotamento";"Com Vítimas Feridas";"Pleno dia";"Crescente";"Céu Claro";"Dupla";"Aclive";"Não";2;0;2;0;0;0;2;1;-19,73838088;-44,14935661;"SPRF-MG";"DEL02-MG";"UOP01-DEL02-MG"
282307;2020-05-01;"sexta-feira";"11:38:00";"PE";407;125,7;"PETROLINA";"Falta de Atenção à Condução";"Colisão transversal";"Com Vítimas Feridas";"Pleno dia";"Crescente";"Sol";"Dupla";"Reta";"Sim";2;0;1;0;0;1;1;2;-9,38422828;-40,529335;"SPRF-PE";"DEL06-PE";"UOP01-DEL06-PE"
282308;2020-04-23;"quinta-feira";"16:15:00";"MS";163;76;"ITAQUIRAI";"Agressão Externa";"Tombamento";"Com Vítimas Feridas";"Pleno dia";"Decrescente";"Céu Claro";"Dupla";"Interseção de Vias";"Sim";3;0;2;0;0;1;2;2;-23,49206599;-54,18537803;"SPRF-MS";"DEL09-MS";"UOP01-DEL09-MS"
282309;2020-05-01;"sexta-feira";"09:30:00";"RJ";116;24;"SAPUCAIA";"Falta de Atenção à Condução";"Colisão traseira";"Com Vítimas Feridas";"Pleno dia";"Decrescente";"Céu Claro";"Simples";"Reta";"Não";2;0;1;0;1;0;1;2;-22,05286864;-42,79037476;"SPRF-RJ";"DEL04-RJ";"UOP01-DEL04-RJ"
282310;2020-05-01;"sexta-feira";"12:20:00";"MG";50;7,5;"ARAGUARI";"Defeito Mecânico no Veículo";"Saída de leito carroçável";"Com Vítimas Feridas";"Pleno dia";"Decrescente";"Céu Claro";"Dupla";"Reta";"Não";4;0;2;0;2;0;2;2;-18,47978714;-48,04875045;"SPRF-MG";"DEL15-MG";"UOP02-DEL15-MG"
282311;2020-05-01;"sexta-feira";"14:00:00";"PR";376;500;"PONTA GROSSA";"Velocidade Incompatível";"Saída de leito carroçável";"Com Vítimas Feridas";"Pleno dia";"Crescente";"Nublado";"Dupla";"Reta;Declive";"Não";4;0;1;0;3;0;1;1;-25,15917312;-50,12545825;"SPRF-PR";"DEL03-PR";"UOP04-DEL03-PR"
282312;2020-05-01;"sexta-feira";"14:20:00";"PR";158;535;"PATO BRANCO";"Avarias e/ou desgaste excessivo no pneu";"Capotamento";"Com Vítimas Feridas";"Pleno dia";"Decrescente";"Garoa/Chuvisco";"Simples";"Curva";"Sim";1;0;1;0;0;0;1;1;-26,23547098;-52,69066504;"SPRF-PR";"DEL02-PR";"UOP01-DEL02-PR"
282314;2020-05-01;"sexta-feira";"11:05:00";"MG";116;410;"GOVERNADOR VALADARES";"Desobediência às normas de trânsito pelo condutor";"Colisão transversal";"Com Vítimas Feridas";"Pleno dia";"Decrescente";"Sol";"Dupla";"Reta";"Sim";2;0;1;0;1;0;1;2;-18,855625;-41,975623;"SPRF-MG";"DEL06-MG";"UOP01-DEL06-MG"
282315;2020-05-01;"sexta-feira";"14:20:00";"CE";116;484;"MILAGRES";"Falta de Atenção à Condução";"Colisão traseira";"Com Vítimas Feridas";"Pleno dia";"Crescente";"Chuva";"Simples";"Reta";"Não";3;0;2;0;1;0;2;2;-7,3092642;-38,93700042;"SPRF-CE";"DEL05-CE";"UOP03-DEL05-CE"
282316;2020-05-01;"sexta-feira";"14:52:00";"MG";50;9;"UBERLANDIA";"Defeito Mecânico no Veículo";"Queda de ocupante de veículo";"Com Vítimas Feridas";"Pleno dia";"Crescente";"Céu Claro";"Dupla";"Reta";"Não";2;0;2;0;0;0;2;1;-18,88216833;-48,20646286;"SPRF-MG";"DEL15-MG";"UOP02-DEL15-MG"
282317;2020-05-01;"sexta-feira";"15:15:00";"MG";381;178,2;"GOVERNADOR VALADARES";"Ultrapassagem Indevida";"Saída de leito carroçável";"Com Vítimas Feridas";"Pleno dia";"Crescente";"Céu Claro";"Simples";"Reta";"Não";5;0;2;1;1;1;3;2;-19,02403311;-42,14619668;"SPRF-MG";"DEL06-MG";"UOP01-DEL06-MG"
282318;2020-05-01;"sexta-feira";"15:10:00";"PR";369;152;"LONDRINA";"Mal Súbito";"Colisão traseira";"Com Vítimas Feridas";"Pleno dia";"Crescente";"Céu Claro";"Dupla";"Reta";"Sim";6;0;5;0;1;0;5;2;-23,29268265;-51,18158519;"SPRF-PR";"DEL07-PR";"UOP01-DEL07-PR"
282319;2020-05-01;"sexta-feira";"15:00:00";"PR";369;46,4;"BANDEIRANTES";"Não guardar distância de segurança";"Colisão traseira";"Com Vítimas Feridas";"Plena Noite";"Crescente";"Céu Claro";"Simples";"Reta";"Não";4;0;2;0;2;0;2;2;-23,0940445;-50,30053854;"SPRF-PR";"DEL07-PR";"UOP05-DEL07-PR"
282321;2020-05-01;"sexta-feira";"14:25:00";"MG";381;410,1;"NOVA UNIAO";"Desobediência às normas de trânsito pelo condutor";"Colisão transversal";"Com Vítimas Feridas";"Pleno dia";"Crescente";"Sol";"Simples";"Reta;Em Obras";"Não";3;0;3;0;0;0;3;2;-19,72572734;-43,58721586;"SPRF-MG";"DEL01-MG";"UOP01-DEL01-MG"
282322;2020-05-01;"sexta-feira";"14:45:00";"RS";285;529,3;"SAO LUIZ GONZAGA";"Falta de Atenção à Condução";"Saída de leito carroçável";"Sem Vítimas";"Pleno dia";"Decrescente";"Sol";"Simples";"Curva";"Não";2;0;0;0;2;0;0;2;-28,41135121;-54,56201077;"SPRF-RS";"DEL10-RS";"UOP01-DEL10-RS"
282323;2020-05-01;"sexta-feira";"14:55:00";"RJ";101;296;"ITABORAI";"Restrição de Visibilidade";"Colisão com objeto estático";"Com Vítimas Feridas";"Pleno dia";"Decrescente";"Céu Claro";"Dupla";"Reta";"Sim";2;0;1;0;1;0;1;1;-22,7670498;-42,91019601;"SPRF-RJ";"DEL02-RJ";"UOP03-DEL02-RJ"
282324;2020-04-15;"quarta-feira";"19:40:00";"SC";101;210;"SAO JOSE";"Velocidade Incompatível";"Queda de ocupante de veículo";"Com Vítimas Feridas";"Plena Noite";"Crescente";"Céu Claro";"Múltipla";"Reta";"Sim";1;0;0;1;0;0;1;1;-27,6167305;-48,6457265;"SPRF-SC";"DEL01-SC";"UOP01-DEL01-SC"
282326;2020-05-01;"sexta-feira";"16:00:00";"MS";163;438,9;"CAMPO GRANDE";"Ultrapassagem Indevida";"Colisão lateral";"Com Vítimas Feridas";"Pleno dia";"Crescente";"Céu Claro";"Simples";"Aclive";"Não";3;0;0;1;1;1;1;3;-20,83009394;-54,5146397;"SPRF-MS";"DEL01-MS";"UOP01-DEL01-MS"
282327;2020-05-01;"sexta-feira";"16:45:00";"PR";116;114;"CURITIBA";"Defeito Mecânico no Veículo";"Tombamento";"Com Vítimas Feridas";"Pleno dia";"Decrescente";"Nublado";"Dupla";"Reta";"Sim";2;0;2;0;0;0;2;1;-25,56296907;-49,25643801;"SPRF-PR";"DEL01-PR";"UOP06-DEL01-PR"
282328;2020-05-01;"sexta-feira";"16:20:00";"PR";376;294,3;"MAUA DA SERRA";"Ingestão de Álcool";"Colisão frontal";"Com Vítimas Feridas";"Pleno dia";"Crescente";"Céu Claro";"Simples";"Reta";"Não";6;0;2;2;0;2;4;3;-23,90539911;-51,20429277;"SPRF-PR";"DEL07-PR";"UOP02-DEL07-PR"
282330;2020-05-01;"sexta-feira";"16:00:00";"PR";277;552,5;"CATANDUVAS";"Velocidade Incompatível";"Saída de leito carroçável";"Com Vítimas Feridas";"Pleno dia";"Decrescente";"Chuva";"Simples";"Reta";"Não";2;0;2;0;0;0;2;1;-25,0856681;-53,14103403;"SPRF-PR";"DEL04-PR";"UOP04-DEL04-PR"
282332;2020-05-01;"sexta-feira";"09:40:00";"GO";153;218;"URUACU";"Ultrapassagem Indevida";"Capotamento";"Com Vítimas Feridas";"Pleno dia";"Crescente";"Céu Claro";"Simples";"Aclive";"Não";3;0;2;0;1;0;2;1;-14,672663;-49,200642;"SPRF-GO";"DEL07-GO";"UOP01-DEL07-GO"
282334;2020-05-01;"sexta-feira";"17:30:00";"RJ";493;17;"GUAPIMIRIM";"Falta de Atenção à Condução";"Colisão transversal";"Com Vítimas Feridas";"Anoitecer";"Crescente";"Céu Claro";"Simples";"Reta";"Sim";2;0;0;1;1;0;1;2;-22,65918038;-42,9600352;"SPRF-RJ";"DEL04-RJ";"UOP02-DEL04-RJ"
282335;2020-05-01;"sexta-feira";"17:45:00";"CE";116;3,1;"FORTALEZA";"Ingestão de Álcool";"Colisão com objeto em movimento";"Com Vítimas Feridas";"Plena Noite";"Crescente";"Céu Claro";"Múltipla";"Reta";"Sim";2;0;1;1;0;0;2;2;-3,77866493;-38,51490171;"SPRF-CE";"DEL01-CE";"UOP02-DEL01-CE"
282336;2020-05-01;"sexta-feira";"16:00:00";"MS";60;387;"CAMPO GRANDE";"Defeito Mecânico no Veículo";"Tombamento";"Com Vítimas Feridas";"Pleno dia";"Crescente";"Céu Claro";"Simples";"Reta";"Não";2;0;2;0;0;0;2;1;-20,68640184;-54,76469536;"SPRF-MS";"DEL01-MS";"UOP04-DEL01-MS"
282339;2020-05-01;"sexta-feira";"17:10:00";"PR";376;625;"SAO JOSE DOS PINHAIS";"Objeto estático sobre o leito carroçável";"Colisão com objeto estático";"Sem Vítimas";"Pleno dia";"Crescente";"Nublado";"Múltipla";"Reta";"Sim";1;0;0;0;1;0;0;1;-25,65218089;-49,15731458;"SPRF-PR";"DEL01-PR";"UOP01-DEL01-PR"
282341;2020-05-01;"sexta-feira";"18:35:00";"RS";386;393;"TRIUNFO";"Desobediência às normas de trânsito pelo condutor";"Colisão transversal";"Com Vítimas Feridas";"Plena Noite";"Decrescente";"Céu Claro";"Dupla";"Interseção de Vias";"Não";4;0;2;0;2;0;2;2;-29,71176;-51,64938;"SPRF-RS";"DEL04-RS";"UOP02-DEL04-RS"
282343;2020-05-01;"sexta-feira";"18:15:00";"RS";386;346,5;"LAJEADO";"Não guardar distância de segurança";"Colisão lateral";"Com Vítimas Feridas";"Plena Noite";"Decrescente";"Céu Claro";"Dupla";"Reta";"Sim";2;0;0;1;1;0;1;2;-29,44961327;-51,97035313;"SPRF-RS";"DEL04-RS";"UOP01-DEL04-RS"
282344;2020-05-01;"sexta-feira";"18:00:00";"SC";101;310;"LAGUNA";"Ingestão de Álcool";"Capotamento";"Com Vítimas Feridas";"Anoitecer";"Crescente";"Céu Claro";"Dupla";"Reta";"Sim";1;0;1;0;0;0;1;1;-28,41679416;-48,79529064;"SPRF-SC";"DEL02-SC";"UOP01-DEL02-SC"
282345;2020-05-01;"sexta-feira";"11:30:00";"SC";470;319,4;"CAMPOS NOVOS";"Falta de Atenção à Condução";"Colisão traseira";"Com Vítimas Feridas";"Pleno dia";"Decrescente";"Céu Claro";"Simples";"Reta";"Não";2;0;0;1;1;0;1;2;-27,409864;-51,224949;"SPRF-SC";"DEL07-SC";"UOP06-DEL07-SC"
282347;2020-05-01;"sexta-feira";"13:15:00";"MT";163;550;"DIAMANTINO";"Falta de Atenção à Condução";"Saída de leito carroçável";"Com Vítimas Feridas";"Pleno dia";"Crescente";"Céu Claro";"Simples";"Reta";"Não";2;0;2;0;0;0;2;1;-14,30772599;-56,1389211;"SPRF-MT";"DEL01-MT";"UOP01-DEL01-MT"
282348;2020-05-01;"sexta-feira";"18:45:00";"PR";277;73;"SAO JOSE DOS PINHAIS";"Animais na Pista";"Atropelamento de Animal";"Com Vítimas Feridas";"Plena Noite";"Crescente";"Nublado";"Dupla";"Reta";"Sim";3;0;1;0;2;0;1;2;-25,52124342;-49,10648119;"SPRF-PR";"DEL01-PR";"UOP01-DEL01-PR"
282349;2020-05-01;"sexta-feira";"19:07:00";"PR";376;176;"MARINGA";"Ingestão de álcool e/ou substâncias psicoativas pelo pedestre";"Colisão com objeto estático";"Com Vítimas Feridas";"Plena Noite";"Decrescente";"Céu Claro";"Dupla";"Reta";"Sim";1;0;1;0;0;0;1;1;-23,41269173;-51,93158327;"SPRF-PR";"DEL09-PR";"UOP01-DEL09-PR"
282350;2020-05-01;"sexta-feira";"18:08:00";"BA";101;882;"TEIXEIRA DE FREITAS";"Animais na Pista";"Atropelamento de Animal";"Com Vítimas Feridas";"Plena Noite";"Decrescente";"Céu Claro";"Simples";"Reta";"Não";1;0;1;0;0;0;1;1;-17,57914384;-39,73747557;"SPRF-BA";"DEL09-BA";"UOP02-DEL09-BA"
282351;2020-05-01;"sexta-feira";"18:50:00";"SE";235;5;"NOSSA SENHORA DO SOCORRO";"Ingestão de Álcool";"Queda de ocupante de veículo";"Com Vítimas Feridas";"Plena Noite";"Decrescente";"Céu Claro";"Dupla";"Reta";"Sim";1;0;1;0;0;0;1;1;-10,9041;-37,1278;"SPRF-SE";"DEL01-SE";"UOP01-DEL01-SE"
282352;2020-05-01;"sexta-feira";"16:50:00";"SC";153;58,8;"IRANI";"Desobediência às normas de trânsito pelo condutor";"Colisão transversal";"Com Vítimas Feridas";"Pleno dia";"Decrescente";"Céu Claro";"Simples";"Interseção de Vias";"Não";2;0;0;1;1;0;1;2;-26,96962243;-51,85409546;"SPRF-SC";"DEL07-SC";"UOP04-DEL07-SC"
282353;2020-05-01;"sexta-feira";"17:50:00";"RN";226;9;"MACAIBA";"Ingestão de Álcool";"Colisão frontal";"Com Vítimas Feridas";"Plena Noite";"Crescente";"Céu Claro";"Simples";"Reta";"Sim";2;0;2;0;0;0;2;2;-5,83553859;-35,28918711;"SPRF-RN";"DEL01-RN";"UOP02-DEL01-RN"
282354;2020-05-01;"sexta-feira";"17:50:00";"MG";116;524,2;"CARATINGA";"Falta de Atenção à Condução";"Colisão transversal";"Com Vítimas Feridas";"Plena Noite";"Crescente";"Céu Claro";"Simples";"Reta";"Sim";3;0;1;1;1;0;2;2;-19,76027352;-42,13398823;"SPRF-MG";"DEL06-MG";"UOP02-DEL06-MG"
282355;2020-05-01;"sexta-feira";"18:00:00";"RO";364;706;"PORTO VELHO";"Defeito na Via";"Saída de leito carroçável";"Sem Vítimas";"Anoitecer";"Decrescente";"Chuva";"Dupla";"Curva";"Não";1;0;0;0;1;0;0;1;-8,80030539;-63,823428;"SPRF-RO";"DEL01-RO";"UOP01-DEL01-RO"
282356;2020-05-01;"sexta-feira";"17:30:00";"PR";369;521;"CASCAVEL";"Ingestão de Álcool";"Colisão lateral";"Sem Vítimas";"Anoitecer";"Decrescente";"Nublado";"Simples";"Reta";"Sim";2;0;0;0;2;0;0;2;-24,944782;-53,3983514;"SPRF-PR";"DEL04-PR";"UOP01-DEL04-PR"
282357;2020-05-01;"sexta-feira";"19:25:00";"PE";104;80,7;"AGRESTINA";"Ingestão de Álcool";"Colisão lateral";"Com Vítimas Feridas";"Plena Noite";"Crescente";"Céu Claro";"Simples";"Reta";"Não";2;0;1;0;1;0;1;2;-8,397874;-35,973396;"SPRF-PE";"DEL02-PE";"UOP01-DEL02-PE"
282358;2020-05-01;"sexta-feira";"18:20:00";"MT";364;272,5;"JACIARA";"Velocidade Incompatível";"Colisão transversal";"Com Vítimas Feridas";"Anoitecer";"Decrescente";"Céu Claro";"Dupla";"Reta";"Sim";2;0;0;1;1;0;1;2;-15,96667987;-54,96121981;"SPRF-MT";"DEL02-MT";"UOP01-DEL02-MT"
282360;2020-05-01;"sexta-feira";"19:20:00";"SC";101;123;"ITAJAI";"Ingestão de Álcool";"Colisão transversal";"Sem Vítimas";"Plena Noite";"Decrescente";"Nublado";"Dupla";"Rotatória";"Sim";2;0;0;0;2;0;0;2;-26,93668609;-48,69876905;"SPRF-SC";"DEL04-SC";"UOP04-DEL04-SC"
282362;2020-05-01;"sexta-feira";"18:50:00";"MS";163;456,5;"CAMPO GRANDE";"Falta de Atenção à Condução";"Atropelamento de Pedestre";"Com Vítimas Feridas";"Plena Noite";"Decrescente";"Céu Claro";"Simples";"Interseção de Vias";"Sim";2;0;1;0;1;0;1;2;-20,67271305;-54,55795016;"SPRF-MS";"DEL01-MS";"UOP01-DEL01-MS"
282363;2020-05-01;"sexta-feira";"19:40:00";"PR";277;594,1;"CASCAVEL";"Falta de Atenção do Pedestre";"Atropelamento de Pedestre";"Com Vítimas Fatais";"Plena Noite";"Decrescente";"Nublado";"Simples";"Reta";"Sim";2;1;0;0;0;1;0;2;-24,9794792;-53,49232599;"SPRF-PR";"DEL04-PR";"UOP01-DEL04-PR"
282364;2020-05-01;"sexta-feira";"14:00:00";"ES";262;79;"DOMINGOS MARTINS";"Falta de Atenção à Condução";"Saída de leito carroçável";"Com Vítimas Feridas";"Pleno dia";"Crescente";"Céu Claro";"Simples";"Curva";"Não";3;0;1;0;2;0;1;1;-20,40819;-40,93794;"SPRF-ES";"DEL01-ES";"UOP02-DEL01-ES"
282365;2020-05-01;"sexta-feira";"19:05:00";"SC";101;215,5;"PALHOCA";"Ingestão de Álcool";"Colisão transversal";"Com Vítimas Feridas";"Pleno dia";"Decrescente";"Nublado";"Múltipla";"Viaduto";"Sim";2;0;0;1;1;0;1;2;-27,63697369;-48,66514142;"SPRF-SC";"DEL01-SC";"UOP02-DEL01-SC"
282366;2020-05-01;"sexta-feira";"19:30:00";"RN";406;60,9;"JANDAIRA";"Falta de Atenção à Condução";"Colisão traseira";"Com Vítimas Feridas";"Plena Noite";"Decrescente";"Céu Claro";"Simples";"Reta";"Não";2;0;0;2;0;0;2;2;-5,34761843;-36,14553774;"SPRF-RN";"DEL02-RN";"UOP01-DEL02-RN"
282368;2020-05-01;"sexta-feira";"18:55:00";"RO";319;61;"PORTO VELHO";"Defeito na Via";"Colisão traseira";"Com Vítimas Feridas";"Anoitecer";"Decrescente";"Nublado";"Dupla";"Reta;Interseção de Vias";"Sim";2;0;1;0;1;0;1;2;-8,74366051;-63,88916731;"SPRF-RO";"DEL01-RO";"UOP01-DEL01-RO"
282369;2020-05-01;"sexta-feira";"13:05:00";"RO";425;81;"NOVA MAMORE";"Avarias e/ou desgaste excessivo no pneu";"Saída de leito carroçável";"Com Vítimas Feridas";"Pleno dia";"Decrescente";"Céu Claro";"Simples";"Reta";"Não";3;0;2;0;1;0;2;1;-10,246915;-65,287827;"SPRF-RO";"DEL01-RO";"UOP03-DEL01-RO"
282371;2020-05-01;"sexta-feira";"15:19:00";"SC";280;144;"MAFRA";"Desobediência às normas de trânsito pelo condutor";"Colisão lateral";"Sem Vítimas";"Pleno dia";"Crescente";"Céu Claro";"Simples";"Curva";"Não";2;0;0;0;2;0;0;2;-26,24513497;-49,64589702;"SPRF-SC";"DEL06-SC";"UOP03-DEL06-SC"
282372;2020-05-01;"sexta-feira";"19:45:00";"SC";101;104,9;"PENHA";"Velocidade Incompatível";"Colisão traseira";"Com Vítimas Feridas";"Plena Noite";"Decrescente";"Céu Claro";"Dupla";"Curva";"Não";6;0;2;1;3;0;3;2;-26,79281742;-48,68080819;"SPRF-SC";"DEL03-SC";"UOP02-DEL03-SC"
282374;2020-05-01;"sexta-feira";"18:18:00";"PI";135;216;"ELISEU MARTINS";"Animais na Pista";"Atropelamento de Animal";"Sem Vítimas";"Anoitecer";"Decrescente";"Céu Claro";"Simples";"Reta";"Não";1;0;0;0;1;0;0;1;-8,1323436;-43,70741014;"SPRF-PI";"DEL03-PI";"UOP02-DEL03-PI"
282375;2020-05-01;"sexta-feira";"19:50:00";"PR";116;28;"CAMPINA GRANDE DO SUL";"Pista Escorregadia";"Colisão com objeto estático";"Com Vítimas Feridas";"Plena Noite";"Decrescente";"Chuva";"Dupla";"Curva;Declive";"Não";1;0;1;0;0;0;1;1;-25,10670298;-48,80405799;"SPRF-PR";"DEL01-PR";"UOP02-DEL01-PR"
282377;2020-05-01;"sexta-feira";"20:25:00";"GO";60;81,7;"ANAPOLIS";"Defeito Mecânico no Veículo";"Saída de leito carroçável";"Sem Vítimas";"Plena Noite";"Crescente";"Céu Claro";"Dupla";"Curva";"Não";1;0;0;0;1;0;0;1;-16,3116;-48,8277;"SPRF-GO";"DEL02-GO";"UOP01-DEL02-GO"
282378;2020-05-01;"sexta-feira";"20:14:00";"MT";364;260;"JUSCIMEIRA";"Falta de Atenção à Condução";"Colisão transversal";"Sem Vítimas";"Plena Noite";"Decrescente";"Ignorado";"Simples";"Reta";"Sim";2;0;0;0;2;0;0;2;-16,04010381;-54,89074656;"SPRF-MT";"DEL02-MT";"UOP01-DEL02-MT"
282379;2020-05-01;"sexta-feira";"20:05:00";"MT";70;1;"BARRA DO GARCAS";"Falta de Atenção à Condução";"Colisão traseira";"Com Vítimas Feridas";"Plena Noite";"Decrescente";"Céu Claro";"Simples";"Reta;Declive";"Sim";2;0;1;0;1;0;1;2;-15,89164596;-52,26202884;"SPRF-MT";"DEL07-MT";"UOP01-DEL07-MT"
282380;2020-05-01;"sexta-feira";"20:30:00";"SC";101;215,9;"PALHOCA";"Falta de Atenção à Condução";"Colisão lateral";"Com Vítimas Feridas";"Plena Noite";"Crescente";"Nublado";"Múltipla";"Reta";"Sim";2;0;2;0;0;0;2;2;-27,65184843;-48,67604941;"SPRF-SC";"DEL01-SC";"UOP02-DEL01-SC"
282382;2020-05-01;"sexta-feira";"22:05:00";"DF";70;8,8;"BRASILIA";"Falta de Atenção à Condução";"Saída de leito carroçável";"Com Vítimas Feridas";"Plena Noite";"Crescente";"Céu Claro";"Dupla";"Reta";"Sim";2;0;1;0;1;0;1;1;-15,784966;-48,122108;"SPRF-DF";"DEL03-DF";"UOP02-DEL03-DF"
282384;2020-05-01;"sexta-feira";"19:20:00";"PR";116;40;"CAMPINA GRANDE DO SUL";"Velocidade Incompatível";"Queda de ocupante de veículo";"Com Vítimas Feridas";"Plena Noite";"Decrescente";"Chuva";"Dupla";"Curva";"Não";2;0;2;0;0;0;2;1;-25,16445203;-48,86237697;"SPRF-PR";"DEL01-PR";"UOP02-DEL01-PR"
282387;2020-05-01;"sexta-feira";"22:30:00";"BA";324;361;"CAPIM GROSSO";"Defeito Mecânico no Veículo";"Incêndio";"Sem Vítimas";"Plena Noite";"Crescente";"Céu Claro";"Simples";"Reta";"Não";3;0;0;0;3;0;0;1;-11,39753448;-39,96099381;"SPRF-BA";"DEL04-BA";"UOP02-DEL04-BA"
282388;2020-05-01;"sexta-feira";"23:15:00";"SP";0;0;"REGISTRO";"Falta de Atenção à Condução";"Colisão transversal";"Com Vítimas Feridas";"Plena Noite";"Não Informado";"Céu Claro";"Simples";"Interseção de Vias";"Sim";3;0;0;1;2;0;1;2;-24,49129421;-47,83614553;"SPRF-SP";"DEL05-SP";"UOP01-DEL05-SP"
282389;2020-05-01;"sexta-feira";"22:10:00";"MG";356;265;"MURIAE";"Desobediência às normas de trânsito pelo condutor";"Queda de ocupante de veículo";"Com Vítimas Feridas";"Plena Noite";"Decrescente";"Céu Claro";"Simples";"Reta";"Não";1;0;1;0;0;0;1;1;-21,12838898;-42,366803;"SPRF-MG";"DEL07-MG";"UOP02-DEL07-MG"
282390;2020-05-01;"sexta-feira";"23:25:00";"PR";376;252,5;"CALIFORNIA";"Ingestão de Álcool";"Colisão com objeto estático";"Com Vítimas Feridas";"Plena Noite";"Crescente";"Céu Claro";"Simples";"Curva";"Não";3;0;3;0;0;0;3;1;-23,65686779;-51,37421608;"SPRF-PR";"DEL07-PR";"UOP03-DEL07-PR"
282391;2020-05-01;"sexta-feira";"23:40:00";"PI";316;6,9;"TERESINA";"Falta de Atenção à Condução";"Colisão com objeto estático";"Sem Vítimas";"Plena Noite";"Decrescente";"Céu Claro";"Simples";"Rotatória";"Sim";1;0;0;0;1;0;0;1;-5,14702095;-42,77438982;"SPRF-PI";"DEL01-PI";"UOP02-DEL01-PI"
282392;2020-05-01;"sexta-feira";"23:15:00";"PB";230;147;"CAMPINA GRANDE";"Falta de Atenção à Condução";"Tombamento";"Com Vítimas Feridas";"Plena Noite";"Crescente";"Céu Claro";"Dupla";"Rotatória";"Sim";1;0;1;0;0;0;1;1;-7,236524;-35,867808;"SPRF-PB";"DEL02-PB";"UOP01-DEL02-PB"
282393;2020-05-01;"sexta-feira";"08:20:00";"RO";364;461;"ARIQUEMES";"Defeito Mecânico no Veículo";"Saída de leito carroçável";"Com Vítimas Feridas";"Pleno dia";"Crescente";"Céu Claro";"Simples";"Reta";"Não";2;0;1;1;0;0;2;1;-10,246673;-62,734636;"SPRF-RO";"DEL03-RO";"UOP02-DEL03-RO"
282394;2020-05-01;"sexta-feira";"23:20:00";"PR";163;273;"QUATRO PONTES";"Falta de Atenção à Condução";"Saída de leito carroçável";"Com Vítimas Feridas";"Plena Noite";"Crescente";"Céu Claro";"Simples";"Reta";"Não";2;0;1;1;0;0;2;1;-24,61478139;-53,93524012;"SPRF-PR";"DEL06-PR";"UOP02-DEL06-PR"
282396;2020-05-02;"sábado";"00:20:00";"PR";277;65;"SAO JOSE DOS PINHAIS";"Ingestão de Álcool";"Saída de leito carroçável";"Com Vítimas Feridas";"Plena Noite";"Decrescente";"Nublado";"Simples";"Interseção de Vias";"Sim";1;0;1;0;0;0;1;1;-25,5530337;-49,03504085;"SPRF-PR";"DEL01-PR";"UOP07-DEL01-PR"
282397;2020-05-01;"sexta-feira";"21:30:00";"RJ";101;263;"RIO BONITO";"Falta de Atenção à Condução";"Colisão lateral";"Com Vítimas Feridas";"Plena Noite";"Crescente";"Céu Claro";"Dupla";"Reta";"Sim";3;0;1;1;0;1;2;2;-22,71887266;-42,62637498;"SPRF-RJ";"DEL02-RJ";"UOP03-DEL02-RJ"
282399;2020-05-01;"sexta-feira";"23:40:00";"SC";280;56,8;"GUARAMIRIM";"Ingestão de Álcool";"Colisão lateral";"Com Vítimas Feridas";"Plena Noite";"Crescente";"Céu Claro";"Simples";"Reta;Aclive";"Sim";2;0;1;0;1;0;1;2;-26,47791;-49,012845;"SPRF-SC";"DEL03-SC";"UOP03-DEL03-SC"
282401;2020-05-01;"sexta-feira";"19:35:00";"PR";277;599,9;"CASCAVEL";"Ingestão de Álcool";"Colisão traseira";"Sem Vítimas";"Plena Noite";"Decrescente";"Nublado";"Dupla";"Reta";"Não";2;0;0;0;2;0;0;2;-24,996818;-53,516253;"SPRF-PR";"DEL04-PR";"UOP01-DEL04-PR"
282404;2020-05-02;"sábado";"00:40:00";"MG";381;511,1;"IGARAPE";"Falta de Atenção à Condução";"Colisão com objeto estático";"Com Vítimas Feridas";"Plena Noite";"Crescente";"Céu Claro";"Dupla";"Reta";"Sim";1;0;0;1;0;0;1;1;-20,08463223;-44,3099407;"SPRF-MG";"DEL01-MG";"UOP03-DEL01-MG"
282405;2020-05-02;"sábado";"00:43:00";"SP";116;131,5;"CACAPAVA";"Falta de Atenção à Condução";"Colisão traseira";"Com Vítimas Fatais";"Plena Noite";"Crescente";"Céu Claro";"Dupla";"Reta";"Sim";2;1;0;0;1;0;0;2;-23,12742083;-45,73636609;"SPRF-SP";"DEL06-SP";"UOP01-DEL06-SP"
282406;2020-05-02;"sábado";"02:00:00";"MG";381;350;"JOAO MONLEVADE";"Ingestão de Álcool";"Saída de leito carroçável";"Sem Vítimas";"Plena Noite";"Decrescente";"Nublado";"Simples";"Reta";"Não";1;0;0;0;1;0;0;1;-19,84112398;-43,199388;"SPRF-MG";"DEL03-MG";"UOP01-DEL03-MG"