"id";"data_inversa";"dia_semana";"horario";"uf";"br";"km";"municipio";"causa_acidente";"tipo_acidente";"classificacao_acidente";"fase_dia";"sentido_via";"condicao_metereologica";"tipo_pista";"tracado_via";"uso_solo";"pessoas";"mortos";"feridos_leves";"feridos_graves";"ilesos";"ignorados";"feridos";"veiculos";"latitude";"longitude";"regional";"delegacia";"uop"
282507;2020-05-02;"sábado";"19:30:00";"PE";232;192;"SANHARO";"Falta de Atenção à Condução";"Colisão frontal";"Com Vítimas Fatais";"Plena Noite";"Crescente";"Céu Claro";"Simples";"Reta";"Não";5;1;1;3;0;0;4;2;-8,35793154;-36,53676104;"SPRF-PE";"DEL02-PE";"UOP03-DEL02-PE"
282509;2020-05-02;"sábado";"18:00:00";"PR";476;355;"UNIAO DA VITORIA";"Restrição de Visibilidade";"Colisão lateral";"Com Vítimas Feridas";"Anoitecer";"Crescente";"Céu Claro";"Simples";"Reta";"Não";1;0;0;1;0;0;1;1;-26;-51;"SPRF-PR";"DEL02-PR";"UOP03-DEL02-PR"
282510;2020-05-02;"sábado";"20:00:00";"SC";101;216,5;"PALHOCA";"Velocidade Incompatível";"Colisão traseira";"Com Vítimas Feridas";"Plena Noite";"Decrescente";"Céu Claro";"Simples";"Interseção de Vias";"Sim";3;0;1;0;2;0;1;3;-27,65981409;-48,67747798;"SPRF-SC";"DEL01-SC";"UOP02-DEL01-SC"
282513;2020-05-02;"sábado";"20:20:00";"RJ";393;283,9;"VOLTA REDONDA";"Desobediência às normas de trânsito pelo condutor";"Colisão transversal";"Com Vítimas Feridas";"Plena Noite";"Crescente";"Nublado";"Simples";"Reta";"Sim";2;0;1;0;1;0;1;2;-22,49408115;-44,06711698;"SPRF-RJ";"DEL05-RJ";"UOP04-DEL05-RJ"
282514;2020-05-02;"sábado";"19:45:00";"RO";364;197,9;"PIMENTA BUENO";"Falta de Atenção à Condução";"Colisão traseira";"Com Vítimas Feridas";"Plena Noite";"Decrescente";"Céu Claro";"Simples";"Viaduto";"Sim";5;0;0;1;4;0;1;2;-11,67049488;-61,19146173;"SPRF-RO";"DEL02-RO";"UOP02-DEL02-RO"
282515;2020-05-02;"sábado";"19:30:00";"RJ";40;110;"DUQUE DE CAXIAS";"Falta de Atenção à Condução";"Capotamento";"Com Vítimas Feridas";"Plena Noite";"Crescente";"Garoa/Chuvisco";"Múltipla";"Reta";"Sim";1;0;1;0;0;0;1;1;-22,68289906;-43,28549346;"SPRF-RJ";"DEL01-RJ";"UOP01-DEL01-RJ"
282516;2020-05-02;"sábado";"21:30:00";"RS";472;577;"URUGUAIANA";"Velocidade Incompatível";"Saída de leito carroçável";"Com Vítimas Feridas";"Plena Noite";"Crescente";"Céu Claro";"Simples";"Rotatória";"Sim";2;0;2;0;0;0;2;1;-29,779651;-57,063476;"SPRF-RS";"DEL13-RS";"UOP01-DEL13-RS"
282517;2020-05-02;"sábado";"20:15:00";"MS";262;321,7;"CAMPO GRANDE";"Falta de Atenção à Condução";"Colisão traseira";"Com Vítimas Feridas";"Pleno dia";"Crescente";"Céu Claro";"Simples";"Reta;Aclive";"Não";4;0;2;0;2;0;2;2;-20,46975411;-54,48689;"SPRF-MS";"DEL01-MS";"UOP01-DEL01-MS"
282519;2020-05-02;"sábado";"20:30:00";"MG";381;484;"BETIM";"Falta de Atenção à Condução";"Saída de leito carroçável";"Com Vítimas Feridas";"Plena Noite";"Decrescente";"Céu Claro";"Dupla";"Curva";"Sim";3;0;2;0;1;0;2;1;-19,95531717;-44,11722196;"SPRF-MG";"DEL01-MG";"UOP03-DEL01-MG"
282520;2020-05-02;"sábado";"14:45:00";"MG";381;484;"BETIM";"Avarias e/ou desgaste excessivo no pneu";"Tombamento";"Com Vítimas Feridas";"Pleno dia";"Crescente";"Céu Claro";"Dupla";"Curva";"Sim";2;0;2;0;0;0;2;1;-19,95531717;-44,11722196;"SPRF-MG";"DEL01-MG";"UOP03-DEL01-MG"
282521;2020-05-02;"sábado";"21:30:00";"ES";101;86;"SAO MATEUS";"Falta de Atenção à Condução";"Capotamento";"Com Vítimas Feridas";"Plena Noite";"Decrescente";"Céu Claro";"Simples";"Curva";"Não";2;0;2;0;0;0;2;1;-18,86552104;-39,93978995;"SPRF-ES";"DEL04-ES";"UOP02-DEL04-ES"
282522;2020-05-02;"sábado";"18:20:00";"MA";316;560,6;"CAXIAS";"Ingestão de Álcool";"Atropelamento de Pedestre";"Com Vítimas Fatais";"Plena Noite";"Crescente";"Céu Claro";"Simples";"Reta";"Sim";2;1;0;0;1;0;0;2;-4,888779;-43,283848;"SPRF-MA";"DEL03-MA";"UOP02-DEL03-MA"
282523;2020-05-02;"sábado";"19:45:00";"RJ";101;406;"ITAGUAI";"Falta de Atenção do Pedestre";"Atropelamento de Pedestre";"Com Vítimas Feridas";"Plena Noite";"Crescente";"Chuva";"Dupla";"Reta";"Sim";2;0;1;0;0;1;1;2;-22,87188798;-43,80896322;"SPRF-RJ";"DEL03-RJ";"UOP01-DEL03-RJ"
282524;2020-05-02;"sábado";"19:30:00";"SC";101;460;"PASSO DE TORRES";"Falta de Atenção do Pedestre";"Atropelamento de Pedestre";"Com Vítimas Feridas";"Plena Noite";"Decrescente";"Céu Claro";"Dupla";"Reta";"Não";2;0;1;0;1;0;1;2;-29,25788799;-49,7565232;"SPRF-SC";"DEL02-SC";"UOP02-DEL02-SC"
282525;2020-05-02;"sábado";"18:00:00";"SC";470;159,4;"TROMBUDO CENTRAL";"Ingestão de Álcool";"Saída de leito carroçável";"Com Vítimas Feridas";"Plena Noite";"Crescente";"Céu Claro";"Simples";"Curva";"Sim";1;0;1;0;0;0;1;1;-27,285877;-49,788143;"SPRF-SC";"DEL04-SC";"UOP02-DEL04-SC"
282526;2020-05-02;"sábado";"18:40:00";"MS";163;375,1;"NOVA ALVORADA DO SUL";"Falta de Atenção à Condução";"Saída de leito carroçável";"Com Vítimas Feridas";"Plena Noite";"Crescente";"Céu Claro";"Simples";"Aclive;Reta";"Não";4;0;3;1;0;0;4;1;-21,38456191;-54,41060543;"SPRF-MS";"DEL02-MS";"UOP01-DEL02-MS"
282531;2020-05-02;"sábado";"18:55:00";"SC";282;541,4;"CHAPECO";"Falta de Atenção do Pedestre";"Atropelamento de Pedestre";"Com Vítimas Fatais";"Plena Noite";"Decrescente";"Céu Claro";"Simples";"Reta";"Não";4;1;3;0;0;0;3;3;-26,997713;-52,699165;"SPRF-SC";"DEL07-SC";"UOP01-DEL07-SC"
282533;2020-05-02;"sábado";"20:30:00";"PE";316;33;"ARARIPINA";"Desobediência às normas de trânsito pelo condutor";"Colisão transversal";"Com Vítimas Feridas";"Plena Noite";"Decrescente";"Nublado";"Simples";"Reta";"Não";3;0;0;3;0;0;3;2;-7,6310272;-40,4488747;"SPRF-PE";"DEL05-PE";"UOP02-DEL05-PE"
282534;2020-05-02;"sábado";"21:00:00";"MG";262;34,1;"MANHUACU";"Ultrapassagem Indevida";"Colisão lateral";"Com Vítimas Feridas";"Plena Noite";"Crescente";"Céu Claro";"Simples";"Reta";"Sim";2;0;1;0;1;0;1;2;-20,25692664;-42,01099203;"SPRF-MG";"DEL06-MG";"UOP03-DEL06-MG"
282536;2020-05-02;"sábado";"21:00:00";"RS";290;213,3;"PANTANO GRANDE";"Velocidade Incompatível";"Colisão com objeto estático";"Com Vítimas Feridas";"Plena Noite";"Crescente";"Céu Claro";"Simples";"Interseção de Vias";"Não";4;0;1;2;1;0;3;1;-30,18668309;-52,35912323;"SPRF-RS";"DEL02-RS";"UOP02-DEL02-RS"
282537;2020-05-02;"sábado";"22:30:00";"RJ";101;199;"CASIMIRO DE ABREU";"Fenômenos da Natureza";"Saída de leito carroçável";"Com Vítimas Feridas";"Plena Noite";"Decrescente";"Chuva";"Dupla";"Reta";"Não";2;0;1;0;1;0;1;1;-22,48771193;-42,13561096;"SPRF-RJ";"DEL08-RJ";"UOP04-DEL08-RJ"
282540;2020-05-02;"sábado";"23:15:00";"RS";386;444;"CANOAS";"Animais na Pista";"Tombamento";"Com Vítimas Feridas";"Plena Noite";"Decrescente";"Céu Claro";"Simples";"Reta";"Não";1;0;1;0;0;0;1;1;-29,8911;-51,203064;"SPRF-RS";"DEL01-RS";"UOP01-DEL01-RS"
282543;2020-05-02;"sábado";"23:30:00";"MG";381;483;"BETIM";"Falta de Atenção do Pedestre";"Capotamento";"Com Vítimas Feridas";"Plena Noite";"Crescente";"Céu Claro";"Múltipla";"Declive;Reta";"Sim";1;0;1;0;0;0;1;1;-19,95594491;-44,10721699;"SPRF-MG";"DEL01-MG";"UOP03-DEL01-MG"
282544;2020-05-02;"sábado";"22:15:00";"PB";230;234,5;"JUAZEIRINHO";"Animais na Pista";"Atropelamento de Animal";"Com Vítimas Feridas";"Plena Noite";"Crescente";"Céu Claro";"Simples";"Reta";"Não";1;0;1;0;0;0;1;1;-7,0416;-36,5166;"SPRF-PB";"DEL02-PB";"UOP02-DEL02-PB"
282545;2020-05-02;"sábado";"18:50:00";"PR";373;399;"CANDOI";"Falta de Atenção à Condução";"Colisão traseira";"Sem Vítimas";"Anoitecer";"Crescente";"Céu Claro";"Simples";"Reta";"Sim";2;0;0;0;2;0;0;2;-25,63129586;-52,09782214;"SPRF-PR";"DEL08-PR";"UOP01-DEL08-PR"
282546;2020-05-03;"domingo";"00:30:00";"AL";104;42,6;"BRANQUINHA";"Falta de Atenção à Condução";"Colisão frontal";"Com Vítimas Fatais";"Plena Noite";"Crescente";"Nublado";"Simples";"Reta";"Não";3;2;1;0;0;0;1;2;-9,21387899;-36,03220977;"SPRF-AL";"DEL01-AL";"UOP02-DEL01-AL"
282547;2020-05-02;"sábado";"23:40:00";"ES";259;52;"COLATINA";"Falta de Atenção à Condução";"Atropelamento de Pedestre";"Com Vítimas Feridas";"Plena Noite";"Crescente";"Céu Claro";"Múltipla";"Reta";"Não";2;0;0;1;0;1;1;2;-19,50223983;-40,62081603;"SPRF-ES";"DEL02-ES";"UOP01-DEL02-ES"
282548;2020-05-02;"sábado";"22:30:00";"MT";70;593;"POCONE";"Animais na Pista";"Atropelamento de Animal";"Sem Vítimas";"Plena Noite";"Decrescente";"Céu Claro";"Simples";"Reta";"Não";5;0;0;0;5;0;0;1;-15,79616854;-56,67356209;"SPRF-MT";"DEL03-MT";"UOP02-DEL03-MT"
282549;2020-05-02;"sábado";"23:25:00";"PE";424;4,9;"ARCOVERDE";"Ingestão de Álcool";"Capotamento";"Com Vítimas Fatais";"Plena Noite";"Crescente";"Céu Claro";"Simples";"Reta";"Não";1;1;0;0;0;0;0;1;-8,46099318;-37,04336835;"SPRF-PE";"DEL03-PE";"UOP02-DEL03-PE"
282550;2020-05-02;"sábado";"22:00:00";"MG";116;72,6;"MEDINA";"Ingestão de álcool e/ou substâncias psicoativas pelo pedestre";"Atropelamento de Pedestre";"Com Vítimas Feridas";"Plena Noite";"Decrescente";"Céu Claro";"Dupla";"Reta";"Sim";2;0;2;0;0;0;2;2;-16,21806599;-41,47145995;"SPRF-MG";"DEL11-MG";"UOP02-DEL11-MG"
282551;2020-05-03;"domingo";"01:05:00";"PR";277;699,8;"SAO MIGUEL DO IGUACU";"Ingestão de Substâncias Psicoativas";"Saída de leito carroçável";"Com Vítimas Feridas";"Plena Noite";"Crescente";"Céu Claro";"Dupla";"Reta";"Não";1;0;1;0;0;0;1;1;-25,40119949;-54,31992672;"SPRF-PR";"DEL05-PR";"UOP01-DEL05-PR"
282552;2020-05-03;"domingo";"02:00:00";"SC";470;92,9;"APIUNA";"Falta de Atenção à Condução";"Saída de leito carroçável";"Com Vítimas Feridas";"Plena Noite";"Crescente";"Céu Claro";"Simples";"Reta";"Sim";2;0;2;0;0;0;2;1;-26,9988994;-49,37545538;"SPRF-SC";"DEL04-SC";"UOP01-DEL04-SC"
282553;2020-05-03;"domingo";"00:30:00";"MS";163;579;"BANDEIRANTES";"Ingestão de Álcool";"Colisão com objeto estático";"Com Vítimas Feridas";"Plena Noite";"Decrescente";"Céu Claro";"Dupla";"Reta";"Não";1;0;1;0;0;0;1;1;-19,642611;-54,36513;"SPRF-MS";"DEL06-MS";"UOP02-DEL06-MS"
282554;2020-05-03;"domingo";"02:30:00";"RJ";101;86,6;"CAMPOS DOS GOYTACAZES";"Ingestão de Álcool";"Saída de leito carroçável";"Com Vítimas Feridas";"Plena Noite";"Decrescente";"Chuva";"Dupla";"Curva";"Não";3;0;3;0;0;0;3;1;-21,82667291;-41,48736902;"SPRF-RJ";"DEL08-RJ";"UOP02-DEL08-RJ"
282555;2020-05-03;"domingo";"03:00:00";"PR";277;671;"MEDIANEIRA";"Falta de Atenção à Condução";"Colisão traseira";"Com Vítimas Feridas";"Plena Noite";"Crescente";"Céu Claro";"Dupla";"Reta";"Sim";3;0;1;0;1;1;1;2;-25,28490106;-54,08744898;"SPRF-PR";"DEL05-PR";"UOP02-DEL05-PR"
282556;2020-05-03;"domingo";"03:00:00";"PR";272;565;"GUAIRA";"Velocidade Incompatível";"Atropelamento de Animal";"Sem Vítimas";"Plena Noite";"Crescente";"Céu Claro";"Simples";"Curva";"Sim";1;0;0;0;0;1;0;1;-24,10907585;-54,24731255;"SPRF-PR";"DEL06-PR";"N/A"
282557;2020-05-02;"sábado";"20:00:00";"GO";414;224;"NIQUELANDIA";"Falta de Atenção à Condução";"Saída de leito carroçável";"Com Vítimas Feridas";"Plena Noite";"Decrescente";"Céu Claro";"Dupla";"Curva";"Não";4;0;4;0;0;0;4;1;-14,60071202;-48,58363387;"SPRF-GO";"DEL07-GO";"UOP01-DEL07-GO"
282558;2020-05-03;"domingo";"02:00:00";"ES";259;101;"BAIXO GUANDU";"Falta de Atenção à Condução";"Saída de leito carroçável";"Com Vítimas Feridas";"Plena Noite";"Crescente";"Céu Claro";"Simples";"Reta";"Não";1;0;1;0;0;0;1;1;-19,52023464;-41,00239031;"SPRF-ES";"DEL02-ES";"UOP01-DEL02-ES"
282559;2020-05-03;"domingo";"03:10:00";"SC";101;146,2;"ITAPEMA";"Velocidade Incompatível";"Colisão com objeto estático";"Com Vítimas Feridas";"Plena Noite";"Decrescente";"Céu Claro";"Simples";"Curva";"Sim";2;0;0;2;0;0;2;1;-27,08666525;-48,60955587;"SPRF-SC";"DEL04-SC";"UOP03-DEL04-SC"
282560;2020-05-03;"domingo";"02:35:00";"MT";364;402,6;"CUIABA";"Falta de Atenção à Condução";"Colisão com objeto estático";"Com Vítimas Feridas";"Plena Noite";"Decrescente";"Céu Claro";"Dupla";"Aclive";"Sim";1;0;0;1;0;0;1;1;-15,66855019;-55,95476508;"SPRF-MT";"DEL01-MT";"UOP02-DEL01-MT"
282561;2020-05-02;"sábado";"22:20:00";"SC";101;414;"ARARANGUA";"Falta de Atenção à Condução";"Saída de leito carroçável";"Com Vítimas Feridas";"Plena Noite";"Decrescente";"Céu Claro";"Simples";"Rotatória";"Sim";1;0;0;1;0;0;1;1;-28,95360392;-49,50985011;"SPRF-SC";"DEL02-SC";"UOP02-DEL02-SC"
282562;2020-05-03;"domingo";"02:40:00";"SC";282;517,5;"XAXIM";"Condutor Dormindo";"Saída de leito carroçável";"Sem Vítimas";"Plena Noite";"Crescente";"Céu Claro";"Simples";"Rotatória";"Sim";1;0;0;0;0;1;0;1;-26,939375;-52,500057;"SPRF-SC";"DEL07-SC";"UOP01-DEL07-SC"
282563;2020-05-03;"domingo";"04:50:00";"SC";101;41,9;"JOINVILLE";"Ingestão de Álcool";"Colisão com objeto estático";"Com Vítimas Feridas";"Plena Noite";"Crescente";"Céu Claro";"Dupla";"Reta";"Sim";2;0;1;0;1;0;1;1;-26,28215489;-48,88973081;"SPRF-SC";"DEL03-SC";"UOP01-DEL03-SC"
282565;2020-05-03;"domingo";"03:15:00";"SP";381;0;"VARGEM";"Velocidade Incompatível";"Capotamento";"Sem Vítimas";"Plena Noite";"Decrescente";"Céu Claro";"Dupla";"Reta";"Não";1;0;0;0;0;1;0;1;-22,878674;-46,372143;"SPRF-SP";"DEL03-SP";"UOP01-DEL03-SP"
282567;2020-05-03;"domingo";"05:20:00";"PI";316;303;"PICOS";"Falta de Atenção do Pedestre";"Atropelamento de Pedestre";"Com Vítimas Feridas";"Amanhecer";"Decrescente";"Sol";"Simples";"Reta";"Não";3;0;1;2;0;0;3;2;-7,05788693;-41,52443595;"SPRF-PI";"DEL04-PI";"UOP01-DEL04-PI"
282568;2020-05-03;"domingo";"04:45:00";"BA";116;891;"VITORIA DA CONQUISTA";"Falta de Atenção à Condução";"Colisão frontal";"Com Vítimas Feridas";"Amanhecer";"Crescente";"Céu Claro";"Simples";"Reta";"Não";6;0;3;2;1;0;5;2;-15,29350898;-41,13824403;"SPRF-BA";"DEL08-BA";"UOP03-DEL08-BA"
282569;2020-05-03;"domingo";"05:00:00";"RJ";101;86,6;"CAMPOS DOS GOYTACAZES";"Velocidade Incompatível";"Atropelamento de Pedestre";"Com Vítimas Feridas";"Amanhecer";"Decrescente";"Céu Claro";"Dupla";"Reta";"Não";3;0;1;1;0;1;2;2;-21,8266729072;-41,4873690201;"SPRF-RJ";"DEL08-RJ";"UOP02-DEL08-RJ"
282570;2020-05-03;"domingo";"05:30:00";"RJ";356;26;"ITAPERUNA";"Falta de Atenção à Condução";"Colisão transversal";"Sem Vítimas";"Pleno dia";"Crescente";"Céu Claro";"Simples";"Reta";"Sim";2;0;0;0;2;0;0;2;-21,17939459;-41,95448991;"SPRF-RJ";"DEL08-RJ";"UOP03-DEL08-RJ"
282571;2020-05-03;"domingo";"06:00:00";"PE";408;80;"PAUDALHO";"Falta de Atenção à Condução";"Colisão traseira";"Com Vítimas Fatais";"Pleno dia";"Decrescente";"Sol";"Dupla";"Reta";"Sim";2;1;0;0;0;1;0;2;-7,931279;-35,137952;"SPRF-PE";"DEL01-PE";"UOP01-DEL01-PE"
282575;2020-05-03;"domingo";"05:40:00";"AL";101;135;"SAO MIGUEL DOS CAMPOS";"Restrição de Visibilidade";"Colisão com objeto estático";"Sem Vítimas";"Amanhecer";"Crescente";"Nevoeiro/Neblina";"Simples";"Ponte";"Não";1;0;0;0;0;1;0;1;-9,78834902;-36,10509283;"SPRF-AL";"DEL02-AL";"UOP01-DEL02-AL"
282576;2020-05-03;"domingo";"06:30:00";"RJ";101;295;"ITABORAI";"Falta de Atenção à Condução";"Colisão com objeto estático";"Com Vítimas Feridas";"Pleno dia";"Decrescente";"Nublado";"Dupla";"Curva";"Sim";1;0;1;0;0;0;1;1;-22,76365068;-42,90223623;"SPRF-RJ";"DEL02-RJ";"UOP03-DEL02-RJ"
282577;2020-05-03;"domingo";"07:00:00";"SC";101;90,5;"BARRA VELHA";"Falta de Atenção à Condução";"Tombamento";"Com Vítimas Feridas";"Pleno dia";"Decrescente";"Céu Claro";"Múltipla";"Curva";"Sim";3;0;3;0;0;0;3;3;-26,66148503;-48,68866176;"SPRF-SC";"DEL03-SC";"UOP02-DEL03-SC"
282579;2020-05-03;"domingo";"06:35:00";"BA";116;438,3;"FEIRA DE SANTANA";"Condutor Dormindo";"Saída de leito carroçável";"Com Vítimas Feridas";"Pleno dia";"Decrescente";"Nublado";"Dupla";"Reta";"Não";1;0;1;0;0;0;1;1;-12,31624811;-39,04401672;"SPRF-BA";"DEL02-BA";"UOP01-DEL02-BA"
282580;2020-05-03;"domingo";"02:30:00";"PR";153;482,9;"GENERAL CARNEIRO";"Velocidade Incompatível";"Colisão com objeto estático";"Sem Vítimas";"Plena Noite";"Crescente";"Nublado";"Simples";"Curva";"Não";1;0;0;0;0;1;0;1;-26,37526132;-51,25808716;"SPRF-PR";"DEL02-PR";"UOP03-DEL02-PR"
282581;2020-05-03;"domingo";"06:40:00";"SC";282;222;"LAGES";"Restrição de Visibilidade";"Atropelamento de Pedestre";"Com Vítimas Fatais";"Amanhecer";"Decrescente";"Sol";"Simples";"Reta";"Não";2;1;0;0;1;0;0;2;-27,79630548;-50,34316084;"SPRF-SC";"DEL05-SC";"UOP01-DEL05-SC"
282584;2020-05-03;"domingo";"07:20:00";"AL";423;79;"DELMIRO GOUVEIA";"Desobediência às normas de trânsito pelo condutor";"Colisão transversal";"Com Vítimas Feridas";"Pleno dia";"Crescente";"Céu Claro";"Simples";"Interseção de Vias";"Não";2;0;0;1;0;1;1;2;-9,32788157;-37,97714253;"SPRF-AL";"DEL03-AL";"UOP02-DEL03-AL"
282585;2020-05-02;"sábado";"21:30:00";"BA";235;347;"JUAZEIRO";"Desobediência às normas de trânsito pelo condutor";"Colisão frontal";"Com Vítimas Feridas";"Plena Noite";"Crescente";"Céu Claro";"Simples";"Reta";"Sim";1;0;0;1;0;0;1;1;-9,44229;-40,49355;"SPRF-PE";"DEL06-PE";"UOP01-DEL06-PE"
282586;2020-05-03;"domingo";"08:10:00";"SP";116;515;"CAJATI";"Pista Escorregadia";"Saída de leito carroçável";"Sem Vítimas";"Pleno dia";"Decrescente";"Garoa/Chuvisco";"Simples";"Curva";"Não";2;0;0;0;2;0;0;1;-24,872344;-48,209433;"SPRF-SP";"DEL05-SP";"UOP02-DEL05-SP"
282587;2020-05-03;"domingo";"08:30:00";"SP";116;489;"CAJATI";"Falta de Atenção à Condução";"Colisão com objeto estático";"Com Vítimas Feridas";"Pleno dia";"Crescente";"Garoa/Chuvisco";"Dupla";"Curva";"Sim";3;0;1;0;2;0;1;1;-24,73034183;-48,10760707;"SPRF-SP";"DEL05-SP";"UOP02-DEL05-SP"
282588;2020-05-03;"domingo";"08:40:00";"TO";153;671;"GURUPI";"Desobediência às normas de trânsito pelo condutor";"Colisão lateral";"Com Vítimas Feridas";"Pleno dia";"Crescente";"Céu Claro";"Dupla";"Reta";"Sim";3;0;1;0;2;0;1;2;-11,72075725;-49,07713594;"SPRF-TO";"DEL01-TO";"UOP02-DEL01-TO"
282591;2020-05-03;"domingo";"08:15:00";"MG";40;509,5;"RIBEIRAO DAS NEVES";"Desobediência às normas de trânsito pelo condutor";"Colisão traseira";"Com Vítimas Feridas";"Pleno dia";"Decrescente";"Céu Claro";"Dupla";"Reta";"Não";2;0;1;0;1;0;1;2;-19,76728744;-44,12855905;"SPRF-MG";"DEL01-MG";"UOP02-DEL01-MG"
282592;2020-05-03;"domingo";"07:00:00";"PR";277;100,2;"CURITIBA";"Velocidade Incompatível";"Saída de leito carroçável";"Com Vítimas Feridas";"Amanhecer";"Crescente";"Nublado";"Dupla";"Curva";"Não";1;0;0;1;0;0;1;1;-25,43258648;-49,37314868;"SPRF-PR";"DEL01-PR";"UOP06-DEL01-PR"
282594;2020-05-03;"domingo";"09:45:00";"PR";277;76;"SAO JOSE DOS PINHAIS";"Falta de Atenção à Condução";"Colisão traseira";"Com Vítimas Feridas";"Pleno dia";"Crescente";"Céu Claro";"Dupla";"Reta";"Sim";2;0;1;0;1;0;1;2;-25,51327981;-49,12433291;"SPRF-PR";"DEL01-PR";"UOP01-DEL01-PR"
282595;2020-05-03;"domingo";"09:00:00";"PI";343;306,5;"ALTOS";"Falta de Atenção à Condução";"Colisão lateral";"Com Vítimas Feridas";"Pleno dia";"Decrescente";"Céu Claro";"Simples";"Reta";"Sim";2;0;0;1;1;0;1;2;-5,038756;-42,450893;"SPRF-PI";"DEL01-PI";"UOP01-DEL01-PI"
282597;2020-05-03;"domingo";"10:00:00";"SC";101;221,7;"PALHOCA";"Desobediência às normas de trânsito pelo condutor";"Colisão traseira";"Com Vítimas Feridas";"Pleno dia";"Decrescente";"Céu Claro";"Dupla";"Curva";"Não";2;0;0;1;1;0;1;2;-27,70012652;-48,66021182;"SPRF-SC";"DEL01-SC";"UOP02-DEL01-SC"
282598;2020-05-03;"domingo";"09:40:00";"SP";116;123;"CACAPAVA";"Defeito Mecânico no Veículo";"Tombamento";"Com Vítimas Feridas";"Pleno dia";"Decrescente";"Céu Claro";"Dupla";"Reta;Declive";"Não";1;0;1;0;0;0;1;1;-23,08754228;-45,66969781;"SPRF-SP";"DEL06-SP";"UOP01-DEL06-SP"
282599;2020-05-03;"domingo";"10:15:00";"SC";470;70,9;"INDAIAL";"Desobediência às normas de trânsito pelo condutor";"Colisão traseira";"Com Vítimas Feridas";"Pleno dia";"Decrescente";"Céu Claro";"Simples";"Reta";"Sim";2;0;0;1;1;0;1;2;-26,889374;-49,254478;"SPRF-SC";"DEL04-SC";"UOP01-DEL04-SC"
282601;2020-05-03;"domingo";"10:30:00";"SE";235;55;"ITABAIANA";"Falta de Atenção à Condução";"Queda de ocupante de veículo";"Com Vítimas Feridas";"Pleno dia";"Crescente";"Céu Claro";"Simples";"Reta";"Sim";1;0;1;0;0;0;1;1;-10,667386;-37,446014;"SPRF-SE";"DEL01-SE";"UOP02-DEL01-SE"
282602;2020-05-03;"domingo";"10:00:00";"PI";343;14;"PARNAIBA";"Velocidade Incompatível";"Danos eventuais";"Com Vítimas Feridas";"Pleno dia";"Crescente";"Céu Claro";"Dupla";"Reta";"Sim";2;0;1;0;1;0;1;2;-2,927902;-41,753502;"SPRF-PI";"DEL05-PI";"UOP01-DEL05-PI"
282603;2020-05-03;"domingo";"10:40:00";"SC";101;88,1;"BARRA VELHA";"Falta de Atenção à Condução";"Tombamento";"Com Vítimas Feridas";"Pleno dia";"Crescente";"Sol";"Simples";"Viaduto";"Sim";1;0;1;0;0;0;1;1;-26,64253985;-48,68950684;"SPRF-SC";"DEL03-SC";"UOP02-DEL03-SC"
282605;2020-05-03;"domingo";"10:10:00";"SC";116;45,5;"ITAIOPOLIS";"Desobediência às normas de trânsito pelo condutor";"Capotamento";"Com Vítimas Feridas";"Pleno dia";"Crescente";"Céu Claro";"Simples";"Reta";"Não";2;0;1;0;1;0;1;1;-26,34267556;-50,1007322;"SPRF-SC";"DEL06-SC";"UOP01-DEL06-SC"
282606;2020-05-03;"domingo";"11:15:00";"PR";376;617;"SAO JOSE DOS PINHAIS";"Falta de Atenção à Condução";"Colisão traseira";"Com Vítimas Feridas";"Pleno dia";"Decrescente";"Céu Claro";"Dupla";"Reta";"Sim";2;0;1;0;1;0;1;2;-25,58426494;-49,17618795;"SPRF-PR";"DEL01-PR";"UOP01-DEL01-PR"
282607;2020-05-03;"domingo";"09:00:00";"GO";80;43;"PADRE BERNARDO";"Velocidade Incompatível";"Saída de leito carroçável";"Com Vítimas Feridas";"Pleno dia";"Crescente";"Céu Claro";"Dupla";"Curva";"Sim";1;0;1;0;0;0;1;1;-15,194256;-48,284073;"SPRF-DF";"DEL03-DF";"UOP02-DEL03-DF"
282609;2020-05-03;"domingo";"12:30:00";"SP";116;159,8;"JACAREI";"Animais na Pista";"Atropelamento de Animal";"Com Vítimas Feridas";"Pleno dia";"Crescente";"Nublado";"Dupla";"Reta";"Não";1;0;1;0;0;0;1;1;-23,26585409;-45,95983994;"SPRF-SP";"DEL02-SP";"UOP01-DEL02-SP"
282610;2020-05-03;"domingo";"12:00:00";"RJ";40;115;"DUQUE DE CAXIAS";"Agressão Externa";"Colisão lateral";"Sem Vítimas";"Pleno dia";"Decrescente";"Céu Claro";"Dupla";"Retorno Regulamentado";"Sim";2;0;0;0;2;0;0;2;-22,72756999;-43,2891609;"SPRF-RJ";"DEL01-RJ";"UOP01-DEL01-RJ"
282612;2020-05-01;"sexta-feira";"23:00:00";"MG";381;355;"JOAO MONLEVADE";"Ingestão de Álcool";"Colisão com objeto estático";"Sem Vítimas";"Plena Noite";"Decrescente";"Nublado";"Simples";"Reta";"Não";1;0;0;0;1;0;0;1;-19,84112398;-43,199388;"SPRF-MG";"DEL03-MG";"UOP01-DEL03-MG"
282613;2020-05-03;"domingo";"11:10:00";"GO";60;103;"ANAPOLIS";"Falta de Atenção à Condução";"Saída de leito carroçável";"Com Vítimas Feridas";"Pleno dia";"Crescente";"Céu Claro";"Dupla";"Declive";"Não";1;0;1;0;0;0;1;1;-16,4098;-48,9913;"SPRF-GO";"DEL02-GO";"UOP01-DEL02-GO"