"id";"data_inversa";"dia_semana";"horario";"uf";"br";"km";"municipio";"causa_acidente";"tipo_acidente";"classificacao_acidente";"fase_dia";"sentido_via";"condicao_metereologica";"tipo_pista";"tracado_via";"uso_solo";"pessoas";"mortos";"feridos_leves";"feridos_graves";"ilesos";"ignorados";"feridos";"veiculos";"latitude";"longitude";"regional";"delegacia";"uop"
282616;2020-05-03;"domingo";"14:00:00";"DF";40;7,9;"BRASILIA";"Falta de Atenção à Condução";"Colisão lateral";"Com Vítimas Feridas";"Pleno dia";"Decrescente";"Céu Claro";"Dupla";"Reta";"Não";2;0;0;1;0;1;1;2;-16,038666;-47,979691;"SPRF-DF";"DEL01-DF";"UOP01-DEL01-DF"
282617;2020-05-03;"domingo";"14:00:00";"PR";376;498,9;"PONTA GROSSA";"Desobediência às normas de trânsito pelo condutor";"Colisão frontal";"Com Vítimas Feridas";"Pleno dia";"Decrescente";"Sol";"Dupla";"Interseção de Vias";"Não";2;0;1;0;1;0;1;2;-25,154205;-50,135334;"SPRF-PR";"DEL03-PR";"UOP04-DEL03-PR"
282618;2020-05-03;"domingo";"14:20:00";"RJ";116;165;"RIO DE JANEIRO";"Ingestão de Álcool";"Colisão com objeto estático";"Com Vítimas Feridas";"Pleno dia";"Decrescente";"Céu Claro";"Múltipla";"Reta";"Sim";2;0;2;0;0;0;2;1;-22,81548519;-43,29087405;"SPRF-RJ";"DEL01-RJ";"UOP02-DEL01-RJ"
282621;2020-05-03;"domingo";"12:50:00";"MG";381;408;"NOVA UNIAO";"Falta de Atenção à Condução";"Colisão traseira";"Com Vítimas Feridas";"Pleno dia";"Decrescente";"Céu Claro";"Simples";"Reta";"Não";3;0;1;1;1;0;2;2;-19,72515688;-43,56957794;"SPRF-MG";"DEL01-MG";"UOP01-DEL01-MG"
282623;2020-05-03;"domingo";"15:50:00";"SC";282;493,9;"FAXINAL DOS GUEDES";"Não guardar distância de segurança";"Queda de ocupante de veículo";"Com Vítimas Feridas";"Pleno dia";"Crescente";"Céu Claro";"Simples";"Reta";"Não";1;0;1;0;0;0;1;1;-26,869814;-52,310135;"SPRF-SC";"DEL07-SC";"UOP01-DEL07-SC"
282624;2020-05-03;"domingo";"15:00:00";"PR";476;292;"SAO MATEUS DO SUL";"Velocidade Incompatível";"Saída de leito carroçável";"Com Vítimas Feridas";"Pleno dia";"Crescente";"Céu Claro";"Simples";"Reta";"Não";1;0;0;1;0;0;1;1;-25,94556;-50,497391;"SPRF-PR";"DEL02-PR";"UOP04-DEL02-PR"
282625;2020-05-03;"domingo";"14:40:00";"RS";116;91;"CAMPESTRE DA SERRA";"Falta de Atenção à Condução";"Colisão com objeto estático";"Sem Vítimas";"Pleno dia";"Crescente";"Céu Claro";"Simples";"Curva";"Não";1;0;0;0;0;1;0;1;-28,8698941;-51,12028599;"SPRF-RS";"DEL05-RS";"UOP03-DEL05-RS"
282626;2020-05-03;"domingo";"16:05:00";"GO";40;5,8;"VALPARAISO DE GOIAS";"Falta de Atenção à Condução";"Colisão traseira";"Com Vítimas Feridas";"Pleno dia";"Crescente";"Céu Claro";"Dupla";"Reta";"Sim";2;0;1;0;1;0;1;2;-16,097111;-47,979618;"SPRF-DF";"DEL01-DF";"UOP01-DEL01-DF"
282627;2020-05-03;"domingo";"16:10:00";"ES";101;255;"SERRA";"Falta de Atenção à Condução";"Colisão traseira";"Com Vítimas Feridas";"Pleno dia";"Crescente";"Céu Claro";"Simples";"Reta";"Sim";2;0;0;1;1;0;1;2;-20,116;-40,318;"SPRF-ES";"DEL02-ES";"UOP01-DEL02-ES"
282628;2020-05-03;"domingo";"14:00:00";"MS";419;282,1;"ANASTACIO";"Ingestão de Álcool";"Saída de leito carroçável";"Sem Vítimas";"Pleno dia";"Decrescente";"Céu Claro";"Simples";"Reta;Declive";"Não";2;0;0;0;1;1;0;1;-20,81269995;-55,93016181;"SPRF-MS";"DEL03-MS";"UOP01-DEL03-MS"
282629;2020-05-03;"domingo";"15:50:00";"GO";153;580;"PROFESSOR JAMIL";"Falta de Atenção à Condução";"Colisão traseira";"Com Vítimas Feridas";"Pleno dia";"Decrescente";"Céu Claro";"Dupla";"Aclive";"Não";2;0;1;0;1;0;1;1;-17,3851;-49,2343;"SPRF-GO";"DEL03-GO";"UOP01-DEL03-GO"
282633;2020-05-03;"domingo";"16:40:00";"ES";482;111,8;"GUACUI";"Velocidade Incompatível";"Saída de leito carroçável";"Com Vítimas Feridas";"Pleno dia";"Crescente";"Céu Claro";"Simples";"Aclive;Curva";"Não";1;0;0;1;0;0;1;1;-20,8051075;-41,7109642;"SPRF-ES";"DEL03-ES";"UOP02-DEL03-ES"
282634;2020-05-03;"domingo";"16:20:00";"PE";408;105,2;"JABOATAO DOS GUARARAPES";"Velocidade Incompatível";"Tombamento";"Com Vítimas Feridas";"Pleno dia";"Decrescente";"Céu Claro";"Múltipla";"Curva";"Sim";2;0;1;0;0;1;1;1;-8,075598;-34,992199;"SPRF-PE";"DEL01-PE";"UOP01-DEL01-PE"
282635;2020-05-03;"domingo";"16:50:00";"RS";116;222;"DOIS IRMAOS";"Falta de Atenção à Condução";"Colisão transversal";"Com Vítimas Feridas";"Pleno dia";"Crescente";"Céu Claro";"Simples";"Aclive";"Sim";4;0;2;0;2;0;2;2;-29,58096695;-51,09515511;"SPRF-RS";"DEL01-RS";"UOP02-DEL01-RS"
282636;2020-05-03;"domingo";"15:50:00";"RJ";116;170;"SAO JOAO DE MERITI";"Falta de Atenção à Condução";"Colisão lateral";"Com Vítimas Feridas";"Pleno dia";"Decrescente";"Céu Claro";"Dupla";"Reta";"Sim";2;0;1;0;1;0;1;2;-22,81113183;-43,3336729;"SPRF-RJ";"DEL01-RJ";"UOP02-DEL01-RJ"
282637;2020-04-14;"terça-feira";"12:30:00";"PI";343;245;"CAMPO MAIOR";"Defeito na Via";"Saída de leito carroçável";"Com Vítimas Feridas";"Pleno dia";"Crescente";"Nublado";"Simples";"Reta";"Não";4;0;3;0;1;0;3;1;-4,688696;-42,083652;"SPRF-PI";"DEL01-PI";"UOP03-DEL01-PI"
282638;2020-05-03;"domingo";"16:15:00";"MG";267;138,6;"JUIZ DE FORA";"Falta de Atenção à Condução";"Colisão transversal";"Com Vítimas Fatais";"Pleno dia";"Crescente";"Céu Claro";"Simples";"Reta";"Sim";3;1;0;1;1;0;1;2;-21,79071223;-43,67401443;"SPRF-MG";"DEL05-MG";"UOP01-DEL05-MG"
282639;2020-05-02;"sábado";"07:30:00";"MG";116;23;"CACHOEIRA DE PAJEU";"Agressão Externa";"Colisão lateral";"Sem Vítimas";"Amanhecer";"Decrescente";"Céu Claro";"Simples";"Reta";"Não";2;0;0;0;1;1;0;2;-15,85763677;-41,41930126;"SPRF-BA";"DEL08-BA";"UOP03-DEL08-BA"
282640;2020-05-03;"domingo";"17:00:00";"SC";101;7,4;"PENHA";"Falta de Atenção à Condução";"Colisão traseira";"Com Vítimas Feridas";"Pleno dia";"Crescente";"Sol";"Simples";"Viaduto";"Não";4;0;1;0;3;0;1;3;-26,83863725;-48,66605937;"SPRF-SC";"DEL03-SC";"UOP01-DEL03-SC"
282641;2020-05-03;"domingo";"15:50:00";"PR";369;362,7;"CAMPO MOURAO";"Mal Súbito";"Capotamento";"Com Vítimas Feridas";"Pleno dia";"Decrescente";"Céu Claro";"Simples";"Reta";"Não";2;0;1;1;0;0;2;1;-24,0874;-52,4179;"SPRF-PR";"DEL09-PR";"UOP03-DEL09-PR"
282642;2020-05-03;"domingo";"17:30:00";"RS";386;362,5;"ESTRELA";"Falta de Atenção à Condução";"Colisão com objeto estático";"Com Vítimas Feridas";"Anoitecer";"Decrescente";"Céu Claro";"Dupla";"Curva";"Não";1;0;1;0;0;0;1;1;-29,557457;-51,891541;"SPRF-RS";"DEL04-RS";"UOP02-DEL04-RS"
282643;2020-05-03;"domingo";"17:23:00";"DF";20;16;"BRASILIA";"Desobediência às normas de trânsito pelo condutor";"Colisão lateral";"Com Vítimas Feridas";"Pleno dia";"Crescente";"Céu Claro";"Dupla";"Declive";"Sim";2;0;1;0;1;0;1;2;-15,625675;-47,725159;"SPRF-DF";"DEL02-DF";"UOP01-DEL02-DF"
282644;2020-05-03;"domingo";"15:00:00";"MG";354;705,5;"CAXAMBU";"Velocidade Incompatível";"Colisão traseira";"Com Vítimas Feridas";"Pleno dia";"Decrescente";"Céu Claro";"Simples";"Curva";"Sim";3;0;3;0;0;0;3;2;-21,99205276;-44,9251702;"SPRF-MG";"DEL17-MG";"UOP01-DEL17-MG"
282645;2020-05-03;"domingo";"17:15:00";"MG";40;512,5;"RIBEIRAO DAS NEVES";"Não guardar distância de segurança";"Engavetamento";"Sem Vítimas";"Pleno dia";"Crescente";"Céu Claro";"Dupla";"Reta";"Sim";3;0;0;0;3;0;0;3;-19,78946999;-44,11290699;"SPRF-MG";"DEL01-MG";"UOP02-DEL01-MG"
282646;2020-05-03;"domingo";"17:50:00";"PB";104;137,9;"QUEIMADAS";"Ingestão de Álcool";"Colisão traseira";"Com Vítimas Feridas";"Anoitecer";"Decrescente";"Céu Claro";"Simples";"Reta";"Não";2;0;1;1;0;0;2;2;-7,352277;-35,90094;"SPRF-PB";"DEL02-PB";"UOP03-DEL02-PB"
282647;2020-05-03;"domingo";"18:10:00";"RN";101;83,3;"SAO GONCALO DO AMARANTE";"Pista Escorregadia";"Tombamento";"Com Vítimas Feridas";"Plena Noite";"Crescente";"Céu Claro";"Dupla";"Interseção de Vias;Desvio Temporário;Em Obras;Curva";"Sim";1;0;0;1;0;0;1;1;-5,77086476;-35,26757956;"SPRF-RN";"DEL02-RN";"UOP01-DEL02-RN"
282649;2020-05-03;"domingo";"18:00:00";"PE";428;140,2;"LAGOA GRANDE";"Ingestão de Álcool";"Colisão frontal";"Com Vítimas Fatais";"Plena Noite";"Decrescente";"Céu Claro";"Simples";"Reta";"Sim";2;1;0;0;1;0;0;2;-9,00136313;-40,27209699;"SPRF-PE";"DEL06-PE";"UOP01-DEL06-PE"
282650;2020-05-03;"domingo";"18:15:00";"BA";324;518,5;"FEIRA DE SANTANA";"Falta de Atenção à Condução";"Colisão frontal";"Com Vítimas Feridas";"Plena Noite";"Crescente";"Céu Claro";"Simples";"Reta";"Sim";2;0;1;0;1;0;1;2;-12,26330142;-38,93262863;"SPRF-BA";"DEL02-BA";"UOP01-DEL02-BA"
282651;2020-05-03;"domingo";"16:45:00";"MS";163;496,5;"CAMPO GRANDE";"Defeito Mecânico no Veículo";"Tombamento";"Com Vítimas Feridas";"Pleno dia";"Decrescente";"Céu Claro";"Simples";"Reta";"Não";2;0;2;0;0;0;2;1;-20,35985581;-54,52552831;"SPRF-MS";"DEL01-MS";"UOP02-DEL01-MS"
282652;2020-05-03;"domingo";"18:50:00";"PR";369;188;"ARAPONGAS";"Não guardar distância de segurança";"Colisão traseira";"Com Vítimas Feridas";"Anoitecer";"Decrescente";"Céu Claro";"Simples";"Reta";"Sim";5;0;1;0;4;0;1;3;-23,43463871;-51,42209351;"SPRF-PR";"DEL07-PR";"UOP03-DEL07-PR"
282653;2020-05-03;"domingo";"18:15:00";"SC";280;130,7;"RIO NEGRINHO";"Ingestão de Álcool";"Colisão traseira";"Sem Vítimas";"Anoitecer";"Decrescente";"Céu Claro";"Simples";"Reta;Aclive";"Não";2;0;0;0;2;0;0;2;-26,26617136;-49,55108643;"SPRF-SC";"DEL06-SC";"UOP03-DEL06-SC"
282657;2020-05-03;"domingo";"18:25:00";"SC";282;516,1;"XAXIM";"Velocidade Incompatível";"Saída de leito carroçável";"Sem Vítimas";"Pleno dia";"Decrescente";"Sol";"Simples";"Curva";"Não";1;0;0;0;1;0;0;1;-26,92921555;-52,49943495;"SPRF-SC";"DEL07-SC";"UOP01-DEL07-SC"
282659;2020-05-03;"domingo";"18:30:00";"SP";116;208;"GUARULHOS";"Animais na Pista";"Engavetamento";"Com Vítimas Feridas";"Plena Noite";"Decrescente";"Céu Claro";"Dupla";"Reta";"Não";5;0;1;0;4;0;1;4;-23,42222263;-46,3932771;"SPRF-SP";"DEL01-SP";"UOP01-DEL01-SP"
282662;2020-05-03;"domingo";"18:40:00";"PR";116;211;"RIO NEGRO";"Falta de Atenção à Condução";"Colisão transversal";"Com Vítimas Feridas";"Plena Noite";"Decrescente";"Céu Claro";"Simples";"Retorno Regulamentado";"Não";2;0;1;0;1;0;1;2;-26,07980928;-49,76934983;"SPRF-SC";"DEL06-SC";"UOP01-DEL06-SC"
282663;2020-05-03;"domingo";"18:00:00";"GO";364;18,5;"SAO SIMAO";"Defeito na Via";"Queda de ocupante de veículo";"Com Vítimas Feridas";"Anoitecer";"Decrescente";"Céu Claro";"Simples";"Reta";"Não";1;0;1;0;0;0;1;1;-18,943693;-50,635265;"SPRF-GO";"DEL05-GO";"UOP02-DEL05-GO"
282667;2020-05-03;"domingo";"19:30:00";"RS";386;348,3;"LAJEADO";"Falta de Atenção à Condução";"Colisão traseira";"Com Vítimas Feridas";"Plena Noite";"Decrescente";"Céu Claro";"Dupla";"Interseção de Vias";"Sim";2;0;0;1;1;0;1;2;-29,456644;-51,957329;"SPRF-RS";"DEL04-RS";"UOP02-DEL04-RS"
282668;2020-05-03;"domingo";"18:55:00";"SP";153;27,9;"NOVA GRANADA";"Falta de Atenção à Condução";"Colisão transversal";"Com Vítimas Feridas";"Plena Noite";"Decrescente";"Céu Claro";"Simples";"Interseção de Vias";"Não";2;0;2;0;0;0;2;2;-20,52022699;-49,32584524;"SPRF-SP";"DEL09-SP";"UOP01-DEL09-SP"
282670;2020-05-03;"domingo";"19:20:00";"PR";277;116;"CAMPO LARGO";"Agressão Externa";"Saída de leito carroçável";"Com Vítimas Feridas";"Plena Noite";"Decrescente";"Céu Claro";"Múltipla";"Declive";"Sim";1;0;1;0;0;0;1;1;-25,45;-49,517;"SPRF-PR";"DEL01-PR";"UOP03-DEL03-PR"
282674;2020-05-03;"domingo";"17:45:00";"RS";470;223;"GARIBALDI";"Mal Súbito";"Saída de leito carroçável";"Sem Vítimas";"Pleno dia";"Crescente";"Céu Claro";"Dupla";"Reta";"Não";1;0;0;0;1;0;0;1;-29,21249203;-51,51794436;"SPRF-RS";"DEL06-RS";"UOP01-DEL06-RS"
282675;2020-05-03;"domingo";"18:15:00";"MT";70;733;"CACERES";"Falta de Atenção à Condução";"Queda de ocupante de veículo";"Com Vítimas Feridas";"Plena Noite";"Crescente";"Céu Claro";"Simples";"Reta";"Não";1;0;1;0;0;0;1;1;-16,07981574;-57,70019531;"SPRF-MT";"DEL03-MT";"UOP01-DEL03-MT"
282676;2020-05-03;"domingo";"17:45:00";"MG";116;377;"MATHIAS LOBATO";"Desobediência às normas de trânsito pelo condutor";"Colisão transversal";"Com Vítimas Feridas";"Anoitecer";"Decrescente";"Céu Claro";"Múltipla";"Reta";"Sim";3;0;1;1;1;0;2;2;-18,59671795;-41,9254726;"SPRF-MG";"DEL06-MG";"UOP01-DEL06-MG"
282677;2020-05-03;"domingo";"20:20:00";"BA";418;82;"NOVA VICOSA";"Ingestão de Álcool";"Queda de ocupante de veículo";"Com Vítimas Feridas";"Plena Noite";"Crescente";"Céu Claro";"Simples";"Interseção de Vias";"Não";1;0;1;0;0;0;1;1;-17,8928273;-39,81479645;"SPRF-BA";"DEL09-BA";"UOP02-DEL09-BA"
282678;2020-05-03;"domingo";"16:30:00";"MS";262;328,1;"CAMPO GRANDE";"Velocidade Incompatível";"Saída de leito carroçável";"Com Vítimas Feridas";"Pleno dia";"Crescente";"Céu Claro";"Simples";"Curva;Viaduto;Aclive";"Sim";3;0;2;1;0;0;3;1;-20,46381676;-54,55409288;"SPRF-MS";"DEL01-MS";"UOP01-DEL01-MS"
282681;2020-05-03;"domingo";"19:21:00";"PR";277;722,6;"FOZ DO IGUACU";"Falta de Atenção à Condução";"Saída de leito carroçável";"Sem Vítimas";"Plena Noite";"Decrescente";"Céu Claro";"Dupla";"Reta";"Sim";1;0;0;0;1;0;0;1;-25,49494908;-54,52095097;"SPRF-PR";"DEL05-PR";"UOP01-DEL05-PR"
282682;2020-05-03;"domingo";"20:30:00";"PE";232;255,5;"ARCOVERDE";"Animais na Pista";"Atropelamento de Animal";"Com Vítimas Feridas";"Plena Noite";"Crescente";"Nublado";"Simples";"Reta";"Não";2;0;1;0;1;0;1;1;-8,41005504;-37,09314823;"SPRF-PE";"DEL03-PE";"UOP02-DEL03-PE"
282683;2020-05-03;"domingo";"20:30:00";"PR";116;117;"CURITIBA";"Velocidade Incompatível";"Queda de ocupante de veículo";"Com Vítimas Feridas";"Plena Noite";"Crescente";"Nublado";"Dupla";"Curva";"Não";1;0;1;0;0;0;1;1;-25,54988723;-49,28248211;"SPRF-PR";"DEL01-PR";"UOP03-DEL01-PR"
282684;2020-05-03;"domingo";"21:00:00";"MG";262;442,6;"NOVA SERRANA";"Animais na Pista";"Atropelamento de Animal";"Com Vítimas Feridas";"Plena Noite";"Decrescente";"Céu Claro";"Dupla";"Reta";"Sim";4;0;2;0;2;0;2;2;-19,8806236;-44,91232265;"SPRF-MG";"DEL08-MG";"UOP03-DEL08-MG"
282685;2020-05-03;"domingo";"20:20:00";"RS";116;154,4;"CAXIAS DO SUL";"Desobediência às normas de trânsito pelo condutor";"Colisão lateral";"Com Vítimas Feridas";"Plena Noite";"Decrescente";"Céu Claro";"Simples";"Interseção de Vias";"Sim";2;0;1;0;1;0;1;2;-29,19074818;-51,18073734;"SPRF-RS";"DEL05-RS";"UOP01-DEL05-RS"
282686;2020-05-03;"domingo";"19:40:00";"SC";280;99,1;"SAO BENTO DO SUL";"Ingestão de Álcool";"Saída de leito carroçável";"Com Vítimas Feridas";"Plena Noite";"Crescente";"Céu Claro";"Simples";"Curva";"Não";1;0;1;0;0;0;1;1;-26,36472609;-49,33530807;"SPRF-SC";"DEL06-SC";"UOP03-DEL06-SC"
282687;2020-05-03;"domingo";"18:40:00";"MS";163;204,4;"CAARAPO";"Falta de Atenção à Condução";"Saída de leito carroçável";"Sem Vítimas";"Plena Noite";"Crescente";"Céu Claro";"Simples";"Reta";"Não";1;0;0;0;1;0;0;1;-22,66255338;-54,7996404;"SPRF-MS";"DEL04-MS";"UOP02-DEL04-MS"
282688;2020-05-03;"domingo";"21:15:00";"PB";230;27,4;"JOAO PESSOA";"Falta de Atenção do Pedestre";"Atropelamento de Pedestre";"Com Vítimas Feridas";"Plena Noite";"Decrescente";"Nublado";"Dupla";"Reta";"Sim";3;0;0;1;2;0;1;2;-7,16646588;-34,88814896;"SPRF-PB";"DEL01-PB";"UOP01-DEL01-PB"
282690;2020-05-03;"domingo";"21:30:00";"AP";210;17;"MACAPA";"Falta de Atenção à Condução";"Colisão traseira";"Com Vítimas Feridas";"Plena Noite";"Crescente";"Nublado";"Simples";"Reta";"Não";3;0;0;1;0;2;1;2;0,17108692;-51,1248476;"SPRF-AP";"DEL01-AP";"UOP01-DEL01-AP"
282692;2020-05-03;"domingo";"20:30:00";"RR";174;491;"BOA VISTA";"Desobediência às normas de trânsito pelo condutor";"Colisão lateral";"Com Vítimas Feridas";"Plena Noite";"Decrescente";"Céu Claro";"Simples";"Curva";"Não";2;0;1;0;0;1;1;2;2,739189;-60,765636;"SPRF-RR";"DEL01-RR";"UOP01-DEL01-RR"
282693;2020-05-03;"domingo";"21:00:00";"SP";116;274;"TABOAO DA SERRA";"Defeito na Via";"Colisão com objeto estático";"Com Vítimas Feridas";"Plena Noite";"Decrescente";"Céu Claro";"Dupla";"Reta";"Sim";1;0;1;0;0;0;1;1;-23,63445084;-46,82418514;"SPRF-SP";"DEL04-SP";"UOP01-DEL04-SP"
282694;2020-05-03;"domingo";"21:00:00";"BA";101;251;"CONCEICAO DO ALMEIDA";"Falta de Atenção à Condução";"Colisão lateral";"Sem Vítimas";"Plena Noite";"Decrescente";"Céu Claro";"Simples";"Declive";"Não";4;0;0;0;4;0;0;2;-12,89482822;-39,23330285;"SPRF-BA";"DEL01-BA";"UOP02-DEL01-BA"
282696;2020-05-03;"domingo";"21:05:00";"GO";60;172,5;"GOIANIA";"Velocidade Incompatível";"Colisão com objeto estático";"Sem Vítimas";"Plena Noite";"Crescente";"Céu Claro";"Dupla";"Reta";"Não";1;0;0;0;0;1;0;1;-16,738;-49,4076;"SPRF-GO";"DEL01-GO";"UOP02-DEL01-GO"
282697;2020-05-03;"domingo";"19:35:00";"MS";163;793;"PEDRO GOMES";"Ingestão de Álcool";"Saída de leito carroçável";"Sem Vítimas";"Plena Noite";"Crescente";"Céu Claro";"Simples";"Reta";"Não";1;0;0;0;1;0;0;1;-17,979322;-54,67845816;"SPRF-MS";"DEL06-MS";"UOP01-DEL06-MS"
282699;2020-05-03;"domingo";"20:10:00";"PR";116;33;"CAMPINA GRANDE DO SUL";"Defeito Mecânico no Veículo";"Incêndio";"Sem Vítimas";"Plena Noite";"Crescente";"Céu Claro";"Dupla";"Curva";"Não";1;0;0;0;1;0;0;1;-25,1068163;-48,8493208;"SPRF-PR";"DEL01-PR";"UOP02-DEL01-PR"
282700;2020-05-03;"domingo";"17:45:00";"SC";470;99;"APIUNA";"Velocidade Incompatível";"Saída de leito carroçável";"Sem Vítimas";"Anoitecer";"Crescente";"Céu Claro";"Simples";"Curva";"Sim";1;0;0;0;0;1;0;1;-27,037956;-49,393417;"SPRF-SC";"DEL04-SC";"UOP01-DEL04-SC"
282701;2020-05-03;"domingo";"17:20:00";"GO";153;508;"APARECIDA DE GOIANIA";"Ingestão de Álcool";"Colisão com objeto estático";"Com Vítimas Feridas";"Pleno dia";"Decrescente";"Céu Claro";"Dupla";"Aclive";"Sim";1;0;1;0;0;0;1;1;-16,7804;-49,2371;"SPRF-GO";"DEL01-GO";"UOP03-DEL01-GO"
282702;2020-05-03;"domingo";"19:00:00";"RS";285;131;"VACARIA";"Animais na Pista";"Atropelamento de Animal";"Sem Vítimas";"Plena Noite";"Decrescente";"Céu Claro";"Simples";"Reta";"Não";2;0;0;0;2;0;0;2;-28,442188;-50,996849;"SPRF-RS";"DEL05-RS";"UOP03-DEL05-RS"
282703;2020-05-03;"domingo";"22:45:00";"ES";101;149;"LINHARES";"Desobediência às normas de trânsito pelo condutor";"Colisão frontal";"Com Vítimas Feridas";"Plena Noite";"Crescente";"Céu Claro";"Simples";"Reta";"Sim";3;0;1;1;1;0;2;2;-19,39619083;-40,06435871;"SPRF-ES";"DEL04-ES";"UOP01-DEL04-ES"
282705;2020-05-03;"domingo";"22:15:00";"MG";40;516,6;"RIBEIRAO DAS NEVES";"Falta de Atenção à Condução";"Saída de leito carroçável";"Com Vítimas Feridas";"Plena Noite";"Decrescente";"Céu Claro";"Dupla";"Retorno Regulamentado";"Sim";2;0;0;2;0;0;2;1;-19,82351202;-44,08438913;"SPRF-MG";"DEL01-MG";"UOP02-DEL01-MG"
282706;2020-05-03;"domingo";"22:00:00";"RJ";465;21;"RIO DE JANEIRO";"Falta de Atenção à Condução";"Colisão traseira";"Com Vítimas Feridas";"Plena Noite";"Decrescente";"Céu Claro";"Simples";"Reta";"Sim";4;0;0;1;3;0;1;3;-22,854782;-43,601933;"SPRF-RJ";"DEL01-RJ";"UOP03-DEL01-RJ"
282707;2020-05-03;"domingo";"17:00:00";"MG";381;159;"GOVERNADOR VALADARES";"Desobediência às normas de trânsito pelo condutor";"Colisão transversal";"Com Vítimas Feridas";"Pleno dia";"Crescente";"Céu Claro";"Simples";"Curva";"Sim";2;0;1;0;1;0;1;2;-18,92455594;-42,01932801;"SPRF-MG";"DEL06-MG";"UOP01-DEL06-MG"
282711;2020-05-03;"domingo";"22:05:00";"TO";153;135,9;"ARAGUAINA";"Falta de Atenção à Condução";"Colisão traseira";"Sem Vítimas";"Plena Noite";"Crescente";"Céu Claro";"Simples";"Reta";"Sim";5;0;0;0;4;1;0;2;-7,12896688;-48,19843215;"SPRF-TO";"DEL02-TO";"UOP01-DEL02-TO"
282712;2020-05-03;"domingo";"22:20:00";"PR";376;391,1;"IMBAU";"Falta de Atenção à Condução";"Colisão com objeto estático";"Com Vítimas Feridas";"Plena Noite";"Decrescente";"Nublado";"Dupla";"Declive";"Não";2;0;2;0;0;0;2;1;-24,53023946;-50,69807528;"SPRF-PR";"DEL03-PR";"UOP02-DEL03-PR"
282713;2020-05-03;"domingo";"22:00:00";"RJ";356;119;"CAMPOS DOS GOYTACAZES";"Desobediência às normas de trânsito pelo condutor";"Colisão frontal";"Com Vítimas Fatais";"Plena Noite";"Crescente";"Céu Claro";"Simples";"Reta";"Não";3;1;2;0;0;0;2;2;-21,62702593;-41,41001086;"SPRF-RJ";"DEL08-RJ";"UOP01-DEL08-RJ"
282714;2020-05-03;"domingo";"19:30:00";"PE";232;422;"SERRA TALHADA";"Falta de Atenção à Condução";"Colisão frontal";"Com Vítimas Fatais";"Plena Noite";"Crescente";"Céu Claro";"Simples";"Reta";"Não";5;1;0;0;4;0;0;2;-7,9977329;-38,40384502;"SPRF-PE";"DEL04-PE";"UOP01-DEL04-PE"
282716;2020-05-04;"segunda-feira";"00:15:00";"SC";101;92,3;"BARRA VELHA";"Ingestão de Álcool";"Capotamento";"Com Vítimas Feridas";"Plena Noite";"Crescente";"Céu Claro";"Simples";"Reta";"Sim";1;0;1;0;0;0;1;1;-26,6806041;-48,6931497;"SPRF-SC";"DEL03-SC";"UOP02-DEL03-SC"
282718;2020-05-04;"segunda-feira";"01:25:00";"RS";285;566,2;"SAO LUIZ GONZAGA";"Falta de Atenção à Condução";"Queda de ocupante de veículo";"Com Vítimas Feridas";"Plena Noite";"Crescente";"Céu Claro";"Simples";"Interseção de Vias";"Não";1;0;1;0;0;0;1;1;-28,419132;-54,956936;"SPRF-RS";"DEL10-RS";"UOP01-DEL10-RS"
282719;2020-05-04;"segunda-feira";"01:30:00";"RO";364;779;"PORTO VELHO";"Animais na Pista";"Atropelamento de Animal";"Sem Vítimas";"Plena Noite";"Crescente";"Nevoeiro/Neblina";"Simples";"Reta";"Não";3;0;0;0;3;0;0;1;-9,185828;-64,243643;"SPRF-RO";"DEL01-RO";"UOP02-DEL01-RO"
282720;2020-05-04;"segunda-feira";"04:50:00";"SC";470;122,8;"IBIRAMA";"Velocidade Incompatível";"Tombamento";"Com Vítimas Feridas";"Plena Noite";"Crescente";"Céu Claro";"Dupla";"Curva";"Não";2;0;1;0;1;0;1;2;-27,10589452;-49,52190399;"SPRF-SC";"DEL04-SC";"UOP02-DEL04-SC"
282721;2020-05-04;"segunda-feira";"04:00:00";"GO";70;6;"AGUAS LINDAS DE GOIAS";"Falta de Atenção à Condução";"Saída de leito carroçável";"Sem Vítimas";"Plena Noite";"Crescente";"Céu Claro";"Dupla";"Reta";"Sim";1;0;0;0;0;1;0;1;-15,75049381;-48,2612381;"SPRF-DF";"DEL03-DF";"UOP02-DEL03-DF"
282723;2020-05-04;"segunda-feira";"03:50:00";"CE";20;317,2;"CANINDE";"Condutor Dormindo";"Saída de leito carroçável";"Com Vítimas Fatais";"Amanhecer";"Crescente";"Nublado";"Simples";"Curva";"Não";1;1;0;0;0;0;0;1;-4,29121502;-39,24974699;"SPRF-CE";"DEL02-CE";"UOP01-DEL02-CE"
282725;2020-05-04;"segunda-feira";"06:00:00";"RS";116;292;"ELDORADO DO SUL";"Animais na Pista";"Atropelamento de Animal";"Com Vítimas Feridas";"Amanhecer";"Decrescente";"Céu Claro";"Dupla";"Reta";"Sim";2;0;1;1;0;0;2;2;-30,05365284;-51,33574234;"SPRF-RS";"DEL02-RS";"UOP01-DEL02-RS"
282726;2020-05-04;"segunda-feira";"01:18:00";"MG";40;547,9;"NOVA LIMA";"Falta de Atenção à Condução";"Saída de leito carroçável";"Sem Vítimas";"Plena Noite";"Decrescente";"Céu Claro";"Dupla";"Reta";"Não";1;0;0;0;0;1;0;1;-20,02252424;-43,97026042;"SPRF-MG";"DEL01-MG";"UOP02-DEL01-MG"