"id";"data_inversa";"dia_semana";"horario";"uf";"br";"km";"municipio";"causa_acidente";"tipo_acidente";"classificacao_acidente";"fase_dia";"sentido_via";"condicao_metereologica";"tipo_pista";"tracado_via";"uso_solo";"pessoas";"mortos";"feridos_leves";"feridos_graves";"ilesos";"ignorados";"feridos";"veiculos";"latitude";"longitude";"regional";"delegacia";"uop"
283241;2020-05-07;"quinta-feira";"13:00:00";"SC";470;89;"ASCURRA";"Desobediência às normas de trânsito pelo condutor";"Colisão transversal";"Com Vítimas Feridas";"Pleno dia";"Crescente";"Nublado";"Simples";"Interseção de Vias";"Não";2;0;2;0;0;0;2;2;-26,961573;-49,371918;"SPRF-SC";"DEL04-SC";"UOP01-DEL04-SC"
283242;2020-05-07;"quinta-feira";"12:00:00";"PR";280;258;"MARMELEIRO";"Falta de Atenção à Condução";"Colisão transversal";"Com Vítimas Feridas";"Pleno dia";"Decrescente";"Céu Claro";"Simples";"Reta";"Sim";2;0;1;0;1;0;1;2;-26,16533764;-53,04881509;"SPRF-PR";"DEL02-PR";"UOP01-DEL02-PR"
283243;2020-05-07;"quinta-feira";"13:00:00";"RN";101;108;"PARNAMIRIM";"Falta de Atenção à Condução";"Colisão traseira";"Com Vítimas Feridas";"Pleno dia";"Crescente";"Sol";"Dupla";"Reta";"Sim";2;0;1;0;1;0;1;2;-5,92854357;-35,26490092;"SPRF-RN";"DEL01-RN";"UOP01-DEL01-RN"
283244;2020-05-07;"quinta-feira";"11:25:00";"RJ";116;66,2;"TERESOPOLIS";"Falta de Atenção à Condução";"Tombamento";"Com Vítimas Feridas";"Pleno dia";"Decrescente";"Nublado";"Simples";"Curva";"Sim";1;0;1;0;0;0;1;1;-22,28530513;-42,9306046;"SPRF-RJ";"DEL04-RJ";"UOP01-DEL04-RJ"
283245;2020-05-07;"quinta-feira";"11:45:00";"PI";343;48;"BURITI DOS LOPES";"Falta de Atenção à Condução";"Colisão traseira";"Com Vítimas Feridas";"Pleno dia";"Crescente";"Céu Claro";"Simples";"Reta";"Sim";3;0;2;0;0;1;2;2;-3,174765;-41,86887;"SPRF-PI";"DEL05-PI";"UOP01-DEL05-PI"
283246;2020-05-07;"quinta-feira";"13:42:00";"MG";381;654;"SANTO ANTONIO DO AMPARO";"Pista Escorregadia";"Saída de leito carroçável";"Com Vítimas Feridas";"Pleno dia";"Decrescente";"Garoa/Chuvisco";"Dupla";"Curva";"Não";2;0;2;0;0;0;2;1;-20,97510434;-44,93865003;"SPRF-MG";"DEL04-MG";"UOP02-DEL04-MG"
283248;2020-05-06;"quarta-feira";"17:30:00";"PE";423;84,6;"SAO JOAO";"Defeito na Via";"Danos eventuais";"Sem Vítimas";"Pleno dia";"Decrescente";"Nublado";"Simples";"Reta";"Não";2;0;0;0;2;0;0;1;-8,801504;-36,439573;"SPRF-PE";"DEL03-PE";"UOP01-DEL03-PE"
283250;2020-05-07;"quinta-feira";"13:40:00";"RN";406;157;"CEARA-MIRIM";"Defeito na Via";"Tombamento";"Com Vítimas Feridas";"Pleno dia";"Crescente";"Sol";"Simples";"Em Obras;Reta";"Não";2;0;2;0;0;0;2;1;-5,69226503;-35,38879603;"SPRF-RN";"DEL02-RN";"UOP01-DEL02-RN"
283252;2020-05-07;"quinta-feira";"14:00:00";"SC";101;209,6;"SAO JOSE";"Falta de Atenção do Pedestre";"Atropelamento de Pedestre";"Com Vítimas Feridas";"Pleno dia";"Crescente";"Céu Claro";"Dupla";"Reta";"Sim";2;0;0;1;1;0;1;2;-27,61000542;-48,63895057;"SPRF-SC";"DEL01-SC";"UOP01-DEL01-SC"
283253;2020-05-07;"quinta-feira";"11:20:00";"RO";364;424;"JARU";"Desobediência às normas de trânsito pelo condutor";"Colisão transversal";"Com Vítimas Feridas";"Pleno dia";"Crescente";"Céu Claro";"Simples";"Reta";"Sim";2;0;1;0;1;0;1;2;-10,44457274;-62,46568412;"SPRF-RO";"DEL03-RO";"UOP02-DEL03-RO"
283255;2020-05-07;"quinta-feira";"13:30:00";"SC";280;153,6;"MAFRA";"Ultrapassagem Indevida";"Colisão frontal";"Com Vítimas Feridas";"Pleno dia";"Crescente";"Sol";"Simples";"Declive;Reta";"Não";2;0;1;0;1;0;1;2;-26,22099817;-49,71288041;"SPRF-SC";"DEL06-SC";"UOP03-DEL06-SC"
283257;2020-05-07;"quinta-feira";"15:32:00";"DF";40;3,7;"BRASILIA";"Falta de Atenção à Condução";"Saída de leito carroçável";"Com Vítimas Feridas";"Pleno dia";"Crescente";"Céu Claro";"Dupla";"Reta";"Sim";3;0;2;1;0;0;3;1;-16,01075348;-47,98304558;"SPRF-DF";"DEL01-DF";"UOP01-DEL01-DF"
283258;2020-05-07;"quinta-feira";"14:05:00";"DF";60;4,7;"BRASILIA";"Desobediência às normas de trânsito pelo condutor";"Colisão transversal";"Com Vítimas Feridas";"Pleno dia";"Crescente";"Nublado";"Dupla";"Reta";"Sim";4;0;4;0;0;0;4;2;-15,892721;-48,095741;"SPRF-DF";"DEL03-DF";"UOP01-DEL03-DF"
283260;2020-05-07;"quinta-feira";"16:40:00";"SC";101;134;"BALNEARIO CAMBORIU";"Defeito Mecânico no Veículo";"Tombamento";"Com Vítimas Feridas";"Pleno dia";"Crescente";"Céu Claro";"Dupla";"Reta";"Sim";2;0;2;0;0;0;2;1;-27,00218;-48,636433;"SPRF-SC";"DEL04-SC";"UOP03-DEL04-SC"
283261;2020-05-07;"quinta-feira";"16:25:00";"RJ";101;312;"SAO GONCALO";"Falta de Atenção à Condução";"Colisão frontal";"Com Vítimas Feridas";"Pleno dia";"Decrescente";"Nublado";"Dupla";"Retorno Regulamentado";"Sim";2;0;0;1;1;0;1;2;-22,80546555;-43,06156967;"SPRF-RJ";"DEL02-RJ";"UOP02-DEL02-RJ"
283262;2020-05-07;"quinta-feira";"16:40:00";"MG";381;316;"NOVA ERA";"Pista Escorregadia";"Colisão frontal";"Com Vítimas Fatais";"Pleno dia";"Crescente";"Chuva";"Simples";"Aclive;Curva";"Não";4;1;2;0;1;0;2;3;-19,69896406;-42,99486928;"SPRF-MG";"DEL03-MG";"UOP02-DEL03-MG"
283263;2020-05-07;"quinta-feira";"16:15:00";"SC";101;197,3;"BIGUACU";"Falta de Atenção à Condução";"Colisão com objeto em movimento";"Com Vítimas Feridas";"Pleno dia";"Crescente";"Céu Claro";"Simples";"Reta";"Não";2;0;1;0;1;0;1;2;-27,51844497;-48,63848496;"SPRF-SC";"DEL01-SC";"UOP01-DEL01-SC"
283264;2020-05-07;"quinta-feira";"15:52:00";"SP";116;398;"MIRACATU";"Desobediência às normas de trânsito pelo condutor";"Saída de leito carroçável";"Com Vítimas Feridas";"Pleno dia";"Decrescente";"Céu Claro";"Dupla";"Reta";"Não";2;0;2;0;0;0;2;1;-24,30085222;-47,48456072;"SPRF-SP";"DEL04-SP";"UOP02-DEL04-SP"
283267;2020-05-07;"quinta-feira";"13:55:00";"MS";463;4,9;"DOURADOS";"Não guardar distância de segurança";"Engavetamento";"Com Vítimas Feridas";"Pleno dia";"Decrescente";"Céu Claro";"Simples";"Reta";"Não";4;0;1;0;3;0;1;3;-22,25772295;-54,85473633;"SPRF-MS";"DEL04-MS";"UOP01-DEL04-MS"
283269;2020-05-07;"quinta-feira";"17:00:00";"BA";101;349;"GANDU";"Desobediência às normas de trânsito pelo condutor";"Colisão transversal";"Com Vítimas Feridas";"Pleno dia";"Crescente";"Céu Claro";"Simples";"Interseção de Vias";"Sim";3;0;1;1;1;0;2;2;-13,737708;-39,479958;"SPRF-BA";"DEL05-BA";"UOP03-DEL05-BA"
283271;2020-05-07;"quinta-feira";"13:10:00";"MG";262;584;"CAMPOS ALTOS";"Falta de Atenção à Condução";"Queda de ocupante de veículo";"Com Vítimas Feridas";"Pleno dia";"Decrescente";"Céu Claro";"Simples";"Reta";"Não";1;0;1;0;0;0;1;1;-19,65530504;-46,08642825;"SPRF-MG";"DEL08-MG";"UOP02-DEL08-MG"
283273;2020-05-07;"quinta-feira";"17:00:00";"ES";262;56;"MARECHAL FLORIANO";"Falta de Atenção à Condução";"Colisão transversal";"Com Vítimas Feridas";"Anoitecer";"Crescente";"Chuva";"Simples";"Interseção de Vias";"Não";4;0;3;1;0;0;4;2;-20,41088387;-40,75519403;"SPRF-ES";"DEL01-ES";"UOP01-DEL01-ES"
283275;2020-05-07;"quinta-feira";"13:05:00";"BA";116;466,4;"SANTO ESTEVAO";"Defeito Mecânico no Veículo";"Capotamento";"Com Vítimas Feridas";"Pleno dia";"Crescente";"Céu Claro";"Dupla";"Reta";"Não";5;0;5;0;0;0;5;1;-12,46674879;-39,28333282;"SPRF-BA";"DEL02-BA";"UOP01-DEL02-BA"
283276;2020-05-07;"quinta-feira";"17:40:00";"ES";259;66;"COLATINA";"Avarias e/ou desgaste excessivo no pneu";"Tombamento";"Com Vítimas Feridas";"Anoitecer";"Decrescente";"Nublado";"Simples";"Reta";"Sim";2;0;2;0;0;0;2;1;-19,51585114;-40,72474606;"SPRF-ES";"DEL02-ES";"UOP01-DEL02-ES"
283277;2020-05-07;"quinta-feira";"17:30:00";"SC";470;55;"BLUMENAU";"Desobediência às normas de trânsito pelo condutor";"Colisão lateral";"Com Vítimas Feridas";"Anoitecer";"Crescente";"Nublado";"Simples";"Reta";"Sim";2;0;1;0;1;0;1;2;-26,875601;-49,117992;"SPRF-SC";"DEL04-SC";"UOP01-DEL04-SC"
283278;2020-05-07;"quinta-feira";"18:00:00";"PB";101;89;"JOAO PESSOA";"Falta de Atenção à Condução";"Saída de leito carroçável";"Sem Vítimas";"Plena Noite";"Decrescente";"Céu Claro";"Dupla";"Reta";"Sim";1;0;0;0;0;1;0;1;-7,1710694;-34,89765372;"SPRF-PB";"DEL01-PB";"UOP01-DEL01-PB"
283280;2020-05-07;"quinta-feira";"17:20:00";"PR";376;601,2;"CURITIBA";"Falta de Atenção à Condução";"Colisão traseira";"Com Vítimas Feridas";"Pleno dia";"Crescente";"Céu Claro";"Dupla";"Reta";"Sim";2;0;1;0;1;0;1;2;-25,537054;-49,31404;"SPRF-PR";"DEL01-PR";"UOP06-DEL01-PR"
283282;2020-05-07;"quinta-feira";"13:00:00";"MG";116;579;"MANHUACU";"Velocidade Incompatível";"Saída de leito carroçável";"Sem Vítimas";"Pleno dia";"Decrescente";"Chuva";"Simples";"Curva";"Não";1;0;0;0;1;0;0;1;-20,17836097;-42,18664844;"SPRF-MG";"DEL06-MG";"UOP03-DEL06-MG"
283283;2020-05-07;"quinta-feira";"17:40:00";"PR";376;501;"PONTA GROSSA";"Falta de Atenção à Condução";"Saída de leito carroçável";"Com Vítimas Feridas";"Anoitecer";"Crescente";"Céu Claro";"Dupla";"Reta";"Não";1;0;1;0;0;0;1;1;-25,20894789;-50,06444688;"SPRF-PR";"DEL03-PR";"UOP04-DEL03-PR"
283284;2020-05-07;"quinta-feira";"18:35:00";"CE";20;426;"FORTALEZA";"Não guardar distância de segurança";"Colisão traseira";"Com Vítimas Feridas";"Plena Noite";"Decrescente";"Céu Claro";"Dupla";"Em Obras;Reta";"Não";2;0;0;1;1;0;1;2;-3,76999035;-38,67006282;"SPRF-CE";"DEL01-CE";"UOP02-DEL01-CE"
283285;2020-05-07;"quinta-feira";"18:40:00";"PR";369;179,5;"ROLANDIA";"Animais na Pista";"Tombamento";"Com Vítimas Feridas";"Anoitecer";"Crescente";"Céu Claro";"Dupla";"Reta";"Sim";2;0;1;0;1;0;1;1;-23,35771073;-51,39601707;"SPRF-PR";"DEL07-PR";"UOP03-DEL07-PR"
283286;2020-05-07;"quinta-feira";"12:30:00";"SC";470;147,6;"AGRONOMICA";"Ingestão de Álcool";"Colisão transversal";"Sem Vítimas";"Pleno dia";"Crescente";"Céu Claro";"Simples";"Rotatória";"Não";2;0;0;0;2;0;0;2;-27,243439;-49,690025;"SPRF-SC";"DEL04-SC";"UOP02-DEL04-SC"
283287;2020-05-07;"quinta-feira";"18:25:00";"RN";101;99;"NATAL";"Desobediência às normas de trânsito pelo pedestre";"Atropelamento de Pedestre";"Com Vítimas Feridas";"Plena Noite";"Decrescente";"Céu Claro";"Múltipla";"Reta";"Sim";2;0;2;0;0;0;2;2;-5,87256897;-35,21989346;"SPRF-RN";"DEL01-RN";"UOP01-DEL01-RN"
283288;2020-05-07;"quinta-feira";"18:20:00";"PR";116;96;"SAO JOSE DOS PINHAIS";"Falta de Atenção à Condução";"Colisão traseira";"Com Vítimas Feridas";"Anoitecer";"Crescente";"Céu Claro";"Dupla";"Reta";"Não";2;0;1;0;0;1;1;2;-25,504848;-49,123226;"SPRF-PR";"DEL01-PR";"UOP01-DEL01-PR"
283290;2020-05-07;"quinta-feira";"16:20:00";"PE";232;509;"SALGUEIRO";"Não guardar distância de segurança";"Colisão lateral";"Com Vítimas Feridas";"Pleno dia";"Decrescente";"Céu Claro";"Simples";"Reta";"Sim";3;0;2;0;1;0;2;2;-8,06449154;-39,1298447;"SPRF-PE";"DEL05-PE";"UOP01-DEL05-PE"
283293;2020-05-07;"quinta-feira";"17:35:00";"MG";116;481,9;"DOM CAVATI";"Falta de Atenção à Condução";"Colisão traseira";"Sem Vítimas";"Anoitecer";"Crescente";"Chuva";"Simples";"Reta";"Sim";2;0;0;0;2;0;0;2;-19,40270706;-42,11572072;"SPRF-MG";"DEL06-MG";"UOP02-DEL06-MG"
283294;2020-05-07;"quinta-feira";"19:00:00";"SC";101;195,8;"BIGUACU";"Falta de Atenção à Condução";"Colisão com objeto em movimento";"Com Vítimas Feridas";"Plena Noite";"Decrescente";"Céu Claro";"Dupla";"Viaduto";"Não";2;0;1;0;1;0;1;2;-27,5047092;-48,65010819;"SPRF-SC";"DEL01-SC";"UOP01-DEL01-SC"
283297;2020-05-07;"quinta-feira";"18:40:00";"RR";401;7;"CANTA";"Ingestão de Álcool";"Saída de leito carroçável";"Com Vítimas Feridas";"Anoitecer";"Crescente";"Chuva";"Dupla";"Curva";"Não";2;0;2;0;0;0;2;1;2,798474;-60,633535;"SPRF-RR";"DEL01-RR";"UOP01-DEL01-RR"
283298;2020-05-07;"quinta-feira";"18:40:00";"MG";40;521,5;"CONTAGEM";"Defeito Mecânico no Veículo";"Tombamento";"Com Vítimas Feridas";"Plena Noite";"Crescente";"Nublado";"Dupla";"Curva";"Sim";1;0;1;0;0;0;1;1;-19,85651501;-44,07213222;"SPRF-MG";"DEL01-MG";"UOP02-DEL01-MG"
283299;2020-05-07;"quinta-feira";"19:10:00";"MT";70;1,2;"BARRA DO GARCAS";"Falta de Atenção à Condução";"Queda de ocupante de veículo";"Com Vítimas Feridas";"Plena Noite";"Crescente";"Céu Claro";"Simples";"Reta";"Sim";3;0;2;0;1;0;2;2;-15,89164596;-52,26202884;"SPRF-MT";"DEL07-MT";"UOP01-DEL07-MT"
283300;2020-05-07;"quinta-feira";"18:00:00";"AC";364;139;"RIO BRANCO";"Defeito na Via";"Queda de ocupante de veículo";"Com Vítimas Feridas";"Anoitecer";"Crescente";"Céu Claro";"Múltipla";"Reta";"Sim";1;0;1;0;0;0;1;1;-9,95359291;-67,86119892;"SPRF-AC";"DEL01-AC";"UOP01-DEL01-AC"
283301;2020-05-07;"quinta-feira";"18:20:00";"PR";369;522,5;"CASCAVEL";"Desobediência às normas de trânsito pelo condutor";"Colisão transversal";"Com Vítimas Feridas";"Plena Noite";"Decrescente";"Céu Claro";"Simples";"Reta";"Não";3;0;1;0;2;0;1;3;-24,9408;-53,3978;"SPRF-PR";"DEL04-PR";"UOP01-DEL04-PR"
283302;2020-05-07;"quinta-feira";"19:57:00";"DF";40;0;"BRASILIA";"Falta de Atenção do Pedestre";"Queda de ocupante de veículo";"Com Vítimas Feridas";"Plena Noite";"Crescente";"Céu Claro";"Dupla";"Reta";"Sim";2;0;1;0;0;1;1;2;-15,976897;-47,990129;"SPRF-DF";"DEL01-DF";"UOP01-DEL01-DF"
283303;2020-05-07;"quinta-feira";"19:45:00";"RN";110;98,8;"UPANEMA";"Ingestão de Álcool";"Colisão com objeto estático";"Sem Vítimas";"Plena Noite";"Crescente";"Nublado";"Dupla";"Reta";"Sim";1;0;0;0;0;1;0;1;-5,636813;-37,261693;"SPRF-RN";"DEL04-RN";"UOP01-DEL04-RN"
283305;2020-05-07;"quinta-feira";"13:00:00";"MT";364;557;"NOBRES";"Defeito Mecânico no Veículo";"Saída de leito carroçável";"Com Vítimas Feridas";"Pleno dia";"Crescente";"Céu Claro";"Dupla";"Reta";"Não";1;0;1;0;0;0;1;1;-14,72342093;-56,32106781;"SPRF-MT";"DEL01-MT";"UOP01-DEL01-MT"
283306;2020-05-07;"quinta-feira";"19:15:00";"RJ";101;96;"CAMPOS DOS GOYTACAZES";"Animais na Pista";"Atropelamento de Animal";"Com Vítimas Feridas";"Plena Noite";"Crescente";"Garoa/Chuvisco";"Dupla";"Reta";"Não";1;0;1;0;0;0;1;1;-21,86928639;-41,55659304;"SPRF-RJ";"DEL08-RJ";"UOP02-DEL08-RJ"
283308;2020-05-07;"quinta-feira";"19:20:00";"RS";392;13,7;"RIO GRANDE";"Animais na Pista";"Atropelamento de Animal";"Com Vítimas Feridas";"Plena Noite";"Decrescente";"Céu Claro";"Dupla";"Reta";"Sim";5;0;1;1;3;0;2;2;-32,12632387;-52,14931396;"SPRF-RS";"DEL07-RS";"UOP02-DEL07-RS"
283310;2020-05-07;"quinta-feira";"19:10:00";"DF";60;3,3;"BRASILIA";"Falta de Atenção à Condução";"Saída de leito carroçável";"Com Vítimas Feridas";"Plena Noite";"Crescente";"Nublado";"Dupla";"Reta";"Sim";1;0;1;0;0;0;1;1;-15,890521;-48,086864;"SPRF-DF";"DEL03-DF";"UOP01-DEL03-DF"
283313;2020-05-07;"quinta-feira";"20:50:00";"TO";153;499,5;"PARAISO DO TOCANTINS";"Falta de Atenção à Condução";"Saída de leito carroçável";"Com Vítimas Feridas";"Plena Noite";"Decrescente";"Céu Claro";"Simples";"Interseção de Vias";"Não";1;0;0;1;0;0;1;1;-10,19275595;-48,87879892;"SPRF-TO";"DEL01-TO";"UOP01-DEL01-TO"
283314;2020-05-07;"quinta-feira";"17:40:00";"SC";480;127,4;"CHAPECO";"Falta de Atenção à Condução";"Colisão traseira";"Com Vítimas Feridas";"Plena Noite";"Crescente";"Céu Claro";"Simples";"Reta";"Sim";2;0;0;1;1;0;1;2;-27,02885905;-52,63380035;"SPRF-SC";"DEL07-SC";"UOP01-DEL07-SC"
283316;2020-05-07;"quinta-feira";"21:20:00";"SP";116;145,2;"SAO JOSE DOS CAMPOS";"Falta de Atenção à Condução";"Colisão traseira";"Com Vítimas Feridas";"Plena Noite";"Crescente";"Nublado";"Múltipla";"Reta";"Sim";3;0;1;0;1;1;1;3;-23,1869844;-45,8548078;"SPRF-SP";"DEL02-SP";"UOP01-DEL02-SP"
283317;2020-05-07;"quinta-feira";"20:00:00";"PR";376;175;"MARINGA";"Velocidade Incompatível";"Colisão lateral";"Com Vítimas Feridas";"Plena Noite";"Decrescente";"Céu Claro";"Dupla";"Reta";"Sim";3;0;1;0;2;0;1;2;-23,4113569;-51,9407767;"SPRF-PR";"DEL09-PR";"UOP01-DEL09-PR"
283318;2020-05-07;"quinta-feira";"19:00:00";"CE";116;12;"FORTALEZA";"Ingestão de Álcool";"Atropelamento de Pedestre";"Com Vítimas Feridas";"Plena Noite";"Crescente";"Céu Claro";"Dupla";"Reta";"Sim";2;0;0;1;1;0;1;2;-3,852077;-38,495525;"SPRF-CE";"DEL01-CE";"UOP02-DEL01-CE"
283320;2020-05-07;"quinta-feira";"19:05:00";"PR";153;22,5;"JACAREZINHO";"Agressão Externa";"Queda de ocupante de veículo";"Com Vítimas Feridas";"Plena Noite";"Decrescente";"Céu Claro";"Simples";"Declive";"Não";2;0;2;0;0;0;2;1;-23,17225028;-49,96840286;"SPRF-PR";"DEL07-PR";"UOP04-DEL07-PR"
283322;2020-05-07;"quinta-feira";"19:15:00";"RO";435;19,8;"VILHENA";"Defeito na Via";"Tombamento";"Com Vítimas Feridas";"Plena Noite";"Crescente";"Nublado";"Simples";"Reta";"Não";2;0;2;0;0;0;2;1;-12,752167;-60,290398;"SPRF-RO";"DEL04-RO";"UOP02-DEL04-RO"
283323;2020-05-07;"quinta-feira";"17:50:00";"SC";101;304;"LAGUNA";"Desobediência às normas de trânsito pelo condutor";"Colisão lateral";"Com Vítimas Feridas";"Pleno dia";"Crescente";"Nublado";"Simples";"Reta";"Não";2;0;1;0;1;0;1;2;-28,36912427;-48,75686871;"SPRF-SC";"DEL02-SC";"UOP03-DEL02-SC"
283324;2020-05-07;"quinta-feira";"18:30:00";"SP";116;65,1;"GUARATINGUETA";"Falta de Atenção do Pedestre";"Atropelamento de Pedestre";"Com Vítimas Fatais";"Plena Noite";"Decrescente";"Chuva";"Dupla";"Curva";"Sim";2;1;0;0;1;0;0;2;-22,8220738;-45,19809723;"SPRF-SP";"DEL08-SP";"UOP01-DEL08-SP"
283325;2020-05-07;"quinta-feira";"21:30:00";"SC";282;1,5;"FLORIANOPOLIS";"Falta de Atenção à Condução";"Colisão lateral";"Com Vítimas Feridas";"Plena Noite";"Crescente";"Céu Claro";"Dupla";"Curva";"Sim";2;0;1;0;1;0;1;2;-27,602955;-48,580509;"SPRF-SC";"DEL01-SC";"UOP01-DEL01-SC"
283326;2020-05-07;"quinta-feira";"22:30:00";"CE";116;8;"FORTALEZA";"Falta de Atenção à Condução";"Colisão traseira";"Com Vítimas Feridas";"Plena Noite";"Decrescente";"Céu Claro";"Múltipla";"Reta";"Sim";2;0;1;1;0;0;2;2;-3,8192799;-38,50268337;"SPRF-CE";"DEL01-CE";"UOP02-DEL01-CE"
283327;2020-05-07;"quinta-feira";"22:05:00";"RS";287;247,7;"SANTA MARIA";"Desobediência às normas de trânsito pelo condutor";"Colisão lateral";"Sem Vítimas";"Plena Noite";"Decrescente";"Céu Claro";"Simples";"Reta;Em Obras";"Sim";3;0;0;0;3;0;0;2;-29,69991534;-53,84176017;"SPRF-RS";"DEL09-RS";"UOP01-DEL09-RS"
283328;2020-05-07;"quinta-feira";"21:45:00";"MG";262;661,7;"IBIA";"Defeito Mecânico no Veículo";"Colisão com objeto estático";"Com Vítimas Fatais";"Plena Noite";"Crescente";"Céu Claro";"Simples";"Ponte";"Não";5;1;2;2;0;0;4;1;-19,57766396;-46,72788197;"SPRF-MG";"DEL08-MG";"UOP01-DEL08-MG"
283331;2020-05-08;"sexta-feira";"01:00:00";"PR";369;174,4;"ROLANDIA";"Velocidade Incompatível";"Colisão traseira";"Com Vítimas Feridas";"Plena Noite";"Crescente";"Céu Claro";"Simples";"Interseção de Vias;Reta";"Sim";8;0;1;5;1;1;6;3;-23,31836506;-51,37931697;"SPRF-PR";"DEL07-PR";"UOP01-DEL07-PR"
283332;2020-05-08;"sexta-feira";"00:05:00";"SC";282;29,7;"SANTO AMARO DA IMPERATRIZ";"Ingestão de Álcool";"Colisão frontal";"Com Vítimas Feridas";"Plena Noite";"Crescente";"Céu Claro";"Simples";"Reta";"Não";2;0;1;0;1;0;1;2;-27,679737;-48,786785;"SPRF-SC";"DEL01-SC";"UOP03-DEL01-SC"
283334;2020-05-07;"quinta-feira";"22:00:00";"PI";316;311,2;"PICOS";"Desobediência às normas de trânsito pelo condutor";"Colisão transversal";"Com Vítimas Feridas";"Plena Noite";"Crescente";"Céu Claro";"Múltipla";"Reta";"Sim";2;0;0;1;0;1;1;2;-7,076331;-41,46596;"SPRF-PI";"DEL04-PI";"UOP01-DEL04-PI"
283338;2020-05-07;"quinta-feira";"14:15:00";"GO";60;126;"GOIANIA";"Defeito Mecânico no Veículo";"Queda de ocupante de veículo";"Com Vítimas Feridas";"Pleno dia";"Decrescente";"Céu Claro";"Dupla";"Curva";"Não";2;0;1;0;1;0;1;1;-16,5324;-49,1473;"SPRF-GO";"DEL01-GO";"UOP01-DEL01-GO"
283339;2020-05-08;"sexta-feira";"03:55:00";"PR";376;176;"MARINGA";"Velocidade Incompatível";"Colisão com objeto estático";"Sem Vítimas";"Plena Noite";"Decrescente";"Céu Claro";"Múltipla";"Curva";"Não";1;0;0;0;1;0;0;1;-23,41269173;-51,93158327;"SPRF-PR";"DEL09-PR";"UOP01-DEL09-PR"
283340;2020-05-08;"sexta-feira";"04:20:00";"SP";116;307,4;"SAO LOURENCO DA SERRA";"Falta de Atenção à Condução";"Saída de leito carroçável";"Com Vítimas Feridas";"Plena Noite";"Decrescente";"Nevoeiro/Neblina";"Dupla";"Reta";"Sim";1;0;1;0;0;0;1;1;-23,85464365;-46,93981832;"SPRF-SP";"DEL04-SP";"UOP01-DEL04-SP"
283341;2020-05-08;"sexta-feira";"05:35:00";"RJ";116;166;"RIO DE JANEIRO";"Desobediência às normas de trânsito pelo condutor";"Colisão transversal";"Com Vítimas Feridas";"Amanhecer";"Decrescente";"Chuva";"Dupla";"Reta";"Sim";3;0;1;0;1;1;1;3;-22,81560263;-43,30051808;"SPRF-RJ";"DEL01-RJ";"UOP02-DEL01-RJ"
283347;2020-05-07;"quinta-feira";"17:40:00";"SC";282;210,1;"LAGES";"Falta de Atenção à Condução";"Colisão frontal";"Com Vítimas Fatais";"Anoitecer";"Decrescente";"Céu Claro";"Simples";"Aclive;Reta";"Não";3;1;0;2;0;0;2;2;-27,778582;-50,231815;"SPRF-SC";"DEL05-SC";"UOP01-DEL05-SC"
283348;2020-05-08;"sexta-feira";"07:05:00";"SC";101;213;"PALHOCA";"Falta de Atenção à Condução";"Colisão lateral";"Com Vítimas Feridas";"Pleno dia";"Decrescente";"Céu Claro";"Dupla";"Reta";"Sim";2;0;0;1;1;0;1;2;-27,63697369;-48,66514142;"SPRF-SC";"DEL01-SC";"UOP02-DEL01-SC"
283351;2020-05-08;"sexta-feira";"07:00:00";"SE";101;90;"NOSSA SENHORA DO SOCORRO";"Falta de Atenção à Condução";"Colisão traseira";"Sem Vítimas";"Pleno dia";"Crescente";"Céu Claro";"Dupla";"Aclive";"Sim";2;0;0;0;2;0;0;2;-10,88958218;-37,13256719;"SPRF-SE";"DEL01-SE";"UOP01-DEL01-SE"
283352;2020-05-08;"sexta-feira";"07:55:00";"SE";235;3,5;"NOSSA SENHORA DO SOCORRO";"Não guardar distância de segurança";"Colisão traseira";"Com Vítimas Feridas";"Pleno dia";"Decrescente";"Nublado";"Dupla";"Curva";"Sim";3;0;1;0;2;0;1;2;-10,90569072;-37,10776091;"SPRF-SE";"DEL01-SE";"UOP01-DEL01-SE"
283353;2020-05-08;"sexta-feira";"07:30:00";"PE";428;175,6;"PETROLINA";"Avarias e/ou desgaste excessivo no pneu";"Colisão frontal";"Com Vítimas Fatais";"Pleno dia";"Decrescente";"Céu Claro";"Simples";"Reta";"Não";5;1;0;4;0;0;4;2;-9,26025696;-40,42934308;"SPRF-PE";"DEL06-PE";"UOP01-DEL06-PE"
283355;2020-05-08;"sexta-feira";"08:10:00";"SP";116;112;"TAUBATE";"Avarias e/ou desgaste excessivo no pneu";"Tombamento";"Com Vítimas Feridas";"Pleno dia";"Crescente";"Céu Claro";"Dupla";"Reta";"Sim";2;0;2;0;0;0;2;1;-23,04212142;-45,5734992;"SPRF-SP";"DEL06-SP";"UOP01-DEL06-SP"
283356;2020-05-08;"sexta-feira";"06:45:00";"CE";116;12;"FORTALEZA";"Animais na Pista";"Atropelamento de Animal";"Com Vítimas Feridas";"Pleno dia";"Crescente";"Céu Claro";"Dupla";"Reta";"Sim";2;0;2;0;0;0;2;2;-3,852077;-38,495525;"SPRF-CE";"DEL01-CE";"UOP02-DEL01-CE"
283357;2020-05-08;"sexta-feira";"06:40:00";"GO";40;5,8;"VALPARAISO DE GOIAS";"Falta de Atenção à Condução";"Colisão traseira";"Com Vítimas Feridas";"Pleno dia";"Decrescente";"Céu Claro";"Dupla";"Reta";"Sim";2;0;1;0;1;0;1;2;-16,09958759;-47,97763824;"SPRF-DF";"DEL01-DF";"UOP01-DEL01-DF"