"id";"data_inversa";"dia_semana";"horario";"uf";"br";"km";"municipio";"causa_acidente";"tipo_acidente";"classificacao_acidente";"fase_dia";"sentido_via";"condicao_metereologica";"tipo_pista";"tracado_via";"uso_solo";"pessoas";"mortos";"feridos_leves";"feridos_graves";"ilesos";"ignorados";"feridos";"veiculos";"latitude";"longitude";"regional";"delegacia";"uop"
283358;2020-05-01;"sexta-feira";"01:55:00";"SC";470;69,4;"INDAIAL";"Falta de Atenção à Condução";"Colisão frontal";"Com Vítimas Feridas";"Plena Noite";"Decrescente";"Céu Claro";"Simples";"Reta";"Não";3;0;1;0;1;1;1;3;-26,883745;-49,246704;"SPRF-SC";"DEL04-SC";"UOP01-DEL04-SC"
283359;2020-05-04;"segunda-feira";"11:36:00";"SC";101;405,8;"ARARANGUA";"Defeito na Via";"Colisão com objeto estático";"Sem Vítimas";"Pleno dia";"Crescente";"Céu Claro";"Múltipla";"Reta";"Não";1;0;0;0;1;0;0;1;-28,88548916;-49,4630158;"SPRF-SC";"DEL02-SC";"UOP02-DEL02-SC"
283360;2020-05-08;"sexta-feira";"08:00:00";"ES";259;59,5;"COLATINA";"Falta de Atenção à Condução";"Colisão transversal";"Com Vítimas Feridas";"Pleno dia";"Crescente";"Nublado";"Simples";"Reta";"Não";2;0;2;0;0;0;2;2;-19,52125411;-40,66594194;"SPRF-ES";"DEL02-ES";"UOP01-DEL02-ES"
283361;2020-05-08;"sexta-feira";"08:40:00";"SC";280;53,4;"GUARAMIRIM";"Desobediência às normas de trânsito pelo condutor";"Colisão lateral";"Com Vítimas Feridas";"Pleno dia";"Decrescente";"Céu Claro";"Simples";"Reta";"Sim";2;0;1;0;1;0;1;2;-26,47236756;-48,97426617;"SPRF-SC";"DEL03-SC";"UOP03-DEL03-SC"
283364;2020-05-08;"sexta-feira";"06:30:00";"MG";381;452;"SABARA";"Não guardar distância de segurança";"Colisão traseira";"Com Vítimas Feridas";"Pleno dia";"Crescente";"Céu Claro";"Simples";"Curva;Aclive";"Sim";2;0;0;1;1;0;1;2;-19,83414052;-43,85641521;"SPRF-MG";"DEL01-MG";"UOP01-DEL01-MG"
283367;2020-05-08;"sexta-feira";"09:00:00";"RS";158;532,1;"SANTANA DO LIVRAMENTO";"Falta de Atenção à Condução";"Colisão transversal";"Com Vítimas Feridas";"Pleno dia";"Decrescente";"Céu Claro";"Simples";"Rotatória";"Não";3;0;1;0;2;0;1;2;-30,78665306;-55,18601214;"SPRF-RS";"DEL11-RS";"UOP01-DEL11-RS"
283369;2020-04-20;"segunda-feira";"11:00:00";"RR";401;7;"BONFIM";"Falta de Atenção à Condução";"Saída de leito carroçável";"Com Vítimas Fatais";"Pleno dia";"Decrescente";"Nublado";"Simples";"Curva";"Não";2;1;0;1;0;0;1;1;3,34915722;-59,90724564;"SPRF-RR";"DEL01-RR";"UOP01-DEL01-RR"
283371;2020-05-08;"sexta-feira";"09:40:00";"MG";365;25;"MONTES CLAROS";"Condutor Dormindo";"Colisão frontal";"Com Vítimas Fatais";"Pleno dia";"Crescente";"Chuva";"Simples";"Reta";"Não";5;2;2;0;0;1;2;3;-16,8557147;-44,06141289;"SPRF-MG";"DEL12-MG";"UOP01-DEL12-MG"
283372;2020-05-08;"sexta-feira";"10:00:00";"ES";101;0,5;"SERRA";"Desobediência às normas de trânsito pelo condutor";"Colisão lateral";"Com Vítimas Feridas";"Pleno dia";"Decrescente";"Sol";"Dupla";"Reta";"Sim";2;0;0;1;1;0;1;2;-20,2358761;-40,27654778;"SPRF-ES";"DEL02-ES";"UOP01-DEL02-ES"
283373;2020-05-08;"sexta-feira";"10:00:00";"SP";153;51,5;"SAO JOSE DO RIO PRETO";"Não guardar distância de segurança";"Saída de leito carroçável";"Com Vítimas Feridas";"Pleno dia";"Crescente";"Sol";"Simples";"Aclive;Reta";"Não";1;0;1;0;0;0;1;1;-20,71801801;-49,33874223;"SPRF-SP";"DEL09-SP";"UOP01-DEL09-SP"
283375;2020-05-04;"segunda-feira";"15:25:00";"RJ";101;331;"RIO DE JANEIRO";"Falta de Atenção à Condução";"Colisão lateral";"Com Vítimas Feridas";"Pleno dia";"Crescente";"Céu Claro";"Dupla";"Ponte";"Sim";2;0;1;0;1;0;1;2;-22,867662;-43,195337;"SPRF-RJ";"DEL02-RJ";"UOP01-DEL02-RJ"
283376;2020-05-08;"sexta-feira";"10:00:00";"RS";116;414;"CAMAQUA";"Avarias e/ou desgaste excessivo no pneu";"Tombamento";"Com Vítimas Feridas";"Pleno dia";"Crescente";"Céu Claro";"Simples";"Reta";"Não";2;0;0;1;1;0;1;1;-30,93554005;-51,92619197;"SPRF-RS";"DEL02-RS";"UOP03-DEL02-RS"
283378;2020-05-08;"sexta-feira";"10:34:00";"MT";70;523,1;"VARZEA GRANDE";"Desobediência às normas de trânsito pelo condutor";"Colisão transversal";"Com Vítimas Feridas";"Pleno dia";"Crescente";"Céu Claro";"Simples";"Reta";"Sim";2;0;1;0;1;0;1;2;-15,65565;-56,19036;"SPRF-MT";"DEL01-MT";"UOP02-DEL01-MT"
283379;2020-05-08;"sexta-feira";"10:58:00";"PR";369;173;"ROLANDIA";"Desobediência às normas de trânsito pelo condutor";"Colisão lateral";"Com Vítimas Feridas";"Pleno dia";"Decrescente";"Céu Claro";"Simples";"Curva";"Sim";2;0;1;0;1;0;1;2;-23,30981881;-51,3690716;"SPRF-PR";"DEL07-PR";"UOP01-DEL07-PR"
283380;2020-05-08;"sexta-feira";"10:59:00";"ES";262;4,5;"CARIACICA";"Falta de Atenção à Condução";"Colisão lateral";"Com Vítimas Feridas";"Pleno dia";"Crescente";"Céu Claro";"Múltipla";"Curva";"Sim";2;0;1;0;1;0;1;2;-20,3386021;-40,38293492;"SPRF-ES";"DEL01-ES";"UOP01-DEL01-ES"
283382;2020-05-08;"sexta-feira";"10:00:00";"PR";158;520,2;"PATO BRANCO";"Falta de Atenção à Condução";"Saída de leito carroçável";"Com Vítimas Feridas";"Pleno dia";"Crescente";"Sol";"Simples";"Reta";"Não";3;0;3;0;0;0;3;1;-26,10967711;-52,64031233;"SPRF-PR";"DEL02-PR";"UOP01-DEL02-PR"
283383;2020-05-08;"sexta-feira";"11:00:00";"MG";116;410;"GOVERNADOR VALADARES";"Desobediência às normas de trânsito pelo pedestre";"Atropelamento de Pedestre";"Com Vítimas Feridas";"Pleno dia";"Decrescente";"Nublado";"Dupla";"Reta";"Sim";4;0;1;2;1;0;3;3;-18,85386362;-41,97659254;"SPRF-MG";"DEL06-MG";"UOP01-DEL06-MG"
283384;2020-05-08;"sexta-feira";"09:20:00";"BA";101;797,4;"ITAMARAJU";"Velocidade Incompatível";"Saída de leito carroçável";"Com Vítimas Feridas";"Pleno dia";"Crescente";"Nublado";"Simples";"Reta";"Não";2;0;1;1;0;0;2;1;-17,14135504;-39,56892786;"SPRF-BA";"DEL09-BA";"UOP01-DEL09-BA"
283386;2020-05-08;"sexta-feira";"12:00:00";"MG";40;552;"NOVA LIMA";"Falta de Atenção à Condução";"Colisão transversal";"Com Vítimas Feridas";"Pleno dia";"Decrescente";"Nublado";"Simples";"Reta";"Sim";2;0;0;1;1;0;1;2;-20,06084086;-43,97716423;"SPRF-MG";"DEL01-MG";"UOP02-DEL01-MG"
283387;2020-05-08;"sexta-feira";"12:05:00";"RS";285;564,1;"SAO LUIZ GONZAGA";"Desobediência às normas de trânsito pelo condutor";"Colisão transversal";"Com Vítimas Feridas";"Pleno dia";"Decrescente";"Céu Claro";"Simples";"Interseção de Vias";"Sim";2;0;1;0;1;0;1;2;-28,417377;-54,926517;"SPRF-RS";"DEL10-RS";"UOP01-DEL10-RS"
283390;2020-05-08;"sexta-feira";"12:10:00";"GO";60;169,9;"GOIANIA";"Defeito Mecânico no Veículo";"Tombamento";"Com Vítimas Feridas";"Pleno dia";"Crescente";"Céu Claro";"Dupla";"Reta";"Não";2;0;1;1;0;0;2;2;-16,7269;-49,3822;"SPRF-GO";"DEL01-GO";"UOP02-DEL01-GO"
283394;2020-05-08;"sexta-feira";"12:05:00";"MT";163;827;"SINOP";"Ingestão de Álcool";"Saída de leito carroçável";"Com Vítimas Feridas";"Pleno dia";"Crescente";"Céu Claro";"Simples";"Reta";"Sim";3;0;3;0;0;0;3;1;-12,05864;-55,51743619;"SPRF-MT";"DEL06-MT";"UOP01-DEL06-MT"
283395;2020-05-08;"sexta-feira";"11:00:00";"SC";280;53,5;"GUARAMIRIM";"Desobediência às normas de trânsito pelo condutor";"Colisão transversal";"Com Vítimas Feridas";"Pleno dia";"Crescente";"Sol";"Simples";"Reta";"Sim";2;0;0;1;1;0;1;2;-26,47236756;-48,97426617;"SPRF-SC";"DEL03-SC";"UOP03-DEL03-SC"
283396;2020-05-08;"sexta-feira";"11:50:00";"MS";163;583;"BANDEIRANTES";"Falta de Atenção à Condução";"Colisão com objeto estático";"Com Vítimas Feridas";"Pleno dia";"Decrescente";"Céu Claro";"Dupla";"Reta";"Não";1;0;1;0;0;0;1;1;-19,62316122;-54,37913031;"SPRF-MS";"DEL06-MS";"UOP02-DEL06-MS"
283400;2020-05-08;"sexta-feira";"12:55:00";"SC";480;129,4;"CHAPECO";"Falta de Atenção à Condução";"Colisão traseira";"Com Vítimas Feridas";"Pleno dia";"Crescente";"Céu Claro";"Simples";"Viaduto;Interseção de Vias;Reta";"Sim";3;0;0;1;2;0;1;3;-27,05082357;-52,63498675;"SPRF-SC";"DEL07-SC";"UOP01-DEL07-SC"
283403;2020-05-08;"sexta-feira";"13:20:00";"ES";101;145;"LINHARES";"Falta de Atenção à Condução";"Colisão transversal";"Com Vítimas Feridas";"Pleno dia";"Crescente";"Nublado";"Múltipla";"Reta";"Sim";4;0;1;0;3;0;1;2;-19,36089598;-40,06464018;"SPRF-ES";"DEL04-ES";"UOP01-DEL04-ES"
283405;2020-05-08;"sexta-feira";"14:15:00";"DF";20;8,9;"BRASILIA";"Falta de Atenção à Condução";"Saída de leito carroçável";"Com Vítimas Feridas";"Pleno dia";"Crescente";"Céu Claro";"Dupla";"Reta";"Sim";2;0;0;1;0;1;1;2;-15,65723439;-47,78904676;"SPRF-DF";"DEL02-DF";"UOP01-DEL02-DF"
283406;2020-05-08;"sexta-feira";"14:25:00";"MG";40;490,8;"ESMERALDAS";"Falta de Atenção à Condução";"Saída de leito carroçável";"Com Vítimas Feridas";"Pleno dia";"Crescente";"Sol";"Dupla";"Reta";"Sim";1;0;1;0;0;0;1;1;-19,61998768;-44,20673771;"SPRF-MG";"DEL02-MG";"UOP01-DEL02-MG"
283407;2020-05-08;"sexta-feira";"14:30:00";"PR";116;121;"CURITIBA";"Velocidade Incompatível";"Colisão traseira";"Com Vítimas Feridas";"Pleno dia";"Crescente";"Sol";"Dupla";"Reta";"Não";2;0;1;0;1;0;1;2;-25,61609209;-49,31734086;"SPRF-PR";"DEL01-PR";"UOP03-DEL01-PR"
283408;2020-05-08;"sexta-feira";"14:00:00";"RJ";101;283;"ITABORAI";"Falta de Atenção à Condução";"Engavetamento";"Sem Vítimas";"Pleno dia";"Crescente";"Sol";"Dupla";"Reta";"Não";3;0;0;0;2;1;0;3;-22,73591014;-42,80592689;"SPRF-RJ";"DEL02-RJ";"UOP03-DEL02-RJ"
283409;2020-05-08;"sexta-feira";"13:30:00";"RO";319;63;"PORTO VELHO";"Falta de Atenção à Condução";"Colisão lateral";"Com Vítimas Feridas";"Pleno dia";"Decrescente";"Nublado";"Dupla";"Interseção de Vias;Reta";"Sim";2;0;1;0;0;1;1;2;-8,766685;-63,884052;"SPRF-RO";"DEL01-RO";"UOP01-DEL01-RO"
283411;2020-05-08;"sexta-feira";"15:30:00";"PE";101;46,2;"IGARASSU";"Falta de Atenção do Pedestre";"Atropelamento de Pedestre";"Com Vítimas Feridas";"Pleno dia";"Decrescente";"Céu Claro";"Múltipla";"Em Obras;Reta";"Sim";4;0;0;1;3;0;1;2;-7,87406004;-34,90588126;"SPRF-PE";"DEL01-PE";"UOP02-DEL01-PE"
283412;2020-05-08;"sexta-feira";"15:30:00";"MG";116;765,4;"LEOPOLDINA";"Desobediência às normas de trânsito pelo condutor";"Colisão transversal";"Com Vítimas Feridas";"Pleno dia";"Decrescente";"Sol";"Simples";"Interseção de Vias";"Sim";4;0;1;0;3;0;1;2;-21,5197389;-42,6491103;"SPRF-MG";"DEL07-MG";"UOP01-DEL07-MG"
283413;2020-05-08;"sexta-feira";"13:30:00";"BA";101;674;"ITAPEBI";"Pista Escorregadia";"Saída de leito carroçável";"Com Vítimas Feridas";"Pleno dia";"Decrescente";"Garoa/Chuvisco";"Dupla";"Curva";"Não";5;0;1;0;4;0;1;1;-16,03426497;-39,60948944;"SPRF-BA";"DEL09-BA";"UOP01-DEL09-BA"
283414;2020-05-08;"sexta-feira";"15:30:00";"RS";116;234,9;"NOVO HAMBURGO";"Falta de Atenção à Condução";"Colisão lateral";"Com Vítimas Feridas";"Pleno dia";"Crescente";"Sol";"Simples";"Reta";"Não";2;0;1;0;1;0;1;2;-29,65121313;-51,1444433;"SPRF-RS";"DEL01-RS";"UOP02-DEL01-RS"
283415;2020-05-08;"sexta-feira";"15:48:00";"SP";116;206;"GUARULHOS";"Falta de Atenção à Condução";"Tombamento";"Com Vítimas Feridas";"Pleno dia";"Crescente";"Céu Claro";"Dupla";"Reta";"Sim";1;0;1;0;0;0;1;1;-23,41722629;-46,37510292;"SPRF-SP";"DEL01-SP";"UOP01-DEL01-SP"
283416;2020-05-08;"sexta-feira";"15:50:00";"RN";101;79;"NATAL";"Desobediência às normas de trânsito pelo condutor";"Colisão transversal";"Com Vítimas Feridas";"Pleno dia";"Decrescente";"Céu Claro";"Dupla";"Interseção de Vias";"Sim";2;0;0;1;1;0;1;2;-5,753479;-35,288737;"SPRF-RN";"DEL02-RN";"UOP01-DEL02-RN"
283417;2020-05-08;"sexta-feira";"15:05:00";"MG";40;492,8;"ESMERALDAS";"Velocidade Incompatível";"Capotamento";"Com Vítimas Feridas";"Pleno dia";"Crescente";"Sol";"Dupla";"Reta";"Não";1;0;0;1;0;0;1;1;-19,63737896;-44,20372986;"SPRF-MG";"DEL02-MG";"UOP01-DEL02-MG"
283419;2020-05-08;"sexta-feira";"16:20:00";"RS";470;228,1;"GARIBALDI";"Desobediência às normas de trânsito pelo condutor";"Colisão lateral";"Com Vítimas Feridas";"Pleno dia";"Crescente";"Céu Claro";"Simples";"Interseção de Vias";"Não";2;0;2;0;0;0;2;2;-29,21759706;-51,51703722;"SPRF-RS";"DEL06-RS";"UOP01-DEL06-RS"
283420;2020-05-08;"sexta-feira";"16:10:00";"SP";101;41,7;"UBATUBA";"Falta de Atenção à Condução";"Saída de leito carroçável";"Com Vítimas Feridas";"Pleno dia";"Decrescente";"Céu Claro";"Simples";"Curva";"Não";1;0;1;0;0;0;1;1;-23,41971433;-45,0428663;"SPRF-SP";"DEL06-SP";"UOP01-DEL06-SP"
283421;2020-05-08;"sexta-feira";"15:15:00";"SC";470;130,1;"LONTRAS";"Falta de Atenção à Condução";"Colisão lateral";"Com Vítimas Feridas";"Pleno dia";"Decrescente";"Céu Claro";"Simples";"Interseção de Vias";"Não";2;0;2;0;0;0;2;2;-27,15756;-49,556488;"SPRF-SC";"DEL04-SC";"UOP02-DEL04-SC"
283422;2020-05-08;"sexta-feira";"12:10:00";"PR";277;588,7;"CASCAVEL";"Defeito Mecânico no Veículo";"Tombamento";"Com Vítimas Feridas";"Pleno dia";"Crescente";"Céu Claro";"Simples";"Reta";"Sim";2;0;1;0;1;0;1;1;-24,97369293;-53,43816604;"SPRF-PR";"DEL04-PR";"UOP01-DEL04-PR"
283423;2020-05-08;"sexta-feira";"16:20:00";"DF";20;12;"BRASILIA";"Desobediência às normas de trânsito pelo condutor";"Saída de leito carroçável";"Com Vítimas Feridas";"Pleno dia";"Crescente";"Céu Claro";"Dupla";"Reta";"Sim";2;0;0;1;0;1;1;2;-15,642812;-47,757786;"SPRF-DF";"DEL02-DF";"UOP01-DEL02-DF"
283424;2020-05-08;"sexta-feira";"09:59:00";"PE";232;83,2;"GRAVATA";"Velocidade Incompatível";"Saída de leito carroçável";"Sem Vítimas";"Pleno dia";"Decrescente";"Céu Claro";"Dupla";"Curva";"Não";1;0;0;0;0;1;0;1;-8,2024868;-35,59542005;"SPRF-PE";"DEL02-PE";"UOP02-DEL02PE"
283425;2020-05-08;"sexta-feira";"13:55:00";"RS";287;397,3;"SANTIAGO";"Desobediência às normas de trânsito pelo condutor";"Colisão frontal";"Com Vítimas Feridas";"Pleno dia";"Crescente";"Céu Claro";"Simples";"Reta;Declive";"Sim";2;0;1;0;1;0;1;2;-29,17417796;-54,85385656;"SPRF-RS";"DEL12-RS";"UOP02-DEL12-RS"
283427;2020-05-08;"sexta-feira";"14:30:00";"MG";267;58,9;"BICAS";"Não guardar distância de segurança";"Colisão traseira";"Com Vítimas Feridas";"Pleno dia";"Decrescente";"Céu Claro";"Simples";"Aclive;Curva";"Não";2;0;0;1;1;0;1;2;-21,72287488;-43,03593913;"SPRF-MG";"DEL07-MG";"UOP01-DEL07-MG"
283428;2020-05-08;"sexta-feira";"16:10:00";"SP";116;318;"JUQUITIBA";"Ingestão de Álcool";"Colisão com objeto estático";"Sem Vítimas";"Pleno dia";"Crescente";"Céu Claro";"Dupla";"Reta";"Não";1;0;0;0;1;0;0;1;-23,92536222;-46,99376156;"SPRF-SP";"DEL04-SP";"UOP01-DEL04-SP"
283431;2020-05-08;"sexta-feira";"17:30:00";"SC";101;149;"ITAPEMA";"Desobediência às normas de trânsito pelo condutor";"Colisão transversal";"Com Vítimas Feridas";"Plena Noite";"Decrescente";"Céu Claro";"Simples";"Reta";"Sim";2;0;1;0;1;0;1;2;-27,1089649;-48,61277586;"SPRF-SC";"DEL04-SC";"UOP03-DEL04-SC"
283432;2020-05-08;"sexta-feira";"17:35:00";"RS";116;154,3;"CAXIAS DO SUL";"Desobediência às normas de trânsito pelo condutor";"Colisão transversal";"Com Vítimas Feridas";"Anoitecer";"Crescente";"Céu Claro";"Simples";"Interseção de Vias";"Sim";3;0;0;2;1;0;2;2;-29,19074818;-51,18073734;"SPRF-RS";"DEL05-RS";"UOP01-DEL05-RS"
283433;2020-05-08;"sexta-feira";"17:10:00";"PR";476;132;"CURITIBA";"Falta de Atenção à Condução";"Colisão lateral";"Com Vítimas Feridas";"Pleno dia";"Decrescente";"Nublado";"Múltipla";"Reta";"Sim";2;0;1;0;1;0;1;2;-25,460718;-49,250488;"SPRF-PR";"DEL01-PR";"UOP03-DEL01-PR"
283436;2020-05-08;"sexta-feira";"17:40:00";"ES";101;232,6;"FUNDAO";"Animais na Pista";"Saída de leito carroçável";"Com Vítimas Feridas";"Anoitecer";"Decrescente";"Nublado";"Simples";"Reta";"Não";1;0;1;0;0;0;1;1;-19,95224103;-40,40879816;"SPRF-ES";"DEL02-ES";"UOP01-DEL02-ES"
283437;2020-05-06;"quarta-feira";"19:00:00";"RS";116;152;"CAXIAS DO SUL";"Falta de Atenção à Condução";"Colisão com objeto estático";"Com Vítimas Feridas";"Plena Noite";"Crescente";"Nublado";"Dupla";"Curva";"Sim";1;0;1;0;0;0;1;1;-29,1829343;-51,16801501;"SPRF-RS";"DEL05-RS";"UOP01-DEL05-RS"
283438;2020-05-08;"sexta-feira";"17:20:00";"MG";381;505;"BETIM";"Desobediência às normas de trânsito pelo condutor";"Colisão frontal";"Com Vítimas Feridas";"Anoitecer";"Decrescente";"Céu Claro";"Simples";"Reta";"Sim";2;0;1;1;0;0;2;2;-20,04478441;-44,27276484;"SPRF-MG";"DEL01-MG";"UOP03-DEL01-MG"
283439;2020-05-08;"sexta-feira";"17:53:00";"ES";101;292;"CARIACICA";"Falta de Atenção à Condução";"Tombamento";"Com Vítimas Feridas";"Plena Noite";"Crescente";"Céu Claro";"Simples";"Reta";"Não";2;0;1;0;0;1;1;2;-20,30650512;-40,39488717;"SPRF-ES";"DEL01-ES";"UOP01-DEL01-ES"
283441;2020-05-08;"sexta-feira";"16:30:00";"BA";101;209;"GOVERNADOR MANGABEIRA";"Desobediência às normas de trânsito pelo condutor";"Colisão frontal";"Com Vítimas Feridas";"Anoitecer";"Crescente";"Nublado";"Simples";"Reta";"Sim";2;0;0;1;1;0;1;2;-12,59696762;-39,03814137;"SPRF-BA";"DEL01-BA";"UOP03-DEL01-BA"
283442;2020-05-08;"sexta-feira";"17:00:00";"SC";470;147,7;"LAURENTINO";"Falta de Atenção à Condução";"Colisão lateral";"Com Vítimas Feridas";"Pleno dia";"Crescente";"Céu Claro";"Dupla";"Curva";"Não";3;0;2;0;1;0;2;2;-27,243439;-49,690025;"SPRF-SC";"DEL04-SC";"UOP02-DEL04-SC"
283443;2020-05-08;"sexta-feira";"15:20:00";"ES";101;365,5;"ANCHIETA";"Velocidade Incompatível";"Tombamento";"Com Vítimas Feridas";"Pleno dia";"Crescente";"Nublado";"Dupla";"Curva";"Não";1;0;0;1;0;0;1;1;-20,73397538;-40,7507118;"SPRF-ES";"DEL03-ES";"UOP01-DEL03-ES"
283446;2020-05-08;"sexta-feira";"18:28:00";"RS";285;457;"IJUI";"Falta de Atenção à Condução";"Colisão traseira";"Sem Vítimas";"Plena Noite";"Decrescente";"Céu Claro";"Simples";"Reta";"Não";3;0;0;0;3;0;0;3;-28,39577025;-53,89680684;"SPRF-RS";"DEL10-RS";"UOP01-DEL10-RS"
283447;2020-05-08;"sexta-feira";"17:50:00";"RJ";116;176;"NOVA IGUACU";"Desobediência às normas de trânsito pelo condutor";"Colisão traseira";"Com Vítimas Feridas";"Anoitecer";"Crescente";"Céu Claro";"Dupla";"Reta";"Sim";2;0;0;1;1;0;1;2;-22,7839538;-43,38195488;"SPRF-RJ";"DEL01-RJ";"UOP02-DEL01-RJ"
283449;2020-05-08;"sexta-feira";"18:15:00";"MG";381;577,3;"ITAGUARA";"Falta de Atenção à Condução";"Colisão traseira";"Com Vítimas Feridas";"Anoitecer";"Crescente";"Céu Claro";"Dupla";"Reta";"Não";2;0;1;0;1;0;1;2;-20,48737278;-44,59529111;"SPRF-MG";"DEL04-MG";"UOP03-DEL04-MG"
283450;2020-05-08;"sexta-feira";"16:15:00";"PR";277;289;"PRUDENTOPOLIS";"Falta de Atenção à Condução";"Saída de leito carroçável";"Sem Vítimas";"Pleno dia";"Crescente";"Céu Claro";"Simples";"Reta";"Não";1;0;0;0;0;1;0;1;-25,31841715;-50,99422008;"SPRF-PR";"DEL03-PR";"UOP03-DEL03-PR"
283451;2020-05-08;"sexta-feira";"17:50:00";"RJ";40;69;"PETROPOLIS";"Velocidade Incompatível";"Capotamento";"Com Vítimas Feridas";"Anoitecer";"Crescente";"Nublado";"Dupla";"Curva";"Não";3;0;2;0;1;0;2;1;-22,44351715;-43,19229188;"SPRF-RJ";"DEL06-RJ";"UOP01-DEL06-RJ"
283452;2020-05-08;"sexta-feira";"15:20:00";"AL";423;73,2;"AGUA BRANCA";"Defeito Mecânico no Veículo";"Queda de ocupante de veículo";"Com Vítimas Fatais";"Plena Noite";"Crescente";"Céu Claro";"Simples";"Reta";"Não";2;1;0;0;0;1;0;1;-9,31187434;-37,92506994;"SPRF-AL";"DEL03-AL";"UOP02-DEL03-AL"
283453;2020-05-08;"sexta-feira";"17:45:00";"GO";40;3,3;"VALPARAISO DE GOIAS";"Falta de Atenção à Condução";"Engavetamento";"Sem Vítimas";"Plena Noite";"Decrescente";"Céu Claro";"Dupla";"Reta";"Sim";4;0;0;0;4;0;0;3;-16,08450728;-47,98663974;"SPRF-DF";"DEL01-DF";"UOP01-DEL01-DF"
283454;2020-05-08;"sexta-feira";"18:10:00";"PR";369;56,5;"BANDEIRANTES";"Desobediência às normas de trânsito pelo condutor";"Colisão frontal";"Com Vítimas Feridas";"Plena Noite";"Crescente";"Céu Claro";"Simples";"Reta";"Sim";2;0;1;0;1;0;1;2;-23,1102903;-50,3729822;"SPRF-PR";"DEL07-PR";"UOP05-DEL07-PR"
283456;2020-05-08;"sexta-feira";"18:45:00";"RJ";116;317;"ITATIAIA";"Falta de Atenção do Pedestre";"Atropelamento de Pedestre";"Sem Vítimas";"Anoitecer";"Crescente";"Céu Claro";"Dupla";"Reta";"Sim";2;0;0;0;2;0;0;2;-22,46708478;-44,50067002;"SPRF-RJ";"DEL07-RJ";"UOP02-DEL07-RJ"
283457;2020-05-08;"sexta-feira";"18:05:00";"AL";110;3,9;"DELMIRO GOUVEIA";"Animais na Pista";"Atropelamento de Animal";"Com Vítimas Feridas";"Plena Noite";"Crescente";"Céu Claro";"Simples";"Reta";"Não";2;0;2;0;0;0;2;1;-9,31849311;-38,1905603;"SPRF-BA";"DEL07-BA";"UOP01-DEL07-BA"
283458;2020-05-08;"sexta-feira";"18:10:00";"AL";101;135;"SAO MIGUEL DOS CAMPOS";"Desobediência às normas de trânsito pelo condutor";"Colisão traseira";"Com Vítimas Feridas";"Plena Noite";"Crescente";"Vento";"Simples";"Interseção de Vias";"Não";3;0;1;0;2;0;1;2;-9,78834902;-36,10509283;"SPRF-AL";"DEL02-AL";"UOP01-DEL02-AL"
283460;2020-05-08;"sexta-feira";"17:45:00";"RS";386;271;"FONTOURA XAVIER";"Defeito Mecânico no Veículo";"Incêndio";"Sem Vítimas";"Anoitecer";"Crescente";"Céu Claro";"Múltipla";"Reta";"Não";1;0;0;0;0;1;0;1;-28,981363;-52,36705;"SPRF-RS";"DEL04-RS";"UOP03-DEL04-RS"
283463;2020-05-08;"sexta-feira";"18:10:00";"MG";116;415;"GOVERNADOR VALADARES";"Desobediência às normas de trânsito pelo condutor";"Colisão transversal";"Com Vítimas Feridas";"Plena Noite";"Crescente";"Céu Claro";"Simples";"Retorno Regulamentado";"Sim";2;0;0;1;1;0;1;2;-18,88401297;-41,94924399;"SPRF-MG";"DEL06-MG";"UOP01-DEL06-MG"
283464;2020-05-08;"sexta-feira";"19:00:00";"GO";20;0;"FORMOSA";"Ingestão de Álcool";"Colisão com objeto estático";"Com Vítimas Feridas";"Anoitecer";"Decrescente";"Nublado";"Dupla";"Interseção de Vias";"Sim";2;0;2;0;0;0;2;1;-15,581744;-47,343241;"SPRF-DF";"DEL02-DF";"UOP01-DEL02-DF"
283466;2020-05-08;"sexta-feira";"11:00:00";"PI";343;500,4;"AMARANTE";"Defeito Mecânico no Veículo";"Incêndio";"Sem Vítimas";"Pleno dia";"Crescente";"Céu Claro";"Simples";"Reta";"Não";1;0;0;0;0;1;0;1;-6,246756;-42,801987;"SPRF-PI";"DEL03-PI";"UOP01-DEL03-PI"
283467;2020-05-08;"sexta-feira";"18:30:00";"CE";20;400;"CAUCAIA";"Animais na Pista";"Atropelamento de Animal";"Com Vítimas Feridas";"Plena Noite";"Crescente";"Céu Claro";"Simples";"Reta";"Não";2;0;1;1;0;0;2;1;-3,79855422;-38,71579485;"SPRF-CE";"DEL01-CE";"UOP01-DEL01-CE"
283468;2020-05-08;"sexta-feira";"19:30:00";"PR";376;159,9;"MARINGA";"Falta de Atenção à Condução";"Colisão lateral";"Com Vítimas Feridas";"Plena Noite";"Decrescente";"Céu Claro";"Dupla";"Curva";"Não";5;0;2;0;3;0;2;2;-23,36498136;-52,07632098;"SPRF-PR";"DEL09-PR";"UOP01-DEL09-PR"
283469;2020-05-08;"sexta-feira";"18:00:00";"RJ";101;502;"ANGRA DOS REIS";"Falta de Atenção à Condução";"Atropelamento de Pedestre";"Com Vítimas Feridas";"Plena Noite";"Crescente";"Chuva";"Simples";"Reta";"Sim";2;0;0;1;0;1;1;2;-22,92526971;-44,36990312;"SPRF-RJ";"DEL03-RJ";"UOP02-DEL03-RJ"