"id";"data_inversa";"dia_semana";"horario";"uf";"br";"km";"municipio";"causa_acidente";"tipo_acidente";"classificacao_acidente";"fase_dia";"sentido_via";"condicao_metereologica";"tipo_pista";"tracado_via";"uso_solo";"pessoas";"mortos";"feridos_leves";"feridos_graves";"ilesos";"ignorados";"feridos";"veiculos";"latitude";"longitude";"regional";"delegacia";"uop"
283470;2020-05-08;"sexta-feira";"17:40:00";"PR";376;165;"MARINGA";"Falta de Atenção à Condução";"Colisão traseira";"Com Vítimas Feridas";"Anoitecer";"Decrescente";"Céu Claro";"Dupla";"Reta";"Não";6;0;4;0;2;0;4;3;-23,39038641;-52,01421918;"SPRF-PR";"DEL09-PR";"UOP01-DEL09-PR"
283471;2020-05-08;"sexta-feira";"17:00:00";"MS";419;278,6;"ANASTACIO";"Desobediência às normas de trânsito pelo condutor";"Saída de leito carroçável";"Sem Vítimas";"Pleno dia";"Crescente";"Sol";"Simples";"Curva";"Não";1;0;0;0;1;0;0;1;-20,78502025;-55,92737501;"SPRF-MS";"DEL03-MS";"UOP01-DEL03-MS"
283472;2020-05-08;"sexta-feira";"17:15:00";"PR";376;162;"MARINGA";"Objeto estático sobre o leito carroçável";"Queda de ocupante de veículo";"Com Vítimas Feridas";"Pleno dia";"Crescente";"Sol";"Dupla";"Declive";"Não";1;0;0;1;0;0;1;1;-23,379225;-52,040382;"SPRF-PR";"DEL09-PR";"UOP01-DEL09-PR"
283474;2020-05-08;"sexta-feira";"19:30:00";"PE";428;129,4;"PETROLINA";"Não guardar distância de segurança";"Colisão traseira";"Com Vítimas Feridas";"Plena Noite";"Crescente";"Céu Claro";"Múltipla";"Reta";"Sim";2;0;1;0;1;0;1;2;-9,40255151;-40,50378838;"SPRF-PE";"DEL06-PE";"UOP03-DEL06-PE"
283477;2020-05-08;"sexta-feira";"19:15:00";"SC";282;520,6;"XAXIM";"Falta de Atenção à Condução";"Colisão lateral";"Sem Vítimas";"Plena Noite";"Decrescente";"Céu Claro";"Simples";"Rotatória";"Não";2;0;0;0;2;0;0;2;-26,94932995;-52,52917528;"SPRF-SC";"DEL07-SC";"UOP01-DEL07-SC"
283478;2020-05-08;"sexta-feira";"17:00:00";"SC";282;446;"PONTE SERRADA";"Falta de Atenção à Condução";"Saída de leito carroçável";"Sem Vítimas";"Pleno dia";"Crescente";"Céu Claro";"Simples";"Curva";"Não";1;0;0;0;0;1;0;1;-26,910217;-51,914951;"SPRF-SC";"DEL07-SC";"UOP04-DEL07-SC"
283480;2020-05-08;"sexta-feira";"18:15:00";"PR";376;73;"GUAIRACA";"Falta de Atenção à Condução";"Colisão transversal";"Com Vítimas Feridas";"Plena Noite";"Decrescente";"Céu Claro";"Simples";"Reta";"Não";2;0;1;0;1;0;1;2;-22,94629;-52,718375;"SPRF-PR";"DEL09-PR";"UOP02-DEL09-PR"
283482;2020-05-08;"sexta-feira";"20:20:00";"PE";407;127,6;"PETROLINA";"Desobediência às normas de trânsito pelo condutor";"Colisão frontal";"Com Vítimas Feridas";"Plena Noite";"Crescente";"Nublado";"Simples";"Interseção de Vias;Reta";"Sim";2;0;2;0;0;0;2;2;-9,39338935;-40,51315784;"SPRF-PE";"DEL06-PE";"UOP01-DEL06-PE"
283484;2020-05-08;"sexta-feira";"18:40:00";"BA";407;7;"JUAZEIRO";"Ingestão de Álcool";"Colisão frontal";"Com Vítimas Feridas";"Plena Noite";"Decrescente";"Céu Claro";"Simples";"Reta";"Não";2;0;0;1;1;0;1;2;-9,46406081;-40,48272061;"SPRF-PE";"DEL06-PE";"UOP01-DEL06-PE"
283485;2020-05-08;"sexta-feira";"20:40:00";"MG";116;527,1;"CARATINGA";"Velocidade Incompatível";"Queda de ocupante de veículo";"Com Vítimas Feridas";"Plena Noite";"Decrescente";"Nublado";"Simples";"Reta";"Sim";1;0;1;0;0;0;1;1;-19,78510701;-42,13445297;"SPRF-MG";"DEL06-MG";"UOP02-DEL06-MG"
283486;2020-05-08;"sexta-feira";"20:15:00";"SC";101;339,8;"TUBARAO";"Ingestão de álcool e/ou substâncias psicoativas pelo pedestre";"Colisão frontal";"Com Vítimas Feridas";"Plena Noite";"Crescente";"Céu Claro";"Simples";"Reta";"Sim";4;0;1;1;1;1;2;3;-28,49351117;-49,04178985;"SPRF-SC";"DEL02-SC";"UOP01-DEL02-SC"
283487;2020-05-08;"sexta-feira";"14:50:00";"MG";116;201,1;"CARAI";"Pista Escorregadia";"Saída de leito carroçável";"Com Vítimas Feridas";"Pleno dia";"Crescente";"Garoa/Chuvisco";"Simples";"Reta";"Não";5;0;1;1;3;0;2;1;-17,25209001;-41,50104094;"SPRF-MG";"DEL11-MG";"UOP01-DEL11-MG"
283489;2020-05-08;"sexta-feira";"20:00:00";"GO";153;201;"URUACU";"Ingestão de Álcool";"Atropelamento de Pedestre";"Com Vítimas Feridas";"Plena Noite";"Crescente";"Céu Claro";"Simples";"Reta";"Sim";2;0;0;1;1;0;1;2;-14,519629;-49,154972;"SPRF-GO";"DEL07-GO";"UOP01-DEL07-GO"
283490;2020-05-08;"sexta-feira";"21:15:00";"SC";280;6;"SAO FRANCISCO DO SUL";"Falta de Atenção à Condução";"Colisão transversal";"Com Vítimas Feridas";"Plena Noite";"Crescente";"Céu Claro";"Simples";"Interseção de Vias";"Sim";2;0;1;0;0;1;1;2;-26,26285731;-48,62943113;"SPRF-SC";"DEL03-SC";"UOP03-DEL03-SC"
283492;2020-05-08;"sexta-feira";"16:40:00";"MG";40;149,8;"JOAO PINHEIRO";"Desobediência às normas de trânsito pelo pedestre";"Colisão transversal";"Com Vítimas Feridas";"Pleno dia";"Decrescente";"Céu Claro";"Simples";"Reta";"Não";3;0;1;0;2;0;1;2;-17,78039598;-46,13709081;"SPRF-MG";"DEL14-MG";"UOP02-DEL14-MG"
283493;2020-05-08;"sexta-feira";"19:00:00";"MG";40;48,2;"PARACATU";"Não guardar distância de segurança";"Colisão traseira";"Com Vítimas Feridas";"Anoitecer";"Decrescente";"Nublado";"Simples";"Curva";"Não";2;0;1;0;0;1;1;2;-17,24150062;-46,81848808;"SPRF-MG";"DEL14-MG";"UOP01-DEL14-MG"
283494;2020-05-08;"sexta-feira";"22:00:00";"ES";101;265,9;"SERRA";"Desobediência às normas de trânsito pelo condutor";"Atropelamento de Pedestre";"Com Vítimas Feridas";"Plena Noite";"Crescente";"Nublado";"Dupla";"Curva;Aclive";"Sim";2;0;0;1;0;1;1;2;-20,1816849;-40,26536036;"SPRF-ES";"DEL02-ES";"UOP01-DEL02-ES"
283495;2020-05-08;"sexta-feira";"22:30:00";"ES";101;359,7;"ANCHIETA";"Ingestão de Álcool";"Saída de leito carroçável";"Sem Vítimas";"Plena Noite";"Decrescente";"Nublado";"Simples";"Reta";"Não";1;0;0;0;1;0;0;1;-20,69768274;-40,71161014;"SPRF-ES";"DEL03-ES";"UOP01-DEL03-ES"
283497;2020-05-08;"sexta-feira";"22:00:00";"GO";70;8,3;"AGUAS LINDAS DE GOIAS";"Ingestão de Álcool";"Saída de leito carroçável";"Sem Vítimas";"Plena Noite";"Decrescente";"Céu Claro";"Dupla";"Reta";"Sim";1;0;0;0;0;1;0;1;-15,73733681;-48,27407468;"SPRF-DF";"DEL03-DF";"UOP02-DEL03-DF"
283500;2020-05-08;"sexta-feira";"22:20:00";"MS";463;110,2;"PONTA PORA";"Falta de Atenção à Condução";"Colisão lateral";"Com Vítimas Feridas";"Plena Noite";"Decrescente";"Céu Claro";"Dupla";"Reta";"Sim";2;0;1;0;1;0;1;2;-22,57302287;-55,69391958;"SPRF-MS";"DEL04-MS";"UOP03-DEL04-MS"
283501;2020-05-08;"sexta-feira";"23:00:00";"SC";101;25;"JOINVILLE";"Falta de Atenção à Condução";"Colisão transversal";"Com Vítimas Feridas";"Plena Noite";"Decrescente";"Céu Claro";"Simples";"Interseção de Vias";"Sim";3;0;0;1;2;0;1;2;-26,1834739;-48,9105912;"SPRF-SC";"DEL03-SC";"UOP01-DEL03-SC"
283504;2020-05-08;"sexta-feira";"23:50:00";"SC";101;137;"BALNEARIO CAMBORIU";"Ingestão de Álcool";"Saída de leito carroçável";"Sem Vítimas";"Plena Noite";"Crescente";"Céu Claro";"Dupla";"Reta";"Não";2;0;0;0;1;1;0;1;-27,0157238;-48,61192763;"SPRF-SC";"DEL04-SC";"UOP03-DEL04-SC"
283505;2020-05-08;"sexta-feira";"20:45:00";"PR";476;98;"BOCAIUVA DO SUL";"Defeito Mecânico no Veículo";"Incêndio";"Sem Vítimas";"Plena Noite";"Decrescente";"Céu Claro";"Simples";"Reta";"Não";1;0;0;0;0;1;0;1;-25,24007;-49,127075;"SPRF-PR";"DEL01-PR";"UOP07-DEL01-PR"
283506;2020-05-08;"sexta-feira";"20:30:00";"RJ";116;115;"DUQUE DE CAXIAS";"Falta de Atenção à Condução";"Colisão traseira";"Com Vítimas Feridas";"Plena Noite";"Crescente";"Nublado";"Múltipla";"Reta";"Sim";3;0;1;0;2;0;1;2;-22,72452;-43,28936;"SPRF-RJ";"DEL04-RJ";"UOP02-DEL04-RJ"
283509;2020-05-09;"sábado";"00:15:00";"RS";470;213;"BENTO GONCALVES";"Ingestão de Álcool";"Saída de leito carroçável";"Sem Vítimas";"Plena Noite";"Crescente";"Céu Claro";"Simples";"Reta";"Não";1;0;0;0;1;0;0;1;-29,138703;-51,542708;"SPRF-RS";"DEL06-RS";"UOP01-DEL06-RS"
283510;2020-05-09;"sábado";"00:45:00";"BA";116;468,5;"SANTO ESTEVAO";"Falta de Atenção do Pedestre";"Atropelamento de Pedestre";"Com Vítimas Fatais";"Plena Noite";"Decrescente";"Nublado";"Dupla";"Reta";"Não";2;1;0;0;0;1;0;2;-12,46032128;-39,27031486;"SPRF-BA";"DEL02-BA";"UOP01-DEL02-BA"
283511;2020-05-09;"sábado";"00:05:00";"PR";277;725;"FOZ DO IGUACU";"Ingestão de álcool e/ou substâncias psicoativas pelo pedestre";"Saída de leito carroçável";"Sem Vítimas";"Plena Noite";"Decrescente";"Céu Claro";"Dupla";"Reta";"Sim";1;0;0;0;0;1;0;1;-25,50979189;-54,5957139;"SPRF-PR";"DEL05-PR";"UOP03-DEL05-PR"
283512;2020-05-08;"sexta-feira";"23:00:00";"MG";262;791,1;"UBERABA";"Velocidade Incompatível";"Saída de leito carroçável";"Com Vítimas Feridas";"Plena Noite";"Crescente";"Céu Claro";"Simples";"Curva";"Não";1;0;1;0;0;0;1;1;-19,76328194;-47,85919501;"SPRF-MG";"DEL13-MG";"UOP01-DEL13-MG"
283513;2020-05-09;"sábado";"00:10:00";"PR";376;311,7;"ORTIGUEIRA";"Condutor Dormindo";"Saída de leito carroçável";"Com Vítimas Feridas";"Plena Noite";"Decrescente";"Céu Claro";"Simples";"Curva";"Não";2;0;2;0;0;0;2;1;-23,99315325;-51,08797073;"SPRF-PR";"DEL07-PR";"UOP02-DEL07-PR"
283514;2020-05-09;"sábado";"01:45:00";"PR";277;73;"SAO JOSE DOS PINHAIS";"Restrição de Visibilidade";"Saída de leito carroçável";"Com Vítimas Feridas";"Plena Noite";"Decrescente";"Nevoeiro/Neblina";"Dupla";"Curva;Desvio Temporário;Em Obras";"Sim";2;0;2;0;0;0;2;2;-25,52124342;-49,10648119;"SPRF-PR";"DEL01-PR";"UOP01-DEL01-PR"
283515;2020-05-09;"sábado";"02:50:00";"PR";116;105;"SAO JOSE DOS PINHAIS";"Falta de Atenção à Condução";"Colisão com objeto estático";"Com Vítimas Feridas";"Plena Noite";"Crescente";"Nevoeiro/Neblina";"Dupla";"Reta";"Não";1;0;1;0;0;0;1;1;-25,56635207;-49,16833598;"SPRF-PR";"DEL01-PR";"UOP01-DEL01-PR"
283516;2020-05-09;"sábado";"04:00:00";"PB";230;15,6;"JOAO PESSOA";"Ingestão de Álcool";"Colisão com objeto estático";"Com Vítimas Feridas";"Plena Noite";"Decrescente";"Céu Claro";"Dupla";"Reta";"Sim";1;0;1;0;0;0;1;1;-7,093;-34,8482;"SPRF-PB";"DEL01-PB";"UOP01-DEL01-PB"
283517;2020-05-09;"sábado";"03:50:00";"ES";262;2,5;"CARIACICA";"Velocidade Incompatível";"Tombamento";"Com Vítimas Feridas";"Plena Noite";"Crescente";"Céu Claro";"Múltipla";"Declive";"Sim";1;0;1;0;0;0;1;1;-20,33275688;-40,36077696;"SPRF-ES";"DEL01-ES";"UOP01-DEL01-ES"
283518;2020-05-09;"sábado";"03:35:00";"SC";470;69;"INDAIAL";"Falta de Atenção à Condução";"Saída de leito carroçável";"Sem Vítimas";"Plena Noite";"Crescente";"Céu Claro";"Simples";"Reta;Desvio Temporário;Em Obras";"Sim";1;0;0;0;1;0;0;1;-26,8853302;-49,24947739;"SPRF-SC";"DEL04-SC";"UOP01-DEL04-SC"
283519;2020-05-09;"sábado";"03:50:00";"ES";262;3,5;"CARIACICA";"Velocidade Incompatível";"Saída de leito carroçável";"Sem Vítimas";"Plena Noite";"Decrescente";"Céu Claro";"Múltipla";"Declive";"Sim";2;0;0;0;1;1;0;2;-20,33424514;-40,3692627;"SPRF-ES";"DEL01-ES";"UOP01-DEL01-ES"
283520;2020-05-09;"sábado";"05:00:00";"SC";470;68;"INDAIAL";"Ingestão de Álcool";"Colisão frontal";"Com Vítimas Feridas";"Plena Noite";"Crescente";"Nevoeiro/Neblina";"Simples";"Reta";"Sim";7;0;3;3;1;0;6;2;-26,877615;-49,239231;"SPRF-SC";"DEL04-SC";"UOP01-DEL04-SC"
283522;2020-05-09;"sábado";"02:34:00";"PR";277;584,5;"CASCAVEL";"Desobediência às normas de trânsito pelo condutor";"Colisão transversal";"Sem Vítimas";"Plena Noite";"Crescente";"Céu Claro";"Dupla";"Interseção de Vias";"Não";2;0;0;0;0;2;0;2;-24,96470066;-53,40565681;"SPRF-PR";"DEL04-PR";"UOP01-DEL04-PR"
283523;2020-05-09;"sábado";"00:30:00";"SP";381;88;"SAO PAULO";"Falta de Atenção à Condução";"Colisão com objeto estático";"Com Vítimas Feridas";"Pleno dia";"Crescente";"Céu Claro";"Simples";"Reta";"Sim";1;0;1;0;0;0;1;1;-23,47469314;-46,56112919;"SPRF-SP";"DEL03-SP";"UOP01-DEL03-SP"
283524;2020-05-09;"sábado";"06:15:00";"SC";101;436,5;"SOMBRIO";"Ingestão de Álcool";"Colisão com objeto estático";"Com Vítimas Feridas";"Amanhecer";"Crescente";"Céu Claro";"Múltipla";"Reta;Aclive";"Sim";1;0;1;0;0;0;1;1;-29,11820887;-49,64103699;"SPRF-SC";"DEL02-SC";"UOP02-DEL02-SC"
283525;2020-05-09;"sábado";"05:50:00";"GO";60;99,4;"ANAPOLIS";"Falta de Atenção à Condução";"Tombamento";"Com Vítimas Feridas";"Amanhecer";"Decrescente";"Nublado";"Dupla";"Curva";"Sim";1;0;1;0;0;0;1;1;-16,39465719;-48,96176403;"SPRF-GO";"DEL02-GO";"UOP01-DEL02-GO"
283526;2020-05-08;"sexta-feira";"19:20:00";"MS";163;722;"COXIM";"Ingestão de Álcool";"Saída de leito carroçável";"Sem Vítimas";"Plena Noite";"Crescente";"Céu Claro";"Simples";"Reta";"Não";1;0;0;0;1;0;0;1;-18,57649004;-54,76393093;"SPRF-MS";"DEL06-MS";"UOP01-DEL06-MS"
283527;2020-05-09;"sábado";"06:51:00";"MG";381;428;"CAETE";"Falta de Atenção à Condução";"Colisão frontal";"Com Vítimas Feridas";"Amanhecer";"Decrescente";"Céu Claro";"Dupla";"Curva";"Sim";2;0;0;2;0;0;2;2;-19,78885371;-43,70613892;"SPRF-MG";"DEL01-MG";"UOP01-DEL01-MG"
283528;2020-05-09;"sábado";"06:20:00";"BA";116;24;"VITORIA DA CONQUISTA";"Pista Escorregadia";"Tombamento";"Com Vítimas Feridas";"Pleno dia";"Decrescente";"Nevoeiro/Neblina";"Simples";"Reta";"Não";2;0;2;0;0;0;2;1;-14,851;-40,8485;"SPRF-BA";"DEL08-BA";"UOP01-DEL08-BA"
283530;2020-05-09;"sábado";"07:00:00";"PR";476;132;"CURITIBA";"Ingestão de Álcool";"Saída de leito carroçável";"Sem Vítimas";"Pleno dia";"Crescente";"Céu Claro";"Múltipla";"Reta";"Não";1;0;0;0;1;0;0;1;-25,460718;-49,250488;"SPRF-PR";"DEL01-PR";"UOP03-DEL01-PR"
283531;2020-05-09;"sábado";"07:50:00";"ES";101;270,2;"SERRA";"Pista Escorregadia";"Queda de ocupante de veículo";"Com Vítimas Feridas";"Pleno dia";"Decrescente";"Garoa/Chuvisco";"Dupla";"Curva";"Sim";2;0;2;0;0;0;2;1;-20,22662056;-40,27075088;"SPRF-ES";"DEL02-ES";"UOP01-DEL02-ES"
283532;2020-05-09;"sábado";"08:10:00";"RJ";116;131;"MAGE";"Falta de Atenção à Condução";"Capotamento";"Com Vítimas Feridas";"Pleno dia";"Crescente";"Céu Claro";"Dupla";"Reta";"Não";1;0;1;0;0;0;1;1;-22,65608024;-43,12511494;"SPRF-RJ";"DEL04-RJ";"UOP02-DEL04-RJ"
283534;2020-05-09;"sábado";"06:40:00";"BA";101;670;"EUNAPOLIS";"Condutor Dormindo";"Colisão com objeto estático";"Com Vítimas Fatais";"Amanhecer";"Crescente";"Céu Claro";"Simples";"Curva";"Não";2;1;0;0;1;0;0;1;-16,18641695;-39,60614307;"SPRF-BA";"DEL09-BA";"UOP01-DEL09-BA"
283537;2020-05-09;"sábado";"08:25:00";"SC";282;216;"LAGES";"Falta de Atenção à Condução";"Colisão traseira";"Com Vítimas Feridas";"Pleno dia";"Decrescente";"Nublado";"Simples";"Reta";"Não";2;0;1;0;1;0;1;2;-27,797529;-50,291862;"SPRF-SC";"DEL05-SC";"UOP01-DEL05-SC"
283538;2020-05-09;"sábado";"07:45:00";"ES";101;270,9;"SERRA";"Falta de Atenção à Condução";"Colisão lateral";"Com Vítimas Feridas";"Pleno dia";"Crescente";"Nublado";"Múltipla";"Curva";"Não";3;0;1;0;2;0;1;2;-20,22662056;-40,27075088;"SPRF-ES";"DEL02-ES";"UOP01-DEL02-ES"
283539;2020-05-08;"sexta-feira";"17:30:00";"RO";421;51;"MONTE NEGRO";"Falta de Atenção à Condução";"Atropelamento de Pedestre";"Com Vítimas Feridas";"Pleno dia";"Crescente";"Céu Claro";"Simples";"Reta";"Sim";3;0;0;1;0;2;1;2;-10,270235;-63,300957;"SPRF-RO";"DEL03-RO";"UOP01-DEL03-RO"
283540;2020-04-23;"quinta-feira";"13:10:00";"PR";369;178,8;"ARAPONGAS";"Desobediência às normas de trânsito pelo condutor";"Colisão com objeto estático";"Com Vítimas Feridas";"Pleno dia";"Decrescente";"Céu Claro";"Múltipla";"Reta;Declive";"Sim";6;0;4;0;2;0;4;3;-23,36108463;-51,39909089;"SPRF-PR";"DEL07-PR";"UOP01-DEL07-PR"
283542;2020-05-09;"sábado";"09:05:00";"SC";101;211,1;"PALHOCA";"Carga excessiva e/ou mal acondicionada";"Colisão traseira";"Com Vítimas Feridas";"Pleno dia";"Crescente";"Céu Claro";"Múltipla";"Reta";"Sim";2;0;1;0;0;1;1;2;-27,62329313;-48,65245588;"SPRF-SC";"DEL01-SC";"UOP02-DEL01-SC"
283543;2020-05-09;"sábado";"08:00:00";"RS";471;179,8;"RIO PARDO";"Falta de Atenção à Condução";"Capotamento";"Sem Vítimas";"Pleno dia";"Crescente";"Sol";"Simples";"Reta";"Não";4;0;0;0;3;1;0;2;-30,067255;-52,366642;"SPRF-RS";"DEL02-RS";"UOP02-DEL02-RS"
283545;2020-05-09;"sábado";"09:15:00";"SC";280;66;"JARAGUA DO SUL";"Falta de Atenção à Condução";"Colisão transversal";"Com Vítimas Feridas";"Pleno dia";"Crescente";"Sol";"Simples";"Reta";"Não";2;0;1;0;1;0;1;2;-26,47779505;-49,10326481;"SPRF-SC";"DEL03-SC";"UOP03-DEL03-SC"
283546;2020-05-09;"sábado";"09:40:00";"MG";365;614,5;"UBERLANDIA";"Desobediência às normas de trânsito pelo condutor";"Colisão transversal";"Com Vítimas Feridas";"Pleno dia";"Decrescente";"Céu Claro";"Simples";"Reta";"Sim";3;0;2;0;1;0;2;2;-18,91196026;-48,22026014;"SPRF-MG";"DEL15-MG";"UOP01-DEL15-MG"
283548;2020-05-09;"sábado";"09:30:00";"BA";101;108;"ALAGOINHAS";"Falta de Atenção à Condução";"Colisão transversal";"Com Vítimas Feridas";"Pleno dia";"Decrescente";"Chuva";"Simples";"Interseção de Vias";"Sim";2;0;1;0;1;0;1;2;-12,14794725;-38,39471882;"SPRF-BA";"DEL01-BA";"UOP04-DEL01-BA"
283549;2020-05-09;"sábado";"10:35:00";"SP";381;45;"ATIBAIA";"Velocidade Incompatível";"Colisão lateral";"Com Vítimas Feridas";"Pleno dia";"Crescente";"Céu Claro";"Múltipla";"Reta";"Sim";4;0;2;0;2;0;2;3;-23,17274184;-46,57748439;"SPRF-SP";"DEL03-SP";"UOP01-DEL03-SP"
283551;2020-05-09;"sábado";"11:30:00";"SP";153;63,9;"SAO JOSE DO RIO PRETO";"Desobediência às normas de trânsito pelo pedestre";"Atropelamento de Pedestre";"Sem Vítimas";"Pleno dia";"Crescente";"Céu Claro";"Dupla";"Reta";"Sim";4;0;0;0;4;0;0;2;-20,82149698;-49,35764818;"SPRF-SP";"DEL09-SP";"UOP01-DEL09-SP"
283552;2020-05-09;"sábado";"11:40:00";"PR";277;410;"CANDOI";"Velocidade Incompatível";"Queda de ocupante de veículo";"Com Vítimas Feridas";"Pleno dia";"Crescente";"Céu Claro";"Simples";"Curva;Declive";"Não";1;0;0;1;0;0;1;1;-25,43184986;-52,00714351;"SPRF-PR";"DEL04-PR";"UOP02-DEL04-PR"
283555;2020-05-09;"sábado";"11:30:00";"PE";407;117,6;"PETROLINA";"Não guardar distância de segurança";"Colisão traseira";"Com Vítimas Feridas";"Pleno dia";"Crescente";"Céu Claro";"Simples";"Reta";"Não";2;0;1;0;1;0;1;2;-9,32395557;-40,56802511;"SPRF-PE";"DEL06-PE";"UOP02-DEL06-PE"
283556;2020-05-09;"sábado";"12:05:00";"PR";476;129;"CURITIBA";"Falta de Atenção à Condução";"Colisão traseira";"Com Vítimas Feridas";"Pleno dia";"Decrescente";"Céu Claro";"Dupla";"Reta;Declive";"Sim";2;0;1;0;1;0;1;2;-25,440983;-49,233715;"SPRF-PR";"DEL01-PR";"UOP07-DEL01-PR"
283558;2020-05-09;"sábado";"11:00:00";"MG";50;64;"UBERLANDIA";"Defeito Mecânico no Veículo";"Queda de ocupante de veículo";"Com Vítimas Feridas";"Pleno dia";"Crescente";"Céu Claro";"Dupla";"Reta";"Não";2;0;1;1;0;0;2;1;-18,84248402;-48,25258395;"SPRF-MG";"DEL15-MG";"UOP02-DEL15-MG"
283560;2020-05-09;"sábado";"12:30:00";"SC";101;204;"SAO JOSE";"Falta de Atenção à Condução";"Colisão transversal";"Com Vítimas Feridas";"Pleno dia";"Decrescente";"Sol";"Múltipla";"Interseção de Vias";"Sim";2;0;1;0;1;0;1;2;-27,57413014;-48,61363083;"SPRF-SC";"DEL01-SC";"UOP01-DEL01-SC"
283561;2020-05-09;"sábado";"09:00:00";"GO";60;420;"RIO VERDE";"Falta de Atenção à Condução";"Saída de leito carroçável";"Com Vítimas Feridas";"Pleno dia";"Decrescente";"Céu Claro";"Dupla";"Reta";"Não";1;0;1;0;0;0;1;1;-17,8214;-51,2417;"SPRF-GO";"DEL04-GO";"UOP01-DEL04-GO"
283563;2020-05-09;"sábado";"10:40:00";"RJ";116;127;"MAGE";"Falta de Atenção à Condução";"Colisão com objeto estático";"Com Vítimas Feridas";"Pleno dia";"Crescente";"Céu Claro";"Dupla";"Curva";"Não";1;0;1;0;0;0;1;1;-22,65773982;-43,13077927;"SPRF-RJ";"DEL04-RJ";"UOP02-DEL04-RJ"
283565;2020-05-09;"sábado";"12:00:00";"RS";470;200;"BENTO GONCALVES";"Velocidade Incompatível";"Capotamento";"Com Vítimas Feridas";"Pleno dia";"Crescente";"Céu Claro";"Simples";"Curva";"Não";1;0;1;0;0;0;1;1;-29,06736768;-51,57996108;"SPRF-RS";"DEL06-RS";"UOP02-DEL06-RS"
283566;2020-05-09;"sábado";"13:00:00";"SC";101;205;"SAO JOSE";"Desobediência às normas de trânsito pelo condutor";"Colisão traseira";"Com Vítimas Feridas";"Pleno dia";"Crescente";"Céu Claro";"Múltipla";"Reta";"Sim";2;0;1;0;1;0;1;2;-27,58313237;-48,61532885;"SPRF-SC";"DEL01-SC";"UOP01-DEL01-SC"
283568;2020-05-09;"sábado";"12:35:00";"SC";153;87,5;"CONCORDIA";"Falta de Atenção à Condução";"Queda de ocupante de veículo";"Com Vítimas Feridas";"Pleno dia";"Crescente";"Céu Claro";"Simples";"Curva";"Não";1;0;1;0;0;0;1;1;-27,157175;-51,914791;"SPRF-SC";"DEL07-SC";"UOP04-DEL07-SC"
283569;2020-05-09;"sábado";"12:25:00";"PR";116;0,5;"CAMPINA GRANDE DO SUL";"Falta de Atenção à Condução";"Colisão traseira";"Com Vítimas Fatais";"Pleno dia";"Crescente";"Céu Claro";"Dupla";"Curva;Aclive";"Não";2;1;0;1;0;0;1;2;-25,0604;-48,562973;"SPRF-PR";"DEL01-PR";"UOP02-DEL01-PR"
283570;2020-05-09;"sábado";"13:00:00";"BA";116;817,8;"VITORIA DA CONQUISTA";"Desobediência às normas de trânsito pelo condutor";"Colisão transversal";"Com Vítimas Feridas";"Pleno dia";"Crescente";"Céu Claro";"Simples";"Interseção de Vias";"Não";3;0;0;1;2;0;1;2;-14,78186283;-40,73870709;"SPRF-BA";"DEL08-BA";"UOP01-DEL08-BA"
283571;2020-05-09;"sábado";"12:00:00";"SP";116;134;"CACAPAVA";"Agressão Externa";"Colisão com objeto em movimento";"Com Vítimas Feridas";"Pleno dia";"Crescente";"Céu Claro";"Dupla";"Reta";"Não";1;0;1;0;0;0;1;1;-23,1402216;-45,7617252;"SPRF-SP";"DEL06-SP";"UOP01-DEL06-SP"
283572;2020-05-09;"sábado";"13:30:00";"ES";101;261,2;"SERRA";"Falta de Atenção à Condução";"Saída de leito carroçável";"Com Vítimas Feridas";"Pleno dia";"Crescente";"Nublado";"Múltipla";"Declive;Reta";"Não";2;0;1;0;1;0;1;1;-20,14854215;-40,27970926;"SPRF-ES";"DEL02-ES";"UOP01-DEL02-ES"
283573;2020-05-09;"sábado";"12:00:00";"RJ";493;115;"ITAGUAI";"Falta de Atenção à Condução";"Queda de ocupante de veículo";"Com Vítimas Feridas";"Pleno dia";"Decrescente";"Céu Claro";"Dupla";"Reta";"Não";1;0;0;1;0;0;1;1;-22,82843223;-43,80535483;"SPRF-RJ";"DEL03-RJ";"UOP01-DEL03-RJ"
283575;2020-05-09;"sábado";"13:10:00";"PR";277;694,4;"SAO MIGUEL DO IGUACU";"Falta de Atenção à Condução";"Colisão lateral";"Com Vítimas Feridas";"Pleno dia";"Crescente";"Céu Claro";"Dupla";"Reta";"Não";2;0;1;0;1;0;1;2;-25,37728075;-54,27853715;"SPRF-PR";"DEL05-PR";"UOP01-DEL05-PR"
283577;2020-05-09;"sábado";"13:50:00";"PR";277;83;"CURITIBA";"Falta de Atenção à Condução";"Colisão lateral";"Com Vítimas Feridas";"Pleno dia";"Decrescente";"Céu Claro";"Dupla";"Reta";"Sim";2;0;1;0;1;0;1;2;-25,568939;-49,181978;"SPRF-PR";"DEL01-PR";"UOP06-DEL01-PR"
283578;2020-05-09;"sábado";"14:00:00";"RJ";493;56;"DUQUE DE CAXIAS";"Agressão Externa";"Saída de leito carroçável";"Com Vítimas Feridas";"Pleno dia";"Crescente";"Céu Claro";"Dupla";"Reta";"Não";3;0;2;0;1;0;2;1;-22,66777887;-43,31600189;"SPRF-RJ";"DEL01-RJ";"UOP01-DEL01-RJ"