"id";"data_inversa";"dia_semana";"horario";"uf";"br";"km";"municipio";"causa_acidente";"tipo_acidente";"classificacao_acidente";"fase_dia";"sentido_via";"condicao_metereologica";"tipo_pista";"tracado_via";"uso_solo";"pessoas";"mortos";"feridos_leves";"feridos_graves";"ilesos";"ignorados";"feridos";"veiculos";"latitude";"longitude";"regional";"delegacia";"uop"
283579;2020-05-09;"sábado";"14:35:00";"PR";376;630,5;"SAO JOSE DOS PINHAIS";"Ultrapassagem Indevida";"Colisão com objeto estático";"Com Vítimas Feridas";"Pleno dia";"Crescente";"Céu Claro";"Dupla";"Reta";"Sim";2;0;1;0;0;1;1;2;-25,695757;-49,144882;"SPRF-PR";"DEL01-PR";"UOP04-DEL01-PR"
283580;2020-05-09;"sábado";"12:00:00";"MG";262;442;"NOVA SERRANA";"Velocidade Incompatível";"Queda de ocupante de veículo";"Com Vítimas Feridas";"Pleno dia";"Crescente";"Sol";"Dupla";"Retorno Regulamentado";"Sim";2;0;1;0;1;0;1;2;-19,8806236;-44,91232265;"SPRF-MG";"DEL08-MG";"UOP03-DEL08-MG"
283582;2020-05-09;"sábado";"14:30:00";"RS";290;126,7;"ELDORADO DO SUL";"Defeito Mecânico no Veículo";"Saída de leito carroçável";"Com Vítimas Feridas";"Pleno dia";"Crescente";"Céu Claro";"Simples";"Reta";"Não";3;0;3;0;0;0;3;1;-30,055727;-51,46933;"SPRF-RS";"DEL02-RS";"UOP01-DEL02-RS"
283583;2020-05-09;"sábado";"11:00:00";"RO";435;81;"COLORADO DO OESTE";"Defeito na Via";"Saída de leito carroçável";"Com Vítimas Feridas";"Pleno dia";"Decrescente";"Céu Claro";"Simples";"Curva";"Não";1;0;1;0;0;0;1;1;-13,11317874;-60,49697105;"SPRF-RO";"DEL04-RO";"UOP02-DEL04-RO"
283584;2020-05-09;"sábado";"13:15:00";"RS";287;247,7;"SANTA MARIA";"Falta de Atenção à Condução";"Colisão lateral";"Com Vítimas Feridas";"Pleno dia";"Decrescente";"Céu Claro";"Simples";"Reta";"Sim";2;0;1;0;1;0;1;2;-29,69991534;-53,84176017;"SPRF-RS";"DEL09-RS";"UOP01-DEL09-RS"
283585;2020-05-09;"sábado";"14:45:00";"AL";104;83;"RIO LARGO";"Falta de Atenção à Condução";"Saída de leito carroçável";"Com Vítimas Feridas";"Pleno dia";"Crescente";"Céu Claro";"Dupla";"Curva";"Não";2;0;0;1;0;1;1;1;-9,44165773;-35,83538341;"SPRF-AL";"DEL01-AL";"UOP01-DEL01-AL"
283586;2020-05-09;"sábado";"14:40:00";"PE";423;78;"JUCATI";"Desobediência às normas de trânsito pelo condutor";"Tombamento";"Com Vítimas Feridas";"Pleno dia";"Crescente";"Céu Claro";"Simples";"Reta";"Não";2;0;1;0;0;1;1;1;-8,74910298;-36,43120556;"SPRF-PE";"DEL03-PE";"UOP01-DEL03-PE"
283587;2020-05-09;"sábado";"15:20:00";"GO";40;5,6;"VALPARAISO DE GOIAS";"Ingestão de Álcool";"Colisão traseira";"Com Vítimas Feridas";"Pleno dia";"Crescente";"Sol";"Dupla";"Reta";"Não";2;0;1;0;1;0;1;2;-16,093134;-47,982236;"SPRF-DF";"DEL01-DF";"UOP01-DEL01-DF"
283588;2020-04-03;"sexta-feira";"19:50:00";"MA";316;596;"TIMON";"Desobediência às normas de trânsito pelo condutor";"Colisão lateral";"Com Vítimas Fatais";"Plena Noite";"Crescente";"Céu Claro";"Simples";"Reta";"Não";2;1;0;0;0;1;0;2;-5,017139;-42,989258;"SPRF-MA";"DEL03-MA";"UOP02-DEL03-MA"
283589;2020-05-09;"sábado";"10:45:00";"PR";153;335,6;"IRATI";"Falta de Atenção à Condução";"Colisão transversal";"Com Vítimas Feridas";"Pleno dia";"Crescente";"Céu Claro";"Simples";"Declive";"Sim";2;0;0;1;1;0;1;2;-25,49442304;-50,64707106;"SPRF-PR";"DEL03-PR";"UOP03-DEL03-PR"
283590;2020-05-09;"sábado";"15:45:00";"GO";60;163;"GOIANIA";"Falta de Atenção à Condução";"Colisão traseira";"Sem Vítimas";"Pleno dia";"Crescente";"Céu Claro";"Simples";"Interseção de Vias;Reta";"Sim";2;0;0;0;1;1;0;2;-16,7002;-49,3335;"SPRF-GO";"DEL01-GO";"UOP02-DEL01-GO"
283591;2020-05-09;"sábado";"16:00:00";"RJ";40;30;"AREAL";"Velocidade Incompatível";"Tombamento";"Com Vítimas Feridas";"Pleno dia";"Crescente";"Céu Claro";"Dupla";"Curva";"Não";1;0;0;1;0;0;1;1;-22,18633705;-43,16660309;"SPRF-RJ";"DEL05-RJ";"UOP02-DEL05-RJ"
283593;2020-05-09;"sábado";"16:00:00";"PR";467;76,1;"TOLEDO";"Não guardar distância de segurança";"Colisão traseira";"Com Vítimas Feridas";"Pleno dia";"Crescente";"Céu Claro";"Dupla";"Reta";"Sim";2;0;1;0;1;0;1;2;-24,7592;-53,6955;"SPRF-PR";"DEL04-PR";"UOP01-DEL04-PR"
283594;2020-05-09;"sábado";"15:10:00";"SC";101;87;"BARRA VELHA";"Falta de Atenção à Condução";"Colisão traseira";"Com Vítimas Feridas";"Pleno dia";"Decrescente";"Céu Claro";"Múltipla";"Reta";"Sim";2;0;1;0;1;0;1;2;-26,63713377;-48,69651057;"SPRF-SC";"DEL03-SC";"UOP02-DEL03-SC"
283595;2020-05-09;"sábado";"16:10:00";"RS";285;456,3;"IJUI";"Falta de Atenção à Condução";"Colisão transversal";"Com Vítimas Feridas";"Pleno dia";"Crescente";"Céu Claro";"Simples";"Reta";"Sim";3;0;1;0;2;0;1;2;-28,385244;-53,888424;"SPRF-RS";"DEL10-RS";"UOP01-DEL10-RS"
283596;2020-05-09;"sábado";"15:40:00";"GO";153;633,9;"MORRINHOS";"Não guardar distância de segurança";"Saída de leito carroçável";"Com Vítimas Feridas";"Pleno dia";"Crescente";"Céu Claro";"Dupla";"Reta";"Não";4;0;4;0;0;0;4;1;-17,8191;-49,2117;"SPRF-GO";"DEL03-GO";"UOP01-DEL03-GO"
283597;2020-05-09;"sábado";"16:30:00";"MG";381;498,7;"BETIM";"Falta de Atenção à Condução";"Colisão lateral";"Com Vítimas Feridas";"Pleno dia";"Decrescente";"Céu Claro";"Dupla";"Reta";"Sim";5;0;3;0;2;0;3;3;-19,98961265;-44,20525074;"SPRF-MG";"DEL01-MG";"UOP03-DEL01-MG"
283600;2020-05-09;"sábado";"12:40:00";"RO";364;703;"PORTO VELHO";"Velocidade Incompatível";"Saída de leito carroçável";"Com Vítimas Feridas";"Pleno dia";"Crescente";"Céu Claro";"Dupla";"Rotatória;Interseção de Vias";"Não";1;0;0;1;0;0;1;1;-8,80021523;-63,79557792;"SPRF-RO";"DEL01-RO";"UOP01-DEL01-RO"
283601;2020-05-09;"sábado";"16:10:00";"SC";101;122,4;"ITAJAI";"Falta de Atenção à Condução";"Colisão traseira";"Com Vítimas Feridas";"Pleno dia";"Crescente";"Sol";"Dupla";"Reta";"Não";9;0;2;5;2;0;7;4;-26,92955916;-48,70499836;"SPRF-SC";"DEL04-SC";"UOP04-DEL04-SC"
283602;2020-05-09;"sábado";"16:10:00";"PR";376;294,9;"MAUA DA SERRA";"Ingestão de Álcool";"Colisão transversal";"Com Vítimas Feridas";"Pleno dia";"Decrescente";"Céu Claro";"Simples";"Em Obras";"Não";3;0;0;1;2;0;1;2;-23,90684892;-51,19450808;"SPRF-PR";"DEL07-PR";"UOP02-DEL07-PR"
283603;2020-05-09;"sábado";"15:50:00";"RJ";116;173;"MESQUITA";"Não guardar distância de segurança";"Colisão traseira";"Sem Vítimas";"Pleno dia";"Decrescente";"Sol";"Múltipla";"Reta";"Sim";2;0;0;0;2;0;0;2;-22,79810324;-43,35726614;"SPRF-RJ";"DEL01-RJ";"UOP02-DEL01-RJ"
283604;2020-05-09;"sábado";"17:00:00";"SC";470;89;"ASCURRA";"Ingestão de Álcool";"Atropelamento de Pedestre";"Com Vítimas Feridas";"Pleno dia";"Crescente";"Céu Claro";"Simples";"Reta";"Não";2;0;0;1;0;1;1;2;-26,961573;-49,371918;"SPRF-SC";"DEL04-SC";"UOP01-DEL04-SC"
283606;2020-04-11;"sábado";"23:30:00";"ES";447;12;"VILA VELHA";"Pista Escorregadia";"Queda de ocupante de veículo";"Com Vítimas Feridas";"Pleno dia";"Crescente";"Céu Claro";"Dupla";"Reta";"Não";1;0;0;1;0;0;1;1;-20,35784325;-40,3328294;"SPRF-ES";"DEL01-ES";"UOP01-DEL01-ES"
283607;2020-05-09;"sábado";"13:00:00";"MS";163;415,1;"NOVA ALVORADA DO SUL";"Falta de Atenção à Condução";"Saída de leito carroçável";"Com Vítimas Feridas";"Pleno dia";"Decrescente";"Sol";"Simples";"Reta";"Não";2;0;2;0;0;0;2;1;-21,03544691;-54,50287162;"SPRF-MS";"DEL02-MS";"UOP01-DEL02-MS"
283608;2020-05-09;"sábado";"17:27:00";"GO";70;3;"AGUAS LINDAS DE GOIAS";"Falta de Atenção do Pedestre";"Atropelamento de Pedestre";"Com Vítimas Fatais";"Pleno dia";"Crescente";"Céu Claro";"Dupla";"Reta";"Sim";3;1;0;0;2;0;0;2;-15,76177302;-48,2368693;"SPRF-DF";"DEL03-DF";"UOP02-DEL03-DF"
283609;2020-05-09;"sábado";"17:00:00";"SP";153;63,8;"SAO JOSE DO RIO PRETO";"Falta de Atenção à Condução";"Saída de leito carroçável";"Com Vítimas Feridas";"Pleno dia";"Crescente";"Céu Claro";"Dupla";"Reta";"Sim";1;0;1;0;0;0;1;1;-20,82149698;-49,35764818;"SPRF-SP";"DEL09-SP";"UOP01-DEL09-SP"
283611;2020-05-09;"sábado";"17:50:00";"PB";230;7,1;"CABEDELO";"Ingestão de Álcool";"Colisão com objeto estático";"Com Vítimas Feridas";"Plena Noite";"Crescente";"Céu Claro";"Dupla";"Em Obras;Desvio Temporário";"Sim";1;0;1;0;0;0;1;1;-7,026;-34,8385;"SPRF-PB";"DEL01-PB";"UOP01-DEL01-PB"
283614;2020-05-09;"sábado";"17:09:00";"RJ";116;138;"DUQUE DE CAXIAS";"Agressão Externa";"Tombamento";"Com Vítimas Feridas";"Pleno dia";"Crescente";"Céu Claro";"Dupla";"Reta";"Não";2;0;1;0;1;0;1;1;-22,64697319;-43,19165101;"SPRF-RJ";"DEL04-RJ";"UOP02-DEL04-RJ"
283616;2020-05-09;"sábado";"18:05:00";"GO";40;1,5;"VALPARAISO DE GOIAS";"Falta de Atenção do Pedestre";"Atropelamento de Pedestre";"Com Vítimas Feridas";"Plena Noite";"Crescente";"Céu Claro";"Dupla";"Reta";"Sim";2;0;1;0;1;0;1;2;-16,058245;-47,982825;"SPRF-DF";"DEL01-DF";"UOP01-DEL01-DF"
283617;2020-05-09;"sábado";"18:00:00";"MG";40;520,5;"CONTAGEM";"Defeito Mecânico no Veículo";"Saída de leito carroçável";"Com Vítimas Feridas";"Plena Noite";"Crescente";"Céu Claro";"Dupla";"Reta";"Sim";1;0;1;0;0;0;1;1;-19,84761911;-44,07276144;"SPRF-MG";"DEL01-MG";"UOP02-DEL01-MG"
283618;2020-05-09;"sábado";"18:10:00";"DF";70;9;"BRASILIA";"Falta de Atenção à Condução";"Colisão traseira";"Sem Vítimas";"Plena Noite";"Decrescente";"Céu Claro";"Dupla";"Reta";"Sim";2;0;0;0;2;0;0;2;-15,784615;-48,132023;"SPRF-DF";"DEL03-DF";"UOP02-DEL03-DF"
283621;2020-05-09;"sábado";"18:45:00";"SC";101;135,9;"BALNEARIO CAMBORIU";"Falta de Atenção à Condução";"Colisão lateral";"Com Vítimas Feridas";"Plena Noite";"Decrescente";"Nublado";"Dupla";"Curva";"Sim";2;0;1;0;1;0;1;2;-27,0050108;-48,62677494;"SPRF-SC";"DEL04-SC";"UOP03-DEL04-SC"
283622;2020-05-09;"sábado";"18:40:00";"PR";476;120;"COLOMBO";"Desobediência às normas de trânsito pelo pedestre";"Atropelamento de Pedestre";"Com Vítimas Feridas";"Plena Noite";"Decrescente";"Céu Claro";"Dupla";"Reta";"Sim";3;0;0;1;2;0;1;2;-25,37191;-49,19146;"SPRF-PR";"DEL01-PR";"UOP07-DEL01-PR"
283623;2020-05-09;"sábado";"18:40:00";"SE";101;93,1;"NOSSA SENHORA DO SOCORRO";"Falta de Atenção do Pedestre";"Atropelamento de Pedestre";"Com Vítimas Fatais";"Plena Noite";"Crescente";"Nublado";"Dupla";"Reta";"Sim";2;1;0;0;0;1;0;2;-10,90212319;-37,14494787;"SPRF-SE";"DEL01-SE";"UOP01-DEL01-SE"
283626;2020-05-09;"sábado";"18:45:00";"SP";116;157,2;"SAO JOSE DOS CAMPOS";"Defeito Mecânico no Veículo";"Colisão traseira";"Com Vítimas Feridas";"Anoitecer";"Decrescente";"Céu Claro";"Dupla";"Reta";"Não";2;0;0;1;1;0;1;2;-23,25558031;-45,9437828;"SPRF-SP";"DEL02-SP";"UOP01-DEL02-SP"
283627;2020-05-09;"sábado";"19:00:00";"SE";101;199;"CRISTINAPOLIS";"Desobediência às normas de trânsito pelo condutor";"Colisão frontal";"Com Vítimas Feridas";"Plena Noite";"Decrescente";"Chuva";"Simples";"Reta;Interseção de Vias";"Sim";2;0;1;1;0;0;2;2;-11,48067309;-37,76331995;"SPRF-SE";"DEL02-SE";"UOP03-DEL02-SE"
283628;2020-05-09;"sábado";"18:50:00";"PR";158;533;"PATO BRANCO";"Ingestão de Álcool";"Colisão com objeto estático";"Sem Vítimas";"Plena Noite";"Crescente";"Céu Claro";"Simples";"Reta";"Sim";2;0;0;0;2;0;0;2;-26,21972809;-52,68262891;"SPRF-PR";"DEL02-PR";"UOP01-DEL02-PR"
283629;2020-05-09;"sábado";"18:40:00";"MG";381;358;"JOAO MONLEVADE";"Falta de Atenção à Condução";"Colisão frontal";"Com Vítimas Feridas";"Plena Noite";"Decrescente";"Céu Claro";"Simples";"Reta";"Sim";2;0;1;0;1;0;1;2;-19,83836365;-43,18463802;"SPRF-MG";"DEL03-MG";"UOP01-DEL03-MG"
283630;2020-05-09;"sábado";"18:20:00";"PR";277;534,9;"IBEMA";"Defeito Mecânico no Veículo";"Incêndio";"Sem Vítimas";"Plena Noite";"Crescente";"Céu Claro";"Simples";"Reta";"Não";1;0;0;0;0;1;0;1;-25,10265774;-52,986814;"SPRF-PR";"DEL04-PR";"UOP04-DEL04-PR"
283631;2020-05-09;"sábado";"17:40:00";"ES";262;28,9;"VIANA";"Ingestão de Álcool";"Colisão traseira";"Sem Vítimas";"Pleno dia";"Crescente";"Céu Claro";"Simples";"Reta";"Não";2;0;0;0;2;0;0;2;-20,38426904;-40,55863435;"SPRF-ES";"DEL01-ES";"UOP01-DEL01-ES"
283632;2020-05-09;"sábado";"19:25:00";"SC";101;193;"BIGUACU";"Não guardar distância de segurança";"Colisão traseira";"Com Vítimas Feridas";"Plena Noite";"Crescente";"Céu Claro";"Múltipla";"Reta";"Sim";3;0;2;0;0;1;2;2;-27,489574;-48,655914;"SPRF-SC";"DEL01-SC";"UOP01-DEL01-SC"
283633;2020-05-09;"sábado";"19:00:00";"PR";116;116;"CURITIBA";"Ingestão de Álcool";"Colisão com objeto estático";"Com Vítimas Feridas";"Plena Noite";"Crescente";"Nublado";"Dupla";"Reta";"Sim";2;0;1;0;1;0;1;1;-25,55953326;-49,26560414;"SPRF-PR";"DEL01-PR";"UOP03-DEL01-PR"
283634;2020-05-09;"sábado";"16:40:00";"PI";343;302;"ALTOS";"Falta de Atenção à Condução";"Colisão lateral";"Com Vítimas Feridas";"Pleno dia";"Decrescente";"Céu Claro";"Simples";"Declive";"Não";2;0;0;1;0;1;1;2;-5,017174;-42,423988;"SPRF-PI";"DEL01-PI";"UOP03-DEL01-PI"
283635;2020-05-09;"sábado";"20:00:00";"MG";381;547;"RIO MANSO";"Falta de Atenção à Condução";"Colisão traseira";"Com Vítimas Feridas";"Plena Noite";"Decrescente";"Céu Claro";"Dupla";"Reta";"Não";1;0;1;0;0;0;1;1;-20,30272561;-44,44474427;"SPRF-MG";"DEL04-MG";"UOP03-DEL04-MG"
283637;2020-05-09;"sábado";"19:15:00";"TO";153;335;"GUARAI";"Desobediência às normas de trânsito pelo condutor";"Colisão transversal";"Sem Vítimas";"Plena Noite";"Crescente";"Nublado";"Simples";"Reta";"Sim";5;0;0;0;3;2;0;3;-8,84481597;-48,5107318;"SPRF-TO";"DEL02-TO";"UOP02-DEL02-TO"
283638;2020-05-09;"sábado";"16:40:00";"MT";364;300;"JACIARA";"Falta de Atenção à Condução";"Saída de leito carroçável";"Com Vítimas Feridas";"Pleno dia";"Crescente";"Céu Claro";"Dupla";"Reta";"Não";1;0;1;0;0;0;1;1;-15,83679715;-55,16413819;"SPRF-MT";"DEL05-MT";"UOP02-DEL05-MT"
283639;2020-05-09;"sábado";"19:50:00";"PR";153;214,8;"TIBAGI";"Falta de Atenção à Condução";"Saída de leito carroçável";"Com Vítimas Fatais";"Plena Noite";"Crescente";"Céu Claro";"Simples";"Reta";"Não";2;2;0;0;0;0;0;1;-24,59135633;-50,43714613;"SPRF-PR";"DEL03-PR";"UOP02-DEL03-PR"
283640;2020-05-09;"sábado";"19:10:00";"RJ";101;486;"ANGRA DOS REIS";"Ingestão de Álcool";"Colisão lateral";"Com Vítimas Feridas";"Plena Noite";"Crescente";"Céu Claro";"Simples";"Reta";"Sim";2;0;1;0;1;0;1;2;-22,97708786;-44,29634653;"SPRF-RJ";"DEL03-RJ";"UOP03-DEL03-RJ"
283641;2020-05-09;"sábado";"18:45:00";"SC";101;165,9;"TIJUCAS";"Não guardar distância de segurança";"Colisão traseira";"Com Vítimas Feridas";"Plena Noite";"Decrescente";"Nublado";"Dupla";"Reta";"Não";4;0;3;0;1;0;3;2;-27,252663;-48,63154894;"SPRF-SC";"DEL04-SC";"UOP03-DEL04-SC"
283642;2020-05-09;"sábado";"18:20:00";"MG";50;174,6;"UBERABA";"Falta de Atenção à Condução";"Colisão traseira";"Com Vítimas Feridas";"Plena Noite";"Decrescente";"Nublado";"Dupla";"Reta";"Sim";2;0;1;0;0;1;1;2;-19,770817;-47,973434;"SPRF-MG";"DEL13-MG";"UOP01-DEL13-MG"
283643;2020-05-09;"sábado";"18:50:00";"MG";50;178,7;"UBERABA";"Ingestão de Álcool";"Capotamento";"Com Vítimas Feridas";"Plena Noite";"Decrescente";"Nublado";"Simples";"Curva";"Não";1;0;1;0;0;0;1;1;-19,77896821;-47,94093599;"SPRF-MG";"DEL13-MG";"UOP01-DEL13-MG"
283644;2020-05-09;"sábado";"19:40:00";"ES";101;2;"SERRA";"Falta de Atenção à Condução";"Colisão traseira";"Sem Vítimas";"Plena Noite";"Crescente";"Céu Claro";"Dupla";"Reta";"Sim";3;0;0;0;3;0;0;3;-20,129093;-40,308125;"SPRF-ES";"DEL02-ES";"UOP01-DEL02-ES"
283646;2020-05-09;"sábado";"20:00:00";"GO";70;3;"AGUAS LINDAS DE GOIAS";"Ingestão de Álcool";"Colisão traseira";"Sem Vítimas";"Anoitecer";"Crescente";"Céu Claro";"Dupla";"Aclive";"Sim";3;0;0;0;3;0;0;2;-15,76177302;-48,2368693;"SPRF-DF";"DEL03-DF";"UOP02-DEL03-DF"
283647;2020-05-09;"sábado";"19:00:00";"MT";70;507;"CUIABA";"Ingestão de Álcool";"Atropelamento de Pedestre";"Com Vítimas Fatais";"Anoitecer";"Crescente";"Céu Claro";"Simples";"Reta";"Não";2;1;0;0;1;0;0;2;-15,65737737;-55,98146613;"SPRF-MT";"DEL01-MT";"UOP02-DEL01-MT"
283648;2020-05-09;"sábado";"20:45:00";"PR";373;172;"PONTA GROSSA";"Falta de Atenção à Condução";"Queda de ocupante de veículo";"Com Vítimas Feridas";"Plena Noite";"Crescente";"Céu Claro";"Múltipla";"Interseção de Vias";"Sim";1;0;1;0;0;0;1;1;-25,08139932;-50,19200981;"SPRF-PR";"DEL03-PR";"UOP01-DEL03-PR"
283649;2020-05-09;"sábado";"19:50:00";"AL";316;85,6;"SANTANA DO IPANEMA";"Ingestão de Álcool";"Colisão traseira";"Com Vítimas Feridas";"Plena Noite";"Decrescente";"Céu Claro";"Simples";"Reta";"Sim";2;0;1;0;1;0;1;2;-9,36982836;-37,24347904;"SPRF-AL";"DEL03-AL";"UOP02-DEL03-AL"
283650;2020-05-09;"sábado";"20:45:00";"PR";376;186,7;"MARIALVA";"Falta de Atenção à Condução";"Capotamento";"Sem Vítimas";"Plena Noite";"Decrescente";"Céu Claro";"Dupla";"Reta";"Não";1;0;0;0;1;0;0;1;-23,45518;-51,84729;"SPRF-PR";"DEL09-PR";"UOP01-DEL09-PR"
283651;2020-05-09;"sábado";"20:40:00";"MG";262;353;"BETIM";"Ingestão de álcool e/ou substâncias psicoativas pelo pedestre";"Atropelamento de Pedestre";"Com Vítimas Feridas";"Plena Noite";"Crescente";"Céu Claro";"Dupla";"Declive;Reta";"Não";2;0;0;2;0;0;2;2;-19,95947688;-44,15416308;"SPRF-MG";"DEL01-MG";"UOP03-DEL01-MG"
283652;2020-05-09;"sábado";"20:05:00";"RS";158;334;"SANTA MARIA";"Falta de Atenção do Pedestre";"Atropelamento de Pedestre";"Com Vítimas Fatais";"Plena Noite";"Decrescente";"Céu Claro";"Simples";"Rotatória";"Sim";2;1;0;0;1;0;0;2;-29,70708518;-53,85189794;"SPRF-RS";"DEL09-RS";"UOP01-DEL09-RS"
283653;2020-05-09;"sábado";"20:00:00";"BA";135;151;"RIACHAO DAS NEVES";"Falta de Atenção à Condução";"Colisão lateral";"Sem Vítimas";"Plena Noite";"Crescente";"Ignorado";"Simples";"Reta";"Não";1;0;0;0;1;0;0;1;-11,94469807;-44,90270191;"SPRF-BA";"DEL10-BA";"UOP01-DEL10-BA"
283654;2020-05-09;"sábado";"20:00:00";"BA";242;695;"CRISTOPOLIS";"Falta de Atenção à Condução";"Colisão traseira";"Com Vítimas Feridas";"Plena Noite";"Crescente";"Céu Claro";"Simples";"Reta";"Não";2;0;0;1;0;1;1;2;-12,22777835;-43,95009601;"SPRF-BA";"DEL06-BA";"UOP03-DEL06-BA"
283655;2020-05-09;"sábado";"20:25:00";"SC";282;20;"PALHOCA";"Desobediência às normas de trânsito pelo condutor";"Colisão frontal";"Com Vítimas Feridas";"Plena Noite";"Crescente";"Céu Claro";"Simples";"Interseção de Vias";"Não";3;0;2;0;1;0;2;2;-27,683958;-48,71006;"SPRF-SC";"DEL01-SC";"UOP02-DEL01-SC"
283656;2020-05-09;"sábado";"21:00:00";"SP";116;161;"JACAREI";"Ingestão de Álcool";"Colisão traseira";"Com Vítimas Feridas";"Plena Noite";"Decrescente";"Céu Claro";"Dupla";"Reta";"Não";4;0;0;2;2;0;2;2;-23,27646894;-45,97645551;"SPRF-SP";"DEL02-SP";"UOP01-DEL02-SP"
283657;2020-05-05;"terça-feira";"08:00:00";"SC";282;617;"MARAVILHA";"Pista Escorregadia";"Saída de leito carroçável";"Sem Vítimas";"Pleno dia";"Crescente";"Chuva";"Simples";"Curva";"Não";1;0;0;0;0;1;0;1;-26,782682;-53,285789;"SPRF-SC";"DEL07-SC";"UOP02-DEL07-SC"
283659;2020-05-09;"sábado";"21:25:00";"PR";476;135,5;"CURITIBA";"Falta de Atenção à Condução";"Saída de leito carroçável";"Com Vítimas Fatais";"Plena Noite";"Decrescente";"Céu Claro";"Dupla";"Reta";"Sim";1;1;0;0;0;0;0;1;-25,483786;-49,265808;"SPRF-PR";"DEL01-PR";"UOP03-DEL01-PR"
283660;2020-05-09;"sábado";"21:20:00";"MG";381;506,8;"SAO JOAQUIM DE BICAS";"Falta de Atenção à Condução";"Colisão traseira";"Com Vítimas Feridas";"Plena Noite";"Decrescente";"Céu Claro";"Dupla";"Reta";"Sim";2;0;0;1;1;0;1;2;-20,05039397;-44,27962502;"SPRF-MG";"DEL01-MG";"UOP03-DEL01-MG"
283662;2020-01-19;"domingo";"01:25:00";"SC";470;7;"NAVEGANTES";"Defeito na Via";"Saída de leito carroçável";"Com Vítimas Feridas";"Plena Noite";"Crescente";"Ignorado";"Dupla";"Desvio Temporário;Em Obras";"Não";1;0;1;0;0;0;1;1;-26,84499;-48,71505;"SPRF-SC";"DEL04-SC";"UOP04-DEL04-SC"
283664;2020-05-09;"sábado";"21:50:00";"ES";101;143;"LINHARES";"Falta de Atenção à Condução";"Colisão lateral";"Com Vítimas Feridas";"Plena Noite";"Crescente";"Céu Claro";"Simples";"Reta";"Sim";3;0;1;0;1;1;1;2;-19,34286596;-40,0638568;"SPRF-ES";"DEL04-ES";"UOP01-DEL04-ES"
283665;2020-05-09;"sábado";"19:15:00";"SC";280;238,1;"CANOINHAS";"Falta de Atenção à Condução";"Colisão traseira";"Sem Vítimas";"Plena Noite";"Decrescente";"Ignorado";"Simples";"Aclive";"Não";3;0;0;0;3;0;0;2;-26,20536399;-50,438846;"SPRF-SC";"DEL06-SC";"UOP04-DEL06-SC"
283666;2020-05-09;"sábado";"21:00:00";"SP";116;229;"GUARULHOS";"Falta de Atenção à Condução";"Queda de ocupante de veículo";"Com Vítimas Feridas";"Plena Noite";"Crescente";"Nublado";"Múltipla";"Reta";"Não";2;0;2;0;0;0;2;1;-23,46799539;-46,51074886;"SPRF-SP";"DEL01-SP";"UOP01-DEL01-SP"
283667;2020-05-09;"sábado";"21:40:00";"GO";70;18,5;"COCALZINHO DE GOIAS";"Velocidade Incompatível";"Saída de leito carroçável";"Com Vítimas Feridas";"Plena Noite";"Decrescente";"Céu Claro";"Simples";"Reta";"Não";5;0;2;2;1;0;4;1;-15,74474129;-48,35593378;"SPRF-DF";"DEL03-DF";"UOP02-DEL03-DF"
283668;2020-05-09;"sábado";"22:00:00";"PE";101;51;"ABREU E LIMA";"Velocidade Incompatível";"Colisão com objeto estático";"Com Vítimas Feridas";"Plena Noite";"Crescente";"Céu Claro";"Múltipla";"Reta";"Sim";2;0;0;2;0;0;2;1;-7,9169968;-34,89689272;"SPRF-PE";"DEL01-PE";"UOP02-DEL01-PE"
283669;2020-05-09;"sábado";"22:20:00";"PR";277;72;"SAO JOSE DOS PINHAIS";"Velocidade Incompatível";"Saída de leito carroçável";"Com Vítimas Feridas";"Plena Noite";"Decrescente";"Céu Claro";"Dupla";"Em Obras;Desvio Temporário";"Sim";1;0;0;1;0;0;1;1;-25,53317957;-49,07969781;"SPRF-PR";"DEL01-PR";"UOP01-DEL01-PR"
283670;2020-05-09;"sábado";"22:00:00";"RJ";101;20,2;"CAMPOS DOS GOYTACAZES";"Ingestão de Álcool";"Colisão com objeto estático";"Sem Vítimas";"Plena Noite";"Crescente";"Céu Claro";"Simples";"Reta";"Não";2;0;0;0;2;0;0;2;-21,38270215;-41,34132276;"SPRF-RJ";"DEL08-RJ";"UOP01-DEL08-RJ"
283671;2020-05-09;"sábado";"15:45:00";"MT";174;161;"GLORIA DOESTE";"Velocidade Incompatível";"Saída de leito carroçável";"Com Vítimas Feridas";"Pleno dia";"Crescente";"Céu Claro";"Simples";"Reta";"Não";2;0;1;1;0;0;2;1;-15,81083001;-58,403128;"SPRF-MT";"DEL03-MT";"UOP01-DEL03-MT"
283672;2020-05-09;"sábado";"19:00:00";"RS";285;129;"VACARIA";"Falta de Atenção à Condução";"Colisão lateral";"Com Vítimas Feridas";"Plena Noite";"Crescente";"Céu Claro";"Simples";"Reta";"Não";3;0;1;0;1;1;1;3;-28,456049;-50,984863;"SPRF-RS";"DEL05-RS";"UOP03-DEL05-RS"
283673;2020-05-09;"sábado";"22:20:00";"ES";101;303,6;"VIANA";"Falta de Atenção à Condução";"Colisão com objeto estático";"Com Vítimas Feridas";"Plena Noite";"Crescente";"Céu Claro";"Múltipla";"Reta";"Sim";2;0;1;1;0;0;2;1;-20,37695747;-40,44527144;"SPRF-ES";"DEL01-ES";"UOP01-DEL01-ES"