"id";"data_inversa";"dia_semana";"horario";"uf";"br";"km";"municipio";"causa_acidente";"tipo_acidente";"classificacao_acidente";"fase_dia";"sentido_via";"condicao_metereologica";"tipo_pista";"tracado_via";"uso_solo";"pessoas";"mortos";"feridos_leves";"feridos_graves";"ilesos";"ignorados";"feridos";"veiculos";"latitude";"longitude";"regional";"delegacia";"uop"
284013;2020-05-11;"segunda-feira";"17:30:00";"RJ";40;36,6;"TRES RIOS";"Velocidade Incompatível";"Capotamento";"Com Vítimas Fatais";"Anoitecer";"Decrescente";"Céu Claro";"Dupla";"Curva";"Não";2;1;1;0;0;0;1;1;-22,21455613;-43,13161213;"SPRF-RJ";"DEL05-RJ";"UOP02-DEL05-RJ"
284014;2020-05-11;"segunda-feira";"18:25:00";"RJ";493;3;"ITABORAI";"Restrição de Visibilidade";"Atropelamento de Pedestre";"Com Vítimas Feridas";"Plena Noite";"Decrescente";"Céu Claro";"Dupla";"Reta";"Sim";2;0;0;1;0;1;1;2;-22,7525329;-42,94160092;"SPRF-RJ";"DEL02-RJ";"UOP01-DEL02-RJ"
284015;2020-05-11;"segunda-feira";"21:40:00";"GO";40;8;"LUZIANIA";"Ingestão de Álcool";"Colisão lateral";"Com Vítimas Feridas";"Plena Noite";"Decrescente";"Céu Claro";"Simples";"Reta";"Sim";2;0;1;0;1;0;1;2;-16,116158;-47,96761;"SPRF-DF";"DEL01-DF";"UOP01-DEL01-DF"
284016;2020-05-11;"segunda-feira";"22:30:00";"GO";153;490,2;"GOIANIA";"Falta de Atenção à Condução";"Colisão transversal";"Com Vítimas Feridas";"Plena Noite";"Crescente";"Vento";"Dupla";"Curva";"Sim";2;0;1;0;0;1;1;2;-16,6298;-49,2056;"SPRF-GO";"DEL01-GO";"UOP01-DEL01-GO"
284017;2020-05-11;"segunda-feira";"14:15:00";"SC";101;249;"PAULO LOPES";"Defeito Mecânico no Veículo";"Colisão lateral";"Com Vítimas Feridas";"Pleno dia";"Decrescente";"Céu Claro";"Dupla";"Curva";"Não";2;0;1;0;1;0;1;2;-27,93414102;-48,66237393;"SPRF-SC";"DEL02-SC";"UOP03-DEL02-SC"
284018;2020-05-11;"segunda-feira";"19:00:00";"MS";163;513;"JARAGUARI";"Ingestão de Álcool";"Saída de leito carroçável";"Sem Vítimas";"Plena Noite";"Decrescente";"Céu Claro";"Dupla";"Reta";"Não";2;0;0;0;2;0;0;1;-20,2191332;-54,4744986;"SPRF-MS";"DEL01-MS";"UOP02-DEL01-MS"
284019;2020-05-11;"segunda-feira";"23:00:00";"PR";376;170,3;"MARINGA";"Falta de Atenção à Condução";"Tombamento";"Com Vítimas Feridas";"Plena Noite";"Decrescente";"Céu Claro";"Dupla";"Reta";"Sim";1;0;1;0;0;0;1;1;-23,40875128;-51,98970795;"SPRF-PR";"DEL09-PR";"UOP01-DEL09-PR"
284021;2020-04-17;"sexta-feira";"12:00:00";"MG";40;510,9;"RIBEIRAO DAS NEVES";"Desobediência às normas de trânsito pelo condutor";"Colisão traseira";"Com Vítimas Feridas";"Pleno dia";"Decrescente";"Sol";"Dupla";"Reta";"Sim";5;0;0;1;0;4;1;3;-19,77463885;-44,12321882;"SPRF-MG";"DEL01-MG";"UOP02-DEL01-MG"
284024;2020-05-11;"segunda-feira";"18:40:00";"PR";369;477,7;"CORBELIA";"Ingestão de Álcool";"Colisão frontal";"Com Vítimas Feridas";"Anoitecer";"Crescente";"Céu Claro";"Simples";"Reta";"Não";6;0;1;0;5;0;1;2;-24,6141;-53,2051;"SPRF-PR";"DEL04-PR";"UOP03-DEL04-PR"
284026;2020-05-11;"segunda-feira";"19:20:00";"SC";101;381;"ICARA";"Falta de Atenção à Condução";"Colisão traseira";"Com Vítimas Feridas";"Plena Noite";"Crescente";"Ignorado";"Dupla";"Reta";"Não";3;0;0;1;2;0;1;2;-28,75478409;-49,27732095;"SPRF-SC";"DEL02-SC";"UOP02-DEL02-SC"
284029;2020-05-11;"segunda-feira";"21:05:00";"MT";70;307,9;"PRIMAVERA DO LESTE";"Animais na Pista";"Atropelamento de Animal";"Com Vítimas Feridas";"Plena Noite";"Decrescente";"Céu Claro";"Simples";"Reta";"Não";2;0;2;0;0;0;2;1;-15,57320641;-54,53149504;"SPRF-MT";"DEL05-MT";"UOP01-DEL05-MT"
284030;2020-05-11;"segunda-feira";"08:00:00";"GO";60;26;"ALEXANIA";"Falta de Atenção à Condução";"Saída de leito carroçável";"Com Vítimas Feridas";"Pleno dia";"Decrescente";"Céu Claro";"Dupla";"Reta";"Não";1;0;1;0;0;0;1;1;-16,0963;-48,5202;"SPRF-DF";"DEL03-DF";"UOP01-DEL03-DF"
284033;2020-05-12;"terça-feira";"02:35:00";"MT";163;755;"SORRISO";"Falta de Atenção à Condução";"Colisão com objeto estático";"Sem Vítimas";"Plena Noite";"Crescente";"Céu Claro";"Dupla";"Curva";"Sim";1;0;0;0;1;0;0;1;-12,531936;-55,705265;"SPRF-MT";"DEL06-MT";"UOP01-DEL06-MT"
284034;2020-05-12;"terça-feira";"03:50:00";"RS";116;51,5;"VACARIA";"Velocidade Incompatível";"Saída de leito carroçável";"Sem Vítimas";"Plena Noite";"Crescente";"Chuva";"Simples";"Curva";"Não";1;0;0;0;0;1;0;1;-28,57740576;-51,01783504;"SPRF-RS";"DEL05-RS";"UOP03-DEL05-RS"
284035;2020-05-12;"terça-feira";"04:50:00";"ES";101;166,4;"LINHARES";"Falta de Atenção à Condução";"Colisão transversal";"Com Vítimas Feridas";"Amanhecer";"Decrescente";"Nevoeiro/Neblina";"Simples";"Interseção de Vias";"Sim";2;0;1;0;1;0;1;2;-19,51360307;-40,1399459;"SPRF-ES";"DEL04-ES";"UOP01-DEL04-ES"
284040;2020-02-05;"quarta-feira";"22:40:00";"ES";101;275;"SERRA";"Defeito Mecânico no Veículo";"Tombamento";"Com Vítimas Feridas";"Plena Noite";"Decrescente";"Céu Claro";"Dupla";"Reta";"Não";2;0;1;1;0;0;2;1;-20,20828089;-40,30388897;"SPRF-ES";"DEL02-ES";"UOP01-DEL02-ES"
284041;2020-05-12;"terça-feira";"06:50:00";"SP";381;24,8;"BRAGANCA PAULISTA";"Velocidade Incompatível";"Saída de leito carroçável";"Com Vítimas Fatais";"Amanhecer";"Decrescente";"Sol";"Dupla";"Reta";"Não";2;1;0;1;0;0;1;2;-23,01643349;-46,5258269;"SPRF-SP";"DEL03-SP";"UOP01-DEL03-SP"
284042;2020-05-12;"terça-feira";"06:50:00";"BA";367;83;"EUNAPOLIS";"Desobediência às normas de trânsito pelo condutor";"Colisão lateral";"Com Vítimas Feridas";"Pleno dia";"Crescente";"Céu Claro";"Simples";"Reta";"Sim";2;0;2;0;0;0;2;2;-16,37256267;-39,57064408;"SPRF-BA";"DEL09-BA";"UOP01-DEL09-BA"
284043;2020-05-12;"terça-feira";"06:40:00";"MG";50;178,5;"UBERABA";"Falta de Atenção à Condução";"Queda de ocupante de veículo";"Com Vítimas Feridas";"Pleno dia";"Decrescente";"Céu Claro";"Dupla";"Desvio Temporário";"Sim";1;0;1;0;0;0;1;1;-19,77896821;-47,94093599;"SPRF-MG";"DEL13-MG";"UOP01-DEL13-MG"
284047;2020-05-12;"terça-feira";"01:44:00";"RO";435;103;"COLORADO DO OESTE";"Ingestão de Álcool";"Saída de leito carroçável";"Com Vítimas Feridas";"Plena Noite";"Crescente";"Nublado";"Simples";"Curva";"Não";1;0;1;0;0;0;1;1;-13,19164924;-60,64041138;"SPRF-RO";"DEL04-RO";"UOP02-DEL04-RO"
284048;2020-05-12;"terça-feira";"07:45:00";"BA";407;6,7;"JUAZEIRO";"Desobediência às normas de trânsito pelo condutor";"Colisão transversal";"Com Vítimas Fatais";"Pleno dia";"Decrescente";"Céu Claro";"Múltipla";"Reta";"Sim";2;1;0;0;1;0;0;2;-9,45595491;-40,48655981;"SPRF-PE";"DEL06-PE";"UOP01-DEL06-PE"
284051;2020-05-12;"terça-feira";"08:03:00";"SC";280;53;"GUARAMIRIM";"Desobediência às normas de trânsito pelo condutor";"Colisão transversal";"Com Vítimas Feridas";"Pleno dia";"Crescente";"Céu Claro";"Simples";"Reta";"Sim";2;0;1;0;1;0;1;2;-26,47236756;-48,97426617;"SPRF-SC";"DEL03-SC";"UOP03-DEL03-SC"
284052;2020-05-12;"terça-feira";"06:30:00";"RJ";116;263;"BARRA MANSA";"Falta de Atenção à Condução";"Saída de leito carroçável";"Com Vítimas Feridas";"Pleno dia";"Crescente";"Céu Claro";"Múltipla";"Curva";"Não";2;0;2;0;0;0;2;1;-22,59220328;-44,06782285;"SPRF-RJ";"DEL07-RJ";"UOP01-DEL07-RJ"
284053;2020-05-12;"terça-feira";"08:00:00";"RS";158;335;"SANTA MARIA";"Falta de Atenção à Condução";"Colisão frontal";"Com Vítimas Feridas";"Pleno dia";"Crescente";"Chuva";"Simples";"Interseção de Vias;Reta";"Sim";2;0;1;0;1;0;1;2;-29,70851535;-53,88442286;"SPRF-RS";"DEL09-RS";"UOP01-DEL09-RS"
284054;2020-05-12;"terça-feira";"07:35:00";"PR";277;584;"CASCAVEL";"Falta de Atenção à Condução";"Colisão transversal";"Com Vítimas Feridas";"Pleno dia";"Crescente";"Céu Claro";"Múltipla";"Reta";"Sim";2;0;2;0;0;0;2;2;-24,96684176;-53,40258186;"SPRF-PR";"DEL04-PR";"UOP01-DEL04-PR"
284056;2020-01-22;"quarta-feira";"14:08:00";"GO";153;499;"GOIANIA";"Falta de Atenção à Condução";"Colisão traseira";"Com Vítimas Feridas";"Pleno dia";"Decrescente";"Nublado";"Dupla";"Reta";"Sim";2;0;0;1;1;0;1;2;-16,7033;-49,2311;"SPRF-GO";"DEL01-GO";"UOP01-DEL01-GO"
284058;2020-05-12;"terça-feira";"09:15:00";"SE";101;100,6;"SAO CRISTOVAO";"Falta de Atenção do Pedestre";"Atropelamento de Pedestre";"Com Vítimas Feridas";"Pleno dia";"Decrescente";"Nublado";"Dupla";"Reta";"Não";2;0;1;0;0;1;1;2;-10,94085093;-37,19456903;"SPRF-SE";"DEL02-SE";"UOP01-DEL02-SE"
284059;2020-05-12;"terça-feira";"09:16:00";"SC";101;98,2;"BALNEARIO PICARRAS";"Objeto estático sobre o leito carroçável";"Colisão com objeto estático";"Com Vítimas Feridas";"Pleno dia";"Crescente";"Nublado";"Dupla";"Reta";"Não";1;0;1;0;0;0;1;1;-26,73760897;-48,69918789;"SPRF-SC";"DEL03-SC";"UOP02-DEL03-SC"
284060;2020-05-12;"terça-feira";"07:20:00";"RJ";101;206;"CASIMIRO DE ABREU";"Falta de Atenção à Condução";"Saída de leito carroçável";"Sem Vítimas";"Pleno dia";"Decrescente";"Céu Claro";"Dupla";"Declive";"Sim";3;0;0;0;0;3;0;2;-22,47673341;-42,2017251;"SPRF-RJ";"DEL08-RJ";"UOP04-DEL08-RJ"
284064;2020-05-11;"segunda-feira";"01:00:00";"PR";476;132;"CURITIBA";"Desobediência às normas de trânsito pelo condutor";"Colisão traseira";"Com Vítimas Feridas";"Plena Noite";"Crescente";"Céu Claro";"Múltipla";"Reta";"Sim";2;0;1;0;0;1;1;2;-25,460718;-49,250488;"SPRF-PR";"DEL01-PR";"UOP03-DEL01-PR"
284066;2020-05-12;"terça-feira";"10:00:00";"PR";116;147;"MANDIRITUBA";"Falta de Atenção à Condução";"Atropelamento de Pedestre";"Com Vítimas Feridas";"Pleno dia";"Crescente";"Sol";"Simples";"Declive";"Não";2;0;0;1;0;1;1;2;-25,79053901;-49,32743694;"SPRF-PR";"DEL01-PR";"UOP03-DEL01-PR"
284067;2020-05-12;"terça-feira";"10:34:00";"RN";406;150;"CEARA-MIRIM";"Desobediência às normas de trânsito pelo condutor";"Colisão transversal";"Com Vítimas Feridas";"Pleno dia";"Crescente";"Céu Claro";"Simples";"Reta";"Sim";2;0;0;1;1;0;1;2;-5,64974982;-35,43234997;"SPRF-RN";"DEL02-RN";"UOP01-DEL02-RN"
284069;2020-05-12;"terça-feira";"10:50:00";"SE";101;129,3;"ITAPORANGA DAJUDA";"Velocidade Incompatível";"Saída de leito carroçável";"Com Vítimas Feridas";"Pleno dia";"Decrescente";"Chuva";"Dupla";"Declive;Curva";"Não";1;0;1;0;0;0;1;1;-11,08895002;-37,37075877;"SPRF-SE";"DEL02-SE";"UOP01-DEL02-SE"
284071;2020-05-12;"terça-feira";"10:50:00";"SE";101;97;"SAO CRISTOVAO";"Avarias e/ou desgaste excessivo no pneu";"Colisão com objeto estático";"Com Vítimas Feridas";"Pleno dia";"Crescente";"Chuva";"Dupla";"Rotatória";"Não";2;0;1;0;1;0;1;1;-10,92296794;-37,17475104;"SPRF-SE";"DEL02-SE";"UOP01-DEL02-SE"
284074;2020-04-18;"sábado";"13:00:00";"MG";40;509;"RIBEIRAO DAS NEVES";"Falta de Atenção do Pedestre";"Atropelamento de Pedestre";"Com Vítimas Feridas";"Pleno dia";"Crescente";"Céu Claro";"Dupla";"Reta";"Sim";3;0;0;1;2;0;1;3;-19,76728744;-44,12855905;"SPRF-MG";"DEL01-MG";"UOP02-DEL01-MG"
284075;2020-05-12;"terça-feira";"07:20:00";"PR";116;163;"QUITANDINHA";"Falta de Atenção à Condução";"Colisão transversal";"Com Vítimas Feridas";"Pleno dia";"Decrescente";"Sol";"Simples";"Reta";"Não";2;0;0;1;1;0;1;2;-25,86442035;-49,41795105;"SPRF-PR";"DEL01-PR";"UOP03-DEL01-PR"
284076;2020-05-12;"terça-feira";"12:20:00";"GO";40;1,8;"VALPARAISO DE GOIAS";"Falta de Atenção do Pedestre";"Atropelamento de Pedestre";"Com Vítimas Feridas";"Pleno dia";"Crescente";"Céu Claro";"Dupla";"Reta";"Não";2;0;1;0;0;1;1;2;-16,058245;-47,982825;"SPRF-DF";"DEL01-DF";"UOP01-DEL01-DF"
284080;2020-05-12;"terça-feira";"12:44:00";"RN";226;2;"NATAL";"Falta de Atenção do Pedestre";"Atropelamento de Pedestre";"Com Vítimas Feridas";"Pleno dia";"Crescente";"Céu Claro";"Simples";"Reta";"Sim";2;0;1;0;1;0;1;2;-5,81364934;-35,2466547;"SPRF-RN";"DEL01-RN";"UOP02-DEL01-RN"
284082;2020-05-12;"terça-feira";"11:45:00";"SE";101;49,8;"JAPARATUBA";"Pista Escorregadia";"Saída de leito carroçável";"Com Vítimas Feridas";"Pleno dia";"Decrescente";"Chuva";"Dupla";"Curva";"Não";3;0;1;0;2;0;1;1;-10,59423;-36,97488;"SPRF-SE";"DEL02-SE";"UOP02-DEL02-SE"
284083;2020-05-12;"terça-feira";"11:25:00";"PB";230;137;"CAMPINA GRANDE";"Falta de Atenção à Condução";"Saída de leito carroçável";"Sem Vítimas";"Pleno dia";"Crescente";"Chuva";"Dupla";"Aclive;Reta";"Não";1;0;0;0;1;0;0;1;-7,2766;-35,7739;"SPRF-PB";"DEL02-PB";"UOP01-DEL02-PB"
284084;2020-05-12;"terça-feira";"13:00:00";"MG";381;446,5;"SANTA LUZIA";"Velocidade Incompatível";"Queda de ocupante de veículo";"Com Vítimas Feridas";"Pleno dia";"Crescente";"Céu Claro";"Simples";"Curva";"Não";1;0;1;0;0;0;1;1;-19,82360393;-43,82539293;"SPRF-MG";"DEL01-MG";"UOP01-DEL01-MG"
284085;2020-05-12;"terça-feira";"13:00:00";"SP";116;218;"GUARULHOS";"Falta de Atenção à Condução";"Saída de leito carroçável";"Sem Vítimas";"Pleno dia";"Crescente";"Céu Claro";"Múltipla";"Reta";"Sim";2;0;0;0;2;0;0;1;-23,457972;-46,479927;"SPRF-SP";"DEL01-SP";"UOP01-DEL01-SP"
284086;2020-05-12;"terça-feira";"12:40:00";"RS";116;142,8;"CAXIAS DO SUL";"Falta de Atenção à Condução";"Saída de leito carroçável";"Sem Vítimas";"Pleno dia";"Crescente";"Nublado";"Dupla";"Reta";"Sim";1;0;0;0;1;0;0;1;-29,11727;-51,115208;"SPRF-RS";"DEL05-RS";"UOP01-DEL05-RS"
284087;2020-05-12;"terça-feira";"10:20:00";"MG";381;741,9;"TRES CORACOES";"Condutor Dormindo";"Saída de leito carroçável";"Com Vítimas Feridas";"Pleno dia";"Crescente";"Céu Claro";"Dupla";"Reta";"Não";1;0;1;0;0;0;1;1;-21,59778658;-45,23901701;"SPRF-MG";"DEL16-MG";"UOP02-DEL16-MG"
284090;2020-05-12;"terça-feira";"12:20:00";"RJ";495;3,5;"PETROPOLIS";"Defeito Mecânico no Veículo";"Colisão com objeto estático";"Sem Vítimas";"Pleno dia";"Crescente";"Céu Claro";"Simples";"Curva";"Não";5;0;0;0;1;4;0;5;-22,397148;-43,110664;"SPRF-RJ";"DEL05-RJ";"UOP02-DEL05-RJ"
284091;2020-05-12;"terça-feira";"13:45:00";"PR";376;216;"JANDAIA DO SUL";"Falta de Atenção à Condução";"Colisão transversal";"Com Vítimas Feridas";"Pleno dia";"Decrescente";"Nublado";"Simples";"Aclive";"Não";2;0;1;0;1;0;1;2;-23,59767281;-51,63339596;"SPRF-PR";"DEL07-PR";"UOP03-DEL07-PR"
284092;2020-05-12;"terça-feira";"13:25:00";"PB";101;95;"CONDE";"Defeito na Via";"Colisão com objeto estático";"Sem Vítimas";"Pleno dia";"Decrescente";"Chuva";"Dupla";"Declive;Curva";"Não";1;0;0;0;1;0;0;1;-7,22379403;-34,91488195;"SPRF-PB";"DEL01-PB";"UOP01-DEL01-PB"
284094;2020-05-12;"terça-feira";"13:45:00";"SP";153;61,8;"SAO JOSE DO RIO PRETO";"Falta de Atenção à Condução";"Colisão traseira";"Com Vítimas Feridas";"Pleno dia";"Crescente";"Sol";"Dupla";"Aclive";"Sim";2;0;1;0;1;0;1;2;-20,80502876;-49,35574909;"SPRF-SP";"DEL09-SP";"UOP01-DEL09-SP"
284096;2020-05-12;"terça-feira";"13:15:00";"RO";435;100;"COLORADO DO OESTE";"Velocidade Incompatível";"Colisão traseira";"Com Vítimas Feridas";"Pleno dia";"Crescente";"Nublado";"Simples";"Declive";"Não";2;0;0;1;1;0;1;2;-13,1900702;-60,60867681;"SPRF-RO";"DEL04-RO";"UOP02-DEL04-RO"
284101;2020-05-12;"terça-feira";"14:00:00";"PI";135;585;"CORRENTE";"Avarias e/ou desgaste excessivo no pneu";"Tombamento";"Com Vítimas Feridas";"Pleno dia";"Decrescente";"Céu Claro";"Simples";"Reta";"Não";2;0;0;2;0;0;2;1;-10,39849594;-45,16174958;"SPRF-PI";"DEL03-PI";"UOP02-DEL03-PI"
284102;2020-05-12;"terça-feira";"12:00:00";"MA";135;5,4;"SAO LUIS";"Falta de Atenção à Condução";"Colisão transversal";"Com Vítimas Feridas";"Pleno dia";"Decrescente";"Nublado";"Dupla";"Reta";"Sim";2;0;0;1;0;1;1;2;-2,62145385;-44,25797421;"SPRF-MA";"DEL01-MA";"UOP01-DEL01-MA"
284104;2020-04-19;"domingo";"09:40:00";"PA";0;0;"SANTA IZABEL DO PARA";"Falta de Atenção à Condução";"Tombamento";"Com Vítimas Feridas";"Pleno dia";"Não Informado";"Céu Claro";"Simples";"Declive;Reta";"Sim";1;0;1;0;0;0;1;1;-1,29168535;-48,16354752;"SPRF-PA";"DEL01-PA";"UOP01-DEL01-PA"
284106;2020-05-12;"terça-feira";"16:26:00";"PR";476;147,8;"ARAUCARIA";"Falta de Atenção à Condução";"Colisão traseira";"Com Vítimas Feridas";"Pleno dia";"Crescente";"Céu Claro";"Dupla";"Aclive";"Sim";2;0;1;0;1;0;1;2;-25,557121;-49,348732;"SPRF-PR";"DEL01-PR";"UOP06-DEL01-PR"
284107;2020-05-12;"terça-feira";"15:45:00";"GO";40;14;"LUZIANIA";"Falta de Atenção à Condução";"Colisão com objeto estático";"Com Vítimas Feridas";"Pleno dia";"Decrescente";"Céu Claro";"Dupla";"Curva";"Sim";2;0;1;0;1;0;1;1;-16,1671;-47,930161;"SPRF-DF";"DEL01-DF";"UOP01-DEL01-DF"
284108;2020-05-12;"terça-feira";"15:30:00";"MS";262;370,7;"TERENOS";"Defeito Mecânico no Veículo";"Saída de leito carroçável";"Com Vítimas Feridas";"Pleno dia";"Crescente";"Nublado";"Simples";"Reta";"Não";1;0;1;0;0;0;1;1;-20,48235616;-54,77856699;"SPRF-MS";"DEL01-MS";"UOP03-DEL01-MS"
284111;2020-05-12;"terça-feira";"13:25:00";"SP";116;441;"REGISTRO";"Ingestão de álcool e/ou substâncias psicoativas pelo pedestre";"Tombamento";"Com Vítimas Feridas";"Pleno dia";"Decrescente";"Sol";"Dupla";"Reta";"Sim";1;0;1;0;0;0;1;1;-24,4688528;-47,82223728;"SPRF-SP";"DEL05-SP";"UOP01-DEL05-SP"
284113;2020-05-12;"terça-feira";"16:30:00";"DF";20;29,3;"BRASILIA";"Falta de Atenção do Pedestre";"Atropelamento de Pedestre";"Com Vítimas Fatais";"Pleno dia";"Crescente";"Céu Claro";"Dupla";"Reta";"Não";3;1;1;0;0;1;1;2;-15,598102;-47,612637;"SPRF-DF";"DEL02-DF";"UOP01-DEL02-DF"
284115;2020-05-12;"terça-feira";"17:10:00";"PE";101;66,1;"RECIFE";"Desobediência às normas de trânsito pelo condutor";"Colisão traseira";"Com Vítimas Feridas";"Pleno dia";"Decrescente";"Chuva";"Dupla";"Reta";"Sim";4;0;0;1;1;2;1;3;-8,03368534;-34,94184125;"SPRF-PE";"DEL01-PE";"UOP01-DEL01-PE"
284116;2020-03-04;"quarta-feira";"15:05:00";"MG";381;479;"CONTAGEM";"Falta de Atenção à Condução";"Colisão traseira";"Com Vítimas Feridas";"Pleno dia";"Decrescente";"Céu Claro";"Múltipla";"Declive;Reta";"Sim";2;0;1;0;1;0;1;2;-19,95889605;-44,069202;"SPRF-MG";"DEL01-MG";"UOP03-DEL01-MG"
284117;2020-05-12;"terça-feira";"15:30:00";"AC";364;118,6;"RIO BRANCO";"Defeito Mecânico no Veículo";"Tombamento";"Com Vítimas Feridas";"Pleno dia";"Crescente";"Céu Claro";"Simples";"Aclive;Reta";"Não";1;0;1;0;0;0;1;1;-10,01262298;-67,737275;"SPRF-AC";"DEL01-AC";"UOP01-DEL01-AC"
284120;2020-05-12;"terça-feira";"17:30:00";"MG";50;69,5;"UBERLANDIA";"Falta de Atenção à Condução";"Colisão traseira";"Sem Vítimas";"Pleno dia";"Crescente";"Céu Claro";"Dupla";"Interseção de Vias";"Sim";2;0;0;0;2;0;0;2;-18,85140204;-48,25345932;"SPRF-MG";"DEL15-MG";"UOP01-DEL15-MG"
284121;2020-05-12;"terça-feira";"17:30:00";"CE";116;163,5;"RUSSAS";"Desobediência às normas de trânsito pelo condutor";"Colisão transversal";"Com Vítimas Feridas";"Anoitecer";"Decrescente";"Céu Claro";"Simples";"Interseção de Vias";"Sim";3;0;0;3;0;0;3;2;-4,94824219;-37,99248219;"SPRF-CE";"DEL03-CE";"UOP01-DEL03-CE"
284123;2020-05-12;"terça-feira";"18:10:00";"MG";262;37;"MANHUACU";"Desobediência às normas de trânsito pelo condutor";"Colisão frontal";"Com Vítimas Feridas";"Plena Noite";"Crescente";"Nublado";"Simples";"Reta";"Sim";2;0;1;0;1;0;1;2;-20,25748975;-42,03048732;"SPRF-MG";"DEL06-MG";"UOP03-DEL06-MG"
284124;2020-05-12;"terça-feira";"17:50:00";"PE";116;26;"SALGUEIRO";"Falta de Atenção à Condução";"Colisão traseira";"Com Vítimas Feridas";"Anoitecer";"Decrescente";"Céu Claro";"Simples";"Reta";"Sim";2;0;1;0;1;0;1;2;-8,069921;-39,13364;"SPRF-PE";"DEL05-PE";"UOP01-DEL05-PE"
284126;2020-05-12;"terça-feira";"18:30:00";"GO";452;1;"RIO VERDE";"Falta de Atenção à Condução";"Colisão lateral";"Com Vítimas Feridas";"Plena Noite";"Decrescente";"Céu Claro";"Dupla";"Retorno Regulamentado";"Sim";2;0;1;0;0;1;1;2;-17,79678271;-50,8838672;"SPRF-GO";"DEL04-GO";"UOP01-DEL04-GO"
284127;2020-05-12;"terça-feira";"18:45:00";"PB";230;396,8;"SAO BENTINHO";"Pista Escorregadia";"Saída de leito carroçável";"Com Vítimas Feridas";"Plena Noite";"Decrescente";"Chuva";"Simples";"Reta";"Não";1;0;1;0;0;0;1;1;-6,8525;-37,7424;"SPRF-PB";"DEL03-PB";"UOP02-DEL03-PB"
284128;2020-05-12;"terça-feira";"19:00:00";"DF";40;5,5;"BRASILIA";"Ingestão de Álcool";"Colisão com objeto estático";"Com Vítimas Feridas";"Plena Noite";"Crescente";"Céu Claro";"Dupla";"Reta";"Sim";3;0;3;0;0;0;3;1;-16,020903;-47,980541;"SPRF-DF";"DEL01-DF";"UOP01-DEL01-DF"
284129;2020-05-12;"terça-feira";"19:10:00";"MG";381;850;"POUSO ALEGRE";"Pista Escorregadia";"Queda de ocupante de veículo";"Com Vítimas Feridas";"Plena Noite";"Decrescente";"Céu Claro";"Dupla";"Viaduto";"Não";1;0;1;0;0;0;1;1;-22,24147747;-45,88111639;"SPRF-MG";"DEL16-MG";"UOP01-DEL16-MG"
284131;2020-05-12;"terça-feira";"18:22:00";"MS";262;445;"DOIS IRMAOS DO BURITI";"Animais na Pista";"Atropelamento de Animal";"Com Vítimas Feridas";"Plena Noite";"Decrescente";"Nublado";"Simples";"Reta";"Não";2;0;1;0;1;0;1;1;-20,53000169;-55,4102201;"SPRF-MS";"DEL03-MS";"UOP01-DEL03-MS"
284132;2020-05-12;"terça-feira";"18:50:00";"PR";476;99;"BOCAIUVA DO SUL";"Falta de Atenção à Condução";"Colisão lateral";"Sem Vítimas";"Plena Noite";"Decrescente";"Nublado";"Simples";"Declive";"Não";2;0;0;0;2;0;0;2;-25,245237;-49,132404;"SPRF-PR";"DEL01-PR";"UOP07-DEL01-PR"
284133;2020-05-12;"terça-feira";"19:15:00";"SC";282;5;"FLORIANOPOLIS";"Falta de Atenção à Condução";"Colisão lateral";"Com Vítimas Feridas";"Anoitecer";"Decrescente";"Céu Claro";"Dupla";"Declive";"Sim";2;0;1;0;1;0;1;2;-27,588425;-48,612919;"SPRF-SC";"DEL01-SC";"UOP01-DEL01-SC"
284137;2020-05-12;"terça-feira";"18:00:00";"SC";101;136;"BALNEARIO CAMBORIU";"Falta de Atenção à Condução";"Colisão traseira";"Com Vítimas Feridas";"Plena Noite";"Crescente";"Céu Claro";"Dupla";"Reta";"Não";2;0;1;0;0;1;1;2;-27,008113;-48,617245;"SPRF-SC";"DEL04-SC";"UOP03-DEL04-SC"
284139;2020-05-12;"terça-feira";"19:40:00";"SC";101;122,4;"ITAJAI";"Falta de Atenção à Condução";"Colisão traseira";"Com Vítimas Feridas";"Plena Noite";"Decrescente";"Céu Claro";"Dupla";"Reta";"Não";2;0;1;0;1;0;1;2;-26,92955916;-48,70499836;"SPRF-SC";"DEL04-SC";"UOP04-DEL04-SC"
284140;2020-05-12;"terça-feira";"19:48:00";"SP";116;173;"JACAREI";"Desobediência às normas de trânsito pelo condutor";"Saída de leito carroçável";"Com Vítimas Fatais";"Plena Noite";"Crescente";"Céu Claro";"Dupla";"Reta";"Não";2;1;0;0;0;1;0;2;-23,31542959;-46,07633829;"SPRF-SP";"DEL02-SP";"UOP01-DEL02-SP"
284141;2020-05-12;"terça-feira";"18:00:00";"SC";282;596,3;"CUNHA PORA";"Falta de Atenção à Condução";"Saída de leito carroçável";"Com Vítimas Feridas";"Anoitecer";"Decrescente";"Nublado";"Simples";"Em Obras";"Não";2;0;1;1;0;0;2;1;-26,829437;-53,127995;"SPRF-SC";"DEL07-SC";"UOP02-DEL07-SC"