"id";"data_inversa";"dia_semana";"horario";"uf";"br";"km";"municipio";"causa_acidente";"tipo_acidente";"classificacao_acidente";"fase_dia";"sentido_via";"condicao_metereologica";"tipo_pista";"tracado_via";"uso_solo";"pessoas";"mortos";"feridos_leves";"feridos_graves";"ilesos";"ignorados";"feridos";"veiculos";"latitude";"longitude";"regional";"delegacia";"uop"
284142;2020-05-12;"terça-feira";"20:25:00";"RJ";116;73;"TERESOPOLIS";"Falta de Atenção à Condução";"Tombamento";"Com Vítimas Feridas";"Plena Noite";"Crescente";"Nublado";"Simples";"Curva";"Sim";2;0;1;0;1;0;1;2;-22,34517998;-42,93968184;"SPRF-RJ";"DEL04-RJ";"UOP01-DEL04-RJ"
284144;2020-05-12;"terça-feira";"18:20:00";"RO";364;342;"JI-PARANA";"Ingestão de Álcool";"Colisão com objeto estático";"Com Vítimas Feridas";"Anoitecer";"Decrescente";"Céu Claro";"Dupla";"Reta";"Sim";1;0;1;0;0;0;1;1;-10,88381227;-61,93741416;"SPRF-RO";"DEL02-RO";"UOP01-DEL02-RO"
284147;2020-05-12;"terça-feira";"20:45:00";"PR";277;348,8;"GUARAPUAVA";"Falta de Atenção do Pedestre";"Atropelamento de Pedestre";"Com Vítimas Fatais";"Plena Noite";"Crescente";"Garoa/Chuvisco";"Simples";"Reta";"Sim";2;1;0;0;1;0;0;2;-25,38513104;-51,51384115;"SPRF-PR";"DEL08-PR";"UOP01-DEL08-PR"
284148;2020-05-12;"terça-feira";"18:35:00";"RJ";40;44,8;"AREAL";"Falta de Atenção à Condução";"Tombamento";"Com Vítimas Feridas";"Plena Noite";"Decrescente";"Céu Claro";"Dupla";"Curva";"Não";1;0;1;0;0;0;1;1;-22,27275475;-43,10869115;"SPRF-RJ";"DEL05-RJ";"UOP02-DEL05-RJ"
284149;2020-05-12;"terça-feira";"19:00:00";"PR";369;185;"ARAPONGAS";"Desobediência às normas de trânsito pelo condutor";"Colisão transversal";"Com Vítimas Feridas";"Plena Noite";"Crescente";"Céu Claro";"Simples";"Reta";"Sim";2;0;1;0;0;1;1;2;-23,413088;-51,42704;"SPRF-PR";"DEL07-PR";"UOP03-DEL07-PR"
284150;2020-05-12;"terça-feira";"20:20:00";"GO";40;5,7;"VALPARAISO DE GOIAS";"Falta de Atenção do Pedestre";"Atropelamento de Pedestre";"Com Vítimas Feridas";"Plena Noite";"Decrescente";"Céu Claro";"Dupla";"Reta";"Sim";2;0;1;0;1;0;1;2;-16,093134;-47,982236;"SPRF-DF";"DEL01-DF";"UOP01-DEL01-DF"
284151;2020-05-12;"terça-feira";"20:45:00";"CE";20;426,9;"FORTALEZA";"Falta de Atenção à Condução";"Colisão traseira";"Com Vítimas Feridas";"Plena Noite";"Crescente";"Céu Claro";"Dupla";"Reta";"Não";2;0;2;0;0;0;2;2;-3,76999035;-38,67006282;"SPRF-CE";"DEL01-CE";"UOP02-DEL01-CE"
284152;2020-05-12;"terça-feira";"20:45:00";"MG";50;51;"ARAGUARI";"Falta de Atenção à Condução";"Saída de leito carroçável";"Com Vítimas Feridas";"Plena Noite";"Decrescente";"Céu Claro";"Dupla";"Reta";"Não";1;0;1;0;0;0;1;1;-18,74433705;-48,2313459;"SPRF-MG";"DEL15-MG";"UOP02-DEL15-MG"
284153;2020-05-12;"terça-feira";"18:20:00";"SC";101;457,9;"SAO JOAO DO SUL";"Animais na Pista";"Tombamento";"Com Vítimas Feridas";"Plena Noite";"Crescente";"Nublado";"Dupla";"Reta";"Não";1;0;1;0;0;0;1;1;-29,24282092;-49,7551918;"SPRF-SC";"DEL02-SC";"UOP02-DEL02-SC"
284158;2020-05-12;"terça-feira";"22:00:00";"RN";101;82,1;"NATAL";"Falta de Atenção à Condução";"Colisão lateral";"Com Vítimas Feridas";"Plena Noite";"Decrescente";"Céu Claro";"Dupla";"Reta";"Sim";1;0;0;1;0;0;1;1;-5,76791511;-35,27456305;"SPRF-RN";"DEL02-RN";"UOP01-DEL02-RN"
284159;2020-05-12;"terça-feira";"19:20:00";"MG";381;296;"ANTONIO DIAS";"Desobediência às normas de trânsito pelo condutor";"Colisão frontal";"Com Vítimas Feridas";"Plena Noite";"Crescente";"Céu Claro";"Simples";"Em Obras";"Não";3;0;1;0;2;0;1;2;-19,62698434;-42,8708198;"SPRF-MG";"DEL03-MG";"UOP02-DEL03-MG"
284160;2020-05-12;"terça-feira";"22:00:00";"PR";277;75;"SAO JOSE DOS PINHAIS";"Falta de Atenção à Condução";"Colisão com objeto estático";"Sem Vítimas";"Plena Noite";"Decrescente";"Céu Claro";"Dupla";"Reta";"Sim";1;0;0;0;0;1;0;1;-25,49286827;-49,17077065;"SPRF-PR";"DEL01-PR";"UOP01-DEL01-PR"
284162;2020-05-12;"terça-feira";"22:00:00";"SC";101;205;"SAO JOSE";"Ingestão de Álcool";"Atropelamento de Pedestre";"Com Vítimas Feridas";"Plena Noite";"Crescente";"Céu Claro";"Dupla";"Reta";"Sim";2;0;0;1;0;1;1;2;-27,58313237;-48,61532885;"SPRF-SC";"DEL01-SC";"UOP01-DEL01-SC"
284163;2020-05-12;"terça-feira";"22:50:00";"PR";369;148;"LONDRINA";"Desobediência às normas de trânsito pelo condutor";"Colisão transversal";"Com Vítimas Feridas";"Plena Noite";"Decrescente";"Céu Claro";"Dupla";"Interseção de Vias";"Sim";4;0;1;1;1;1;2;3;-23,293235;-51,142505;"SPRF-PR";"DEL07-PR";"UOP01-DEL07-PR"
284164;2020-05-12;"terça-feira";"22:50:00";"PR";277;122;"CAMPO LARGO";"Falta de Atenção à Condução";"Colisão com objeto estático";"Com Vítimas Feridas";"Plena Noite";"Decrescente";"Nublado";"Dupla";"Curva;Declive";"Não";2;0;1;0;1;0;1;1;-25,4444923;-49,5645833;"SPRF-PR";"DEL01-PR";"UOP03-DEL03-PR"
284166;2020-05-12;"terça-feira";"22:00:00";"MG";153;1;"ARAPORA";"Ingestão de álcool e/ou substâncias psicoativas pelo pedestre";"Atropelamento de Pedestre";"Com Vítimas Fatais";"Plena Noite";"Decrescente";"Céu Claro";"Múltipla";"Declive";"Sim";3;1;0;0;1;1;0;2;-18,42608911;-49,19359032;"SPRF-MG";"DEL15-MG";"UOP03-DEL15-MG"
284167;2020-05-12;"terça-feira";"22:20:00";"BA";101;715,6;"EUNAPOLIS";"Ingestão de Álcool";"Colisão traseira";"Sem Vítimas";"Plena Noite";"Decrescente";"Céu Claro";"Simples";"Reta";"Sim";2;0;0;0;2;0;0;2;-16,35489746;-39,57953453;"SPRF-BA";"DEL09-BA";"UOP01-DEL09-BA"
284169;2020-05-12;"terça-feira";"21:20:00";"MG";40;694,5;"ALFREDO VASCONCELOS";"Falta de Atenção do Pedestre";"Atropelamento de Pedestre";"Com Vítimas Feridas";"Plena Noite";"Crescente";"Nublado";"Simples";"Aclive;Reta";"Sim";2;0;0;1;0;1;1;2;-21,16201702;-43,76005953;"SPRF-MG";"DEL05-MG";"UOP02-DEL05-MG"
284173;2020-05-12;"terça-feira";"23:30:00";"SC";101;298,5;"IMBITUBA";"Falta de Atenção à Condução";"Colisão traseira";"Com Vítimas Feridas";"Plena Noite";"Crescente";"Nublado";"Dupla";"Reta";"Não";2;0;2;0;0;0;2;2;-28,32102597;-48,72829906;"SPRF-SC";"DEL02-SC";"UOP03-DEL02-SC"
284176;2020-05-13;"quarta-feira";"01:00:00";"ES";101;131,4;"LINHARES";"Falta de Atenção à Condução";"Saída de leito carroçável";"Com Vítimas Fatais";"Plena Noite";"Crescente";"Nevoeiro/Neblina";"Simples";"Reta";"Não";1;1;0;0;0;0;0;1;-19,238965;-40,09170698;"SPRF-ES";"DEL04-ES";"UOP01-DEL04-ES"
284178;2020-05-12;"terça-feira";"23:40:00";"BA";407;10,7;"JUAZEIRO";"Falta de Atenção do Pedestre";"Atropelamento de Pedestre";"Com Vítimas Feridas";"Plena Noite";"Decrescente";"Céu Claro";"Simples";"Reta";"Sim";2;0;0;1;0;1;1;2;-9,490821;-40,470011;"SPRF-BA";"DEL04-BA";"UOP01-DEL04-BA"
284179;2020-05-12;"terça-feira";"23:50:00";"PR";277;590;"CASCAVEL";"Ingestão de Álcool";"Saída de leito carroçável";"Sem Vítimas";"Plena Noite";"Crescente";"Chuva";"Simples";"Reta";"Sim";1;0;0;0;1;0;0;1;-24,98120697;-53,45591501;"SPRF-PR";"DEL04-PR";"UOP01-DEL04-PR"
284183;2020-05-13;"quarta-feira";"02:00:00";"SP";116;220;"GUARULHOS";"Ingestão de Álcool";"Colisão traseira";"Com Vítimas Feridas";"Plena Noite";"Decrescente";"Nublado";"Múltipla";"Reta";"Não";4;0;3;0;1;0;3;2;-23,46472809;-46,49793962;"SPRF-SP";"DEL01-SP";"UOP01-DEL01-SP"
284185;2020-05-13;"quarta-feira";"01:30:00";"BA";324;516,9;"FEIRA DE SANTANA";"Velocidade Incompatível";"Colisão com objeto estático";"Sem Vítimas";"Plena Noite";"Decrescente";"Nublado";"Simples";"Reta";"Sim";1;0;0;0;0;1;0;1;-12,2501017;-38,93322945;"SPRF-BA";"DEL02-BA";"UOP01-DEL02-BA"
284186;2020-05-13;"quarta-feira";"03:00:00";"SC";280;188;"MAFRA";"Velocidade Incompatível";"Tombamento";"Com Vítimas Feridas";"Pleno dia";"Crescente";"Garoa/Chuvisco";"Simples";"Curva";"Não";1;0;1;0;0;0;1;1;-26,17143885;-49,9631671;"SPRF-SC";"DEL06-SC";"UOP01-DEL06-SC"
284187;2020-05-13;"quarta-feira";"03:30:00";"SP";116;503,9;"CAJATI";"Ingestão de Álcool";"Colisão com objeto estático";"Com Vítimas Feridas";"Plena Noite";"Decrescente";"Nublado";"Simples";"Curva";"Não";1;0;1;0;0;0;1;1;-24,77541893;-48,20947907;"SPRF-SP";"DEL05-SP";"UOP02-DEL05-SP"
284188;2020-05-13;"quarta-feira";"05:33:00";"SP";116;185;"SANTA ISABEL";"Falta de Atenção à Condução";"Colisão com objeto estático";"Com Vítimas Feridas";"Amanhecer";"Decrescente";"Nevoeiro/Neblina";"Dupla";"Reta";"Não";2;0;2;0;0;0;2;1;-23,35176424;-46,18966001;"SPRF-SP";"DEL02-SP";"UOP01-DEL02-SP"
284192;2020-05-13;"quarta-feira";"05:30:00";"SC";470;120;"IBIRAMA";"Velocidade Incompatível";"Capotamento";"Com Vítimas Feridas";"Plena Noite";"Decrescente";"Garoa/Chuvisco";"Simples";"Curva";"Não";1;0;1;0;0;0;1;1;-27,089924;-49,520416;"SPRF-SC";"DEL04-SC";"UOP02-DEL04-SC"
284193;2020-04-18;"sábado";"11:00:00";"MG";356;265,7;"MURIAE";"Falta de Atenção à Condução";"Colisão transversal";"Com Vítimas Feridas";"Pleno dia";"Crescente";"Sol";"Simples";"Rotatória";"Sim";2;0;0;1;1;0;1;2;-21,12838898;-42,366803;"SPRF-MG";"DEL07-MG";"UOP02-DEL07-MG"
284196;2020-05-13;"quarta-feira";"06:30:00";"SC";153;97;"CONCORDIA";"Falta de Atenção à Condução";"Colisão transversal";"Com Vítimas Feridas";"Amanhecer";"Crescente";"Céu Claro";"Simples";"Interseção de Vias";"Não";3;0;1;0;2;0;1;2;-27,220152;-51,948879;"SPRF-SC";"DEL07-SC";"UOP04-DEL07-SC"
284197;2020-05-13;"quarta-feira";"07:15:00";"DF";40;3;"BRASILIA";"Falta de Atenção à Condução";"Colisão traseira";"Com Vítimas Feridas";"Pleno dia";"Decrescente";"Céu Claro";"Simples";"Curva";"Sim";3;0;1;0;2;0;1;2;-16,003145;-47,983944;"SPRF-DF";"DEL01-DF";"UOP01-DEL01-DF"
284202;2020-05-13;"quarta-feira";"07:20:00";"BA";324;624;"SALVADOR";"Falta de Atenção à Condução";"Engavetamento";"Com Vítimas Feridas";"Pleno dia";"Crescente";"Garoa/Chuvisco";"Dupla";"Reta";"Sim";5;0;1;0;4;0;1;4;-12,933839;-38,47190701;"SPRF-BA";"DEL01-BA";"UOP01-DEL01-BA"
284205;2020-05-13;"quarta-feira";"07:00:00";"MG";50;81;"UBERLANDIA";"Velocidade Incompatível";"Queda de ocupante de veículo";"Com Vítimas Feridas";"Pleno dia";"Crescente";"Céu Claro";"Dupla";"Curva";"Sim";1;0;1;0;0;0;1;1;-18,85853402;-48,25435638;"SPRF-MG";"DEL15-MG";"UOP01-DEL15-MG"
284206;2020-05-13;"quarta-feira";"08:10:00";"RN";406;159,6;"CEARA-MIRIM";"Defeito na Via";"Tombamento";"Com Vítimas Feridas";"Pleno dia";"Crescente";"Nublado";"Simples";"Em Obras";"Não";1;0;1;0;0;0;1;1;-5,707509;-35,377032;"SPRF-RN";"DEL02-RN";"UOP01-DEL02-RN"
284208;2020-05-13;"quarta-feira";"03:00:00";"RJ";40;124,3;"RIO DE JANEIRO";"Falta de Atenção à Condução";"Colisão traseira";"Com Vítimas Fatais";"Plena Noite";"Decrescente";"Céu Claro";"Dupla";"Reta";"Sim";2;1;0;0;1;0;0;2;-22,81194718;-43,28793526;"SPRF-RJ";"DEL01-RJ";"UOP01-DEL01-RJ"
284209;2020-05-12;"terça-feira";"18:50:00";"RJ";40;81;"PETROPOLIS";"Falta de Atenção à Condução";"Saída de leito carroçável";"Com Vítimas Feridas";"Plena Noite";"Decrescente";"Céu Claro";"Simples";"Reta";"Não";1;0;1;0;0;0;1;1;-22,50560003;-43,23186384;"SPRF-RJ";"DEL06-RJ";"UOP01-DEL06-RJ"
284211;2020-05-13;"quarta-feira";"08:30:00";"SC";101;448;"SANTA ROSA DO SUL";"Falta de Atenção à Condução";"Saída de leito carroçável";"Com Vítimas Feridas";"Pleno dia";"Crescente";"Chuva";"Dupla";"Curva";"Não";1;0;1;0;0;0;1;1;-29,15898991;-49,73540906;"SPRF-SC";"DEL02-SC";"UOP02-DEL02-SC"
284214;2020-05-13;"quarta-feira";"07:50:00";"MS";158;294;"TRES LAGOAS";"Pista Escorregadia";"Saída de leito carroçável";"Com Vítimas Feridas";"Pleno dia";"Crescente";"Chuva";"Dupla";"Curva";"Não";1;0;1;0;0;0;1;1;-20,92715014;-51,80130189;"SPRF-MS";"DEL07-MS";"UOP01-DEL07-MS"
284216;2020-05-13;"quarta-feira";"08:20:00";"ES";101;287;"CARIACICA";"Falta de Atenção à Condução";"Colisão lateral";"Com Vítimas Feridas";"Pleno dia";"Crescente";"Céu Claro";"Dupla";"Retorno Regulamentado";"Sim";2;0;1;0;1;0;1;2;-20,26493528;-40,38471702;"SPRF-ES";"DEL01-ES";"UOP01-DEL01-ES"
284217;2020-05-13;"quarta-feira";"09:15:00";"PE";101;68,1;"RECIFE";"Pista Escorregadia";"Tombamento";"Com Vítimas Feridas";"Pleno dia";"Crescente";"Nublado";"Múltipla";"Rotatória";"Sim";1;0;1;0;0;0;1;1;-8,052203;-34,946713;"SPRF-PE";"DEL01-PE";"UOP01-DEL01-PE"
284219;2020-05-12;"terça-feira";"17:30:00";"MT";70;678;"CACERES";"Defeito Mecânico no Veículo";"Incêndio";"Sem Vítimas";"Pleno dia";"Crescente";"Céu Claro";"Simples";"Curva";"Não";1;0;0;0;0;1;0;1;-16,16598552;-57,35313294;"SPRF-MT";"DEL03-MT";"UOP02-DEL03-MT"
284220;2020-05-13;"quarta-feira";"09:00:00";"SC";282;80;"RANCHO QUEIMADO";"Sinalização da via insuficiente ou inadequada";"Saída de leito carroçável";"Com Vítimas Feridas";"Pleno dia";"Decrescente";"Chuva";"Simples";"Curva";"Não";4;0;3;0;1;0;3;1;-27,663555;-49,159309;"SPRF-SC";"DEL01-SC";"UOP03-DEL01-SC"
284222;2020-05-13;"quarta-feira";"09:40:00";"RS";290;22;"SANTO ANTONIO DA PATRULHA";"Condutor Dormindo";"Capotamento";"Com Vítimas Feridas";"Pleno dia";"Decrescente";"Nublado";"Múltipla";"Curva";"Não";2;0;1;0;1;0;1;1;-29,888826;-50,474819;"SPRF-RS";"DEL03-RS";"UOP01-DEL03-RS"
284223;2020-05-13;"quarta-feira";"09:45:00";"PR";376;174,2;"MARINGA";"Falta de Atenção à Condução";"Colisão traseira";"Com Vítimas Feridas";"Pleno dia";"Crescente";"Nublado";"Múltipla";"Interseção de Vias";"Sim";2;0;1;0;1;0;1;2;-23,41668675;-51,9565773;"SPRF-PR";"DEL09-PR";"UOP01-DEL09-PR"
284224;2020-05-13;"quarta-feira";"09:00:00";"MG";262;802,8;"UBERABA";"Falta de Atenção à Condução";"Saída de leito carroçável";"Com Vítimas Feridas";"Pleno dia";"Crescente";"Céu Claro";"Dupla";"Aclive";"Sim";1;0;1;0;0;0;1;1;-19,779234;-47,964844;"SPRF-MG";"DEL13-MG";"UOP01-DEL13-MG"
284225;2020-05-13;"quarta-feira";"02:00:00";"MG";381;175,6;"GOVERNADOR VALADARES";"Falta de Atenção do Pedestre";"Atropelamento de Pedestre";"Com Vítimas Fatais";"Plena Noite";"Crescente";"Ignorado";"Simples";"Reta";"Não";2;1;0;0;0;1;0;2;-19,00400926;-42,12942879;"SPRF-MG";"DEL06-MG";"UOP01-DEL06-MG"
284227;2020-05-13;"quarta-feira";"09:40:00";"PR";277;125;"CAMPO LARGO";"Avarias e/ou desgaste excessivo no pneu";"Saída de leito carroçável";"Com Vítimas Feridas";"Pleno dia";"Decrescente";"Céu Claro";"Dupla";"Declive;Reta";"Não";1;0;1;0;0;0;1;1;-25,44663809;-49,48877001;"SPRF-PR";"DEL01-PR";"UOP03-DEL03-PR"
284230;2020-05-13;"quarta-feira";"10:45:00";"MG";116;686,9;"MURIAE";"Avarias e/ou desgaste excessivo no pneu";"Tombamento";"Com Vítimas Feridas";"Pleno dia";"Crescente";"Céu Claro";"Simples";"Reta";"Não";2;0;1;0;1;0;1;1;-20,98983685;-42,35915614;"SPRF-MG";"DEL07-MG";"UOP02-DEL07-MG"
284233;2020-05-13;"quarta-feira";"10:50:00";"PR";376;184,6;"SARANDI";"Defeito Mecânico no Veículo";"Queda de ocupante de veículo";"Com Vítimas Feridas";"Pleno dia";"Decrescente";"Nublado";"Dupla";"Reta";"Sim";1;0;1;0;0;0;1;1;-23,4465611;-51,86216706;"SPRF-PR";"DEL09-PR";"UOP01-DEL09-PR"
284238;2020-05-13;"quarta-feira";"11:45:00";"RS";290;91;"PORTO ALEGRE";"Falta de Atenção à Condução";"Colisão lateral";"Com Vítimas Feridas";"Pleno dia";"Crescente";"Nublado";"Dupla";"Reta";"Sim";2;0;1;0;1;0;1;2;-29,969055;-51,167439;"SPRF-RS";"DEL01-RS";"UOP01-DEL01-RS"
284239;2020-05-13;"quarta-feira";"09:25:00";"MS";163;655;"RIO VERDE DE MATO GROSSO";"Pista Escorregadia";"Saída de leito carroçável";"Com Vítimas Feridas";"Pleno dia";"Crescente";"Chuva";"Simples";"Curva";"Não";5;0;1;0;4;0;1;1;-19,11772981;-54,75802065;"SPRF-MS";"DEL06-MS";"UOP02-DEL06-MS"
284240;2020-05-13;"quarta-feira";"11:00:00";"PE";101;140;"RIBEIRAO";"Condutor Dormindo";"Saída de leito carroçável";"Com Vítimas Feridas";"Pleno dia";"Decrescente";"Nublado";"Múltipla";"Reta";"Não";1;0;1;0;0;0;1;1;-8,43501897;-35,32815204;"SPRF-PE";"DEL01-PE";"UOP03-DEL01-PE"
284241;2020-05-13;"quarta-feira";"09:10:00";"SC";282;301;"VARGEM";"Velocidade Incompatível";"Colisão com objeto estático";"Com Vítimas Feridas";"Pleno dia";"Decrescente";"Chuva";"Simples";"Curva;Declive";"Não";3;0;2;0;1;0;2;1;-27,510321;-50,922432;"SPRF-SC";"DEL07-SC";"UOP06-DEL07-SC"
284243;2020-05-13;"quarta-feira";"11:30:00";"MG";40;569;"NOVA LIMA";"Desobediência às normas de trânsito pelo condutor";"Colisão transversal";"Com Vítimas Feridas";"Pleno dia";"Decrescente";"Céu Claro";"Simples";"Aclive";"Sim";3;0;2;0;1;0;2;2;-20,20394093;-43,97409456;"SPRF-MG";"DEL01-MG";"UOP02-DEL01-MG"
284244;2020-05-13;"quarta-feira";"12:10:00";"GO";40;8,5;"VALPARAISO DE GOIAS";"Desobediência às normas de trânsito pelo condutor";"Colisão lateral";"Com Vítimas Feridas";"Pleno dia";"Decrescente";"Céu Claro";"Dupla";"Reta";"Não";3;0;2;0;1;0;2;2;-16,116158;-47,96761;"SPRF-DF";"DEL01-DF";"UOP01-DEL01-DF"
284247;2020-05-13;"quarta-feira";"12:20:00";"RJ";40;102;"DUQUE DE CAXIAS";"Pista Escorregadia";"Queda de ocupante de veículo";"Com Vítimas Feridas";"Pleno dia";"Crescente";"Céu Claro";"Múltipla";"Curva";"Não";1;0;1;0;0;0;1;1;-22,61089297;-43,28656077;"SPRF-RJ";"DEL01-RJ";"UOP01-DEL01-RJ"
284250;2020-05-13;"quarta-feira";"12:30:00";"PR";277;29;"MORRETES";"Falta de Atenção à Condução";"Tombamento";"Com Vítimas Feridas";"Pleno dia";"Decrescente";"Nublado";"Dupla";"Retorno Regulamentado;Interseção de Vias;Viaduto";"Não";1;0;1;0;0;0;1;1;-25,52874613;-48,73512603;"SPRF-PR";"DEL01-PR";"UOP05-DEL01-PR"
284253;2020-05-13;"quarta-feira";"13:50:00";"SC";470;72;"INDAIAL";"Desobediência às normas de trânsito pelo condutor";"Colisão transversal";"Com Vítimas Feridas";"Pleno dia";"Decrescente";"Nublado";"Simples";"Reta";"Sim";2;0;0;1;1;0;1;2;-26,901979;-49,268745;"SPRF-SC";"DEL04-SC";"UOP01-DEL04-SC"
284257;2020-05-13;"quarta-feira";"13:55:00";"PB";230;4;"CABEDELO";"Não guardar distância de segurança";"Colisão traseira";"Com Vítimas Feridas";"Pleno dia";"Decrescente";"Céu Claro";"Dupla";"Reta";"Sim";4;0;2;0;1;1;2;3;-7,0004;-34,8284;"SPRF-PB";"DEL01-PB";"UOP01-DEL01-PB"
284258;2020-05-13;"quarta-feira";"12:15:00";"MG";262;160;"SAO DOMINGOS DO PRATA";"Defeito na Via";"Tombamento";"Com Vítimas Feridas";"Pleno dia";"Decrescente";"Nublado";"Simples";"Curva";"Não";1;0;1;0;0;0;1;1;-19,96282686;-42,83491942;"SPRF-MG";"DEL03-MG";"UOP03-DEL03-MG"
284259;2020-05-13;"quarta-feira";"12:50:00";"RJ";116;174;"MESQUITA";"Falta de Atenção à Condução";"Colisão traseira";"Com Vítimas Feridas";"Pleno dia";"Decrescente";"Céu Claro";"Dupla";"Reta";"Sim";2;0;1;1;0;0;2;2;-22,79423806;-43,36403759;"SPRF-RJ";"DEL01-RJ";"UOP02-DEL01-RJ"
284260;2020-05-13;"quarta-feira";"14:20:00";"RS";116;516;"PELOTAS";"Desobediência às normas de trânsito pelo condutor";"Colisão transversal";"Com Vítimas Feridas";"Pleno dia";"Crescente";"Céu Claro";"Simples";"Rotatória";"Não";2;0;1;0;1;0;1;2;-31,67013527;-52,34055575;"SPRF-RS";"DEL07-RS";"UOP01-DEL07-RS"
284261;2020-04-21;"terça-feira";"19:40:00";"MT";163;690,2;"LUCAS DO RIO VERDE";"Desobediência às normas de trânsito pelo condutor";"Colisão com objeto estático";"Com Vítimas Feridas";"Plena Noite";"Decrescente";"Céu Claro";"Simples";"Reta";"Sim";1;0;0;1;0;0;1;1;-13,058244;-55,915672;"SPRF-MT";"DEL06-MT";"UOP01-DEL06-MT"
284263;2020-05-10;"domingo";"03:00:00";"SC";101;218;"PALHOCA";"Falta de Atenção à Condução";"Colisão traseira";"Sem Vítimas";"Plena Noite";"Crescente";"Nublado";"Dupla";"Reta";"Sim";2;0;0;0;1;1;0;2;-27,6758601;-48,67052525;"SPRF-SC";"DEL01-SC";"UOP02-DEL01-SC"
284264;2020-05-13;"quarta-feira";"13:30:00";"MG";381;606,7;"OLIVEIRA";"Condutor Dormindo";"Saída de leito carroçável";"Com Vítimas Feridas";"Pleno dia";"Decrescente";"Nublado";"Dupla";"Curva;Declive";"Não";1;0;1;0;0;0;1;1;-20,67638406;-44,73850226;"SPRF-MG";"DEL04-MG";"UOP01-DEL04-MG"
284265;2020-05-13;"quarta-feira";"14:15:00";"ES";101;262;"SERRA";"Desobediência às normas de trânsito pelo condutor";"Colisão traseira";"Com Vítimas Feridas";"Pleno dia";"Decrescente";"Céu Claro";"Múltipla";"Reta";"Sim";2;0;0;1;1;0;1;2;-20,1572331;-40,27678329;"SPRF-ES";"DEL02-ES";"UOP01-DEL02-ES"
284266;2020-05-13;"quarta-feira";"11:00:00";"SC";282;492,1;"FAXINAL DOS GUEDES";"Ingestão de Álcool";"Saída de leito carroçável";"Sem Vítimas";"Pleno dia";"Crescente";"Chuva";"Simples";"Curva";"Não";1;0;0;0;1;0;0;1;-26,871534;-52,300915;"SPRF-SC";"DEL07-SC";"UOP01-DEL07-SC"
284267;2020-05-13;"quarta-feira";"15:10:00";"PR";369;96;"CORNELIO PROCOPIO";"Desobediência às normas de trânsito pelo condutor";"Colisão transversal";"Com Vítimas Feridas";"Pleno dia";"Crescente";"Nublado";"Simples";"Curva;Em Obras";"Não";2;0;1;0;1;0;1;2;-23,2344649;-50,6809026;"SPRF-PR";"DEL07-PR";"UOP05-DEL07-PR"
284268;2020-05-13;"quarta-feira";"15:00:00";"RS";285;73,4;"BOM JESUS";"Ingestão de Álcool";"Saída de leito carroçável";"Com Vítimas Feridas";"Pleno dia";"Crescente";"Garoa/Chuvisco";"Simples";"Reta";"Não";1;0;1;0;0;0;1;1;-28,635757;-50,53606;"SPRF-RS";"DEL05-RS";"UOP03-DEL05-RS"
284269;2020-05-13;"quarta-feira";"13:20:00";"PI";316;64,9;"MONSENHOR GIL";"Defeito na Via";"Saída de leito carroçável";"Com Vítimas Feridas";"Pleno dia";"Decrescente";"Sol";"Simples";"Aclive";"Não";1;0;1;0;0;0;1;1;-5,60953308;-42,60810009;"SPRF-PI";"DEL01-PI";"UOP02-DEL01-PI"
284270;2020-05-13;"quarta-feira";"15:20:00";"SC";101;216;"PALHOCA";"Falta de Atenção à Condução";"Colisão lateral";"Com Vítimas Feridas";"Pleno dia";"Crescente";"Céu Claro";"Múltipla";"Interseção de Vias";"Sim";2;0;1;0;1;0;1;2;-27,65981409;-48,67747798;"SPRF-SC";"DEL01-SC";"UOP02-DEL01-SC"
284271;2020-05-13;"quarta-feira";"14:55:00";"MG";381;758;"TRES CORACOES";"Defeito Mecânico no Veículo";"Colisão com objeto estático";"Com Vítimas Feridas";"Pleno dia";"Decrescente";"Céu Claro";"Dupla";"Reta";"Não";4;0;3;0;1;0;3;1;-21,70752761;-45,37422642;"SPRF-MG";"DEL16-MG";"UOP02-DEL16-MG"
284272;2020-05-13;"quarta-feira";"14:55:00";"SC";101;311,4;"LAGUNA";"Falta de Atenção à Condução";"Colisão traseira";"Com Vítimas Feridas";"Pleno dia";"Crescente";"Céu Claro";"Simples";"Reta";"Sim";2;0;1;0;1;0;1;2;-28,42531311;-48,80068884;"SPRF-SC";"DEL02-SC";"UOP01-DEL02-SC"
284274;2020-05-13;"quarta-feira";"15:20:00";"RS";471;174,2;"RIO PARDO";"Falta de Atenção à Condução";"Colisão transversal";"Com Vítimas Feridas";"Pleno dia";"Crescente";"Nublado";"Simples";"Rotatória";"Sim";2;0;1;0;1;0;1;2;-30,022757;-52,373554;"SPRF-RS";"DEL02-RS";"UOP02-DEL02-RS"
284275;2020-05-13;"quarta-feira";"16:10:00";"DF";60;3,3;"BRASILIA";"Defeito Mecânico no Veículo";"Tombamento";"Com Vítimas Feridas";"Pleno dia";"Decrescente";"Céu Claro";"Dupla";"Reta";"Não";1;0;1;0;0;0;1;1;-15,890521;-48,086864;"SPRF-DF";"DEL03-DF";"UOP01-DEL03-DF"