"id";"data_inversa";"dia_semana";"horario";"uf";"br";"km";"municipio";"causa_acidente";"tipo_acidente";"classificacao_acidente";"fase_dia";"sentido_via";"condicao_metereologica";"tipo_pista";"tracado_via";"uso_solo";"pessoas";"mortos";"feridos_leves";"feridos_graves";"ilesos";"ignorados";"feridos";"veiculos";"latitude";"longitude";"regional";"delegacia";"uop"
284276;2020-05-13;"quarta-feira";"16:00:00";"PB";230;20;"JOAO PESSOA";"Falta de Atenção à Condução";"Tombamento";"Com Vítimas Feridas";"Pleno dia";"Crescente";"Céu Claro";"Dupla";"Reta";"Sim";1;0;0;1;0;0;1;1;-7,09180625;-34,8483091;"SPRF-PB";"DEL01-PB";"UOP01-DEL01-PB"
284277;2020-05-13;"quarta-feira";"16:20:00";"SC";282;38,4;"AGUAS MORNAS";"Velocidade Incompatível";"Saída de leito carroçável";"Sem Vítimas";"Pleno dia";"Decrescente";"Chuva";"Simples";"Curva";"Não";1;0;0;0;1;0;0;1;-27,709209;-48,852467;"SPRF-SC";"DEL01-SC";"UOP03-DEL01-SC"
284278;2020-05-13;"quarta-feira";"16:20:00";"PR";116;51;"CAMPINA GRANDE DO SUL";"Velocidade Incompatível";"Capotamento";"Com Vítimas Feridas";"Anoitecer";"Crescente";"Nublado";"Dupla";"Curva";"Não";2;0;1;1;0;0;2;1;-25,24249703;-48,90292205;"SPRF-PR";"DEL01-PR";"UOP02-DEL01-PR"
284282;2020-05-13;"quarta-feira";"15:25:00";"DF";20;10,4;"BRASILIA";"Desobediência às normas de trânsito pelo condutor";"Colisão lateral";"Com Vítimas Feridas";"Pleno dia";"Decrescente";"Sol";"Dupla";"Reta";"Sim";4;0;2;0;2;0;2;2;-15,650243;-47,773872;"SPRF-DF";"DEL02-DF";"UOP01-DEL02-DF"
284283;2020-05-13;"quarta-feira";"14:00:00";"MS";163;6;"MUNDO NOVO";"Pista Escorregadia";"Colisão com objeto estático";"Com Vítimas Feridas";"Pleno dia";"Decrescente";"Nublado";"Múltipla";"Reta";"Não";2;0;1;0;1;0;1;1;-24,0031017;-54,31713581;"SPRF-MS";"DEL09-MS";"UOP02-DEL09-MS"
284284;2020-05-13;"quarta-feira";"16:40:00";"MG";50;157,3;"UBERABA";"Defeito Mecânico no Veículo";"Incêndio";"Sem Vítimas";"Pleno dia";"Decrescente";"Céu Claro";"Dupla";"Reta";"Não";1;0;0;0;1;0;0;1;-19,62528388;-48,01556068;"SPRF-MG";"DEL13-MG";"UOP01-DEL13-MG"
284288;2020-05-13;"quarta-feira";"17:15:00";"RJ";116;166;"RIO DE JANEIRO";"Não guardar distância de segurança";"Colisão lateral";"Com Vítimas Feridas";"Plena Noite";"Crescente";"Céu Claro";"Dupla";"Reta";"Sim";2;0;1;0;1;0;1;2;-22,81560263;-43,30051808;"SPRF-RJ";"DEL01-RJ";"UOP02-DEL01-RJ"
284289;2020-05-13;"quarta-feira";"17:15:00";"RN";427;41,1;"ACARI";"Defeito na Via";"Colisão com objeto estático";"Sem Vítimas";"Anoitecer";"Crescente";"Céu Claro";"Simples";"Reta";"Não";1;0;0;0;1;0;0;1;-6,54406908;-36,66115497;"SPRF-RN";"DEL03-RN";"UOP01-DEL03-RN"
284290;2020-05-13;"quarta-feira";"16:13:00";"AC";364;141;"RIO BRANCO";"Desobediência às normas de trânsito pelo condutor";"Colisão transversal";"Com Vítimas Feridas";"Pleno dia";"Crescente";"Céu Claro";"Dupla";"Reta";"Sim";2;0;1;1;0;0;2;2;-9,94200493;-67,87512076;"SPRF-AC";"DEL01-AC";"UOP01-DEL01-AC"
284292;2020-05-13;"quarta-feira";"17:35:00";"RS";285;303;"PASSO FUNDO";"Falta de Atenção à Condução";"Colisão transversal";"Com Vítimas Feridas";"Plena Noite";"Decrescente";"Chuva";"Simples";"Reta";"Sim";2;0;1;0;1;0;1;2;-28,2227897;-52,4694425;"SPRF-RS";"DEL08-RS";"UOP03-DEL08-RS"
284294;2020-05-13;"quarta-feira";"16:40:00";"CE";20;421;"MARACANAU";"Mal Súbito";"Queda de ocupante de veículo";"Com Vítimas Feridas";"Pleno dia";"Decrescente";"Céu Claro";"Dupla";"Reta";"Sim";1;0;1;0;0;0;1;1;-3,76999035;-38,67006282;"SPRF-CE";"DEL01-CE";"UOP02-DEL01-CE"
284295;2020-05-13;"quarta-feira";"12:45:00";"RJ";101;61;"CAMPOS DOS GOYTACAZES";"Desobediência às normas de trânsito pelo condutor";"Colisão transversal";"Com Vítimas Feridas";"Pleno dia";"Crescente";"Céu Claro";"Simples";"Interseção de Vias";"Não";2;0;1;0;1;0;1;2;-21,72655788;-41,32133519;"SPRF-RJ";"DEL08-RJ";"UOP01-DEL08-RJ"
284296;2020-05-13;"quarta-feira";"17:00:00";"RJ";116;267,6;"BARRA MANSA";"Falta de Atenção do Pedestre";"Atropelamento de Pedestre";"Sem Vítimas";"Anoitecer";"Decrescente";"Nublado";"Dupla";"Curva";"Sim";2;0;0;0;1;1;0;2;-22,56177288;-44,14358323;"SPRF-RJ";"DEL07-RJ";"UOP02-DEL07-RJ"
284297;2020-05-13;"quarta-feira";"18:45:00";"AL";104;86,6;"RIO LARGO";"Falta de Atenção à Condução";"Colisão traseira";"Com Vítimas Feridas";"Plena Noite";"Crescente";"Chuva";"Dupla";"Reta";"Sim";3;0;2;0;0;1;2;2;-9,46691715;-35,82504135;"SPRF-AL";"DEL01-AL";"UOP01-DEL01-AL"
284298;2020-05-13;"quarta-feira";"18:15:00";"GO";50;97;"CRISTALINA";"Falta de Atenção à Condução";"Colisão lateral";"Sem Vítimas";"Plena Noite";"Decrescente";"Céu Claro";"Simples";"Reta";"Sim";3;0;0;0;3;0;0;2;-16,9309;-47,7117;"SPRF-DF";"DEL01-DF";"UOP02-DEL01-DF"
284299;2020-05-13;"quarta-feira";"18:20:00";"ES";101;271;"SERRA";"Desobediência às normas de trânsito pelo condutor";"Colisão transversal";"Com Vítimas Feridas";"Plena Noite";"Decrescente";"Nublado";"Múltipla";"Reta";"Sim";3;0;1;0;2;0;1;2;-20,23267;-40,27658;"SPRF-ES";"DEL02-ES";"UOP01-DEL02-ES"
284300;2020-05-13;"quarta-feira";"18:21:00";"SC";101;196,5;"BIGUACU";"Falta de Atenção à Condução";"Colisão traseira";"Com Vítimas Feridas";"Plena Noite";"Crescente";"Chuva";"Simples";"Reta";"Sim";3;0;1;0;2;0;1;2;-27,51101091;-48,64322292;"SPRF-SC";"DEL01-SC";"UOP01-DEL01-SC"
284301;2020-05-13;"quarta-feira";"18:50:00";"ES";101;145;"LINHARES";"Desobediência às normas de trânsito pelo condutor";"Colisão traseira";"Com Vítimas Feridas";"Anoitecer";"Decrescente";"Céu Claro";"Dupla";"Reta";"Sim";2;0;2;0;0;0;2;2;-19,36089598;-40,06464018;"SPRF-ES";"DEL04-ES";"UOP01-DEL04-ES"
284307;2020-05-13;"quarta-feira";"14:20:00";"MG";262;37,1;"MANHUACU";"Falta de Atenção à Condução";"Colisão lateral";"Com Vítimas Feridas";"Pleno dia";"Crescente";"Céu Claro";"Simples";"Reta";"Sim";3;0;0;1;2;0;1;3;-20,25748975;-42,03048732;"SPRF-MG";"DEL06-MG";"UOP03-DEL06-MG"
284308;2020-05-13;"quarta-feira";"19:10:00";"SP";116;450;"REGISTRO";"Falta de Atenção à Condução";"Queda de ocupante de veículo";"Com Vítimas Fatais";"Plena Noite";"Crescente";"Chuva";"Múltipla";"Reta";"Não";1;1;0;0;0;0;0;1;-24,53728295;-47,85899314;"SPRF-SP";"DEL05-SP";"UOP01-DEL05-SP"
284309;2020-05-13;"quarta-feira";"18:40:00";"SC";116;140;"SANTA CECILIA";"Falta de Atenção à Condução";"Colisão frontal";"Com Vítimas Feridas";"Plena Noite";"Crescente";"Céu Claro";"Simples";"Aclive";"Sim";2;0;1;0;1;0;1;2;-26,96625517;-50,40928315;"SPRF-SC";"DEL06-SC";"UOP02-DEL06-SC"
284310;2020-05-13;"quarta-feira";"15:30:00";"RR";174;578,3;"BOA VISTA";"Velocidade Incompatível";"Saída de leito carroçável";"Com Vítimas Feridas";"Pleno dia";"Decrescente";"Chuva";"Simples";"Curva";"Não";2;0;2;0;0;0;2;1;3,420316;-60,895363;"SPRF-RR";"DEL01-RR";"UOP01-DEL01-RR"
284312;2020-05-13;"quarta-feira";"17:00:00";"MT";70;721,2;"CACERES";"Não guardar distância de segurança";"Engavetamento";"Com Vítimas Feridas";"Pleno dia";"Decrescente";"Chuva";"Simples";"Curva";"Não";3;0;0;2;1;0;2;3;-16,19990789;-57,57721185;"SPRF-MT";"DEL03-MT";"UOP01-DEL03-MT"
284313;2020-05-13;"quarta-feira";"20:10:00";"PR";376;180;"MARINGA";"Defeito na Via";"Queda de ocupante de veículo";"Com Vítimas Feridas";"Plena Noite";"Decrescente";"Chuva";"Dupla";"Reta";"Sim";1;0;1;0;0;0;1;1;-23,42725352;-51,89512271;"SPRF-PR";"DEL09-PR";"UOP01-DEL09-PR"
284314;2020-05-13;"quarta-feira";"19:30:00";"PB";230;242,6;"JUAZEIRINHO";"Desobediência às normas de trânsito pelo condutor";"Colisão transversal";"Com Vítimas Feridas";"Plena Noite";"Crescente";"Céu Claro";"Simples";"Reta";"Sim";7;0;1;1;5;0;2;2;-7,0692;-36,5826;"SPRF-PB";"DEL02-PB";"UOP02-DEL02-PB"
284316;2020-05-13;"quarta-feira";"16:00:00";"MG";116;231,2;"TEOFILO OTONI";"Velocidade Incompatível";"Colisão com objeto estático";"Com Vítimas Fatais";"Pleno dia";"Decrescente";"Nublado";"Simples";"Reta";"Não";1;1;0;0;0;0;0;1;-17,49572794;-41,49320186;"SPRF-MG";"DEL11-MG";"UOP01-DEL11-MG"
284319;2020-05-13;"quarta-feira";"20:00:00";"RN";101;108;"PARNAMIRIM";"Ingestão de Álcool";"Colisão com objeto estático";"Sem Vítimas";"Plena Noite";"Crescente";"Céu Claro";"Múltipla";"Reta";"Sim";1;0;0;0;1;0;0;1;-5,92825102;-35,26465683;"SPRF-RN";"DEL01-RN";"UOP01-DEL01-RN"
284320;2020-05-13;"quarta-feira";"20:45:00";"PR";277;72;"SAO JOSE DOS PINHAIS";"Velocidade Incompatível";"Queda de ocupante de veículo";"Com Vítimas Feridas";"Plena Noite";"Crescente";"Garoa/Chuvisco";"Dupla";"Em Obras";"Não";1;0;1;0;0;0;1;1;-25,52522628;-49,09755612;"SPRF-PR";"DEL01-PR";"UOP01-DEL01-PR"
284321;2020-05-13;"quarta-feira";"17:30:00";"MA";10;168;"PORTO FRANCO";"Desobediência às normas de trânsito pelo condutor";"Colisão lateral";"Com Vítimas Feridas";"Pleno dia";"Crescente";"Céu Claro";"Simples";"Reta";"Não";1;0;1;0;0;0;1;1;-6,248398;-47,352127;"SPRF-MA";"DEL04-MA";"UOP02-DEL04-MA"
284323;2020-05-13;"quarta-feira";"20:45:00";"GO";60;27;"ALEXANIA";"Desobediência às normas de trânsito pelo condutor";"Colisão frontal";"Com Vítimas Feridas";"Plena Noite";"Crescente";"Céu Claro";"Dupla";"Reta";"Não";2;0;1;0;1;0;1;2;-16,0963;-48,5202;"SPRF-DF";"DEL03-DF";"UOP01-DEL03-DF"
284324;2020-05-13;"quarta-feira";"21:05:00";"PR";277;72;"SAO JOSE DOS PINHAIS";"Não guardar distância de segurança";"Colisão lateral";"Sem Vítimas";"Plena Noite";"Crescente";"Nublado";"Dupla";"Curva";"Sim";2;0;0;0;2;0;0;2;-25,52522628;-49,09755612;"SPRF-PR";"DEL01-PR";"UOP01-DEL01-PR"
284325;2020-05-13;"quarta-feira";"20:05:00";"RO";364;343;"JI-PARANA";"Ingestão de Álcool";"Colisão traseira";"Com Vítimas Feridas";"Plena Noite";"Crescente";"Chuva";"Simples";"Reta";"Sim";3;0;3;0;0;0;3;2;-10,87878519;-61,94499012;"SPRF-RO";"DEL02-RO";"UOP01-DEL02-RO"
284326;2020-05-13;"quarta-feira";"21:30:00";"SP";116;54;"LORENA";"Ingestão de Álcool";"Colisão lateral";"Com Vítimas Feridas";"Plena Noite";"Crescente";"Nublado";"Dupla";"Reta";"Sim";2;0;0;1;1;0;1;2;-22,76059043;-45,11883259;"SPRF-SP";"DEL08-SP";"UOP01-DEL08-SP"
284328;2020-05-13;"quarta-feira";"15:20:00";"RO";435;85;"COLORADO DO OESTE";"Falta de Atenção à Condução";"Colisão transversal";"Com Vítimas Feridas";"Pleno dia";"Crescente";"Céu Claro";"Dupla";"Interseção de Vias";"Sim";2;0;0;1;1;0;1;2;-13,11884911;-60,53173398;"SPRF-RO";"DEL04-RO";"UOP02-DEL04-RO"
284331;2020-05-13;"quarta-feira";"21:55:00";"GO";60;99,6;"ANAPOLIS";"Falta de Atenção à Condução";"Tombamento";"Com Vítimas Feridas";"Plena Noite";"Crescente";"Céu Claro";"Dupla";"Rotatória";"Sim";1;0;1;0;0;0;1;1;-16,3924;-48,9588;"SPRF-GO";"DEL02-GO";"UOP01-DEL02-GO"
284332;2020-05-13;"quarta-feira";"21:30:00";"SC";470;6;"NAVEGANTES";"Falta de Atenção à Condução";"Colisão lateral";"Com Vítimas Feridas";"Plena Noite";"Crescente";"Céu Claro";"Dupla";"Reta";"Sim";3;0;2;0;1;0;2;2;-26,85175;-48,710299;"SPRF-SC";"DEL04-SC";"UOP04-DEL04-SC"
284333;2020-05-13;"quarta-feira";"21:55:00";"PB";101;95,5;"CONDE";"Velocidade Incompatível";"Saída de leito carroçável";"Com Vítimas Feridas";"Plena Noite";"Crescente";"Chuva";"Dupla";"Curva";"Não";3;0;2;0;1;0;2;1;-7,22379403;-34,91488195;"SPRF-PB";"DEL01-PB";"UOP01-DEL01-PB"
284334;2020-05-13;"quarta-feira";"22:40:00";"PR";376;15,2;"MARINGA";"Velocidade Incompatível";"Colisão com objeto estático";"Com Vítimas Fatais";"Plena Noite";"Crescente";"Nevoeiro/Neblina";"Dupla";"Retorno Regulamentado";"Sim";1;1;0;0;0;0;0;1;-23,41379761;-51,88128769;"SPRF-PR";"DEL09-PR";"UOP01-DEL09-PR"
284336;2020-05-13;"quarta-feira";"20:00:00";"PR";163;58,6;"PEROLA DOESTE";"Animais na Pista";"Atropelamento de Animal";"Com Vítimas Feridas";"Plena Noite";"Crescente";"Céu Claro";"Simples";"Reta;Aclive";"Não";2;0;2;0;0;0;2;1;-25,880785;-53,746845;"SPRF-PR";"DEL02-PR";"UOP02-DEL02-PR"
284337;2020-05-13;"quarta-feira";"22:25:00";"GO";40;7,8;"VALPARAISO DE GOIAS";"Ingestão de Álcool";"Colisão traseira";"Sem Vítimas";"Plena Noite";"Crescente";"Céu Claro";"Dupla";"Reta";"Sim";3;0;0;0;2;1;0;3;-16,11408019;-47,96890497;"SPRF-DF";"DEL01-DF";"UOP01-DEL01-DF"
284338;2020-05-13;"quarta-feira";"23:00:00";"MG";50;27;"ARAGUARI";"Falta de Atenção à Condução";"Queda de ocupante de veículo";"Com Vítimas Feridas";"Plena Noite";"Crescente";"Céu Claro";"Dupla";"Aclive";"Não";2;0;0;1;1;0;1;1;-18,61943321;-48,09375199;"SPRF-MG";"DEL15-MG";"UOP02-DEL15-MG"
284339;2020-05-13;"quarta-feira";"23:50:00";"RJ";40;105;"DUQUE DE CAXIAS";"Ingestão de Álcool";"Colisão com objeto estático";"Sem Vítimas";"Plena Noite";"Decrescente";"Nublado";"Múltipla";"Reta";"Sim";1;0;0;0;1;0;0;1;-22,63784806;-43,28428824;"SPRF-RJ";"DEL01-RJ";"UOP01-DEL01-RJ"
284342;2020-05-13;"quarta-feira";"23:30:00";"MT";163;1064;"GUARANTA DO NORTE";"Falta de Atenção à Condução";"Saída de leito carroçável";"Sem Vítimas";"Plena Noite";"Decrescente";"Céu Claro";"Dupla";"Reta";"Sim";1;0;0;0;0;1;0;1;-9,95996108;-54,90488981;"SPRF-MT";"DEL06-MT";"NPF/DEL06-MT"
284344;2020-05-14;"quinta-feira";"00:35:00";"SC";101;331,5;"TUBARAO";"Falta de Atenção à Condução";"Saída de leito carroçável";"Sem Vítimas";"Plena Noite";"Crescente";"Nublado";"Dupla";"Reta";"Sim";1;0;0;0;1;0;0;1;-28,45567521;-48,9812689;"SPRF-SC";"DEL02-SC";"UOP01-DEL02-SC"
284345;2020-05-14;"quinta-feira";"00:30:00";"BA";101;714,3;"EUNAPOLIS";"Animais na Pista";"Atropelamento de Animal";"Com Vítimas Feridas";"Plena Noite";"Decrescente";"Céu Claro";"Simples";"Reta";"Sim";1;0;1;0;0;0;1;1;-16,51577516;-39,57427325;"SPRF-BA";"DEL09-BA";"UOP01-DEL09-BA"
284347;2020-05-13;"quarta-feira";"23:38:00";"SC";116;233,9;"CORREIA PINTO";"Ingestão de Álcool";"Colisão frontal";"Com Vítimas Fatais";"Plena Noite";"Decrescente";"Nublado";"Simples";"Reta";"Não";2;1;0;1;0;0;1;2;-27,70682126;-50,33536434;"SPRF-SC";"DEL05-SC";"UOP01-DEL05-SC"
284349;2020-05-01;"sexta-feira";"07:45:00";"PA";316;57;"CASTANHAL";"Ingestão de Álcool";"Saída de leito carroçável";"Com Vítimas Feridas";"Pleno dia";"Decrescente";"Céu Claro";"Dupla";"Reta";"Não";2;0;1;0;1;0;1;1;-1,30088766;-47,98196704;"SPRF-PA";"DEL01-PA";"UOP01-DEL01-PA"
284351;2020-05-14;"quinta-feira";"05:50:00";"RS";290;82;"GRAVATAI";"Falta de Atenção à Condução";"Saída de leito carroçável";"Com Vítimas Feridas";"Plena Noite";"Decrescente";"Céu Claro";"Múltipla";"Reta";"Sim";3;0;1;0;2;0;1;1;-29,955839;-51,079105;"SPRF-RS";"DEL01-RS";"UOP01-DEL01-RS"
284353;2020-05-13;"quarta-feira";"19:15:00";"RR";174;502;"BOA VISTA";"Falta de Atenção à Condução";"Colisão traseira";"Com Vítimas Feridas";"Plena Noite";"Decrescente";"Céu Claro";"Dupla";"Reta";"Sim";2;0;2;0;0;0;2;2;2,787376;-60,699524;"SPRF-RR";"DEL01-RR";"UOP01-DEL01-RR"
284354;2020-05-14;"quinta-feira";"04:45:00";"SC";101;214,8;"PALHOCA";"Velocidade Incompatível";"Colisão com objeto estático";"Com Vítimas Fatais";"Plena Noite";"Crescente";"Nublado";"Múltipla";"Reta";"Sim";3;1;1;1;0;0;2;1;-27,65039205;-48,67511007;"SPRF-SC";"DEL01-SC";"UOP02-DEL01-SC"
284355;2020-05-14;"quinta-feira";"05:20:00";"RJ";116;187;"NOVA IGUACU";"Defeito Mecânico no Veículo";"Incêndio";"Sem Vítimas";"Amanhecer";"Crescente";"Céu Claro";"Múltipla";"Reta";"Não";1;0;0;0;1;0;0;1;-22,73909044;-43,46972466;"SPRF-RJ";"DEL01-RJ";"UOP02-DEL01-RJ"
284357;2020-05-14;"quinta-feira";"06:45:00";"BA";324;595,7;"CANDEIAS";"Falta de Atenção à Condução";"Colisão com objeto estático";"Com Vítimas Feridas";"Amanhecer";"Decrescente";"Nublado";"Dupla";"Curva";"Sim";6;0;5;0;1;0;5;1;-12,71235341;-38,45524557;"SPRF-BA";"DEL01-BA";"UOP01-DEL01-BA"
284358;2020-05-14;"quinta-feira";"06:55:00";"ES";101;286,7;"CARIACICA";"Defeito Mecânico no Veículo";"Tombamento";"Com Vítimas Feridas";"Pleno dia";"Decrescente";"Céu Claro";"Dupla";"Reta";"Sim";2;0;2;0;0;0;2;1;-20,25902175;-40,37753412;"SPRF-ES";"DEL01-ES";"UOP01-DEL01-ES"
284360;2020-05-14;"quinta-feira";"06:55:00";"PR";116;125;"FAZENDA RIO GRANDE";"Falta de Atenção à Condução";"Colisão traseira";"Com Vítimas Feridas";"Pleno dia";"Crescente";"Nublado";"Dupla";"Reta";"Sim";2;0;1;0;1;0;1;2;-25,59505309;-49,31630659;"SPRF-PR";"DEL01-PR";"UOP03-DEL01-PR"
284361;2020-05-14;"quinta-feira";"05:30:00";"PI";343;592;"FLORIANO";"Condutor Dormindo";"Saída de leito carroçável";"Sem Vítimas";"Pleno dia";"Decrescente";"Céu Claro";"Simples";"Reta";"Sim";1;0;0;0;1;0;0;1;-6,777731;-43,031559;"SPRF-PI";"DEL03-PI";"UOP01-DEL03-PI"
284362;2020-05-14;"quinta-feira";"07:50:00";"SP";116;212;"GUARULHOS";"Falta de Atenção à Condução";"Colisão traseira";"Com Vítimas Feridas";"Pleno dia";"Decrescente";"Céu Claro";"Múltipla";"Reta";"Sim";2;0;1;0;1;0;1;2;-23,43608315;-46,42805094;"SPRF-SP";"DEL01-SP";"UOP01-DEL01-SP"
284364;2020-05-14;"quinta-feira";"08:05:00";"SC";101;204,8;"SAO JOSE";"Falta de Atenção à Condução";"Colisão lateral";"Com Vítimas Feridas";"Pleno dia";"Crescente";"Céu Claro";"Múltipla";"Reta";"Sim";2;0;1;0;1;0;1;2;-27,58244258;-48,61512791;"SPRF-SC";"DEL01-SC";"UOP01-DEL01-SC"
284366;2020-03-08;"domingo";"21:00:00";"SC";101;39,3;"JOINVILLE";"Falta de Atenção à Condução";"Colisão transversal";"Com Vítimas Fatais";"Plena Noite";"Crescente";"Céu Claro";"Dupla";"Interseção de Vias";"Sim";2;1;1;0;0;0;1;2;-26,30357106;-48,88225609;"SPRF-SC";"DEL03-SC";"UOP01-DEL03-SC"
284368;2020-05-14;"quinta-feira";"09:00:00";"SC";470;143,9;"RIO DO SUL";"Falta de Atenção à Condução";"Colisão lateral";"Com Vítimas Feridas";"Pleno dia";"Crescente";"Nublado";"Simples";"Reta";"Sim";2;0;1;0;1;0;1;2;-27,233143;-49,672886;"SPRF-SC";"DEL04-SC";"UOP02-DEL04-SC"
284369;2020-05-14;"quinta-feira";"08:00:00";"RS";386;286,7;"SAO JOSE DO HERVAL";"Defeito Mecânico no Veículo";"Incêndio";"Sem Vítimas";"Pleno dia";"Crescente";"Céu Claro";"Simples";"Reta";"Não";2;0;0;0;0;2;0;2;-29,07996033;-52,27172613;"SPRF-RS";"DEL04-RS";"UOP03-DEL04-RS"
284370;2020-05-06;"quarta-feira";"18:00:00";"PA";316;68;"CASTANHAL";"Ingestão de Álcool";"Colisão traseira";"Sem Vítimas";"Plena Noite";"Decrescente";"Nublado";"Dupla";"Reta";"Sim";2;0;0;0;2;0;0;2;-1,29440507;-47,88382304;"SPRF-PA";"DEL01-PA";"UOP01-DEL01-PA"
284372;2020-05-14;"quinta-feira";"08:30:00";"MS";163;462,4;"CAMPO GRANDE";"Falta de Atenção à Condução";"Colisão transversal";"Com Vítimas Feridas";"Pleno dia";"Crescente";"Nublado";"Simples";"Reta";"Não";5;0;3;0;2;0;3;2;-20,62069293;-54,5742707;"SPRF-MS";"DEL01-MS";"UOP01-DEL01-MS"
284375;2020-05-14;"quinta-feira";"10:15:00";"PR";376;536;"PALMEIRA";"Defeito Mecânico no Veículo";"Saída de leito carroçável";"Com Vítimas Feridas";"Pleno dia";"Decrescente";"Nublado";"Dupla";"Reta";"Não";2;0;1;0;1;0;1;1;-25,387061;-49,802507;"SPRF-PR";"DEL01-PR";"UOP03-DEL03-PR"
284376;2020-05-14;"quinta-feira";"08:50:00";"PR";277;724,8;"FOZ DO IGUACU";"Falta de Atenção à Condução";"Colisão com objeto estático";"Com Vítimas Feridas";"Pleno dia";"Decrescente";"Céu Claro";"Dupla";"Reta;Aclive";"Sim";1;0;1;0;0;0;1;1;-25,50257577;-54,53868311;"SPRF-PR";"DEL05-PR";"UOP03-DEL05-PR"
284377;2020-05-14;"quinta-feira";"07:30:00";"MT";364;401,9;"SANTO ANTONIO DO LEVERGER";"Defeito Mecânico no Veículo";"Colisão traseira";"Sem Vítimas";"Pleno dia";"Decrescente";"Chuva";"Dupla";"Reta";"Sim";3;0;0;0;2;1;0;3;-15,67210033;-55,94649314;"SPRF-MT";"DEL01-MT";"UOP02-DEL01-MT"
284379;2020-05-08;"sexta-feira";"18:50:00";"RJ";116;144;"DUQUE DE CAXIAS";"Desobediência às normas de trânsito pelo condutor";"Colisão frontal";"Com Vítimas Feridas";"Plena Noite";"Decrescente";"Nublado";"Múltipla";"Reta";"Sim";2;0;1;0;1;0;1;2;-22,67246153;-43,28257084;"SPRF-RJ";"DEL01-RJ";"UOP01-DEL01-RJ"
284383;2020-05-14;"quinta-feira";"11:30:00";"RN";226;137,1;"CAMPO REDONDO";"Pista Escorregadia";"Capotamento";"Com Vítimas Feridas";"Pleno dia";"Decrescente";"Chuva";"Simples";"Reta";"Sim";1;0;1;0;0;0;1;1;-6,19997914;-36,19832509;"SPRF-RN";"DEL03-RN";"UOP02-DEL03-RN"
284385;2020-03-06;"sexta-feira";"08:00:00";"GO";153;502;"GOIANIA";"Falta de Atenção à Condução";"Colisão traseira";"Com Vítimas Feridas";"Pleno dia";"Decrescente";"Céu Claro";"Dupla";"Reta";"Sim";4;0;1;0;3;0;1;4;-16,7287;-49,2424;"SPRF-GO";"DEL01-GO";"UOP01-DEL01-GO"
284388;2020-04-25;"sábado";"03:15:00";"PA";316;45;"SANTA IZABEL DO PARA";"Condutor Dormindo";"Saída de leito carroçável";"Com Vítimas Feridas";"Plena Noite";"Crescente";"Garoa/Chuvisco";"Dupla";"Curva";"Não";2;0;1;0;0;1;1;2;-1,277567;-48,078326;"SPRF-PA";"DEL01-PA";"UOP01-DEL01-PA"
284389;2020-05-14;"quinta-feira";"09:30:00";"RS";285;325,6;"PASSO FUNDO";"Falta de Atenção à Condução";"Saída de leito carroçável";"Com Vítimas Feridas";"Pleno dia";"Decrescente";"Céu Claro";"Simples";"Aclive";"Não";1;0;1;0;0;0;1;1;-28,27475356;-52,68510818;"SPRF-RS";"DEL08-RS";"UOP03-DEL08-RS"
284397;2020-01-16;"quinta-feira";"13:45:00";"CE";20;238,5;"MADALENA";"Falta de Atenção à Condução";"Colisão transversal";"Com Vítimas Feridas";"Pleno dia";"Crescente";"Céu Claro";"Simples";"Em Obras";"Não";4;0;1;0;3;0;1;3;-4,8620782;-39,58048885;"SPRF-CE";"DEL02-CE";"UOP02-DEL02-CE"
284400;2020-05-14;"quinta-feira";"12:50:00";"RS";116;225;"DOIS IRMAOS";"Velocidade Incompatível";"Saída de leito carroçável";"Com Vítimas Fatais";"Pleno dia";"Decrescente";"Céu Claro";"Simples";"Declive;Reta";"Não";1;1;0;0;0;0;0;1;-29,59369512;-51,10793006;"SPRF-RS";"DEL01-RS";"UOP02-DEL01-RS"
284401;2020-05-14;"quinta-feira";"13:00:00";"RS";287;247;"SANTA MARIA";"Desobediência às normas de trânsito pelo condutor";"Colisão transversal";"Com Vítimas Feridas";"Pleno dia";"Crescente";"Céu Claro";"Simples";"Reta;Interseção de Vias;Em Obras";"Sim";2;0;1;0;1;0;1;2;-29,69991534;-53,84176017;"SPRF-RS";"DEL09-RS";"UOP01-DEL09-RS"
284402;2020-05-14;"quinta-feira";"11:30:00";"MG";153;6;"ARAPORA";"Falta de Atenção à Condução";"Saída de leito carroçável";"Com Vítimas Feridas";"Pleno dia";"Decrescente";"Nublado";"Dupla";"Reta";"Não";1;0;1;0;0;0;1;1;-18,469534;-49,18824998;"SPRF-MG";"DEL15-MG";"UOP03-DEL15-MG"
284404;2020-04-30;"quinta-feira";"19:40:00";"SC";282;125;"BOM RETIRO";"Falta de Atenção à Condução";"Colisão frontal";"Com Vítimas Feridas";"Plena Noite";"Decrescente";"Céu Claro";"Simples";"Reta";"Não";7;0;5;0;2;0;5;4;-27,806303;-49,46027;"SPRF-SC";"DEL05-SC";"UOP01-DEL05-SC"
284406;2020-05-06;"quarta-feira";"17:40:00";"SC";480;128,5;"CHAPECO";"Velocidade Incompatível";"Colisão com objeto estático";"Sem Vítimas";"Pleno dia";"Decrescente";"Céu Claro";"Simples";"Interseção de Vias";"Sim";1;0;0;0;1;0;0;1;-27,057201;-52,63586467;"SPRF-SC";"DEL07-SC";"UOP01-DEL07-SC"