"id";"data_inversa";"dia_semana";"horario";"uf";"br";"km";"municipio";"causa_acidente";"tipo_acidente";"classificacao_acidente";"fase_dia";"sentido_via";"condicao_metereologica";"tipo_pista";"tracado_via";"uso_solo";"pessoas";"mortos";"feridos_leves";"feridos_graves";"ilesos";"ignorados";"feridos";"veiculos";"latitude";"longitude";"regional";"delegacia";"uop"
284407;2020-04-21;"terça-feira";"01:00:00";"RS";116;599,7;"ARROIO GRANDE";"Ingestão de Álcool";"Saída de leito carroçável";"Sem Vítimas";"Plena Noite";"Crescente";"Céu Claro";"Simples";"Reta";"Não";1;0;0;0;1;0;0;1;-32,1632228;-52,98018417;"SPRF-RS";"DEL07-RS";"UOP03-DEL07-RS"
284408;2020-05-14;"quinta-feira";"13:55:00";"RJ";40;124;"DUQUE DE CAXIAS";"Falta de Atenção à Condução";"Colisão traseira";"Com Vítimas Feridas";"Pleno dia";"Crescente";"Nublado";"Múltipla";"Reta";"Sim";2;0;1;0;1;0;1;2;-22,807953;-43,289124;"SPRF-RJ";"DEL01-RJ";"UOP01-DEL01-RJ"
284414;2020-03-29;"domingo";"18:35:00";"PA";316;23,9;"BENEVIDES";"Não guardar distância de segurança";"Colisão lateral";"Com Vítimas Feridas";"Anoitecer";"Decrescente";"Céu Claro";"Dupla";"Reta";"Sim";3;0;1;0;2;0;1;3;-1,33890124;-48,24317878;"SPRF-PA";"DEL01-PA";"UOP01-DEL01-PA"
284415;2020-05-14;"quinta-feira";"14:35:00";"PI";343;115,1;"PIRACURUCA";"Defeito Mecânico no Veículo";"Saída de leito carroçável";"Com Vítimas Feridas";"Pleno dia";"Crescente";"Céu Claro";"Simples";"Reta";"Não";1;0;1;0;0;0;1;1;-3,699133;-41,68161;"SPRF-PI";"DEL02-PI";"UOP01-DEL02-PI"
284417;2020-05-14;"quinta-feira";"16:30:00";"MG";40;217;"JOAO PINHEIRO";"Ultrapassagem Indevida";"Colisão lateral";"Com Vítimas Feridas";"Pleno dia";"Crescente";"Céu Claro";"Simples";"Reta";"Não";7;0;7;0;0;0;7;2;-17,95652213;-45,67754;"SPRF-MG";"DEL14-MG";"UOP02-DEL14-MG"
284418;2020-05-14;"quinta-feira";"16:00:00";"ES";101;292;"CARIACICA";"Falta de Atenção à Condução";"Colisão transversal";"Com Vítimas Feridas";"Pleno dia";"Decrescente";"Céu Claro";"Dupla";"Reta";"Sim";2;0;2;0;0;0;2;2;-20,30650512;-40,39488717;"SPRF-ES";"DEL01-ES";"UOP01-DEL01-ES"
284420;2020-05-14;"quinta-feira";"15:30:00";"SP";116;522,1;"CAJATI";"Falta de Atenção à Condução";"Colisão com objeto estático";"Com Vítimas Feridas";"Pleno dia";"Crescente";"Nublado";"Dupla";"Curva";"Não";2;0;1;0;1;0;1;1;-24,90503185;-48,2548732;"SPRF-SP";"DEL05-SP";"UOP02-DEL05-SP"
284421;2020-05-14;"quinta-feira";"17:20:00";"SE";235;54,3;"ITABAIANA";"Desobediência às normas de trânsito pelo condutor";"Colisão transversal";"Com Vítimas Feridas";"Anoitecer";"Decrescente";"Céu Claro";"Simples";"Reta";"Sim";3;0;2;0;1;0;2;2;-10,676047;-37,443279;"SPRF-SE";"DEL01-SE";"UOP02-DEL01-SE"
284422;2020-05-14;"quinta-feira";"17:03:00";"PI";343;591;"FLORIANO";"Desobediência às normas de trânsito pelo condutor";"Colisão transversal";"Com Vítimas Feridas";"Pleno dia";"Crescente";"Céu Claro";"Dupla";"Retorno Regulamentado";"Sim";2;0;1;0;1;0;1;2;-6,781361;-43,023224;"SPRF-PI";"DEL03-PI";"UOP01-DEL03-PI"
284423;2020-05-14;"quinta-feira";"17:05:00";"SP";116;144,7;"SAO JOSE DOS CAMPOS";"Não guardar distância de segurança";"Tombamento";"Com Vítimas Feridas";"Pleno dia";"Decrescente";"Céu Claro";"Dupla";"Reta";"Sim";1;0;0;1;0;0;1;1;-23,18274416;-45,84633592;"SPRF-SP";"DEL02-SP";"UOP01-DEL02-SP"
284426;2020-05-14;"quinta-feira";"17:45:00";"PE";407;121,9;"PETROLINA";"Ultrapassagem Indevida";"Colisão lateral";"Com Vítimas Feridas";"Anoitecer";"Decrescente";"Céu Claro";"Simples";"Reta";"Não";2;0;0;1;1;0;1;2;-9,34588493;-40,55509788;"SPRF-PE";"DEL06-PE";"UOP01-DEL06-PE"
284428;2020-05-14;"quinta-feira";"17:45:00";"DF";20;22;"BRASILIA";"Pista Escorregadia";"Queda de ocupante de veículo";"Com Vítimas Feridas";"Pleno dia";"Decrescente";"Céu Claro";"Dupla";"Aclive;Reta";"Sim";1;0;1;0;0;0;1;1;-15,59834;-47,676186;"SPRF-DF";"DEL02-DF";"UOP01-DEL02-DF"
284430;2020-05-14;"quinta-feira";"16:50:00";"MT";163;831;"SINOP";"Falta de Atenção à Condução";"Colisão traseira";"Com Vítimas Feridas";"Pleno dia";"Crescente";"Céu Claro";"Simples";"Rotatória";"Sim";3;0;2;0;1;0;2;3;-11,891811;-55,50314;"SPRF-MT";"DEL06-MT";"UOP01-DEL06-MT"
284431;2020-05-14;"quinta-feira";"18:00:00";"RJ";101;54;"CAMPOS DOS GOYTACAZES";"Sinalização da via insuficiente ou inadequada";"Engavetamento";"Sem Vítimas";"Anoitecer";"Decrescente";"Céu Claro";"Simples";"Reta";"Não";3;0;0;0;3;0;0;3;-21,66937699;-41,31111673;"SPRF-RJ";"DEL08-RJ";"UOP01-DEL08-RJ"
284432;2020-05-14;"quinta-feira";"17:53:00";"PR";116;2;"SAO JOSE DOS PINHAIS";"Falta de Atenção do Pedestre";"Atropelamento de Pedestre";"Com Vítimas Feridas";"Plena Noite";"Crescente";"Nublado";"Dupla";"Reta";"Sim";2;0;0;1;1;0;1;2;-25,54458608;-49,19083893;"SPRF-PR";"DEL01-PR";"UOP02-DEL01-PR"
284435;2020-05-14;"quinta-feira";"17:05:00";"RO";364;227,8;"CACOAL";"Não guardar distância de segurança";"Colisão traseira";"Com Vítimas Feridas";"Pleno dia";"Crescente";"Nublado";"Simples";"Reta";"Não";2;0;1;0;1;0;1;2;-11,49671749;-61,37410451;"SPRF-RO";"DEL02-RO";"UOP02-DEL02-RO"
284438;2020-05-14;"quinta-feira";"18:25:00";"RJ";101;54;"CAMPOS DOS GOYTACAZES";"Sinalização da via insuficiente ou inadequada";"Colisão traseira";"Sem Vítimas";"Plena Noite";"Crescente";"Nublado";"Simples";"Declive";"Não";3;0;0;0;3;0;0;3;-21,66937699;-41,31111673;"SPRF-RJ";"DEL08-RJ";"UOP01-DEL08-RJ"
284439;2020-05-14;"quinta-feira";"18:00:00";"BA";324;1,7;"FEIRA DE SANTANA";"Falta de Atenção à Condução";"Colisão transversal";"Com Vítimas Feridas";"Plena Noite";"Decrescente";"Nublado";"Simples";"Reta";"Sim";3;0;2;0;1;0;2;2;-12,283;-38,947;"SPRF-BA";"DEL02-BA";"UOP01-DEL02-BA"
284440;2020-05-14;"quinta-feira";"17:15:00";"PR";163;310;"MERCEDES";"Animais na Pista";"Atropelamento de Animal";"Sem Vítimas";"Pleno dia";"Decrescente";"Céu Claro";"Simples";"Reta";"Não";1;0;0;0;1;0;0;1;-24,42653798;-54,16749608;"SPRF-PR";"DEL06-PR";"UOP02-DEL06-PR"
284443;2020-05-14;"quinta-feira";"20:30:00";"GO";153;503;"GOIANIA";"Não guardar distância de segurança";"Colisão traseira";"Com Vítimas Feridas";"Plena Noite";"Crescente";"Céu Claro";"Dupla";"Reta";"Sim";1;0;1;0;0;0;1;1;-16,7366;-49,243;"SPRF-GO";"DEL01-GO";"UOP01-DEL01-GO"
284447;2020-05-14;"quinta-feira";"19:30:00";"SP";116;3;"GUARULHOS";"Falta de Atenção à Condução";"Colisão lateral";"Com Vítimas Feridas";"Plena Noite";"Crescente";"Céu Claro";"Simples";"Rotatória";"Sim";2;0;1;0;1;0;1;2;-23,463257;-46,53373;"SPRF-SP";"DEL01-SP";"UOP01-DEL01-SP"
284448;2020-05-14;"quinta-feira";"18:40:00";"PR";476;133;"CURITIBA";"Falta de Atenção à Condução";"Tombamento";"Com Vítimas Feridas";"Plena Noite";"Decrescente";"Nublado";"Múltipla";"Reta";"Sim";1;0;1;0;0;0;1;1;-25,469219;-49,254143;"SPRF-PR";"DEL01-PR";"UOP03-DEL01-PR"
284450;2020-05-14;"quinta-feira";"18:40:00";"SC";101;33;"JOINVILLE";"Não guardar distância de segurança";"Colisão traseira";"Com Vítimas Feridas";"Plena Noite";"Crescente";"Nublado";"Dupla";"Reta";"Não";3;0;1;0;1;1;1;2;-26,25370179;-48,90563965;"SPRF-SC";"DEL03-SC";"UOP01-DEL03-SC"
284453;2020-05-14;"quinta-feira";"19:42:00";"AP";156;371;"FERREIRA GOMES";"Ingestão de Álcool";"Colisão com objeto em movimento";"Com Vítimas Feridas";"Plena Noite";"Decrescente";"Garoa/Chuvisco";"Simples";"Ponte";"Não";2;0;0;1;1;0;1;2;0,79299208;-51,24068804;"SPRF-AP";"DEL01-AP";"UOP01-DEL01-AP"
284454;2020-04-24;"sexta-feira";"20:20:00";"RS";470;209;"BENTO GONCALVES";"Ingestão de Álcool";"Capotamento";"Sem Vítimas";"Plena Noite";"Decrescente";"Céu Claro";"Simples";"Reta";"Não";1;0;0;0;1;0;0;1;-29,10894598;-51,54542236;"SPRF-RS";"DEL06-RS";"UOP01-DEL06-RS"
284457;2020-05-14;"quinta-feira";"19:15:00";"MS";163;476,1;"CAMPO GRANDE";"Desobediência às normas de trânsito pelo condutor";"Atropelamento de Pedestre";"Com Vítimas Fatais";"Plena Noite";"Decrescente";"Céu Claro";"Simples";"Reta";"Sim";3;1;1;0;0;1;1;3;-20,51162825;-54,56030973;"SPRF-MS";"DEL01-MS";"UOP01-DEL01-MS"
284460;2020-05-14;"quinta-feira";"19:40:00";"SC";282;624,4;"IRACEMINHA";"Falta de Atenção à Condução";"Tombamento";"Com Vítimas Feridas";"Plena Noite";"Crescente";"Céu Claro";"Simples";"Interseção de Vias";"Não";1;0;1;0;0;0;1;1;-26,798008;-53,34169;"SPRF-SC";"DEL07-SC";"UOP02-DEL07-SC"
284464;2020-05-14;"quinta-feira";"19:05:00";"AC";364;138;"RIO BRANCO";"Avarias e/ou desgaste excessivo no pneu";"Tombamento";"Com Vítimas Feridas";"Plena Noite";"Crescente";"Nublado";"Dupla";"Reta";"Sim";1;0;1;0;0;0;1;1;-9,96112502;-67,85646604;"SPRF-AC";"DEL01-AC";"UOP01-DEL01-AC"
284465;2020-05-14;"quinta-feira";"18:15:00";"RO";364;438;"JARU";"Falta de Atenção à Condução";"Saída de leito carroçável";"Sem Vítimas";"Plena Noite";"Crescente";"Nublado";"Simples";"Reta";"Não";3;0;0;0;3;0;0;1;-10,36530904;-62,56654003;"SPRF-RO";"DEL03-RO";"UOP02-DEL03-RO"
284467;2020-05-14;"quinta-feira";"19:00:00";"RJ";101;255;"RIO BONITO";"Objeto estático sobre o leito carroçável";"Colisão com objeto estático";"Com Vítimas Feridas";"Plena Noite";"Decrescente";"Nublado";"Dupla";"Reta";"Não";1;0;1;0;0;0;1;1;-22,69421578;-42,55904705;"SPRF-RJ";"DEL02-RJ";"UOP03-DEL02-RJ"
284470;2020-05-14;"quinta-feira";"17:30:00";"AC";364;125;"RIO BRANCO";"Defeito na Via";"Tombamento";"Com Vítimas Feridas";"Plena Noite";"Decrescente";"Nublado";"Dupla";"Reta";"Sim";1;0;1;0;0;0;1;1;-10,01280606;-67,80005697;"SPRF-AC";"DEL01-AC";"UOP01-DEL01-AC"
284474;2020-05-14;"quinta-feira";"18:30:00";"RS";290;162;"ARROIO DOS RATOS";"Falta de Atenção do Pedestre";"Atropelamento de Pedestre";"Com Vítimas Feridas";"Plena Noite";"Crescente";"Nublado";"Simples";"Reta";"Não";2;0;1;0;1;0;1;2;-30,113115;-51,828625;"SPRF-RS";"DEL02-RS";"UOP02-DEL02-RS"
284476;2020-05-14;"quinta-feira";"21:10:00";"GO";40;2;"VALPARAISO DE GOIAS";"Falta de Atenção à Condução";"Colisão traseira";"Com Vítimas Feridas";"Plena Noite";"Crescente";"Chuva";"Dupla";"Reta";"Sim";2;0;1;0;1;0;1;2;-16,067129;-47,984235;"SPRF-DF";"DEL01-DF";"UOP01-DEL01-DF"
284479;2020-05-14;"quinta-feira";"18:05:00";"MT";174;176,2;"PORTO ESPERIDIAO";"Velocidade Incompatível";"Colisão transversal";"Com Vítimas Fatais";"Anoitecer";"Crescente";"Céu Claro";"Simples";"Reta";"Não";4;1;0;1;2;0;1;2;-15,8524937;-58,5267061;"SPRF-MT";"DEL03-MT";"UOP01-DEL03-MT"
284480;2020-05-14;"quinta-feira";"20:45:00";"SC";282;37;"AGUAS MORNAS";"Ingestão de Álcool";"Colisão lateral";"Com Vítimas Feridas";"Plena Noite";"Crescente";"Céu Claro";"Simples";"Curva";"Não";2;0;1;0;1;0;1;2;-27,70868023;-48,85108083;"SPRF-SC";"DEL01-SC";"UOP03-DEL01-SC"
284481;2020-05-14;"quinta-feira";"18:20:00";"RO";435;82;"COLORADO DO OESTE";"Animais na Pista";"Atropelamento de Animal";"Com Vítimas Feridas";"Plena Noite";"Crescente";"Céu Claro";"Simples";"Reta";"Não";1;0;1;0;0;0;1;1;-13,11453938;-60,50579894;"SPRF-RO";"DEL04-RO";"UOP02-DEL04-RO"
284482;2020-05-14;"quinta-feira";"21:49:00";"RJ";116;173;"BELFORD ROXO";"Falta de Atenção à Condução";"Colisão traseira";"Sem Vítimas";"Plena Noite";"Crescente";"Chuva";"Múltipla";"Reta";"Sim";2;0;0;0;1;1;0;2;-22,77337208;-43,40312004;"SPRF-RJ";"DEL01-RJ";"UOP02-DEL01-RJ"
284484;2020-05-14;"quinta-feira";"23:10:00";"MG";40;526;"CONTAGEM";"Velocidade Incompatível";"Queda de ocupante de veículo";"Com Vítimas Feridas";"Plena Noite";"Decrescente";"Chuva";"Simples";"Curva";"Sim";1;0;1;0;0;0;1;1;-19,90140212;-44,04911935;"SPRF-MG";"DEL01-MG";"UOP02-DEL01-MG"
284486;2020-05-14;"quinta-feira";"22:20:00";"SC";282;210;"SAO JOSE";"Objeto estático sobre o leito carroçável";"Colisão com objeto estático";"Com Vítimas Feridas";"Plena Noite";"Decrescente";"Céu Claro";"Múltipla";"Reta";"Sim";2;0;1;0;0;1;1;2;-27,6124313;-48,64104878;"SPRF-SC";"DEL05-SC";"UOP01-DEL05-SC"
284488;2020-05-15;"sexta-feira";"00:20:00";"SP";116;231;"SAO PAULO";"Falta de Atenção à Condução";"Colisão traseira";"Com Vítimas Feridas";"Plena Noite";"Crescente";"Nublado";"Múltipla";"Reta";"Sim";2;0;1;0;0;1;1;2;-23,5278138;-46,58887625;"SPRF-SP";"DEL01-SP";"UOP01-DEL01-SP"
284489;2020-05-14;"quinta-feira";"21:00:00";"MT";70;13;"BARRA DO GARCAS";"Falta de Atenção à Condução";"Colisão lateral";"Com Vítimas Feridas";"Pleno dia";"Decrescente";"Céu Claro";"Simples";"Curva";"Não";3;0;0;2;1;0;2;2;-15,8785066;-52,37092794;"SPRF-MT";"DEL07-MT";"UOP01-DEL07-MT"
284490;2020-05-14;"quinta-feira";"21:45:00";"RN";406;159,1;"CEARA-MIRIM";"Defeito na Via";"Queda de ocupante de veículo";"Com Vítimas Feridas";"Plena Noite";"Decrescente";"Chuva";"Simples";"Reta";"Não";2;0;1;0;1;0;1;1;-5,70340528;-35,3800106;"SPRF-RN";"DEL02-RN";"UOP01-DEL02-RN"
284491;2020-05-15;"sexta-feira";"00:50:00";"GO";40;7;"VALPARAISO DE GOIAS";"Ingestão de Álcool";"Saída de leito carroçável";"Sem Vítimas";"Plena Noite";"Crescente";"Nublado";"Dupla";"Reta";"Sim";1;0;0;0;0;1;0;1;-16,108482;-47,972524;"SPRF-DF";"DEL01-DF";"UOP01-DEL01-DF"
284492;2020-05-14;"quinta-feira";"23:00:00";"MG";381;938,2;"EXTREMA";"Velocidade Incompatível";"Colisão traseira";"Com Vítimas Feridas";"Plena Noite";"Crescente";"Chuva";"Dupla";"Curva";"Não";2;0;1;0;1;0;1;2;-22,81734234;-46,29419988;"SPRF-MG";"DEL16-MG";"UOP03-DEL16-MG"
284497;2020-05-15;"sexta-feira";"05:00:00";"SP";116;104;"TAUBATE";"Pista Escorregadia";"Colisão com objeto estático";"Sem Vítimas";"Plena Noite";"Decrescente";"Chuva";"Dupla";"Reta";"Não";1;0;0;0;1;0;0;1;-23,00340176;-45,50626912;"SPRF-SP";"DEL06-SP";"UOP01-DEL06-SP"
284498;2020-05-15;"sexta-feira";"04:00:00";"SP";381;3,8;"VARGEM";"Falta de Atenção à Condução";"Colisão com objeto estático";"Sem Vítimas";"Plena Noite";"Crescente";"Nublado";"Dupla";"Reta";"Não";1;0;0;0;0;1;0;1;-22,87841483;-46,39917107;"SPRF-SP";"DEL03-SP";"UOP01-DEL03-SP"
284499;2020-05-15;"sexta-feira";"05:10:00";"PR";369;179;"ARAPONGAS";"Desobediência às normas de trânsito pelo condutor";"Tombamento";"Com Vítimas Feridas";"Plena Noite";"Decrescente";"Céu Claro";"Dupla";"Reta";"Não";1;0;1;0;0;0;1;1;-23,36082093;-51,39886114;"SPRF-PR";"DEL07-PR";"UOP03-DEL07-PR"
284500;2020-05-15;"sexta-feira";"06:05:00";"DF";20;2;"BRASILIA";"Ingestão de Álcool";"Saída de leito carroçável";"Sem Vítimas";"Pleno dia";"Crescente";"Garoa/Chuvisco";"Dupla";"Reta";"Sim";1;0;0;0;1;0;0;1;-15,68177872;-47,836833;"SPRF-DF";"DEL02-DF";"UOP01-DEL02-DF"
284501;2020-05-15;"sexta-feira";"05:45:00";"MG";354;703,8;"CAXAMBU";"Condutor Dormindo";"Colisão frontal";"Com Vítimas Feridas";"Amanhecer";"Crescente";"Nublado";"Simples";"Reta";"Sim";2;0;1;1;0;0;2;2;-21,97540939;-44,92323124;"SPRF-MG";"DEL17-MG";"UOP01-DEL17-MG"
284502;2020-05-15;"sexta-feira";"02:40:00";"SC";470;126,3;"LONTRAS";"Ingestão de Álcool";"Saída de leito carroçável";"Sem Vítimas";"Plena Noite";"Decrescente";"Nublado";"Simples";"Reta";"Sim";1;0;0;0;1;0;0;1;-27,129;-49,538277;"SPRF-SC";"DEL04-SC";"UOP02-DEL04-SC"
284504;2020-05-15;"sexta-feira";"05:45:00";"BA";242;593;"MUQUEM DE SAO FRANCISCO";"Condutor Dormindo";"Colisão frontal";"Com Vítimas Fatais";"Amanhecer";"Crescente";"Céu Claro";"Simples";"Reta";"Não";7;1;1;0;3;2;1;3;-12,159079;-43,295326;"SPRF-BA";"DEL06-BA";"UOP03-DEL06-BA"
284507;2020-05-15;"sexta-feira";"00:40:00";"SC";282;188;"BOCAINA DO SUL";"Defeito Mecânico no Veículo";"Incêndio";"Sem Vítimas";"Plena Noite";"Decrescente";"Céu Claro";"Simples";"Rotatória";"Não";1;0;0;0;1;0;0;1;-27,736822;-50,016792;"SPRF-SC";"DEL05-SC";"UOP01-DEL05-SC"
284508;2020-05-14;"quinta-feira";"14:40:00";"ES";101;150;"LINHARES";"Falta de Atenção à Condução";"Colisão traseira";"Com Vítimas Feridas";"Pleno dia";"Decrescente";"Céu Claro";"Simples";"Reta";"Sim";2;0;1;0;1;0;1;2;-19,40436634;-40,06078896;"SPRF-ES";"DEL04-ES";"UOP01-DEL04-ES"
284510;2020-05-15;"sexta-feira";"06:40:00";"PB";101;67;"SANTA RITA";"Defeito Mecânico no Veículo";"Saída de leito carroçável";"Com Vítimas Feridas";"Pleno dia";"Crescente";"Chuva";"Dupla";"Reta";"Não";1;0;1;0;0;0;1;1;-7,05298058;-35,03595029;"SPRF-PB";"DEL01-PB";"UOP04-DEL01-PB"
284514;2020-05-15;"sexta-feira";"07:45:00";"PR";376;181,9;"MARINGA";"Falta de Atenção à Condução";"Colisão lateral";"Com Vítimas Feridas";"Pleno dia";"Decrescente";"Céu Claro";"Dupla";"Rotatória";"Sim";2;0;1;0;1;0;1;2;-23,43197477;-51,88671852;"SPRF-PR";"DEL09-PR";"UOP01-DEL09-PR"
284515;2020-05-15;"sexta-feira";"07:40:00";"DF";70;6,3;"BRASILIA";"Não guardar distância de segurança";"Colisão traseira";"Sem Vítimas";"Pleno dia";"Decrescente";"Garoa/Chuvisco";"Dupla";"Reta";"Sim";2;0;0;0;2;0;0;2;-15,791242;-48,105759;"SPRF-DF";"DEL03-DF";"UOP02-DEL03-DF"
284517;2020-05-15;"sexta-feira";"07:40:00";"PR";369;148;"LONDRINA";"Falta de Atenção à Condução";"Tombamento";"Com Vítimas Feridas";"Pleno dia";"Crescente";"Céu Claro";"Simples";"Declive";"Sim";3;0;1;0;0;2;1;2;-23,292816;-51,147697;"SPRF-PR";"DEL07-PR";"UOP01-DEL07-PR"
284518;2020-05-15;"sexta-feira";"01:00:00";"MG";381;521,6;"BRUMADINHO";"Pista Escorregadia";"Saída de leito carroçável";"Sem Vítimas";"Plena Noite";"Decrescente";"Chuva";"Dupla";"Curva";"Não";1;0;0;0;1;0;0;1;-20,13846621;-44,31715274;"SPRF-MG";"DEL04-MG";"UOP03-DEL04-MG"
284521;2020-05-15;"sexta-feira";"07:00:00";"MG";381;903,6;"CAMBUI";"Velocidade Incompatível";"Colisão com objeto estático";"Com Vítimas Feridas";"Amanhecer";"Decrescente";"Céu Claro";"Dupla";"Curva";"Não";2;0;1;0;1;0;1;1;-22,68185904;-46,10140424;"SPRF-MG";"DEL16-MG";"UOP03-DEL16-MG"
284522;2020-04-20;"segunda-feira";"18:35:00";"RS";290;58,3;"GLORINHA";"Falta de Atenção à Condução";"Saída de leito carroçável";"Com Vítimas Feridas";"Plena Noite";"Crescente";"Céu Claro";"Dupla";"Reta";"Não";1;0;1;0;0;0;1;1;-29,920788;-50,838261;"SPRF-RS";"DEL03-RS";"UOP01-DEL03-RS"
284523;2020-05-15;"sexta-feira";"08:45:00";"RN";101;77,6;"NATAL";"Desobediência às normas de trânsito pelo condutor";"Colisão transversal";"Com Vítimas Feridas";"Pleno dia";"Crescente";"Nublado";"Dupla";"Reta";"Não";3;0;1;1;1;0;2;2;-5,73180495;-35,29112135;"SPRF-RN";"DEL02-RN";"UOP01-DEL02-RN"
284524;2020-05-15;"sexta-feira";"08:45:00";"MG";116;672,4;"MIRADOURO";"Falta de Atenção à Condução";"Saída de leito carroçável";"Com Vítimas Feridas";"Pleno dia";"Crescente";"Chuva";"Simples";"Curva";"Não";3;0;2;0;1;0;2;1;-20,88156442;-42,33728373;"SPRF-MG";"DEL07-MG";"UOP03-DEL07-MG"
284527;2020-05-15;"sexta-feira";"08:10:00";"MG";381;686,6;"LAVRAS";"Velocidade Incompatível";"Saída de leito carroçável";"Com Vítimas Feridas";"Pleno dia";"Decrescente";"Garoa/Chuvisco";"Dupla";"Curva";"Não";2;0;1;0;1;0;1;1;-21,20030689;-45,11944438;"SPRF-MG";"DEL04-MG";"UOP02-DEL04-MG"
284532;2020-03-12;"quinta-feira";"11:45:00";"SC";280;55,2;"GUARAMIRIM";"Falta de Atenção à Condução";"Colisão transversal";"Com Vítimas Feridas";"Pleno dia";"Crescente";"Céu Claro";"Simples";"Reta";"Sim";2;0;1;0;1;0;1;2;-26,47584353;-48,9937858;"SPRF-SC";"DEL03-SC";"UOP03-DEL03-SC"
284533;2020-05-15;"sexta-feira";"09:15:00";"SP";116;218,5;"GUARULHOS";"Pista Escorregadia";"Tombamento";"Com Vítimas Feridas";"Pleno dia";"Crescente";"Garoa/Chuvisco";"Simples";"Curva";"Sim";2;0;2;0;0;0;2;1;-23,45899956;-46,48909179;"SPRF-SP";"DEL01-SP";"UOP01-DEL01-SP"
284534;2020-04-05;"domingo";"10:35:00";"PR";116;68;"CAMPINA GRANDE DO SUL";"Velocidade Incompatível";"Colisão traseira";"Com Vítimas Feridas";"Pleno dia";"Crescente";"Céu Claro";"Dupla";"Reta";"Não";2;0;1;0;1;0;1;2;-25,32365502;-49,02531697;"SPRF-PR";"DEL01-PR";"UOP01-DEL01-PR"
284536;2020-05-15;"sexta-feira";"09:50:00";"PI";343;13,9;"PARNAIBA";"Ingestão de Álcool";"Colisão com objeto estático";"Sem Vítimas";"Pleno dia";"Crescente";"Céu Claro";"Dupla";"Reta";"Sim";1;0;0;0;1;0;0;1;-2,92853313;-41,75377607;"SPRF-PI";"DEL05-PI";"UOP01-DEL05-PI"
284537;2020-05-15;"sexta-feira";"08:00:00";"SP";116;270;"TABOAO DA SERRA";"Pista Escorregadia";"Tombamento";"Com Vítimas Feridas";"Pleno dia";"Decrescente";"Céu Claro";"Múltipla";"Reta";"Sim";1;0;1;0;0;0;1;1;-23,61799728;-46,79677694;"SPRF-SP";"DEL04-SP";"UOP01-DEL04-SP"
284540;2020-05-15;"sexta-feira";"09:35:00";"RJ";101;319,5;"SAO GONCALO";"Falta de Atenção à Condução";"Colisão com objeto estático";"Com Vítimas Feridas";"Pleno dia";"Crescente";"Garoa/Chuvisco";"Múltipla";"Reta";"Sim";2;0;1;0;1;0;1;2;-22,85411774;-43,1018014;"SPRF-RJ";"DEL02-RJ";"UOP01-DEL02-RJ"
284542;2020-05-15;"sexta-feira";"09:45:00";"PR";476;121;"CURITIBA";"Velocidade Incompatível";"Colisão traseira";"Com Vítimas Feridas";"Pleno dia";"Crescente";"Nublado";"Dupla";"Reta";"Sim";2;0;1;0;1;0;1;2;-25,379221;-49,197685;"SPRF-PR";"DEL01-PR";"UOP07-DEL01-PR"
284544;2020-05-15;"sexta-feira";"08:40:00";"AC";317;175;"CAPIXABA";"Defeito na Via";"Saída de leito carroçável";"Com Vítimas Feridas";"Pleno dia";"Crescente";"Sol";"Simples";"Declive";"Sim";1;0;1;0;0;0;1;1;-10,59260083;-67,92489602;"SPRF-AC";"DEL01-AC";"UOP02-DEL01-AC"
284545;2020-05-15;"sexta-feira";"10:30:00";"ES";101;65;"SAO MATEUS";"Desobediência às normas de trânsito pelo condutor";"Colisão lateral";"Com Vítimas Feridas";"Pleno dia";"Crescente";"Céu Claro";"Simples";"Reta";"Sim";1;0;1;0;0;0;1;1;-18,70935945;-39,87762087;"SPRF-ES";"DEL04-ES";"UOP02-DEL04-ES"
284546;2020-05-15;"sexta-feira";"10:00:00";"ES";482;71,4;"ALEGRE";"Velocidade Incompatível";"Colisão lateral";"Com Vítimas Feridas";"Pleno dia";"Decrescente";"Chuva";"Simples";"Curva";"Sim";5;0;5;0;0;0;5;2;-20,76574608;-41,44656008;"SPRF-ES";"DEL03-ES";"UOP02-DEL03-ES"
284547;2020-05-11;"segunda-feira";"08:30:00";"RR";174;321;"CARACARAI";"Velocidade Incompatível";"Saída de leito carroçável";"Sem Vítimas";"Pleno dia";"Crescente";"Ignorado";"Simples";"Curva";"Não";1;0;0;0;0;1;0;1;1,49860458;-60,97360611;"SPRF-RR";"DEL01-RR";"UOP01-DEL01-RR"
284548;2020-05-15;"sexta-feira";"11:00:00";"ES";101;302,2;"VIANA";"Velocidade Incompatível";"Colisão traseira";"Com Vítimas Feridas";"Pleno dia";"Crescente";"Nublado";"Dupla";"Reta";"Sim";2;0;1;0;1;0;1;2;-20,36958283;-40,44384551;"SPRF-ES";"DEL01-ES";"UOP01-DEL01-ES"
284549;2020-05-12;"terça-feira";"00:25:00";"SC";0;0;"TUBARAO";"Falta de Atenção à Condução";"Colisão com objeto estático";"Sem Vítimas";"Plena Noite";"Não Informado";"Céu Claro";"Simples";"Reta";"Sim";1;0;0;0;1;0;0;1;-28,48014049;-49,00327206;"SPRF-SC";"DEL02-SC";"UOP01-DEL02-SC"
284550;2020-05-15;"sexta-feira";"11:40:00";"MG";262;492,2;"MOEMA";"Desobediência às normas de trânsito pelo condutor";"Colisão transversal";"Com Vítimas Feridas";"Pleno dia";"Decrescente";"Céu Claro";"Simples";"Interseção de Vias;Rotatória";"Não";2;0;1;0;1;0;1;2;-19,78179443;-45,36099191;"SPRF-MG";"DEL08-MG";"UOP03-DEL08-MG"