"id";"data_inversa";"dia_semana";"horario";"uf";"br";"km";"municipio";"causa_acidente";"tipo_acidente";"classificacao_acidente";"fase_dia";"sentido_via";"condicao_metereologica";"tipo_pista";"tracado_via";"uso_solo";"pessoas";"mortos";"feridos_leves";"feridos_graves";"ilesos";"ignorados";"feridos";"veiculos";"latitude";"longitude";"regional";"delegacia";"uop"
284885;2020-05-17;"domingo";"02:30:00";"MT";364;235,8;"RONDONOPOLIS";"Falta de Atenção à Condução";"Saída de leito carroçável";"Com Vítimas Feridas";"Plena Noite";"Crescente";"Nublado";"Dupla";"Reta";"Sim";1;0;1;0;0;0;1;1;-16,22248696;-54,77953416;"SPRF-MT";"DEL02-MT";"UOP01-DEL02-MT"
284886;2020-05-17;"domingo";"05:20:00";"SC";282;470,4;"PONTE SERRADA";"Avarias e/ou desgaste excessivo no pneu";"Tombamento";"Com Vítimas Feridas";"Amanhecer";"Decrescente";"Céu Claro";"Simples";"Curva";"Não";2;0;2;0;0;0;2;1;-26,862293;-52,12109;"SPRF-SC";"DEL07-SC";"UOP01-DEL07-SC"
284887;2020-05-16;"sábado";"13:00:00";"BA";0;0;"EUNAPOLIS";"Não guardar distância de segurança";"Colisão lateral";"Com Vítimas Feridas";"Pleno dia";"Não Informado";"Céu Claro";"Simples";"Interseção de Vias";"Sim";2;0;1;0;1;0;1;2;-16,373801;-39,574603;"SPRF-BA";"DEL09-BA";"UOP01-DEL09-BA"
284888;2020-05-17;"domingo";"06:50:00";"SC";280;126,6;"RIO NEGRINHO";"Desobediência às normas de trânsito pelo pedestre";"Colisão lateral";"Sem Vítimas";"Amanhecer";"Decrescente";"Nublado";"Simples";"Declive;Reta";"Sim";2;0;0;0;2;0;0;2;-26,23779604;-49,49427399;"SPRF-SC";"DEL06-SC";"UOP03-DEL06-SC"
284891;2020-05-15;"sexta-feira";"14:00:00";"PE";232;61;"POMBOS";"Falta de Atenção à Condução";"Saída de leito carroçável";"Sem Vítimas";"Pleno dia";"Crescente";"Céu Claro";"Simples";"Curva";"Não";1;0;0;0;0;1;0;1;-8,1519066;-35,4153532;"SPRF-PE";"DEL02-PE";"UOP02-DEL02PE"
284892;2020-05-17;"domingo";"05:30:00";"RS";470;235,9;"CARLOS BARBOSA";"Ingestão de Álcool";"Saída de leito carroçável";"Sem Vítimas";"Pleno dia";"Crescente";"Céu Claro";"Simples";"Curva";"Não";1;0;0;0;1;0;0;1;-29,30805169;-51,48653291;"SPRF-RS";"DEL06-RS";"UOP01-DEL06-RS"
284893;2020-05-17;"domingo";"02:15:00";"RJ";116;76,4;"TERESOPOLIS";"Falta de Atenção à Condução";"Capotamento";"Sem Vítimas";"Plena Noite";"Decrescente";"Nublado";"Simples";"Curva";"Sim";1;0;0;0;0;1;0;1;-22,36124312;-42,94876288;"SPRF-RJ";"DEL04-RJ";"UOP01-DEL04-RJ"
284894;2020-05-17;"domingo";"08:35:00";"MG";381;513,5;"IGARAPE";"Velocidade Incompatível";"Tombamento";"Com Vítimas Feridas";"Pleno dia";"Crescente";"Sol";"Dupla";"Reta";"Sim";1;0;1;0;0;0;1;1;-20,07994415;-44,30642903;"SPRF-MG";"DEL01-MG";"UOP03-DEL01-MG"
284895;2020-05-16;"sábado";"23:55:00";"MT";163;593;"NOVA MUTUM";"Ingestão de Álcool";"Queda de ocupante de veículo";"Com Vítimas Feridas";"Plena Noite";"Decrescente";"Céu Claro";"Simples";"Reta";"Não";1;0;1;0;0;0;1;1;-13,96991203;-56,0983846;"SPRF-MT";"DEL01-MT";"UOP01-DEL01-MT"
284896;2020-05-17;"domingo";"01:26:00";"RJ";116;140,6;"DUQUE DE CAXIAS";"Desobediência às normas de trânsito pelo pedestre";"Atropelamento de Pedestre";"Com Vítimas Feridas";"Plena Noite";"Decrescente";"Céu Claro";"Dupla";"Reta";"Sim";2;0;1;0;0;1;1;2;-22,66263073;-43,25564146;"SPRF-RJ";"DEL01-RJ";"UOP01-DEL01-RJ"
284897;2020-05-17;"domingo";"09:20:00";"GO";50;248;"CATALAO";"Velocidade Incompatível";"Saída de leito carroçável";"Com Vítimas Feridas";"Pleno dia";"Crescente";"Sol";"Dupla";"Reta";"Não";1;0;1;0;0;0;1;1;-17,9522;-47,7883;"SPRF-GO";"DEL06-GO";"UOP01-DEL06-GO"
284898;2020-05-17;"domingo";"04:30:00";"PB";361;36,2;"CATINGUEIRA";"Animais na Pista";"Saída de leito carroçável";"Com Vítimas Feridas";"Amanhecer";"Decrescente";"Nublado";"Simples";"Reta";"Não";2;0;1;0;1;0;1;1;-7,09077111;-37,56284298;"SPRF-PB";"DEL03-PB";"UOP01-DEL03-PB"
284899;2020-05-17;"domingo";"08:30:00";"MS";163;254,7;"DOURADOS";"Falta de Atenção à Condução";"Saída de leito carroçável";"Com Vítimas Feridas";"Pleno dia";"Crescente";"Céu Claro";"Dupla";"Curva";"Sim";1;0;1;0;0;0;1;1;-22,26140765;-54,80437886;"SPRF-MS";"DEL04-MS";"UOP01-DEL04-MS"
284900;2020-05-17;"domingo";"00:30:00";"RN";226;7,6;"NATAL";"Falta de Atenção à Condução";"Colisão com objeto estático";"Com Vítimas Feridas";"Plena Noite";"Crescente";"Nublado";"Simples";"Reta";"Sim";2;0;1;0;0;1;1;2;-5,83365557;-35,27893424;"SPRF-RN";"DEL01-RN";"UOP02-DEL01-RN"
284901;2020-05-17;"domingo";"09:30:00";"RS";153;35;"TRES ARROIOS";"Mal Súbito";"Saída de leito carroçável";"Com Vítimas Feridas";"Pleno dia";"Decrescente";"Céu Claro";"Simples";"Curva";"Não";1;0;1;0;0;0;1;1;-27,55334896;-52,20378104;"SPRF-RS";"DEL08-RS";"UOP04-DEL08-RS"
284902;2020-04-26;"domingo";"01:15:00";"RS";101;3,9;"TORRES";"Ingestão de Álcool";"Saída de leito carroçável";"Sem Vítimas";"Plena Noite";"Crescente";"Céu Claro";"Dupla";"Reta";"Sim";1;0;0;0;1;0;0;1;-29,32474865;-49,77922041;"SPRF-RS";"DEL03-RS";"UOP02-DEL03-RS"
284904;2020-05-17;"domingo";"09:30:00";"SC";470;45,1;"BLUMENAU";"Falta de Atenção à Condução";"Colisão traseira";"Com Vítimas Feridas";"Pleno dia";"Crescente";"Céu Claro";"Simples";"Reta";"Não";3;0;1;0;2;0;1;2;-26,867064;-49,031109;"SPRF-SC";"DEL04-SC";"UOP01-DEL04-SC"
284907;2020-05-17;"domingo";"09:50:00";"MG";116;413;"GOVERNADOR VALADARES";"Desobediência às normas de trânsito pelo condutor";"Colisão transversal";"Sem Vítimas";"Pleno dia";"Crescente";"Nublado";"Simples";"Reta";"Sim";2;0;0;0;1;1;0;2;-18,873907;-41,966366;"SPRF-MG";"DEL06-MG";"UOP01-DEL06-MG"
284909;2020-05-17;"domingo";"10:30:00";"GO";60;4;"SANTO ANTONIO DO DESCOBERTO";"Falta de Atenção à Condução";"Saída de leito carroçável";"Com Vítimas Feridas";"Pleno dia";"Decrescente";"Céu Claro";"Dupla";"Curva";"Não";2;0;1;0;0;1;1;2;-16,06960031;-48,26490879;"SPRF-DF";"DEL03-DF";"UOP01-DEL03-DF"
284910;2020-05-17;"domingo";"10:00:00";"RS";290;255;"CACHOEIRA DO SUL";"Defeito Mecânico no Veículo";"Colisão frontal";"Com Vítimas Feridas";"Pleno dia";"Decrescente";"Céu Claro";"Simples";"Reta";"Não";3;0;2;0;1;0;2;2;-30,248507;-52,774807;"SPRF-RS";"DEL02-RS";"UOP02-DEL02-RS"
284913;2020-05-17;"domingo";"11:40:00";"MG";354;752,5;"ITAMONTE";"Velocidade Incompatível";"Tombamento";"Com Vítimas Feridas";"Pleno dia";"Crescente";"Sol";"Simples";"Reta";"Sim";2;0;2;0;0;0;2;1;-22,29340799;-44,86366398;"SPRF-MG";"DEL17-MG";"UOP01-DEL17-MG"
284914;2020-05-17;"domingo";"10:15:00";"RS";116;200,9;"PICADA CAFE";"Velocidade Incompatível";"Tombamento";"Com Vítimas Feridas";"Pleno dia";"Decrescente";"Sol";"Simples";"Curva";"Não";1;0;1;0;0;0;1;1;-29,48890588;-51,13828706;"SPRF-RS";"DEL05-RS";"UOP02-DEL05-RS"
284915;2020-05-17;"domingo";"08:40:00";"MG";381;157,2;"GOVERNADOR VALADARES";"Restrição de Visibilidade";"Colisão traseira";"Com Vítimas Feridas";"Pleno dia";"Decrescente";"Chuva";"Simples";"Reta";"Não";2;0;0;1;1;0;1;2;-18,91099925;-42,00762101;"SPRF-MG";"DEL06-MG";"UOP01-DEL06-MG"
284916;2020-05-16;"sábado";"21:09:00";"RN";406;160,8;"CEARA-MIRIM";"Defeito na Via";"Tombamento";"Com Vítimas Feridas";"Plena Noite";"Decrescente";"Céu Claro";"Simples";"Reta;Em Obras";"Sim";2;0;0;2;0;0;2;1;-5,70003174;-35,32310486;"SPRF-RN";"DEL02-RN";"UOP01-DEL02-RN"
284917;2020-05-17;"domingo";"10:30:00";"PI";343;453,4;"SAO PEDRO DO PIAUI";"Desobediência às normas de trânsito pelo condutor";"Colisão transversal";"Com Vítimas Fatais";"Pleno dia";"Decrescente";"Sol";"Simples";"Interseção de Vias";"Não";3;1;0;0;2;0;0;2;-5,936215;-42,709904;"SPRF-PI";"DEL01-PI";"UOP02-DEL01-PI"
284918;2020-05-17;"domingo";"11:50:00";"DF";20;4;"BRASILIA";"Desobediência às normas de trânsito pelo condutor";"Colisão transversal";"Com Vítimas Feridas";"Pleno dia";"Decrescente";"Céu Claro";"Dupla";"Reta";"Sim";3;0;1;1;1;0;2;2;-15,675484;-47,823761;"SPRF-DF";"DEL02-DF";"UOP01-DEL02-DF"
284920;2020-05-17;"domingo";"09:30:00";"MT";364;308,2;"JACIARA";"Ingestão de Álcool";"Saída de leito carroçável";"Sem Vítimas";"Pleno dia";"Decrescente";"Céu Claro";"Dupla";"Declive;Reta";"Não";1;0;0;0;1;0;0;1;-15,81860731;-55,22097308;"SPRF-MT";"DEL05-MT";"UOP02-DEL05-MT"
284921;2020-05-17;"domingo";"11:00:00";"PR";369;494,4;"CORBELIA";"Velocidade Incompatível";"Colisão traseira";"Com Vítimas Fatais";"Pleno dia";"Crescente";"Céu Claro";"Simples";"Curva";"Não";5;2;0;1;0;2;1;3;-24,74633438;-53,27547312;"SPRF-PR";"DEL04-PR";"UOP03-DEL04-PR"
284922;2020-05-17;"domingo";"12:10:00";"MG";381;375;"SAO GONCALO DO RIO ABAIXO";"Pista Escorregadia";"Capotamento";"Com Vítimas Feridas";"Pleno dia";"Crescente";"Chuva";"Simples";"Curva";"Não";1;0;1;0;0;0;1;1;-19,83666149;-43,33681685;"SPRF-MG";"DEL01-MG";"UOP01-DEL01-MG"
284924;2020-05-17;"domingo";"10:25:00";"AC";364;124;"RIO BRANCO";"Falta de Atenção à Condução";"Colisão transversal";"Com Vítimas Feridas";"Pleno dia";"Crescente";"Céu Claro";"Dupla";"Rotatória";"Sim";4;0;2;0;2;0;2;2;-10,01200277;-67,79860497;"SPRF-AC";"DEL01-AC";"UOP01-DEL01-AC"
284925;2020-05-17;"domingo";"12:00:00";"PR";277;147;"PALMEIRA";"Mal Súbito";"Colisão traseira";"Com Vítimas Feridas";"Pleno dia";"Crescente";"Céu Claro";"Simples";"Reta";"Não";2;0;1;0;1;0;1;2;-25,47289;-49,895964;"SPRF-PR";"DEL01-PR";"UOP03-DEL03-PR"
284928;2020-05-17;"domingo";"10:50:00";"RS";470;234,5;"CARLOS BARBOSA";"Velocidade Incompatível";"Tombamento";"Com Vítimas Feridas";"Pleno dia";"Decrescente";"Céu Claro";"Simples";"Curva";"Não";1;0;1;0;0;0;1;1;-29,31167025;-51,4865935;"SPRF-RS";"DEL06-RS";"UOP01-DEL06-RS"
284929;2020-05-01;"sexta-feira";"17:00:00";"PR";158;515;"PATO BRANCO";"Velocidade Incompatível";"Saída de leito carroçável";"Sem Vítimas";"Anoitecer";"Crescente";"Céu Claro";"Simples";"Reta";"Não";1;0;0;0;0;1;0;1;-26,0653838;-52,63609922;"SPRF-PR";"DEL02-PR";"UOP01-DEL02-PR"
284932;2020-05-17;"domingo";"10:40:00";"RS";285;260,3;"GENTIL";"Defeito Mecânico no Veículo";"Tombamento";"Com Vítimas Feridas";"Pleno dia";"Decrescente";"Sol";"Simples";"Reta";"Não";2;0;0;1;0;1;1;2;-28,305828;-52,080448;"SPRF-RS";"DEL08-RS";"UOP03-DEL08-RS"
284933;2020-05-17;"domingo";"13:45:00";"PR";373;230,2;"IMBITUVA";"Ingestão de Álcool";"Colisão transversal";"Sem Vítimas";"Pleno dia";"Crescente";"Céu Claro";"Simples";"Reta";"Sim";2;0;0;0;1;1;0;2;-25,17891297;-50,65822721;"SPRF-PR";"DEL03-PR";"UOP01-DEL03-PR"
284934;2020-05-17;"domingo";"13:35:00";"MG";381;921,9;"CAMANDUCAIA";"Velocidade Incompatível";"Colisão com objeto estático";"Com Vítimas Feridas";"Pleno dia";"Crescente";"Céu Claro";"Dupla";"Curva";"Não";1;0;0;1;0;0;1;1;-22,7680939;-46,20854399;"SPRF-MG";"DEL16-MG";"UOP03-DEL16-MG"
284935;2020-05-17;"domingo";"11:55:00";"MG";381;938,6;"EXTREMA";"Velocidade Incompatível";"Atropelamento de Pedestre";"Com Vítimas Feridas";"Pleno dia";"Decrescente";"Céu Claro";"Simples";"Reta";"Não";2;0;1;0;1;0;1;2;-22,83909203;-46,32850893;"SPRF-MG";"DEL16-MG";"UOP03-DEL16-MG"
284936;2020-05-17;"domingo";"14:10:00";"PR";376;523,5;"PONTA GROSSA";"Condutor Dormindo";"Saída de leito carroçável";"Com Vítimas Feridas";"Pleno dia";"Decrescente";"Céu Claro";"Dupla";"Reta";"Não";2;0;0;2;0;0;2;1;-25,30235303;-49,89037407;"SPRF-PR";"DEL03-PR";"UOP04-DEL03-PR"
284937;2020-05-17;"domingo";"14:27:00";"PR";369;156;"LONDRINA";"Falta de Atenção à Condução";"Tombamento";"Com Vítimas Feridas";"Pleno dia";"Decrescente";"Céu Claro";"Dupla";"Declive";"Sim";1;0;1;0;0;0;1;1;-23,2907812;-51,21930778;"SPRF-PR";"DEL07-PR";"UOP01-DEL07-PR"
284939;2020-05-17;"domingo";"15:00:00";"RN";101;113;"SAO JOSE DE MIPIBU";"Falta de Atenção à Condução";"Colisão lateral";"Com Vítimas Feridas";"Pleno dia";"Crescente";"Céu Claro";"Dupla";"Reta";"Sim";3;0;1;0;2;0;1;2;-5,973247;-35,26489;"SPRF-RN";"DEL01-RN";"UOP01-DEL01-RN"
284940;2020-04-30;"quinta-feira";"21:30:00";"SC";280;128;"RIO NEGRINHO";"Falta de Atenção à Condução";"Colisão lateral";"Sem Vítimas";"Plena Noite";"Crescente";"Céu Claro";"Simples";"Aclive";"Sim";3;0;0;0;3;0;0;2;-26,25323993;-49,53074455;"SPRF-SC";"DEL06-SC";"UOP03-DEL06-SC"
284943;2020-05-17;"domingo";"15:30:00";"SP";116;226;"GUARULHOS";"Defeito Mecânico no Veículo";"Incêndio";"Sem Vítimas";"Pleno dia";"Decrescente";"Céu Claro";"Múltipla";"Reta";"Sim";1;0;0;0;1;0;0;1;-23,49102507;-46,54878195;"SPRF-SP";"DEL01-SP";"UOP01-DEL01-SP"
284946;2020-05-17;"domingo";"13:25:00";"PE";101;43,7;"IGARASSU";"Condutor Dormindo";"Colisão com objeto estático";"Com Vítimas Feridas";"Pleno dia";"Crescente";"Sol";"Múltipla";"Reta";"Sim";1;0;1;0;0;0;1;1;-7,84753808;-34,90977038;"SPRF-PE";"DEL01-PE";"UOP02-DEL01-PE"
284947;2020-05-17;"domingo";"15:35:00";"BA";116;452;"ANTONIO CARDOSO";"Falta de Atenção à Condução";"Colisão transversal";"Sem Vítimas";"Pleno dia";"Crescente";"Céu Claro";"Dupla";"Reta";"Não";3;0;0;0;2;1;0;2;-12,38957672;-39,14396716;"SPRF-BA";"DEL02-BA";"UOP01-DEL02-BA"
284949;2020-05-17;"domingo";"16:55:00";"SC";101;133,8;"BALNEARIO CAMBORIU";"Restrição de Visibilidade";"Atropelamento de Pedestre";"Com Vítimas Feridas";"Pleno dia";"Decrescente";"Céu Claro";"Simples";"Interseção de Vias;Retorno Regulamentado;Reta";"Sim";3;0;2;0;1;0;2;2;-26,99936;-48,64609;"SPRF-SC";"DEL04-SC";"UOP03-DEL04-SC"
284950;2020-04-23;"quinta-feira";"13:00:00";"RS";386;33,5;"FREDERICO WESTPHALEN";"Falta de Atenção à Condução";"Colisão frontal";"Com Vítimas Feridas";"Pleno dia";"Crescente";"Céu Claro";"Simples";"Viaduto";"Sim";2;0;1;0;1;0;1;2;-27,349504;-53,386337;"SPRF-RS";"DEL08-RS";"UOP02-DEL08-RS"
284951;2020-05-17;"domingo";"16:15:00";"SP";381;15;"BRAGANCA PAULISTA";"Velocidade Incompatível";"Saída de leito carroçável";"Com Vítimas Feridas";"Pleno dia";"Crescente";"Céu Claro";"Dupla";"Curva";"Não";2;0;1;0;1;0;1;1;-22,94909097;-46,47908707;"SPRF-SP";"DEL03-SP";"UOP01-DEL03-SP"
284953;2020-05-17;"domingo";"17:00:00";"MG";50;26,7;"ARAGUARI";"Avarias e/ou desgaste excessivo no pneu";"Queda de ocupante de veículo";"Com Vítimas Feridas";"Pleno dia";"Crescente";"Céu Claro";"Dupla";"Declive;Reta";"Não";2;0;2;0;0;0;2;1;-18,61687235;-48,08496977;"SPRF-MG";"DEL15-MG";"UOP02-DEL15-MG"
284954;2020-05-17;"domingo";"17:25:00";"SP";116;67;"GUARATINGUETA";"Velocidade Incompatível";"Queda de ocupante de veículo";"Com Vítimas Feridas";"Pleno dia";"Crescente";"Céu Claro";"Dupla";"Curva";"Sim";1;0;1;0;0;0;1;1;-22,82867578;-45,2088941;"SPRF-SP";"DEL08-SP";"UOP01-DEL08-SP"
284955;2020-05-17;"domingo";"17:30:00";"DF";20;16,5;"BRASILIA";"Falta de Atenção à Condução";"Colisão lateral";"Com Vítimas Feridas";"Pleno dia";"Crescente";"Céu Claro";"Dupla";"Reta";"Sim";2;0;1;0;1;0;1;2;-15,625675;-47,725159;"SPRF-DF";"DEL02-DF";"UOP01-DEL02-DF"
284958;2020-05-17;"domingo";"17:30:00";"PI";316;318;"PICOS";"Desobediência às normas de trânsito pelo condutor";"Colisão com objeto estático";"Com Vítimas Fatais";"Anoitecer";"Crescente";"Céu Claro";"Múltipla";"Reta";"Sim";1;1;0;0;0;0;0;1;-7,08606465;-41,40601287;"SPRF-PI";"DEL04-PI";"UOP01-DEL04-PI"
284959;2020-05-17;"domingo";"16:00:00";"ES";262;183,9;"IRUPI";"Falta de Atenção à Condução";"Atropelamento de Pedestre";"Com Vítimas Feridas";"Pleno dia";"Crescente";"Nublado";"Simples";"Reta";"Não";2;0;1;0;0;1;1;2;-20,29605556;-41,70471713;"SPRF-ES";"DEL01-ES";"UOP02-DEL01-ES"
284960;2020-05-17;"domingo";"17:20:00";"SP";116;323,1;"JUQUITIBA";"Desobediência às normas de trânsito pelo condutor";"Colisão lateral";"Com Vítimas Feridas";"Anoitecer";"Decrescente";"Nublado";"Dupla";"Reta";"Não";2;0;1;0;0;1;1;2;-23,93663197;-47,03568002;"SPRF-SP";"DEL04-SP";"UOP01-DEL04-SP"
284961;2020-05-17;"domingo";"17:35:00";"PE";424;32;"VENTUROSA";"Desobediência às normas de trânsito pelo condutor";"Colisão frontal";"Com Vítimas Feridas";"Anoitecer";"Decrescente";"Céu Claro";"Simples";"Reta";"Não";2;0;0;1;1;0;1;2;-8,59261097;-36,86223494;"SPRF-PE";"DEL03-PE";"UOP02-DEL03-PE"
284964;2020-05-17;"domingo";"18:00:00";"RN";101;105;"PARNAMIRIM";"Desobediência às normas de trânsito pelo condutor";"Colisão traseira";"Com Vítimas Feridas";"Plena Noite";"Decrescente";"Céu Claro";"Dupla";"Reta";"Sim";2;0;1;0;1;0;1;2;-5,91222668;-35,261693;"SPRF-RN";"DEL01-RN";"UOP01-DEL01-RN"
284965;2020-05-17;"domingo";"18:10:00";"GO";153;603,7;"MORRINHOS";"Defeito Mecânico no Veículo";"Saída de leito carroçável";"Com Vítimas Feridas";"Pleno dia";"Crescente";"Céu Claro";"Dupla";"Reta";"Não";2;0;2;0;0;0;2;1;-17,5779;-49,1974;"SPRF-GO";"DEL03-GO";"UOP01-DEL03-GO"
284966;2020-05-17;"domingo";"17:55:00";"ES";101;254;"SERRA";"Falta de Atenção do Pedestre";"Atropelamento de Pedestre";"Com Vítimas Feridas";"Plena Noite";"Decrescente";"Céu Claro";"Simples";"Reta";"Sim";2;0;1;0;1;0;1;2;-20,1100364;-40,32740141;"SPRF-ES";"DEL02-ES";"UOP01-DEL02-ES"
284967;2020-05-17;"domingo";"18:00:00";"RS";285;118,6;"VACARIA";"Desobediência às normas de trânsito pelo condutor";"Colisão transversal";"Com Vítimas Feridas";"Anoitecer";"Crescente";"Céu Claro";"Simples";"Interseção de Vias";"Sim";2;0;0;1;1;0;1;2;-28,508183;-50,912724;"SPRF-RS";"DEL05-RS";"UOP03-DEL05-RS"
284968;2020-05-17;"domingo";"18:30:00";"DF";80;24,8;"BRASILIA";"Ingestão de Álcool";"Saída de leito carroçável";"Com Vítimas Feridas";"Plena Noite";"Crescente";"Nublado";"Simples";"Reta";"Não";1;0;1;0;0;0;1;1;-15,630569;-48,199944;"SPRF-DF";"DEL03-DF";"UOP02-DEL03-DF"
284969;2020-05-17;"domingo";"18:45:00";"SC";282;24;"SANTO AMARO DA IMPERATRIZ";"Não guardar distância de segurança";"Colisão traseira";"Com Vítimas Feridas";"Plena Noite";"Decrescente";"Céu Claro";"Simples";"Reta";"Não";2;0;0;1;1;0;1;2;-27,67862562;-48,75092983;"SPRF-SC";"DEL01-SC";"UOP03-DEL01-SC"
284971;2020-05-17;"domingo";"18:45:00";"MG";262;192;"BELA VISTA DE MINAS";"Falta de Atenção à Condução";"Colisão frontal";"Com Vítimas Feridas";"Plena Noite";"Crescente";"Céu Claro";"Simples";"Curva";"Não";3;0;3;0;0;0;3;2;-19,86964295;-43,08306896;"SPRF-MG";"DEL03-MG";"UOP01-DEL03-MG"
284974;2020-05-17;"domingo";"15:10:00";"PR";163;171;"LINDOESTE";"Velocidade Incompatível";"Queda de ocupante de veículo";"Com Vítimas Feridas";"Pleno dia";"Decrescente";"Céu Claro";"Simples";"Declive;Desvio Temporário;Em Obras";"Não";2;0;0;1;0;1;1;1;-25,24584597;-53,57886779;"SPRF-PR";"DEL05-PR";"UOP05-DEL05-PR"
284975;2020-05-17;"domingo";"18:00:00";"MG";365;417;"PATOS DE MINAS";"Desobediência às normas de trânsito pelo condutor";"Colisão lateral";"Com Vítimas Feridas";"Anoitecer";"Decrescente";"Nublado";"Simples";"Reta";"Não";2;0;2;0;0;0;2;2;-18,67909746;-46,55490875;"SPRF-MG";"DEL10-MG";"UOP01-DEL10-MG"
284977;2020-05-17;"domingo";"18:30:00";"MG";50;174,9;"UBERABA";"Ingestão de Álcool";"Capotamento";"Sem Vítimas";"Anoitecer";"Decrescente";"Céu Claro";"Dupla";"Reta";"Sim";1;0;0;0;1;0;0;1;-19,770817;-47,973434;"SPRF-MG";"DEL13-MG";"UOP01-DEL13-MG"
284978;2020-05-17;"domingo";"17:50:00";"SC";470;107;"APIUNA";"Ingestão de Álcool";"Saída de leito carroçável";"Com Vítimas Feridas";"Anoitecer";"Crescente";"Céu Claro";"Simples";"Reta";"Não";1;0;1;0;0;0;1;1;-27,077623;-49,43145;"SPRF-SC";"DEL04-SC";"UOP02-DEL04-SC"
284979;2020-05-17;"domingo";"18:50:00";"TO";153;784;"TALISMA";"Velocidade Incompatível";"Colisão traseira";"Com Vítimas Fatais";"Plena Noite";"Decrescente";"Nublado";"Simples";"Reta";"Não";3;1;0;0;1;1;0;3;-12,67547894;-49,06751926;"SPRF-TO";"DEL01-TO";"UOP02-DEL01-TO"
284980;2020-05-17;"domingo";"18:10:00";"GO";153;508,8;"APARECIDA DE GOIANIA";"Falta de Atenção à Condução";"Queda de ocupante de veículo";"Com Vítimas Feridas";"Anoitecer";"Decrescente";"Céu Claro";"Simples";"Interseção de Vias;Reta;Declive";"Sim";2;0;1;0;1;0;1;2;-16,7804;-49,2371;"SPRF-GO";"DEL01-GO";"UOP03-DEL01-GO"
284981;2020-05-17;"domingo";"10:20:00";"MG";116;666,7;"SAO FRANCISCO DO GLORIA";"Não guardar distância de segurança";"Colisão traseira";"Sem Vítimas";"Pleno dia";"Crescente";"Céu Claro";"Simples";"Reta";"Não";5;0;0;0;5;0;0;2;-20,82713698;-42,32223579;"SPRF-MG";"DEL07-MG";"UOP03-DEL07-MG"
284982;2020-05-17;"domingo";"17:30:00";"SC";280;52,3;"GUARAMIRIM";"Falta de Atenção à Condução";"Colisão transversal";"Com Vítimas Feridas";"Anoitecer";"Crescente";"Nublado";"Simples";"Reta";"Sim";2;0;1;0;1;0;1;2;-26,468904;-48,96492;"SPRF-SC";"DEL03-SC";"UOP03-DEL03-SC"
284984;2020-05-17;"domingo";"19:27:00";"SP";116;442,5;"REGISTRO";"Falta de Atenção do Pedestre";"Saída de leito carroçável";"Com Vítimas Feridas";"Plena Noite";"Crescente";"Céu Claro";"Simples";"Reta";"Não";2;0;2;0;0;0;2;1;-24,47609886;-47,8273532;"SPRF-SP";"DEL05-SP";"UOP01-DEL05-SP"
284985;2020-05-17;"domingo";"17:20:00";"GO";20;241,2;"GUARANI DE GOIAS";"Falta de Atenção à Condução";"Saída de leito carroçável";"Com Vítimas Feridas";"Pleno dia";"Decrescente";"Garoa/Chuvisco";"Simples";"Reta";"Não";4;0;2;0;2;0;2;1;-14,032931;-46,24836;"SPRF-DF";"DEL02-DF";"UOP03-DEL02-DF"
284986;2020-05-17;"domingo";"19:45:00";"BA";324;623;"SALVADOR";"Falta de Atenção à Condução";"Saída de leito carroçável";"Sem Vítimas";"Plena Noite";"Decrescente";"Nublado";"Múltipla";"Reta";"Sim";1;0;0;0;0;1;0;1;-12,9325124;-38,472457;"SPRF-BA";"DEL01-BA";"UOP01-DEL01-BA"
284987;2020-05-17;"domingo";"19:40:00";"CE";20;405;"CAUCAIA";"Falta de Atenção à Condução";"Colisão com objeto estático";"Sem Vítimas";"Plena Noite";"Crescente";"Céu Claro";"Dupla";"Reta";"Não";1;0;0;0;1;0;0;1;-3,7740804;-38,6780848;"SPRF-CE";"DEL01-CE";"UOP01-DEL01-CE"
284988;2020-05-17;"domingo";"18:45:00";"SC";280;110;"SAO BENTO DO SUL";"Falta de Atenção à Condução";"Colisão lateral";"Com Vítimas Feridas";"Plena Noite";"Crescente";"Céu Claro";"Simples";"Interseção de Vias";"Não";2;0;1;0;1;0;1;2;-26,32140672;-49,38932175;"SPRF-SC";"DEL06-SC";"UOP03-DEL06-SC"
284989;2020-05-17;"domingo";"19:30:00";"SC";101;218;"PALHOCA";"Velocidade Incompatível";"Colisão traseira";"Com Vítimas Feridas";"Anoitecer";"Decrescente";"Nublado";"Simples";"Reta";"Sim";3;0;2;0;1;0;2;2;-27,6758601;-48,67052525;"SPRF-SC";"DEL01-SC";"UOP02-DEL01-SC"
284990;2020-05-17;"domingo";"18:05:00";"PE";232;21;"MORENO";"Falta de Atenção à Condução";"Colisão com objeto estático";"Sem Vítimas";"Plena Noite";"Decrescente";"Céu Claro";"Dupla";"Reta";"Não";2;0;0;0;1;1;0;1;-8,096013;-35,079432;"SPRF-PE";"DEL02-PE";"UOP02-DEL02PE"