"id";"data_inversa";"dia_semana";"horario";"uf";"br";"km";"municipio";"causa_acidente";"tipo_acidente";"classificacao_acidente";"fase_dia";"sentido_via";"condicao_metereologica";"tipo_pista";"tracado_via";"uso_solo";"pessoas";"mortos";"feridos_leves";"feridos_graves";"ilesos";"ignorados";"feridos";"veiculos";"latitude";"longitude";"regional";"delegacia";"uop"
284991;2020-05-17;"domingo";"19:20:00";"CE";116;482;"MILAGRES";"Animais na Pista";"Atropelamento de Animal";"Com Vítimas Feridas";"Plena Noite";"Crescente";"Céu Claro";"Simples";"Reta";"Não";4;0;1;0;3;0;1;2;-7,30553661;-38,91991281;"SPRF-CE";"DEL05-CE";"UOP03-DEL05-CE"
284992;2020-05-17;"domingo";"17:20:00";"PB";104;103;"SAO SEBASTIAO DE LAGOA DE  ROCA";"Falta de Atenção à Condução";"Colisão com objeto estático";"Com Vítimas Feridas";"Pleno dia";"Crescente";"Céu Claro";"Simples";"Reta";"Não";1;0;0;1;0;0;1;1;-7,07155197;-35,85479762;"SPRF-PB";"DEL02-PB";"UOP04-DEL02-PB"
284995;2020-05-17;"domingo";"19:40:00";"PE";316;364,6;"PETROLANDIA";"Falta de Atenção à Condução";"Colisão frontal";"Com Vítimas Fatais";"Plena Noite";"Crescente";"Céu Claro";"Simples";"Reta";"Sim";2;1;0;0;0;1;0;2;-8,95361595;-38,22353282;"SPRF-PE";"DEL04-PE";"UOP03-DEL04-PE"
284997;2020-05-17;"domingo";"20:10:00";"GO";414;430;"ANAPOLIS";"Ingestão de álcool e/ou substâncias psicoativas pelo pedestre";"Saída de leito carroçável";"Com Vítimas Feridas";"Plena Noite";"Decrescente";"Céu Claro";"Simples";"Reta";"Não";1;0;1;0;0;0;1;1;-16,20624369;-48,9136195;"SPRF-GO";"DEL02-GO";"UOP01-DEL02-GO"
284999;2020-05-17;"domingo";"18:20:00";"PB";104;110;"LAGOA SECA";"Falta de Atenção à Condução";"Tombamento";"Com Vítimas Feridas";"Plena Noite";"Decrescente";"Nublado";"Simples";"Reta";"Não";3;0;2;1;0;0;3;2;-7,12844791;-35,86084776;"SPRF-PB";"DEL02-PB";"UOP04-DEL02-PB"
285000;2020-05-17;"domingo";"18:35:00";"RS";116;158;"CAXIAS DO SUL";"Falta de Atenção à Condução";"Colisão traseira";"Com Vítimas Feridas";"Plena Noite";"Decrescente";"Nublado";"Simples";"Curva";"Não";3;0;2;0;0;1;2;2;-29,22015528;-51,16867117;"SPRF-RS";"DEL05-RS";"UOP01-DEL05-RS"
285001;2020-05-17;"domingo";"20:15:00";"PR";476;122;"CURITIBA";"Desobediência às normas de trânsito pelo condutor";"Colisão lateral";"Com Vítimas Feridas";"Plena Noite";"Crescente";"Céu Claro";"Múltipla";"Reta";"Sim";5;0;1;0;4;0;1;2;-25,385775;-49,203377;"SPRF-PR";"DEL01-PR";"UOP07-DEL01-PR"
285002;2020-05-17;"domingo";"20:15:00";"RN";406;163,1;"CEARA-MIRIM";"Defeito na Via";"Queda de ocupante de veículo";"Com Vítimas Feridas";"Plena Noite";"Decrescente";"Céu Claro";"Simples";"Em Obras";"Não";2;0;1;0;1;0;1;1;-5,73527201;-35,35543901;"SPRF-RN";"DEL02-RN";"UOP01-DEL02-RN"
285007;2020-05-17;"domingo";"20:10:00";"GO";80;10;"PADRE BERNARDO";"Sinalização da via insuficiente ou inadequada";"Colisão lateral";"Com Vítimas Feridas";"Plena Noite";"Crescente";"Céu Claro";"Simples";"Em Obras";"Não";8;0;3;0;5;0;3;2;-15,45384;-48,211683;"SPRF-DF";"DEL03-DF";"UOP02-DEL03-DF"
285009;2020-05-17;"domingo";"21:00:00";"BA";101;879;"TEIXEIRA DE FREITAS";"Desobediência às normas de trânsito pelo condutor";"Colisão lateral";"Com Vítimas Feridas";"Plena Noite";"Decrescente";"Céu Claro";"Simples";"Interseção de Vias";"Sim";2;0;1;0;0;1;1;2;-17,554092;-39,723414;"SPRF-BA";"DEL09-BA";"UOP02-DEL09-BA"
285010;2020-05-17;"domingo";"20:40:00";"SP";116;223;"GUARULHOS";"Velocidade Incompatível";"Colisão com objeto estático";"Com Vítimas Feridas";"Plena Noite";"Crescente";"Céu Claro";"Múltipla";"Reta";"Sim";1;0;1;0;0;0;1;1;-23,47559815;-46,5246609;"SPRF-SP";"DEL01-SP";"UOP01-DEL01-SP"
285011;2020-05-17;"domingo";"19:15:00";"RS";470;219;"BENTO GONCALVES";"Ingestão de álcool e/ou substâncias psicoativas pelo pedestre";"Atropelamento de Pedestre";"Com Vítimas Feridas";"Plena Noite";"Crescente";"Céu Claro";"Simples";"Curva";"Não";2;0;2;0;0;0;2;2;-29,18764173;-51,52116537;"SPRF-RS";"DEL06-RS";"UOP01-DEL06-RS"
285015;2020-05-17;"domingo";"15:55:00";"SC";470;72;"INDAIAL";"Desobediência às normas de trânsito pelo condutor";"Colisão transversal";"Com Vítimas Feridas";"Anoitecer";"Decrescente";"Céu Claro";"Simples";"Em Obras";"Sim";2;0;1;0;1;0;1;2;-26,901979;-49,268745;"SPRF-SC";"DEL04-SC";"UOP01-DEL04-SC"
285017;2020-05-17;"domingo";"20:00:00";"MG";40;468;"SETE LAGOAS";"Ingestão de Álcool";"Saída de leito carroçável";"Sem Vítimas";"Plena Noite";"Decrescente";"Céu Claro";"Dupla";"Curva";"Não";1;0;0;0;1;0;0;1;-19,45630182;-44,30941888;"SPRF-MG";"DEL02-MG";"UOP01-DEL02-MG"
285018;2020-05-17;"domingo";"21:30:00";"PR";476;185;"LAPA";"Falta de Atenção à Condução";"Colisão traseira";"Com Vítimas Feridas";"Plena Noite";"Crescente";"Céu Claro";"Simples";"Curva";"Sim";3;0;3;0;0;0;3;2;-25,714855;-49,637493;"SPRF-PR";"DEL01-PR";"UOP06-DEL01-PR"
285019;2020-05-17;"domingo";"22:19:00";"PR";277;75,5;"SAO JOSE DOS PINHAIS";"Falta de Atenção à Condução";"Colisão traseira";"Com Vítimas Feridas";"Plena Noite";"Decrescente";"Céu Claro";"Dupla";"Reta";"Sim";2;0;1;0;0;1;1;2;-25,51327981;-49,12433291;"SPRF-PR";"DEL01-PR";"UOP01-DEL01-PR"
285020;2020-05-17;"domingo";"21:50:00";"RJ";393;285;"VOLTA REDONDA";"Velocidade Incompatível";"Colisão traseira";"Sem Vítimas";"Plena Noite";"Crescente";"Nublado";"Simples";"Reta";"Sim";3;0;0;0;3;0;0;2;-22,481726;-44,06308602;"SPRF-RJ";"DEL05-RJ";"UOP04-DEL05-RJ"
285021;2020-05-17;"domingo";"21:45:00";"TO";153;462;"BARROLANDIA";"Falta de Atenção à Condução";"Queda de ocupante de veículo";"Com Vítimas Feridas";"Plena Noite";"Crescente";"Ignorado";"Simples";"Declive";"Não";1;0;0;1;0;0;1;1;-9,93291496;-48,73625207;"SPRF-TO";"DEL01-TO";"UOP01-DEL01-TO"
285025;2020-05-17;"domingo";"19:45:00";"MS";463;2,2;"DOURADOS";"Falta de Atenção à Condução";"Tombamento";"Com Vítimas Feridas";"Plena Noite";"Decrescente";"Céu Claro";"Simples";"Declive";"Sim";1;0;0;1;0;0;1;1;-22,2591541;-54,823354;"SPRF-MS";"DEL04-MS";"UOP01-DEL04-MS"
285028;2020-05-17;"domingo";"22:50:00";"RJ";116;299;"RESENDE";"Ingestão de Álcool";"Colisão com objeto estático";"Com Vítimas Feridas";"Plena Noite";"Decrescente";"Céu Claro";"Simples";"Curva";"Não";1;0;0;1;0;0;1;1;-22,45581331;-44,38819885;"SPRF-RJ";"DEL07-RJ";"UOP02-DEL07-RJ"
285030;2020-05-17;"domingo";"23:00:00";"PR";277;588;"CASCAVEL";"Não guardar distância de segurança";"Colisão traseira";"Com Vítimas Feridas";"Plena Noite";"Decrescente";"Céu Claro";"Simples";"Declive";"Não";3;0;2;0;1;0;2;2;-24,93034215;-53,43406677;"SPRF-PR";"DEL04-PR";"UOP01-DEL04-PR"
285031;2020-05-17;"domingo";"21:30:00";"MG";262;42,5;"MANHUACU";"Falta de Atenção à Condução";"Colisão lateral";"Com Vítimas Feridas";"Plena Noite";"Decrescente";"Céu Claro";"Simples";"Reta";"Não";2;0;2;0;0;0;2;2;-20,26976316;-42,06894006;"SPRF-MG";"DEL06-MG";"UOP03-DEL06-MG"
285032;2020-05-17;"domingo";"18:30:00";"BA";116;24,1;"ABARE";"Ingestão de Álcool";"Queda de ocupante de veículo";"Com Vítimas Fatais";"Plena Noite";"Crescente";"Céu Claro";"Simples";"Reta";"Não";1;1;0;0;0;0;0;1;-8,832216;-39,25970582;"SPRF-PE";"DEL05-PE";"UOP03-DEL05-PE"
285033;2020-05-17;"domingo";"21:40:00";"PR";277;429,9;"VIRMOND";"Desobediência às normas de trânsito pelo pedestre";"Atropelamento de Pedestre";"Com Vítimas Fatais";"Plena Noite";"Crescente";"Céu Claro";"Simples";"Reta";"Não";2;1;0;0;1;0;0;2;-25,37821191;-52,20014334;"SPRF-PR";"DEL04-PR";"UOP02-DEL04-PR"
285034;2020-05-17;"domingo";"19:15:00";"RO";429;203,6;"SERINGUEIRAS";"Falta de Atenção à Condução";"Colisão com objeto estático";"Com Vítimas Fatais";"Plena Noite";"Decrescente";"Céu Claro";"Simples";"Curva";"Não";2;1;1;0;0;0;1;1;-11,763308;-63,058135;"SPRF-RO";"DEL02-RO";"UOP03-DEL02-RO"
285036;2020-05-18;"segunda-feira";"00:30:00";"PR";369;114;"URAI";"Agressão Externa";"Colisão com objeto em movimento";"Sem Vítimas";"Plena Noite";"Crescente";"Céu Claro";"Múltipla";"Curva;Declive";"Não";2;0;0;0;2;0;0;1;-23,27866941;-50,8448714;"SPRF-PR";"DEL07-PR";"UOP05-DEL07-PR"
285037;2020-05-17;"domingo";"22:35:00";"SC";116;128,9;"SANTA CECILIA";"Falta de Atenção à Condução";"Colisão traseira";"Com Vítimas Feridas";"Plena Noite";"Crescente";"Nublado";"Simples";"Reta";"Não";2;0;1;0;1;0;1;2;-26,88296297;-50,43000606;"SPRF-SC";"DEL06-SC";"UOP02-DEL06-SC"
285040;2020-05-18;"segunda-feira";"03:00:00";"PR";277;74,8;"SAO JOSE DOS PINHAIS";"Falta de Atenção à Condução";"Colisão lateral";"Com Vítimas Feridas";"Plena Noite";"Crescente";"Céu Claro";"Dupla";"Reta";"Não";2;0;1;0;0;1;1;2;-25,51726115;-49,11540707;"SPRF-PR";"DEL01-PR";"UOP01-DEL01-PR"
285041;2020-05-17;"domingo";"23:00:00";"SC";101;87,5;"BARRA VELHA";"Ingestão de Álcool";"Colisão com objeto estático";"Com Vítimas Feridas";"Plena Noite";"Decrescente";"Céu Claro";"Dupla";"Curva;Declive";"Sim";2;0;1;0;1;0;1;1;-26,63713377;-48,69651057;"SPRF-SC";"DEL03-SC";"UOP02-DEL03-SC"
285042;2020-05-18;"segunda-feira";"02:50:00";"SC";101;65,9;"ARAQUARI";"Ingestão de Álcool";"Saída de leito carroçável";"Sem Vítimas";"Plena Noite";"Crescente";"Nevoeiro/Neblina";"Múltipla";"Curva";"Não";1;0;0;0;1;0;0;1;-26,47758557;-48,73983622;"SPRF-SC";"DEL03-SC";"UOP02-DEL03-SC"
285043;2020-05-18;"segunda-feira";"03:50:00";"SP";101;393;"MIRACATU";"Falta de Atenção à Condução";"Atropelamento de Pedestre";"Com Vítimas Feridas";"Plena Noite";"Crescente";"Céu Claro";"Dupla";"Reta";"Sim";2;0;0;1;0;1;1;2;-24,28599026;-47,44362116;"SPRF-SP";"DEL04-SP";"UOP02-DEL04-SP"
285044;2020-05-18;"segunda-feira";"04:00:00";"SC";101;448;"SANTA ROSA DO SUL";"Avarias e/ou desgaste excessivo no pneu";"Colisão com objeto estático";"Sem Vítimas";"Plena Noite";"Crescente";"Céu Claro";"Dupla";"Declive";"Não";2;0;0;0;2;0;0;1;-29,15898991;-49,73540906;"SPRF-SC";"DEL02-SC";"UOP02-DEL02-SC"
285046;2020-05-18;"segunda-feira";"05:10:00";"SC";470;61;"INDAIAL";"Falta de Atenção à Condução";"Colisão lateral";"Sem Vítimas";"Amanhecer";"Crescente";"Céu Claro";"Simples";"Reta";"Não";2;0;0;0;2;0;0;2;-26,878952;-49,17421;"SPRF-SC";"DEL04-SC";"UOP01-DEL04-SC"
285047;2020-05-18;"segunda-feira";"05:30:00";"RN";226;52,9;"BOM JESUS";"Desobediência às normas de trânsito pelo condutor";"Colisão frontal";"Com Vítimas Fatais";"Pleno dia";"Crescente";"Céu Claro";"Simples";"Reta";"Não";4;1;1;2;0;0;3;2;-6,009615;-35,621192;"SPRF-RN";"DEL01-RN";"UOP02-DEL01-RN"
285048;2020-05-18;"segunda-feira";"05:00:00";"PR";369;430,3;"JURANDA";"Animais na Pista";"Saída de leito carroçável";"Com Vítimas Feridas";"Plena Noite";"Decrescente";"Céu Claro";"Simples";"Reta";"Não";1;0;1;0;0;0;1;1;-24,4538;-52,8507;"SPRF-PR";"DEL04-PR";"UOP03-DEL04-PR"
285052;2020-05-18;"segunda-feira";"07:30:00";"MG";365;677;"MONTE ALEGRE DE MINAS";"Velocidade Incompatível";"Capotamento";"Com Vítimas Feridas";"Pleno dia";"Decrescente";"Céu Claro";"Dupla";"Reta";"Não";2;0;1;0;0;1;1;2;-18,8256687;-48,79358098;"SPRF-MG";"DEL15-MG";"UOP01-DEL15-MG"
285053;2020-05-18;"segunda-feira";"05:45:00";"MG";365;10,2;"MONTES CLAROS";"Animais na Pista";"Atropelamento de Animal";"Com Vítimas Feridas";"Amanhecer";"Crescente";"Céu Claro";"Simples";"Aclive;Reta";"Não";2;0;1;0;0;1;1;2;-16,83478113;-43,95261496;"SPRF-MG";"DEL12-MG";"UOP01-DEL12-MG"
285054;2020-05-18;"segunda-feira";"07:40:00";"BA";101;502;"ITABUNA";"Falta de Atenção à Condução";"Colisão traseira";"Com Vítimas Feridas";"Pleno dia";"Crescente";"Nublado";"Simples";"Reta";"Não";2;0;0;1;1;0;1;2;-14,92453419;-39,29545275;"SPRF-BA";"DEL05-BA";"UOP01-DEL05-BA"
285055;2020-05-18;"segunda-feira";"07:45:00";"GO";60;163,5;"GOIANIA";"Velocidade Incompatível";"Colisão traseira";"Com Vítimas Feridas";"Pleno dia";"Decrescente";"Céu Claro";"Simples";"Reta";"Sim";2;0;0;2;0;0;2;2;-16,7002;-49,3335;"SPRF-GO";"DEL01-GO";"UOP02-DEL01-GO"
285056;2020-05-15;"sexta-feira";"04:00:00";"ES";101;293;"CARIACICA";"Animais na Pista";"Atropelamento de Animal";"Com Vítimas Feridas";"Plena Noite";"Crescente";"Céu Claro";"Dupla";"Em Obras";"Sim";1;0;1;0;0;0;1;1;-20,31526144;-40,39567044;"SPRF-ES";"DEL01-ES";"UOP01-DEL01-ES"
285057;2020-05-18;"segunda-feira";"06:50:00";"MT";70;511;"CUIABA";"Defeito na Via";"Queda de ocupante de veículo";"Com Vítimas Feridas";"Pleno dia";"Crescente";"Céu Claro";"Simples";"Reta";"Não";1;0;1;0;0;0;1;1;-15,65051022;-55,99823809;"SPRF-MT";"DEL01-MT";"UOP02-DEL01-MT"
285059;2020-05-18;"segunda-feira";"08:00:00";"GO";40;21;"LUZIANIA";"Desobediência às normas de trânsito pelo condutor";"Colisão com objeto estático";"Com Vítimas Feridas";"Pleno dia";"Crescente";"Céu Claro";"Dupla";"Reta";"Sim";1;0;1;0;0;0;1;1;-16,218542;-47,915731;"SPRF-DF";"DEL01-DF";"UOP01-DEL01-DF"
285060;2020-05-18;"segunda-feira";"07:30:00";"SC";470;3;"NAVEGANTES";"Falta de Atenção à Condução";"Colisão traseira";"Com Vítimas Feridas";"Pleno dia";"Decrescente";"Céu Claro";"Dupla";"Reta";"Sim";3;0;2;0;1;0;2;2;-26,861937;-48,681618;"SPRF-SC";"DEL04-SC";"UOP04-DEL04-SC"
285061;2020-05-18;"segunda-feira";"08:32:00";"PI";343;334;"TERESINA";"Falta de Atenção à Condução";"Engavetamento";"Sem Vítimas";"Pleno dia";"Crescente";"Céu Claro";"Simples";"Reta";"Não";4;0;0;0;4;0;0;4;-5,057786;-42,688541;"SPRF-PI";"DEL01-PI";"UOP01-DEL01-PI"
285062;2020-05-18;"segunda-feira";"08:30:00";"SP";116;282;"EMBU DAS ARTES";"Falta de Atenção à Condução";"Tombamento";"Com Vítimas Feridas";"Pleno dia";"Decrescente";"Céu Claro";"Dupla";"Reta";"Não";1;0;1;0;0;0;1;1;-23,68570216;-46,85970975;"SPRF-SP";"DEL04-SP";"UOP01-DEL04-SP"
285064;2020-05-18;"segunda-feira";"07:40:00";"MG";381;604,1;"OLIVEIRA";"Falta de Atenção à Condução";"Queda de ocupante de veículo";"Com Vítimas Feridas";"Pleno dia";"Decrescente";"Nevoeiro/Neblina";"Dupla";"Curva";"Não";1;0;1;0;0;0;1;1;-20,65861706;-44,73695366;"SPRF-MG";"DEL04-MG";"UOP01-DEL04-MG"
285067;2020-05-18;"segunda-feira";"08:50:00";"DF";20;56;"BRASILIA";"Velocidade Incompatível";"Saída de leito carroçável";"Com Vítimas Feridas";"Pleno dia";"Crescente";"Céu Claro";"Dupla";"Reta";"Não";1;0;1;0;0;0;1;1;-15,583027;-47,367081;"SPRF-DF";"DEL02-DF";"UOP01-DEL02-DF"
285068;2020-05-18;"segunda-feira";"08:35:00";"RJ";116;181;"NOVA IGUACU";"Falta de Atenção à Condução";"Colisão traseira";"Com Vítimas Feridas";"Pleno dia";"Decrescente";"Céu Claro";"Dupla";"Reta";"Sim";3;0;2;0;1;0;2;3;-22,73882327;-43,47839355;"SPRF-RJ";"DEL01-RJ";"UOP02-DEL01-RJ"
285070;2020-05-18;"segunda-feira";"09:10:00";"GO";60;36;"ALEXANIA";"Velocidade Incompatível";"Saída de leito carroçável";"Com Vítimas Feridas";"Pleno dia";"Decrescente";"Nublado";"Dupla";"Aclive;Curva";"Não";1;0;1;0;0;0;1;1;-16,1119;-48,5299;"SPRF-DF";"DEL03-DF";"UOP01-DEL03-DF"
285072;2020-05-18;"segunda-feira";"07:50:00";"RO";364;343;"JI-PARANA";"Falta de Atenção à Condução";"Colisão traseira";"Com Vítimas Feridas";"Pleno dia";"Crescente";"Céu Claro";"Dupla";"Declive;Reta";"Sim";3;0;2;0;1;0;2;2;-10,87878519;-61,94499012;"SPRF-RO";"DEL02-RO";"UOP01-DEL02-RO"
285074;2020-05-18;"segunda-feira";"09:00:00";"PR";277;0,5;"PARANAGUA";"Falta de Atenção à Condução";"Colisão traseira";"Sem Vítimas";"Pleno dia";"Crescente";"Sol";"Dupla";"Reta";"Sim";2;0;0;0;2;0;0;2;-25,55142442;-48,55407715;"SPRF-PR";"DEL01-PR";"UOP05-DEL01-PR"
285075;2020-05-18;"segunda-feira";"07:20:00";"PR";277;107,9;"CAMPO LARGO";"Falta de Atenção à Condução";"Colisão traseira";"Sem Vítimas";"Pleno dia";"Decrescente";"Céu Claro";"Dupla";"Reta";"Não";4;0;0;0;3;1;0;2;-25,435241;-49,440244;"SPRF-PR";"DEL01-PR";"UOP03-DEL03-PR"
285076;2020-05-18;"segunda-feira";"09:35:00";"GO";20;51,4;"FORMOSA";"Animais na Pista";"Atropelamento de Animal";"Sem Vítimas";"Pleno dia";"Crescente";"Sol";"Simples";"Reta";"Não";3;0;0;0;3;0;0;1;-15,320267;-47,134056;"SPRF-DF";"DEL02-DF";"UOP01-DEL02-DF"
285077;2020-01-18;"sábado";"23:00:00";"DF";70;9,3;"BRASILIA";"Falta de Atenção do Pedestre";"Atropelamento de Pedestre";"Com Vítimas Feridas";"Plena Noite";"Crescente";"Céu Claro";"Dupla";"Reta";"Sim";2;0;0;1;1;0;1;2;-15,784615;-48,132023;"SPRF-DF";"DEL03-DF";"UOP02-DEL03-DF"
285078;2020-05-10;"domingo";"12:20:00";"MG";116;699;"MURIAE";"Falta de Atenção à Condução";"Capotamento";"Com Vítimas Feridas";"Pleno dia";"Crescente";"Sol";"Simples";"Curva;Aclive";"Não";1;0;1;0;0;0;1;1;-21,07889954;-42,3726601;"SPRF-MG";"DEL07-MG";"UOP02-DEL07-MG"
285081;2020-05-16;"sábado";"23:00:00";"PR";476;124;"CURITIBA";"Defeito na Via";"Queda de ocupante de veículo";"Com Vítimas Feridas";"Plena Noite";"Decrescente";"Nublado";"Dupla";"Reta";"Sim";1;0;0;1;0;0;1;1;-25,399845;-49,215855;"SPRF-PR";"DEL01-PR";"UOP07-DEL01-PR"
285083;2020-05-18;"segunda-feira";"07:15:00";"PR";277;107;"CAMPO LARGO";"Falta de Atenção à Condução";"Engavetamento";"Sem Vítimas";"Pleno dia";"Decrescente";"Céu Claro";"Dupla";"Reta";"Não";3;0;0;0;3;0;0;3;-25,434945;-49,439618;"SPRF-PR";"DEL01-PR";"UOP06-DEL01-PR"
285086;2020-05-18;"segunda-feira";"11:15:00";"PR";369;163,3;"CAMBE";"Velocidade Incompatível";"Colisão traseira";"Com Vítimas Feridas";"Pleno dia";"Decrescente";"Céu Claro";"Dupla";"Reta";"Não";3;0;1;0;2;0;1;2;-23,297;-51,28;"SPRF-PR";"DEL07-PR";"UOP01-DEL07-PR"
285087;2020-05-18;"segunda-feira";"10:10:00";"PR";277;613,5;"CEU AZUL";"Ingestão de Álcool";"Colisão traseira";"Com Vítimas Feridas";"Pleno dia";"Crescente";"Céu Claro";"Simples";"Reta";"Não";6;0;5;0;1;0;5;3;-25,06149319;-53,64838088;"SPRF-PR";"DEL05-PR";"UOP02-DEL05-PR"
285088;2020-05-18;"segunda-feira";"10:55:00";"RS";101;9,1;"TORRES";"Falta de Atenção à Condução";"Colisão com objeto estático";"Com Vítimas Feridas";"Pleno dia";"Decrescente";"Céu Claro";"Simples";"Curva";"Sim";1;0;1;0;0;0;1;1;-29,36685801;-49,81514399;"SPRF-RS";"DEL03-RS";"UOP02-DEL03-RS"
285089;2020-04-23;"quinta-feira";"17:30:00";"RS";116;529,5;"CAPAO DO LEAO";"Falta de Atenção à Condução";"Colisão lateral";"Com Vítimas Feridas";"Pleno dia";"Crescente";"Céu Claro";"Simples";"Rotatória";"Não";2;0;1;0;1;0;1;2;-31,75446042;-52,42803583;"SPRF-RS";"DEL07-RS";"UOP01-DEL07-RS"
285090;2020-04-24;"sexta-feira";"21:00:00";"RJ";101;64;"CAMPOS DOS GOYTACAZES";"Desobediência às normas de trânsito pelo condutor";"Colisão transversal";"Com Vítimas Feridas";"Plena Noite";"Decrescente";"Nublado";"Simples";"Reta";"Sim";2;0;1;0;0;1;1;2;-21,75063115;-41,33775473;"SPRF-RJ";"DEL08-RJ";"UOP02-DEL08-RJ"
285093;2020-05-18;"segunda-feira";"11:15:00";"GO";153;188;"URUACU";"Falta de Atenção à Condução";"Colisão transversal";"Com Vítimas Feridas";"Pleno dia";"Crescente";"Céu Claro";"Simples";"Reta;Declive";"Não";2;0;2;0;0;0;2;2;-14,411991;-49,157307;"SPRF-GO";"DEL07-GO";"UOP01-DEL07-GO"
285097;2020-05-18;"segunda-feira";"10:05:00";"MT";174;526;"COMODORO";"Ultrapassagem Indevida";"Capotamento";"Com Vítimas Feridas";"Pleno dia";"Decrescente";"Céu Claro";"Simples";"Reta";"Não";3;0;1;0;2;0;1;1;-13,31088983;-59,87523151;"SPRF-MT";"DEL04-MT";"UOP01-DEL04-MT"
285102;2020-05-17;"domingo";"20:30:00";"MS";163;662;"RIO VERDE DE MATO GROSSO";"Falta de Atenção à Condução";"Saída de leito carroçável";"Com Vítimas Feridas";"Plena Noite";"Crescente";"Céu Claro";"Simples";"Reta";"Não";1;0;1;0;0;0;1;1;-19,073322;-54,791724;"SPRF-MS";"DEL06-MS";"UOP02-DEL06-MS"
285104;2020-05-18;"segunda-feira";"13:00:00";"GO";60;243,4;"INDIARA";"Desobediência às normas de trânsito pelo condutor";"Colisão frontal";"Com Vítimas Feridas";"Pleno dia";"Crescente";"Sol";"Dupla";"Reta";"Não";3;0;0;1;2;0;1;2;-17,1073;-49,8994;"SPRF-GO";"DEL01-GO";"UOP02-DEL01-GO"
285105;2020-05-18;"segunda-feira";"12:25:00";"TO";153;147;"ARAGUAINA";"Ingestão de Álcool";"Colisão traseira";"Com Vítimas Feridas";"Pleno dia";"Decrescente";"Céu Claro";"Múltipla";"Reta";"Sim";1;0;1;0;0;0;1;1;-7,22175693;-48,24826214;"SPRF-TO";"DEL02-TO";"UOP01-DEL02-TO"
285107;2020-05-18;"segunda-feira";"14:20:00";"PR";376;174,2;"MARINGA";"Desobediência às normas de trânsito pelo condutor";"Colisão transversal";"Com Vítimas Feridas";"Pleno dia";"Decrescente";"Sol";"Múltipla";"Reta;Interseção de Vias";"Sim";3;0;1;1;0;1;2;3;-23,41430102;-51,94984299;"SPRF-PR";"DEL09-PR";"UOP01-DEL09-PR"
285109;2020-05-18;"segunda-feira";"14:10:00";"PR";376;5,9;"MARINGA";"Falta de Atenção à Condução";"Colisão com objeto estático";"Com Vítimas Feridas";"Pleno dia";"Decrescente";"Céu Claro";"Dupla";"Reta";"Sim";1;0;1;0;0;0;1;1;-23,37792145;-51,94435716;"SPRF-PR";"DEL09-PR";"UOP01-DEL09-PR"
285111;2020-05-18;"segunda-feira";"14:40:00";"GO";60;129,8;"GOIANAPOLIS";"Defeito Mecânico no Veículo";"Queda de ocupante de veículo";"Com Vítimas Feridas";"Pleno dia";"Decrescente";"Céu Claro";"Dupla";"Reta";"Não";2;0;2;0;0;0;2;1;-16,5587;-49,1534;"SPRF-GO";"DEL01-GO";"UOP01-DEL01-GO"
285115;2020-05-18;"segunda-feira";"13:15:00";"SC";116;139,9;"SANTA CECILIA";"Falta de Atenção à Condução";"Colisão traseira";"Com Vítimas Feridas";"Pleno dia";"Crescente";"Sol";"Simples";"Reta";"Sim";3;0;3;0;0;0;3;2;-26,95485767;-50,42213917;"SPRF-SC";"DEL06-SC";"UOP02-DEL06-SC"
285116;2020-04-22;"quarta-feira";"18:35:00";"RS";153;47,5;"ERECHIM";"Falta de Atenção do Pedestre";"Atropelamento de Pedestre";"Com Vítimas Feridas";"Plena Noite";"Crescente";"Nublado";"Simples";"Aclive;Curva";"Não";2;0;1;0;1;0;1;2;-27,64530366;-52,24998023;"SPRF-RS";"DEL08-RS";"UOP04-DEL08-RS"
285119;2020-05-18;"segunda-feira";"14:00:00";"PR";116;117;"CURITIBA";"Falta de Atenção à Condução";"Saída de leito carroçável";"Com Vítimas Feridas";"Pleno dia";"Decrescente";"Céu Claro";"Múltipla";"Retorno Regulamentado";"Sim";1;0;1;0;0;0;1;1;-25,563921;-49,308777;"SPRF-PR";"DEL01-PR";"UOP03-DEL01-PR"
285120;2020-05-18;"segunda-feira";"14:50:00";"SP";116;227;"GUARULHOS";"Falta de Atenção à Condução";"Engavetamento";"Sem Vítimas";"Pleno dia";"Crescente";"Céu Claro";"Múltipla";"Reta";"Não";3;0;0;0;3;0;0;3;-23,49659264;-46,55648754;"SPRF-SP";"DEL01-SP";"UOP01-DEL01-SP"
285121;2020-05-18;"segunda-feira";"15:45:00";"RS";285;455;"IJUI";"Desobediência às normas de trânsito pelo condutor";"Colisão transversal";"Com Vítimas Feridas";"Pleno dia";"Crescente";"Céu Claro";"Simples";"Interseção de Vias";"Sim";4;0;2;0;2;0;2;2;-28,38566169;-53,88793945;"SPRF-RS";"DEL10-RS";"UOP01-DEL10-RS"
285123;2020-05-18;"segunda-feira";"14:45:00";"MG";40;722,2;"BARBACENA";"Defeito Mecânico no Veículo";"Incêndio";"Sem Vítimas";"Pleno dia";"Crescente";"Céu Claro";"Dupla";"Reta";"Não";1;0;0;0;1;0;0;1;-21,29307626;-43,63538713;"SPRF-MG";"DEL05-MG";"UOP01-DEL05-MG"