"id";"data_inversa";"dia_semana";"horario";"uf";"br";"km";"municipio";"causa_acidente";"tipo_acidente";"classificacao_acidente";"fase_dia";"sentido_via";"condicao_metereologica";"tipo_pista";"tracado_via";"uso_solo";"pessoas";"mortos";"feridos_leves";"feridos_graves";"ilesos";"ignorados";"feridos";"veiculos";"latitude";"longitude";"regional";"delegacia";"uop"
285124;2020-05-18;"segunda-feira";"15:50:00";"RS";116;245;"SAO LEOPOLDO";"Falta de Atenção à Condução";"Engavetamento";"Com Vítimas Feridas";"Pleno dia";"Decrescente";"Céu Claro";"Dupla";"Reta";"Sim";8;0;1;0;7;0;1;4;-29,74980902;-51,15125361;"SPRF-RS";"DEL01-RS";"UOP02-DEL01-RS"
285126;2020-05-18;"segunda-feira";"15:40:00";"SP";116;145,9;"SAO JOSE DOS CAMPOS";"Falta de Atenção à Condução";"Colisão traseira";"Com Vítimas Feridas";"Pleno dia";"Decrescente";"Céu Claro";"Múltipla";"Reta";"Sim";2;0;1;0;1;0;1;2;-23,1869844;-45,8548078;"SPRF-SP";"DEL02-SP";"UOP01-DEL02-SP"
285127;2020-05-18;"segunda-feira";"09:40:00";"MA";135;4;"SAO LUIS";"Falta de Atenção à Condução";"Colisão traseira";"Com Vítimas Feridas";"Pleno dia";"Crescente";"Céu Claro";"Dupla";"Reta";"Não";2;0;0;1;1;0;1;2;-2,53073;-44,3068;"SPRF-MA";"DEL01-MA";"UOP01-DEL01-MA"
285128;2020-05-18;"segunda-feira";"14:10:00";"AC";317;242;"XAPURI";"Defeito na Via";"Capotamento";"Com Vítimas Feridas";"Pleno dia";"Decrescente";"Céu Claro";"Simples";"Reta";"Não";2;0;2;0;0;0;2;1;-10,762759;-68,438945;"SPRF-AC";"DEL01-AC";"UOP02-DEL01-AC"
285129;2020-05-18;"segunda-feira";"16:05:00";"RS";116;38;"VACARIA";"Desobediência às normas de trânsito pelo condutor";"Colisão frontal";"Com Vítimas Feridas";"Pleno dia";"Crescente";"Céu Claro";"Simples";"Reta";"Sim";2;0;1;0;1;0;1;2;-28,50548;-50,92516;"SPRF-RS";"DEL05-RS";"UOP03-DEL05-RS"
285132;2020-05-18;"segunda-feira";"16:40:00";"AP";210;2;"MACAPA";"Falta de Atenção à Condução";"Atropelamento de Pedestre";"Com Vítimas Feridas";"Pleno dia";"Crescente";"Céu Claro";"Dupla";"Reta";"Sim";2;0;2;0;0;0;2;2;0,0828201734;-51,0777618925;"SPRF-AP";"DEL01-AP";"UOP01-DEL01-AP"
285133;2020-05-18;"segunda-feira";"17:00:00";"MT";70;1,8;"BARRA DO GARCAS";"Pista Escorregadia";"Tombamento";"Com Vítimas Feridas";"Pleno dia";"Crescente";"Céu Claro";"Simples";"Reta";"Sim";1;0;1;0;0;0;1;1;-15,89164596;-52,26202884;"SPRF-MT";"DEL07-MT";"UOP01-DEL07-MT"
285134;2020-04-09;"quinta-feira";"05:40:00";"BA";242;841;"BARREIRAS";"Avarias e/ou desgaste excessivo no pneu";"Queda de ocupante de veículo";"Com Vítimas Feridas";"Amanhecer";"Decrescente";"Ignorado";"Simples";"Reta";"Não";1;0;1;0;0;0;1;1;-12;-45;"SPRF-BA";"DEL10-BA";"UOP01-DEL10-BA"
285136;2020-05-18;"segunda-feira";"17:20:00";"SC";282;17;"PALHOCA";"Desobediência às normas de trânsito pelo condutor";"Colisão transversal";"Com Vítimas Feridas";"Pleno dia";"Decrescente";"Céu Claro";"Simples";"Reta";"Sim";3;0;1;0;2;0;1;2;-27,665707;-48,688065;"SPRF-SC";"DEL01-SC";"UOP02-DEL01-SC"
285137;2020-05-18;"segunda-feira";"16:15:00";"RO";319;63,4;"PORTO VELHO";"Desobediência às normas de trânsito pelo condutor";"Colisão transversal";"Com Vítimas Feridas";"Pleno dia";"Decrescente";"Nublado";"Dupla";"Reta";"Sim";3;0;1;0;2;0;1;2;-8,76097669;-63,8853693;"SPRF-RO";"DEL01-RO";"UOP01-DEL01-RO"
285138;2020-05-18;"segunda-feira";"17:40:00";"BA";324;620;"SALVADOR";"Falta de Atenção à Condução";"Colisão lateral";"Com Vítimas Feridas";"Anoitecer";"Crescente";"Céu Claro";"Dupla";"Reta";"Sim";2;0;1;0;1;0;1;2;-12,90482172;-38,45556535;"SPRF-BA";"DEL01-BA";"UOP01-DEL01-BA"
285139;2020-05-18;"segunda-feira";"17:00:00";"MG";365;687;"MONTE ALEGRE DE MINAS";"Falta de Atenção à Condução";"Colisão traseira";"Com Vítimas Feridas";"Pleno dia";"Decrescente";"Céu Claro";"Dupla";"Reta;Aclive";"Sim";2;0;1;0;1;0;1;2;-18,87548498;-48,87468901;"SPRF-MG";"DEL15-MG";"UOP01-DEL15-MG"
285140;2020-05-18;"segunda-feira";"17:50:00";"SC";280;66,3;"JARAGUA DO SUL";"Falta de Atenção à Condução";"Colisão frontal";"Com Vítimas Feridas";"Plena Noite";"Crescente";"Nublado";"Simples";"Reta";"Não";2;0;0;1;1;0;1;2;-26,47606607;-49,09568797;"SPRF-SC";"DEL03-SC";"UOP03-DEL03-SC"
285141;2020-05-18;"segunda-feira";"18:05:00";"MG";40;553;"NOVA LIMA";"Avarias e/ou desgaste excessivo no pneu";"Queda de ocupante de veículo";"Com Vítimas Feridas";"Anoitecer";"Decrescente";"Nublado";"Dupla";"Reta";"Não";2;0;1;0;1;0;1;1;-20,06863326;-43,98194759;"SPRF-MG";"DEL01-MG";"UOP02-DEL01-MG"
285142;2020-05-18;"segunda-feira";"17:40:00";"DF";70;0,5;"BRASILIA";"Falta de Atenção à Condução";"Colisão traseira";"Com Vítimas Feridas";"Plena Noite";"Crescente";"Céu Claro";"Dupla";"Reta";"Sim";2;0;0;1;1;0;1;2;-15,79398797;-48,06020737;"SPRF-DF";"DEL03-DF";"UOP02-DEL03-DF"
285145;2020-05-18;"segunda-feira";"18:10:00";"BA";101;920;"NOVA VICOSA";"Falta de Atenção à Condução";"Colisão transversal";"Com Vítimas Feridas";"Anoitecer";"Decrescente";"Céu Claro";"Dupla";"Reta";"Sim";2;0;1;0;1;0;1;2;-17,890223;-39,81697;"SPRF-BA";"DEL09-BA";"UOP02-DEL09-BA"
285146;2020-05-18;"segunda-feira";"17:50:00";"RJ";101;262;"RIO BONITO";"Falta de Atenção à Condução";"Colisão transversal";"Com Vítimas Feridas";"Plena Noite";"Decrescente";"Nublado";"Dupla";"Reta";"Sim";2;0;1;0;1;0;1;2;-22,71367506;-42,62052996;"SPRF-RJ";"DEL02-RJ";"UOP03-DEL02-RJ"
285148;2020-05-18;"segunda-feira";"18:20:00";"GO";153;438,6;"ANAPOLIS";"Falta de Atenção à Condução";"Colisão traseira";"Com Vítimas Feridas";"Plena Noite";"Decrescente";"Céu Claro";"Dupla";"Reta";"Sim";2;0;1;0;1;0;1;2;-16,291595;-48,934811;"SPRF-GO";"DEL02-GO";"UOP01-DEL02-GO"
285149;2020-05-18;"segunda-feira";"18:30:00";"PE";101;86;"CABO DE SANTO AGOSTINHO";"Falta de Atenção do Pedestre";"Atropelamento de Pedestre";"Com Vítimas Fatais";"Plena Noite";"Crescente";"Nublado";"Dupla";"Reta";"Sim";2;1;0;0;0;1;0;2;-8,18470013;-34,96816895;"SPRF-PE";"DEL01-PE";"UOP03-DEL01-PE"
285152;2020-04-25;"sábado";"02:40:00";"RS";470;232;"CARLOS BARBOSA";"Velocidade Incompatível";"Capotamento";"Com Vítimas Feridas";"Plena Noite";"Decrescente";"Céu Claro";"Simples";"Reta";"Não";2;0;2;0;0;0;2;1;-29,2979412;-51,48171365;"SPRF-RS";"DEL06-RS";"UOP01-DEL06-RS"
285153;2020-05-18;"segunda-feira";"18:15:00";"MG";50;176,8;"UBERABA";"Falta de Atenção do Pedestre";"Atropelamento de Pedestre";"Com Vítimas Fatais";"Plena Noite";"Crescente";"Céu Claro";"Dupla";"Declive";"Sim";3;1;0;0;2;0;0;2;-19,77919981;-47,960032;"SPRF-MG";"DEL13-MG";"UOP01-DEL13-MG"
285154;2020-05-18;"segunda-feira";"18:45:00";"SC";280;66;"JARAGUA DO SUL";"Desobediência às normas de trânsito pelo condutor";"Colisão transversal";"Com Vítimas Feridas";"Plena Noite";"Decrescente";"Céu Claro";"Simples";"Reta";"Sim";2;0;1;0;1;0;1;2;-26,47606607;-49,09568797;"SPRF-SC";"DEL03-SC";"UOP03-DEL03-SC"
285155;2020-05-18;"segunda-feira";"18:25:00";"SC";116;246,9;"LAGES";"Desobediência às normas de trânsito pelo condutor";"Colisão transversal";"Com Vítimas Feridas";"Plena Noite";"Crescente";"Céu Claro";"Simples";"Rotatória";"Sim";2;0;1;0;1;0;1;2;-27,80419942;-50,36509464;"SPRF-SC";"DEL05-SC";"UOP02-DEL05-SC"
285157;2020-05-18;"segunda-feira";"18:30:00";"ES";101;257,8;"SERRA";"Desobediência às normas de trânsito pelo condutor";"Queda de ocupante de veículo";"Com Vítimas Feridas";"Plena Noite";"Crescente";"Céu Claro";"Dupla";"Rotatória";"Sim";2;0;1;0;1;0;1;2;-20,12455095;-40,30331881;"SPRF-ES";"DEL02-ES";"UOP01-DEL02-ES"
285158;2020-05-18;"segunda-feira";"18:25:00";"DF";60;7,5;"BRASILIA";"Falta de Atenção à Condução";"Colisão lateral";"Com Vítimas Feridas";"Anoitecer";"Decrescente";"Céu Claro";"Simples";"Retorno Regulamentado";"Sim";2;0;1;0;1;0;1;2;-15,901237;-48,122334;"SPRF-DF";"DEL03-DF";"UOP01-DEL03-DF"
285159;2020-05-18;"segunda-feira";"18:50:00";"PR";376;176,8;"MARINGA";"Falta de Atenção à Condução";"Colisão traseira";"Com Vítimas Feridas";"Anoitecer";"Crescente";"Céu Claro";"Dupla";"Interseção de Vias";"Sim";3;0;1;0;2;0;1;2;-23,41256247;-51,93246961;"SPRF-PR";"DEL09-PR";"UOP01-DEL09-PR"
285160;2020-05-18;"segunda-feira";"07:30:00";"RO";364;501;"ARIQUEMES";"Não guardar distância de segurança";"Colisão traseira";"Com Vítimas Feridas";"Pleno dia";"Decrescente";"Céu Claro";"Simples";"Reta";"Não";2;0;0;1;1;0;1;2;-10,0241952;-62,98814019;"SPRF-RO";"DEL03-RO";"UOP01-DEL03-RO"
285162;2020-05-18;"segunda-feira";"18:50:00";"SC";280;55;"GUARAMIRIM";"Falta de Atenção à Condução";"Colisão frontal";"Com Vítimas Feridas";"Plena Noite";"Decrescente";"Céu Claro";"Simples";"Reta";"Sim";2;0;1;0;0;1;1;2;-26,47584353;-48,9937858;"SPRF-SC";"DEL03-SC";"UOP03-DEL03-SC"
285163;2020-05-18;"segunda-feira";"18:50:00";"RJ";101;482;"ANGRA DOS REIS";"Desobediência às normas de trânsito pelo condutor";"Colisão transversal";"Com Vítimas Feridas";"Plena Noite";"Decrescente";"Céu Claro";"Simples";"Curva";"Sim";3;0;1;0;2;0;1;2;-23,00085734;-44,29827344;"SPRF-RJ";"DEL03-RJ";"UOP03-DEL03-RJ"
285164;2020-05-18;"segunda-feira";"17:53:00";"MG";40;509;"RIBEIRAO DAS NEVES";"Falta de Atenção à Condução";"Colisão frontal";"Com Vítimas Feridas";"Anoitecer";"Crescente";"Céu Claro";"Simples";"Reta";"Sim";3;0;1;0;1;1;1;3;-19,76728744;-44,12855905;"SPRF-MG";"DEL01-MG";"UOP02-DEL01-MG"
285165;2020-05-18;"segunda-feira";"19:15:00";"GO";70;21;"COCALZINHO DE GOIAS";"Falta de Atenção do Pedestre";"Atropelamento de Pedestre";"Com Vítimas Feridas";"Plena Noite";"Crescente";"Céu Claro";"Simples";"Aclive;Reta";"Não";2;0;1;1;0;0;2;2;-15,74046213;-48,38392376;"SPRF-DF";"DEL03-DF";"UOP02-DEL03-DF"
285166;2020-05-18;"segunda-feira";"19:50:00";"RJ";101;484;"ANGRA DOS REIS";"Desobediência às normas de trânsito pelo condutor";"Colisão transversal";"Com Vítimas Feridas";"Plena Noite";"Crescente";"Céu Claro";"Dupla";"Curva";"Sim";2;0;1;0;1;0;1;2;-22,99096308;-44,30429882;"SPRF-RJ";"DEL03-RJ";"UOP03-DEL03-RJ"
285167;2020-05-18;"segunda-feira";"19:00:00";"AP";210;105;"PORTO GRANDE";"Desobediência às normas de trânsito pelo condutor";"Colisão transversal";"Com Vítimas Feridas";"Plena Noite";"Crescente";"Céu Claro";"Simples";"Curva;Interseção de Vias";"Sim";3;0;0;1;2;0;1;2;0,70239423;-51,40504681;"SPRF-AP";"DEL01-AP";"UOP01-DEL01-AP"
285168;2020-05-18;"segunda-feira";"20:00:00";"MG";40;437,3;"PARAOPEBA";"Falta de Atenção à Condução";"Queda de ocupante de veículo";"Com Vítimas Feridas";"Plena Noite";"Crescente";"Céu Claro";"Dupla";"Reta";"Não";1;0;1;0;0;0;1;1;-19,23100428;-44,43562244;"SPRF-MG";"DEL02-MG";"UOP01-DEL02-MG"
285171;2020-05-18;"segunda-feira";"18:49:00";"DF";80;20;"BRASILIA";"Falta de Atenção à Condução";"Colisão transversal";"Com Vítimas Feridas";"Plena Noite";"Crescente";"Céu Claro";"Dupla";"Reta";"Sim";2;0;1;0;1;0;1;2;-15,665005;-48,203583;"SPRF-DF";"DEL03-DF";"UOP02-DEL03-DF"
285172;2020-05-18;"segunda-feira";"19:42:00";"GO";60;117,9;"TEREZOPOLIS DE GOIAS";"Falta de Atenção do Pedestre";"Colisão transversal";"Com Vítimas Feridas";"Plena Noite";"Crescente";"Céu Claro";"Dupla";"Aclive";"Sim";2;0;1;0;0;1;1;2;-16,4789;-49,0864;"SPRF-GO";"DEL01-GO";"UOP01-DEL01-GO"
285173;2020-05-18;"segunda-feira";"19:50:00";"RS";470;218;"BENTO GONCALVES";"Falta de Atenção à Condução";"Colisão frontal";"Com Vítimas Feridas";"Plena Noite";"Crescente";"Céu Claro";"Simples";"Curva";"Não";2;0;1;0;1;0;1;2;-29,17292214;-51,52424936;"SPRF-RS";"DEL06-RS";"UOP01-DEL06-RS"
285177;2020-05-18;"segunda-feira";"20:55:00";"SC";470;71;"INDAIAL";"Falta de Atenção à Condução";"Colisão transversal";"Com Vítimas Feridas";"Plena Noite";"Crescente";"Nublado";"Simples";"Aclive";"Não";2;0;0;1;1;0;1;2;-26,895243;-49,262104;"SPRF-SC";"DEL04-SC";"UOP01-DEL04-SC"
285179;2020-05-18;"segunda-feira";"20:45:00";"BA";324;619;"SALVADOR";"Falta de Atenção à Condução";"Colisão lateral";"Sem Vítimas";"Plena Noite";"Decrescente";"Céu Claro";"Múltipla";"Reta";"Sim";2;0;0;0;2;0;0;2;-12,89820999;-38,45012202;"SPRF-BA";"DEL01-BA";"UOP01-DEL01-BA"
285182;2020-05-18;"segunda-feira";"18:30:00";"MA";230;399,7;"BALSAS";"Ingestão de Álcool";"Atropelamento de Pedestre";"Com Vítimas Feridas";"Plena Noite";"Decrescente";"Céu Claro";"Simples";"Reta";"Não";3;0;3;0;0;0;3;2;-7,42187065;-45,95581055;"SPRF-MA";"DEL05-MA";"UOP01-DEL05-MA"
285184;2020-05-18;"segunda-feira";"18:45:00";"RS";392;41,6;"RIO GRANDE";"Ingestão de Álcool";"Colisão lateral";"Sem Vítimas";"Plena Noite";"Decrescente";"Céu Claro";"Dupla";"Interseção de Vias";"Sim";2;0;0;0;2;0;0;2;-31,95483688;-52,30684982;"SPRF-RS";"DEL07-RS";"UOP02-DEL07-RS"
285185;2020-04-24;"sexta-feira";"10:35:00";"RS";290;306;"CACAPAVA DO SUL";"Ingestão de Álcool";"Saída de leito carroçável";"Sem Vítimas";"Pleno dia";"Crescente";"Céu Claro";"Simples";"Curva";"Não";1;0;0;0;1;0;0;1;-30,334366;-53,266674;"SPRF-RS";"DEL09-RS";"UOP02-DEL09-RS"
285190;2020-05-18;"segunda-feira";"23:00:00";"PE";101;89;"JABOATAO DOS GUARARAPES";"Desobediência às normas de trânsito pelo condutor";"Colisão frontal";"Com Vítimas Fatais";"Plena Noite";"Crescente";"Nublado";"Dupla";"Reta";"Não";3;1;2;0;0;0;2;2;-8,20760697;-34,98372005;"SPRF-PE";"DEL01-PE";"UOP03-DEL01-PE"
285191;2020-05-18;"segunda-feira";"23:00:00";"RS";470;287;"MONTENEGRO";"Desobediência às normas de trânsito pelo condutor";"Colisão transversal";"Com Vítimas Feridas";"Plena Noite";"Decrescente";"Céu Claro";"Simples";"Reta";"Não";7;0;6;0;1;0;6;2;-29,64978706;-51,45797809;"SPRF-RS";"DEL04-RS";"UOP02-DEL04-RS"
285192;2020-05-18;"segunda-feira";"23:00:00";"GO";40;150,5;"CRISTALINA";"Condutor Dormindo";"Saída de leito carroçável";"Com Vítimas Feridas";"Plena Noite";"Crescente";"Céu Claro";"Simples";"Curva";"Não";1;0;1;0;0;0;1;1;-17,015557;-47,214186;"SPRF-DF";"DEL01-DF";"UOP02-DEL01-DF"
285194;2020-05-18;"segunda-feira";"23:50:00";"ES";262;3,7;"CARIACICA";"Falta de Atenção à Condução";"Colisão transversal";"Com Vítimas Feridas";"Plena Noite";"Decrescente";"Céu Claro";"Múltipla";"Interseção de Vias";"Sim";3;0;2;0;1;0;2;2;-20,3353199;-40,37646711;"SPRF-ES";"DEL01-ES";"UOP01-DEL01-ES"
285197;2020-05-19;"terça-feira";"02:05:00";"SC";101;134;"BALNEARIO CAMBORIU";"Ingestão de Álcool";"Colisão com objeto estático";"Sem Vítimas";"Plena Noite";"Decrescente";"Nublado";"Múltipla";"Interseção de Vias";"Sim";1;0;0;0;1;0;0;1;-27,00218;-48,636433;"SPRF-SC";"DEL04-SC";"UOP03-DEL04-SC"
285199;2020-05-19;"terça-feira";"02:30:00";"PE";232;509;"SALGUEIRO";"Ingestão de Álcool";"Queda de ocupante de veículo";"Com Vítimas Feridas";"Plena Noite";"Crescente";"Céu Claro";"Simples";"Interseção de Vias";"Sim";1;0;1;0;0;0;1;1;-8,06449154;-39,1298447;"SPRF-PE";"DEL05-PE";"UOP01-DEL05-PE"
285200;2020-01-17;"sexta-feira";"19:20:00";"GO";60;25;"ALEXANIA";"Avarias e/ou desgaste excessivo no pneu";"Queda de ocupante de veículo";"Com Vítimas Feridas";"Plena Noite";"Crescente";"Chuva";"Dupla";"Curva";"Não";1;0;0;1;0;0;1;1;-16,0963;-48,5202;"SPRF-DF";"DEL03-DF";"UOP01-DEL03-DF"
285202;2020-05-19;"terça-feira";"02:20:00";"BA";110;183;"RIBEIRA DO POMBAL";"Desobediência às normas de trânsito pelo condutor";"Colisão com objeto estático";"Com Vítimas Feridas";"Plena Noite";"Crescente";"Nublado";"Simples";"Declive;Reta";"Não";1;0;1;0;0;0;1;1;-10,95903398;-38,52134268;"SPRF-BA";"DEL07-BA";"UOP02-DEL07-BA"
285203;2020-05-19;"terça-feira";"03:30:00";"RJ";116;106;"GUAPIMIRIM";"Falta de Atenção à Condução";"Tombamento";"Com Vítimas Feridas";"Plena Noite";"Crescente";"Céu Claro";"Dupla";"Curva";"Não";1;0;1;0;0;0;1;1;-22,521951;-43,00070097;"SPRF-RJ";"DEL04-RJ";"UOP02-DEL04-RJ"
285204;2020-05-19;"terça-feira";"04:40:00";"BA";324;6,9;"FEIRA DE SANTANA";"Velocidade Incompatível";"Saída de leito carroçável";"Com Vítimas Fatais";"Plena Noite";"Crescente";"Nublado";"Dupla";"Viaduto";"Não";1;1;0;0;0;0;0;1;-12,26923056;-38,98798054;"SPRF-BA";"DEL02-BA";"UOP01-DEL02-BA"
285206;2020-05-19;"terça-feira";"05:30:00";"SP";116;158,3;"JACAREI";"Falta de Atenção do Pedestre";"Atropelamento de Pedestre";"Com Vítimas Fatais";"Plena Noite";"Crescente";"Céu Claro";"Dupla";"Reta;Aclive";"Não";4;1;0;0;3;0;0;3;-23,26031193;-45,95145464;"SPRF-SP";"DEL02-SP";"UOP01-DEL02-SP"
285208;2020-05-19;"terça-feira";"06:00:00";"ES";101;157,7;"LINHARES";"Defeito Mecânico no Veículo";"Queda de ocupante de veículo";"Com Vítimas Feridas";"Pleno dia";"Decrescente";"Nublado";"Simples";"Reta";"Não";1;0;1;0;0;0;1;1;-19,45345303;-40,09963296;"SPRF-ES";"DEL04-ES";"UOP01-DEL04-ES"
285210;2020-05-18;"segunda-feira";"20:00:00";"MA";135;49;"BACABEIRA";"Defeito na Via";"Colisão lateral";"Sem Vítimas";"Plena Noite";"Crescente";"Céu Claro";"Dupla";"Reta";"Sim";1;0;0;0;1;0;0;1;-2,95543489;-44,32401174;"SPRF-MA";"DEL01-MA";"UOP01-DEL01-MA"
285211;2020-05-19;"terça-feira";"06:45:00";"MG";50;72;"UBERLANDIA";"Falta de Atenção à Condução";"Colisão traseira";"Com Vítimas Feridas";"Pleno dia";"Crescente";"Céu Claro";"Dupla";"Reta";"Sim";2;0;1;0;1;0;1;2;-18,85140204;-48,25345932;"SPRF-MG";"DEL15-MG";"UOP01-DEL15-MG"
285212;2020-05-19;"terça-feira";"06:30:00";"RS";290;90;"PORTO ALEGRE";"Falta de Atenção à Condução";"Saída de leito carroçável";"Com Vítimas Feridas";"Amanhecer";"Decrescente";"Céu Claro";"Dupla";"Reta";"Não";1;0;1;0;0;0;1;1;-29,96785526;-51,15744062;"SPRF-RS";"DEL01-RS";"UOP01-DEL01-RS"
285215;2020-05-19;"terça-feira";"07:00:00";"PE";101;51;"ABREU E LIMA";"Falta de Atenção do Pedestre";"Atropelamento de Pedestre";"Sem Vítimas";"Pleno dia";"Crescente";"Nublado";"Múltipla";"Reta";"Sim";2;0;0;0;1;1;0;2;-7,9169968;-34,89689272;"SPRF-PE";"DEL01-PE";"UOP02-DEL01-PE"
285216;2020-05-19;"terça-feira";"07:15:00";"DF";70;6;"BRASILIA";"Falta de Atenção à Condução";"Colisão lateral";"Com Vítimas Feridas";"Pleno dia";"Decrescente";"Céu Claro";"Dupla";"Reta";"Sim";2;0;1;0;1;0;1;2;-15,788906;-48,111926;"SPRF-DF";"DEL03-DF";"UOP02-DEL03-DF"
285222;2020-05-19;"terça-feira";"05:25:00";"MT";163;831;"SINOP";"Avarias e/ou desgaste excessivo no pneu";"Capotamento";"Sem Vítimas";"Amanhecer";"Crescente";"Céu Claro";"Dupla";"Rotatória";"Sim";1;0;0;0;1;0;0;1;-11,895265;-55,504193;"SPRF-MT";"DEL06-MT";"UOP01-DEL06-MT"
285223;2020-05-19;"terça-feira";"07:50:00";"GO";153;496,4;"GOIANIA";"Desobediência às normas de trânsito pelo condutor";"Colisão lateral";"Com Vítimas Feridas";"Amanhecer";"Crescente";"Céu Claro";"Dupla";"Interseção de Vias;Viaduto;Declive;Reta";"Sim";3;0;2;0;1;0;2;2;-16,6776;-49,2314;"SPRF-GO";"DEL01-GO";"UOP01-DEL01-GO"
285225;2020-04-21;"terça-feira";"18:45:00";"AM";174;889;"MANAUS";"Falta de Atenção à Condução";"Colisão transversal";"Sem Vítimas";"Plena Noite";"Crescente";"Céu Claro";"Simples";"Reta";"Não";3;0;0;0;2;1;0;3;-2,93314499;-60,03449693;"SPRF-AM";"DEL01-AM";"UOP01-DEL01-AM"
285226;2020-05-19;"terça-feira";"07:10:00";"SP";381;61;"MAIRIPORA";"Falta de Atenção à Condução";"Colisão lateral";"Com Vítimas Feridas";"Pleno dia";"Crescente";"Céu Claro";"Dupla";"Curva";"Não";2;0;1;0;1;0;1;2;-23,29011611;-46,5800681;"SPRF-SP";"DEL03-SP";"UOP01-DEL03-SP"
285227;2020-05-08;"sexta-feira";"07:30:00";"SC";280;31;"ARAQUARI";"Falta de Atenção à Condução";"Colisão lateral";"Com Vítimas Feridas";"Pleno dia";"Decrescente";"Nublado";"Simples";"Reta";"Não";2;0;1;0;1;0;1;2;-26,41649938;-48,77181215;"SPRF-SC";"DEL03-SC";"UOP03-DEL03-SC"
285229;2020-05-19;"terça-feira";"05:10:00";"PA";10;172,3;"PARAGOMINAS";"Ingestão de Álcool";"Colisão traseira";"Com Vítimas Fatais";"Amanhecer";"Decrescente";"Céu Claro";"Simples";"Reta";"Não";3;1;2;0;0;0;2;2;-2,97412589;-47,45262345;"SPRF-PA";"DEL02-PA";"UOP01-DEL02-PA"
285230;2020-05-19;"terça-feira";"09:00:00";"ES";101;263;"SERRA";"Velocidade Incompatível";"Colisão com objeto estático";"Com Vítimas Feridas";"Pleno dia";"Decrescente";"Céu Claro";"Dupla";"Reta";"Sim";1;0;1;0;0;0;1;1;-20,16554736;-40,27301648;"SPRF-ES";"DEL02-ES";"UOP01-DEL02-ES"
285236;2020-05-19;"terça-feira";"09:30:00";"SC";101;208,8;"SAO JOSE";"Falta de Atenção à Condução";"Colisão com objeto estático";"Com Vítimas Feridas";"Pleno dia";"Decrescente";"Céu Claro";"Múltipla";"Reta";"Não";3;0;1;0;2;0;1;2;-27,60327979;-48,63201818;"SPRF-SC";"DEL01-SC";"UOP01-DEL01-SC"
285238;2020-05-19;"terça-feira";"08:00:00";"MT";163;839;"SINOP";"Falta de Atenção à Condução";"Colisão frontal";"Com Vítimas Feridas";"Pleno dia";"Crescente";"Céu Claro";"Simples";"Reta";"Sim";3;0;1;0;2;0;1;2;-11,951051;-55,516876;"SPRF-MT";"DEL06-MT";"NPF/DEL06-MT"
285239;2020-05-19;"terça-feira";"07:30:00";"RJ";101;197,8;"CASIMIRO DE ABREU";"Falta de Atenção à Condução";"Colisão traseira";"Com Vítimas Feridas";"Pleno dia";"Crescente";"Céu Claro";"Dupla";"Reta";"Não";2;0;1;0;1;0;1;2;-22,49157051;-42,11796332;"SPRF-RJ";"DEL08-RJ";"UOP04-DEL08-RJ"
285241;2020-05-19;"terça-feira";"10:15:00";"AL";101;59,1;"MESSIAS";"Velocidade Incompatível";"Saída de leito carroçável";"Com Vítimas Feridas";"Pleno dia";"Decrescente";"Chuva";"Dupla";"Curva";"Não";2;0;1;0;1;0;1;1;-9,33830078;-35,83087921;"SPRF-AL";"DEL01-AL";"UOP02-DEL01-AL"
285242;2020-05-18;"segunda-feira";"19:00:00";"SP";262;319;"CASTILHO";"Velocidade Incompatível";"Colisão traseira";"Com Vítimas Feridas";"Plena Noite";"Decrescente";"Céu Claro";"Simples";"Aclive";"Não";1;0;1;0;0;0;1;1;-20,78051983;-51,59513524;"SPRF-MS";"DEL07-MS";"UOP01-DEL07-MS"
285243;2020-05-19;"terça-feira";"09:15:00";"ES";262;5,7;"CARIACICA";"Desobediência às normas de trânsito pelo condutor";"Colisão transversal";"Com Vítimas Feridas";"Pleno dia";"Decrescente";"Nublado";"Dupla";"Interseção de Vias";"Sim";2;0;1;0;1;0;1;2;-20,33707281;-40,38649924;"SPRF-ES";"DEL01-ES";"UOP01-DEL01-ES"
285244;2020-05-19;"terça-feira";"11:00:00";"BA";324;516;"FEIRA DE SANTANA";"Desobediência às normas de trânsito pelo condutor";"Colisão transversal";"Com Vítimas Feridas";"Pleno dia";"Decrescente";"Nublado";"Simples";"Reta";"Sim";2;0;1;0;1;0;1;2;-12,24953308;-38,93362525;"SPRF-BA";"DEL02-BA";"UOP01-DEL02-BA"
285246;2020-05-19;"terça-feira";"06:40:00";"SC";163;75,8;"SAO MIGUEL DO OESTE";"Falta de Atenção à Condução";"Saída de leito carroçável";"Com Vítimas Feridas";"Amanhecer";"Crescente";"Céu Claro";"Simples";"Aclive;Reta";"Não";1;0;0;1;0;0;1;1;-26,69341396;-53,5158321;"SPRF-SC";"DEL07-SC";"UOP03-DEL07-SC"
285247;2020-05-19;"terça-feira";"07:30:00";"BA";101;911;"NOVA VICOSA";"Defeito na Via";"Saída de leito carroçável";"Com Vítimas Feridas";"Pleno dia";"Decrescente";"Céu Claro";"Simples";"Ponte";"Não";3;0;3;0;0;0;3;1;-18,013128;-39,86175209;"SPRF-BA";"DEL09-BA";"UOP02-DEL09-BA"