"id";"data_inversa";"dia_semana";"horario";"uf";"br";"km";"municipio";"causa_acidente";"tipo_acidente";"classificacao_acidente";"fase_dia";"sentido_via";"condicao_metereologica";"tipo_pista";"tracado_via";"uso_solo";"pessoas";"mortos";"feridos_leves";"feridos_graves";"ilesos";"ignorados";"feridos";"veiculos";"latitude";"longitude";"regional";"delegacia";"uop"
285249;2020-05-19;"terça-feira";"10:50:00";"PI";343;468;"ANGICAL DO PIAUI";"Falta de Atenção à Condução";"Colisão lateral";"Com Vítimas Feridas";"Pleno dia";"Crescente";"Céu Claro";"Simples";"Reta";"Não";3;0;2;1;0;0;3;2;-6,045383;-42,73493;"SPRF-PI";"DEL01-PI";"UOP02-DEL01-PI"
285252;2020-05-19;"terça-feira";"07:15:00";"SP";116;111;"TAUBATE";"Pista Escorregadia";"Tombamento";"Com Vítimas Feridas";"Pleno dia";"Decrescente";"Céu Claro";"Dupla";"Retorno Regulamentado";"Sim";1;0;1;0;0;0;1;1;-23,03887149;-45,56097419;"SPRF-SP";"DEL06-SP";"UOP01-DEL06-SP"
285255;2020-05-19;"terça-feira";"12:20:00";"AL";316;245;"ATALAIA";"Desobediência às normas de trânsito pelo condutor";"Colisão transversal";"Com Vítimas Feridas";"Pleno dia";"Crescente";"Sol";"Simples";"Retorno Regulamentado";"Sim";2;0;1;0;1;0;1;2;-9,52549872;-35,99508253;"SPRF-AL";"DEL01-AL";"UOP01-DEL01-AL"
285256;2020-05-19;"terça-feira";"08:30:00";"CE";20;358;"MARANGUAPE";"Velocidade Incompatível";"Saída de leito carroçável";"Sem Vítimas";"Pleno dia";"Crescente";"Céu Claro";"Dupla";"Reta";"Não";1;0;0;0;0;1;0;1;-4,02968614;-38,98979187;"SPRF-CE";"DEL02-CE";"UOP01-DEL02-CE"
285257;2020-05-19;"terça-feira";"12:20:00";"GO";50;113;"CRISTALINA";"Falta de Atenção à Condução";"Saída de leito carroçável";"Com Vítimas Feridas";"Pleno dia";"Decrescente";"Céu Claro";"Dupla";"Reta";"Sim";1;0;0;1;0;0;1;1;-16,9309;-47,7117;"SPRF-DF";"DEL01-DF";"UOP02-DEL01-DF"
285260;2020-05-19;"terça-feira";"11:00:00";"BA";324;480;"TANQUINHO";"Avarias e/ou desgaste excessivo no pneu";"Saída de leito carroçável";"Com Vítimas Feridas";"Pleno dia";"Crescente";"Céu Claro";"Simples";"Curva";"Não";2;0;1;0;1;0;1;1;-12,00194287;-39,06587985;"SPRF-BA";"DEL02-BA";"UOP01-DEL02-BA"
285261;2020-01-12;"domingo";"18:10:00";"PE";101;53,8;"PAULISTA";"Falta de Atenção do Pedestre";"Atropelamento de Pedestre";"Com Vítimas Fatais";"Plena Noite";"Crescente";"Nublado";"Dupla";"Reta";"Não";3;1;0;0;1;1;0;2;-7,938911;-34,903562;"SPRF-PE";"DEL01-PE";"UOP02-DEL01-PE"
285262;2020-05-19;"terça-feira";"11:50:00";"PR";277;34;"MORRETES";"Velocidade Incompatível";"Tombamento";"Com Vítimas Feridas";"Pleno dia";"Decrescente";"Céu Claro";"Dupla";"Declive;Curva";"Não";1;0;1;0;0;0;1;1;-25,547373;-48,790559;"SPRF-PR";"DEL01-PR";"UOP05-DEL01-PR"
285264;2020-05-19;"terça-feira";"11:41:00";"RO";174;15;"VILHENA";"Desobediência às normas de trânsito pelo condutor";"Colisão transversal";"Com Vítimas Feridas";"Pleno dia";"Crescente";"Nublado";"Simples";"Reta";"Sim";2;0;1;1;0;0;2;2;-12,723321;-60,12801;"SPRF-RO";"DEL04-RO";"UOP01-DEL04-RO"
285266;2020-04-29;"quarta-feira";"16:01:00";"PR";277;96;"CURITIBA";"Ultrapassagem Indevida";"Colisão transversal";"Com Vítimas Feridas";"Pleno dia";"Decrescente";"Céu Claro";"Dupla";"Reta";"Sim";2;0;1;0;1;0;1;2;-25,54577186;-49,29537197;"SPRF-PR";"DEL01-PR";"UOP06-DEL01-PR"
285268;2020-05-19;"terça-feira";"10:40:00";"MT";70;3;"BARRA DO GARCAS";"Falta de Atenção à Condução";"Colisão lateral";"Com Vítimas Feridas";"Pleno dia";"Crescente";"Céu Claro";"Dupla";"Aclive";"Sim";3;0;1;0;2;0;1;2;-15,8158847;-52,3026981;"SPRF-MT";"DEL07-MT";"UOP01-DEL07-MT"
285269;2020-05-19;"terça-feira";"13:20:00";"MG";40;545,9;"NOVA LIMA";"Falta de Atenção à Condução";"Tombamento";"Com Vítimas Feridas";"Pleno dia";"Crescente";"Nublado";"Dupla";"Reta";"Sim";2;0;1;1;0;0;2;1;-20,00670404;-43,96418668;"SPRF-MG";"DEL01-MG";"UOP02-DEL01-MG"
285270;2020-05-19;"terça-feira";"08:00:00";"RO";364;524;"ARIQUEMES";"Defeito na Via";"Queda de ocupante de veículo";"Com Vítimas Feridas";"Pleno dia";"Crescente";"Céu Claro";"Simples";"Reta";"Não";1;0;1;0;0;0;1;1;-9,84331604;-63,05989318;"SPRF-RO";"DEL03-RO";"UOP01-DEL03-RO"
285272;2020-05-05;"terça-feira";"21:40:00";"SC";101;372,2;"ICARA";"Defeito Mecânico no Veículo";"Incêndio";"Sem Vítimas";"Pleno dia";"Crescente";"Céu Claro";"Dupla";"Reta";"Não";1;0;0;0;1;0;0;1;-28,70864509;-49,20924696;"SPRF-SC";"DEL02-SC";"UOP01-DEL02-SC"
285274;2020-05-19;"terça-feira";"14:10:00";"CE";20;404;"CAUCAIA";"Defeito Mecânico no Veículo";"Tombamento";"Com Vítimas Feridas";"Pleno dia";"Decrescente";"Sol";"Simples";"Reta";"Não";1;0;1;0;0;0;1;1;-3,77821762;-38,68607924;"SPRF-CE";"DEL01-CE";"UOP01-DEL01-CE"
285275;2020-05-19;"terça-feira";"11:15:00";"MG";267;45,7;"MARIPA DE MINAS";"Falta de Atenção à Condução";"Capotamento";"Com Vítimas Feridas";"Pleno dia";"Decrescente";"Céu Claro";"Simples";"Curva";"Sim";2;0;1;1;0;0;2;1;-21,68357945;-42,9466561;"SPRF-MG";"DEL07-MG";"UOP01-DEL07-MG"
285277;2020-02-10;"segunda-feira";"17:20:00";"PR";376;595;"CURITIBA";"Falta de Atenção à Condução";"Queda de ocupante de veículo";"Com Vítimas Feridas";"Pleno dia";"Crescente";"Ignorado";"Dupla";"Reta";"Não";2;0;1;0;0;1;1;2;-25,49317991;-49,34370776;"SPRF-PR";"DEL01-PR";"UOP06-DEL01-PR"
285278;2020-05-19;"terça-feira";"13:30:00";"SP";381;73,2;"SAO PAULO";"Pista Escorregadia";"Tombamento";"Com Vítimas Feridas";"Pleno dia";"Decrescente";"Sol";"Dupla";"Curva";"Não";1;0;1;0;0;0;1;1;-23,36553404;-46,55253934;"SPRF-SP";"DEL03-SP";"UOP01-DEL03-SP"
285279;2020-05-19;"terça-feira";"13:40:00";"RJ";40;93;"DUQUE DE CAXIAS";"Falta de Atenção à Condução";"Queda de ocupante de veículo";"Com Vítimas Feridas";"Pleno dia";"Crescente";"Céu Claro";"Simples";"Reta";"Não";1;0;1;0;0;0;1;1;-22,5554282;-43,25829998;"SPRF-RJ";"DEL01-RJ";"UOP01-DEL01-RJ"
285280;2020-05-19;"terça-feira";"12:50:00";"SC";101;134;"BALNEARIO CAMBORIU";"Não guardar distância de segurança";"Colisão lateral";"Com Vítimas Feridas";"Pleno dia";"Crescente";"Céu Claro";"Simples";"Reta";"Sim";2;0;1;0;1;0;1;2;-27,00218;-48,636433;"SPRF-SC";"DEL04-SC";"UOP03-DEL04-SC"
285281;2020-05-19;"terça-feira";"11:10:00";"MG";381;751,9;"TRES CORACOES";"Desobediência às normas de trânsito pelo condutor";"Saída de leito carroçável";"Sem Vítimas";"Pleno dia";"Crescente";"Céu Claro";"Dupla";"Reta";"Não";1;0;0;0;1;0;0;1;-21,66868652;-45,32558014;"SPRF-MG";"DEL16-MG";"UOP02-DEL16-MG"
285282;2020-05-19;"terça-feira";"14:50:00";"ES";101;265;"SERRA";"Falta de Atenção à Condução";"Colisão transversal";"Com Vítimas Feridas";"Pleno dia";"Crescente";"Nublado";"Dupla";"Reta";"Sim";2;0;0;2;0;0;2;2;-20,1816849;-40,26536036;"SPRF-ES";"DEL02-ES";"UOP01-DEL02-ES"
285283;2020-05-19;"terça-feira";"14:40:00";"ES";101;69,3;"SAO MATEUS";"Falta de Atenção à Condução";"Tombamento";"Com Vítimas Feridas";"Pleno dia";"Decrescente";"Sol";"Simples";"Reta;Declive";"Não";1;0;0;1;0;0;1;1;-18,74453703;-39,86164665;"SPRF-ES";"DEL04-ES";"UOP02-DEL04-ES"
285284;2020-05-15;"sexta-feira";"10:50:00";"ES";101;125,7;"SOORETAMA";"Desobediência às normas de trânsito pelo condutor";"Colisão lateral";"Com Vítimas Feridas";"Pleno dia";"Crescente";"Céu Claro";"Múltipla";"Reta";"Sim";2;0;0;1;1;0;1;2;-19,18496498;-40,09429827;"SPRF-ES";"DEL04-ES";"UOP01-DEL04-ES"
285285;2020-05-19;"terça-feira";"15:00:00";"ES";101;269;"SERRA";"Falta de Atenção à Condução";"Tombamento";"Com Vítimas Feridas";"Pleno dia";"Crescente";"Céu Claro";"Múltipla";"Reta";"Sim";1;0;1;0;0;0;1;1;-20,21740496;-40,26990578;"SPRF-ES";"DEL02-ES";"UOP01-DEL02-ES"
285286;2020-05-19;"terça-feira";"14:00:00";"SC";470;105,5;"APIUNA";"Ingestão de álcool e/ou substâncias psicoativas pelo pedestre";"Colisão frontal";"Com Vítimas Feridas";"Pleno dia";"Decrescente";"Sol";"Simples";"Em Obras";"Não";2;0;1;0;1;0;1;2;-27,066006;-49,417019;"SPRF-SC";"DEL04-SC";"UOP02-DEL04-SC"
285287;2020-05-19;"terça-feira";"14:35:00";"PR";376;3,8;"APUCARANA";"Desobediência às normas de trânsito pelo condutor";"Queda de ocupante de veículo";"Com Vítimas Feridas";"Pleno dia";"Crescente";"Céu Claro";"Dupla";"Reta";"Sim";2;0;0;1;1;0;1;2;-23,55616612;-51,44349646;"SPRF-PR";"DEL07-PR";"UOP03-DEL07-PR"
285288;2020-05-19;"terça-feira";"12:58:00";"DF";60;21;"BRASILIA";"Desobediência às normas de trânsito pelo condutor";"Atropelamento de Pedestre";"Com Vítimas Fatais";"Anoitecer";"Crescente";"Ignorado";"Dupla";"Reta";"Não";2;1;0;0;1;0;0;2;-15,979909;-48,206978;"SPRF-DF";"DEL03-DF";"UOP01-DEL03-DF"
285289;2020-05-19;"terça-feira";"11:00:00";"MA";10;297,6;"SAO FRANCISCO DO BREJAO";"Velocidade Incompatível";"Saída de leito carroçável";"Com Vítimas Feridas";"Pleno dia";"Decrescente";"Céu Claro";"Simples";"Reta";"Não";2;0;0;1;0;1;1;2;-5,140039;-47,543011;"SPRF-MA";"DEL04-MA";"UOP03-DEL04-MA"
285290;2020-05-19;"terça-feira";"15:50:00";"MG";356;268;"MURIAE";"Desobediência às normas de trânsito pelo condutor";"Colisão lateral";"Sem Vítimas";"Pleno dia";"Crescente";"Céu Claro";"Simples";"Declive;Curva";"Sim";2;0;0;0;2;0;0;2;-21,12690881;-42,34244401;"SPRF-MG";"DEL07-MG";"UOP02-DEL07-MG"
285292;2020-05-19;"terça-feira";"17:15:00";"RS";470;213;"BENTO GONCALVES";"Falta de Atenção do Pedestre";"Atropelamento de Pedestre";"Com Vítimas Feridas";"Anoitecer";"Decrescente";"Céu Claro";"Simples";"Reta";"Sim";2;0;1;0;1;0;1;2;-29,138703;-51,542708;"SPRF-RS";"DEL06-RS";"UOP01-DEL06-RS"
285293;2020-04-18;"sábado";"16:50:00";"SC";101;131,1;"BALNEARIO CAMBORIU";"Falta de Atenção à Condução";"Colisão transversal";"Com Vítimas Feridas";"Pleno dia";"Decrescente";"Sol";"Simples";"Interseção de Vias";"Não";2;0;0;1;1;0;1;2;-26,99064209;-48,66310912;"SPRF-SC";"DEL04-SC";"UOP03-DEL04-SC"
285294;2020-05-19;"terça-feira";"17:15:00";"SC";470;65,2;"INDAIAL";"Desobediência às normas de trânsito pelo condutor";"Colisão lateral";"Com Vítimas Feridas";"Plena Noite";"Decrescente";"Céu Claro";"Simples";"Em Obras;Reta";"Não";2;0;1;0;1;0;1;2;-26,870411;-49,211864;"SPRF-SC";"DEL04-SC";"UOP01-DEL04-SC"
285296;2020-05-19;"terça-feira";"17:30:00";"MG";116;416,9;"GOVERNADOR VALADARES";"Falta de Atenção à Condução";"Colisão frontal";"Com Vítimas Feridas";"Anoitecer";"Crescente";"Céu Claro";"Simples";"Reta";"Sim";2;0;1;0;1;0;1;2;-18,89215187;-41,94699543;"SPRF-MG";"DEL06-MG";"UOP01-DEL06-MG"
285297;2020-05-19;"terça-feira";"16:30:00";"PR";163;85;"CAPANEMA";"Não guardar distância de segurança";"Colisão traseira";"Com Vítimas Feridas";"Pleno dia";"Crescente";"Céu Claro";"Simples";"Reta";"Não";2;0;1;0;1;0;1;2;-25,69340067;-53,78032252;"SPRF-PR";"DEL02-PR";"UOP02-DEL02-PR"
285298;2020-05-19;"terça-feira";"16:10:00";"PR";0;0;"TERRA ROXA";"Agressão Externa";"Saída de leito carroçável";"Sem Vítimas";"Pleno dia";"Não Informado";"Sol";"Simples";"Interseção de Vias";"Não";3;0;0;0;2;1;0;2;-24,338886;-54,14059;"SPRF-PR";"DEL06-PR";"UOP01-DEL06-PR"
285299;2020-05-19;"terça-feira";"18:00:00";"ES";447;12;"VILA VELHA";"Desobediência às normas de trânsito pelo condutor";"Atropelamento de Pedestre";"Com Vítimas Feridas";"Plena Noite";"Crescente";"Chuva";"Dupla";"Reta";"Sim";2;0;1;0;0;1;1;2;-20,35784325;-40,3328294;"SPRF-ES";"DEL01-ES";"UOP01-DEL01-ES"
285300;2020-05-19;"terça-feira";"18:00:00";"PR";376;10,5;"MARINGA";"Ingestão de Álcool";"Colisão traseira";"Sem Vítimas";"Plena Noite";"Decrescente";"Céu Claro";"Dupla";"Curva";"Sim";3;0;0;0;2;1;0;3;-23,39173666;-51,89220428;"SPRF-PR";"DEL09-PR";"UOP01-DEL09-PR"
285301;2020-05-19;"terça-feira";"18:30:00";"ES";101;145;"LINHARES";"Mal Súbito";"Tombamento";"Com Vítimas Feridas";"Plena Noite";"Crescente";"Céu Claro";"Múltipla";"Reta";"Sim";1;0;0;1;0;0;1;1;-19,36089598;-40,06464018;"SPRF-ES";"DEL04-ES";"UOP01-DEL04-ES"
285302;2020-05-19;"terça-feira";"18:30:00";"SC";101;209,5;"SAO JOSE";"Falta de Atenção à Condução";"Colisão lateral";"Com Vítimas Feridas";"Plena Noite";"Decrescente";"Céu Claro";"Dupla";"Aclive";"Sim";2;0;1;0;1;0;1;2;-27,61000542;-48,63895057;"SPRF-SC";"DEL01-SC";"UOP01-DEL01-SC"
285303;2020-04-14;"terça-feira";"03:00:00";"PI";343;553;"AMARANTE";"Condutor Dormindo";"Saída de leito carroçável";"Com Vítimas Feridas";"Plena Noite";"Crescente";"Nublado";"Simples";"Reta";"Não";1;0;1;0;0;0;1;1;-6,627598;-42,842065;"SPRF-PI";"DEL03-PI";"UOP01-DEL03-PI"
285304;2020-05-19;"terça-feira";"17:50:00";"PR";476;140;"CURITIBA";"Falta de Atenção à Condução";"Colisão lateral";"Com Vítimas Feridas";"Anoitecer";"Crescente";"Céu Claro";"Dupla";"Reta";"Sim";2;0;1;0;1;0;1;2;-25,520693;-49,294121;"SPRF-PR";"DEL01-PR";"UOP03-DEL01-PR"
285305;2020-05-19;"terça-feira";"17:55:00";"RN";101;95;"NATAL";"Falta de Atenção à Condução";"Colisão traseira";"Com Vítimas Feridas";"Plena Noite";"Crescente";"Nublado";"Múltipla";"Reta";"Sim";3;0;1;0;1;1;1;3;-5,84076841;-35,21035949;"SPRF-RN";"DEL01-RN";"UOP01-DEL01-RN"
285306;2020-05-19;"terça-feira";"18:35:00";"SC";470;35,2;"GASPAR";"Não guardar distância de segurança";"Colisão traseira";"Com Vítimas Feridas";"Plena Noite";"Crescente";"Nublado";"Simples";"Em Obras;Desvio Temporário";"Não";2;0;1;0;1;0;1;2;-26,912857;-48,958965;"SPRF-SC";"DEL04-SC";"UOP01-DEL04-SC"
285308;2020-05-19;"terça-feira";"18:50:00";"PB";101;81,9;"BAYEUX";"Falta de Atenção à Condução";"Colisão traseira";"Com Vítimas Feridas";"Plena Noite";"Decrescente";"Céu Claro";"Dupla";"Reta";"Sim";2;0;1;0;1;0;1;2;-7,12508575;-34,94513217;"SPRF-PB";"DEL01-PB";"UOP01-DEL01-PB"
285309;2020-05-19;"terça-feira";"18:55:00";"GO";153;189;"URUACU";"Falta de Atenção do Pedestre";"Atropelamento de Pedestre";"Com Vítimas Feridas";"Plena Noite";"Decrescente";"Céu Claro";"Simples";"Reta";"Não";3;0;2;0;1;0;2;2;-14,420507;-49,157112;"SPRF-GO";"DEL07-GO";"UOP02-DEL07-GO"
285311;2020-05-19;"terça-feira";"17:40:00";"MS";463;3,5;"DOURADOS";"Deficiência ou não Acionamento do Sistema de Iluminação/Sinalização do Veículo";"Colisão transversal";"Com Vítimas Feridas";"Plena Noite";"Decrescente";"Céu Claro";"Simples";"Reta";"Sim";2;0;0;2;0;0;2;2;-22,25926744;-54,83384544;"SPRF-MS";"DEL04-MS";"UOP01-DEL04-MS"
285316;2020-05-19;"terça-feira";"17:20:00";"GO";60;124;"TEREZOPOLIS DE GOIAS";"Avarias e/ou desgaste excessivo no pneu";"Saída de leito carroçável";"Com Vítimas Feridas";"Pleno dia";"Crescente";"Céu Claro";"Dupla";"Reta";"Não";1;0;1;0;0;0;1;1;-16,5243;-49,1313;"SPRF-GO";"DEL01-GO";"UOP01-DEL01-GO"
285317;2020-05-19;"terça-feira";"18:15:00";"PR";376;0,7;"APUCARANA";"Falta de Atenção à Condução";"Colisão transversal";"Com Vítimas Feridas";"Anoitecer";"Crescente";"Céu Claro";"Simples";"Reta";"Sim";2;0;0;1;1;0;1;2;-23,57169692;-51,42779589;"SPRF-PR";"DEL07-PR";"UOP03-DEL07-PR"
285318;2020-05-19;"terça-feira";"18:40:00";"SC";282;505;"XANXERE";"Restrição de Visibilidade";"Colisão transversal";"Com Vítimas Feridas";"Plena Noite";"Decrescente";"Céu Claro";"Simples";"Interseção de Vias";"Sim";2;0;1;0;1;0;1;2;-26,8852787;-52,4141655;"SPRF-SC";"DEL07-SC";"UOP01-DEL07-SC"
285319;2020-05-19;"terça-feira";"19:10:00";"PR";373;247;"GUAMIRANGA";"Falta de Atenção à Condução";"Saída de leito carroçável";"Com Vítimas Feridas";"Plena Noite";"Crescente";"Céu Claro";"Simples";"Reta";"Não";1;0;1;0;0;0;1;1;-25,19090525;-50,82302001;"SPRF-PR";"DEL03-PR";"UOP01-DEL03-PR"
285321;2020-05-19;"terça-feira";"18:00:00";"RJ";101;428,3;"MANGARATIBA";"Falta de Atenção à Condução";"Colisão transversal";"Com Vítimas Feridas";"Plena Noite";"Crescente";"Céu Claro";"Dupla";"Interseção de Vias";"Sim";3;0;1;0;2;0;1;2;-22,93523;-43,99804;"SPRF-RJ";"DEL03-RJ";"UOP01-DEL03-RJ"
285324;2020-05-19;"terça-feira";"14:48:00";"RS";158;324;"SANTA MARIA";"Desobediência às normas de trânsito pelo condutor";"Colisão lateral";"Sem Vítimas";"Pleno dia";"Crescente";"Céu Claro";"Dupla";"Reta";"Sim";2;0;0;0;2;0;0;2;-29,69679025;-53,78741206;"SPRF-RS";"DEL09-RS";"UOP01-DEL09-RS"
285326;2020-05-19;"terça-feira";"20:10:00";"RN";406;163,2;"SAO GONCALO DO AMARANTE";"Defeito na Via";"Tombamento";"Com Vítimas Feridas";"Plena Noite";"Decrescente";"Nublado";"Simples";"Reta;Em Obras";"Não";2;0;2;0;0;0;2;1;-5,73527201;-35,35543901;"SPRF-RN";"DEL02-RN";"UOP01-DEL02-RN"
285327;2020-05-19;"terça-feira";"20:00:00";"PE";316;59,8;"TRINDADE";"Deficiência ou não Acionamento do Sistema de Iluminação/Sinalização do Veículo";"Colisão traseira";"Com Vítimas Feridas";"Plena Noite";"Crescente";"Céu Claro";"Simples";"Reta";"Não";2;0;1;1;0;0;2;2;-7,76160912;-40,26138334;"SPRF-PE";"DEL05-PE";"UOP02-DEL05-PE"
285329;2020-05-19;"terça-feira";"17:34:00";"AC";317;104,6;"SENADOR GUIOMARD";"Animais na Pista";"Atropelamento de Animal";"Sem Vítimas";"Anoitecer";"Crescente";"Chuva";"Simples";"Reta";"Não";1;0;0;0;1;0;0;1;-10,262096;-67,705518;"SPRF-AC";"DEL01-AC";"UOP01-DEL01-AC"
285330;2020-05-19;"terça-feira";"20:45:00";"PE";101;101;"CABO DE SANTO AGOSTINHO";"Falta de Atenção à Condução";"Colisão frontal";"Sem Vítimas";"Plena Noite";"Crescente";"Nublado";"Simples";"Reta";"Sim";2;0;0;0;2;0;0;2;-8,2757433;-35,05378122;"SPRF-PE";"DEL01-PE";"UOP03-DEL01-PE"
285331;2020-05-19;"terça-feira";"19:40:00";"ES";101;258;"SERRA";"Ingestão de Álcool";"Colisão com objeto estático";"Com Vítimas Feridas";"Plena Noite";"Crescente";"Garoa/Chuvisco";"Dupla";"Reta";"Sim";2;0;1;1;0;0;2;1;-20,13059888;-40,2961019;"SPRF-ES";"DEL02-ES";"UOP01-DEL02-ES"
285332;2020-05-19;"terça-feira";"19:30:00";"CE";20;423,5;"MARACANAU";"Sinalização da via insuficiente ou inadequada";"Saída de leito carroçável";"Com Vítimas Feridas";"Plena Noite";"Crescente";"Céu Claro";"Dupla";"Curva";"Não";2;0;2;0;0;0;2;1;-3,86014778;-38,53786338;"SPRF-CE";"DEL01-CE";"UOP02-DEL01-CE"
285333;2020-05-19;"terça-feira";"19:40:00";"PA";316;75,4;"SAO FRANCISCO DO PARA";"Desobediência às normas de trânsito pelo condutor";"Colisão frontal";"Com Vítimas Fatais";"Plena Noite";"Decrescente";"Céu Claro";"Simples";"Reta";"Não";3;1;0;0;1;1;0;3;-1,29446511;-47,82243505;"SPRF-PA";"DEL01-PA";"UOP01-DEL01-PA"
285336;2020-05-19;"terça-feira";"21:30:00";"RJ";116;254;"PIRAI";"Falta de Atenção à Condução";"Colisão traseira";"Com Vítimas Fatais";"Plena Noite";"Decrescente";"Céu Claro";"Dupla";"Reta";"Sim";5;1;2;0;1;1;2;3;-22,57811624;-43,98644985;"SPRF-RJ";"DEL07-RJ";"UOP01-DEL07-RJ"
285337;2020-05-19;"terça-feira";"16:40:00";"MA";10;374;"ITINGA DO MARANHAO";"Defeito na Via";"Saída de leito carroçável";"Com Vítimas Feridas";"Pleno dia";"Crescente";"Ignorado";"Simples";"Reta";"Não";2;0;0;1;1;0;1;1;-4,478869;-47,511242;"SPRF-MA";"DEL04-MA";"UOP03-DEL04-MA"
285339;2020-05-19;"terça-feira";"21:55:00";"SC";282;70;"RANCHO QUEIMADO";"Ingestão de álcool e/ou substâncias psicoativas pelo pedestre";"Tombamento";"Com Vítimas Feridas";"Plena Noite";"Decrescente";"Céu Claro";"Simples";"Curva";"Não";1;0;0;1;0;0;1;1;-27,692705;-49,091351;"SPRF-SC";"DEL01-SC";"UOP03-DEL01-SC"
285342;2020-05-19;"terça-feira";"23:15:00";"SP";381;67;"MAIRIPORA";"Falta de Atenção à Condução";"Colisão traseira";"Com Vítimas Feridas";"Plena Noite";"Decrescente";"Céu Claro";"Dupla";"Reta";"Sim";4;0;1;0;3;0;1;3;-23,316547;-46,58251;"SPRF-SP";"DEL03-SP";"UOP01-DEL03-SP"
285346;2020-05-19;"terça-feira";"21:40:00";"MT";364;248,7;"JUSCIMEIRA";"Animais na Pista";"Saída de leito carroçável";"Com Vítimas Feridas";"Plena Noite";"Crescente";"Céu Claro";"Dupla";"Reta";"Não";2;0;2;0;0;0;2;1;-16,13033363;-54,83823376;"SPRF-MT";"DEL02-MT";"UOP01-DEL02-MT"
285347;2020-03-08;"domingo";"15:00:00";"PB";361;16;"SANTA TERESINHA";"Ultrapassagem Indevida";"Colisão frontal";"Com Vítimas Feridas";"Pleno dia";"Decrescente";"Céu Claro";"Simples";"Reta;Declive";"Não";2;0;0;1;0;1;1;2;-7,057152;-37,396103;"SPRF-PB";"DEL03-PB";"UOP01-DEL03-PB"
285349;2020-05-20;"quarta-feira";"00:05:00";"PR";116;122;"CURITIBA";"Falta de Atenção à Condução";"Tombamento";"Com Vítimas Feridas";"Plena Noite";"Crescente";"Nublado";"Dupla";"Reta";"Não";1;0;1;0;0;0;1;1;-25,56857207;-49,31023179;"SPRF-PR";"DEL01-PR";"UOP03-DEL01-PR"
285350;2020-05-19;"terça-feira";"22:00:00";"RR";174;536;"BOA VISTA";"Falta de Atenção à Condução";"Saída de leito carroçável";"Sem Vítimas";"Plena Noite";"Crescente";"Céu Claro";"Simples";"Reta";"Não";1;0;0;0;0;1;0;1;3,05651;-60,79826;"SPRF-RR";"DEL01-RR";"UOP01-DEL01-RR"
285351;2020-05-19;"terça-feira";"20:30:00";"PB";104;131;"CAMPINA GRANDE";"Ingestão de Álcool";"Tombamento";"Sem Vítimas";"Plena Noite";"Decrescente";"Céu Claro";"Simples";"Reta";"Sim";1;0;0;0;1;0;0;1;-7,29900408;-35,89187256;"SPRF-PB";"DEL02-PB";"UOP03-DEL02-PB"
285356;2020-05-20;"quarta-feira";"06:50:00";"SP";153;60,9;"SAO JOSE DO RIO PRETO";"Falta de Atenção à Condução";"Colisão lateral";"Com Vítimas Feridas";"Pleno dia";"Crescente";"Céu Claro";"Dupla";"Interseção de Vias;Viaduto;Reta";"Sim";3;0;0;1;2;0;1;2;-20,79627979;-49,35480206;"SPRF-SP";"DEL09-SP";"UOP01-DEL09-SP"
285357;2020-05-20;"quarta-feira";"07:00:00";"SP";153;60,6;"SAO JOSE DO RIO PRETO";"Não guardar distância de segurança";"Colisão lateral";"Com Vítimas Feridas";"Pleno dia";"Crescente";"Céu Claro";"Dupla";"Reta";"Sim";2;0;0;1;1;0;1;2;-20,79821992;-49,35507243;"SPRF-SP";"DEL09-SP";"UOP01-DEL09-SP"
285360;2020-05-20;"quarta-feira";"07:10:00";"PE";101;85;"JABOATAO DOS GUARARAPES";"Defeito Mecânico no Veículo";"Colisão traseira";"Sem Vítimas";"Pleno dia";"Decrescente";"Chuva";"Dupla";"Reta";"Sim";2;0;0;0;2;0;0;2;-8,175172;-34,942642;"SPRF-PE";"DEL01-PE";"UOP03-DEL01-PE"
285361;2020-05-20;"quarta-feira";"06:40:00";"SP";116;144,1;"SAO JOSE DOS CAMPOS";"Não guardar distância de segurança";"Colisão traseira";"Sem Vítimas";"Pleno dia";"Decrescente";"Céu Claro";"Dupla";"Reta";"Sim";2;0;0;0;2;0;0;2;-23,18274416;-45,84633592;"SPRF-SP";"DEL02-SP";"UOP01-DEL02-SP"
285362;2020-05-20;"quarta-feira";"05:40:00";"SP";116;146,4;"SAO JOSE DOS CAMPOS";"Defeito Mecânico no Veículo";"Queda de ocupante de veículo";"Com Vítimas Feridas";"Amanhecer";"Crescente";"Céu Claro";"Dupla";"Reta";"Não";2;0;1;0;1;0;1;2;-23,19122919;-45,86327591;"SPRF-SP";"DEL02-SP";"UOP01-DEL02-SP"
285364;2020-05-20;"quarta-feira";"07:25:00";"PB";230;24,5;"JOAO PESSOA";"Pista Escorregadia";"Tombamento";"Com Vítimas Feridas";"Pleno dia";"Decrescente";"Chuva";"Dupla";"Curva";"Não";1;0;1;0;0;0;1;1;-7,1637;-34,8618;"SPRF-PB";"DEL01-PB";"UOP01-DEL01-PB"