"id";"data_inversa";"dia_semana";"horario";"uf";"br";"km";"municipio";"causa_acidente";"tipo_acidente";"classificacao_acidente";"fase_dia";"sentido_via";"condicao_metereologica";"tipo_pista";"tracado_via";"uso_solo";"pessoas";"mortos";"feridos_leves";"feridos_graves";"ilesos";"ignorados";"feridos";"veiculos";"latitude";"longitude";"regional";"delegacia";"uop"
285369;2020-05-20;"quarta-feira";"08:15:00";"MG";40;532;"BELO HORIZONTE";"Desobediência às normas de trânsito pelo condutor";"Colisão traseira";"Com Vítimas Feridas";"Pleno dia";"Crescente";"Céu Claro";"Dupla";"Reta";"Sim";2;0;1;0;1;0;1;2;-19,92372561;-44,01700789;"SPRF-MG";"DEL01-MG";"UOP02-DEL01-MG"
285370;2020-05-20;"quarta-feira";"08:20:00";"RS";392;352;"SANTA MARIA";"Falta de Atenção à Condução";"Engavetamento";"Sem Vítimas";"Pleno dia";"Crescente";"Céu Claro";"Simples";"Reta";"Sim";2;0;0;0;2;0;0;2;-29,720404;-53,807632;"SPRF-RS";"DEL09-RS";"UOP01-DEL09-RS"
285372;2020-05-20;"quarta-feira";"07:50:00";"RJ";116;167;"SAO JOAO DE MERITI";"Falta de Atenção à Condução";"Colisão traseira";"Sem Vítimas";"Pleno dia";"Decrescente";"Céu Claro";"Múltipla";"Reta";"Sim";4;0;0;0;4;0;0;3;-22,81803977;-43,30787252;"SPRF-RJ";"DEL01-RJ";"UOP02-DEL01-RJ"
285374;2020-05-09;"sábado";"00:30:00";"MG";50;118,8;"UBERABA";"Falta de Atenção à Condução";"Saída de leito carroçável";"Com Vítimas Feridas";"Plena Noite";"Crescente";"Céu Claro";"Dupla";"Reta";"Não";1;0;0;1;0;0;1;1;-19,29129791;-48,11741979;"SPRF-MG";"DEL13-MG";"UOP01-DEL13-MG"
285375;2020-05-20;"quarta-feira";"08:10:00";"RS";116;140;"CAXIAS DO SUL";"Falta de Atenção à Condução";"Colisão transversal";"Com Vítimas Feridas";"Pleno dia";"Decrescente";"Céu Claro";"Simples";"Curva";"Sim";2;0;1;0;1;0;1;2;-29,10381619;-51,10968039;"SPRF-RS";"DEL05-RS";"UOP01-DEL05-RS"
285380;2020-05-08;"sexta-feira";"12:30:00";"ES";101;335,1;"GUARAPARI";"Desobediência às normas de trânsito pelo condutor";"Colisão transversal";"Com Vítimas Feridas";"Pleno dia";"Decrescente";"Nublado";"Simples";"Reta;Em Obras;Viaduto";"Não";2;0;0;1;1;0;1;2;-20,6280176;-40,53042146;"SPRF-ES";"DEL03-ES";"UOP01-DEL03-ES"
285381;2020-05-20;"quarta-feira";"09:40:00";"SC";280;72,9;"JARAGUA DO SUL";"Desobediência às normas de trânsito pelo condutor";"Colisão com objeto estático";"Com Vítimas Feridas";"Pleno dia";"Decrescente";"Sol";"Simples";"Rotatória";"Sim";2;0;1;0;1;0;1;1;-26,45955419;-49,14342101;"SPRF-SC";"DEL03-SC";"UOP03-DEL03-SC"
285384;2020-05-20;"quarta-feira";"08:45:00";"MT";364;362,8;"SANTO ANTONIO DO LEVERGER";"Não guardar distância de segurança";"Saída de leito carroçável";"Com Vítimas Feridas";"Pleno dia";"Decrescente";"Céu Claro";"Dupla";"Reta";"Não";2;0;1;0;1;0;1;2;-15,74434514;-55,66257477;"SPRF-MT";"DEL01-MT";"UOP02-DEL01-MT"
285387;2020-05-20;"quarta-feira";"09:30:00";"MG";40;66,2;"PARACATU";"Falta de Atenção à Condução";"Saída de leito carroçável";"Com Vítimas Feridas";"Pleno dia";"Decrescente";"Nublado";"Simples";"Reta";"Não";1;0;1;0;0;0;1;1;-17,36917298;-46,74440492;"SPRF-MG";"DEL14-MG";"UOP01-DEL14-MG"
285388;2020-05-20;"quarta-feira";"10:00:00";"PI";343;611;"FLORIANO";"Falta de Atenção à Condução";"Queda de ocupante de veículo";"Com Vítimas Feridas";"Pleno dia";"Decrescente";"Céu Claro";"Simples";"Aclive";"Não";1;0;1;0;0;0;1;1;-6,896835;-43,143776;"SPRF-PI";"DEL03-PI";"UOP01-DEL03-PI"
285389;2020-05-20;"quarta-feira";"08:55:00";"SC";282;565;"NOVA ERECHIM";"Falta de Atenção à Condução";"Saída de leito carroçável";"Com Vítimas Feridas";"Pleno dia";"Decrescente";"Céu Claro";"Simples";"Curva";"Não";1;0;1;0;0;0;1;1;-26,900272;-52,888309;"SPRF-SC";"DEL07-SC";"UOP02-DEL07-SC"
285391;2020-02-02;"domingo";"18:00:00";"MS";262;364,9;"CAMPO GRANDE";"Desobediência às normas de trânsito pelo condutor";"Queda de ocupante de veículo";"Com Vítimas Feridas";"Anoitecer";"Decrescente";"Céu Claro";"Simples";"Rotatória";"Não";2;0;1;0;1;0;1;1;-20,492267;-54,739934;"SPRF-MS";"DEL01-MS";"UOP03-DEL01-MS"
285393;2020-05-20;"quarta-feira";"11:50:00";"MG";40;550;"NOVA LIMA";"Falta de Atenção à Condução";"Queda de ocupante de veículo";"Com Vítimas Feridas";"Pleno dia";"Crescente";"Céu Claro";"Dupla";"Reta";"Sim";2;0;0;2;0;0;2;1;-20,0477638;-43,96439441;"SPRF-MG";"DEL01-MG";"UOP02-DEL01-MG"
285395;2020-05-20;"quarta-feira";"11:30:00";"PI";343;13,6;"PARNAIBA";"Falta de Atenção à Condução";"Atropelamento de Pedestre";"Com Vítimas Feridas";"Pleno dia";"Crescente";"Sol";"Dupla";"Reta";"Sim";2;0;1;1;0;0;2;2;-2,919029;-41,754124;"SPRF-PI";"DEL05-PI";"UOP01-DEL05-PI"
285396;2020-05-20;"quarta-feira";"12:00:00";"DF";60;8,5;"BRASILIA";"Falta de Atenção à Condução";"Capotamento";"Com Vítimas Feridas";"Pleno dia";"Crescente";"Céu Claro";"Dupla";"Declive;Reta";"Sim";2;0;1;0;1;0;1;1;-15,90324;-48,130695;"SPRF-DF";"DEL03-DF";"UOP01-DEL03-DF"
285397;2020-05-20;"quarta-feira";"12:25:00";"ES";262;3,9;"CARIACICA";"Falta de Atenção à Condução";"Colisão traseira";"Com Vítimas Feridas";"Pleno dia";"Crescente";"Céu Claro";"Múltipla";"Reta";"Sim";2;0;1;0;1;0;1;2;-20,33374432;-40,36910933;"SPRF-ES";"DEL01-ES";"UOP01-DEL01-ES"
285398;2020-05-05;"terça-feira";"12:30:00";"SC";153;0,5;"AGUA DOCE";"Velocidade Incompatível";"Colisão frontal";"Sem Vítimas";"Pleno dia";"Decrescente";"Chuva";"Simples";"Curva";"Não";2;0;0;0;2;0;0;2;-26,61312402;-51,49686813;"SPRF-SC";"DEL07-SC";"UOP07-DEL07-SC"
285399;2020-05-20;"quarta-feira";"12:30:00";"SP";381;86,2;"SAO PAULO";"Restrição de Visibilidade";"Queda de ocupante de veículo";"Com Vítimas Feridas";"Pleno dia";"Decrescente";"Céu Claro";"Dupla";"Reta";"Sim";1;0;1;0;0;0;1;1;-23,45930499;-46,57161179;"SPRF-SP";"DEL03-SP";"UOP01-DEL03-SP"
285400;2020-05-20;"quarta-feira";"11:15:00";"CE";116;141,2;"RUSSAS";"Falta de Atenção à Condução";"Colisão lateral";"Com Vítimas Feridas";"Pleno dia";"Decrescente";"Céu Claro";"Simples";"Rotatória";"Sim";2;0;1;0;1;0;1;2;-4,77110452;-38,05125475;"SPRF-CE";"DEL03-CE";"UOP01-DEL03-CE"
285401;2020-05-20;"quarta-feira";"13:05:00";"PE";423;94;"GARANHUNS";"Mal Súbito";"Colisão frontal";"Com Vítimas Feridas";"Pleno dia";"Crescente";"Nublado";"Simples";"Reta";"Sim";2;0;1;1;0;0;2;2;-8,87607208;-36,47282839;"SPRF-PE";"DEL03-PE";"UOP01-DEL03-PE"
285402;2020-05-20;"quarta-feira";"11:05:00";"MG";50;154,5;"UBERABA";"Velocidade Incompatível";"Capotamento";"Com Vítimas Feridas";"Pleno dia";"Crescente";"Céu Claro";"Dupla";"Reta";"Não";1;0;1;0;0;0;1;1;-19,59976082;-48,02524854;"SPRF-MG";"DEL13-MG";"UOP01-DEL13-MG"
285407;2020-05-20;"quarta-feira";"14:40:00";"MG";40;507;"RIBEIRAO DAS NEVES";"Animais na Pista";"Atropelamento de Animal";"Com Vítimas Fatais";"Pleno dia";"Crescente";"Céu Claro";"Dupla";"Reta";"Sim";4;1;0;0;2;1;0;2;-19,75431705;-44,14152606;"SPRF-MG";"DEL02-MG";"UOP01-DEL02-MG"
285412;2020-05-20;"quarta-feira";"14:55:00";"PA";230;116;"MARABA";"Desobediência às normas de trânsito pelo condutor";"Colisão transversal";"Com Vítimas Feridas";"Pleno dia";"Crescente";"Céu Claro";"Dupla";"Declive";"Sim";2;0;0;1;1;0;1;2;-5,35947454;-49,08301084;"SPRF-PA";"DEL03-PA";"UOP01-DEL03-PA"
285413;2020-05-20;"quarta-feira";"15:10:00";"RJ";101;484;"ANGRA DOS REIS";"Velocidade Incompatível";"Colisão lateral";"Com Vítimas Feridas";"Pleno dia";"Decrescente";"Céu Claro";"Simples";"Curva";"Sim";5;0;2;0;3;0;2;3;-22,99096308;-44,30429882;"SPRF-RJ";"DEL03-RJ";"UOP03-DEL03-RJ"
285414;2020-05-20;"quarta-feira";"12:00:00";"RS";153;406;"CACHOEIRA DO SUL";"Falta de Atenção à Condução";"Colisão transversal";"Com Vítimas Feridas";"Pleno dia";"Crescente";"Céu Claro";"Simples";"Reta";"Não";2;0;1;0;1;0;1;2;-30,06049811;-52,90390205;"SPRF-RS";"DEL02-RS";"UOP02-DEL02-RS"
285415;2020-03-15;"domingo";"04:40:00";"MT";364;238;"RONDONOPOLIS";"Falta de Atenção à Condução";"Colisão com objeto estático";"Com Vítimas Feridas";"Plena Noite";"Crescente";"Céu Claro";"Dupla";"Reta";"Sim";1;0;1;0;0;0;1;1;-16,21977588;-54,77883349;"SPRF-MT";"DEL02-MT";"UOP01-DEL02-MT"
285416;2020-04-26;"domingo";"01:50:00";"MT";364;266;"JACIARA";"Falta de Atenção à Condução";"Tombamento";"Com Vítimas Feridas";"Plena Noite";"Crescente";"Céu Claro";"Simples";"Reta";"Não";1;0;1;0;0;0;1;1;-15,994571;-54,923039;"SPRF-MT";"DEL02-MT";"UOP01-DEL02-MT"
285420;2020-05-20;"quarta-feira";"13:00:00";"CE";116;456,5;"BARRO";"Velocidade Incompatível";"Saída de leito carroçável";"Com Vítimas Feridas";"Pleno dia";"Decrescente";"Sol";"Simples";"Declive;Curva";"Não";2;0;1;1;0;0;2;1;-7,16973094;-38,78066669;"SPRF-CE";"DEL05-CE";"UOP03-DEL05-CE"
285421;2020-05-20;"quarta-feira";"15:30:00";"RJ";101;314;"SAO GONCALO";"Desobediência às normas de trânsito pelo pedestre";"Colisão com objeto em movimento";"Com Vítimas Feridas";"Pleno dia";"Decrescente";"Sol";"Dupla";"Reta";"Não";1;0;1;0;0;0;1;1;-22,81648739;-43,07728467;"SPRF-RJ";"DEL02-RJ";"UOP02-DEL02-RJ"
285424;2020-05-20;"quarta-feira";"14:25:00";"PR";373;213,6;"IMBITUVA";"Defeito Mecânico no Veículo";"Queda de ocupante de veículo";"Com Vítimas Feridas";"Pleno dia";"Decrescente";"Céu Claro";"Simples";"Curva";"Não";1;0;1;0;0;0;1;1;-25,15709703;-50,51398401;"SPRF-PR";"DEL03-PR";"UOP01-DEL03-PR"
285427;2020-04-05;"domingo";"00:10:00";"SC";470;7;"NAVEGANTES";"Falta de Atenção à Condução";"Colisão transversal";"Com Vítimas Feridas";"Plena Noite";"Decrescente";"Céu Claro";"Simples";"Reta";"Não";2;0;0;2;0;0;2;2;-26,84499;-48,71505;"SPRF-SC";"DEL04-SC";"UOP04-DEL04-SC"
285428;2020-05-20;"quarta-feira";"12:00:00";"MT";70;276;"PRIMAVERA DO LESTE";"Desobediência às normas de trânsito pelo condutor";"Atropelamento de Pedestre";"Com Vítimas Feridas";"Pleno dia";"Crescente";"Céu Claro";"Dupla";"Reta";"Sim";3;0;1;0;0;2;1;3;-15,55357814;-54,26204493;"SPRF-MT";"DEL05-MT";"UOP01-DEL05-MT"
285429;2020-05-20;"quarta-feira";"16:00:00";"PB";230;36;"SANTA RITA";"Pista Escorregadia";"Tombamento";"Com Vítimas Feridas";"Pleno dia";"Crescente";"Garoa/Chuvisco";"Dupla";"Curva";"Não";1;0;1;0;0;0;1;1;-7,1246;-34,9473;"SPRF-PB";"DEL01-PB";"UOP03-DEL01-PB"
285430;2020-05-20;"quarta-feira";"11:50:00";"RO";364;275,5;"CACOAL";"Defeito Mecânico no Veículo";"Incêndio";"Sem Vítimas";"Pleno dia";"Decrescente";"Céu Claro";"Simples";"Curva";"Não";1;0;0;0;1;0;0;1;-11,38809521;-61,75925597;"SPRF-RO";"DEL02-RO";"UOP02-DEL02-RO"
285432;2020-05-20;"quarta-feira";"15:55:00";"ES";101;68;"SAO MATEUS";"Falta de Atenção à Condução";"Colisão transversal";"Sem Vítimas";"Pleno dia";"Crescente";"Nublado";"Simples";"Rotatória";"Não";3;0;0;0;2;1;0;2;-18,726597;-39,85975;"SPRF-ES";"DEL04-ES";"UOP02-DEL04-ES"
285435;2020-05-20;"quarta-feira";"16:30:00";"RJ";116;177;"NOVA IGUACU";"Falta de Atenção à Condução";"Colisão traseira";"Com Vítimas Feridas";"Pleno dia";"Crescente";"Céu Claro";"Múltipla";"Reta";"Sim";2;0;1;0;1;0;1;2;-22,78055198;-43,39208599;"SPRF-RJ";"DEL01-RJ";"UOP02-DEL01-RJ"
285436;2020-05-20;"quarta-feira";"17:05:00";"PB";230;19;"JOAO PESSOA";"Pista Escorregadia";"Tombamento";"Com Vítimas Feridas";"Pleno dia";"Decrescente";"Chuva";"Dupla";"Curva";"Não";2;0;2;0;0;0;2;1;-7,1281;-34,8466;"SPRF-PB";"DEL01-PB";"UOP01-DEL01-PB"
285437;2020-05-20;"quarta-feira";"17:25:00";"RS";386;46,3;"SEBERI";"Falta de Atenção à Condução";"Saída de leito carroçável";"Com Vítimas Feridas";"Pleno dia";"Decrescente";"Céu Claro";"Simples";"Reta";"Não";1;0;0;1;0;0;1;1;-27,457483;-53,409458;"SPRF-RS";"DEL08-RS";"UOP02-DEL08-RS"
285438;2020-05-20;"quarta-feira";"16:45:00";"PR";277;651;"MATELANDIA";"Falta de Atenção à Condução";"Colisão transversal";"Com Vítimas Feridas";"Pleno dia";"Crescente";"Céu Claro";"Simples";"Reta";"Sim";2;0;1;0;1;0;1;2;-25,1974441;-53,94341989;"SPRF-PR";"DEL05-PR";"UOP02-DEL05-PR"
285439;2020-05-19;"terça-feira";"07:30:00";"MS";262;475;"ANASTACIO";"Animais na Pista";"Atropelamento de Animal";"Sem Vítimas";"Pleno dia";"Crescente";"Céu Claro";"Simples";"Reta";"Não";1;0;0;0;1;0;0;1;-20,50849901;-55,672743;"SPRF-MS";"DEL03-MS";"UOP01-DEL03-MS"
285440;2020-05-20;"quarta-feira";"17:25:00";"SC";101;141,9;"ITAPEMA";"Defeito Mecânico no Veículo";"Tombamento";"Com Vítimas Feridas";"Pleno dia";"Decrescente";"Nublado";"Dupla";"Reta";"Sim";2;0;2;0;0;0;2;1;-27,04761729;-48,59995855;"SPRF-SC";"DEL04-SC";"UOP03-DEL04-SC"
285442;2020-05-20;"quarta-feira";"17:30:00";"SP";153;330,5;"SALTO GRANDE";"Objeto estático sobre o leito carroçável";"Colisão traseira";"Com Vítimas Feridas";"Pleno dia";"Crescente";"Sol";"Simples";"Reta";"Não";4;0;2;0;1;1;2;3;-22,853448;-49,88959919;"SPRF-SP";"DEL07-SP";"UOP03-DEL07-SP"
285444;2020-05-20;"quarta-feira";"18:10:00";"PR";376;238,9;"APUCARANA";"Desobediência às normas de trânsito pelo condutor";"Colisão transversal";"Com Vítimas Feridas";"Anoitecer";"Decrescente";"Céu Claro";"Simples";"Reta";"Não";4;0;2;0;2;0;2;2;-23,5821404;-51,45390599;"SPRF-PR";"DEL07-PR";"UOP03-DEL07-PR"
285445;2020-05-20;"quarta-feira";"14:50:00";"RJ";40;71;"PETROPOLIS";"Defeito Mecânico no Veículo";"Incêndio";"Sem Vítimas";"Pleno dia";"Decrescente";"Céu Claro";"Simples";"Reta";"Não";1;0;0;0;1;0;0;1;-22,45304974;-43,20832411;"SPRF-RJ";"DEL06-RJ";"UOP01-DEL06-RJ"
285446;2020-04-24;"sexta-feira";"22:20:00";"RS";293;338;"SANTANA DO LIVRAMENTO";"Ingestão de Álcool";"Colisão transversal";"Com Vítimas Feridas";"Plena Noite";"Crescente";"Céu Claro";"Simples";"Reta";"Sim";2;0;1;0;1;0;1;2;-30,85261718;-55,51415904;"SPRF-RS";"DEL11-RS";"UOP01-DEL11-RS"
285448;2020-05-20;"quarta-feira";"18:15:00";"RN";226;2;"NATAL";"Falta de Atenção à Condução";"Colisão traseira";"Sem Vítimas";"Plena Noite";"Crescente";"Céu Claro";"Simples";"Reta";"Sim";2;0;0;0;1;1;0;2;-5,81364934;-35,2466547;"SPRF-RN";"DEL01-RN";"UOP02-DEL01-RN"
285449;2020-05-20;"quarta-feira";"17:30:00";"ES";393;12,4;"CACHOEIRO DE ITAPEMIRIM";"Falta de Atenção à Condução";"Colisão transversal";"Com Vítimas Feridas";"Anoitecer";"Crescente";"Nublado";"Simples";"Reta";"Não";2;0;0;1;0;1;1;2;-20,85990407;-41,25197191;"SPRF-ES";"DEL03-ES";"UOP02-DEL03-ES"
285450;2020-05-20;"quarta-feira";"18:00:00";"SC";101;214;"PALHOCA";"Defeito Mecânico no Veículo";"Tombamento";"Com Vítimas Feridas";"Plena Noite";"Crescente";"Céu Claro";"Dupla";"Reta";"Sim";2;0;2;0;0;0;2;1;-27,64443;-48,67057;"SPRF-SC";"DEL01-SC";"UOP02-DEL01-SC"
285451;2020-05-20;"quarta-feira";"18:19:00";"SC";282;6,2;"SAO JOSE";"Falta de Atenção à Condução";"Queda de ocupante de veículo";"Com Vítimas Feridas";"Anoitecer";"Decrescente";"Céu Claro";"Múltipla";"Curva;Aclive";"Sim";1;0;1;0;0;0;1;1;-27,591936;-48,618244;"SPRF-SC";"DEL01-SC";"UOP01-DEL01-SC"
285452;2020-05-20;"quarta-feira";"17:30:00";"MT";163;1043;"MATUPA";"Falta de Atenção à Condução";"Queda de ocupante de veículo";"Com Vítimas Feridas";"Anoitecer";"Crescente";"Céu Claro";"Simples";"Reta";"Sim";1;0;1;0;0;0;1;1;-10,14414425;-54,9296397;"SPRF-MT";"DEL06-MT";"NPF/DEL06-MT"
285454;2020-05-20;"quarta-feira";"18:30:00";"PB";101;46;"MAMANGUAPE";"Avarias e/ou desgaste excessivo no pneu";"Queda de ocupante de veículo";"Com Vítimas Feridas";"Plena Noite";"Decrescente";"Nublado";"Dupla";"Reta";"Não";2;0;2;0;0;0;2;1;-6,89108414;-35,12591625;"SPRF-PB";"DEL01-PB";"UOP04-DEL01-PB"
285459;2020-05-20;"quarta-feira";"18:20:00";"RJ";101;490;"ANGRA DOS REIS";"Falta de Atenção à Condução";"Colisão com objeto em movimento";"Sem Vítimas";"Anoitecer";"Decrescente";"Céu Claro";"Simples";"Reta";"Não";1;0;0;0;1;0;0;1;-22,95640053;-44,31282898;"SPRF-RJ";"DEL03-RJ";"UOP03-DEL03-RJ"
285460;2020-05-20;"quarta-feira";"19:00:00";"SC";101;209;"SAO JOSE";"Não guardar distância de segurança";"Colisão lateral";"Com Vítimas Feridas";"Plena Noite";"Crescente";"Céu Claro";"Simples";"Aclive";"Sim";2;0;1;0;1;0;1;2;-27,61000542;-48,63895057;"SPRF-SC";"DEL01-SC";"UOP01-DEL01-SC"
285462;2020-05-20;"quarta-feira";"19:40:00";"PR";376;673;"GUARATUBA";"Falta de Atenção à Condução";"Saída de leito carroçável";"Com Vítimas Feridas";"Plena Noite";"Crescente";"Céu Claro";"Dupla";"Reta";"Não";4;0;1;0;3;0;1;1;-25,90092097;-48,92572096;"SPRF-PR";"DEL01-PR";"UOP04-DEL01-PR"
285464;2020-04-28;"terça-feira";"18:10:00";"ES";101;67,5;"SAO MATEUS";"Falta de Atenção à Condução";"Colisão traseira";"Com Vítimas Feridas";"Anoitecer";"Decrescente";"Ignorado";"Múltipla";"Interseção de Vias";"Sim";2;0;1;0;1;0;1;2;-18,72054021;-39,8658931;"SPRF-ES";"DEL04-ES";"UOP02-DEL04-ES"
285465;2020-05-20;"quarta-feira";"18:50:00";"PR";277;723;"FOZ DO IGUACU";"Não guardar distância de segurança";"Colisão traseira";"Com Vítimas Feridas";"Plena Noite";"Decrescente";"Céu Claro";"Dupla";"Retorno Regulamentado";"Sim";3;0;1;0;2;0;1;2;-25,49878215;-54,52985294;"SPRF-PR";"DEL05-PR";"UOP01-DEL05-PR"
285466;2020-05-10;"domingo";"18:25:00";"RS";116;46,5;"VACARIA";"Desobediência às normas de trânsito pelo condutor";"Colisão frontal";"Com Vítimas Fatais";"Anoitecer";"Crescente";"Céu Claro";"Simples";"Aclive";"Não";10;2;4;3;0;1;7;3;-28,55752674;-50,98599315;"SPRF-RS";"DEL05-RS";"UOP03-DEL05-RS"
285467;2020-05-20;"quarta-feira";"18:25:00";"AC";364;135;"RIO BRANCO";"Desobediência às normas de trânsito pelo pedestre";"Atropelamento de Pedestre";"Com Vítimas Feridas";"Plena Noite";"Decrescente";"Céu Claro";"Dupla";"Rotatória";"Sim";2;0;1;0;1;0;1;2;-9,98588117;-67,84523538;"SPRF-AC";"DEL01-AC";"UOP01-DEL01-AC"
285469;2020-05-20;"quarta-feira";"19:55:00";"MG";50;70;"UBERLANDIA";"Falta de Atenção à Condução";"Colisão traseira";"Com Vítimas Feridas";"Plena Noite";"Crescente";"Céu Claro";"Dupla";"Reta";"Sim";2;0;0;1;0;1;1;2;-18,88996448;-48,25752139;"SPRF-MG";"DEL15-MG";"UOP01-DEL15-MG"
285470;2020-05-20;"quarta-feira";"20:00:00";"MG";40;710,7;"BARBACENA";"Falta de Atenção à Condução";"Atropelamento de Pedestre";"Com Vítimas Feridas";"Plena Noite";"Crescente";"Nublado";"Dupla";"Reta";"Não";5;0;0;3;2;0;3;4;-21,23483733;-43,60960186;"SPRF-MG";"DEL05-MG";"UOP02-DEL05-MG"
285471;2020-05-20;"quarta-feira";"20:00:00";"RJ";101;453;"ANGRA DOS REIS";"Falta de Atenção à Condução";"Tombamento";"Com Vítimas Feridas";"Anoitecer";"Decrescente";"Céu Claro";"Simples";"Curva";"Sim";1;0;1;0;0;0;1;1;-23,03368968;-44,14107408;"SPRF-RJ";"DEL03-RJ";"UOP03-DEL03-RJ"
285472;2020-05-20;"quarta-feira";"21:45:00";"PR";163;147,3;"SANTA LUCIA";"Velocidade Incompatível";"Saída de leito carroçável";"Sem Vítimas";"Plena Noite";"Decrescente";"Nublado";"Simples";"Reta";"Não";1;0;0;0;1;0;0;1;-25,41826795;-53,57319123;"SPRF-PR";"DEL05-PR";"UOP05-DEL05-PR"
285473;2020-05-20;"quarta-feira";"21:50:00";"PR";369;154,4;"LONDRINA";"Desobediência às normas de trânsito pelo condutor";"Colisão transversal";"Com Vítimas Feridas";"Plena Noite";"Decrescente";"Céu Claro";"Dupla";"Interseção de Vias";"Sim";3;0;2;0;1;0;2;2;-23,29827044;-51,19467437;"SPRF-PR";"DEL07-PR";"UOP01-DEL07-PR"
285474;2020-05-20;"quarta-feira";"22:10:00";"RS";116;235,4;"NOVO HAMBURGO";"Falta de Atenção à Condução";"Atropelamento de Pedestre";"Com Vítimas Fatais";"Plena Noite";"Decrescente";"Céu Claro";"Dupla";"Reta";"Sim";2;1;0;0;1;0;0;2;-29,66037586;-51,14386509;"SPRF-RS";"DEL01-RS";"UOP02-DEL01-RS"
285475;2020-05-20;"quarta-feira";"21:10:00";"RS";470;191;"VERANOPOLIS";"Falta de Atenção à Condução";"Saída de leito carroçável";"Sem Vítimas";"Plena Noite";"Crescente";"Céu Claro";"Simples";"Declive;Curva";"Não";1;0;0;0;1;0;0;1;-29,03048196;-51,56645754;"SPRF-RS";"DEL06-RS";"UOP02-DEL06-RS"
285476;2020-05-20;"quarta-feira";"22:25:00";"RS";290;95;"PORTO ALEGRE";"Desobediência às normas de trânsito pelo condutor";"Colisão transversal";"Com Vítimas Feridas";"Plena Noite";"Decrescente";"Céu Claro";"Dupla";"Reta";"Sim";2;0;1;0;1;0;1;2;-29,982832;-51,201572;"SPRF-RS";"DEL01-RS";"UOP01-DEL01-RS"
285477;2020-05-20;"quarta-feira";"18:10:00";"AC";317;166;"CAPIXABA";"Animais na Pista";"Atropelamento de Animal";"Com Vítimas Feridas";"Anoitecer";"Crescente";"Céu Claro";"Simples";"Reta";"Não";1;0;0;1;0;0;1;1;-10,58504637;-67,83530942;"SPRF-AC";"DEL01-AC";"UOP02-DEL01-AC"
285478;2020-05-20;"quarta-feira";"22:30:00";"RS";290;108;"ELDORADO DO SUL";"Avarias e/ou desgaste excessivo no pneu";"Tombamento";"Com Vítimas Feridas";"Plena Noite";"Crescente";"Céu Claro";"Dupla";"Reta";"Sim";2;0;1;1;0;0;2;1;-30,01079506;-51,31527185;"SPRF-RS";"DEL02-RS";"UOP01-DEL02-RS"
285481;2020-05-20;"quarta-feira";"22:40:00";"RN";101;84;"NATAL";"Falta de Atenção à Condução";"Colisão com objeto estático";"Com Vítimas Feridas";"Plena Noite";"Crescente";"Chuva";"Simples";"Túnel";"Sim";1;0;1;0;0;0;1;1;-5,77572974;-35,2534784;"SPRF-RN";"DEL02-RN";"UOP01-DEL02-RN"
285484;2020-05-20;"quarta-feira";"19:10:00";"MA";135;98;"ITAPECURU MIRIM";"Deficiência ou não Acionamento do Sistema de Iluminação/Sinalização do Veículo";"Colisão traseira";"Com Vítimas Feridas";"Plena Noite";"Decrescente";"Nublado";"Simples";"Reta";"Não";1;0;0;1;0;0;1;1;-3,348353;-44,46035;"SPRF-MA";"DEL01-MA";"UOP02-DEL01-MA"
285486;2020-05-21;"quinta-feira";"00:50:00";"PR";369;163,1;"CAMBE";"Avarias e/ou desgaste excessivo no pneu";"Colisão com objeto estático";"Com Vítimas Fatais";"Plena Noite";"Crescente";"Céu Claro";"Dupla";"Curva";"Sim";2;1;0;0;0;1;0;2;-23,292659;-51,274508;"SPRF-PR";"DEL07-PR";"UOP01-DEL07-PR"
285487;2020-05-12;"terça-feira";"20:10:00";"ES";259;45,1;"COLATINA";"Deficiência ou não Acionamento do Sistema de Iluminação/Sinalização do Veículo";"Colisão traseira";"Com Vítimas Feridas";"Plena Noite";"Crescente";"Nublado";"Simples";"Reta";"Não";2;0;0;1;1;0;1;2;-19,53235007;-40,57646871;"SPRF-ES";"DEL02-ES";"UOP01-DEL02-ES"
285489;2020-05-21;"quinta-feira";"00:30:00";"SP";116;55,8;"LORENA";"Objeto estático sobre o leito carroçável";"Colisão com objeto estático";"Sem Vítimas";"Plena Noite";"Crescente";"Céu Claro";"Dupla";"Reta";"Não";2;0;0;0;2;0;0;1;-22,76904403;-45,13040598;"SPRF-SP";"DEL08-SP";"UOP01-DEL08-SP"
285493;2020-05-21;"quinta-feira";"04:30:00";"RS";472;173,7;"SANTA ROSA";"Desobediência às normas de trânsito pelo condutor";"Colisão frontal";"Com Vítimas Feridas";"Plena Noite";"Crescente";"Céu Claro";"Simples";"Reta";"Não";2;0;1;0;1;0;1;2;-27,860922;-54,497623;"SPRF-RS";"DEL10-RS";"UOP01-DEL10-RS"