"id";"data_inversa";"dia_semana";"horario";"uf";"br";"km";"municipio";"causa_acidente";"tipo_acidente";"classificacao_acidente";"fase_dia";"sentido_via";"condicao_metereologica";"tipo_pista";"tracado_via";"uso_solo";"pessoas";"mortos";"feridos_leves";"feridos_graves";"ilesos";"ignorados";"feridos";"veiculos";"latitude";"longitude";"regional";"delegacia";"uop"
286191;2020-03-21;"sábado";"22:30:00";"BA";235;188,1;"CANUDOS";"Falta de Atenção à Condução";"Colisão lateral";"Com Vítimas Fatais";"Plena Noite";"Decrescente";"Nublado";"Simples";"Reta";"Não";2;1;0;0;1;0;0;2;-9,964425;-39,163036;"SPRF-BA";"DEL07-BA";"UOP01-DEL07-BA"
286192;2020-05-24;"domingo";"22:00:00";"PB";230;17;"JOAO PESSOA";"Avarias e/ou desgaste excessivo no pneu";"Colisão com objeto estático";"Com Vítimas Feridas";"Plena Noite";"Crescente";"Garoa/Chuvisco";"Dupla";"Reta";"Sim";1;0;1;0;0;0;1;1;-7,1121;-34,8426;"SPRF-PB";"DEL01-PB";"UOP01-DEL01-PB"
286194;2020-05-24;"domingo";"22:05:00";"RJ";356;136;"CAMPOS DOS GOYTACAZES";"Ingestão de Álcool";"Saída de leito carroçável";"Com Vítimas Feridas";"Plena Noite";"Crescente";"Chuva";"Simples";"Curva";"Sim";2;0;1;0;0;1;1;2;-21,73808694;-41,33458697;"SPRF-RJ";"DEL08-RJ";"UOP01-DEL08-RJ"
286196;2020-05-24;"domingo";"10:40:00";"MA";316;590,8;"TIMON";"Falta de Atenção à Condução";"Colisão transversal";"Com Vítimas Feridas";"Pleno dia";"Crescente";"Céu Claro";"Simples";"Declive";"Não";4;0;0;2;2;0;2;2;-4,998977;-43,039589;"SPRF-MA";"DEL03-MA";"UOP02-DEL03-MA"
286198;2020-05-24;"domingo";"22:00:00";"PR";369;432,9;"UBIRATA";"Ingestão de Álcool";"Colisão traseira";"Com Vítimas Feridas";"Plena Noite";"Crescente";"Céu Claro";"Simples";"Reta";"Não";2;0;1;0;1;0;1;2;-24,4663;-52,8654;"SPRF-PR";"DEL04-PR";"UOP03-DEL04-PR"
286199;2020-05-24;"domingo";"20:15:00";"MT";364;541;"ROSARIO OESTE";"Falta de Atenção à Condução";"Saída de leito carroçável";"Sem Vítimas";"Plena Noite";"Decrescente";"Céu Claro";"Simples";"Reta";"Não";1;0;0;0;0;1;0;1;-14,92009078;-56,47771528;"SPRF-MT";"DEL01-MT";"UOP01-DEL01-MT"
286200;2020-05-24;"domingo";"22:00:00";"PR";467;108;"CASCAVEL";"Ingestão de Álcool";"Saída de leito carroçável";"Sem Vítimas";"Plena Noite";"Decrescente";"Céu Claro";"Dupla";"Curva";"Não";1;0;0;0;1;0;0;1;-24,9237;-53,4676;"SPRF-PR";"DEL04-PR";"UOP01-DEL04-PR"
286201;2020-05-24;"domingo";"16:45:00";"MG";116;737,1;"LARANJAL";"Restrição de Visibilidade";"Saída de leito carroçável";"Com Vítimas Feridas";"Pleno dia";"Crescente";"Chuva";"Simples";"Curva";"Não";1;0;0;1;0;0;1;1;-21,36878613;-42,47693589;"SPRF-MG";"DEL07-MG";"UOP02-DEL07-MG"
286202;2020-05-24;"domingo";"23:00:00";"GO";70;6,4;"AGUAS LINDAS DE GOIAS";"Condutor Dormindo";"Colisão com objeto estático";"Com Vítimas Feridas";"Plena Noite";"Crescente";"Nevoeiro/Neblina";"Dupla";"Reta";"Sim";1;0;1;0;0;0;1;1;-15,751465;-48,26162517;"SPRF-DF";"DEL03-DF";"UOP02-DEL03-DF"
286203;2020-05-24;"domingo";"18:30:00";"RO";364;820;"PORTO VELHO";"Ingestão de álcool e/ou substâncias psicoativas pelo pedestre";"Saída de leito carroçável";"Com Vítimas Feridas";"Anoitecer";"Crescente";"Céu Claro";"Simples";"Reta";"Não";3;0;3;0;0;0;3;1;-9,28941412;-64,57260502;"SPRF-RO";"DEL01-RO";"UOP02-DEL01-RO"
286204;2020-05-24;"domingo";"18:40:00";"SC";101;133;"BALNEARIO CAMBORIU";"Desobediência às normas de trânsito pelo condutor";"Colisão lateral";"Com Vítimas Feridas";"Plena Noite";"Decrescente";"Nublado";"Múltipla";"Reta";"Sim";5;0;2;0;1;2;2;3;-26,99936;-48,64609;"SPRF-SC";"DEL04-SC";"UOP03-DEL04-SC"
286205;2020-05-24;"domingo";"22:00:00";"PE";232;228;"PESQUEIRA";"Falta de Atenção à Condução";"Capotamento";"Sem Vítimas";"Plena Noite";"Decrescente";"Garoa/Chuvisco";"Simples";"Reta";"Não";1;0;0;0;0;1;0;1;-8,3993243;-36,85590196;"SPRF-PE";"DEL03-PE";"UOP02-DEL03-PE"
286207;2020-05-24;"domingo";"22:20:00";"RN";101;134;"SAO JOSE DE MIPIBU";"Defeito Mecânico no Veículo";"Incêndio";"Sem Vítimas";"Plena Noite";"Crescente";"Ignorado";"Múltipla";"Reta";"Não";1;0;0;0;0;1;0;1;-6,15559697;-35,22641868;"SPRF-RN";"DEL01-RN";"UOP01-DEL01-RN"
286209;2020-05-24;"domingo";"23:10:00";"RS";287;361,5;"JAGUARI";"Velocidade Incompatível";"Saída de leito carroçável";"Com Vítimas Feridas";"Plena Noite";"Crescente";"Céu Claro";"Simples";"Reta";"Não";1;0;1;0;0;0;1;1;-29,44840799;-54,73160196;"SPRF-RS";"DEL12-RS";"UOP02-DEL12-RS"
286212;2020-05-25;"segunda-feira";"00:20:00";"SC";101;28,5;"JOINVILLE";"Defeito Mecânico no Veículo";"Tombamento";"Com Vítimas Feridas";"Plena Noite";"Crescente";"Céu Claro";"Dupla";"Reta";"Sim";2;0;2;0;0;0;2;1;-26,20697505;-48,91482635;"SPRF-SC";"DEL03-SC";"UOP01-DEL03-SC"
286213;2020-05-24;"domingo";"23:20:00";"SC";470;203;"PONTE ALTA";"Ingestão de Álcool";"Saída de leito carroçável";"Sem Vítimas";"Plena Noite";"Crescente";"Céu Claro";"Simples";"Reta";"Não";1;0;0;0;1;0;0;1;-27,286619;-50,156914;"SPRF-SC";"DEL05-SC";"UOP03-DEL05-SC"
286216;2020-05-25;"segunda-feira";"04:00:00";"CE";222;238,3;"SOBRAL";"Desobediência às normas de trânsito pelo condutor";"Colisão traseira";"Com Vítimas Fatais";"Pleno dia";"Decrescente";"Céu Claro";"Simples";"Reta";"Não";4;1;1;0;2;0;1;2;-3,72314305;-40,46060998;"SPRF-CE";"DEL04-CE";"UOP01-DEL04-CE"
286218;2020-05-25;"segunda-feira";"06:05:00";"RN";101;103,9;"PARNAMIRIM";"Falta de Atenção à Condução";"Colisão transversal";"Com Vítimas Feridas";"Pleno dia";"Decrescente";"Céu Claro";"Múltipla";"Reta";"Sim";3;0;2;0;1;0;2;2;-5,8931404;-35,25738185;"SPRF-RN";"DEL01-RN";"UOP01-DEL01-RN"
286219;2020-05-25;"segunda-feira";"05:18:00";"MS";262;142,8;"AGUA CLARA";"Restrição de Visibilidade";"Colisão lateral";"Com Vítimas Feridas";"Plena Noite";"Crescente";"Nevoeiro/Neblina";"Simples";"Reta";"Não";2;0;0;1;1;0;1;2;-20,44583309;-52,86945105;"SPRF-MS";"DEL07-MS";"UOP02-DEL07-MS"
286220;2020-05-24;"domingo";"17:50:00";"SC";470;43,6;"GASPAR";"Ingestão de Álcool";"Colisão lateral";"Com Vítimas Feridas";"Anoitecer";"Decrescente";"Céu Claro";"Simples";"Em Obras;Reta;Aclive;Desvio Temporário";"Não";4;0;4;0;0;0;4;3;-26,871262;-49,018614;"SPRF-SC";"DEL04-SC";"UOP01-DEL04-SC"
286221;2020-05-24;"domingo";"21:19:00";"SC";470;70,5;"INDAIAL";"Falta de Atenção à Condução";"Colisão traseira";"Com Vítimas Feridas";"Plena Noite";"Decrescente";"Céu Claro";"Simples";"Reta";"Não";2;0;1;0;1;0;1;2;-26,889374;-49,254478;"SPRF-SC";"DEL04-SC";"UOP01-DEL04-SC"
286222;2020-05-25;"segunda-feira";"06:30:00";"AL";101;13;"NOVO LINO";"Mal Súbito";"Saída de leito carroçável";"Com Vítimas Feridas";"Pleno dia";"Crescente";"Nublado";"Dupla";"Curva";"Não";1;0;1;0;0;0;1;1;-8,97323517;-35,67515161;"SPRF-AL";"DEL01-AL";"UOP02-DEL01-AL"
286223;2020-05-25;"segunda-feira";"05:30:00";"RO";364;683;"CANDEIAS DO JAMARI";"Ultrapassagem Indevida";"Atropelamento de Pedestre";"Com Vítimas Feridas";"Amanhecer";"Crescente";"Céu Claro";"Simples";"Reta";"Não";2;0;2;0;0;0;2;2;-8,78859991;-63,61516701;"SPRF-RO";"DEL01-RO";"UOP01-DEL01-RO"
286224;2020-05-25;"segunda-feira";"04:30:00";"MG";365;650;"UBERLANDIA";"Pista Escorregadia";"Capotamento";"Com Vítimas Feridas";"Plena Noite";"Decrescente";"Chuva";"Dupla";"Reta";"Não";1;0;1;0;0;0;1;1;-18,86933815;-48,55889003;"SPRF-MG";"DEL15-MG";"UOP01-DEL15-MG"
286225;2020-05-25;"segunda-feira";"06:55:00";"PR";116;127;"FAZENDA RIO GRANDE";"Defeito na Via";"Tombamento";"Com Vítimas Feridas";"Pleno dia";"Decrescente";"Céu Claro";"Dupla";"Reta";"Não";2;0;1;0;1;0;1;1;-25,612752;-49,31859701;"SPRF-PR";"DEL01-PR";"UOP03-DEL01-PR"
286226;2020-05-25;"segunda-feira";"07:30:00";"GO";60;166;"GOIANIA";"Falta de Atenção à Condução";"Tombamento";"Com Vítimas Feridas";"Pleno dia";"Decrescente";"Céu Claro";"Dupla";"Reta";"Sim";1;0;1;0;0;0;1;1;-16,7129;-49,358;"SPRF-GO";"DEL01-GO";"UOP02-DEL01-GO"
286227;2020-05-25;"segunda-feira";"07:55:00";"ES";101;181;"ARACRUZ";"Fenômenos da Natureza";"Tombamento";"Com Vítimas Feridas";"Pleno dia";"Crescente";"Chuva";"Simples";"Reta";"Não";1;0;1;0;0;0;1;1;-19,6312501;-40,22615187;"SPRF-ES";"DEL04-ES";"UOP01-DEL04-ES"
286228;2020-05-25;"segunda-feira";"07:50:00";"ES";101;389,2;"RIO NOVO DO SUL";"Pista Escorregadia";"Colisão frontal";"Com Vítimas Fatais";"Pleno dia";"Crescente";"Chuva";"Simples";"Curva";"Não";3;1;1;0;1;0;1;3;-20,86208093;-40,88062015;"SPRF-ES";"DEL03-ES";"UOP02-DEL03-ES"
286231;2020-05-25;"segunda-feira";"07:10:00";"SC";101;329;"CAPIVARI DE BAIXO";"Falta de Atenção à Condução";"Colisão traseira";"Com Vítimas Feridas";"Pleno dia";"Crescente";"Céu Claro";"Dupla";"Reta";"Não";3;0;2;0;0;1;2;2;-28,44404822;-48,96611372;"SPRF-SC";"DEL02-SC";"UOP01-DEL02-SC"
286232;2020-05-25;"segunda-feira";"07:55:00";"SC";101;133,8;"BALNEARIO CAMBORIU";"Desobediência às normas de trânsito pelo condutor";"Colisão transversal";"Com Vítimas Feridas";"Pleno dia";"Decrescente";"Sol";"Múltipla";"Interseção de Vias;Reta;Retorno Regulamentado";"Sim";2;0;1;0;1;0;1;2;-26,99936;-48,64609;"SPRF-SC";"DEL04-SC";"UOP03-DEL04-SC"
286234;2020-05-25;"segunda-feira";"08:05:00";"PR";376;183;"SARANDI";"Não guardar distância de segurança";"Colisão lateral";"Com Vítimas Feridas";"Pleno dia";"Decrescente";"Céu Claro";"Dupla";"Reta";"Sim";2;0;1;0;1;0;1;2;-23,44159097;-51,87067398;"SPRF-PR";"DEL09-PR";"UOP01-DEL09-PR"
286235;2020-05-25;"segunda-feira";"07:40:00";"RN";101;107;"PARNAMIRIM";"Falta de Atenção à Condução";"Colisão traseira";"Com Vítimas Feridas";"Pleno dia";"Decrescente";"Céu Claro";"Simples";"Reta";"Sim";2;0;1;0;1;0;1;2;-5,91920796;-35,26412409;"SPRF-RN";"DEL01-RN";"UOP01-DEL01-RN"
286236;2020-05-25;"segunda-feira";"06:45:00";"MG";40;634;"CONSELHEIRO LAFAIETE";"Objeto estático sobre o leito carroçável";"Colisão lateral";"Com Vítimas Feridas";"Pleno dia";"Crescente";"Céu Claro";"Simples";"Curva";"Não";2;0;0;1;1;0;1;2;-20,68976185;-43,79012462;"SPRF-MG";"DEL05-MG";"UOP02-DEL05-MG"
286239;2020-05-25;"segunda-feira";"06:30:00";"MG";40;681,8;"RESSAQUINHA";"Falta de Atenção à Condução";"Colisão lateral";"Com Vítimas Feridas";"Pleno dia";"Decrescente";"Sol";"Simples";"Reta";"Sim";2;0;1;0;0;1;1;2;-21,062262;-43,76217;"SPRF-MG";"DEL05-MG";"UOP02-DEL05-MG"
286240;2020-05-25;"segunda-feira";"05:40:00";"MA";135;91;"ITAPECURU MIRIM";"Desobediência às normas de trânsito pelo condutor";"Colisão frontal";"Com Vítimas Feridas";"Amanhecer";"Crescente";"Céu Claro";"Simples";"Reta";"Não";2;0;1;0;1;0;1;2;-3,30084116;-44,41853282;"SPRF-MA";"DEL01-MA";"UOP02-DEL01-MA"
286243;2020-05-25;"segunda-feira";"08:50:00";"PR";376;593;"CURITIBA";"Falta de Atenção à Condução";"Queda de ocupante de veículo";"Com Vítimas Feridas";"Pleno dia";"Crescente";"Céu Claro";"Dupla";"Aclive";"Sim";1;0;1;0;0;0;1;1;-25,47642706;-49,35092413;"SPRF-PR";"DEL01-PR";"UOP06-DEL01-PR"
286244;2020-05-25;"segunda-feira";"08:45:00";"SC";282;0,5;"FLORIANOPOLIS";"Falta de Atenção à Condução";"Colisão lateral";"Com Vítimas Feridas";"Pleno dia";"Decrescente";"Céu Claro";"Múltipla";"Reta";"Sim";2;0;1;0;1;0;1;2;-27,59845;-48,571995;"SPRF-SC";"DEL01-SC";"UOP01-DEL01-SC"
286246;2020-05-25;"segunda-feira";"08:30:00";"RJ";40;118;"DUQUE DE CAXIAS";"Falta de Atenção à Condução";"Colisão lateral";"Com Vítimas Feridas";"Pleno dia";"Decrescente";"Céu Claro";"Dupla";"Reta";"Sim";4;0;2;0;2;0;2;2;-22,75470802;-43,28737838;"SPRF-RJ";"DEL01-RJ";"UOP01-DEL01-RJ"
286247;2020-05-25;"segunda-feira";"08:50:00";"MG";40;506;"ESMERALDAS";"Mal Súbito";"Colisão com objeto estático";"Com Vítimas Feridas";"Pleno dia";"Crescente";"Nublado";"Dupla";"Curva";"Não";1;0;1;0;0;0;1;1;-19,74716686;-44,14731173;"SPRF-MG";"DEL02-MG";"UOP01-DEL02-MG"
286248;2020-05-25;"segunda-feira";"07:45:00";"RS";386;34,4;"FREDERICO WESTPHALEN";"Não guardar distância de segurança";"Colisão traseira";"Com Vítimas Feridas";"Pleno dia";"Decrescente";"Sol";"Simples";"Reta";"Sim";3;0;1;0;2;0;1;3;-27,3631619;-53,39150727;"SPRF-RS";"DEL08-RS";"UOP02-DEL08-RS"
286251;2020-05-25;"segunda-feira";"09:30:00";"MG";40;621,6;"CONGONHAS";"Falta de Atenção à Condução";"Colisão traseira";"Com Vítimas Feridas";"Pleno dia";"Crescente";"Sol";"Simples";"Reta";"Não";4;0;2;0;2;0;2;2;-20,593933;-43,804213;"SPRF-MG";"DEL05-MG";"UOP02-DEL05-MG"
286253;2020-05-25;"segunda-feira";"10:50:00";"ES";101;119;"SOORETAMA";"Falta de Atenção à Condução";"Queda de ocupante de veículo";"Com Vítimas Feridas";"Pleno dia";"Crescente";"Céu Claro";"Simples";"Reta";"Não";1;0;1;0;0;0;1;1;-19,13567283;-40,07109336;"SPRF-ES";"DEL04-ES";"UOP01-DEL04-ES"
286254;2020-05-25;"segunda-feira";"11:00:00";"PR";280;276;"MARMELEIRO";"Falta de Atenção à Condução";"Saída de leito carroçável";"Sem Vítimas";"Pleno dia";"Decrescente";"Céu Claro";"Simples";"Curva";"Não";1;0;0;0;1;0;0;1;-26,23825617;-53,18925192;"SPRF-PR";"DEL02-PR";"UOP01-DEL02-PR"
286255;2020-05-25;"segunda-feira";"11:00:00";"SC";280;56,5;"GUARAMIRIM";"Falta de Atenção à Condução";"Colisão frontal";"Com Vítimas Feridas";"Pleno dia";"Crescente";"Sol";"Simples";"Viaduto";"Não";2;0;2;0;0;0;2;2;-26,47947677;-49,00298702;"SPRF-SC";"DEL03-SC";"UOP03-DEL03-SC"
286257;2020-05-25;"segunda-feira";"11:20:00";"RJ";101;537;"PARATY";"Mal Súbito";"Colisão traseira";"Com Vítimas Feridas";"Pleno dia";"Crescente";"Céu Claro";"Simples";"Aclive";"Não";3;0;2;0;1;0;2;2;-23,04205934;-44,57003488;"SPRF-RJ";"DEL03-RJ";"UOP02-DEL03-RJ"
286258;2020-05-25;"segunda-feira";"11:15:00";"MT";70;0,1;"PONTAL DO ARAGUAIA";"Não guardar distância de segurança";"Colisão traseira";"Com Vítimas Feridas";"Pleno dia";"Decrescente";"Céu Claro";"Simples";"Reta";"Sim";2;0;0;1;1;0;1;2;-15,895538;-52,25599;"SPRF-MT";"DEL07-MT";"UOP01-DEL07-MT"
286262;2020-05-25;"segunda-feira";"11:40:00";"PA";230;113;"MARABA";"Falta de Atenção à Condução";"Colisão traseira";"Com Vítimas Feridas";"Pleno dia";"Decrescente";"Céu Claro";"Simples";"Declive;Reta";"Não";3;0;2;0;1;0;2;2;-5,36689576;-49,05750094;"SPRF-PA";"DEL03-PA";"UOP01-DEL03-PA"
286264;2020-05-25;"segunda-feira";"11:10:00";"AC";364;133;"RIO BRANCO";"Falta de Atenção à Condução";"Queda de ocupante de veículo";"Com Vítimas Feridas";"Pleno dia";"Decrescente";"Céu Claro";"Dupla";"Reta";"Sim";1;0;0;1;0;0;1;1;-10,002488;-67,84954;"SPRF-AC";"DEL01-AC";"UOP01-DEL01-AC"
286266;2020-05-25;"segunda-feira";"13:30:00";"DF";20;8,7;"BRASILIA";"Velocidade Incompatível";"Colisão transversal";"Com Vítimas Feridas";"Pleno dia";"Crescente";"Sol";"Dupla";"Reta;Retorno Regulamentado";"Sim";3;0;2;0;1;0;2;2;-15,658386;-47,791534;"SPRF-DF";"DEL02-DF";"UOP01-DEL02-DF"
286267;2020-05-25;"segunda-feira";"07:00:00";"MG";116;352,8;"JAMPRUCA";"Velocidade Incompatível";"Saída de leito carroçável";"Com Vítimas Feridas";"Pleno dia";"Crescente";"Chuva";"Simples";"Declive;Curva";"Não";3;0;1;1;1;0;2;1;-18,40172396;-41,81890321;"SPRF-MG";"DEL11-MG";"UOP01-DEL11-MG"
286270;2020-05-25;"segunda-feira";"13:40:00";"RJ";116;317;"ITATIAIA";"Desobediência às normas de trânsito pelo condutor";"Colisão lateral";"Com Vítimas Feridas";"Pleno dia";"Crescente";"Sol";"Simples";"Reta";"Sim";3;0;1;1;1;0;2;2;-22,48907459;-44,55546717;"SPRF-RJ";"DEL07-RJ";"UOP02-DEL07-RJ"
286271;2020-05-25;"segunda-feira";"14:30:00";"RS";158;253;"JULIO DE CASTILHOS";"Falta de Atenção à Condução";"Tombamento";"Com Vítimas Feridas";"Pleno dia";"Crescente";"Sol";"Dupla";"Declive";"Não";1;0;1;0;0;0;1;1;-29,1456039;-53,65417338;"SPRF-RS";"DEL10-RS";"UOP02-DEL10-RS"
286272;2020-05-25;"segunda-feira";"11:30:00";"SC";282;388,2;"JOACABA";"Defeito Mecânico no Veículo";"Incêndio";"Sem Vítimas";"Pleno dia";"Crescente";"Céu Claro";"Simples";"Reta";"Sim";1;0;0;0;1;0;0;1;-27,179003;-51,531616;"SPRF-SC";"DEL07-SC";"UOP05-DEL07-SC"
286273;2020-05-25;"segunda-feira";"01:00:00";"PR";153;132;"VENTANIA";"Velocidade Incompatível";"Danos eventuais";"Sem Vítimas";"Plena Noite";"Decrescente";"Ignorado";"Simples";"Curva";"Não";1;0;0;0;0;1;0;1;-24,01762301;-50,25207404;"SPRF-PR";"DEL07-PR";"UOP04-DEL07-PR"
286275;2020-05-25;"segunda-feira";"13:00:00";"SC";101;40;"JOINVILLE";"Agressão Externa";"Queda de ocupante de veículo";"Com Vítimas Feridas";"Pleno dia";"Crescente";"Céu Claro";"Dupla";"Reta";"Sim";2;0;2;0;0;0;2;1;-26,27176094;-48,89468382;"SPRF-SC";"DEL03-SC";"UOP01-DEL03-SC"
286276;2020-05-25;"segunda-feira";"15:10:00";"SP";381;52;"ATIBAIA";"Falta de Atenção à Condução";"Colisão com objeto estático";"Com Vítimas Feridas";"Pleno dia";"Decrescente";"Céu Claro";"Múltipla";"Reta";"Sim";2;0;1;0;1;0;1;1;-23,2300622;-46,59963076;"SPRF-SP";"DEL03-SP";"UOP01-DEL03-SP"
286277;2020-05-25;"segunda-feira";"14:10:00";"MG";40;579,8;"ITABIRITO";"Objeto estático sobre o leito carroçável";"Danos eventuais";"Com Vítimas Feridas";"Pleno dia";"Crescente";"Nublado";"Dupla";"Curva";"Não";4;0;1;0;3;0;1;1;-20,28638301;-43,94212592;"SPRF-MG";"DEL01-MG";"UOP02-DEL01-MG"
286279;2020-05-25;"segunda-feira";"14:45:00";"RN";110;45,4;"MOSSORO";"Não guardar distância de segurança";"Colisão traseira";"Sem Vítimas";"Pleno dia";"Crescente";"Sol";"Simples";"Interseção de Vias";"Sim";3;0;0;0;3;0;0;3;-5,19257993;-37,31114905;"SPRF-RN";"DEL04-RN";"UOP01-DEL04-RN"
286281;2020-05-25;"segunda-feira";"16:00:00";"PR";277;118;"CAMPO LARGO";"Falta de Atenção à Condução";"Atropelamento de Pedestre";"Com Vítimas Feridas";"Pleno dia";"Decrescente";"Céu Claro";"Simples";"Reta";"Não";3;0;1;0;1;1;1;2;-25,45212633;-49,54243898;"SPRF-PR";"DEL01-PR";"UOP03-DEL03-PR"
286282;2020-05-25;"segunda-feira";"15:00:00";"RN";304;24;"MOSSORO";"Restrição de Visibilidade";"Saída de leito carroçável";"Com Vítimas Feridas";"Pleno dia";"Decrescente";"Céu Claro";"Simples";"Curva";"Não";1;0;1;0;0;0;1;1;-5,06488233;-37,33287055;"SPRF-RN";"DEL04-RN";"UOP02-DEL04-RN"
286285;2020-05-25;"segunda-feira";"15:30:00";"BA";324;566;"AMELIA RODRIGUES";"Falta de Atenção à Condução";"Atropelamento de Pedestre";"Com Vítimas Feridas";"Pleno dia";"Decrescente";"Céu Claro";"Simples";"Reta";"Não";2;0;0;1;1;0;1;2;-12,52455997;-38,61040198;"SPRF-BA";"DEL01-BA";"UOP01-DEL01-BA"
286286;2020-05-25;"segunda-feira";"16:05:00";"ES";101;317,9;"VIANA";"Não guardar distância de segurança";"Colisão traseira";"Com Vítimas Feridas";"Pleno dia";"Crescente";"Céu Claro";"Simples";"Reta";"Sim";3;0;2;0;1;0;2;2;-20,48575596;-40,47626411;"SPRF-ES";"DEL01-ES";"UOP01-DEL01-ES"
286288;2020-05-25;"segunda-feira";"16:30:00";"GO";153;501,5;"GOIANIA";"Falta de Atenção à Condução";"Colisão transversal";"Com Vítimas Feridas";"Anoitecer";"Crescente";"Sol";"Dupla";"Reta";"Sim";3;0;1;0;2;0;1;2;-16,7189;-49,2382;"SPRF-GO";"DEL01-GO";"UOP01-DEL01-GO"
286289;2020-05-02;"sábado";"19:15:00";"RJ";101;75;"CAMPOS DOS GOYTACAZES";"Desobediência às normas de trânsito pelo condutor";"Queda de ocupante de veículo";"Com Vítimas Feridas";"Plena Noite";"Decrescente";"Céu Claro";"Simples";"Reta";"Sim";2;0;0;1;1;0;1;2;-21,81465197;-41,39665604;"SPRF-RJ";"DEL08-RJ";"UOP02-DEL08-RJ"
286292;2020-05-25;"segunda-feira";"15:45:00";"MG";116;412,2;"GOVERNADOR VALADARES";"Não guardar distância de segurança";"Colisão lateral";"Sem Vítimas";"Pleno dia";"Crescente";"Nublado";"Dupla";"Curva";"Sim";2;0;0;0;2;0;0;2;-18,86882342;-41,97144241;"SPRF-MG";"DEL06-MG";"UOP01-DEL06-MG"
286293;2020-05-25;"segunda-feira";"13:30:00";"CE";116;482;"MILAGRES";"Ingestão de Álcool";"Saída de leito carroçável";"Sem Vítimas";"Pleno dia";"Decrescente";"Nublado";"Simples";"Reta";"Não";1;0;0;0;1;0;0;1;-7,30553661;-38,91991281;"SPRF-CE";"DEL05-CE";"UOP03-DEL05-CE"
286294;2020-05-25;"segunda-feira";"17:20:00";"PR";116;110;"CURITIBA";"Velocidade Incompatível";"Colisão traseira";"Sem Vítimas";"Anoitecer";"Crescente";"Nublado";"Dupla";"Reta";"Não";2;0;0;0;2;0;0;2;-25,57012941;-49,21736805;"SPRF-PR";"DEL01-PR";"UOP06-DEL01-PR"
286295;2020-05-25;"segunda-feira";"17:50:00";"SC";101;164,8;"TIJUCAS";"Não guardar distância de segurança";"Colisão traseira";"Com Vítimas Feridas";"Anoitecer";"Decrescente";"Nublado";"Dupla";"Reta";"Não";2;0;1;0;1;0;1;2;-27,243868;-48,6309;"SPRF-SC";"DEL04-SC";"UOP03-DEL04-SC"
286297;2020-05-25;"segunda-feira";"17:55:00";"SC";101;208,7;"SAO JOSE";"Não guardar distância de segurança";"Colisão lateral";"Com Vítimas Feridas";"Anoitecer";"Decrescente";"Céu Claro";"Dupla";"Reta";"Sim";3;0;1;1;1;0;2;2;-27,61234663;-48,64083052;"SPRF-SC";"DEL01-SC";"UOP01-DEL01-SC"
286298;2020-05-25;"segunda-feira";"17:45:00";"ES";101;335,1;"GUARAPARI";"Ultrapassagem Indevida";"Colisão lateral";"Com Vítimas Feridas";"Anoitecer";"Decrescente";"Nublado";"Simples";"Curva";"Não";8;0;6;1;1;0;7;4;-20,62718356;-40,52742029;"SPRF-ES";"DEL03-ES";"UOP01-DEL03-ES"
286299;2020-05-25;"segunda-feira";"18:00:00";"GO";40;12,9;"LUZIANIA";"Ingestão de Álcool";"Colisão traseira";"Com Vítimas Feridas";"Plena Noite";"Decrescente";"Céu Claro";"Dupla";"Reta";"Sim";2;0;1;0;1;0;1;2;-16,145123;-47,945382;"SPRF-DF";"DEL01-DF";"UOP01-DEL01-DF"
286301;2020-05-25;"segunda-feira";"15:50:00";"RS";116;151,5;"CAXIAS DO SUL";"Desobediência às normas de trânsito pelo pedestre";"Atropelamento de Pedestre";"Com Vítimas Feridas";"Pleno dia";"Decrescente";"Sol";"Dupla";"Curva";"Sim";3;0;2;0;0;1;2;2;-29,18109116;-51,16599083;"SPRF-RS";"DEL05-RS";"UOP01-DEL05-RS"
286302;2020-05-25;"segunda-feira";"18:05:00";"DF";40;0,3;"BRASILIA";"Falta de Atenção do Pedestre";"Atropelamento de Pedestre";"Com Vítimas Fatais";"Anoitecer";"Decrescente";"Céu Claro";"Dupla";"Reta";"Sim";2;1;0;0;1;0;0;2;-15,976897;-47,990129;"SPRF-DF";"DEL01-DF";"UOP01-DEL01-DF"
286303;2020-05-25;"segunda-feira";"18:30:00";"MG";40;597;"OURO PRETO";"Defeito na Via";"Queda de ocupante de veículo";"Com Vítimas Feridas";"Plena Noite";"Crescente";"Céu Claro";"Simples";"Reta";"Não";2;0;1;0;1;0;1;1;-20,41730221;-43,88841571;"SPRF-MG";"DEL05-MG";"UOP02-DEL05-MG"
286307;2020-05-25;"segunda-feira";"18:15:00";"ES";101;279,7;"SERRA";"Falta de Atenção à Condução";"Colisão com objeto estático";"Com Vítimas Feridas";"Plena Noite";"Crescente";"Nublado";"Dupla";"Reta";"Sim";1;0;1;0;0;0;1;1;-20,218122;-40,339325;"SPRF-ES";"DEL02-ES";"UOP01-DEL02-ES"
286308;2020-05-25;"segunda-feira";"18:10:00";"RN";304;280;"MACAIBA";"Não guardar distância de segurança";"Colisão traseira";"Sem Vítimas";"Plena Noite";"Crescente";"Nublado";"Simples";"Rotatória";"Não";4;0;0;0;4;0;0;2;-5,88956382;-35,48954405;"SPRF-RN";"DEL01-RN";"UOP02-DEL01-RN"