"id";"data_inversa";"dia_semana";"horario";"uf";"br";"km";"municipio";"causa_acidente";"tipo_acidente";"classificacao_acidente";"fase_dia";"sentido_via";"condicao_metereologica";"tipo_pista";"tracado_via";"uso_solo";"pessoas";"mortos";"feridos_leves";"feridos_graves";"ilesos";"ignorados";"feridos";"veiculos";"latitude";"longitude";"regional";"delegacia";"uop"
286485;2020-05-26;"terça-feira";"13:00:00";"RJ";116;266;"BARRA MANSA";"Falta de Atenção à Condução";"Colisão com objeto estático";"Com Vítimas Fatais";"Pleno dia";"Decrescente";"Sol";"Dupla";"Reta";"Não";2;1;0;0;1;0;0;1;-22,58856193;-44,09534501;"SPRF-RJ";"DEL07-RJ";"UOP02-DEL07-RJ"
286487;2020-05-26;"terça-feira";"17:00:00";"SP";116;215;"GUARULHOS";"Falta de Atenção à Condução";"Colisão lateral";"Com Vítimas Feridas";"Anoitecer";"Decrescente";"Céu Claro";"Múltipla";"Reta";"Sim";4;0;1;0;3;0;1;2;-23,44695693;-46,45394103;"SPRF-SP";"DEL01-SP";"UOP01-DEL01-SP"
286489;2020-05-26;"terça-feira";"17:10:00";"MG";116;737,6;"LARANJAL";"Falta de Atenção à Condução";"Colisão com objeto estático";"Com Vítimas Feridas";"Anoitecer";"Crescente";"Nublado";"Simples";"Reta";"Não";1;0;0;1;0;0;1;1;-21,36878613;-42,47693589;"SPRF-MG";"DEL07-MG";"UOP02-DEL07-MG"
286491;2020-05-26;"terça-feira";"16:25:00";"MG";381;749;"TRES CORACOES";"Falta de Atenção à Condução";"Saída de leito carroçável";"Com Vítimas Feridas";"Pleno dia";"Crescente";"Céu Claro";"Dupla";"Reta";"Não";1;0;0;1;0;0;1;1;-21,66281681;-45,30798018;"SPRF-MG";"DEL16-MG";"UOP02-DEL16-MG"
286493;2020-05-26;"terça-feira";"17:15:00";"GO";40;5;"VALPARAISO DE GOIAS";"Não guardar distância de segurança";"Colisão traseira";"Com Vítimas Feridas";"Anoitecer";"Crescente";"Céu Claro";"Dupla";"Reta";"Sim";2;0;0;1;1;0;1;2;-16,093134;-47,982236;"SPRF-DF";"DEL01-DF";"UOP01-DEL01-DF"
286495;2020-05-26;"terça-feira";"15:50:00";"RJ";116;175;"NOVA IGUACU";"Falta de Atenção à Condução";"Colisão traseira";"Sem Vítimas";"Plena Noite";"Crescente";"Céu Claro";"Dupla";"Reta";"Sim";4;0;0;0;4;0;0;4;-22,75805771;-43,42921257;"SPRF-RJ";"DEL01-RJ";"UOP02-DEL01-RJ"
286496;2020-05-26;"terça-feira";"16:55:00";"RO";364;714;"PORTO VELHO";"Falta de Atenção à Condução";"Colisão traseira";"Com Vítimas Feridas";"Pleno dia";"Decrescente";"Céu Claro";"Simples";"Reta;Aclive;Interseção de Vias";"Sim";3;0;1;0;2;0;1;2;-8,77323714;-63,88521091;"SPRF-RO";"DEL01-RO";"UOP01-DEL01-RO"
286497;2020-05-26;"terça-feira";"18:00:00";"GO";153;443;"ANAPOLIS";"Não guardar distância de segurança";"Colisão traseira";"Com Vítimas Feridas";"Anoitecer";"Decrescente";"Céu Claro";"Dupla";"Declive";"Sim";2;0;0;1;1;0;1;2;-16,334681;-48,922447;"SPRF-GO";"DEL02-GO";"UOP01-DEL02-GO"
286515;2020-05-26;"terça-feira";"17:40:00";"PR";376;621;"SAO JOSE DOS PINHAIS";"Defeito Mecânico no Veículo";"Queda de ocupante de veículo";"Com Vítimas Feridas";"Pleno dia";"Crescente";"Sol";"Dupla";"Reta";"Não";3;0;1;0;2;0;1;3;-25,61783292;-49,1690968;"SPRF-PR";"DEL01-PR";"UOP01-DEL01-PR"
286516;2020-05-26;"terça-feira";"18:25:00";"RS";470;286;"MONTENEGRO";"Desobediência às normas de trânsito pelo condutor";"Colisão transversal";"Com Vítimas Feridas";"Plena Noite";"Crescente";"Céu Claro";"Simples";"Reta";"Não";2;0;0;1;1;0;1;2;-29,64261898;-51,46414198;"SPRF-RS";"DEL04-RS";"UOP02-DEL04-RS"
286518;2020-05-26;"terça-feira";"18:15:00";"ES";101;266,5;"SERRA";"Falta de Atenção à Condução";"Colisão transversal";"Com Vítimas Feridas";"Plena Noite";"Decrescente";"Céu Claro";"Múltipla";"Interseção de Vias";"Não";2;0;2;0;0;0;2;2;-20,190199;-40,26828891;"SPRF-ES";"DEL02-ES";"UOP01-DEL02-ES"
286519;2020-05-26;"terça-feira";"18:00:00";"SE";101;149;"ESTANCIA";"Falta de Atenção à Condução";"Colisão traseira";"Com Vítimas Feridas";"Plena Noite";"Crescente";"Céu Claro";"Simples";"Reta";"Sim";2;0;1;0;1;0;1;2;-11,24076315;-37,43120873;"SPRF-SE";"DEL02-SE";"UOP01-DEL02-SE"
286523;2020-05-26;"terça-feira";"17:45:00";"RJ";116;142;"DUQUE DE CAXIAS";"Mal Súbito";"Queda de ocupante de veículo";"Com Vítimas Feridas";"Anoitecer";"Decrescente";"Céu Claro";"Dupla";"Reta";"Sim";1;0;1;0;0;0;1;1;-22,64876087;-43,23031638;"SPRF-RJ";"DEL01-RJ";"UOP01-DEL01-RJ"
286524;2020-05-26;"terça-feira";"18:50:00";"DF";70;6,9;"BRASILIA";"Desobediência às normas de trânsito pelo condutor";"Colisão transversal";"Com Vítimas Feridas";"Anoitecer";"Crescente";"Céu Claro";"Dupla";"Reta";"Sim";4;0;0;1;3;0;1;2;-15,791242;-48,105759;"SPRF-DF";"DEL03-DF";"UOP02-DEL03-DF"
286525;2020-05-26;"terça-feira";"18:45:00";"DF";40;5;"BRASILIA";"Falta de Atenção à Condução";"Colisão lateral";"Com Vítimas Feridas";"Plena Noite";"Crescente";"Céu Claro";"Dupla";"Reta";"Não";2;0;1;0;1;0;1;2;-16,020903;-47,980541;"SPRF-DF";"DEL01-DF";"UOP01-DEL01-DF"
286532;2020-03-15;"domingo";"05:30:00";"BA";420;300;"SANTA INES";"Falta de Atenção à Condução";"Saída de leito carroçável";"Com Vítimas Feridas";"Amanhecer";"Decrescente";"Ignorado";"Simples";"Curva";"Não";2;0;0;1;1;0;1;1;-13,26554059;-39,79361118;"SPRF-BA";"DEL03-BA";"UOP01-DEL03-BA"
286533;2020-05-26;"terça-feira";"18:30:00";"MG";40;517;"RIBEIRAO DAS NEVES";"Falta de Atenção à Condução";"Queda de ocupante de veículo";"Com Vítimas Feridas";"Anoitecer";"Crescente";"Céu Claro";"Dupla";"Reta";"Sim";2;0;1;1;0;0;2;1;-19,82351202;-44,08438913;"SPRF-MG";"DEL01-MG";"UOP02-DEL01-MG"
286535;2020-05-14;"quinta-feira";"18:00:00";"GO";40;69;"CRISTALINA";"Restrição de Visibilidade";"Colisão com objeto estático";"Com Vítimas Feridas";"Anoitecer";"Crescente";"Céu Claro";"Simples";"Reta";"Não";2;0;1;0;0;1;1;2;-16,596563;-47,775077;"SPRF-DF";"DEL01-DF";"UOP02-DEL01-DF"
286536;2020-05-26;"terça-feira";"18:30:00";"SP";116;215;"GUARULHOS";"Defeito Mecânico no Veículo";"Colisão traseira";"Com Vítimas Feridas";"Plena Noite";"Decrescente";"Céu Claro";"Múltipla";"Reta";"Sim";2;0;1;0;1;0;1;2;-23,44695693;-46,45394103;"SPRF-SP";"DEL01-SP";"UOP01-DEL01-SP"
286537;2020-05-26;"terça-feira";"08:15:00";"AM";230;500;"HUMAITA";"Defeito na Via";"Capotamento";"Com Vítimas Feridas";"Pleno dia";"Decrescente";"Céu Claro";"Dupla";"Reta";"Não";3;0;3;0;0;0;3;1;-7,9070916;-62,16153243;"SPRF-AM";"DEL01-AM";"UOP05-DEL01-AM"
286545;2020-05-26;"terça-feira";"19:06:00";"SE";235;52;"ITABAIANA";"Falta de Atenção do Pedestre";"Atropelamento de Pedestre";"Com Vítimas Feridas";"Plena Noite";"Decrescente";"Céu Claro";"Simples";"Reta";"Sim";2;0;0;1;0;1;1;2;-10,693279;-37,437557;"SPRF-SE";"DEL01-SE";"UOP02-DEL01-SE"
286548;2020-05-26;"terça-feira";"19:20:00";"ES";101;244,2;"SERRA";"Falta de Atenção à Condução";"Tombamento";"Com Vítimas Feridas";"Plena Noite";"Crescente";"Céu Claro";"Simples";"Reta";"Sim";2;0;2;0;0;0;2;1;-20,04725275;-40,38731559;"SPRF-ES";"DEL02-ES";"UOP01-DEL02-ES"
286549;2020-05-26;"terça-feira";"17:00:00";"BA";116;472,9;"SANTO ESTEVAO";"Defeito Mecânico no Veículo";"Saída de leito carroçável";"Com Vítimas Feridas";"Pleno dia";"Decrescente";"Nublado";"Dupla";"Reta";"Não";5;0;2;0;3;0;2;1;-12,476505;-39,302916;"SPRF-BA";"DEL02-BA";"UOP01-DEL02-BA"
286553;2020-05-26;"terça-feira";"19:30:00";"SP";116;218;"GUARULHOS";"Não guardar distância de segurança";"Colisão lateral";"Com Vítimas Feridas";"Plena Noite";"Decrescente";"Céu Claro";"Múltipla";"Reta";"Sim";4;0;1;1;2;0;2;3;-23,457972;-46,479927;"SPRF-SP";"DEL01-SP";"UOP01-DEL01-SP"
286554;2020-05-26;"terça-feira";"18:06:00";"RJ";116;107;"GUAPIMIRIM";"Falta de Atenção à Condução";"Colisão transversal";"Com Vítimas Feridas";"Plena Noite";"Decrescente";"Céu Claro";"Múltipla";"Reta";"Sim";4;0;1;2;1;0;3;4;-22,52826187;-42,99737551;"SPRF-RJ";"DEL04-RJ";"UOP02-DEL04-RJ"
286555;2020-05-26;"terça-feira";"19:55:00";"SP";116;55;"LORENA";"Defeito Mecânico no Veículo";"Incêndio";"Sem Vítimas";"Plena Noite";"Decrescente";"Céu Claro";"Dupla";"Reta";"Sim";1;0;0;0;1;0;0;1;-22,76356421;-45,12272385;"SPRF-SP";"DEL08-SP";"UOP01-DEL08-SP"
286556;2020-05-26;"terça-feira";"19:20:00";"RO";364;384;"OURO PRETO DO OESTE";"Desobediência às normas de trânsito pelo condutor";"Colisão transversal";"Com Vítimas Feridas";"Plena Noite";"Decrescente";"Céu Claro";"Simples";"Reta";"Sim";3;0;1;0;2;0;1;2;-10,71524933;-62,25065352;"SPRF-RO";"DEL02-RO";"UOP01-DEL02-RO"
286557;2020-05-26;"terça-feira";"21:10:00";"BA";324;603,7;"SIMOES FILHO";"Avarias e/ou desgaste excessivo no pneu";"Saída de leito carroçável";"Sem Vítimas";"Plena Noite";"Decrescente";"Nublado";"Dupla";"Curva";"Não";1;0;0;0;1;0;0;1;-12,78655367;-38,40863391;"SPRF-BA";"DEL01-BA";"UOP01-DEL01-BA"
286558;2020-05-26;"terça-feira";"20:30:00";"SC";282;602,8;"MARAVILHA";"Velocidade Incompatível";"Saída de leito carroçável";"Com Vítimas Feridas";"Plena Noite";"Decrescente";"Céu Claro";"Simples";"Reta";"Não";2;0;1;0;1;0;1;1;-26,806049;-53,178757;"SPRF-SC";"DEL07-SC";"UOP02-DEL07-SC"
286559;2020-05-26;"terça-feira";"21:30:00";"PR";277;116;"CAMPO LARGO";"Falta de Atenção à Condução";"Colisão lateral";"Sem Vítimas";"Plena Noite";"Decrescente";"Céu Claro";"Dupla";"Reta";"Não";1;0;0;0;1;0;0;1;-25,43342542;-49,40593292;"SPRF-PR";"DEL01-PR";"UOP03-DEL03-PR"
286561;2020-05-26;"terça-feira";"20:25:00";"RJ";40;117;"DUQUE DE CAXIAS";"Falta de Atenção à Condução";"Colisão traseira";"Sem Vítimas";"Plena Noite";"Crescente";"Céu Claro";"Múltipla";"Reta";"Sim";2;0;0;0;1;1;0;2;-22,745676;-43,2881;"SPRF-RJ";"DEL01-RJ";"UOP01-DEL01-RJ"
286562;2020-05-26;"terça-feira";"20:20:00";"SP";116;219;"GUARULHOS";"Falta de Atenção à Condução";"Colisão traseira";"Sem Vítimas";"Plena Noite";"Decrescente";"Céu Claro";"Múltipla";"Reta";"Sim";2;0;0;0;2;0;0;2;-23,46143954;-46,48885316;"SPRF-SP";"DEL01-SP";"UOP01-DEL01-SP"
286563;2020-05-26;"terça-feira";"21:30:00";"MT";158;795,3;"BARRA DO GARCAS";"Desobediência às normas de trânsito pelo condutor";"Colisão lateral";"Com Vítimas Feridas";"Plena Noite";"Crescente";"Nublado";"Simples";"Reta";"Sim";2;0;1;0;1;0;1;2;-15,86555884;-52,31773256;"SPRF-MT";"DEL07-MT";"UOP01-DEL07-MT"
286564;2020-05-26;"terça-feira";"18:00:00";"SC";116;3;"MAFRA";"Animais na Pista";"Atropelamento de Animal";"Com Vítimas Feridas";"Plena Noite";"Crescente";"Céu Claro";"Simples";"Reta";"Não";1;0;1;0;0;0;1;1;-26,13073161;-49,79922442;"SPRF-SC";"DEL06-SC";"UOP01-DEL06-SC"
286565;2020-05-26;"terça-feira";"18:50:00";"RS";290;306;"CACHOEIRA DO SUL";"Falta de Atenção à Condução";"Tombamento";"Com Vítimas Fatais";"Plena Noite";"Decrescente";"Céu Claro";"Simples";"Curva";"Não";2;1;0;0;0;1;0;2;-30,33882445;-53,27214718;"SPRF-RS";"DEL09-RS";"UOP02-DEL09-RS"
286566;2020-04-07;"terça-feira";"20:15:00";"PA";10;226,8;"IPIXUNA DO PARA";"Defeito na Via";"Danos eventuais";"Sem Vítimas";"Plena Noite";"Crescente";"Céu Claro";"Simples";"Reta";"Não";2;0;0;0;2;0;0;1;-2,451017;-47,5094508;"SPRF-PA";"DEL02-PA";"UOP01-DEL02-PA"
286568;2020-05-26;"terça-feira";"22:23:00";"RO";319;64;"PORTO VELHO";"Desobediência às normas de trânsito pelo pedestre";"Tombamento";"Com Vítimas Feridas";"Plena Noite";"Decrescente";"Céu Claro";"Dupla";"Reta";"Sim";2;0;0;1;1;0;1;2;-8,766685;-63,884052;"SPRF-RO";"DEL01-RO";"UOP01-DEL01-RO"
286569;2020-05-26;"terça-feira";"19:30:00";"PE";424;69;"CAETES";"Desobediência às normas de trânsito pelo condutor";"Colisão traseira";"Com Vítimas Feridas";"Plena Noite";"Decrescente";"Ignorado";"Simples";"Reta;Aclive";"Não";2;0;2;0;0;0;2;2;-8,782103;-36,616334;"SPRF-PE";"DEL03-PE";"UOP01-DEL03-PE"
286570;2020-05-26;"terça-feira";"23:20:00";"SC";101;209,8;"SAO JOSE";"Falta de Atenção à Condução";"Queda de ocupante de veículo";"Com Vítimas Feridas";"Plena Noite";"Decrescente";"Céu Claro";"Múltipla";"Reta";"Sim";1;0;1;0;0;0;1;1;-27,61096204;-48,63962352;"SPRF-SC";"DEL01-SC";"UOP01-DEL01-SC"
286572;2020-05-27;"quarta-feira";"01:10:00";"SP";116;157,2;"JACAREI";"Falta de Atenção do Pedestre";"Atropelamento de Pedestre";"Com Vítimas Fatais";"Plena Noite";"Decrescente";"Céu Claro";"Múltipla";"Reta";"Sim";2;1;0;0;1;0;0;2;-23,25558031;-45,9437828;"SPRF-SP";"DEL02-SP";"UOP01-DEL02-SP"
286576;2020-05-26;"terça-feira";"18:45:00";"CE";222;4;"CAUCAIA";"Falta de Atenção à Condução";"Colisão traseira";"Com Vítimas Feridas";"Plena Noite";"Decrescente";"Céu Claro";"Dupla";"Reta";"Sim";3;0;1;0;0;2;1;2;-3,74164754;-38,60449792;"SPRF-CE";"DEL01-CE";"UOP01-DEL01-CE"
286578;2020-05-26;"terça-feira";"22:30:00";"MG";267;264,6;"AIURUOCA";"Condutor Dormindo";"Saída de leito carroçável";"Com Vítimas Feridas";"Plena Noite";"Crescente";"Céu Claro";"Simples";"Reta";"Não";1;0;1;0;0;0;1;1;-21,93656018;-44,58468002;"SPRF-MG";"DEL17-MG";"UOP01-DEL17-MG"
286585;2020-05-27;"quarta-feira";"06:45:00";"PE";101;67,5;"RECIFE";"Falta de Atenção à Condução";"Colisão traseira";"Com Vítimas Feridas";"Pleno dia";"Crescente";"Céu Claro";"Dupla";"Reta";"Sim";2;0;0;1;0;1;1;2;-8,042334;-34,943096;"SPRF-PE";"DEL01-PE";"UOP01-DEL01-PE"
286586;2020-05-27;"quarta-feira";"05:20:00";"SC";101;38,9;"JOINVILLE";"Ingestão de Álcool";"Colisão com objeto estático";"Sem Vítimas";"Plena Noite";"Crescente";"Céu Claro";"Múltipla";"Reta";"Sim";1;0;0;0;1;0;0;1;-26,29926309;-48,88435364;"SPRF-SC";"DEL03-SC";"UOP01-DEL03-SC"
286589;2020-05-27;"quarta-feira";"06:31:00";"RJ";116;169;"RIO DE JANEIRO";"Falta de Atenção à Condução";"Queda de ocupante de veículo";"Com Vítimas Feridas";"Amanhecer";"Decrescente";"Sol";"Dupla";"Reta";"Sim";1;0;1;0;0;0;1;1;-22,816206;-43,324463;"SPRF-RJ";"DEL01-RJ";"UOP02-DEL01-RJ"
286591;2020-05-27;"quarta-feira";"07:00:00";"RN";101;94;"NATAL";"Falta de Atenção à Condução";"Colisão traseira";"Com Vítimas Feridas";"Pleno dia";"Decrescente";"Céu Claro";"Dupla";"Reta";"Sim";2;0;0;1;1;0;1;2;-5,83176615;-35,21191342;"SPRF-RN";"DEL01-RN";"UOP01-DEL01-RN"
286592;2020-05-27;"quarta-feira";"07:30:00";"DF";20;12;"BRASILIA";"Falta de Atenção à Condução";"Engavetamento";"Com Vítimas Feridas";"Pleno dia";"Decrescente";"Sol";"Dupla";"Reta";"Não";5;0;1;0;4;0;1;4;-15,642812;-47,757786;"SPRF-DF";"DEL02-DF";"UOP01-DEL02-DF"
286593;2020-05-27;"quarta-feira";"07:40:00";"PB";230;16;"JOAO PESSOA";"Não guardar distância de segurança";"Colisão traseira";"Com Vítimas Feridas";"Pleno dia";"Decrescente";"Céu Claro";"Dupla";"Reta";"Sim";2;0;1;0;1;0;1;2;-7,1039;-34,8458;"SPRF-PB";"DEL01-PB";"UOP01-DEL01-PB"
286594;2020-05-27;"quarta-feira";"07:30:00";"DF";20;52;"BRASILIA";"Velocidade Incompatível";"Saída de leito carroçável";"Com Vítimas Feridas";"Pleno dia";"Crescente";"Céu Claro";"Dupla";"Retorno Regulamentado";"Não";1;0;1;0;0;0;1;1;-15,580098;-47,403366;"SPRF-DF";"DEL02-DF";"UOP01-DEL02-DF"
286595;2020-05-27;"quarta-feira";"07:30:00";"PR";376;179,1;"MARINGA";"Falta de Atenção à Condução";"Colisão lateral";"Sem Vítimas";"Pleno dia";"Decrescente";"Céu Claro";"Dupla";"Reta";"Sim";2;0;0;0;2;0;0;2;-23,42244278;-51,90360392;"SPRF-PR";"DEL09-PR";"UOP01-DEL09-PR"
286597;2020-05-27;"quarta-feira";"05:45:00";"SC";282;32,7;"AGUAS MORNAS";"Condutor Dormindo";"Capotamento";"Sem Vítimas";"Amanhecer";"Decrescente";"Céu Claro";"Simples";"Curva";"Não";1;0;0;0;0;1;0;1;-27,68385743;-49,00485422;"SPRF-SC";"DEL01-SC";"UOP03-DEL01-SC"
286598;2020-05-27;"quarta-feira";"07:25:00";"PR";116;121;"CURITIBA";"Desobediência às normas de trânsito pelo condutor";"Tombamento";"Com Vítimas Feridas";"Pleno dia";"Crescente";"Céu Claro";"Dupla";"Reta";"Não";1;0;1;0;0;0;1;1;-25,5599323;-49,30743945;"SPRF-PR";"DEL01-PR";"UOP03-DEL01-PR"
286599;2020-05-27;"quarta-feira";"07:35:00";"SC";101;210,5;"SAO JOSE";"Falta de Atenção à Condução";"Colisão transversal";"Com Vítimas Feridas";"Pleno dia";"Decrescente";"Céu Claro";"Dupla";"Reta";"Sim";2;0;1;0;1;0;1;2;-27,6167305;-48,6457265;"SPRF-SC";"DEL01-SC";"UOP01-DEL01-SC"
286600;2020-05-27;"quarta-feira";"07:50:00";"PR";476;131;"CURITIBA";"Falta de Atenção à Condução";"Colisão traseira";"Com Vítimas Feridas";"Pleno dia";"Decrescente";"Céu Claro";"Dupla";"Reta";"Sim";2;0;1;0;1;0;1;2;-25,453636;-49,245155;"SPRF-PR";"DEL01-PR";"UOP07-DEL01-PR"
286601;2020-05-27;"quarta-feira";"07:34:00";"MG";381;477,5;"CONTAGEM";"Falta de Atenção à Condução";"Colisão traseira";"Com Vítimas Feridas";"Pleno dia";"Decrescente";"Céu Claro";"Dupla";"Reta";"Sim";5;0;1;0;4;0;1;2;-19,95854549;-44,03146505;"SPRF-MG";"DEL01-MG";"UOP03-DEL01-MG"
286602;2020-05-27;"quarta-feira";"07:30:00";"RJ";101;323,2;"NITEROI";"Falta de Atenção à Condução";"Colisão traseira";"Com Vítimas Feridas";"Pleno dia";"Crescente";"Céu Claro";"Múltipla";"Reta";"Sim";3;0;2;0;1;0;2;2;-22,87684786;-43,11728689;"SPRF-RJ";"DEL02-RJ";"UOP01-DEL02-RJ"
286603;2020-05-27;"quarta-feira";"07:00:00";"MG";381;526;"BRUMADINHO";"Falta de Atenção à Condução";"Colisão com objeto estático";"Sem Vítimas";"Pleno dia";"Crescente";"Nevoeiro/Neblina";"Dupla";"Curva";"Não";1;0;0;0;1;0;0;1;-20,16175378;-44,34144636;"SPRF-MG";"DEL04-MG";"UOP03-DEL04-MG"
286606;2020-05-27;"quarta-feira";"07:10:00";"MA";135;2,5;"SAO LUIS";"Falta de Atenção à Condução";"Tombamento";"Com Vítimas Feridas";"Pleno dia";"Crescente";"Céu Claro";"Dupla";"Curva";"Sim";1;0;1;0;0;0;1;1;-2,59806699;-44,24573511;"SPRF-MA";"DEL01-MA";"UOP01-DEL01-MA"
286608;2020-05-27;"quarta-feira";"07:35:00";"PR";369;184,8;"ARAPONGAS";"Falta de Atenção à Condução";"Colisão transversal";"Com Vítimas Feridas";"Pleno dia";"Decrescente";"Céu Claro";"Simples";"Reta";"Sim";2;0;0;1;1;0;1;2;-23,40803192;-51,42793603;"SPRF-PR";"DEL07-PR";"UOP03-DEL07-PR"
286611;2020-05-27;"quarta-feira";"07:05:00";"RJ";101;326;"NITEROI";"Desobediência às normas de trânsito pelo condutor";"Engavetamento";"Com Vítimas Feridas";"Pleno dia";"Decrescente";"Sol";"Dupla";"Reta";"Não";6;0;2;0;4;0;2;5;-22,87206203;-43,146105;"SPRF-RJ";"DEL02-RJ";"UOP01-DEL02-RJ"
286612;2020-05-27;"quarta-feira";"09:35:00";"GO";20;202,1;"POSSE";"Falta de Atenção à Condução";"Colisão lateral";"Com Vítimas Fatais";"Pleno dia";"Crescente";"Céu Claro";"Simples";"Reta";"Não";7;2;3;1;1;0;4;3;-14,298611;-46,444744;"SPRF-DF";"DEL02-DF";"UOP03-DEL02-DF"
286613;2020-05-27;"quarta-feira";"09:40:00";"PR";369;190,2;"ARAPONGAS";"Desobediência às normas de trânsito pelo condutor";"Colisão traseira";"Com Vítimas Feridas";"Pleno dia";"Crescente";"Céu Claro";"Dupla";"Reta";"Não";2;0;0;1;1;0;1;2;-23,46751034;-51,42358374;"SPRF-PR";"DEL07-PR";"UOP03-DEL07-PR"
286614;2020-05-27;"quarta-feira";"09:30:00";"PA";316;32;"SANTA IZABEL DO PARA";"Defeito na Via";"Colisão lateral";"Com Vítimas Feridas";"Pleno dia";"Decrescente";"Céu Claro";"Dupla";"Reta";"Não";5;0;2;0;3;0;2;2;-1,29833956;-48,18889696;"SPRF-PA";"DEL01-PA";"UOP01-DEL01-PA"
286615;2020-05-27;"quarta-feira";"09:48:00";"PR";376;600;"CURITIBA";"Falta de Atenção à Condução";"Colisão traseira";"Com Vítimas Feridas";"Pleno dia";"Crescente";"Céu Claro";"Dupla";"Reta";"Não";2;0;2;0;0;0;2;2;-25,53195602;-49,32205901;"SPRF-PR";"DEL01-PR";"UOP06-DEL01-PR"
286616;2020-05-27;"quarta-feira";"10:25:00";"RJ";101;72;"CAMPOS DOS GOYTACAZES";"Defeito Mecânico no Veículo";"Queda de ocupante de veículo";"Com Vítimas Feridas";"Pleno dia";"Crescente";"Céu Claro";"Simples";"Reta";"Não";2;0;2;0;0;0;2;1;-21,79172802;-41,38837798;"SPRF-RJ";"DEL08-RJ";"UOP02-DEL08-RJ"
286618;2020-05-27;"quarta-feira";"10:20:00";"MG";364;29,8;"FRUTAL";"Não guardar distância de segurança";"Colisão traseira";"Com Vítimas Feridas";"Pleno dia";"Crescente";"Céu Claro";"Simples";"Reta";"Sim";2;0;2;0;0;0;2;2;-20,01594;-48,91372;"SPRF-MG";"DEL13-MG";"UOP02-DEL13-MG"
286620;2020-05-27;"quarta-feira";"10:30:00";"RJ";40;98;"DUQUE DE CAXIAS";"Falta de Atenção à Condução";"Capotamento";"Com Vítimas Feridas";"Pleno dia";"Crescente";"Céu Claro";"Dupla";"Reta";"Sim";2;0;0;2;0;0;2;1;-22,57773682;-43,27329036;"SPRF-RJ";"DEL01-RJ";"UOP01-DEL01-RJ"
286622;2020-05-27;"quarta-feira";"08:00:00";"SC";470;146,3;"RIO DO SUL";"Defeito Mecânico no Veículo";"Incêndio";"Sem Vítimas";"Pleno dia";"Crescente";"Sol";"Simples";"Reta";"Não";1;0;0;0;1;0;0;1;-27,240673;-49,685822;"SPRF-SC";"DEL04-SC";"UOP02-DEL04-SC"
286623;2020-05-27;"quarta-feira";"11:10:00";"RO";435;85,1;"COLORADO DO OESTE";"Desobediência às normas de trânsito pelo condutor";"Colisão transversal";"Com Vítimas Feridas";"Pleno dia";"Crescente";"Céu Claro";"Simples";"Reta";"Sim";2;0;1;1;0;0;2;2;-13,12038956;-60,54091584;"SPRF-RO";"DEL04-RO";"UOP02-DEL04-RO"
286624;2020-05-27;"quarta-feira";"10:40:00";"MG";381;542;"ITATIAIUCU";"Ingestão de Substâncias Psicoativas";"Saída de leito carroçável";"Com Vítimas Feridas";"Pleno dia";"Crescente";"Céu Claro";"Dupla";"Curva;Declive";"Não";3;0;1;0;0;2;1;2;-20,26492509;-44,42256682;"SPRF-MG";"DEL04-MG";"UOP03-DEL04-MG"
286628;2020-05-27;"quarta-feira";"10:30:00";"MG";116;415;"GOVERNADOR VALADARES";"Velocidade Incompatível";"Colisão traseira";"Com Vítimas Feridas";"Pleno dia";"Crescente";"Céu Claro";"Simples";"Reta";"Sim";2;0;1;0;1;0;1;2;-18,88401297;-41,94924399;"SPRF-MG";"DEL06-MG";"UOP01-DEL06-MG"
286629;2020-05-27;"quarta-feira";"11:50:00";"ES";262;6,5;"CARIACICA";"Falta de Atenção à Condução";"Colisão traseira";"Com Vítimas Feridas";"Pleno dia";"Crescente";"Céu Claro";"Múltipla";"Reta";"Sim";2;0;1;0;1;0;1;2;-20,34007493;-40,39451305;"SPRF-ES";"DEL01-ES";"UOP01-DEL01-ES"
286631;2020-05-27;"quarta-feira";"07:10:00";"RO";364;733,7;"PORTO VELHO";"Não guardar distância de segurança";"Colisão traseira";"Sem Vítimas";"Pleno dia";"Decrescente";"Céu Claro";"Simples";"Reta";"Não";2;0;0;0;1;1;0;2;-8,92046401;-63,96916499;"SPRF-RO";"DEL01-RO";"UOP02-DEL01-RO"
286635;2020-05-27;"quarta-feira";"11:00:00";"PR";376;177,5;"MARINGA";"Animais na Pista";"Atropelamento de Animal";"Com Vítimas Feridas";"Pleno dia";"Crescente";"Céu Claro";"Dupla";"Reta";"Sim";1;0;1;0;0;0;1;1;-23,41595855;-51,92226484;"SPRF-PR";"DEL09-PR";"UOP01-DEL09-PR"
286637;2020-05-27;"quarta-feira";"14:00:00";"AL";101;48;"FLEXEIRAS";"Falta de Atenção à Condução";"Saída de leito carroçável";"Com Vítimas Feridas";"Pleno dia";"Decrescente";"Céu Claro";"Dupla";"Curva";"Não";2;0;1;0;1;0;1;1;-9,22279792;-35,77608338;"SPRF-AL";"DEL01-AL";"UOP02-DEL01-AL"
286639;2020-05-17;"domingo";"10:00:00";"MG";116;335,9;"CAMPANARIO";"Falta de Atenção à Condução";"Colisão transversal";"Com Vítimas Feridas";"Pleno dia";"Crescente";"Céu Claro";"Simples";"Reta";"Não";6;0;2;1;3;0;3;2;-18,27712999;-41,74436302;"SPRF-MG";"DEL11-MG";"UOP01-DEL11-MG"