"id";"data_inversa";"dia_semana";"horario";"uf";"br";"km";"municipio";"causa_acidente";"tipo_acidente";"classificacao_acidente";"fase_dia";"sentido_via";"condicao_metereologica";"tipo_pista";"tracado_via";"uso_solo";"pessoas";"mortos";"feridos_leves";"feridos_graves";"ilesos";"ignorados";"feridos";"veiculos";"latitude";"longitude";"regional";"delegacia";"uop"
286768;2020-05-28;"quinta-feira";"07:25:00";"PR";277;584;"CASCAVEL";"Desobediência às normas de trânsito pelo condutor";"Colisão traseira";"Com Vítimas Feridas";"Pleno dia";"Decrescente";"Céu Claro";"Dupla";"Reta";"Sim";2;0;1;0;1;0;1;2;-24,96684176;-53,40258186;"SPRF-PR";"DEL04-PR";"UOP01-DEL04-PR"
286771;2020-05-28;"quinta-feira";"07:45:00";"MS";163;274;"DOURADOS";"Desobediência às normas de trânsito pelo condutor";"Colisão transversal";"Com Vítimas Feridas";"Pleno dia";"Crescente";"Céu Claro";"Dupla";"Reta";"Não";3;0;2;0;1;0;2;2;-22,17241744;-54,66344266;"SPRF-MS";"DEL04-MS";"UOP01-DEL04-MS"
286772;2020-05-28;"quinta-feira";"07:50:00";"SC";101;209;"SAO JOSE";"Falta de Atenção à Condução";"Colisão traseira";"Com Vítimas Feridas";"Pleno dia";"Decrescente";"Céu Claro";"Dupla";"Reta";"Sim";2;0;1;0;1;0;1;2;-27,61000542;-48,63895057;"SPRF-SC";"DEL01-SC";"UOP01-DEL01-SC"
286773;2020-05-28;"quinta-feira";"08:20:00";"PR";476;140,8;"CURITIBA";"Falta de Atenção à Condução";"Colisão lateral";"Com Vítimas Feridas";"Pleno dia";"Decrescente";"Sol";"Dupla";"Reta";"Sim";3;0;0;1;2;0;1;3;-25,520693;-49,294121;"SPRF-PR";"DEL01-PR";"UOP03-DEL01-PR"
286776;2020-05-28;"quinta-feira";"08:00:00";"MG";40;524;"CONTAGEM";"Falta de Atenção à Condução";"Colisão traseira";"Com Vítimas Feridas";"Pleno dia";"Crescente";"Céu Claro";"Dupla";"Reta";"Sim";2;0;1;0;1;0;1;2;-19,8754469;-44,05345586;"SPRF-MG";"DEL01-MG";"UOP02-DEL01-MG"
286777;2020-04-30;"quinta-feira";"07:30:00";"MT";70;532;"VARZEA GRANDE";"Desobediência às normas de trânsito pelo condutor";"Colisão frontal";"Com Vítimas Fatais";"Pleno dia";"Crescente";"Céu Claro";"Simples";"Reta";"Não";2;1;0;0;1;0;0;2;-15,67613;-56,257137;"SPRF-MT";"DEL01-MT";"UOP02-DEL01-MT"
286778;2020-05-28;"quinta-feira";"06:00:00";"RJ";116;199;"QUEIMADOS";"Falta de Atenção à Condução";"Saída de leito carroçável";"Com Vítimas Feridas";"Pleno dia";"Decrescente";"Céu Claro";"Múltipla";"Rotatória";"Sim";2;0;1;0;1;0;1;1;-22,72898648;-43,58452101;"SPRF-RJ";"DEL01-RJ";"UOP03-DEL01-RJ"
286780;2020-05-07;"quinta-feira";"08:00:00";"PR";476;129;"CURITIBA";"Falta de Atenção à Condução";"Colisão lateral";"Com Vítimas Feridas";"Pleno dia";"Crescente";"Ignorado";"Múltipla";"Reta;Viaduto";"Sim";2;0;1;0;1;0;1;2;-25,440983;-49,233715;"SPRF-PR";"DEL01-PR";"UOP07-DEL01-PR"
286781;2020-05-08;"sexta-feira";"12:50:00";"PR";369;479,4;"CORBELIA";"Mal Súbito";"Saída de leito carroçável";"Com Vítimas Feridas";"Pleno dia";"Decrescente";"Céu Claro";"Simples";"Interseção de Vias";"Não";3;0;0;1;0;2;1;2;-24,63845699;-53,20835352;"SPRF-PR";"DEL04-PR";"UOP03-DEL04-PR"
286782;2020-04-23;"quinta-feira";"19:00:00";"MT";70;737;"CACERES";"Falta de Atenção do Pedestre";"Atropelamento de Pedestre";"Com Vítimas Fatais";"Plena Noite";"Crescente";"Céu Claro";"Simples";"Reta";"Sim";2;1;0;0;1;0;0;2;-16,12032117;-57,66400123;"SPRF-MT";"DEL03-MT";"UOP01-DEL03-MT"
286784;2020-05-28;"quinta-feira";"09:45:00";"ES";101;146;"LINHARES";"Falta de Atenção à Condução";"Colisão traseira";"Com Vítimas Feridas";"Pleno dia";"Crescente";"Céu Claro";"Múltipla";"Reta";"Não";2;0;1;0;1;0;1;2;-19,36990998;-40,06560718;"SPRF-ES";"DEL04-ES";"UOP01-DEL04-ES"
286785;2020-05-28;"quinta-feira";"09:35:00";"SC";101;213,2;"PALHOCA";"Não guardar distância de segurança";"Colisão lateral";"Com Vítimas Feridas";"Pleno dia";"Decrescente";"Céu Claro";"Múltipla";"Reta";"Sim";3;0;0;1;2;0;1;3;-27,63697369;-48,66514142;"SPRF-SC";"DEL01-SC";"UOP02-DEL01-SC"
286789;2020-05-01;"sexta-feira";"21:30:00";"PR";476;245;"LAPA";"Ingestão de Álcool";"Capotamento";"Sem Vítimas";"Plena Noite";"Decrescente";"Céu Claro";"Simples";"Curva";"Não";1;0;0;0;1;0;0;1;-25,862598;-50,114258;"SPRF-PR";"DEL02-PR";"UOP04-DEL02-PR"
286790;2020-01-12;"domingo";"22:50:00";"PI";343;593,9;"FLORIANO";"Ingestão de Álcool";"Atropelamento de Pedestre";"Com Vítimas Feridas";"Plena Noite";"Crescente";"Céu Claro";"Simples";"Reta";"Sim";2;0;1;0;1;0;1;2;-6,781913;-43,038273;"SPRF-PI";"DEL03-PI";"UOP01-DEL03-PI"
286792;2020-05-28;"quinta-feira";"09:35:00";"PR";476;106,6;"COLOMBO";"Avarias e/ou desgaste excessivo no pneu";"Saída de leito carroçável";"Com Vítimas Feridas";"Pleno dia";"Decrescente";"Céu Claro";"Simples";"Reta;Declive";"Não";2;0;2;0;0;0;2;1;-25,285248;-49,14677;"SPRF-PR";"DEL01-PR";"UOP07-DEL01-PR"
286794;2020-05-28;"quinta-feira";"09:50:00";"RS";158;197,3;"CRUZ ALTA";"Falta de Atenção à Condução";"Colisão transversal";"Com Vítimas Feridas";"Pleno dia";"Crescente";"Sol";"Simples";"Reta";"Sim";2;0;2;0;0;0;2;2;-28,65940526;-53,59096461;"SPRF-RS";"DEL10-RS";"UOP02-DEL10-RS"
286797;2020-05-28;"quinta-feira";"11:30:00";"PB";101;100,2;"ALHANDRA";"Sinalização da via insuficiente ou inadequada";"Colisão frontal";"Com Vítimas Feridas";"Pleno dia";"Crescente";"Céu Claro";"Dupla";"Reta";"Não";3;0;0;1;2;0;1;3;-7,26556502;-34,93697405;"SPRF-PB";"DEL01-PB";"UOP01-DEL01-PB"
286799;2020-05-28;"quinta-feira";"12:00:00";"SE";235;4;"NOSSA SENHORA DO SOCORRO";"Pista Escorregadia";"Tombamento";"Com Vítimas Feridas";"Pleno dia";"Decrescente";"Nublado";"Dupla";"Declive";"Sim";1;0;1;0;0;0;1;1;-10,9064;-37,1197;"SPRF-SE";"DEL01-SE";"UOP01-DEL01-SE"
286800;2020-05-28;"quinta-feira";"11:20:00";"DF";20;7;"BRASILIA";"Falta de Atenção à Condução";"Colisão transversal";"Com Vítimas Feridas";"Pleno dia";"Decrescente";"Céu Claro";"Múltipla";"Declive";"Sim";2;0;1;0;1;0;1;2;-15,662208;-47,799866;"SPRF-DF";"DEL02-DF";"UOP01-DEL02-DF"
286802;2020-05-28;"quinta-feira";"11:50:00";"PR";116;67;"CAMPINA GRANDE DO SUL";"Falta de Atenção à Condução";"Queda de ocupante de veículo";"Com Vítimas Feridas";"Pleno dia";"Decrescente";"Sol";"Simples";"Reta";"Não";2;0;2;0;0;0;2;1;-25,31679789;-49,01854527;"SPRF-PR";"DEL01-PR";"UOP01-DEL01-PR"
286805;2020-05-28;"quinta-feira";"10:30:00";"MG";262;37;"MANHUACU";"Falta de Atenção à Condução";"Colisão traseira";"Com Vítimas Feridas";"Pleno dia";"Crescente";"Céu Claro";"Simples";"Reta";"Sim";3;0;1;0;1;1;1;3;-20,25748975;-42,03048732;"SPRF-MG";"DEL06-MG";"UOP03-DEL06-MG"
286806;2020-05-28;"quinta-feira";"13:30:00";"PR";158;538,1;"PATO BRANCO";"Falta de Atenção à Condução";"Colisão transversal";"Sem Vítimas";"Pleno dia";"Decrescente";"Sol";"Simples";"Curva";"Sim";3;0;0;0;3;0;0;2;-26,25603095;-52,70878155;"SPRF-PR";"DEL02-PR";"UOP01-DEL02-PR"
286809;2020-04-24;"sexta-feira";"18:35:00";"ES";101;260;"SERRA";"Falta de Atenção à Condução";"Queda de ocupante de veículo";"Com Vítimas Feridas";"Plena Noite";"Crescente";"Ignorado";"Simples";"Curva";"Não";2;0;0;1;0;1;1;2;-20,14764922;-40,28073639;"SPRF-ES";"DEL02-ES";"UOP01-DEL02-ES"
286811;2020-05-28;"quinta-feira";"13:45:00";"CE";222;18;"CAUCAIA";"Ultrapassagem Indevida";"Colisão lateral";"Com Vítimas Feridas";"Pleno dia";"Crescente";"Céu Claro";"Simples";"Reta";"Não";2;0;0;1;0;1;1;2;-3,74536;-38,72674;"SPRF-CE";"DEL01-CE";"UOP01-DEL01-CE"
286813;2020-05-28;"quinta-feira";"11:30:00";"MT";163;978;"TERRA NOVA DO NORTE";"Desobediência às normas de trânsito pelo condutor";"Colisão transversal";"Com Vítimas Feridas";"Pleno dia";"Crescente";"Céu Claro";"Simples";"Rotatória";"Sim";3;0;0;2;1;0;2;2;-10,7817228;-55,1584665;"SPRF-MT";"DEL06-MT";"NPF/DEL06-MT"
286814;2020-05-28;"quinta-feira";"10:31:00";"MT";163;822;"SINOP";"Falta de Atenção à Condução";"Queda de ocupante de veículo";"Com Vítimas Feridas";"Pleno dia";"Crescente";"Céu Claro";"Dupla";"Aclive;Reta";"Sim";1;0;0;1;0;0;1;1;-11,96898378;-55,51695228;"SPRF-MT";"DEL06-MT";"UOP01-DEL06-MT"
286815;2020-05-28;"quinta-feira";"14:30:00";"SP";116;222;"GUARULHOS";"Desobediência às normas de trânsito pelo condutor";"Colisão lateral";"Com Vítimas Feridas";"Pleno dia";"Crescente";"Sol";"Múltipla";"Reta";"Sim";2;0;1;0;1;0;1;2;-23,47093408;-46,51631097;"SPRF-SP";"DEL01-SP";"UOP01-DEL01-SP"
286816;2020-05-28;"quinta-feira";"14:45:00";"SP";116;223;"GUARULHOS";"Desobediência às normas de trânsito pelo condutor";"Colisão lateral";"Com Vítimas Feridas";"Pleno dia";"Crescente";"Céu Claro";"Múltipla";"Reta";"Sim";2;0;1;0;1;0;1;2;-23,47559815;-46,5246609;"SPRF-SP";"DEL01-SP";"UOP01-DEL01-SP"
286817;2020-05-28;"quinta-feira";"12:30:00";"SE";101;9;"CEDRO DE SAO JOAO";"Velocidade Incompatível";"Capotamento";"Com Vítimas Feridas";"Pleno dia";"Decrescente";"Céu Claro";"Dupla";"Reta";"Não";3;0;2;0;1;0;2;1;-10,27168159;-36,8698989;"SPRF-SE";"DEL02-SE";"UOP02-DEL02-SE"
286819;2020-05-26;"terça-feira";"04:50:00";"RO";364;353;"JI-PARANA";"Defeito na Via";"Queda de ocupante de veículo";"Com Vítimas Feridas";"Plena Noite";"Crescente";"Céu Claro";"Simples";"Em Obras;Reta";"Sim";1;0;1;0;0;0;1;1;-10,82470302;-62,01461304;"SPRF-RO";"DEL02-RO";"UOP01-DEL02-RO"
286820;2020-05-28;"quinta-feira";"15:15:00";"RS";386;34;"FREDERICO WESTPHALEN";"Desobediência às normas de trânsito pelo condutor";"Colisão transversal";"Com Vítimas Feridas";"Pleno dia";"Decrescente";"Céu Claro";"Simples";"Rotatória";"Sim";3;0;1;1;1;0;2;2;-27,358442;-53,388298;"SPRF-RS";"DEL08-RS";"UOP02-DEL08-RS"
286821;2020-05-28;"quinta-feira";"11:30:00";"RR";174;355;"CARACARAI";"Falta de Atenção do Pedestre";"Atropelamento de Pedestre";"Com Vítimas Feridas";"Pleno dia";"Decrescente";"Chuva";"Simples";"Declive";"Não";2;0;0;1;1;0;1;2;1,736307;-61,138508;"SPRF-RR";"DEL01-RR";"UOP01-DEL01-RR"
286826;2020-05-16;"sábado";"23:00:00";"PI";343;345,7;"TERESINA";"Desobediência às normas de trânsito pelo condutor";"Tombamento";"Com Vítimas Feridas";"Plena Noite";"Crescente";"Ignorado";"Simples";"Reta";"Sim";2;0;1;0;1;0;1;2;-5,0567244;-42,684261;"SPRF-PI";"DEL01-PI";"UOP01-DEL01-PI"
286827;2020-05-28;"quinta-feira";"15:15:00";"RN";304;305;"PARNAMIRIM";"Desobediência às normas de trânsito pelo condutor";"Colisão transversal";"Com Vítimas Feridas";"Pleno dia";"Decrescente";"Céu Claro";"Dupla";"Retorno Regulamentado";"Sim";2;0;1;0;1;0;1;2;-5,8876927;-35,2721949;"SPRF-RN";"DEL01-RN";"UOP02-DEL01-RN"
286830;2020-05-28;"quinta-feira";"15:25:00";"RS";116;525;"PELOTAS";"Falta de Atenção à Condução";"Colisão transversal";"Com Vítimas Feridas";"Pleno dia";"Decrescente";"Céu Claro";"Simples";"Interseção de Vias";"Não";2;0;1;0;1;0;1;2;-31,7359522;-52,39349776;"SPRF-RS";"DEL07-RS";"UOP01-DEL07-RS"
286831;2020-05-28;"quinta-feira";"16:00:00";"MG";40;628,3;"CONSELHEIRO LAFAIETE";"Desobediência às normas de trânsito pelo condutor";"Colisão transversal";"Com Vítimas Feridas";"Pleno dia";"Crescente";"Céu Claro";"Simples";"Reta";"Sim";2;0;2;0;0;0;2;2;-20,64733523;-43,80980286;"SPRF-MG";"DEL05-MG";"UOP02-DEL05-MG"
286833;2020-05-28;"quinta-feira";"16:15:00";"ES";101;66;"SAO MATEUS";"Falta de Atenção à Condução";"Colisão transversal";"Com Vítimas Feridas";"Pleno dia";"Crescente";"Céu Claro";"Simples";"Reta";"Sim";3;0;1;0;2;0;1;2;-18,7165195;-39,87436378;"SPRF-ES";"DEL04-ES";"UOP02-DEL04-ES"
286834;2020-05-28;"quinta-feira";"13:35:00";"RO";174;15;"VILHENA";"Desobediência às normas de trânsito pelo condutor";"Colisão transversal";"Com Vítimas Feridas";"Pleno dia";"Decrescente";"Céu Claro";"Simples";"Interseção de Vias";"Sim";4;0;2;0;2;0;2;2;-12,72618895;-60,12866735;"SPRF-RO";"DEL04-RO";"UOP01-DEL04-RO"
286836;2020-03-10;"terça-feira";"07:30:00";"SC";280;58,3;"GUARAMIRIM";"Não guardar distância de segurança";"Colisão traseira";"Com Vítimas Feridas";"Pleno dia";"Decrescente";"Céu Claro";"Simples";"Reta";"Sim";2;0;1;0;1;0;1;2;-26,47415593;-49,021211;"SPRF-SC";"DEL03-SC";"UOP03-DEL03-SC"
286837;2020-05-28;"quinta-feira";"16:00:00";"PR";376;179;"MARINGA";"Desobediência às normas de trânsito pelo condutor";"Colisão transversal";"Com Vítimas Feridas";"Pleno dia";"Crescente";"Sol";"Dupla";"Reta";"Sim";2;0;1;0;1;0;1;2;-23,42244278;-51,90360392;"SPRF-PR";"DEL09-PR";"UOP01-DEL09-PR"
286840;2020-05-28;"quinta-feira";"16:45:00";"PR";277;84;"CURITIBA";"Falta de Atenção à Condução";"Colisão traseira";"Com Vítimas Feridas";"Pleno dia";"Crescente";"Sol";"Dupla";"Viaduto;Reta;Aclive";"Sim";2;0;0;1;1;0;1;2;-25,44505196;-49,23221696;"SPRF-PR";"DEL01-PR";"UOP06-DEL01-PR"
286842;2020-05-28;"quinta-feira";"16:30:00";"MG";116;416;"GOVERNADOR VALADARES";"Falta de Atenção à Condução";"Colisão transversal";"Com Vítimas Feridas";"Pleno dia";"Crescente";"Céu Claro";"Dupla";"Reta";"Sim";2;0;2;0;0;0;2;2;-18,89215187;-41,94699543;"SPRF-MG";"DEL06-MG";"UOP01-DEL06-MG"
286843;2020-05-28;"quinta-feira";"16:40:00";"ES";101;265,6;"SERRA";"Falta de Atenção à Condução";"Colisão lateral";"Com Vítimas Feridas";"Anoitecer";"Decrescente";"Céu Claro";"Múltipla";"Reta";"Sim";2;0;0;1;1;0;1;2;-20,18839925;-40,26823109;"SPRF-ES";"DEL02-ES";"UOP01-DEL02-ES"
286844;2020-05-28;"quinta-feira";"16:40:00";"RS";116;264;"CANOAS";"Falta de Atenção à Condução";"Colisão traseira";"Com Vítimas Feridas";"Anoitecer";"Decrescente";"Céu Claro";"Dupla";"Reta";"Sim";2;0;1;0;1;0;1;2;-29,914435;-51,17754495;"SPRF-RS";"DEL01-RS";"UOP01-DEL01-RS"
286845;2020-05-28;"quinta-feira";"17:00:00";"GO";40;12,8;"LUZIANIA";"Falta de Atenção à Condução";"Colisão lateral";"Com Vítimas Feridas";"Pleno dia";"Crescente";"Céu Claro";"Dupla";"Reta";"Sim";1;0;1;0;0;0;1;1;-16,145123;-47,945382;"SPRF-DF";"DEL01-DF";"UOP01-DEL01-DF"
286846;2020-05-27;"quarta-feira";"20:10:00";"RS";392;240;"CACAPAVA DO SUL";"Ingestão de Álcool";"Saída de leito carroçável";"Com Vítimas Fatais";"Plena Noite";"Crescente";"Céu Claro";"Simples";"Reta";"Não";1;1;0;0;0;0;0;1;-30,61155836;-53,36236416;"SPRF-RS";"DEL09-RS";"UOP02-DEL09-RS"
286847;2020-05-04;"segunda-feira";"07:00:00";"PR";369;520;"CASCAVEL";"Falta de Atenção à Condução";"Colisão transversal";"Com Vítimas Feridas";"Pleno dia";"Decrescente";"Céu Claro";"Simples";"Reta";"Não";2;0;1;0;1;0;1;2;-24,9838016;-53,3730088;"SPRF-PR";"DEL04-PR";"UOP01-DEL04-PR"
286848;2020-05-28;"quinta-feira";"16:50:00";"RS";470;217,7;"BENTO GONCALVES";"Falta de Atenção à Condução";"Colisão transversal";"Com Vítimas Feridas";"Pleno dia";"Decrescente";"Céu Claro";"Simples";"Retorno Regulamentado";"Sim";2;0;1;0;1;0;1;2;-29,16462512;-51,52551964;"SPRF-RS";"DEL06-RS";"UOP01-DEL06-RS"
286849;2020-05-28;"quinta-feira";"17:30:00";"ES";101;299;"VIANA";"Animais na Pista";"Atropelamento de Animal";"Com Vítimas Feridas";"Anoitecer";"Decrescente";"Céu Claro";"Múltipla";"Reta";"Sim";1;0;1;0;0;0;1;1;-20,35841798;-40,4254818;"SPRF-ES";"DEL01-ES";"UOP01-DEL01-ES"
286850;2020-05-28;"quinta-feira";"18:00:00";"PE";101;55,3;"PAULISTA";"Falta de Atenção à Condução";"Colisão transversal";"Com Vítimas Feridas";"Plena Noite";"Decrescente";"Nublado";"Dupla";"Reta";"Sim";2;0;1;0;1;0;1;2;-7,94806621;-34,9062148;"SPRF-PE";"DEL01-PE";"UOP02-DEL01-PE"
286851;2020-05-28;"quinta-feira";"17:40:00";"RS";386;33,7;"FREDERICO WESTPHALEN";"Velocidade Incompatível";"Colisão frontal";"Com Vítimas Fatais";"Anoitecer";"Decrescente";"Céu Claro";"Simples";"Aclive";"Não";3;1;1;0;1;0;1;2;-27,349504;-53,386337;"SPRF-RS";"DEL08-RS";"UOP02-DEL08-RS"
286852;2020-05-28;"quinta-feira";"14:50:00";"RJ";101;67;"CAMPOS DOS GOYTACAZES";"Falta de Atenção à Condução";"Colisão transversal";"Com Vítimas Feridas";"Pleno dia";"Crescente";"Nublado";"Simples";"Interseção de Vias";"Sim";2;0;1;0;1;0;1;2;-21,76799459;-41,34973347;"SPRF-RJ";"DEL08-RJ";"UOP02-DEL08-RJ"
286855;2020-05-28;"quinta-feira";"17:20:00";"RN";101;77;"NATAL";"Ingestão de Álcool";"Colisão transversal";"Com Vítimas Feridas";"Plena Noite";"Decrescente";"Céu Claro";"Dupla";"Interseção de Vias";"Sim";2;0;1;0;1;0;1;2;-5,73552522;-35,29087099;"SPRF-RN";"DEL02-RN";"UOP01-DEL02-RN"
286856;2020-05-28;"quinta-feira";"18:30:00";"PE";101;44,6;"IGARASSU";"Falta de Atenção à Condução";"Colisão frontal";"Sem Vítimas";"Plena Noite";"Crescente";"Vento";"Múltipla";"Reta";"Sim";2;0;0;0;1;1;0;2;-7,85637001;-34,90842109;"SPRF-PE";"DEL01-PE";"UOP02-DEL01-PE"
286857;2020-05-28;"quinta-feira";"18:25:00";"MG";381;490,9;"BETIM";"Desobediência às normas de trânsito pelo condutor";"Colisão lateral";"Com Vítimas Feridas";"Plena Noite";"Decrescente";"Céu Claro";"Dupla";"Reta";"Não";2;0;2;0;0;0;2;2;-19,96502819;-44,17422195;"SPRF-MG";"DEL01-MG";"UOP03-DEL01-MG"
286860;2020-05-28;"quinta-feira";"18:00:00";"PR";116;111;"CURITIBA";"Falta de Atenção à Condução";"Engavetamento";"Sem Vítimas";"Anoitecer";"Crescente";"Céu Claro";"Dupla";"Reta";"Sim";3;0;0;0;3;0;0;3;-25,56885181;-49,22724597;"SPRF-PR";"DEL01-PR";"UOP06-DEL01-PR"
286861;2020-05-28;"quinta-feira";"18:35:00";"RN";427;99,1;"CAICO";"Desobediência às normas de trânsito pelo condutor";"Colisão transversal";"Com Vítimas Feridas";"Plena Noite";"Crescente";"Céu Claro";"Simples";"Reta";"Sim";4;0;1;2;1;0;3;2;-6,46010515;-37,10069153;"SPRF-RN";"DEL03-RN";"UOP01-DEL03-RN"
286862;2020-05-28;"quinta-feira";"18:00:00";"RS";116;258;"ESTEIO";"Falta de Atenção à Condução";"Colisão lateral";"Com Vítimas Feridas";"Plena Noite";"Decrescente";"Ignorado";"Dupla";"Reta";"Sim";3;0;2;0;1;0;2;2;-29,86150502;-51,18091535;"SPRF-RS";"DEL01-RS";"UOP02-DEL01-RS"
286863;2020-05-28;"quinta-feira";"19:00:00";"SC";101;199,9;"SAO JOSE";"Não guardar distância de segurança";"Colisão traseira";"Com Vítimas Feridas";"Plena Noite";"Decrescente";"Céu Claro";"Dupla";"Reta";"Sim";2;0;1;0;1;0;1;2;-27,53413705;-48,63003205;"SPRF-SC";"DEL01-SC";"UOP01-DEL01-SC"
286864;2020-05-28;"quinta-feira";"18:30:00";"GO";153;501,7;"GOIANIA";"Falta de Atenção à Condução";"Queda de ocupante de veículo";"Com Vítimas Feridas";"Plena Noite";"Decrescente";"Ignorado";"Dupla";"Reta";"Sim";1;0;1;0;0;0;1;1;-16,7189;-49,2382;"SPRF-GO";"DEL01-GO";"UOP01-DEL01-GO"
286865;2020-05-28;"quinta-feira";"19:20:00";"RS";116;115;"SAO MARCOS";"Falta de Atenção à Condução";"Colisão transversal";"Sem Vítimas";"Plena Noite";"Crescente";"Céu Claro";"Simples";"Rotatória";"Sim";2;0;0;0;2;0;0;2;-28,97426763;-51,06940096;"SPRF-RS";"DEL05-RS";"UOP01-DEL05-RS"
286866;2020-05-28;"quinta-feira";"19:10:00";"MA";316;551;"CAXIAS";"Pista Escorregadia";"Queda de ocupante de veículo";"Com Vítimas Feridas";"Plena Noite";"Crescente";"Nublado";"Dupla";"Reta";"Sim";2;0;2;0;0;0;2;1;-4,886332;-43,353386;"SPRF-MA";"DEL03-MA";"UOP02-DEL03-MA"
286867;2020-05-28;"quinta-feira";"19:00:00";"MG";50;67;"UBERLANDIA";"Pista Escorregadia";"Tombamento";"Com Vítimas Feridas";"Plena Noite";"Decrescente";"Céu Claro";"Dupla";"Curva";"Sim";1;0;1;0;0;0;1;1;-18,85140204;-48,25345932;"SPRF-MG";"DEL15-MG";"UOP01-DEL15-MG"
286868;2020-05-28;"quinta-feira";"11:52:00";"PR";277;586;"CASCAVEL";"Desobediência às normas de trânsito pelo condutor";"Colisão lateral";"Com Vítimas Feridas";"Pleno dia";"Crescente";"Sol";"Simples";"Interseção de Vias";"Sim";2;0;1;0;1;0;1;2;-24,9649472;-53,4210459;"SPRF-PR";"DEL04-PR";"UOP01-DEL04-PR"
286872;2020-05-28;"quinta-feira";"19:30:00";"AL";101;229,8;"PORTO REAL DO COLEGIO";"Defeito na Via";"Colisão com objeto estático";"Com Vítimas Feridas";"Plena Noite";"Decrescente";"Chuva";"Dupla";"Reta";"Não";2;0;1;0;1;0;1;1;-10,11561279;-36,72638117;"SPRF-AL";"DEL02-AL";"UOP02-DEL02-AL"
286874;2020-05-28;"quinta-feira";"18:30:00";"BA";324;545;"AMELIA RODRIGUES";"Desobediência às normas de trânsito pelo condutor";"Colisão transversal";"Com Vítimas Feridas";"Plena Noite";"Crescente";"Céu Claro";"Dupla";"Reta";"Sim";5;0;2;0;2;1;2;2;-12,41909412;-38,7483949;"SPRF-BA";"DEL01-BA";"UOP01-DEL01-BA"
286876;2020-05-28;"quinta-feira";"18:12:00";"PR";369;24;"CAMBARA";"Animais na Pista";"Atropelamento de Animal";"Sem Vítimas";"Anoitecer";"Crescente";"Céu Claro";"Simples";"Reta";"Não";2;0;0;0;2;0;0;2;-23,04051306;-50,11863112;"SPRF-PR";"DEL07-PR";"UOP05-DEL07-PR"
286877;2020-05-28;"quinta-feira";"17:35:00";"MT";174;4;"PONTES E LACERDA";"Não guardar distância de segurança";"Colisão lateral";"Com Vítimas Feridas";"Plena Noite";"Decrescente";"Céu Claro";"Simples";"Reta";"Sim";3;0;3;0;0;0;3;2;-15,23615859;-59,3414712;"SPRF-MT";"DEL04-MT";"UOP01-DEL04-MT"
286878;2020-05-28;"quinta-feira";"13:00:00";"GO";452;185,5;"ITUMBIARA";"Falta de Atenção à Condução";"Saída de leito carroçável";"Sem Vítimas";"Pleno dia";"Crescente";"Céu Claro";"Simples";"Curva";"Não";1;0;0;0;0;1;0;1;-18,39956326;-49,31881109;"SPRF-GO";"DEL03-GO";"UOP02-DEL03-GO"
286881;2020-05-28;"quinta-feira";"19:45:00";"SP";116;146,2;"SAO JOSE DOS CAMPOS";"Falta de Atenção à Condução";"Colisão traseira";"Com Vítimas Feridas";"Plena Noite";"Crescente";"Céu Claro";"Dupla";"Declive;Reta";"Não";2;0;1;0;1;0;1;2;-23,19109926;-45,86342454;"SPRF-SP";"DEL02-SP";"UOP01-DEL02-SP"
286882;2020-05-28;"quinta-feira";"09:00:00";"RO";364;582;"ITAPUA DO OESTE";"Desobediência às normas de trânsito pelo condutor";"Saída de leito carroçável";"Com Vítimas Feridas";"Pleno dia";"Decrescente";"Céu Claro";"Simples";"Declive";"Não";2;0;1;1;0;0;2;1;-9,38005699;-63,13087196;"SPRF-RO";"DEL01-RO";"UOP04-DEL01-RO"
286883;2020-05-28;"quinta-feira";"17:50:00";"RJ";101;391;"RIO DE JANEIRO";"Avarias e/ou desgaste excessivo no pneu";"Queda de ocupante de veículo";"Com Vítimas Feridas";"Anoitecer";"Crescente";"Nublado";"Dupla";"Reta";"Sim";1;0;1;0;0;0;1;1;-22,894827;-43,68492;"SPRF-RJ";"DEL03-RJ";"UOP01-DEL03-RJ"
286885;2020-05-28;"quinta-feira";"20:50:00";"SC";101;203,4;"SAO JOSE";"Falta de Atenção à Condução";"Queda de ocupante de veículo";"Com Vítimas Feridas";"Plena Noite";"Crescente";"Céu Claro";"Múltipla";"Reta";"Sim";1;0;0;1;0;0;1;1;-27,5650044;-48,61460082;"SPRF-SC";"DEL01-SC";"UOP01-DEL01-SC"
286886;2020-05-28;"quinta-feira";"08:45:00";"CE";222;131;"ITAPAJE";"Falta de Atenção à Condução";"Colisão traseira";"Sem Vítimas";"Pleno dia";"Decrescente";"Céu Claro";"Simples";"Reta";"Não";2;0;0;0;1;1;0;2;-3,71668218;-39,63868293;"SPRF-CE";"DEL04-CE";"UOP03-DEL04-CE"
286888;2020-05-28;"quinta-feira";"21:00:00";"AL";104;90,1;"RIO LARGO";"Ingestão de Álcool";"Colisão traseira";"Com Vítimas Feridas";"Plena Noite";"Decrescente";"Nublado";"Dupla";"Reta";"Sim";4;0;1;1;2;0;2;2;-9,50059087;-35,81127569;"SPRF-AL";"DEL01-AL";"UOP01-DEL01-AL"