"id";"data_inversa";"dia_semana";"horario";"uf";"br";"km";"municipio";"causa_acidente";"tipo_acidente";"classificacao_acidente";"fase_dia";"sentido_via";"condicao_metereologica";"tipo_pista";"tracado_via";"uso_solo";"pessoas";"mortos";"feridos_leves";"feridos_graves";"ilesos";"ignorados";"feridos";"veiculos";"latitude";"longitude";"regional";"delegacia";"uop"
286889;2020-05-28;"quinta-feira";"21:25:00";"PR";376;1;"APUCARANA";"Defeito Mecânico no Veículo";"Queda de ocupante de veículo";"Com Vítimas Feridas";"Plena Noite";"Decrescente";"Céu Claro";"Simples";"Declive";"Sim";1;0;1;0;0;0;1;1;-23,5513;-51,461266;"SPRF-PR";"DEL07-PR";"UOP03-DEL07-PR"
286890;2020-05-28;"quinta-feira";"20:45:00";"PR";277;705,3;"SAO MIGUEL DO IGUACU";"Falta de Atenção à Condução";"Tombamento";"Com Vítimas Feridas";"Plena Noite";"Crescente";"Céu Claro";"Dupla";"Declive;Reta";"Não";1;0;1;0;0;0;1;1;-25,43019901;-54,369603;"SPRF-PR";"DEL05-PR";"UOP01-DEL05-PR"
286891;2020-05-28;"quinta-feira";"21:00:00";"TO";153;494,5;"PARAISO DO TOCANTINS";"Defeito na Via";"Queda de ocupante de veículo";"Com Vítimas Feridas";"Plena Noite";"Crescente";"Nublado";"Dupla";"Reta";"Sim";1;0;1;0;0;0;1;1;-10,16527794;-48,88094578;"SPRF-TO";"DEL01-TO";"UOP01-DEL01-TO"
286893;2020-05-28;"quinta-feira";"21:50:00";"DF";70;19;"BRASILIA";"Ingestão de Álcool";"Colisão lateral";"Sem Vítimas";"Plena Noite";"Decrescente";"Céu Claro";"Dupla";"Ponte";"Sim";2;0;0;0;2;0;0;2;-15,788868;-48,220242;"SPRF-DF";"DEL03-DF";"UOP02-DEL03-DF"
286894;2020-05-28;"quinta-feira";"21:50:00";"SC";101;132;"BALNEARIO CAMBORIU";"Avarias e/ou desgaste excessivo no pneu";"Tombamento";"Com Vítimas Feridas";"Plena Noite";"Decrescente";"Céu Claro";"Simples";"Reta";"Sim";1;0;1;0;0;0;1;1;-26,99654133;-48,65564711;"SPRF-SC";"DEL04-SC";"UOP03-DEL04-SC"
286898;2020-05-28;"quinta-feira";"23:15:00";"RJ";393;167;"TRES RIOS";"Falta de Atenção do Pedestre";"Atropelamento de Pedestre";"Com Vítimas Feridas";"Plena Noite";"Crescente";"Céu Claro";"Simples";"Curva";"Não";2;0;2;0;0;0;2;2;-22,12236191;-43,13976623;"SPRF-RJ";"DEL05-RJ";"UOP02-DEL05-RJ"
286904;2020-05-29;"sexta-feira";"01:38:00";"PE";101;45,9;"IGARASSU";"Falta de Atenção à Condução";"Colisão transversal";"Sem Vítimas";"Plena Noite";"Crescente";"Nublado";"Múltipla";"Em Obras;Reta";"Sim";2;0;0;0;1;1;0;2;-7,87406004;-34,90588126;"SPRF-PE";"DEL01-PE";"UOP02-DEL01-PE"
286905;2020-05-29;"sexta-feira";"02:00:00";"PR";277;632;"CEU AZUL";"Ingestão de Álcool";"Colisão com objeto estático";"Com Vítimas Feridas";"Plena Noite";"Decrescente";"Céu Claro";"Simples";"Rotatória";"Não";1;0;1;0;0;0;1;1;-25,12256565;-53,80997113;"SPRF-PR";"DEL05-PR";"UOP02-DEL05-PR"
286908;2020-05-29;"sexta-feira";"02:55:00";"RS";470;228,6;"GARIBALDI";"Desobediência às normas de trânsito pelo condutor";"Colisão frontal";"Sem Vítimas";"Plena Noite";"Decrescente";"Céu Claro";"Simples";"Reta";"Sim";2;0;0;0;2;0;0;2;-29,26801904;-51,49940014;"SPRF-RS";"DEL06-RS";"UOP01-DEL06-RS"
286910;2020-05-29;"sexta-feira";"04:25:00";"RS";116;270;"CANOAS";"Ingestão de Álcool";"Colisão com objeto estático";"Sem Vítimas";"Plena Noite";"Decrescente";"Céu Claro";"Múltipla";"Reta";"Sim";1;0;0;0;1;0;0;1;-29,96839095;-51,17623895;"SPRF-RS";"DEL01-RS";"UOP01-DEL01-RS"
286911;2020-05-29;"sexta-feira";"02:00:00";"MG";381;853,7;"POUSO ALEGRE";"Falta de Atenção à Condução";"Colisão com objeto estático";"Sem Vítimas";"Plena Noite";"Decrescente";"Céu Claro";"Simples";"Curva";"Não";1;0;0;0;0;1;0;1;-22,30499294;-45,90167524;"SPRF-MG";"DEL16-MG";"UOP01-DEL16-MG"
286914;2020-05-29;"sexta-feira";"06:15:00";"PR";116;118,1;"CURITIBA";"Desobediência às normas de trânsito pelo condutor";"Queda de ocupante de veículo";"Com Vítimas Feridas";"Amanhecer";"Decrescente";"Céu Claro";"Dupla";"Reta";"Sim";1;0;1;0;0;0;1;1;-25,54657438;-49,29173608;"SPRF-PR";"DEL01-PR";"UOP03-DEL01-PR"
286915;2020-05-29;"sexta-feira";"06:40:00";"PR";116;122,9;"CURITIBA";"Falta de Atenção à Condução";"Colisão lateral";"Com Vítimas Feridas";"Pleno dia";"Decrescente";"Nevoeiro/Neblina";"Dupla";"Reta";"Não";2;0;0;1;1;0;1;2;-25,61188692;-49,31872129;"SPRF-PR";"DEL01-PR";"UOP03-DEL01-PR"
286916;2020-05-29;"sexta-feira";"06:40:00";"SC";470;56;"BLUMENAU";"Desobediência às normas de trânsito pelo condutor";"Colisão traseira";"Com Vítimas Feridas";"Pleno dia";"Decrescente";"Céu Claro";"Simples";"Reta";"Sim";3;0;1;1;1;0;2;2;-26,87674;-49,127743;"SPRF-SC";"DEL04-SC";"UOP01-DEL04-SC"
286921;2020-05-29;"sexta-feira";"07:25:00";"MG";40;622,2;"CONSELHEIRO LAFAIETE";"Defeito Mecânico no Veículo";"Incêndio";"Sem Vítimas";"Pleno dia";"Crescente";"Nevoeiro/Neblina";"Simples";"Reta";"Não";13;0;0;0;13;0;0;1;-20,601685;-43,806832;"SPRF-MG";"DEL05-MG";"UOP02-DEL05-MG"
286924;2020-05-29;"sexta-feira";"08:15:00";"DF";40;4;"BRASILIA";"Falta de Atenção à Condução";"Colisão lateral";"Com Vítimas Feridas";"Pleno dia";"Decrescente";"Céu Claro";"Dupla";"Reta";"Sim";2;0;1;0;1;0;1;2;-16,012033;-47,982124;"SPRF-DF";"DEL01-DF";"UOP01-DEL01-DF"
286925;2020-05-29;"sexta-feira";"07:00:00";"RO";364;197,6;"PIMENTA BUENO";"Falta de Atenção à Condução";"Colisão traseira";"Com Vítimas Feridas";"Pleno dia";"Decrescente";"Sol";"Simples";"Reta";"Sim";3;0;1;0;1;1;1;3;-11,67880278;-61,1878925;"SPRF-RO";"DEL02-RO";"UOP02-DEL02-RO"
286926;2020-05-29;"sexta-feira";"07:18:00";"RN";427;100,3;"CAICO";"Desobediência às normas de trânsito pelo condutor";"Colisão transversal";"Com Vítimas Feridas";"Pleno dia";"Decrescente";"Nublado";"Simples";"Reta";"Sim";2;0;1;0;1;0;1;2;-6,46134954;-37,11031437;"SPRF-RN";"DEL03-RN";"UOP01-DEL03-RN"
286928;2020-05-29;"sexta-feira";"08:00:00";"RS";116;533,6;"CAPAO DO LEAO";"Velocidade Incompatível";"Saída de leito carroçável";"Com Vítimas Feridas";"Pleno dia";"Crescente";"Céu Claro";"Simples";"Reta";"Não";5;0;4;0;1;0;4;1;-31,77636406;-52,46074195;"SPRF-RS";"DEL07-RS";"UOP01-DEL07-RS"
286929;2020-05-29;"sexta-feira";"08:15:00";"DF";70;16,3;"BRASILIA";"Falta de Atenção à Condução";"Colisão lateral";"Com Vítimas Feridas";"Pleno dia";"Decrescente";"Céu Claro";"Dupla";"Rotatória";"Sim";2;0;1;0;0;1;1;2;-15,796144;-48,194225;"SPRF-DF";"DEL03-DF";"UOP02-DEL03-DF"
286931;2020-05-29;"sexta-feira";"07:00:00";"DF";70;12,7;"BRASILIA";"Desobediência às normas de trânsito pelo condutor";"Colisão transversal";"Com Vítimas Feridas";"Pleno dia";"Decrescente";"Céu Claro";"Dupla";"Reta";"Não";3;0;2;0;1;0;2;3;-15,792243;-48,158543;"SPRF-DF";"DEL03-DF";"UOP02-DEL03-DF"
286933;2020-05-29;"sexta-feira";"08:30:00";"PE";407;123;"PETROLINA";"Falta de Atenção à Condução";"Colisão traseira";"Sem Vítimas";"Pleno dia";"Decrescente";"Céu Claro";"Simples";"Reta";"Sim";2;0;0;0;2;0;0;2;-9,36149178;-40,54594462;"SPRF-PE";"DEL06-PE";"UOP01-DEL06-PE"
286934;2020-05-29;"sexta-feira";"04:30:00";"RO";364;297,8;"PRESIDENTE MEDICI";"Não guardar distância de segurança";"Colisão traseira";"Com Vítimas Feridas";"Plena Noite";"Crescente";"Céu Claro";"Simples";"Aclive;Reta";"Não";1;0;1;0;0;0;1;1;-11,26425446;-61,90205812;"SPRF-RO";"DEL02-RO";"UOP01-DEL02-RO"
286935;2020-05-29;"sexta-feira";"07:30:00";"MS";163;484;"CAMPO GRANDE";"Desobediência às normas de trânsito pelo condutor";"Colisão transversal";"Com Vítimas Feridas";"Pleno dia";"Crescente";"Céu Claro";"Simples";"Interseção de Vias";"Sim";2;0;1;0;1;0;1;2;-20,447538;-54,540932;"SPRF-MS";"DEL01-MS";"UOP02-DEL01-MS"
286937;2020-05-29;"sexta-feira";"06:50:00";"RO";174;19,5;"VILHENA";"Avarias e/ou desgaste excessivo no pneu";"Queda de ocupante de veículo";"Com Vítimas Feridas";"Pleno dia";"Crescente";"Sol";"Simples";"Reta";"Sim";2;0;1;1;0;0;2;1;-12,69111614;-60,11334572;"SPRF-RO";"DEL04-RO";"UOP01-DEL04-RO"
286939;2020-05-29;"sexta-feira";"07:20:00";"RJ";40;78;"PETROPOLIS";"Velocidade Incompatível";"Capotamento";"Com Vítimas Feridas";"Pleno dia";"Crescente";"Céu Claro";"Simples";"Reta";"Não";3;0;2;0;1;0;2;1;-22,48485874;-43,22843406;"SPRF-RJ";"DEL06-RJ";"UOP01-DEL06-RJ"
286941;2020-05-29;"sexta-feira";"08:40:00";"MS";163;490,5;"CAMPO GRANDE";"Falta de Atenção à Condução";"Colisão lateral";"Com Vítimas Feridas";"Pleno dia";"Decrescente";"Céu Claro";"Simples";"Rotatória";"Não";2;0;1;0;1;0;1;2;-20,40017983;-54,55539878;"SPRF-MS";"DEL01-MS";"UOP02-DEL01-MS"
286942;2020-05-29;"sexta-feira";"08:55:00";"ES";262;32,7;"DOMINGOS MARTINS";"Falta de Atenção à Condução";"Saída de leito carroçável";"Com Vítimas Feridas";"Pleno dia";"Decrescente";"Céu Claro";"Simples";"Reta";"Não";2;0;1;0;1;0;1;1;-20,37885575;-40,577728;"SPRF-ES";"DEL01-ES";"UOP01-DEL01-ES"
286944;2020-05-25;"segunda-feira";"20:38:00";"PR";277;8;"PARANAGUA";"Objeto estático sobre o leito carroçável";"Colisão com objeto estático";"Sem Vítimas";"Plena Noite";"Crescente";"Céu Claro";"Dupla";"Reta";"Não";1;0;0;0;1;0;0;1;-25,56629127;-48,6076355;"SPRF-PR";"DEL01-PR";"UOP05-DEL01-PR"
286945;2020-05-29;"sexta-feira";"10:10:00";"CE";116;1;"FORTALEZA";"Defeito Mecânico no Veículo";"Colisão traseira";"Com Vítimas Feridas";"Pleno dia";"Decrescente";"Céu Claro";"Dupla";"Reta";"Sim";5;0;1;0;4;0;1;4;-3,76159894;-38,51900662;"SPRF-CE";"DEL01-CE";"UOP02-DEL01-CE"
286946;2020-05-28;"quinta-feira";"21:00:00";"CE";20;269,1;"CANINDE";"Defeito na Via";"Danos eventuais";"Sem Vítimas";"Plena Noite";"Crescente";"Nublado";"Simples";"Curva";"Não";2;0;0;0;2;0;0;1;-4,66545139;-39,39949853;"SPRF-CE";"DEL02-CE";"UOP01-DEL02-CE"
286952;2020-05-29;"sexta-feira";"09:30:00";"PE";101;7;"GOIANA";"Velocidade Incompatível";"Saída de leito carroçável";"Com Vítimas Feridas";"Pleno dia";"Decrescente";"Chuva";"Dupla";"Reta";"Sim";1;0;1;0;0;0;1;1;-7,55997111;-34,99072674;"SPRF-PE";"DEL01-PE";"UOP02-DEL01-PE"
286955;2020-05-29;"sexta-feira";"10:00:00";"RJ";116;181;"NOVA IGUACU";"Não guardar distância de segurança";"Colisão traseira";"Com Vítimas Feridas";"Pleno dia";"Decrescente";"Céu Claro";"Dupla";"Reta";"Sim";2;0;1;0;1;0;1;2;-22,761312;-43,423492;"SPRF-RJ";"DEL01-RJ";"UOP02-DEL01-RJ"
286958;2020-05-29;"sexta-feira";"11:40:00";"PR";376;637,3;"SAO JOSE DOS PINHAIS";"Objeto estático sobre o leito carroçável";"Queda de ocupante de veículo";"Com Vítimas Feridas";"Pleno dia";"Decrescente";"Céu Claro";"Dupla";"Reta";"Não";1;0;0;1;0;0;1;1;-25,75614093;-49,12609667;"SPRF-PR";"DEL01-PR";"UOP04-DEL01-PR"
286959;2020-05-29;"sexta-feira";"10:05:00";"RO";364;346;"JI-PARANA";"Falta de Atenção à Condução";"Colisão transversal";"Com Vítimas Feridas";"Pleno dia";"Crescente";"Céu Claro";"Dupla";"Retorno Regulamentado";"Sim";2;0;1;0;1;0;1;2;-10,865874;-61,968647;"SPRF-RO";"DEL02-RO";"UOP01-DEL02-RO"
286960;2020-05-29;"sexta-feira";"11:40:00";"SC";470;71;"INDAIAL";"Falta de Atenção à Condução";"Colisão transversal";"Com Vítimas Feridas";"Pleno dia";"Crescente";"Céu Claro";"Simples";"Reta";"Não";2;0;1;0;1;0;1;2;-26,895243;-49,262104;"SPRF-SC";"DEL04-SC";"UOP01-DEL04-SC"
286961;2020-05-29;"sexta-feira";"11:05:00";"GO";60;102,7;"ANAPOLIS";"Falta de Atenção à Condução";"Colisão transversal";"Com Vítimas Feridas";"Pleno dia";"Crescente";"Céu Claro";"Dupla";"Reta";"Não";3;0;1;1;1;0;2;2;-16,406;-48,9831;"SPRF-GO";"DEL02-GO";"UOP01-DEL02-GO"
286962;2020-05-29;"sexta-feira";"11:40:00";"RJ";40;119;"DUQUE DE CAXIAS";"Falta de Atenção à Condução";"Colisão com objeto estático";"Com Vítimas Feridas";"Pleno dia";"Crescente";"Céu Claro";"Múltipla";"Reta";"Não";2;0;1;0;1;0;1;2;-22,76375592;-43,28683062;"SPRF-RJ";"DEL01-RJ";"UOP01-DEL01-RJ"
286966;2020-05-29;"sexta-feira";"13:00:00";"SP";116;278;"EMBU DAS ARTES";"Falta de Atenção à Condução";"Colisão lateral";"Com Vítimas Feridas";"Pleno dia";"Decrescente";"Céu Claro";"Dupla";"Reta";"Sim";2;0;1;0;1;0;1;2;-23,65508497;-46,84918605;"SPRF-SP";"DEL04-SP";"UOP01-DEL04-SP"
286967;2020-05-29;"sexta-feira";"10:45:00";"PE";232;507;"SALGUEIRO";"Falta de Atenção à Condução";"Colisão transversal";"Com Vítimas Feridas";"Pleno dia";"Decrescente";"Céu Claro";"Simples";"Reta";"Sim";2;0;1;0;1;0;1;2;-8,06038759;-39,11191706;"SPRF-PE";"DEL05-PE";"UOP01-DEL05-PE"
286973;2020-05-29;"sexta-feira";"14:05:00";"PR";369;158;"CAMBE";"Falta de Atenção à Condução";"Colisão traseira";"Com Vítimas Feridas";"Pleno dia";"Decrescente";"Céu Claro";"Dupla";"Reta;Declive";"Sim";2;0;1;0;1;0;1;2;-23,28382817;-51,24564171;"SPRF-PR";"DEL07-PR";"UOP01-DEL07-PR"
286974;2020-05-29;"sexta-feira";"13:00:00";"SC";282;373,9;"JOACABA";"Falta de Atenção à Condução";"Colisão transversal";"Com Vítimas Feridas";"Pleno dia";"Decrescente";"Sol";"Simples";"Rotatória";"Sim";3;0;1;0;2;0;1;2;-27,17236019;-51,5544337;"SPRF-SC";"DEL07-SC";"UOP05-DEL07-SC"
286976;2020-05-29;"sexta-feira";"14:10:00";"PR";369;159;"CAMBE";"Ingestão de Álcool";"Colisão traseira";"Com Vítimas Feridas";"Pleno dia";"Decrescente";"Céu Claro";"Dupla";"Reta";"Não";2;0;1;0;1;0;1;2;-23,2832024;-51,2473082;"SPRF-PR";"DEL07-PR";"UOP01-DEL07-PR"
286977;2020-05-29;"sexta-feira";"13:00:00";"PA";316;96;"IGARAPE-ACU";"Ultrapassagem Indevida";"Colisão frontal";"Com Vítimas Feridas";"Pleno dia";"Decrescente";"Nublado";"Simples";"Aclive";"Não";4;0;2;0;2;0;2;3;-1,32878666;-47,63912194;"SPRF-PA";"DEL01-PA";"UOP02-DEL01-PA"
286979;2020-05-29;"sexta-feira";"14:15:00";"SC";101;123;"ITAJAI";"Falta de Atenção à Condução";"Colisão transversal";"Com Vítimas Feridas";"Pleno dia";"Crescente";"Céu Claro";"Dupla";"Viaduto";"Sim";2;0;1;0;1;0;1;2;-26,93668609;-48,69876905;"SPRF-SC";"DEL04-SC";"UOP04-DEL04-SC"
286982;2020-05-29;"sexta-feira";"15:10:00";"SC";470;69;"INDAIAL";"Falta de Atenção à Condução";"Tombamento";"Com Vítimas Feridas";"Pleno dia";"Crescente";"Céu Claro";"Simples";"Reta";"Sim";1;0;1;0;0;0;1;1;-26,8841487;-49,24797705;"SPRF-SC";"DEL04-SC";"UOP01-DEL04-SC"
286985;2020-05-29;"sexta-feira";"14:45:00";"PB";230;40;"SANTA RITA";"Desobediência às normas de trânsito pelo condutor";"Tombamento";"Com Vítimas Feridas";"Pleno dia";"Crescente";"Nublado";"Dupla";"Reta";"Sim";1;0;0;1;0;0;1;1;-7,1414;-34,9778;"SPRF-PB";"DEL01-PB";"UOP03-DEL01-PB"
286990;2020-05-29;"sexta-feira";"15:50:00";"MG";365;612;"UBERLANDIA";"Desobediência às normas de trânsito pelo condutor";"Tombamento";"Com Vítimas Feridas";"Pleno dia";"Crescente";"Céu Claro";"Dupla";"Interseção de Vias";"Sim";1;0;0;1;0;0;1;1;-18,92793854;-48,19198317;"SPRF-MG";"DEL15-MG";"UOP01-DEL15-MG"
286991;2020-05-29;"sexta-feira";"12:00:00";"MA";222;672,8;"ACAILANDIA";"Desobediência às normas de trânsito pelo condutor";"Colisão transversal";"Com Vítimas Feridas";"Pleno dia";"Crescente";"Céu Claro";"Simples";"Reta";"Sim";3;0;1;0;2;0;1;2;-4,92508085;-47,43821808;"SPRF-MA";"DEL04-MA";"UOP03-DEL04-MA"
286992;2020-05-29;"sexta-feira";"14:40:00";"RJ";116;198;"QUEIMADOS";"Desobediência às normas de trânsito pelo condutor";"Colisão traseira";"Sem Vítimas";"Pleno dia";"Crescente";"Céu Claro";"Múltipla";"Reta";"Não";3;0;0;0;3;0;0;3;-22,72952183;-43,57481597;"SPRF-RJ";"DEL01-RJ";"UOP02-DEL01-RJ"
286994;2020-05-29;"sexta-feira";"16:00:00";"SP";153;62,3;"SAO JOSE DO RIO PRETO";"Não guardar distância de segurança";"Engavetamento";"Sem Vítimas";"Pleno dia";"Crescente";"Sol";"Dupla";"Reta";"Sim";3;0;0;0;3;0;0;3;-20,81325404;-49,35675563;"SPRF-SP";"DEL09-SP";"UOP01-DEL09-SP"
286995;2020-05-29;"sexta-feira";"14:10:00";"PB";230;20;"JOAO PESSOA";"Falta de Atenção à Condução";"Tombamento";"Com Vítimas Feridas";"Pleno dia";"Crescente";"Céu Claro";"Dupla";"Viaduto";"Sim";1;0;1;0;0;0;1;1;-7,13681853;-34,85421365;"SPRF-PB";"DEL01-PB";"UOP01-DEL01-PB"
286998;2020-05-29;"sexta-feira";"16:05:00";"RS";285;327,4;"CARAZINHO";"Falta de Atenção à Condução";"Saída de leito carroçável";"Com Vítimas Feridas";"Pleno dia";"Crescente";"Céu Claro";"Simples";"Reta";"Não";1;0;1;0;0;0;1;1;-28,275431;-52,687809;"SPRF-RS";"DEL08-RS";"UOP03-DEL08-RS"
287000;2020-05-29;"sexta-feira";"14:05:00";"PR";369;436,2;"UBIRATA";"Desobediência às normas de trânsito pelo condutor";"Colisão transversal";"Com Vítimas Feridas";"Pleno dia";"Decrescente";"Céu Claro";"Simples";"Interseção de Vias;Reta";"Não";2;0;0;1;1;0;1;2;-24,49428663;-52,90204894;"SPRF-PR";"DEL04-PR";"UOP03-DEL04-PR"
287001;2020-05-29;"sexta-feira";"16:45:00";"ES";101;127;"SOORETAMA";"Desobediência às normas de trânsito pelo condutor";"Colisão lateral";"Com Vítimas Feridas";"Pleno dia";"Crescente";"Céu Claro";"Simples";"Reta";"Sim";3;0;2;0;1;0;2;2;-19,202898;-40,095524;"SPRF-ES";"DEL04-ES";"UOP01-DEL04-ES"
287002;2020-05-29;"sexta-feira";"15:25:00";"PB";101;84,1;"BAYEUX";"Não guardar distância de segurança";"Colisão lateral";"Com Vítimas Feridas";"Pleno dia";"Crescente";"Chuva";"Dupla";"Reta";"Sim";2;0;1;0;1;0;1;2;-7,13957906;-34,92312806;"SPRF-PB";"DEL01-PB";"UOP01-DEL01-PB"
287003;2020-05-29;"sexta-feira";"17:00:00";"SC";101;144;"ITAPEMA";"Ingestão de Álcool";"Colisão lateral";"Com Vítimas Feridas";"Pleno dia";"Decrescente";"Céu Claro";"Dupla";"Reta";"Não";2;0;1;0;1;0;1;2;-27,0732659;-48,59672716;"SPRF-SC";"DEL04-SC";"UOP03-DEL04-SC"
287006;2020-05-29;"sexta-feira";"16:30:00";"MG";116;413,6;"GOVERNADOR VALADARES";"Desobediência às normas de trânsito pelo condutor";"Colisão transversal";"Com Vítimas Feridas";"Pleno dia";"Decrescente";"Céu Claro";"Simples";"Interseção de Vias";"Sim";2;0;1;0;1;0;1;2;-18,87714882;-41,96317965;"SPRF-MG";"DEL06-MG";"UOP01-DEL06-MG"
287008;2020-05-29;"sexta-feira";"17:00:00";"BA";407;6;"JUAZEIRO";"Falta de Atenção à Condução";"Colisão transversal";"Com Vítimas Feridas";"Pleno dia";"Decrescente";"Céu Claro";"Dupla";"Reta";"Sim";2;0;1;0;0;1;1;2;-9,45595491;-40,48655981;"SPRF-PE";"DEL06-PE";"UOP01-DEL06-PE"
287009;2020-05-29;"sexta-feira";"10:50:00";"BA";110;320;"ALAGOINHAS";"Não guardar distância de segurança";"Colisão traseira";"Com Vítimas Feridas";"Pleno dia";"Crescente";"Céu Claro";"Simples";"Reta";"Não";1;0;1;0;0;0;1;1;-12,0677309;-38,35113085;"SPRF-BA";"DEL01-BA";"UOP04-DEL01-BA"
287011;2020-05-29;"sexta-feira";"17:10:00";"RS";285;76,5;"BOM JESUS";"Falta de Atenção à Condução";"Queda de ocupante de veículo";"Com Vítimas Feridas";"Pleno dia";"Decrescente";"Sol";"Simples";"Curva";"Não";1;0;0;1;0;0;1;1;-28,641621;-50,563793;"SPRF-RS";"DEL05-RS";"UOP03-DEL05-RS"
287012;2020-05-29;"sexta-feira";"16:55:00";"RJ";116;263,2;"BARRA MANSA";"Velocidade Incompatível";"Colisão com objeto estático";"Com Vítimas Feridas";"Pleno dia";"Crescente";"Céu Claro";"Dupla";"Curva";"Não";1;0;0;1;0;0;1;1;-22,59220328;-44,06782285;"SPRF-RJ";"DEL07-RJ";"UOP01-DEL07-RJ"
287013;2020-05-29;"sexta-feira";"16:30:00";"RJ";101;218;"SILVA JARDIM";"Condutor Dormindo";"Saída de leito carroçável";"Com Vítimas Feridas";"Pleno dia";"Decrescente";"Céu Claro";"Dupla";"Em Obras";"Não";1;0;1;0;0;0;1;1;-22,50788881;-42,30025408;"SPRF-RJ";"DEL02-RJ";"UOP03-DEL02-RJ"
287014;2020-05-29;"sexta-feira";"17:25:00";"ES";262;18,9;"VIANA";"Desobediência às normas de trânsito pelo condutor";"Colisão transversal";"Com Vítimas Feridas";"Anoitecer";"Decrescente";"Céu Claro";"Simples";"Reta";"Sim";3;0;2;0;1;0;2;2;-20,39137228;-40,48080285;"SPRF-ES";"DEL01-ES";"UOP01-DEL01-ES"
287016;2020-05-29;"sexta-feira";"17:50:00";"PR";476;142;"CURITIBA";"Pista Escorregadia";"Colisão traseira";"Sem Vítimas";"Plena Noite";"Decrescente";"Céu Claro";"Simples";"Reta";"Sim";2;0;0;0;2;0;0;2;-25,53973097;-49,30196285;"SPRF-PR";"DEL01-PR";"UOP03-DEL01-PR"
287017;2020-05-23;"sábado";"13:35:00";"ES";262;1,3;"CARIACICA";"Velocidade Incompatível";"Saída de leito carroçável";"Com Vítimas Feridas";"Pleno dia";"Crescente";"Céu Claro";"Múltipla";"Curva";"Sim";1;0;0;1;0;0;1;1;-20,33256051;-40,35545653;"SPRF-ES";"DEL01-ES";"UOP01-DEL01-ES"
287018;2020-05-29;"sexta-feira";"17:45:00";"MG";40;532;"BELO HORIZONTE";"Desobediência às normas de trânsito pelo condutor";"Colisão lateral";"Com Vítimas Feridas";"Plena Noite";"Decrescente";"Céu Claro";"Dupla";"Reta";"Sim";3;0;1;0;2;0;1;3;-19,92372561;-44,01700789;"SPRF-MG";"DEL01-MG";"UOP02-DEL01-MG"
287021;2020-05-29;"sexta-feira";"16:15:00";"MG";0;0;"JUIZ DE FORA";"Desobediência às normas de trânsito pelo condutor";"Colisão traseira";"Sem Vítimas";"Pleno dia";"Não Informado";"Céu Claro";"Simples";"Reta";"Sim";3;0;0;0;3;0;0;2;-21,80441215;-43,40779781;"SPRF-MG";"DEL05-MG";"UOP01-DEL05-MG"
287023;2020-05-29;"sexta-feira";"18:30:00";"GO";60;31,7;"ALEXANIA";"Desobediência às normas de trânsito pelo condutor";"Colisão transversal";"Com Vítimas Feridas";"Anoitecer";"Crescente";"Céu Claro";"Dupla";"Reta";"Sim";6;0;2;0;4;0;2;2;-16,0963;-48,5202;"SPRF-DF";"DEL03-DF";"UOP01-DEL03-DF"
287025;2020-05-29;"sexta-feira";"17:35:00";"MG";116;414;"GOVERNADOR VALADARES";"Falta de Atenção à Condução";"Colisão lateral";"Com Vítimas Feridas";"Pleno dia";"Crescente";"Céu Claro";"Simples";"Reta";"Sim";2;0;1;0;1;0;1;2;-18,88102703;-41,95910802;"SPRF-MG";"DEL06-MG";"UOP01-DEL06-MG"
287026;2020-05-29;"sexta-feira";"18:35:00";"SC";163;69,4;"SAO MIGUEL DO OESTE";"Falta de Atenção à Condução";"Colisão transversal";"Com Vítimas Feridas";"Plena Noite";"Decrescente";"Nublado";"Dupla";"Interseção de Vias";"Sim";2;0;1;0;1;0;1;2;-26,74132699;-53,50120591;"SPRF-SC";"DEL07-SC";"UOP03-DEL07-SC"
287027;2020-05-29;"sexta-feira";"18:30:00";"PE";428;183;"PETROLINA";"Ingestão de Álcool";"Atropelamento de Pedestre";"Com Vítimas Feridas";"Plena Noite";"Crescente";"Céu Claro";"Simples";"Reta";"Não";2;0;1;0;1;0;1;2;-9,32412987;-40,46211325;"SPRF-PE";"DEL06-PE";"UOP01-DEL06-PE"
287028;2020-05-29;"sexta-feira";"18:50:00";"RJ";40;121;"DUQUE DE CAXIAS";"Falta de Atenção à Condução";"Colisão lateral";"Com Vítimas Feridas";"Plena Noite";"Decrescente";"Céu Claro";"Múltipla";"Reta";"Sim";2;0;1;0;0;1;1;2;-22,78293141;-43,28550182;"SPRF-RJ";"DEL01-RJ";"UOP01-DEL01-RJ"
287029;2020-05-29;"sexta-feira";"18:30:00";"MG";40;552;"NOVA LIMA";"Desobediência às normas de trânsito pelo condutor";"Colisão transversal";"Com Vítimas Feridas";"Plena Noite";"Crescente";"Céu Claro";"Simples";"Interseção de Vias";"Sim";2;0;1;0;1;0;1;2;-20,06302617;-43,97891521;"SPRF-MG";"DEL01-MG";"UOP02-DEL01-MG"
287030;2020-05-29;"sexta-feira";"19:20:00";"SC";101;158,2;"PORTO BELO";"Desobediência às normas de trânsito pelo condutor";"Colisão lateral";"Com Vítimas Feridas";"Plena Noite";"Crescente";"Nublado";"Dupla";"Reta";"Sim";2;0;1;0;1;0;1;2;-27,19096301;-48,61259017;"SPRF-SC";"DEL04-SC";"UOP03-DEL04-SC"