"id";"data_inversa";"dia_semana";"horario";"uf";"br";"km";"municipio";"causa_acidente";"tipo_acidente";"classificacao_acidente";"fase_dia";"sentido_via";"condicao_metereologica";"tipo_pista";"tracado_via";"uso_solo";"pessoas";"mortos";"feridos_leves";"feridos_graves";"ilesos";"ignorados";"feridos";"veiculos";"latitude";"longitude";"regional";"delegacia";"uop"
287147;2020-05-30;"sábado";"12:30:00";"SP";116;211,5;"GUARULHOS";"Falta de Atenção à Condução";"Tombamento";"Com Vítimas Feridas";"Pleno dia";"Crescente";"Sol";"Múltipla";"Reta";"Sim";1;0;1;0;0;0;1;1;-23,43549733;-46,42745696;"SPRF-SP";"DEL01-SP";"UOP01-DEL01-SP"
287148;2020-05-30;"sábado";"10:35:00";"MG";262;31,5;"MANHUACU";"Defeito na Via";"Saída de leito carroçável";"Com Vítimas Feridas";"Pleno dia";"Crescente";"Céu Claro";"Simples";"Declive";"Não";1;0;0;1;0;0;1;1;-20,2532742;-41,992629;"SPRF-MG";"DEL06-MG";"UOP03-DEL06-MG"
287149;2020-05-30;"sábado";"12:50:00";"RS";116;0,5;"PORTO ALEGRE";"Falta de Atenção à Condução";"Colisão traseira";"Com Vítimas Feridas";"Pleno dia";"Decrescente";"Céu Claro";"Dupla";"Desvio Temporário";"Sim";2;0;2;0;0;0;2;1;-29,97432849;-51,17772633;"SPRF-RS";"DEL01-RS";"UOP01-DEL01-RS"
287150;2020-05-30;"sábado";"12:50:00";"GO";60;96;"ANAPOLIS";"Objeto estático sobre o leito carroçável";"Colisão traseira";"Com Vítimas Feridas";"Pleno dia";"Decrescente";"Céu Claro";"Dupla";"Reta";"Sim";2;0;1;0;1;0;1;2;-16,371;-48,9422;"SPRF-GO";"DEL02-GO";"UOP01-DEL02-GO"
287152;2020-05-30;"sábado";"13:15:00";"PR";116;76;"QUATRO BARRAS";"Velocidade Incompatível";"Atropelamento de Pedestre";"Com Vítimas Fatais";"Pleno dia";"Decrescente";"Céu Claro";"Dupla";"Reta;Declive";"Não";2;2;0;0;0;0;0;2;-25,37737919;-49,04961369;"SPRF-PR";"DEL01-PR";"UOP01-DEL01-PR"
287153;2020-05-30;"sábado";"13:15:00";"GO";20;105,6;"FLORES DE GOIAS";"Ingestão de Álcool";"Saída de leito carroçável";"Com Vítimas Feridas";"Pleno dia";"Decrescente";"Céu Claro";"Simples";"Reta";"Não";1;0;0;1;0;0;1;1;-14,918053;-46,957489;"SPRF-DF";"DEL02-DF";"UOP03-DEL02-DF"
287156;2020-05-30;"sábado";"13:20:00";"PB";230;22;"JOAO PESSOA";"Falta de Atenção à Condução";"Tombamento";"Com Vítimas Feridas";"Pleno dia";"Crescente";"Céu Claro";"Dupla";"Reta";"Sim";2;0;1;0;0;1;1;1;-7,1495;-34,8517;"SPRF-PB";"DEL01-PB";"UOP01-DEL01-PB"
287157;2020-05-30;"sábado";"13:35:00";"MG";381;441;"SABARA";"Desobediência às normas de trânsito pelo condutor";"Colisão transversal";"Com Vítimas Feridas";"Pleno dia";"Crescente";"Céu Claro";"Simples";"Reta;Aclive";"Não";3;0;1;0;1;1;1;3;-19,79815661;-43,75512242;"SPRF-MG";"DEL01-MG";"UOP01-DEL01-MG"
287159;2020-05-30;"sábado";"14:00:00";"SC";470;174,9;"POUSO REDONDO";"Desobediência às normas de trânsito pelo condutor";"Colisão traseira";"Com Vítimas Feridas";"Pleno dia";"Crescente";"Sol";"Simples";"Reta";"Não";2;0;1;0;1;0;1;2;-27,2562319;-49,93861198;"SPRF-SC";"DEL04-SC";"UOP02-DEL04-SC"
287160;2020-05-30;"sábado";"07:00:00";"SC";470;146,2;"RIO DO SUL";"Ingestão de Álcool";"Colisão lateral";"Sem Vítimas";"Pleno dia";"Decrescente";"Céu Claro";"Simples";"Reta";"Não";4;0;0;0;1;3;0;4;-27,235138;-49,677608;"SPRF-SC";"DEL04-SC";"UOP02-DEL04-SC"
287161;2020-05-30;"sábado";"14:20:00";"SC";101;213,4;"PALHOCA";"Avarias e/ou desgaste excessivo no pneu";"Tombamento";"Com Vítimas Feridas";"Pleno dia";"Crescente";"Sol";"Múltipla";"Declive";"Sim";2;0;2;0;0;0;2;1;-27,63697369;-48,66514142;"SPRF-SC";"DEL01-SC";"UOP02-DEL01-SC"
287163;2020-05-30;"sábado";"15:00:00";"SC";470;57;"BLUMENAU";"Ingestão de Álcool";"Colisão frontal";"Com Vítimas Feridas";"Pleno dia";"Crescente";"Céu Claro";"Simples";"Reta";"Não";4;0;3;0;1;0;3;2;-26,880428;-49,136532;"SPRF-SC";"DEL04-SC";"UOP01-DEL04-SC"
287164;2020-05-30;"sábado";"14:30:00";"RJ";116;143;"DUQUE DE CAXIAS";"Falta de Atenção à Condução";"Colisão lateral";"Com Vítimas Feridas";"Pleno dia";"Crescente";"Céu Claro";"Dupla";"Reta";"Sim";3;0;1;0;2;0;1;2;-22,65237271;-43,23918118;"SPRF-RJ";"DEL01-RJ";"UOP01-DEL01-RJ"
287165;2020-05-30;"sábado";"13:30:00";"MG";262;354;"BETIM";"Falta de Atenção à Condução";"Colisão traseira";"Com Vítimas Feridas";"Pleno dia";"Decrescente";"Céu Claro";"Dupla";"Reta";"Não";3;0;2;0;1;0;2;2;-19,96216513;-44,16346396;"SPRF-MG";"DEL01-MG";"UOP03-DEL01-MG"
287168;2020-05-30;"sábado";"15:15:00";"RS";392;122,5;"CANGUCU";"Velocidade Incompatível";"Colisão transversal";"Com Vítimas Feridas";"Pleno dia";"Crescente";"Céu Claro";"Simples";"Reta";"Não";2;0;1;1;0;0;2;2;-31,38660826;-52,70733133;"SPRF-RS";"DEL07-RS";"UOP01-DEL07-RS"
287169;2020-05-30;"sábado";"15:40:00";"SC";470;104,1;"APIUNA";"Desobediência às normas de trânsito pelo condutor";"Colisão lateral";"Com Vítimas Feridas";"Pleno dia";"Crescente";"Sol";"Simples";"Reta";"Não";4;0;0;3;1;0;3;3;-27,064796;-49,401424;"SPRF-SC";"DEL04-SC";"UOP02-DEL04-SC"
287170;2020-05-30;"sábado";"15:25:00";"RS";290;61,7;"GRAVATAI";"Defeito Mecânico no Veículo";"Saída de leito carroçável";"Com Vítimas Feridas";"Pleno dia";"Decrescente";"Céu Claro";"Dupla";"Reta";"Não";4;0;2;0;2;0;2;1;-29,927965;-50,868099;"SPRF-RS";"DEL03-RS";"UOP01-DEL03-RS"
287172;2020-05-30;"sábado";"16:00:00";"GO";70;3;"AGUAS LINDAS DE GOIAS";"Falta de Atenção à Condução";"Colisão traseira";"Com Vítimas Fatais";"Pleno dia";"Crescente";"Céu Claro";"Dupla";"Reta;Aclive";"Sim";2;1;0;0;1;0;0;2;-15,761937;-48,236285;"SPRF-DF";"DEL03-DF";"UOP02-DEL03-DF"
287173;2020-05-30;"sábado";"16:08:00";"RS";386;348,8;"LAJEADO";"Velocidade Incompatível";"Saída de leito carroçável";"Com Vítimas Feridas";"Pleno dia";"Crescente";"Sol";"Dupla";"Reta";"Sim";2;0;1;0;1;0;1;1;-29,4645954;-51,9560627;"SPRF-RS";"DEL04-RS";"UOP02-DEL04-RS"
287175;2020-05-30;"sábado";"15:20:00";"RJ";101;312;"SAO GONCALO";"Falta de Atenção à Condução";"Colisão traseira";"Com Vítimas Feridas";"Pleno dia";"Decrescente";"Céu Claro";"Dupla";"Reta";"Sim";2;0;1;0;1;0;1;2;-22,80546555;-43,06156967;"SPRF-RJ";"DEL02-RJ";"UOP02-DEL02-RJ"
287176;2020-05-30;"sábado";"15:25:00";"MG";50;146;"UBERABA";"Não guardar distância de segurança";"Colisão lateral";"Com Vítimas Feridas";"Pleno dia";"Crescente";"Céu Claro";"Dupla";"Reta";"Não";2;0;1;0;1;0;1;2;-19,52881302;-48,03811615;"SPRF-MG";"DEL13-MG";"UOP01-DEL13-MG"
287177;2020-05-30;"sábado";"14:45:00";"RO";364;797;"PORTO VELHO";"Falta de Atenção à Condução";"Colisão transversal";"Com Vítimas Feridas";"Pleno dia";"Decrescente";"Sol";"Simples";"Curva";"Não";2;0;1;0;1;0;1;2;-9,2477219;-64,37163705;"SPRF-RO";"DEL01-RO";"UOP02-DEL01-RO"
287178;2020-05-23;"sábado";"08:20:00";"BA";110;249,7;"OLINDINA";"Condutor Dormindo";"Saída de leito carroçável";"Com Vítimas Feridas";"Pleno dia";"Decrescente";"Nublado";"Simples";"Reta";"Sim";2;0;0;1;0;1;1;2;-11,460693;-38,29510898;"SPRF-BA";"DEL01-BA";"UOP04-DEL01-BA"
287179;2020-05-30;"sábado";"16:40:00";"PE";101;75,1;"RECIFE";"Não guardar distância de segurança";"Colisão traseira";"Com Vítimas Feridas";"Anoitecer";"Decrescente";"Chuva";"Dupla";"Reta";"Sim";3;0;1;0;2;0;1;2;-8,10973523;-34,94660151;"SPRF-PE";"DEL01-PE";"UOP01-DEL01-PE"
287180;2020-05-30;"sábado";"16:45:00";"PE";316;142,6;"PARNAMIRIM";"Ingestão de Álcool";"Saída de leito carroçável";"Com Vítimas Feridas";"Anoitecer";"Crescente";"Céu Claro";"Simples";"Reta";"Não";1;0;1;0;0;0;1;1;-8,08687166;-39,60015985;"SPRF-PE";"DEL05-PE";"UOP02-DEL05-PE"
287181;2020-05-24;"domingo";"04:00:00";"MS";60;128;"PARAISO DAS AGUAS";"Condutor Dormindo";"Saída de leito carroçável";"Com Vítimas Feridas";"Plena Noite";"Crescente";"Nublado";"Simples";"Reta";"Não";2;0;0;1;1;0;1;1;-19,33851663;-53,47003105;"SPRF-MS";"DEL06-MS";"UOP02-DEL06-MS"
287182;2020-05-30;"sábado";"16:28:00";"SP";116;404,3;"MIRACATU";"Avarias e/ou desgaste excessivo no pneu";"Saída de leito carroçável";"Com Vítimas Fatais";"Pleno dia";"Decrescente";"Sol";"Dupla";"Reta";"Não";2;1;0;1;0;0;1;1;-24,32214037;-47,54024874;"SPRF-SP";"DEL04-SP";"UOP02-DEL04-SP"
287185;2020-05-30;"sábado";"15:20:00";"RN";304;298,5;"MACAIBA";"Não guardar distância de segurança";"Colisão traseira";"Com Vítimas Feridas";"Pleno dia";"Decrescente";"Chuva";"Dupla";"Reta";"Sim";3;0;1;0;2;0;1;2;-5,8682343;-35,3321791;"SPRF-RN";"DEL01-RN";"UOP02-DEL01-RN"
287186;2020-05-30;"sábado";"16:40:00";"MG";40;660,9;"CARANDAI";"Falta de Atenção à Condução";"Saída de leito carroçável";"Com Vítimas Feridas";"Pleno dia";"Decrescente";"Céu Claro";"Simples";"Curva";"Não";2;0;1;0;1;0;1;1;-20,89806015;-43,8232099;"SPRF-MG";"DEL05-MG";"UOP02-DEL05-MG"
287188;2020-05-30;"sábado";"16:38:00";"PR";277;545,1;"CASCAVEL";"Defeito Mecânico no Veículo";"Incêndio";"Sem Vítimas";"Pleno dia";"Decrescente";"Céu Claro";"Simples";"Reta";"Não";2;0;0;0;2;0;0;1;-25,10091106;-53,08088299;"SPRF-PR";"DEL04-PR";"UOP04-DEL04-PR"
287189;2020-05-30;"sábado";"11:05:00";"AM";319;709;"HUMAITA";"Defeito na Via";"Saída de leito carroçável";"Com Vítimas Fatais";"Pleno dia";"Decrescente";"Céu Claro";"Simples";"Curva";"Não";3;1;1;0;0;1;1;2;-7,79130807;-63,16072987;"SPRF-AM";"DEL01-AM";"UOP05-DEL01-AM"
287192;2020-05-30;"sábado";"16:15:00";"RR";174;491;"BOA VISTA";"Ingestão de Álcool";"Queda de ocupante de veículo";"Com Vítimas Feridas";"Pleno dia";"Decrescente";"Céu Claro";"Simples";"Curva";"Não";1;0;1;0;0;0;1;1;2,74190652;-60,75852178;"SPRF-RR";"DEL01-RR";"UOP01-DEL01-RR"
287193;2020-05-30;"sábado";"17:45:00";"PR";369;178;"ROLANDIA";"Falta de Atenção à Condução";"Saída de leito carroçável";"Com Vítimas Feridas";"Pleno dia";"Decrescente";"Céu Claro";"Dupla";"Interseção de Vias;Curva";"Não";1;0;1;0;0;0;1;1;-23,3496985;-51,3854775;"SPRF-PR";"DEL07-PR";"UOP01-DEL07-PR"
287194;2020-05-30;"sábado";"17:45:00";"SP";101;38,7;"UBATUBA";"Desobediência às normas de trânsito pelo condutor";"Colisão transversal";"Com Vítimas Fatais";"Anoitecer";"Decrescente";"Céu Claro";"Simples";"Curva";"Sim";3;1;0;0;2;0;0;2;-23,40739255;-45,01855016;"SPRF-SP";"DEL06-SP";"UOP01-DEL06-SP"
287195;2020-05-30;"sábado";"17:00:00";"RJ";101;590;"PARATY";"Falta de Atenção à Condução";"Colisão transversal";"Com Vítimas Feridas";"Anoitecer";"Crescente";"Céu Claro";"Simples";"Reta";"Não";3;0;3;0;0;0;3;2;-23,30840813;-44,70725998;"SPRF-RJ";"DEL03-RJ";"UOP04-DEL03-RJ"
287196;2020-05-30;"sábado";"16:40:00";"ES";101;277,8;"SERRA";"Falta de Atenção à Condução";"Saída de leito carroçável";"Sem Vítimas";"Anoitecer";"Decrescente";"Céu Claro";"Dupla";"Curva";"Não";1;0;0;0;0;1;0;1;-20,21307738;-40,32125972;"SPRF-ES";"DEL02-ES";"UOP01-DEL02-ES"
287198;2020-05-30;"sábado";"16:32:00";"RJ";101;334;"RIO DE JANEIRO";"Falta de Atenção à Condução";"Queda de ocupante de veículo";"Com Vítimas Feridas";"Pleno dia";"Crescente";"Céu Claro";"Simples";"Reta";"Sim";1;0;1;0;0;0;1;1;-22,88517902;-43,21704364;"SPRF-RJ";"DEL02-RJ";"UOP01-DEL02-RJ"
287201;2020-05-30;"sábado";"16:00:00";"RJ";116;32,1;"SAPUCAIA";"Falta de Atenção à Condução";"Queda de ocupante de veículo";"Com Vítimas Feridas";"Pleno dia";"Crescente";"Céu Claro";"Dupla";"Interseção de Vias";"Não";1;0;0;1;0;0;1;1;-22,09073106;-42,80869002;"SPRF-RJ";"DEL04-RJ";"UOP01-DEL04-RJ"
287202;2020-05-30;"sábado";"17:55:00";"ES";101;10;"PEDRO CANARIO";"Avarias e/ou desgaste excessivo no pneu";"Colisão com objeto estático";"Com Vítimas Feridas";"Plena Noite";"Crescente";"Nublado";"Simples";"Curva";"Não";5;0;1;0;4;0;1;1;-18,24799301;-39,95343802;"SPRF-ES";"DEL04-ES";"UOP02-DEL04-ES"
287205;2020-05-30;"sábado";"17:50:00";"GO";153;517;"HIDROLANDIA";"Velocidade Incompatível";"Saída de leito carroçável";"Com Vítimas Feridas";"Plena Noite";"Crescente";"Céu Claro";"Dupla";"Declive";"Não";3;0;0;2;0;1;2;2;-16,8581;-49,2488;"SPRF-GO";"DEL01-GO";"UOP03-DEL01-GO"
287206;2020-05-30;"sábado";"18:30:00";"SP";116;272,8;"TABOAO DA SERRA";"Desobediência às normas de trânsito pelo condutor";"Colisão frontal";"Sem Vítimas";"Plena Noite";"Decrescente";"Céu Claro";"Dupla";"Curva;Retorno Regulamentado";"Sim";2;0;0;0;2;0;0;2;-23,621691;-46,813288;"SPRF-SP";"DEL04-SP";"UOP01-DEL04-SP"
287207;2020-05-30;"sábado";"18:15:00";"MG";40;552,2;"NOVA LIMA";"Desobediência às normas de trânsito pelo condutor";"Colisão com objeto estático";"Com Vítimas Feridas";"Plena Noite";"Decrescente";"Céu Claro";"Simples";"Interseção de Vias";"Sim";1;0;1;0;0;0;1;1;-20,06676498;-43,98022413;"SPRF-MG";"DEL01-MG";"UOP02-DEL01-MG"
287209;2020-05-30;"sábado";"18:40:00";"GO";60;95,3;"ANAPOLIS";"Falta de Atenção à Condução";"Colisão lateral";"Com Vítimas Feridas";"Plena Noite";"Decrescente";"Céu Claro";"Dupla";"Reta";"Sim";2;0;0;1;1;0;1;2;-16,3679;-48,939;"SPRF-GO";"DEL02-GO";"UOP01-DEL02-GO"
287210;2020-05-30;"sábado";"18:30:00";"ES";101;177;"ARACRUZ";"Falta de Atenção à Condução";"Colisão transversal";"Com Vítimas Feridas";"Plena Noite";"Crescente";"Céu Claro";"Simples";"Reta";"Sim";4;0;1;0;3;0;1;2;-19,602874;-40,203264;"SPRF-ES";"DEL04-ES";"UOP01-DEL04-ES"
287211;2020-05-30;"sábado";"18:00:00";"GO";60;32;"ALEXANIA";"Ingestão de Álcool";"Saída de leito carroçável";"Com Vítimas Feridas";"Anoitecer";"Crescente";"Céu Claro";"Dupla";"Reta";"Sim";1;0;1;0;0;0;1;1;-16,0963;-48,5202;"SPRF-DF";"DEL03-DF";"UOP01-DEL03-DF"
287212;2020-05-30;"sábado";"19:10:00";"SP";116;272,8;"TABOAO DA SERRA";"Não guardar distância de segurança";"Colisão lateral";"Com Vítimas Feridas";"Plena Noite";"Decrescente";"Céu Claro";"Dupla";"Reta";"Sim";3;0;1;0;2;0;1;3;-23,621691;-46,813288;"SPRF-SP";"DEL04-SP";"UOP01-DEL04-SP"
287217;2020-05-30;"sábado";"17:30:00";"MS";158;3;"CASSILANDIA";"Falta de Atenção à Condução";"Colisão lateral";"Com Vítimas Feridas";"Anoitecer";"Crescente";"Céu Claro";"Simples";"Curva";"Sim";2;0;1;0;1;0;1;2;-19,12000951;-51,73939924;"SPRF-MS";"DEL08-MS";"UOP01-DEL08-MS"
287218;2020-05-30;"sábado";"19:35:00";"PR";116;9;"QUATRO BARRAS";"Ultrapassagem Indevida";"Colisão traseira";"Com Vítimas Feridas";"Plena Noite";"Decrescente";"Céu Claro";"Dupla";"Reta";"Sim";2;0;1;0;1;0;1;2;-25,37019332;-49,11992669;"SPRF-PR";"DEL01-PR";"UOP01-DEL01-PR"
287219;2020-05-30;"sábado";"18:50:00";"PR";116;106,8;"SAO JOSE DOS PINHAIS";"Falta de Atenção à Condução";"Saída de leito carroçável";"Sem Vítimas";"Plena Noite";"Crescente";"Céu Claro";"Dupla";"Reta";"Não";1;0;0;0;0;1;0;1;-25,57031739;-49,22149658;"SPRF-PR";"DEL01-PR";"UOP06-DEL01-PR"
287221;2020-05-30;"sábado";"19:00:00";"MG";40;529;"CONTAGEM";"Ingestão de Álcool";"Colisão lateral";"Sem Vítimas";"Plena Noite";"Crescente";"Céu Claro";"Dupla";"Curva";"Sim";2;0;0;0;2;0;0;2;-19,91635592;-44,03966566;"SPRF-MG";"DEL01-MG";"UOP02-DEL01-MG"
287222;2020-05-30;"sábado";"18:30:00";"MS";163;772;"PEDRO GOMES";"Falta de Atenção à Condução";"Saída de leito carroçável";"Com Vítimas Feridas";"Plena Noite";"Decrescente";"Céu Claro";"Simples";"Curva";"Não";1;0;1;0;0;0;1;1;-18,15529422;-54,67066723;"SPRF-MS";"DEL06-MS";"UOP01-DEL06-MS"
287223;2020-05-30;"sábado";"19:30:00";"RJ";101;200;"CASIMIRO DE ABREU";"Desobediência às normas de trânsito pelo condutor";"Colisão lateral";"Com Vítimas Feridas";"Plena Noite";"Crescente";"Céu Claro";"Dupla";"Retorno Regulamentado";"Sim";3;0;1;0;2;0;1;3;-22,48294819;-42,14400217;"SPRF-RJ";"DEL08-RJ";"UOP04-DEL08-RJ"
287224;2020-05-30;"sábado";"18:30:00";"AP";156;438;"TARTARUGALZINHO";"Falta de Atenção à Condução";"Capotamento";"Com Vítimas Feridas";"Anoitecer";"Decrescente";"Nublado";"Simples";"Reta";"Não";4;0;2;2;0;0;4;1;1,26377105;-50,96859303;"SPRF-AP";"DEL01-AP";"UOP02-DEL01-AP"
287225;2020-05-30;"sábado";"18:20:00";"RJ";101;297;"SAO GONCALO";"Condutor Dormindo";"Colisão com objeto estático";"Sem Vítimas";"Plena Noite";"Decrescente";"Céu Claro";"Dupla";"Curva";"Sim";1;0;0;0;1;0;0;1;-22,76942037;-42,91873581;"SPRF-RJ";"DEL02-RJ";"UOP03-DEL02-RJ"
287226;2020-05-30;"sábado";"18:20:00";"BA";116;361,8;"SERRINHA";"Ultrapassagem Indevida";"Colisão lateral";"Com Vítimas Feridas";"Plena Noite";"Crescente";"Céu Claro";"Simples";"Curva";"Não";2;0;0;1;1;0;1;2;-11,68178208;-38,99221112;"SPRF-BA";"DEL02-BA";"UOP01-DEL02-BA"
287227;2020-05-29;"sexta-feira";"07:15:00";"RS";285;125;"VACARIA";"Falta de Atenção à Condução";"Colisão lateral";"Com Vítimas Feridas";"Amanhecer";"Decrescente";"Céu Claro";"Simples";"Reta";"Sim";2;0;1;0;1;0;1;2;-28,47744335;-50,96557617;"SPRF-RS";"DEL05-RS";"UOP03-DEL05-RS"
287228;2020-05-30;"sábado";"19:00:00";"CE";222;4,5;"FORTALEZA";"Desobediência às normas de trânsito pelo condutor";"Colisão lateral";"Com Vítimas Feridas";"Plena Noite";"Decrescente";"Nublado";"Simples";"Reta";"Sim";2;0;0;1;1;0;1;2;-3,717618;-38,54337;"SPRF-CE";"DEL01-CE";"UOP01-DEL01-CE"
287230;2020-05-30;"sábado";"19:50:00";"MG";50;173;"UBERABA";"Animais na Pista";"Atropelamento de Animal";"Com Vítimas Feridas";"Plena Noite";"Decrescente";"Céu Claro";"Dupla";"Reta";"Não";2;0;1;0;1;0;1;1;-19,7624352;-47,97701547;"SPRF-MG";"DEL13-MG";"UOP01-DEL13-MG"
287231;2020-05-30;"sábado";"19:37:00";"PR";277;596,5;"CASCAVEL";"Desobediência às normas de trânsito pelo condutor";"Colisão lateral";"Com Vítimas Feridas";"Plena Noite";"Decrescente";"Céu Claro";"Dupla";"Reta";"Não";2;0;1;0;0;1;1;1;-24,98837665;-53,50778641;"SPRF-PR";"DEL04-PR";"UOP01-DEL04-PR"
287232;2020-05-30;"sábado";"19:30:00";"PR";277;157;"PALMEIRA";"Ingestão de Álcool";"Capotamento";"Sem Vítimas";"Plena Noite";"Crescente";"Céu Claro";"Simples";"Rotatória";"Não";2;0;0;0;2;0;0;1;-25,47289;-49,895964;"SPRF-PR";"DEL01-PR";"UOP03-DEL03-PR"
287233;2020-05-30;"sábado";"20:30:00";"PR";476;144;"CURITIBA";"Velocidade Incompatível";"Saída de leito carroçável";"Com Vítimas Feridas";"Plena Noite";"Decrescente";"Céu Claro";"Dupla";"Curva";"Sim";3;0;2;0;1;0;2;1;-25,542501;-49,313011;"SPRF-PR";"DEL01-PR";"UOP06-DEL01-PR"
287234;2020-05-30;"sábado";"17:30:00";"MG";153;54;"MONTE ALEGRE DE MINAS";"Falta de Atenção à Condução";"Saída de leito carroçável";"Sem Vítimas";"Pleno dia";"Decrescente";"Céu Claro";"Dupla";"Reta";"Não";1;0;0;0;1;0;0;1;-18,85277763;-49,08301967;"SPRF-MG";"DEL15-MG";"UOP03-DEL15-MG"
287236;2020-05-30;"sábado";"19:30:00";"ES";101;266,5;"SERRA";"Falta de Atenção à Condução";"Capotamento";"Com Vítimas Feridas";"Plena Noite";"Decrescente";"Céu Claro";"Dupla";"Reta";"Sim";2;0;1;1;0;0;2;1;-20,190199;-40,26828891;"SPRF-ES";"DEL02-ES";"UOP01-DEL02-ES"
287238;2020-05-30;"sábado";"20:30:00";"SP";153;50,7;"SAO JOSE DO RIO PRETO";"Velocidade Incompatível";"Colisão traseira";"Sem Vítimas";"Plena Noite";"Crescente";"Céu Claro";"Simples";"Reta";"Não";3;0;0;0;3;0;0;2;-20,70901101;-49,33909429;"SPRF-SP";"DEL09-SP";"UOP01-DEL09-SP"
287239;2020-05-30;"sábado";"18:30:00";"SC";282;521,6;"XAXIM";"Velocidade Incompatível";"Colisão transversal";"Com Vítimas Feridas";"Plena Noite";"Crescente";"Céu Claro";"Simples";"Rotatória";"Sim";4;0;3;0;0;1;3;2;-26,950993;-52,534767;"SPRF-SC";"DEL07-SC";"UOP01-DEL07-SC"
287240;2020-05-30;"sábado";"20:30:00";"GO";40;24;"LUZIANIA";"Ingestão de Álcool";"Colisão traseira";"Sem Vítimas";"Plena Noite";"Crescente";"Céu Claro";"Dupla";"Retorno Regulamentado";"Sim";2;0;0;0;2;0;0;2;-16,24617579;-47,9057014;"SPRF-DF";"DEL01-DF";"UOP01-DEL01-DF"
287241;2020-05-30;"sábado";"18:30:00";"MG";381;3,1;"BETIM";"Ingestão de Álcool";"Saída de leito carroçável";"Com Vítimas Feridas";"Pleno dia";"Decrescente";"Céu Claro";"Dupla";"Reta;Declive";"Não";2;0;1;0;1;0;1;2;-19,96825;-44,198708;"SPRF-MG";"DEL01-MG";"UOP03-DEL01-MG"
287242;2020-05-30;"sábado";"20:35:00";"GO";60;107;"GOIANAPOLIS";"Ingestão de Álcool";"Colisão lateral";"Sem Vítimas";"Plena Noite";"Crescente";"Céu Claro";"Dupla";"Reta";"Não";5;0;0;0;5;0;0;2;-16,431;-49,018;"SPRF-GO";"DEL02-GO";"UOP01-DEL02-GO"
287244;2020-05-30;"sábado";"21:05:00";"TO";153;139;"ARAGUAINA";"Desobediência às normas de trânsito pelo condutor";"Colisão traseira";"Com Vítimas Feridas";"Plena Noite";"Decrescente";"Céu Claro";"Múltipla";"Reta";"Sim";2;0;0;1;1;0;1;2;-7,16325275;-48,20698926;"SPRF-TO";"DEL02-TO";"UOP01-DEL02-TO"
287245;2020-05-30;"sábado";"20:40:00";"GO";40;4,1;"VALPARAISO DE GOIAS";"Falta de Atenção à Condução";"Saída de leito carroçável";"Sem Vítimas";"Plena Noite";"Decrescente";"Céu Claro";"Dupla";"Reta";"Sim";1;0;0;0;0;1;0;1;-16,092671;-47,982318;"SPRF-DF";"DEL01-DF";"UOP01-DEL01-DF"
287246;2020-05-30;"sábado";"21:00:00";"SP";116;218,5;"GUARULHOS";"Falta de Atenção à Condução";"Colisão com objeto estático";"Com Vítimas Feridas";"Plena Noite";"Crescente";"Céu Claro";"Múltipla";"Reta";"Sim";1;0;1;0;0;0;1;1;-23,457972;-46,479927;"SPRF-SP";"DEL01-SP";"UOP01-DEL01-SP"
287247;2020-05-30;"sábado";"18:20:00";"PR";277;594,8;"CASCAVEL";"Animais na Pista";"Atropelamento de Animal";"Com Vítimas Feridas";"Plena Noite";"Decrescente";"Céu Claro";"Simples";"Viaduto";"Sim";2;0;1;0;1;0;1;2;-24,9794792;-53,49232599;"SPRF-PR";"DEL04-PR";"UOP01-DEL04-PR"
287248;2020-05-30;"sábado";"16:40:00";"PA";10;301,1;"IRITUIA";"Falta de Atenção à Condução";"Saída de leito carroçável";"Com Vítimas Feridas";"Pleno dia";"Crescente";"Chuva";"Simples";"Reta";"Não";1;0;1;0;0;0;1;1;-1,79908701;-47,51402881;"SPRF-PA";"DEL02-PA";"UOP01-DEL02-PA"
287251;2020-05-30;"sábado";"19:00:00";"MT";364;256;"JUSCIMEIRA";"Defeito Mecânico no Veículo";"Saída de leito carroçável";"Sem Vítimas";"Plena Noite";"Crescente";"Céu Claro";"Simples";"Declive";"Não";1;0;0;0;1;0;0;1;-16,07280901;-54,87633602;"SPRF-MT";"DEL02-MT";"UOP01-DEL02-MT"
287252;2020-05-30;"sábado";"20:30:00";"GO";60;93;"ANAPOLIS";"Falta de Atenção à Condução";"Colisão traseira";"Com Vítimas Feridas";"Plena Noite";"Decrescente";"Céu Claro";"Simples";"Reta";"Sim";2;0;2;0;0;0;2;2;-16,3538;-48,9268;"SPRF-GO";"DEL02-GO";"UOP01-DEL02-GO"
287253;2020-05-30;"sábado";"21:40:00";"SC";280;11;"SAO FRANCISCO DO SUL";"Mal Súbito";"Capotamento";"Com Vítimas Feridas";"Plena Noite";"Crescente";"Céu Claro";"Simples";"Reta";"Não";2;0;2;0;0;0;2;1;-26,304752;-48,641014;"SPRF-SC";"DEL03-SC";"UOP03-DEL03-SC"
287255;2020-05-30;"sábado";"21:30:00";"GO";40;7,8;"VALPARAISO DE GOIAS";"Ingestão de Álcool";"Saída de leito carroçável";"Sem Vítimas";"Plena Noite";"Decrescente";"Céu Claro";"Dupla";"Reta";"Sim";3;0;0;0;3;0;0;1;-16,108482;-47,972524;"SPRF-DF";"DEL01-DF";"UOP01-DEL01-DF"