"id";"data_inversa";"dia_semana";"horario";"uf";"br";"km";"municipio";"causa_acidente";"tipo_acidente";"classificacao_acidente";"fase_dia";"sentido_via";"condicao_metereologica";"tipo_pista";"tracado_via";"uso_solo";"pessoas";"mortos";"feridos_leves";"feridos_graves";"ilesos";"ignorados";"feridos";"veiculos";"latitude";"longitude";"regional";"delegacia";"uop"
287256;2020-05-30;"sábado";"20:30:00";"SP";116;64,9;"GUARATINGUETA";"Falta de Atenção à Condução";"Colisão frontal";"Com Vítimas Feridas";"Plena Noite";"Crescente";"Nublado";"Dupla";"Curva";"Sim";1;0;1;0;0;0;1;1;-22,82316158;-45,19253969;"SPRF-SP";"DEL08-SP";"UOP01-DEL08-SP"
287258;2020-05-30;"sábado";"20:55:00";"MG";116;526,6;"CARATINGA";"Falta de Atenção à Condução";"Colisão lateral";"Com Vítimas Feridas";"Plena Noite";"Decrescente";"Nublado";"Simples";"Interseção de Vias";"Sim";2;0;1;0;1;0;1;2;-19,77654011;-42,13327989;"SPRF-MG";"DEL06-MG";"UOP02-DEL06-MG"
287259;2020-05-30;"sábado";"20:40:00";"PR";277;3,5;"PARANAGUA";"Falta de Atenção à Condução";"Colisão transversal";"Com Vítimas Feridas";"Plena Noite";"Decrescente";"Céu Claro";"Simples";"Reta";"Sim";3;0;0;1;2;0;1;2;-25,5463;-48,56016;"SPRF-PR";"DEL01-PR";"UOP05-DEL01-PR"
287261;2020-05-30;"sábado";"21:30:00";"RS";158;325;"SANTA MARIA";"Desobediência às normas de trânsito pelo condutor";"Colisão transversal";"Com Vítimas Feridas";"Plena Noite";"Decrescente";"Céu Claro";"Simples";"Interseção de Vias;Em Obras";"Sim";3;0;1;0;2;0;1;2;-29,7037466;-53,79524635;"SPRF-RS";"DEL09-RS";"UOP01-DEL09-RS"
287262;2020-05-30;"sábado";"22:00:00";"PR";116;35;"CAMPINA GRANDE DO SUL";"Falta de Atenção à Condução";"Saída de leito carroçável";"Sem Vítimas";"Plena Noite";"Crescente";"Céu Claro";"Dupla";"Reta";"Não";1;0;0;0;0;1;0;1;-25,12963654;-48,85751464;"SPRF-PR";"DEL01-PR";"UOP02-DEL01-PR"
287263;2020-05-30;"sábado";"21:00:00";"MG";116;275,7;"TEOFILO OTONI";"Desobediência às normas de trânsito pelo condutor";"Colisão transversal";"Com Vítimas Feridas";"Plena Noite";"Decrescente";"Ignorado";"Simples";"Reta";"Sim";2;0;1;0;0;1;1;2;-17,84235093;-41,51410418;"SPRF-MG";"DEL11-MG";"UOP01-DEL11-MG"
287264;2020-05-30;"sábado";"21:30:00";"PR";277;114;"CAMPO LARGO";"Desobediência às normas de trânsito pelo condutor";"Colisão transversal";"Com Vítimas Feridas";"Plena Noite";"Crescente";"Céu Claro";"Dupla";"Retorno Regulamentado";"Não";4;0;1;1;2;0;2;2;-25,44672888;-49,48789543;"SPRF-PR";"DEL01-PR";"UOP03-DEL03-PR"
287265;2020-05-30;"sábado";"21:30:00";"PR";376;3,5;"SAO JOSE DOS PINHAIS";"Desobediência às normas de trânsito pelo condutor";"Colisão frontal";"Com Vítimas Fatais";"Plena Noite";"Crescente";"Céu Claro";"Dupla";"Reta";"Sim";2;1;0;1;0;0;1;2;-25,5307;-49,1958;"SPRF-PR";"DEL01-PR";"UOP01-DEL01-PR"
287266;2020-05-30;"sábado";"22:00:00";"AL";104;92;"RIO LARGO";"Ingestão de Álcool";"Saída de leito carroçável";"Sem Vítimas";"Plena Noite";"Decrescente";"Chuva";"Dupla";"Reta";"Não";5;0;0;0;5;0;0;1;-9,51818474;-35,80329441;"SPRF-AL";"DEL01-AL";"UOP01-DEL01-AL"
287268;2020-05-30;"sábado";"21:25:00";"PR";476;171,8;"CONTENDA";"Falta de Atenção do Pedestre";"Atropelamento de Pedestre";"Com Vítimas Feridas";"Plena Noite";"Crescente";"Céu Claro";"Múltipla";"Reta";"Não";2;0;2;0;0;0;2;2;-25,672495;-49,510612;"SPRF-PR";"DEL01-PR";"UOP06-DEL01-PR"
287270;2020-05-30;"sábado";"23:20:00";"PR";277;0,3;"PARANAGUA";"Ultrapassagem Indevida";"Colisão lateral";"Com Vítimas Feridas";"Plena Noite";"Crescente";"Céu Claro";"Dupla";"Reta";"Sim";2;0;1;0;1;0;1;2;-25,568198;-48,615292;"SPRF-PR";"DEL01-PR";"UOP05-DEL01-PR"
287272;2020-05-30;"sábado";"22:50:00";"MG";381;478;"BETIM";"Falta de Atenção à Condução";"Colisão com objeto estático";"Sem Vítimas";"Plena Noite";"Decrescente";"Céu Claro";"Múltipla";"Declive;Reta";"Sim";1;0;0;0;0;1;0;1;-19,95826094;-44,05921101;"SPRF-MG";"DEL01-MG";"UOP03-DEL01-MG"
287274;2020-05-30;"sábado";"22:20:00";"RS";470;170,1;"VERANOPOLIS";"Velocidade Incompatível";"Saída de leito carroçável";"Com Vítimas Fatais";"Plena Noite";"Decrescente";"Céu Claro";"Simples";"Reta";"Não";1;1;0;0;0;0;0;1;-28,87759381;-51,54865807;"SPRF-RS";"DEL06-RS";"UOP02-DEL06-RS"
287275;2020-05-30;"sábado";"22:50:00";"RJ";465;15;"SEROPEDICA";"Falta de Atenção à Condução";"Colisão transversal";"Com Vítimas Feridas";"Plena Noite";"Crescente";"Céu Claro";"Simples";"Reta";"Sim";2;0;1;0;1;0;1;2;-22,810925;-43,631504;"SPRF-RJ";"DEL01-RJ";"UOP03-DEL01-RJ"
287276;2020-05-30;"sábado";"23:10:00";"SC";101;203;"SAO JOSE";"Desobediência às normas de trânsito pelo condutor";"Colisão transversal";"Com Vítimas Feridas";"Plena Noite";"Crescente";"Céu Claro";"Múltipla";"Viaduto;Interseção de Vias";"Sim";3;0;3;0;0;0;3;2;-27,56583692;-48,61465216;"SPRF-SC";"DEL01-SC";"UOP01-DEL01-SC"
287277;2020-05-30;"sábado";"22:40:00";"SC";101;194;"BIGUACU";"Falta de Atenção à Condução";"Capotamento";"Sem Vítimas";"Plena Noite";"Crescente";"Céu Claro";"Múltipla";"Reta";"Sim";1;0;0;0;0;1;0;1;-27,49815117;-48,65661236;"SPRF-SC";"DEL01-SC";"UOP01-DEL01-SC"
287278;2020-05-30;"sábado";"21:15:00";"PE";104;48,8;"CARUARU";"Falta de Atenção à Condução";"Colisão com objeto estático";"Sem Vítimas";"Plena Noite";"Crescente";"Chuva";"Dupla";"Reta";"Não";1;0;0;0;0;1;0;1;-8,1437;-35,9869;"SPRF-PE";"DEL02-PE";"UOP01-DEL02-PE"
287279;2020-05-30;"sábado";"22:00:00";"CE";222;315;"TIANGUA";"Ingestão de Álcool";"Colisão traseira";"Com Vítimas Feridas";"Plena Noite";"Decrescente";"Céu Claro";"Dupla";"Reta";"Sim";4;0;1;1;1;1;2;3;-3,738862;-41,005386;"SPRF-CE";"DEL04-CE";"UOP02-DEL04-CE"
287281;2020-05-30;"sábado";"22:10:00";"SC";282;223;"LAGES";"Ingestão de Álcool";"Colisão traseira";"Sem Vítimas";"Plena Noite";"Decrescente";"Nublado";"Simples";"Reta;Declive";"Sim";2;0;0;0;2;0;0;2;-27,800127;-50,362751;"SPRF-SC";"DEL05-SC";"UOP01-DEL05-SC"
287282;2020-05-30;"sábado";"23:40:00";"MG";40;493,7;"ESMERALDAS";"Condutor Dormindo";"Saída de leito carroçável";"Com Vítimas Feridas";"Plena Noite";"Crescente";"Céu Claro";"Dupla";"Curva;Aclive";"Não";4;0;3;0;1;0;3;1;-19,649936;-44,20002;"SPRF-MG";"DEL02-MG";"UOP01-DEL02-MG"
287283;2020-05-30;"sábado";"15:55:00";"RJ";40;124;"DUQUE DE CAXIAS";"Desobediência às normas de trânsito pelo condutor";"Colisão lateral";"Com Vítimas Feridas";"Pleno dia";"Decrescente";"Céu Claro";"Múltipla";"Reta";"Sim";3;0;0;1;2;0;1;3;-22,807953;-43,289124;"SPRF-RJ";"DEL01-RJ";"UOP01-DEL01-RJ"
287284;2020-05-30;"sábado";"23:10:00";"RO";174;15,3;"VILHENA";"Desobediência às normas de trânsito pelo condutor";"Colisão frontal";"Com Vítimas Feridas";"Plena Noite";"Crescente";"Nublado";"Simples";"Interseção de Vias";"Sim";2;0;1;0;1;0;1;2;-12,72597964;-60,1286459;"SPRF-RO";"DEL04-RO";"UOP01-DEL04-RO"
287285;2020-05-30;"sábado";"20:25:00";"RS";116;144,7;"CAXIAS DO SUL";"Ingestão de Álcool";"Colisão traseira";"Com Vítimas Feridas";"Plena Noite";"Decrescente";"Céu Claro";"Dupla";"Reta";"Sim";1;0;1;0;0;0;1;1;-29,1267449;-51,12768983;"SPRF-RS";"DEL05-RS";"UOP01-DEL05-RS"
287286;2020-05-30;"sábado";"18:40:00";"RS";116;115,7;"SAO MARCOS";"Desobediência às normas de trânsito pelo condutor";"Colisão transversal";"Com Vítimas Feridas";"Plena Noite";"Crescente";"Céu Claro";"Simples";"Interseção de Vias";"Sim";2;0;1;0;1;0;1;2;-28,9712;-51,072197;"SPRF-RS";"DEL05-RS";"UOP01-DEL05-RS"
287287;2020-05-30;"sábado";"18:30:00";"PR";277;12,4;"PARANAGUA";"Ingestão de Álcool";"Colisão transversal";"Sem Vítimas";"Plena Noite";"Decrescente";"Céu Claro";"Dupla";"Retorno Regulamentado";"Não";2;0;0;0;2;0;0;2;-25,56598156;-48,62239838;"SPRF-PR";"DEL01-PR";"UOP05-DEL01-PR"
287288;2020-05-31;"domingo";"00:20:00";"GO";60;92;"ANAPOLIS";"Ingestão de Álcool";"Colisão com objeto estático";"Sem Vítimas";"Plena Noite";"Crescente";"Céu Claro";"Simples";"Interseção de Vias";"Sim";1;0;0;0;1;0;0;1;-16,353;-48,9178;"SPRF-GO";"DEL02-GO";"UOP01-DEL02-GO"
287289;2020-05-30;"sábado";"23:45:00";"PR";277;522,4;"GUARANIACU";"Condutor Dormindo";"Colisão com objeto estático";"Com Vítimas Feridas";"Plena Noite";"Crescente";"Céu Claro";"Simples";"Interseção de Vias";"Não";2;0;2;0;0;0;2;1;-25,11018112;-52,85167802;"SPRF-PR";"DEL04-PR";"UOP04-DEL04-PR"
287290;2020-05-30;"sábado";"22:00:00";"CE";222;2,1;"FORTALEZA";"Defeito Mecânico no Veículo";"Colisão com objeto estático";"Com Vítimas Feridas";"Plena Noite";"Decrescente";"Garoa/Chuvisco";"Múltipla";"Reta";"Sim";2;0;1;0;1;0;1;1;-3,73911117;-38,58687498;"SPRF-CE";"DEL01-CE";"UOP01-DEL01-CE"
287291;2020-05-31;"domingo";"00:45:00";"RS";116;231,8;"ESTANCIA VELHA";"Ingestão de Álcool";"Saída de leito carroçável";"Sem Vítimas";"Plena Noite";"Crescente";"Céu Claro";"Simples";"Curva";"Não";1;0;0;0;1;0;0;1;-29,62815994;-51,13895416;"SPRF-RS";"DEL01-RS";"UOP02-DEL01-RS"
287292;2020-05-31;"domingo";"01:38:00";"GO";70;4;"AGUAS LINDAS DE GOIAS";"Ingestão de Álcool";"Colisão frontal";"Com Vítimas Fatais";"Plena Noite";"Crescente";"Céu Claro";"Dupla";"Reta;Declive";"Sim";3;1;1;1;0;0;2;2;-15,759838;-48,246011;"SPRF-DF";"DEL03-DF";"UOP02-DEL03-DF"
287293;2020-05-30;"sábado";"23:20:00";"RO";364;199;"PIMENTA BUENO";"Ingestão de Álcool";"Colisão com objeto estático";"Com Vítimas Feridas";"Plena Noite";"Decrescente";"Céu Claro";"Simples";"Aclive";"Sim";2;0;1;0;0;1;1;1;-11,661617;-61,191055;"SPRF-RO";"DEL02-RO";"UOP02-DEL02-RO"
287294;2020-05-31;"domingo";"01:15:00";"RS";392;5,6;"RIO GRANDE";"Velocidade Incompatível";"Saída de leito carroçável";"Com Vítimas Feridas";"Plena Noite";"Crescente";"Céu Claro";"Simples";"Reta";"Sim";1;0;1;0;0;0;1;1;-32,08018982;-52,10414529;"SPRF-RS";"DEL07-RS";"UOP02-DEL07-RS"
287295;2020-05-31;"domingo";"01:55:00";"PI";343;3,6;"TERESINA";"Falta de Atenção à Condução";"Colisão com objeto estático";"Com Vítimas Feridas";"Plena Noite";"Decrescente";"Céu Claro";"Múltipla";"Reta";"Sim";1;0;0;1;0;0;1;1;-5,089569;-42,802288;"SPRF-PI";"DEL01-PI";"UOP01-DEL01-PI"
287296;2020-05-31;"domingo";"01:21:00";"RJ";101;324;"NITEROI";"Ingestão de Álcool";"Colisão com objeto estático";"Com Vítimas Feridas";"Plena Noite";"Decrescente";"Céu Claro";"Dupla";"Reta";"Não";1;0;1;0;0;0;1;1;-22,87381074;-43,12640997;"SPRF-RJ";"DEL02-RJ";"UOP01-DEL02-RJ"
287297;2020-05-30;"sábado";"22:25:00";"RJ";116;169,2;"SAO JOAO DE MERITI";"Velocidade Incompatível";"Colisão com objeto estático";"Sem Vítimas";"Plena Noite";"Crescente";"Céu Claro";"Múltipla";"Reta";"Sim";1;0;0;0;0;1;0;1;-22,79102448;-43,36934751;"SPRF-RJ";"DEL01-RJ";"UOP02-DEL01-RJ"
287298;2020-05-31;"domingo";"03:10:00";"RJ";40;112;"DUQUE DE CAXIAS";"Defeito Mecânico no Veículo";"Tombamento";"Com Vítimas Feridas";"Plena Noite";"Crescente";"Céu Claro";"Dupla";"Reta";"Sim";2;0;2;0;0;0;2;1;-22,7004454;-43,29014851;"SPRF-RJ";"DEL01-RJ";"UOP01-DEL01-RJ"
287302;2020-05-31;"domingo";"01:50:00";"AC";364;123;"RIO BRANCO";"Ingestão de Álcool";"Saída de leito carroçável";"Sem Vítimas";"Plena Noite";"Decrescente";"Céu Claro";"Dupla";"Retorno Regulamentado";"Sim";1;0;0;0;1;0;0;1;-10,011858;-67,782195;"SPRF-AC";"DEL01-AC";"UOP01-DEL01-AC"
287304;2020-05-31;"domingo";"02:30:00";"SC";101;207,8;"SAO JOSE";"Falta de Atenção à Condução";"Saída de leito carroçável";"Sem Vítimas";"Plena Noite";"Crescente";"Céu Claro";"Múltipla";"Reta";"Sim";1;0;0;0;0;1;0;1;-27,60001226;-48,6226467;"SPRF-SC";"DEL01-SC";"UOP01-DEL01-SC"
287306;2020-05-31;"domingo";"04:00:00";"GO";40;23,1;"LUZIANIA";"Avarias e/ou desgaste excessivo no pneu";"Colisão com objeto estático";"Sem Vítimas";"Plena Noite";"Crescente";"Céu Claro";"Dupla";"Reta";"Sim";1;0;0;0;0;1;0;1;-16,236391;-47,912182;"SPRF-DF";"DEL01-DF";"UOP01-DEL01-DF"
287307;2020-05-31;"domingo";"04:05:00";"BA";101;522,5;"BUERAREMA";"Condutor Dormindo";"Saída de leito carroçável";"Com Vítimas Feridas";"Plena Noite";"Crescente";"Céu Claro";"Simples";"Reta";"Não";1;0;1;0;0;0;1;1;-14,95307746;-39,30599213;"SPRF-BA";"DEL05-BA";"UOP01-DEL05-BA"
287309;2020-05-31;"domingo";"03:00:00";"SC";282;568;"NOVA ERECHIM";"Ingestão de Álcool";"Colisão com objeto estático";"Sem Vítimas";"Pleno dia";"Decrescente";"Céu Claro";"Simples";"Reta";"Sim";1;0;0;0;1;0;0;1;-26,89622898;-52,91879296;"SPRF-SC";"DEL07-SC";"UOP02-DEL07-SC"
287310;2020-05-31;"domingo";"04:45:00";"SP";381;79;"SAO PAULO";"Desobediência às normas de trânsito pelo condutor";"Atropelamento de Pedestre";"Com Vítimas Feridas";"Plena Noite";"Crescente";"Céu Claro";"Dupla";"Reta";"Não";2;0;0;1;0;1;1;2;-23,40319901;-46,57564699;"SPRF-SP";"DEL03-SP";"UOP01-DEL03-SP"
287311;2020-05-31;"domingo";"03:00:00";"MG";116;756,2;"LEOPOLDINA";"Condutor Dormindo";"Saída de leito carroçável";"Com Vítimas Feridas";"Plena Noite";"Decrescente";"Céu Claro";"Simples";"Curva";"Não";1;0;0;1;0;0;1;1;-21,49227013;-42,58527793;"SPRF-MG";"DEL07-MG";"UOP01-DEL07-MG"
287312;2020-05-31;"domingo";"05:05:00";"MG";381;803;"SAO GONCALO DO SAPUCAI";"Ingestão de Álcool";"Saída de leito carroçável";"Sem Vítimas";"Plena Noite";"Crescente";"Nevoeiro/Neblina";"Dupla";"Curva";"Não";1;0;0;0;1;0;0;1;-21,99042653;-45,66660933;"SPRF-MG";"DEL16-MG";"UOP02-DEL16-MG"
287316;2020-05-31;"domingo";"06:00:00";"RN";101;82,6;"SAO GONCALO DO AMARANTE";"Ingestão de Álcool";"Colisão traseira";"Sem Vítimas";"Pleno dia";"Crescente";"Nublado";"Dupla";"Reta";"Sim";3;0;0;0;3;0;0;2;-5,76791511;-35,27456305;"SPRF-RN";"DEL02-RN";"UOP01-DEL02-RN"
287318;2020-05-31;"domingo";"06:15:00";"RS";116;40,2;"VACARIA";"Desobediência às normas de trânsito pelo condutor";"Saída de leito carroçável";"Com Vítimas Feridas";"Amanhecer";"Crescente";"Céu Claro";"Simples";"Reta";"Sim";1;0;1;0;0;0;1;1;-28,52010706;-50,94154282;"SPRF-RS";"DEL05-RS";"UOP03-DEL05-RS"
287320;2020-05-31;"domingo";"06:52:00";"DF";40;0,4;"BRASILIA";"Falta de Atenção à Condução";"Tombamento";"Com Vítimas Feridas";"Amanhecer";"Decrescente";"Céu Claro";"Simples";"Reta";"Não";1;0;1;0;0;0;1;1;-15,976897;-47,990129;"SPRF-DF";"DEL01-DF";"UOP01-DEL01-DF"
287321;2020-05-30;"sábado";"23:15:00";"PI";343;261;"CAMPO MAIOR";"Mal Súbito";"Queda de ocupante de veículo";"Com Vítimas Feridas";"Plena Noite";"Decrescente";"Nublado";"Simples";"Reta";"Não";1;0;0;1;0;0;1;1;-4,806726;-42,145878;"SPRF-PI";"DEL01-PI";"UOP03-DEL01-PI"
287323;2020-01-12;"domingo";"21:30:00";"PI";316;13,9;"TERESINA";"Falta de Atenção à Condução";"Saída de leito carroçável";"Com Vítimas Feridas";"Plena Noite";"Decrescente";"Céu Claro";"Dupla";"Retorno Regulamentado";"Sim";1;0;1;0;0;0;1;1;-5,21430903;-42,75480162;"SPRF-PI";"DEL01-PI";"UOP02-DEL01-PI"
287324;2020-05-30;"sábado";"16:20:00";"PR";373;190;"PONTA GROSSA";"Ingestão de Álcool";"Queda de ocupante de veículo";"Sem Vítimas";"Pleno dia";"Crescente";"Céu Claro";"Simples";"Reta";"Não";1;0;0;0;1;0;0;1;-25,05532599;-50,338175;"SPRF-PR";"DEL03-PR";"UOP01-DEL03-PR"
287325;2020-05-31;"domingo";"05:10:00";"SC";280;79;"CORUPA";"Ingestão de Álcool";"Colisão frontal";"Com Vítimas Feridas";"Plena Noite";"Crescente";"Céu Claro";"Simples";"Reta;Aclive";"Não";3;0;1;1;1;0;2;2;-26,42267896;-49,25298059;"SPRF-SC";"DEL06-SC";"UOP03-DEL06-SC"
287326;2020-05-31;"domingo";"05:30:00";"PR";163;288;"MARECHAL CANDIDO RONDON";"Ingestão de Álcool";"Saída de leito carroçável";"Com Vítimas Feridas";"Amanhecer";"Crescente";"Céu Claro";"Simples";"Curva";"Não";2;0;1;1;0;0;2;1;-24,55143816;-54,0412003;"SPRF-PR";"DEL06-PR";"UOP02-DEL06-PR"
287327;2020-05-31;"domingo";"04:50:00";"RR";401;4;"CANTA";"Falta de Atenção à Condução";"Saída de leito carroçável";"Sem Vítimas";"Amanhecer";"Decrescente";"Céu Claro";"Dupla";"Curva";"Sim";1;0;0;0;1;0;0;1;2,78964195;-60,65873803;"SPRF-RR";"DEL01-RR";"UOP01-DEL01-RR"
287330;2020-05-31;"domingo";"08:20:00";"PR";476;130;"CURITIBA";"Falta de Atenção à Condução";"Colisão traseira";"Com Vítimas Feridas";"Pleno dia";"Decrescente";"Céu Claro";"Múltipla";"Reta";"Sim";5;0;1;0;4;0;1;2;-25,449564;-49,236427;"SPRF-PR";"DEL01-PR";"UOP07-DEL01-PR"
287331;2020-05-31;"domingo";"09:15:00";"RJ";116;166;"RIO DE JANEIRO";"Falta de Atenção à Condução";"Colisão traseira";"Com Vítimas Feridas";"Pleno dia";"Crescente";"Céu Claro";"Múltipla";"Reta";"Sim";2;0;1;0;1;0;1;2;-22,81560263;-43,30051808;"SPRF-RJ";"DEL01-RJ";"UOP02-DEL01-RJ"
287332;2020-05-31;"domingo";"07:30:00";"SP";381;53;"ATIBAIA";"Falta de Atenção à Condução";"Colisão com objeto estático";"Com Vítimas Feridas";"Pleno dia";"Decrescente";"Céu Claro";"Dupla";"Curva";"Sim";5;0;5;0;0;0;5;1;-23,23727986;-46,59981085;"SPRF-SP";"DEL03-SP";"UOP01-DEL03-SP"
287333;2020-05-31;"domingo";"09:18:00";"RJ";116;166;"RIO DE JANEIRO";"Falta de Atenção à Condução";"Colisão lateral";"Sem Vítimas";"Pleno dia";"Crescente";"Céu Claro";"Múltipla";"Reta";"Sim";4;0;0;0;4;0;0;2;-22,80623084;-43,34252357;"SPRF-RJ";"DEL01-RJ";"UOP02-DEL01-RJ"
287335;2020-05-31;"domingo";"09:22:00";"DF";60;26,3;"BRASILIA";"Defeito Mecânico no Veículo";"Incêndio";"Sem Vítimas";"Pleno dia";"Decrescente";"Céu Claro";"Dupla";"Reta;Aclive";"Não";1;0;0;0;1;0;0;1;-16,003504;-48,245281;"SPRF-DF";"DEL03-DF";"UOP01-DEL03-DF"
287339;2020-05-31;"domingo";"09:40:00";"GO";153;496,1;"GOIANIA";"Falta de Atenção à Condução";"Colisão lateral";"Com Vítimas Feridas";"Pleno dia";"Crescente";"Sol";"Dupla";"Aclive";"Sim";2;0;1;0;0;1;1;2;-16,6776;-49,2314;"SPRF-GO";"DEL01-GO";"UOP01-DEL01-GO"
287340;2020-05-31;"domingo";"09:30:00";"BA";101;192;"CONCEICAO DA FEIRA";"Desobediência às normas de trânsito pelo condutor";"Colisão transversal";"Com Vítimas Feridas";"Pleno dia";"Crescente";"Céu Claro";"Dupla";"Reta";"Não";2;0;1;0;0;1;1;2;-12,60123002;-39,003896;"SPRF-BA";"DEL01-BA";"UOP03-DEL01-BA"
287344;2020-05-31;"domingo";"10:30:00";"RJ";493;116,7;"ITAGUAI";"Falta de Atenção à Condução";"Colisão lateral";"Com Vítimas Feridas";"Pleno dia";"Crescente";"Céu Claro";"Dupla";"Reta";"Não";2;0;1;0;1;0;1;2;-22,85141;-43,81199;"SPRF-RJ";"DEL03-RJ";"UOP01-DEL03-RJ"
287345;2020-05-31;"domingo";"11:10:00";"SC";470;106,7;"APIUNA";"Falta de Atenção à Condução";"Colisão traseira";"Com Vítimas Feridas";"Pleno dia";"Crescente";"Sol";"Simples";"Reta";"Não";3;0;2;0;1;0;2;2;-27,06581727;-49,41671848;"SPRF-SC";"DEL04-SC";"UOP02-DEL04-SC"
287346;2020-05-31;"domingo";"09:15:00";"SC";101;134;"BALNEARIO CAMBORIU";"Ingestão de Álcool";"Colisão com objeto estático";"Com Vítimas Feridas";"Pleno dia";"Crescente";"Céu Claro";"Dupla";"Reta";"Sim";1;0;1;0;0;0;1;1;-27,00218;-48,636433;"SPRF-SC";"DEL04-SC";"UOP03-DEL04-SC"
287347;2020-05-26;"terça-feira";"12:00:00";"MT";70;278;"PRIMAVERA DO LESTE";"Desobediência às normas de trânsito pelo condutor";"Colisão transversal";"Com Vítimas Feridas";"Pleno dia";"Crescente";"Sol";"Simples";"Reta";"Sim";2;0;1;0;1;0;1;2;-15,566322;-54,30398;"SPRF-MT";"DEL05-MT";"UOP01-DEL05-MT"
287348;2020-05-31;"domingo";"11:15:00";"PR";277;99,9;"CURITIBA";"Falta de Atenção à Condução";"Colisão lateral";"Com Vítimas Feridas";"Pleno dia";"Decrescente";"Céu Claro";"Dupla";"Reta";"Sim";2;0;2;0;0;0;2;2;-25,43224327;-49,36776817;"SPRF-PR";"DEL01-PR";"UOP06-DEL01-PR"
287349;2020-05-31;"domingo";"12:10:00";"TO";153;146,1;"ARAGUAINA";"Falta de Atenção à Condução";"Tombamento";"Com Vítimas Feridas";"Pleno dia";"Crescente";"Céu Claro";"Dupla";"Reta";"Sim";1;0;0;1;0;0;1;1;-7,21337786;-48,24431331;"SPRF-TO";"DEL02-TO";"UOP01-DEL02-TO"
287350;2020-05-31;"domingo";"11:40:00";"MG";40;799,5;"MATIAS BARBOSA";"Ingestão de Álcool";"Tombamento";"Com Vítimas Feridas";"Pleno dia";"Decrescente";"Céu Claro";"Dupla";"Curva";"Não";1;0;1;0;0;0;1;1;-21,82857001;-43,37364401;"SPRF-MG";"DEL05-MG";"UOP01-DEL05-MG"
287352;2020-05-31;"domingo";"12:30:00";"RS";116;403,1;"CAMAQUA";"Avarias e/ou desgaste excessivo no pneu";"Tombamento";"Com Vítimas Feridas";"Pleno dia";"Crescente";"Nublado";"Simples";"Reta";"Não";1;0;1;0;0;0;1;1;-30,88592936;-51,83355581;"SPRF-RS";"DEL02-RS";"UOP02-DEL02-RS"
287353;2020-05-31;"domingo";"10:45:00";"MS";60;592;"JARDIM";"Falta de Atenção à Condução";"Tombamento";"Com Vítimas Feridas";"Pleno dia";"Decrescente";"Céu Claro";"Simples";"Reta";"Sim";1;0;1;0;0;0;1;1;-21,48196992;-56,14179005;"SPRF-MS";"DEL05-MS";"UOP01-DEL05-MS"
287355;2020-05-31;"domingo";"13:00:00";"BA";116;562;"BREJOES";"Defeito Mecânico no Veículo";"Queda de ocupante de veículo";"Com Vítimas Feridas";"Pleno dia";"Crescente";"Céu Claro";"Simples";"Reta";"Não";2;0;2;0;0;0;2;1;-12,94874529;-39,91604463;"SPRF-BA";"DEL03-BA";"UOP02-DEL03-BA"
287356;2020-05-31;"domingo";"12:20:00";"SC";470;21,9;"ILHOTA";"Desobediência às normas de trânsito pelo condutor";"Colisão transversal";"Com Vítimas Feridas";"Pleno dia";"Crescente";"Céu Claro";"Simples";"Em Obras";"Não";3;0;0;1;1;1;1;3;-26,88007659;-48,83646011;"SPRF-SC";"DEL04-SC";"UOP04-DEL04-SC"
287357;2020-05-31;"domingo";"03:00:00";"RR";174;710;"PACARAIMA";"Falta de Atenção à Condução";"Saída de leito carroçável";"Sem Vítimas";"Plena Noite";"Decrescente";"Chuva";"Simples";"Declive";"Não";1;0;0;0;0;1;0;1;4,442535;-61,121841;"SPRF-RR";"SEOP-RR";"SEOP-RR"
287358;2020-05-31;"domingo";"12:00:00";"BA";101;182,7;"SAO GONCALO DOS CAMPOS";"Desobediência às normas de trânsito pelo condutor";"Atropelamento de Animal";"Com Vítimas Feridas";"Pleno dia";"Crescente";"Céu Claro";"Simples";"Reta";"Não";3;0;3;0;0;0;3;2;-12,445226;-38,922224;"SPRF-BA";"DEL01-BA";"UOP03-DEL01-BA"
287359;2020-05-31;"domingo";"10:30:00";"ES";262;180,3;"IBATIBA";"Velocidade Incompatível";"Saída de leito carroçável";"Com Vítimas Feridas";"Pleno dia";"Decrescente";"Sol";"Simples";"Curva";"Não";1;0;0;1;0;0;1;1;-20,29210047;-41,66992112;"SPRF-ES";"DEL01-ES";"UOP02-DEL01-ES"
287361;2020-05-31;"domingo";"13:40:00";"PB";230;88,9;"JOAO PESSOA";"Desobediência às normas de trânsito pelo condutor";"Colisão traseira";"Com Vítimas Feridas";"Pleno dia";"Crescente";"Céu Claro";"Dupla";"Reta";"Sim";2;0;0;1;1;0;1;2;-7,1639521;-34,8679347;"SPRF-PB";"DEL01-PB";"UOP03-DEL01-PB"
287362;2020-05-31;"domingo";"12:11:00";"CE";222;297,8;"TIANGUA";"Pista Escorregadia";"Tombamento";"Com Vítimas Feridas";"Pleno dia";"Crescente";"Chuva";"Simples";"Curva";"Não";2;0;1;0;1;0;1;1;-3,64892931;-40,92982292;"SPRF-CE";"DEL04-CE";"UOP02-DEL04-CE"
287363;2020-05-31;"domingo";"13:30:00";"RJ";393;104;"SAPUCAIA";"Falta de Atenção à Condução";"Colisão transversal";"Com Vítimas Feridas";"Pleno dia";"Decrescente";"Céu Claro";"Simples";"Reta";"Sim";3;0;1;0;2;0;1;2;-21,874243;-42,66758;"SPRF-RJ";"DEL05-RJ";"UOP01-DEL05-RJ"