"id";"data_inversa";"dia_semana";"horario";"uf";"br";"km";"municipio";"causa_acidente";"tipo_acidente";"classificacao_acidente";"fase_dia";"sentido_via";"condicao_metereologica";"tipo_pista";"tracado_via";"uso_solo";"pessoas";"mortos";"feridos_leves";"feridos_graves";"ilesos";"ignorados";"feridos";"veiculos";"latitude";"longitude";"regional";"delegacia";"uop"
287470;2020-05-31;"domingo";"20:40:00";"PI";402;53,8;"LUIS CORREIA";"Animais na Pista";"Atropelamento de Animal";"Com Vítimas Feridas";"Plena Noite";"Decrescente";"Céu Claro";"Simples";"Reta";"Não";1;0;0;1;0;0;1;1;-3,04508285;-41,62191868;"SPRF-PI";"DEL05-PI";"UOP01-DEL05-PI"
287471;2020-05-31;"domingo";"17:15:00";"SC";280;20;"ARAQUARI";"Ingestão de Álcool";"Colisão transversal";"Sem Vítimas";"Plena Noite";"Crescente";"Céu Claro";"Simples";"Interseção de Vias";"Não";2;0;0;0;2;0;0;2;-26,36990477;-48,68224301;"SPRF-SC";"DEL03-SC";"UOP03-DEL03-SC"
287472;2020-05-31;"domingo";"19:50:00";"RS";116;340;"BARRA DO RIBEIRO";"Falta de Atenção à Condução";"Saída de leito carroçável";"Com Vítimas Feridas";"Plena Noite";"Crescente";"Nublado";"Simples";"Reta";"Não";1;0;1;0;0;0;1;1;-30,45498686;-51,48924825;"SPRF-RS";"DEL02-RS";"UOP02-DEL02-RS"
287473;2020-05-31;"domingo";"21:20:00";"MG";356;269,9;"MURIAE";"Falta de Atenção à Condução";"Colisão traseira";"Com Vítimas Feridas";"Plena Noite";"Decrescente";"Céu Claro";"Simples";"Curva";"Sim";2;0;0;1;1;0;1;2;-21,12665618;-42,33310204;"SPRF-MG";"DEL07-MG";"UOP02-DEL07-MG"
287474;2020-05-31;"domingo";"22:00:00";"CE";20;432;"EUSEBIO";"Sinalização da via insuficiente ou inadequada";"Colisão com objeto estático";"Com Vítimas Fatais";"Plena Noite";"Crescente";"Céu Claro";"Dupla";"Curva;Em Obras";"Sim";1;1;0;0;0;0;0;1;-3,86365;-38,4707712;"SPRF-CE";"DEL01-CE";"UOP02-DEL01-CE"
287475;2020-05-31;"domingo";"20:30:00";"AC";364;129;"RIO BRANCO";"Defeito na Via";"Tombamento";"Com Vítimas Feridas";"Plena Noite";"Decrescente";"Céu Claro";"Simples";"Reta";"Sim";1;0;1;0;0;0;1;1;-10,02882024;-67,82932804;"SPRF-AC";"DEL01-AC";"UOP01-DEL01-AC"
287477;2020-05-31;"domingo";"22:30:00";"MG";40;802;"MATIAS BARBOSA";"Animais na Pista";"Atropelamento de Animal";"Com Vítimas Feridas";"Plena Noite";"Crescente";"Nublado";"Dupla";"Reta";"Não";1;0;1;0;0;0;1;1;-21,85254954;-43,37996627;"SPRF-MG";"DEL05-MG";"UOP01-DEL05-MG"
287478;2020-05-31;"domingo";"18:30:00";"RO";421;64;"MONTE NEGRO";"Ingestão de Álcool";"Saída de leito carroçável";"Com Vítimas Feridas";"Anoitecer";"Crescente";"Céu Claro";"Simples";"Aclive";"Não";3;0;2;0;1;0;2;1;-10,347285;-63,382229;"SPRF-RO";"DEL03-RO";"UOP01-DEL03-RO"
287479;2020-05-31;"domingo";"21:15:00";"MA";316;551;"CAXIAS";"Pista Escorregadia";"Capotamento";"Com Vítimas Feridas";"Plena Noite";"Decrescente";"Chuva";"Simples";"Ponte";"Não";1;0;1;0;0;0;1;1;-4,886332;-43,353386;"SPRF-MA";"DEL03-MA";"UOP02-DEL03-MA"
287480;2020-05-31;"domingo";"21:30:00";"BA";101;358;"GANDU";"Falta de Atenção à Condução";"Colisão frontal";"Com Vítimas Feridas";"Plena Noite";"Crescente";"Céu Claro";"Simples";"Reta";"Sim";2;0;0;1;1;0;1;2;-13,81514011;-39,49687936;"SPRF-BA";"DEL05-BA";"UOP03-DEL05-BA"
287481;2020-05-31;"domingo";"22:50:00";"TO";153;145,8;"ARAGUAINA";"Velocidade Incompatível";"Tombamento";"Com Vítimas Fatais";"Plena Noite";"Crescente";"Céu Claro";"Dupla";"Reta";"Sim";2;1;1;0;0;0;1;2;-7,20503614;-48,24035166;"SPRF-TO";"DEL02-TO";"UOP01-DEL02-TO"
287482;2020-05-31;"domingo";"20:00:00";"SC";470;240,3;"CURITIBANOS";"Ultrapassagem Indevida";"Colisão frontal";"Com Vítimas Feridas";"Plena Noite";"Decrescente";"Nublado";"Simples";"Aclive;Curva";"Não";3;0;0;2;0;1;2;3;-27,306107;-50,481949;"SPRF-SC";"DEL05-SC";"UOP03-DEL05-SC"
287483;2020-05-31;"domingo";"21:40:00";"MT";364;209;"RONDONOPOLIS";"Sinalização da via insuficiente ou inadequada";"Capotamento";"Com Vítimas Feridas";"Plena Noite";"Crescente";"Ignorado";"Dupla";"Reta";"Não";1;0;1;0;0;0;1;1;-16,42894942;-54,6933816;"SPRF-MT";"DEL02-MT";"UOP01-DEL02-MT"
287484;2020-05-31;"domingo";"22:50:00";"ES";101;167,7;"LINHARES";"Condutor Dormindo";"Colisão traseira";"Com Vítimas Feridas";"Plena Noite";"Decrescente";"Céu Claro";"Simples";"Reta";"Não";3;0;0;2;1;0;2;2;-19,52734804;-40,15218496;"SPRF-ES";"DEL04-ES";"UOP01-DEL04-ES"
287485;2020-05-31;"domingo";"19:25:00";"PR";376;159,7;"MANDAGUACU";"Falta de Atenção à Condução";"Saída de leito carroçável";"Com Vítimas Feridas";"Plena Noite";"Crescente";"Céu Claro";"Dupla";"Reta";"Sim";4;0;1;0;3;0;1;1;-23,36498136;-52,07632098;"SPRF-PR";"DEL09-PR";"UOP01-DEL09-PR"
287486;2020-05-31;"domingo";"23:15:00";"RJ";101;475;"ANGRA DOS REIS";"Falta de Atenção à Condução";"Saída de leito carroçável";"Com Vítimas Feridas";"Plena Noite";"Crescente";"Céu Claro";"Simples";"Reta";"Não";1;0;1;0;0;0;1;1;-23,00030529;-44,25655988;"SPRF-RJ";"DEL03-RJ";"UOP03-DEL03-RJ"
287489;2020-05-31;"domingo";"22:25:00";"RO";364;237,2;"CACOAL";"Desobediência às normas de trânsito pelo condutor";"Colisão transversal";"Com Vítimas Feridas";"Plena Noite";"Decrescente";"Céu Claro";"Simples";"Retorno Regulamentado";"Sim";3;0;0;3;0;0;3;2;-11,442175;-61,448914;"SPRF-RO";"DEL02-RO";"UOP02-DEL02-RO"
287490;2020-05-31;"domingo";"22:30:00";"MG";381;560;"ITAGUARA";"Falta de Atenção à Condução";"Saída de leito carroçável";"Sem Vítimas";"Plena Noite";"Decrescente";"Céu Claro";"Dupla";"Curva";"Não";1;0;0;0;1;0;0;1;-20,38551554;-44,48916608;"SPRF-MG";"DEL04-MG";"UOP03-DEL04-MG"
287491;2020-05-31;"domingo";"23:35:00";"MG";116;413;"GOVERNADOR VALADARES";"Falta de Atenção à Condução";"Colisão lateral";"Com Vítimas Feridas";"Plena Noite";"Crescente";"Céu Claro";"Simples";"Reta";"Não";2;0;1;0;0;1;1;2;-18,86210781;-41,97463989;"SPRF-MG";"DEL06-MG";"UOP01-DEL06-MG"
287492;2020-05-31;"domingo";"22:45:00";"PR";116;121;"CURITIBA";"Ingestão de Álcool";"Colisão com objeto estático";"Sem Vítimas";"Plena Noite";"Decrescente";"Céu Claro";"Dupla";"Reta";"Sim";1;0;0;0;1;0;0;1;-25,5599323;-49,30743945;"SPRF-PR";"DEL01-PR";"UOP03-DEL01-PR"
287493;2020-05-31;"domingo";"23:25:00";"SC";470;60;"BLUMENAU";"Condutor Dormindo";"Saída de leito carroçável";"Sem Vítimas";"Plena Noite";"Crescente";"Céu Claro";"Simples";"Reta";"Sim";1;0;0;0;1;0;0;1;-26,88138;-49,164543;"SPRF-SC";"DEL04-SC";"UOP01-DEL04-SC"
287494;2020-05-31;"domingo";"23:10:00";"GO";40;3,5;"VALPARAISO DE GOIAS";"Ingestão de Álcool";"Engavetamento";"Sem Vítimas";"Pleno dia";"Crescente";"Céu Claro";"Dupla";"Reta";"Sim";6;0;0;0;6;0;0;3;-16,076081;-47,985671;"SPRF-DF";"DEL01-DF";"UOP01-DEL01-DF"
287495;2020-05-31;"domingo";"18:30:00";"PI";230;198,1;"OEIRAS";"Desobediência às normas de trânsito pelo condutor";"Colisão transversal";"Com Vítimas Feridas";"Plena Noite";"Crescente";"Céu Claro";"Simples";"Reta";"Sim";3;0;0;1;2;0;1;2;-7,013799;-42,135582;"SPRF-PI";"DEL04-PI";"UOP01-DEL04-PI"
287496;2020-05-31;"domingo";"23:30:00";"MA";135;3,2;"SAO LUIS";"Desobediência às normas de trânsito pelo condutor";"Colisão frontal";"Com Vítimas Feridas";"Plena Noite";"Decrescente";"Céu Claro";"Dupla";"Reta";"Sim";3;0;0;2;1;0;2;2;-2,606802;-44,247512;"SPRF-MA";"DEL01-MA";"UOP01-DEL01-MA"
287498;2020-05-31;"domingo";"21:00:00";"MT";364;544;"ROSARIO OESTE";"Desobediência às normas de trânsito pelo condutor";"Colisão frontal";"Com Vítimas Feridas";"Plena Noite";"Decrescente";"Céu Claro";"Dupla";"Reta";"Sim";3;0;0;1;2;0;1;2;-14,89642704;-56,46577384;"SPRF-MT";"DEL01-MT";"UOP01-DEL01-MT"
287499;2020-06-01;"segunda-feira";"00:20:00";"RJ";101;313,2;"SAO GONCALO";"Falta de Atenção à Condução";"Colisão com objeto estático";"Sem Vítimas";"Plena Noite";"Crescente";"Céu Claro";"Dupla";"Reta";"Sim";1;0;0;0;0;1;0;1;-22,81049093;-43,06983304;"SPRF-RJ";"DEL02-RJ";"UOP02-DEL02-RJ"
287500;2020-05-31;"domingo";"22:15:00";"MS";163;257,2;"DOURADOS";"Ingestão de Álcool";"Tombamento";"Com Vítimas Feridas";"Plena Noite";"Crescente";"Céu Claro";"Dupla";"Reta";"Sim";1;0;0;1;0;0;1;1;-22,25905621;-54,792653;"SPRF-MS";"DEL04-MS";"UOP01-DEL04-MS"
287501;2020-05-31;"domingo";"21:00:00";"MG";116;549,3;"SANTA BARBARA DO LESTE";"Velocidade Incompatível";"Saída de leito carroçável";"Com Vítimas Fatais";"Plena Noite";"Decrescente";"Céu Claro";"Simples";"Curva";"Não";1;1;0;0;0;0;0;1;-19,960735;-42,13329299;"SPRF-MG";"DEL06-MG";"UOP02-DEL06-MG"
287502;2020-03-14;"sábado";"22:30:00";"PA";222;89,1;"RONDON DO PARA";"Desobediência às normas de trânsito pelo condutor";"Colisão frontal";"Com Vítimas Fatais";"Plena Noite";"Decrescente";"Chuva";"Simples";"Reta";"Não";2;1;0;0;1;0;0;2;-4,697186;-47,959114;"SPRF-PA";"DEL02-PA";"UOP02-DEL02-PA"
287503;2020-05-31;"domingo";"23:30:00";"BA";0;0;"RIO REAL";"Desobediência às normas de trânsito pelo condutor";"Colisão com objeto estático";"Sem Vítimas";"Plena Noite";"Não Informado";"Céu Claro";"Simples";"Reta";"Não";5;0;0;0;2;3;0;3;-11,70657288;-37,91374808;"SPRF-SE";"DEL02-SE";"UOP03-DEL02-SE"
287504;2020-06-01;"segunda-feira";"00:25:00";"RJ";101;62;"CAMPOS DOS GOYTACAZES";"Desobediência às normas de trânsito pelo condutor";"Colisão com objeto estático";"Sem Vítimas";"Pleno dia";"Crescente";"Céu Claro";"Simples";"Curva";"Sim";2;0;0;0;2;0;0;2;-21,73608468;-41,32617453;"SPRF-RJ";"DEL08-RJ";"UOP01-DEL08-RJ"
287505;2020-06-01;"segunda-feira";"00:45:00";"CE";116;503,7;"BREJO SANTO";"Falta de Atenção à Condução";"Colisão com objeto estático";"Com Vítimas Fatais";"Plena Noite";"Crescente";"Garoa/Chuvisco";"Simples";"Reta";"Sim";1;1;0;0;0;0;0;1;-7,502548;-38,985578;"SPRF-CE";"DEL05-CE";"UOP03-DEL05-CE"
287506;2020-05-31;"domingo";"21:30:00";"MG";365;156;"PIRAPORA";"Animais na Pista";"Atropelamento de Animal";"Com Vítimas Feridas";"Plena Noite";"Decrescente";"Céu Claro";"Simples";"Reta";"Não";3;0;1;0;2;0;1;1;-17,18921066;-44,81125334;"SPRF-MG";"DEL12-MG";"UOP01-DEL12-MG"
287507;2020-05-31;"domingo";"22:10:00";"RJ";101;437;"MANGARATIBA";"Falta de Atenção à Condução";"Saída de leito carroçável";"Sem Vítimas";"Plena Noite";"Decrescente";"Céu Claro";"Simples";"Curva";"Não";1;0;0;0;1;0;0;1;-22,93724723;-44,04629489;"SPRF-RJ";"DEL03-RJ";"UOP01-DEL03-RJ"
287512;2020-06-01;"segunda-feira";"02:35:00";"PE";101;47,9;"ABREU E LIMA";"Falta de Atenção à Condução";"Colisão com objeto estático";"Com Vítimas Feridas";"Plena Noite";"Decrescente";"Garoa/Chuvisco";"Múltipla";"Reta";"Sim";1;0;1;0;0;0;1;1;-7,89174705;-34,9033493;"SPRF-PE";"DEL01-PE";"UOP02-DEL01-PE"
287513;2020-05-19;"terça-feira";"09:05:00";"BA";324;516,8;"FEIRA DE SANTANA";"Desobediência às normas de trânsito pelo condutor";"Colisão lateral";"Com Vítimas Feridas";"Pleno dia";"Decrescente";"Nublado";"Simples";"Reta";"Sim";3;0;0;1;2;0;1;3;-12,2417119;-38,93768485;"SPRF-BA";"DEL02-BA";"UOP01-DEL02-BA"
287514;2020-06-01;"segunda-feira";"04:30:00";"PR";476;117;"COLOMBO";"Velocidade Incompatível";"Capotamento";"Sem Vítimas";"Plena Noite";"Decrescente";"Céu Claro";"Múltipla";"Aclive;Curva";"Sim";1;0;0;0;0;1;0;1;-25,348623;-49,175663;"SPRF-PR";"DEL01-PR";"UOP07-DEL01-PR"
287515;2020-06-01;"segunda-feira";"02:00:00";"SP";381;83;"SAO PAULO";"Falta de Atenção à Condução";"Colisão com objeto estático";"Sem Vítimas";"Plena Noite";"Decrescente";"Nevoeiro/Neblina";"Dupla";"Reta";"Sim";1;0;0;0;0;1;0;1;-23,4309671;-46,56998022;"SPRF-SP";"DEL03-SP";"UOP01-DEL03-SP"
287517;2020-06-01;"segunda-feira";"04:40:00";"ES";101;296;"CARIACICA";"Falta de Atenção à Condução";"Colisão com objeto estático";"Sem Vítimas";"Plena Noite";"Crescente";"Céu Claro";"Múltipla";"Aclive";"Sim";1;0;0;0;0;1;0;1;-20,34029997;-40,40405712;"SPRF-ES";"DEL01-ES";"UOP01-DEL01-ES"
287519;2020-06-01;"segunda-feira";"06:15:00";"PR";476;129;"CURITIBA";"Falta de Atenção à Condução";"Queda de ocupante de veículo";"Com Vítimas Feridas";"Amanhecer";"Crescente";"Ignorado";"Simples";"Curva";"Sim";1;0;1;0;0;0;1;1;-25,440983;-49,233715;"SPRF-PR";"DEL01-PR";"UOP07-DEL01-PR"
287520;2020-06-01;"segunda-feira";"06:20:00";"PE";101;20;"GOIANA";"Falta de Atenção à Condução";"Saída de leito carroçável";"Com Vítimas Feridas";"Pleno dia";"Crescente";"Céu Claro";"Dupla";"Reta";"Não";1;0;0;1;0;0;1;1;-7,66042701;-34,93780401;"SPRF-PE";"DEL01-PE";"UOP02-DEL01-PE"
287525;2020-06-01;"segunda-feira";"06:55:00";"SC";101;206;"SAO JOSE";"Falta de Atenção à Condução";"Colisão com objeto estático";"Com Vítimas Feridas";"Pleno dia";"Crescente";"Nublado";"Múltipla";"Reta";"Sim";4;0;1;0;3;0;1;3;-27,59193546;-48,61824557;"SPRF-SC";"DEL01-SC";"UOP01-DEL01-SC"
287526;2020-06-01;"segunda-feira";"06:20:00";"RN";101;108;"PARNAMIRIM";"Desobediência às normas de trânsito pelo condutor";"Colisão transversal";"Com Vítimas Feridas";"Pleno dia";"Decrescente";"Céu Claro";"Dupla";"Reta";"Sim";3;0;1;0;1;1;1;2;-5,92825102;-35,26465683;"SPRF-RN";"DEL01-RN";"UOP01-DEL01-RN"
287527;2020-06-01;"segunda-feira";"06:45:00";"BA";324;594;"CANDEIAS";"Falta de Atenção à Condução";"Colisão traseira";"Com Vítimas Feridas";"Pleno dia";"Crescente";"Nublado";"Dupla";"Reta";"Não";3;0;1;0;2;0;1;2;-12,70742041;-38,46251062;"SPRF-BA";"DEL01-BA";"UOP01-DEL01-BA"
287530;2020-06-01;"segunda-feira";"07:00:00";"RS";290;53;"GLORINHA";"Defeito Mecânico no Veículo";"Incêndio";"Sem Vítimas";"Pleno dia";"Decrescente";"Céu Claro";"Dupla";"Reta";"Não";1;0;0;0;1;0;0;1;-29,912077;-50,787758;"SPRF-RS";"DEL03-RS";"UOP01-DEL03-RS"
287532;2020-05-16;"sábado";"06:00:00";"MG";116;43,2;"PEDRA AZUL";"Condutor Dormindo";"Colisão com objeto estático";"Com Vítimas Feridas";"Pleno dia";"Decrescente";"Nublado";"Simples";"Curva";"Não";3;0;0;3;0;0;3;1;-16,00682757;-41,41305334;"SPRF-MG";"DEL11-MG";"UOP02-DEL11-MG"
287533;2020-01-25;"sábado";"08:45:00";"RJ";116;168;"SAO JOAO DE MERITI";"Ingestão de Álcool";"Colisão traseira";"Com Vítimas Feridas";"Pleno dia";"Decrescente";"Céu Claro";"Dupla";"Reta";"Sim";3;0;1;0;2;0;1;3;-22,819969;-43,31499997;"SPRF-RJ";"DEL01-RJ";"UOP02-DEL01-RJ"
287535;2020-06-01;"segunda-feira";"07:40:00";"SC";101;203;"SAO JOSE";"Não guardar distância de segurança";"Colisão traseira";"Com Vítimas Feridas";"Pleno dia";"Crescente";"Nublado";"Dupla";"Reta";"Sim";3;0;2;0;1;0;2;2;-27,5688233;-48,61383677;"SPRF-SC";"DEL01-SC";"UOP01-DEL01-SC"
287539;2020-05-12;"terça-feira";"18:00:00";"MG";116;277,8;"TEOFILO OTONI";"Falta de Atenção à Condução";"Tombamento";"Com Vítimas Feridas";"Plena Noite";"Crescente";"Céu Claro";"Simples";"Reta";"Sim";3;0;0;1;1;1;1;2;-17,86716331;-41,5168423;"SPRF-MG";"DEL11-MG";"UOP01-DEL11-MG"
287540;2020-06-01;"segunda-feira";"08:30:00";"RN";405;1;"MOSSORO";"Falta de Atenção à Condução";"Colisão lateral";"Com Vítimas Feridas";"Pleno dia";"Decrescente";"Céu Claro";"Dupla";"Reta";"Sim";2;0;2;0;0;0;2;2;-5,19170196;-37,361471;"SPRF-RN";"DEL04-RN";"UOP02-DEL04-RN"
287542;2020-02-08;"sábado";"22:15:00";"PR";153;22;"CAMBARA";"Falta de Atenção à Condução";"Colisão traseira";"Com Vítimas Feridas";"Plena Noite";"Decrescente";"Nublado";"Simples";"Reta";"Não";3;0;1;1;1;0;2;2;-23,0424392;-50,10166883;"SPRF-PR";"DEL07-PR";"UOP04-DEL07-PR"
287543;2020-06-01;"segunda-feira";"08:10:00";"MG";381;326;"NOVA ERA";"Condutor Dormindo";"Saída de leito carroçável";"Com Vítimas Feridas";"Pleno dia";"Decrescente";"Céu Claro";"Simples";"Curva";"Sim";1;0;1;0;0;0;1;1;-19,76186464;-43,04442797;"SPRF-MG";"DEL03-MG";"UOP02-DEL03-MG"
287544;2020-06-01;"segunda-feira";"07:45:00";"PR";277;408,6;"CANDOI";"Pista Escorregadia";"Colisão com objeto estático";"Com Vítimas Feridas";"Amanhecer";"Decrescente";"Chuva";"Simples";"Curva";"Não";1;0;1;0;0;0;1;1;-25,42003554;-52,03256076;"SPRF-PR";"DEL04-PR";"UOP02-DEL04-PR"
287545;2020-06-01;"segunda-feira";"08:10:00";"MG";262;85;"ABRE CAMPO";"Velocidade Incompatível";"Colisão frontal";"Com Vítimas Feridas";"Pleno dia";"Crescente";"Céu Claro";"Simples";"Reta";"Não";4;0;1;3;0;0;4;2;-20,33869519;-42,42127699;"SPRF-MG";"DEL03-MG";"UOP03-DEL03-MG"
287547;2020-06-01;"segunda-feira";"09:15:00";"ES";101;265,5;"SERRA";"Velocidade Incompatível";"Colisão transversal";"Com Vítimas Feridas";"Pleno dia";"Decrescente";"Céu Claro";"Simples";"Interseção de Vias;Reta";"Sim";2;0;1;0;1;0;1;2;-20,1816849;-40,26536036;"SPRF-ES";"DEL02-ES";"UOP01-DEL02-ES"
287548;2020-06-01;"segunda-feira";"08:30:00";"RO";364;425,6;"JARU";"Velocidade Incompatível";"Tombamento";"Com Vítimas Feridas";"Pleno dia";"Crescente";"Sol";"Múltipla";"Reta";"Sim";1;0;1;0;0;0;1;1;-10,43752488;-62,47169791;"SPRF-RO";"DEL03-RO";"UOP02-DEL03-RO"
287549;2020-06-01;"segunda-feira";"09:50:00";"PR";476;127;"CURITIBA";"Falta de Atenção à Condução";"Colisão lateral";"Com Vítimas Feridas";"Pleno dia";"Crescente";"Céu Claro";"Dupla";"Reta";"Sim";2;0;1;0;1;0;1;2;-25,425167;-49,227158;"SPRF-PR";"DEL01-PR";"UOP07-DEL01-PR"
287551;2020-06-01;"segunda-feira";"10:30:00";"PR";116;9;"COLOMBO";"Falta de Atenção à Condução";"Colisão com objeto estático";"Com Vítimas Feridas";"Pleno dia";"Decrescente";"Céu Claro";"Dupla";"Reta";"Sim";2;0;1;0;1;0;1;1;-25,3708;-49,1246;"SPRF-PR";"DEL01-PR";"UOP01-DEL01-PR"
287552;2020-06-01;"segunda-feira";"10:45:00";"SC";280;56;"GUARAMIRIM";"Falta de Atenção à Condução";"Colisão transversal";"Com Vítimas Feridas";"Pleno dia";"Decrescente";"Nublado";"Simples";"Reta";"Sim";3;0;1;0;2;0;1;2;-26,47947677;-49,00298702;"SPRF-SC";"DEL03-SC";"UOP03-DEL03-SC"
287554;2020-05-23;"sábado";"14:00:00";"BA";116;337;"TEOFILANDIA";"Falta de Atenção à Condução";"Colisão transversal";"Com Vítimas Feridas";"Pleno dia";"Crescente";"Céu Claro";"Simples";"Interseção de Vias;Reta";"Sim";3;0;1;0;2;0;1;2;-11,47624586;-38,99386633;"SPRF-BA";"DEL02-BA";"UOP01-DEL02-BA"
287556;2020-05-31;"domingo";"15:35:00";"CE";20;22;"PARAMBU";"Falta de Atenção à Condução";"Saída de leito carroçável";"Com Vítimas Feridas";"Pleno dia";"Crescente";"Nublado";"Simples";"Reta";"Não";1;0;0;1;0;0;1;1;-6,37675286;-40,66627914;"SPRF-CE";"DEL02-CE";"UOP02-DEL02-CE"
287557;2020-06-01;"segunda-feira";"11:10:00";"CE";222;249,2;"SOBRAL";"Falta de Atenção à Condução";"Colisão transversal";"Com Vítimas Feridas";"Pleno dia";"Crescente";"Sol";"Simples";"Reta";"Não";2;0;1;0;1;0;1;2;-3,75634327;-40,55013002;"SPRF-CE";"DEL04-CE";"UOP01-DEL04-CE"
287558;2020-06-01;"segunda-feira";"02:00:00";"RS";116;553,7;"CAPAO DO LEAO";"Animais na Pista";"Saída de leito carroçável";"Com Vítimas Feridas";"Plena Noite";"Crescente";"Céu Claro";"Simples";"Reta";"Não";1;0;1;0;0;0;1;1;-31,87822357;-52,63017824;"SPRF-RS";"DEL07-RS";"UOP03-DEL07-RS"
287560;2020-06-01;"segunda-feira";"10:55:00";"MG";116;276;"TEOFILO OTONI";"Falta de Atenção do Pedestre";"Queda de ocupante de veículo";"Com Vítimas Feridas";"Pleno dia";"Decrescente";"Céu Claro";"Simples";"Rotatória";"Sim";1;0;0;1;0;0;1;1;-17,85105696;-41,51454492;"SPRF-MG";"DEL11-MG";"UOP01-DEL11-MG"
287562;2020-06-01;"segunda-feira";"11:20:00";"ES";101;269,5;"SERRA";"Desobediência às normas de trânsito pelo condutor";"Colisão transversal";"Com Vítimas Feridas";"Pleno dia";"Decrescente";"Sol";"Múltipla";"Interseção de Vias";"Sim";3;0;0;2;1;0;2;2;-20,22180139;-40,27005315;"SPRF-ES";"DEL02-ES";"UOP01-DEL02-ES"
287564;2020-06-01;"segunda-feira";"11:20:00";"SP";116;230;"SAO PAULO";"Não guardar distância de segurança";"Colisão traseira";"Com Vítimas Feridas";"Pleno dia";"Crescente";"Céu Claro";"Múltipla";"Reta";"Sim";2;0;1;0;1;0;1;2;-23,52251783;-46,5855702;"SPRF-SP";"DEL01-SP";"UOP01-DEL01-SP"
287566;2020-04-20;"segunda-feira";"12:30:00";"PA";230;92;"SAO JOAO DO ARAGUAIA";"Desobediência às normas de trânsito pelo condutor";"Colisão traseira";"Com Vítimas Feridas";"Pleno dia";"Decrescente";"Céu Claro";"Simples";"Reta";"Não";2;0;0;1;0;1;1;2;-5,45190108;-48,89450606;"SPRF-PA";"DEL03-PA";"UOP01-DEL03-PA"
287568;2020-05-27;"quarta-feira";"12:10:00";"MS";262;772,1;"CORUMBA";"Falta de Atenção à Condução";"Colisão transversal";"Com Vítimas Feridas";"Pleno dia";"Decrescente";"Sol";"Simples";"Reta";"Sim";2;0;0;1;1;0;1;2;-19,08285699;-57,62168025;"SPRF-MS";"DEL03-MS";"UOP03-DEL03-MS"
287569;2020-06-01;"segunda-feira";"13:30:00";"PE";101;73,5;"RECIFE";"Desobediência às normas de trânsito pelo condutor";"Colisão transversal";"Com Vítimas Feridas";"Pleno dia";"Decrescente";"Céu Claro";"Dupla";"Retorno Regulamentado";"Sim";3;0;0;1;2;0;1;2;-8,093369;-34,947464;"SPRF-PE";"DEL01-PE";"UOP01-DEL01-PE"
287570;2020-06-01;"segunda-feira";"11:20:00";"SP";116;285;"ITAPECERICA DA SERRA";"Velocidade Incompatível";"Colisão lateral";"Com Vítimas Feridas";"Pleno dia";"Crescente";"Céu Claro";"Dupla";"Reta";"Sim";1;0;1;0;0;0;1;1;-23,70407794;-46,87249709;"SPRF-SP";"DEL04-SP";"UOP01-DEL04-SP"
287571;2020-06-01;"segunda-feira";"13:20:00";"DF";70;11;"BRASILIA";"Falta de Atenção à Condução";"Colisão lateral";"Com Vítimas Feridas";"Pleno dia";"Crescente";"Céu Claro";"Dupla";"Reta";"Sim";5;0;1;0;4;0;1;2;-15,789762;-48,148727;"SPRF-DF";"DEL03-DF";"UOP02-DEL03-DF"
287572;2020-06-01;"segunda-feira";"13:20:00";"RS";293;77;"PIRATINI";"Falta de Atenção à Condução";"Colisão traseira";"Sem Vítimas";"Pleno dia";"Crescente";"Céu Claro";"Múltipla";"Curva";"Sim";2;0;0;0;2;0;0;2;-31,67359392;-53,094977;"SPRF-RS";"DEL07-RS";"UOP01-DEL07-RS"
287573;2020-06-01;"segunda-feira";"13:25:00";"RS";285;241,2;"CIRIACO";"Desobediência às normas de trânsito pelo condutor";"Colisão transversal";"Com Vítimas Feridas";"Pleno dia";"Crescente";"Céu Claro";"Simples";"Reta";"Não";2;0;2;0;0;0;2;2;-28,259699;-51,885948;"SPRF-RS";"DEL08-RS";"UOP03-DEL08-RS"
287574;2020-06-01;"segunda-feira";"12:30:00";"SC";101;334;"TUBARAO";"Desobediência às normas de trânsito pelo condutor";"Colisão transversal";"Com Vítimas Feridas";"Pleno dia";"Decrescente";"Sol";"Dupla";"Rotatória";"Não";2;0;1;0;1;0;1;2;-28,46730446;-49,00604302;"SPRF-SC";"DEL02-SC";"UOP01-DEL02-SC"
287576;2020-06-01;"segunda-feira";"13:55:00";"PR";116;152;"MANDIRITUBA";"Ingestão de Álcool";"Colisão transversal";"Sem Vítimas";"Pleno dia";"Decrescente";"Chuva";"Simples";"Interseção de Vias";"Não";2;0;0;0;2;0;0;2;-25,83236296;-49,33609707;"SPRF-PR";"DEL01-PR";"UOP03-DEL01-PR"
287577;2020-06-01;"segunda-feira";"08:00:00";"RJ";493;1;"ITABORAI";"Falta de Atenção à Condução";"Colisão transversal";"Sem Vítimas";"Pleno dia";"Decrescente";"Sol";"Simples";"Reta";"Sim";2;0;0;0;1;1;0;2;-22,76398788;-42,92731895;"SPRF-RJ";"DEL02-RJ";"UOP01-DEL02-RJ"