"id";"data_inversa";"dia_semana";"horario";"uf";"br";"km";"municipio";"causa_acidente";"tipo_acidente";"classificacao_acidente";"fase_dia";"sentido_via";"condicao_metereologica";"tipo_pista";"tracado_via";"uso_solo";"pessoas";"mortos";"feridos_leves";"feridos_graves";"ilesos";"ignorados";"feridos";"veiculos";"latitude";"longitude";"regional";"delegacia";"uop"
287578;2020-06-01;"segunda-feira";"13:54:00";"PR";277;705,5;"SAO MIGUEL DO IGUACU";"Falta de Atenção à Condução";"Saída de leito carroçável";"Sem Vítimas";"Pleno dia";"Crescente";"Nublado";"Dupla";"Declive;Reta";"Não";1;0;0;0;1;0;0;1;-25,43019901;-54,369603;"SPRF-PR";"DEL05-PR";"UOP01-DEL05-PR"
287579;2020-06-01;"segunda-feira";"14:40:00";"PR";467;103,5;"CASCAVEL";"Velocidade Incompatível";"Saída de leito carroçável";"Sem Vítimas";"Pleno dia";"Crescente";"Nublado";"Dupla";"Aclive;Reta";"Não";1;0;0;0;1;0;0;1;-24,9098;-53,5103;"SPRF-PR";"DEL04-PR";"UOP01-DEL04-PR"
287581;2020-06-01;"segunda-feira";"14:20:00";"RS";116;152,6;"CAXIAS DO SUL";"Desobediência às normas de trânsito pelo condutor";"Colisão transversal";"Com Vítimas Feridas";"Pleno dia";"Crescente";"Nublado";"Simples";"Curva";"Sim";2;0;1;0;1;0;1;2;-29,1829343;-51,16801501;"SPRF-RS";"DEL05-RS";"UOP01-DEL05-RS"
287582;2020-05-26;"terça-feira";"13:30:00";"ES";101;143;"LINHARES";"Falta de Atenção à Condução";"Colisão lateral";"Com Vítimas Feridas";"Pleno dia";"Decrescente";"Céu Claro";"Dupla";"Curva";"Sim";2;0;1;0;1;0;1;2;-19,34286596;-40,0638568;"SPRF-ES";"DEL04-ES";"UOP01-DEL04-ES"
287583;2020-06-01;"segunda-feira";"15:00:00";"CE";222;235,4;"SOBRAL";"Velocidade Incompatível";"Saída de leito carroçável";"Com Vítimas Feridas";"Pleno dia";"Crescente";"Céu Claro";"Simples";"Reta";"Não";1;0;1;0;0;0;1;1;-3,71365292;-40,43544201;"SPRF-CE";"DEL04-CE";"UOP01-DEL04-CE"
287585;2020-06-01;"segunda-feira";"15:15:00";"PR";376;591,8;"CURITIBA";"Velocidade Incompatível";"Colisão lateral";"Com Vítimas Feridas";"Pleno dia";"Decrescente";"Nublado";"Dupla";"Reta";"Não";3;0;1;0;2;0;1;3;-25,46469874;-49,35702508;"SPRF-PR";"DEL01-PR";"UOP06-DEL01-PR"
287587;2020-06-01;"segunda-feira";"15:00:00";"PE";232;112,5;"BEZERROS";"Ingestão de Álcool";"Queda de ocupante de veículo";"Com Vítimas Feridas";"Pleno dia";"Decrescente";"Céu Claro";"Dupla";"Reta";"Não";1;0;1;0;0;0;1;1;-8,29729696;-35,83146101;"SPRF-PE";"DEL02-PE";"UOP03-DEL02-PE"
287588;2020-05-30;"sábado";"16:20:00";"MS";163;615;"SAO GABRIEL DO OESTE";"Falta de Atenção à Condução";"Colisão transversal";"Com Vítimas Feridas";"Anoitecer";"Decrescente";"Céu Claro";"Simples";"Interseção de Vias";"Sim";4;0;1;0;3;0;1;2;-19,39850778;-54,56579964;"SPRF-MS";"DEL06-MS";"UOP02-DEL06-MS"
287590;2020-06-01;"segunda-feira";"13:45:00";"SC";101;443,2;"SANTA ROSA DO SUL";"Falta de Atenção à Condução";"Colisão traseira";"Com Vítimas Feridas";"Pleno dia";"Crescente";"Nublado";"Simples";"Reta";"Sim";2;0;1;0;1;0;1;2;-29,13565036;-49,70919728;"SPRF-SC";"DEL02-SC";"UOP02-DEL02-SC"
287596;2020-06-01;"segunda-feira";"15:50:00";"PR";476;127;"CURITIBA";"Falta de Atenção à Condução";"Queda de ocupante de veículo";"Com Vítimas Feridas";"Pleno dia";"Crescente";"Garoa/Chuvisco";"Múltipla";"Reta";"Sim";3;0;2;0;1;0;2;2;-25,433424;-49,232067;"SPRF-PR";"DEL01-PR";"UOP07-DEL01-PR"
287597;2020-06-01;"segunda-feira";"15:10:00";"PA";316;68;"CASTANHAL";"Ultrapassagem Indevida";"Colisão lateral";"Com Vítimas Feridas";"Pleno dia";"Decrescente";"Nublado";"Simples";"Reta";"Não";4;0;1;0;3;0;1;3;-1,29440507;-47,88382304;"SPRF-PA";"DEL01-PA";"UOP01-DEL01-PA"
287599;2020-06-01;"segunda-feira";"16:30:00";"PE";232;119,8;"CARUARU";"Falta de Atenção à Condução";"Colisão com objeto estático";"Sem Vítimas";"Pleno dia";"Decrescente";"Chuva";"Dupla";"Reta";"Não";2;0;0;0;2;0;0;1;-8,2962792;-35,89314995;"SPRF-PE";"DEL02-PE";"UOP03-DEL02-PE"
287600;2020-06-01;"segunda-feira";"13:45:00";"PR";467;94;"CASCAVEL";"Velocidade Incompatível";"Saída de leito carroçável";"Com Vítimas Feridas";"Pleno dia";"Crescente";"Nublado";"Dupla";"Curva";"Não";1;0;0;1;0;0;1;1;-24,9838196;-53,3730741;"SPRF-PR";"DEL04-PR";"UOP01-DEL04-PR"
287602;2020-04-25;"sábado";"08:45:00";"PI";316;29,3;"TERESINA";"Avarias e/ou desgaste excessivo no pneu";"Saída de leito carroçável";"Com Vítimas Feridas";"Pleno dia";"Crescente";"Nublado";"Simples";"Curva";"Não";2;0;1;1;0;0;2;1;-5,3377972;-42,69699097;"SPRF-PI";"DEL01-PI";"UOP02-DEL01-PI"
287603;2020-05-16;"sábado";"22:10:00";"MG";116;628,8;"ORIZANIA";"Velocidade Incompatível";"Colisão com objeto estático";"Com Vítimas Feridas";"Plena Noite";"Crescente";"Garoa/Chuvisco";"Simples";"Ponte;Curva";"Não";1;0;0;1;0;0;1;1;-20,55741315;-42,20900687;"SPRF-MG";"DEL07-MG";"UOP03-DEL07-MG"
287604;2020-06-01;"segunda-feira";"16:15:00";"ES";101;296;"CARIACICA";"Desobediência às normas de trânsito pelo condutor";"Colisão com objeto estático";"Com Vítimas Feridas";"Pleno dia";"Crescente";"Céu Claro";"Dupla";"Curva";"Sim";1;0;1;0;0;0;1;1;-20,34029997;-40,40405712;"SPRF-ES";"DEL01-ES";"UOP01-DEL01-ES"
287606;2020-06-01;"segunda-feira";"16:25:00";"BA";110;324;"ALAGOINHAS";"Falta de Atenção à Condução";"Colisão transversal";"Com Vítimas Feridas";"Pleno dia";"Decrescente";"Céu Claro";"Simples";"Curva";"Não";2;0;2;0;0;0;2;2;-12,09373262;-38,36269128;"SPRF-BA";"DEL01-BA";"UOP04-DEL01-BA"
287608;2020-06-01;"segunda-feira";"15:20:00";"MT";70;517;"CUIABA";"Desobediência às normas de trânsito pelo condutor";"Colisão transversal";"Com Vítimas Feridas";"Pleno dia";"Decrescente";"Céu Claro";"Simples";"Reta";"Sim";2;0;1;0;1;0;1;2;-15,65051022;-55,99823809;"SPRF-MT";"DEL01-MT";"UOP02-DEL01-MT"
287610;2020-06-01;"segunda-feira";"17:20:00";"GO";70;370,6;"JUSSARA";"Desobediência às normas de trânsito pelo condutor";"Colisão frontal";"Com Vítimas Feridas";"Pleno dia";"Crescente";"Céu Claro";"Simples";"Interseção de Vias";"Não";7;0;2;3;1;1;5;3;-15,92916367;-51,32306099;"SPRF-GO";"DEL04-GO";"UOP01-DEL04-GO"
287611;2020-06-01;"segunda-feira";"17:00:00";"SP";116;219;"GUARULHOS";"Falta de Atenção à Condução";"Engavetamento";"Sem Vítimas";"Anoitecer";"Decrescente";"Céu Claro";"Múltipla";"Reta";"Sim";4;0;0;0;4;0;0;4;-23,46143954;-46,48885316;"SPRF-SP";"DEL01-SP";"UOP01-DEL01-SP"
287612;2020-06-01;"segunda-feira";"17:25:00";"PB";230;49,8;"SANTA RITA";"Sinalização da via insuficiente ou inadequada";"Saída de leito carroçável";"Com Vítimas Feridas";"Plena Noite";"Crescente";"Céu Claro";"Dupla";"Reta;Em Obras";"Não";1;0;1;0;0;0;1;1;-7,1846;-35,0544;"SPRF-PB";"DEL01-PB";"UOP03-DEL01-PB"
287613;2020-06-01;"segunda-feira";"15:15:00";"PE";232;408,5;"SERRA TALHADA";"Velocidade Incompatível";"Colisão frontal";"Com Vítimas Feridas";"Pleno dia";"Decrescente";"Céu Claro";"Simples";"Reta";"Não";5;0;1;4;0;0;5;3;-7,98371447;-38,28047709;"SPRF-PE";"DEL04-PE";"UOP01-DEL04-PE"
287615;2020-06-01;"segunda-feira";"17:50:00";"RS";101;82,8;"OSORIO";"Falta de Atenção do Pedestre";"Atropelamento de Pedestre";"Com Vítimas Feridas";"Anoitecer";"Crescente";"Céu Claro";"Dupla";"Reta";"Sim";2;0;0;1;1;0;1;2;-29,8513111;-50,246243;"SPRF-RS";"DEL03-RS";"UOP01-DEL03-RS"
287617;2020-05-31;"domingo";"18:23:00";"GO";60;93;"ANAPOLIS";"Desobediência às normas de trânsito pelo condutor";"Colisão traseira";"Sem Vítimas";"Plena Noite";"Crescente";"Céu Claro";"Simples";"Reta";"Sim";5;0;0;0;5;0;0;2;-16,3538;-48,9268;"SPRF-GO";"DEL02-GO";"UOP01-DEL02-GO"
287622;2020-06-01;"segunda-feira";"18:00:00";"RS";472;174,2;"SANTA ROSA";"Desobediência às normas de trânsito pelo condutor";"Colisão frontal";"Com Vítimas Feridas";"Plena Noite";"Crescente";"Céu Claro";"Simples";"Reta";"Não";3;0;0;1;2;0;1;3;-27,85850042;-54,50104006;"SPRF-RS";"DEL10-RS";"UOP01-DEL10-RS"
287623;2020-06-01;"segunda-feira";"15:40:00";"PE";101;82;"JABOATAO DOS GUARARAPES";"Falta de Atenção à Condução";"Colisão lateral";"Com Vítimas Feridas";"Pleno dia";"Crescente";"Nublado";"Múltipla";"Reta";"Sim";3;0;1;0;2;0;1;3;-8,168383;-34,9376;"SPRF-PE";"DEL01-PE";"UOP03-DEL01-PE"
287627;2020-06-01;"segunda-feira";"13:30:00";"MA";316;256,7;"PINDARE-MIRIM";"Velocidade Incompatível";"Colisão frontal";"Com Vítimas Fatais";"Pleno dia";"Decrescente";"Céu Claro";"Simples";"Reta";"Não";2;1;0;0;0;1;0;2;-3,65322;-45,424976;"SPRF-MA";"DEL02-MA";"UOP01-DEL02-MA"
287628;2020-06-01;"segunda-feira";"18:23:00";"RS";116;146,1;"CAXIAS DO SUL";"Falta de Atenção do Pedestre";"Atropelamento de Pedestre";"Com Vítimas Feridas";"Plena Noite";"Crescente";"Nublado";"Dupla";"Interseção de Vias;Reta";"Sim";2;0;0;1;1;0;1;2;-29,14228897;-51,13622202;"SPRF-RS";"DEL05-RS";"UOP01-DEL05-RS"
287629;2020-06-01;"segunda-feira";"18:00:00";"BA";101;713;"EUNAPOLIS";"Desobediência às normas de trânsito pelo condutor";"Colisão transversal";"Com Vítimas Feridas";"Anoitecer";"Decrescente";"Céu Claro";"Simples";"Reta";"Sim";2;0;0;1;1;0;1;2;-16,33234143;-39,58176982;"SPRF-BA";"DEL09-BA";"UOP01-DEL09-BA"
287630;2020-06-01;"segunda-feira";"18:05:00";"MG";365;620;"UBERLANDIA";"Falta de Atenção à Condução";"Colisão traseira";"Com Vítimas Feridas";"Anoitecer";"Decrescente";"Céu Claro";"Dupla";"Reta";"Sim";2;0;0;1;1;0;1;2;-18,90349687;-48,28130603;"SPRF-MG";"DEL15-MG";"UOP01-DEL15-MG"
287631;2020-06-01;"segunda-feira";"17:10:00";"MG";262;448,9;"NOVA SERRANA";"Desobediência às normas de trânsito pelo condutor";"Colisão lateral";"Com Vítimas Feridas";"Pleno dia";"Crescente";"Sol";"Simples";"Aclive";"Não";2;0;1;0;1;0;1;2;-19,85391485;-45,02145767;"SPRF-MG";"DEL08-MG";"UOP03-DEL08-MG"
287632;2020-06-01;"segunda-feira";"18:00:00";"SP";116;476,5;"JACUPIRANGA";"Desobediência às normas de trânsito pelo condutor";"Colisão transversal";"Com Vítimas Feridas";"Anoitecer";"Crescente";"Nublado";"Múltipla";"Interseção de Vias";"Sim";4;0;1;0;2;1;1;4;-24,6928255;-47,99567352;"SPRF-SP";"DEL05-SP";"UOP01-DEL05-SP"
287633;2020-06-01;"segunda-feira";"17:20:00";"PE";424;88,8;"GARANHUNS";"Falta de Atenção à Condução";"Atropelamento de Pedestre";"Com Vítimas Feridas";"Anoitecer";"Crescente";"Garoa/Chuvisco";"Simples";"Interseção de Vias";"Sim";2;0;1;0;0;1;1;2;-8,891798;-36,504934;"SPRF-PE";"DEL03-PE";"UOP01-DEL03-PE"
287636;2020-06-01;"segunda-feira";"19:00:00";"SC";101;132,6;"BALNEARIO CAMBORIU";"Falta de Atenção à Condução";"Colisão lateral";"Com Vítimas Feridas";"Plena Noite";"Decrescente";"Chuva";"Múltipla";"Reta";"Sim";2;0;1;0;1;0;1;2;-26,99654133;-48,65564711;"SPRF-SC";"DEL04-SC";"UOP03-DEL04-SC"
287637;2020-06-01;"segunda-feira";"18:30:00";"ES";259;53,6;"COLATINA";"Desobediência às normas de trânsito pelo condutor";"Colisão lateral";"Com Vítimas Feridas";"Plena Noite";"Crescente";"Céu Claro";"Simples";"Reta";"Não";2;0;1;0;0;1;1;2;-19,49989886;-40,62939795;"SPRF-ES";"DEL02-ES";"UOP01-DEL02-ES"
287639;2020-06-01;"segunda-feira";"18:30:00";"RJ";116;290;"BARRA MANSA";"Falta de Atenção do Pedestre";"Atropelamento de Pedestre";"Com Vítimas Fatais";"Plena Noite";"Decrescente";"Céu Claro";"Dupla";"Curva";"Sim";2;1;0;0;1;0;0;2;-22,47546917;-44,26675004;"SPRF-RJ";"DEL07-RJ";"UOP02-DEL07-RJ"
287641;2020-06-01;"segunda-feira";"18:12:00";"MG";262;37,1;"MANHUACU";"Falta de Atenção à Condução";"Colisão transversal";"Com Vítimas Feridas";"Plena Noite";"Crescente";"Nublado";"Simples";"Reta";"Sim";2;0;0;1;1;0;1;2;-20,25748975;-42,03048732;"SPRF-MG";"DEL06-MG";"UOP03-DEL06-MG"
287642;2020-06-01;"segunda-feira";"19:38:00";"PI";343;589;"FLORIANO";"Ingestão de Álcool";"Colisão com objeto estático";"Com Vítimas Feridas";"Plena Noite";"Crescente";"Céu Claro";"Dupla";"Aclive";"Sim";1;0;1;0;0;0;1;1;-6,776695;-43,009346;"SPRF-PI";"DEL03-PI";"UOP01-DEL03-PI"
287643;2020-06-01;"segunda-feira";"18:25:00";"MG";153;237,3;"FRONTEIRA";"Falta de Atenção à Condução";"Colisão transversal";"Com Vítimas Feridas";"Anoitecer";"Decrescente";"Céu Claro";"Simples";"Reta";"Não";4;0;1;1;2;0;2;2;-20,28330203;-49,19598196;"SPRF-MG";"DEL13-MG";"UOP02-DEL13-MG"
287646;2020-06-01;"segunda-feira";"20:30:00";"SC";101;193;"BIGUACU";"Velocidade Incompatível";"Capotamento";"Sem Vítimas";"Plena Noite";"Decrescente";"Chuva";"Dupla";"Curva";"Não";1;0;0;0;1;0;0;1;-27,489574;-48,655914;"SPRF-SC";"DEL01-SC";"UOP01-DEL01-SC"
287648;2020-06-01;"segunda-feira";"19:00:00";"GO";60;169,2;"GOIANIA";"Desobediência às normas de trânsito pelo condutor";"Capotamento";"Com Vítimas Feridas";"Plena Noite";"Crescente";"Céu Claro";"Dupla";"Reta";"Sim";1;0;1;0;0;0;1;1;-16,7269;-49,3822;"SPRF-GO";"DEL01-GO";"UOP02-DEL01-GO"
287649;2020-06-01;"segunda-feira";"19:45:00";"MG";381;918;"CAMANDUCAIA";"Ingestão de Álcool";"Colisão lateral";"Sem Vítimas";"Plena Noite";"Crescente";"Céu Claro";"Dupla";"Curva";"Não";4;0;0;0;4;0;0;2;-22,77347912;-46,18491379;"SPRF-MG";"DEL16-MG";"UOP03-DEL16-MG"
287650;2020-06-01;"segunda-feira";"19:30:00";"MG";262;759,7;"SACRAMENTO";"Falta de Atenção à Condução";"Colisão traseira";"Com Vítimas Feridas";"Plena Noite";"Crescente";"Nublado";"Simples";"Reta";"Não";4;0;1;0;3;0;1;2;-19,66389282;-47,59210804;"SPRF-MG";"DEL13-MG";"UOP01-DEL13-MG"
287651;2020-06-01;"segunda-feira";"19:00:00";"PB";230;142,3;"CAMPINA GRANDE";"Ingestão de Álcool";"Colisão com objeto estático";"Com Vítimas Feridas";"Plena Noite";"Decrescente";"Céu Claro";"Dupla";"Reta;Declive";"Não";1;0;1;0;0;0;1;1;-7,255907;-35,822327;"SPRF-PB";"DEL02-PB";"UOP01-DEL02-PB"
287652;2020-06-01;"segunda-feira";"17:15:00";"MA";135;336;"PRESIDENTE DUTRA";"Não guardar distância de segurança";"Capotamento";"Com Vítimas Feridas";"Pleno dia";"Decrescente";"Céu Claro";"Simples";"Reta";"Não";5;0;5;0;0;0;5;1;-5,25679393;-44,48190037;"SPRF-MA";"DEL03-MA";"UOP01-DEL03-MA"
287653;2020-06-01;"segunda-feira";"21:20:00";"SP";153;54,3;"SAO JOSE DO RIO PRETO";"Falta de Atenção à Condução";"Colisão frontal";"Com Vítimas Feridas";"Plena Noite";"Crescente";"Céu Claro";"Dupla";"Declive";"Sim";2;0;1;1;0;0;2;2;-20,74488916;-49,33894564;"SPRF-SP";"DEL09-SP";"UOP01-DEL09-SP"
287654;2020-06-01;"segunda-feira";"19:15:00";"RO";364;367;"OURO PRETO DO OESTE";"Defeito na Via";"Queda de ocupante de veículo";"Com Vítimas Feridas";"Plena Noite";"Decrescente";"Ignorado";"Simples";"Reta";"Não";2;0;0;1;0;1;1;2;-10,76727809;-62,11907002;"SPRF-RO";"DEL02-RO";"UOP01-DEL02-RO"
287655;2020-04-22;"quarta-feira";"11:30:00";"ES";101;125;"SOORETAMA";"Falta de Atenção à Condução";"Queda de ocupante de veículo";"Com Vítimas Feridas";"Pleno dia";"Crescente";"Céu Claro";"Múltipla";"Reta";"Sim";2;0;0;1;0;1;1;2;-19,18496498;-40,09429827;"SPRF-ES";"DEL04-ES";"UOP01-DEL04-ES"
287656;2020-06-01;"segunda-feira";"20:46:00";"PR";376;541;"PALMEIRA";"Falta de Atenção à Condução";"Saída de leito carroçável";"Com Vítimas Feridas";"Plena Noite";"Decrescente";"Garoa/Chuvisco";"Dupla";"Reta";"Não";6;0;5;0;1;0;5;1;-25,41972138;-49,7685113;"SPRF-PR";"DEL01-PR";"UOP03-DEL03-PR"
287658;2020-06-01;"segunda-feira";"21:40:00";"BA";116;404;"FEIRA DE SANTANA";"Animais na Pista";"Atropelamento de Animal";"Com Vítimas Feridas";"Plena Noite";"Decrescente";"Nublado";"Simples";"Reta";"Não";1;0;1;0;0;0;1;1;-12,06418594;-38,96982828;"SPRF-BA";"DEL02-BA";"UOP01-DEL02-BA"
287661;2020-06-01;"segunda-feira";"22:00:00";"SC";101;203;"SAO JOSE";"Desobediência às normas de trânsito pelo condutor";"Colisão transversal";"Com Vítimas Feridas";"Plena Noite";"Crescente";"Nublado";"Múltipla";"Interseção de Vias";"Sim";3;0;1;0;2;0;1;2;-27,5650044;-48,61460082;"SPRF-SC";"DEL01-SC";"UOP01-DEL01-SC"
287663;2020-06-01;"segunda-feira";"20:10:00";"RS";116;657;"JAGUARAO";"Desobediência às normas de trânsito pelo condutor";"Colisão transversal";"Com Vítimas Feridas";"Plena Noite";"Decrescente";"Céu Claro";"Dupla";"Reta";"Sim";2;0;1;0;1;0;1;2;-32,568867;-53,37924;"SPRF-RS";"DEL07-RS";"UOP03-DEL07-RS"
287664;2020-06-01;"segunda-feira";"20:43:00";"RO";421;11;"ARIQUEMES";"Animais na Pista";"Atropelamento de Animal";"Com Vítimas Feridas";"Plena Noite";"Decrescente";"Céu Claro";"Simples";"Reta";"Não";2;0;2;0;0;0;2;1;-9,94159095;-63,09861705;"SPRF-RO";"DEL03-RO";"UOP01-DEL03-RO"
287666;2020-06-01;"segunda-feira";"21:15:00";"SP";116;229;"SAO PAULO";"Condutor Dormindo";"Tombamento";"Com Vítimas Feridas";"Plena Noite";"Decrescente";"Nublado";"Múltipla";"Reta";"Sim";1;0;1;0;0;0;1;1;-23,51291902;-46,57604698;"SPRF-SP";"DEL01-SP";"UOP01-DEL01-SP"
287667;2020-06-01;"segunda-feira";"22:50:00";"SP";116;489;"CAJATI";"Ingestão de Álcool";"Colisão transversal";"Sem Vítimas";"Plena Noite";"Crescente";"Céu Claro";"Simples";"Interseção de Vias";"Sim";1;0;0;0;1;0;0;1;-24,73034183;-48,10760707;"SPRF-SP";"DEL05-SP";"UOP02-DEL05-SP"
287669;2020-06-01;"segunda-feira";"17:40:00";"GO";70;473;"ARAGARCAS";"Falta de Atenção à Condução";"Colisão transversal";"Com Vítimas Feridas";"Pleno dia";"Decrescente";"Céu Claro";"Dupla";"Reta";"Sim";2;0;0;1;1;0;1;2;-15,89557107;-52,24634908;"SPRF-GO";"DEL04-GO";"UOP01-DEL04-GO"
287673;2020-06-01;"segunda-feira";"21:50:00";"PR";153;491;"GENERAL CARNEIRO";"Ingestão de álcool e/ou substâncias psicoativas pelo pedestre";"Atropelamento de Pedestre";"Com Vítimas Feridas";"Plena Noite";"Decrescente";"Nublado";"Simples";"Curva";"Sim";2;0;0;1;1;0;1;2;-26,43293175;-51,31956482;"SPRF-PR";"DEL02-PR";"UOP03-DEL02-PR"
287674;2020-06-02;"terça-feira";"02:35:00";"RN";101;109;"SAO JOSE DE MIPIBU";"Condutor Dormindo";"Colisão com objeto estático";"Sem Vítimas";"Plena Noite";"Crescente";"Céu Claro";"Múltipla";"Reta";"Sim";1;0;0;0;1;0;0;1;-5,937378;-35,26483;"SPRF-RN";"DEL01-RN";"UOP01-DEL01-RN"
287676;2020-06-02;"terça-feira";"04:15:00";"MT";163;838;"SINOP";"Agressão Externa";"Incêndio";"Sem Vítimas";"Plena Noite";"Crescente";"Céu Claro";"Dupla";"Curva";"Sim";1;0;0;0;1;0;0;1;-11,827026;-55,486215;"SPRF-MT";"DEL06-MT";"NPF/DEL06-MT"
287680;2020-06-02;"terça-feira";"05:45:00";"RS";470;218;"BENTO GONCALVES";"Falta de Atenção à Condução";"Colisão frontal";"Sem Vítimas";"Plena Noite";"Crescente";"Céu Claro";"Simples";"Reta";"Sim";1;0;0;0;1;0;0;1;-29,17292214;-51,52424936;"SPRF-RS";"DEL06-RS";"UOP01-DEL06-RS"
287682;2020-06-02;"terça-feira";"03:50:00";"BA";116;462,5;"SANTO ESTEVAO";"Falta de Atenção do Pedestre";"Atropelamento de Pedestre";"Com Vítimas Feridas";"Plena Noite";"Crescente";"Nublado";"Dupla";"Reta";"Sim";2;0;1;0;0;1;1;2;-12,435528;-39,221752;"SPRF-BA";"DEL02-BA";"UOP01-DEL02-BA"
287683;2020-06-02;"terça-feira";"06:30:00";"SC";282;46;"AGUAS MORNAS";"Velocidade Incompatível";"Saída de leito carroçável";"Com Vítimas Feridas";"Amanhecer";"Decrescente";"Garoa/Chuvisco";"Simples";"Reta";"Não";2;0;2;0;0;0;2;1;-27,721041;-48,925152;"SPRF-SC";"DEL01-SC";"UOP03-DEL01-SC"
287684;2020-06-02;"terça-feira";"06:50:00";"SC";101;205,3;"SAO JOSE";"Falta de Atenção à Condução";"Tombamento";"Com Vítimas Feridas";"Pleno dia";"Crescente";"Nublado";"Dupla";"Curva";"Sim";2;0;1;0;1;0;1;2;-27,58313237;-48,61532885;"SPRF-SC";"DEL01-SC";"UOP01-DEL01-SC"
287685;2020-06-01;"segunda-feira";"17:40:00";"MG";381;154;"GOVERNADOR VALADARES";"Falta de Atenção à Condução";"Colisão transversal";"Com Vítimas Feridas";"Anoitecer";"Crescente";"Céu Claro";"Simples";"Interseção de Vias";"Não";2;0;0;1;1;0;1;2;-18,88666107;-42,00230199;"SPRF-MG";"DEL06-MG";"UOP01-DEL06-MG"
287686;2020-06-02;"terça-feira";"07:20:00";"DF";20;19;"BRASILIA";"Falta de Atenção à Condução";"Colisão traseira";"Sem Vítimas";"Pleno dia";"Crescente";"Céu Claro";"Dupla";"Interseção de Vias";"Sim";2;0;0;0;2;0;0;2;-15,612175;-47,700928;"SPRF-DF";"DEL02-DF";"UOP01-DEL02-DF"
287687;2020-06-02;"terça-feira";"07:00:00";"PR";369;444,8;"UBIRATA";"Avarias e/ou desgaste excessivo no pneu";"Danos eventuais";"Sem Vítimas";"Pleno dia";"Crescente";"Nublado";"Simples";"Interseção de Vias";"Não";1;0;0;0;0;1;0;1;-24,551658;-52,950356;"SPRF-PR";"DEL04-PR";"UOP03-DEL04-PR"
287688;2020-06-02;"terça-feira";"07:20:00";"SC";470;140;"RIO DO SUL";"Pista Escorregadia";"Queda de ocupante de veículo";"Com Vítimas Feridas";"Pleno dia";"Crescente";"Nublado";"Múltipla";"Rotatória";"Sim";1;0;1;0;0;0;1;1;-27,222485;-49,662827;"SPRF-SC";"DEL04-SC";"UOP02-DEL04-SC"
287690;2020-01-12;"domingo";"19:35:00";"PR";163;252,6;"TOLEDO";"Pista Escorregadia";"Saída de leito carroçável";"Com Vítimas Fatais";"Plena Noite";"Decrescente";"Nublado";"Dupla";"Reta";"Não";3;1;0;1;0;1;1;2;-24,6827021;-53,7803936;"SPRF-PR";"DEL06-PR";"UOP02-DEL06-PR"
287691;2020-06-02;"terça-feira";"07:45:00";"PB";104;138,6;"QUEIMADAS";"Pista Escorregadia";"Tombamento";"Com Vítimas Feridas";"Pleno dia";"Decrescente";"Garoa/Chuvisco";"Simples";"Reta";"Não";2;0;2;0;0;0;2;1;-7,36116095;-35,90230617;"SPRF-PB";"DEL02-PB";"UOP03-DEL02-PB"
287694;2020-06-02;"terça-feira";"07:45:00";"PR";476;125;"CURITIBA";"Não guardar distância de segurança";"Colisão lateral";"Com Vítimas Feridas";"Pleno dia";"Crescente";"Garoa/Chuvisco";"Dupla";"Reta";"Sim";4;0;1;0;3;0;1;4;-25,4083;-49,219658;"SPRF-PR";"DEL01-PR";"UOP07-DEL01-PR"
287695;2020-06-02;"terça-feira";"08:00:00";"MG";251;481;"FRANCISCO SA";"Condutor Dormindo";"Capotamento";"Com Vítimas Feridas";"Pleno dia";"Crescente";"Céu Claro";"Simples";"Reta";"Não";5;0;0;1;4;0;1;1;-16,48846512;-43,5126989;"SPRF-MG";"DEL12-MG";"UOP01-DEL12-MG"
287700;2020-06-02;"terça-feira";"06:30:00";"MA";135;1,5;"SAO LUIS";"Não guardar distância de segurança";"Colisão traseira";"Com Vítimas Feridas";"Pleno dia";"Crescente";"Céu Claro";"Dupla";"Reta";"Sim";2;0;1;0;1;0;1;2;-2,58917895;-44,24423719;"SPRF-MA";"DEL01-MA";"UOP01-DEL01-MA"
287701;2020-06-02;"terça-feira";"06:10:00";"RS";392;296,4;"SAO SEPE";"Animais na Pista";"Atropelamento de Animal";"Com Vítimas Feridas";"Amanhecer";"Crescente";"Céu Claro";"Simples";"Reta";"Sim";1;0;0;1;0;0;1;1;-30,172483;-53,5782;"SPRF-RS";"DEL09-RS";"UOP01-DEL09-RS"
287702;2020-06-02;"terça-feira";"08:50:00";"ES";101;260,8;"SERRA";"Falta de Atenção à Condução";"Colisão lateral";"Com Vítimas Feridas";"Pleno dia";"Crescente";"Céu Claro";"Simples";"Curva";"Sim";3;0;1;0;2;0;1;2;-20,14616415;-40,28836206;"SPRF-ES";"DEL02-ES";"UOP01-DEL02-ES"
287708;2020-04-29;"quarta-feira";"17:30:00";"GO";40;8;"LUZIANIA";"Falta de Atenção à Condução";"Colisão traseira";"Com Vítimas Feridas";"Anoitecer";"Crescente";"Céu Claro";"Dupla";"Reta";"Sim";2;0;0;1;0;1;1;2;-16,116158;-47,96761;"SPRF-DF";"DEL01-DF";"UOP01-DEL01-DF"