"id";"data_inversa";"dia_semana";"horario";"uf";"br";"km";"municipio";"causa_acidente";"tipo_acidente";"classificacao_acidente";"fase_dia";"sentido_via";"condicao_metereologica";"tipo_pista";"tracado_via";"uso_solo";"pessoas";"mortos";"feridos_leves";"feridos_graves";"ilesos";"ignorados";"feridos";"veiculos";"latitude";"longitude";"regional";"delegacia";"uop"
287710;2020-06-02;"terça-feira";"08:20:00";"MS";267;210,9;"NOVA ALVORADA DO SUL";"Animais na Pista";"Atropelamento de Animal";"Sem Vítimas";"Pleno dia";"Crescente";"Garoa/Chuvisco";"Simples";"Reta";"Não";1;0;0;0;1;0;0;1;-21,59377136;-54,05656993;"SPRF-MS";"DEL02-MS";"UOP01-DEL02-MS"
287712;2020-06-01;"segunda-feira";"20:30:00";"MA";10;299;"ACAILANDIA";"Desobediência às normas de trânsito pelo condutor";"Colisão transversal";"Com Vítimas Fatais";"Plena Noite";"Crescente";"Céu Claro";"Simples";"Reta";"Sim";2;1;0;1;0;0;1;2;-5,118089;-47,548738;"SPRF-MA";"DEL04-MA";"UOP03-DEL04-MA"
287714;2020-06-02;"terça-feira";"07:20:00";"PE";101;91;"CABO DE SANTO AGOSTINHO";"Avarias e/ou desgaste excessivo no pneu";"Queda de ocupante de veículo";"Com Vítimas Feridas";"Pleno dia";"Decrescente";"Céu Claro";"Dupla";"Reta";"Não";2;0;2;0;0;0;2;1;-8,22399812;-34,99290474;"SPRF-PE";"DEL01-PE";"UOP03-DEL01-PE"
287715;2020-06-02;"terça-feira";"08:00:00";"PR";277;83;"CURITIBA";"Pista Escorregadia";"Colisão com objeto estático";"Com Vítimas Feridas";"Pleno dia";"Decrescente";"Chuva";"Dupla";"Curva;Viaduto";"Não";1;0;1;0;0;0;1;1;-25,568939;-49,181978;"SPRF-PR";"DEL01-PR";"UOP06-DEL01-PR"
287717;2020-06-02;"terça-feira";"06:50:00";"RJ";356;23;"ITAPERUNA";"Falta de Atenção à Condução";"Colisão traseira";"Com Vítimas Feridas";"Amanhecer";"Crescente";"Céu Claro";"Simples";"Reta";"Não";2;0;0;1;1;0;1;2;-21,18026434;-41,98292495;"SPRF-RJ";"DEL08-RJ";"UOP03-DEL08-RJ"
287720;2020-06-02;"terça-feira";"10:20:00";"CE";222;48;"SAO GONCALO DO AMARANTE";"Desobediência às normas de trânsito pelo pedestre";"Atropelamento de Pedestre";"Com Vítimas Feridas";"Pleno dia";"Crescente";"Céu Claro";"Simples";"Reta";"Não";2;0;1;0;1;0;1;2;-3,67022945;-38,97551694;"SPRF-CE";"DEL01-CE";"UOP03-DEL01-CE"
287721;2020-06-02;"terça-feira";"10:30:00";"ES";101;267,9;"SERRA";"Mal Súbito";"Colisão traseira";"Com Vítimas Feridas";"Pleno dia";"Decrescente";"Céu Claro";"Múltipla";"Reta";"Sim";2;0;0;1;1;0;1;2;-20,19930999;-40,26884609;"SPRF-ES";"DEL02-ES";"UOP01-DEL02-ES"
287722;2020-06-02;"terça-feira";"10:00:00";"PR";277;32,4;"MORRETES";"Velocidade Incompatível";"Saída de leito carroçável";"Com Vítimas Fatais";"Pleno dia";"Crescente";"Chuva";"Dupla";"Curva";"Não";1;1;0;0;0;0;0;1;-25,547373;-48,790559;"SPRF-PR";"DEL01-PR";"UOP05-DEL01-PR"
287723;2020-06-02;"terça-feira";"10:37:00";"PR";277;719,4;"FOZ DO IGUACU";"Defeito Mecânico no Veículo";"Saída de leito carroçável";"Com Vítimas Feridas";"Pleno dia";"Decrescente";"Céu Claro";"Dupla";"Reta";"Não";1;0;1;0;0;0;1;1;-25,48375622;-54,49425791;"SPRF-PR";"DEL05-PR";"UOP01-DEL05-PR"
287724;2020-06-02;"terça-feira";"10:30:00";"DF";60;1,8;"BRASILIA";"Falta de Atenção à Condução";"Saída de leito carroçável";"Com Vítimas Feridas";"Pleno dia";"Crescente";"Céu Claro";"Dupla";"Reta";"Sim";1;0;1;0;0;0;1;1;-15,890521;-48,086864;"SPRF-DF";"DEL03-DF";"UOP01-DEL03-DF"
287726;2020-03-07;"sábado";"17:05:00";"SC";280;72;"JARAGUA DO SUL";"Falta de Atenção à Condução";"Queda de ocupante de veículo";"Com Vítimas Feridas";"Anoitecer";"Decrescente";"Ignorado";"Simples";"Interseção de Vias";"Não";1;0;0;1;0;0;1;1;-26,4586206;-49,16785777;"SPRF-SC";"DEL03-SC";"UOP03-DEL03-SC"
287734;2020-06-02;"terça-feira";"11:30:00";"RJ";101;486;"ANGRA DOS REIS";"Falta de Atenção à Condução";"Colisão traseira";"Com Vítimas Feridas";"Pleno dia";"Decrescente";"Sol";"Simples";"Reta";"Sim";6;0;2;0;4;0;2;3;-22,9672446;-44,29919243;"SPRF-RJ";"DEL03-RJ";"UOP03-DEL03-RJ"
287735;2020-06-02;"terça-feira";"06:40:00";"PB";230;48,6;"SANTA RITA";"Defeito Mecânico no Veículo";"Saída de leito carroçável";"Com Vítimas Feridas";"Pleno dia";"Crescente";"Céu Claro";"Dupla";"Reta";"Não";1;0;0;1;0;0;1;1;-7,17959582;-35,04760981;"SPRF-PB";"DEL01-PB";"UOP03-DEL01-PB"
287737;2020-06-02;"terça-feira";"12:10:00";"RS";116;150;"CAXIAS DO SUL";"Desobediência às normas de trânsito pelo condutor";"Colisão lateral";"Com Vítimas Feridas";"Pleno dia";"Crescente";"Céu Claro";"Dupla";"Reta";"Sim";2;0;1;0;1;0;1;2;-29,168428;-51,158337;"SPRF-RS";"DEL05-RS";"UOP01-DEL05-RS"
287739;2020-06-02;"terça-feira";"07:35:00";"MG";262;8,3;"MARTINS SOARES";"Restrição de Visibilidade";"Engavetamento";"Sem Vítimas";"Pleno dia";"Decrescente";"Nevoeiro/Neblina";"Simples";"Reta";"Não";4;0;0;0;4;0;0;4;-20,25369605;-41,82611703;"SPRF-MG";"DEL06-MG";"UOP03-DEL06-MG"
287741;2020-06-02;"terça-feira";"12:50:00";"SC";470;69;"INDAIAL";"Falta de Atenção à Condução";"Colisão transversal";"Com Vítimas Feridas";"Pleno dia";"Crescente";"Céu Claro";"Simples";"Interseção de Vias;Em Obras";"Não";2;0;1;0;1;0;1;2;-26,883745;-49,246704;"SPRF-SC";"DEL04-SC";"UOP01-DEL04-SC"
287743;2020-06-02;"terça-feira";"09:30:00";"RJ";101;419;"MANGARATIBA";"Restrição de Visibilidade";"Colisão frontal";"Com Vítimas Feridas";"Pleno dia";"Crescente";"Céu Claro";"Dupla";"Curva";"Não";2;0;2;0;0;0;2;2;-22,91808988;-43,91359106;"SPRF-RJ";"DEL03-RJ";"UOP01-DEL03-RJ"
287745;2020-05-31;"domingo";"09:30:00";"GO";70;4;"AGUAS LINDAS DE GOIAS";"Defeito Mecânico no Veículo";"Colisão com objeto estático";"Sem Vítimas";"Pleno dia";"Decrescente";"Sol";"Dupla";"Declive";"Sim";2;0;0;0;2;0;0;2;-15,759838;-48,246011;"SPRF-DF";"DEL03-DF";"UOP02-DEL03-DF"
287747;2020-06-02;"terça-feira";"13:15:00";"PR";376;182;"MARINGA";"Pista Escorregadia";"Tombamento";"Com Vítimas Feridas";"Pleno dia";"Crescente";"Chuva";"Dupla";"Reta";"Sim";1;0;1;0;0;0;1;1;-23,43237906;-51,88731194;"SPRF-PR";"DEL09-PR";"UOP01-DEL09-PR"
287749;2020-06-02;"terça-feira";"12:20:00";"BA";407;126;"SENHOR DO BONFIM";"Não guardar distância de segurança";"Colisão traseira";"Com Vítimas Feridas";"Pleno dia";"Crescente";"Sol";"Simples";"Reta";"Não";2;0;1;0;1;0;1;2;-10,4558193;-40,18119143;"SPRF-BA";"DEL04-BA";"UOP01-DEL04-BA"
287752;2020-06-02;"terça-feira";"13:10:00";"PR";116;46;"CAMPINA GRANDE DO SUL";"Falta de Atenção à Condução";"Saída de leito carroçável";"Sem Vítimas";"Pleno dia";"Decrescente";"Chuva";"Dupla";"Curva";"Não";3;0;0;0;3;0;0;1;-25,20185401;-48,8962139;"SPRF-PR";"DEL01-PR";"UOP02-DEL01-PR"
287756;2020-05-24;"domingo";"03:00:00";"SC";282;604,8;"MARAVILHA";"Ingestão de Álcool";"Saída de leito carroçável";"Com Vítimas Fatais";"Plena Noite";"Crescente";"Garoa/Chuvisco";"Simples";"Reta";"Não";5;2;0;2;0;1;2;2;-26,80334037;-53,18765759;"SPRF-SC";"DEL07-SC";"UOP02-DEL07-SC"
287759;2020-06-02;"terça-feira";"14:00:00";"MG";267;277,8;"AIURUOCA";"Desobediência às normas de trânsito pelo condutor";"Colisão frontal";"Com Vítimas Feridas";"Pleno dia";"Decrescente";"Céu Claro";"Simples";"Curva";"Não";2;0;1;1;0;0;2;2;-21,93263164;-44,70242991;"SPRF-MG";"DEL17-MG";"UOP01-DEL17-MG"
287760;2020-06-02;"terça-feira";"12:25:00";"RR";174;211;"RORAINOPOLIS";"Desobediência às normas de trânsito pelo condutor";"Colisão lateral";"Com Vítimas Feridas";"Pleno dia";"Crescente";"Céu Claro";"Simples";"Reta";"Sim";2;0;2;0;0;0;2;2;0,936114;-60,426502;"SPRF-RR";"DEL01-RR";"UOP01-DEL01-RR"
287761;2020-05-09;"sábado";"22:40:00";"CE";116;503;"BREJO SANTO";"Falta de Atenção à Condução";"Colisão frontal";"Com Vítimas Feridas";"Plena Noite";"Crescente";"Céu Claro";"Simples";"Reta";"Sim";3;0;0;1;1;1;1;3;-7,47110898;-38,97880207;"SPRF-CE";"DEL05-CE";"UOP03-DEL05-CE"
287762;2020-06-02;"terça-feira";"13:30:00";"ES";101;270;"SERRA";"Não guardar distância de segurança";"Colisão traseira";"Com Vítimas Feridas";"Pleno dia";"Decrescente";"Sol";"Múltipla";"Reta";"Não";2;0;0;1;1;0;1;2;-20,22662056;-40,27075088;"SPRF-ES";"DEL02-ES";"UOP01-DEL02-ES"
287763;2020-02-26;"quarta-feira";"08:03:00";"MT";70;1;"BARRA DO GARCAS";"Falta de Atenção à Condução";"Tombamento";"Com Vítimas Feridas";"Pleno dia";"Crescente";"Céu Claro";"Dupla";"Reta";"Sim";1;0;0;1;0;0;1;1;-15,88095281;-52,27782547;"SPRF-MT";"DEL07-MT";"UOP01-DEL07-MT"
287764;2020-06-02;"terça-feira";"14:30:00";"PR";116;117;"CURITIBA";"Mal Súbito";"Saída de leito carroçável";"Com Vítimas Feridas";"Pleno dia";"Crescente";"Nublado";"Dupla";"Reta";"Sim";1;0;1;0;0;0;1;1;-25,54988723;-49,28248211;"SPRF-PR";"DEL01-PR";"UOP03-DEL01-PR"
287766;2020-06-02;"terça-feira";"14:20:00";"CE";222;82;"SAO LUIS DO CURU";"Falta de Atenção à Condução";"Colisão traseira";"Com Vítimas Feridas";"Pleno dia";"Decrescente";"Céu Claro";"Simples";"Reta";"Não";5;0;2;0;3;0;2;3;-3,6766884;-39,27707004;"SPRF-CE";"DEL04-CE";"UOP03-DEL04-CE"
287767;2020-06-02;"terça-feira";"15:00:00";"SC";101;216;"PALHOCA";"Desobediência às normas de trânsito pelo condutor";"Queda de ocupante de veículo";"Com Vítimas Feridas";"Pleno dia";"Crescente";"Céu Claro";"Dupla";"Viaduto";"Não";2;0;0;1;1;0;1;2;-27,65981409;-48,67747798;"SPRF-SC";"DEL01-SC";"UOP02-DEL01-SC"
287768;2020-06-02;"terça-feira";"04:00:00";"MG";116;696,8;"MURIAE";"Restrição de Visibilidade";"Saída de leito carroçável";"Com Vítimas Feridas";"Plena Noite";"Crescente";"Nevoeiro/Neblina";"Simples";"Curva;Aclive";"Não";2;0;1;0;1;0;1;1;-21,05750919;-42,36860275;"SPRF-MG";"DEL07-MG";"UOP02-DEL07-MG"
287769;2020-06-02;"terça-feira";"13:45:00";"PR";277;484;"NOVA LARANJEIRAS";"Velocidade Incompatível";"Colisão com objeto estático";"Com Vítimas Feridas";"Pleno dia";"Decrescente";"Nublado";"Simples";"Curva";"Não";1;0;1;0;0;0;1;1;-25,27011524;-52,61299706;"SPRF-PR";"DEL04-PR";"UOP02-DEL04-PR"
287770;2020-06-02;"terça-feira";"15:10:00";"MG";40;356;"FELIXLANDIA";"Defeito na Via";"Tombamento";"Com Vítimas Feridas";"Pleno dia";"Crescente";"Céu Claro";"Simples";"Reta";"Não";1;0;1;0;0;0;1;1;-18,73053982;-44,88268599;"SPRF-MG";"DEL02-MG";"UOP01-DEL02-MG"
287771;2020-06-02;"terça-feira";"14:40:00";"GO";153;533,1;"HIDROLANDIA";"Falta de Atenção à Condução";"Queda de ocupante de veículo";"Com Vítimas Feridas";"Pleno dia";"Crescente";"Céu Claro";"Dupla";"Aclive;Reta";"Não";1;0;1;0;0;0;1;1;-17,0016;-49,2231;"SPRF-GO";"DEL01-GO";"UOP03-DEL01-GO"
287772;2020-05-13;"quarta-feira";"18:00:00";"MG";116;330;"CAMPANARIO";"Falta de Atenção à Condução";"Colisão transversal";"Com Vítimas Feridas";"Anoitecer";"Decrescente";"Nublado";"Simples";"Interseção de Vias";"Sim";3;0;1;0;1;1;1;3;-18,23813927;-41,72898363;"SPRF-MG";"DEL11-MG";"UOP01-DEL11-MG"
287773;2020-06-02;"terça-feira";"15:30:00";"SC";470;69,7;"INDAIAL";"Desobediência às normas de trânsito pelo condutor";"Colisão transversal";"Com Vítimas Feridas";"Pleno dia";"Crescente";"Nublado";"Simples";"Em Obras;Declive;Reta";"Sim";3;0;2;0;1;0;2;2;-26,88897042;-49,25402194;"SPRF-SC";"DEL04-SC";"UOP01-DEL04-SC"
287774;2020-06-02;"terça-feira";"14:30:00";"SC";101;199;"SAO JOSE";"Falta de Atenção à Condução";"Colisão lateral";"Com Vítimas Feridas";"Pleno dia";"Crescente";"Céu Claro";"Simples";"Reta";"Sim";2;0;1;0;1;0;1;2;-27,53413705;-48,63003205;"SPRF-SC";"DEL01-SC";"UOP01-DEL01-SC"
287776;2020-06-02;"terça-feira";"15:40:00";"SP";116;450;"REGISTRO";"Falta de Atenção à Condução";"Saída de leito carroçável";"Com Vítimas Feridas";"Pleno dia";"Crescente";"Garoa/Chuvisco";"Dupla";"Reta";"Não";1;0;1;0;0;0;1;1;-24,53728295;-47,85899314;"SPRF-SP";"DEL05-SP";"UOP01-DEL05-SP"
287777;2020-06-02;"terça-feira";"15:05:00";"SC";101;213,3;"PALHOCA";"Falta de Atenção à Condução";"Tombamento";"Com Vítimas Feridas";"Pleno dia";"Decrescente";"Nublado";"Múltipla";"Reta;Aclive";"Sim";1;0;1;0;0;0;1;1;-27,63697369;-48,66514142;"SPRF-SC";"DEL01-SC";"UOP02-DEL01-SC"
287779;2020-06-02;"terça-feira";"15:55:00";"RN";304;164,8;"ANGICOS";"Falta de Atenção à Condução";"Saída de leito carroçável";"Com Vítimas Feridas";"Pleno dia";"Crescente";"Céu Claro";"Simples";"Reta";"Não";2;0;2;0;0;0;2;1;-5,67771041;-36,48166105;"SPRF-RN";"DEL01-RN";"UOP03-DEL01-RN"
287782;2020-06-02;"terça-feira";"10:10:00";"MG";116;468,1;"TARUMIRIM";"Mal Súbito";"Saída de leito carroçável";"Com Vítimas Fatais";"Pleno dia";"Crescente";"Céu Claro";"Simples";"Curva";"Não";1;1;0;0;0;0;0;1;-19,30162475;-42,07997246;"SPRF-MG";"DEL06-MG";"UOP02-DEL06-MG"
287785;2020-06-02;"terça-feira";"16:45:00";"SC";282;26;"SANTO AMARO DA IMPERATRIZ";"Falta de Atenção à Condução";"Colisão frontal";"Com Vítimas Fatais";"Pleno dia";"Decrescente";"Nublado";"Simples";"Reta";"Não";3;1;1;0;1;0;1;2;-27,680267;-48,762482;"SPRF-SC";"DEL01-SC";"UOP03-DEL01-SC"
287787;2020-06-02;"terça-feira";"17:10:00";"RN";110;44,5;"MOSSORO";"Ingestão de Álcool";"Colisão traseira";"Sem Vítimas";"Anoitecer";"Crescente";"Céu Claro";"Simples";"Reta";"Sim";2;0;0;0;2;0;0;2;-5,191;-37,309;"SPRF-RN";"DEL04-RN";"UOP01-DEL04-RN"
287788;2020-06-02;"terça-feira";"16:15:00";"PE";101;204;"XEXEU";"Velocidade Incompatível";"Saída de leito carroçável";"Com Vítimas Feridas";"Anoitecer";"Decrescente";"Nublado";"Múltipla";"Curva";"Não";2;0;1;0;1;0;1;1;-8,80610905;-35,62758381;"SPRF-PE";"DEL01-PE";"UOP03-DEL01-PE"
287790;2020-02-10;"segunda-feira";"12:34:00";"SC";280;245;"CANOINHAS";"Falta de Atenção do Pedestre";"Atropelamento de Pedestre";"Com Vítimas Feridas";"Pleno dia";"Decrescente";"Céu Claro";"Simples";"Reta";"Não";2;0;0;1;1;0;1;2;-26,23947947;-50,48935533;"SPRF-SC";"DEL06-SC";"UOP04-DEL06-SC"
287794;2020-06-02;"terça-feira";"18:00:00";"SC";282;16;"PALHOCA";"Desobediência às normas de trânsito pelo condutor";"Queda de ocupante de veículo";"Com Vítimas Feridas";"Anoitecer";"Crescente";"Céu Claro";"Simples";"Reta";"Não";2;0;1;0;1;0;1;2;-27,658611;-48,681847;"SPRF-SC";"DEL01-SC";"UOP02-DEL01-SC"
287797;2020-06-02;"terça-feira";"16:00:00";"RO";364;509;"ARIQUEMES";"Defeito na Via";"Saída de leito carroçável";"Com Vítimas Feridas";"Pleno dia";"Crescente";"Céu Claro";"Simples";"Curva;Em Obras";"Não";1;0;1;0;0;0;1;1;-9,97158975;-63,03721087;"SPRF-RO";"DEL03-RO";"UOP01-DEL03-RO"
287798;2020-06-02;"terça-feira";"18:00:00";"PE";407;127,3;"PETROLINA";"Desobediência às normas de trânsito pelo condutor";"Colisão transversal";"Com Vítimas Feridas";"Anoitecer";"Decrescente";"Céu Claro";"Simples";"Reta";"Sim";3;0;1;0;2;0;1;2;-9,39192835;-40,51705765;"SPRF-PE";"DEL06-PE";"UOP01-DEL06-PE"
287801;2020-06-02;"terça-feira";"18:15:00";"RS";293;2,3;"PELOTAS";"Falta de Atenção à Condução";"Colisão traseira";"Com Vítimas Feridas";"Plena Noite";"Crescente";"Céu Claro";"Simples";"Reta";"Não";2;0;1;0;1;0;1;2;-31,750426;-52,35999499;"SPRF-RS";"DEL07-RS";"UOP01-DEL07-RS"
287802;2020-06-02;"terça-feira";"18:25:00";"RS";116;528,9;"CAPAO DO LEAO";"Falta de Atenção à Condução";"Colisão transversal";"Com Vítimas Feridas";"Plena Noite";"Crescente";"Céu Claro";"Simples";"Retorno Regulamentado;Reta";"Sim";5;0;1;0;4;0;1;2;-31,75074207;-52,41851397;"SPRF-RS";"DEL07-RS";"UOP01-DEL07-RS"
287804;2020-06-02;"terça-feira";"19:00:00";"MG";50;73;"UBERLANDIA";"Falta de Atenção à Condução";"Colisão traseira";"Com Vítimas Feridas";"Plena Noite";"Crescente";"Céu Claro";"Dupla";"Reta";"Sim";3;0;1;0;2;0;1;2;-18,89384212;-48,25073004;"SPRF-MG";"DEL15-MG";"UOP01-DEL15-MG"
287805;2020-06-02;"terça-feira";"16:20:00";"ES";482;99,8;"GUACUI";"Falta de Atenção à Condução";"Saída de leito carroçável";"Com Vítimas Feridas";"Pleno dia";"Decrescente";"Sol";"Simples";"Aclive;Curva";"Não";1;0;1;0;0;0;1;1;-20,77486441;-41,63040519;"SPRF-ES";"DEL03-ES";"UOP02-DEL03-ES"
287806;2020-05-27;"quarta-feira";"11:45:00";"PA";316;60,2;"CASTANHAL";"Desobediência às normas de trânsito pelo condutor";"Colisão transversal";"Com Vítimas Feridas";"Pleno dia";"Crescente";"Céu Claro";"Dupla";"Reta";"Sim";4;0;0;2;1;1;2;3;-1,29772957;-47,95528793;"SPRF-PA";"DEL01-PA";"UOP01-DEL01-PA"
287808;2020-06-02;"terça-feira";"13:00:00";"PB";434;7,8;"UIRAUNA";"Ultrapassagem Indevida";"Colisão traseira";"Com Vítimas Feridas";"Pleno dia";"Decrescente";"Nublado";"Simples";"Declive";"Sim";4;0;1;0;2;1;1;3;-6,457672;-38,443488;"SPRF-PB";"DEL03-PB";"UOP03-DEL03-PB"
287809;2020-06-02;"terça-feira";"18:10:00";"RN";406;165,3;"SAO GONCALO DO AMARANTE";"Falta de Atenção à Condução";"Queda de ocupante de veículo";"Com Vítimas Feridas";"Plena Noite";"Decrescente";"Céu Claro";"Simples";"Reta";"Não";2;0;1;0;1;0;1;1;-5,74358883;-35,33982456;"SPRF-RN";"DEL02-RN";"UOP01-DEL02-RN"
287810;2020-06-02;"terça-feira";"18:00:00";"PR";116;124,8;"FAZENDA RIO GRANDE";"Falta de Atenção à Condução";"Colisão lateral";"Com Vítimas Feridas";"Plena Noite";"Crescente";"Nublado";"Dupla";"Reta";"Não";2;0;1;0;1;0;1;2;-25,62684299;-49,31475163;"SPRF-PR";"DEL01-PR";"UOP03-DEL01-PR"
287811;2020-06-02;"terça-feira";"13:45:00";"MG";262;34,8;"MANHUACU";"Desobediência às normas de trânsito pelo condutor";"Colisão transversal";"Com Vítimas Feridas";"Pleno dia";"Decrescente";"Céu Claro";"Simples";"Reta";"Sim";2;0;1;0;1;0;1;2;-20,25692664;-42,01099203;"SPRF-MG";"DEL06-MG";"UOP03-DEL06-MG"
287812;2020-06-02;"terça-feira";"19:00:00";"PE";101;85;"JABOATAO DOS GUARARAPES";"Falta de Atenção à Condução";"Colisão frontal";"Com Vítimas Feridas";"Plena Noite";"Crescente";"Garoa/Chuvisco";"Simples";"Reta";"Sim";3;0;1;0;0;2;1;2;-8,20038;-34,959529;"SPRF-PE";"DEL01-PE";"UOP03-DEL01-PE"
287813;2020-06-02;"terça-feira";"15:55:00";"MG";262;37,9;"MANHUACU";"Falta de Atenção à Condução";"Colisão frontal";"Com Vítimas Feridas";"Pleno dia";"Crescente";"Céu Claro";"Simples";"Reta";"Sim";2;0;1;0;1;0;1;2;-20,25748975;-42,03048732;"SPRF-MG";"DEL06-MG";"UOP03-DEL06-MG"
287816;2020-06-02;"terça-feira";"17:23:00";"PB";230;150,6;"CAMPINA GRANDE";"Desobediência às normas de trânsito pelo condutor";"Colisão transversal";"Com Vítimas Feridas";"Anoitecer";"Crescente";"Céu Claro";"Dupla";"Reta";"Sim";4;0;0;2;2;0;2;2;-7,259182;-35,878263;"SPRF-PB";"DEL02-PB";"UOP01-DEL02-PB"
287819;2020-06-02;"terça-feira";"19:00:00";"SP";116;404;"MIRACATU";"Velocidade Incompatível";"Saída de leito carroçável";"Com Vítimas Feridas";"Plena Noite";"Decrescente";"Chuva";"Dupla";"Reta";"Não";1;0;0;1;0;0;1;1;-24,32141494;-47,53653401;"SPRF-SP";"DEL04-SP";"UOP02-DEL04-SP"
287820;2020-06-02;"terça-feira";"19:20:00";"RJ";101;307;"SAO GONCALO";"Defeito Mecânico no Veículo";"Colisão lateral";"Com Vítimas Feridas";"Plena Noite";"Decrescente";"Nublado";"Dupla";"Reta";"Sim";4;0;1;0;3;0;1;3;-22,79115777;-43,01514205;"SPRF-RJ";"DEL02-RJ";"UOP02-DEL02-RJ"
287822;2020-06-02;"terça-feira";"19:15:00";"RS";290;92;"PORTO ALEGRE";"Falta de Atenção à Condução";"Colisão lateral";"Com Vítimas Feridas";"Plena Noite";"Decrescente";"Céu Claro";"Simples";"Reta";"Sim";2;0;1;0;1;0;1;2;-29,971724;-51,1802015;"SPRF-RS";"DEL01-RS";"UOP01-DEL01-RS"
287825;2020-06-02;"terça-feira";"16:40:00";"MG";262;607,8;"CAMPOS ALTOS";"Velocidade Incompatível";"Saída de leito carroçável";"Com Vítimas Feridas";"Pleno dia";"Crescente";"Céu Claro";"Simples";"Curva";"Não";1;0;1;0;0;0;1;1;-19,60341097;-46,28399134;"SPRF-MG";"DEL08-MG";"UOP02-DEL08-MG"
287827;2020-06-02;"terça-feira";"19:30:00";"PR";369;26,5;"CAMBARA";"Ingestão de Álcool";"Saída de leito carroçável";"Com Vítimas Feridas";"Plena Noite";"Crescente";"Chuva";"Simples";"Curva";"Não";4;0;3;0;1;0;3;1;-23,03316643;-50,14123678;"SPRF-PR";"DEL07-PR";"UOP05-DEL07-PR"
287828;2020-06-02;"terça-feira";"20:00:00";"MG";354;753,4;"ITAMONTE";"Ultrapassagem Indevida";"Colisão transversal";"Com Vítimas Feridas";"Plena Noite";"Crescente";"Céu Claro";"Simples";"Reta";"Sim";2;0;1;0;1;0;1;2;-22,30074263;-44,86208652;"SPRF-MG";"DEL17-MG";"UOP01-DEL17-MG"
287829;2020-06-02;"terça-feira";"18:50:00";"MT";163;739;"SORRISO";"Desobediência às normas de trânsito pelo pedestre";"Atropelamento de Pedestre";"Com Vítimas Feridas";"Anoitecer";"Decrescente";"Céu Claro";"Simples";"Reta";"Não";2;0;1;0;1;0;1;2;-12,75868899;-55,83419111;"SPRF-MT";"DEL06-MT";"UOP01-DEL06-MT"
287830;2020-05-18;"segunda-feira";"10:50:00";"BA";101;875;"TEIXEIRA DE FREITAS";"Desobediência às normas de trânsito pelo condutor";"Colisão lateral";"Com Vítimas Feridas";"Pleno dia";"Crescente";"Nublado";"Dupla";"Interseção de Vias";"Sim";2;0;1;0;1;0;1;2;-17,524948;-39,708355;"SPRF-BA";"DEL09-BA";"UOP02-DEL09-BA"
287833;2020-06-02;"terça-feira";"17:40:00";"SP";381;73;"SAO PAULO";"Pista Escorregadia";"Saída de leito carroçável";"Com Vítimas Feridas";"Pleno dia";"Crescente";"Chuva";"Múltipla";"Curva";"Sim";2;0;2;0;0;0;2;1;-23,36553404;-46,55253934;"SPRF-SP";"DEL03-SP";"UOP01-DEL03-SP"
287834;2020-06-02;"terça-feira";"20:55:00";"RN";101;108;"PARNAMIRIM";"Falta de Atenção do Pedestre";"Atropelamento de Pedestre";"Com Vítimas Feridas";"Plena Noite";"Crescente";"Céu Claro";"Dupla";"Reta";"Sim";2;0;0;1;0;1;1;2;-5,91679279;-35,26320984;"SPRF-RN";"DEL01-RN";"UOP01-DEL01-RN"
287835;2020-06-02;"terça-feira";"21:05:00";"GO";60;61;"ABADIANIA";"Ingestão de álcool e/ou substâncias psicoativas pelo pedestre";"Atropelamento de Pedestre";"Com Vítimas Feridas";"Plena Noite";"Crescente";"Céu Claro";"Dupla";"Reta";"Sim";3;0;0;1;2;0;1;2;-16,1903;-48,7114;"SPRF-GO";"DEL02-GO";"UOP01-DEL02-GO"
287836;2020-06-02;"terça-feira";"19:00:00";"MG";262;61,3;"MATIPO";"Desobediência às normas de trânsito pelo condutor";"Atropelamento de Pedestre";"Com Vítimas Feridas";"Plena Noite";"Decrescente";"Nublado";"Simples";"Aclive;Reta";"Não";2;0;0;1;0;1;1;2;-20,2924829;-42,21744498;"SPRF-MG";"DEL06-MG";"UOP03-DEL06-MG"
287839;2020-06-02;"terça-feira";"21:15:00";"BA";101;275;"LAJE";"Velocidade Incompatível";"Colisão frontal";"Com Vítimas Feridas";"Plena Noite";"Crescente";"Céu Claro";"Simples";"Declive";"Não";5;0;2;0;3;0;2;3;-13,18336503;-39,32933665;"SPRF-BA";"DEL01-BA";"UOP02-DEL01-BA"
287840;2020-06-02;"terça-feira";"17:10:00";"MS";60;372,5;"CAMPO GRANDE";"Desobediência às normas de trânsito pelo condutor";"Colisão lateral";"Com Vítimas Feridas";"Pleno dia";"Decrescente";"Garoa/Chuvisco";"Simples";"Reta";"Não";2;0;1;0;1;0;1;2;-20,57342659;-54,70007518;"SPRF-MS";"DEL01-MS";"UOP04-DEL01-MS"