"id";"data_inversa";"dia_semana";"horario";"uf";"br";"km";"municipio";"causa_acidente";"tipo_acidente";"classificacao_acidente";"fase_dia";"sentido_via";"condicao_metereologica";"tipo_pista";"tracado_via";"uso_solo";"pessoas";"mortos";"feridos_leves";"feridos_graves";"ilesos";"ignorados";"feridos";"veiculos";"latitude";"longitude";"regional";"delegacia";"uop"
288108;2020-06-04;"quinta-feira";"17:00:00";"GO";40;3,8;"VALPARAISO DE GOIAS";"Ingestão de Álcool";"Colisão traseira";"Com Vítimas Feridas";"Pleno dia";"Decrescente";"Céu Claro";"Dupla";"Curva;Aclive";"Sim";4;0;2;0;1;1;2;4;-16,083839;-47,9870085;"SPRF-DF";"DEL01-DF";"UOP01-DEL01-DF"
288109;2020-06-04;"quinta-feira";"16:45:00";"SC";101;200;"SAO JOSE";"Mal Súbito";"Colisão lateral";"Com Vítimas Feridas";"Pleno dia";"Crescente";"Nublado";"Dupla";"Reta";"Sim";2;0;1;0;1;0;1;2;-27,54018513;-48,62287714;"SPRF-SC";"DEL01-SC";"UOP01-DEL01-SC"
288111;2020-06-04;"quinta-feira";"17:25:00";"PR";369;141,4;"IBIPORA";"Falta de Atenção à Condução";"Colisão traseira";"Com Vítimas Feridas";"Anoitecer";"Crescente";"Céu Claro";"Simples";"Declive";"Sim";3;0;1;0;2;0;1;3;-23,28713943;-51,07704878;"SPRF-PR";"DEL07-PR";"UOP01-DEL07-PR"
288113;2020-06-04;"quinta-feira";"17:45:00";"PB";101;81;"JOAO PESSOA";"Não guardar distância de segurança";"Colisão traseira";"Com Vítimas Feridas";"Plena Noite";"Crescente";"Céu Claro";"Dupla";"Reta;Aclive";"Sim";3;0;2;0;0;1;2;2;-7,12508575;-34,94513217;"SPRF-PB";"DEL01-PB";"UOP01-DEL01-PB"
288117;2020-06-04;"quinta-feira";"17:30:00";"ES";259;55;"COLATINA";"Defeito Mecânico no Veículo";"Tombamento";"Com Vítimas Feridas";"Anoitecer";"Crescente";"Céu Claro";"Simples";"Reta";"Sim";2;0;2;0;0;0;2;1;-19,49728877;-40,64565003;"SPRF-ES";"DEL02-ES";"UOP01-DEL02-ES"
288118;2020-06-04;"quinta-feira";"17:30:00";"ES";101;64;"SAO MATEUS";"Falta de Atenção à Condução";"Colisão lateral";"Com Vítimas Feridas";"Plena Noite";"Decrescente";"Céu Claro";"Simples";"Reta";"Sim";2;0;1;0;1;0;1;2;-18,71430092;-39,87744212;"SPRF-ES";"DEL04-ES";"UOP02-DEL04-ES"
288119;2020-06-04;"quinta-feira";"18:10:00";"SC";101;216;"PALHOCA";"Falta de Atenção à Condução";"Colisão traseira";"Com Vítimas Feridas";"Pleno dia";"Crescente";"Garoa/Chuvisco";"Múltipla";"Reta";"Sim";5;0;4;0;1;0;4;3;-27,65981409;-48,67747798;"SPRF-SC";"DEL01-SC";"UOP02-DEL01-SC"
288122;2020-06-04;"quinta-feira";"17:48:00";"PR";376;5;"APUCARANA";"Desobediência às normas de trânsito pelo condutor";"Colisão lateral";"Com Vítimas Feridas";"Anoitecer";"Decrescente";"Céu Claro";"Simples";"Reta";"Sim";2;0;1;0;1;0;1;2;-23,5513;-51,461266;"SPRF-PR";"DEL07-PR";"UOP03-DEL07-PR"
288123;2020-06-04;"quinta-feira";"18:40:00";"RS";386;33,2;"FREDERICO WESTPHALEN";"Falta de Atenção do Pedestre";"Atropelamento de Pedestre";"Com Vítimas Feridas";"Plena Noite";"Crescente";"Chuva";"Simples";"Interseção de Vias";"Sim";2;0;0;1;1;0;1;2;-27,349504;-53,386337;"SPRF-RS";"DEL08-RS";"UOP02-DEL08-RS"
288124;2020-06-04;"quinta-feira";"18:15:00";"SC";101;206;"SAO JOSE";"Falta de Atenção à Condução";"Colisão traseira";"Com Vítimas Feridas";"Plena Noite";"Crescente";"Chuva";"Múltipla";"Reta";"Sim";2;0;0;1;1;0;1;2;-27,59212278;-48,61827482;"SPRF-SC";"DEL01-SC";"UOP01-DEL01-SC"
288125;2020-06-04;"quinta-feira";"18:00:00";"ES";101;94,3;"JAGUARE";"Falta de Atenção do Pedestre";"Atropelamento de Pedestre";"Com Vítimas Feridas";"Plena Noite";"Decrescente";"Céu Claro";"Simples";"Declive";"Sim";2;0;0;1;1;0;1;2;-18,93086484;-39,97180828;"SPRF-ES";"DEL04-ES";"UOP02-DEL04-ES"
288127;2020-06-04;"quinta-feira";"14:00:00";"SC";282;24;"SANTO AMARO DA IMPERATRIZ";"Falta de Atenção à Condução";"Colisão traseira";"Com Vítimas Feridas";"Pleno dia";"Decrescente";"Céu Claro";"Simples";"Reta";"Não";2;0;0;1;1;0;1;2;-27,68002114;-48,77812786;"SPRF-SC";"DEL01-SC";"UOP03-DEL01-SC"
288130;2020-06-04;"quinta-feira";"07:00:00";"RS";116;142,9;"CAXIAS DO SUL";"Desobediência às normas de trânsito pelo condutor";"Atropelamento de Pedestre";"Com Vítimas Feridas";"Amanhecer";"Crescente";"Céu Claro";"Dupla";"Reta";"Sim";2;0;0;1;1;0;1;2;-29,11727;-51,115208;"SPRF-RS";"DEL05-RS";"UOP01-DEL05-RS"
288131;2020-06-04;"quinta-feira";"13:45:00";"MG";50;139,8;"UBERABA";"Falta de Atenção à Condução";"Saída de leito carroçável";"Com Vítimas Feridas";"Pleno dia";"Decrescente";"Céu Claro";"Dupla";"Reta";"Não";4;0;2;0;1;1;2;3;-19,46790412;-48,05602538;"SPRF-MG";"DEL13-MG";"UOP01-DEL13-MG"
288132;2020-06-04;"quinta-feira";"16:10:00";"MG";381;436;"SABARA";"Falta de Atenção à Condução";"Colisão lateral";"Com Vítimas Feridas";"Pleno dia";"Crescente";"Sol";"Simples";"Reta";"Sim";4;0;3;1;0;0;4;2;-19,804386;-43,76186596;"SPRF-MG";"DEL01-MG";"UOP01-DEL01-MG"
288134;2020-06-04;"quinta-feira";"18:01:00";"RO";174;14,7;"VILHENA";"Desobediência às normas de trânsito pelo condutor";"Colisão transversal";"Com Vítimas Feridas";"Anoitecer";"Decrescente";"Nublado";"Simples";"Reta";"Sim";2;0;1;0;1;0;1;2;-12,73306632;-60,12981255;"SPRF-RO";"DEL04-RO";"UOP01-DEL04-RO"
288135;2020-06-04;"quinta-feira";"18:15:00";"SC";101;278;"IMBITUBA";"Falta de Atenção à Condução";"Colisão lateral";"Com Vítimas Feridas";"Plena Noite";"Crescente";"Chuva";"Simples";"Reta";"Não";2;0;2;0;0;0;2;2;-28,16300604;-48,6939345;"SPRF-SC";"DEL02-SC";"UOP03-DEL02-SC"
288137;2020-06-04;"quinta-feira";"13:13:00";"MT";70;190;"GENERAL CARNEIRO";"Velocidade Incompatível";"Saída de leito carroçável";"Sem Vítimas";"Pleno dia";"Decrescente";"Nublado";"Simples";"Curva";"Não";2;0;0;0;2;0;0;1;-15,71552402;-53,659403;"SPRF-MT";"DEL05-MT";"UOP01-DEL05-MT"
288140;2020-05-08;"sexta-feira";"15:50:00";"MT";163;1035;"MATUPA";"Falta de Atenção à Condução";"Colisão traseira";"Com Vítimas Feridas";"Pleno dia";"Decrescente";"Céu Claro";"Simples";"Reta";"Sim";3;0;1;0;2;0;1;2;-10,1878907;-54,94777679;"SPRF-MT";"DEL06-MT";"NPF/DEL06-MT"
288141;2020-06-04;"quinta-feira";"17:30:00";"AC";364;135;"RIO BRANCO";"Desobediência às normas de trânsito pelo condutor";"Colisão traseira";"Com Vítimas Feridas";"Plena Noite";"Crescente";"Garoa/Chuvisco";"Dupla";"Interseção de Vias";"Sim";2;0;1;1;0;0;2;2;-9,98588117;-67,84523538;"SPRF-AC";"DEL01-AC";"UOP01-DEL01-AC"
288142;2020-06-02;"terça-feira";"22:00:00";"GO";158;6;"ARAGARCAS";"Falta de Atenção à Condução";"Atropelamento de Pedestre";"Com Vítimas Fatais";"Plena Noite";"Decrescente";"Céu Claro";"Simples";"Reta";"Não";2;1;0;0;0;1;0;2;-15,91928996;-52,21483194;"SPRF-GO";"DEL04-GO";"UOP01-DEL04-GO"
288143;2020-06-04;"quinta-feira";"20:00:00";"MG";381;429;"CAETE";"Falta de Atenção à Condução";"Queda de ocupante de veículo";"Com Vítimas Feridas";"Plena Noite";"Crescente";"Nublado";"Simples";"Curva";"Não";2;0;2;0;0;0;2;1;-19,78663743;-43,71433695;"SPRF-MG";"DEL01-MG";"UOP01-DEL01-MG"
288147;2020-06-04;"quinta-feira";"19:00:00";"BA";367;37,5;"PORTO SEGURO";"Ingestão de Álcool";"Colisão frontal";"Sem Vítimas";"Plena Noite";"Crescente";"Céu Claro";"Simples";"Reta";"Não";2;0;0;0;2;0;0;2;-16,3959773;-39,1933471;"SPRF-BA";"DEL09-BA";"UOP01-DEL09-BA"
288149;2020-06-04;"quinta-feira";"19:00:00";"AC";364;130;"RIO BRANCO";"Defeito na Via";"Queda de ocupante de veículo";"Com Vítimas Feridas";"Plena Noite";"Crescente";"Garoa/Chuvisco";"Simples";"Reta";"Sim";1;0;1;0;0;0;1;1;-10,02387812;-67,81795979;"SPRF-AC";"DEL01-AC";"UOP01-DEL01-AC"
288151;2020-06-04;"quinta-feira";"18:30:00";"MS";163;428,5;"CAMPO GRANDE";"Defeito Mecânico no Veículo";"Tombamento";"Com Vítimas Feridas";"Plena Noite";"Crescente";"Céu Claro";"Simples";"Reta";"Não";1;0;1;0;0;0;1;1;-20,91923602;-54,49831812;"SPRF-MS";"DEL01-MS";"UOP01-DEL01-MS"
288152;2020-06-04;"quinta-feira";"21:15:00";"RN";101;83;"SAO GONCALO DO AMARANTE";"Pista Escorregadia";"Queda de ocupante de veículo";"Com Vítimas Feridas";"Plena Noite";"Crescente";"Nublado";"Dupla";"Curva";"Sim";1;0;1;0;0;0;1;1;-5,77080783;-35,26740074;"SPRF-RN";"DEL02-RN";"UOP01-DEL02-RN"
288154;2020-06-04;"quinta-feira";"15:20:00";"RO";425;61;"NOVA MAMORE";"Falta de Atenção à Condução";"Tombamento";"Com Vítimas Feridas";"Pleno dia";"Decrescente";"Nublado";"Simples";"Curva";"Não";1;0;1;0;0;0;1;1;-10,09360002;-65,28591156;"SPRF-RO";"DEL01-RO";"UOP03-DEL01-RO"
288155;2020-06-04;"quinta-feira";"20:05:00";"BA";324;359;"CAPIM GROSSO";"Pista Escorregadia";"Queda de ocupante de veículo";"Com Vítimas Feridas";"Plena Noite";"Crescente";"Chuva";"Simples";"Reta";"Não";1;0;1;0;0;0;1;1;-11,39123151;-39,97880183;"SPRF-BA";"DEL04-BA";"UOP02-DEL04-BA"
288156;2020-06-04;"quinta-feira";"21:15:00";"GO";60;20,5;"ALEXANIA";"Falta de Atenção à Condução";"Colisão lateral";"Com Vítimas Fatais";"Plena Noite";"Decrescente";"Céu Claro";"Dupla";"Reta";"Não";2;1;0;1;0;0;1;2;-16,120608;-48,405338;"SPRF-DF";"DEL03-DF";"UOP01-DEL03-DF"
288157;2020-06-04;"quinta-feira";"21:40:00";"MG";40;702;"BARBACENA";"Desobediência às normas de trânsito pelo condutor";"Colisão transversal";"Com Vítimas Feridas";"Plena Noite";"Crescente";"Céu Claro";"Simples";"Rotatória";"Sim";3;0;0;2;1;0;2;2;-21,21942093;-43,74099255;"SPRF-MG";"DEL05-MG";"UOP02-DEL05-MG"
288161;2020-06-04;"quinta-feira";"19:30:00";"AM";174;959;"MANAUS";"Condutor Dormindo";"Saída de leito carroçável";"Com Vítimas Feridas";"Plena Noite";"Crescente";"Céu Claro";"Simples";"Reta";"Não";3;0;3;0;0;0;3;1;-2,31941605;-60,04638457;"SPRF-AM";"DEL01-AM";"UOP01-DEL01-AM"
288163;2020-06-04;"quinta-feira";"19:20:00";"GO";70;466;"ARAGARCAS";"Falta de Atenção à Condução";"Colisão traseira";"Com Vítimas Feridas";"Plena Noite";"Crescente";"Céu Claro";"Simples";"Reta";"Não";3;0;2;0;1;0;2;2;-15,90843343;-52,13702291;"SPRF-GO";"DEL04-GO";"UOP01-DEL04-GO"
288168;2020-06-04;"quinta-feira";"19:40:00";"GO";158;67;"PIRANHAS";"Falta de Atenção à Condução";"Colisão traseira";"Com Vítimas Feridas";"Plena Noite";"Decrescente";"Céu Claro";"Simples";"Reta";"Não";3;0;0;1;2;0;1;2;-16,3211202;-51,9481003;"SPRF-GO";"DEL04-GO";"UOP01-DEL04-GO"
288173;2020-06-05;"sexta-feira";"00:01:00";"SC";101;217;"PALHOCA";"Falta de Atenção à Condução";"Saída de leito carroçável";"Com Vítimas Feridas";"Plena Noite";"Decrescente";"Chuva";"Múltipla";"Reta";"Sim";3;0;2;0;1;0;2;1;-27,66779034;-48,67393586;"SPRF-SC";"DEL01-SC";"UOP02-DEL01-SC"
288176;2020-06-04;"quinta-feira";"23:16:00";"AL";104;89,5;"RIO LARGO";"Ingestão de Álcool";"Colisão lateral";"Com Vítimas Feridas";"Pleno dia";"Crescente";"Céu Claro";"Dupla";"Reta";"Sim";2;0;1;0;1;0;1;2;-9,49216808;-35,81471324;"SPRF-AL";"DEL01-AL";"UOP01-DEL01-AL"
288179;2020-06-05;"sexta-feira";"00:00:00";"SC";116;140,4;"SANTA CECILIA";"Avarias e/ou desgaste excessivo no pneu";"Colisão com objeto estático";"Com Vítimas Feridas";"Plena Noite";"Decrescente";"Chuva";"Simples";"Curva";"Não";2;0;1;0;1;0;1;1;-26,96625517;-50,40928315;"SPRF-SC";"DEL06-SC";"UOP02-DEL06-SC"
288180;2020-06-04;"quinta-feira";"19:50:00";"PR";277;116,5;"CAMPO LARGO";"Ingestão de Álcool";"Saída de leito carroçável";"Sem Vítimas";"Plena Noite";"Crescente";"Céu Claro";"Dupla";"Reta";"Sim";1;0;0;0;1;0;0;1;-25,43342542;-49,40593292;"SPRF-PR";"DEL01-PR";"UOP03-DEL03-PR"
288181;2020-06-04;"quinta-feira";"23:45:00";"SC";101;132;"BALNEARIO CAMBORIU";"Pista Escorregadia";"Colisão com objeto estático";"Com Vítimas Feridas";"Plena Noite";"Decrescente";"Nublado";"Simples";"Reta";"Não";1;0;1;0;0;0;1;1;-26,99654133;-48,65564711;"SPRF-SC";"DEL04-SC";"UOP03-DEL04-SC"
288182;2020-06-05;"sexta-feira";"00:30:00";"RJ";116;180,3;"NOVA IGUACU";"Falta de Atenção à Condução";"Colisão com objeto estático";"Com Vítimas Feridas";"Plena Noite";"Decrescente";"Céu Claro";"Dupla";"Reta";"Sim";2;0;1;0;1;0;1;2;-22,7651616;-43,4154728;"SPRF-RJ";"DEL01-RJ";"UOP02-DEL01-RJ"
288183;2020-06-05;"sexta-feira";"00:40:00";"PR";277;72;"SAO JOSE DOS PINHAIS";"Ingestão de Álcool";"Saída de leito carroçável";"Sem Vítimas";"Plena Noite";"Crescente";"Garoa/Chuvisco";"Dupla";"Em Obras";"Sim";1;0;0;0;1;0;0;1;-25,52522628;-49,09755612;"SPRF-PR";"DEL01-PR";"UOP01-DEL01-PR"
288184;2020-06-05;"sexta-feira";"00:30:00";"PR";369;57;"BANDEIRANTES";"Desobediência às normas de trânsito pelo condutor";"Colisão com objeto estático";"Com Vítimas Feridas";"Plena Noite";"Crescente";"Garoa/Chuvisco";"Simples";"Reta";"Sim";2;0;1;0;0;1;1;2;-23,13018089;-50,38926601;"SPRF-PR";"DEL07-PR";"UOP05-DEL07-PR"
288186;2020-06-05;"sexta-feira";"01:15:00";"RS";470;186;"VERANOPOLIS";"Velocidade Incompatível";"Saída de leito carroçável";"Sem Vítimas";"Plena Noite";"Crescente";"Chuva";"Simples";"Curva;Declive";"Sim";2;0;0;0;2;0;0;1;-29,00718017;-51,54779792;"SPRF-RS";"DEL06-RS";"UOP02-DEL06-RS"
288187;2020-06-05;"sexta-feira";"01:30:00";"SC";101;85;"BARRA VELHA";"Ingestão de Álcool";"Saída de leito carroçável";"Sem Vítimas";"Plena Noite";"Crescente";"Garoa/Chuvisco";"Dupla";"Reta";"Sim";1;0;0;0;1;0;0;1;-26,62840879;-48,70813584;"SPRF-SC";"DEL03-SC";"UOP02-DEL03-SC"
288190;2020-06-05;"sexta-feira";"01:15:00";"SC";101;210;"SAO JOSE";"Velocidade Incompatível";"Colisão com objeto estático";"Com Vítimas Feridas";"Plena Noite";"Decrescente";"Chuva";"Múltipla";"Reta;Aclive";"Sim";1;0;1;0;0;0;1;1;-27,6168441;-48,64562362;"SPRF-SC";"DEL01-SC";"UOP01-DEL01-SC"
288192;2020-06-05;"sexta-feira";"02:15:00";"SC";101;222,9;"PALHOCA";"Falta de Atenção à Condução";"Colisão lateral";"Com Vítimas Feridas";"Plena Noite";"Decrescente";"Chuva";"Dupla";"Aclive";"Sim";1;0;0;1;0;0;1;1;-27,70865409;-48,65586407;"SPRF-SC";"DEL01-SC";"UOP02-DEL01-SC"
288193;2020-06-05;"sexta-feira";"01:00:00";"PB";230;9,8;"CABEDELO";"Falta de Atenção à Condução";"Saída de leito carroçável";"Sem Vítimas";"Plena Noite";"Decrescente";"Nublado";"Dupla";"Desvio Temporário";"Sim";1;0;0;0;0;1;0;1;-7,0433;-34,8466;"SPRF-PB";"DEL01-PB";"UOP01-DEL01-PB"
288194;2020-06-05;"sexta-feira";"01:40:00";"SP";116;146;"SAO JOSE DOS CAMPOS";"Falta de Atenção à Condução";"Colisão traseira";"Com Vítimas Feridas";"Plena Noite";"Decrescente";"Chuva";"Dupla";"Reta";"Sim";2;0;1;0;1;0;1;2;-23,19122919;-45,86327591;"SPRF-SP";"DEL02-SP";"UOP01-DEL02-SP"
288195;2020-06-05;"sexta-feira";"01:30:00";"MS";163;536,2;"BANDEIRANTES";"Falta de Atenção à Condução";"Saída de leito carroçável";"Com Vítimas Feridas";"Plena Noite";"Decrescente";"Nublado";"Simples";"Reta";"Não";1;0;1;0;0;0;1;1;-20,02455306;-54,40562386;"SPRF-MS";"DEL01-MS";"UOP02-DEL01-MS"
288197;2020-06-05;"sexta-feira";"02:00:00";"SC";116;35,2;"ITAIOPOLIS";"Velocidade Incompatível";"Saída de leito carroçável";"Sem Vítimas";"Plena Noite";"Crescente";"Chuva";"Simples";"Curva";"Não";1;0;0;0;1;0;0;1;-26,33588885;-50,00519808;"SPRF-SC";"DEL06-SC";"UOP01-DEL06-SC"
288198;2020-06-04;"quinta-feira";"14:20:00";"MT";70;524;"VARZEA GRANDE";"Pista Escorregadia";"Queda de ocupante de veículo";"Com Vítimas Feridas";"Pleno dia";"Decrescente";"Céu Claro";"Simples";"Rotatória";"Sim";2;0;1;1;0;0;2;2;-15,649207;-56,19486;"SPRF-MT";"DEL01-MT";"UOP02-DEL01-MT"
288199;2020-06-05;"sexta-feira";"01:30:00";"PA";222;239;"MARABA";"Pista Escorregadia";"Tombamento";"Com Vítimas Fatais";"Plena Noite";"Decrescente";"Chuva";"Dupla";"Reta";"Sim";1;1;0;0;0;0;0;1;-5,302089;-49,0723;"SPRF-PA";"DEL03-PA";"UOP01-DEL03-PA"
288202;2020-06-05;"sexta-feira";"03:15:00";"PR";369;143,9;"LONDRINA";"Ingestão de Álcool";"Saída de leito carroçável";"Com Vítimas Feridas";"Plena Noite";"Decrescente";"Chuva";"Dupla";"Declive";"Sim";2;0;1;0;1;0;1;1;-23,2924396;-51,1015486;"SPRF-PR";"DEL07-PR";"UOP01-DEL07-PR"
288203;2020-06-05;"sexta-feira";"04:45:00";"SC";470;58,6;"BLUMENAU";"Desobediência às normas de trânsito pelo condutor";"Colisão frontal";"Com Vítimas Feridas";"Plena Noite";"Decrescente";"Chuva";"Simples";"Curva";"Sim";3;0;3;0;0;0;3;2;-26,883879;-49,145622;"SPRF-SC";"DEL04-SC";"UOP01-DEL04-SC"
288204;2020-06-05;"sexta-feira";"03:55:00";"MS";163;275,2;"DOURADOS";"Animais na Pista";"Capotamento";"Com Vítimas Feridas";"Plena Noite";"Crescente";"Céu Claro";"Dupla";"Reta";"Não";2;0;0;1;1;0;1;1;-22,16533173;-54,65408119;"SPRF-MS";"DEL04-MS";"UOP01-DEL04-MS"
288205;2020-06-05;"sexta-feira";"04:50:00";"SC";282;0,5;"FLORIANOPOLIS";"Ingestão de Álcool";"Capotamento";"Com Vítimas Feridas";"Plena Noite";"Crescente";"Chuva";"Múltipla";"Curva";"Sim";1;0;1;0;0;0;1;1;-27,59845;-48,571995;"SPRF-SC";"DEL01-SC";"UOP01-DEL01-SC"
288206;2020-06-05;"sexta-feira";"05:50:00";"ES";101;234;"FUNDAO";"Falta de Atenção à Condução";"Queda de ocupante de veículo";"Com Vítimas Feridas";"Amanhecer";"Decrescente";"Céu Claro";"Simples";"Reta";"Não";1;0;1;0;0;0;1;1;-19,96973516;-40,40766379;"SPRF-ES";"DEL02-ES";"UOP01-DEL02-ES"
288207;2020-06-05;"sexta-feira";"06:15:00";"SC";101;186;"BIGUACU";"Falta de Atenção à Condução";"Colisão com objeto estático";"Com Vítimas Feridas";"Plena Noite";"Decrescente";"Chuva";"Dupla";"Curva";"Sim";1;0;1;0;0;0;1;1;-27,4341098;-48,62567129;"SPRF-SC";"DEL01-SC";"UOP01-DEL01-SC"
288208;2020-06-05;"sexta-feira";"06:20:00";"ES";101;443,8;"MIMOSO DO SUL";"Ultrapassagem Indevida";"Colisão lateral";"Com Vítimas Feridas";"Amanhecer";"Crescente";"Céu Claro";"Simples";"Curva";"Não";6;0;2;0;4;0;2;2;-21,09789425;-41,25305078;"SPRF-ES";"DEL03-ES";"UOP02-DEL03-ES"
288209;2020-06-05;"sexta-feira";"04:00:00";"AC";364;142;"RIO BRANCO";"Falta de Atenção à Condução";"Colisão com objeto estático";"Sem Vítimas";"Plena Noite";"Decrescente";"Céu Claro";"Dupla";"Reta";"Não";1;0;0;0;1;0;0;1;-9,93629479;-67,88193482;"SPRF-AC";"DEL01-AC";"UOP01-DEL01-AC"
288210;2020-06-04;"quinta-feira";"10:50:00";"ES";101;380,1;"ICONHA";"Falta de Atenção à Condução";"Colisão transversal";"Com Vítimas Feridas";"Pleno dia";"Decrescente";"Céu Claro";"Simples";"Reta";"Não";2;0;1;0;1;0;1;2;-20,80767317;-40,83488482;"SPRF-ES";"DEL03-ES";"UOP01-DEL03-ES"
288214;2020-06-05;"sexta-feira";"05:40:00";"GO";40;27,1;"LUZIANIA";"Defeito Mecânico no Veículo";"Colisão com objeto estático";"Sem Vítimas";"Amanhecer";"Crescente";"Céu Claro";"Dupla";"Reta";"Sim";1;0;0;0;0;1;0;1;-16,266185;-47,888241;"SPRF-DF";"DEL01-DF";"UOP01-DEL01-DF"
288215;2020-06-05;"sexta-feira";"06:25:00";"RJ";116;181;"NOVA IGUACU";"Falta de Atenção à Condução";"Atropelamento de Pedestre";"Com Vítimas Feridas";"Pleno dia";"Crescente";"Céu Claro";"Dupla";"Reta";"Sim";2;0;1;0;0;1;1;2;-22,761312;-43,423492;"SPRF-RJ";"DEL01-RJ";"UOP02-DEL01-RJ"
288216;2020-06-05;"sexta-feira";"06:50:00";"ES";101;1,2;"SERRA";"Velocidade Incompatível";"Tombamento";"Com Vítimas Feridas";"Pleno dia";"Crescente";"Nublado";"Dupla";"Reta";"Não";1;0;0;1;0;0;1;1;-20,25047106;-40,28646827;"SPRF-ES";"DEL02-ES";"UOP01-DEL02-ES"
288218;2020-06-05;"sexta-feira";"07:20:00";"RN";101;85;"NATAL";"Desobediência às normas de trânsito pelo condutor";"Colisão traseira";"Com Vítimas Feridas";"Pleno dia";"Crescente";"Céu Claro";"Dupla";"Ponte";"Não";2;0;1;0;1;0;1;2;-5,78174129;-35,24775716;"SPRF-RN";"DEL02-RN";"UOP01-DEL02-RN"
288219;2020-06-05;"sexta-feira";"08:00:00";"PE";232;6;"RECIFE";"Não guardar distância de segurança";"Engavetamento";"Sem Vítimas";"Pleno dia";"Decrescente";"Céu Claro";"Dupla";"Reta";"Não";6;0;0;0;6;0;0;3;-8,07079525;-34,9535389;"SPRF-PE";"DEL01-PE";"UOP01-DEL01-PE"
288221;2020-06-05;"sexta-feira";"07:20:00";"SC";280;41;"ARAQUARI";"Falta de Atenção à Condução";"Saída de leito carroçável";"Com Vítimas Feridas";"Pleno dia";"Decrescente";"Chuva";"Simples";"Reta";"Não";2;0;1;1;0;0;2;1;-26,45000366;-48,85790902;"SPRF-SC";"DEL03-SC";"UOP03-DEL03-SC"
288222;2020-06-05;"sexta-feira";"08:00:00";"SC";101;214,3;"PALHOCA";"Ingestão de Álcool";"Colisão lateral";"Sem Vítimas";"Pleno dia";"Decrescente";"Chuva";"Dupla";"Reta";"Sim";2;0;0;0;2;0;0;2;-27,64443;-48,67057;"SPRF-SC";"DEL01-SC";"UOP02-DEL01-SC"
288224;2020-06-05;"sexta-feira";"08:30:00";"DF";20;8;"BRASILIA";"Não guardar distância de segurança";"Colisão traseira";"Com Vítimas Feridas";"Pleno dia";"Decrescente";"Sol";"Dupla";"Interseção de Vias;Reta";"Sim";2;0;1;0;1;0;1;2;-15,658386;-47,791534;"SPRF-DF";"DEL02-DF";"UOP01-DEL02-DF"
288227;2020-06-05;"sexta-feira";"08:50:00";"PR";277;6,5;"PARANAGUA";"Velocidade Incompatível";"Queda de ocupante de veículo";"Com Vítimas Feridas";"Pleno dia";"Decrescente";"Chuva";"Simples";"Curva";"Não";1;0;1;0;0;0;1;1;-25,568198;-48,615292;"SPRF-PR";"DEL01-PR";"UOP05-DEL01-PR"
288228;2020-06-05;"sexta-feira";"08:50:00";"RS";386;342,2;"LAJEADO";"Desobediência às normas de trânsito pelo condutor";"Colisão transversal";"Com Vítimas Feridas";"Pleno dia";"Crescente";"Garoa/Chuvisco";"Simples";"Retorno Regulamentado";"Sim";2;0;1;0;1;0;1;2;-29,43264271;-52,01023931;"SPRF-RS";"DEL04-RS";"UOP01-DEL04-RS"
288229;2020-06-05;"sexta-feira";"08:15:00";"RS";116;151,4;"CAXIAS DO SUL";"Pista Escorregadia";"Colisão com objeto estático";"Sem Vítimas";"Pleno dia";"Decrescente";"Nublado";"Dupla";"Curva";"Sim";2;0;0;0;2;0;0;1;-29,10627648;-51,11698151;"SPRF-RS";"DEL05-RS";"UOP01-DEL05-RS"
288231;2020-06-05;"sexta-feira";"08:20:00";"RJ";116;164;"RIO DE JANEIRO";"Falta de Atenção à Condução";"Colisão lateral";"Com Vítimas Feridas";"Pleno dia";"Decrescente";"Céu Claro";"Dupla";"Reta";"Não";2;0;1;0;1;0;1;2;-22,81074068;-43,28844363;"SPRF-RJ";"DEL01-RJ";"UOP01-DEL01-RJ"
288233;2020-06-05;"sexta-feira";"09:05:00";"RS";116;253;"SAPUCAIA DO SUL";"Não guardar distância de segurança";"Colisão traseira";"Sem Vítimas";"Pleno dia";"Crescente";"Chuva";"Múltipla";"Reta";"Sim";2;0;0;0;2;0;0;2;-29,81784209;-51,16996166;"SPRF-RS";"DEL01-RS";"UOP02-DEL01-RS"
288235;2020-06-05;"sexta-feira";"08:40:00";"PR";369;151,2;"LONDRINA";"Ingestão de Álcool";"Colisão com objeto estático";"Sem Vítimas";"Pleno dia";"Crescente";"Nublado";"Dupla";"Viaduto";"Sim";1;0;0;0;1;0;0;1;-23,29288;-51,1733;"SPRF-PR";"DEL07-PR";"UOP01-DEL07-PR"
288237;2020-06-05;"sexta-feira";"08:55:00";"PR";272;560;"TERRA ROXA";"Falta de Atenção à Condução";"Colisão traseira";"Sem Vítimas";"Pleno dia";"Decrescente";"Céu Claro";"Simples";"Reta";"Não";5;0;0;0;5;0;0;2;-24,08095;-54,152461;"SPRF-PR";"DEL06-PR";"N/A"
288238;2020-06-05;"sexta-feira";"09:10:00";"SC";101;186;"BIGUACU";"Falta de Atenção à Condução";"Saída de leito carroçável";"Com Vítimas Feridas";"Pleno dia";"Decrescente";"Chuva";"Dupla";"Curva";"Não";4;0;4;0;0;0;4;2;-27,4341098;-48,62567129;"SPRF-SC";"DEL01-SC";"UOP01-DEL01-SC"