"id";"data_inversa";"dia_semana";"horario";"uf";"br";"km";"municipio";"causa_acidente";"tipo_acidente";"classificacao_acidente";"fase_dia";"sentido_via";"condicao_metereologica";"tipo_pista";"tracado_via";"uso_solo";"pessoas";"mortos";"feridos_leves";"feridos_graves";"ilesos";"ignorados";"feridos";"veiculos";"latitude";"longitude";"regional";"delegacia";"uop"
288239;2020-06-05;"sexta-feira";"09:45:00";"SP";116;511;"CAJATI";"Pista Escorregadia";"Colisão com objeto estático";"Com Vítimas Feridas";"Pleno dia";"Crescente";"Garoa/Chuvisco";"Dupla";"Curva";"Não";1;0;1;0;0;0;1;1;-24,8355839927;-48,2223737993;"SPRF-SP";"DEL05-SP";"UOP02-DEL05-SP"
288240;2020-03-17;"terça-feira";"17:00:00";"SC";163;68,6;"SAO MIGUEL DO OESTE";"Falta de Atenção à Condução";"Tombamento";"Com Vítimas Feridas";"Pleno dia";"Crescente";"Céu Claro";"Dupla";"Reta";"Sim";2;0;0;1;1;0;1;2;-26,73318315;-53,50880384;"SPRF-SC";"DEL07-SC";"UOP03-DEL07-SC"
288243;2020-04-23;"quinta-feira";"16:00:00";"BA";415;49;"ITABUNA";"Falta de Atenção à Condução";"Colisão traseira";"Com Vítimas Feridas";"Pleno dia";"Crescente";"Céu Claro";"Simples";"Declive";"Sim";2;0;0;1;1;0;1;2;-14,8244235;-39,31208611;"SPRF-BA";"DEL05-BA";"UOP01-DEL05-BA"
288245;2020-06-05;"sexta-feira";"10:30:00";"SC";101;192;"BIGUACU";"Pista Escorregadia";"Queda de ocupante de veículo";"Com Vítimas Feridas";"Pleno dia";"Decrescente";"Chuva";"Dupla";"Curva";"Sim";1;0;1;0;0;0;1;1;-27,48443781;-48,64765238;"SPRF-SC";"DEL01-SC";"UOP01-DEL01-SC"
288246;2020-06-03;"quarta-feira";"19:10:00";"BA";324;622,2;"SALVADOR";"Desobediência às normas de trânsito pelo pedestre";"Atropelamento de Pedestre";"Com Vítimas Feridas";"Plena Noite";"Crescente";"Nublado";"Dupla";"Curva";"Sim";3;0;1;0;1;1;1;2;-12,91888605;-38,46502095;"SPRF-BA";"DEL01-BA";"UOP01-DEL01-BA"
288247;2020-06-05;"sexta-feira";"10:30:00";"DF";80;18;"BRASILIA";"Mal Súbito";"Saída de leito carroçável";"Com Vítimas Feridas";"Pleno dia";"Crescente";"Céu Claro";"Dupla";"Reta";"Sim";3;0;2;1;0;0;3;1;-15,68339892;-48,20580477;"SPRF-DF";"DEL03-DF";"UOP02-DEL03-DF"
288249;2020-06-05;"sexta-feira";"10:15:00";"RJ";101;295;"ITABORAI";"Falta de Atenção à Condução";"Colisão traseira";"Com Vítimas Feridas";"Pleno dia";"Decrescente";"Céu Claro";"Dupla";"Reta";"Não";2;0;1;0;1;0;1;2;-22,76365068;-42,90223623;"SPRF-RJ";"DEL02-RJ";"UOP03-DEL02-RJ"
288251;2020-06-05;"sexta-feira";"11:10:00";"RS";287;248;"SANTA MARIA";"Falta de Atenção à Condução";"Colisão frontal";"Com Vítimas Feridas";"Pleno dia";"Crescente";"Chuva";"Simples";"Reta";"Sim";2;0;1;1;0;0;2;2;-29,696018;-53,850956;"SPRF-RS";"DEL09-RS";"UOP01-DEL09-RS"
288252;2020-06-05;"sexta-feira";"11:00:00";"RJ";116;224;"PIRAI";"Falta de Atenção à Condução";"Queda de ocupante de veículo";"Com Vítimas Feridas";"Pleno dia";"Crescente";"Nublado";"Simples";"Aclive";"Sim";2;0;1;0;0;1;1;2;-22,65534566;-43,8368728;"SPRF-RJ";"DEL07-RJ";"UOP01-DEL07-RJ"
288255;2020-06-05;"sexta-feira";"08:30:00";"SC";470;163;"TROMBUDO CENTRAL";"Falta de Atenção à Condução";"Colisão traseira";"Com Vítimas Feridas";"Pleno dia";"Crescente";"Chuva";"Simples";"Curva";"Não";6;0;0;2;4;0;2;4;-27,278976;-49,825996;"SPRF-SC";"DEL04-SC";"UOP02-DEL04-SC"
288256;2020-05-24;"domingo";"16:20:00";"DF";70;16;"BRASILIA";"Velocidade Incompatível";"Queda de ocupante de veículo";"Com Vítimas Fatais";"Pleno dia";"Crescente";"Céu Claro";"Dupla";"Curva;Rotatória";"Não";1;1;0;0;0;0;0;1;-15,796144;-48,194225;"SPRF-DF";"DEL03-DF";"UOP02-DEL03-DF"
288257;2020-06-05;"sexta-feira";"07:45:00";"MS";158;3;"CASSILANDIA";"Falta de Atenção à Condução";"Colisão traseira";"Com Vítimas Feridas";"Pleno dia";"Crescente";"Céu Claro";"Simples";"Reta";"Sim";2;0;1;0;1;0;1;2;-19,12172416;-51,72355512;"SPRF-MS";"DEL08-MS";"UOP01-DEL08-MS"
288261;2020-06-05;"sexta-feira";"13:10:00";"SC";101;33;"JOINVILLE";"Pista Escorregadia";"Saída de leito carroçável";"Com Vítimas Feridas";"Pleno dia";"Crescente";"Garoa/Chuvisco";"Simples";"Viaduto";"Não";2;0;1;0;1;0;1;1;-26,25770452;-48,90538216;"SPRF-SC";"DEL03-SC";"UOP01-DEL03-SC"
288262;2020-05-13;"quarta-feira";"18:50:00";"SC";116;245;"LAGES";"Falta de Atenção à Condução";"Colisão transversal";"Com Vítimas Feridas";"Plena Noite";"Decrescente";"Céu Claro";"Simples";"Reta";"Sim";2;0;1;0;1;0;1;2;-27,80419271;-50,365237;"SPRF-SC";"DEL05-SC";"UOP01-DEL05-SC"
288264;2020-06-05;"sexta-feira";"12:10:00";"RJ";116;254,2;"PIRAI";"Falta de Atenção à Condução";"Saída de leito carroçável";"Com Vítimas Feridas";"Pleno dia";"Decrescente";"Nublado";"Dupla";"Reta";"Não";2;0;1;0;1;0;1;1;-22,57811624;-43,98644985;"SPRF-RJ";"DEL07-RJ";"UOP01-DEL07-RJ"
288265;2020-06-05;"sexta-feira";"05:50:00";"PR";467;77;"TOLEDO";"Mal Súbito";"Saída de leito carroçável";"Com Vítimas Feridas";"Amanhecer";"Crescente";"Nublado";"Dupla";"Curva";"Não";1;0;1;0;0;0;1;1;-24,7652;-53,6899;"SPRF-PR";"DEL04-PR";"UOP01-DEL04-PR"
288267;2020-05-18;"segunda-feira";"07:40:00";"MG";381;857,8;"POUSO ALEGRE";"Desobediência às normas de trânsito pelo condutor";"Colisão lateral";"Com Vítimas Feridas";"Pleno dia";"Crescente";"Céu Claro";"Simples";"Rotatória";"Não";2;0;0;1;1;0;1;2;-22,3341773;-45,92156967;"SPRF-MG";"DEL16-MG";"UOP01-DEL16-MG"
288268;2020-06-05;"sexta-feira";"13:45:00";"BA";101;713,9;"EUNAPOLIS";"Velocidade Incompatível";"Colisão frontal";"Com Vítimas Feridas";"Pleno dia";"Crescente";"Sol";"Simples";"Reta;Interseção de Vias";"Sim";2;0;0;2;0;0;2;2;-16,3504501;-39,57962036;"SPRF-BA";"DEL09-BA";"UOP01-DEL09-BA"
288269;2020-06-05;"sexta-feira";"14:15:00";"CE";20;420;"MARACANAU";"Falta de Atenção à Condução";"Colisão traseira";"Com Vítimas Feridas";"Pleno dia";"Decrescente";"Céu Claro";"Dupla";"Reta";"Sim";3;0;0;2;1;0;2;2;-3,76999035;-38,67006282;"SPRF-CE";"DEL01-CE";"UOP02-DEL01-CE"
288270;2020-06-05;"sexta-feira";"13:05:00";"PA";163;1002;"SANTAREM";"Falta de Atenção à Condução";"Colisão transversal";"Com Vítimas Feridas";"Pleno dia";"Decrescente";"Céu Claro";"Simples";"Interseção de Vias";"Sim";5;0;2;0;3;0;2;2;-2,45567004;-54,72854541;"SPRF-PA";"DEL05-PA";"UOP01-DEL05-PA"
288271;2020-06-05;"sexta-feira";"14:20:00";"DF";80;5,4;"BRASILIA";"Falta de Atenção à Condução";"Colisão traseira";"Com Vítimas Feridas";"Pleno dia";"Crescente";"Céu Claro";"Simples";"Declive;Interseção de Vias";"Não";3;0;2;0;1;0;2;2;-15,72933012;-48,1239903;"SPRF-DF";"DEL03-DF";"UOP02-DEL03-DF"
288274;2020-06-05;"sexta-feira";"11:25:00";"RO";364;341,5;"JI-PARANA";"Não guardar distância de segurança";"Colisão traseira";"Sem Vítimas";"Pleno dia";"Decrescente";"Céu Claro";"Simples";"Reta";"Sim";2;0;0;0;2;0;0;2;-10,88607377;-61,93437338;"SPRF-RO";"DEL02-RO";"UOP01-DEL02-RO"
288275;2020-06-05;"sexta-feira";"11:38:00";"RS";290;575,6;"ALEGRETE";"Pista Escorregadia";"Colisão transversal";"Sem Vítimas";"Pleno dia";"Decrescente";"Chuva";"Simples";"Reta";"Sim";2;0;0;0;2;0;0;2;-29,819159;-55,729084;"SPRF-RS";"DEL13-RS";"UOP02-DEL13-RS"
288276;2020-06-05;"sexta-feira";"13:15:00";"MG";40;771,3;"JUIZ DE FORA";"Mal Súbito";"Tombamento";"Com Vítimas Feridas";"Pleno dia";"Crescente";"Céu Claro";"Dupla";"Curva";"Não";2;0;1;0;1;0;1;1;-21,60932712;-43,45892723;"SPRF-MG";"DEL05-MG";"UOP01-DEL05-MG"
288278;2020-06-05;"sexta-feira";"14:50:00";"MG";50;68;"UBERLANDIA";"Desobediência às normas de trânsito pelo condutor";"Colisão transversal";"Com Vítimas Feridas";"Pleno dia";"Crescente";"Céu Claro";"Múltipla";"Interseção de Vias";"Sim";3;0;1;1;1;0;2;2;-18,85140204;-48,25345932;"SPRF-MG";"DEL15-MG";"UOP01-DEL15-MG"
288279;2020-06-05;"sexta-feira";"15:30:00";"SC";101;57;"ARAQUARI";"Pista Escorregadia";"Saída de leito carroçável";"Com Vítimas Feridas";"Pleno dia";"Decrescente";"Chuva";"Dupla";"Curva";"Não";3;0;1;0;2;0;1;1;-26,43646093;-48,81113029;"SPRF-SC";"DEL03-SC";"UOP01-DEL03-SC"
288282;2020-06-05;"sexta-feira";"16:15:00";"RN";101;85,3;"NATAL";"Não guardar distância de segurança";"Colisão traseira";"Com Vítimas Feridas";"Pleno dia";"Crescente";"Céu Claro";"Dupla";"Curva";"Sim";2;0;1;0;1;0;1;2;-5,77760259;-35,24975365;"SPRF-RN";"DEL02-RN";"UOP01-DEL02-RN"
288283;2020-06-05;"sexta-feira";"09:35:00";"MG";116;668;"SAO FRANCISCO DO GLORIA";"Falta de Atenção à Condução";"Tombamento";"Com Vítimas Feridas";"Pleno dia";"Decrescente";"Céu Claro";"Simples";"Em Obras";"Não";1;0;1;0;0;0;1;1;-20,851168;-42,32131801;"SPRF-MG";"DEL07-MG";"UOP03-DEL07-MG"
288284;2020-06-05;"sexta-feira";"16:00:00";"PE";232;4;"RECIFE";"Não guardar distância de segurança";"Colisão traseira";"Com Vítimas Feridas";"Pleno dia";"Crescente";"Nublado";"Múltipla";"Reta";"Sim";2;0;1;0;1;0;1;2;-8,064473;-34,936928;"SPRF-PE";"DEL01-PE";"UOP01-DEL01-PE"
288285;2020-06-05;"sexta-feira";"14:30:00";"RS";285;399,7;"SANTA BARBARA DO SUL";"Avarias e/ou desgaste excessivo no pneu";"Saída de leito carroçável";"Com Vítimas Feridas";"Pleno dia";"Crescente";"Chuva";"Simples";"Declive;Reta";"Não";1;0;1;0;0;0;1;1;-28,385458;-53,342712;"SPRF-RS";"DEL10-RS";"UOP02-DEL10-RS"
288288;2020-06-05;"sexta-feira";"14:30:00";"AM";319;42;"CAREIRO";"Animais na Pista";"Atropelamento de Animal";"Com Vítimas Feridas";"Pleno dia";"Decrescente";"Céu Claro";"Simples";"Reta";"Não";3;0;2;0;0;1;2;2;-3,41701735;-59,9156279;"SPRF-AM";"DEL01-AM";"UOP04-DEL01-AM"
288289;2020-06-05;"sexta-feira";"16:59:00";"PR";369;146;"LONDRINA";"Ingestão de Álcool";"Colisão traseira";"Sem Vítimas";"Pleno dia";"Crescente";"Céu Claro";"Dupla";"Aclive";"Sim";2;0;0;0;2;0;0;2;-23,29306967;-51,12383991;"SPRF-PR";"DEL07-PR";"UOP01-DEL07-PR"
288291;2020-06-05;"sexta-feira";"16:50:00";"PR";277;345,5;"GUARAPUAVA";"Falta de Atenção à Condução";"Colisão transversal";"Com Vítimas Feridas";"Pleno dia";"Crescente";"Nublado";"Simples";"Curva";"Sim";2;0;0;1;1;0;1;2;-25,33928412;-51,42880296;"SPRF-PR";"DEL08-PR";"UOP01-DEL08-PR"
288292;2020-06-05;"sexta-feira";"16:20:00";"MS";163;477;"CAMPO GRANDE";"Falta de Atenção à Condução";"Tombamento";"Com Vítimas Feridas";"Pleno dia";"Decrescente";"Nublado";"Simples";"Curva";"Sim";1;0;1;0;0;0;1;1;-20,50427591;-54,55557367;"SPRF-MS";"DEL01-MS";"UOP01-DEL01-MS"
288293;2020-06-05;"sexta-feira";"15:00:00";"MG";50;118,8;"UBERABA";"Falta de Atenção à Condução";"Tombamento";"Com Vítimas Feridas";"Pleno dia";"Decrescente";"Céu Claro";"Dupla";"Reta";"Não";2;0;1;1;0;0;2;1;-19,29129791;-48,11741979;"SPRF-MG";"DEL13-MG";"UOP01-DEL13-MG"
288294;2020-06-05;"sexta-feira";"15:20:00";"SC";101;249,1;"PAULO LOPES";"Velocidade Incompatível";"Saída de leito carroçável";"Com Vítimas Fatais";"Pleno dia";"Crescente";"Chuva";"Dupla";"Curva";"Não";5;3;0;2;0;0;2;1;-27,92619305;-48,65828191;"SPRF-SC";"DEL02-SC";"UOP03-DEL02-SC"
288295;2020-06-05;"sexta-feira";"14:55:00";"SC";101;134;"BALNEARIO CAMBORIU";"Não guardar distância de segurança";"Colisão traseira";"Com Vítimas Feridas";"Pleno dia";"Decrescente";"Chuva";"Simples";"Interseção de Vias";"Sim";3;0;1;0;2;0;1;2;-27,00218;-48,636433;"SPRF-SC";"DEL04-SC";"UOP03-DEL04-SC"
288296;2020-06-05;"sexta-feira";"17:20:00";"BA";116;12,2;"VITORIA DA CONQUISTA";"Falta de Atenção à Condução";"Colisão lateral";"Com Vítimas Feridas";"Anoitecer";"Decrescente";"Céu Claro";"Simples";"Reta";"Sim";2;0;1;0;1;0;1;2;-14,851;-40,8485;"SPRF-BA";"DEL08-BA";"UOP01-DEL08-BA"
288298;2020-06-05;"sexta-feira";"17:30:00";"MG";354;732,3;"POUSO ALTO";"Velocidade Incompatível";"Colisão frontal";"Sem Vítimas";"Anoitecer";"Crescente";"Céu Claro";"Simples";"Declive;Curva";"Não";4;0;0;0;4;0;0;4;-22,17373459;-44,96429443;"SPRF-MG";"DEL17-MG";"UOP01-DEL17-MG"
288299;2020-06-05;"sexta-feira";"17:30:00";"BA";324;613;"SALVADOR";"Falta de Atenção à Condução";"Colisão traseira";"Com Vítimas Feridas";"Plena Noite";"Crescente";"Chuva";"Dupla";"Reta";"Não";6;0;1;0;5;0;1;6;-12,85531601;-38,42055197;"SPRF-BA";"DEL01-BA";"UOP01-DEL01-BA"
288300;2020-06-05;"sexta-feira";"17:20:00";"GO";40;91,8;"CRISTALINA";"Falta de Atenção à Condução";"Colisão transversal";"Com Vítimas Feridas";"Pleno dia";"Crescente";"Céu Claro";"Simples";"Aclive;Reta";"Não";2;0;0;1;1;0;1;2;-16,72736;-47,634957;"SPRF-DF";"DEL01-DF";"UOP02-DEL01-DF"
288301;2020-06-05;"sexta-feira";"16:30:00";"MA";222;665,7;"ACAILANDIA";"Falta de Atenção à Condução";"Colisão lateral";"Sem Vítimas";"Pleno dia";"Crescente";"Céu Claro";"Simples";"Declive";"Não";2;0;0;0;2;0;0;2;-4,89816069;-47,39197619;"SPRF-MA";"DEL04-MA";"UOP03-DEL04-MA"
288302;2020-06-05;"sexta-feira";"17:50:00";"PR";277;9,7;"PARANAGUA";"Avarias e/ou desgaste excessivo no pneu";"Tombamento";"Com Vítimas Feridas";"Anoitecer";"Crescente";"Nublado";"Dupla";"Reta";"Não";2;0;2;0;0;0;2;1;-25,568198;-48,615292;"SPRF-PR";"DEL01-PR";"UOP05-DEL01-PR"
288304;2020-06-05;"sexta-feira";"18:00:00";"MG";40;702,1;"BARBACENA";"Defeito Mecânico no Veículo";"Incêndio";"Sem Vítimas";"Plena Noite";"Crescente";"Nublado";"Dupla";"Reta";"Sim";1;0;0;0;1;0;0;1;-21,21962096;-43,73897552;"SPRF-MG";"DEL05-MG";"UOP02-DEL05-MG"
288305;2020-06-05;"sexta-feira";"14:30:00";"RS";285;583,1;"SAO LUIZ GONZAGA";"Velocidade Incompatível";"Saída de leito carroçável";"Com Vítimas Feridas";"Pleno dia";"Decrescente";"Chuva";"Simples";"Reta";"Não";2;0;2;0;0;0;2;1;-28,450102;-55,119457;"SPRF-RS";"DEL12-RS";"UOP01-DEL12-RS"
288307;2020-06-05;"sexta-feira";"16:40:00";"MG";116;501,8;"INHAPIM";"Falta de Atenção à Condução";"Colisão transversal";"Com Vítimas Feridas";"Pleno dia";"Crescente";"Céu Claro";"Simples";"Reta";"Não";2;0;1;0;1;0;1;2;-19,57017905;-42,12132627;"SPRF-MG";"DEL06-MG";"UOP02-DEL06-MG"
288309;2020-06-05;"sexta-feira";"18:00:00";"PR";277;579;"CASCAVEL";"Falta de Atenção à Condução";"Colisão transversal";"Com Vítimas Feridas";"Anoitecer";"Crescente";"Chuva";"Simples";"Interseção de Vias";"Não";2;0;0;1;1;0;1;2;-24,98298977;-53,359282;"SPRF-PR";"DEL04-PR";"UOP01-DEL04-PR"
288311;2020-06-05;"sexta-feira";"18:05:00";"RS";285;294,8;"PASSO FUNDO";"Ingestão de Álcool";"Colisão transversal";"Com Vítimas Feridas";"Plena Noite";"Crescente";"Chuva";"Simples";"Interseção de Vias";"Sim";2;0;1;0;1;0;1;2;-28,232;-52,391;"SPRF-RS";"DEL08-RS";"UOP03-DEL08-RS"
288312;2020-06-05;"sexta-feira";"17:50:00";"BA";116;419;"FEIRA DE SANTANA";"Falta de Atenção à Condução";"Colisão lateral";"Com Vítimas Feridas";"Plena Noite";"Crescente";"Céu Claro";"Simples";"Reta";"Sim";2;0;2;0;0;0;2;2;-12,194529;-38,965336;"SPRF-BA";"DEL02-BA";"UOP01-DEL02-BA"
288314;2020-06-05;"sexta-feira";"18:30:00";"MG";381;485;"BETIM";"Defeito Mecânico no Veículo";"Tombamento";"Com Vítimas Feridas";"Pleno dia";"Crescente";"Céu Claro";"Dupla";"Curva";"Sim";1;0;1;0;0;0;1;1;-19,95659361;-44,12622893;"SPRF-MG";"DEL01-MG";"UOP03-DEL01-MG"
288315;2020-06-05;"sexta-feira";"16:50:00";"RJ";495;30;"PETROPOLIS";"Restrição de Visibilidade";"Colisão transversal";"Com Vítimas Feridas";"Plena Noite";"Decrescente";"Céu Claro";"Simples";"Rotatória";"Sim";2;0;1;0;1;0;1;2;-22,385458;-43,129604;"SPRF-RJ";"DEL05-RJ";"UOP02-DEL05-RJ"
288317;2020-06-05;"sexta-feira";"18:20:00";"SC";101;227;"PALHOCA";"Falta de Atenção à Condução";"Colisão frontal";"Sem Vítimas";"Plena Noite";"Crescente";"Chuva";"Múltipla";"Rotatória;Interseção de Vias";"Sim";2;0;0;0;2;0;0;2;-27,7509149;-48,63460277;"SPRF-SC";"DEL01-SC";"UOP02-DEL01-SC"
288318;2020-06-05;"sexta-feira";"18:30:00";"SC";101;206,4;"SAO JOSE";"Falta de Atenção à Condução";"Colisão traseira";"Com Vítimas Feridas";"Plena Noite";"Crescente";"Chuva";"Dupla";"Reta";"Sim";1;0;1;0;0;0;1;1;-27,59193546;-48,61824557;"SPRF-SC";"DEL01-SC";"UOP01-DEL01-SC"
288319;2020-06-05;"sexta-feira";"18:30:00";"MG";267;65;"BICAS";"Velocidade Incompatível";"Queda de ocupante de veículo";"Com Vítimas Feridas";"Plena Noite";"Crescente";"Nublado";"Simples";"Reta";"Não";1;0;1;0;0;0;1;1;-21,73321861;-43,09179399;"SPRF-MG";"DEL05-MG";"UOP01-DEL05-MG"
288321;2020-06-05;"sexta-feira";"17:50:00";"PE";101;75;"RECIFE";"Deficiência ou não Acionamento do Sistema de Iluminação/Sinalização do Veículo";"Colisão traseira";"Com Vítimas Feridas";"Anoitecer";"Crescente";"Chuva";"Dupla";"Reta";"Sim";2;0;0;1;1;0;1;2;-8,10973523;-34,94660151;"SPRF-PE";"DEL01-PE";"UOP01-DEL01-PE"
288323;2020-06-05;"sexta-feira";"18:30:00";"RS";386;401;"TRIUNFO";"Velocidade Incompatível";"Capotamento";"Com Vítimas Feridas";"Plena Noite";"Decrescente";"Chuva";"Dupla";"Rotatória";"Não";1;0;1;0;0;0;1;1;-29,758154;-51,594955;"SPRF-RS";"DEL04-RS";"UOP02-DEL04-RS"
288324;2020-06-05;"sexta-feira";"18:45:00";"PR";277;348,8;"GUARAPUAVA";"Animais na Pista";"Atropelamento de Animal";"Sem Vítimas";"Plena Noite";"Crescente";"Chuva";"Simples";"Reta";"Sim";1;0;0;0;1;0;0;1;-25,43629874;-51,64669296;"SPRF-PR";"DEL08-PR";"UOP01-DEL08-PR"
288325;2020-06-05;"sexta-feira";"18:40:00";"RN";101;96;"NATAL";"Falta de Atenção à Condução";"Colisão lateral";"Com Vítimas Feridas";"Plena Noite";"Decrescente";"Céu Claro";"Múltipla";"Interseção de Vias";"Sim";2;0;1;0;1;0;1;2;-5,84949622;-35,20890752;"SPRF-RN";"DEL01-RN";"UOP01-DEL01-RN"
288326;2020-06-05;"sexta-feira";"18:50:00";"AP";210;2;"MACAPA";"Velocidade Incompatível";"Colisão com objeto estático";"Sem Vítimas";"Anoitecer";"Crescente";"Nublado";"Dupla";"Curva";"Sim";1;0;0;0;0;1;0;1;0,08282017;-51,07776189;"SPRF-AP";"DEL01-AP";"UOP01-DEL01-AP"
288327;2020-06-05;"sexta-feira";"17:35:00";"SC";470;73,4;"INDAIAL";"Falta de Atenção à Condução";"Colisão transversal";"Com Vítimas Feridas";"Anoitecer";"Crescente";"Chuva";"Simples";"Reta";"Não";2;0;0;1;1;0;1;2;-26,91303918;-49,27889585;"SPRF-SC";"DEL04-SC";"UOP01-DEL04-SC"
288328;2020-06-05;"sexta-feira";"18:30:00";"SC";101;203;"SAO JOSE";"Falta de Atenção à Condução";"Queda de ocupante de veículo";"Com Vítimas Feridas";"Anoitecer";"Decrescente";"Chuva";"Múltipla";"Reta";"Não";1;0;1;0;0;0;1;1;-27,55711595;-48,61897889;"SPRF-SC";"DEL01-SC";"UOP01-DEL01-SC"
288329;2020-06-05;"sexta-feira";"19:10:00";"SC";101;434,7;"SOMBRIO";"Desobediência às normas de trânsito pelo condutor";"Colisão transversal";"Com Vítimas Feridas";"Plena Noite";"Decrescente";"Chuva";"Simples";"Interseção de Vias";"Sim";3;0;1;0;2;0;1;2;-29,09949414;-49,63480552;"SPRF-SC";"DEL02-SC";"UOP02-DEL02-SC"
288330;2020-06-05;"sexta-feira";"19:00:00";"BA";116;353;"SERRINHA";"Falta de Atenção à Condução";"Colisão transversal";"Com Vítimas Feridas";"Plena Noite";"Decrescente";"Chuva";"Simples";"Reta";"Sim";3;0;2;0;0;1;2;2;-11,617913;-38,98287903;"SPRF-BA";"DEL02-BA";"UOP01-DEL02-BA"
288332;2020-06-05;"sexta-feira";"19:36:00";"PR";277;670,7;"MEDIANEIRA";"Falta de Atenção à Condução";"Saída de leito carroçável";"Sem Vítimas";"Plena Noite";"Decrescente";"Chuva";"Dupla";"Reta";"Sim";1;0;0;0;1;0;0;1;-25,28037085;-54,07911108;"SPRF-PR";"DEL05-PR";"UOP02-DEL05-PR"
288333;2020-06-05;"sexta-feira";"13:15:00";"RO";364;79;"VILHENA";"Avarias e/ou desgaste excessivo no pneu";"Saída de leito carroçável";"Com Vítimas Feridas";"Pleno dia";"Crescente";"Chuva";"Simples";"Aclive;Reta";"Não";2;0;2;0;0;0;2;1;-12,43655117;-60,5686841;"SPRF-RO";"DEL04-RO";"UOP01-DEL04-RO"
288336;2020-06-05;"sexta-feira";"19:23:00";"SC";282;215,9;"LAGES";"Falta de Atenção à Condução";"Colisão transversal";"Com Vítimas Feridas";"Plena Noite";"Crescente";"Nublado";"Dupla";"Interseção de Vias";"Sim";3;0;2;0;0;1;2;2;-27,793665;-50,281799;"SPRF-SC";"DEL05-SC";"UOP01-DEL05-SC"
288337;2020-06-05;"sexta-feira";"19:10:00";"MG";381;482,8;"BETIM";"Falta de Atenção à Condução";"Colisão traseira";"Com Vítimas Feridas";"Plena Noite";"Crescente";"Céu Claro";"Múltipla";"Declive";"Sim";3;0;1;0;2;0;1;2;-19,955532;-44,097209;"SPRF-MG";"DEL01-MG";"UOP03-DEL01-MG"
288340;2020-06-05;"sexta-feira";"17:45:00";"RS";471;172,8;"RIO PARDO";"Falta de Atenção à Condução";"Colisão frontal";"Sem Vítimas";"Anoitecer";"Decrescente";"Chuva";"Simples";"Reta";"Não";2;0;0;0;2;0;0;2;-29,96891424;-52,37010956;"SPRF-RS";"DEL02-RS";"UOP03-DEL02-RS"
288342;2020-06-05;"sexta-feira";"19:05:00";"RJ";40;111;"DUQUE DE CAXIAS";"Falta de Atenção à Condução";"Engavetamento";"Sem Vítimas";"Plena Noite";"Decrescente";"Céu Claro";"Múltipla";"Reta";"Sim";3;0;0;0;3;0;0;3;-22,69903978;-43,28956604;"SPRF-RJ";"DEL01-RJ";"UOP01-DEL01-RJ"
288343;2020-06-05;"sexta-feira";"19:14:00";"SC";101;80,2;"BARRA VELHA";"Ingestão de Álcool";"Saída de leito carroçável";"Sem Vítimas";"Plena Noite";"Decrescente";"Chuva";"Dupla";"Reta";"Sim";1;0;0;0;1;0;0;1;-26,59441996;-48,72183309;"SPRF-SC";"DEL03-SC";"UOP02-DEL03-SC"
288344;2020-06-05;"sexta-feira";"20:20:00";"SC";101;396,1;"MARACAJA";"Velocidade Incompatível";"Saída de leito carroçável";"Com Vítimas Feridas";"Plena Noite";"Decrescente";"Chuva";"Dupla";"Aclive;Reta";"Não";2;0;1;0;1;0;1;1;-28,83564722;-49,41966355;"SPRF-SC";"DEL02-SC";"UOP02-DEL02-SC"
288345;2020-06-05;"sexta-feira";"18:00:00";"RO";319;57,2;"PORTO VELHO";"Falta de Atenção à Condução";"Tombamento";"Com Vítimas Feridas";"Anoitecer";"Decrescente";"Céu Claro";"Simples";"Curva";"Sim";1;0;1;0;0;0;1;1;-8,739714;-63,93214024;"SPRF-RO";"DEL01-RO";"UOP01-DEL01-RO"
288347;2020-06-05;"sexta-feira";"19:30:00";"GO";40;16,4;"LUZIANIA";"Falta de Atenção do Pedestre";"Atropelamento de Pedestre";"Com Vítimas Feridas";"Plena Noite";"Decrescente";"Céu Claro";"Dupla";"Reta";"Sim";3;0;0;1;1;1;1;2;-16,175176;-47,92964;"SPRF-DF";"DEL01-DF";"UOP01-DEL01-DF"
288348;2020-06-05;"sexta-feira";"18:30:00";"RS";290;5;"OSORIO";"Falta de Atenção à Condução";"Saída de leito carroçável";"Com Vítimas Feridas";"Plena Noite";"Crescente";"Chuva";"Dupla";"Reta";"Não";2;0;1;0;1;0;1;1;-29,897158;-50,323845;"SPRF-RS";"DEL03-RS";"UOP01-DEL03-RS"
288349;2020-06-05;"sexta-feira";"18:40:00";"PR";116;112;"CURITIBA";"Não guardar distância de segurança";"Colisão traseira";"Sem Vítimas";"Plena Noite";"Crescente";"Nublado";"Dupla";"Reta";"Não";2;0;0;0;2;0;0;2;-25,56730763;-49,23706792;"SPRF-PR";"DEL01-PR";"UOP06-DEL01-PR"
288350;2020-06-05;"sexta-feira";"19:40:00";"SC";101;382;"ICARA";"Pista Escorregadia";"Saída de leito carroçável";"Com Vítimas Feridas";"Plena Noite";"Decrescente";"Chuva";"Dupla";"Reta";"Não";2;0;2;0;0;0;2;1;-28,7596698837;-49,2855240446;"SPRF-SC";"DEL02-SC";"UOP02-DEL02-SC"
288352;2020-06-05;"sexta-feira";"20:40:00";"SP";116;314;"JUQUITIBA";"Sinalização da via insuficiente ou inadequada";"Atropelamento de Pedestre";"Com Vítimas Fatais";"Plena Noite";"Decrescente";"Céu Claro";"Dupla";"Reta";"Sim";2;1;0;0;0;1;0;2;-23,89562822;-46,98556063;"SPRF-SP";"DEL04-SP";"UOP01-DEL04-SP"