"id";"data_inversa";"dia_semana";"horario";"uf";"br";"km";"municipio";"causa_acidente";"tipo_acidente";"classificacao_acidente";"fase_dia";"sentido_via";"condicao_metereologica";"tipo_pista";"tracado_via";"uso_solo";"pessoas";"mortos";"feridos_leves";"feridos_graves";"ilesos";"ignorados";"feridos";"veiculos";"latitude";"longitude";"regional";"delegacia";"uop"
288353;2020-06-05;"sexta-feira";"19:00:00";"RJ";356;9;"ITAPERUNA";"Falta de Atenção à Condução";"Colisão transversal";"Com Vítimas Feridas";"Plena Noite";"Crescente";"Céu Claro";"Simples";"Reta";"Não";3;0;1;0;2;0;1;2;-21,1730632;-42,10648703;"SPRF-RJ";"DEL08-RJ";"UOP03-DEL08-RJ"
288354;2020-06-05;"sexta-feira";"18:40:00";"RO";364;344,6;"JI-PARANA";"Falta de Atenção à Condução";"Colisão traseira";"Com Vítimas Feridas";"Plena Noite";"Crescente";"Nublado";"Simples";"Interseção de Vias";"Sim";2;0;0;1;1;0;1;2;-10,87007083;-61,95780208;"SPRF-RO";"DEL02-RO";"UOP01-DEL02-RO"
288355;2020-06-05;"sexta-feira";"21:20:00";"RS";290;147;"ELDORADO DO SUL";"Restrição de Visibilidade";"Colisão lateral";"Com Vítimas Feridas";"Plena Noite";"Crescente";"Chuva";"Simples";"Reta";"Não";6;0;1;0;5;0;1;3;-30,10755;-51,675858;"SPRF-RS";"DEL02-RS";"UOP01-DEL02-RS"
288356;2020-06-05;"sexta-feira";"19:50:00";"RS";386;442;"CANOAS";"Animais na Pista";"Atropelamento de Animal";"Com Vítimas Feridas";"Plena Noite";"Crescente";"Chuva";"Simples";"Reta";"Não";6;0;4;0;2;0;4;2;-29,885923;-51,223259;"SPRF-RS";"DEL01-RS";"UOP01-DEL01-RS"
288357;2020-06-05;"sexta-feira";"21:40:00";"SC";101;139;"BALNEARIO CAMBORIU";"Falta de Atenção à Condução";"Colisão com objeto estático";"Com Vítimas Feridas";"Plena Noite";"Crescente";"Chuva";"Dupla";"Curva";"Não";2;0;2;0;0;0;2;1;-27,02397426;-48,60761649;"SPRF-SC";"DEL04-SC";"UOP03-DEL04-SC"
288358;2020-06-05;"sexta-feira";"21:30:00";"SC";101;191;"BIGUACU";"Velocidade Incompatível";"Colisão traseira";"Sem Vítimas";"Plena Noite";"Crescente";"Chuva";"Dupla";"Curva";"Não";2;0;0;0;2;0;0;2;-27,47730273;-48,64127329;"SPRF-SC";"DEL01-SC";"UOP01-DEL01-SC"
288359;2020-06-05;"sexta-feira";"21:45:00";"CE";20;424;"MARACANAU";"Falta de Atenção à Condução";"Colisão transversal";"Com Vítimas Fatais";"Plena Noite";"Crescente";"Céu Claro";"Dupla";"Reta";"Não";2;1;0;0;0;1;0;2;-3,76999035;-38,67006282;"SPRF-CE";"DEL01-CE";"UOP02-DEL01-CE"
288363;2020-06-05;"sexta-feira";"20:40:00";"PR";116;112;"CURITIBA";"Desobediência às normas de trânsito pelo condutor";"Colisão lateral";"Sem Vítimas";"Plena Noite";"Decrescente";"Chuva";"Dupla";"Reta";"Sim";2;0;0;0;2;0;0;2;-25,56730763;-49,23706792;"SPRF-PR";"DEL01-PR";"UOP06-DEL01-PR"
288364;2020-06-05;"sexta-feira";"22:05:00";"DF";70;6,8;"BRASILIA";"Ingestão de Álcool";"Saída de leito carroçável";"Sem Vítimas";"Plena Noite";"Decrescente";"Céu Claro";"Dupla";"Reta";"Não";6;0;0;0;6;0;0;2;-15,791242;-48,105759;"SPRF-DF";"DEL03-DF";"UOP02-DEL03-DF"
288365;2020-06-05;"sexta-feira";"22:00:00";"BA";135;172;"BARREIRAS";"Falta de Atenção à Condução";"Saída de leito carroçável";"Com Vítimas Feridas";"Plena Noite";"Decrescente";"Nublado";"Simples";"Reta";"Sim";5;0;5;0;0;0;5;1;-12,13056263;-45,01164211;"SPRF-BA";"DEL10-BA";"UOP01-DEL10-BA"
288366;2020-06-05;"sexta-feira";"21:00:00";"PA";153;44;"SAO DOMINGOS DO ARAGUAIA";"Animais na Pista";"Atropelamento de Animal";"Sem Vítimas";"Plena Noite";"Crescente";"Céu Claro";"Simples";"Reta";"Sim";1;0;0;0;1;0;0;1;-5,507821;-48,73632;"SPRF-PA";"DEL03-PA";"UOP01-DEL03-PA"
288367;2020-06-05;"sexta-feira";"18:45:00";"PE";428;0;"BELEM DE SAO FRANCISCO";"Falta de Atenção à Condução";"Colisão com objeto estático";"Com Vítimas Feridas";"Plena Noite";"Decrescente";"Céu Claro";"Simples";"Reta";"Não";1;0;1;0;0;0;1;1;-8,54923611;-39,22640562;"SPRF-PE";"DEL05-PE";"UOP03-DEL05-PE"
288369;2020-06-05;"sexta-feira";"21:20:00";"RR";174;506;"BOA VISTA";"Ingestão de Álcool";"Colisão com objeto estático";"Sem Vítimas";"Plena Noite";"Crescente";"Céu Claro";"Dupla";"Reta";"Sim";1;0;0;0;1;0;0;1;2,816381;-60,693253;"SPRF-RR";"DEL01-RR";"UOP01-DEL01-RR"
288375;2020-06-05;"sexta-feira";"19:30:00";"MT";158;550;"AGUA BOA";"Animais na Pista";"Atropelamento de Animal";"Sem Vítimas";"Plena Noite";"Decrescente";"Céu Claro";"Simples";"Reta";"Não";2;0;0;0;2;0;0;1;-13,91398603;-52,08686498;"SPRF-MT";"DEL07-MT";"UOP02-DEL07-MT"
288376;2020-06-05;"sexta-feira";"18:50:00";"RO";364;426,5;"JARU";"Defeito na Via";"Tombamento";"Com Vítimas Feridas";"Plena Noite";"Crescente";"Céu Claro";"Simples";"Reta";"Sim";1;0;1;0;0;0;1;1;-10,432443;-62,479584;"SPRF-RO";"DEL03-RO";"UOP02-DEL03-RO"
288377;2020-06-05;"sexta-feira";"22:15:00";"SC";101;138;"BALNEARIO CAMBORIU";"Falta de Atenção à Condução";"Colisão traseira";"Sem Vítimas";"Plena Noite";"Decrescente";"Chuva";"Dupla";"Reta";"Sim";2;0;0;0;2;0;0;2;-27,02397426;-48,60761649;"SPRF-SC";"DEL04-SC";"UOP03-DEL04-SC"
288378;2020-06-05;"sexta-feira";"22:00:00";"PR";376;139;"NOVA ESPERANCA";"Ingestão de Álcool";"Saída de leito carroçável";"Sem Vítimas";"Plena Noite";"Crescente";"Chuva";"Dupla";"Reta";"Não";1;0;0;0;1;0;0;1;-23,227949;-52,176568;"SPRF-PR";"DEL09-PR";"UOP02-DEL09-PR"
288379;2020-06-04;"quinta-feira";"19:30:00";"MS";262;236;"RIBAS DO RIO PARDO";"Animais na Pista";"Atropelamento de Animal";"Sem Vítimas";"Plena Noite";"Crescente";"Nublado";"Simples";"Reta";"Não";1;0;0;0;1;0;0;1;-20,4563837;-53,72745692;"SPRF-MS";"DEL01-MS";"UOP01-DEL01-MS"
288380;2020-06-05;"sexta-feira";"23:10:00";"RS";158;332,4;"SANTA MARIA";"Desobediência às normas de trânsito pelo condutor";"Colisão com objeto estático";"Sem Vítimas";"Plena Noite";"Crescente";"Nublado";"Dupla";"Reta";"Sim";1;0;0;0;1;0;0;1;-29,70385296;-53,84401919;"SPRF-RS";"DEL09-RS";"UOP01-DEL09-RS"
288382;2020-06-05;"sexta-feira";"23:20:00";"SP";116;216;"GUARULHOS";"Não guardar distância de segurança";"Colisão traseira";"Com Vítimas Feridas";"Plena Noite";"Crescente";"Nublado";"Múltipla";"Reta";"Sim";2;0;1;0;0;1;1;2;-23,45056589;-46,46258105;"SPRF-SP";"DEL01-SP";"UOP01-DEL01-SP"
288384;2020-06-05;"sexta-feira";"20:00:00";"SC";116;179,6;"SAO CRISTOVAO DO SUL";"Ingestão de Álcool";"Saída de leito carroçável";"Com Vítimas Feridas";"Plena Noite";"Decrescente";"Chuva";"Simples";"Curva";"Sim";1;0;1;0;0;0;1;1;-27,26274894;-50,44460298;"SPRF-SC";"DEL05-SC";"UOP03-DEL05-SC"
288385;2020-06-06;"sábado";"00:20:00";"PE";104;33;"CARUARU";"Ingestão de Álcool";"Queda de ocupante de veículo";"Com Vítimas Feridas";"Plena Noite";"Crescente";"Céu Claro";"Simples";"Reta";"Sim";1;0;0;1;0;0;1;1;-8;-36;"SPRF-PE";"DEL02-PE";"UOP01-DEL02-PE"
288386;2020-06-06;"sábado";"00:40:00";"ES";101;1,3;"SERRA";"Velocidade Incompatível";"Colisão traseira";"Com Vítimas Feridas";"Plena Noite";"Decrescente";"Céu Claro";"Dupla";"Reta";"Sim";3;0;0;3;0;0;3;2;-20,24425586;-40,28221076;"SPRF-ES";"DEL02-ES";"UOP01-DEL02-ES"
288387;2020-06-06;"sábado";"01:00:00";"GO";60;106,5;"ANAPOLIS";"Avarias e/ou desgaste excessivo no pneu";"Tombamento";"Com Vítimas Feridas";"Pleno dia";"Crescente";"Céu Claro";"Dupla";"Reta;Aclive";"Não";1;0;1;0;0;0;1;1;-16,4232;-49,0134;"SPRF-GO";"DEL02-GO";"UOP01-DEL02-GO"
288388;2020-06-05;"sexta-feira";"23:10:00";"RS";285;472,4;"CORONEL BARROS";"Velocidade Incompatível";"Saída de leito carroçável";"Com Vítimas Feridas";"Plena Noite";"Decrescente";"Chuva";"Simples";"Reta";"Não";1;0;0;1;0;0;1;1;-28,38392178;-54,02946353;"SPRF-RS";"DEL10-RS";"UOP01-DEL10-RS"
288389;2020-06-06;"sábado";"01:00:00";"SC";101;208,5;"SAO JOSE";"Falta de Atenção à Condução";"Saída de leito carroçável";"Sem Vítimas";"Plena Noite";"Crescente";"Chuva";"Simples";"Viaduto";"Sim";1;0;0;0;0;1;0;1;-27,60327979;-48,63201818;"SPRF-SC";"DEL01-SC";"UOP01-DEL01-SC"
288390;2020-06-06;"sábado";"00:50:00";"SC";101;208;"SAO JOSE";"Ingestão de Álcool";"Colisão com objeto estático";"Com Vítimas Feridas";"Plena Noite";"Decrescente";"Chuva";"Múltipla";"Reta";"Sim";1;0;0;1;0;0;1;1;-27,60327979;-48,63201818;"SPRF-SC";"DEL01-SC";"UOP01-DEL01-SC"
288391;2020-06-06;"sábado";"01:00:00";"SC";101;210;"SAO JOSE";"Ingestão de Álcool";"Colisão com objeto estático";"Com Vítimas Feridas";"Plena Noite";"Decrescente";"Chuva";"Múltipla";"Reta";"Sim";1;0;1;0;0;0;1;1;-27,6167305;-48,6457265;"SPRF-SC";"DEL01-SC";"UOP01-DEL01-SC"
288392;2020-06-06;"sábado";"01:55:00";"ES";262;104,7;"VENDA NOVA DO IMIGRANTE";"Desobediência às normas de trânsito pelo condutor";"Colisão transversal";"Com Vítimas Feridas";"Plena Noite";"Crescente";"Nublado";"Simples";"Rotatória";"Sim";5;0;3;0;1;1;3;2;-20,33302593;-41,12931881;"SPRF-ES";"DEL01-ES";"UOP02-DEL01-ES"
288393;2020-06-05;"sexta-feira";"22:00:00";"GO";158;269;"JATAI";"Falta de Atenção à Condução";"Colisão com objeto estático";"Sem Vítimas";"Plena Noite";"Decrescente";"Céu Claro";"Simples";"Rotatória";"Sim";1;0;0;0;0;1;0;1;-17,85473041;-51,73125121;"SPRF-GO";"DEL05-GO";"UOP01-DEL05-GO"
288396;2020-06-06;"sábado";"01:45:00";"MG";50;187,6;"UBERABA";"Falta de Atenção à Condução";"Saída de leito carroçável";"Com Vítimas Feridas";"Amanhecer";"Decrescente";"Céu Claro";"Dupla";"Reta";"Não";2;0;2;0;0;0;2;1;-19,835666;-47,883233;"SPRF-MG";"DEL13-MG";"UOP01-DEL13-MG"
288397;2020-06-05;"sexta-feira";"22:20:00";"RJ";393;153,4;"TRES RIOS";"Velocidade Incompatível";"Colisão frontal";"Com Vítimas Fatais";"Plena Noite";"Crescente";"Céu Claro";"Simples";"Curva";"Não";3;1;0;0;2;0;0;2;-22,07485568;-43,03961024;"SPRF-RJ";"DEL05-RJ";"UOP01-DEL05-RJ"
288398;2020-06-06;"sábado";"03:15:00";"GO";40;10;"LUZIANIA";"Ingestão de Álcool";"Capotamento";"Sem Vítimas";"Plena Noite";"Crescente";"Céu Claro";"Dupla";"Reta";"Sim";1;0;0;0;0;1;0;1;-16,138336;-47,951644;"SPRF-DF";"DEL01-DF";"UOP01-DEL01-DF"
288399;2020-06-06;"sábado";"03:00:00";"SC";101;110,6;"PENHA";"Velocidade Incompatível";"Saída de leito carroçável";"Com Vítimas Feridas";"Plena Noite";"Decrescente";"Chuva";"Dupla";"Curva";"Não";2;0;2;0;0;0;2;1;-26,83760814;-48,71085763;"SPRF-SC";"DEL04-SC";"UOP04-DEL04-SC"
288400;2020-06-06;"sábado";"03:05:00";"SC";101;113,2;"ITAJAI";"Ingestão de Álcool";"Saída de leito carroçável";"Sem Vítimas";"Plena Noite";"Decrescente";"Chuva";"Múltipla";"Reta";"Sim";1;0;0;0;1;0;0;1;-26,85311393;-48,72689927;"SPRF-SC";"DEL04-SC";"UOP04-DEL04-SC"
288401;2020-06-06;"sábado";"02:40:00";"PR";163;186,5;"SANTA TEREZA DO OESTE";"Condutor Dormindo";"Saída de leito carroçável";"Sem Vítimas";"Plena Noite";"Decrescente";"Nublado";"Dupla";"Reta";"Não";1;0;0;0;1;0;0;1;-25,12777504;-53,5882494;"SPRF-PR";"DEL05-PR";"UOP05-DEL05-PR"
288406;2020-06-06;"sábado";"04:45:00";"SC";101;235;"PALHOCA";"Fenômenos da Natureza";"Saída de leito carroçável";"Com Vítimas Feridas";"Plena Noite";"Crescente";"Chuva";"Dupla";"Curva";"Não";1;0;1;0;0;0;1;1;-27,8177775;-48,6315025;"SPRF-SC";"DEL01-SC";"UOP02-DEL01-SC"
288408;2020-06-06;"sábado";"05:30:00";"PR";376;219,2;"JANDAIA DO SUL";"Falta de Atenção à Condução";"Saída de leito carroçável";"Com Vítimas Feridas";"Plena Noite";"Crescente";"Chuva";"Simples";"Aclive;Curva";"Não";1;0;1;0;0;0;1;1;-23,59805329;-51,60575514;"SPRF-PR";"DEL07-PR";"UOP03-DEL07-PR"
288409;2020-06-06;"sábado";"05:20:00";"SP";116;157,2;"SAO JOSE DOS CAMPOS";"Ingestão de Álcool";"Colisão com objeto estático";"Sem Vítimas";"Plena Noite";"Decrescente";"Nublado";"Múltipla";"Reta";"Sim";1;0;0;0;1;0;0;1;-23,25558031;-45,9437828;"SPRF-SP";"DEL02-SP";"UOP01-DEL02-SP"
288411;2020-06-06;"sábado";"06:27:00";"PR";116;92;"SAO JOSE DOS PINHAIS";"Falta de Atenção à Condução";"Saída de leito carroçável";"Com Vítimas Feridas";"Amanhecer";"Crescente";"Garoa/Chuvisco";"Dupla";"Viaduto";"Não";1;0;1;0;0;0;1;1;-25,50960151;-49,12879944;"SPRF-PR";"DEL01-PR";"UOP01-DEL01-PR"
288413;2020-06-06;"sábado";"05:40:00";"SC";282;16;"PALHOCA";"Falta de Atenção à Condução";"Colisão lateral";"Com Vítimas Feridas";"Amanhecer";"Crescente";"Chuva";"Simples";"Reta";"Sim";2;0;0;1;1;0;1;2;-27,658611;-48,681847;"SPRF-SC";"DEL01-SC";"UOP02-DEL01-SC"
288414;2020-06-06;"sábado";"06:30:00";"SC";280;8,9;"SAO FRANCISCO DO SUL";"Falta de Atenção à Condução";"Colisão traseira";"Com Vítimas Feridas";"Amanhecer";"Decrescente";"Nublado";"Simples";"Reta";"Sim";2;0;1;0;1;0;1;2;-26,27887292;-48,64668626;"SPRF-SC";"DEL03-SC";"UOP03-DEL03-SC"
288415;2020-06-06;"sábado";"06:20:00";"RJ";40;24;"TRES RIOS";"Falta de Atenção à Condução";"Colisão com objeto estático";"Com Vítimas Feridas";"Pleno dia";"Crescente";"Céu Claro";"Dupla";"Reta";"Não";2;0;1;0;1;0;1;1;-22,13812601;-43,1592825;"SPRF-RJ";"DEL05-RJ";"UOP02-DEL05-RJ"
288416;2020-06-06;"sábado";"06:40:00";"SC";101;355;"SANGAO";"Ingestão de Álcool";"Saída de leito carroçável";"Sem Vítimas";"Amanhecer";"Crescente";"Céu Claro";"Dupla";"Reta";"Não";1;0;0;0;1;0;0;1;-28,62380715;-49,07828489;"SPRF-SC";"DEL02-SC";"UOP01-DEL02-SC"
288417;2020-06-06;"sábado";"05:55:00";"RJ";116;141;"DUQUE DE CAXIAS";"Velocidade Incompatível";"Colisão com objeto estático";"Sem Vítimas";"Amanhecer";"Decrescente";"Céu Claro";"Simples";"Rotatória";"Sim";1;0;0;0;0;1;0;1;-22,64724486;-43,22083001;"SPRF-RJ";"DEL01-RJ";"UOP01-DEL01-RJ"
288418;2020-06-06;"sábado";"06:50:00";"RJ";101;288;"ITABORAI";"Falta de Atenção à Condução";"Colisão lateral";"Com Vítimas Fatais";"Amanhecer";"Decrescente";"Céu Claro";"Dupla";"Reta";"Sim";4;1;0;0;1;2;0;3;-22,73819;-42,79415131;"SPRF-RJ";"DEL02-RJ";"UOP03-DEL02-RJ"
288420;2020-06-06;"sábado";"06:40:00";"SC";282;16,3;"PALHOCA";"Falta de Atenção à Condução";"Colisão lateral";"Com Vítimas Feridas";"Pleno dia";"Crescente";"Nublado";"Simples";"Reta";"Sim";3;0;2;0;1;0;2;2;-27,658611;-48,681847;"SPRF-SC";"DEL01-SC";"UOP02-DEL01-SC"
288422;2020-06-05;"sexta-feira";"08:20:00";"SP";381;61;"MAIRIPORA";"Falta de Atenção à Condução";"Capotamento";"Sem Vítimas";"Pleno dia";"Decrescente";"Chuva";"Dupla";"Aclive;Curva";"Não";1;0;0;0;1;0;0;1;-23,29011611;-46,5800681;"SPRF-SP";"DEL03-SP";"UOP01-DEL03-SP"
288423;2020-06-05;"sexta-feira";"22:50:00";"GO";70;3;"AGUAS LINDAS DE GOIAS";"Ingestão de Álcool";"Colisão com objeto estático";"Com Vítimas Feridas";"Plena Noite";"Crescente";"Nublado";"Dupla";"Aclive";"Sim";1;0;1;0;0;0;1;1;-15,76177302;-48,2368693;"SPRF-DF";"DEL03-DF";"UOP02-DEL03-DF"
288426;2020-06-06;"sábado";"08:12:00";"MG";381;485;"BETIM";"Não guardar distância de segurança";"Colisão traseira";"Com Vítimas Feridas";"Pleno dia";"Crescente";"Céu Claro";"Dupla";"Reta";"Sim";1;0;1;0;0;0;1;1;-19,95659361;-44,12622893;"SPRF-MG";"DEL01-MG";"UOP03-DEL01-MG"
288427;2020-06-06;"sábado";"07:00:00";"PR";476;130;"CURITIBA";"Falta de Atenção à Condução";"Colisão traseira";"Com Vítimas Feridas";"Amanhecer";"Decrescente";"Garoa/Chuvisco";"Múltipla";"Curva";"Sim";2;0;1;0;1;0;1;2;-25,449564;-49,236427;"SPRF-PR";"DEL01-PR";"UOP07-DEL01-PR"
288429;2020-06-06;"sábado";"08:10:00";"SC";101;20;"JOINVILLE";"Falta de Atenção à Condução";"Colisão frontal";"Com Vítimas Feridas";"Pleno dia";"Decrescente";"Chuva";"Simples";"Interseção de Vias";"Não";3;0;1;0;2;0;1;2;-26,140675;-48,902995;"SPRF-SC";"DEL03-SC";"UOP01-DEL03-SC"
288431;2020-06-06;"sábado";"08:10:00";"DF";20;9,5;"BRASILIA";"Ingestão de Álcool";"Colisão traseira";"Com Vítimas Fatais";"Pleno dia";"Decrescente";"Céu Claro";"Dupla";"Reta";"Sim";2;1;0;0;1;0;0;2;-15,654671;-47,782917;"SPRF-DF";"DEL02-DF";"UOP01-DEL02-DF"
288432;2020-06-06;"sábado";"07:50:00";"PR";277;111;"CAMPO LARGO";"Falta de Atenção à Condução";"Saída de leito carroçável";"Sem Vítimas";"Amanhecer";"Decrescente";"Chuva";"Dupla";"Curva;Declive";"Não";1;0;0;0;1;0;0;1;-25,43730706;-49,36497042;"SPRF-PR";"DEL01-PR";"UOP03-DEL03-PR"
288433;2020-06-06;"sábado";"07:00:00";"RS";287;405;"SANTIAGO";"Ingestão de Álcool";"Colisão traseira";"Com Vítimas Feridas";"Amanhecer";"Crescente";"Garoa/Chuvisco";"Simples";"Curva";"Não";3;0;1;0;2;0;1;2;-29,12451488;-54,89945389;"SPRF-RS";"DEL12-RS";"UOP02-DEL12-RS"
288435;2020-06-06;"sábado";"07:45:00";"MT";163;829;"SINOP";"Falta de Atenção à Condução";"Colisão transversal";"Com Vítimas Feridas";"Pleno dia";"Crescente";"Céu Claro";"Dupla";"Interseção de Vias";"Sim";2;0;0;1;1;0;1;2;-11,913133;-55,508856;"SPRF-MT";"DEL06-MT";"UOP01-DEL06-MT"
288436;2020-06-06;"sábado";"07:35:00";"MG";381;448;"SANTA LUZIA";"Desobediência às normas de trânsito pelo condutor";"Colisão traseira";"Com Vítimas Feridas";"Pleno dia";"Decrescente";"Sol";"Simples";"Curva;Declive";"Sim";2;0;1;0;1;0;1;2;-19,83435173;-43,85962899;"SPRF-MG";"DEL01-MG";"UOP01-DEL01-MG"
288437;2020-06-06;"sábado";"08:50:00";"SC";101;175;"GOVERNADOR CELSO RAMOS";"Defeito Mecânico no Veículo";"Capotamento";"Com Vítimas Feridas";"Pleno dia";"Decrescente";"Chuva";"Dupla";"Reta";"Não";1;0;1;0;0;0;1;1;-27,33854643;-48,62714567;"SPRF-SC";"DEL01-SC";"UOP01-DEL01-SC"
288438;2020-06-06;"sábado";"08:20:00";"RJ";116;133;"MAGE";"Ingestão de Álcool";"Colisão traseira";"Sem Vítimas";"Pleno dia";"Decrescente";"Céu Claro";"Múltipla";"Reta";"Sim";3;0;0;0;3;0;0;2;-22,65418284;-43,14382995;"SPRF-RJ";"DEL04-RJ";"UOP02-DEL04-RJ"
288439;2020-06-06;"sábado";"08:30:00";"DF";40;2,1;"BRASILIA";"Desobediência às normas de trânsito pelo condutor";"Colisão traseira";"Com Vítimas Feridas";"Pleno dia";"Decrescente";"Céu Claro";"Dupla";"Reta";"Não";2;0;1;0;1;0;1;2;-15,99435;-47,985947;"SPRF-DF";"DEL01-DF";"UOP01-DEL01-DF"
288440;2020-06-06;"sábado";"08:50:00";"SC";101;140,9;"BALNEARIO CAMBORIU";"Velocidade Incompatível";"Capotamento";"Com Vítimas Feridas";"Pleno dia";"Crescente";"Chuva";"Simples";"Declive;Curva";"Não";2;0;2;0;0;0;2;1;-27,03881189;-48,60025148;"SPRF-SC";"DEL04-SC";"UOP03-DEL04-SC"
288441;2020-06-06;"sábado";"08:30:00";"PB";104;103,8;"SAO SEBASTIAO DE LAGOA DE  ROCA";"Desobediência às normas de trânsito pelo condutor";"Colisão lateral";"Com Vítimas Feridas";"Pleno dia";"Crescente";"Céu Claro";"Simples";"Aclive";"Não";2;0;1;0;1;0;1;2;-7,07155197;-35,85479762;"SPRF-PB";"DEL02-PB";"UOP04-DEL02-PB"
288442;2020-06-06;"sábado";"09:00:00";"SC";101;189;"BIGUACU";"Pista Escorregadia";"Saída de leito carroçável";"Com Vítimas Feridas";"Pleno dia";"Decrescente";"Garoa/Chuvisco";"Dupla";"Curva";"Não";2;0;2;0;0;0;2;1;-27,459393;-48,638914;"SPRF-SC";"DEL01-SC";"UOP01-DEL01-SC"
288443;2020-06-06;"sábado";"08:40:00";"SC";101;138,4;"BALNEARIO CAMBORIU";"Falta de Atenção à Condução";"Colisão com objeto estático";"Com Vítimas Feridas";"Pleno dia";"Decrescente";"Chuva";"Dupla";"Reta";"Sim";1;0;1;0;0;0;1;1;-27,02397426;-48,60761649;"SPRF-SC";"DEL04-SC";"UOP03-DEL04-SC"
288444;2020-06-06;"sábado";"09:00:00";"MG";381;503;"BETIM";"Falta de Atenção à Condução";"Tombamento";"Com Vítimas Feridas";"Pleno dia";"Crescente";"Sol";"Dupla";"Reta";"Sim";2;0;2;0;0;0;2;1;-20,02157085;-44,22955155;"SPRF-MG";"DEL01-MG";"UOP03-DEL01-MG"
288445;2020-06-05;"sexta-feira";"21:30:00";"SP";381;86,2;"SAO PAULO";"Falta de Atenção à Condução";"Colisão com objeto estático";"Com Vítimas Feridas";"Plena Noite";"Crescente";"Céu Claro";"Dupla";"Reta";"Não";1;0;0;1;0;0;1;1;-23,45930499;-46,57161179;"SPRF-SP";"DEL03-SP";"UOP01-DEL03-SP"
288447;2020-06-06;"sábado";"09:50:00";"SE";235;35,7;"AREIA BRANCA";"Desobediência às normas de trânsito pelo condutor";"Colisão transversal";"Com Vítimas Feridas";"Pleno dia";"Crescente";"Nublado";"Simples";"Reta";"Não";2;0;1;0;1;0;1;2;-10,763301;-37,320831;"SPRF-SE";"DEL01-SE";"UOP02-DEL01-SE"
288448;2020-06-06;"sábado";"08:20:00";"SP";381;73;"SAO PAULO";"Pista Escorregadia";"Colisão com objeto estático";"Com Vítimas Feridas";"Pleno dia";"Decrescente";"Chuva";"Dupla";"Aclive;Curva";"Não";1;0;1;0;0;0;1;1;-23,36553404;-46,55253934;"SPRF-SP";"DEL03-SP";"UOP01-DEL03-SP"
288449;2020-06-06;"sábado";"09:30:00";"BA";101;503;"ITABUNA";"Ultrapassagem Indevida";"Colisão transversal";"Com Vítimas Feridas";"Pleno dia";"Decrescente";"Céu Claro";"Simples";"Reta";"Sim";2;0;1;0;1;0;1;2;-14,93204115;-39,30057969;"SPRF-BA";"DEL05-BA";"UOP01-DEL05-BA"
288453;2020-06-06;"sábado";"10:07:00";"PR";376;177;"MARINGA";"Falta de Atenção à Condução";"Colisão lateral";"Com Vítimas Feridas";"Pleno dia";"Decrescente";"Céu Claro";"Dupla";"Reta";"Não";2;0;1;0;1;0;1;2;-23,41595855;-51,92226484;"SPRF-PR";"DEL09-PR";"UOP01-DEL09-PR"
288454;2020-06-06;"sábado";"08:50:00";"RJ";40;17;"TRES RIOS";"Defeito Mecânico no Veículo";"Capotamento";"Com Vítimas Feridas";"Pleno dia";"Crescente";"Céu Claro";"Dupla";"Curva";"Não";5;0;1;0;4;0;1;1;-22,08639692;-43,17655185;"SPRF-RJ";"DEL05-RJ";"UOP02-DEL05-RJ"
288458;2020-06-06;"sábado";"10:45:00";"GO";60;37,4;"ALEXANIA";"Falta de Atenção à Condução";"Saída de leito carroçável";"Com Vítimas Feridas";"Pleno dia";"Crescente";"Céu Claro";"Dupla";"Declive;Reta";"Não";1;0;1;0;0;0;1;1;-16,1147;-48,5387;"SPRF-GO";"DEL01-GO";"UOP02-DEL01-GO"
288459;2020-05-09;"sábado";"05:00:00";"BA";324;615;"SALVADOR";"Falta de Atenção à Condução";"Capotamento";"Sem Vítimas";"Pleno dia";"Crescente";"Chuva";"Dupla";"Reta";"Não";1;0;0;0;1;0;0;1;-12,87206398;-38,42746403;"SPRF-BA";"DEL01-BA";"UOP01-DEL01-BA"
288461;2020-06-06;"sábado";"10:50:00";"SP";153;78;"BADY BASSITT";"Não guardar distância de segurança";"Colisão traseira";"Sem Vítimas";"Pleno dia";"Decrescente";"Céu Claro";"Dupla";"Reta";"Sim";4;0;0;0;4;0;0;2;-20,90428329;-49,46169392;"SPRF-SP";"DEL09-SP";"UOP01-DEL09-SP"
288462;2020-06-06;"sábado";"10:40:00";"CE";20;426;"FORTALEZA";"Sinalização da via insuficiente ou inadequada";"Queda de ocupante de veículo";"Com Vítimas Feridas";"Pleno dia";"Decrescente";"Sol";"Dupla";"Reta;Aclive;Em Obras";"Sim";1;0;0;1;0;0;1;1;-3,863317;-38,524697;"SPRF-CE";"DEL01-CE";"UOP02-DEL01-CE"
288463;2020-06-06;"sábado";"11:11:00";"SC";101;138,6;"BALNEARIO CAMBORIU";"Falta de Atenção à Condução";"Capotamento";"Com Vítimas Feridas";"Pleno dia";"Crescente";"Nublado";"Dupla";"Curva";"Não";1;0;1;0;0;0;1;1;-27,02397426;-48,60761649;"SPRF-SC";"DEL04-SC";"UOP03-DEL04-SC"
288464;2020-06-06;"sábado";"11:15:00";"SC";101;275,9;"IMBITUBA";"Desobediência às normas de trânsito pelo condutor";"Colisão frontal";"Com Vítimas Feridas";"Pleno dia";"Decrescente";"Céu Claro";"Múltipla";"Interseção de Vias;Reta";"Sim";2;0;1;0;1;0;1;2;-28,15738296;-48,69265079;"SPRF-SC";"DEL02-SC";"UOP03-DEL02-SC"