"id";"data_inversa";"dia_semana";"horario";"uf";"br";"km";"municipio";"causa_acidente";"tipo_acidente";"classificacao_acidente";"fase_dia";"sentido_via";"condicao_metereologica";"tipo_pista";"tracado_via";"uso_solo";"pessoas";"mortos";"feridos_leves";"feridos_graves";"ilesos";"ignorados";"feridos";"veiculos";"latitude";"longitude";"regional";"delegacia";"uop"
288665;2020-06-03;"quarta-feira";"17:55:00";"BA";116;391;"SANTA BARBARA";"Ingestão de Álcool";"Colisão frontal";"Sem Vítimas";"Plena Noite";"Crescente";"Nublado";"Simples";"Reta";"Sim";2;0;0;0;2;0;0;2;-11,94784298;-38,9775739;"SPRF-BA";"DEL02-BA";"UOP01-DEL02-BA"
288667;2020-06-07;"domingo";"13:10:00";"SC";101;140;"BALNEARIO CAMBORIU";"Ingestão de Álcool";"Colisão com objeto estático";"Com Vítimas Feridas";"Pleno dia";"Crescente";"Sol";"Múltipla";"Aclive";"Não";2;0;1;0;1;0;1;2;-27,03881189;-48,60025148;"SPRF-SC";"DEL04-SC";"UOP03-DEL04-SC"
288668;2020-06-07;"domingo";"13:32:00";"GO";50;259;"CATALAO";"Condutor Dormindo";"Saída de leito carroçável";"Com Vítimas Feridas";"Pleno dia";"Decrescente";"Céu Claro";"Dupla";"Reta";"Não";1;0;1;0;0;0;1;1;-18,0348;-47,8347;"SPRF-GO";"DEL06-GO";"UOP01-DEL06-GO"
288669;2020-06-07;"domingo";"11:00:00";"PE";101;69;"RECIFE";"Animais na Pista";"Atropelamento de Animal";"Com Vítimas Feridas";"Pleno dia";"Crescente";"Chuva";"Dupla";"Reta";"Sim";1;0;1;0;0;0;1;1;-8,05951606;-34,94581024;"SPRF-PE";"DEL01-PE";"UOP01-DEL01-PE"
288671;2020-06-07;"domingo";"13:35:00";"SC";101;350;"JAGUARUNA";"Desobediência às normas de trânsito pelo condutor";"Colisão transversal";"Com Vítimas Feridas";"Pleno dia";"Decrescente";"Nublado";"Simples";"Declive;Curva";"Não";2;0;1;0;1;0;1;2;-28,58988203;-49,04517307;"SPRF-SC";"DEL02-SC";"UOP01-DEL02-SC"
288672;2020-06-07;"domingo";"03:30:00";"RS";290;392;"SANTA MARGARIDA DO SUL";"Falta de Atenção à Condução";"Saída de leito carroçável";"Com Vítimas Feridas";"Plena Noite";"Decrescente";"Chuva";"Simples";"Declive;Curva";"Não";2;0;1;0;1;0;1;1;-30,338837;-54,065708;"SPRF-RS";"DEL09-RS";"UOP02-DEL09-RS"
288673;2020-06-07;"domingo";"13:50:00";"SC";101;35,8;"ARAQUARI";"Falta de Atenção à Condução";"Colisão lateral";"Com Vítimas Feridas";"Pleno dia";"Crescente";"Sol";"Simples";"Curva";"Sim";2;0;1;0;1;0;1;2;-26,44330146;-48,81543159;"SPRF-SC";"DEL03-SC";"UOP01-DEL03-SC"
288674;2020-05-30;"sábado";"14:40:00";"RS";116;121;"SAO MARCOS";"Pista Escorregadia";"Colisão com objeto estático";"Sem Vítimas";"Pleno dia";"Decrescente";"Céu Claro";"Simples";"Curva";"Não";3;0;0;0;3;0;0;1;-29,00573128;-51,06932906;"SPRF-RS";"DEL05-RS";"UOP01-DEL05-RS"
288676;2020-06-07;"domingo";"14:00:00";"MG";50;81;"UBERLANDIA";"Falta de Atenção à Condução";"Saída de leito carroçável";"Com Vítimas Feridas";"Pleno dia";"Crescente";"Céu Claro";"Simples";"Retorno Regulamentado";"Não";1;0;1;0;0;0;1;1;-18,97085764;-48,21374156;"SPRF-MG";"DEL15-MG";"UOP01-DEL15-MG"
288683;2020-06-07;"domingo";"14:40:00";"ES";101;257,9;"SERRA";"Ingestão de Álcool";"Engavetamento";"Com Vítimas Feridas";"Pleno dia";"Crescente";"Nublado";"Dupla";"Reta";"Sim";4;0;2;1;1;0;3;3;-20,12455095;-40,30331881;"SPRF-ES";"DEL02-ES";"UOP01-DEL02-ES"
288685;2020-06-07;"domingo";"14:50:00";"DF";70;2,6;"BRASILIA";"Desobediência às normas de trânsito pelo condutor";"Colisão traseira";"Com Vítimas Feridas";"Pleno dia";"Crescente";"Céu Claro";"Dupla";"Reta";"Sim";6;0;2;1;3;0;3;3;-15,80041;-48,076392;"SPRF-DF";"DEL03-DF";"UOP02-DEL03-DF"
288686;2020-06-07;"domingo";"15:10:00";"PR";376;601,5;"CURITIBA";"Velocidade Incompatível";"Colisão traseira";"Com Vítimas Feridas";"Pleno dia";"Crescente";"Céu Claro";"Dupla";"Reta";"Não";7;0;5;0;2;0;5;5;-25,54425257;-49,30391919;"SPRF-PR";"DEL01-PR";"UOP06-DEL01-PR"
288687;2020-06-07;"domingo";"15:20:00";"GO";50;106,6;"CRISTALINA";"Condutor Dormindo";"Saída de leito carroçável";"Com Vítimas Feridas";"Pleno dia";"Crescente";"Céu Claro";"Dupla";"Reta";"Não";1;0;1;0;0;0;1;1;-16,9309;-47,7117;"SPRF-DF";"DEL01-DF";"UOP02-DEL01-DF"
288689;2020-06-07;"domingo";"15:50:00";"CE";222;101,8;"UMIRIM";"Desobediência às normas de trânsito pelo condutor";"Colisão traseira";"Com Vítimas Feridas";"Pleno dia";"Crescente";"Céu Claro";"Simples";"Reta";"Não";2;0;0;1;1;0;1;2;-3,73250518;-39,42690892;"SPRF-CE";"DEL04-CE";"UOP03-DEL04-CE"
288694;2020-06-07;"domingo";"16:00:00";"SC";101;207;"SAO JOSE";"Falta de Atenção à Condução";"Colisão transversal";"Com Vítimas Feridas";"Pleno dia";"Crescente";"Sol";"Simples";"Interseção de Vias";"Sim";2;0;1;0;1;0;1;2;-27,60001226;-48,6226467;"SPRF-SC";"DEL01-SC";"UOP01-DEL01-SC"
288696;2020-06-07;"domingo";"15:40:00";"SP";116;160,8;"JACAREI";"Falta de Atenção à Condução";"Colisão com objeto estático";"Com Vítimas Feridas";"Pleno dia";"Crescente";"Céu Claro";"Dupla";"Reta";"Sim";3;0;2;0;1;0;2;2;-23,27101606;-45,96787896;"SPRF-SP";"DEL02-SP";"UOP01-DEL02-SP"
288697;2020-06-07;"domingo";"16:10:00";"SC";282;4,1;"SAO JOSE";"Avarias e/ou desgaste excessivo no pneu";"Tombamento";"Com Vítimas Feridas";"Pleno dia";"Crescente";"Céu Claro";"Dupla";"Reta";"Sim";1;0;0;1;0;0;1;1;-27,592646;-48,604034;"SPRF-SC";"DEL01-SC";"UOP01-DEL01-SC"
288698;2020-06-07;"domingo";"13:00:00";"RJ";40;100;"DUQUE DE CAXIAS";"Falta de Atenção à Condução";"Colisão transversal";"Com Vítimas Feridas";"Pleno dia";"Crescente";"Céu Claro";"Simples";"Aclive";"Não";3;0;2;1;0;0;3;2;-22,59404803;-43,28079889;"SPRF-RJ";"DEL01-RJ";"UOP01-DEL01-RJ"
288700;2020-06-07;"domingo";"16:20:00";"ES";393;13,3;"MUQUI";"Ingestão de Álcool";"Colisão transversal";"Com Vítimas Feridas";"Pleno dia";"Crescente";"Céu Claro";"Simples";"Reta";"Não";3;0;1;1;1;0;2;2;-20,86836097;-41,25854402;"SPRF-ES";"DEL03-ES";"UOP02-DEL03-ES"
288701;2020-06-03;"quarta-feira";"14:30:00";"MA";10;147,5;"PORTO FRANCO";"Não guardar distância de segurança";"Saída de leito carroçável";"Sem Vítimas";"Pleno dia";"Decrescente";"Céu Claro";"Simples";"Reta";"Não";1;0;0;0;0;1;0;1;-6,47857159;-47,39267528;"SPRF-MA";"DEL04-MA";"UOP02-DEL04-MA"
288702;2020-06-07;"domingo";"15:45:00";"SC";116;275;"CAPAO ALTO";"Falta de Atenção à Condução";"Queda de ocupante de veículo";"Com Vítimas Feridas";"Pleno dia";"Crescente";"Nublado";"Simples";"Retorno Regulamentado";"Não";1;0;1;0;0;0;1;1;-28,00281979;-50,53720819;"SPRF-SC";"DEL05-SC";"UOP02-DEL05-SC"
288704;2020-06-07;"domingo";"17:15:00";"MG";116;737,9;"LARANJAL";"Desobediência às normas de trânsito pelo condutor";"Colisão lateral";"Com Vítimas Feridas";"Pleno dia";"Decrescente";"Céu Claro";"Simples";"Curva";"Sim";5;0;2;0;1;2;2;3;-21,36878613;-42,47693589;"SPRF-MG";"DEL07-MG";"UOP01-DEL07-MG"
288705;2020-06-07;"domingo";"16:40:00";"MG";381;347;"BELA VISTA DE MINAS";"Falta de Atenção à Condução";"Saída de leito carroçável";"Com Vítimas Feridas";"Pleno dia";"Crescente";"Céu Claro";"Simples";"Curva";"Sim";1;0;1;0;0;0;1;1;-19,81844056;-43,06745768;"SPRF-MG";"DEL03-MG";"UOP01-DEL03-MG"
288706;2020-06-07;"domingo";"17:00:00";"ES";101;66,3;"SAO MATEUS";"Falta de Atenção à Condução";"Colisão traseira";"Com Vítimas Feridas";"Anoitecer";"Crescente";"Céu Claro";"Simples";"Reta";"Sim";3;0;1;0;2;0;1;2;-18,7165195;-39,87436378;"SPRF-ES";"DEL04-ES";"UOP02-DEL04-ES"
288707;2020-06-07;"domingo";"17:15:00";"PR";116;114;"CURITIBA";"Falta de Atenção à Condução";"Saída de leito carroçável";"Com Vítimas Feridas";"Pleno dia";"Crescente";"Sol";"Dupla";"Reta";"Sim";2;0;2;0;0;0;2;1;-25,56296907;-49,25643801;"SPRF-PR";"DEL01-PR";"UOP06-DEL01-PR"
288710;2020-06-07;"domingo";"16:40:00";"RO";364;12,7;"VILHENA";"Desobediência às normas de trânsito pelo condutor";"Colisão transversal";"Com Vítimas Feridas";"Pleno dia";"Decrescente";"Garoa/Chuvisco";"Dupla";"Rotatória";"Sim";2;0;1;0;1;0;1;2;-12,74370233;-60,12147609;"SPRF-RO";"DEL04-RO";"UOP01-DEL04-RO"
288711;2020-06-07;"domingo";"17:45:00";"PR";277;584;"CASCAVEL";"Falta de Atenção à Condução";"Colisão traseira";"Com Vítimas Feridas";"Pleno dia";"Crescente";"Céu Claro";"Simples";"Interseção de Vias";"Sim";3;0;1;0;1;1;1;2;-24,96684176;-53,40258186;"SPRF-PR";"DEL04-PR";"UOP01-DEL04-PR"
288712;2020-06-07;"domingo";"17:30:00";"GO";70;8,9;"AGUAS LINDAS DE GOIAS";"Ingestão de Álcool";"Colisão transversal";"Sem Vítimas";"Pleno dia";"Crescente";"Céu Claro";"Dupla";"Reta";"Sim";2;0;0;0;2;0;0;2;-15,73733681;-48,27407468;"SPRF-DF";"DEL03-DF";"UOP02-DEL03-DF"
288713;2020-06-07;"domingo";"18:00:00";"SP";153;54,7;"SAO JOSE DO RIO PRETO";"Falta de Atenção à Condução";"Colisão com objeto estático";"Com Vítimas Feridas";"Anoitecer";"Crescente";"Céu Claro";"Simples";"Declive";"Não";1;0;1;0;0;0;1;1;-20,74488916;-49,33894564;"SPRF-SP";"DEL09-SP";"UOP01-DEL09-SP"
288716;2020-06-07;"domingo";"17:30:00";"MG";381;839;"SAO SEBASTIAO DA BELA VISTA";"Falta de Atenção à Condução";"Saída de leito carroçável";"Com Vítimas Feridas";"Anoitecer";"Crescente";"Nublado";"Dupla";"Retorno Regulamentado";"Não";2;0;1;0;1;0;1;1;-22,19834327;-45,85343083;"SPRF-MG";"DEL16-MG";"UOP01-DEL16-MG"
288717;2020-06-07;"domingo";"17:05:00";"ES";101;186,8;"ARACRUZ";"Ingestão de Álcool";"Saída de leito carroçável";"Com Vítimas Feridas";"Anoitecer";"Crescente";"Nublado";"Simples";"Curva";"Não";1;0;1;0;0;0;1;1;-19,66488404;-40,24929498;"SPRF-ES";"DEL04-ES";"UOP01-DEL04-ES"
288718;2020-06-07;"domingo";"17:40:00";"GO";70;469,2;"ARAGARCAS";"Falta de Atenção à Condução";"Atropelamento de Pedestre";"Com Vítimas Feridas";"Anoitecer";"Crescente";"Céu Claro";"Simples";"Reta";"Sim";2;0;1;0;1;0;1;2;-15,896623;-52,24031;"SPRF-GO";"DEL04-GO";"UOP01-DEL04-GO"
288720;2020-06-07;"domingo";"18:15:00";"MG";381;490;"BETIM";"Não guardar distância de segurança";"Colisão traseira";"Com Vítimas Feridas";"Pleno dia";"Decrescente";"Céu Claro";"Múltipla";"Reta";"Sim";3;0;1;0;2;0;1;2;-19,96502819;-44,17422195;"SPRF-MG";"DEL01-MG";"UOP03-DEL01-MG"
288721;2020-06-07;"domingo";"17:05:00";"RS";153;51,6;"ERECHIM";"Falta de Atenção à Condução";"Engavetamento";"Sem Vítimas";"Pleno dia";"Decrescente";"Céu Claro";"Simples";"Reta";"Sim";4;0;0;0;4;0;0;3;-27,66024898;-52,28414106;"SPRF-RS";"DEL08-RS";"UOP04-DEL08-RS"
288722;2020-06-07;"domingo";"17:00:00";"ES";482;65;"JERONIMO MONTEIRO";"Falta de Atenção à Condução";"Queda de ocupante de veículo";"Com Vítimas Feridas";"Pleno dia";"Decrescente";"Ignorado";"Simples";"Reta";"Sim";2;0;1;0;0;1;1;2;-20,79537324;-41,40497918;"SPRF-ES";"DEL03-ES";"UOP02-DEL03-ES"
288723;2020-06-07;"domingo";"18:00:00";"PR";376;554;"BALSA NOVA";"Falta de Atenção à Condução";"Colisão traseira";"Com Vítimas Feridas";"Plena Noite";"Crescente";"Céu Claro";"Dupla";"Reta";"Não";1;0;1;0;0;0;1;1;-25,46014553;-49,73150253;"SPRF-PR";"DEL01-PR";"UOP03-DEL03-PR"
288725;2020-06-07;"domingo";"18:50:00";"PB";230;25;"JOAO PESSOA";"Ingestão de Álcool";"Colisão com objeto estático";"Com Vítimas Feridas";"Plena Noite";"Decrescente";"Céu Claro";"Múltipla";"Interseção de Vias";"Sim";1;0;1;0;0;0;1;1;-7,1707;-34,8684;"SPRF-PB";"DEL01-PB";"UOP01-DEL01-PB"
288726;2020-06-07;"domingo";"12:30:00";"MT";163;692;"SORRISO";"Avarias e/ou desgaste excessivo no pneu";"Saída de leito carroçável";"Sem Vítimas";"Pleno dia";"Crescente";"Céu Claro";"Simples";"Reta";"Não";1;0;0;0;1;0;0;1;-13,0476231;-55,90530396;"SPRF-MT";"DEL06-MT";"UOP01-DEL06-MT"
288729;2020-06-07;"domingo";"19:10:00";"GO";70;21,2;"COCALZINHO DE GOIAS";"Ingestão de Álcool";"Atropelamento de Animal";"Com Vítimas Feridas";"Plena Noite";"Crescente";"Céu Claro";"Simples";"Reta;Aclive";"Não";2;0;1;0;1;0;1;2;-15,739714;-48,385281;"SPRF-DF";"DEL03-DF";"UOP02-DEL03-DF"
288730;2020-06-07;"domingo";"18:30:00";"PR";476;263,5;"SAO MATEUS DO SUL";"Ingestão de Álcool";"Tombamento";"Com Vítimas Feridas";"Plena Noite";"Crescente";"Céu Claro";"Simples";"Reta";"Não";1;0;1;0;0;0;1;1;-25,893515;-50,272915;"SPRF-PR";"DEL02-PR";"UOP04-DEL02-PR"
288731;2020-06-07;"domingo";"19:10:00";"DF";60;15;"BRASILIA";"Falta de Atenção à Condução";"Colisão traseira";"Com Vítimas Feridas";"Plena Noite";"Decrescente";"Céu Claro";"Dupla";"Reta";"Não";2;0;1;0;1;0;1;2;-15,943619;-48,172115;"SPRF-DF";"DEL03-DF";"UOP01-DEL03-DF"
288732;2020-06-07;"domingo";"18:40:00";"PR";277;695;"SAO MIGUEL DO IGUACU";"Não guardar distância de segurança";"Colisão traseira";"Com Vítimas Feridas";"Plena Noite";"Crescente";"Céu Claro";"Dupla";"Reta";"Não";2;0;1;0;1;0;1;2;-25,38205385;-54,28673709;"SPRF-PR";"DEL05-PR";"UOP01-DEL05-PR"
288733;2020-06-07;"domingo";"19:00:00";"BA";101;504,2;"ITABUNA";"Falta de Atenção à Condução";"Colisão lateral";"Com Vítimas Feridas";"Plena Noite";"Decrescente";"Nublado";"Simples";"Interseção de Vias";"Não";3;0;3;0;0;0;3;2;-14,7710093;-39,2922845;"SPRF-BA";"DEL05-BA";"UOP01-DEL05-BA"
288734;2020-06-07;"domingo";"18:30:00";"PE";101;87;"JABOATAO DOS GUARARAPES";"Falta de Atenção à Condução";"Colisão transversal";"Com Vítimas Feridas";"Plena Noite";"Crescente";"Nublado";"Simples";"Interseção de Vias";"Sim";2;0;1;0;1;0;1;2;-8,207624;-34,962596;"SPRF-PE";"DEL01-PE";"UOP03-DEL01-PE"
288735;2020-06-07;"domingo";"19:05:00";"BA";407;6;"JUAZEIRO";"Ingestão de Álcool";"Colisão traseira";"Com Vítimas Feridas";"Plena Noite";"Decrescente";"Céu Claro";"Dupla";"Reta";"Sim";2;0;0;1;0;1;1;2;-9,45595491;-40,48655981;"SPRF-PE";"DEL06-PE";"UOP01-DEL06-PE"
288736;2020-06-07;"domingo";"19:00:00";"GO";70;9,8;"AGUAS LINDAS DE GOIAS";"Ingestão de Álcool";"Colisão transversal";"Com Vítimas Feridas";"Plena Noite";"Decrescente";"Céu Claro";"Dupla";"Reta";"Sim";5;0;2;0;3;0;2;2;-15,73738129;-48,29228118;"SPRF-DF";"DEL03-DF";"UOP02-DEL03-DF"
288738;2020-06-07;"domingo";"18:40:00";"SP";116;283;"EMBU DAS ARTES";"Falta de Atenção à Condução";"Colisão lateral";"Com Vítimas Feridas";"Anoitecer";"Crescente";"Céu Claro";"Dupla";"Reta";"Sim";2;0;1;0;1;0;1;2;-23,69297005;-46,86352786;"SPRF-SP";"DEL04-SP";"UOP01-DEL04-SP"
288739;2020-06-07;"domingo";"18:45:00";"RS";285;124,4;"VACARIA";"Falta de Atenção à Condução";"Colisão frontal";"Com Vítimas Feridas";"Plena Noite";"Crescente";"Céu Claro";"Simples";"Curva";"Sim";2;0;1;1;0;0;2;2;-28,491489;-50,955837;"SPRF-RS";"DEL05-RS";"UOP03-DEL05-RS"
288740;2020-06-07;"domingo";"17:20:00";"PE";101;155;"RIBEIRAO";"Não guardar distância de segurança";"Colisão com objeto estático";"Com Vítimas Feridas";"Pleno dia";"Decrescente";"Nublado";"Dupla";"Reta";"Não";1;0;1;0;0;0;1;1;-8,5370679;-35,3919616;"SPRF-PE";"DEL01-PE";"UOP03-DEL01-PE"
288741;2020-06-07;"domingo";"20:00:00";"ES";101;253,8;"SERRA";"Ultrapassagem Indevida";"Colisão lateral";"Com Vítimas Feridas";"Plena Noite";"Crescente";"Céu Claro";"Simples";"Reta";"Sim";2;0;1;0;0;1;1;2;-20,10336754;-40,33383553;"SPRF-ES";"DEL02-ES";"UOP01-DEL02-ES"
288742;2020-06-07;"domingo";"19:30:00";"MG";381;925;"ITAPEVA";"Defeito Mecânico no Veículo";"Colisão com objeto estático";"Com Vítimas Feridas";"Plena Noite";"Decrescente";"Céu Claro";"Dupla";"Reta";"Não";1;0;1;0;0;0;1;1;-22,777207;-46,23911301;"SPRF-MG";"DEL16-MG";"UOP03-DEL16-MG"
288743;2020-06-07;"domingo";"19:30:00";"GO";153;419,5;"ANAPOLIS";"Ingestão de Álcool";"Colisão traseira";"Sem Vítimas";"Plena Noite";"Crescente";"Céu Claro";"Dupla";"Reta";"Não";2;0;0;0;1;1;0;2;-16,168762;-49,043194;"SPRF-GO";"DEL02-GO";"UOP01-DEL02-GO"
288744;2020-06-07;"domingo";"19:45:00";"PR";277;340,8;"GUARAPUAVA";"Animais na Pista";"Atropelamento de Animal";"Sem Vítimas";"Plena Noite";"Crescente";"Céu Claro";"Dupla";"Reta";"Não";3;0;0;0;2;1;0;3;-25,34327686;-51,41076788;"SPRF-PR";"DEL08-PR";"UOP01-DEL08-PR"
288746;2020-06-07;"domingo";"19:05:00";"MG";116;413,6;"GOVERNADOR VALADARES";"Falta de Atenção à Condução";"Colisão transversal";"Com Vítimas Feridas";"Plena Noite";"Decrescente";"Céu Claro";"Simples";"Reta";"Sim";3;0;1;1;1;0;2;2;-18,87632097;-41,96383595;"SPRF-MG";"DEL06-MG";"UOP01-DEL06-MG"
288747;2020-06-07;"domingo";"20:30:00";"PR";376;598,7;"CURITIBA";"Ingestão de Álcool";"Colisão traseira";"Sem Vítimas";"Plena Noite";"Crescente";"Ignorado";"Dupla";"Reta";"Não";3;0;0;0;3;0;0;3;-25,5188802;-49,33506947;"SPRF-PR";"DEL01-PR";"UOP06-DEL01-PR"
288748;2020-06-07;"domingo";"20:15:00";"MG";50;177;"UBERABA";"Ingestão de Álcool";"Saída de leito carroçável";"Com Vítimas Feridas";"Plena Noite";"Crescente";"Céu Claro";"Dupla";"Viaduto";"Sim";1;0;1;0;0;0;1;1;-19,78034605;-47,94509199;"SPRF-MG";"DEL13-MG";"UOP01-DEL13-MG"
288749;2020-06-07;"domingo";"19:20:00";"MA";402;6,9;"ROSARIO";"Desobediência às normas de trânsito pelo condutor";"Colisão frontal";"Sem Vítimas";"Plena Noite";"Decrescente";"Céu Claro";"Simples";"Reta";"Sim";2;0;0;0;1;1;0;2;-2,948423;-44,275352;"SPRF-MA";"DEL01-MA";"UOP01-DEL01-MA"
288750;2020-06-07;"domingo";"17:50:00";"CE";116;491,6;"MILAGRES";"Falta de Atenção à Condução";"Colisão transversal";"Sem Vítimas";"Plena Noite";"Crescente";"Céu Claro";"Simples";"Interseção de Vias";"Não";3;0;0;0;3;0;0;2;-7,396274;-38,962502;"SPRF-CE";"DEL05-CE";"UOP03-DEL05-CE"
288753;2020-06-07;"domingo";"20:40:00";"SP";116;68,3;"APARECIDA";"Velocidade Incompatível";"Tombamento";"Com Vítimas Feridas";"Plena Noite";"Crescente";"Céu Claro";"Dupla";"Curva";"Sim";2;0;0;1;1;0;1;2;-22,83354783;-45,21713313;"SPRF-SP";"DEL08-SP";"UOP01-DEL08-SP"
288754;2020-06-07;"domingo";"19:50:00";"MA";316;544;"CAXIAS";"Animais na Pista";"Atropelamento de Animal";"Sem Vítimas";"Plena Noite";"Decrescente";"Céu Claro";"Simples";"Reta";"Não";1;0;0;0;1;0;0;1;-4,867952;-43,411625;"SPRF-MA";"DEL03-MA";"UOP02-DEL03-MA"
288755;2020-06-07;"domingo";"18:45:00";"PR";116;117;"CURITIBA";"Ingestão de Álcool";"Capotamento";"Sem Vítimas";"Plena Noite";"Decrescente";"Céu Claro";"Dupla";"Reta";"Sim";1;0;0;0;1;0;0;1;-25,55813441;-49,30636395;"SPRF-PR";"DEL01-PR";"UOP03-DEL01-PR"
288756;2020-06-07;"domingo";"19:00:00";"ES";101;376;"ICONHA";"Falta de Atenção à Condução";"Queda de ocupante de veículo";"Com Vítimas Feridas";"Plena Noite";"Decrescente";"Céu Claro";"Simples";"Reta";"Não";1;0;1;0;0;0;1;1;-20,79013351;-40,80343867;"SPRF-ES";"DEL03-ES";"UOP01-DEL03-ES"
288757;2020-06-07;"domingo";"19:30:00";"RJ";40;80;"PETROPOLIS";"Defeito Mecânico no Veículo";"Incêndio";"Sem Vítimas";"Plena Noite";"Crescente";"Céu Claro";"Simples";"Reta";"Não";1;0;0;0;1;0;0;1;-22,49798597;-43,22878703;"SPRF-RJ";"DEL06-RJ";"UOP01-DEL06-RJ"
288758;2020-06-07;"domingo";"19:00:00";"PB";104;191,8;"ALCANTIL";"Animais na Pista";"Atropelamento de Animal";"Com Vítimas Feridas";"Plena Noite";"Decrescente";"Céu Claro";"Simples";"Reta";"Não";1;0;1;0;0;0;1;1;-7,72990593;-36,07500026;"SPRF-PB";"DEL02-PB";"UOP03-DEL02-PB"
288759;2020-06-07;"domingo";"19:00:00";"MG";365;30,9;"FRUTAL";"Falta de Atenção do Pedestre";"Atropelamento de Pedestre";"Com Vítimas Feridas";"Plena Noite";"Crescente";"Céu Claro";"Simples";"Reta";"Não";2;0;0;1;0;1;1;2;-20,010677;-48,926013;"SPRF-MG";"DEL12-MG";"UOP01-DEL12-MG"
288760;2020-06-07;"domingo";"18:18:00";"RJ";465;1;"SEROPEDICA";"Falta de Atenção do Pedestre";"Colisão transversal";"Com Vítimas Feridas";"Plena Noite";"Crescente";"Céu Claro";"Simples";"Reta";"Sim";2;0;1;0;0;1;1;2;-22,719835;-43,725739;"SPRF-RJ";"DEL01-RJ";"UOP03-DEL01-RJ"
288762;2020-06-07;"domingo";"21:20:00";"SC";101;148;"ITAPEMA";"Defeito Mecânico no Veículo";"Colisão com objeto estático";"Com Vítimas Feridas";"Plena Noite";"Crescente";"Céu Claro";"Dupla";"Reta";"Sim";2;0;1;0;0;1;1;1;-27,10123686;-48,61807962;"SPRF-SC";"DEL04-SC";"UOP03-DEL04-SC"
288763;2020-06-07;"domingo";"18:45:00";"PA";163;1002;"SANTAREM";"Ingestão de Álcool";"Colisão lateral";"Com Vítimas Feridas";"Plena Noite";"Crescente";"Nublado";"Simples";"Reta";"Não";2;0;0;1;1;0;1;2;-2,45567004;-54,72854541;"SPRF-PA";"DEL05-PA";"UOP01-DEL05-PA"
288764;2020-06-07;"domingo";"18:40:00";"RJ";465;3;"SEROPEDICA";"Desobediência às normas de trânsito pelo condutor";"Colisão transversal";"Com Vítimas Feridas";"Plena Noite";"Crescente";"Céu Claro";"Simples";"Reta";"Sim";3;0;1;0;0;2;1;2;-22,7168101;-43,7152085;"SPRF-RJ";"DEL01-RJ";"UOP03-DEL01-RJ"
288765;2020-06-07;"domingo";"19:10:00";"MS";262;408;"TERENOS";"Animais na Pista";"Atropelamento de Animal";"Sem Vítimas";"Plena Noite";"Decrescente";"Céu Claro";"Simples";"Reta";"Não";4;0;0;0;2;2;0;3;-20,43608997;-55,09559301;"SPRF-MS";"DEL01-MS";"UOP03-DEL01-MS"
288766;2020-06-07;"domingo";"21:30:00";"MG";40;747,8;"SANTOS DUMONT";"Defeito Mecânico no Veículo";"Incêndio";"Sem Vítimas";"Plena Noite";"Crescente";"Céu Claro";"Simples";"Curva";"Não";1;0;0;0;0;1;0;1;-21,4328731;-43,55221915;"SPRF-MG";"DEL05-MG";"UOP01-DEL05-MG"
288767;2020-06-07;"domingo";"20:50:00";"MG";116;769;"LEOPOLDINA";"Ingestão de álcool e/ou substâncias psicoativas pelo pedestre";"Atropelamento de Pedestre";"Com Vítimas Feridas";"Plena Noite";"Crescente";"Céu Claro";"Simples";"Reta";"Não";2;0;0;1;0;1;1;2;-21,54856423;-42,66481498;"SPRF-MG";"DEL07-MG";"UOP01-DEL07-MG"
288768;2020-06-07;"domingo";"21:15:00";"SC";101;28;"JOINVILLE";"Velocidade Incompatível";"Colisão traseira";"Com Vítimas Feridas";"Plena Noite";"Decrescente";"Céu Claro";"Dupla";"Reta";"Sim";2;0;1;0;1;0;1;2;-26,20697505;-48,91482635;"SPRF-SC";"DEL03-SC";"UOP01-DEL03-SC"
288769;2020-06-07;"domingo";"19:15:00";"AC";364;140;"RIO BRANCO";"Falta de Atenção à Condução";"Colisão traseira";"Sem Vítimas";"Plena Noite";"Crescente";"Céu Claro";"Dupla";"Reta";"Sim";2;0;0;0;2;0;0;2;-9,94779814;-67,86813111;"SPRF-AC";"DEL01-AC";"UOP01-DEL01-AC"
288770;2020-06-07;"domingo";"19:30:00";"RR";174;493;"BOA VISTA";"Ingestão de Álcool";"Colisão traseira";"Com Vítimas Feridas";"Plena Noite";"Crescente";"Chuva";"Simples";"Reta";"Não";3;0;1;1;1;0;2;2;2,744877;-60,748837;"SPRF-RR";"DEL01-RR";"UOP01-DEL01-RR"
288771;2020-06-07;"domingo";"21:15:00";"MG";262;368,5;"JUATUBA";"Velocidade Incompatível";"Colisão com objeto estático";"Com Vítimas Feridas";"Plena Noite";"Decrescente";"Céu Claro";"Dupla";"Declive;Reta";"Não";1;0;1;0;0;0;1;1;-19,97239513;-44,28042402;"SPRF-MG";"DEL01-MG";"UOP03-DEL01-MG"
288772;2020-06-07;"domingo";"20:50:00";"PR";116;128;"FAZENDA RIO GRANDE";"Falta de Atenção à Condução";"Colisão lateral";"Com Vítimas Feridas";"Plena Noite";"Decrescente";"Céu Claro";"Múltipla";"Reta";"Sim";2;0;1;0;1;0;1;2;-25,65806478;-49,31199431;"SPRF-PR";"DEL01-PR";"UOP03-DEL01-PR"