"id";"data_inversa";"dia_semana";"horario";"uf";"br";"km";"municipio";"causa_acidente";"tipo_acidente";"classificacao_acidente";"fase_dia";"sentido_via";"condicao_metereologica";"tipo_pista";"tracado_via";"uso_solo";"pessoas";"mortos";"feridos_leves";"feridos_graves";"ilesos";"ignorados";"feridos";"veiculos";"latitude";"longitude";"regional";"delegacia";"uop"
288773;2020-06-07;"domingo";"21:40:00";"SP";116;269;"TABOAO DA SERRA";"Desobediência às normas de trânsito pelo condutor";"Colisão frontal";"Com Vítimas Feridas";"Plena Noite";"Decrescente";"Céu Claro";"Dupla";"Interseção de Vias";"Sim";4;0;2;0;2;0;2;3;-23,61593059;-46,78826044;"SPRF-SP";"DEL04-SP";"UOP01-DEL04-SP"
288774;2020-06-07;"domingo";"18:40:00";"RS";290;720;"URUGUAIANA";"Ingestão de Álcool";"Colisão traseira";"Sem Vítimas";"Plena Noite";"Crescente";"Céu Claro";"Simples";"Reta";"Não";2;0;0;0;2;0;0;2;-29,766502;-57,058228;"SPRF-RS";"DEL13-RS";"UOP01-DEL13-RS"
288775;2020-06-07;"domingo";"19:38:00";"RJ";116;78;"TERESOPOLIS";"Falta de Atenção à Condução";"Colisão lateral";"Com Vítimas Feridas";"Plena Noite";"Decrescente";"Céu Claro";"Simples";"Reta";"Sim";2;0;1;0;1;0;1;2;-22,37408687;-42,95260496;"SPRF-RJ";"DEL04-RJ";"UOP01-DEL04-RJ"
288776;2020-06-07;"domingo";"20:30:00";"MA";10;247,4;"IMPERATRIZ";"Desobediência às normas de trânsito pelo condutor";"Colisão frontal";"Com Vítimas Feridas";"Plena Noite";"Decrescente";"Céu Claro";"Simples";"Reta";"Sim";3;0;1;2;0;0;3;2;-5,566944;-47,448563;"SPRF-MA";"DEL04-MA";"UOP01-DEL04-MA"
288777;2020-06-07;"domingo";"21:00:00";"SC";470;135,7;"RIO DO SUL";"Falta de Atenção à Condução";"Colisão transversal";"Com Vítimas Feridas";"Plena Noite";"Decrescente";"Nublado";"Simples";"Reta";"Não";3;0;1;0;1;1;1;3;-27,188492;-49,61232;"SPRF-SC";"DEL04-SC";"UOP02-DEL04-SC"
288779;2020-06-07;"domingo";"19:10:00";"PR";277;673,9;"MEDIANEIRA";"Falta de Atenção à Condução";"Colisão lateral";"Com Vítimas Feridas";"Plena Noite";"Crescente";"Céu Claro";"Dupla";"Declive";"Sim";6;0;4;0;1;1;4;4;-25,29056476;-54,10646111;"SPRF-PR";"DEL05-PR";"UOP01-DEL05-PR"
288782;2020-06-07;"domingo";"22:05:00";"PR";369;149,2;"LONDRINA";"Desobediência às normas de trânsito pelo pedestre";"Atropelamento de Pedestre";"Com Vítimas Feridas";"Plena Noite";"Decrescente";"Céu Claro";"Dupla";"Reta";"Sim";2;0;1;1;0;0;2;2;-23,29297335;-51,15356684;"SPRF-PR";"DEL07-PR";"UOP01-DEL07-PR"
288783;2020-06-07;"domingo";"20:06:00";"MG";365;169,4;"BURITIZEIRO";"Falta de Atenção à Condução";"Colisão frontal";"Com Vítimas Feridas";"Plena Noite";"Decrescente";"Céu Claro";"Simples";"Reta";"Sim";2;0;0;1;1;0;1;2;-17,3923068;-44,99460523;"SPRF-MG";"DEL12-MG";"UOP01-DEL12-MG"
288784;2020-06-07;"domingo";"22:30:00";"SC";470;7,2;"NAVEGANTES";"Sinalização da via insuficiente ou inadequada";"Saída de leito carroçável";"Com Vítimas Feridas";"Plena Noite";"Crescente";"Garoa/Chuvisco";"Simples";"Em Obras";"Não";1;0;0;1;0;0;1;1;-26,84499;-48,71505;"SPRF-SC";"DEL04-SC";"UOP04-DEL04-SC"
288785;2020-06-07;"domingo";"22:20:00";"PE";407;129,9;"PETROLINA";"Condutor Dormindo";"Colisão com objeto estático";"Com Vítimas Feridas";"Plena Noite";"Crescente";"Garoa/Chuvisco";"Dupla";"Reta";"Não";1;0;1;0;0;0;1;1;-9,4103773;-40,505144;"SPRF-PE";"DEL06-PE";"UOP01-DEL06-PE"
288787;2020-06-07;"domingo";"22:05:00";"TO";153;140;"ARAGUAINA";"Ingestão de Álcool";"Colisão traseira";"Com Vítimas Feridas";"Plena Noite";"Crescente";"Céu Claro";"Dupla";"Reta";"Sim";5;0;0;2;3;0;2;2;-7,169616;-48,21328;"SPRF-TO";"DEL02-TO";"UOP01-DEL02-TO"
288788;2020-06-07;"domingo";"20:50:00";"SP";153;190,9;"GETULINA";"Ingestão de Álcool";"Saída de leito carroçável";"Com Vítimas Feridas";"Plena Noite";"Crescente";"Céu Claro";"Simples";"Aclive";"Não";2;0;1;0;1;0;1;1;-21,74454132;-49,85787776;"SPRF-SP";"DEL07-SP";"UOP01-DEL07-SP"
288792;2020-06-07;"domingo";"21:25:00";"RN";110;49,3;"MOSSORO";"Falta de Atenção à Condução";"Colisão lateral";"Com Vítimas Feridas";"Plena Noite";"Crescente";"Céu Claro";"Dupla";"Reta";"Sim";3;0;0;1;1;1;1;3;-5,21645975;-37,32927128;"SPRF-RN";"DEL04-RN";"UOP01-DEL04-RN"
288796;2020-06-07;"domingo";"23:30:00";"SE";235;45,2;"ITABAIANA";"Desobediência às normas de trânsito pelo condutor";"Colisão frontal";"Sem Vítimas";"Plena Noite";"Decrescente";"Céu Claro";"Simples";"Reta;Aclive";"Não";2;0;0;0;1;1;0;2;-10,746924;-37,399899;"SPRF-SE";"DEL01-SE";"UOP02-DEL01-SE"
288799;2020-06-07;"domingo";"17:00:00";"RJ";40;113;"DUQUE DE CAXIAS";"Falta de Atenção à Condução";"Colisão com objeto estático";"Com Vítimas Feridas";"Anoitecer";"Decrescente";"Céu Claro";"Múltipla";"Viaduto";"Sim";1;0;1;0;0;0;1;1;-22,70948502;-43,29040354;"SPRF-RJ";"DEL01-RJ";"UOP01-DEL01-RJ"
288802;2020-06-07;"domingo";"19:00:00";"AM";174;916;"MANAUS";"Ingestão de Álcool";"Saída de leito carroçável";"Com Vítimas Feridas";"Plena Noite";"Decrescente";"Céu Claro";"Simples";"Reta";"Não";3;0;3;0;0;0;3;1;-2,69127403;-60,04856282;"SPRF-AM";"DEL01-AM";"UOP01-DEL01-AM"
288806;2020-06-08;"segunda-feira";"01:15:00";"RJ";116;166,9;"SAO JOAO DE MERITI";"Falta de Atenção à Condução";"Capotamento";"Sem Vítimas";"Plena Noite";"Crescente";"Céu Claro";"Dupla";"Reta";"Sim";1;0;0;0;1;0;0;1;-22,81560263;-43,30051808;"SPRF-RJ";"DEL01-RJ";"UOP02-DEL01-RJ"
288807;2020-06-07;"domingo";"18:25:00";"RS";153;435,5;"CACHOEIRA DO SUL";"Falta de Atenção à Condução";"Colisão traseira";"Com Vítimas Feridas";"Plena Noite";"Decrescente";"Nublado";"Simples";"Aclive;Reta";"Não";8;0;2;0;6;0;2;2;-30,26936944;-52,89502395;"SPRF-RS";"DEL02-RS";"UOP03-DEL02-RS"
288808;2020-06-08;"segunda-feira";"01:25:00";"RJ";116;222;"PARACAMBI";"Restrição de Visibilidade";"Colisão traseira";"Com Vítimas Feridas";"Plena Noite";"Decrescente";"Nublado";"Simples";"Reta";"Não";3;0;0;1;2;0;1;2;-22,68308355;-43,8261795;"SPRF-RJ";"DEL07-RJ";"UOP01-DEL07-RJ"
288809;2020-06-08;"segunda-feira";"00:15:00";"MT";163;750;"SORRISO";"Velocidade Incompatível";"Saída de leito carroçável";"Com Vítimas Feridas";"Plena Noite";"Decrescente";"Céu Claro";"Dupla";"Curva";"Sim";1;0;1;0;0;0;1;1;-12,59417847;-55,7437085;"SPRF-MT";"DEL06-MT";"UOP01-DEL06-MT"
288813;2020-06-08;"segunda-feira";"02:45:00";"PR";376;113,5;"CURITIBA";"Ingestão de Álcool";"Saída de leito carroçável";"Sem Vítimas";"Plena Noite";"Crescente";"Nublado";"Simples";"Reta";"Sim";1;0;0;0;0;1;0;1;-25,54708791;-49,28844452;"SPRF-PR";"DEL09-PR";"UOP02-DEL09-PR"
288815;2020-06-08;"segunda-feira";"04:10:00";"GO";153;423,9;"ANAPOLIS";"Animais na Pista";"Atropelamento de Animal";"Com Vítimas Fatais";"Plena Noite";"Crescente";"Céu Claro";"Dupla";"Reta;Declive";"Não";1;1;0;0;0;0;0;1;-16,197029;-49,025223;"SPRF-GO";"DEL02-GO";"UOP01-DEL02-GO"
288817;2020-06-08;"segunda-feira";"05:15:00";"SC";470;57,5;"BLUMENAU";"Restrição de Visibilidade";"Colisão com objeto estático";"Com Vítimas Feridas";"Plena Noite";"Crescente";"Nevoeiro/Neblina";"Simples";"Rotatória";"Sim";1;0;1;0;0;0;1;1;-26,880428;-49,136532;"SPRF-SC";"DEL04-SC";"UOP01-DEL04-SC"
288819;2020-06-08;"segunda-feira";"05:55:00";"RS";287;257,3;"SANTA MARIA";"Animais na Pista";"Atropelamento de Animal";"Com Vítimas Feridas";"Plena Noite";"Decrescente";"Céu Claro";"Simples";"Reta";"Não";1;0;1;0;0;0;1;1;-29,67776925;-53,95066209;"SPRF-RS";"DEL09-RS";"UOP01-DEL09-RS"
288820;2020-06-08;"segunda-feira";"00:30:00";"TO";153;9,8;"XAMBIOA";"Falta de Atenção à Condução";"Atropelamento de Pedestre";"Com Vítimas Fatais";"Plena Noite";"Decrescente";"Céu Claro";"Simples";"Reta";"Não";2;1;0;0;0;1;0;2;-6,4543275;-48,50461866;"SPRF-TO";"DEL02-TO";"UOP01-DEL02-TO"
288821;2020-06-08;"segunda-feira";"06:00:00";"ES";101;124;"LINHARES";"Desobediência às normas de trânsito pelo pedestre";"Atropelamento de Pedestre";"Com Vítimas Feridas";"Pleno dia";"Decrescente";"Céu Claro";"Simples";"Reta";"Sim";2;0;1;1;0;0;2;2;-19,17652792;-40,09118118;"SPRF-ES";"DEL04-ES";"UOP01-DEL04-ES"
288823;2020-06-08;"segunda-feira";"06:25:00";"PA";316;52;"SANTA IZABEL DO PARA";"Avarias e/ou desgaste excessivo no pneu";"Tombamento";"Com Vítimas Feridas";"Pleno dia";"Crescente";"Céu Claro";"Dupla";"Reta";"Não";1;0;1;0;0;0;1;1;-1,30732485;-48,02586802;"SPRF-PA";"DEL01-PA";"UOP01-DEL01-PA"
288825;2020-06-08;"segunda-feira";"06:40:00";"PR";277;112;"CAMPO LARGO";"Falta de Atenção à Condução";"Queda de ocupante de veículo";"Com Vítimas Feridas";"Pleno dia";"Decrescente";"Céu Claro";"Dupla";"Reta";"Sim";1;0;0;1;0;0;1;1;-25,443645;-49,463517;"SPRF-PR";"DEL01-PR";"UOP03-DEL03-PR"
288826;2020-06-04;"quinta-feira";"17:35:00";"MG";262;544;"CORREGO DANTA";"Objeto estático sobre o leito carroçável";"Queda de ocupante de veículo";"Com Vítimas Feridas";"Pleno dia";"Decrescente";"Céu Claro";"Simples";"Reta;Declive;Interseção de Vias";"Não";1;0;1;0;0;0;1;1;-19,74182343;-45,85315704;"SPRF-MG";"DEL08-MG";"UOP02-DEL08-MG"
288827;2020-06-08;"segunda-feira";"07:15:00";"SC";101;201;"SAO JOSE";"Falta de Atenção à Condução";"Colisão traseira";"Com Vítimas Feridas";"Pleno dia";"Crescente";"Céu Claro";"Dupla";"Reta";"Sim";2;0;1;0;1;0;1;2;-27,54836599;-48,61977975;"SPRF-SC";"DEL01-SC";"UOP01-DEL01-SC"
288828;2020-06-08;"segunda-feira";"06:45:00";"MG";365;731;"MONTE ALEGRE DE MINAS";"Falta de Atenção à Condução";"Colisão traseira";"Com Vítimas Feridas";"Pleno dia";"Decrescente";"Sol";"Simples";"Reta";"Não";3;0;1;0;2;0;1;2;-18,90025728;-49,28473234;"SPRF-MG";"DEL15-MG";"UOP03-DEL15-MG"
288829;2020-06-08;"segunda-feira";"06:20:00";"BA";324;617;"SALVADOR";"Não guardar distância de segurança";"Engavetamento";"Com Vítimas Feridas";"Pleno dia";"Crescente";"Céu Claro";"Dupla";"Reta";"Sim";10;0;4;0;6;0;4;4;-12,8860325;-38,43806469;"SPRF-BA";"DEL01-BA";"UOP01-DEL01-BA"
288830;2020-06-08;"segunda-feira";"07:29:00";"MG";365;622;"UBERLANDIA";"Não guardar distância de segurança";"Colisão traseira";"Sem Vítimas";"Pleno dia";"Decrescente";"Céu Claro";"Dupla";"Reta";"Sim";2;0;0;0;2;0;0;2;-18,89920354;-48,2726457;"SPRF-MG";"DEL15-MG";"UOP01-DEL15-MG"
288831;2020-06-08;"segunda-feira";"01:30:00";"CE";116;277,4;"JAGUARIBARA";"Defeito Mecânico no Veículo";"Saída de leito carroçável";"Sem Vítimas";"Plena Noite";"Crescente";"Céu Claro";"Simples";"Reta";"Não";3;0;0;0;2;1;0;1;-5,67162112;-38,46219688;"SPRF-CE";"DEL05-CE";"UOP02-DEL05-CE"
288832;2020-06-08;"segunda-feira";"07:15:00";"CE";116;42;"HORIZONTE";"Falta de Atenção do Pedestre";"Atropelamento de Pedestre";"Com Vítimas Feridas";"Pleno dia";"Crescente";"Céu Claro";"Dupla";"Reta";"Sim";2;0;0;1;1;0;1;2;-4,10857928;-38,4942173;"SPRF-CE";"DEL01-CE";"UOP02-DEL01-CE"
288833;2020-06-08;"segunda-feira";"07:30:00";"DF";70;4,6;"BRASILIA";"Falta de Atenção à Condução";"Colisão traseira";"Com Vítimas Feridas";"Pleno dia";"Decrescente";"Céu Claro";"Dupla";"Reta";"Sim";2;0;1;0;1;0;1;2;-15,798115;-48,089317;"SPRF-DF";"DEL03-DF";"UOP02-DEL03-DF"
288834;2020-06-08;"segunda-feira";"07:00:00";"RN";304;304;"MACAIBA";"Falta de Atenção à Condução";"Colisão lateral";"Com Vítimas Feridas";"Pleno dia";"Crescente";"Sol";"Dupla";"Reta";"Sim";2;0;0;1;1;0;1;2;-5,88497076;-35,28078192;"SPRF-RN";"DEL01-RN";"UOP02-DEL01-RN"
288835;2020-06-08;"segunda-feira";"07:45:00";"SC";101;197,7;"BIGUACU";"Falta de Atenção à Condução";"Colisão traseira";"Com Vítimas Feridas";"Pleno dia";"Crescente";"Céu Claro";"Dupla";"Reta";"Sim";2;0;1;0;1;0;1;2;-27,51844497;-48,63848496;"SPRF-SC";"DEL01-SC";"UOP01-DEL01-SC"
288836;2020-06-08;"segunda-feira";"07:45:00";"RS";386;365,2;"FAZENDA VILANOVA";"Velocidade Incompatível";"Saída de leito carroçável";"Com Vítimas Feridas";"Amanhecer";"Crescente";"Céu Claro";"Dupla";"Curva";"Sim";1;0;1;0;0;0;1;1;-29,570097;-51,865437;"SPRF-RS";"DEL04-RS";"UOP02-DEL04-RS"
288838;2020-06-08;"segunda-feira";"07:50:00";"RJ";101;61;"CAMPOS DOS GOYTACAZES";"Sinalização da via insuficiente ou inadequada";"Colisão transversal";"Com Vítimas Feridas";"Pleno dia";"Crescente";"Céu Claro";"Simples";"Interseção de Vias";"Não";2;0;1;0;1;0;1;2;-21,72655788;-41,32133519;"SPRF-RJ";"DEL08-RJ";"UOP01-DEL08-RJ"
288839;2020-06-08;"segunda-feira";"08:00:00";"PE";101;44;"IGARASSU";"Falta de Atenção à Condução";"Colisão lateral";"Sem Vítimas";"Pleno dia";"Decrescente";"Céu Claro";"Múltipla";"Reta";"Sim";2;0;0;0;2;0;0;2;-7,85637001;-34,90842109;"SPRF-PE";"DEL01-PE";"UOP02-DEL01-PE"
288841;2020-06-08;"segunda-feira";"08:00:00";"MG";262;422,5;"IGARATINGA";"Falta de Atenção à Condução";"Tombamento";"Com Vítimas Feridas";"Pleno dia";"Crescente";"Sol";"Dupla";"Retorno Regulamentado";"Sim";1;0;1;0;0;0;1;1;-19,88477767;-44,72993101;"SPRF-MG";"DEL08-MG";"UOP03-DEL08-MG"
288842;2020-06-08;"segunda-feira";"08:00:00";"RS";116;302;"GUAIBA";"Animais na Pista";"Atropelamento de Animal";"Com Vítimas Feridas";"Pleno dia";"Decrescente";"Nevoeiro/Neblina";"Dupla";"Reta";"Sim";1;0;1;0;0;0;1;1;-30,140013;-51,35942618;"SPRF-RS";"DEL02-RS";"UOP01-DEL02-RS"
288843;2020-06-08;"segunda-feira";"07:45:00";"SP";116;139,9;"SAO JOSE DOS CAMPOS";"Falta de Atenção à Condução";"Colisão traseira";"Com Vítimas Feridas";"Pleno dia";"Crescente";"Sol";"Dupla";"Reta";"Sim";2;0;1;0;1;0;1;2;-23,16353239;-45,80826759;"SPRF-SP";"DEL06-SP";"UOP01-DEL06-SP"
288844;2020-06-04;"quinta-feira";"16:55:00";"PA";230;116;"MARABA";"Falta de Atenção à Condução";"Colisão lateral";"Com Vítimas Feridas";"Pleno dia";"Crescente";"Céu Claro";"Dupla";"Declive";"Sim";3;0;1;0;2;0;1;2;-5,3555723;-49,09000397;"SPRF-PA";"DEL03-PA";"UOP01-DEL03-PA"
288846;2020-06-08;"segunda-feira";"08:00:00";"PE";232;251;"ARCOVERDE";"Falta de Atenção à Condução";"Colisão lateral";"Com Vítimas Feridas";"Pleno dia";"Decrescente";"Nublado";"Simples";"Reta";"Sim";2;0;0;1;1;0;1;2;-8,429241;-37,060127;"SPRF-PE";"DEL03-PE";"UOP02-DEL03-PE"
288848;2020-06-08;"segunda-feira";"08:30:00";"SP";381;89;"SAO PAULO";"Falta de Atenção à Condução";"Colisão traseira";"Com Vítimas Feridas";"Pleno dia";"Decrescente";"Céu Claro";"Dupla";"Reta";"Sim";2;0;1;0;1;0;1;2;-23,48469299;-46,55983288;"SPRF-SP";"DEL03-SP";"UOP01-DEL03-SP"
288849;2020-06-08;"segunda-feira";"07:00:00";"BA";324;614;"SALVADOR";"Desobediência às normas de trânsito pelo condutor";"Tombamento";"Com Vítimas Feridas";"Pleno dia";"Crescente";"Sol";"Dupla";"Reta";"Não";2;0;2;0;0;0;2;1;-12,8639793;-38,42370126;"SPRF-BA";"DEL01-BA";"UOP01-DEL01-BA"
288852;2020-06-05;"sexta-feira";"05:40:00";"MG";153;109;"PRATA";"Falta de Atenção à Condução";"Colisão transversal";"Com Vítimas Feridas";"Amanhecer";"Crescente";"Céu Claro";"Simples";"Reta";"Sim";2;0;1;0;1;0;1;2;-19,30556886;-48,90718711;"SPRF-MG";"DEL15-MG";"UOP03-DEL15-MG"
288853;2020-06-08;"segunda-feira";"08:15:00";"RS";470;201,6;"BENTO GONCALVES";"Pista Escorregadia";"Colisão frontal";"Com Vítimas Feridas";"Amanhecer";"Crescente";"Nevoeiro/Neblina";"Simples";"Curva";"Sim";4;0;1;0;3;0;1;2;-29,07605031;-51,58840656;"SPRF-RS";"DEL06-RS";"UOP02-DEL06-RS"
288854;2020-06-08;"segunda-feira";"07:50:00";"RS";290;721,6;"URUGUAIANA";"Falta de Atenção à Condução";"Saída de leito carroçável";"Com Vítimas Feridas";"Pleno dia";"Crescente";"Nublado";"Dupla";"Reta";"Não";1;0;1;0;0;0;1;1;-29,758587;-57,060295;"SPRF-RS";"DEL13-RS";"UOP01-DEL13-RS"
288858;2020-06-08;"segunda-feira";"07:40:00";"PB";104;139,5;"QUEIMADAS";"Desobediência às normas de trânsito pelo condutor";"Colisão transversal";"Com Vítimas Feridas";"Pleno dia";"Decrescente";"Sol";"Simples";"Reta";"Sim";4;0;0;3;1;0;3;2;-7,36948311;-35,89979635;"SPRF-PB";"DEL02-PB";"UOP03-DEL02-PB"
288859;2020-06-07;"domingo";"23:20:00";"PI";135;365;"BOM JESUS";"Ingestão de Álcool";"Saída de leito carroçável";"Sem Vítimas";"Plena Noite";"Crescente";"Céu Claro";"Simples";"Reta";"Não";1;0;0;0;1;0;0;1;-9,16377308;-44,42011951;"SPRF-PI";"DEL03-PI";"UOP02-DEL03-PI"
288860;2020-06-08;"segunda-feira";"06:50:00";"PR";476;281,6;"SAO MATEUS DO SUL";"Não guardar distância de segurança";"Queda de ocupante de veículo";"Com Vítimas Fatais";"Amanhecer";"Crescente";"Nevoeiro/Neblina";"Simples";"Reta";"Não";1;1;0;0;0;0;0;1;-25,876148;-50,425007;"SPRF-PR";"DEL02-PR";"UOP04-DEL02-PR"
288861;2020-06-08;"segunda-feira";"10:20:00";"GO";40;11,4;"VALPARAISO DE GOIAS";"Falta de Atenção à Condução";"Colisão transversal";"Com Vítimas Feridas";"Pleno dia";"Decrescente";"Céu Claro";"Dupla";"Reta";"Sim";2;0;1;0;1;0;1;2;-16,138336;-47,951644;"SPRF-DF";"DEL01-DF";"UOP01-DEL01-DF"
288862;2020-06-08;"segunda-feira";"06:35:00";"RO";364;1084;"PORTO VELHO";"Defeito na Via";"Saída de leito carroçável";"Com Vítimas Feridas";"Amanhecer";"Decrescente";"Céu Claro";"Simples";"Reta";"Não";2;0;2;0;0;0;2;1;-9,7657925902;-66,7784820878;"SPRF-RO";"DEL01-RO";"UOP03-DEL01-RO"
288863;2020-06-08;"segunda-feira";"10:15:00";"PR";369;202,4;"APUCARANA";"Falta de Atenção à Condução";"Colisão transversal";"Com Vítimas Feridas";"Pleno dia";"Crescente";"Nublado";"Simples";"Reta";"Sim";2;0;1;0;1;0;1;2;-23,545569;-51,452994;"SPRF-PR";"DEL07-PR";"UOP03-DEL07-PR"
288865;2020-06-08;"segunda-feira";"07:55:00";"GO";153;513;"APARECIDA DE GOIANIA";"Defeito Mecânico no Veículo";"Queda de ocupante de veículo";"Com Vítimas Feridas";"Pleno dia";"Crescente";"Céu Claro";"Múltipla";"Reta";"Sim";1;0;1;0;0;0;1;1;-16,8244;-49,2421;"SPRF-GO";"DEL01-GO";"UOP03-DEL01-GO"
288867;2020-06-08;"segunda-feira";"09:40:00";"PR";277;103;"CAMPO LARGO";"Falta de Atenção à Condução";"Queda de ocupante de veículo";"Com Vítimas Feridas";"Pleno dia";"Crescente";"Céu Claro";"Dupla";"Aclive;Reta";"Não";1;0;1;0;0;0;1;1;-25,4702403;-49,7248387;"SPRF-PR";"DEL01-PR";"UOP06-DEL01-PR"
288871;2020-06-08;"segunda-feira";"10:50:00";"GO";60;164;"GOIANIA";"Falta de Atenção à Condução";"Colisão com objeto estático";"Com Vítimas Feridas";"Pleno dia";"Decrescente";"Céu Claro";"Dupla";"Declive";"Sim";1;0;1;0;0;0;1;1;-16,7036;-49,342;"SPRF-GO";"DEL01-GO";"UOP02-DEL01-GO"
288872;2020-06-08;"segunda-feira";"11:10:00";"GO";60;163,6;"GOIANIA";"Falta de Atenção à Condução";"Colisão traseira";"Com Vítimas Feridas";"Pleno dia";"Decrescente";"Céu Claro";"Dupla";"Aclive";"Sim";2;0;1;0;1;0;1;2;-16,7002;-49,3335;"SPRF-GO";"DEL01-GO";"UOP02-DEL01-GO"
288873;2020-06-08;"segunda-feira";"09:20:00";"MT";70;743;"CACERES";"Falta de Atenção à Condução";"Queda de ocupante de veículo";"Com Vítimas Feridas";"Pleno dia";"Decrescente";"Céu Claro";"Simples";"Rotatória";"Não";2;0;1;0;1;0;1;1;-16,0135551;-57,73888042;"SPRF-MT";"DEL03-MT";"UOP01-DEL03-MT"
288874;2020-06-08;"segunda-feira";"11:20:00";"RS";290;42,1;"SANTO ANTONIO DA PATRULHA";"Falta de Atenção à Condução";"Tombamento";"Com Vítimas Feridas";"Pleno dia";"Crescente";"Céu Claro";"Múltipla";"Reta";"Não";2;0;1;0;1;0;1;1;-29,8889;-50,6801;"SPRF-RS";"DEL03-RS";"UOP01-DEL03-RS"
288877;2020-06-08;"segunda-feira";"11:45:00";"SP";153;8,8;"ICEM";"Falta de Atenção à Condução";"Saída de leito carroçável";"Com Vítimas Feridas";"Pleno dia";"Decrescente";"Céu Claro";"Simples";"Reta";"Não";2;0;2;0;0;0;2;1;-20,37245231;-49,2263255;"SPRF-SP";"DEL09-SP";"UOP01-DEL09-SP"
288878;2020-06-08;"segunda-feira";"11:50:00";"PR";277;9,8;"PARANAGUA";"Falta de Atenção à Condução";"Saída de leito carroçável";"Com Vítimas Feridas";"Pleno dia";"Decrescente";"Céu Claro";"Dupla";"Reta";"Não";1;0;1;0;0;0;1;1;-25,568198;-48,615292;"SPRF-PR";"DEL01-PR";"UOP05-DEL01-PR"
288880;2020-06-08;"segunda-feira";"07:14:00";"MG";116;95;"MEDINA";"Pista Escorregadia";"Saída de leito carroçável";"Com Vítimas Feridas";"Pleno dia";"Decrescente";"Ignorado";"Simples";"Reta";"Não";1;0;1;0;0;0;1;1;-16,45538699;-41,50106188;"SPRF-MG";"DEL11-MG";"UOP02-DEL11-MG"
288884;2020-06-08;"segunda-feira";"11:35:00";"SC";280;128,7;"RIO NEGRINHO";"Desobediência às normas de trânsito pelo condutor";"Colisão transversal";"Com Vítimas Feridas";"Pleno dia";"Crescente";"Céu Claro";"Simples";"Reta;Interseção de Vias;Aclive";"Sim";2;0;0;1;1;0;1;2;-26,25391348;-49,53377008;"SPRF-SC";"DEL06-SC";"UOP03-DEL06-SC"
288885;2020-06-08;"segunda-feira";"12:00:00";"MG";381;451;"BELO HORIZONTE";"Desobediência às normas de trânsito pelo condutor";"Colisão frontal";"Com Vítimas Feridas";"Pleno dia";"Decrescente";"Céu Claro";"Simples";"Curva";"Sim";7;0;5;0;2;0;5;4;-19,83409463;-43,84875298;"SPRF-MG";"DEL01-MG";"UOP01-DEL01-MG"
288887;2020-06-08;"segunda-feira";"13:30:00";"ES";101;264,3;"SERRA";"Desobediência às normas de trânsito pelo condutor";"Colisão transversal";"Com Vítimas Feridas";"Pleno dia";"Decrescente";"Céu Claro";"Dupla";"Interseção de Vias";"Sim";2;0;0;1;1;0;1;2;-20,17292791;-40,26736384;"SPRF-ES";"DEL02-ES";"UOP01-DEL02-ES"
288889;2020-06-08;"segunda-feira";"06:40:00";"RN";101;116,5;"SAO JOSE DE MIPIBU";"Não guardar distância de segurança";"Colisão traseira";"Com Vítimas Feridas";"Pleno dia";"Decrescente";"Nublado";"Dupla";"Retorno Regulamentado";"Não";2;0;1;0;1;0;1;2;-5,99923408;-35,26039018;"SPRF-RN";"DEL01-RN";"UOP01-DEL01-RN"
288890;2020-06-04;"quinta-feira";"17:00:00";"MG";40;73,8;"PARACATU";"Restrição de Visibilidade";"Capotamento";"Com Vítimas Feridas";"Pleno dia";"Decrescente";"Céu Claro";"Simples";"Reta";"Não";2;0;1;0;0;1;1;2;-17,42259631;-46,71093339;"SPRF-MG";"DEL14-MG";"UOP01-DEL14-MG"
288891;2020-06-08;"segunda-feira";"13:18:00";"SP";116;219;"GUARULHOS";"Defeito Mecânico no Veículo";"Tombamento";"Com Vítimas Feridas";"Pleno dia";"Crescente";"Céu Claro";"Múltipla";"Reta";"Sim";2;0;1;0;1;0;1;1;-23,46143954;-46,48885316;"SPRF-SP";"DEL01-SP";"UOP01-DEL01-SP"
288892;2020-06-08;"segunda-feira";"13:15:00";"SP";116;210;"GUARULHOS";"Defeito Mecânico no Veículo";"Colisão com objeto estático";"Com Vítimas Feridas";"Pleno dia";"Crescente";"Sol";"Dupla";"Reta";"Não";5;0;2;0;1;2;2;4;-23,42870023;-46,41085991;"SPRF-SP";"DEL01-SP";"UOP01-DEL01-SP"
288895;2020-06-08;"segunda-feira";"13:10:00";"ES";101;267,8;"SERRA";"Falta de Atenção à Condução";"Colisão transversal";"Com Vítimas Feridas";"Pleno dia";"Crescente";"Nublado";"Múltipla";"Retorno Regulamentado";"Sim";4;0;1;1;0;2;2;3;-20,207;-40,27;"SPRF-ES";"DEL02-ES";"UOP01-DEL02-ES"
288897;2020-06-05;"sexta-feira";"02:45:00";"SC";101;239;"PALHOCA";"Falta de Atenção à Condução";"Saída de leito carroçável";"Sem Vítimas";"Plena Noite";"Decrescente";"Chuva";"Dupla";"Reta";"Não";1;0;0;0;1;0;0;1;-27,85046883;-48,63955216;"SPRF-SC";"DEL01-SC";"UOP02-DEL01-SC"