"id";"data_inversa";"dia_semana";"horario";"uf";"br";"km";"municipio";"causa_acidente";"tipo_acidente";"classificacao_acidente";"fase_dia";"sentido_via";"condicao_metereologica";"tipo_pista";"tracado_via";"uso_solo";"pessoas";"mortos";"feridos_leves";"feridos_graves";"ilesos";"ignorados";"feridos";"veiculos";"latitude";"longitude";"regional";"delegacia";"uop"
289118;2020-06-09;"terça-feira";"19:20:00";"SC";470;39,9;"GASPAR";"Sinalização da via insuficiente ou inadequada";"Colisão lateral";"Com Vítimas Feridas";"Plena Noite";"Decrescente";"Chuva";"Simples";"Reta";"Não";3;0;1;0;2;0;1;2;-26,897341;-48,986881;"SPRF-SC";"DEL04-SC";"UOP01-DEL04-SC"
289119;2020-06-09;"terça-feira";"17:55:00";"MG";381;162,3;"GOVERNADOR VALADARES";"Desobediência às normas de trânsito pelo condutor";"Colisão lateral";"Com Vítimas Fatais";"Plena Noite";"Decrescente";"Céu Claro";"Simples";"Reta";"Não";3;1;0;1;1;0;1;3;-18,92981969;-42,04461724;"SPRF-MG";"DEL06-MG";"UOP01-DEL06-MG"
289120;2020-06-09;"terça-feira";"15:10:00";"SC";116;228,9;"CORREIA PINTO";"Desobediência às normas de trânsito pelo condutor";"Colisão transversal";"Com Vítimas Feridas";"Pleno dia";"Crescente";"Chuva";"Simples";"Interseção de Vias";"Não";3;0;1;1;1;0;2;2;-27,66118021;-50,33629775;"SPRF-SC";"DEL05-SC";"UOP03-DEL05-SC"
289121;2020-06-09;"terça-feira";"18:30:00";"MA";222;669,5;"ACAILANDIA";"Ultrapassagem Indevida";"Colisão lateral";"Com Vítimas Feridas";"Anoitecer";"Decrescente";"Céu Claro";"Simples";"Aclive";"Não";2;0;1;1;0;0;2;2;-4,9115858;-47,41511612;"SPRF-MA";"DEL04-MA";"UOP03-DEL04-MA"
289124;2020-06-09;"terça-feira";"18:25:00";"MG";381;337;"BELA VISTA DE MINAS";"Falta de Atenção à Condução";"Colisão lateral";"Com Vítimas Feridas";"Plena Noite";"Crescente";"Céu Claro";"Simples";"Curva";"Não";3;0;1;0;2;0;1;3;-19,82388218;-43,08235792;"SPRF-MG";"DEL03-MG";"UOP01-DEL03-MG"
289128;2020-06-09;"terça-feira";"18:37:00";"PR";277;108;"CAMPO LARGO";"Velocidade Incompatível";"Saída de leito carroçável";"Sem Vítimas";"Plena Noite";"Decrescente";"Chuva";"Dupla";"Curva";"Não";1;0;0;0;1;0;0;1;-25,46337891;-49,35755379;"SPRF-PR";"DEL01-PR";"UOP03-DEL03-PR"
289129;2020-06-09;"terça-feira";"19:50:00";"PR";277;17;"PARANAGUA";"Pista Escorregadia";"Saída de leito carroçável";"Sem Vítimas";"Plena Noite";"Crescente";"Chuva";"Dupla";"Reta";"Não";1;0;0;0;1;0;0;1;-25,56380488;-48,63457397;"SPRF-PR";"DEL01-PR";"UOP05-DEL01-PR"
289130;2020-06-09;"terça-feira";"19:10:00";"PI";402;14;"PARNAIBA";"Desobediência às normas de trânsito pelo condutor";"Colisão com objeto estático";"Com Vítimas Feridas";"Plena Noite";"Crescente";"Céu Claro";"Simples";"Interseção de Vias";"Não";1;0;1;0;0;0;1;1;-3,10042535;-41,78094003;"SPRF-PI";"DEL05-PI";"UOP01-DEL05-PI"
289133;2020-06-09;"terça-feira";"20:10:00";"BA";116;457,9;"SANTO ESTEVAO";"Pista Escorregadia";"Capotamento";"Com Vítimas Feridas";"Plena Noite";"Crescente";"Chuva";"Dupla";"Reta";"Não";3;0;2;0;1;0;2;1;-12,41101412;-39,18356593;"SPRF-BA";"DEL02-BA";"UOP01-DEL02-BA"
289134;2020-06-09;"terça-feira";"20:00:00";"MG";354;704;"CAXAMBU";"Falta de Atenção à Condução";"Colisão traseira";"Com Vítimas Feridas";"Plena Noite";"Decrescente";"Nublado";"Simples";"Reta";"Sim";2;0;1;0;0;1;1;2;-21,98404081;-44,92444142;"SPRF-MG";"DEL17-MG";"UOP01-DEL17-MG"
289135;2020-06-09;"terça-feira";"17:00:00";"MT";70;714;"CACERES";"Defeito Mecânico no Veículo";"Saída de leito carroçável";"Com Vítimas Feridas";"Anoitecer";"Crescente";"Céu Claro";"Simples";"Reta";"Não";2;0;1;1;0;0;2;1;-16,2430093;-57,54684912;"SPRF-MT";"DEL03-MT";"UOP01-DEL03-MT"
289138;2020-06-09;"terça-feira";"19:50:00";"PR";116;135;"MANDIRITUBA";"Falta de Atenção à Condução";"Colisão transversal";"Com Vítimas Feridas";"Plena Noite";"Crescente";"Chuva";"Simples";"Reta";"Sim";2;0;1;0;1;0;1;2;-25,68413003;-49,31639964;"SPRF-PR";"DEL01-PR";"UOP03-DEL01-PR"
289139;2020-06-09;"terça-feira";"19:55:00";"ES";101;137;"LINHARES";"Ingestão de Álcool";"Saída de leito carroçável";"Sem Vítimas";"Plena Noite";"Decrescente";"Céu Claro";"Simples";"Curva";"Não";1;0;0;0;1;0;0;1;-19,29308199;-40,08591691;"SPRF-ES";"DEL04-ES";"UOP01-DEL04-ES"
289141;2020-06-09;"terça-feira";"22:00:00";"SE";101;98;"SAO CRISTOVAO";"Ingestão de Álcool";"Tombamento";"Com Vítimas Feridas";"Plena Noite";"Crescente";"Nublado";"Dupla";"Aclive";"Não";1;0;1;0;0;0;1;1;-10,92816408;-37,18223095;"SPRF-SE";"DEL01-SE";"UOP01-DEL01-SE"
289142;2020-06-09;"terça-feira";"21:40:00";"MG";365;648;"UBERLANDIA";"Condutor Dormindo";"Saída de leito carroçável";"Com Vítimas Feridas";"Plena Noite";"Crescente";"Céu Claro";"Dupla";"Retorno Regulamentado";"Não";1;0;1;0;0;0;1;1;-18,87284932;-48,54026605;"SPRF-MG";"DEL15-MG";"UOP01-DEL15-MG"
289143;2020-06-09;"terça-feira";"21:40:00";"SC";101;125,2;"ITAJAI";"Falta de Atenção à Condução";"Saída de leito carroçável";"Com Vítimas Feridas";"Plena Noite";"Crescente";"Chuva";"Múltipla";"Curva";"Não";2;0;2;0;0;0;2;1;-26,94886132;-48,68214726;"SPRF-SC";"DEL04-SC";"UOP04-DEL04-SC"
289144;2020-06-09;"terça-feira";"21:40:00";"SP";153;281;"OCAUCU";"Falta de Atenção à Condução";"Colisão com objeto estático";"Sem Vítimas";"Plena Noite";"Crescente";"Céu Claro";"Simples";"Reta";"Não";1;0;0;0;0;1;0;1;-22,42209985;-49,86000837;"SPRF-SP";"DEL07-SP";"UOP02-DEL07-SP"
289145;2020-06-09;"terça-feira";"19:00:00";"RS";285;631,5;"SANTO ANTONIO DAS MISSOES";"Ultrapassagem Indevida";"Colisão lateral";"Com Vítimas Feridas";"Plena Noite";"Crescente";"Céu Claro";"Simples";"Aclive";"Não";1;0;0;1;0;0;1;1;-28,559925;-55,583027;"SPRF-RS";"DEL12-RS";"UOP01-DEL12-RS"
289146;2020-06-09;"terça-feira";"18:30:00";"BA";367;28;"PORTO SEGURO";"Desobediência às normas de trânsito pelo condutor";"Colisão lateral";"Com Vítimas Feridas";"Plena Noite";"Crescente";"Céu Claro";"Simples";"Reta";"Não";2;0;1;1;0;0;2;1;-16,41760283;-39,10888793;"SPRF-BA";"DEL09-BA";"UOP01-DEL09-BA"
289148;2020-06-09;"terça-feira";"21:15:00";"RJ";101;252;"RIO BONITO";"Velocidade Incompatível";"Colisão com objeto estático";"Sem Vítimas";"Plena Noite";"Crescente";"Céu Claro";"Simples";"Reta";"Sim";2;0;0;0;2;0;0;1;-22,68214756;-42,53377419;"SPRF-RJ";"DEL02-RJ";"UOP03-DEL02-RJ"
289151;2020-06-09;"terça-feira";"21:35:00";"RJ";116;177;"NOVA IGUACU";"Defeito Mecânico no Veículo";"Incêndio";"Sem Vítimas";"Plena Noite";"Crescente";"Céu Claro";"Dupla";"Reta";"Sim";1;0;0;0;1;0;0;1;-22,78055198;-43,39208599;"SPRF-RJ";"DEL01-RJ";"UOP02-DEL01-RJ"
289156;2020-06-09;"terça-feira";"18:30:00";"RO";364;558;"ALTO PARAISO";"Falta de Atenção à Condução";"Colisão frontal";"Com Vítimas Feridas";"Anoitecer";"Crescente";"Céu Claro";"Simples";"Desvio Temporário";"Não";3;0;0;1;1;1;1;3;-9,57984798;-63,07405762;"SPRF-RO";"DEL03-RO";"UOP01-DEL03-RO"
289157;2020-06-09;"terça-feira";"22:00:00";"RO";364;345,9;"JI-PARANA";"Falta de Atenção à Condução";"Colisão traseira";"Com Vítimas Feridas";"Plena Noite";"Decrescente";"Céu Claro";"Dupla";"Reta";"Sim";2;0;1;0;1;0;1;2;-10,8677199;-61,96550846;"SPRF-RO";"DEL02-RO";"UOP01-DEL02-RO"
289158;2020-06-09;"terça-feira";"15:50:00";"RJ";40;107,8;"DUQUE DE CAXIAS";"Falta de Atenção à Condução";"Colisão traseira";"Com Vítimas Feridas";"Pleno dia";"Crescente";"Céu Claro";"Múltipla";"Reta";"Sim";3;0;1;1;0;1;2;2;-22,66408609;-43,28500628;"SPRF-RJ";"DEL01-RJ";"UOP01-DEL01-RJ"
289160;2020-06-10;"quarta-feira";"01:50:00";"SC";101;264,5;"PAULO LOPES";"Animais na Pista";"Atropelamento de Animal";"Com Vítimas Feridas";"Plena Noite";"Decrescente";"Nublado";"Dupla";"Reta";"Não";2;0;1;0;1;0;1;1;-28,05149404;-48,71632789;"SPRF-SC";"DEL02-SC";"UOP03-DEL02-SC"
289163;2020-06-10;"quarta-feira";"03:50:00";"GO";40;6,5;"VALPARAISO DE GOIAS";"Velocidade Incompatível";"Colisão com objeto estático";"Sem Vítimas";"Plena Noite";"Crescente";"Céu Claro";"Dupla";"Reta";"Sim";1;0;0;0;0;1;0;1;-16,100814;-47,977351;"SPRF-DF";"DEL01-DF";"UOP01-DEL01-DF"
289165;2020-06-10;"quarta-feira";"03:23:00";"RJ";101;218,7;"SILVA JARDIM";"Falta de Atenção à Condução";"Tombamento";"Com Vítimas Feridas";"Plena Noite";"Crescente";"Nevoeiro/Neblina";"Dupla";"Reta";"Não";1;0;1;0;0;0;1;1;-22,50788881;-42,30025408;"SPRF-RJ";"DEL02-RJ";"UOP03-DEL02-RJ"
289170;2020-06-10;"quarta-feira";"00:30:00";"PR";277;73;"SAO JOSE DOS PINHAIS";"Pista Escorregadia";"Queda de ocupante de veículo";"Com Vítimas Feridas";"Plena Noite";"Decrescente";"Garoa/Chuvisco";"Dupla";"Reta";"Não";1;0;1;0;0;0;1;1;-25,52124342;-49,10648119;"SPRF-PR";"DEL01-PR";"UOP01-DEL01-PR"
289172;2020-06-10;"quarta-feira";"06:55:00";"MG";381;491;"BETIM";"Não guardar distância de segurança";"Colisão traseira";"Sem Vítimas";"Pleno dia";"Decrescente";"Céu Claro";"Dupla";"Reta";"Sim";3;0;0;0;3;0;0;2;-19,97018187;-44,18210416;"SPRF-MG";"DEL01-MG";"UOP03-DEL01-MG"
289173;2020-06-10;"quarta-feira";"07:25:00";"MG";381;477;"CONTAGEM";"Falta de Atenção à Condução";"Colisão traseira";"Com Vítimas Feridas";"Pleno dia";"Decrescente";"Céu Claro";"Dupla";"Reta";"Sim";3;0;1;0;2;0;1;2;-19,96179268;-44,05041676;"SPRF-MG";"DEL01-MG";"UOP03-DEL01-MG"
289176;2020-06-10;"quarta-feira";"07:30:00";"PR";376;252,5;"CALIFORNIA";"Desobediência às normas de trânsito pelo condutor";"Colisão com objeto estático";"Com Vítimas Feridas";"Pleno dia";"Crescente";"Nublado";"Dupla";"Curva";"Não";1;0;1;0;0;0;1;1;-23,64361796;-51,37822252;"SPRF-PR";"DEL07-PR";"UOP03-DEL07-PR"
289177;2020-06-10;"quarta-feira";"07:45:00";"PI";343;330;"TERESINA";"Falta de Atenção à Condução";"Colisão traseira";"Com Vítimas Feridas";"Pleno dia";"Crescente";"Céu Claro";"Simples";"Reta";"Não";2;0;0;1;1;0;1;2;-5,061753;-42,649815;"SPRF-PI";"DEL01-PI";"UOP01-DEL01-PI"
289178;2020-06-10;"quarta-feira";"07:45:00";"GO";153;101;"ANAPOLIS";"Falta de Atenção à Condução";"Colisão lateral";"Com Vítimas Feridas";"Pleno dia";"Crescente";"Sol";"Dupla";"Interseção de Vias";"Sim";2;0;0;1;1;0;1;2;-16,403323;-48,978465;"SPRF-GO";"DEL07-GO";"UOP01-DEL07-GO"
289182;2020-06-10;"quarta-feira";"05:45:00";"PR";476;252;"ANTONIO OLINTO";"Objeto estático sobre o leito carroçável";"Colisão com objeto estático";"Com Vítimas Feridas";"Plena Noite";"Crescente";"Chuva";"Simples";"Reta;Aclive";"Não";2;0;0;1;1;0;1;2;-25,881222;-50,174;"SPRF-PR";"DEL02-PR";"UOP04-DEL02-PR"
289184;2020-06-10;"quarta-feira";"07:25:00";"RO";319;60;"PORTO VELHO";"Desobediência às normas de trânsito pelo condutor";"Colisão lateral";"Com Vítimas Feridas";"Pleno dia";"Crescente";"Céu Claro";"Dupla";"Rotatória";"Sim";2;0;1;0;1;0;1;2;-8,766685;-63,884052;"SPRF-RO";"DEL01-RO";"UOP01-DEL01-RO"
289185;2020-06-10;"quarta-feira";"09:00:00";"PB";230;17;"JOAO PESSOA";"Falta de Atenção à Condução";"Saída de leito carroçável";"Sem Vítimas";"Pleno dia";"Crescente";"Céu Claro";"Dupla";"Reta";"Sim";1;0;0;0;1;0;0;1;-7,1121;-34,8426;"SPRF-PB";"DEL01-PB";"UOP01-DEL01-PB"
289188;2020-06-10;"quarta-feira";"08:40:00";"MA";316;229;"BOM JARDIM";"Ingestão de Álcool";"Colisão traseira";"Com Vítimas Feridas";"Pleno dia";"Crescente";"Céu Claro";"Simples";"Reta";"Não";2;0;1;0;1;0;1;2;-3,532217;-45,621048;"SPRF-MA";"DEL02-MA";"UOP01-DEL02-MA"
289191;2020-06-10;"quarta-feira";"09:40:00";"PR";376;176,1;"MARINGA";"Desobediência às normas de trânsito pelo condutor";"Colisão lateral";"Com Vítimas Feridas";"Pleno dia";"Decrescente";"Céu Claro";"Múltipla";"Reta";"Sim";3;0;1;0;2;0;1;3;-23,41115363;-51,94005489;"SPRF-PR";"DEL09-PR";"UOP01-DEL09-PR"
289196;2020-06-10;"quarta-feira";"09:56:00";"ES";101;330,9;"GUARAPARI";"Velocidade Incompatível";"Tombamento";"Sem Vítimas";"Pleno dia";"Decrescente";"Sol";"Dupla";"Curva";"Não";1;0;0;0;1;0;0;1;-20,60356499;-40,50236464;"SPRF-ES";"DEL03-ES";"UOP01-DEL03-ES"
289197;2020-06-10;"quarta-feira";"08:35:00";"PI";343;249;"CAMPO MAIOR";"Desobediência às normas de trânsito pelo condutor";"Colisão lateral";"Com Vítimas Feridas";"Pleno dia";"Crescente";"Sol";"Simples";"Interseção de Vias";"Não";2;0;0;1;0;1;1;2;-4,72527854;-42,10441589;"SPRF-PI";"DEL01-PI";"UOP03-DEL01-PI"
289198;2020-06-10;"quarta-feira";"09:00:00";"GO";50;279;"CATALAO";"Pista Escorregadia";"Tombamento";"Com Vítimas Feridas";"Pleno dia";"Decrescente";"Céu Claro";"Simples";"Reta";"Sim";1;0;1;0;0;0;1;1;-18,1739;-47,9289;"SPRF-GO";"DEL06-GO";"UOP01-DEL06-GO"
289199;2020-06-10;"quarta-feira";"08:40:00";"MS";463;13,2;"DOURADOS";"Defeito Mecânico no Veículo";"Tombamento";"Com Vítimas Feridas";"Pleno dia";"Crescente";"Céu Claro";"Simples";"Reta";"Não";3;0;3;0;0;0;3;1;-22,24064411;-54,92719604;"SPRF-MS";"DEL04-MS";"UOP01-DEL04-MS"
289200;2020-05-11;"segunda-feira";"08:20:00";"RN";427;153,6;"SERRA NEGRA DO NORTE";"Falta de Atenção à Condução";"Colisão com objeto estático";"Sem Vítimas";"Pleno dia";"Crescente";"Sol";"Simples";"Curva";"Não";2;0;0;0;0;2;0;1;-6,64706793;-37,45617289;"SPRF-RN";"DEL03-RN";"UOP01-DEL03-RN"
289203;2020-06-10;"quarta-feira";"11:00:00";"PR";116;111;"CURITIBA";"Falta de Atenção à Condução";"Engavetamento";"Com Vítimas Feridas";"Pleno dia";"Decrescente";"Garoa/Chuvisco";"Dupla";"Reta";"Sim";4;0;1;0;3;0;1;3;-25,56885181;-49,22724597;"SPRF-PR";"DEL01-PR";"UOP06-DEL01-PR"
289205;2020-05-26;"terça-feira";"06:50:00";"RJ";393;182,1;"PARAIBA DO SUL";"Não guardar distância de segurança";"Colisão traseira";"Com Vítimas Feridas";"Pleno dia";"Decrescente";"Céu Claro";"Simples";"Reta";"Sim";2;0;1;0;1;0;1;2;-22,14087772;-43,25915397;"SPRF-RJ";"DEL05-RJ";"UOP03-DEL05-RJ"
289208;2020-06-10;"quarta-feira";"11:20:00";"PE";101;70;"RECIFE";"Desobediência às normas de trânsito pelo condutor";"Colisão frontal";"Com Vítimas Feridas";"Pleno dia";"Crescente";"Nublado";"Dupla";"Reta";"Sim";2;0;0;1;0;1;1;2;-8,07105696;-34,94266069;"SPRF-PE";"DEL01-PE";"UOP01-DEL01-PE"
289211;2020-06-10;"quarta-feira";"06:50:00";"RS";290;303,4;"CACAPAVA DO SUL";"Não guardar distância de segurança";"Colisão frontal";"Com Vítimas Feridas";"Amanhecer";"Crescente";"Céu Claro";"Simples";"Reta";"Não";2;0;0;1;1;0;1;2;-30,323257;-53,238743;"SPRF-RS";"DEL09-RS";"UOP02-DEL09-RS"
289212;2020-05-29;"sexta-feira";"22:28:00";"MG";116;704,9;"MURIAE";"Desobediência às normas de trânsito pelo condutor";"Colisão transversal";"Com Vítimas Feridas";"Plena Noite";"Crescente";"Céu Claro";"Múltipla";"Curva";"Sim";2;0;1;0;1;0;1;2;-21,13416858;-42,38722798;"SPRF-MG";"DEL07-MG";"UOP02-DEL07-MG"
289213;2020-06-10;"quarta-feira";"08:50:00";"SC";282;629,8;"IRACEMINHA";"Avarias e/ou desgaste excessivo no pneu";"Saída de leito carroçável";"Com Vítimas Fatais";"Pleno dia";"Crescente";"Chuva";"Simples";"Curva";"Não";1;1;0;0;0;0;0;1;-26,819656;-53,375282;"SPRF-SC";"DEL07-SC";"UOP03-DEL07-SC"
289218;2020-06-10;"quarta-feira";"12:45:00";"PR";376;173,9;"MARINGA";"Desobediência às normas de trânsito pelo condutor";"Colisão transversal";"Com Vítimas Feridas";"Pleno dia";"Decrescente";"Sol";"Dupla";"Reta;Interseção de Vias";"Sim";2;0;1;0;1;0;1;2;-23,41788786;-51,96001053;"SPRF-PR";"DEL09-PR";"UOP01-DEL09-PR"
289219;2020-03-08;"domingo";"13:30:00";"MT";163;788,1;"SORRISO";"Falta de Atenção à Condução";"Saída de leito carroçável";"Com Vítimas Feridas";"Pleno dia";"Crescente";"Céu Claro";"Simples";"Reta";"Não";2;0;2;0;0;0;2;1;-12,38511683;-55,61439534;"SPRF-MT";"DEL06-MT";"UOP01-DEL06-MT"
289220;2020-06-08;"segunda-feira";"17:45:00";"PI";135;124;"BERTOLINIA";"Animais na Pista";"Atropelamento de Animal";"Sem Vítimas";"Pleno dia";"Crescente";"Nublado";"Simples";"Declive";"Não";2;0;0;0;2;0;0;1;-7,6506515;-43,952908;"SPRF-PI";"DEL03-PI";"UOP01-DEL03-PI"
289222;2020-06-10;"quarta-feira";"13:05:00";"RS";285;447,4;"BOZANO";"Velocidade Incompatível";"Saída de leito carroçável";"Com Vítimas Feridas";"Pleno dia";"Crescente";"Nublado";"Simples";"Curva";"Não";1;0;0;1;0;0;1;1;-28,364437;-53,802204;"SPRF-RS";"DEL10-RS";"UOP01-DEL10-RS"
289223;2020-06-10;"quarta-feira";"09:00:00";"RJ";101;293,4;"ITABORAI";"Pista Escorregadia";"Colisão traseira";"Com Vítimas Feridas";"Pleno dia";"Crescente";"Céu Claro";"Dupla";"Reta";"Sim";3;0;2;0;1;0;2;2;-22,75623728;-42,89251328;"SPRF-RJ";"DEL02-RJ";"UOP02-DEL02-RJ"
289224;2020-06-10;"quarta-feira";"13:48:00";"RJ";116;137,5;"DUQUE DE CAXIAS";"Pista Escorregadia";"Tombamento";"Com Vítimas Feridas";"Pleno dia";"Crescente";"Nublado";"Simples";"Curva";"Sim";2;0;1;0;1;0;1;1;-22,64726977;-43,22789853;"SPRF-RJ";"DEL04-RJ";"UOP02-DEL04-RJ"
289225;2020-06-10;"quarta-feira";"11:15:00";"SC";282;392,7;"JOACABA";"Falta de Atenção à Condução";"Tombamento";"Com Vítimas Feridas";"Pleno dia";"Crescente";"Chuva";"Simples";"Reta";"Não";1;0;1;0;0;0;1;1;-27,164942;-51,56567;"SPRF-SC";"DEL07-SC";"UOP05-DEL07-SC"
289227;2020-06-09;"terça-feira";"16:00:00";"BA";242;313;"LAJEDINHO";"Falta de Atenção à Condução";"Saída de leito carroçável";"Com Vítimas Feridas";"Pleno dia";"Crescente";"Céu Claro";"Simples";"Reta";"Não";1;0;1;0;0;0;1;1;-12,46022748;-40,99176586;"SPRF-BA";"DEL06-BA";"UOP01-DEL06-BA"
289230;2020-05-22;"sexta-feira";"06:50:00";"DF";40;6,4;"BRASILIA";"Falta de Atenção à Condução";"Colisão transversal";"Com Vítimas Feridas";"Pleno dia";"Decrescente";"Céu Claro";"Dupla";"Reta";"Não";3;0;2;0;0;1;2;3;-16,029741;-47,978867;"SPRF-DF";"DEL01-DF";"UOP01-DEL01-DF"
289232;2020-06-10;"quarta-feira";"12:50:00";"RO";364;523;"ARIQUEMES";"Defeito Mecânico no Veículo";"Queda de ocupante de veículo";"Com Vítimas Feridas";"Pleno dia";"Decrescente";"Céu Claro";"Dupla";"Reta";"Não";2;0;2;0;0;0;2;1;-9,85234299;-63,05883787;"SPRF-RO";"DEL03-RO";"UOP01-DEL03-RO"
289233;2020-06-10;"quarta-feira";"13:27:00";"RJ";40;107;"DUQUE DE CAXIAS";"Não guardar distância de segurança";"Queda de ocupante de veículo";"Com Vítimas Feridas";"Pleno dia";"Crescente";"Nublado";"Múltipla";"Reta";"Sim";1;0;1;0;0;0;1;1;-22,65581497;-43,28378546;"SPRF-RJ";"DEL01-RJ";"UOP01-DEL01-RJ"
289234;2020-06-10;"quarta-feira";"11:20:00";"GO";70;35;"COCALZINHO DE GOIAS";"Sinalização da via insuficiente ou inadequada";"Colisão traseira";"Sem Vítimas";"Pleno dia";"Decrescente";"Céu Claro";"Simples";"Reta";"Não";2;0;0;0;2;0;0;2;-15,78176381;-48,49031591;"SPRF-DF";"DEL03-DF";"UOP02-DEL03-DF"
289235;2020-06-10;"quarta-feira";"11:05:00";"MT";174;82,2;"CACERES";"Desobediência às normas de trânsito pelo condutor";"Colisão lateral";"Com Vítimas Feridas";"Pleno dia";"Crescente";"Céu Claro";"Simples";"Reta";"Não";3;0;1;0;1;1;1;3;-15,96293;-57,7715;"SPRF-MT";"DEL03-MT";"UOP01-DEL03-MT"
289236;2020-06-10;"quarta-feira";"13:30:00";"MT";364;473;"JANGADA";"Falta de Atenção à Condução";"Capotamento";"Com Vítimas Feridas";"Pleno dia";"Crescente";"Céu Claro";"Múltipla";"Curva";"Não";3;0;3;0;0;0;3;1;-15,440287;-56,334694;"SPRF-MT";"DEL01-MT";"UOP02-DEL01-MT"
289237;2020-06-10;"quarta-feira";"13:30:00";"RJ";101;57;"CAMPOS DOS GOYTACAZES";"Desobediência às normas de trânsito pelo condutor";"Colisão transversal";"Com Vítimas Feridas";"Pleno dia";"Crescente";"Céu Claro";"Simples";"Reta";"Sim";3;0;1;1;1;0;2;2;-21,69602101;-41,31017467;"SPRF-RJ";"DEL08-RJ";"UOP01-DEL08-RJ"
289271;2020-06-10;"quarta-feira";"14:30:00";"MG";262;410,9;"IGARATINGA";"Falta de Atenção à Condução";"Saída de leito carroçável";"Com Vítimas Feridas";"Pleno dia";"Decrescente";"Céu Claro";"Dupla";"Reta";"Não";2;0;2;0;0;0;2;1;-19,88686179;-44,63193985;"SPRF-MG";"DEL08-MG";"UOP03-DEL08-MG"
289273;2020-06-10;"quarta-feira";"14:20:00";"DF";20;11;"BRASILIA";"Desobediência às normas de trânsito pelo condutor";"Colisão lateral";"Sem Vítimas";"Pleno dia";"Decrescente";"Céu Claro";"Simples";"Retorno Regulamentado";"Sim";2;0;0;0;2;0;0;2;-15,64654;-47,766422;"SPRF-DF";"DEL02-DF";"UOP01-DEL02-DF"
289274;2020-06-10;"quarta-feira";"14:30:00";"CE";116;436,1;"BARRO";"Defeito na Via";"Colisão com objeto estático";"Com Vítimas Feridas";"Pleno dia";"Decrescente";"Céu Claro";"Simples";"Reta";"Não";1;0;1;0;0;0;1;1;-7,01298642;-38,7563324;"SPRF-CE";"DEL05-CE";"UOP03-DEL05-CE"
289275;2020-06-10;"quarta-feira";"14:40:00";"ES";262;75,1;"MARECHAL FLORIANO";"Condutor Dormindo";"Saída de leito carroçável";"Com Vítimas Feridas";"Pleno dia";"Decrescente";"Céu Claro";"Simples";"Reta";"Sim";1;0;1;0;0;0;1;1;-20,41504648;-40,90256283;"SPRF-ES";"DEL01-ES";"UOP02-DEL01-ES"
289279;2020-06-10;"quarta-feira";"15:00:00";"SP";116;194;"SANTA ISABEL";"Falta de Atenção à Condução";"Colisão traseira";"Com Vítimas Feridas";"Pleno dia";"Crescente";"Nublado";"Dupla";"Reta";"Não";1;0;1;0;0;0;1;1;-23,38497189;-46,26686105;"SPRF-SP";"DEL02-SP";"UOP01-DEL02-SP"
289281;2020-06-10;"quarta-feira";"16:28:00";"PR";476;135,3;"CURITIBA";"Falta de Atenção à Condução";"Colisão traseira";"Com Vítimas Feridas";"Pleno dia";"Crescente";"Nublado";"Múltipla";"Reta";"Sim";2;0;1;0;1;0;1;2;-25,483786;-49,265808;"SPRF-PR";"DEL01-PR";"UOP03-DEL01-PR"
289282;2020-06-10;"quarta-feira";"16:00:00";"MG";116;682,7;"MIRADOURO";"Desobediência às normas de trânsito pelo condutor";"Colisão frontal";"Sem Vítimas";"Pleno dia";"Crescente";"Sol";"Simples";"Declive;Reta";"Não";3;0;0;0;3;0;0;2;-20,947291;-42,347175;"SPRF-MG";"DEL07-MG";"UOP02-DEL07-MG"
289284;2020-06-10;"quarta-feira";"16:30:00";"PR";476;154,5;"ARAUCARIA";"Falta de Atenção à Condução";"Colisão traseira";"Com Vítimas Feridas";"Pleno dia";"Decrescente";"Nublado";"Dupla";"Reta";"Sim";2;0;1;0;1;0;1;2;-25,584223;-49,401379;"SPRF-PR";"DEL01-PR";"UOP06-DEL01-PR"
289287;2020-06-10;"quarta-feira";"16:15:00";"PR";116;127;"FAZENDA RIO GRANDE";"Ingestão de Álcool";"Colisão lateral";"Sem Vítimas";"Pleno dia";"Decrescente";"Nublado";"Múltipla";"Reta";"Sim";2;0;0;0;2;0;0;2;-25,612752;-49,31859701;"SPRF-PR";"DEL01-PR";"UOP03-DEL01-PR"
289288;2020-06-10;"quarta-feira";"16:30:00";"PB";230;85,8;"CALDAS BRANDAO";"Velocidade Incompatível";"Saída de leito carroçável";"Com Vítimas Feridas";"Pleno dia";"Decrescente";"Chuva";"Dupla";"Reta";"Não";2;0;2;0;0;0;2;1;-7,16727405;-35,36420488;"SPRF-PB";"DEL01-PB";"UOP03-DEL01-PB"
289291;2020-06-10;"quarta-feira";"17:00:00";"PE";408;40;"ALIANCA";"Desobediência às normas de trânsito pelo condutor";"Colisão transversal";"Sem Vítimas";"Anoitecer";"Crescente";"Chuva";"Simples";"Reta";"Não";2;0;0;0;1;1;0;2;-7,64930515;-35,25214043;"SPRF-PE";"DEL01-PE";"UOP01-DEL01-PE"