"id";"data_inversa";"dia_semana";"horario";"uf";"br";"km";"municipio";"causa_acidente";"tipo_acidente";"classificacao_acidente";"fase_dia";"sentido_via";"condicao_metereologica";"tipo_pista";"tracado_via";"uso_solo";"pessoas";"mortos";"feridos_leves";"feridos_graves";"ilesos";"ignorados";"feridos";"veiculos";"latitude";"longitude";"regional";"delegacia";"uop"
289292;2020-06-10;"quarta-feira";"16:35:00";"PR";272;393;"FAROL";"Falta de Atenção à Condução";"Capotamento";"Com Vítimas Feridas";"Pleno dia";"Decrescente";"Chuva";"Simples";"Reta";"Não";2;0;0;1;0;1;1;2;-24,09240227;-52,65375316;"SPRF-PR";"DEL09-PR";"UOP03-DEL09-PR"
289294;2020-06-10;"quarta-feira";"17:10:00";"SP";153;62,1;"SAO JOSE DO RIO PRETO";"Não guardar distância de segurança";"Colisão traseira";"Com Vítimas Feridas";"Pleno dia";"Crescente";"Céu Claro";"Dupla";"Aclive";"Sim";2;0;1;0;0;1;1;2;-20,81325404;-49,35675563;"SPRF-SP";"DEL09-SP";"UOP01-DEL09-SP"
289295;2020-06-10;"quarta-feira";"17:20:00";"RS";285;118;"VACARIA";"Desobediência às normas de trânsito pelo condutor";"Colisão transversal";"Com Vítimas Feridas";"Pleno dia";"Crescente";"Nublado";"Simples";"Curva";"Não";2;0;0;1;0;1;1;2;-28,50771156;-50,91289759;"SPRF-RS";"DEL05-RS";"UOP03-DEL05-RS"
289296;2020-06-10;"quarta-feira";"17:15:00";"MG";381;490,2;"BETIM";"Desobediência às normas de trânsito pelo condutor";"Colisão lateral";"Com Vítimas Feridas";"Pleno dia";"Crescente";"Céu Claro";"Dupla";"Reta";"Sim";2;0;1;0;1;0;1;2;-19,96502819;-44,17422195;"SPRF-MG";"DEL01-MG";"UOP03-DEL01-MG"
289297;2020-06-10;"quarta-feira";"15:00:00";"RS";293;276,8;"DOM PEDRITO";"Animais na Pista";"Capotamento";"Com Vítimas Feridas";"Pleno dia";"Crescente";"Nublado";"Simples";"Reta";"Não";1;0;1;0;0;0;1;1;-30,87343175;-54,90594591;"SPRF-RS";"DEL11-RS";"UOP01-DEL11-RS"
289298;2020-06-10;"quarta-feira";"17:10:00";"SC";101;117,8;"ITAJAI";"Falta de Atenção à Condução";"Colisão transversal";"Com Vítimas Feridas";"Anoitecer";"Decrescente";"Chuva";"Dupla";"Reta";"Sim";2;0;1;0;1;0;1;2;-26,88747187;-48,72252969;"SPRF-SC";"DEL04-SC";"UOP04-DEL04-SC"
289299;2020-06-10;"quarta-feira";"16:30:00";"SP";116;222;"GUARULHOS";"Desobediência às normas de trânsito pelo condutor";"Colisão traseira";"Com Vítimas Feridas";"Anoitecer";"Decrescente";"Nublado";"Múltipla";"Reta";"Sim";4;0;2;0;1;1;2;3;-23,47093408;-46,51631097;"SPRF-SP";"DEL01-SP";"UOP01-DEL01-SP"
289300;2020-06-10;"quarta-feira";"17:00:00";"PB";230;18;"JOAO PESSOA";"Falta de Atenção à Condução";"Tombamento";"Com Vítimas Feridas";"Amanhecer";"Crescente";"Céu Claro";"Dupla";"Curva";"Não";1;0;1;0;0;0;1;1;-7,1198;-34,8453;"SPRF-PB";"DEL01-PB";"UOP01-DEL01-PB"
289301;2020-06-10;"quarta-feira";"15:45:00";"MT";163;848,7;"SINOP";"Falta de Atenção à Condução";"Colisão traseira";"Com Vítimas Feridas";"Pleno dia";"Crescente";"Céu Claro";"Simples";"Reta";"Não";3;0;3;0;0;0;3;2;-11,742494;-55,464302;"SPRF-MT";"DEL06-MT";"NPF/DEL06-MT"
289303;2020-06-10;"quarta-feira";"17:55:00";"SC";101;205;"SAO JOSE";"Pista Escorregadia";"Tombamento";"Com Vítimas Feridas";"Plena Noite";"Crescente";"Chuva";"Dupla";"Reta";"Não";1;0;1;0;0;0;1;1;-27,58313237;-48,61532885;"SPRF-SC";"DEL01-SC";"UOP01-DEL01-SC"
289306;2020-06-10;"quarta-feira";"17:55:00";"RN";101;104,5;"PARNAMIRIM";"Desobediência às normas de trânsito pelo condutor";"Colisão lateral";"Com Vítimas Feridas";"Anoitecer";"Crescente";"Céu Claro";"Dupla";"Reta";"Não";2;0;1;0;1;0;1;2;-5,892745;-35,257225;"SPRF-RN";"DEL01-RN";"UOP01-DEL01-RN"
289307;2020-06-10;"quarta-feira";"18:15:00";"PR";369;158,7;"CAMBE";"Falta de Atenção do Pedestre";"Atropelamento de Pedestre";"Com Vítimas Feridas";"Anoitecer";"Decrescente";"Céu Claro";"Dupla";"Curva;Declive";"Sim";2;0;0;1;1;0;1;2;-23,28554294;-51,23713374;"SPRF-PR";"DEL07-PR";"UOP01-DEL07-PR"
289308;2020-06-10;"quarta-feira";"17:50:00";"RJ";101;236;"SILVA JARDIM";"Ingestão de álcool e/ou substâncias psicoativas pelo pedestre";"Atropelamento de Pedestre";"Com Vítimas Feridas";"Anoitecer";"Crescente";"Céu Claro";"Dupla";"Desvio Temporário";"Sim";3;0;0;2;1;0;2;2;-22,6101379418;-42,4042740136;"SPRF-RJ";"DEL02-RJ";"UOP03-DEL02-RJ"
289311;2020-06-10;"quarta-feira";"18:20:00";"ES";101;292;"CARIACICA";"Falta de Atenção à Condução";"Colisão lateral";"Com Vítimas Feridas";"Plena Noite";"Decrescente";"Céu Claro";"Dupla";"Reta";"Sim";2;0;0;2;0;0;2;2;-20,30650512;-40,39488717;"SPRF-ES";"DEL01-ES";"UOP01-DEL01-ES"
289312;2020-06-10;"quarta-feira";"18:00:00";"GO";153;506,7;"APARECIDA DE GOIANIA";"Falta de Atenção à Condução";"Colisão traseira";"Com Vítimas Feridas";"Anoitecer";"Crescente";"Sol";"Múltipla";"Reta;Declive";"Sim";2;0;1;0;1;0;1;2;-16,7633;-49,24;"SPRF-GO";"DEL01-GO";"UOP01-DEL01-GO"
289313;2020-06-10;"quarta-feira";"18:20:00";"SP";116;185;"SANTA ISABEL";"Objeto estático sobre o leito carroçável";"Colisão traseira";"Com Vítimas Feridas";"Plena Noite";"Decrescente";"Céu Claro";"Dupla";"Declive";"Não";5;0;2;1;2;0;3;4;-23,35176424;-46,18966001;"SPRF-SP";"DEL02-SP";"UOP01-DEL02-SP"
289316;2020-06-10;"quarta-feira";"18:00:00";"PR";277;588,8;"CASCAVEL";"Falta de Atenção à Condução";"Colisão lateral";"Com Vítimas Feridas";"Plena Noite";"Crescente";"Céu Claro";"Simples";"Reta";"Sim";2;0;1;0;1;0;1;2;-24,97369293;-53,43816604;"SPRF-PR";"DEL04-PR";"UOP01-DEL04-PR"
289320;2020-06-10;"quarta-feira";"19:10:00";"PR";376;175,3;"MARINGA";"Desobediência às normas de trânsito pelo condutor";"Colisão traseira";"Com Vítimas Feridas";"Plena Noite";"Decrescente";"Céu Claro";"Dupla";"Reta";"Sim";2;0;1;0;1;0;1;2;-23,41344;-51,94754;"SPRF-PR";"DEL09-PR";"UOP01-DEL09-PR"
289325;2020-06-10;"quarta-feira";"18:40:00";"GO";153;505,3;"APARECIDA DE GOIANIA";"Não guardar distância de segurança";"Colisão traseira";"Com Vítimas Feridas";"Plena Noite";"Crescente";"Céu Claro";"Dupla";"Reta;Retorno Regulamentado";"Sim";2;0;0;1;0;1;1;2;-16,7537;-49,2411;"SPRF-GO";"DEL01-GO";"UOP01-DEL01-GO"
289326;2020-06-10;"quarta-feira";"18:50:00";"SP";116;149;"SAO JOSE DOS CAMPOS";"Restrição de Visibilidade";"Colisão traseira";"Com Vítimas Feridas";"Plena Noite";"Decrescente";"Nublado";"Múltipla";"Reta";"Sim";3;0;1;0;2;0;1;3;-23,20700047;-45,88626861;"SPRF-SP";"DEL02-SP";"UOP01-DEL02-SP"
289327;2020-06-10;"quarta-feira";"18:15:00";"MG";40;502,1;"ESMERALDAS";"Falta de Atenção do Pedestre";"Atropelamento de Pedestre";"Com Vítimas Feridas";"Plena Noite";"Decrescente";"Céu Claro";"Dupla";"Reta;Retorno Regulamentado";"Não";2;0;0;1;1;0;1;2;-19,71468715;-44,16028619;"SPRF-MG";"DEL02-MG";"UOP01-DEL02-MG"
289328;2020-06-10;"quarta-feira";"15:30:00";"SC";282;524;"XAXIM";"Velocidade Incompatível";"Saída de leito carroçável";"Sem Vítimas";"Pleno dia";"Crescente";"Chuva";"Simples";"Curva";"Sim";1;0;0;0;1;0;0;1;-26,965002;-52,557384;"SPRF-SC";"DEL07-SC";"UOP01-DEL07-SC"
289329;2020-06-10;"quarta-feira";"19:00:00";"RJ";493;105;"SEROPEDICA";"Defeito Mecânico no Veículo";"Capotamento";"Com Vítimas Feridas";"Plena Noite";"Decrescente";"Nublado";"Dupla";"Reta";"Não";1;0;1;0;0;0;1;1;-22,76513142;-43,73737693;"SPRF-RJ";"DEL03-RJ";"UOP01-DEL03-RJ"
289330;2020-06-10;"quarta-feira";"20:00:00";"SC";101;209;"SAO JOSE";"Não guardar distância de segurança";"Colisão traseira";"Com Vítimas Feridas";"Plena Noite";"Crescente";"Chuva";"Múltipla";"Reta";"Não";4;0;1;0;2;1;1;3;-27,61000542;-48,63895057;"SPRF-SC";"DEL01-SC";"UOP01-DEL01-SC"
289331;2020-06-10;"quarta-feira";"19:10:00";"AL";101;125;"SAO MIGUEL DOS CAMPOS";"Restrição de Visibilidade";"Queda de ocupante de veículo";"Com Vítimas Feridas";"Plena Noite";"Crescente";"Céu Claro";"Simples";"Em Obras";"Não";1;0;0;1;0;0;1;1;-9,71848502;-36,04687896;"SPRF-AL";"DEL02-AL";"UOP01-DEL02-AL"
289333;2020-06-10;"quarta-feira";"19:45:00";"PR";476;255,9;"SAO MATEUS DO SUL";"Restrição de Visibilidade";"Colisão com objeto estático";"Sem Vítimas";"Plena Noite";"Decrescente";"Chuva";"Múltipla";"Reta";"Não";2;0;0;0;2;0;0;1;-25,891479;-50,197521;"SPRF-PR";"DEL02-PR";"UOP04-DEL02-PR"
289335;2020-06-10;"quarta-feira";"19:00:00";"TO";242;462;"FORMOSO DO ARAGUAIA";"Desobediência às normas de trânsito pelo condutor";"Colisão transversal";"Com Vítimas Feridas";"Plena Noite";"Decrescente";"Céu Claro";"Simples";"Reta";"Não";2;0;1;1;0;0;2;2;-11,80179096;-49,609047;"SPRF-TO";"DEL01-TO";"UOP02-DEL01-TO"
289339;2020-06-10;"quarta-feira";"18:20:00";"ES";262;171,5;"IBATIBA";"Desobediência às normas de trânsito pelo condutor";"Colisão frontal";"Com Vítimas Feridas";"Plena Noite";"Crescente";"Céu Claro";"Simples";"Curva";"Não";2;0;0;1;1;0;1;2;-20,26348543;-41,59732819;"SPRF-ES";"DEL01-ES";"UOP02-DEL01-ES"
289340;2020-06-10;"quarta-feira";"19:40:00";"MG";40;448;"PARAOPEBA";"Falta de Atenção à Condução";"Saída de leito carroçável";"Com Vítimas Feridas";"Plena Noite";"Decrescente";"Céu Claro";"Simples";"Interseção de Vias";"Sim";2;0;1;0;1;0;1;1;-19,30086;-44,37734;"SPRF-MG";"DEL02-MG";"UOP01-DEL02-MG"
289341;2020-06-10;"quarta-feira";"19:50:00";"SP";116;146;"SAO JOSE DOS CAMPOS";"Falta de Atenção à Condução";"Engavetamento";"Com Vítimas Feridas";"Plena Noite";"Decrescente";"Céu Claro";"Múltipla";"Aclive";"Sim";4;0;1;0;3;0;1;4;-23,19122919;-45,86327591;"SPRF-SP";"DEL02-SP";"UOP01-DEL02-SP"
289342;2020-06-10;"quarta-feira";"20:15:00";"RS";386;351;"ESTRELA";"Objeto estático sobre o leito carroçável";"Colisão com objeto estático";"Com Vítimas Feridas";"Plena Noite";"Crescente";"Garoa/Chuvisco";"Dupla";"Reta";"Sim";3;0;1;0;2;0;1;3;-29,483124;-51,954472;"SPRF-RS";"DEL04-RS";"UOP02-DEL04-RS"
289343;2020-06-10;"quarta-feira";"20:40:00";"MG";262;477;"BOM DESPACHO";"Desobediência às normas de trânsito pelo condutor";"Colisão transversal";"Com Vítimas Feridas";"Plena Noite";"Decrescente";"Céu Claro";"Simples";"Interseção de Vias";"Não";2;0;0;1;1;0;1;2;-19,78350352;-45,26023865;"SPRF-MG";"DEL08-MG";"UOP03-DEL08-MG"
289347;2020-06-10;"quarta-feira";"19:00:00";"PR";369;188,2;"ARAPONGAS";"Falta de Atenção à Condução";"Colisão traseira";"Com Vítimas Feridas";"Plena Noite";"Decrescente";"Nublado";"Dupla";"Reta";"Sim";2;0;1;0;1;0;1;2;-23,435389;-51,421982;"SPRF-PR";"DEL07-PR";"UOP03-DEL07-PR"
289349;2020-06-10;"quarta-feira";"20:45:00";"RN";101;98;"NATAL";"Falta de Atenção à Condução";"Colisão traseira";"Com Vítimas Feridas";"Plena Noite";"Decrescente";"Chuva";"Múltipla";"Curva";"Sim";2;0;1;0;1;0;1;2;-5,86567888;-35,21651625;"SPRF-RN";"DEL01-RN";"UOP01-DEL01-RN"
289350;2020-06-10;"quarta-feira";"19:35:00";"SC";101;334;"TUBARAO";"Falta de Atenção à Condução";"Colisão traseira";"Sem Vítimas";"Plena Noite";"Crescente";"Chuva";"Dupla";"Aclive";"Sim";2;0;0;0;2;0;0;2;-28,46730446;-49,00604302;"SPRF-SC";"DEL02-SC";"UOP01-DEL02-SC"
289352;2020-06-10;"quarta-feira";"21:00:00";"SC";101;192,4;"BIGUACU";"Pista Escorregadia";"Colisão com objeto estático";"Com Vítimas Feridas";"Plena Noite";"Crescente";"Garoa/Chuvisco";"Múltipla";"Curva";"Sim";1;0;1;0;0;0;1;1;-27,48443781;-48,64765238;"SPRF-SC";"DEL01-SC";"UOP01-DEL01-SC"
289353;2020-06-10;"quarta-feira";"21:00:00";"DF";70;14;"BRASILIA";"Ingestão de Álcool";"Queda de ocupante de veículo";"Com Vítimas Feridas";"Plena Noite";"Crescente";"Nublado";"Dupla";"Reta";"Sim";1;0;1;0;0;0;1;1;-15,797312;-48,176056;"SPRF-DF";"DEL03-DF";"UOP02-DEL03-DF"
289354;2020-06-10;"quarta-feira";"19:00:00";"MA";10;244,2;"DAVINOPOLIS";"Restrição de Visibilidade";"Colisão traseira";"Com Vítimas Feridas";"Anoitecer";"Crescente";"Nublado";"Simples";"Reta";"Não";3;0;1;1;1;0;2;2;-5,596112;-47,42886;"SPRF-MA";"DEL04-MA";"UOP01-DEL04-MA"
289355;2020-06-10;"quarta-feira";"20:45:00";"GO";60;121;"TEREZOPOLIS DE GOIAS";"Falta de Atenção à Condução";"Saída de leito carroçável";"Sem Vítimas";"Plena Noite";"Crescente";"Céu Claro";"Dupla";"Retorno Regulamentado";"Não";1;0;0;0;1;0;0;1;-16,5044;-49,1128;"SPRF-GO";"DEL01-GO";"UOP01-DEL01-GO"
289356;2020-06-10;"quarta-feira";"21:00:00";"SP";116;231;"SAO PAULO";"Falta de Atenção do Pedestre";"Atropelamento de Pedestre";"Com Vítimas Feridas";"Plena Noite";"Decrescente";"Nublado";"Múltipla";"Declive";"Sim";2;0;1;0;1;0;1;2;-23,52744143;-46,58926368;"SPRF-SP";"DEL01-SP";"UOP01-DEL01-SP"
289357;2020-05-30;"sábado";"07:10:00";"PR";369;187,6;"ARAPONGAS";"Desobediência às normas de trânsito pelo condutor";"Colisão transversal";"Com Vítimas Feridas";"Pleno dia";"Decrescente";"Céu Claro";"Simples";"Reta";"Sim";2;0;1;0;1;0;1;2;-23,42882532;-51,42284989;"SPRF-PR";"DEL07-PR";"UOP03-DEL07-PR"
289358;2020-06-10;"quarta-feira";"21:35:00";"GO";153;72;"PORANGATU";"Falta de Atenção à Condução";"Colisão traseira";"Com Vítimas Fatais";"Plena Noite";"Decrescente";"Céu Claro";"Simples";"Reta";"Sim";2;1;0;0;1;0;0;2;-13,466893;-49,135838;"SPRF-GO";"DEL07-GO";"UOP01-DEL07-GO"
289363;2020-06-10;"quarta-feira";"21:40:00";"MG";262;437,5;"NOVA SERRANA";"Não guardar distância de segurança";"Colisão traseira";"Sem Vítimas";"Plena Noite";"Decrescente";"Vento";"Dupla";"Curva";"Não";2;0;0;0;1;1;0;2;-19,89622194;-44,86972815;"SPRF-MG";"DEL08-MG";"UOP03-DEL08-MG"
289365;2020-06-10;"quarta-feira";"15:00:00";"SC";280;278;"IRINEOPOLIS";"Velocidade Incompatível";"Capotamento";"Com Vítimas Feridas";"Pleno dia";"Decrescente";"Chuva";"Simples";"Curva";"Não";2;0;2;0;0;0;2;1;-26,2958523;-50,80924007;"SPRF-SC";"DEL06-SC";"UOP04-DEL06-SC"
289366;2020-06-10;"quarta-feira";"21:25:00";"PR";376;492;"PONTA GROSSA";"Ingestão de Álcool";"Colisão traseira";"Com Vítimas Feridas";"Plena Noite";"Crescente";"Nublado";"Dupla";"Reta";"Não";4;0;1;1;1;1;2;2;-25,11862111;-50,18580891;"SPRF-PR";"DEL03-PR";"UOP04-DEL03-PR"
289368;2020-06-10;"quarta-feira";"20:45:00";"SC";101;127;"ITAJAI";"Velocidade Incompatível";"Saída de leito carroçável";"Sem Vítimas";"Plena Noite";"Crescente";"Chuva";"Dupla";"Curva";"Não";1;0;0;0;0;1;0;1;-26,9639319;-48,68328024;"SPRF-SC";"DEL04-SC";"UOP04-DEL04-SC"
289370;2020-06-10;"quarta-feira";"21:40:00";"SC";101;129;"BALNEARIO CAMBORIU";"Falta de Atenção à Condução";"Capotamento";"Com Vítimas Feridas";"Plena Noite";"Decrescente";"Chuva";"Dupla";"Curva";"Não";2;0;2;0;0;0;2;1;-26,98064277;-48,6790679;"SPRF-SC";"DEL04-SC";"UOP03-DEL04-SC"
289371;2020-06-10;"quarta-feira";"18:20:00";"MG";262;89;"ABRE CAMPO";"Defeito Mecânico no Veículo";"Incêndio";"Sem Vítimas";"Plena Noite";"Decrescente";"Céu Claro";"Simples";"Reta";"Não";1;0;0;0;1;0;0;1;-20,33393613;-42,45649805;"SPRF-MG";"DEL03-MG";"UOP03-DEL03-MG"
289373;2020-06-09;"terça-feira";"06:50:00";"BA";330;788,5;"JEQUIE";"Desobediência às normas de trânsito pelo condutor";"Colisão frontal";"Com Vítimas Feridas";"Pleno dia";"Crescente";"Sol";"Simples";"Interseção de Vias";"Sim";2;0;0;1;1;0;1;2;-13,88803096;-40,02893197;"SPRF-BA";"DEL03-BA";"UOP01-DEL03-BA"
289375;2020-06-10;"quarta-feira";"21:20:00";"MS";267;65,2;"BATAGUASSU";"Animais na Pista";"Atropelamento de Animal";"Com Vítimas Feridas";"Plena Noite";"Decrescente";"Céu Claro";"Simples";"Declive";"Não";1;0;1;0;0;0;1;1;-21,85014027;-52,72231195;"SPRF-MS";"DEL02-MS";"UOP04-DEL02-MS"
289377;2020-06-10;"quarta-feira";"21:20:00";"SC";101;2;"GARUVA";"Falta de Atenção à Condução";"Colisão com objeto estático";"Com Vítimas Feridas";"Plena Noite";"Crescente";"Nublado";"Dupla";"Reta";"Não";1;0;1;0;0;0;1;1;-25,99699834;-48,87891655;"SPRF-SC";"DEL03-SC";"UOP01-DEL03-SC"
289378;2020-06-10;"quarta-feira";"22:00:00";"SP";116;220;"GUARULHOS";"Defeito Mecânico no Veículo";"Colisão traseira";"Com Vítimas Feridas";"Plena Noite";"Decrescente";"Céu Claro";"Múltipla";"Reta";"Sim";2;0;1;0;0;1;1;2;-23,46472809;-46,49793962;"SPRF-SP";"DEL01-SP";"UOP01-DEL01-SP"
289381;2020-06-11;"quinta-feira";"00:25:00";"RJ";116;120;"MAGE";"Falta de Atenção à Condução";"Colisão traseira";"Sem Vítimas";"Plena Noite";"Decrescente";"Nublado";"Múltipla";"Reta";"Sim";4;0;0;0;4;0;0;2;-22,62191389;-43,04363229;"SPRF-RJ";"DEL04-RJ";"UOP02-DEL04-RJ"
289382;2020-06-10;"quarta-feira";"23:25:00";"MT";163;916;"ITAUBA";"Falta de Atenção à Condução";"Tombamento";"Com Vítimas Feridas";"Plena Noite";"Decrescente";"Céu Claro";"Simples";"Reta";"Não";1;0;1;0;0;0;1;1;-11,17592184;-55,31094119;"SPRF-MT";"DEL06-MT";"NPF/DEL06-MT"
289383;2020-06-11;"quinta-feira";"00:30:00";"SC";101;115,7;"ITAJAI";"Ingestão de Álcool";"Saída de leito carroçável";"Sem Vítimas";"Plena Noite";"Decrescente";"Garoa/Chuvisco";"Dupla";"Reta";"Não";1;0;0;0;1;0;0;1;-26,87064015;-48,72954134;"SPRF-SC";"DEL04-SC";"UOP04-DEL04-SC"
289384;2020-06-10;"quarta-feira";"19:40:00";"RO";174;15;"VILHENA";"Falta de Atenção à Condução";"Colisão frontal";"Com Vítimas Feridas";"Plena Noite";"Crescente";"Céu Claro";"Simples";"Reta";"Sim";2;0;1;1;0;0;2;2;-12,723321;-60,12801;"SPRF-RO";"DEL04-RO";"UOP01-DEL04-RO"
289385;2020-06-10;"quarta-feira";"21:50:00";"BA";101;485;"ITAJUIPE";"Animais na Pista";"Atropelamento de Animal";"Sem Vítimas";"Plena Noite";"Crescente";"Nevoeiro/Neblina";"Simples";"Aclive;Reta";"Não";1;0;0;0;1;0;0;1;-14,70391216;-39,36367035;"SPRF-BA";"DEL05-BA";"UOP01-DEL05-BA"
289387;2020-06-11;"quinta-feira";"01:30:00";"RO";364;343;"JI-PARANA";"Desobediência às normas de trânsito pelo condutor";"Colisão transversal";"Com Vítimas Feridas";"Plena Noite";"Crescente";"Céu Claro";"Simples";"Interseção de Vias";"Sim";3;0;0;1;2;0;1;2;-10,87878519;-61,94499012;"SPRF-RO";"DEL02-RO";"UOP01-DEL02-RO"
289388;2020-06-11;"quinta-feira";"03:30:00";"MG";381;937;"EXTREMA";"Velocidade Incompatível";"Saída de leito carroçável";"Com Vítimas Feridas";"Plena Noite";"Decrescente";"Céu Claro";"Dupla";"Reta";"Não";2;0;2;0;0;0;2;1;-22,81170983;-46,28316879;"SPRF-MG";"DEL16-MG";"UOP03-DEL16-MG"
289390;2020-06-11;"quinta-feira";"05:00:00";"PR";376;529,4;"PONTA GROSSA";"Falta de Atenção à Condução";"Saída de leito carroçável";"Com Vítimas Feridas";"Plena Noite";"Decrescente";"Nublado";"Dupla";"Curva";"Não";1;0;1;0;0;0;1;1;-25,29098663;-49,90013131;"SPRF-PR";"DEL03-PR";"UOP04-DEL03-PR"
289394;2020-06-11;"quinta-feira";"05:50:00";"RS";116;148;"CAXIAS DO SUL";"Velocidade Incompatível";"Colisão com objeto estático";"Sem Vítimas";"Amanhecer";"Decrescente";"Nublado";"Dupla";"Curva";"Sim";1;0;0;0;0;1;0;1;-29,15444539;-51,15101681;"SPRF-RS";"DEL05-RS";"UOP01-DEL05-RS"
289396;2020-06-11;"quinta-feira";"04:50:00";"SC";101;152;"ITAPEMA";"Pista Escorregadia";"Colisão com objeto estático";"Com Vítimas Feridas";"Plena Noite";"Decrescente";"Nublado";"Simples";"Reta";"Sim";1;0;1;0;0;0;1;1;-27,13563503;-48,61004665;"SPRF-SC";"DEL04-SC";"UOP03-DEL04-SC"
289397;2020-06-11;"quinta-feira";"04:40:00";"SC";101;40;"JOINVILLE";"Ingestão de Álcool";"Colisão traseira";"Com Vítimas Feridas";"Plena Noite";"Crescente";"Garoa/Chuvisco";"Dupla";"Reta";"Sim";2;0;2;0;0;0;2;2;-26,27176094;-48,89468382;"SPRF-SC";"DEL03-SC";"UOP01-DEL03-SC"
289399;2020-06-11;"quinta-feira";"06:20:00";"GO";153;510,6;"APARECIDA DE GOIANIA";"Falta de Atenção à Condução";"Tombamento";"Com Vítimas Fatais";"Pleno dia";"Decrescente";"Céu Claro";"Dupla";"Reta";"Sim";2;1;0;0;0;1;0;2;-16,7977;-49,2386;"SPRF-GO";"DEL01-GO";"UOP03-DEL01-GO"
289400;2020-06-11;"quinta-feira";"06:45:00";"AP";210;1;"MACAPA";"Ingestão de Álcool";"Queda de ocupante de veículo";"Com Vítimas Feridas";"Amanhecer";"Decrescente";"Garoa/Chuvisco";"Múltipla";"Curva";"Sim";1;0;1;0;0;0;1;1;0,07816717;-51,06998693;"SPRF-AP";"DEL01-AP";"UOP01-DEL01-AP"
289401;2020-06-11;"quinta-feira";"06:40:00";"PR";277;5,3;"PARANAGUA";"Velocidade Incompatível";"Saída de leito carroçável";"Com Vítimas Fatais";"Amanhecer";"Decrescente";"Nublado";"Dupla";"Reta";"Sim";1;1;0;0;0;0;0;1;-25,55638024;-48,56609344;"SPRF-PR";"DEL01-PR";"UOP05-DEL01-PR"
289404;2020-06-11;"quinta-feira";"07:20:00";"MG";116;547,7;"SANTA BARBARA DO LESTE";"Condutor Dormindo";"Colisão frontal";"Com Vítimas Fatais";"Amanhecer";"Crescente";"Céu Claro";"Simples";"Curva";"Não";7;3;0;1;3;0;1;2;-19,94406896;-42,1320258;"SPRF-MG";"DEL06-MG";"UOP02-DEL06-MG"
289405;2020-06-12;"sexta-feira";"05:50:00";"ES";101;287;"CARIACICA";"Falta de Atenção à Condução";"Colisão com objeto estático";"Com Vítimas Feridas";"Pleno dia";"Decrescente";"Céu Claro";"Dupla";"Reta";"Sim";1;0;1;0;0;0;1;1;-20,26854339;-40,38881248;"SPRF-ES";"DEL01-ES";"UOP01-DEL01-ES"
289406;2020-06-10;"quarta-feira";"18:20:00";"ES";101;75;"SAO MATEUS";"Falta de Atenção à Condução";"Colisão lateral";"Com Vítimas Feridas";"Plena Noite";"Crescente";"Céu Claro";"Simples";"Reta";"Não";2;0;1;0;1;0;1;2;-18,78487912;-39,87911084;"SPRF-ES";"DEL04-ES";"UOP02-DEL04-ES"
289407;2020-06-11;"quinta-feira";"08:20:00";"MG";50;101;"UBERLANDIA";"Defeito Mecânico no Veículo";"Saída de leito carroçável";"Com Vítimas Feridas";"Pleno dia";"Decrescente";"Céu Claro";"Dupla";"Reta";"Não";2;0;2;0;0;0;2;1;-19,1360921;-48,17067835;"SPRF-MG";"DEL15-MG";"UOP01-DEL15-MG"
289410;2020-06-11;"quinta-feira";"08:30:00";"RS";158;294,2;"JULIO DE CASTILHOS";"Restrição de Visibilidade";"Colisão frontal";"Com Vítimas Feridas";"Pleno dia";"Crescente";"Nevoeiro/Neblina";"Simples";"Reta";"Não";4;0;1;2;0;1;3;3;-29,49907;-53,69462;"SPRF-RS";"DEL09-RS";"UOP01-DEL09-RS"
289411;2020-06-11;"quinta-feira";"08:00:00";"RJ";40;46;"PETROPOLIS";"Desobediência às normas de trânsito pelo condutor";"Colisão transversal";"Com Vítimas Feridas";"Pleno dia";"Crescente";"Céu Claro";"Múltipla";"Curva";"Não";2;0;0;1;1;0;1;2;-22,28561813;-43,12096273;"SPRF-RJ";"DEL05-RJ";"UOP02-DEL05-RJ"
289412;2020-06-11;"quinta-feira";"08:10:00";"SC";101;274;"IMBITUBA";"Desobediência às normas de trânsito pelo condutor";"Colisão lateral";"Com Vítimas Feridas";"Pleno dia";"Decrescente";"Nublado";"Dupla";"Reta";"Sim";4;0;2;0;1;1;2;2;-28,129852;-48,69322;"SPRF-SC";"DEL02-SC";"UOP03-DEL02-SC"
289416;2020-06-11;"quinta-feira";"09:00:00";"ES";101;234;"FUNDAO";"Falta de Atenção à Condução";"Tombamento";"Com Vítimas Feridas";"Pleno dia";"Crescente";"Céu Claro";"Dupla";"Reta";"Não";2;0;1;0;1;0;1;1;-19,96973516;-40,40766379;"SPRF-ES";"DEL02-ES";"UOP01-DEL02-ES"
289418;2020-06-11;"quinta-feira";"08:00:00";"RS";470;211;"BENTO GONCALVES";"Ingestão de Álcool";"Saída de leito carroçável";"Sem Vítimas";"Pleno dia";"Crescente";"Nublado";"Dupla";"Curva";"Não";2;0;0;0;1;1;0;1;-29,12453775;-51,54360394;"SPRF-RS";"DEL06-RS";"UOP01-DEL06-RS"