"id";"data_inversa";"dia_semana";"horario";"uf";"br";"km";"municipio";"causa_acidente";"tipo_acidente";"classificacao_acidente";"fase_dia";"sentido_via";"condicao_metereologica";"tipo_pista";"tracado_via";"uso_solo";"pessoas";"mortos";"feridos_leves";"feridos_graves";"ilesos";"ignorados";"feridos";"veiculos";"latitude";"longitude";"regional";"delegacia";"uop"
289422;2020-06-11;"quinta-feira";"10:10:00";"MG";40;611,7;"CONGONHAS";"Velocidade Incompatível";"Colisão com objeto estático";"Com Vítimas Feridas";"Pleno dia";"Crescente";"Céu Claro";"Simples";"Reta";"Sim";4;0;3;0;1;0;3;1;-20,51043545;-43,84039195;"SPRF-MG";"DEL05-MG";"UOP02-DEL05-MG"
289424;2020-06-11;"quinta-feira";"10:00:00";"SC";101;151,5;"ITAPEMA";"Desobediência às normas de trânsito pelo condutor";"Colisão transversal";"Com Vítimas Feridas";"Pleno dia";"Decrescente";"Céu Claro";"Simples";"Reta";"Sim";3;0;1;0;2;0;1;2;-27,126536;-48,609642;"SPRF-SC";"DEL04-SC";"UOP03-DEL04-SC"
289426;2020-06-11;"quinta-feira";"08:30:00";"PI";343;306;"ALTOS";"Falta de Atenção à Condução";"Tombamento";"Com Vítimas Feridas";"Pleno dia";"Decrescente";"Céu Claro";"Simples";"Reta";"Sim";2;0;0;1;1;0;1;2;-5,03974039;-42,46098608;"SPRF-PI";"DEL01-PI";"UOP01-DEL01-PI"
289427;2020-06-11;"quinta-feira";"09:40:00";"MS";262;489,8;"ANASTACIO";"Velocidade Incompatível";"Saída de leito carroçável";"Sem Vítimas";"Pleno dia";"Decrescente";"Céu Claro";"Simples";"Rotatória";"Sim";2;0;0;0;2;0;0;1;-20,49972653;-55,80613009;"SPRF-MS";"DEL03-MS";"UOP01-DEL03-MS"
289429;2020-06-11;"quinta-feira";"03:00:00";"RR";432;201;"CANTA";"Defeito Mecânico no Veículo";"Saída de leito carroçável";"Com Vítimas Feridas";"Pleno dia";"Crescente";"Nublado";"Simples";"Reta";"Não";4;0;4;0;0;0;4;1;2,69243392;-60,60561614;"SPRF-RR";"DEL01-RR";"UOP01-DEL01-RR"
289431;2020-06-11;"quinta-feira";"10:30:00";"ES";101;282,5;"CARIACICA";"Desobediência às normas de trânsito pelo condutor";"Colisão frontal";"Com Vítimas Feridas";"Pleno dia";"Crescente";"Sol";"Múltipla";"Curva";"Não";2;0;0;1;1;0;1;2;-20,23083107;-40,36711049;"SPRF-ES";"DEL01-ES";"UOP01-DEL01-ES"
289433;2020-06-11;"quinta-feira";"09:15:00";"RJ";101;297;"ITABORAI";"Falta de Atenção à Condução";"Tombamento";"Com Vítimas Feridas";"Pleno dia";"Crescente";"Céu Claro";"Simples";"Reta";"Sim";1;0;1;0;0;0;1;1;-22,76942037;-42,91873581;"SPRF-RJ";"DEL02-RJ";"UOP02-DEL02-RJ"
289434;2020-06-11;"quinta-feira";"10:20:00";"SP";116;230,8;"GUARULHOS";"Falta de Atenção à Condução";"Colisão traseira";"Com Vítimas Feridas";"Pleno dia";"Decrescente";"Céu Claro";"Múltipla";"Reta";"Sim";2;0;1;0;1;0;1;2;-23,52487123;-46,58697784;"SPRF-SP";"DEL01-SP";"UOP01-DEL01-SP"
289436;2020-06-11;"quinta-feira";"10:56:00";"PE";101;103;"CABO DE SANTO AGOSTINHO";"Não guardar distância de segurança";"Saída de leito carroçável";"Com Vítimas Feridas";"Pleno dia";"Decrescente";"Chuva";"Dupla";"Reta";"Sim";3;0;1;1;1;0;2;2;-8,29241321;-35,05598304;"SPRF-PE";"DEL01-PE";"UOP03-DEL01-PE"
289438;2020-06-11;"quinta-feira";"11:35:00";"GO";153;506,8;"APARECIDA DE GOIANIA";"Objeto estático sobre o leito carroçável";"Colisão com objeto estático";"Com Vítimas Feridas";"Pleno dia";"Decrescente";"Céu Claro";"Múltipla";"Reta";"Não";2;0;1;0;1;0;1;2;-16,76010685;-49,24034379;"SPRF-GO";"DEL01-GO";"UOP01-DEL01-GO"
289439;2020-06-11;"quinta-feira";"11:25:00";"PB";230;502;"CAJAZEIRAS";"Animais na Pista";"Atropelamento de Animal";"Com Vítimas Feridas";"Pleno dia";"Crescente";"Céu Claro";"Simples";"Reta";"Sim";1;0;1;0;0;0;1;1;-6,8979;-38,5233;"SPRF-PB";"DEL03-PB";"UOP03-DEL03-PB"
289440;2020-06-11;"quinta-feira";"09:00:00";"ES";101;117;"SOORETAMA";"Mal Súbito";"Saída de leito carroçável";"Com Vítimas Feridas";"Pleno dia";"Decrescente";"Céu Claro";"Simples";"Reta";"Não";1;0;1;0;0;0;1;1;-19,11932808;-40,06302982;"SPRF-ES";"DEL04-ES";"UOP01-DEL04-ES"
289441;2020-06-11;"quinta-feira";"10:45:00";"MT";163;816,9;"SINOP";"Falta de Atenção à Condução";"Colisão transversal";"Com Vítimas Feridas";"Pleno dia";"Crescente";"Céu Claro";"Simples";"Reta";"Não";2;0;2;0;0;0;2;2;-12,02207;-55,51736;"SPRF-MT";"DEL06-MT";"UOP01-DEL06-MT"
289442;2020-06-11;"quinta-feira";"12:15:00";"GO";40;72,5;"CRISTALINA";"Condutor Dormindo";"Saída de leito carroçável";"Com Vítimas Feridas";"Pleno dia";"Crescente";"Céu Claro";"Dupla";"Reta";"Não";1;0;1;0;0;0;1;1;-16,615897;-47,756002;"SPRF-DF";"DEL01-DF";"UOP02-DEL01-DF"
289443;2020-06-11;"quinta-feira";"10:20:00";"PR";277;727,2;"FOZ DO IGUACU";"Mal Súbito";"Queda de ocupante de veículo";"Com Vítimas Feridas";"Pleno dia";"Crescente";"Céu Claro";"Dupla";"Reta";"Sim";1;0;0;1;0;0;1;1;-25,51017487;-54,56454899;"SPRF-PR";"DEL05-PR";"UOP03-DEL05-PR"
289444;2020-06-11;"quinta-feira";"12:50:00";"GO";153;541,5;"HIDROLANDIA";"Desobediência às normas de trânsito pelo condutor";"Colisão transversal";"Com Vítimas Feridas";"Pleno dia";"Decrescente";"Céu Claro";"Dupla";"Reta";"Não";3;0;0;1;1;1;1;3;-17,0648;-49,2252;"SPRF-GO";"DEL01-GO";"UOP03-DEL01-GO"
289445;2020-06-11;"quinta-feira";"12:05:00";"SC";470;55,8;"BLUMENAU";"Desobediência às normas de trânsito pelo pedestre";"Colisão lateral";"Com Vítimas Feridas";"Pleno dia";"Crescente";"Nublado";"Simples";"Reta";"Sim";3;0;2;0;1;0;2;2;-26,875601;-49,117992;"SPRF-SC";"DEL04-SC";"UOP01-DEL04-SC"
289447;2020-06-11;"quinta-feira";"12:50:00";"PE";104;31;"TORITAMA";"Desobediência às normas de trânsito pelo condutor";"Colisão lateral";"Com Vítimas Feridas";"Pleno dia";"Decrescente";"Nublado";"Simples";"Curva";"Não";2;0;1;0;0;1;1;2;-8,0208;-36,0528;"SPRF-PE";"DEL02-PE";"UOP01-DEL02-PE"
289448;2020-06-11;"quinta-feira";"05:20:00";"AM";319;65;"CAREIRO";"Animais na Pista";"Atropelamento de Animal";"Com Vítimas Feridas";"Pleno dia";"Decrescente";"Céu Claro";"Simples";"Reta";"Não";2;0;1;0;1;0;1;1;-3,4849989;-60,1083001;"SPRF-AM";"DEL01-AM";"UOP04-DEL01-AM"
289449;2020-06-11;"quinta-feira";"01:30:00";"PR";163;320,3;"GUAIRA";"Velocidade Incompatível";"Saída de leito carroçável";"Com Vítimas Feridas";"Plena Noite";"Crescente";"Céu Claro";"Simples";"Interseção de Vias";"Não";1;0;1;0;0;0;1;1;-24,34461516;-54,15033631;"SPRF-PR";"DEL06-PR";"UOP01-DEL06-PR"
289450;2020-06-11;"quinta-feira";"12:00:00";"PB";230;331;"PATOS";"Falta de Atenção à Condução";"Saída de leito carroçável";"Com Vítimas Feridas";"Pleno dia";"Crescente";"Céu Claro";"Simples";"Reta";"Não";1;0;1;0;0;0;1;1;-7,0207;-37,2309;"SPRF-PB";"DEL03-PB";"UOP01-DEL03-PB"
289451;2020-06-11;"quinta-feira";"12:50:00";"MG";262;497,7;"MOEMA";"Ultrapassagem Indevida";"Saída de leito carroçável";"Com Vítimas Fatais";"Pleno dia";"Decrescente";"Céu Claro";"Simples";"Reta";"Não";1;1;0;0;0;0;0;1;-19,7847365;-45,40822903;"SPRF-MG";"DEL08-MG";"UOP03-DEL08-MG"
289453;2020-06-11;"quinta-feira";"08:40:00";"SC";101;314;"LAGUNA";"Ingestão de Álcool";"Colisão frontal";"Com Vítimas Fatais";"Pleno dia";"Crescente";"Nublado";"Simples";"Curva";"Sim";2;1;0;0;1;0;0;2;-28,42884521;-48,8502574;"SPRF-SC";"DEL02-SC";"UOP01-DEL02-SC"
289455;2020-06-11;"quinta-feira";"13:45:00";"SP";153;58,5;"SAO JOSE DO RIO PRETO";"Pista Escorregadia";"Tombamento";"Com Vítimas Feridas";"Pleno dia";"Decrescente";"Céu Claro";"Simples";"Reta";"Sim";1;0;1;0;0;0;1;1;-20,77838195;-49,35300538;"SPRF-SP";"DEL09-SP";"UOP01-DEL09-SP"
289456;2020-06-11;"quinta-feira";"13:30:00";"PR";369;195,4;"ARAPONGAS";"Falta de Atenção à Condução";"Colisão com objeto estático";"Com Vítimas Feridas";"Pleno dia";"Decrescente";"Céu Claro";"Dupla";"Reta";"Não";2;0;0;1;1;0;1;2;-23,4996;-51,4236;"SPRF-PR";"DEL07-PR";"UOP03-DEL07-PR"
289457;2020-06-11;"quinta-feira";"07:00:00";"AM";317;503;"BOCA DO ACRE";"Falta de Atenção à Condução";"Colisão transversal";"Com Vítimas Feridas";"Pleno dia";"Crescente";"Céu Claro";"Simples";"Curva";"Não";2;0;1;0;1;0;1;2;-9,46574206;-67,28807312;"SPRF-AC";"DEL01-AC";"UOP01-DEL01-AC"
289461;2020-06-11;"quinta-feira";"14:25:00";"SP";153;58,4;"SAO JOSE DO RIO PRETO";"Pista Escorregadia";"Tombamento";"Com Vítimas Feridas";"Pleno dia";"Decrescente";"Céu Claro";"Dupla";"Reta";"Sim";4;0;4;0;0;0;4;2;-20,77838195;-49,35300538;"SPRF-SP";"DEL09-SP";"UOP01-DEL09-SP"
289462;2020-04-04;"sábado";"15:33:00";"RN";304;46,5;"MOSSORO";"Velocidade Incompatível";"Tombamento";"Com Vítimas Feridas";"Pleno dia";"Decrescente";"Chuva";"Dupla";"Retorno Regulamentado";"Sim";3;0;0;1;0;2;1;2;-5,22582675;-37,33532321;"SPRF-RN";"DEL04-RN";"UOP01-DEL04-RN"
289463;2020-06-11;"quinta-feira";"15:03:00";"MG";262;29;"REDUTO";"Falta de Atenção à Condução";"Colisão lateral";"Com Vítimas Feridas";"Pleno dia";"Decrescente";"Céu Claro";"Simples";"Rotatória";"Não";4;0;3;0;1;0;3;2;-20,247223;-41,982025;"SPRF-MG";"DEL06-MG";"UOP03-DEL06-MG"
289466;2020-06-11;"quinta-feira";"14:30:00";"PR";277;421,9;"CANTAGALO";"Desobediência às normas de trânsito pelo condutor";"Colisão transversal";"Com Vítimas Feridas";"Pleno dia";"Crescente";"Sol";"Simples";"Interseção de Vias";"Sim";3;0;1;0;2;0;1;2;-25,40516876;-52,09591501;"SPRF-PR";"DEL04-PR";"UOP02-DEL04-PR"
289467;2020-06-11;"quinta-feira";"15:30:00";"DF";20;26;"BRASILIA";"Desobediência às normas de trânsito pelo condutor";"Saída de leito carroçável";"Com Vítimas Feridas";"Pleno dia";"Crescente";"Céu Claro";"Dupla";"Reta";"Não";3;0;2;0;1;0;2;1;-15,596223;-47,640285;"SPRF-DF";"DEL02-DF";"UOP01-DEL02-DF"
289470;2020-06-11;"quinta-feira";"15:30:00";"MG";381;496;"BETIM";"Falta de Atenção do Pedestre";"Atropelamento de Pedestre";"Com Vítimas Feridas";"Pleno dia";"Decrescente";"Céu Claro";"Dupla";"Reta";"Sim";2;0;1;0;1;0;1;2;-19,97535207;-44,19331275;"SPRF-MG";"DEL01-MG";"UOP03-DEL01-MG"
289472;2020-06-11;"quinta-feira";"15:00:00";"PR";376;375;"ORTIGUEIRA";"Falta de Atenção do Pedestre";"Atropelamento de Pedestre";"Com Vítimas Fatais";"Pleno dia";"Decrescente";"Céu Claro";"Simples";"Curva";"Não";4;1;0;0;2;1;0;2;-24,41657128;-50,78151322;"SPRF-PR";"DEL03-PR";"UOP02-DEL03-PR"
289473;2020-06-11;"quinta-feira";"16:30:00";"MG";40;446,4;"PARAOPEBA";"Falta de Atenção à Condução";"Tombamento";"Sem Vítimas";"Pleno dia";"Decrescente";"Céu Claro";"Dupla";"Reta;Aclive";"Sim";2;0;0;0;2;0;0;1;-19,28984;-44,388797;"SPRF-MG";"DEL02-MG";"UOP01-DEL02-MG"
289474;2020-06-11;"quinta-feira";"16:00:00";"MS";163;253,5;"DOURADOS";"Falta de Atenção à Condução";"Tombamento";"Com Vítimas Feridas";"Pleno dia";"Decrescente";"Céu Claro";"Dupla";"Reta";"Sim";2;0;2;0;0;0;2;1;-22,27885392;-54,82235352;"SPRF-MS";"DEL04-MS";"UOP01-DEL04-MS"
289475;2020-06-11;"quinta-feira";"17:05:00";"SC";101;208;"SAO JOSE";"Falta de Atenção à Condução";"Colisão traseira";"Com Vítimas Feridas";"Pleno dia";"Decrescente";"Céu Claro";"Múltipla";"Reta";"Sim";3;0;1;0;1;1;1;3;-27,60327979;-48,63201818;"SPRF-SC";"DEL01-SC";"UOP01-DEL01-SC"
289476;2020-06-11;"quinta-feira";"15:10:00";"AC";364;128;"RIO BRANCO";"Defeito Mecânico no Veículo";"Queda de ocupante de veículo";"Com Vítimas Feridas";"Pleno dia";"Crescente";"Céu Claro";"Dupla";"Reta";"Sim";1;0;1;0;0;0;1;1;-10,02644375;-67,8206882;"SPRF-AC";"DEL01-AC";"UOP01-DEL01-AC"
289477;2020-06-11;"quinta-feira";"16:55:00";"SC";282;23,5;"PALHOCA";"Falta de Atenção à Condução";"Colisão transversal";"Sem Vítimas";"Pleno dia";"Decrescente";"Céu Claro";"Simples";"Reta";"Sim";2;0;0;0;2;0;0;2;-27,687958;-48,736794;"SPRF-SC";"DEL01-SC";"UOP03-DEL01-SC"
289479;2020-06-11;"quinta-feira";"17:08:00";"PR";369;201;"APUCARANA";"Falta de Atenção à Condução";"Colisão traseira";"Com Vítimas Feridas";"Anoitecer";"Decrescente";"Céu Claro";"Simples";"Reta";"Sim";2;0;0;1;1;0;1;2;-23,5374;-51,4568;"SPRF-PR";"DEL07-PR";"UOP03-DEL07-PR"
289480;2020-06-11;"quinta-feira";"17:25:00";"RJ";101;62;"CAMPOS DOS GOYTACAZES";"Desobediência às normas de trânsito pelo condutor";"Atropelamento de Pedestre";"Com Vítimas Feridas";"Anoitecer";"Decrescente";"Céu Claro";"Simples";"Reta";"Sim";2;0;1;1;0;0;2;2;-21,73473386;-41,32504025;"SPRF-RJ";"DEL08-RJ";"UOP01-DEL08-RJ"
289482;2020-06-11;"quinta-feira";"15:30:00";"SP";116;269,9;"TABOAO DA SERRA";"Falta de Atenção à Condução";"Colisão lateral";"Com Vítimas Feridas";"Pleno dia";"Decrescente";"Céu Claro";"Dupla";"Reta";"Sim";2;0;1;0;1;0;1;1;-23,61593059;-46,78826044;"SPRF-SP";"DEL04-SP";"UOP01-DEL04-SP"
289483;2020-06-11;"quinta-feira";"18:00:00";"PE";232;75,9;"GRAVATA";"Objeto estático sobre o leito carroçável";"Colisão com objeto estático";"Com Vítimas Feridas";"Plena Noite";"Crescente";"Céu Claro";"Dupla";"Reta";"Sim";8;0;1;1;6;0;2;5;-8,19541469;-35,53424693;"SPRF-PE";"DEL02-PE";"UOP02-DEL02PE"
289484;2020-06-11;"quinta-feira";"17:30:00";"PR";277;94,9;"CURITIBA";"Falta de Atenção à Condução";"Colisão lateral";"Com Vítimas Feridas";"Anoitecer";"Decrescente";"Nublado";"Dupla";"Curva";"Sim";2;0;1;0;1;0;1;2;-25,55282988;-49,27722493;"SPRF-PR";"DEL01-PR";"UOP06-DEL01-PR"
289485;2020-06-11;"quinta-feira";"17:15:00";"MG";262;50,8;"MANHUACU";"Falta de Atenção à Condução";"Colisão lateral";"Com Vítimas Feridas";"Pleno dia";"Decrescente";"Céu Claro";"Simples";"Reta";"Sim";3;0;2;0;1;0;2;2;-20,2428055;-42,13652397;"SPRF-MG";"DEL06-MG";"UOP03-DEL06-MG"
289486;2020-06-11;"quinta-feira";"17:29:00";"MG";262;34;"MANHUACU";"Desobediência às normas de trânsito pelo condutor";"Colisão lateral";"Com Vítimas Feridas";"Anoitecer";"Crescente";"Nublado";"Simples";"Rotatória";"Sim";3;0;2;0;1;0;2;2;-20,25796524;-42,02453082;"SPRF-MG";"DEL06-MG";"UOP03-DEL06-MG"
289489;2020-06-11;"quinta-feira";"18:15:00";"RS";116;245;"SAO LEOPOLDO";"Falta de Atenção à Condução";"Colisão transversal";"Com Vítimas Feridas";"Plena Noite";"Crescente";"Céu Claro";"Simples";"Rotatória";"Sim";2;0;1;0;1;0;1;2;-29,74980902;-51,15125361;"SPRF-RS";"DEL01-RS";"UOP02-DEL01-RS"
289490;2020-06-11;"quinta-feira";"16:35:00";"BA";418;89;"NOVA VICOSA";"Falta de Atenção à Condução";"Colisão transversal";"Com Vítimas Feridas";"Pleno dia";"Crescente";"Céu Claro";"Simples";"Reta";"Não";4;0;4;0;0;0;4;2;-17,882275;-39,85707;"SPRF-BA";"DEL09-BA";"UOP02-DEL09-BA"
289491;2020-06-11;"quinta-feira";"18:05:00";"PE";232;405,4;"SERRA TALHADA";"Animais na Pista";"Atropelamento de Animal";"Com Vítimas Feridas";"Plena Noite";"Crescente";"Céu Claro";"Simples";"Reta";"Não";1;0;1;0;0;0;1;1;-7,98895584;-38,25355016;"SPRF-PE";"DEL04-PE";"UOP01-DEL04-PE"
289492;2020-05-30;"sábado";"23:00:00";"PR";163;138;"CAPITAO LEONIDAS MARQUES";"Defeito na Via";"Saída de leito carroçável";"Com Vítimas Feridas";"Plena Noite";"Crescente";"Ignorado";"Simples";"Reta";"Sim";2;0;1;0;1;0;1;1;-25,49410785;-53,59922647;"SPRF-PR";"DEL05-PR";"UOP05-DEL05-PR"
289493;2020-06-11;"quinta-feira";"18:30:00";"PE";232;10,9;"JABOATAO DOS GUARARAPES";"Não guardar distância de segurança";"Colisão traseira";"Com Vítimas Feridas";"Plena Noite";"Crescente";"Céu Claro";"Simples";"Reta";"Não";3;0;2;0;1;0;2;2;-8,079049;-34,990254;"SPRF-PE";"DEL01-PE";"UOP01-DEL01-PE"
289494;2020-06-11;"quinta-feira";"18:00:00";"SP";116;214;"GUARULHOS";"Ultrapassagem Indevida";"Colisão traseira";"Com Vítimas Feridas";"Anoitecer";"Crescente";"Céu Claro";"Múltipla";"Reta";"Sim";3;0;2;0;0;1;2;2;-23,44333014;-46,44531294;"SPRF-SP";"DEL01-SP";"UOP01-DEL01-SP"
289495;2020-06-11;"quinta-feira";"15:10:00";"RJ";116;24;"SAPUCAIA";"Falta de Atenção à Condução";"Colisão transversal";"Com Vítimas Feridas";"Pleno dia";"Decrescente";"Céu Claro";"Simples";"Reta";"Não";4;0;3;0;1;0;3;2;-22,03064831;-42,77714236;"SPRF-RJ";"DEL04-RJ";"UOP01-DEL04-RJ"
289496;2020-06-11;"quinta-feira";"17:30:00";"RO";364;353;"JI-PARANA";"Defeito na Via";"Queda de ocupante de veículo";"Com Vítimas Feridas";"Pleno dia";"Decrescente";"Céu Claro";"Simples";"Aclive";"Não";1;0;1;0;0;0;1;1;-10,81439133;-62,01844085;"SPRF-RO";"DEL02-RO";"UOP01-DEL02-RO"
289499;2020-06-11;"quinta-feira";"19:06:00";"RJ";101;263,8;"RIO BONITO";"Desobediência às normas de trânsito pelo condutor";"Atropelamento de Pedestre";"Com Vítimas Feridas";"Plena Noite";"Decrescente";"Céu Claro";"Dupla";"Reta";"Sim";2;0;0;1;0;1;1;2;-22,71887266;-42,62637498;"SPRF-RJ";"DEL02-RJ";"UOP03-DEL02-RJ"
289500;2020-06-11;"quinta-feira";"17:50:00";"RN";101;82,1;"SAO GONCALO DO AMARANTE";"Falta de Atenção à Condução";"Atropelamento de Pedestre";"Com Vítimas Feridas";"Plena Noite";"Crescente";"Sol";"Dupla";"Reta";"Sim";2;0;1;1;0;0;2;2;-5,76798976;-35,27465343;"SPRF-RN";"DEL02-RN";"UOP01-DEL02-RN"
289501;2020-06-11;"quinta-feira";"19:10:00";"RN";304;35;"MOSSORO";"Defeito na Via";"Queda de ocupante de veículo";"Com Vítimas Feridas";"Plena Noite";"Crescente";"Céu Claro";"Dupla";"Reta";"Não";1;0;1;0;0;0;1;1;-5,16149497;-37,35068212;"SPRF-RN";"DEL04-RN";"UOP02-DEL04-RN"
289502;2020-06-11;"quinta-feira";"19:20:00";"PR";376;9,1;"MARINGA";"Falta de Atenção à Condução";"Colisão com objeto estático";"Com Vítimas Feridas";"Plena Noite";"Decrescente";"Céu Claro";"Dupla";"Reta";"Não";1;0;1;0;0;0;1;1;-23,377336;-51,916311;"SPRF-PR";"DEL09-PR";"UOP01-DEL09-PR"
289504;2020-06-11;"quinta-feira";"18:20:00";"PR";476;159;"ARAUCARIA";"Falta de Atenção à Condução";"Colisão transversal";"Com Vítimas Feridas";"Plena Noite";"Decrescente";"Nublado";"Simples";"Reta";"Sim";3;0;2;1;0;0;3;2;-25,617157;-49,43169;"SPRF-PR";"DEL01-PR";"UOP06-DEL01-PR"
289505;2020-06-11;"quinta-feira";"16:59:00";"SP";116;146,8;"SAO JOSE DOS CAMPOS";"Velocidade Incompatível";"Saída de leito carroçável";"Sem Vítimas";"Pleno dia";"Decrescente";"Sol";"Simples";"Curva";"Não";1;0;0;0;1;0;0;1;-23,19122919;-45,86327591;"SPRF-SP";"DEL02-SP";"UOP01-DEL02-SP"
289506;2020-05-14;"quinta-feira";"09:15:00";"SC";280;55,5;"GUARAMIRIM";"Defeito na Via";"Tombamento";"Com Vítimas Feridas";"Pleno dia";"Crescente";"Ignorado";"Simples";"Rotatória";"Não";1;0;1;0;0;0;1;1;-26,47910111;-49,00125504;"SPRF-SC";"DEL03-SC";"UOP03-DEL03-SC"
289507;2020-06-11;"quinta-feira";"17:20:00";"MA";316;262,2;"SANTA INES";"Desobediência às normas de trânsito pelo condutor";"Colisão transversal";"Com Vítimas Feridas";"Pleno dia";"Crescente";"Céu Claro";"Simples";"Reta";"Sim";2;0;2;0;0;0;2;2;-3,675505;-45,380474;"SPRF-MA";"DEL02-MA";"UOP01-DEL02-MA"
289508;2020-06-11;"quinta-feira";"19:20:00";"SC";101;333,7;"TUBARAO";"Falta de Atenção à Condução";"Colisão transversal";"Com Vítimas Feridas";"Plena Noite";"Decrescente";"Céu Claro";"Dupla";"Rotatória";"Sim";2;0;1;0;1;0;1;2;-28,46970989;-49,0150094;"SPRF-SC";"DEL02-SC";"UOP01-DEL02-SC"
289509;2020-06-11;"quinta-feira";"19:44:00";"CE";20;403,8;"CAUCAIA";"Animais na Pista";"Atropelamento de Animal";"Sem Vítimas";"Plena Noite";"Crescente";"Nublado";"Simples";"Reta";"Não";1;0;0;0;1;0;0;1;-3,78330069;-38,69351522;"SPRF-CE";"DEL01-CE";"UOP01-DEL01-CE"
289511;2020-06-11;"quinta-feira";"19:16:00";"RJ";101;263,8;"RIO BONITO";"Sinalização da via insuficiente ou inadequada";"Colisão traseira";"Com Vítimas Feridas";"Plena Noite";"Decrescente";"Céu Claro";"Dupla";"Reta";"Sim";2;0;0;1;0;1;1;2;-22,71887266;-42,62637498;"SPRF-RJ";"DEL02-RJ";"UOP03-DEL02-RJ"
289512;2020-06-11;"quinta-feira";"19:30:00";"PA";316;63;"CASTANHAL";"Ingestão de Álcool";"Colisão traseira";"Sem Vítimas";"Plena Noite";"Crescente";"Céu Claro";"Dupla";"Reta";"Sim";2;0;0;0;2;0;0;2;-1,29679363;-47,92878096;"SPRF-PA";"DEL01-PA";"UOP01-DEL01-PA"
289514;2020-03-15;"domingo";"06:20:00";"PA";230;92;"SAO JOAO DO ARAGUAIA";"Desobediência às normas de trânsito pelo condutor";"Colisão frontal";"Com Vítimas Fatais";"Amanhecer";"Decrescente";"Chuva";"Simples";"Reta";"Não";4;1;1;0;0;2;1;3;-5,45190108;-48,89450606;"SPRF-PA";"DEL03-PA";"UOP01-DEL03-PA"
289517;2020-06-11;"quinta-feira";"19:50:00";"PI";135;349;"BOM JESUS";"Restrição de Visibilidade";"Atropelamento de Animal";"Com Vítimas Feridas";"Plena Noite";"Decrescente";"Céu Claro";"Simples";"Reta";"Não";1;0;1;0;0;0;1;1;-9,07187442;-44,33025865;"SPRF-PI";"DEL03-PI";"UOP02-DEL03-PI"
289518;2020-06-11;"quinta-feira";"19:45:00";"MA";222;680;"ACAILANDIA";"Ultrapassagem Indevida";"Colisão lateral";"Com Vítimas Feridas";"Plena Noite";"Crescente";"Céu Claro";"Simples";"Reta";"Sim";3;0;0;1;2;0;1;2;-4,953868;-47,488136;"SPRF-MA";"DEL04-MA";"UOP03-DEL04-MA"
289520;2020-06-11;"quinta-feira";"20:00:00";"SC";101;111;"ITAJAI";"Falta de Atenção à Condução";"Queda de ocupante de veículo";"Com Vítimas Feridas";"Plena Noite";"Decrescente";"Nublado";"Simples";"Curva";"Não";2;0;1;1;0;0;2;1;-26,83955734;-48,71418074;"SPRF-SC";"DEL04-SC";"UOP04-DEL04-SC"
289521;2020-06-11;"quinta-feira";"19:20:00";"MS";163;552,5;"BANDEIRANTES";"Desobediência às normas de trânsito pelo condutor";"Colisão transversal";"Com Vítimas Feridas";"Plena Noite";"Crescente";"Céu Claro";"Simples";"Aclive";"Não";3;0;2;1;0;0;3;2;-19,89097297;-54,37395156;"SPRF-MS";"DEL01-MS";"UOP02-DEL01-MS"
289524;2020-06-11;"quinta-feira";"17:08:00";"RO";364;308;"PRESIDENTE MEDICI";"Falta de Atenção à Condução";"Colisão traseira";"Sem Vítimas";"Pleno dia";"Crescente";"Céu Claro";"Múltipla";"Reta;Interseção de Vias;Declive";"Sim";2;0;0;0;2;0;0;2;-11,172427;-61,901573;"SPRF-RO";"DEL02-RO";"UOP01-DEL02-RO"
289526;2020-06-11;"quinta-feira";"20:00:00";"PR";277;72;"SAO JOSE DOS PINHAIS";"Ingestão de Álcool";"Colisão com objeto estático";"Sem Vítimas";"Plena Noite";"Decrescente";"Céu Claro";"Dupla";"Em Obras";"Sim";1;0;0;0;1;0;0;1;-25,52522628;-49,09755612;"SPRF-PR";"DEL01-PR";"UOP01-DEL01-PR"
289528;2020-06-11;"quinta-feira";"19:45:00";"AL";101;209,6;"SAO SEBASTIAO";"Velocidade Incompatível";"Saída de leito carroçável";"Com Vítimas Feridas";"Plena Noite";"Decrescente";"Céu Claro";"Dupla";"Interseção de Vias";"Não";1;0;1;0;0;0;1;1;-9,99754289;-36,60135905;"SPRF-AL";"DEL02-AL";"UOP02-DEL02-AL"
289529;2020-06-11;"quinta-feira";"18:20:00";"AM";230;617,7;"HUMAITA";"Falta de Atenção à Condução";"Colisão transversal";"Com Vítimas Feridas";"Plena Noite";"Crescente";"Céu Claro";"Simples";"Interseção de Vias";"Sim";3;0;1;0;2;0;1;2;-7,543203;-63,067692;"SPRF-AM";"DEL01-AM";"UOP05-DEL01-AM"
289530;2020-06-11;"quinta-feira";"19:45:00";"CE";20;403,9;"CAUCAIA";"Objeto estático sobre o leito carroçável";"Colisão frontal";"Com Vítimas Feridas";"Plena Noite";"Decrescente";"Nublado";"Simples";"Reta";"Não";7;0;2;4;1;0;6;2;-3,78330069;-38,69351522;"SPRF-CE";"DEL01-CE";"UOP01-DEL01-CE"