"id";"data_inversa";"dia_semana";"horario";"uf";"br";"km";"municipio";"causa_acidente";"tipo_acidente";"classificacao_acidente";"fase_dia";"sentido_via";"condicao_metereologica";"tipo_pista";"tracado_via";"uso_solo";"pessoas";"mortos";"feridos_leves";"feridos_graves";"ilesos";"ignorados";"feridos";"veiculos";"latitude";"longitude";"regional";"delegacia";"uop"
290094;2020-06-15;"segunda-feira";"08:30:00";"MG";40;727,2;"BARBACENA";"Velocidade Incompatível";"Saída de leito carroçável";"Com Vítimas Feridas";"Pleno dia";"Crescente";"Chuva";"Simples";"Curva";"Não";2;0;2;0;0;0;2;1;-21,31429811;-43,59529512;"SPRF-MG";"DEL05-MG";"UOP01-DEL05-MG"
290095;2020-06-14;"domingo";"21:30:00";"RJ";101;457;"ANGRA DOS REIS";"Desobediência às normas de trânsito pelo condutor";"Saída de leito carroçável";"Sem Vítimas";"Pleno dia";"Decrescente";"Chuva";"Simples";"Declive";"Não";1;0;0;0;1;0;0;1;-23,03149804;-44,17715297;"SPRF-RJ";"DEL03-RJ";"UOP03-DEL03-RJ"
290096;2020-06-15;"segunda-feira";"08:15:00";"MG";40;530;"CONTAGEM";"Falta de Atenção à Condução";"Colisão traseira";"Com Vítimas Feridas";"Pleno dia";"Crescente";"Céu Claro";"Dupla";"Reta";"Sim";3;0;2;0;0;1;2;2;-19,92064782;-44,0335681;"SPRF-MG";"DEL01-MG";"UOP02-DEL01-MG"
290102;2020-05-18;"segunda-feira";"17:17:00";"PA";230;116;"MARABA";"Desobediência às normas de trânsito pelo condutor";"Tombamento";"Com Vítimas Feridas";"Pleno dia";"Crescente";"Nublado";"Dupla";"Reta";"Sim";2;0;1;0;0;1;1;2;-5,35947454;-49,08301084;"SPRF-PA";"DEL03-PA";"UOP01-DEL03-PA"
290103;2020-06-15;"segunda-feira";"08:40:00";"PE";101;41,9;"IGARASSU";"Falta de Atenção à Condução";"Colisão com objeto estático";"Com Vítimas Feridas";"Pleno dia";"Crescente";"Céu Claro";"Múltipla";"Aclive";"Sim";2;0;1;0;1;0;1;1;-7,83038346;-34,91426785;"SPRF-PE";"DEL01-PE";"UOP02-DEL01-PE"
290105;2020-06-15;"segunda-feira";"09:10:00";"MG";40;511,5;"RIBEIRAO DAS NEVES";"Desobediência às normas de trânsito pelo condutor";"Colisão traseira";"Com Vítimas Feridas";"Pleno dia";"Decrescente";"Céu Claro";"Dupla";"Retorno Regulamentado";"Sim";3;0;1;0;2;0;1;2;-19,78572454;-44,11474228;"SPRF-MG";"DEL01-MG";"UOP02-DEL01-MG"
290106;2020-06-15;"segunda-feira";"10:09:00";"SC";470;0;"NAVEGANTES";"Falta de Atenção à Condução";"Queda de ocupante de veículo";"Com Vítimas Feridas";"Pleno dia";"Crescente";"Nublado";"Dupla";"Em Obras";"Sim";2;0;2;0;0;0;2;1;-26,88232;-48,66183;"SPRF-SC";"DEL04-SC";"UOP04-DEL04-SC"
290107;2020-06-15;"segunda-feira";"07:45:00";"RJ";356;120;"CARDOSO MOREIRA";"Avarias e/ou desgaste excessivo no pneu";"Saída de leito carroçável";"Sem Vítimas";"Pleno dia";"Crescente";"Chuva";"Simples";"Curva";"Não";1;0;0;0;1;0;0;1;-21,60975;-41,419119;"SPRF-RJ";"DEL08-RJ";"UOP01-DEL08-RJ"
290108;2020-06-15;"segunda-feira";"07:30:00";"PR";476;140;"CURITIBA";"Desobediência às normas de trânsito pelo condutor";"Colisão lateral";"Com Vítimas Feridas";"Pleno dia";"Decrescente";"Céu Claro";"Dupla";"Interseção de Vias";"Sim";2;0;1;0;0;1;1;2;-25,54129382;-49,3024011;"SPRF-PR";"DEL01-PR";"UOP03-DEL01-PR"
290109;2020-06-15;"segunda-feira";"04:00:00";"MG";116;477,9;"TARUMIRIM";"Falta de Atenção à Condução";"Saída de leito carroçável";"Com Vítimas Fatais";"Plena Noite";"Crescente";"Céu Claro";"Simples";"Curva";"Não";1;1;0;0;0;0;0;1;-19,37019526;-42,10279969;"SPRF-MG";"DEL06-MG";"UOP02-DEL06-MG"
290110;2020-06-15;"segunda-feira";"09:30:00";"BA";324;545;"AMELIA RODRIGUES";"Falta de Atenção à Condução";"Colisão transversal";"Com Vítimas Feridas";"Pleno dia";"Crescente";"Céu Claro";"Dupla";"Reta";"Sim";2;0;0;1;1;0;1;2;-12,40647;-38,753143;"SPRF-BA";"DEL01-BA";"UOP01-DEL01-BA"
290111;2020-06-15;"segunda-feira";"09:50:00";"GO";60;124;"GOIANAPOLIS";"Avarias e/ou desgaste excessivo no pneu";"Queda de ocupante de veículo";"Com Vítimas Feridas";"Pleno dia";"Crescente";"Céu Claro";"Dupla";"Reta";"Não";2;0;2;0;0;0;2;1;-16,5243;-49,1313;"SPRF-GO";"DEL01-GO";"UOP01-DEL01-GO"
290114;2020-06-15;"segunda-feira";"08:20:00";"PR";116;121;"CURITIBA";"Desobediência às normas de trânsito pelo condutor";"Queda de ocupante de veículo";"Com Vítimas Feridas";"Pleno dia";"Crescente";"Nublado";"Dupla";"Reta";"Sim";1;0;0;1;0;0;1;1;-25,5599323;-49,30743945;"SPRF-PR";"DEL01-PR";"UOP03-DEL01-PR"
290115;2020-06-15;"segunda-feira";"11:00:00";"RS";116;337,8;"BARRA DO RIBEIRO";"Falta de Atenção à Condução";"Colisão traseira";"Sem Vítimas";"Pleno dia";"Crescente";"Céu Claro";"Simples";"Reta";"Sim";2;0;0;0;2;0;0;2;-30,43867711;-51,47955282;"SPRF-RS";"DEL02-RS";"UOP02-DEL02-RS"
290116;2020-06-15;"segunda-feira";"10:10:00";"MG";50;71;"UBERLANDIA";"Falta de Atenção à Condução";"Colisão com objeto estático";"Com Vítimas Feridas";"Pleno dia";"Crescente";"Céu Claro";"Dupla";"Reta;Viaduto";"Sim";1;0;0;1;0;0;1;1;-18,85140204;-48,25345932;"SPRF-MG";"DEL15-MG";"UOP01-DEL15-MG"
290117;2020-06-15;"segunda-feira";"10:10:00";"RO";319;63;"PORTO VELHO";"Falta de Atenção à Condução";"Colisão traseira";"Sem Vítimas";"Pleno dia";"Decrescente";"Nublado";"Dupla";"Reta";"Sim";2;0;0;0;2;0;0;2;-8,766685;-63,884052;"SPRF-RO";"DEL01-RO";"UOP01-DEL01-RO"
290120;2020-06-15;"segunda-feira";"08:00:00";"PI";316;10,8;"TERESINA";"Desobediência às normas de trânsito pelo condutor";"Tombamento";"Com Vítimas Feridas";"Pleno dia";"Decrescente";"Sol";"Dupla";"Reta";"Sim";1;0;1;0;0;0;1;1;-5,18280197;-42,76350291;"SPRF-PI";"DEL01-PI";"UOP02-DEL01-PI"
290121;2020-06-15;"segunda-feira";"11:00:00";"PE";232;133,1;"CARUARU";"Falta de Atenção à Condução";"Colisão traseira";"Com Vítimas Feridas";"Pleno dia";"Decrescente";"Chuva";"Dupla";"Reta";"Não";2;0;1;0;1;0;1;2;-8,30607988;-36,01576003;"SPRF-PE";"DEL02-PE";"UOP03-DEL02-PE"
290122;2020-06-15;"segunda-feira";"07:00:00";"AM";174;990;"PRESIDENTE FIGUEIREDO";"Falta de Atenção à Condução";"Colisão traseira";"Sem Vítimas";"Pleno dia";"Decrescente";"Céu Claro";"Simples";"Interseção de Vias";"Sim";2;0;0;0;2;0;0;2;-2,05668983;-60,02189673;"SPRF-AM";"DEL01-AM";"UOP02-DEL01-AM"
290123;2020-03-13;"sexta-feira";"18:30:00";"SE";235;51,2;"ITABAIANA";"Falta de Atenção do Pedestre";"Atropelamento de Pedestre";"Com Vítimas Fatais";"Plena Noite";"Crescente";"Céu Claro";"Simples";"Reta";"Sim";3;1;1;1;0;0;2;3;-10,700226;-37,431423;"SPRF-SE";"DEL01-SE";"UOP02-DEL01-SE"
290125;2020-06-15;"segunda-feira";"11:45:00";"RJ";116;183,6;"NOVA IGUACU";"Falta de Atenção à Condução";"Atropelamento de Pedestre";"Com Vítimas Feridas";"Pleno dia";"Decrescente";"Nublado";"Dupla";"Reta";"Sim";4;0;0;1;1;2;1;4;-22,7516014;-43,43849831;"SPRF-RJ";"DEL01-RJ";"UOP02-DEL01-RJ"
290126;2020-06-15;"segunda-feira";"11:00:00";"GO";60;229;"CEZARINA";"Falta de Atenção à Condução";"Saída de leito carroçável";"Com Vítimas Feridas";"Pleno dia";"Decrescente";"Céu Claro";"Dupla";"Reta";"Não";5;0;0;1;4;0;1;1;-17,0484;-49,7858;"SPRF-GO";"DEL01-GO";"UOP02-DEL01-GO"
290127;2020-06-15;"segunda-feira";"10:10:00";"MT";364;202,8;"RONDONOPOLIS";"Desobediência às normas de trânsito pelo condutor";"Atropelamento de Pedestre";"Com Vítimas Feridas";"Pleno dia";"Decrescente";"Céu Claro";"Dupla";"Reta";"Sim";2;0;0;1;0;1;1;2;-16,48347324;-54,64970354;"SPRF-MT";"DEL02-MT";"UOP01-DEL02-MT"
290129;2020-06-15;"segunda-feira";"12:00:00";"SC";101;131;"BALNEARIO CAMBORIU";"Falta de Atenção à Condução";"Colisão lateral";"Com Vítimas Feridas";"Pleno dia";"Crescente";"Sol";"Simples";"Reta";"Sim";2;0;1;0;1;0;1;2;-26,99064209;-48,66310912;"SPRF-SC";"DEL04-SC";"UOP03-DEL04-SC"
290130;2020-06-15;"segunda-feira";"11:00:00";"BA";101;261;"SANTO ANTONIO DE JESUS";"Falta de Atenção à Condução";"Colisão lateral";"Com Vítimas Feridas";"Pleno dia";"Crescente";"Nublado";"Simples";"Reta";"Sim";3;0;2;0;1;0;2;2;-12,966;-39,273;"SPRF-BA";"DEL01-BA";"UOP02-DEL01-BA"
290133;2020-06-15;"segunda-feira";"12:30:00";"SC";280;29;"ARAQUARI";"Desobediência às normas de trânsito pelo condutor";"Colisão transversal";"Com Vítimas Feridas";"Pleno dia";"Decrescente";"Nublado";"Simples";"Reta";"Sim";2;0;0;1;1;0;1;2;-26,41066264;-48,75295628;"SPRF-SC";"DEL03-SC";"UOP03-DEL03-SC"
290135;2020-06-15;"segunda-feira";"12:00:00";"MT";70;7;"BARRA DO GARCAS";"Desobediência às normas de trânsito pelo condutor";"Colisão lateral";"Com Vítimas Fatais";"Pleno dia";"Decrescente";"Céu Claro";"Simples";"Reta";"Sim";2;1;0;0;1;0;0;2;-15,878143;-52,316788;"SPRF-MT";"DEL07-MT";"UOP01-DEL07-MT"
290138;2020-06-15;"segunda-feira";"11:20:00";"PE";104;47,5;"CARUARU";"Defeito na Via";"Colisão com objeto estático";"Sem Vítimas";"Pleno dia";"Crescente";"Chuva";"Dupla";"Declive";"Não";1;0;0;0;1;0;0;1;-8,1354;-35,9906;"SPRF-PE";"DEL02-PE";"UOP01-DEL02-PE"
290140;2020-06-15;"segunda-feira";"12:50:00";"PA";230;122;"MARABA";"Desobediência às normas de trânsito pelo condutor";"Colisão traseira";"Sem Vítimas";"Pleno dia";"Decrescente";"Sol";"Dupla";"Reta";"Sim";2;0;0;0;2;0;0;2;-5,36137537;-49,12376139;"SPRF-PA";"DEL03-PA";"UOP01-DEL03-PA"
290141;2020-06-15;"segunda-feira";"12:55:00";"RS";386;310,6;"MARQUES DE SOUZA";"Desobediência às normas de trânsito pelo condutor";"Colisão transversal";"Com Vítimas Feridas";"Pleno dia";"Crescente";"Sol";"Simples";"Curva";"Não";2;0;1;0;1;0;1;2;-29,22821591;-52,16669083;"SPRF-RS";"DEL04-RS";"UOP01-DEL04-RS"
290143;2020-06-15;"segunda-feira";"13:30:00";"RS";116;229;"DOIS IRMAOS";"Falta de Atenção à Condução";"Colisão transversal";"Com Vítimas Feridas";"Pleno dia";"Crescente";"Céu Claro";"Simples";"Reta";"Não";3;0;2;0;1;0;2;2;-29,61838113;-51,12147984;"SPRF-RS";"DEL01-RS";"UOP02-DEL01-RS"
290145;2020-06-15;"segunda-feira";"11:05:00";"MG";50;104,4;"UBERABA";"Falta de Atenção à Condução";"Colisão com objeto estático";"Com Vítimas Feridas";"Pleno dia";"Decrescente";"Sol";"Dupla";"Reta;Declive";"Não";1;0;1;0;0;0;1;1;-19,17105604;-48,16028013;"SPRF-MG";"DEL13-MG";"UOP01-DEL13-MG"
290147;2020-06-15;"segunda-feira";"13:23:00";"RJ";101;52;"CAMPOS DOS GOYTACAZES";"Falta de Atenção à Condução";"Colisão traseira";"Com Vítimas Feridas";"Pleno dia";"Crescente";"Céu Claro";"Simples";"Reta";"Não";3;0;0;2;1;0;2;2;-21,4475809;-41,3431276;"SPRF-RJ";"DEL08-RJ";"UOP01-DEL08-RJ"
290148;2020-06-15;"segunda-feira";"13:50:00";"RS";290;202,8;"RIO PARDO";"Falta de Atenção à Condução";"Colisão traseira";"Com Vítimas Feridas";"Pleno dia";"Crescente";"Sol";"Simples";"Reta;Em Obras";"Não";6;0;2;2;2;0;4;3;-30,172281;-52,237423;"SPRF-RS";"DEL02-RS";"UOP03-DEL02-RS"
290154;2020-06-15;"segunda-feira";"12:35:00";"MA";135;7,5;"SAO LUIS";"Desobediência às normas de trânsito pelo condutor";"Colisão transversal";"Com Vítimas Feridas";"Pleno dia";"Decrescente";"Céu Claro";"Dupla";"Rotatória";"Sim";2;0;0;1;1;0;1;2;-2,63608835;-44,26848552;"SPRF-MA";"DEL01-MA";"UOP01-DEL01-MA"
290155;2020-06-15;"segunda-feira";"15:10:00";"SP";116;279,5;"EMBU DAS ARTES";"Não guardar distância de segurança";"Colisão traseira";"Com Vítimas Feridas";"Pleno dia";"Crescente";"Céu Claro";"Dupla";"Reta";"Sim";2;0;0;1;1;0;1;2;-23,66233697;-46,85292907;"SPRF-SP";"DEL04-SP";"UOP01-DEL04-SP"
290156;2020-06-15;"segunda-feira";"15:40:00";"SP";116;269,3;"TABOAO DA SERRA";"Falta de Atenção à Condução";"Colisão traseira";"Com Vítimas Feridas";"Pleno dia";"Decrescente";"Céu Claro";"Dupla";"Reta";"Sim";2;0;0;1;1;0;1;2;-23,61593059;-46,78826044;"SPRF-SP";"DEL04-SP";"UOP01-DEL04-SP"
290157;2020-06-15;"segunda-feira";"14:41:00";"MT";364;401;"CUIABA";"Falta de Atenção à Condução";"Colisão lateral";"Com Vítimas Feridas";"Pleno dia";"Crescente";"Céu Claro";"Dupla";"Reta";"Sim";3;0;1;0;1;1;1;3;-15,67210033;-55,94649314;"SPRF-MT";"DEL01-MT";"UOP02-DEL01-MT"
290159;2020-06-15;"segunda-feira";"15:30:00";"MG";116;268,2;"TEOFILO OTONI";"Velocidade Incompatível";"Capotamento";"Com Vítimas Feridas";"Pleno dia";"Crescente";"Garoa/Chuvisco";"Simples";"Curva";"Não";4;0;1;3;0;0;4;1;-17,78709397;-41,49977395;"SPRF-MG";"DEL11-MG";"UOP01-DEL11-MG"
290160;2020-06-15;"segunda-feira";"15:00:00";"MG";381;674,5;"PERDOES";"Falta de Atenção à Condução";"Saída de leito carroçável";"Com Vítimas Feridas";"Pleno dia";"Decrescente";"Sol";"Dupla";"Curva";"Não";1;0;0;1;0;0;1;1;-21,107021;-45,09114;"SPRF-MG";"DEL04-MG";"UOP02-DEL04-MG"
290161;2020-06-15;"segunda-feira";"15:20:00";"ES";259;50,6;"COLATINA";"Desobediência às normas de trânsito pelo condutor";"Colisão transversal";"Com Vítimas Feridas";"Pleno dia";"Decrescente";"Sol";"Simples";"Rotatória";"Sim";3;0;2;0;0;1;2;2;-19,510103;-40,60615;"SPRF-ES";"DEL02-ES";"UOP01-DEL02-ES"
290162;2020-06-15;"segunda-feira";"16:30:00";"RS";116;149;"CAXIAS DO SUL";"Desobediência às normas de trânsito pelo condutor";"Colisão lateral";"Com Vítimas Feridas";"Pleno dia";"Decrescente";"Céu Claro";"Múltipla";"Reta";"Sim";4;0;1;0;2;1;1;3;-29,15996905;-51,15645292;"SPRF-RS";"DEL05-RS";"UOP01-DEL05-RS"
290163;2020-06-15;"segunda-feira";"15:05:00";"AL";101;218,4;"IGREJA NOVA";"Fenômenos da Natureza";"Colisão com objeto estático";"Com Vítimas Feridas";"Pleno dia";"Decrescente";"Chuva";"Dupla";"Reta";"Não";2;0;1;0;1;0;1;1;-10,051134;-36,662101;"SPRF-AL";"DEL02-AL";"UOP02-DEL02-AL"
290166;2020-06-15;"segunda-feira";"17:35:00";"BA";324;622,9;"SALVADOR";"Não guardar distância de segurança";"Colisão traseira";"Com Vítimas Feridas";"Anoitecer";"Decrescente";"Nublado";"Dupla";"Reta";"Sim";2;0;1;0;1;0;1;2;-12,91888605;-38,46502095;"SPRF-BA";"DEL01-BA";"UOP01-DEL01-BA"
290168;2020-06-15;"segunda-feira";"17:38:00";"GO";60;31;"ALEXANIA";"Falta de Atenção do Pedestre";"Atropelamento de Pedestre";"Com Vítimas Feridas";"Anoitecer";"Decrescente";"Céu Claro";"Dupla";"Reta";"Sim";2;0;0;1;1;0;1;2;-16,0963;-48,5202;"SPRF-DF";"DEL03-DF";"UOP01-DEL03-DF"
290169;2020-06-15;"segunda-feira";"12:00:00";"MA";135;3,4;"SAO LUIS";"Desobediência às normas de trânsito pelo condutor";"Colisão transversal";"Com Vítimas Feridas";"Pleno dia";"Decrescente";"Céu Claro";"Dupla";"Reta";"Sim";2;0;1;1;0;0;2;2;-2,606802;-44,247512;"SPRF-MA";"DEL01-MA";"UOP01-DEL01-MA"
290171;2020-05-18;"segunda-feira";"19:55:00";"PA";163;1002;"SANTAREM";"Defeito na Via";"Tombamento";"Com Vítimas Feridas";"Plena Noite";"Decrescente";"Nublado";"Simples";"Reta";"Sim";1;0;1;0;0;0;1;1;-2,44572691;-54,73080446;"SPRF-PA";"DEL05-PA";"UOP01-DEL05-PA"
290172;2020-06-15;"segunda-feira";"12:40:00";"RJ";40;123;"DUQUE DE CAXIAS";"Defeito Mecânico no Veículo";"Tombamento";"Com Vítimas Feridas";"Pleno dia";"Crescente";"Chuva";"Dupla";"Reta";"Sim";2;0;2;0;0;0;2;1;-22,79907687;-43,29015739;"SPRF-RJ";"DEL01-RJ";"UOP01-DEL01-RJ"
290173;2020-06-15;"segunda-feira";"17:55:00";"RS";386;345,4;"LAJEADO";"Não guardar distância de segurança";"Colisão traseira";"Com Vítimas Feridas";"Plena Noite";"Decrescente";"Nublado";"Simples";"Reta;Declive";"Sim";3;0;1;0;2;0;1;2;-29,44481406;-51,97960833;"SPRF-RS";"DEL04-RS";"UOP01-DEL04-RS"
290174;2020-06-15;"segunda-feira";"17:20:00";"PR";467;75;"TOLEDO";"Defeito Mecânico no Veículo";"Queda de ocupante de veículo";"Com Vítimas Feridas";"Anoitecer";"Crescente";"Céu Claro";"Dupla";"Reta";"Não";1;0;1;0;0;0;1;1;-24,7493;-53,6949;"SPRF-PR";"DEL04-PR";"UOP01-DEL04-PR"
290175;2020-06-15;"segunda-feira";"17:45:00";"MG";40;644,5;"CRISTIANO OTONI";"Desobediência às normas de trânsito pelo condutor";"Colisão transversal";"Sem Vítimas";"Anoitecer";"Decrescente";"Chuva";"Simples";"Reta";"Não";3;0;0;0;2;1;0;2;-20,7722608;-43,80775273;"SPRF-MG";"DEL05-MG";"UOP02-DEL05-MG"
290176;2020-06-15;"segunda-feira";"17:20:00";"MG";40;614;"CONGONHAS";"Falta de Atenção à Condução";"Tombamento";"Com Vítimas Feridas";"Anoitecer";"Decrescente";"Nublado";"Simples";"Curva";"Não";1;0;1;0;0;0;1;1;-20,52977973;-43,82351464;"SPRF-MG";"DEL05-MG";"UOP02-DEL05-MG"
290178;2020-06-15;"segunda-feira";"17:25:00";"SC";470;69,9;"INDAIAL";"Desobediência às normas de trânsito pelo condutor";"Colisão transversal";"Com Vítimas Feridas";"Anoitecer";"Crescente";"Nublado";"Simples";"Declive";"Sim";2;0;0;1;1;0;1;2;-26,88967453;-49,25492764;"SPRF-SC";"DEL04-SC";"UOP01-DEL04-SC"
290179;2020-06-15;"segunda-feira";"18:23:00";"PB";101;111;"ALHANDRA";"Restrição de Visibilidade";"Saída de leito carroçável";"Com Vítimas Feridas";"Plena Noite";"Crescente";"Chuva";"Dupla";"Retorno Regulamentado";"Não";4;0;1;0;3;0;1;1;-7,36122197;-34,95184711;"SPRF-PB";"DEL01-PB";"UOP01-DEL01-PB"
290180;2020-06-15;"segunda-feira";"17:45:00";"MT";70;1,7;"BARRA DO GARCAS";"Desobediência às normas de trânsito pelo condutor";"Colisão lateral";"Com Vítimas Feridas";"Pleno dia";"Crescente";"Céu Claro";"Simples";"Interseção de Vias";"Sim";2;0;2;0;0;0;2;2;-15,89164596;-52,26202884;"SPRF-MT";"DEL07-MT";"UOP01-DEL07-MT"
290181;2020-06-15;"segunda-feira";"17:20:00";"ES";262;32,3;"DOMINGOS MARTINS";"Pista Escorregadia";"Saída de leito carroçável";"Com Vítimas Feridas";"Plena Noite";"Decrescente";"Chuva";"Simples";"Curva";"Não";1;0;1;0;0;0;1;1;-20,37885575;-40,577728;"SPRF-ES";"DEL01-ES";"UOP01-DEL01-ES"
290182;2020-06-15;"segunda-feira";"18:10:00";"RJ";101;395;"RIO DE JANEIRO";"Falta de Atenção à Condução";"Colisão lateral";"Com Vítimas Feridas";"Plena Noite";"Crescente";"Céu Claro";"Dupla";"Reta";"Não";3;0;2;0;1;0;2;2;-22,88237391;-43,72205597;"SPRF-RJ";"DEL03-RJ";"UOP01-DEL03-RJ"
290184;2020-06-15;"segunda-feira";"18:00:00";"SP";116;109,6;"TAUBATE";"Defeito Mecânico no Veículo";"Incêndio";"Sem Vítimas";"Plena Noite";"Decrescente";"Céu Claro";"Dupla";"Reta";"Sim";1;0;0;0;1;0;0;1;-23,02871304;-45,54517097;"SPRF-SP";"DEL06-SP";"UOP01-DEL06-SP"
290188;2020-06-15;"segunda-feira";"18:30:00";"PE";428;173,9;"PETROLINA";"Restrição de Visibilidade";"Colisão traseira";"Com Vítimas Fatais";"Plena Noite";"Crescente";"Nublado";"Simples";"Interseção de Vias";"Não";2;1;0;0;0;1;0;2;-9,24429991;-40,42112617;"SPRF-PE";"DEL06-PE";"UOP01-DEL06-PE"
290189;2020-06-15;"segunda-feira";"18:50:00";"SP";116;154,5;"SAO JOSE DOS CAMPOS";"Defeito Mecânico no Veículo";"Saída de leito carroçável";"Com Vítimas Feridas";"Plena Noite";"Crescente";"Nublado";"Múltipla";"Reta";"Sim";1;0;1;0;0;0;1;1;-23,2409949;-45,92280865;"SPRF-SP";"DEL02-SP";"UOP01-DEL02-SP"
290190;2020-04-28;"terça-feira";"09:45:00";"MG";116;759,3;"LEOPOLDINA";"Desobediência às normas de trânsito pelo condutor";"Colisão transversal";"Com Vítimas Feridas";"Pleno dia";"Crescente";"Céu Claro";"Simples";"Reta";"Não";2;0;1;0;1;0;1;2;-21,50589297;-42,60923908;"SPRF-MG";"DEL07-MG";"UOP01-DEL07-MG"
290191;2020-06-15;"segunda-feira";"18:50:00";"ES";101;289,9;"CARIACICA";"Pista Escorregadia";"Tombamento";"Com Vítimas Feridas";"Plena Noite";"Crescente";"Chuva";"Dupla";"Reta;Aclive";"Sim";1;0;0;1;0;0;1;1;-20,28029304;-40,39302931;"SPRF-ES";"DEL01-ES";"UOP01-DEL01-ES"
290193;2020-06-15;"segunda-feira";"18:10:00";"MT";163;798;"SORRISO";"Defeito Mecânico no Veículo";"Queda de ocupante de veículo";"Com Vítimas Feridas";"Plena Noite";"Crescente";"Céu Claro";"Simples";"Reta";"Não";2;0;2;0;0;0;2;1;-12,3047452;-55,57478659;"SPRF-MT";"DEL06-MT";"UOP01-DEL06-MT"
290194;2020-06-15;"segunda-feira";"19:00:00";"PE";232;412,9;"SERRA TALHADA";"Falta de Atenção do Pedestre";"Atropelamento de Pedestre";"Com Vítimas Fatais";"Plena Noite";"Crescente";"Chuva";"Simples";"Reta";"Sim";2;1;0;0;0;1;0;2;-7,98377927;-38,3208774;"SPRF-PE";"DEL04-PE";"UOP01-DEL04-PE"
290195;2020-06-15;"segunda-feira";"17:40:00";"RO";364;348;"JI-PARANA";"Falta de Atenção à Condução";"Colisão transversal";"Com Vítimas Feridas";"Pleno dia";"Crescente";"Céu Claro";"Simples";"Interseção de Vias;Reta";"Sim";2;0;0;1;1;0;1;2;-10,85878488;-61,979177;"SPRF-RO";"DEL02-RO";"UOP01-DEL02-RO"
290196;2020-06-15;"segunda-feira";"18:00:00";"SC";282;501,3;"XANXERE";"Desobediência às normas de trânsito pelo condutor";"Colisão frontal";"Com Vítimas Feridas";"Anoitecer";"Crescente";"Céu Claro";"Simples";"Interseção de Vias";"Sim";2;0;1;0;1;0;1;2;-26,882715;-52,381729;"SPRF-SC";"DEL07-SC";"UOP01-DEL07-SC"
290197;2020-06-15;"segunda-feira";"20:00:00";"MG";40;511;"RIBEIRAO DAS NEVES";"Falta de Atenção do Pedestre";"Atropelamento de Pedestre";"Com Vítimas Feridas";"Plena Noite";"Decrescente";"Céu Claro";"Dupla";"Reta";"Sim";2;0;1;0;1;0;1;2;-19,78164295;-44,11733194;"SPRF-MG";"DEL01-MG";"UOP02-DEL01-MG"
290198;2020-06-15;"segunda-feira";"20:15:00";"PR";369;461,1;"UBIRATA";"Animais na Pista";"Capotamento";"Com Vítimas Feridas";"Plena Noite";"Crescente";"Céu Claro";"Simples";"Reta";"Não";3;0;1;2;0;0;3;1;-24,5527;-53,092;"SPRF-PR";"DEL04-PR";"UOP03-DEL04-PR"
290200;2020-06-15;"segunda-feira";"19:30:00";"AL";104;83,3;"RIO LARGO";"Defeito Mecânico no Veículo";"Incêndio";"Sem Vítimas";"Plena Noite";"Decrescente";"Garoa/Chuvisco";"Simples";"Reta";"Não";1;0;0;0;1;0;0;1;-9,44165773;-35,83538341;"SPRF-AL";"DEL01-AL";"UOP01-DEL01-AL"
290201;2020-06-15;"segunda-feira";"20:16:00";"SP";153;55,9;"SAO JOSE DO RIO PRETO";"Pista Escorregadia";"Queda de ocupante de veículo";"Com Vítimas Feridas";"Plena Noite";"Crescente";"Céu Claro";"Dupla";"Rotatória";"Sim";1;0;1;0;0;0;1;1;-20,75321697;-49,34260108;"SPRF-SP";"DEL09-SP";"UOP01-DEL09-SP"
290204;2020-06-14;"domingo";"06:29:00";"GO";40;16;"LUZIANIA";"Ingestão de álcool e/ou substâncias psicoativas pelo pedestre";"Saída de leito carroçável";"Sem Vítimas";"Amanhecer";"Crescente";"Céu Claro";"Múltipla";"Reta";"Sim";1;0;0;0;1;0;0;1;-16,175176;-47,92964;"SPRF-DF";"DEL01-DF";"UOP01-DEL01-DF"
290205;2020-06-15;"segunda-feira";"19:45:00";"PR";277;711,3;"SANTA TEREZINHA DE ITAIPU";"Deficiência ou não Acionamento do Sistema de Iluminação/Sinalização do Veículo";"Colisão traseira";"Com Vítimas Feridas";"Plena Noite";"Decrescente";"Céu Claro";"Dupla";"Reta";"Sim";3;0;2;1;0;0;3;2;-25,45408037;-54,42224885;"SPRF-PR";"DEL05-PR";"UOP01-DEL05-PR"
290206;2020-06-15;"segunda-feira";"20:35:00";"RJ";116;168;"SAO JOAO DE MERITI";"Pista Escorregadia";"Queda de ocupante de veículo";"Com Vítimas Feridas";"Plena Noite";"Crescente";"Garoa/Chuvisco";"Dupla";"Reta";"Sim";1;0;1;0;0;0;1;1;-22,819969;-43,31499997;"SPRF-RJ";"DEL01-RJ";"UOP01-DEL01-RJ"
290207;2020-06-15;"segunda-feira";"20:10:00";"ES";101;304,3;"VIANA";"Pista Escorregadia";"Tombamento";"Com Vítimas Feridas";"Plena Noite";"Crescente";"Chuva";"Dupla";"Reta";"Sim";1;0;1;0;0;0;1;1;-20,3800645;-40,45431391;"SPRF-ES";"DEL01-ES";"UOP01-DEL01-ES"