"id";"data_inversa";"dia_semana";"horario";"uf";"br";"km";"municipio";"causa_acidente";"tipo_acidente";"classificacao_acidente";"fase_dia";"sentido_via";"condicao_metereologica";"tipo_pista";"tracado_via";"uso_solo";"pessoas";"mortos";"feridos_leves";"feridos_graves";"ilesos";"ignorados";"feridos";"veiculos";"latitude";"longitude";"regional";"delegacia";"uop"
290209;2020-06-15;"segunda-feira";"21:00:00";"MG";116;565,7;"MANHUACU";"Velocidade Incompatível";"Colisão com objeto estático";"Sem Vítimas";"Plena Noite";"Decrescente";"Chuva";"Simples";"Reta";"Não";1;0;0;0;1;0;0;1;-20,06874641;-42,17752394;"SPRF-MG";"DEL06-MG";"UOP03-DEL06-MG"
290212;2020-06-15;"segunda-feira";"21:50:00";"DF";20;3;"BRASILIA";"Falta de Atenção do Pedestre";"Atropelamento de Pedestre";"Com Vítimas Feridas";"Plena Noite";"Crescente";"Céu Claro";"Dupla";"Reta";"Não";2;0;2;0;0;0;2;2;-15,679851;-47,832211;"SPRF-DF";"DEL02-DF";"UOP01-DEL02-DF"
290214;2020-06-15;"segunda-feira";"21:00:00";"SP";153;59;"SAO JOSE DO RIO PRETO";"Pista Escorregadia";"Tombamento";"Com Vítimas Feridas";"Plena Noite";"Crescente";"Céu Claro";"Simples";"Desvio Temporário";"Sim";1;0;1;0;0;0;1;1;-20,78733103;-49,35399276;"SPRF-SP";"DEL09-SP";"UOP01-DEL09-SP"
290215;2020-06-15;"segunda-feira";"22:00:00";"RN";304;35;"MOSSORO";"Falta de Atenção à Condução";"Colisão transversal";"Com Vítimas Feridas";"Plena Noite";"Crescente";"Céu Claro";"Dupla";"Reta";"Sim";2;0;2;0;0;0;2;2;-5,167606;-37,354213;"SPRF-RN";"DEL04-RN";"UOP02-DEL04-RN"
290216;2020-04-13;"segunda-feira";"20:20:00";"SC";101;320,7;"PESCARIA BRAVA";"Defeito Mecânico no Veículo";"Incêndio";"Sem Vítimas";"Plena Noite";"Decrescente";"Céu Claro";"Dupla";"Reta";"Sim";1;0;0;0;1;0;0;1;-28,42800492;-48,88171497;"SPRF-SC";"DEL02-SC";"UOP01-DEL02-SC"
290218;2020-06-15;"segunda-feira";"22:25:00";"SP";116;525;"BARRA DO TURVO";"Defeito Mecânico no Veículo";"Incêndio";"Sem Vítimas";"Plena Noite";"Decrescente";"Garoa/Chuvisco";"Dupla";"Reta";"Não";2;0;0;0;2;0;0;1;-24,92563316;-48,26567292;"SPRF-SP";"DEL05-SP";"UOP02-DEL05-SP"
290221;2020-06-15;"segunda-feira";"23:00:00";"GO";40;134;"CRISTALINA";"Falta de Atenção à Condução";"Queda de ocupante de veículo";"Com Vítimas Feridas";"Plena Noite";"Crescente";"Céu Claro";"Simples";"Reta";"Não";1;0;1;0;0;0;1;1;-16,937246;-47,329642;"SPRF-DF";"DEL01-DF";"UOP02-DEL01-DF"
290224;2020-06-15;"segunda-feira";"19:10:00";"MG";116;254;"TEOFILO OTONI";"Restrição de Visibilidade";"Capotamento";"Com Vítimas Feridas";"Plena Noite";"Crescente";"Chuva";"Simples";"Curva";"Não";1;0;1;0;0;0;1;1;-17,67466213;-41,48807842;"SPRF-MG";"DEL11-MG";"UOP01-DEL11-MG"
290225;2020-06-15;"segunda-feira";"22:45:00";"MG";262;137;"RIO CASCA";"Falta de Atenção à Condução";"Capotamento";"Com Vítimas Feridas";"Plena Noite";"Decrescente";"Chuva";"Dupla";"Reta";"Não";2;0;2;0;0;0;2;1;-20,09616383;-42,70044267;"SPRF-MG";"DEL03-MG";"UOP03-DEL03-MG"
290226;2020-06-15;"segunda-feira";"23:05:00";"MG";262;811;"UBERABA";"Ingestão de Álcool";"Colisão com objeto estático";"Com Vítimas Feridas";"Plena Noite";"Crescente";"Céu Claro";"Dupla";"Reta";"Não";1;0;1;0;0;0;1;1;-19,76527861;-48,11638905;"SPRF-MG";"DEL13-MG";"UOP01-DEL13-MG"
290227;2020-06-16;"terça-feira";"00:10:00";"ES";262;23;"VIANA";"Restrição de Visibilidade";"Colisão com objeto estático";"Com Vítimas Feridas";"Plena Noite";"Decrescente";"Chuva";"Simples";"Curva";"Não";1;0;0;1;0;0;1;1;-20,37559156;-40,52146724;"SPRF-ES";"DEL01-ES";"UOP01-DEL01-ES"
290229;2020-06-16;"terça-feira";"00:45:00";"SC";116;130,3;"SANTA CECILIA";"Desobediência às normas de trânsito pelo condutor";"Capotamento";"Sem Vítimas";"Plena Noite";"Decrescente";"Céu Claro";"Simples";"Aclive;Curva";"Não";2;0;0;0;2;0;0;1;-26,89105589;-50,43451019;"SPRF-SC";"DEL06-SC";"UOP02-DEL06-SC"
290230;2020-06-16;"terça-feira";"02:00:00";"MG";381;447;"SANTA LUZIA";"Defeito Mecânico no Veículo";"Incêndio";"Sem Vítimas";"Plena Noite";"Crescente";"Céu Claro";"Simples";"Reta";"Não";1;0;0;0;1;0;0;1;-19,83447607;-43,85011601;"SPRF-MG";"DEL01-MG";"UOP01-DEL01-MG"
290233;2020-06-16;"terça-feira";"03:30:00";"MG";116;393,6;"GOVERNADOR VALADARES";"Condutor Dormindo";"Saída de leito carroçável";"Com Vítimas Feridas";"Plena Noite";"Crescente";"Céu Claro";"Simples";"Curva";"Não";2;0;2;0;0;0;2;1;-18,72499706;-41,98860609;"SPRF-MG";"DEL06-MG";"UOP01-DEL06-MG"
290234;2020-06-16;"terça-feira";"04:20:00";"PE";101;29,2;"ITAPISSUMA";"Restrição de Visibilidade";"Colisão com objeto estático";"Com Vítimas Feridas";"Plena Noite";"Decrescente";"Chuva";"Dupla";"Reta;Retorno Regulamentado";"Não";3;0;3;0;0;0;3;1;-7,72939697;-34,94185854;"SPRF-PE";"DEL01-PE";"UOP02-DEL01-PE"
290236;2020-06-16;"terça-feira";"06:30:00";"RJ";116;174;"SAO JOAO DE MERITI";"Falta de Atenção à Condução";"Colisão traseira";"Com Vítimas Feridas";"Pleno dia";"Crescente";"Nublado";"Dupla";"Declive";"Não";3;0;1;0;2;0;1;2;-22,79423806;-43,36403759;"SPRF-RJ";"DEL01-RJ";"UOP02-DEL01-RJ"
290237;2020-06-16;"terça-feira";"06:00:00";"PE";101;91;"CABO DE SANTO AGOSTINHO";"Falta de Atenção à Condução";"Colisão transversal";"Sem Vítimas";"Pleno dia";"Decrescente";"Chuva";"Simples";"Reta";"Sim";2;0;0;0;1;1;0;2;-8,24220819;-34,98859101;"SPRF-PE";"DEL01-PE";"UOP03-DEL01-PE"
290238;2020-06-16;"terça-feira";"07:05:00";"SP";116;209;"GUARULHOS";"Ingestão de Álcool";"Colisão traseira";"Com Vítimas Feridas";"Pleno dia";"Crescente";"Sol";"Múltipla";"Reta";"Sim";2;0;1;0;1;0;1;2;-23,42511799;-46,40221101;"SPRF-SP";"DEL01-SP";"UOP01-DEL01-SP"
290239;2020-06-16;"terça-feira";"05:50:00";"PA";316;65,8;"CASTANHAL";"Animais na Pista";"Atropelamento de Animal";"Sem Vítimas";"Amanhecer";"Crescente";"Céu Claro";"Dupla";"Reta";"Sim";1;0;0;0;0;1;0;1;-1,29580361;-47,91084002;"SPRF-PA";"DEL01-PA";"UOP01-DEL01-PA"
290240;2020-06-15;"segunda-feira";"20:20:00";"PI";343;274;"CAMPO MAIOR";"Falta de Atenção à Condução";"Colisão transversal";"Com Vítimas Feridas";"Plena Noite";"Decrescente";"Céu Claro";"Simples";"Reta";"Não";2;0;0;2;0;0;2;2;-4,879998;-42,226444;"SPRF-PI";"DEL01-PI";"UOP03-DEL01-PI"
290241;2020-06-16;"terça-feira";"06:30:00";"RJ";101;276;"TANGUA";"Falta de Atenção à Condução";"Colisão traseira";"Com Vítimas Feridas";"Pleno dia";"Crescente";"Céu Claro";"Dupla";"Reta";"Sim";4;0;1;0;3;0;1;2;-22,73796393;-42,73871802;"SPRF-RJ";"DEL02-RJ";"UOP03-DEL02-RJ"
290242;2020-06-16;"terça-feira";"07:00:00";"PE";232;8,7;"RECIFE";"Falta de Atenção à Condução";"Colisão traseira";"Sem Vítimas";"Pleno dia";"Decrescente";"Chuva";"Dupla";"Reta";"Não";2;0;0;0;1;1;0;2;-8,07583727;-34,97015791;"SPRF-PE";"DEL01-PE";"UOP01-DEL01-PE"
290243;2020-06-16;"terça-feira";"06:50:00";"PR";116;209,4;"RIO NEGRO";"Mal Súbito";"Colisão com objeto estático";"Com Vítimas Feridas";"Amanhecer";"Crescente";"Céu Claro";"Simples";"Reta";"Sim";1;0;1;0;0;0;1;1;-26,07620916;-49,75230908;"SPRF-SC";"DEL06-SC";"UOP01-DEL06-SC"
290244;2020-06-16;"terça-feira";"06:50:00";"SP";153;39,6;"ONDA VERDE";"Desobediência às normas de trânsito pelo condutor";"Colisão transversal";"Com Vítimas Feridas";"Amanhecer";"Decrescente";"Sol";"Simples";"Interseção de Vias";"Não";4;0;0;1;2;1;1;3;-20,61196908;-49,32942891;"SPRF-SP";"DEL09-SP";"UOP01-DEL09-SP"
290245;2020-06-16;"terça-feira";"07:15:00";"RJ";465;7;"SEROPEDICA";"Velocidade Incompatível";"Colisão transversal";"Com Vítimas Feridas";"Pleno dia";"Crescente";"Nublado";"Dupla";"Reta";"Sim";3;0;0;1;1;1;1;3;-22,761377;-43,686352;"SPRF-RJ";"DEL01-RJ";"UOP03-DEL01-RJ"
290246;2020-06-16;"terça-feira";"07:30:00";"SC";101;214;"PALHOCA";"Falta de Atenção à Condução";"Colisão lateral";"Com Vítimas Feridas";"Pleno dia";"Decrescente";"Nublado";"Múltipla";"Reta";"Sim";3;0;0;1;2;0;1;3;-27,64443;-48,67057;"SPRF-SC";"DEL01-SC";"UOP02-DEL01-SC"
290247;2020-06-16;"terça-feira";"05:15:00";"PI";343;235;"COCAL DE TELHA";"Defeito na Via";"Tombamento";"Sem Vítimas";"Plena Noite";"Decrescente";"Nublado";"Simples";"Reta";"Não";1;0;0;0;1;0;0;1;-4,62826;-42,017742;"SPRF-PI";"DEL01-PI";"UOP03-DEL01-PI"
290250;2020-06-16;"terça-feira";"08:10:00";"RS";116;263;"CANOAS";"Desobediência às normas de trânsito pelo condutor";"Colisão traseira";"Sem Vítimas";"Pleno dia";"Crescente";"Céu Claro";"Múltipla";"Reta";"Sim";4;0;0;0;4;0;0;4;-29,90545398;-51,17674031;"SPRF-RS";"DEL01-RS";"UOP01-DEL01-RS"
290253;2020-06-16;"terça-feira";"05:30:00";"PR";476;122;"COLOMBO";"Desobediência às normas de trânsito pelo condutor";"Saída de leito carroçável";"Sem Vítimas";"Amanhecer";"Crescente";"Nublado";"Dupla";"Reta";"Não";1;0;0;0;1;0;0;1;-25,385775;-49,203377;"SPRF-PR";"DEL01-PR";"UOP07-DEL01-PR"
290255;2020-06-16;"terça-feira";"07:40:00";"MG";40;757,3;"EWBANK DA CAMARA";"Velocidade Incompatível";"Colisão frontal";"Com Vítimas Feridas";"Pleno dia";"Crescente";"Garoa/Chuvisco";"Simples";"Curva";"Sim";4;0;1;0;3;0;1;2;-21,50323045;-43,53179519;"SPRF-MG";"DEL05-MG";"UOP01-DEL05-MG"
290258;2020-06-16;"terça-feira";"09:15:00";"DF";20;10;"BRASILIA";"Falta de Atenção à Condução";"Colisão lateral";"Com Vítimas Feridas";"Pleno dia";"Decrescente";"Nublado";"Dupla";"Reta";"Sim";2;0;0;1;1;0;1;2;-15,650243;-47,773872;"SPRF-DF";"DEL02-DF";"UOP01-DEL02-DF"
290260;2020-06-16;"terça-feira";"09:30:00";"RN";101;94;"NATAL";"Falta de Atenção à Condução";"Colisão traseira";"Com Vítimas Feridas";"Pleno dia";"Decrescente";"Nublado";"Múltipla";"Reta";"Sim";2;0;1;0;1;0;1;2;-5,83176615;-35,21191342;"SPRF-RN";"DEL01-RN";"UOP01-DEL01-RN"
290263;2020-06-16;"terça-feira";"09:00:00";"SP";116;511;"CAJATI";"Falta de Atenção à Condução";"Saída de leito carroçável";"Com Vítimas Feridas";"Pleno dia";"Crescente";"Garoa/Chuvisco";"Simples";"Curva";"Não";2;0;1;0;1;0;1;1;-24,83673187;-48,22240591;"SPRF-SP";"DEL05-SP";"UOP02-DEL05-SP"
290264;2020-06-16;"terça-feira";"08:30:00";"MS";262;779,8;"CORUMBA";"Velocidade Incompatível";"Colisão com objeto estático";"Sem Vítimas";"Pleno dia";"Crescente";"Céu Claro";"Simples";"Rotatória";"Não";2;0;0;0;2;0;0;1;-19,01863;-57,69395;"SPRF-MS";"DEL03-MS";"UOP03-DEL03-MS"
290268;2020-06-16;"terça-feira";"08:25:00";"RO";364;16;"VILHENA";"Não guardar distância de segurança";"Colisão traseira";"Sem Vítimas";"Pleno dia";"Decrescente";"Céu Claro";"Simples";"Desvio Temporário";"Sim";2;0;0;0;2;0;0;2;-12,73437947;-60,15696986;"SPRF-RO";"DEL04-RO";"UOP01-DEL04-RO"
290270;2020-06-16;"terça-feira";"07:46:00";"GO";50;280;"CATALAO";"Velocidade Incompatível";"Tombamento";"Com Vítimas Feridas";"Pleno dia";"Crescente";"Céu Claro";"Dupla";"Reta";"Sim";1;0;1;0;0;0;1;1;-18,1784;-47,9362;"SPRF-GO";"DEL06-GO";"UOP01-DEL06-GO"
290271;2020-06-16;"terça-feira";"10:40:00";"MG";40;532,1;"BELO HORIZONTE";"Falta de Atenção à Condução";"Colisão traseira";"Com Vítimas Feridas";"Pleno dia";"Decrescente";"Nublado";"Dupla";"Aclive;Reta";"Sim";4;0;1;0;1;2;1;3;-19,92372561;-44,01700789;"SPRF-MG";"DEL01-MG";"UOP02-DEL01-MG"
290273;2020-06-16;"terça-feira";"09:40:00";"SC";470;144;"RIO DO SUL";"Falta de Atenção à Condução";"Saída de leito carroçável";"Com Vítimas Feridas";"Pleno dia";"Decrescente";"Nublado";"Simples";"Reta";"Não";4;0;1;0;3;0;1;1;-27,21852434;-49,65600371;"SPRF-SC";"DEL04-SC";"UOP02-DEL04-SC"
290275;2020-06-16;"terça-feira";"09:40:00";"MG";381;803;"SAO GONCALO DO SAPUCAI";"Velocidade Incompatível";"Saída de leito carroçável";"Com Vítimas Feridas";"Pleno dia";"Crescente";"Céu Claro";"Dupla";"Curva";"Não";1;0;1;0;0;0;1;1;-21,99042653;-45,66660933;"SPRF-MG";"DEL16-MG";"UOP02-DEL16-MG"
290276;2020-06-16;"terça-feira";"11:00:00";"BA";101;860;"TEIXEIRA DE FREITAS";"Pista Escorregadia";"Saída de leito carroçável";"Com Vítimas Feridas";"Pleno dia";"Crescente";"Garoa/Chuvisco";"Simples";"Reta";"Não";2;0;2;0;0;0;2;1;-17,4007577;-39,6715998;"SPRF-BA";"DEL09-BA";"UOP02-DEL09-BA"
290277;2020-06-16;"terça-feira";"11:10:00";"MG";381;352;"JOAO MONLEVADE";"Agressão Externa";"Colisão com objeto em movimento";"Com Vítimas Feridas";"Pleno dia";"Crescente";"Céu Claro";"Simples";"Reta";"Não";1;0;1;0;0;0;1;1;-19,84205535;-43,17383018;"SPRF-MG";"DEL03-MG";"UOP01-DEL03-MG"
290279;2020-06-16;"terça-feira";"07:50:00";"BA";116;870,5;"VITORIA DA CONQUISTA";"Falta de Atenção à Condução";"Colisão transversal";"Sem Vítimas";"Pleno dia";"Crescente";"Garoa/Chuvisco";"Simples";"Reta";"Sim";2;0;0;0;2;0;0;2;-15,210358;-41,08743;"SPRF-BA";"DEL08-BA";"UOP03-DEL08-BA"
290280;2020-06-16;"terça-feira";"11:15:00";"RN";226;3;"NATAL";"Falta de Atenção à Condução";"Colisão lateral";"Com Vítimas Feridas";"Pleno dia";"Crescente";"Céu Claro";"Dupla";"Reta";"Sim";3;0;2;0;1;0;2;2;-5,80642132;-35,24167278;"SPRF-RN";"DEL01-RN";"UOP02-DEL01-RN"
290281;2020-06-16;"terça-feira";"11:10:00";"PI";316;32;"DEMERVAL LOBAO";"Falta de Atenção à Condução";"Colisão traseira";"Sem Vítimas";"Pleno dia";"Crescente";"Céu Claro";"Simples";"Reta";"Sim";2;0;0;0;2;0;0;2;-5,34217984;-42,68627493;"SPRF-PI";"DEL01-PI";"UOP02-DEL01-PI"
290285;2020-06-16;"terça-feira";"08:10:00";"MA";135;38;"BACABEIRA";"Falta de Atenção à Condução";"Colisão transversal";"Com Vítimas Feridas";"Pleno dia";"Crescente";"Sol";"Dupla";"Reta";"Não";3;0;0;1;1;1;1;3;-2,876096;-44,37489;"SPRF-MA";"DEL01-MA";"UOP01-DEL01-MA"
290286;2020-06-14;"domingo";"05:30:00";"MG";365;431,5;"PATOS DE MINAS";"Falta de Atenção à Condução";"Colisão transversal";"Com Vítimas Fatais";"Amanhecer";"Decrescente";"Nevoeiro/Neblina";"Simples";"Interseção de Vias";"Não";2;1;0;0;0;1;0;2;-18,759044;-46,663795;"SPRF-MG";"DEL10-MG";"UOP01-DEL10-MG"
290288;2020-06-16;"terça-feira";"10:00:00";"MG";116;102,5;"ITAOBIM";"Velocidade Incompatível";"Colisão com objeto estático";"Com Vítimas Feridas";"Pleno dia";"Crescente";"Nublado";"Simples";"Reta";"Não";2;0;1;1;0;0;2;1;-16,44666093;-41,49918038;"SPRF-MG";"DEL11-MG";"UOP02-DEL11-MG"
290290;2020-04-25;"sábado";"17:50:00";"RS";290;97;"PORTO ALEGRE";"Falta de Atenção à Condução";"Tombamento";"Com Vítimas Feridas";"Anoitecer";"Crescente";"Céu Claro";"Dupla";"Reta";"Não";1;0;1;0;0;0;1;1;-29,997789;-51,20779;"SPRF-RS";"DEL01-RS";"UOP01-DEL01-RS"
290292;2020-06-16;"terça-feira";"14:00:00";"RJ";116;138;"DUQUE DE CAXIAS";"Falta de Atenção à Condução";"Colisão traseira";"Com Vítimas Feridas";"Pleno dia";"Crescente";"Céu Claro";"Dupla";"Reta";"Sim";3;0;2;0;1;0;2;2;-22,6488684;-43,23099732;"SPRF-RJ";"DEL04-RJ";"UOP02-DEL04-RJ"
290293;2020-06-16;"terça-feira";"14:00:00";"AP";210;5;"MACAPA";"Desobediência às normas de trânsito pelo condutor";"Colisão transversal";"Com Vítimas Feridas";"Pleno dia";"Crescente";"Céu Claro";"Dupla";"Retorno Regulamentado";"Sim";2;0;0;1;1;0;1;2;0,09055062;-51,10349413;"SPRF-AP";"DEL01-AP";"UOP01-DEL01-AP"
290294;2020-06-16;"terça-feira";"14:15:00";"RJ";393;238;"VASSOURAS";"Falta de Atenção à Condução";"Colisão transversal";"Com Vítimas Feridas";"Pleno dia";"Crescente";"Céu Claro";"Simples";"Reta";"Sim";5;0;5;0;0;0;5;2;-22,40095658;-43,66442518;"SPRF-RJ";"DEL05-RJ";"UOP03-DEL05-RJ"
290295;2020-05-31;"domingo";"03:00:00";"MS";463;108;"PONTA PORA";"Ingestão de Álcool";"Tombamento";"Sem Vítimas";"Plena Noite";"Decrescente";"Céu Claro";"Dupla";"Reta";"Sim";1;0;0;0;0;1;0;1;-22,5856609;-55,68094093;"SPRF-MS";"DEL04-MS";"UOP03-DEL04-MS"
290297;2020-06-16;"terça-feira";"13:20:00";"RS";101;21;"TRES CACHOEIRAS";"Falta de Atenção à Condução";"Tombamento";"Com Vítimas Feridas";"Pleno dia";"Crescente";"Sol";"Dupla";"Reta";"Não";1;0;1;0;0;0;1;1;-29,43745141;-49,89693811;"SPRF-RS";"DEL03-RS";"UOP02-DEL03-RS"
290301;2020-06-16;"terça-feira";"14:30:00";"MA";135;4,7;"SAO LUIS";"Desobediência às normas de trânsito pelo condutor";"Colisão traseira";"Com Vítimas Feridas";"Pleno dia";"Crescente";"Céu Claro";"Dupla";"Reta";"Não";3;0;2;1;0;0;3;2;-2,61424881;-44,25257023;"SPRF-MA";"DEL01-MA";"UOP01-DEL01-MA"
290302;2020-06-16;"terça-feira";"15:00:00";"SC";101;339;"TUBARAO";"Falta de Atenção à Condução";"Colisão traseira";"Sem Vítimas";"Pleno dia";"Crescente";"Sol";"Dupla";"Declive";"Sim";2;0;0;0;2;0;0;2;-28,49351117;-49,04178985;"SPRF-SC";"DEL02-SC";"UOP01-DEL02-SC"
290304;2020-06-16;"terça-feira";"15:00:00";"PE";101;50,9;"ABREU E LIMA";"Falta de Atenção à Condução";"Colisão lateral";"Com Vítimas Feridas";"Pleno dia";"Decrescente";"Céu Claro";"Múltipla";"Reta";"Sim";2;0;1;0;1;0;1;2;-7,90938602;-34,90123228;"SPRF-PE";"DEL01-PE";"UOP02-DEL01-PE"
290308;2020-06-16;"terça-feira";"15:00:00";"RS";116;505;"PELOTAS";"Falta de Atenção à Condução";"Colisão com objeto estático";"Com Vítimas Feridas";"Pleno dia";"Crescente";"Céu Claro";"Dupla";"Reta";"Não";2;0;1;0;1;0;1;2;-31,58853468;-52,27995231;"SPRF-RS";"DEL07-RS";"UOP01-DEL07-RS"
290310;2020-06-16;"terça-feira";"15:40:00";"GO";40;2;"VALPARAISO DE GOIAS";"Falta de Atenção do Pedestre";"Atropelamento de Pedestre";"Com Vítimas Feridas";"Pleno dia";"Crescente";"Céu Claro";"Dupla";"Reta";"Sim";2;0;1;0;0;1;1;2;-16,067129;-47,984235;"SPRF-DF";"DEL01-DF";"UOP01-DEL01-DF"
290311;2020-06-16;"terça-feira";"15:20:00";"RJ";116;300;"PORTO REAL";"Objeto estático sobre o leito carroçável";"Colisão com objeto em movimento";"Sem Vítimas";"Pleno dia";"Decrescente";"Céu Claro";"Dupla";"Reta";"Não";1;0;0;0;1;0;0;1;-22,45223481;-44,35432502;"SPRF-RJ";"DEL07-RJ";"UOP02-DEL07-RJ"
290312;2020-06-16;"terça-feira";"14:30:00";"MS";163;519,4;"JARAGUARI";"Defeito Mecânico no Veículo";"Saída de leito carroçável";"Com Vítimas Feridas";"Pleno dia";"Decrescente";"Céu Claro";"Dupla";"Reta";"Não";3;0;3;0;0;0;3;1;-20,16993505;-54,4490649;"SPRF-MS";"DEL01-MS";"UOP02-DEL01-MS"
290313;2020-06-08;"segunda-feira";"16:30:00";"RJ";493;19;"MAGE";"Objeto estático sobre o leito carroçável";"Colisão com objeto estático";"Com Vítimas Feridas";"Pleno dia";"Crescente";"Céu Claro";"Simples";"Reta";"Sim";1;0;1;0;0;0;1;1;-22,6663848;-43,02770248;"SPRF-RJ";"DEL04-RJ";"UOP02-DEL04-RJ"
290314;2020-06-16;"terça-feira";"15:31:00";"PR";369;187,2;"ARAPONGAS";"Animais na Pista";"Atropelamento de Animal";"Com Vítimas Feridas";"Pleno dia";"Crescente";"Céu Claro";"Simples";"Interseção de Vias";"Sim";3;0;0;1;2;0;1;2;-23,426005;-51,423417;"SPRF-PR";"DEL07-PR";"UOP03-DEL07-PR"
290316;2020-06-16;"terça-feira";"16:15:00";"SC";101;192,3;"BIGUACU";"Velocidade Incompatível";"Colisão com objeto estático";"Com Vítimas Feridas";"Pleno dia";"Crescente";"Nublado";"Dupla";"Reta";"Não";1;0;1;0;0;0;1;1;-27,48443781;-48,64765238;"SPRF-SC";"DEL01-SC";"UOP01-DEL01-SC"
290317;2020-06-16;"terça-feira";"13:40:00";"BA";242;372;"PALMEIRAS";"Pista Escorregadia";"Saída de leito carroçável";"Com Vítimas Feridas";"Pleno dia";"Crescente";"Chuva";"Simples";"Curva";"Não";3;0;2;0;1;0;2;1;-12,45491007;-41,48413406;"SPRF-BA";"DEL06-BA";"UOP01-DEL06-BA"
290320;2020-06-16;"terça-feira";"16:00:00";"MA";10;249;"IMPERATRIZ";"Falta de Atenção à Condução";"Colisão transversal";"Com Vítimas Feridas";"Pleno dia";"Crescente";"Céu Claro";"Simples";"Reta";"Sim";3;0;2;1;0;0;3;2;-5,558508;-47,45417;"SPRF-MA";"DEL04-MA";"UOP01-DEL04-MA"
290322;2020-06-16;"terça-feira";"14:30:00";"SC";470;139;"RIO DO SUL";"Falta de Atenção à Condução";"Colisão lateral";"Com Vítimas Feridas";"Pleno dia";"Crescente";"Nublado";"Simples";"Reta";"Sim";2;0;1;0;1;0;1;2;-27,217564;-49,65461;"SPRF-SC";"DEL04-SC";"UOP02-DEL04-SC"
290324;2020-06-16;"terça-feira";"17:10:00";"SC";282;17;"PALHOCA";"Desobediência às normas de trânsito pelo condutor";"Colisão transversal";"Com Vítimas Feridas";"Anoitecer";"Decrescente";"Garoa/Chuvisco";"Simples";"Retorno Regulamentado";"Sim";3;0;1;0;1;1;1;3;-27,665707;-48,688065;"SPRF-SC";"DEL01-SC";"UOP02-DEL01-SC"
290325;2020-06-16;"terça-feira";"16:30:00";"SC";101;164;"TIJUCAS";"Falta de Atenção à Condução";"Colisão traseira";"Com Vítimas Feridas";"Pleno dia";"Crescente";"Céu Claro";"Dupla";"Reta;Viaduto;Aclive";"Sim";2;0;1;0;1;0;1;2;-27,243868;-48,6309;"SPRF-SC";"DEL04-SC";"UOP03-DEL04-SC"
290328;2020-06-16;"terça-feira";"18:00:00";"PR";272;421;"RANCHO ALEGRE DOESTE";"Defeito Mecânico no Veículo";"Saída de leito carroçável";"Com Vítimas Feridas";"Anoitecer";"Crescente";"Céu Claro";"Simples";"Reta";"Não";3;0;2;0;1;0;2;1;-24,14448104;-52,88472096;"SPRF-PR";"DEL09-PR";"UOP03-DEL09-PR"
290329;2020-06-16;"terça-feira";"17:50:00";"SP";116;148;"SAO JOSE DOS CAMPOS";"Falta de Atenção à Condução";"Colisão traseira";"Com Vítimas Feridas";"Anoitecer";"Decrescente";"Céu Claro";"Múltipla";"Reta";"Sim";2;0;1;0;1;0;1;2;-23,20067421;-45,8795018;"SPRF-SP";"DEL02-SP";"UOP01-DEL02-SP"
290330;2020-06-16;"terça-feira";"13:20:00";"MG";116;816,8;"ALEM PARAIBA";"Desobediência às normas de trânsito pelo condutor";"Colisão frontal";"Com Vítimas Feridas";"Pleno dia";"Crescente";"Nublado";"Simples";"Reta";"Sim";2;0;1;0;1;0;1;2;-21,86902523;-42,67084185;"SPRF-MG";"DEL07-MG";"UOP01-DEL07-MG"
290331;2020-06-10;"quarta-feira";"21:00:00";"BA";101;714,9;"EUNAPOLIS";"Ingestão de Álcool";"Colisão transversal";"Sem Vítimas";"Plena Noite";"Decrescente";"Céu Claro";"Simples";"Interseção de Vias";"Sim";2;0;0;0;2;0;0;2;-16,35519135;-39,57951492;"SPRF-BA";"DEL09-BA";"UOP01-DEL09-BA"
290332;2020-06-16;"terça-feira";"16:20:00";"AL";423;78,5;"AGUA BRANCA";"Ingestão de Álcool";"Atropelamento de Pedestre";"Com Vítimas Fatais";"Plena Noite";"Crescente";"Céu Claro";"Simples";"Reta";"Não";3;1;0;0;1;1;0;3;-9,32481684;-37,96857706;"SPRF-AL";"DEL03-AL";"UOP02-DEL03-AL"
290333;2020-06-16;"terça-feira";"18:15:00";"SC";101;388;"CRICIUMA";"Objeto estático sobre o leito carroçável";"Colisão traseira";"Com Vítimas Feridas";"Plena Noite";"Crescente";"Céu Claro";"Múltipla";"Reta";"Não";2;0;0;1;1;0;1;2;-28,78369283;-49,33513641;"SPRF-SC";"DEL02-SC";"UOP02-DEL02-SC"
290334;2020-06-16;"terça-feira";"18:25:00";"RS";287;248;"SANTA MARIA";"Desobediência às normas de trânsito pelo condutor";"Colisão transversal";"Sem Vítimas";"Plena Noite";"Decrescente";"Céu Claro";"Simples";"Reta";"Sim";2;0;0;0;2;0;0;2;-29,696018;-53,850956;"SPRF-RS";"DEL09-RS";"UOP01-DEL09-RS"
290335;2020-06-16;"terça-feira";"18:30:00";"BA";324;614;"SALVADOR";"Avarias e/ou desgaste excessivo no pneu";"Queda de ocupante de veículo";"Com Vítimas Feridas";"Plena Noite";"Crescente";"Céu Claro";"Dupla";"Reta";"Não";1;0;1;0;0;0;1;1;-12,8639793;-38,42370126;"SPRF-BA";"DEL01-BA";"UOP01-DEL01-BA"