"id";"data_inversa";"dia_semana";"horario";"uf";"br";"km";"municipio";"causa_acidente";"tipo_acidente";"classificacao_acidente";"fase_dia";"sentido_via";"condicao_metereologica";"tipo_pista";"tracado_via";"uso_solo";"pessoas";"mortos";"feridos_leves";"feridos_graves";"ilesos";"ignorados";"feridos";"veiculos";"latitude";"longitude";"regional";"delegacia";"uop"
290336;2020-06-16;"terça-feira";"18:20:00";"RJ";356;181,7;"SAO JOAO DA BARRA";"Falta de Atenção do Pedestre";"Atropelamento de Pedestre";"Com Vítimas Feridas";"Plena Noite";"Crescente";"Nublado";"Simples";"Reta";"Sim";2;0;1;0;1;0;1;2;-21,6563250367;-41,0531788057;"SPRF-RJ";"DEL08-RJ";"UOP02-DEL08-RJ"
290337;2020-06-16;"terça-feira";"18:10:00";"ES";101;147,1;"LINHARES";"Falta de Atenção do Pedestre";"Atropelamento de Pedestre";"Com Vítimas Feridas";"Plena Noite";"Decrescente";"Céu Claro";"Dupla";"Reta";"Sim";3;0;1;0;1;1;1;2;-19,37887202;-40,06657892;"SPRF-ES";"DEL04-ES";"UOP01-DEL04-ES"
290338;2020-06-16;"terça-feira";"18:15:00";"MG";381;512;"IGARAPE";"Falta de Atenção à Condução";"Tombamento";"Com Vítimas Feridas";"Anoitecer";"Crescente";"Nublado";"Dupla";"Interseção de Vias;Reta";"Sim";1;0;1;0;0;0;1;1;-20,09239724;-44,31458341;"SPRF-MG";"DEL01-MG";"UOP03-DEL01-MG"
290339;2020-06-16;"terça-feira";"18:20:00";"SC";101;198,9;"BIGUACU";"Pista Escorregadia";"Tombamento";"Com Vítimas Feridas";"Plena Noite";"Decrescente";"Garoa/Chuvisco";"Dupla";"Reta";"Sim";2;0;0;1;0;1;1;2;-27,52658712;-48,63506019;"SPRF-SC";"DEL01-SC";"UOP01-DEL01-SC"
290340;2020-06-16;"terça-feira";"18:00:00";"PB";230;317;"SAO MAMEDE";"Animais na Pista";"Capotamento";"Com Vítimas Feridas";"Anoitecer";"Crescente";"Céu Claro";"Simples";"Reta";"Não";1;0;1;0;0;0;1;1;-6,9543;-37,1244;"SPRF-PB";"DEL03-PB";"UOP01-DEL03-PB"
290341;2020-06-16;"terça-feira";"18:20:00";"PI";343;13;"PARNAIBA";"Ingestão de Álcool";"Colisão transversal";"Com Vítimas Feridas";"Plena Noite";"Decrescente";"Céu Claro";"Dupla";"Reta";"Sim";2;0;2;0;0;0;2;2;-2,919029;-41,754124;"SPRF-PI";"DEL05-PI";"UOP01-DEL05-PI"
290342;2020-06-16;"terça-feira";"18:10:00";"PR";277;593;"CASCAVEL";"Velocidade Incompatível";"Colisão traseira";"Com Vítimas Feridas";"Anoitecer";"Decrescente";"Céu Claro";"Simples";"Reta";"Não";2;0;1;0;1;0;1;2;-24,98082053;-53,48254989;"SPRF-PR";"DEL04-PR";"UOP01-DEL04-PR"
290344;2020-06-16;"terça-feira";"18:51:00";"GO";50;132;"IPAMERI";"Avarias e/ou desgaste excessivo no pneu";"Saída de leito carroçável";"Sem Vítimas";"Pleno dia";"Decrescente";"Céu Claro";"Dupla";"Curva";"Não";2;0;0;0;0;2;0;1;-17,0245;-47,7626;"SPRF-GO";"DEL06-GO";"UOP01-DEL06-GO"
290346;2020-06-16;"terça-feira";"19:00:00";"MG";365;640;"UBERLANDIA";"Falta de Atenção à Condução";"Colisão lateral";"Com Vítimas Feridas";"Plena Noite";"Crescente";"Nublado";"Dupla";"Reta";"Não";3;0;1;0;2;0;1;2;-18,88535924;-48,46544904;"SPRF-MG";"DEL15-MG";"UOP01-DEL15-MG"
290347;2020-06-16;"terça-feira";"19:00:00";"MG";116;240,3;"TEOFILO OTONI";"Pista Escorregadia";"Saída de leito carroçável";"Com Vítimas Feridas";"Plena Noite";"Crescente";"Chuva";"Simples";"Curva";"Não";2;0;0;1;0;1;1;2;-17,57022614;-41,46854576;"SPRF-MG";"DEL11-MG";"UOP01-DEL11-MG"
290348;2020-06-16;"terça-feira";"19:00:00";"SP";116;290;"ITAPECERICA DA SERRA";"Agressão Externa";"Colisão lateral";"Com Vítimas Feridas";"Plena Noite";"Crescente";"Céu Claro";"Dupla";"Reta";"Não";1;0;0;1;0;0;1;1;-23,7303281;-46,89425963;"SPRF-SP";"DEL04-SP";"UOP01-DEL04-SP"
290351;2020-06-16;"terça-feira";"16:50:00";"MA";135;0;"SAO LUIS";"Defeito Mecânico no Veículo";"Colisão traseira";"Com Vítimas Feridas";"Pleno dia";"Decrescente";"Céu Claro";"Dupla";"Reta";"Sim";2;0;1;0;0;1;1;2;-2,5804565;-44,241947;"SPRF-MA";"DEL01-MA";"UOP01-DEL01-MA"
290353;2020-06-16;"terça-feira";"18:50:00";"RS";116;257;"ESTEIO";"Falta de Atenção à Condução";"Colisão traseira";"Com Vítimas Feridas";"Plena Noite";"Decrescente";"Céu Claro";"Dupla";"Reta";"Sim";3;0;1;0;2;0;1;3;-29,85262195;-51,17968329;"SPRF-RS";"DEL01-RS";"UOP02-DEL01-RS"
290356;2020-06-16;"terça-feira";"17:30:00";"PI";407;571;"PAULISTANA";"Desobediência às normas de trânsito pelo condutor";"Colisão frontal";"Com Vítimas Feridas";"Anoitecer";"Crescente";"Céu Claro";"Simples";"Aclive";"Sim";4;0;2;1;1;0;3;4;-8,11972006;-41,15513818;"SPRF-PI";"DEL04-PI";"UOP01-DEL04-PI"
290357;2020-06-16;"terça-feira";"18:00:00";"SC";101;337,7;"TUBARAO";"Ingestão de Álcool";"Queda de ocupante de veículo";"Com Vítimas Feridas";"Plena Noite";"Crescente";"Nublado";"Dupla";"Reta;Declive";"Não";2;0;1;0;1;0;1;1;-28,47801624;-49,03246283;"SPRF-SC";"DEL02-SC";"UOP01-DEL02-SC"
290362;2020-06-16;"terça-feira";"19:30:00";"SC";101;42,5;"JOINVILLE";"Falta de Atenção à Condução";"Colisão traseira";"Sem Vítimas";"Plena Noite";"Crescente";"Garoa/Chuvisco";"Simples";"Reta";"Sim";2;0;0;0;1;1;0;2;-26,29251598;-48,88474385;"SPRF-SC";"DEL03-SC";"UOP01-DEL03-SC"
290363;2020-05-11;"segunda-feira";"08:20:00";"RN";427;153,6;"SERRA NEGRA DO NORTE";"Falta de Atenção à Condução";"Colisão com objeto estático";"Sem Vítimas";"Pleno dia";"Crescente";"Sol";"Simples";"Curva";"Não";2;0;0;0;0;2;0;1;-6,64526327;-37,37208456;"SPRF-RN";"DEL03-RN";"UOP01-DEL03-RN"
290364;2020-06-16;"terça-feira";"18:00:00";"RS";290;8;"OSORIO";"Defeito Mecânico no Veículo";"Incêndio";"Sem Vítimas";"Plena Noite";"Crescente";"Céu Claro";"Dupla";"Reta";"Não";1;0;0;0;1;0;0;1;-29,89323;-50,353348;"SPRF-RS";"DEL03-RS";"UOP01-DEL03-RS"
290366;2020-04-09;"quinta-feira";"19:00:00";"SC";470;62,2;"INDAIAL";"Desobediência às normas de trânsito pelo condutor";"Colisão transversal";"Com Vítimas Feridas";"Plena Noite";"Crescente";"Céu Claro";"Simples";"Reta";"Sim";2;0;1;0;1;0;1;2;-26,87442602;-49,18569982;"SPRF-SC";"DEL04-SC";"UOP01-DEL04-SC"
290368;2020-06-16;"terça-feira";"20:20:00";"GO";251;25,8;"CRISTALINA";"Desobediência às normas de trânsito pelo condutor";"Colisão frontal";"Com Vítimas Feridas";"Pleno dia";"Decrescente";"Céu Claro";"Simples";"Curva";"Sim";3;0;1;2;0;0;3;2;-16,11458089;-47,4914016;"SPRF-DF";"DEL01-DF";"UOP01-DEL01-DF"
290369;2020-05-31;"domingo";"09:30:00";"ES";262;63,9;"DOMINGOS MARTINS";"Falta de Atenção à Condução";"Saída de leito carroçável";"Com Vítimas Feridas";"Pleno dia";"Crescente";"Nublado";"Simples";"Curva";"Não";1;0;0;1;0;0;1;1;-20,41708495;-40,81390664;"SPRF-ES";"DEL01-ES";"UOP02-DEL01-ES"
290370;2020-06-16;"terça-feira";"19:00:00";"RJ";116;304,9;"RESENDE";"Não guardar distância de segurança";"Colisão lateral";"Com Vítimas Feridas";"Plena Noite";"Crescente";"Céu Claro";"Simples";"Declive";"Sim";2;0;0;1;1;0;1;2;-22,4550412;-44,38649998;"SPRF-RJ";"DEL07-RJ";"UOP02-DEL07-RJ"
290371;2020-06-16;"terça-feira";"19:15:00";"AM";319;60;"CAREIRO";"Animais na Pista";"Atropelamento de Animal";"Sem Vítimas";"Plena Noite";"Decrescente";"Céu Claro";"Simples";"Reta";"Não";3;0;0;0;3;0;0;1;-3,471687;-60,075851;"SPRF-AM";"DEL01-AM";"UOP04-DEL01-AM"
290372;2020-06-16;"terça-feira";"19:45:00";"SC";101;138;"BALNEARIO CAMBORIU";"Falta de Atenção à Condução";"Colisão com objeto estático";"Sem Vítimas";"Plena Noite";"Decrescente";"Nublado";"Dupla";"Curva";"Sim";1;0;0;0;0;1;0;1;-27,02397426;-48,60761649;"SPRF-SC";"DEL04-SC";"UOP03-DEL04-SC"
290373;2020-06-16;"terça-feira";"22:05:00";"GO";70;0;"AGUAS LINDAS DE GOIAS";"Ingestão de álcool e/ou substâncias psicoativas pelo pedestre";"Saída de leito carroçável";"Com Vítimas Feridas";"Plena Noite";"Decrescente";"Céu Claro";"Dupla";"Reta";"Sim";1;0;1;0;0;0;1;1;-15,783543;-48,2326;"SPRF-DF";"DEL03-DF";"UOP02-DEL03-DF"
290374;2020-06-16;"terça-feira";"22:20:00";"RN";101;129;"NISIA FLORESTA";"Falta de Atenção à Condução";"Saída de leito carroçável";"Com Vítimas Feridas";"Plena Noite";"Decrescente";"Céu Claro";"Dupla";"Rotatória";"Não";2;0;0;1;0;1;1;2;-6,112119;-35,233627;"SPRF-RN";"DEL01-RN";"UOP01-DEL01-RN"
290375;2020-06-16;"terça-feira";"22:25:00";"TO";153;333,9;"GUARAI";"Desobediência às normas de trânsito pelo condutor";"Colisão lateral";"Com Vítimas Feridas";"Plena Noite";"Crescente";"Céu Claro";"Dupla";"Interseção de Vias";"Sim";2;0;0;1;1;0;1;2;-8,83467537;-48,51242781;"SPRF-TO";"DEL02-TO";"UOP02-DEL02-TO"
290376;2020-06-08;"segunda-feira";"08:00:00";"BA";116;823,7;"VITORIA DA CONQUISTA";"Desobediência às normas de trânsito pelo condutor";"Colisão transversal";"Sem Vítimas";"Pleno dia";"Crescente";"Céu Claro";"Dupla";"Interseção de Vias";"Sim";2;0;0;0;1;1;0;2;-14,859994;-40,849929;"SPRF-BA";"DEL08-BA";"UOP01-DEL08-BA"
290377;2020-06-16;"terça-feira";"21:50:00";"RJ";116;172;"BELFORD ROXO";"Mal Súbito";"Capotamento";"Com Vítimas Feridas";"Plena Noite";"Crescente";"Céu Claro";"Múltipla";"Reta";"Sim";1;0;1;0;0;0;1;1;-22,80188151;-43,35043673;"SPRF-RJ";"DEL01-RJ";"UOP02-DEL01-RJ"
290378;2020-06-16;"terça-feira";"22:30:00";"RS";116;241;"NOVO HAMBURGO";"Falta de Atenção à Condução";"Colisão com objeto estático";"Com Vítimas Feridas";"Pleno dia";"Decrescente";"Céu Claro";"Dupla";"Reta";"Sim";1;0;0;1;0;0;1;1;-29,71125393;-51,1473245;"SPRF-RS";"DEL01-RS";"UOP02-DEL01-RS"
290380;2020-06-16;"terça-feira";"21:55:00";"SC";280;126,8;"RIO NEGRINHO";"Ingestão de Álcool";"Atropelamento de Pedestre";"Com Vítimas Feridas";"Plena Noite";"Decrescente";"Céu Claro";"Simples";"Declive";"Sim";2;0;1;0;1;0;1;2;-26,23779604;-49,49427399;"SPRF-SC";"DEL06-SC";"UOP03-DEL06-SC"
290382;2020-05-29;"sexta-feira";"20:40:00";"SC";101;205,8;"SAO JOSE";"Não guardar distância de segurança";"Colisão traseira";"Com Vítimas Feridas";"Plena Noite";"Decrescente";"Céu Claro";"Dupla";"Reta";"Sim";4;0;1;0;3;0;1;4;-27,59041983;-48,61759186;"SPRF-SC";"DEL01-SC";"UOP01-DEL01-SC"
290383;2020-06-16;"terça-feira";"23:37:00";"DF";60;23;"BRASILIA";"Ingestão de Álcool";"Saída de leito carroçável";"Sem Vítimas";"Plena Noite";"Decrescente";"Céu Claro";"Dupla";"Reta";"Não";1;0;0;0;1;0;0;1;-15,987903;-48,223103;"SPRF-DF";"DEL03-DF";"UOP01-DEL03-DF"
290384;2020-06-17;"quarta-feira";"01:00:00";"PR";369;182,2;"ARAPONGAS";"Desobediência às normas de trânsito pelo condutor";"Colisão transversal";"Com Vítimas Fatais";"Plena Noite";"Decrescente";"Céu Claro";"Dupla";"Reta";"Sim";3;1;0;0;0;2;0;3;-23,380781;-51,417342;"SPRF-PR";"DEL07-PR";"UOP03-DEL07-PR"
290386;2020-06-17;"quarta-feira";"02:20:00";"GO";40;1,5;"VALPARAISO DE GOIAS";"Velocidade Incompatível";"Saída de leito carroçável";"Com Vítimas Feridas";"Plena Noite";"Decrescente";"Céu Claro";"Dupla";"Reta";"Sim";1;0;1;0;0;0;1;1;-16,058245;-47,982825;"SPRF-DF";"DEL01-DF";"UOP01-DEL01-DF"
290388;2020-06-17;"quarta-feira";"03:10:00";"PR";116;59;"CAMPINA GRANDE DO SUL";"Falta de Atenção à Condução";"Saída de leito carroçável";"Com Vítimas Feridas";"Amanhecer";"Decrescente";"Céu Claro";"Dupla";"Retorno Regulamentado";"Não";1;0;1;0;0;0;1;1;-25,30459475;-48,9483018;"SPRF-PR";"DEL01-PR";"UOP02-DEL01-PR"
290389;2020-06-17;"quarta-feira";"01:40:00";"PB";230;403;"POMBAL";"Condutor Dormindo";"Saída de leito carroçável";"Sem Vítimas";"Plena Noite";"Crescente";"Nublado";"Simples";"Declive";"Não";1;0;0;0;0;1;0;1;-6,8002;-37,7771;"SPRF-PB";"DEL03-PB";"UOP02-DEL03-PB"
290393;2020-06-17;"quarta-feira";"05:10:00";"RJ";116;167;"SAO JOAO DE MERITI";"Objeto estático sobre o leito carroçável";"Atropelamento de Animal";"Sem Vítimas";"Plena Noite";"Crescente";"Céu Claro";"Múltipla";"Reta";"Sim";1;0;0;0;1;0;0;1;-22,81803977;-43,30787252;"SPRF-RJ";"DEL01-RJ";"UOP01-DEL01-RJ"
290394;2020-06-17;"quarta-feira";"05:45:00";"SP";116;99;"PINDAMONHANGABA";"Velocidade Incompatível";"Saída de leito carroçável";"Sem Vítimas";"Amanhecer";"Decrescente";"Céu Claro";"Dupla";"Curva;Aclive";"Não";1;0;0;0;0;1;0;1;-22,98236971;-45,46436617;"SPRF-SP";"DEL06-SP";"UOP01-DEL06-SP"
290395;2020-06-17;"quarta-feira";"04:50:00";"MS";163;256;"DOURADOS";"Ingestão de Álcool";"Saída de leito carroçável";"Sem Vítimas";"Plena Noite";"Crescente";"Céu Claro";"Dupla";"Rotatória";"Sim";2;0;0;0;0;2;0;2;-22,25871589;-54,80427861;"SPRF-MS";"DEL04-MS";"UOP01-DEL04-MS"
290399;2020-06-17;"quarta-feira";"05:00:00";"PR";277;269;"PRUDENTOPOLIS";"Falta de Atenção à Condução";"Saída de leito carroçável";"Sem Vítimas";"Plena Noite";"Decrescente";"Céu Claro";"Simples";"Curva";"Não";1;0;0;0;0;1;0;1;-25,39075669;-50,81768392;"SPRF-PR";"DEL03-PR";"UOP03-DEL03-PR"
290400;2020-06-17;"quarta-feira";"06:45:00";"SC";280;28,7;"ARAQUARI";"Falta de Atenção à Condução";"Colisão transversal";"Com Vítimas Feridas";"Pleno dia";"Crescente";"Nublado";"Simples";"Interseção de Vias";"Não";2;0;1;0;1;0;1;2;-26,4095903;-48,75154138;"SPRF-SC";"DEL03-SC";"UOP03-DEL03-SC"
290401;2020-06-17;"quarta-feira";"06:40:00";"SC";101;25,6;"JOINVILLE";"Falta de Atenção à Condução";"Colisão lateral";"Com Vítimas Feridas";"Amanhecer";"Crescente";"Céu Claro";"Dupla";"Reta";"Sim";3;0;1;0;2;0;1;2;-26,1834739;-48,9105912;"SPRF-SC";"DEL03-SC";"UOP01-DEL03-SC"
290403;2020-06-17;"quarta-feira";"07:00:00";"SC";101;210;"SAO JOSE";"Falta de Atenção à Condução";"Colisão lateral";"Com Vítimas Feridas";"Pleno dia";"Crescente";"Chuva";"Simples";"Reta";"Sim";2;0;1;0;1;0;1;2;-27,61449338;-48,64370584;"SPRF-SC";"DEL01-SC";"UOP01-DEL01-SC"
290404;2020-06-17;"quarta-feira";"07:15:00";"SC";101;341,2;"TUBARAO";"Ingestão de Álcool";"Saída de leito carroçável";"Com Vítimas Feridas";"Pleno dia";"Crescente";"Sol";"Dupla";"Reta";"Sim";1;0;1;0;0;0;1;1;-28,51970505;-49,0544486;"SPRF-SC";"DEL02-SC";"UOP01-DEL02-SC"
290405;2020-06-17;"quarta-feira";"07:10:00";"PR";476;136,8;"CURITIBA";"Falta de Atenção à Condução";"Queda de ocupante de veículo";"Com Vítimas Feridas";"Pleno dia";"Crescente";"Sol";"Múltipla";"Reta";"Sim";1;0;1;0;0;0;1;1;-25,49743916;-49,27737236;"SPRF-PR";"DEL01-PR";"UOP03-DEL01-PR"
290406;2020-06-17;"quarta-feira";"07:00:00";"RS";290;2,8;"PORTO ALEGRE";"Falta de Atenção à Condução";"Colisão traseira";"Com Vítimas Feridas";"Pleno dia";"Crescente";"Céu Claro";"Múltipla";"Reta";"Sim";2;0;1;0;1;0;1;2;-29,97521736;-51,17827199;"SPRF-RS";"DEL03-RS";"UOP01-DEL03-RS"
290407;2020-06-17;"quarta-feira";"07:50:00";"RS";116;524,3;"PELOTAS";"Desobediência às normas de trânsito pelo condutor";"Colisão transversal";"Com Vítimas Feridas";"Pleno dia";"Crescente";"Céu Claro";"Simples";"Interseção de Vias";"Sim";2;0;1;0;1;0;1;2;-31,72863738;-52,38746675;"SPRF-RS";"DEL07-RS";"UOP01-DEL07-RS"
290409;2020-06-13;"sábado";"20:55:00";"SP";381;60;"MAIRIPORA";"Falta de Atenção à Condução";"Colisão com objeto estático";"Com Vítimas Feridas";"Plena Noite";"Decrescente";"Céu Claro";"Dupla";"Curva";"Não";1;0;0;1;0;0;1;1;-23,28957673;-46,58729853;"SPRF-SP";"DEL03-SP";"UOP01-DEL03-SP"
290412;2020-06-17;"quarta-feira";"07:50:00";"MG";40;528,5;"CONTAGEM";"Pista Escorregadia";"Queda de ocupante de veículo";"Com Vítimas Feridas";"Pleno dia";"Crescente";"Céu Claro";"Dupla";"Reta";"Sim";1;0;1;0;0;0;1;1;-19,90883179;-44,04436577;"SPRF-MG";"DEL01-MG";"UOP02-DEL01-MG"
290413;2020-06-14;"domingo";"05:30:00";"SC";101;326,8;"CAPIVARI DE BAIXO";"Ingestão de Álcool";"Saída de leito carroçável";"Com Vítimas Fatais";"Plena Noite";"Crescente";"Céu Claro";"Múltipla";"Reta";"Sim";2;1;0;0;1;0;0;2;-28,436005;-48,95957;"SPRF-SC";"DEL02-SC";"UOP01-DEL02-SC"
290415;2020-06-17;"quarta-feira";"07:40:00";"RS";158;159,7;"PANAMBI";"Velocidade Incompatível";"Saída de leito carroçável";"Com Vítimas Feridas";"Pleno dia";"Decrescente";"Céu Claro";"Simples";"Reta";"Não";1;0;1;0;0;0;1;1;-28,35179518;-53,50339247;"SPRF-RS";"DEL10-RS";"UOP02-DEL10-RS"
290419;2020-06-17;"quarta-feira";"07:00:00";"BA";242;363;"LENCOIS";"Fenômenos da Natureza";"Saída de leito carroçável";"Sem Vítimas";"Pleno dia";"Decrescente";"Chuva";"Simples";"Curva";"Não";2;0;0;0;2;0;0;1;-12,46727769;-41,4150469;"SPRF-BA";"DEL06-BA";"UOP01-DEL06-BA"
290421;2020-06-17;"quarta-feira";"09:15:00";"PR";476;130;"CURITIBA";"Falta de Atenção à Condução";"Saída de leito carroçável";"Com Vítimas Feridas";"Pleno dia";"Crescente";"Nublado";"Múltipla";"Curva";"Sim";2;0;2;0;0;0;2;1;-25,449564;-49,236427;"SPRF-PR";"DEL01-PR";"UOP07-DEL01-PR"
290422;2020-06-17;"quarta-feira";"09:30:00";"PR";277;719,2;"FOZ DO IGUACU";"Ingestão de Substâncias Psicoativas";"Queda de ocupante de veículo";"Com Vítimas Feridas";"Pleno dia";"Decrescente";"Céu Claro";"Dupla";"Aclive";"Sim";2;0;1;0;1;0;1;1;-25,48375622;-54,49425791;"SPRF-PR";"DEL05-PR";"UOP01-DEL05-PR"
290426;2020-05-27;"quarta-feira";"18:00:00";"RS";116;110,5;"SAO MARCOS";"Desobediência às normas de trânsito pelo condutor";"Tombamento";"Com Vítimas Feridas";"Pleno dia";"Decrescente";"Sol";"Simples";"Reta";"Não";3;0;1;0;0;2;1;2;-28,93751206;-51,09448306;"SPRF-RS";"DEL05-RS";"UOP01-DEL05-RS"
290429;2020-06-17;"quarta-feira";"11:00:00";"CE";116;6;"FORTALEZA";"Desobediência às normas de trânsito pelo condutor";"Colisão transversal";"Com Vítimas Feridas";"Pleno dia";"Decrescente";"Céu Claro";"Múltipla";"Interseção de Vias";"Sim";2;0;1;0;1;0;1;2;-3,802624;-38,50400499;"SPRF-CE";"DEL01-CE";"UOP02-DEL01-CE"
290430;2020-06-17;"quarta-feira";"09:00:00";"MA";10;249;"IMPERATRIZ";"Falta de Atenção à Condução";"Colisão traseira";"Com Vítimas Feridas";"Pleno dia";"Decrescente";"Céu Claro";"Simples";"Rotatória";"Sim";2;0;1;0;1;0;1;2;-5,558508;-47,45417;"SPRF-MA";"DEL04-MA";"UOP01-DEL04-MA"
290431;2020-06-17;"quarta-feira";"11:00:00";"GO";60;36;"ALEXANIA";"Avarias e/ou desgaste excessivo no pneu";"Saída de leito carroçável";"Com Vítimas Feridas";"Pleno dia";"Crescente";"Céu Claro";"Dupla";"Reta";"Não";2;0;2;0;0;0;2;1;-16,1119;-48,5299;"SPRF-GO";"DEL01-GO";"UOP02-DEL01-GO"
290432;2020-06-17;"quarta-feira";"11:00:00";"MG";262;380,5;"MATEUS LEME";"Falta de Atenção à Condução";"Tombamento";"Com Vítimas Feridas";"Pleno dia";"Decrescente";"Nublado";"Dupla";"Declive;Curva";"Não";1;0;1;0;0;0;1;1;-19,947864;-44,381226;"SPRF-MG";"DEL01-MG";"UOP03-DEL01-MG"
290434;2020-06-17;"quarta-feira";"11:55:00";"ES";101;315;"VILA VELHA";"Falta de Atenção à Condução";"Queda de ocupante de veículo";"Com Vítimas Feridas";"Pleno dia";"Decrescente";"Céu Claro";"Simples";"Reta";"Não";1;0;1;0;0;0;1;1;-20,46976694;-40,46795209;"SPRF-ES";"DEL01-ES";"UOP01-DEL01-ES"
290435;2020-06-17;"quarta-feira";"08:30:00";"MG";262;591,8;"CAMPOS ALTOS";"Animais na Pista";"Atropelamento de Animal";"Com Vítimas Feridas";"Pleno dia";"Crescente";"Nublado";"Simples";"Curva";"Não";1;0;1;0;0;0;1;1;-19,66593786;-46,14284708;"SPRF-MG";"DEL08-MG";"UOP02-DEL08-MG"
290436;2020-06-17;"quarta-feira";"12:20:00";"RN";406;159;"CEARA-MIRIM";"Falta de Atenção à Condução";"Tombamento";"Com Vítimas Feridas";"Pleno dia";"Crescente";"Sol";"Simples";"Reta";"Não";1;0;0;1;0;0;1;1;-5,7065959;-35,37766687;"SPRF-RN";"DEL02-RN";"UOP01-DEL02-RN"
290437;2020-06-17;"quarta-feira";"12:00:00";"ES";101;269,7;"SERRA";"Desobediência às normas de trânsito pelo condutor";"Colisão transversal";"Com Vítimas Feridas";"Pleno dia";"Crescente";"Céu Claro";"Múltipla";"Reta";"Sim";2;0;2;0;0;0;2;2;-20,21740496;-40,26990578;"SPRF-ES";"DEL02-ES";"UOP01-DEL02-ES"
290440;2020-06-14;"domingo";"17:45:00";"PI";316;211;"VALENCA DO PIAUI";"Falta de Atenção à Condução";"Queda de ocupante de veículo";"Com Vítimas Feridas";"Pleno dia";"Decrescente";"Céu Claro";"Simples";"Reta";"Sim";1;0;1;0;0;0;1;1;-6,39291;-41,758537;"SPRF-PI";"DEL04-PI";"UOP02-DEL04-PI"
290441;2020-06-17;"quarta-feira";"11:25:00";"RO";319;62,8;"PORTO VELHO";"Desobediência às normas de trânsito pelo condutor";"Engavetamento";"Sem Vítimas";"Pleno dia";"Crescente";"Céu Claro";"Dupla";"Interseção de Vias;Reta";"Sim";3;0;0;0;3;0;0;3;-8,75789101;-63,8863349;"SPRF-RO";"DEL01-RO";"UOP01-DEL01-RO"
290443;2020-06-17;"quarta-feira";"12:30:00";"MG";381;155,6;"GOVERNADOR VALADARES";"Desobediência às normas de trânsito pelo condutor";"Colisão lateral";"Com Vítimas Feridas";"Pleno dia";"Crescente";"Céu Claro";"Simples";"Reta";"Não";4;0;2;0;2;0;2;2;-18,89429705;-42,00463136;"SPRF-MG";"DEL06-MG";"UOP01-DEL06-MG"
290444;2020-05-20;"quarta-feira";"06:40:00";"SE";101;14,8;"MALHADA DOS BOIS";"Pista Escorregadia";"Saída de leito carroçável";"Com Vítimas Feridas";"Pleno dia";"Crescente";"Chuva";"Dupla";"Reta";"Não";4;0;3;1;0;0;4;1;-10,31157674;-36,89174049;"SPRF-SE";"DEL02-SE";"UOP02-DEL02-SE"
290445;2020-06-17;"quarta-feira";"13:15:00";"SC";282;137,3;"BOM RETIRO";"Avarias e/ou desgaste excessivo no pneu";"Saída de leito carroçável";"Com Vítimas Feridas";"Pleno dia";"Decrescente";"Nublado";"Simples";"Rotatória";"Não";2;0;1;0;1;0;1;1;-27,8218;-49,567032;"SPRF-SC";"DEL05-SC";"UOP01-DEL05-SC"
290447;2020-06-17;"quarta-feira";"12:30:00";"MT";364;226;"RONDONOPOLIS";"Desobediência às normas de trânsito pelo condutor";"Colisão traseira";"Com Vítimas Feridas";"Pleno dia";"Decrescente";"Céu Claro";"Dupla";"Aclive";"Não";1;0;1;0;0;0;1;1;-16,30709109;-54,75756322;"SPRF-MT";"DEL02-MT";"UOP01-DEL02-MT"
290448;2020-06-17;"quarta-feira";"13:10:00";"SC";101;210,1;"SAO JOSE";"Falta de Atenção à Condução";"Colisão lateral";"Com Vítimas Feridas";"Pleno dia";"Decrescente";"Nublado";"Dupla";"Reta";"Sim";3;0;1;0;1;1;1;3;-27,6167305;-48,6457265;"SPRF-SC";"DEL01-SC";"UOP01-DEL01-SC"
290449;2020-06-17;"quarta-feira";"12:30:00";"BA";324;623;"SALVADOR";"Avarias e/ou desgaste excessivo no pneu";"Queda de ocupante de veículo";"Com Vítimas Feridas";"Pleno dia";"Crescente";"Céu Claro";"Dupla";"Reta";"Sim";2;0;2;0;0;0;2;1;-12,92628699;-38,46838679;"SPRF-BA";"DEL01-BA";"UOP01-DEL01-BA"
290450;2020-06-17;"quarta-feira";"13:30:00";"PB";101;84,6;"BAYEUX";"Falta de Atenção à Condução";"Tombamento";"Com Vítimas Feridas";"Pleno dia";"Crescente";"Nublado";"Dupla";"Reta";"Sim";1;0;1;0;0;0;1;1;-7,1428003;-34,9194724;"SPRF-PB";"DEL01-PB";"UOP01-DEL01-PB"
290451;2020-05-28;"quinta-feira";"07:59:00";"GO";20;67;"FORMOSA";"Defeito Mecânico no Veículo";"Saída de leito carroçável";"Com Vítimas Feridas";"Pleno dia";"Crescente";"Céu Claro";"Simples";"Reta";"Não";4;0;3;1;0;0;4;1;-15,195777;-47,152126;"SPRF-DF";"DEL02-DF";"UOP01-DEL02-DF"
290452;2020-06-17;"quarta-feira";"10:00:00";"BA";20;187;"LUIS EDUARDO MAGALHAES";"Avarias e/ou desgaste excessivo no pneu";"Saída de leito carroçável";"Com Vítimas Feridas";"Pleno dia";"Crescente";"Céu Claro";"Simples";"Reta";"Não";2;0;2;0;0;0;2;1;-12,30707;-45,8504;"SPRF-BA";"DEL10-BA";"UOP01-DEL10-BA"