"id";"data_inversa";"dia_semana";"horario";"uf";"br";"km";"municipio";"causa_acidente";"tipo_acidente";"classificacao_acidente";"fase_dia";"sentido_via";"condicao_metereologica";"tipo_pista";"tracado_via";"uso_solo";"pessoas";"mortos";"feridos_leves";"feridos_graves";"ilesos";"ignorados";"feridos";"veiculos";"latitude";"longitude";"regional";"delegacia";"uop"
290453;2020-06-17;"quarta-feira";"13:30:00";"RJ";40;65;"PETROPOLIS";"Falta de Atenção à Condução";"Colisão traseira";"Sem Vítimas";"Pleno dia";"Decrescente";"Céu Claro";"Dupla";"Curva";"Não";2;0;0;0;2;0;0;2;-22,427473;-43,16011;"SPRF-RJ";"DEL06-RJ";"UOP01-DEL06-RJ"
290454;2020-06-17;"quarta-feira";"12:40:00";"MA";135;12,5;"SAO LUIS";"Falta de Atenção à Condução";"Colisão traseira";"Com Vítimas Feridas";"Pleno dia";"Crescente";"Sol";"Dupla";"Reta";"Não";2;0;1;0;1;0;1;2;-2,6366942;-44,31157887;"SPRF-MA";"DEL01-MA";"UOP01-DEL01-MA"
290455;2020-06-15;"segunda-feira";"08:05:00";"MS";163;255,5;"DOURADOS";"Objeto estático sobre o leito carroçável";"Queda de ocupante de veículo";"Com Vítimas Feridas";"Pleno dia";"Crescente";"Céu Claro";"Dupla";"Curva";"Sim";1;0;1;0;0;0;1;1;-22,26567386;-54,80944412;"SPRF-MS";"DEL04-MS";"UOP01-DEL04-MS"
290456;2020-06-17;"quarta-feira";"10:45:00";"MG";50;187,5;"UBERABA";"Avarias e/ou desgaste excessivo no pneu";"Tombamento";"Com Vítimas Feridas";"Pleno dia";"Decrescente";"Céu Claro";"Dupla";"Reta";"Não";1;0;1;0;0;0;1;1;-19,83290398;-47,88516697;"SPRF-MG";"DEL13-MG";"UOP01-DEL13-MG"
290457;2020-06-17;"quarta-feira";"14:00:00";"PE";101;45;"IGARASSU";"Falta de Atenção à Condução";"Capotamento";"Com Vítimas Feridas";"Pleno dia";"Crescente";"Nublado";"Múltipla";"Reta";"Sim";1;0;1;0;0;0;1;1;-7,86521297;-34,90715176;"SPRF-PE";"DEL01-PE";"UOP02-DEL01-PE"
290458;2020-06-17;"quarta-feira";"14:20:00";"GO";40;34,5;"LUZIANIA";"Falta de Atenção à Condução";"Colisão lateral";"Com Vítimas Feridas";"Pleno dia";"Decrescente";"Céu Claro";"Dupla";"Reta";"Não";3;0;3;0;0;0;3;2;-16,307704;-47,843207;"SPRF-DF";"DEL01-DF";"UOP01-DEL01-DF"
290460;2020-06-17;"quarta-feira";"14:00:00";"BA";116;10,7;"VITORIA DA CONQUISTA";"Mal Súbito";"Saída de leito carroçável";"Com Vítimas Feridas";"Pleno dia";"Crescente";"Garoa/Chuvisco";"Simples";"Curva";"Não";1;0;1;0;0;0;1;1;-14,851;-40,8485;"SPRF-BA";"DEL08-BA";"UOP01-DEL08-BA"
290461;2020-06-17;"quarta-feira";"13:50:00";"SP";0;0;"CACAPAVA";"Ultrapassagem Indevida";"Colisão transversal";"Com Vítimas Feridas";"Pleno dia";"Não Informado";"Céu Claro";"Simples";"Reta";"Sim";2;0;1;0;1;0;1;2;-23,13169757;-45,74481322;"SPRF-SP";"DEL06-SP";"UOP01-DEL06-SP"
290462;2020-06-17;"quarta-feira";"13:50:00";"MS";267;3,8;"BATAGUASSU";"Falta de Atenção à Condução";"Saída de leito carroçável";"Sem Vítimas";"Pleno dia";"Decrescente";"Céu Claro";"Simples";"Curva";"Não";1;0;0;0;1;0;0;1;-21,75945028;-52,17639111;"SPRF-MS";"DEL02-MS";"UOP04-DEL02-MS"
290463;2020-06-17;"quarta-feira";"12:40:00";"ES";259;54;"COLATINA";"Defeito Mecânico no Veículo";"Tombamento";"Com Vítimas Feridas";"Pleno dia";"Crescente";"Nublado";"Simples";"Declive;Reta";"Não";2;0;2;0;0;0;2;1;-19,49717055;-40,63711495;"SPRF-ES";"DEL02-ES";"UOP01-DEL02-ES"
290464;2020-06-17;"quarta-feira";"15:10:00";"SC";101;218;"PALHOCA";"Mal Súbito";"Tombamento";"Com Vítimas Feridas";"Pleno dia";"Crescente";"Garoa/Chuvisco";"Dupla";"Reta";"Sim";1;0;1;0;0;0;1;1;-27,6758601;-48,67052525;"SPRF-SC";"DEL01-SC";"UOP02-DEL01-SC"
290467;2020-06-17;"quarta-feira";"12:50:00";"PI";343;563,4;"FLORIANO";"Falta de Atenção à Condução";"Colisão com objeto estático";"Com Vítimas Feridas";"Pleno dia";"Crescente";"Céu Claro";"Simples";"Reta";"Sim";1;0;1;0;0;0;1;1;-6,675526;-42,907902;"SPRF-PI";"DEL03-PI";"UOP01-DEL03-PI"
290468;2020-06-17;"quarta-feira";"14:55:00";"PR";277;111,8;"CAMPO LARGO";"Falta de Atenção à Condução";"Queda de ocupante de veículo";"Com Vítimas Feridas";"Pleno dia";"Crescente";"Céu Claro";"Dupla";"Reta;Aclive";"Não";1;0;1;0;0;0;1;1;-25,44595672;-49,47110295;"SPRF-PR";"DEL01-PR";"UOP03-DEL03-PR"
290470;2020-06-17;"quarta-feira";"14:25:00";"SC";101;149,7;"ITAPEMA";"Falta de Atenção à Condução";"Colisão traseira";"Com Vítimas Feridas";"Pleno dia";"Crescente";"Nublado";"Múltipla";"Reta";"Sim";3;0;2;0;1;0;2;2;-27,1089649;-48,61277586;"SPRF-SC";"DEL04-SC";"UOP03-DEL04-SC"
290471;2020-06-17;"quarta-feira";"16:05:00";"RS";290;110;"ELDORADO DO SUL";"Falta de Atenção à Condução";"Saída de leito carroçável";"Com Vítimas Feridas";"Pleno dia";"Decrescente";"Céu Claro";"Dupla";"Reta";"Não";1;0;1;0;0;0;1;1;-30,02846089;-51,32348169;"SPRF-RS";"DEL02-RS";"UOP01-DEL02-RS"
290472;2020-06-13;"sábado";"20:00:00";"RJ";116;143,4;"DUQUE DE CAXIAS";"Desobediência às normas de trânsito pelo condutor";"Colisão lateral";"Sem Vítimas";"Plena Noite";"Crescente";"Céu Claro";"Múltipla";"Reta";"Sim";3;0;0;0;3;0;0;2;-22,67189276;-43,28185385;"SPRF-RJ";"DEL01-RJ";"UOP01-DEL01-RJ"
290476;2020-06-17;"quarta-feira";"15:00:00";"SC";101;199;"SAO JOSE";"Ingestão de álcool e/ou substâncias psicoativas pelo pedestre";"Colisão com objeto estático";"Com Vítimas Feridas";"Pleno dia";"Crescente";"Nublado";"Dupla";"Reta";"Sim";3;0;1;0;1;1;1;2;-27,53413705;-48,63003205;"SPRF-SC";"DEL01-SC";"UOP01-DEL01-SC"
290477;2020-06-17;"quarta-feira";"13:20:00";"RJ";40;119;"DUQUE DE CAXIAS";"Defeito Mecânico no Veículo";"Incêndio";"Sem Vítimas";"Pleno dia";"Decrescente";"Sol";"Múltipla";"Reta";"Sim";1;0;0;0;0;1;0;1;-22,76375592;-43,28683062;"SPRF-RJ";"DEL01-RJ";"UOP01-DEL01-RJ"
290482;2020-06-17;"quarta-feira";"15:30:00";"BA";235;348;"JUAZEIRO";"Desobediência às normas de trânsito pelo condutor";"Colisão frontal";"Com Vítimas Feridas";"Pleno dia";"Crescente";"Nublado";"Simples";"Reta";"Sim";3;0;1;0;1;1;1;2;-9,4406722;-40,4938084;"SPRF-PE";"DEL06-PE";"UOP01-DEL06-PE"
290484;2020-06-17;"quarta-feira";"17:08:00";"SP";116;226;"GUARULHOS";"Falta de Atenção à Condução";"Colisão traseira";"Sem Vítimas";"Pleno dia";"Decrescente";"Céu Claro";"Múltipla";"Reta";"Sim";2;0;0;0;2;0;0;2;-23,49100693;-46,54904008;"SPRF-SP";"DEL01-SP";"UOP01-DEL01-SP"
290485;2020-06-17;"quarta-feira";"17:10:00";"SC";101;215,7;"PALHOCA";"Falta de Atenção à Condução";"Colisão transversal";"Com Vítimas Feridas";"Plena Noite";"Decrescente";"Nublado";"Múltipla";"Interseção de Vias";"Sim";2;0;1;0;0;1;1;2;-27,65184843;-48,67604941;"SPRF-SC";"DEL01-SC";"UOP02-DEL01-SC"
290487;2020-06-14;"domingo";"05:40:00";"RJ";116;170;"SAO JOAO DE MERITI";"Não guardar distância de segurança";"Colisão traseira";"Com Vítimas Feridas";"Amanhecer";"Crescente";"Céu Claro";"Múltipla";"Reta";"Sim";2;0;1;0;1;0;1;2;-22,81113183;-43,3336729;"SPRF-RJ";"DEL01-RJ";"UOP02-DEL01-RJ"
290488;2020-06-17;"quarta-feira";"13:30:00";"RO";319;63;"PORTO VELHO";"Desobediência às normas de trânsito pelo condutor";"Colisão frontal";"Com Vítimas Feridas";"Pleno dia";"Crescente";"Céu Claro";"Dupla";"Reta";"Sim";2;0;1;0;1;0;1;2;-8,766685;-63,884052;"SPRF-RO";"DEL01-RO";"UOP01-DEL01-RO"
290489;2020-06-17;"quarta-feira";"17:40:00";"SC";101;208;"SAO JOSE";"Falta de Atenção à Condução";"Colisão lateral";"Com Vítimas Feridas";"Anoitecer";"Crescente";"Nublado";"Múltipla";"Reta";"Sim";1;0;1;0;0;0;1;1;-27,60327979;-48,63201818;"SPRF-SC";"DEL01-SC";"UOP01-DEL01-SC"
290490;2020-06-17;"quarta-feira";"18:05:00";"GO";153;515,2;"APARECIDA DE GOIANIA";"Falta de Atenção à Condução";"Colisão lateral";"Com Vítimas Feridas";"Anoitecer";"Crescente";"Céu Claro";"Dupla";"Reta";"Sim";3;0;3;0;0;0;3;2;-16,8413;-49,2454;"SPRF-GO";"DEL01-GO";"UOP03-DEL01-GO"
290493;2020-06-17;"quarta-feira";"17:30:00";"PR";277;120;"CAMPO LARGO";"Desobediência às normas de trânsito pelo condutor";"Colisão frontal";"Com Vítimas Feridas";"Anoitecer";"Decrescente";"Céu Claro";"Simples";"Reta";"Sim";2;0;1;0;1;0;1;2;-25,43651772;-49,44346612;"SPRF-PR";"DEL01-PR";"UOP03-DEL03-PR"
290495;2020-05-14;"quinta-feira";"14:40:00";"PA";163;1002;"SANTAREM";"Não guardar distância de segurança";"Colisão traseira";"Com Vítimas Feridas";"Pleno dia";"Decrescente";"Sol";"Simples";"Declive";"Sim";3;0;1;0;2;0;1;3;-2,45567004;-54,72854541;"SPRF-PA";"DEL05-PA";"UOP01-DEL05-PA"
290496;2020-06-17;"quarta-feira";"18:40:00";"MG";262;811,6;"UBERABA";"Defeito Mecânico no Veículo";"Queda de ocupante de veículo";"Com Vítimas Feridas";"Plena Noite";"Crescente";"Nublado";"Dupla";"Reta";"Sim";2;0;2;0;0;0;2;1;-19,76527861;-48,11638905;"SPRF-MG";"DEL13-MG";"UOP01-DEL13-MG"
290497;2020-06-17;"quarta-feira";"17:50:00";"ES";101;281,3;"SERRA";"Ingestão de Álcool";"Colisão com objeto estático";"Com Vítimas Feridas";"Anoitecer";"Crescente";"Nublado";"Dupla";"Retorno Regulamentado";"Não";2;0;1;0;1;0;1;2;-20,22112792;-40,35720552;"SPRF-ES";"DEL02-ES";"UOP01-DEL02-ES"
290498;2020-06-17;"quarta-feira";"18:10:00";"RS";386;339,5;"LAJEADO";"Desobediência às normas de trânsito pelo condutor";"Colisão transversal";"Com Vítimas Feridas";"Plena Noite";"Decrescente";"Céu Claro";"Simples";"Reta";"Não";3;0;2;0;1;0;2;2;-29,410208;-52,029076;"SPRF-RS";"DEL04-RS";"UOP01-DEL04-RS"
290499;2020-06-17;"quarta-feira";"18:30:00";"RS";480;72,4;"ERECHIM";"Desobediência às normas de trânsito pelo condutor";"Colisão transversal";"Com Vítimas Feridas";"Plena Noite";"Decrescente";"Céu Claro";"Simples";"Reta";"Sim";2;0;1;1;0;0;2;2;-27,6399839;-52,30602492;"SPRF-RS";"DEL08-RS";"UOP04-DEL08-RS"
290500;2020-06-17;"quarta-feira";"18:30:00";"PE";232;139,9;"SAO CAITANO";"Desobediência às normas de trânsito pelo condutor";"Queda de ocupante de veículo";"Com Vítimas Feridas";"Plena Noite";"Crescente";"Céu Claro";"Dupla";"Reta";"Não";1;0;0;1;0;0;1;1;-8,320504;-36,0769;"SPRF-PE";"DEL02-PE";"UOP03-DEL02-PE"
290501;2020-06-17;"quarta-feira";"17:50:00";"SC";101;128,1;"ITAJAI";"Falta de Atenção à Condução";"Colisão traseira";"Com Vítimas Feridas";"Plena Noite";"Crescente";"Nublado";"Dupla";"Reta;Declive";"Não";3;0;1;0;1;1;1;3;-26,97284292;-48,68299451;"SPRF-SC";"DEL04-SC";"UOP03-DEL04-SC"
290502;2020-06-17;"quarta-feira";"18:00:00";"PR";277;76;"SAO JOSE DOS PINHAIS";"Falta de Atenção à Condução";"Colisão traseira";"Com Vítimas Feridas";"Plena Noite";"Decrescente";"Céu Claro";"Dupla";"Reta";"Sim";2;0;1;0;1;0;1;2;-25,51327981;-49,12433291;"SPRF-PR";"DEL01-PR";"UOP01-DEL01-PR"
290503;2020-06-17;"quarta-feira";"17:50:00";"RJ";116;179;"NOVA IGUACU";"Falta de Atenção à Condução";"Colisão traseira";"Com Vítimas Feridas";"Pleno dia";"Decrescente";"Céu Claro";"Múltipla";"Reta";"Não";3;0;1;0;2;0;1;3;-22,769902;-43,408036;"SPRF-RJ";"DEL01-RJ";"UOP02-DEL01-RJ"
290504;2020-06-17;"quarta-feira";"18:30:00";"SC";282;1;"FLORIANOPOLIS";"Desobediência às normas de trânsito pelo condutor";"Colisão lateral";"Com Vítimas Feridas";"Plena Noite";"Crescente";"Nublado";"Múltipla";"Reta";"Sim";2;0;1;0;1;0;1;2;-27,6024953;-48,57971907;"SPRF-SC";"DEL01-SC";"UOP01-DEL01-SC"
290506;2020-06-17;"quarta-feira";"18:40:00";"SP";116;119,5;"TAUBATE";"Não guardar distância de segurança";"Colisão traseira";"Com Vítimas Feridas";"Plena Noite";"Decrescente";"Céu Claro";"Dupla";"Reta";"Não";3;0;1;0;2;0;1;2;-23,06710044;-45,63562878;"SPRF-SP";"DEL06-SP";"UOP01-DEL06-SP"
290508;2020-06-09;"terça-feira";"15:30:00";"PA";230;121;"MARABA";"Falta de Atenção à Condução";"Colisão transversal";"Com Vítimas Feridas";"Pleno dia";"Decrescente";"Céu Claro";"Múltipla";"Interseção de Vias";"Sim";2;0;1;0;1;0;1;2;-5,36890329;-49,12935734;"SPRF-PA";"DEL03-PA";"UOP01-DEL03-PA"
290509;2020-06-17;"quarta-feira";"18:30:00";"SC";163;74,5;"SAO MIGUEL DO OESTE";"Ingestão de Álcool";"Colisão lateral";"Sem Vítimas";"Plena Noite";"Decrescente";"Céu Claro";"Simples";"Aclive;Reta";"Não";2;0;0;0;2;0;0;2;-26,70200479;-53,51350653;"SPRF-SC";"DEL07-SC";"UOP03-DEL07-SC"
290511;2020-06-17;"quarta-feira";"17:10:00";"SC";480;128,5;"CHAPECO";"Falta de Atenção à Condução";"Colisão lateral";"Com Vítimas Feridas";"Pleno dia";"Decrescente";"Céu Claro";"Dupla";"Reta";"Não";2;0;1;0;1;0;1;2;-27,04009174;-52,63489723;"SPRF-SC";"DEL07-SC";"UOP01-DEL07-SC"
290512;2020-06-17;"quarta-feira";"19:10:00";"GO";60;136;"GOIANIA";"Falta de Atenção à Condução";"Colisão frontal";"Com Vítimas Feridas";"Plena Noite";"Crescente";"Céu Claro";"Múltipla";"Reta;Interseção de Vias";"Sim";2;0;0;1;1;0;1;2;-16,5959;-49,1965;"SPRF-GO";"DEL01-GO";"UOP01-DEL01-GO"
290513;2020-06-17;"quarta-feira";"18:30:00";"ES";101;240,8;"FUNDAO";"Não guardar distância de segurança";"Colisão traseira";"Com Vítimas Feridas";"Plena Noite";"Crescente";"Nublado";"Simples";"Reta;Aclive";"Não";4;0;1;0;3;0;1;3;-20,01594191;-40,40401764;"SPRF-ES";"DEL02-ES";"UOP01-DEL02-ES"
290514;2020-06-17;"quarta-feira";"19:30:00";"PE";232;130;"CARUARU";"Falta de Atenção do Pedestre";"Atropelamento de Pedestre";"Com Vítimas Fatais";"Plena Noite";"Crescente";"Céu Claro";"Dupla";"Interseção de Vias";"Sim";2;1;0;0;0;1;0;2;-8,29983303;-35,989662;"SPRF-PE";"DEL02-PE";"UOP03-DEL02-PE"
290515;2020-06-17;"quarta-feira";"19:30:00";"DF";40;0;"BRASILIA";"Falta de Atenção à Condução";"Colisão lateral";"Com Vítimas Feridas";"Plena Noite";"Crescente";"Céu Claro";"Dupla";"Reta";"Sim";2;0;1;0;1;0;1;2;-15,976897;-47,990129;"SPRF-DF";"DEL01-DF";"UOP01-DEL01-DF"
290520;2020-06-17;"quarta-feira";"19:45:00";"SC";282;0,5;"FLORIANOPOLIS";"Falta de Atenção à Condução";"Colisão lateral";"Com Vítimas Feridas";"Plena Noite";"Crescente";"Céu Claro";"Dupla";"Reta";"Sim";2;0;1;0;1;0;1;2;-27,59845;-48,571995;"SPRF-SC";"DEL01-SC";"UOP01-DEL01-SC"
290522;2020-06-17;"quarta-feira";"20:15:00";"SC";101;213,8;"PALHOCA";"Objeto estático sobre o leito carroçável";"Tombamento";"Com Vítimas Feridas";"Plena Noite";"Crescente";"Céu Claro";"Múltipla";"Reta";"Sim";1;0;1;0;0;0;1;1;-27,63697369;-48,66514142;"SPRF-SC";"DEL01-SC";"UOP02-DEL01-SC"
290524;2020-06-17;"quarta-feira";"20:25:00";"PR";369;184,9;"ARAPONGAS";"Desobediência às normas de trânsito pelo condutor";"Colisão transversal";"Com Vítimas Fatais";"Plena Noite";"Crescente";"Céu Claro";"Simples";"Reta";"Sim";2;1;0;0;1;0;0;2;-23,406516;-51,428195;"SPRF-PR";"DEL07-PR";"UOP03-DEL07-PR"
290532;2020-06-17;"quarta-feira";"19:25:00";"MT";364;206;"RONDONOPOLIS";"Desobediência às normas de trânsito pelo condutor";"Colisão lateral";"Com Vítimas Feridas";"Plena Noite";"Crescente";"Céu Claro";"Dupla";"Rotatória;Reta";"Sim";1;0;1;0;0;0;1;1;-16,45124779;-54,66469557;"SPRF-MT";"DEL02-MT";"UOP01-DEL02-MT"
290533;2020-06-13;"sábado";"16:00:00";"PR";277;124;"CAMPO LARGO";"Desobediência às normas de trânsito pelo condutor";"Colisão com objeto estático";"Sem Vítimas";"Anoitecer";"Crescente";"Nublado";"Dupla";"Aclive;Reta";"Não";2;0;0;0;2;0;0;2;-25,4472505;-49,47885404;"SPRF-PR";"DEL01-PR";"UOP03-DEL03-PR"
290534;2020-06-17;"quarta-feira";"20:35:00";"SC";101;139,2;"BALNEARIO CAMBORIU";"Defeito Mecânico no Veículo";"Tombamento";"Com Vítimas Feridas";"Plena Noite";"Decrescente";"Nublado";"Dupla";"Reta";"Não";1;0;1;0;0;0;1;1;-27,02982303;-48,60115006;"SPRF-SC";"DEL04-SC";"UOP03-DEL04-SC"
290536;2020-06-12;"sexta-feira";"23:40:00";"PA";230;114;"MARABA";"Desobediência às normas de trânsito pelo condutor";"Colisão traseira";"Sem Vítimas";"Plena Noite";"Crescente";"Céu Claro";"Simples";"Reta";"Sim";2;0;0;0;2;0;0;2;-5,36466678;-49,06623294;"SPRF-PA";"DEL03-PA";"UOP01-DEL03-PA"
290537;2020-06-17;"quarta-feira";"19:23:00";"CE";116;309;"JAGUARIBE";"Falta de Atenção à Condução";"Colisão transversal";"Com Vítimas Feridas";"Plena Noite";"Decrescente";"Céu Claro";"Simples";"Interseção de Vias";"Sim";2;0;0;1;1;0;1;2;-5,89477992;-38,61975447;"SPRF-CE";"DEL05-CE";"UOP02-DEL05-CE"
290538;2020-06-17;"quarta-feira";"18:10:00";"MG";262;36,9;"MANHUACU";"Falta de Atenção à Condução";"Colisão lateral";"Com Vítimas Feridas";"Plena Noite";"Decrescente";"Nublado";"Simples";"Rotatória";"Sim";2;0;1;0;1;0;1;2;-20,25932046;-42,02298331;"SPRF-MG";"DEL06-MG";"UOP03-DEL06-MG"
290543;2020-06-17;"quarta-feira";"20:45:00";"RO";364;424,6;"JARU";"Falta de Atenção à Condução";"Tombamento";"Com Vítimas Feridas";"Plena Noite";"Decrescente";"Céu Claro";"Simples";"Declive;Reta";"Sim";1;0;1;0;0;0;1;1;-10,43844573;-62,47092314;"SPRF-RO";"DEL03-RO";"UOP02-DEL03-RO"
290544;2020-05-28;"quinta-feira";"14:20:00";"MG";116;704,6;"MURIAE";"Desobediência às normas de trânsito pelo condutor";"Colisão lateral";"Com Vítimas Feridas";"Pleno dia";"Decrescente";"Céu Claro";"Simples";"Interseção de Vias";"Sim";2;0;1;0;1;0;1;2;-21,13416858;-42,38722798;"SPRF-MG";"DEL07-MG";"UOP02-DEL07-MG"
290546;2020-06-17;"quarta-feira";"09:20:00";"PI";316;385;"ALEGRETE DO PIAUI";"Falta de Atenção à Condução";"Saída de leito carroçável";"Com Vítimas Feridas";"Pleno dia";"Crescente";"Céu Claro";"Simples";"Reta";"Não";1;0;1;0;0;0;1;1;-7,24435598;-40,86016897;"SPRF-PI";"DEL04-PI";"UOP03-DEL04-PI"
290547;2020-06-17;"quarta-feira";"15:45:00";"PA";316;65;"CASTANHAL";"Desobediência às normas de trânsito pelo condutor";"Colisão transversal";"Com Vítimas Feridas";"Pleno dia";"Decrescente";"Nublado";"Simples";"Reta";"Sim";2;0;1;1;0;0;2;2;-1,29580361;-47,91084002;"SPRF-PA";"DEL01-PA";"UOP01-DEL01-PA"
290550;2020-06-17;"quarta-feira";"23:35:00";"MG";40;527;"CONTAGEM";"Falta de Atenção do Pedestre";"Atropelamento de Pedestre";"Com Vítimas Feridas";"Plena Noite";"Crescente";"Nublado";"Dupla";"Reta";"Sim";2;0;0;1;1;0;1;2;-19,90149502;-44,04938939;"SPRF-MG";"DEL01-MG";"UOP02-DEL01-MG"
290551;2020-06-17;"quarta-feira";"23:40:00";"SP";116;447;"REGISTRO";"Avarias e/ou desgaste excessivo no pneu";"Tombamento";"Com Vítimas Feridas";"Plena Noite";"Crescente";"Céu Claro";"Dupla";"Reta";"Sim";1;0;1;0;0;0;1;1;-24,51285376;-47,85054871;"SPRF-SP";"DEL05-SP";"UOP01-DEL05-SP"
290553;2020-06-18;"quinta-feira";"00:20:00";"PR";277;73;"SAO JOSE DOS PINHAIS";"Desobediência às normas de trânsito pelo condutor";"Capotamento";"Sem Vítimas";"Plena Noite";"Decrescente";"Céu Claro";"Dupla";"Em Obras";"Não";1;0;0;0;1;0;0;1;-25,52124342;-49,10648119;"SPRF-PR";"DEL01-PR";"UOP01-DEL01-PR"
290556;2020-06-17;"quarta-feira";"22:45:00";"MT";163;947;"NOVA SANTA HELENA";"Ingestão de Álcool";"Saída de leito carroçável";"Com Vítimas Feridas";"Plena Noite";"Decrescente";"Céu Claro";"Simples";"Reta";"Não";1;0;1;0;0;0;1;1;-10,88136951;-55,19914806;"SPRF-MT";"DEL06-MT";"NPF/DEL06-MT"
290558;2020-06-18;"quinta-feira";"00:10:00";"MG";381;387;"SAO GONCALO DO RIO ABAIXO";"Falta de Atenção à Condução";"Saída de leito carroçável";"Com Vítimas Feridas";"Amanhecer";"Decrescente";"Nevoeiro/Neblina";"Simples";"Curva";"Sim";3;0;3;0;0;0;3;1;-19,81919528;-43,39239389;"SPRF-MG";"DEL01-MG";"UOP01-DEL01-MG"
290560;2020-06-17;"quarta-feira";"20:25:00";"MA";10;268;"IMPERATRIZ";"Falta de Atenção à Condução";"Queda de ocupante de veículo";"Com Vítimas Feridas";"Plena Noite";"Crescente";"Céu Claro";"Simples";"Ponte";"Não";1;0;1;0;0;0;1;1;-5,391136;-47,473698;"SPRF-MA";"DEL04-MA";"UOP01-DEL04-MA"
290563;2020-06-17;"quarta-feira";"21:30:00";"PE";101;74;"RECIFE";"Velocidade Incompatível";"Saída de leito carroçável";"Com Vítimas Feridas";"Plena Noite";"Decrescente";"Chuva";"Dupla";"Curva";"Sim";1;0;1;0;0;0;1;1;-8,10146485;-34,94901577;"SPRF-PE";"DEL01-PE";"UOP01-DEL01-PE"
290565;2020-06-17;"quarta-feira";"19:15:00";"RJ";116;204;"SEROPEDICA";"Restrição de Visibilidade";"Colisão com objeto estático";"Sem Vítimas";"Plena Noite";"Decrescente";"Nublado";"Múltipla";"Curva";"Sim";1;0;0;0;1;0;0;1;-22,7204188;-43,68886188;"SPRF-RJ";"DEL01-RJ";"UOP03-DEL01-RJ"
290568;2020-06-18;"quinta-feira";"04:50:00";"BA";242;814;"BARREIRAS";"Pista Escorregadia";"Colisão frontal";"Com Vítimas Fatais";"Plena Noite";"Crescente";"Chuva";"Simples";"Aclive;Curva";"Não";3;1;0;0;2;0;0;2;-12,1121179;-45,162739;"SPRF-BA";"DEL10-BA";"UOP01-DEL10-BA"
290570;2020-06-18;"quinta-feira";"04:50:00";"SC";280;68,2;"JARAGUA DO SUL";"Desobediência às normas de trânsito pelo condutor";"Colisão lateral";"Com Vítimas Feridas";"Plena Noite";"Decrescente";"Nublado";"Simples";"Reta";"Sim";2;0;1;0;1;0;1;2;-26,47277719;-49,11098612;"SPRF-SC";"DEL03-SC";"UOP03-DEL03-SC"
290574;2020-06-18;"quinta-feira";"06:55:00";"SP";116;211;"GUARULHOS";"Fenômenos da Natureza";"Engavetamento";"Com Vítimas Feridas";"Pleno dia";"Decrescente";"Céu Claro";"Múltipla";"Reta";"Não";7;0;1;0;6;0;1;7;-23,4324306;-46,4194352;"SPRF-SP";"DEL01-SP";"UOP01-DEL01-SP"
290575;2020-06-18;"quinta-feira";"07:10:00";"SP";116;212;"GUARULHOS";"Velocidade Incompatível";"Colisão lateral";"Com Vítimas Feridas";"Pleno dia";"Decrescente";"Céu Claro";"Múltipla";"Reta";"Sim";6;0;2;0;4;0;2;6;-23,43608315;-46,42805094;"SPRF-SP";"DEL01-SP";"UOP01-DEL01-SP"
290577;2020-06-18;"quinta-feira";"07:20:00";"PR";376;164,5;"MARINGA";"Avarias e/ou desgaste excessivo no pneu";"Queda de ocupante de veículo";"Com Vítimas Feridas";"Pleno dia";"Crescente";"Céu Claro";"Dupla";"Reta";"Não";1;0;1;0;0;0;1;1;-23,37850156;-52,04360962;"SPRF-PR";"DEL09-PR";"UOP01-DEL09-PR"
290578;2020-06-18;"quinta-feira";"06:15:00";"SP";116;145,6;"SAO JOSE DOS CAMPOS";"Falta de Atenção à Condução";"Engavetamento";"Sem Vítimas";"Pleno dia";"Crescente";"Céu Claro";"Dupla";"Reta;Aclive";"Não";4;0;0;0;4;0;0;4;-23,18885073;-45,85887551;"SPRF-SP";"DEL02-SP";"UOP01-DEL02-SP"
290579;2020-06-18;"quinta-feira";"07:10:00";"RJ";101;414;"MANGARATIBA";"Velocidade Incompatível";"Capotamento";"Com Vítimas Feridas";"Pleno dia";"Crescente";"Céu Claro";"Dupla";"Curva";"Não";1;0;1;0;0;0;1;1;-22,90390285;-43,87258001;"SPRF-RJ";"DEL03-RJ";"UOP01-DEL03-RJ"
290580;2020-06-18;"quinta-feira";"07:55:00";"SC";101;206,3;"SAO JOSE";"Não guardar distância de segurança";"Queda de ocupante de veículo";"Sem Vítimas";"Pleno dia";"Crescente";"Garoa/Chuvisco";"Múltipla";"Reta";"Sim";1;0;0;0;1;0;0;1;-27,59193546;-48,61824557;"SPRF-SC";"DEL01-SC";"UOP01-DEL01-SC"
290581;2020-06-18;"quinta-feira";"06:30:00";"SC";101;438,9;"SOMBRIO";"Animais na Pista";"Atropelamento de Animal";"Com Vítimas Feridas";"Amanhecer";"Decrescente";"Céu Claro";"Dupla";"Reta";"Não";2;0;0;1;0;1;1;2;-29,12408551;-49,66266632;"SPRF-SC";"DEL02-SC";"UOP02-DEL02-SC"
290585;2020-06-18;"quinta-feira";"07:45:00";"PR";376;180,3;"MARINGA";"Falta de Atenção à Condução";"Colisão traseira";"Com Vítimas Feridas";"Pleno dia";"Decrescente";"Sol";"Dupla";"Reta";"Sim";2;0;1;0;1;0;1;2;-23,42387355;-51,90113068;"SPRF-PR";"DEL09-PR";"UOP01-DEL09-PR"