"id";"data_inversa";"dia_semana";"horario";"uf";"br";"km";"municipio";"causa_acidente";"tipo_acidente";"classificacao_acidente";"fase_dia";"sentido_via";"condicao_metereologica";"tipo_pista";"tracado_via";"uso_solo";"pessoas";"mortos";"feridos_leves";"feridos_graves";"ilesos";"ignorados";"feridos";"veiculos";"latitude";"longitude";"regional";"delegacia";"uop"
290586;2020-06-18;"quinta-feira";"07:50:00";"PR";376;173;"MARINGA";"Defeito Mecânico no Veículo";"Queda de ocupante de veículo";"Com Vítimas Feridas";"Pleno dia";"Decrescente";"Céu Claro";"Dupla";"Reta";"Não";2;0;2;0;0;0;2;1;-23,4172197;-51,9589231;"SPRF-PR";"DEL09-PR";"UOP01-DEL09-PR"
290589;2020-05-29;"sexta-feira";"23:00:00";"SC";101;145;"ITAPEMA";"Velocidade Incompatível";"Colisão com objeto estático";"Sem Vítimas";"Plena Noite";"Crescente";"Céu Claro";"Múltipla";"Interseção de Vias;Reta";"Sim";1;0;0;0;1;0;0;1;-27,08139206;-48,60130993;"SPRF-SC";"DEL04-SC";"UOP03-DEL04-SC"
290593;2020-06-18;"quinta-feira";"08:00:00";"RS";116;265;"CANOAS";"Desobediência às normas de trânsito pelo condutor";"Colisão lateral";"Sem Vítimas";"Pleno dia";"Decrescente";"Nublado";"Múltipla";"Interseção de Vias";"Sim";2;0;0;0;2;0;0;2;-29,84838647;-51,12522125;"SPRF-RS";"DEL01-RS";"UOP01-DEL01-RS"
290594;2020-05-24;"domingo";"18:00:00";"RJ";40;104,3;"DUQUE DE CAXIAS";"Desobediência às normas de trânsito pelo pedestre";"Atropelamento de Pedestre";"Com Vítimas Fatais";"Plena Noite";"Decrescente";"Chuva";"Múltipla";"Curva";"Sim";2;1;0;0;0;1;0;2;-22,62897902;-43,28579508;"SPRF-RJ";"DEL01-RJ";"UOP01-DEL01-RJ"
290595;2020-05-17;"domingo";"19:00:00";"MG";365;612,9;"UBERLANDIA";"Ingestão de Álcool";"Tombamento";"Com Vítimas Feridas";"Plena Noite";"Decrescente";"Céu Claro";"Simples";"Reta";"Não";2;0;0;1;0;1;1;2;-18,91854726;-48,20926309;"SPRF-MG";"DEL15-MG";"UOP01-DEL15-MG"
290596;2020-06-18;"quinta-feira";"09:10:00";"PR";476;132,8;"CURITIBA";"Falta de Atenção à Condução";"Colisão lateral";"Com Vítimas Feridas";"Pleno dia";"Decrescente";"Céu Claro";"Múltipla";"Reta";"Sim";2;0;1;0;1;0;1;2;-25,46690195;-49,25268531;"SPRF-PR";"DEL01-PR";"UOP03-DEL01-PR"
290597;2020-06-18;"quinta-feira";"08:20:00";"ES";101;402,3;"ITAPEMIRIM";"Falta de Atenção à Condução";"Colisão transversal";"Com Vítimas Feridas";"Pleno dia";"Crescente";"Sol";"Simples";"Curva";"Não";2;0;1;0;1;0;1;2;-20,88914562;-40,99003988;"SPRF-ES";"DEL03-ES";"UOP02-DEL03-ES"
290598;2020-06-18;"quinta-feira";"06:45:00";"RN";101;62;"EXTREMOZ";"Falta de Atenção à Condução";"Saída de leito carroçável";"Sem Vítimas";"Pleno dia";"Decrescente";"Nublado";"Simples";"Reta";"Não";1;0;0;0;0;1;0;1;-5,61462432;-35,25269541;"SPRF-RN";"DEL02-RN";"UOP01-DEL02-RN"
290605;2020-03-11;"quarta-feira";"00:40:00";"MG";381;386;"SAO GONCALO DO RIO ABAIXO";"Condutor Dormindo";"Colisão com objeto estático";"Com Vítimas Feridas";"Plena Noite";"Crescente";"Céu Claro";"Simples";"Aclive;Reta";"Não";4;0;3;1;0;0;4;1;-19,79738383;-43,41740299;"SPRF-MG";"DEL01-MG";"UOP01-DEL01-MG"
290609;2020-06-18;"quinta-feira";"10:30:00";"ES";101;104,8;"LINHARES";"Defeito Mecânico no Veículo";"Tombamento";"Com Vítimas Feridas";"Pleno dia";"Crescente";"Sol";"Simples";"Reta";"Não";2;0;2;0;0;0;2;1;-19,0129902;-40,01102458;"SPRF-ES";"DEL04-ES";"UOP01-DEL04-ES"
290610;2020-06-18;"quinta-feira";"10:45:00";"MG";50;23;"ARAGUARI";"Defeito Mecânico no Veículo";"Queda de ocupante de veículo";"Com Vítimas Feridas";"Pleno dia";"Crescente";"Céu Claro";"Dupla";"Reta";"Não";2;0;2;0;0;0;2;1;-18,61017798;-48,05876;"SPRF-MG";"DEL15-MG";"UOP02-DEL15-MG"
290611;2020-06-18;"quinta-feira";"10:55:00";"GO";60;163;"GOIANIA";"Falta de Atenção à Condução";"Colisão traseira";"Com Vítimas Feridas";"Pleno dia";"Crescente";"Céu Claro";"Simples";"Reta";"Sim";2;0;1;0;1;0;1;2;-16,7002;-49,3335;"SPRF-GO";"DEL01-GO";"UOP02-DEL01-GO"
290614;2020-06-18;"quinta-feira";"11:10:00";"PB";101;84;"BAYEUX";"Falta de Atenção à Condução";"Colisão com objeto estático";"Sem Vítimas";"Pleno dia";"Decrescente";"Céu Claro";"Dupla";"Reta";"Não";2;0;0;0;2;0;0;1;-7,13957906;-34,92312806;"SPRF-PB";"DEL01-PB";"UOP01-DEL01-PB"
290620;2020-06-18;"quinta-feira";"12:00:00";"TO";153;158,2;"ARAGUAINA";"Defeito Mecânico no Veículo";"Tombamento";"Com Vítimas Feridas";"Pleno dia";"Crescente";"Céu Claro";"Simples";"Reta";"Não";2;0;2;0;0;0;2;1;-7,30561722;-48,29635264;"SPRF-TO";"DEL02-TO";"UOP01-DEL02-TO"
290622;2020-06-18;"quinta-feira";"10:00:00";"PR";277;352,8;"GUARAPUAVA";"Falta de Atenção à Condução";"Saída de leito carroçável";"Com Vítimas Feridas";"Pleno dia";"Crescente";"Nublado";"Simples";"Reta";"Sim";1;0;0;1;0;0;1;1;-25,404437;-51,548357;"SPRF-PR";"DEL08-PR";"UOP01-DEL08-PR"
290624;2020-05-29;"sexta-feira";"16:40:00";"PA";308;168;"TRACUATEUA";"Falta de Atenção à Condução";"Saída de leito carroçável";"Sem Vítimas";"Pleno dia";"Crescente";"Nublado";"Simples";"Reta";"Não";1;0;0;0;1;0;0;1;-1,1916249;-47,03576502;"SPRF-PA";"DEL01-PA";"UOP03-DEL01-PA"
290625;2020-06-10;"quarta-feira";"17:15:00";"MS";262;381,7;"TERENOS";"Falta de Atenção do Pedestre";"Colisão transversal";"Com Vítimas Feridas";"Plena Noite";"Crescente";"Céu Claro";"Simples";"Interseção de Vias";"Sim";6;0;1;0;4;1;1;3;-20,44796618;-54,84935623;"SPRF-MS";"DEL01-MS";"UOP03-DEL01-MS"
290627;2020-06-18;"quinta-feira";"12:00:00";"SC";101;411;"ARARANGUA";"Desobediência às normas de trânsito pelo condutor";"Colisão transversal";"Com Vítimas Feridas";"Pleno dia";"Decrescente";"Céu Claro";"Simples";"Rotatória";"Sim";2;0;1;0;1;0;1;2;-28,93112097;-49,4940421;"SPRF-SC";"DEL02-SC";"UOP02-DEL02-SC"
290628;2020-06-18;"quinta-feira";"12:30:00";"ES";259;58;"COLATINA";"Falta de Atenção à Condução";"Queda de ocupante de veículo";"Com Vítimas Feridas";"Pleno dia";"Crescente";"Céu Claro";"Simples";"Aclive";"Sim";1;0;1;0;0;0;1;1;-19,514467;-40,660786;"SPRF-ES";"DEL02-ES";"UOP01-DEL02-ES"
290629;2020-06-15;"segunda-feira";"07:40:00";"RS";116;148;"CAXIAS DO SUL";"Desobediência às normas de trânsito pelo pedestre";"Atropelamento de Pedestre";"Com Vítimas Feridas";"Pleno dia";"Decrescente";"Céu Claro";"Dupla";"Reta";"Sim";2;0;1;0;1;0;1;2;-29,15858028;-51,15457904;"SPRF-RS";"DEL05-RS";"UOP01-DEL05-RS"
290630;2020-06-18;"quinta-feira";"11:30:00";"PB";230;4,1;"CABEDELO";"Objeto estático sobre o leito carroçável";"Colisão com objeto estático";"Com Vítimas Feridas";"Pleno dia";"Decrescente";"Céu Claro";"Dupla";"Reta;Em Obras";"Sim";1;0;0;1;0;0;1;1;-7,0004;-34,8284;"SPRF-PB";"DEL01-PB";"UOP01-DEL01-PB"
290631;2020-06-18;"quinta-feira";"12:45:00";"SC";101;339,3;"TUBARAO";"Defeito Mecânico no Veículo";"Tombamento";"Com Vítimas Feridas";"Pleno dia";"Decrescente";"Céu Claro";"Dupla";"Viaduto";"Sim";2;0;2;0;0;0;2;1;-28,44404822;-48,96611372;"SPRF-SC";"DEL02-SC";"UOP01-DEL02-SC"
290633;2020-06-18;"quinta-feira";"13:20:00";"SC";101;113,9;"ITAJAI";"Pista Escorregadia";"Colisão traseira";"Com Vítimas Feridas";"Pleno dia";"Crescente";"Céu Claro";"Dupla";"Reta";"Não";2;0;2;0;0;0;2;2;-26,85311393;-48,72689927;"SPRF-SC";"DEL04-SC";"UOP04-DEL04-SC"
290634;2020-06-18;"quinta-feira";"11:30:00";"RS";158;77,9;"BOA VISTA DAS MISSOES";"Ultrapassagem Indevida";"Colisão frontal";"Com Vítimas Feridas";"Pleno dia";"Decrescente";"Céu Claro";"Simples";"Aclive;Reta";"Não";4;0;2;2;0;0;4;2;-27,72498302;-53,32080593;"SPRF-RS";"DEL08-RS";"UOP02-DEL08-RS"
290639;2020-06-18;"quinta-feira";"10:55:00";"RO";364;711;"PORTO VELHO";"Defeito Mecânico no Veículo";"Queda de ocupante de veículo";"Com Vítimas Feridas";"Pleno dia";"Decrescente";"Céu Claro";"Múltipla";"Reta";"Sim";3;0;2;1;0;0;3;1;-8,77525953;-63,87647438;"SPRF-RO";"DEL01-RO";"UOP01-DEL01-RO"
290642;2020-06-18;"quinta-feira";"13:28:00";"SC";282;22;"PALHOCA";"Falta de Atenção à Condução";"Colisão transversal";"Com Vítimas Feridas";"Pleno dia";"Decrescente";"Céu Claro";"Simples";"Reta";"Sim";2;0;1;0;1;0;1;2;-27,688507;-48,72739;"SPRF-SC";"DEL01-SC";"UOP02-DEL01-SC"
290643;2020-06-18;"quinta-feira";"13:00:00";"SP";116;129,7;"CACAPAVA";"Defeito Mecânico no Veículo";"Queda de ocupante de veículo";"Com Vítimas Feridas";"Pleno dia";"Crescente";"Céu Claro";"Dupla";"Reta";"Não";2;0;2;0;0;0;2;1;-23,11885593;-45,71948203;"SPRF-SP";"DEL06-SP";"UOP01-DEL06-SP"
290644;2020-06-18;"quinta-feira";"14:00:00";"SC";101;25;"JOINVILLE";"Desobediência às normas de trânsito pelo condutor";"Colisão frontal";"Com Vítimas Feridas";"Pleno dia";"Decrescente";"Nublado";"Simples";"Viaduto";"Sim";2;0;2;0;0;0;2;2;-26,18154257;-48,90966296;"SPRF-SC";"DEL03-SC";"UOP01-DEL03-SC"
290645;2020-06-18;"quinta-feira";"11:20:00";"SC";282;463;"PONTE SERRADA";"Desobediência às normas de trânsito pelo condutor";"Colisão transversal";"Com Vítimas Feridas";"Pleno dia";"Decrescente";"Sol";"Simples";"Rotatória";"Sim";3;0;3;0;0;0;3;2;-26,85592982;-52,03193665;"SPRF-SC";"DEL07-SC";"UOP04-DEL07-SC"
290646;2020-06-18;"quinta-feira";"14:30:00";"RS";116;529;"CAPAO DO LEAO";"Falta de Atenção à Condução";"Colisão transversal";"Com Vítimas Feridas";"Pleno dia";"Decrescente";"Nublado";"Simples";"Reta;Aclive";"Sim";2;0;1;0;0;1;1;2;-31,75446042;-52,42803583;"SPRF-RS";"DEL07-RS";"UOP01-DEL07-RS"
290647;2020-06-18;"quinta-feira";"14:30:00";"RJ";493;56;"DUQUE DE CAXIAS";"Agressão Externa";"Colisão com objeto em movimento";"Com Vítimas Feridas";"Pleno dia";"Decrescente";"Sol";"Dupla";"Reta";"Não";3;0;1;0;2;0;1;2;-22,66597704;-43,32458496;"SPRF-RJ";"DEL01-RJ";"UOP01-DEL01-RJ"
290649;2020-06-10;"quarta-feira";"18:50:00";"MS";262;356,4;"CAMPO GRANDE";"Falta de Atenção à Condução";"Colisão transversal";"Com Vítimas Feridas";"Plena Noite";"Crescente";"Céu Claro";"Simples";"Interseção de Vias";"Não";2;0;2;0;0;0;2;2;-20,54641004;-54,68275309;"SPRF-MS";"DEL01-MS";"UOP03-DEL01-MS"
290650;2020-06-18;"quinta-feira";"14:00:00";"SP";116;279;"EMBU DAS ARTES";"Falta de Atenção à Condução";"Colisão traseira";"Com Vítimas Feridas";"Pleno dia";"Crescente";"Céu Claro";"Múltipla";"Reta";"Sim";2;0;1;0;1;0;1;2;-23,66233697;-46,85292907;"SPRF-SP";"DEL04-SP";"UOP01-DEL04-SP"
290659;2020-06-18;"quinta-feira";"14:35:00";"RO";364;197;"PIMENTA BUENO";"Desobediência às normas de trânsito pelo condutor";"Colisão traseira";"Com Vítimas Feridas";"Pleno dia";"Crescente";"Céu Claro";"Simples";"Reta";"Sim";2;0;1;0;1;0;1;2;-11,67707557;-61,1885047;"SPRF-RO";"DEL02-RO";"UOP02-DEL02-RO"
290660;2020-06-18;"quinta-feira";"17:00:00";"SP";116;210,5;"GUARULHOS";"Falta de Atenção à Condução";"Colisão traseira";"Com Vítimas Feridas";"Pleno dia";"Decrescente";"Céu Claro";"Dupla";"Reta";"Sim";2;0;2;0;0;0;2;2;-23,42870023;-46,41085991;"SPRF-SP";"DEL01-SP";"UOP01-DEL01-SP"
290661;2020-06-18;"quinta-feira";"16:20:00";"RJ";116;76;"TERESOPOLIS";"Falta de Atenção à Condução";"Colisão com objeto estático";"Sem Vítimas";"Pleno dia";"Crescente";"Céu Claro";"Simples";"Reta";"Sim";4;0;0;0;2;2;0;3;-22,38335311;-42,95481563;"SPRF-RJ";"DEL04-RJ";"UOP01-DEL04-RJ"
290662;2020-06-18;"quinta-feira";"17:25:00";"PR";277;725,2;"FOZ DO IGUACU";"Desobediência às normas de trânsito pelo condutor";"Colisão transversal";"Com Vítimas Feridas";"Pleno dia";"Decrescente";"Sol";"Dupla";"Interseção de Vias";"Sim";2;0;1;0;1;0;1;2;-25,51115077;-54,54969406;"SPRF-PR";"DEL05-PR";"UOP03-DEL05-PR"
290663;2020-06-18;"quinta-feira";"17:10:00";"RN";101;78;"NATAL";"Não guardar distância de segurança";"Colisão traseira";"Sem Vítimas";"Anoitecer";"Crescente";"Céu Claro";"Dupla";"Reta";"Sim";2;0;0;0;2;0;0;2;-5,74071896;-35,29021064;"SPRF-RN";"DEL02-RN";"UOP01-DEL02-RN"
290664;2020-06-18;"quinta-feira";"16:45:00";"MG";262;449;"NOVA SERRANA";"Ultrapassagem Indevida";"Saída de leito carroçável";"Com Vítimas Feridas";"Pleno dia";"Crescente";"Sol";"Simples";"Reta";"Não";1;0;0;1;0;0;1;1;-19,85585233;-45,01853943;"SPRF-MG";"DEL08-MG";"UOP03-DEL08-MG"
290665;2020-06-18;"quinta-feira";"17:30:00";"ES";101;49,7;"CONCEICAO DA BARRA";"Falta de Atenção à Condução";"Tombamento";"Com Vítimas Feridas";"Anoitecer";"Crescente";"Nublado";"Simples";"Interseção de Vias";"Não";1;0;1;0;0;0;1;1;-18,58312484;-39,89359975;"SPRF-ES";"DEL04-ES";"UOP02-DEL04-ES"
290666;2020-06-18;"quinta-feira";"17:30:00";"BA";324;614;"SALVADOR";"Falta de Atenção à Condução";"Queda de ocupante de veículo";"Com Vítimas Feridas";"Anoitecer";"Decrescente";"Céu Claro";"Dupla";"Reta";"Sim";1;0;1;0;0;0;1;1;-12,84664721;-38,41741648;"SPRF-BA";"DEL01-BA";"UOP01-DEL01-BA"
290667;2020-06-18;"quinta-feira";"17:45:00";"ES";262;62;"MARECHAL FLORIANO";"Desobediência às normas de trânsito pelo condutor";"Colisão lateral";"Com Vítimas Feridas";"Anoitecer";"Decrescente";"Céu Claro";"Simples";"Reta";"Não";3;0;1;1;0;1;2;2;-20,42348484;-40,79923496;"SPRF-ES";"DEL01-ES";"UOP02-DEL01-ES"
290668;2020-06-18;"quinta-feira";"16:10:00";"AL";101;241,3;"PORTO REAL DO COLEGIO";"Falta de Atenção à Condução";"Saída de leito carroçável";"Sem Vítimas";"Anoitecer";"Crescente";"Céu Claro";"Dupla";"Curva";"Não";1;0;0;0;1;0;0;1;-10,152882;-36,810684;"SPRF-AL";"DEL02-AL";"UOP02-DEL02-AL"
290671;2020-06-18;"quinta-feira";"18:15:00";"ES";101;334,9;"GUARAPARI";"Defeito Mecânico no Veículo";"Colisão traseira";"Com Vítimas Feridas";"Plena Noite";"Crescente";"Céu Claro";"Simples";"Curva";"Não";2;0;1;0;1;0;1;2;-20,62547996;-40,52645272;"SPRF-ES";"DEL03-ES";"UOP01-DEL03-ES"
290672;2020-06-18;"quinta-feira";"17:50:00";"SC";101;136,2;"BALNEARIO CAMBORIU";"Desobediência às normas de trânsito pelo condutor";"Colisão transversal";"Com Vítimas Feridas";"Anoitecer";"Crescente";"Céu Claro";"Múltipla";"Interseção de Vias";"Não";2;0;2;0;0;0;2;2;-27,008113;-48,617245;"SPRF-SC";"DEL04-SC";"UOP03-DEL04-SC"
290673;2020-06-18;"quinta-feira";"18:15:00";"SC";101;118;"ITAJAI";"Desobediência às normas de trânsito pelo condutor";"Colisão transversal";"Com Vítimas Feridas";"Plena Noite";"Crescente";"Céu Claro";"Dupla";"Interseção de Vias";"Não";2;0;0;1;1;0;1;2;-26,895859;-48,71903;"SPRF-SC";"DEL04-SC";"UOP04-DEL04-SC"
290674;2020-06-18;"quinta-feira";"18:30:00";"PA";230;121;"MARABA";"Falta de Atenção à Condução";"Colisão transversal";"Com Vítimas Feridas";"Anoitecer";"Decrescente";"Céu Claro";"Dupla";"Interseção de Vias";"Sim";3;0;0;1;2;0;1;3;-5,35297407;-49,12143673;"SPRF-PA";"DEL03-PA";"UOP01-DEL03-PA"
290675;2020-06-18;"quinta-feira";"16:35:00";"AC";364;125;"RIO BRANCO";"Falta de Atenção à Condução";"Colisão lateral";"Com Vítimas Feridas";"Pleno dia";"Decrescente";"Céu Claro";"Simples";"Rotatória";"Sim";3;0;2;0;1;0;2;2;-10,01280606;-67,80005697;"SPRF-AC";"DEL01-AC";"UOP01-DEL01-AC"
290677;2020-06-18;"quinta-feira";"18:30:00";"RJ";116;200;"SEROPEDICA";"Falta de Atenção à Condução";"Colisão lateral";"Com Vítimas Feridas";"Plena Noite";"Crescente";"Ignorado";"Dupla";"Reta";"Não";3;0;1;0;2;0;1;2;-22,7306082;-43,59401795;"SPRF-RJ";"DEL01-RJ";"UOP03-DEL01-RJ"
290679;2020-06-14;"domingo";"04:00:00";"SC";282;528;"CORDILHEIRA ALTA";"Velocidade Incompatível";"Saída de leito carroçável";"Com Vítimas Feridas";"Anoitecer";"Decrescente";"Nevoeiro/Neblina";"Simples";"Curva";"Não";1;0;1;0;0;0;1;1;-26,978798;-52,588566;"SPRF-SC";"DEL07-SC";"UOP01-DEL07-SC"
290681;2020-06-18;"quinta-feira";"18:30:00";"SC";101;416;"ARARANGUA";"Desobediência às normas de trânsito pelo condutor";"Colisão lateral";"Com Vítimas Feridas";"Plena Noite";"Crescente";"Céu Claro";"Simples";"Reta";"Sim";2;0;2;0;0;0;2;2;-28,97833594;-49,53529358;"SPRF-SC";"DEL02-SC";"UOP02-DEL02-SC"
290682;2020-06-18;"quinta-feira";"16:40:00";"AL";101;67,5;"MESSIAS";"Falta de Atenção à Condução";"Saída de leito carroçável";"Com Vítimas Feridas";"Pleno dia";"Decrescente";"Nublado";"Dupla";"Curva";"Não";1;0;1;0;0;0;1;1;-9,34144305;-35,83125567;"SPRF-AL";"DEL01-AL";"UOP02-DEL01-AL"
290684;2020-06-18;"quinta-feira";"15:05:00";"PR";467;91,9;"CASCAVEL";"Pista Escorregadia";"Saída de leito carroçável";"Com Vítimas Feridas";"Pleno dia";"Crescente";"Céu Claro";"Dupla";"Curva";"Não";1;0;1;0;0;0;1;1;-24,8515;-53,6035;"SPRF-PR";"DEL04-PR";"UOP01-DEL04-PR"
290687;2020-06-18;"quinta-feira";"18:20:00";"MS";262;247,5;"RIBAS DO RIO PARDO";"Falta de Atenção do Pedestre";"Atropelamento de Pedestre";"Com Vítimas Fatais";"Plena Noite";"Decrescente";"Céu Claro";"Simples";"Reta";"Não";2;1;0;0;1;0;0;2;-20,43929134;-53,82688725;"SPRF-MS";"DEL01-MS";"UOP01-DEL01-MS"
290690;2020-06-18;"quinta-feira";"18:20:00";"MT";364;204;"RONDONOPOLIS";"Falta de Atenção à Condução";"Colisão transversal";"Com Vítimas Feridas";"Plena Noite";"Decrescente";"Ignorado";"Dupla";"Retorno Regulamentado";"Sim";2;0;1;0;1;0;1;2;-16,467325;-54,657196;"SPRF-MT";"DEL02-MT";"UOP01-DEL02-MT"
290693;2020-06-18;"quinta-feira";"17:35:00";"AC";364;124;"RIO BRANCO";"Pista Escorregadia";"Tombamento";"Com Vítimas Feridas";"Anoitecer";"Decrescente";"Nublado";"Simples";"Reta";"Sim";1;0;1;0;0;0;1;1;-10,01152469;-67,79140099;"SPRF-AC";"DEL01-AC";"UOP01-DEL01-AC"
290694;2020-06-10;"quarta-feira";"20:30:00";"MG";365;329;"JOAO PINHEIRO";"Defeito Mecânico no Veículo";"Incêndio";"Sem Vítimas";"Plena Noite";"Decrescente";"Céu Claro";"Simples";"Reta";"Não";1;0;0;0;1;0;0;1;-18,2893342;-45,9262029;"SPRF-MG";"DEL10-MG";"UOP01-DEL10-MG"
290695;2020-06-18;"quinta-feira";"19:40:00";"PR";369;185;"ARAPONGAS";"Desobediência às normas de trânsito pelo condutor";"Colisão com objeto estático";"Com Vítimas Feridas";"Plena Noite";"Crescente";"Céu Claro";"Simples";"Reta";"Sim";1;0;0;1;0;0;1;1;-23,40883;-51,42778;"SPRF-PR";"DEL07-PR";"UOP03-DEL07-PR"
290696;2020-06-18;"quinta-feira";"19:10:00";"RJ";493;88,9;"SEROPEDICA";"Objeto estático sobre o leito carroçável";"Capotamento";"Com Vítimas Feridas";"Plena Noite";"Crescente";"Céu Claro";"Dupla";"Reta";"Não";2;0;1;0;1;0;1;1;-22,67724963;-43,66057992;"SPRF-RJ";"DEL03-RJ";"UOP01-DEL03-RJ"
290697;2020-06-18;"quinta-feira";"19:30:00";"PE";101;66;"RECIFE";"Falta de Atenção do Pedestre";"Atropelamento de Pedestre";"Com Vítimas Feridas";"Plena Noite";"Decrescente";"Chuva";"Dupla";"Reta";"Sim";2;0;0;1;1;0;1;2;-8,034689;-34,941607;"SPRF-PE";"DEL01-PE";"UOP01-DEL01-PE"
290699;2020-06-18;"quinta-feira";"18:00:00";"RS";116;521;"PELOTAS";"Falta de Atenção à Condução";"Colisão transversal";"Com Vítimas Feridas";"Amanhecer";"Crescente";"Céu Claro";"Simples";"Rotatória";"Sim";3;0;1;0;2;0;1;2;-31,70752405;-52,36800695;"SPRF-RS";"DEL07-RS";"UOP01-DEL07-RS"
290700;2020-06-18;"quinta-feira";"19:10:00";"CE";116;176,2;"RUSSAS";"Defeito Mecânico no Veículo";"Incêndio";"Sem Vítimas";"Plena Noite";"Decrescente";"Céu Claro";"Simples";"Reta";"Não";1;0;0;0;1;0;0;1;-5,025839;-38,071773;"SPRF-CE";"DEL03-CE";"UOP01-DEL03-CE"
290704;2020-06-18;"quinta-feira";"18:35:00";"RO";364;305;"PRESIDENTE MEDICI";"Falta de Atenção à Condução";"Colisão lateral";"Com Vítimas Feridas";"Plena Noite";"Crescente";"Ignorado";"Dupla";"Reta";"Não";2;0;1;0;1;0;1;2;-11,199493;-61,90149998;"SPRF-RO";"DEL02-RO";"UOP01-DEL02-RO"
290706;2020-06-18;"quinta-feira";"21:00:00";"RS";101;19;"TRES CACHOEIRAS";"Animais na Pista";"Colisão traseira";"Com Vítimas Feridas";"Plena Noite";"Crescente";"Céu Claro";"Dupla";"Rotatória;Curva";"Não";4;0;2;0;2;0;2;2;-29,42307528;-49,87816774;"SPRF-RS";"DEL03-RS";"UOP02-DEL03-RS"
290708;2020-06-18;"quinta-feira";"21:00:00";"SC";101;204,5;"SAO JOSE";"Objeto estático sobre o leito carroçável";"Colisão traseira";"Com Vítimas Feridas";"Plena Noite";"Crescente";"Céu Claro";"Múltipla";"Interseção de Vias";"Sim";2;0;1;0;1;0;1;2;-27,57672205;-48,61345237;"SPRF-SC";"DEL01-SC";"UOP01-DEL01-SC"
290711;2020-06-18;"quinta-feira";"21:00:00";"AL";101;135;"SAO MIGUEL DOS CAMPOS";"Mal Súbito";"Queda de ocupante de veículo";"Com Vítimas Feridas";"Plena Noite";"Decrescente";"Garoa/Chuvisco";"Simples";"Reta";"Sim";2;0;1;0;0;1;1;2;-9,78834902;-36,10509283;"SPRF-AL";"DEL02-AL";"UOP01-DEL02-AL"
290714;2020-06-18;"quinta-feira";"21:00:00";"MS";267;237;"NOVA ALVORADA DO SUL";"Animais na Pista";"Atropelamento de Animal";"Com Vítimas Feridas";"Plena Noite";"Crescente";"Céu Claro";"Simples";"Reta";"Não";2;0;1;0;1;0;1;1;-21,49363108;-54,27106905;"SPRF-MS";"DEL02-MS";"UOP01-DEL02-MS"
290715;2020-06-18;"quinta-feira";"20:50:00";"SC";101;321,8;"PESCARIA BRAVA";"Desobediência às normas de trânsito pelo condutor";"Queda de ocupante de veículo";"Com Vítimas Feridas";"Plena Noite";"Decrescente";"Céu Claro";"Dupla";"Reta";"Sim";2;0;1;0;0;1;1;1;-28,42850909;-48,91383648;"SPRF-SC";"DEL02-SC";"UOP01-DEL02-SC"
290716;2020-06-18;"quinta-feira";"22:00:00";"GO";60;218;"VARJAO";"Falta de Atenção à Condução";"Capotamento";"Com Vítimas Feridas";"Plena Noite";"Crescente";"Vento";"Dupla";"Retorno Regulamentado";"Não";2;0;0;2;0;0;2;1;-16,9695;-49,7325;"SPRF-GO";"DEL01-GO";"UOP02-DEL01-GO"
290718;2020-06-18;"quinta-feira";"16:30:00";"GO";153;515,1;"APARECIDA DE GOIANIA";"Defeito Mecânico no Veículo";"Incêndio";"Sem Vítimas";"Plena Noite";"Decrescente";"Nublado";"Dupla";"Reta";"Sim";1;0;0;0;1;0;0;1;-16,7977;-49,2386;"SPRF-GO";"DEL01-GO";"UOP03-DEL01-GO"
290721;2020-06-18;"quinta-feira";"20:14:00";"SP";116;133,2;"CACAPAVA";"Defeito Mecânico no Veículo";"Incêndio";"Sem Vítimas";"Plena Noite";"Crescente";"Céu Claro";"Dupla";"Reta";"Sim";1;0;0;0;1;0;0;1;-23,1359564;-45,7532708;"SPRF-SP";"DEL06-SP";"UOP01-DEL06-SP"
290723;2020-06-18;"quinta-feira";"21:00:00";"MG";40;827,1;"SIMAO PEREIRA";"Defeito Mecânico no Veículo";"Incêndio";"Sem Vítimas";"Plena Noite";"Decrescente";"Céu Claro";"Dupla";"Aclive";"Não";1;0;0;0;0;1;0;1;-21,98932602;-43,2844189;"SPRF-MG";"DEL05-MG";"UOP01-DEL05-MG"
290724;2020-06-18;"quinta-feira";"20:30:00";"MS";163;660;"RIO VERDE DE MATO GROSSO";"Mal Súbito";"Saída de leito carroçável";"Com Vítimas Feridas";"Plena Noite";"Crescente";"Céu Claro";"Simples";"Aclive";"Não";2;0;1;0;1;0;1;1;-19,08202703;-54,78594103;"SPRF-MS";"DEL06-MS";"UOP02-DEL06-MS"
290726;2020-06-18;"quinta-feira";"23:00:00";"PE";101;77,5;"RECIFE";"Restrição de Visibilidade";"Atropelamento de Pedestre";"Com Vítimas Fatais";"Plena Noite";"Decrescente";"Chuva";"Dupla";"Reta";"Sim";3;1;0;2;0;0;2;2;-8,132699;-34,946332;"SPRF-PE";"DEL01-PE";"UOP01-DEL01-PE"