"id";"data_inversa";"dia_semana";"horario";"uf";"br";"km";"municipio";"causa_acidente";"tipo_acidente";"classificacao_acidente";"fase_dia";"sentido_via";"condicao_metereologica";"tipo_pista";"tracado_via";"uso_solo";"pessoas";"mortos";"feridos_leves";"feridos_graves";"ilesos";"ignorados";"feridos";"veiculos";"latitude";"longitude";"regional";"delegacia";"uop"
290727;2020-06-18;"quinta-feira";"22:10:00";"GO";452;2;"RIO VERDE";"Falta de Atenção à Condução";"Colisão lateral";"Com Vítimas Feridas";"Plena Noite";"Crescente";"Céu Claro";"Múltipla";"Reta";"Sim";2;0;0;2;0;0;2;2;-17,79595391;-50,88555295;"SPRF-GO";"DEL04-GO";"UOP01-DEL04-GO"
290729;2020-06-18;"quinta-feira";"23:30:00";"MG";116;708,2;"MURIAE";"Desobediência às normas de trânsito pelo condutor";"Colisão traseira";"Com Vítimas Feridas";"Plena Noite";"Decrescente";"Nublado";"Simples";"Reta";"Não";2;0;1;0;1;0;1;2;-21,16328873;-42,37968988;"SPRF-MG";"DEL07-MG";"UOP02-DEL07-MG"
290731;2020-06-19;"sexta-feira";"00:25:00";"ES";101;295,6;"CARIACICA";"Desobediência às normas de trânsito pelo condutor";"Colisão frontal";"Com Vítimas Feridas";"Plena Noite";"Decrescente";"Céu Claro";"Múltipla";"Reta";"Não";4;0;1;0;3;0;1;2;-20,33223667;-40,40004683;"SPRF-ES";"DEL01-ES";"UOP01-DEL01-ES"
290732;2020-06-18;"quinta-feira";"22:00:00";"MS";60;422,5;"SIDROLANDIA";"Falta de Atenção à Condução";"Colisão lateral";"Com Vítimas Feridas";"Plena Noite";"Crescente";"Céu Claro";"Simples";"Reta";"Sim";2;0;2;0;0;0;2;2;-20,90647275;-54,94123021;"SPRF-MS";"DEL01-MS";"UOP04-DEL01-MS"
290734;2020-06-19;"sexta-feira";"01:15:00";"SC";101;133,2;"BALNEARIO CAMBORIU";"Velocidade Incompatível";"Colisão com objeto estático";"Com Vítimas Fatais";"Plena Noite";"Decrescente";"Céu Claro";"Simples";"Reta";"Não";2;1;0;0;0;1;0;2;-27,001103;-48,638892;"SPRF-SC";"DEL04-SC";"UOP03-DEL04-SC"
290737;2020-06-19;"sexta-feira";"00:00:00";"MG";40;515;"RIBEIRAO DAS NEVES";"Defeito Mecânico no Veículo";"Incêndio";"Sem Vítimas";"Plena Noite";"Crescente";"Céu Claro";"Dupla";"Reta";"Sim";2;0;0;0;2;0;0;1;-19,8090079;-44,09493479;"SPRF-MG";"DEL01-MG";"UOP02-DEL01-MG"
290738;2020-06-19;"sexta-feira";"02:20:00";"MG";381;584;"CARMOPOLIS DE MINAS";"Condutor Dormindo";"Saída de leito carroçável";"Com Vítimas Feridas";"Plena Noite";"Decrescente";"Céu Claro";"Dupla";"Curva";"Não";2;0;1;1;0;0;2;1;-20,52949002;-44,63874994;"SPRF-MG";"DEL04-MG";"UOP01-DEL04-MG"
290739;2020-06-19;"sexta-feira";"02:30:00";"PE";424;70;"CAETES";"Falta de Atenção à Condução";"Saída de leito carroçável";"Com Vítimas Fatais";"Plena Noite";"Decrescente";"Garoa/Chuvisco";"Simples";"Reta";"Não";1;1;0;0;0;0;0;1;-8,77912908;-36,62060205;"SPRF-PE";"DEL03-PE";"UOP01-DEL03-PE"
290740;2020-06-19;"sexta-feira";"03:05:00";"SP";116;528;"BARRA DO TURVO";"Falta de Atenção do Pedestre";"Atropelamento de Pedestre";"Com Vítimas Fatais";"Plena Noite";"Crescente";"Céu Claro";"Simples";"Reta";"Não";2;1;0;0;0;1;0;2;-24,93621048;-48,29215184;"SPRF-SP";"DEL05-SP";"UOP02-DEL05-SP"
290744;2020-06-19;"sexta-feira";"06:00:00";"PR";277;17,3;"PARANAGUA";"Defeito Mecânico no Veículo";"Queda de ocupante de veículo";"Com Vítimas Feridas";"Amanhecer";"Decrescente";"Céu Claro";"Dupla";"Reta";"Não";2;0;1;0;1;0;1;1;-25,56380488;-48,63457397;"SPRF-PR";"DEL01-PR";"UOP05-DEL01-PR"
290745;2020-06-19;"sexta-feira";"06:20:00";"PR";277;21,6;"MORRETES";"Falta de Atenção do Pedestre";"Atropelamento de Pedestre";"Com Vítimas Fatais";"Amanhecer";"Crescente";"Céu Claro";"Dupla";"Curva";"Não";2;1;0;0;1;0;0;2;-25,55074432;-48,67135211;"SPRF-PR";"DEL01-PR";"UOP05-DEL01-PR"
290746;2020-06-19;"sexta-feira";"06:40:00";"RS";116;477,7;"TURUCU";"Restrição de Visibilidade";"Colisão com objeto estático";"Com Vítimas Feridas";"Plena Noite";"Decrescente";"Nevoeiro/Neblina";"Dupla";"Em Obras";"Não";1;0;1;0;0;0;1;1;-31,38161704;-52,12712598;"SPRF-RS";"DEL07-RS";"UOP01-DEL07-RS"
290747;2020-06-19;"sexta-feira";"07:00:00";"SE";235;56;"ITABAIANA";"Falta de Atenção à Condução";"Tombamento";"Com Vítimas Feridas";"Pleno dia";"Decrescente";"Nublado";"Simples";"Reta";"Não";1;0;1;0;0;0;1;1;-10,658644;-37,448425;"SPRF-SE";"DEL01-SE";"UOP02-DEL01-SE"
290748;2020-06-19;"sexta-feira";"05:40:00";"CE";20;424,9;"FORTALEZA";"Falta de Atenção à Condução";"Saída de leito carroçável";"Com Vítimas Feridas";"Pleno dia";"Crescente";"Céu Claro";"Dupla";"Curva;Em Obras";"Não";2;0;1;0;1;0;1;1;-3,8606554;-38,5365155;"SPRF-CE";"DEL01-CE";"UOP02-DEL01-CE"
290749;2020-06-19;"sexta-feira";"07:00:00";"RJ";116;182;"NOVA IGUACU";"Desobediência às normas de trânsito pelo condutor";"Colisão frontal";"Com Vítimas Feridas";"Pleno dia";"Crescente";"Céu Claro";"Múltipla";"Reta";"Não";2;0;1;0;0;1;1;2;-22,7567755;-43,43107234;"SPRF-RJ";"DEL01-RJ";"UOP02-DEL01-RJ"
290752;2020-06-18;"quinta-feira";"20:00:00";"MG";381;652,5;"SANTO ANTONIO DO AMPARO";"Falta de Atenção à Condução";"Saída de leito carroçável";"Sem Vítimas";"Plena Noite";"Decrescente";"Ignorado";"Dupla";"Declive";"Não";1;0;0;0;0;1;0;1;-20,98384831;-44,94479972;"SPRF-MG";"DEL04-MG";"UOP02-DEL04-MG"
290753;2020-06-19;"sexta-feira";"07:05:00";"SC";470;138,2;"RIO DO SUL";"Não guardar distância de segurança";"Colisão traseira";"Com Vítimas Feridas";"Pleno dia";"Crescente";"Nevoeiro/Neblina";"Simples";"Reta";"Não";2;0;1;0;1;0;1;2;-27,207214;-49,648476;"SPRF-SC";"DEL04-SC";"UOP02-DEL04-SC"
290754;2020-06-19;"sexta-feira";"07:30:00";"ES";101;297;"CARIACICA";"Falta de Atenção à Condução";"Colisão transversal";"Com Vítimas Feridas";"Pleno dia";"Decrescente";"Nublado";"Dupla";"Curva;Desvio Temporário";"Sim";3;0;1;0;1;1;1;3;-20,34529844;-40,41026774;"SPRF-ES";"DEL01-ES";"UOP01-DEL01-ES"
290755;2020-06-19;"sexta-feira";"06:30:00";"MS";60;84,7;"PARAISO DAS AGUAS";"Animais na Pista";"Saída de leito carroçável";"Com Vítimas Feridas";"Pleno dia";"Crescente";"Céu Claro";"Simples";"Reta";"Não";2;0;1;0;1;0;1;1;-19,2022899;-53,09456612;"SPRF-MS";"DEL06-MS";"UOP02-DEL06-MS"
290757;2020-06-19;"sexta-feira";"07:50:00";"DF";20;13;"BRASILIA";"Falta de Atenção à Condução";"Colisão traseira";"Sem Vítimas";"Pleno dia";"Decrescente";"Céu Claro";"Dupla";"Reta";"Sim";2;0;0;0;2;0;0;2;-15,638752;-47,749599;"SPRF-DF";"DEL02-DF";"UOP01-DEL02-DF"
290759;2020-06-19;"sexta-feira";"05:50:00";"PR";277;398;"CANDOI";"Falta de Atenção à Condução";"Colisão transversal";"Com Vítimas Feridas";"Amanhecer";"Decrescente";"Céu Claro";"Simples";"Reta;Rotatória";"Não";2;0;0;1;1;0;1;2;-25,44778951;-51,90763095;"SPRF-PR";"DEL08-PR";"UOP01-DEL08-PR"
290760;2020-06-19;"sexta-feira";"07:15:00";"PI";316;5,3;"TERESINA";"Mal Súbito";"Colisão traseira";"Com Vítimas Feridas";"Pleno dia";"Decrescente";"Sol";"Múltipla";"Reta";"Sim";3;0;1;0;2;0;1;2;-5,14169858;-42,78157276;"SPRF-PI";"DEL01-PI";"UOP02-DEL01-PI"
290761;2020-06-19;"sexta-feira";"07:25:00";"RJ";101;315;"SAO GONCALO";"Falta de Atenção à Condução";"Colisão com objeto estático";"Com Vítimas Feridas";"Pleno dia";"Decrescente";"Céu Claro";"Dupla";"Reta";"Sim";2;0;1;0;1;0;1;1;-22,82262092;-43,08460805;"SPRF-RJ";"DEL02-RJ";"UOP02-DEL02-RJ"
290762;2020-06-19;"sexta-feira";"07:50:00";"PB";230;20,5;"JOAO PESSOA";"Falta de Atenção à Condução";"Colisão traseira";"Com Vítimas Feridas";"Pleno dia";"Decrescente";"Chuva";"Múltipla";"Reta";"Sim";4;0;3;0;0;1;3;3;-7,1337;-34,8544;"SPRF-PB";"DEL01-PB";"UOP01-DEL01-PB"
290763;2020-06-19;"sexta-feira";"08:10:00";"SC";101;217,9;"PALHOCA";"Falta de Atenção à Condução";"Colisão transversal";"Com Vítimas Feridas";"Pleno dia";"Decrescente";"Sol";"Dupla";"Declive";"Não";3;0;1;1;0;1;2;3;-27,66779034;-48,67393586;"SPRF-SC";"DEL01-SC";"UOP02-DEL01-SC"
290764;2020-06-19;"sexta-feira";"08:00:00";"DF";70;4,6;"BRASILIA";"Falta de Atenção à Condução";"Colisão lateral";"Com Vítimas Feridas";"Pleno dia";"Decrescente";"Céu Claro";"Dupla";"Reta";"Sim";3;0;1;0;2;0;1;2;-15,795613;-48,094075;"SPRF-DF";"DEL03-DF";"UOP02-DEL03-DF"
290765;2020-06-19;"sexta-feira";"08:35:00";"PI";316;5,3;"TERESINA";"Falta de Atenção à Condução";"Colisão traseira";"Com Vítimas Feridas";"Pleno dia";"Crescente";"Céu Claro";"Múltipla";"Reta";"Sim";2;0;1;0;1;0;1;2;-5,14169858;-42,78157276;"SPRF-PI";"DEL01-PI";"UOP02-DEL01-PI"
290768;2020-06-13;"sábado";"17:30:00";"RS";448;10;"CANOAS";"Defeito Mecânico no Veículo";"Tombamento";"Com Vítimas Feridas";"Plena Noite";"Crescente";"Céu Claro";"Simples";"Curva";"Não";2;0;1;0;1;0;1;1;-29,903273;-51,244934;"SPRF-RS";"DEL01-RS";"UOP01-DEL01-RS"
290769;2020-06-19;"sexta-feira";"09:15:00";"PR";369;36;"ANDIRA";"Desobediência às normas de trânsito pelo condutor";"Colisão transversal";"Com Vítimas Feridas";"Pleno dia";"Decrescente";"Céu Claro";"Simples";"Reta";"Sim";3;0;2;0;0;1;2;2;-23,03821171;-50,22483587;"SPRF-PR";"DEL07-PR";"UOP05-DEL07-PR"
290772;2020-06-19;"sexta-feira";"08:50:00";"BA";324;483,7;"TANQUINHO";"Defeito Mecânico no Veículo";"Incêndio";"Sem Vítimas";"Pleno dia";"Crescente";"Céu Claro";"Simples";"Reta";"Não";1;0;0;0;1;0;0;1;-12,01636649;-39,04492767;"SPRF-BA";"DEL02-BA";"UOP01-DEL02-BA"
290774;2020-06-19;"sexta-feira";"09:00:00";"BA";116;518,8;"ITATIM";"Falta de Atenção à Condução";"Colisão lateral";"Com Vítimas Feridas";"Pleno dia";"Decrescente";"Céu Claro";"Simples";"Reta";"Sim";2;0;0;1;1;0;1;2;-12,69483879;-39,70087951;"SPRF-BA";"DEL03-BA";"UOP02-DEL03-BA"
290775;2020-06-19;"sexta-feira";"09:00:00";"MG";116;94,4;"MEDINA";"Ultrapassagem Indevida";"Saída de leito carroçável";"Com Vítimas Feridas";"Pleno dia";"Decrescente";"Céu Claro";"Simples";"Curva";"Não";1;0;1;0;0;0;1;1;-16,39353293;-41,47322739;"SPRF-MG";"DEL11-MG";"UOP02-DEL11-MG"
290776;2020-06-19;"sexta-feira";"09:10:00";"MG";262;817,9;"UBERABA";"Falta de Atenção à Condução";"Colisão traseira";"Com Vítimas Feridas";"Pleno dia";"Crescente";"Céu Claro";"Dupla";"Reta";"Não";2;0;0;1;1;0;1;2;-19,76384526;-48,12927805;"SPRF-MG";"DEL13-MG";"UOP01-DEL13-MG"
290783;2020-06-19;"sexta-feira";"10:45:00";"CE";222;4;"CAUCAIA";"Falta de Atenção à Condução";"Tombamento";"Com Vítimas Feridas";"Pleno dia";"Decrescente";"Céu Claro";"Dupla";"Reta";"Sim";1;0;1;0;0;0;1;1;-3,74164754;-38,60449792;"SPRF-CE";"DEL01-CE";"UOP01-DEL01-CE"
290785;2020-06-19;"sexta-feira";"11:30:00";"BA";324;545;"AMELIA RODRIGUES";"Falta de Atenção à Condução";"Colisão transversal";"Com Vítimas Feridas";"Pleno dia";"Decrescente";"Céu Claro";"Dupla";"Reta";"Sim";2;0;1;0;1;0;1;2;-12,40647;-38,753143;"SPRF-BA";"DEL01-BA";"UOP01-DEL01-BA"
290786;2020-06-19;"sexta-feira";"11:40:00";"SC";101;155;"PORTO BELO";"Ultrapassagem Indevida";"Colisão frontal";"Com Vítimas Feridas";"Pleno dia";"Crescente";"Céu Claro";"Simples";"Viaduto";"Não";2;0;1;0;1;0;1;2;-27,16292;-48,61129;"SPRF-SC";"DEL04-SC";"UOP03-DEL04-SC"
290787;2020-06-19;"sexta-feira";"11:00:00";"PE";423;60;"LAJEDO";"Desobediência às normas de trânsito pelo condutor";"Colisão lateral";"Com Vítimas Feridas";"Pleno dia";"Crescente";"Nublado";"Simples";"Reta";"Sim";2;0;1;0;1;0;1;2;-8,65394006;-36,32109791;"SPRF-PE";"DEL03-PE";"UOP01-DEL03-PE"
290788;2020-06-19;"sexta-feira";"12:00:00";"SE";235;53,5;"ITABAIANA";"Desobediência às normas de trânsito pelo condutor";"Colisão transversal";"Com Vítimas Feridas";"Pleno dia";"Decrescente";"Céu Claro";"Múltipla";"Interseção de Vias";"Sim";3;0;3;0;0;0;3;2;-10,684707;-37,440544;"SPRF-SE";"DEL01-SE";"UOP02-DEL01-SE"
290789;2020-06-19;"sexta-feira";"12:05:00";"MG";50;175;"UBERABA";"Falta de Atenção à Condução";"Colisão traseira";"Com Vítimas Feridas";"Pleno dia";"Crescente";"Sol";"Dupla";"Declive;Curva";"Sim";2;0;1;0;1;0;1;2;-19,77880359;-47,9695118;"SPRF-MG";"DEL13-MG";"UOP01-DEL13-MG"
290790;2020-06-19;"sexta-feira";"12:00:00";"GO";153;617,4;"MORRINHOS";"Velocidade Incompatível";"Saída de leito carroçável";"Com Vítimas Feridas";"Pleno dia";"Crescente";"Céu Claro";"Dupla";"Declive";"Não";1;0;1;0;0;0;1;1;-17,6951;-49,1559;"SPRF-GO";"DEL03-GO";"UOP01-DEL03-GO"
290791;2020-06-19;"sexta-feira";"12:05:00";"PR";153;296;"IMBITUVA";"Falta de Atenção à Condução";"Colisão lateral";"Com Vítimas Feridas";"Pleno dia";"Crescente";"Céu Claro";"Simples";"Reta";"Sim";3;0;2;0;1;0;2;3;-25,25766;-50,640564;"SPRF-PR";"DEL03-PR";"UOP03-DEL03-PR"
290796;2020-06-19;"sexta-feira";"11:30:00";"RJ";493;8;"GUAPIMIRIM";"Falta de Atenção à Condução";"Colisão com objeto estático";"Com Vítimas Feridas";"Pleno dia";"Crescente";"Céu Claro";"Simples";"Ponte";"Sim";1;0;1;0;0;0;1;1;-22,71330892;-42,95334574;"SPRF-RJ";"DEL04-RJ";"UOP02-DEL04-RJ"
290799;2020-06-19;"sexta-feira";"13:25:00";"SC";470;146,2;"RIO DO SUL";"Desobediência às normas de trânsito pelo condutor";"Colisão traseira";"Com Vítimas Feridas";"Pleno dia";"Crescente";"Céu Claro";"Simples";"Reta";"Sim";2;0;0;1;1;0;1;2;-27,240673;-49,685822;"SPRF-SC";"DEL04-SC";"UOP02-DEL04-SC"
290800;2020-06-19;"sexta-feira";"13:30:00";"SC";470;48,7;"BLUMENAU";"Falta de Atenção à Condução";"Colisão traseira";"Com Vítimas Feridas";"Pleno dia";"Decrescente";"Sol";"Simples";"Reta";"Não";2;0;1;0;1;0;1;2;-26,859823;-49,055393;"SPRF-SC";"DEL04-SC";"UOP01-DEL04-SC"
290801;2020-06-19;"sexta-feira";"13:30:00";"BA";407;3,5;"JUAZEIRO";"Desobediência às normas de trânsito pelo condutor";"Colisão lateral";"Sem Vítimas";"Pleno dia";"Decrescente";"Céu Claro";"Simples";"Reta";"Sim";4;0;0;0;4;0;0;4;-9,41925806;-40,46710968;"SPRF-PE";"DEL06-PE";"UOP01-DEL06-PE"
290802;2020-06-19;"sexta-feira";"13:50:00";"RJ";493;21;"MAGE";"Falta de Atenção à Condução";"Colisão traseira";"Com Vítimas Feridas";"Pleno dia";"Decrescente";"Céu Claro";"Simples";"Reta";"Sim";2;0;1;0;1;0;1;2;-22,66151289;-43,04480692;"SPRF-RJ";"DEL04-RJ";"UOP02-DEL04-RJ"
290803;2020-06-19;"sexta-feira";"12:00:00";"RS";472;398;"SAO BORJA";"Falta de Atenção à Condução";"Colisão traseira";"Com Vítimas Feridas";"Pleno dia";"Decrescente";"Céu Claro";"Simples";"Reta";"Sim";2;0;1;0;1;0;1;2;-28,672972;-55,966007;"SPRF-RS";"DEL12-RS";"UOP01-DEL12-RS"
290806;2020-06-19;"sexta-feira";"11:00:00";"PE";408;99,1;"SAO LOURENCO DA MATA";"Velocidade Incompatível";"Saída de leito carroçável";"Sem Vítimas";"Pleno dia";"Crescente";"Chuva";"Dupla";"Declive";"Não";2;0;0;0;2;0;0;1;-8,041821;-35,024494;"SPRF-PE";"DEL01-PE";"UOP01-DEL01-PE"
290807;2020-06-19;"sexta-feira";"14:45:00";"PR";376;174;"MARINGA";"Desobediência às normas de trânsito pelo condutor";"Colisão transversal";"Com Vítimas Feridas";"Pleno dia";"Decrescente";"Céu Claro";"Dupla";"Reta";"Sim";2;0;0;1;1;0;1;2;-23,41654891;-51,9565773;"SPRF-PR";"DEL09-PR";"UOP01-DEL09-PR"
290809;2020-06-19;"sexta-feira";"13:45:00";"MS";262;98;"AGUA CLARA";"Defeito na Via";"Saída de leito carroçável";"Com Vítimas Feridas";"Pleno dia";"Crescente";"Céu Claro";"Simples";"Curva";"Não";2;0;2;0;0;0;2;1;-20,56827688;-52,48446554;"SPRF-MS";"DEL07-MS";"UOP02-DEL07-MS"
290811;2020-04-17;"sexta-feira";"14:45:00";"PR";277;214,8;"TEIXEIRA SOARES";"Falta de Atenção à Condução";"Atropelamento de Pedestre";"Com Vítimas Feridas";"Pleno dia";"Crescente";"Céu Claro";"Simples";"Curva";"Não";3;0;1;0;2;0;1;2;-25,4686505;-50,3962393;"SPRF-PR";"DEL03-PR";"UOP03-DEL03-PR"
290812;2020-06-19;"sexta-feira";"14:00:00";"BA";324;533;"FEIRA DE SANTANA";"Falta de Atenção à Condução";"Colisão lateral";"Sem Vítimas";"Pleno dia";"Crescente";"Céu Claro";"Dupla";"Reta";"Não";2;0;0;0;2;0;0;2;-12,34449694;-38,84017496;"SPRF-BA";"DEL01-BA";"UOP01-DEL01-BA"
290813;2020-06-19;"sexta-feira";"15:40:00";"MG";262;811;"UBERABA";"Falta de Atenção à Condução";"Colisão transversal";"Com Vítimas Feridas";"Pleno dia";"Decrescente";"Céu Claro";"Dupla";"Reta";"Sim";2;0;1;1;0;0;2;2;-19,76527861;-48,11638905;"SPRF-MG";"DEL13-MG";"UOP01-DEL13-MG"
290816;2020-06-19;"sexta-feira";"15:35:00";"RJ";40;113;"DUQUE DE CAXIAS";"Falta de Atenção à Condução";"Colisão transversal";"Com Vítimas Feridas";"Pleno dia";"Decrescente";"Céu Claro";"Múltipla";"Reta";"Sim";2;0;0;1;1;0;1;2;-22,70948502;-43,29040354;"SPRF-RJ";"DEL01-RJ";"UOP01-DEL01-RJ"
290817;2020-06-17;"quarta-feira";"02:50:00";"MG";262;435;"NOVA SERRANA";"Defeito Mecânico no Veículo";"Incêndio";"Sem Vítimas";"Plena Noite";"Crescente";"Céu Claro";"Simples";"Reta";"Não";1;0;0;0;0;1;0;1;-19,89666118;-44,85116191;"SPRF-MG";"DEL08-MG";"UOP03-DEL08-MG"
290820;2020-06-19;"sexta-feira";"13:40:00";"MG";267;11,9;"LEOPOLDINA";"Falta de Atenção à Condução";"Saída de leito carroçável";"Com Vítimas Feridas";"Pleno dia";"Crescente";"Céu Claro";"Simples";"Reta";"Não";1;0;1;0;0;0;1;1;-21,56999426;-42,70830382;"SPRF-MG";"DEL07-MG";"UOP01-DEL07-MG"
290821;2020-06-19;"sexta-feira";"15:10:00";"ES";262;31,7;"DOMINGOS MARTINS";"Pista Escorregadia";"Tombamento";"Sem Vítimas";"Pleno dia";"Crescente";"Chuva";"Simples";"Curva";"Não";1;0;0;0;1;0;0;1;-20,3805123;-40,56830627;"SPRF-ES";"DEL01-ES";"UOP01-DEL01-ES"
290825;2020-06-19;"sexta-feira";"13:30:00";"RS";293;375,7;"SANTANA DO LIVRAMENTO";"Velocidade Incompatível";"Saída de leito carroçável";"Com Vítimas Feridas";"Pleno dia";"Decrescente";"Céu Claro";"Simples";"Reta";"Não";2;0;0;2;0;0;2;1;-30,69511434;-55,84022129;"SPRF-RS";"DEL11-RS";"UOP01-DEL11-RS"
290826;2020-06-19;"sexta-feira";"14:15:00";"PR";277;79;"SAO JOSE DOS PINHAIS";"Falta de Atenção à Condução";"Queda de ocupante de veículo";"Com Vítimas Feridas";"Pleno dia";"Decrescente";"Céu Claro";"Simples";"Reta";"Sim";1;0;0;1;0;0;1;1;-25,47695822;-49,20617808;"SPRF-PR";"DEL01-PR";"UOP01-DEL01-PR"
290828;2020-06-19;"sexta-feira";"15:00:00";"BA";116;742;"POCOES";"Defeito Mecânico no Veículo";"Colisão traseira";"Com Vítimas Feridas";"Pleno dia";"Decrescente";"Nublado";"Simples";"Curva";"Não";5;0;1;0;4;0;1;2;-14,37019003;-40,34587988;"SPRF-BA";"DEL08-BA";"UOP02-DEL08-BA"
290833;2020-06-19;"sexta-feira";"16:30:00";"RJ";116;173;"BELFORD ROXO";"Falta de Atenção à Condução";"Atropelamento de Pedestre";"Com Vítimas Feridas";"Anoitecer";"Crescente";"Céu Claro";"Múltipla";"Reta";"Sim";2;0;1;0;1;0;1;2;-22,79810324;-43,35726614;"SPRF-RJ";"DEL01-RJ";"UOP02-DEL01-RJ"
290836;2020-06-19;"sexta-feira";"16:50:00";"SP";459;32;"LORENA";"Defeito Mecânico no Veículo";"Danos eventuais";"Com Vítimas Feridas";"Pleno dia";"Decrescente";"Céu Claro";"Simples";"Reta";"Não";5;0;2;0;3;0;2;2;-22,74061;-45,093822;"SPRF-SP";"DEL08-SP";"UOP01-DEL08-SP"
290838;2020-06-19;"sexta-feira";"16:20:00";"ES";101;1,5;"VITORIA";"Falta de Atenção à Condução";"Colisão traseira";"Com Vítimas Feridas";"Pleno dia";"Crescente";"Garoa/Chuvisco";"Dupla";"Reta";"Sim";2;0;0;1;1;0;1;2;-20,24780552;-40,28446935;"SPRF-ES";"DEL02-ES";"UOP01-DEL02-ES"
290840;2020-06-19;"sexta-feira";"17:10:00";"RS";285;198;"LAGOA VERMELHA";"Falta de Atenção à Condução";"Queda de ocupante de veículo";"Com Vítimas Feridas";"Pleno dia";"Decrescente";"Céu Claro";"Simples";"Reta";"Não";1;0;1;0;0;0;1;1;-28,210049;-51,511726;"SPRF-RS";"DEL08-RS";"UOP05-DEL08-RS"
290841;2020-06-19;"sexta-feira";"17:30:00";"PR";476;191,7;"LAPA";"Falta de Atenção à Condução";"Colisão transversal";"Com Vítimas Feridas";"Anoitecer";"Crescente";"Céu Claro";"Dupla";"Reta";"Não";2;0;1;0;1;0;1;2;-25,720638;-49,696972;"SPRF-PR";"DEL01-PR";"UOP06-DEL01-PR"
290842;2020-06-19;"sexta-feira";"17:35:00";"ES";101;258,9;"SERRA";"Falta de Atenção à Condução";"Colisão com objeto estático";"Sem Vítimas";"Anoitecer";"Decrescente";"Nublado";"Dupla";"Reta";"Sim";1;0;0;0;1;0;0;1;-20,13059888;-40,2961019;"SPRF-ES";"DEL02-ES";"UOP01-DEL02-ES"
290844;2020-06-19;"sexta-feira";"16:45:00";"RS";472;412;"SAO BORJA";"Defeito Mecânico no Veículo";"Incêndio";"Sem Vítimas";"Pleno dia";"Decrescente";"Céu Claro";"Simples";"Reta";"Não";2;0;0;0;2;0;0;1;-28,71765193;-56,00907326;"SPRF-RS";"DEL12-RS";"UOP01-DEL12-RS"
290845;2020-06-19;"sexta-feira";"18:05:00";"SP";101;46,6;"UBATUBA";"Restrição de Visibilidade";"Tombamento";"Com Vítimas Feridas";"Plena Noite";"Decrescente";"Nublado";"Simples";"Reta";"Sim";1;0;1;0;0;0;1;1;-23,42403383;-45,07492113;"SPRF-SP";"DEL06-SP";"UOP01-DEL06-SP"
290846;2020-06-19;"sexta-feira";"18:00:00";"MG";40;640,4;"CONSELHEIRO LAFAIETE";"Falta de Atenção à Condução";"Colisão transversal";"Com Vítimas Feridas";"Plena Noite";"Decrescente";"Céu Claro";"Simples";"Reta";"Não";3;0;0;1;2;0;1;3;-20,74114426;-43,79983455;"SPRF-MG";"DEL05-MG";"UOP02-DEL05-MG"
290847;2020-06-19;"sexta-feira";"16:30:00";"SC";101;45,7;"JOINVILLE";"Agressão Externa";"Colisão frontal";"Com Vítimas Feridas";"Pleno dia";"Crescente";"Céu Claro";"Dupla";"Reta";"Sim";2;0;2;0;0;0;2;2;-26,32214492;-48,8689509;"SPRF-SC";"DEL03-SC";"UOP01-DEL03-SC"
290848;2020-06-19;"sexta-feira";"17:45:00";"PR";158;511;"CORONEL VIVIDA";"Falta de Atenção à Condução";"Queda de ocupante de veículo";"Com Vítimas Feridas";"Anoitecer";"Decrescente";"Céu Claro";"Simples";"Aclive;Curva";"Não";1;0;0;1;0;0;1;1;-26,04197745;-52,62004852;"SPRF-PR";"DEL02-PR";"UOP01-DEL02-PR"
290849;2020-06-19;"sexta-feira";"17:50:00";"SP";116;141,4;"SAO JOSE DOS CAMPOS";"Não guardar distância de segurança";"Colisão lateral";"Com Vítimas Feridas";"Plena Noite";"Decrescente";"Céu Claro";"Dupla";"Reta";"Não";3;0;1;0;2;0;1;3;-23,16912737;-45,81695088;"SPRF-SP";"DEL06-SP";"UOP01-DEL06-SP"
290850;2020-06-19;"sexta-feira";"18:25:00";"SE";101;94;"NOSSA SENHORA DO SOCORRO";"Desobediência às normas de trânsito pelo condutor";"Saída de leito carroçável";"Com Vítimas Feridas";"Plena Noite";"Crescente";"Nublado";"Dupla";"Retorno Regulamentado";"Sim";3;0;1;0;1;1;1;3;-10,90546948;-37,14992523;"SPRF-SE";"DEL01-SE";"UOP01-DEL01-SE"
290853;2020-06-19;"sexta-feira";"15:20:00";"RS";287;401;"SANTIAGO";"Desobediência às normas de trânsito pelo condutor";"Colisão transversal";"Com Vítimas Feridas";"Pleno dia";"Crescente";"Céu Claro";"Simples";"Interseção de Vias";"Sim";3;0;1;0;2;0;1;2;-29,16179299;-54,87881184;"SPRF-RS";"DEL12-RS";"UOP02-DEL12-RS"
290854;2020-06-19;"sexta-feira";"17:40:00";"PR";467;86,3;"CASCAVEL";"Desobediência às normas de trânsito pelo condutor";"Atropelamento de Pedestre";"Com Vítimas Fatais";"Anoitecer";"Decrescente";"Céu Claro";"Dupla";"Reta";"Sim";2;1;0;0;1;0;0;2;-24,82812;-53,64415;"SPRF-PR";"DEL04-PR";"UOP01-DEL04-PR"
290855;2020-06-19;"sexta-feira";"17:55:00";"SC";101;145;"ITAPEMA";"Não guardar distância de segurança";"Colisão traseira";"Com Vítimas Feridas";"Anoitecer";"Decrescente";"Céu Claro";"Dupla";"Reta";"Sim";2;0;1;0;1;0;1;2;-27,08139206;-48,60130993;"SPRF-SC";"DEL04-SC";"UOP03-DEL04-SC"