"id";"data_inversa";"dia_semana";"horario";"uf";"br";"km";"municipio";"causa_acidente";"tipo_acidente";"classificacao_acidente";"fase_dia";"sentido_via";"condicao_metereologica";"tipo_pista";"tracado_via";"uso_solo";"pessoas";"mortos";"feridos_leves";"feridos_graves";"ilesos";"ignorados";"feridos";"veiculos";"latitude";"longitude";"regional";"delegacia";"uop"
290856;2020-06-19;"sexta-feira";"13:00:00";"PR";116;104;"SAO JOSE DOS PINHAIS";"Defeito Mecânico no Veículo";"Queda de ocupante de veículo";"Com Vítimas Feridas";"Pleno dia";"Decrescente";"Céu Claro";"Simples";"Reta";"Sim";1;0;1;0;0;0;1;1;-25,56472785;-49,15859603;"SPRF-PR";"DEL01-PR";"UOP01-DEL01-PR"
290857;2020-06-19;"sexta-feira";"17:50:00";"SC";101;323;"LAGUNA";"Falta de Atenção à Condução";"Colisão traseira";"Sem Vítimas";"Anoitecer";"Crescente";"Céu Claro";"Múltipla";"Reta";"Não";2;0;0;0;2;0;0;2;-28,42789556;-48,91248313;"SPRF-SC";"DEL02-SC";"UOP01-DEL02-SC"
290858;2020-06-19;"sexta-feira";"18:15:00";"PB";230;156;"CAMPINA GRANDE";"Falta de Atenção à Condução";"Colisão traseira";"Com Vítimas Feridas";"Plena Noite";"Crescente";"Chuva";"Simples";"Reta";"Sim";2;0;1;0;1;0;1;2;-7,2693;-35,9138;"SPRF-PB";"DEL02-PB";"UOP01-DEL02-PB"
290859;2020-06-19;"sexta-feira";"18:35:00";"GO";40;5,5;"VALPARAISO DE GOIAS";"Não guardar distância de segurança";"Colisão lateral";"Com Vítimas Feridas";"Plena Noite";"Crescente";"Céu Claro";"Dupla";"Reta";"Sim";2;0;1;0;0;1;1;2;-16,097189;-47,979791;"SPRF-DF";"DEL01-DF";"UOP01-DEL01-DF"
290861;2020-06-19;"sexta-feira";"19:00:00";"SC";101;209;"SAO JOSE";"Falta de Atenção à Condução";"Colisão traseira";"Com Vítimas Feridas";"Plena Noite";"Decrescente";"Céu Claro";"Simples";"Reta";"Não";2;0;1;0;1;0;1;2;-27,61007268;-48,63863111;"SPRF-SC";"DEL01-SC";"UOP01-DEL01-SC"
290863;2020-06-19;"sexta-feira";"19:10:00";"SP";153;78,9;"BADY BASSITT";"Falta de Atenção à Condução";"Colisão transversal";"Com Vítimas Feridas";"Plena Noite";"Crescente";"Céu Claro";"Simples";"Reta";"Não";3;0;2;1;0;0;3;2;-20,90428329;-49,46169392;"SPRF-SP";"DEL09-SP";"UOP01-DEL09-SP"
290864;2020-05-14;"quinta-feira";"09:30:00";"SC";116;201;"PONTE ALTA";"Velocidade Incompatível";"Tombamento";"Com Vítimas Feridas";"Pleno dia";"Crescente";"Nublado";"Simples";"Aclive;Reta";"Não";1;0;1;0;0;0;1;1;-27,43687163;-50,40434884;"SPRF-SC";"DEL05-SC";"UOP03-DEL05-SC"
290866;2020-06-19;"sexta-feira";"16:55:00";"GO";364;193;"JATAI";"Agressão Externa";"Capotamento";"Com Vítimas Feridas";"Pleno dia";"Decrescente";"Céu Claro";"Dupla";"Reta";"Não";3;0;2;0;0;1;2;2;-17,917818;-51,696274;"SPRF-GO";"DEL05-GO";"UOP01-DEL05-GO"
290867;2020-06-19;"sexta-feira";"17:55:00";"PR";116;121,5;"FAZENDA RIO GRANDE";"Falta de Atenção à Condução";"Colisão lateral";"Com Vítimas Feridas";"Plena Noite";"Crescente";"Céu Claro";"Dupla";"Reta";"Sim";3;0;1;0;2;0;1;2;-25,58301427;-49,31350708;"SPRF-PR";"DEL01-PR";"UOP03-DEL01-PR"
290868;2020-06-19;"sexta-feira";"18:00:00";"RJ";116;66;"TERESOPOLIS";"Falta de Atenção à Condução";"Colisão transversal";"Com Vítimas Feridas";"Plena Noite";"Decrescente";"Céu Claro";"Simples";"Reta";"Sim";2;0;1;0;1;0;1;2;-22,28530513;-42,9306046;"SPRF-RJ";"DEL04-RJ";"UOP01-DEL04-RJ"
290870;2020-06-19;"sexta-feira";"18:15:00";"RJ";101;428;"MANGARATIBA";"Falta de Atenção do Pedestre";"Atropelamento de Pedestre";"Com Vítimas Feridas";"Plena Noite";"Crescente";"Céu Claro";"Simples";"Declive";"Não";2;0;0;1;1;0;1;2;-22,93391858;-43,9899979;"SPRF-RJ";"DEL03-RJ";"UOP03-DEL03-RJ"
290871;2020-06-19;"sexta-feira";"19:00:00";"PE";423;37,2;"CACHOEIRINHA";"Desobediência às normas de trânsito pelo condutor";"Colisão frontal";"Com Vítimas Fatais";"Plena Noite";"Decrescente";"Garoa/Chuvisco";"Simples";"Reta;Aclive";"Sim";2;1;0;0;0;1;0;2;-8,480466;-36,224281;"SPRF-PE";"DEL02-PE";"UOP03-DEL02-PE"
290873;2020-06-19;"sexta-feira";"19:20:00";"SC";101;129;"BALNEARIO CAMBORIU";"Falta de Atenção à Condução";"Colisão transversal";"Com Vítimas Feridas";"Plena Noite";"Decrescente";"Céu Claro";"Simples";"Reta";"Sim";3;0;2;0;1;0;2;2;-26,98064277;-48,6790679;"SPRF-SC";"DEL04-SC";"UOP03-DEL04-SC"
290874;2020-06-07;"domingo";"20:50:00";"SC";101;367,5;"SANGAO";"Velocidade Incompatível";"Colisão traseira";"Com Vítimas Feridas";"Plena Noite";"Crescente";"Céu Claro";"Dupla";"Reta";"Não";4;0;3;0;1;0;3;2;-28,69145778;-49,16484911;"SPRF-SC";"DEL02-SC";"UOP01-DEL02-SC"
290876;2020-06-19;"sexta-feira";"18:15:00";"PR";116;163;"QUITANDINHA";"Falta de Atenção à Condução";"Saída de leito carroçável";"Com Vítimas Feridas";"Plena Noite";"Crescente";"Céu Claro";"Simples";"Reta";"Não";1;0;1;0;0;0;1;1;-25,86442035;-49,41795105;"SPRF-PR";"DEL01-PR";"UOP03-DEL01-PR"
290877;2020-06-19;"sexta-feira";"18:40:00";"PE";101;48,9;"ABREU E LIMA";"Falta de Atenção do Pedestre";"Atropelamento de Pedestre";"Com Vítimas Fatais";"Plena Noite";"Decrescente";"Nublado";"Múltipla";"Curva";"Sim";2;1;0;1;0;0;1;2;-7,899974;-34,902071;"SPRF-PE";"DEL01-PE";"UOP02-DEL01-PE"
290878;2020-06-19;"sexta-feira";"18:55:00";"RN";101;96;"NATAL";"Falta de Atenção do Pedestre";"Atropelamento de Pedestre";"Com Vítimas Feridas";"Plena Noite";"Decrescente";"Chuva";"Múltipla";"Reta";"Sim";2;0;2;0;0;0;2;2;-5,84949622;-35,20890752;"SPRF-RN";"DEL01-RN";"UOP01-DEL01-RN"
290879;2020-06-19;"sexta-feira";"19:25:00";"RS";472;530;"URUGUAIANA";"Defeito na Via";"Tombamento";"Com Vítimas Feridas";"Plena Noite";"Crescente";"Céu Claro";"Simples";"Reta";"Não";1;0;1;0;0;0;1;1;-29,40860104;-56,68551497;"SPRF-RS";"DEL13-RS";"UOP01-DEL13-RS"
290880;2020-06-19;"sexta-feira";"18:00:00";"PR";476;268;"SAO MATEUS DO SUL";"Velocidade Incompatível";"Colisão traseira";"Com Vítimas Feridas";"Plena Noite";"Decrescente";"Céu Claro";"Simples";"Reta";"Não";4;0;1;0;3;0;1;2;-25,89550239;-50,31822058;"SPRF-PR";"DEL02-PR";"UOP04-DEL02-PR"
290881;2020-06-19;"sexta-feira";"19:50:00";"PR";369;523,5;"CASCAVEL";"Falta de Atenção à Condução";"Colisão frontal";"Com Vítimas Feridas";"Plena Noite";"Crescente";"Céu Claro";"Simples";"Reta";"Sim";2;0;0;1;1;0;1;2;-24,9502;-53,3984;"SPRF-PR";"DEL04-PR";"UOP01-DEL04-PR"
290882;2020-06-19;"sexta-feira";"19:30:00";"ES";259;45;"COLATINA";"Falta de Atenção do Pedestre";"Saída de leito carroçável";"Com Vítimas Feridas";"Plena Noite";"Crescente";"Chuva";"Simples";"Curva";"Não";1;0;0;1;0;0;1;1;-19,53318486;-40,57148984;"SPRF-ES";"DEL02-ES";"UOP01-DEL02-ES"
290883;2020-06-19;"sexta-feira";"19:20:00";"PE";232;252,8;"ARCOVERDE";"Ingestão de Álcool";"Colisão frontal";"Com Vítimas Feridas";"Plena Noite";"Crescente";"Nublado";"Simples";"Interseção de Vias";"Sim";2;0;0;1;1;0;1;2;-8,43093216;-37,06536423;"SPRF-PE";"DEL03-PE";"UOP02-DEL03-PE"
290884;2020-06-19;"sexta-feira";"19:10:00";"SC";101;207;"SAO JOSE";"Falta de Atenção à Condução";"Colisão traseira";"Com Vítimas Feridas";"Anoitecer";"Crescente";"Céu Claro";"Dupla";"Reta";"Sim";3;0;1;0;1;1;1;2;-27,60001226;-48,6226467;"SPRF-SC";"DEL01-SC";"UOP01-DEL01-SC"
290885;2020-06-19;"sexta-feira";"19:50:00";"ES";101;118;"SOORETAMA";"Falta de Atenção à Condução";"Queda de ocupante de veículo";"Com Vítimas Feridas";"Plena Noite";"Crescente";"Nublado";"Simples";"Reta;Declive";"Não";1;0;1;0;0;0;1;1;-19,12750105;-40,06705989;"SPRF-ES";"DEL04-ES";"UOP01-DEL04-ES"
290886;2020-06-19;"sexta-feira";"17:40:00";"SC";101;145;"ITAPEMA";"Falta de Atenção à Condução";"Tombamento";"Com Vítimas Feridas";"Anoitecer";"Decrescente";"Céu Claro";"Dupla";"Curva";"Não";2;0;1;0;0;1;1;2;-27,08139206;-48,60130993;"SPRF-SC";"DEL04-SC";"UOP03-DEL04-SC"
290887;2020-06-19;"sexta-feira";"13:30:00";"RO";364;423,5;"JARU";"Desobediência às normas de trânsito pelo condutor";"Colisão frontal";"Com Vítimas Feridas";"Pleno dia";"Decrescente";"Céu Claro";"Simples";"Interseção de Vias";"Sim";3;0;2;1;0;0;3;2;-10,44466103;-62,46585846;"SPRF-RO";"DEL03-RO";"UOP02-DEL03-RO"
290888;2020-06-19;"sexta-feira";"19:00:00";"MG";381;484;"BETIM";"Falta de Atenção à Condução";"Queda de ocupante de veículo";"Com Vítimas Feridas";"Plena Noite";"Crescente";"Céu Claro";"Dupla";"Reta";"Sim";1;0;1;0;0;0;1;1;-19,95531717;-44,11722196;"SPRF-MG";"DEL01-MG";"UOP03-DEL01-MG"
290889;2020-06-19;"sexta-feira";"19:35:00";"PE";101;1,1;"GOIANA";"Pista Escorregadia";"Colisão com objeto estático";"Com Vítimas Feridas";"Plena Noite";"Crescente";"Chuva";"Dupla";"Retorno Regulamentado";"Não";2;0;1;0;1;0;1;1;-7,50897414;-34,98748949;"SPRF-PE";"DEL01-PE";"UOP02-DEL01-PE"
290890;2020-06-19;"sexta-feira";"20:10:00";"PR";277;521;"CASCAVEL";"Ingestão de álcool e/ou substâncias psicoativas pelo pedestre";"Atropelamento de Pedestre";"Com Vítimas Feridas";"Plena Noite";"Decrescente";"Céu Claro";"Simples";"Reta";"Sim";2;0;1;0;1;0;1;2;-24,9837757;-53,3729147;"SPRF-PR";"DEL04-PR";"UOP04-DEL04-PR"
290891;2020-06-19;"sexta-feira";"19:45:00";"RS";116;242;"SAO LEOPOLDO";"Defeito Mecânico no Veículo";"Colisão lateral";"Sem Vítimas";"Plena Noite";"Crescente";"Nublado";"Dupla";"Reta";"Sim";4;0;0;0;4;0;0;4;-29,72297087;-51,14858729;"SPRF-RS";"DEL01-RS";"UOP02-DEL01-RS"
290893;2020-06-19;"sexta-feira";"17:35:00";"RO";364;517;"ARIQUEMES";"Falta de Atenção à Condução";"Tombamento";"Com Vítimas Feridas";"Anoitecer";"Decrescente";"Céu Claro";"Simples";"Reta";"Sim";1;0;1;0;0;0;1;1;-9,92848146;-63,07466171;"SPRF-RO";"DEL03-RO";"UOP01-DEL03-RO"
290894;2020-06-19;"sexta-feira";"19:00:00";"MG";116;527,7;"CARATINGA";"Falta de Atenção à Condução";"Colisão lateral";"Com Vítimas Feridas";"Plena Noite";"Crescente";"Garoa/Chuvisco";"Simples";"Interseção de Vias";"Sim";2;0;1;0;1;0;1;2;-19,78510701;-42,13445297;"SPRF-MG";"DEL06-MG";"UOP02-DEL06-MG"
290896;2020-06-19;"sexta-feira";"18:10:00";"SC";101;285,1;"IMBITUBA";"Falta de Atenção à Condução";"Colisão com objeto estático";"Com Vítimas Feridas";"Plena Noite";"Decrescente";"Nublado";"Dupla";"Reta";"Não";1;0;1;0;0;0;1;1;-28,22116606;-48,70063047;"SPRF-SC";"DEL02-SC";"UOP03-DEL02-SC"
290897;2020-06-19;"sexta-feira";"20:40:00";"GO";40;12,3;"LUZIANIA";"Falta de Atenção à Condução";"Colisão lateral";"Com Vítimas Feridas";"Plena Noite";"Crescente";"Céu Claro";"Dupla";"Interseção de Vias";"Sim";2;0;1;0;1;0;1;2;-16,145123;-47,945382;"SPRF-DF";"DEL01-DF";"UOP01-DEL01-DF"
290898;2020-06-19;"sexta-feira";"19:55:00";"AL";104;89,5;"RIO LARGO";"Desobediência às normas de trânsito pelo condutor";"Colisão transversal";"Com Vítimas Feridas";"Plena Noite";"Crescente";"Céu Claro";"Dupla";"Reta";"Sim";2;0;2;0;0;0;2;2;-9,49216808;-35,81471324;"SPRF-AL";"DEL01-AL";"UOP01-DEL01-AL"
290902;2020-06-19;"sexta-feira";"20:10:00";"PR";153;42,9;"SANTO ANTONIO DA PLATINA";"Falta de Atenção à Condução";"Colisão transversal";"Com Vítimas Feridas";"Plena Noite";"Crescente";"Céu Claro";"Dupla";"Reta";"Sim";2;0;2;0;0;0;2;2;-23,29512144;-50,06578041;"SPRF-PR";"DEL07-PR";"UOP04-DEL07-PR"
290903;2020-06-19;"sexta-feira";"19:35:00";"SC";280;128;"RIO NEGRINHO";"Ingestão de Álcool";"Colisão transversal";"Com Vítimas Feridas";"Plena Noite";"Decrescente";"Céu Claro";"Simples";"Declive;Reta";"Sim";2;0;1;0;1;0;1;2;-26,24317941;-49,51320018;"SPRF-SC";"DEL06-SC";"UOP03-DEL06-SC"
290905;2020-06-19;"sexta-feira";"19:30:00";"PB";230;250,2;"JUAZEIRINHO";"Ingestão de Álcool";"Colisão frontal";"Com Vítimas Feridas";"Plena Noite";"Decrescente";"Garoa/Chuvisco";"Simples";"Reta";"Não";2;0;1;1;0;0;2;2;-7,0593;-36,652;"SPRF-PB";"DEL03-PB";"UOP01-DEL03-PB"
290906;2020-06-19;"sexta-feira";"21:30:00";"PB";230;125;"RIACHAO DO BACAMARTE";"Velocidade Incompatível";"Saída de leito carroçável";"Com Vítimas Fatais";"Plena Noite";"Decrescente";"Chuva";"Dupla";"Declive;Curva";"Não";3;1;1;1;0;0;2;1;-7,2498;-35,6827;"SPRF-PB";"DEL02-PB";"UOP01-DEL02-PB"
290907;2020-06-19;"sexta-feira";"21:35:00";"PA";163;1003;"SANTAREM";"Defeito na Via";"Tombamento";"Com Vítimas Feridas";"Plena Noite";"Crescente";"Ignorado";"Simples";"Reta";"Sim";1;0;1;0;0;0;1;1;-2,44688525;-54,73048152;"SPRF-PA";"DEL05-PA";"UOP01-DEL05-PA"
290909;2020-06-19;"sexta-feira";"21:30:00";"PR";369;159;"CAMBE";"Não guardar distância de segurança";"Colisão traseira";"Com Vítimas Feridas";"Plena Noite";"Decrescente";"Céu Claro";"Dupla";"Reta;Aclive";"Sim";3;0;2;0;0;1;2;3;-23,28331571;-51,24801278;"SPRF-PR";"DEL07-PR";"UOP01-DEL07-PR"
290910;2020-06-19;"sexta-feira";"22:00:00";"PB";230;22;"JOAO PESSOA";"Condutor Dormindo";"Colisão com objeto estático";"Com Vítimas Feridas";"Plena Noite";"Crescente";"Nublado";"Dupla";"Reta";"Sim";1;0;1;0;0;0;1;1;-7,1495;-34,8517;"SPRF-PB";"DEL01-PB";"UOP01-DEL01-PB"
290911;2020-06-19;"sexta-feira";"22:30:00";"GO";40;12,9;"LUZIANIA";"Ingestão de Substâncias Psicoativas";"Atropelamento de Pedestre";"Com Vítimas Feridas";"Plena Noite";"Crescente";"Céu Claro";"Dupla";"Reta";"Sim";2;0;1;0;0;1;1;2;-16,145123;-47,945382;"SPRF-DF";"DEL01-DF";"UOP01-DEL01-DF"
290912;2020-06-19;"sexta-feira";"22:30:00";"PR";116;125,8;"FAZENDA RIO GRANDE";"Desobediência às normas de trânsito pelo condutor";"Colisão transversal";"Com Vítimas Feridas";"Plena Noite";"Crescente";"Céu Claro";"Dupla";"Interseção de Vias";"Sim";2;0;0;1;1;0;1;2;-25,64079353;-49,3130051;"SPRF-PR";"DEL01-PR";"UOP03-DEL01-PR"
290913;2020-06-19;"sexta-feira";"22:10:00";"ES";101;413,7;"ITAPEMIRIM";"Ingestão de Álcool";"Tombamento";"Com Vítimas Feridas";"Plena Noite";"Decrescente";"Nevoeiro/Neblina";"Simples";"Reta";"Não";1;0;0;1;0;0;1;1;-20,91637313;-41,07312186;"SPRF-ES";"DEL03-ES";"UOP02-DEL03-ES"
290915;2020-06-19;"sexta-feira";"22:40:00";"PR";376;597,4;"CURITIBA";"Falta de Atenção do Pedestre";"Atropelamento de Pedestre";"Com Vítimas Fatais";"Plena Noite";"Decrescente";"Céu Claro";"Dupla";"Reta";"Não";2;1;0;0;1;0;0;2;-25,510571;-49,338848;"SPRF-PR";"DEL01-PR";"UOP06-DEL01-PR"
290916;2020-06-19;"sexta-feira";"23:00:00";"PR";376;174,4;"MARINGA";"Desobediência às normas de trânsito pelo condutor";"Colisão transversal";"Com Vítimas Feridas";"Plena Noite";"Decrescente";"Céu Claro";"Dupla";"Interseção de Vias;Reta";"Sim";3;0;1;0;1;1;1;3;-23,41586513;-51,9546622;"SPRF-PR";"DEL09-PR";"UOP01-DEL09-PR"
290917;2020-06-19;"sexta-feira";"22:50:00";"PI";343;348,1;"TERESINA";"Desobediência às normas de trânsito pelo condutor";"Colisão frontal";"Com Vítimas Feridas";"Plena Noite";"Crescente";"Céu Claro";"Simples";"Declive";"Sim";2;0;0;1;1;0;1;2;-5,118706;-42,786411;"SPRF-PI";"DEL01-PI";"UOP01-DEL01-PI"
290918;2020-06-19;"sexta-feira";"22:47:00";"RS";116;250,4;"SAO LEOPOLDO";"Defeito Mecânico no Veículo";"Colisão com objeto estático";"Sem Vítimas";"Plena Noite";"Decrescente";"Céu Claro";"Dupla";"Reta";"Sim";2;0;0;0;2;0;0;1;-29,79148798;-51,16399615;"SPRF-RS";"DEL01-RS";"UOP02-DEL01-RS"
290919;2020-06-19;"sexta-feira";"23:00:00";"AL";423;38,3;"INHAPI";"Animais na Pista";"Atropelamento de Animal";"Sem Vítimas";"Plena Noite";"Decrescente";"Nevoeiro/Neblina";"Simples";"Aclive";"Não";2;0;0;0;2;0;0;1;-9,2273871;-37,61856297;"SPRF-AL";"DEL03-AL";"UOP02-DEL03-AL"
290920;2020-06-19;"sexta-feira";"18:30:00";"MG";116;215,4;"CATUJI";"Restrição de Visibilidade";"Colisão com objeto estático";"Com Vítimas Feridas";"Plena Noite";"Crescente";"Chuva";"Simples";"Reta";"Não";2;0;2;0;0;0;2;1;-17,36742595;-41,53218172;"SPRF-MG";"DEL11-MG";"UOP01-DEL11-MG"
290922;2020-06-19;"sexta-feira";"18:45:00";"SP";116;144;"SAO JOSE DOS CAMPOS";"Falta de Atenção à Condução";"Colisão traseira";"Sem Vítimas";"Plena Noite";"Decrescente";"Céu Claro";"Dupla";"Aclive";"Não";2;0;0;0;2;0;0;2;-23,18274416;-45,84633592;"SPRF-SP";"DEL02-SP";"UOP01-DEL02-SP"
290926;2020-06-19;"sexta-feira";"23:40:00";"PA";163;985,9;"SANTAREM";"Desobediência às normas de trânsito pelo condutor";"Colisão frontal";"Com Vítimas Feridas";"Plena Noite";"Decrescente";"Céu Claro";"Simples";"Reta";"Não";6;0;2;0;4;0;2;2;-2,585663;-54,720243;"SPRF-PA";"DEL05-PA";"UOP01-DEL05-PA"
290928;2020-06-20;"sábado";"00:30:00";"RS";116;253,6;"SAPUCAIA DO SUL";"Desobediência às normas de trânsito pelo condutor";"Saída de leito carroçável";"Sem Vítimas";"Plena Noite";"Crescente";"Céu Claro";"Simples";"Reta";"Não";1;0;0;0;1;0;0;1;-29,81784209;-51,16996166;"SPRF-RS";"DEL01-RS";"UOP02-DEL01-RS"
290930;2020-06-20;"sábado";"00:05:00";"SC";280;50,1;"GUARAMIRIM";"Ingestão de Álcool";"Saída de leito carroçável";"Com Vítimas Feridas";"Plena Noite";"Crescente";"Nublado";"Simples";"Curva";"Não";2;0;1;0;1;0;1;1;-26,4619489;-48,94618404;"SPRF-SC";"DEL03-SC";"UOP03-DEL03-SC"
290931;2020-06-20;"sábado";"01:15:00";"RS";386;356,4;"ESTRELA";"Condutor Dormindo";"Saída de leito carroçável";"Com Vítimas Feridas";"Plena Noite";"Crescente";"Nublado";"Dupla";"Curva";"Não";1;0;1;0;0;0;1;1;-29,522612;-51,935017;"SPRF-RS";"DEL04-RS";"UOP02-DEL04-RS"
290932;2020-06-19;"sexta-feira";"23:30:00";"RR";432;203;"CANTA";"Falta de Atenção à Condução";"Saída de leito carroçável";"Sem Vítimas";"Plena Noite";"Decrescente";"Chuva";"Simples";"Curva";"Sim";1;0;0;0;1;0;0;1;2,69632483;-60,60780716;"SPRF-RR";"DEL01-RR";"UOP01-DEL01-RR"
290933;2020-06-20;"sábado";"00:00:00";"MG";381;328;"NOVA ERA";"Pista Escorregadia";"Saída de leito carroçável";"Com Vítimas Feridas";"Plena Noite";"Crescente";"Garoa/Chuvisco";"Dupla";"Curva";"Sim";1;0;1;0;0;0;1;1;-19,77559;-43,04523;"SPRF-MG";"DEL03-MG";"UOP01-DEL03-MG"
290934;2020-06-20;"sábado";"02:00:00";"SP";116;110,5;"TAUBATE";"Falta de Atenção à Condução";"Saída de leito carroçável";"Sem Vítimas";"Plena Noite";"Crescente";"Céu Claro";"Simples";"Reta";"Sim";1;0;0;0;0;1;0;1;-23,03412614;-45,5526999;"SPRF-SP";"DEL06-SP";"UOP01-DEL06-SP"
290935;2020-06-20;"sábado";"00:13:00";"RJ";116;78;"TERESOPOLIS";"Falta de Atenção à Condução";"Atropelamento de Pedestre";"Com Vítimas Feridas";"Plena Noite";"Crescente";"Céu Claro";"Simples";"Curva";"Sim";6;0;0;5;0;1;5;3;-22,37408687;-42,95260496;"SPRF-RJ";"DEL04-RJ";"UOP01-DEL04-RJ"
290936;2020-06-20;"sábado";"03:10:00";"SC";101;203,4;"SAO JOSE";"Avarias e/ou desgaste excessivo no pneu";"Colisão com objeto estático";"Sem Vítimas";"Plena Noite";"Crescente";"Céu Claro";"Múltipla";"Reta";"Sim";2;0;0;0;2;0;0;1;-27,5650044;-48,61460082;"SPRF-SC";"DEL01-SC";"UOP01-DEL01-SC"
290937;2020-06-20;"sábado";"03:25:00";"MG";50;12,8;"UBERLANDIA";"Velocidade Incompatível";"Colisão com objeto estático";"Com Vítimas Fatais";"Plena Noite";"Decrescente";"Céu Claro";"Simples";"Rotatória";"Não";2;1;0;1;0;0;1;1;-18,90238885;-48,18775177;"SPRF-MG";"DEL15-MG";"UOP02-DEL15-MG"
290939;2020-06-20;"sábado";"04:30:00";"SE";235;106,5;"CARIRA";"Desobediência às normas de trânsito pelo condutor";"Colisão traseira";"Com Vítimas Fatais";"Plena Noite";"Crescente";"Nublado";"Simples";"Reta";"Não";3;1;1;0;0;1;1;2;-10,366173;-37,690163;"SPRF-SE";"DEL01-SE";"UOP02-DEL01-SE"
290941;2020-06-20;"sábado";"04:40:00";"RJ";116;143;"DUQUE DE CAXIAS";"Falta de Atenção à Condução";"Colisão com objeto estático";"Com Vítimas Feridas";"Plena Noite";"Crescente";"Céu Claro";"Dupla";"Reta";"Sim";2;0;2;0;0;0;2;1;-22,65237271;-43,23918118;"SPRF-RJ";"DEL01-RJ";"UOP01-DEL01-RJ"
290942;2020-06-20;"sábado";"04:55:00";"SP";116;43,8;"CANAS";"Condutor Dormindo";"Tombamento";"Com Vítimas Fatais";"Plena Noite";"Crescente";"Céu Claro";"Dupla";"Reta";"Não";6;1;4;0;1;0;4;3;-22,6973511;-45,03013594;"SPRF-SP";"DEL08-SP";"UOP02-DEL08-SP"
290943;2020-06-20;"sábado";"05:00:00";"SC";101;89,5;"BARRA VELHA";"Falta de Atenção à Condução";"Colisão com objeto estático";"Sem Vítimas";"Plena Noite";"Crescente";"Nublado";"Múltipla";"Reta";"Sim";1;0;0;0;0;1;0;1;-26,65175997;-48,68721921;"SPRF-SC";"DEL03-SC";"UOP02-DEL03-SC"
290945;2020-06-19;"sexta-feira";"20:00:00";"BA";101;201;"GOVERNADOR MANGABEIRA";"Objeto estático sobre o leito carroçável";"Colisão com objeto estático";"Com Vítimas Feridas";"Plena Noite";"Decrescente";"Céu Claro";"Simples";"Reta;Ponte";"Não";1;0;1;0;0;0;1;1;-12,61024981;-39,08063408;"SPRF-BA";"DEL01-BA";"UOP03-DEL01-BA"
290947;2020-06-20;"sábado";"05:30:00";"SC";101;215,8;"PALHOCA";"Velocidade Incompatível";"Capotamento";"Com Vítimas Feridas";"Amanhecer";"Decrescente";"Céu Claro";"Múltipla";"Curva";"Não";2;0;0;1;0;1;1;1;-27,65184843;-48,67604941;"SPRF-SC";"DEL01-SC";"UOP02-DEL01-SC"
290948;2020-06-20;"sábado";"04:30:00";"GO";70;0;"AGUAS LINDAS DE GOIAS";"Ingestão de Álcool";"Colisão com objeto estático";"Com Vítimas Feridas";"Plena Noite";"Crescente";"Céu Claro";"Dupla";"Reta;Ponte";"Sim";1;0;1;0;0;0;1;1;-15,783543;-48,2326;"SPRF-DF";"DEL03-DF";"UOP02-DEL03-DF"
290949;2020-06-20;"sábado";"06:10:00";"PB";230;21;"JOAO PESSOA";"Não guardar distância de segurança";"Colisão traseira";"Com Vítimas Feridas";"Pleno dia";"Decrescente";"Nublado";"Dupla";"Reta";"Sim";2;0;0;1;1;0;1;2;-7,1495;-34,8517;"SPRF-PB";"DEL01-PB";"UOP01-DEL01-PB"
290950;2020-06-20;"sábado";"04:25:00";"MG";50;21,4;"ARAGUARI";"Falta de Atenção à Condução";"Tombamento";"Com Vítimas Feridas";"Plena Noite";"Crescente";"Céu Claro";"Dupla";"Reta";"Sim";2;0;0;1;0;1;1;1;-18,59591113;-48,05355644;"SPRF-MG";"DEL15-MG";"UOP02-DEL15-MG"
290953;2020-06-19;"sexta-feira";"23:00:00";"DF";20;7;"BRASILIA";"Velocidade Incompatível";"Capotamento";"Sem Vítimas";"Plena Noite";"Decrescente";"Céu Claro";"Dupla";"Reta";"Não";1;0;0;0;0;1;0;1;-15,65715175;-47,78962612;"SPRF-DF";"DEL02-DF";"UOP01-DEL02-DF"
290954;2020-06-19;"sexta-feira";"23:30:00";"PB";230;464,8;"SOUSA";"Falta de Atenção à Condução";"Colisão transversal";"Sem Vítimas";"Plena Noite";"Crescente";"Garoa/Chuvisco";"Simples";"Reta";"Sim";2;0;0;0;1;1;0;2;-6,7786;-38,2341;"SPRF-PB";"DEL03-PB";"UOP03-DEL03-PB"
290955;2020-06-20;"sábado";"06:49:00";"SP";116;18;"LAVRINHAS";"Falta de Atenção à Condução";"Colisão traseira";"Com Vítimas Feridas";"Amanhecer";"Decrescente";"Céu Claro";"Dupla";"Reta";"Não";2;0;1;0;1;0;1;2;-22,5584158;-44,85667011;"SPRF-SP";"DEL08-SP";"UOP02-DEL08-SP"
290956;2020-06-20;"sábado";"06:45:00";"RS";158;182,9;"CRUZ ALTA";"Animais na Pista";"Atropelamento de Animal";"Sem Vítimas";"Amanhecer";"Crescente";"Céu Claro";"Simples";"Reta";"Não";1;0;0;0;1;0;0;1;-28,536447;-53,55926198;"SPRF-RS";"DEL10-RS";"UOP02-DEL10-RS"