"id";"data_inversa";"dia_semana";"horario";"uf";"br";"km";"municipio";"causa_acidente";"tipo_acidente";"classificacao_acidente";"fase_dia";"sentido_via";"condicao_metereologica";"tipo_pista";"tracado_via";"uso_solo";"pessoas";"mortos";"feridos_leves";"feridos_graves";"ilesos";"ignorados";"feridos";"veiculos";"latitude";"longitude";"regional";"delegacia";"uop"
291069;2020-06-20;"sábado";"18:50:00";"PI";316;10,9;"TERESINA";"Desobediência às normas de trânsito pelo condutor";"Colisão lateral";"Com Vítimas Feridas";"Plena Noite";"Crescente";"Céu Claro";"Dupla";"Reta";"Sim";2;0;1;0;1;0;1;2;-5,18280197;-42,76350291;"SPRF-PI";"DEL01-PI";"UOP02-DEL01-PI"
291070;2020-06-20;"sábado";"17:28:00";"RO";364;425;"JARU";"Velocidade Incompatível";"Colisão traseira";"Com Vítimas Feridas";"Anoitecer";"Crescente";"Céu Claro";"Dupla";"Interseção de Vias;Aclive;Reta";"Sim";4;0;0;1;3;0;1;2;-10,4321712;-62,47980687;"SPRF-RO";"DEL03-RO";"UOP02-DEL03-RO"
291073;2020-06-20;"sábado";"18:30:00";"MG";50;179,9;"UBERABA";"Falta de Atenção à Condução";"Tombamento";"Com Vítimas Feridas";"Plena Noite";"Crescente";"Céu Claro";"Simples";"Reta";"Sim";1;0;1;0;0;0;1;1;-19,77827047;-47,93140998;"SPRF-MG";"DEL13-MG";"UOP01-DEL13-MG"
291075;2020-06-20;"sábado";"16:09:00";"PI";343;338;"TERESINA";"Defeito Mecânico no Veículo";"Incêndio";"Sem Vítimas";"Pleno dia";"Decrescente";"Céu Claro";"Simples";"Reta";"Sim";1;0;0;0;1;0;0;1;-5,063362;-42,722912;"SPRF-PI";"DEL01-PI";"UOP01-DEL01-PI"
291078;2020-06-20;"sábado";"19:45:00";"RJ";101;319;"SAO GONCALO";"Ingestão de Álcool";"Colisão traseira";"Com Vítimas Feridas";"Plena Noite";"Decrescente";"Céu Claro";"Dupla";"Reta";"Sim";7;0;2;3;2;0;5;2;-22,85411774;-43,1018014;"SPRF-RJ";"DEL02-RJ";"UOP02-DEL02-RJ"
291079;2020-06-20;"sábado";"19:00:00";"PR";277;593,4;"CASCAVEL";"Falta de Atenção do Pedestre";"Atropelamento de Pedestre";"Com Vítimas Feridas";"Anoitecer";"Decrescente";"Céu Claro";"Simples";"Reta";"Sim";2;0;0;1;1;0;1;2;-24,98082053;-53,48254989;"SPRF-PR";"DEL04-PR";"UOP01-DEL04-PR"
291080;2020-06-20;"sábado";"19:10:00";"SP";116;143,7;"SAO JOSE DOS CAMPOS";"Ingestão de Álcool";"Colisão traseira";"Com Vítimas Feridas";"Plena Noite";"Decrescente";"Céu Claro";"Múltipla";"Declive;Reta";"Sim";2;0;1;0;1;0;1;2;-23,1809519;-45,84263206;"SPRF-SP";"DEL02-SP";"UOP01-DEL02-SP"
291081;2020-06-20;"sábado";"11:20:00";"MG";116;481,9;"DOM CAVATI";"Falta de Atenção à Condução";"Colisão traseira";"Com Vítimas Feridas";"Pleno dia";"Decrescente";"Céu Claro";"Simples";"Reta";"Sim";2;0;0;1;1;0;1;2;-19,40270706;-42,11572072;"SPRF-MG";"DEL06-MG";"UOP02-DEL06-MG"
291082;2020-06-20;"sábado";"18:30:00";"GO";60;0,7;"SANTO ANTONIO DO DESCOBERTO";"Falta de Atenção à Condução";"Saída de leito carroçável";"Sem Vítimas";"Anoitecer";"Crescente";"Céu Claro";"Dupla";"Aclive";"Não";2;0;0;0;2;0;0;1;-16,055933;-48,261503;"SPRF-DF";"DEL03-DF";"UOP01-DEL03-DF"
291084;2020-06-20;"sábado";"19:40:00";"SP";459;31;"LORENA";"Falta de Atenção à Condução";"Colisão transversal";"Com Vítimas Feridas";"Plena Noite";"Decrescente";"Céu Claro";"Dupla";"Rotatória";"Sim";2;0;1;0;1;0;1;2;-22,732813;-45,098679;"SPRF-SP";"DEL08-SP";"UOP01-DEL08-SP"
291087;2020-06-20;"sábado";"18:45:00";"SC";282;520;"XAXIM";"Falta de Atenção à Condução";"Colisão transversal";"Com Vítimas Feridas";"Plena Noite";"Crescente";"Céu Claro";"Simples";"Reta";"Não";2;0;1;0;1;0;1;2;-26,950415;-52,526096;"SPRF-SC";"DEL07-SC";"UOP01-DEL07-SC"
291088;2020-06-20;"sábado";"10:40:00";"MG";116;530,7;"CARATINGA";"Desobediência às normas de trânsito pelo condutor";"Colisão transversal";"Com Vítimas Feridas";"Pleno dia";"Crescente";"Céu Claro";"Simples";"Interseção de Vias";"Sim";2;0;0;1;1;0;1;2;-19,81067298;-42,13539446;"SPRF-MG";"DEL06-MG";"UOP02-DEL06-MG"
291089;2020-06-20;"sábado";"20:10:00";"PR";369;150,5;"LONDRINA";"Falta de Atenção do Pedestre";"Atropelamento de Pedestre";"Com Vítimas Feridas";"Plena Noite";"Crescente";"Céu Claro";"Dupla";"Interseção de Vias;Reta";"Sim";4;0;1;1;2;0;2;4;-23,2925272;-51,167834;"SPRF-PR";"DEL07-PR";"UOP01-DEL07-PR"
291090;2020-06-20;"sábado";"17:55:00";"MG";116;529,9;"CARATINGA";"Desobediência às normas de trânsito pelo condutor";"Colisão transversal";"Com Vítimas Feridas";"Anoitecer";"Crescente";"Céu Claro";"Dupla";"Retorno Regulamentado";"Sim";2;0;1;0;1;0;1;2;-19,80209596;-42,13678193;"SPRF-MG";"DEL06-MG";"UOP02-DEL06-MG"
291092;2020-06-20;"sábado";"20:18:00";"SP";116;41,6;"CACHOEIRA PAULISTA";"Falta de Atenção à Condução";"Colisão traseira";"Com Vítimas Feridas";"Plena Noite";"Crescente";"Céu Claro";"Dupla";"Reta";"Não";2;0;2;0;0;0;2;1;-22,68080728;-45,00688982;"SPRF-SP";"DEL08-SP";"UOP02-DEL08-SP"
291093;2020-06-20;"sábado";"18:40:00";"PI";316;355,5;"CAMPO GRANDE DO PIAUI";"Velocidade Incompatível";"Colisão traseira";"Com Vítimas Feridas";"Plena Noite";"Crescente";"Céu Claro";"Simples";"Reta";"Não";2;0;0;2;0;0;2;2;-7,12844337;-41,07415093;"SPRF-PI";"DEL04-PI";"UOP03-DEL04-PI"
291094;2020-06-20;"sábado";"18:42:00";"AL";104;36,3;"UNIAO DOS PALMARES";"Ingestão de Álcool";"Colisão com objeto estático";"Com Vítimas Feridas";"Plena Noite";"Decrescente";"Nublado";"Simples";"Reta";"Não";1;0;1;0;0;0;1;1;-9,16859247;-36,02287647;"SPRF-AL";"DEL01-AL";"UOP02-DEL01-AL"
291095;2020-06-20;"sábado";"20:40:00";"PA";308;151;"CAPANEMA";"Falta de Atenção à Condução";"Colisão frontal";"Sem Vítimas";"Plena Noite";"Crescente";"Nublado";"Simples";"Reta";"Sim";3;0;0;0;3;0;0;3;-1,2095603;-47,18090642;"SPRF-PA";"DEL01-PA";"UOP03-DEL01-PA"
291096;2020-06-20;"sábado";"20:10:00";"GO";50;96;"CRISTALINA";"Falta de Atenção à Condução";"Colisão transversal";"Com Vítimas Feridas";"Plena Noite";"Crescente";"Céu Claro";"Simples";"Reta";"Sim";2;0;0;1;1;0;1;2;-16,9309;-47,7117;"SPRF-DF";"DEL01-DF";"UOP02-DEL01-DF"
291097;2020-06-20;"sábado";"20:10:00";"PR";376;172,5;"MARINGA";"Desobediência às normas de trânsito pelo condutor";"Colisão transversal";"Com Vítimas Feridas";"Plena Noite";"Crescente";"Céu Claro";"Simples";"Rotatória";"Sim";9;0;5;0;3;1;5;3;-23,4191001;-51,96816601;"SPRF-PR";"DEL09-PR";"UOP01-DEL09-PR"
291098;2020-06-20;"sábado";"18:50:00";"MS";463;1,8;"DOURADOS";"Ingestão de Álcool";"Engavetamento";"Com Vítimas Feridas";"Plena Noite";"Crescente";"Céu Claro";"Simples";"Reta";"Sim";4;0;1;1;2;0;2;3;-22,25912843;-54,82622797;"SPRF-MS";"DEL04-MS";"UOP01-DEL04-MS"
291099;2020-06-20;"sábado";"20:40:00";"BA";116;428,3;"FEIRA DE SANTANA";"Falta de Atenção à Condução";"Colisão traseira";"Com Vítimas Feridas";"Plena Noite";"Crescente";"Nublado";"Dupla";"Ponte";"Não";3;0;1;0;1;1;1;3;-12,28478667;-38,99991006;"SPRF-BA";"DEL02-BA";"UOP01-DEL02-BA"
291100;2020-06-20;"sábado";"20:00:00";"RS";116;397,9;"CAMAQUA";"Desobediência às normas de trânsito pelo condutor";"Colisão transversal";"Com Vítimas Feridas";"Plena Noite";"Crescente";"Nevoeiro/Neblina";"Simples";"Interseção de Vias";"Sim";2;0;0;1;0;1;1;2;-30,85668978;-51,7840381;"SPRF-RS";"DEL02-RS";"UOP02-DEL02-RS"
291101;2020-06-20;"sábado";"19:40:00";"RN";304;297;"MACAIBA";"Não guardar distância de segurança";"Colisão traseira";"Sem Vítimas";"Plena Noite";"Crescente";"Céu Claro";"Simples";"Reta";"Sim";2;0;0;0;1;1;0;2;-5,86534101;-35,340694;"SPRF-RN";"DEL01-RN";"UOP02-DEL01-RN"
291104;2020-06-20;"sábado";"19:55:00";"SP";381;37;"ATIBAIA";"Velocidade Incompatível";"Saída de leito carroçável";"Com Vítimas Feridas";"Plena Noite";"Decrescente";"Céu Claro";"Dupla";"Reta";"Sim";1;0;1;0;0;0;1;1;-23,10506237;-46,56881577;"SPRF-SP";"DEL03-SP";"UOP01-DEL03-SP"
291105;2020-06-20;"sábado";"16:00:00";"SC";470;138;"RIO DO SUL";"Ingestão de Álcool";"Colisão traseira";"Sem Vítimas";"Pleno dia";"Decrescente";"Céu Claro";"Simples";"Reta";"Sim";2;0;0;0;1;1;0;2;-27,207214;-49,648476;"SPRF-SC";"DEL04-SC";"UOP02-DEL04-SC"
291106;2020-06-20;"sábado";"21:00:00";"CE";20;206;"BOA VIAGEM";"Falta de Atenção à Condução";"Tombamento";"Com Vítimas Feridas";"Plena Noite";"Crescente";"Céu Claro";"Simples";"Reta";"Não";1;0;1;0;0;0;1;1;-5,10980224;-39,71910555;"SPRF-CE";"DEL02-CE";"UOP02-DEL02-CE"
291107;2020-06-20;"sábado";"19:30:00";"GO";60;91,8;"ANAPOLIS";"Desobediência às normas de trânsito pelo condutor";"Colisão transversal";"Com Vítimas Feridas";"Plena Noite";"Crescente";"Céu Claro";"Dupla";"Reta";"Sim";4;0;1;2;1;0;3;2;-16,3491;-48,9095;"SPRF-GO";"DEL02-GO";"UOP01-DEL02-GO"
291109;2020-06-20;"sábado";"21:00:00";"PR";376;628;"SAO JOSE DOS PINHAIS";"Desobediência às normas de trânsito pelo pedestre";"Atropelamento de Pedestre";"Com Vítimas Feridas";"Plena Noite";"Decrescente";"Nublado";"Dupla";"Reta;Aclive";"Não";2;0;0;2;0;0;2;2;-25,688039;-49,146292;"SPRF-PR";"DEL01-PR";"UOP04-DEL01-PR"
291110;2020-06-20;"sábado";"21:00:00";"MG";40;526,1;"CONTAGEM";"Falta de Atenção à Condução";"Colisão transversal";"Sem Vítimas";"Plena Noite";"Crescente";"Céu Claro";"Dupla";"Declive;Reta";"Sim";3;0;0;0;1;2;0;3;-19,89255399;-44,04985478;"SPRF-MG";"DEL01-MG";"UOP02-DEL01-MG"
291114;2020-06-20;"sábado";"20:30:00";"SP";116;308;"SAO LOURENCO DA SERRA";"Velocidade Incompatível";"Colisão com objeto estático";"Sem Vítimas";"Plena Noite";"Decrescente";"Céu Claro";"Dupla";"Declive";"Sim";1;0;0;0;0;1;0;1;-23,86213995;-46,94718508;"SPRF-SP";"DEL04-SP";"UOP01-DEL04-SP"
291117;2020-06-20;"sábado";"19:50:00";"AC";364;120;"RIO BRANCO";"Desobediência às normas de trânsito pelo condutor";"Colisão lateral";"Com Vítimas Feridas";"Plena Noite";"Decrescente";"Céu Claro";"Dupla";"Reta";"Sim";6;0;1;0;4;1;1;3;-10,01226643;-67,75533501;"SPRF-AC";"DEL01-AC";"UOP01-DEL01-AC"
291119;2020-06-20;"sábado";"21:40:00";"SC";470;50;"BLUMENAU";"Não guardar distância de segurança";"Colisão traseira";"Com Vítimas Feridas";"Plena Noite";"Decrescente";"Nublado";"Simples";"Em Obras";"Não";2;0;2;0;0;0;2;2;-26,859768;-49,074493;"SPRF-SC";"DEL04-SC";"UOP01-DEL04-SC"
291121;2020-06-20;"sábado";"22:00:00";"MG";459;106;"POUSO ALEGRE";"Ingestão de Álcool";"Colisão com objeto estático";"Sem Vítimas";"Plena Noite";"Decrescente";"Céu Claro";"Simples";"Viaduto";"Não";2;0;0;0;2;0;0;1;-22,24101074;-45,8814919;"SPRF-MG";"DEL16-MG";"UOP01-DEL16-MG"
291122;2020-06-20;"sábado";"20:10:00";"PA";308;150;"CAPANEMA";"Desobediência às normas de trânsito pelo condutor";"Colisão frontal";"Com Vítimas Feridas";"Plena Noite";"Decrescente";"Ignorado";"Simples";"Reta";"Sim";2;0;1;0;1;0;1;2;-1,21003692;-47,18198776;"SPRF-PA";"DEL01-PA";"UOP03-DEL01-PA"
291123;2020-06-20;"sábado";"21:10:00";"SC";116;175,5;"SAO CRISTOVAO DO SUL";"Ingestão de Álcool";"Colisão com objeto estático";"Com Vítimas Feridas";"Plena Noite";"Decrescente";"Céu Claro";"Simples";"Reta";"Não";1;0;1;0;0;0;1;1;-27,23313103;-50,46402807;"SPRF-SC";"DEL05-SC";"UOP03-DEL05-SC"
291125;2020-06-20;"sábado";"21:30:00";"SC";101;362,1;"SANGAO";"Ingestão de Álcool";"Colisão com objeto estático";"Sem Vítimas";"Plena Noite";"Decrescente";"Céu Claro";"Múltipla";"Aclive";"Não";1;0;0;0;1;0;0;1;-28,67136197;-49,12225505;"SPRF-SC";"DEL02-SC";"UOP01-DEL02-SC"
291126;2020-06-20;"sábado";"22:00:00";"MS";60;400,3;"SIDROLANDIA";"Ingestão de Álcool";"Saída de leito carroçável";"Com Vítimas Feridas";"Plena Noite";"Decrescente";"Céu Claro";"Simples";"Reta";"Não";1;0;1;0;0;0;1;1;-20,79950695;-54,79699522;"SPRF-MS";"DEL01-MS";"UOP04-DEL01-MS"
291127;2020-06-20;"sábado";"22:50:00";"ES";262;1,4;"CARIACICA";"Ingestão de Álcool";"Colisão transversal";"Com Vítimas Feridas";"Plena Noite";"Decrescente";"Céu Claro";"Dupla";"Reta";"Sim";2;0;1;0;1;0;1;2;-20,33288094;-40,35685123;"SPRF-ES";"DEL01-ES";"UOP01-DEL01-ES"
291128;2020-06-20;"sábado";"22:45:00";"RS";158;334;"SANTA MARIA";"Ingestão de Álcool";"Colisão frontal";"Com Vítimas Feridas";"Plena Noite";"Decrescente";"Céu Claro";"Simples";"Reta";"Sim";9;0;1;7;0;1;8;3;-29,70751182;-53,87442198;"SPRF-RS";"DEL09-RS";"UOP01-DEL09-RS"
291129;2020-06-20;"sábado";"21:00:00";"ES";101;28;"CONCEICAO DA BARRA";"Ingestão de Álcool";"Engavetamento";"Sem Vítimas";"Plena Noite";"Decrescente";"Céu Claro";"Simples";"Aclive";"Não";4;0;0;0;4;0;0;3;-18,391546;-39,941707;"SPRF-ES";"DEL04-ES";"UOP02-DEL04-ES"
291130;2020-06-20;"sábado";"21:30:00";"PE";407;112,5;"PETROLINA";"Restrição de Visibilidade";"Saída de leito carroçável";"Com Vítimas Feridas";"Plena Noite";"Decrescente";"Nublado";"Simples";"Reta";"Não";2;0;1;1;0;0;2;1;-9,284385;-40,591043;"SPRF-PE";"DEL06-PE";"UOP02-DEL06-PE"
291131;2020-06-20;"sábado";"21:30:00";"RJ";116;208;"SEROPEDICA";"Defeito Mecânico no Veículo";"Colisão traseira";"Com Vítimas Feridas";"Plena Noite";"Crescente";"Céu Claro";"Simples";"Reta";"Sim";6;0;1;0;5;0;1;2;-22,72297475;-43,67131596;"SPRF-RJ";"DEL01-RJ";"UOP03-DEL01-RJ"
291132;2020-06-20;"sábado";"23:30:00";"SP";153;1;"ICEM";"Desobediência às normas de trânsito pelo condutor";"Colisão frontal";"Com Vítimas Feridas";"Plena Noite";"Crescente";"Céu Claro";"Simples";"Reta";"Não";5;0;1;3;1;0;4;3;-20,31427991;-49,20946944;"SPRF-SP";"DEL09-SP";"UOP01-DEL09-SP"
291133;2020-06-20;"sábado";"22:30:00";"MT";364;1,9;"ALTO ARAGUAIA";"Mal Súbito";"Colisão traseira";"Com Vítimas Feridas";"Plena Noite";"Decrescente";"Céu Claro";"Simples";"Reta";"Sim";2;0;1;0;1;0;1;2;-17,31227325;-53,21828343;"SPRF-MT";"DEL02-MT";"UOP02-DEL02-MT"
291134;2020-06-20;"sábado";"23:15:00";"PR";277;585,3;"CASCAVEL";"Ingestão de Álcool";"Colisão frontal";"Com Vítimas Feridas";"Plena Noite";"Decrescente";"Céu Claro";"Simples";"Reta";"Não";3;0;1;0;2;0;1;2;-24,96400704;-53,41227401;"SPRF-PR";"DEL04-PR";"UOP01-DEL04-PR"
291135;2020-06-20;"sábado";"23:45:00";"SC";101;133,9;"BALNEARIO CAMBORIU";"Falta de Atenção à Condução";"Colisão traseira";"Com Vítimas Feridas";"Plena Noite";"Decrescente";"Céu Claro";"Simples";"Reta";"Sim";2;0;0;1;1;0;1;2;-26,99936;-48,64609;"SPRF-SC";"DEL04-SC";"UOP03-DEL04-SC"
291136;2020-06-20;"sábado";"23:10:00";"SP";116;130,5;"CACAPAVA";"Falta de Atenção do Pedestre";"Atropelamento de Pedestre";"Com Vítimas Feridas";"Plena Noite";"Crescente";"Céu Claro";"Dupla";"Reta";"Não";2;0;0;1;1;0;1;2;-23,12313858;-45,72792271;"SPRF-SP";"DEL06-SP";"UOP01-DEL06-SP"
291137;2020-06-20;"sábado";"21:10:00";"MA";222;374;"PINDARE-MIRIM";"Desobediência às normas de trânsito pelo condutor";"Colisão frontal";"Com Vítimas Feridas";"Plena Noite";"Crescente";"Céu Claro";"Simples";"Reta";"Não";4;0;0;4;0;0;4;2;-3,77031;-45,45596;"SPRF-MA";"DEL02-MA";"UOP01-DEL02-MA"
291139;2020-06-20;"sábado";"22:30:00";"MT";158;622,7;"NOVA NAZARE";"Ingestão de Álcool";"Saída de leito carroçável";"Sem Vítimas";"Plena Noite";"Decrescente";"Céu Claro";"Simples";"Reta";"Não";1;0;0;0;0;1;0;1;-14,46856888;-52,27283722;"SPRF-MT";"DEL07-MT";"UOP02-DEL07-MT"
291140;2020-06-21;"domingo";"01:00:00";"SC";101;212,9;"PALHOCA";"Falta de Atenção à Condução";"Colisão traseira";"Com Vítimas Feridas";"Plena Noite";"Decrescente";"Céu Claro";"Simples";"Reta";"Sim";2;0;1;1;0;0;2;2;-27,63717395;-48,66490602;"SPRF-SC";"DEL01-SC";"UOP02-DEL01-SC"
291141;2020-06-21;"domingo";"00:20:00";"MS";163;210,3;"CAARAPO";"Falta de Atenção à Condução";"Colisão traseira";"Com Vítimas Feridas";"Plena Noite";"Crescente";"Céu Claro";"Simples";"Reta";"Não";3;0;1;0;1;1;1;2;-22,62199406;-54,81674471;"SPRF-MS";"DEL04-MS";"UOP02-DEL04-MS"
291142;2020-06-21;"domingo";"00:10:00";"RS";287;373,4;"NOVA ESPERANCA DO SUL";"Ingestão de Álcool";"Saída de leito carroçável";"Sem Vítimas";"Plena Noite";"Decrescente";"Céu Claro";"Simples";"Curva;Declive";"Não";1;0;0;0;1;0;0;1;-29,36066596;-54,76072097;"SPRF-RS";"DEL12-RS";"UOP02-DEL12-RS"
291144;2020-06-21;"domingo";"01:00:00";"MG";153;7,2;"ARAPORA";"Mal Súbito";"Saída de leito carroçável";"Com Vítimas Fatais";"Plena Noite";"Crescente";"Céu Claro";"Dupla";"Reta";"Não";2;1;1;0;0;0;1;1;-18,478658;-49,188442;"SPRF-MG";"DEL15-MG";"UOP03-DEL15-MG"
291145;2020-06-21;"domingo";"02:15:00";"RS";158;104,9;"PALMEIRA DAS MISSOES";"Avarias e/ou desgaste excessivo no pneu";"Saída de leito carroçável";"Com Vítimas Feridas";"Plena Noite";"Decrescente";"Céu Claro";"Simples";"Curva";"Sim";2;0;2;0;0;0;2;1;-27,92981113;-53,32389045;"SPRF-RS";"DEL08-RS";"UOP02-DEL08-RS"
291147;2020-06-21;"domingo";"02:25:00";"RJ";393;182;"PARAIBA DO SUL";"Falta de Atenção à Condução";"Colisão com objeto estático";"Com Vítimas Feridas";"Plena Noite";"Crescente";"Céu Claro";"Simples";"Rotatória";"Sim";1;0;0;1;0;0;1;1;-22,14087772;-43,25915397;"SPRF-RJ";"DEL05-RJ";"UOP03-DEL05-RJ"
291148;2020-06-20;"sábado";"23:00:00";"RS";116;38;"VACARIA";"Ingestão de Álcool";"Colisão com objeto estático";"Com Vítimas Feridas";"Plena Noite";"Decrescente";"Céu Claro";"Simples";"Reta";"Sim";3;0;2;0;1;0;2;1;-28,50548;-50,92516;"SPRF-RS";"DEL05-RS";"UOP03-DEL05-RS"
291153;2020-06-20;"sábado";"22:30:00";"BA";135;204;"SAO DESIDERIO";"Falta de Atenção à Condução";"Colisão frontal";"Com Vítimas Feridas";"Pleno dia";"Crescente";"Céu Claro";"Simples";"Reta";"Não";5;0;2;1;2;0;3;2;-12,34852521;-44,99170125;"SPRF-BA";"DEL10-BA";"UOP01-DEL10-BA"
291154;2020-06-21;"domingo";"06:00:00";"RJ";40;117;"DUQUE DE CAXIAS";"Avarias e/ou desgaste excessivo no pneu";"Tombamento";"Com Vítimas Feridas";"Pleno dia";"Crescente";"Céu Claro";"Múltipla";"Reta";"Sim";2;0;1;0;1;0;1;1;-22,745676;-43,2881;"SPRF-RJ";"DEL01-RJ";"UOP01-DEL01-RJ"
291157;2020-06-21;"domingo";"04:20:00";"MG";50;73,5;"UBERLANDIA";"Falta de Atenção à Condução";"Colisão frontal";"Sem Vítimas";"Plena Noite";"Crescente";"Céu Claro";"Dupla";"Reta";"Sim";1;0;0;0;0;1;0;1;-18,9065707;-48,22980881;"SPRF-MG";"DEL15-MG";"UOP01-DEL15-MG"
291158;2020-06-21;"domingo";"01:25:00";"BA";135;205;"SAO DESIDERIO";"Falta de Atenção à Condução";"Colisão com objeto estático";"Com Vítimas Feridas";"Plena Noite";"Crescente";"Céu Claro";"Simples";"Reta";"Sim";1;0;1;0;0;0;1;1;-12,35482255;-44,98527479;"SPRF-BA";"DEL10-BA";"UOP01-DEL10-BA"
291159;2020-06-21;"domingo";"04:00:00";"RJ";116;170;"SAO JOAO DE MERITI";"Falta de Atenção à Condução";"Colisão traseira";"Com Vítimas Feridas";"Plena Noite";"Decrescente";"Céu Claro";"Múltipla";"Reta";"Sim";3;0;0;2;1;0;2;2;-22,79390726;-43,36818695;"SPRF-RJ";"DEL01-RJ";"UOP02-DEL01-RJ"
291161;2020-06-21;"domingo";"06:30:00";"RS";158;322;"SANTA MARIA";"Falta de Atenção à Condução";"Colisão com objeto estático";"Com Vítimas Feridas";"Amanhecer";"Decrescente";"Céu Claro";"Dupla";"Reta";"Sim";2;0;2;0;0;0;2;1;-29,69546228;-53,78100514;"SPRF-RS";"DEL09-RS";"UOP01-DEL09-RS"
291162;2020-06-21;"domingo";"03:25:00";"GO";70;10;"AGUAS LINDAS DE GOIAS";"Ingestão de Álcool";"Colisão com objeto estático";"Com Vítimas Feridas";"Plena Noite";"Decrescente";"Nublado";"Dupla";"Curva";"Sim";1;0;1;0;0;0;1;1;-15,73738129;-48,29228118;"SPRF-DF";"DEL03-DF";"UOP02-DEL03-DF"
291163;2020-06-21;"domingo";"07:50:00";"TO";153;143;"ARAGUAINA";"Ingestão de Álcool";"Colisão transversal";"Com Vítimas Feridas";"Pleno dia";"Crescente";"Céu Claro";"Dupla";"Rotatória";"Sim";3;0;1;0;2;0;1;2;-7,18866332;-48,23207966;"SPRF-TO";"DEL02-TO";"UOP01-DEL02-TO"
291164;2020-06-21;"domingo";"05:45:00";"MG";40;45;"PARACATU";"Falta de Atenção à Condução";"Colisão traseira";"Com Vítimas Feridas";"Amanhecer";"Decrescente";"Céu Claro";"Simples";"Reta";"Sim";3;0;2;0;0;1;2;2;-17,2349236;-46,84741974;"SPRF-MG";"DEL14-MG";"UOP01-DEL14-MG"
291165;2020-06-21;"domingo";"08:00:00";"PE";101;42,9;"IGARASSU";"Falta de Atenção à Condução";"Colisão traseira";"Com Vítimas Fatais";"Pleno dia";"Decrescente";"Céu Claro";"Dupla";"Reta";"Sim";3;1;0;2;0;0;2;3;-7,83887431;-34,91196739;"SPRF-PE";"DEL01-PE";"UOP02-DEL01-PE"
291166;2020-06-20;"sábado";"23:45:00";"MG";116;585,3;"MANHUACU";"Velocidade Incompatível";"Saída de leito carroçável";"Com Vítimas Fatais";"Plena Noite";"Decrescente";"Céu Claro";"Simples";"Curva";"Não";4;1;1;2;0;0;3;1;-20,18726337;-42,18489254;"SPRF-MG";"DEL06-MG";"UOP03-DEL06-MG"
291167;2020-06-21;"domingo";"07:15:00";"RJ";101;331;"RIO DE JANEIRO";"Falta de Atenção à Condução";"Colisão traseira";"Com Vítimas Feridas";"Pleno dia";"Decrescente";"Céu Claro";"Múltipla";"Reta";"Não";4;0;3;0;1;0;3;3;-22,867662;-43,195337;"SPRF-RJ";"DEL02-RJ";"UOP02-DEL02-RJ"
291168;2020-06-21;"domingo";"06:50:00";"SP";116;206;"GUARULHOS";"Falta de Atenção à Condução";"Atropelamento de Pedestre";"Com Vítimas Feridas";"Pleno dia";"Decrescente";"Céu Claro";"Dupla";"Reta";"Não";1;0;1;0;0;0;1;1;-23,41722629;-46,37510292;"SPRF-SP";"DEL01-SP";"UOP01-DEL01-SP"
291170;2020-06-21;"domingo";"07:15:00";"RJ";116;53;"TERESOPOLIS";"Velocidade Incompatível";"Saída de leito carroçável";"Com Vítimas Feridas";"Pleno dia";"Crescente";"Céu Claro";"Simples";"Curva";"Não";2;0;1;1;0;0;2;1;-22,20141446;-42,87189678;"SPRF-RJ";"DEL04-RJ";"UOP01-DEL04-RJ"
291172;2020-06-21;"domingo";"08:50:00";"PR";277;10,3;"PARANAGUA";"Velocidade Incompatível";"Colisão com objeto estático";"Sem Vítimas";"Pleno dia";"Crescente";"Sol";"Dupla";"Curva;Aclive";"Não";1;0;0;0;0;1;0;1;-25,568198;-48,615292;"SPRF-PR";"DEL01-PR";"UOP05-DEL01-PR"
291174;2020-04-29;"quarta-feira";"04:30:00";"SC";470;7;"NAVEGANTES";"Sinalização da via insuficiente ou inadequada";"Queda de ocupante de veículo";"Com Vítimas Feridas";"Plena Noite";"Decrescente";"Ignorado";"Simples";"Reta";"Não";1;0;1;0;0;0;1;1;-26,84465561;-48,71503115;"SPRF-SC";"DEL04-SC";"UOP04-DEL04-SC"
291175;2020-06-21;"domingo";"09:00:00";"SC";101;214;"PALHOCA";"Defeito Mecânico no Veículo";"Colisão com objeto estático";"Com Vítimas Feridas";"Pleno dia";"Crescente";"Céu Claro";"Múltipla";"Reta";"Sim";1;0;1;0;0;0;1;1;-27,64443;-48,67057;"SPRF-SC";"DEL01-SC";"UOP02-DEL01-SC"
291176;2020-06-21;"domingo";"09:15:00";"GO";50;101;"CRISTALINA";"Falta de Atenção à Condução";"Colisão traseira";"Sem Vítimas";"Pleno dia";"Crescente";"Céu Claro";"Simples";"Reta";"Sim";2;0;0;0;2;0;0;2;-16,9309;-47,7117;"SPRF-DF";"DEL01-DF";"UOP02-DEL01-DF"
291178;2020-06-21;"domingo";"07:01:00";"MS";163;704;"RIO VERDE DE MATO GROSSO";"Falta de Atenção à Condução";"Colisão com objeto estático";"Sem Vítimas";"Pleno dia";"Crescente";"Céu Claro";"Simples";"Curva";"Não";1;0;0;0;1;0;0;1;-18,72201601;-54,81472295;"SPRF-MS";"DEL06-MS";"UOP01-DEL06-MS"
291179;2020-06-21;"domingo";"08:50:00";"MG";50;54,7;"ARAGUARI";"Velocidade Incompatível";"Colisão traseira";"Com Vítimas Feridas";"Pleno dia";"Decrescente";"Céu Claro";"Dupla";"Curva";"Não";2;0;1;0;1;0;1;2;-18,77058684;-48,2455802;"SPRF-MG";"DEL15-MG";"UOP02-DEL15-MG"