"id";"data_inversa";"dia_semana";"horario";"uf";"br";"km";"municipio";"causa_acidente";"tipo_acidente";"classificacao_acidente";"fase_dia";"sentido_via";"condicao_metereologica";"tipo_pista";"tracado_via";"uso_solo";"pessoas";"mortos";"feridos_leves";"feridos_graves";"ilesos";"ignorados";"feridos";"veiculos";"latitude";"longitude";"regional";"delegacia";"uop"
291180;2020-06-21;"domingo";"09:00:00";"ES";259;57,7;"COLATINA";"Desobediência às normas de trânsito pelo condutor";"Colisão transversal";"Com Vítimas Feridas";"Pleno dia";"Decrescente";"Sol";"Simples";"Interseção de Vias";"Não";2;0;0;1;1;0;1;2;-19,50865703;-40,65581416;"SPRF-ES";"DEL02-ES";"UOP01-DEL02-ES"
291181;2020-06-21;"domingo";"09:25:00";"RJ";101;283;"ITABORAI";"Desobediência às normas de trânsito pelo condutor";"Tombamento";"Com Vítimas Feridas";"Pleno dia";"Crescente";"Céu Claro";"Dupla";"Viaduto";"Não";1;0;1;0;0;0;1;1;-22,73591014;-42,80592689;"SPRF-RJ";"DEL02-RJ";"UOP03-DEL02-RJ"
291182;2020-06-21;"domingo";"08:30:00";"PE";101;177;"PALMARES";"Velocidade Incompatível";"Saída de leito carroçável";"Com Vítimas Feridas";"Pleno dia";"Crescente";"Nublado";"Múltipla";"Curva";"Não";1;0;1;0;0;0;1;1;-8,61465005;-35,5476602;"SPRF-PE";"DEL01-PE";"UOP03-DEL01-PE"
291183;2020-06-21;"domingo";"08:50:00";"MS";262;83;"TRES LAGOAS";"Falta de Atenção à Condução";"Saída de leito carroçável";"Com Vítimas Feridas";"Pleno dia";"Decrescente";"Sol";"Simples";"Reta";"Não";4;0;4;0;0;0;4;1;-20,63024151;-52,34805121;"SPRF-MS";"DEL07-MS";"UOP02-DEL07-MS"
291184;2020-06-21;"domingo";"09:50:00";"RJ";493;15;"GUAPIMIRIM";"Falta de Atenção à Condução";"Colisão traseira";"Com Vítimas Feridas";"Pleno dia";"Decrescente";"Céu Claro";"Simples";"Reta";"Não";3;0;1;0;2;0;1;2;-22,66580436;-42,99104217;"SPRF-RJ";"DEL04-RJ";"UOP02-DEL04-RJ"
291185;2020-06-21;"domingo";"10:00:00";"MG";262;368;"JUATUBA";"Defeito Mecânico no Veículo";"Colisão traseira";"Com Vítimas Feridas";"Pleno dia";"Crescente";"Céu Claro";"Dupla";"Reta";"Não";2;0;2;0;0;0;2;2;-19,97239513;-44,28042402;"SPRF-MG";"DEL01-MG";"UOP03-DEL01-MG"
291187;2020-06-21;"domingo";"10:00:00";"GO";50;248,4;"CATALAO";"Objeto estático sobre o leito carroçável";"Colisão com objeto estático";"Com Vítimas Feridas";"Pleno dia";"Crescente";"Céu Claro";"Dupla";"Declive";"Não";1;0;1;0;0;0;1;1;-17,9522;-47,7883;"SPRF-GO";"DEL06-GO";"UOP01-DEL06-GO"
291188;2020-06-21;"domingo";"09:30:00";"MG";40;484,8;"SETE LAGOAS";"Velocidade Incompatível";"Queda de ocupante de veículo";"Com Vítimas Feridas";"Pleno dia";"Decrescente";"Céu Claro";"Dupla";"Reta";"Não";1;0;1;0;0;0;1;1;-19,57299;-44,23021;"SPRF-MG";"DEL02-MG";"UOP01-DEL02-MG"
291189;2020-06-21;"domingo";"10:45:00";"GO";40;12,6;"LUZIANIA";"Falta de Atenção à Condução";"Colisão lateral";"Com Vítimas Feridas";"Pleno dia";"Crescente";"Céu Claro";"Dupla";"Reta";"Sim";2;0;1;0;1;0;1;2;-16,145123;-47,945382;"SPRF-DF";"DEL01-DF";"UOP01-DEL01-DF"
291190;2020-06-21;"domingo";"09:40:00";"MG";40;544;"BELO HORIZONTE";"Carga excessiva e/ou mal acondicionada";"Colisão com objeto estático";"Com Vítimas Feridas";"Pleno dia";"Crescente";"Céu Claro";"Dupla";"Declive;Reta";"Sim";1;0;1;0;0;0;1;1;-19,99848032;-43,96256558;"SPRF-MG";"DEL01-MG";"UOP02-DEL01-MG"
291191;2020-06-21;"domingo";"11:10:00";"PB";101;88,5;"JOAO PESSOA";"Defeito Mecânico no Veículo";"Tombamento";"Com Vítimas Feridas";"Pleno dia";"Decrescente";"Sol";"Dupla";"Declive;Reta";"Sim";2;0;2;0;0;0;2;1;-7,16470016;-34,89993643;"SPRF-PB";"DEL01-PB";"UOP02-DEL01-PB"
291194;2020-06-21;"domingo";"11:40:00";"DF";60;18,8;"BRASILIA";"Velocidade Incompatível";"Capotamento";"Com Vítimas Feridas";"Pleno dia";"Decrescente";"Céu Claro";"Dupla";"Curva";"Não";1;0;1;0;0;0;1;1;-15,967793;-48,183559;"SPRF-DF";"DEL03-DF";"UOP01-DEL03-DF"
291195;2020-06-21;"domingo";"10:30:00";"SC";101;6,2;"GARUVA";"Ingestão de Álcool";"Capotamento";"Com Vítimas Feridas";"Pleno dia";"Decrescente";"Sol";"Simples";"Interseção de Vias";"Sim";2;0;1;0;1;0;1;2;-26,02878978;-48,86092186;"SPRF-SC";"DEL03-SC";"UOP01-DEL03-SC"
291196;2020-06-21;"domingo";"11:10:00";"MT";158;644,3;"NOVA XAVANTINA";"Ingestão de Álcool";"Colisão frontal";"Sem Vítimas";"Pleno dia";"Decrescente";"Céu Claro";"Simples";"Reta";"Não";3;0;0;0;3;0;0;2;-14,59700996;-52,35989265;"SPRF-MT";"DEL07-MT";"UOP02-DEL07-MT"
291198;2020-06-21;"domingo";"11:50:00";"RJ";393;296;"BARRA MANSA";"Desobediência às normas de trânsito pelo condutor";"Colisão transversal";"Com Vítimas Feridas";"Pleno dia";"Decrescente";"Céu Claro";"Simples";"Reta";"Não";3;0;1;1;1;0;2;2;-22,527174;-44,116318;"SPRF-RJ";"DEL07-RJ";"UOP02-DEL07-RJ"
291200;2020-06-21;"domingo";"11:50:00";"MT";364;52,5;"ALTO GARCAS";"Defeito na Via";"Capotamento";"Com Vítimas Feridas";"Pleno dia";"Decrescente";"Céu Claro";"Simples";"Reta";"Não";1;0;1;0;0;0;1;1;-16,98374294;-53,50980382;"SPRF-MT";"DEL02-MT";"UOP02-DEL02-MT"
291201;2020-06-21;"domingo";"08:41:00";"GO";60;235,6;"INDIARA";"Defeito Mecânico no Veículo";"Queda de ocupante de veículo";"Com Vítimas Feridas";"Pleno dia";"Decrescente";"Céu Claro";"Dupla";"Declive";"Não";2;0;0;1;0;1;1;2;-17,0794;-49,8299;"SPRF-GO";"DEL01-GO";"UOP02-DEL01-GO"
291202;2020-06-21;"domingo";"13:00:00";"GO";70;14,1;"AGUAS LINDAS DE GOIAS";"Velocidade Incompatível";"Atropelamento de Pedestre";"Com Vítimas Fatais";"Pleno dia";"Crescente";"Sol";"Dupla";"Curva";"Sim";2;1;0;0;1;0;0;2;-15,75117968;-48,3251492;"SPRF-DF";"DEL03-DF";"UOP02-DEL03-DF"
291203;2020-06-21;"domingo";"11:18:00";"SP";116;108;"TAUBATE";"Falta de Atenção à Condução";"Saída de leito carroçável";"Sem Vítimas";"Pleno dia";"Crescente";"Céu Claro";"Dupla";"Reta";"Sim";1;0;0;0;0;1;0;1;-23,0233097;-45,53763622;"SPRF-SP";"DEL06-SP";"UOP01-DEL06-SP"
291204;2020-06-21;"domingo";"12:35:00";"PB";230;461,7;"SOUSA";"Defeito Mecânico no Veículo";"Tombamento";"Com Vítimas Feridas";"Pleno dia";"Crescente";"Céu Claro";"Simples";"Reta";"Sim";1;0;1;0;0;0;1;1;-6,778254;-38,226044;"SPRF-PB";"DEL03-PB";"UOP03-DEL03-PB"
291206;2020-06-21;"domingo";"13:13:00";"MG";40;712,9;"BARBACENA";"Falta de Atenção à Condução";"Tombamento";"Com Vítimas Feridas";"Pleno dia";"Crescente";"Céu Claro";"Dupla";"Reta";"Não";2;0;2;0;0;0;2;1;-21,25275648;-43,66409995;"SPRF-MG";"DEL05-MG";"UOP02-DEL05-MG"
291207;2020-03-17;"terça-feira";"23:40:00";"GO";60;167,7;"GOIANIA";"Desobediência às normas de trânsito pelo condutor";"Colisão transversal";"Sem Vítimas";"Plena Noite";"Crescente";"Céu Claro";"Simples";"Interseção de Vias";"Sim";4;0;0;0;3;1;0;2;-16,7175;-49,3663;"SPRF-GO";"DEL01-GO";"UOP02-DEL01-GO"
291208;2020-06-21;"domingo";"13:45:00";"MG";365;624;"UBERLANDIA";"Defeito na Via";"Queda de ocupante de veículo";"Com Vítimas Feridas";"Pleno dia";"Decrescente";"Céu Claro";"Dupla";"Reta";"Sim";1;0;0;1;0;0;1;1;-18,90754763;-48,3160669;"SPRF-MG";"DEL15-MG";"UOP01-DEL15-MG"
291209;2020-06-21;"domingo";"13:45:00";"ES";101;292;"CARIACICA";"Ingestão de Álcool";"Saída de leito carroçável";"Com Vítimas Feridas";"Pleno dia";"Decrescente";"Céu Claro";"Dupla";"Reta";"Sim";1;0;1;0;0;0;1;1;-20,30650512;-40,39488717;"SPRF-ES";"DEL01-ES";"UOP01-DEL01-ES"
291210;2020-06-21;"domingo";"14:00:00";"SC";470;50;"BLUMENAU";"Não guardar distância de segurança";"Colisão lateral";"Com Vítimas Feridas";"Pleno dia";"Decrescente";"Céu Claro";"Dupla";"Em Obras";"Não";5;0;0;2;3;0;2;2;-26,859768;-49,074493;"SPRF-SC";"DEL04-SC";"UOP01-DEL04-SC"
291212;2020-05-16;"sábado";"06:40:00";"PR";280;281,5;"FLOR DA SERRA DO SUL";"Fenômenos da Natureza";"Colisão traseira";"Com Vítimas Feridas";"Amanhecer";"Decrescente";"Nevoeiro/Neblina";"Simples";"Reta";"Não";2;0;0;1;0;1;1;2;-26,23973269;-53,23061196;"SPRF-PR";"DEL02-PR";"UOP01-DEL02-PR"
291213;2020-06-21;"domingo";"15:20:00";"MT";158;4,2;"BARRA DO GARCAS";"Não guardar distância de segurança";"Colisão traseira";"Sem Vítimas";"Pleno dia";"Decrescente";"Sol";"Dupla";"Rotatória;Aclive";"Sim";2;0;0;0;2;0;0;2;-15,87866658;-52,2873044;"SPRF-MT";"DEL07-MT";"UOP02-DEL07-MT"
291214;2020-06-21;"domingo";"15:00:00";"SP";381;39,5;"ATIBAIA";"Não guardar distância de segurança";"Colisão lateral";"Com Vítimas Feridas";"Pleno dia";"Crescente";"Céu Claro";"Dupla";"Reta";"Não";2;0;1;0;1;0;1;2;-23,1215761;-46,57471572;"SPRF-SP";"DEL03-SP";"UOP01-DEL03-SP"
291216;2020-06-21;"domingo";"14:00:00";"PR";277;241,1;"IRATI";"Velocidade Incompatível";"Saída de leito carroçável";"Sem Vítimas";"Pleno dia";"Crescente";"Sol";"Simples";"Aclive";"Não";1;0;0;0;0;1;0;1;-25,46419687;-50,56581801;"SPRF-PR";"DEL03-PR";"UOP03-DEL03-PR"
291217;2020-06-21;"domingo";"15:30:00";"GO";20;177;"ALVORADA DO NORTE";"Ingestão de Álcool";"Saída de leito carroçável";"Com Vítimas Feridas";"Pleno dia";"Crescente";"Céu Claro";"Simples";"Reta";"Sim";4;0;4;0;0;0;4;1;-14,498608;-46,510159;"SPRF-DF";"DEL02-DF";"UOP03-DEL02-DF"
291218;2020-06-21;"domingo";"16:00:00";"PR";476;140;"CURITIBA";"Falta de Atenção à Condução";"Tombamento";"Com Vítimas Feridas";"Pleno dia";"Decrescente";"Céu Claro";"Dupla";"Reta";"Sim";1;0;1;0;0;0;1;1;-25,520693;-49,294121;"SPRF-PR";"DEL01-PR";"UOP03-DEL01-PR"
291219;2020-06-21;"domingo";"15:30:00";"MT";70;115;"VARZEA GRANDE";"Falta de Atenção à Condução";"Queda de ocupante de veículo";"Com Vítimas Feridas";"Pleno dia";"Crescente";"Céu Claro";"Simples";"Reta";"Sim";2;0;1;0;0;1;1;2;-15,704336;-56,148002;"SPRF-MT";"DEL07-MT";"UOP01-DEL07-MT"
291220;2020-06-21;"domingo";"16:00:00";"RN";304;49,8;"MOSSORO";"Ingestão de Álcool";"Saída de leito carroçável";"Com Vítimas Feridas";"Pleno dia";"Crescente";"Sol";"Simples";"Reta";"Não";1;0;1;0;0;0;1;1;-5,236461;-37,317505;"SPRF-RN";"DEL04-RN";"UOP01-DEL04-RN"
291222;2020-06-21;"domingo";"16:00:00";"RJ";465;20;"NOVA IGUACU";"Falta de Atenção à Condução";"Colisão transversal";"Com Vítimas Feridas";"Pleno dia";"Crescente";"Sol";"Simples";"Reta";"Sim";2;0;0;1;1;0;1;2;-22,846828;-43,605339;"SPRF-RJ";"DEL03-RJ";"UOP01-DEL03-RJ"
291223;2020-06-21;"domingo";"16:30:00";"ES";101;264,3;"SERRA";"Desobediência às normas de trânsito pelo condutor";"Colisão transversal";"Com Vítimas Feridas";"Pleno dia";"Decrescente";"Sol";"Dupla";"Retorno Regulamentado";"Sim";2;0;1;0;1;0;1;2;-20,17292791;-40,26736384;"SPRF-ES";"DEL02-ES";"UOP01-DEL02-ES"
291224;2020-06-21;"domingo";"16:05:00";"SC";101;210;"SAO JOSE";"Falta de Atenção à Condução";"Colisão traseira";"Com Vítimas Feridas";"Pleno dia";"Crescente";"Céu Claro";"Dupla";"Reta";"Não";3;0;2;0;1;0;2;2;-27,6167305;-48,6457265;"SPRF-SC";"DEL01-SC";"UOP01-DEL01-SC"
291225;2020-06-21;"domingo";"12:20:00";"MG";116;214,1;"CATUJI";"Velocidade Incompatível";"Capotamento";"Com Vítimas Feridas";"Pleno dia";"Crescente";"Céu Claro";"Simples";"Curva";"Não";5;0;4;1;0;0;5;1;-17,35861213;-41,53122852;"SPRF-MG";"DEL11-MG";"UOP01-DEL11-MG"
291226;2020-06-21;"domingo";"15:10:00";"SC";101;158,3;"PORTO BELO";"Falta de Atenção à Condução";"Colisão lateral";"Com Vítimas Feridas";"Pleno dia";"Crescente";"Sol";"Dupla";"Reta";"Sim";2;0;1;0;1;0;1;2;-27,19096301;-48,61259017;"SPRF-SC";"DEL04-SC";"UOP03-DEL04-SC"
291227;2020-05-20;"quarta-feira";"08:20:00";"ES";101;0,5;"SERRA";"Falta de Atenção à Condução";"Colisão lateral";"Com Vítimas Feridas";"Pleno dia";"Crescente";"Chuva";"Dupla";"Reta";"Não";2;0;1;0;1;0;1;2;-20,23867915;-40,27873462;"SPRF-ES";"DEL02-ES";"UOP01-DEL02-ES"
291228;2020-06-21;"domingo";"16:20:00";"MG";50;15;"UBERLANDIA";"Velocidade Incompatível";"Queda de ocupante de veículo";"Com Vítimas Feridas";"Pleno dia";"Decrescente";"Céu Claro";"Simples";"Curva";"Sim";1;0;1;0;0;0;1;1;-18,91107723;-48,17167997;"SPRF-MG";"DEL15-MG";"UOP02-DEL15-MG"
291229;2020-06-21;"domingo";"15:20:00";"BA";135;142;"RIACHAO DAS NEVES";"Avarias e/ou desgaste excessivo no pneu";"Saída de leito carroçável";"Sem Vítimas";"Pleno dia";"Crescente";"Céu Claro";"Simples";"Reta";"Não";1;0;0;0;1;0;0;1;-11,884859;-44,85341;"SPRF-BA";"DEL10-BA";"UOP01-DEL10-BA"
291230;2020-06-21;"domingo";"12:35:00";"PR";163;181;"SANTA TEREZA DO OESTE";"Falta de Atenção à Condução";"Queda de ocupante de veículo";"Com Vítimas Feridas";"Pleno dia";"Decrescente";"Sol";"Múltipla";"Rotatória";"Sim";1;0;0;1;0;0;1;1;-25,14747732;-53,59190497;"SPRF-PR";"DEL05-PR";"UOP05-DEL05-PR"
291231;2020-06-21;"domingo";"16:50:00";"GO";153;500;"GOIANIA";"Falta de Atenção à Condução";"Colisão traseira";"Com Vítimas Feridas";"Pleno dia";"Crescente";"Sol";"Dupla";"Reta";"Sim";2;0;0;1;1;0;1;2;-16,7118;-49,2324;"SPRF-GO";"DEL01-GO";"UOP01-DEL01-GO"
291232;2020-06-21;"domingo";"15:30:00";"MT";163;987;"TERRA NOVA DO NORTE";"Falta de Atenção à Condução";"Colisão transversal";"Sem Vítimas";"Pleno dia";"Decrescente";"Céu Claro";"Dupla";"Rotatória";"Sim";3;0;0;0;3;0;0;2;-10,605266;-55,108017;"SPRF-MT";"DEL06-MT";"NPF/DEL06-MT"
291234;2020-06-21;"domingo";"17:10:00";"PR";476;138;"CURITIBA";"Falta de Atenção à Condução";"Atropelamento de Pedestre";"Com Vítimas Fatais";"Pleno dia";"Decrescente";"Céu Claro";"Múltipla";"Reta";"Sim";4;1;0;1;2;0;1;2;-25,505564;-49,283417;"SPRF-PR";"DEL01-PR";"UOP03-DEL01-PR"
291235;2020-06-21;"domingo";"12:20:00";"RJ";116;253,9;"PIRAI";"Defeito Mecânico no Veículo";"Saída de leito carroçável";"Com Vítimas Feridas";"Pleno dia";"Decrescente";"Céu Claro";"Dupla";"Reta";"Não";3;0;3;0;0;0;3;1;-22,58321601;-44,04248357;"SPRF-RJ";"DEL07-RJ";"UOP02-DEL07-RJ"
291237;2020-06-21;"domingo";"17:05:00";"MG";262;362,8;"JUATUBA";"Desobediência às normas de trânsito pelo condutor";"Colisão transversal";"Com Vítimas Feridas";"Pleno dia";"Decrescente";"Céu Claro";"Dupla";"Curva";"Sim";2;0;1;0;1;0;1;2;-19,97163458;-44,28687572;"SPRF-MG";"DEL01-MG";"UOP03-DEL01-MG"
291238;2020-06-21;"domingo";"17:20:00";"MG";381;500,1;"BETIM";"Não guardar distância de segurança";"Colisão traseira";"Com Vítimas Feridas";"Anoitecer";"Decrescente";"Céu Claro";"Dupla";"Reta";"Sim";5;0;1;0;4;0;1;2;-20,02513493;-44,23112709;"SPRF-MG";"DEL01-MG";"UOP03-DEL01-MG"
291239;2020-06-21;"domingo";"17:20:00";"DF";20;20;"BRASILIA";"Velocidade Incompatível";"Colisão lateral";"Com Vítimas Fatais";"Pleno dia";"Crescente";"Céu Claro";"Dupla";"Reta";"Sim";5;1;3;1;0;0;4;2;-15,607905;-47,692791;"SPRF-DF";"DEL02-DF";"UOP01-DEL02-DF"
291240;2020-06-21;"domingo";"16:45:00";"SC";280;130,6;"RIO NEGRINHO";"Desobediência às normas de trânsito pelo condutor";"Colisão com objeto estático";"Sem Vítimas";"Pleno dia";"Decrescente";"Céu Claro";"Simples";"Reta;Declive";"Sim";1;0;0;0;1;0;0;1;-26,2530246;-49,52924913;"SPRF-SC";"DEL06-SC";"UOP03-DEL06-SC"
291242;2020-06-21;"domingo";"18:10:00";"SE";101;2;"PROPRIA";"Sinalização da via insuficiente ou inadequada";"Saída de leito carroçável";"Com Vítimas Feridas";"Plena Noite";"Decrescente";"Nublado";"Dupla";"Em Obras";"Sim";2;0;0;1;1;0;1;1;-10,22260924;-36,83049779;"SPRF-SE";"DEL02-SE";"UOP02-DEL02-SE"
291243;2020-06-21;"domingo";"17:00:00";"MG";40;312,2;"TRES MARIAS";"Velocidade Incompatível";"Capotamento";"Com Vítimas Feridas";"Anoitecer";"Decrescente";"Céu Claro";"Simples";"Reta";"Não";1;0;0;1;0;0;1;1;-18,44886082;-45,06796056;"SPRF-MG";"DEL14-MG";"UOP02-DEL14-MG"
291247;2020-06-21;"domingo";"16:30:00";"MG";116;573,7;"MANHUACU";"Falta de Atenção à Condução";"Colisão transversal";"Sem Vítimas";"Pleno dia";"Decrescente";"Nublado";"Simples";"Reta";"Não";3;0;0;0;2;1;0;3;-20,13004403;-42,17794986;"SPRF-MG";"DEL06-MG";"UOP03-DEL06-MG"
291248;2020-06-21;"domingo";"15:45:00";"RJ";116;269,9;"BARRA MANSA";"Ingestão de Álcool";"Colisão com objeto estático";"Com Vítimas Feridas";"Pleno dia";"Decrescente";"Céu Claro";"Dupla";"Curva";"Sim";2;0;1;0;1;0;1;1;-22,57510092;-44,11542461;"SPRF-RJ";"DEL07-RJ";"UOP02-DEL07-RJ"
291249;2020-06-21;"domingo";"18:20:00";"DF";70;12,6;"BRASILIA";"Ingestão de Álcool";"Saída de leito carroçável";"Sem Vítimas";"Plena Noite";"Crescente";"Céu Claro";"Dupla";"Reta";"Sim";2;0;0;0;2;0;0;1;-15,792243;-48,158543;"SPRF-DF";"DEL03-DF";"UOP02-DEL03-DF"
291250;2020-06-21;"domingo";"17:15:00";"MS";163;123;"NAVIRAI";"Falta de Atenção do Pedestre";"Atropelamento de Pedestre";"Com Vítimas Feridas";"Anoitecer";"Crescente";"Céu Claro";"Simples";"Reta";"Não";3;0;1;0;2;0;1;2;-23,0986591;-54,22408042;"SPRF-MS";"DEL09-MS";"UOP01-DEL09-MS"
291251;2020-06-21;"domingo";"16:10:00";"BA";101;905;"CARAVELAS";"Falta de Atenção à Condução";"Colisão traseira";"Com Vítimas Feridas";"Pleno dia";"Crescente";"Céu Claro";"Simples";"Curva";"Não";4;0;2;0;2;0;2;2;-17,767995;-39,777767;"SPRF-BA";"DEL09-BA";"UOP02-DEL09-BA"
291252;2020-06-21;"domingo";"17:50:00";"PB";230;75,2;"SOBRADO";"Ingestão de Álcool";"Colisão transversal";"Com Vítimas Fatais";"Anoitecer";"Decrescente";"Céu Claro";"Dupla";"Reta";"Não";2;1;0;0;0;1;0;2;-7,1908;-35,2682;"SPRF-PB";"DEL01-PB";"UOP03-DEL01-PB"
291253;2020-06-21;"domingo";"17:20:00";"MS";163;256;"DOURADOS";"Falta de Atenção do Pedestre";"Atropelamento de Pedestre";"Com Vítimas Feridas";"Plena Noite";"Crescente";"Céu Claro";"Dupla";"Reta";"Sim";2;0;0;1;0;1;1;2;-22,26343226;-54,80681598;"SPRF-MS";"DEL04-MS";"UOP01-DEL04-MS"
291255;2020-06-21;"domingo";"18:10:00";"PB";101;86;"BAYEUX";"Animais na Pista";"Atropelamento de Animal";"Com Vítimas Feridas";"Plena Noite";"Decrescente";"Céu Claro";"Dupla";"Curva";"Sim";2;0;2;0;0;0;2;1;-7,15118983;-34,91012184;"SPRF-PB";"DEL01-PB";"UOP01-DEL01-PB"
291256;2020-06-21;"domingo";"18:00:00";"SP";381;48,8;"ATIBAIA";"Falta de Atenção à Condução";"Colisão lateral";"Com Vítimas Feridas";"Anoitecer";"Crescente";"Céu Claro";"Dupla";"Reta";"Não";1;0;1;0;0;0;1;1;-23,19720018;-46,58736556;"SPRF-SP";"DEL03-SP";"UOP01-DEL03-SP"
291257;2020-06-21;"domingo";"18:00:00";"MG";381;373,6;"SAO GONCALO DO RIO ABAIXO";"Animais na Pista";"Atropelamento de Animal";"Com Vítimas Feridas";"Anoitecer";"Crescente";"Céu Claro";"Simples";"Reta";"Não";2;0;2;0;0;0;2;1;-19,83992808;-43,3214812;"SPRF-MG";"DEL01-MG";"UOP01-DEL01-MG"
291258;2020-06-21;"domingo";"18:25:00";"SP";116;219;"GUARULHOS";"Ingestão de Álcool";"Capotamento";"Sem Vítimas";"Anoitecer";"Crescente";"Céu Claro";"Múltipla";"Reta";"Sim";1;0;0;0;1;0;0;1;-23,46143954;-46,48885316;"SPRF-SP";"DEL01-SP";"UOP01-DEL01-SP"
291259;2020-06-21;"domingo";"18:00:00";"SC";101;216,5;"PALHOCA";"Falta de Atenção à Condução";"Colisão transversal";"Com Vítimas Feridas";"Plena Noite";"Decrescente";"Céu Claro";"Múltipla";"Interseção de Vias";"Sim";3;0;1;1;1;0;2;2;-27,65981409;-48,67747798;"SPRF-SC";"DEL01-SC";"UOP02-DEL01-SC"
291261;2020-06-21;"domingo";"18:20:00";"SC";470;29;"GASPAR";"Falta de Atenção à Condução";"Saída de leito carroçável";"Com Vítimas Feridas";"Anoitecer";"Crescente";"Céu Claro";"Dupla";"Em Obras";"Sim";5;0;0;2;3;0;2;1;-26,89362;-48,903973;"SPRF-SC";"DEL04-SC";"UOP01-DEL04-SC"
291263;2020-06-21;"domingo";"17:40:00";"CE";20;416;"MARACANAU";"Falta de Atenção à Condução";"Capotamento";"Com Vítimas Feridas";"Anoitecer";"Crescente";"Céu Claro";"Dupla";"Reta";"Sim";2;0;1;1;0;0;2;1;-3,76999035;-38,67006282;"SPRF-CE";"DEL01-CE";"UOP02-DEL01-CE"
291264;2020-06-21;"domingo";"16:15:00";"SC";153;5,9;"AGUA DOCE";"Velocidade Incompatível";"Colisão com objeto estático";"Com Vítimas Feridas";"Pleno dia";"Crescente";"Céu Claro";"Simples";"Reta";"Não";1;0;1;0;0;0;1;1;-26,643061;-51,51313;"SPRF-SC";"DEL07-SC";"UOP05-DEL07-SC"
291265;2020-06-21;"domingo";"18:30:00";"PR";369;136,5;"IBIPORA";"Desobediência às normas de trânsito pelo condutor";"Colisão transversal";"Com Vítimas Feridas";"Anoitecer";"Crescente";"Céu Claro";"Simples";"Reta";"Sim";2;0;1;0;0;1;1;2;-23,26780289;-51,03867173;"SPRF-PR";"DEL07-PR";"UOP01-DEL07-PR"
291266;2020-06-21;"domingo";"18:50:00";"RJ";393;241;"VASSOURAS";"Restrição de Visibilidade";"Atropelamento de Animal";"Com Vítimas Feridas";"Plena Noite";"Decrescente";"Céu Claro";"Simples";"Aclive";"Não";1;0;1;0;0;0;1;1;-22,41971814;-43,68447089;"SPRF-RJ";"DEL05-RJ";"UOP04-DEL05-RJ"
291267;2020-06-21;"domingo";"16:10:00";"TO";153;246,1;"COLINAS DO TOCANTINS";"Falta de Atenção à Condução";"Saída de leito carroçável";"Com Vítimas Fatais";"Pleno dia";"Crescente";"Céu Claro";"Múltipla";"Reta;Declive";"Sim";1;1;0;0;0;0;0;1;-8,046382;-48,46624384;"SPRF-TO";"DEL02-TO";"UOP02-DEL02-TO"
291268;2020-06-21;"domingo";"19:00:00";"BA";101;870;"TEIXEIRA DE FREITAS";"Ingestão de Álcool";"Colisão traseira";"Com Vítimas Feridas";"Plena Noite";"Decrescente";"Céu Claro";"Simples";"Declive";"Não";3;0;1;0;2;0;1;2;-17,46318432;-39,70224559;"SPRF-BA";"DEL09-BA";"UOP02-DEL09-BA"
291270;2020-06-21;"domingo";"17:40:00";"BA";116;575;"NOVA ITARANA";"Ultrapassagem Indevida";"Saída de leito carroçável";"Com Vítimas Feridas";"Anoitecer";"Crescente";"Céu Claro";"Simples";"Reta";"Sim";1;0;1;0;0;0;1;1;-13,04737085;-39,96123277;"SPRF-BA";"DEL03-BA";"UOP02-DEL03-BA"
291271;2020-06-21;"domingo";"18:20:00";"MS";163;465,4;"CAMPO GRANDE";"Falta de Atenção à Condução";"Tombamento";"Com Vítimas Feridas";"Plena Noite";"Decrescente";"Céu Claro";"Simples";"Reta";"Não";1;0;0;1;0;0;1;1;-20,59436908;-54,5809341;"SPRF-MS";"DEL01-MS";"UOP01-DEL01-MS"
291274;2020-06-21;"domingo";"19:00:00";"SP";116;224;"GUARULHOS";"Ingestão de álcool e/ou substâncias psicoativas pelo pedestre";"Colisão lateral";"Sem Vítimas";"Anoitecer";"Crescente";"Céu Claro";"Múltipla";"Reta";"Sim";2;0;0;0;2;0;0;2;-23,48071896;-46,53271603;"SPRF-SP";"DEL01-SP";"UOP01-DEL01-SP"
291275;2020-06-21;"domingo";"19:35:00";"TO";242;466,7;"FORMOSO DO ARAGUAIA";"Falta de Atenção à Condução";"Colisão traseira";"Com Vítimas Feridas";"Plena Noite";"Crescente";"Céu Claro";"Simples";"Reta";"Não";4;0;1;1;2;0;2;2;-11,79756062;-49,64559296;"SPRF-TO";"DEL01-TO";"UOP02-DEL01-TO"
291276;2020-06-21;"domingo";"19:00:00";"RS";287;249;"SANTA MARIA";"Ingestão de Álcool";"Colisão traseira";"Sem Vítimas";"Plena Noite";"Crescente";"Nublado";"Simples";"Reta";"Sim";2;0;0;0;2;0;0;2;-29,69515051;-53,85682767;"SPRF-RS";"DEL09-RS";"UOP01-DEL09-RS"
291277;2020-06-21;"domingo";"19:00:00";"RS";116;37,7;"VACARIA";"Desobediência às normas de trânsito pelo condutor";"Colisão transversal";"Com Vítimas Feridas";"Plena Noite";"Decrescente";"Céu Claro";"Simples";"Rotatória;Reta";"Sim";2;0;1;0;1;0;1;2;-28,49871957;-50,9176864;"SPRF-RS";"DEL05-RS";"UOP03-DEL05-RS"