"id";"data_inversa";"dia_semana";"horario";"uf";"br";"km";"municipio";"causa_acidente";"tipo_acidente";"classificacao_acidente";"fase_dia";"sentido_via";"condicao_metereologica";"tipo_pista";"tracado_via";"uso_solo";"pessoas";"mortos";"feridos_leves";"feridos_graves";"ilesos";"ignorados";"feridos";"veiculos";"latitude";"longitude";"regional";"delegacia";"uop"
291393;2020-06-22;"segunda-feira";"11:40:00";"RN";101;104,5;"PARNAMIRIM";"Desobediência às normas de trânsito pelo condutor";"Colisão lateral";"Com Vítimas Feridas";"Pleno dia";"Crescente";"Céu Claro";"Dupla";"Reta";"Sim";2;0;1;0;1;0;1;2;-5,89441521;-35,25790572;"SPRF-RN";"DEL01-RN";"UOP01-DEL01-RN"
291395;2020-06-06;"sábado";"21:30:00";"MS";163;376,8;"NOVA ALVORADA DO SUL";"Condutor Dormindo";"Saída de leito carroçável";"Com Vítimas Feridas";"Plena Noite";"Crescente";"Céu Claro";"Simples";"Reta";"Não";1;0;1;0;0;0;1;1;-21,3759;-54,41288299;"SPRF-MS";"DEL02-MS";"UOP01-DEL02-MS"
291396;2020-05-24;"domingo";"23:30:00";"SC";280;267;"IRINEOPOLIS";"Não guardar distância de segurança";"Colisão traseira";"Com Vítimas Feridas";"Plena Noite";"Decrescente";"Ignorado";"Simples";"Reta";"Não";3;0;2;0;0;1;2;2;-26,264107;-50,707958;"SPRF-SC";"DEL06-SC";"UOP04-DEL06-SC"
291399;2020-06-22;"segunda-feira";"12:10:00";"AP";210;105;"PORTO GRANDE";"Falta de Atenção à Condução";"Colisão traseira";"Com Vítimas Feridas";"Pleno dia";"Crescente";"Céu Claro";"Simples";"Reta";"Sim";3;0;1;1;1;0;2;2;0,70239423;-51,40504681;"SPRF-AP";"DEL01-AP";"UOP01-DEL01-AP"
291400;2020-06-22;"segunda-feira";"12:25:00";"RS";386;333,5;"MARQUES DE SOUZA";"Defeito Mecânico no Veículo";"Saída de leito carroçável";"Com Vítimas Feridas";"Pleno dia";"Decrescente";"Céu Claro";"Simples";"Curva";"Não";1;0;0;1;0;0;1;1;-29,371275;-52,062;"SPRF-RS";"DEL04-RS";"UOP01-DEL04-RS"
291402;2020-06-22;"segunda-feira";"12:00:00";"RS";285;199,9;"LAGOA VERMELHA";"Desobediência às normas de trânsito pelo condutor";"Colisão transversal";"Com Vítimas Feridas";"Pleno dia";"Decrescente";"Céu Claro";"Simples";"Interseção de Vias";"Sim";2;0;2;0;0;0;2;2;-28,20363755;-51,52605057;"SPRF-RS";"DEL08-RS";"UOP05-DEL08-RS"
291403;2020-06-22;"segunda-feira";"12:30:00";"SC";101;199,9;"SAO JOSE";"Desobediência às normas de trânsito pelo condutor";"Colisão com objeto estático";"Com Vítimas Feridas";"Pleno dia";"Crescente";"Sol";"Múltipla";"Interseção de Vias";"Sim";3;0;2;0;1;0;2;2;-27,53811957;-48,62556338;"SPRF-SC";"DEL01-SC";"UOP01-DEL01-SC"
291404;2020-06-22;"segunda-feira";"12:11:00";"SC";282;6,2;"SAO JOSE";"Falta de Atenção à Condução";"Colisão traseira";"Com Vítimas Feridas";"Pleno dia";"Decrescente";"Céu Claro";"Dupla";"Curva";"Sim";2;0;1;0;1;0;1;2;-27,58440582;-48,61745423;"SPRF-SC";"DEL01-SC";"UOP01-DEL01-SC"
291405;2020-06-22;"segunda-feira";"12:40:00";"SC";101;53;"JOINVILLE";"Falta de Atenção à Condução";"Queda de ocupante de veículo";"Com Vítimas Feridas";"Pleno dia";"Decrescente";"Céu Claro";"Dupla";"Curva";"Não";1;0;1;0;0;0;1;1;-26,40231201;-48,83969703;"SPRF-SC";"DEL03-SC";"UOP01-DEL03-SC"
291406;2020-06-22;"segunda-feira";"12:10:00";"PR";476;136;"CURITIBA";"Desobediência às normas de trânsito pelo condutor";"Queda de ocupante de veículo";"Com Vítimas Feridas";"Pleno dia";"Decrescente";"Céu Claro";"Múltipla";"Reta";"Sim";2;0;1;0;1;0;1;2;-25,491047;-49,271679;"SPRF-PR";"DEL01-PR";"UOP03-DEL01-PR"
291407;2020-06-22;"segunda-feira";"13:00:00";"PR";277;170,4;"PALMEIRA";"Animais na Pista";"Atropelamento de Animal";"Com Vítimas Feridas";"Pleno dia";"Decrescente";"Sol";"Simples";"Reta;Declive";"Sim";1;0;0;1;0;0;1;1;-25,44402545;-49,8049736;"SPRF-PR";"DEL01-PR";"UOP03-DEL03-PR"
291408;2020-06-22;"segunda-feira";"12:47:00";"SC";101;217,9;"PALHOCA";"Mal Súbito";"Saída de leito carroçável";"Com Vítimas Feridas";"Pleno dia";"Decrescente";"Céu Claro";"Múltipla";"Reta";"Não";1;0;1;0;0;0;1;1;-27,67421702;-48,67095709;"SPRF-SC";"DEL01-SC";"UOP02-DEL01-SC"
291410;2020-06-22;"segunda-feira";"13:20:00";"RJ";101;313;"SAO GONCALO";"Falta de Atenção à Condução";"Colisão com objeto estático";"Com Vítimas Feridas";"Pleno dia";"Crescente";"Sol";"Dupla";"Reta";"Sim";3;0;0;2;1;0;2;1;-22,81049093;-43,06983304;"SPRF-RJ";"DEL02-RJ";"UOP02-DEL02-RJ"
291412;2020-06-22;"segunda-feira";"13:30:00";"CE";222;315;"TIANGUA";"Carga excessiva e/ou mal acondicionada";"Colisão traseira";"Com Vítimas Feridas";"Pleno dia";"Decrescente";"Céu Claro";"Simples";"Reta";"Sim";3;0;1;0;2;0;1;3;-3,738862;-41,005386;"SPRF-CE";"DEL04-CE";"UOP02-DEL04-CE"
291414;2020-06-22;"segunda-feira";"14:00:00";"SC";470;53,9;"BLUMENAU";"Desobediência às normas de trânsito pelo condutor";"Colisão transversal";"Com Vítimas Feridas";"Pleno dia";"Decrescente";"Céu Claro";"Simples";"Curva";"Sim";2;0;1;0;1;0;1;2;-26,867121;-49,102066;"SPRF-SC";"DEL04-SC";"UOP01-DEL04-SC"
291415;2020-06-22;"segunda-feira";"14:10:00";"PR";116;89;"PIRAQUARA";"Defeito Mecânico no Veículo";"Queda de ocupante de veículo";"Com Vítimas Feridas";"Pleno dia";"Crescente";"Céu Claro";"Dupla";"Reta";"Não";1;0;1;0;0;0;1;1;-25,45428705;-49,08817119;"SPRF-PR";"DEL01-PR";"UOP01-DEL01-PR"
291417;2020-06-22;"segunda-feira";"10:35:00";"RJ";101;297;"ITABORAI";"Velocidade Incompatível";"Colisão com objeto estático";"Com Vítimas Feridas";"Pleno dia";"Crescente";"Sol";"Dupla";"Reta";"Sim";1;0;1;0;0;0;1;1;-22,76942037;-42,91873581;"SPRF-RJ";"DEL02-RJ";"UOP02-DEL02-RJ"
291418;2020-06-22;"segunda-feira";"14:00:00";"RN";101;105;"PARNAMIRIM";"Desobediência às normas de trânsito pelo condutor";"Colisão transversal";"Com Vítimas Feridas";"Pleno dia";"Decrescente";"Sol";"Simples";"Interseção de Vias";"Sim";2;0;1;0;1;0;1;2;-5,90621944;-35,26023757;"SPRF-RN";"DEL01-RN";"UOP01-DEL01-RN"
291419;2020-06-22;"segunda-feira";"12:30:00";"RO";364;14;"VILHENA";"Falta de Atenção à Condução";"Colisão traseira";"Com Vítimas Feridas";"Pleno dia";"Crescente";"Céu Claro";"Dupla";"Rotatória";"Sim";3;0;2;0;1;0;2;2;-12,73898138;-60,13911417;"SPRF-RO";"DEL04-RO";"UOP01-DEL04-RO"
291422;2020-06-22;"segunda-feira";"14:40:00";"RJ";356;51;"ITAPERUNA";"Desobediência às normas de trânsito pelo condutor";"Colisão frontal";"Com Vítimas Feridas";"Pleno dia";"Decrescente";"Sol";"Simples";"Curva";"Não";2;0;2;0;0;0;2;2;-21,257954;-41,767086;"SPRF-RJ";"DEL08-RJ";"UOP03-DEL08-RJ"
291424;2020-06-22;"segunda-feira";"08:45:00";"MT";163;1007;"TERRA NOVA DO NORTE";"Falta de Atenção à Condução";"Colisão lateral";"Sem Vítimas";"Pleno dia";"Crescente";"Céu Claro";"Simples";"Reta";"Não";3;0;0;0;2;1;0;2;-10,431564;-55,058787;"SPRF-MT";"DEL06-MT";"NPF/DEL06-MT"
291426;2020-06-22;"segunda-feira";"15:30:00";"SC";470;69;"INDAIAL";"Desobediência às normas de trânsito pelo condutor";"Colisão frontal";"Com Vítimas Feridas";"Pleno dia";"Decrescente";"Céu Claro";"Simples";"Reta";"Não";2;0;1;0;1;0;1;2;-26,883745;-49,246704;"SPRF-SC";"DEL04-SC";"UOP01-DEL04-SC"
291427;2020-06-22;"segunda-feira";"15:30:00";"PR";376;619,7;"SAO JOSE DOS PINHAIS";"Falta de Atenção à Condução";"Colisão lateral";"Com Vítimas Feridas";"Pleno dia";"Decrescente";"Sol";"Múltipla";"Reta";"Não";2;0;0;1;1;0;1;2;-25,60034699;-49,17355691;"SPRF-PR";"DEL01-PR";"UOP01-DEL01-PR"
291428;2020-06-22;"segunda-feira";"11:45:00";"BA";110;225;"NOVA SOURE";"Defeito na Via";"Saída de leito carroçável";"Com Vítimas Feridas";"Pleno dia";"Crescente";"Chuva";"Simples";"Reta";"Não";4;0;4;0;0;0;4;1;-11,29856097;-38,41511398;"SPRF-BA";"DEL07-BA";"UOP02-DEL07-BA"
291433;2020-06-22;"segunda-feira";"14:50:00";"PE";232;410,1;"SERRA TALHADA";"Falta de Atenção à Condução";"Colisão transversal";"Com Vítimas Feridas";"Pleno dia";"Crescente";"Céu Claro";"Simples";"Reta";"Sim";2;0;0;1;1;0;1;2;-7,98261841;-38,30039606;"SPRF-PE";"DEL04-PE";"UOP01-DEL04-PE"
291434;2020-06-22;"segunda-feira";"16:10:00";"PR";476;344;"PAULA FREITAS";"Falta de Atenção à Condução";"Colisão transversal";"Com Vítimas Feridas";"Pleno dia";"Decrescente";"Céu Claro";"Simples";"Reta";"Não";5;0;0;3;2;0;3;3;-26,17435404;-50,91487956;"SPRF-PR";"DEL02-PR";"UOP03-DEL02-PR"
291436;2020-06-22;"segunda-feira";"16:15:00";"PE";101;70;"RECIFE";"Desobediência às normas de trânsito pelo condutor";"Colisão transversal";"Com Vítimas Feridas";"Pleno dia";"Crescente";"Céu Claro";"Dupla";"Curva";"Sim";3;0;1;1;0;1;2;2;-8,06776119;-34,94265074;"SPRF-PE";"DEL01-PE";"UOP01-DEL01-PE"
291439;2020-06-22;"segunda-feira";"15:20:00";"RS";158;565,4;"SANTANA DO LIVRAMENTO";"Desobediência às normas de trânsito pelo condutor";"Colisão transversal";"Com Vítimas Feridas";"Pleno dia";"Decrescente";"Nublado";"Simples";"Interseção de Vias";"Sim";2;0;1;0;1;0;1;2;-30,868536;-55,50789;"SPRF-RS";"DEL11-RS";"UOP01-DEL11-RS"
291441;2020-06-22;"segunda-feira";"14:38:00";"ES";101;223,9;"IBIRACU";"Falta de Atenção à Condução";"Colisão com objeto estático";"Com Vítimas Feridas";"Pleno dia";"Decrescente";"Sol";"Simples";"Reta";"Não";1;0;0;1;0;0;1;1;-19,87635624;-40,41496163;"SPRF-ES";"DEL02-ES";"UOP01-DEL02-ES"
291442;2020-06-19;"sexta-feira";"23:30:00";"PE";232;212;"PESQUEIRA";"Ingestão de Álcool";"Colisão lateral";"Com Vítimas Feridas";"Plena Noite";"Decrescente";"Nublado";"Simples";"Reta";"Sim";2;0;1;0;1;0;1;2;-8,37328104;-36,71376998;"SPRF-PE";"DEL02-PE";"UOP03-DEL02-PE"
291443;2020-06-22;"segunda-feira";"14:50:00";"RJ";116;174;"BELFORD ROXO";"Não guardar distância de segurança";"Colisão traseira";"Com Vítimas Feridas";"Pleno dia";"Crescente";"Céu Claro";"Dupla";"Declive";"Sim";3;0;1;0;2;0;1;3;-22,76541832;-43,41508269;"SPRF-RJ";"DEL01-RJ";"UOP02-DEL01-RJ"
291446;2020-06-22;"segunda-feira";"13:20:00";"PR";373;231;"IMBITUVA";"Falta de Atenção à Condução";"Saída de leito carroçável";"Sem Vítimas";"Pleno dia";"Crescente";"Céu Claro";"Simples";"Reta";"Não";1;0;0;0;1;0;0;1;-25,18288258;-50,67781009;"SPRF-PR";"DEL03-PR";"UOP01-DEL03-PR"
291447;2020-06-22;"segunda-feira";"16:30:00";"BA";101;504,1;"ITABUNA";"Falta de Atenção à Condução";"Colisão transversal";"Com Vítimas Feridas";"Anoitecer";"Decrescente";"Céu Claro";"Simples";"Reta";"Sim";3;0;1;0;2;0;1;2;-14,94042206;-39,30397277;"SPRF-BA";"DEL05-BA";"UOP01-DEL05-BA"
291449;2020-06-22;"segunda-feira";"17:40:00";"GO";153;73;"PORANGATU";"Mal Súbito";"Queda de ocupante de veículo";"Com Vítimas Feridas";"Anoitecer";"Decrescente";"Céu Claro";"Simples";"Reta;Declive";"Não";1;0;0;1;0;0;1;1;-13,475327;-49,136101;"SPRF-GO";"DEL07-GO";"UOP01-DEL07-GO"
291451;2020-06-22;"segunda-feira";"17:50:00";"SC";282;3,3;"FLORIANOPOLIS";"Desobediência às normas de trânsito pelo condutor";"Colisão transversal";"Com Vítimas Feridas";"Plena Noite";"Crescente";"Céu Claro";"Múltipla";"Reta";"Não";2;0;1;0;1;0;1;2;-27,600384;-48,599705;"SPRF-SC";"DEL01-SC";"UOP01-DEL01-SC"
291454;2020-06-22;"segunda-feira";"16:30:00";"MT";163;920;"ITAUBA";"Velocidade Incompatível";"Saída de leito carroçável";"Sem Vítimas";"Anoitecer";"Crescente";"Céu Claro";"Simples";"Reta";"Não";1;0;0;0;0;1;0;1;-11,26005493;-55,31097026;"SPRF-MT";"DEL06-MT";"NPF/DEL06-MT"
291455;2020-06-22;"segunda-feira";"18:20:00";"PR";116;113;"CURITIBA";"Falta de Atenção à Condução";"Queda de ocupante de veículo";"Com Vítimas Feridas";"Anoitecer";"Crescente";"Nublado";"Dupla";"Reta";"Não";1;0;1;0;0;0;1;1;-25,56513636;-49,24675108;"SPRF-PR";"DEL01-PR";"UOP06-DEL01-PR"
291456;2020-06-22;"segunda-feira";"17:55:00";"SC";101;114,3;"ITAJAI";"Falta de Atenção à Condução";"Colisão traseira";"Com Vítimas Feridas";"Plena Noite";"Decrescente";"Céu Claro";"Dupla";"Reta";"Não";2;0;1;0;1;0;1;2;-26,86192886;-48,7286704;"SPRF-SC";"DEL04-SC";"UOP04-DEL04-SC"
291457;2020-06-22;"segunda-feira";"18:15:00";"BA";367;83,5;"EUNAPOLIS";"Desobediência às normas de trânsito pelo condutor";"Colisão frontal";"Com Vítimas Feridas";"Plena Noite";"Decrescente";"Céu Claro";"Simples";"Reta";"Sim";3;0;1;1;1;0;2;2;-16,37256267;-39,57064408;"SPRF-BA";"DEL09-BA";"UOP01-DEL09-BA"
291458;2020-06-22;"segunda-feira";"17:00:00";"SP";381;88;"GUARULHOS";"Não guardar distância de segurança";"Colisão traseira";"Com Vítimas Feridas";"Pleno dia";"Decrescente";"Céu Claro";"Múltipla";"Reta";"Sim";2;0;1;0;1;0;1;2;-23,47469314;-46,56112919;"SPRF-SP";"DEL03-SP";"UOP01-DEL03-SP"
291460;2020-06-22;"segunda-feira";"19:10:00";"PR";476;114;"COLOMBO";"Falta de Atenção à Condução";"Saída de leito carroçável";"Com Vítimas Feridas";"Plena Noite";"Crescente";"Céu Claro";"Simples";"Reta";"Não";1;0;1;0;0;0;1;1;-25,335966;-49,158184;"SPRF-PR";"DEL01-PR";"UOP07-DEL01-PR"
291462;2020-04-30;"quinta-feira";"13:50:00";"SC";470;51,9;"BLUMENAU";"Falta de Atenção à Condução";"Colisão transversal";"Com Vítimas Feridas";"Pleno dia";"Crescente";"Sol";"Múltipla";"Reta";"Sim";1;0;1;0;0;0;1;1;-26,862339;-49,084038;"SPRF-SC";"DEL04-SC";"UOP01-DEL04-SC"
291463;2020-06-22;"segunda-feira";"18:50:00";"PB";230;12;"CABEDELO";"Desobediência às normas de trânsito pelo pedestre";"Atropelamento de Pedestre";"Com Vítimas Feridas";"Plena Noite";"Decrescente";"Céu Claro";"Dupla";"Reta";"Sim";3;0;2;1;0;0;3;2;-7,068;-34,85;"SPRF-PB";"DEL01-PB";"UOP01-DEL01-PB"
291464;2020-06-22;"segunda-feira";"17:00:00";"RS";285;550,3;"SAO LUIZ GONZAGA";"Falta de Atenção à Condução";"Colisão lateral";"Com Vítimas Feridas";"Anoitecer";"Crescente";"Céu Claro";"Simples";"Declive";"Não";2;0;1;0;1;0;1;2;-28,416843;-54,79343;"SPRF-RS";"DEL10-RS";"UOP01-DEL10-RS"
291465;2020-06-22;"segunda-feira";"19:00:00";"MG";40;511;"RIBEIRAO DAS NEVES";"Falta de Atenção à Condução";"Colisão traseira";"Com Vítimas Feridas";"Plena Noite";"Crescente";"Céu Claro";"Dupla";"Retorno Regulamentado";"Não";2;0;1;0;1;0;1;2;-19,76061249;-44,1347544;"SPRF-MG";"DEL01-MG";"UOP02-DEL01-MG"
291466;2020-06-22;"segunda-feira";"19:10:00";"SP";381;54;"MAIRIPORA";"Falta de Atenção à Condução";"Capotamento";"Com Vítimas Feridas";"Plena Noite";"Crescente";"Céu Claro";"Múltipla";"Reta";"Sim";1;0;1;0;0;0;1;1;-23,2449074;-46,59562343;"SPRF-SP";"DEL03-SP";"UOP01-DEL03-SP"
291467;2020-06-22;"segunda-feira";"14:10:00";"SC";282;487,8;"FAXINAL DOS GUEDES";"Falta de Atenção à Condução";"Colisão transversal";"Com Vítimas Feridas";"Pleno dia";"Crescente";"Sol";"Simples";"Reta";"Sim";2;0;1;0;1;0;1;2;-26,85758;-52,263203;"SPRF-SC";"DEL07-SC";"UOP01-DEL07-SC"
291468;2020-06-22;"segunda-feira";"15:10:00";"PI";316;3;"TERESINA";"Falta de Atenção à Condução";"Colisão transversal";"Com Vítimas Feridas";"Pleno dia";"Crescente";"Sol";"Simples";"Reta";"Sim";2;0;1;0;1;0;1;2;-5,12826443;-42,79292384;"SPRF-PI";"DEL01-PI";"UOP02-DEL01-PI"
291470;2020-06-22;"segunda-feira";"19:20:00";"DF";40;3;"BRASILIA";"Falta de Atenção à Condução";"Colisão transversal";"Com Vítimas Feridas";"Plena Noite";"Decrescente";"Céu Claro";"Dupla";"Reta";"Sim";2;0;1;0;1;0;1;2;-16,003145;-47,983944;"SPRF-DF";"DEL01-DF";"UOP01-DEL01-DF"
291471;2020-06-22;"segunda-feira";"17:05:00";"RJ";116;84;"TERESOPOLIS";"Falta de Atenção à Condução";"Atropelamento de Pedestre";"Com Vítimas Feridas";"Anoitecer";"Crescente";"Céu Claro";"Simples";"Aclive";"Sim";2;0;2;0;0;0;2;2;-22,42252361;-42,95127511;"SPRF-RJ";"DEL04-RJ";"UOP01-DEL04-RJ"
291473;2020-06-22;"segunda-feira";"18:40:00";"RJ";101;319;"SAO GONCALO";"Falta de Atenção à Condução";"Engavetamento";"Com Vítimas Feridas";"Plena Noite";"Decrescente";"Céu Claro";"Dupla";"Reta";"Sim";5;0;2;0;3;0;2;5;-22,85411774;-43,1018014;"SPRF-RJ";"DEL02-RJ";"UOP02-DEL02-RJ"
291475;2020-06-22;"segunda-feira";"17:45:00";"AC";364;137;"RIO BRANCO";"Desobediência às normas de trânsito pelo condutor";"Atropelamento de Pedestre";"Com Vítimas Feridas";"Anoitecer";"Decrescente";"Céu Claro";"Dupla";"Curva";"Sim";2;0;0;1;0;1;1;2;-9,96935404;-67,85264513;"SPRF-AC";"DEL01-AC";"UOP01-DEL01-AC"
291478;2020-06-22;"segunda-feira";"19:49:00";"SC";158;136;"PALMITOS";"Desobediência às normas de trânsito pelo condutor";"Colisão transversal";"Com Vítimas Feridas";"Plena Noite";"Crescente";"Céu Claro";"Simples";"Reta";"Não";4;0;0;1;3;0;1;2;-27,080418;-53,224345;"SPRF-SC";"DEL07-SC";"UOP02-DEL07-SC"
291479;2020-06-22;"segunda-feira";"18:15:00";"RJ";40;65;"PETROPOLIS";"Restrição de Visibilidade";"Colisão lateral";"Com Vítimas Feridas";"Anoitecer";"Crescente";"Nublado";"Simples";"Interseção de Vias";"Sim";2;0;1;0;1;0;1;2;-22,427473;-43,16011;"SPRF-RJ";"DEL06-RJ";"UOP01-DEL06-RJ"
291480;2020-06-22;"segunda-feira";"19:45:00";"CE";222;31;"CAUCAIA";"Ingestão de Álcool";"Atropelamento de Pedestre";"Com Vítimas Feridas";"Plena Noite";"Crescente";"Céu Claro";"Simples";"Em Obras;Reta";"Não";2;0;0;2;0;0;2;2;-3,71019947;-38,82872412;"SPRF-CE";"DEL01-CE";"UOP01-DEL01-CE"
291481;2020-06-22;"segunda-feira";"20:30:00";"RS";116;38;"VACARIA";"Falta de Atenção à Condução";"Colisão lateral";"Com Vítimas Feridas";"Plena Noite";"Decrescente";"Céu Claro";"Simples";"Reta";"Sim";2;0;1;0;1;0;1;2;-28,506686;-50,926573;"SPRF-RS";"DEL05-RS";"UOP03-DEL05-RS"
291482;2020-06-22;"segunda-feira";"18:00:00";"PR";153;10,9;"JACAREZINHO";"Ultrapassagem Indevida";"Saída de leito carroçável";"Com Vítimas Feridas";"Anoitecer";"Crescente";"Céu Claro";"Simples";"Declive;Reta";"Não";2;0;1;0;1;0;1;1;-23,07581697;-49,93444116;"SPRF-PR";"DEL07-PR";"UOP04-DEL07-PR"
291483;2020-06-22;"segunda-feira";"17:45:00";"MT";70;538,4;"NOSSA SENHORA DO LIVRAMENTO";"Desobediência às normas de trânsito pelo condutor";"Colisão transversal";"Com Vítimas Feridas";"Pleno dia";"Crescente";"Céu Claro";"Simples";"Reta";"Não";2;0;1;0;1;0;1;2;-15,67919634;-56,29355907;"SPRF-MT";"DEL01-MT";"UOP02-DEL01-MT"
291485;2020-06-22;"segunda-feira";"20:00:00";"MS";158;301;"TRES LAGOAS";"Animais na Pista";"Atropelamento de Animal";"Sem Vítimas";"Plena Noite";"Decrescente";"Céu Claro";"Simples";"Reta";"Não";2;0;0;0;2;0;0;1;-20,96590185;-51,84527523;"SPRF-MS";"DEL07-MS";"UOP01-DEL07-MS"
291489;2020-06-22;"segunda-feira";"18:00:00";"MG";381;163,1;"GOVERNADOR VALADARES";"Desobediência às normas de trânsito pelo condutor";"Colisão traseira";"Com Vítimas Fatais";"Plena Noite";"Decrescente";"Céu Claro";"Simples";"Reta";"Não";2;1;0;1;0;0;1;2;-18,93550625;-42,0516298;"SPRF-MG";"DEL06-MG";"UOP01-DEL06-MG"
291490;2020-06-22;"segunda-feira";"19:55:00";"MG";381;792;"SAO GONCALO DO SAPUCAI";"Falta de Atenção à Condução";"Colisão com objeto estático";"Com Vítimas Feridas";"Plena Noite";"Crescente";"Céu Claro";"Dupla";"Curva";"Não";1;0;1;0;0;0;1;1;-21,91931581;-45,59934602;"SPRF-MG";"DEL16-MG";"UOP02-DEL16-MG"
291491;2020-06-22;"segunda-feira";"21:50:00";"PB";230;12;"CABEDELO";"Desobediência às normas de trânsito pelo condutor";"Colisão transversal";"Com Vítimas Feridas";"Plena Noite";"Decrescente";"Céu Claro";"Dupla";"Rotatória";"Sim";2;0;2;0;0;0;2;2;-7,06529989;-34,85012412;"SPRF-PB";"DEL01-PB";"UOP01-DEL01-PB"
291492;2020-03-06;"sexta-feira";"21:00:00";"BA";101;110;"ALAGOINHAS";"Defeito na Via";"Queda de ocupante de veículo";"Com Vítimas Feridas";"Plena Noite";"Crescente";"Céu Claro";"Simples";"Reta";"Não";1;0;1;0;0;0;1;1;-12,16028155;-38,41251796;"SPRF-BA";"DEL01-BA";"UOP04-DEL01-BA"
291493;2020-05-03;"domingo";"18:47:00";"RS";116;510,8;"PELOTAS";"Desobediência às normas de trânsito pelo condutor";"Colisão transversal";"Com Vítimas Feridas";"Anoitecer";"Crescente";"Céu Claro";"Simples";"Reta";"Não";2;0;0;1;1;0;1;2;-31,62287111;-52,3151929;"SPRF-RS";"DEL07-RS";"UOP01-DEL07-RS"
291494;2020-06-22;"segunda-feira";"16:50:00";"BA";110;124;"ANTAS";"Pista Escorregadia";"Saída de leito carroçável";"Com Vítimas Feridas";"Pleno dia";"Crescente";"Chuva";"Simples";"Curva";"Não";4;0;4;0;0;0;4;1;-10,48937097;-38,38406144;"SPRF-BA";"DEL07-BA";"UOP02-DEL07-BA"
291496;2020-06-22;"segunda-feira";"22:50:00";"SE";101;90;"NOSSA SENHORA DO SOCORRO";"Animais na Pista";"Atropelamento de Animal";"Com Vítimas Feridas";"Plena Noite";"Crescente";"Garoa/Chuvisco";"Dupla";"Aclive";"Não";1;0;1;0;0;0;1;1;-10,88958218;-37,13256719;"SPRF-SE";"DEL01-SE";"UOP01-DEL01-SE"
291500;2020-06-22;"segunda-feira";"23:25:00";"GO";20;185;"SIMOLANDIA";"Velocidade Incompatível";"Saída de leito carroçável";"Com Vítimas Feridas";"Plena Noite";"Crescente";"Céu Claro";"Dupla";"Reta";"Não";1;0;1;0;0;0;1;1;-14,443042;-46,462242;"SPRF-DF";"DEL02-DF";"UOP03-DEL02-DF"
291501;2020-06-22;"segunda-feira";"19:00:00";"MT";163;898;"CLAUDIA";"Falta de Atenção à Condução";"Saída de leito carroçável";"Sem Vítimas";"Plena Noite";"Decrescente";"Céu Claro";"Simples";"Reta;Declive";"Não";1;0;0;0;0;1;0;1;-11,31832803;-55,32549083;"SPRF-MT";"DEL06-MT";"NPF/DEL06-MT"
291504;2020-06-22;"segunda-feira";"19:00:00";"BA";330;842,9;"IPIAU";"Falta de Atenção à Condução";"Colisão traseira";"Com Vítimas Fatais";"Plena Noite";"Decrescente";"Chuva";"Simples";"Declive";"Não";3;1;0;0;2;0;0;3;-14,14378;-39,71673;"SPRF-BA";"DEL05-BA";"UOP01-DEL05-BA"
291507;2020-06-23;"terça-feira";"02:40:00";"GO";40;9;"LUZIANIA";"Ingestão de Álcool";"Saída de leito carroçável";"Sem Vítimas";"Plena Noite";"Crescente";"Céu Claro";"Dupla";"Reta";"Sim";1;0;0;0;1;0;0;1;-16,131158;-47,957739;"SPRF-DF";"DEL01-DF";"UOP01-DEL01-DF"
291508;2020-06-23;"terça-feira";"03:30:00";"PR";277;105;"CAMPO LARGO";"Falta de Atenção à Condução";"Saída de leito carroçável";"Sem Vítimas";"Plena Noite";"Crescente";"Nublado";"Dupla";"Curva";"Sim";1;0;0;0;0;1;0;1;-25,43448;-49,413948;"SPRF-PR";"DEL01-PR";"UOP06-DEL01-PR"
291509;2020-06-23;"terça-feira";"04:40:00";"PR";376;597,8;"CURITIBA";"Falta de Atenção do Pedestre";"Atropelamento de Pedestre";"Com Vítimas Fatais";"Amanhecer";"Decrescente";"Céu Claro";"Dupla";"Reta";"Sim";3;1;0;0;1;1;0;2;-25,5188802;-49,33506947;"SPRF-PR";"DEL01-PR";"UOP06-DEL01-PR"
291510;2020-06-23;"terça-feira";"04:20:00";"BA";324;458;"AMELIA RODRIGUES";"Falta de Atenção à Condução";"Colisão com objeto estático";"Com Vítimas Feridas";"Amanhecer";"Crescente";"Céu Claro";"Dupla";"Reta";"Não";2;0;1;0;1;0;1;1;-12,438914;-38,724422;"SPRF-BA";"DEL02-BA";"UOP01-DEL02-BA"
291511;2020-06-23;"terça-feira";"05:20:00";"RS";290;87;"PORTO ALEGRE";"Ingestão de Álcool";"Saída de leito carroçável";"Com Vítimas Feridas";"Plena Noite";"Crescente";"Céu Claro";"Dupla";"Reta";"Não";1;0;1;0;0;0;1;1;-29,967838;-51,127197;"SPRF-RS";"DEL01-RS";"UOP01-DEL01-RS"