"id";"data_inversa";"dia_semana";"horario";"uf";"br";"km";"municipio";"causa_acidente";"tipo_acidente";"classificacao_acidente";"fase_dia";"sentido_via";"condicao_metereologica";"tipo_pista";"tracado_via";"uso_solo";"pessoas";"mortos";"feridos_leves";"feridos_graves";"ilesos";"ignorados";"feridos";"veiculos";"latitude";"longitude";"regional";"delegacia";"uop"
291513;2020-06-23;"terça-feira";"04:40:00";"PI";407;532,1;"JACOBINA DO PIAUI";"Animais na Pista";"Atropelamento de Animal";"Com Vítimas Feridas";"Plena Noite";"Decrescente";"Céu Claro";"Simples";"Reta";"Não";3;0;1;0;2;0;1;1;-7,81372504;-41,21520996;"SPRF-PI";"DEL04-PI";"UOP01-DEL04-PI"
291517;2020-06-23;"terça-feira";"05:45:00";"MS";262;350,3;"CAMPO GRANDE";"Animais na Pista";"Atropelamento de Animal";"Com Vítimas Feridas";"Amanhecer";"Decrescente";"Céu Claro";"Dupla";"Reta";"Não";1;0;1;0;0;0;1;1;-20,56750706;-54,63127698;"SPRF-MS";"DEL01-MS";"UOP03-DEL01-MS"
291520;2020-06-23;"terça-feira";"06:40:00";"PR";116;117,5;"CURITIBA";"Desobediência às normas de trânsito pelo pedestre";"Atropelamento de Pedestre";"Com Vítimas Feridas";"Pleno dia";"Decrescente";"Sol";"Dupla";"Reta";"Não";2;0;1;0;1;0;1;2;-25,56314358;-49,30848691;"SPRF-PR";"DEL01-PR";"UOP03-DEL01-PR"
291521;2020-06-23;"terça-feira";"07:55:00";"SC";101;200;"SAO JOSE";"Falta de Atenção à Condução";"Colisão lateral";"Com Vítimas Feridas";"Pleno dia";"Crescente";"Céu Claro";"Múltipla";"Reta";"Sim";2;0;1;0;1;0;1;2;-27,54018513;-48,62287714;"SPRF-SC";"DEL01-SC";"UOP01-DEL01-SC"
291522;2020-06-23;"terça-feira";"08:05:00";"GO";153;512;"APARECIDA DE GOIANIA";"Falta de Atenção à Condução";"Colisão traseira";"Com Vítimas Feridas";"Pleno dia";"Decrescente";"Céu Claro";"Dupla";"Reta";"Sim";4;0;4;0;0;0;4;3;-16,8156;-49,2402;"SPRF-GO";"DEL01-GO";"UOP03-DEL01-GO"
291523;2020-06-23;"terça-feira";"07:45:00";"SE";235;48;"ITABAIANA";"Falta de Atenção à Condução";"Colisão transversal";"Com Vítimas Feridas";"Pleno dia";"Crescente";"Chuva";"Simples";"Aclive";"Não";2;0;1;0;1;0;1;2;-10,724387;-37,41708;"SPRF-SE";"DEL01-SE";"UOP02-DEL01-SE"
291528;2020-06-23;"terça-feira";"07:50:00";"GO";40;3;"VALPARAISO DE GOIAS";"Falta de Atenção à Condução";"Colisão traseira";"Com Vítimas Feridas";"Pleno dia";"Decrescente";"Céu Claro";"Dupla";"Reta";"Sim";2;0;1;0;1;0;1;2;-16,076081;-47,985671;"SPRF-DF";"DEL01-DF";"UOP01-DEL01-DF"
291529;2020-06-23;"terça-feira";"07:50:00";"SC";101;312;"LAGUNA";"Desobediência às normas de trânsito pelo condutor";"Colisão transversal";"Com Vítimas Feridas";"Pleno dia";"Decrescente";"Céu Claro";"Simples";"Interseção de Vias";"Sim";2;0;1;0;1;0;1;2;-28,43986476;-48,82624626;"SPRF-SC";"DEL02-SC";"UOP01-DEL02-SC"
291530;2020-06-23;"terça-feira";"08:51:00";"ES";262;2;"CARIACICA";"Desobediência às normas de trânsito pelo condutor";"Colisão traseira";"Sem Vítimas";"Pleno dia";"Crescente";"Céu Claro";"Dupla";"Reta";"Sim";2;0;0;0;2;0;0;2;-20,33275688;-40,36077696;"SPRF-ES";"DEL01-ES";"UOP01-DEL01-ES"
291532;2020-06-23;"terça-feira";"07:10:00";"BA";101;708,8;"EUNAPOLIS";"Falta de Atenção à Condução";"Saída de leito carroçável";"Com Vítimas Feridas";"Pleno dia";"Decrescente";"Céu Claro";"Simples";"Reta";"Não";1;0;1;0;0;0;1;1;-16,311009;-39,597639;"SPRF-BA";"DEL09-BA";"UOP01-DEL09-BA"
291533;2020-06-23;"terça-feira";"08:00:00";"GO";40;4,5;"VALPARAISO DE GOIAS";"Não guardar distância de segurança";"Colisão lateral";"Com Vítimas Feridas";"Pleno dia";"Decrescente";"Céu Claro";"Dupla";"Reta";"Sim";2;0;1;0;1;0;1;2;-16,085241;-47,986752;"SPRF-DF";"DEL01-DF";"UOP01-DEL01-DF"
291534;2020-06-23;"terça-feira";"08:45:00";"PR";476;138;"CURITIBA";"Falta de Atenção à Condução";"Colisão lateral";"Com Vítimas Feridas";"Pleno dia";"Crescente";"Céu Claro";"Múltipla";"Curva";"Sim";3;0;0;1;1;1;1;2;-25,505564;-49,283417;"SPRF-PR";"DEL01-PR";"UOP03-DEL01-PR"
291535;2020-06-19;"sexta-feira";"13:57:00";"ES";101;361,2;"ANCHIETA";"Falta de Atenção à Condução";"Colisão com objeto estático";"Sem Vítimas";"Pleno dia";"Decrescente";"Céu Claro";"Simples";"Reta";"Não";3;0;0;0;2;1;0;2;-20,71074392;-40,72242606;"SPRF-ES";"DEL03-ES";"UOP01-DEL03-ES"
291539;2020-06-23;"terça-feira";"09:15:00";"GO";70;3;"AGUAS LINDAS DE GOIAS";"Desobediência às normas de trânsito pelo condutor";"Colisão transversal";"Com Vítimas Feridas";"Pleno dia";"Decrescente";"Céu Claro";"Dupla";"Declive";"Sim";2;0;0;1;0;1;1;2;-15,76177302;-48,2368693;"SPRF-DF";"DEL03-DF";"UOP02-DEL03-DF"
291540;2020-06-23;"terça-feira";"09:10:00";"MG";40;546;"NOVA LIMA";"Condutor Dormindo";"Saída de leito carroçável";"Com Vítimas Fatais";"Pleno dia";"Decrescente";"Céu Claro";"Dupla";"Reta";"Não";1;1;0;0;0;0;0;1;-20,01444685;-43,96893823;"SPRF-MG";"DEL01-MG";"UOP02-DEL01-MG"
291542;2020-06-23;"terça-feira";"09:50:00";"SP";0;0;"TAUBATE";"Falta de Atenção à Condução";"Colisão traseira";"Sem Vítimas";"Pleno dia";"Não Informado";"Nublado";"Simples";"Reta;Aclive";"Sim";2;0;0;0;2;0;0;2;-23,03724413;-45,5583179;"SPRF-SP";"DEL06-SP";"UOP01-DEL06-SP"
291545;2020-06-23;"terça-feira";"08:50:00";"SC";101;204,8;"SAO JOSE";"Falta de Atenção à Condução";"Colisão lateral";"Com Vítimas Feridas";"Pleno dia";"Crescente";"Céu Claro";"Múltipla";"Reta";"Sim";2;0;1;0;1;0;1;2;-27,57413014;-48,61363083;"SPRF-SC";"DEL01-SC";"UOP01-DEL01-SC"
291546;2020-06-23;"terça-feira";"09:20:00";"PB";230;80;"CALDAS BRANDAO";"Falta de Atenção à Condução";"Tombamento";"Com Vítimas Feridas";"Pleno dia";"Crescente";"Céu Claro";"Dupla";"Curva";"Não";2;0;1;0;1;0;1;1;-7,17777757;-35,32324098;"SPRF-PB";"DEL01-PB";"UOP03-DEL01-PB"
291547;2020-06-23;"terça-feira";"09:45:00";"BA";116;419,5;"FEIRA DE SANTANA";"Falta de Atenção do Pedestre";"Atropelamento de Pedestre";"Com Vítimas Fatais";"Pleno dia";"Crescente";"Céu Claro";"Dupla";"Reta";"Sim";2;1;0;0;1;0;0;2;-12,194529;-38,965336;"SPRF-BA";"DEL02-BA";"UOP01-DEL02-BA"
291552;2020-06-23;"terça-feira";"09:45:00";"SC";101;205,5;"SAO JOSE";"Falta de Atenção à Condução";"Colisão frontal";"Com Vítimas Feridas";"Pleno dia";"Crescente";"Sol";"Simples";"Curva";"Sim";2;0;1;0;1;0;1;2;-27,58654019;-48,61711979;"SPRF-SC";"DEL01-SC";"UOP01-DEL01-SC"
291554;2020-05-08;"sexta-feira";"16:45:00";"SC";282;575;"PINHALZINHO";"Falta de Atenção à Condução";"Engavetamento";"Com Vítimas Feridas";"Pleno dia";"Crescente";"Céu Claro";"Simples";"Reta";"Não";6;0;1;0;5;0;1;4;-26,863194;-52,974529;"SPRF-SC";"DEL07-SC";"UOP02-DEL07-SC"
291558;2020-06-23;"terça-feira";"12:00:00";"PE";101;64;"RECIFE";"Falta de Atenção à Condução";"Atropelamento de Pedestre";"Com Vítimas Feridas";"Pleno dia";"Decrescente";"Céu Claro";"Dupla";"Reta";"Sim";2;0;0;1;0;1;1;2;-8,0162921;-34,94045886;"SPRF-PE";"DEL01-PE";"UOP01-DEL01-PE"
291560;2020-06-23;"terça-feira";"12:00:00";"PR";163;36;"SANTO ANTONIO DO SUDOESTE";"Falta de Atenção do Pedestre";"Atropelamento de Pedestre";"Com Vítimas Feridas";"Pleno dia";"Crescente";"Céu Claro";"Simples";"Reta";"Sim";3;0;1;2;0;0;3;2;-26,10094502;-53,71147602;"SPRF-PR";"DEL02-PR";"UOP02-DEL02-PR"
291563;2020-06-23;"terça-feira";"10:45:00";"RJ";101;300;"SAO GONCALO";"Falta de Atenção à Condução";"Colisão traseira";"Com Vítimas Feridas";"Pleno dia";"Decrescente";"Céu Claro";"Dupla";"Reta";"Sim";3;0;1;0;2;0;1;2;-22,77645713;-42,94783697;"SPRF-RJ";"DEL02-RJ";"UOP02-DEL02-RJ"
291564;2020-06-23;"terça-feira";"12:20:00";"PB";101;85;"BAYEUX";"Não guardar distância de segurança";"Colisão traseira";"Com Vítimas Feridas";"Pleno dia";"Crescente";"Céu Claro";"Dupla";"Reta";"Sim";2;0;1;0;0;1;1;2;-7,14538184;-34,91662887;"SPRF-PB";"DEL01-PB";"UOP01-DEL01-PB"
291566;2020-06-23;"terça-feira";"13:10:00";"RS";386;389;"TRIUNFO";"Não guardar distância de segurança";"Colisão traseira";"Sem Vítimas";"Pleno dia";"Decrescente";"Nublado";"Dupla";"Reta";"Não";2;0;0;0;2;0;0;2;-29,699799;-51,686905;"SPRF-RS";"DEL04-RS";"UOP02-DEL04-RS"
291571;2020-06-23;"terça-feira";"14:10:00";"PR";376;3;"APUCARANA";"Desobediência às normas de trânsito pelo condutor";"Colisão lateral";"Com Vítimas Feridas";"Pleno dia";"Crescente";"Céu Claro";"Simples";"Reta";"Sim";2;0;1;0;1;0;1;2;-23,5513;-51,461266;"SPRF-PR";"DEL07-PR";"UOP03-DEL07-PR"
291572;2020-06-23;"terça-feira";"14:15:00";"SC";101;153,2;"PORTO BELO";"Defeito Mecânico no Veículo";"Tombamento";"Com Vítimas Feridas";"Pleno dia";"Crescente";"Céu Claro";"Dupla";"Reta";"Não";2;0;2;0;0;0;2;1;-27,144717;-48,61063935;"SPRF-SC";"DEL04-SC";"UOP03-DEL04-SC"
291573;2020-06-14;"domingo";"12:05:00";"SP";116;157,9;"SAO JOSE DOS CAMPOS";"Velocidade Incompatível";"Colisão frontal";"Com Vítimas Feridas";"Pleno dia";"Crescente";"Garoa/Chuvisco";"Dupla";"Retorno Regulamentado";"Sim";4;0;2;0;2;0;2;2;-23,25903054;-45,94986677;"SPRF-SP";"DEL02-SP";"UOP01-DEL02-SP"
291575;2020-06-23;"terça-feira";"15:15:00";"PR";476;136;"CURITIBA";"Desobediência às normas de trânsito pelo condutor";"Colisão transversal";"Com Vítimas Feridas";"Pleno dia";"Crescente";"Sol";"Múltipla";"Reta";"Sim";4;0;0;1;2;1;1;4;-25,491047;-49,271679;"SPRF-PR";"DEL01-PR";"UOP03-DEL01-PR"
291577;2020-06-23;"terça-feira";"14:50:00";"SC";101;333;"TUBARAO";"Desobediência às normas de trânsito pelo condutor";"Colisão frontal";"Com Vítimas Feridas";"Pleno dia";"Crescente";"Céu Claro";"Dupla";"Reta";"Sim";2;0;0;1;1;0;1;2;-28,46630107;-48,99653096;"SPRF-SC";"DEL02-SC";"UOP01-DEL02-SC"
291580;2020-06-23;"terça-feira";"15:30:00";"PR";277;602;"CASCAVEL";"Falta de Atenção à Condução";"Tombamento";"Com Vítimas Feridas";"Pleno dia";"Crescente";"Céu Claro";"Dupla";"Aclive";"Não";1;0;1;0;0;0;1;1;-25,00282;-53,523851;"SPRF-PR";"DEL05-PR";"UOP02-DEL05-PR"
291581;2020-01-10;"sexta-feira";"23:00:00";"PI";316;250;"INHUMA";"Falta de Atenção à Condução";"Colisão transversal";"Sem Vítimas";"Plena Noite";"Decrescente";"Nublado";"Simples";"Reta";"Não";2;0;0;0;1;1;0;2;-6,74208503;-41,72373164;"SPRF-PI";"DEL04-PI";"UOP02-DEL04-PI"
291584;2020-06-23;"terça-feira";"14:00:00";"PA";316;105;"SANTA MARIA DO PARA";"Não guardar distância de segurança";"Colisão traseira";"Com Vítimas Feridas";"Pleno dia";"Decrescente";"Céu Claro";"Simples";"Curva";"Não";3;0;1;0;1;1;1;3;-1,34280151;-47,55991892;"SPRF-PA";"DEL01-PA";"UOP02-DEL01-PA"
291585;2020-06-23;"terça-feira";"10:30:00";"MA";316;530,2;"CAXIAS";"Defeito Mecânico no Veículo";"Incêndio";"Sem Vítimas";"Pleno dia";"Decrescente";"Céu Claro";"Simples";"Reta";"Não";1;0;0;0;0;1;0;1;-4,822215;-43,528576;"SPRF-MA";"DEL03-MA";"UOP02-DEL03-MA"
291587;2020-06-23;"terça-feira";"15:00:00";"PE";232;210;"PESQUEIRA";"Falta de Atenção à Condução";"Colisão traseira";"Sem Vítimas";"Pleno dia";"Crescente";"Céu Claro";"Simples";"Reta";"Sim";2;0;0;0;1;1;0;2;-8,36537624;-36,69766903;"SPRF-PE";"DEL02-PE";"UOP03-DEL02-PE"
291589;2020-06-23;"terça-feira";"17:10:00";"SC";101;45;"JOINVILLE";"Falta de Atenção à Condução";"Colisão transversal";"Com Vítimas Feridas";"Pleno dia";"Crescente";"Céu Claro";"Simples";"Reta";"Sim";2;0;1;0;1;0;1;2;-26,32214492;-48,8689509;"SPRF-SC";"DEL03-SC";"UOP01-DEL03-SC"
291590;2020-06-23;"terça-feira";"17:00:00";"MG";40;644,6;"CRISTIANO OTONI";"Falta de Atenção à Condução";"Tombamento";"Com Vítimas Feridas";"Pleno dia";"Crescente";"Céu Claro";"Simples";"Reta";"Não";1;0;1;0;0;0;1;1;-20,77352989;-43,80923618;"SPRF-MG";"DEL05-MG";"UOP02-DEL05-MG"
291592;2020-06-23;"terça-feira";"17:20:00";"SC";470;70;"INDAIAL";"Falta de Atenção à Condução";"Colisão traseira";"Com Vítimas Feridas";"Pleno dia";"Decrescente";"Céu Claro";"Simples";"Em Obras";"Sim";2;0;0;1;1;0;1;2;-26,889374;-49,254478;"SPRF-SC";"DEL04-SC";"UOP01-DEL04-SC"
291593;2020-06-23;"terça-feira";"16:35:00";"PE";232;356,8;"FLORES";"Agressão Externa";"Danos eventuais";"Sem Vítimas";"Pleno dia";"Decrescente";"Nublado";"Simples";"Reta";"Não";2;0;0;0;2;0;0;1;-8,04849067;-37,84054579;"SPRF-PE";"DEL04-PE";"UOP01-DEL04-PE"
291594;2020-06-23;"terça-feira";"17:25:00";"PE";101;46,8;"IGARASSU";"Falta de Atenção à Condução";"Colisão transversal";"Sem Vítimas";"Anoitecer";"Decrescente";"Nublado";"Múltipla";"Retorno Regulamentado";"Sim";2;0;0;0;2;0;0;2;-7,87406004;-34,90588126;"SPRF-PE";"DEL01-PE";"UOP02-DEL01-PE"
291595;2020-06-23;"terça-feira";"17:30:00";"SP";116;100,6;"PINDAMONHANGABA";"Defeito Mecânico no Veículo";"Tombamento";"Com Vítimas Feridas";"Anoitecer";"Decrescente";"Céu Claro";"Dupla";"Reta";"Não";2;0;2;0;0;0;2;1;-22,986552;-45,47276;"SPRF-SP";"DEL06-SP";"UOP01-DEL06-SP"
291596;2020-06-23;"terça-feira";"17:30:00";"BA";116;360;"SERRINHA";"Falta de Atenção à Condução";"Colisão transversal";"Com Vítimas Feridas";"Anoitecer";"Decrescente";"Nublado";"Simples";"Reta";"Não";3;0;3;0;0;0;3;2;-11,67414115;-38,99714822;"SPRF-BA";"DEL02-BA";"UOP01-DEL02-BA"
291598;2020-06-23;"terça-feira";"16:10:00";"PB";104;57,6;"BARRA DE SANTA ROSA";"Falta de Atenção à Condução";"Colisão lateral";"Sem Vítimas";"Pleno dia";"Decrescente";"Sol";"Simples";"Declive;Reta";"Não";5;0;0;0;5;0;0;2;-6,7868688;-35,96733682;"SPRF-PB";"DEL02-PB";"UOP04-DEL02-PB"
291599;2020-06-23;"terça-feira";"17:40:00";"PB";101;89,1;"JOAO PESSOA";"Falta de Atenção à Condução";"Colisão transversal";"Com Vítimas Feridas";"Anoitecer";"Decrescente";"Nublado";"Dupla";"Reta";"Não";2;0;1;0;0;1;1;2;-7,1710694;-34,89765372;"SPRF-PB";"DEL01-PB";"UOP02-DEL01-PB"
291600;2020-06-23;"terça-feira";"18:00:00";"SC";280;55;"GUARAMIRIM";"Falta de Atenção à Condução";"Colisão transversal";"Com Vítimas Feridas";"Plena Noite";"Crescente";"Nublado";"Simples";"Reta";"Sim";3;0;1;0;2;0;1;2;-26,47584353;-48,9937858;"SPRF-SC";"DEL03-SC";"UOP03-DEL03-SC"
291602;2020-06-23;"terça-feira";"18:30:00";"RS";392;351;"SANTA MARIA";"Falta de Atenção do Pedestre";"Atropelamento de Pedestre";"Com Vítimas Feridas";"Plena Noite";"Decrescente";"Céu Claro";"Simples";"Aclive;Reta";"Sim";3;0;1;0;2;0;1;2;-29,7284269;-53,80323691;"SPRF-RS";"DEL09-RS";"UOP01-DEL09-RS"
291603;2020-06-23;"terça-feira";"18:25:00";"AP";210;2;"MACAPA";"Desobediência às normas de trânsito pelo condutor";"Colisão lateral";"Com Vítimas Feridas";"Anoitecer";"Crescente";"Céu Claro";"Dupla";"Retorno Regulamentado";"Sim";3;0;0;1;2;0;1;2;0,08282017;-51,07776189;"SPRF-AP";"DEL01-AP";"UOP01-DEL01-AP"
291604;2020-06-23;"terça-feira";"18:35:00";"RJ";101;58;"CAMPOS DOS GOYTACAZES";"Falta de Atenção à Condução";"Colisão traseira";"Com Vítimas Feridas";"Plena Noite";"Crescente";"Céu Claro";"Simples";"Reta";"Sim";2;0;1;0;1;0;1;2;-21,70488703;-41,30979616;"SPRF-RJ";"DEL08-RJ";"UOP01-DEL08-RJ"
291605;2020-06-23;"terça-feira";"18:30:00";"AL";423;77,3;"AGUA BRANCA";"Desobediência às normas de trânsito pelo condutor";"Colisão transversal";"Com Vítimas Feridas";"Plena Noite";"Crescente";"Céu Claro";"Simples";"Reta";"Não";2;0;0;1;1;0;1;2;-9,32172283;-37,96002106;"SPRF-AL";"DEL03-AL";"UOP02-DEL03-AL"
291607;2020-06-23;"terça-feira";"18:10:00";"CE";116;503;"BREJO SANTO";"Ingestão de Álcool";"Colisão frontal";"Com Vítimas Feridas";"Plena Noite";"Crescente";"Céu Claro";"Simples";"Reta";"Sim";4;0;1;0;3;0;1;2;-7,47110898;-38,97880207;"SPRF-CE";"DEL05-CE";"UOP03-DEL05-CE"
291608;2020-06-23;"terça-feira";"10:00:00";"SC";101;364;"SANGAO";"Defeito Mecânico no Veículo";"Incêndio";"Sem Vítimas";"Pleno dia";"Crescente";"Céu Claro";"Dupla";"Reta";"Não";1;0;0;0;0;1;0;1;-28,67821759;-49,13926425;"SPRF-SC";"DEL02-SC";"UOP01-DEL02-SC"
291613;2020-06-23;"terça-feira";"18:15:00";"RO";364;710;"PORTO VELHO";"Falta de Atenção do Pedestre";"Atropelamento de Pedestre";"Com Vítimas Feridas";"Anoitecer";"Decrescente";"Céu Claro";"Simples";"Reta";"Sim";2;0;2;0;0;0;2;2;-8,78814226;-63,85443807;"SPRF-RO";"DEL01-RO";"UOP01-DEL01-RO"
291614;2020-06-23;"terça-feira";"18:45:00";"PE";232;49,9;"VITORIA DE SANTO ANTAO";"Falta de Atenção à Condução";"Colisão transversal";"Com Vítimas Feridas";"Plena Noite";"Crescente";"Céu Claro";"Dupla";"Retorno Regulamentado";"Sim";3;0;1;0;2;0;1;2;-8,143676;-35,314419;"SPRF-PE";"DEL02-PE";"UOP02-DEL02PE"
291617;2020-06-23;"terça-feira";"18:05:00";"AL";316;154,5;"PALMEIRA DOS INDIOS";"Desobediência às normas de trânsito pelo condutor";"Colisão frontal";"Com Vítimas Feridas";"Plena Noite";"Crescente";"Céu Claro";"Simples";"Interseção de Vias";"Sim";3;0;2;0;1;0;2;2;-9,42899537;-36,63751602;"SPRF-AL";"DEL03-AL";"UOP01-DEL03-AL"
291618;2020-06-23;"terça-feira";"17:45:00";"CE";222;211,8;"FORQUILHA";"Desobediência às normas de trânsito pelo condutor";"Atropelamento de Pedestre";"Com Vítimas Feridas";"Anoitecer";"Crescente";"Céu Claro";"Simples";"Curva";"Não";2;0;1;1;0;0;2;2;-3,794107;-40,275047;"SPRF-CE";"DEL04-CE";"UOP01-DEL04-CE"
291621;2020-06-23;"terça-feira";"20:00:00";"PB";101;86;"BAYEUX";"Desobediência às normas de trânsito pelo condutor";"Colisão traseira";"Com Vítimas Feridas";"Plena Noite";"Crescente";"Céu Claro";"Dupla";"Reta";"Sim";2;0;1;0;0;1;1;2;-7,15118983;-34,91012184;"SPRF-PB";"DEL01-PB";"UOP01-DEL01-PB"
291622;2020-06-23;"terça-feira";"20:15:00";"SE";235;33,8;"AREIA BRANCA";"Ingestão de Álcool";"Colisão frontal";"Com Vítimas Feridas";"Plena Noite";"Crescente";"Nublado";"Simples";"Curva";"Sim";4;0;1;0;3;0;1;2;-10,762641;-37,30447;"SPRF-SE";"DEL01-SE";"UOP02-DEL01-SE"
291623;2020-06-23;"terça-feira";"18:45:00";"MG";116;113,3;"ITAOBIM";"Animais na Pista";"Atropelamento de Animal";"Com Vítimas Feridas";"Plena Noite";"Crescente";"Céu Claro";"Simples";"Reta";"Não";1;0;1;0;0;0;1;1;-16,53940705;-41,50576515;"SPRF-MG";"DEL11-MG";"UOP02-DEL11-MG"
291628;2020-06-23;"terça-feira";"18:40:00";"BA";116;846,2;"VITORIA DA CONQUISTA";"Falta de Atenção à Condução";"Colisão transversal";"Com Vítimas Feridas";"Plena Noite";"Crescente";"Nublado";"Simples";"Reta";"Não";2;0;1;0;0;1;1;2;-14,96159687;-40,9065022;"SPRF-BA";"DEL08-BA";"UOP03-DEL08-BA"
291629;2020-06-23;"terça-feira";"20:40:00";"ES";101;133;"LINHARES";"Falta de Atenção à Condução";"Colisão com objeto estático";"Com Vítimas Feridas";"Plena Noite";"Crescente";"Céu Claro";"Simples";"Reta";"Não";3;0;1;0;2;0;1;2;-19,25700702;-40,08983616;"SPRF-ES";"DEL04-ES";"UOP01-DEL04-ES"
291630;2020-06-23;"terça-feira";"20:00:00";"GO";60;103,7;"ANAPOLIS";"Defeito Mecânico no Veículo";"Incêndio";"Sem Vítimas";"Plena Noite";"Crescente";"Céu Claro";"Dupla";"Reta";"Não";1;0;0;0;1;0;0;1;-16,4098;-48,9913;"SPRF-GO";"DEL02-GO";"UOP01-DEL02-GO"
291631;2020-06-23;"terça-feira";"18:20:00";"AC";364;129;"RIO BRANCO";"Defeito na Via";"Queda de ocupante de veículo";"Com Vítimas Feridas";"Plena Noite";"Crescente";"Céu Claro";"Dupla";"Reta";"Sim";1;0;0;1;0;0;1;1;-10,02882024;-67,82932804;"SPRF-AC";"DEL01-AC";"UOP01-DEL01-AC"
291633;2020-06-23;"terça-feira";"18:00:00";"SC";480;124;"CHAPECO";"Falta de Atenção à Condução";"Colisão frontal";"Com Vítimas Feridas";"Plena Noite";"Crescente";"Céu Claro";"Simples";"Reta";"Não";2;0;0;1;1;0;1;2;-27,00359519;-52,64391044;"SPRF-SC";"DEL07-SC";"UOP01-DEL07-SC"
291634;2020-06-23;"terça-feira";"20:15:00";"RS";116;245,5;"SAO LEOPOLDO";"Falta de Atenção do Pedestre";"Atropelamento de Pedestre";"Com Vítimas Feridas";"Plena Noite";"Crescente";"Céu Claro";"Dupla";"Reta";"Sim";3;0;2;1;0;0;3;2;-29,74980902;-51,15125361;"SPRF-RS";"DEL01-RS";"UOP02-DEL01-RS"
291635;2020-06-23;"terça-feira";"19:30:00";"AL";104;27;"UNIAO DOS PALMARES";"Pista Escorregadia";"Saída de leito carroçável";"Sem Vítimas";"Plena Noite";"Decrescente";"Garoa/Chuvisco";"Simples";"Curva";"Não";1;0;0;0;1;0;0;1;-9,1067628;-36,05271491;"SPRF-AL";"DEL01-AL";"UOP02-DEL01-AL"
291640;2020-06-23;"terça-feira";"06:30:00";"MA";135;12;"SAO LUIS";"Defeito Mecânico no Veículo";"Incêndio";"Sem Vítimas";"Pleno dia";"Crescente";"Sol";"Dupla";"Reta";"Sim";1;0;0;0;1;0;0;1;-2,67223553;-44,29173767;"SPRF-MA";"DEL01-MA";"UOP01-DEL01-MA"
291641;2020-06-23;"terça-feira";"21:45:00";"SP";116;283,6;"EMBU DAS ARTES";"Desobediência às normas de trânsito pelo condutor";"Colisão frontal";"Com Vítimas Feridas";"Plena Noite";"Decrescente";"Céu Claro";"Dupla";"Interseção de Vias;Reta";"Sim";2;0;0;2;0;0;2;2;-23,67588303;-46,85652148;"SPRF-SP";"DEL04-SP";"UOP01-DEL04-SP"
291643;2020-06-23;"terça-feira";"21:40:00";"PE";232;5;"RECIFE";"Velocidade Incompatível";"Engavetamento";"Sem Vítimas";"Plena Noite";"Crescente";"Céu Claro";"Dupla";"Reta";"Sim";5;0;0;0;4;1;0;3;-8,06795766;-34,94535414;"SPRF-PE";"DEL01-PE";"UOP01-DEL01-PE"
291644;2020-06-23;"terça-feira";"21:30:00";"PR";277;724;"FOZ DO IGUACU";"Ingestão de Álcool";"Saída de leito carroçável";"Sem Vítimas";"Plena Noite";"Decrescente";"Céu Claro";"Dupla";"Reta";"Sim";1;0;0;0;0;1;0;1;-25,50257577;-54,53868311;"SPRF-PR";"DEL05-PR";"UOP01-DEL05-PR"
291646;2020-06-23;"terça-feira";"21:10:00";"PE";232;24;"MORENO";"Defeito na Via";"Colisão com objeto estático";"Com Vítimas Feridas";"Plena Noite";"Crescente";"Céu Claro";"Dupla";"Reta";"Não";1;0;1;0;0;0;1;1;-8,10482918;-35,10351264;"SPRF-PE";"DEL02-PE";"UOP02-DEL02PE"
291649;2020-06-23;"terça-feira";"23:20:00";"MG";50;175,2;"UBERABA";"Ingestão de Álcool";"Saída de leito carroçável";"Sem Vítimas";"Plena Noite";"Crescente";"Céu Claro";"Simples";"Curva;Declive";"Sim";2;0;0;0;2;0;0;1;-19,77880359;-47,9695118;"SPRF-MG";"DEL13-MG";"UOP01-DEL13-MG"
291657;2020-06-24;"quarta-feira";"05:00:00";"PB";101;84,5;"BAYEUX";"Ingestão de Álcool";"Saída de leito carroçável";"Sem Vítimas";"Amanhecer";"Crescente";"Céu Claro";"Dupla";"Reta";"Sim";1;0;0;0;0;1;0;1;-7,14377495;-34,91854191;"SPRF-PB";"DEL01-PB";"UOP01-DEL01-PB"
291658;2020-06-23;"terça-feira";"21:35:00";"RO";435;85;"COLORADO DO OESTE";"Falta de Atenção à Condução";"Colisão com objeto estático";"Com Vítimas Feridas";"Plena Noite";"Crescente";"Céu Claro";"Simples";"Reta";"Sim";2;0;1;0;1;0;1;2;-13,11884911;-60,53173398;"SPRF-RO";"DEL04-RO";"UOP02-DEL04-RO"
291659;2020-06-24;"quarta-feira";"05:50:00";"MG";365;647,2;"UBERLANDIA";"Falta de Atenção à Condução";"Colisão com objeto estático";"Sem Vítimas";"Amanhecer";"Crescente";"Céu Claro";"Dupla";"Reta";"Não";1;0;0;0;1;0;0;1;-18,87453984;-48,53093797;"SPRF-MG";"DEL15-MG";"UOP01-DEL15-MG"
291660;2020-06-24;"quarta-feira";"05:40:00";"SP";116;111,4;"TAUBATE";"Falta de Atenção à Condução";"Queda de ocupante de veículo";"Com Vítimas Feridas";"Amanhecer";"Crescente";"Céu Claro";"Dupla";"Reta";"Sim";2;0;2;0;0;0;2;2;-23,03887149;-45,56097419;"SPRF-SP";"DEL06-SP";"UOP01-DEL06-SP"