"id";"data_inversa";"dia_semana";"horario";"uf";"br";"km";"municipio";"causa_acidente";"tipo_acidente";"classificacao_acidente";"fase_dia";"sentido_via";"condicao_metereologica";"tipo_pista";"tracado_via";"uso_solo";"pessoas";"mortos";"feridos_leves";"feridos_graves";"ilesos";"ignorados";"feridos";"veiculos";"latitude";"longitude";"regional";"delegacia";"uop"
291663;2020-06-23;"terça-feira";"22:30:00";"SC";470;66;"INDAIAL";"Falta de Atenção à Condução";"Tombamento";"Com Vítimas Feridas";"Plena Noite";"Decrescente";"Nublado";"Simples";"Reta";"Sim";1;0;1;0;0;0;1;1;-26,870407;-49,221844;"SPRF-SC";"DEL04-SC";"UOP01-DEL04-SC"
291664;2020-06-24;"quarta-feira";"06:40:00";"BA";324;622;"SALVADOR";"Ingestão de Álcool";"Colisão traseira";"Sem Vítimas";"Pleno dia";"Decrescente";"Nublado";"Múltipla";"Reta";"Sim";2;0;0;0;2;0;0;2;-12,91888605;-38,46502095;"SPRF-BA";"DEL01-BA";"UOP01-DEL01-BA"
291665;2020-06-24;"quarta-feira";"07:00:00";"SC";470;57,5;"BLUMENAU";"Desobediência às normas de trânsito pelo condutor";"Colisão transversal";"Com Vítimas Feridas";"Pleno dia";"Decrescente";"Nublado";"Simples";"Rotatória";"Sim";3;0;2;0;1;0;2;2;-26,880428;-49,136532;"SPRF-SC";"DEL04-SC";"UOP01-DEL04-SC"
291666;2020-06-24;"quarta-feira";"07:00:00";"SC";282;1,5;"FLORIANOPOLIS";"Falta de Atenção à Condução";"Colisão traseira";"Com Vítimas Feridas";"Pleno dia";"Decrescente";"Sol";"Múltipla";"Curva";"Sim";4;0;1;0;3;0;1;3;-27,60375031;-48,58426809;"SPRF-SC";"DEL01-SC";"UOP01-DEL01-SC"
291668;2020-06-24;"quarta-feira";"05:55:00";"SC";280;220,1;"TRES BARRAS";"Condutor Dormindo";"Saída de leito carroçável";"Com Vítimas Feridas";"Amanhecer";"Crescente";"Céu Claro";"Simples";"Rotatória";"Não";1;0;1;0;0;0;1;1;-26,17118856;-50,26466388;"SPRF-SC";"DEL06-SC";"UOP04-DEL06-SC"
291669;2020-06-24;"quarta-feira";"07:30:00";"PR";116;146;"MANDIRITUBA";"Falta de Atenção à Condução";"Queda de ocupante de veículo";"Com Vítimas Feridas";"Pleno dia";"Decrescente";"Céu Claro";"Múltipla";"Reta";"Não";1;0;1;0;0;0;1;1;-25,78172684;-49,32535079;"SPRF-PR";"DEL01-PR";"UOP03-DEL01-PR"
291670;2020-06-24;"quarta-feira";"06:50:00";"PR";467;95,8;"CASCAVEL";"Objeto estático sobre o leito carroçável";"Capotamento";"Com Vítimas Feridas";"Amanhecer";"Crescente";"Céu Claro";"Dupla";"Curva";"Não";2;0;1;0;1;0;1;1;-24,8675;-53,5694;"SPRF-PR";"DEL04-PR";"UOP01-DEL04-PR"
291671;2020-06-24;"quarta-feira";"06:50:00";"ES";393;23;"MUQUI";"Animais na Pista";"Atropelamento de Animal";"Com Vítimas Feridas";"Amanhecer";"Decrescente";"Céu Claro";"Simples";"Curva";"Não";1;0;1;0;0;0;1;1;-20,94057167;-41,33099715;"SPRF-ES";"DEL03-ES";"UOP02-DEL03-ES"
291672;2020-06-24;"quarta-feira";"07:50:00";"SC";101;207,8;"SAO JOSE";"Falta de Atenção à Condução";"Colisão lateral";"Com Vítimas Feridas";"Pleno dia";"Decrescente";"Céu Claro";"Dupla";"Reta";"Sim";2;0;1;0;1;0;1;2;-27,60001226;-48,6226467;"SPRF-SC";"DEL01-SC";"UOP01-DEL01-SC"
291673;2020-06-24;"quarta-feira";"07:35:00";"RJ";101;308;"SAO GONCALO";"Defeito Mecânico no Veículo";"Colisão com objeto estático";"Com Vítimas Feridas";"Pleno dia";"Decrescente";"Céu Claro";"Dupla";"Reta";"Sim";2;0;2;0;0;0;2;1;-22,79336325;-43,02503586;"SPRF-RJ";"DEL02-RJ";"UOP02-DEL02-RJ"
291675;2020-06-24;"quarta-feira";"07:33:00";"MG";381;589,5;"CARMOPOLIS DE MINAS";"Falta de Atenção do Pedestre";"Atropelamento de Pedestre";"Com Vítimas Feridas";"Pleno dia";"Crescente";"Céu Claro";"Simples";"Reta";"Sim";4;0;2;0;1;1;2;2;-20,56175976;-44,66523212;"SPRF-MG";"DEL04-MG";"UOP01-DEL04-MG"
291677;2020-06-24;"quarta-feira";"07:40:00";"SC";101;115;"ITAJAI";"Não guardar distância de segurança";"Tombamento";"Com Vítimas Feridas";"Pleno dia";"Crescente";"Sol";"Múltipla";"Reta";"Sim";1;0;1;0;0;0;1;1;-26,87064015;-48,72954134;"SPRF-SC";"DEL04-SC";"UOP04-DEL04-SC"
291678;2020-06-24;"quarta-feira";"08:35:00";"MG";381;493,1;"BETIM";"Falta de Atenção à Condução";"Colisão lateral";"Com Vítimas Feridas";"Pleno dia";"Decrescente";"Céu Claro";"Múltipla";"Reta";"Sim";2;0;1;0;1;0;1;1;-19,97670801;-44,19962698;"SPRF-MG";"DEL01-MG";"UOP03-DEL01-MG"
291682;2020-06-08;"segunda-feira";"21:15:00";"GO";60;32;"ALEXANIA";"Desobediência às normas de trânsito pelo condutor";"Atropelamento de Pedestre";"Com Vítimas Feridas";"Plena Noite";"Decrescente";"Céu Claro";"Dupla";"Reta";"Sim";2;0;0;1;1;0;1;2;-16,0963;-48,5202;"SPRF-DF";"DEL03-DF";"UOP01-DEL03-DF"
291683;2020-06-24;"quarta-feira";"09:40:00";"RS";285;373,3;"SALDANHA MARINHO";"Falta de Atenção à Condução";"Colisão transversal";"Com Vítimas Feridas";"Pleno dia";"Decrescente";"Sol";"Simples";"Rotatória";"Sim";2;0;1;0;1;0;1;2;-28,409752;-53,091801;"SPRF-RS";"DEL10-RS";"UOP02-DEL10-RS"
291685;2020-06-24;"quarta-feira";"09:30:00";"MG";251;469,6;"FRANCISCO SA";"Velocidade Incompatível";"Tombamento";"Com Vítimas Feridas";"Pleno dia";"Crescente";"Céu Claro";"Simples";"Curva";"Não";1;0;0;1;0;0;1;1;-16,47846186;-43,41953476;"SPRF-MG";"DEL12-MG";"UOP01-DEL12-MG"
291686;2020-06-24;"quarta-feira";"08:00:00";"SC";101;198,7;"BIGUACU";"Falta de Atenção à Condução";"Colisão traseira";"Com Vítimas Feridas";"Pleno dia";"Crescente";"Sol";"Múltipla";"Reta";"Sim";2;0;1;0;1;0;1;2;-27,53246763;-48,63158762;"SPRF-SC";"DEL01-SC";"UOP01-DEL01-SC"
291687;2020-06-24;"quarta-feira";"09:20:00";"RS";392;74,3;"PELOTAS";"Mal Súbito";"Saída de leito carroçável";"Com Vítimas Feridas";"Pleno dia";"Decrescente";"Céu Claro";"Simples";"Reta";"Não";1;0;1;0;0;0;1;1;-31,70783921;-52,40358613;"SPRF-RS";"DEL07-RS";"UOP01-DEL07-RS"
291688;2020-06-24;"quarta-feira";"08:15:00";"SP";116;276;"EMBU DAS ARTES";"Falta de Atenção à Condução";"Tombamento";"Com Vítimas Feridas";"Pleno dia";"Crescente";"Céu Claro";"Dupla";"Reta";"Sim";2;0;1;0;1;0;1;2;-23,64262417;-46,83811382;"SPRF-SP";"DEL04-SP";"UOP01-DEL04-SP"
291689;2020-06-24;"quarta-feira";"09:30:00";"RS";285;22,1;"SAO JOSE DOS AUSENTES";"Falta de Atenção à Condução";"Saída de leito carroçável";"Com Vítimas Feridas";"Pleno dia";"Crescente";"Céu Claro";"Simples";"Reta";"Não";2;0;1;0;1;0;1;1;-28,73679;-50,114048;"SPRF-RS";"DEL05-RS";"UOP03-DEL05-RS"
291691;2020-06-17;"quarta-feira";"14:20:00";"MG";40;680,5;"RESSAQUINHA";"Falta de Atenção à Condução";"Saída de leito carroçável";"Com Vítimas Feridas";"Pleno dia";"Decrescente";"Céu Claro";"Dupla";"Curva";"Não";1;0;0;1;0;0;1;1;-21,04445783;-43,76046181;"SPRF-MG";"DEL05-MG";"UOP02-DEL05-MG"
291694;2020-06-24;"quarta-feira";"08:40:00";"RJ";116;109;"MAGE";"Defeito Mecânico no Veículo";"Incêndio";"Sem Vítimas";"Pleno dia";"Crescente";"Céu Claro";"Dupla";"Reta";"Não";1;0;0;0;1;0;0;1;-22,59299127;-43,02234128;"SPRF-RJ";"DEL04-RJ";"UOP02-DEL04-RJ"
291696;2020-06-24;"quarta-feira";"11:10:00";"PE";101;134,2;"ESCADA";"Condutor Dormindo";"Colisão com objeto estático";"Com Vítimas Feridas";"Pleno dia";"Crescente";"Céu Claro";"Dupla";"Reta";"Não";2;0;0;2;0;0;2;1;-8,409699;-35,286207;"SPRF-PE";"DEL01-PE";"UOP03-DEL01-PE"
291698;2020-06-24;"quarta-feira";"11:35:00";"ES";101;289,5;"CARIACICA";"Velocidade Incompatível";"Colisão traseira";"Com Vítimas Feridas";"Pleno dia";"Decrescente";"Céu Claro";"Dupla";"Declive";"Não";4;0;1;1;1;1;2;3;-20,28029304;-40,39302931;"SPRF-ES";"DEL01-ES";"UOP01-DEL01-ES"
291699;2020-06-24;"quarta-feira";"11:40:00";"MG";381;490,1;"BETIM";"Defeito Mecânico no Veículo";"Queda de ocupante de veículo";"Com Vítimas Feridas";"Pleno dia";"Decrescente";"Céu Claro";"Dupla";"Reta";"Sim";1;0;1;0;0;0;1;1;-19,96502819;-44,17422195;"SPRF-MG";"DEL01-MG";"UOP03-DEL01-MG"
291701;2020-06-24;"quarta-feira";"12:25:00";"PR";277;298,1;"PRUDENTOPOLIS";"Falta de Atenção à Condução";"Queda de ocupante de veículo";"Com Vítimas Feridas";"Pleno dia";"Decrescente";"Sol";"Simples";"Curva";"Não";1;0;1;0;0;0;1;1;-25,29250871;-51,13208771;"SPRF-PR";"DEL08-PR";"UOP01-DEL08-PR"
291703;2020-06-24;"quarta-feira";"11:35:00";"MG";116;413,3;"GOVERNADOR VALADARES";"Falta de Atenção à Condução";"Colisão frontal";"Com Vítimas Feridas";"Pleno dia";"Decrescente";"Céu Claro";"Simples";"Reta";"Sim";2;0;1;0;1;0;1;2;-18,873907;-41,966366;"SPRF-MG";"DEL06-MG";"UOP01-DEL06-MG"
291707;2020-06-24;"quarta-feira";"11:00:00";"MG";381;453;"SABARA";"Falta de Atenção à Condução";"Colisão lateral";"Com Vítimas Feridas";"Pleno dia";"Decrescente";"Céu Claro";"Simples";"Reta";"Sim";3;0;2;0;1;0;2;2;-19,82484973;-43,83338928;"SPRF-MG";"DEL01-MG";"UOP01-DEL01-MG"
291708;2020-06-24;"quarta-feira";"10:00:00";"PB";230;23,9;"JOAO PESSOA";"Desobediência às normas de trânsito pelo condutor";"Colisão lateral";"Sem Vítimas";"Pleno dia";"Decrescente";"Sol";"Dupla";"Viaduto";"Sim";2;0;0;0;1;1;0;2;-7,1562;-34,8574;"SPRF-PB";"DEL01-PB";"UOP01-DEL01-PB"
291709;2020-06-24;"quarta-feira";"10:15:00";"PB";230;17,2;"JOAO PESSOA";"Desobediência às normas de trânsito pelo condutor";"Colisão transversal";"Com Vítimas Feridas";"Pleno dia";"Crescente";"Sol";"Dupla";"Retorno Regulamentado";"Sim";2;0;1;0;0;1;1;2;-7,11608021;-34,8421008;"SPRF-PB";"DEL01-PB";"UOP01-DEL01-PB"
291711;2020-06-24;"quarta-feira";"08:50:00";"SC";101;213,2;"PALHOCA";"Falta de Atenção à Condução";"Colisão traseira";"Com Vítimas Feridas";"Pleno dia";"Decrescente";"Céu Claro";"Simples";"Reta";"Não";3;0;1;1;1;0;2;2;-27,638927;-48,666203;"SPRF-SC";"DEL01-SC";"UOP02-DEL01-SC"
291714;2020-06-24;"quarta-feira";"14:50:00";"PE";101;58,5;"RECIFE";"Falta de Atenção à Condução";"Colisão traseira";"Com Vítimas Fatais";"Pleno dia";"Decrescente";"Céu Claro";"Múltipla";"Aclive;Curva";"Não";3;1;0;1;1;0;1;2;-7,97063209;-34,92064675;"SPRF-PE";"DEL01-PE";"UOP02-DEL01-PE"
291715;2020-06-24;"quarta-feira";"15:00:00";"PR";277;228;"FERNANDES PINHEIRO";"Objeto estático sobre o leito carroçável";"Queda de ocupante de veículo";"Com Vítimas Feridas";"Pleno dia";"Crescente";"Céu Claro";"Simples";"Reta";"Não";1;0;1;0;0;0;1;1;-25,45236272;-50,45231701;"SPRF-PR";"DEL03-PR";"UOP03-DEL03-PR"
291716;2020-06-24;"quarta-feira";"14:40:00";"PE";101;31,7;"ITAPISSUMA";"Falta de Atenção à Condução";"Colisão traseira";"Com Vítimas Feridas";"Pleno dia";"Decrescente";"Sol";"Dupla";"Reta";"Sim";2;0;2;0;0;0;2;2;-7,74443874;-34,93872764;"SPRF-PE";"DEL01-PE";"UOP02-DEL01-PE"
291717;2020-06-24;"quarta-feira";"12:20:00";"MA";135;21,8;"SAO LUIS";"Desobediência às normas de trânsito pelo condutor";"Colisão traseira";"Com Vítimas Feridas";"Pleno dia";"Crescente";"Céu Claro";"Dupla";"Retorno Regulamentado";"Sim";4;0;1;0;3;0;1;2;-2,56252171;-44,31646585;"SPRF-MA";"DEL01-MA";"UOP01-DEL01-MA"
291718;2020-06-24;"quarta-feira";"14:45:00";"MG";381;688,9;"LAVRAS";"Defeito Mecânico no Veículo";"Saída de leito carroçável";"Com Vítimas Feridas";"Pleno dia";"Crescente";"Sol";"Dupla";"Reta;Aclive";"Não";3;0;3;0;0;0;3;1;-21,21737985;-45,1265452;"SPRF-MG";"DEL04-MG";"UOP02-DEL04-MG"
291719;2020-06-24;"quarta-feira";"14:00:00";"MG";356;278,7;"EUGENOPOLIS";"Falta de Atenção à Condução";"Colisão transversal";"Com Vítimas Feridas";"Pleno dia";"Decrescente";"Sol";"Simples";"Reta";"Não";2;0;1;0;1;0;1;2;-21,12646716;-42,26316902;"SPRF-MG";"DEL07-MG";"UOP02-DEL07-MG"
291720;2020-06-24;"quarta-feira";"12:50:00";"BA";242;207;"ITABERABA";"Defeito na Via";"Colisão traseira";"Sem Vítimas";"Pleno dia";"Crescente";"Céu Claro";"Simples";"Reta";"Não";2;0;0;0;2;0;0;2;-12,52065825;-40,113627;"SPRF-BA";"DEL06-BA";"UOP02-DEL06-BA"
291722;2020-06-24;"quarta-feira";"14:00:00";"PB";230;194,3;"POCINHOS";"Ingestão de Álcool";"Saída de leito carroçável";"Com Vítimas Feridas";"Pleno dia";"Decrescente";"Céu Claro";"Simples";"Reta";"Não";1;0;1;0;0;0;1;1;-7,1226;-36,1868;"SPRF-PB";"DEL02-PB";"UOP02-DEL02-PB"
291723;2020-06-24;"quarta-feira";"14:30:00";"ES";262;100,9;"VENDA NOVA DO IMIGRANTE";"Falta de Atenção à Condução";"Colisão com objeto estático";"Com Vítimas Feridas";"Pleno dia";"Crescente";"Sol";"Simples";"Curva";"Não";2;0;0;2;0;0;2;1;-20,34889991;-41,102073;"SPRF-ES";"DEL01-ES";"UOP02-DEL01-ES"
291725;2020-06-24;"quarta-feira";"15:30:00";"PE";104;83;"AGRESTINA";"Condutor Dormindo";"Colisão frontal";"Com Vítimas Feridas";"Pleno dia";"Crescente";"Céu Claro";"Simples";"Reta";"Não";2;0;0;1;1;0;1;2;-8,422589;-35,963135;"SPRF-PE";"DEL02-PE";"UOP01-DEL02-PE"
291727;2020-06-24;"quarta-feira";"16:20:00";"SC";282;4;"FLORIANOPOLIS";"Falta de Atenção à Condução";"Colisão lateral";"Com Vítimas Feridas";"Pleno dia";"Decrescente";"Céu Claro";"Dupla";"Reta";"Sim";2;0;1;0;0;1;1;2;-27,592646;-48,604034;"SPRF-SC";"DEL01-SC";"UOP01-DEL01-SC"
291728;2020-06-24;"quarta-feira";"16:30:00";"DF";20;6;"BRASILIA";"Falta de Atenção à Condução";"Colisão lateral";"Com Vítimas Feridas";"Pleno dia";"Crescente";"Céu Claro";"Dupla";"Reta";"Sim";2;0;1;0;1;0;1;2;-15,665888;-47,808308;"SPRF-DF";"DEL02-DF";"UOP01-DEL02-DF"
291729;2020-06-24;"quarta-feira";"13:45:00";"AC";364;115;"RIO BRANCO";"Pista Escorregadia";"Tombamento";"Com Vítimas Feridas";"Pleno dia";"Decrescente";"Nublado";"Simples";"Rotatória";"Sim";2;0;1;1;0;0;2;1;-10,01315317;-67,7102;"SPRF-AC";"DEL01-AC";"UOP01-DEL01-AC"
291730;2020-06-24;"quarta-feira";"14:30:00";"BA";101;797;"ITAMARAJU";"Falta de Atenção à Condução";"Colisão traseira";"Com Vítimas Feridas";"Pleno dia";"Decrescente";"Céu Claro";"Simples";"Reta";"Não";2;0;1;0;1;0;1;2;-17,11496204;-39,56682453;"SPRF-BA";"DEL09-BA";"UOP01-DEL09-BA"
291731;2020-06-24;"quarta-feira";"16:00:00";"RS";290;37;"SANTO ANTONIO DA PATRULHA";"Falta de Atenção à Condução";"Saída de leito carroçável";"Com Vítimas Feridas";"Pleno dia";"Decrescente";"Céu Claro";"Dupla";"Reta";"Não";2;0;2;0;0;0;2;1;-29,885529;-50,62759;"SPRF-RS";"DEL03-RS";"UOP01-DEL03-RS"
291732;2020-06-24;"quarta-feira";"16:35:00";"SC";282;1,5;"FLORIANOPOLIS";"Desobediência às normas de trânsito pelo condutor";"Colisão lateral";"Com Vítimas Feridas";"Pleno dia";"Crescente";"Céu Claro";"Simples";"Reta";"Sim";2;0;1;0;1;0;1;2;-27,602955;-48,580509;"SPRF-SC";"DEL01-SC";"UOP01-DEL01-SC"
291733;2020-06-24;"quarta-feira";"15:45:00";"SC";280;131,9;"RIO NEGRINHO";"Velocidade Incompatível";"Colisão lateral";"Com Vítimas Feridas";"Pleno dia";"Decrescente";"Sol";"Simples";"Aclive;Reta";"Sim";2;0;0;1;1;0;1;2;-26,26946171;-49,55906868;"SPRF-SC";"DEL06-SC";"UOP03-DEL06-SC"
291734;2020-06-24;"quarta-feira";"17:15:00";"PB";230;27;"JOAO PESSOA";"Ingestão de Álcool";"Colisão com objeto estático";"Com Vítimas Feridas";"Anoitecer";"Decrescente";"Céu Claro";"Múltipla";"Viaduto";"Sim";1;0;1;0;0;0;1;1;-7,16578942;-34,89476681;"SPRF-PB";"DEL01-PB";"UOP01-DEL01-PB"
291735;2020-06-24;"quarta-feira";"16:10:00";"RO";174;14,7;"VILHENA";"Falta de Atenção à Condução";"Colisão transversal";"Com Vítimas Feridas";"Pleno dia";"Crescente";"Céu Claro";"Simples";"Interseção de Vias";"Sim";3;0;1;0;1;1;1;2;-12,73306632;-60,12981255;"SPRF-RO";"DEL04-RO";"UOP01-DEL04-RO"
291736;2020-06-24;"quarta-feira";"17:15:00";"GO";414;438;"ANAPOLIS";"Falta de Atenção do Pedestre";"Atropelamento de Pedestre";"Com Vítimas Feridas";"Pleno dia";"Crescente";"Céu Claro";"Simples";"Ponte";"Sim";2;0;1;0;1;0;1;2;-16,27247393;-48,94040427;"SPRF-GO";"DEL02-GO";"UOP01-DEL02-GO"
291737;2020-06-24;"quarta-feira";"15:35:00";"MS";262;567,5;"MIRANDA";"Defeito Mecânico no Veículo";"Saída de leito carroçável";"Com Vítimas Feridas";"Pleno dia";"Crescente";"Céu Claro";"Simples";"Reta";"Não";2;0;1;1;0;0;2;1;-20,19212398;-56,44855998;"SPRF-MS";"DEL03-MS";"UOP02-DEL03-MS"
291741;2020-06-24;"quarta-feira";"17:10:00";"SC";101;228,5;"PALHOCA";"Desobediência às normas de trânsito pelo condutor";"Atropelamento de Pedestre";"Com Vítimas Fatais";"Pleno dia";"Decrescente";"Céu Claro";"Múltipla";"Declive";"Sim";2;1;1;0;0;0;1;2;-27,7635756;-48,63042539;"SPRF-SC";"DEL01-SC";"UOP02-DEL01-SC"
291742;2020-06-24;"quarta-feira";"16:30:00";"MA";316;262;"SANTA INES";"Carga excessiva e/ou mal acondicionada";"Capotamento";"Com Vítimas Feridas";"Pleno dia";"Crescente";"Céu Claro";"Simples";"Reta";"Sim";3;0;1;2;0;0;3;1;-3,675505;-45,380474;"SPRF-MA";"DEL02-MA";"UOP01-DEL02-MA"
291743;2020-06-24;"quarta-feira";"16:45:00";"SC";101;205,5;"SAO JOSE";"Não guardar distância de segurança";"Colisão traseira";"Com Vítimas Feridas";"Pleno dia";"Crescente";"Céu Claro";"Dupla";"Reta";"Não";7;0;2;0;5;0;2;4;-27,58313237;-48,61532885;"SPRF-SC";"DEL01-SC";"UOP01-DEL01-SC"
291744;2020-06-24;"quarta-feira";"17:30:00";"PE";232;10,7;"JABOATAO DOS GUARARAPES";"Desobediência às normas de trânsito pelo pedestre";"Atropelamento de Pedestre";"Com Vítimas Feridas";"Anoitecer";"Decrescente";"Nublado";"Dupla";"Reta";"Sim";3;0;2;1;0;0;3;2;-8,07917241;-34,98718609;"SPRF-PE";"DEL01-PE";"UOP01-DEL01-PE"
291747;2020-06-24;"quarta-feira";"17:45:00";"PE";101;188,8;"PALMARES";"Falta de Atenção à Condução";"Saída de leito carroçável";"Com Vítimas Feridas";"Anoitecer";"Crescente";"Céu Claro";"Dupla";"Curva";"Sim";2;0;2;0;0;0;2;1;-8,6909807;-35,5954771;"SPRF-PE";"DEL01-PE";"UOP03-DEL01-PE"
291750;2020-06-24;"quarta-feira";"17:50:00";"RJ";356;27;"ITAPERUNA";"Falta de Atenção à Condução";"Colisão transversal";"Com Vítimas Feridas";"Anoitecer";"Crescente";"Céu Claro";"Simples";"Reta";"Não";2;0;1;0;1;0;1;2;-21,18163338;-41,94541519;"SPRF-RJ";"DEL08-RJ";"UOP03-DEL08-RJ"
291751;2020-06-24;"quarta-feira";"18:15:00";"GO";60;36;"GOIANIA";"Falta de Atenção à Condução";"Colisão traseira";"Com Vítimas Feridas";"Anoitecer";"Crescente";"Céu Claro";"Dupla";"Reta";"Sim";3;0;1;0;2;0;1;3;-16,6777;-49,2676;"SPRF-GO";"DEL01-GO";"UOP02-DEL01-GO"
291753;2020-06-24;"quarta-feira";"18:15:00";"PR";116;130;"MANDIRITUBA";"Ingestão de Álcool";"Capotamento";"Sem Vítimas";"Plena Noite";"Decrescente";"Ignorado";"Múltipla";"Reta";"Não";1;0;0;0;1;0;0;1;-25,77021385;-49,32106018;"SPRF-PR";"DEL01-PR";"UOP03-DEL01-PR"
291754;2020-06-24;"quarta-feira";"18:10:00";"ES";101;270,7;"SERRA";"Falta de Atenção à Condução";"Colisão transversal";"Com Vítimas Feridas";"Plena Noite";"Decrescente";"Nublado";"Múltipla";"Interseção de Vias";"Sim";2;0;1;0;1;0;1;2;-20,22662056;-40,27075088;"SPRF-ES";"DEL02-ES";"UOP01-DEL02-ES"
291755;2020-06-24;"quarta-feira";"18:30:00";"DF";20;6;"BRASILIA";"Falta de Atenção à Condução";"Colisão traseira";"Com Vítimas Feridas";"Plena Noite";"Crescente";"Céu Claro";"Dupla";"Reta";"Sim";3;0;1;0;1;1;1;2;-15,665888;-47,808308;"SPRF-DF";"DEL02-DF";"UOP01-DEL02-DF"
291762;2020-06-24;"quarta-feira";"17:10:00";"MG";262;418;"PARA DE MINAS";"Desobediência às normas de trânsito pelo condutor";"Colisão transversal";"Com Vítimas Feridas";"Pleno dia";"Decrescente";"Céu Claro";"Dupla";"Reta";"Não";2;0;0;1;1;0;1;2;-19,89963382;-44,69608755;"SPRF-MG";"DEL08-MG";"UOP03-DEL08-MG"
291763;2020-06-24;"quarta-feira";"18:30:00";"MG";381;281;"JAGUARACU";"Ultrapassagem Indevida";"Colisão frontal";"Sem Vítimas";"Plena Noite";"Decrescente";"Céu Claro";"Simples";"Reta;Em Obras";"Não";3;0;0;0;3;0;0;2;-19,61293798;-42,76905001;"SPRF-MG";"DEL03-MG";"UOP02-DEL03-MG"
291764;2020-06-24;"quarta-feira";"18:00:00";"RR";174;504;"BOA VISTA";"Falta de Atenção à Condução";"Colisão transversal";"Sem Vítimas";"Anoitecer";"Crescente";"Nublado";"Simples";"Viaduto";"Sim";2;0;0;0;2;0;0;2;2,81165466;-60,69168633;"SPRF-RR";"DEL01-RR";"UOP01-DEL01-RR"
291765;2020-06-24;"quarta-feira";"18:45:00";"RS";290;82;"CACHOEIRINHA";"Avarias e/ou desgaste excessivo no pneu";"Queda de ocupante de veículo";"Com Vítimas Feridas";"Plena Noite";"Decrescente";"Céu Claro";"Múltipla";"Reta";"Não";2;0;1;0;1;0;1;1;-29,95649621;-51,08041763;"SPRF-RS";"DEL01-RS";"UOP01-DEL01-RS"
291767;2020-06-24;"quarta-feira";"19:45:00";"SP";101;49;"UBATUBA";"Falta de Atenção à Condução";"Colisão transversal";"Com Vítimas Feridas";"Plena Noite";"Crescente";"Céu Claro";"Simples";"Reta";"Sim";2;0;1;0;1;0;1;2;-23,44410908;-45,08375708;"SPRF-SP";"DEL06-SP";"UOP01-DEL06-SP"
291768;2020-06-24;"quarta-feira";"18:30:00";"BA";116;12,1;"VITORIA DA CONQUISTA";"Falta de Atenção à Condução";"Colisão transversal";"Com Vítimas Feridas";"Plena Noite";"Crescente";"Nublado";"Simples";"Reta";"Sim";2;0;1;0;1;0;1;2;-14,877545;-40,8711156;"SPRF-BA";"DEL08-BA";"UOP01-DEL08-BA"
291770;2020-06-24;"quarta-feira";"19:15:00";"PR";376;176,1;"MARINGA";"Desobediência às normas de trânsito pelo condutor";"Colisão transversal";"Com Vítimas Feridas";"Plena Noite";"Decrescente";"Nublado";"Dupla";"Reta";"Sim";2;0;0;1;1;0;1;2;-23,41097195;-51,93956673;"SPRF-PR";"DEL09-PR";"UOP01-DEL09-PR"
291771;2020-06-24;"quarta-feira";"20:00:00";"ES";101;143;"LINHARES";"Restrição de Visibilidade";"Queda de ocupante de veículo";"Com Vítimas Feridas";"Plena Noite";"Decrescente";"Céu Claro";"Dupla";"Reta";"Sim";1;0;1;0;0;0;1;1;-19,34286596;-40,0638568;"SPRF-ES";"DEL04-ES";"UOP01-DEL04-ES"
291772;2020-06-24;"quarta-feira";"19:30:00";"MG";262;356;"BETIM";"Defeito Mecânico no Veículo";"Queda de ocupante de veículo";"Com Vítimas Feridas";"Plena Noite";"Decrescente";"Céu Claro";"Dupla";"Reta";"Não";1;0;1;0;0;0;1;1;-19,96890716;-44,18104581;"SPRF-MG";"DEL01-MG";"UOP03-DEL01-MG"
291773;2020-06-24;"quarta-feira";"19:40:00";"TO";153;100,6;"WANDERLANDIA";"Falta de Atenção à Condução";"Colisão lateral";"Com Vítimas Feridas";"Plena Noite";"Crescente";"Céu Claro";"Simples";"Reta";"Não";2;0;1;1;0;0;2;1;-6,89695509;-48,01857195;"SPRF-TO";"DEL02-TO";"UOP01-DEL02-TO"
291780;2020-06-24;"quarta-feira";"20:30:00";"PE";101;92,4;"CABO DE SANTO AGOSTINHO";"Animais na Pista";"Atropelamento de Animal";"Com Vítimas Fatais";"Plena Noite";"Crescente";"Céu Claro";"Simples";"Reta";"Sim";1;1;0;0;0;0;0;1;-8,244181;-34,991151;"SPRF-PE";"DEL01-PE";"UOP03-DEL01-PE"
291781;2020-06-24;"quarta-feira";"19:30:00";"GO";60;36;"GOIANIA";"Velocidade Incompatível";"Colisão com objeto estático";"Com Vítimas Feridas";"Plena Noite";"Decrescente";"Céu Claro";"Dupla";"Reta";"Sim";3;0;1;0;2;0;1;2;-16,740309;-49,345447;"SPRF-GO";"DEL01-GO";"UOP02-DEL01-GO"
291782;2020-06-24;"quarta-feira";"21:05:00";"GO";414;435;"ANAPOLIS";"Ingestão de Álcool";"Queda de ocupante de veículo";"Com Vítimas Feridas";"Plena Noite";"Crescente";"Céu Claro";"Simples";"Declive;Reta";"Sim";1;0;1;0;0;0;1;1;-16,24594;-48,93446196;"SPRF-GO";"DEL02-GO";"UOP01-DEL02-GO"