"id";"data_inversa";"dia_semana";"horario";"uf";"br";"km";"municipio";"causa_acidente";"tipo_acidente";"classificacao_acidente";"fase_dia";"sentido_via";"condicao_metereologica";"tipo_pista";"tracado_via";"uso_solo";"pessoas";"mortos";"feridos_leves";"feridos_graves";"ilesos";"ignorados";"feridos";"veiculos";"latitude";"longitude";"regional";"delegacia";"uop"
291783;2020-06-24;"quarta-feira";"20:55:00";"SC";101;155;"PORTO BELO";"Falta de Atenção à Condução";"Colisão lateral";"Sem Vítimas";"Plena Noite";"Crescente";"Chuva";"Simples";"Curva";"Não";2;0;0;0;2;0;0;2;-27,16292;-48,61129;"SPRF-SC";"DEL04-SC";"UOP03-DEL04-SC"
291784;2020-06-24;"quarta-feira";"20:40:00";"ES";101;358;"ANCHIETA";"Ingestão de Álcool";"Tombamento";"Com Vítimas Feridas";"Plena Noite";"Decrescente";"Céu Claro";"Dupla";"Reta";"Não";1;0;1;0;0;0;1;1;-20,691717;-40,704254;"SPRF-ES";"DEL03-ES";"UOP01-DEL03-ES"
291785;2020-06-24;"quarta-feira";"18:00:00";"BA";242;720;"CRISTOPOLIS";"Falta de Atenção à Condução";"Colisão traseira";"Com Vítimas Feridas";"Plena Noite";"Crescente";"Céu Claro";"Simples";"Reta";"Não";2;0;1;0;0;1;1;2;-12,23287634;-44,38553777;"SPRF-BA";"DEL10-BA";"UOP01-DEL10-BA"
291789;2020-06-24;"quarta-feira";"20:05:00";"MT";163;828;"SINOP";"Ingestão de Álcool";"Colisão com objeto estático";"Com Vítimas Feridas";"Plena Noite";"Crescente";"Céu Claro";"Dupla";"Reta";"Sim";1;0;0;1;0;0;1;1;-11,93016;-55,51303;"SPRF-MT";"DEL06-MT";"UOP01-DEL06-MT"
291791;2020-06-24;"quarta-feira";"22:56:00";"PR";277;0,5;"PARANAGUA";"Falta de Atenção à Condução";"Queda de ocupante de veículo";"Com Vítimas Feridas";"Plena Noite";"Decrescente";"Nublado";"Simples";"Reta";"Sim";1;0;0;1;0;0;1;1;-25,568198;-48,615292;"SPRF-PR";"DEL01-PR";"UOP05-DEL01-PR"
291792;2020-06-24;"quarta-feira";"23:00:00";"RJ";101;484;"ANGRA DOS REIS";"Falta de Atenção à Condução";"Colisão transversal";"Com Vítimas Feridas";"Plena Noite";"Decrescente";"Céu Claro";"Simples";"Reta";"Sim";2;0;1;0;1;0;1;2;-22,99096308;-44,30429882;"SPRF-RJ";"DEL03-RJ";"UOP03-DEL03-RJ"
291794;2020-06-24;"quarta-feira";"11:45:00";"SP";488;1,4;"APARECIDA";"Ingestão de Álcool";"Colisão com objeto estático";"Com Vítimas Feridas";"Plena Noite";"Crescente";"Céu Claro";"Dupla";"Reta";"Sim";1;0;1;0;0;0;1;1;-22,850164;-45,231808;"SPRF-SP";"DEL08-SP";"UOP01-DEL08-SP"
291795;2020-04-21;"terça-feira";"06:50:00";"GO";40;16;"LUZIANIA";"Falta de Atenção à Condução";"Queda de ocupante de veículo";"Com Vítimas Feridas";"Amanhecer";"Decrescente";"Céu Claro";"Simples";"Reta";"Sim";1;0;1;0;0;0;1;1;-16,175176;-47,92964;"SPRF-DF";"DEL01-DF";"UOP01-DEL01-DF"
291797;2020-06-24;"quarta-feira";"23:20:00";"RJ";116;140;"DUQUE DE CAXIAS";"Ultrapassagem Indevida";"Colisão lateral";"Com Vítimas Feridas";"Plena Noite";"Decrescente";"Céu Claro";"Dupla";"Reta";"Sim";2;0;1;0;1;0;1;2;-22,6466198;-43,21112001;"SPRF-RJ";"DEL04-RJ";"UOP02-DEL04-RJ"
291802;2020-06-25;"quinta-feira";"01:40:00";"ES";101;263;"SERRA";"Animais na Pista";"Atropelamento de Animal";"Com Vítimas Feridas";"Plena Noite";"Decrescente";"Céu Claro";"Dupla";"Reta";"Sim";1;0;1;0;0;0;1;1;-20,16554736;-40,27301648;"SPRF-ES";"DEL02-ES";"UOP01-DEL02-ES"
291803;2020-06-25;"quinta-feira";"01:15:00";"RO";319;60,9;"PORTO VELHO";"Desobediência às normas de trânsito pelo condutor";"Saída de leito carroçável";"Sem Vítimas";"Plena Noite";"Decrescente";"Céu Claro";"Dupla";"Rotatória";"Sim";1;0;0;0;0;1;0;1;-8,73977937;-63,89006853;"SPRF-RO";"DEL01-RO";"UOP01-DEL01-RO"
291806;2020-06-21;"domingo";"04:00:00";"SC";101;355;"SANGAO";"Ingestão de Álcool";"Saída de leito carroçável";"Sem Vítimas";"Pleno dia";"Crescente";"Céu Claro";"Dupla";"Reta";"Não";1;0;0;0;1;0;0;1;-28,62380715;-49,07828489;"SPRF-SC";"DEL02-SC";"UOP01-DEL02-SC"
291807;2020-06-25;"quinta-feira";"03:30:00";"SP";116;128,4;"CACAPAVA";"Falta de Atenção do Pedestre";"Atropelamento de Pedestre";"Com Vítimas Feridas";"Plena Noite";"Decrescente";"Céu Claro";"Dupla";"Reta";"Sim";2;0;0;1;0;1;1;2;-23,11454664;-45,71105567;"SPRF-SP";"DEL06-SP";"UOP01-DEL06-SP"
291809;2020-06-25;"quinta-feira";"04:50:00";"SC";470;61;"BLUMENAU";"Animais na Pista";"Atropelamento de Animal";"Com Vítimas Feridas";"Plena Noite";"Decrescente";"Céu Claro";"Simples";"Reta";"Sim";1;0;1;0;0;0;1;1;-26,878952;-49,17421;"SPRF-SC";"DEL04-SC";"UOP01-DEL04-SC"
291811;2020-04-14;"terça-feira";"06:50:00";"BA";116;425;"FEIRA DE SANTANA";"Animais na Pista";"Atropelamento de Animal";"Com Vítimas Feridas";"Pleno dia";"Decrescente";"Céu Claro";"Simples";"Reta";"Não";1;0;0;1;0;0;1;1;-12,23736613;-38,97999588;"SPRF-BA";"DEL02-BA";"UOP01-DEL02-BA"
291812;2020-06-25;"quinta-feira";"04:10:00";"MS";359;188,1;"COXIM";"Animais na Pista";"Atropelamento de Animal";"Com Vítimas Feridas";"Plena Noite";"Crescente";"Céu Claro";"Simples";"Reta";"Não";1;0;1;0;0;0;1;1;-18,37131598;-54,39907924;"SPRF-MS";"DEL06-MS";"UOP01-DEL06-MS"
291814;2020-06-24;"quarta-feira";"13:20:00";"BA";330;805,5;"JEQUIE";"Falta de Atenção à Condução";"Colisão com objeto em movimento";"Com Vítimas Feridas";"Pleno dia";"Decrescente";"Céu Claro";"Simples";"Reta";"Sim";2;0;1;0;1;0;1;2;-13,97873088;-39,94814985;"SPRF-BA";"DEL03-BA";"UOP01-DEL03-BA"
291816;2020-06-24;"quarta-feira";"23:00:00";"BA";116;722;"MANOEL VITORINO";"Falta de Atenção do Pedestre";"Atropelamento de Pedestre";"Com Vítimas Feridas";"Plena Noite";"Crescente";"Céu Claro";"Simples";"Reta";"Não";2;0;0;1;0;1;1;2;-14,21319097;-40,27342609;"SPRF-BA";"DEL08-BA";"UOP02-DEL08-BA"
291818;2020-05-12;"terça-feira";"05:55:00";"MG";381;428;"CAETE";"Ultrapassagem Indevida";"Queda de ocupante de veículo";"Com Vítimas Feridas";"Amanhecer";"Decrescente";"Céu Claro";"Simples";"Em Obras;Reta";"Não";2;0;0;1;1;0;1;1;-19,78482698;-43,66793286;"SPRF-MG";"DEL01-MG";"UOP01-DEL01-MG"
291819;2020-06-25;"quinta-feira";"05:30:00";"SE";101;102,5;"SAO CRISTOVAO";"Avarias e/ou desgaste excessivo no pneu";"Saída de leito carroçável";"Sem Vítimas";"Amanhecer";"Decrescente";"Nublado";"Dupla";"Reta";"Não";1;0;0;0;0;1;0;1;-10,9502402;-37,21421242;"SPRF-SE";"DEL02-SE";"UOP01-DEL02-SE"
291820;2020-06-25;"quinta-feira";"05:40:00";"BA";324;619;"SALVADOR";"Animais na Pista";"Queda de ocupante de veículo";"Com Vítimas Feridas";"Pleno dia";"Crescente";"Chuva";"Dupla";"Reta";"Sim";1;0;1;0;0;0;1;1;-12,89820999;-38,45012202;"SPRF-BA";"DEL01-BA";"UOP01-DEL01-BA"
291822;2020-06-25;"quinta-feira";"04:45:00";"PR";277;335,6;"GUARAPUAVA";"Desobediência às normas de trânsito pelo condutor";"Saída de leito carroçável";"Com Vítimas Feridas";"Plena Noite";"Decrescente";"Céu Claro";"Dupla";"Curva";"Não";1;0;1;0;0;0;1;1;-25,3460606;-51,40657604;"SPRF-PR";"DEL08-PR";"UOP01-DEL08-PR"
291823;2020-06-25;"quinta-feira";"06:30:00";"SC";101;206,9;"SAO JOSE";"Falta de Atenção à Condução";"Colisão lateral";"Com Vítimas Feridas";"Amanhecer";"Decrescente";"Céu Claro";"Múltipla";"Curva";"Sim";2;0;1;0;0;1;1;2;-27,59193546;-48,61824557;"SPRF-SC";"DEL01-SC";"UOP01-DEL01-SC"
291824;2020-06-25;"quinta-feira";"06:20:00";"CE";222;5;"CAUCAIA";"Falta de Atenção à Condução";"Colisão transversal";"Com Vítimas Feridas";"Pleno dia";"Crescente";"Céu Claro";"Múltipla";"Reta";"Sim";2;0;1;0;1;0;1;2;-3,74296918;-38,61330997;"SPRF-CE";"DEL01-CE";"UOP01-DEL01-CE"
291826;2020-06-24;"quarta-feira";"19:20:00";"SC";282;220;"LAGES";"Velocidade Incompatível";"Colisão com objeto estático";"Sem Vítimas";"Plena Noite";"Crescente";"Garoa/Chuvisco";"Simples";"Curva";"Sim";1;0;0;0;1;0;0;1;-27,794014;-50,33363;"SPRF-SC";"DEL05-SC";"UOP01-DEL05-SC"
291829;2020-06-25;"quinta-feira";"07:20:00";"RJ";116;165;"RIO DE JANEIRO";"Desobediência às normas de trânsito pelo condutor";"Queda de ocupante de veículo";"Com Vítimas Feridas";"Pleno dia";"Decrescente";"Céu Claro";"Dupla";"Reta";"Sim";3;0;1;0;1;1;1;2;-22,81548519;-43,29087405;"SPRF-RJ";"DEL01-RJ";"UOP01-DEL01-RJ"
291830;2020-06-24;"quarta-feira";"23:10:00";"MG";365;405,5;"PATOS DE MINAS";"Falta de Atenção à Condução";"Colisão com objeto estático";"Sem Vítimas";"Plena Noite";"Crescente";"Céu Claro";"Simples";"Reta";"Não";2;0;0;0;2;0;0;2;-18,63276681;-46,47041582;"SPRF-MG";"DEL10-MG";"UOP01-DEL10-MG"
291831;2020-06-25;"quinta-feira";"07:00:00";"RS";116;100,3;"SAO MARCOS";"Defeito Mecânico no Veículo";"Incêndio";"Sem Vítimas";"Amanhecer";"Crescente";"Céu Claro";"Simples";"Reta";"Não";1;0;0;0;1;0;0;1;-28,88734003;-51,12288797;"SPRF-RS";"DEL05-RS";"UOP01-DEL05-RS"
291832;2020-06-25;"quinta-feira";"07:55:00";"SC";470;117,3;"IBIRAMA";"Falta de Atenção à Condução";"Tombamento";"Com Vítimas Feridas";"Pleno dia";"Crescente";"Sol";"Dupla";"Interseção de Vias";"Não";2;0;1;0;1;0;1;2;-27,081692;-49,502277;"SPRF-SC";"DEL04-SC";"UOP02-DEL04-SC"
291833;2020-06-25;"quinta-feira";"07:45:00";"MG";262;362,5;"BETIM";"Não guardar distância de segurança";"Colisão traseira";"Com Vítimas Feridas";"Pleno dia";"Decrescente";"Sol";"Dupla";"Reta";"Sim";1;0;1;0;0;0;1;1;-19,98025969;-44,22672112;"SPRF-MG";"DEL01-MG";"UOP03-DEL01-MG"
291834;2020-06-25;"quinta-feira";"07:30:00";"PI";343;4,2;"TERESINA";"Não guardar distância de segurança";"Colisão traseira";"Com Vítimas Feridas";"Pleno dia";"Crescente";"Céu Claro";"Múltipla";"Reta";"Sim";3;0;1;0;2;0;1;2;-5,08021483;-42,78659821;"SPRF-PI";"DEL05-PI";"UOP01-DEL05-PI"
291836;2020-06-25;"quinta-feira";"07:45:00";"PB";230;25;"JOAO PESSOA";"Não guardar distância de segurança";"Engavetamento";"Sem Vítimas";"Pleno dia";"Crescente";"Céu Claro";"Simples";"Reta;Aclive;Viaduto";"Sim";3;0;0;0;3;0;0;3;-7,1707;-34,8684;"SPRF-PB";"DEL01-PB";"UOP01-DEL01-PB"
291840;2020-06-25;"quinta-feira";"08:00:00";"ES";101;268,9;"SERRA";"Falta de Atenção à Condução";"Colisão lateral";"Com Vítimas Feridas";"Pleno dia";"Crescente";"Céu Claro";"Múltipla";"Reta";"Sim";2;0;0;1;1;0;1;2;-20,21735148;-40,27037501;"SPRF-ES";"DEL02-ES";"UOP01-DEL02-ES"
291841;2020-06-25;"quinta-feira";"07:00:00";"MA";135;1;"SAO LUIS";"Não guardar distância de segurança";"Colisão traseira";"Com Vítimas Feridas";"Pleno dia";"Decrescente";"Céu Claro";"Dupla";"Reta";"Sim";2;0;1;0;1;0;1;2;-2,58917895;-44,24423719;"SPRF-MA";"DEL01-MA";"UOP01-DEL01-MA"
291842;2020-06-25;"quinta-feira";"07:30:00";"MG";381;353,6;"JOAO MONLEVADE";"Mal Súbito";"Saída de leito carroçável";"Com Vítimas Feridas";"Pleno dia";"Decrescente";"Céu Claro";"Simples";"Curva";"Não";1;0;1;0;0;0;1;1;-19,83894801;-43,18248641;"SPRF-MG";"DEL03-MG";"UOP01-DEL03-MG"
291843;2020-06-25;"quinta-feira";"07:40:00";"MG";251;465,3;"FRANCISCO SA";"Condutor Dormindo";"Saída de leito carroçável";"Com Vítimas Feridas";"Pleno dia";"Crescente";"Céu Claro";"Simples";"Curva";"Não";3;0;1;0;2;0;1;1;-16,45710399;-43,40386502;"SPRF-MG";"DEL12-MG";"UOP01-DEL12-MG"
291844;2020-06-25;"quinta-feira";"07:20:00";"MG";459;16,8;"CALDAS";"Velocidade Incompatível";"Saída de leito carroçável";"Com Vítimas Feridas";"Pleno dia";"Crescente";"Céu Claro";"Simples";"Curva";"Não";1;0;1;0;0;0;1;1;-21,845097;-46,439472;"SPRF-MG";"DEL09-MG";"UOP01-DEL09-MG"
291846;2020-06-25;"quinta-feira";"09:10:00";"RN";101;106,9;"PARNAMIRIM";"Desobediência às normas de trânsito pelo condutor";"Colisão transversal";"Com Vítimas Feridas";"Pleno dia";"Crescente";"Céu Claro";"Múltipla";"Reta";"Sim";2;0;1;0;1;0;1;2;-5,91056401;-35,26130795;"SPRF-RN";"DEL01-RN";"UOP01-DEL01-RN"
291847;2020-06-25;"quinta-feira";"08:45:00";"RS";448;15;"CANOAS";"Falta de Atenção à Condução";"Capotamento";"Com Vítimas Feridas";"Pleno dia";"Crescente";"Chuva";"Dupla";"Reta";"Sim";1;0;1;0;0;0;1;1;-29,927263;-51,217751;"SPRF-RS";"DEL01-RS";"UOP01-DEL01-RS"
291849;2020-06-25;"quinta-feira";"08:22:00";"MS";163;769,6;"PEDRO GOMES";"Carga excessiva e/ou mal acondicionada";"Saída de leito carroçável";"Com Vítimas Feridas";"Pleno dia";"Decrescente";"Céu Claro";"Simples";"Reta";"Não";2;0;2;0;0;0;2;1;-18,17910464;-54,65739548;"SPRF-MS";"DEL06-MS";"UOP01-DEL06-MS"
291851;2020-03-10;"terça-feira";"19:30:00";"PR";376;271;"MARILANDIA DO SUL";"Pista Escorregadia";"Tombamento";"Com Vítimas Feridas";"Plena Noite";"Crescente";"Vento";"Simples";"Reta";"Não";1;0;0;1;0;0;1;1;-23,77371498;-51,26875494;"SPRF-PR";"DEL07-PR";"UOP02-DEL07-PR"
291853;2020-06-25;"quinta-feira";"08:50:00";"BA";324;619;"SALVADOR";"Não guardar distância de segurança";"Colisão com objeto estático";"Com Vítimas Feridas";"Pleno dia";"Crescente";"Chuva";"Dupla";"Reta";"Sim";3;0;1;0;2;0;1;3;-12,89820999;-38,45012202;"SPRF-BA";"DEL01-BA";"UOP01-DEL01-BA"
291855;2020-06-25;"quinta-feira";"09:55:00";"PE";101;31,7;"ITAPISSUMA";"Falta de Atenção à Condução";"Colisão traseira";"Com Vítimas Feridas";"Pleno dia";"Decrescente";"Céu Claro";"Dupla";"Reta";"Sim";5;0;2;1;1;1;3;3;-7,74443874;-34,93872764;"SPRF-PE";"DEL01-PE";"UOP02-DEL01-PE"
291857;2020-06-13;"sábado";"19:16:00";"MG";459;104;"POUSO ALEGRE";"Falta de Atenção à Condução";"Colisão lateral";"Com Vítimas Feridas";"Plena Noite";"Crescente";"Ignorado";"Dupla";"Aclive;Curva";"Não";2;0;0;1;1;0;1;2;-22,224699;-45,91256;"SPRF-MG";"DEL16-MG";"UOP01-DEL16-MG"
291860;2020-06-25;"quinta-feira";"08:30:00";"RS";470;157;"NOVA PRATA";"Pista Escorregadia";"Colisão lateral";"Sem Vítimas";"Pleno dia";"Crescente";"Chuva";"Simples";"Curva";"Não";5;0;0;0;5;0;0;2;-28,79507068;-51,61584453;"SPRF-RS";"DEL06-RS";"UOP02-DEL06-RS"
291861;2020-06-25;"quinta-feira";"11:05:00";"SC";101;229,6;"PALHOCA";"Defeito Mecânico no Veículo";"Tombamento";"Com Vítimas Feridas";"Pleno dia";"Crescente";"Nublado";"Múltipla";"Reta";"Não";2;0;1;1;0;0;2;1;-27,7688932;-48,63205379;"SPRF-SC";"DEL01-SC";"UOP02-DEL01-SC"
291863;2020-06-19;"sexta-feira";"14:10:00";"MG";365;260,4;"JOAO PINHEIRO";"Condutor Dormindo";"Saída de leito carroçável";"Com Vítimas Fatais";"Pleno dia";"Decrescente";"Sol";"Simples";"Reta";"Não";1;1;0;0;0;0;0;1;-17,86927526;-45,52058083;"SPRF-MG";"DEL14-MG";"UOP02-DEL14-MG"
291865;2020-06-25;"quinta-feira";"11:25:00";"AL";316;243;"ATALAIA";"Condutor Dormindo";"Saída de leito carroçável";"Com Vítimas Feridas";"Pleno dia";"Crescente";"Céu Claro";"Simples";"Curva";"Não";4;0;2;0;2;0;2;1;-9,50948818;-36,01302293;"SPRF-AL";"DEL01-AL";"UOP01-DEL01-AL"
291866;2020-06-25;"quinta-feira";"10:30:00";"BA";101;76;"ENTRE RIOS";"Defeito na Via";"Tombamento";"Com Vítimas Feridas";"Pleno dia";"Crescente";"Céu Claro";"Simples";"Reta";"Não";3;0;3;0;0;0;3;1;-11,99441978;-38,24782518;"SPRF-BA";"DEL01-BA";"UOP04-DEL01-BA"
291867;2020-06-25;"quinta-feira";"10:30:00";"SC";282;300,2;"VARGEM";"Velocidade Incompatível";"Saída de leito carroçável";"Com Vítimas Feridas";"Pleno dia";"Decrescente";"Chuva";"Simples";"Reta";"Não";2;0;1;0;1;0;1;1;-27,515957;-50,917877;"SPRF-SC";"DEL07-SC";"UOP06-DEL07-SC"
291868;2020-06-06;"sábado";"08:30:00";"PR";0;0;"FRANCISCO ALVES";"Sinalização da via insuficiente ou inadequada";"Colisão com objeto estático";"Sem Vítimas";"Pleno dia";"Não Informado";"Céu Claro";"Simples";"Reta";"Não";1;0;0;0;1;0;0;1;-24,064339;-53,857687;"SPRF-PR";"DEL06-PR";"N/A"
291870;2020-06-25;"quinta-feira";"11:20:00";"SC";101;16,4;"JOINVILLE";"Defeito Mecânico no Veículo";"Saída de leito carroçável";"Com Vítimas Feridas";"Pleno dia";"Crescente";"Nublado";"Dupla";"Reta";"Não";2;0;2;0;0;0;2;1;-26,11427473;-48,87647034;"SPRF-SC";"DEL03-SC";"UOP01-DEL03-SC"
291873;2020-06-21;"domingo";"02:35:00";"RS";290;54;"GLORINHA";"Falta de Atenção à Condução";"Colisão traseira";"Com Vítimas Feridas";"Plena Noite";"Crescente";"Céu Claro";"Dupla";"Reta";"Não";7;0;0;3;2;2;3;2;-29,912643;-50,798103;"SPRF-RS";"DEL03-RS";"UOP01-DEL03-RS"
291874;2020-06-25;"quinta-feira";"12:55:00";"RS";116;157;"CAXIAS DO SUL";"Velocidade Incompatível";"Colisão com objeto estático";"Com Vítimas Feridas";"Pleno dia";"Decrescente";"Chuva";"Simples";"Curva";"Não";1;0;1;0;0;0;1;1;-29,21503981;-51,17675573;"SPRF-RS";"DEL05-RS";"UOP01-DEL05-RS"
291875;2020-06-25;"quinta-feira";"12:30:00";"RS";470;192,7;"VERANOPOLIS";"Falta de Atenção à Condução";"Saída de leito carroçável";"Com Vítimas Feridas";"Pleno dia";"Crescente";"Chuva";"Simples";"Declive;Curva";"Não";1;0;1;0;0;0;1;1;-29,03048196;-51,56645754;"SPRF-RS";"DEL06-RS";"UOP02-DEL06-RS"
291877;2020-05-04;"segunda-feira";"19:03:00";"SC";101;151;"ITAPEMA";"Falta de Atenção à Condução";"Atropelamento de Pedestre";"Com Vítimas Feridas";"Plena Noite";"Decrescente";"Ignorado";"Simples";"Interseção de Vias";"Sim";2;0;1;0;1;0;1;2;-27,126536;-48,609642;"SPRF-SC";"DEL04-SC";"UOP03-DEL04-SC"
291878;2020-06-25;"quinta-feira";"08:30:00";"RS";290;286,5;"CACHOEIRA DO SUL";"Falta de Atenção à Condução";"Colisão com objeto estático";"Com Vítimas Feridas";"Pleno dia";"Crescente";"Chuva";"Simples";"Curva";"Não";1;0;1;0;0;0;1;1;-30,259472;-53,08242;"SPRF-RS";"DEL02-RS";"UOP03-DEL02-RS"
291879;2020-06-25;"quinta-feira";"13:40:00";"ES";101;142;"LINHARES";"Objeto estático sobre o leito carroçável";"Tombamento";"Com Vítimas Feridas";"Pleno dia";"Decrescente";"Céu Claro";"Dupla";"Reta";"Sim";1;0;1;0;0;0;1;1;-19,33458987;-40,06755477;"SPRF-ES";"DEL04-ES";"UOP01-DEL04-ES"
291880;2020-06-25;"quinta-feira";"13:50:00";"SP";116;221;"GUARULHOS";"Falta de Atenção à Condução";"Colisão lateral";"Com Vítimas Feridas";"Pleno dia";"Crescente";"Nublado";"Múltipla";"Reta";"Sim";5;0;1;0;4;0;1;2;-23,46802395;-46,50704901;"SPRF-SP";"DEL01-SP";"UOP01-DEL01-SP"
291881;2020-06-25;"quinta-feira";"02:00:00";"RS";471;544,2;"SANTA VITORIA DO PALMAR";"Animais na Pista";"Atropelamento de Animal";"Sem Vítimas";"Plena Noite";"Decrescente";"Chuva";"Simples";"Reta";"Não";1;0;0;0;1;0;0;1;-32,766243;-52,655754;"SPRF-RS";"DEL07-RS";"UOP02-DEL07-RS"
291882;2020-06-25;"quinta-feira";"13:20:00";"SC";280;129;"RIO NEGRINHO";"Defeito Mecânico no Veículo";"Colisão transversal";"Com Vítimas Feridas";"Pleno dia";"Crescente";"Nublado";"Simples";"Declive;Curva;Interseção de Vias";"Sim";5;0;3;1;1;0;4;2;-26,24586437;-49,52284615;"SPRF-SC";"DEL06-SC";"UOP03-DEL06-SC"
291885;2020-06-25;"quinta-feira";"14:40:00";"BA";324;440,5;"RIACHAO DO JACUIPE";"Falta de Atenção à Condução";"Colisão frontal";"Com Vítimas Feridas";"Pleno dia";"Crescente";"Nublado";"Simples";"Reta";"Sim";2;0;0;1;1;0;1;2;-11,81728368;-39,37651582;"SPRF-BA";"DEL02-BA";"UOP01-DEL02-BA"
291886;2020-06-25;"quinta-feira";"14:50:00";"DF";20;19,8;"BRASILIA";"Ingestão de Álcool";"Colisão traseira";"Sem Vítimas";"Pleno dia";"Crescente";"Céu Claro";"Dupla";"Declive";"Sim";2;0;0;0;2;0;0;2;-15,612175;-47,700928;"SPRF-DF";"DEL02-DF";"UOP01-DEL02-DF"
291887;2020-06-25;"quinta-feira";"14:20:00";"RS";290;73;"CACHOEIRINHA";"Restrição de Visibilidade";"Saída de leito carroçável";"Com Vítimas Feridas";"Pleno dia";"Decrescente";"Chuva";"Múltipla";"Curva";"Não";1;0;1;0;0;0;1;1;-29,95136495;-51,06170654;"SPRF-RS";"DEL03-RS";"UOP01-DEL03-RS"
291889;2020-06-25;"quinta-feira";"13:05:00";"SC";101;365;"SANGAO";"Ingestão de Substâncias Psicoativas";"Colisão traseira";"Com Vítimas Feridas";"Pleno dia";"Crescente";"Garoa/Chuvisco";"Dupla";"Reta";"Não";2;0;1;0;1;0;1;2;-28,68290284;-49,14759308;"SPRF-SC";"DEL02-SC";"UOP01-DEL02-SC"
291890;2020-06-25;"quinta-feira";"14:25:00";"RS";285;55;"BOM JESUS";"Falta de Atenção à Condução";"Colisão transversal";"Com Vítimas Feridas";"Pleno dia";"Decrescente";"Chuva";"Simples";"Curva";"Não";2;0;1;0;1;0;1;2;-28,64957;-50,374123;"SPRF-RS";"DEL05-RS";"UOP03-DEL05-RS"
291892;2020-06-25;"quinta-feira";"15:20:00";"MG";262;442,3;"NOVA SERRANA";"Falta de Atenção à Condução";"Tombamento";"Com Vítimas Feridas";"Pleno dia";"Decrescente";"Sol";"Dupla";"Retorno Regulamentado";"Não";1;0;0;1;0;0;1;1;-19,872237;-44,968688;"SPRF-MG";"DEL08-MG";"UOP03-DEL08-MG"
291894;2020-06-25;"quinta-feira";"14:30:00";"MG";381;605,5;"OLIVEIRA";"Falta de Atenção à Condução";"Saída de leito carroçável";"Com Vítimas Feridas";"Pleno dia";"Crescente";"Céu Claro";"Dupla";"Curva";"Não";1;0;1;0;0;0;1;1;-20,66757503;-44,7378369;"SPRF-MG";"DEL04-MG";"UOP01-DEL04-MG"
291895;2020-06-25;"quinta-feira";"12:25:00";"MS";163;134,2;"NAVIRAI";"Pista Escorregadia";"Saída de leito carroçável";"Com Vítimas Feridas";"Pleno dia";"Decrescente";"Chuva";"Simples";"Curva";"Não";1;0;1;0;0;0;1;1;-23,02477182;-54,29396095;"SPRF-MS";"DEL09-MS";"UOP01-DEL09-MS"
291896;2020-06-25;"quinta-feira";"14:45:00";"MT";163;764,3;"SORRISO";"Falta de Atenção à Condução";"Queda de ocupante de veículo";"Com Vítimas Feridas";"Pleno dia";"Crescente";"Céu Claro";"Simples";"Reta";"Não";1;0;0;1;0;0;1;1;-12,45894513;-55,6659044;"SPRF-MT";"DEL06-MT";"UOP01-DEL06-MT"
291897;2020-06-25;"quinta-feira";"16:00:00";"GO";20;61,3;"FORMOSA";"Falta de Atenção à Condução";"Colisão transversal";"Com Vítimas Feridas";"Pleno dia";"Decrescente";"Céu Claro";"Simples";"Reta";"Não";4;0;0;1;3;0;1;2;-15,238772;-47,17049;"SPRF-DF";"DEL02-DF";"UOP01-DEL02-DF"
291898;2020-06-25;"quinta-feira";"14:30:00";"PE";104;34;"CARUARU";"Não guardar distância de segurança";"Engavetamento";"Com Vítimas Feridas";"Pleno dia";"Crescente";"Sol";"Dupla";"Reta";"Não";5;0;1;0;3;1;1;5;-8,035022;-36,052402;"SPRF-PE";"DEL02-PE";"UOP01-DEL02-PE"
291901;2020-06-25;"quinta-feira";"15:50:00";"PR";476;240,8;"LAPA";"Pista Escorregadia";"Colisão frontal";"Com Vítimas Fatais";"Pleno dia";"Crescente";"Chuva";"Simples";"Curva";"Não";6;1;3;1;1;0;4;2;-25,864338;-50,069801;"SPRF-PR";"DEL02-PR";"UOP04-DEL02-PR"
291903;2020-06-25;"quinta-feira";"16:00:00";"TO";153;644,5;"DUERE";"Falta de Atenção à Condução";"Saída de leito carroçável";"Com Vítimas Feridas";"Pleno dia";"Crescente";"Céu Claro";"Simples";"Reta";"Não";1;0;1;0;0;0;1;1;-11,48307595;-49,00099215;"SPRF-TO";"DEL01-TO";"UOP02-DEL01-TO"
291904;2020-06-25;"quinta-feira";"16:20:00";"PE";232;100,9;"BEZERROS";"Falta de Atenção à Condução";"Colisão traseira";"Com Vítimas Feridas";"Anoitecer";"Decrescente";"Céu Claro";"Simples";"Reta";"Sim";3;0;1;1;1;0;2;2;-8,23791176;-35,74297705;"SPRF-PE";"DEL02-PE";"UOP02-DEL02PE"
291908;2020-06-25;"quinta-feira";"16:55:00";"RS";116;262;"CANOAS";"Mal Súbito";"Saída de leito carroçável";"Com Vítimas Feridas";"Pleno dia";"Decrescente";"Chuva";"Múltipla";"Reta";"Sim";1;0;1;0;0;0;1;1;-29,896475;-51,17593;"SPRF-RS";"DEL01-RS";"UOP01-DEL01-RS"
291912;2020-06-25;"quinta-feira";"17:30:00";"RS";392;351;"SANTA MARIA";"Ultrapassagem Indevida";"Colisão transversal";"Com Vítimas Feridas";"Anoitecer";"Crescente";"Céu Claro";"Simples";"Interseção de Vias;Reta";"Sim";3;0;0;1;2;0;1;3;-29,7284269;-53,80323691;"SPRF-RS";"DEL09-RS";"UOP01-DEL09-RS"