"id";"data_inversa";"dia_semana";"horario";"uf";"br";"km";"municipio";"causa_acidente";"tipo_acidente";"classificacao_acidente";"fase_dia";"sentido_via";"condicao_metereologica";"tipo_pista";"tracado_via";"uso_solo";"pessoas";"mortos";"feridos_leves";"feridos_graves";"ilesos";"ignorados";"feridos";"veiculos";"latitude";"longitude";"regional";"delegacia";"uop"
292301;2020-06-27;"sábado";"18:10:00";"SP";116;440;"REGISTRO";"Desobediência às normas de trânsito pelo condutor";"Colisão transversal";"Com Vítimas Feridas";"Plena Noite";"Crescente";"Nublado";"Dupla";"Interseção de Vias";"Sim";2;0;1;0;1;0;1;2;-24,46159507;-47,81713991;"SPRF-SP";"DEL05-SP";"UOP01-DEL05-SP"
292302;2020-06-27;"sábado";"17:30:00";"PR";376;125;"ALTO PARANA";"Não guardar distância de segurança";"Colisão traseira";"Com Vítimas Feridas";"Pleno dia";"Decrescente";"Sol";"Dupla";"Reta";"Não";2;0;1;0;1;0;1;2;-23,14972357;-52,27427368;"SPRF-PR";"DEL09-PR";"UOP02-DEL09-PR"
292303;2020-06-27;"sábado";"18:10:00";"GO";40;4,7;"VALPARAISO DE GOIAS";"Não guardar distância de segurança";"Colisão lateral";"Sem Vítimas";"Plena Noite";"Crescente";"Céu Claro";"Dupla";"Reta";"Sim";2;0;0;0;2;0;0;2;-16,085241;-47,986752;"SPRF-DF";"DEL01-DF";"UOP01-DEL01-DF"
292304;2020-06-27;"sábado";"17:45:00";"RS";392;347,9;"SANTA MARIA";"Falta de Atenção à Condução";"Colisão transversal";"Com Vítimas Feridas";"Anoitecer";"Decrescente";"Nublado";"Simples";"Interseção de Vias;Curva;Aclive";"Sim";5;0;3;0;2;0;3;2;-29,76125014;-53,78681035;"SPRF-RS";"DEL09-RS";"UOP01-DEL09-RS"
292305;2020-06-27;"sábado";"18:00:00";"PE";408;70;"PAUDALHO";"Animais na Pista";"Atropelamento de Animal";"Com Vítimas Feridas";"Plena Noite";"Crescente";"Nublado";"Dupla";"Reta";"Sim";1;0;1;0;0;0;1;1;-7,87169406;-35,19398501;"SPRF-PE";"DEL01-PE";"UOP01-DEL01-PE"
292307;2020-06-27;"sábado";"18:15:00";"BA";407;108;"JAGUARARI";"Falta de Atenção à Condução";"Colisão transversal";"Com Vítimas Fatais";"Anoitecer";"Decrescente";"Céu Claro";"Simples";"Interseção de Vias";"Não";2;2;0;0;0;0;0;1;-10,29777402;-40,16974209;"SPRF-BA";"DEL04-BA";"UOP01-DEL04-BA"
292308;2020-06-27;"sábado";"18:30:00";"SP";101;45,1;"UBATUBA";"Falta de Atenção à Condução";"Colisão transversal";"Com Vítimas Feridas";"Plena Noite";"Crescente";"Nublado";"Simples";"Reta";"Sim";2;0;1;0;1;0;1;2;-23,41779396;-45,06788408;"SPRF-SP";"DEL06-SP";"UOP01-DEL06-SP"
292309;2020-06-27;"sábado";"16:20:00";"RN";304;48,9;"MOSSORO";"Falta de Atenção à Condução";"Colisão transversal";"Com Vítimas Feridas";"Pleno dia";"Crescente";"Céu Claro";"Simples";"Retorno Regulamentado";"Sim";2;0;0;1;1;0;1;2;-5,22868577;-37,32203081;"SPRF-RN";"DEL04-RN";"UOP01-DEL04-RN"
292311;2020-06-27;"sábado";"15:30:00";"MG";116;613,5;"SAO JOAO DO MANHUACU";"Falta de Atenção à Condução";"Colisão lateral";"Com Vítimas Feridas";"Pleno dia";"Crescente";"Sol";"Simples";"Reta";"Não";2;0;1;1;0;0;2;2;-20,42202586;-42,15831757;"SPRF-MG";"DEL07-MG";"UOP03-DEL07-MG"
292313;2020-06-27;"sábado";"19:10:00";"PA";163;1002;"SANTAREM";"Desobediência às normas de trânsito pelo condutor";"Colisão frontal";"Com Vítimas Feridas";"Plena Noite";"Decrescente";"Céu Claro";"Simples";"Reta";"Sim";2;0;0;1;1;0;1;2;-2,45567004;-54,72854541;"SPRF-PA";"DEL05-PA";"UOP01-DEL05-PA"
292314;2020-06-27;"sábado";"19:00:00";"RJ";393;243;"VASSOURAS";"Falta de Atenção à Condução";"Saída de leito carroçável";"Com Vítimas Feridas";"Plena Noite";"Crescente";"Céu Claro";"Simples";"Curva";"Não";1;0;0;1;0;0;1;1;-22,43047331;-43,69980995;"SPRF-RJ";"DEL05-RJ";"UOP04-DEL05-RJ"
292315;2020-06-27;"sábado";"19:20:00";"RJ";101;478;"ANGRA DOS REIS";"Pista Escorregadia";"Capotamento";"Sem Vítimas";"Plena Noite";"Crescente";"Chuva";"Simples";"Curva";"Não";1;0;0;0;1;0;0;1;-23,00246527;-44,27270594;"SPRF-RJ";"DEL03-RJ";"UOP03-DEL03-RJ"
292318;2020-06-27;"sábado";"19:15:00";"MG";354;753,9;"ITAMONTE";"Falta de Atenção à Condução";"Colisão transversal";"Com Vítimas Feridas";"Plena Noite";"Decrescente";"Nublado";"Simples";"Interseção de Vias";"Sim";2;0;1;0;1;0;1;2;-22,30074263;-44,86208652;"SPRF-MG";"DEL17-MG";"UOP01-DEL17-MG"
292319;2020-06-27;"sábado";"19:15:00";"BA";242;919;"LUIS EDUARDO MAGALHAES";"Ingestão de Álcool";"Colisão traseira";"Sem Vítimas";"Plena Noite";"Crescente";"Céu Claro";"Simples";"Reta";"Não";2;0;0;0;1;1;0;2;-12,10668651;-45,91184006;"SPRF-BA";"DEL10-BA";"UOP01-DEL10-BA"
292324;2020-06-27;"sábado";"19:30:00";"RJ";101;274,9;"TANGUA";"Falta de Atenção do Pedestre";"Atropelamento de Pedestre";"Com Vítimas Fatais";"Plena Noite";"Crescente";"Céu Claro";"Dupla";"Reta";"Sim";2;1;0;0;1;0;0;2;-22,735926;-42,729627;"SPRF-RJ";"DEL02-RJ";"UOP03-DEL02-RJ"
292326;2020-06-27;"sábado";"20:00:00";"BA";324;545;"AMELIA RODRIGUES";"Ingestão de Álcool";"Atropelamento de Pedestre";"Com Vítimas Fatais";"Pleno dia";"Decrescente";"Céu Claro";"Dupla";"Reta";"Sim";2;1;0;0;1;0;0;2;-12,40647;-38,753143;"SPRF-BA";"DEL01-BA";"UOP01-DEL01-BA"
292327;2020-06-27;"sábado";"19:00:00";"RS";158;309;"ITAARA";"Não guardar distância de segurança";"Colisão traseira";"Sem Vítimas";"Plena Noite";"Crescente";"Nublado";"Simples";"Em Obras;Declive;Reta";"Não";2;0;0;0;1;1;0;2;-29,60389692;-53,76635275;"SPRF-RS";"DEL09-RS";"UOP01-DEL09-RS"
292328;2020-06-27;"sábado";"20:00:00";"PR";373;178;"PONTA GROSSA";"Ingestão de Álcool";"Saída de leito carroçável";"Sem Vítimas";"Plena Noite";"Decrescente";"Nublado";"Dupla";"Reta";"Sim";2;0;0;0;2;0;0;1;-25,05025485;-50,23418475;"SPRF-PR";"DEL03-PR";"UOP01-DEL03-PR"
292329;2020-06-27;"sábado";"19:15:00";"MG";262;367;"JUATUBA";"Ingestão de Álcool";"Queda de ocupante de veículo";"Com Vítimas Feridas";"Plena Noite";"Decrescente";"Céu Claro";"Dupla";"Reta";"Sim";1;0;1;0;0;0;1;1;-19,97391261;-44,27096197;"SPRF-MG";"DEL01-MG";"UOP03-DEL01-MG"
292330;2020-06-27;"sábado";"19:25:00";"MS";163;253,4;"DOURADOS";"Ingestão de Álcool";"Tombamento";"Com Vítimas Feridas";"Plena Noite";"Decrescente";"Nublado";"Dupla";"Reta";"Sim";1;0;1;0;0;0;1;1;-22,27885392;-54,82235352;"SPRF-MS";"DEL04-MS";"UOP01-DEL04-MS"
292331;2020-06-27;"sábado";"19:25:00";"ES";262;184;"IUNA";"Falta de Atenção à Condução";"Colisão transversal";"Com Vítimas Feridas";"Plena Noite";"Crescente";"Céu Claro";"Simples";"Reta";"Não";2;0;0;1;1;0;1;2;-20,29551627;-41,70587605;"SPRF-ES";"DEL01-ES";"UOP02-DEL01-ES"
292333;2020-06-27;"sábado";"19:30:00";"PR";369;155;"LONDRINA";"Ingestão de Álcool";"Colisão lateral";"Com Vítimas Feridas";"Anoitecer";"Crescente";"Garoa/Chuvisco";"Dupla";"Reta";"Sim";3;0;1;0;2;0;1;3;-23,29564288;-51,20812247;"SPRF-PR";"DEL07-PR";"UOP01-DEL07-PR"
292334;2020-06-27;"sábado";"19:30:00";"MT";163;1040;"MATUPA";"Ingestão de Álcool";"Colisão traseira";"Com Vítimas Feridas";"Plena Noite";"Decrescente";"Céu Claro";"Simples";"Reta";"Não";2;0;1;0;0;1;1;2;-10,177953;-54,941879;"SPRF-MT";"DEL06-MT";"NPF/DEL06-MT"
292337;2020-06-27;"sábado";"20:10:00";"MG";262;440;"NOVA SERRANA";"Falta de Atenção à Condução";"Colisão com objeto em movimento";"Com Vítimas Feridas";"Plena Noite";"Decrescente";"Céu Claro";"Dupla";"Reta";"Não";2;0;2;0;0;0;2;2;-19,88607114;-44,89407411;"SPRF-MG";"DEL08-MG";"UOP03-DEL08-MG"
292340;2020-06-27;"sábado";"21:15:00";"MG";365;635;"UBERLANDIA";"Desobediência às normas de trânsito pelo condutor";"Colisão com objeto estático";"Com Vítimas Feridas";"Plena Noite";"Crescente";"Céu Claro";"Dupla";"Declive;Reta";"Não";1;0;1;0;0;0;1;1;-18,89262095;-48,41859299;"SPRF-MG";"DEL15-MG";"UOP01-DEL15-MG"
292341;2020-06-27;"sábado";"21:50:00";"MG";262;53,2;"MANHUACU";"Condutor Dormindo";"Colisão frontal";"Com Vítimas Feridas";"Plena Noite";"Decrescente";"Nublado";"Simples";"Reta";"Não";2;0;1;1;0;0;2;2;-20,25369201;-42,15987098;"SPRF-MG";"DEL06-MG";"UOP03-DEL06-MG"
292342;2020-06-27;"sábado";"20:45:00";"RJ";116;170;"SAO JOAO DE MERITI";"Falta de Atenção do Pedestre";"Atropelamento de Pedestre";"Com Vítimas Feridas";"Plena Noite";"Decrescente";"Nublado";"Múltipla";"Reta";"Não";2;0;1;0;1;0;1;2;-22,81113183;-43,3336729;"SPRF-RJ";"DEL01-RJ";"UOP02-DEL01-RJ"
292343;2020-05-22;"sexta-feira";"17:10:00";"PR";369;58;"BANDEIRANTES";"Não guardar distância de segurança";"Colisão traseira";"Com Vítimas Feridas";"Anoitecer";"Crescente";"Chuva";"Simples";"Reta";"Sim";2;0;1;0;1;0;1;2;-23,1212493;-50,323954;"SPRF-PR";"DEL07-PR";"UOP05-DEL07-PR"
292346;2020-06-27;"sábado";"20:45:00";"GO";153;201;"URUACU";"Desobediência às normas de trânsito pelo condutor";"Colisão frontal";"Com Vítimas Feridas";"Plena Noite";"Crescente";"Céu Claro";"Simples";"Reta";"Sim";1;0;1;0;0;0;1;1;-14,527224;-49,159564;"SPRF-GO";"DEL07-GO";"UOP02-DEL07-GO"
292347;2020-06-27;"sábado";"18:40:00";"GO";60;101;"ANAPOLIS";"Desobediência às normas de trânsito pelo condutor";"Colisão lateral";"Com Vítimas Feridas";"Plena Noite";"Crescente";"Céu Claro";"Dupla";"Interseção de Vias;Reta";"Sim";2;0;0;1;0;1;1;2;-16,40397644;-48,97979736;"SPRF-GO";"DEL02-GO";"UOP01-DEL02-GO"
292348;2020-06-27;"sábado";"21:40:00";"MT";163;838;"SINOP";"Ingestão de Álcool";"Queda de ocupante de veículo";"Com Vítimas Feridas";"Plena Noite";"Decrescente";"Céu Claro";"Simples";"Reta";"Sim";1;0;1;0;0;0;1;1;-11,835;-55,489;"SPRF-MT";"DEL06-MT";"NPF/DEL06-MT"
292349;2020-06-27;"sábado";"20:30:00";"PE";428;158;"PETROLINA";"Ingestão de Álcool";"Colisão lateral";"Sem Vítimas";"Plena Noite";"Crescente";"Céu Claro";"Simples";"Reta";"Não";2;0;0;0;2;0;0;2;-9,13177614;-40,34787778;"SPRF-PE";"DEL06-PE";"UOP01-DEL06-PE"
292353;2020-06-27;"sábado";"22:40:00";"PR";277;56,5;"SAO JOSE DOS PINHAIS";"Falta de Atenção à Condução";"Capotamento";"Sem Vítimas";"Plena Noite";"Crescente";"Chuva";"Dupla";"Reta";"Não";1;0;0;0;1;0;0;1;-25,58612344;-48,95485311;"SPRF-PR";"DEL01-PR";"UOP07-DEL01-PR"
292354;2020-06-27;"sábado";"21:30:00";"MG";262;465,8;"BOM DESPACHO";"Ingestão de Álcool";"Saída de leito carroçável";"Com Vítimas Feridas";"Plena Noite";"Decrescente";"Céu Claro";"Simples";"Reta";"Não";1;0;1;0;0;0;1;1;-19,80935414;-45,11587504;"SPRF-MG";"DEL08-MG";"UOP03-DEL08-MG"
292355;2020-06-27;"sábado";"23:45:00";"PI";230;307;"FLORIANO";"Falta de Atenção à Condução";"Colisão com objeto estático";"Com Vítimas Feridas";"Plena Noite";"Crescente";"Céu Claro";"Simples";"Curva";"Sim";1;0;0;1;0;0;1;1;-6,78667452;-42,99358035;"SPRF-PI";"DEL03-PI";"UOP01-DEL03-PI"
292356;2020-06-27;"sábado";"23:10:00";"RJ";101;289;"ITABORAI";"Falta de Atenção à Condução";"Saída de leito carroçável";"Sem Vítimas";"Plena Noite";"Crescente";"Ignorado";"Dupla";"Reta";"Não";1;0;0;0;1;0;0;1;-22,76376316;-42,85172094;"SPRF-RJ";"DEL02-RJ";"UOP03-DEL02-RJ"
292357;2020-06-27;"sábado";"22:40:00";"SP";116;112,2;"TAUBATE";"Falta de Atenção à Condução";"Colisão traseira";"Com Vítimas Feridas";"Plena Noite";"Crescente";"Céu Claro";"Dupla";"Reta";"Sim";2;0;1;0;0;1;1;2;-23,04159343;-45,57065616;"SPRF-SP";"DEL06-SP";"UOP01-DEL06-SP"
292359;2020-06-27;"sábado";"12:00:00";"MA";10;146;"PORTO FRANCO";"Velocidade Incompatível";"Saída de leito carroçável";"Com Vítimas Feridas";"Pleno dia";"Decrescente";"Céu Claro";"Simples";"Reta";"Não";1;0;0;1;0;0;1;1;-6,442968;-47,396965;"SPRF-MA";"DEL04-MA";"UOP02-DEL04-MA"
292360;2020-06-27;"sábado";"13:30:00";"MG";381;201;"PERIQUITO";"Falta de Atenção à Condução";"Colisão transversal";"Com Vítimas Feridas";"Pleno dia";"Crescente";"Céu Claro";"Simples";"Interseção de Vias";"Não";2;0;1;0;1;0;1;2;-19,18021145;-42,25981359;"SPRF-MG";"DEL06-MG";"UOP01-DEL06-MG"
292361;2020-06-28;"domingo";"00:30:00";"TO";153;648,7;"GURUPI";"Condutor Dormindo";"Colisão lateral";"Com Vítimas Feridas";"Plena Noite";"Decrescente";"Céu Claro";"Simples";"Reta";"Não";4;0;1;0;3;0;1;2;-11,54519461;-49,02174175;"SPRF-TO";"DEL01-TO";"UOP02-DEL01-TO"
292363;2020-06-27;"sábado";"21:20:00";"RO";364;237,7;"CACOAL";"Ingestão de Álcool";"Colisão traseira";"Com Vítimas Feridas";"Plena Noite";"Crescente";"Céu Claro";"Simples";"Reta;Interseção de Vias";"Sim";2;0;2;0;0;0;2;2;-11,44341056;-61,44672787;"SPRF-RO";"DEL02-RO";"UOP02-DEL02-RO"
292365;2020-06-27;"sábado";"16:15:00";"MA";135;0;"SAO LUIS";"Ingestão de Álcool";"Colisão lateral";"Sem Vítimas";"Pleno dia";"Decrescente";"Céu Claro";"Dupla";"Reta;Interseção de Vias";"Sim";2;0;0;0;2;0;0;2;-2,5804565;-44,241947;"SPRF-MA";"DEL01-MA";"UOP01-DEL01-MA"
292366;2020-06-27;"sábado";"23:10:00";"PR";376;216;"JANDAIA DO SUL";"Objeto estático sobre o leito carroçável";"Colisão com objeto estático";"Com Vítimas Feridas";"Plena Noite";"Decrescente";"Chuva";"Simples";"Reta";"Não";1;0;1;0;0;0;1;1;-23,59767281;-51,63339596;"SPRF-PR";"DEL07-PR";"UOP03-DEL07-PR"
292368;2020-06-28;"domingo";"02:05:00";"PR";476;162,2;"ARAUCARIA";"Velocidade Incompatível";"Saída de leito carroçável";"Com Vítimas Feridas";"Plena Noite";"Decrescente";"Céu Claro";"Simples";"Reta";"Não";2;0;0;1;0;1;1;1;-25,627626;-49,454449;"SPRF-PR";"DEL01-PR";"UOP06-DEL01-PR"
292369;2020-06-28;"domingo";"01:30:00";"RS";392;126,7;"CANGUCU";"Condutor Dormindo";"Saída de leito carroçável";"Com Vítimas Feridas";"Plena Noite";"Decrescente";"Céu Claro";"Simples";"Reta";"Não";2;0;1;0;1;0;1;1;-31,35676908;-52,72953619;"SPRF-RS";"DEL07-RS";"UOP01-DEL07-RS"
292370;2020-06-28;"domingo";"01:45:00";"SP";116;213,6;"GUARULHOS";"Defeito Mecânico no Veículo";"Colisão lateral";"Com Vítimas Feridas";"Plena Noite";"Decrescente";"Nublado";"Múltipla";"Reta";"Sim";5;0;2;1;2;0;3;3;-23,43971486;-46,43667806;"SPRF-SP";"DEL01-SP";"UOP01-DEL01-SP"
292371;2020-06-28;"domingo";"00:50:00";"RJ";40;103;"DUQUE DE CAXIAS";"Velocidade Incompatível";"Capotamento";"Com Vítimas Feridas";"Plena Noite";"Decrescente";"Céu Claro";"Dupla";"Reta";"Sim";4;0;0;1;3;0;1;1;-22,62009;-43,286922;"SPRF-RJ";"DEL01-RJ";"UOP01-DEL01-RJ"
292372;2020-06-28;"domingo";"03:00:00";"PI";316;308,5;"PICOS";"Velocidade Incompatível";"Colisão com objeto estático";"Sem Vítimas";"Plena Noite";"Crescente";"Céu Claro";"Simples";"Reta";"Sim";2;0;0;0;0;2;0;2;-7,07773683;-41,492757;"SPRF-PI";"DEL04-PI";"UOP01-DEL04-PI"
292373;2020-05-10;"domingo";"10:00:00";"BA";235;44,3;"PEDRO ALEXANDRE";"Falta de Atenção à Condução";"Colisão transversal";"Com Vítimas Feridas";"Pleno dia";"Crescente";"Chuva";"Simples";"Reta";"Não";2;0;0;1;1;0;1;2;-10,10075813;-38,04422607;"SPRF-SE";"DEL01-SE";"UOP02-DEL01-SE"
292374;2020-06-28;"domingo";"03:10:00";"PR";277;590;"CASCAVEL";"Velocidade Incompatível";"Saída de leito carroçável";"Sem Vítimas";"Plena Noite";"Decrescente";"Nevoeiro/Neblina";"Simples";"Reta";"Sim";1;0;0;0;0;1;0;1;-24,98120697;-53,45591501;"SPRF-PR";"DEL04-PR";"UOP01-DEL04-PR"
292375;2020-06-28;"domingo";"04:20:00";"MT";70;2;"BARRA DO GARCAS";"Falta de Atenção à Condução";"Colisão com objeto estático";"Com Vítimas Feridas";"Plena Noite";"Crescente";"Céu Claro";"Dupla";"Reta";"Sim";2;0;1;0;0;1;1;2;-15,88749699;-52,26810568;"SPRF-MT";"DEL07-MT";"UOP01-DEL07-MT"
292376;2020-06-28;"domingo";"04:05:00";"SC";101;18,8;"JOINVILLE";"Pista Escorregadia";"Colisão com objeto estático";"Com Vítimas Feridas";"Plena Noite";"Decrescente";"Nublado";"Dupla";"Curva";"Não";1;0;1;0;0;0;1;1;-26,13105532;-48,89349461;"SPRF-SC";"DEL03-SC";"UOP01-DEL03-SC"
292377;2020-06-28;"domingo";"05:50:00";"TO";153;678,4;"CARIRI DO TOCANTINS";"Desobediência às normas de trânsito pelo pedestre";"Atropelamento de Pedestre";"Com Vítimas Fatais";"Plena Noite";"Decrescente";"Céu Claro";"Simples";"Reta";"Não";2;1;0;0;0;1;0;2;-11,777745;-49,10988;"SPRF-TO";"DEL01-TO";"UOP02-DEL01-TO"
292378;2020-06-28;"domingo";"06:00:00";"PB";101;84,5;"BAYEUX";"Animais na Pista";"Atropelamento de Animal";"Com Vítimas Feridas";"Pleno dia";"Decrescente";"Nublado";"Dupla";"Reta";"Sim";1;0;1;0;0;0;1;1;-7,13957906;-34,92312806;"SPRF-PB";"DEL01-PB";"UOP01-DEL01-PB"
292379;2020-06-28;"domingo";"05:30:00";"RJ";101;282;"ITABORAI";"Falta de Atenção à Condução";"Colisão com objeto estático";"Com Vítimas Feridas";"Amanhecer";"Decrescente";"Céu Claro";"Simples";"Curva";"Sim";2;0;1;0;1;0;1;1;-22,7371391;-42,79664601;"SPRF-RJ";"DEL02-RJ";"UOP03-DEL02-RJ"
292382;2020-06-28;"domingo";"06:30:00";"SC";470;145,8;"RIO DO SUL";"Animais na Pista";"Tombamento";"Com Vítimas Feridas";"Amanhecer";"Decrescente";"Nublado";"Simples";"Reta";"Não";2;0;1;0;1;0;1;1;-27,237301;-49,682217;"SPRF-SC";"DEL04-SC";"UOP02-DEL04-SC"
292383;2020-06-27;"sábado";"21:10:00";"SP";116;340,6;"MIRACATU";"Pista Escorregadia";"Saída de leito carroçável";"Sem Vítimas";"Plena Noite";"Decrescente";"Chuva";"Dupla";"Declive;Curva";"Não";2;0;0;0;2;0;0;1;-24,00852156;-47,16087341;"SPRF-SP";"DEL04-SP";"UOP02-DEL04-SP"
292385;2020-06-27;"sábado";"21:50:00";"SC";101;31;"ARAQUARI";"Falta de Atenção à Condução";"Saída de leito carroçável";"Com Vítimas Feridas";"Plena Noite";"Decrescente";"Nublado";"Simples";"Declive;Curva";"Não";2;0;1;0;1;0;1;1;-26,41912218;-48,77868533;"SPRF-SC";"DEL03-SC";"UOP01-DEL03-SC"
292386;2020-06-28;"domingo";"07:00:00";"PR";476;121,9;"CURITIBA";"Ingestão de Álcool";"Colisão com objeto estático";"Com Vítimas Fatais";"Pleno dia";"Crescente";"Nublado";"Dupla";"Reta";"Sim";4;1;1;0;0;2;1;2;-25,379221;-49,197685;"SPRF-PR";"DEL01-PR";"UOP07-DEL01-PR"
292388;2020-06-28;"domingo";"07:10:00";"PR";376;652,5;"TIJUCAS DO SUL";"Velocidade Incompatível";"Colisão com objeto estático";"Sem Vítimas";"Pleno dia";"Decrescente";"Garoa/Chuvisco";"Dupla";"Curva";"Não";1;0;0;0;1;0;0;1;-25,8461583;-49,068884;"SPRF-PR";"DEL01-PR";"UOP04-DEL01-PR"
292389;2020-06-28;"domingo";"07:10:00";"SP";116;110;"TAUBATE";"Falta de Atenção à Condução";"Tombamento";"Com Vítimas Feridas";"Amanhecer";"Decrescente";"Garoa/Chuvisco";"Dupla";"Curva";"Sim";1;0;1;0;0;0;1;1;-23,03412614;-45,5526999;"SPRF-SP";"DEL06-SP";"UOP01-DEL06-SP"
292391;2020-06-28;"domingo";"07:30:00";"ES";482;105;"GUACUI";"Falta de Atenção à Condução";"Tombamento";"Com Vítimas Feridas";"Amanhecer";"Decrescente";"Nublado";"Simples";"Reta";"Não";1;0;1;0;0;0;1;1;-20,777433;-41,66744;"SPRF-ES";"DEL03-ES";"UOP02-DEL03-ES"
292393;2020-06-28;"domingo";"04:00:00";"SP";116;210;"GUARULHOS";"Falta de Atenção à Condução";"Saída de leito carroçável";"Com Vítimas Feridas";"Plena Noite";"Decrescente";"Nublado";"Múltipla";"Reta";"Não";1;0;1;0;0;0;1;1;-23,42870023;-46,41085991;"SPRF-SP";"DEL01-SP";"UOP01-DEL01-SP"
292395;2020-06-28;"domingo";"06:10:00";"RO";364;517;"ARIQUEMES";"Falta de Atenção à Condução";"Tombamento";"Sem Vítimas";"Amanhecer";"Decrescente";"Céu Claro";"Simples";"Ponte";"Não";3;0;0;0;1;2;0;2;-9,90688101;-63,05581217;"SPRF-RO";"DEL03-RO";"UOP01-DEL03-RO"
292397;2020-06-28;"domingo";"06:20:00";"RJ";101;294;"ITABORAI";"Condutor Dormindo";"Colisão com objeto estático";"Com Vítimas Feridas";"Pleno dia";"Crescente";"Céu Claro";"Dupla";"Reta";"Sim";1;0;1;0;0;0;1;1;-22,760188;-42,897977;"SPRF-RJ";"DEL02-RJ";"UOP02-DEL02-RJ"
292398;2020-06-28;"domingo";"07:20:00";"MA";135;3;"SAO LUIS";"Pista Escorregadia";"Saída de leito carroçável";"Com Vítimas Feridas";"Pleno dia";"Decrescente";"Céu Claro";"Dupla";"Reta";"Sim";1;0;1;0;0;0;1;1;-2,606802;-44,247512;"SPRF-MA";"DEL01-MA";"UOP01-DEL01-MA"
292399;2020-06-28;"domingo";"05:20:00";"RJ";40;120;"DUQUE DE CAXIAS";"Condutor Dormindo";"Colisão com objeto estático";"Com Vítimas Fatais";"Amanhecer";"Crescente";"Céu Claro";"Múltipla";"Reta";"Sim";2;1;0;1;0;0;1;1;-22,77280597;-43,28626763;"SPRF-RJ";"DEL01-RJ";"UOP01-DEL01-RJ"
292400;2020-06-28;"domingo";"05:15:00";"RJ";40;113;"DUQUE DE CAXIAS";"Falta de Atenção à Condução";"Colisão com objeto estático";"Com Vítimas Feridas";"Plena Noite";"Crescente";"Céu Claro";"Simples";"Retorno Regulamentado";"Sim";1;0;0;1;0;0;1;1;-22,70948502;-43,29040354;"SPRF-RJ";"DEL01-RJ";"UOP01-DEL01-RJ"
292401;2020-06-28;"domingo";"08:20:00";"MA";135;2,5;"SAO LUIS";"Pista Escorregadia";"Saída de leito carroçável";"Sem Vítimas";"Pleno dia";"Decrescente";"Céu Claro";"Dupla";"Curva";"Sim";2;0;0;0;1;1;0;1;-2,59806699;-44,24573511;"SPRF-MA";"DEL01-MA";"UOP01-DEL01-MA"
292402;2020-06-28;"domingo";"05:31:00";"MS";262;781,2;"CORUMBA";"Ingestão de Álcool";"Saída de leito carroçável";"Sem Vítimas";"Amanhecer";"Decrescente";"Céu Claro";"Simples";"Reta";"Não";1;0;0;0;1;0;0;1;-19;-57;"SPRF-MS";"DEL03-MS";"UOP03-DEL03-MS"
292405;2020-06-28;"domingo";"07:25:00";"MA";135;3;"SAO LUIS";"Pista Escorregadia";"Colisão transversal";"Sem Vítimas";"Pleno dia";"Decrescente";"Céu Claro";"Dupla";"Reta";"Sim";2;0;0;0;2;0;0;2;-2,606802;-44,247512;"SPRF-MA";"DEL01-MA";"UOP01-DEL01-MA"
292406;2020-06-28;"domingo";"09:40:00";"DF";60;4,7;"BRASILIA";"Falta de Atenção à Condução";"Saída de leito carroçável";"Com Vítimas Feridas";"Pleno dia";"Crescente";"Céu Claro";"Dupla";"Retorno Regulamentado";"Sim";3;0;1;0;2;0;1;1;-15,892721;-48,095741;"SPRF-DF";"DEL03-DF";"UOP01-DEL03-DF"
292409;2020-06-28;"domingo";"10:30:00";"MG";381;710,3;"NEPOMUCENO";"Defeito Mecânico no Veículo";"Saída de leito carroçável";"Com Vítimas Feridas";"Pleno dia";"Crescente";"Céu Claro";"Dupla";"Curva";"Não";7;0;1;0;6;0;1;1;-21,38614615;-45,1948603;"SPRF-MG";"DEL04-MG";"UOP02-DEL04-MG"
292413;2020-06-28;"domingo";"06:00:00";"RO";364;1053;"PORTO VELHO";"Falta de Atenção à Condução";"Saída de leito carroçável";"Com Vítimas Fatais";"Amanhecer";"Decrescente";"Nublado";"Simples";"Declive";"Não";2;1;0;0;0;1;0;2;-9,78916645;-66,46805573;"SPRF-RO";"DEL01-RO";"UOP03-DEL01-RO"
292414;2020-06-28;"domingo";"10:45:00";"RJ";116;222,3;"PIRAI";"Defeito Mecânico no Veículo";"Queda de ocupante de veículo";"Com Vítimas Feridas";"Pleno dia";"Decrescente";"Nublado";"Dupla";"Reta";"Não";1;0;1;0;0;0;1;1;-22,67916075;-43,83222401;"SPRF-RJ";"DEL07-RJ";"UOP01-DEL07-RJ"
292415;2020-06-28;"domingo";"10:05:00";"RJ";116;140;"DUQUE DE CAXIAS";"Ingestão de Álcool";"Colisão com objeto estático";"Com Vítimas Feridas";"Pleno dia";"Decrescente";"Céu Claro";"Múltipla";"Reta";"Sim";2;0;1;1;0;0;2;1;-22,6466198;-43,21112001;"SPRF-RJ";"DEL04-RJ";"UOP02-DEL04-RJ"
292416;2020-06-28;"domingo";"11:10:00";"MG";381;285;"JAGUARACU";"Defeito na Via";"Queda de ocupante de veículo";"Com Vítimas Feridas";"Pleno dia";"Crescente";"Sol";"Simples";"Reta;Em Obras;Declive";"Não";1;0;1;0;0;0;1;1;-19,618952;-42,79967;"SPRF-MG";"DEL03-MG";"UOP02-DEL03-MG"