"id";"data_inversa";"dia_semana";"horario";"uf";"br";"km";"municipio";"causa_acidente";"tipo_acidente";"classificacao_acidente";"fase_dia";"sentido_via";"condicao_metereologica";"tipo_pista";"tracado_via";"uso_solo";"pessoas";"mortos";"feridos_leves";"feridos_graves";"ilesos";"ignorados";"feridos";"veiculos";"latitude";"longitude";"regional";"delegacia";"uop"
292417;2020-06-28;"domingo";"09:20:00";"AC";317;116,6;"CAPIXABA";"Pista Escorregadia";"Saída de leito carroçável";"Com Vítimas Feridas";"Pleno dia";"Crescente";"Garoa/Chuvisco";"Simples";"Curva";"Não";2;0;0;1;0;1;1;2;-10,35566911;-67,68620314;"SPRF-AC";"DEL01-AC";"UOP01-DEL01-AC"
292420;2020-06-28;"domingo";"11:30:00";"MG";50;28,9;"ARAGUARI";"Velocidade Incompatível";"Tombamento";"Com Vítimas Feridas";"Pleno dia";"Crescente";"Céu Claro";"Dupla";"Curva";"Não";2;0;2;0;0;0;2;1;-18,61851284;-48,1028889;"SPRF-MG";"DEL15-MG";"UOP02-DEL15-MG"
292421;2020-06-28;"domingo";"11:45:00";"GO";60;118;"TEREZOPOLIS DE GOIAS";"Falta de Atenção à Condução";"Colisão lateral";"Com Vítimas Feridas";"Pleno dia";"Crescente";"Céu Claro";"Dupla";"Interseção de Vias";"Sim";1;0;0;1;0;0;1;1;-16,4848;-49,0935;"SPRF-GO";"DEL01-GO";"UOP01-DEL01-GO"
292422;2020-06-28;"domingo";"11:10:00";"PB";230;49;"SANTA RITA";"Condutor Dormindo";"Saída de leito carroçável";"Com Vítimas Feridas";"Pleno dia";"Decrescente";"Céu Claro";"Dupla";"Retorno Regulamentado";"Não";1;0;1;0;0;0;1;1;-7,1803;-35,0485;"SPRF-PB";"DEL01-PB";"UOP03-DEL01-PB"
292424;2020-06-28;"domingo";"12:10:00";"DF";20;24,7;"BRASILIA";"Velocidade Incompatível";"Saída de leito carroçável";"Com Vítimas Feridas";"Pleno dia";"Decrescente";"Céu Claro";"Dupla";"Viaduto;Declive;Curva";"Sim";1;0;0;1;0;0;1;1;-15,59546049;-47,65188488;"SPRF-DF";"DEL02-DF";"UOP01-DEL02-DF"
292426;2020-06-28;"domingo";"12:50:00";"AL";101;202,9;"SAO SEBASTIAO";"Falta de Atenção à Condução";"Capotamento";"Com Vítimas Feridas";"Pleno dia";"Crescente";"Nublado";"Dupla";"Curva";"Não";2;0;2;0;0;0;2;1;-9,96642507;-36,55066388;"SPRF-AL";"DEL02-AL";"UOP02-DEL02-AL"
292427;2020-06-28;"domingo";"13:00:00";"MG";262;781;"UBERABA";"Falta de Atenção à Condução";"Saída de leito carroçável";"Com Vítimas Feridas";"Pleno dia";"Decrescente";"Céu Claro";"Simples";"Curva";"Não";3;0;2;1;0;0;3;1;-19,75033611;-47,76840193;"SPRF-MG";"DEL13-MG";"UOP01-DEL13-MG"
292429;2020-06-28;"domingo";"12:37:00";"RJ";393;266;"BARRA DO PIRAI";"Desobediência às normas de trânsito pelo condutor";"Queda de ocupante de veículo";"Sem Vítimas";"Pleno dia";"Decrescente";"Céu Claro";"Simples";"Reta";"Não";2;0;0;0;2;0;0;1;-22,48062523;-43,89336791;"SPRF-RJ";"DEL05-RJ";"UOP04-DEL05-RJ"
292430;2020-06-28;"domingo";"13:20:00";"CE";20;413;"MARACANAU";"Desobediência às normas de trânsito pelo condutor";"Colisão transversal";"Com Vítimas Feridas";"Pleno dia";"Decrescente";"Sol";"Simples";"Reta";"Sim";3;0;1;0;2;0;1;2;-3,76999035;-38,67006282;"SPRF-CE";"DEL01-CE";"UOP01-DEL01-CE"
292432;2020-06-28;"domingo";"13:15:00";"RN";406;100,8;"JOAO CAMARA";"Desobediência às normas de trânsito pelo condutor";"Colisão lateral";"Sem Vítimas";"Pleno dia";"Decrescente";"Sol";"Simples";"Declive";"Não";2;0;0;0;2;0;0;2;-5,51949331;-35,83149109;"SPRF-RN";"DEL02-RN";"UOP01-DEL02-RN"
292433;2020-06-28;"domingo";"12:13:00";"RS";392;182;"SANTANA DA BOA VISTA";"Falta de Atenção à Condução";"Tombamento";"Com Vítimas Feridas";"Pleno dia";"Crescente";"Céu Claro";"Simples";"Curva";"Não";1;0;1;0;0;0;1;1;-30,97610378;-53,04979521;"SPRF-RS";"DEL07-RS";"UOP01-DEL07-RS"
292434;2020-06-28;"domingo";"13:58:00";"DF";20;16;"BRASILIA";"Desobediência às normas de trânsito pelo condutor";"Colisão lateral";"Com Vítimas Feridas";"Pleno dia";"Crescente";"Céu Claro";"Dupla";"Declive";"Sim";3;0;2;0;1;0;2;2;-15,625675;-47,725159;"SPRF-DF";"DEL02-DF";"UOP01-DEL02-DF"
292435;2020-06-28;"domingo";"11:30:00";"PB";361;5,9;"PATOS";"Ultrapassagem Indevida";"Colisão lateral";"Com Vítimas Feridas";"Pleno dia";"Crescente";"Céu Claro";"Simples";"Reta";"Sim";2;0;1;0;1;0;1;2;-7,0342983;-37,30232718;"SPRF-PB";"DEL03-PB";"UOP01-DEL03-PB"
292437;2020-06-01;"segunda-feira";"01:30:00";"PR";376;160,6;"MARINGA";"Falta de Atenção à Condução";"Queda de ocupante de veículo";"Com Vítimas Fatais";"Plena Noite";"Crescente";"Céu Claro";"Múltipla";"Curva;Declive";"Não";2;1;0;1;0;0;1;1;-23,36523559;-52,07450867;"SPRF-PR";"DEL09-PR";"UOP01-DEL09-PR"
292439;2020-06-28;"domingo";"15:20:00";"RS";285;293,2;"PASSO FUNDO";"Desobediência às normas de trânsito pelo condutor";"Colisão lateral";"Sem Vítimas";"Pleno dia";"Decrescente";"Céu Claro";"Dupla";"Interseção de Vias";"Sim";2;0;0;0;2;0;0;2;-28,23763246;-52,37354279;"SPRF-RS";"DEL08-RS";"UOP03-DEL08-RS"
292440;2020-06-28;"domingo";"14:50:00";"SC";282;489;"FAXINAL DOS GUEDES";"Velocidade Incompatível";"Saída de leito carroçável";"Com Vítimas Feridas";"Pleno dia";"Decrescente";"Céu Claro";"Simples";"Curva";"Não";1;0;0;1;0;0;1;1;-26,870375;-52,274731;"SPRF-SC";"DEL07-SC";"UOP01-DEL07-SC"
292442;2020-06-28;"domingo";"12:00:00";"AC";317;192;"XAPURI";"Ingestão de Álcool";"Saída de leito carroçável";"Com Vítimas Feridas";"Pleno dia";"Crescente";"Céu Claro";"Simples";"Declive";"Não";1;0;0;1;0;0;1;1;-10,62591734;-68,06571007;"SPRF-AC";"DEL01-AC";"UOP02-DEL01-AC"
292444;2020-06-28;"domingo";"15:00:00";"PI";343;338;"TERESINA";"Velocidade Incompatível";"Tombamento";"Com Vítimas Feridas";"Pleno dia";"Crescente";"Céu Claro";"Dupla";"Aclive";"Sim";1;0;0;1;0;0;1;1;-5,063362;-42,722912;"SPRF-PI";"DEL01-PI";"UOP01-DEL01-PI"
292445;2020-06-28;"domingo";"14:20:00";"MG";40;41;"PARACATU";"Falta de Atenção à Condução";"Colisão lateral";"Com Vítimas Feridas";"Pleno dia";"Crescente";"Céu Claro";"Simples";"Reta";"Sim";2;0;1;0;1;0;1;2;-17,21271307;-46,87295209;"SPRF-MG";"DEL14-MG";"UOP01-DEL14-MG"
292446;2020-06-28;"domingo";"15:10:00";"DF";20;23;"BRASILIA";"Falta de Atenção à Condução";"Saída de leito carroçável";"Com Vítimas Feridas";"Pleno dia";"Crescente";"Céu Claro";"Dupla";"Aclive";"Sim";2;0;1;0;1;0;1;1;-15,595297;-47,667912;"SPRF-DF";"DEL02-DF";"UOP01-DEL02-DF"
292448;2020-06-28;"domingo";"14:20:00";"BA";116;11,2;"VITORIA DA CONQUISTA";"Desobediência às normas de trânsito pelo pedestre";"Atropelamento de Pedestre";"Com Vítimas Feridas";"Pleno dia";"Crescente";"Céu Claro";"Simples";"Reta";"Sim";4;0;1;0;3;0;1;2;-14,870114;-40,871637;"SPRF-BA";"DEL08-BA";"UOP01-DEL08-BA"
292449;2020-06-28;"domingo";"15:25:00";"MA";135;27,2;"BACABEIRA";"Falta de Atenção à Condução";"Colisão lateral";"Com Vítimas Feridas";"Pleno dia";"Decrescente";"Céu Claro";"Dupla";"Reta";"Não";2;0;2;0;0;0;2;2;-2,777066;-44,374054;"SPRF-MA";"DEL01-MA";"UOP01-DEL01-MA"
292450;2020-06-28;"domingo";"15:30:00";"MG";381;674,2;"PERDOES";"Falta de Atenção à Condução";"Saída de leito carroçável";"Com Vítimas Feridas";"Pleno dia";"Decrescente";"Céu Claro";"Dupla";"Reta;Aclive";"Não";2;0;1;0;1;0;1;1;-21,08668174;-45,06537656;"SPRF-MG";"DEL04-MG";"UOP02-DEL04-MG"
292451;2020-06-28;"domingo";"16:50:00";"GO";153;431;"ANAPOLIS";"Ingestão de Álcool";"Saída de leito carroçável";"Com Vítimas Feridas";"Pleno dia";"Crescente";"Céu Claro";"Dupla";"Declive;Curva";"Sim";2;0;0;2;0;0;2;1;-16,258045;-48,988403;"SPRF-GO";"DEL02-GO";"UOP01-DEL02-GO"
292453;2020-06-28;"domingo";"15:45:00";"PR";277;589,8;"CASCAVEL";"Velocidade Incompatível";"Queda de ocupante de veículo";"Com Vítimas Feridas";"Pleno dia";"Crescente";"Céu Claro";"Simples";"Reta";"Sim";2;0;0;1;0;1;1;2;-24,97777319;-53,44688591;"SPRF-PR";"DEL04-PR";"UOP01-DEL04-PR"
292454;2020-06-28;"domingo";"09:50:00";"RO";0;0;"PORTO VELHO";"Pista Escorregadia";"Saída de leito carroçável";"Sem Vítimas";"Pleno dia";"Não Informado";"Céu Claro";"Simples";"Curva";"Não";2;0;0;0;2;0;0;1;-9,063956;-64,096853;"SPRF-RO";"DEL01-RO";"N/A"
292455;2020-06-28;"domingo";"16:40:00";"GO";40;14,7;"LUZIANIA";"Desobediência às normas de trânsito pelo condutor";"Colisão com objeto estático";"Com Vítimas Feridas";"Pleno dia";"Decrescente";"Céu Claro";"Dupla";"Aclive";"Sim";7;0;4;0;2;1;4;3;-16,158753;-47,933136;"SPRF-DF";"DEL01-DF";"UOP01-DEL01-DF"
292456;2020-06-28;"domingo";"16:30:00";"SC";280;14,8;"SAO FRANCISCO DO SUL";"Falta de Atenção à Condução";"Colisão transversal";"Com Vítimas Feridas";"Pleno dia";"Decrescente";"Céu Claro";"Simples";"Reta";"Não";3;0;2;0;1;0;2;2;-26,3301861;-48,65148076;"SPRF-SC";"DEL03-SC";"UOP03-DEL03-SC"
292458;2020-06-28;"domingo";"17:15:00";"GO";153;551,9;"HIDROLANDIA";"Defeito Mecânico no Veículo";"Tombamento";"Com Vítimas Feridas";"Pleno dia";"Crescente";"Céu Claro";"Dupla";"Declive;Reta";"Não";2;0;2;0;0;0;2;1;-17,15;-49,2155;"SPRF-GO";"DEL01-GO";"UOP03-DEL01-GO"
292463;2020-06-28;"domingo";"16:45:00";"RS";158;115,6;"PALMEIRA DAS MISSOES";"Avarias e/ou desgaste excessivo no pneu";"Capotamento";"Com Vítimas Feridas";"Pleno dia";"Decrescente";"Céu Claro";"Simples";"Curva";"Não";4;0;0;2;2;0;2;1;-28,0199670492;-53,3527647517;"SPRF-RS";"DEL08-RS";"UOP02-DEL08-RS"
292465;2020-06-28;"domingo";"17:45:00";"ES";101;123;"SOORETAMA";"Restrição de Visibilidade";"Queda de ocupante de veículo";"Com Vítimas Feridas";"Plena Noite";"Crescente";"Céu Claro";"Simples";"Reta";"Não";2;0;2;0;0;0;2;1;-19,16834502;-40,08717096;"SPRF-ES";"DEL04-ES";"UOP01-DEL04-ES"
292466;2020-06-28;"domingo";"17:50:00";"ES";393;12,9;"CACHOEIRO DE ITAPEMIRIM";"Falta de Atenção à Condução";"Colisão frontal";"Com Vítimas Feridas";"Anoitecer";"Crescente";"Nublado";"Simples";"Reta";"Não";5;0;4;1;0;0;5;2;-20,85990407;-41,25197191;"SPRF-ES";"DEL03-ES";"UOP02-DEL03-ES"
292467;2020-06-28;"domingo";"15:25:00";"RJ";101;289;"ITABORAI";"Falta de Atenção à Condução";"Engavetamento";"Com Vítimas Feridas";"Pleno dia";"Crescente";"Céu Claro";"Dupla";"Reta";"Não";4;0;1;0;3;0;1;3;-22,76376316;-42,85172094;"SPRF-RJ";"DEL02-RJ";"UOP03-DEL02-RJ"
292468;2020-06-28;"domingo";"16:10:00";"AC";364;142;"RIO BRANCO";"Animais na Pista";"Tombamento";"Com Vítimas Feridas";"Pleno dia";"Decrescente";"Nublado";"Dupla";"Rotatória";"Sim";2;0;2;0;0;0;2;1;-9,93629479;-67,88193482;"SPRF-AC";"DEL01-AC";"UOP01-DEL01-AC"
292469;2020-06-28;"domingo";"15:00:00";"RJ";101;328;"RIO DE JANEIRO";"Condutor Dormindo";"Colisão traseira";"Com Vítimas Feridas";"Pleno dia";"Decrescente";"Nublado";"Múltipla";"Reta";"Não";2;0;1;0;1;0;1;2;-22,87028692;-43,16579699;"SPRF-RJ";"DEL02-RJ";"UOP02-DEL02-RJ"
292472;2020-06-28;"domingo";"18:10:00";"PR";376;231,8;"APUCARANA";"Falta de Atenção à Condução";"Colisão traseira";"Com Vítimas Feridas";"Plena Noite";"Crescente";"Nublado";"Dupla";"Retorno Regulamentado";"Sim";3;0;1;0;2;0;1;2;-23,568266;-51,512928;"SPRF-PR";"DEL07-PR";"UOP03-DEL07-PR"
292473;2020-06-28;"domingo";"17:40:00";"RJ";40;113;"DUQUE DE CAXIAS";"Falta de Atenção à Condução";"Colisão com objeto estático";"Sem Vítimas";"Plena Noite";"Crescente";"Garoa/Chuvisco";"Dupla";"Curva";"Sim";2;0;0;0;2;0;0;1;-22,71736933;-43,29098225;"SPRF-RJ";"DEL01-RJ";"UOP01-DEL01-RJ"
292474;2020-06-28;"domingo";"16:05:00";"RO";364;430;"JARU";"Falta de Atenção à Condução";"Colisão transversal";"Com Vítimas Feridas";"Pleno dia";"Decrescente";"Sol";"Simples";"Reta";"Não";5;0;2;0;3;0;2;2;-10,40644273;-62,51636982;"SPRF-RO";"DEL03-RO";"UOP02-DEL03-RO"
292475;2020-06-28;"domingo";"17:40:00";"CE";116;19;"ITAITINGA";"Não guardar distância de segurança";"Colisão traseira";"Com Vítimas Feridas";"Anoitecer";"Decrescente";"Céu Claro";"Dupla";"Retorno Regulamentado";"Sim";3;0;1;0;2;0;1;2;-3,91384397;-38,50667231;"SPRF-CE";"DEL01-CE";"UOP02-DEL01-CE"
292476;2020-06-28;"domingo";"15:45:00";"MG";116;654,5;"SAO FRANCISCO DO GLORIA";"Ingestão de Álcool";"Tombamento";"Com Vítimas Feridas";"Pleno dia";"Decrescente";"Sol";"Simples";"Curva";"Não";1;0;0;1;0;0;1;1;-20,74986018;-42,29241383;"SPRF-MG";"DEL07-MG";"UOP03-DEL07-MG"
292477;2020-06-28;"domingo";"18:15:00";"MG";365;685;"MONTE ALEGRE DE MINAS";"Falta de Atenção à Condução";"Saída de leito carroçável";"Sem Vítimas";"Plena Noite";"Decrescente";"Céu Claro";"Dupla";"Reta";"Sim";1;0;0;0;0;1;0;1;-18,86128507;-48,8629942;"SPRF-MG";"DEL15-MG";"UOP01-DEL15-MG"
292478;2020-06-28;"domingo";"16:50:00";"SP";116;80,4;"ROSEIRA";"Falta de Atenção à Condução";"Colisão traseira";"Sem Vítimas";"Anoitecer";"Decrescente";"Nublado";"Dupla";"Reta";"Não";2;0;0;0;2;0;0;2;-22,9008854;-45,30444145;"SPRF-SP";"DEL06-SP";"UOP01-DEL06-SP"
292479;2020-06-28;"domingo";"18:10:00";"SE";235;30,2;"AREIA BRANCA";"Desobediência às normas de trânsito pelo condutor";"Colisão lateral";"Com Vítimas Feridas";"Plena Noite";"Crescente";"Céu Claro";"Simples";"Reta";"Não";6;0;1;0;5;0;1;2;-10,798957;-37,272919;"SPRF-SE";"DEL01-SE";"UOP02-DEL01-SE"
292481;2020-06-28;"domingo";"18:40:00";"RJ";101;395;"ITAGUAI";"Agressão Externa";"Saída de leito carroçável";"Com Vítimas Feridas";"Plena Noite";"Crescente";"Garoa/Chuvisco";"Dupla";"Reta";"Não";1;0;1;0;0;0;1;1;-22,88237391;-43,72205597;"SPRF-RJ";"DEL03-RJ";"UOP01-DEL03-RJ"
292482;2020-06-28;"domingo";"18:30:00";"MG";40;556,5;"NOVA LIMA";"Não guardar distância de segurança";"Engavetamento";"Sem Vítimas";"Plena Noite";"Decrescente";"Céu Claro";"Dupla";"Reta";"Não";3;0;0;0;3;0;0;3;-20,09356202;-43,97554136;"SPRF-MG";"DEL01-MG";"UOP02-DEL01-MG"
292483;2020-06-28;"domingo";"18:30:00";"MG";40;502,1;"ESMERALDAS";"Falta de Atenção à Condução";"Colisão lateral";"Com Vítimas Feridas";"Plena Noite";"Decrescente";"Céu Claro";"Dupla";"Reta";"Não";2;0;1;0;1;0;1;2;-19,714002;-44,160929;"SPRF-MG";"DEL02-MG";"UOP01-DEL02-MG"
292484;2020-06-28;"domingo";"18:30:00";"PR";277;122;"CAMPO LARGO";"Agressão Externa";"Colisão lateral";"Com Vítimas Feridas";"Plena Noite";"Decrescente";"Céu Claro";"Dupla";"Reta";"Sim";2;0;1;0;1;0;1;2;-25,460292;-49,570037;"SPRF-PR";"DEL01-PR";"UOP03-DEL03-PR"
292485;2020-06-28;"domingo";"16:32:00";"SP";381;73,8;"SAO PAULO";"Velocidade Incompatível";"Colisão com objeto estático";"Sem Vítimas";"Pleno dia";"Decrescente";"Chuva";"Dupla";"Curva;Aclive";"Não";2;0;0;0;2;0;0;1;-23,36553404;-46,55253934;"SPRF-SP";"DEL03-SP";"UOP01-DEL03-SP"
292486;2020-06-28;"domingo";"18:30:00";"RJ";116;180,5;"NOVA IGUACU";"Falta de Atenção à Condução";"Colisão traseira";"Com Vítimas Feridas";"Plena Noite";"Decrescente";"Céu Claro";"Dupla";"Reta";"Sim";3;0;1;0;2;0;1;1;-22,7651616;-43,4154728;"SPRF-RJ";"DEL01-RJ";"UOP02-DEL01-RJ"
292488;2020-06-28;"domingo";"18:40:00";"MA";135;0,4;"SAO LUIS";"Falta de Atenção à Condução";"Colisão lateral";"Com Vítimas Feridas";"Plena Noite";"Crescente";"Céu Claro";"Dupla";"Reta";"Sim";3;0;2;0;1;0;2;2;-2,5804565;-44,241947;"SPRF-MA";"DEL01-MA";"UOP01-DEL01-MA"
292489;2020-06-28;"domingo";"19:00:00";"RS";158;333;"SANTA MARIA";"Desobediência às normas de trânsito pelo condutor";"Colisão transversal";"Com Vítimas Feridas";"Plena Noite";"Decrescente";"Céu Claro";"Simples";"Rotatória";"Não";2;0;0;1;0;1;1;2;-29,70846948;-53,86426102;"SPRF-RS";"DEL09-RS";"UOP01-DEL09-RS"
292491;2020-06-28;"domingo";"18:35:00";"RJ";493;105;"SEROPEDICA";"Falta de Atenção à Condução";"Colisão com objeto estático";"Com Vítimas Feridas";"Plena Noite";"Decrescente";"Chuva";"Dupla";"Reta";"Não";4;0;2;2;0;0;4;1;-22,78069229;-43,75073433;"SPRF-RJ";"DEL03-RJ";"UOP01-DEL03-RJ"
292492;2020-06-28;"domingo";"19:30:00";"GO";158;268;"JATAI";"Desobediência às normas de trânsito pelo condutor";"Colisão transversal";"Com Vítimas Feridas";"Plena Noite";"Crescente";"Céu Claro";"Simples";"Reta";"Sim";3;0;0;1;2;0;1;2;-17,86237;-51,73003;"SPRF-GO";"DEL05-GO";"UOP01-DEL05-GO"
292493;2020-06-28;"domingo";"19:40:00";"MG";381;480,5;"CONTAGEM";"Velocidade Incompatível";"Saída de leito carroçável";"Com Vítimas Fatais";"Plena Noite";"Crescente";"Céu Claro";"Dupla";"Curva";"Sim";1;1;0;0;0;0;0;1;-19,95826313;-44,05627012;"SPRF-MG";"DEL01-MG";"UOP03-DEL01-MG"
292494;2020-06-28;"domingo";"19:40:00";"SP";116;215;"GUARULHOS";"Falta de Atenção à Condução";"Colisão com objeto estático";"Com Vítimas Feridas";"Plena Noite";"Crescente";"Garoa/Chuvisco";"Múltipla";"Reta";"Sim";1;0;1;0;0;0;1;1;-23,44695693;-46,45394103;"SPRF-SP";"DEL01-SP";"UOP01-DEL01-SP"
292495;2020-06-28;"domingo";"18:45:00";"PA";316;167;"SANTA LUZIA DO PARA";"Falta de Atenção à Condução";"Tombamento";"Com Vítimas Feridas";"Plena Noite";"Crescente";"Céu Claro";"Simples";"Reta";"Não";1;0;0;1;0;0;1;1;-1,31770897;-47,08364297;"SPRF-PA";"DEL01-PA";"UOP03-DEL01-PA"
292496;2020-06-28;"domingo";"19:30:00";"SC";101;199;"SAO JOSE";"Ingestão de Álcool";"Saída de leito carroçável";"Com Vítimas Feridas";"Plena Noite";"Decrescente";"Céu Claro";"Dupla";"Reta";"Sim";1;0;1;0;0;0;1;1;-27,53413705;-48,63003205;"SPRF-SC";"DEL01-SC";"UOP01-DEL01-SC"
292497;2020-06-28;"domingo";"19:16:00";"AL";316;252,3;"PILAR";"Falta de Atenção à Condução";"Colisão com objeto em movimento";"Com Vítimas Fatais";"Plena Noite";"Crescente";"Céu Claro";"Simples";"Reta";"Sim";3;1;0;0;1;1;0;3;-9,57133936;-35,9663966;"SPRF-AL";"DEL02-AL";"UOP01-DEL02-AL"
292498;2020-06-28;"domingo";"19:30:00";"AL";104;49;"BRANQUINHA";"Velocidade Incompatível";"Capotamento";"Com Vítimas Feridas";"Plena Noite";"Crescente";"Garoa/Chuvisco";"Simples";"Curva";"Não";1;0;0;1;0;0;1;1;-9,25306896;-35,99102288;"SPRF-AL";"DEL01-AL";"UOP02-DEL01-AL"
292499;2020-06-28;"domingo";"19:45:00";"MG";381;338;"NOVA ERA";"Falta de Atenção à Condução";"Queda de ocupante de veículo";"Com Vítimas Feridas";"Plena Noite";"Decrescente";"Céu Claro";"Simples";"Curva";"Não";2;0;1;0;0;1;1;1;-19,82924241;-43,0894489;"SPRF-MG";"DEL03-MG";"UOP01-DEL03-MG"
292501;2020-06-28;"domingo";"20:00:00";"RJ";40;110;"DUQUE DE CAXIAS";"Defeito Mecânico no Veículo";"Colisão com objeto estático";"Sem Vítimas";"Plena Noite";"Crescente";"Céu Claro";"Múltipla";"Reta";"Sim";1;0;0;0;1;0;0;1;-22,68289906;-43,28549346;"SPRF-RJ";"DEL01-RJ";"UOP01-DEL01-RJ"
292502;2020-06-28;"domingo";"20:11:00";"SP";116;215;"GUARULHOS";"Falta de Atenção à Condução";"Colisão traseira";"Sem Vítimas";"Plena Noite";"Decrescente";"Garoa/Chuvisco";"Múltipla";"Reta";"Sim";3;0;0;0;3;0;0;2;-23,44695693;-46,45394103;"SPRF-SP";"DEL01-SP";"UOP01-DEL01-SP"
292504;2020-06-28;"domingo";"20:20:00";"GO";40;1,4;"VALPARAISO DE GOIAS";"Ingestão de Álcool";"Colisão traseira";"Com Vítimas Feridas";"Plena Noite";"Crescente";"Céu Claro";"Dupla";"Declive;Reta";"Sim";3;0;0;1;1;1;1;3;-16,058245;-47,982825;"SPRF-DF";"DEL01-DF";"UOP01-DEL01-DF"
292505;2020-06-28;"domingo";"17:50:00";"PR";376;499;"PONTA GROSSA";"Restrição de Visibilidade";"Colisão com objeto estático";"Com Vítimas Feridas";"Anoitecer";"Crescente";"Céu Claro";"Dupla";"Reta";"Sim";2;0;1;0;1;0;1;1;-25,19475149;-50,07738945;"SPRF-PR";"DEL03-PR";"UOP04-DEL03-PR"
292506;2020-06-28;"domingo";"19:15:00";"MG";365;734,5;"ITUIUTABA";"Ultrapassagem Indevida";"Colisão frontal";"Com Vítimas Feridas";"Plena Noite";"Crescente";"Céu Claro";"Simples";"Reta";"Não";2;0;2;0;0;0;2;2;-18,90458595;-49,31684201;"SPRF-MG";"DEL15-MG";"UOP03-DEL15-MG"
292508;2020-06-28;"domingo";"20:30:00";"RJ";356;180;"SAO JOAO DA BARRA";"Desobediência às normas de trânsito pelo condutor";"Colisão lateral";"Com Vítimas Feridas";"Plena Noite";"Crescente";"Nublado";"Simples";"Reta";"Não";2;0;1;0;1;0;1;2;-21,66362002;-41,05431159;"SPRF-RJ";"DEL08-RJ";"UOP02-DEL08-RJ"
292511;2020-06-28;"domingo";"19:00:00";"RR";401;0;"BOA VISTA";"Falta de Atenção à Condução";"Colisão traseira";"Com Vítimas Feridas";"Anoitecer";"Decrescente";"Céu Claro";"Múltipla";"Curva";"Sim";3;0;1;0;0;2;1;2;2,8061678;-60,68998;"SPRF-RR";"DEL01-RR";"UOP01-DEL01-RR"
292512;2020-06-28;"domingo";"11:00:00";"RO";364;473;"ARIQUEMES";"Falta de Atenção à Condução";"Colisão transversal";"Com Vítimas Feridas";"Pleno dia";"Crescente";"Céu Claro";"Simples";"Reta";"Não";3;0;2;1;0;0;3;2;-10,18146706;-62,81974504;"SPRF-RO";"DEL03-RO";"UOP01-DEL03-RO"
292513;2020-06-28;"domingo";"20:30:00";"PE";408;74,4;"PAUDALHO";"Velocidade Incompatível";"Colisão com objeto estático";"Com Vítimas Feridas";"Plena Noite";"Decrescente";"Céu Claro";"Múltipla";"Reta";"Sim";1;0;0;1;0;0;1;1;-7,89701706;-35,17300548;"SPRF-PE";"DEL01-PE";"UOP01-DEL01-PE"
292514;2020-06-28;"domingo";"19:30:00";"CE";222;86,5;"UMIRIM";"Deficiência ou não Acionamento do Sistema de Iluminação/Sinalização do Veículo";"Colisão traseira";"Com Vítimas Feridas";"Plena Noite";"Crescente";"Céu Claro";"Simples";"Reta";"Não";3;0;2;0;1;0;2;2;-3,67228804;-39,311731;"SPRF-CE";"DEL04-CE";"UOP03-DEL04-CE"
292515;2020-06-28;"domingo";"20:20:00";"RJ";465;20;"NOVA IGUACU";"Falta de Atenção à Condução";"Colisão traseira";"Com Vítimas Feridas";"Plena Noite";"Crescente";"Garoa/Chuvisco";"Simples";"Reta";"Sim";3;0;1;0;2;0;1;2;-22,846828;-43,605339;"SPRF-RJ";"DEL03-RJ";"UOP01-DEL03-RJ"
292518;2020-06-28;"domingo";"21:00:00";"DF";20;7,6;"BRASILIA";"Falta de Atenção do Pedestre";"Atropelamento de Pedestre";"Com Vítimas Feridas";"Plena Noite";"Crescente";"Céu Claro";"Dupla";"Reta";"Sim";2;0;0;1;1;0;1;2;-15,66134598;-47,79855251;"SPRF-DF";"DEL02-DF";"UOP01-DEL02-DF"
292519;2020-06-28;"domingo";"18:55:00";"CE";116;23;"AQUIRAZ";"Falta de Atenção à Condução";"Colisão transversal";"Com Vítimas Feridas";"Plena Noite";"Decrescente";"Céu Claro";"Simples";"Reta;Retorno Regulamentado";"Não";2;0;0;2;0;0;2;2;-3,94905489;-38,51212845;"SPRF-CE";"DEL01-CE";"UOP02-DEL01-CE"
292520;2020-06-28;"domingo";"13:45:00";"RS";285;604,6;"SANTO ANTONIO DAS MISSOES";"Falta de Atenção à Condução";"Colisão lateral";"Com Vítimas Feridas";"Pleno dia";"Crescente";"Céu Claro";"Simples";"Curva";"Não";3;0;1;0;2;0;1;2;-28,493431;-55,324024;"SPRF-RS";"DEL12-RS";"UOP01-DEL12-RS"
292521;2020-06-28;"domingo";"21:15:00";"SC";282;6;"SAO JOSE";"Ingestão de Álcool";"Tombamento";"Com Vítimas Feridas";"Plena Noite";"Crescente";"Céu Claro";"Dupla";"Curva";"Sim";1;0;1;0;0;0;1;1;-27,591936;-48,618244;"SPRF-SC";"DEL01-SC";"UOP01-DEL01-SC"
292523;2020-06-28;"domingo";"21:20:00";"PR";369;156;"LONDRINA";"Desobediência às normas de trânsito pelo pedestre";"Atropelamento de Pedestre";"Com Vítimas Feridas";"Plena Noite";"Decrescente";"Céu Claro";"Dupla";"Reta";"Sim";3;0;0;3;0;0;3;2;-23,29019439;-51,22047186;"SPRF-PR";"DEL07-PR";"UOP01-DEL07-PR"