"id";"data_inversa";"dia_semana";"horario";"uf";"br";"km";"municipio";"causa_acidente";"tipo_acidente";"classificacao_acidente";"fase_dia";"sentido_via";"condicao_metereologica";"tipo_pista";"tracado_via";"uso_solo";"pessoas";"mortos";"feridos_leves";"feridos_graves";"ilesos";"ignorados";"feridos";"veiculos";"latitude";"longitude";"regional";"delegacia";"uop"
292524;2020-06-28;"domingo";"17:00:00";"MG";381;407,5;"BOM JESUS DO AMPARO";"Desobediência às normas de trânsito pelo condutor";"Colisão transversal";"Com Vítimas Feridas";"Pleno dia";"Decrescente";"Céu Claro";"Simples";"Reta";"Não";4;0;0;3;1;0;3;2;-19,72912426;-43,56119228;"SPRF-MG";"DEL01-MG";"UOP01-DEL01-MG"
292525;2020-06-28;"domingo";"19:51:00";"RO";364;92;"VILHENA";"Deficiência ou não Acionamento do Sistema de Iluminação/Sinalização do Veículo";"Colisão traseira";"Com Vítimas Fatais";"Plena Noite";"Decrescente";"Céu Claro";"Simples";"Reta";"Não";4;1;0;0;2;1;0;3;-12,34401202;-60,63151613;"SPRF-RO";"DEL04-RO";"UOP01-DEL04-RO"
292526;2020-06-28;"domingo";"20:50:00";"PB";230;26,5;"JOAO PESSOA";"Falta de Atenção à Condução";"Colisão traseira";"Com Vítimas Feridas";"Plena Noite";"Crescente";"Céu Claro";"Dupla";"Declive;Reta";"Sim";3;0;2;0;0;1;2;2;-7,1693;-34,8782;"SPRF-PB";"DEL01-PB";"UOP01-DEL01-PB"
292527;2020-06-28;"domingo";"21:30:00";"RS";386;437,4;"NOVA SANTA RITA";"Desobediência às normas de trânsito pelo condutor";"Colisão transversal";"Com Vítimas Feridas";"Plena Noite";"Crescente";"Céu Claro";"Dupla";"Reta";"Não";3;0;1;2;0;0;3;2;-29,85803;-51,261227;"SPRF-RS";"DEL04-RS";"UOP02-DEL04-RS"
292528;2020-06-28;"domingo";"20:30:00";"MG";40;720;"BARBACENA";"Ingestão de Álcool";"Colisão lateral";"Sem Vítimas";"Plena Noite";"Crescente";"Céu Claro";"Dupla";"Reta";"Não";2;0;0;0;1;1;0;2;-21,27884073;-43,64475887;"SPRF-MG";"DEL05-MG";"UOP01-DEL05-MG"
292529;2020-06-28;"domingo";"21:48:00";"MG";40;524;"CONTAGEM";"Falta de Atenção à Condução";"Queda de ocupante de veículo";"Com Vítimas Feridas";"Plena Noite";"Crescente";"Céu Claro";"Dupla";"Reta";"Sim";2;0;0;2;0;0;2;1;-19,8754469;-44,05345586;"SPRF-MG";"DEL01-MG";"UOP02-DEL01-MG"
292530;2020-06-28;"domingo";"21:00:00";"SC";282;345;"CAMPOS NOVOS";"Ingestão de Álcool";"Saída de leito carroçável";"Sem Vítimas";"Plena Noite";"Crescente";"Nublado";"Simples";"Reta";"Não";1;0;0;0;1;0;0;1;-27,374619;-51,247044;"SPRF-SC";"DEL07-SC";"UOP06-DEL07-SC"
292531;2020-06-28;"domingo";"18:20:00";"MS";262;571,9;"MIRANDA";"Animais na Pista";"Atropelamento de Animal";"Com Vítimas Feridas";"Plena Noite";"Decrescente";"Céu Claro";"Simples";"Reta";"Não";1;0;0;1;0;0;1;1;-20,1902862;-56,48622499;"SPRF-MS";"DEL03-MS";"UOP02-DEL03-MS"
292532;2020-06-28;"domingo";"20:30:00";"MG";365;610;"UBERLANDIA";"Falta de Atenção à Condução";"Colisão com objeto estático";"Com Vítimas Feridas";"Plena Noite";"Crescente";"Ignorado";"Dupla";"Reta";"Sim";1;0;1;0;0;0;1;1;-18,92793854;-48,19198317;"SPRF-MG";"DEL15-MG";"UOP01-DEL15-MG"
292533;2020-06-28;"domingo";"23:05:00";"PR";476;162,5;"ARAUCARIA";"Falta de Atenção à Condução";"Saída de leito carroçável";"Sem Vítimas";"Plena Noite";"Crescente";"Nublado";"Simples";"Reta";"Não";1;0;0;0;0;1;0;1;-25,627626;-49,454449;"SPRF-PR";"DEL01-PR";"UOP06-DEL01-PR"
292534;2020-06-28;"domingo";"22:14:00";"RS";290;32;"SANTO ANTONIO DA PATRULHA";"Animais na Pista";"Atropelamento de Animal";"Sem Vítimas";"Plena Noite";"Crescente";"Céu Claro";"Dupla";"Reta";"Não";4;0;0;0;4;0;0;1;-29,884836;-50,576054;"SPRF-RS";"DEL03-RS";"UOP01-DEL03-RS"
292535;2020-06-28;"domingo";"22:00:00";"RN";304;11;"MOSSORO";"Ingestão de Álcool";"Saída de leito carroçável";"Com Vítimas Feridas";"Plena Noite";"Decrescente";"Céu Claro";"Simples";"Reta";"Não";1;0;1;0;0;0;1;1;-4,96418497;-37,39394095;"SPRF-RN";"DEL04-RN";"UOP02-DEL04-RN"
292536;2020-06-28;"domingo";"22:30:00";"RN";101;72,9;"NATAL";"Ingestão de Álcool";"Colisão transversal";"Com Vítimas Feridas";"Plena Noite";"Decrescente";"Nublado";"Simples";"Interseção de Vias";"Não";2;0;1;0;1;0;1;2;-5,704494;-35,265721;"SPRF-RN";"DEL02-RN";"UOP01-DEL02-RN"
292537;2020-06-28;"domingo";"21:10:00";"SC";101;326;"CAPIVARI DE BAIXO";"Ingestão de Álcool";"Saída de leito carroçável";"Sem Vítimas";"Plena Noite";"Crescente";"Nublado";"Múltipla";"Reta";"Sim";2;0;0;0;1;1;0;2;-28,42870841;-48,94220352;"SPRF-SC";"DEL02-SC";"UOP01-DEL02-SC"
292540;2020-06-28;"domingo";"22:00:00";"PE";232;0,5;"SERRA TALHADA";"Velocidade Incompatível";"Saída de leito carroçável";"Com Vítimas Fatais";"Plena Noite";"Crescente";"Céu Claro";"Simples";"Reta";"Sim";1;1;0;0;0;0;0;1;-7,976554;-38,28958511;"SPRF-PE";"DEL01-PE";"UOP01-DEL01-PE"
292541;2020-06-28;"domingo";"22:50:00";"RN";226;9,5;"NATAL";"Ingestão de Álcool";"Colisão frontal";"Com Vítimas Feridas";"Plena Noite";"Crescente";"Nublado";"Simples";"Curva";"Não";2;0;2;0;0;0;2;2;-5,83553859;-35,28918711;"SPRF-RN";"DEL01-RN";"UOP02-DEL01-RN"
292543;2020-06-29;"segunda-feira";"00:05:00";"SC";101;199,8;"SAO JOSE";"Ingestão de Álcool";"Colisão lateral";"Com Vítimas Feridas";"Plena Noite";"Crescente";"Céu Claro";"Dupla";"Declive";"Sim";3;0;2;0;1;0;2;2;-27,54018513;-48,62287714;"SPRF-SC";"DEL01-SC";"UOP01-DEL01-SC"
292546;2020-06-28;"domingo";"23:45:00";"SC";101;137;"BALNEARIO CAMBORIU";"Pista Escorregadia";"Saída de leito carroçável";"Com Vítimas Feridas";"Plena Noite";"Decrescente";"Nublado";"Simples";"Curva";"Sim";2;0;1;0;1;0;1;1;-27,0157238;-48,61192763;"SPRF-SC";"DEL04-SC";"UOP03-DEL04-SC"
292547;2020-06-28;"domingo";"22:20:00";"BA";101;692,8;"EUNAPOLIS";"Velocidade Incompatível";"Colisão com objeto estático";"Com Vítimas Feridas";"Plena Noite";"Crescente";"Céu Claro";"Simples";"Curva;Declive";"Não";2;0;2;0;0;0;2;1;-16,18743404;-39,60648537;"SPRF-BA";"DEL09-BA";"UOP01-DEL09-BA"
292548;2020-06-28;"domingo";"22:50:00";"SC";282;630;"DESCANSO";"Ingestão de Álcool";"Colisão com objeto estático";"Sem Vítimas";"Plena Noite";"Crescente";"Céu Claro";"Simples";"Curva;Ponte;Declive";"Não";2;0;0;0;2;0;0;2;-26,822149;-53,384697;"SPRF-SC";"DEL07-SC";"UOP03-DEL07-SC"
292549;2020-06-29;"segunda-feira";"01:40:00";"SE";101;92,3;"NOSSA SENHORA DO SOCORRO";"Falta de Atenção à Condução";"Queda de ocupante de veículo";"Com Vítimas Feridas";"Plena Noite";"Decrescente";"Céu Claro";"Simples";"Curva";"Não";1;0;0;1;0;0;1;1;-10,90169474;-37,13619222;"SPRF-SE";"DEL01-SE";"UOP01-DEL01-SE"
292551;2020-06-28;"domingo";"19:00:00";"CE";116;138;"PALHANO";"Ingestão de Substâncias Psicoativas";"Colisão lateral";"Sem Vítimas";"Plena Noite";"Crescente";"Céu Claro";"Simples";"Curva";"Não";3;0;0;0;3;0;0;2;-4,7466739;-38,07194588;"SPRF-CE";"DEL03-CE";"UOP01-DEL03-CE"
292552;2020-06-29;"segunda-feira";"03:30:00";"PA";308;154,6;"CAPANEMA";"Defeito na Via";"Colisão traseira";"Com Vítimas Fatais";"Plena Noite";"Decrescente";"Céu Claro";"Simples";"Reta";"Não";2;1;0;0;0;1;0;2;-1,20937;-47,151227;"SPRF-PA";"DEL01-PA";"UOP03-DEL01-PA"
292553;2020-06-29;"segunda-feira";"04:45:00";"TO";153;150;"ARAGUAINA";"Falta de Atenção à Condução";"Colisão traseira";"Com Vítimas Feridas";"Plena Noite";"Crescente";"Céu Claro";"Simples";"Reta";"Não";2;0;0;1;1;0;1;2;-7,24812605;-48,25533885;"SPRF-TO";"DEL02-TO";"UOP01-DEL02-TO"
292555;2020-06-29;"segunda-feira";"04:45:00";"RJ";101;281;"ITABORAI";"Falta de Atenção à Condução";"Colisão lateral";"Com Vítimas Feridas";"Plena Noite";"Crescente";"Céu Claro";"Dupla";"Reta";"Não";2;0;1;0;1;0;1;2;-22,73786208;-42,78692501;"SPRF-RJ";"DEL02-RJ";"UOP03-DEL02-RJ"
292556;2020-06-28;"domingo";"17:05:00";"SP";381;75;"SAO PAULO";"Velocidade Incompatível";"Saída de leito carroçável";"Sem Vítimas";"Anoitecer";"Decrescente";"Chuva";"Dupla";"Curva";"Não";1;0;0;0;0;1;0;1;-23,37660089;-46,56409613;"SPRF-SP";"DEL03-SP";"UOP01-DEL03-SP"
292557;2020-06-29;"segunda-feira";"05:50:00";"RJ";116;178;"NOVA IGUACU";"Falta de Atenção à Condução";"Engavetamento";"Com Vítimas Feridas";"Amanhecer";"Decrescente";"Céu Claro";"Múltipla";"Reta";"Sim";5;0;1;0;4;0;1;5;-22,77496393;-43,40081465;"SPRF-RJ";"DEL01-RJ";"UOP02-DEL01-RJ"
292558;2020-06-29;"segunda-feira";"06:00:00";"RS";290;589;"ALEGRETE";"Falta de Atenção à Condução";"Saída de leito carroçável";"Com Vítimas Feridas";"Plena Noite";"Decrescente";"Nublado";"Simples";"Reta";"Não";3;0;2;0;1;0;2;1;-29,81356;-55,866325;"SPRF-RS";"DEL13-RS";"UOP02-DEL13-RS"
292559;2020-06-28;"domingo";"15:10:00";"SC";101;322;"PESCARIA BRAVA";"Ingestão de Álcool";"Colisão com objeto estático";"Sem Vítimas";"Pleno dia";"Decrescente";"Sol";"Dupla";"Reta";"Não";2;0;0;0;2;0;0;1;-28,42491971;-48,90238108;"SPRF-SC";"DEL02-SC";"UOP01-DEL02-SC"
292560;2020-06-29;"segunda-feira";"06:20:00";"DF";40;5,7;"BRASILIA";"Falta de Atenção à Condução";"Colisão lateral";"Com Vítimas Feridas";"Pleno dia";"Decrescente";"Céu Claro";"Dupla";"Reta";"Não";2;0;0;1;1;0;1;2;-16,020903;-47,980541;"SPRF-DF";"DEL01-DF";"UOP01-DEL01-DF"
292561;2020-06-28;"domingo";"23:30:00";"MT";163;89;"RONDONOPOLIS";"Falta de Atenção à Condução";"Colisão com objeto estático";"Sem Vítimas";"Plena Noite";"Decrescente";"Céu Claro";"Dupla";"Curva";"Não";1;0;0;0;1;0;0;1;-16,748505;-54,65008101;"SPRF-MT";"DEL02-MT";"UOP01-DEL02-MT"
292563;2020-06-29;"segunda-feira";"06:40:00";"DF";70;18;"BRASILIA";"Falta de Atenção à Condução";"Colisão traseira";"Com Vítimas Feridas";"Pleno dia";"Crescente";"Sol";"Dupla";"Reta";"Não";4;0;2;0;2;0;2;4;-15,791093;-48,21096;"SPRF-DF";"DEL03-DF";"UOP02-DEL03-DF"
292564;2020-06-29;"segunda-feira";"06:30:00";"SP";116;81,4;"ROSEIRA";"Falta de Atenção à Condução";"Colisão traseira";"Com Vítimas Feridas";"Amanhecer";"Decrescente";"Chuva";"Dupla";"Reta";"Sim";2;0;1;0;1;0;1;2;-22,90482177;-45,31030655;"SPRF-SP";"DEL06-SP";"UOP01-DEL06-SP"
292565;2020-06-29;"segunda-feira";"04:00:00";"GO";364;298;"MINEIROS";"Animais na Pista";"Atropelamento de Animal";"Com Vítimas Feridas";"Plena Noite";"Crescente";"Nevoeiro/Neblina";"Simples";"Curva";"Não";1;0;1;0;0;0;1;1;-17,559579;-52,528783;"SPRF-GO";"DEL05-GO";"UOP01-DEL05-GO"
292566;2020-06-29;"segunda-feira";"06:45:00";"SC";282;16,5;"PALHOCA";"Desobediência às normas de trânsito pelo condutor";"Atropelamento de Pedestre";"Com Vítimas Feridas";"Pleno dia";"Crescente";"Céu Claro";"Simples";"Reta";"Sim";2;0;0;1;1;0;1;2;-27,658611;-48,681847;"SPRF-SC";"DEL01-SC";"UOP02-DEL01-SC"
292567;2020-06-28;"domingo";"22:45:00";"MG";381;480;"BETIM";"Velocidade Incompatível";"Colisão com objeto estático";"Sem Vítimas";"Plena Noite";"Crescente";"Céu Claro";"Dupla";"Curva";"Sim";1;0;0;0;0;1;0;1;-19,95636723;-44,09401417;"SPRF-MG";"DEL01-MG";"UOP03-DEL01-MG"
292568;2020-06-29;"segunda-feira";"06:20:00";"RJ";116;181;"NOVA IGUACU";"Falta de Atenção à Condução";"Colisão com objeto estático";"Sem Vítimas";"Pleno dia";"Crescente";"Nublado";"Dupla";"Reta";"Sim";4;0;0;0;4;0;0;1;-22,761312;-43,423492;"SPRF-RJ";"DEL01-RJ";"UOP02-DEL01-RJ"
292571;2020-06-29;"segunda-feira";"06:50:00";"PR";116;17;"CURITIBA";"Falta de Atenção do Pedestre";"Atropelamento de Pedestre";"Com Vítimas Feridas";"Amanhecer";"Crescente";"Garoa/Chuvisco";"Dupla";"Retorno Regulamentado;Desvio Temporário;Em Obras";"Sim";2;0;1;0;1;0;1;2;-25,38896938;-49,20345068;"SPRF-PR";"DEL01-PR";"UOP01-DEL01-PR"
292572;2020-06-29;"segunda-feira";"07:15:00";"SC";470;59,1;"BLUMENAU";"Desobediência às normas de trânsito pelo condutor";"Colisão transversal";"Com Vítimas Feridas";"Pleno dia";"Crescente";"Céu Claro";"Simples";"Aclive;Curva";"Sim";2;0;1;0;1;0;1;2;-26,882812;-49,1548;"SPRF-SC";"DEL04-SC";"UOP01-DEL04-SC"
292573;2020-06-29;"segunda-feira";"07:05:00";"MG";40;514;"RIBEIRAO DAS NEVES";"Falta de Atenção à Condução";"Queda de ocupante de veículo";"Sem Vítimas";"Amanhecer";"Crescente";"Céu Claro";"Dupla";"Reta";"Não";1;0;0;0;1;0;0;1;-19,80151928;-44,10000333;"SPRF-MG";"DEL01-MG";"UOP02-DEL01-MG"
292574;2020-06-29;"segunda-feira";"06:40:00";"PB";104;129,8;"CAMPINA GRANDE";"Ingestão de Álcool";"Saída de leito carroçável";"Sem Vítimas";"Amanhecer";"Decrescente";"Céu Claro";"Dupla";"Retorno Regulamentado";"Não";1;0;0;0;0;1;0;1;-7,2788902;-35,88870148;"SPRF-PB";"DEL02-PB";"UOP03-DEL02-PB"
292576;2020-06-29;"segunda-feira";"07:45:00";"MG";262;46,3;"MANHUACU";"Velocidade Incompatível";"Tombamento";"Com Vítimas Feridas";"Pleno dia";"Crescente";"Nublado";"Simples";"Curva";"Não";1;0;1;0;0;0;1;1;-20,26333304;-42,10566505;"SPRF-MG";"DEL06-MG";"UOP03-DEL06-MG"
292577;2020-06-02;"terça-feira";"16:35:00";"AP";210;1;"MACAPA";"Desobediência às normas de trânsito pelo condutor";"Colisão lateral";"Com Vítimas Feridas";"Pleno dia";"Decrescente";"Nublado";"Simples";"Reta";"Sim";2;0;0;1;1;0;1;2;0,08022;-51,07424;"SPRF-AP";"DEL01-AP";"UOP01-DEL01-AP"
292578;2020-06-29;"segunda-feira";"06:40:00";"MA";135;5;"SAO LUIS";"Falta de Atenção à Condução";"Atropelamento de Pedestre";"Com Vítimas Feridas";"Pleno dia";"Decrescente";"Céu Claro";"Dupla";"Reta";"Sim";4;0;1;0;0;3;1;2;-2,628431;-44,31547344;"SPRF-MA";"DEL01-MA";"UOP01-DEL01-MA"
292580;2020-06-29;"segunda-feira";"07:35:00";"RJ";40;105;"DUQUE DE CAXIAS";"Avarias e/ou desgaste excessivo no pneu";"Queda de ocupante de veículo";"Com Vítimas Feridas";"Pleno dia";"Crescente";"Garoa/Chuvisco";"Dupla";"Reta";"Sim";1;0;1;0;0;0;1;1;-22,63784806;-43,28428824;"SPRF-RJ";"DEL01-RJ";"UOP01-DEL01-RJ"
292581;2020-06-29;"segunda-feira";"07:00:00";"MG";381;484;"BETIM";"Desobediência às normas de trânsito pelo condutor";"Colisão lateral";"Com Vítimas Feridas";"Pleno dia";"Decrescente";"Nublado";"Dupla";"Curva";"Sim";3;0;2;0;1;0;2;2;-19,95531717;-44,11722196;"SPRF-MG";"DEL01-MG";"UOP03-DEL01-MG"
292583;2020-06-29;"segunda-feira";"08:00:00";"MG";40;350,5;"FELIXLANDIA";"Avarias e/ou desgaste excessivo no pneu";"Saída de leito carroçável";"Com Vítimas Feridas";"Pleno dia";"Crescente";"Céu Claro";"Simples";"Reta";"Não";1;0;1;0;0;0;1;1;-18,7248842;-44,93873113;"SPRF-MG";"DEL02-MG";"UOP01-DEL02-MG"
292584;2020-06-29;"segunda-feira";"06:00:00";"RJ";116;135;"MAGE";"Falta de Atenção à Condução";"Colisão transversal";"Com Vítimas Fatais";"Amanhecer";"Crescente";"Chuva";"Dupla";"Reta";"Sim";2;1;0;0;1;0;0;2;-22,64665046;-43,20356369;"SPRF-RJ";"DEL04-RJ";"UOP02-DEL04-RJ"
292587;2020-06-29;"segunda-feira";"07:40:00";"SC";101;117,2;"ITAJAI";"Falta de Atenção à Condução";"Colisão lateral";"Com Vítimas Feridas";"Pleno dia";"Crescente";"Nublado";"Múltipla";"Reta";"Sim";2;0;1;0;1;0;1;2;-26,88747187;-48,72252969;"SPRF-SC";"DEL04-SC";"UOP04-DEL04-SC"
292588;2020-06-29;"segunda-feira";"08:00:00";"AL";104;88,9;"RIO LARGO";"Falta de Atenção à Condução";"Colisão traseira";"Com Vítimas Feridas";"Pleno dia";"Decrescente";"Céu Claro";"Dupla";"Retorno Regulamentado";"Sim";2;0;1;0;0;1;1;2;-9,48876316;-35,81599295;"SPRF-AL";"DEL01-AL";"UOP01-DEL01-AL"
292590;2020-06-29;"segunda-feira";"07:50:00";"BA";116;827;"VITORIA DA CONQUISTA";"Desobediência às normas de trânsito pelo condutor";"Colisão lateral";"Com Vítimas Feridas";"Pleno dia";"Crescente";"Nublado";"Simples";"Reta";"Sim";3;0;2;0;0;1;2;2;-14,82538058;-40,82217022;"SPRF-BA";"DEL08-BA";"UOP01-DEL08-BA"
292591;2020-06-29;"segunda-feira";"08:30:00";"RJ";40;92;"PETROPOLIS";"Pista Escorregadia";"Saída de leito carroçável";"Com Vítimas Feridas";"Pleno dia";"Crescente";"Nublado";"Simples";"Curva";"Não";3;0;1;0;2;0;1;1;-22,55191954;-43,25068815;"SPRF-RJ";"DEL06-RJ";"UOP01-DEL06-RJ"
292592;2020-06-29;"segunda-feira";"08:40:00";"SP";116;445;"REGISTRO";"Falta de Atenção à Condução";"Colisão traseira";"Com Vítimas Feridas";"Pleno dia";"Crescente";"Garoa/Chuvisco";"Múltipla";"Reta";"Sim";3;0;1;0;2;0;1;3;-24,49790715;-47,84208686;"SPRF-SP";"DEL05-SP";"UOP01-DEL05-SP"
292593;2020-06-28;"domingo";"23:30:00";"PR";0;0;"GUAIRA";"Restrição de Visibilidade";"Colisão com objeto estático";"Sem Vítimas";"Plena Noite";"Não Informado";"Céu Claro";"Simples";"Reta";"Sim";2;0;0;0;2;0;0;1;-24,084226;-54,2069084;"SPRF-PR";"DEL06-PR";"N/A"
292595;2020-06-29;"segunda-feira";"08:30:00";"SC";101;153,7;"PORTO BELO";"Defeito Mecânico no Veículo";"Tombamento";"Com Vítimas Feridas";"Pleno dia";"Crescente";"Nublado";"Dupla";"Reta";"Sim";2;0;0;1;1;0;1;1;-27,14086801;-48,61028016;"SPRF-SC";"DEL04-SC";"UOP03-DEL04-SC"
292597;2020-06-29;"segunda-feira";"08:45:00";"SC";282;345;"CAMPOS NOVOS";"Velocidade Incompatível";"Queda de ocupante de veículo";"Com Vítimas Feridas";"Pleno dia";"Decrescente";"Céu Claro";"Simples";"Curva";"Sim";1;0;1;0;0;0;1;1;-27,374619;-51,247044;"SPRF-SC";"DEL07-SC";"UOP06-DEL07-SC"
292599;2020-06-29;"segunda-feira";"09:30:00";"RS";386;286,4;"SAO JOSE DO HERVAL";"Avarias e/ou desgaste excessivo no pneu";"Colisão transversal";"Com Vítimas Feridas";"Pleno dia";"Crescente";"Nublado";"Simples";"Reta";"Não";4;0;1;1;2;0;2;2;-29,067266;-52,284664;"SPRF-RS";"DEL04-RS";"UOP03-DEL04-RS"
292600;2020-06-29;"segunda-feira";"10:30:00";"PR";116;16,9;"ANTONINA";"Pista Escorregadia";"Saída de leito carroçável";"Com Vítimas Feridas";"Pleno dia";"Decrescente";"Garoa/Chuvisco";"Dupla";"Curva";"Não";4;0;1;0;3;0;1;1;-25,09969807;-48,692225;"SPRF-PR";"DEL01-PR";"UOP02-DEL01-PR"
292602;2020-06-29;"segunda-feira";"11:10:00";"DF";20;24,8;"BRASILIA";"Defeito Mecânico no Veículo";"Colisão com objeto estático";"Sem Vítimas";"Pleno dia";"Crescente";"Sol";"Dupla";"Reta";"Não";1;0;0;0;1;0;0;1;-15,59542666;-47,64830589;"SPRF-DF";"DEL02-DF";"UOP01-DEL02-DF"
292605;2020-06-29;"segunda-feira";"12:00:00";"PB";230;87,8;"JOAO PESSOA";"Pista Escorregadia";"Tombamento";"Com Vítimas Feridas";"Pleno dia";"Decrescente";"Sol";"Simples";"Curva";"Não";2;0;2;0;0;0;2;1;-7,164696;-34,894994;"SPRF-PB";"DEL01-PB";"UOP03-DEL01-PB"
292606;2020-06-17;"quarta-feira";"16:10:00";"SC";282;588,5;"SAUDADES";"Falta de Atenção à Condução";"Colisão traseira";"Com Vítimas Feridas";"Pleno dia";"Crescente";"Céu Claro";"Simples";"Curva";"Não";7;0;2;0;4;1;2;4;-26,826273;-53,052547;"SPRF-SC";"DEL07-SC";"UOP02-DEL07-SC"
292608;2020-06-29;"segunda-feira";"11:30:00";"SP";116;58,3;"LORENA";"Animais na Pista";"Colisão traseira";"Com Vítimas Feridas";"Pleno dia";"Decrescente";"Céu Claro";"Dupla";"Reta";"Não";2;0;1;0;1;0;1;2;-22,78005511;-45,14572791;"SPRF-SP";"DEL08-SP";"UOP01-DEL08-SP"
292609;2020-06-29;"segunda-feira";"11:50:00";"PI";343;1;"LUIS CORREIA";"Desobediência às normas de trânsito pelo condutor";"Colisão transversal";"Com Vítimas Feridas";"Pleno dia";"Crescente";"Sol";"Simples";"Reta";"Sim";2;0;1;0;1;0;1;2;-2,890292;-41,667423;"SPRF-PI";"DEL05-PI";"UOP01-DEL05-PI"
292610;2020-06-29;"segunda-feira";"12:15:00";"PR";277;100,5;"CURITIBA";"Defeito Mecânico no Veículo";"Capotamento";"Com Vítimas Feridas";"Pleno dia";"Decrescente";"Nublado";"Dupla";"Curva";"Não";1;0;1;0;0;0;1;1;-25,52924091;-49,32682192;"SPRF-PR";"DEL01-PR";"UOP06-DEL01-PR"
292611;2020-06-29;"segunda-feira";"11:20:00";"RO";364;237;"CACOAL";"Desobediência às normas de trânsito pelo condutor";"Colisão transversal";"Com Vítimas Feridas";"Pleno dia";"Crescente";"Céu Claro";"Simples";"Reta";"Sim";2;0;1;0;1;0;1;2;-11,44341056;-61,44672787;"SPRF-RO";"DEL02-RO";"UOP02-DEL02-RO"
292612;2020-06-29;"segunda-feira";"11:15:00";"BA";324;480,3;"TANQUINHO";"Velocidade Incompatível";"Saída de leito carroçável";"Com Vítimas Feridas";"Pleno dia";"Crescente";"Sol";"Simples";"Curva";"Não";3;0;2;1;0;0;3;1;-11,99458319;-39,07702535;"SPRF-BA";"DEL02-BA";"UOP01-DEL02-BA"
292613;2020-06-29;"segunda-feira";"12:20:00";"MG";251;510,6;"FRANCISCO SA";"Ingestão de álcool e/ou substâncias psicoativas pelo pedestre";"Queda de ocupante de veículo";"Com Vítimas Feridas";"Pleno dia";"Decrescente";"Céu Claro";"Simples";"Reta";"Não";1;0;0;1;0;0;1;1;-16,64567192;-43,70581503;"SPRF-MG";"DEL12-MG";"UOP01-DEL12-MG"
292614;2020-06-29;"segunda-feira";"12:45:00";"PR";369;126,9;"JATAIZINHO";"Falta de Atenção à Condução";"Colisão transversal";"Com Vítimas Feridas";"Pleno dia";"Decrescente";"Céu Claro";"Dupla";"Reta";"Não";2;0;1;0;1;0;1;2;-23,27649;-50,962026;"SPRF-PR";"DEL07-PR";"UOP01-DEL07-PR"
292616;2020-06-29;"segunda-feira";"13:10:00";"PR";369;186,2;"ARAPONGAS";"Desobediência às normas de trânsito pelo condutor";"Atropelamento de Pedestre";"Com Vítimas Feridas";"Pleno dia";"Decrescente";"Nublado";"Simples";"Interseção de Vias";"Sim";2;0;2;0;0;0;2;2;-23,417865;-51,426332;"SPRF-PR";"DEL07-PR";"UOP03-DEL07-PR"
292617;2020-06-29;"segunda-feira";"13:00:00";"PR";277;117;"CAMPO LARGO";"Defeito Mecânico no Veículo";"Saída de leito carroçável";"Com Vítimas Feridas";"Pleno dia";"Decrescente";"Céu Claro";"Dupla";"Reta";"Sim";2;0;1;1;0;0;2;1;-25,434195;-49,415613;"SPRF-PR";"DEL01-PR";"UOP03-DEL03-PR"
292620;2020-06-29;"segunda-feira";"13:30:00";"RJ";101;88;"CAMPOS DOS GOYTACAZES";"Pista Escorregadia";"Saída de leito carroçável";"Sem Vítimas";"Pleno dia";"Decrescente";"Chuva";"Dupla";"Curva";"Não";3;0;0;0;2;1;0;2;-21,83354897;-41,50191804;"SPRF-RJ";"DEL08-RJ";"UOP02-DEL08-RJ"
292624;2020-06-29;"segunda-feira";"10:30:00";"MG";40;295,9;"TRES MARIAS";"Velocidade Incompatível";"Saída de leito carroçável";"Com Vítimas Fatais";"Pleno dia";"Crescente";"Nublado";"Simples";"Aclive";"Não";4;1;1;1;1;0;2;1;-18,3102052;-45,11324941;"SPRF-MG";"DEL14-MG";"UOP02-DEL14-MG"
292625;2020-06-29;"segunda-feira";"13:15:00";"RS";116;259,5;"CANOAS";"Avarias e/ou desgaste excessivo no pneu";"Tombamento";"Com Vítimas Feridas";"Pleno dia";"Crescente";"Nublado";"Dupla";"Reta";"Sim";1;0;1;0;0;0;1;1;-29,870408;-51,179909;"SPRF-RS";"DEL01-RS";"UOP01-DEL01-RS"
292626;2020-06-29;"segunda-feira";"13:50:00";"RS";116;258;"ESTEIO";"Falta de Atenção à Condução";"Colisão lateral";"Com Vítimas Feridas";"Pleno dia";"Crescente";"Céu Claro";"Múltipla";"Reta";"Sim";4;0;1;0;3;0;1;3;-29,86150502;-51,18091535;"SPRF-RS";"DEL01-RS";"UOP02-DEL01-RS"
292630;2020-06-29;"segunda-feira";"14:30:00";"RN";101;122;"SAO JOSE DE MIPIBU";"Mal Súbito";"Colisão com objeto estático";"Com Vítimas Feridas";"Pleno dia";"Crescente";"Céu Claro";"Dupla";"Reta";"Não";2;0;2;0;0;0;2;1;-6,04338592;-35,24621873;"SPRF-RN";"DEL01-RN";"UOP01-DEL01-RN"
292631;2020-06-29;"segunda-feira";"14:40:00";"PE";423;23;"SAO CAITANO";"Agressão Externa";"Saída de leito carroçável";"Sem Vítimas";"Pleno dia";"Crescente";"Céu Claro";"Simples";"Curva";"Não";1;0;0;0;1;0;0;1;-8,36143802;-36,17217263;"SPRF-PE";"DEL02-PE";"UOP03-DEL02-PE"