"id";"data_inversa";"dia_semana";"horario";"uf";"br";"km";"municipio";"causa_acidente";"tipo_acidente";"classificacao_acidente";"fase_dia";"sentido_via";"condicao_metereologica";"tipo_pista";"tracado_via";"uso_solo";"pessoas";"mortos";"feridos_leves";"feridos_graves";"ilesos";"ignorados";"feridos";"veiculos";"latitude";"longitude";"regional";"delegacia";"uop"
292633;2020-06-29;"segunda-feira";"14:20:00";"SC";101;39,4;"JOINVILLE";"Falta de Atenção à Condução";"Tombamento";"Com Vítimas Feridas";"Pleno dia";"Crescente";"Chuva";"Dupla";"Interseção de Vias";"Sim";1;0;1;0;0;0;1;1;-26,2628107;-48,90192257;"SPRF-SC";"DEL03-SC";"UOP01-DEL03-SC"
292634;2020-06-29;"segunda-feira";"15:14:00";"MG";153;226;"FRUTAL";"Falta de Atenção à Condução";"Queda de ocupante de veículo";"Com Vítimas Feridas";"Pleno dia";"Crescente";"Céu Claro";"Simples";"Reta";"Não";1;0;1;0;0;0;1;1;-20,2035647;-49,13188037;"SPRF-MG";"DEL13-MG";"UOP02-DEL13-MG"
292636;2020-06-29;"segunda-feira";"14:50:00";"MS";267;295;"RIO BRILHANTE";"Ingestão de Álcool";"Capotamento";"Sem Vítimas";"Pleno dia";"Decrescente";"Céu Claro";"Simples";"Reta";"Não";1;0;0;0;1;0;0;1;-21,7735262;-54,56888896;"SPRF-MS";"DEL02-MS";"UOP02-DEL02-MS"
292637;2020-06-29;"segunda-feira";"15:25:00";"CE";222;0;"CAUCAIA";"Falta de Atenção à Condução";"Colisão transversal";"Com Vítimas Feridas";"Pleno dia";"Crescente";"Nublado";"Dupla";"Reta";"Sim";2;0;1;0;1;0;1;2;-3,74301;-38,62169;"SPRF-CE";"DEL01-CE";"UOP01-DEL01-CE"
292638;2020-06-29;"segunda-feira";"15:00:00";"PB";230;60,5;"CRUZ DO ESPIRITO SANTO";"Desobediência às normas de trânsito pelo condutor";"Colisão lateral";"Com Vítimas Feridas";"Pleno dia";"Crescente";"Céu Claro";"Dupla";"Em Obras;Retorno Regulamentado";"Não";2;0;0;1;1;0;1;2;-7,205;-35,1393;"SPRF-PB";"DEL01-PB";"UOP03-DEL01-PB"
292640;2020-06-29;"segunda-feira";"15:30:00";"MS";262;531,6;"MIRANDA";"Falta de Atenção do Pedestre";"Atropelamento de Pedestre";"Com Vítimas Fatais";"Pleno dia";"Crescente";"Céu Claro";"Simples";"Reta";"Não";5;1;0;0;3;1;0;2;-20,3509359;-56,151453;"SPRF-MS";"DEL03-MS";"UOP02-DEL03-MS"
292642;2020-06-29;"segunda-feira";"16:30:00";"PE";101;77,7;"RECIFE";"Desobediência às normas de trânsito pelo condutor";"Colisão traseira";"Com Vítimas Feridas";"Pleno dia";"Decrescente";"Céu Claro";"Dupla";"Reta;Em Obras";"Sim";2;0;0;1;1;0;1;2;-8,132679;-34,946278;"SPRF-PE";"DEL01-PE";"UOP01-DEL01-PE"
292643;2020-06-29;"segunda-feira";"16:20:00";"RS";470;210;"BENTO GONCALVES";"Velocidade Incompatível";"Saída de leito carroçável";"Com Vítimas Feridas";"Pleno dia";"Decrescente";"Chuva";"Simples";"Curva;Aclive";"Sim";1;0;0;1;0;0;1;1;-29,11647449;-51,54258383;"SPRF-RS";"DEL06-RS";"UOP01-DEL06-RS"
292644;2020-06-29;"segunda-feira";"16:40:00";"RS";116;265;"CANOAS";"Não guardar distância de segurança";"Colisão lateral";"Com Vítimas Feridas";"Pleno dia";"Decrescente";"Nublado";"Dupla";"Reta";"Sim";2;0;1;0;1;0;1;2;-29,92342302;-51,17780944;"SPRF-RS";"DEL01-RS";"UOP01-DEL01-RS"
292645;2020-06-29;"segunda-feira";"17:00:00";"PA";163;990;"SANTAREM";"Desobediência às normas de trânsito pelo condutor";"Colisão transversal";"Sem Vítimas";"Pleno dia";"Decrescente";"Céu Claro";"Simples";"Reta";"Não";2;0;0;0;2;0;0;2;-2,55683598;-54,72216184;"SPRF-PA";"DEL05-PA";"UOP01-DEL05-PA"
292646;2020-06-29;"segunda-feira";"16:45:00";"RS";470;199,6;"BENTO GONCALVES";"Velocidade Incompatível";"Colisão com objeto estático";"Com Vítimas Feridas";"Pleno dia";"Crescente";"Chuva";"Simples";"Reta";"Não";1;0;1;0;0;0;1;1;-29,0629582;-51,58054016;"SPRF-RS";"DEL06-RS";"UOP02-DEL06-RS"
292647;2020-06-29;"segunda-feira";"16:38:00";"SC";101;139;"BALNEARIO CAMBORIU";"Velocidade Incompatível";"Saída de leito carroçável";"Com Vítimas Feridas";"Pleno dia";"Crescente";"Chuva";"Dupla";"Curva";"Sim";3;0;1;0;1;1;1;3;-27,02982303;-48,60115006;"SPRF-SC";"DEL04-SC";"UOP03-DEL04-SC"
292649;2020-06-29;"segunda-feira";"17:21:00";"GO";153;303,3;"RIALMA";"Desobediência às normas de trânsito pelo condutor";"Colisão transversal";"Com Vítimas Feridas";"Pleno dia";"Decrescente";"Céu Claro";"Simples";"Declive";"Sim";2;0;0;1;1;0;1;2;-15,302937;-49,570522;"SPRF-GO";"DEL02-GO";"UOP02-DEL02-GO"
292652;2020-06-29;"segunda-feira";"15:27:00";"BA";101;234;"CONCEICAO DO ALMEIDA";"Falta de Atenção à Condução";"Colisão lateral";"Com Vítimas Feridas";"Pleno dia";"Crescente";"Nublado";"Simples";"Reta";"Não";3;0;2;0;1;0;2;2;-12,86536312;-39,21721266;"SPRF-BA";"DEL01-BA";"UOP02-DEL01-BA"
292653;2020-06-29;"segunda-feira";"17:05:00";"MG";262;398,3;"PARA DE MINAS";"Desobediência às normas de trânsito pelo condutor";"Colisão transversal";"Com Vítimas Feridas";"Pleno dia";"Decrescente";"Sol";"Dupla";"Curva;Retorno Regulamentado";"Sim";2;0;1;0;1;0;1;2;-19,90299685;-44,524329;"SPRF-MG";"DEL01-MG";"UOP03-DEL01-MG"
292654;2020-06-29;"segunda-feira";"17:00:00";"SP";116;284;"EMBU DAS ARTES";"Falta de Atenção à Condução";"Colisão traseira";"Com Vítimas Feridas";"Plena Noite";"Crescente";"Céu Claro";"Dupla";"Reta";"Sim";3;0;1;0;2;0;1;3;-23,69998;-46,867767;"SPRF-SP";"DEL04-SP";"UOP01-DEL04-SP"
292656;2020-06-29;"segunda-feira";"17:50:00";"SC";280;32,8;"ARAQUARI";"Falta de Atenção à Condução";"Colisão traseira";"Com Vítimas Feridas";"Plena Noite";"Decrescente";"Garoa/Chuvisco";"Simples";"Reta";"Não";3;0;0;1;2;0;1;3;-26,42521551;-48,78655694;"SPRF-SC";"DEL03-SC";"UOP03-DEL03-SC"
292657;2020-06-29;"segunda-feira";"16:30:00";"GO";153;156;"CAMPINORTE";"Falta de Atenção à Condução";"Saída de leito carroçável";"Com Vítimas Feridas";"Pleno dia";"Crescente";"Céu Claro";"Simples";"Reta";"Não";3;0;2;0;1;0;2;1;-14,134462;-49,112724;"SPRF-GO";"DEL07-GO";"UOP02-DEL07-GO"
292659;2020-06-29;"segunda-feira";"18:20:00";"PR";369;128,5;"JATAIZINHO";"Falta de Atenção do Pedestre";"Atropelamento de Pedestre";"Com Vítimas Fatais";"Anoitecer";"Crescente";"Vento";"Dupla";"Reta";"Não";2;1;0;0;1;0;0;2;-23,26534866;-50,97162724;"SPRF-PR";"DEL07-PR";"UOP01-DEL07-PR"
292663;2020-06-29;"segunda-feira";"17:30:00";"CE";222;2,8;"FORTALEZA";"Falta de Atenção do Pedestre";"Atropelamento de Pedestre";"Com Vítimas Feridas";"Anoitecer";"Crescente";"Nublado";"Múltipla";"Reta";"Sim";2;0;2;0;0;0;2;2;-3,73911117;-38,58687498;"SPRF-CE";"DEL01-CE";"UOP01-DEL01-CE"
292664;2020-06-29;"segunda-feira";"12:45:00";"SC";116;53,9;"PAPANDUVA";"Falta de Atenção à Condução";"Colisão transversal";"Com Vítimas Feridas";"Pleno dia";"Decrescente";"Nublado";"Simples";"Rotatória";"Não";2;0;0;1;1;0;1;2;-26,39506035;-50,16253352;"SPRF-SC";"DEL06-SC";"UOP02-DEL06-SC"
292665;2020-06-29;"segunda-feira";"18:15:00";"GO";70;2,6;"AGUAS LINDAS DE GOIAS";"Falta de Atenção do Pedestre";"Atropelamento de Pedestre";"Com Vítimas Feridas";"Plena Noite";"Decrescente";"Céu Claro";"Dupla";"Reta;Declive";"Sim";5;0;5;0;0;0;5;2;-15,76095198;-48,21802537;"SPRF-DF";"DEL03-DF";"UOP02-DEL03-DF"
292666;2020-06-29;"segunda-feira";"17:20:00";"PE";101;48,8;"ABREU E LIMA";"Falta de Atenção do Pedestre";"Atropelamento de Pedestre";"Sem Vítimas";"Plena Noite";"Decrescente";"Céu Claro";"Múltipla";"Declive;Curva";"Sim";2;0;0;0;1;1;0;2;-7,89174705;-34,9033493;"SPRF-PE";"DEL01-PE";"UOP02-DEL01-PE"
292667;2020-06-29;"segunda-feira";"18:30:00";"RS";116;243,7;"SAO LEOPOLDO";"Desobediência às normas de trânsito pelo pedestre";"Atropelamento de Pedestre";"Com Vítimas Feridas";"Plena Noite";"Crescente";"Chuva";"Dupla";"Retorno Regulamentado";"Sim";2;0;1;0;1;0;1;2;-29,73196199;-51,14952004;"SPRF-RS";"DEL01-RS";"UOP02-DEL01-RS"
292668;2020-06-29;"segunda-feira";"18:15:00";"MG";381;481;"BETIM";"Desobediência às normas de trânsito pelo condutor";"Colisão traseira";"Sem Vítimas";"Anoitecer";"Crescente";"Céu Claro";"Dupla";"Reta;Aclive";"Sim";1;0;0;0;1;0;0;1;-19,95931561;-44,08825597;"SPRF-MG";"DEL01-MG";"UOP03-DEL01-MG"
292669;2020-06-29;"segunda-feira";"18:35:00";"ES";101;265;"SERRA";"Pista Escorregadia";"Colisão com objeto estático";"Sem Vítimas";"Plena Noite";"Crescente";"Chuva";"Múltipla";"Reta";"Sim";1;0;0;0;0;1;0;1;-20,1816849;-40,26536036;"SPRF-ES";"DEL02-ES";"UOP01-DEL02-ES"
292674;2020-06-29;"segunda-feira";"18:40:00";"BA";324;360;"CAPIM GROSSO";"Falta de Atenção à Condução";"Atropelamento de Pedestre";"Com Vítimas Feridas";"Plena Noite";"Crescente";"Céu Claro";"Simples";"Reta";"Não";2;0;1;0;0;1;1;2;-11,39859099;-39,95864868;"SPRF-BA";"DEL04-BA";"UOP02-DEL04-BA"
292675;2020-06-29;"segunda-feira";"18:30:00";"ES";101;255,7;"SERRA";"Falta de Atenção à Condução";"Colisão transversal";"Sem Vítimas";"Plena Noite";"Crescente";"Chuva";"Simples";"Reta";"Sim";2;0;0;0;1;1;0;2;-20,11487935;-40,31943619;"SPRF-ES";"DEL02-ES";"UOP01-DEL02-ES"
292676;2020-05-02;"sábado";"03:00:00";"PA";163;1001,1;"SANTAREM";"Defeito na Via";"Colisão frontal";"Com Vítimas Feridas";"Plena Noite";"Crescente";"Nublado";"Simples";"Reta";"Sim";3;0;0;2;1;0;2;2;-2,45868053;-54,72800732;"SPRF-PA";"DEL05-PA";"UOP01-DEL05-PA"
292677;2020-06-29;"segunda-feira";"18:55:00";"AL";101;134;"SAO MIGUEL DOS CAMPOS";"Defeito na Via";"Queda de ocupante de veículo";"Com Vítimas Feridas";"Plena Noite";"Crescente";"Céu Claro";"Simples";"Reta";"Não";2;0;1;0;1;0;1;1;-9,78051903;-36,10610645;"SPRF-AL";"DEL02-AL";"UOP01-DEL02-AL"
292678;2020-06-29;"segunda-feira";"18:45:00";"DF";70;14,8;"BRASILIA";"Desobediência às normas de trânsito pelo condutor";"Colisão lateral";"Com Vítimas Feridas";"Plena Noite";"Crescente";"Nublado";"Dupla";"Reta";"Sim";2;0;1;0;1;0;1;2;-15,797312;-48,176056;"SPRF-DF";"DEL03-DF";"UOP02-DEL03-DF"
292679;2020-06-29;"segunda-feira";"18:20:00";"RO";319;63;"PORTO VELHO";"Falta de Atenção à Condução";"Colisão lateral";"Com Vítimas Feridas";"Anoitecer";"Crescente";"Céu Claro";"Dupla";"Interseção de Vias";"Sim";2;0;1;0;1;0;1;2;-8,76497424;-63,88463974;"SPRF-RO";"DEL01-RO";"UOP01-DEL01-RO"
292680;2020-06-29;"segunda-feira";"20:05:00";"MG";262;358,4;"BETIM";"Defeito Mecânico no Veículo";"Tombamento";"Com Vítimas Feridas";"Plena Noite";"Crescente";"Céu Claro";"Dupla";"Reta";"Não";2;0;2;0;0;0;2;1;-19,981962;-44,246737;"SPRF-MG";"DEL01-MG";"UOP03-DEL01-MG"
292685;2020-06-29;"segunda-feira";"18:40:00";"PE";101;46,9;"IGARASSU";"Desobediência às normas de trânsito pelo condutor";"Colisão transversal";"Sem Vítimas";"Plena Noite";"Crescente";"Céu Claro";"Múltipla";"Retorno Regulamentado;Reta";"Sim";2;0;0;0;2;0;0;2;-7,87406004;-34,90588126;"SPRF-PE";"DEL01-PE";"UOP02-DEL01-PE"
292686;2020-06-29;"segunda-feira";"10:35:00";"PR";376;660;"TIJUCAS DO SUL";"Velocidade Incompatível";"Colisão com objeto estático";"Com Vítimas Feridas";"Pleno dia";"Decrescente";"Garoa/Chuvisco";"Dupla";"Curva";"Não";2;0;1;0;1;0;1;1;-25,8516758;-49,00332398;"SPRF-PR";"DEL01-PR";"UOP04-DEL01-PR"
292687;2020-06-29;"segunda-feira";"18:30:00";"PR";376;494,7;"PONTA GROSSA";"Defeito Mecânico no Veículo";"Saída de leito carroçável";"Com Vítimas Feridas";"Plena Noite";"Decrescente";"Nublado";"Dupla";"Declive";"Sim";1;0;1;0;0;0;1;1;-25,16566955;-50,11640967;"SPRF-PR";"DEL03-PR";"UOP04-DEL03-PR"
292689;2020-06-29;"segunda-feira";"18:15:00";"SC";282;473,7;"VARGEAO";"Falta de Atenção à Condução";"Colisão traseira";"Sem Vítimas";"Plena Noite";"Crescente";"Garoa/Chuvisco";"Simples";"Curva";"Não";3;0;0;0;3;0;0;3;-26,871765;-52,146477;"SPRF-SC";"DEL07-SC";"UOP01-DEL07-SC"
292690;2020-06-29;"segunda-feira";"18:15:00";"RJ";116;23;"SAPUCAIA";"Falta de Atenção à Condução";"Colisão lateral";"Com Vítimas Feridas";"Anoitecer";"Decrescente";"Nublado";"Simples";"Reta";"Não";2;0;0;1;0;1;1;2;-22,02330896;-42,77251861;"SPRF-RJ";"DEL04-RJ";"UOP01-DEL04-RJ"
292691;2020-06-29;"segunda-feira";"18:20:00";"RJ";40;119,1;"DUQUE DE CAXIAS";"Falta de Atenção do Pedestre";"Atropelamento de Pedestre";"Com Vítimas Feridas";"Plena Noite";"Crescente";"Nublado";"Múltipla";"Interseção de Vias";"Sim";2;0;0;1;1;0;1;2;-22,76553;-43,28689;"SPRF-RJ";"DEL01-RJ";"UOP01-DEL01-RJ"
292697;2020-06-29;"segunda-feira";"19:00:00";"MG";40;281;"TRES MARIAS";"Animais na Pista";"Atropelamento de Animal";"Com Vítimas Feridas";"Plena Noite";"Decrescente";"Céu Claro";"Simples";"Reta";"Não";2;0;2;0;0;0;2;1;-18,24214561;-45,2080525;"SPRF-MG";"DEL14-MG";"UOP02-DEL14-MG"
292699;2020-06-29;"segunda-feira";"06:10:00";"MA";316;352;"BACABAL";"Falta de Atenção à Condução";"Colisão traseira";"Com Vítimas Feridas";"Pleno dia";"Decrescente";"Céu Claro";"Simples";"Reta";"Não";2;0;1;0;1;0;1;2;-4,226811;-44,861771;"SPRF-MA";"DEL02-MA";"UOP01-DEL02-MA"
292700;2020-06-29;"segunda-feira";"21:23:00";"SC";101;288;"IMBITUBA";"Desobediência às normas de trânsito pelo condutor";"Colisão transversal";"Com Vítimas Feridas";"Plena Noite";"Decrescente";"Nublado";"Simples";"Interseção de Vias";"Sim";4;0;1;0;3;0;1;2;-28,24598003;-48,70010284;"SPRF-SC";"DEL02-SC";"UOP03-DEL02-SC"
292701;2020-06-29;"segunda-feira";"21:50:00";"PB";230;81;"SOBRADO";"Desobediência às normas de trânsito pelo condutor";"Colisão frontal";"Com Vítimas Fatais";"Plena Noite";"Decrescente";"Céu Claro";"Dupla";"Curva";"Não";5;1;1;0;2;1;1;3;-7,17746787;-35,32626987;"SPRF-PB";"DEL01-PB";"UOP03-DEL01-PB"
292706;2020-06-30;"terça-feira";"02:00:00";"PE";316;57,6;"TRINDADE";"Condutor Dormindo";"Colisão frontal";"Com Vítimas Feridas";"Plena Noite";"Crescente";"Céu Claro";"Simples";"Reta";"Sim";3;0;1;0;1;1;1;2;-7,74765771;-40,2710428;"SPRF-PE";"DEL05-PE";"UOP02-DEL05-PE"
292707;2020-06-29;"segunda-feira";"22:45:00";"MS";158;280;"TRES LAGOAS";"Animais na Pista";"Atropelamento de Animal";"Sem Vítimas";"Plena Noite";"Crescente";"Céu Claro";"Múltipla";"Reta";"Não";1;0;0;0;1;0;0;1;-20,82785001;-51,72945098;"SPRF-MS";"DEL07-MS";"UOP01-DEL07-MS"
292710;2020-06-30;"terça-feira";"03:30:00";"PR";373;431,2;"CHOPINZINHO";"Falta de Atenção à Condução";"Saída de leito carroçável";"Sem Vítimas";"Plena Noite";"Crescente";"Céu Claro";"Simples";"Reta";"Não";1;0;0;0;0;1;0;1;-25,7477466;-52,24358813;"SPRF-PR";"DEL02-PR";"UOP01-DEL02-PR"
292714;2020-06-30;"terça-feira";"05:20:00";"PE";101;51,4;"ABREU E LIMA";"Falta de Atenção à Condução";"Colisão transversal";"Sem Vítimas";"Pleno dia";"Decrescente";"Chuva";"Dupla";"Reta";"Sim";2;0;0;0;1;1;0;2;-7,9169968;-34,89689272;"SPRF-PE";"DEL01-PE";"UOP02-DEL01-PE"
292717;2020-06-30;"terça-feira";"06:20:00";"DF";70;19,7;"BRASILIA";"Falta de Atenção à Condução";"Colisão traseira";"Com Vítimas Feridas";"Pleno dia";"Decrescente";"Céu Claro";"Dupla";"Reta;Aclive";"Não";4;0;1;0;3;0;1;3;-15,788868;-48,220242;"SPRF-DF";"DEL03-DF";"UOP02-DEL03-DF"
292718;2020-06-30;"terça-feira";"05:20:00";"ES";101;70;"SAO MATEUS";"Falta de Atenção à Condução";"Colisão lateral";"Com Vítimas Feridas";"Amanhecer";"Crescente";"Nublado";"Simples";"Reta";"Não";4;0;3;0;1;0;3;2;-18,74453703;-39,86164665;"SPRF-ES";"DEL04-ES";"UOP02-DEL04-ES"
292719;2020-06-30;"terça-feira";"06:30:00";"RS";290;91;"PORTO ALEGRE";"Pista Escorregadia";"Saída de leito carroçável";"Com Vítimas Feridas";"Plena Noite";"Crescente";"Chuva";"Dupla";"Reta";"Sim";1;0;1;0;0;0;1;1;-29,96828755;-51,16168011;"SPRF-RS";"DEL01-RS";"UOP01-DEL01-RS"
292721;2020-06-30;"terça-feira";"04:50:00";"RR";401;11;"CANTA";"Falta de Atenção do Pedestre";"Atropelamento de Pedestre";"Com Vítimas Fatais";"Amanhecer";"Decrescente";"Nublado";"Dupla";"Reta";"Não";2;1;0;0;0;1;0;2;2,81492672;-60,60442105;"SPRF-RR";"DEL01-RR";"UOP01-DEL01-RR"
292722;2020-06-30;"terça-feira";"06:30:00";"ES";262;136,5;"MUNIZ FREIRE";"Velocidade Incompatível";"Colisão lateral";"Com Vítimas Feridas";"Pleno dia";"Crescente";"Céu Claro";"Simples";"Curva";"Não";2;0;0;1;1;0;1;2;-20,24110613;-41,33884311;"SPRF-ES";"DEL01-ES";"UOP02-DEL01-ES"
292723;2020-06-30;"terça-feira";"05:50:00";"GO";40;100,3;"CRISTALINA";"Falta de Atenção à Condução";"Saída de leito carroçável";"Com Vítimas Feridas";"Amanhecer";"Crescente";"Nublado";"Simples";"Reta";"Não";2;0;2;0;0;0;2;1;-16,786355;-47,579207;"SPRF-DF";"DEL01-DF";"UOP02-DEL01-DF"
292724;2020-06-30;"terça-feira";"07:00:00";"MG";381;429;"CAETE";"Desobediência às normas de trânsito pelo condutor";"Colisão transversal";"Com Vítimas Feridas";"Pleno dia";"Decrescente";"Céu Claro";"Dupla";"Reta";"Não";2;0;0;1;1;0;1;2;-19,78854826;-43,69815304;"SPRF-MG";"DEL01-MG";"UOP01-DEL01-MG"
292725;2020-06-30;"terça-feira";"06:45:00";"CE";222;4,4;"CAUCAIA";"Falta de Atenção à Condução";"Colisão lateral";"Com Vítimas Feridas";"Pleno dia";"Decrescente";"Céu Claro";"Dupla";"Reta";"Sim";3;0;2;0;1;0;2;2;-3,74164754;-38,60449792;"SPRF-CE";"DEL01-CE";"UOP01-DEL01-CE"
292726;2020-06-30;"terça-feira";"05:30:00";"ES";101;267;"SERRA";"Falta de Atenção à Condução";"Queda de ocupante de veículo";"Com Vítimas Feridas";"Pleno dia";"Decrescente";"Nublado";"Múltipla";"Reta";"Sim";2;0;1;0;1;0;1;1;-20,19930999;-40,26884609;"SPRF-ES";"DEL02-ES";"UOP01-DEL02-ES"
292727;2020-06-30;"terça-feira";"06:00:00";"PE";101;103;"CABO DE SANTO AGOSTINHO";"Desobediência às normas de trânsito pelo condutor";"Colisão transversal";"Com Vítimas Feridas";"Pleno dia";"Decrescente";"Sol";"Simples";"Curva";"Não";2;0;1;0;1;0;1;2;-8,29422367;-35,05496979;"SPRF-PE";"DEL01-PE";"UOP03-DEL01-PE"
292731;2020-06-30;"terça-feira";"07:40:00";"PR";153;310;"IMBITUVA";"Ultrapassagem Indevida";"Colisão frontal";"Com Vítimas Feridas";"Pleno dia";"Crescente";"Céu Claro";"Simples";"Reta";"Não";2;0;0;1;1;0;1;2;-25,28655004;-50,63892218;"SPRF-PR";"DEL03-PR";"UOP03-DEL03-PR"
292732;2020-06-30;"terça-feira";"07:25:00";"PR";153;42,9;"SANTO ANTONIO DA PLATINA";"Desobediência às normas de trânsito pelo condutor";"Colisão transversal";"Com Vítimas Feridas";"Pleno dia";"Crescente";"Céu Claro";"Dupla";"Rotatória";"Sim";2;0;0;1;1;0;1;2;-23,30361566;-50,07031918;"SPRF-PR";"DEL07-PR";"UOP04-DEL07-PR"
292734;2020-06-30;"terça-feira";"08:00:00";"MG";381;932,5;"EXTREMA";"Desobediência às normas de trânsito pelo condutor";"Colisão com objeto estático";"Com Vítimas Feridas";"Pleno dia";"Crescente";"Céu Claro";"Dupla";"Curva";"Não";1;0;1;0;0;0;1;1;-22,81198015;-46,28431295;"SPRF-MG";"DEL16-MG";"UOP03-DEL16-MG"
292738;2020-06-30;"terça-feira";"08:40:00";"ES";101;0,7;"SERRA";"Falta de Atenção à Condução";"Colisão lateral";"Com Vítimas Feridas";"Pleno dia";"Crescente";"Nublado";"Dupla";"Reta";"Sim";2;0;1;0;1;0;1;2;-20,129093;-40,308125;"SPRF-ES";"DEL02-ES";"UOP01-DEL02-ES"
292741;2020-06-28;"domingo";"20:00:00";"SC";282;573;"PINHALZINHO";"Falta de Atenção à Condução";"Saída de leito carroçável";"Com Vítimas Feridas";"Plena Noite";"Decrescente";"Céu Claro";"Simples";"Em Obras";"Não";2;0;0;1;0;1;1;1;-26,872942;-52,956654;"SPRF-SC";"DEL07-SC";"UOP02-DEL07-SC"
292743;2020-06-30;"terça-feira";"08:55:00";"RS";386;351,8;"ESTRELA";"Velocidade Incompatível";"Colisão com objeto estático";"Com Vítimas Feridas";"Pleno dia";"Decrescente";"Chuva";"Dupla";"Curva";"Não";2;0;1;0;1;0;1;1;-29,48970355;-51,95241451;"SPRF-RS";"DEL04-RS";"UOP02-DEL04-RS"
292744;2020-06-30;"terça-feira";"07:45:00";"PB";230;23;"JOAO PESSOA";"Não guardar distância de segurança";"Colisão traseira";"Com Vítimas Feridas";"Pleno dia";"Decrescente";"Céu Claro";"Dupla";"Viaduto";"Sim";2;0;1;0;1;0;1;2;-7,1562;-34,8574;"SPRF-PB";"DEL01-PB";"UOP01-DEL01-PB"
292749;2020-06-30;"terça-feira";"10:40:00";"RJ";116;276,9;"BARRA MANSA";"Animais na Pista";"Atropelamento de Animal";"Com Vítimas Feridas";"Pleno dia";"Crescente";"Sol";"Dupla";"Curva";"Não";1;0;0;1;0;0;1;1;-22,56183393;-44,16588602;"SPRF-RJ";"DEL07-RJ";"UOP02-DEL07-RJ"
292750;2020-06-30;"terça-feira";"09:00:00";"PB";230;188,6;"ALCANTIL";"Falta de Atenção à Condução";"Colisão transversal";"Com Vítimas Feridas";"Pleno dia";"Decrescente";"Nublado";"Simples";"Reta";"Sim";2;0;0;1;1;0;1;2;-7,702036;-36,062408;"SPRF-PB";"DEL02-PB";"UOP02-DEL02-PB"
292751;2020-06-30;"terça-feira";"11:05:00";"RJ";40;105;"DUQUE DE CAXIAS";"Falta de Atenção à Condução";"Colisão lateral";"Com Vítimas Feridas";"Pleno dia";"Crescente";"Céu Claro";"Múltipla";"Reta";"Sim";2;0;1;0;1;0;1;2;-22,63784806;-43,28428824;"SPRF-RJ";"DEL01-RJ";"UOP01-DEL01-RJ"
292752;2020-06-30;"terça-feira";"11:30:00";"PR";277;694,1;"SAO MIGUEL DO IGUACU";"Fenômenos da Natureza";"Tombamento";"Com Vítimas Feridas";"Pleno dia";"Crescente";"Chuva";"Dupla";"Retorno Regulamentado";"Não";1;0;1;0;0;0;1;1;-25,37728075;-54,27853715;"SPRF-PR";"DEL05-PR";"UOP01-DEL05-PR"
292753;2020-06-30;"terça-feira";"11:30:00";"TO";153;141,1;"ARAGUAINA";"Falta de Atenção à Condução";"Colisão traseira";"Com Vítimas Feridas";"Pleno dia";"Decrescente";"Sol";"Múltipla";"Reta";"Sim";2;0;1;0;0;1;1;2;-7,177119;-48,220366;"SPRF-TO";"DEL02-TO";"UOP01-DEL02-TO"
292754;2020-06-30;"terça-feira";"10:30:00";"RO";319;64;"PORTO VELHO";"Desobediência às normas de trânsito pelo condutor";"Colisão transversal";"Com Vítimas Feridas";"Pleno dia";"Decrescente";"Céu Claro";"Dupla";"Interseção de Vias";"Sim";3;0;1;0;2;0;1;2;-8,766685;-63,884052;"SPRF-RO";"DEL01-RO";"UOP01-DEL01-RO"
292755;2020-06-30;"terça-feira";"08:00:00";"SC";280;231;"CANOINHAS";"Velocidade Incompatível";"Tombamento";"Com Vítimas Feridas";"Pleno dia";"Decrescente";"Céu Claro";"Simples";"Reta";"Sim";1;0;1;0;0;0;1;1;-26,1893047;-50,37170989;"SPRF-SC";"DEL06-SC";"UOP04-DEL06-SC"
292759;2020-06-30;"terça-feira";"12:00:00";"RS";386;356,3;"ESTRELA";"Velocidade Incompatível";"Capotamento";"Com Vítimas Feridas";"Pleno dia";"Crescente";"Chuva";"Dupla";"Reta";"Não";2;0;2;0;0;0;2;1;-29,522612;-51,935017;"SPRF-RS";"DEL04-RS";"UOP02-DEL04-RS"
292760;2020-06-30;"terça-feira";"12:30:00";"BA";324;575;"SAO SEBASTIAO DO PASSE";"Desobediência às normas de trânsito pelo pedestre";"Queda de ocupante de veículo";"Com Vítimas Feridas";"Pleno dia";"Decrescente";"Céu Claro";"Dupla";"Reta";"Não";2;0;1;0;0;1;1;2;-12,59913862;-38,50896481;"SPRF-BA";"DEL01-BA";"UOP01-DEL01-BA"
292761;2020-06-30;"terça-feira";"11:00:00";"PE";232;507,6;"SALGUEIRO";"Ultrapassagem Indevida";"Colisão traseira";"Com Vítimas Feridas";"Pleno dia";"Crescente";"Céu Claro";"Simples";"Declive";"Sim";3;0;0;1;2;0;1;3;-8,06038759;-39,11191706;"SPRF-PE";"DEL05-PE";"UOP01-DEL05-PE"
292762;2020-06-30;"terça-feira";"04:30:00";"MA";316;364;"BACABAL";"Ingestão de Álcool";"Saída de leito carroçável";"Com Vítimas Feridas";"Amanhecer";"Decrescente";"Céu Claro";"Simples";"Reta";"Sim";3;0;3;0;0;0;3;1;-4,22287;-44,760761;"SPRF-MA";"DEL03-MA";"UOP01-DEL03-MA"