"id";"data_inversa";"dia_semana";"horario";"uf";"br";"km";"municipio";"causa_acidente";"tipo_acidente";"classificacao_acidente";"fase_dia";"sentido_via";"condicao_metereologica";"tipo_pista";"tracado_via";"uso_solo";"pessoas";"mortos";"feridos_leves";"feridos_graves";"ilesos";"ignorados";"feridos";"veiculos";"latitude";"longitude";"regional";"delegacia";"uop"
292894;2020-07-01;"quarta-feira";"09:20:00";"PB";230;24,2;"JOAO PESSOA";"Falta de Atenção à Condução";"Colisão traseira";"Com Vítimas Feridas";"Pleno dia";"Decrescente";"Céu Claro";"Dupla";"Reta";"Sim";4;0;2;0;2;0;2;2;-7,1637;-34,8618;"SPRF-PB";"DEL01-PB";"UOP01-DEL01-PB"
292895;2020-07-01;"quarta-feira";"07:35:00";"RS";116;465;"SAO LOURENCO DO SUL";"Falta de Atenção à Condução";"Colisão traseira";"Sem Vítimas";"Amanhecer";"Crescente";"Chuva";"Dupla";"Rotatória";"Sim";2;0;0;0;2;0;0;2;-31,31953849;-52,02718377;"SPRF-RS";"DEL02-RS";"UOP02-DEL02-RS"
292899;2020-07-01;"quarta-feira";"06:30:00";"RJ";465;2;"SEROPEDICA";"Desobediência às normas de trânsito pelo condutor";"Colisão transversal";"Com Vítimas Feridas";"Pleno dia";"Crescente";"Céu Claro";"Simples";"Reta";"Não";2;0;1;0;1;0;1;2;-22,727266;-43,718712;"SPRF-RJ";"DEL01-RJ";"UOP03-DEL01-RJ"
292900;2020-07-01;"quarta-feira";"08:15:00";"AL";423;31,7;"CANAPI";"Defeito Mecânico no Veículo";"Saída de leito carroçável";"Com Vítimas Feridas";"Pleno dia";"Crescente";"Céu Claro";"Simples";"Reta";"Não";1;0;0;1;0;0;1;1;-9,206746;-37,555384;"SPRF-AL";"DEL03-AL";"UOP02-DEL03-AL"
292901;2020-07-01;"quarta-feira";"09:50:00";"PR";376;631;"SAO JOSE DOS PINHAIS";"Falta de Atenção à Condução";"Colisão lateral";"Sem Vítimas";"Pleno dia";"Crescente";"Sol";"Simples";"Interseção de Vias";"Sim";2;0;0;0;2;0;0;2;-25,70434399;-49,14198595;"SPRF-PR";"DEL01-PR";"UOP04-DEL01-PR"
292904;2020-07-01;"quarta-feira";"10:35:00";"RN";101;99;"PARNAMIRIM";"Falta de Atenção à Condução";"Colisão traseira";"Com Vítimas Feridas";"Pleno dia";"Decrescente";"Céu Claro";"Múltipla";"Reta";"Sim";3;0;1;0;2;0;1;3;-5,87359183;-35,22063023;"SPRF-RN";"DEL01-RN";"UOP01-DEL01-RN"
292907;2020-07-01;"quarta-feira";"10:30:00";"AL";316;239;"ATALAIA";"Não guardar distância de segurança";"Colisão traseira";"Com Vítimas Feridas";"Pleno dia";"Crescente";"Céu Claro";"Simples";"Reta";"Não";2;0;1;0;1;0;1;2;-9,50625459;-36,04053891;"SPRF-AL";"DEL01-AL";"UOP01-DEL01-AL"
292908;2020-07-01;"quarta-feira";"10:50:00";"SP";381;74;"SAO PAULO";"Defeito Mecânico no Veículo";"Capotamento";"Com Vítimas Feridas";"Pleno dia";"Decrescente";"Sol";"Dupla";"Reta";"Não";1;0;1;0;0;0;1;1;-23,37208014;-46,55700294;"SPRF-SP";"DEL03-SP";"UOP01-DEL03-SP"
292909;2020-07-01;"quarta-feira";"09:00:00";"RO";364;712;"PORTO VELHO";"Pista Escorregadia";"Tombamento";"Com Vítimas Feridas";"Pleno dia";"Crescente";"Céu Claro";"Múltipla";"Curva";"Sim";1;0;0;1;0;0;1;1;-8,7770354;-63,87316466;"SPRF-RO";"DEL01-RO";"UOP01-DEL01-RO"
292911;2020-07-01;"quarta-feira";"09:50:00";"RO";364;346,2;"JI-PARANA";"Defeito Mecânico no Veículo";"Tombamento";"Com Vítimas Feridas";"Pleno dia";"Decrescente";"Céu Claro";"Dupla";"Declive;Reta";"Sim";1;0;1;0;0;0;1;1;-10,865874;-61,968647;"SPRF-RO";"DEL02-RO";"UOP01-DEL02-RO"
292916;2020-07-01;"quarta-feira";"10:25:00";"RO";364;697;"PORTO VELHO";"Desobediência às normas de trânsito pelo condutor";"Colisão transversal";"Com Vítimas Feridas";"Pleno dia";"Decrescente";"Céu Claro";"Dupla";"Reta";"Não";3;0;1;1;1;0;2;2;-8,80311902;-63,74661511;"SPRF-RO";"DEL01-RO";"UOP01-DEL01-RO"
292917;2020-07-01;"quarta-feira";"11:50:00";"MG";381;873,5;"ESTIVA";"Velocidade Incompatível";"Saída de leito carroçável";"Com Vítimas Feridas";"Pleno dia";"Crescente";"Chuva";"Dupla";"Curva";"Não";4;0;2;0;2;0;2;1;-22,41672132;-45,96458425;"SPRF-MG";"DEL16-MG";"UOP01-DEL16-MG"
292919;2020-07-01;"quarta-feira";"12:20:00";"ES";101;68,3;"SAO MATEUS";"Desobediência às normas de trânsito pelo condutor";"Colisão transversal";"Com Vítimas Feridas";"Pleno dia";"Crescente";"Céu Claro";"Dupla";"Rotatória";"Não";2;0;1;0;1;0;1;2;-18,726597;-39,85975;"SPRF-ES";"DEL04-ES";"UOP02-DEL04-ES"
292920;2020-07-01;"quarta-feira";"12:20:00";"MG";40;703;"BARBACENA";"Avarias e/ou desgaste excessivo no pneu";"Tombamento";"Com Vítimas Feridas";"Pleno dia";"Crescente";"Céu Claro";"Dupla";"Reta;Aclive";"Sim";2;0;0;1;1;0;1;1;-21,198738;-43,74906;"SPRF-MG";"DEL05-MG";"UOP02-DEL05-MG"
292924;2020-07-01;"quarta-feira";"12:00:00";"MG";116;524,1;"CARATINGA";"Ingestão de Álcool";"Colisão transversal";"Com Vítimas Feridas";"Pleno dia";"Crescente";"Nublado";"Simples";"Reta";"Sim";2;0;1;0;1;0;1;2;-19,76027352;-42,13398823;"SPRF-MG";"DEL06-MG";"UOP02-DEL06-MG"
292926;2020-07-01;"quarta-feira";"13:50:00";"RS";392;125,4;"CANGUCU";"Mal Súbito";"Saída de leito carroçável";"Com Vítimas Feridas";"Pleno dia";"Decrescente";"Céu Claro";"Simples";"Reta";"Não";1;0;1;0;0;0;1;1;-31,36506;-52,72544;"SPRF-RS";"DEL07-RS";"UOP01-DEL07-RS"
292931;2020-07-01;"quarta-feira";"12:09:00";"MA";230;404;"BALSAS";"Desobediência às normas de trânsito pelo condutor";"Colisão transversal";"Com Vítimas Feridas";"Pleno dia";"Crescente";"Céu Claro";"Simples";"Reta";"Não";2;0;1;0;1;0;1;2;-7,52339895;-46,04122203;"SPRF-MA";"DEL05-MA";"UOP01-DEL05-MA"
292934;2020-07-01;"quarta-feira";"14:10:00";"RO";319;62;"PORTO VELHO";"Avarias e/ou desgaste excessivo no pneu";"Tombamento";"Com Vítimas Feridas";"Pleno dia";"Crescente";"Céu Claro";"Dupla";"Reta";"Sim";1;0;1;0;0;0;1;1;-8,766685;-63,884052;"SPRF-RO";"DEL01-RO";"UOP01-DEL01-RO"
292938;2020-07-01;"quarta-feira";"15:43:00";"PE";101;76,3;"RECIFE";"Falta de Atenção do Pedestre";"Atropelamento de Pedestre";"Com Vítimas Feridas";"Pleno dia";"Decrescente";"Sol";"Dupla";"Curva";"Sim";2;0;0;1;1;0;1;2;-8,11813811;-34,94329214;"SPRF-PE";"DEL01-PE";"UOP01-DEL01-PE"
292939;2020-07-01;"quarta-feira";"16:10:00";"ES";101;151;"LINHARES";"Não guardar distância de segurança";"Queda de ocupante de veículo";"Com Vítimas Feridas";"Pleno dia";"Crescente";"Sol";"Simples";"Curva";"Não";2;0;2;0;0;0;2;1;-19,41156656;-40,06592463;"SPRF-ES";"DEL04-ES";"UOP01-DEL04-ES"
292940;2020-07-01;"quarta-feira";"10:50:00";"SC";280;129;"RIO NEGRINHO";"Falta de Atenção à Condução";"Colisão transversal";"Com Vítimas Feridas";"Pleno dia";"Crescente";"Céu Claro";"Simples";"Aclive";"Sim";2;0;1;0;1;0;1;2;-26,24586437;-49,52284615;"SPRF-SC";"DEL06-SC";"UOP03-DEL06-SC"
292941;2020-07-01;"quarta-feira";"15:50:00";"SP";381;88;"GUARULHOS";"Falta de Atenção à Condução";"Colisão traseira";"Sem Vítimas";"Pleno dia";"Decrescente";"Céu Claro";"Dupla";"Reta";"Sim";2;0;0;0;2;0;0;2;-23,47469314;-46,56112919;"SPRF-SP";"DEL03-SP";"UOP01-DEL03-SP"
292942;2020-07-01;"quarta-feira";"13:10:00";"RJ";40;114;"DUQUE DE CAXIAS";"Falta de Atenção à Condução";"Queda de ocupante de veículo";"Com Vítimas Feridas";"Pleno dia";"Decrescente";"Céu Claro";"Múltipla";"Reta";"Não";1;0;1;0;0;0;1;1;-22,71853604;-43,28993324;"SPRF-RJ";"DEL01-RJ";"UOP01-DEL01-RJ"
292943;2020-07-01;"quarta-feira";"16:10:00";"RJ";116;176,2;"NOVA IGUACU";"Falta de Atenção à Condução";"Colisão lateral";"Com Vítimas Feridas";"Pleno dia";"Crescente";"Nublado";"Dupla";"Reta";"Sim";2;0;1;0;1;0;1;2;-22,7839538;-43,38195488;"SPRF-RJ";"DEL01-RJ";"UOP02-DEL01-RJ"
292945;2020-07-01;"quarta-feira";"14:50:00";"MS";262;380,5;"TERENOS";"Desobediência às normas de trânsito pelo condutor";"Colisão transversal";"Com Vítimas Feridas";"Pleno dia";"Crescente";"Sol";"Simples";"Interseção de Vias";"Sim";3;0;2;0;1;0;2;2;-20,45577198;-54,84474093;"SPRF-MS";"DEL01-MS";"UOP03-DEL01-MS"
292947;2020-07-01;"quarta-feira";"16:00:00";"GO";80;148;"SANTA RITA DO NOVO DESTINO";"Ingestão de Álcool";"Saída de leito carroçável";"Com Vítimas Feridas";"Pleno dia";"Crescente";"Céu Claro";"Simples";"Reta";"Não";2;0;1;0;1;0;1;2;-14,87967697;-48,99138451;"SPRF-GO";"DEL07-GO";"UOP01-DEL07-GO"
292948;2020-07-01;"quarta-feira";"15:50:00";"RO";364;380;"OURO PRETO DO OESTE";"Desobediência às normas de trânsito pelo condutor";"Colisão traseira";"Com Vítimas Feridas";"Pleno dia";"Decrescente";"Céu Claro";"Simples";"Reta";"Não";3;0;0;1;2;0;1;2;-10,73873806;-62,22637307;"SPRF-RO";"DEL02-RO";"UOP01-DEL02-RO"
292949;2020-07-01;"quarta-feira";"17:35:00";"PB";230;20;"JOAO PESSOA";"Falta de Atenção à Condução";"Engavetamento";"Sem Vítimas";"Plena Noite";"Crescente";"Céu Claro";"Dupla";"Reta";"Sim";3;0;0;0;3;0;0;3;-7,1337;-34,8544;"SPRF-PB";"DEL01-PB";"UOP01-DEL01-PB"
292950;2020-07-01;"quarta-feira";"16:00:00";"BA";324;609;"SIMOES FILHO";"Avarias e/ou desgaste excessivo no pneu";"Queda de ocupante de veículo";"Com Vítimas Feridas";"Pleno dia";"Decrescente";"Sol";"Dupla";"Reta";"Sim";2;0;2;0;0;0;2;1;-12,84247716;-38,41534182;"SPRF-BA";"DEL01-BA";"UOP01-DEL01-BA"
292951;2020-07-01;"quarta-feira";"17:15:00";"BA";324;532;"FEIRA DE SANTANA";"Defeito Mecânico no Veículo";"Incêndio";"Sem Vítimas";"Anoitecer";"Decrescente";"Nublado";"Dupla";"Reta;Aclive";"Não";1;0;0;0;1;0;0;1;-12,33921226;-38,8474782;"SPRF-BA";"DEL01-BA";"UOP01-DEL01-BA"
292952;2020-07-01;"quarta-feira";"16:00:00";"AM";174;990;"PRESIDENTE FIGUEIREDO";"Pista Escorregadia";"Saída de leito carroçável";"Sem Vítimas";"Pleno dia";"Crescente";"Chuva";"Dupla";"Curva;Aclive";"Sim";3;0;0;0;2;1;0;2;-2,04485843;-60,02565276;"SPRF-AM";"DEL01-AM";"UOP02-DEL01-AM"
292954;2020-07-01;"quarta-feira";"17:45:00";"DF";20;6;"BRASILIA";"Falta de Atenção à Condução";"Colisão traseira";"Com Vítimas Feridas";"Anoitecer";"Crescente";"Céu Claro";"Dupla";"Reta";"Sim";2;0;1;0;1;0;1;2;-15,665888;-47,808308;"SPRF-DF";"DEL02-DF";"UOP01-DEL02-DF"
292955;2020-07-01;"quarta-feira";"17:50:00";"PB";101;88;"JOAO PESSOA";"Desobediência às normas de trânsito pelo condutor";"Colisão traseira";"Com Vítimas Feridas";"Plena Noite";"Crescente";"Céu Claro";"Dupla";"Curva";"Sim";2;0;2;0;0;0;2;2;-7,16861617;-34,89713972;"SPRF-PB";"DEL01-PB";"UOP01-DEL01-PB"
292960;2020-07-01;"quarta-feira";"18:00:00";"BA";101;263,9;"SANTO ANTONIO DE JESUS";"Falta de Atenção do Pedestre";"Atropelamento de Pedestre";"Com Vítimas Feridas";"Anoitecer";"Crescente";"Céu Claro";"Simples";"Reta";"Não";2;0;2;0;0;0;2;2;-13,09003799;-39,27863203;"SPRF-BA";"DEL01-BA";"UOP02-DEL01-BA"
292961;2020-07-01;"quarta-feira";"18:35:00";"GO";40;10,5;"LUZIANIA";"Falta de Atenção à Condução";"Colisão com objeto estático";"Com Vítimas Feridas";"Plena Noite";"Crescente";"Céu Claro";"Dupla";"Reta";"Sim";3;0;2;0;1;0;2;1;-16,131285;-47,957923;"SPRF-DF";"DEL01-DF";"UOP01-DEL01-DF"
292962;2020-07-01;"quarta-feira";"18:50:00";"ES";101;146;"LINHARES";"Falta de Atenção à Condução";"Colisão traseira";"Com Vítimas Feridas";"Anoitecer";"Decrescente";"Céu Claro";"Dupla";"Reta";"Sim";2;0;1;0;1;0;1;2;-19,36990998;-40,06560718;"SPRF-ES";"DEL04-ES";"UOP01-DEL04-ES"
292963;2020-07-01;"quarta-feira";"18:20:00";"RS";386;435,5;"NOVA SANTA RITA";"Falta de Atenção à Condução";"Colisão transversal";"Com Vítimas Feridas";"Plena Noite";"Crescente";"Nublado";"Dupla";"Interseção de Vias";"Não";2;0;1;0;1;0;1;2;-29,84815382;-51,27067208;"SPRF-RS";"DEL04-RS";"UOP02-DEL04-RS"
292964;2020-07-01;"quarta-feira";"18:50:00";"SC";282;4,4;"SAO JOSE";"Falta de Atenção à Condução";"Colisão traseira";"Com Vítimas Feridas";"Plena Noite";"Crescente";"Nublado";"Múltipla";"Declive";"Sim";2;0;1;0;1;0;1;2;-27,592646;-48,604034;"SPRF-SC";"DEL01-SC";"UOP01-DEL01-SC"
292965;2020-07-01;"quarta-feira";"17:30:00";"RO";364;237,5;"CACOAL";"Desobediência às normas de trânsito pelo condutor";"Colisão transversal";"Com Vítimas Feridas";"Pleno dia";"Decrescente";"Céu Claro";"Simples";"Reta";"Sim";3;0;1;1;0;1;2;2;-11,44341056;-61,44672787;"SPRF-RO";"DEL02-RO";"UOP02-DEL02-RO"
292968;2020-07-01;"quarta-feira";"19:05:00";"BA";242;767;"BARREIRAS";"Ingestão de Álcool";"Saída de leito carroçável";"Com Vítimas Feridas";"Plena Noite";"Crescente";"Céu Claro";"Simples";"Reta";"Não";1;0;1;0;0;0;1;1;-12,1421769;-44,7983658;"SPRF-BA";"DEL10-BA";"UOP01-DEL10-BA"
292969;2020-07-01;"quarta-feira";"07:00:00";"PR";277;522,3;"CASCAVEL";"Desobediência às normas de trânsito pelo condutor";"Colisão frontal";"Com Vítimas Feridas";"Plena Noite";"Crescente";"Céu Claro";"Simples";"Reta";"Sim";2;0;2;0;0;0;2;2;-24,9577771;-53,4595112;"SPRF-PR";"DEL04-PR";"UOP04-DEL04-PR"
292970;2020-07-01;"quarta-feira";"19:28:00";"MG";40;614,7;"CONGONHAS";"Falta de Atenção do Pedestre";"Atropelamento de Pedestre";"Com Vítimas Fatais";"Plena Noite";"Crescente";"Céu Claro";"Simples";"Reta";"Não";2;1;0;0;1;0;0;2;-20,52977973;-43,82351464;"SPRF-MG";"DEL05-MG";"UOP02-DEL05-MG"
292973;2020-07-01;"quarta-feira";"19:30:00";"SC";101;460,9;"PASSO DE TORRES";"Avarias e/ou desgaste excessivo no pneu";"Tombamento";"Com Vítimas Feridas";"Anoitecer";"Crescente";"Céu Claro";"Dupla";"Reta";"Sim";2;0;2;0;0;0;2;1;-29,25788799;-49,7565232;"SPRF-RS";"DEL03-RS";"UOP02-DEL03-RS"
292974;2020-07-01;"quarta-feira";"19:40:00";"RS";392;93,3;"PELOTAS";"Falta de Atenção à Condução";"Colisão transversal";"Com Vítimas Feridas";"Plena Noite";"Crescente";"Nublado";"Simples";"Declive;Reta";"Não";2;0;1;0;1;0;1;2;-31,58410897;-52,53465573;"SPRF-RS";"DEL07-RS";"UOP01-DEL07-RS"
292976;2020-06-28;"domingo";"00:30:00";"RJ";116;76;"TERESOPOLIS";"Falta de Atenção à Condução";"Colisão com objeto estático";"Sem Vítimas";"Plena Noite";"Decrescente";"Céu Claro";"Simples";"Curva";"Não";1;0;0;0;1;0;0;1;-22,36124312;-42,94876288;"SPRF-RJ";"DEL04-RJ";"UOP01-DEL04-RJ"
292977;2020-07-01;"quarta-feira";"17:00:00";"RJ";101;323;"NITEROI";"Não guardar distância de segurança";"Colisão traseira";"Com Vítimas Feridas";"Pleno dia";"Decrescente";"Nublado";"Dupla";"Reta";"Sim";4;0;2;0;2;0;2;2;-22,87684786;-43,11728689;"SPRF-RJ";"DEL02-RJ";"UOP02-DEL02-RJ"
292979;2020-07-01;"quarta-feira";"20:10:00";"MG";365;410,9;"PATOS DE MINAS";"Animais na Pista";"Atropelamento de Animal";"Sem Vítimas";"Plena Noite";"Crescente";"Céu Claro";"Simples";"Reta";"Não";1;0;0;0;1;0;0;1;-18,65773478;-46,52207118;"SPRF-MG";"DEL10-MG";"UOP01-DEL10-MG"
292980;2020-07-01;"quarta-feira";"19:30:00";"RN";101;147;"GOIANINHA";"Falta de Atenção do Pedestre";"Atropelamento de Pedestre";"Com Vítimas Feridas";"Plena Noite";"Decrescente";"Céu Claro";"Múltipla";"Reta";"Sim";2;0;1;0;1;0;1;2;-6,27145987;-35,20823975;"SPRF-RN";"DEL01-RN";"UOP01-DEL01-RN"
292982;2020-07-01;"quarta-feira";"20:00:00";"RS";290;578;"ALEGRETE";"Desobediência às normas de trânsito pelo condutor";"Colisão transversal";"Com Vítimas Feridas";"Plena Noite";"Decrescente";"Nublado";"Simples";"Rotatória;Interseção de Vias";"Não";2;0;0;1;1;0;1;2;-29,811922;-55,758663;"SPRF-RS";"DEL13-RS";"UOP02-DEL13-RS"
292984;2020-07-01;"quarta-feira";"18:25:00";"MA";10;253;"IMPERATRIZ";"Falta de Atenção à Condução";"Colisão transversal";"Com Vítimas Feridas";"Plena Noite";"Crescente";"Céu Claro";"Simples";"Reta";"Sim";2;0;1;1;0;0;2;2;-5,526911;-47,471455;"SPRF-MA";"DEL04-MA";"UOP01-DEL04-MA"
292986;2020-07-01;"quarta-feira";"18:30:00";"MT";158;797;"BARRA DO GARCAS";"Falta de Atenção à Condução";"Colisão traseira";"Com Vítimas Feridas";"Anoitecer";"Decrescente";"Céu Claro";"Simples";"Reta";"Sim";3;0;2;0;0;1;2;2;-15,87406404;-52,31562853;"SPRF-MT";"DEL07-MT";"UOP01-DEL07-MT"
292987;2020-07-01;"quarta-feira";"19:20:00";"SC";282;585;"PINHALZINHO";"Velocidade Incompatível";"Saída de leito carroçável";"Com Vítimas Feridas";"Plena Noite";"Crescente";"Nublado";"Simples";"Reta;Declive";"Não";3;0;2;0;1;0;2;1;-26,831489;-53,02778;"SPRF-SC";"DEL07-SC";"UOP02-DEL07-SC"
292989;2020-07-01;"quarta-feira";"20:40:00";"SP";116;223;"GUARULHOS";"Objeto estático sobre o leito carroçável";"Colisão com objeto estático";"Com Vítimas Feridas";"Pleno dia";"Decrescente";"Céu Claro";"Múltipla";"Reta";"Sim";2;0;0;1;1;0;1;2;-23,47559815;-46,5246609;"SPRF-SP";"DEL01-SP";"UOP01-DEL01-SP"
292990;2020-07-01;"quarta-feira";"20:40:00";"MT";364;272;"JACIARA";"Pista Escorregadia";"Queda de ocupante de veículo";"Com Vítimas Feridas";"Plena Noite";"Decrescente";"Céu Claro";"Dupla";"Rotatória";"Sim";1;0;1;0;0;0;1;1;-15,96667987;-54,96121981;"SPRF-MT";"DEL02-MT";"UOP01-DEL02-MT"
292991;2020-07-01;"quarta-feira";"21:55:00";"SC";280;8,9;"SAO FRANCISCO DO SUL";"Falta de Atenção à Condução";"Colisão transversal";"Com Vítimas Feridas";"Plena Noite";"Crescente";"Nublado";"Simples";"Reta";"Não";2;0;1;1;0;0;2;2;-26,27887292;-48,64668626;"SPRF-SC";"DEL03-SC";"UOP03-DEL03-SC"
292992;2020-07-01;"quarta-feira";"19:35:00";"PA";230;124;"MARABA";"Falta de Atenção à Condução";"Colisão transversal";"Com Vítimas Feridas";"Plena Noite";"Decrescente";"Céu Claro";"Simples";"Reta";"Sim";3;0;1;2;0;0;3;2;-5,37641353;-49,14706361;"SPRF-PA";"DEL03-PA";"UOP01-DEL03-PA"
292993;2020-07-01;"quarta-feira";"22:00:00";"ES";101;159;"LINHARES";"Falta de Atenção do Pedestre";"Atropelamento de Pedestre";"Com Vítimas Fatais";"Plena Noite";"Crescente";"Céu Claro";"Simples";"Reta";"Não";2;1;0;0;1;0;0;2;-19,4684012;-40,1102557;"SPRF-ES";"DEL04-ES";"UOP01-DEL04-ES"
292994;2020-07-01;"quarta-feira";"22:30:00";"PE";316;253;"BELEM DE SAO FRANCISCO";"Animais na Pista";"Atropelamento de Animal";"Com Vítimas Fatais";"Plena Noite";"Decrescente";"Céu Claro";"Simples";"Reta";"Não";1;1;0;0;0;0;0;1;-8,70498805;-38,96604129;"SPRF-PE";"DEL05-PE";"UOP03-DEL05-PE"
292995;2020-07-01;"quarta-feira";"22:15:00";"CE";222;0;"CAUCAIA";"Falta de Atenção do Pedestre";"Atropelamento de Pedestre";"Com Vítimas Feridas";"Plena Noite";"Crescente";"Céu Claro";"Dupla";"Retorno Regulamentado";"Sim";2;0;0;2;0;0;2;2;-3,736507;-38,65337;"SPRF-CE";"DEL01-CE";"UOP01-DEL01-CE"
292997;2020-07-01;"quarta-feira";"22:00:00";"CE";20;417;"MARACANAU";"Ingestão de Álcool";"Colisão traseira";"Com Vítimas Feridas";"Plena Noite";"Crescente";"Céu Claro";"Dupla";"Reta";"Sim";7;0;7;0;0;0;7;4;-3,83647516;-38,6081288;"SPRF-CE";"DEL01-CE";"UOP02-DEL01-CE"
293000;2020-07-02;"quinta-feira";"00:30:00";"AL";101;143;"SAO MIGUEL DOS CAMPOS";"Animais na Pista";"Atropelamento de Animal";"Sem Vítimas";"Plena Noite";"Crescente";"Céu Claro";"Dupla";"Reta";"Não";2;0;0;0;2;0;0;1;-9,84882088;-36,14035121;"SPRF-AL";"DEL02-AL";"UOP01-DEL02-AL"
293004;2020-07-01;"quarta-feira";"21:15:00";"SC";153;31,8;"AGUA DOCE";"Animais na Pista";"Atropelamento de Animal";"Sem Vítimas";"Plena Noite";"Crescente";"Garoa/Chuvisco";"Simples";"Curva";"Não";1;0;0;0;1;0;0;1;-26,79496;-51,693081;"SPRF-SC";"DEL07-SC";"UOP05-DEL07-SC"
293006;2020-07-02;"quinta-feira";"02:25:00";"SC";282;6;"SAO JOSE";"Ingestão de Álcool";"Atropelamento de Pedestre";"Com Vítimas Feridas";"Plena Noite";"Crescente";"Nublado";"Simples";"Curva";"Sim";2;0;1;0;1;0;1;2;-27,5865592;-48,61536026;"SPRF-SC";"DEL01-SC";"UOP01-DEL01-SC"
293008;2020-07-01;"quarta-feira";"22:50:00";"SC";470;175,7;"POUSO REDONDO";"Ingestão de Álcool";"Saída de leito carroçável";"Sem Vítimas";"Plena Noite";"Decrescente";"Céu Claro";"Simples";"Curva";"Não";1;0;0;0;1;0;0;1;-27,25507785;-49,94404078;"SPRF-SC";"DEL04-SC";"UOP02-DEL04-SC"
293009;2020-07-02;"quinta-feira";"01:20:00";"MG";262;379;"JUATUBA";"Velocidade Incompatível";"Saída de leito carroçável";"Sem Vítimas";"Plena Noite";"Crescente";"Céu Claro";"Dupla";"Curva";"Não";1;0;0;0;1;0;0;1;-19,95241506;-44,37342001;"SPRF-MG";"DEL01-MG";"UOP03-DEL01-MG"
293011;2020-07-02;"quinta-feira";"02:50:00";"RS";470;219;"BENTO GONCALVES";"Ingestão de Álcool";"Saída de leito carroçável";"Com Vítimas Feridas";"Plena Noite";"Decrescente";"Garoa/Chuvisco";"Simples";"Curva";"Não";2;0;2;0;0;0;2;1;-29,17909489;-51,51855675;"SPRF-RS";"DEL06-RS";"UOP01-DEL06-RS"
293014;2020-07-02;"quinta-feira";"06:15:00";"MG";365;625;"UBERLANDIA";"Falta de Atenção à Condução";"Tombamento";"Com Vítimas Feridas";"Pleno dia";"Decrescente";"Céu Claro";"Dupla";"Curva";"Sim";1;0;1;0;0;0;1;1;-18,90585472;-48,32526001;"SPRF-MG";"DEL15-MG";"UOP01-DEL15-MG"
293016;2020-07-02;"quinta-feira";"06:10:00";"RJ";116;330;"RESENDE";"Defeito Mecânico no Veículo";"Incêndio";"Sem Vítimas";"Amanhecer";"Crescente";"Nublado";"Dupla";"Reta";"Não";1;0;0;0;1;0;0;1;-22,50454219;-44,61629;"SPRF-RJ";"DEL07-RJ";"UOP02-DEL07-RJ"
293019;2020-07-02;"quinta-feira";"06:30:00";"MG";50;73;"UBERLANDIA";"Velocidade Incompatível";"Colisão traseira";"Com Vítimas Feridas";"Pleno dia";"Decrescente";"Sol";"Múltipla";"Reta";"Sim";4;0;2;0;2;0;2;2;-18,90402858;-48,23355502;"SPRF-MG";"DEL15-MG";"UOP01-DEL15-MG"
293022;2020-07-02;"quinta-feira";"06:40:00";"SP";116;213;"GUARULHOS";"Avarias e/ou desgaste excessivo no pneu";"Tombamento";"Com Vítimas Feridas";"Pleno dia";"Crescente";"Céu Claro";"Múltipla";"Reta";"Sim";2;0;1;0;1;0;1;1;-23,4410809;-46,44098997;"SPRF-SP";"DEL01-SP";"UOP01-DEL01-SP"
293023;2020-07-02;"quinta-feira";"07:30:00";"PR";277;718,7;"SANTA TEREZINHA DE ITAIPU";"Defeito Mecânico no Veículo";"Queda de ocupante de veículo";"Com Vítimas Feridas";"Amanhecer";"Decrescente";"Céu Claro";"Dupla";"Reta";"Não";1;0;1;0;0;0;1;1;-25,47621018;-54,47536469;"SPRF-PR";"DEL05-PR";"UOP01-DEL05-PR"
293025;2020-07-02;"quinta-feira";"08:01:00";"RS";101;86;"OSORIO";"Falta de Atenção à Condução";"Colisão lateral";"Com Vítimas Feridas";"Amanhecer";"Decrescente";"Garoa/Chuvisco";"Dupla";"Reta";"Sim";2;0;1;0;1;0;1;2;-29,88153262;-50,26372975;"SPRF-RS";"DEL03-RS";"UOP01-DEL03-RS"
293026;2020-07-02;"quinta-feira";"06:30:00";"RJ";101;48;"CAMPOS DOS GOYTACAZES";"Defeito Mecânico no Veículo";"Incêndio";"Sem Vítimas";"Pleno dia";"Decrescente";"Céu Claro";"Simples";"Reta";"Não";1;0;0;0;1;0;0;1;-21,61625895;-41,31535762;"SPRF-RJ";"DEL08-RJ";"UOP01-DEL08-RJ"
293028;2020-07-02;"quinta-feira";"08:10:00";"SC";101;203;"SAO JOSE";"Falta de Atenção à Condução";"Colisão traseira";"Com Vítimas Feridas";"Pleno dia";"Crescente";"Céu Claro";"Dupla";"Reta";"Sim";3;0;1;0;2;0;1;2;-27,5650044;-48,61460082;"SPRF-SC";"DEL01-SC";"UOP01-DEL01-SC"
293030;2020-07-02;"quinta-feira";"07:30:00";"SC";101;215,9;"PALHOCA";"Falta de Atenção à Condução";"Colisão lateral";"Com Vítimas Feridas";"Pleno dia";"Decrescente";"Nublado";"Múltipla";"Reta";"Sim";2;0;1;0;1;0;1;2;-27,65184843;-48,67604941;"SPRF-SC";"DEL01-SC";"UOP02-DEL01-SC"
293031;2020-07-02;"quinta-feira";"07:40:00";"RJ";116;167;"SAO JOAO DE MERITI";"Falta de Atenção à Condução";"Colisão lateral";"Com Vítimas Feridas";"Pleno dia";"Decrescente";"Céu Claro";"Dupla";"Reta";"Sim";2;0;1;0;1;0;1;2;-22,80107353;-43,35223854;"SPRF-RJ";"DEL01-RJ";"UOP01-DEL01-RJ"