"id";"data_inversa";"dia_semana";"horario";"uf";"br";"km";"municipio";"causa_acidente";"tipo_acidente";"classificacao_acidente";"fase_dia";"sentido_via";"condicao_metereologica";"tipo_pista";"tracado_via";"uso_solo";"pessoas";"mortos";"feridos_leves";"feridos_graves";"ilesos";"ignorados";"feridos";"veiculos";"latitude";"longitude";"regional";"delegacia";"uop"
293032;2020-07-02;"quinta-feira";"07:55:00";"PR";476;137;"CURITIBA";"Ingestão de Álcool";"Colisão traseira";"Sem Vítimas";"Pleno dia";"Crescente";"Céu Claro";"Múltipla";"Curva";"Sim";2;0;0;0;2;0;0;2;-25,498302;-49,277546;"SPRF-PR";"DEL01-PR";"UOP03-DEL01-PR"
293033;2020-07-02;"quinta-feira";"07:25:00";"RS";471;175,9;"RIO PARDO";"Desobediência às normas de trânsito pelo condutor";"Colisão transversal";"Com Vítimas Feridas";"Pleno dia";"Decrescente";"Céu Claro";"Simples";"Reta";"Não";2;0;1;0;1;0;1;2;-30,031555;-52,371674;"SPRF-RS";"DEL02-RS";"UOP03-DEL02-RS"
293034;2020-07-02;"quinta-feira";"07:50:00";"TO";153;133,5;"ARAGUAINA";"Falta de Atenção à Condução";"Tombamento";"Com Vítimas Feridas";"Pleno dia";"Crescente";"Céu Claro";"Simples";"Rotatória";"Não";1;0;1;0;0;0;1;1;-7,11461109;-48,18743388;"SPRF-TO";"DEL02-TO";"UOP01-DEL02-TO"
293036;2020-07-02;"quinta-feira";"08:10:00";"ES";101;291,9;"CARIACICA";"Falta de Atenção à Condução";"Colisão transversal";"Com Vítimas Feridas";"Pleno dia";"Crescente";"Céu Claro";"Dupla";"Reta;Retorno Regulamentado;Declive";"Não";2;0;1;0;1;0;1;2;-20,29755744;-40,39445616;"SPRF-ES";"DEL01-ES";"UOP01-DEL01-ES"
293037;2020-07-02;"quinta-feira";"08:20:00";"PB";101;85;"BAYEUX";"Desobediência às normas de trânsito pelo condutor";"Engavetamento";"Sem Vítimas";"Pleno dia";"Decrescente";"Nublado";"Dupla";"Reta";"Sim";4;0;0;0;4;0;0;4;-7,14538184;-34,91662887;"SPRF-PB";"DEL01-PB";"UOP01-DEL01-PB"
293039;2020-07-02;"quinta-feira";"07:30:00";"MS";163;263;"DOURADOS";"Falta de Atenção à Condução";"Colisão lateral";"Com Vítimas Feridas";"Pleno dia";"Crescente";"Céu Claro";"Dupla";"Rotatória";"Não";2;0;0;2;0;0;2;2;-22,23173074;-54,74766439;"SPRF-MS";"DEL04-MS";"UOP01-DEL04-MS"
293040;2020-06-29;"segunda-feira";"06:50:00";"MG";381;332;"NOVA ERA";"Velocidade Incompatível";"Saída de leito carroçável";"Com Vítimas Feridas";"Amanhecer";"Crescente";"Nublado";"Dupla";"Curva";"Não";1;0;1;0;0;0;1;1;-19,79994695;-43,05451587;"SPRF-MG";"DEL03-MG";"UOP01-DEL03-MG"
293041;2020-07-02;"quinta-feira";"08:50:00";"PB";101;86;"BAYEUX";"Não guardar distância de segurança";"Colisão traseira";"Sem Vítimas";"Pleno dia";"Decrescente";"Céu Claro";"Dupla";"Reta";"Sim";2;0;0;0;2;0;0;2;-7,15118983;-34,91012184;"SPRF-PB";"DEL01-PB";"UOP01-DEL01-PB"
293042;2020-07-02;"quinta-feira";"07:30:00";"RO";364;707;"PORTO VELHO";"Falta de Atenção do Pedestre";"Atropelamento de Pedestre";"Com Vítimas Feridas";"Pleno dia";"Crescente";"Céu Claro";"Múltipla";"Reta";"Sim";2;0;1;1;0;0;2;2;-8,797837;-63,836907;"SPRF-RO";"DEL01-RO";"UOP01-DEL01-RO"
293043;2020-07-02;"quinta-feira";"06:50:00";"MA";135;7,8;"SAO LUIS";"Falta de Atenção à Condução";"Colisão transversal";"Com Vítimas Feridas";"Pleno dia";"Crescente";"Céu Claro";"Dupla";"Interseção de Vias";"Sim";2;0;1;0;1;0;1;2;-2,63608835;-44,26848552;"SPRF-MA";"DEL01-MA";"UOP01-DEL01-MA"
293045;2020-07-02;"quinta-feira";"09:25:00";"PA";163;1000;"SANTAREM";"Falta de Atenção à Condução";"Colisão traseira";"Sem Vítimas";"Pleno dia";"Decrescente";"Céu Claro";"Simples";"Reta";"Sim";2;0;0;0;2;0;0;2;-2,47328397;-54,7293664;"SPRF-PA";"DEL05-PA";"UOP01-DEL05-PA"
293049;2020-07-02;"quinta-feira";"08:00:00";"MG";50;154,9;"UBERABA";"Condutor Dormindo";"Saída de leito carroçável";"Com Vítimas Feridas";"Pleno dia";"Crescente";"Céu Claro";"Dupla";"Curva";"Não";3;0;1;2;0;0;3;1;-19,59976082;-48,02524854;"SPRF-MG";"DEL13-MG";"UOP01-DEL13-MG"
293051;2020-07-02;"quinta-feira";"10:30:00";"MG";381;479,3;"CONTAGEM";"Desobediência às normas de trânsito pelo condutor";"Atropelamento de Pedestre";"Com Vítimas Feridas";"Pleno dia";"Crescente";"Céu Claro";"Dupla";"Reta";"Sim";3;0;2;0;0;1;2;2;-19,96359867;-44,04771924;"SPRF-MG";"DEL01-MG";"UOP03-DEL01-MG"
293053;2020-04-25;"sábado";"12:10:00";"RS";290;96;"PORTO ALEGRE";"Falta de Atenção à Condução";"Colisão traseira";"Com Vítimas Feridas";"Pleno dia";"Crescente";"Sol";"Dupla";"Reta";"Não";2;0;1;0;1;0;1;2;-29,992107;-51,204525;"SPRF-RS";"DEL01-RS";"UOP01-DEL01-RS"
293055;2020-07-02;"quinta-feira";"11:05:00";"MG";381;483;"BETIM";"Desobediência às normas de trânsito pelo condutor";"Queda de ocupante de veículo";"Com Vítimas Feridas";"Pleno dia";"Crescente";"Céu Claro";"Múltipla";"Declive;Reta";"Sim";1;0;1;0;0;0;1;1;-19,95594491;-44,10721699;"SPRF-MG";"DEL01-MG";"UOP03-DEL01-MG"
293056;2020-07-02;"quinta-feira";"09:00:00";"BA";116;598;"IRAJUBA";"Condutor Dormindo";"Saída de leito carroçável";"Com Vítimas Feridas";"Pleno dia";"Decrescente";"Céu Claro";"Simples";"Curva";"Não";2;0;2;0;0;0;2;1;-13,2201;-40,028964;"SPRF-BA";"DEL03-BA";"UOP02-DEL03-BA"
293061;2020-07-02;"quinta-feira";"10:50:00";"BA";367;73,4;"EUNAPOLIS";"Falta de Atenção à Condução";"Colisão com objeto estático";"Com Vítimas Feridas";"Pleno dia";"Decrescente";"Céu Claro";"Simples";"Declive;Curva";"Não";1;0;1;0;0;0;1;1;-16,38476542;-39,48916587;"SPRF-BA";"DEL09-BA";"UOP01-DEL09-BA"
293064;2020-07-02;"quinta-feira";"12:00:00";"SC";101;225;"PALHOCA";"Falta de Atenção à Condução";"Colisão traseira";"Com Vítimas Feridas";"Pleno dia";"Decrescente";"Nublado";"Dupla";"Reta";"Não";3;0;2;0;1;0;2;2;-27,73292191;-48,6409567;"SPRF-SC";"DEL01-SC";"UOP02-DEL01-SC"
293065;2020-07-02;"quinta-feira";"12:10:00";"SP";101;49;"UBATUBA";"Falta de Atenção à Condução";"Colisão transversal";"Com Vítimas Feridas";"Pleno dia";"Decrescente";"Céu Claro";"Simples";"Reta";"Sim";2;0;1;0;1;0;1;2;-23,44655206;-45,08120835;"SPRF-SP";"DEL06-SP";"UOP01-DEL06-SP"
293066;2020-07-02;"quinta-feira";"07:15:00";"SC";282;428;"VARGEM BONITA";"Velocidade Incompatível";"Colisão traseira";"Sem Vítimas";"Amanhecer";"Decrescente";"Nublado";"Simples";"Reta";"Não";5;0;0;0;5;0;0;5;-26,975683;-51,780529;"SPRF-SC";"DEL07-SC";"UOP05-DEL07-SC"
293067;2020-07-02;"quinta-feira";"11:40:00";"MT";364;259;"JUSCIMEIRA";"Falta de Atenção à Condução";"Colisão transversal";"Com Vítimas Feridas";"Pleno dia";"Crescente";"Céu Claro";"Simples";"Interseção de Vias;Reta";"Sim";2;0;1;0;1;0;1;2;-16,04814849;-54,88724925;"SPRF-MT";"DEL02-MT";"UOP01-DEL02-MT"
293068;2020-07-02;"quinta-feira";"12:10:00";"RJ";40;62;"PETROPOLIS";"Falta de Atenção à Condução";"Colisão transversal";"Com Vítimas Feridas";"Pleno dia";"Decrescente";"Céu Claro";"Dupla";"Reta";"Sim";2;0;1;0;1;0;1;2;-22,40542358;-43,14664526;"SPRF-RJ";"DEL05-RJ";"UOP02-DEL05-RJ"
293071;2020-07-02;"quinta-feira";"13:00:00";"RJ";40;118;"DUQUE DE CAXIAS";"Defeito Mecânico no Veículo";"Tombamento";"Com Vítimas Feridas";"Pleno dia";"Decrescente";"Céu Claro";"Múltipla";"Reta";"Sim";2;0;2;0;0;0;2;1;-22,75470802;-43,28737838;"SPRF-RJ";"DEL01-RJ";"UOP01-DEL01-RJ"
293073;2020-04-09;"quinta-feira";"20:40:00";"TO";242;357;"GURUPI";"Animais na Pista";"Atropelamento de Animal";"Com Vítimas Feridas";"Plena Noite";"Decrescente";"Céu Claro";"Simples";"Reta";"Não";2;0;0;1;1;0;1;2;-11,83320321;-48,8963702;"SPRF-TO";"DEL01-TO";"UOP02-DEL01-TO"
293075;2020-01-27;"segunda-feira";"11:20:00";"MG";116;412,6;"GOVERNADOR VALADARES";"Não guardar distância de segurança";"Colisão traseira";"Com Vítimas Feridas";"Pleno dia";"Crescente";"Chuva";"Dupla";"Reta";"Sim";2;0;0;1;1;0;1;2;-18,87125513;-41,96912527;"SPRF-MG";"DEL06-MG";"UOP01-DEL06-MG"
293076;2020-07-02;"quinta-feira";"14:00:00";"PR";476;119,8;"COLOMBO";"Desobediência às normas de trânsito pelo condutor";"Colisão lateral";"Com Vítimas Feridas";"Pleno dia";"Crescente";"Céu Claro";"Dupla";"Declive";"Sim";2;0;1;0;1;0;1;2;-25,364202;-49,185825;"SPRF-PR";"DEL01-PR";"UOP07-DEL01-PR"
293078;2020-07-02;"quinta-feira";"12:40:00";"AC";364;127;"RIO BRANCO";"Falta de Atenção à Condução";"Colisão traseira";"Com Vítimas Feridas";"Pleno dia";"Crescente";"Céu Claro";"Dupla";"Reta";"Sim";2;0;0;1;1;0;1;2;-10,01980906;-67,81433091;"SPRF-AC";"DEL01-AC";"UOP01-DEL01-AC"
293079;2020-07-02;"quinta-feira";"15:00:00";"RS";287;249;"SANTA MARIA";"Desobediência às normas de trânsito pelo condutor";"Colisão transversal";"Com Vítimas Feridas";"Pleno dia";"Decrescente";"Céu Claro";"Simples";"Reta";"Sim";2;0;1;0;1;0;1;2;-29,69400654;-53,86100019;"SPRF-RS";"DEL09-RS";"UOP01-DEL09-RS"
293080;2020-05-03;"domingo";"18:30:00";"SE";235;40;"AREIA BRANCA";"Falta de Atenção à Condução";"Colisão traseira";"Com Vítimas Feridas";"Plena Noite";"Decrescente";"Nublado";"Simples";"Reta";"Não";2;0;0;1;1;0;1;2;-10,769464;-37,364246;"SPRF-SE";"DEL01-SE";"UOP02-DEL01-SE"
293081;2020-07-02;"quinta-feira";"15:15:00";"GO";40;97,1;"CRISTALINA";"Falta de Atenção à Condução";"Tombamento";"Com Vítimas Feridas";"Pleno dia";"Decrescente";"Céu Claro";"Dupla";"Reta";"Sim";1;0;1;0;0;0;1;1;-16,764631;-47,595763;"SPRF-DF";"DEL01-DF";"UOP02-DEL01-DF"
293082;2020-07-02;"quinta-feira";"15:40:00";"ES";101;269;"SERRA";"Não guardar distância de segurança";"Colisão traseira";"Com Vítimas Feridas";"Pleno dia";"Decrescente";"Nublado";"Dupla";"Reta";"Sim";2;0;1;0;1;0;1;2;-20,21740496;-40,26990578;"SPRF-ES";"DEL02-ES";"UOP01-DEL02-ES"
293084;2020-07-02;"quinta-feira";"14:10:00";"RS";116;483;"TURUCU";"Falta de Atenção à Condução";"Saída de leito carroçável";"Sem Vítimas";"Pleno dia";"Decrescente";"Nublado";"Dupla";"Em Obras";"Não";1;0;0;0;1;0;0;1;-31,41612663;-52,17144704;"SPRF-RS";"DEL07-RS";"UOP01-DEL07-RS"
293086;2020-07-02;"quinta-feira";"15:45:00";"BA";101;111;"ALAGOINHAS";"Desobediência às normas de trânsito pelo condutor";"Colisão lateral";"Com Vítimas Feridas";"Pleno dia";"Decrescente";"Céu Claro";"Simples";"Reta";"Sim";2;0;1;0;0;1;1;2;-12,16246647;-38,48586813;"SPRF-BA";"DEL01-BA";"UOP04-DEL01-BA"
293089;2020-07-02;"quinta-feira";"15:30:00";"SC";101;206,9;"SAO JOSE";"Falta de Atenção à Condução";"Colisão traseira";"Com Vítimas Feridas";"Pleno dia";"Decrescente";"Nublado";"Dupla";"Declive";"Sim";4;0;3;0;0;1;3;3;-27,59193546;-48,61824557;"SPRF-SC";"DEL01-SC";"UOP01-DEL01-SC"
293090;2020-07-02;"quinta-feira";"13:30:00";"PB";230;135,3;"CAMPINA GRANDE";"Sinalização da via insuficiente ou inadequada";"Colisão traseira";"Sem Vítimas";"Pleno dia";"Crescente";"Céu Claro";"Dupla";"Reta";"Não";4;0;0;0;4;0;0;4;-7,2789;-35,7591;"SPRF-PB";"DEL02-PB";"UOP01-DEL02-PB"
293091;2020-07-02;"quinta-feira";"16:10:00";"SP";116;158;"JACAREI";"Não guardar distância de segurança";"Queda de ocupante de veículo";"Com Vítimas Feridas";"Pleno dia";"Crescente";"Céu Claro";"Dupla";"Curva";"Não";1;0;1;0;0;0;1;1;-23,26072137;-45,95179176;"SPRF-SP";"DEL02-SP";"UOP01-DEL02-SP"
293093;2020-07-02;"quinta-feira";"15:50:00";"RJ";101;317;"SAO GONCALO";"Falta de Atenção à Condução";"Queda de ocupante de veículo";"Com Vítimas Feridas";"Pleno dia";"Decrescente";"Céu Claro";"Dupla";"Reta";"Não";1;0;1;0;0;0;1;1;-22,83707798;-43,09492006;"SPRF-RJ";"DEL02-RJ";"UOP02-DEL02-RJ"
293094;2020-07-02;"quinta-feira";"16:30:00";"AL";101;101;"PILAR";"Ingestão de Álcool";"Colisão com objeto estático";"Com Vítimas Feridas";"Pleno dia";"Decrescente";"Céu Claro";"Dupla";"Rotatória";"Sim";1;0;1;0;0;0;1;1;-9,56416014;-35,96916436;"SPRF-AL";"DEL01-AL";"UOP01-DEL01-AL"
293095;2020-07-02;"quinta-feira";"16:00:00";"PE";232;139,9;"SAO CAITANO";"Defeito Mecânico no Veículo";"Incêndio";"Sem Vítimas";"Pleno dia";"Decrescente";"Céu Claro";"Dupla";"Reta";"Não";1;0;0;0;1;0;0;1;-8,31947086;-36,06799801;"SPRF-PE";"DEL02-PE";"UOP03-DEL02-PE"
293097;2020-07-02;"quinta-feira";"16:45:00";"AL";316;57;"CANAPI";"Ultrapassagem Indevida";"Colisão com objeto estático";"Com Vítimas Feridas";"Pleno dia";"Decrescente";"Céu Claro";"Simples";"Reta";"Não";1;0;1;0;0;0;1;1;-9,23267987;-37,45370192;"SPRF-AL";"DEL03-AL";"UOP02-DEL03-AL"
293099;2020-07-02;"quinta-feira";"14:25:00";"MS";262;436,4;"DOIS IRMAOS DO BURITI";"Defeito Mecânico no Veículo";"Saída de leito carroçável";"Com Vítimas Feridas";"Pleno dia";"Crescente";"Céu Claro";"Simples";"Reta";"Não";2;0;2;0;0;0;2;1;-20,50374212;-55,32866196;"SPRF-MS";"DEL03-MS";"UOP01-DEL03-MS"
293107;2020-07-02;"quinta-feira";"17:10:00";"BA";418;85;"NOVA VICOSA";"Falta de Atenção à Condução";"Colisão transversal";"Com Vítimas Feridas";"Pleno dia";"Decrescente";"Céu Claro";"Simples";"Reta";"Sim";2;0;0;1;1;0;1;2;-17,89031983;-39,79951109;"SPRF-BA";"DEL09-BA";"UOP02-DEL09-BA"
293108;2020-07-02;"quinta-feira";"18:25:00";"MG";262;40,9;"MANHUACU";"Falta de Atenção à Condução";"Colisão transversal";"Com Vítimas Feridas";"Anoitecer";"Crescente";"Nublado";"Simples";"Aclive";"Não";2;0;2;0;0;0;2;2;-20,27334219;-42,04913988;"SPRF-MG";"DEL06-MG";"UOP03-DEL06-MG"
293109;2020-07-02;"quinta-feira";"18:05:00";"DF";20;11,4;"BRASILIA";"Falta de Atenção à Condução";"Colisão lateral";"Com Vítimas Feridas";"Anoitecer";"Crescente";"Céu Claro";"Dupla";"Reta";"Sim";3;0;1;0;2;0;1;3;-15,6452119;-47,76307317;"SPRF-DF";"DEL02-DF";"UOP01-DEL02-DF"
293111;2020-07-02;"quinta-feira";"15:20:00";"RJ";116;64;"TERESOPOLIS";"Pista Escorregadia";"Tombamento";"Com Vítimas Feridas";"Pleno dia";"Decrescente";"Nublado";"Simples";"Curva";"Não";1;0;1;0;0;0;1;1;-22,26893308;-42,92498182;"SPRF-RJ";"DEL04-RJ";"UOP01-DEL04-RJ"
293113;2020-07-02;"quinta-feira";"18:30:00";"SC";101;214,8;"PALHOCA";"Falta de Atenção à Condução";"Colisão lateral";"Com Vítimas Feridas";"Plena Noite";"Crescente";"Nublado";"Múltipla";"Reta";"Sim";2;0;1;0;1;0;1;2;-27,64443;-48,67057;"SPRF-SC";"DEL01-SC";"UOP02-DEL01-SC"
293115;2020-07-02;"quinta-feira";"17:20:00";"RJ";101;463;"ANGRA DOS REIS";"Ultrapassagem Indevida";"Colisão frontal";"Com Vítimas Feridas";"Anoitecer";"Crescente";"Nublado";"Simples";"Reta";"Não";9;0;3;5;1;0;8;4;-23,02635686;-44,21296905;"SPRF-RJ";"DEL03-RJ";"UOP03-DEL03-RJ"
293116;2020-07-02;"quinta-feira";"18:30:00";"SP";153;64,5;"SAO JOSE DO RIO PRETO";"Falta de Atenção do Pedestre";"Atropelamento de Pedestre";"Com Vítimas Fatais";"Plena Noite";"Crescente";"Céu Claro";"Dupla";"Reta";"Sim";3;1;0;0;1;1;0;2;-20,82919401;-49,36046325;"SPRF-SP";"DEL09-SP";"UOP01-DEL09-SP"
293117;2020-07-02;"quinta-feira";"18:20:00";"SC";470;55,8;"BLUMENAU";"Desobediência às normas de trânsito pelo condutor";"Colisão lateral";"Com Vítimas Feridas";"Plena Noite";"Crescente";"Céu Claro";"Simples";"Reta";"Sim";2;0;1;0;1;0;1;2;-26,875601;-49,117992;"SPRF-SC";"DEL04-SC";"UOP01-DEL04-SC"
293119;2020-07-02;"quinta-feira";"17:45:00";"BA";101;711,7;"EUNAPOLIS";"Ingestão de Álcool";"Tombamento";"Com Vítimas Feridas";"Anoitecer";"Decrescente";"Céu Claro";"Simples";"Reta";"Não";1;0;1;0;0;0;1;1;-16,49374594;-39,57503506;"SPRF-BA";"DEL09-BA";"UOP01-DEL09-BA"
293120;2020-07-02;"quinta-feira";"18:30:00";"RJ";40;113;"DUQUE DE CAXIAS";"Desobediência às normas de trânsito pelo condutor";"Colisão lateral";"Com Vítimas Feridas";"Plena Noite";"Decrescente";"Nublado";"Múltipla";"Reta";"Sim";2;0;1;0;1;0;1;2;-22,70948502;-43,29040354;"SPRF-RJ";"DEL01-RJ";"UOP01-DEL01-RJ"
293121;2020-07-02;"quinta-feira";"19:10:00";"PA";163;1004,9;"SANTAREM";"Falta de Atenção à Condução";"Colisão transversal";"Com Vítimas Feridas";"Plena Noite";"Decrescente";"Ignorado";"Dupla";"Reta";"Sim";2;0;1;0;1;0;1;2;-2,42886005;-54,73489523;"SPRF-PA";"DEL05-PA";"UOP01-DEL05-PA"
293122;2020-07-02;"quinta-feira";"19:20:00";"MG";262;801,5;"UBERABA";"Falta de Atenção à Condução";"Colisão traseira";"Com Vítimas Feridas";"Plena Noite";"Decrescente";"Céu Claro";"Dupla";"Reta";"Sim";2;0;0;1;1;0;1;2;-19,77920263;-47,955319;"SPRF-MG";"DEL13-MG";"UOP01-DEL13-MG"
293123;2020-07-02;"quinta-feira";"18:45:00";"RS";153;48;"ERECHIM";"Falta de Atenção à Condução";"Colisão lateral";"Com Vítimas Feridas";"Plena Noite";"Crescente";"Nublado";"Simples";"Reta;Viaduto;Aclive";"Não";3;0;1;1;1;0;2;3;-27,65118001;-52,257248;"SPRF-RS";"DEL08-RS";"UOP04-DEL08-RS"
293124;2020-07-02;"quinta-feira";"18:30:00";"MG";262;402,9;"PARA DE MINAS";"Avarias e/ou desgaste excessivo no pneu";"Tombamento";"Com Vítimas Feridas";"Plena Noite";"Crescente";"Nublado";"Dupla";"Reta";"Não";1;0;1;0;0;0;1;1;-19,89743381;-44,56208695;"SPRF-MG";"DEL08-MG";"UOP03-DEL08-MG"
293125;2020-07-02;"quinta-feira";"18:45:00";"MG";40;512;"RIBEIRAO DAS NEVES";"Desobediência às normas de trânsito pelo condutor";"Queda de ocupante de veículo";"Com Vítimas Feridas";"Plena Noite";"Decrescente";"Céu Claro";"Dupla";"Reta";"Não";1;0;0;1;0;0;1;1;-19,78946999;-44,11290699;"SPRF-MG";"DEL01-MG";"UOP02-DEL01-MG"
293126;2020-07-02;"quinta-feira";"18:30:00";"RO";364;236,5;"CACOAL";"Desobediência às normas de trânsito pelo condutor";"Colisão transversal";"Com Vítimas Feridas";"Anoitecer";"Decrescente";"Céu Claro";"Simples";"Retorno Regulamentado";"Sim";2;0;1;0;1;0;1;2;-11,44587672;-61,43784993;"SPRF-RO";"DEL02-RO";"UOP02-DEL02-RO"
293127;2020-07-02;"quinta-feira";"18:35:00";"RR";174;501;"BOA VISTA";"Desobediência às normas de trânsito pelo condutor";"Colisão traseira";"Com Vítimas Feridas";"Plena Noite";"Decrescente";"Céu Claro";"Dupla";"Reta";"Sim";2;0;1;0;1;0;1;2;2,781689;-60,703827;"SPRF-RR";"DEL01-RR";"UOP01-DEL01-RR"
293128;2020-07-02;"quinta-feira";"19:00:00";"MG";381;2,7;"BETIM";"Falta de Atenção à Condução";"Queda de ocupante de veículo";"Com Vítimas Feridas";"Plena Noite";"Crescente";"Chuva";"Dupla";"Reta";"Sim";1;0;1;0;0;0;1;1;-19,96825;-44,198708;"SPRF-MG";"DEL01-MG";"UOP03-DEL01-MG"
293129;2020-07-02;"quinta-feira";"19:00:00";"PR";277;593,5;"CASCAVEL";"Desobediência às normas de trânsito pelo pedestre";"Atropelamento de Pedestre";"Com Vítimas Fatais";"Plena Noite";"Crescente";"Céu Claro";"Simples";"Aclive";"Não";2;1;0;0;1;0;0;2;-24,98082053;-53,48254989;"SPRF-PR";"DEL04-PR";"UOP01-DEL04-PR"
293130;2020-07-02;"quinta-feira";"18:25:00";"PR";376;178;"MARINGA";"Velocidade Incompatível";"Engavetamento";"Com Vítimas Feridas";"Pleno dia";"Crescente";"Nublado";"Múltipla";"Reta;Em Obras";"Sim";10;0;1;1;8;0;2;4;-23,4192146;-51,91293985;"SPRF-PR";"DEL09-PR";"UOP01-DEL09-PR"
293131;2020-07-02;"quinta-feira";"18:00:00";"PB";230;4;"CABEDELO";"Desobediência às normas de trânsito pelo condutor";"Colisão traseira";"Com Vítimas Feridas";"Plena Noite";"Crescente";"Nublado";"Dupla";"Reta";"Sim";2;0;1;0;1;0;1;2;-7,0004;-34,8284;"SPRF-PB";"DEL01-PB";"UOP01-DEL01-PB"
293133;2020-07-02;"quinta-feira";"16:05:00";"PR";277;243;"IRATI";"Falta de Atenção à Condução";"Colisão transversal";"Com Vítimas Feridas";"Pleno dia";"Decrescente";"Sol";"Simples";"Reta;Retorno Regulamentado";"Não";2;0;1;0;1;0;1;2;-25,46419687;-50,56581801;"SPRF-PR";"DEL03-PR";"UOP03-DEL03-PR"
293137;2020-07-02;"quinta-feira";"19:09:00";"RR";401;0,1;"BOA VISTA";"Desobediência às normas de trânsito pelo condutor";"Colisão transversal";"Com Vítimas Feridas";"Plena Noite";"Decrescente";"Nublado";"Múltipla";"Interseção de Vias";"Sim";2;0;0;1;0;1;1;2;2,8061678;-60,68998;"SPRF-RR";"DEL01-RR";"UOP01-DEL01-RR"
293138;2020-07-02;"quinta-feira";"20:30:00";"SP";116;101,4;"PINDAMONHANGABA";"Falta de Atenção à Condução";"Tombamento";"Com Vítimas Feridas";"Plena Noite";"Decrescente";"Céu Claro";"Dupla";"Aclive;Reta";"Não";2;0;1;1;0;0;2;1;-22,99074204;-45,48115098;"SPRF-SP";"DEL06-SP";"UOP01-DEL06-SP"
293139;2020-07-02;"quinta-feira";"20:40:00";"RJ";356;179;"SAO JOAO DA BARRA";"Desobediência às normas de trânsito pelo condutor";"Colisão transversal";"Com Vítimas Feridas";"Plena Noite";"Decrescente";"Nublado";"Simples";"Reta";"Não";3;0;2;0;1;0;2;2;-21,68118615;-41,05630932;"SPRF-RJ";"DEL08-RJ";"UOP02-DEL08-RJ"
293142;2020-07-02;"quinta-feira";"17:10:00";"MA";135;7,2;"SAO LUIS";"Desobediência às normas de trânsito pelo condutor";"Colisão frontal";"Sem Vítimas";"Pleno dia";"Crescente";"Céu Claro";"Dupla";"Reta";"Sim";2;0;0;0;2;0;0;2;-2,64062316;-44,27181613;"SPRF-MA";"DEL01-MA";"UOP01-DEL01-MA"
293144;2020-07-02;"quinta-feira";"21:00:00";"MG";50;51,6;"ARAGUARI";"Falta de Atenção à Condução";"Colisão com objeto estático";"Sem Vítimas";"Plena Noite";"Crescente";"Céu Claro";"Dupla";"Reta";"Não";1;0;0;0;1;0;0;1;-18,74433705;-48,2313459;"SPRF-MG";"DEL15-MG";"UOP02-DEL15-MG"
293145;2020-07-02;"quinta-feira";"20:10:00";"RO";364;703;"PORTO VELHO";"Falta de Atenção do Pedestre";"Atropelamento de Pedestre";"Com Vítimas Fatais";"Plena Noite";"Decrescente";"Céu Claro";"Dupla";"Reta";"Não";2;1;0;0;1;0;0;2;-8,80021523;-63,79557792;"SPRF-RO";"DEL01-RO";"UOP01-DEL01-RO"
293147;2020-07-02;"quinta-feira";"21:10:00";"PE";101;50,3;"ABREU E LIMA";"Falta de Atenção à Condução";"Colisão lateral";"Com Vítimas Feridas";"Plena Noite";"Crescente";"Chuva";"Múltipla";"Reta";"Sim";4;0;2;0;2;0;2;3;-7,90938602;-34,90123228;"SPRF-PE";"DEL01-PE";"UOP02-DEL01-PE"
293149;2020-07-02;"quinta-feira";"20:40:00";"BA";116;826;"VITORIA DA CONQUISTA";"Velocidade Incompatível";"Capotamento";"Sem Vítimas";"Plena Noite";"Decrescente";"Nublado";"Dupla";"Reta";"Sim";1;0;0;0;0;1;0;1;-14,8766313;-40,8535694;"SPRF-BA";"DEL08-BA";"UOP01-DEL08-BA"
293150;2020-07-02;"quinta-feira";"22:00:00";"PR";277;237,5;"IRATI";"Falta de Atenção à Condução";"Queda de ocupante de veículo";"Com Vítimas Feridas";"Plena Noite";"Decrescente";"Céu Claro";"Simples";"Reta";"Não";1;0;1;0;0;0;1;1;-25,457279;-50,608629;"SPRF-PR";"DEL03-PR";"UOP03-DEL03-PR"
293151;2020-07-02;"quinta-feira";"21:25:00";"PR";277;527,8;"GUARANIACU";"Animais na Pista";"Atropelamento de Animal";"Com Vítimas Feridas";"Plena Noite";"Decrescente";"Céu Claro";"Simples";"Curva";"Não";1;0;1;0;0;0;1;1;-25,091649;-52,949265;"SPRF-PR";"DEL04-PR";"UOP04-DEL04-PR"
293152;2020-07-02;"quinta-feira";"20:36:00";"PR";369;490;"CORBELIA";"Desobediência às normas de trânsito pelo condutor";"Colisão transversal";"Com Vítimas Feridas";"Plena Noite";"Crescente";"Céu Claro";"Simples";"Interseção de Vias";"Não";2;0;1;0;1;0;1;2;-24,7166;-53,2465;"SPRF-PR";"DEL04-PR";"UOP03-DEL04-PR"