"id";"data_inversa";"dia_semana";"horario";"uf";"br";"km";"municipio";"causa_acidente";"tipo_acidente";"classificacao_acidente";"fase_dia";"sentido_via";"condicao_metereologica";"tipo_pista";"tracado_via";"uso_solo";"pessoas";"mortos";"feridos_leves";"feridos_graves";"ilesos";"ignorados";"feridos";"veiculos";"latitude";"longitude";"regional";"delegacia";"uop"
293631;2020-07-04;"sábado";"19:40:00";"RJ";465;2;"SEROPEDICA";"Falta de Atenção à Condução";"Atropelamento de Pedestre";"Com Vítimas Feridas";"Plena Noite";"Crescente";"Ignorado";"Simples";"Reta";"Não";2;0;1;0;0;1;1;2;-22,727266;-43,718712;"SPRF-RJ";"DEL01-RJ";"UOP03-DEL01-RJ"
293632;2020-07-05;"domingo";"06:10:00";"RJ";101;85;"CAMPOS DOS GOYTACAZES";"Desobediência às normas de trânsito pelo condutor";"Saída de leito carroçável";"Com Vítimas Feridas";"Amanhecer";"Decrescente";"Garoa/Chuvisco";"Dupla";"Reta";"Não";1;0;1;0;0;0;1;1;-21,82176524;-41,47958594;"SPRF-RJ";"DEL08-RJ";"UOP02-DEL08-RJ"
293633;2020-07-05;"domingo";"06:20:00";"BA";101;222;"CRUZ DAS ALMAS";"Falta de Atenção à Condução";"Atropelamento de Pedestre";"Com Vítimas Feridas";"Pleno dia";"Crescente";"Céu Claro";"Simples";"Reta";"Não";2;0;0;1;0;1;1;2;-12,6708553;-39,1331911;"SPRF-BA";"DEL01-BA";"UOP02-DEL01-BA"
293634;2020-07-05;"domingo";"05:30:00";"RR";174;512;"BOA VISTA";"Ingestão de Álcool";"Colisão traseira";"Sem Vítimas";"Amanhecer";"Crescente";"Céu Claro";"Simples";"Reta";"Não";2;0;0;0;2;0;0;2;2,861408;-60,69804;"SPRF-RR";"DEL01-RR";"UOP01-DEL01-RR"
293635;2020-07-04;"sábado";"22:40:00";"PA";230;112;"MARABA";"Ingestão de Álcool";"Colisão com objeto estático";"Sem Vítimas";"Plena Noite";"Decrescente";"Céu Claro";"Simples";"Ponte";"Sim";1;0;0;0;1;0;0;1;-5,36283602;-49,0747261;"SPRF-PA";"DEL03-PA";"UOP01-DEL03-PA"
293636;2020-07-05;"domingo";"07:09:00";"ES";262;50,3;"MARECHAL FLORIANO";"Defeito Mecânico no Veículo";"Colisão frontal";"Com Vítimas Feridas";"Pleno dia";"Crescente";"Chuva";"Simples";"Curva";"Não";6;0;5;0;1;0;5;2;-20,41596382;-40,70793986;"SPRF-ES";"DEL01-ES";"UOP01-DEL01-ES"
293637;2020-07-05;"domingo";"07:00:00";"GO";40;7;"VALPARAISO DE GOIAS";"Ingestão de Álcool";"Colisão traseira";"Sem Vítimas";"Pleno dia";"Decrescente";"Céu Claro";"Dupla";"Reta";"Sim";2;0;0;0;2;0;0;2;-16,108482;-47,972524;"SPRF-DF";"DEL01-DF";"UOP01-DEL01-DF"
293638;2020-07-05;"domingo";"05:00:00";"RJ";116;175;"NOVA IGUACU";"Defeito Mecânico no Veículo";"Incêndio";"Sem Vítimas";"Amanhecer";"Crescente";"Céu Claro";"Dupla";"Reta";"Sim";1;0;0;0;1;0;0;1;-22,7631429;-43,41983557;"SPRF-RJ";"DEL01-RJ";"UOP02-DEL01-RJ"
293641;2020-07-05;"domingo";"08:30:00";"PR";277;344;"GUARAPUAVA";"Ingestão de Álcool";"Saída de leito carroçável";"Com Vítimas Feridas";"Pleno dia";"Crescente";"Nublado";"Dupla";"Reta";"Sim";2;0;1;0;1;0;1;1;-25,36444456;-51,47676229;"SPRF-PR";"DEL08-PR";"UOP01-DEL08-PR"
293642;2020-07-05;"domingo";"06:30:00";"PI";316;311;"PICOS";"Ingestão de Álcool";"Capotamento";"Sem Vítimas";"Pleno dia";"Crescente";"Céu Claro";"Dupla";"Reta";"Sim";1;0;0;0;1;0;0;1;-7,076331;-41,46596;"SPRF-PI";"DEL04-PI";"UOP01-DEL04-PI"
293644;2020-07-05;"domingo";"08:40:00";"PR";277;36;"MORRETES";"Falta de Atenção à Condução";"Colisão com objeto estático";"Com Vítimas Feridas";"Pleno dia";"Decrescente";"Sol";"Dupla";"Curva;Declive";"Não";1;0;1;0;0;0;1;1;-25,5585949;-48,80593311;"SPRF-PR";"DEL01-PR";"UOP05-DEL01-PR"
293646;2020-07-05;"domingo";"09:30:00";"GO";60;232,2;"CEZARINA";"Velocidade Incompatível";"Tombamento";"Com Vítimas Feridas";"Pleno dia";"Crescente";"Céu Claro";"Múltipla";"Declive";"Não";1;0;1;0;0;0;1;1;-17,0616;-49,7986;"SPRF-GO";"DEL01-GO";"UOP02-DEL01-GO"
293647;2020-07-05;"domingo";"08:55:00";"MA";135;72,8;"SANTA RITA";"Falta de Atenção à Condução";"Colisão lateral";"Com Vítimas Feridas";"Pleno dia";"Crescente";"Céu Claro";"Simples";"Declive";"Não";4;0;1;0;1;2;1;3;-3,15759591;-44,33373316;"SPRF-MA";"DEL01-MA";"UOP02-DEL01-MA"
293648;2020-07-05;"domingo";"10:15:00";"PE";101;46,9;"IGARASSU";"Desobediência às normas de trânsito pelo condutor";"Colisão traseira";"Sem Vítimas";"Pleno dia";"Decrescente";"Chuva";"Múltipla";"Reta";"Sim";2;0;0;0;1;1;0;2;-7,87406004;-34,90588126;"SPRF-PE";"DEL01-PE";"UOP02-DEL01-PE"
293649;2020-07-05;"domingo";"09:30:00";"PR";277;36,5;"MORRETES";"Falta de Atenção à Condução";"Saída de leito carroçável";"Com Vítimas Feridas";"Pleno dia";"Decrescente";"Nublado";"Dupla";"Curva";"Não";1;0;0;1;0;0;1;1;-25,56106485;-48,80843639;"SPRF-PR";"DEL01-PR";"UOP05-DEL01-PR"
293651;2020-07-05;"domingo";"07:00:00";"MT";364;109,2;"ALTO GARCAS";"Falta de Atenção à Condução";"Saída de leito carroçável";"Com Vítimas Feridas";"Amanhecer";"Decrescente";"Céu Claro";"Simples";"Aclive";"Não";2;0;1;0;1;0;1;1;-16,84635749;-53,82535399;"SPRF-MT";"DEL02-MT";"UOP02-DEL02-MT"
293654;2020-07-05;"domingo";"10:40:00";"AL";101;72,7;"MESSIAS";"Defeito Mecânico no Veículo";"Colisão com objeto estático";"Sem Vítimas";"Pleno dia";"Decrescente";"Chuva";"Dupla";"Curva";"Não";5;0;0;0;5;0;0;1;-9,385249;-35,8331453;"SPRF-AL";"DEL01-AL";"UOP01-DEL01-AL"
293655;2020-07-05;"domingo";"11:00:00";"MG";381;880,4;"ESTIVA";"Falta de Atenção à Condução";"Capotamento";"Com Vítimas Feridas";"Pleno dia";"Decrescente";"Céu Claro";"Dupla";"Curva";"Não";1;0;1;0;0;0;1;1;-22,50771497;-46,01674307;"SPRF-MG";"DEL16-MG";"UOP01-DEL16-MG"
293656;2020-06-20;"sábado";"05:40:00";"BA";101;209;"GOVERNADOR MANGABEIRA";"Animais na Pista";"Atropelamento de Animal";"Com Vítimas Feridas";"Amanhecer";"Crescente";"Ignorado";"Simples";"Aclive";"Sim";1;0;1;0;0;0;1;1;-12,60013828;-39,04416073;"SPRF-BA";"DEL01-BA";"UOP03-DEL01-BA"
293658;2020-07-05;"domingo";"11:50:00";"SC";101;62;"ARAQUARI";"Ingestão de Álcool";"Colisão com objeto estático";"Sem Vítimas";"Pleno dia";"Decrescente";"Sol";"Dupla";"Curva";"Sim";1;0;0;0;1;0;0;1;-26,45898367;-48,7584088;"SPRF-SC";"DEL03-SC";"UOP02-DEL03-SC"
293659;2020-07-05;"domingo";"12:45:00";"MG";381;340;"BELA VISTA DE MINAS";"Desobediência às normas de trânsito pelo condutor";"Colisão transversal";"Com Vítimas Feridas";"Pleno dia";"Decrescente";"Céu Claro";"Simples";"Declive";"Sim";7;0;2;0;5;0;2;2;-19,84087497;-43,09635354;"SPRF-MG";"DEL03-MG";"UOP01-DEL03-MG"
293662;2020-07-05;"domingo";"12:05:00";"SC";101;10,5;"GARUVA";"Velocidade Incompatível";"Colisão lateral";"Com Vítimas Feridas";"Pleno dia";"Decrescente";"Céu Claro";"Dupla";"Reta";"Não";2;0;0;1;1;0;1;2;-26,06942772;-48,86100769;"SPRF-SC";"DEL03-SC";"UOP01-DEL03-SC"
293663;2020-07-05;"domingo";"12:50:00";"RS";290;75;"GRAVATAI";"Velocidade Incompatível";"Tombamento";"Com Vítimas Feridas";"Pleno dia";"Decrescente";"Garoa/Chuvisco";"Simples";"Curva;Aclive";"Não";1;0;1;0;0;0;1;1;-29,95576273;-51,00474011;"SPRF-RS";"DEL01-RS";"UOP01-DEL01-RS"
293664;2020-07-05;"domingo";"12:30:00";"DF";20;10,6;"BRASILIA";"Defeito Mecânico no Veículo";"Capotamento";"Com Vítimas Feridas";"Pleno dia";"Decrescente";"Céu Claro";"Dupla";"Reta";"Sim";1;0;0;1;0;0;1;1;-15,650243;-47,773872;"SPRF-DF";"DEL02-DF";"UOP01-DEL02-DF"
293665;2020-07-05;"domingo";"13:30:00";"CE";116;1;"FORTALEZA";"Desobediência às normas de trânsito pelo condutor";"Colisão frontal";"Com Vítimas Feridas";"Pleno dia";"Crescente";"Céu Claro";"Dupla";"Reta";"Sim";3;0;0;1;1;1;1;2;-3,75787309;-38,52033203;"SPRF-CE";"DEL01-CE";"UOP02-DEL01-CE"
293667;2020-07-05;"domingo";"13:00:00";"MG";381;519;"IGARAPE";"Não guardar distância de segurança";"Colisão lateral";"Sem Vítimas";"Pleno dia";"Decrescente";"Céu Claro";"Dupla";"Reta";"Não";2;0;0;0;2;0;0;2;-20,12834104;-44,30330781;"SPRF-MG";"DEL01-MG";"UOP03-DEL01-MG"
293671;2020-07-05;"domingo";"14:48:00";"GO";60;45,6;"ALEXANIA";"Condutor Dormindo";"Saída de leito carroçável";"Com Vítimas Feridas";"Pleno dia";"Decrescente";"Céu Claro";"Dupla";"Curva";"Não";2;0;2;0;0;0;2;1;-16,1324;-48,5977;"SPRF-GO";"DEL02-GO";"UOP01-DEL02-GO"
293672;2020-07-05;"domingo";"14:00:00";"RJ";101;0;"NITEROI";"Avarias e/ou desgaste excessivo no pneu";"Tombamento";"Com Vítimas Feridas";"Pleno dia";"Decrescente";"Céu Claro";"Simples";"Curva";"Sim";2;0;2;0;0;0;2;1;-22,8808;-43,1043;"SPRF-RJ";"DEL02-RJ";"UOP02-DEL02-RJ"
293673;2020-07-05;"domingo";"12:20:00";"RJ";101;181;"CASIMIRO DE ABREU";"Velocidade Incompatível";"Saída de leito carroçável";"Com Vítimas Feridas";"Pleno dia";"Crescente";"Céu Claro";"Simples";"Curva";"Não";1;0;0;1;0;0;1;1;-22,41692381;-42,00103036;"SPRF-RJ";"DEL08-RJ";"UOP04-DEL08-RJ"
293674;2020-07-05;"domingo";"12:50:00";"PI";343;192,4;"PIRIPIRI";"Desobediência às normas de trânsito pelo condutor";"Colisão frontal";"Com Vítimas Fatais";"Pleno dia";"Decrescente";"Céu Claro";"Simples";"Reta";"Não";2;1;0;0;1;0;0;2;-4,3336426;-41,797403;"SPRF-PI";"DEL02-PI";"UOP01-DEL02-PI"
293676;2020-07-05;"domingo";"15:10:00";"GO";60;123,9;"GOIANAPOLIS";"Defeito Mecânico no Veículo";"Queda de ocupante de veículo";"Com Vítimas Feridas";"Pleno dia";"Decrescente";"Céu Claro";"Dupla";"Reta";"Não";2;0;1;0;1;0;1;1;-16,5184;-49,1242;"SPRF-GO";"DEL01-GO";"UOP01-DEL01-GO"
293677;2020-07-05;"domingo";"15:15:00";"RS";290;38,1;"SANTO ANTONIO DA PATRULHA";"Velocidade Incompatível";"Colisão frontal";"Sem Vítimas";"Pleno dia";"Crescente";"Chuva";"Dupla";"Reta";"Não";5;0;0;0;5;0;0;2;-29,886322;-50,637886;"SPRF-RS";"DEL03-RS";"UOP01-DEL03-RS"
293678;2020-07-05;"domingo";"14:40:00";"RS";290;91;"PORTO ALEGRE";"Falta de Atenção à Condução";"Saída de leito carroçável";"Com Vítimas Feridas";"Pleno dia";"Crescente";"Chuva";"Múltipla";"Reta";"Não";1;0;1;0;0;0;1;1;-29,969055;-51,167439;"SPRF-RS";"DEL01-RS";"UOP01-DEL01-RS"
293679;2020-06-15;"segunda-feira";"14:00:00";"ES";262;175;"IBATIBA";"Falta de Atenção à Condução";"Capotamento";"Com Vítimas Feridas";"Pleno dia";"Decrescente";"Chuva";"Simples";"Curva";"Não";2;0;0;1;0;1;1;2;-20,24863281;-41,55005023;"SPRF-ES";"DEL01-ES";"UOP02-DEL01-ES"
293680;2020-07-05;"domingo";"15:15:00";"SC";470;50;"BLUMENAU";"Falta de Atenção à Condução";"Colisão transversal";"Com Vítimas Feridas";"Pleno dia";"Decrescente";"Sol";"Simples";"Reta";"Não";4;0;2;0;2;0;2;2;-26,859768;-49,074493;"SPRF-SC";"DEL04-SC";"UOP01-DEL04-SC"
293682;2020-07-05;"domingo";"15:30:00";"RS";386;379,1;"PAVERAMA";"Pista Escorregadia";"Saída de leito carroçável";"Com Vítimas Feridas";"Pleno dia";"Crescente";"Chuva";"Dupla";"Curva";"Não";1;0;1;0;0;0;1;1;-29,644915;-51,766876;"SPRF-RS";"DEL04-RS";"UOP02-DEL04-RS"
293686;2020-07-05;"domingo";"16:10:00";"PR";376;101,9;"PARANAVAI";"Falta de Atenção à Condução";"Saída de leito carroçável";"Com Vítimas Feridas";"Pleno dia";"Decrescente";"Céu Claro";"Simples";"Curva;Declive";"Sim";4;0;2;1;1;0;3;1;-23,04143749;-52,47358046;"SPRF-PR";"DEL09-PR";"UOP02-DEL09-PR"
293687;2020-07-05;"domingo";"16:00:00";"PR";277;169;"PALMEIRA";"Ingestão de Álcool";"Saída de leito carroçável";"Com Vítimas Feridas";"Pleno dia";"Decrescente";"Céu Claro";"Simples";"Reta";"Sim";2;0;2;0;0;0;2;1;-25,46271613;-49,922854;"SPRF-PR";"DEL01-PR";"UOP03-DEL03-PR"
293688;2020-07-05;"domingo";"16:00:00";"RS";116;306;"GUAIBA";"Falta de Atenção à Condução";"Colisão lateral";"Com Vítimas Feridas";"Pleno dia";"Decrescente";"Chuva";"Simples";"Declive;Reta;Interseção de Vias";"Sim";6;0;3;0;2;1;3;3;-30,16925677;-51,3836101;"SPRF-RS";"DEL02-RS";"UOP01-DEL02-RS"
293689;2020-07-05;"domingo";"14:30:00";"MG";262;29;"REDUTO";"Falta de Atenção à Condução";"Colisão transversal";"Com Vítimas Feridas";"Pleno dia";"Crescente";"Nublado";"Simples";"Rotatória";"Sim";2;0;1;0;1;0;1;2;-20,247223;-41,982025;"SPRF-MG";"DEL06-MG";"UOP03-DEL06-MG"
293690;2020-07-05;"domingo";"16:05:00";"PR";376;181,9;"MARINGA";"Defeito Mecânico no Veículo";"Tombamento";"Com Vítimas Feridas";"Pleno dia";"Decrescente";"Nublado";"Dupla";"Reta";"Sim";2;0;2;0;0;0;2;1;-23,43197477;-51,88671852;"SPRF-PR";"DEL09-PR";"UOP01-DEL09-PR"
293691;2020-07-05;"domingo";"15:35:00";"MS";267;481,2;"JARDIM";"Ingestão de Álcool";"Colisão transversal";"Com Vítimas Feridas";"Pleno dia";"Crescente";"Céu Claro";"Simples";"Interseção de Vias";"Sim";2;0;0;1;1;0;1;2;-21,48182408;-56,14182115;"SPRF-MS";"DEL05-MS";"UOP01-DEL05-MS"
293693;2020-07-05;"domingo";"16:15:00";"RJ";116;104;"MAGE";"Falta de Atenção à Condução";"Colisão transversal";"Com Vítimas Feridas";"Pleno dia";"Decrescente";"Céu Claro";"Dupla";"Reta";"Sim";3;0;1;0;2;0;1;2;-22,50841847;-42,99821493;"SPRF-RJ";"DEL04-RJ";"UOP02-DEL04-RJ"
293694;2020-07-05;"domingo";"16:45:00";"DF";20;5,5;"BRASILIA";"Falta de Atenção à Condução";"Capotamento";"Com Vítimas Feridas";"Pleno dia";"Crescente";"Céu Claro";"Dupla";"Declive";"Sim";6;0;1;0;5;0;1;2;-15,670546;-47,816044;"SPRF-DF";"DEL02-DF";"UOP01-DEL02-DF"
293697;2020-07-05;"domingo";"16:40:00";"RS";470;189;"VERANOPOLIS";"Desobediência às normas de trânsito pelo condutor";"Colisão frontal";"Com Vítimas Feridas";"Anoitecer";"Crescente";"Chuva";"Simples";"Reta";"Não";3;0;2;1;0;0;3;2;-29,01620401;-51,56173297;"SPRF-RS";"DEL06-RS";"UOP02-DEL06-RS"
293698;2020-07-05;"domingo";"17:50:00";"AL";316;245,4;"ATALAIA";"Desobediência às normas de trânsito pelo condutor";"Colisão frontal";"Com Vítimas Feridas";"Plena Noite";"Crescente";"Chuva";"Simples";"Reta";"Sim";2;0;0;1;1;0;1;2;-9,51787134;-35,99989354;"SPRF-AL";"DEL01-AL";"UOP01-DEL01-AL"
293699;2020-07-05;"domingo";"13:30:00";"ES";262;3,8;"CARIACICA";"Não guardar distância de segurança";"Colisão traseira";"Com Vítimas Feridas";"Pleno dia";"Decrescente";"Nublado";"Múltipla";"Rotatória";"Sim";2;0;1;0;1;0;1;2;-20,33374432;-40,36910933;"SPRF-ES";"DEL01-ES";"UOP01-DEL01-ES"
293700;2020-07-05;"domingo";"17:00:00";"PR";116;144;"MANDIRITUBA";"Falta de Atenção à Condução";"Colisão lateral";"Com Vítimas Feridas";"Pleno dia";"Decrescente";"Céu Claro";"Simples";"Reta";"Sim";2;0;1;0;1;0;1;2;-25,76405694;-49,32116324;"SPRF-PR";"DEL01-PR";"UOP03-DEL01-PR"
293701;2020-07-05;"domingo";"14:00:00";"BA";415;58;"ITABUNA";"Velocidade Incompatível";"Saída de leito carroçável";"Sem Vítimas";"Pleno dia";"Decrescente";"Céu Claro";"Simples";"Curva";"Não";1;0;0;0;1;0;0;1;-14,84916901;-39,38501;"SPRF-BA";"DEL05-BA";"UOP01-DEL05-BA"
293702;2020-07-05;"domingo";"17:30:00";"GO";153;579,5;"PROFESSOR JAMIL";"Falta de Atenção à Condução";"Saída de leito carroçável";"Com Vítimas Feridas";"Pleno dia";"Decrescente";"Céu Claro";"Dupla";"Curva";"Não";1;0;1;0;0;0;1;1;-17,3767;-49,2382;"SPRF-GO";"DEL03-GO";"UOP01-DEL03-GO"
293703;2020-07-05;"domingo";"17:30:00";"RS";470;175;"VERANOPOLIS";"Falta de Atenção à Condução";"Colisão frontal";"Sem Vítimas";"Plena Noite";"Crescente";"Chuva";"Simples";"Curva";"Sim";2;0;0;0;2;0;0;2;-28,91926201;-51,53914905;"SPRF-RS";"DEL06-RS";"UOP02-DEL06-RS"
293704;2020-07-05;"domingo";"18:00:00";"PB";230;5;"CABEDELO";"Falta de Atenção à Condução";"Tombamento";"Com Vítimas Feridas";"Plena Noite";"Crescente";"Chuva";"Dupla";"Reta;Em Obras";"Sim";1;0;0;1;0;0;1;1;-7,01;-34,8312;"SPRF-PB";"DEL01-PB";"UOP01-DEL01-PB"
293707;2020-07-05;"domingo";"18:30:00";"ES";101;142;"LINHARES";"Desobediência às normas de trânsito pelo condutor";"Colisão traseira";"Com Vítimas Feridas";"Plena Noite";"Decrescente";"Céu Claro";"Simples";"Reta";"Sim";2;0;0;1;1;0;1;2;-19,33458987;-40,06755477;"SPRF-ES";"DEL04-ES";"UOP01-DEL04-ES"
293708;2020-07-05;"domingo";"18:10:00";"SP";381;37;"ATIBAIA";"Falta de Atenção à Condução";"Colisão lateral";"Com Vítimas Feridas";"Plena Noite";"Crescente";"Céu Claro";"Dupla";"Reta";"Sim";3;0;1;0;0;2;1;3;-23,10506237;-46,56881577;"SPRF-SP";"DEL03-SP";"UOP01-DEL03-SP"
293710;2020-07-05;"domingo";"17:00:00";"BA";116;575;"BREJOES";"Desobediência às normas de trânsito pelo condutor";"Colisão frontal";"Com Vítimas Feridas";"Anoitecer";"Decrescente";"Céu Claro";"Simples";"Aclive;Reta";"Não";3;0;1;1;1;0;2;2;-13,04737085;-39,96123277;"SPRF-BA";"DEL03-BA";"UOP02-DEL03-BA"
293711;2020-07-05;"domingo";"18:00:00";"SC";101;196;"BIGUACU";"Ingestão de Álcool";"Colisão traseira";"Sem Vítimas";"Plena Noite";"Crescente";"Nublado";"Simples";"Reta";"Sim";2;0;0;0;2;0;0;2;-27,51101091;-48,64322292;"SPRF-SC";"DEL01-SC";"UOP01-DEL01-SC"
293712;2020-07-05;"domingo";"18:05:00";"PE";101;61,3;"RECIFE";"Restrição de Visibilidade";"Atropelamento de Pedestre";"Com Vítimas Fatais";"Plena Noite";"Crescente";"Chuva";"Múltipla";"Reta";"Sim";2;1;0;0;0;1;0;2;-7,99097103;-34,93598295;"SPRF-PE";"DEL01-PE";"UOP02-DEL01-PE"
293715;2020-07-05;"domingo";"18:30:00";"MG";365;4;"MONTES CLAROS";"Falta de Atenção à Condução";"Colisão transversal";"Com Vítimas Feridas";"Plena Noite";"Decrescente";"Céu Claro";"Simples";"Reta";"Não";3;0;2;0;1;0;2;2;-16,74574399;-43,88392402;"SPRF-MG";"DEL12-MG";"UOP01-DEL12-MG"
293716;2020-07-05;"domingo";"17:50:00";"MS";163;267,6;"DOURADOS";"Falta de Atenção à Condução";"Colisão transversal";"Com Vítimas Feridas";"Plena Noite";"Decrescente";"Nublado";"Dupla";"Reta";"Não";2;0;1;0;1;0;1;2;-22,21242493;-54,71536905;"SPRF-MS";"DEL04-MS";"UOP01-DEL04-MS"
293717;2020-07-05;"domingo";"18:30:00";"ES";101;31,9;"CONCEICAO DA BARRA";"Desobediência às normas de trânsito pelo condutor";"Colisão frontal";"Com Vítimas Fatais";"Plena Noite";"Crescente";"Céu Claro";"Simples";"Declive";"Não";2;1;0;0;0;1;0;2;-18,41695394;-39,93608555;"SPRF-ES";"DEL04-ES";"UOP02-DEL04-ES"
293718;2020-07-05;"domingo";"17:00:00";"SC";101;303,5;"LAGUNA";"Falta de Atenção à Condução";"Tombamento";"Com Vítimas Feridas";"Pleno dia";"Crescente";"Nublado";"Dupla";"Reta";"Não";1;0;1;0;0;0;1;1;-28,36149723;-48,74974275;"SPRF-SC";"DEL02-SC";"UOP03-DEL02-SC"
293719;2020-07-05;"domingo";"18:00:00";"CE";222;313;"TIANGUA";"Ingestão de Álcool";"Atropelamento de Pedestre";"Com Vítimas Feridas";"Anoitecer";"Crescente";"Céu Claro";"Simples";"Reta";"Não";2;0;1;0;1;0;1;2;-3,7236142;-40,99670064;"SPRF-CE";"DEL04-CE";"UOP02-DEL04-CE"
293720;2020-07-05;"domingo";"19:00:00";"GO";153;125;"ESTRELA DO NORTE";"Falta de Atenção à Condução";"Colisão transversal";"Com Vítimas Feridas";"Plena Noite";"Decrescente";"Céu Claro";"Simples";"Interseção de Vias";"Não";4;0;3;1;0;0;4;2;-13,866656;-49,051556;"SPRF-GO";"DEL07-GO";"UOP01-DEL07-GO"
293721;2020-07-05;"domingo";"18:10:00";"MS";267;479;"GUIA LOPES DA LAGUNA";"Ingestão de Álcool";"Colisão traseira";"Com Vítimas Feridas";"Plena Noite";"Decrescente";"Céu Claro";"Simples";"Reta";"Sim";2;0;1;0;1;0;1;2;-21,46483797;-56,12860105;"SPRF-MS";"DEL05-MS";"UOP01-DEL05-MS"
293722;2020-07-05;"domingo";"16:45:00";"CE";116;137,7;"PALHANO";"Defeito na Via";"Colisão traseira";"Sem Vítimas";"Pleno dia";"Crescente";"Céu Claro";"Simples";"Reta";"Não";2;0;0;0;2;0;0;2;-4,73894195;-38,0765279;"SPRF-CE";"DEL03-CE";"UOP01-DEL03-CE"
293724;2020-07-05;"domingo";"19:00:00";"MA";10;261;"IMPERATRIZ";"Falta de Atenção do Pedestre";"Atropelamento de Pedestre";"Com Vítimas Fatais";"Plena Noite";"Decrescente";"Céu Claro";"Simples";"Reta;Declive";"Não";5;1;0;0;4;0;0;2;-5,454371;-47,472439;"SPRF-MA";"DEL04-MA";"UOP01-DEL04-MA"
293725;2020-07-05;"domingo";"14:00:00";"RJ";116;164;"RIO DE JANEIRO";"Defeito Mecânico no Veículo";"Queda de ocupante de veículo";"Com Vítimas Feridas";"Pleno dia";"Crescente";"Céu Claro";"Múltipla";"Reta";"Sim";2;0;2;0;0;0;2;1;-22,81321845;-43,32988685;"SPRF-RJ";"DEL01-RJ";"UOP01-DEL01-RJ"
293729;2020-07-05;"domingo";"18:40:00";"GO";50;275,5;"CATALAO";"Falta de Atenção à Condução";"Saída de leito carroçável";"Com Vítimas Feridas";"Plena Noite";"Crescente";"Céu Claro";"Simples";"Reta";"Sim";1;0;1;0;0;0;1;1;-18,1483;-47,907;"SPRF-GO";"DEL06-GO";"UOP01-DEL06-GO"
293730;2020-07-05;"domingo";"19:30:00";"MG";40;509,9;"RIBEIRAO DAS NEVES";"Falta de Atenção à Condução";"Saída de leito carroçável";"Com Vítimas Fatais";"Plena Noite";"Crescente";"Céu Claro";"Dupla";"Reta";"Não";2;1;1;0;0;0;1;1;-19,77623452;-44,1217804;"SPRF-MG";"DEL01-MG";"UOP02-DEL01-MG"
293731;2020-07-05;"domingo";"19:40:00";"PR";476;128;"CURITIBA";"Pista Escorregadia";"Saída de leito carroçável";"Com Vítimas Feridas";"Plena Noite";"Decrescente";"Céu Claro";"Múltipla";"Curva";"Sim";2;0;1;0;1;0;1;1;-25,43587256;-49,23402786;"SPRF-PR";"DEL01-PR";"UOP07-DEL01-PR"
293732;2020-07-05;"domingo";"17:20:00";"SC";282;351;"CAMPOS NOVOS";"Falta de Atenção à Condução";"Tombamento";"Com Vítimas Feridas";"Anoitecer";"Crescente";"Chuva";"Simples";"Rotatória";"Não";2;0;2;0;0;0;2;1;-27,361374;-51,301975;"SPRF-SC";"DEL07-SC";"UOP06-DEL07-SC"
293734;2020-07-05;"domingo";"18:30:00";"BA";101;693,4;"EUNAPOLIS";"Velocidade Incompatível";"Capotamento";"Com Vítimas Feridas";"Plena Noite";"Crescente";"Chuva";"Simples";"Curva";"Não";3;0;1;0;2;0;1;1;-16,18784446;-39,60650861;"SPRF-BA";"DEL09-BA";"UOP01-DEL09-BA"
293735;2020-07-05;"domingo";"20:30:00";"SP";116;446;"REGISTRO";"Falta de Atenção à Condução";"Colisão lateral";"Com Vítimas Feridas";"Anoitecer";"Decrescente";"Céu Claro";"Simples";"Reta";"Sim";2;0;1;0;1;0;1;2;-24,50467087;-47,84772743;"SPRF-SP";"DEL05-SP";"UOP01-DEL05-SP"
293736;2020-06-07;"domingo";"17:30:00";"GO";158;258;"JATAI";"Falta de Atenção à Condução";"Colisão transversal";"Com Vítimas Feridas";"Anoitecer";"Decrescente";"Céu Claro";"Simples";"Reta";"Não";2;0;1;0;1;0;1;2;-17,79501326;-51,80168715;"SPRF-GO";"DEL05-GO";"UOP01-DEL05-GO"
293737;2020-07-05;"domingo";"20:15:00";"PR";369;189,5;"ARAPONGAS";"Ingestão de Álcool";"Capotamento";"Com Vítimas Feridas";"Plena Noite";"Decrescente";"Céu Claro";"Dupla";"Reta";"Não";1;0;1;0;0;0;1;1;-23,44720334;-51,42324686;"SPRF-PR";"DEL07-PR";"UOP03-DEL07-PR"
293738;2020-07-05;"domingo";"20:50:00";"SP";381;86;"SAO PAULO";"Falta de Atenção à Condução";"Tombamento";"Com Vítimas Feridas";"Plena Noite";"Crescente";"Céu Claro";"Múltipla";"Curva";"Sim";2;0;2;0;0;0;2;1;-23,45930499;-46,57161179;"SPRF-SP";"DEL03-SP";"UOP01-DEL03-SP"
293739;2020-07-05;"domingo";"20:20:00";"PR";476;129;"CURITIBA";"Pista Escorregadia";"Queda de ocupante de veículo";"Com Vítimas Feridas";"Plena Noite";"Crescente";"Céu Claro";"Múltipla";"Reta";"Sim";2;0;1;0;1;0;1;1;-25,440983;-49,233715;"SPRF-PR";"DEL01-PR";"UOP07-DEL01-PR"
293740;2020-07-05;"domingo";"19:30:00";"PI";407;513,3;"PATOS DO PIAUI";"Deficiência ou não Acionamento do Sistema de Iluminação/Sinalização do Veículo";"Colisão traseira";"Com Vítimas Feridas";"Plena Noite";"Crescente";"Céu Claro";"Simples";"Declive";"Não";2;0;0;1;1;0;1;2;-7,67127097;-41,24663857;"SPRF-PI";"DEL04-PI";"UOP01-DEL04-PI"