"id";"data_inversa";"dia_semana";"horario";"uf";"br";"km";"municipio";"causa_acidente";"tipo_acidente";"classificacao_acidente";"fase_dia";"sentido_via";"condicao_metereologica";"tipo_pista";"tracado_via";"uso_solo";"pessoas";"mortos";"feridos_leves";"feridos_graves";"ilesos";"ignorados";"feridos";"veiculos";"latitude";"longitude";"regional";"delegacia";"uop"
293741;2020-07-05;"domingo";"20:00:00";"MA";135;21;"SAO LUIS";"Desobediência às normas de trânsito pelo condutor";"Colisão traseira";"Com Vítimas Feridas";"Plena Noite";"Decrescente";"Céu Claro";"Dupla";"Reta";"Não";3;0;1;1;1;0;2;2;-2,55194825;-44,3058604;"SPRF-MA";"DEL01-MA";"UOP01-DEL01-MA"
293742;2020-07-05;"domingo";"18:00:00";"SC";282;518,3;"XAXIM";"Desobediência às normas de trânsito pelo condutor";"Capotamento";"Com Vítimas Feridas";"Plena Noite";"Crescente";"Chuva";"Simples";"Curva";"Não";1;0;1;0;0;0;1;1;-26,944099;-52,508427;"SPRF-SC";"DEL07-SC";"UOP01-DEL07-SC"
293743;2020-07-05;"domingo";"18:00:00";"MT";364;555;"ROSARIO OESTE";"Defeito Mecânico no Veículo";"Incêndio";"Sem Vítimas";"Anoitecer";"Decrescente";"Céu Claro";"Dupla";"Reta";"Não";1;0;0;0;1;0;0;1;-14,81342431;-56,42025777;"SPRF-MT";"DEL01-MT";"UOP01-DEL01-MT"
293745;2020-07-05;"domingo";"21:00:00";"PE";232;37,9;"MORENO";"Pista Escorregadia";"Colisão traseira";"Com Vítimas Feridas";"Plena Noite";"Decrescente";"Chuva";"Dupla";"Reta";"Sim";5;0;0;3;2;0;3;2;-8,11285511;-35,20988897;"SPRF-PE";"DEL02-PE";"UOP02-DEL02PE"
293746;2020-07-05;"domingo";"21:25:00";"CE";116;15,5;"FORTALEZA";"Falta de Atenção à Condução";"Atropelamento de Pedestre";"Com Vítimas Feridas";"Plena Noite";"Decrescente";"Céu Claro";"Múltipla";"Reta";"Não";2;0;0;1;1;0;1;2;-3,87839882;-38,50066893;"SPRF-CE";"DEL01-CE";"UOP02-DEL01-CE"
293747;2020-07-05;"domingo";"20:00:00";"RR";174;512;"BOA VISTA";"Falta de Atenção à Condução";"Queda de ocupante de veículo";"Com Vítimas Feridas";"Plena Noite";"Decrescente";"Céu Claro";"Simples";"Reta";"Não";1;0;1;0;0;0;1;1;2,871991;-60,697308;"SPRF-RR";"DEL01-RR";"UOP01-DEL01-RR"
293748;2020-07-05;"domingo";"19:35:00";"MS";163;485,7;"CAMPO GRANDE";"Falta de Atenção à Condução";"Colisão traseira";"Sem Vítimas";"Plena Noite";"Decrescente";"Céu Claro";"Simples";"Reta";"Não";2;0;0;0;2;0;0;2;-20,44233707;-54,54201834;"SPRF-MS";"DEL01-MS";"UOP02-DEL01-MS"
293750;2020-07-05;"domingo";"21:25:00";"PR";476;129;"CURITIBA";"Pista Escorregadia";"Queda de ocupante de veículo";"Com Vítimas Feridas";"Plena Noite";"Crescente";"Céu Claro";"Múltipla";"Reta";"Sim";1;0;1;0;0;0;1;1;-25,440983;-49,233715;"SPRF-PR";"DEL01-PR";"UOP07-DEL01-PR"
293751;2020-07-05;"domingo";"17:20:00";"SC";282;526;"XAXIM";"Pista Escorregadia";"Colisão frontal";"Com Vítimas Feridas";"Anoitecer";"Decrescente";"Chuva";"Simples";"Curva";"Não";4;0;3;0;1;0;3;2;-26,96865756;-52,57370364;"SPRF-SC";"DEL07-SC";"UOP01-DEL07-SC"
293752;2020-07-05;"domingo";"20:40:00";"MG";381;439;"SABARA";"Falta de Atenção à Condução";"Queda de ocupante de veículo";"Com Vítimas Feridas";"Plena Noite";"Crescente";"Céu Claro";"Simples";"Curva";"Não";3;0;0;1;2;0;1;3;-19,80930957;-43,76668409;"SPRF-MG";"DEL01-MG";"UOP01-DEL01-MG"
293753;2020-07-05;"domingo";"20:50:00";"AL";423;99;"DELMIRO GOUVEIA";"Defeito na Via";"Capotamento";"Com Vítimas Feridas";"Plena Noite";"Crescente";"Nublado";"Simples";"Reta";"Não";4;0;4;0;0;0;4;1;-9,38724153;-38,14889982;"SPRF-BA";"DEL07-BA";"UOP01-DEL07-BA"
293754;2020-07-05;"domingo";"21:35:00";"BA";242;801;"BARREIRAS";"Ingestão de Álcool";"Colisão traseira";"Sem Vítimas";"Plena Noite";"Decrescente";"Céu Claro";"Simples";"Reta";"Não";2;0;0;0;2;0;0;2;-12,150538;-44,88695302;"SPRF-BA";"DEL10-BA";"UOP01-DEL10-BA"
293755;2020-07-05;"domingo";"21:20:00";"RS";116;430;"CRISTAL";"Desobediência às normas de trânsito pelo condutor";"Tombamento";"Com Vítimas Feridas";"Plena Noite";"Decrescente";"Nublado";"Dupla";"Em Obras";"Não";1;0;1;0;0;0;1;1;-31,01340402;-52,05286687;"SPRF-RS";"DEL02-RS";"UOP02-DEL02-RS"
293756;2020-07-05;"domingo";"19:00:00";"RR";174;430;"MUCAJAI";"Ingestão de Álcool";"Colisão traseira";"Com Vítimas Feridas";"Plena Noite";"Crescente";"Nublado";"Simples";"Reta";"Não";3;0;1;0;2;0;1;2;2,297605;-60,933434;"SPRF-RR";"DEL01-RR";"UOP01-DEL01-RR"
293757;2020-07-05;"domingo";"20:10:00";"MG";116;97,4;"MEDINA";"Velocidade Incompatível";"Capotamento";"Com Vítimas Feridas";"Plena Noite";"Crescente";"Garoa/Chuvisco";"Simples";"Curva";"Não";4;0;4;0;0;0;4;1;-16,415045;-41,482168;"SPRF-MG";"DEL11-MG";"UOP02-DEL11-MG"
293760;2020-07-05;"domingo";"21:55:00";"PR";476;148,2;"ARAUCARIA";"Ingestão de Álcool";"Colisão frontal";"Com Vítimas Feridas";"Plena Noite";"Crescente";"Ignorado";"Dupla";"Reta";"Sim";5;0;5;0;0;0;5;2;-25,557121;-49,348732;"SPRF-PR";"DEL01-PR";"UOP06-DEL01-PR"
293762;2020-07-05;"domingo";"18:30:00";"ES";101;31,9;"CONCEICAO DA BARRA";"Ingestão de Álcool";"Colisão com objeto estático";"Com Vítimas Feridas";"Plena Noite";"Decrescente";"Céu Claro";"Simples";"Declive";"Sim";1;0;1;0;0;0;1;1;-18,41695394;-39,93608555;"SPRF-ES";"DEL04-ES";"UOP02-DEL04-ES"
293763;2020-07-05;"domingo";"19:45:00";"MG";262;843;"UBERABA";"Falta de Atenção à Condução";"Saída de leito carroçável";"Sem Vítimas";"Plena Noite";"Decrescente";"Céu Claro";"Dupla";"Reta";"Não";1;0;0;0;1;0;0;1;-19,75805482;-48,28711311;"SPRF-MG";"DEL13-MG";"UOP01-DEL13-MG"
293765;2020-07-05;"domingo";"22:55:00";"SC";470;63;"BLUMENAU";"Ingestão de Álcool";"Saída de leito carroçável";"Com Vítimas Feridas";"Plena Noite";"Crescente";"Nublado";"Simples";"Reta";"Não";1;0;1;0;0;0;1;1;-26,872396;-49,19228;"SPRF-SC";"DEL04-SC";"UOP01-DEL04-SC"
293769;2020-07-05;"domingo";"20:10:00";"MA";10;248;"IMPERATRIZ";"Não guardar distância de segurança";"Engavetamento";"Com Vítimas Feridas";"Plena Noite";"Crescente";"Céu Claro";"Simples";"Reta";"Sim";4;0;3;0;1;0;3;3;-5,552273;-47,45839;"SPRF-MA";"DEL04-MA";"UOP01-DEL04-MA"
293770;2020-07-05;"domingo";"23:45:00";"RS";290;68;"GRAVATAI";"Ingestão de Álcool";"Saída de leito carroçável";"Sem Vítimas";"Plena Noite";"Crescente";"Chuva";"Dupla";"Rotatória";"Não";1;0;0;0;1;0;0;1;-29,94230182;-50,93583953;"SPRF-RS";"DEL03-RS";"UOP01-DEL03-RS"
293771;2020-07-05;"domingo";"20:00:00";"MT";163;850;"SINOP";"Ingestão de Álcool";"Saída de leito carroçável";"Com Vítimas Feridas";"Plena Noite";"Crescente";"Céu Claro";"Simples";"Declive";"Não";3;0;0;1;2;0;1;1;-11,721;-55,459;"SPRF-MT";"DEL06-MT";"NPF/DEL06-MT"
293772;2020-07-05;"domingo";"22:30:00";"SC";282;567,3;"NOVA ERECHIM";"Falta de Atenção à Condução";"Saída de leito carroçável";"Com Vítimas Feridas";"Plena Noite";"Crescente";"Nevoeiro/Neblina";"Simples";"Reta";"Sim";1;0;0;1;0;0;1;1;-26,904472;-52,907639;"SPRF-SC";"DEL07-SC";"UOP02-DEL07-SC"
293774;2020-07-06;"segunda-feira";"00:00:00";"SP";381;66;"MAIRIPORA";"Falta de Atenção à Condução";"Colisão traseira";"Sem Vítimas";"Plena Noite";"Crescente";"Céu Claro";"Dupla";"Reta";"Não";2;0;0;0;2;0;0;2;-23,32451103;-46,58021504;"SPRF-SP";"DEL03-SP";"UOP01-DEL03-SP"
293775;2020-07-05;"domingo";"23:35:00";"PR";376;250,5;"APUCARANA";"Falta de Atenção à Condução";"Colisão com objeto estático";"Com Vítimas Feridas";"Plena Noite";"Crescente";"Céu Claro";"Dupla";"Curva";"Não";1;0;0;1;0;0;1;1;-23,63346001;-51,37800479;"SPRF-PR";"DEL07-PR";"UOP03-DEL07-PR"
293776;2020-07-06;"segunda-feira";"00:00:00";"SP";381;76;"SAO PAULO";"Velocidade Incompatível";"Tombamento";"Com Vítimas Feridas";"Plena Noite";"Crescente";"Céu Claro";"Dupla";"Curva";"Não";2;0;2;0;0;0;2;1;-23,38372401;-46,56502116;"SPRF-SP";"DEL03-SP";"UOP01-DEL03-SP"
293777;2020-07-05;"domingo";"23:07:00";"MG";116;493;"INHAPIM";"Ingestão de Álcool";"Colisão frontal";"Com Vítimas Feridas";"Plena Noite";"Crescente";"Céu Claro";"Simples";"Reta";"Não";5;0;0;1;4;0;1;2;-19,50119606;-42,12776218;"SPRF-MG";"DEL06-MG";"UOP02-DEL06-MG"
293778;2020-07-05;"domingo";"23:20:00";"PI";343;140,8;"PIRACURUCA";"Defeito na Via";"Colisão traseira";"Com Vítimas Feridas";"Plena Noite";"Decrescente";"Céu Claro";"Dupla";"Reta";"Sim";2;0;1;1;0;0;2;2;-3,92065;-41,712273;"SPRF-PI";"DEL02-PI";"UOP01-DEL02-PI"
293779;2020-07-06;"segunda-feira";"00:50:00";"RJ";40;100;"DUQUE DE CAXIAS";"Falta de Atenção à Condução";"Queda de ocupante de veículo";"Com Vítimas Feridas";"Plena Noite";"Crescente";"Céu Claro";"Simples";"Reta";"Não";2;0;2;0;0;0;2;1;-22,59404803;-43,28079889;"SPRF-RJ";"DEL01-RJ";"UOP01-DEL01-RJ"
293780;2020-07-06;"segunda-feira";"01:45:00";"SP";116;282,3;"EMBU DAS ARTES";"Desobediência às normas de trânsito pelo pedestre";"Atropelamento de Pedestre";"Com Vítimas Fatais";"Plena Noite";"Crescente";"Céu Claro";"Dupla";"Declive;Reta";"Sim";2;1;0;0;0;1;0;2;-23,68570216;-46,85970975;"SPRF-SP";"DEL04-SP";"UOP01-DEL04-SP"
293782;2020-07-06;"segunda-feira";"01:20:00";"PA";155;292;"MARABA";"Animais na Pista";"Atropelamento de Animal";"Sem Vítimas";"Plena Noite";"Crescente";"Ignorado";"Simples";"Aclive";"Não";4;0;0;0;4;0;0;2;-5,79423227;-49,18035746;"SPRF-PA";"DEL03-PA";"UOP01-DEL03-PA"
293783;2020-07-06;"segunda-feira";"00:30:00";"PA";10;323,7;"SAO MIGUEL DO GUAMA";"Ingestão de Álcool";"Colisão frontal";"Com Vítimas Fatais";"Plena Noite";"Decrescente";"Céu Claro";"Simples";"Reta";"Sim";3;2;0;0;0;1;0;2;-1,6061324;-47,48460531;"SPRF-PA";"DEL01-PA";"UOP02-DEL01-PA"
293784;2020-07-06;"segunda-feira";"03:40:00";"MG";50;81;"UBERLANDIA";"Falta de Atenção à Condução";"Colisão com objeto estático";"Com Vítimas Feridas";"Plena Noite";"Decrescente";"Céu Claro";"Simples";"Rotatória";"Não";2;0;1;1;0;0;2;1;-18,986906;-48,211853;"SPRF-MG";"DEL15-MG";"UOP01-DEL15-MG"
293785;2020-07-05;"domingo";"19:30:00";"RJ";493;12;"GUAPIMIRIM";"Não guardar distância de segurança";"Colisão lateral";"Com Vítimas Feridas";"Plena Noite";"Decrescente";"Céu Claro";"Simples";"Reta";"Não";3;0;1;0;0;2;1;2;-22,68099881;-42,96670886;"SPRF-RJ";"DEL04-RJ";"UOP02-DEL04-RJ"
293786;2020-07-06;"segunda-feira";"02:30:00";"PR";116;183;"CAMPO DO TENENTE";"Falta de Atenção à Condução";"Colisão com objeto estático";"Com Vítimas Feridas";"Plena Noite";"Decrescente";"Céu Claro";"Dupla";"Curva";"Não";1;0;0;1;0;0;1;1;-25,93137222;-49,63009626;"SPRF-PR";"DEL01-PR";"UOP03-DEL01-PR"
293789;2020-07-06;"segunda-feira";"04:25:00";"MS";262;347,1;"CAMPO GRANDE";"Animais na Pista";"Atropelamento de Animal";"Com Vítimas Feridas";"Amanhecer";"Crescente";"Nublado";"Simples";"Curva";"Não";1;0;1;0;0;0;1;1;-20,56572179;-54,60345188;"SPRF-MS";"DEL01-MS";"UOP03-DEL01-MS"
293791;2020-07-06;"segunda-feira";"05:50:00";"MG";50;154,8;"UBERABA";"Desobediência às normas de trânsito pelo condutor";"Colisão traseira";"Com Vítimas Feridas";"Amanhecer";"Decrescente";"Céu Claro";"Dupla";"Retorno Regulamentado";"Não";2;0;0;1;1;0;1;2;-19,5954101;-48,01582718;"SPRF-MG";"DEL13-MG";"UOP01-DEL13-MG"
293793;2020-07-06;"segunda-feira";"05:50:00";"ES";101;296;"CARIACICA";"Falta de Atenção à Condução";"Colisão transversal";"Com Vítimas Feridas";"Amanhecer";"Decrescente";"Céu Claro";"Múltipla";"Viaduto";"Sim";2;0;1;0;0;1;1;2;-20,34029997;-40,40405712;"SPRF-ES";"DEL01-ES";"UOP01-DEL01-ES"
293794;2020-07-06;"segunda-feira";"04:40:00";"SC";282;168,8;"BOCAINA DO SUL";"Condutor Dormindo";"Saída de leito carroçável";"Com Vítimas Feridas";"Plena Noite";"Crescente";"Garoa/Chuvisco";"Simples";"Reta";"Não";2;0;2;0;0;0;2;1;-27,743206;-49,824162;"SPRF-SC";"DEL05-SC";"UOP01-DEL05-SC"
293796;2020-07-06;"segunda-feira";"05:00:00";"SC";163;91,5;"GUARACIABA";"Objeto estático sobre o leito carroçável";"Queda de ocupante de veículo";"Com Vítimas Feridas";"Amanhecer";"Decrescente";"Nevoeiro/Neblina";"Simples";"Reta";"Não";1;0;1;0;0;0;1;1;-26,55101083;-53,51692782;"SPRF-SC";"DEL07-SC";"UOP03-DEL07-SC"
293797;2020-07-06;"segunda-feira";"05:00:00";"MA";316;607,8;"TIMON";"Animais na Pista";"Atropelamento de Animal";"Sem Vítimas";"Amanhecer";"Decrescente";"Ignorado";"Simples";"Reta";"Não";1;0;0;0;1;0;0;1;-5,056476;-42,900112;"SPRF-MA";"DEL03-MA";"UOP02-DEL03-MA"
293798;2020-07-06;"segunda-feira";"05:40:00";"RN";101;142;"ARES";"Pista Escorregadia";"Saída de leito carroçável";"Com Vítimas Feridas";"Pleno dia";"Crescente";"Chuva";"Dupla";"Reta";"Não";3;0;3;0;0;0;3;1;-6,22504593;-35,21580914;"SPRF-RN";"DEL01-RN";"UOP01-DEL01-RN"
293799;2020-07-06;"segunda-feira";"06:50:00";"GO";153;101;"ANAPOLIS";"Desobediência às normas de trânsito pelo condutor";"Colisão frontal";"Com Vítimas Feridas";"Pleno dia";"Decrescente";"Céu Claro";"Simples";"Interseção de Vias";"Sim";3;0;2;0;1;0;2;2;-16,403612;-48,97743;"SPRF-GO";"DEL07-GO";"UOP01-DEL07-GO"
293802;2020-07-06;"segunda-feira";"07:15:00";"SP";116;161;"JACAREI";"Falta de Atenção à Condução";"Tombamento";"Com Vítimas Feridas";"Pleno dia";"Decrescente";"Céu Claro";"Simples";"Reta";"Sim";1;0;1;0;0;0;1;1;-23,27617003;-45,97592098;"SPRF-SP";"DEL02-SP";"UOP01-DEL02-SP"
293809;2020-07-06;"segunda-feira";"07:20:00";"CE";222;17;"CAUCAIA";"Não guardar distância de segurança";"Colisão traseira";"Com Vítimas Feridas";"Pleno dia";"Decrescente";"Céu Claro";"Simples";"Reta";"Não";2;0;1;0;1;0;1;2;-3,75327316;-38,71134808;"SPRF-CE";"DEL01-CE";"UOP01-DEL01-CE"
293810;2020-07-06;"segunda-feira";"06:00:00";"PR";272;527;"FRANCISCO ALVES";"Velocidade Incompatível";"Saída de leito carroçável";"Com Vítimas Fatais";"Amanhecer";"Crescente";"Chuva";"Simples";"Reta";"Não";1;1;0;0;0;0;0;1;-24,065883;-53,886039;"SPRF-PR";"DEL06-PR";"N/A"
293811;2020-07-06;"segunda-feira";"06:00:00";"MS";60;178;"CAMAPUA";"Falta de Atenção à Condução";"Capotamento";"Com Vítimas Feridas";"Amanhecer";"Decrescente";"Céu Claro";"Simples";"Reta";"Não";1;0;1;0;0;0;1;1;-19,52132404;-53,88759699;"SPRF-MS";"DEL06-MS";"UOP02-DEL06-MS"
293813;2020-07-06;"segunda-feira";"06:45:00";"SC";280;29;"ARAQUARI";"Falta de Atenção à Condução";"Colisão transversal";"Com Vítimas Feridas";"Pleno dia";"Crescente";"Nublado";"Simples";"Reta";"Sim";2;0;1;0;0;1;1;2;-26,41066264;-48,75295628;"SPRF-SC";"DEL03-SC";"UOP03-DEL03-SC"
293814;2020-07-05;"domingo";"23:20:00";"SC";101;41;"JOINVILLE";"Falta de Atenção à Condução";"Tombamento";"Com Vítimas Feridas";"Plena Noite";"Crescente";"Nublado";"Dupla";"Declive;Curva";"Sim";1;0;1;0;0;0;1;1;-26,31571976;-48,87374282;"SPRF-SC";"DEL03-SC";"UOP01-DEL03-SC"
293829;2020-07-06;"segunda-feira";"07:50:00";"CE";116;16;"EUSEBIO";"Defeito Mecânico no Veículo";"Engavetamento";"Sem Vítimas";"Pleno dia";"Decrescente";"Garoa/Chuvisco";"Dupla";"Reta";"Sim";3;0;0;0;3;0;0;3;-3,88732794;-38,50185439;"SPRF-CE";"DEL01-CE";"UOP02-DEL01-CE"
293830;2020-07-06;"segunda-feira";"07:45:00";"PR";476;121;"CURITIBA";"Sinalização da via insuficiente ou inadequada";"Colisão transversal";"Com Vítimas Feridas";"Pleno dia";"Crescente";"Chuva";"Dupla";"Reta;Em Obras";"Sim";2;0;1;0;1;0;1;2;-25,379221;-49,197685;"SPRF-PR";"DEL01-PR";"UOP07-DEL01-PR"
293840;2020-07-06;"segunda-feira";"07:50:00";"MG";381;501;"BETIM";"Velocidade Incompatível";"Colisão traseira";"Com Vítimas Feridas";"Pleno dia";"Decrescente";"Céu Claro";"Dupla";"Reta";"Sim";4;0;1;0;3;0;1;3;-20,03146447;-44,2377893;"SPRF-MG";"DEL01-MG";"UOP03-DEL01-MG"
293841;2020-07-06;"segunda-feira";"08:35:00";"SP";116;142;"SAO JOSE DOS CAMPOS";"Falta de Atenção à Condução";"Engavetamento";"Com Vítimas Feridas";"Pleno dia";"Crescente";"Céu Claro";"Dupla";"Reta";"Sim";4;0;1;0;3;0;1;3;-23,17426078;-45,82940111;"SPRF-SP";"DEL06-SP";"UOP01-DEL06-SP"
293842;2020-07-06;"segunda-feira";"08:15:00";"TO";153;333;"GUARAI";"Não guardar distância de segurança";"Colisão lateral";"Com Vítimas Feridas";"Pleno dia";"Decrescente";"Céu Claro";"Múltipla";"Reta";"Sim";3;0;3;0;0;0;3;2;-8,826486;-48,51216;"SPRF-TO";"DEL02-TO";"UOP02-DEL02-TO"
293843;2020-05-15;"sexta-feira";"22:30:00";"PR";153;462;"UNIAO DA VITORIA";"Não guardar distância de segurança";"Tombamento";"Com Vítimas Feridas";"Plena Noite";"Decrescente";"Garoa/Chuvisco";"Simples";"Reta";"Sim";1;0;1;0;0;0;1;1;-26,24292984;-51,15923327;"SPRF-PR";"DEL02-PR";"UOP03-DEL02-PR"
293844;2020-07-06;"segunda-feira";"08:40:00";"BA";110;390;"SAO SEBASTIAO DO PASSE";"Animais na Pista";"Atropelamento de Animal";"Com Vítimas Feridas";"Pleno dia";"Decrescente";"Nublado";"Dupla";"Reta";"Sim";1;0;1;0;0;0;1;1;-12,50766107;-38,49626949;"SPRF-BA";"DEL01-BA";"UOP01-DEL01-BA"
293845;2020-07-06;"segunda-feira";"00:10:00";"PB";101;100,7;"ALHANDRA";"Defeito na Via";"Saída de leito carroçável";"Sem Vítimas";"Plena Noite";"Crescente";"Chuva";"Dupla";"Reta";"Sim";1;0;0;0;0;1;0;1;-7,26469806;-34,93677965;"SPRF-PB";"DEL01-PB";"UOP02-DEL01-PB"
293850;2020-06-13;"sábado";"17:00:00";"BA";101;431;"MARAU";"Falta de Atenção à Condução";"Atropelamento de Pedestre";"Com Vítimas Feridas";"Anoitecer";"Decrescente";"Ignorado";"Simples";"Reta";"Não";2;0;0;1;0;1;1;2;-14;-39;"SPRF-BA";"DEL05-BA";"UOP01-DEL05-BA"
293852;2020-06-25;"quinta-feira";"17:40:00";"ES";101;146,7;"LINHARES";"Ingestão de Álcool";"Colisão transversal";"Com Vítimas Feridas";"Plena Noite";"Decrescente";"Céu Claro";"Múltipla";"Interseção de Vias";"Sim";7;0;1;1;5;0;2;2;-19,37544594;-40,06619453;"SPRF-ES";"DEL04-ES";"UOP01-DEL04-ES"
293853;2020-07-06;"segunda-feira";"07:20:00";"SP";116;217;"GUARULHOS";"Velocidade Incompatível";"Tombamento";"Com Vítimas Feridas";"Pleno dia";"Decrescente";"Céu Claro";"Múltipla";"Reta";"Sim";1;0;1;0;0;0;1;1;-23,45423824;-46,47119028;"SPRF-SP";"DEL01-SP";"UOP01-DEL01-SP"
293854;2020-07-06;"segunda-feira";"07:40:00";"SP";116;215;"GUARULHOS";"Falta de Atenção à Condução";"Engavetamento";"Sem Vítimas";"Pleno dia";"Decrescente";"Céu Claro";"Múltipla";"Reta;Declive";"Sim";4;0;0;0;4;0;0;4;-23,44695693;-46,45394103;"SPRF-SP";"DEL01-SP";"UOP01-DEL01-SP"
293857;2020-07-06;"segunda-feira";"10:00:00";"PE";101;47;"ABREU E LIMA";"Falta de Atenção do Pedestre";"Atropelamento de Pedestre";"Com Vítimas Feridas";"Pleno dia";"Decrescente";"Chuva";"Dupla";"Reta";"Sim";2;0;1;0;1;0;1;2;-7,88290701;-34,90461208;"SPRF-PE";"DEL01-PE";"UOP02-DEL01-PE"
293859;2020-07-06;"segunda-feira";"09:30:00";"MG";251;362,6;"GRAO MOGOL";"Ultrapassagem Indevida";"Colisão frontal";"Com Vítimas Feridas";"Pleno dia";"Crescente";"Céu Claro";"Simples";"Reta";"Não";2;0;0;1;1;0;1;2;-16,25465989;-42,62443592;"SPRF-MG";"DEL12-MG";"UOP01-DEL12-MG"
293863;2020-07-06;"segunda-feira";"08:30:00";"MG";40;612;"CONGONHAS";"Falta de Atenção à Condução";"Tombamento";"Com Vítimas Feridas";"Pleno dia";"Crescente";"Céu Claro";"Simples";"Interseção de Vias";"Sim";1;0;1;0;0;0;1;1;-20,5188343;-43,83395483;"SPRF-MG";"DEL05-MG";"UOP02-DEL05-MG"
293865;2020-07-06;"segunda-feira";"10:40:00";"PR";153;330,4;"IRATI";"Desobediência às normas de trânsito pelo condutor";"Colisão traseira";"Sem Vítimas";"Pleno dia";"Crescente";"Nublado";"Dupla";"Reta";"Não";3;0;0;0;2;1;0;3;-25,45471011;-50,6196247;"SPRF-PR";"DEL03-PR";"UOP03-DEL03-PR"
293866;2020-07-06;"segunda-feira";"11:00:00";"RN";405;151;"PAU DOS FERROS";"Falta de Atenção à Condução";"Colisão com objeto estático";"Com Vítimas Feridas";"Pleno dia";"Crescente";"Nublado";"Dupla";"Reta";"Sim";3;0;1;0;2;0;1;3;-6,11489502;-38,20651128;"SPRF-RN";"DEL04-RN";"UOP02-DEL04-RN"
293867;2020-07-06;"segunda-feira";"11:10:00";"SC";101;204;"SAO JOSE";"Falta de Atenção à Condução";"Tombamento";"Com Vítimas Feridas";"Pleno dia";"Crescente";"Nublado";"Dupla";"Aclive";"Não";2;0;1;0;1;0;1;2;-27,57413014;-48,61363083;"SPRF-SC";"DEL01-SC";"UOP01-DEL01-SC"
293869;2020-07-06;"segunda-feira";"11:40:00";"PA";163;1000;"SANTAREM";"Desobediência às normas de trânsito pelo condutor";"Colisão transversal";"Com Vítimas Feridas";"Pleno dia";"Crescente";"Céu Claro";"Simples";"Reta";"Sim";1;0;1;0;0;0;1;1;-2,47328397;-54,7293664;"SPRF-PA";"DEL05-PA";"UOP01-DEL05-PA"
293870;2020-07-06;"segunda-feira";"11:10:00";"MG";365;623,5;"UBERLANDIA";"Defeito Mecânico no Veículo";"Tombamento";"Com Vítimas Feridas";"Pleno dia";"Crescente";"Céu Claro";"Dupla";"Reta";"Sim";2;0;2;0;0;0;2;1;-18,9100325;-48,30694985;"SPRF-MG";"DEL15-MG";"UOP01-DEL15-MG"
293871;2020-07-06;"segunda-feira";"10:18:00";"MG";381;753,3;"TRES CORACOES";"Falta de Atenção à Condução";"Colisão lateral";"Com Vítimas Feridas";"Pleno dia";"Decrescente";"Céu Claro";"Dupla";"Curva";"Não";3;0;1;0;1;1;1;3;-21,67856574;-45,34113742;"SPRF-MG";"DEL16-MG";"UOP02-DEL16-MG"
293872;2020-07-06;"segunda-feira";"10:50:00";"SC";470;2;"NAVEGANTES";"Desobediência às normas de trânsito pelo condutor";"Colisão lateral";"Com Vítimas Feridas";"Pleno dia";"Decrescente";"Garoa/Chuvisco";"Dupla";"Reta";"Não";2;0;1;0;1;0;1;2;-26,868551;-48,674831;"SPRF-SC";"DEL04-SC";"UOP04-DEL04-SC"
293875;2020-07-06;"segunda-feira";"08:00:00";"PR";376;587;"CURITIBA";"Falta de Atenção à Condução";"Colisão lateral";"Com Vítimas Feridas";"Pleno dia";"Crescente";"Garoa/Chuvisco";"Dupla";"Reta;Viaduto";"Sim";2;0;1;0;1;0;1;2;-25,43275039;-49,37346606;"SPRF-PR";"DEL01-PR";"UOP03-DEL03-PR"
293876;2020-07-06;"segunda-feira";"12:05:00";"TO";0;0;"ARAGUAINA";"Falta de Atenção à Condução";"Colisão traseira";"Sem Vítimas";"Pleno dia";"Não Informado";"Céu Claro";"Simples";"Curva";"Sim";2;0;0;0;2;0;0;2;-7,18826054;-48,22340554;"SPRF-TO";"DEL02-TO";"UOP01-DEL02-TO"
293878;2020-07-06;"segunda-feira";"10:15:00";"RJ";116;66;"TERESOPOLIS";"Desobediência às normas de trânsito pelo condutor";"Colisão transversal";"Com Vítimas Feridas";"Pleno dia";"Decrescente";"Céu Claro";"Simples";"Reta";"Não";2;0;1;0;1;0;1;2;-22,28530513;-42,9306046;"SPRF-RJ";"DEL04-RJ";"UOP01-DEL04-RJ"
293880;2020-07-06;"segunda-feira";"07:30:00";"MA";316;591,1;"TIMON";"Condutor Dormindo";"Saída de leito carroçável";"Com Vítimas Feridas";"Pleno dia";"Decrescente";"Céu Claro";"Simples";"Curva";"Não";2;0;0;1;1;0;1;1;-4,99976043;-43,03846836;"SPRF-MA";"DEL03-MA";"UOP02-DEL03-MA"
293881;2020-07-06;"segunda-feira";"12:02:00";"ES";101;149,2;"LINHARES";"Falta de Atenção à Condução";"Colisão transversal";"Com Vítimas Feridas";"Pleno dia";"Decrescente";"Céu Claro";"Dupla";"Interseção de Vias";"Sim";2;0;1;0;1;0;1;2;-19,39619083;-40,06435871;"SPRF-ES";"DEL04-ES";"UOP01-DEL04-ES"