"id";"data_inversa";"dia_semana";"horario";"uf";"br";"km";"municipio";"causa_acidente";"tipo_acidente";"classificacao_acidente";"fase_dia";"sentido_via";"condicao_metereologica";"tipo_pista";"tracado_via";"uso_solo";"pessoas";"mortos";"feridos_leves";"feridos_graves";"ilesos";"ignorados";"feridos";"veiculos";"latitude";"longitude";"regional";"delegacia";"uop"
293882;2020-07-06;"segunda-feira";"12:30:00";"MG";381;455;"BELO HORIZONTE";"Desobediência às normas de trânsito pelo condutor";"Colisão transversal";"Com Vítimas Feridas";"Pleno dia";"Decrescente";"Céu Claro";"Simples";"Reta";"Sim";2;0;1;0;1;0;1;2;-19,8577740829;-43,9046829828;"SPRF-MG";"DEL01-MG";"UOP01-DEL01-MG"
293884;2020-07-06;"segunda-feira";"12:45:00";"ES";262;32,2;"DOMINGOS MARTINS";"Pista Escorregadia";"Queda de ocupante de veículo";"Com Vítimas Feridas";"Pleno dia";"Crescente";"Céu Claro";"Simples";"Curva";"Não";1;0;0;1;0;0;1;1;-20,37885575;-40,577728;"SPRF-ES";"DEL01-ES";"UOP01-DEL01-ES"
293885;2020-07-06;"segunda-feira";"12:50:00";"PR";153;240;"TIBAGI";"Velocidade Incompatível";"Colisão frontal";"Com Vítimas Fatais";"Pleno dia";"Decrescente";"Nublado";"Simples";"Curva";"Não";6;1;1;4;0;0;5;2;-24,77360378;-50,46393477;"SPRF-PR";"DEL03-PR";"UOP02-DEL03-PR"
293901;2020-07-06;"segunda-feira";"13:15:00";"MG";381;483;"BETIM";"Velocidade Incompatível";"Colisão traseira";"Com Vítimas Feridas";"Pleno dia";"Decrescente";"Céu Claro";"Dupla";"Aclive";"Sim";5;0;2;0;3;0;2;3;-19,95594491;-44,10721699;"SPRF-MG";"DEL01-MG";"UOP03-DEL01-MG"
293903;2020-07-06;"segunda-feira";"10:40:00";"SC";480;131;"CHAPECO";"Mal Súbito";"Saída de leito carroçável";"Com Vítimas Feridas";"Pleno dia";"Decrescente";"Nublado";"Simples";"Reta";"Sim";1;0;0;1;0;0;1;1;-27,06316029;-52,63189584;"SPRF-SC";"DEL07-SC";"UOP01-DEL07-SC"
293906;2020-07-06;"segunda-feira";"13:00:00";"ES";262;35;"DOMINGOS MARTINS";"Não guardar distância de segurança";"Colisão lateral";"Sem Vítimas";"Pleno dia";"Crescente";"Sol";"Simples";"Reta";"Não";2;0;0;0;1;1;0;2;-20,38002181;-40,5951714;"SPRF-ES";"DEL01-ES";"UOP01-DEL01-ES"
293907;2020-07-06;"segunda-feira";"12:30:00";"MT";364;198;"RONDONOPOLIS";"Velocidade Incompatível";"Colisão com objeto estático";"Com Vítimas Feridas";"Pleno dia";"Decrescente";"Céu Claro";"Simples";"Ponte";"Sim";1;0;1;0;0;0;1;1;-16,50621198;-54,62294799;"SPRF-MT";"DEL02-MT";"UOP01-DEL02-MT"
293908;2020-07-06;"segunda-feira";"11:35:00";"PR";376;667;"GUARATUBA";"Defeito Mecânico no Veículo";"Incêndio";"Sem Vítimas";"Pleno dia";"Decrescente";"Garoa/Chuvisco";"Dupla";"Reta";"Não";1;0;0;0;1;0;0;1;-25,860549;-48,937363;"SPRF-PR";"DEL01-PR";"UOP04-DEL01-PR"
293909;2020-07-06;"segunda-feira";"10:30:00";"PR";376;147;"PRESIDENTE CASTELO BRANCO";"Defeito Mecânico no Veículo";"Saída de leito carroçável";"Com Vítimas Feridas";"Pleno dia";"Decrescente";"Céu Claro";"Dupla";"Curva";"Não";1;0;1;0;0;0;1;1;-23,29045049;-52,13626315;"SPRF-PR";"DEL09-PR";"UOP02-DEL09-PR"
293911;2020-07-06;"segunda-feira";"14:00:00";"BA";324;603;"SIMOES FILHO";"Defeito Mecânico no Veículo";"Queda de ocupante de veículo";"Com Vítimas Feridas";"Pleno dia";"Crescente";"Céu Claro";"Dupla";"Reta";"Não";2;0;1;0;1;0;1;1;-12,77190917;-38,41991733;"SPRF-BA";"DEL01-BA";"UOP01-DEL01-BA"
293915;2020-07-04;"sábado";"02:00:00";"RJ";116;42;"TERESOPOLIS";"Animais na Pista";"Atropelamento de Animal";"Sem Vítimas";"Plena Noite";"Crescente";"Nevoeiro/Neblina";"Simples";"Curva";"Não";2;0;0;0;2;0;0;1;-22,14560636;-42,79362881;"SPRF-RJ";"DEL04-RJ";"UOP01-DEL04-RJ"
293916;2020-07-06;"segunda-feira";"13:20:00";"MA";135;10;"SAO LUIS";"Falta de Atenção à Condução";"Capotamento";"Com Vítimas Feridas";"Pleno dia";"Crescente";"Sol";"Dupla";"Curva";"Sim";1;0;1;0;0;0;1;1;-2,53073;-44,3068;"SPRF-MA";"DEL01-MA";"UOP01-DEL01-MA"
293917;2020-07-06;"segunda-feira";"15:00:00";"RJ";40;89;"PETROPOLIS";"Defeito Mecânico no Veículo";"Incêndio";"Sem Vítimas";"Pleno dia";"Decrescente";"Céu Claro";"Simples";"Curva";"Não";1;0;0;0;1;0;0;1;-22,556263;-43,23718;"SPRF-RJ";"DEL06-RJ";"UOP01-DEL06-RJ"
293920;2020-07-06;"segunda-feira";"15:45:00";"RJ";40;117;"DUQUE DE CAXIAS";"Falta de Atenção à Condução";"Colisão traseira";"Com Vítimas Feridas";"Pleno dia";"Crescente";"Céu Claro";"Múltipla";"Reta";"Sim";3;0;1;0;2;0;1;3;-22,745676;-43,2881;"SPRF-RJ";"DEL01-RJ";"UOP01-DEL01-RJ"
293921;2020-07-06;"segunda-feira";"15:10:00";"RJ";40;84;"PETROPOLIS";"Falta de Atenção à Condução";"Tombamento";"Com Vítimas Feridas";"Pleno dia";"Decrescente";"Céu Claro";"Simples";"Curva";"Não";2;0;1;0;1;0;1;1;-22,55112616;-43,22560072;"SPRF-RJ";"DEL06-RJ";"UOP01-DEL06-RJ"
293922;2020-07-06;"segunda-feira";"16:25:00";"PR";116;120;"CURITIBA";"Falta de Atenção à Condução";"Colisão traseira";"Sem Vítimas";"Pleno dia";"Crescente";"Céu Claro";"Dupla";"Reta";"Sim";2;0;0;0;2;0;0;2;-25,55122256;-49,30503748;"SPRF-PR";"DEL01-PR";"UOP03-DEL01-PR"
293923;2020-07-06;"segunda-feira";"08:00:00";"SE";101;91;"NOSSA SENHORA DO SOCORRO";"Avarias e/ou desgaste excessivo no pneu";"Saída de leito carroçável";"Sem Vítimas";"Pleno dia";"Decrescente";"Nublado";"Dupla";"Viaduto";"Não";1;0;0;0;1;0;0;1;-10,9015351;-37,13124817;"SPRF-SE";"DEL01-SE";"UOP01-DEL01-SE"
293924;2020-07-06;"segunda-feira";"16:30:00";"BA";324;3;"FEIRA DE SANTANA";"Falta de Atenção à Condução";"Queda de ocupante de veículo";"Com Vítimas Feridas";"Pleno dia";"Crescente";"Céu Claro";"Dupla";"Reta";"Sim";1;0;0;1;0;0;1;1;-12,267113;-38,966988;"SPRF-BA";"DEL02-BA";"UOP01-DEL02-BA"
293927;2020-07-06;"segunda-feira";"16:15:00";"SC";101;105;"PENHA";"Pista Escorregadia";"Capotamento";"Com Vítimas Feridas";"Anoitecer";"Decrescente";"Chuva";"Múltipla";"Curva";"Não";2;0;1;0;1;0;1;1;-26,80215497;-48,67891041;"SPRF-SC";"DEL03-SC";"UOP02-DEL03-SC"
293928;2020-07-06;"segunda-feira";"17:30:00";"GO";50;280,6;"CATALAO";"Falta de Atenção à Condução";"Colisão transversal";"Com Vítimas Feridas";"Anoitecer";"Decrescente";"Céu Claro";"Simples";"Interseção de Vias";"Sim";2;0;0;1;1;0;1;2;-18,1784;-47,9362;"SPRF-GO";"DEL06-GO";"UOP01-DEL06-GO"
293929;2020-07-06;"segunda-feira";"16:50:00";"PR";369;134;"IBIPORA";"Ultrapassagem Indevida";"Queda de ocupante de veículo";"Com Vítimas Feridas";"Pleno dia";"Crescente";"Nublado";"Simples";"Declive;Reta";"Não";1;0;1;0;0;0;1;1;-23,26157329;-51,01787355;"SPRF-PR";"DEL07-PR";"UOP01-DEL07-PR"
293930;2020-07-06;"segunda-feira";"16:20:00";"BA";116;15;"VITORIA DA CONQUISTA";"Falta de Atenção à Condução";"Queda de ocupante de veículo";"Com Vítimas Feridas";"Pleno dia";"Decrescente";"Garoa/Chuvisco";"Simples";"Reta";"Sim";2;0;1;0;1;0;1;2;-14,851;-40,8485;"SPRF-BA";"DEL08-BA";"UOP01-DEL08-BA"
293932;2020-07-06;"segunda-feira";"17:50:00";"RN";101;77,7;"SAO GONCALO DO AMARANTE";"Deficiência ou não Acionamento do Sistema de Iluminação/Sinalização do Veículo";"Colisão transversal";"Com Vítimas Feridas";"Anoitecer";"Crescente";"Nublado";"Dupla";"Interseção de Vias;Reta";"Não";2;0;1;0;1;0;1;2;-5,73180495;-35,29112135;"SPRF-RN";"DEL02-RN";"UOP01-DEL02-RN"
293934;2020-07-06;"segunda-feira";"17:45:00";"SC";282;5,5;"SAO JOSE";"Falta de Atenção à Condução";"Colisão lateral";"Com Vítimas Feridas";"Plena Noite";"Crescente";"Chuva";"Dupla";"Curva";"Sim";3;0;1;0;2;0;1;2;-27,588425;-48,612919;"SPRF-SC";"DEL01-SC";"UOP01-DEL01-SC"
293936;2020-07-06;"segunda-feira";"12:15:00";"RJ";101;266;"RIO BONITO";"Falta de Atenção à Condução";"Capotamento";"Com Vítimas Feridas";"Pleno dia";"Decrescente";"Sol";"Dupla";"Reta";"Sim";1;0;1;0;0;0;1;1;-22,70861445;-42,65178735;"SPRF-RJ";"DEL02-RJ";"UOP03-DEL02-RJ"
293937;2020-07-06;"segunda-feira";"18:10:00";"MG";364;2,8;"PLANURA";"Mal Súbito";"Danos eventuais";"Com Vítimas Feridas";"Plena Noite";"Crescente";"Céu Claro";"Simples";"Reta";"Não";1;0;0;1;0;0;1;1;-20,1407;-48,694768;"SPRF-MG";"DEL13-MG";"UOP02-DEL13-MG"
293938;2020-07-06;"segunda-feira";"17:40:00";"PE";104;65;"CARUARU";"Desobediência às normas de trânsito pelo condutor";"Colisão transversal";"Com Vítimas Feridas";"Anoitecer";"Crescente";"Nublado";"Dupla";"Reta;Interseção de Vias";"Sim";2;0;1;0;1;0;1;2;-8,2867;-35,9838;"SPRF-PE";"DEL02-PE";"UOP01-DEL02-PE"
293939;2020-07-06;"segunda-feira";"18:30:00";"MG";459;100;"POUSO ALEGRE";"Velocidade Incompatível";"Saída de leito carroçável";"Sem Vítimas";"Plena Noite";"Decrescente";"Céu Claro";"Dupla";"Reta";"Não";1;0;0;0;0;1;0;1;-22,20527585;-45,93770027;"SPRF-MG";"DEL16-MG";"UOP01-DEL16-MG"
293940;2020-07-06;"segunda-feira";"18:00:00";"PR";376;627;"SAO JOSE DOS PINHAIS";"Falta de Atenção à Condução";"Colisão com objeto estático";"Sem Vítimas";"Plena Noite";"Crescente";"Garoa/Chuvisco";"Dupla";"Reta";"Não";1;0;0;0;1;0;0;1;-25,66963786;-49,15231858;"SPRF-PR";"DEL01-PR";"UOP04-DEL01-PR"
293942;2020-07-06;"segunda-feira";"18:30:00";"RS";285;113,9;"VACARIA";"Animais na Pista";"Atropelamento de Animal";"Com Vítimas Fatais";"Plena Noite";"Crescente";"Nublado";"Simples";"Curva";"Não";5;2;1;2;0;0;3;2;-28,511214;-50,876103;"SPRF-RS";"DEL05-RS";"UOP03-DEL05-RS"
293944;2020-07-06;"segunda-feira";"19:00:00";"PR";476;114;"COLOMBO";"Falta de Atenção do Pedestre";"Atropelamento de Pedestre";"Com Vítimas Feridas";"Plena Noite";"Crescente";"Garoa/Chuvisco";"Simples";"Reta;Retorno Regulamentado";"Sim";3;0;0;1;2;0;1;2;-25,335966;-49,158184;"SPRF-PR";"DEL01-PR";"UOP07-DEL01-PR"
293945;2020-07-06;"segunda-feira";"18:30:00";"SP";116;145,8;"SAO JOSE DOS CAMPOS";"Não guardar distância de segurança";"Colisão traseira";"Com Vítimas Feridas";"Plena Noite";"Decrescente";"Céu Claro";"Dupla";"Aclive";"Não";2;0;1;0;1;0;1;2;-23,1869844;-45,8548078;"SPRF-SP";"DEL02-SP";"UOP01-DEL02-SP"
293947;2020-07-06;"segunda-feira";"19:00:00";"PR";376;438,8;"TIBAGI";"Velocidade Incompatível";"Colisão com objeto estático";"Sem Vítimas";"Anoitecer";"Crescente";"Chuva";"Dupla";"Reta";"Não";1;0;0;0;0;1;0;1;-24,84975558;-50,46706404;"SPRF-PR";"DEL03-PR";"UOP02-DEL03-PR"
293949;2020-07-06;"segunda-feira";"18:30:00";"CE";222;246,4;"SOBRAL";"Deficiência ou não Acionamento do Sistema de Iluminação/Sinalização do Veículo";"Colisão frontal";"Com Vítimas Feridas";"Plena Noite";"Crescente";"Chuva";"Simples";"Reta";"Não";2;0;0;1;1;0;1;2;-3,75797715;-40,52324498;"SPRF-CE";"DEL04-CE";"UOP01-DEL04-CE"
293951;2020-07-06;"segunda-feira";"18:50:00";"PR";277;662,8;"MATELANDIA";"Ingestão de Álcool";"Saída de leito carroçável";"Sem Vítimas";"Plena Noite";"Crescente";"Céu Claro";"Dupla";"Reta";"Não";1;0;0;0;1;0;0;1;-25,25121745;-54,00913508;"SPRF-PR";"DEL05-PR";"UOP02-DEL05-PR"
293952;2020-07-06;"segunda-feira";"08:00:00";"PR";476;98,5;"COLOMBO";"Velocidade Incompatível";"Colisão com objeto estático";"Sem Vítimas";"Pleno dia";"Crescente";"Garoa/Chuvisco";"Simples";"Declive";"Não";1;0;0;0;1;0;0;1;-25,24007;-49,127075;"SPRF-PR";"DEL01-PR";"UOP07-DEL01-PR"
293954;2020-07-06;"segunda-feira";"18:35:00";"MG";40;632,8;"CONSELHEIRO LAFAIETE";"Desobediência às normas de trânsito pelo condutor";"Colisão transversal";"Com Vítimas Feridas";"Plena Noite";"Crescente";"Céu Claro";"Simples";"Reta";"Sim";2;0;0;1;1;0;1;2;-20,68146519;-43,79429186;"SPRF-MG";"DEL05-MG";"UOP02-DEL05-MG"
293956;2020-07-06;"segunda-feira";"19:00:00";"PB";230;304,8;"SANTA LUZIA";"Animais na Pista";"Atropelamento de Animal";"Com Vítimas Feridas";"Plena Noite";"Crescente";"Céu Claro";"Simples";"Reta";"Não";1;0;1;0;0;0;1;1;-6,9122;-37,0172;"SPRF-PB";"DEL03-PB";"UOP01-DEL03-PB"
293957;2020-07-06;"segunda-feira";"20:00:00";"PR";116;11,5;"COLOMBO";"Agressão Externa";"Queda de ocupante de veículo";"Com Vítimas Feridas";"Plena Noite";"Decrescente";"Chuva";"Dupla";"Reta";"Sim";1;0;1;0;0;0;1;1;-25,373;-49,141;"SPRF-PR";"DEL01-PR";"UOP02-DEL01-PR"
293958;2020-07-06;"segunda-feira";"20:00:00";"MG";40;532;"BELO HORIZONTE";"Velocidade Incompatível";"Saída de leito carroçável";"Com Vítimas Feridas";"Plena Noite";"Crescente";"Céu Claro";"Dupla";"Curva";"Sim";1;0;0;1;0;0;1;1;-19,926661;-44,007434;"SPRF-MG";"DEL01-MG";"UOP02-DEL01-MG"
293961;2020-07-06;"segunda-feira";"19:00:00";"RN";101;84,6;"SAO GONCALO DO AMARANTE";"Animais na Pista";"Queda de ocupante de veículo";"Com Vítimas Feridas";"Plena Noite";"Crescente";"Nublado";"Dupla";"Reta";"Sim";1;0;1;0;0;0;1;1;-5,774175;-35,2578;"SPRF-RN";"DEL02-RN";"UOP01-DEL02-RN"
293962;2020-07-06;"segunda-feira";"18:10:00";"MG";116;397;"GOVERNADOR VALADARES";"Falta de Atenção à Condução";"Colisão frontal";"Com Vítimas Feridas";"Plena Noite";"Crescente";"Céu Claro";"Simples";"Reta";"Não";2;0;0;1;1;0;1;2;-18,75570099;-41,98568765;"SPRF-MG";"DEL06-MG";"UOP01-DEL06-MG"
293963;2020-07-06;"segunda-feira";"19:40:00";"RJ";101;60,6;"CAMPOS DOS GOYTACAZES";"Desobediência às normas de trânsito pelo condutor";"Saída de leito carroçável";"Com Vítimas Feridas";"Plena Noite";"Decrescente";"Céu Claro";"Simples";"Reta";"Sim";1;0;0;1;0;0;1;1;-21,72048414;-41,31448591;"SPRF-RJ";"DEL08-RJ";"UOP01-DEL08-RJ"
293964;2020-07-06;"segunda-feira";"18:10:00";"RS";290;289,7;"CACHOEIRA DO SUL";"Falta de Atenção à Condução";"Colisão traseira";"Com Vítimas Fatais";"Pleno dia";"Crescente";"Céu Claro";"Simples";"Reta";"Não";2;1;0;0;1;0;0;2;-30,274347;-53,108261;"SPRF-RS";"DEL02-RS";"UOP03-DEL02-RS"
293965;2020-07-06;"segunda-feira";"20:10:00";"PR";277;51,5;"MORRETES";"Velocidade Incompatível";"Capotamento";"Com Vítimas Feridas";"Plena Noite";"Decrescente";"Nevoeiro/Neblina";"Dupla";"Curva";"Não";2;0;1;1;0;0;2;1;-25,59515989;-48,90700787;"SPRF-PR";"DEL01-PR";"UOP07-DEL01-PR"
293966;2020-07-06;"segunda-feira";"20:00:00";"BA";116;21;"VITORIA DA CONQUISTA";"Defeito Mecânico no Veículo";"Incêndio";"Sem Vítimas";"Plena Noite";"Crescente";"Céu Claro";"Simples";"Reta";"Não";1;0;0;0;1;0;0;1;-14,88161987;-40,80435321;"SPRF-BA";"DEL08-BA";"UOP01-DEL08-BA"
293967;2020-07-06;"segunda-feira";"19:50:00";"MS";60;593,2;"JARDIM";"Desobediência às normas de trânsito pelo condutor";"Colisão transversal";"Com Vítimas Feridas";"Plena Noite";"Decrescente";"Nublado";"Simples";"Interseção de Vias";"Não";5;0;0;1;4;0;1;2;-21,48542331;-56,15040947;"SPRF-MS";"DEL05-MS";"UOP01-DEL05-MS"
293968;2020-07-06;"segunda-feira";"20:25:00";"CE";116;22;"ITAITINGA";"Defeito na Via";"Colisão frontal";"Com Vítimas Feridas";"Pleno dia";"Decrescente";"Céu Claro";"Dupla";"Reta";"Sim";3;0;1;0;2;0;1;2;-3,94070798;-38,50918633;"SPRF-CE";"DEL01-CE";"UOP02-DEL01-CE"
293970;2020-07-06;"segunda-feira";"17:00:00";"BA";116;469;"SANTO ESTEVAO";"Ingestão de Álcool";"Queda de ocupante de veículo";"Com Vítimas Feridas";"Anoitecer";"Crescente";"Céu Claro";"Dupla";"Reta";"Não";1;0;1;0;0;0;1;1;-12,46437217;-39,27846192;"SPRF-BA";"DEL02-BA";"UOP01-DEL02-BA"
293971;2020-07-02;"quinta-feira";"14:00:00";"RJ";495;29;"PETROPOLIS";"Falta de Atenção à Condução";"Colisão lateral";"Com Vítimas Feridas";"Pleno dia";"Crescente";"Céu Claro";"Simples";"Reta";"Sim";2;0;0;1;1;0;1;2;-22,391611;-43,126202;"SPRF-RJ";"DEL06-RJ";"UOP01-DEL06-RJ"
293973;2020-07-06;"segunda-feira";"17:30:00";"MA";135;26;"BACABEIRA";"Defeito Mecânico no Veículo";"Saída de leito carroçável";"Com Vítimas Feridas";"Anoitecer";"Crescente";"Chuva";"Dupla";"Curva";"Não";4;0;2;0;2;0;2;1;-2,775895;-44,374204;"SPRF-MA";"DEL01-MA";"UOP01-DEL01-MA"
293974;2020-07-06;"segunda-feira";"21:30:00";"MG";381;479,9;"CONTAGEM";"Falta de Atenção à Condução";"Colisão traseira";"Com Vítimas Feridas";"Plena Noite";"Decrescente";"Céu Claro";"Dupla";"Aclive";"Sim";1;0;1;0;0;0;1;1;-19,95826094;-44,05921101;"SPRF-MG";"DEL01-MG";"UOP03-DEL01-MG"
293976;2020-07-06;"segunda-feira";"17:50:00";"SE";101;53,4;"CARMOPOLIS";"Restrição de Visibilidade";"Colisão traseira";"Com Vítimas Feridas";"Plena Noite";"Crescente";"Nublado";"Simples";"Reta;Aclive";"Não";2;0;0;1;0;1;1;2;-10,62362834;-36,9893439;"SPRF-SE";"DEL02-SE";"UOP02-DEL02-SE"
293977;2020-07-06;"segunda-feira";"21:00:00";"MS";163;681;"RIO VERDE DE MATO GROSSO";"Falta de Atenção à Condução";"Tombamento";"Sem Vítimas";"Plena Noite";"Crescente";"Céu Claro";"Simples";"Reta";"Não";1;0;0;0;0;1;0;1;-18,91578008;-54,83862738;"SPRF-MS";"DEL06-MS";"UOP02-DEL06-MS"
293980;2020-07-06;"segunda-feira";"17:30:00";"PR";153;111,2;"IBAITI";"Falta de Atenção à Condução";"Danos eventuais";"Com Vítimas Feridas";"Pleno dia";"Decrescente";"Céu Claro";"Simples";"Interseção de Vias";"Sim";2;0;0;2;0;0;2;2;-23,86125206;-50,19948581;"SPRF-PR";"DEL07-PR";"UOP04-DEL07-PR"
293981;2020-07-06;"segunda-feira";"22:20:00";"SP";153;57;"SAO JOSE DO RIO PRETO";"Velocidade Incompatível";"Tombamento";"Com Vítimas Feridas";"Plena Noite";"Crescente";"Céu Claro";"Simples";"Reta";"Não";2;0;0;1;0;1;1;2;-20,774168;-49,35169811;"SPRF-SP";"DEL09-SP";"UOP01-DEL09-SP"
293982;2020-07-06;"segunda-feira";"19:00:00";"MA";230;430;"BALSAS";"Falta de Atenção à Condução";"Colisão frontal";"Com Vítimas Feridas";"Plena Noite";"Crescente";"Céu Claro";"Simples";"Reta";"Não";3;0;0;2;0;1;2;2;-7,45656;-46,261152;"SPRF-MA";"DEL05-MA";"UOP01-DEL05-MA"
293984;2020-07-06;"segunda-feira";"16:00:00";"MG";40;143;"JOAO PINHEIRO";"Ultrapassagem Indevida";"Colisão traseira";"Com Vítimas Feridas";"Pleno dia";"Decrescente";"Céu Claro";"Simples";"Reta";"Sim";2;0;0;1;1;0;1;2;-17,7457975;-46,17842682;"SPRF-MG";"DEL14-MG";"UOP01-DEL14-MG"
293986;2020-07-06;"segunda-feira";"16:30:00";"MT";70;591;"POCONE";"Velocidade Incompatível";"Saída de leito carroçável";"Com Vítimas Feridas";"Pleno dia";"Decrescente";"Céu Claro";"Simples";"Curva";"Não";3;0;3;0;0;0;3;1;-15,79168191;-56,65677806;"SPRF-MT";"DEL03-MT";"UOP02-DEL03-MT"
293987;2020-07-06;"segunda-feira";"21:40:00";"SC";470;238,7;"CURITIBANOS";"Falta de Atenção à Condução";"Colisão frontal";"Com Vítimas Feridas";"Plena Noite";"Crescente";"Garoa/Chuvisco";"Simples";"Curva";"Não";3;0;2;0;1;0;2;2;-27,304041;-50,464909;"SPRF-SC";"DEL05-SC";"UOP03-DEL05-SC"
293988;2020-07-06;"segunda-feira";"23:25:00";"MS";163;6,5;"MUNDO NOVO";"Ingestão de Álcool";"Saída de leito carroçável";"Sem Vítimas";"Plena Noite";"Crescente";"Nublado";"Dupla";"Rotatória";"Não";1;0;0;0;0;1;0;1;-24,006155;-54,312016;"SPRF-MS";"DEL09-MS";"UOP02-DEL09-MS"
293989;2020-07-07;"terça-feira";"00:56:00";"MG";262;368;"JUATUBA";"Falta de Atenção à Condução";"Saída de leito carroçável";"Sem Vítimas";"Plena Noite";"Crescente";"Céu Claro";"Simples";"Curva;Aclive";"Não";1;0;0;0;1;0;0;1;-19,97239513;-44,28042402;"SPRF-MG";"DEL01-MG";"UOP03-DEL01-MG"
293992;2020-07-07;"terça-feira";"02:10:00";"PE";101;63,9;"RECIFE";"Condutor Dormindo";"Colisão com objeto estático";"Com Vítimas Feridas";"Plena Noite";"Crescente";"Nublado";"Dupla";"Viaduto";"Sim";1;0;1;0;0;0;1;1;-8,016699;-34,94083;"SPRF-PE";"DEL01-PE";"UOP01-DEL01-PE"
293995;2020-07-07;"terça-feira";"02:00:00";"SC";101;201;"SAO JOSE";"Ingestão de Álcool";"Saída de leito carroçável";"Com Vítimas Feridas";"Plena Noite";"Crescente";"Chuva";"Dupla";"Reta";"Sim";2;0;2;0;0;0;2;1;-27,54836599;-48,61977975;"SPRF-SC";"DEL01-SC";"UOP01-DEL01-SC"
293998;2020-07-07;"terça-feira";"05:40:00";"PR";277;357,9;"GUARAPUAVA";"Velocidade Incompatível";"Colisão frontal";"Com Vítimas Fatais";"Plena Noite";"Crescente";"Nublado";"Simples";"Reta";"Não";3;1;0;2;0;0;2;2;-25,39950847;-51,53852876;"SPRF-PR";"DEL08-PR";"UOP01-DEL08-PR"
293999;2020-07-07;"terça-feira";"06:10:00";"PE";232;23,7;"MORENO";"Pista Escorregadia";"Saída de leito carroçável";"Com Vítimas Feridas";"Amanhecer";"Decrescente";"Chuva";"Simples";"Reta";"Não";2;0;0;2;0;0;2;1;-8,0992185;-35,09713887;"SPRF-PE";"DEL02-PE";"UOP02-DEL02PE"
294001;2020-07-07;"terça-feira";"05:45:00";"RN";226;166,1;"CURRAIS NOVOS";"Velocidade Incompatível";"Tombamento";"Com Vítimas Fatais";"Amanhecer";"Decrescente";"Céu Claro";"Simples";"Curva";"Não";1;1;0;0;0;0;0;1;-6,23134484;-36,43796705;"SPRF-RN";"DEL03-RN";"UOP02-DEL03-RN"
294003;2020-07-07;"terça-feira";"07:00:00";"DF";20;12;"BRASILIA";"Restrição de Visibilidade";"Colisão frontal";"Com Vítimas Feridas";"Amanhecer";"Decrescente";"Céu Claro";"Dupla";"Reta";"Sim";2;0;1;1;0;0;2;2;-15,64312213;-47,75941372;"SPRF-DF";"DEL02-DF";"UOP01-DEL02-DF"
294006;2020-07-07;"terça-feira";"07:00:00";"SP";116;466,2;"PARIQUERA-ACU";"Pista Escorregadia";"Saída de leito carroçável";"Com Vítimas Feridas";"Pleno dia";"Decrescente";"Nublado";"Dupla";"Reta";"Não";1;0;1;0;0;0;1;1;-24,64742363;-47,92196665;"SPRF-SP";"DEL05-SP";"UOP01-DEL05-SP"
294007;2020-07-07;"terça-feira";"06:00:00";"RO";364;696;"PORTO VELHO";"Não guardar distância de segurança";"Colisão traseira";"Com Vítimas Feridas";"Amanhecer";"Decrescente";"Nublado";"Dupla";"Reta";"Não";3;0;0;1;2;0;1;2;-8,801732;-63,743547;"SPRF-RO";"DEL01-RO";"UOP01-DEL01-RO"
294011;2020-07-07;"terça-feira";"07:15:00";"CE";222;3,6;"CAUCAIA";"Falta de Atenção à Condução";"Colisão lateral";"Com Vítimas Feridas";"Pleno dia";"Decrescente";"Nublado";"Dupla";"Reta;Ponte";"Sim";5;0;3;0;1;1;3;5;-3,7403769;-38,59569202;"SPRF-CE";"DEL01-CE";"UOP01-DEL01-CE"
294012;2020-07-07;"terça-feira";"06:00:00";"MG";381;159,6;"GOVERNADOR VALADARES";"Velocidade Incompatível";"Saída de leito carroçável";"Sem Vítimas";"Amanhecer";"Decrescente";"Nevoeiro/Neblina";"Simples";"Declive;Interseção de Vias;Curva";"Não";1;0;0;0;0;1;0;1;-18,89173074;-42,00453043;"SPRF-MG";"DEL06-MG";"UOP01-DEL06-MG"
294013;2020-07-07;"terça-feira";"08:00:00";"GO";40;16;"LUZIANIA";"Não guardar distância de segurança";"Colisão traseira";"Com Vítimas Feridas";"Pleno dia";"Decrescente";"Céu Claro";"Dupla";"Reta";"Não";2;0;1;0;0;1;1;2;-16,175176;-47,92964;"SPRF-DF";"DEL01-DF";"UOP01-DEL01-DF"
294014;2020-07-07;"terça-feira";"08:00:00";"PR";376;451;"TIBAGI";"Falta de Atenção à Condução";"Colisão com objeto estático";"Sem Vítimas";"Pleno dia";"Crescente";"Chuva";"Dupla";"Curva;Declive";"Não";1;0;0;0;1;0;0;1;-24,94239016;-50,40224704;"SPRF-PR";"DEL03-PR";"UOP02-DEL03-PR"
294016;2020-05-22;"sexta-feira";"16:15:00";"PR";369;156;"LONDRINA";"Desobediência às normas de trânsito pelo condutor";"Queda de ocupante de veículo";"Com Vítimas Feridas";"Pleno dia";"Decrescente";"Chuva";"Dupla";"Reta";"Sim";2;0;0;1;1;0;1;2;-23,29271268;-51,21502697;"SPRF-PR";"DEL07-PR";"UOP01-DEL07-PR"
294017;2020-07-07;"terça-feira";"07:40:00";"MG";262;465,8;"BOM DESPACHO";"Falta de Atenção à Condução";"Colisão frontal";"Com Vítimas Fatais";"Pleno dia";"Decrescente";"Céu Claro";"Simples";"Reta";"Não";5;1;2;0;2;0;2;2;-19,80935414;-45,11587504;"SPRF-MG";"DEL08-MG";"UOP03-DEL08-MG"