"id";"data_inversa";"dia_semana";"horario";"uf";"br";"km";"municipio";"causa_acidente";"tipo_acidente";"classificacao_acidente";"fase_dia";"sentido_via";"condicao_metereologica";"tipo_pista";"tracado_via";"uso_solo";"pessoas";"mortos";"feridos_leves";"feridos_graves";"ilesos";"ignorados";"feridos";"veiculos";"latitude";"longitude";"regional";"delegacia";"uop"
294019;2020-07-07;"terça-feira";"07:30:00";"RO";364;235,7;"CACOAL";"Desobediência às normas de trânsito pelo condutor";"Colisão transversal";"Com Vítimas Feridas";"Pleno dia";"Crescente";"Céu Claro";"Simples";"Reta";"Sim";2;0;1;0;1;0;1;2;-11,4506169;-61,4302469;"SPRF-RO";"DEL02-RO";"UOP02-DEL02-RO"
294021;2020-07-07;"terça-feira";"07:20:00";"BA";116;819,1;"VITORIA DA CONQUISTA";"Ultrapassagem Indevida";"Colisão lateral";"Com Vítimas Feridas";"Pleno dia";"Crescente";"Nublado";"Múltipla";"Reta";"Sim";2;0;1;0;1;0;1;2;-14,829267;-40,829727;"SPRF-BA";"DEL08-BA";"UOP01-DEL08-BA"
294022;2020-07-07;"terça-feira";"09:10:00";"ES";262;7;"CARIACICA";"Avarias e/ou desgaste excessivo no pneu";"Colisão traseira";"Com Vítimas Feridas";"Pleno dia";"Crescente";"Céu Claro";"Dupla";"Viaduto";"Sim";2;0;1;0;1;0;1;2;-20,34283738;-40,40434616;"SPRF-ES";"DEL01-ES";"UOP01-DEL01-ES"
294027;2020-07-07;"terça-feira";"08:00:00";"PB";230;52,9;"CRUZ DO ESPIRITO SANTO";"Defeito Mecânico no Veículo";"Tombamento";"Com Vítimas Feridas";"Pleno dia";"Crescente";"Sol";"Dupla";"Reta";"Não";1;0;1;0;0;0;1;1;-7,1951;-35,0691;"SPRF-PB";"DEL01-PB";"UOP03-DEL01-PB"
294028;2020-07-07;"terça-feira";"09:20:00";"PA";163;1003,9;"SANTAREM";"Não guardar distância de segurança";"Engavetamento";"Com Vítimas Feridas";"Pleno dia";"Crescente";"Céu Claro";"Dupla";"Reta";"Sim";4;0;1;0;3;0;1;4;-2,44688525;-54,73048152;"SPRF-PA";"DEL05-PA";"UOP01-DEL05-PA"
294030;2020-07-07;"terça-feira";"10:00:00";"RJ";101;213;"CASIMIRO DE ABREU";"Falta de Atenção à Condução";"Tombamento";"Com Vítimas Feridas";"Pleno dia";"Decrescente";"Céu Claro";"Dupla";"Curva";"Não";1;0;1;0;0;0;1;1;-22,49143999;-42,26199401;"SPRF-RJ";"DEL08-RJ";"UOP04-DEL08-RJ"
294031;2020-07-07;"terça-feira";"06:30:00";"RO";364;696;"PORTO VELHO";"Desobediência às normas de trânsito pelo condutor";"Colisão transversal";"Sem Vítimas";"Pleno dia";"Decrescente";"Céu Claro";"Dupla";"Reta";"Não";3;0;0;0;3;0;0;2;-8,80046614;-63,734779;"SPRF-RO";"DEL01-RO";"UOP01-DEL01-RO"
294032;2020-06-27;"sábado";"23:45:00";"PR";369;191;"ARAPONGAS";"Ingestão de Álcool";"Colisão transversal";"Com Vítimas Feridas";"Plena Noite";"Crescente";"Chuva";"Dupla";"Retorno Regulamentado";"Não";5;0;2;2;0;1;4;2;-23,4638762;-51,42356873;"SPRF-PR";"DEL07-PR";"UOP03-DEL07-PR"
294036;2020-01-30;"quinta-feira";"22:40:00";"CE";0;0;"ITAITINGA";"Restrição de Visibilidade";"Colisão com objeto estático";"Com Vítimas Feridas";"Plena Noite";"Não Informado";"Céu Claro";"Dupla";"Em Obras";"Sim";5;0;1;1;2;1;2;2;-3,972747;-38,521202;"SPRF-CE";"DEL01-CE";"UOP02-DEL01-CE"
294038;2020-07-07;"terça-feira";"10:20:00";"DF";80;11,5;"BRASILIA";"Falta de Atenção à Condução";"Colisão transversal";"Com Vítimas Feridas";"Pleno dia";"Crescente";"Céu Claro";"Simples";"Reta";"Sim";2;0;1;0;1;0;1;2;-15,730927;-48,177082;"SPRF-DF";"DEL03-DF";"UOP02-DEL03-DF"
294039;2020-06-19;"sexta-feira";"16:50:00";"RR";174;665;"PACARAIMA";"Animais na Pista";"Queda de ocupante de veículo";"Com Vítimas Feridas";"Pleno dia";"Decrescente";"Ignorado";"Simples";"Reta";"Não";1;0;0;1;0;0;1;1;4,157695;-61,011452;"SPRF-RR";"SEOP-RR";"SEOP-RR"
294040;2020-07-04;"sábado";"08:50:00";"RJ";116;183;"NOVA IGUACU";"Desobediência às normas de trânsito pelo condutor";"Colisão frontal";"Com Vítimas Feridas";"Pleno dia";"Crescente";"Céu Claro";"Múltipla";"Reta";"Sim";2;0;0;1;1;0;1;2;-22,7516014;-43,43849831;"SPRF-RJ";"DEL01-RJ";"UOP02-DEL01-RJ"
294044;2020-07-07;"terça-feira";"11:30:00";"SC";470;90,9;"ASCURRA";"Falta de Atenção à Condução";"Colisão transversal";"Com Vítimas Feridas";"Pleno dia";"Crescente";"Nublado";"Simples";"Reta";"Não";2;0;1;0;1;0;1;2;-26,969337;-49,367718;"SPRF-SC";"DEL04-SC";"UOP01-DEL04-SC"
294048;2020-07-07;"terça-feira";"13:05:00";"PR";376;2;"MANDAGUARI";"Não guardar distância de segurança";"Colisão lateral";"Com Vítimas Feridas";"Pleno dia";"Crescente";"Céu Claro";"Simples";"Reta";"Sim";2;0;1;0;1;0;1;2;-23,514057;-51,699431;"SPRF-PR";"DEL09-PR";"UOP01-DEL09-PR"
294050;2020-07-07;"terça-feira";"12:08:00";"RN";101;96;"NATAL";"Desobediência às normas de trânsito pelo condutor";"Colisão traseira";"Com Vítimas Feridas";"Pleno dia";"Crescente";"Céu Claro";"Múltipla";"Reta";"Sim";2;0;1;0;1;0;1;2;-5,84949622;-35,20890752;"SPRF-RN";"DEL01-RN";"UOP01-DEL01-RN"
294053;2020-07-07;"terça-feira";"10:55:00";"AC";364;124;"RIO BRANCO";"Falta de Atenção à Condução";"Colisão traseira";"Com Vítimas Feridas";"Pleno dia";"Decrescente";"Céu Claro";"Simples";"Rotatória";"Sim";2;0;1;0;1;0;1;2;-10,01186542;-67,79784322;"SPRF-AC";"DEL01-AC";"UOP01-DEL01-AC"
294054;2020-07-07;"terça-feira";"11:30:00";"SC";282;92;"ALFREDO WAGNER";"Falta de Atenção à Condução";"Colisão com objeto estático";"Com Vítimas Feridas";"Pleno dia";"Crescente";"Garoa/Chuvisco";"Simples";"Curva";"Não";2;0;1;0;1;0;1;1;-27,697363;-49,23542;"SPRF-SC";"DEL01-SC";"UOP03-DEL01-SC"
294058;2020-07-07;"terça-feira";"13:00:00";"SC";101;197;"BIGUACU";"Falta de Atenção à Condução";"Colisão transversal";"Com Vítimas Feridas";"Pleno dia";"Crescente";"Chuva";"Dupla";"Reta";"Sim";2;0;1;0;1;0;1;2;-27,51844497;-48,63848496;"SPRF-SC";"DEL01-SC";"UOP01-DEL01-SC"
294059;2020-07-07;"terça-feira";"14:10:00";"AP";210;5;"MACAPA";"Desobediência às normas de trânsito pelo condutor";"Colisão transversal";"Com Vítimas Feridas";"Pleno dia";"Decrescente";"Céu Claro";"Simples";"Reta";"Sim";3;0;3;0;0;0;3;2;0,09055062;-51,10349413;"SPRF-AP";"DEL01-AP";"UOP01-DEL01-AP"
294060;2020-07-07;"terça-feira";"14:05:00";"SP";116;270;"TABOAO DA SERRA";"Falta de Atenção do Pedestre";"Atropelamento de Pedestre";"Com Vítimas Feridas";"Pleno dia";"Crescente";"Céu Claro";"Dupla";"Reta";"Sim";2;0;0;1;1;0;1;2;-23,61799728;-46,79677694;"SPRF-SP";"DEL04-SP";"UOP01-DEL04-SP"
294061;2020-07-07;"terça-feira";"14:00:00";"PR";376;177,5;"MARINGA";"Falta de Atenção à Condução";"Colisão traseira";"Com Vítimas Feridas";"Pleno dia";"Crescente";"Céu Claro";"Dupla";"Reta";"Sim";2;0;1;0;1;0;1;2;-23,41595855;-51,92226484;"SPRF-PR";"DEL09-PR";"UOP01-DEL09-PR"
294062;2020-07-07;"terça-feira";"12:00:00";"RO";364;700;"PORTO VELHO";"Desobediência às normas de trânsito pelo condutor";"Colisão transversal";"Com Vítimas Feridas";"Pleno dia";"Crescente";"Céu Claro";"Dupla";"Reta;Retorno Regulamentado";"Sim";2;0;0;1;1;0;1;2;-8,80023995;-63,79692078;"SPRF-RO";"DEL01-RO";"UOP01-DEL01-RO"
294063;2020-07-07;"terça-feira";"13:15:00";"SC";101;46,7;"JOINVILLE";"Desobediência às normas de trânsito pelo condutor";"Colisão traseira";"Sem Vítimas";"Pleno dia";"Crescente";"Nublado";"Dupla";"Reta";"Sim";2;0;0;0;2;0;0;2;-26,33150083;-48,86187762;"SPRF-SC";"DEL03-SC";"UOP01-DEL03-SC"
294065;2020-07-07;"terça-feira";"14:10:00";"RS";285;399;"SANTA BARBARA DO SUL";"Velocidade Incompatível";"Saída de leito carroçável";"Com Vítimas Feridas";"Pleno dia";"Crescente";"Chuva";"Simples";"Declive";"Não";1;0;1;0;0;0;1;1;-28,385458;-53,342712;"SPRF-RS";"DEL10-RS";"UOP02-DEL10-RS"
294067;2020-07-07;"terça-feira";"13:00:00";"PA";163;1003;"SANTAREM";"Não guardar distância de segurança";"Colisão lateral";"Com Vítimas Feridas";"Pleno dia";"Decrescente";"Céu Claro";"Dupla";"Reta";"Sim";3;0;1;0;2;0;1;2;-2,43850729;-54,73289967;"SPRF-PA";"DEL05-PA";"UOP01-DEL05-PA"
294068;2020-07-07;"terça-feira";"14:45:00";"SC";101;181;"BIGUACU";"Falta de Atenção à Condução";"Colisão traseira";"Com Vítimas Feridas";"Pleno dia";"Crescente";"Nublado";"Simples";"Reta";"Não";2;0;0;1;1;0;1;2;-27,38958699;-48,63197593;"SPRF-SC";"DEL01-SC";"UOP01-DEL01-SC"
294070;2020-07-07;"terça-feira";"14:30:00";"PR";376;594;"CURITIBA";"Falta de Atenção à Condução";"Capotamento";"Com Vítimas Feridas";"Pleno dia";"Decrescente";"Sol";"Dupla";"Aclive";"Sim";1;0;1;0;0;0;1;1;-25,48479613;-49,34730331;"SPRF-PR";"DEL01-PR";"UOP06-DEL01-PR"
294072;2020-07-07;"terça-feira";"15:30:00";"PE";101;68,8;"RECIFE";"Desobediência às normas de trânsito pelo condutor";"Colisão lateral";"Com Vítimas Feridas";"Pleno dia";"Decrescente";"Céu Claro";"Dupla";"Rotatória";"Sim";2;0;0;1;1;0;1;2;-8,05074296;-34,94580619;"SPRF-PE";"DEL01-PE";"UOP01-DEL01-PE"
294073;2020-07-07;"terça-feira";"15:30:00";"ES";101;292,1;"CARIACICA";"Falta de Atenção à Condução";"Colisão transversal";"Com Vítimas Feridas";"Pleno dia";"Crescente";"Sol";"Dupla";"Reta";"Não";4;0;1;0;3;0;1;2;-20,30650512;-40,39488717;"SPRF-ES";"DEL01-ES";"UOP01-DEL01-ES"
294076;2020-07-07;"terça-feira";"14:15:00";"RO";319;63,8;"PORTO VELHO";"Não guardar distância de segurança";"Colisão traseira";"Sem Vítimas";"Pleno dia";"Decrescente";"Céu Claro";"Dupla";"Interseção de Vias";"Sim";2;0;0;0;2;0;0;2;-8,766685;-63,884052;"SPRF-RO";"DEL01-RO";"UOP01-DEL01-RO"
294077;2020-07-07;"terça-feira";"14:40:00";"SC";101;406,7;"ARARANGUA";"Velocidade Incompatível";"Saída de leito carroçável";"Com Vítimas Feridas";"Pleno dia";"Decrescente";"Chuva";"Dupla";"Reta";"Não";2;0;2;0;0;0;2;1;-28,89284011;-49,46880088;"SPRF-SC";"DEL02-SC";"UOP02-DEL02-SC"
294079;2020-07-07;"terça-feira";"11:20:00";"MS";158;45,9;"PARANAIBA";"Falta de Atenção à Condução";"Saída de leito carroçável";"Com Vítimas Feridas";"Pleno dia";"Decrescente";"Céu Claro";"Simples";"Reta";"Não";2;0;1;0;1;0;1;1;-19,33804493;-51,44162617;"SPRF-MS";"DEL08-MS";"UOP01-DEL08-MS"
294082;2020-07-07;"terça-feira";"14:00:00";"RS";470;256;"SALVADOR DO SUL";"Falta de Atenção à Condução";"Colisão transversal";"Com Vítimas Feridas";"Pleno dia";"Crescente";"Chuva";"Simples";"Rotatória";"Sim";3;0;1;0;2;0;1;2;-29,42219027;-51,52057555;"SPRF-RS";"DEL06-RS";"UOP01-DEL06-RS"
294084;2020-07-07;"terça-feira";"16:25:00";"RS";386;351,6;"ESTRELA";"Pista Escorregadia";"Colisão com objeto estático";"Sem Vítimas";"Pleno dia";"Decrescente";"Chuva";"Dupla";"Reta";"Não";4;0;0;0;4;0;0;1;-29,483124;-51,954472;"SPRF-RS";"DEL04-RS";"UOP02-DEL04-RS"
294085;2020-07-07;"terça-feira";"16:00:00";"MS";267;236,3;"NOVA ALVORADA DO SUL";"Ingestão de Álcool";"Tombamento";"Com Vítimas Feridas";"Pleno dia";"Decrescente";"Céu Claro";"Simples";"Reta";"Não";1;0;1;0;0;0;1;1;-21,49897777;-54,26329884;"SPRF-MS";"DEL02-MS";"UOP01-DEL02-MS"
294086;2020-07-07;"terça-feira";"17:00:00";"ES";262;4,6;"CARIACICA";"Falta de Atenção à Condução";"Colisão lateral";"Com Vítimas Feridas";"Pleno dia";"Crescente";"Céu Claro";"Dupla";"Reta";"Sim";2;0;1;0;1;0;1;2;-20,33609327;-40,37812784;"SPRF-ES";"DEL01-ES";"UOP01-DEL01-ES"
294087;2020-07-07;"terça-feira";"16:30:00";"DF";20;16;"BRASILIA";"Ingestão de Álcool";"Colisão lateral";"Sem Vítimas";"Pleno dia";"Crescente";"Céu Claro";"Dupla";"Reta";"Sim";2;0;0;0;2;0;0;2;-15,62462802;-47,72297859;"SPRF-DF";"DEL02-DF";"UOP01-DEL02-DF"
294088;2020-07-07;"terça-feira";"16:30:00";"BA";116;473,9;"SANTO ESTEVAO";"Defeito Mecânico no Veículo";"Saída de leito carroçável";"Com Vítimas Feridas";"Pleno dia";"Decrescente";"Nublado";"Dupla";"Reta";"Não";3;0;2;0;1;0;2;1;-12,49909067;-39,34869591;"SPRF-BA";"DEL02-BA";"UOP01-DEL02-BA"
294092;2020-07-07;"terça-feira";"16:20:00";"PR";476;165,5;"ARAUCARIA";"Desobediência às normas de trânsito pelo condutor";"Queda de ocupante de veículo";"Com Vítimas Feridas";"Pleno dia";"Crescente";"Céu Claro";"Simples";"Reta";"Não";3;0;2;0;0;1;2;2;-25,643578;-49,472763;"SPRF-PR";"DEL01-PR";"UOP06-DEL01-PR"
294093;2020-07-07;"terça-feira";"17:35:00";"MG";40;552,5;"NOVA LIMA";"Falta de Atenção à Condução";"Colisão lateral";"Com Vítimas Feridas";"Pleno dia";"Crescente";"Céu Claro";"Dupla";"Reta";"Sim";2;0;1;0;1;0;1;2;-20,06084086;-43,97716423;"SPRF-MG";"DEL01-MG";"UOP02-DEL01-MG"
294094;2020-07-07;"terça-feira";"17:50:00";"GO";40;0,6;"VALPARAISO DE GOIAS";"Desobediência às normas de trânsito pelo condutor";"Atropelamento de Pedestre";"Com Vítimas Feridas";"Anoitecer";"Crescente";"Céu Claro";"Dupla";"Reta";"Sim";2;0;0;2;0;0;2;2;-16,05679421;-47,98262715;"SPRF-DF";"DEL01-DF";"UOP01-DEL01-DF"
294095;2020-07-07;"terça-feira";"17:39:00";"RS";116;259;"ESTEIO";"Desobediência às normas de trânsito pelo condutor";"Queda de ocupante de veículo";"Com Vítimas Feridas";"Anoitecer";"Decrescente";"Chuva";"Simples";"Reta";"Sim";1;0;1;0;0;0;1;1;-29,870408;-51,179909;"SPRF-RS";"DEL01-RS";"UOP02-DEL01-RS"
294097;2020-07-07;"terça-feira";"17:45:00";"ES";101;257,5;"SERRA";"Desobediência às normas de trânsito pelo condutor";"Colisão transversal";"Com Vítimas Feridas";"Anoitecer";"Decrescente";"Céu Claro";"Dupla";"Rotatória;Curva;Aclive";"Sim";2;0;1;0;1;0;1;2;-20,12455095;-40,30331881;"SPRF-ES";"DEL02-ES";"UOP01-DEL02-ES"
294100;2020-07-07;"terça-feira";"17:20:00";"PI";316;8;"TERESINA";"Não guardar distância de segurança";"Colisão traseira";"Sem Vítimas";"Amanhecer";"Crescente";"Céu Claro";"Simples";"Reta";"Sim";1;0;0;0;1;0;0;1;-5,16483402;-42,76899508;"SPRF-PI";"DEL01-PI";"UOP02-DEL01-PI"
294101;2020-07-07;"terça-feira";"18:25:00";"SC";101;75,8;"ARAQUARI";"Falta de Atenção do Pedestre";"Atropelamento de Pedestre";"Com Vítimas Feridas";"Plena Noite";"Crescente";"Ignorado";"Dupla";"Reta";"Não";2;0;0;1;1;0;1;2;-26,5519717;-48,71688324;"SPRF-SC";"DEL03-SC";"UOP02-DEL03-SC"
294102;2020-07-07;"terça-feira";"17:45:00";"RS";116;141;"CAXIAS DO SUL";"Falta de Atenção à Condução";"Colisão transversal";"Com Vítimas Feridas";"Plena Noite";"Crescente";"Chuva";"Simples";"Interseção de Vias";"Não";3;0;1;0;2;0;1;2;-29,10920112;-51,10955715;"SPRF-RS";"DEL05-RS";"UOP01-DEL05-RS"
294104;2020-07-07;"terça-feira";"14:45:00";"SC";282;563,9;"NOVA ERECHIM";"Ingestão de Álcool";"Colisão traseira";"Com Vítimas Feridas";"Pleno dia";"Decrescente";"Nublado";"Simples";"Reta";"Não";4;0;1;0;3;0;1;2;-26,902191;-52,868835;"SPRF-SC";"DEL07-SC";"UOP02-DEL07-SC"
294106;2020-07-07;"terça-feira";"18:00:00";"CE";116;16;"ITAITINGA";"Falta de Atenção à Condução";"Colisão transversal";"Com Vítimas Feridas";"Plena Noite";"Crescente";"Céu Claro";"Dupla";"Reta";"Sim";3;0;2;1;0;0;3;2;-3,88732794;-38,50185439;"SPRF-CE";"DEL01-CE";"UOP02-DEL01-CE"
294108;2020-07-07;"terça-feira";"18:45:00";"RS";101;77,9;"OSORIO";"Falta de Atenção à Condução";"Tombamento";"Com Vítimas Feridas";"Plena Noite";"Crescente";"Chuva";"Dupla";"Reta";"Não";1;0;0;1;0;0;1;1;-29,80280592;-50,23688813;"SPRF-RS";"DEL03-RS";"UOP01-DEL03-RS"
294118;2020-07-07;"terça-feira";"19:40:00";"PB";104;118,2;"LAGOA SECA";"Ultrapassagem Indevida";"Colisão frontal";"Com Vítimas Fatais";"Plena Noite";"Decrescente";"Céu Claro";"Simples";"Reta";"Não";2;1;0;0;1;0;0;2;-7,19637839;-35,87571339;"SPRF-PB";"DEL02-PB";"UOP04-DEL02-PB"
294120;2020-07-07;"terça-feira";"20:40:00";"BA";116;570;"BREJOES";"Falta de Atenção à Condução";"Tombamento";"Com Vítimas Feridas";"Plena Noite";"Decrescente";"Céu Claro";"Simples";"Reta";"Não";1;0;1;0;0;0;1;1;-13,00883474;-39,956981;"SPRF-BA";"DEL03-BA";"UOP02-DEL03-BA"
294121;2020-07-07;"terça-feira";"20:00:00";"SC";163;87,1;"GUARACIABA";"Objeto estático sobre o leito carroçável";"Tombamento";"Com Vítimas Feridas";"Plena Noite";"Decrescente";"Chuva";"Simples";"Reta;Em Obras;Declive";"Não";1;0;1;0;0;0;1;1;-26,57408893;-53,51207236;"SPRF-SC";"DEL07-SC";"UOP03-DEL07-SC"
294123;2020-07-07;"terça-feira";"17:40:00";"MG";251;428,3;"GRAO MOGOL";"Desobediência às normas de trânsito pelo pedestre";"Atropelamento de Pedestre";"Com Vítimas Feridas";"Anoitecer";"Decrescente";"Céu Claro";"Simples";"Reta";"Não";3;0;1;0;2;0;1;2;-16,34305409;-43,14477493;"SPRF-MG";"DEL12-MG";"UOP01-DEL12-MG"
294124;2020-07-07;"terça-feira";"20:50:00";"BA";324;625;"SALVADOR";"Falta de Atenção à Condução";"Queda de ocupante de veículo";"Com Vítimas Feridas";"Plena Noite";"Crescente";"Chuva";"Dupla";"Reta";"Sim";1;0;1;0;0;0;1;1;-12,94194706;-38,47081224;"SPRF-BA";"DEL01-BA";"UOP01-DEL01-BA"
294125;2020-07-07;"terça-feira";"20:45:00";"RO";429;342,8;"JI-PARANA";"Falta de Atenção à Condução";"Colisão com objeto estático";"Com Vítimas Feridas";"Plena Noite";"Decrescente";"Céu Claro";"Múltipla";"Reta;Declive";"Sim";2;0;0;2;0;0;2;1;-10,87959996;-61,94403118;"SPRF-RO";"DEL02-RO";"UOP03-DEL02-RO"
294126;2020-07-07;"terça-feira";"21:10:00";"SP";116;222;"GUARULHOS";"Defeito Mecânico no Veículo";"Queda de ocupante de veículo";"Com Vítimas Feridas";"Plena Noite";"Decrescente";"Céu Claro";"Dupla";"Reta";"Sim";2;0;1;0;1;0;1;1;-23,47093408;-46,51631097;"SPRF-SP";"DEL01-SP";"UOP01-DEL01-SP"
294127;2020-07-07;"terça-feira";"21:50:00";"SC";282;17,5;"PALHOCA";"Mal Súbito";"Saída de leito carroçável";"Com Vítimas Feridas";"Plena Noite";"Crescente";"Nublado";"Simples";"Reta";"Sim";3;0;2;0;1;0;2;1;-27,665707;-48,688065;"SPRF-SC";"DEL01-SC";"UOP02-DEL01-SC"
294128;2020-07-07;"terça-feira";"22:10:00";"PR";369;180,5;"ARAPONGAS";"Falta de Atenção à Condução";"Colisão com objeto estático";"Com Vítimas Fatais";"Plena Noite";"Decrescente";"Céu Claro";"Dupla";"Reta";"Não";3;1;0;2;0;0;2;1;-23,37377;-51,412664;"SPRF-PR";"DEL07-PR";"UOP03-DEL07-PR"
294129;2020-07-07;"terça-feira";"21:00:00";"RS";116;217;"MORRO REUTER";"Desobediência às normas de trânsito pelo condutor";"Colisão com objeto estático";"Sem Vítimas";"Plena Noite";"Crescente";"Chuva";"Simples";"Reta";"Não";1;0;0;0;1;0;0;1;-29,54396389;-51,08555876;"SPRF-RS";"DEL05-RS";"UOP02-DEL05-RS"
294130;2020-07-07;"terça-feira";"14:30:00";"BA";110;365;"CATU";"Avarias e/ou desgaste excessivo no pneu";"Queda de ocupante de veículo";"Com Vítimas Feridas";"Pleno dia";"Crescente";"Chuva";"Simples";"Reta";"Sim";2;0;1;0;1;0;1;2;-12,36659322;-38,38801135;"SPRF-BA";"DEL01-BA";"UOP04-DEL01-BA"
294131;2020-07-07;"terça-feira";"17:30:00";"RS";285;123;"VACARIA";"Desobediência às normas de trânsito pelo condutor";"Colisão transversal";"Com Vítimas Feridas";"Anoitecer";"Crescente";"Chuva";"Simples";"Reta";"Sim";4;0;2;0;2;0;2;2;-28,4956996;-50,95336676;"SPRF-RS";"DEL05-RS";"UOP03-DEL05-RS"
294132;2020-07-07;"terça-feira";"18:30:00";"MT";174;91;"CACERES";"Animais na Pista";"Atropelamento de Animal";"Com Vítimas Feridas";"Plena Noite";"Decrescente";"Céu Claro";"Simples";"Reta";"Não";2;0;2;0;0;0;2;1;-15,89916998;-57,81388698;"SPRF-MT";"DEL03-MT";"UOP01-DEL03-MT"
294134;2020-07-07;"terça-feira";"20:00:00";"RS";471;155;"SANTA CRUZ DO SUL";"Não guardar distância de segurança";"Colisão traseira";"Com Vítimas Feridas";"Plena Noite";"Crescente";"Chuva";"Simples";"Reta";"Não";2;0;1;0;1;0;1;2;-29,861187;-52,391479;"SPRF-RS";"DEL02-RS";"UOP03-DEL02-RS"
294136;2020-07-07;"terça-feira";"21:10:00";"PR";476;353,6;"UNIAO DA VITORIA";"Falta de Atenção à Condução";"Colisão lateral";"Sem Vítimas";"Plena Noite";"Crescente";"Céu Claro";"Simples";"Aclive";"Não";2;0;0;0;2;0;0;2;-26,198172;-51,002659;"SPRF-PR";"DEL02-PR";"UOP03-DEL02-PR"
294144;2020-07-07;"terça-feira";"22:00:00";"PE";232;538;"TERRA NOVA";"Velocidade Incompatível";"Saída de leito carroçável";"Com Vítimas Fatais";"Plena Noite";"Crescente";"Nublado";"Simples";"Reta";"Não";1;1;0;0;0;0;0;1;-8,08020865;-39,38680502;"SPRF-PE";"DEL05-PE";"UOP01-DEL05-PE"
294146;2020-07-08;"quarta-feira";"00:45:00";"RJ";116;167;"SAO JOAO DE MERITI";"Falta de Atenção à Condução";"Colisão lateral";"Com Vítimas Feridas";"Plena Noite";"Crescente";"Céu Claro";"Múltipla";"Reta";"Sim";2;0;1;0;1;0;1;2;-22,81803977;-43,30787252;"SPRF-RJ";"DEL01-RJ";"UOP01-DEL01-RJ"
294151;2020-07-07;"terça-feira";"15:20:00";"MA";316;556;"CAXIAS";"Ingestão de Álcool";"Atropelamento de Pedestre";"Com Vítimas Feridas";"Pleno dia";"Crescente";"Céu Claro";"Simples";"Aclive";"Não";2;0;1;1;0;0;2;2;-4,879539;-43,317741;"SPRF-MA";"DEL03-MA";"UOP02-DEL03-MA"
294154;2020-05-05;"terça-feira";"19:47:00";"RN";101;97,1;"NATAL";"Falta de Atenção à Condução";"Tombamento";"Com Vítimas Feridas";"Plena Noite";"Crescente";"Céu Claro";"Simples";"Reta";"Sim";2;0;0;1;0;1;1;2;-5,853028;-35,210991;"SPRF-RN";"DEL01-RN";"UOP01-DEL01-RN"
294156;2020-07-08;"quarta-feira";"05:20:00";"SP";116;230;"SAO PAULO";"Falta de Atenção do Pedestre";"Atropelamento de Pedestre";"Com Vítimas Feridas";"Amanhecer";"Crescente";"Céu Claro";"Múltipla";"Reta";"Sim";2;0;1;0;0;1;1;2;-23,52251783;-46,5855702;"SPRF-SP";"DEL01-SP";"UOP01-DEL01-SP"
294158;2020-07-08;"quarta-feira";"06:00:00";"BA";116;371;"LAMARAO";"Objeto estático sobre o leito carroçável";"Saída de leito carroçável";"Com Vítimas Feridas";"Pleno dia";"Decrescente";"Chuva";"Simples";"Reta";"Não";3;0;1;0;2;0;1;1;-11,770267;-38,985825;"SPRF-BA";"DEL02-BA";"UOP01-DEL02-BA"
294160;2020-07-08;"quarta-feira";"06:10:00";"PR";116;180,5;"CAMPO DO TENENTE";"Falta de Atenção à Condução";"Saída de leito carroçável";"Com Vítimas Feridas";"Amanhecer";"Decrescente";"Céu Claro";"Simples";"Reta";"Não";1;0;1;0;0;0;1;1;-25,9054246;-49,57265724;"SPRF-PR";"DEL01-PR";"UOP03-DEL01-PR"
294163;2020-07-08;"quarta-feira";"06:45:00";"SP";116;275;"TABOAO DA SERRA";"Desobediência às normas de trânsito pelo condutor";"Colisão lateral";"Com Vítimas Feridas";"Pleno dia";"Decrescente";"Céu Claro";"Dupla";"Reta";"Sim";2;0;1;0;1;0;1;2;-23,62065924;-46,81141376;"SPRF-SP";"DEL04-SP";"UOP01-DEL04-SP"
294164;2020-07-08;"quarta-feira";"07:20:00";"RN";406;161;"CEARA-MIRIM";"Não guardar distância de segurança";"Colisão traseira";"Com Vítimas Feridas";"Pleno dia";"Crescente";"Céu Claro";"Simples";"Aclive";"Não";2;0;1;0;1;0;1;2;-5,72093004;-35,36655305;"SPRF-RN";"DEL02-RN";"UOP01-DEL02-RN"
294165;2020-07-08;"quarta-feira";"06:50:00";"CE";20;430;"FORTALEZA";"Ingestão de Álcool";"Saída de leito carroçável";"Sem Vítimas";"Pleno dia";"Crescente";"Céu Claro";"Dupla";"Reta";"Sim";1;0;0;0;1;0;0;1;-3,76999035;-38,67006282;"SPRF-CE";"DEL01-CE";"UOP02-DEL01-CE"
294167;2020-04-13;"segunda-feira";"18:10:00";"PE";232;254;"ARCOVERDE";"Animais na Pista";"Atropelamento de Animal";"Com Vítimas Feridas";"Plena Noite";"Decrescente";"Ignorado";"Simples";"Reta";"Sim";1;0;1;0;0;0;1;1;-8,41875994;-37,07859892;"SPRF-PE";"DEL03-PE";"UOP02-DEL03-PE"