"id";"data_inversa";"dia_semana";"horario";"uf";"br";"km";"municipio";"causa_acidente";"tipo_acidente";"classificacao_acidente";"fase_dia";"sentido_via";"condicao_metereologica";"tipo_pista";"tracado_via";"uso_solo";"pessoas";"mortos";"feridos_leves";"feridos_graves";"ilesos";"ignorados";"feridos";"veiculos";"latitude";"longitude";"regional";"delegacia";"uop"
294168;2020-07-08;"quarta-feira";"06:50:00";"SP";116;216;"GUARULHOS";"Desobediência às normas de trânsito pelo condutor";"Atropelamento de Pedestre";"Com Vítimas Feridas";"Amanhecer";"Decrescente";"Céu Claro";"Múltipla";"Reta";"Sim";2;0;0;1;0;1;1;2;-23,45056589;-46,46258105;"SPRF-SP";"DEL01-SP";"UOP01-DEL01-SP"
294171;2020-07-08;"quarta-feira";"07:15:00";"DF";20;38,6;"BRASILIA";"Falta de Atenção à Condução";"Saída de leito carroçável";"Com Vítimas Feridas";"Amanhecer";"Crescente";"Céu Claro";"Dupla";"Interseção de Vias";"Sim";1;0;1;0;0;0;1;1;-15,581634;-47,531307;"SPRF-DF";"DEL02-DF";"UOP01-DEL02-DF"
294172;2020-07-08;"quarta-feira";"07:00:00";"PR";376;191,4;"PONTA GROSSA";"Falta de Atenção à Condução";"Saída de leito carroçável";"Com Vítimas Feridas";"Pleno dia";"Crescente";"Céu Claro";"Dupla";"Interseção de Vias";"Não";1;0;0;1;0;0;1;1;-25,1105;-50,1896;"SPRF-PR";"DEL09-PR";"UOP01-DEL09-PR"
294173;2020-07-08;"quarta-feira";"07:40:00";"ES";101;264,2;"SERRA";"Desobediência às normas de trânsito pelo condutor";"Colisão transversal";"Com Vítimas Feridas";"Pleno dia";"Crescente";"Céu Claro";"Múltipla";"Interseção de Vias;Reta;Retorno Regulamentado";"Sim";2;0;1;0;0;1;1;2;-20,17292791;-40,26736384;"SPRF-ES";"DEL02-ES";"UOP01-DEL02-ES"
294174;2020-07-08;"quarta-feira";"07:50:00";"SP";116;218,9;"GUARULHOS";"Não guardar distância de segurança";"Colisão lateral";"Com Vítimas Feridas";"Pleno dia";"Crescente";"Sol";"Múltipla";"Reta";"Sim";4;0;0;1;2;1;1;4;-23,457972;-46,479927;"SPRF-SP";"DEL01-SP";"UOP01-DEL01-SP"
294176;2020-07-08;"quarta-feira";"07:50:00";"RJ";393;285;"VOLTA REDONDA";"Condutor Dormindo";"Atropelamento de Pedestre";"Com Vítimas Feridas";"Pleno dia";"Crescente";"Céu Claro";"Dupla";"Curva";"Sim";2;0;0;1;1;0;1;2;-22,481726;-44,06308602;"SPRF-RJ";"DEL05-RJ";"UOP04-DEL05-RJ"
294177;2020-07-08;"quarta-feira";"07:25:00";"CE";222;3,5;"CAUCAIA";"Falta de Atenção à Condução";"Colisão traseira";"Com Vítimas Feridas";"Pleno dia";"Decrescente";"Sol";"Dupla";"Reta";"Sim";2;0;2;0;0;0;2;2;-3,736507;-38,65337;"SPRF-CE";"DEL01-CE";"UOP01-DEL01-CE"
294180;2020-07-08;"quarta-feira";"07:10:00";"RN";226;4;"NATAL";"Desobediência às normas de trânsito pelo condutor";"Colisão lateral";"Com Vítimas Feridas";"Pleno dia";"Decrescente";"Sol";"Simples";"Reta";"Sim";2;0;1;0;1;0;1;2;-5,81958019;-35,25969486;"SPRF-RN";"DEL01-RN";"UOP02-DEL01-RN"
294184;2020-07-08;"quarta-feira";"07:49:00";"MG";50;179;"UBERABA";"Falta de Atenção à Condução";"Colisão traseira";"Com Vítimas Feridas";"Pleno dia";"Crescente";"Céu Claro";"Dupla";"Reta";"Sim";4;0;2;0;2;0;2;3;-19,77827047;-47,93140998;"SPRF-MG";"DEL13-MG";"UOP01-DEL13-MG"
294186;2020-05-15;"sexta-feira";"22:25:00";"SP";153;193,9;"GETULINA";"Ultrapassagem Indevida";"Saída de leito carroçável";"Com Vítimas Feridas";"Plena Noite";"Crescente";"Céu Claro";"Simples";"Reta;Aclive";"Não";3;0;1;0;1;1;1;2;-21,7628482;-49,87937079;"SPRF-SP";"DEL07-SP";"UOP01-DEL07-SP"
294187;2020-07-08;"quarta-feira";"06:30:00";"ES";101;433,8;"ATILIO VIVACQUA";"Ingestão de Álcool";"Colisão com objeto estático";"Com Vítimas Feridas";"Amanhecer";"Crescente";"Nevoeiro/Neblina";"Simples";"Reta";"Não";1;0;1;0;0;0;1;1;-21,04218499;-41,18389907;"SPRF-ES";"DEL03-ES";"UOP02-DEL03-ES"
294189;2020-07-04;"sábado";"20:10:00";"BA";116;672;"JEQUIE";"Não guardar distância de segurança";"Colisão traseira";"Sem Vítimas";"Plena Noite";"Crescente";"Céu Claro";"Simples";"Reta";"Sim";2;0;0;0;2;0;0;2;-13,79970305;-40,11130458;"SPRF-BA";"DEL03-BA";"UOP01-DEL03-BA"
294190;2020-07-08;"quarta-feira";"09:15:00";"PR";376;3;"APUCARANA";"Restrição de Visibilidade";"Colisão transversal";"Com Vítimas Feridas";"Pleno dia";"Decrescente";"Sol";"Simples";"Reta";"Sim";2;0;1;0;1;0;1;2;-23,55729448;-51,44190123;"SPRF-PR";"DEL07-PR";"UOP03-DEL07-PR"
294195;2020-07-08;"quarta-feira";"09:15:00";"SC";101;402,5;"MARACAJA";"Falta de Atenção à Condução";"Colisão com objeto estático";"Com Vítimas Feridas";"Pleno dia";"Crescente";"Nublado";"Dupla";"Reta";"Não";4;0;3;0;1;0;3;1;-28,86330994;-49,44595308;"SPRF-SC";"DEL02-SC";"UOP02-DEL02-SC"
294196;2020-07-08;"quarta-feira";"08:40:00";"RO";364;224,6;"CACOAL";"Desobediência às normas de trânsito pelo condutor";"Colisão transversal";"Com Vítimas Feridas";"Pleno dia";"Decrescente";"Céu Claro";"Simples";"Reta";"Sim";3;0;2;0;1;0;2;2;-11,51492614;-61,3539081;"SPRF-RO";"DEL02-RO";"UOP02-DEL02-RO"
294199;2020-07-08;"quarta-feira";"10:15:00";"SP";153;61,8;"SAO JOSE DO RIO PRETO";"Pista Escorregadia";"Tombamento";"Com Vítimas Feridas";"Pleno dia";"Crescente";"Céu Claro";"Dupla";"Reta";"Sim";1;0;1;0;0;0;1;1;-20,81152328;-49,3567872;"SPRF-SP";"DEL09-SP";"UOP01-DEL09-SP"
294207;2020-07-08;"quarta-feira";"10:30:00";"PR";116;118;"CURITIBA";"Falta de Atenção à Condução";"Colisão lateral";"Sem Vítimas";"Pleno dia";"Decrescente";"Céu Claro";"Dupla";"Retorno Regulamentado";"Não";2;0;0;0;2;0;0;2;-25,57557773;-49,31185668;"SPRF-PR";"DEL01-PR";"UOP03-DEL01-PR"
294208;2020-07-08;"quarta-feira";"11:30:00";"ES";101;149;"LINHARES";"Desobediência às normas de trânsito pelo condutor";"Colisão transversal";"Com Vítimas Feridas";"Pleno dia";"Decrescente";"Céu Claro";"Dupla";"Interseção de Vias";"Sim";2;0;0;1;1;0;1;2;-19,39890394;-40,0627369;"SPRF-ES";"DEL04-ES";"UOP01-DEL04-ES"
294209;2020-07-08;"quarta-feira";"11:40:00";"PB";101;93,8;"JOAO PESSOA";"Ingestão de Álcool";"Colisão com objeto estático";"Com Vítimas Feridas";"Pleno dia";"Decrescente";"Céu Claro";"Dupla";"Reta";"Não";1;0;0;1;0;0;1;1;-7,205825;-34,90879;"SPRF-PB";"DEL01-PB";"UOP02-DEL01-PB"
294210;2020-07-04;"sábado";"20:45:00";"BA";324;289;"JACOBINA";"Defeito na Via";"Colisão traseira";"Com Vítimas Feridas";"Plena Noite";"Decrescente";"Céu Claro";"Simples";"Reta";"Não";3;0;2;0;1;0;2;2;-11,15905467;-40,55851983;"SPRF-BA";"DEL04-BA";"UOP02-DEL04-BA"
294211;2020-07-08;"quarta-feira";"10:15:00";"ES";482;90,7;"ALEGRE";"Falta de Atenção à Condução";"Colisão com objeto estático";"Com Vítimas Feridas";"Pleno dia";"Crescente";"Céu Claro";"Simples";"Curva";"Não";1;0;1;0;0;0;1;1;-20,76062426;-41,56211411;"SPRF-ES";"DEL03-ES";"UOP02-DEL03-ES"
294212;2020-07-08;"quarta-feira";"11:30:00";"MG";381;505,8;"BETIM";"Falta de Atenção à Condução";"Colisão com objeto estático";"Com Vítimas Fatais";"Pleno dia";"Decrescente";"Céu Claro";"Dupla";"Aclive";"Não";2;1;0;0;1;0;0;2;-20,04478441;-44,27276484;"SPRF-MG";"DEL01-MG";"UOP03-DEL01-MG"
294213;2020-07-08;"quarta-feira";"12:10:00";"PR";116;106;"SAO JOSE DOS PINHAIS";"Velocidade Incompatível";"Saída de leito carroçável";"Com Vítimas Feridas";"Pleno dia";"Decrescente";"Nublado";"Dupla";"Reta;Declive";"Não";1;0;1;0;0;0;1;1;-25,56830653;-49,17799791;"SPRF-PR";"DEL01-PR";"UOP06-DEL01-PR"
294214;2020-07-08;"quarta-feira";"12:15:00";"PE";232;145,4;"SAO CAITANO";"Falta de Atenção à Condução";"Colisão traseira";"Com Vítimas Feridas";"Pleno dia";"Decrescente";"Chuva";"Dupla";"Reta";"Sim";3;0;1;0;2;0;1;3;-8,33045651;-36,12432361;"SPRF-PE";"DEL02-PE";"UOP03-DEL02-PE"
294215;2020-07-08;"quarta-feira";"12:55:00";"CE";20;306;"CANINDE";"Desobediência às normas de trânsito pelo condutor";"Colisão transversal";"Com Vítimas Fatais";"Pleno dia";"Decrescente";"Céu Claro";"Simples";"Reta";"Sim";5;1;0;1;3;0;1;2;-4,363203;-39,302259;"SPRF-CE";"DEL02-CE";"UOP01-DEL02-CE"
294216;2020-07-08;"quarta-feira";"12:50:00";"SP";116;158;"JACAREI";"Mal Súbito";"Colisão traseira";"Com Vítimas Feridas";"Pleno dia";"Crescente";"Céu Claro";"Dupla";"Reta";"Sim";2;0;0;1;1;0;1;2;-23,26072137;-45,95179176;"SPRF-SP";"DEL02-SP";"UOP01-DEL02-SP"
294217;2020-07-08;"quarta-feira";"12:30:00";"RJ";40;104;"DUQUE DE CAXIAS";"Falta de Atenção à Condução";"Colisão transversal";"Com Vítimas Feridas";"Pleno dia";"Decrescente";"Céu Claro";"Múltipla";"Reta;Viaduto;Declive";"Sim";2;0;1;0;1;0;1;2;-22,63300312;-43,28501794;"SPRF-RJ";"DEL01-RJ";"UOP01-DEL01-RJ"
294218;2020-07-08;"quarta-feira";"12:15:00";"SE";235;105;"CARIRA";"Desobediência às normas de trânsito pelo condutor";"Colisão transversal";"Com Vítimas Feridas";"Pleno dia";"Crescente";"Céu Claro";"Simples";"Reta";"Não";3;0;1;1;1;0;2;2;-10,374729;-37,686367;"SPRF-SE";"DEL01-SE";"UOP02-DEL01-SE"
294219;2020-07-08;"quarta-feira";"12:45:00";"AL";101;77;"RIO LARGO";"Desobediência às normas de trânsito pelo condutor";"Colisão com objeto estático";"Com Vítimas Feridas";"Pleno dia";"Decrescente";"Céu Claro";"Dupla";"Reta";"Não";2;0;1;0;1;0;1;2;-9,42231892;-35,83907761;"SPRF-AL";"DEL01-AL";"UOP01-DEL01-AL"
294220;2020-07-08;"quarta-feira";"11:59:00";"SC";470;67;"INDAIAL";"Desobediência às normas de trânsito pelo condutor";"Colisão transversal";"Com Vítimas Feridas";"Pleno dia";"Decrescente";"Céu Claro";"Simples";"Interseção de Vias";"Não";2;0;1;0;1;0;1;2;-26,872158;-49,23127;"SPRF-SC";"DEL04-SC";"UOP01-DEL04-SC"
294221;2020-07-08;"quarta-feira";"10:40:00";"PA";10;310,4;"IRITUIA";"Falta de Atenção à Condução";"Atropelamento de Pedestre";"Com Vítimas Feridas";"Pleno dia";"Crescente";"Sol";"Simples";"Aclive";"Sim";2;0;1;0;0;1;1;2;-1,720385;-47,50282289;"SPRF-PA";"DEL01-PA";"UOP02-DEL01-PA"
294224;2020-05-03;"domingo";"21:30:00";"PI";316;43;"LAGOA DO PIAUI";"Animais na Pista";"Atropelamento de Animal";"Com Vítimas Feridas";"Plena Noite";"Decrescente";"Nublado";"Simples";"Reta";"Não";1;0;0;1;0;0;1;1;-5,42838588;-42,6368727;"SPRF-PI";"DEL01-PI";"UOP02-DEL01-PI"
294225;2020-06-04;"quinta-feira";"22:49:00";"BA";418;104,5;"NOVA VICOSA";"Falta de Atenção à Condução";"Queda de ocupante de veículo";"Com Vítimas Feridas";"Plena Noite";"Decrescente";"Ignorado";"Simples";"Reta";"Não";1;0;1;0;0;0;1;1;-17,90001493;-40,00911713;"SPRF-BA";"DEL09-BA";"UOP02-DEL09-BA"
294229;2020-07-08;"quarta-feira";"13:10:00";"MG";381;382,8;"SAO GONCALO DO RIO ABAIXO";"Falta de Atenção à Condução";"Colisão transversal";"Com Vítimas Feridas";"Pleno dia";"Crescente";"Sol";"Simples";"Reta";"Não";2;0;0;1;1;0;1;2;-19,81468814;-43,39749222;"SPRF-MG";"DEL01-MG";"UOP01-DEL01-MG"
294232;2020-07-08;"quarta-feira";"14:55:00";"SP";101;49;"UBATUBA";"Falta de Atenção à Condução";"Colisão traseira";"Com Vítimas Feridas";"Pleno dia";"Crescente";"Céu Claro";"Simples";"Reta";"Sim";2;0;1;0;1;0;1;2;-23,44410908;-45,08375708;"SPRF-SP";"DEL06-SP";"UOP01-DEL06-SP"
294233;2020-07-08;"quarta-feira";"15:10:00";"RS";116;268;"PORTO ALEGRE";"Defeito Mecânico no Veículo";"Tombamento";"Com Vítimas Feridas";"Pleno dia";"Crescente";"Céu Claro";"Múltipla";"Reta";"Sim";1;0;1;0;0;0;1;1;-29,95042502;-51,17652939;"SPRF-RS";"DEL01-RS";"UOP01-DEL01-RS"
294235;2020-07-08;"quarta-feira";"14:00:00";"RO";364;696;"PORTO VELHO";"Avarias e/ou desgaste excessivo no pneu";"Tombamento";"Com Vítimas Feridas";"Pleno dia";"Crescente";"Céu Claro";"Dupla";"Reta";"Não";2;0;2;0;0;0;2;1;-8,8004838;-63,73423219;"SPRF-RO";"DEL01-RO";"UOP01-DEL01-RO"
294236;2020-07-08;"quarta-feira";"14:50:00";"PI";230;152,2;"DOM EXPEDITO LOPES";"Velocidade Incompatível";"Tombamento";"Com Vítimas Feridas";"Pleno dia";"Crescente";"Céu Claro";"Simples";"Reta";"Sim";1;0;0;1;0;0;1;1;-6,94163557;-41,74444199;"SPRF-PI";"DEL04-PI";"UOP01-DEL04-PI"
294237;2020-07-08;"quarta-feira";"15:15:00";"PR";116;53;"CAMPINA GRANDE DO SUL";"Falta de Atenção à Condução";"Colisão lateral";"Sem Vítimas";"Pleno dia";"Decrescente";"Nublado";"Dupla";"Reta";"Não";7;0;0;0;7;0;0;2;-25,25695209;-48,91330764;"SPRF-PR";"DEL01-PR";"UOP02-DEL01-PR"
294238;2020-07-05;"domingo";"01:25:00";"SC";101;211,2;"PALHOCA";"Ingestão de álcool e/ou substâncias psicoativas pelo pedestre";"Colisão traseira";"Sem Vítimas";"Plena Noite";"Crescente";"Céu Claro";"Múltipla";"Reta";"Não";2;0;0;0;2;0;0;2;-27,62329313;-48,65245588;"SPRF-SC";"DEL01-SC";"UOP02-DEL01-SC"
294240;2020-07-08;"quarta-feira";"14:30:00";"PE";424;68;"CAETES";"Desobediência às normas de trânsito pelo condutor";"Queda de ocupante de veículo";"Com Vítimas Feridas";"Pleno dia";"Crescente";"Sol";"Simples";"Reta";"Sim";1;0;0;1;0;0;1;1;-8,76884574;-36,63537082;"SPRF-PE";"DEL03-PE";"UOP01-DEL03-PE"
294241;2020-07-08;"quarta-feira";"14:00:00";"PA";316;33;"SANTA IZABEL DO PARA";"Defeito Mecânico no Veículo";"Saída de leito carroçável";"Com Vítimas Feridas";"Pleno dia";"Crescente";"Céu Claro";"Dupla";"Reta";"Não";3;0;3;0;0;0;3;1;-1,29877612;-48,18005497;"SPRF-PA";"DEL01-PA";"UOP01-DEL01-PA"
294243;2020-07-08;"quarta-feira";"14:30:00";"MG";40;517,8;"RIBEIRAO DAS NEVES";"Falta de Atenção do Pedestre";"Atropelamento de Pedestre";"Com Vítimas Feridas";"Pleno dia";"Decrescente";"Céu Claro";"Dupla";"Reta";"Sim";2;0;0;1;1;0;1;2;-19,83229817;-44,08197641;"SPRF-MG";"DEL01-MG";"UOP02-DEL01-MG"
294244;2020-07-08;"quarta-feira";"13:15:00";"MG";262;439;"NOVA SERRANA";"Defeito Mecânico no Veículo";"Queda de ocupante de veículo";"Com Vítimas Feridas";"Pleno dia";"Crescente";"Sol";"Dupla";"Reta";"Não";2;0;1;1;0;0;2;1;-19,89197285;-44,88685183;"SPRF-MG";"DEL08-MG";"UOP03-DEL08-MG"
294245;2020-07-08;"quarta-feira";"16:40:00";"SP";116;154;"SAO JOSE DOS CAMPOS";"Falta de Atenção à Condução";"Colisão lateral";"Com Vítimas Feridas";"Pleno dia";"Decrescente";"Céu Claro";"Dupla";"Reta";"Sim";3;0;2;0;0;1;2;2;-23,23903999;-45,92061901;"SPRF-SP";"DEL02-SP";"UOP01-DEL02-SP"
294246;2020-07-08;"quarta-feira";"16:55:00";"ES";101;298;"VIANA";"Falta de Atenção à Condução";"Colisão traseira";"Com Vítimas Feridas";"Anoitecer";"Decrescente";"Céu Claro";"Múltipla";"Reta";"Sim";2;0;2;0;0;0;2;2;-20,35374444;-40,4156433;"SPRF-ES";"DEL01-ES";"UOP01-DEL01-ES"
294247;2020-07-08;"quarta-feira";"16:15:00";"RN";101;104,1;"PARNAMIRIM";"Falta de Atenção à Condução";"Colisão lateral";"Com Vítimas Feridas";"Pleno dia";"Decrescente";"Céu Claro";"Dupla";"Curva";"Sim";2;0;2;0;0;0;2;2;-5,892745;-35,257225;"SPRF-RN";"DEL01-RN";"UOP01-DEL01-RN"
294248;2020-07-08;"quarta-feira";"16:10:00";"RJ";393;255;"BARRA DO PIRAI";"Desobediência às normas de trânsito pelo condutor";"Colisão lateral";"Com Vítimas Feridas";"Pleno dia";"Crescente";"Céu Claro";"Dupla";"Reta";"Sim";3;0;1;0;1;1;1;3;-22,45649747;-43,83927941;"SPRF-RJ";"DEL05-RJ";"UOP04-DEL05-RJ"
294249;2020-07-08;"quarta-feira";"17:10:00";"SC";470;64;"INDAIAL";"Desobediência às normas de trânsito pelo condutor";"Colisão transversal";"Com Vítimas Feridas";"Pleno dia";"Decrescente";"Nublado";"Simples";"Reta";"Não";2;0;0;1;1;0;1;2;-26,86966434;-49,20409441;"SPRF-SC";"DEL04-SC";"UOP01-DEL04-SC"
294250;2020-07-08;"quarta-feira";"17:05:00";"CE";20;201,8;"BOA VIAGEM";"Animais na Pista";"Atropelamento de Animal";"Com Vítimas Feridas";"Pleno dia";"Decrescente";"Céu Claro";"Simples";"Aclive;Reta";"Sim";1;0;0;1;0;0;1;1;-5,1446792062;-39,7435847061;"SPRF-CE";"DEL02-CE";"UOP02-DEL02-CE"
294253;2020-07-08;"quarta-feira";"15:30:00";"MT";364;454;"VARZEA GRANDE";"Falta de Atenção à Condução";"Saída de leito carroçável";"Com Vítimas Feridas";"Pleno dia";"Decrescente";"Céu Claro";"Simples";"Reta";"Não";4;0;1;0;3;0;1;1;-15,57126241;-56,25105218;"SPRF-MT";"DEL01-MT";"UOP02-DEL01-MT"
294254;2020-07-08;"quarta-feira";"17:10:00";"RS";116;254;"ESTEIO";"Defeito Mecânico no Veículo";"Tombamento";"Com Vítimas Feridas";"Pleno dia";"Decrescente";"Nublado";"Dupla";"Reta";"Sim";2;0;1;1;0;0;2;1;-29,83121011;-51,17374916;"SPRF-RS";"DEL01-RS";"UOP02-DEL01-RS"
294255;2020-07-08;"quarta-feira";"08:00:00";"SC";153;9,3;"AGUA DOCE";"Falta de Atenção à Condução";"Capotamento";"Com Vítimas Feridas";"Pleno dia";"Decrescente";"Garoa/Chuvisco";"Simples";"Reta";"Não";1;0;1;0;0;0;1;1;-26,66326;-51,544334;"SPRF-SC";"DEL07-SC";"UOP05-DEL07-SC"
294257;2020-07-08;"quarta-feira";"17:15:00";"PR";376;217;"JANDAIA DO SUL";"Falta de Atenção à Condução";"Queda de ocupante de veículo";"Com Vítimas Feridas";"Anoitecer";"Crescente";"Garoa/Chuvisco";"Simples";"Reta";"Sim";1;0;1;0;0;0;1;1;-23,5978436;-51,62416462;"SPRF-PR";"DEL07-PR";"UOP03-DEL07-PR"
294258;2020-07-08;"quarta-feira";"13:30:00";"RJ";356;84;"CARDOSO MOREIRA";"Velocidade Incompatível";"Saída de leito carroçável";"Com Vítimas Feridas";"Pleno dia";"Decrescente";"Céu Claro";"Simples";"Curva";"Não";1;0;1;0;0;0;1;1;-21,4795004;-41,65646512;"SPRF-RJ";"DEL08-RJ";"UOP03-DEL08-RJ"
294259;2020-07-08;"quarta-feira";"17:26:00";"PE";101;64;"RECIFE";"Não guardar distância de segurança";"Colisão traseira";"Com Vítimas Feridas";"Anoitecer";"Crescente";"Céu Claro";"Dupla";"Reta";"Sim";2;0;1;0;1;0;1;2;-8,0162921;-34,94045886;"SPRF-PE";"DEL01-PE";"UOP01-DEL01-PE"
294263;2020-07-08;"quarta-feira";"18:10:00";"MG";365;612,9;"UBERLANDIA";"Falta de Atenção à Condução";"Colisão lateral";"Com Vítimas Feridas";"Plena Noite";"Decrescente";"Céu Claro";"Simples";"Reta";"Sim";3;0;1;0;2;0;1;3;-18,91861371;-48,20919335;"SPRF-MG";"DEL15-MG";"UOP01-DEL15-MG"
294264;2020-07-08;"quarta-feira";"18:00:00";"AP";210;1;"MACAPA";"Falta de Atenção à Condução";"Colisão lateral";"Com Vítimas Feridas";"Pleno dia";"Decrescente";"Céu Claro";"Dupla";"Retorno Regulamentado";"Sim";3;0;3;0;0;0;3;2;0,07901199;-51,0720188;"SPRF-AP";"DEL01-AP";"UOP01-DEL01-AP"
294265;2020-07-08;"quarta-feira";"18:00:00";"RJ";40;122,9;"DUQUE DE CAXIAS";"Falta de Atenção à Condução";"Queda de ocupante de veículo";"Com Vítimas Feridas";"Anoitecer";"Decrescente";"Céu Claro";"Dupla";"Curva";"Não";1;0;1;0;0;0;1;1;-22,79083113;-43,28611569;"SPRF-RJ";"DEL01-RJ";"UOP01-DEL01-RJ"
294266;2020-07-08;"quarta-feira";"16:00:00";"GO";20;30;"FORMOSA";"Pista Escorregadia";"Capotamento";"Com Vítimas Feridas";"Pleno dia";"Crescente";"Céu Claro";"Simples";"Reta";"Não";1;0;1;0;0;0;1;1;-15,498156;-47,109814;"SPRF-DF";"DEL02-DF";"UOP01-DEL02-DF"
294267;2020-07-08;"quarta-feira";"17:05:00";"PR";369;391,1;"MAMBORE";"Falta de Atenção à Condução";"Queda de ocupante de veículo";"Com Vítimas Feridas";"Pleno dia";"Crescente";"Nublado";"Simples";"Interseção de Vias";"Não";1;0;1;0;0;0;1;1;-24,28204911;-52,54589081;"SPRF-PR";"DEL04-PR";"UOP03-DEL04-PR"
294268;2020-07-08;"quarta-feira";"18:30:00";"RS";285;455,2;"IJUI";"Não guardar distância de segurança";"Colisão traseira";"Com Vítimas Feridas";"Plena Noite";"Crescente";"Nublado";"Simples";"Reta";"Sim";2;0;1;0;1;0;1;2;-28,380919;-53,879509;"SPRF-RS";"DEL10-RS";"UOP01-DEL10-RS"
294269;2020-07-08;"quarta-feira";"17:30:00";"RO";364;346,4;"JI-PARANA";"Falta de Atenção à Condução";"Colisão transversal";"Com Vítimas Feridas";"Pleno dia";"Crescente";"Céu Claro";"Dupla";"Reta";"Sim";2;0;1;0;1;0;1;2;-10,865874;-61,968647;"SPRF-RO";"DEL02-RO";"UOP01-DEL02-RO"
294270;2020-07-08;"quarta-feira";"18:00:00";"RS";116;394,5;"CAMAQUA";"Falta de Atenção à Condução";"Colisão traseira";"Com Vítimas Feridas";"Anoitecer";"Decrescente";"Chuva";"Dupla";"Retorno Regulamentado";"Sim";3;0;1;0;2;0;1;2;-30,84497914;-51,75687894;"SPRF-RS";"DEL02-RS";"UOP02-DEL02-RS"
294273;2020-07-08;"quarta-feira";"18:30:00";"GO";50;250,5;"CATALAO";"Falta de Atenção à Condução";"Queda de ocupante de veículo";"Com Vítimas Feridas";"Plena Noite";"Decrescente";"Céu Claro";"Dupla";"Reta";"Não";3;0;0;1;0;2;1;2;-17,9676;-47,7962;"SPRF-GO";"DEL06-GO";"UOP01-DEL06-GO"
294274;2020-07-08;"quarta-feira";"18:10:00";"PR";476;115;"COLOMBO";"Desobediência às normas de trânsito pelo condutor";"Colisão transversal";"Sem Vítimas";"Plena Noite";"Crescente";"Céu Claro";"Simples";"Rotatória";"Não";4;0;0;0;4;0;0;3;-25,344196;-49,159679;"SPRF-PR";"DEL01-PR";"UOP07-DEL01-PR"
294277;2020-07-08;"quarta-feira";"18:45:00";"RN";101;77;"NATAL";"Falta de Atenção à Condução";"Colisão transversal";"Com Vítimas Feridas";"Plena Noite";"Decrescente";"Céu Claro";"Dupla";"Interseção de Vias";"Sim";2;0;1;0;0;1;1;2;-5,73180495;-35,29112135;"SPRF-RN";"DEL02-RN";"UOP01-DEL02-RN"
294278;2020-07-08;"quarta-feira";"18:35:00";"RS";158;151,6;"PANAMBI";"Desobediência às normas de trânsito pelo condutor";"Colisão transversal";"Sem Vítimas";"Plena Noite";"Crescente";"Garoa/Chuvisco";"Simples";"Reta";"Sim";2;0;0;0;2;0;0;2;-28,2892110953;-53,4852202674;"SPRF-RS";"DEL10-RS";"UOP02-DEL10-RS"
294279;2020-07-08;"quarta-feira";"18:30:00";"GO";153;491,1;"GOIANIA";"Falta de Atenção à Condução";"Colisão traseira";"Com Vítimas Feridas";"Anoitecer";"Crescente";"Sol";"Dupla";"Reta";"Sim";2;0;1;0;1;0;1;2;-16,639;-49,2063;"SPRF-GO";"DEL01-GO";"UOP01-DEL01-GO"
294280;2020-07-08;"quarta-feira";"20:00:00";"RS";290;51;"GLORINHA";"Falta de Atenção à Condução";"Colisão traseira";"Com Vítimas Feridas";"Plena Noite";"Crescente";"Céu Claro";"Dupla";"Reta";"Não";3;0;1;1;1;0;2;2;-29,909935;-50,767315;"SPRF-RS";"DEL03-RS";"UOP01-DEL03-RS"
294281;2020-07-08;"quarta-feira";"19:15:00";"RS";290;132,3;"ELDORADO DO SUL";"Falta de Atenção à Condução";"Colisão com objeto estático";"Com Vítimas Feridas";"Plena Noite";"Crescente";"Garoa/Chuvisco";"Simples";"Reta";"Não";1;0;1;0;0;0;1;1;-30,061724;-51,530876;"SPRF-RS";"DEL02-RS";"UOP01-DEL02-RS"
294283;2020-07-08;"quarta-feira";"14:20:00";"PA";316;62,5;"CASTANHAL";"Desobediência às normas de trânsito pelo condutor";"Colisão transversal";"Com Vítimas Feridas";"Pleno dia";"Decrescente";"Céu Claro";"Dupla";"Interseção de Vias";"Sim";2;0;1;0;1;0;1;2;-1,29786885;-47,93764104;"SPRF-PA";"DEL01-PA";"UOP01-DEL01-PA"
294284;2020-07-08;"quarta-feira";"18:20:00";"RJ";356;135;"CAMPOS DOS GOYTACAZES";"Animais na Pista";"Atropelamento de Animal";"Com Vítimas Feridas";"Plena Noite";"Decrescente";"Céu Claro";"Simples";"Reta";"Não";2;0;1;0;1;0;1;1;-21,73467416;-41,34288121;"SPRF-RJ";"DEL08-RJ";"UOP01-DEL08-RJ"
294285;2020-07-08;"quarta-feira";"19:00:00";"RR";174;506;"BOA VISTA";"Desobediência às normas de trânsito pelo condutor";"Colisão transversal";"Com Vítimas Feridas";"Plena Noite";"Crescente";"Céu Claro";"Múltipla";"Interseção de Vias";"Sim";2;0;2;0;0;0;2;2;2,82729495;-60,69733858;"SPRF-RR";"DEL01-RR";"UOP01-DEL01-RR"