"id";"data_inversa";"dia_semana";"horario";"uf";"br";"km";"municipio";"causa_acidente";"tipo_acidente";"classificacao_acidente";"fase_dia";"sentido_via";"condicao_metereologica";"tipo_pista";"tracado_via";"uso_solo";"pessoas";"mortos";"feridos_leves";"feridos_graves";"ilesos";"ignorados";"feridos";"veiculos";"latitude";"longitude";"regional";"delegacia";"uop"
294287;2020-07-08;"quarta-feira";"19:20:00";"RN";101;81;"NATAL";"Desobediência às normas de trânsito pelo condutor";"Colisão transversal";"Com Vítimas Feridas";"Plena Noite";"Crescente";"Céu Claro";"Dupla";"Rotatória";"Sim";2;0;1;0;1;0;1;2;-5,76469466;-35,28295988;"SPRF-RN";"DEL02-RN";"UOP01-DEL02-RN"
294288;2020-07-08;"quarta-feira";"18:30:00";"PA";316;106;"SANTA MARIA DO PARA";"Ultrapassagem Indevida";"Atropelamento de Pedestre";"Com Vítimas Feridas";"Anoitecer";"Crescente";"Céu Claro";"Simples";"Reta";"Sim";2;0;0;2;0;0;2;2;-1,34101996;-47,55122901;"SPRF-PA";"DEL01-PA";"UOP02-DEL01-PA"
294289;2020-07-08;"quarta-feira";"19:20:00";"PA";316;97,4;"SANTA MARIA DO PARA";"Deficiência ou não Acionamento do Sistema de Iluminação/Sinalização do Veículo";"Colisão traseira";"Com Vítimas Fatais";"Plena Noite";"Crescente";"Céu Claro";"Simples";"Reta";"Não";3;1;0;0;2;0;0;2;-1,3452392;-47,5766756;"SPRF-PA";"DEL01-PA";"UOP02-DEL01-PA"
294292;2020-07-08;"quarta-feira";"18:35:00";"RS";158;563,2;"SANTANA DO LIVRAMENTO";"Falta de Atenção do Pedestre";"Atropelamento de Pedestre";"Com Vítimas Feridas";"Plena Noite";"Decrescente";"Garoa/Chuvisco";"Simples";"Reta";"Sim";2;0;0;1;1;0;1;2;-30,8547642;-55,4965204;"SPRF-RS";"DEL11-RS";"UOP01-DEL11-RS"
294293;2020-07-08;"quarta-feira";"19:50:00";"DF";80;5;"BRASILIA";"Falta de Atenção à Condução";"Colisão transversal";"Com Vítimas Feridas";"Plena Noite";"Crescente";"Céu Claro";"Dupla";"Reta";"Não";3;0;2;0;1;0;2;2;-15,729602;-48,121304;"SPRF-DF";"DEL03-DF";"UOP02-DEL03-DF"
294294;2020-07-08;"quarta-feira";"20:00:00";"DF";40;2,7;"BRASILIA";"Falta de Atenção à Condução";"Colisão traseira";"Sem Vítimas";"Plena Noite";"Crescente";"Céu Claro";"Dupla";"Reta";"Sim";3;0;0;0;3;0;0;2;-15,99435;-47,985947;"SPRF-DF";"DEL01-DF";"UOP01-DEL01-DF"
294295;2020-07-08;"quarta-feira";"19:30:00";"RJ";101;260;"RIO BONITO";"Falta de Atenção à Condução";"Tombamento";"Com Vítimas Feridas";"Plena Noite";"Crescente";"Céu Claro";"Dupla";"Curva";"Não";1;0;1;0;0;0;1;1;-22,70520044;-42,60578664;"SPRF-RJ";"DEL02-RJ";"UOP03-DEL02-RJ"
294296;2020-07-08;"quarta-feira";"19:40:00";"RS";293;252;"DOM PEDRITO";"Animais na Pista";"Atropelamento de Animal";"Sem Vítimas";"Plena Noite";"Crescente";"Garoa/Chuvisco";"Simples";"Reta";"Sim";2;0;0;0;2;0;0;2;-30,95997654;-54,6785778;"SPRF-RS";"DEL11-RS";"UOP01-DEL11-RS"
294298;2020-07-08;"quarta-feira";"14:40:00";"RJ";40;53;"PETROPOLIS";"Falta de Atenção do Pedestre";"Atropelamento de Pedestre";"Sem Vítimas";"Pleno dia";"Crescente";"Céu Claro";"Dupla";"Reta";"Sim";3;0;0;0;3;0;0;2;-22,34399896;-43,13243691;"SPRF-RJ";"DEL05-RJ";"UOP02-DEL05-RJ"
294301;2020-07-08;"quarta-feira";"19:20:00";"SC";101;134,2;"BALNEARIO CAMBORIU";"Ingestão de Álcool";"Colisão traseira";"Com Vítimas Feridas";"Plena Noite";"Crescente";"Céu Claro";"Dupla";"Reta";"Sim";2;0;2;0;0;0;2;2;-27,00218;-48,636433;"SPRF-SC";"DEL04-SC";"UOP03-DEL04-SC"
294306;2020-07-08;"quarta-feira";"20:20:00";"SP";381;83;"SAO PAULO";"Ingestão de Álcool";"Colisão traseira";"Com Vítimas Feridas";"Plena Noite";"Crescente";"Céu Claro";"Dupla";"Reta";"Sim";2;0;1;0;0;1;1;2;-23,4309671;-46,56998022;"SPRF-SP";"DEL03-SP";"UOP01-DEL03-SP"
294307;2020-07-08;"quarta-feira";"18:20:00";"SC";282;409,1;"CATANDUVAS";"Desobediência às normas de trânsito pelo condutor";"Colisão frontal";"Com Vítimas Fatais";"Anoitecer";"Crescente";"Nublado";"Simples";"Reta";"Sim";2;2;0;0;0;0;0;2;-27,065756;-51,664165;"SPRF-SC";"DEL07-SC";"UOP05-DEL07-SC"
294311;2020-07-08;"quarta-feira";"21:40:00";"SC";101;327;"CAPIVARI DE BAIXO";"Defeito na Via";"Tombamento";"Com Vítimas Feridas";"Plena Noite";"Decrescente";"Nublado";"Múltipla";"Reta";"Não";1;0;1;0;0;0;1;1;-28,43023306;-48,95205197;"SPRF-SC";"DEL02-SC";"UOP01-DEL02-SC"
294317;2020-07-08;"quarta-feira";"23:00:00";"PR";277;6,7;"PARANAGUA";"Velocidade Incompatível";"Colisão com objeto estático";"Com Vítimas Feridas";"Plena Noite";"Crescente";"Nublado";"Simples";"Curva";"Não";1;0;1;0;0;0;1;1;-25,55947753;-48,58291626;"SPRF-PR";"DEL01-PR";"UOP05-DEL01-PR"
294318;2020-07-08;"quarta-feira";"22:30:00";"SP";116;334;"JUQUITIBA";"Defeito Mecânico no Veículo";"Incêndio";"Sem Vítimas";"Plena Noite";"Crescente";"Nublado";"Dupla";"Interseção de Vias;Reta";"Não";1;0;0;0;1;0;0;1;-23,96611261;-47,13038391;"SPRF-SP";"DEL04-SP";"UOP01-DEL04-SP"
294319;2020-07-08;"quarta-feira";"18:00:00";"SC";101;132,5;"BALNEARIO CAMBORIU";"Falta de Atenção à Condução";"Colisão lateral";"Com Vítimas Feridas";"Anoitecer";"Crescente";"Nublado";"Dupla";"Interseção de Vias";"Sim";2;0;1;0;0;1;1;2;-26,99654133;-48,65564711;"SPRF-SC";"DEL04-SC";"UOP03-DEL04-SC"
294321;2020-07-08;"quarta-feira";"21:30:00";"PR";476;224;"LAPA";"Ingestão de Álcool";"Queda de ocupante de veículo";"Com Vítimas Feridas";"Plena Noite";"Crescente";"Nublado";"Simples";"Curva";"Não";2;0;1;1;0;0;2;1;-25,848568;-49,941429;"SPRF-PR";"DEL02-PR";"UOP04-DEL02-PR"
294322;2020-07-08;"quarta-feira";"23:35:00";"RJ";116;169;"RIO DE JANEIRO";"Falta de Atenção à Condução";"Colisão traseira";"Com Vítimas Feridas";"Plena Noite";"Decrescente";"Céu Claro";"Dupla";"Reta";"Sim";2;0;1;0;0;1;1;2;-22,79010908;-43,37230682;"SPRF-RJ";"DEL01-RJ";"UOP02-DEL01-RJ"
294323;2020-07-08;"quarta-feira";"23:15:00";"RS";470;223;"GARIBALDI";"Falta de Atenção à Condução";"Atropelamento de Pedestre";"Com Vítimas Feridas";"Plena Noite";"Crescente";"Garoa/Chuvisco";"Simples";"Aclive;Curva";"Sim";3;0;1;0;2;0;1;2;-29,229311;-51,516556;"SPRF-RS";"DEL06-RS";"UOP01-DEL06-RS"
294326;2020-07-08;"quarta-feira";"23:05:00";"MG";381;897,7;"CAMBUI";"Ingestão de Álcool";"Atropelamento de Pedestre";"Com Vítimas Fatais";"Plena Noite";"Crescente";"Céu Claro";"Dupla";"Reta";"Sim";3;1;0;0;1;1;0;2;-22,60680067;-46,06019561;"SPRF-MG";"DEL16-MG";"UOP03-DEL16-MG"
294327;2020-07-08;"quarta-feira";"23:15:00";"PR";277;120;"CAMPO LARGO";"Falta de Atenção à Condução";"Capotamento";"Sem Vítimas";"Plena Noite";"Decrescente";"Nublado";"Simples";"Aclive";"Não";1;0;0;0;0;1;0;1;-25,43651772;-49,44346612;"SPRF-PR";"DEL01-PR";"UOP03-DEL03-PR"
294331;2020-07-08;"quarta-feira";"11:20:00";"BA";110;377;"CATU";"Desobediência às normas de trânsito pelo condutor";"Colisão frontal";"Com Vítimas Feridas";"Pleno dia";"Decrescente";"Chuva";"Simples";"Reta";"Não";5;0;4;0;1;0;4;2;-12,4243269;-38,47356581;"SPRF-BA";"DEL01-BA";"UOP01-DEL01-BA"
294332;2020-07-09;"quinta-feira";"02:05:00";"RS";116;150,2;"CAXIAS DO SUL";"Ingestão de Álcool";"Colisão transversal";"Com Vítimas Feridas";"Plena Noite";"Crescente";"Garoa/Chuvisco";"Dupla";"Interseção de Vias";"Sim";2;0;1;0;1;0;1;2;-29,17041204;-51,1596179;"SPRF-RS";"DEL05-RS";"UOP01-DEL05-RS"
294333;2020-07-09;"quinta-feira";"01:45:00";"MG";262;895;"CAMPO FLORIDO";"Falta de Atenção à Condução";"Saída de leito carroçável";"Com Vítimas Feridas";"Plena Noite";"Crescente";"Céu Claro";"Simples";"Aclive";"Não";1;0;1;0;0;0;1;1;-19,76694276;-48,58091387;"SPRF-MG";"DEL13-MG";"UOP02-DEL13-MG"
294335;2020-07-08;"quarta-feira";"18:00:00";"MA";135;381,2;"SAO DOMINGOS DO MARANHAO";"Falta de Atenção à Condução";"Saída de leito carroçável";"Com Vítimas Fatais";"Anoitecer";"Decrescente";"Céu Claro";"Simples";"Reta";"Não";1;1;0;0;0;0;0;1;-5,61862194;-44,3676757;"SPRF-MA";"DEL03-MA";"UOP01-DEL03-MA"
294336;2020-07-09;"quinta-feira";"01:20:00";"RJ";40;117;"DUQUE DE CAXIAS";"Agressão Externa";"Atropelamento de Pedestre";"Com Vítimas Feridas";"Plena Noite";"Decrescente";"Céu Claro";"Múltipla";"Reta";"Sim";2;0;0;1;1;0;1;2;-22,745676;-43,2881;"SPRF-RJ";"DEL01-RJ";"UOP01-DEL01-RJ"
294338;2020-07-09;"quinta-feira";"03:20:00";"RJ";101;296;"ITABORAI";"Ingestão de Álcool";"Capotamento";"Com Vítimas Feridas";"Amanhecer";"Decrescente";"Nublado";"Dupla";"Reta";"Não";1;0;1;0;0;0;1;1;-22,7670498;-42,91019601;"SPRF-RJ";"DEL02-RJ";"UOP02-DEL02-RJ"
294341;2020-07-09;"quinta-feira";"06:00:00";"PR";369;187,3;"ARAPONGAS";"Falta de Atenção à Condução";"Queda de ocupante de veículo";"Com Vítimas Feridas";"Amanhecer";"Decrescente";"Céu Claro";"Simples";"Interseção de Vias";"Sim";1;0;1;0;0;0;1;1;-23,41821397;-51,42654821;"SPRF-PR";"DEL07-PR";"UOP03-DEL07-PR"
294343;2020-07-09;"quinta-feira";"06:10:00";"MG";40;612,2;"CONGONHAS";"Animais na Pista";"Atropelamento de Animal";"Com Vítimas Feridas";"Pleno dia";"Crescente";"Céu Claro";"Simples";"Reta";"Sim";1;0;1;0;0;0;1;1;-20,51778098;-43,83603641;"SPRF-MG";"DEL05-MG";"UOP02-DEL05-MG"
294344;2020-07-09;"quinta-feira";"06:30:00";"MG";381;488;"BETIM";"Não guardar distância de segurança";"Colisão traseira";"Com Vítimas Feridas";"Amanhecer";"Decrescente";"Céu Claro";"Múltipla";"Declive;Reta";"Sim";2;0;2;0;0;0;2;2;-19,9598656;-44,15489715;"SPRF-MG";"DEL01-MG";"UOP03-DEL01-MG"
294345;2020-07-09;"quinta-feira";"04:30:00";"SC";282;179;"BOCAINA DO SUL";"Velocidade Incompatível";"Capotamento";"Com Vítimas Feridas";"Plena Noite";"Crescente";"Garoa/Chuvisco";"Simples";"Declive";"Não";3;0;3;0;0;0;3;1;-27,740141;-49,930519;"SPRF-SC";"DEL05-SC";"UOP01-DEL05-SC"
294346;2020-07-09;"quinta-feira";"05:00:00";"MG";116;510,3;"UBAPORANGA";"Falta de Atenção do Pedestre";"Atropelamento de Pedestre";"Com Vítimas Fatais";"Amanhecer";"Crescente";"Nublado";"Simples";"Reta";"Sim";2;1;0;0;0;1;0;2;-19,64532085;-42,10796743;"SPRF-MG";"DEL06-MG";"UOP02-DEL06-MG"
294347;2020-07-09;"quinta-feira";"05:50:00";"SC";470;134,4;"RIO DO SUL";"Falta de Atenção do Pedestre";"Atropelamento de Pedestre";"Com Vítimas Fatais";"Plena Noite";"Decrescente";"Céu Claro";"Simples";"Reta";"Não";3;1;0;0;1;1;0;2;-27,181854;-49,600128;"SPRF-SC";"DEL04-SC";"UOP02-DEL04-SC"
294348;2020-07-09;"quinta-feira";"06:34:00";"SC";470;135,3;"RIO DO SUL";"Não guardar distância de segurança";"Colisão traseira";"Sem Vítimas";"Amanhecer";"Decrescente";"Céu Claro";"Simples";"Reta";"Não";3;0;0;0;3;0;0;2;-27,188492;-49,61232;"SPRF-SC";"DEL04-SC";"UOP02-DEL04-SC"
294349;2020-07-09;"quinta-feira";"07:00:00";"ES";101;267;"SERRA";"Falta de Atenção à Condução";"Colisão lateral";"Com Vítimas Feridas";"Pleno dia";"Crescente";"Céu Claro";"Múltipla";"Interseção de Vias";"Sim";3;0;0;2;1;0;2;2;-20,19930999;-40,26884609;"SPRF-ES";"DEL02-ES";"UOP01-DEL02-ES"
294350;2020-07-09;"quinta-feira";"07:20:00";"SP";116;218,5;"GUARULHOS";"Não guardar distância de segurança";"Colisão traseira";"Com Vítimas Feridas";"Pleno dia";"Crescente";"Garoa/Chuvisco";"Múltipla";"Reta";"Não";4;0;1;0;3;0;1;3;-23,457972;-46,479927;"SPRF-SP";"DEL01-SP";"UOP01-DEL01-SP"
294351;2020-07-04;"sábado";"23:30:00";"MT";364;207;"RONDONOPOLIS";"Pista Escorregadia";"Saída de leito carroçável";"Sem Vítimas";"Plena Noite";"Crescente";"Céu Claro";"Dupla";"Reta";"Sim";1;0;0;0;0;1;0;1;-16,43968;-54,677663;"SPRF-MT";"DEL02-MT";"UOP01-DEL02-MT"
294352;2020-07-09;"quinta-feira";"07:45:00";"SP";116;269;"TABOAO DA SERRA";"Falta de Atenção à Condução";"Queda de ocupante de veículo";"Com Vítimas Feridas";"Pleno dia";"Decrescente";"Céu Claro";"Dupla";"Reta";"Sim";2;0;2;0;0;0;2;1;-23,61593059;-46,78826044;"SPRF-SP";"DEL04-SP";"UOP01-DEL04-SP"
294353;2020-07-09;"quinta-feira";"08:10:00";"PR";369;107;"URAI";"Falta de Atenção à Condução";"Colisão transversal";"Com Vítimas Feridas";"Pleno dia";"Decrescente";"Céu Claro";"Simples";"Interseção de Vias;Em Obras";"Não";2;0;0;1;1;0;1;2;-23,26197056;-50,77666551;"SPRF-PR";"DEL07-PR";"UOP05-DEL07-PR"
294354;2020-07-09;"quinta-feira";"07:00:00";"MT";364;398;"CUIABA";"Desobediência às normas de trânsito pelo condutor";"Colisão transversal";"Com Vítimas Feridas";"Pleno dia";"Decrescente";"Nublado";"Simples";"Rotatória";"Sim";2;0;0;1;1;0;1;2;-15,66596401;-55,96142828;"SPRF-MT";"DEL01-MT";"UOP02-DEL01-MT"
294355;2020-07-09;"quinta-feira";"06:00:00";"PR";277;185,1;"PALMEIRA";"Falta de Atenção à Condução";"Saída de leito carroçável";"Sem Vítimas";"Amanhecer";"Decrescente";"Sol";"Simples";"Declive";"Não";1;0;0;0;1;0;0;1;-25,42863996;-50,06617998;"SPRF-PR";"DEL03-PR";"UOP03-DEL03-PR"
294356;2020-07-09;"quinta-feira";"07:15:00";"RO";364;240;"CACOAL";"Desobediência às normas de trânsito pelo condutor";"Colisão transversal";"Com Vítimas Feridas";"Pleno dia";"Crescente";"Céu Claro";"Simples";"Reta";"Sim";2;0;1;1;0;0;2;2;-11,43579019;-61,47096987;"SPRF-RO";"DEL02-RO";"UOP02-DEL02-RO"
294357;2020-07-09;"quinta-feira";"08:15:00";"SP";116;220,6;"GUARULHOS";"Falta de Atenção à Condução";"Colisão traseira";"Com Vítimas Feridas";"Pleno dia";"Crescente";"Sol";"Múltipla";"Reta";"Sim";2;0;1;0;1;0;1;2;-23,46472809;-46,49793962;"SPRF-SP";"DEL01-SP";"UOP01-DEL01-SP"
294358;2020-07-09;"quinta-feira";"07:50:00";"PI";316;10;"TERESINA";"Falta de Atenção à Condução";"Colisão traseira";"Com Vítimas Feridas";"Pleno dia";"Crescente";"Sol";"Dupla";"Reta";"Sim";2;0;0;1;1;0;1;2;-5,18280197;-42,76350291;"SPRF-PI";"DEL01-PI";"UOP02-DEL01-PI"
294359;2020-07-09;"quinta-feira";"07:50:00";"RS";285;339;"CARAZINHO";"Falta de Atenção à Condução";"Colisão transversal";"Com Vítimas Feridas";"Pleno dia";"Decrescente";"Nublado";"Simples";"Reta";"Sim";2;0;1;0;1;0;1;2;-28,31239068;-52,79411316;"SPRF-RS";"DEL08-RS";"UOP03-DEL08-RS"
294361;2020-07-09;"quinta-feira";"08:50:00";"PB";101;85,5;"BAYEUX";"Falta de Atenção à Condução";"Colisão traseira";"Com Vítimas Feridas";"Pleno dia";"Crescente";"Nublado";"Simples";"Reta";"Sim";3;0;1;0;1;1;1;2;-7,14538184;-34,91662887;"SPRF-PB";"DEL01-PB";"UOP01-DEL01-PB"
294362;2020-07-08;"quarta-feira";"23:00:00";"BA";324;324;"JACOBINA";"Ingestão de Álcool";"Saída de leito carroçável";"Com Vítimas Feridas";"Pleno dia";"Crescente";"Chuva";"Simples";"Reta";"Não";1;0;0;1;0;0;1;1;-11,27336651;-40,28652191;"SPRF-BA";"DEL04-BA";"UOP02-DEL04-BA"
294363;2020-05-31;"domingo";"02:35:00";"MG";262;366,8;"JUATUBA";"Velocidade Incompatível";"Saída de leito carroçável";"Com Vítimas Feridas";"Plena Noite";"Crescente";"Céu Claro";"Dupla";"Curva;Aclive";"Não";3;0;3;0;0;0;3;1;-19,974217;-44,261798;"SPRF-MG";"DEL01-MG";"UOP03-DEL01-MG"
294364;2020-07-09;"quinta-feira";"00:30:00";"RR";401;4;"CANTA";"Ingestão de Álcool";"Saída de leito carroçável";"Sem Vítimas";"Plena Noite";"Crescente";"Ignorado";"Simples";"Reta";"Não";1;0;0;0;1;0;0;1;2,78964195;-60,65873803;"SPRF-RR";"DEL01-RR";"UOP01-DEL01-RR"
294366;2020-06-26;"sexta-feira";"21:20:00";"PA";308;173,8;"TRACUATEUA";"Objeto estático sobre o leito carroçável";"Tombamento";"Sem Vítimas";"Plena Noite";"Crescente";"Céu Claro";"Simples";"Reta";"Não";3;0;0;0;1;2;0;2;-1,1661187;-46,99043033;"SPRF-PA";"DEL01-PA";"UOP03-DEL01-PA"
294368;2020-07-09;"quinta-feira";"08:40:00";"RS";285;476,8;"CORONEL BARROS";"Falta de Atenção à Condução";"Colisão transversal";"Sem Vítimas";"Pleno dia";"Decrescente";"Céu Claro";"Simples";"Rotatória";"Sim";2;0;0;0;2;0;0;2;-28,38125453;-54,07591235;"SPRF-RS";"DEL10-RS";"UOP01-DEL10-RS"
294370;2020-07-09;"quinta-feira";"09:25:00";"BA";407;123;"SENHOR DO BONFIM";"Falta de Atenção à Condução";"Colisão traseira";"Com Vítimas Feridas";"Pleno dia";"Crescente";"Nublado";"Simples";"Reta";"Não";3;0;2;0;0;1;2;2;-10,42999697;-40,18666127;"SPRF-BA";"DEL04-BA";"UOP01-DEL04-BA"
294372;2020-07-09;"quinta-feira";"08:40:00";"MG";381;933;"EXTREMA";"Velocidade Incompatível";"Colisão com objeto estático";"Com Vítimas Feridas";"Pleno dia";"Decrescente";"Chuva";"Dupla";"Curva";"Não";1;0;1;0;0;0;1;1;-22,81492017;-46,2920647;"SPRF-MG";"DEL16-MG";"UOP03-DEL16-MG"
294374;2020-04-22;"quarta-feira";"09:00:00";"RS";116;39;"VACARIA";"Falta de Atenção à Condução";"Colisão traseira";"Com Vítimas Feridas";"Pleno dia";"Crescente";"Céu Claro";"Simples";"Reta";"Sim";2;0;1;0;1;0;1;2;-28,5120121;-50,93237991;"SPRF-RS";"DEL05-RS";"UOP03-DEL05-RS"
294377;2020-07-09;"quinta-feira";"10:30:00";"MG";116;288,1;"TEOFILO OTONI";"Condutor Dormindo";"Saída de leito carroçável";"Com Vítimas Feridas";"Pleno dia";"Decrescente";"Céu Claro";"Simples";"Reta";"Sim";1;0;1;0;0;0;1;1;-17,95254997;-41,53363808;"SPRF-MG";"DEL11-MG";"UOP01-DEL11-MG"
294378;2020-07-09;"quinta-feira";"11:40:00";"DF";20;6,6;"BRASILIA";"Falta de Atenção à Condução";"Colisão transversal";"Com Vítimas Feridas";"Pleno dia";"Decrescente";"Céu Claro";"Dupla";"Retorno Regulamentado";"Sim";2;0;1;0;1;0;1;2;-15,66289838;-47,80197057;"SPRF-DF";"DEL02-DF";"UOP01-DEL02-DF"
294381;2020-07-09;"quinta-feira";"11:15:00";"MS";163;24;"MUNDO NOVO";"Defeito Mecânico no Veículo";"Queda de ocupante de veículo";"Sem Vítimas";"Pleno dia";"Crescente";"Céu Claro";"Simples";"Declive";"Não";2;0;0;0;1;1;0;1;-23,89701603;-54,30755404;"SPRF-MS";"DEL09-MS";"UOP02-DEL09-MS"
294383;2020-07-09;"quinta-feira";"12:30:00";"DF";40;7,6;"BRASILIA";"Não guardar distância de segurança";"Engavetamento";"Com Vítimas Feridas";"Pleno dia";"Decrescente";"Céu Claro";"Dupla";"Aclive;Reta";"Sim";5;0;1;0;3;1;1;4;-16,044658;-47,980448;"SPRF-DF";"DEL01-DF";"UOP01-DEL01-DF"
294384;2020-07-09;"quinta-feira";"12:15:00";"PI";343;346,8;"TERESINA";"Mal Súbito";"Colisão frontal";"Com Vítimas Feridas";"Pleno dia";"Crescente";"Sol";"Simples";"Reta";"Sim";2;0;1;1;0;0;2;2;-5,11339614;-42,7755475;"SPRF-PI";"DEL01-PI";"UOP01-DEL01-PI"
294385;2020-07-09;"quinta-feira";"11:45:00";"MG";356;266;"MURIAE";"Falta de Atenção à Condução";"Colisão traseira";"Com Vítimas Feridas";"Pleno dia";"Decrescente";"Céu Claro";"Simples";"Interseção de Vias";"Sim";2;0;1;0;1;0;1;2;-21,12823134;-42,35802453;"SPRF-MG";"DEL07-MG";"UOP02-DEL07-MG"
294386;2020-05-29;"sexta-feira";"18:00:00";"GO";70;474;"ARAGARCAS";"Falta de Atenção à Condução";"Colisão lateral";"Com Vítimas Feridas";"Anoitecer";"Decrescente";"Céu Claro";"Dupla";"Reta";"Sim";2;0;1;0;1;0;1;2;-15,895776;-52,252928;"SPRF-GO";"DEL04-GO";"UOP01-DEL04-GO"
294388;2020-07-09;"quinta-feira";"13:30:00";"MG";381;353;"JOAO MONLEVADE";"Avarias e/ou desgaste excessivo no pneu";"Queda de ocupante de veículo";"Com Vítimas Feridas";"Pleno dia";"Crescente";"Céu Claro";"Simples";"Reta";"Não";1;0;1;0;0;0;1;1;-19,8545241;-43,12976405;"SPRF-MG";"DEL03-MG";"UOP01-DEL03-MG"
294391;2020-07-09;"quinta-feira";"08:30:00";"PB";101;86;"BAYEUX";"Falta de Atenção à Condução";"Colisão com objeto estático";"Com Vítimas Feridas";"Pleno dia";"Decrescente";"Nublado";"Dupla";"Curva";"Não";1;0;1;0;0;0;1;1;-7,15118983;-34,91012184;"SPRF-PB";"DEL01-PB";"UOP01-DEL01-PB"
294393;2020-07-09;"quinta-feira";"13:23:00";"TO";153;333;"GUARAI";"Desobediência às normas de trânsito pelo condutor";"Colisão lateral";"Com Vítimas Feridas";"Pleno dia";"Crescente";"Céu Claro";"Dupla";"Interseção de Vias";"Sim";2;0;1;0;1;0;1;2;-8,826486;-48,51216;"SPRF-TO";"DEL02-TO";"UOP02-DEL02-TO"
294394;2020-06-23;"terça-feira";"07:40:00";"GO";153;511;"APARECIDA DE GOIANIA";"Desobediência às normas de trânsito pelo condutor";"Engavetamento";"Com Vítimas Feridas";"Pleno dia";"Crescente";"Céu Claro";"Dupla";"Reta";"Sim";3;0;1;0;2;0;1;3;-16,8067;-49,2394;"SPRF-GO";"DEL01-GO";"UOP03-DEL01-GO"
294396;2020-07-09;"quinta-feira";"11:30:00";"MG";116;504;"INHAPIM";"Animais na Pista";"Atropelamento de Animal";"Sem Vítimas";"Pleno dia";"Decrescente";"Céu Claro";"Simples";"Reta";"Não";2;0;0;0;2;0;0;1;-19,594446;-42,11241304;"SPRF-MG";"DEL06-MG";"UOP02-DEL06-MG"
294397;2020-07-09;"quinta-feira";"14:10:00";"CE";116;17,8;"ITAITINGA";"Animais na Pista";"Atropelamento de Animal";"Com Vítimas Feridas";"Pleno dia";"Crescente";"Nublado";"Dupla";"Declive;Ponte";"Sim";1;0;0;1;0;0;1;1;-3,90404459;-38,50499023;"SPRF-CE";"DEL01-CE";"UOP02-DEL01-CE"
294398;2020-07-09;"quinta-feira";"14:10:00";"GO";40;5,1;"VALPARAISO DE GOIAS";"Velocidade Incompatível";"Colisão traseira";"Com Vítimas Feridas";"Pleno dia";"Decrescente";"Céu Claro";"Dupla";"Reta";"Sim";4;0;0;1;3;0;1;3;-16,093134;-47,982236;"SPRF-DF";"DEL01-DF";"UOP01-DEL01-DF"
294399;2020-07-09;"quinta-feira";"14:00:00";"RJ";101;415;"MANGARATIBA";"Desobediência às normas de trânsito pelo condutor";"Colisão transversal";"Com Vítimas Feridas";"Pleno dia";"Decrescente";"Nublado";"Dupla";"Reta";"Sim";3;0;1;0;2;0;1;2;-22,90433243;-43,88181398;"SPRF-RJ";"DEL03-RJ";"UOP01-DEL03-RJ"
294401;2020-07-04;"sábado";"20:30:00";"RS";158;316,2;"ITAARA";"Ingestão de Álcool";"Colisão com objeto estático";"Sem Vítimas";"Plena Noite";"Crescente";"Nublado";"Simples";"Curva;Declive";"Não";1;0;0;0;1;0;0;1;-29,65588903;-53,77374238;"SPRF-RS";"DEL09-RS";"UOP01-DEL09-RS"
294402;2020-07-09;"quinta-feira";"13:55:00";"ES";101;261,5;"SERRA";"Falta de Atenção à Condução";"Colisão lateral";"Sem Vítimas";"Pleno dia";"Decrescente";"Sol";"Dupla";"Reta";"Sim";2;0;0;0;1;1;0;2;-20,14854215;-40,27970926;"SPRF-ES";"DEL02-ES";"UOP01-DEL02-ES"
294403;2020-07-09;"quinta-feira";"14:30:00";"RR";401;1;"BOA VISTA";"Desobediência às normas de trânsito pelo condutor";"Colisão lateral";"Sem Vítimas";"Pleno dia";"Crescente";"Céu Claro";"Múltipla";"Reta";"Sim";2;0;0;0;2;0;0;2;2,80229396;-60,68243402;"SPRF-RR";"DEL01-RR";"UOP01-DEL01-RR"
294404;2020-07-09;"quinta-feira";"15:35:00";"RS";285;69,5;"BOM JESUS";"Falta de Atenção à Condução";"Colisão transversal";"Sem Vítimas";"Pleno dia";"Crescente";"Céu Claro";"Simples";"Reta";"Não";2;0;0;0;2;0;0;2;-28,637218;-50,498562;"SPRF-RS";"DEL05-RS";"UOP03-DEL05-RS"
294405;2020-07-09;"quinta-feira";"10:30:00";"RJ";101;319;"NITEROI";"Falta de Atenção à Condução";"Colisão com objeto estático";"Com Vítimas Feridas";"Pleno dia";"Decrescente";"Céu Claro";"Dupla";"Curva";"Sim";1;0;1;0;0;0;1;1;-22,85411774;-43,1018014;"SPRF-RJ";"DEL02-RJ";"UOP02-DEL02-RJ"
294407;2020-07-09;"quinta-feira";"16:25:00";"ES";101;37,7;"CONCEICAO DA BARRA";"Falta de Atenção à Condução";"Colisão transversal";"Com Vítimas Feridas";"Pleno dia";"Decrescente";"Céu Claro";"Simples";"Rotatória";"Não";3;0;1;0;2;0;1;2;-18,47895781;-39,92534637;"SPRF-ES";"DEL04-ES";"UOP02-DEL04-ES"
294409;2020-07-09;"quinta-feira";"16:25:00";"GO";153;504,1;"APARECIDA DE GOIANIA";"Desobediência às normas de trânsito pelo pedestre";"Atropelamento de Pedestre";"Com Vítimas Feridas";"Pleno dia";"Crescente";"Céu Claro";"Múltipla";"Declive";"Sim";3;0;0;1;0;2;1;2;-16,7451;-49,2408;"SPRF-GO";"DEL01-GO";"UOP01-DEL01-GO"