"id";"data_inversa";"dia_semana";"horario";"uf";"br";"km";"municipio";"causa_acidente";"tipo_acidente";"classificacao_acidente";"fase_dia";"sentido_via";"condicao_metereologica";"tipo_pista";"tracado_via";"uso_solo";"pessoas";"mortos";"feridos_leves";"feridos_graves";"ilesos";"ignorados";"feridos";"veiculos";"latitude";"longitude";"regional";"delegacia";"uop"
294410;2020-07-09;"quinta-feira";"16:30:00";"SC";282;5,2;"SAO JOSE";"Não guardar distância de segurança";"Colisão traseira";"Com Vítimas Feridas";"Pleno dia";"Crescente";"Nublado";"Dupla";"Reta;Aclive";"Sim";3;0;1;0;2;0;1;2;-27,588425;-48,612919;"SPRF-SC";"DEL01-SC";"UOP01-DEL01-SC"
294411;2020-07-09;"quinta-feira";"16:30:00";"RN";405;2;"MOSSORO";"Falta de Atenção à Condução";"Colisão traseira";"Com Vítimas Feridas";"Pleno dia";"Decrescente";"Chuva";"Dupla";"Reta";"Não";2;0;1;0;1;0;1;2;-5,19282682;-37,37112402;"SPRF-RN";"DEL04-RN";"UOP02-DEL04-RN"
294416;2020-07-09;"quinta-feira";"16:50:00";"SP";381;85,4;"SAO PAULO";"Agressão Externa";"Saída de leito carroçável";"Com Vítimas Feridas";"Pleno dia";"Crescente";"Sol";"Dupla";"Reta";"Sim";2;0;1;0;1;0;1;1;-23,449343;-46,56983501;"SPRF-SP";"DEL03-SP";"UOP01-DEL03-SP"
294417;2020-07-09;"quinta-feira";"17:15:00";"ES";101;140;"LINHARES";"Desobediência às normas de trânsito pelo condutor";"Saída de leito carroçável";"Com Vítimas Feridas";"Anoitecer";"Crescente";"Céu Claro";"Simples";"Reta";"Sim";1;0;1;0;0;0;1;1;-19,31817306;-40,07552313;"SPRF-ES";"DEL04-ES";"UOP01-DEL04-ES"
294419;2020-07-09;"quinta-feira";"17:35:00";"DF";70;19;"BRASILIA";"Desobediência às normas de trânsito pelo pedestre";"Atropelamento de Pedestre";"Com Vítimas Feridas";"Anoitecer";"Crescente";"Céu Claro";"Dupla";"Reta";"Não";2;0;0;1;1;0;1;2;-15,788868;-48,220242;"SPRF-DF";"DEL03-DF";"UOP02-DEL03-DF"
294422;2020-07-09;"quinta-feira";"17:20:00";"ES";101;270;"SERRA";"Falta de Atenção do Pedestre";"Atropelamento de Pedestre";"Com Vítimas Feridas";"Pleno dia";"Crescente";"Sol";"Dupla";"Reta";"Sim";2;0;0;1;1;0;1;2;-20,22662056;-40,27075088;"SPRF-ES";"DEL02-ES";"UOP01-DEL02-ES"
294427;2020-07-09;"quinta-feira";"18:00:00";"GO";40;92,5;"CRISTALINA";"Ultrapassagem Indevida";"Saída de leito carroçável";"Com Vítimas Feridas";"Pleno dia";"Decrescente";"Céu Claro";"Simples";"Reta";"Não";2;0;1;0;1;0;1;1;-16,730814;-47,626211;"SPRF-DF";"DEL01-DF";"UOP02-DEL01-DF"
294428;2020-07-09;"quinta-feira";"18:10:00";"MG";381;479,8;"CONTAGEM";"Desobediência às normas de trânsito pelo pedestre";"Atropelamento de Pedestre";"Com Vítimas Feridas";"Plena Noite";"Decrescente";"Céu Claro";"Múltipla";"Curva;Aclive";"Sim";2;0;1;0;1;0;1;2;-19,95889605;-44,069202;"SPRF-MG";"DEL01-MG";"UOP03-DEL01-MG"
294429;2020-07-09;"quinta-feira";"14:00:00";"PR";277;24;"MORRETES";"Desobediência às normas de trânsito pelo condutor";"Queda de ocupante de veículo";"Com Vítimas Feridas";"Pleno dia";"Crescente";"Céu Claro";"Dupla";"Rotatória";"Não";1;0;1;0;0;0;1;1;-25,53773317;-48,69733007;"SPRF-PR";"DEL01-PR";"UOP05-DEL01-PR"
294432;2020-07-09;"quinta-feira";"17:50:00";"GO";60;170,5;"GOIANIA";"Defeito Mecânico no Veículo";"Queda de ocupante de veículo";"Com Vítimas Feridas";"Anoitecer";"Decrescente";"Céu Claro";"Dupla";"Reta";"Sim";1;0;1;0;0;0;1;1;-16,7305;-49,3908;"SPRF-GO";"DEL01-GO";"UOP02-DEL01-GO"
294433;2020-07-09;"quinta-feira";"17:45:00";"MG";381;458;"BELO HORIZONTE";"Animais na Pista";"Atropelamento de Animal";"Com Vítimas Feridas";"Anoitecer";"Decrescente";"Céu Claro";"Dupla";"Reta";"Sim";1;0;1;0;0;0;1;1;-19,84313716;-43,88587475;"SPRF-MG";"DEL01-MG";"UOP01-DEL01-MG"
294436;2020-07-09;"quinta-feira";"17:50:00";"MA";316;545;"CAXIAS";"Animais na Pista";"Atropelamento de Animal";"Com Vítimas Feridas";"Anoitecer";"Crescente";"Sol";"Simples";"Reta";"Sim";1;0;0;1;0;0;1;1;-4,871758;-43,403427;"SPRF-MA";"DEL03-MA";"UOP02-DEL03-MA"
294437;2020-07-09;"quinta-feira";"18:30:00";"PE";423;75,6;"JUCATI";"Falta de Atenção à Condução";"Colisão frontal";"Com Vítimas Feridas";"Plena Noite";"Decrescente";"Garoa/Chuvisco";"Simples";"Aclive";"Não";3;0;0;1;1;1;1;2;-8,72421234;-36,42879161;"SPRF-PE";"DEL03-PE";"UOP01-DEL03-PE"
294438;2020-07-09;"quinta-feira";"18:15:00";"SP";116;144;"SAO JOSE DOS CAMPOS";"Falta de Atenção à Condução";"Tombamento";"Com Vítimas Fatais";"Plena Noite";"Decrescente";"Céu Claro";"Dupla";"Declive";"Não";1;1;0;0;0;0;0;1;-23,18274416;-45,84633592;"SPRF-SP";"DEL02-SP";"UOP01-DEL02-SP"
294439;2020-07-09;"quinta-feira";"18:20:00";"SP";116;152,4;"SAO JOSE DOS CAMPOS";"Não guardar distância de segurança";"Colisão lateral";"Com Vítimas Feridas";"Plena Noite";"Decrescente";"Céu Claro";"Dupla";"Reta";"Sim";2;0;1;0;1;0;1;2;-23,22620401;-45,90682999;"SPRF-SP";"DEL02-SP";"UOP01-DEL02-SP"
294440;2020-07-09;"quinta-feira";"18:40:00";"GO";20;182;"SIMOLANDIA";"Falta de Atenção à Condução";"Colisão frontal";"Com Vítimas Feridas";"Plena Noite";"Crescente";"Céu Claro";"Simples";"Reta";"Sim";4;0;0;3;0;1;3;3;-14,463847;-46,480179;"SPRF-DF";"DEL02-DF";"UOP03-DEL02-DF"
294441;2020-07-09;"quinta-feira";"14:45:00";"SC";101;290,7;"IMBITUBA";"Falta de Atenção à Condução";"Saída de leito carroçável";"Com Vítimas Feridas";"Pleno dia";"Crescente";"Céu Claro";"Dupla";"Curva";"Sim";2;0;2;0;0;0;2;1;-28,26202477;-48,70403355;"SPRF-SC";"DEL02-SC";"UOP03-DEL02-SC"
294442;2020-07-09;"quinta-feira";"17:50:00";"MG";262;121;"RIO CASCA";"Falta de Atenção à Condução";"Colisão transversal";"Sem Vítimas";"Anoitecer";"Decrescente";"Céu Claro";"Simples";"Interseção de Vias";"Não";2;0;0;0;2;0;0;2;-20,21075692;-42,6606524;"SPRF-MG";"DEL03-MG";"UOP03-DEL03-MG"
294443;2020-07-09;"quinta-feira";"18:30:00";"RS";392;119,4;"CANGUCU";"Defeito Mecânico no Veículo";"Saída de leito carroçável";"Sem Vítimas";"Plena Noite";"Decrescente";"Céu Claro";"Múltipla";"Reta;Declive";"Não";1;0;0;0;1;0;0;1;-31,39884811;-52,68472032;"SPRF-RS";"DEL07-RS";"UOP01-DEL07-RS"
294444;2020-07-09;"quinta-feira";"17:10:00";"MG";459;67,8;"SENADOR JOSE BENTO";"Velocidade Incompatível";"Tombamento";"Com Vítimas Feridas";"Pleno dia";"Crescente";"Céu Claro";"Simples";"Declive;Curva";"Não";2;0;2;0;0;0;2;1;-22,134855;-46,167738;"SPRF-MG";"DEL09-MG";"UOP01-DEL09-MG"
294445;2020-07-09;"quinta-feira";"18:20:00";"PR";163;142,6;"CAPITAO LEONIDAS MARQUES";"Desobediência às normas de trânsito pelo condutor";"Capotamento";"Com Vítimas Feridas";"Anoitecer";"Crescente";"Céu Claro";"Simples";"Curva";"Não";1;0;1;0;0;0;1;1;-25,4007938;-53,64624023;"SPRF-PR";"DEL05-PR";"UOP05-DEL05-PR"
294447;2020-07-09;"quinta-feira";"19:05:00";"RS";290;107,3;"ELDORADO DO SUL";"Falta de Atenção do Pedestre";"Atropelamento de Pedestre";"Com Vítimas Fatais";"Plena Noite";"Crescente";"Céu Claro";"Múltipla";"Curva";"Sim";2;1;0;0;1;0;0;2;-30,001852;-51,304264;"SPRF-RS";"DEL02-RS";"UOP01-DEL02-RS"
294448;2020-07-09;"quinta-feira";"17:50:00";"RO";174;14;"VILHENA";"Falta de Atenção à Condução";"Colisão transversal";"Com Vítimas Feridas";"Anoitecer";"Decrescente";"Céu Claro";"Dupla";"Reta";"Não";2;0;1;0;1;0;1;2;-12,72841804;-60,12913942;"SPRF-RO";"DEL04-RO";"UOP01-DEL04-RO"
294449;2020-07-09;"quinta-feira";"18:20:00";"SP";116;218;"GUARULHOS";"Falta de Atenção à Condução";"Colisão com objeto estático";"Com Vítimas Feridas";"Plena Noite";"Crescente";"Céu Claro";"Múltipla";"Reta;Declive";"Sim";1;0;1;0;0;0;1;1;-23,457972;-46,479927;"SPRF-SP";"DEL01-SP";"UOP01-DEL01-SP"
294450;2020-07-09;"quinta-feira";"18:30:00";"RJ";116;306;"RESENDE";"Desobediência às normas de trânsito pelo condutor";"Colisão lateral";"Sem Vítimas";"Anoitecer";"Decrescente";"Céu Claro";"Dupla";"Curva";"Não";1;0;0;0;1;0;0;1;-22,45645538;-44,40259093;"SPRF-RJ";"DEL07-RJ";"UOP02-DEL07-RJ"
294451;2020-07-09;"quinta-feira";"18:10:00";"SP";153;62,8;"SAO JOSE DO RIO PRETO";"Falta de Atenção à Condução";"Colisão traseira";"Com Vítimas Feridas";"Plena Noite";"Crescente";"Nublado";"Dupla";"Reta;Aclive";"Sim";2;0;1;0;1;0;1;2;-20,81308777;-49,35676575;"SPRF-SP";"DEL09-SP";"UOP01-DEL09-SP"
294452;2020-07-09;"quinta-feira";"18:45:00";"PE";423;75,6;"JUCATI";"Objeto estático sobre o leito carroçável";"Colisão com objeto estático";"Com Vítimas Feridas";"Plena Noite";"Crescente";"Chuva";"Simples";"Declive";"Não";1;0;1;0;0;0;1;1;-8,72421234;-36,42879161;"SPRF-PE";"DEL03-PE";"UOP01-DEL03-PE"
294453;2020-07-09;"quinta-feira";"18:45:00";"SC";163;76;"SAO MIGUEL DO OESTE";"Falta de Atenção à Condução";"Tombamento";"Com Vítimas Feridas";"Plena Noite";"Crescente";"Céu Claro";"Simples";"Reta";"Sim";1;0;1;0;0;0;1;1;-26,68478399;-53,51451486;"SPRF-SC";"DEL07-SC";"UOP03-DEL07-SC"
294454;2020-07-09;"quinta-feira";"19:10:00";"RS";116;246;"SAO LEOPOLDO";"Não guardar distância de segurança";"Colisão traseira";"Com Vítimas Feridas";"Plena Noite";"Decrescente";"Céu Claro";"Dupla";"Reta";"Sim";3;0;1;0;2;0;1;2;-29,75130557;-51,15131563;"SPRF-RS";"DEL01-RS";"UOP02-DEL01-RS"
294456;2020-07-09;"quinta-feira";"19:30:00";"PR";369;174,7;"ROLANDIA";"Desobediência às normas de trânsito pelo condutor";"Colisão frontal";"Com Vítimas Feridas";"Plena Noite";"Crescente";"Céu Claro";"Simples";"Interseção de Vias;Reta";"Sim";2;0;2;0;0;0;2;2;-23,31533107;-51,37571812;"SPRF-PR";"DEL07-PR";"UOP01-DEL07-PR"
294457;2020-07-09;"quinta-feira";"18:20:00";"MS";163;224;"CAARAPO";"Restrição de Visibilidade";"Saída de leito carroçável";"Sem Vítimas";"Plena Noite";"Decrescente";"Céu Claro";"Dupla";"Reta";"Sim";2;0;0;0;2;0;0;1;-22,49905268;-54,8646087;"SPRF-MS";"DEL04-MS";"UOP02-DEL04-MS"
294458;2020-07-09;"quinta-feira";"17:40:00";"RJ";101;317;"SAO GONCALO";"Não guardar distância de segurança";"Engavetamento";"Com Vítimas Feridas";"Anoitecer";"Decrescente";"Nublado";"Dupla";"Reta";"Sim";4;0;1;0;3;0;1;3;-22,83707798;-43,09492006;"SPRF-RJ";"DEL02-RJ";"UOP02-DEL02-RJ"
294459;2020-07-09;"quinta-feira";"19:30:00";"GO";60;90;"ANAPOLIS";"Desobediência às normas de trânsito pelo condutor";"Colisão frontal";"Com Vítimas Feridas";"Plena Noite";"Crescente";"Céu Claro";"Dupla";"Reta";"Sim";2;0;2;0;0;0;2;2;-16,3427;-48,9019;"SPRF-GO";"DEL02-GO";"UOP01-DEL02-GO"
294460;2020-07-09;"quinta-feira";"20:00:00";"GO";414;431,4;"ANAPOLIS";"Desobediência às normas de trânsito pelo condutor";"Colisão traseira";"Com Vítimas Fatais";"Plena Noite";"Decrescente";"Céu Claro";"Simples";"Reta";"Não";2;1;0;0;0;1;0;2;-16,21405015;-48,91838475;"SPRF-GO";"DEL02-GO";"UOP01-DEL02-GO"
294465;2020-07-09;"quinta-feira";"20:30:00";"ES";101;147;"LINHARES";"Desobediência às normas de trânsito pelo condutor";"Colisão lateral";"Com Vítimas Feridas";"Anoitecer";"Decrescente";"Nublado";"Dupla";"Reta";"Não";4;0;0;2;2;0;2;2;-19,37887202;-40,06657892;"SPRF-ES";"DEL04-ES";"UOP01-DEL04-ES"
294469;2020-07-09;"quinta-feira";"21:05:00";"PB";101;87;"JOAO PESSOA";"Defeito na Via";"Tombamento";"Com Vítimas Feridas";"Plena Noite";"Crescente";"Céu Claro";"Dupla";"Reta";"Sim";1;0;1;0;0;0;1;1;-7,15886802;-34,90628504;"SPRF-PB";"DEL01-PB";"UOP01-DEL01-PB"
294470;2020-07-09;"quinta-feira";"20:30:00";"BA";101;869;"TEIXEIRA DE FREITAS";"Condutor Dormindo";"Saída de leito carroçável";"Com Vítimas Feridas";"Plena Noite";"Crescente";"Céu Claro";"Simples";"Reta";"Não";2;0;1;0;0;1;1;2;-17,6620156;-39,77359772;"SPRF-BA";"DEL09-BA";"UOP02-DEL09-BA"
294471;2020-07-09;"quinta-feira";"21:00:00";"MG";365;778,8;"ITUIUTABA";"Falta de Atenção à Condução";"Saída de leito carroçável";"Com Vítimas Feridas";"Plena Noite";"Crescente";"Céu Claro";"Simples";"Reta";"Não";1;0;1;0;0;0;1;1;-18,95778027;-49,69867601;"SPRF-MG";"DEL15-MG";"UOP03-DEL15-MG"
294473;2020-07-09;"quinta-feira";"18:30:00";"MT";174;174,5;"PORTO ESPERIDIAO";"Animais na Pista";"Atropelamento de Animal";"Sem Vítimas";"Plena Noite";"Decrescente";"Céu Claro";"Simples";"Reta";"Não";1;0;0;0;1;0;0;1;-15,85579642;-58,49436204;"SPRF-MT";"DEL03-MT";"UOP01-DEL03-MT"
294474;2020-07-09;"quinta-feira";"21:55:00";"GO";60;135,9;"GOIANIA";"Condutor Dormindo";"Saída de leito carroçável";"Com Vítimas Feridas";"Plena Noite";"Crescente";"Céu Claro";"Dupla";"Reta";"Não";4;0;4;0;0;0;4;1;-16,589;-49,1945;"SPRF-GO";"DEL01-GO";"UOP01-DEL01-GO"
294475;2020-07-09;"quinta-feira";"23:00:00";"SE";101;89;"NOSSA SENHORA DO SOCORRO";"Restrição de Visibilidade";"Queda de ocupante de veículo";"Com Vítimas Feridas";"Plena Noite";"Crescente";"Chuva";"Dupla";"Reta";"Sim";2;0;1;1;0;0;2;1;-10,88051024;-37,13355535;"SPRF-SE";"DEL01-SE";"UOP01-DEL01-SE"
294476;2020-07-09;"quinta-feira";"15:30:00";"MG";116;277;"TEOFILO OTONI";"Desobediência às normas de trânsito pelo condutor";"Colisão lateral";"Com Vítimas Feridas";"Pleno dia";"Decrescente";"Céu Claro";"Simples";"Reta";"Sim";3;0;1;0;2;0;1;2;-17,86545;-41,516214;"SPRF-MG";"DEL11-MG";"UOP01-DEL11-MG"
294478;2020-07-09;"quinta-feira";"23:00:00";"AL";316;225;"ATALAIA";"Animais na Pista";"Saída de leito carroçável";"Sem Vítimas";"Plena Noite";"Decrescente";"Chuva";"Simples";"Curva";"Não";2;0;0;0;2;0;0;1;-9,47691913;-36,15664611;"SPRF-AL";"DEL01-AL";"UOP01-DEL01-AL"
294480;2020-07-09;"quinta-feira";"23:30:00";"MG";40;597,7;"OURO PRETO";"Defeito Mecânico no Veículo";"Incêndio";"Sem Vítimas";"Plena Noite";"Decrescente";"Céu Claro";"Simples";"Curva;Aclive";"Não";2;0;0;0;2;0;0;1;-20,42297772;-43,87783522;"SPRF-MG";"DEL05-MG";"UOP02-DEL05-MG"
294482;2020-07-09;"quinta-feira";"23:30:00";"DF";40;3;"BRASILIA";"Ingestão de Álcool";"Saída de leito carroçável";"Sem Vítimas";"Plena Noite";"Decrescente";"Céu Claro";"Dupla";"Reta";"Não";2;0;0;0;2;0;0;2;-16,003145;-47,983944;"SPRF-DF";"DEL01-DF";"UOP01-DEL01-DF"
294483;2020-07-09;"quinta-feira";"23:20:00";"PI";316;275,3;"DOM EXPEDITO LOPES";"Falta de Atenção à Condução";"Atropelamento de Pedestre";"Com Vítimas Feridas";"Plena Noite";"Decrescente";"Céu Claro";"Simples";"Aclive";"Não";4;0;1;2;1;0;3;2;-6,95126284;-41,72588901;"SPRF-PI";"DEL04-PI";"UOP01-DEL04-PI"
294484;2020-07-09;"quinta-feira";"22:43:00";"SC";116;135;"SANTA CECILIA";"Objeto estático sobre o leito carroçável";"Colisão com objeto estático";"Com Vítimas Feridas";"Plena Noite";"Decrescente";"Garoa/Chuvisco";"Simples";"Curva";"Não";3;0;3;0;0;0;3;1;-26,92904296;-50,4345818;"SPRF-SC";"DEL06-SC";"UOP02-DEL06-SC"
294485;2020-07-09;"quinta-feira";"19:18:00";"RO";364;710;"PORTO VELHO";"Desobediência às normas de trânsito pelo condutor";"Atropelamento de Pedestre";"Com Vítimas Feridas";"Plena Noite";"Decrescente";"Céu Claro";"Dupla";"Reta";"Sim";2;0;1;1;0;0;2;2;-8,78621576;-63,85712687;"SPRF-RO";"DEL01-RO";"UOP01-DEL01-RO"
294488;2020-07-10;"sexta-feira";"00:45:00";"RN";101;107;"PARNAMIRIM";"Falta de Atenção à Condução";"Colisão com objeto estático";"Sem Vítimas";"Plena Noite";"Decrescente";"Nublado";"Dupla";"Reta";"Não";1;0;0;0;1;0;0;1;-5,91920796;-35,26412409;"SPRF-RN";"DEL01-RN";"UOP01-DEL01-RN"
294489;2020-07-10;"sexta-feira";"00:30:00";"MG";116;277;"TEOFILO OTONI";"Velocidade Incompatível";"Colisão com objeto estático";"Com Vítimas Feridas";"Plena Noite";"Crescente";"Ignorado";"Dupla";"Reta";"Sim";1;0;0;1;0;0;1;1;-17,859945;-41,515144;"SPRF-MG";"DEL11-MG";"UOP01-DEL11-MG"
294494;2020-07-09;"quinta-feira";"19:15:00";"SC";101;421,5;"ARARANGUA";"Falta de Atenção à Condução";"Colisão transversal";"Com Vítimas Feridas";"Plena Noite";"Decrescente";"Nublado";"Múltipla";"Interseção de Vias";"Sim";2;0;1;0;1;0;1;2;-29,00048611;-49,5576719;"SPRF-SC";"DEL02-SC";"UOP02-DEL02-SC"
294495;2020-07-10;"sexta-feira";"03:40:00";"RS";116;259;"CANOAS";"Ingestão de Álcool";"Saída de leito carroçável";"Sem Vítimas";"Plena Noite";"Crescente";"Nublado";"Dupla";"Curva";"Sim";1;0;0;0;1;0;0;1;-29,870408;-51,179909;"SPRF-RS";"DEL01-RS";"UOP02-DEL01-RS"
294496;2020-07-10;"sexta-feira";"05:00:00";"MS";262;2,3;"TRES LAGOAS";"Animais na Pista";"Atropelamento de Animal";"Sem Vítimas";"Amanhecer";"Crescente";"Céu Claro";"Múltipla";"Reta";"Não";2;0;0;0;2;0;0;1;-20,782074;-51,65705;"SPRF-MS";"DEL07-MS";"UOP01-DEL07-MS"
294497;2020-07-10;"sexta-feira";"06:00:00";"RJ";40;124;"RIO DE JANEIRO";"Desobediência às normas de trânsito pelo condutor";"Colisão frontal";"Com Vítimas Feridas";"Amanhecer";"Decrescente";"Céu Claro";"Dupla";"Reta";"Sim";3;0;1;1;1;0;2;2;-22,807953;-43,289124;"SPRF-RJ";"DEL01-RJ";"UOP01-DEL01-RJ"
294498;2020-07-10;"sexta-feira";"00:00:00";"GO";20;203,8;"POSSE";"Falta de Atenção do Pedestre";"Atropelamento de Pedestre";"Com Vítimas Fatais";"Plena Noite";"Crescente";"Céu Claro";"Simples";"Reta";"Não";2;1;0;0;1;0;0;2;-14,293657;-46,436916;"SPRF-DF";"DEL02-DF";"UOP03-DEL02-DF"
294499;2020-07-10;"sexta-feira";"07:00:00";"MG";40;575;"ITABIRITO";"Desobediência às normas de trânsito pelo condutor";"Colisão transversal";"Com Vítimas Feridas";"Pleno dia";"Decrescente";"Céu Claro";"Simples";"Interseção de Vias";"Não";3;0;1;0;2;0;1;2;-20,25658707;-43,96098023;"SPRF-MG";"DEL01-MG";"UOP02-DEL01-MG"
294500;2020-07-10;"sexta-feira";"07:00:00";"SP";381;87;"GUARULHOS";"Falta de Atenção à Condução";"Queda de ocupante de veículo";"Com Vítimas Feridas";"Pleno dia";"Decrescente";"Sol";"Múltipla";"Reta";"Não";2;0;1;0;1;0;1;1;-23,46885001;-46,56996601;"SPRF-SP";"DEL03-SP";"UOP01-DEL03-SP"
294501;2020-07-10;"sexta-feira";"06:50:00";"PE";232;508;"SALGUEIRO";"Falta de Atenção à Condução";"Tombamento";"Com Vítimas Feridas";"Pleno dia";"Crescente";"Céu Claro";"Simples";"Curva";"Sim";1;0;1;0;0;0;1;1;-8,06223271;-39,12095006;"SPRF-PE";"DEL05-PE";"UOP01-DEL05-PE"
294503;2020-07-10;"sexta-feira";"07:10:00";"SC";101;41,2;"JOINVILLE";"Desobediência às normas de trânsito pelo condutor";"Colisão transversal";"Com Vítimas Feridas";"Pleno dia";"Crescente";"Nublado";"Dupla";"Rotatória";"Sim";2;0;0;1;1;0;1;2;-26,31872021;-48,87226224;"SPRF-SC";"DEL03-SC";"UOP01-DEL03-SC"
294504;2020-07-10;"sexta-feira";"07:05:00";"SC";101;148,5;"ITAPEMA";"Velocidade Incompatível";"Colisão traseira";"Com Vítimas Feridas";"Pleno dia";"Crescente";"Céu Claro";"Simples";"Reta";"Sim";2;0;1;0;1;0;1;2;-27,10123686;-48,61807962;"SPRF-SC";"DEL04-SC";"UOP03-DEL04-SC"
294506;2020-07-10;"sexta-feira";"07:45:00";"PB";230;22,9;"JOAO PESSOA";"Desobediência às normas de trânsito pelo condutor";"Colisão traseira";"Com Vítimas Feridas";"Pleno dia";"Decrescente";"Céu Claro";"Dupla";"Reta";"Sim";3;0;3;0;0;0;3;2;-7,13174;-34,86757457;"SPRF-PB";"DEL01-PB";"UOP01-DEL01-PB"
294507;2020-07-10;"sexta-feira";"07:20:00";"DF";70;19,5;"BRASILIA";"Não guardar distância de segurança";"Colisão traseira";"Com Vítimas Feridas";"Pleno dia";"Decrescente";"Sol";"Dupla";"Reta;Aclive";"Não";2;0;1;0;1;0;1;2;-15,788868;-48,220242;"SPRF-DF";"DEL03-DF";"UOP02-DEL03-DF"
294508;2020-07-10;"sexta-feira";"07:42:00";"SP";116;219;"GUARULHOS";"Falta de Atenção à Condução";"Tombamento";"Com Vítimas Feridas";"Pleno dia";"Crescente";"Sol";"Múltipla";"Reta";"Sim";1;0;1;0;0;0;1;1;-23,4633752;-46,49545323;"SPRF-SP";"DEL01-SP";"UOP01-DEL01-SP"
294509;2020-07-10;"sexta-feira";"07:55:00";"DF";20;9,1;"BRASILIA";"Falta de Atenção à Condução";"Tombamento";"Com Vítimas Feridas";"Pleno dia";"Decrescente";"Céu Claro";"Dupla";"Interseção de Vias;Reta";"Sim";1;0;1;0;0;0;1;1;-15,65328334;-47,78208911;"SPRF-DF";"DEL02-DF";"UOP01-DEL02-DF"
294510;2020-07-10;"sexta-feira";"07:41:00";"MG";0;0;"CALDAS";"Falta de Atenção à Condução";"Colisão transversal";"Sem Vítimas";"Amanhecer";"Não Informado";"Céu Claro";"Simples";"Reta";"Não";3;0;0;0;3;0;0;2;-21,827438;-46,450226;"SPRF-MG";"DEL09-MG";"UOP01-DEL09-MG"
294511;2020-07-10;"sexta-feira";"06:40:00";"ES";101;266;"SERRA";"Desobediência às normas de trânsito pelo condutor";"Colisão traseira";"Com Vítimas Feridas";"Pleno dia";"Crescente";"Céu Claro";"Múltipla";"Reta";"Sim";1;0;1;0;0;0;1;1;-20,190199;-40,26828891;"SPRF-ES";"DEL02-ES";"UOP01-DEL02-ES"
294512;2020-07-10;"sexta-feira";"07:40:00";"PR";476;133,5;"CURITIBA";"Falta de Atenção à Condução";"Colisão lateral";"Com Vítimas Feridas";"Pleno dia";"Decrescente";"Céu Claro";"Múltipla";"Reta";"Sim";2;0;1;0;1;0;1;2;-25,469219;-49,254143;"SPRF-PR";"DEL01-PR";"UOP03-DEL01-PR"
294514;2020-07-10;"sexta-feira";"07:50:00";"SC";101;461,1;"PASSO DE TORRES";"Falta de Atenção à Condução";"Capotamento";"Com Vítimas Feridas";"Pleno dia";"Decrescente";"Céu Claro";"Dupla";"Reta";"Não";3;0;2;1;0;0;3;1;-29,27577495;-49,75499332;"SPRF-RS";"DEL03-RS";"UOP02-DEL03-RS"
294516;2020-07-10;"sexta-feira";"07:45:00";"PR";277;722;"FOZ DO IGUACU";"Defeito na Via";"Engavetamento";"Sem Vítimas";"Pleno dia";"Decrescente";"Céu Claro";"Dupla";"Retorno Regulamentado";"Não";3;0;0;0;3;0;0;3;-25,49494908;-54,52095097;"SPRF-PR";"DEL05-PR";"UOP01-DEL05-PR"
294518;2020-07-10;"sexta-feira";"08:05:00";"MG";381;686;"LAVRAS";"Velocidade Incompatível";"Capotamento";"Com Vítimas Feridas";"Pleno dia";"Crescente";"Nublado";"Dupla";"Declive;Curva";"Não";2;0;1;1;0;0;2;1;-21,20030689;-45,11944438;"SPRF-MG";"DEL04-MG";"UOP02-DEL04-MG"
294522;2020-07-10;"sexta-feira";"09:00:00";"PE";423;96,4;"GARANHUNS";"Desobediência às normas de trânsito pelo condutor";"Colisão transversal";"Com Vítimas Feridas";"Pleno dia";"Decrescente";"Garoa/Chuvisco";"Simples";"Reta";"Sim";3;0;2;0;1;0;2;2;-8,88021822;-36,48651678;"SPRF-PE";"DEL03-PE";"UOP01-DEL03-PE"
294523;2020-07-10;"sexta-feira";"05:00:00";"RJ";40;114;"DUQUE DE CAXIAS";"Falta de Atenção à Condução";"Saída de leito carroçável";"Com Vítimas Feridas";"Amanhecer";"Decrescente";"Nublado";"Múltipla";"Curva";"Não";4;0;2;1;1;0;3;1;-22,71853604;-43,28993324;"SPRF-RJ";"DEL01-RJ";"UOP01-DEL01-RJ"
294524;2020-07-10;"sexta-feira";"08:45:00";"SP";116;6,9;"QUELUZ";"Animais na Pista";"Colisão frontal";"Com Vítimas Feridas";"Pleno dia";"Crescente";"Sol";"Dupla";"Curva";"Não";1;0;1;0;0;0;1;1;-22,53158181;-44,75374706;"SPRF-SP";"DEL08-SP";"UOP02-DEL08-SP"
294526;2020-07-10;"sexta-feira";"07:30:00";"PR";116;145;"MANDIRITUBA";"Falta de Atenção à Condução";"Saída de leito carroçável";"Com Vítimas Feridas";"Pleno dia";"Decrescente";"Céu Claro";"Simples";"Curva";"Não";1;0;1;0;0;0;1;1;-25,77290167;-49,32325542;"SPRF-PR";"DEL01-PR";"UOP03-DEL01-PR"
294527;2020-07-10;"sexta-feira";"08:40:00";"AL";316;83,5;"SANTANA DO IPANEMA";"Falta de Atenção à Condução";"Colisão transversal";"Com Vítimas Feridas";"Pleno dia";"Decrescente";"Céu Claro";"Dupla";"Retorno Regulamentado";"Sim";4;0;0;3;1;0;3;2;-9,366678;-37,255565;"SPRF-AL";"DEL03-AL";"UOP02-DEL03-AL"