"id";"data_inversa";"dia_semana";"horario";"uf";"br";"km";"municipio";"causa_acidente";"tipo_acidente";"classificacao_acidente";"fase_dia";"sentido_via";"condicao_metereologica";"tipo_pista";"tracado_via";"uso_solo";"pessoas";"mortos";"feridos_leves";"feridos_graves";"ilesos";"ignorados";"feridos";"veiculos";"latitude";"longitude";"regional";"delegacia";"uop"
294781;2020-07-11;"sábado";"13:10:00";"SP";116;272;"TABOAO DA SERRA";"Falta de Atenção à Condução";"Colisão lateral";"Com Vítimas Feridas";"Pleno dia";"Crescente";"Céu Claro";"Dupla";"Reta";"Sim";1;0;1;0;0;0;1;1;-23,61275572;-46,77884102;"SPRF-SP";"DEL04-SP";"UOP01-DEL04-SP"
294782;2020-07-11;"sábado";"13:20:00";"SP";381;48,3;"ATIBAIA";"Não guardar distância de segurança";"Colisão traseira";"Sem Vítimas";"Pleno dia";"Crescente";"Céu Claro";"Dupla";"Reta";"Sim";2;0;0;0;2;0;0;2;-23,19720018;-46,58736556;"SPRF-SP";"DEL03-SP";"UOP01-DEL03-SP"
294786;2020-07-11;"sábado";"13:30:00";"CE";116;18,3;"EUSEBIO";"Falta de Atenção à Condução";"Colisão lateral";"Com Vítimas Feridas";"Pleno dia";"Decrescente";"Céu Claro";"Dupla";"Reta";"Sim";3;0;1;0;2;0;1;2;-3,90496605;-38,50518756;"SPRF-CE";"DEL01-CE";"UOP02-DEL01-CE"
294787;2020-07-07;"terça-feira";"06:20:00";"SP";116;196;"ARUJA";"Falta de Atenção à Condução";"Colisão com objeto estático";"Sem Vítimas";"Amanhecer";"Crescente";"Ignorado";"Dupla";"Reta";"Não";2;0;0;0;0;2;0;2;-23,39265978;-46,2844631;"SPRF-SP";"DEL01-SP";"UOP01-DEL01-SP"
294788;2020-07-11;"sábado";"14:10:00";"SE";235;40,8;"ITABAIANA";"Ingestão de Álcool";"Colisão traseira";"Com Vítimas Feridas";"Pleno dia";"Crescente";"Chuva";"Simples";"Reta";"Não";2;0;0;1;1;0;1;2;-10,769464;-37,364246;"SPRF-SE";"DEL01-SE";"UOP02-DEL01-SE"
294789;2020-07-11;"sábado";"14:20:00";"DF";20;16;"BRASILIA";"Agressão Externa";"Saída de leito carroçável";"Com Vítimas Feridas";"Pleno dia";"Crescente";"Céu Claro";"Dupla";"Aclive";"Não";1;0;1;0;0;0;1;1;-15,625675;-47,725159;"SPRF-DF";"DEL02-DF";"UOP01-DEL02-DF"
294790;2020-07-11;"sábado";"13:15:00";"SC";282;2;"SAO JOSE";"Falta de Atenção à Condução";"Colisão lateral";"Com Vítimas Feridas";"Pleno dia";"Crescente";"Garoa/Chuvisco";"Dupla";"Reta";"Sim";3;0;1;0;2;0;1;3;-27,603289;-48,590416;"SPRF-SC";"DEL01-SC";"UOP01-DEL01-SC"
294791;2020-07-11;"sábado";"14:30:00";"RN";101;80;"NATAL";"Desobediência às normas de trânsito pelo condutor";"Colisão transversal";"Sem Vítimas";"Pleno dia";"Decrescente";"Chuva";"Dupla";"Rotatória";"Sim";2;0;0;0;2;0;0;2;-5,76308963;-35,28701305;"SPRF-RN";"DEL02-RN";"UOP01-DEL02-RN"
294792;2020-07-11;"sábado";"14:40:00";"SP";101;49;"UBATUBA";"Desobediência às normas de trânsito pelo condutor";"Colisão transversal";"Com Vítimas Feridas";"Pleno dia";"Crescente";"Céu Claro";"Simples";"Reta";"Sim";3;0;3;0;0;0;3;2;-23,44663245;-45,08121729;"SPRF-SP";"DEL06-SP";"UOP01-DEL06-SP"
294793;2020-07-11;"sábado";"14:00:00";"RJ";116;187;"NOVA IGUACU";"Falta de Atenção à Condução";"Colisão com objeto estático";"Com Vítimas Feridas";"Pleno dia";"Crescente";"Céu Claro";"Dupla";"Reta";"Sim";1;0;1;0;0;0;1;1;-22,73883756;-43,47245197;"SPRF-RJ";"DEL01-RJ";"UOP02-DEL01-RJ"
294794;2020-07-11;"sábado";"14:40:00";"RJ";116;86;"TERESOPOLIS";"Falta de Atenção à Condução";"Tombamento";"Com Vítimas Feridas";"Pleno dia";"Crescente";"Céu Claro";"Simples";"Curva";"Sim";1;0;1;0;0;0;1;1;-22,43671224;-42,94971377;"SPRF-RJ";"DEL04-RJ";"UOP01-DEL04-RJ"
294796;2020-07-11;"sábado";"14:45:00";"MG";381;505,5;"BETIM";"Ingestão de Álcool";"Colisão lateral";"Com Vítimas Feridas";"Pleno dia";"Decrescente";"Sol";"Múltipla";"Aclive;Reta";"Não";2;0;1;0;1;0;1;2;-20,04478441;-44,27276484;"SPRF-MG";"DEL01-MG";"UOP03-DEL01-MG"
294798;2020-07-11;"sábado";"13:30:00";"PB";104;165,6;"BARRA DE SANTANA";"Desobediência às normas de trânsito pelo condutor";"Colisão transversal";"Com Vítimas Feridas";"Pleno dia";"Decrescente";"Sol";"Simples";"Reta";"Não";3;0;2;0;1;0;2;2;-7,55360703;-36,0089637;"SPRF-PB";"DEL02-PB";"UOP03-DEL02-PB"
294801;2020-07-11;"sábado";"14:00:00";"RN";101;66;"EXTREMOZ";"Desobediência às normas de trânsito pelo condutor";"Colisão transversal";"Com Vítimas Feridas";"Pleno dia";"Crescente";"Chuva";"Simples";"Interseção de Vias";"Não";3;0;1;0;2;0;1;2;-5,65033356;-35,25016233;"SPRF-RN";"DEL02-RN";"UOP01-DEL02-RN"
294802;2020-07-11;"sábado";"15:20:00";"MG";381;935,9;"EXTREMA";"Falta de Atenção à Condução";"Colisão traseira";"Com Vítimas Feridas";"Pleno dia";"Crescente";"Céu Claro";"Dupla";"Reta;Declive";"Sim";3;0;2;0;1;0;2;2;-22,82329661;-46,30805019;"SPRF-MG";"DEL16-MG";"UOP03-DEL16-MG"
294803;2020-07-11;"sábado";"15:20:00";"RJ";101;267;"RIO BONITO";"Ingestão de Álcool";"Colisão lateral";"Sem Vítimas";"Pleno dia";"Crescente";"Céu Claro";"Dupla";"Reta";"Sim";2;0;0;0;2;0;0;2;-22,70728329;-42,66059086;"SPRF-RJ";"DEL02-RJ";"UOP03-DEL02-RJ"
294804;2020-07-11;"sábado";"07:40:00";"SC";282;82,9;"ALFREDO WAGNER";"Falta de Atenção à Condução";"Saída de leito carroçável";"Com Vítimas Feridas";"Pleno dia";"Decrescente";"Nublado";"Simples";"Curva";"Não";1;0;1;0;0;0;1;1;-27,662027;-49,178356;"SPRF-SC";"DEL01-SC";"UOP03-DEL01-SC"
294805;2020-07-11;"sábado";"15:30:00";"RS";116;264;"CANOAS";"Falta de Atenção à Condução";"Colisão com objeto estático";"Com Vítimas Feridas";"Pleno dia";"Decrescente";"Nublado";"Múltipla";"Reta";"Sim";1;0;0;1;0;0;1;1;-29,914435;-51,17754495;"SPRF-RS";"DEL01-RS";"UOP01-DEL01-RS"
294806;2020-07-11;"sábado";"15:50:00";"GO";40;13;"LUZIANIA";"Falta de Atenção à Condução";"Colisão traseira";"Sem Vítimas";"Pleno dia";"Decrescente";"Céu Claro";"Dupla";"Reta";"Sim";2;0;0;0;2;0;0;2;-16,151832;-47,939162;"SPRF-DF";"DEL01-DF";"UOP01-DEL01-DF"
294808;2020-07-11;"sábado";"16:00:00";"PE";104;64;"CARUARU";"Falta de Atenção à Condução";"Queda de ocupante de veículo";"Com Vítimas Feridas";"Pleno dia";"Decrescente";"Céu Claro";"Múltipla";"Reta";"Sim";1;0;1;0;0;0;1;1;-8,2783;-35,9815;"SPRF-PE";"DEL02-PE";"UOP01-DEL02-PE"
294809;2020-07-11;"sábado";"16:05:00";"MG";262;445,3;"NOVA SERRANA";"Falta de Atenção à Condução";"Colisão com objeto estático";"Com Vítimas Feridas";"Pleno dia";"Crescente";"Sol";"Simples";"Reta";"Sim";1;0;0;1;0;0;1;1;-19,87799664;-44,94086286;"SPRF-MG";"DEL08-MG";"UOP03-DEL08-MG"
294810;2020-07-11;"sábado";"14:00:00";"RO";364;662;"CANDEIAS DO JAMARI";"Falta de Atenção à Condução";"Saída de leito carroçável";"Com Vítimas Feridas";"Pleno dia";"Decrescente";"Céu Claro";"Simples";"Reta";"Não";4;0;4;0;0;0;4;1;-8,81556089;-63,45804476;"SPRF-RO";"DEL01-RO";"UOP01-DEL01-RO"
294811;2020-07-11;"sábado";"11:30:00";"MG";153;39,3;"CANAPOLIS";"Desobediência às normas de trânsito pelo condutor";"Colisão com objeto estático";"Sem Vítimas";"Pleno dia";"Crescente";"Céu Claro";"Dupla";"Reta";"Não";2;0;0;0;1;1;0;2;-18,73990623;-49,09805059;"SPRF-MG";"DEL15-MG";"UOP03-DEL15-MG"
294813;2020-07-11;"sábado";"16:15:00";"SC";101;207;"SAO JOSE";"Defeito Mecânico no Veículo";"Queda de ocupante de veículo";"Com Vítimas Feridas";"Pleno dia";"Crescente";"Chuva";"Múltipla";"Reta";"Sim";2;0;1;0;1;0;1;1;-27,60001226;-48,6226467;"SPRF-SC";"DEL01-SC";"UOP01-DEL01-SC"
294814;2020-07-11;"sábado";"16:40:00";"PB";101;86;"BAYEUX";"Falta de Atenção à Condução";"Tombamento";"Com Vítimas Feridas";"Pleno dia";"Decrescente";"Nublado";"Dupla";"Reta";"Sim";2;0;2;0;0;0;2;1;-7,15118983;-34,91012184;"SPRF-PB";"DEL01-PB";"UOP01-DEL01-PB"
294815;2020-07-11;"sábado";"16:10:00";"RS";158;565;"SANTANA DO LIVRAMENTO";"Desobediência às normas de trânsito pelo condutor";"Colisão transversal";"Com Vítimas Feridas";"Pleno dia";"Decrescente";"Céu Claro";"Simples";"Rotatória";"Sim";2;0;1;0;1;0;1;2;-30,868536;-55,50789;"SPRF-RS";"DEL11-RS";"UOP01-DEL11-RS"
294816;2020-07-11;"sábado";"15:15:00";"RO";364;711;"PORTO VELHO";"Falta de Atenção à Condução";"Colisão traseira";"Sem Vítimas";"Pleno dia";"Crescente";"Sol";"Simples";"Interseção de Vias";"Sim";2;0;0;0;2;0;0;2;-8,77331583;-63,87969248;"SPRF-RO";"DEL01-RO";"UOP01-DEL01-RO"
294818;2020-07-11;"sábado";"16:45:00";"DF";20;31;"BRASILIA";"Ingestão de Álcool";"Colisão traseira";"Com Vítimas Feridas";"Pleno dia";"Crescente";"Céu Claro";"Dupla";"Aclive";"Não";2;0;1;0;1;0;1;2;-15,592531;-47,594936;"SPRF-DF";"DEL02-DF";"UOP01-DEL02-DF"
294819;2020-07-11;"sábado";"17:13:00";"MG";40;772;"JUIZ DE FORA";"Falta de Atenção à Condução";"Saída de leito carroçável";"Com Vítimas Feridas";"Pleno dia";"Crescente";"Sol";"Simples";"Reta";"Não";1;0;1;0;0;0;1;1;-21,61781996;-43,45469344;"SPRF-MG";"DEL05-MG";"UOP01-DEL05-MG"
294820;2020-07-11;"sábado";"15:30:00";"MG";116;410;"GOVERNADOR VALADARES";"Falta de Atenção à Condução";"Colisão transversal";"Com Vítimas Feridas";"Pleno dia";"Decrescente";"Céu Claro";"Dupla";"Reta";"Sim";2;0;1;0;1;0;1;2;-18,855625;-41,975623;"SPRF-MG";"DEL06-MG";"UOP01-DEL06-MG"
294822;2020-07-11;"sábado";"17:25:00";"PB";230;172;"CAMPINA GRANDE";"Ultrapassagem Indevida";"Colisão frontal";"Com Vítimas Feridas";"Anoitecer";"Decrescente";"Céu Claro";"Simples";"Reta";"Sim";2;0;0;1;1;0;1;2;-7,1798;-36,0027;"SPRF-PB";"DEL02-PB";"UOP02-DEL02-PB"
294823;2020-07-11;"sábado";"15:15:00";"MG";50;126,5;"UBERABA";"Falta de Atenção à Condução";"Saída de leito carroçável";"Sem Vítimas";"Pleno dia";"Decrescente";"Céu Claro";"Dupla";"Curva";"Não";2;0;0;0;2;0;0;1;-19,35661694;-48,08567397;"SPRF-MG";"DEL13-MG";"UOP01-DEL13-MG"
294824;2020-07-11;"sábado";"17:30:00";"BA";324;614;"SALVADOR";"Ingestão de Álcool";"Queda de ocupante de veículo";"Com Vítimas Feridas";"Plena Noite";"Decrescente";"Nublado";"Dupla";"Reta";"Sim";1;0;1;0;0;0;1;1;-12,8639793;-38,42370126;"SPRF-BA";"DEL01-BA";"UOP03-DEL01-BA"
294825;2020-07-11;"sábado";"17:50:00";"PA";163;967;"BELTERRA";"Ingestão de Álcool";"Queda de ocupante de veículo";"Com Vítimas Feridas";"Pleno dia";"Decrescente";"Céu Claro";"Simples";"Reta";"Sim";1;0;1;0;0;0;1;1;-2,67213695;-54,84204847;"SPRF-PA";"DEL05-PA";"UOP01-DEL05-PA"
294826;2020-07-11;"sábado";"15:00:00";"MG";50;174;"UBERABA";"Defeito Mecânico no Veículo";"Queda de ocupante de veículo";"Com Vítimas Feridas";"Pleno dia";"Crescente";"Céu Claro";"Dupla";"Curva";"Sim";2;0;2;0;0;0;2;1;-19,770817;-47,973434;"SPRF-MG";"DEL13-MG";"UOP01-DEL13-MG"
294831;2020-07-11;"sábado";"16:25:00";"PR";277;199,1;"PALMEIRA";"Velocidade Incompatível";"Saída de leito carroçável";"Com Vítimas Feridas";"Pleno dia";"Crescente";"Céu Claro";"Simples";"Curva";"Não";4;0;1;0;3;0;1;1;-25,4498143;-50,19419485;"SPRF-PR";"DEL03-PR";"UOP03-DEL03-PR"
294832;2020-07-11;"sábado";"18:30:00";"BA";407;177;"PONTO NOVO";"Ingestão de Álcool";"Colisão lateral";"Com Vítimas Fatais";"Plena Noite";"Crescente";"Céu Claro";"Simples";"Reta";"Não";1;1;0;0;0;0;0;1;-10,909481;-40,107913;"SPRF-BA";"DEL04-BA";"UOP02-DEL04-BA"
294834;2020-07-11;"sábado";"17:50:00";"MT";364;401;"CUIABA";"Sinalização da via insuficiente ou inadequada";"Colisão com objeto estático";"Com Vítimas Feridas";"Anoitecer";"Crescente";"Céu Claro";"Múltipla";"Reta";"Sim";5;0;3;2;0;0;5;2;-15,65246154;-55,99388123;"SPRF-MT";"DEL01-MT";"UOP02-DEL01-MT"
294836;2020-07-11;"sábado";"18:45:00";"ES";101;269;"SERRA";"Desobediência às normas de trânsito pelo condutor";"Colisão frontal";"Com Vítimas Feridas";"Anoitecer";"Crescente";"Céu Claro";"Múltipla";"Reta";"Sim";2;0;0;2;0;0;2;2;-20,22345796;-40,27046269;"SPRF-ES";"DEL02-ES";"UOP01-DEL02-ES"
294837;2020-07-11;"sábado";"17:00:00";"MT";163;107;"RONDONOPOLIS";"Ingestão de Álcool";"Saída de leito carroçável";"Com Vítimas Feridas";"Pleno dia";"Crescente";"Céu Claro";"Dupla";"Reta";"Não";2;0;1;0;0;1;1;2;-16,60299611;-54,69717573;"SPRF-MT";"DEL02-MT";"UOP01-DEL02-MT"
294838;2020-07-11;"sábado";"18:40:00";"MG";50;198;"DELTA";"Animais na Pista";"Atropelamento de Animal";"Sem Vítimas";"Pleno dia";"Decrescente";"Céu Claro";"Dupla";"Reta";"Não";1;0;0;0;1;0;0;1;-19,91852802;-47,82724402;"SPRF-MG";"DEL13-MG";"UOP01-DEL13-MG"
294840;2020-07-11;"sábado";"18:15:00";"RS";116;315;"GUAIBA";"Falta de Atenção do Pedestre";"Atropelamento de Pedestre";"Com Vítimas Feridas";"Plena Noite";"Decrescente";"Nublado";"Simples";"Reta";"Não";2;0;0;1;1;0;1;2;-30,24564098;-51,40594986;"SPRF-RS";"DEL02-RS";"UOP01-DEL02-RS"
294841;2020-07-11;"sábado";"18:05:00";"PI";343;332,4;"TERESINA";"Não guardar distância de segurança";"Tombamento";"Com Vítimas Feridas";"Anoitecer";"Crescente";"Céu Claro";"Dupla";"Reta";"Não";2;0;2;0;0;0;2;1;-5,058209;-42,66679;"SPRF-PI";"DEL01-PI";"UOP01-DEL01-PI"
294843;2020-07-11;"sábado";"18:10:00";"RS";158;164,3;"PEJUCARA";"Velocidade Incompatível";"Saída de leito carroçável";"Com Vítimas Feridas";"Plena Noite";"Decrescente";"Chuva";"Simples";"Reta";"Não";1;0;1;0;0;0;1;1;-28,39351455;-53,52676392;"SPRF-RS";"DEL10-RS";"UOP02-DEL10-RS"
294845;2020-07-11;"sábado";"19:00:00";"PR";277;689;"SAO MIGUEL DO IGUACU";"Falta de Atenção à Condução";"Colisão com objeto estático";"Com Vítimas Feridas";"Anoitecer";"Decrescente";"Céu Claro";"Dupla";"Curva";"Não";4;0;3;0;1;0;3;1;-25,35059002;-54,24064696;"SPRF-PR";"DEL05-PR";"UOP01-DEL05-PR"
294848;2020-07-11;"sábado";"17:40:00";"PE";232;413,7;"SERRA TALHADA";"Falta de Atenção à Condução";"Queda de ocupante de veículo";"Com Vítimas Feridas";"Plena Noite";"Decrescente";"Céu Claro";"Simples";"Reta";"Não";1;0;0;1;0;0;1;1;-7,98857087;-38,32972307;"SPRF-PE";"DEL04-PE";"UOP01-DEL04-PE"
294850;2020-07-11;"sábado";"19:00:00";"DF";70;11,3;"BRASILIA";"Desobediência às normas de trânsito pelo condutor";"Colisão traseira";"Com Vítimas Feridas";"Plena Noite";"Crescente";"Céu Claro";"Dupla";"Reta";"Sim";2;0;1;0;0;1;1;2;-15,789762;-48,148727;"SPRF-DF";"DEL03-DF";"UOP02-DEL03-DF"
294851;2020-07-03;"sexta-feira";"17:30:00";"CE";222;240,9;"SOBRAL";"Defeito Mecânico no Veículo";"Queda de ocupante de veículo";"Com Vítimas Feridas";"Anoitecer";"Crescente";"Céu Claro";"Simples";"Reta";"Não";2;0;2;0;0;0;2;1;-3,73114511;-40,47678794;"SPRF-CE";"DEL04-CE";"UOP01-DEL04-CE"
294852;2020-07-11;"sábado";"19:40:00";"PR";163;83,2;"PLANALTO";"Falta de Atenção à Condução";"Colisão transversal";"Sem Vítimas";"Plena Noite";"Decrescente";"Céu Claro";"Simples";"Curva;Declive;Interseção de Vias";"Sim";6;0;0;0;5;1;0;2;-25,710028;-53,768545;"SPRF-PR";"DEL02-PR";"UOP02-DEL02-PR"
294853;2020-07-11;"sábado";"17:50:00";"PR";369;66;"SANTA MARIANA";"Desobediência às normas de trânsito pelo condutor";"Colisão frontal";"Com Vítimas Feridas";"Anoitecer";"Decrescente";"Céu Claro";"Simples";"Aclive;Curva";"Não";2;0;1;0;1;0;1;2;-23,1275;-50,4597;"SPRF-PR";"DEL07-PR";"UOP05-DEL07-PR"
294854;2020-07-11;"sábado";"18:30:00";"GO";70;19,2;"COCALZINHO DE GOIAS";"Falta de Atenção à Condução";"Colisão traseira";"Com Vítimas Feridas";"Plena Noite";"Decrescente";"Céu Claro";"Simples";"Declive";"Não";1;0;0;1;0;0;1;1;-15,74341871;-48,36574849;"SPRF-DF";"DEL03-DF";"UOP02-DEL03-DF"
294855;2020-07-11;"sábado";"19:30:00";"SE";235;9;"NOSSA SENHORA DO SOCORRO";"Ingestão de Álcool";"Colisão frontal";"Com Vítimas Feridas";"Plena Noite";"Decrescente";"Chuva";"Simples";"Reta";"Não";2;0;1;0;0;1;1;2;-10,883585;-37,13908;"SPRF-SE";"DEL01-SE";"UOP01-DEL01-SE"
294856;2020-07-11;"sábado";"19:10:00";"PE";101;80,2;"JABOATAO DOS GUARARAPES";"Ingestão de Álcool";"Saída de leito carroçável";"Sem Vítimas";"Plena Noite";"Crescente";"Chuva";"Múltipla";"Reta";"Não";1;0;0;0;1;0;0;1;-8,155594;-34,941726;"SPRF-PE";"DEL01-PE";"UOP03-DEL01-PE"
294857;2020-07-11;"sábado";"19:30:00";"PR";376;180,4;"MARINGA";"Falta de Atenção à Condução";"Colisão traseira";"Com Vítimas Feridas";"Plena Noite";"Crescente";"Céu Claro";"Dupla";"Reta";"Sim";3;0;1;1;1;0;2;2;-23,42725352;-51,89512271;"SPRF-PR";"DEL09-PR";"UOP01-DEL09-PR"
294858;2020-07-11;"sábado";"18:00:00";"RS";116;142,1;"CAXIAS DO SUL";"Ingestão de Álcool";"Colisão com objeto estático";"Sem Vítimas";"Anoitecer";"Crescente";"Chuva";"Dupla";"Interseção de Vias";"Sim";1;0;0;0;1;0;0;1;-29,11727;-51,115208;"SPRF-RS";"DEL05-RS";"UOP01-DEL05-RS"
294859;2020-07-11;"sábado";"16:15:00";"SC";101;316;"LAGUNA";"Falta de Atenção à Condução";"Saída de leito carroçável";"Com Vítimas Feridas";"Pleno dia";"Crescente";"Chuva";"Múltipla";"Curva";"Sim";1;0;1;0;0;0;1;1;-28,42904239;-48,84257464;"SPRF-SC";"DEL02-SC";"UOP01-DEL02-SC"
294861;2020-07-11;"sábado";"19:00:00";"MA";135;17;"SAO LUIS";"Desobediência às normas de trânsito pelo condutor";"Colisão frontal";"Com Vítimas Feridas";"Plena Noite";"Decrescente";"Céu Claro";"Simples";"Reta";"Sim";2;0;1;0;0;1;1;2;-2,553803;-44,34750622;"SPRF-MA";"DEL01-MA";"UOP01-DEL01-MA"
294862;2020-07-11;"sábado";"20:00:00";"RJ";40;113;"DUQUE DE CAXIAS";"Não guardar distância de segurança";"Engavetamento";"Com Vítimas Feridas";"Plena Noite";"Decrescente";"Nublado";"Múltipla";"Reta";"Não";7;0;4;0;3;0;4;4;-22,70948502;-43,29040354;"SPRF-RJ";"DEL01-RJ";"UOP01-DEL01-RJ"
294863;2020-07-11;"sábado";"17:05:00";"SC";101;315,5;"PESCARIA BRAVA";"Falta de Atenção à Condução";"Colisão com objeto estático";"Com Vítimas Feridas";"Pleno dia";"Crescente";"Garoa/Chuvisco";"Dupla";"Viaduto;Curva";"Sim";1;0;1;0;0;0;1;1;-28,42510887;-48,85448456;"SPRF-SC";"DEL02-SC";"UOP01-DEL02-SC"
294864;2020-07-11;"sábado";"18:45:00";"PR";277;429,2;"CANTAGALO";"Falta de Atenção à Condução";"Saída de leito carroçável";"Sem Vítimas";"Anoitecer";"Crescente";"Céu Claro";"Simples";"Reta";"Não";1;0;0;0;1;0;0;1;-25,38220585;-52,11624364;"SPRF-PR";"DEL04-PR";"UOP02-DEL04-PR"
294865;2020-07-11;"sábado";"20:00:00";"PR";376;3;"MANDAGUARI";"Desobediência às normas de trânsito pelo condutor";"Colisão lateral";"Com Vítimas Feridas";"Plena Noite";"Crescente";"Céu Claro";"Simples";"Curva";"Sim";2;0;1;0;1;0;1;2;-23,516781;-51,687399;"SPRF-PR";"DEL09-PR";"UOP01-DEL09-PR"
294866;2020-07-11;"sábado";"20:00:00";"PR";158;533,9;"PATO BRANCO";"Desobediência às normas de trânsito pelo condutor";"Colisão traseira";"Sem Vítimas";"Plena Noite";"Decrescente";"Chuva";"Simples";"Declive";"Sim";2;0;0;0;2;0;0;2;-26,21972809;-52,68262891;"SPRF-PR";"DEL02-PR";"UOP01-DEL02-PR"
294867;2020-07-11;"sábado";"20:30:00";"PA";10;18;"DOM ELISEU";"Falta de Atenção à Condução";"Colisão transversal";"Com Vítimas Feridas";"Plena Noite";"Crescente";"Céu Claro";"Simples";"Interseção de Vias";"Sim";2;0;0;1;0;1;1;2;-4,293095;-47,556904;"SPRF-PA";"DEL02-PA";"UOP02-DEL02-PA"
294868;2020-07-11;"sábado";"20:30:00";"SC";101;91,8;"BARRA VELHA";"Falta de Atenção à Condução";"Saída de leito carroçável";"Com Vítimas Feridas";"Plena Noite";"Decrescente";"Nublado";"Dupla";"Reta";"Não";1;0;1;0;0;0;1;1;-26,67120698;-48,69011814;"SPRF-SC";"DEL03-SC";"UOP02-DEL03-SC"
294869;2020-07-11;"sábado";"20:02:00";"SP";116;428,9;"JUQUIA";"Ingestão de Álcool";"Colisão lateral";"Com Vítimas Feridas";"Plena Noite";"Crescente";"Céu Claro";"Simples";"Aclive";"Sim";4;0;1;0;3;0;1;2;-24,39812738;-47,73037075;"SPRF-SP";"DEL05-SP";"UOP01-DEL05-SP"
294872;2020-07-11;"sábado";"20:00:00";"BA";110;400;"SAO SEBASTIAO DO PASSE";"Defeito na Via";"Incêndio";"Sem Vítimas";"Plena Noite";"Crescente";"Céu Claro";"Simples";"Reta";"Não";1;0;0;0;1;0;0;1;-12,50766107;-38,49626949;"SPRF-BA";"DEL01-BA";"UOP01-DEL01-BA"
294873;2020-07-11;"sábado";"20:00:00";"ES";101;266;"SERRA";"Falta de Atenção à Condução";"Colisão traseira";"Com Vítimas Feridas";"Plena Noite";"Crescente";"Céu Claro";"Múltipla";"Reta";"Sim";3;0;0;1;2;0;1;2;-20,190199;-40,26828891;"SPRF-ES";"DEL02-ES";"UOP01-DEL02-ES"
294874;2020-07-11;"sábado";"20:35:00";"ES";101;346;"GUARAPARI";"Falta de Atenção do Pedestre";"Atropelamento de Pedestre";"Com Vítimas Feridas";"Plena Noite";"Crescente";"Céu Claro";"Simples";"Reta";"Não";2;0;1;0;1;0;1;2;-20,6572762;-40,6175371;"SPRF-ES";"DEL03-ES";"UOP01-DEL03-ES"
294877;2020-07-11;"sábado";"21:00:00";"SC";101;199;"BIGUACU";"Ingestão de Álcool";"Tombamento";"Com Vítimas Feridas";"Plena Noite";"Decrescente";"Chuva";"Dupla";"Reta";"Sim";1;0;1;0;0;0;1;1;-27,53413705;-48,63003205;"SPRF-SC";"DEL01-SC";"UOP01-DEL01-SC"
294878;2020-07-11;"sábado";"19:10:00";"GO";20;185;"SIMOLANDIA";"Falta de Atenção à Condução";"Saída de leito carroçável";"Com Vítimas Feridas";"Plena Noite";"Crescente";"Céu Claro";"Dupla";"Curva";"Não";3;0;1;1;1;0;2;1;-14,443042;-46,462242;"SPRF-DF";"DEL02-DF";"UOP03-DEL02-DF"
294880;2020-07-11;"sábado";"19:00:00";"PR";376;491,5;"PONTA GROSSA";"Ingestão de Álcool";"Colisão traseira";"Com Vítimas Feridas";"Plena Noite";"Crescente";"Céu Claro";"Dupla";"Reta";"Sim";2;0;2;0;0;0;2;2;-25,15130703;-50,1421625;"SPRF-PR";"DEL03-PR";"UOP04-DEL03-PR"
294881;2020-07-11;"sábado";"21:25:00";"PB";101;92;"JOAO PESSOA";"Velocidade Incompatível";"Engavetamento";"Sem Vítimas";"Plena Noite";"Decrescente";"Chuva";"Dupla";"Reta";"Não";3;0;0;0;3;0;0;3;-7,19683829;-34,90588313;"SPRF-PB";"DEL01-PB";"UOP02-DEL01-PB"
294882;2020-07-11;"sábado";"20:50:00";"RS";116;243,8;"SAO LEOPOLDO";"Ingestão de Álcool";"Colisão traseira";"Sem Vítimas";"Plena Noite";"Decrescente";"Nublado";"Dupla";"Reta";"Sim";4;0;0;0;4;0;0;3;-29,73196199;-51,14952004;"SPRF-RS";"DEL01-RS";"UOP02-DEL01-RS"
294884;2020-07-11;"sábado";"08:00:00";"ES";259;101,2;"BAIXO GUANDU";"Ingestão de Álcool";"Colisão frontal";"Sem Vítimas";"Plena Noite";"Decrescente";"Céu Claro";"Simples";"Reta";"Sim";2;0;0;0;2;0;0;2;-19,52128321;-41,00425422;"SPRF-ES";"DEL02-ES";"UOP01-DEL02-ES"
294885;2020-07-11;"sábado";"21:00:00";"BA";135;20;"FORMOSA DO RIO PRETO";"Falta de Atenção à Condução";"Colisão frontal";"Com Vítimas Fatais";"Plena Noite";"Crescente";"Céu Claro";"Simples";"Reta";"Não";2;1;0;0;1;0;0;2;-10,99912297;-45,20659031;"SPRF-BA";"DEL10-BA";"UOP01-DEL10-BA"
294887;2020-07-11;"sábado";"18:00:00";"SC";280;78,2;"JARAGUA DO SUL";"Falta de Atenção à Condução";"Saída de leito carroçável";"Com Vítimas Feridas";"Plena Noite";"Decrescente";"Céu Claro";"Simples";"Reta";"Não";2;0;1;0;0;1;1;1;-26,45019273;-49,1935729;"SPRF-SC";"DEL06-SC";"UOP03-DEL06-SC"
294888;2020-07-11;"sábado";"21:00:00";"RS";470;228;"GARIBALDI";"Ingestão de Álcool";"Colisão lateral";"Sem Vítimas";"Plena Noite";"Decrescente";"Chuva";"Simples";"Curva";"Não";3;0;0;0;3;0;0;1;-29,21759706;-51,51703722;"SPRF-RS";"DEL06-RS";"UOP01-DEL06-RS"