"id";"data_inversa";"dia_semana";"horario";"uf";"br";"km";"municipio";"causa_acidente";"tipo_acidente";"classificacao_acidente";"fase_dia";"sentido_via";"condicao_metereologica";"tipo_pista";"tracado_via";"uso_solo";"pessoas";"mortos";"feridos_leves";"feridos_graves";"ilesos";"ignorados";"feridos";"veiculos";"latitude";"longitude";"regional";"delegacia";"uop"
294890;2020-07-11;"sábado";"21:06:00";"RS";116;243,9;"SAO LEOPOLDO";"Ingestão de Álcool";"Colisão traseira";"Sem Vítimas";"Plena Noite";"Crescente";"Nublado";"Múltipla";"Curva";"Sim";3;0;0;0;2;1;0;3;-29,73196199;-51,14952004;"SPRF-RS";"DEL01-RS";"UOP02-DEL01-RS"
294891;2020-07-11;"sábado";"20:40:00";"SP";116;155,7;"SAO JOSE DOS CAMPOS";"Agressão Externa";"Colisão traseira";"Sem Vítimas";"Plena Noite";"Crescente";"Céu Claro";"Dupla";"Reta";"Sim";1;0;0;0;1;0;0;1;-23,24524337;-45,92772774;"SPRF-SP";"DEL02-SP";"UOP01-DEL02-SP"
294892;2020-07-11;"sábado";"21:30:00";"SP";116;109,3;"TAUBATE";"Falta de Atenção à Condução";"Colisão traseira";"Com Vítimas Feridas";"Plena Noite";"Crescente";"Céu Claro";"Dupla";"Reta";"Sim";2;0;1;0;1;0;1;2;-23,02780501;-45,54403782;"SPRF-SP";"DEL06-SP";"UOP01-DEL06-SP"
294894;2020-07-11;"sábado";"20:30:00";"SP";381;4,1;"VARGEM";"Velocidade Incompatível";"Saída de leito carroçável";"Com Vítimas Fatais";"Plena Noite";"Crescente";"Céu Claro";"Dupla";"Curva";"Sim";1;1;0;0;0;0;0;1;-22,8826217;-46,40779515;"SPRF-SP";"DEL03-SP";"UOP01-DEL03-SP"
294895;2020-07-11;"sábado";"22:00:00";"PR";277;83,2;"CURITIBA";"Velocidade Incompatível";"Saída de leito carroçável";"Com Vítimas Fatais";"Plena Noite";"Decrescente";"Nublado";"Dupla";"Curva";"Sim";1;1;0;0;0;0;0;1;-25,44837053;-49,23005819;"SPRF-PR";"DEL01-PR";"UOP06-DEL01-PR"
294896;2020-07-11;"sábado";"12:30:00";"SP";381;27;"ATIBAIA";"Falta de Atenção à Condução";"Queda de ocupante de veículo";"Com Vítimas Feridas";"Pleno dia";"Crescente";"Céu Claro";"Dupla";"Reta";"Não";1;0;1;0;0;0;1;1;-23,03325858;-46,54275266;"SPRF-SP";"DEL03-SP";"UOP01-DEL03-SP"
294897;2020-07-11;"sábado";"17:15:00";"SC";470;18;"ILHOTA";"Falta de Atenção à Condução";"Tombamento";"Com Vítimas Feridas";"Pleno dia";"Crescente";"Céu Claro";"Simples";"Reta";"Não";1;0;0;1;0;0;1;1;-26,855534;-48,808922;"SPRF-SC";"DEL04-SC";"UOP04-DEL04-SC"
294899;2020-07-11;"sábado";"19:00:00";"RS";470;199,9;"BENTO GONCALVES";"Ingestão de Álcool";"Saída de leito carroçável";"Sem Vítimas";"Plena Noite";"Crescente";"Nevoeiro/Neblina";"Simples";"Curva";"Não";2;0;0;0;2;0;0;1;-29,06794849;-51,57686234;"SPRF-RS";"DEL06-RS";"UOP02-DEL06-RS"
294900;2020-07-11;"sábado";"19:20:00";"SC";101;179;"BIGUACU";"Falta de Atenção à Condução";"Tombamento";"Com Vítimas Feridas";"Anoitecer";"Decrescente";"Chuva";"Simples";"Reta";"Sim";1;0;1;0;0;0;1;1;-27,37839619;-48,63059789;"SPRF-SC";"DEL01-SC";"UOP01-DEL01-SC"
294901;2020-07-11;"sábado";"21:20:00";"BA";101;98;"ALAGOINHAS";"Condutor Dormindo";"Saída de leito carroçável";"Com Vítimas Feridas";"Plena Noite";"Crescente";"Chuva";"Simples";"Interseção de Vias";"Não";1;0;1;0;0;0;1;1;-12,12395106;-38,39300331;"SPRF-BA";"DEL01-BA";"UOP04-DEL01-BA"
294902;2020-07-11;"sábado";"22:20:00";"ES";101;269,5;"SERRA";"Desobediência às normas de trânsito pelo condutor";"Colisão transversal";"Com Vítimas Feridas";"Plena Noite";"Crescente";"Céu Claro";"Múltipla";"Reta";"Sim";2;0;0;1;1;0;1;2;-20,22189199;-40,27034283;"SPRF-ES";"DEL02-ES";"UOP01-DEL02-ES"
294903;2020-07-11;"sábado";"21:50:00";"PI";316;318;"PICOS";"Falta de Atenção à Condução";"Colisão traseira";"Com Vítimas Feridas";"Plena Noite";"Decrescente";"Céu Claro";"Simples";"Curva";"Não";2;0;1;0;0;1;1;2;-7,08606465;-41,40601287;"SPRF-PI";"DEL04-PI";"UOP01-DEL04-PI"
294904;2020-07-11;"sábado";"22:45:00";"SC";101;191;"BIGUACU";"Velocidade Incompatível";"Colisão com objeto estático";"Com Vítimas Feridas";"Plena Noite";"Decrescente";"Chuva";"Dupla";"Curva";"Sim";1;0;1;0;0;0;1;1;-27,47730273;-48,64127329;"SPRF-SC";"DEL01-SC";"UOP01-DEL01-SC"
294905;2020-07-11;"sábado";"22:20:00";"GO";153;439;"ANAPOLIS";"Falta de Atenção à Condução";"Colisão traseira";"Com Vítimas Feridas";"Plena Noite";"Decrescente";"Céu Claro";"Dupla";"Reta";"Sim";4;0;1;0;3;0;1;2;-16,298529;-48,928207;"SPRF-GO";"DEL02-GO";"UOP01-DEL02-GO"
294906;2020-07-11;"sábado";"21:50:00";"MG";116;516;"UBAPORANGA";"Ingestão de Álcool";"Saída de leito carroçável";"Com Vítimas Feridas";"Plena Noite";"Crescente";"Céu Claro";"Simples";"Curva";"Não";5;0;4;0;0;1;4;1;-19,69403141;-42,1181488;"SPRF-MG";"DEL06-MG";"UOP02-DEL06-MG"
294907;2020-07-11;"sábado";"23:00:00";"SP";116;279;"EMBU DAS ARTES";"Velocidade Incompatível";"Colisão com objeto estático";"Sem Vítimas";"Plena Noite";"Crescente";"Céu Claro";"Dupla";"Reta";"Sim";1;0;0;0;1;0;0;1;-23,64126121;-46,83720589;"SPRF-SP";"DEL04-SP";"UOP01-DEL04-SP"
294908;2020-07-11;"sábado";"22:20:00";"PR";277;642;"CEU AZUL";"Falta de Atenção à Condução";"Saída de leito carroçável";"Sem Vítimas";"Pleno dia";"Decrescente";"Céu Claro";"Simples";"Reta";"Não";1;0;0;0;0;1;0;1;-25,18289824;-53,87111011;"SPRF-PR";"DEL05-PR";"UOP02-DEL05-PR"
294910;2020-07-11;"sábado";"22:50:00";"ES";101;148;"LINHARES";"Desobediência às normas de trânsito pelo condutor";"Colisão transversal";"Com Vítimas Feridas";"Plena Noite";"Crescente";"Céu Claro";"Simples";"Reta";"Sim";2;0;0;1;1;0;1;2;-19,38787399;-40,06752766;"SPRF-ES";"DEL04-ES";"UOP01-DEL04-ES"
294911;2020-07-11;"sábado";"23:10:00";"RJ";116;176,6;"NOVA IGUACU";"Falta de Atenção à Condução";"Atropelamento de Pedestre";"Com Vítimas Feridas";"Plena Noite";"Crescente";"Ignorado";"Dupla";"Reta";"Sim";2;0;0;1;0;1;1;2;-22,77496393;-43,40081465;"SPRF-RJ";"DEL01-RJ";"UOP02-DEL01-RJ"
294912;2020-04-07;"terça-feira";"05:45:00";"SC";280;75;"JARAGUA DO SUL";"Animais na Pista";"Capotamento";"Com Vítimas Feridas";"Pleno dia";"Decrescente";"Céu Claro";"Simples";"Reta";"Não";1;0;1;0;0;0;1;1;-26,458391;-49,170483;"SPRF-SC";"DEL03-SC";"UOP03-DEL03-SC"
294913;2020-07-11;"sábado";"22:54:00";"MG";381;481;"CONTAGEM";"Falta de Atenção à Condução";"Tombamento";"Com Vítimas Feridas";"Plena Noite";"Decrescente";"Céu Claro";"Múltipla";"Rotatória";"Sim";1;0;1;0;0;0;1;1;-19,95948429;-44,06432748;"SPRF-MG";"DEL01-MG";"UOP03-DEL01-MG"
294915;2020-07-11;"sábado";"22:30:00";"PR";376;2,8;"MANDAGUARI";"Falta de Atenção à Condução";"Colisão lateral";"Sem Vítimas";"Plena Noite";"Crescente";"Céu Claro";"Simples";"Reta";"Sim";4;0;0;0;4;0;0;2;-23,51549556;-51,69402122;"SPRF-PR";"DEL09-PR";"UOP01-DEL09-PR"
294916;2020-07-12;"domingo";"00:20:00";"BA";242;786,2;"BARREIRAS";"Animais na Pista";"Capotamento";"Com Vítimas Feridas";"Plena Noite";"Crescente";"Céu Claro";"Simples";"Reta";"Não";2;0;1;0;1;0;1;1;-12,14171122;-44,95502472;"SPRF-BA";"DEL10-BA";"UOP01-DEL10-BA"
294917;2020-07-11;"sábado";"23:15:00";"RJ";393;251,8;"BARRA DO PIRAI";"Falta de Atenção do Pedestre";"Atropelamento de Pedestre";"Com Vítimas Feridas";"Pleno dia";"Crescente";"Céu Claro";"Simples";"Reta";"Não";2;0;1;0;1;0;1;2;-22,42817793;-43,76843108;"SPRF-RJ";"DEL05-RJ";"UOP04-DEL05-RJ"
294918;2020-07-11;"sábado";"19:30:00";"SC";282;229,3;"SAO JOSE DO CERRITO";"Ingestão de Álcool";"Colisão frontal";"Com Vítimas Feridas";"Plena Noite";"Decrescente";"Garoa/Chuvisco";"Simples";"Curva";"Não";3;0;2;1;0;0;3;2;-27,791073;-50,416897;"SPRF-SC";"DEL05-SC";"UOP02-DEL05-SC"
294919;2020-07-11;"sábado";"22:10:00";"RS";116;245;"CANOAS";"Falta de Atenção à Condução";"Tombamento";"Com Vítimas Feridas";"Plena Noite";"Decrescente";"Chuva";"Simples";"Reta";"Sim";1;0;1;0;0;0;1;1;-29,9266424;-51,1777037;"SPRF-RS";"DEL01-RS";"UOP02-DEL01-RS"
294921;2020-07-11;"sábado";"22:30:00";"RR";401;1;"BOA VISTA";"Desobediência às normas de trânsito pelo condutor";"Colisão lateral";"Com Vítimas Feridas";"Plena Noite";"Crescente";"Ignorado";"Múltipla";"Interseção de Vias";"Sim";3;0;1;0;1;1;1;2;2,80229396;-60,68243402;"SPRF-RR";"DEL01-RR";"UOP01-DEL01-RR"
294923;2020-07-11;"sábado";"21:00:00";"RS";116;153;"CAXIAS DO SUL";"Ingestão de Álcool";"Colisão com objeto estático";"Sem Vítimas";"Plena Noite";"Crescente";"Garoa/Chuvisco";"Dupla";"Reta";"Sim";1;0;0;0;0;1;0;1;-29,18579758;-51,17713005;"SPRF-RS";"DEL05-RS";"UOP01-DEL05-RS"
294924;2020-07-11;"sábado";"22:00:00";"MS";163;255,8;"DOURADOS";"Falta de Atenção à Condução";"Colisão com objeto estático";"Com Vítimas Feridas";"Plena Noite";"Crescente";"Chuva";"Dupla";"Curva";"Não";1;0;1;0;0;0;1;1;-22,27184267;-54,81657129;"SPRF-MS";"DEL04-MS";"UOP01-DEL04-MS"
294925;2020-07-11;"sábado";"21:15:00";"MA";135;65,5;"BACABEIRA";"Deficiência ou não Acionamento do Sistema de Iluminação/Sinalização do Veículo";"Colisão frontal";"Com Vítimas Feridas";"Plena Noite";"Crescente";"Nublado";"Simples";"Reta";"Não";3;0;1;1;1;0;2;2;-3,09675002;-44,3220647;"SPRF-MA";"DEL01-MA";"UOP02-DEL01-MA"
294926;2020-07-11;"sábado";"23:00:00";"GO";70;467,7;"ARAGARCAS";"Velocidade Incompatível";"Colisão lateral";"Com Vítimas Feridas";"Plena Noite";"Decrescente";"Céu Claro";"Dupla";"Reta";"Sim";2;0;1;0;1;0;1;2;-15,89722011;-52,23501205;"SPRF-GO";"DEL04-GO";"UOP01-DEL04-GO"
294928;2020-07-12;"domingo";"01:00:00";"SC";470;3,9;"NAVEGANTES";"Ingestão de Álcool";"Capotamento";"Com Vítimas Feridas";"Plena Noite";"Crescente";"Nublado";"Simples";"Rotatória";"Sim";1;0;1;0;0;0;1;1;-26,858588;-48,690637;"SPRF-SC";"DEL04-SC";"UOP04-DEL04-SC"
294929;2020-07-11;"sábado";"20:10:00";"MG";365;622,8;"UBERLANDIA";"Não guardar distância de segurança";"Colisão lateral";"Com Vítimas Feridas";"Plena Noite";"Crescente";"Céu Claro";"Múltipla";"Reta";"Sim";1;0;0;1;0;0;1;1;-18,90751667;-48,29937209;"SPRF-MG";"DEL15-MG";"UOP01-DEL15-MG"
294930;2020-07-12;"domingo";"01:00:00";"RJ";356;73;"ITALVA";"Desobediência às normas de trânsito pelo condutor";"Saída de leito carroçável";"Com Vítimas Feridas";"Plena Noite";"Decrescente";"Céu Claro";"Simples";"Reta";"Não";1;0;1;0;0;0;1;1;-21,40493399;-41,68898216;"SPRF-RJ";"DEL08-RJ";"UOP03-DEL08-RJ"
294931;2020-07-12;"domingo";"01:05:00";"SC";470;52;"BLUMENAU";"Falta de Atenção à Condução";"Capotamento";"Com Vítimas Feridas";"Plena Noite";"Crescente";"Nublado";"Simples";"Reta";"Sim";2;0;1;0;1;0;1;1;-26,8898333;-48,9906287;"SPRF-SC";"DEL04-SC";"UOP01-DEL04-SC"
294933;2020-07-12;"domingo";"00:05:00";"SP";116;215;"GUARULHOS";"Desobediência às normas de trânsito pelo pedestre";"Atropelamento de Pedestre";"Com Vítimas Fatais";"Plena Noite";"Crescente";"Céu Claro";"Múltipla";"Reta";"Sim";2;1;0;0;0;1;0;2;-23,44925065;-46,46053791;"SPRF-SP";"DEL01-SP";"UOP01-DEL01-SP"
294934;2020-07-12;"domingo";"01:20:00";"SP";116;128,8;"CACAPAVA";"Falta de Atenção à Condução";"Capotamento";"Sem Vítimas";"Plena Noite";"Crescente";"Céu Claro";"Dupla";"Reta";"Sim";1;0;0;0;1;0;0;1;-23,11454664;-45,71105567;"SPRF-SP";"DEL06-SP";"UOP01-DEL06-SP"
294935;2020-07-12;"domingo";"01:40:00";"GO";153;504,2;"APARECIDA DE GOIANIA";"Ingestão de Álcool";"Colisão traseira";"Sem Vítimas";"Plena Noite";"Crescente";"Céu Claro";"Múltipla";"Declive";"Sim";2;0;0;0;2;0;0;2;-16,7451;-49,2408;"SPRF-GO";"DEL01-GO";"UOP01-DEL01-GO"
294936;2020-07-12;"domingo";"01:40:00";"RS";116;246,7;"SAO LEOPOLDO";"Ingestão de Álcool";"Colisão com objeto estático";"Sem Vítimas";"Plena Noite";"Decrescente";"Chuva";"Dupla";"Curva";"Sim";1;0;0;0;1;0;0;1;-29,758751;-51,15186806;"SPRF-RS";"DEL01-RS";"UOP02-DEL01-RS"
294937;2020-07-12;"domingo";"02:20:00";"ES";101;149;"LINHARES";"Falta de Atenção à Condução";"Colisão frontal";"Com Vítimas Fatais";"Plena Noite";"Decrescente";"Céu Claro";"Simples";"Curva";"Sim";2;1;0;0;1;0;0;2;-19,39619083;-40,06435871;"SPRF-ES";"DEL04-ES";"UOP01-DEL04-ES"
294938;2020-07-12;"domingo";"02:30:00";"MG";40;474,4;"SETE LAGOAS";"Condutor Dormindo";"Saída de leito carroçável";"Com Vítimas Feridas";"Plena Noite";"Decrescente";"Céu Claro";"Dupla";"Reta";"Sim";1;0;1;0;0;0;1;1;-19,503265;-44,275099;"SPRF-MG";"DEL02-MG";"UOP01-DEL02-MG"
294940;2020-07-12;"domingo";"01:28:00";"PA";163;1003;"SANTAREM";"Ingestão de Álcool";"Colisão com objeto estático";"Sem Vítimas";"Plena Noite";"Decrescente";"Céu Claro";"Dupla";"Reta";"Sim";1;0;0;0;1;0;0;1;-2,44688525;-54,73048152;"SPRF-PA";"DEL05-PA";"UOP01-DEL05-PA"
294941;2020-07-12;"domingo";"01:20:00";"CE";222;243,7;"SOBRAL";"Falta de Atenção à Condução";"Queda de ocupante de veículo";"Com Vítimas Feridas";"Plena Noite";"Decrescente";"Céu Claro";"Simples";"Reta";"Não";1;0;1;0;0;0;1;1;-3,74408034;-40,50043977;"SPRF-CE";"DEL04-CE";"UOP01-DEL04-CE"
294942;2020-07-12;"domingo";"02:40:00";"MG";381;486,7;"BETIM";"Velocidade Incompatível";"Colisão lateral";"Sem Vítimas";"Plena Noite";"Crescente";"Céu Claro";"Dupla";"Reta";"Sim";4;0;0;0;2;2;0;2;-19,95644414;-44,13611598;"SPRF-MG";"DEL01-MG";"UOP03-DEL01-MG"
294943;2020-07-12;"domingo";"02:30:00";"PB";101;86;"BAYEUX";"Falta de Atenção à Condução";"Colisão com objeto estático";"Sem Vítimas";"Plena Noite";"Crescente";"Garoa/Chuvisco";"Simples";"Curva";"Sim";2;0;0;0;2;0;0;1;-7,15118983;-34,91012184;"SPRF-PB";"DEL01-PB";"UOP01-DEL01-PB"
294944;2020-07-12;"domingo";"01:45:00";"MG";40;518,2;"RIBEIRAO DAS NEVES";"Velocidade Incompatível";"Colisão traseira";"Sem Vítimas";"Plena Noite";"Crescente";"Céu Claro";"Dupla";"Reta";"Sim";3;0;0;0;1;2;0;3;-19,8321242;-44,08208533;"SPRF-MG";"DEL01-MG";"UOP02-DEL01-MG"
294945;2020-07-12;"domingo";"03:00:00";"RJ";40;112;"DUQUE DE CAXIAS";"Falta de Atenção à Condução";"Colisão traseira";"Com Vítimas Feridas";"Plena Noite";"Crescente";"Céu Claro";"Múltipla";"Reta";"Sim";2;0;1;0;1;0;1;2;-22,7004454;-43,29014851;"SPRF-RJ";"DEL01-RJ";"UOP01-DEL01-RJ"
294948;2020-07-12;"domingo";"02:50:00";"GO";70;3,6;"AGUAS LINDAS DE GOIAS";"Condutor Dormindo";"Saída de leito carroçável";"Com Vítimas Feridas";"Plena Noite";"Crescente";"Céu Claro";"Dupla";"Reta;Aclive";"Sim";1;0;1;0;0;0;1;1;-15,76177302;-48,2368693;"SPRF-DF";"DEL03-DF";"UOP02-DEL03-DF"
294951;2020-07-12;"domingo";"04:50:00";"MG";40;781,5;"JUIZ DE FORA";"Falta de Atenção à Condução";"Colisão com objeto estático";"Sem Vítimas";"Plena Noite";"Decrescente";"Nublado";"Dupla";"Declive;Reta";"Não";1;0;0;0;1;0;0;1;-21,68759907;-43,45049615;"SPRF-MG";"DEL05-MG";"UOP01-DEL05-MG"
294952;2020-07-12;"domingo";"03:06:00";"AL";101;246,8;"PORTO REAL DO COLEGIO";"Ingestão de Álcool";"Colisão frontal";"Com Vítimas Fatais";"Plena Noite";"Decrescente";"Chuva";"Simples";"Reta";"Não";4;1;0;0;3;0;0;2;-10,19162376;-36,82542061;"SPRF-AL";"DEL02-AL";"UOP02-DEL02-AL"
294953;2020-07-12;"domingo";"05:00:00";"RJ";101;326;"NITEROI";"Agressão Externa";"Incêndio";"Com Vítimas Feridas";"Amanhecer";"Decrescente";"Ignorado";"Múltipla";"Reta";"Não";4;0;2;1;1;0;3;2;-22,87292569;-43,13625699;"SPRF-RJ";"DEL02-RJ";"UOP02-DEL02-RJ"
294954;2020-07-12;"domingo";"02:50:00";"GO";60;164;"GOIANIA";"Ingestão de Álcool";"Colisão traseira";"Sem Vítimas";"Plena Noite";"Crescente";"Céu Claro";"Dupla";"Reta";"Sim";1;0;0;0;1;0;0;1;-16,7036;-49,342;"SPRF-GO";"DEL01-GO";"UOP02-DEL01-GO"
294956;2020-07-12;"domingo";"04:50:00";"MT";163;86,3;"RONDONOPOLIS";"Condutor Dormindo";"Saída de leito carroçável";"Com Vítimas Feridas";"Plena Noite";"Decrescente";"Céu Claro";"Dupla";"Reta";"Não";1;0;1;0;0;0;1;1;-16,77240305;-54,6624859;"SPRF-MT";"DEL02-MT";"UOP01-DEL02-MT"
294958;2020-07-12;"domingo";"06:15:00";"SP";116;154,4;"SAO JOSE DOS CAMPOS";"Falta de Atenção à Condução";"Colisão com objeto estático";"Com Vítimas Feridas";"Pleno dia";"Crescente";"Sol";"Dupla";"Reta";"Não";1;0;1;0;0;0;1;1;-23,23903999;-45,92061901;"SPRF-SP";"DEL02-SP";"UOP01-DEL02-SP"
294959;2020-07-12;"domingo";"06:20:00";"PB";101;84;"BAYEUX";"Ingestão de Álcool";"Saída de leito carroçável";"Sem Vítimas";"Pleno dia";"Decrescente";"Céu Claro";"Dupla";"Reta";"Sim";1;0;0;0;0;1;0;1;-7,13957906;-34,92312806;"SPRF-PB";"DEL01-PB";"UOP01-DEL01-PB"
294961;2020-07-12;"domingo";"05:00:00";"SC";101;197;"BIGUACU";"Falta de Atenção à Condução";"Colisão com objeto estático";"Sem Vítimas";"Plena Noite";"Crescente";"Garoa/Chuvisco";"Dupla";"Reta";"Sim";1;0;0;0;0;1;0;1;-27,51844497;-48,63848496;"SPRF-SC";"DEL01-SC";"UOP01-DEL01-SC"
294962;2020-07-12;"domingo";"05:25:00";"RS";290;70;"GRAVATAI";"Falta de Atenção à Condução";"Atropelamento de Pedestre";"Com Vítimas Feridas";"Plena Noite";"Decrescente";"Chuva";"Dupla";"Reta";"Não";1;0;0;1;0;0;1;1;-29,948053;-50,956192;"SPRF-RS";"DEL03-RS";"UOP01-DEL03-RS"
294963;2020-07-12;"domingo";"06:09:00";"RS";471;680;"CHUI";"Condutor Dormindo";"Tombamento";"Com Vítimas Feridas";"Pleno dia";"Crescente";"Céu Claro";"Simples";"Reta";"Não";1;0;1;0;0;0;1;1;-33,689819;-53,455074;"SPRF-RS";"DEL07-RS";"UOP04-DEL07-RS"
294964;2020-07-11;"sábado";"21:30:00";"MG";381;562,5;"ITAGUARA";"Falta de Atenção à Condução";"Saída de leito carroçável";"Sem Vítimas";"Plena Noite";"Crescente";"Céu Claro";"Dupla";"Reta";"Sim";1;0;0;0;0;1;0;1;-20,395748;-44,503624;"SPRF-MG";"DEL04-MG";"UOP03-DEL04-MG"
294967;2020-07-12;"domingo";"02:40:00";"MT";364;267;"JACIARA";"Ingestão de Álcool";"Atropelamento de Pedestre";"Com Vítimas Feridas";"Plena Noite";"Decrescente";"Céu Claro";"Simples";"Reta";"Não";2;0;2;0;0;0;2;2;-15,9882532;-54,92679723;"SPRF-MT";"DEL02-MT";"UOP01-DEL02-MT"
294969;2020-07-12;"domingo";"00:00:00";"PI";343;132;"PIRACURUCA";"Falta de Atenção do Pedestre";"Atropelamento de Pedestre";"Com Vítimas Fatais";"Plena Noite";"Crescente";"Céu Claro";"Simples";"Reta";"Não";2;1;0;0;0;1;0;2;-3,850541;-41,698254;"SPRF-PI";"DEL02-PI";"UOP01-DEL02-PI"
294970;2020-07-12;"domingo";"06:25:00";"MG";40;721;"BARBACENA";"Falta de Atenção à Condução";"Colisão com objeto estático";"Com Vítimas Feridas";"Pleno dia";"Crescente";"Céu Claro";"Dupla";"Declive";"Não";1;0;1;0;0;0;1;1;-21,28684598;-43,64159531;"SPRF-MG";"DEL05-MG";"UOP01-DEL05-MG"
294971;2020-07-12;"domingo";"07:30:00";"GO";60;118;"TEREZOPOLIS DE GOIAS";"Falta de Atenção à Condução";"Colisão transversal";"Com Vítimas Feridas";"Pleno dia";"Decrescente";"Céu Claro";"Dupla";"Interseção de Vias";"Sim";3;0;1;0;2;0;1;2;-16,4848;-49,0935;"SPRF-GO";"DEL01-GO";"UOP01-DEL01-GO"
294972;2020-07-12;"domingo";"07:50:00";"ES";447;12;"VILA VELHA";"Mal Súbito";"Capotamento";"Com Vítimas Feridas";"Pleno dia";"Crescente";"Céu Claro";"Dupla";"Reta";"Não";1;0;1;0;0;0;1;1;-20,35784325;-40,3328294;"SPRF-ES";"DEL01-ES";"UOP01-DEL01-ES"
294973;2020-07-12;"domingo";"07:50:00";"PE";104;83,9;"AGRESTINA";"Falta de Atenção à Condução";"Colisão transversal";"Com Vítimas Feridas";"Pleno dia";"Crescente";"Chuva";"Simples";"Reta";"Não";2;0;1;0;1;0;1;2;-8,422589;-35,963135;"SPRF-PE";"DEL02-PE";"UOP01-DEL02-PE"
294974;2020-03-10;"terça-feira";"05:30:00";"PE";428;73,3;"SANTA MARIA DA BOA VISTA";"Falta de Atenção à Condução";"Colisão com objeto estático";"Com Vítimas Fatais";"Amanhecer";"Decrescente";"Céu Claro";"Simples";"Ponte";"Não";1;1;0;0;0;0;0;1;-8,72018283;-39,77321719;"SPRF-PE";"DEL06-PE";"UOP03-DEL06-PE"
294978;2020-07-12;"domingo";"07:10:00";"MG";116;502,3;"INHAPIM";"Ingestão de Álcool";"Colisão com objeto estático";"Com Vítimas Feridas";"Amanhecer";"Crescente";"Céu Claro";"Simples";"Curva";"Não";1;0;1;0;0;0;1;1;-19,577398;-42,115808;"SPRF-MG";"DEL06-MG";"UOP02-DEL06-MG"
294980;2020-07-12;"domingo";"09:00:00";"PI";343;14;"PARNAIBA";"Falta de Atenção à Condução";"Colisão transversal";"Com Vítimas Feridas";"Pleno dia";"Crescente";"Céu Claro";"Dupla";"Reta";"Sim";2;0;1;0;1;0;1;2;-2,927902;-41,753502;"SPRF-PI";"DEL05-PI";"UOP01-DEL05-PI"
294981;2020-06-30;"terça-feira";"15:30:00";"SC";282;51;"AGUAS MORNAS";"Fenômenos da Natureza";"Danos eventuais";"Com Vítimas Feridas";"Pleno dia";"Crescente";"Chuva";"Simples";"Curva";"Não";1;0;0;1;0;0;1;1;-27,703712;-48,959267;"SPRF-SC";"DEL01-SC";"UOP03-DEL01-SC"
294982;2020-07-11;"sábado";"23:00:00";"RJ";116;144;"DUQUE DE CAXIAS";"Condutor Dormindo";"Colisão com objeto estático";"Com Vítimas Feridas";"Plena Noite";"Crescente";"Céu Claro";"Simples";"Reta";"Sim";1;0;1;0;0;0;1;1;-22,65737709;-43,24724694;"SPRF-RJ";"DEL01-RJ";"UOP01-DEL01-RJ"
294983;2020-07-12;"domingo";"09:00:00";"PE";428;191,8;"PETROLINA";"Ingestão de Álcool";"Colisão lateral";"Sem Vítimas";"Pleno dia";"Crescente";"Sol";"Simples";"Reta";"Sim";2;0;0;0;2;0;0;2;-9,38509063;-40,52167654;"SPRF-PE";"DEL06-PE";"UOP01-DEL06-PE"
294984;2020-07-12;"domingo";"09:40:00";"ES";101;267,8;"SERRA";"Desobediência às normas de trânsito pelo condutor";"Colisão traseira";"Sem Vítimas";"Pleno dia";"Crescente";"Céu Claro";"Múltipla";"Reta";"Sim";3;0;0;0;3;0;0;2;-20,19930999;-40,26884609;"SPRF-ES";"DEL02-ES";"UOP01-DEL02-ES"
294986;2020-07-12;"domingo";"09:30:00";"PR";369;170,2;"ROLANDIA";"Falta de Atenção à Condução";"Queda de ocupante de veículo";"Com Vítimas Feridas";"Pleno dia";"Crescente";"Céu Claro";"Dupla";"Rotatória";"Sim";1;0;1;0;0;0;1;1;-23,30139242;-51,34516239;"SPRF-PR";"DEL07-PR";"UOP01-DEL07-PR"
294987;2020-07-12;"domingo";"08:30:00";"GO";153;75;"PORANGATU";"Condutor Dormindo";"Saída de leito carroçável";"Com Vítimas Feridas";"Pleno dia";"Decrescente";"Céu Claro";"Simples";"Declive;Reta";"Não";3;0;3;0;0;0;3;1;-13,491837;-49,134628;"SPRF-GO";"DEL07-GO";"UOP01-DEL07-GO"
294989;2020-07-12;"domingo";"10:15:00";"RS";471;174;"RIO PARDO";"Desobediência às normas de trânsito pelo condutor";"Colisão transversal";"Com Vítimas Feridas";"Pleno dia";"Crescente";"Nublado";"Simples";"Interseção de Vias";"Sim";3;0;1;0;2;0;1;2;-29,98160952;-52,36965895;"SPRF-RS";"DEL02-RS";"UOP03-DEL02-RS"
294990;2020-07-12;"domingo";"09:00:00";"MG";381;327;"NOVA ERA";"Desobediência às normas de trânsito pelo condutor";"Colisão lateral";"Com Vítimas Feridas";"Pleno dia";"Decrescente";"Céu Claro";"Simples";"Reta";"Sim";3;0;1;1;1;0;2;2;-19,74841287;-43,02412575;"SPRF-MG";"DEL03-MG";"UOP01-DEL03-MG"
294992;2020-07-12;"domingo";"10:30:00";"AL";101;241,7;"PORTO REAL DO COLEGIO";"Falta de Atenção à Condução";"Capotamento";"Com Vítimas Feridas";"Pleno dia";"Crescente";"Nublado";"Dupla";"Curva";"Não";1;0;1;0;0;0;1;1;-10,152882;-36,810684;"SPRF-AL";"DEL02-AL";"UOP02-DEL02-AL"
294993;2020-07-12;"domingo";"10:30:00";"ES";101;1;"SERRA";"Não guardar distância de segurança";"Colisão traseira";"Com Vítimas Feridas";"Pleno dia";"Crescente";"Sol";"Múltipla";"Reta";"Sim";2;0;0;1;1;0;1;2;-20,24061646;-40,27999878;"SPRF-ES";"DEL02-ES";"UOP01-DEL02-ES"