"id";"data_inversa";"dia_semana";"horario";"uf";"br";"km";"municipio";"causa_acidente";"tipo_acidente";"classificacao_acidente";"fase_dia";"sentido_via";"condicao_metereologica";"tipo_pista";"tracado_via";"uso_solo";"pessoas";"mortos";"feridos_leves";"feridos_graves";"ilesos";"ignorados";"feridos";"veiculos";"latitude";"longitude";"regional";"delegacia";"uop"
294994;2020-07-12;"domingo";"11:00:00";"SC";470;32;"GASPAR";"Desobediência às normas de trânsito pelo condutor";"Colisão transversal";"Com Vítimas Feridas";"Pleno dia";"Decrescente";"Nublado";"Dupla";"Reta;Em Obras";"Sim";4;0;2;0;2;0;2;2;-26,90248645;-48,93322349;"SPRF-SC";"DEL04-SC";"UOP01-DEL04-SC"
294995;2020-07-12;"domingo";"10:50:00";"SP";153;41,8;"ONDA VERDE";"Falta de Atenção à Condução";"Colisão transversal";"Com Vítimas Feridas";"Pleno dia";"Decrescente";"Céu Claro";"Simples";"Interseção de Vias";"Não";3;0;1;0;2;0;1;2;-20,63643901;-49,33838725;"SPRF-SP";"DEL09-SP";"UOP01-DEL09-SP"
294996;2020-07-12;"domingo";"06:40:00";"RJ";101;283;"ITABORAI";"Falta de Atenção à Condução";"Saída de leito carroçável";"Com Vítimas Feridas";"Amanhecer";"Crescente";"Céu Claro";"Simples";"Curva";"Sim";3;0;2;0;0;1;2;1;-22,73492461;-42,80608177;"SPRF-RJ";"DEL02-RJ";"UOP03-DEL02-RJ"
294998;2020-07-12;"domingo";"10:30:00";"PR";376;305,2;"MAUA DA SERRA";"Mal Súbito";"Queda de ocupante de veículo";"Com Vítimas Feridas";"Pleno dia";"Crescente";"Céu Claro";"Dupla";"Aclive;Reta";"Não";2;0;1;0;1;0;1;1;-23,936172;-51,124696;"SPRF-PR";"DEL07-PR";"UOP02-DEL07-PR"
294999;2020-07-12;"domingo";"10:40:00";"MS";163;280;"DOURADOS";"Desobediência às normas de trânsito pelo condutor";"Colisão transversal";"Com Vítimas Feridas";"Pleno dia";"Decrescente";"Céu Claro";"Dupla";"Reta";"Sim";2;0;1;0;1;0;1;2;-22,13794223;-54,61956683;"SPRF-MS";"DEL04-MS";"UOP01-DEL04-MS"
295000;2020-07-12;"domingo";"11:00:00";"SP";116;94,4;"PINDAMONHANGABA";"Não guardar distância de segurança";"Colisão traseira";"Com Vítimas Feridas";"Pleno dia";"Crescente";"Sol";"Dupla";"Reta";"Sim";2;0;1;0;1;0;1;2;-22,96083987;-45,42156507;"SPRF-SP";"DEL06-SP";"UOP01-DEL06-SP"
295002;2020-07-12;"domingo";"09:00:00";"TO";242;443,4;"FORMOSO DO ARAGUAIA";"Falta de Atenção à Condução";"Saída de leito carroçável";"Com Vítimas Feridas";"Pleno dia";"Crescente";"Céu Claro";"Simples";"Curva";"Não";1;0;0;1;0;0;1;1;-11,8220191;-49,43942813;"SPRF-TO";"DEL01-TO";"UOP02-DEL01-TO"
295003;2020-07-12;"domingo";"12:00:00";"MG";116;650;"FERVEDOURO";"Falta de Atenção à Condução";"Colisão transversal";"Com Vítimas Feridas";"Pleno dia";"Decrescente";"Sol";"Simples";"Interseção de Vias";"Sim";2;0;1;0;1;0;1;2;-20,71848513;-42,27851814;"SPRF-MG";"DEL07-MG";"UOP03-DEL07-MG"
295004;2020-07-12;"domingo";"11:48:00";"RS";158;324,8;"SANTA MARIA";"Defeito Mecânico no Veículo";"Incêndio";"Sem Vítimas";"Pleno dia";"Decrescente";"Nevoeiro/Neblina";"Múltipla";"Reta";"Sim";2;0;0;0;2;0;0;1;-29,70624474;-53,79778504;"SPRF-RS";"DEL09-RS";"UOP01-DEL09-RS"
295005;2020-07-12;"domingo";"10:20:00";"CE";20;23;"PARAMBU";"Desobediência às normas de trânsito pelo condutor";"Colisão traseira";"Com Vítimas Fatais";"Pleno dia";"Crescente";"Sol";"Simples";"Reta;Declive";"Não";2;1;0;0;0;1;0;2;-6,37106953;-40,65934061;"SPRF-CE";"DEL02-CE";"UOP02-DEL02-CE"
295006;2020-07-12;"domingo";"10:00:00";"GO";414;343;"COCALZINHO DE GOIAS";"Avarias e/ou desgaste excessivo no pneu";"Saída de leito carroçável";"Com Vítimas Feridas";"Pleno dia";"Crescente";"Sol";"Simples";"Reta";"Não";2;0;1;0;1;0;1;1;-15,584404;-48,63157;"SPRF-GO";"DEL02-GO";"UOP01-DEL02-GO"
295007;2020-07-12;"domingo";"11:30:00";"MT";364;542;"ROSARIO OESTE";"Ultrapassagem Indevida";"Colisão frontal";"Com Vítimas Feridas";"Pleno dia";"Crescente";"Céu Claro";"Simples";"Reta";"Sim";3;0;3;0;0;0;3;2;-14,91290882;-56,47221224;"SPRF-MT";"DEL01-MT";"UOP01-DEL01-MT"
295008;2020-07-12;"domingo";"10:50:00";"RO";319;62,1;"PORTO VELHO";"Desobediência às normas de trânsito pelo condutor";"Colisão transversal";"Com Vítimas Feridas";"Pleno dia";"Decrescente";"Céu Claro";"Dupla";"Reta";"Sim";4;0;0;4;0;0;4;2;-8,75029865;-63,88764381;"SPRF-RO";"DEL01-RO";"UOP01-DEL01-RO"
295009;2020-07-12;"domingo";"12:25:00";"GO";60;100,1;"ANAPOLIS";"Falta de Atenção à Condução";"Saída de leito carroçável";"Com Vítimas Feridas";"Pleno dia";"Crescente";"Céu Claro";"Dupla";"Reta;Declive";"Sim";1;0;1;0;0;0;1;1;-16,3979;-48,9664;"SPRF-GO";"DEL02-GO";"UOP01-DEL02-GO"
295010;2020-07-12;"domingo";"10:00:00";"PE";423;90,6;"GARANHUNS";"Falta de Atenção à Condução";"Tombamento";"Com Vítimas Feridas";"Pleno dia";"Decrescente";"Céu Claro";"Simples";"Aclive;Reta";"Não";1;0;1;0;0;0;1;1;-8,84566879;-36,4596095;"SPRF-PE";"DEL03-PE";"UOP01-DEL03-PE"
295011;2020-07-12;"domingo";"12:45:00";"PA";316;57;"CASTANHAL";"Falta de Atenção à Condução";"Colisão com objeto estático";"Sem Vítimas";"Pleno dia";"Decrescente";"Sol";"Dupla";"Reta";"Sim";1;0;0;0;0;1;0;1;-1,30088766;-47,98196704;"SPRF-PA";"DEL01-PA";"UOP01-DEL01-PA"
295014;2020-07-12;"domingo";"12:30:00";"RO";364;237,3;"CACOAL";"Não guardar distância de segurança";"Colisão traseira";"Sem Vítimas";"Pleno dia";"Crescente";"Céu Claro";"Dupla";"Reta";"Não";2;0;0;0;2;0;0;2;-11,44341056;-61,44672787;"SPRF-RO";"DEL02-RO";"UOP02-DEL02-RO"
295015;2020-07-12;"domingo";"09:00:00";"BA";116;137;"CANUDOS";"Defeito na Via";"Capotamento";"Com Vítimas Feridas";"Pleno dia";"Decrescente";"Garoa/Chuvisco";"Simples";"Reta";"Não";1;0;1;0;0;0;1;1;-9,80719905;-39,15022189;"SPRF-BA";"DEL07-BA";"UOP01-DEL07-BA"
295017;2020-07-12;"domingo";"13:55:00";"SP";116;287;"ITAPECERICA DA SERRA";"Não guardar distância de segurança";"Colisão com objeto estático";"Com Vítimas Feridas";"Pleno dia";"Crescente";"Céu Claro";"Dupla";"Curva";"Não";3;0;2;1;0;0;3;1;-23,71441779;-46,87929634;"SPRF-SP";"DEL04-SP";"UOP01-DEL04-SP"
295020;2020-07-12;"domingo";"09:45:00";"GO";153;409;"PIRENOPOLIS";"Condutor Dormindo";"Colisão lateral";"Sem Vítimas";"Pleno dia";"Decrescente";"Céu Claro";"Simples";"Aclive";"Não";3;0;0;0;3;0;0;2;-16,088202;-49,038795;"SPRF-GO";"DEL02-GO";"UOP01-DEL02-GO"
295023;2020-07-12;"domingo";"10:15:00";"RJ";101;316;"SAO GONCALO";"Defeito Mecânico no Veículo";"Tombamento";"Com Vítimas Feridas";"Pleno dia";"Crescente";"Céu Claro";"Dupla";"Reta";"Sim";3;0;1;0;1;1;1;2;-22,82835879;-43,09208739;"SPRF-RJ";"DEL02-RJ";"UOP02-DEL02-RJ"
295024;2020-07-12;"domingo";"12:00:00";"SC";470;186,2;"POUSO REDONDO";"Defeito na Via";"Tombamento";"Com Vítimas Feridas";"Pleno dia";"Decrescente";"Sol";"Simples";"Curva;Declive";"Não";1;0;1;0;0;0;1;1;-27,256105;-50,045559;"SPRF-SC";"DEL04-SC";"UOP02-DEL04-SC"
295025;2020-07-12;"domingo";"14:30:00";"PE";101;63,6;"RECIFE";"Falta de Atenção à Condução";"Colisão traseira";"Com Vítimas Feridas";"Pleno dia";"Crescente";"Sol";"Dupla";"Reta";"Sim";3;0;2;0;1;0;2;2;-8,00800604;-34,93756535;"SPRF-PE";"DEL01-PE";"UOP01-DEL01-PE"
295026;2020-05-29;"sexta-feira";"10:20:00";"RN";101;102;"PARNAMIRIM";"Ingestão de Álcool";"Colisão traseira";"Sem Vítimas";"Pleno dia";"Crescente";"Céu Claro";"Simples";"Interseção de Vias";"Sim";2;0;0;0;2;0;0;2;-5,88791586;-35,23818612;"SPRF-RN";"DEL01-RN";"UOP01-DEL01-RN"
295027;2020-07-12;"domingo";"12:20:00";"GO";60;239;"INDIARA";"Falta de Atenção à Condução";"Capotamento";"Com Vítimas Feridas";"Pleno dia";"Decrescente";"Céu Claro";"Dupla";"Reta";"Não";1;0;1;0;0;0;1;1;-17,0946;-49,8649;"SPRF-GO";"DEL01-GO";"UOP02-DEL01-GO"
295028;2020-07-12;"domingo";"14:30:00";"MG";381;940;"EXTREMA";"Velocidade Incompatível";"Saída de leito carroçável";"Com Vítimas Feridas";"Pleno dia";"Decrescente";"Céu Claro";"Dupla";"Reta";"Não";1;0;0;1;0;0;1;1;-22,85421396;-46,33740277;"SPRF-MG";"DEL16-MG";"UOP03-DEL16-MG"
295029;2020-07-12;"domingo";"12:00:00";"MG";365;766,7;"ITUIUTABA";"Ultrapassagem Indevida";"Colisão frontal";"Com Vítimas Feridas";"Pleno dia";"Decrescente";"Céu Claro";"Simples";"Declive;Reta";"Não";3;0;1;1;1;0;2;2;-18,9630482;-49,57199501;"SPRF-MG";"DEL15-MG";"UOP03-DEL15-MG"
295030;2020-07-12;"domingo";"14:20:00";"MT";163;844;"SINOP";"Falta de Atenção à Condução";"Colisão traseira";"Com Vítimas Feridas";"Pleno dia";"Crescente";"Céu Claro";"Simples";"Reta";"Não";4;0;0;1;3;0;1;2;-11,782712;-55,474747;"SPRF-MT";"DEL06-MT";"NPF/DEL06-MT"
295031;2020-07-12;"domingo";"16:00:00";"SP";116;285;"ITAPECERICA DA SERRA";"Falta de Atenção à Condução";"Capotamento";"Com Vítimas Feridas";"Pleno dia";"Decrescente";"Céu Claro";"Dupla";"Reta";"Não";1;0;0;1;0;0;1;1;-23,70407794;-46,87249709;"SPRF-SP";"DEL04-SP";"UOP01-DEL04-SP"
295032;2020-07-12;"domingo";"16:00:00";"BA";0;0;"PLANALTO";"Velocidade Incompatível";"Colisão com objeto estático";"Com Vítimas Feridas";"Pleno dia";"Não Informado";"Céu Claro";"Simples";"Reta";"Não";2;0;1;1;0;0;2;1;-14,65785594;-40,46029014;"SPRF-BA";"DEL08-BA";"UOP02-DEL08-BA"
295033;2020-07-12;"domingo";"11:50:00";"MG";365;239;"BURITIZEIRO";"Defeito Mecânico no Veículo";"Saída de leito carroçável";"Com Vítimas Feridas";"Pleno dia";"Decrescente";"Céu Claro";"Simples";"Reta";"Não";2;0;2;0;0;0;2;1;-17,75189806;-45,41571663;"SPRF-MG";"DEL12-MG";"UOP01-DEL12-MG"
295034;2020-07-12;"domingo";"15:40:00";"PR";277;129;"CAMPO LARGO";"Agressão Externa";"Colisão com objeto em movimento";"Com Vítimas Feridas";"Pleno dia";"Crescente";"Céu Claro";"Dupla";"Declive";"Não";3;0;2;0;0;1;2;2;-25,44518045;-49,4985659;"SPRF-PR";"DEL01-PR";"UOP03-DEL03-PR"
295035;2020-07-12;"domingo";"16:00:00";"MG";381;705,5;"LAVRAS";"Velocidade Incompatível";"Queda de ocupante de veículo";"Com Vítimas Feridas";"Pleno dia";"Decrescente";"Céu Claro";"Dupla";"Curva";"Não";1;0;1;0;0;0;1;1;-21,34965018;-45,17946289;"SPRF-MG";"DEL04-MG";"UOP02-DEL04-MG"
295037;2020-07-12;"domingo";"16:00:00";"DF";20;6,4;"BRASILIA";"Ingestão de Álcool";"Capotamento";"Sem Vítimas";"Pleno dia";"Decrescente";"Céu Claro";"Dupla";"Reta;Viaduto";"Sim";1;0;0;0;1;0;0;1;-15,665888;-47,808308;"SPRF-DF";"DEL02-DF";"UOP01-DEL02-DF"
295038;2020-07-12;"domingo";"14:20:00";"SC";101;397,2;"MARACAJA";"Avarias e/ou desgaste excessivo no pneu";"Colisão com objeto estático";"Com Vítimas Feridas";"Pleno dia";"Decrescente";"Nublado";"Dupla";"Curva";"Não";2;0;2;0;0;0;2;1;-28,83036461;-49,41244828;"SPRF-SC";"DEL02-SC";"UOP02-DEL02-SC"
295040;2020-07-12;"domingo";"15:30:00";"PB";230;214;"SOLEDADE";"Ingestão de Álcool";"Saída de leito carroçável";"Com Vítimas Fatais";"Pleno dia";"Decrescente";"Céu Claro";"Simples";"Reta";"Sim";1;1;0;0;0;0;0;1;-7,0622;-36,3543;"SPRF-PB";"DEL02-PB";"UOP02-DEL02-PB"
295041;2020-07-12;"domingo";"16:50:00";"RS";472;571;"URUGUAIANA";"Avarias e/ou desgaste excessivo no pneu";"Tombamento";"Com Vítimas Feridas";"Pleno dia";"Crescente";"Céu Claro";"Simples";"Reta";"Não";2;0;2;0;0;0;2;1;-29,73291006;-56,95995197;"SPRF-RS";"DEL13-RS";"UOP01-DEL13-RS"
295042;2020-07-12;"domingo";"16:50:00";"SC";101;220,5;"PALHOCA";"Velocidade Incompatível";"Colisão com objeto estático";"Com Vítimas Feridas";"Pleno dia";"Crescente";"Céu Claro";"Múltipla";"Reta";"Não";1;0;0;1;0;0;1;1;-27,69198941;-48,66368358;"SPRF-SC";"DEL01-SC";"UOP02-DEL01-SC"
295043;2020-07-12;"domingo";"16:15:00";"GO";70;22,5;"COCALZINHO DE GOIAS";"Ingestão de Álcool";"Colisão traseira";"Sem Vítimas";"Pleno dia";"Decrescente";"Céu Claro";"Dupla";"Declive;Reta";"Não";2;0;0;0;2;0;0;2;-15,73777098;-48,39276337;"SPRF-DF";"DEL03-DF";"UOP02-DEL03-DF"
295044;2020-07-12;"domingo";"09:00:00";"PB";361;77;"PIANCO";"Ingestão de Álcool";"Saída de leito carroçável";"Com Vítimas Fatais";"Pleno dia";"Decrescente";"Céu Claro";"Simples";"Declive";"Não";2;1;1;0;0;0;1;1;-7,18720074;-37,86857887;"SPRF-PB";"DEL03-PB";"UOP01-DEL03-PB"
295047;2020-07-12;"domingo";"17:00:00";"SC";101;206;"SAO JOSE";"Falta de Atenção à Condução";"Colisão lateral";"Com Vítimas Feridas";"Pleno dia";"Crescente";"Céu Claro";"Simples";"Reta";"Sim";2;0;2;0;0;0;2;2;-27,59193546;-48,61824557;"SPRF-SC";"DEL01-SC";"UOP01-DEL01-SC"
295048;2020-07-12;"domingo";"16:15:00";"MG";262;390,5;"FLORESTAL";"Ingestão de Álcool";"Saída de leito carroçável";"Com Vítimas Feridas";"Pleno dia";"Decrescente";"Sol";"Dupla";"Reta";"Não";1;0;1;0;0;0;1;1;-19,90702567;-44,51224566;"SPRF-MG";"DEL01-MG";"UOP03-DEL01-MG"
295050;2020-07-12;"domingo";"15:00:00";"ES";262;103,8;"VENDA NOVA DO IMIGRANTE";"Ingestão de Álcool";"Colisão com objeto estático";"Sem Vítimas";"Pleno dia";"Crescente";"Céu Claro";"Múltipla";"Reta";"Sim";2;0;0;0;1;1;0;2;-20,332213;-41,129348;"SPRF-ES";"DEL01-ES";"UOP02-DEL01-ES"
295051;2020-07-12;"domingo";"16:30:00";"PB";230;68,9;"SOBRADO";"Mal Súbito";"Saída de leito carroçável";"Com Vítimas Feridas";"Pleno dia";"Decrescente";"Céu Claro";"Dupla";"Curva";"Não";1;0;1;0;0;0;1;1;-7,1873;-35,2065;"SPRF-PB";"DEL01-PB";"UOP03-DEL01-PB"
295053;2020-07-12;"domingo";"16:30:00";"RN";304;38,3;"MOSSORO";"Falta de Atenção à Condução";"Colisão com objeto estático";"Com Vítimas Feridas";"Pleno dia";"Crescente";"Céu Claro";"Dupla";"Reta";"Sim";1;0;1;0;0;0;1;1;-5,18138457;-37,36832252;"SPRF-RN";"DEL04-RN";"UOP02-DEL04-RN"
295054;2020-07-12;"domingo";"16:00:00";"RN";110;51;"MOSSORO";"Desobediência às normas de trânsito pelo condutor";"Colisão lateral";"Com Vítimas Feridas";"Pleno dia";"Crescente";"Céu Claro";"Simples";"Reta";"Sim";2;0;1;0;0;1;1;2;-5,22684393;-37,33197037;"SPRF-RN";"DEL04-RN";"UOP01-DEL04-RN"
295055;2020-07-12;"domingo";"17:10:00";"RJ";101;322;"NITEROI";"Desobediência às normas de trânsito pelo condutor";"Colisão lateral";"Com Vítimas Feridas";"Pleno dia";"Crescente";"Céu Claro";"Dupla";"Reta";"Sim";3;0;1;1;1;0;2;2;-22,878923;-43,110676;"SPRF-RJ";"DEL02-RJ";"UOP02-DEL02-RJ"
295056;2020-07-12;"domingo";"17:10:00";"BA";116;8,5;"VITORIA DA CONQUISTA";"Falta de Atenção à Condução";"Saída de leito carroçável";"Sem Vítimas";"Anoitecer";"Crescente";"Céu Claro";"Simples";"Declive";"Sim";1;0;0;0;1;0;0;1;-14,84938125;-40,88435866;"SPRF-BA";"DEL08-BA";"UOP01-DEL08-BA"
295057;2020-07-12;"domingo";"17:35:00";"PA";316;28;"SANTA IZABEL DO PARA";"Defeito Mecânico no Veículo";"Tombamento";"Com Vítimas Feridas";"Pleno dia";"Crescente";"Céu Claro";"Dupla";"Reta";"Não";2;0;2;0;0;0;2;1;-1,31121896;-48,22115206;"SPRF-PA";"DEL01-PA";"UOP01-DEL01-PA"
295058;2020-07-12;"domingo";"17:15:00";"RS";386;30,2;"FREDERICO WESTPHALEN";"Ingestão de Álcool";"Saída de leito carroçável";"Com Vítimas Feridas";"Anoitecer";"Crescente";"Céu Claro";"Simples";"Curva";"Sim";1;0;1;0;0;0;1;1;-27,33004914;-53,37665342;"SPRF-RS";"DEL08-RS";"UOP02-DEL08-RS"
295059;2020-07-12;"domingo";"17:40:00";"ES";101;22;"PINHEIROS";"Falta de Atenção à Condução";"Atropelamento de Pedestre";"Com Vítimas Feridas";"Anoitecer";"Crescente";"Nublado";"Simples";"Aclive";"Não";2;0;1;0;1;0;1;2;-18,34285601;-39,95904671;"SPRF-ES";"DEL04-ES";"UOP02-DEL04-ES"
295060;2020-07-12;"domingo";"17:55:00";"GO";60;27;"ALEXANIA";"Ingestão de Álcool";"Colisão com objeto estático";"Com Vítimas Feridas";"Pleno dia";"Crescente";"Céu Claro";"Dupla";"Declive;Reta";"Não";2;0;2;0;0;0;2;1;-16,10195222;-48,460046;"SPRF-DF";"DEL03-DF";"UOP01-DEL03-DF"
295061;2020-07-12;"domingo";"17:45:00";"PE";101;95;"CABO DE SANTO AGOSTINHO";"Não guardar distância de segurança";"Colisão lateral";"Com Vítimas Feridas";"Plena Noite";"Decrescente";"Nublado";"Dupla";"Reta";"Sim";3;0;3;0;0;0;3;2;-8,25099;-35,01426;"SPRF-PE";"DEL01-PE";"UOP03-DEL01-PE"
295063;2020-07-12;"domingo";"18:14:00";"PB";230;13;"CABEDELO";"Velocidade Incompatível";"Colisão traseira";"Com Vítimas Feridas";"Anoitecer";"Crescente";"Céu Claro";"Dupla";"Reta";"Sim";2;0;1;0;0;1;1;2;-7,0772;-34,8494;"SPRF-PB";"DEL01-PB";"UOP01-DEL01-PB"
295064;2020-07-12;"domingo";"16:30:00";"SP";116;122,3;"CACAPAVA";"Avarias e/ou desgaste excessivo no pneu";"Capotamento";"Com Vítimas Feridas";"Pleno dia";"Crescente";"Céu Claro";"Dupla";"Declive;Reta";"Não";2;0;2;0;0;0;2;1;-23,08192414;-45,66154591;"SPRF-SP";"DEL06-SP";"UOP01-DEL06-SP"
295066;2020-07-12;"domingo";"17:45:00";"SC";101;214;"PALHOCA";"Avarias e/ou desgaste excessivo no pneu";"Queda de ocupante de veículo";"Com Vítimas Feridas";"Anoitecer";"Crescente";"Céu Claro";"Múltipla";"Reta";"Não";1;0;1;0;0;0;1;1;-27,64443;-48,67057;"SPRF-SC";"DEL01-SC";"UOP02-DEL01-SC"
295067;2020-07-12;"domingo";"17:30:00";"RS";116;307;"GUAIBA";"Ingestão de Álcool";"Colisão frontal";"Com Vítimas Feridas";"Anoitecer";"Crescente";"Nublado";"Simples";"Reta";"Não";5;0;3;2;0;0;5;3;-30,1742985;-51,3923676;"SPRF-RS";"DEL02-RS";"UOP01-DEL02-RS"
295068;2020-07-12;"domingo";"18:00:00";"AL";104;54,1;"MURICI";"Falta de Atenção à Condução";"Colisão lateral";"Com Vítimas Feridas";"Amanhecer";"Crescente";"Céu Claro";"Simples";"Curva";"Não";2;0;1;1;0;0;2;2;-9,27415995;-35,96520211;"SPRF-AL";"DEL01-AL";"UOP02-DEL01-AL"
295069;2020-07-12;"domingo";"17:30:00";"PE";428;171,1;"PETROLINA";"Falta de Atenção à Condução";"Capotamento";"Com Vítimas Feridas";"Anoitecer";"Crescente";"Céu Claro";"Simples";"Reta";"Não";4;0;2;2;0;0;4;1;-9,22853421;-40,41255764;"SPRF-PE";"DEL06-PE";"UOP01-DEL06-PE"
295071;2020-07-12;"domingo";"18:45:00";"RS";158;141,3;"CONDOR";"Ingestão de álcool e/ou substâncias psicoativas pelo pedestre";"Atropelamento de Pedestre";"Com Vítimas Feridas";"Plena Noite";"Crescente";"Nevoeiro/Neblina";"Simples";"Reta";"Não";2;0;1;0;1;0;1;2;-28,209461;-53,47060389;"SPRF-RS";"DEL10-RS";"UOP02-DEL10-RS"
295072;2020-07-12;"domingo";"18:50:00";"ES";101;159;"LINHARES";"Falta de Atenção à Condução";"Colisão frontal";"Com Vítimas Feridas";"Plena Noite";"Decrescente";"Céu Claro";"Simples";"Reta";"Não";5;0;4;1;0;0;5;2;-19,4684012;-40,1102557;"SPRF-ES";"DEL04-ES";"UOP01-DEL04-ES"
295075;2020-07-12;"domingo";"19:05:00";"SE";235;8,8;"NOSSA SENHORA DO SOCORRO";"Falta de Atenção à Condução";"Saída de leito carroçável";"Com Vítimas Feridas";"Plena Noite";"Decrescente";"Céu Claro";"Simples";"Curva";"Não";1;0;1;0;0;0;1;1;-10,88516967;-37,13479757;"SPRF-SE";"DEL01-SE";"UOP01-DEL01-SE"
295076;2020-07-12;"domingo";"18:40:00";"ES";101;96;"JAGUARE";"Falta de Atenção à Condução";"Atropelamento de Pedestre";"Com Vítimas Feridas";"Plena Noite";"Decrescente";"Céu Claro";"Simples";"Reta";"Não";3;0;2;1;0;0;3;2;-18,94725102;-39,97972996;"SPRF-ES";"DEL04-ES";"UOP02-DEL04-ES"
295078;2020-07-12;"domingo";"18:20:00";"DF";20;7;"BRASILIA";"Desobediência às normas de trânsito pelo condutor";"Colisão traseira";"Com Vítimas Feridas";"Anoitecer";"Decrescente";"Céu Claro";"Dupla";"Interseção de Vias";"Sim";2;0;1;0;1;0;1;2;-15,662208;-47,799866;"SPRF-DF";"DEL02-DF";"UOP01-DEL02-DF"
295079;2020-07-12;"domingo";"19:00:00";"RJ";116;167;"SAO JOAO DE MERITI";"Falta de Atenção à Condução";"Colisão traseira";"Com Vítimas Fatais";"Plena Noite";"Crescente";"Céu Claro";"Múltipla";"Reta";"Sim";8;2;4;1;1;0;5;2;-22,81803977;-43,30787252;"SPRF-RJ";"DEL01-RJ";"UOP01-DEL01-RJ"
295080;2020-07-12;"domingo";"17:50:00";"RJ";116;80;"TERESOPOLIS";"Falta de Atenção à Condução";"Capotamento";"Com Vítimas Feridas";"Anoitecer";"Crescente";"Nublado";"Simples";"Reta";"Não";1;0;1;0;0;0;1;1;-22,41187678;-42,94982056;"SPRF-RJ";"DEL04-RJ";"UOP01-DEL04-RJ"
295081;2020-07-12;"domingo";"19:30:00";"PA";222;242;"MARABA";"Desobediência às normas de trânsito pelo condutor";"Colisão lateral";"Com Vítimas Feridas";"Plena Noite";"Crescente";"Céu Claro";"Simples";"Reta";"Sim";2;0;0;1;1;0;1;1;-5,331903;-49,085217;"SPRF-PA";"DEL03-PA";"UOP01-DEL03-PA"
295082;2020-07-12;"domingo";"18:40:00";"RJ";116;62;"TERESOPOLIS";"Animais na Pista";"Atropelamento de Animal";"Com Vítimas Feridas";"Anoitecer";"Crescente";"Nublado";"Simples";"Reta";"Não";1;0;0;1;0;0;1;1;-22,25254197;-42,91927708;"SPRF-RJ";"DEL04-RJ";"UOP01-DEL04-RJ"
295083;2020-07-12;"domingo";"19:35:00";"SC";101;204,5;"SAO JOSE";"Falta de Atenção à Condução";"Queda de ocupante de veículo";"Com Vítimas Feridas";"Plena Noite";"Decrescente";"Nublado";"Múltipla";"Reta";"Sim";1;0;1;0;0;0;1;1;-27,57413014;-48,61363083;"SPRF-SC";"DEL01-SC";"UOP01-DEL01-SC"
295085;2020-07-12;"domingo";"19:50:00";"GO";20;185,4;"SIMOLANDIA";"Sinalização da via insuficiente ou inadequada";"Saída de leito carroçável";"Com Vítimas Feridas";"Plena Noite";"Crescente";"Céu Claro";"Dupla";"Reta";"Não";4;0;4;0;0;0;4;1;-14,443042;-46,462242;"SPRF-DF";"DEL02-DF";"UOP03-DEL02-DF"
295086;2020-07-12;"domingo";"18:00:00";"BA";116;919,3;"ENCRUZILHADA";"Falta de Atenção à Condução";"Colisão lateral";"Com Vítimas Fatais";"Plena Noite";"Decrescente";"Céu Claro";"Simples";"Declive;Curva";"Não";1;1;0;0;0;0;0;1;-15,587032;-41,280587;"SPRF-BA";"DEL08-BA";"UOP03-DEL08-BA"
295087;2020-07-12;"domingo";"18:15:00";"MG";116;409;"GOVERNADOR VALADARES";"Ingestão de Álcool";"Colisão com objeto estático";"Com Vítimas Feridas";"Plena Noite";"Crescente";"Céu Claro";"Dupla";"Reta";"Sim";1;0;1;0;0;0;1;1;-18,84936788;-41,97891368;"SPRF-MG";"DEL06-MG";"UOP01-DEL06-MG"
295089;2020-07-12;"domingo";"18:40:00";"RO";364;703;"PORTO VELHO";"Desobediência às normas de trânsito pelo condutor";"Tombamento";"Com Vítimas Feridas";"Plena Noite";"Crescente";"Céu Claro";"Dupla";"Reta";"Não";2;0;2;0;0;0;2;1;-8,80021523;-63,79557792;"SPRF-RO";"DEL01-RO";"UOP01-DEL01-RO"
295090;2020-07-12;"domingo";"20:05:00";"PE";408;74,3;"PAUDALHO";"Ingestão de Álcool";"Saída de leito carroçável";"Com Vítimas Fatais";"Plena Noite";"Crescente";"Céu Claro";"Simples";"Reta";"Sim";1;1;0;0;0;0;0;1;-7,89701706;-35,17300548;"SPRF-PE";"DEL01-PE";"UOP01-DEL01-PE"
295091;2020-07-12;"domingo";"20:05:00";"DF";20;19;"BRASILIA";"Velocidade Incompatível";"Colisão traseira";"Com Vítimas Fatais";"Plena Noite";"Crescente";"Céu Claro";"Dupla";"Declive";"Sim";3;1;0;0;2;0;0;2;-15,612175;-47,700928;"SPRF-DF";"DEL02-DF";"UOP01-DEL02-DF"
295092;2020-07-12;"domingo";"19:15:00";"PI";316;14,9;"TERESINA";"Desobediência às normas de trânsito pelo condutor";"Colisão com objeto em movimento";"Com Vítimas Feridas";"Plena Noite";"Crescente";"Nublado";"Simples";"Reta";"Sim";2;0;1;0;1;0;1;2;-5,21837815;-42,75257727;"SPRF-PI";"DEL01-PI";"UOP02-DEL01-PI"
295093;2020-07-12;"domingo";"19:20:00";"RJ";493;105;"SEROPEDICA";"Ingestão de Álcool";"Saída de leito carroçável";"Sem Vítimas";"Plena Noite";"Decrescente";"Céu Claro";"Dupla";"Reta";"Não";1;0;0;0;1;0;0;1;-22,77926746;-43,74774525;"SPRF-RJ";"DEL03-RJ";"UOP01-DEL03-RJ"