"id";"data_inversa";"dia_semana";"horario";"uf";"br";"km";"municipio";"causa_acidente";"tipo_acidente";"classificacao_acidente";"fase_dia";"sentido_via";"condicao_metereologica";"tipo_pista";"tracado_via";"uso_solo";"pessoas";"mortos";"feridos_leves";"feridos_graves";"ilesos";"ignorados";"feridos";"veiculos";"latitude";"longitude";"regional";"delegacia";"uop"
295094;2020-07-12;"domingo";"20:30:00";"RJ";101;332;"RIO DE JANEIRO";"Falta de Atenção à Condução";"Colisão lateral";"Sem Vítimas";"Plena Noite";"Decrescente";"Céu Claro";"Múltipla";"Reta";"Não";2;0;0;0;2;0;0;2;-22,87133305;-43,20407695;"SPRF-RJ";"DEL02-RJ";"UOP02-DEL02-RJ"
295095;2020-07-12;"domingo";"19:50:00";"MT";174;482;"COMODORO";"Animais na Pista";"Atropelamento de Animal";"Com Vítimas Feridas";"Plena Noite";"Crescente";"Céu Claro";"Simples";"Curva";"Não";5;0;4;0;1;0;4;3;-13,69188003;-59,78900112;"SPRF-MT";"DEL04-MT";"UOP01-DEL04-MT"
295096;2020-07-12;"domingo";"19:40:00";"MG";381;446;"SANTA LUZIA";"Desobediência às normas de trânsito pelo condutor";"Colisão transversal";"Com Vítimas Feridas";"Plena Noite";"Crescente";"Céu Claro";"Dupla";"Declive;Reta;Interseção de Vias";"Não";2;0;1;0;1;0;1;2;-19,82950465;-43,84255613;"SPRF-MG";"DEL01-MG";"UOP01-DEL01-MG"
295097;2020-07-12;"domingo";"18:50:00";"SP";116;297;"ITAPECERICA DA SERRA";"Não guardar distância de segurança";"Colisão lateral";"Com Vítimas Feridas";"Plena Noite";"Decrescente";"Céu Claro";"Dupla";"Reta";"Não";2;0;1;0;1;0;1;2;-23,78323219;-46,91437053;"SPRF-SP";"DEL04-SP";"UOP01-DEL04-SP"
295099;2020-07-12;"domingo";"20:30:00";"SP";116;205;"GUARULHOS";"Falta de Atenção à Condução";"Colisão com objeto estático";"Com Vítimas Feridas";"Plena Noite";"Decrescente";"Céu Claro";"Dupla";"Reta";"Sim";2;0;1;0;1;0;1;1;-23,41475243;-46,36600788;"SPRF-SP";"DEL01-SP";"UOP01-DEL01-SP"
295100;2020-07-12;"domingo";"19:40:00";"MA";135;3,5;"SAO LUIS";"Animais na Pista";"Atropelamento de Animal";"Com Vítimas Feridas";"Plena Noite";"Decrescente";"Céu Claro";"Dupla";"Reta";"Sim";2;0;0;2;0;0;2;1;-2,606802;-44,247512;"SPRF-MA";"DEL01-MA";"UOP01-DEL01-MA"
295101;2020-07-12;"domingo";"16:00:00";"GO";50;185;"CAMPO ALEGRE DE GOIAS";"Ingestão de Álcool";"Saída de leito carroçável";"Com Vítimas Feridas";"Pleno dia";"Crescente";"Céu Claro";"Dupla";"Reta";"Não";1;0;1;0;0;0;1;1;-17,4498;-47,805;"SPRF-GO";"DEL06-GO";"UOP01-DEL06-GO"
295102;2020-07-12;"domingo";"18:30:00";"SC";280;117;"SAO BENTO DO SUL";"Ingestão de Álcool";"Saída de leito carroçável";"Com Vítimas Feridas";"Plena Noite";"Decrescente";"Céu Claro";"Simples";"Curva";"Não";1;0;1;0;0;0;1;1;-26,2747362;-49,42277912;"SPRF-SC";"DEL06-SC";"UOP03-DEL06-SC"
295104;2020-07-12;"domingo";"21:00:00";"SC";470;66;"INDAIAL";"Ingestão de álcool e/ou substâncias psicoativas pelo pedestre";"Atropelamento de Pedestre";"Com Vítimas Feridas";"Plena Noite";"Crescente";"Nublado";"Simples";"Reta";"Sim";2;0;1;0;1;0;1;2;-26,87001845;-49,22371745;"SPRF-SC";"DEL04-SC";"UOP01-DEL04-SC"
295105;2020-07-12;"domingo";"17:00:00";"MG";116;789;"LEOPOLDINA";"Defeito Mecânico no Veículo";"Incêndio";"Sem Vítimas";"Pleno dia";"Decrescente";"Céu Claro";"Simples";"Aclive";"Não";1;0;0;0;1;0;0;1;-21,66675874;-42,73137141;"SPRF-MG";"DEL07-MG";"UOP01-DEL07-MG"
295106;2020-07-12;"domingo";"16:40:00";"AM";174;886;"MANAUS";"Falta de Atenção à Condução";"Colisão traseira";"Com Vítimas Feridas";"Pleno dia";"Decrescente";"Céu Claro";"Simples";"Reta";"Não";2;0;1;1;0;0;2;1;-2,93138327;-60,0349617;"SPRF-AM";"DEL01-AM";"UOP01-DEL01-AM"
295107;2020-07-12;"domingo";"20:00:00";"RJ";116;187;"NOVA IGUACU";"Defeito Mecânico no Veículo";"Incêndio";"Sem Vítimas";"Plena Noite";"Crescente";"Céu Claro";"Dupla";"Reta";"Não";1;0;0;0;1;0;0;1;-22,73883756;-43,47245197;"SPRF-RJ";"DEL01-RJ";"UOP02-DEL01-RJ"
295108;2020-07-12;"domingo";"21:00:00";"RS";448;22;"PORTO ALEGRE";"Ingestão de Álcool";"Colisão com objeto estático";"Com Vítimas Feridas";"Plena Noite";"Crescente";"Garoa/Chuvisco";"Dupla";"Curva";"Não";2;0;2;0;0;0;2;1;-29,972212;-51,199139;"SPRF-RS";"DEL01-RS";"UOP01-DEL01-RS"
295109;2020-07-12;"domingo";"21:00:00";"CE";222;9,3;"CAUCAIA";"Ingestão de Álcool";"Queda de ocupante de veículo";"Com Vítimas Feridas";"Plena Noite";"Decrescente";"Céu Claro";"Dupla";"Aclive";"Não";1;0;1;0;0;0;1;1;-3,75774612;-38,64611294;"SPRF-CE";"DEL01-CE";"UOP01-DEL01-CE"
295110;2020-07-12;"domingo";"17:40:00";"RS";285;146;"MUITOS CAPOES";"Pista Escorregadia";"Saída de leito carroçável";"Com Vítimas Feridas";"Anoitecer";"Decrescente";"Garoa/Chuvisco";"Simples";"Curva";"Não";4;0;3;0;1;0;3;1;-28,357988;-51,106682;"SPRF-RS";"DEL05-RS";"UOP03-DEL05-RS"
295111;2020-07-12;"domingo";"15:30:00";"RO";364;640;"CANDEIAS DO JAMARI";"Falta de Atenção à Condução";"Colisão transversal";"Com Vítimas Feridas";"Pleno dia";"Crescente";"Céu Claro";"Simples";"Reta";"Não";2;0;2;0;0;0;2;2;-9,011074;-63,42149106;"SPRF-RO";"DEL01-RO";"UOP04-DEL01-RO"
295112;2020-07-12;"domingo";"21:45:00";"PR";277;722;"FOZ DO IGUACU";"Desobediência às normas de trânsito pelo condutor";"Colisão lateral";"Com Vítimas Feridas";"Plena Noite";"Crescente";"Nublado";"Dupla";"Reta";"Sim";2;0;0;1;0;1;1;2;-25,49494908;-54,52095097;"SPRF-PR";"DEL05-PR";"UOP01-DEL05-PR"
295113;2020-07-12;"domingo";"20:55:00";"SC";470;57,5;"BLUMENAU";"Ingestão de Álcool";"Colisão lateral";"Sem Vítimas";"Plena Noite";"Crescente";"Nublado";"Simples";"Em Obras;Rotatória";"Sim";2;0;0;0;2;0;0;2;-26,88261251;-49,14159894;"SPRF-SC";"DEL04-SC";"UOP01-DEL04-SC"
295115;2020-07-12;"domingo";"19:10:00";"ES";393;3;"CACHOEIRO DE ITAPEMIRIM";"Animais na Pista";"Atropelamento de Animal";"Com Vítimas Feridas";"Plena Noite";"Crescente";"Céu Claro";"Simples";"Reta";"Não";1;0;0;1;0;0;1;1;-20,82758347;-41,18252617;"SPRF-ES";"DEL03-ES";"UOP02-DEL03-ES"
295116;2020-07-12;"domingo";"19:15:00";"SC";280;142;"MAFRA";"Ingestão de Álcool";"Colisão frontal";"Com Vítimas Feridas";"Plena Noite";"Crescente";"Nublado";"Simples";"Curva";"Não";4;0;2;2;0;0;4;3;-26,25601107;-49,6228838;"SPRF-SC";"DEL06-SC";"UOP03-DEL06-SC"
295117;2020-07-12;"domingo";"20:00:00";"MG";50;26;"ARAGUARI";"Defeito Mecânico no Veículo";"Queda de ocupante de veículo";"Com Vítimas Feridas";"Plena Noite";"Decrescente";"Céu Claro";"Dupla";"Reta";"Não";2;0;2;0;0;0;2;1;-18,61687235;-48,08496977;"SPRF-MG";"DEL15-MG";"UOP02-DEL15-MG"
295118;2020-07-12;"domingo";"17:55:00";"RS";392;26;"RIO GRANDE";"Pista Escorregadia";"Saída de leito carroçável";"Com Vítimas Feridas";"Anoitecer";"Decrescente";"Céu Claro";"Simples";"Viaduto";"Não";2;0;1;0;1;0;1;1;-32,07835445;-52,25665029;"SPRF-RS";"DEL07-RS";"UOP02-DEL07-RS"
295120;2020-07-12;"domingo";"20:00:00";"MT";364;523;"VARZEA GRANDE";"Ingestão de Álcool";"Engavetamento";"Sem Vítimas";"Plena Noite";"Crescente";"Céu Claro";"Simples";"Reta";"Sim";6;0;0;0;3;3;0;4;-15,66006499;-56,18744418;"SPRF-MT";"DEL01-MT";"UOP02-DEL01-MT"
295122;2020-07-12;"domingo";"18:40:00";"MT";70;268;"PRIMAVERA DO LESTE";"Desobediência às normas de trânsito pelo condutor";"Colisão frontal";"Com Vítimas Feridas";"Plena Noite";"Crescente";"Céu Claro";"Simples";"Reta";"Não";5;0;1;0;3;1;1;2;-15,53109875;-54,21649933;"SPRF-MT";"DEL05-MT";"UOP01-DEL05-MT"
295123;2020-07-12;"domingo";"18:50:00";"MS";267;483;"JARDIM";"Ingestão de Álcool";"Engavetamento";"Sem Vítimas";"Plena Noite";"Crescente";"Céu Claro";"Simples";"Reta";"Sim";3;0;0;0;3;0;0;3;-21,48097208;-56,15576902;"SPRF-MS";"DEL05-MS";"UOP01-DEL05-MS"
295124;2020-07-12;"domingo";"22:00:00";"PB";101;89;"JOAO PESSOA";"Desobediência às normas de trânsito pelo pedestre";"Atropelamento de Pedestre";"Com Vítimas Feridas";"Plena Noite";"Decrescente";"Céu Claro";"Dupla";"Reta";"Sim";2;0;2;0;0;0;2;2;-7,1710694;-34,89765372;"SPRF-PB";"DEL01-PB";"UOP02-DEL01-PB"
295125;2020-07-12;"domingo";"21:00:00";"MT";70;515;"VARZEA GRANDE";"Ingestão de Álcool";"Colisão frontal";"Com Vítimas Feridas";"Plena Noite";"Crescente";"Céu Claro";"Simples";"Curva";"Não";2;0;0;1;0;1;1;2;-15,70615679;-56,14337683;"SPRF-MT";"DEL01-MT";"UOP02-DEL01-MT"
295127;2020-07-12;"domingo";"22:40:00";"RJ";393;167;"TRES RIOS";"Falta de Atenção à Condução";"Colisão lateral";"Com Vítimas Feridas";"Plena Noite";"Crescente";"Céu Claro";"Simples";"Reta";"Sim";2;0;1;0;0;1;1;2;-22,12236191;-43,13976623;"SPRF-RJ";"DEL05-RJ";"UOP01-DEL05-RJ"
295129;2020-07-12;"domingo";"21:28:00";"GO";60;96;"ANAPOLIS";"Falta de Atenção à Condução";"Colisão lateral";"Sem Vítimas";"Plena Noite";"Decrescente";"Céu Claro";"Dupla";"Reta";"Sim";2;0;0;0;2;0;0;2;-16,371;-48,9422;"SPRF-GO";"DEL02-GO";"UOP01-DEL02-GO"
295130;2020-07-12;"domingo";"22:21:00";"PA";316;33,5;"SANTA IZABEL DO PARA";"Ingestão de Álcool";"Atropelamento de Pedestre";"Com Vítimas Feridas";"Plena Noite";"Decrescente";"Céu Claro";"Dupla";"Reta";"Sim";7;0;2;0;5;0;2;3;-1,29877612;-48,18005497;"SPRF-PA";"DEL01-PA";"UOP01-DEL01-PA"
295132;2020-07-12;"domingo";"21:00:00";"RJ";116;78;"TERESOPOLIS";"Falta de Atenção à Condução";"Colisão transversal";"Com Vítimas Feridas";"Plena Noite";"Decrescente";"Céu Claro";"Simples";"Interseção de Vias";"Sim";3;0;1;0;2;0;1;2;-22,40019652;-42,95440485;"SPRF-RJ";"DEL04-RJ";"UOP01-DEL04-RJ"
295133;2020-07-12;"domingo";"23:23:00";"RN";101;108,2;"PARNAMIRIM";"Falta de Atenção do Pedestre";"Atropelamento de Pedestre";"Com Vítimas Fatais";"Plena Noite";"Decrescente";"Granizo";"Dupla";"Aclive;Interseção de Vias";"Sim";2;1;0;0;0;1;0;2;-5,92810604;-35,26465416;"SPRF-RN";"DEL01-RN";"UOP01-DEL01-RN"
295134;2020-07-12;"domingo";"22:30:00";"BA";242;721;"CRISTOPOLIS";"Falta de Atenção à Condução";"Saída de leito carroçável";"Com Vítimas Feridas";"Plena Noite";"Decrescente";"Céu Claro";"Simples";"Reta";"Não";1;0;0;1;0;0;1;1;-12,23332589;-44,39738274;"SPRF-BA";"DEL06-BA";"UOP03-DEL06-BA"
295135;2020-07-12;"domingo";"21:35:00";"MA";10;255;"IMPERATRIZ";"Ingestão de Álcool";"Colisão frontal";"Com Vítimas Feridas";"Plena Noite";"Decrescente";"Céu Claro";"Simples";"Reta";"Sim";3;0;1;2;0;0;3;2;-5,508798;-47,471718;"SPRF-MA";"DEL04-MA";"UOP01-DEL04-MA"
295136;2020-07-12;"domingo";"20:00:00";"GO";60;210;"VARJAO";"Ingestão de Álcool";"Colisão traseira";"Com Vítimas Feridas";"Plena Noite";"Decrescente";"Vento";"Dupla";"Interseção de Vias";"Não";3;0;2;0;1;0;2;2;-16,9406;-49,6717;"SPRF-GO";"DEL01-GO";"UOP02-DEL01-GO"
295137;2020-07-13;"segunda-feira";"00:20:00";"RN";101;84;"SAO GONCALO DO AMARANTE";"Falta de Atenção à Condução";"Colisão com objeto estático";"Com Vítimas Feridas";"Plena Noite";"Crescente";"Nublado";"Dupla";"Reta";"Sim";3;0;1;0;1;1;1;1;-5,774175;-35,2578;"SPRF-RN";"DEL02-RN";"UOP01-DEL02-RN"
295138;2020-07-13;"segunda-feira";"01:45:00";"RJ";40;105;"DUQUE DE CAXIAS";"Falta de Atenção à Condução";"Tombamento";"Sem Vítimas";"Plena Noite";"Decrescente";"Nublado";"Múltipla";"Curva";"Sim";4;0;0;0;4;0;0;1;-22,63784806;-43,28428824;"SPRF-RJ";"DEL01-RJ";"UOP01-DEL01-RJ"
295139;2020-07-12;"domingo";"17:30:00";"MG";116;812,6;"ALEM PARAIBA";"Desobediência às normas de trânsito pelo condutor";"Queda de ocupante de veículo";"Com Vítimas Feridas";"Plena Noite";"Crescente";"Céu Claro";"Simples";"Reta";"Não";3;0;2;0;0;1;2;2;-21,8449291;-42,67297203;"SPRF-MG";"DEL07-MG";"UOP01-DEL07-MG"
295142;2020-07-13;"segunda-feira";"02:30:00";"ES";101;293;"CARIACICA";"Avarias e/ou desgaste excessivo no pneu";"Capotamento";"Com Vítimas Feridas";"Plena Noite";"Decrescente";"Céu Claro";"Dupla";"Curva";"Sim";1;0;1;0;0;0;1;1;-20,31526144;-40,39567044;"SPRF-ES";"DEL01-ES";"UOP01-DEL01-ES"
295143;2020-07-12;"domingo";"23:10:00";"RO";364;425;"JARU";"Falta de Atenção à Condução";"Saída de leito carroçável";"Sem Vítimas";"Plena Noite";"Crescente";"Céu Claro";"Dupla";"Reta";"Sim";1;0;0;0;0;1;0;1;-10,43298078;-62,47890472;"SPRF-RO";"DEL03-RO";"UOP02-DEL03-RO"
295145;2020-05-31;"domingo";"15:00:00";"PE";423;99;"GARANHUNS";"Defeito Mecânico no Veículo";"Incêndio";"Sem Vítimas";"Pleno dia";"Crescente";"Chuva";"Simples";"Curva";"Não";1;0;0;0;1;0;0;1;-8,87828754;-36,51306152;"SPRF-PE";"DEL03-PE";"UOP01-DEL03-PE"
295146;2020-07-12;"domingo";"18:20:00";"RS";290;107;"ELDORADO DO SUL";"Falta de Atenção à Condução";"Colisão transversal";"Com Vítimas Feridas";"Plena Noite";"Crescente";"Ignorado";"Simples";"Rotatória";"Sim";2;0;1;0;1;0;1;1;-30,001852;-51,304264;"SPRF-RS";"DEL02-RS";"UOP01-DEL02-RS"
295147;2020-07-13;"segunda-feira";"05:10:00";"SC";101;141;"BALNEARIO CAMBORIU";"Ingestão de Substâncias Psicoativas";"Atropelamento de Pedestre";"Com Vítimas Feridas";"Plena Noite";"Decrescente";"Garoa/Chuvisco";"Dupla";"Túnel";"Não";2;0;1;0;1;0;1;2;-27,04761729;-48,59995855;"SPRF-SC";"DEL04-SC";"UOP03-DEL04-SC"
295148;2020-07-13;"segunda-feira";"04:55:00";"BA";101;163;"CONCEICAO DO JACUIPE";"Restrição de Visibilidade";"Colisão transversal";"Sem Vítimas";"Plena Noite";"Decrescente";"Nevoeiro/Neblina";"Simples";"Reta";"Não";2;0;0;0;2;0;0;2;-12,35551436;-38,782478;"SPRF-BA";"DEL01-BA";"UOP03-DEL01-BA"
295153;2020-07-13;"segunda-feira";"06:30:00";"PE";232;8,6;"RECIFE";"Falta de Atenção à Condução";"Colisão traseira";"Com Vítimas Feridas";"Pleno dia";"Decrescente";"Céu Claro";"Múltipla";"Reta";"Sim";2;0;2;0;0;0;2;2;-8,07583727;-34,97015791;"SPRF-PE";"DEL01-PE";"UOP01-DEL01-PE"
295155;2020-07-13;"segunda-feira";"06:40:00";"GO";40;0;"VALPARAISO DE GOIAS";"Falta de Atenção à Condução";"Colisão lateral";"Com Vítimas Feridas";"Pleno dia";"Decrescente";"Céu Claro";"Dupla";"Reta";"Sim";2;0;1;0;1;0;1;2;-16,058273;-47,982655;"SPRF-DF";"DEL01-DF";"UOP01-DEL01-DF"
295156;2020-07-13;"segunda-feira";"04:20:00";"MA";135;34;"BACABEIRA";"Falta de Atenção à Condução";"Capotamento";"Com Vítimas Feridas";"Plena Noite";"Crescente";"Céu Claro";"Dupla";"Reta";"Não";17;0;15;1;1;0;16;1;-2,840086;-44,37459507;"SPRF-MA";"DEL01-MA";"UOP01-DEL01-MA"
295157;2020-07-13;"segunda-feira";"06:20:00";"PE";104;60;"CARUARU";"Falta de Atenção à Condução";"Colisão lateral";"Com Vítimas Feridas";"Pleno dia";"Decrescente";"Céu Claro";"Dupla";"Reta";"Sim";7;0;1;0;6;0;1;3;-8,2438;-35,9752;"SPRF-PE";"DEL02-PE";"UOP01-DEL02-PE"
295159;2020-07-13;"segunda-feira";"06:45:00";"SC";280;51,5;"GUARAMIRIM";"Falta de Atenção à Condução";"Queda de ocupante de veículo";"Com Vítimas Feridas";"Amanhecer";"Crescente";"Nublado";"Simples";"Reta";"Sim";1;0;1;0;0;0;1;1;-26,46538871;-48,95544449;"SPRF-SC";"DEL03-SC";"UOP03-DEL03-SC"
295160;2020-07-12;"domingo";"22:30:00";"SC";280;118;"SAO BENTO DO SUL";"Velocidade Incompatível";"Saída de leito carroçável";"Com Vítimas Feridas";"Plena Noite";"Crescente";"Céu Claro";"Simples";"Curva";"Não";1;0;1;0;0;0;1;1;-26,26608202;-49,42467403;"SPRF-SC";"DEL06-SC";"UOP03-DEL06-SC"
295162;2020-07-13;"segunda-feira";"06:50:00";"PE";101;105;"CABO DE SANTO AGOSTINHO";"Falta de Atenção à Condução";"Colisão traseira";"Com Vítimas Feridas";"Pleno dia";"Decrescente";"Céu Claro";"Múltipla";"Reta";"Sim";2;0;1;0;1;0;1;2;-8,30242751;-35,06989924;"SPRF-PE";"DEL01-PE";"UOP03-DEL01-PE"
295167;2020-07-13;"segunda-feira";"07:45:00";"RJ";40;108;"DUQUE DE CAXIAS";"Falta de Atenção à Condução";"Colisão lateral";"Com Vítimas Feridas";"Pleno dia";"Crescente";"Céu Claro";"Múltipla";"Reta";"Sim";3;0;1;0;1;1;1;3;-22,66476979;-43,28495144;"SPRF-RJ";"DEL01-RJ";"UOP01-DEL01-RJ"
295170;2020-07-13;"segunda-feira";"07:15:00";"PR";373;241;"GUAMIRANGA";"Falta de Atenção à Condução";"Colisão transversal";"Com Vítimas Feridas";"Pleno dia";"Decrescente";"Céu Claro";"Simples";"Interseção de Vias";"Não";2;0;1;0;1;0;1;2;-25,19760594;-50,767904;"SPRF-PR";"DEL03-PR";"UOP01-DEL03-PR"
295171;2020-07-13;"segunda-feira";"06:40:00";"RS";116;186,6;"NOVA PETROPOLIS";"Pista Escorregadia";"Colisão com objeto estático";"Com Vítimas Feridas";"Amanhecer";"Crescente";"Nevoeiro/Neblina";"Simples";"Curva";"Não";1;0;1;0;0;0;1;1;-29,39850319;-51,12755022;"SPRF-RS";"DEL05-RS";"UOP02-DEL05-RS"
295172;2020-07-13;"segunda-feira";"07:45:00";"RS";116;259;"CANOAS";"Não guardar distância de segurança";"Colisão traseira";"Com Vítimas Feridas";"Pleno dia";"Crescente";"Nublado";"Dupla";"Reta";"Sim";2;0;1;0;1;0;1;2;-29,870408;-51,179909;"SPRF-RS";"DEL01-RS";"UOP02-DEL01-RS"
295173;2020-07-13;"segunda-feira";"07:40:00";"DF";70;5,8;"BRASILIA";"Falta de Atenção à Condução";"Colisão traseira";"Com Vítimas Feridas";"Pleno dia";"Decrescente";"Céu Claro";"Simples";"Reta";"Não";3;0;2;0;1;0;2;2;-15,794656;-48,096779;"SPRF-DF";"DEL03-DF";"UOP02-DEL03-DF"
295174;2020-07-13;"segunda-feira";"07:30:00";"RJ";116;139,2;"DUQUE DE CAXIAS";"Não guardar distância de segurança";"Engavetamento";"Com Vítimas Feridas";"Pleno dia";"Crescente";"Céu Claro";"Dupla";"Reta";"Sim";5;0;1;0;2;2;1;4;-22,64655224;-43,20138601;"SPRF-RJ";"DEL04-RJ";"UOP02-DEL04-RJ"
295175;2020-07-13;"segunda-feira";"07:55:00";"RS";386;437,5;"NOVA SANTA RITA";"Restrição de Visibilidade";"Colisão transversal";"Com Vítimas Feridas";"Pleno dia";"Decrescente";"Nevoeiro/Neblina";"Dupla";"Retorno Regulamentado";"Não";2;0;1;1;0;0;2;2;-29,86104129;-51,25619888;"SPRF-RS";"DEL04-RS";"UOP02-DEL04-RS"
295176;2020-07-13;"segunda-feira";"07:00:00";"CE";20;256,8;"ITATIRA";"Defeito Mecânico no Veículo";"Incêndio";"Sem Vítimas";"Pleno dia";"Decrescente";"Céu Claro";"Simples";"Reta";"Não";1;0;0;0;0;1;0;1;-4,74553812;-39,4713547;"SPRF-CE";"DEL02-CE";"UOP01-DEL02-CE"
295177;2020-07-13;"segunda-feira";"07:45:00";"SP";153;61,2;"SAO JOSE DO RIO PRETO";"Velocidade Incompatível";"Colisão traseira";"Com Vítimas Feridas";"Pleno dia";"Decrescente";"Céu Claro";"Dupla";"Declive;Reta";"Sim";7;0;2;0;5;0;2;3;-20,80502876;-49,35574909;"SPRF-SP";"DEL09-SP";"UOP01-DEL09-SP"
295178;2020-07-13;"segunda-feira";"08:45:00";"PB";101;35,7;"BAYEUX";"Pista Escorregadia";"Tombamento";"Com Vítimas Feridas";"Pleno dia";"Crescente";"Céu Claro";"Dupla";"Curva";"Sim";2;0;1;0;1;0;1;1;-7,1237;-34,9447;"SPRF-PB";"DEL01-PB";"UOP04-DEL01-PB"
295180;2020-07-13;"segunda-feira";"07:00:00";"ES";101;291;"CARIACICA";"Defeito Mecânico no Veículo";"Incêndio";"Sem Vítimas";"Pleno dia";"Decrescente";"Céu Claro";"Dupla";"Declive";"Sim";1;0;0;0;0;1;0;1;-20,29755744;-40,39445616;"SPRF-ES";"DEL01-ES";"UOP01-DEL01-ES"
295182;2020-07-13;"segunda-feira";"07:30:00";"PR";369;412,5;"JURANDA";"Falta de Atenção à Condução";"Colisão transversal";"Com Vítimas Feridas";"Pleno dia";"Crescente";"Céu Claro";"Simples";"Curva";"Não";2;0;1;0;1;0;1;2;-24,34959892;-52,7374649;"SPRF-PR";"DEL04-PR";"UOP03-DEL04-PR"
295184;2020-07-13;"segunda-feira";"07:50:00";"CE";116;3;"FORTALEZA";"Não guardar distância de segurança";"Colisão traseira";"Com Vítimas Feridas";"Pleno dia";"Decrescente";"Céu Claro";"Múltipla";"Reta";"Sim";8;0;2;0;6;0;2;8;-3,77866493;-38,51490171;"SPRF-CE";"DEL01-CE";"UOP02-DEL01-CE"
295185;2020-07-13;"segunda-feira";"07:30:00";"PR";369;34;"ANDIRA";"Defeito Mecânico no Veículo";"Saída de leito carroçável";"Com Vítimas Feridas";"Pleno dia";"Crescente";"Céu Claro";"Simples";"Reta";"Não";4;0;3;0;1;0;3;1;-23,037;-50,223;"SPRF-PR";"DEL07-PR";"UOP05-DEL07-PR"
295186;2020-07-13;"segunda-feira";"09:05:00";"DF";40;5,1;"BRASILIA";"Não guardar distância de segurança";"Engavetamento";"Com Vítimas Feridas";"Pleno dia";"Decrescente";"Céu Claro";"Simples";"Reta";"Sim";4;0;1;0;3;0;1;4;-16,020903;-47,980541;"SPRF-DF";"DEL01-DF";"UOP01-DEL01-DF"
295190;2020-07-13;"segunda-feira";"06:30:00";"SC";282;483,6;"FAXINAL DOS GUEDES";"Falta de Atenção à Condução";"Capotamento";"Sem Vítimas";"Amanhecer";"Decrescente";"Nevoeiro/Neblina";"Simples";"Reta";"Não";1;0;0;0;1;0;0;1;-26,861937;-52,227974;"SPRF-SC";"DEL07-SC";"UOP01-DEL07-SC"
295191;2020-07-13;"segunda-feira";"08:15:00";"SP";116;186,7;"SANTA ISABEL";"Falta de Atenção à Condução";"Tombamento";"Com Vítimas Feridas";"Pleno dia";"Decrescente";"Céu Claro";"Dupla";"Reta";"Não";2;0;2;0;0;0;2;1;-23,35220682;-46,19934905;"SPRF-SP";"DEL02-SP";"UOP01-DEL02-SP"
295193;2020-07-01;"quarta-feira";"11:00:00";"SP";116;142;"SAO JOSE DOS CAMPOS";"Falta de Atenção à Condução";"Engavetamento";"Com Vítimas Feridas";"Pleno dia";"Decrescente";"Nublado";"Dupla";"Reta";"Sim";5;0;1;0;4;0;1;4;-23,17426078;-45,82940111;"SPRF-SP";"DEL06-SP";"UOP01-DEL06-SP"
295195;2020-07-13;"segunda-feira";"08:30:00";"CE";222;215,8;"FORQUILHA";"Falta de Atenção do Pedestre";"Atropelamento de Pedestre";"Com Vítimas Fatais";"Pleno dia";"Crescente";"Céu Claro";"Simples";"Curva";"Não";4;1;0;0;3;0;0;2;-3,76728996;-40,28895097;"SPRF-CE";"DEL04-CE";"UOP01-DEL04-CE"
295197;2020-07-13;"segunda-feira";"09:40:00";"PE";232;79,4;"GRAVATA";"Falta de Atenção do Pedestre";"Atropelamento de Pedestre";"Com Vítimas Feridas";"Pleno dia";"Decrescente";"Céu Claro";"Simples";"Reta";"Sim";2;0;1;0;1;0;1;2;-8,19460572;-35,56074803;"SPRF-PE";"DEL02-PE";"UOP02-DEL02PE"
295198;2020-06-11;"quinta-feira";"18:45:00";"PA";10;241;"AURORA DO PARA";"Ingestão de Álcool";"Colisão frontal";"Com Vítimas Feridas";"Plena Noite";"Crescente";"Nublado";"Simples";"Reta";"Não";3;0;0;1;2;0;1;2;-2,33096701;-47,56428274;"SPRF-PA";"DEL02-PA";"UOP01-DEL02-PA"
295201;2020-07-13;"segunda-feira";"10:20:00";"GO";60;129,3;"GOIANAPOLIS";"Agressão Externa";"Colisão com objeto estático";"Com Vítimas Feridas";"Pleno dia";"Decrescente";"Céu Claro";"Dupla";"Declive";"Não";1;0;1;0;0;0;1;1;-16,5587;-49,1534;"SPRF-GO";"DEL01-GO";"UOP01-DEL01-GO"
295203;2020-07-13;"segunda-feira";"10:50:00";"MG";40;518;"RIBEIRAO DAS NEVES";"Velocidade Incompatível";"Colisão traseira";"Com Vítimas Feridas";"Pleno dia";"Crescente";"Céu Claro";"Dupla";"Reta";"Sim";5;0;2;0;3;0;2;3;-19,8321242;-44,08208533;"SPRF-MG";"DEL01-MG";"UOP02-DEL01-MG"
295205;2020-07-13;"segunda-feira";"07:30:00";"ES";101;236;"FUNDAO";"Falta de Atenção à Condução";"Tombamento";"Com Vítimas Feridas";"Pleno dia";"Crescente";"Céu Claro";"Simples";"Reta";"Não";2;0;2;0;0;0;2;1;-19,98434998;-40,41371315;"SPRF-ES";"DEL02-ES";"UOP01-DEL02-ES"
295206;2020-07-13;"segunda-feira";"11:00:00";"SP";381;79;"SAO PAULO";"Desobediência às normas de trânsito pelo condutor";"Colisão lateral";"Sem Vítimas";"Pleno dia";"Crescente";"Céu Claro";"Múltipla";"Reta";"Não";2;0;0;0;2;0;0;1;-23,40319901;-46,57564699;"SPRF-SP";"DEL03-SP";"UOP01-DEL03-SP"