"id";"data_inversa";"dia_semana";"horario";"uf";"br";"km";"municipio";"causa_acidente";"tipo_acidente";"classificacao_acidente";"fase_dia";"sentido_via";"condicao_metereologica";"tipo_pista";"tracado_via";"uso_solo";"pessoas";"mortos";"feridos_leves";"feridos_graves";"ilesos";"ignorados";"feridos";"veiculos";"latitude";"longitude";"regional";"delegacia";"uop"
295333;2020-07-14;"terça-feira";"06:45:00";"MG";365;613;"UBERLANDIA";"Velocidade Incompatível";"Tombamento";"Com Vítimas Feridas";"Pleno dia";"Decrescente";"Céu Claro";"Dupla";"Reta";"Sim";1;0;0;1;0;0;1;1;-18,93208246;-48,19754005;"SPRF-MG";"DEL15-MG";"UOP01-DEL15-MG"
295334;2020-07-14;"terça-feira";"07:00:00";"SE";235;36,9;"AREIA BRANCA";"Falta de Atenção à Condução";"Atropelamento de Pedestre";"Com Vítimas Feridas";"Amanhecer";"Decrescente";"Nublado";"Simples";"Reta";"Não";3;0;0;1;2;0;1;2;-10,767558;-37,328533;"SPRF-SE";"DEL01-SE";"UOP02-DEL01-SE"
295335;2020-07-14;"terça-feira";"06:40:00";"SP";116;269,6;"TABOAO DA SERRA";"Falta de Atenção à Condução";"Colisão traseira";"Com Vítimas Feridas";"Pleno dia";"Decrescente";"Nublado";"Dupla";"Reta";"Sim";2;0;1;0;1;0;1;1;-23,61593059;-46,78826044;"SPRF-SP";"DEL04-SP";"UOP01-DEL04-SP"
295336;2020-07-14;"terça-feira";"07:15:00";"PA";163;1002;"SANTAREM";"Desobediência às normas de trânsito pelo condutor";"Colisão transversal";"Com Vítimas Feridas";"Pleno dia";"Decrescente";"Sol";"Simples";"Rotatória";"Sim";3;0;1;0;2;0;1;3;-2,45567004;-54,72854541;"SPRF-PA";"DEL05-PA";"UOP01-DEL05-PA"
295337;2020-07-14;"terça-feira";"06:45:00";"RS";470;216;"BENTO GONCALVES";"Falta de Atenção à Condução";"Colisão transversal";"Com Vítimas Feridas";"Pleno dia";"Crescente";"Céu Claro";"Dupla";"Rotatória";"Sim";2;0;1;0;1;0;1;2;-29,15887096;-51,53142395;"SPRF-RS";"DEL06-RS";"UOP01-DEL06-RS"
295340;2020-07-14;"terça-feira";"06:55:00";"MS";163;479,7;"CAMPO GRANDE";"Ingestão de álcool e/ou substâncias psicoativas pelo pedestre";"Tombamento";"Com Vítimas Feridas";"Pleno dia";"Crescente";"Céu Claro";"Dupla";"Reta";"Sim";1;0;1;0;0;0;1;1;-20,487322;-54,55929095;"SPRF-MS";"DEL01-MS";"UOP01-DEL01-MS"
295343;2020-07-14;"terça-feira";"07:15:00";"PE";232;139,1;"SAO CAITANO";"Falta de Atenção à Condução";"Queda de ocupante de veículo";"Com Vítimas Feridas";"Pleno dia";"Crescente";"Céu Claro";"Dupla";"Reta";"Não";1;0;0;1;0;0;1;1;-8,31947086;-36,06799801;"SPRF-PE";"DEL02-PE";"UOP03-DEL02-PE"
295344;2020-07-14;"terça-feira";"06:20:00";"MG";40;465;"SETE LAGOAS";"Falta de Atenção à Condução";"Saída de leito carroçável";"Com Vítimas Feridas";"Pleno dia";"Crescente";"Céu Claro";"Dupla";"Reta";"Não";1;0;1;0;0;0;1;1;-19,43835777;-44,33103681;"SPRF-MG";"DEL02-MG";"UOP01-DEL02-MG"
295347;2020-07-14;"terça-feira";"08:15:00";"PR";153;334,1;"IRATI";"Falta de Atenção à Condução";"Colisão transversal";"Com Vítimas Feridas";"Pleno dia";"Decrescente";"Céu Claro";"Simples";"Reta";"Não";1;0;1;0;0;0;1;1;-25,481234;-50,640733;"SPRF-PR";"DEL03-PR";"UOP03-DEL03-PR"
295348;2020-07-14;"terça-feira";"08:15:00";"BA";324;615,9;"SALVADOR";"Falta de Atenção à Condução";"Colisão lateral";"Com Vítimas Feridas";"Pleno dia";"Decrescente";"Nublado";"Dupla";"Reta;Declive";"Sim";3;0;1;0;1;1;1;2;-12,87206398;-38,42746403;"SPRF-BA";"DEL01-BA";"UOP01-DEL01-BA"
295349;2020-07-14;"terça-feira";"08:00:00";"PI";316;322;"PICOS";"Falta de Atenção à Condução";"Colisão transversal";"Com Vítimas Feridas";"Pleno dia";"Crescente";"Céu Claro";"Simples";"Reta";"Não";2;0;1;0;1;0;1;2;-7,09559406;-41,37116401;"SPRF-PI";"DEL04-PI";"UOP01-DEL04-PI"
295350;2020-07-14;"terça-feira";"07:45:00";"PR";277;109,8;"CAMPO LARGO";"Falta de Atenção à Condução";"Queda de ocupante de veículo";"Com Vítimas Feridas";"Pleno dia";"Decrescente";"Céu Claro";"Dupla";"Reta;Aclive";"Não";1;0;1;0;0;0;1;1;-25,44319151;-49,4542104;"SPRF-PR";"DEL01-PR";"UOP03-DEL03-PR"
295351;2020-07-14;"terça-feira";"08:30:00";"BA";110;398,3;"SAO SEBASTIAO DO PASSE";"Desobediência às normas de trânsito pelo condutor";"Colisão traseira";"Com Vítimas Feridas";"Pleno dia";"Crescente";"Nublado";"Simples";"Reta";"Não";2;0;1;0;1;0;1;2;-12,50766107;-38,49626949;"SPRF-BA";"DEL01-BA";"UOP01-DEL01-BA"
295353;2020-07-14;"terça-feira";"08:05:00";"MS";267;298;"RIO BRILHANTE";"Desobediência às normas de trânsito pelo condutor";"Tombamento";"Com Vítimas Feridas";"Pleno dia";"Decrescente";"Céu Claro";"Simples";"Rotatória";"Não";1;0;0;1;0;0;1;1;-21,75925651;-54,59208058;"SPRF-MS";"DEL02-MS";"UOP02-DEL02-MS"
295354;2020-07-14;"terça-feira";"07:58:00";"TO";153;329;"GUARAI";"Ultrapassagem Indevida";"Colisão traseira";"Sem Vítimas";"Pleno dia";"Crescente";"Céu Claro";"Simples";"Reta";"Não";3;0;0;0;3;0;0;2;-8,79047;-48,512292;"SPRF-TO";"DEL02-TO";"UOP02-DEL02-TO"
295356;2020-07-14;"terça-feira";"08:00:00";"RJ";40;114,3;"DUQUE DE CAXIAS";"Falta de Atenção à Condução";"Colisão com objeto estático";"Com Vítimas Feridas";"Pleno dia";"Crescente";"Nublado";"Dupla";"Reta";"Sim";1;0;0;1;0;0;1;1;-22,71853604;-43,28993324;"SPRF-RJ";"DEL01-RJ";"UOP01-DEL01-RJ"
295357;2020-07-14;"terça-feira";"06:50:00";"CE";222;302;"TIANGUA";"Falta de Atenção à Condução";"Queda de ocupante de veículo";"Com Vítimas Feridas";"Pleno dia";"Decrescente";"Céu Claro";"Simples";"Curva";"Não";1;0;1;0;0;0;1;1;-3,66080397;-40,94779895;"SPRF-CE";"DEL04-CE";"UOP02-DEL04-CE"
295358;2020-06-13;"sábado";"08:00:00";"MG";116;731,9;"LARANJAL";"Desobediência às normas de trânsito pelo condutor";"Queda de ocupante de veículo";"Com Vítimas Feridas";"Pleno dia";"Crescente";"Céu Claro";"Simples";"Reta";"Não";2;0;1;0;0;1;1;2;-21,32252471;-42,4490193;"SPRF-MG";"DEL07-MG";"UOP02-DEL07-MG"
295359;2020-07-14;"terça-feira";"07:30:00";"CE";20;387;"CAUCAIA";"Defeito Mecânico no Veículo";"Queda de ocupante de veículo";"Com Vítimas Feridas";"Pleno dia";"Crescente";"Céu Claro";"Simples";"Reta";"Não";2;0;1;0;1;0;1;1;-3,87165377;-38,80727818;"SPRF-CE";"DEL01-CE";"UOP01-DEL01-CE"
295360;2020-07-14;"terça-feira";"09:30:00";"MG";381;852,3;"POUSO ALEGRE";"Falta de Atenção à Condução";"Capotamento";"Com Vítimas Feridas";"Pleno dia";"Crescente";"Nublado";"Dupla";"Reta";"Não";1;0;1;0;0;0;1;1;-22,25698847;-45,88896532;"SPRF-MG";"DEL16-MG";"UOP01-DEL16-MG"
295361;2020-07-14;"terça-feira";"09:00:00";"PI";316;1;"TERESINA";"Desobediência às normas de trânsito pelo condutor";"Colisão lateral";"Com Vítimas Feridas";"Pleno dia";"Decrescente";"Céu Claro";"Simples";"Reta";"Sim";4;0;2;0;0;2;2;2;-5,12861853;-42,80706778;"SPRF-PI";"DEL01-PI";"UOP02-DEL01-PI"
295364;2020-07-14;"terça-feira";"10:25:00";"SP";101;24,5;"UBATUBA";"Falta de Atenção à Condução";"Tombamento";"Com Vítimas Feridas";"Pleno dia";"Decrescente";"Chuva";"Simples";"Curva";"Não";2;0;2;0;0;0;2;1;-23,34811618;-44,94553789;"SPRF-SP";"DEL06-SP";"UOP01-DEL06-SP"
295365;2020-07-14;"terça-feira";"08:30:00";"RJ";393;106;"SAPUCAIA";"Falta de Atenção à Condução";"Colisão traseira";"Com Vítimas Feridas";"Pleno dia";"Decrescente";"Céu Claro";"Simples";"Reta";"Não";2;0;1;0;1;0;1;2;-21,87764485;-42,67025797;"SPRF-RJ";"DEL05-RJ";"UOP01-DEL05-RJ"
295366;2020-06-20;"sábado";"12:15:00";"MG";251;381;"GRAO MOGOL";"Ultrapassagem Indevida";"Saída de leito carroçável";"Com Vítimas Feridas";"Pleno dia";"Crescente";"Céu Claro";"Simples";"Reta";"Não";4;0;0;3;1;0;3;1;-16,29386277;-42,78356689;"SPRF-MG";"DEL12-MG";"UOP01-DEL12-MG"
295367;2020-07-14;"terça-feira";"10:20:00";"GO";40;21;"LUZIANIA";"Falta de Atenção do Pedestre";"Atropelamento de Pedestre";"Com Vítimas Feridas";"Pleno dia";"Decrescente";"Céu Claro";"Dupla";"Declive";"Sim";3;0;1;0;2;0;1;2;-16,218542;-47,915731;"SPRF-DF";"DEL01-DF";"UOP01-DEL01-DF"
295369;2020-07-14;"terça-feira";"04:57:00";"PB";361;61;"OLHO DAGUA";"Defeito na Via";"Colisão traseira";"Com Vítimas Feridas";"Amanhecer";"Decrescente";"Céu Claro";"Simples";"Aclive;Reta";"Não";6;0;0;1;4;1;1;3;-7,19590922;-37,73639289;"SPRF-PB";"DEL03-PB";"UOP01-DEL03-PB"
295370;2020-07-14;"terça-feira";"08:30:00";"MG";262;11,4;"MARTINS SOARES";"Desobediência às normas de trânsito pelo condutor";"Colisão transversal";"Com Vítimas Feridas";"Pleno dia";"Decrescente";"Céu Claro";"Simples";"Reta";"Não";2;0;0;1;1;0;1;2;-20,246508;-41,846962;"SPRF-MG";"DEL06-MG";"UOP03-DEL06-MG"
295376;2020-07-14;"terça-feira";"11:05:00";"PR";116;172;"QUITANDINHA";"Falta de Atenção à Condução";"Colisão traseira";"Sem Vítimas";"Pleno dia";"Crescente";"Céu Claro";"Simples";"Reta";"Não";2;0;0;0;2;0;0;2;-25,8827952;-49,4983509;"SPRF-PR";"DEL01-PR";"UOP03-DEL01-PR"
295377;2020-07-14;"terça-feira";"11:30:00";"RS";116;241,2;"NOVO HAMBURGO";"Falta de Atenção à Condução";"Colisão traseira";"Sem Vítimas";"Pleno dia";"Decrescente";"Céu Claro";"Dupla";"Reta";"Sim";4;0;0;0;4;0;0;4;-29,71396796;-51,1476744;"SPRF-RS";"DEL01-RS";"UOP02-DEL01-RS"
295379;2020-07-14;"terça-feira";"11:30:00";"MT";70;4,7;"BARRA DO GARCAS";"Falta de Atenção à Condução";"Colisão transversal";"Com Vítimas Feridas";"Pleno dia";"Decrescente";"Sol";"Dupla";"Reta";"Sim";2;0;0;2;0;0;2;2;-15,87907036;-52,28563311;"SPRF-MT";"DEL07-MT";"UOP01-DEL07-MT"
295380;2020-07-14;"terça-feira";"10:20:00";"PE";428;191,6;"PETROLINA";"Desobediência às normas de trânsito pelo condutor";"Colisão traseira";"Com Vítimas Feridas";"Pleno dia";"Decrescente";"Céu Claro";"Múltipla";"Reta";"Sim";2;0;0;1;1;0;1;2;-9,37766429;-40,50269795;"SPRF-PE";"DEL06-PE";"UOP01-DEL06-PE"
295381;2020-07-14;"terça-feira";"07:17:00";"MG";459;84,5;"CONGONHAL";"Falta de Atenção à Condução";"Colisão transversal";"Com Vítimas Feridas";"Pleno dia";"Crescente";"Nublado";"Simples";"Reta";"Sim";3;0;1;1;0;1;2;3;-22,153194;-46,06242;"SPRF-MG";"DEL09-MG";"UOP01-DEL09-MG"
295382;2020-07-14;"terça-feira";"12:45:00";"SC";101;213,1;"PALHOCA";"Ultrapassagem Indevida";"Colisão lateral";"Com Vítimas Feridas";"Pleno dia";"Crescente";"Nublado";"Múltipla";"Reta";"Sim";2;0;1;0;1;0;1;2;-27,63697369;-48,66514142;"SPRF-SC";"DEL01-SC";"UOP02-DEL01-SC"
295384;2020-07-14;"terça-feira";"13:20:00";"PE";232;31;"MORENO";"Falta de Atenção à Condução";"Colisão traseira";"Sem Vítimas";"Pleno dia";"Decrescente";"Céu Claro";"Dupla";"Curva";"Não";3;0;0;0;0;3;0;2;-8,10554;-35,159993;"SPRF-PE";"DEL02-PE";"UOP02-DEL02PE"
295385;2020-07-14;"terça-feira";"06:40:00";"SC";101;331,5;"TUBARAO";"Ingestão de Álcool";"Colisão com objeto estático";"Sem Vítimas";"Pleno dia";"Crescente";"Céu Claro";"Simples";"Reta";"Não";1;0;0;0;1;0;0;1;-28,46265498;-48,99353027;"SPRF-SC";"DEL02-SC";"UOP01-DEL02-SC"
295386;2020-07-14;"terça-feira";"13:40:00";"MG";262;400,2;"PARA DE MINAS";"Desobediência às normas de trânsito pelo condutor";"Colisão transversal";"Com Vítimas Feridas";"Pleno dia";"Decrescente";"Céu Claro";"Simples";"Aclive";"Sim";2;0;1;0;1;0;1;2;-19,90293517;-44,54364505;"SPRF-MG";"DEL08-MG";"UOP03-DEL08-MG"
295387;2020-06-04;"quinta-feira";"16:30:00";"PA";230;118;"MARABA";"Defeito Mecânico no Veículo";"Colisão lateral";"Sem Vítimas";"Pleno dia";"Decrescente";"Céu Claro";"Dupla";"Reta";"Sim";2;0;0;0;2;0;0;2;-5,35193706;-49,09794103;"SPRF-PA";"DEL03-PA";"UOP01-DEL03-PA"
295390;2020-07-14;"terça-feira";"08:30:00";"BA";20;160;"SAO DESIDERIO";"Condutor Dormindo";"Saída de leito carroçável";"Com Vítimas Feridas";"Pleno dia";"Crescente";"Céu Claro";"Simples";"Reta";"Não";1;0;0;1;0;0;1;1;-12,55735111;-45,90221666;"SPRF-BA";"DEL10-BA";"UOP01-DEL10-BA"
295391;2020-07-14;"terça-feira";"13:30:00";"BA";135;167;"BARREIRAS";"Defeito Mecânico no Veículo";"Saída de leito carroçável";"Com Vítimas Feridas";"Pleno dia";"Decrescente";"Céu Claro";"Simples";"Curva";"Não";2;0;2;0;0;0;2;1;-12,06435201;-44,96824411;"SPRF-BA";"DEL10-BA";"UOP01-DEL10-BA"
295392;2020-07-14;"terça-feira";"13:10:00";"BA";116;745,7;"POCOES";"Falta de Atenção à Condução";"Colisão com objeto estático";"Com Vítimas Feridas";"Pleno dia";"Crescente";"Céu Claro";"Simples";"Aclive;Reta";"Não";2;0;2;0;0;0;2;1;-14,39293597;-40,35237311;"SPRF-BA";"DEL08-BA";"UOP02-DEL08-BA"
295393;2020-07-14;"terça-feira";"10:39:00";"RJ";101;318;"SAO GONCALO";"Pista Escorregadia";"Tombamento";"Com Vítimas Feridas";"Pleno dia";"Crescente";"Chuva";"Múltipla";"Reta";"Sim";1;0;1;0;0;0;1;1;-22,84562994;-43,09841211;"SPRF-RJ";"DEL02-RJ";"UOP02-DEL02-RJ"
295394;2020-07-14;"terça-feira";"14:15:00";"PR";376;631;"SAO JOSE DOS PINHAIS";"Não guardar distância de segurança";"Colisão traseira";"Com Vítimas Feridas";"Pleno dia";"Decrescente";"Céu Claro";"Dupla";"Reta";"Não";3;0;2;0;1;0;2;2;-25,70434399;-49,14198595;"SPRF-PR";"DEL01-PR";"UOP04-DEL01-PR"
295398;2020-07-14;"terça-feira";"13:20:00";"PE";232;31;"MORENO";"Falta de Atenção à Condução";"Colisão com objeto estático";"Com Vítimas Feridas";"Pleno dia";"Decrescente";"Céu Claro";"Dupla";"Curva";"Sim";2;0;1;0;1;0;1;1;-8,105438;-35,160411;"SPRF-PE";"DEL02-PE";"UOP02-DEL02PE"
295401;2020-07-14;"terça-feira";"10:00:00";"AM";230;614;"HUMAITA";"Falta de Atenção à Condução";"Colisão transversal";"Com Vítimas Fatais";"Pleno dia";"Decrescente";"Céu Claro";"Simples";"Reta";"Sim";3;1;1;1;0;0;2;2;-7,53106331;-63,05002213;"SPRF-AM";"DEL01-AM";"UOP05-DEL01-AM"
295402;2020-07-14;"terça-feira";"12:45:00";"RJ";101;262;"RIO BONITO";"Falta de Atenção à Condução";"Capotamento";"Com Vítimas Feridas";"Pleno dia";"Decrescente";"Chuva";"Dupla";"Curva";"Não";2;0;1;0;1;0;1;1;-22,71367506;-42,62052996;"SPRF-RJ";"DEL02-RJ";"UOP03-DEL02-RJ"
295404;2020-07-14;"terça-feira";"14:30:00";"MG";381;479;"CONTAGEM";"Falta de Atenção à Condução";"Queda de ocupante de veículo";"Com Vítimas Feridas";"Pleno dia";"Decrescente";"Céu Claro";"Múltipla";"Reta";"Sim";1;0;1;0;0;0;1;1;-19,95889605;-44,069202;"SPRF-MG";"DEL01-MG";"UOP03-DEL01-MG"
295405;2020-07-14;"terça-feira";"15:30:00";"MG";381;494;"BETIM";"Defeito Mecânico no Veículo";"Queda de ocupante de veículo";"Com Vítimas Feridas";"Pleno dia";"Crescente";"Céu Claro";"Múltipla";"Reta";"Sim";2;0;2;0;0;0;2;1;-19,985563;-44,20318;"SPRF-MG";"DEL01-MG";"UOP03-DEL01-MG"
295406;2020-07-14;"terça-feira";"13:40:00";"PI";230;51,6;"SAO JULIAO";"Condutor Dormindo";"Saída de leito carroçável";"Com Vítimas Feridas";"Pleno dia";"Crescente";"Céu Claro";"Simples";"Reta";"Não";1;0;1;0;0;0;1;1;-7,14214487;-40,90877203;"SPRF-PI";"DEL04-PI";"UOP03-DEL04-PI"
295408;2020-07-14;"terça-feira";"15:30:00";"PR";476;2;"ADRIANOPOLIS";"Desobediência às normas de trânsito pelo condutor";"Colisão transversal";"Com Vítimas Feridas";"Pleno dia";"Crescente";"Ignorado";"Simples";"Reta";"Sim";2;0;1;0;1;0;1;2;-24,664125;-48,990765;"SPRF-PR";"DEL01-PR";"UOP07-DEL01-PR"
295411;2020-07-10;"sexta-feira";"06:05:00";"RO";364;425;"JARU";"Falta de Atenção à Condução";"Colisão lateral";"Com Vítimas Feridas";"Amanhecer";"Crescente";"Céu Claro";"Dupla";"Reta";"Sim";3;0;1;0;2;0;1;2;-10,43752488;-62,47169791;"SPRF-RO";"DEL03-RO";"UOP02-DEL03-RO"
295414;2020-05-14;"quinta-feira";"20:30:00";"GO";80;2,5;"PADRE BERNARDO";"Sinalização da via insuficiente ou inadequada";"Saída de leito carroçável";"Com Vítimas Feridas";"Plena Noite";"Crescente";"Céu Claro";"Simples";"Em Obras";"Não";1;0;0;1;0;0;1;1;-15,502505;-48,21132;"SPRF-DF";"DEL03-DF";"UOP02-DEL03-DF"
295415;2020-07-10;"sexta-feira";"18:15:00";"MS";419;285,2;"NIOAQUE";"Animais na Pista";"Atropelamento de Animal";"Com Vítimas Feridas";"Anoitecer";"Crescente";"Nublado";"Simples";"Reta";"Não";1;0;1;0;0;0;1;1;-20,83568191;-55,91509487;"SPRF-MS";"DEL03-MS";"UOP01-DEL03-MS"
295419;2020-07-14;"terça-feira";"17:40:00";"PI";230;307;"FLORIANO";"Pista Escorregadia";"Tombamento";"Com Vítimas Feridas";"Anoitecer";"Crescente";"Céu Claro";"Simples";"Curva";"Sim";2;0;1;0;0;1;1;1;-6,78667452;-42,99358035;"SPRF-PI";"DEL03-PI";"UOP01-DEL03-PI"
295420;2020-07-14;"terça-feira";"13:15:00";"MT";70;739,7;"CACERES";"Falta de Atenção à Condução";"Colisão traseira";"Com Vítimas Feridas";"Pleno dia";"Decrescente";"Céu Claro";"Simples";"Curva";"Não";5;0;1;0;4;0;1;2;-16,042762;-57,719802;"SPRF-MT";"DEL03-MT";"UOP01-DEL03-MT"
295422;2020-07-14;"terça-feira";"18:00:00";"SP";116;229,8;"SAO PAULO";"Desobediência às normas de trânsito pelo condutor";"Capotamento";"Com Vítimas Feridas";"Plena Noite";"Crescente";"Céu Claro";"Múltipla";"Reta";"Sim";1;0;1;0;0;0;1;1;-23,51291902;-46,57604698;"SPRF-SP";"DEL01-SP";"UOP01-DEL01-SP"
295424;2020-07-14;"terça-feira";"17:25:00";"PB";230;159,4;"CAMPINA GRANDE";"Falta de Atenção à Condução";"Colisão transversal";"Com Vítimas Feridas";"Anoitecer";"Decrescente";"Céu Claro";"Simples";"Interseção de Vias";"Sim";2;0;0;1;1;0;1;2;-7,252;-35,9334;"SPRF-PB";"DEL02-PB";"UOP01-DEL02-PB"
295425;2020-07-14;"terça-feira";"09:30:00";"AC";317;215,9;"XAPURI";"Velocidade Incompatível";"Capotamento";"Com Vítimas Feridas";"Pleno dia";"Crescente";"Sol";"Simples";"Declive;Reta";"Não";2;0;2;0;0;0;2;1;-10,6799595;-68,23266475;"SPRF-AC";"DEL01-AC";"UOP02-DEL01-AC"
295429;2020-07-14;"terça-feira";"17:25:00";"SC";153;109,5;"CONCORDIA";"Falta de Atenção à Condução";"Colisão traseira";"Sem Vítimas";"Plena Noite";"Crescente";"Céu Claro";"Simples";"Interseção de Vias";"Não";2;0;0;0;2;0;0;2;-27,235508;-51,951069;"SPRF-SC";"DEL07-SC";"UOP04-DEL07-SC"
295430;2020-07-14;"terça-feira";"18:30:00";"PB";230;59,6;"CRUZ DO ESPIRITO SANTO";"Desobediência às normas de trânsito pelo condutor";"Colisão traseira";"Com Vítimas Feridas";"Plena Noite";"Crescente";"Céu Claro";"Dupla";"Reta";"Não";4;0;0;1;2;1;1;3;-7,2043;-35,1305;"SPRF-PB";"DEL01-PB";"UOP03-DEL01-PB"
295431;2020-07-14;"terça-feira";"18:55:00";"PE";101;66;"RECIFE";"Falta de Atenção à Condução";"Colisão lateral";"Com Vítimas Feridas";"Plena Noite";"Decrescente";"Céu Claro";"Múltipla";"Reta";"Sim";2;0;1;0;1;0;1;2;-8,03368534;-34,94184125;"SPRF-PE";"DEL01-PE";"UOP01-DEL01-PE"
295432;2020-07-14;"terça-feira";"19:10:00";"SP";116;217;"GUARULHOS";"Falta de Atenção à Condução";"Colisão traseira";"Sem Vítimas";"Plena Noite";"Decrescente";"Céu Claro";"Múltipla";"Reta";"Sim";2;0;0;0;2;0;0;2;-23,45423824;-46,47119028;"SPRF-SP";"DEL01-SP";"UOP01-DEL01-SP"
295433;2020-07-14;"terça-feira";"17:00:00";"MG";40;631,3;"CONSELHEIRO LAFAIETE";"Falta de Atenção à Condução";"Colisão transversal";"Com Vítimas Feridas";"Anoitecer";"Decrescente";"Céu Claro";"Simples";"Reta";"Sim";2;0;1;0;1;0;1;2;-20,66692199;-43,80314095;"SPRF-MG";"DEL05-MG";"UOP02-DEL05-MG"
295434;2020-07-14;"terça-feira";"19:00:00";"RS";116;307;"GUAIBA";"Falta de Atenção à Condução";"Colisão traseira";"Sem Vítimas";"Plena Noite";"Crescente";"Céu Claro";"Simples";"Reta";"Não";2;0;0;0;1;1;0;2;-30,1742985;-51,3923676;"SPRF-RS";"DEL02-RS";"UOP01-DEL02-RS"
295435;2020-07-14;"terça-feira";"18:40:00";"RJ";101;262;"RIO BONITO";"Falta de Atenção à Condução";"Capotamento";"Sem Vítimas";"Plena Noite";"Crescente";"Chuva";"Dupla";"Curva";"Não";2;0;0;0;2;0;0;1;-22,71367506;-42,62052996;"SPRF-RJ";"DEL02-RJ";"UOP03-DEL02-RJ"
295439;2020-07-14;"terça-feira";"18:50:00";"RS";386;412,3;"MONTENEGRO";"Falta de Atenção do Pedestre";"Atropelamento de Pedestre";"Com Vítimas Fatais";"Plena Noite";"Decrescente";"Céu Claro";"Simples";"Retorno Regulamentado;Reta";"Sim";2;1;0;0;0;1;0;2;-29,807285;-51,499722;"SPRF-RS";"DEL04-RS";"UOP02-DEL04-RS"
295441;2020-07-14;"terça-feira";"18:40:00";"PE";423;98;"GARANHUNS";"Desobediência às normas de trânsito pelo condutor";"Colisão transversal";"Com Vítimas Feridas";"Plena Noite";"Decrescente";"Vento";"Múltipla";"Viaduto";"Sim";2;0;1;0;0;1;1;2;-8,87617488;-36,50363499;"SPRF-PE";"DEL03-PE";"UOP01-DEL03-PE"
295442;2020-07-14;"terça-feira";"19:50:00";"PE";428;166,2;"PETROLINA";"Animais na Pista";"Atropelamento de Animal";"Com Vítimas Feridas";"Plena Noite";"Decrescente";"Céu Claro";"Simples";"Reta";"Não";1;0;1;0;0;0;1;1;-9,20351495;-40,39417773;"SPRF-PE";"DEL06-PE";"UOP01-DEL06-PE"
295446;2020-07-14;"terça-feira";"18:15:00";"MG";262;442,6;"NOVA SERRANA";"Animais na Pista";"Atropelamento de Animal";"Com Vítimas Feridas";"Anoitecer";"Decrescente";"Céu Claro";"Múltipla";"Reta";"Sim";1;0;1;0;0;0;1;1;-19,8806236;-44,91232265;"SPRF-MG";"DEL08-MG";"UOP03-DEL08-MG"
295455;2020-07-14;"terça-feira";"20:00:00";"PR";376;3,6;"MANDAGUARI";"Desobediência às normas de trânsito pelo pedestre";"Colisão transversal";"Com Vítimas Feridas";"Plena Noite";"Decrescente";"Céu Claro";"Simples";"Interseção de Vias;Reta";"Sim";4;0;2;0;0;2;2;3;-23,547966;-51,671265;"SPRF-PR";"DEL09-PR";"UOP01-DEL09-PR"
295456;2020-07-14;"terça-feira";"20:00:00";"ES";101;117;"LINHARES";"Desobediência às normas de trânsito pelo condutor";"Colisão frontal";"Com Vítimas Feridas";"Plena Noite";"Crescente";"Céu Claro";"Simples";"Reta";"Não";2;0;1;0;1;0;1;2;-19,11932808;-40,06302982;"SPRF-ES";"DEL04-ES";"UOP01-DEL04-ES"
295457;2020-07-14;"terça-feira";"18:50:00";"MT";174;219;"FIGUEIROPOLIS DOESTE";"Desobediência às normas de trânsito pelo condutor";"Colisão transversal";"Com Vítimas Feridas";"Plena Noite";"Crescente";"Céu Claro";"Simples";"Interseção de Vias";"Não";1;0;0;1;0;0;1;1;-15,611011;-58,825723;"SPRF-MT";"DEL04-MT";"UOP01-DEL04-MT"
295458;2020-07-14;"terça-feira";"18:00:00";"PE";232;374,9;"CALUMBI";"Falta de Atenção à Condução";"Saída de leito carroçável";"Com Vítimas Feridas";"Anoitecer";"Crescente";"Céu Claro";"Simples";"Curva";"Não";1;0;0;1;0;0;1;1;-8,02455076;-38,00112995;"SPRF-PE";"DEL04-PE";"UOP01-DEL04-PE"
295459;2020-07-14;"terça-feira";"18:30:00";"RS";290;181,8;"MINAS DO LEAO";"Deficiência ou não Acionamento do Sistema de Iluminação/Sinalização do Veículo";"Colisão traseira";"Sem Vítimas";"Plena Noite";"Decrescente";"Céu Claro";"Simples";"Ponte";"Sim";3;0;0;0;3;0;0;2;-30,14308604;-52,03967214;"SPRF-RS";"DEL02-RS";"UOP03-DEL02-RS"
295460;2020-07-14;"terça-feira";"20:00:00";"PR";369;202;"APUCARANA";"Falta de Atenção à Condução";"Colisão transversal";"Com Vítimas Feridas";"Plena Noite";"Decrescente";"Céu Claro";"Simples";"Reta";"Sim";3;0;2;0;1;0;2;2;-23,54598;-51,452777;"SPRF-PR";"DEL07-PR";"UOP03-DEL07-PR"
295461;2020-07-14;"terça-feira";"18:45:00";"RO";364;620;"ITAPUA DO OESTE";"Falta de Atenção à Condução";"Colisão lateral";"Com Vítimas Feridas";"Anoitecer";"Decrescente";"Céu Claro";"Simples";"Reta";"Não";3;0;1;0;2;0;1;2;-9,08979614;-63,28675308;"SPRF-RO";"DEL01-RO";"UOP04-DEL01-RO"