"id";"data_inversa";"dia_semana";"horario";"uf";"br";"km";"municipio";"causa_acidente";"tipo_acidente";"classificacao_acidente";"fase_dia";"sentido_via";"condicao_metereologica";"tipo_pista";"tracado_via";"uso_solo";"pessoas";"mortos";"feridos_leves";"feridos_graves";"ilesos";"ignorados";"feridos";"veiculos";"latitude";"longitude";"regional";"delegacia";"uop"
295597;2020-07-15;"quarta-feira";"18:30:00";"SP";116;223;"GUARULHOS";"Falta de Atenção à Condução";"Colisão lateral";"Com Vítimas Feridas";"Plena Noite";"Decrescente";"Céu Claro";"Múltipla";"Reta";"Sim";3;0;2;0;0;1;2;2;-23,47559815;-46,5246609;"SPRF-SP";"DEL01-SP";"UOP01-DEL01-SP"
295598;2020-07-15;"quarta-feira";"17:30:00";"PR";277;595;"CASCAVEL";"Restrição de Visibilidade";"Colisão transversal";"Com Vítimas Feridas";"Pleno dia";"Crescente";"Sol";"Simples";"Interseção de Vias;Reta";"Sim";2;0;1;0;1;0;1;2;-24,98116638;-53,50140095;"SPRF-PR";"DEL04-PR";"UOP01-DEL04-PR"
295599;2020-07-15;"quarta-feira";"18:00:00";"SC";470;140,4;"RIO DO SUL";"Desobediência às normas de trânsito pelo condutor";"Colisão traseira";"Com Vítimas Feridas";"Plena Noite";"Decrescente";"Céu Claro";"Simples";"Declive;Reta";"Sim";3;0;1;0;2;0;1;2;-27,204898;-49,641205;"SPRF-SC";"DEL04-SC";"UOP02-DEL04-SC"
295600;2020-05-20;"quarta-feira";"15:00:00";"MG";40;507;"RIBEIRAO DAS NEVES";"Falta de Atenção do Pedestre";"Atropelamento de Pedestre";"Com Vítimas Feridas";"Pleno dia";"Decrescente";"Céu Claro";"Dupla";"Reta";"Sim";2;0;1;1;0;0;2;2;-19,75431705;-44,14152606;"SPRF-MG";"DEL02-MG";"UOP01-DEL02-MG"
295601;2020-07-15;"quarta-feira";"17:50:00";"RO";364;342;"JI-PARANA";"Não guardar distância de segurança";"Colisão traseira";"Com Vítimas Feridas";"Anoitecer";"Decrescente";"Céu Claro";"Dupla";"Reta";"Sim";3;0;1;2;0;0;3;2;-10,88381227;-61,93741416;"SPRF-RO";"DEL02-RO";"UOP01-DEL02-RO"
295603;2020-07-15;"quarta-feira";"18:20:00";"BA";116;817;"VITORIA DA CONQUISTA";"Objeto estático sobre o leito carroçável";"Tombamento";"Com Vítimas Feridas";"Plena Noite";"Decrescente";"Nublado";"Simples";"Reta";"Sim";1;0;1;0;0;0;1;1;-14,78186283;-40,73870709;"SPRF-BA";"DEL08-BA";"UOP01-DEL08-BA"
295604;2020-07-15;"quarta-feira";"18:20:00";"SC";280;152;"MAFRA";"Desobediência às normas de trânsito pelo condutor";"Atropelamento de Pedestre";"Com Vítimas Feridas";"Plena Noite";"Decrescente";"Nublado";"Simples";"Curva";"Não";3;0;0;1;1;1;1;2;-26,22730215;-49,7063452;"SPRF-SC";"DEL06-SC";"UOP03-DEL06-SC"
295606;2020-07-15;"quarta-feira";"19:03:00";"MG";262;548,2;"LUZ";"Velocidade Incompatível";"Colisão transversal";"Sem Vítimas";"Plena Noite";"Decrescente";"Céu Claro";"Simples";"Curva";"Não";1;0;0;0;1;0;0;1;-19,73163489;-45,8631039;"SPRF-MG";"DEL08-MG";"UOP02-DEL08-MG"
295607;2020-07-15;"quarta-feira";"19:30:00";"RN";101;83;"NATAL";"Falta de Atenção à Condução";"Colisão transversal";"Com Vítimas Feridas";"Plena Noite";"Decrescente";"Céu Claro";"Dupla";"Em Obras";"Sim";3;0;2;0;1;0;2;2;-5,7710445;-35,26616981;"SPRF-RN";"DEL02-RN";"UOP01-DEL02-RN"
295609;2020-07-15;"quarta-feira";"08:00:00";"RS";116;140,8;"CAXIAS DO SUL";"Pista Escorregadia";"Tombamento";"Com Vítimas Feridas";"Pleno dia";"Crescente";"Céu Claro";"Simples";"Curva";"Sim";2;0;2;0;0;0;2;1;-29,10381619;-51,10968039;"SPRF-RS";"DEL05-RS";"UOP01-DEL05-RS"
295612;2020-07-15;"quarta-feira";"20:30:00";"MG";381;409,9;"NOVA UNIAO";"Sinalização da via insuficiente ou inadequada";"Saída de leito carroçável";"Com Vítimas Feridas";"Plena Noite";"Crescente";"Céu Claro";"Simples";"Reta";"Sim";4;0;4;0;0;0;4;1;-19,73520437;-43,55842531;"SPRF-MG";"DEL01-MG";"UOP01-DEL01-MG"
295614;2020-07-15;"quarta-feira";"17:40:00";"MG";40;803,6;"MATIAS BARBOSA";"Desobediência às normas de trânsito pelo condutor";"Colisão lateral";"Com Vítimas Feridas";"Anoitecer";"Crescente";"Nublado";"Dupla";"Reta;Declive";"Não";3;0;1;1;1;0;2;2;-21,85782703;-43,37661004;"SPRF-MG";"DEL05-MG";"UOP01-DEL05-MG"
295617;2020-07-15;"quarta-feira";"20:30:00";"PB";230;334,5;"PATOS";"Falta de Atenção do Pedestre";"Atropelamento de Pedestre";"Com Vítimas Feridas";"Plena Noite";"Crescente";"Céu Claro";"Simples";"Reta";"Não";3;0;0;2;1;0;2;2;-7,018;-37,2589;"SPRF-PB";"DEL03-PB";"UOP01-DEL03-PB"
295618;2020-07-15;"quarta-feira";"18:35:00";"PI";235;366;"BOM JESUS";"Defeito na Via";"Saída de leito carroçável";"Com Vítimas Feridas";"Anoitecer";"Crescente";"Céu Claro";"Simples";"Em Obras";"Não";4;0;1;0;3;0;1;1;-9,181617;-44,427803;"SPRF-PI";"DEL03-PI";"UOP02-DEL03-PI"
295619;2020-07-15;"quarta-feira";"19:00:00";"MG";356;279,6;"EUGENOPOLIS";"Mal Súbito";"Colisão com objeto estático";"Com Vítimas Feridas";"Plena Noite";"Decrescente";"Nublado";"Simples";"Declive;Curva";"Não";1;0;1;0;0;0;1;1;-21,12514202;-42,254502;"SPRF-MG";"DEL07-MG";"UOP02-DEL07-MG"
295620;2020-07-15;"quarta-feira";"22:00:00";"RN";110;46,8;"MOSSORO";"Ingestão de Álcool";"Colisão traseira";"Com Vítimas Feridas";"Plena Noite";"Crescente";"Céu Claro";"Simples";"Reta";"Sim";3;0;1;0;1;1;1;2;-5,20372166;-37,32545637;"SPRF-RN";"DEL04-RN";"UOP01-DEL04-RN"
295622;2020-07-15;"quarta-feira";"22:00:00";"PE";232;10;"JABOATAO DOS GUARARAPES";"Falta de Atenção à Condução";"Colisão com objeto estático";"Sem Vítimas";"Plena Noite";"Decrescente";"Nublado";"Dupla";"Curva";"Sim";1;0;0;0;1;0;0;1;-8,081992;-34,991873;"SPRF-PE";"DEL01-PE";"UOP01-DEL01-PE"
295623;2020-07-15;"quarta-feira";"20:20:00";"RJ";40;115;"DUQUE DE CAXIAS";"Falta de Atenção à Condução";"Colisão traseira";"Sem Vítimas";"Plena Noite";"Crescente";"Garoa/Chuvisco";"Múltipla";"Reta";"Sim";2;0;0;0;2;0;0;2;-22,72756999;-43,2891609;"SPRF-RJ";"DEL01-RJ";"UOP01-DEL01-RJ"
295624;2020-07-15;"quarta-feira";"20:30:00";"BA";116;215;"EUCLIDES DA CUNHA";"Ingestão de Álcool";"Atropelamento de Pedestre";"Com Vítimas Feridas";"Plena Noite";"Crescente";"Céu Claro";"Dupla";"Reta";"Sim";2;0;1;0;1;0;1;2;-10,54478184;-38,99605356;"SPRF-BA";"DEL07-BA";"UOP02-DEL07-BA"
295625;2020-07-15;"quarta-feira";"19:40:00";"PB";230;154,3;"CAMPINA GRANDE";"Falta de Atenção à Condução";"Queda de ocupante de veículo";"Com Vítimas Feridas";"Plena Noite";"Crescente";"Céu Claro";"Simples";"Reta";"Sim";1;0;1;0;0;0;1;1;-7,2777;-35,8985;"SPRF-PB";"DEL02-PB";"UOP01-DEL02-PB"
295628;2020-07-15;"quarta-feira";"21:50:00";"MS";267;482,7;"JARDIM";"Falta de Atenção à Condução";"Colisão transversal";"Com Vítimas Feridas";"Plena Noite";"Crescente";"Céu Claro";"Simples";"Reta";"Sim";2;0;1;0;1;0;1;2;-21,48307021;-56,14631299;"SPRF-MS";"DEL05-MS";"UOP01-DEL05-MS"
295630;2020-07-15;"quarta-feira";"15:20:00";"RS";386;437,1;"NOVA SANTA RITA";"Desobediência às normas de trânsito pelo condutor";"Tombamento";"Com Vítimas Feridas";"Pleno dia";"Decrescente";"Céu Claro";"Dupla";"Reta";"Sim";1;0;0;1;0;0;1;1;-29,85803;-51,261227;"SPRF-RS";"DEL04-RS";"UOP02-DEL04-RS"
295632;2020-07-15;"quarta-feira";"23:45:00";"SP";381;87;"SAO PAULO";"Velocidade Incompatível";"Colisão traseira";"Sem Vítimas";"Plena Noite";"Crescente";"Garoa/Chuvisco";"Dupla";"Curva";"Sim";2;0;0;0;2;0;0;2;-23,46885001;-46,56996601;"SPRF-SP";"DEL03-SP";"UOP01-DEL03-SP"
295634;2020-07-16;"quinta-feira";"00:02:00";"MS";262;433;"DOIS IRMAOS DO BURITI";"Falta de Atenção à Condução";"Capotamento";"Com Vítimas Feridas";"Plena Noite";"Crescente";"Céu Claro";"Simples";"Reta";"Não";4;0;2;0;2;0;2;1;-20,49490005;-55,30147698;"SPRF-MS";"DEL03-MS";"UOP01-DEL03-MS"
295635;2020-07-15;"quarta-feira";"22:45:00";"MS";158;114;"PARANAIBA";"Ingestão de Álcool";"Colisão com objeto estático";"Sem Vítimas";"Plena Noite";"Crescente";"Céu Claro";"Simples";"Reta;Aclive";"Não";1;0;0;0;1;0;0;1;-19,82292705;-51,11442018;"SPRF-MS";"DEL08-MS";"UOP01-DEL08-MS"
295636;2020-07-16;"quinta-feira";"01:10:00";"GO";0;0;"PADRE BERNARDO";"Falta de Atenção à Condução";"Saída de leito carroçável";"Com Vítimas Feridas";"Plena Noite";"Não Informado";"Céu Claro";"Dupla";"Curva";"Não";1;0;1;0;0;0;1;1;-15,36133572;-48,22517395;"SPRF-DF";"DEL03-DF";"UOP02-DEL03-DF"
295641;2020-07-15;"quarta-feira";"18:47:00";"SC";280;56;"GUARAMIRIM";"Falta de Atenção à Condução";"Colisão traseira";"Com Vítimas Feridas";"Anoitecer";"Decrescente";"Céu Claro";"Simples";"Reta";"Sim";2;0;0;2;0;0;2;2;-26,47947677;-49,00298702;"SPRF-SC";"DEL03-SC";"UOP03-DEL03-SC"
295642;2020-07-16;"quinta-feira";"03:23:00";"MG";50;70;"UBERLANDIA";"Ingestão de Álcool";"Colisão lateral";"Sem Vítimas";"Plena Noite";"Crescente";"Nublado";"Dupla";"Aclive";"Sim";3;0;0;0;3;0;0;2;-18,85140204;-48,25345932;"SPRF-MG";"DEL15-MG";"UOP01-DEL15-MG"
295643;2020-07-16;"quinta-feira";"03:45:00";"BA";110;31;"SANTA BRIGIDA";"Falta de Atenção do Pedestre";"Atropelamento de Pedestre";"Com Vítimas Fatais";"Plena Noite";"Decrescente";"Chuva";"Simples";"Reta";"Não";2;1;0;0;0;1;0;2;-9,72659098;-38,23890209;"SPRF-BA";"DEL07-BA";"UOP01-DEL07-BA"
295645;2020-07-16;"quinta-feira";"05:20:00";"TO";153;134;"ARAGUAINA";"Falta de Atenção à Condução";"Colisão frontal";"Com Vítimas Fatais";"Amanhecer";"Decrescente";"Céu Claro";"Simples";"Reta";"Não";7;1;1;0;4;1;1;3;-7,12178379;-48,19293926;"SPRF-TO";"DEL02-TO";"UOP01-DEL02-TO"
295648;2020-07-16;"quinta-feira";"05:40:00";"ES";101;214;"IBIRACU";"Falta de Atenção à Condução";"Saída de leito carroçável";"Com Vítimas Feridas";"Amanhecer";"Crescente";"Nublado";"Simples";"Curva";"Sim";2;0;2;0;0;0;2;1;-19,82999127;-40,37211181;"SPRF-ES";"DEL02-ES";"UOP01-DEL02-ES"
295650;2020-07-16;"quinta-feira";"03:50:00";"MS";163;255;"DOURADOS";"Defeito Mecânico no Veículo";"Colisão com objeto estático";"Sem Vítimas";"Plena Noite";"Decrescente";"Céu Claro";"Dupla";"Rotatória";"Sim";1;0;0;0;1;0;0;1;-22,25900927;-54,80446285;"SPRF-MS";"DEL04-MS";"UOP01-DEL04-MS"
295651;2020-07-16;"quinta-feira";"06:40:00";"PR";369;188;"ARAPONGAS";"Ingestão de Álcool";"Colisão traseira";"Com Vítimas Feridas";"Amanhecer";"Decrescente";"Céu Claro";"Simples";"Reta";"Sim";3;0;2;0;1;0;2;2;-23,434605;-51,422115;"SPRF-PR";"DEL07-PR";"UOP03-DEL07-PR"
295654;2020-07-16;"quinta-feira";"07:20:00";"RS";470;218;"BENTO GONCALVES";"Falta de Atenção à Condução";"Colisão transversal";"Com Vítimas Feridas";"Pleno dia";"Crescente";"Céu Claro";"Simples";"Reta;Declive";"Não";2;0;1;0;1;0;1;2;-29,17292214;-51,52424936;"SPRF-RS";"DEL06-RS";"UOP01-DEL06-RS"
295655;2020-07-16;"quinta-feira";"06:30:00";"SC";101;353,5;"JAGUARUNA";"Falta de Atenção à Condução";"Saída de leito carroçável";"Com Vítimas Feridas";"Amanhecer";"Decrescente";"Céu Claro";"Dupla";"Reta";"Não";1;0;1;0;0;0;1;1;-28,61232036;-49,06197674;"SPRF-SC";"DEL02-SC";"UOP01-DEL02-SC"
295656;2020-07-16;"quinta-feira";"06:45:00";"ES";101;289,7;"CARIACICA";"Não guardar distância de segurança";"Colisão traseira";"Com Vítimas Feridas";"Pleno dia";"Crescente";"Céu Claro";"Dupla";"Reta";"Sim";3;0;1;0;2;0;1;2;-20,28029304;-40,39302931;"SPRF-ES";"DEL01-ES";"UOP01-DEL01-ES"
295657;2020-07-16;"quinta-feira";"07:10:00";"PR";116;97;"SAO JOSE DOS PINHAIS";"Defeito Mecânico no Veículo";"Incêndio";"Sem Vítimas";"Pleno dia";"Crescente";"Céu Claro";"Dupla";"Reta";"Sim";4;0;0;0;4;0;0;1;-25,53005009;-49,14321899;"SPRF-PR";"DEL01-PR";"UOP01-DEL01-PR"
295660;2020-07-16;"quinta-feira";"07:50:00";"SP";153;56;"SAO JOSE DO RIO PRETO";"Defeito Mecânico no Veículo";"Queda de ocupante de veículo";"Com Vítimas Feridas";"Pleno dia";"Crescente";"Céu Claro";"Simples";"Interseção de Vias;Rotatória;Desvio Temporário;Em Obras";"Sim";1;0;1;0;0;0;1;1;-20,7615601;-49,34622278;"SPRF-SP";"DEL09-SP";"UOP01-DEL09-SP"
295661;2020-07-16;"quinta-feira";"07:20:00";"BA";324;625;"SALVADOR";"Falta de Atenção à Condução";"Queda de ocupante de veículo";"Com Vítimas Feridas";"Pleno dia";"Crescente";"Nublado";"Dupla";"Reta";"Sim";2;0;2;0;0;0;2;1;-12,94194706;-38,47081224;"SPRF-BA";"DEL01-BA";"UOP01-DEL01-BA"
295663;2020-07-16;"quinta-feira";"07:00:00";"PR";376;614;"SAO JOSE DOS PINHAIS";"Falta de Atenção à Condução";"Queda de ocupante de veículo";"Com Vítimas Feridas";"Pleno dia";"Crescente";"Nublado";"Dupla";"Reta";"Sim";3;0;1;0;2;0;1;3;-25,57279494;-49,18132782;"SPRF-PR";"DEL01-PR";"UOP06-DEL01-PR"
295665;2020-07-16;"quinta-feira";"06:00:00";"AP";156;414,2;"FERREIRA GOMES";"Falta de Atenção à Condução";"Capotamento";"Com Vítimas Feridas";"Plena Noite";"Crescente";"Céu Claro";"Simples";"Reta";"Não";1;0;1;0;0;0;1;1;0,99620806;-51,09627485;"SPRF-AP";"DEL01-AP";"UOP01-DEL01-AP"
295668;2020-07-16;"quinta-feira";"08:00:00";"RJ";393;123;"SAPUCAIA";"Falta de Atenção à Condução";"Saída de leito carroçável";"Com Vítimas Feridas";"Pleno dia";"Decrescente";"Céu Claro";"Simples";"Reta";"Não";1;0;1;0;0;0;1;1;-21,94047257;-42,81407216;"SPRF-RJ";"DEL05-RJ";"UOP01-DEL05-RJ"
295670;2020-07-16;"quinta-feira";"08:20:00";"ES";101;168;"LINHARES";"Falta de Atenção à Condução";"Colisão lateral";"Com Vítimas Feridas";"Pleno dia";"Crescente";"Nublado";"Simples";"Reta";"Não";1;0;1;0;0;0;1;1;-19,53475892;-40,15759511;"SPRF-ES";"DEL04-ES";"UOP01-DEL04-ES"
295674;2020-07-16;"quinta-feira";"09:05:00";"SP";116;147,8;"SAO JOSE DOS CAMPOS";"Falta de Atenção à Condução";"Tombamento";"Com Vítimas Feridas";"Pleno dia";"Crescente";"Nublado";"Dupla";"Curva";"Sim";1;0;1;0;0;0;1;1;-23,19542994;-45,87176303;"SPRF-SP";"DEL02-SP";"UOP01-DEL02-SP"
295675;2020-07-16;"quinta-feira";"08:20:00";"PE";101;9,8;"GOIANA";"Pista Escorregadia";"Saída de leito carroçável";"Com Vítimas Feridas";"Pleno dia";"Decrescente";"Chuva";"Dupla";"Reta;Declive";"Não";3;0;2;1;0;0;3;1;-7,57788903;-34,98847822;"SPRF-PE";"DEL01-PE";"UOP02-DEL01-PE"
295676;2020-07-16;"quinta-feira";"05:10:00";"BA";330;791,5;"JEQUIE";"Animais na Pista";"Atropelamento de Animal";"Sem Vítimas";"Pleno dia";"Crescente";"Céu Claro";"Simples";"Reta";"Não";1;0;0;0;1;0;0;1;-13,90606498;-40,01759994;"SPRF-BA";"DEL03-BA";"UOP01-DEL03-BA"
295677;2020-07-16;"quinta-feira";"07:45:00";"AC";317;93;"SENADOR GUIOMARD";"Falta de Atenção à Condução";"Atropelamento de Pedestre";"Com Vítimas Feridas";"Pleno dia";"Crescente";"Sol";"Simples";"Reta";"Não";3;0;0;1;1;1;1;2;-10,17069008;-67,72130364;"SPRF-AC";"DEL01-AC";"UOP01-DEL01-AC"
295678;2020-07-16;"quinta-feira";"09:00:00";"MS";163;260;"DOURADOS";"Falta de Atenção à Condução";"Colisão lateral";"Com Vítimas Feridas";"Pleno dia";"Crescente";"Céu Claro";"Dupla";"Reta";"Sim";3;0;1;0;2;0;1;2;-22,24489388;-54,77203018;"SPRF-MS";"DEL04-MS";"UOP01-DEL04-MS"
295680;2020-07-16;"quinta-feira";"08:00:00";"ES";262;104,8;"VENDA NOVA DO IMIGRANTE";"Falta de Atenção à Condução";"Tombamento";"Com Vítimas Feridas";"Pleno dia";"Decrescente";"Chuva";"Simples";"Reta";"Sim";1;0;1;0;0;0;1;1;-20,33302593;-41,12931881;"SPRF-ES";"DEL01-ES";"UOP02-DEL01-ES"
295682;2020-07-16;"quinta-feira";"10:40:00";"SP";116;140,3;"SAO JOSE DOS CAMPOS";"Falta de Atenção à Condução";"Colisão com objeto estático";"Sem Vítimas";"Pleno dia";"Decrescente";"Céu Claro";"Dupla";"Reta";"Sim";1;0;0;0;1;0;0;1;-23,16577714;-45,81246193;"SPRF-SP";"DEL06-SP";"UOP01-DEL06-SP"
295683;2020-07-16;"quinta-feira";"07:00:00";"PB";230;464;"SOUSA";"Desobediência às normas de trânsito pelo condutor";"Colisão frontal";"Com Vítimas Feridas";"Pleno dia";"Crescente";"Céu Claro";"Simples";"Reta";"Sim";3;0;2;0;0;1;2;2;-6,779273;-38,245206;"SPRF-PB";"DEL03-PB";"UOP03-DEL03-PB"
295688;2020-07-16;"quinta-feira";"11:20:00";"RS";470;164;"VILA FLORES";"Desobediência às normas de trânsito pelo condutor";"Colisão transversal";"Com Vítimas Feridas";"Pleno dia";"Crescente";"Chuva";"Simples";"Reta";"Não";2;0;1;1;0;0;2;2;-28,83381495;-51,57472392;"SPRF-RS";"DEL06-RS";"UOP02-DEL06-RS"
295690;2020-07-16;"quinta-feira";"11:30:00";"RS";392;66,9;"PELOTAS";"Desobediência às normas de trânsito pelo condutor";"Colisão transversal";"Com Vítimas Feridas";"Pleno dia";"Decrescente";"Garoa/Chuvisco";"Simples";"Rotatória";"Sim";3;0;1;0;2;0;1;2;-31,7627503;-52,39165019;"SPRF-RS";"DEL07-RS";"UOP01-DEL07-RS"
295692;2020-07-16;"quinta-feira";"11:10:00";"RJ";116;125,5;"MAGE";"Desobediência às normas de trânsito pelo condutor";"Atropelamento de Pedestre";"Com Vítimas Feridas";"Pleno dia";"Crescente";"Nublado";"Dupla";"Reta;Declive";"Sim";2;0;0;1;1;0;1;2;-22,65156898;-43,07769901;"SPRF-RJ";"DEL04-RJ";"UOP02-DEL04-RJ"
295693;2020-07-16;"quinta-feira";"07:35:00";"SC";282;607,4;"MARAVILHA";"Desobediência às normas de trânsito pelo condutor";"Colisão transversal";"Com Vítimas Feridas";"Pleno dia";"Crescente";"Sol";"Simples";"Rotatória";"Não";2;0;1;0;1;0;1;2;-26,772648;-53,2062;"SPRF-SC";"DEL07-SC";"UOP02-DEL07-SC"
295694;2020-07-16;"quinta-feira";"12:10:00";"SC";101;333;"TUBARAO";"Mal Súbito";"Colisão transversal";"Com Vítimas Feridas";"Pleno dia";"Decrescente";"Céu Claro";"Simples";"Interseção de Vias";"Sim";2;0;1;0;1;0;1;2;-28,46630107;-48,99653096;"SPRF-SC";"DEL02-SC";"UOP01-DEL02-SC"
295697;2020-07-16;"quinta-feira";"11:30:00";"RS";480;70;"ERECHIM";"Desobediência às normas de trânsito pelo condutor";"Colisão transversal";"Sem Vítimas";"Pleno dia";"Decrescente";"Céu Claro";"Simples";"Reta";"Sim";2;0;0;0;2;0;0;2;-27,63750256;-52,32344105;"SPRF-RS";"DEL08-RS";"UOP04-DEL08-RS"
295698;2020-07-16;"quinta-feira";"13:20:00";"BA";101;117;"ALAGOINHAS";"Falta de Atenção à Condução";"Saída de leito carroçável";"Sem Vítimas";"Pleno dia";"Decrescente";"Céu Claro";"Simples";"Reta";"Sim";2;0;0;0;2;0;0;1;-12,1587083;-38,53761097;"SPRF-BA";"DEL01-BA";"UOP04-DEL01-BA"
295699;2020-07-16;"quinta-feira";"08:45:00";"SC";280;197,1;"MAFRA";"Desobediência às normas de trânsito pelo condutor";"Colisão transversal";"Com Vítimas Feridas";"Pleno dia";"Decrescente";"Céu Claro";"Simples";"Interseção de Vias";"Não";2;0;1;0;1;0;1;2;-26,174815;-50,040124;"SPRF-SC";"DEL06-SC";"UOP01-DEL06-SC"
295700;2020-06-20;"sábado";"12:30:00";"GO";153;623;"MORRINHOS";"Falta de Atenção à Condução";"Saída de leito carroçável";"Com Vítimas Feridas";"Pleno dia";"Decrescente";"Céu Claro";"Dupla";"Reta;Declive";"Não";2;0;2;0;0;0;2;1;-17,7483;-49,1598;"SPRF-GO";"DEL03-GO";"UOP01-DEL03-GO"
295704;2020-07-16;"quinta-feira";"14:10:00";"MG";40;526;"CONTAGEM";"Defeito na Via";"Tombamento";"Com Vítimas Feridas";"Pleno dia";"Crescente";"Céu Claro";"Dupla";"Interseção de Vias";"Sim";1;0;1;0;0;0;1;1;-19,89255399;-44,04985478;"SPRF-MG";"DEL01-MG";"UOP02-DEL01-MG"
295707;2020-07-16;"quinta-feira";"15:00:00";"PB";101;52;"SANTA RITA";"Avarias e/ou desgaste excessivo no pneu";"Colisão com objeto estático";"Com Vítimas Feridas";"Pleno dia";"Crescente";"Céu Claro";"Dupla";"Aclive";"Não";1;0;1;0;0;0;1;1;-6,93821564;-35,09935736;"SPRF-PB";"DEL01-PB";"UOP04-DEL01-PB"
295708;2020-07-16;"quinta-feira";"15:20:00";"RS";116;58,5;"CAMPESTRE DA SERRA";"Ultrapassagem Indevida";"Colisão frontal";"Com Vítimas Fatais";"Pleno dia";"Crescente";"Chuva";"Simples";"Reta";"Não";2;2;0;0;0;0;0;2;-28,625049;-51,03890106;"SPRF-RS";"DEL05-RS";"UOP03-DEL05-RS"
295710;2020-07-16;"quinta-feira";"15:00:00";"GO";414;420,8;"ABADIANIA";"Ultrapassagem Indevida";"Saída de leito carroçável";"Com Vítimas Feridas";"Pleno dia";"Decrescente";"Céu Claro";"Simples";"Curva";"Não";1;0;0;1;0;0;1;1;-16,12729373;-48,89495373;"SPRF-GO";"DEL02-GO";"UOP01-DEL02-GO"
295712;2020-07-16;"quinta-feira";"15:35:00";"RS";290;50;"GLORINHA";"Pista Escorregadia";"Saída de leito carroçável";"Sem Vítimas";"Pleno dia";"Decrescente";"Chuva";"Dupla";"Reta";"Não";2;0;0;0;2;0;0;1;-29,90815476;-50,7615003;"SPRF-RS";"DEL03-RS";"UOP01-DEL03-RS"
295713;2020-07-16;"quinta-feira";"09:30:00";"SC";101;335,3;"TUBARAO";"Falta de Atenção à Condução";"Colisão frontal";"Com Vítimas Feridas";"Pleno dia";"Crescente";"Nublado";"Simples";"Rotatória";"Sim";3;0;0;1;2;0;1;3;-28,46927473;-49,01557908;"SPRF-SC";"DEL02-SC";"UOP01-DEL02-SC"
295715;2020-07-16;"quinta-feira";"16:05:00";"PI";230;309;"FLORIANO";"Não guardar distância de segurança";"Engavetamento";"Sem Vítimas";"Pleno dia";"Decrescente";"Céu Claro";"Simples";"Reta";"Sim";4;0;0;0;3;1;0;3;-6,77433132;-43,00632318;"SPRF-PI";"DEL03-PI";"UOP01-DEL03-PI"
295718;2020-07-16;"quinta-feira";"16:15:00";"MG";381;357,8;"JOAO MONLEVADE";"Falta de Atenção à Condução";"Tombamento";"Com Vítimas Feridas";"Pleno dia";"Crescente";"Nublado";"Simples";"Reta";"Sim";2;0;2;0;0;0;2;1;-19,85175308;-43,213709;"SPRF-MG";"DEL03-MG";"UOP01-DEL03-MG"
295719;2020-07-16;"quinta-feira";"13:50:00";"RJ";465;21;"SEROPEDICA";"Desobediência às normas de trânsito pelo pedestre";"Atropelamento de Pedestre";"Sem Vítimas";"Pleno dia";"Crescente";"Céu Claro";"Simples";"Reta";"Sim";2;0;0;0;2;0;0;2;-22,854782;-43,601933;"SPRF-RJ";"DEL03-RJ";"UOP01-DEL03-RJ"
295720;2020-07-16;"quinta-feira";"16:00:00";"MG";381;925,9;"ITAPEVA";"Velocidade Incompatível";"Saída de leito carroçável";"Com Vítimas Feridas";"Pleno dia";"Decrescente";"Céu Claro";"Dupla";"Curva";"Sim";1;0;1;0;0;0;1;1;-22,777207;-46,23911301;"SPRF-MG";"DEL16-MG";"UOP03-DEL16-MG"
295723;2020-01-22;"quarta-feira";"19:30:00";"PI";316;308;"PICOS";"Falta de Atenção à Condução";"Colisão transversal";"Com Vítimas Feridas";"Plena Noite";"Decrescente";"Céu Claro";"Simples";"Reta";"Sim";3;0;0;1;2;0;1;2;-7,07773683;-41,492757;"SPRF-PI";"DEL04-PI";"UOP01-DEL04-PI"
295724;2020-07-16;"quinta-feira";"14:30:00";"PR";467;78,5;"TOLEDO";"Velocidade Incompatível";"Colisão traseira";"Com Vítimas Feridas";"Pleno dia";"Crescente";"Céu Claro";"Dupla";"Declive";"Não";2;0;0;1;1;0;1;2;-24,77439347;-53,68370047;"SPRF-PR";"DEL04-PR";"UOP01-DEL04-PR"
295725;2020-07-16;"quinta-feira";"17:20:00";"PB";101;115,8;"CAAPORA";"Defeito na Via";"Colisão com objeto estático";"Com Vítimas Feridas";"Anoitecer";"Decrescente";"Chuva";"Dupla";"Reta";"Não";1;0;1;0;0;0;1;1;-7,396321;-34,95577703;"SPRF-PB";"DEL01-PB";"UOP02-DEL01-PB"
295726;2020-07-16;"quinta-feira";"17:45:00";"AL";101;75,3;"RIO LARGO";"Desobediência às normas de trânsito pelo condutor";"Colisão transversal";"Com Vítimas Feridas";"Anoitecer";"Crescente";"Nublado";"Dupla";"Reta";"Não";3;0;1;0;2;0;1;2;-9,40436484;-35,83998111;"SPRF-AL";"DEL01-AL";"UOP01-DEL01-AL"
295729;2020-07-16;"quinta-feira";"18:10:00";"PR";116;136;"MANDIRITUBA";"Falta de Atenção à Condução";"Capotamento";"Sem Vítimas";"Anoitecer";"Decrescente";"Nublado";"Dupla";"Reta";"Não";1;0;0;0;1;0;0;1;-25,69308504;-49,31768479;"SPRF-PR";"DEL01-PR";"UOP03-DEL01-PR"