"id";"data_inversa";"dia_semana";"horario";"uf";"br";"km";"municipio";"causa_acidente";"tipo_acidente";"classificacao_acidente";"fase_dia";"sentido_via";"condicao_metereologica";"tipo_pista";"tracado_via";"uso_solo";"pessoas";"mortos";"feridos_leves";"feridos_graves";"ilesos";"ignorados";"feridos";"veiculos";"latitude";"longitude";"regional";"delegacia";"uop"
295730;2020-07-16;"quinta-feira";"18:05:00";"ES";101;270,7;"SERRA";"Não guardar distância de segurança";"Queda de ocupante de veículo";"Com Vítimas Fatais";"Plena Noite";"Decrescente";"Céu Claro";"Múltipla";"Reta";"Sim";1;1;0;0;0;0;0;1;-20,22662056;-40,27075088;"SPRF-ES";"DEL02-ES";"UOP01-DEL02-ES"
295731;2020-07-16;"quinta-feira";"10:30:00";"AM";319;101,9;"CAREIRO";"Defeito na Via";"Saída de leito carroçável";"Com Vítimas Feridas";"Pleno dia";"Crescente";"Garoa/Chuvisco";"Simples";"Reta";"Não";2;0;1;0;1;0;1;1;-3,75392681;-60,2940363;"SPRF-AM";"DEL01-AM";"UOP04-DEL01-AM"
295732;2020-07-16;"quinta-feira";"18:15:00";"MG";50;174;"UBERABA";"Falta de Atenção à Condução";"Tombamento";"Com Vítimas Feridas";"Anoitecer";"Decrescente";"Céu Claro";"Dupla";"Viaduto";"Sim";1;0;1;0;0;0;1;1;-19,7624352;-47,97701547;"SPRF-MG";"DEL13-MG";"UOP01-DEL13-MG"
295733;2020-07-16;"quinta-feira";"14:30:00";"GO";153;361;"JARAGUA";"Agressão Externa";"Saída de leito carroçável";"Sem Vítimas";"Pleno dia";"Decrescente";"Céu Claro";"Simples";"Reta";"Não";1;0;0;0;1;0;0;1;-15,759041;-49,313061;"SPRF-GO";"DEL02-GO";"UOP02-DEL02-GO"
295735;2020-07-16;"quinta-feira";"18:05:00";"TO";153;494;"PARAISO DO TOCANTINS";"Desobediência às normas de trânsito pelo condutor";"Colisão frontal";"Com Vítimas Feridas";"Plena Noite";"Decrescente";"Céu Claro";"Simples";"Reta";"Sim";3;0;1;1;1;0;2;2;-10,170049;-48,880501;"SPRF-TO";"DEL01-TO";"UOP01-DEL01-TO"
295736;2020-01-16;"quinta-feira";"08:55:00";"PI";343;338,8;"TERESINA";"Falta de Atenção à Condução";"Colisão traseira";"Com Vítimas Feridas";"Pleno dia";"Crescente";"Céu Claro";"Simples";"Reta";"Sim";2;0;1;0;1;0;1;2;-5,063362;-42,722912;"SPRF-PI";"DEL01-PI";"UOP01-DEL01-PI"
295737;2020-07-16;"quinta-feira";"18:15:00";"PR";116;146;"MANDIRITUBA";"Desobediência às normas de trânsito pelo condutor";"Queda de ocupante de veículo";"Com Vítimas Feridas";"Plena Noite";"Decrescente";"Céu Claro";"Simples";"Reta";"Não";1;0;1;0;0;0;1;1;-25,78172684;-49,32535079;"SPRF-PR";"DEL01-PR";"UOP03-DEL01-PR"
295738;2020-07-16;"quinta-feira";"15:30:00";"SC";282;500;"XANXERE";"Defeito Mecânico no Veículo";"Tombamento";"Com Vítimas Feridas";"Pleno dia";"Crescente";"Nublado";"Dupla";"Aclive";"Sim";1;0;1;0;0;0;1;1;-26,881372;-52,37252;"SPRF-SC";"DEL07-SC";"UOP01-DEL07-SC"
295739;2020-07-16;"quinta-feira";"18:20:00";"GO";60;95,5;"ANAPOLIS";"Velocidade Incompatível";"Colisão traseira";"Com Vítimas Feridas";"Plena Noite";"Decrescente";"Céu Claro";"Dupla";"Reta";"Sim";4;0;2;0;1;1;2;2;-16,3679;-48,939;"SPRF-GO";"DEL02-GO";"UOP01-DEL02-GO"
295740;2020-07-16;"quinta-feira";"18:45:00";"RS";116;513,5;"PELOTAS";"Falta de Atenção à Condução";"Colisão transversal";"Com Vítimas Feridas";"Plena Noite";"Decrescente";"Nevoeiro/Neblina";"Simples";"Reta";"Não";2;0;1;0;1;0;1;2;-31,64313197;-52,33497415;"SPRF-RS";"DEL07-RS";"UOP01-DEL07-RS"
295745;2020-07-16;"quinta-feira";"18:30:00";"MG";40;638,2;"CONSELHEIRO LAFAIETE";"Falta de Atenção à Condução";"Colisão transversal";"Com Vítimas Feridas";"Plena Noite";"Decrescente";"Céu Claro";"Simples";"Reta";"Não";7;0;1;1;5;0;2;2;-20,730209;-43,800321;"SPRF-MG";"DEL05-MG";"UOP02-DEL05-MG"
295746;2020-07-16;"quinta-feira";"19:00:00";"GO";40;4,4;"VALPARAISO DE GOIAS";"Falta de Atenção à Condução";"Colisão lateral";"Com Vítimas Fatais";"Plena Noite";"Decrescente";"Céu Claro";"Dupla";"Reta";"Sim";4;1;0;1;0;2;1;3;-16,085241;-47,986752;"SPRF-DF";"DEL01-DF";"UOP01-DEL01-DF"
295747;2020-07-16;"quinta-feira";"17:30:00";"RN";406;170;"SAO GONCALO DO AMARANTE";"Ingestão de Álcool";"Colisão transversal";"Com Vítimas Feridas";"Anoitecer";"Decrescente";"Nublado";"Dupla";"Aclive";"Não";3;0;1;1;1;0;2;2;-5,757378;-35,302218;"SPRF-RN";"DEL02-RN";"UOP01-DEL02-RN"
295748;2020-07-16;"quinta-feira";"19:35:00";"SP";116;202;"ARUJA";"Condutor Dormindo";"Capotamento";"Com Vítimas Feridas";"Plena Noite";"Decrescente";"Céu Claro";"Dupla";"Reta";"Sim";1;0;1;0;0;0;1;1;-23,40809408;-46,33859597;"SPRF-SP";"DEL01-SP";"UOP01-DEL01-SP"
295749;2020-07-16;"quinta-feira";"20:15:00";"MG";40;682,4;"RESSAQUINHA";"Falta de Atenção do Pedestre";"Atropelamento de Pedestre";"Com Vítimas Feridas";"Plena Noite";"Crescente";"Céu Claro";"Simples";"Reta";"Sim";3;0;1;0;2;0;1;2;-21,0646;-43,766266;"SPRF-MG";"DEL05-MG";"UOP02-DEL05-MG"
295751;2020-07-16;"quinta-feira";"20:22:00";"RS";116;260;"CANOAS";"Defeito Mecânico no Veículo";"Incêndio";"Sem Vítimas";"Plena Noite";"Crescente";"Chuva";"Dupla";"Reta";"Sim";1;0;0;0;0;1;0;1;-29,879208;-51,18045622;"SPRF-RS";"DEL01-RS";"UOP01-DEL01-RS"
295753;2020-07-16;"quinta-feira";"18:45:00";"SC";101;381,2;"ICARA";"Pista Escorregadia";"Saída de leito carroçável";"Com Vítimas Feridas";"Plena Noite";"Crescente";"Chuva";"Dupla";"Aclive";"Não";2;0;2;0;0;0;2;1;-28,7644284;-49,29379981;"SPRF-SC";"DEL02-SC";"UOP02-DEL02-SC"
295755;2020-07-16;"quinta-feira";"20:40:00";"CE";222;4;"CAUCAIA";"Não guardar distância de segurança";"Colisão traseira";"Com Vítimas Feridas";"Plena Noite";"Crescente";"Chuva";"Múltipla";"Reta";"Sim";2;0;1;0;1;0;1;2;-3,74164754;-38,60449792;"SPRF-CE";"DEL01-CE";"UOP01-DEL01-CE"
295756;2020-07-16;"quinta-feira";"20:05:00";"ES";262;155,4;"IBATIBA";"Falta de Atenção à Condução";"Colisão traseira";"Com Vítimas Feridas";"Plena Noite";"Crescente";"Nublado";"Simples";"Reta";"Não";3;0;0;3;0;0;3;2;-20,22651793;-41,47055672;"SPRF-ES";"DEL01-ES";"UOP02-DEL01-ES"
295758;2020-07-16;"quinta-feira";"20:40:00";"SP";0;0;"JACUPIRANGA";"Falta de Atenção à Condução";"Colisão lateral";"Com Vítimas Feridas";"Plena Noite";"Não Informado";"Céu Claro";"Simples";"Reta";"Sim";2;0;1;0;1;0;1;2;-24,6928255;-47,99567352;"SPRF-SP";"DEL05-SP";"UOP01-DEL05-SP"
295761;2020-07-16;"quinta-feira";"21:00:00";"RJ";40;54;"PETROPOLIS";"Falta de Atenção à Condução";"Tombamento";"Com Vítimas Feridas";"Plena Noite";"Crescente";"Céu Claro";"Simples";"Reta";"Não";2;0;1;1;0;0;2;1;-22,34627607;-43,12411304;"SPRF-RJ";"DEL05-RJ";"UOP02-DEL05-RJ"
295762;2020-07-16;"quinta-feira";"21:20:00";"SC";101;97,1;"BALNEARIO PICARRAS";"Pista Escorregadia";"Queda de ocupante de veículo";"Com Vítimas Feridas";"Plena Noite";"Decrescente";"Garoa/Chuvisco";"Simples";"Interseção de Vias";"Sim";1;0;1;0;0;0;1;1;-26,72823703;-48,70224928;"SPRF-SC";"DEL03-SC";"UOP02-DEL03-SC"
295763;2020-07-16;"quinta-feira";"21:20:00";"MG";262;799;"UBERABA";"Pista Escorregadia";"Tombamento";"Sem Vítimas";"Plena Noite";"Crescente";"Céu Claro";"Dupla";"Viaduto";"Sim";1;0;0;0;1;0;0;1;-19,76765816;-47,88975298;"SPRF-MG";"DEL13-MG";"UOP01-DEL13-MG"
295764;2020-07-16;"quinta-feira";"20:50:00";"SC";101;298,5;"LAGUNA";"Não guardar distância de segurança";"Colisão lateral";"Sem Vítimas";"Plena Noite";"Crescente";"Chuva";"Dupla";"Reta";"Não";2;0;0;0;1;1;0;2;-28,34696466;-48,7363708;"SPRF-SC";"DEL02-SC";"UOP03-DEL02-SC"
295765;2020-07-16;"quinta-feira";"21:30:00";"RS";290;95;"PORTO ALEGRE";"Falta de Atenção à Condução";"Colisão traseira";"Com Vítimas Feridas";"Plena Noite";"Decrescente";"Garoa/Chuvisco";"Dupla";"Reta";"Sim";3;0;1;0;2;0;1;2;-29,982832;-51,201572;"SPRF-RS";"DEL01-RS";"UOP01-DEL01-RS"
295768;2020-07-16;"quinta-feira";"21:05:00";"MG";381;571;"ITAGUARA";"Defeito Mecânico no Veículo";"Colisão com objeto em movimento";"Com Vítimas Feridas";"Plena Noite";"Crescente";"Nublado";"Dupla";"Reta";"Não";3;0;3;0;0;0;3;1;-20,44411687;-44,56483443;"SPRF-MG";"DEL04-MG";"UOP03-DEL04-MG"
295772;2020-07-16;"quinta-feira";"22:45:00";"PE";232;146;"SAO CAITANO";"Ingestão de Álcool";"Queda de ocupante de veículo";"Com Vítimas Feridas";"Plena Noite";"Decrescente";"Céu Claro";"Dupla";"Reta";"Sim";1;0;1;0;0;0;1;1;-8,33218974;-36,12904312;"SPRF-PE";"DEL02-PE";"UOP03-DEL02-PE"
295773;2020-07-16;"quinta-feira";"18:30:00";"MA";316;617,1;"TIMON";"Falta de Atenção à Condução";"Colisão transversal";"Com Vítimas Feridas";"Plena Noite";"Crescente";"Céu Claro";"Dupla";"Reta";"Sim";2;0;0;1;1;0;1;2;-5,102445;-42,829098;"SPRF-MA";"DEL03-MA";"UOP02-DEL03-MA"
295776;2020-06-16;"terça-feira";"05:40:00";"PA";10;269;"MAE DO RIO";"Falta de Atenção à Condução";"Atropelamento de Animal";"Com Vítimas Fatais";"Amanhecer";"Crescente";"Céu Claro";"Simples";"Reta";"Não";2;1;1;0;0;0;1;2;-2,07810902;-47,55961964;"SPRF-PA";"DEL02-PA";"UOP01-DEL02-PA"
295779;2020-07-16;"quinta-feira";"23:00:00";"SP";116;59,8;"GUARATINGUETA";"Falta de Atenção à Condução";"Colisão traseira";"Com Vítimas Feridas";"Plena Noite";"Crescente";"Nublado";"Dupla";"Reta";"Não";2;0;1;0;1;0;1;2;-22,78555649;-45,15339465;"SPRF-SP";"DEL08-SP";"UOP01-DEL08-SP"
295780;2020-07-16;"quinta-feira";"23:40:00";"BA";324;609;"SIMOES FILHO";"Condutor Dormindo";"Saída de leito carroçável";"Sem Vítimas";"Plena Noite";"Crescente";"Céu Claro";"Simples";"Reta";"Não";1;0;0;0;1;0;0;1;-12,82066;-38,40798;"SPRF-BA";"DEL01-BA";"UOP01-DEL01-BA"
295781;2020-07-16;"quinta-feira";"23:30:00";"RS";101;80;"OSORIO";"Ingestão de Álcool";"Saída de leito carroçável";"Sem Vítimas";"Plena Noite";"Crescente";"Chuva";"Dupla";"Reta";"Não";1;0;0;0;1;0;0;1;-29,8263459;-50,2482636;"SPRF-RS";"DEL03-RS";"UOP01-DEL03-RS"
295784;2020-07-17;"sexta-feira";"00:40:00";"MG";40;511,5;"RIBEIRAO DAS NEVES";"Defeito Mecânico no Veículo";"Colisão lateral";"Com Vítimas Feridas";"Plena Noite";"Decrescente";"Céu Claro";"Dupla";"Reta";"Sim";3;0;1;0;2;0;1;2;-19,78164295;-44,11733194;"SPRF-MG";"DEL01-MG";"UOP02-DEL01-MG"
295785;2020-07-17;"sexta-feira";"01:20:00";"MG";381;508;"SAO JOAQUIM DE BICAS";"Ingestão de Álcool";"Colisão com objeto estático";"Sem Vítimas";"Plena Noite";"Crescente";"Céu Claro";"Múltipla";"Curva";"Sim";2;0;0;0;2;0;0;1;-20,06277698;-44,29329002;"SPRF-MG";"DEL01-MG";"UOP03-DEL01-MG"
295786;2020-06-14;"domingo";"17:35:00";"MG";116;540;"SANTA RITA DE MINAS";"Desobediência às normas de trânsito pelo pedestre";"Atropelamento de Pedestre";"Com Vítimas Feridas";"Anoitecer";"Decrescente";"Ignorado";"Simples";"Reta";"Não";2;0;0;1;1;0;1;2;-19,886814;-42,13777186;"SPRF-MG";"DEL06-MG";"UOP02-DEL06-MG"
295788;2020-07-17;"sexta-feira";"02:00:00";"PE";101;70,5;"RECIFE";"Falta de Atenção do Pedestre";"Saída de leito carroçável";"Com Vítimas Feridas";"Plena Noite";"Crescente";"Chuva";"Múltipla";"Reta";"Sim";1;0;1;0;0;0;1;1;-8,072945;-34,942836;"SPRF-PE";"DEL01-PE";"UOP01-DEL01-PE"
295789;2020-07-17;"sexta-feira";"01:30:00";"CE";116;13;"FORTALEZA";"Ingestão de Álcool";"Colisão frontal";"Com Vítimas Feridas";"Plena Noite";"Crescente";"Nublado";"Dupla";"Declive";"Sim";2;0;0;2;0;0;2;2;-3,86088501;-38,49715296;"SPRF-CE";"DEL01-CE";"UOP02-DEL01-CE"
295793;2020-07-17;"sexta-feira";"02:50:00";"SC";101;216,9;"PALHOCA";"Velocidade Incompatível";"Saída de leito carroçável";"Sem Vítimas";"Plena Noite";"Decrescente";"Chuva";"Múltipla";"Reta";"Não";1;0;0;0;0;1;0;1;-27,65981409;-48,67747798;"SPRF-SC";"DEL01-SC";"UOP02-DEL01-SC"
295794;2020-07-17;"sexta-feira";"02:35:00";"SC";116;219,2;"CORREIA PINTO";"Falta de Atenção à Condução";"Saída de leito carroçável";"Com Vítimas Feridas";"Plena Noite";"Crescente";"Chuva";"Simples";"Rotatória";"Sim";2;0;1;0;0;1;1;1;-27,57012897;-50,37318791;"SPRF-SC";"DEL05-SC";"UOP03-DEL05-SC"
295795;2020-07-17;"sexta-feira";"04:25:00";"RJ";101;201;"CASIMIRO DE ABREU";"Animais na Pista";"Atropelamento de Animal";"Com Vítimas Feridas";"Plena Noite";"Crescente";"Céu Claro";"Dupla";"Reta";"Não";2;0;1;0;0;1;1;2;-22,47879216;-42,15282907;"SPRF-RJ";"DEL08-RJ";"UOP04-DEL08-RJ"
295796;2020-07-17;"sexta-feira";"04:30:00";"SP";116;484;"CAJATI";"Desobediência às normas de trânsito pelo condutor";"Saída de leito carroçável";"Sem Vítimas";"Plena Noite";"Decrescente";"Nublado";"Dupla";"Reta";"Não";1;0;0;0;1;0;0;1;-24,72231195;-48,062511;"SPRF-SP";"DEL05-SP";"UOP01-DEL05-SP"
295797;2020-07-17;"sexta-feira";"05:00:00";"SC";282;2;"FLORIANOPOLIS";"Falta de Atenção à Condução";"Tombamento";"Com Vítimas Feridas";"Plena Noite";"Decrescente";"Chuva";"Múltipla";"Reta";"Sim";1;0;1;0;0;0;1;1;-27,603289;-48,590416;"SPRF-SC";"DEL01-SC";"UOP01-DEL01-SC"
295798;2020-07-16;"quinta-feira";"10:50:00";"SC";470;91;"ASCURRA";"Animais na Pista";"Atropelamento de Animal";"Com Vítimas Feridas";"Pleno dia";"Decrescente";"Céu Claro";"Simples";"Reta";"Não";2;0;2;0;0;0;2;1;-26,97769;-49,369198;"SPRF-SC";"DEL04-SC";"UOP01-DEL04-SC"
295799;2020-07-17;"sexta-feira";"06:25:00";"DF";40;2,8;"BRASILIA";"Falta de Atenção à Condução";"Colisão lateral";"Com Vítimas Feridas";"Amanhecer";"Decrescente";"Sol";"Dupla";"Reta";"Sim";2;0;1;0;1;0;1;2;-15,99921891;-47,98472112;"SPRF-DF";"DEL01-DF";"UOP01-DEL01-DF"
295802;2020-07-17;"sexta-feira";"06:40:00";"RS";470;224,9;"GARIBALDI";"Falta de Atenção à Condução";"Colisão transversal";"Com Vítimas Feridas";"Amanhecer";"Crescente";"Garoa/Chuvisco";"Simples";"Reta";"Sim";2;0;1;0;1;0;1;2;-29,23979287;-51,51827401;"SPRF-RS";"DEL06-RS";"UOP01-DEL06-RS"
295803;2020-07-17;"sexta-feira";"07:00:00";"RJ";40;121;"DUQUE DE CAXIAS";"Falta de Atenção à Condução";"Colisão lateral";"Sem Vítimas";"Pleno dia";"Crescente";"Céu Claro";"Múltipla";"Reta";"Sim";2;0;0;0;1;1;0;2;-22,78185499;-43,28571273;"SPRF-RJ";"DEL01-RJ";"UOP01-DEL01-RJ"
295804;2020-07-17;"sexta-feira";"07:35:00";"DF";70;10,4;"BRASILIA";"Desobediência às normas de trânsito pelo condutor";"Atropelamento de Pedestre";"Com Vítimas Feridas";"Pleno dia";"Decrescente";"Céu Claro";"Dupla";"Reta";"Sim";2;0;0;1;1;0;1;2;-15,787066;-48,140709;"SPRF-DF";"DEL03-DF";"UOP02-DEL03-DF"
295806;2020-07-17;"sexta-feira";"07:40:00";"PR";376;188,9;"MARIALVA";"Falta de Atenção à Condução";"Queda de ocupante de veículo";"Com Vítimas Feridas";"Pleno dia";"Crescente";"Sol";"Dupla";"Reta";"Não";1;0;1;0;0;0;1;1;-23,46634923;-51,82808011;"SPRF-PR";"DEL09-PR";"UOP01-DEL09-PR"
295807;2020-07-17;"sexta-feira";"07:20:00";"SC";101;207;"SAO JOSE";"Falta de Atenção à Condução";"Colisão transversal";"Com Vítimas Feridas";"Pleno dia";"Crescente";"Céu Claro";"Simples";"Interseção de Vias";"Não";2;0;1;0;1;0;1;2;-27,60001226;-48,6226467;"SPRF-SC";"DEL01-SC";"UOP01-DEL01-SC"
295808;2020-07-17;"sexta-feira";"06:00:00";"RO";174;15,8;"VILHENA";"Desobediência às normas de trânsito pelo condutor";"Colisão transversal";"Com Vítimas Feridas";"Pleno dia";"Crescente";"Céu Claro";"Simples";"Reta";"Sim";2;0;1;0;1;0;1;2;-12,723321;-60,12801;"SPRF-RO";"DEL04-RO";"UOP01-DEL04-RO"
295809;2020-07-17;"sexta-feira";"07:30:00";"DF";20;18,2;"BRASILIA";"Falta de Atenção à Condução";"Engavetamento";"Com Vítimas Feridas";"Pleno dia";"Decrescente";"Céu Claro";"Dupla";"Reta";"Não";8;0;2;0;6;0;2;3;-15,616901;-47,708927;"SPRF-DF";"DEL02-DF";"UOP01-DEL02-DF"
295810;2020-07-17;"sexta-feira";"08:00:00";"PR";376;167,2;"MARINGA";"Não guardar distância de segurança";"Colisão traseira";"Com Vítimas Feridas";"Pleno dia";"Crescente";"Céu Claro";"Dupla";"Reta";"Não";2;0;1;0;1;0;1;2;-23,38591247;-52,02482879;"SPRF-PR";"DEL09-PR";"UOP01-DEL09-PR"
295811;2020-07-17;"sexta-feira";"07:50:00";"SP";116;271;"TABOAO DA SERRA";"Falta de Atenção à Condução";"Colisão lateral";"Com Vítimas Feridas";"Pleno dia";"Decrescente";"Céu Claro";"Múltipla";"Reta";"Sim";2;0;1;0;1;0;1;2;-23,61809286;-46,80556302;"SPRF-SP";"DEL04-SP";"UOP01-DEL04-SP"
295812;2020-07-17;"sexta-feira";"07:30:00";"SC";470;2,5;"NAVEGANTES";"Não guardar distância de segurança";"Colisão lateral";"Com Vítimas Feridas";"Pleno dia";"Crescente";"Nublado";"Dupla";"Em Obras";"Não";2;0;1;0;0;1;1;2;-26,868551;-48,674831;"SPRF-SC";"DEL04-SC";"UOP04-DEL04-SC"
295814;2020-07-17;"sexta-feira";"08:05:00";"RJ";101;80;"CAMPOS DOS GOYTACAZES";"Ultrapassagem Indevida";"Capotamento";"Com Vítimas Feridas";"Pleno dia";"Decrescente";"Sol";"Simples";"Reta";"Sim";4;0;3;0;1;0;3;1;-21,834332;-41,430458;"SPRF-RJ";"DEL08-RJ";"UOP02-DEL08-RJ"
295817;2020-07-17;"sexta-feira";"07:00:00";"RJ";40;122;"DUQUE DE CAXIAS";"Falta de Atenção à Condução";"Colisão lateral";"Com Vítimas Feridas";"Pleno dia";"Crescente";"Céu Claro";"Múltipla";"Reta";"Não";3;0;1;0;2;0;1;2;-22,79083113;-43,28611569;"SPRF-RJ";"DEL01-RJ";"UOP01-DEL01-RJ"
295818;2020-07-17;"sexta-feira";"08:10:00";"RN";101;85;"SAO GONCALO DO AMARANTE";"Velocidade Incompatível";"Colisão traseira";"Com Vítimas Feridas";"Pleno dia";"Crescente";"Céu Claro";"Dupla";"Reta";"Não";2;0;1;0;1;0;1;2;-5,777664;-35,24937;"SPRF-RN";"DEL02-RN";"UOP01-DEL02-RN"
295820;2020-07-17;"sexta-feira";"08:30:00";"AP";210;5;"MACAPA";"Defeito Mecânico no Veículo";"Tombamento";"Com Vítimas Feridas";"Pleno dia";"Crescente";"Céu Claro";"Dupla";"Reta";"Sim";2;0;1;1;0;0;2;1;0,09104486;-51,10462189;"SPRF-AP";"DEL01-AP";"UOP01-DEL01-AP"
295821;2020-07-17;"sexta-feira";"08:00:00";"MG";40;784;"JUIZ DE FORA";"Falta de Atenção à Condução";"Tombamento";"Com Vítimas Feridas";"Pleno dia";"Crescente";"Céu Claro";"Dupla";"Retorno Regulamentado";"Não";1;0;1;0;0;0;1;1;-21,71178893;-43,44743099;"SPRF-MG";"DEL05-MG";"UOP01-DEL05-MG"
295822;2020-07-17;"sexta-feira";"07:30:00";"MS";60;602;"JARDIM";"Não guardar distância de segurança";"Colisão traseira";"Com Vítimas Feridas";"Pleno dia";"Decrescente";"Céu Claro";"Simples";"Reta";"Não";4;0;1;0;3;0;1;2;-21,55884699;-56,16925009;"SPRF-MS";"DEL05-MS";"UOP01-DEL05-MS"
295823;2020-07-17;"sexta-feira";"09:00:00";"PR";476;141,5;"CURITIBA";"Falta de Atenção à Condução";"Colisão lateral";"Com Vítimas Feridas";"Pleno dia";"Decrescente";"Nublado";"Dupla";"Interseção de Vias";"Sim";2;0;1;0;1;0;1;2;-25,5407127;-49,30237625;"SPRF-PR";"DEL01-PR";"UOP03-DEL01-PR"
295824;2020-07-17;"sexta-feira";"09:00:00";"PR";376;625;"SAO JOSE DOS PINHAIS";"Desobediência às normas de trânsito pelo condutor";"Tombamento";"Com Vítimas Feridas";"Pleno dia";"Decrescente";"Céu Claro";"Simples";"Reta";"Sim";1;0;1;0;0;0;1;1;-25,65218089;-49,15731458;"SPRF-PR";"DEL01-PR";"UOP01-DEL01-PR"
295825;2020-07-17;"sexta-feira";"09:10:00";"PR";476;132;"CURITIBA";"Não guardar distância de segurança";"Saída de leito carroçável";"Com Vítimas Feridas";"Pleno dia";"Crescente";"Céu Claro";"Dupla";"Reta";"Sim";2;0;2;0;0;0;2;1;-25,460718;-49,250488;"SPRF-PR";"DEL01-PR";"UOP03-DEL01-PR"
295826;2020-07-17;"sexta-feira";"08:30:00";"RJ";116;184,8;"NOVA IGUACU";"Velocidade Incompatível";"Capotamento";"Com Vítimas Feridas";"Pleno dia";"Crescente";"Sol";"Dupla";"Reta";"Não";1;0;1;0;0;0;1;1;-22,74647215;-43,44594311;"SPRF-RJ";"DEL01-RJ";"UOP02-DEL01-RJ"
295828;2020-07-17;"sexta-feira";"08:25:00";"DF";20;12,5;"BRASILIA";"Falta de Atenção à Condução";"Colisão transversal";"Com Vítimas Feridas";"Pleno dia";"Decrescente";"Céu Claro";"Dupla";"Retorno Regulamentado";"Sim";2;0;1;0;1;0;1;2;-15,642812;-47,757786;"SPRF-DF";"DEL02-DF";"UOP01-DEL02-DF"
295831;2020-03-17;"terça-feira";"21:30:00";"SC";470;4;"NAVEGANTES";"Falta de Atenção à Condução";"Saída de leito carroçável";"Com Vítimas Feridas";"Plena Noite";"Crescente";"Ignorado";"Dupla";"Em Obras";"Sim";1;0;0;1;0;0;1;1;-26,85807385;-48,69312286;"SPRF-SC";"DEL04-SC";"UOP04-DEL04-SC"
295832;2020-07-17;"sexta-feira";"08:10:00";"RO";364;20;"VILHENA";"Falta de Atenção à Condução";"Saída de leito carroçável";"Com Vítimas Feridas";"Pleno dia";"Decrescente";"Sol";"Simples";"Aclive";"Não";1;0;1;0;0;0;1;1;-12,72595705;-60,192765;"SPRF-RO";"DEL04-RO";"UOP01-DEL04-RO"
295833;2020-07-17;"sexta-feira";"10:00:00";"RN";304;249;"SANTA MARIA";"Defeito Mecânico no Veículo";"Incêndio";"Sem Vítimas";"Pleno dia";"Decrescente";"Céu Claro";"Simples";"Reta";"Não";1;0;0;0;1;0;0;1;-5,82888181;-35,76257697;"SPRF-RN";"DEL01-RN";"UOP02-DEL01-RN"
295834;2020-07-17;"sexta-feira";"08:50:00";"PB";104;141;"QUEIMADAS";"Desobediência às normas de trânsito pelo condutor";"Colisão traseira";"Com Vítimas Feridas";"Pleno dia";"Crescente";"Céu Claro";"Simples";"Reta";"Não";2;0;1;0;1;0;1;2;-7,38695208;-35,89595074;"SPRF-PB";"DEL02-PB";"UOP03-DEL02-PB"
295836;2020-07-17;"sexta-feira";"09:00:00";"RO";364;347,5;"JI-PARANA";"Falta de Atenção à Condução";"Colisão transversal";"Com Vítimas Feridas";"Pleno dia";"Crescente";"Céu Claro";"Simples";"Interseção de Vias;Reta";"Sim";2;0;0;1;1;0;1;2;-10,86070186;-61,9761549;"SPRF-RO";"DEL02-RO";"UOP01-DEL02-RO"
295839;2020-07-17;"sexta-feira";"05:20:00";"RO";364;423;"JARU";"Ultrapassagem Indevida";"Colisão frontal";"Com Vítimas Feridas";"Anoitecer";"Crescente";"Céu Claro";"Simples";"Reta";"Sim";5;0;2;2;1;0;4;5;-10,4597532;-62,4558043;"SPRF-RO";"DEL03-RO";"UOP02-DEL03-RO"
295841;2020-07-17;"sexta-feira";"10:45:00";"PR";116;17;"ANTONINA";"Desobediência às normas de trânsito pelo condutor";"Saída de leito carroçável";"Com Vítimas Feridas";"Pleno dia";"Decrescente";"Garoa/Chuvisco";"Dupla";"Curva";"Não";5;0;1;1;3;0;2;1;-25,10305915;-48,70103892;"SPRF-PR";"DEL01-PR";"UOP02-DEL01-PR"
295842;2020-07-17;"sexta-feira";"11:20:00";"GO";153;698,5;"ITUMBIARA";"Falta de Atenção à Condução";"Saída de leito carroçável";"Com Vítimas Feridas";"Pleno dia";"Decrescente";"Céu Claro";"Dupla";"Reta";"Sim";1;0;1;0;0;0;1;1;-18,3777;-49,2106;"SPRF-GO";"DEL03-GO";"UOP02-DEL03-GO"
295843;2020-07-17;"sexta-feira";"10:50:00";"PE";232;133;"CARUARU";"Ingestão de Álcool";"Colisão traseira";"Sem Vítimas";"Pleno dia";"Crescente";"Sol";"Dupla";"Reta";"Sim";2;0;0;0;2;0;0;2;-8,30607988;-36,01576003;"SPRF-PE";"DEL02-PE";"UOP03-DEL02-PE"
295844;2020-07-17;"sexta-feira";"10:50:00";"GO";414;391;"CORUMBA DE GOIAS";"Ingestão de Álcool";"Colisão traseira";"Com Vítimas Feridas";"Pleno dia";"Crescente";"Céu Claro";"Simples";"Em Obras";"Não";3;0;1;0;2;0;1;2;-15,9070339;-48,8011153;"SPRF-GO";"DEL02-GO";"UOP01-DEL02-GO"
295845;2020-07-17;"sexta-feira";"11:35:00";"AL";101;87,7;"RIO LARGO";"Defeito Mecânico no Veículo";"Incêndio";"Sem Vítimas";"Pleno dia";"Crescente";"Céu Claro";"Dupla";"Curva";"Não";1;0;0;0;1;0;0;1;-9,48332809;-35,89354392;"SPRF-AL";"DEL01-AL";"UOP01-DEL01-AL"
295848;2020-07-17;"sexta-feira";"07:30:00";"SC";470;273,6;"BRUNOPOLIS";"Velocidade Incompatível";"Colisão com objeto estático";"Com Vítimas Feridas";"Pleno dia";"Decrescente";"Chuva";"Simples";"Reta";"Não";3;0;1;0;2;0;1;1;-27,32579;-50,793224;"SPRF-SC";"DEL07-SC";"UOP06-DEL07-SC"