"id";"data_inversa";"dia_semana";"horario";"uf";"br";"km";"municipio";"causa_acidente";"tipo_acidente";"classificacao_acidente";"fase_dia";"sentido_via";"condicao_metereologica";"tipo_pista";"tracado_via";"uso_solo";"pessoas";"mortos";"feridos_leves";"feridos_graves";"ilesos";"ignorados";"feridos";"veiculos";"latitude";"longitude";"regional";"delegacia";"uop"
296128;2020-07-18;"sábado";"15:00:00";"SC";101;215;"PALHOCA";"Defeito Mecânico no Veículo";"Incêndio";"Sem Vítimas";"Pleno dia";"Crescente";"Sol";"Dupla";"Reta";"Sim";1;0;0;0;1;0;0;1;-27,65184843;-48,67604941;"SPRF-SC";"DEL01-SC";"UOP02-DEL01-SC"
296129;2020-07-18;"sábado";"14:43:00";"MG";381;843,9;"SAO SEBASTIAO DA BELA VISTA";"Velocidade Incompatível";"Saída de leito carroçável";"Sem Vítimas";"Pleno dia";"Crescente";"Céu Claro";"Dupla";"Reta";"Não";3;0;0;0;0;3;0;2;-22,22245372;-45,87389143;"SPRF-MG";"DEL16-MG";"UOP01-DEL16-MG"
296131;2020-07-18;"sábado";"16:00:00";"MG";50;69,5;"UBERLANDIA";"Desobediência às normas de trânsito pelo condutor";"Colisão traseira";"Com Vítimas Feridas";"Pleno dia";"Crescente";"Céu Claro";"Dupla";"Reta";"Sim";4;0;1;0;1;2;1;3;-18,8865039;-48,26295018;"SPRF-MG";"DEL15-MG";"UOP01-DEL15-MG"
296132;2020-07-18;"sábado";"12:35:00";"RS";392;18;"RIO GRANDE";"Falta de Atenção à Condução";"Colisão lateral";"Com Vítimas Feridas";"Pleno dia";"Decrescente";"Sol";"Múltipla";"Reta";"Sim";2;0;0;1;1;0;1;2;-32,09017991;-52,17651198;"SPRF-RS";"DEL07-RS";"UOP02-DEL07-RS"
296133;2020-07-18;"sábado";"15:25:00";"PR";277;5;"FOZ DO IGUACU";"Desobediência às normas de trânsito pelo condutor";"Colisão transversal";"Com Vítimas Feridas";"Pleno dia";"Crescente";"Sol";"Dupla";"Retorno Regulamentado";"Sim";2;0;0;1;1;0;1;2;-25,5469;-54,5882;"SPRF-PR";"DEL05-PR";"UOP03-DEL05-PR"
296135;2020-07-18;"sábado";"16:00:00";"SP";381;13;"BRAGANCA PAULISTA";"Pista Escorregadia";"Colisão com objeto estático";"Com Vítimas Feridas";"Pleno dia";"Crescente";"Céu Claro";"Dupla";"Curva";"Não";1;0;0;1;0;0;1;1;-22,93319831;-46,46980452;"SPRF-SP";"DEL03-SP";"UOP01-DEL03-SP"
296137;2020-07-18;"sábado";"15:35:00";"SP";116;276;"EMBU DAS ARTES";"Defeito Mecânico no Veículo";"Tombamento";"Com Vítimas Feridas";"Pleno dia";"Crescente";"Céu Claro";"Dupla";"Reta";"Sim";2;0;1;0;1;0;1;1;-23,64262417;-46,83811382;"SPRF-SP";"DEL04-SP";"UOP01-DEL04-SP"
296139;2020-07-18;"sábado";"16:30:00";"SC";101;207;"SAO JOSE";"Não guardar distância de segurança";"Queda de ocupante de veículo";"Com Vítimas Feridas";"Pleno dia";"Decrescente";"Céu Claro";"Dupla";"Declive";"Sim";2;0;2;0;0;0;2;1;-27,60001226;-48,6226467;"SPRF-SC";"DEL01-SC";"UOP01-DEL01-SC"
296144;2020-07-18;"sábado";"16:20:00";"MG";40;505,9;"RIBEIRAO DAS NEVES";"Desobediência às normas de trânsito pelo condutor";"Colisão lateral";"Com Vítimas Feridas";"Pleno dia";"Decrescente";"Céu Claro";"Dupla";"Curva";"Sim";2;0;1;0;1;0;1;2;-19,73838088;-44,14935661;"SPRF-MG";"DEL02-MG";"UOP01-DEL02-MG"
296145;2020-07-18;"sábado";"16:20:00";"PR";476;228;"LAPA";"Ingestão de Álcool";"Colisão transversal";"Sem Vítimas";"Pleno dia";"Decrescente";"Sol";"Simples";"Reta";"Não";2;0;0;0;2;0;0;2;-25,86306;-49,973328;"SPRF-PR";"DEL02-PR";"UOP04-DEL02-PR"
296147;2020-07-18;"sábado";"16:50:00";"PR";369;91,5;"CORNELIO PROCOPIO";"Falta de Atenção à Condução";"Colisão transversal";"Com Vítimas Feridas";"Pleno dia";"Crescente";"Céu Claro";"Simples";"Interseção de Vias";"Sim";2;0;1;0;1;0;1;2;-23,173584;-50,620524;"SPRF-PR";"DEL07-PR";"UOP05-DEL07-PR"
296148;2020-07-18;"sábado";"17:33:00";"SC";101;207,7;"SAO JOSE";"Velocidade Incompatível";"Colisão com objeto estático";"Com Vítimas Feridas";"Pleno dia";"Crescente";"Céu Claro";"Dupla";"Reta";"Sim";1;0;1;0;0;0;1;1;-27,60327849;-48,63111019;"SPRF-SC";"DEL01-SC";"UOP01-DEL01-SC"
296149;2020-07-18;"sábado";"17:30:00";"PB";230;156,3;"CAMPINA GRANDE";"Animais na Pista";"Atropelamento de Animal";"Com Vítimas Feridas";"Plena Noite";"Crescente";"Céu Claro";"Simples";"Reta";"Sim";1;0;1;0;0;0;1;1;-7,2693;-35,9138;"SPRF-PB";"DEL02-PB";"UOP01-DEL02-PB"
296150;2020-07-18;"sábado";"15:50:00";"PA";316;98;"SANTA MARIA DO PARA";"Carga excessiva e/ou mal acondicionada";"Saída de leito carroçável";"Com Vítimas Feridas";"Pleno dia";"Crescente";"Céu Claro";"Simples";"Reta";"Não";3;0;1;0;2;0;1;1;-1,33188337;-47,62160007;"SPRF-PA";"DEL01-PA";"UOP02-DEL01-PA"
296152;2020-07-18;"sábado";"18:00:00";"PE";104;58,2;"CARUARU";"Falta de Atenção à Condução";"Colisão traseira";"Sem Vítimas";"Plena Noite";"Crescente";"Céu Claro";"Dupla";"Curva";"Sim";4;0;0;0;4;0;0;2;-8,2265;-35,9779;"SPRF-PE";"DEL02-PE";"UOP01-DEL02-PE"
296153;2020-07-18;"sábado";"17:17:00";"MG";381;480,8;"CONTAGEM";"Falta de Atenção à Condução";"Colisão lateral";"Com Vítimas Feridas";"Anoitecer";"Crescente";"Céu Claro";"Dupla";"Interseção de Vias";"Sim";2;0;1;0;1;0;1;2;-19,95813297;-44,05679584;"SPRF-MG";"DEL01-MG";"UOP03-DEL01-MG"
296154;2020-07-18;"sábado";"17:15:00";"AL";316;236,5;"ATALAIA";"Ingestão de Álcool";"Colisão traseira";"Com Vítimas Feridas";"Pleno dia";"Decrescente";"Céu Claro";"Simples";"Reta";"Não";3;0;3;0;0;0;3;2;-9,50112002;-36,06533101;"SPRF-AL";"DEL01-AL";"UOP01-DEL01-AL"
296156;2020-07-18;"sábado";"17:00:00";"RO";364;19;"VILHENA";"Desobediência às normas de trânsito pelo condutor";"Colisão lateral";"Com Vítimas Feridas";"Pleno dia";"Crescente";"Céu Claro";"Simples";"Aclive";"Não";5;0;2;0;2;1;2;4;-12,72739955;-60,18370888;"SPRF-RO";"DEL04-RO";"UOP01-DEL04-RO"
296157;2020-07-18;"sábado";"10:00:00";"SC";116;59;"PAPANDUVA";"Falta de Atenção à Condução";"Colisão transversal";"Com Vítimas Feridas";"Pleno dia";"Decrescente";"Nevoeiro/Neblina";"Simples";"Interseção de Vias;Declive";"Não";2;0;1;0;1;0;1;2;-26,38187419;-50,21515846;"SPRF-SC";"DEL06-SC";"UOP02-DEL06-SC"
296159;2020-07-18;"sábado";"17:30:00";"TO";153;721;"FIGUEIROPOLIS";"Falta de Atenção à Condução";"Colisão transversal";"Com Vítimas Feridas";"Pleno dia";"Decrescente";"Céu Claro";"Simples";"Interseção de Vias";"Sim";2;0;1;1;0;0;2;2;-12,12858166;-49,17194586;"SPRF-TO";"DEL01-TO";"UOP02-DEL01-TO"
296161;2020-07-18;"sábado";"18:10:00";"MS";163;490,4;"CAMPO GRANDE";"Falta de Atenção à Condução";"Colisão traseira";"Sem Vítimas";"Plena Noite";"Decrescente";"Céu Claro";"Dupla";"Rotatória";"Sim";3;0;0;0;3;0;0;2;-20,393151;-54,557083;"SPRF-MS";"DEL01-MS";"UOP02-DEL01-MS"
296162;2020-07-18;"sábado";"18:40:00";"PR";277;597,2;"CASCAVEL";"Velocidade Incompatível";"Saída de leito carroçável";"Com Vítimas Feridas";"Anoitecer";"Crescente";"Céu Claro";"Dupla";"Reta";"Sim";1;0;1;0;0;0;1;1;-24,99513602;-53,51418998;"SPRF-PR";"DEL04-PR";"UOP01-DEL04-PR"
296163;2020-07-18;"sábado";"19:30:00";"PB";101;95;"CONDE";"Falta de Atenção à Condução";"Saída de leito carroçável";"Sem Vítimas";"Plena Noite";"Decrescente";"Nublado";"Dupla";"Aclive";"Não";1;0;0;0;0;1;0;1;-7,22379403;-34,91488195;"SPRF-PB";"DEL01-PB";"UOP02-DEL01-PB"
296164;2020-07-18;"sábado";"19:15:00";"RJ";116;183;"NOVA IGUACU";"Falta de Atenção à Condução";"Colisão transversal";"Com Vítimas Feridas";"Plena Noite";"Decrescente";"Céu Claro";"Dupla";"Viaduto";"Sim";2;0;0;1;1;0;1;2;-22,7516014;-43,43849831;"SPRF-RJ";"DEL01-RJ";"UOP02-DEL01-RJ"
296165;2020-07-18;"sábado";"19:15:00";"RS";101;47,9;"TERRA DE AREIA";"Falta de Atenção à Condução";"Tombamento";"Com Vítimas Feridas";"Plena Noite";"Decrescente";"Céu Claro";"Dupla";"Reta";"Sim";1;0;1;0;0;0;1;1;-29,59306919;-50,07521152;"SPRF-RS";"DEL03-RS";"UOP02-DEL03-RS"
296166;2020-07-18;"sábado";"19:55:00";"AL";101;58,1;"MESSIAS";"Velocidade Incompatível";"Saída de leito carroçável";"Com Vítimas Feridas";"Plena Noite";"Crescente";"Chuva";"Dupla";"Curva;Declive";"Não";1;0;0;1;0;0;1;1;-9,27933304;-35,79839595;"SPRF-AL";"DEL01-AL";"UOP02-DEL01-AL"
296169;2020-07-18;"sábado";"16:50:00";"MG";40;317;"TRES MARIAS";"Falta de Atenção à Condução";"Saída de leito carroçável";"Sem Vítimas";"Anoitecer";"Decrescente";"Céu Claro";"Simples";"Reta";"Não";3;0;0;0;3;0;0;1;-18,48751395;-45,07135906;"SPRF-MG";"DEL14-MG";"UOP02-DEL14-MG"
296172;2020-07-18;"sábado";"20:00:00";"PR";376;4,1;"APUCARANA";"Ingestão de Álcool";"Colisão traseira";"Com Vítimas Feridas";"Plena Noite";"Crescente";"Céu Claro";"Simples";"Reta";"Sim";4;0;2;2;0;0;4;2;-23,5513;-51,461266;"SPRF-PR";"DEL07-PR";"UOP03-DEL07-PR"
296173;2020-07-18;"sábado";"18:45:00";"MG";40;562,8;"NOVA LIMA";"Falta de Atenção à Condução";"Queda de ocupante de veículo";"Com Vítimas Feridas";"Plena Noite";"Decrescente";"Nublado";"Dupla";"Curva;Declive";"Sim";3;0;0;1;0;2;1;2;-20,14451602;-43,95966007;"SPRF-MG";"DEL01-MG";"UOP02-DEL01-MG"
296175;2020-07-18;"sábado";"20:09:00";"GO";20;8;"FORMOSA";"Mal Súbito";"Queda de ocupante de veículo";"Com Vítimas Feridas";"Anoitecer";"Crescente";"Céu Claro";"Simples";"Reta";"Não";1;0;1;0;0;0;1;1;-15,551153;-47,283253;"SPRF-DF";"DEL02-DF";"UOP01-DEL02-DF"
296176;2020-07-18;"sábado";"19:45:00";"PR";476;116;"COLOMBO";"Velocidade Incompatível";"Saída de leito carroçável";"Sem Vítimas";"Plena Noite";"Crescente";"Nublado";"Dupla";"Reta";"Sim";1;0;0;0;1;0;0;1;-25,34996;-49,16642;"SPRF-PR";"DEL01-PR";"UOP07-DEL01-PR"
296177;2020-07-18;"sábado";"19:40:00";"SC";470;134;"RIO DO SUL";"Falta de Atenção à Condução";"Colisão com objeto estático";"Com Vítimas Feridas";"Plena Noite";"Crescente";"Nublado";"Simples";"Interseção de Vias";"Não";1;0;1;0;0;0;1;1;-27,181854;-49,600128;"SPRF-SC";"DEL04-SC";"UOP02-DEL04-SC"
296178;2020-07-18;"sábado";"19:00:00";"PR";163;93;"CAPANEMA";"Falta de Atenção à Condução";"Colisão traseira";"Sem Vítimas";"Plena Noite";"Decrescente";"Céu Claro";"Simples";"Reta";"Não";2;0;0;0;1;1;0;2;-25,646987;-53,803146;"SPRF-PR";"DEL02-PR";"UOP02-DEL02-PR"
296179;2020-07-18;"sábado";"19:30:00";"AL";316;23;"MATA GRANDE";"Restrição de Visibilidade";"Colisão traseira";"Com Vítimas Feridas";"Plena Noite";"Crescente";"Nublado";"Simples";"Reta";"Sim";3;0;0;2;0;1;2;2;-9,08221623;-37,71406004;"SPRF-AL";"DEL03-AL";"UOP02-DEL03-AL"
296180;2020-07-18;"sábado";"20:00:00";"TO";153;631,2;"ALIANCA DO TOCANTINS";"Velocidade Incompatível";"Saída de leito carroçável";"Com Vítimas Feridas";"Plena Noite";"Crescente";"Céu Claro";"Simples";"Reta;Em Obras";"Não";3;0;2;0;1;0;2;1;-11,372286;-48,965219;"SPRF-TO";"DEL01-TO";"UOP02-DEL01-TO"
296181;2020-07-18;"sábado";"20:00:00";"RJ";116;184;"NOVA IGUACU";"Falta de Atenção à Condução";"Engavetamento";"Com Vítimas Feridas";"Plena Noite";"Decrescente";"Céu Claro";"Dupla";"Reta";"Sim";4;0;1;0;3;0;1;4;-22,74647215;-43,44594311;"SPRF-RJ";"DEL01-RJ";"UOP02-DEL01-RJ"
296182;2020-07-18;"sábado";"19:30:00";"MG";40;525,5;"CONTAGEM";"Velocidade Incompatível";"Tombamento";"Com Vítimas Feridas";"Plena Noite";"Crescente";"Nublado";"Simples";"Viaduto";"Sim";2;0;1;0;0;1;1;2;-19,88935094;-44,05066967;"SPRF-MG";"DEL01-MG";"UOP02-DEL01-MG"
296185;2020-07-18;"sábado";"19:10:00";"GO";50;278,8;"CATALAO";"Falta de Atenção à Condução";"Queda de ocupante de veículo";"Com Vítimas Feridas";"Plena Noite";"Crescente";"Céu Claro";"Simples";"Reta";"Sim";2;0;0;1;0;1;1;2;-18,1696;-47,92;"SPRF-GO";"DEL06-GO";"UOP01-DEL06-GO"
296187;2020-07-18;"sábado";"18:30:00";"SC";280;164;"MAFRA";"Velocidade Incompatível";"Queda de ocupante de veículo";"Com Vítimas Feridas";"Plena Noite";"Decrescente";"Céu Claro";"Simples";"Reta";"Não";1;0;1;0;0;0;1;1;-26,19131398;-49,80487298;"SPRF-SC";"DEL06-SC";"UOP01-DEL06-SC"
296190;2020-07-18;"sábado";"20:55:00";"RS";116;242;"SAO LEOPOLDO";"Falta de Atenção à Condução";"Colisão com objeto estático";"Com Vítimas Feridas";"Plena Noite";"Crescente";"Céu Claro";"Dupla";"Curva";"Sim";1;0;1;0;0;0;1;1;-29,71882437;-51,14840627;"SPRF-RS";"DEL01-RS";"UOP02-DEL01-RS"
296191;2020-07-18;"sábado";"20:30:00";"SC";101;209;"SAO JOSE";"Ingestão de Álcool";"Saída de leito carroçável";"Sem Vítimas";"Plena Noite";"Crescente";"Céu Claro";"Múltipla";"Reta";"Sim";1;0;0;0;1;0;0;1;-27,60930823;-48,63794641;"SPRF-SC";"DEL01-SC";"UOP01-DEL01-SC"
296192;2020-07-18;"sábado";"21:00:00";"ES";101;265;"SERRA";"Falta de Atenção à Condução";"Colisão com objeto estático";"Sem Vítimas";"Plena Noite";"Decrescente";"Céu Claro";"Múltipla";"Reta";"Sim";1;0;0;0;1;0;0;1;-20,1816849;-40,26536036;"SPRF-ES";"DEL02-ES";"UOP01-DEL02-ES"
296193;2020-07-18;"sábado";"20:50:00";"SC";101;225,6;"PALHOCA";"Falta de Atenção à Condução";"Colisão com objeto estático";"Com Vítimas Feridas";"Plena Noite";"Crescente";"Céu Claro";"Dupla";"Reta";"Sim";1;0;1;0;0;0;1;1;-27,73292191;-48,6409567;"SPRF-SC";"DEL01-SC";"UOP02-DEL01-SC"
296195;2020-07-18;"sábado";"20:50:00";"CE";116;14;"FORTALEZA";"Defeito na Via";"Colisão com objeto estático";"Sem Vítimas";"Plena Noite";"Decrescente";"Céu Claro";"Dupla";"Reta";"Sim";1;0;0;0;1;0;0;1;-3,8729302;-38,4990295;"SPRF-CE";"DEL01-CE";"UOP02-DEL01-CE"
296196;2020-07-18;"sábado";"17:30:00";"DF";70;2;"BRASILIA";"Ingestão de Álcool";"Colisão traseira";"Sem Vítimas";"Pleno dia";"Decrescente";"Céu Claro";"Simples";"Reta";"Sim";2;0;0;0;2;0;0;2;-15,798048;-48,073235;"SPRF-DF";"DEL03-DF";"UOP02-DEL03-DF"
296197;2020-07-18;"sábado";"21:00:00";"RJ";101;395;"RIO DE JANEIRO";"Falta de Atenção à Condução";"Colisão lateral";"Com Vítimas Feridas";"Plena Noite";"Decrescente";"Céu Claro";"Dupla";"Reta";"Não";3;0;3;0;0;0;3;2;-22,88237391;-43,72205597;"SPRF-RJ";"DEL03-RJ";"UOP01-DEL03-RJ"
296198;2020-07-18;"sábado";"19:45:00";"RR";174;507,7;"BOA VISTA";"Não guardar distância de segurança";"Colisão traseira";"Com Vítimas Feridas";"Plena Noite";"Crescente";"Céu Claro";"Simples";"Reta";"Sim";2;0;0;1;1;0;1;2;2,827348;-60,697216;"SPRF-RR";"DEL01-RR";"UOP01-DEL01-RR"
296199;2020-07-18;"sábado";"18:45:00";"RO";425;101;"NOVA MAMORE";"Ingestão de Álcool";"Colisão lateral";"Sem Vítimas";"Plena Noite";"Decrescente";"Céu Claro";"Simples";"Reta";"Não";2;0;0;0;2;0;0;2;-10,420012;-65,334305;"SPRF-RO";"DEL01-RO";"UOP03-DEL01-RO"
296200;2020-07-18;"sábado";"19:49:00";"BA";101;833;"ITAMARAJU";"Falta de Atenção à Condução";"Saída de leito carroçável";"Com Vítimas Feridas";"Plena Noite";"Crescente";"Céu Claro";"Simples";"Reta";"Não";1;0;1;0;0;0;1;1;-17,194913;-39,591274;"SPRF-BA";"DEL09-BA";"UOP02-DEL09-BA"
296201;2020-07-18;"sábado";"17:50:00";"SC";280;80,1;"CORUPA";"Ingestão de Álcool";"Queda de ocupante de veículo";"Com Vítimas Feridas";"Anoitecer";"Crescente";"Nevoeiro/Neblina";"Simples";"Rotatória;Declive";"Sim";1;0;1;0;0;0;1;1;-26,44412189;-49,20975187;"SPRF-SC";"DEL06-SC";"UOP03-DEL06-SC"
296202;2020-07-18;"sábado";"21:00:00";"PR";373;183;"PONTA GROSSA";"Falta de Atenção à Condução";"Colisão transversal";"Com Vítimas Feridas";"Plena Noite";"Decrescente";"Ignorado";"Dupla";"Interseção de Vias";"Não";4;0;3;0;1;0;3;2;-25,03935712;-50,2767641;"SPRF-PR";"DEL03-PR";"UOP01-DEL03-PR"
296204;2020-07-18;"sábado";"19:00:00";"PB";104;132,4;"QUEIMADAS";"Falta de Atenção à Condução";"Colisão transversal";"Com Vítimas Feridas";"Plena Noite";"Crescente";"Nublado";"Simples";"Reta";"Sim";2;0;1;0;1;0;1;2;-7,30787596;-35,89344027;"SPRF-PB";"DEL02-PB";"UOP03-DEL02-PB"
296206;2020-07-18;"sábado";"15:00:00";"SC";280;95,2;"CORUPA";"Velocidade Incompatível";"Saída de leito carroçável";"Com Vítimas Feridas";"Pleno dia";"Decrescente";"Nevoeiro/Neblina";"Simples";"Curva";"Não";1;0;1;0;0;0;1;1;-26,37839479;-49,31732655;"SPRF-SC";"DEL06-SC";"UOP03-DEL06-SC"
296207;2020-07-18;"sábado";"17:45:00";"MA";10;236,4;"GOVERNADOR EDISON LOBAO";"Desobediência às normas de trânsito pelo condutor";"Colisão transversal";"Com Vítimas Feridas";"Anoitecer";"Decrescente";"Céu Claro";"Simples";"Reta";"Sim";3;0;1;0;1;1;1;3;-5,655617;-47,388985;"SPRF-MA";"DEL04-MA";"UOP01-DEL04-MA"
296208;2020-07-18;"sábado";"21:00:00";"CE";116;172,9;"RUSSAS";"Animais na Pista";"Queda de ocupante de veículo";"Com Vítimas Feridas";"Plena Noite";"Crescente";"Vento";"Simples";"Curva";"Não";3;0;1;2;0;0;3;2;-4,9974291;-38,04117988;"SPRF-CE";"DEL03-CE";"UOP01-DEL03-CE"
296209;2020-07-18;"sábado";"22:44:00";"SP";116;308,3;"SAO LOURENCO DA SERRA";"Falta de Atenção à Condução";"Atropelamento de Pedestre";"Com Vítimas Feridas";"Plena Noite";"Crescente";"Céu Claro";"Dupla";"Curva";"Sim";2;0;0;1;0;1;1;2;-23,86213995;-46,94718508;"SPRF-SP";"DEL04-SP";"UOP01-DEL04-SP"
296210;2020-07-18;"sábado";"20:50:00";"PR";476;144;"CURITIBA";"Falta de Atenção à Condução";"Saída de leito carroçável";"Com Vítimas Fatais";"Plena Noite";"Decrescente";"Céu Claro";"Dupla";"Curva";"Sim";1;1;0;0;0;0;0;1;-25,540603;-49,311282;"SPRF-PR";"DEL01-PR";"UOP06-DEL01-PR"
296211;2020-07-18;"sábado";"22:30:00";"PA";163;1002,5;"SANTAREM";"Falta de Atenção à Condução";"Colisão frontal";"Com Vítimas Feridas";"Plena Noite";"Crescente";"Céu Claro";"Simples";"Reta";"Não";2;0;1;0;1;0;1;2;-2,45567004;-54,72854541;"SPRF-PA";"DEL05-PA";"UOP01-DEL05-PA"
296212;2020-07-18;"sábado";"22:00:00";"CE";304;40;"ARACATI";"Falta de Atenção à Condução";"Saída de leito carroçável";"Com Vítimas Fatais";"Plena Noite";"Crescente";"Céu Claro";"Simples";"Reta";"Não";1;1;0;0;0;0;0;1;-4,57981795;-37,85152;"SPRF-CE";"DEL03-CE";"UOP03-DEL03-CE"
296214;2020-07-18;"sábado";"19:30:00";"PR";153;69,3;"CONSELHEIRO MAIRINCK";"Ingestão de Álcool";"Colisão frontal";"Com Vítimas Feridas";"Plena Noite";"Decrescente";"Céu Claro";"Simples";"Reta";"Não";3;0;2;1;0;0;3;2;-23,51588827;-50,11444921;"SPRF-PR";"DEL07-PR";"UOP04-DEL07-PR"
296216;2020-07-18;"sábado";"20:00:00";"RS";471;151,8;"SANTA CRUZ DO SUL";"Animais na Pista";"Atropelamento de Animal";"Com Vítimas Feridas";"Plena Noite";"Decrescente";"Céu Claro";"Simples";"Reta";"Não";2;0;1;0;1;0;1;1;-29,79154183;-52,40890872;"SPRF-RS";"DEL02-RS";"UOP03-DEL02-RS"
296217;2020-07-18;"sábado";"23:00:00";"PR";277;104;"CURITIBA";"Falta de Atenção à Condução";"Capotamento";"Com Vítimas Feridas";"Plena Noite";"Decrescente";"Ignorado";"Múltipla";"Aclive";"Sim";1;0;0;1;0;0;1;1;-25,49678798;-49,3426549;"SPRF-PR";"DEL01-PR";"UOP06-DEL01-PR"
296218;2020-07-18;"sábado";"20:00:00";"SC";101;305;"LAGUNA";"Desobediência às normas de trânsito pelo condutor";"Colisão transversal";"Com Vítimas Feridas";"Plena Noite";"Crescente";"Nublado";"Múltipla";"Reta";"Não";4;0;2;0;2;0;2;2;-28,39793507;-48,78420398;"SPRF-SC";"DEL02-SC";"UOP03-DEL02-SC"
296220;2020-07-15;"quarta-feira";"17:45:00";"RO";364;343,6;"JI-PARANA";"Falta de Atenção à Condução";"Colisão lateral";"Com Vítimas Feridas";"Anoitecer";"Decrescente";"Céu Claro";"Dupla";"Reta";"Sim";2;0;2;0;0;0;2;2;-10,87878519;-61,94499012;"SPRF-RO";"DEL02-RO";"UOP01-DEL02-RO"
296221;2020-07-18;"sábado";"18:30:00";"MA";316;618,5;"TIMON";"Falta de Atenção à Condução";"Colisão transversal";"Com Vítimas Feridas";"Plena Noite";"Decrescente";"Céu Claro";"Simples";"Reta";"Sim";3;0;1;1;1;0;2;2;-5,10733708;-42,82800078;"SPRF-MA";"DEL03-MA";"UOP02-DEL03-MA"
296222;2020-07-18;"sábado";"23:00:00";"PE";104;30,1;"TORITAMA";"Falta de Atenção à Condução";"Colisão transversal";"Com Vítimas Fatais";"Plena Noite";"Crescente";"Céu Claro";"Simples";"Reta";"Sim";3;1;0;2;0;0;2;2;-8,0137;-36,0565;"SPRF-PE";"DEL02-PE";"UOP01-DEL02-PE"
296223;2020-07-18;"sábado";"18:20:00";"SC";101;409,4;"ARARANGUA";"Falta de Atenção à Condução";"Colisão com objeto estático";"Com Vítimas Fatais";"Plena Noite";"Decrescente";"Céu Claro";"Simples";"Ponte";"Sim";1;1;0;0;0;0;0;1;-28,93695587;-49,49581146;"SPRF-SC";"DEL02-SC";"UOP02-DEL02-SC"
296224;2020-07-18;"sábado";"22:50:00";"SP";116;157;"SAO JOSE DOS CAMPOS";"Falta de Atenção à Condução";"Tombamento";"Com Vítimas Feridas";"Plena Noite";"Decrescente";"Céu Claro";"Dupla";"Aclive";"Sim";1;0;0;1;0;0;1;1;-23,25558031;-45,9437828;"SPRF-SP";"DEL02-SP";"UOP01-DEL02-SP"
296225;2020-07-19;"domingo";"00:05:00";"SP";116;146;"SAO JOSE DOS CAMPOS";"Falta de Atenção à Condução";"Colisão lateral";"Com Vítimas Feridas";"Plena Noite";"Decrescente";"Céu Claro";"Dupla";"Reta";"Sim";3;0;2;0;1;0;2;2;-23,19122919;-45,86327591;"SPRF-SP";"DEL02-SP";"UOP01-DEL02-SP"
296226;2020-07-18;"sábado";"23:45:00";"SC";282;0,8;"FLORIANOPOLIS";"Falta de Atenção do Pedestre";"Atropelamento de Pedestre";"Com Vítimas Feridas";"Plena Noite";"Crescente";"Nublado";"Dupla";"Aclive";"Sim";2;0;1;1;0;0;2;2;-27,602955;-48,580509;"SPRF-SC";"DEL01-SC";"UOP01-DEL01-SC"
296227;2020-07-18;"sábado";"17:45:00";"MS";163;316;"RIO BRILHANTE";"Não guardar distância de segurança";"Colisão traseira";"Com Vítimas Feridas";"Anoitecer";"Decrescente";"Céu Claro";"Simples";"Reta";"Não";2;0;2;0;0;0;2;2;-21,84371195;-54,53746389;"SPRF-MS";"DEL02-MS";"UOP02-DEL02-MS"
296228;2020-07-18;"sábado";"23:49:00";"SP";116;304;"SAO LOURENCO DA SERRA";"Falta de Atenção à Condução";"Capotamento";"Com Vítimas Feridas";"Plena Noite";"Decrescente";"Céu Claro";"Múltipla";"Curva";"Não";2;0;2;0;0;0;2;1;-23,835151;-46,92964497;"SPRF-SP";"DEL04-SP";"UOP01-DEL04-SP"
296229;2020-07-19;"domingo";"00:55:00";"RS";116;341;"BARRA DO RIBEIRO";"Falta de Atenção à Condução";"Colisão traseira";"Sem Vítimas";"Plena Noite";"Crescente";"Céu Claro";"Simples";"Reta";"Não";4;0;0;0;4;0;0;2;-30,46319597;-51,4939431;"SPRF-RS";"DEL02-RS";"UOP02-DEL02-RS"
296230;2020-07-19;"domingo";"01:00:00";"PR";376;1;"SAO JOSE DOS PINHAIS";"Ingestão de Álcool";"Colisão traseira";"Sem Vítimas";"Plena Noite";"Crescente";"Nevoeiro/Neblina";"Dupla";"Reta;Interseção de Vias";"Sim";4;0;0;0;3;1;0;3;-25,5307;-49,1958;"SPRF-PR";"DEL01-PR";"UOP01-DEL01-PR"
296231;2020-07-19;"domingo";"00:45:00";"SC";101;90,4;"BARRA VELHA";"Velocidade Incompatível";"Saída de leito carroçável";"Com Vítimas Feridas";"Plena Noite";"Decrescente";"Nublado";"Simples";"Curva";"Sim";2;0;2;0;0;0;2;1;-26,67263296;-48,69001687;"SPRF-SC";"DEL03-SC";"UOP02-DEL03-SC"
296232;2020-07-18;"sábado";"21:05:00";"SC";280;230,5;"CANOINHAS";"Sinalização da via insuficiente ou inadequada";"Colisão frontal";"Com Vítimas Fatais";"Plena Noite";"Decrescente";"Nevoeiro/Neblina";"Simples";"Reta";"Não";2;1;1;0;0;0;1;2;-26,211028;-50,448829;"SPRF-SC";"DEL06-SC";"UOP04-DEL06-SC"
296233;2020-07-18;"sábado";"23:20:00";"PR";153;111,3;"IBAITI";"Desobediência às normas de trânsito pelo condutor";"Colisão transversal";"Com Vítimas Feridas";"Plena Noite";"Crescente";"Céu Claro";"Simples";"Reta";"Não";2;0;0;1;1;0;1;2;-23,86125206;-50,19948581;"SPRF-PR";"DEL07-PR";"UOP04-DEL07-PR"