"id";"data_inversa";"dia_semana";"horario";"uf";"br";"km";"municipio";"causa_acidente";"tipo_acidente";"classificacao_acidente";"fase_dia";"sentido_via";"condicao_metereologica";"tipo_pista";"tracado_via";"uso_solo";"pessoas";"mortos";"feridos_leves";"feridos_graves";"ilesos";"ignorados";"feridos";"veiculos";"latitude";"longitude";"regional";"delegacia";"uop"
296344;2020-07-19;"domingo";"17:40:00";"CE";222;23;"CAUCAIA";"Ingestão de Álcool";"Colisão frontal";"Com Vítimas Feridas";"Anoitecer";"Decrescente";"Céu Claro";"Simples";"Reta;Declive;Em Obras";"Sim";2;0;0;1;1;0;1;2;-3,73178984;-38,75974197;"SPRF-CE";"DEL01-CE";"UOP01-DEL01-CE"
296345;2020-07-19;"domingo";"17:00:00";"MG";381;492;"BETIM";"Ingestão de álcool e/ou substâncias psicoativas pelo pedestre";"Colisão traseira";"Com Vítimas Feridas";"Plena Noite";"Decrescente";"Céu Claro";"Múltipla";"Reta";"Sim";4;0;3;0;1;0;3;2;-19,97490091;-44,19004301;"SPRF-MG";"DEL01-MG";"UOP03-DEL01-MG"
296347;2020-07-19;"domingo";"17:55:00";"PR";116;92;"PIRAQUARA";"Ingestão de Álcool";"Saída de leito carroçável";"Sem Vítimas";"Pleno dia";"Decrescente";"Céu Claro";"Dupla";"Retorno Regulamentado";"Não";1;0;0;0;1;0;0;1;-25,51324994;-49,1270112;"SPRF-PR";"DEL01-PR";"UOP01-DEL01-PR"
296348;2020-07-19;"domingo";"16:30:00";"PE";423;117,5;"PARANATAMA";"Não guardar distância de segurança";"Colisão traseira";"Com Vítimas Feridas";"Anoitecer";"Decrescente";"Chuva";"Simples";"Reta";"Não";3;0;1;0;2;0;1;2;-8,90662085;-36,66901104;"SPRF-PE";"DEL03-PE";"UOP01-DEL03-PE"
296349;2020-07-19;"domingo";"17:51:00";"SP";116;280;"EMBU DAS ARTES";"Ingestão de Álcool";"Capotamento";"Sem Vítimas";"Plena Noite";"Decrescente";"Céu Claro";"Dupla";"Reta";"Sim";1;0;0;0;1;0;0;1;-23,66996108;-46,85590758;"SPRF-SP";"DEL04-SP";"UOP01-DEL04-SP"
296350;2020-07-19;"domingo";"16:50:00";"RS";290;19;"SANTO ANTONIO DA PATRULHA";"Falta de Atenção à Condução";"Queda de ocupante de veículo";"Com Vítimas Feridas";"Pleno dia";"Crescente";"Céu Claro";"Dupla";"Reta";"Não";2;0;1;0;1;0;1;1;-29,884407;-50,444893;"SPRF-RS";"DEL03-RS";"UOP01-DEL03-RS"
296351;2020-07-19;"domingo";"16:45:00";"PR";376;130;"NOVA ESPERANCA";"Ingestão de Álcool";"Saída de leito carroçável";"Sem Vítimas";"Pleno dia";"Decrescente";"Céu Claro";"Dupla";"Reta";"Não";1;0;0;0;0;1;0;1;-23,171;-52,245;"SPRF-PR";"DEL09-PR";"UOP02-DEL09-PR"
296354;2020-07-19;"domingo";"18:20:00";"MG";381;492,5;"BETIM";"Desobediência às normas de trânsito pelo condutor";"Colisão traseira";"Com Vítimas Feridas";"Plena Noite";"Decrescente";"Céu Claro";"Dupla";"Reta";"Sim";3;0;1;0;2;0;1;3;-19,97490091;-44,19004301;"SPRF-MG";"DEL01-MG";"UOP03-DEL01-MG"
296355;2020-07-19;"domingo";"16:20:00";"PR";116;146;"MANDIRITUBA";"Falta de Atenção à Condução";"Colisão transversal";"Com Vítimas Feridas";"Anoitecer";"Crescente";"Céu Claro";"Simples";"Reta";"Não";4;0;1;0;3;0;1;2;-25,78172684;-49,32535079;"SPRF-PR";"DEL01-PR";"UOP03-DEL01-PR"
296356;2020-07-19;"domingo";"16:10:00";"SC";282;654,2;"SAO MIGUEL DO OESTE";"Desobediência às normas de trânsito pelo condutor";"Colisão lateral";"Com Vítimas Feridas";"Pleno dia";"Decrescente";"Céu Claro";"Simples";"Reta";"Não";4;0;4;0;0;0;4;2;-26,70812;-53,522144;"SPRF-SC";"DEL07-SC";"UOP03-DEL07-SC"
296357;2020-07-19;"domingo";"18:15:00";"RS";472;115,3;"BOA VISTA DO BURICA";"Desobediência às normas de trânsito pelo condutor";"Colisão transversal";"Com Vítimas Feridas";"Plena Noite";"Decrescente";"Céu Claro";"Simples";"Reta";"Sim";2;0;0;1;1;0;1;2;-27,67099527;-54,10441294;"SPRF-RS";"DEL10-RS";"UOP01-DEL10-RS"
296358;2020-07-19;"domingo";"16:35:00";"MG";116;771,7;"LEOPOLDINA";"Falta de Atenção à Condução";"Tombamento";"Com Vítimas Feridas";"Pleno dia";"Decrescente";"Céu Claro";"Simples";"Reta";"Não";1;0;0;1;0;0;1;1;-21,55638202;-42,67583002;"SPRF-MG";"DEL07-MG";"UOP01-DEL07-MG"
296364;2020-07-19;"domingo";"18:00:00";"RN";101;97;"NATAL";"Ingestão de Álcool";"Colisão traseira";"Sem Vítimas";"Plena Noite";"Decrescente";"Céu Claro";"Simples";"Reta";"Sim";4;0;0;0;4;0;0;4;-5,85758898;-35,21271205;"SPRF-RN";"DEL01-RN";"UOP01-DEL01-RN"
296366;2020-07-19;"domingo";"15:30:00";"SC";470;97,7;"APIUNA";"Falta de Atenção à Condução";"Colisão traseira";"Com Vítimas Feridas";"Pleno dia";"Decrescente";"Sol";"Simples";"Reta";"Sim";3;0;1;0;2;0;1;2;-27,031466;-49,384022;"SPRF-SC";"DEL04-SC";"UOP01-DEL04-SC"
296368;2020-07-19;"domingo";"16:35:00";"SC";282;618;"IRACEMINHA";"Falta de Atenção à Condução";"Colisão transversal";"Com Vítimas Feridas";"Pleno dia";"Decrescente";"Céu Claro";"Simples";"Reta";"Não";4;0;0;3;1;0;3;2;-26,788088;-53,293259;"SPRF-SC";"DEL07-SC";"UOP02-DEL07-SC"
296369;2020-07-19;"domingo";"19:00:00";"PE";423;79;"JUCATI";"Falta de Atenção do Pedestre";"Atropelamento de Pedestre";"Com Vítimas Fatais";"Plena Noite";"Crescente";"Chuva";"Simples";"Reta";"Sim";2;1;0;0;0;1;0;2;-8,75775101;-36,43052006;"SPRF-PE";"DEL03-PE";"UOP01-DEL03-PE"
296370;2020-07-19;"domingo";"18:00:00";"RS";470;232,6;"CARLOS BARBOSA";"Desobediência às normas de trânsito pelo condutor";"Colisão transversal";"Com Vítimas Feridas";"Plena Noite";"Decrescente";"Céu Claro";"Múltipla";"Interseção de Vias";"Não";2;0;0;1;1;0;1;2;-29,29851194;-51,4809913;"SPRF-RS";"DEL06-RS";"UOP01-DEL06-RS"
296372;2020-07-19;"domingo";"16:20:00";"RS";101;51,9;"TERRA DE AREIA";"Falta de Atenção à Condução";"Saída de leito carroçável";"Com Vítimas Feridas";"Pleno dia";"Crescente";"Céu Claro";"Dupla";"Reta";"Não";4;0;4;0;0;0;4;1;-29,61499714;-50,0915338;"SPRF-RS";"DEL03-RS";"UOP02-DEL03-RS"
296375;2020-07-19;"domingo";"18:50:00";"RS";116;230,5;"IVOTI";"Ultrapassagem Indevida";"Colisão transversal";"Com Vítimas Feridas";"Plena Noite";"Crescente";"Céu Claro";"Simples";"Reta";"Não";3;0;1;0;2;0;1;2;-29,62450406;-51,13449097;"SPRF-RS";"DEL01-RS";"UOP02-DEL01-RS"
296376;2020-07-19;"domingo";"19:20:00";"PE";232;168;"TACAIMBO";"Desobediência às normas de trânsito pelo condutor";"Colisão frontal";"Com Vítimas Fatais";"Plena Noite";"Crescente";"Chuva";"Simples";"Reta";"Não";3;1;0;1;1;0;1;2;-8,33986354;-36,32534101;"SPRF-PE";"DEL02-PE";"UOP03-DEL02-PE"
296377;2020-07-19;"domingo";"18:10:00";"DF";70;18,7;"BRASILIA";"Ingestão de Álcool";"Colisão traseira";"Sem Vítimas";"Anoitecer";"Crescente";"Céu Claro";"Dupla";"Retorno Regulamentado;Reta";"Não";5;0;0;0;5;0;0;2;-15,791093;-48,21096;"SPRF-DF";"DEL03-DF";"UOP02-DEL03-DF"
296381;2020-07-19;"domingo";"19:10:00";"MG";381;591,5;"CARMOPOLIS DE MINAS";"Falta de Atenção à Condução";"Queda de ocupante de veículo";"Com Vítimas Feridas";"Plena Noite";"Decrescente";"Nublado";"Dupla";"Reta";"Não";1;0;0;1;0;0;1;1;-20,57257068;-44,68042133;"SPRF-MG";"DEL04-MG";"UOP01-DEL04-MG"
296382;2020-07-19;"domingo";"19:10:00";"PR";116;129;"FAZENDA RIO GRANDE";"Falta de Atenção à Condução";"Queda de ocupante de veículo";"Com Vítimas Feridas";"Plena Noite";"Crescente";"Céu Claro";"Dupla";"Interseção de Vias";"Sim";2;0;1;0;0;1;1;2;-25,63027814;-49,31381255;"SPRF-PR";"DEL01-PR";"UOP03-DEL01-PR"
296384;2020-07-19;"domingo";"19:15:00";"PE";116;15;"SALGUEIRO";"Ingestão de Álcool";"Saída de leito carroçável";"Com Vítimas Feridas";"Plena Noite";"Crescente";"Céu Claro";"Simples";"Curva";"Não";2;0;0;2;0;0;2;1;-7,96973;-39,134618;"SPRF-PE";"DEL05-PE";"UOP01-DEL05-PE"
296385;2020-07-19;"domingo";"18:30:00";"MG";40;566;"NOVA LIMA";"Falta de Atenção à Condução";"Colisão traseira";"Sem Vítimas";"Plena Noite";"Decrescente";"Céu Claro";"Simples";"Aclive;Reta";"Não";3;0;0;0;3;0;0;3;-20,17884905;-43,96636352;"SPRF-MG";"DEL01-MG";"UOP02-DEL01-MG"
296388;2020-07-19;"domingo";"18:48:00";"RS";285;285,6;"PASSO FUNDO";"Defeito Mecânico no Veículo";"Tombamento";"Com Vítimas Feridas";"Anoitecer";"Crescente";"Céu Claro";"Simples";"Reta";"Não";2;0;2;0;0;0;2;1;-28,24577;-52,299809;"SPRF-RS";"DEL08-RS";"UOP03-DEL08-RS"
296389;2020-07-19;"domingo";"19:23:00";"DF";60;2,8;"BRASILIA";"Falta de Atenção à Condução";"Colisão traseira";"Com Vítimas Feridas";"Plena Noite";"Decrescente";"Céu Claro";"Dupla";"Reta";"Sim";3;0;1;0;2;0;1;2;-15,887383;-48,077988;"SPRF-DF";"DEL03-DF";"UOP01-DEL03-DF"
296390;2020-07-19;"domingo";"20:30:00";"PB";230;25;"JOAO PESSOA";"Falta de Atenção à Condução";"Colisão com objeto estático";"Sem Vítimas";"Plena Noite";"Decrescente";"Chuva";"Dupla";"Reta";"Sim";1;0;0;0;1;0;0;1;-7,1707;-34,8684;"SPRF-PB";"DEL01-PB";"UOP01-DEL01-PB"
296391;2020-07-19;"domingo";"20:00:00";"ES";262;5,2;"CARIACICA";"Falta de Atenção à Condução";"Engavetamento";"Sem Vítimas";"Plena Noite";"Decrescente";"Céu Claro";"Múltipla";"Reta";"Sim";3;0;0;0;3;0;0;3;-20,33707281;-40,38649924;"SPRF-ES";"DEL01-ES";"UOP01-DEL01-ES"
296392;2020-07-19;"domingo";"18:10:00";"PR";163;68,3;"PEROLA DOESTE";"Falta de Atenção à Condução";"Saída de leito carroçável";"Com Vítimas Feridas";"Anoitecer";"Crescente";"Céu Claro";"Simples";"Reta";"Não";1;0;1;0;0;0;1;1;-25,84311657;-53,75176333;"SPRF-PR";"DEL02-PR";"UOP02-DEL02-PR"
296393;2020-07-19;"domingo";"16:05:00";"MA";316;605,3;"TIMON";"Falta de Atenção à Condução";"Colisão lateral";"Com Vítimas Feridas";"Pleno dia";"Crescente";"Céu Claro";"Simples";"Reta";"Não";3;0;0;1;2;0;1;2;-5,047525;-42,915745;"SPRF-MA";"DEL03-MA";"UOP02-DEL03-MA"
296396;2020-07-19;"domingo";"19:30:00";"GO";70;7;"AGUAS LINDAS DE GOIAS";"Ingestão de Álcool";"Saída de leito carroçável";"Sem Vítimas";"Plena Noite";"Crescente";"Céu Claro";"Dupla";"Reta";"Sim";2;0;0;0;2;0;0;1;-15,74375533;-48,26779708;"SPRF-DF";"DEL03-DF";"UOP02-DEL03-DF"
296397;2020-07-19;"domingo";"17:30:00";"MT";364;56;"ALTO GARCAS";"Falta de Atenção do Pedestre";"Atropelamento de Pedestre";"Sem Vítimas";"Anoitecer";"Crescente";"Céu Claro";"Simples";"Reta";"Sim";1;0;0;0;1;0;0;1;-16,95268297;-53,52608392;"SPRF-MT";"DEL02-MT";"UOP02-DEL02-MT"
296398;2020-07-19;"domingo";"20:40:00";"PE";232;15,3;"JABOATAO DOS GUARARAPES";"Velocidade Incompatível";"Capotamento";"Com Vítimas Feridas";"Plena Noite";"Decrescente";"Garoa/Chuvisco";"Dupla";"Reta";"Não";2;0;1;0;0;1;1;1;-8,091813;-35,029435;"SPRF-PE";"DEL01-PE";"UOP01-DEL01-PE"
296399;2020-07-19;"domingo";"15:00:00";"MT";174;14;"PONTES E LACERDA";"Falta de Atenção à Condução";"Saída de leito carroçável";"Sem Vítimas";"Pleno dia";"Crescente";"Céu Claro";"Simples";"Reta";"Não";1;0;0;0;0;1;0;1;-15,20104261;-59,40925598;"SPRF-MT";"DEL03-MT";"UOP01-DEL03-MT"
296401;2020-07-19;"domingo";"19:00:00";"GO";20;25,3;"FORMOSA";"Defeito na Via";"Saída de leito carroçável";"Com Vítimas Feridas";"Plena Noite";"Decrescente";"Ignorado";"Simples";"Em Obras";"Não";5;0;1;0;4;0;1;1;-15,536159;-47,134621;"SPRF-DF";"DEL02-DF";"UOP01-DEL02-DF"
296402;2020-07-19;"domingo";"18:20:00";"BA";116;813,1;"VITORIA DA CONQUISTA";"Falta de Atenção à Condução";"Colisão traseira";"Com Vítimas Feridas";"Plena Noite";"Crescente";"Céu Claro";"Simples";"Reta";"Não";2;0;1;0;1;0;1;2;-14,764626;-40,70569;"SPRF-BA";"DEL08-BA";"UOP01-DEL08-BA"
296403;2020-07-19;"domingo";"20:30:00";"RJ";393;133;"SAPUCAIA";"Desobediência às normas de trânsito pelo condutor";"Colisão frontal";"Com Vítimas Feridas";"Plena Noite";"Crescente";"Céu Claro";"Simples";"Reta";"Sim";2;0;1;0;1;0;1;2;-21,9787375;-42,89119628;"SPRF-RJ";"DEL05-RJ";"UOP01-DEL05-RJ"
296404;2020-07-19;"domingo";"20:00:00";"MG";40;469;"SETE LAGOAS";"Carga excessiva e/ou mal acondicionada";"Derramamento de carga";"Sem Vítimas";"Plena Noite";"Crescente";"Céu Claro";"Dupla";"Reta";"Não";3;0;0;0;3;0;0;2;-19,46099279;-44,30121988;"SPRF-MG";"DEL02-MG";"UOP01-DEL02-MG"
296405;2020-07-19;"domingo";"20:30:00";"SE";101;202;"CRISTINAPOLIS";"Ingestão de Álcool";"Danos eventuais";"Com Vítimas Feridas";"Plena Noite";"Crescente";"Céu Claro";"Simples";"Reta;Declive;Em Obras;Desvio Temporário";"Não";2;0;1;1;0;0;2;1;-11,4968367;-37,78079941;"SPRF-SE";"DEL02-SE";"UOP03-DEL02-SE"
296407;2020-07-19;"domingo";"18:30:00";"MT";364;249;"JUSCIMEIRA";"Falta de Atenção à Condução";"Queda de ocupante de veículo";"Com Vítimas Feridas";"Plena Noite";"Decrescente";"Céu Claro";"Dupla";"Reta";"Não";1;0;1;0;0;0;1;1;-16,12531599;-54,84578799;"SPRF-MT";"DEL02-MT";"UOP01-DEL02-MT"
296408;2020-07-19;"domingo";"21:15:00";"RN";304;41;"MOSSORO";"Falta de Atenção à Condução";"Colisão traseira";"Com Vítimas Feridas";"Plena Noite";"Crescente";"Céu Claro";"Dupla";"Reta";"Sim";5;0;1;2;2;0;3;2;-5,20786528;-37,37523079;"SPRF-RN";"DEL04-RN";"UOP01-DEL04-RN"
296409;2020-07-19;"domingo";"20:45:00";"RJ";40;105;"DUQUE DE CAXIAS";"Falta de Atenção do Pedestre";"Atropelamento de Pedestre";"Com Vítimas Feridas";"Plena Noite";"Crescente";"Céu Claro";"Múltipla";"Declive";"Sim";2;0;0;1;1;0;1;2;-22,63784806;-43,28428824;"SPRF-RJ";"DEL01-RJ";"UOP01-DEL01-RJ"
296410;2020-07-19;"domingo";"20:40:00";"PR";369;165;"CAMBE";"Defeito Mecânico no Veículo";"Incêndio";"Sem Vítimas";"Plena Noite";"Decrescente";"Céu Claro";"Dupla";"Reta";"Sim";1;0;0;0;1;0;0;1;-23,2953621028;-51,2924151588;"SPRF-PR";"DEL07-PR";"UOP01-DEL07-PR"
296411;2020-07-19;"domingo";"21:20:00";"BA";135;171;"BARREIRAS";"Falta de Atenção à Condução";"Saída de leito carroçável";"Com Vítimas Feridas";"Plena Noite";"Decrescente";"Céu Claro";"Simples";"Reta";"Não";4;0;1;0;3;0;1;1;-12,09737645;-44,97604138;"SPRF-BA";"DEL10-BA";"UOP01-DEL10-BA"
296413;2020-07-19;"domingo";"21:00:00";"DF";60;0,6;"BRASILIA";"Ingestão de Álcool";"Capotamento";"Sem Vítimas";"Plena Noite";"Crescente";"Céu Claro";"Simples";"Retorno Regulamentado";"Sim";1;0;0;0;0;1;0;1;-15,882499;-48,060212;"SPRF-DF";"DEL03-DF";"UOP01-DEL03-DF"
296414;2020-07-19;"domingo";"20:50:00";"MS";60;591;"JARDIM";"Desobediência às normas de trânsito pelo condutor";"Colisão transversal";"Sem Vítimas";"Plena Noite";"Crescente";"Ignorado";"Simples";"Reta";"Sim";3;0;0;0;0;3;0;2;-21,482;-56,1417;"SPRF-MS";"DEL05-MS";"UOP01-DEL05-MS"
296415;2020-07-19;"domingo";"20:29:00";"SC";280;88;"CORUPA";"Falta de Atenção à Condução";"Atropelamento de Pedestre";"Com Vítimas Feridas";"Plena Noite";"Crescente";"Nevoeiro/Neblina";"Simples";"Reta";"Não";2;0;0;1;0;1;1;2;-26,41552007;-49,26717599;"SPRF-SC";"DEL06-SC";"UOP03-DEL06-SC"
296416;2020-07-19;"domingo";"20:50:00";"RS";472;539;"URUGUAIANA";"Não guardar distância de segurança";"Engavetamento";"Com Vítimas Feridas";"Plena Noite";"Crescente";"Céu Claro";"Simples";"Reta";"Não";3;0;1;0;2;0;1;3;-29,52607686;-56,76219204;"SPRF-RS";"DEL13-RS";"UOP01-DEL13-RS"
296417;2020-07-19;"domingo";"18:25:00";"MG";116;653,1;"FERVEDOURO";"Falta de Atenção à Condução";"Colisão frontal";"Com Vítimas Feridas";"Plena Noite";"Decrescente";"Céu Claro";"Simples";"Reta;Interseção de Vias";"Sim";2;0;0;1;1;0;1;2;-20,74345502;-42,28632781;"SPRF-MG";"DEL07-MG";"UOP03-DEL07-MG"
296418;2020-07-19;"domingo";"22:15:00";"MG";262;367;"JUATUBA";"Falta de Atenção à Condução";"Colisão traseira";"Com Vítimas Feridas";"Plena Noite";"Decrescente";"Céu Claro";"Simples";"Reta";"Não";4;0;2;0;2;0;2;2;-19,97238077;-44,29893494;"SPRF-MG";"DEL01-MG";"UOP03-DEL01-MG"
296419;2020-07-19;"domingo";"20:45:00";"PI";343;291;"ALTOS";"Falta de Atenção à Condução";"Queda de ocupante de veículo";"Com Vítimas Feridas";"Plena Noite";"Crescente";"Céu Claro";"Simples";"Reta";"Não";1;0;1;0;0;0;1;1;-4,952586;-42,353409;"SPRF-PI";"DEL01-PI";"UOP03-DEL01-PI"
296420;2020-07-19;"domingo";"22:25:00";"GO";40;2;"VALPARAISO DE GOIAS";"Condutor Dormindo";"Saída de leito carroçável";"Com Vítimas Feridas";"Plena Noite";"Crescente";"Céu Claro";"Dupla";"Reta";"Sim";1;0;1;0;0;0;1;1;-16,067129;-47,984235;"SPRF-DF";"DEL01-DF";"UOP01-DEL01-DF"
296421;2020-07-19;"domingo";"21:30:00";"MG";40;41;"PARACATU";"Falta de Atenção à Condução";"Saída de leito carroçável";"Com Vítimas Feridas";"Anoitecer";"Crescente";"Céu Claro";"Simples";"Reta";"Não";1;0;1;0;0;0;1;1;-17,21271307;-46,87295209;"SPRF-MG";"DEL14-MG";"UOP01-DEL14-MG"
296422;2020-07-19;"domingo";"16:45:00";"RJ";40;51;"PETROPOLIS";"Velocidade Incompatível";"Colisão com objeto estático";"Sem Vítimas";"Plena Noite";"Crescente";"Céu Claro";"Simples";"Curva";"Não";2;0;0;0;2;0;0;1;-22,32705315;-43,13253559;"SPRF-RJ";"DEL05-RJ";"UOP02-DEL05-RJ"
296423;2020-07-19;"domingo";"21:55:00";"RJ";101;100;"CAMPOS DOS GOYTACAZES";"Desobediência às normas de trânsito pelo condutor";"Capotamento";"Com Vítimas Feridas";"Plena Noite";"Decrescente";"Céu Claro";"Dupla";"Reta";"Não";3;0;1;0;2;0;1;2;-21,88111458;-41,59066116;"SPRF-RJ";"DEL08-RJ";"UOP02-DEL08-RJ"
296424;2020-07-19;"domingo";"18:50:00";"SC";282;26,6;"SANTO AMARO DA IMPERATRIZ";"Falta de Atenção à Condução";"Colisão transversal";"Com Vítimas Feridas";"Plena Noite";"Crescente";"Céu Claro";"Simples";"Reta";"Não";8;0;6;1;0;1;7;3;-27,680267;-48,762482;"SPRF-SC";"DEL01-SC";"UOP03-DEL01-SC"
296425;2020-07-19;"domingo";"19:00:00";"PA";10;254,6;"AURORA DO PARA";"Deficiência ou não Acionamento do Sistema de Iluminação/Sinalização do Veículo";"Colisão traseira";"Com Vítimas Fatais";"Plena Noite";"Crescente";"Céu Claro";"Simples";"Declive";"Não";3;1;1;0;1;0;1;2;-2,21356299;-47,56207843;"SPRF-PA";"DEL02-PA";"UOP01-DEL02-PA"
296427;2020-07-19;"domingo";"18:45:00";"TO";153;138;"ARAGUAINA";"Falta de Atenção à Condução";"Colisão traseira";"Com Vítimas Feridas";"Anoitecer";"Decrescente";"Céu Claro";"Dupla";"Aclive;Reta";"Não";2;0;0;1;0;1;1;2;-7,15509994;-48,20416232;"SPRF-TO";"DEL02-TO";"UOP01-DEL02-TO"
296428;2020-07-19;"domingo";"19:40:00";"TO";153;139;"ARAGUAINA";"Desobediência às normas de trânsito pelo condutor";"Colisão frontal";"Com Vítimas Feridas";"Plena Noite";"Decrescente";"Céu Claro";"Múltipla";"Reta";"Não";2;0;2;0;0;0;2;2;-7,16325275;-48,20698926;"SPRF-TO";"DEL02-TO";"UOP01-DEL02-TO"
296429;2020-07-19;"domingo";"22:50:00";"SC";282;2,5;"FLORIANOPOLIS";"Falta de Atenção do Pedestre";"Atropelamento de Pedestre";"Com Vítimas Fatais";"Plena Noite";"Crescente";"Céu Claro";"Dupla";"Reta";"Sim";2;1;0;0;1;0;0;2;-27,60305714;-48,59326959;"SPRF-SC";"DEL01-SC";"UOP01-DEL01-SC"
296430;2020-07-19;"domingo";"22:00:00";"PE";232;55,9;"POMBOS";"Condutor Dormindo";"Saída de leito carroçável";"Com Vítimas Fatais";"Plena Noite";"Crescente";"Céu Claro";"Dupla";"Reta";"Não";1;1;0;0;0;0;0;1;-8,137389;-35,373027;"SPRF-PE";"DEL02-PE";"UOP02-DEL02PE"
296433;2020-07-19;"domingo";"23:05:00";"PA";316;88;"SAO FRANCISCO DO PARA";"Desobediência às normas de trânsito pelo condutor";"Colisão transversal";"Com Vítimas Feridas";"Plena Noite";"Crescente";"Céu Claro";"Simples";"Reta";"Não";5;0;1;0;4;0;1;2;-1,31634977;-47,70955196;"SPRF-PA";"DEL01-PA";"UOP02-DEL01-PA"
296434;2020-07-19;"domingo";"20:30:00";"PE";232;510;"SALGUEIRO";"Ingestão de Álcool";"Colisão frontal";"Com Vítimas Fatais";"Plena Noite";"Decrescente";"Céu Claro";"Simples";"Reta";"Sim";3;1;0;1;0;1;1;2;-8,067472;-39,13817;"SPRF-PE";"DEL05-PE";"UOP01-DEL05-PE"
296435;2020-07-19;"domingo";"23:40:00";"PE";408;74,2;"PAUDALHO";"Desobediência às normas de trânsito pelo condutor";"Colisão frontal";"Com Vítimas Fatais";"Plena Noite";"Crescente";"Nublado";"Múltipla";"Reta";"Sim";3;1;2;0;0;0;2;2;-7,900035;-35,173148;"SPRF-PE";"DEL01-PE";"UOP01-DEL01-PE"
296436;2020-07-19;"domingo";"08:00:00";"RJ";393;106;"SAPUCAIA";"Falta de Atenção do Pedestre";"Queda de ocupante de veículo";"Com Vítimas Feridas";"Pleno dia";"Decrescente";"Céu Claro";"Simples";"Reta";"Não";2;0;1;0;1;0;1;1;-21,87764485;-42,67025797;"SPRF-RJ";"DEL05-RJ";"UOP01-DEL05-RJ"
296438;2020-07-19;"domingo";"21:00:00";"MT";163;1063;"GUARANTA DO NORTE";"Ingestão de Álcool";"Colisão traseira";"Com Vítimas Feridas";"Pleno dia";"Crescente";"Céu Claro";"Simples";"Reta";"Não";2;0;0;1;1;0;1;2;-9,970879;-54,905446;"SPRF-MT";"DEL06-MT";"NPF/DEL06-MT"
296439;2020-07-20;"segunda-feira";"00:10:00";"CE";116;30;"AQUIRAZ";"Animais na Pista";"Atropelamento de Animal";"Com Vítimas Feridas";"Plena Noite";"Decrescente";"Céu Claro";"Dupla";"Reta";"Não";1;0;1;0;0;0;1;1;-4,01095;-38,518024;"SPRF-CE";"DEL01-CE";"UOP02-DEL01-CE"
296440;2020-07-19;"domingo";"22:48:00";"RJ";493;86;"SEROPEDICA";"Falta de Atenção à Condução";"Colisão frontal";"Com Vítimas Fatais";"Plena Noite";"Crescente";"Nublado";"Dupla";"Reta";"Não";6;1;0;0;5;0;0;2;-22,65861108;-43,61804008;"SPRF-RJ";"DEL01-RJ";"UOP03-DEL01-RJ"
296442;2020-07-19;"domingo";"22:40:00";"MS";163;574;"BANDEIRANTES";"Falta de Atenção à Condução";"Saída de leito carroçável";"Com Vítimas Feridas";"Plena Noite";"Decrescente";"Céu Claro";"Simples";"Reta";"Não";1;0;1;0;0;0;1;1;-19,69581101;-54,35067253;"SPRF-MS";"DEL06-MS";"UOP02-DEL06-MS"
296444;2020-07-19;"domingo";"22:55:00";"RO";319;60,9;"PORTO VELHO";"Ingestão de Álcool";"Colisão com objeto estático";"Sem Vítimas";"Plena Noite";"Crescente";"Céu Claro";"Dupla";"Rotatória";"Sim";1;0;0;0;1;0;0;1;-8,73973696;-63,89026165;"SPRF-RO";"DEL01-RO";"UOP01-DEL01-RO"
296447;2020-07-19;"domingo";"23:00:00";"PR";476;278,4;"SAO MATEUS DO SUL";"Falta de Atenção à Condução";"Colisão com objeto estático";"Com Vítimas Feridas";"Plena Noite";"Decrescente";"Nevoeiro/Neblina";"Simples";"Reta";"Sim";3;0;2;0;0;1;2;1;-25,868753;-50,396477;"SPRF-PR";"DEL02-PR";"UOP04-DEL02-PR"
296450;2020-07-20;"segunda-feira";"01:55:00";"ES";101;315;"VILA VELHA";"Animais na Pista";"Queda de ocupante de veículo";"Com Vítimas Feridas";"Plena Noite";"Crescente";"Céu Claro";"Simples";"Reta";"Não";1;0;0;1;0;0;1;1;-20,46976694;-40,46795209;"SPRF-ES";"DEL01-ES";"UOP01-DEL01-ES"
296451;2020-07-20;"segunda-feira";"01:40:00";"SP";116;269;"TABOAO DA SERRA";"Falta de Atenção à Condução";"Colisão com objeto estático";"Com Vítimas Feridas";"Plena Noite";"Decrescente";"Céu Claro";"Múltipla";"Reta";"Sim";3;0;2;0;1;0;2;1;-23,60833189;-46,75386429;"SPRF-SP";"DEL04-SP";"UOP01-DEL04-SP"
296452;2020-07-20;"segunda-feira";"03:10:00";"RS";290;482,2;"ROSARIO DO SUL";"Desobediência às normas de trânsito pelo condutor";"Colisão frontal";"Com Vítimas Fatais";"Plena Noite";"Decrescente";"Céu Claro";"Simples";"Reta";"Sim";7;2;4;1;0;0;5;2;-30,241802;-54,940495;"SPRF-RS";"DEL11-RS";"UOP02-DEL11-RS"
296453;2020-07-20;"segunda-feira";"03:30:00";"ES";101;290;"CARIACICA";"Ingestão de Álcool";"Queda de ocupante de veículo";"Com Vítimas Feridas";"Plena Noite";"Decrescente";"Céu Claro";"Dupla";"Curva";"Sim";2;0;1;1;0;0;2;1;-20,28927747;-40,39181575;"SPRF-ES";"DEL01-ES";"UOP01-DEL01-ES"