"id";"data_inversa";"dia_semana";"horario";"uf";"br";"km";"municipio";"causa_acidente";"tipo_acidente";"classificacao_acidente";"fase_dia";"sentido_via";"condicao_metereologica";"tipo_pista";"tracado_via";"uso_solo";"pessoas";"mortos";"feridos_leves";"feridos_graves";"ilesos";"ignorados";"feridos";"veiculos";"latitude";"longitude";"regional";"delegacia";"uop"
296455;2020-07-20;"segunda-feira";"02:30:00";"RO";319;60,9;"PORTO VELHO";"Desobediência às normas de trânsito pelo condutor";"Colisão com objeto estático";"Sem Vítimas";"Plena Noite";"Crescente";"Céu Claro";"Dupla";"Rotatória";"Sim";1;0;0;0;0;1;0;1;-8,766685;-63,884052;"SPRF-RO";"DEL01-RO";"UOP01-DEL01-RO"
296457;2020-07-19;"domingo";"16:30:00";"RJ";356;164;"CAMPOS DOS GOYTACAZES";"Falta de Atenção à Condução";"Saída de leito carroçável";"Com Vítimas Feridas";"Anoitecer";"Decrescente";"Céu Claro";"Simples";"Curva";"Não";2;0;1;0;1;0;1;1;-21,71454366;-41,13114475;"SPRF-RJ";"DEL08-RJ";"UOP02-DEL08-RJ"
296458;2020-07-20;"segunda-feira";"04:30:00";"PR";277;346;"GUARAPUAVA";"Animais na Pista";"Atropelamento de Animal";"Com Vítimas Feridas";"Plena Noite";"Crescente";"Céu Claro";"Simples";"Reta";"Sim";1;0;1;0;0;0;1;1;-25,33928412;-51,42880296;"SPRF-PR";"DEL08-PR";"UOP01-DEL08-PR"
296459;2020-07-19;"domingo";"21:25:00";"CE";222;310;"TIANGUA";"Defeito na Via";"Saída de leito carroçável";"Com Vítimas Feridas";"Plena Noite";"Crescente";"Céu Claro";"Simples";"Em Obras";"Sim";1;0;1;0;0;0;1;1;-3,70670595;-40,97707006;"SPRF-CE";"DEL04-CE";"UOP02-DEL04-CE"
296462;2020-07-20;"segunda-feira";"05:40:00";"MG";365;156,8;"PIRAPORA";"Animais na Pista";"Atropelamento de Animal";"Com Vítimas Fatais";"Amanhecer";"Crescente";"Céu Claro";"Simples";"Reta";"Não";1;1;0;0;0;0;0;1;-17,30917955;-44,8951149;"SPRF-MG";"DEL12-MG";"UOP01-DEL12-MG"
296464;2020-07-19;"domingo";"14:30:00";"RO";364;1072,5;"PORTO VELHO";"Falta de Atenção à Condução";"Colisão frontal";"Com Vítimas Fatais";"Pleno dia";"Decrescente";"Sol";"Simples";"Reta";"Não";3;1;0;1;0;1;1;2;-9,747273;-66,624169;"SPRF-RO";"DEL01-RO";"UOP03-DEL01-RO"
296467;2020-07-20;"segunda-feira";"07:05:00";"RS";116;112,6;"SAO MARCOS";"Desobediência às normas de trânsito pelo condutor";"Colisão transversal";"Com Vítimas Feridas";"Pleno dia";"Decrescente";"Céu Claro";"Simples";"Interseção de Vias";"Sim";2;0;1;0;0;1;1;2;-28,94827931;-51,08170135;"SPRF-RS";"DEL05-RS";"UOP01-DEL05-RS"
296468;2020-07-20;"segunda-feira";"06:20:00";"PE";232;99,9;"BEZERROS";"Condutor Dormindo";"Saída de leito carroçável";"Com Vítimas Feridas";"Pleno dia";"Crescente";"Céu Claro";"Dupla";"Reta";"Sim";1;0;1;0;0;0;1;1;-8,2367277;-35,73401605;"SPRF-PE";"DEL02-PE";"UOP02-DEL02PE"
296469;2020-07-20;"segunda-feira";"07:10:00";"RN";101;82;"SAO GONCALO DO AMARANTE";"Não guardar distância de segurança";"Colisão traseira";"Com Vítimas Feridas";"Pleno dia";"Decrescente";"Céu Claro";"Dupla";"Reta";"Sim";2;0;1;0;1;0;1;2;-5,76791511;-35,27456305;"SPRF-RN";"DEL02-RN";"UOP01-DEL02-RN"
296471;2020-07-20;"segunda-feira";"07:00:00";"DF";20;38,8;"BRASILIA";"Falta de Atenção à Condução";"Saída de leito carroçável";"Com Vítimas Feridas";"Amanhecer";"Crescente";"Céu Claro";"Dupla";"Reta";"Não";1;0;1;0;0;0;1;1;-15,581634;-47,531307;"SPRF-DF";"DEL02-DF";"UOP01-DEL02-DF"
296472;2020-07-20;"segunda-feira";"07:00:00";"RS";470;211,2;"BENTO GONCALVES";"Falta de Atenção à Condução";"Colisão lateral";"Com Vítimas Feridas";"Pleno dia";"Crescente";"Céu Claro";"Simples";"Curva";"Não";2;0;0;1;1;0;1;2;-29,12453775;-51,54360394;"SPRF-RS";"DEL06-RS";"UOP01-DEL06-RS"
296473;2020-07-20;"segunda-feira";"06:30:00";"PR";116;120,7;"CURITIBA";"Falta de Atenção à Condução";"Engavetamento";"Sem Vítimas";"Amanhecer";"Decrescente";"Nevoeiro/Neblina";"Dupla";"Reta;Declive";"Sim";3;0;0;0;2;1;0;3;-25,59168454;-49,31539536;"SPRF-PR";"DEL01-PR";"UOP03-DEL01-PR"
296474;2020-07-20;"segunda-feira";"07:31:00";"SE";101;93;"NOSSA SENHORA DO SOCORRO";"Desobediência às normas de trânsito pelo condutor";"Colisão lateral";"Com Vítimas Feridas";"Pleno dia";"Crescente";"Céu Claro";"Dupla";"Reta";"Sim";3;0;2;0;1;0;2;2;-10,90212319;-37,14494787;"SPRF-SE";"DEL01-SE";"UOP01-DEL01-SE"
296475;2020-07-20;"segunda-feira";"07:50:00";"RS";116;263;"CANOAS";"Falta de Atenção à Condução";"Colisão lateral";"Com Vítimas Feridas";"Pleno dia";"Crescente";"Céu Claro";"Dupla";"Reta";"Sim";4;0;1;0;3;0;1;2;-29,90545398;-51,17674031;"SPRF-RS";"DEL01-RS";"UOP01-DEL01-RS"
296476;2020-07-20;"segunda-feira";"07:40:00";"PR";277;120;"CAMPO LARGO";"Falta de Atenção à Condução";"Saída de leito carroçável";"Com Vítimas Feridas";"Pleno dia";"Decrescente";"Céu Claro";"Simples";"Reta";"Sim";1;0;1;0;0;0;1;1;-25,451612;-49,538505;"SPRF-PR";"DEL01-PR";"UOP03-DEL03-PR"
296477;2020-07-20;"segunda-feira";"07:30:00";"DF";70;12;"BRASILIA";"Falta de Atenção à Condução";"Colisão traseira";"Com Vítimas Feridas";"Pleno dia";"Decrescente";"Céu Claro";"Dupla";"Reta";"Sim";3;0;1;0;2;0;1;2;-15,792243;-48,158543;"SPRF-DF";"DEL03-DF";"UOP02-DEL03-DF"
296478;2020-07-20;"segunda-feira";"07:50:00";"PR";376;4;"APUCARANA";"Falta de Atenção à Condução";"Colisão transversal";"Com Vítimas Feridas";"Pleno dia";"Crescente";"Céu Claro";"Simples";"Reta";"Sim";2;0;2;0;0;0;2;2;-23,5513;-51,461266;"SPRF-PR";"DEL07-PR";"UOP03-DEL07-PR"
296479;2020-07-20;"segunda-feira";"08:10:00";"RJ";116;171;"SAO JOAO DE MERITI";"Desobediência às normas de trânsito pelo condutor";"Colisão lateral";"Com Vítimas Feridas";"Pleno dia";"Crescente";"Céu Claro";"Múltipla";"Reta";"Não";2;0;1;0;1;0;1;2;-22,8060415;-43,34289573;"SPRF-RJ";"DEL01-RJ";"UOP02-DEL01-RJ"
296481;2020-07-20;"segunda-feira";"08:00:00";"SE";101;86;"NOSSA SENHORA DO SOCORRO";"Falta de Atenção à Condução";"Saída de leito carroçável";"Com Vítimas Feridas";"Pleno dia";"Decrescente";"Céu Claro";"Dupla";"Reta";"Não";3;0;2;0;1;0;2;1;-10,85236473;-37,13618222;"SPRF-SE";"DEL01-SE";"UOP01-DEL01-SE"
296483;2020-07-20;"segunda-feira";"06:30:00";"MA";135;6;"SAO LUIS";"Falta de Atenção à Condução";"Saída de leito carroçável";"Sem Vítimas";"Amanhecer";"Crescente";"Céu Claro";"Dupla";"Reta";"Sim";1;0;0;0;1;0;0;1;-2,62877986;-44,26321818;"SPRF-MA";"DEL01-MA";"UOP01-DEL01-MA"
296484;2020-07-20;"segunda-feira";"06:00:00";"SC";282;119,5;"BOM RETIRO";"Animais na Pista";"Atropelamento de Animal";"Sem Vítimas";"Amanhecer";"Crescente";"Nublado";"Simples";"Reta";"Não";2;0;0;0;2;0;0;2;-27,792959;-49,415504;"SPRF-SC";"DEL05-SC";"UOP01-DEL05-SC"
296487;2020-07-20;"segunda-feira";"08:50:00";"RN";101;97;"NATAL";"Não guardar distância de segurança";"Colisão traseira";"Com Vítimas Feridas";"Pleno dia";"Decrescente";"Nublado";"Múltipla";"Reta";"Não";2;0;0;1;1;0;1;2;-5,85758898;-35,21271205;"SPRF-RN";"DEL01-RN";"UOP01-DEL01-RN"
296488;2020-07-20;"segunda-feira";"09:15:00";"RN";101;85;"SAO GONCALO DO AMARANTE";"Desobediência às normas de trânsito pelo condutor";"Colisão lateral";"Com Vítimas Feridas";"Pleno dia";"Crescente";"Céu Claro";"Dupla";"Ponte";"Sim";2;0;1;0;0;1;1;2;-5,777664;-35,24937;"SPRF-RN";"DEL02-RN";"UOP01-DEL02-RN"
296489;2020-07-20;"segunda-feira";"08:10:00";"SC";101;315;"LAGUNA";"Falta de Atenção à Condução";"Colisão com objeto estático";"Com Vítimas Feridas";"Pleno dia";"Crescente";"Céu Claro";"Simples";"Curva";"Sim";1;0;1;0;0;0;1;1;-28,43552413;-48,8343121;"SPRF-SC";"DEL02-SC";"UOP01-DEL02-SC"
296490;2020-07-19;"domingo";"17:00:00";"RJ";493;77;"JAPERI";"Condutor Dormindo";"Saída de leito carroçável";"Com Vítimas Feridas";"Pleno dia";"Decrescente";"Nublado";"Dupla";"Reta";"Não";3;0;2;0;1;0;2;1;-22,68684511;-43,51894855;"SPRF-RJ";"DEL01-RJ";"UOP03-DEL01-RJ"
296491;2020-07-20;"segunda-feira";"07:30:00";"GO";153;412,4;"ANAPOLIS";"Falta de Atenção à Condução";"Colisão frontal";"Com Vítimas Feridas";"Pleno dia";"Crescente";"Céu Claro";"Simples";"Reta";"Não";2;0;1;0;1;0;1;2;-16,12284122;-49,04065132;"SPRF-GO";"DEL02-GO";"UOP01-DEL02-GO"
296492;2020-07-20;"segunda-feira";"09:30:00";"SE";101;139;"ESTANCIA";"Desobediência às normas de trânsito pelo condutor";"Colisão transversal";"Com Vítimas Feridas";"Pleno dia";"Crescente";"Sol";"Dupla";"Reta";"Não";2;0;0;2;0;0;2;2;-11,16432207;-37,39806827;"SPRF-SE";"DEL02-SE";"UOP01-DEL02-SE"
296495;2020-07-20;"segunda-feira";"08:10:00";"SC";470;157,6;"TROMBUDO CENTRAL";"Defeito Mecânico no Veículo";"Tombamento";"Com Vítimas Feridas";"Pleno dia";"Crescente";"Nublado";"Simples";"Curva;Declive";"Não";1;0;1;0;0;0;1;1;-27,285425;-49,76881;"SPRF-SC";"DEL04-SC";"UOP02-DEL04-SC"
296498;2020-01-18;"sábado";"20:30:00";"PI";316;297,2;"PICOS";"Falta de Atenção à Condução";"Saída de leito carroçável";"Com Vítimas Fatais";"Plena Noite";"Decrescente";"Chuva";"Simples";"Curva";"Não";4;3;0;1;0;0;1;1;-7,02198451;-41,57160105;"SPRF-PI";"DEL04-PI";"UOP01-DEL04-PI"
296500;2020-07-20;"segunda-feira";"10:20:00";"RJ";101;418;"MANGARATIBA";"Não guardar distância de segurança";"Colisão traseira";"Com Vítimas Feridas";"Pleno dia";"Crescente";"Céu Claro";"Simples";"Declive";"Não";2;0;1;0;1;0;1;2;-22,9178274;-43,90471593;"SPRF-RJ";"DEL03-RJ";"UOP03-DEL03-RJ"
296501;2020-07-20;"segunda-feira";"10:50:00";"RJ";116;124;"MAGE";"Falta de Atenção à Condução";"Queda de ocupante de veículo";"Com Vítimas Feridas";"Pleno dia";"Crescente";"Céu Claro";"Dupla";"Reta";"Sim";1;0;1;0;0;0;1;1;-22,64632807;-43,07016895;"SPRF-RJ";"DEL04-RJ";"UOP02-DEL04-RJ"
296502;2020-07-15;"quarta-feira";"10:00:00";"RJ";101;461;"ANGRA DOS REIS";"Desobediência às normas de trânsito pelo condutor";"Queda de ocupante de veículo";"Com Vítimas Feridas";"Pleno dia";"Crescente";"Chuva";"Simples";"Curva";"Sim";2;0;2;0;0;0;2;1;-23,02906521;-44,1997005;"SPRF-RJ";"DEL03-RJ";"UOP03-DEL03-RJ"
296503;2020-07-20;"segunda-feira";"10:45:00";"CE";116;41;"HORIZONTE";"Falta de Atenção do Pedestre";"Atropelamento de Pedestre";"Com Vítimas Feridas";"Pleno dia";"Crescente";"Céu Claro";"Dupla";"Reta";"Sim";2;0;0;1;1;0;1;2;-4,1024351;-38,50001011;"SPRF-CE";"DEL01-CE";"UOP02-DEL01-CE"
296504;2020-07-20;"segunda-feira";"10:50:00";"SC";101;213;"PALHOCA";"Sinalização da via insuficiente ou inadequada";"Colisão transversal";"Com Vítimas Feridas";"Pleno dia";"Decrescente";"Céu Claro";"Múltipla";"Viaduto";"Não";2;0;1;0;1;0;1;2;-27,63697369;-48,66514142;"SPRF-SC";"DEL01-SC";"UOP02-DEL01-SC"
296505;2020-07-16;"quinta-feira";"11:55:00";"ES";101;388,3;"RIO NOVO DO SUL";"Falta de Atenção à Condução";"Tombamento";"Sem Vítimas";"Pleno dia";"Crescente";"Céu Claro";"Simples";"Curva";"Não";1;0;0;0;1;0;0;1;-20,85689511;-40,8767812;"SPRF-ES";"DEL03-ES";"UOP02-DEL03-ES"
296508;2020-07-20;"segunda-feira";"08:30:00";"CE";402;296,7;"UMIRIM";"Defeito Mecânico no Veículo";"Saída de leito carroçável";"Sem Vítimas";"Pleno dia";"Crescente";"Céu Claro";"Simples";"Reta";"Não";1;0;0;0;1;0;0;1;-3,66737609;-39,40149002;"SPRF-CE";"DEL01-CE";"UOP03-DEL01-CE"
296509;2020-07-20;"segunda-feira";"09:50:00";"SC";101;134;"BALNEARIO CAMBORIU";"Não guardar distância de segurança";"Colisão traseira";"Com Vítimas Feridas";"Pleno dia";"Crescente";"Sol";"Simples";"Reta";"Sim";2;0;1;0;1;0;1;2;-27,00218;-48,636433;"SPRF-SC";"DEL04-SC";"UOP03-DEL04-SC"
296510;2020-07-20;"segunda-feira";"09:00:00";"ES";262;156;"IBATIBA";"Falta de Atenção à Condução";"Colisão traseira";"Com Vítimas Feridas";"Pleno dia";"Crescente";"Sol";"Simples";"Reta";"Sim";3;0;1;0;2;0;1;3;-20,22986514;-41,47989798;"SPRF-ES";"DEL01-ES";"UOP02-DEL01-ES"
296511;2020-07-20;"segunda-feira";"11:10:00";"RJ";465;2,6;"SEROPEDICA";"Desobediência às normas de trânsito pelo condutor";"Colisão transversal";"Com Vítimas Feridas";"Pleno dia";"Crescente";"Céu Claro";"Simples";"Reta";"Não";3;0;1;0;2;0;1;2;-22,73280701;-43,71425629;"SPRF-RJ";"DEL01-RJ";"UOP03-DEL01-RJ"
296512;2020-07-20;"segunda-feira";"11:30:00";"GO";70;3;"AGUAS LINDAS DE GOIAS";"Falta de Atenção à Condução";"Saída de leito carroçável";"Sem Vítimas";"Pleno dia";"Crescente";"Sol";"Dupla";"Aclive;Curva;Retorno Regulamentado";"Não";1;0;0;0;0;1;0;1;-15,76177302;-48,2368693;"SPRF-DF";"DEL03-DF";"UOP02-DEL03-DF"
296513;2020-06-23;"terça-feira";"07:25:00";"RJ";465;22;"NOVA IGUACU";"Deficiência ou não Acionamento do Sistema de Iluminação/Sinalização do Veículo";"Colisão frontal";"Com Vítimas Feridas";"Pleno dia";"Crescente";"Céu Claro";"Dupla";"Reta";"Não";2;0;0;1;0;1;1;2;-22,85420404;-43,60204875;"SPRF-RJ";"DEL03-RJ";"UOP01-DEL03-RJ"
296514;2020-07-20;"segunda-feira";"11:09:00";"RO";364;710;"PORTO VELHO";"Desobediência às normas de trânsito pelo condutor";"Colisão transversal";"Com Vítimas Feridas";"Pleno dia";"Crescente";"Céu Claro";"Múltipla";"Retorno Regulamentado";"Sim";3;0;2;0;1;0;2;2;-8,78621576;-63,85712687;"SPRF-RO";"DEL01-RO";"UOP01-DEL01-RO"
296516;2020-07-20;"segunda-feira";"10:20:00";"RO";364;342;"JI-PARANA";"Falta de Atenção à Condução";"Colisão traseira";"Com Vítimas Feridas";"Pleno dia";"Crescente";"Céu Claro";"Dupla";"Reta";"Sim";2;0;2;0;0;0;2;2;-10,88381227;-61,93741416;"SPRF-RO";"DEL02-RO";"UOP01-DEL02-RO"
296519;2020-01-16;"quinta-feira";"02:30:00";"RN";226;165,3;"CURRAIS NOVOS";"Falta de Atenção à Condução";"Saída de leito carroçável";"Com Vítimas Fatais";"Plena Noite";"Crescente";"Céu Claro";"Simples";"Declive";"Não";3;1;0;1;0;1;1;1;-6,22478931;-36,43181768;"SPRF-RN";"DEL03-RN";"UOP02-DEL03-RN"
296520;2020-07-20;"segunda-feira";"07:00:00";"SC";163;67,4;"SAO MIGUEL DO OESTE";"Falta de Atenção do Pedestre";"Atropelamento de Pedestre";"Com Vítimas Feridas";"Pleno dia";"Crescente";"Céu Claro";"Dupla";"Reta";"Sim";2;0;1;0;1;0;1;2;-26,759436;-53,50055292;"SPRF-SC";"DEL07-SC";"UOP03-DEL07-SC"
296521;2020-07-20;"segunda-feira";"11:25:00";"PA";10;52,2;"ULIANOPOLIS";"Objeto estático sobre o leito carroçável";"Colisão com objeto estático";"Com Vítimas Feridas";"Pleno dia";"Crescente";"Sol";"Simples";"Reta";"Não";4;0;2;0;2;0;2;1;-3,99250004;-47,54729825;"SPRF-PA";"DEL02-PA";"UOP02-DEL02-PA"
296523;2020-07-20;"segunda-feira";"13:15:00";"PR";277;79;"SAO JOSE DOS PINHAIS";"Defeito Mecânico no Veículo";"Queda de ocupante de veículo";"Com Vítimas Feridas";"Pleno dia";"Decrescente";"Céu Claro";"Dupla";"Reta";"Sim";1;0;1;0;0;0;1;1;-25,51327981;-49,12433291;"SPRF-PR";"DEL01-PR";"UOP01-DEL01-PR"
296524;2020-07-20;"segunda-feira";"13:00:00";"SP";0;0;"ITAPECERICA DA SERRA";"Falta de Atenção à Condução";"Colisão com objeto estático";"Sem Vítimas";"Pleno dia";"Não Informado";"Sol";"Simples";"Aclive";"Sim";1;0;0;0;1;0;0;1;-23,7040707;-46,8785892;"SPRF-SP";"DEL04-SP";"N/A"
296525;2020-07-20;"segunda-feira";"07:20:00";"ES";262;91,3;"DOMINGOS MARTINS";"Falta de Atenção à Condução";"Atropelamento de Pedestre";"Com Vítimas Feridas";"Pleno dia";"Decrescente";"Céu Claro";"Simples";"Reta";"Sim";2;0;0;1;0;1;1;2;-20,37841035;-41,03346335;"SPRF-ES";"DEL01-ES";"UOP02-DEL01-ES"
296526;2020-07-20;"segunda-feira";"13:35:00";"RS";158;184,1;"CRUZ ALTA";"Condutor Dormindo";"Colisão frontal";"Com Vítimas Feridas";"Pleno dia";"Crescente";"Céu Claro";"Simples";"Reta";"Não";4;0;1;0;3;0;1;2;-28,55418291;-53,55740352;"SPRF-RS";"DEL10-RS";"UOP02-DEL10-RS"
296527;2020-07-20;"segunda-feira";"13:35:00";"GO";153;509;"APARECIDA DE GOIANIA";"Defeito Mecânico no Veículo";"Tombamento";"Com Vítimas Feridas";"Pleno dia";"Decrescente";"Céu Claro";"Dupla";"Reta;Declive";"Sim";1;0;1;0;0;0;1;1;-16,7888;-49,2379;"SPRF-GO";"DEL01-GO";"UOP03-DEL01-GO"
296529;2020-07-20;"segunda-feira";"13:50:00";"PR";376;630,5;"SAO JOSE DOS PINHAIS";"Falta de Atenção à Condução";"Saída de leito carroçável";"Com Vítimas Feridas";"Pleno dia";"Decrescente";"Céu Claro";"Dupla";"Reta";"Sim";1;0;1;0;0;0;1;1;-25,695757;-49,144882;"SPRF-PR";"DEL01-PR";"UOP04-DEL01-PR"
296530;2020-07-20;"segunda-feira";"10:20:00";"BA";242;584;"IBOTIRAMA";"Desobediência às normas de trânsito pelo condutor";"Atropelamento de Pedestre";"Com Vítimas Feridas";"Pleno dia";"Crescente";"Céu Claro";"Simples";"Rotatória";"Sim";2;0;0;1;0;1;1;2;-12,1776855;-43,21795106;"SPRF-BA";"DEL06-BA";"UOP03-DEL06-BA"
296534;2020-07-20;"segunda-feira";"12:50:00";"MS";262;432,9;"DOIS IRMAOS DO BURITI";"Condutor Dormindo";"Saída de leito carroçável";"Com Vítimas Fatais";"Pleno dia";"Crescente";"Céu Claro";"Simples";"Reta";"Não";5;1;1;2;0;1;3;2;-20,49195079;-55,29241607;"SPRF-MS";"DEL03-MS";"UOP01-DEL03-MS"
296538;2020-07-20;"segunda-feira";"13:10:00";"BA";20;185;"LUIS EDUARDO MAGALHAES";"Falta de Atenção à Condução";"Colisão transversal";"Com Vítimas Feridas";"Pleno dia";"Decrescente";"Céu Claro";"Simples";"Reta";"Não";6;0;0;1;4;1;1;3;-12,322895;-45,853485;"SPRF-BA";"DEL10-BA";"UOP01-DEL10-BA"
296540;2020-07-20;"segunda-feira";"13:50:00";"SC";282;6;"SAO JOSE";"Falta de Atenção à Condução";"Colisão lateral";"Com Vítimas Feridas";"Pleno dia";"Crescente";"Céu Claro";"Múltipla";"Reta";"Sim";2;0;1;0;1;0;1;2;-27,591936;-48,618244;"SPRF-SC";"DEL01-SC";"UOP01-DEL01-SC"
296541;2020-07-20;"segunda-feira";"14:15:00";"SC";470;145,1;"RIO DO SUL";"Desobediência às normas de trânsito pelo condutor";"Colisão traseira";"Sem Vítimas";"Pleno dia";"Decrescente";"Céu Claro";"Simples";"Reta";"Sim";7;0;0;0;7;0;0;3;-27,235138;-49,677608;"SPRF-SC";"DEL04-SC";"UOP02-DEL04-SC"
296545;2020-07-20;"segunda-feira";"13:00:00";"MT";70;2,9;"BARRA DO GARCAS";"Pista Escorregadia";"Tombamento";"Com Vítimas Feridas";"Pleno dia";"Crescente";"Céu Claro";"Dupla";"Reta";"Sim";1;0;1;0;0;0;1;1;-15,88749699;-52,26810568;"SPRF-MT";"DEL07-MT";"UOP01-DEL07-MT"
296547;2020-07-20;"segunda-feira";"13:30:00";"MG";50;133,4;"UBERABA";"Carga excessiva e/ou mal acondicionada";"Tombamento";"Com Vítimas Feridas";"Pleno dia";"Crescente";"Céu Claro";"Dupla";"Declive";"Não";1;0;1;0;0;0;1;1;-19,41574308;-48,07159033;"SPRF-MG";"DEL13-MG";"UOP01-DEL13-MG"
296548;2020-07-20;"segunda-feira";"14:00:00";"SC";470;144;"RIO DO SUL";"Desobediência às normas de trânsito pelo condutor";"Tombamento";"Sem Vítimas";"Pleno dia";"Decrescente";"Céu Claro";"Simples";"Reta";"Não";1;0;0;0;1;0;0;1;-27,235138;-49,677608;"SPRF-SC";"DEL04-SC";"UOP02-DEL04-SC"
296549;2020-07-16;"quinta-feira";"18:20:00";"MS";262;94,2;"TRES LAGOAS";"Defeito na Via";"Saída de leito carroçável";"Com Vítimas Feridas";"Plena Noite";"Crescente";"Céu Claro";"Simples";"Curva";"Não";2;0;2;0;0;0;2;1;-20,5894955;-52,44258304;"SPRF-MS";"DEL07-MS";"UOP02-DEL07-MS"
296551;2020-07-12;"domingo";"23:00:00";"PA";230;116,7;"MARABA";"Desobediência às normas de trânsito pelo condutor";"Colisão transversal";"Sem Vítimas";"Plena Noite";"Crescente";"Céu Claro";"Dupla";"Interseção de Vias";"Sim";2;0;0;0;2;0;0;2;-5,35034394;-49,1021294;"SPRF-PA";"DEL03-PA";"UOP01-DEL03-PA"
296552;2020-07-20;"segunda-feira";"15:00:00";"SC";101;288,9;"IMBITUBA";"Desobediência às normas de trânsito pelo condutor";"Colisão transversal";"Com Vítimas Feridas";"Pleno dia";"Decrescente";"Céu Claro";"Dupla";"Viaduto";"Sim";2;0;1;0;1;0;1;2;-28,24598003;-48,70010284;"SPRF-SC";"DEL02-SC";"UOP03-DEL02-SC"
296553;2020-07-20;"segunda-feira";"15:15:00";"PR";369;185;"ARAPONGAS";"Falta de Atenção à Condução";"Colisão traseira";"Com Vítimas Feridas";"Pleno dia";"Crescente";"Céu Claro";"Simples";"Reta";"Sim";2;0;1;0;1;0;1;2;-23,40981201;-51,42985965;"SPRF-PR";"DEL07-PR";"UOP03-DEL07-PR"
296554;2020-07-20;"segunda-feira";"14:40:00";"BA";324;602,3;"SIMOES FILHO";"Falta de Atenção à Condução";"Colisão lateral";"Com Vítimas Feridas";"Pleno dia";"Decrescente";"Nublado";"Dupla";"Reta";"Não";4;0;2;0;2;0;2;2;-12,76402892;-38,42393483;"SPRF-BA";"DEL01-BA";"UOP01-DEL01-BA"
296555;2020-07-20;"segunda-feira";"15:15:00";"SC";280;67;"JARAGUA DO SUL";"Falta de Atenção à Condução";"Colisão traseira";"Com Vítimas Feridas";"Pleno dia";"Decrescente";"Sol";"Simples";"Reta";"Não";3;0;2;0;1;0;2;2;-26,4775146;-49,10363575;"SPRF-SC";"DEL03-SC";"UOP03-DEL03-SC"
296556;2020-07-20;"segunda-feira";"15:00:00";"MG";262;818;"UBERABA";"Velocidade Incompatível";"Saída de leito carroçável";"Com Vítimas Feridas";"Pleno dia";"Crescente";"Céu Claro";"Dupla";"Reta";"Não";2;0;1;0;1;0;1;1;-19,76344636;-48,13141707;"SPRF-MG";"DEL13-MG";"UOP01-DEL13-MG"
296558;2020-07-20;"segunda-feira";"15:50:00";"AL";316;253;"PILAR";"Não guardar distância de segurança";"Colisão traseira";"Com Vítimas Feridas";"Pleno dia";"Crescente";"Céu Claro";"Simples";"Reta";"Sim";2;0;1;0;1;0;1;2;-9,57899213;-35,96164121;"SPRF-AL";"DEL02-AL";"UOP01-DEL02-AL"
296561;2020-07-20;"segunda-feira";"16:00:00";"SC";101;120;"ITAJAI";"Falta de Atenção à Condução";"Colisão traseira";"Com Vítimas Feridas";"Pleno dia";"Crescente";"Céu Claro";"Simples";"Viaduto";"Não";2;0;1;0;1;0;1;2;-26,912758;-48,711998;"SPRF-SC";"DEL04-SC";"UOP04-DEL04-SC"
296563;2020-07-20;"segunda-feira";"15:30:00";"PA";316;65,8;"CASTANHAL";"Não guardar distância de segurança";"Engavetamento";"Sem Vítimas";"Pleno dia";"Decrescente";"Céu Claro";"Dupla";"Reta";"Sim";15;0;0;0;15;0;0;4;-1,2958036078;-47,9108400225;"SPRF-PA";"DEL01-PA";"UOP01-DEL01-PA"
296564;2020-07-20;"segunda-feira";"15:15:00";"RO";364;710;"PORTO VELHO";"Não guardar distância de segurança";"Colisão traseira";"Sem Vítimas";"Pleno dia";"Crescente";"Céu Claro";"Dupla";"Reta";"Sim";2;0;0;0;2;0;0;2;-8,78621576;-63,85712687;"SPRF-RO";"DEL01-RO";"UOP01-DEL01-RO"
296565;2020-07-20;"segunda-feira";"15:10:00";"MG";40;530;"CONTAGEM";"Falta de Atenção à Condução";"Colisão traseira";"Com Vítimas Feridas";"Anoitecer";"Crescente";"Céu Claro";"Dupla";"Reta;Aclive";"Sim";5;0;1;0;4;0;1;3;-19,92064782;-44,0335681;"SPRF-MG";"DEL01-MG";"UOP02-DEL01-MG"
296568;2020-07-20;"segunda-feira";"16:40:00";"PB";101;82;"BAYEUX";"Falta de Atenção à Condução";"Colisão traseira";"Sem Vítimas";"Anoitecer";"Decrescente";"Céu Claro";"Dupla";"Declive";"Sim";4;0;0;0;4;0;0;3;-7,12911;-34,93714;"SPRF-PB";"DEL01-PB";"UOP01-DEL01-PB"
296569;2020-07-20;"segunda-feira";"09:55:00";"MG";381;489,3;"BETIM";"Falta de Atenção à Condução";"Colisão traseira";"Com Vítimas Feridas";"Pleno dia";"Decrescente";"Nublado";"Dupla";"Reta;Declive";"Sim";2;0;1;0;1;0;1;2;-19,9569118;-44,13671494;"SPRF-MG";"DEL01-MG";"UOP03-DEL01-MG"