"id";"data_inversa";"dia_semana";"horario";"uf";"br";"km";"municipio";"causa_acidente";"tipo_acidente";"classificacao_acidente";"fase_dia";"sentido_via";"condicao_metereologica";"tipo_pista";"tracado_via";"uso_solo";"pessoas";"mortos";"feridos_leves";"feridos_graves";"ilesos";"ignorados";"feridos";"veiculos";"latitude";"longitude";"regional";"delegacia";"uop"
297067;2020-07-23;"quinta-feira";"18:00:00";"RJ";101;307;"SAO GONCALO";"Desobediência às normas de trânsito pelo condutor";"Colisão lateral";"Com Vítimas Feridas";"Anoitecer";"Crescente";"Céu Claro";"Dupla";"Reta";"Sim";2;0;1;0;1;0;1;2;-22,79115777;-43,01514205;"SPRF-RJ";"DEL02-RJ";"UOP02-DEL02-RJ"
297068;2020-07-23;"quinta-feira";"17:30:00";"PR";277;593,5;"CASCAVEL";"Falta de Atenção do Pedestre";"Atropelamento de Pedestre";"Com Vítimas Feridas";"Anoitecer";"Crescente";"Céu Claro";"Simples";"Reta";"Sim";2;0;1;0;1;0;1;2;-24,98082053;-53,48254989;"SPRF-PR";"DEL04-PR";"UOP01-DEL04-PR"
297069;2020-07-15;"quarta-feira";"06:30:00";"PE";428;192;"PETROLINA";"Falta de Atenção à Condução";"Colisão traseira";"Com Vítimas Feridas";"Amanhecer";"Crescente";"Ignorado";"Dupla";"Reta";"Sim";2;0;0;1;0;1;1;2;-9,38599856;-40,52314371;"SPRF-PE";"DEL06-PE";"UOP01-DEL06-PE"
297070;2020-07-23;"quinta-feira";"18:50:00";"RN";304;283;"MACAIBA";"Falta de Atenção à Condução";"Colisão frontal";"Com Vítimas Feridas";"Plena Noite";"Decrescente";"Céu Claro";"Simples";"Reta";"Não";2;0;0;1;1;0;1;2;-5,88178314;-35,46369696;"SPRF-RN";"DEL01-RN";"UOP02-DEL01-RN"
297071;2020-07-23;"quinta-feira";"17:40:00";"PE";104;42,7;"CARUARU";"Desobediência às normas de trânsito pelo condutor";"Colisão transversal";"Com Vítimas Feridas";"Plena Noite";"Crescente";"Céu Claro";"Dupla";"Retorno Regulamentado";"Sim";4;0;2;0;2;0;2;2;-8,1047;-36,02423;"SPRF-PE";"DEL02-PE";"UOP01-DEL02-PE"
297072;2020-07-23;"quinta-feira";"17:04:00";"MG";50;26,8;"ARAGUARI";"Falta de Atenção à Condução";"Capotamento";"Com Vítimas Feridas";"Anoitecer";"Crescente";"Céu Claro";"Dupla";"Declive";"Não";1;0;1;0;0;0;1;1;-18,61918193;-48,09180379;"SPRF-MG";"DEL15-MG";"UOP02-DEL15-MG"
297073;2020-07-23;"quinta-feira";"19:00:00";"SP";116;160;"JACAREI";"Falta de Atenção do Pedestre";"Atropelamento de Pedestre";"Com Vítimas Feridas";"Plena Noite";"Crescente";"Céu Claro";"Dupla";"Reta";"Sim";2;0;0;1;0;1;1;2;-23,27101606;-45,96787896;"SPRF-SP";"DEL02-SP";"UOP01-DEL02-SP"
297074;2020-07-23;"quinta-feira";"18:45:00";"RS";386;274;"FONTOURA XAVIER";"Desobediência às normas de trânsito pelo condutor";"Colisão frontal";"Com Vítimas Feridas";"Plena Noite";"Decrescente";"Céu Claro";"Simples";"Reta";"Não";3;0;2;0;1;0;2;2;-29,000175;-52,353458;"SPRF-RS";"DEL04-RS";"UOP03-DEL04-RS"
297075;2020-07-23;"quinta-feira";"18:20:00";"RJ";40;122;"DUQUE DE CAXIAS";"Não guardar distância de segurança";"Colisão lateral";"Sem Vítimas";"Plena Noite";"Decrescente";"Céu Claro";"Dupla";"Reta";"Sim";5;0;0;0;5;0;0;3;-22,79083113;-43,28611569;"SPRF-RJ";"DEL01-RJ";"UOP01-DEL01-RJ"
297077;2020-07-23;"quinta-feira";"16:11:00";"RJ";101;321;"NITEROI";"Falta de Atenção à Condução";"Queda de ocupante de veículo";"Com Vítimas Feridas";"Pleno dia";"Decrescente";"Céu Claro";"Simples";"Curva";"Não";1;0;1;0;0;0;1;1;-22,87763816;-43,10976148;"SPRF-RJ";"DEL02-RJ";"UOP02-DEL02-RJ"
297078;2020-07-23;"quinta-feira";"17:30:00";"RJ";101;410;"ITAGUAI";"Desobediência às normas de trânsito pelo condutor";"Colisão lateral";"Com Vítimas Feridas";"Anoitecer";"Crescente";"Céu Claro";"Dupla";"Curva";"Sim";3;0;1;0;2;0;1;3;-22,88990471;-43,84007225;"SPRF-RJ";"DEL03-RJ";"UOP01-DEL03-RJ"
297079;2020-07-23;"quinta-feira";"19:20:00";"SP";116;107,7;"TAUBATE";"Falta de Atenção à Condução";"Colisão lateral";"Com Vítimas Feridas";"Plena Noite";"Decrescente";"Céu Claro";"Dupla";"Reta;Interseção de Vias";"Sim";2;0;0;1;1;0;1;2;-23,01791287;-45,53009409;"SPRF-SP";"DEL06-SP";"UOP01-DEL06-SP"
297080;2020-07-23;"quinta-feira";"19:40:00";"ES";101;205;"JOAO NEIVA";"Falta de Atenção à Condução";"Colisão transversal";"Com Vítimas Feridas";"Plena Noite";"Crescente";"Céu Claro";"Simples";"Rotatória";"Não";3;0;1;0;2;0;1;2;-19,75823196;-40,3795009;"SPRF-ES";"DEL02-ES";"UOP01-DEL02-ES"
297081;2020-07-23;"quinta-feira";"18:40:00";"BA";116;412,7;"FEIRA DE SANTANA";"Desobediência às normas de trânsito pelo condutor";"Queda de ocupante de veículo";"Com Vítimas Feridas";"Plena Noite";"Crescente";"Céu Claro";"Simples";"Reta";"Não";1;0;0;1;0;0;1;1;-12,13392801;-38,96796727;"SPRF-BA";"DEL02-BA";"UOP01-DEL02-BA"
297082;2020-07-23;"quinta-feira";"19:30:00";"ES";101;376;"ICONHA";"Falta de Atenção à Condução";"Colisão lateral";"Com Vítimas Feridas";"Plena Noite";"Crescente";"Céu Claro";"Simples";"Reta";"Sim";2;0;1;0;1;0;1;2;-20,79013351;-40,80343867;"SPRF-ES";"DEL03-ES";"UOP01-DEL03-ES"
297083;2020-07-23;"quinta-feira";"19:45:00";"BA";101;937;"MUCURI";"Ingestão de álcool e/ou substâncias psicoativas pelo pedestre";"Colisão frontal";"Com Vítimas Feridas";"Plena Noite";"Decrescente";"Céu Claro";"Simples";"Reta";"Não";2;0;1;0;1;0;1;2;-18,026921;-39,863104;"SPRF-BA";"DEL09-BA";"UOP02-DEL09-BA"
297085;2020-07-23;"quinta-feira";"19:20:00";"GO";158;270;"JATAI";"Ingestão de Álcool";"Colisão transversal";"Com Vítimas Feridas";"Plena Noite";"Decrescente";"Céu Claro";"Simples";"Reta";"Sim";2;0;1;0;1;0;1;2;-17,87867579;-51,73195839;"SPRF-GO";"DEL05-GO";"UOP01-DEL05-GO"
297087;2020-07-23;"quinta-feira";"19:40:00";"SC";101;200;"SAO JOSE";"Defeito Mecânico no Veículo";"Incêndio";"Sem Vítimas";"Plena Noite";"Decrescente";"Céu Claro";"Dupla";"Reta";"Sim";1;0;0;0;1;0;0;1;-27,54018513;-48,62287714;"SPRF-SC";"DEL01-SC";"UOP01-DEL01-SC"
297089;2020-07-23;"quinta-feira";"19:30:00";"PR";277;81;"SAO JOSE DOS PINHAIS";"Falta de Atenção à Condução";"Colisão traseira";"Sem Vítimas";"Plena Noite";"Crescente";"Céu Claro";"Dupla";"Reta";"Sim";2;0;0;0;2;0;0;2;-25,568939;-49,181978;"SPRF-PR";"DEL01-PR";"UOP06-DEL01-PR"
297091;2020-07-23;"quinta-feira";"19:30:00";"SC";282;499;"XANXERE";"Ingestão de Álcool";"Colisão traseira";"Sem Vítimas";"Plena Noite";"Decrescente";"Céu Claro";"Dupla";"Reta";"Não";2;0;0;0;2;0;0;2;-26,880869;-52,363121;"SPRF-SC";"DEL07-SC";"UOP01-DEL07-SC"
297092;2020-07-23;"quinta-feira";"20:10:00";"PR";277;586,5;"CASCAVEL";"Sinalização da via insuficiente ou inadequada";"Saída de leito carroçável";"Com Vítimas Feridas";"Plena Noite";"Decrescente";"Céu Claro";"Simples";"Reta";"Não";1;0;0;1;0;0;1;1;-24,96527543;-53,42125285;"SPRF-PR";"DEL04-PR";"UOP01-DEL04-PR"
297093;2020-07-23;"quinta-feira";"19:50:00";"CE";20;429,5;"FORTALEZA";"Falta de Atenção à Condução";"Colisão traseira";"Sem Vítimas";"Plena Noite";"Crescente";"Céu Claro";"Dupla";"Viaduto";"Sim";2;0;0;0;2;0;0;2;-3,76999035;-38,67006282;"SPRF-CE";"DEL01-CE";"UOP02-DEL01-CE"
297097;2020-07-23;"quinta-feira";"20:10:00";"MS";163;263;"DOURADOS";"Defeito Mecânico no Veículo";"Colisão com objeto estático";"Com Vítimas Feridas";"Plena Noite";"Crescente";"Céu Claro";"Dupla";"Rotatória";"Sim";2;0;1;0;1;0;1;1;-22,2316424;-54,7478208;"SPRF-MS";"DEL04-MS";"UOP01-DEL04-MS"
297099;2020-07-23;"quinta-feira";"19:00:00";"MG";40;165;"JOAO PINHEIRO";"Animais na Pista";"Atropelamento de Animal";"Com Vítimas Feridas";"Plena Noite";"Decrescente";"Céu Claro";"Dupla";"Reta";"Não";2;0;1;0;1;0;1;1;-17,9098601;-46,09926305;"SPRF-MG";"DEL14-MG";"UOP02-DEL14-MG"
297102;2020-07-23;"quinta-feira";"20:00:00";"MS";163;444;"CAMPO GRANDE";"Animais na Pista";"Atropelamento de Animal";"Com Vítimas Feridas";"Plena Noite";"Crescente";"Céu Claro";"Simples";"Aclive";"Não";1;0;1;0;0;0;1;1;-20,77690106;-54,52577118;"SPRF-MS";"DEL01-MS";"UOP01-DEL01-MS"
297103;2020-07-23;"quinta-feira";"20:20:00";"MG";262;400;"PARA DE MINAS";"Falta de Atenção à Condução";"Colisão com objeto estático";"Com Vítimas Feridas";"Plena Noite";"Decrescente";"Céu Claro";"Dupla";"Reta";"Sim";1;0;1;0;0;0;1;1;-19,90293517;-44,54364505;"SPRF-MG";"DEL01-MG";"UOP03-DEL01-MG"
297105;2020-07-23;"quinta-feira";"21:20:00";"BA";101;770,5;"ITABELA";"Falta de Atenção à Condução";"Colisão frontal";"Com Vítimas Feridas";"Plena Noite";"Crescente";"Nublado";"Simples";"Reta;Aclive";"Não";2;0;0;1;1;0;1;2;-16,74175632;-39,45636749;"SPRF-BA";"DEL09-BA";"UOP01-DEL09-BA"
297106;2020-07-23;"quinta-feira";"19:40:00";"RR";174;511;"BOA VISTA";"Ingestão de álcool e/ou substâncias psicoativas pelo pedestre";"Atropelamento de Pedestre";"Com Vítimas Fatais";"Plena Noite";"Decrescente";"Nublado";"Simples";"Reta";"Não";4;1;0;0;3;0;0;2;2,861408;-60,69804;"SPRF-RR";"DEL01-RR";"UOP01-DEL01-RR"
297114;2020-07-23;"quinta-feira";"22:40:00";"RO";364;712;"PORTO VELHO";"Desobediência às normas de trânsito pelo condutor";"Colisão com objeto estático";"Sem Vítimas";"Plena Noite";"Decrescente";"Céu Claro";"Dupla";"Curva";"Sim";2;0;0;0;0;2;0;2;-8,7770354;-63,87316466;"SPRF-RO";"DEL01-RO";"UOP01-DEL01-RO"
297115;2020-07-23;"quinta-feira";"19:30:00";"RS";293;252,3;"DOM PEDRITO";"Não guardar distância de segurança";"Colisão traseira";"Com Vítimas Feridas";"Plena Noite";"Decrescente";"Céu Claro";"Simples";"Reta";"Sim";2;0;1;0;1;0;1;2;-30,95920099;-54,6810472;"SPRF-RS";"DEL11-RS";"UOP01-DEL11-RS"
297116;2020-07-23;"quinta-feira";"21:30:00";"SP";153;202,2;"GETULINA";"Ingestão de Álcool";"Colisão lateral";"Com Vítimas Feridas";"Plena Noite";"Decrescente";"Céu Claro";"Simples";"Reta";"Não";2;0;1;0;1;0;1;2;-21,83770502;-49,90399879;"SPRF-SP";"DEL07-SP";"UOP01-DEL07-SP"
297118;2020-07-23;"quinta-feira";"23:15:00";"RS";386;128,8;"SARANDI";"Ingestão de Álcool";"Saída de leito carroçável";"Com Vítimas Feridas";"Plena Noite";"Decrescente";"Céu Claro";"Simples";"Reta";"Não";1;0;1;0;0;0;1;1;-27,928732;-52,964111;"SPRF-RS";"DEL08-RS";"UOP01-DEL08-RS"
297119;2020-07-24;"sexta-feira";"00:40:00";"PB";104;119,1;"CAMPINA GRANDE";"Falta de Atenção à Condução";"Saída de leito carroçável";"Com Vítimas Feridas";"Plena Noite";"Crescente";"Céu Claro";"Simples";"Aclive;Reta";"Não";2;0;1;1;0;0;2;1;-7,20325615;-35,8752172;"SPRF-PB";"DEL02-PB";"UOP04-DEL02-PB"
297120;2020-07-23;"quinta-feira";"06:30:00";"PI";135;553,7;"SAO GONCALO DO GURGUEIA";"Velocidade Incompatível";"Colisão frontal";"Com Vítimas Feridas";"Pleno dia";"Decrescente";"Céu Claro";"Simples";"Curva";"Não";7;0;5;2;0;0;7;2;-10,12697426;-45,224383;"SPRF-PI";"DEL03-PI";"UOP02-DEL03-PI"
297121;2020-07-24;"sexta-feira";"01:00:00";"PR";277;4,8;"PARANAGUA";"Falta de Atenção à Condução";"Colisão com objeto estático";"Com Vítimas Feridas";"Plena Noite";"Crescente";"Nevoeiro/Neblina";"Dupla";"Interseção de Vias;Curva";"Sim";1;0;1;0;0;0;1;1;-25,556221;-48,565056;"SPRF-PR";"DEL01-PR";"UOP05-DEL01-PR"
297122;2020-07-24;"sexta-feira";"00:05:00";"RO";364;12;"VILHENA";"Ingestão de Álcool";"Queda de ocupante de veículo";"Com Vítimas Feridas";"Plena Noite";"Crescente";"Céu Claro";"Dupla";"Rotatória";"Sim";1;0;1;0;0;0;1;1;-12,74370233;-60,12147609;"SPRF-RO";"DEL04-RO";"UOP01-DEL04-RO"
297127;2020-07-24;"sexta-feira";"03:30:00";"MG";40;550;"NOVA LIMA";"Velocidade Incompatível";"Colisão com objeto estático";"Com Vítimas Feridas";"Pleno dia";"Decrescente";"Céu Claro";"Dupla";"Curva";"Sim";2;0;2;0;0;0;2;1;-20,0477638;-43,96439441;"SPRF-MG";"DEL01-MG";"UOP02-DEL01-MG"
297130;2020-07-24;"sexta-feira";"03:20:00";"MG";262;803;"UBERABA";"Ingestão de Álcool";"Colisão com objeto estático";"Sem Vítimas";"Plena Noite";"Crescente";"Céu Claro";"Dupla";"Reta";"Não";1;0;0;0;0;1;0;1;-19,77509606;-47,97201785;"SPRF-MG";"DEL13-MG";"UOP01-DEL13-MG"
297131;2020-07-24;"sexta-feira";"04:20:00";"PB";104;116,5;"LAGOA SECA";"Falta de Atenção à Condução";"Tombamento";"Com Vítimas Fatais";"Plena Noite";"Crescente";"Nevoeiro/Neblina";"Simples";"Declive;Curva";"Não";3;1;0;1;0;1;1;2;-7,1782817;-35,86377198;"SPRF-PB";"DEL02-PB";"UOP04-DEL02-PB"
297134;2020-07-24;"sexta-feira";"05:10:00";"RS";101;78,6;"OSORIO";"Condutor Dormindo";"Saída de leito carroçável";"Com Vítimas Feridas";"Plena Noite";"Crescente";"Céu Claro";"Dupla";"Reta";"Não";2;0;1;1;0;0;2;1;-29,81058704;-50,24122892;"SPRF-RS";"DEL03-RS";"UOP01-DEL03-RS"
297137;2020-07-24;"sexta-feira";"06:45:00";"SE";235;4,5;"NOSSA SENHORA DO SOCORRO";"Não guardar distância de segurança";"Colisão traseira";"Com Vítimas Feridas";"Pleno dia";"Decrescente";"Céu Claro";"Dupla";"Reta";"Sim";2;0;0;1;1;0;1;2;-10,90603838;-37,11152673;"SPRF-SE";"DEL01-SE";"UOP01-DEL01-SE"
297138;2020-07-24;"sexta-feira";"06:25:00";"SP";153;1;"ICEM";"Animais na Pista";"Tombamento";"Com Vítimas Feridas";"Amanhecer";"Crescente";"Céu Claro";"Simples";"Reta";"Não";1;0;1;0;0;0;1;1;-20,31427991;-49,20946944;"SPRF-SP";"DEL09-SP";"UOP01-DEL09-SP"
297142;2020-07-24;"sexta-feira";"05:40:00";"RO";319;56;"PORTO VELHO";"Desobediência às normas de trânsito pelo condutor";"Colisão traseira";"Com Vítimas Fatais";"Amanhecer";"Decrescente";"Céu Claro";"Simples";"Reta";"Não";3;1;0;0;1;1;0;3;-8,74047925;-63,93534422;"SPRF-RO";"DEL01-RO";"UOP01-DEL01-RO"
297145;2020-07-24;"sexta-feira";"08:00:00";"ES";101;300,9;"VIANA";"Pista Escorregadia";"Tombamento";"Com Vítimas Feridas";"Pleno dia";"Crescente";"Nublado";"Dupla";"Reta";"Sim";1;0;1;0;0;0;1;1;-20,358635;-40,432167;"SPRF-ES";"DEL01-ES";"UOP01-DEL01-ES"
297146;2020-07-24;"sexta-feira";"08:10:00";"PE";232;6;"RECIFE";"Não guardar distância de segurança";"Colisão traseira";"Com Vítimas Feridas";"Pleno dia";"Crescente";"Céu Claro";"Dupla";"Reta";"Não";2;0;1;0;1;0;1;2;-8,07079525;-34,9535389;"SPRF-PE";"DEL01-PE";"UOP01-DEL01-PE"
297148;2020-07-24;"sexta-feira";"07:55:00";"PR";277;721;"FOZ DO IGUACU";"Falta de Atenção à Condução";"Colisão transversal";"Com Vítimas Feridas";"Pleno dia";"Crescente";"Céu Claro";"Dupla";"Retorno Regulamentado;Reta";"Sim";2;0;1;0;1;0;1;2;-25,4911505;-54,51185421;"SPRF-PR";"DEL05-PR";"UOP01-DEL05-PR"
297150;2020-07-24;"sexta-feira";"07:37:00";"RJ";101;169;"MACAE";"Desobediência às normas de trânsito pelo condutor";"Colisão transversal";"Com Vítimas Feridas";"Pleno dia";"Decrescente";"Céu Claro";"Simples";"Rotatória";"Não";2;0;1;0;1;0;1;2;-22,35125958;-41,9221205;"SPRF-RJ";"DEL08-RJ";"UOP04-DEL08-RJ"
297151;2020-07-24;"sexta-feira";"08:15:00";"CE";20;426,7;"FORTALEZA";"Falta de Atenção à Condução";"Colisão traseira";"Com Vítimas Feridas";"Pleno dia";"Crescente";"Céu Claro";"Dupla";"Reta";"Não";2;0;1;0;1;0;1;2;-3,76999035;-38,67006282;"SPRF-CE";"DEL01-CE";"UOP02-DEL01-CE"
297152;2020-07-24;"sexta-feira";"08:15:00";"MG";381;367;"SAO GONCALO DO RIO ABAIXO";"Velocidade Incompatível";"Queda de ocupante de veículo";"Com Vítimas Feridas";"Amanhecer";"Crescente";"Céu Claro";"Simples";"Curva";"Não";1;0;1;0;0;0;1;1;-19,84959351;-43,27455396;"SPRF-MG";"DEL03-MG";"UOP01-DEL03-MG"
297158;2020-07-24;"sexta-feira";"08:40:00";"PA";10;17;"DOM ELISEU";"Falta de Atenção à Condução";"Danos eventuais";"Com Vítimas Feridas";"Pleno dia";"Crescente";"Céu Claro";"Simples";"Reta";"Sim";2;0;1;0;1;0;1;2;-4,30201297;-47,55571979;"SPRF-PA";"DEL02-PA";"UOP02-DEL02-PA"
297159;2020-07-24;"sexta-feira";"07:55:00";"MG";365;141,2;"VARZEA DA PALMA";"Desobediência às normas de trânsito pelo condutor";"Colisão traseira";"Sem Vítimas";"Pleno dia";"Crescente";"Céu Claro";"Simples";"Reta";"Não";3;0;0;0;3;0;0;2;-17,22430629;-44,8243825;"SPRF-MG";"DEL12-MG";"UOP01-DEL12-MG"
297160;2020-07-24;"sexta-feira";"06:10:00";"BA";101;130;"ARAMARI";"Defeito Mecânico no Veículo";"Incêndio";"Sem Vítimas";"Pleno dia";"Crescente";"Nevoeiro/Neblina";"Simples";"Reta";"Não";1;0;0;0;1;0;0;1;-12,177916;-38,577168;"SPRF-BA";"DEL01-BA";"UOP04-DEL01-BA"
297161;2020-07-24;"sexta-feira";"08:20:00";"RJ";40;110;"DUQUE DE CAXIAS";"Falta de Atenção à Condução";"Colisão lateral";"Com Vítimas Feridas";"Pleno dia";"Crescente";"Céu Claro";"Múltipla";"Reta";"Sim";2;0;1;0;1;0;1;2;-22,68289906;-43,28549346;"SPRF-RJ";"DEL01-RJ";"UOP01-DEL01-RJ"
297163;2020-07-24;"sexta-feira";"09:00:00";"BA";324;599;"SIMOES FILHO";"Defeito Mecânico no Veículo";"Colisão com objeto estático";"Com Vítimas Feridas";"Pleno dia";"Decrescente";"Céu Claro";"Múltipla";"Reta";"Não";2;0;1;0;1;0;1;1;-12,74194511;-38,43853918;"SPRF-BA";"DEL01-BA";"UOP01-DEL01-BA"
297164;2020-07-24;"sexta-feira";"09:00:00";"RS";386;156,7;"ALMIRANTE TAMANDARE DO SUL";"Desobediência às normas de trânsito pelo condutor";"Colisão transversal";"Com Vítimas Feridas";"Pleno dia";"Crescente";"Céu Claro";"Simples";"Reta";"Não";3;0;2;0;1;0;2;2;-28,13368522;-52,84868002;"SPRF-RS";"DEL08-RS";"UOP01-DEL08-RS"
297165;2020-07-24;"sexta-feira";"07:30:00";"SC";480;127,6;"CHAPECO";"Falta de Atenção à Condução";"Colisão transversal";"Com Vítimas Feridas";"Pleno dia";"Crescente";"Sol";"Simples";"Reta";"Sim";2;0;1;0;1;0;1;2;-27,02885905;-52,63380035;"SPRF-SC";"DEL07-SC";"UOP01-DEL07-SC"
297168;2020-07-18;"sábado";"09:20:00";"MS";262;90;"TRES LAGOAS";"Falta de Atenção à Condução";"Saída de leito carroçável";"Com Vítimas Feridas";"Pleno dia";"Crescente";"Céu Claro";"Dupla";"Declive";"Não";2;0;2;0;0;0;2;1;-20,60416799;-52,409433;"SPRF-MS";"DEL07-MS";"UOP02-DEL07-MS"
297169;2020-05-28;"quinta-feira";"07:40:00";"MG";365;335;"VARJAO DE MINAS";"Falta de Atenção à Condução";"Saída de leito carroçável";"Com Vítimas Feridas";"Pleno dia";"Crescente";"Céu Claro";"Simples";"Reta";"Não";1;0;1;0;0;0;1;1;-18,37388576;-46,03311539;"SPRF-MG";"DEL10-MG";"UOP01-DEL10-MG"
297170;2020-07-08;"quarta-feira";"22:40:00";"RS";472;648,5;"BARRA DO QUARAI";"Desobediência às normas de trânsito pelo condutor";"Saída de leito carroçável";"Com Vítimas Feridas";"Plena Noite";"Crescente";"Nublado";"Simples";"Reta";"Sim";4;0;1;1;1;1;2;3;-30,20728758;-57,54863977;"SPRF-RS";"DEL13-RS";"UOP01-DEL13-RS"
297171;2020-07-24;"sexta-feira";"10:40:00";"CE";20;414;"MARACANAU";"Falta de Atenção à Condução";"Colisão traseira";"Com Vítimas Feridas";"Pleno dia";"Crescente";"Céu Claro";"Simples";"Reta";"Sim";2;0;1;0;1;0;1;2;-3,76999035;-38,67006282;"SPRF-CE";"DEL01-CE";"UOP01-DEL01-CE"
297172;2020-07-24;"sexta-feira";"10:30:00";"PR";277;725,4;"FOZ DO IGUACU";"Defeito Mecânico no Veículo";"Queda de ocupante de veículo";"Com Vítimas Feridas";"Pleno dia";"Decrescente";"Sol";"Dupla";"Reta";"Sim";1;0;1;0;0;0;1;1;-25,51080219;-54,54926491;"SPRF-PR";"DEL05-PR";"UOP03-DEL05-PR"
297173;2020-07-24;"sexta-feira";"11:00:00";"PR";277;237,4;"IRATI";"Defeito Mecânico no Veículo";"Queda de ocupante de veículo";"Com Vítimas Feridas";"Pleno dia";"Crescente";"Céu Claro";"Simples";"Reta";"Sim";1;0;1;0;0;0;1;1;-25,457876;-50,60717;"SPRF-PR";"DEL03-PR";"UOP03-DEL03-PR"
297175;2020-07-24;"sexta-feira";"09:00:00";"MG";267;233,2;"LIBERDADE";"Velocidade Incompatível";"Saída de leito carroçável";"Com Vítimas Feridas";"Pleno dia";"Crescente";"Sol";"Simples";"Reta";"Não";1;0;1;0;0;0;1;1;-21,94836294;-44,35227552;"SPRF-MG";"DEL17-MG";"UOP01-DEL17-MG"
297176;2020-07-24;"sexta-feira";"11:15:00";"BA";116;828;"VITORIA DA CONQUISTA";"Desobediência às normas de trânsito pelo condutor";"Colisão lateral";"Com Vítimas Feridas";"Pleno dia";"Crescente";"Céu Claro";"Simples";"Reta";"Não";2;0;1;0;1;0;1;2;-14,82955364;-40,83059006;"SPRF-BA";"DEL08-BA";"UOP01-DEL08-BA"
297179;2020-07-24;"sexta-feira";"12:15:00";"RJ";116;129;"MAGE";"Defeito Mecânico no Veículo";"Colisão lateral";"Com Vítimas Feridas";"Pleno dia";"Decrescente";"Céu Claro";"Dupla";"Reta";"Não";2;0;1;0;1;0;1;2;-22,66471224;-43,11056004;"SPRF-RJ";"DEL04-RJ";"UOP02-DEL04-RJ"
297180;2020-07-24;"sexta-feira";"11:30:00";"PB";230;125,1;"RIACHAO DO BACAMARTE";"Falta de Atenção à Condução";"Saída de leito carroçável";"Com Vítimas Feridas";"Pleno dia";"Crescente";"Céu Claro";"Simples";"Aclive";"Não";3;0;1;0;2;0;1;1;-7,2498;-35,6827;"SPRF-PB";"DEL02-PB";"UOP01-DEL02-PB"
297181;2020-07-24;"sexta-feira";"12:55:00";"MG";381;838;"SAO SEBASTIAO DA BELA VISTA";"Condutor Dormindo";"Capotamento";"Com Vítimas Feridas";"Pleno dia";"Crescente";"Céu Claro";"Dupla";"Curva";"Não";2;0;2;0;0;0;2;1;-22,19252695;-45,84775906;"SPRF-MG";"DEL16-MG";"UOP01-DEL16-MG"
297184;2020-07-24;"sexta-feira";"13:10:00";"SC";470;64,9;"INDAIAL";"Desobediência às normas de trânsito pelo condutor";"Colisão transversal";"Com Vítimas Feridas";"Pleno dia";"Decrescente";"Céu Claro";"Simples";"Reta";"Sim";2;0;1;0;1;0;1;2;-26,87042041;-49,21196938;"SPRF-SC";"DEL04-SC";"UOP01-DEL04-SC"
297185;2020-06-28;"domingo";"11:32:00";"SC";101;184,9;"BIGUACU";"Velocidade Incompatível";"Colisão lateral";"Com Vítimas Fatais";"Pleno dia";"Decrescente";"Céu Claro";"Dupla";"Reta";"Sim";7;1;1;0;4;1;1;3;-27,422813;-48,624945;"SPRF-SC";"DEL01-SC";"UOP01-DEL01-SC"
297186;2020-07-24;"sexta-feira";"13:10:00";"SP";116;109;"TAUBATE";"Falta de Atenção à Condução";"Colisão traseira";"Com Vítimas Feridas";"Pleno dia";"Decrescente";"Céu Claro";"Dupla";"Reta";"Sim";2;0;1;0;1;0;1;2;-23,02871304;-45,54517097;"SPRF-SP";"DEL06-SP";"UOP01-DEL06-SP"
297190;2020-07-24;"sexta-feira";"12:00:00";"PR";376;363,7;"ORTIGUEIRA";"Desobediência às normas de trânsito pelo condutor";"Colisão transversal";"Com Vítimas Feridas";"Pleno dia";"Crescente";"Céu Claro";"Simples";"Curva";"Não";5;0;0;1;4;0;1;3;-24,33517026;-50,84050313;"SPRF-PR";"DEL03-PR";"UOP02-DEL03-PR"
297191;2020-07-24;"sexta-feira";"11:50:00";"AC";317;264;"EPITACIOLANDIA";"Falta de Atenção à Condução";"Saída de leito carroçável";"Com Vítimas Feridas";"Pleno dia";"Crescente";"Céu Claro";"Simples";"Aclive;Reta;Em Obras";"Não";3;0;0;2;0;1;2;1;-10,898258;-68,552892;"SPRF-AC";"DEL01-AC";"UOP02-DEL01-AC"
297192;2020-05-27;"quarta-feira";"12:40:00";"RS";158;377,1;"DILERMANDO DE AGUIAR";"Desobediência às normas de trânsito pelo condutor";"Capotamento";"Sem Vítimas";"Pleno dia";"Decrescente";"Sol";"Simples";"Reta";"Não";2;0;0;0;2;0;0;1;-29,86467396;-54,24311;"SPRF-RS";"DEL09-RS";"UOP01-DEL09-RS"
297196;2020-07-24;"sexta-feira";"14:15:00";"RN";101;99,8;"NATAL";"Defeito Mecânico no Veículo";"Tombamento";"Com Vítimas Feridas";"Pleno dia";"Crescente";"Céu Claro";"Múltipla";"Reta";"Sim";1;0;1;0;0;0;1;1;-5,87551458;-35,22227526;"SPRF-RN";"DEL01-RN";"UOP01-DEL01-RN"