"id";"data_inversa";"dia_semana";"horario";"uf";"br";"km";"municipio";"causa_acidente";"tipo_acidente";"classificacao_acidente";"fase_dia";"sentido_via";"condicao_metereologica";"tipo_pista";"tracado_via";"uso_solo";"pessoas";"mortos";"feridos_leves";"feridos_graves";"ilesos";"ignorados";"feridos";"veiculos";"latitude";"longitude";"regional";"delegacia";"uop"
297300;2020-07-24;"sexta-feira";"23:10:00";"SP";116;285;"ITAPECERICA DA SERRA";"Avarias e/ou desgaste excessivo no pneu";"Tombamento";"Com Vítimas Feridas";"Plena Noite";"Decrescente";"Céu Claro";"Dupla";"Reta";"Não";2;0;1;1;0;0;2;1;-23,70407794;-46,87249709;"SPRF-SP";"DEL04-SP";"UOP01-DEL04-SP"
297301;2020-07-24;"sexta-feira";"21:30:00";"PR";376;489;"PONTA GROSSA";"Desobediência às normas de trânsito pelo condutor";"Atropelamento de Pedestre";"Com Vítimas Fatais";"Plena Noite";"Crescente";"Céu Claro";"Múltipla";"Reta";"Sim";2;1;0;0;0;1;0;2;-25,14172584;-50,1586859;"SPRF-PR";"DEL03-PR";"UOP04-DEL03-PR"
297304;2020-07-24;"sexta-feira";"18:30:00";"MG";354;753,8;"ITAMONTE";"Velocidade Incompatível";"Tombamento";"Com Vítimas Feridas";"Plena Noite";"Decrescente";"Céu Claro";"Simples";"Reta";"Sim";1;0;0;1;0;0;1;1;-22,30074263;-44,86208652;"SPRF-MG";"DEL17-MG";"UOP01-DEL17-MG"
297306;2020-07-24;"sexta-feira";"23:30:00";"MG";365;615;"UBERLANDIA";"Falta de Atenção à Condução";"Colisão com objeto estático";"Com Vítimas Feridas";"Plena Noite";"Crescente";"Céu Claro";"Dupla";"Reta";"Sim";1;0;1;0;0;0;1;1;-18,884602;-48,26594;"SPRF-MG";"DEL15-MG";"UOP01-DEL15-MG"
297307;2020-07-24;"sexta-feira";"21:15:00";"PA";316;45,3;"SANTA IZABEL DO PARA";"Falta de Atenção à Condução";"Saída de leito carroçável";"Com Vítimas Feridas";"Plena Noite";"Decrescente";"Céu Claro";"Dupla";"Reta";"Não";3;0;1;0;2;0;1;1;-1,277567;-48,078326;"SPRF-PA";"DEL01-PA";"UOP01-DEL01-PA"
297310;2020-07-25;"sábado";"00:15:00";"SC";101;162,5;"TIJUCAS";"Falta de Atenção à Condução";"Saída de leito carroçável";"Com Vítimas Feridas";"Plena Noite";"Decrescente";"Nublado";"Simples";"Reta";"Sim";1;0;1;0;0;0;1;1;-27,22554009;-48,6279367;"SPRF-SC";"DEL04-SC";"UOP03-DEL04-SC"
297312;2020-07-24;"sexta-feira";"20:45:00";"PI";135;363,1;"BOM JESUS";"Falta de Atenção à Condução";"Saída de leito carroçável";"Com Vítimas Feridas";"Plena Noite";"Decrescente";"Céu Claro";"Simples";"Reta";"Não";4;0;3;0;0;1;3;1;-9,14779614;-44,41230285;"SPRF-PI";"DEL03-PI";"UOP02-DEL03-PI"
297314;2020-07-25;"sábado";"01:05:00";"SC";101;214,9;"PALHOCA";"Velocidade Incompatível";"Colisão com objeto estático";"Com Vítimas Feridas";"Plena Noite";"Crescente";"Céu Claro";"Múltipla";"Reta";"Sim";2;0;1;1;0;0;2;1;-27,65045122;-48,6749804;"SPRF-SC";"DEL01-SC";"UOP02-DEL01-SC"
297315;2020-07-24;"sexta-feira";"21:50:00";"MA";10;124;"ESTREITO";"Ultrapassagem Indevida";"Colisão frontal";"Com Vítimas Feridas";"Plena Noite";"Decrescente";"Céu Claro";"Simples";"Aclive";"Não";4;0;2;0;2;0;2;2;-6,598255;-47,435024;"SPRF-MA";"DEL04-MA";"UOP02-DEL04-MA"
297317;2020-07-24;"sexta-feira";"21:10:00";"PR";0;0;"CURITIBA";"Agressão Externa";"Colisão lateral";"Sem Vítimas";"Plena Noite";"Não Informado";"Nublado";"Simples";"Declive";"Não";2;0;0;0;1;1;0;2;-25,5799176;-49,25176799;"SPRF-PR";"DEL01-PR";"UOP01-DEL01-PR"
297321;2020-07-25;"sábado";"02:00:00";"CE";222;3,3;"CAUCAIA";"Falta de Atenção à Condução";"Colisão transversal";"Com Vítimas Feridas";"Plena Noite";"Decrescente";"Céu Claro";"Dupla";"Ponte";"Sim";3;0;2;0;1;0;2;2;-3,74131596;-38,60147238;"SPRF-CE";"DEL01-CE";"UOP01-DEL01-CE"
297322;2020-07-25;"sábado";"02:50:00";"SC";101;114,8;"ITAJAI";"Defeito Mecânico no Veículo";"Tombamento";"Com Vítimas Feridas";"Plena Noite";"Decrescente";"Nublado";"Dupla";"Declive";"Sim";1;0;1;0;0;0;1;1;-26,86192886;-48,7286704;"SPRF-SC";"DEL04-SC";"UOP04-DEL04-SC"
297323;2020-07-25;"sábado";"03:10:00";"RJ";101;195;"CASIMIRO DE ABREU";"Falta de Atenção à Condução";"Colisão com objeto estático";"Sem Vítimas";"Plena Noite";"Crescente";"Céu Claro";"Dupla";"Curva";"Não";2;0;0;0;2;0;0;1;-22,49220783;-42,10020136;"SPRF-RJ";"DEL08-RJ";"UOP04-DEL08-RJ"
297324;2020-07-25;"sábado";"02:50:00";"RJ";101;486;"ANGRA DOS REIS";"Falta de Atenção à Condução";"Colisão lateral";"Com Vítimas Feridas";"Plena Noite";"Crescente";"Céu Claro";"Simples";"Reta";"Sim";2;0;2;0;0;0;2;1;-22,93957489;-44,23885345;"SPRF-RJ";"DEL03-RJ";"UOP03-DEL03-RJ"
297325;2020-07-25;"sábado";"04:25:00";"PR";369;247,7;"APUCARANA";"Velocidade Incompatível";"Colisão com objeto estático";"Com Vítimas Feridas";"Plena Noite";"Decrescente";"Céu Claro";"Dupla";"Reta";"Sim";1;0;1;0;0;0;1;1;-23,59942236;-51,41006224;"SPRF-PR";"DEL07-PR";"UOP03-DEL07-PR"
297326;2020-07-25;"sábado";"03:15:00";"RS";116;297,8;"GUAIBA";"Ingestão de Álcool";"Saída de leito carroçável";"Com Vítimas Feridas";"Plena Noite";"Crescente";"Chuva";"Dupla";"Reta";"Não";1;0;1;0;0;0;1;1;-30,09753097;-51,34302937;"SPRF-RS";"DEL02-RS";"UOP01-DEL02-RS"
297327;2020-07-25;"sábado";"04:25:00";"GO";40;6,8;"VALPARAISO DE GOIAS";"Velocidade Incompatível";"Colisão traseira";"Sem Vítimas";"Plena Noite";"Crescente";"Céu Claro";"Dupla";"Reta";"Sim";2;0;0;0;1;1;0;2;-16,10771581;-47,9729945;"SPRF-DF";"DEL01-DF";"UOP01-DEL01-DF"
297330;2020-07-25;"sábado";"01:30:00";"MG";262;746,8;"PERDIZES";"Condutor Dormindo";"Colisão com objeto estático";"Com Vítimas Feridas";"Plena Noite";"Decrescente";"Céu Claro";"Simples";"Reta";"Não";4;0;2;2;0;0;4;1;-19,61978586;-47,47739104;"SPRF-MG";"DEL13-MG";"UOP01-DEL13-MG"
297331;2020-07-25;"sábado";"04:20:00";"SP";381;78;"SAO PAULO";"Falta de Atenção do Pedestre";"Atropelamento de Pedestre";"Com Vítimas Fatais";"Plena Noite";"Crescente";"Céu Claro";"Dupla";"Reta";"Sim";2;1;0;0;1;0;0;2;-23,39620774;-46,57355227;"SPRF-SP";"DEL03-SP";"UOP01-DEL03-SP"
297332;2020-07-25;"sábado";"05:00:00";"MG";50;84;"UBERLANDIA";"Condutor Dormindo";"Saída de leito carroçável";"Com Vítimas Feridas";"Plena Noite";"Decrescente";"Céu Claro";"Dupla";"Reta";"Não";2;0;2;0;0;0;2;1;-18,9959378;-48,21045399;"SPRF-MG";"DEL15-MG";"UOP01-DEL15-MG"
297333;2020-07-25;"sábado";"06:00:00";"SC";101;382;"ICARA";"Desobediência às normas de trânsito pelo condutor";"Colisão transversal";"Com Vítimas Feridas";"Amanhecer";"Decrescente";"Céu Claro";"Simples";"Reta";"Sim";2;0;0;1;1;0;1;2;-28,75966988;-49,28552404;"SPRF-SC";"DEL02-SC";"UOP02-DEL02-SC"
297334;2020-07-24;"sexta-feira";"23:58:00";"MG";381;521;"BRUMADINHO";"Velocidade Incompatível";"Saída de leito carroçável";"Com Vítimas Feridas";"Plena Noite";"Crescente";"Céu Claro";"Dupla";"Curva";"Não";1;0;1;0;0;0;1;1;-20,13846621;-44,31715274;"SPRF-MG";"DEL04-MG";"UOP03-DEL04-MG"
297335;2020-07-25;"sábado";"03:20:00";"DF";70;1;"BRASILIA";"Falta de Atenção à Condução";"Queda de ocupante de veículo";"Com Vítimas Feridas";"Plena Noite";"Crescente";"Céu Claro";"Múltipla";"Reta";"Sim";1;0;1;0;0;0;1;1;-15,795264;-48,063801;"SPRF-DF";"DEL03-DF";"UOP02-DEL03-DF"
297336;2020-07-25;"sábado";"07:30:00";"PR";158;515,9;"PATO BRANCO";"Defeito Mecânico no Veículo";"Colisão com objeto estático";"Sem Vítimas";"Pleno dia";"Decrescente";"Chuva";"Simples";"Reta";"Não";1;0;0;0;1;0;0;1;-26,0653838;-52,63609922;"SPRF-PR";"DEL02-PR";"UOP01-DEL02-PR"
297337;2020-05-25;"segunda-feira";"16:30:00";"RN";110;129;"AUGUSTO SEVERO";"Desobediência às normas de trânsito pelo condutor";"Colisão traseira";"Com Vítimas Feridas";"Pleno dia";"Decrescente";"Ignorado";"Simples";"Reta";"Sim";2;0;0;1;0;1;1;2;-5,86843969;-37,31508862;"SPRF-RN";"DEL04-RN";"UOP01-DEL04-RN"
297338;2020-07-18;"sábado";"21:15:00";"SC";101;128;"ITAJAI";"Velocidade Incompatível";"Colisão traseira";"Com Vítimas Feridas";"Plena Noite";"Crescente";"Nublado";"Dupla";"Reta";"Não";3;0;2;0;0;1;2;2;-26,97284292;-48,68299451;"SPRF-SC";"DEL04-SC";"UOP03-DEL04-SC"
297340;2020-07-25;"sábado";"07:50:00";"RJ";40;123;"DUQUE DE CAXIAS";"Ingestão de álcool e/ou substâncias psicoativas pelo pedestre";"Colisão transversal";"Com Vítimas Feridas";"Pleno dia";"Decrescente";"Céu Claro";"Múltipla";"Interseção de Vias;Reta";"Sim";2;0;1;0;1;0;1;2;-22,79909979;-43,28989587;"SPRF-RJ";"DEL01-RJ";"UOP01-DEL01-RJ"
297341;2020-07-25;"sábado";"07:45:00";"MG";365;622;"UBERLANDIA";"Velocidade Incompatível";"Colisão com objeto estático";"Sem Vítimas";"Pleno dia";"Crescente";"Sol";"Múltipla";"Curva;Declive";"Sim";3;0;0;0;1;2;0;2;-18,90751667;-48,29937209;"SPRF-MG";"DEL15-MG";"UOP01-DEL15-MG"
297342;2020-07-21;"terça-feira";"18:15:00";"SC";101;410;"ARARANGUA";"Deficiência ou não Acionamento do Sistema de Iluminação/Sinalização do Veículo";"Atropelamento de Pedestre";"Com Vítimas Feridas";"Plena Noite";"Decrescente";"Ignorado";"Simples";"Reta";"Sim";2;0;1;1;0;0;2;2;-28,9225061;-49,4913107;"SPRF-SC";"DEL02-SC";"UOP02-DEL02-SC"
297346;2020-07-25;"sábado";"08:15:00";"GO";364;192,6;"JATAI";"Desobediência às normas de trânsito pelo condutor";"Colisão transversal";"Com Vítimas Feridas";"Pleno dia";"Decrescente";"Céu Claro";"Simples";"Rotatória";"Não";7;0;2;0;5;0;2;2;-17,922094;-51,69062;"SPRF-GO";"DEL05-GO";"UOP01-DEL05-GO"
297347;2020-07-25;"sábado";"08:00:00";"PR";369;390,1;"MAMBORE";"Falta de Atenção à Condução";"Colisão com objeto estático";"Com Vítimas Feridas";"Pleno dia";"Crescente";"Nublado";"Simples";"Interseção de Vias";"Não";1;0;1;0;0;0;1;1;-24,28264567;-52,54589081;"SPRF-PR";"DEL04-PR";"UOP03-DEL04-PR"
297348;2020-07-25;"sábado";"09:10:00";"PE";232;78,9;"GRAVATA";"Desobediência às normas de trânsito pelo condutor";"Colisão frontal";"Com Vítimas Feridas";"Pleno dia";"Crescente";"Céu Claro";"Simples";"Reta";"Sim";3;0;1;0;2;0;1;2;-8,19343658;-35,55186505;"SPRF-PE";"DEL02-PE";"UOP02-DEL02PE"
297350;2020-07-25;"sábado";"08:55:00";"MG";116;277;"TEOFILO OTONI";"Falta de Atenção à Condução";"Colisão traseira";"Com Vítimas Feridas";"Pleno dia";"Decrescente";"Nublado";"Simples";"Curva";"Sim";2;0;1;0;1;0;1;2;-17,859603;-41,515177;"SPRF-MG";"DEL11-MG";"UOP01-DEL11-MG"
297352;2020-07-25;"sábado";"09:10:00";"ES";101;377;"ICONHA";"Desobediência às normas de trânsito pelo condutor";"Colisão frontal";"Com Vítimas Feridas";"Pleno dia";"Crescente";"Céu Claro";"Simples";"Reta";"Não";2;0;0;1;1;0;1;2;-20,794271;-40,811726;"SPRF-ES";"DEL03-ES";"UOP01-DEL03-ES"
297353;2020-07-25;"sábado";"09:25:00";"PE";101;68;"RECIFE";"Não guardar distância de segurança";"Colisão traseira";"Com Vítimas Feridas";"Pleno dia";"Decrescente";"Nublado";"Simples";"Reta";"Sim";3;0;1;0;2;0;1;2;-8,053811;-34,946109;"SPRF-PE";"DEL01-PE";"UOP01-DEL01-PE"
297354;2020-07-25;"sábado";"10:00:00";"MG";365;403;"PATOS DE MINAS";"Desobediência às normas de trânsito pelo condutor";"Colisão transversal";"Com Vítimas Feridas";"Pleno dia";"Crescente";"Céu Claro";"Simples";"Curva";"Não";5;0;4;0;1;0;4;2;-18,63512164;-46,46329555;"SPRF-MG";"DEL10-MG";"UOP01-DEL10-MG"
297355;2020-07-25;"sábado";"10:13:00";"SC";101;206,9;"SAO JOSE";"Falta de Atenção à Condução";"Colisão transversal";"Com Vítimas Feridas";"Pleno dia";"Decrescente";"Nublado";"Dupla";"Viaduto";"Sim";2;0;1;0;1;0;1;2;-27,59193546;-48,61824557;"SPRF-SC";"DEL01-SC";"UOP01-DEL01-SC"
297356;2020-07-25;"sábado";"10:00:00";"PR";116;164,2;"QUITANDINHA";"Falta de Atenção à Condução";"Colisão frontal";"Com Vítimas Feridas";"Pleno dia";"Crescente";"Sol";"Simples";"Curva";"Não";3;0;0;3;0;0;3;2;-25,86445029;-49,42745303;"SPRF-PR";"DEL01-PR";"UOP03-DEL01-PR"
297357;2020-07-25;"sábado";"01:30:00";"MG";365;9,7;"MONTES CLAROS";"Velocidade Incompatível";"Saída de leito carroçável";"Com Vítimas Feridas";"Plena Noite";"Decrescente";"Céu Claro";"Simples";"Reta;Declive";"Não";1;0;0;1;0;0;1;1;-16,83452;-43,943562;"SPRF-MG";"DEL12-MG";"UOP01-DEL12-MG"
297358;2020-07-25;"sábado";"10:00:00";"GO";70;300;"ITAPIRAPUA";"Falta de Atenção à Condução";"Colisão lateral";"Com Vítimas Feridas";"Pleno dia";"Crescente";"Céu Claro";"Simples";"Reta";"Sim";3;0;1;0;1;1;1;3;-15,89534882;-50,44062194;"SPRF-GO";"DEL04-GO";"UOP01-DEL04-GO"
297359;2020-07-21;"terça-feira";"00:15:00";"SP";116;186;"SANTA ISABEL";"Velocidade Incompatível";"Saída de leito carroçável";"Com Vítimas Feridas";"Plena Noite";"Decrescente";"Céu Claro";"Dupla";"Curva";"Não";2;0;2;0;0;0;2;1;-23,35220682;-46,19934905;"SPRF-SP";"DEL02-SP";"UOP01-DEL02-SP"
297360;2020-07-25;"sábado";"10:05:00";"MG";365;88,1;"JEQUITAI";"Ultrapassagem Indevida";"Colisão frontal";"Com Vítimas Feridas";"Pleno dia";"Crescente";"Céu Claro";"Simples";"Reta";"Não";5;0;1;1;3;0;2;2;-17,18913001;-44,43099298;"SPRF-MG";"DEL12-MG";"UOP01-DEL12-MG"
297364;2020-07-25;"sábado";"09:45:00";"PR";158;533;"PATO BRANCO";"Desobediência às normas de trânsito pelo condutor";"Colisão transversal";"Com Vítimas Feridas";"Pleno dia";"Crescente";"Nublado";"Simples";"Interseção de Vias";"Sim";4;0;1;0;3;0;1;2;-26,21797909;-52,68177152;"SPRF-PR";"DEL02-PR";"UOP01-DEL02-PR"
297366;2020-01-11;"sábado";"18:30:00";"RJ";40;58,9;"PETROPOLIS";"Ingestão de Álcool";"Colisão traseira";"Com Vítimas Feridas";"Pleno dia";"Crescente";"Céu Claro";"Dupla";"Curva";"Não";4;0;1;0;3;0;1;2;-22,378777;-43,131523;"SPRF-RJ";"DEL06-RJ";"UOP01-DEL06-RJ"
297367;2020-07-25;"sábado";"10:25:00";"MG";116;277,9;"TEOFILO OTONI";"Desobediência às normas de trânsito pelo condutor";"Colisão traseira";"Com Vítimas Feridas";"Pleno dia";"Crescente";"Nublado";"Simples";"Interseção de Vias;Reta";"Sim";2;0;1;0;1;0;1;2;-17,867084;-41,516838;"SPRF-MG";"DEL11-MG";"UOP01-DEL11-MG"
297368;2020-07-25;"sábado";"10:40:00";"RJ";116;178;"NOVA IGUACU";"Não guardar distância de segurança";"Colisão traseira";"Com Vítimas Feridas";"Pleno dia";"Decrescente";"Céu Claro";"Dupla";"Reta";"Sim";2;0;1;0;1;0;1;2;-22,77496393;-43,40081465;"SPRF-RJ";"DEL01-RJ";"UOP02-DEL01-RJ"
297369;2020-07-25;"sábado";"08:10:00";"MT";174;328;"PONTES E LACERDA";"Desobediência às normas de trânsito pelo condutor";"Colisão traseira";"Com Vítimas Feridas";"Pleno dia";"Decrescente";"Céu Claro";"Simples";"Reta";"Não";5;0;2;0;3;0;2;2;-14,89722801;-59,29499509;"SPRF-MT";"DEL04-MT";"UOP01-DEL04-MT"
297370;2020-07-25;"sábado";"11:35:00";"MG";262;33;"MANHUACU";"Não guardar distância de segurança";"Colisão traseira";"Com Vítimas Feridas";"Pleno dia";"Crescente";"Sol";"Simples";"Aclive";"Não";2;0;1;0;1;0;1;2;-20,25550548;-42,00465315;"SPRF-MG";"DEL06-MG";"UOP03-DEL06-MG"
297372;2020-07-25;"sábado";"11:00:00";"CE";222;311;"TIANGUA";"Desobediência às normas de trânsito pelo condutor";"Colisão transversal";"Com Vítimas Feridas";"Pleno dia";"Decrescente";"Céu Claro";"Simples";"Reta";"Não";3;0;2;0;1;0;2;2;-3,711973;-40,984356;"SPRF-CE";"DEL04-CE";"UOP02-DEL04-CE"
297373;2020-07-25;"sábado";"11:00:00";"GO";40;3,2;"VALPARAISO DE GOIAS";"Não guardar distância de segurança";"Engavetamento";"Sem Vítimas";"Pleno dia";"Decrescente";"Céu Claro";"Dupla";"Aclive;Reta";"Sim";3;0;0;0;1;2;0;3;-16,079585;-47,986017;"SPRF-DF";"DEL01-DF";"UOP01-DEL01-DF"
297375;2020-07-25;"sábado";"11:30:00";"PE";232;128;"CARUARU";"Ingestão de Álcool";"Colisão traseira";"Sem Vítimas";"Pleno dia";"Decrescente";"Garoa/Chuvisco";"Múltipla";"Declive";"Sim";2;0;0;0;2;0;0;2;-8,30399306;-35,97216301;"SPRF-PE";"DEL02-PE";"UOP03-DEL02-PE"
297377;2020-07-25;"sábado";"11:45:00";"MG";381;783,2;"CAMPANHA";"Defeito Mecânico no Veículo";"Colisão com objeto estático";"Com Vítimas Feridas";"Pleno dia";"Crescente";"Céu Claro";"Dupla";"Curva";"Sim";2;0;1;0;1;0;1;2;-21,86536321;-45,53455982;"SPRF-MG";"DEL16-MG";"UOP02-DEL16-MG"
297378;2020-07-25;"sábado";"09:45:00";"PR";272;522;"FRANCISCO ALVES";"Desobediência às normas de trânsito pelo condutor";"Saída de leito carroçável";"Com Vítimas Feridas";"Pleno dia";"Decrescente";"Nublado";"Simples";"Interseção de Vias";"Não";3;0;3;0;0;0;3;2;-24,05671075;-53,80484907;"SPRF-PR";"DEL06-PR";"N/A"
297380;2020-07-25;"sábado";"13:00:00";"AL";104;53,1;"MURICI";"Falta de Atenção à Condução";"Tombamento";"Com Vítimas Feridas";"Pleno dia";"Crescente";"Nublado";"Simples";"Curva";"Não";1;0;0;1;0;0;1;1;-9,2654778;-35,96476362;"SPRF-AL";"DEL01-AL";"UOP02-DEL01-AL"
297381;2020-07-25;"sábado";"12:30:00";"PR";369;138;"IBIPORA";"Desobediência às normas de trânsito pelo condutor";"Atropelamento de Pedestre";"Com Vítimas Feridas";"Pleno dia";"Decrescente";"Sol";"Dupla";"Retorno Regulamentado";"Sim";2;0;2;0;0;0;2;2;-23,27386434;-51,05625629;"SPRF-PR";"DEL07-PR";"UOP01-DEL07-PR"
297383;2020-07-25;"sábado";"12:15:00";"MG";116;523,7;"CARATINGA";"Falta de Atenção à Condução";"Colisão transversal";"Com Vítimas Feridas";"Pleno dia";"Crescente";"Céu Claro";"Simples";"Reta";"Sim";2;0;1;0;1;0;1;2;-19,75187896;-42,1326603;"SPRF-MG";"DEL06-MG";"UOP02-DEL06-MG"
297385;2020-07-25;"sábado";"13:30:00";"SE";235;53,5;"ITABAIANA";"Falta de Atenção à Condução";"Colisão transversal";"Com Vítimas Feridas";"Pleno dia";"Crescente";"Nublado";"Simples";"Reta";"Sim";2;0;1;0;1;0;1;2;-10,676047;-37,443279;"SPRF-SE";"DEL01-SE";"UOP02-DEL01-SE"
297387;2020-07-25;"sábado";"13:18:00";"MG";356;264;"MURIAE";"Falta de Atenção à Condução";"Colisão lateral";"Com Vítimas Feridas";"Pleno dia";"Crescente";"Céu Claro";"Simples";"Reta";"Sim";2;0;1;0;0;1;1;2;-21,12552649;-42,37547729;"SPRF-CE";"N/A";"N/A"
297388;2020-07-25;"sábado";"13:30:00";"MG";381;448;"SANTA LUZIA";"Não guardar distância de segurança";"Colisão traseira";"Com Vítimas Feridas";"Pleno dia";"Decrescente";"Céu Claro";"Simples";"Retorno Regulamentado";"Sim";2;0;1;0;1;0;1;2;-19,82357572;-43,83032352;"SPRF-MG";"DEL01-MG";"UOP01-DEL01-MG"
297389;2020-07-25;"sábado";"14:00:00";"SC";470;178;"POUSO REDONDO";"Desobediência às normas de trânsito pelo condutor";"Colisão lateral";"Com Vítimas Feridas";"Pleno dia";"Crescente";"Céu Claro";"Simples";"Declive";"Não";2;0;1;0;1;0;1;2;-27,248392;-49,967083;"SPRF-SC";"DEL04-SC";"UOP02-DEL04-SC"
297391;2020-02-04;"terça-feira";"14:25:00";"PI";316;1,9;"TERESINA";"Defeito na Via";"Colisão lateral";"Sem Vítimas";"Pleno dia";"Decrescente";"Nublado";"Dupla";"Desvio Temporário;Interseção de Vias;Em Obras";"Sim";2;0;0;0;2;0;0;2;-5,12861853;-42,80706778;"SPRF-PI";"DEL01-PI";"UOP02-DEL01-PI"
297392;2020-07-18;"sábado";"17:20:00";"PA";230;112;"MARABA";"Ingestão de Álcool";"Tombamento";"Com Vítimas Feridas";"Pleno dia";"Crescente";"Céu Claro";"Simples";"Declive";"Sim";3;0;1;0;1;1;1;2;-5,36913479;-49,04877095;"SPRF-PA";"DEL03-PA";"UOP01-DEL03-PA"
297393;2020-07-25;"sábado";"07:20:00";"MG";40;665,4;"CARANDAI";"Desobediência às normas de trânsito pelo condutor";"Colisão transversal";"Com Vítimas Feridas";"Pleno dia";"Crescente";"Céu Claro";"Simples";"Declive;Reta";"Sim";2;0;0;1;1;0;1;2;-20,93778015;-43,81473317;"SPRF-MG";"DEL05-MG";"UOP02-DEL05-MG"
297396;2020-07-25;"sábado";"15:10:00";"ES";262;19;"VIANA";"Restrição de Visibilidade";"Colisão lateral";"Com Vítimas Feridas";"Pleno dia";"Crescente";"Céu Claro";"Simples";"Interseção de Vias";"Sim";4;0;1;2;1;0;3;2;-20,3919143;-40,49002338;"SPRF-ES";"DEL01-ES";"UOP01-DEL01-ES"
297398;2020-07-25;"sábado";"14:30:00";"SP";262;319,4;"CASTILHO";"Falta de Atenção à Condução";"Saída de leito carroçável";"Com Vítimas Feridas";"Pleno dia";"Decrescente";"Céu Claro";"Simples";"Curva";"Não";1;0;0;1;0;0;1;1;-20,78051983;-51,59513524;"SPRF-MS";"DEL07-MS";"UOP01-DEL07-MS"
297401;2020-07-25;"sábado";"15:45:00";"MG";262;472;"BOM DESPACHO";"Velocidade Incompatível";"Queda de ocupante de veículo";"Com Vítimas Feridas";"Pleno dia";"Crescente";"Céu Claro";"Simples";"Aclive";"Não";2;0;0;1;0;1;1;2;-19,78651123;-45,17550886;"SPRF-MG";"DEL08-MG";"UOP03-DEL08-MG"
297405;2020-07-25;"sábado";"16:30:00";"DF";60;24;"BRASILIA";"Falta de Atenção à Condução";"Capotamento";"Com Vítimas Fatais";"Pleno dia";"Crescente";"Céu Claro";"Dupla";"Curva";"Não";2;1;0;1;0;0;1;1;-15,991807;-48,232067;"SPRF-DF";"DEL03-DF";"UOP01-DEL03-DF"
297408;2020-07-25;"sábado";"16:35:00";"ES";101;258,2;"SERRA";"Falta de Atenção à Condução";"Atropelamento de Animal";"Com Vítimas Feridas";"Pleno dia";"Crescente";"Sol";"Dupla";"Reta";"Sim";2;0;2;0;0;0;2;1;-20,13059888;-40,2961019;"SPRF-ES";"DEL02-ES";"UOP01-DEL02-ES"
297409;2020-07-25;"sábado";"16:30:00";"RS";101;23,7;"TRES CACHOEIRAS";"Falta de Atenção à Condução";"Colisão transversal";"Com Vítimas Feridas";"Pleno dia";"Crescente";"Céu Claro";"Dupla";"Reta";"Sim";2;0;0;1;1;0;1;2;-29,44729629;-49,91228342;"SPRF-RS";"DEL03-RS";"UOP02-DEL03-RS"
297410;2020-07-25;"sábado";"13:30:00";"BA";324;301;"JACOBINA";"Pista Escorregadia";"Saída de leito carroçável";"Com Vítimas Feridas";"Pleno dia";"Decrescente";"Céu Claro";"Simples";"Reta";"Não";1;0;0;1;0;0;1;1;-11,20769697;-40,47346099;"SPRF-BA";"DEL04-BA";"UOP02-DEL04-BA"
297412;2020-07-25;"sábado";"12:30:00";"PE";104;29,9;"TORITAMA";"Falta de Atenção do Pedestre";"Atropelamento de Pedestre";"Com Vítimas Feridas";"Pleno dia";"Crescente";"Céu Claro";"Simples";"Reta";"Não";2;0;1;1;0;0;2;2;-8,0078;-36,0621;"SPRF-PE";"DEL02-PE";"UOP01-DEL02-PE"
297413;2020-05-30;"sábado";"18:35:00";"PR";277;718;"FOZ DO IGUACU";"Falta de Atenção à Condução";"Colisão lateral";"Com Vítimas Feridas";"Anoitecer";"Crescente";"Céu Claro";"Dupla";"Aclive";"Não";4;0;2;0;2;0;2;3;-25,48013487;-54,48530406;"SPRF-PR";"DEL05-PR";"UOP01-DEL05-PR"
297414;2020-07-25;"sábado";"16:30:00";"TO";242;366,2;"GURUPI";"Falta de Atenção à Condução";"Saída de leito carroçável";"Com Vítimas Feridas";"Pleno dia";"Decrescente";"Céu Claro";"Simples";"Curva";"Não";1;0;1;0;0;0;1;1;-11,79909516;-48,97003116;"SPRF-TO";"DEL01-TO";"UOP02-DEL01-TO"
297415;2020-07-25;"sábado";"12:12:00";"SC";101;134;"BALNEARIO CAMBORIU";"Desobediência às normas de trânsito pelo pedestre";"Atropelamento de Pedestre";"Com Vítimas Feridas";"Pleno dia";"Crescente";"Nublado";"Múltipla";"Reta";"Sim";4;0;0;1;1;2;1;2;-27,00218;-48,636433;"SPRF-SC";"DEL04-SC";"UOP03-DEL04-SC"
297416;2020-07-25;"sábado";"15:50:00";"RO";364;230;"CACOAL";"Ingestão de Álcool";"Colisão traseira";"Com Vítimas Feridas";"Pleno dia";"Crescente";"Sol";"Simples";"Reta";"Não";6;0;1;1;4;0;2;2;-11,47694099;-61,39322799;"SPRF-RO";"DEL02-RO";"UOP02-DEL02-RO"
297418;2020-07-25;"sábado";"12:20:00";"MT";364;0,2;"ALTO ARAGUAIA";"Falta de Atenção à Condução";"Colisão lateral";"Com Vítimas Feridas";"Pleno dia";"Decrescente";"Sol";"Dupla";"Reta";"Sim";3;0;2;1;0;0;3;2;-17,31835701;-53,21223736;"SPRF-MT";"DEL02-MT";"UOP02-DEL02-MT"