"id";"data_inversa";"dia_semana";"horario";"uf";"br";"km";"municipio";"causa_acidente";"tipo_acidente";"classificacao_acidente";"fase_dia";"sentido_via";"condicao_metereologica";"tipo_pista";"tracado_via";"uso_solo";"pessoas";"mortos";"feridos_leves";"feridos_graves";"ilesos";"ignorados";"feridos";"veiculos";"latitude";"longitude";"regional";"delegacia";"uop"
297420;2020-07-25;"sábado";"15:00:00";"PE";408;59,1;"TRACUNHAEM";"Desobediência às normas de trânsito pelo condutor";"Colisão lateral";"Com Vítimas Feridas";"Pleno dia";"Crescente";"Céu Claro";"Simples";"Curva";"Sim";8;0;1;0;3;4;1;3;-7,808571;-35,242986;"SPRF-PE";"DEL01-PE";"UOP01-DEL01-PE"
297421;2020-07-25;"sábado";"16:45:00";"ES";259;0,3;"JOAO NEIVA";"Falta de Atenção à Condução";"Colisão traseira";"Sem Vítimas";"Pleno dia";"Crescente";"Sol";"Simples";"Reta";"Sim";2;0;0;0;1;1;0;2;-19,746645;-40,376907;"SPRF-ES";"DEL02-ES";"UOP01-DEL02-ES"
297422;2020-07-25;"sábado";"16:40:00";"MA";135;6,4;"SAO LUIS";"Falta de Atenção à Condução";"Colisão com objeto em movimento";"Sem Vítimas";"Pleno dia";"Crescente";"Céu Claro";"Dupla";"Reta";"Sim";2;0;0;0;2;0;0;2;-2,62877986;-44,26321818;"SPRF-MA";"DEL01-MA";"UOP01-DEL01-MA"
297425;2020-07-25;"sábado";"12:35:00";"MT";163;1032;"PEIXOTO DE AZEVEDO";"Falta de Atenção à Condução";"Saída de leito carroçável";"Com Vítimas Feridas";"Pleno dia";"Crescente";"Sol";"Simples";"Reta";"Sim";1;0;0;1;0;0;1;1;-10,229492;-54,976868;"SPRF-MT";"DEL06-MT";"NPF/DEL06-MT"
297428;2020-07-25;"sábado";"16:15:00";"SP";262;319,4;"CASTILHO";"Falta de Atenção à Condução";"Saída de leito carroçável";"Com Vítimas Feridas";"Pleno dia";"Decrescente";"Céu Claro";"Simples";"Curva";"Não";2;0;2;0;0;0;2;1;-20,78488813;-51,59859225;"SPRF-MS";"DEL07-MS";"UOP01-DEL07-MS"
297430;2020-07-25;"sábado";"18:00:00";"PB";101;88;"JOAO PESSOA";"Pista Escorregadia";"Tombamento";"Com Vítimas Feridas";"Plena Noite";"Decrescente";"Céu Claro";"Simples";"Curva";"Sim";1;0;1;0;0;0;1;1;-7,16470016;-34,89993643;"SPRF-PB";"DEL01-PB";"UOP01-DEL01-PB"
297433;2020-07-25;"sábado";"17:45:00";"PR";376;644;"TIJUCAS DO SUL";"Ultrapassagem Indevida";"Colisão frontal";"Com Vítimas Feridas";"Anoitecer";"Decrescente";"Céu Claro";"Simples";"Aclive";"Sim";3;0;0;1;2;0;1;2;-25,81419584;-49,13167969;"SPRF-PR";"DEL01-PR";"UOP04-DEL01-PR"
297435;2020-07-25;"sábado";"18:05:00";"SC";101;148,2;"ITAPEMA";"Velocidade Incompatível";"Colisão traseira";"Com Vítimas Feridas";"Plena Noite";"Decrescente";"Céu Claro";"Dupla";"Reta";"Sim";2;0;0;1;1;0;1;2;-27,10123686;-48,61807962;"SPRF-SC";"DEL04-SC";"UOP03-DEL04-SC"
297437;2020-07-25;"sábado";"18:00:00";"SC";101;332;"TUBARAO";"Desobediência às normas de trânsito pelo condutor";"Colisão lateral";"Com Vítimas Feridas";"Plena Noite";"Decrescente";"Nublado";"Dupla";"Reta";"Sim";1;0;1;0;0;0;1;1;-28,46016431;-48,98968873;"SPRF-SC";"DEL02-SC";"UOP01-DEL02-SC"
297439;2020-07-25;"sábado";"17:50:00";"RJ";116;75;"TERESOPOLIS";"Falta de Atenção à Condução";"Colisão com objeto estático";"Com Vítimas Feridas";"Plena Noite";"Decrescente";"Céu Claro";"Simples";"Curva";"Sim";1;0;1;0;0;0;1;1;-22,38207336;-42,95518041;"SPRF-RJ";"DEL04-RJ";"UOP01-DEL04-RJ"
297440;2020-07-25;"sábado";"10:20:00";"RJ";101;403;"ITAGUAI";"Velocidade Incompatível";"Colisão com objeto estático";"Com Vítimas Feridas";"Pleno dia";"Crescente";"Céu Claro";"Dupla";"Reta";"Não";4;0;0;1;3;0;1;1;-22,85924449;-43,79010059;"SPRF-RJ";"DEL03-RJ";"UOP01-DEL03-RJ"
297442;2020-07-25;"sábado";"18:30:00";"ES";259;0;"JOAO NEIVA";"Falta de Atenção à Condução";"Tombamento";"Com Vítimas Feridas";"Plena Noite";"Crescente";"Céu Claro";"Simples";"Reta";"Não";1;0;0;1;0;0;1;1;-19,746645;-40,376907;"SPRF-ES";"DEL02-ES";"UOP01-DEL02-ES"
297444;2020-07-25;"sábado";"17:20:00";"PR";376;459;"TIBAGI";"Falta de Atenção à Condução";"Saída de leito carroçável";"Sem Vítimas";"Pleno dia";"Crescente";"Céu Claro";"Dupla";"Curva";"Não";1;0;0;0;0;1;0;1;-25,000549;-50,36102603;"SPRF-PR";"DEL03-PR";"UOP01-DEL03-PR"
297446;2020-07-25;"sábado";"18:15:00";"SE";101;122;"ITAPORANGA DAJUDA";"Falta de Atenção à Condução";"Colisão traseira";"Com Vítimas Feridas";"Plena Noite";"Decrescente";"Chuva";"Dupla";"Reta";"Não";2;0;0;1;1;0;1;2;-11,03482886;-37,35698898;"SPRF-SE";"DEL02-SE";"UOP01-DEL02-SE"
297449;2020-07-25;"sábado";"19:00:00";"PB";230;1,8;"CABEDELO";"Pista Escorregadia";"Tombamento";"Com Vítimas Feridas";"Plena Noite";"Decrescente";"Chuva";"Dupla";"Reta";"Sim";1;0;1;0;0;0;1;1;-6,9753;-34,8318;"SPRF-PB";"DEL01-PB";"UOP01-DEL01-PB"
297450;2020-07-25;"sábado";"18:50:00";"RS";116;530;"CAPAO DO LEAO";"Desobediência às normas de trânsito pelo condutor";"Colisão transversal";"Com Vítimas Feridas";"Plena Noite";"Crescente";"Céu Claro";"Simples";"Reta";"Não";2;0;1;0;1;0;1;2;-31,7590834;-52,43687971;"SPRF-RS";"DEL07-RS";"UOP01-DEL07-RS"
297451;2020-07-25;"sábado";"19:00:00";"RS";392;29,5;"RIO GRANDE";"Desobediência às normas de trânsito pelo condutor";"Colisão transversal";"Com Vítimas Fatais";"Plena Noite";"Decrescente";"Céu Claro";"Dupla";"Reta";"Sim";2;1;0;0;0;1;0;2;-32,05788691;-52,27184185;"SPRF-RS";"DEL07-RS";"UOP02-DEL07-RS"
297453;2020-07-17;"sexta-feira";"15:40:00";"MS";163;116,8;"NAVIRAI";"Falta de Atenção à Condução";"Colisão traseira";"Com Vítimas Feridas";"Pleno dia";"Decrescente";"Céu Claro";"Simples";"Ponte";"Não";3;0;1;0;2;0;1;2;-23,13412475;-54,1972518;"SPRF-MS";"DEL09-MS";"UOP01-DEL09-MS"
297454;2020-07-25;"sábado";"18:10:00";"PB";230;459;"SOUSA";"Ingestão de Álcool";"Colisão transversal";"Com Vítimas Feridas";"Plena Noite";"Crescente";"Céu Claro";"Simples";"Interseção de Vias";"Não";5;0;0;1;4;0;1;2;-6,774799;-38,201788;"SPRF-PB";"DEL03-PB";"UOP03-DEL03-PB"
297455;2020-07-25;"sábado";"19:00:00";"GO";40;10,7;"LUZIANIA";"Velocidade Incompatível";"Colisão com objeto estático";"Sem Vítimas";"Plena Noite";"Decrescente";"Céu Claro";"Dupla";"Reta";"Sim";1;0;0;0;1;0;0;1;-16,131285;-47,957923;"SPRF-DF";"DEL01-DF";"UOP01-DEL01-DF"
297456;2020-07-25;"sábado";"19:00:00";"RS";287;259,5;"SANTA MARIA";"Falta de Atenção à Condução";"Colisão transversal";"Com Vítimas Feridas";"Plena Noite";"Crescente";"Céu Claro";"Simples";"Reta";"Não";2;0;0;1;1;0;1;2;-29,67610364;-53,96079095;"SPRF-RS";"DEL09-RS";"UOP01-DEL09-RS"
297457;2020-07-25;"sábado";"15:30:00";"RO";435;83;"COLORADO DO OESTE";"Não guardar distância de segurança";"Colisão lateral";"Com Vítimas Feridas";"Pleno dia";"Crescente";"Céu Claro";"Dupla";"Aclive;Reta";"Não";2;0;1;0;1;0;1;2;-13,11907301;-60,5329765;"SPRF-RO";"DEL04-RO";"UOP02-DEL04-RO"
297458;2020-07-25;"sábado";"18:40:00";"RO";364;237,7;"CACOAL";"Velocidade Incompatível";"Tombamento";"Com Vítimas Feridas";"Plena Noite";"Decrescente";"Céu Claro";"Simples";"Reta;Retorno Regulamentado";"Sim";1;0;1;0;0;0;1;1;-11,439822;-61,453257;"SPRF-RO";"DEL02-RO";"UOP02-DEL02-RO"
297459;2020-07-25;"sábado";"19:00:00";"ES";101;240;"SERRA";"Falta de Atenção à Condução";"Colisão traseira";"Sem Vítimas";"Plena Noite";"Crescente";"Nublado";"Simples";"Reta";"Sim";2;0;0;0;2;0;0;2;-20,01594191;-40,40401764;"SPRF-ES";"DEL02-ES";"UOP01-DEL02-ES"
297460;2020-07-25;"sábado";"19:20:00";"ES";101;145;"LINHARES";"Ingestão de Álcool";"Colisão traseira";"Com Vítimas Feridas";"Plena Noite";"Decrescente";"Céu Claro";"Simples";"Interseção de Vias";"Não";3;0;1;1;1;0;2;2;-19,36089598;-40,06464018;"SPRF-ES";"DEL04-ES";"UOP01-DEL04-ES"
297461;2020-07-25;"sábado";"18:45:00";"MG";381;511;"SAO JOAQUIM DE BICAS";"Falta de Atenção à Condução";"Colisão frontal";"Com Vítimas Feridas";"Anoitecer";"Decrescente";"Céu Claro";"Simples";"Reta";"Sim";2;0;1;0;1;0;1;2;-20,05791666;-44,28773403;"SPRF-MG";"DEL01-MG";"UOP03-DEL01-MG"
297463;2020-07-25;"sábado";"17:30:00";"SC";282;599,3;"CUNHA PORA";"Ingestão de Álcool";"Saída de leito carroçável";"Com Vítimas Feridas";"Anoitecer";"Crescente";"Nublado";"Simples";"Curva;Aclive";"Não";2;0;2;0;0;0;2;1;-26,820206;-53,155052;"SPRF-SC";"DEL07-SC";"UOP02-DEL07-SC"
297464;2020-07-25;"sábado";"17:40:00";"RO";364;708,3;"PORTO VELHO";"Defeito Mecânico no Veículo";"Colisão traseira";"Sem Vítimas";"Anoitecer";"Crescente";"Céu Claro";"Dupla";"Rotatória";"Sim";2;0;0;0;1;1;0;2;-8,79554083;-63,84072487;"SPRF-RO";"DEL01-RO";"UOP01-DEL01-RO"
297465;2020-07-25;"sábado";"19:30:00";"PE";232;121;"CARUARU";"Velocidade Incompatível";"Saída de leito carroçável";"Com Vítimas Feridas";"Plena Noite";"Decrescente";"Nublado";"Dupla";"Reta";"Não";5;0;4;0;1;0;4;1;-8,30018257;-35,91071184;"SPRF-PE";"DEL02-PE";"UOP03-DEL02-PE"
297466;2020-07-25;"sábado";"19:45:00";"MG";40;514;"RIBEIRAO DAS NEVES";"Mal Súbito";"Tombamento";"Com Vítimas Feridas";"Plena Noite";"Decrescente";"Céu Claro";"Dupla";"Reta";"Não";1;0;1;0;0;0;1;1;-19,80151928;-44,10000333;"SPRF-MG";"DEL01-MG";"UOP02-DEL01-MG"
297467;2020-07-25;"sábado";"19:40:00";"SC";101;159;"TIJUCAS";"Falta de Atenção à Condução";"Colisão traseira";"Com Vítimas Feridas";"Plena Noite";"Crescente";"Céu Claro";"Dupla";"Reta";"Não";4;0;1;1;2;0;2;3;-27,1998778;-48,61534236;"SPRF-SC";"DEL04-SC";"UOP03-DEL04-SC"
297470;2020-07-25;"sábado";"17:30:00";"SE";101;39,3;"CAPELA";"Desobediência às normas de trânsito pelo condutor";"Colisão traseira";"Com Vítimas Feridas";"Anoitecer";"Decrescente";"Céu Claro";"Dupla";"Aclive;Reta";"Não";7;0;1;0;6;0;1;2;-10,517972;-36,950147;"SPRF-SE";"DEL02-SE";"UOP02-DEL02-SE"
297471;2020-07-25;"sábado";"18:30:00";"PE";428;192;"PETROLINA";"Desobediência às normas de trânsito pelo condutor";"Colisão transversal";"Sem Vítimas";"Plena Noite";"Crescente";"Céu Claro";"Simples";"Interseção de Vias";"Sim";2;0;0;0;2;0;0;2;-9,38586435;-40,5234468;"SPRF-PE";"DEL06-PE";"UOP01-DEL06-PE"
297473;2020-07-25;"sábado";"19:49:00";"PR";369;150;"LONDRINA";"Falta de Atenção à Condução";"Atropelamento de Pedestre";"Com Vítimas Feridas";"Plena Noite";"Crescente";"Céu Claro";"Dupla";"Reta";"Sim";2;0;0;1;0;1;1;2;-23,2928036;-51,16296798;"SPRF-PR";"DEL07-PR";"UOP01-DEL07-PR"
297474;2020-07-25;"sábado";"19:05:00";"RR";174;495;"BOA VISTA";"Desobediência às normas de trânsito pelo condutor";"Atropelamento de Pedestre";"Com Vítimas Feridas";"Plena Noite";"Decrescente";"Céu Claro";"Dupla";"Reta";"Sim";3;0;0;1;0;2;1;2;2,758873;-60,73119;"SPRF-RR";"DEL01-RR";"UOP01-DEL01-RR"
297476;2020-07-25;"sábado";"19:45:00";"PI";343;75,5;"BURITI DOS LOPES";"Não guardar distância de segurança";"Colisão traseira";"Com Vítimas Feridas";"Plena Noite";"Decrescente";"Céu Claro";"Simples";"Reta";"Não";4;0;0;2;2;0;2;2;-3,362046;-41,736481;"SPRF-PI";"DEL05-PI";"UOP01-DEL05-PI"
297477;2020-07-25;"sábado";"20:20:00";"PE";232;69,2;"GRAVATA";"Falta de Atenção do Pedestre";"Atropelamento de Pedestre";"Com Vítimas Fatais";"Plena Noite";"Crescente";"Chuva";"Dupla";"Reta";"Não";2;1;0;0;0;1;0;2;-8,17240309;-35,47993595;"SPRF-PE";"DEL02-PE";"UOP02-DEL02PE"
297478;2020-07-25;"sábado";"18:50:00";"MS";163;330,6;"RIO BRILHANTE";"Ingestão de Álcool";"Saída de leito carroçável";"Com Vítimas Feridas";"Plena Noite";"Decrescente";"Céu Claro";"Simples";"Reta";"Não";2;0;1;0;1;0;1;1;-21,72527713;-54,50959564;"SPRF-MS";"DEL02-MS";"UOP02-DEL02-MS"
297480;2020-07-25;"sábado";"19:00:00";"AC";364;125;"RIO BRANCO";"Desobediência às normas de trânsito pelo condutor";"Colisão transversal";"Sem Vítimas";"Plena Noite";"Crescente";"Garoa/Chuvisco";"Simples";"Rotatória";"Sim";3;0;0;0;2;1;0;2;-10,01280606;-67,80005697;"SPRF-AC";"DEL01-AC";"UOP01-DEL01-AC"
297481;2020-07-25;"sábado";"18:30:00";"RJ";101;285;"ITABORAI";"Não guardar distância de segurança";"Colisão traseira";"Com Vítimas Feridas";"Plena Noite";"Crescente";"Céu Claro";"Dupla";"Reta";"Sim";3;0;1;0;2;0;1;2;-22,7498742;-42,81644087;"SPRF-RJ";"DEL02-RJ";"UOP03-DEL02-RJ"
297483;2020-07-25;"sábado";"21:05:00";"PR";116;108;"CURITIBA";"Ingestão de Álcool";"Saída de leito carroçável";"Com Vítimas Feridas";"Plena Noite";"Crescente";"Céu Claro";"Dupla";"Reta";"Não";2;0;2;0;0;0;2;1;-25,57147018;-49,19760597;"SPRF-PR";"DEL01-PR";"UOP06-DEL01-PR"
297484;2020-07-25;"sábado";"21:40:00";"AL";104;88,3;"RIO LARGO";"Desobediência às normas de trânsito pelo condutor";"Colisão frontal";"Com Vítimas Feridas";"Plena Noite";"Crescente";"Céu Claro";"Dupla";"Reta";"Sim";4;0;1;2;0;1;3;3;-9,48375193;-35,81815581;"SPRF-AL";"DEL01-AL";"UOP01-DEL01-AL"
297485;2020-07-25;"sábado";"19:00:00";"SE";101;97;"SAO CRISTOVAO";"Defeito Mecânico no Veículo";"Incêndio";"Sem Vítimas";"Plena Noite";"Crescente";"Céu Claro";"Dupla";"Retorno Regulamentado";"Não";1;0;0;0;1;0;0;1;-10,95658162;-37,22754836;"SPRF-SE";"DEL02-SE";"UOP01-DEL02-SE"
297486;2020-07-25;"sábado";"21:42:00";"SC";101;120;"ITAJAI";"Defeito Mecânico no Veículo";"Colisão com objeto estático";"Com Vítimas Feridas";"Plena Noite";"Crescente";"Céu Claro";"Dupla";"Reta";"Não";1;0;1;0;0;0;1;1;-26,912758;-48,711998;"SPRF-SC";"DEL04-SC";"UOP04-DEL04-SC"
297490;2020-07-25;"sábado";"18:40:00";"RO";364;306,7;"PRESIDENTE MEDICI";"Falta de Atenção à Condução";"Colisão frontal";"Com Vítimas Fatais";"Anoitecer";"Decrescente";"Nublado";"Simples";"Interseção de Vias";"Sim";3;1;0;0;1;1;0;3;-11,190471;-61,90149;"SPRF-RO";"DEL02-RO";"UOP01-DEL02-RO"
297491;2020-07-25;"sábado";"20:30:00";"SC";282;411,1;"CATANDUVAS";"Falta de Atenção à Condução";"Colisão frontal";"Com Vítimas Feridas";"Plena Noite";"Decrescente";"Céu Claro";"Simples";"Curva";"Não";5;0;3;1;1;0;4;2;-27,059202;-51,680046;"SPRF-SC";"DEL07-SC";"UOP05-DEL07-SC"
297493;2020-07-25;"sábado";"20:45:00";"SC";470;120,9;"IBIRAMA";"Velocidade Incompatível";"Saída de leito carroçável";"Com Vítimas Feridas";"Plena Noite";"Decrescente";"Nublado";"Simples";"Curva";"Não";2;0;1;0;1;0;1;1;-27,089924;-49,520416;"SPRF-SC";"DEL04-SC";"UOP02-DEL04-SC"
297494;2020-07-25;"sábado";"20:15:00";"SC";470;116,8;"IBIRAMA";"Objeto estático sobre o leito carroçável";"Saída de leito carroçável";"Com Vítimas Feridas";"Plena Noite";"Crescente";"Nublado";"Simples";"Em Obras";"Não";1;0;1;0;0;0;1;1;-27,07756;-49,49448;"SPRF-SC";"DEL04-SC";"UOP02-DEL04-SC"
297495;2020-07-25;"sábado";"18:40:00";"PE";424;68,8;"CAETES";"Desobediência às normas de trânsito pelo condutor";"Colisão frontal";"Com Vítimas Feridas";"Plena Noite";"Crescente";"Garoa/Chuvisco";"Simples";"Reta";"Sim";3;0;0;2;0;1;2;2;-8,76884574;-36,63537082;"SPRF-PE";"DEL03-PE";"UOP01-DEL03-PE"
297496;2020-07-25;"sábado";"19:30:00";"PE";424;66;"CAETES";"Defeito Mecânico no Veículo";"Colisão frontal";"Com Vítimas Feridas";"Plena Noite";"Crescente";"Céu Claro";"Simples";"Reta";"Não";4;0;0;1;3;0;1;2;-8,75960275;-36,65067654;"SPRF-PE";"DEL03-PE";"UOP01-DEL03-PE"
297497;2020-07-25;"sábado";"22:00:00";"PB";101;77,1;"SANTA RITA";"Ingestão de Álcool";"Tombamento";"Com Vítimas Feridas";"Plena Noite";"Crescente";"Chuva";"Dupla";"Reta";"Não";1;0;1;0;0;0;1;1;-7,09947194;-34,96574283;"SPRF-PB";"DEL01-PB";"UOP04-DEL01-PB"
297498;2020-07-25;"sábado";"21:00:00";"SC";101;88,2;"BARRA VELHA";"Velocidade Incompatível";"Saída de leito carroçável";"Sem Vítimas";"Plena Noite";"Decrescente";"Nublado";"Simples";"Interseção de Vias";"Sim";1;0;0;0;1;0;0;1;-26,65235436;-48,68701279;"SPRF-SC";"DEL03-SC";"UOP02-DEL03-SC"
297499;2020-07-25;"sábado";"21:20:00";"RO";319;62,1;"PORTO VELHO";"Desobediência às normas de trânsito pelo condutor";"Colisão lateral";"Com Vítimas Feridas";"Plena Noite";"Decrescente";"Garoa/Chuvisco";"Múltipla";"Reta";"Sim";3;0;0;1;2;0;1;3;-8,766685;-63,884052;"SPRF-RO";"DEL01-RO";"UOP01-DEL01-RO"
297500;2020-07-25;"sábado";"22:26:00";"DF";70;12,8;"BRASILIA";"Falta de Atenção à Condução";"Saída de leito carroçável";"Com Vítimas Feridas";"Plena Noite";"Crescente";"Céu Claro";"Dupla";"Reta";"Não";1;0;1;0;0;0;1;1;-15,792243;-48,158543;"SPRF-DF";"DEL03-DF";"UOP02-DEL03-DF"
297502;2020-07-25;"sábado";"19:00:00";"RO";364;814;"PORTO VELHO";"Animais na Pista";"Atropelamento de Animal";"Com Vítimas Feridas";"Plena Noite";"Decrescente";"Nublado";"Simples";"Reta";"Não";1;0;1;0;0;0;1;1;-9,277775;-64,524842;"SPRF-RO";"DEL01-RO";"UOP02-DEL01-RO"
297504;2020-07-25;"sábado";"18:50:00";"GO";60;91;"ANAPOLIS";"Ingestão de Álcool";"Saída de leito carroçável";"Sem Vítimas";"Anoitecer";"Decrescente";"Céu Claro";"Dupla";"Reta";"Sim";2;0;0;0;2;0;0;1;-16,3491;-48,9095;"SPRF-GO";"DEL02-GO";"UOP01-DEL02-GO"
297505;2020-07-25;"sábado";"23:05:00";"RN";406;151;"CEARA-MIRIM";"Desobediência às normas de trânsito pelo condutor";"Colisão frontal";"Com Vítimas Feridas";"Plena Noite";"Crescente";"Nublado";"Simples";"Reta";"Sim";2;0;0;1;1;0;1;2;-5,65094554;-35,42341594;"SPRF-RN";"DEL02-RN";"UOP01-DEL02-RN"
297506;2020-07-25;"sábado";"22:50:00";"PR";277;690,3;"SAO MIGUEL DO IGUACU";"Desobediência às normas de trânsito pelo condutor";"Colisão transversal";"Com Vítimas Feridas";"Plena Noite";"Decrescente";"Céu Claro";"Dupla";"Retorno Regulamentado;Reta";"Não";5;0;0;1;4;0;1;2;-25,35969412;-54,24752712;"SPRF-PR";"DEL05-PR";"UOP01-DEL05-PR"
297507;2020-07-25;"sábado";"22:40:00";"RN";406;166,2;"SAO GONCALO DO AMARANTE";"Falta de Atenção à Condução";"Queda de ocupante de veículo";"Com Vítimas Feridas";"Plena Noite";"Crescente";"Céu Claro";"Simples";"Rotatória";"Não";2;0;0;1;1;0;1;1;-5,7466896;-35,33149685;"SPRF-RN";"DEL02-RN";"UOP01-DEL02-RN"
297508;2020-07-25;"sábado";"20:40:00";"MT";163;845;"SINOP";"Falta de Atenção à Condução";"Colisão lateral";"Sem Vítimas";"Plena Noite";"Crescente";"Céu Claro";"Simples";"Reta";"Não";2;0;0;0;2;0;0;2;-11,89877541;-55,50500735;"SPRF-MT";"DEL06-MT";"NPF/DEL06-MT"
297510;2020-07-25;"sábado";"22:30:00";"PR";277;75;"SAO JOSE DOS PINHAIS";"Falta de Atenção à Condução";"Saída de leito carroçável";"Com Vítimas Feridas";"Plena Noite";"Crescente";"Nublado";"Dupla";"Reta";"Sim";1;0;0;1;0;0;1;1;-25,51327981;-49,12433291;"SPRF-PR";"DEL01-PR";"UOP01-DEL01-PR"
297512;2020-07-25;"sábado";"21:20:00";"MT";70;282,9;"PRIMAVERA DO LESTE";"Falta de Atenção à Condução";"Colisão traseira";"Com Vítimas Feridas";"Plena Noite";"Crescente";"Céu Claro";"Simples";"Reta";"Sim";1;0;0;1;0;0;1;1;-15,57124297;-54,31324402;"SPRF-MT";"DEL05-MT";"UOP01-DEL05-MT"
297513;2020-07-25;"sábado";"21:30:00";"PE";316;21,5;"ARARIPINA";"Desobediência às normas de trânsito pelo condutor";"Colisão frontal";"Com Vítimas Fatais";"Plena Noite";"Decrescente";"Vento";"Simples";"Reta";"Não";2;1;0;0;0;1;0;2;-7,56839315;-40,52717307;"SPRF-PE";"DEL05-PE";"UOP02-DEL05-PE"
297515;2020-07-25;"sábado";"23:00:00";"BA";324;492;"SANTA BARBARA";"Desobediência às normas de trânsito pelo condutor";"Colisão frontal";"Com Vítimas Fatais";"Plena Noite";"Decrescente";"Nublado";"Simples";"Reta";"Não";5;3;0;0;2;0;0;2;-12,05624304;-38,97846503;"SPRF-BA";"DEL02-BA";"UOP01-DEL02-BA"
297516;2020-07-26;"domingo";"00:20:00";"SP";116;337;"JUQUITIBA";"Falta de Atenção à Condução";"Colisão com objeto estático";"Com Vítimas Feridas";"Plena Noite";"Decrescente";"Garoa/Chuvisco";"Dupla";"Aclive";"Sim";2;0;1;1;0;0;2;2;-23,9818403;-47,14564419;"SPRF-SP";"DEL04-SP";"UOP01-DEL04-SP"
297517;2020-07-25;"sábado";"21:40:00";"PR";116;108;"SAO JOSE DOS PINHAIS";"Falta de Atenção à Condução";"Saída de leito carroçável";"Sem Vítimas";"Plena Noite";"Decrescente";"Céu Claro";"Dupla";"Reta";"Não";1;0;0;0;0;1;0;1;-25,57147018;-49,19760597;"SPRF-PR";"DEL01-PR";"UOP06-DEL01-PR"
297519;2020-07-25;"sábado";"19:00:00";"RS";285;117,5;"VACARIA";"Velocidade Incompatível";"Tombamento";"Com Vítimas Feridas";"Plena Noite";"Decrescente";"Céu Claro";"Simples";"Reta";"Sim";1;0;1;0;0;0;1;1;-28,514254;-50,906414;"SPRF-RS";"DEL05-RS";"UOP03-DEL05-RS"
297520;2020-07-25;"sábado";"22:23:00";"SC";101;149;"ITAPEMA";"Falta de Atenção à Condução";"Colisão transversal";"Com Vítimas Feridas";"Plena Noite";"Decrescente";"Nublado";"Simples";"Reta";"Sim";3;0;1;0;1;1;1;3;-27,1089649;-48,61277586;"SPRF-SC";"DEL04-SC";"UOP03-DEL04-SC"
297521;2020-07-25;"sábado";"21:50:00";"SC";101;398,5;"MARACAJA";"Falta de Atenção à Condução";"Colisão com objeto estático";"Sem Vítimas";"Plena Noite";"Decrescente";"Céu Claro";"Dupla";"Reta";"Não";1;0;0;0;1;0;0;1;-28,836033;-49,420303;"SPRF-SC";"DEL02-SC";"UOP02-DEL02-SC"
297522;2020-07-26;"domingo";"00:30:00";"PE";101;29,9;"IGARASSU";"Condutor Dormindo";"Saída de leito carroçável";"Com Vítimas Feridas";"Plena Noite";"Crescente";"Nublado";"Dupla";"Declive;Curva";"Não";1;0;1;0;0;0;1;1;-7,72939697;-34,94185854;"SPRF-PE";"DEL01-PE";"UOP02-DEL01-PE"
297524;2020-07-25;"sábado";"22:15:00";"MG";262;29,1;"REDUTO";"Ingestão de Álcool";"Colisão com objeto estático";"Com Vítimas Feridas";"Plena Noite";"Crescente";"Céu Claro";"Simples";"Reta";"Sim";5;0;4;1;0;0;5;2;-20,247223;-41,982025;"SPRF-MG";"DEL06-MG";"UOP03-DEL06-MG"
297525;2020-07-26;"domingo";"00:00:00";"PA";10;0;"DOM ELISEU";"Falta de Atenção à Condução";"Colisão frontal";"Com Vítimas Feridas";"Plena Noite";"Crescente";"Céu Claro";"Simples";"Ponte";"Não";3;0;1;2;0;0;3;2;-4,443685;-47,532195;"SPRF-PA";"DEL02-PA";"UOP02-DEL02-PA"
297526;2020-07-26;"domingo";"01:10:00";"MG";381;494;"BETIM";"Falta de Atenção à Condução";"Queda de ocupante de veículo";"Com Vítimas Feridas";"Plena Noite";"Decrescente";"Céu Claro";"Dupla";"Curva";"Sim";1;0;1;0;0;0;1;1;-19,985563;-44,20318;"SPRF-MG";"DEL01-MG";"UOP03-DEL01-MG"
297528;2020-07-26;"domingo";"02:00:00";"GO";70;333;"JUSSARA";"Falta de Atenção à Condução";"Saída de leito carroçável";"Com Vítimas Fatais";"Plena Noite";"Decrescente";"Céu Claro";"Simples";"Reta";"Não";2;2;0;0;0;0;0;1;-15,882118;-50,999476;"SPRF-GO";"DEL04-GO";"UOP01-DEL04-GO"
297529;2020-07-26;"domingo";"01:10:00";"RJ";116;173,3;"MESQUITA";"Desobediência às normas de trânsito pelo condutor";"Colisão com objeto estático";"Com Vítimas Feridas";"Plena Noite";"Decrescente";"Céu Claro";"Dupla";"Reta";"Sim";2;0;0;1;1;0;1;2;-22,7732138;-43,40367794;"SPRF-RJ";"DEL01-RJ";"UOP02-DEL01-RJ"
297530;2020-07-26;"domingo";"02:39:00";"MG";153;35;"CANAPOLIS";"Falta de Atenção à Condução";"Queda de ocupante de veículo";"Com Vítimas Feridas";"Plena Noite";"Decrescente";"Céu Claro";"Dupla";"Reta";"Não";1;0;1;0;0;0;1;1;-18,71634072;-49,12946978;"SPRF-MG";"DEL15-MG";"UOP03-DEL15-MG"