"id";"data_inversa";"dia_semana";"horario";"uf";"br";"km";"municipio";"causa_acidente";"tipo_acidente";"classificacao_acidente";"fase_dia";"sentido_via";"condicao_metereologica";"tipo_pista";"tracado_via";"uso_solo";"pessoas";"mortos";"feridos_leves";"feridos_graves";"ilesos";"ignorados";"feridos";"veiculos";"latitude";"longitude";"regional";"delegacia";"uop"
297531;2020-07-26;"domingo";"01:24:00";"SP";116;194,4;"SANTA ISABEL";"Falta de Atenção à Condução";"Capotamento";"Com Vítimas Feridas";"Amanhecer";"Decrescente";"Nublado";"Dupla";"Reta";"Sim";1;0;0;1;0;0;1;1;-23,38497189;-46,26686105;"SPRF-SP";"DEL02-SP";"UOP01-DEL02-SP"
297532;2020-07-26;"domingo";"02:10:00";"PR";369;138;"IBIPORA";"Ingestão de Álcool";"Colisão com objeto estático";"Sem Vítimas";"Plena Noite";"Crescente";"Céu Claro";"Simples";"Interseção de Vias;Curva";"Sim";1;0;0;0;0;1;0;1;-23,27362872;-51,05647456;"SPRF-PR";"DEL07-PR";"UOP01-DEL07-PR"
297535;2020-07-26;"domingo";"03:10:00";"GO";40;2;"VALPARAISO DE GOIAS";"Desobediência às normas de trânsito pelo condutor";"Colisão lateral";"Sem Vítimas";"Plena Noite";"Crescente";"Céu Claro";"Dupla";"Reta";"Sim";2;0;0;0;2;0;0;2;-16,067129;-47,984235;"SPRF-DF";"DEL01-DF";"UOP01-DEL01-DF"
297536;2020-07-26;"domingo";"03:15:00";"ES";482;111,7;"GUACUI";"Velocidade Incompatível";"Tombamento";"Com Vítimas Fatais";"Plena Noite";"Crescente";"Céu Claro";"Simples";"Curva";"Não";2;1;0;0;1;0;0;1;-20,80191826;-41,70573448;"SPRF-ES";"DEL03-ES";"UOP02-DEL03-ES"
297538;2020-07-26;"domingo";"01:50:00";"RJ";101;297;"ITABORAI";"Falta de Atenção à Condução";"Atropelamento de Pedestre";"Com Vítimas Feridas";"Plena Noite";"Decrescente";"Céu Claro";"Simples";"Reta";"Sim";3;0;1;0;0;2;1;2;-22,76942037;-42,91873581;"SPRF-RJ";"DEL02-RJ";"UOP02-DEL02-RJ"
297539;2020-07-26;"domingo";"02:15:00";"PR";369;161;"CAMBE";"Desobediência às normas de trânsito pelo condutor";"Colisão transversal";"Com Vítimas Fatais";"Plena Noite";"Decrescente";"Céu Claro";"Dupla";"Interseção de Vias";"Não";4;1;1;1;0;1;2;3;-23,28884969;-51,26187628;"SPRF-PR";"DEL07-PR";"UOP01-DEL07-PR"
297541;2020-07-26;"domingo";"04:10:00";"ES";101;158;"LINHARES";"Falta de Atenção à Condução";"Saída de leito carroçável";"Sem Vítimas";"Plena Noite";"Crescente";"Céu Claro";"Simples";"Reta";"Não";1;0;0;0;0;1;0;1;-19,46094508;-40,10491389;"SPRF-ES";"DEL04-ES";"UOP01-DEL04-ES"
297542;2020-07-26;"domingo";"02:20:00";"PR";376;627;"SAO JOSE DOS PINHAIS";"Condutor Dormindo";"Saída de leito carroçável";"Sem Vítimas";"Plena Noite";"Decrescente";"Nublado";"Dupla";"Reta";"Não";1;0;0;0;1;0;0;1;-25,66963786;-49,15231858;"SPRF-PR";"DEL01-PR";"UOP04-DEL01-PR"
297543;2020-07-26;"domingo";"03:15:00";"DF";70;13;"BRASILIA";"Falta de Atenção à Condução";"Colisão traseira";"Sem Vítimas";"Plena Noite";"Crescente";"Céu Claro";"Dupla";"Reta";"Sim";2;0;0;0;2;0;0;2;-15,79603772;-48,17205012;"SPRF-DF";"DEL03-DF";"UOP02-DEL03-DF"
297544;2020-07-26;"domingo";"04:15:00";"SC";470;66,5;"INDAIAL";"Defeito Mecânico no Veículo";"Incêndio";"Sem Vítimas";"Plena Noite";"Crescente";"Nublado";"Simples";"Em Obras;Reta";"Sim";1;0;0;0;0;1;0;1;-26,870407;-49,221844;"SPRF-SC";"DEL04-SC";"UOP01-DEL04-SC"
297545;2020-07-25;"sábado";"19:00:00";"SC";280;57,9;"GUARAMIRIM";"Falta de Atenção à Condução";"Colisão traseira";"Com Vítimas Feridas";"Plena Noite";"Decrescente";"Céu Claro";"Simples";"Reta";"Sim";2;0;1;0;1;0;1;2;-26,47440498;-49,024086;"SPRF-SC";"DEL03-SC";"UOP03-DEL03-SC"
297546;2020-07-26;"domingo";"02:30:00";"MG";381;195,1;"PERIQUITO";"Animais na Pista";"Atropelamento de Animal";"Com Vítimas Feridas";"Plena Noite";"Crescente";"Céu Claro";"Simples";"Reta";"Não";1;0;1;0;0;0;1;1;-19,13990956;-42,2213803;"SPRF-MG";"DEL06-MG";"UOP01-DEL06-MG"
297549;2020-07-26;"domingo";"05:40:00";"SP";116;215;"GUARULHOS";"Falta de Atenção à Condução";"Colisão com objeto estático";"Com Vítimas Feridas";"Amanhecer";"Decrescente";"Nublado";"Múltipla";"Aclive";"Sim";1;0;1;0;0;0;1;1;-23,44695693;-46,45394103;"SPRF-SP";"DEL01-SP";"UOP01-DEL01-SP"
297553;2020-07-26;"domingo";"05:50:00";"PR";277;30;"MORRETES";"Falta de Atenção do Pedestre";"Atropelamento de Pedestre";"Com Vítimas Fatais";"Amanhecer";"Decrescente";"Garoa/Chuvisco";"Dupla";"Reta";"Não";3;1;0;0;1;1;0;2;-25,52874613;-48,73512603;"SPRF-PR";"DEL01-PR";"UOP05-DEL01-PR"
297554;2020-07-26;"domingo";"04:00:00";"RJ";116;141;"DUQUE DE CAXIAS";"Falta de Atenção à Condução";"Colisão transversal";"Sem Vítimas";"Plena Noite";"Crescente";"Céu Claro";"Simples";"Reta";"Sim";3;0;0;0;3;0;0;2;-22,64724486;-43,22083001;"SPRF-RJ";"DEL04-RJ";"UOP02-DEL04-RJ"
297555;2020-07-26;"domingo";"06:10:00";"SP";101;47,2;"UBATUBA";"Falta de Atenção à Condução";"Tombamento";"Com Vítimas Feridas";"Amanhecer";"Crescente";"Garoa/Chuvisco";"Simples";"Curva";"Sim";1;0;1;0;0;0;1;1;-23,43371338;-45,08717716;"SPRF-SP";"DEL06-SP";"UOP01-DEL06-SP"
297557;2020-07-26;"domingo";"06:40:00";"RN";101;101;"PARNAMIRIM";"Falta de Atenção à Condução";"Colisão transversal";"Com Vítimas Feridas";"Pleno dia";"Crescente";"Nublado";"Dupla";"Reta";"Sim";2;0;1;0;1;0;1;2;-5,88681084;-35,23143404;"SPRF-RN";"DEL01-RN";"UOP01-DEL01-RN"
297559;2020-07-26;"domingo";"06:00:00";"RJ";116;65;"TERESOPOLIS";"Falta de Atenção à Condução";"Tombamento";"Com Vítimas Feridas";"Amanhecer";"Crescente";"Nevoeiro/Neblina";"Simples";"Curva";"Não";1;0;1;0;0;0;1;1;-22,27707804;-42,92764378;"SPRF-RJ";"DEL04-RJ";"UOP01-DEL04-RJ"
297561;2020-07-26;"domingo";"05:00:00";"RS";293;290,4;"SANTANA DO LIVRAMENTO";"Defeito na Via";"Saída de leito carroçável";"Com Vítimas Fatais";"Plena Noite";"Decrescente";"Nublado";"Simples";"Ponte";"Não";3;2;0;1;0;0;1;1;-30,83824128;-55,04989386;"SPRF-RS";"DEL11-RS";"UOP01-DEL11-RS"
297562;2020-07-26;"domingo";"03:20:00";"MG";381;786,9;"SAO GONCALO DO SAPUCAI";"Condutor Dormindo";"Colisão com objeto estático";"Com Vítimas Feridas";"Plena Noite";"Crescente";"Céu Claro";"Dupla";"Reta";"Não";1;0;1;0;0;0;1;1;-21,89171107;-45,54839084;"SPRF-MG";"DEL16-MG";"UOP02-DEL16-MG"
297563;2020-07-26;"domingo";"05:40:00";"SC";101;282,2;"IMBITUBA";"Velocidade Incompatível";"Saída de leito carroçável";"Sem Vítimas";"Pleno dia";"Crescente";"Nublado";"Simples";"Curva";"Sim";1;0;0;0;1;0;0;1;-28,21706286;-48,7005043;"SPRF-SC";"DEL02-SC";"UOP03-DEL02-SC"
297564;2020-07-25;"sábado";"17:00:00";"MA";316;401;"ALTO ALEGRE DO MARANHAO";"Falta de Atenção à Condução";"Colisão lateral";"Com Vítimas Feridas";"Pleno dia";"Crescente";"Céu Claro";"Simples";"Reta";"Sim";3;0;0;2;1;0;2;3;-4,206411;-44,453041;"SPRF-MA";"DEL03-MA";"UOP01-DEL03-MA"
297565;2020-07-26;"domingo";"06:10:00";"SP";101;47,2;"UBATUBA";"Falta de Atenção à Condução";"Tombamento";"Com Vítimas Feridas";"Amanhecer";"Crescente";"Garoa/Chuvisco";"Simples";"Curva";"Sim";1;0;1;0;0;0;1;1;-23,43383597;-45,08716106;"SPRF-SP";"DEL06-SP";"UOP01-DEL06-SP"
297567;2020-07-26;"domingo";"06:30:00";"PR";277;61;"SAO JOSE DOS PINHAIS";"Falta de Atenção à Condução";"Saída de leito carroçável";"Sem Vítimas";"Amanhecer";"Crescente";"Garoa/Chuvisco";"Dupla";"Reta";"Não";3;0;0;0;3;0;0;1;-25,56895101;-48,99932401;"SPRF-PR";"DEL01-PR";"UOP07-DEL01-PR"
297569;2020-07-26;"domingo";"05:15:00";"MS";163;142,6;"NAVIRAI";"Condutor Dormindo";"Colisão com objeto estático";"Com Vítimas Fatais";"Plena Noite";"Crescente";"Céu Claro";"Simples";"Reta";"Não";1;1;0;0;0;0;0;1;-23,00220335;-54,36649208;"SPRF-MS";"DEL09-MS";"UOP01-DEL09-MS"
297571;2020-07-25;"sábado";"18:30:00";"RO";364;515;"MONTE NEGRO";"Ingestão de Álcool";"Queda de ocupante de veículo";"Com Vítimas Feridas";"Plena Noite";"Decrescente";"Ignorado";"Simples";"Reta";"Não";1;0;1;0;0;0;1;1;-10,0362641;-63,18367526;"SPRF-RO";"DEL03-RO";"UOP01-DEL03-RO"
297573;2020-07-26;"domingo";"06:10:00";"PR";376;601,5;"CURITIBA";"Condutor Dormindo";"Saída de leito carroçável";"Sem Vítimas";"Pleno dia";"Decrescente";"Céu Claro";"Dupla";"Reta";"Não";1;0;0;0;1;0;0;1;-25,537054;-49,31404;"SPRF-PR";"DEL01-PR";"UOP06-DEL01-PR"
297575;2020-07-26;"domingo";"06:55:00";"ES";101;45;"CONCEICAO DA BARRA";"Desobediência às normas de trânsito pelo condutor";"Colisão frontal";"Com Vítimas Feridas";"Pleno dia";"Crescente";"Chuva";"Simples";"Reta";"Não";2;0;0;1;1;0;1;2;-18,54283908;-39,90546928;"SPRF-ES";"DEL04-ES";"UOP02-DEL04-ES"
297576;2020-07-26;"domingo";"08:00:00";"MG";146;606;"POCOS DE CALDAS";"Velocidade Incompatível";"Saída de leito carroçável";"Com Vítimas Feridas";"Pleno dia";"Decrescente";"Céu Claro";"Simples";"Curva";"Não";1;0;1;0;0;0;1;1;-21,80572849;-46,45774599;"SPRF-MG";"DEL09-MG";"UOP01-DEL09-MG"
297577;2020-07-26;"domingo";"06:20:00";"SC";101;155;"PORTO BELO";"Falta de Atenção à Condução";"Tombamento";"Com Vítimas Feridas";"Pleno dia";"Crescente";"Céu Claro";"Simples";"Curva";"Sim";1;0;1;0;0;0;1;1;-27,16292;-48,61129;"SPRF-SC";"DEL04-SC";"UOP03-DEL04-SC"
297578;2020-07-26;"domingo";"07:10:00";"DF";80;19;"BRASILIA";"Ingestão de Álcool";"Colisão traseira";"Sem Vítimas";"Pleno dia";"Crescente";"Céu Claro";"Dupla";"Reta";"Sim";2;0;0;0;2;0;0;2;-15,675205;-48,204636;"SPRF-DF";"DEL03-DF";"UOP02-DEL03-DF"
297579;2020-07-25;"sábado";"21:00:00";"SC";280;6;"SAO FRANCISCO DO SUL";"Falta de Atenção à Condução";"Saída de leito carroçável";"Com Vítimas Feridas";"Plena Noite";"Decrescente";"Nublado";"Simples";"Reta";"Não";1;0;1;0;0;0;1;1;-26,26569095;-48,63361804;"SPRF-SC";"DEL03-SC";"UOP03-DEL03-SC"
297581;2020-07-26;"domingo";"08:00:00";"PE";101;51;"ABREU E LIMA";"Desobediência às normas de trânsito pelo condutor";"Colisão lateral";"Com Vítimas Feridas";"Pleno dia";"Decrescente";"Chuva";"Dupla";"Interseção de Vias";"Sim";3;0;2;0;1;0;2;2;-7,9169968;-34,89689272;"SPRF-PE";"DEL01-PE";"UOP02-DEL01-PE"
297584;2020-07-26;"domingo";"08:20:00";"RJ";101;282;"ITABORAI";"Falta de Atenção à Condução";"Tombamento";"Com Vítimas Feridas";"Pleno dia";"Crescente";"Céu Claro";"Simples";"Curva";"Não";1;0;0;1;0;0;1;1;-22,7371391;-42,79664601;"SPRF-RJ";"DEL02-RJ";"UOP03-DEL02-RJ"
297585;2020-07-26;"domingo";"08:20:00";"PR";116;119;"CURITIBA";"Falta de Atenção à Condução";"Colisão lateral";"Sem Vítimas";"Pleno dia";"Decrescente";"Céu Claro";"Dupla";"Reta";"Sim";2;0;0;0;2;0;0;2;-25,577685;-49,312318;"SPRF-PR";"DEL01-PR";"UOP03-DEL01-PR"
297586;2020-07-26;"domingo";"08:50:00";"SP";116;71;"APARECIDA";"Pista Escorregadia";"Queda de ocupante de veículo";"Com Vítimas Feridas";"Pleno dia";"Crescente";"Céu Claro";"Simples";"Viaduto";"Sim";2;0;2;0;0;0;2;1;-22,85651665;-45,23114328;"SPRF-SP";"DEL08-SP";"UOP01-DEL08-SP"
297588;2020-07-26;"domingo";"08:50:00";"PB";230;14;"CABEDELO";"Falta de Atenção à Condução";"Saída de leito carroçável";"Com Vítimas Feridas";"Pleno dia";"Crescente";"Chuva";"Dupla";"Reta";"Sim";2;0;1;0;0;1;1;2;-7,0844;-34,8488;"SPRF-PB";"DEL01-PB";"UOP01-DEL01-PB"
297589;2020-07-26;"domingo";"09:28:00";"MG";262;355;"BETIM";"Defeito Mecânico no Veículo";"Queda de ocupante de veículo";"Com Vítimas Feridas";"Pleno dia";"Crescente";"Céu Claro";"Dupla";"Reta";"Não";2;0;2;0;0;0;2;1;-19,96466575;-44,17285107;"SPRF-MG";"DEL01-MG";"UOP03-DEL01-MG"
297590;2020-07-26;"domingo";"08:50:00";"ES";262;24;"VIANA";"Velocidade Incompatível";"Colisão com objeto estático";"Com Vítimas Fatais";"Pleno dia";"Decrescente";"Nublado";"Simples";"Curva";"Não";2;1;1;0;0;0;1;1;-20,37917648;-40,52624613;"SPRF-ES";"DEL01-ES";"UOP01-DEL01-ES"
297591;2020-01-13;"segunda-feira";"16:45:00";"RN";405;2,9;"MOSSORO";"Ingestão de Álcool";"Colisão frontal";"Com Vítimas Fatais";"Pleno dia";"Crescente";"Céu Claro";"Simples";"Reta;Declive;Viaduto";"Sim";3;1;1;0;1;0;1;2;-5,19282682;-37,37112402;"SPRF-RN";"DEL04-RN";"UOP02-DEL04-RN"
297592;2020-07-25;"sábado";"01:00:00";"PE";101;93;"CABO DE SANTO AGOSTINHO";"Velocidade Incompatível";"Capotamento";"Sem Vítimas";"Plena Noite";"Decrescente";"Nublado";"Dupla";"Reta";"Não";1;0;0;0;0;1;0;1;-8,2396419;-35,00335418;"SPRF-PE";"DEL01-PE";"UOP03-DEL01-PE"
297594;2020-05-17;"domingo";"19:15:00";"RN";405;156;"RAFAEL FERNANDES";"Deficiência ou não Acionamento do Sistema de Iluminação/Sinalização do Veículo";"Colisão traseira";"Com Vítimas Feridas";"Plena Noite";"Crescente";"Céu Claro";"Simples";"Reta";"Não";1;0;0;1;0;0;1;1;-6,1671;-38,2096;"SPRF-RN";"DEL04-RN";"UOP02-DEL04-RN"
297598;2020-07-26;"domingo";"07:05:00";"RJ";101;446;"MANGARATIBA";"Condutor Dormindo";"Saída de leito carroçável";"Com Vítimas Feridas";"Pleno dia";"Crescente";"Céu Claro";"Simples";"Curva";"Não";1;0;1;0;0;0;1;1;-22,995425;-44,09939196;"SPRF-RJ";"DEL03-RJ";"UOP03-DEL03-RJ"
297600;2020-07-18;"sábado";"13:10:00";"PB";230;502;"CAJAZEIRAS";"Pista Escorregadia";"Tombamento";"Com Vítimas Feridas";"Pleno dia";"Decrescente";"Nublado";"Simples";"Rotatória";"Sim";1;0;1;0;0;0;1;1;-6,89415462;-38,54252815;"SPRF-PB";"DEL03-PB";"UOP03-DEL03-PB"
297603;2020-07-26;"domingo";"09:55:00";"PR";376;286;"MAUA DA SERRA";"Falta de Atenção à Condução";"Queda de ocupante de veículo";"Com Vítimas Feridas";"Pleno dia";"Crescente";"Céu Claro";"Dupla";"Curva";"Não";2;0;2;0;0;0;2;1;-23,89078343;-51,23129134;"SPRF-PR";"DEL07-PR";"UOP02-DEL07-PR"
297610;2020-07-11;"sábado";"20:30:00";"RJ";116;165;"RIO DE JANEIRO";"Falta de Atenção à Condução";"Colisão com objeto estático";"Com Vítimas Feridas";"Plena Noite";"Crescente";"Céu Claro";"Dupla";"Reta";"Sim";3;0;1;0;2;0;1;1;-22,81548519;-43,29087405;"SPRF-RJ";"DEL01-RJ";"UOP01-DEL01-RJ"
297614;2020-07-26;"domingo";"11:05:00";"RS";470;184,7;"VERANOPOLIS";"Falta de Atenção à Condução";"Colisão transversal";"Com Vítimas Feridas";"Pleno dia";"Decrescente";"Céu Claro";"Simples";"Interseção de Vias;Reta";"Não";3;0;2;0;1;0;2;2;-28,99615608;-51,55829913;"SPRF-RS";"DEL06-RS";"UOP02-DEL06-RS"
297615;2020-07-25;"sábado";"16:15:00";"CE";116;373;"ICO";"Velocidade Incompatível";"Saída de leito carroçável";"Sem Vítimas";"Pleno dia";"Decrescente";"Céu Claro";"Simples";"Curva";"Sim";1;0;0;0;0;1;0;1;-6,3914;-38,82575;"SPRF-CE";"DEL05-CE";"UOP01-DEL05-CE"
297617;2020-07-26;"domingo";"11:40:00";"CE";222;1;"CAUCAIA";"Não guardar distância de segurança";"Colisão traseira";"Com Vítimas Feridas";"Pleno dia";"Decrescente";"Céu Claro";"Múltipla";"Reta";"Sim";3;0;2;0;1;0;2;2;-3,736507;-38,65337;"SPRF-CE";"DEL01-CE";"UOP01-DEL01-CE"
297618;2020-07-26;"domingo";"08:50:00";"SC";280;79;"CORUPA";"Velocidade Incompatível";"Saída de leito carroçável";"Com Vítimas Feridas";"Pleno dia";"Decrescente";"Garoa/Chuvisco";"Simples";"Curva";"Não";1;0;1;0;0;0;1;1;-26,44657315;-49,20157809;"SPRF-SC";"DEL06-SC";"UOP03-DEL06-SC"
297619;2020-07-26;"domingo";"12:07:00";"SC";282;88,5;"ALFREDO WAGNER";"Mal Súbito";"Saída de leito carroçável";"Com Vítimas Feridas";"Pleno dia";"Crescente";"Céu Claro";"Simples";"Declive";"Não";1;0;1;0;0;0;1;1;-27,67198;-49,208591;"SPRF-SC";"DEL01-SC";"UOP03-DEL01-SC"
297623;2020-07-26;"domingo";"13:30:00";"RS";101;45,4;"TERRA DE AREIA";"Falta de Atenção à Condução";"Colisão transversal";"Com Vítimas Feridas";"Pleno dia";"Decrescente";"Céu Claro";"Dupla";"Interseção de Vias";"Sim";3;0;0;2;1;0;2;2;-29,57504335;-50,06180048;"SPRF-RS";"DEL03-RS";"UOP02-DEL03-RS"
297628;2020-07-26;"domingo";"00:30:00";"PE";101;89,5;"CABO DE SANTO AGOSTINHO";"Desobediência às normas de trânsito pelo condutor";"Capotamento";"Com Vítimas Feridas";"Plena Noite";"Crescente";"Chuva";"Dupla";"Reta";"Não";1;0;0;1;0;0;1;1;-8,19120206;-34,97449985;"SPRF-PE";"DEL01-PE";"UOP03-DEL01-PE"
297630;2020-07-26;"domingo";"13:50:00";"BA";242;293;"LAJEDINHO";"Falta de Atenção à Condução";"Colisão frontal";"Com Vítimas Fatais";"Pleno dia";"Crescente";"Céu Claro";"Simples";"Reta";"Sim";3;1;0;1;1;0;1;2;-12,44111831;-40,81529796;"SPRF-BA";"DEL06-BA";"UOP02-DEL06-BA"
297631;2020-07-26;"domingo";"14:45:00";"SC";101;207;"SAO JOSE";"Desobediência às normas de trânsito pelo condutor";"Colisão lateral";"Com Vítimas Feridas";"Pleno dia";"Crescente";"Nublado";"Dupla";"Reta";"Sim";3;0;2;0;1;0;2;2;-27,60001226;-48,6226467;"SPRF-SC";"DEL01-SC";"UOP01-DEL01-SC"
297632;2020-07-26;"domingo";"12:05:00";"MS";419;308;"NIOAQUE";"Falta de Atenção à Condução";"Saída de leito carroçável";"Com Vítimas Feridas";"Pleno dia";"Decrescente";"Céu Claro";"Simples";"Curva";"Não";1;0;1;0;0;0;1;1;-20,9737328087;-55,7750667444;"SPRF-MS";"DEL03-MS";"UOP01-DEL03-MS"
297633;2020-07-26;"domingo";"14:45:00";"MG";40;511,7;"RIBEIRAO DAS NEVES";"Ingestão de Álcool";"Colisão lateral";"Sem Vítimas";"Pleno dia";"Decrescente";"Céu Claro";"Dupla";"Reta";"Sim";3;0;0;0;2;1;0;3;-19,78677446;-44,11409855;"SPRF-MG";"DEL01-MG";"UOP02-DEL01-MG"
297634;2020-07-26;"domingo";"14:50:00";"SC";101;137,3;"BALNEARIO CAMBORIU";"Desobediência às normas de trânsito pelo condutor";"Colisão transversal";"Com Vítimas Feridas";"Pleno dia";"Crescente";"Céu Claro";"Dupla";"Reta";"Não";2;0;1;0;1;0;1;2;-27,0157238;-48,61192763;"SPRF-SC";"DEL04-SC";"UOP03-DEL04-SC"
297635;2020-07-26;"domingo";"13:50:00";"PB";230;114,5;"INGA";"Velocidade Incompatível";"Saída de leito carroçável";"Com Vítimas Feridas";"Pleno dia";"Crescente";"Chuva";"Dupla";"Reta";"Não";2;0;2;0;0;0;2;1;-7,2215;-35,5969;"SPRF-PB";"DEL01-PB";"UOP03-DEL01-PB"
297636;2020-07-26;"domingo";"15:10:00";"ES";101;323;"GUARAPARI";"Falta de Atenção à Condução";"Queda de ocupante de veículo";"Com Vítimas Feridas";"Pleno dia";"Crescente";"Chuva";"Simples";"Curva";"Não";2;0;2;0;0;0;2;1;-20,53698408;-40,48275222;"SPRF-ES";"DEL03-ES";"UOP01-DEL03-ES"
297637;2020-07-26;"domingo";"11:35:00";"RJ";101;484;"ANGRA DOS REIS";"Falta de Atenção à Condução";"Queda de ocupante de veículo";"Com Vítimas Feridas";"Pleno dia";"Crescente";"Nublado";"Simples";"Aclive";"Sim";1;0;1;0;0;0;1;1;-22,993451;-44,302553;"SPRF-RJ";"DEL03-RJ";"UOP03-DEL03-RJ"
297638;2020-07-26;"domingo";"15:30:00";"RJ";101;423;"MANGARATIBA";"Velocidade Incompatível";"Colisão frontal";"Com Vítimas Feridas";"Pleno dia";"Crescente";"Chuva";"Simples";"Curva";"Não";2;0;1;0;1;0;1;2;-22,91801286;-43,94820686;"SPRF-RJ";"DEL03-RJ";"UOP03-DEL03-RJ"
297640;2020-07-26;"domingo";"12:50:00";"ES";101;149,2;"LINHARES";"Ingestão de Álcool";"Colisão com objeto estático";"Sem Vítimas";"Pleno dia";"Crescente";"Chuva";"Múltipla";"Reta";"Sim";1;0;0;0;1;0;0;1;-19,39619083;-40,06435871;"SPRF-ES";"DEL04-ES";"UOP01-DEL04-ES"
297641;2020-04-03;"sexta-feira";"11:45:00";"PB";104;96,1;"ESPERANCA";"Desobediência às normas de trânsito pelo condutor";"Colisão frontal";"Com Vítimas Feridas";"Pleno dia";"Crescente";"Sol";"Simples";"Interseção de Vias";"Sim";2;0;1;0;1;0;1;2;-7,01186036;-35,85589407;"SPRF-PB";"DEL02-PB";"UOP04-DEL02-PB"
297642;2020-07-26;"domingo";"11:00:00";"ES";262;173,1;"IBATIBA";"Desobediência às normas de trânsito pelo condutor";"Colisão frontal";"Com Vítimas Feridas";"Pleno dia";"Decrescente";"Sol";"Simples";"Ponte";"Não";3;0;3;0;0;0;3;2;-20,26956341;-41,61106;"SPRF-ES";"DEL01-ES";"UOP02-DEL01-ES"
297645;2020-07-26;"domingo";"16:00:00";"BA";101;896;"CARAVELAS";"Velocidade Incompatível";"Capotamento";"Com Vítimas Feridas";"Pleno dia";"Crescente";"Céu Claro";"Simples";"Curva";"Não";2;0;2;0;0;0;2;1;-17,69145574;-39,77359772;"SPRF-BA";"DEL09-BA";"UOP02-DEL09-BA"
297646;2020-07-26;"domingo";"10:30:00";"BA";101;936;"MUCURI";"Não guardar distância de segurança";"Colisão traseira";"Sem Vítimas";"Pleno dia";"Crescente";"Chuva";"Simples";"Reta";"Não";3;0;0;0;3;0;0;2;-18,16840196;-39,91873914;"SPRF-BA";"DEL09-BA";"UOP02-DEL09-BA"
297647;2020-07-26;"domingo";"16:15:00";"MG";381;451;"SABARA";"Objeto estático sobre o leito carroçável";"Tombamento";"Com Vítimas Feridas";"Pleno dia";"Crescente";"Sol";"Simples";"Reta";"Sim";1;0;1;0;0;0;1;1;-19,83832024;-43,8806931;"SPRF-MG";"DEL01-MG";"UOP01-DEL01-MG"
297648;2020-07-26;"domingo";"15:30:00";"RS";287;379,5;"SANTIAGO";"Falta de Atenção à Condução";"Queda de ocupante de veículo";"Com Vítimas Feridas";"Pleno dia";"Crescente";"Céu Claro";"Simples";"Reta";"Não";1;0;0;1;0;0;1;1;-29,31149625;-54,76119131;"SPRF-RS";"DEL12-RS";"UOP02-DEL12-RS"
297649;2020-07-26;"domingo";"16:20:00";"CE";222;1;"CAUCAIA";"Não guardar distância de segurança";"Colisão traseira";"Sem Vítimas";"Pleno dia";"Decrescente";"Céu Claro";"Dupla";"Reta";"Sim";2;0;0;0;2;0;0;2;-3,74248877;-38,62514203;"SPRF-CE";"DEL01-CE";"UOP01-DEL01-CE"
297650;2020-07-26;"domingo";"16:20:00";"PR";376;489;"PONTA GROSSA";"Ingestão de Álcool";"Colisão traseira";"Sem Vítimas";"Pleno dia";"Decrescente";"Céu Claro";"Dupla";"Reta";"Não";3;0;0;0;3;0;0;3;-25,14172584;-50,1586859;"SPRF-PR";"DEL03-PR";"UOP04-DEL03-PR"
297652;2020-07-26;"domingo";"16:30:00";"PE";101;82;"JABOATAO DOS GUARARAPES";"Desobediência às normas de trânsito pelo condutor";"Colisão lateral";"Com Vítimas Feridas";"Pleno dia";"Crescente";"Nublado";"Dupla";"Reta";"Sim";2;0;1;0;0;1;1;2;-8,168383;-34,9376;"SPRF-PE";"DEL01-PE";"UOP03-DEL01-PE"
297653;2020-07-26;"domingo";"16:20:00";"PR";376;0,8;"APUCARANA";"Ingestão de Álcool";"Tombamento";"Com Vítimas Feridas";"Pleno dia";"Crescente";"Sol";"Simples";"Aclive;Reta";"Sim";1;0;1;0;0;0;1;1;-23,574889;-51,424087;"SPRF-PR";"DEL07-PR";"UOP03-DEL07-PR"
297655;2020-07-26;"domingo";"16:15:00";"GO";40;48,1;"LUZIANIA";"Falta de Atenção à Condução";"Capotamento";"Com Vítimas Feridas";"Pleno dia";"Crescente";"Céu Claro";"Simples";"Curva";"Não";1;0;1;0;0;0;1;1;-16,427776;-47,821183;"SPRF-DF";"DEL01-DF";"UOP02-DEL01-DF"
297656;2020-07-26;"domingo";"16:55:00";"PI";343;13;"PARNAIBA";"Pista Escorregadia";"Queda de ocupante de veículo";"Com Vítimas Feridas";"Pleno dia";"Crescente";"Céu Claro";"Dupla";"Interseção de Vias";"Sim";2;0;1;0;0;1;1;1;-2,919029;-41,754124;"SPRF-PI";"DEL05-PI";"UOP01-DEL05-PI"
297657;2020-07-26;"domingo";"16:15:00";"GO";50;252,5;"CATALAO";"Ingestão de Álcool";"Saída de leito carroçável";"Com Vítimas Feridas";"Pleno dia";"Decrescente";"Céu Claro";"Dupla";"Reta";"Não";1;0;1;0;0;0;1;1;-17,986;-47,7967;"SPRF-GO";"DEL06-GO";"UOP01-DEL06-GO"
297658;2020-07-26;"domingo";"16:50:00";"MG";40;463;"SETE LAGOAS";"Falta de Atenção à Condução";"Queda de ocupante de veículo";"Com Vítimas Feridas";"Pleno dia";"Crescente";"Céu Claro";"Dupla";"Reta";"Não";1;0;1;0;0;0;1;1;-19,42224803;-44,33870213;"SPRF-MG";"DEL02-MG";"UOP01-DEL02-MG"
297660;2020-07-26;"domingo";"17:00:00";"DF";70;3,3;"BRASILIA";"Desobediência às normas de trânsito pelo condutor";"Colisão traseira";"Sem Vítimas";"Pleno dia";"Crescente";"Céu Claro";"Dupla";"Reta";"Sim";2;0;0;0;1;1;0;2;-15,802453;-48,080387;"SPRF-DF";"DEL03-DF";"UOP02-DEL03-DF"