"id";"data_inversa";"dia_semana";"horario";"uf";"br";"km";"municipio";"causa_acidente";"tipo_acidente";"classificacao_acidente";"fase_dia";"sentido_via";"condicao_metereologica";"tipo_pista";"tracado_via";"uso_solo";"pessoas";"mortos";"feridos_leves";"feridos_graves";"ilesos";"ignorados";"feridos";"veiculos";"latitude";"longitude";"regional";"delegacia";"uop"
297904;2020-07-27;"segunda-feira";"16:40:00";"RN";405;1;"MOSSORO";"Desobediência às normas de trânsito pelo condutor";"Queda de ocupante de veículo";"Com Vítimas Feridas";"Pleno dia";"Crescente";"Céu Claro";"Dupla";"Reta";"Sim";3;0;1;0;1;1;1;2;-5,19170196;-37,361471;"SPRF-RN";"DEL04-RN";"UOP02-DEL04-RN"
297905;2020-07-27;"segunda-feira";"18:30:00";"PR";116;16;"COLOMBO";"Falta de Atenção à Condução";"Colisão traseira";"Com Vítimas Feridas";"Plena Noite";"Decrescente";"Céu Claro";"Dupla";"Reta";"Sim";3;0;1;0;2;0;1;3;-25,387762;-49,1786244;"SPRF-PR";"DEL01-PR";"UOP01-DEL01-PR"
297908;2020-07-27;"segunda-feira";"17:30:00";"MG";40;634,1;"CONSELHEIRO LAFAIETE";"Animais na Pista";"Atropelamento de Animal";"Com Vítimas Feridas";"Anoitecer";"Decrescente";"Nublado";"Simples";"Reta";"Sim";1;0;1;0;0;0;1;1;-20,68976185;-43,79012462;"SPRF-MG";"DEL05-MG";"UOP02-DEL05-MG"
297909;2020-07-27;"segunda-feira";"17:45:00";"MG";381;483,1;"BETIM";"Velocidade Incompatível";"Colisão traseira";"Com Vítimas Feridas";"Plena Noite";"Crescente";"Céu Claro";"Dupla";"Curva";"Sim";5;0;0;1;4;0;1;5;-19,95594491;-44,10721699;"SPRF-MG";"DEL01-MG";"UOP03-DEL01-MG"
297911;2020-07-27;"segunda-feira";"18:10:00";"PR";476;152,2;"ARAUCARIA";"Desobediência às normas de trânsito pelo condutor";"Colisão frontal";"Com Vítimas Feridas";"Anoitecer";"Decrescente";"Céu Claro";"Simples";"Interseção de Vias";"Sim";2;0;0;1;1;0;1;2;-25,57312928;-49,38614314;"SPRF-PR";"DEL01-PR";"UOP06-DEL01-PR"
297912;2020-07-27;"segunda-feira";"18:55:00";"SC";116;9,5;"MAFRA";"Desobediência às normas de trânsito pelo condutor";"Colisão transversal";"Com Vítimas Feridas";"Plena Noite";"Crescente";"Céu Claro";"Simples";"Curva";"Não";3;0;1;0;2;0;1;2;-26,16297778;-49,84696715;"SPRF-SC";"DEL06-SC";"UOP01-DEL06-SC"
297915;2020-05-25;"segunda-feira";"17:50:00";"RN";101;106;"PARNAMIRIM";"Ingestão de Substâncias Psicoativas";"Colisão transversal";"Com Vítimas Feridas";"Plena Noite";"Crescente";"Céu Claro";"Dupla";"Reta";"Sim";2;0;0;1;1;0;1;2;-5,91687958;-35,26330782;"SPRF-RN";"DEL01-RN";"UOP01-DEL01-RN"
297916;2020-07-27;"segunda-feira";"18:10:00";"CE";222;310;"TIANGUA";"Falta de Atenção à Condução";"Colisão transversal";"Com Vítimas Feridas";"Amanhecer";"Decrescente";"Céu Claro";"Simples";"Reta";"Não";2;0;1;0;1;0;1;2;-3,70670595;-40,97707006;"SPRF-CE";"DEL04-CE";"UOP02-DEL04-CE"
297918;2020-07-27;"segunda-feira";"18:15:00";"PE";407;126;"PETROLINA";"Desobediência às normas de trânsito pelo condutor";"Colisão transversal";"Com Vítimas Feridas";"Pleno dia";"Decrescente";"Sol";"Simples";"Rotatória";"Sim";2;0;2;0;0;0;2;2;-9,38491309;-40,52809509;"SPRF-PE";"DEL06-PE";"UOP01-DEL06-PE"
297920;2020-07-23;"quinta-feira";"12:10:00";"RN";101;101;"PARNAMIRIM";"Falta de Atenção à Condução";"Colisão traseira";"Com Vítimas Feridas";"Pleno dia";"Crescente";"Sol";"Dupla";"Reta";"Sim";2;0;0;1;0;1;1;2;-5,88753166;-35,23596525;"SPRF-RN";"DEL01-RN";"UOP01-DEL01-RN"
297921;2020-07-27;"segunda-feira";"16:00:00";"GO";60;353;"SANTO ANTONIO DA BARRA";"Defeito Mecânico no Veículo";"Saída de leito carroçável";"Sem Vítimas";"Pleno dia";"Decrescente";"Céu Claro";"Dupla";"Aclive";"Não";1;0;0;0;1;0;0;1;-17,5959;-50,7164;"SPRF-GO";"DEL04-GO";"UOP01-DEL04-GO"
297922;2020-07-27;"segunda-feira";"18:45:00";"CE";222;3,8;"FORTALEZA";"Falta de Atenção à Condução";"Queda de ocupante de veículo";"Com Vítimas Feridas";"Plena Noite";"Decrescente";"Céu Claro";"Múltipla";"Reta";"Sim";1;0;0;1;0;0;1;1;-3,7403769;-38,59569202;"SPRF-CE";"DEL01-CE";"UOP01-DEL01-CE"
297924;2020-07-27;"segunda-feira";"18:50:00";"RS";471;148,8;"SANTA CRUZ DO SUL";"Falta de Atenção do Pedestre";"Colisão transversal";"Com Vítimas Feridas";"Plena Noite";"Crescente";"Nublado";"Múltipla";"Reta";"Não";2;0;0;1;1;0;1;2;-29,76303623;-52,42435455;"SPRF-RS";"DEL02-RS";"UOP03-DEL02-RS"
297925;2020-07-27;"segunda-feira";"19:20:00";"PR";376;240;"APUCARANA";"Desobediência às normas de trânsito pelo condutor";"Colisão frontal";"Com Vítimas Feridas";"Plena Noite";"Crescente";"Céu Claro";"Simples";"Reta";"Não";3;0;1;0;2;0;1;2;-23,58054376;-51,43596583;"SPRF-PR";"DEL07-PR";"UOP03-DEL07-PR"
297928;2020-06-28;"domingo";"18:35:00";"PA";222;243;"MARABA";"Falta de Atenção à Condução";"Colisão transversal";"Com Vítimas Feridas";"Plena Noite";"Crescente";"Ignorado";"Simples";"Reta";"Sim";3;0;2;0;1;0;2;2;-5,339671;-49,08239;"SPRF-PA";"DEL03-PA";"UOP01-DEL03-PA"
297930;2020-07-27;"segunda-feira";"19:40:00";"PR";376;637;"TIJUCAS DO SUL";"Condutor Dormindo";"Colisão com objeto estático";"Sem Vítimas";"Plena Noite";"Decrescente";"Nublado";"Dupla";"Reta";"Não";1;0;0;0;1;0;0;1;-25,75614093;-49,12609667;"SPRF-PR";"DEL01-PR";"UOP04-DEL01-PR"
297932;2020-07-27;"segunda-feira";"19:45:00";"RN";406;159;"CEARA-MIRIM";"Ingestão de Álcool";"Queda de ocupante de veículo";"Com Vítimas Feridas";"Plena Noite";"Crescente";"Céu Claro";"Simples";"Reta";"Não";1;0;1;0;0;0;1;1;-5,7065959;-35,37766687;"SPRF-RN";"DEL02-RN";"UOP01-DEL02-RN"
297933;2020-07-27;"segunda-feira";"20:50:00";"ES";101;131,5;"LINHARES";"Falta de Atenção à Condução";"Queda de ocupante de veículo";"Com Vítimas Feridas";"Plena Noite";"Crescente";"Céu Claro";"Simples";"Reta";"Não";2;0;2;0;0;0;2;1;-19,238965;-40,09170698;"SPRF-ES";"DEL04-ES";"UOP01-DEL04-ES"
297934;2020-07-27;"segunda-feira";"16:20:00";"RO";364;14;"VILHENA";"Desobediência às normas de trânsito pelo condutor";"Colisão lateral";"Com Vítimas Feridas";"Pleno dia";"Crescente";"Céu Claro";"Dupla";"Rotatória";"Sim";5;0;0;1;4;0;1;2;-12,73898138;-60,13911417;"SPRF-RO";"DEL04-RO";"UOP01-DEL04-RO"
297935;2020-07-27;"segunda-feira";"18:30:00";"PR";277;227;"FERNANDES PINHEIRO";"Agressão Externa";"Colisão lateral";"Sem Vítimas";"Plena Noite";"Decrescente";"Céu Claro";"Simples";"Reta";"Não";2;0;0;0;1;1;0;2;-25,45403313;-50,44256003;"SPRF-PR";"DEL03-PR";"UOP03-DEL03-PR"
297936;2020-07-27;"segunda-feira";"18:25:00";"RJ";116;143;"DUQUE DE CAXIAS";"Desobediência às normas de trânsito pelo pedestre";"Atropelamento de Pedestre";"Com Vítimas Feridas";"Plena Noite";"Crescente";"Céu Claro";"Dupla";"Reta";"Sim";2;0;0;1;1;0;1;2;-22,67108097;-43,2776696;"SPRF-RJ";"DEL01-RJ";"UOP01-DEL01-RJ"
297939;2020-07-27;"segunda-feira";"19:10:00";"PB";230;378;"CONDADO";"Desobediência às normas de trânsito pelo condutor";"Colisão frontal";"Com Vítimas Fatais";"Plena Noite";"Crescente";"Céu Claro";"Simples";"Reta";"Não";4;1;2;0;0;1;2;3;-6,912472;-37,612018;"SPRF-PB";"DEL03-PB";"UOP02-DEL03-PB"
297940;2020-07-27;"segunda-feira";"21:55:00";"SC";101;215,5;"PALHOCA";"Falta de Atenção à Condução";"Colisão transversal";"Com Vítimas Feridas";"Plena Noite";"Crescente";"Nublado";"Simples";"Interseção de Vias";"Sim";2;0;1;0;1;0;1;2;-27,65184843;-48,67604941;"SPRF-SC";"DEL01-SC";"UOP02-DEL01-SC"
297941;2020-06-05;"sexta-feira";"12:58:00";"MG";381;375,4;"SAO GONCALO DO RIO ABAIXO";"Falta de Atenção à Condução";"Tombamento";"Com Vítimas Feridas";"Pleno dia";"Crescente";"Céu Claro";"Simples";"Reta";"Não";1;0;0;1;0;0;1;1;-19,84745639;-43,30538034;"SPRF-MG";"DEL01-MG";"UOP01-DEL01-MG"
297944;2020-07-27;"segunda-feira";"08:20:00";"GO";158;269;"JATAI";"Desobediência às normas de trânsito pelo condutor";"Colisão frontal";"Sem Vítimas";"Plena Noite";"Decrescente";"Céu Claro";"Dupla";"Reta";"Sim";2;0;0;0;2;0;0;2;-17,85473041;-51,73125121;"SPRF-GO";"DEL05-GO";"UOP01-DEL05-GO"
297946;2020-07-27;"segunda-feira";"22:30:00";"MG";40;652,4;"CRISTIANO OTONI";"Desobediência às normas de trânsito pelo condutor";"Colisão transversal";"Com Vítimas Feridas";"Plena Noite";"Crescente";"Céu Claro";"Simples";"Curva";"Não";2;0;2;0;0;0;2;2;-20,84619896;-43,79801631;"SPRF-MG";"DEL05-MG";"UOP02-DEL05-MG"
297947;2020-07-27;"segunda-feira";"22:43:00";"BA";20;100;"SAO DESIDERIO";"Falta de Atenção à Condução";"Colisão frontal";"Com Vítimas Fatais";"Plena Noite";"Crescente";"Céu Claro";"Simples";"Reta";"Não";3;1;1;0;1;0;1;2;-13,0816559;-46,0149278;"SPRF-BA";"DEL10-BA";"UOP01-DEL10-BA"
297948;2020-07-27;"segunda-feira";"23:04:00";"SC";101;202;"SAO JOSE";"Ingestão de Álcool";"Colisão com objeto estático";"Com Vítimas Feridas";"Plena Noite";"Decrescente";"Céu Claro";"Dupla";"Reta";"Não";1;0;1;0;0;0;1;1;-27,55711595;-48,61897889;"SPRF-SC";"DEL01-SC";"UOP01-DEL01-SC"
297949;2020-07-27;"segunda-feira";"19:45:00";"CE";222;313;"TIANGUA";"Desobediência às normas de trânsito pelo condutor";"Colisão transversal";"Com Vítimas Feridas";"Plena Noite";"Decrescente";"Céu Claro";"Simples";"Reta";"Sim";2;0;1;0;1;0;1;2;-3,7236142;-40,99670064;"SPRF-CE";"DEL04-CE";"UOP02-DEL04-CE"
297952;2020-07-27;"segunda-feira";"23:10:00";"MG";262;484;"BOM DESPACHO";"Ultrapassagem Indevida";"Saída de leito carroçável";"Com Vítimas Feridas";"Plena Noite";"Crescente";"Céu Claro";"Simples";"Reta";"Não";1;0;1;0;0;0;1;1;-19,78539973;-45,28487104;"SPRF-MG";"DEL08-MG";"UOP03-DEL08-MG"
297953;2020-07-27;"segunda-feira";"20:00:00";"MA";230;484;"RIACHAO";"Falta de Atenção à Condução";"Colisão frontal";"Com Vítimas Fatais";"Plena Noite";"Crescente";"Céu Claro";"Simples";"Reta";"Não";2;1;0;1;0;0;1;2;-7,43428293;-46,68891498;"SPRF-MA";"DEL05-MA";"UOP01-DEL05-MA"
297954;2020-07-27;"segunda-feira";"22:00:00";"RS";290;39,4;"SANTO ANTONIO DA PATRULHA";"Falta de Atenção à Condução";"Saída de leito carroçável";"Sem Vítimas";"Plena Noite";"Decrescente";"Chuva";"Dupla";"Reta";"Não";1;0;0;0;1;0;0;1;-29,88625;-50,648232;"SPRF-RS";"DEL03-RS";"UOP01-DEL03-RS"
297955;2020-07-03;"sexta-feira";"19:45:00";"PR";373;178;"PONTA GROSSA";"Não guardar distância de segurança";"Colisão traseira";"Com Vítimas Feridas";"Plena Noite";"Decrescente";"Nublado";"Dupla";"Reta";"Sim";3;0;1;0;2;0;1;2;-25,05025485;-50,23418475;"SPRF-PR";"DEL03-PR";"UOP01-DEL03-PR"
297956;2020-07-28;"terça-feira";"01:00:00";"PR";116;118,9;"CURITIBA";"Defeito Mecânico no Veículo";"Incêndio";"Com Vítimas Feridas";"Plena Noite";"Crescente";"Nublado";"Dupla";"Reta";"Não";1;0;1;0;0;0;1;1;-25,5762;-49,31231;"SPRF-PR";"DEL01-PR";"UOP03-DEL01-PR"
297959;2020-07-28;"terça-feira";"03:25:00";"PE";232;509;"SALGUEIRO";"Ingestão de Álcool";"Tombamento";"Com Vítimas Feridas";"Plena Noite";"Decrescente";"Céu Claro";"Simples";"Reta";"Sim";1;0;1;0;0;0;1;1;-8,06449154;-39,1298447;"SPRF-PE";"DEL05-PE";"UOP01-DEL05-PE"
297960;2020-07-28;"terça-feira";"04:40:00";"SC";101;312;"LAGUNA";"Objeto estático sobre o leito carroçável";"Colisão com objeto estático";"Com Vítimas Feridas";"Plena Noite";"Crescente";"Nublado";"Dupla";"Aclive;Reta;Ponte";"Sim";1;0;1;0;0;0;1;1;-28,44050628;-48,82465839;"SPRF-SC";"DEL02-SC";"UOP01-DEL02-SC"
297961;2020-07-28;"terça-feira";"05:50:00";"SC";280;200,5;"MAFRA";"Condutor Dormindo";"Saída de leito carroçável";"Com Vítimas Feridas";"Amanhecer";"Crescente";"Céu Claro";"Simples";"Reta";"Não";3;0;2;1;0;0;3;1;-26,17422439;-50,07298809;"SPRF-SC";"DEL06-SC";"UOP01-DEL06-SC"
297964;2020-07-27;"segunda-feira";"23:15:00";"SC";280;25;"ARAQUARI";"Desobediência às normas de trânsito pelo condutor";"Colisão traseira";"Com Vítimas Feridas";"Plena Noite";"Decrescente";"Céu Claro";"Simples";"Reta";"Não";5;0;1;1;3;0;2;2;-26,38352781;-48,72677516;"SPRF-SC";"DEL03-SC";"UOP03-DEL03-SC"
297966;2020-07-27;"segunda-feira";"23:50:00";"SP";381;87;"SAO PAULO";"Falta de Atenção à Condução";"Capotamento";"Com Vítimas Feridas";"Plena Noite";"Decrescente";"Céu Claro";"Dupla";"Reta";"Sim";1;0;1;0;0;0;1;1;-23,46885001;-46,56996601;"SPRF-SP";"DEL03-SP";"UOP01-DEL03-SP"
297967;2020-07-28;"terça-feira";"06:40:00";"SC";101;201,8;"SAO JOSE";"Falta de Atenção à Condução";"Queda de ocupante de veículo";"Com Vítimas Feridas";"Pleno dia";"Crescente";"Céu Claro";"Múltipla";"Rotatória";"Sim";1;0;1;0;0;0;1;1;-27,54836599;-48,61977975;"SPRF-SC";"DEL01-SC";"UOP01-DEL01-SC"
297968;2020-07-28;"terça-feira";"07:00:00";"SC";101;38;"JOINVILLE";"Condutor Dormindo";"Colisão lateral";"Com Vítimas Feridas";"Pleno dia";"Crescente";"Nublado";"Dupla";"Reta";"Sim";4;0;2;0;2;0;2;2;-26,25472505;-48,90561309;"SPRF-SC";"DEL03-SC";"UOP01-DEL03-SC"
297969;2020-07-28;"terça-feira";"06:40:00";"PI";343;340;"TERESINA";"Desobediência às normas de trânsito pelo condutor";"Colisão transversal";"Com Vítimas Feridas";"Pleno dia";"Decrescente";"Céu Claro";"Simples";"Reta";"Não";2;0;0;1;1;0;1;2;-5,076253;-42,740125;"SPRF-PI";"DEL01-PI";"UOP01-DEL01-PI"
297970;2020-07-28;"terça-feira";"07:00:00";"SC";101;217,2;"PALHOCA";"Falta de Atenção à Condução";"Queda de ocupante de veículo";"Com Vítimas Feridas";"Pleno dia";"Decrescente";"Céu Claro";"Múltipla";"Reta";"Não";2;0;2;0;0;0;2;1;-27,66779034;-48,67393586;"SPRF-SC";"DEL01-SC";"UOP02-DEL01-SC"
297972;2020-06-01;"segunda-feira";"05:30:00";"PA";316;96;"IGARAPE-ACU";"Defeito na Via";"Tombamento";"Com Vítimas Feridas";"Amanhecer";"Decrescente";"Nublado";"Simples";"Aclive";"Não";2;0;1;0;0;1;1;2;-1,32878666;-47,63912194;"SPRF-PA";"DEL01-PA";"UOP02-DEL01-PA"
297975;2020-07-28;"terça-feira";"07:20:00";"DF";40;6;"BRASILIA";"Desobediência às normas de trânsito pelo condutor";"Colisão lateral";"Com Vítimas Feridas";"Pleno dia";"Decrescente";"Céu Claro";"Dupla";"Aclive";"Não";2;0;1;0;1;0;1;2;-16,029741;-47,978867;"SPRF-DF";"DEL01-DF";"UOP01-DEL01-DF"
297976;2020-07-28;"terça-feira";"07:10:00";"CE";222;3;"CAUCAIA";"Falta de Atenção à Condução";"Colisão lateral";"Com Vítimas Feridas";"Pleno dia";"Decrescente";"Céu Claro";"Dupla";"Reta";"Sim";3;0;0;2;1;0;2;2;-3,73806134;-38,64513874;"SPRF-CE";"DEL01-CE";"UOP01-DEL01-CE"
297977;2020-07-27;"segunda-feira";"21:00:00";"RJ";116;192;"QUEIMADOS";"Animais na Pista";"Atropelamento de Animal";"Com Vítimas Feridas";"Plena Noite";"Crescente";"Chuva";"Múltipla";"Curva";"Não";2;0;1;1;0;0;2;1;-22,74207737;-43,5192401;"SPRF-RJ";"DEL01-RJ";"UOP02-DEL01-RJ"
297981;2020-07-28;"terça-feira";"07:00:00";"GO";153;494;"GOIANIA";"Falta de Atenção à Condução";"Colisão traseira";"Com Vítimas Feridas";"Pleno dia";"Crescente";"Céu Claro";"Dupla";"Reta";"Sim";3;0;1;0;1;1;1;3;-16,6614;-49,2218;"SPRF-GO";"DEL01-GO";"UOP01-DEL01-GO"
297983;2020-07-28;"terça-feira";"08:10:00";"PE";428;187;"PETROLINA";"Desobediência às normas de trânsito pelo condutor";"Colisão transversal";"Com Vítimas Feridas";"Pleno dia";"Crescente";"Céu Claro";"Simples";"Reta";"Sim";2;0;1;0;0;1;1;2;-9,35604301;-40,47854198;"SPRF-PE";"DEL06-PE";"UOP01-DEL06-PE"
297984;2020-07-28;"terça-feira";"07:30:00";"DF";20;8;"BRASILIA";"Velocidade Incompatível";"Saída de leito carroçável";"Com Vítimas Feridas";"Pleno dia";"Crescente";"Céu Claro";"Dupla";"Curva";"Sim";1;0;1;0;0;0;1;1;-15,658386;-47,791534;"SPRF-DF";"DEL02-DF";"UOP01-DEL02-DF"
297985;2020-07-28;"terça-feira";"08:00:00";"SC";101;214,3;"PALHOCA";"Não guardar distância de segurança";"Colisão traseira";"Com Vítimas Feridas";"Pleno dia";"Decrescente";"Céu Claro";"Múltipla";"Reta";"Sim";2;0;1;0;1;0;1;2;-27,64717245;-48,67243767;"SPRF-SC";"DEL01-SC";"UOP02-DEL01-SC"
297987;2020-07-28;"terça-feira";"08:15:00";"PE";232;113,9;"BEZERROS";"Defeito na Via";"Colisão com objeto estático";"Com Vítimas Fatais";"Pleno dia";"Decrescente";"Céu Claro";"Dupla";"Reta";"Sim";2;1;0;0;1;0;0;2;-8,29906533;-35,8402169;"SPRF-PE";"DEL02-PE";"UOP03-DEL02-PE"
297990;2020-06-16;"terça-feira";"09:00:00";"MA";316;267;"SANTA INES";"Defeito na Via";"Saída de leito carroçável";"Com Vítimas Feridas";"Pleno dia";"Crescente";"Céu Claro";"Simples";"Declive";"Não";2;0;1;0;1;0;1;1;-3,68424644;-45,34322804;"SPRF-MA";"DEL02-MA";"UOP01-DEL02-MA"
297991;2020-07-28;"terça-feira";"07:15:00";"PA";230;115;"MARABA";"Falta de Atenção à Condução";"Colisão lateral";"Com Vítimas Feridas";"Pleno dia";"Decrescente";"Céu Claro";"Dupla";"Retorno Regulamentado";"Não";2;0;1;0;1;0;1;2;-5,35913524;-49,08386892;"SPRF-PA";"DEL03-PA";"UOP01-DEL03-PA"
297993;2020-07-28;"terça-feira";"08:40:00";"PE";232;7;"RECIFE";"Falta de Atenção à Condução";"Queda de ocupante de veículo";"Com Vítimas Feridas";"Pleno dia";"Decrescente";"Céu Claro";"Dupla";"Reta";"Sim";1;0;0;1;0;0;1;1;-8,07333497;-34,96184301;"SPRF-PE";"DEL01-PE";"UOP01-DEL01-PE"
297994;2020-07-28;"terça-feira";"05:55:00";"SC";101;213;"PALHOCA";"Falta de Atenção à Condução";"Colisão transversal";"Com Vítimas Feridas";"Pleno dia";"Crescente";"Céu Claro";"Dupla";"Interseção de Vias";"Não";2;0;1;0;1;0;1;2;-27,63697369;-48,66514142;"SPRF-SC";"DEL01-SC";"UOP02-DEL01-SC"
297996;2020-07-28;"terça-feira";"07:30:00";"RJ";101;473;"ANGRA DOS REIS";"Falta de Atenção à Condução";"Colisão traseira";"Com Vítimas Feridas";"Amanhecer";"Decrescente";"Sol";"Simples";"Reta";"Sim";3;0;1;0;2;0;1;2;-22,98960623;-44,24168693;"SPRF-RJ";"DEL03-RJ";"UOP03-DEL03-RJ"
297997;2020-07-28;"terça-feira";"09:30:00";"TO";153;115,1;"WANDERLANDIA";"Falta de Atenção à Condução";"Saída de leito carroçável";"Com Vítimas Fatais";"Pleno dia";"Crescente";"Céu Claro";"Simples";"Reta";"Não";6;3;2;1;0;0;3;1;-6,99387997;-48,09821957;"SPRF-TO";"DEL02-TO";"UOP01-DEL02-TO"
297999;2020-07-28;"terça-feira";"09:50:00";"PR";376;172,8;"MARINGA";"Falta de Atenção à Condução";"Colisão lateral";"Com Vítimas Feridas";"Pleno dia";"Crescente";"Céu Claro";"Dupla";"Rotatória";"Não";2;0;1;0;1;0;1;2;-23,4191001;-51,96816601;"SPRF-PR";"DEL09-PR";"UOP01-DEL09-PR"
298003;2020-07-28;"terça-feira";"10:35:00";"PE";101;41,7;"IGARASSU";"Não guardar distância de segurança";"Colisão traseira";"Com Vítimas Feridas";"Pleno dia";"Crescente";"Céu Claro";"Dupla";"Reta";"Sim";3;0;1;0;1;1;1;2;-7,83038346;-34,91426785;"SPRF-PE";"DEL01-PE";"UOP02-DEL01-PE"
298005;2020-07-28;"terça-feira";"09:45:00";"MG";50;70;"UBERLANDIA";"Falta de Atenção à Condução";"Colisão traseira";"Com Vítimas Feridas";"Pleno dia";"Decrescente";"Céu Claro";"Dupla";"Reta";"Sim";2;0;1;0;1;0;1;2;-18,85140204;-48,25345932;"SPRF-MG";"DEL15-MG";"UOP01-DEL15-MG"
298006;2020-07-28;"terça-feira";"10:25:00";"PI";343;4;"TERESINA";"Defeito na Via";"Queda de ocupante de veículo";"Com Vítimas Feridas";"Pleno dia";"Crescente";"Céu Claro";"Múltipla";"Reta";"Sim";1;0;1;0;0;0;1;1;-5,080141;-42,785697;"SPRF-PI";"DEL05-PI";"UOP01-DEL05-PI"
298007;2020-07-24;"sexta-feira";"18:20:00";"MS";267;678;"PORTO MURTINHO";"Animais na Pista";"Atropelamento de Animal";"Sem Vítimas";"Plena Noite";"Crescente";"Céu Claro";"Simples";"Reta";"Sim";1;0;0;0;1;0;0;1;-21,7003;-57,8585;"SPRF-MS";"DEL05-MS";"UOP01-DEL05-MS"
298009;2020-07-28;"terça-feira";"11:02:00";"GO";50;280,6;"CATALAO";"Falta de Atenção à Condução";"Colisão transversal";"Com Vítimas Feridas";"Pleno dia";"Crescente";"Céu Claro";"Dupla";"Reta";"Sim";2;0;1;0;1;0;1;2;-18,1784;-47,9362;"SPRF-GO";"DEL06-GO";"UOP01-DEL06-GO"
298011;2020-07-28;"terça-feira";"10:30:00";"GO";60;51;"ALEXANIA";"Velocidade Incompatível";"Saída de leito carroçável";"Com Vítimas Feridas";"Pleno dia";"Decrescente";"Sol";"Dupla";"Curva";"Não";2;0;2;0;0;0;2;1;-16,1651;-48,6333;"SPRF-GO";"DEL02-GO";"UOP01-DEL02-GO"
298014;2020-07-28;"terça-feira";"10:30:00";"TO";153;736;"ALVORADA";"Ultrapassagem Indevida";"Colisão frontal";"Sem Vítimas";"Pleno dia";"Decrescente";"Céu Claro";"Simples";"Aclive";"Não";3;0;0;0;3;0;0;2;-12,26229402;-49,15950958;"SPRF-TO";"DEL01-TO";"UOP02-DEL01-TO"
298015;2020-07-28;"terça-feira";"11:20:00";"SC";101;442;"SANTA ROSA DO SUL";"Falta de Atenção à Condução";"Colisão traseira";"Com Vítimas Feridas";"Pleno dia";"Crescente";"Chuva";"Dupla";"Reta";"Não";5;0;1;0;3;1;1;3;-29,12959329;-49,68678391;"SPRF-SC";"DEL02-SC";"UOP02-DEL02-SC"
298016;2020-07-28;"terça-feira";"11:45:00";"PA";230;120;"MARABA";"Desobediência às normas de trânsito pelo condutor";"Colisão transversal";"Sem Vítimas";"Pleno dia";"Crescente";"Céu Claro";"Dupla";"Interseção de Vias";"Sim";2;0;0;0;1;1;0;2;-5,35038318;-49,11434;"SPRF-PA";"DEL03-PA";"UOP01-DEL03-PA"
298017;2020-07-28;"terça-feira";"12:16:00";"PB";101;91;"JOAO PESSOA";"Falta de Atenção do Pedestre";"Atropelamento de Pedestre";"Com Vítimas Feridas";"Pleno dia";"Decrescente";"Céu Claro";"Dupla";"Reta";"Sim";2;0;0;1;0;1;1;2;-7,18826412;-34,90308264;"SPRF-PB";"DEL01-PB";"UOP02-DEL01-PB"
298018;2020-07-28;"terça-feira";"11:58:00";"SP";116;225;"GUARULHOS";"Falta de Atenção à Condução";"Colisão com objeto estático";"Com Vítimas Feridas";"Pleno dia";"Crescente";"Céu Claro";"Múltipla";"Aclive";"Sim";1;0;1;0;0;0;1;1;-23,48586772;-46,54075317;"SPRF-SP";"DEL01-SP";"UOP01-DEL01-SP"
298019;2020-07-28;"terça-feira";"12:20:00";"PR";476;178;"CONTENDA";"Falta de Atenção à Condução";"Saída de leito carroçável";"Com Vítimas Feridas";"Pleno dia";"Crescente";"Céu Claro";"Simples";"Reta";"Sim";1;0;1;0;0;0;1;1;-25,699764;-49,572849;"SPRF-PR";"DEL01-PR";"UOP06-DEL01-PR"
298020;2020-07-28;"terça-feira";"12:07:00";"SC";101;151,2;"ITAPEMA";"Falta de Atenção à Condução";"Colisão com objeto estático";"Com Vítimas Feridas";"Pleno dia";"Decrescente";"Nublado";"Dupla";"Reta";"Sim";1;0;1;0;0;0;1;1;-27,126536;-48,609642;"SPRF-SC";"DEL04-SC";"UOP03-DEL04-SC"
298021;2020-07-28;"terça-feira";"12:45:00";"ES";101;66,8;"SAO MATEUS";"Falta de Atenção à Condução";"Colisão transversal";"Com Vítimas Feridas";"Pleno dia";"Decrescente";"Sol";"Múltipla";"Reta";"Sim";2;0;0;2;0;0;2;2;-18,7165195;-39,87436378;"SPRF-ES";"DEL04-ES";"UOP02-DEL04-ES"
298023;2020-07-18;"sábado";"19:00:00";"BA";242;861;"BARREIRAS";"Defeito Mecânico no Veículo";"Incêndio";"Sem Vítimas";"Plena Noite";"Crescente";"Ignorado";"Simples";"Reta";"Não";1;0;0;0;1;0;0;1;-12,064714;-45,5854;"SPRF-BA";"DEL10-BA";"UOP01-DEL10-BA"
298025;2020-07-28;"terça-feira";"13:25:00";"PR";277;588,8;"CASCAVEL";"Velocidade Incompatível";"Colisão frontal";"Com Vítimas Feridas";"Pleno dia";"Decrescente";"Céu Claro";"Simples";"Interseção de Vias";"Sim";4;0;0;1;3;0;1;2;-24,984741;-53,368952;"SPRF-PR";"DEL04-PR";"UOP01-DEL04-PR"
298026;2020-07-28;"terça-feira";"12:20:00";"BA";324;575;"SAO SEBASTIAO DO PASSE";"Falta de Atenção à Condução";"Saída de leito carroçável";"Com Vítimas Feridas";"Pleno dia";"Crescente";"Nublado";"Dupla";"Reta";"Não";2;0;2;0;0;0;2;1;-12,5822678;-38,5321192;"SPRF-BA";"DEL01-BA";"UOP01-DEL01-BA"