"id";"data_inversa";"dia_semana";"horario";"uf";"br";"km";"municipio";"causa_acidente";"tipo_acidente";"classificacao_acidente";"fase_dia";"sentido_via";"condicao_metereologica";"tipo_pista";"tracado_via";"uso_solo";"pessoas";"mortos";"feridos_leves";"feridos_graves";"ilesos";"ignorados";"feridos";"veiculos";"latitude";"longitude";"regional";"delegacia";"uop"
298635;2020-07-31;"sexta-feira";"21:20:00";"PE";232;414;"SERRA TALHADA";"Ingestão de álcool e/ou substâncias psicoativas pelo pedestre";"Tombamento";"Sem Vítimas";"Plena Noite";"Crescente";"Céu Claro";"Simples";"Reta";"Sim";1;0;0;0;1;0;0;1;-7,98686015;-38,32662106;"SPRF-PE";"DEL04-PE";"UOP01-DEL04-PE"
298637;2020-07-31;"sexta-feira";"20:30:00";"SC";153;94,5;"CONCORDIA";"Desobediência às normas de trânsito pelo condutor";"Colisão frontal";"Com Vítimas Feridas";"Plena Noite";"Decrescente";"Céu Claro";"Simples";"Curva";"Não";2;0;0;2;0;0;2;2;-27,200716;-51,940483;"SPRF-SC";"DEL07-SC";"UOP04-DEL07-SC"
298638;2020-07-31;"sexta-feira";"21:40:00";"ES";101;149,1;"LINHARES";"Desobediência às normas de trânsito pelo condutor";"Colisão transversal";"Com Vítimas Feridas";"Plena Noite";"Decrescente";"Chuva";"Simples";"Interseção de Vias;Reta";"Sim";5;0;1;0;2;2;1;3;-19,39619083;-40,06435871;"SPRF-ES";"DEL04-ES";"UOP01-DEL04-ES"
298639;2020-07-31;"sexta-feira";"17:45:00";"SC";282;461,9;"PASSOS MAIA";"Velocidade Incompatível";"Saída de leito carroçável";"Com Vítimas Feridas";"Plena Noite";"Crescente";"Céu Claro";"Simples";"Reta";"Sim";3;0;0;3;0;0;3;1;-26,855036;-52,059551;"SPRF-SC";"DEL07-SC";"UOP04-DEL07-SC"
298640;2020-07-31;"sexta-feira";"19:30:00";"MT";174;99;"CACERES";"Falta de Atenção do Pedestre";"Atropelamento de Pedestre";"Com Vítimas Feridas";"Plena Noite";"Decrescente";"Céu Claro";"Simples";"Reta";"Não";3;0;1;0;1;1;1;2;-15,844366;-57,859524;"SPRF-MT";"DEL03-MT";"UOP01-DEL03-MT"
298643;2020-07-31;"sexta-feira";"21:30:00";"CE";222;3,1;"FORTALEZA";"Falta de Atenção à Condução";"Colisão transversal";"Com Vítimas Feridas";"Plena Noite";"Decrescente";"Céu Claro";"Múltipla";"Reta";"Sim";2;0;0;1;1;0;1;2;-3,7403769;-38,59569202;"SPRF-CE";"DEL01-CE";"UOP01-DEL01-CE"
298644;2020-07-31;"sexta-feira";"20:30:00";"AL";101;81,7;"RIO LARGO";"Pista Escorregadia";"Colisão com objeto estático";"Com Vítimas Feridas";"Plena Noite";"Decrescente";"Chuva";"Dupla";"Ponte";"Não";5;0;2;1;2;0;3;1;-9,44701176;-35,851915;"SPRF-AL";"DEL01-AL";"UOP01-DEL01-AL"
298645;2020-07-31;"sexta-feira";"21:18:00";"SP";116;224;"GUARULHOS";"Não guardar distância de segurança";"Colisão traseira";"Com Vítimas Feridas";"Plena Noite";"Decrescente";"Céu Claro";"Múltipla";"Reta";"Sim";3;0;2;0;0;1;2;2;-23,48071896;-46,53271603;"SPRF-SP";"DEL01-SP";"UOP01-DEL01-SP"
298646;2020-07-31;"sexta-feira";"18:00:00";"RJ";393;292;"VOLTA REDONDA";"Ingestão de Álcool";"Colisão traseira";"Com Vítimas Feridas";"Plena Noite";"Crescente";"Nublado";"Simples";"Reta";"Sim";3;0;1;0;2;0;1;3;-22,51571885;-44,10574968;"SPRF-RJ";"DEL05-RJ";"UOP04-DEL05-RJ"
298647;2020-07-31;"sexta-feira";"19:00:00";"MA";316;569,1;"CAXIAS";"Desobediência às normas de trânsito pelo condutor";"Colisão frontal";"Com Vítimas Feridas";"Plena Noite";"Crescente";"Céu Claro";"Simples";"Declive";"Não";2;0;2;0;0;0;2;2;-4,91540523;-43,21540833;"SPRF-MA";"DEL03-MA";"UOP02-DEL03-MA"
298651;2020-07-31;"sexta-feira";"22:00:00";"MG";381;478,4;"CONTAGEM";"Ingestão de Álcool";"Colisão traseira";"Com Vítimas Feridas";"Plena Noite";"Decrescente";"Céu Claro";"Dupla";"Reta";"Sim";7;0;2;1;3;1;3;4;-19,95751023;-44,02932569;"SPRF-MG";"DEL01-MG";"UOP03-DEL01-MG"
298654;2020-07-31;"sexta-feira";"22:30:00";"AL";104;92,7;"RIO LARGO";"Falta de Atenção à Condução";"Atropelamento de Pedestre";"Com Vítimas Feridas";"Plena Noite";"Crescente";"Chuva";"Dupla";"Reta";"Sim";2;0;0;1;1;0;1;2;-9,51818474;-35,80329441;"SPRF-AL";"DEL01-AL";"UOP01-DEL01-AL"
298655;2020-07-31;"sexta-feira";"22:20:00";"RJ";101;297;"ITABORAI";"Desobediência às normas de trânsito pelo condutor";"Colisão transversal";"Com Vítimas Feridas";"Plena Noite";"Decrescente";"Céu Claro";"Dupla";"Reta";"Sim";3;0;1;0;2;0;1;2;-22,76942037;-42,91873581;"SPRF-RJ";"DEL02-RJ";"UOP02-DEL02-RJ"
298656;2020-07-31;"sexta-feira";"18:25:00";"SC";153;87;"CONCORDIA";"Falta de Atenção à Condução";"Colisão lateral";"Com Vítimas Feridas";"Anoitecer";"Decrescente";"Céu Claro";"Dupla";"Reta";"Não";3;0;1;1;1;0;2;2;-27,157175;-51,914791;"SPRF-SC";"DEL07-SC";"UOP04-DEL07-SC"
298657;2020-07-31;"sexta-feira";"23:00:00";"DF";20;7,1;"BRASILIA";"Velocidade Incompatível";"Atropelamento de Pedestre";"Com Vítimas Fatais";"Plena Noite";"Crescente";"Ignorado";"Dupla";"Reta";"Sim";2;1;0;0;1;0;0;2;-15,662208;-47,799866;"SPRF-DF";"DEL02-DF";"UOP01-DEL02-DF"
298659;2020-07-31;"sexta-feira";"23:25:00";"SC";282;3;"SAO JOSE";"Desobediência às normas de trânsito pelo condutor";"Colisão traseira";"Com Vítimas Feridas";"Plena Noite";"Decrescente";"Céu Claro";"Dupla";"Reta";"Não";2;0;1;0;0;1;1;2;-27,600384;-48,599705;"SPRF-SC";"DEL01-SC";"UOP01-DEL01-SC"
298660;2020-07-31;"sexta-feira";"23:30:00";"SP";116;464;"PARIQUERA-ACU";"Falta de Atenção à Condução";"Colisão traseira";"Com Vítimas Feridas";"Plena Noite";"Decrescente";"Nublado";"Dupla";"Reta";"Não";5;0;1;0;4;0;1;2;-24,63517676;-47,90877722;"SPRF-SP";"DEL05-SP";"UOP01-DEL05-SP"
298663;2020-07-31;"sexta-feira";"20:45:00";"PR";376;491;"PONTA GROSSA";"Falta de Atenção à Condução";"Colisão com objeto estático";"Com Vítimas Feridas";"Plena Noite";"Crescente";"Céu Claro";"Dupla";"Reta";"Sim";1;0;1;0;0;0;1;1;-25,15130703;-50,1421625;"SPRF-PR";"DEL03-PR";"UOP04-DEL03-PR"
298665;2020-07-31;"sexta-feira";"23:10:00";"ES";101;146,6;"LINHARES";"Condutor Dormindo";"Colisão transversal";"Com Vítimas Feridas";"Plena Noite";"Decrescente";"Nublado";"Múltipla";"Reta";"Sim";3;0;1;1;1;0;2;2;-19,36990998;-40,06560718;"SPRF-ES";"DEL04-ES";"UOP01-DEL04-ES"
298666;2020-07-31;"sexta-feira";"22:10:00";"MG";381;894,3;"CAMBUI";"Falta de Atenção à Condução";"Saída de leito carroçável";"Sem Vítimas";"Plena Noite";"Decrescente";"Céu Claro";"Dupla";"Reta";"Não";1;0;0;0;1;0;0;1;-22,61659879;-46,0689412;"SPRF-MG";"DEL16-MG";"UOP03-DEL16-MG"
298668;2020-07-31;"sexta-feira";"23:40:00";"MG";381;480;"CONTAGEM";"Desobediência às normas de trânsito pelo condutor";"Colisão traseira";"Com Vítimas Feridas";"Plena Noite";"Decrescente";"Céu Claro";"Dupla";"Reta";"Sim";2;0;1;0;1;0;1;2;-19,95749597;-44,07899901;"SPRF-MG";"DEL01-MG";"UOP03-DEL01-MG"
298669;2020-08-01;"sábado";"01:40:00";"PR";376;198,6;"MARIALVA";"Desobediência às normas de trânsito pelo condutor";"Colisão com objeto estático";"Com Vítimas Fatais";"Plena Noite";"Decrescente";"Céu Claro";"Dupla";"Reta;Aclive";"Não";3;1;0;1;1;0;1;2;-23,50488843;-51,74261909;"SPRF-PR";"DEL09-PR";"UOP01-DEL09-PR"
298670;2020-07-31;"sexta-feira";"23:30:00";"PR";163;151,3;"SANTA LUCIA";"Desobediência às normas de trânsito pelo condutor";"Colisão lateral";"Com Vítimas Feridas";"Plena Noite";"Crescente";"Nublado";"Dupla";"Curva";"Não";1;0;0;1;0;0;1;1;-25,40191702;-53,57498103;"SPRF-PR";"DEL05-PR";"UOP05-DEL05-PR"
298672;2020-08-01;"sábado";"00:20:00";"SP";116;116,2;"TAUBATE";"Falta de Atenção à Condução";"Colisão com objeto estático";"Com Vítimas Feridas";"Plena Noite";"Decrescente";"Céu Claro";"Dupla";"Reta";"Não";1;0;0;1;0;0;1;1;-23,0547186;-45,61070681;"SPRF-SP";"DEL06-SP";"UOP01-DEL06-SP"
298674;2020-08-01;"sábado";"01:50:00";"PR";476;181;"LAPA";"Falta de Atenção à Condução";"Saída de leito carroçável";"Com Vítimas Feridas";"Plena Noite";"Decrescente";"Céu Claro";"Simples";"Curva";"Não";1;0;0;1;0;0;1;1;-25,709007;-49,600727;"SPRF-PR";"DEL01-PR";"UOP06-DEL01-PR"
298676;2020-08-01;"sábado";"01:20:00";"SP";153;57,1;"SAO JOSE DO RIO PRETO";"Falta de Atenção à Condução";"Colisão com objeto estático";"Com Vítimas Feridas";"Plena Noite";"Decrescente";"Céu Claro";"Dupla";"Em Obras";"Sim";1;0;1;0;0;0;1;1;-20,76991095;-49,34982212;"SPRF-SP";"DEL09-SP";"UOP01-DEL09-SP"
298677;2020-07-31;"sexta-feira";"21:45:00";"SC";101;158;"PORTO BELO";"Desobediência às normas de trânsito pelo condutor";"Colisão lateral";"Sem Vítimas";"Plena Noite";"Crescente";"Céu Claro";"Dupla";"Reta";"Sim";2;0;0;0;2;0;0;2;-27,19096301;-48,61259017;"SPRF-SC";"DEL04-SC";"UOP03-DEL04-SC"
298680;2020-08-01;"sábado";"02:20:00";"PR";467;93,1;"CASCAVEL";"Ingestão de Álcool";"Saída de leito carroçável";"Sem Vítimas";"Plena Noite";"Crescente";"Céu Claro";"Dupla";"Reta";"Não";2;0;0;0;2;0;0;1;-24,8599;-53,5868;"SPRF-PR";"DEL04-PR";"UOP01-DEL04-PR"
298682;2020-08-01;"sábado";"02:25:00";"RN";304;10,6;"MOSSORO";"Falta de Atenção à Condução";"Queda de ocupante de veículo";"Com Vítimas Feridas";"Plena Noite";"Decrescente";"Céu Claro";"Simples";"Reta";"Não";1;0;0;1;0;0;1;1;-4,965716;-37,393066;"SPRF-RN";"DEL04-RN";"UOP02-DEL04-RN"
298683;2020-08-01;"sábado";"03:50:00";"GO";40;10;"LUZIANIA";"Falta de Atenção à Condução";"Saída de leito carroçável";"Com Vítimas Feridas";"Plena Noite";"Decrescente";"Céu Claro";"Dupla";"Reta";"Não";1;0;1;0;0;0;1;1;-16,13083917;-47,95782208;"SPRF-DF";"DEL01-DF";"UOP01-DEL01-DF"
298684;2020-08-01;"sábado";"04:40:00";"MG";381;422;"CAETE";"Falta de Atenção à Condução";"Colisão traseira";"Com Vítimas Feridas";"Amanhecer";"Decrescente";"Nublado";"Dupla";"Desvio Temporário";"Sim";4;0;2;0;2;0;2;2;-19,78353087;-43,66633394;"SPRF-MG";"DEL01-MG";"UOP01-DEL01-MG"
298685;2020-08-01;"sábado";"03:15:00";"SP";116;309;"SAO LOURENCO DA SERRA";"Falta de Atenção à Condução";"Colisão transversal";"Com Vítimas Feridas";"Plena Noite";"Crescente";"Céu Claro";"Dupla";"Reta";"Não";3;0;0;2;1;0;2;2;-23,86766013;-46,95354593;"SPRF-SP";"DEL04-SP";"UOP01-DEL04-SP"
298686;2020-08-01;"sábado";"05:00:00";"SC";101;216;"PALHOCA";"Falta de Atenção à Condução";"Atropelamento de Animal";"Sem Vítimas";"Plena Noite";"Crescente";"Céu Claro";"Dupla";"Reta";"Sim";1;0;0;0;1;0;0;1;-27,65981409;-48,67747798;"SPRF-SC";"DEL01-SC";"UOP02-DEL01-SC"
298688;2020-08-01;"sábado";"05:05:00";"CE";222;310;"TIANGUA";"Ingestão de Álcool";"Tombamento";"Sem Vítimas";"Amanhecer";"Crescente";"Nublado";"Simples";"Em Obras";"Sim";1;0;0;0;0;1;0;1;-3,70670595;-40,97707006;"SPRF-CE";"DEL04-CE";"UOP02-DEL04-CE"
298689;2020-08-01;"sábado";"05:10:00";"DF";40;4,9;"BRASILIA";"Ingestão de Álcool";"Colisão traseira";"Com Vítimas Feridas";"Amanhecer";"Crescente";"Céu Claro";"Dupla";"Reta";"Sim";2;0;0;1;1;0;1;2;-16,02321079;-47,98009515;"SPRF-DF";"DEL01-DF";"UOP01-DEL01-DF"
298690;2020-08-01;"sábado";"04:55:00";"RJ";101;200;"CASIMIRO DE ABREU";"Desobediência às normas de trânsito pelo condutor";"Colisão com objeto estático";"Sem Vítimas";"Plena Noite";"Decrescente";"Céu Claro";"Dupla";"Reta";"Não";1;0;0;0;1;0;0;1;-22,47879216;-42,15282907;"SPRF-RJ";"DEL08-RJ";"UOP04-DEL08-RJ"
298691;2020-08-01;"sábado";"04:00:00";"BA";324;593;"CANDEIAS";"Restrição de Visibilidade";"Colisão traseira";"Com Vítimas Feridas";"Amanhecer";"Decrescente";"Nevoeiro/Neblina";"Múltipla";"Reta";"Não";2;0;1;0;1;0;1;2;-12,710502;-38,45884692;"SPRF-BA";"DEL01-BA";"UOP01-DEL01-BA"
298692;2020-08-01;"sábado";"04:30:00";"PR";277;84;"CURITIBA";"Velocidade Incompatível";"Colisão com objeto estático";"Com Vítimas Feridas";"Plena Noite";"Crescente";"Nublado";"Dupla";"Curva";"Sim";1;0;1;0;0;0;1;1;-25,44376084;-49,23407815;"SPRF-PR";"DEL01-PR";"UOP01-DEL01-PR"
298694;2020-08-01;"sábado";"02:45:00";"SP";116;8;"QUELUZ";"Falta de Atenção à Condução";"Colisão com objeto estático";"Sem Vítimas";"Plena Noite";"Crescente";"Céu Claro";"Dupla";"Reta";"Sim";1;0;0;0;0;1;0;1;-22,53714;-44,77443;"SPRF-SP";"DEL08-SP";"UOP02-DEL08-SP"
298695;2020-07-31;"sexta-feira";"18:20:00";"PR";277;238;"IRATI";"Falta de Atenção à Condução";"Queda de ocupante de veículo";"Com Vítimas Feridas";"Plena Noite";"Decrescente";"Céu Claro";"Simples";"Reta";"Não";1;0;0;1;0;0;1;1;-25,45407744;-50,61665665;"SPRF-PR";"DEL03-PR";"UOP03-DEL03-PR"
298696;2020-08-01;"sábado";"05:40:00";"BA";367;27,8;"PORTO SEGURO";"Condutor Dormindo";"Colisão frontal";"Com Vítimas Feridas";"Amanhecer";"Crescente";"Nublado";"Simples";"Reta";"Não";2;0;0;1;1;0;1;2;-16,4238769;-39,10203391;"SPRF-BA";"DEL09-BA";"UOP01-DEL09-BA"
298697;2020-08-01;"sábado";"05:00:00";"PB";230;319,3;"SAO MAMEDE";"Falta de Atenção do Pedestre";"Atropelamento de Pedestre";"Com Vítimas Feridas";"Pleno dia";"Decrescente";"Sol";"Simples";"Reta";"Não";2;0;0;1;0;1;1;2;-6,9632;-37,1402;"SPRF-PB";"DEL03-PB";"UOP01-DEL03-PB"
298699;2020-08-01;"sábado";"07:15:00";"PR";277;75;"SAO JOSE DOS PINHAIS";"Falta de Atenção à Condução";"Engavetamento";"Com Vítimas Feridas";"Pleno dia";"Crescente";"Nevoeiro/Neblina";"Dupla";"Reta";"Não";5;0;2;0;3;0;2;5;-25,51726115;-49,11540707;"SPRF-PR";"DEL01-PR";"UOP01-DEL01-PR"
298701;2020-08-01;"sábado";"07:20:00";"PE";232;76,8;"GRAVATA";"Falta de Atenção à Condução";"Tombamento";"Com Vítimas Feridas";"Pleno dia";"Decrescente";"Chuva";"Dupla";"Reta";"Não";1;0;1;0;0;0;1;1;-8,193868;-35,542004;"SPRF-PE";"DEL02-PE";"UOP02-DEL02PE"
298702;2020-08-01;"sábado";"07:30:00";"MG";40;554,9;"NOVA LIMA";"Falta de Atenção à Condução";"Colisão lateral";"Com Vítimas Feridas";"Pleno dia";"Decrescente";"Céu Claro";"Dupla";"Curva";"Não";4;0;3;0;1;0;3;2;-20,08450042;-43,97714496;"SPRF-MG";"DEL01-MG";"UOP02-DEL01-MG"
298704;2020-08-01;"sábado";"08:00:00";"MG";153;237;"FRONTEIRA";"Falta de Atenção à Condução";"Colisão lateral";"Com Vítimas Feridas";"Pleno dia";"Decrescente";"Sol";"Simples";"Reta";"Não";2;0;1;0;1;0;1;2;-20,28330203;-49,19598196;"SPRF-MG";"DEL13-MG";"UOP02-DEL13-MG"
298705;2020-08-01;"sábado";"06:10:00";"MT";364;550;"ROSARIO OESTE";"Velocidade Incompatível";"Saída de leito carroçável";"Sem Vítimas";"Pleno dia";"Decrescente";"Céu Claro";"Dupla";"Reta";"Não";1;0;0;0;0;1;0;1;-14,84637078;-56,44700341;"SPRF-MT";"DEL01-MT";"UOP01-DEL01-MT"
298706;2020-08-01;"sábado";"06:00:00";"RJ";116;255;"PIRAI";"Falta de Atenção à Condução";"Tombamento";"Com Vítimas Feridas";"Amanhecer";"Crescente";"Céu Claro";"Dupla";"Reta";"Não";1;0;1;0;0;0;1;1;-22,58171235;-43,99533787;"SPRF-RJ";"DEL07-RJ";"UOP02-DEL07-RJ"
298707;2020-08-01;"sábado";"08:15:00";"RJ";101;408;"ITAGUAI";"Falta de Atenção à Condução";"Colisão com objeto estático";"Com Vítimas Feridas";"Pleno dia";"Decrescente";"Céu Claro";"Múltipla";"Aclive";"Sim";3;0;3;0;0;0;3;1;-22,88171067;-43,82566452;"SPRF-RJ";"DEL03-RJ";"UOP01-DEL03-RJ"
298708;2020-08-01;"sábado";"09:03:00";"PE";232;409,9;"SERRA TALHADA";"Desobediência às normas de trânsito pelo condutor";"Colisão transversal";"Com Vítimas Feridas";"Pleno dia";"Decrescente";"Céu Claro";"Simples";"Retorno Regulamentado";"Sim";3;0;1;0;2;0;1;2;-7,981944;-38,289467;"SPRF-PE";"DEL04-PE";"UOP01-DEL04-PE"
298709;2020-07-20;"segunda-feira";"13:15:00";"RJ";116;281,9;"BARRA MANSA";"Velocidade Incompatível";"Colisão com objeto estático";"Com Vítimas Feridas";"Pleno dia";"Crescente";"Sol";"Dupla";"Curva";"Não";1;0;0;1;0;0;1;1;-22,49840953;-44,23317847;"SPRF-RJ";"DEL07-RJ";"UOP02-DEL07-RJ"
298711;2020-07-26;"domingo";"19:30:00";"RN";226;113;"SANTA CRUZ";"Pista Escorregadia";"Saída de leito carroçável";"Com Vítimas Feridas";"Plena Noite";"Crescente";"Nublado";"Simples";"Curva";"Não";3;0;2;0;1;0;2;1;-6,21120499;-36,01975098;"SPRF-RN";"DEL03-RN";"UOP02-DEL03-RN"
298712;2020-08-01;"sábado";"09:20:00";"SP";116;215,5;"GUARULHOS";"Ingestão de Álcool";"Colisão com objeto estático";"Sem Vítimas";"Pleno dia";"Decrescente";"Céu Claro";"Múltipla";"Reta";"Não";1;0;0;0;1;0;0;1;-23,44695693;-46,45394103;"SPRF-SP";"DEL01-SP";"UOP01-DEL01-SP"
298713;2020-08-01;"sábado";"07:00:00";"AC";364;143;"RIO BRANCO";"Defeito na Via";"Tombamento";"Com Vítimas Fatais";"Pleno dia";"Crescente";"Céu Claro";"Dupla";"Declive";"Não";1;1;0;0;0;0;0;1;-9,92858308;-67,88590139;"SPRF-AC";"DEL01-AC";"UOP01-DEL01-AC"
298714;2020-06-29;"segunda-feira";"20:00:00";"PI";230;310,4;"FLORIANO";"Desobediência às normas de trânsito pelo condutor";"Colisão frontal";"Com Vítimas Feridas";"Plena Noite";"Decrescente";"Céu Claro";"Simples";"Reta";"Sim";3;0;1;1;1;0;2;2;-6,7658013456;-43,0094132658;"SPRF-PI";"DEL03-PI";"UOP01-DEL03-PI"
298715;2020-08-01;"sábado";"09:55:00";"SC";101;407;"ARARANGUA";"Defeito Mecânico no Veículo";"Saída de leito carroçável";"Sem Vítimas";"Pleno dia";"Decrescente";"Céu Claro";"Dupla";"Reta";"Não";1;0;0;0;1;0;0;1;-28,90009415;-49,47472781;"SPRF-SC";"DEL02-SC";"UOP02-DEL02-SC"
298717;2020-08-01;"sábado";"09:40:00";"CE";116;430;"IPAUMIRIM";"Desobediência às normas de trânsito pelo condutor";"Saída de leito carroçável";"Com Vítimas Feridas";"Pleno dia";"Crescente";"Sol";"Simples";"Reta";"Não";1;0;1;0;0;0;1;1;-6,838563;-38,73942;"SPRF-CE";"DEL05-CE";"UOP01-DEL05-CE"
298718;2020-08-01;"sábado";"09:50:00";"SC";101;164;"TIJUCAS";"Desobediência às normas de trânsito pelo condutor";"Colisão transversal";"Com Vítimas Feridas";"Pleno dia";"Decrescente";"Céu Claro";"Múltipla";"Reta";"Sim";2;0;1;0;1;0;1;2;-27,24011222;-48,630445;"SPRF-SC";"DEL04-SC";"UOP03-DEL04-SC"
298719;2020-08-01;"sábado";"10:40:00";"PR";376;176,9;"MARINGA";"Não guardar distância de segurança";"Colisão traseira";"Com Vítimas Feridas";"Pleno dia";"Decrescente";"Céu Claro";"Dupla";"Interseção de Vias";"Sim";2;0;1;0;1;0;1;2;-23,41255;-51,93227;"SPRF-PR";"DEL09-PR";"UOP01-DEL09-PR"
298720;2020-08-01;"sábado";"10:45:00";"CE";116;510,6;"BREJO SANTO";"Falta de Atenção à Condução";"Saída de leito carroçável";"Com Vítimas Feridas";"Pleno dia";"Crescente";"Nublado";"Simples";"Reta";"Não";4;0;1;2;0;1;3;2;-7,52740627;-38,99889975;"SPRF-CE";"DEL05-CE";"UOP03-DEL05-CE"
298722;2020-08-01;"sábado";"10:20:00";"CE";20;410,8;"CAUCAIA";"Não guardar distância de segurança";"Colisão traseira";"Com Vítimas Feridas";"Pleno dia";"Crescente";"Céu Claro";"Dupla";"Reta;Aclive";"Não";2;0;1;0;1;0;1;2;-3,76999035;-38,67006282;"SPRF-CE";"DEL01-CE";"UOP01-DEL01-CE"
298723;2020-08-01;"sábado";"09:00:00";"PR";369;164;"CAMBE";"Falta de Atenção à Condução";"Saída de leito carroçável";"Sem Vítimas";"Pleno dia";"Decrescente";"Céu Claro";"Dupla";"Declive;Retorno Regulamentado";"Não";1;0;0;0;0;1;0;1;-23,29525074;-51,29438344;"SPRF-PR";"DEL07-PR";"UOP01-DEL07-PR"
298726;2020-08-01;"sábado";"11:05:00";"PR";277;42;"MORRETES";"Defeito Mecânico no Veículo";"Incêndio";"Sem Vítimas";"Pleno dia";"Crescente";"Céu Claro";"Dupla";"Reta";"Não";1;0;0;0;1;0;0;1;-25,57361239;-48,84469597;"SPRF-PR";"DEL01-PR";"UOP07-DEL01-PR"
298729;2020-08-01;"sábado";"11:00:00";"RN";101;113,5;"SAO JOSE DE MIPIBU";"Não guardar distância de segurança";"Queda de ocupante de veículo";"Com Vítimas Feridas";"Pleno dia";"Crescente";"Céu Claro";"Dupla";"Reta";"Não";1;0;1;0;0;0;1;1;-5,97544261;-35,26495457;"SPRF-RN";"DEL01-RN";"UOP01-DEL01-RN"
298730;2020-08-01;"sábado";"11:15:00";"PR";277;351,5;"GUARAPUAVA";"Desobediência às normas de trânsito pelo condutor";"Colisão transversal";"Com Vítimas Feridas";"Pleno dia";"Crescente";"Céu Claro";"Simples";"Reta";"Não";2;0;1;0;1;0;1;2;-25,390621;-51,521241;"SPRF-PR";"DEL08-PR";"UOP01-DEL08-PR"
298731;2020-08-01;"sábado";"10:30:00";"PA";316;74;"SAO FRANCISCO DO PARA";"Falta de Atenção à Condução";"Saída de leito carroçável";"Sem Vítimas";"Pleno dia";"Crescente";"Céu Claro";"Simples";"Reta";"Não";1;0;0;0;1;0;0;1;-1,29446511;-47,82243505;"SPRF-PA";"DEL01-PA";"UOP01-DEL01-PA"
298732;2020-05-23;"sábado";"19:20:00";"RO";364;707;"PORTO VELHO";"Defeito na Via";"Queda de ocupante de veículo";"Com Vítimas Feridas";"Plena Noite";"Crescente";"Céu Claro";"Dupla";"Curva";"Não";2;0;2;0;0;0;2;1;-8,7963594;-63,83981466;"SPRF-RO";"DEL01-RO";"UOP01-DEL01-RO"
298734;2020-08-01;"sábado";"08:10:00";"RJ";495;25;"PETROPOLIS";"Falta de Atenção à Condução";"Colisão traseira";"Com Vítimas Feridas";"Pleno dia";"Crescente";"Céu Claro";"Simples";"Reta";"Não";2;0;1;0;1;0;1;2;-22,40941;-43,100292;"SPRF-RJ";"DEL06-RJ";"UOP01-DEL06-RJ"
298735;2020-08-01;"sábado";"12:15:00";"PE";101;46,8;"IGARASSU";"Falta de Atenção à Condução";"Colisão transversal";"Com Vítimas Feridas";"Pleno dia";"Crescente";"Céu Claro";"Múltipla";"Reta;Declive";"Sim";2;0;0;1;1;0;1;2;-7,87406004;-34,90588126;"SPRF-PE";"DEL01-PE";"UOP02-DEL01-PE"
298736;2020-08-01;"sábado";"11:40:00";"SP";116;65;"GUARATINGUETA";"Avarias e/ou desgaste excessivo no pneu";"Queda de ocupante de veículo";"Com Vítimas Feridas";"Pleno dia";"Decrescente";"Céu Claro";"Dupla";"Rotatória";"Não";2;0;1;0;1;0;1;1;-22,823273;-45,192806;"SPRF-SP";"DEL08-SP";"UOP01-DEL08-SP"
298738;2020-08-01;"sábado";"11:50:00";"SE";101;95;"NOSSA SENHORA DO SOCORRO";"Falta de Atenção à Condução";"Colisão traseira";"Com Vítimas Feridas";"Pleno dia";"Crescente";"Céu Claro";"Dupla";"Reta";"Não";2;0;1;0;1;0;1;2;-10,90212319;-37,14494787;"SPRF-SE";"DEL02-SE";"UOP01-DEL02-SE"
298739;2020-08-01;"sábado";"12:30:00";"PE";232;83,4;"GRAVATA";"Desobediência às normas de trânsito pelo condutor";"Colisão lateral";"Com Vítimas Feridas";"Pleno dia";"Crescente";"Céu Claro";"Dupla";"Curva";"Não";3;0;1;0;1;1;1;2;-8,2024868;-35,59542005;"SPRF-PE";"DEL02-PE";"UOP02-DEL02PE"
298742;2020-08-01;"sábado";"12:45:00";"SC";101;206;"SAO JOSE";"Falta de Atenção à Condução";"Colisão traseira";"Com Vítimas Feridas";"Pleno dia";"Crescente";"Sol";"Múltipla";"Reta";"Não";4;0;1;1;2;0;2;3;-27,59193546;-48,61824557;"SPRF-SC";"DEL01-SC";"UOP01-DEL01-SC"
298743;2020-08-01;"sábado";"12:24:00";"DF";20;9,4;"BRASILIA";"Pista Escorregadia";"Tombamento";"Com Vítimas Feridas";"Pleno dia";"Crescente";"Céu Claro";"Dupla";"Aclive;Reta";"Não";1;0;1;0;0;0;1;1;-15,654671;-47,782917;"SPRF-DF";"DEL02-DF";"UOP01-DEL02-DF"
298744;2020-08-01;"sábado";"12:50:00";"RS";153;44,4;"ERECHIM";"Desobediência às normas de trânsito pelo condutor";"Colisão transversal";"Sem Vítimas";"Pleno dia";"Decrescente";"Céu Claro";"Simples";"Rotatória";"Sim";2;0;0;0;2;0;0;2;-27,62312752;-52,23687793;"SPRF-RS";"DEL08-RS";"UOP04-DEL08-RS"
298745;2020-08-01;"sábado";"12:45:00";"PR";376;189,9;"MARIALVA";"Falta de Atenção à Condução";"Colisão lateral";"Com Vítimas Feridas";"Pleno dia";"Crescente";"Céu Claro";"Dupla";"Curva";"Sim";2;0;1;0;1;0;1;2;-23,471231;-51,819515;"SPRF-PR";"DEL09-PR";"UOP01-DEL09-PR"