"id";"data_inversa";"dia_semana";"horario";"uf";"br";"km";"municipio";"causa_acidente";"tipo_acidente";"classificacao_acidente";"fase_dia";"sentido_via";"condicao_metereologica";"tipo_pista";"tracado_via";"uso_solo";"pessoas";"mortos";"feridos_leves";"feridos_graves";"ilesos";"ignorados";"feridos";"veiculos";"latitude";"longitude";"regional";"delegacia";"uop"
298746;2020-08-01;"sábado";"10:50:00";"BA";101;896;"CARAVELAS";"Ultrapassagem Indevida";"Colisão frontal";"Com Vítimas Fatais";"Pleno dia";"Decrescente";"Chuva";"Simples";"Aclive";"Não";6;1;4;1;0;0;5;2;-17,69832442;-39,77119446;"SPRF-BA";"DEL09-BA";"UOP02-DEL09-BA"
298747;2020-08-01;"sábado";"13:20:00";"SC";101;37,1;"JOINVILLE";"Ingestão de Álcool";"Colisão frontal";"Com Vítimas Feridas";"Pleno dia";"Crescente";"Céu Claro";"Dupla";"Reta";"Sim";2;0;1;0;1;0;1;2;-26,28418059;-48,88860226;"SPRF-SC";"DEL03-SC";"UOP01-DEL03-SC"
298750;2020-08-01;"sábado";"10:30:00";"MG";251;457,2;"GRAO MOGOL";"Pista Escorregadia";"Saída de leito carroçável";"Sem Vítimas";"Pleno dia";"Crescente";"Nublado";"Simples";"Curva";"Não";6;0;0;0;6;0;0;1;-16,41786952;-43,35991682;"SPRF-MG";"DEL12-MG";"UOP01-DEL12-MG"
298751;2020-08-01;"sábado";"11:30:00";"MG";381;635,8;"SANTO ANTONIO DO AMPARO";"Velocidade Incompatível";"Saída de leito carroçável";"Com Vítimas Feridas";"Pleno dia";"Crescente";"Nublado";"Dupla";"Curva;Declive";"Não";1;0;1;0;0;0;1;1;-20,88278809;-44,85183046;"SPRF-MG";"DEL04-MG";"UOP01-DEL04-MG"
298752;2020-08-01;"sábado";"10:15:00";"PB";110;189;"MONTEIRO";"Não guardar distância de segurança";"Colisão traseira";"Com Vítimas Feridas";"Pleno dia";"Crescente";"Céu Claro";"Simples";"Reta";"Não";5;0;3;2;0;0;5;3;-7,93258681;-37,18436713;"SPRF-PB";"DEL02-PB";"UOP02-DEL02-PB"
298753;2020-08-01;"sábado";"11:48:00";"MS";262;159,9;"RIBAS DO RIO PARDO";"Objeto estático sobre o leito carroçável";"Saída de leito carroçável";"Com Vítimas Feridas";"Pleno dia";"Decrescente";"Céu Claro";"Simples";"Reta;Declive";"Não";1;0;0;1;0;0;1;1;-20,458892;-52,997203;"SPRF-MS";"DEL07-MS";"UOP02-DEL07-MS"
298754;2020-08-01;"sábado";"06:00:00";"SC";282;471,4;"PONTE SERRADA";"Ingestão de Álcool";"Saída de leito carroçável";"Com Vítimas Feridas";"Amanhecer";"Decrescente";"Céu Claro";"Simples";"Reta";"Não";4;0;2;0;1;1;2;1;-26,863609;-52,130394;"SPRF-SC";"DEL07-SC";"UOP01-DEL07-SC"
298755;2020-04-19;"domingo";"15:20:00";"GO";70;21,7;"COCALZINHO DE GOIAS";"Ingestão de Álcool";"Colisão traseira";"Sem Vítimas";"Pleno dia";"Crescente";"Chuva";"Dupla";"Reta;Aclive";"Não";2;0;0;0;2;0;0;2;-15,74046213;-48,38392376;"SPRF-DF";"DEL03-DF";"UOP02-DEL03-DF"
298756;2020-08-01;"sábado";"12:50:00";"ES";262;143,5;"IBATIBA";"Defeito na Via";"Saída de leito carroçável";"Com Vítimas Feridas";"Pleno dia";"Decrescente";"Nublado";"Simples";"Reta";"Não";1;0;1;0;0;0;1;1;-20,23248492;-41,39486117;"SPRF-ES";"DEL01-ES";"UOP02-DEL01-ES"
298757;2020-08-01;"sábado";"13:50:00";"SC";470;123;"IBIRAMA";"Desobediência às normas de trânsito pelo condutor";"Colisão traseira";"Com Vítimas Feridas";"Pleno dia";"Decrescente";"Céu Claro";"Simples";"Reta";"Não";2;0;0;1;1;0;1;2;-27,106783;-49,522049;"SPRF-SC";"DEL04-SC";"UOP02-DEL04-SC"
298759;2020-08-01;"sábado";"13:45:00";"MG";262;45,7;"MANHUACU";"Falta de Atenção à Condução";"Colisão transversal";"Com Vítimas Feridas";"Pleno dia";"Decrescente";"Nublado";"Simples";"Reta";"Não";2;0;2;0;0;0;2;2;-20,26145201;-42,09686296;"SPRF-MG";"DEL06-MG";"UOP03-DEL06-MG"
298760;2020-08-01;"sábado";"12:15:00";"MS";60;503;"MARACAJU";"Falta de Atenção à Condução";"Colisão com objeto estático";"Com Vítimas Feridas";"Pleno dia";"Crescente";"Sol";"Simples";"Rotatória";"Não";1;0;0;1;0;0;1;1;-21,22093114;-55,53873181;"SPRF-MS";"DEL05-MS";"UOP01-DEL05-MS"
298761;2020-08-01;"sábado";"10:30:00";"MT";70;224;"GENERAL CARNEIRO";"Falta de Atenção à Condução";"Capotamento";"Com Vítimas Feridas";"Pleno dia";"Crescente";"Céu Claro";"Simples";"Reta;Declive";"Não";2;0;2;0;0;0;2;1;-15,655934;-53,902877;"SPRF-MT";"DEL05-MT";"UOP01-DEL05-MT"
298762;2020-08-01;"sábado";"12:30:00";"RJ";101;597;"PARATY";"Falta de Atenção à Condução";"Colisão transversal";"Com Vítimas Fatais";"Pleno dia";"Crescente";"Sol";"Simples";"Aclive";"Não";2;1;0;0;1;0;0;2;-23,34025796;-44,74508227;"SPRF-RJ";"DEL03-RJ";"UOP04-DEL03-RJ"
298763;2020-07-25;"sábado";"10:00:00";"RJ";101;400;"ITAGUAI";"Falta de Atenção à Condução";"Colisão com objeto estático";"Sem Vítimas";"Pleno dia";"Crescente";"Sol";"Dupla";"Curva";"Sim";4;0;0;0;4;0;0;1;-22,85181641;-43,76712799;"SPRF-RJ";"DEL03-RJ";"UOP01-DEL03-RJ"
298764;2020-08-01;"sábado";"14:35:00";"SC";282;4,5;"SAO JOSE";"Velocidade Incompatível";"Saída de leito carroçável";"Sem Vítimas";"Pleno dia";"Crescente";"Céu Claro";"Múltipla";"Reta";"Sim";1;0;0;0;0;1;0;1;-27,592646;-48,604034;"SPRF-SC";"DEL01-SC";"UOP01-DEL01-SC"
298766;2020-08-01;"sábado";"14:05:00";"RJ";393;285,6;"VOLTA REDONDA";"Falta de Atenção à Condução";"Colisão traseira";"Com Vítimas Feridas";"Pleno dia";"Crescente";"Sol";"Simples";"Reta";"Sim";2;0;1;0;1;0;1;2;-22,481726;-44,06308602;"SPRF-RJ";"DEL05-RJ";"UOP04-DEL05-RJ"
298769;2020-07-23;"quinta-feira";"16:10:00";"PR";376;616;"SAO JOSE DOS PINHAIS";"Velocidade Incompatível";"Colisão lateral";"Com Vítimas Feridas";"Pleno dia";"Crescente";"Céu Claro";"Dupla";"Curva";"Não";2;0;1;0;1;0;1;2;-25,584658;-49,175828;"SPRF-PR";"DEL01-PR";"UOP01-DEL01-PR"
298773;2020-08-01;"sábado";"15:10:00";"RS";386;231,2;"SOLEDADE";"Não guardar distância de segurança";"Colisão traseira";"Com Vítimas Feridas";"Pleno dia";"Decrescente";"Sol";"Simples";"Reta";"Não";2;0;1;0;1;0;1;2;-28,704996;-52,582634;"SPRF-RS";"DEL04-RS";"UOP03-DEL04-RS"
298774;2020-08-01;"sábado";"15:30:00";"PR";277;672,5;"MEDIANEIRA";"Falta de Atenção à Condução";"Colisão com objeto estático";"Com Vítimas Fatais";"Pleno dia";"Decrescente";"Céu Claro";"Dupla";"Reta";"Sim";2;1;0;0;0;1;0;2;-25,28740438;-54,09701091;"SPRF-PR";"DEL05-PR";"UOP01-DEL05-PR"
298776;2020-08-01;"sábado";"15:00:00";"RS";470;194,6;"BENTO GONCALVES";"Mal Súbito";"Saída de leito carroçável";"Com Vítimas Fatais";"Pleno dia";"Decrescente";"Céu Claro";"Simples";"Declive";"Não";1;1;0;0;0;0;0;1;-29,05030203;-51,57387285;"SPRF-RS";"DEL06-RS";"UOP02-DEL06-RS"
298777;2020-08-01;"sábado";"14:25:00";"AC";364;112;"RIO BRANCO";"Ingestão de Álcool";"Saída de leito carroçável";"Com Vítimas Feridas";"Pleno dia";"Decrescente";"Céu Claro";"Simples";"Reta;Aclive";"Não";1;0;1;0;0;0;1;1;-10,0136782;-67,683134;"SPRF-AC";"DEL01-AC";"UOP01-DEL01-AC"
298779;2020-08-01;"sábado";"16:00:00";"SP";116;53,9;"LORENA";"Desobediência às normas de trânsito pelo condutor";"Colisão com objeto estático";"Com Vítimas Fatais";"Pleno dia";"Decrescente";"Nublado";"Dupla";"Reta";"Sim";2;1;0;0;1;0;0;2;-22,75255433;-45,10741076;"SPRF-SP";"DEL08-SP";"UOP01-DEL08-SP"
298780;2020-08-01;"sábado";"07:50:00";"MA";10;249;"IMPERATRIZ";"Objeto estático sobre o leito carroçável";"Colisão com objeto estático";"Com Vítimas Feridas";"Pleno dia";"Crescente";"Céu Claro";"Simples";"Reta";"Sim";1;0;1;0;0;0;1;1;-5,558508;-47,45417;"SPRF-MA";"DEL04-MA";"UOP01-DEL04-MA"
298781;2020-08-01;"sábado";"16:55:00";"PR";277;135,3;"BALSA NOVA";"Velocidade Incompatível";"Saída de leito carroçável";"Com Vítimas Feridas";"Pleno dia";"Crescente";"Sol";"Dupla";"Reta;Declive";"Não";4;0;3;1;0;0;4;1;-25,47030182;-49,68693495;"SPRF-PR";"DEL01-PR";"UOP03-DEL03-PR"
298785;2020-08-01;"sábado";"16:00:00";"PR";277;595,9;"CASCAVEL";"Falta de Atenção à Condução";"Colisão transversal";"Com Vítimas Fatais";"Pleno dia";"Decrescente";"Sol";"Dupla";"Reta";"Sim";4;1;0;0;1;2;0;3;-24,987385;-53,506733;"SPRF-PR";"DEL04-PR";"UOP01-DEL04-PR"
298788;2020-08-01;"sábado";"17:00:00";"MG";40;511;"RIBEIRAO DAS NEVES";"Avarias e/ou desgaste excessivo no pneu";"Tombamento";"Com Vítimas Feridas";"Pleno dia";"Decrescente";"Céu Claro";"Dupla";"Reta";"Não";2;0;2;0;0;0;2;1;-19,78164295;-44,11733194;"SPRF-MG";"DEL01-MG";"UOP02-DEL01-MG"
298789;2020-08-01;"sábado";"17:00:00";"PR";277;408,8;"CANDOI";"Desobediência às normas de trânsito pelo condutor";"Colisão lateral";"Com Vítimas Feridas";"Pleno dia";"Decrescente";"Céu Claro";"Simples";"Reta";"Não";2;0;0;1;1;0;1;2;-25,43738344;-51,990051;"SPRF-PR";"DEL04-PR";"UOP02-DEL04-PR"
298790;2020-08-01;"sábado";"15:20:00";"GO";414;407,2;"ABADIANIA";"Falta de Atenção à Condução";"Colisão traseira";"Com Vítimas Feridas";"Pleno dia";"Crescente";"Céu Claro";"Simples";"Reta";"Não";3;0;2;0;1;0;2;2;-16,03064;-48,85042;"SPRF-GO";"DEL02-GO";"UOP01-DEL02-GO"
298791;2020-08-01;"sábado";"16:00:00";"GO";20;8,4;"FORMOSA";"Falta de Atenção à Condução";"Colisão traseira";"Com Vítimas Feridas";"Anoitecer";"Decrescente";"Céu Claro";"Simples";"Reta";"Não";4;0;2;0;2;0;2;2;-15,551153;-47,283253;"SPRF-DF";"DEL02-DF";"UOP01-DEL02-DF"
298794;2020-08-01;"sábado";"16:39:00";"PA";316;7;"ANANINDEUA";"Falta de Atenção do Pedestre";"Atropelamento de Pedestre";"Com Vítimas Feridas";"Pleno dia";"Decrescente";"Céu Claro";"Múltipla";"Reta";"Sim";2;0;0;1;0;1;1;2;-1,37246314;-48,38458692;"SPRF-PA";"DEL01-PA";"UOP01-DEL01-PA"
298795;2020-08-01;"sábado";"16:15:00";"PI";343;592;"FLORIANO";"Falta de Atenção à Condução";"Colisão transversal";"Com Vítimas Feridas";"Pleno dia";"Crescente";"Céu Claro";"Dupla";"Reta";"Sim";2;0;1;1;0;0;2;2;-6,777731;-43,031559;"SPRF-PI";"DEL03-PI";"UOP01-DEL03-PI"
298796;2020-08-01;"sábado";"17:30:00";"PR";277;66;"SAO JOSE DOS PINHAIS";"Ingestão de Álcool";"Colisão com objeto estático";"Com Vítimas Feridas";"Pleno dia";"Decrescente";"Sol";"Dupla";"Reta";"Sim";1;0;1;0;0;0;1;1;-25,54908791;-49,04398096;"SPRF-PR";"DEL01-PR";"UOP07-DEL01-PR"
298797;2020-08-01;"sábado";"16:45:00";"PR";373;414;"CANDOI";"Ingestão de Álcool";"Colisão lateral";"Com Vítimas Feridas";"Pleno dia";"Crescente";"Nublado";"Simples";"Reta";"Sim";2;0;0;1;1;0;1;2;-25,66088488;-52,11932518;"SPRF-PR";"DEL08-PR";"UOP01-DEL08-PR"
298799;2020-08-01;"sábado";"11:00:00";"MA";10;100,3;"ESTREITO";"Desobediência às normas de trânsito pelo condutor";"Colisão com objeto estático";"Com Vítimas Fatais";"Pleno dia";"Decrescente";"Sol";"Simples";"Reta";"Não";2;1;0;0;0;1;0;2;-6,793124;-47,434818;"SPRF-MA";"DEL04-MA";"UOP02-DEL04-MA"
298800;2020-08-01;"sábado";"18:30:00";"MT";70;4,4;"BARRA DO GARCAS";"Ingestão de Álcool";"Saída de leito carroçável";"Com Vítimas Feridas";"Plena Noite";"Decrescente";"Céu Claro";"Dupla";"Reta";"Sim";1;0;1;0;0;0;1;1;-15,87907036;-52,28563311;"SPRF-MT";"DEL07-MT";"UOP01-DEL07-MT"
298801;2020-08-01;"sábado";"18:35:00";"MG";365;638,5;"UBERLANDIA";"Desobediência às normas de trânsito pelo condutor";"Colisão lateral";"Com Vítimas Feridas";"Plena Noite";"Crescente";"Nublado";"Dupla";"Reta";"Não";5;0;1;1;1;2;2;3;-18,8883267;-48,44671495;"SPRF-MG";"DEL15-MG";"UOP01-DEL15-MG"
298802;2020-05-15;"sexta-feira";"17:40:00";"PI";402;48;"PARNAIBA";"Ingestão de Álcool";"Atropelamento de Animal";"Com Vítimas Feridas";"Anoitecer";"Crescente";"Céu Claro";"Simples";"Reta";"Não";1;0;1;0;0;0;1;1;-3,01276255;-41,66782385;"SPRF-PI";"DEL05-PI";"UOP01-DEL05-PI"
298803;2020-08-01;"sábado";"17:46:00";"PA";230;113;"MARABA";"Não guardar distância de segurança";"Colisão traseira";"Sem Vítimas";"Anoitecer";"Decrescente";"Sol";"Simples";"Reta";"Não";3;0;0;0;3;0;0;3;-5,36689576;-49,05750094;"SPRF-PA";"DEL03-PA";"UOP01-DEL03-PA"
298805;2020-08-01;"sábado";"18:43:00";"SC";282;16,1;"PALHOCA";"Defeito na Via";"Colisão traseira";"Com Vítimas Feridas";"Plena Noite";"Crescente";"Céu Claro";"Simples";"Reta";"Sim";2;0;1;0;1;0;1;2;-27,66168474;-48,68444324;"SPRF-SC";"DEL01-SC";"UOP02-DEL01-SC"
298806;2020-08-01;"sábado";"19:00:00";"PR";476;122,8;"CURITIBA";"Não guardar distância de segurança";"Colisão traseira";"Com Vítimas Feridas";"Pleno dia";"Decrescente";"Céu Claro";"Dupla";"Em Obras";"Sim";2;0;1;0;1;0;1;2;-25,385775;-49,203377;"SPRF-PR";"DEL01-PR";"UOP07-DEL01-PR"
298807;2020-08-01;"sábado";"18:45:00";"SC";470;51;"BLUMENAU";"Sinalização da via insuficiente ou inadequada";"Colisão lateral";"Com Vítimas Feridas";"Plena Noite";"Crescente";"Céu Claro";"Simples";"Em Obras";"Sim";2;0;1;0;1;0;1;2;-26,862339;-49,084038;"SPRF-SC";"DEL04-SC";"UOP01-DEL04-SC"
298808;2020-08-01;"sábado";"19:00:00";"SC";101;208;"SAO JOSE";"Falta de Atenção à Condução";"Tombamento";"Com Vítimas Feridas";"Plena Noite";"Decrescente";"Céu Claro";"Simples";"Reta";"Sim";1;0;0;1;0;0;1;1;-27,60327979;-48,63201818;"SPRF-SC";"DEL01-SC";"UOP01-DEL01-SC"
298809;2020-08-01;"sábado";"19:00:00";"SE";235;98;"CARIRA";"Ingestão de Álcool";"Colisão transversal";"Com Vítimas Feridas";"Plena Noite";"Decrescente";"Céu Claro";"Simples";"Reta";"Não";2;0;0;1;1;0;1;2;-10,437386;-37,677494;"SPRF-SE";"DEL01-SE";"UOP02-DEL01-SE"
298810;2020-08-01;"sábado";"18:35:00";"SP";153;112,2;"JOSE BONIFACIO";"Desobediência às normas de trânsito pelo condutor";"Colisão frontal";"Com Vítimas Feridas";"Plena Noite";"Decrescente";"Céu Claro";"Simples";"Aclive";"Não";4;0;0;1;3;0;1;2;-21,10480404;-49,68274492;"SPRF-SP";"DEL09-SP";"UOP01-DEL09-SP"
298811;2020-08-01;"sábado";"18:50:00";"SC";470;57,5;"BLUMENAU";"Desobediência às normas de trânsito pelo condutor";"Colisão transversal";"Com Vítimas Feridas";"Plena Noite";"Crescente";"Céu Claro";"Simples";"Rotatória";"Sim";3;0;2;0;1;0;2;2;-26,88276562;-49,14209247;"SPRF-SC";"DEL04-SC";"UOP01-DEL04-SC"
298813;2020-08-01;"sábado";"16:00:00";"SC";116;37,6;"ITAIOPOLIS";"Falta de Atenção à Condução";"Colisão com objeto estático";"Com Vítimas Feridas";"Pleno dia";"Crescente";"Céu Claro";"Simples";"Reta";"Não";1;0;1;0;0;0;1;1;-26,34065776;-50,02444605;"SPRF-SC";"DEL06-SC";"UOP01-DEL06-SC"
298814;2020-08-01;"sábado";"19:00:00";"RS";392;348,5;"SANTA MARIA";"Desobediência às normas de trânsito pelo condutor";"Colisão transversal";"Com Vítimas Feridas";"Plena Noite";"Crescente";"Céu Claro";"Simples";"Reta";"Sim";7;0;1;0;3;3;1;3;-29,7526249;-53,7898177;"SPRF-RS";"DEL09-RS";"UOP01-DEL09-RS"
298815;2020-08-01;"sábado";"12:10:00";"PI";135;388;"BOM JESUS";"Defeito na Via";"Danos eventuais";"Com Vítimas Feridas";"Pleno dia";"Crescente";"Sol";"Simples";"Curva";"Não";5;0;4;1;0;0;5;1;-9,33351203;-44,52121394;"SPRF-PI";"DEL03-PI";"UOP02-DEL03-PI"
298816;2020-08-01;"sábado";"19:15:00";"RJ";101;211;"CASIMIRO DE ABREU";"Falta de Atenção à Condução";"Colisão lateral";"Com Vítimas Feridas";"Plena Noite";"Crescente";"Nublado";"Dupla";"Reta";"Não";2;0;0;1;0;1;1;2;-22,48280166;-42,24957347;"SPRF-RJ";"DEL08-RJ";"UOP04-DEL08-RJ"
298818;2020-08-01;"sábado";"19:40:00";"PB";101;84,5;"BAYEUX";"Não guardar distância de segurança";"Colisão traseira";"Com Vítimas Feridas";"Plena Noite";"Decrescente";"Céu Claro";"Dupla";"Reta";"Sim";3;0;1;0;2;0;1;3;-7,13957906;-34,92312806;"SPRF-PB";"DEL01-PB";"UOP01-DEL01-PB"
298820;2020-08-01;"sábado";"20:00:00";"RJ";393;168;"TRES RIOS";"Falta de Atenção à Condução";"Colisão transversal";"Com Vítimas Feridas";"Plena Noite";"Crescente";"Céu Claro";"Simples";"Reta";"Sim";2;0;1;0;1;0;1;2;-22,127502;-43,147022;"SPRF-RJ";"DEL05-RJ";"UOP01-DEL05-RJ"
298821;2020-08-01;"sábado";"20:15:00";"SC";101;195;"BIGUACU";"Falta de Atenção à Condução";"Colisão traseira";"Com Vítimas Feridas";"Plena Noite";"Crescente";"Céu Claro";"Dupla";"Reta";"Não";3;0;1;0;1;1;1;3;-27,5047092;-48,65010819;"SPRF-SC";"DEL01-SC";"UOP01-DEL01-SC"
298822;2020-08-01;"sábado";"16:30:00";"MA";135;46;"BACABEIRA";"Falta de Atenção à Condução";"Colisão traseira";"Sem Vítimas";"Pleno dia";"Decrescente";"Sol";"Dupla";"Aclive";"Não";2;0;0;0;2;0;0;2;-2,93050867;-44,33424959;"SPRF-MA";"DEL01-MA";"UOP01-DEL01-MA"
298823;2020-08-01;"sábado";"19:05:00";"MT";364;203,8;"RONDONOPOLIS";"Ingestão de Álcool";"Colisão traseira";"Com Vítimas Feridas";"Plena Noite";"Crescente";"Céu Claro";"Dupla";"Reta;Aclive";"Sim";2;0;1;0;1;0;1;2;-16,47555256;-54,65344724;"SPRF-MT";"DEL02-MT";"UOP01-DEL02-MT"
298824;2020-08-01;"sábado";"19:15:00";"RO";364;348;"JI-PARANA";"Defeito na Via";"Queda de ocupante de veículo";"Com Vítimas Feridas";"Anoitecer";"Crescente";"Céu Claro";"Dupla";"Reta";"Não";1;0;0;1;0;0;1;1;-10,85560858;-61,98371472;"SPRF-RO";"DEL02-RO";"UOP01-DEL02-RO"
298825;2020-08-01;"sábado";"18:30:00";"MT";163;777;"SORRISO";"Ingestão de Álcool";"Queda de ocupante de veículo";"Com Vítimas Feridas";"Anoitecer";"Decrescente";"Céu Claro";"Simples";"Reta";"Não";1;0;1;0;0;0;1;1;-12,46639807;-55,67002686;"SPRF-MT";"DEL06-MT";"UOP01-DEL06-MT"
298826;2020-08-01;"sábado";"20:30:00";"ES";101;72;"SAO MATEUS";"Ingestão de Álcool";"Tombamento";"Com Vítimas Feridas";"Plena Noite";"Crescente";"Céu Claro";"Simples";"Reta";"Não";1;0;1;0;0;0;1;1;-18,76249002;-39,86354384;"SPRF-ES";"DEL04-ES";"UOP02-DEL04-ES"
298827;2020-01-08;"quarta-feira";"12:35:00";"RJ";101;505;"ANGRA DOS REIS";"Falta de Atenção à Condução";"Colisão traseira";"Sem Vítimas";"Pleno dia";"Crescente";"Chuva";"Simples";"Reta";"Não";2;0;0;0;2;0;0;2;-22,93561595;-44,39617909;"SPRF-RJ";"DEL03-RJ";"UOP02-DEL03-RJ"
298828;2020-08-01;"sábado";"18:00:00";"CE";116;198,9;"LIMOEIRO DO NORTE";"Animais na Pista";"Atropelamento de Animal";"Com Vítimas Fatais";"Plena Noite";"Crescente";"Céu Claro";"Simples";"Reta";"Não";3;1;2;0;0;0;2;1;-5,17331386;-38,17353112;"SPRF-CE";"DEL03-CE";"UOP01-DEL03-CE"
298829;2020-08-01;"sábado";"15:10:00";"SC";282;281,9;"SAO JOSE DO CERRITO";"Ultrapassagem Indevida";"Colisão lateral";"Com Vítimas Feridas";"Pleno dia";"Decrescente";"Céu Claro";"Simples";"Aclive";"Não";3;0;3;0;0;0;3;2;-27,580057;-50,76429;"SPRF-SC";"DEL05-SC";"UOP02-DEL05-SC"
298830;2020-08-01;"sábado";"14:15:00";"MT";70;610;"POCONE";"Falta de Atenção à Condução";"Saída de leito carroçável";"Com Vítimas Fatais";"Pleno dia";"Decrescente";"Céu Claro";"Simples";"Curva";"Não";1;1;0;0;0;0;0;1;-15,85031847;-56,81319617;"SPRF-MT";"DEL03-MT";"UOP02-DEL03-MT"
298831;2020-07-31;"sexta-feira";"15:30:00";"PE";232;410;"SERRA TALHADA";"Desobediência às normas de trânsito pelo condutor";"Colisão transversal";"Com Vítimas Feridas";"Pleno dia";"Crescente";"Céu Claro";"Simples";"Reta";"Sim";2;0;0;1;1;0;1;2;-7,98261841;-38,30039606;"SPRF-PE";"DEL04-PE";"UOP01-DEL04-PE"
298832;2020-08-01;"sábado";"20:15:00";"ES";393;9,7;"CACHOEIRO DE ITAPEMIRIM";"Falta de Atenção à Condução";"Tombamento";"Com Vítimas Feridas";"Plena Noite";"Decrescente";"Céu Claro";"Simples";"Reta";"Sim";2;0;2;0;0;0;2;1;-20,83805215;-41,2306509;"SPRF-ES";"DEL03-ES";"UOP02-DEL03-ES"
298833;2020-08-01;"sábado";"20:40:00";"GO";153;255,6;"SAO LUIZ DO NORTE";"Desobediência às normas de trânsito pelo condutor";"Colisão frontal";"Com Vítimas Feridas";"Plena Noite";"Decrescente";"Céu Claro";"Simples";"Reta";"Não";3;0;2;0;1;0;2;2;-14,95606;-49,380375;"SPRF-GO";"DEL07-GO";"UOP02-DEL07-GO"
298834;2020-08-01;"sábado";"20:50:00";"PE";104;71,1;"CARUARU";"Falta de Atenção à Condução";"Saída de leito carroçável";"Com Vítimas Feridas";"Plena Noite";"Decrescente";"Chuva";"Dupla";"Reta";"Não";4;0;2;0;2;0;2;1;-8,3333;-35,9814;"SPRF-PE";"DEL02-PE";"UOP01-DEL02-PE"
298836;2020-08-01;"sábado";"19:20:00";"MA";10;238;"DAVINOPOLIS";"Desobediência às normas de trânsito pelo pedestre";"Atropelamento de Pedestre";"Com Vítimas Feridas";"Plena Noite";"Crescente";"Céu Claro";"Simples";"Reta";"Não";2;0;0;1;1;0;1;2;-5,640739;-47,398945;"SPRF-MA";"DEL04-MA";"UOP01-DEL04-MA"
298837;2020-08-01;"sábado";"20:05:00";"PI";343;338;"TERESINA";"Falta de Atenção à Condução";"Saída de leito carroçável";"Com Vítimas Feridas";"Plena Noite";"Crescente";"Céu Claro";"Simples";"Reta";"Não";2;0;2;0;0;0;2;1;-5,063362;-42,722912;"SPRF-PI";"DEL01-PI";"UOP01-DEL01-PI"
298838;2020-08-01;"sábado";"21:11:00";"SP";116;227;"SAO PAULO";"Falta de Atenção à Condução";"Colisão com objeto estático";"Com Vítimas Feridas";"Plena Noite";"Crescente";"Céu Claro";"Múltipla";"Reta";"Não";3;0;2;0;1;0;2;1;-23,49659264;-46,55648754;"SPRF-SP";"DEL01-SP";"UOP01-DEL01-SP"
298839;2020-08-01;"sábado";"21:10:00";"SC";282;20;"PALHOCA";"Ingestão de Álcool";"Colisão transversal";"Com Vítimas Feridas";"Plena Noite";"Decrescente";"Céu Claro";"Simples";"Reta";"Não";2;0;0;1;1;0;1;2;-27,683958;-48,71006;"SPRF-SC";"DEL01-SC";"UOP02-DEL01-SC"
298842;2020-08-01;"sábado";"18:00:00";"MG";262;24,2;"REDUTO";"Restrição de Visibilidade";"Colisão traseira";"Com Vítimas Feridas";"Plena Noite";"Decrescente";"Chuva";"Simples";"Reta";"Não";2;0;2;0;0;0;2;2;-20,24814827;-41,94094189;"SPRF-MG";"DEL06-MG";"UOP03-DEL06-MG"
298843;2020-08-01;"sábado";"18:25:00";"MG";262;24,2;"REDUTO";"Falta de Atenção à Condução";"Colisão traseira";"Sem Vítimas";"Plena Noite";"Decrescente";"Chuva";"Simples";"Reta;Aclive";"Não";2;0;0;0;2;0;0;2;-20,24814827;-41,94094189;"SPRF-MG";"DEL06-MG";"UOP03-DEL06-MG"
298844;2020-08-01;"sábado";"17:30:00";"MG";116;374,2;"FREI INOCENCIO";"Ingestão de Álcool";"Colisão com objeto estático";"Com Vítimas Feridas";"Pleno dia";"Crescente";"Nublado";"Múltipla";"Rotatória";"Sim";1;0;1;0;0;0;1;1;-18,567953;-41,907483;"SPRF-MG";"DEL11-MG";"UOP01-DEL11-MG"
298845;2020-08-01;"sábado";"21:30:00";"DF";40;7,8;"BRASILIA";"Defeito Mecânico no Veículo";"Incêndio";"Sem Vítimas";"Plena Noite";"Decrescente";"Céu Claro";"Dupla";"Viaduto";"Sim";2;0;0;0;1;1;0;1;-16,04749975;-47,9808408;"SPRF-DF";"DEL01-DF";"UOP01-DEL01-DF"
298846;2020-08-01;"sábado";"21:20:00";"BA";116;15;"VITORIA DA CONQUISTA";"Falta de Atenção à Condução";"Colisão frontal";"Com Vítimas Feridas";"Plena Noite";"Decrescente";"Nublado";"Simples";"Rotatória";"Sim";2;0;1;0;1;0;1;2;-14,89918617;-40,85550655;"SPRF-BA";"DEL08-BA";"UOP01-DEL08-BA"
298847;2020-07-28;"terça-feira";"17:08:00";"RO";364;9;"VILHENA";"Desobediência às normas de trânsito pelo condutor";"Colisão transversal";"Com Vítimas Feridas";"Pleno dia";"Crescente";"Céu Claro";"Dupla";"Reta";"Sim";2;0;0;1;1;0;1;2;-12,75881009;-60,1001711;"SPRF-RO";"DEL04-RO";"UOP01-DEL04-RO"
298851;2020-08-01;"sábado";"20:45:00";"MS";60;393,3;"SIDROLANDIA";"Não guardar distância de segurança";"Colisão traseira";"Com Vítimas Feridas";"Plena Noite";"Decrescente";"Céu Claro";"Simples";"Reta";"Não";2;0;1;0;0;1;1;2;-20,73820805;-54,7809068;"SPRF-MS";"DEL01-MS";"UOP04-DEL01-MS"