"id";"data_inversa";"dia_semana";"horario";"uf";"br";"km";"municipio";"causa_acidente";"tipo_acidente";"classificacao_acidente";"fase_dia";"sentido_via";"condicao_metereologica";"tipo_pista";"tracado_via";"uso_solo";"pessoas";"mortos";"feridos_leves";"feridos_graves";"ilesos";"ignorados";"feridos";"veiculos";"latitude";"longitude";"regional";"delegacia";"uop"
298853;2020-08-01;"sábado";"20:00:00";"PR";476;174,2;"CONTENDA";"Ingestão de Álcool";"Colisão traseira";"Sem Vítimas";"Plena Noite";"Crescente";"Céu Claro";"Dupla";"Reta";"Não";2;0;0;0;0;2;0;2;-25,685408;-49,535042;"SPRF-PR";"DEL01-PR";"UOP06-DEL01-PR"
298855;2020-08-01;"sábado";"21:30:00";"GO";158;269,5;"JATAI";"Falta de Atenção à Condução";"Colisão traseira";"Com Vítimas Feridas";"Plena Noite";"Decrescente";"Céu Claro";"Dupla";"Reta";"Sim";3;0;1;0;1;1;1;2;-17,85473041;-51,73125121;"SPRF-GO";"DEL05-GO";"UOP01-DEL05-GO"
298857;2020-08-01;"sábado";"22:50:00";"SC";101;120;"ITAJAI";"Falta de Atenção à Condução";"Tombamento";"Com Vítimas Feridas";"Plena Noite";"Decrescente";"Nublado";"Dupla";"Curva";"Não";1;0;1;0;0;0;1;1;-26,912758;-48,711998;"SPRF-SC";"DEL04-SC";"UOP04-DEL04-SC"
298858;2020-08-01;"sábado";"20:30:00";"MT";163;782;"SORRISO";"Ingestão de Álcool";"Colisão com objeto estático";"Com Vítimas Feridas";"Plena Noite";"Decrescente";"Céu Claro";"Simples";"Reta;Declive";"Não";2;0;2;0;0;0;2;1;-12,42949301;-55,64462299;"SPRF-MT";"DEL06-MT";"UOP01-DEL06-MT"
298859;2020-08-01;"sábado";"20:10:00";"MT";163;783;"SORRISO";"Ingestão de álcool e/ou substâncias psicoativas pelo pedestre";"Colisão transversal";"Sem Vítimas";"Plena Noite";"Crescente";"Céu Claro";"Simples";"Reta";"Não";4;0;0;0;4;0;0;2;-12,42232285;-55,6392062;"SPRF-MT";"DEL06-MT";"UOP01-DEL06-MT"
298860;2020-08-01;"sábado";"22:06:00";"MA";135;1,8;"SAO LUIS";"Defeito Mecânico no Veículo";"Incêndio";"Sem Vítimas";"Plena Noite";"Crescente";"Ignorado";"Dupla";"Reta";"Sim";1;0;0;0;0;1;0;1;-2,59680847;-44,24566627;"SPRF-MA";"DEL01-MA";"UOP01-DEL01-MA"
298861;2020-08-01;"sábado";"22:00:00";"ES";101;4,9;"ICONHA";"Ingestão de Álcool";"Colisão com objeto estático";"Com Vítimas Feridas";"Plena Noite";"Decrescente";"Chuva";"Simples";"Reta";"Não";1;0;1;0;0;0;1;1;-20,8042276;-40,83024323;"SPRF-ES";"DEL03-ES";"UOP01-DEL03-ES"
298862;2020-08-01;"sábado";"20:40:00";"MG";381;660,4;"SANTO ANTONIO DO AMPARO";"Falta de Atenção do Pedestre";"Atropelamento de Pedestre";"Com Vítimas Fatais";"Plena Noite";"Decrescente";"Céu Claro";"Dupla";"Reta";"Não";2;1;0;0;1;0;0;2;-21,032535;-45,002186;"SPRF-MG";"DEL04-MG";"UOP02-DEL04-MG"
298863;2020-08-01;"sábado";"22:20:00";"RS";116;244,5;"SAO LEOPOLDO";"Condutor Dormindo";"Tombamento";"Com Vítimas Feridas";"Plena Noite";"Decrescente";"Céu Claro";"Dupla";"Reta";"Sim";1;0;1;0;0;0;1;1;-29,74088003;-51,15039566;"SPRF-RS";"DEL01-RS";"UOP02-DEL01-RS"
298864;2020-08-01;"sábado";"22:15:00";"MS";163;258,6;"DOURADOS";"Falta de Atenção à Condução";"Colisão com objeto estático";"Sem Vítimas";"Plena Noite";"Crescente";"Céu Claro";"Dupla";"Reta";"Sim";1;0;0;0;0;1;0;1;-22,25859;-54,783592;"SPRF-MS";"DEL04-MS";"UOP01-DEL04-MS"
298865;2020-08-01;"sábado";"20:10:00";"PR";163;138,8;"CAPITAO LEONIDAS MARQUES";"Restrição de Visibilidade";"Saída de leito carroçável";"Com Vítimas Feridas";"Plena Noite";"Crescente";"Céu Claro";"Simples";"Curva";"Não";2;0;1;0;1;0;1;1;-25,513192;-53,59102101;"SPRF-PR";"DEL05-PR";"UOP05-DEL05-PR"
298866;2020-08-01;"sábado";"23:00:00";"PR";369;131,4;"IBIPORA";"Falta de Atenção à Condução";"Colisão com objeto estático";"Com Vítimas Feridas";"Plena Noite";"Decrescente";"Céu Claro";"Dupla";"Curva";"Sim";1;0;1;0;0;0;1;1;-23,26193383;-50,99586904;"SPRF-PR";"DEL07-PR";"UOP01-DEL07-PR"
298867;2020-08-01;"sábado";"22:45:00";"SP";116;297;"ITAPECERICA DA SERRA";"Falta de Atenção à Condução";"Colisão lateral";"Com Vítimas Feridas";"Plena Noite";"Crescente";"Nevoeiro/Neblina";"Dupla";"Curva";"Não";2;0;1;0;1;0;1;2;-23,78323219;-46,91437053;"SPRF-SP";"DEL04-SP";"UOP01-DEL04-SP"
298868;2020-08-01;"sábado";"21:50:00";"CE";222;91,1;"UMIRIM";"Falta de Atenção à Condução";"Colisão frontal";"Sem Vítimas";"Plena Noite";"Crescente";"Céu Claro";"Simples";"Reta";"Sim";4;0;0;0;3;1;0;2;-3,67921914;-39,35447574;"SPRF-CE";"DEL04-CE";"UOP03-DEL04-CE"
298872;2020-08-01;"sábado";"23:30:00";"RN";101;146,2;"GOIANINHA";"Falta de Atenção à Condução";"Colisão com objeto estático";"Com Vítimas Feridas";"Plena Noite";"Decrescente";"Céu Claro";"Simples";"Reta";"Sim";1;0;0;1;0;0;1;1;-6,26255354;-35,21147156;"SPRF-RN";"DEL01-RN";"UOP01-DEL01-RN"
298873;2020-08-02;"domingo";"00:05:00";"PA";163;1004;"SANTAREM";"Ingestão de Álcool";"Colisão transversal";"Com Vítimas Feridas";"Plena Noite";"Crescente";"Céu Claro";"Dupla";"Reta;Interseção de Vias";"Sim";2;0;1;0;1;0;1;2;-2,43824523;-54,73276577;"SPRF-PA";"DEL05-PA";"UOP01-DEL05-PA"
298874;2020-08-01;"sábado";"21:30:00";"ES";101;347;"GUARAPARI";"Pista Escorregadia";"Saída de leito carroçável";"Sem Vítimas";"Plena Noite";"Decrescente";"Chuva";"Simples";"Reta";"Não";1;0;0;0;0;1;0;1;-20,65365634;-40,62631414;"SPRF-ES";"DEL03-ES";"UOP01-DEL03-ES"
298876;2020-08-01;"sábado";"23:30:00";"PA";316;60;"CASTANHAL";"Desobediência às normas de trânsito pelo condutor";"Colisão transversal";"Com Vítimas Feridas";"Plena Noite";"Decrescente";"Céu Claro";"Dupla";"Reta";"Sim";2;0;0;1;1;0;1;2;-1,29772957;-47,95528793;"SPRF-PA";"DEL01-PA";"UOP01-DEL01-PA"
298877;2020-08-01;"sábado";"22:55:00";"RJ";101;324;"NITEROI";"Condutor Dormindo";"Colisão com objeto estático";"Com Vítimas Feridas";"Plena Noite";"Decrescente";"Céu Claro";"Dupla";"Reta";"Não";2;0;1;1;0;0;2;1;-22,87381074;-43,12640997;"SPRF-RJ";"DEL02-RJ";"UOP02-DEL02-RJ"
298878;2020-08-01;"sábado";"22:15:00";"AC";364;137;"RIO BRANCO";"Falta de Atenção à Condução";"Colisão lateral";"Sem Vítimas";"Plena Noite";"Decrescente";"Ignorado";"Dupla";"Reta";"Sim";2;0;0;0;2;0;0;2;-9,96935404;-67,85264513;"SPRF-AC";"DEL01-AC";"UOP01-DEL01-AC"
298881;2020-08-02;"domingo";"00:45:00";"MG";381;859;"POUSO ALEGRE";"Falta de Atenção à Condução";"Queda de ocupante de veículo";"Com Vítimas Feridas";"Plena Noite";"Crescente";"Céu Claro";"Dupla";"Reta";"Não";1;0;1;0;0;0;1;1;-22,35094091;-45,92749223;"SPRF-MG";"DEL16-MG";"UOP01-DEL16-MG"
298883;2020-08-01;"sábado";"22:30:00";"SC";470;255,6;"CURITIBANOS";"Falta de Atenção à Condução";"Saída de leito carroçável";"Sem Vítimas";"Plena Noite";"Decrescente";"Nublado";"Simples";"Reta";"Não";1;0;0;0;1;0;0;1;-27,309111;-50,620499;"SPRF-SC";"DEL05-SC";"UOP03-DEL05-SC"
298885;2020-08-01;"sábado";"23:43:00";"RS";470;157;"NOVA PRATA";"Animais na Pista";"Saída de leito carroçável";"Com Vítimas Feridas";"Plena Noite";"Decrescente";"Céu Claro";"Simples";"Reta";"Não";2;0;2;0;0;0;2;1;-28,79507068;-51,61584453;"SPRF-RS";"DEL06-RS";"UOP02-DEL06-RS"
298886;2020-08-01;"sábado";"21:20:00";"SC";101;315,6;"LAGUNA";"Ingestão de Álcool";"Colisão com objeto estático";"Com Vítimas Feridas";"Plena Noite";"Crescente";"Céu Claro";"Dupla";"Curva";"Sim";1;0;0;1;0;0;1;1;-28,43552413;-48,8343121;"SPRF-SC";"DEL02-SC";"UOP01-DEL02-SC"
298888;2020-08-01;"sábado";"23:50:00";"PR";277;78;"CURITIBA";"Falta de Atenção à Condução";"Colisão com objeto estático";"Sem Vítimas";"Plena Noite";"Decrescente";"Nevoeiro/Neblina";"Múltipla";"Reta;Interseção de Vias";"Sim";1;0;0;0;0;1;0;1;-25,48184435;-49,19578493;"SPRF-PR";"DEL01-PR";"UOP01-DEL01-PR"
298889;2020-08-01;"sábado";"23:40:00";"RJ";356;28,9;"ITAPERUNA";"Animais na Pista";"Atropelamento de Animal";"Com Vítimas Feridas";"Plena Noite";"Crescente";"Céu Claro";"Simples";"Reta";"Não";1;0;1;0;0;0;1;1;-21,18452104;-41,93630101;"SPRF-RJ";"DEL08-RJ";"UOP03-DEL08-RJ"
298890;2020-08-02;"domingo";"01:00:00";"RJ";101;64;"CAMPOS DOS GOYTACAZES";"Ingestão de Álcool";"Saída de leito carroçável";"Com Vítimas Feridas";"Plena Noite";"Decrescente";"Céu Claro";"Simples";"Curva";"Sim";2;0;1;0;1;0;1;1;-21,74908605;-41,33632461;"SPRF-RJ";"DEL08-RJ";"UOP02-DEL08-RJ"
298891;2020-08-02;"domingo";"01:00:00";"PI";343;12,7;"PARNAIBA";"Desobediência às normas de trânsito pelo condutor";"Colisão transversal";"Com Vítimas Feridas";"Plena Noite";"Decrescente";"Céu Claro";"Dupla";"Interseção de Vias";"Sim";2;0;1;0;1;0;1;2;-2,910035;-41,753662;"SPRF-PI";"DEL05-PI";"UOP01-DEL05-PI"
298892;2020-08-02;"domingo";"00:30:00";"PR";153;21;"JACAREZINHO";"Avarias e/ou desgaste excessivo no pneu";"Tombamento";"Com Vítimas Feridas";"Plena Noite";"Crescente";"Céu Claro";"Simples";"Reta";"Não";2;0;2;0;0;0;2;1;-23,16713207;-49,96067665;"SPRF-PR";"DEL07-PR";"UOP04-DEL07-PR"
298894;2020-08-02;"domingo";"00:40:00";"RJ";116;170;"SAO JOAO DE MERITI";"Falta de Atenção à Condução";"Colisão traseira";"Sem Vítimas";"Plena Noite";"Decrescente";"Céu Claro";"Dupla";"Reta";"Sim";2;0;0;0;1;1;0;2;-22,81113183;-43,3336729;"SPRF-RJ";"DEL01-RJ";"UOP02-DEL01-RJ"
298895;2020-08-02;"domingo";"00:40:00";"RO";364;713;"PORTO VELHO";"Desobediência às normas de trânsito pelo condutor";"Colisão transversal";"Com Vítimas Feridas";"Plena Noite";"Decrescente";"Céu Claro";"Dupla";"Interseção de Vias";"Sim";2;0;1;0;1;0;1;2;-8,77143174;-63,8836956;"SPRF-RO";"DEL01-RO";"UOP01-DEL01-RO"
298896;2020-08-02;"domingo";"02:40:00";"SP";116;162,2;"JACAREI";"Desobediência às normas de trânsito pelo condutor";"Saída de leito carroçável";"Sem Vítimas";"Plena Noite";"Crescente";"Céu Claro";"Dupla";"Reta";"Não";1;0;0;0;1;0;0;1;-23,28133317;-45,98394689;"SPRF-SP";"DEL02-SP";"UOP01-DEL02-SP"
298897;2020-08-02;"domingo";"03:00:00";"GO";153;508;"APARECIDA DE GOIANIA";"Falta de Atenção à Condução";"Colisão frontal";"Com Vítimas Feridas";"Plena Noite";"Decrescente";"Céu Claro";"Dupla";"Aclive";"Sim";2;0;1;1;0;0;2;1;-16,7804;-49,2371;"SPRF-GO";"DEL01-GO";"UOP03-DEL01-GO"
298898;2020-08-02;"domingo";"02:40:00";"RS";470;219;"BENTO GONCALVES";"Ingestão de Álcool";"Tombamento";"Com Vítimas Feridas";"Plena Noite";"Crescente";"Céu Claro";"Simples";"Aclive;Curva";"Não";1;0;1;0;0;0;1;1;-29,17909489;-51,51855675;"SPRF-RS";"DEL06-RS";"UOP01-DEL06-RS"
298899;2020-08-02;"domingo";"02:50:00";"SC";101;134;"BALNEARIO CAMBORIU";"Ingestão de Álcool";"Colisão com objeto estático";"Com Vítimas Feridas";"Plena Noite";"Crescente";"Céu Claro";"Simples";"Interseção de Vias";"Sim";1;0;1;0;0;0;1;1;-27,00218;-48,636433;"SPRF-SC";"DEL04-SC";"UOP03-DEL04-SC"
298900;2020-08-02;"domingo";"04:00:00";"PR";376;599;"CURITIBA";"Falta de Atenção à Condução";"Saída de leito carroçável";"Sem Vítimas";"Plena Noite";"Crescente";"Céu Claro";"Dupla";"Reta";"Sim";1;0;0;0;1;0;0;1;-25,52629711;-49,32958412;"SPRF-PR";"DEL01-PR";"UOP01-DEL01-PR"
298902;2020-08-01;"sábado";"18:00:00";"SC";101;281;"IMBITUBA";"Falta de Atenção à Condução";"Saída de leito carroçável";"Com Vítimas Feridas";"Plena Noite";"Crescente";"Nublado";"Dupla";"Reta";"Sim";3;0;2;1;0;0;3;1;-28,20791114;-48,69827271;"SPRF-SC";"DEL02-SC";"UOP03-DEL02-SC"
298903;2020-08-02;"domingo";"03:40:00";"SP";116;269,9;"TABOAO DA SERRA";"Ingestão de Álcool";"Colisão traseira";"Com Vítimas Fatais";"Plena Noite";"Decrescente";"Nevoeiro/Neblina";"Dupla";"Reta";"Sim";3;1;0;0;1;1;0;3;-23,61593059;-46,78826044;"SPRF-SP";"DEL04-SP";"UOP01-DEL04-SP"
298904;2020-08-02;"domingo";"03:50:00";"RS";290;8;"OSORIO";"Condutor Dormindo";"Saída de leito carroçável";"Com Vítimas Feridas";"Plena Noite";"Crescente";"Céu Claro";"Dupla";"Curva";"Não";2;0;2;0;0;0;2;1;-29,89323;-50,353348;"SPRF-RS";"DEL03-RS";"UOP01-DEL03-RS"
298905;2020-08-02;"domingo";"04:00:00";"RS";116;525,3;"PELOTAS";"Falta de Atenção à Condução";"Saída de leito carroçável";"Sem Vítimas";"Plena Noite";"Decrescente";"Céu Claro";"Simples";"Reta";"Sim";1;0;0;0;1;0;0;1;-31,7359522;-52,39349776;"SPRF-RS";"DEL07-RS";"UOP01-DEL07-RS"
298906;2020-08-01;"sábado";"23:30:00";"SP";116;8;"QUELUZ";"Ingestão de Álcool";"Saída de leito carroçável";"Sem Vítimas";"Plena Noite";"Decrescente";"Céu Claro";"Simples";"Reta";"Sim";1;0;0;0;1;0;0;1;-22,53712027;-44,77279007;"SPRF-SP";"DEL08-SP";"UOP02-DEL08-SP"
298908;2020-08-02;"domingo";"05:00:00";"MG";40;756,5;"EWBANK DA CAMARA";"Falta de Atenção do Pedestre";"Atropelamento de Pedestre";"Com Vítimas Fatais";"Plena Noite";"Crescente";"Nublado";"Simples";"Curva";"Sim";2;1;0;0;0;1;0;2;-21,53884889;-43,51098776;"SPRF-MG";"DEL05-MG";"UOP01-DEL05-MG"
298909;2020-08-02;"domingo";"01:50:00";"SC";470;81,8;"RODEIO";"Ingestão de Álcool";"Colisão com objeto estático";"Com Vítimas Feridas";"Plena Noite";"Decrescente";"Céu Claro";"Simples";"Curva";"Não";1;0;1;0;0;0;1;1;-26,96005782;-49,32508442;"SPRF-SC";"DEL04-SC";"UOP01-DEL04-SC"
298910;2020-08-02;"domingo";"04:00:00";"PB";230;507,6;"CAJAZEIRAS";"Velocidade Incompatível";"Saída de leito carroçável";"Com Vítimas Fatais";"Plena Noite";"Crescente";"Céu Claro";"Simples";"Reta";"Não";2;1;0;1;0;0;1;1;-6,891403;-38,58324;"SPRF-PB";"DEL03-PB";"UOP03-DEL03-PB"
298912;2020-08-01;"sábado";"19:30:00";"RO";435;25;"VILHENA";"Animais na Pista";"Atropelamento de Animal";"Sem Vítimas";"Plena Noite";"Decrescente";"Céu Claro";"Simples";"Reta";"Não";1;0;0;0;1;0;0;1;-12,77928502;-60,33541999;"SPRF-RO";"DEL04-RO";"UOP02-DEL04-RO"
298913;2020-08-02;"domingo";"05:20:00";"MG";116;414,3;"GOVERNADOR VALADARES";"Falta de Atenção à Condução";"Colisão com objeto estático";"Com Vítimas Feridas";"Amanhecer";"Crescente";"Nublado";"Simples";"Curva;Declive";"Sim";1;0;0;1;0;0;1;1;-18,88102703;-41,95910802;"SPRF-MG";"DEL06-MG";"UOP01-DEL06-MG"
298914;2020-08-02;"domingo";"01:00:00";"GO";153;630;"MORRINHOS";"Condutor Dormindo";"Saída de leito carroçável";"Com Vítimas Feridas";"Plena Noite";"Crescente";"Céu Claro";"Dupla";"Reta";"Não";1;0;1;0;0;0;1;1;-17,7942;-49,2016;"SPRF-GO";"DEL03-GO";"UOP01-DEL03-GO"
298915;2020-08-02;"domingo";"02:30:00";"SC";101;219,3;"PALHOCA";"Falta de Atenção à Condução";"Colisão com objeto estático";"Sem Vítimas";"Plena Noite";"Decrescente";"Céu Claro";"Dupla";"Reta";"Sim";1;0;0;0;1;0;0;1;-27,68392194;-48,66710085;"SPRF-SC";"DEL01-SC";"UOP02-DEL01-SC"
298916;2020-08-02;"domingo";"06:45:00";"MG";381;847;"POUSO ALEGRE";"Condutor Dormindo";"Capotamento";"Com Vítimas Fatais";"Pleno dia";"Decrescente";"Céu Claro";"Dupla";"Reta";"Não";1;1;0;0;0;0;0;1;-22,25237299;-45,88779304;"SPRF-MG";"DEL16-MG";"UOP01-DEL16-MG"
298917;2020-08-02;"domingo";"06:30:00";"DF";20;7,9;"BRASILIA";"Condutor Dormindo";"Colisão com objeto estático";"Com Vítimas Feridas";"Pleno dia";"Crescente";"Céu Claro";"Dupla";"Reta";"Sim";1;0;1;0;0;0;1;1;-15,662208;-47,799866;"SPRF-DF";"DEL02-DF";"UOP01-DEL02-DF"
298918;2020-08-01;"sábado";"18:00:00";"MA";316;376;"BACABAL";"Falta de Atenção à Condução";"Saída de leito carroçável";"Com Vítimas Feridas";"Anoitecer";"Crescente";"Céu Claro";"Simples";"Interseção de Vias";"Não";1;0;0;1;0;0;1;1;-4,21305997;-44,65169907;"SPRF-MA";"DEL03-MA";"UOP01-DEL03-MA"
298921;2020-08-02;"domingo";"06:30:00";"ES";262;2,8;"CARIACICA";"Ingestão de Álcool";"Colisão com objeto estático";"Com Vítimas Feridas";"Pleno dia";"Decrescente";"Céu Claro";"Dupla";"Curva";"Sim";3;0;2;0;0;1;2;2;-20,33275688;-40,36077696;"SPRF-ES";"DEL01-ES";"UOP01-DEL01-ES"
298922;2020-08-02;"domingo";"01:00:00";"MG";262;714,1;"ARAXA";"Desobediência às normas de trânsito pelo condutor";"Saída de leito carroçável";"Sem Vítimas";"Plena Noite";"Decrescente";"Céu Claro";"Simples";"Reta";"Não";1;0;0;0;1;0;0;1;-19,55311905;-46,87851868;"SPRF-MG";"DEL08-MG";"UOP01-DEL08-MG"
298923;2020-08-02;"domingo";"06:45:00";"SC";101;120;"ITAJAI";"Falta de Atenção à Condução";"Saída de leito carroçável";"Com Vítimas Feridas";"Amanhecer";"Decrescente";"Nublado";"Dupla";"Curva";"Não";1;0;0;1;0;0;1;1;-26,912758;-48,711998;"SPRF-SC";"DEL04-SC";"UOP04-DEL04-SC"
298924;2020-08-01;"sábado";"21:00:00";"MG";153;239;"FRONTEIRA";"Falta de Atenção à Condução";"Colisão transversal";"Com Vítimas Feridas";"Plena Noite";"Crescente";"Céu Claro";"Simples";"Reta";"Não";4;0;0;3;1;0;3;2;-20,29847332;-49,20614844;"SPRF-MG";"DEL13-MG";"UOP02-DEL13-MG"
298926;2020-08-02;"domingo";"06:30:00";"ES";262;65,8;"MARECHAL FLORIANO";"Velocidade Incompatível";"Saída de leito carroçável";"Com Vítimas Feridas";"Amanhecer";"Crescente";"Céu Claro";"Simples";"Curva";"Não";1;0;0;1;0;0;1;1;-20,41232421;-40,83191802;"SPRF-ES";"DEL01-ES";"UOP02-DEL01-ES"
298927;2020-08-02;"domingo";"06:55:00";"BA";324;620;"SALVADOR";"Condutor Dormindo";"Colisão com objeto estático";"Com Vítimas Feridas";"Pleno dia";"Crescente";"Céu Claro";"Dupla";"Reta";"Sim";1;0;1;0;0;0;1;1;-12,90482172;-38,45556535;"SPRF-BA";"DEL01-BA";"UOP01-DEL01-BA"
298928;2020-08-01;"sábado";"21:15:00";"CE";20;321;"CARIDADE";"Ingestão de Álcool";"Saída de leito carroçável";"Sem Vítimas";"Plena Noite";"Crescente";"Céu Claro";"Simples";"Declive";"Não";1;0;0;0;1;0;0;1;-4,260437;-39,214329;"SPRF-CE";"DEL02-CE";"UOP01-DEL02-CE"
298929;2020-08-01;"sábado";"22:30:00";"BA";101;403;"IBIRAPITANGA";"Falta de Atenção à Condução";"Colisão transversal";"Com Vítimas Feridas";"Plena Noite";"Crescente";"Chuva";"Simples";"Curva";"Não";1;0;0;1;0;0;1;1;-14,116805;-39,364075;"SPRF-BA";"DEL05-BA";"UOP03-DEL05-BA"
298930;2020-08-02;"domingo";"04:40:00";"SP";116;211;"GUARULHOS";"Ingestão de Álcool";"Colisão traseira";"Com Vítimas Feridas";"Amanhecer";"Decrescente";"Céu Claro";"Múltipla";"Reta";"Sim";4;0;2;1;1;0;3;2;-23,4324306;-46,4194352;"SPRF-SP";"DEL01-SP";"UOP01-DEL01-SP"
298931;2020-08-02;"domingo";"07:30:00";"RS";472;115,1;"BOA VISTA DO BURICA";"Desobediência às normas de trânsito pelo condutor";"Colisão frontal";"Com Vítimas Feridas";"Amanhecer";"Crescente";"Céu Claro";"Simples";"Reta";"Sim";2;0;2;0;0;0;2;2;-27,67648786;-54,11482215;"SPRF-RS";"DEL10-RS";"UOP01-DEL10-RS"
298933;2020-08-02;"domingo";"05:50:00";"RO";435;13,8;"VILHENA";"Desobediência às normas de trânsito pelo condutor";"Colisão transversal";"Com Vítimas Feridas";"Amanhecer";"Decrescente";"Céu Claro";"Dupla";"Reta";"Sim";2;0;1;0;1;0;1;2;-12,72388284;-60,24989199;"SPRF-RO";"DEL04-RO";"UOP01-DEL04-RO"
298935;2020-08-02;"domingo";"08:30:00";"ES";101;365,4;"ANCHIETA";"Falta de Atenção à Condução";"Tombamento";"Com Vítimas Feridas";"Pleno dia";"Crescente";"Nublado";"Simples";"Curva";"Não";1;0;0;1;0;0;1;1;-20,73397538;-40,7507118;"SPRF-ES";"DEL03-ES";"UOP01-DEL03-ES"
298936;2020-08-02;"domingo";"07:30:00";"RJ";40;123;"DUQUE DE CAXIAS";"Ingestão de Álcool";"Saída de leito carroçável";"Sem Vítimas";"Pleno dia";"Decrescente";"Céu Claro";"Múltipla";"Curva";"Sim";1;0;0;0;0;1;0;1;-22,79907687;-43,29015739;"SPRF-RJ";"DEL01-RJ";"UOP01-DEL01-RJ"
298937;2020-08-02;"domingo";"07:30:00";"BA";349;952;"CORRENTINA";"Defeito Mecânico no Veículo";"Saída de leito carroçável";"Com Vítimas Fatais";"Pleno dia";"Decrescente";"Céu Claro";"Simples";"Reta";"Não";5;1;1;2;1;0;3;1;-13,625215;-45,371972;"SPRF-BA";"DEL10-BA";"UOP01-DEL10-BA"
298938;2020-08-02;"domingo";"07:45:00";"CE";20;399;"CAUCAIA";"Não guardar distância de segurança";"Colisão traseira";"Com Vítimas Feridas";"Pleno dia";"Decrescente";"Sol";"Simples";"Reta";"Não";4;0;1;1;2;0;2;2;-3,8038424;-38,72308168;"SPRF-CE";"DEL01-CE";"UOP01-DEL01-CE"
298939;2020-08-02;"domingo";"07:10:00";"MT";163;586;"NOVA MUTUM";"Falta de Atenção à Condução";"Colisão com objeto estático";"Com Vítimas Feridas";"Pleno dia";"Crescente";"Céu Claro";"Simples";"Reta";"Não";4;0;4;0;0;0;4;2;-14,031449;-56,09551801;"SPRF-MT";"DEL01-MT";"UOP01-DEL01-MT"
298940;2020-08-02;"domingo";"00:30:00";"RS";158;242,3;"JULIO DE CASTILHOS";"Condutor Dormindo";"Saída de leito carroçável";"Sem Vítimas";"Plena Noite";"Crescente";"Céu Claro";"Simples";"Reta";"Não";1;0;0;0;1;0;0;1;-29,04656407;-53,64466266;"SPRF-RS";"DEL10-RS";"UOP02-DEL10-RS"
298941;2020-07-17;"sexta-feira";"15:00:00";"SC";101;150;"ITAPEMA";"Desobediência às normas de trânsito pelo condutor";"Colisão lateral";"Sem Vítimas";"Pleno dia";"Decrescente";"Sol";"Dupla";"Reta";"Sim";2;0;0;0;1;1;0;2;-27,11744799;-48,60940987;"SPRF-SC";"DEL04-SC";"UOP03-DEL04-SC"
298942;2020-08-02;"domingo";"08:00:00";"PA";316;232;"VISEU";"Falta de Atenção à Condução";"Colisão lateral";"Com Vítimas Fatais";"Pleno dia";"Crescente";"Sol";"Simples";"Reta";"Não";6;1;0;1;2;2;1;3;-1,70692009;-46,65830705;"SPRF-PA";"DEL01-PA";"UOP04-DEL01-PA"
298943;2020-08-02;"domingo";"07:30:00";"PR";277;76;"SAO JOSE DOS PINHAIS";"Falta de Atenção à Condução";"Colisão traseira";"Sem Vítimas";"Pleno dia";"Crescente";"Céu Claro";"Dupla";"Ponte;Reta";"Não";4;0;0;0;4;0;0;2;-25,487678;-49,181632;"SPRF-PR";"DEL01-PR";"UOP01-DEL01-PR"
298945;2020-08-02;"domingo";"09:15:00";"CE";116;76,8;"CHOROZINHO";"Defeito na Via";"Colisão lateral";"Sem Vítimas";"Pleno dia";"Crescente";"Céu Claro";"Simples";"Reta";"Não";2;0;0;0;2;0;0;2;-4,36818681;-38,45028977;"SPRF-CE";"DEL03-CE";"UOP02-DEL03-CE"
298948;2020-08-02;"domingo";"10:25:00";"PR";116;9,2;"CAMPINA GRANDE DO SUL";"Velocidade Incompatível";"Colisão lateral";"Com Vítimas Feridas";"Pleno dia";"Crescente";"Céu Claro";"Dupla";"Reta";"Não";2;0;1;0;1;0;1;2;-25,08235366;-48,61499799;"SPRF-PR";"DEL01-PR";"UOP02-DEL01-PR"
298949;2020-08-02;"domingo";"09:30:00";"PE";232;377,6;"FLORES";"Falta de Atenção à Condução";"Tombamento";"Com Vítimas Feridas";"Pleno dia";"Decrescente";"Céu Claro";"Simples";"Reta";"Sim";2;0;2;0;0;0;2;1;-8,03386107;-38,02501395;"SPRF-PE";"DEL04-PE";"UOP01-DEL04-PE"
298950;2020-08-02;"domingo";"10:35:00";"RN";101;106;"PARNAMIRIM";"Desobediência às normas de trânsito pelo condutor";"Colisão transversal";"Sem Vítimas";"Pleno dia";"Decrescente";"Céu Claro";"Múltipla";"Interseção de Vias";"Sim";2;0;0;0;1;1;0;2;-5,91056401;-35,26130795;"SPRF-RN";"DEL01-RN";"UOP01-DEL01-RN"
298952;2020-08-02;"domingo";"10:59:00";"ES";101;264;"SERRA";"Desobediência às normas de trânsito pelo condutor";"Colisão lateral";"Com Vítimas Feridas";"Pleno dia";"Decrescente";"Céu Claro";"Dupla";"Interseção de Vias";"Sim";2;0;1;0;1;0;1;2;-20,17292791;-40,26736384;"SPRF-ES";"DEL02-ES";"UOP01-DEL02-ES"
298953;2020-08-02;"domingo";"10:50:00";"MG";40;573;"ITABIRITO";"Velocidade Incompatível";"Colisão lateral";"Com Vítimas Fatais";"Pleno dia";"Decrescente";"Céu Claro";"Simples";"Reta";"Não";5;1;1;1;1;1;2;5;-20,23925113;-43,9663564;"SPRF-MG";"DEL01-MG";"UOP02-DEL01-MG"