"id";"data_inversa";"dia_semana";"horario";"uf";"br";"km";"municipio";"causa_acidente";"tipo_acidente";"classificacao_acidente";"fase_dia";"sentido_via";"condicao_metereologica";"tipo_pista";"tracado_via";"uso_solo";"pessoas";"mortos";"feridos_leves";"feridos_graves";"ilesos";"ignorados";"feridos";"veiculos";"latitude";"longitude";"regional";"delegacia";"uop"
298954;2020-08-02;"domingo";"11:15:00";"GO";153;536,3;"HIDROLANDIA";"Falta de Atenção à Condução";"Saída de leito carroçável";"Com Vítimas Feridas";"Pleno dia";"Crescente";"Céu Claro";"Dupla";"Reta";"Não";2;0;2;0;0;0;2;1;-17,0193;-49,2217;"SPRF-GO";"DEL01-GO";"UOP03-DEL01-GO"
298955;2020-08-02;"domingo";"10:50:00";"RS";101;9,7;"TORRES";"Falta de Atenção à Condução";"Colisão transversal";"Com Vítimas Feridas";"Pleno dia";"Crescente";"Céu Claro";"Simples";"Interseção de Vias";"Sim";6;0;3;0;3;0;3;2;-29,36685801;-49,81514399;"SPRF-RS";"DEL03-RS";"UOP02-DEL03-RS"
298959;2020-08-02;"domingo";"11:19:00";"PR";277;633,1;"CEU AZUL";"Velocidade Incompatível";"Colisão lateral";"Com Vítimas Feridas";"Pleno dia";"Decrescente";"Sol";"Simples";"Reta";"Não";4;0;1;1;2;0;2;2;-25,12601429;-53,81996155;"SPRF-PR";"DEL05-PR";"UOP02-DEL05-PR"
298960;2020-08-02;"domingo";"12:00:00";"SP";116;202;"GUARULHOS";"Falta de Atenção à Condução";"Colisão lateral";"Com Vítimas Feridas";"Pleno dia";"Crescente";"Céu Claro";"Dupla";"Reta";"Sim";2;0;2;0;0;0;2;2;-23,40809408;-46,33859597;"SPRF-SP";"DEL01-SP";"UOP01-DEL01-SP"
298961;2020-08-02;"domingo";"11:55:00";"BA";324;584;"CANDEIAS";"Defeito Mecânico no Veículo";"Saída de leito carroçável";"Com Vítimas Feridas";"Pleno dia";"Crescente";"Céu Claro";"Dupla";"Reta";"Não";2;0;2;0;0;0;2;1;-12,62182288;-38,48260875;"SPRF-BA";"DEL01-BA";"UOP01-DEL01-BA"
298962;2020-08-02;"domingo";"12:00:00";"MG";381;520,3;"IGARAPE";"Velocidade Incompatível";"Colisão com objeto estático";"Com Vítimas Feridas";"Pleno dia";"Decrescente";"Céu Claro";"Dupla";"Reta;Declive";"Não";1;0;0;1;0;0;1;1;-20,13363702;-44,309515;"SPRF-MG";"DEL04-MG";"UOP03-DEL04-MG"
298963;2020-07-17;"sexta-feira";"19:05:00";"SC";116;3;"MAFRA";"Ingestão de álcool e/ou substâncias psicoativas pelo pedestre";"Colisão frontal";"Sem Vítimas";"Plena Noite";"Decrescente";"Nublado";"Simples";"Reta";"Sim";1;0;0;0;0;1;0;1;-26,13073161;-49,79922442;"SPRF-SC";"DEL06-SC";"UOP01-DEL06-SC"
298964;2020-08-02;"domingo";"12:20:00";"DF";20;3,7;"BRASILIA";"Ingestão de Álcool";"Danos eventuais";"Sem Vítimas";"Pleno dia";"Decrescente";"Céu Claro";"Dupla";"Reta";"Sim";1;0;0;0;1;0;0;1;-15,679851;-47,832211;"SPRF-DF";"DEL02-DF";"UOP01-DEL02-DF"
298966;2020-08-02;"domingo";"12:25:00";"RJ";116;48;"TERESOPOLIS";"Falta de Atenção à Condução";"Colisão transversal";"Com Vítimas Feridas";"Pleno dia";"Decrescente";"Céu Claro";"Simples";"Reta";"Sim";2;0;1;0;1;0;1;2;-22,17604324;-42,83938289;"SPRF-RJ";"DEL04-RJ";"UOP01-DEL04-RJ"
298967;2020-08-02;"domingo";"12:10:00";"RJ";101;295;"ITABORAI";"Falta de Atenção à Condução";"Colisão com objeto estático";"Com Vítimas Feridas";"Pleno dia";"Crescente";"Céu Claro";"Dupla";"Curva";"Não";1;0;1;0;0;0;1;1;-22,76365068;-42,90223623;"SPRF-RJ";"DEL02-RJ";"UOP02-DEL02-RJ"
298968;2020-08-02;"domingo";"12:50:00";"PR";476;122;"CAMPO LARGO";"Falta de Atenção à Condução";"Saída de leito carroçável";"Com Vítimas Feridas";"Pleno dia";"Crescente";"Céu Claro";"Dupla";"Reta";"Sim";2;0;1;0;1;0;1;1;-25,44373965;-49,56430435;"SPRF-PR";"DEL01-PR";"UOP07-DEL01-PR"
298969;2020-08-02;"domingo";"12:28:00";"RJ";116;286;"BARRA MANSA";"Defeito Mecânico no Veículo";"Tombamento";"Com Vítimas Feridas";"Pleno dia";"Crescente";"Sol";"Dupla";"Reta";"Não";2;0;2;0;0;0;2;1;-22,49846046;-44,23342487;"SPRF-RJ";"DEL07-RJ";"UOP02-DEL07-RJ"
298970;2020-08-02;"domingo";"12:40:00";"MG";381;454,6;"BELO HORIZONTE";"Falta de Atenção à Condução";"Colisão lateral";"Com Vítimas Feridas";"Pleno dia";"Crescente";"Sol";"Simples";"Reta";"Sim";2;0;1;0;1;0;1;2;-19,85593827;-43,89662047;"SPRF-MG";"DEL01-MG";"UOP01-DEL01-MG"
298971;2020-08-02;"domingo";"12:30:00";"PR";277;77,3;"SAO JOSE DOS PINHAIS";"Defeito Mecânico no Veículo";"Incêndio";"Sem Vítimas";"Pleno dia";"Crescente";"Sol";"Dupla";"Reta";"Não";1;0;0;0;1;0;0;1;-25,49069342;-49,17440591;"SPRF-PR";"DEL01-PR";"UOP01-DEL01-PR"
298972;2020-08-02;"domingo";"13:30:00";"ES";259;61,5;"COLATINA";"Falta de Atenção à Condução";"Saída de leito carroçável";"Com Vítimas Feridas";"Pleno dia";"Crescente";"Céu Claro";"Simples";"Reta";"Não";1;0;1;0;0;0;1;1;-19,53079717;-40,68209478;"SPRF-ES";"DEL02-ES";"UOP01-DEL02-ES"
298973;2020-08-02;"domingo";"13:50:00";"RS";116;559,5;"PEDRO OSORIO";"Defeito Mecânico no Veículo";"Tombamento";"Com Vítimas Feridas";"Pleno dia";"Crescente";"Sol";"Simples";"Reta";"Não";2;0;2;0;0;0;2;1;-31,91543214;-52,68821097;"SPRF-RS";"DEL07-RS";"UOP03-DEL07-RS"
298974;2020-08-02;"domingo";"13:55:00";"PR";376;490;"PONTA GROSSA";"Falta de Atenção à Condução";"Colisão traseira";"Com Vítimas Feridas";"Pleno dia";"Decrescente";"Céu Claro";"Múltipla";"Reta";"Sim";7;0;2;1;4;0;3;3;-25,14692309;-50,15072006;"SPRF-PR";"DEL03-PR";"UOP04-DEL03-PR"
298975;2020-08-02;"domingo";"13:15:00";"AL";101;185,1;"JUNQUEIRO";"Desobediência às normas de trânsito pelo condutor";"Colisão transversal";"Com Vítimas Feridas";"Pleno dia";"Decrescente";"Nublado";"Dupla";"Reta";"Sim";3;0;1;1;0;1;2;2;-9,89846779;-36,4398694;"SPRF-AL";"DEL02-AL";"UOP02-DEL02-AL"
298976;2020-08-02;"domingo";"14:30:00";"PR";376;186;"SARANDI";"Falta de Atenção à Condução";"Colisão transversal";"Com Vítimas Feridas";"Pleno dia";"Decrescente";"Sol";"Dupla";"Declive";"Sim";2;0;2;0;0;0;2;2;-23,45643624;-51,84510713;"SPRF-PR";"DEL09-PR";"UOP01-DEL09-PR"
298977;2020-08-02;"domingo";"14:30:00";"PR";277;65;"SAO JOSE DOS PINHAIS";"Falta de Atenção à Condução";"Colisão lateral";"Com Vítimas Feridas";"Pleno dia";"Decrescente";"Sol";"Dupla";"Reta";"Não";2;0;2;0;0;0;2;2;-25,5530337;-49,03504085;"SPRF-PR";"DEL01-PR";"UOP07-DEL01-PR"
298978;2020-08-02;"domingo";"13:30:00";"PA";316;33;"SANTA IZABEL DO PARA";"Falta de Atenção à Condução";"Colisão transversal";"Com Vítimas Feridas";"Pleno dia";"Crescente";"Céu Claro";"Dupla";"Reta";"Sim";2;0;1;0;1;0;1;2;-1,29877612;-48,18005497;"SPRF-PA";"DEL01-PA";"UOP01-DEL01-PA"
298979;2020-08-02;"domingo";"14:00:00";"PR";163;139;"CAPITAO LEONIDAS MARQUES";"Ingestão de Álcool";"Colisão frontal";"Com Vítimas Fatais";"Pleno dia";"Crescente";"Céu Claro";"Simples";"Curva";"Sim";5;1;0;3;0;1;3;3;-25,50497764;-53,59384574;"SPRF-PR";"DEL05-PR";"UOP05-DEL05-PR"
298981;2020-08-02;"domingo";"11:30:00";"PR";277;348;"GUARAPUAVA";"Falta de Atenção à Condução";"Queda de ocupante de veículo";"Com Vítimas Feridas";"Pleno dia";"Crescente";"Céu Claro";"Simples";"Reta";"Não";1;0;1;0;0;0;1;1;-25,33928412;-51,42880296;"SPRF-PR";"DEL08-PR";"UOP01-DEL08-PR"
298982;2020-08-02;"domingo";"15:15:00";"PR";158;535,9;"PATO BRANCO";"Falta de Atenção à Condução";"Colisão frontal";"Com Vítimas Feridas";"Pleno dia";"Decrescente";"Céu Claro";"Simples";"Reta";"Sim";4;0;1;0;3;0;1;2;-26,24063425;-52,69585848;"SPRF-PR";"DEL02-PR";"UOP01-DEL02-PR"
298984;2020-08-02;"domingo";"15:40:00";"MG";262;448,5;"NOVA SERRANA";"Ingestão de Substâncias Psicoativas";"Colisão traseira";"Com Vítimas Fatais";"Pleno dia";"Crescente";"Céu Claro";"Simples";"Reta";"Não";7;4;2;0;1;0;2;3;-19,87174184;-44,96984197;"SPRF-MG";"DEL08-MG";"UOP03-DEL08-MG"
298985;2020-08-02;"domingo";"13:30:00";"RJ";465;19;"NOVA IGUACU";"Desobediência às normas de trânsito pelo condutor";"Colisão frontal";"Com Vítimas Feridas";"Pleno dia";"Crescente";"Céu Claro";"Simples";"Reta";"Sim";3;0;2;0;1;0;2;2;-22,839184;-43,610451;"SPRF-RJ";"DEL03-RJ";"UOP01-DEL03-RJ"
298986;2020-08-02;"domingo";"15:00:00";"AP";156;338;"PORTO GRANDE";"Restrição de Visibilidade";"Colisão traseira";"Com Vítimas Feridas";"Pleno dia";"Decrescente";"Chuva";"Simples";"Reta";"Não";3;0;0;2;1;0;2;2;0,63348784;-51,28094604;"SPRF-AP";"DEL01-AP";"UOP01-DEL01-AP"
298988;2020-08-02;"domingo";"15:45:00";"SE";235;28,5;"AREIA BRANCA";"Velocidade Incompatível";"Saída de leito carroçável";"Com Vítimas Feridas";"Pleno dia";"Decrescente";"Sol";"Simples";"Curva";"Não";4;0;1;0;3;0;1;1;-10,79339;-37,278835;"SPRF-SE";"DEL01-SE";"UOP02-DEL01-SE"
298989;2020-08-02;"domingo";"15:30:00";"PR";369;154,4;"LONDRINA";"Desobediência às normas de trânsito pelo condutor";"Colisão transversal";"Com Vítimas Feridas";"Pleno dia";"Crescente";"Céu Claro";"Dupla";"Retorno Regulamentado";"Sim";3;0;2;0;1;0;2;2;-23,29741537;-51,20144159;"SPRF-PR";"DEL07-PR";"UOP01-DEL07-PR"
298990;2020-08-02;"domingo";"16:15:00";"PB";230;9,8;"CABEDELO";"Ingestão de Álcool";"Tombamento";"Com Vítimas Feridas";"Pleno dia";"Decrescente";"Nublado";"Dupla";"Desvio Temporário";"Sim";1;0;1;0;0;0;1;1;-7,0355;-34,8429;"SPRF-PB";"DEL01-PB";"UOP01-DEL01-PB"
298991;2020-08-02;"domingo";"16:00:00";"SC";280;43,5;"GUARAMIRIM";"Ultrapassagem Indevida";"Colisão frontal";"Com Vítimas Feridas";"Pleno dia";"Crescente";"Céu Claro";"Simples";"Reta";"Não";8;0;3;2;3;0;5;2;-26,45118786;-48,87789901;"SPRF-SC";"DEL03-SC";"UOP03-DEL03-SC"
298992;2020-08-02;"domingo";"16:20:00";"PR";277;32,1;"MORRETES";"Velocidade Incompatível";"Colisão com objeto estático";"Com Vítimas Feridas";"Pleno dia";"Crescente";"Sol";"Simples";"Curva;Declive";"Não";1;0;1;0;0;0;1;1;-25,56071642;-48,81568909;"SPRF-PR";"DEL01-PR";"UOP05-DEL01-PR"
298993;2020-08-02;"domingo";"15:30:00";"GO";60;465;"JATAI";"Ingestão de Álcool";"Colisão com objeto estático";"Com Vítimas Feridas";"Pleno dia";"Crescente";"Céu Claro";"Dupla";"Reta";"Não";2;0;1;0;0;1;1;2;-17,8893;-51,6555;"SPRF-GO";"DEL05-GO";"UOP01-DEL05-GO"
298994;2020-08-02;"domingo";"16:55:00";"GO";414;426,5;"ANAPOLIS";"Ingestão de Álcool";"Tombamento";"Com Vítimas Feridas";"Pleno dia";"Crescente";"Céu Claro";"Simples";"Reta";"Não";1;0;1;0;0;0;1;1;-16,17263485;-48,90044627;"SPRF-GO";"DEL02-GO";"UOP01-DEL02-GO"
298995;2020-08-02;"domingo";"16:15:00";"DF";20;16;"BRASILIA";"Falta de Atenção à Condução";"Saída de leito carroçável";"Sem Vítimas";"Pleno dia";"Decrescente";"Céu Claro";"Dupla";"Declive";"Sim";1;0;0;0;1;0;0;1;-15,625675;-47,725159;"SPRF-DF";"DEL02-DF";"UOP01-DEL02-DF"
298996;2020-08-02;"domingo";"17:00:00";"SE";235;9;"NOSSA SENHORA DO SOCORRO";"Falta de Atenção à Condução";"Colisão transversal";"Com Vítimas Feridas";"Anoitecer";"Decrescente";"Céu Claro";"Simples";"Reta";"Não";2;0;0;2;0;0;2;2;-10,883585;-37,13908;"SPRF-SE";"DEL01-SE";"UOP01-DEL01-SE"
298998;2020-08-02;"domingo";"14:40:00";"MT";70;313;"DOM AQUINO";"Ultrapassagem Indevida";"Saída de leito carroçável";"Com Vítimas Feridas";"Pleno dia";"Crescente";"Céu Claro";"Simples";"Declive;Curva";"Não";1;0;0;1;0;0;1;1;-15,5617141;-54,58129474;"SPRF-MT";"DEL05-MT";"UOP01-DEL05-MT"
298999;2020-08-02;"domingo";"17:08:00";"GO";70;12,2;"AGUAS LINDAS DE GOIAS";"Ingestão de Álcool";"Saída de leito carroçável";"Com Vítimas Feridas";"Pleno dia";"Decrescente";"Céu Claro";"Simples";"Curva;Aclive";"Sim";1;0;1;0;0;0;1;1;-15,74037077;-48,3103523;"SPRF-DF";"DEL03-DF";"UOP02-DEL03-DF"
299001;2020-08-02;"domingo";"16:10:00";"MG";381;417;"NOVA UNIAO";"Falta de Atenção à Condução";"Tombamento";"Com Vítimas Feridas";"Pleno dia";"Decrescente";"Sol";"Simples";"Aclive;Curva";"Não";1;0;1;0;0;0;1;1;-19,742139;-43,613025;"SPRF-MG";"DEL01-MG";"UOP01-DEL01-MG"
299004;2020-08-02;"domingo";"17:00:00";"PR";369;149,4;"LONDRINA";"Desobediência às normas de trânsito pelo condutor";"Colisão transversal";"Com Vítimas Feridas";"Pleno dia";"Crescente";"Céu Claro";"Dupla";"Interseção de Vias;Reta";"Sim";2;0;1;0;1;0;1;2;-23,29289452;-51,15455389;"SPRF-PR";"DEL07-PR";"UOP01-DEL07-PR"
299006;2020-08-02;"domingo";"17:26:00";"PR";376;259,5;"CALIFORNIA";"Defeito Mecânico no Veículo";"Tombamento";"Com Vítimas Feridas";"Pleno dia";"Crescente";"Céu Claro";"Simples";"Reta";"Não";2;0;1;1;0;0;2;1;-23,69735157;-51,33633782;"SPRF-PR";"DEL07-PR";"UOP03-DEL07-PR"
299007;2020-08-02;"domingo";"16:30:00";"PI";343;345,5;"TERESINA";"Falta de Atenção à Condução";"Colisão transversal";"Com Vítimas Feridas";"Pleno dia";"Decrescente";"Céu Claro";"Simples";"Reta";"Sim";3;0;1;0;1;1;1;3;-5,102889;-42,766506;"SPRF-PI";"DEL01-PI";"UOP01-DEL01-PI"
299009;2020-08-02;"domingo";"17:30:00";"DF";20;24,6;"BRASILIA";"Falta de Atenção à Condução";"Capotamento";"Sem Vítimas";"Pleno dia";"Decrescente";"Céu Claro";"Dupla";"Curva";"Não";1;0;0;0;1;0;0;1;-15,594831;-47,658615;"SPRF-DF";"DEL02-DF";"UOP01-DEL02-DF"
299011;2020-08-02;"domingo";"17:30:00";"AL";316;244;"ATALAIA";"Desobediência às normas de trânsito pelo condutor";"Colisão lateral";"Com Vítimas Feridas";"Pleno dia";"Decrescente";"Nublado";"Simples";"Curva";"Sim";2;0;0;1;1;0;1;2;-9,51022028;-36,00471385;"SPRF-AL";"DEL01-AL";"UOP01-DEL01-AL"
299012;2020-08-02;"domingo";"16:00:00";"RJ";40;123;"DUQUE DE CAXIAS";"Não guardar distância de segurança";"Colisão traseira";"Com Vítimas Feridas";"Pleno dia";"Crescente";"Céu Claro";"Múltipla";"Reta";"Não";4;0;1;2;1;0;3;3;-22,79907687;-43,29015739;"SPRF-RJ";"DEL01-RJ";"UOP01-DEL01-RJ"
299013;2020-08-02;"domingo";"17:30:00";"ES";101;299,9;"VIANA";"Desobediência às normas de trânsito pelo condutor";"Colisão transversal";"Com Vítimas Feridas";"Anoitecer";"Crescente";"Céu Claro";"Dupla";"Interseção de Vias";"Sim";3;0;1;0;2;0;1;2;-20,35860628;-40,42327504;"SPRF-ES";"DEL01-ES";"UOP01-DEL01-ES"
299014;2020-06-25;"quinta-feira";"18:10:00";"PB";104;142;"QUEIMADAS";"Falta de Atenção à Condução";"Colisão lateral";"Com Vítimas Feridas";"Plena Noite";"Decrescente";"Céu Claro";"Simples";"Aclive";"Não";3;0;1;2;0;0;3;2;-7,39577502;-35,89744631;"SPRF-PB";"DEL02-PB";"UOP03-DEL02-PB"
299015;2020-08-02;"domingo";"17:15:00";"SE";101;144,5;"ESTANCIA";"Desobediência às normas de trânsito pelo condutor";"Colisão frontal";"Com Vítimas Feridas";"Pleno dia";"Decrescente";"Ignorado";"Dupla";"Reta;Aclive";"Não";6;0;0;1;3;2;1;3;-11,20044883;-37,40968738;"SPRF-SE";"DEL02-SE";"UOP01-DEL02-SE"
299016;2020-02-12;"quarta-feira";"22:30:00";"PI";343;12,4;"PARNAIBA";"Falta de Atenção à Condução";"Colisão traseira";"Com Vítimas Feridas";"Plena Noite";"Crescente";"Céu Claro";"Dupla";"Reta";"Sim";2;0;1;0;1;0;1;2;-2,910035;-41,753662;"SPRF-PI";"DEL05-PI";"UOP01-DEL05-PI"
299017;2020-08-02;"domingo";"17:20:00";"MG";262;818,4;"UBERABA";"Falta de Atenção à Condução";"Saída de leito carroçável";"Com Vítimas Feridas";"Pleno dia";"Crescente";"Céu Claro";"Dupla";"Reta";"Não";3;0;2;1;0;0;3;1;-19,76344636;-48,13141707;"SPRF-MG";"DEL13-MG";"UOP01-DEL13-MG"
299018;2020-08-02;"domingo";"17:00:00";"BA";101;17,2;"RIO REAL";"Falta de Atenção à Condução";"Saída de leito carroçável";"Com Vítimas Feridas";"Anoitecer";"Decrescente";"Nublado";"Dupla";"Reta";"Não";3;0;2;0;1;0;2;1;-11,62579;-37,8859;"SPRF-SE";"DEL02-SE";"UOP03-DEL02-SE"
299020;2020-08-02;"domingo";"17:00:00";"PR";277;719,8;"FOZ DO IGUACU";"Defeito Mecânico no Veículo";"Queda de ocupante de veículo";"Com Vítimas Feridas";"Pleno dia";"Decrescente";"Céu Claro";"Simples";"Reta;Viaduto;Declive";"Sim";2;0;2;0;0;0;2;1;-25,48375622;-54,49425791;"SPRF-PR";"DEL05-PR";"UOP01-DEL05-PR"
299021;2020-08-02;"domingo";"02:00:00";"MG";262;604,2;"CAMPOS ALTOS";"Falta de Atenção à Condução";"Saída de leito carroçável";"Sem Vítimas";"Plena Noite";"Crescente";"Céu Claro";"Simples";"Reta";"Não";1;0;0;0;0;1;0;1;-19,62722796;-46,26720428;"SPRF-MG";"DEL08-MG";"UOP02-DEL08-MG"
299022;2020-08-02;"domingo";"17:00:00";"RJ";493;109;"ITAGUAI";"Condutor Dormindo";"Colisão com objeto estático";"Com Vítimas Feridas";"Anoitecer";"Decrescente";"Céu Claro";"Dupla";"Reta";"Não";1;0;1;0;0;0;1;1;-22,80300664;-43,79116058;"SPRF-RJ";"DEL03-RJ";"UOP01-DEL03-RJ"
299023;2020-08-02;"domingo";"16:39:00";"RO";364;698;"PORTO VELHO";"Ingestão de Álcool";"Colisão com objeto estático";"Com Vítimas Feridas";"Pleno dia";"Crescente";"Sol";"Dupla";"Reta";"Não";1;0;1;0;0;0;1;1;-8,80298977;-63,75179291;"SPRF-RO";"DEL01-RO";"UOP01-DEL01-RO"
299024;2020-08-02;"domingo";"18:00:00";"PE";232;147;"SAO CAITANO";"Falta de Atenção à Condução";"Colisão transversal";"Com Vítimas Feridas";"Plena Noite";"Crescente";"Céu Claro";"Simples";"Reta";"Sim";3;0;1;0;2;0;1;2;-8,33412469;-36,13437837;"SPRF-PE";"DEL02-PE";"UOP03-DEL02-PE"
299028;2020-08-02;"domingo";"18:15:00";"PI";343;5;"PARNAIBA";"Animais na Pista";"Atropelamento de Animal";"Com Vítimas Feridas";"Plena Noite";"Crescente";"Céu Claro";"Simples";"Reta";"Não";2;0;2;0;0;0;2;1;-2,8956;-41,696838;"SPRF-PI";"DEL05-PI";"UOP01-DEL05-PI"
299029;2020-08-02;"domingo";"16:30:00";"CE";222;6;"CAUCAIA";"Desobediência às normas de trânsito pelo condutor";"Colisão transversal";"Com Vítimas Feridas";"Pleno dia";"Crescente";"Céu Claro";"Simples";"Reta";"Sim";2;0;0;1;0;1;1;2;-3,736507;-38,65337;"SPRF-CE";"DEL01-CE";"UOP01-DEL01-CE"
299030;2020-08-02;"domingo";"17:40:00";"GO";40;7,3;"VALPARAISO DE GOIAS";"Desobediência às normas de trânsito pelo condutor";"Engavetamento";"Com Vítimas Feridas";"Anoitecer";"Decrescente";"Céu Claro";"Dupla";"Reta";"Sim";4;0;1;1;2;0;2;3;-16,108482;-47,972524;"SPRF-DF";"DEL01-DF";"UOP01-DEL01-DF"
299031;2020-08-02;"domingo";"13:20:00";"MG";267;24;"ARGIRITA";"Velocidade Incompatível";"Saída de leito carroçável";"Com Vítimas Fatais";"Pleno dia";"Crescente";"Sol";"Simples";"Reta";"Não";1;1;0;0;0;0;0;1;-21,6071359;-42,80271614;"SPRF-MG";"DEL07-MG";"UOP01-DEL07-MG"
299034;2020-08-02;"domingo";"18:00:00";"GO";50;287;"CATALAO";"Ingestão de Álcool";"Colisão com objeto estático";"Sem Vítimas";"Anoitecer";"Decrescente";"Céu Claro";"Simples";"Curva";"Não";2;0;0;0;2;0;0;1;-18,2261;-47,9777;"SPRF-GO";"DEL06-GO";"UOP01-DEL06-GO"
299035;2020-08-02;"domingo";"16:00:00";"PR";476;187;"LAPA";"Desobediência às normas de trânsito pelo condutor";"Colisão transversal";"Com Vítimas Feridas";"Pleno dia";"Crescente";"Céu Claro";"Simples";"Reta";"Não";7;0;3;0;4;0;3;2;-25,718828;-49,656811;"SPRF-PR";"DEL02-PR";"UOP04-DEL02-PR"
299038;2020-08-02;"domingo";"18:45:00";"RJ";101;58;"CAMPOS DOS GOYTACAZES";"Desobediência às normas de trânsito pelo condutor";"Colisão transversal";"Com Vítimas Feridas";"Plena Noite";"Decrescente";"Céu Claro";"Simples";"Reta";"Sim";3;0;1;0;1;1;1;2;-21,70488703;-41,30979616;"SPRF-RJ";"DEL08-RJ";"UOP01-DEL08-RJ"
299039;2020-08-02;"domingo";"16:10:00";"MT";70;736,9;"CACERES";"Condutor Dormindo";"Saída de leito carroçável";"Com Vítimas Feridas";"Pleno dia";"Decrescente";"Céu Claro";"Simples";"Reta";"Não";1;0;0;1;0;0;1;1;-16,1275602;-57,65874627;"SPRF-MT";"DEL03-MT";"UOP01-DEL03-MT"
299041;2020-08-02;"domingo";"19:00:00";"MG";40;440,6;"PARAOPEBA";"Ingestão de Álcool";"Saída de leito carroçável";"Com Vítimas Feridas";"Plena Noite";"Decrescente";"Céu Claro";"Dupla";"Reta";"Não";1;0;1;0;0;0;1;1;-19,26229;-44,42107;"SPRF-MG";"DEL02-MG";"UOP01-DEL02-MG"
299042;2020-08-02;"domingo";"18:10:00";"RN";101;72,1;"EXTREMOZ";"Ingestão de Álcool";"Queda de ocupante de veículo";"Com Vítimas Feridas";"Plena Noite";"Decrescente";"Céu Claro";"Simples";"Reta";"Não";1;0;1;0;0;0;1;1;-5,69866248;-35,26316835;"SPRF-RN";"DEL02-RN";"UOP01-DEL02-RN"
299043;2020-08-02;"domingo";"18:00:00";"MT";163;1020;"TERRA NOVA DO NORTE";"Desobediência às normas de trânsito pelo condutor";"Saída de leito carroçável";"Com Vítimas Feridas";"Plena Noite";"Crescente";"Céu Claro";"Simples";"Reta;Declive";"Não";6;0;1;0;5;0;1;1;-10,44538048;-55,06017946;"SPRF-MT";"DEL06-MT";"NPF/DEL06-MT"
299044;2020-08-02;"domingo";"18:58:00";"MG";262;801,6;"UBERABA";"Falta de Atenção à Condução";"Colisão transversal";"Com Vítimas Feridas";"Plena Noite";"Crescente";"Céu Claro";"Dupla";"Reta";"Sim";2;0;0;1;0;1;1;2;-19,77920263;-47,955319;"SPRF-MG";"DEL13-MG";"UOP01-DEL13-MG"
299045;2020-08-02;"domingo";"18:00:00";"ES";101;303,3;"VIANA";"Ingestão de Álcool";"Colisão com objeto estático";"Sem Vítimas";"Plena Noite";"Crescente";"Céu Claro";"Dupla";"Reta";"Sim";1;0;0;0;1;0;0;1;-20,37695747;-40,44527144;"SPRF-ES";"DEL01-ES";"UOP01-DEL01-ES"
299047;2020-08-02;"domingo";"18:55:00";"RJ";101;407;"ITAGUAI";"Ingestão de Álcool";"Colisão traseira";"Sem Vítimas";"Plena Noite";"Decrescente";"Céu Claro";"Simples";"Curva";"Não";1;0;0;0;1;0;0;1;-22,87672058;-43,81631971;"SPRF-RJ";"DEL03-RJ";"UOP01-DEL03-RJ"
299048;2020-08-02;"domingo";"19:00:00";"MG";40;658,4;"CARANDAI";"Falta de Atenção à Condução";"Colisão lateral";"Sem Vítimas";"Plena Noite";"Decrescente";"Nublado";"Simples";"Reta";"Não";3;0;0;0;1;2;0;3;-20,88523519;-43,80990585;"SPRF-MG";"DEL05-MG";"UOP02-DEL05-MG"
299049;2020-08-02;"domingo";"17:55:00";"MA";316;617;"TIMON";"Desobediência às normas de trânsito pelo condutor";"Colisão transversal";"Com Vítimas Feridas";"Pleno dia";"Crescente";"Céu Claro";"Dupla";"Reta";"Sim";2;0;1;0;1;0;1;2;-5,08863054;-42,83571482;"SPRF-MA";"DEL03-MA";"UOP02-DEL03-MA"
299050;2020-08-02;"domingo";"17:00:00";"RJ";101;295;"ITABORAI";"Defeito Mecânico no Veículo";"Capotamento";"Com Vítimas Feridas";"Pleno dia";"Decrescente";"Céu Claro";"Dupla";"Curva";"Sim";1;0;1;0;0;0;1;1;-22,76365068;-42,90223623;"SPRF-RJ";"DEL02-RJ";"UOP02-DEL02-RJ"
299051;2020-08-02;"domingo";"18:30:00";"PB";230;47,5;"SANTA RITA";"Ingestão de Álcool";"Colisão traseira";"Sem Vítimas";"Plena Noite";"Decrescente";"Céu Claro";"Dupla";"Reta";"Não";2;0;0;0;1;1;0;2;-7,1685;-35,032;"SPRF-PB";"DEL01-PB";"UOP03-DEL01-PB"
299053;2020-08-02;"domingo";"16:50:00";"RJ";101;437;"MANGARATIBA";"Desobediência às normas de trânsito pelo condutor";"Colisão frontal";"Com Vítimas Feridas";"Pleno dia";"Decrescente";"Céu Claro";"Simples";"Curva";"Não";2;0;1;1;0;0;2;2;-22,94811517;-44,06549304;"SPRF-RJ";"DEL03-RJ";"UOP03-DEL03-RJ"
299054;2020-08-02;"domingo";"19:30:00";"PR";277;157;"PORTO AMAZONAS";"Falta de Atenção à Condução";"Saída de leito carroçável";"Com Vítimas Feridas";"Plena Noite";"Crescente";"Céu Claro";"Simples";"Interseção de Vias";"Não";2;0;1;0;1;0;1;1;-25,47289;-49,895964;"SPRF-PR";"DEL01-PR";"UOP03-DEL03-PR"
299056;2020-08-02;"domingo";"18:00:00";"MG";262;39,1;"MANHUACU";"Falta de Atenção à Condução";"Colisão traseira";"Com Vítimas Feridas";"Anoitecer";"Decrescente";"Céu Claro";"Simples";"Reta";"Sim";3;0;1;0;2;0;1;2;-20,27165802;-42,03950458;"SPRF-MG";"DEL06-MG";"UOP03-DEL06-MG"