"id";"data_inversa";"dia_semana";"horario";"uf";"br";"km";"municipio";"causa_acidente";"tipo_acidente";"classificacao_acidente";"fase_dia";"sentido_via";"condicao_metereologica";"tipo_pista";"tracado_via";"uso_solo";"pessoas";"mortos";"feridos_leves";"feridos_graves";"ilesos";"ignorados";"feridos";"veiculos";"latitude";"longitude";"regional";"delegacia";"uop"
299057;2020-08-02;"domingo";"19:20:00";"RS";290;105,8;"ELDORADO DO SUL";"Animais na Pista";"Atropelamento de Animal";"Com Vítimas Feridas";"Plena Noite";"Decrescente";"Céu Claro";"Dupla";"Reta";"Não";1;0;0;1;0;0;1;1;-29,99608;-51,285023;"SPRF-RS";"DEL02-RS";"UOP01-DEL02-RS"
299058;2020-08-02;"domingo";"19:40:00";"SC";101;38,5;"JOINVILLE";"Desobediência às normas de trânsito pelo condutor";"Colisão transversal";"Com Vítimas Feridas";"Plena Noite";"Crescente";"Céu Claro";"Simples";"Reta";"Sim";2;0;1;0;1;0;1;2;-26,29666176;-48,8842088;"SPRF-SC";"DEL03-SC";"UOP01-DEL03-SC"
299060;2020-08-02;"domingo";"19:40:00";"SE";235;99,2;"CARIRA";"Falta de Atenção à Condução";"Colisão traseira";"Com Vítimas Feridas";"Plena Noite";"Decrescente";"Nublado";"Simples";"Reta";"Não";2;0;1;0;0;1;1;2;-10,428057;-37,676685;"SPRF-SE";"DEL01-SE";"UOP02-DEL01-SE"
299061;2020-08-02;"domingo";"18:20:00";"RO";364;347;"JI-PARANA";"Desobediência às normas de trânsito pelo condutor";"Colisão transversal";"Com Vítimas Feridas";"Plena Noite";"Crescente";"Céu Claro";"Simples";"Reta";"Sim";4;0;1;0;1;2;1;3;-10,86070186;-61,9761549;"SPRF-RO";"DEL02-RO";"UOP01-DEL02-RO"
299063;2020-08-02;"domingo";"20:00:00";"MG";365;613;"UBERLANDIA";"Não guardar distância de segurança";"Colisão traseira";"Sem Vítimas";"Plena Noite";"Crescente";"Céu Claro";"Simples";"Reta";"Sim";2;0;0;0;2;0;0;2;-18,91145877;-48,22099885;"SPRF-MG";"DEL15-MG";"UOP01-DEL15-MG"
299065;2020-08-02;"domingo";"19:40:00";"SP";116;272,8;"TABOAO DA SERRA";"Ingestão de álcool e/ou substâncias psicoativas pelo pedestre";"Colisão lateral";"Sem Vítimas";"Plena Noite";"Crescente";"Céu Claro";"Simples";"Viaduto";"Sim";2;0;0;0;2;0;0;2;-23,61521517;-46,78768896;"SPRF-SP";"DEL04-SP";"UOP01-DEL04-SP"
299066;2020-08-02;"domingo";"20:00:00";"PR";153;349,2;"REBOUCAS";"Velocidade Incompatível";"Colisão transversal";"Com Vítimas Feridas";"Plena Noite";"Decrescente";"Céu Claro";"Simples";"Rotatória;Declive";"Sim";2;0;2;0;0;0;2;2;-25,60374934;-50,69205649;"SPRF-PR";"DEL03-PR";"UOP03-DEL03-PR"
299067;2020-08-02;"domingo";"19:30:00";"GO";60;104,6;"GOIANAPOLIS";"Falta de Atenção à Condução";"Saída de leito carroçável";"Com Vítimas Feridas";"Plena Noite";"Decrescente";"Céu Claro";"Dupla";"Reta";"Não";2;0;1;0;1;0;1;1;-16,4118;-49,0004;"SPRF-GO";"DEL02-GO";"UOP01-DEL02-GO"
299068;2020-08-02;"domingo";"20:00:00";"MG";364;0;"PLANURA";"Sinalização da via insuficiente ou inadequada";"Colisão com objeto estático";"Com Vítimas Feridas";"Plena Noite";"Decrescente";"Céu Claro";"Simples";"Reta;Ponte";"Não";2;0;0;2;0;0;2;1;-20,15687971;-48,68869603;"SPRF-MG";"DEL13-MG";"UOP02-DEL13-MG"
299069;2020-08-02;"domingo";"20:10:00";"BA";116;810,2;"VITORIA DA CONQUISTA";"Animais na Pista";"Atropelamento de Animal";"Com Vítimas Feridas";"Plena Noite";"Crescente";"Garoa/Chuvisco";"Simples";"Reta";"Não";1;0;0;1;0;0;1;1;-14,75189084;-40,68129309;"SPRF-BA";"DEL08-BA";"UOP01-DEL08-BA"
299070;2020-08-02;"domingo";"19:55:00";"BA";324;599;"SIMOES FILHO";"Falta de Atenção à Condução";"Colisão traseira";"Com Vítimas Feridas";"Plena Noite";"Decrescente";"Céu Claro";"Dupla";"Reta";"Sim";2;0;0;1;1;0;1;2;-12,74194511;-38,43853918;"SPRF-BA";"DEL01-BA";"UOP01-DEL01-BA"
299071;2020-08-02;"domingo";"20:48:00";"GO";60;88,5;"ANAPOLIS";"Ingestão de Álcool";"Saída de leito carroçável";"Sem Vítimas";"Plena Noite";"Decrescente";"Céu Claro";"Dupla";"Retorno Regulamentado";"Não";1;0;0;0;1;0;0;1;-16,33414224;-48,89231443;"SPRF-GO";"DEL02-GO";"UOP01-DEL02-GO"
299073;2020-08-02;"domingo";"19:15:00";"CE";222;63;"SAO GONCALO DO AMARANTE";"Ingestão de Álcool";"Tombamento";"Com Vítimas Feridas";"Plena Noite";"Decrescente";"Céu Claro";"Simples";"Reta";"Sim";1;0;0;1;0;0;1;1;-3,6717776;-39,10726798;"SPRF-CE";"DEL01-CE";"UOP03-DEL01-CE"
299074;2020-08-02;"domingo";"17:20:00";"RS";287;257;"SANTA MARIA";"Falta de Atenção à Condução";"Colisão traseira";"Com Vítimas Feridas";"Pleno dia";"Decrescente";"Céu Claro";"Simples";"Declive";"Não";5;0;3;1;1;0;4;2;-29,68138871;-53,94121388;"SPRF-RS";"DEL09-RS";"UOP01-DEL09-RS"
299076;2020-08-02;"domingo";"18:50:00";"MG";381;529,1;"ITATIAIUCU";"Velocidade Incompatível";"Capotamento";"Com Vítimas Feridas";"Plena Noite";"Crescente";"Céu Claro";"Dupla";"Reta";"Não";1;0;1;0;0;0;1;1;-20,16619722;-44,36914378;"SPRF-MG";"DEL04-MG";"UOP03-DEL04-MG"
299078;2020-08-02;"domingo";"21:15:00";"PR";376;4,5;"APUCARANA";"Falta de Atenção à Condução";"Atropelamento de Pedestre";"Com Vítimas Feridas";"Plena Noite";"Crescente";"Céu Claro";"Dupla";"Reta";"Sim";3;0;1;1;1;0;2;2;-23,5524;-51,4477;"SPRF-PR";"DEL07-PR";"UOP03-DEL07-PR"
299079;2020-08-02;"domingo";"20:50:00";"CE";20;252;"MADALENA";"Defeito na Via";"Capotamento";"Sem Vítimas";"Plena Noite";"Decrescente";"Céu Claro";"Simples";"Declive";"Não";1;0;0;0;0;1;0;1;-4,766825;-39,491495;"SPRF-CE";"DEL02-CE";"UOP02-DEL02-CE"
299080;2020-08-02;"domingo";"21:00:00";"RS";472;148,5;"SANTA ROSA";"Desobediência às normas de trânsito pelo condutor";"Colisão frontal";"Com Vítimas Fatais";"Plena Noite";"Decrescente";"Céu Claro";"Simples";"Aclive";"Não";3;1;2;0;0;0;2;2;-27,78870684;-54,38560724;"SPRF-RS";"DEL10-RS";"UOP01-DEL10-RS"
299081;2020-08-02;"domingo";"21:05:00";"PR";376;151,5;"MANDAGUACU";"Falta de Atenção à Condução";"Colisão traseira";"Com Vítimas Feridas";"Plena Noite";"Decrescente";"Céu Claro";"Dupla";"Reta";"Não";2;0;1;0;1;0;1;2;-23,31154203;-52,1098153;"SPRF-PR";"DEL09-PR";"UOP01-DEL09-PR"
299082;2020-08-02;"domingo";"20:50:00";"MG";381;453,8;"SABARA";"Ingestão de Álcool";"Colisão frontal";"Sem Vítimas";"Plena Noite";"Decrescente";"Céu Claro";"Simples";"Reta";"Sim";2;0;0;0;2;0;0;2;-19,85197588;-43,88851019;"SPRF-MG";"DEL01-MG";"UOP01-DEL01-MG"
299083;2020-08-02;"domingo";"14:35:00";"CE";20;399,9;"CAUCAIA";"Ingestão de Álcool";"Saída de leito carroçável";"Com Vítimas Feridas";"Pleno dia";"Decrescente";"Céu Claro";"Simples";"Reta";"Não";1;0;1;0;0;0;1;1;-3,8038424;-38,72308168;"SPRF-CE";"DEL01-CE";"UOP01-DEL01-CE"
299084;2020-08-02;"domingo";"17:30:00";"PR";376;130,4;"NOVA ESPERANCA";"Ingestão de Álcool";"Saída de leito carroçável";"Sem Vítimas";"Pleno dia";"Crescente";"Céu Claro";"Dupla";"Reta";"Não";1;0;0;0;0;1;0;1;-23,17504848;-52,23423918;"SPRF-PR";"DEL09-PR";"UOP02-DEL09-PR"
299085;2020-08-02;"domingo";"18:55:00";"SC";480;123,7;"CHAPECO";"Ingestão de Álcool";"Atropelamento de Pedestre";"Sem Vítimas";"Plena Noite";"Crescente";"Céu Claro";"Dupla";"Reta";"Não";3;0;0;0;2;1;0;2;-26,99739704;-52,64201951;"SPRF-SC";"DEL07-SC";"UOP01-DEL07-SC"
299086;2020-08-02;"domingo";"20:45:00";"PE";428;188,5;"PETROLINA";"Desobediência às normas de trânsito pelo pedestre";"Atropelamento de Pedestre";"Com Vítimas Feridas";"Plena Noite";"Crescente";"Céu Claro";"Simples";"Reta";"Sim";3;0;3;0;0;0;3;2;-9,37552561;-40,49262583;"SPRF-PE";"DEL06-PE";"UOP01-DEL06-PE"
299087;2020-08-02;"domingo";"21:30:00";"ES";101;287,1;"CARIACICA";"Falta de Atenção à Condução";"Colisão lateral";"Com Vítimas Feridas";"Plena Noite";"Decrescente";"Céu Claro";"Dupla";"Reta";"Sim";2;0;0;1;0;1;1;2;-20,26545812;-40,38538814;"SPRF-ES";"DEL01-ES";"UOP01-DEL01-ES"
299088;2020-08-02;"domingo";"20:20:00";"BA";324;618,1;"SALVADOR";"Pista Escorregadia";"Queda de ocupante de veículo";"Com Vítimas Feridas";"Plena Noite";"Crescente";"Chuva";"Dupla";"Reta";"Sim";1;0;1;0;0;0;1;1;-12,891109;-38,445374;"SPRF-BA";"DEL01-BA";"UOP01-DEL01-BA"
299091;2020-08-02;"domingo";"20:40:00";"MS";262;450,3;"DOIS IRMAOS DO BURITI";"Condutor Dormindo";"Saída de leito carroçável";"Com Vítimas Feridas";"Plena Noite";"Crescente";"Céu Claro";"Simples";"Aclive";"Não";1;0;1;0;0;0;1;1;-20,54474002;-55,45547399;"SPRF-MS";"DEL03-MS";"UOP01-DEL03-MS"
299092;2020-08-02;"domingo";"18:40:00";"RO";364;709;"PORTO VELHO";"Ingestão de Álcool";"Atropelamento de Pedestre";"Com Vítimas Fatais";"Anoitecer";"Decrescente";"Céu Claro";"Dupla";"Reta";"Sim";3;1;0;0;1;1;0;2;-8,7897915;-63,85133928;"SPRF-RO";"DEL01-RO";"UOP01-DEL01-RO"
299095;2020-08-02;"domingo";"21:00:00";"ES";393;9,3;"MUQUI";"Desobediência às normas de trânsito pelo condutor";"Queda de ocupante de veículo";"Com Vítimas Feridas";"Plena Noite";"Crescente";"Céu Claro";"Simples";"Reta";"Não";2;0;1;0;0;1;1;2;-20,87484533;-41,26482725;"SPRF-ES";"DEL03-ES";"UOP02-DEL03-ES"
299096;2020-08-02;"domingo";"21:10:00";"PB";104;135;"QUEIMADAS";"Ingestão de Álcool";"Queda de ocupante de veículo";"Com Vítimas Feridas";"Plena Noite";"Decrescente";"Nublado";"Simples";"Reta";"Não";1;0;1;0;0;0;1;1;-7,33449509;-35,89813347;"SPRF-PB";"DEL02-PB";"UOP03-DEL02-PB"
299097;2020-08-02;"domingo";"22:00:00";"SC";282;5;"SAO JOSE";"Desobediência às normas de trânsito pelo condutor";"Colisão traseira";"Com Vítimas Feridas";"Plena Noite";"Crescente";"Céu Claro";"Dupla";"Curva";"Não";3;0;2;0;1;0;2;2;-27,588425;-48,612919;"SPRF-SC";"DEL01-SC";"UOP01-DEL01-SC"
299099;2020-08-02;"domingo";"22:20:00";"RN";101;106,4;"PARNAMIRIM";"Falta de Atenção à Condução";"Colisão traseira";"Com Vítimas Feridas";"Plena Noite";"Decrescente";"Ignorado";"Dupla";"Reta";"Sim";2;0;0;1;1;0;1;2;-5,90165196;-35,25928517;"SPRF-RN";"DEL01-RN";"UOP01-DEL01-RN"
299101;2020-08-02;"domingo";"21:30:00";"RS";290;145;"ELDORADO DO SUL";"Não guardar distância de segurança";"Colisão lateral";"Com Vítimas Fatais";"Plena Noite";"Decrescente";"Céu Claro";"Simples";"Reta";"Sim";2;1;0;1;0;0;1;2;-30,100563;-51,656773;"SPRF-RS";"DEL02-RS";"UOP01-DEL02-RS"
299104;2020-08-02;"domingo";"20:00:00";"PR";277;352;"GUARAPUAVA";"Falta de Atenção à Condução";"Saída de leito carroçável";"Com Vítimas Feridas";"Plena Noite";"Decrescente";"Céu Claro";"Simples";"Reta";"Não";2;0;1;0;1;0;1;1;-25,390621;-51,521241;"SPRF-PR";"DEL08-PR";"UOP01-DEL08-PR"
299105;2020-08-02;"domingo";"21:40:00";"PR";277;356;"GUARAPUAVA";"Ingestão de Álcool";"Saída de leito carroçável";"Com Vítimas Feridas";"Plena Noite";"Crescente";"Céu Claro";"Simples";"Reta";"Não";2;0;0;1;1;0;1;1;-25,395072;-51,529876;"SPRF-PR";"DEL08-PR";"UOP01-DEL08-PR"
299106;2020-08-02;"domingo";"23:30:00";"MG";40;710,4;"BARBACENA";"Falta de Atenção à Condução";"Colisão com objeto estático";"Com Vítimas Feridas";"Plena Noite";"Crescente";"Céu Claro";"Dupla";"Declive;Curva";"Não";2;0;1;0;1;0;1;1;-21,24345674;-43,71417309;"SPRF-MG";"DEL05-MG";"UOP02-DEL05-MG"
299107;2020-08-02;"domingo";"20:15:00";"GO";414;281;"VILA PROPICIO";"Ingestão de Álcool";"Atropelamento de Pedestre";"Com Vítimas Fatais";"Plena Noite";"Decrescente";"Vento";"Simples";"Aclive;Reta;Interseção de Vias";"Não";2;1;0;0;1;0;0;2;-15,07764903;-48,72973693;"SPRF-GO";"DEL07-GO";"UOP02-DEL07-GO"
299108;2020-08-02;"domingo";"22:00:00";"MT";364;263;"SAO PEDRO DA CIPA";"Objeto estático sobre o leito carroçável";"Tombamento";"Com Vítimas Feridas";"Plena Noite";"Crescente";"Nublado";"Dupla";"Reta";"Não";1;0;0;1;0;0;1;1;-16,01673751;-54,90686447;"SPRF-MT";"DEL02-MT";"UOP01-DEL02-MT"
299110;2020-08-02;"domingo";"19:30:00";"PR";376;112,4;"PARANAVAI";"Ingestão de Álcool";"Saída de leito carroçável";"Sem Vítimas";"Plena Noite";"Decrescente";"Céu Claro";"Dupla";"Reta";"Não";1;0;0;0;0;1;0;1;-23,09343108;-52,38419702;"SPRF-PR";"DEL09-PR";"UOP02-DEL09-PR"
299111;2020-08-02;"domingo";"22:00:00";"SC";101;252,8;"PAULO LOPES";"Falta de Atenção à Condução";"Tombamento";"Com Vítimas Feridas";"Plena Noite";"Decrescente";"Céu Claro";"Dupla";"Reta";"Sim";2;0;2;0;0;0;2;1;-27,95672412;-48,6767588;"SPRF-SC";"DEL02-SC";"UOP03-DEL02-SC"
299113;2020-08-02;"domingo";"23:15:00";"RJ";40;120;"DUQUE DE CAXIAS";"Falta de Atenção à Condução";"Queda de ocupante de veículo";"Com Vítimas Feridas";"Plena Noite";"Decrescente";"Céu Claro";"Múltipla";"Reta";"Sim";2;0;0;1;0;1;1;2;-22,77280597;-43,28626763;"SPRF-RJ";"DEL01-RJ";"UOP01-DEL01-RJ"
299114;2020-08-02;"domingo";"22:40:00";"MT";163;822;"SINOP";"Falta de Atenção à Condução";"Colisão frontal";"Com Vítimas Feridas";"Plena Noite";"Crescente";"Céu Claro";"Simples";"Reta;Declive";"Não";4;0;0;3;1;0;3;2;-12,10347096;-55,51746351;"SPRF-MT";"DEL06-MT";"UOP01-DEL06-MT"
299115;2020-08-02;"domingo";"23:18:00";"MS";163;643;"SAO GABRIEL DO OESTE";"Velocidade Incompatível";"Capotamento";"Com Vítimas Feridas";"Plena Noite";"Crescente";"Céu Claro";"Dupla";"Curva";"Não";3;0;3;0;0;0;3;1;-19,21691851;-54,7345158;"SPRF-MS";"DEL06-MS";"UOP02-DEL06-MS"
299116;2020-08-02;"domingo";"22:00:00";"RJ";493;97;"SEROPEDICA";"Falta de Atenção à Condução";"Colisão com objeto estático";"Com Vítimas Feridas";"Plena Noite";"Crescente";"Céu Claro";"Múltipla";"Curva";"Não";2;0;1;0;1;0;1;1;-22,720087;-43,709149;"SPRF-RJ";"DEL03-RJ";"UOP01-DEL03-RJ"
299120;2020-08-03;"segunda-feira";"00:40:00";"SC";280;53,5;"GUARAMIRIM";"Ingestão de Álcool";"Colisão frontal";"Com Vítimas Feridas";"Plena Noite";"Decrescente";"Nublado";"Simples";"Reta";"Não";2;0;1;0;1;0;1;2;-26,47236756;-48,97426617;"SPRF-SC";"DEL03-SC";"UOP03-DEL03-SC"
299121;2020-08-03;"segunda-feira";"01:00:00";"SC";101;200;"SAO JOSE";"Falta de Atenção à Condução";"Saída de leito carroçável";"Sem Vítimas";"Plena Noite";"Crescente";"Céu Claro";"Múltipla";"Aclive;Reta";"Sim";1;0;0;0;1;0;0;1;-27,54018513;-48,62287714;"SPRF-SC";"DEL01-SC";"UOP01-DEL01-SC"
299124;2020-08-02;"domingo";"23:12:00";"RS";386;135,3;"SARANDI";"Ingestão de Álcool";"Saída de leito carroçável";"Com Vítimas Feridas";"Plena Noite";"Decrescente";"Céu Claro";"Simples";"Reta";"Sim";2;0;2;0;0;0;2;1;-27,95454854;-52,91500568;"SPRF-RS";"DEL08-RS";"UOP01-DEL08-RS"
299125;2020-08-02;"domingo";"22:20:00";"SC";280;197;"MAFRA";"Animais na Pista";"Capotamento";"Com Vítimas Feridas";"Plena Noite";"Decrescente";"Céu Claro";"Simples";"Reta;Declive";"Não";1;0;1;0;0;0;1;1;-26,17527886;-50,04358202;"SPRF-SC";"DEL06-SC";"UOP01-DEL06-SC"
299126;2020-08-03;"segunda-feira";"00:05:00";"PE";104;27,7;"TORITAMA";"Desobediência às normas de trânsito pelo condutor";"Colisão frontal";"Sem Vítimas";"Plena Noite";"Decrescente";"Céu Claro";"Simples";"Reta";"Não";2;0;0;0;1;1;0;2;-8,0051;-36,0804;"SPRF-PE";"DEL02-PE";"UOP01-DEL02-PE"
299128;2020-02-16;"domingo";"08:20:00";"PI";343;13;"PARNAIBA";"Desobediência às normas de trânsito pelo condutor";"Colisão transversal";"Com Vítimas Feridas";"Pleno dia";"Decrescente";"Nublado";"Dupla";"Interseção de Vias";"Sim";2;0;0;1;0;1;1;2;-2,91925406;-41,75410867;"SPRF-PI";"DEL05-PI";"UOP01-DEL05-PI"
299130;2020-08-03;"segunda-feira";"00:12:00";"RJ";40;123;"DUQUE DE CAXIAS";"Velocidade Incompatível";"Colisão com objeto estático";"Sem Vítimas";"Plena Noite";"Crescente";"Céu Claro";"Múltipla";"Reta";"Não";1;0;0;0;0;1;0;1;-22,79907687;-43,29015739;"SPRF-RJ";"DEL01-RJ";"UOP01-DEL01-RJ"
299131;2020-08-02;"domingo";"21:40:00";"RO";435;92;"COLORADO DO OESTE";"Falta de Atenção à Condução";"Saída de leito carroçável";"Com Vítimas Feridas";"Plena Noite";"Decrescente";"Céu Claro";"Simples";"Rotatória";"Não";2;0;1;0;0;1;1;2;-13,19382194;-60,54496765;"SPRF-RO";"DEL04-RO";"UOP02-DEL04-RO"
299133;2020-08-02;"domingo";"22:40:00";"RO";364;713;"PORTO VELHO";"Ingestão de Álcool";"Colisão com objeto estático";"Com Vítimas Feridas";"Plena Noite";"Crescente";"Céu Claro";"Dupla";"Reta";"Sim";1;0;1;0;0;0;1;1;-8,77331583;-63,87969248;"SPRF-RO";"DEL01-RO";"UOP01-DEL01-RO"
299134;2020-08-03;"segunda-feira";"01:30:00";"PI";230;306;"FLORIANO";"Falta de Atenção à Condução";"Tombamento";"Com Vítimas Feridas";"Plena Noite";"Crescente";"Céu Claro";"Simples";"Reta";"Sim";2;0;1;0;0;1;1;1;-6,79173488;-42,98594092;"SPRF-PI";"DEL03-PI";"UOP01-DEL03-PI"
299135;2020-08-03;"segunda-feira";"02:00:00";"ES";101;270,6;"SERRA";"Falta de Atenção à Condução";"Colisão com objeto estático";"Com Vítimas Feridas";"Plena Noite";"Decrescente";"Nublado";"Dupla";"Viaduto";"Sim";1;0;0;1;0;0;1;1;-20,232684;-40,27562141;"SPRF-ES";"DEL02-ES";"UOP01-DEL02-ES"
299136;2020-08-03;"segunda-feira";"00:32:00";"MG";381;521;"BRUMADINHO";"Ingestão de Álcool";"Saída de leito carroçável";"Sem Vítimas";"Plena Noite";"Crescente";"Céu Claro";"Dupla";"Curva";"Não";2;0;0;0;2;0;0;1;-20,13846621;-44,31715274;"SPRF-MG";"DEL04-MG";"UOP03-DEL04-MG"
299139;2020-08-03;"segunda-feira";"03:40:00";"MG";381;568;"ITAGUARA";"Falta de Atenção à Condução";"Capotamento";"Com Vítimas Feridas";"Plena Noite";"Decrescente";"Céu Claro";"Dupla";"Reta";"Não";4;0;4;0;0;0;4;1;-20,42649228;-44,54458383;"SPRF-MG";"DEL04-MG";"UOP03-DEL04-MG"
299140;2020-08-02;"domingo";"20:15:00";"SC";101;425,2;"ARARANGUA";"Desobediência às normas de trânsito pelo condutor";"Tombamento";"Com Vítimas Feridas";"Plena Noite";"Decrescente";"Céu Claro";"Simples";"Reta";"Sim";2;0;1;0;0;1;1;2;-29,02095789;-49,59124506;"SPRF-SC";"DEL02-SC";"UOP02-DEL02-SC"
299142;2020-08-03;"segunda-feira";"01:00:00";"MA";10;239;"DAVINOPOLIS";"Desobediência às normas de trânsito pelo condutor";"Colisão frontal";"Com Vítimas Feridas";"Plena Noite";"Crescente";"Céu Claro";"Simples";"Reta";"Sim";2;0;1;1;0;0;2;2;-5,633298;-47,403919;"SPRF-MA";"DEL04-MA";"UOP01-DEL04-MA"
299143;2020-08-02;"domingo";"21:10:00";"PA";222;245;"MARABA";"Desobediência às normas de trânsito pelo condutor";"Colisão transversal";"Com Vítimas Feridas";"Plena Noite";"Decrescente";"Céu Claro";"Simples";"Curva";"Sim";2;0;1;1;0;0;2;1;-5,35452547;-49,079597;"SPRF-PA";"DEL03-PA";"UOP01-DEL03-PA"
299144;2020-08-03;"segunda-feira";"00:15:00";"MG";40;546;"NOVA LIMA";"Ingestão de Álcool";"Saída de leito carroçável";"Com Vítimas Feridas";"Plena Noite";"Crescente";"Céu Claro";"Dupla";"Reta";"Não";1;0;0;1;0;0;1;1;-20,01444685;-43,96893823;"SPRF-MG";"DEL01-MG";"UOP02-DEL01-MG"
299147;2020-08-02;"domingo";"22:43:00";"PA";222;237;"MARABA";"Ingestão de Álcool";"Tombamento";"Sem Vítimas";"Plena Noite";"Crescente";"Céu Claro";"Simples";"Reta";"Sim";1;0;0;0;1;0;0;1;-5,294009;-49,075771;"SPRF-PA";"DEL03-PA";"UOP01-DEL03-PA"
299148;2020-08-03;"segunda-feira";"05:30:00";"SP";101;39,4;"UBATUBA";"Condutor Dormindo";"Colisão com objeto estático";"Com Vítimas Feridas";"Amanhecer";"Decrescente";"Céu Claro";"Simples";"Curva";"Não";1;0;1;0;0;0;1;1;-23,4127683;-45,0318861;"SPRF-SP";"DEL06-SP";"UOP01-DEL06-SP"
299149;2020-08-03;"segunda-feira";"05:40:00";"GO";70;367,9;"MONTES CLAROS DE GOIAS";"Desobediência às normas de trânsito pelo condutor";"Colisão frontal";"Com Vítimas Feridas";"Amanhecer";"Decrescente";"Céu Claro";"Simples";"Reta";"Não";5;0;4;0;1;0;4;2;-15,938;-51,346;"SPRF-GO";"DEL04-GO";"UOP01-DEL04-GO"
299151;2020-08-03;"segunda-feira";"05:00:00";"TO";153;341;"GUARAI";"Condutor Dormindo";"Capotamento";"Com Vítimas Feridas";"Amanhecer";"Decrescente";"Céu Claro";"Simples";"Reta";"Não";1;0;1;0;0;0;1;1;-8,89955402;-48,50907659;"SPRF-TO";"DEL02-TO";"UOP02-DEL02-TO"
299152;2020-08-02;"domingo";"20:25:00";"RO";364;362;"JI-PARANA";"Ingestão de Álcool";"Colisão com objeto estático";"Sem Vítimas";"Plena Noite";"Decrescente";"Céu Claro";"Simples";"Declive";"Não";1;0;0;0;1;0;0;1;-10,77706265;-62,07442393;"SPRF-RO";"DEL02-RO";"UOP01-DEL02-RO"
299153;2020-08-03;"segunda-feira";"03:20:00";"MG";381;749;"TRES CORACOES";"Condutor Dormindo";"Saída de leito carroçável";"Com Vítimas Feridas";"Plena Noite";"Crescente";"Céu Claro";"Dupla";"Reta";"Não";3;0;2;0;1;0;2;1;-21,66281681;-45,30798018;"SPRF-MG";"DEL16-MG";"UOP02-DEL16-MG"
299154;2020-08-03;"segunda-feira";"06:15:00";"ES";101;380,5;"ICONHA";"Falta de Atenção à Condução";"Queda de ocupante de veículo";"Com Vítimas Feridas";"Amanhecer";"Decrescente";"Céu Claro";"Simples";"Reta";"Não";1;0;1;0;0;0;1;1;-20,80767317;-40,83488482;"SPRF-ES";"DEL03-ES";"UOP01-DEL03-ES"
299155;2020-08-03;"segunda-feira";"05:00:00";"PR";373;260;"PRUDENTOPOLIS";"Animais na Pista";"Atropelamento de Animal";"Com Vítimas Feridas";"Plena Noite";"Decrescente";"Nevoeiro/Neblina";"Simples";"Reta";"Não";1;0;1;0;0;0;1;1;-25,20515216;-50,94482318;"SPRF-PR";"DEL03-PR";"UOP04-DEL03-PR"
299156;2020-02-04;"terça-feira";"10:50:00";"SC";470;56,5;"BLUMENAU";"Falta de Atenção à Condução";"Colisão traseira";"Com Vítimas Feridas";"Pleno dia";"Crescente";"Céu Claro";"Simples";"Reta";"Não";2;0;1;0;1;0;1;2;-26,87674;-49,127743;"SPRF-SC";"DEL04-SC";"UOP01-DEL04-SC"
299157;2020-08-03;"segunda-feira";"06:30:00";"CE";116;16;"EUSEBIO";"Falta de Atenção à Condução";"Atropelamento de Pedestre";"Com Vítimas Feridas";"Pleno dia";"Decrescente";"Céu Claro";"Múltipla";"Reta";"Sim";2;0;1;1;0;0;2;2;-3,88732794;-38,50185439;"SPRF-CE";"DEL01-CE";"UOP02-DEL01-CE"
299159;2020-08-03;"segunda-feira";"07:15:00";"PE";101;47;"IGARASSU";"Falta de Atenção do Pedestre";"Atropelamento de Pedestre";"Com Vítimas Fatais";"Pleno dia";"Crescente";"Céu Claro";"Múltipla";"Reta";"Sim";2;1;0;0;1;0;0;2;-7,88290701;-34,90461208;"SPRF-PE";"DEL01-PE";"UOP02-DEL01-PE"
299160;2020-08-03;"segunda-feira";"00:30:00";"SP";116;70;"APARECIDA";"Falta de Atenção do Pedestre";"Atropelamento de Pedestre";"Com Vítimas Feridas";"Plena Noite";"Crescente";"Céu Claro";"Dupla";"Reta";"Sim";2;0;0;1;1;0;1;2;-22,84852898;-45,22705084;"SPRF-SP";"DEL08-SP";"UOP01-DEL08-SP"
299162;2020-08-02;"domingo";"10:20:00";"MG";262;437,8;"NOVA SERRANA";"Falta de Atenção à Condução";"Queda de ocupante de veículo";"Com Vítimas Feridas";"Pleno dia";"Crescente";"Céu Claro";"Dupla";"Reta";"Não";2;0;2;0;0;0;2;1;-19,89622194;-44,86972815;"SPRF-MG";"DEL08-MG";"UOP03-DEL08-MG"
299164;2020-06-27;"sábado";"03:30:00";"CE";20;425;"FORTALEZA";"Falta de Atenção à Condução";"Saída de leito carroçável";"Com Vítimas Feridas";"Plena Noite";"Decrescente";"Céu Claro";"Dupla";"Reta";"Não";2;0;1;1;0;0;2;1;-3,86069588;-38,53664339;"SPRF-CE";"DEL01-CE";"UOP02-DEL01-CE"
299165;2020-08-03;"segunda-feira";"07:30:00";"PR";116;116;"CURITIBA";"Falta de Atenção à Condução";"Colisão lateral";"Com Vítimas Feridas";"Pleno dia";"Decrescente";"Nublado";"Dupla";"Reta";"Sim";2;0;1;0;0;1;1;2;-25,55468195;-49,27402397;"SPRF-PR";"DEL01-PR";"UOP01-DEL01-PR"