"id";"data_inversa";"dia_semana";"horario";"uf";"br";"km";"municipio";"causa_acidente";"tipo_acidente";"classificacao_acidente";"fase_dia";"sentido_via";"condicao_metereologica";"tipo_pista";"tracado_via";"uso_solo";"pessoas";"mortos";"feridos_leves";"feridos_graves";"ilesos";"ignorados";"feridos";"veiculos";"latitude";"longitude";"regional";"delegacia";"uop"
299407;2020-07-27;"segunda-feira";"03:00:00";"RS";153;677;"ACEGUA";"Defeito Mecânico no Veículo";"Incêndio";"Sem Vítimas";"Plena Noite";"Crescente";"Céu Claro";"Simples";"Reta";"Não";1;0;0;0;0;1;0;1;-31,72487999;-54,15497348;"SPRF-RS";"DEL11-RS";"UOP03-DEL11-RS"
299409;2020-07-19;"domingo";"18:53:00";"SC";280;233,6;"CANOINHAS";"Falta de Atenção do Pedestre";"Atropelamento de Pedestre";"Com Vítimas Feridas";"Anoitecer";"Crescente";"Nevoeiro/Neblina";"Simples";"Reta";"Não";6;0;0;1;2;3;1;2;-26,19146187;-50,39215;"SPRF-SC";"DEL06-SC";"UOP04-DEL06-SC"
299412;2020-08-04;"terça-feira";"11:30:00";"SC";101;458,6;"PASSO DE TORRES";"Falta de Atenção à Condução";"Saída de leito carroçável";"Com Vítimas Feridas";"Pleno dia";"Decrescente";"Céu Claro";"Dupla";"Reta";"Não";2;0;2;0;0;0;2;1;-29,24075694;-49,75535784;"SPRF-SC";"DEL02-SC";"UOP02-DEL02-SC"
299414;2020-08-04;"terça-feira";"11:30:00";"SC";101;77;"ARAQUARI";"Falta de Atenção à Condução";"Queda de ocupante de veículo";"Com Vítimas Feridas";"Pleno dia";"Crescente";"Céu Claro";"Dupla";"Reta";"Não";1;0;1;0;0;0;1;1;-26,56833103;-48,72029393;"SPRF-SC";"DEL03-SC";"UOP02-DEL03-SC"
299415;2020-08-04;"terça-feira";"14:55:00";"RN";226;170,2;"CURRAIS NOVOS";"Falta de Atenção à Condução";"Colisão com objeto estático";"Com Vítimas Feridas";"Pleno dia";"Crescente";"Céu Claro";"Simples";"Reta";"Não";1;0;1;0;0;0;1;1;-6,24579515;-36,46862087;"SPRF-RN";"DEL03-RN";"UOP02-DEL03-RN"
299416;2020-08-04;"terça-feira";"15:00:00";"SE";101;84,7;"LARANJEIRAS";"Defeito na Via";"Queda de ocupante de veículo";"Com Vítimas Feridas";"Pleno dia";"Decrescente";"Céu Claro";"Dupla";"Reta";"Não";1;0;1;0;0;0;1;1;-10,835002;-37,13775504;"SPRF-SE";"DEL01-SE";"UOP01-DEL01-SE"
299417;2020-07-25;"sábado";"16:00:00";"RJ";116;176,3;"SAO JOAO DE MERITI";"Desobediência às normas de trânsito pelo condutor";"Colisão traseira";"Com Vítimas Feridas";"Pleno dia";"Crescente";"Céu Claro";"Dupla";"Reta";"Sim";4;0;1;0;3;0;1;3;-22,7839538;-43,38195488;"SPRF-RJ";"DEL01-RJ";"UOP02-DEL01-RJ"
299422;2020-08-04;"terça-feira";"12:25:00";"SC";282;48;"AGUAS MORNAS";"Falta de Atenção à Condução";"Tombamento";"Com Vítimas Feridas";"Pleno dia";"Decrescente";"Céu Claro";"Simples";"Curva";"Não";1;0;1;0;0;0;1;1;-27,714352;-48,938072;"SPRF-SC";"DEL01-SC";"UOP03-DEL01-SC"
299423;2020-08-04;"terça-feira";"15:50:00";"CE";116;7;"FORTALEZA";"Falta de Atenção à Condução";"Colisão frontal";"Com Vítimas Feridas";"Pleno dia";"Crescente";"Sol";"Dupla";"Viaduto";"Sim";2;0;1;0;1;0;1;2;-3,81073099;-38,50074867;"SPRF-CE";"DEL01-CE";"UOP02-DEL01-CE"
299427;2020-08-04;"terça-feira";"15:55:00";"RJ";101;303;"SAO GONCALO";"Não guardar distância de segurança";"Colisão traseira";"Sem Vítimas";"Pleno dia";"Decrescente";"Céu Claro";"Dupla";"Reta";"Sim";2;0;0;0;2;0;0;2;-22,7828205;-42,9766681;"SPRF-RJ";"DEL02-RJ";"UOP02-DEL02-RJ"
299428;2020-08-04;"terça-feira";"15:40:00";"RS";116;296,4;"GUAIBA";"Avarias e/ou desgaste excessivo no pneu";"Tombamento";"Com Vítimas Feridas";"Pleno dia";"Crescente";"Céu Claro";"Dupla";"Viaduto";"Sim";2;0;2;0;0;0;2;1;-30,08724441;-51,34205103;"SPRF-RS";"DEL02-RS";"UOP01-DEL02-RS"
299430;2020-08-04;"terça-feira";"16:30:00";"RN";406;127,5;"TAIPU";"Carga excessiva e/ou mal acondicionada";"Capotamento";"Com Vítimas Feridas";"Pleno dia";"Decrescente";"Sol";"Simples";"Reta";"Não";1;0;1;0;0;0;1;1;-5,610659;-35,61306;"SPRF-RN";"DEL02-RN";"UOP01-DEL02-RN"
299431;2020-08-04;"terça-feira";"15:00:00";"SC";101;360;"SANGAO";"Falta de Atenção à Condução";"Colisão transversal";"Com Vítimas Feridas";"Pleno dia";"Decrescente";"Céu Claro";"Simples";"Reta";"Não";2;0;1;0;1;0;1;2;-28,67136197;-49,12225505;"SPRF-SC";"DEL02-SC";"UOP01-DEL02-SC"
299432;2020-08-04;"terça-feira";"14:40:00";"MS";262;27,7;"TRES LAGOAS";"Não guardar distância de segurança";"Colisão traseira";"Com Vítimas Feridas";"Pleno dia";"Crescente";"Sol";"Simples";"Declive";"Não";2;0;1;0;1;0;1;2;-20,80722;-51,848643;"SPRF-MS";"DEL07-MS";"UOP01-DEL07-MS"
299434;2020-08-04;"terça-feira";"17:10:00";"SC";101;215,3;"PALHOCA";"Defeito Mecânico no Veículo";"Queda de ocupante de veículo";"Com Vítimas Feridas";"Pleno dia";"Crescente";"Céu Claro";"Múltipla";"Aclive;Curva";"Sim";2;0;1;0;1;0;1;1;-27,65184843;-48,67604941;"SPRF-SC";"DEL01-SC";"UOP02-DEL01-SC"
299435;2020-08-04;"terça-feira";"16:00:00";"CE";116;7;"FORTALEZA";"Falta de Atenção à Condução";"Colisão traseira";"Com Vítimas Feridas";"Pleno dia";"Decrescente";"Céu Claro";"Simples";"Curva";"Sim";2;0;1;0;1;0;1;2;-3,81073099;-38,50074867;"SPRF-CE";"DEL01-CE";"UOP02-DEL01-CE"
299436;2020-08-04;"terça-feira";"15:25:00";"RS";116;232,8;"NOVO HAMBURGO";"Falta de Atenção à Condução";"Colisão transversal";"Com Vítimas Feridas";"Anoitecer";"Decrescente";"Céu Claro";"Simples";"Reta";"Sim";2;0;1;0;1;0;1;2;-29,63300002;-51,14325106;"SPRF-RS";"DEL01-RS";"UOP02-DEL01-RS"
299437;2020-06-29;"segunda-feira";"07:21:00";"PA";10;271,8;"MAE DO RIO";"Falta de Atenção à Condução";"Colisão lateral";"Sem Vítimas";"Pleno dia";"Crescente";"Sol";"Simples";"Reta";"Sim";2;0;0;0;1;1;0;2;-2,06071712;-47,55606172;"SPRF-PA";"DEL02-PA";"UOP01-DEL02-PA"
299438;2020-08-04;"terça-feira";"15:10:00";"MT";70;742,8;"CACERES";"Mal Súbito";"Tombamento";"Com Vítimas Feridas";"Pleno dia";"Decrescente";"Sol";"Dupla";"Rotatória";"Não";1;0;1;0;0;0;1;1;-16,01373979;-57,73871948;"SPRF-MT";"DEL03-MT";"UOP01-DEL03-MT"
299441;2020-07-30;"quinta-feira";"15:05:00";"AC";364;148;"RIO BRANCO";"Desobediência às normas de trânsito pelo condutor";"Capotamento";"Com Vítimas Feridas";"Pleno dia";"Decrescente";"Céu Claro";"Dupla";"Reta";"Sim";2;0;1;0;1;0;1;2;-9,88690631;-67,90025345;"SPRF-AC";"DEL01-AC";"UOP01-DEL01-AC"
299442;2020-07-03;"sexta-feira";"20:15:00";"RN";101;126,3;"SAO JOSE DE MIPIBU";"Falta de Atenção à Condução";"Colisão com objeto estático";"Com Vítimas Feridas";"Plena Noite";"Decrescente";"Chuva";"Dupla";"Reta";"Não";1;0;1;0;0;0;1;1;-6,085677;-35,234226;"SPRF-RN";"DEL01-RN";"UOP01-DEL01-RN"
299445;2020-08-04;"terça-feira";"15:59:00";"MG";381;570;"ITAGUARA";"Velocidade Incompatível";"Queda de ocupante de veículo";"Com Vítimas Feridas";"Pleno dia";"Crescente";"Céu Claro";"Dupla";"Curva";"Não";1;0;0;1;0;0;1;1;-20,43702178;-44,55965749;"SPRF-MG";"DEL04-MG";"UOP03-DEL04-MG"
299447;2020-08-04;"terça-feira";"18:10:00";"RS";290;482;"ROSARIO DO SUL";"Animais na Pista";"Atropelamento de Animal";"Com Vítimas Feridas";"Anoitecer";"Decrescente";"Céu Claro";"Simples";"Reta";"Sim";2;0;1;0;0;1;1;2;-30,241802;-54,940495;"SPRF-RS";"DEL11-RS";"UOP02-DEL11-RS"
299448;2020-03-21;"sábado";"19:00:00";"BA";101;111;"ALAGOINHAS";"Animais na Pista";"Queda de ocupante de veículo";"Com Vítimas Feridas";"Plena Noite";"Crescente";"Ignorado";"Simples";"Reta";"Sim";1;0;1;0;0;0;1;1;-12,16491151;-38,419168;"SPRF-BA";"DEL01-BA";"UOP04-DEL01-BA"
299449;2020-08-04;"terça-feira";"18:20:00";"SC";280;51;"GUARAMIRIM";"Pista Escorregadia";"Colisão com objeto estático";"Com Vítimas Feridas";"Plena Noite";"Decrescente";"Céu Claro";"Simples";"Em Obras";"Sim";1;0;1;0;0;0;1;1;-26,46538871;-48,95544449;"SPRF-SC";"DEL03-SC";"UOP03-DEL03-SC"
299451;2020-08-04;"terça-feira";"15:50:00";"BA";415;19;"ILHEUS";"Falta de Atenção à Condução";"Queda de ocupante de veículo";"Com Vítimas Feridas";"Pleno dia";"Crescente";"Céu Claro";"Simples";"Reta";"Não";1;0;1;0;0;0;1;1;-14,8482;-39,281986;"SPRF-BA";"DEL05-BA";"UOP01-DEL05-BA"
299452;2020-08-04;"terça-feira";"15:45:00";"MS";60;544,4;"NIOAQUE";"Falta de Atenção à Condução";"Colisão transversal";"Com Vítimas Feridas";"Pleno dia";"Decrescente";"Céu Claro";"Simples";"Reta";"Não";4;0;4;0;0;0;4;2;-21,16323392;-55,85639808;"SPRF-MS";"DEL05-MS";"UOP01-DEL05-MS"
299453;2020-08-04;"terça-feira";"17:45:00";"RJ";101;400;"ITAGUAI";"Ingestão de Álcool";"Colisão traseira";"Sem Vítimas";"Anoitecer";"Decrescente";"Céu Claro";"Dupla";"Reta";"Sim";3;0;0;0;3;0;0;2;-22,8483707;-43,76952338;"SPRF-RJ";"DEL03-RJ";"UOP01-DEL03-RJ"
299455;2020-08-04;"terça-feira";"13:30:00";"MA";10;164;"PORTO FRANCO";"Falta de Atenção à Condução";"Colisão frontal";"Com Vítimas Feridas";"Pleno dia";"Decrescente";"Céu Claro";"Simples";"Reta";"Não";2;0;0;1;1;0;1;2;-6,284359;-47,360458;"SPRF-MA";"DEL04-MA";"UOP02-DEL04-MA"
299456;2020-08-04;"terça-feira";"15:55:00";"RS";101;77,4;"OSORIO";"Condutor Dormindo";"Saída de leito carroçável";"Com Vítimas Feridas";"Pleno dia";"Crescente";"Céu Claro";"Dupla";"Reta";"Sim";2;0;1;1;0;0;2;1;-29,8056961;-50,2385868;"SPRF-RS";"DEL03-RS";"UOP01-DEL03-RS"
299457;2020-08-04;"terça-feira";"19:02:00";"TO";242;309,8;"PEIXE";"Falta de Atenção à Condução";"Colisão lateral";"Com Vítimas Feridas";"Plena Noite";"Crescente";"Céu Claro";"Simples";"Interseção de Vias";"Sim";2;0;0;1;1;0;1;2;-12,04521455;-48,54398047;"SPRF-TO";"DEL01-TO";"UOP02-DEL01-TO"
299458;2020-08-04;"terça-feira";"18:55:00";"SC";101;214,6;"PALHOCA";"Não guardar distância de segurança";"Colisão traseira";"Sem Vítimas";"Plena Noite";"Decrescente";"Céu Claro";"Múltipla";"Reta";"Sim";2;0;0;0;2;0;0;2;-27,64443;-48,67057;"SPRF-SC";"DEL01-SC";"UOP02-DEL01-SC"
299459;2020-08-04;"terça-feira";"18:45:00";"SC";101;199;"SAO JOSE";"Desobediência às normas de trânsito pelo condutor";"Queda de ocupante de veículo";"Sem Vítimas";"Plena Noite";"Crescente";"Céu Claro";"Múltipla";"Reta";"Sim";2;0;0;0;1;1;0;2;-27,53413705;-48,63003205;"SPRF-SC";"DEL01-SC";"UOP01-DEL01-SC"
299460;2020-08-04;"terça-feira";"18:00:00";"SP";116;229;"SAO PAULO";"Falta de Atenção à Condução";"Engavetamento";"Com Vítimas Feridas";"Plena Noite";"Decrescente";"Céu Claro";"Múltipla";"Reta";"Sim";5;0;2;0;3;0;2;4;-23,51291902;-46,57604698;"SPRF-SP";"DEL01-SP";"UOP01-DEL01-SP"
299461;2020-08-04;"terça-feira";"19:15:00";"TO";153;667;"GURUPI";"Objeto estático sobre o leito carroçável";"Colisão com objeto estático";"Com Vítimas Feridas";"Plena Noite";"Crescente";"Céu Claro";"Simples";"Reta";"Não";1;0;0;1;0;0;1;1;-11,68331612;-49,06799163;"SPRF-TO";"DEL01-TO";"UOP02-DEL01-TO"
299462;2020-08-04;"terça-feira";"18:30:00";"BA";324;584;"CANDEIAS";"Desobediência às normas de trânsito pelo condutor";"Colisão traseira";"Com Vítimas Feridas";"Plena Noite";"Decrescente";"Garoa/Chuvisco";"Dupla";"Reta";"Não";2;0;1;0;1;0;1;2;-12,6324196;-38,4798088;"SPRF-BA";"DEL01-BA";"UOP01-DEL01-BA"
299463;2020-08-04;"terça-feira";"18:10:00";"AL";316;253,5;"PILAR";"Falta de Atenção à Condução";"Colisão transversal";"Sem Vítimas";"Anoitecer";"Decrescente";"Céu Claro";"Simples";"Reta";"Sim";3;0;0;0;3;0;0;2;-9,57899213;-35,96164121;"SPRF-AL";"DEL02-AL";"UOP01-DEL02-AL"
299464;2020-08-04;"terça-feira";"18:45:00";"PE";101;188,2;"PALMARES";"Falta de Atenção à Condução";"Colisão transversal";"Com Vítimas Feridas";"Plena Noite";"Crescente";"Céu Claro";"Dupla";"Reta";"Sim";3;0;2;0;1;0;2;2;-8,6909807;-35,5954771;"SPRF-PE";"DEL01-PE";"UOP03-DEL01-PE"
299466;2020-08-04;"terça-feira";"19:00:00";"MG";40;553;"NOVA LIMA";"Defeito Mecânico no Veículo";"Saída de leito carroçável";"Com Vítimas Feridas";"Plena Noite";"Decrescente";"Céu Claro";"Dupla";"Curva";"Sim";2;0;1;0;1;0;1;1;-20,06863326;-43,98194759;"SPRF-MG";"DEL01-MG";"UOP02-DEL01-MG"
299467;2020-08-04;"terça-feira";"19:00:00";"SP";116;213;"GUARULHOS";"Defeito Mecânico no Veículo";"Queda de ocupante de veículo";"Com Vítimas Feridas";"Plena Noite";"Decrescente";"Céu Claro";"Múltipla";"Aclive";"Sim";2;0;1;0;1;0;1;1;-23,43971486;-46,43667806;"SPRF-SP";"DEL01-SP";"UOP01-DEL01-SP"
299470;2020-02-23;"domingo";"04:30:00";"MG";381;440;"SANTA LUZIA";"Velocidade Incompatível";"Saída de leito carroçável";"Com Vítimas Feridas";"Plena Noite";"Decrescente";"Chuva";"Simples";"Curva";"Não";3;0;0;1;2;0;1;1;-19,81160206;-43,79604396;"SPRF-MG";"DEL01-MG";"UOP01-DEL01-MG"
299471;2020-08-04;"terça-feira";"19:50:00";"RJ";393;185;"PARAIBA DO SUL";"Falta de Atenção à Condução";"Colisão transversal";"Com Vítimas Feridas";"Plena Noite";"Decrescente";"Céu Claro";"Simples";"Reta";"Sim";3;0;3;0;0;0;3;2;-22,14274627;-43,28400785;"SPRF-RJ";"DEL05-RJ";"UOP03-DEL05-RJ"
299473;2020-08-04;"terça-feira";"20:20:00";"RJ";116;181;"NOVA IGUACU";"Falta de Atenção à Condução";"Colisão lateral";"Com Vítimas Fatais";"Plena Noite";"Crescente";"Céu Claro";"Dupla";"Reta";"Sim";1;1;0;0;0;0;0;1;-22,761312;-43,423492;"SPRF-RJ";"DEL01-RJ";"UOP02-DEL01-RJ"
299474;2020-03-17;"terça-feira";"19:40:00";"CE";116;174;"RUSSAS";"Falta de Atenção do Pedestre";"Atropelamento de Pedestre";"Com Vítimas Fatais";"Plena Noite";"Crescente";"Céu Claro";"Simples";"Reta";"Sim";2;1;0;0;1;0;0;2;-5,01213088;-38,05022419;"SPRF-CE";"DEL03-CE";"UOP01-DEL03-CE"
299475;2020-08-04;"terça-feira";"20:05:00";"SC";101;348,7;"JAGUARUNA";"Defeito Mecânico no Veículo";"Incêndio";"Sem Vítimas";"Plena Noite";"Decrescente";"Céu Claro";"Dupla";"Declive;Curva";"Sim";2;0;0;0;2;0;0;1;-28,59066411;-49,04479265;"SPRF-SC";"DEL02-SC";"UOP01-DEL02-SC"
299477;2020-08-04;"terça-feira";"19:30:00";"PR";369;207,1;"APUCARANA";"Falta de Atenção à Condução";"Colisão transversal";"Com Vítimas Feridas";"Plena Noite";"Decrescente";"Vento";"Dupla";"Reta;Declive";"Não";2;0;1;0;1;0;1;2;-23,56292503;-51,4879632;"SPRF-PR";"DEL07-PR";"UOP03-DEL07-PR"
299478;2020-08-04;"terça-feira";"18:00:00";"AC";364;153,8;"BUJARI";"Falta de Atenção à Condução";"Colisão traseira";"Com Vítimas Feridas";"Anoitecer";"Crescente";"Céu Claro";"Simples";"Reta";"Não";2;0;0;1;1;0;1;2;-9,84908812;-67,92495316;"SPRF-AC";"DEL01-AC";"UOP01-DEL01-AC"
299479;2020-08-04;"terça-feira";"20:30:00";"SC";280;125,6;"RIO NEGRINHO";"Falta de Atenção à Condução";"Colisão transversal";"Com Vítimas Feridas";"Plena Noite";"Crescente";"Céu Claro";"Simples";"Reta";"Sim";4;0;1;0;3;0;1;2;-26,23763684;-49,48434497;"SPRF-SC";"DEL06-SC";"UOP03-DEL06-SC"
299480;2020-08-04;"terça-feira";"19:52:00";"SP";116;145,6;"SAO JOSE DOS CAMPOS";"Falta de Atenção do Pedestre";"Colisão frontal";"Com Vítimas Feridas";"Plena Noite";"Crescente";"Céu Claro";"Dupla";"Reta;Declive";"Sim";2;0;1;0;1;0;1;2;-23,189025;-45,85930104;"SPRF-SP";"DEL02-SP";"UOP01-DEL02-SP"
299482;2020-08-04;"terça-feira";"21:00:00";"PR";373;222,3;"IMBITUVA";"Desobediência às normas de trânsito pelo condutor";"Saída de leito carroçável";"Com Vítimas Feridas";"Plena Noite";"Decrescente";"Céu Claro";"Simples";"Reta";"Não";1;0;1;0;0;0;1;1;-25,17739503;-50,57441714;"SPRF-PR";"DEL03-PR";"UOP04-DEL03-PR"
299484;2020-08-04;"terça-feira";"20:00:00";"PI";135;600;"CORRENTE";"Animais na Pista";"Atropelamento de Animal";"Com Vítimas Fatais";"Plena Noite";"Decrescente";"Céu Claro";"Simples";"Reta";"Não";1;1;0;0;0;0;0;1;-10,51777342;-45,18700262;"SPRF-PI";"DEL03-PI";"UOP02-DEL03-PI"
299485;2020-08-04;"terça-feira";"21:50:00";"SP";459;24,7;"LORENA";"Animais na Pista";"Atropelamento de Animal";"Sem Vítimas";"Plena Noite";"Crescente";"Céu Claro";"Simples";"Reta";"Não";1;0;0;0;1;0;0;1;-22,679707;-45,13483;"SPRF-SP";"DEL08-SP";"UOP01-DEL08-SP"
299486;2020-08-04;"terça-feira";"20:00:00";"PA";163;880;"BELTERRA";"Falta de Atenção à Condução";"Saída de leito carroçável";"Com Vítimas Feridas";"Plena Noite";"Crescente";"Céu Claro";"Simples";"Curva";"Não";2;0;2;0;0;0;2;1;-3,37668285;-54,90889549;"SPRF-PA";"DEL05-PA";"UOP01-DEL05-PA"
299491;2020-08-04;"terça-feira";"22:20:00";"RN";101;66;"CEARA-MIRIM";"Animais na Pista";"Atropelamento de Animal";"Com Vítimas Feridas";"Plena Noite";"Decrescente";"Céu Claro";"Simples";"Reta";"Não";1;0;1;0;0;0;1;1;-5,64692259;-35,26205242;"SPRF-RN";"DEL02-RN";"UOP01-DEL02-RN"
299493;2020-08-04;"terça-feira";"20:00:00";"RS";392;265,9;"CACAPAVA DO SUL";"Velocidade Incompatível";"Saída de leito carroçável";"Com Vítimas Feridas";"Plena Noite";"Crescente";"Céu Claro";"Simples";"Reta";"Não";2;0;2;0;0;0;2;1;-30,434884;-53,50004801;"SPRF-RS";"DEL09-RS";"UOP02-DEL09-RS"
299496;2020-04-02;"quinta-feira";"18:35:00";"RS";285;78;"BOM JESUS";"Desobediência às normas de trânsito pelo condutor";"Capotamento";"Com Vítimas Feridas";"Plena Noite";"Decrescente";"Céu Claro";"Simples";"Curva";"Não";3;0;2;0;1;0;2;1;-28,642101;-50,583534;"SPRF-RS";"DEL05-RS";"UOP03-DEL05-RS"
299498;2020-08-04;"terça-feira";"22:10:00";"PR";116;128;"FAZENDA RIO GRANDE";"Falta de Atenção à Condução";"Colisão lateral";"Sem Vítimas";"Plena Noite";"Crescente";"Céu Claro";"Dupla";"Reta";"Não";2;0;0;0;2;0;0;2;-25,62150831;-49,31621728;"SPRF-PR";"DEL01-PR";"UOP03-DEL01-PR"
299499;2020-08-04;"terça-feira";"23:05:00";"RJ";101;66;"CAMPOS DOS GOYTACAZES";"Ingestão de Álcool";"Colisão traseira";"Sem Vítimas";"Plena Noite";"Crescente";"Céu Claro";"Simples";"Reta";"Sim";2;0;0;0;2;0;0;2;-21,76090387;-41,34788959;"SPRF-RJ";"DEL08-RJ";"UOP02-DEL08-RJ"
299500;2020-08-04;"terça-feira";"22:50:00";"PR";277;590,5;"CASCAVEL";"Ingestão de Álcool";"Colisão traseira";"Com Vítimas Feridas";"Plena Noite";"Decrescente";"Céu Claro";"Simples";"Reta";"Sim";5;0;3;0;2;0;3;2;-24,98289106;-53,45989421;"SPRF-PR";"DEL04-PR";"UOP01-DEL04-PR"
299501;2020-08-05;"quarta-feira";"23:00:00";"ES";101;66;"SAO MATEUS";"Ingestão de Álcool";"Colisão traseira";"Com Vítimas Feridas";"Plena Noite";"Decrescente";"Garoa/Chuvisco";"Simples";"Reta";"Sim";3;0;0;2;1;0;2;3;-18,7165195;-39,87436378;"SPRF-ES";"DEL04-ES";"UOP02-DEL04-ES"
299502;2020-08-04;"terça-feira";"23:30:00";"PR";277;602,9;"CASCAVEL";"Velocidade Incompatível";"Saída de leito carroçável";"Com Vítimas Feridas";"Plena Noite";"Crescente";"Céu Claro";"Dupla";"Reta";"Não";1;0;1;0;0;0;1;1;-25,00282;-53,523851;"SPRF-PR";"DEL05-PR";"UOP02-DEL05-PR"
299503;2020-07-15;"quarta-feira";"09:10:00";"PA";230;95;"SAO JOAO DO ARAGUAIA";"Desobediência às normas de trânsito pelo condutor";"Colisão transversal";"Com Vítimas Fatais";"Pleno dia";"Decrescente";"Sol";"Simples";"Reta;Aclive";"Não";7;1;1;1;4;0;2;2;-5,43858314;-48,91785912;"SPRF-PA";"DEL03-PA";"UOP01-DEL03-PA"
299504;2020-08-04;"terça-feira";"23:30:00";"RR";174;500;"BOA VISTA";"Ingestão de Álcool";"Colisão traseira";"Com Vítimas Feridas";"Plena Noite";"Decrescente";"Nublado";"Dupla";"Reta";"Não";4;0;1;0;3;0;1;2;2,776633;-60,708858;"SPRF-RR";"DEL01-RR";"UOP01-DEL01-RR"
299512;2020-08-05;"quarta-feira";"03:15:00";"GO";153;693;"ITUMBIARA";"Condutor Dormindo";"Saída de leito carroçável";"Com Vítimas Feridas";"Plena Noite";"Decrescente";"Céu Claro";"Dupla";"Reta";"Não";1;0;1;0;0;0;1;1;-18,3266144;-49,2267439;"SPRF-GO";"DEL03-GO";"UOP02-DEL03-GO"
299514;2020-08-05;"quarta-feira";"03:28:00";"RS";287;358,3;"JAGUARI";"Objeto estático sobre o leito carroçável";"Colisão com objeto estático";"Sem Vítimas";"Plena Noite";"Decrescente";"Céu Claro";"Simples";"Reta";"Não";1;0;0;0;1;0;0;1;-29,4664141;-54,70986205;"SPRF-RS";"DEL12-RS";"UOP02-DEL12-RS"
299516;2020-08-05;"quarta-feira";"04:20:00";"PB";101;84,7;"BAYEUX";"Falta de Atenção do Pedestre";"Atropelamento de Pedestre";"Sem Vítimas";"Pleno dia";"Decrescente";"Garoa/Chuvisco";"Dupla";"Reta";"Sim";4;0;0;0;3;1;0;2;-7,13957906;-34,92312806;"SPRF-PB";"DEL01-PB";"UOP01-DEL01-PB"
299518;2020-08-04;"terça-feira";"18:00:00";"BA";101;877;"TEIXEIRA DE FREITAS";"Falta de Atenção à Condução";"Queda de ocupante de veículo";"Com Vítimas Feridas";"Plena Noite";"Decrescente";"Chuva";"Simples";"Reta";"Sim";1;0;0;1;0;0;1;1;-17,53907341;-39,7148969;"SPRF-BA";"DEL09-BA";"UOP02-DEL09-BA"
299519;2020-08-05;"quarta-feira";"06:50:00";"DF";60;9,7;"BRASILIA";"Restrição de Visibilidade";"Engavetamento";"Com Vítimas Feridas";"Pleno dia";"Decrescente";"Céu Claro";"Dupla";"Reta;Declive;Viaduto";"Não";5;0;2;0;3;0;2;3;-15,90808872;-48,14482917;"SPRF-DF";"DEL03-DF";"UOP01-DEL03-DF"
299520;2020-08-05;"quarta-feira";"06:40:00";"SC";470;51,4;"BLUMENAU";"Sinalização da via insuficiente ou inadequada";"Colisão lateral";"Com Vítimas Feridas";"Pleno dia";"Crescente";"Nublado";"Simples";"Em Obras";"Não";2;0;1;0;1;0;1;2;-26,862339;-49,084038;"SPRF-SC";"DEL04-SC";"UOP01-DEL04-SC"
299521;2020-08-05;"quarta-feira";"06:15:00";"ES";262;0,8;"CARIACICA";"Desobediência às normas de trânsito pelo condutor";"Colisão com objeto estático";"Com Vítimas Feridas";"Pleno dia";"Crescente";"Nublado";"Dupla";"Reta";"Não";6;0;6;0;0;0;6;1;-20,32692111;-40,35518646;"SPRF-ES";"DEL01-ES";"UOP01-DEL01-ES"
299522;2020-08-05;"quarta-feira";"07:10:00";"DF";60;10;"BRASILIA";"Falta de Atenção à Condução";"Queda de ocupante de veículo";"Com Vítimas Feridas";"Amanhecer";"Decrescente";"Céu Claro";"Dupla";"Reta";"Não";3;0;1;0;2;0;1;2;-15,909476;-48,149597;"SPRF-DF";"DEL03-DF";"UOP01-DEL03-DF"
299523;2020-08-05;"quarta-feira";"06:55:00";"RS";386;34,7;"FREDERICO WESTPHALEN";"Falta de Atenção à Condução";"Colisão transversal";"Com Vítimas Feridas";"Amanhecer";"Decrescente";"Céu Claro";"Simples";"Reta";"Sim";2;0;0;1;1;0;1;2;-27,365112;-53,394897;"SPRF-RS";"DEL08-RS";"UOP02-DEL08-RS"
299524;2020-08-05;"quarta-feira";"07:00:00";"MG";40;522;"CONTAGEM";"Falta de Atenção à Condução";"Colisão traseira";"Com Vítimas Feridas";"Pleno dia";"Crescente";"Céu Claro";"Dupla";"Reta";"Sim";3;0;1;1;1;0;2;2;-19,8638731;-44,06749809;"SPRF-MG";"DEL01-MG";"UOP02-DEL01-MG"
299525;2020-08-05;"quarta-feira";"07:05:00";"ES";101;150,4;"LINHARES";"Falta de Atenção à Condução";"Colisão lateral";"Com Vítimas Feridas";"Pleno dia";"Crescente";"Nublado";"Múltipla";"Interseção de Vias";"Sim";2;0;1;0;1;0;1;2;-19,40436634;-40,06078896;"SPRF-ES";"DEL04-ES";"UOP01-DEL04-ES"
299528;2020-08-05;"quarta-feira";"07:40:00";"RS";116;144;"CAXIAS DO SUL";"Falta de Atenção à Condução";"Colisão lateral";"Com Vítimas Feridas";"Amanhecer";"Decrescente";"Céu Claro";"Dupla";"Curva";"Sim";2;0;1;0;1;0;1;2;-29,1267449;-51,12768983;"SPRF-RS";"DEL05-RS";"UOP01-DEL05-RS"
299530;2020-08-05;"quarta-feira";"07:50:00";"SC";101;212;"PALHOCA";"Falta de Atenção à Condução";"Queda de ocupante de veículo";"Com Vítimas Feridas";"Pleno dia";"Decrescente";"Céu Claro";"Múltipla";"Reta";"Não";3;0;2;0;1;0;2;3;-27,62996929;-48,65903871;"SPRF-SC";"DEL01-SC";"UOP02-DEL01-SC"