"id";"data_inversa";"dia_semana";"horario";"uf";"br";"km";"municipio";"causa_acidente";"tipo_acidente";"classificacao_acidente";"fase_dia";"sentido_via";"condicao_metereologica";"tipo_pista";"tracado_via";"uso_solo";"pessoas";"mortos";"feridos_leves";"feridos_graves";"ilesos";"ignorados";"feridos";"veiculos";"latitude";"longitude";"regional";"delegacia";"uop"
299798;2020-08-06;"quinta-feira";"17:20:00";"SC";470;52,5;"BLUMENAU";"Desobediência às normas de trânsito pelo condutor";"Colisão transversal";"Com Vítimas Feridas";"Pleno dia";"Crescente";"Céu Claro";"Simples";"Interseção de Vias;Em Obras";"Sim";2;0;2;0;0;0;2;2;-26,862286;-49,093903;"SPRF-SC";"DEL04-SC";"UOP01-DEL04-SC"
299800;2020-08-06;"quinta-feira";"17:50:00";"SE";235;3,7;"NOSSA SENHORA DO SOCORRO";"Desobediência às normas de trânsito pelo condutor";"Colisão transversal";"Com Vítimas Feridas";"Plena Noite";"Decrescente";"Nublado";"Dupla";"Reta";"Não";3;0;1;0;1;1;1;3;-10,9064;-37,1197;"SPRF-SE";"DEL01-SE";"UOP01-DEL01-SE"
299801;2020-08-06;"quinta-feira";"16:10:00";"PR";277;430;"VIRMOND";"Ingestão de Álcool";"Colisão transversal";"Sem Vítimas";"Pleno dia";"Crescente";"Céu Claro";"Simples";"Reta";"Sim";2;0;0;0;2;0;0;2;-25,3784;-52,202767;"SPRF-PR";"DEL04-PR";"UOP02-DEL04-PR"
299803;2020-08-06;"quinta-feira";"18:10:00";"RJ";116;133;"MAGE";"Falta de Atenção do Pedestre";"Atropelamento de Pedestre";"Com Vítimas Feridas";"Plena Noite";"Decrescente";"Céu Claro";"Dupla";"Reta";"Não";4;0;4;0;0;0;4;3;-22,65418284;-43,14382995;"SPRF-RJ";"DEL04-RJ";"UOP02-DEL04-RJ"
299804;2020-08-06;"quinta-feira";"10:10:00";"MG";381;508;"SAO JOAQUIM DE BICAS";"Defeito Mecânico no Veículo";"Incêndio";"Sem Vítimas";"Pleno dia";"Crescente";"Céu Claro";"Simples";"Reta";"Sim";1;0;0;0;1;0;0;1;-20,06277698;-44,29329002;"SPRF-MG";"DEL01-MG";"UOP03-DEL01-MG"
299806;2020-08-06;"quinta-feira";"18:00:00";"MG";40;509;"RIBEIRAO DAS NEVES";"Falta de Atenção do Pedestre";"Atropelamento de Pedestre";"Com Vítimas Feridas";"Anoitecer";"Decrescente";"Céu Claro";"Dupla";"Reta";"Sim";2;0;1;1;0;0;2;2;-19,76728744;-44,12855905;"SPRF-MG";"DEL01-MG";"UOP02-DEL01-MG"
299808;2020-08-06;"quinta-feira";"18:10:00";"SC";101;200,4;"SAO JOSE";"Falta de Atenção à Condução";"Colisão transversal";"Com Vítimas Feridas";"Plena Noite";"Crescente";"Céu Claro";"Dupla";"Reta";"Sim";1;0;1;0;0;0;1;1;-27,54018513;-48,62287714;"SPRF-SC";"DEL01-SC";"UOP01-DEL01-SC"
299810;2020-08-06;"quinta-feira";"18:40:00";"RN";101;108;"PARNAMIRIM";"Falta de Atenção à Condução";"Colisão traseira";"Sem Vítimas";"Plena Noite";"Crescente";"Céu Claro";"Múltipla";"Reta";"Sim";2;0;0;0;2;0;0;2;-5,92825102;-35,26465683;"SPRF-RN";"DEL01-RN";"UOP01-DEL01-RN"
299813;2020-08-06;"quinta-feira";"18:25:00";"RS";448;18;"CANOAS";"Velocidade Incompatível";"Colisão com objeto estático";"Com Vítimas Feridas";"Plena Noite";"Crescente";"Céu Claro";"Dupla";"Reta";"Sim";1;0;1;0;0;0;1;1;-29,944614;-51,204464;"SPRF-RS";"DEL01-RS";"UOP01-DEL01-RS"
299814;2020-08-06;"quinta-feira";"18:00:00";"MG";40;510;"RIBEIRAO DAS NEVES";"Falta de Atenção à Condução";"Engavetamento";"Sem Vítimas";"Plena Noite";"Decrescente";"Céu Claro";"Dupla";"Reta";"Não";3;0;0;0;3;0;0;3;-19,77463885;-44,12321882;"SPRF-MG";"DEL01-MG";"UOP02-DEL01-MG"
299815;2020-08-06;"quinta-feira";"18:50:00";"SP";116;290;"ITAPECERICA DA SERRA";"Falta de Atenção à Condução";"Tombamento";"Com Vítimas Feridas";"Anoitecer";"Crescente";"Céu Claro";"Dupla";"Declive;Curva";"Sim";1;0;1;0;0;0;1;1;-23,7303281;-46,89425963;"SPRF-SP";"DEL04-SP";"UOP01-DEL04-SP"
299816;2020-08-06;"quinta-feira";"18:50:00";"SC";280;241;"CANOINHAS";"Animais na Pista";"Colisão traseira";"Com Vítimas Feridas";"Plena Noite";"Crescente";"Céu Claro";"Simples";"Reta";"Não";2;0;0;1;1;0;1;2;-26,22501599;-50,45997601;"SPRF-SC";"DEL06-SC";"UOP04-DEL06-SC"
299817;2020-08-06;"quinta-feira";"18:20:00";"RS";158;334;"SANTA MARIA";"Falta de Atenção à Condução";"Danos eventuais";"Com Vítimas Feridas";"Anoitecer";"Crescente";"Céu Claro";"Simples";"Reta";"Sim";2;0;0;1;1;0;1;2;-29,70827316;-53,85756792;"SPRF-RS";"DEL09-RS";"UOP01-DEL09-RS"
299821;2020-08-06;"quinta-feira";"19:30:00";"BA";324;618;"SALVADOR";"Desobediência às normas de trânsito pelo condutor";"Colisão com objeto estático";"Com Vítimas Feridas";"Plena Noite";"Decrescente";"Nublado";"Dupla";"Reta";"Não";3;0;1;0;2;0;1;3;-12,90282279;-38,45365967;"SPRF-BA";"DEL01-BA";"UOP01-DEL01-BA"
299823;2020-08-06;"quinta-feira";"16:00:00";"SC";116;179;"SAO CRISTOVAO DO SUL";"Ingestão de Álcool";"Capotamento";"Sem Vítimas";"Pleno dia";"Decrescente";"Céu Claro";"Simples";"Aclive";"Sim";1;0;0;0;1;0;0;1;-27,26274894;-50,44460298;"SPRF-SC";"DEL05-SC";"UOP03-DEL05-SC"
299825;2020-08-06;"quinta-feira";"19:50:00";"SP";116;185;"SANTA ISABEL";"Objeto estático sobre o leito carroçável";"Colisão com objeto estático";"Sem Vítimas";"Plena Noite";"Decrescente";"Céu Claro";"Dupla";"Reta";"Não";1;0;0;0;1;0;0;1;-23,35176424;-46,18966001;"SPRF-SP";"DEL02-SP";"UOP01-DEL02-SP"
299826;2020-08-06;"quinta-feira";"19:15:00";"AL";104;34,8;"UNIAO DOS PALMARES";"Falta de Atenção à Condução";"Colisão lateral";"Com Vítimas Feridas";"Plena Noite";"Crescente";"Chuva";"Simples";"Reta";"Não";2;0;0;1;1;0;1;2;-9,15381;-36,01296413;"SPRF-AL";"DEL01-AL";"UOP02-DEL01-AL"
299827;2020-08-06;"quinta-feira";"18:40:00";"PR";163;275;"QUATRO PONTES";"Objeto estático sobre o leito carroçável";"Saída de leito carroçável";"Com Vítimas Feridas";"Plena Noite";"Crescente";"Céu Claro";"Dupla";"Reta";"Não";1;0;1;0;0;0;1;1;-24,61125308;-53,95455801;"SPRF-PR";"DEL06-PR";"UOP02-DEL06-PR"
299829;2020-08-06;"quinta-feira";"18:20:00";"PR";116;20;"CAMPINA GRANDE DO SUL";"Desobediência às normas de trânsito pelo condutor";"Capotamento";"Sem Vítimas";"Anoitecer";"Crescente";"Céu Claro";"Simples";"Reta";"Não";1;0;0;0;1;0;0;1;-25,100648;-48,729166;"SPRF-PR";"DEL01-PR";"UOP02-DEL01-PR"
299830;2020-08-06;"quinta-feira";"19:50:00";"SE";235;5,8;"NOSSA SENHORA DO SOCORRO";"Falta de Atenção à Condução";"Queda de ocupante de veículo";"Com Vítimas Feridas";"Plena Noite";"Crescente";"Céu Claro";"Dupla";"Reta";"Sim";1;0;1;0;0;0;1;1;-10,9041;-37,1278;"SPRF-SE";"DEL01-SE";"UOP01-DEL01-SE"
299831;2020-08-06;"quinta-feira";"19:30:00";"BA";110;369,3;"CATU";"Falta de Atenção do Pedestre";"Atropelamento de Pedestre";"Com Vítimas Fatais";"Plena Noite";"Crescente";"Nublado";"Simples";"Reta";"Sim";2;1;0;0;1;0;0;2;-12,37430476;-38,38456046;"SPRF-BA";"DEL01-BA";"UOP04-DEL01-BA"
299832;2020-08-06;"quinta-feira";"20:15:00";"MG";365;623,5;"UBERLANDIA";"Falta de Atenção à Condução";"Queda de ocupante de veículo";"Com Vítimas Feridas";"Plena Noite";"Crescente";"Céu Claro";"Dupla";"Reta";"Sim";2;0;1;0;0;1;1;2;-18,904996;-48,288933;"SPRF-MG";"DEL15-MG";"UOP01-DEL15-MG"
299834;2020-08-06;"quinta-feira";"19:40:00";"AP";210;3;"MACAPA";"Falta de Atenção à Condução";"Colisão lateral";"Com Vítimas Feridas";"Plena Noite";"Crescente";"Céu Claro";"Simples";"Reta";"Sim";4;0;2;0;2;0;2;2;0,08282017;-51,07776189;"SPRF-AP";"DEL01-AP";"UOP01-DEL01-AP"
299835;2020-08-06;"quinta-feira";"21:00:00";"RN";304;41;"MOSSORO";"Ingestão de Álcool";"Saída de leito carroçável";"Com Vítimas Feridas";"Plena Noite";"Decrescente";"Céu Claro";"Dupla";"Reta";"Não";1;0;1;0;0;0;1;1;-5,20483515;-37,37615746;"SPRF-RN";"DEL04-RN";"UOP01-DEL04-RN"
299837;2020-08-06;"quinta-feira";"20:02:00";"RJ";101;80;"CAMPOS DOS GOYTACAZES";"Desobediência às normas de trânsito pelo condutor";"Colisão frontal";"Com Vítimas Feridas";"Plena Noite";"Decrescente";"Céu Claro";"Simples";"Reta";"Sim";4;0;2;0;1;1;2;2;-21,83453437;-41,43797909;"SPRF-RJ";"DEL08-RJ";"UOP02-DEL08-RJ"
299838;2020-08-06;"quinta-feira";"09:40:00";"MA";222;603;"ACAILANDIA";"Defeito na Via";"Capotamento";"Com Vítimas Feridas";"Pleno dia";"Crescente";"Céu Claro";"Simples";"Curva";"Não";1;0;0;1;0;0;1;1;-4,66563904;-46,97092894;"SPRF-MA";"DEL04-MA";"UOP03-DEL04-MA"
299839;2020-08-06;"quinta-feira";"18:30:00";"PR";277;555,8;"CASCAVEL";"Desobediência às normas de trânsito pelo condutor";"Colisão lateral";"Sem Vítimas";"Anoitecer";"Decrescente";"Céu Claro";"Simples";"Reta";"Não";2;0;0;0;2;0;0;2;-25,08553724;-53,16914891;"SPRF-PR";"DEL04-PR";"UOP01-DEL04-PR"
299840;2020-08-06;"quinta-feira";"17:40:00";"SE";235;5,8;"NOSSA SENHORA DO SOCORRO";"Falta de Atenção à Condução";"Colisão traseira";"Com Vítimas Feridas";"Plena Noite";"Crescente";"Céu Claro";"Dupla";"Reta";"Sim";3;0;1;0;1;1;1;2;-10,9041;-37,1278;"SPRF-SE";"DEL01-SE";"UOP01-DEL01-SE"
299841;2020-08-06;"quinta-feira";"20:20:00";"SC";470;168,7;"POUSO REDONDO";"Ingestão de Álcool";"Colisão frontal";"Com Vítimas Feridas";"Plena Noite";"Crescente";"Céu Claro";"Simples";"Reta";"Sim";5;0;4;0;1;0;4;2;-27,266994;-49,872524;"SPRF-SC";"DEL04-SC";"UOP02-DEL04-SC"
299842;2020-08-06;"quinta-feira";"16:30:00";"MG";40;511;"RIBEIRAO DAS NEVES";"Falta de Atenção à Condução";"Saída de leito carroçável";"Sem Vítimas";"Pleno dia";"Decrescente";"Céu Claro";"Dupla";"Reta";"Sim";1;0;0;0;1;0;0;1;-19,78164295;-44,11733194;"SPRF-MG";"DEL01-MG";"UOP02-DEL01-MG"
299844;2020-08-06;"quinta-feira";"20:45:00";"SC";470;15;"NAVEGANTES";"Desobediência às normas de trânsito pelo condutor";"Saída de leito carroçável";"Com Vítimas Feridas";"Plena Noite";"Decrescente";"Céu Claro";"Simples";"Reta";"Não";2;0;0;1;1;0;1;2;-26,839785;-48,785534;"SPRF-SC";"DEL04-SC";"UOP04-DEL04-SC"
299846;2020-08-06;"quinta-feira";"20:00:00";"RJ";493;105;"SEROPEDICA";"Sinalização da via insuficiente ou inadequada";"Colisão com objeto estático";"Com Vítimas Feridas";"Plena Noite";"Decrescente";"Céu Claro";"Dupla";"Reta";"Não";1;0;1;0;0;0;1;1;-22,78011856;-43,74954343;"SPRF-RJ";"DEL03-RJ";"UOP01-DEL03-RJ"
299847;2020-08-06;"quinta-feira";"21:20:00";"RN";226;110,3;"SANTA CRUZ";"Desobediência às normas de trânsito pelo condutor";"Colisão frontal";"Com Vítimas Feridas";"Plena Noite";"Decrescente";"Céu Claro";"Simples";"Interseção de Vias";"Sim";3;0;2;0;1;0;2;2;-6,23557582;-36,01208682;"SPRF-RN";"DEL03-RN";"UOP02-DEL03-RN"
299848;2020-08-06;"quinta-feira";"16:00:00";"PA";222;100,3;"RONDON DO PARA";"Ultrapassagem Indevida";"Colisão frontal";"Com Vítimas Fatais";"Pleno dia";"Decrescente";"Céu Claro";"Simples";"Curva";"Não";2;1;0;0;1;0;0;2;-4,74617;-48,02918;"SPRF-PA";"DEL02-PA";"UOP02-DEL02-PA"
299853;2020-08-06;"quinta-feira";"22:00:00";"PR";376;126,3;"ALTO PARANA";"Ingestão de Álcool";"Atropelamento de Pedestre";"Com Vítimas Fatais";"Plena Noite";"Decrescente";"Céu Claro";"Dupla";"Reta";"Não";2;1;0;0;0;1;0;2;-23,15542233;-52,26667625;"SPRF-PR";"DEL09-PR";"UOP02-DEL09-PR"
299854;2020-08-06;"quinta-feira";"23:00:00";"PR";277;106,5;"CAMPO LARGO";"Ingestão de Álcool";"Tombamento";"Com Vítimas Feridas";"Plena Noite";"Decrescente";"Céu Claro";"Dupla";"Reta";"Não";1;0;1;0;0;0;1;1;-25,47984808;-49,3494472;"SPRF-PR";"DEL01-PR";"UOP01-DEL01-PR"
299855;2020-08-06;"quinta-feira";"08:00:00";"RO";364;336,4;"JI-PARANA";"Falta de Atenção à Condução";"Saída de leito carroçável";"Com Vítimas Feridas";"Pleno dia";"Crescente";"Céu Claro";"Simples";"Reta";"Não";3;0;3;0;0;0;3;1;-10,934878;-61,92951078;"SPRF-RO";"DEL02-RO";"UOP01-DEL02-RO"
299856;2020-08-06;"quinta-feira";"22:45:00";"RJ";116;176;"NOVA IGUACU";"Ingestão de Álcool";"Colisão traseira";"Com Vítimas Feridas";"Plena Noite";"Crescente";"Céu Claro";"Múltipla";"Reta";"Sim";2;0;1;0;1;0;1;2;-22,7583995;-43,4290213;"SPRF-RJ";"DEL01-RJ";"UOP02-DEL01-RJ"
299860;2020-08-06;"quinta-feira";"21:30:00";"RS";470;216,9;"BENTO GONCALVES";"Velocidade Incompatível";"Colisão com objeto estático";"Sem Vítimas";"Plena Noite";"Crescente";"Céu Claro";"Dupla";"Reta";"Sim";2;0;0;0;2;0;0;1;-29,15887096;-51,53142395;"SPRF-RS";"DEL06-RS";"UOP01-DEL06-RS"
299863;2020-08-07;"sexta-feira";"00:05:00";"RO";364;706;"PORTO VELHO";"Animais na Pista";"Atropelamento de Animal";"Sem Vítimas";"Plena Noite";"Crescente";"Céu Claro";"Múltipla";"Reta";"Não";5;0;0;0;5;0;0;1;-8,80030539;-63,823428;"SPRF-RO";"DEL01-RO";"UOP01-DEL01-RO"
299864;2020-08-07;"sexta-feira";"01:30:00";"PR";277;670;"MEDIANEIRA";"Ingestão de Álcool";"Saída de leito carroçável";"Com Vítimas Feridas";"Plena Noite";"Crescente";"Céu Claro";"Dupla";"Reta";"Sim";1;0;1;0;0;0;1;1;-25,28079012;-54,08043623;"SPRF-PR";"DEL05-PR";"UOP02-DEL05-PR"
299865;2020-08-06;"quinta-feira";"22:50:00";"RS";116;37,7;"VACARIA";"Desobediência às normas de trânsito pelo condutor";"Colisão transversal";"Com Vítimas Feridas";"Plena Noite";"Crescente";"Céu Claro";"Simples";"Reta;Interseção de Vias";"Sim";3;0;1;0;1;1;1;3;-28,49871957;-50,9176864;"SPRF-RS";"DEL05-RS";"UOP03-DEL05-RS"
299867;2020-08-07;"sexta-feira";"01:30:00";"MT";163;943;"ITAUBA";"Desobediência às normas de trânsito pelo condutor";"Capotamento";"Com Vítimas Fatais";"Plena Noite";"Decrescente";"Céu Claro";"Simples";"Reta";"Não";1;1;0;0;0;0;0;1;-10,95307131;-55,21698567;"SPRF-MT";"DEL06-MT";"NPF/DEL06-MT"
299870;2020-08-07;"sexta-feira";"03:20:00";"BA";407;6;"JUAZEIRO";"Ingestão de Álcool";"Colisão com objeto estático";"Com Vítimas Feridas";"Plena Noite";"Decrescente";"Céu Claro";"Dupla";"Curva";"Sim";1;0;0;1;0;0;1;1;-9,45595491;-40,48655981;"SPRF-PE";"DEL06-PE";"UOP01-DEL06-PE"
299871;2020-08-06;"quinta-feira";"20:15:00";"MA";135;4;"SAO LUIS";"Desobediência às normas de trânsito pelo condutor";"Atropelamento de Pedestre";"Com Vítimas Fatais";"Plena Noite";"Crescente";"Céu Claro";"Dupla";"Reta";"Sim";2;1;0;0;0;1;0;2;-2,61424881;-44,25257023;"SPRF-MA";"DEL01-MA";"UOP01-DEL01-MA"
299872;2020-08-06;"quinta-feira";"07:30:00";"MA";135;2;"SAO LUIS";"Não guardar distância de segurança";"Colisão traseira";"Com Vítimas Feridas";"Pleno dia";"Decrescente";"Céu Claro";"Dupla";"Reta";"Sim";2;0;1;0;1;0;1;2;-2,59806699;-44,24573511;"SPRF-MA";"DEL01-MA";"UOP01-DEL01-MA"
299873;2020-08-07;"sexta-feira";"04:45:00";"PE";101;35;"ITAPISSUMA";"Objeto estático sobre o leito carroçável";"Colisão com objeto estático";"Com Vítimas Feridas";"Amanhecer";"Decrescente";"Céu Claro";"Dupla";"Reta";"Não";1;0;1;0;0;0;1;1;-7,77952193;-34,93231384;"SPRF-PE";"DEL01-PE";"UOP02-DEL01-PE"
299875;2020-08-07;"sexta-feira";"05:30:00";"BA";242;827;"BARREIRAS";"Falta de Atenção à Condução";"Colisão frontal";"Com Vítimas Fatais";"Amanhecer";"Crescente";"Céu Claro";"Simples";"Reta";"Não";5;1;4;0;0;0;4;2;-12,110147;-45,285255;"SPRF-BA";"DEL10-BA";"UOP01-DEL10-BA"
299876;2020-08-07;"sexta-feira";"06:00:00";"SP";116;201;"ARUJA";"Pista Escorregadia";"Queda de ocupante de veículo";"Sem Vítimas";"Amanhecer";"Decrescente";"Céu Claro";"Simples";"Curva";"Sim";1;0;0;0;0;1;0;1;-23,40362877;-46,33050107;"SPRF-SP";"DEL01-SP";"UOP01-DEL01-SP"
299881;2020-08-07;"sexta-feira";"06:15:00";"PR";376;175,6;"MARINGA";"Falta de Atenção à Condução";"Colisão lateral";"Com Vítimas Feridas";"Amanhecer";"Decrescente";"Céu Claro";"Dupla";"Reta";"Sim";2;0;1;0;1;0;1;2;-23,4113569;-51,9407767;"SPRF-PR";"DEL09-PR";"UOP01-DEL09-PR"
299882;2020-02-28;"sexta-feira";"20:28:00";"RJ";116;217;"PARACAMBI";"Pista Escorregadia";"Saída de leito carroçável";"Com Vítimas Feridas";"Plena Noite";"Decrescente";"Chuva";"Múltipla";"Reta";"Não";5;0;1;0;4;0;1;1;-22,70206801;-43,74864201;"SPRF-RJ";"DEL01-RJ";"UOP03-DEL01-RJ"
299883;2020-08-07;"sexta-feira";"06:40:00";"SC";470;18,3;"ILHOTA";"Falta de Atenção à Condução";"Colisão lateral";"Com Vítimas Feridas";"Pleno dia";"Crescente";"Nevoeiro/Neblina";"Simples";"Reta";"Não";2;0;0;1;1;0;1;2;-26,855534;-48,808922;"SPRF-SC";"DEL04-SC";"UOP04-DEL04-SC"
299884;2020-08-07;"sexta-feira";"07:00:00";"SP";116;213;"GUARULHOS";"Falta de Atenção à Condução";"Colisão com objeto estático";"Com Vítimas Feridas";"Pleno dia";"Crescente";"Céu Claro";"Múltipla";"Reta";"Sim";1;0;1;0;0;0;1;1;-23,43971486;-46,43667806;"SPRF-SP";"DEL01-SP";"UOP01-DEL01-SP"
299885;2020-08-07;"sexta-feira";"05:50:00";"RJ";116;144;"DUQUE DE CAXIAS";"Pista Escorregadia";"Queda de ocupante de veículo";"Com Vítimas Feridas";"Amanhecer";"Crescente";"Céu Claro";"Simples";"Curva";"Não";2;0;0;1;1;0;1;1;-22,67154627;-43,28719681;"SPRF-RJ";"DEL01-RJ";"UOP01-DEL01-RJ"
299886;2020-08-07;"sexta-feira";"06:55:00";"GO";50;286;"CATALAO";"Falta de Atenção à Condução";"Colisão transversal";"Com Vítimas Feridas";"Pleno dia";"Crescente";"Céu Claro";"Dupla";"Reta;Interseção de Vias";"Sim";2;0;1;0;1;0;1;2;-18,2203;-47,9704;"SPRF-GO";"DEL06-GO";"UOP01-DEL06-GO"
299887;2020-08-07;"sexta-feira";"07:00:00";"DF";70;5,1;"BRASILIA";"Falta de Atenção à Condução";"Colisão lateral";"Com Vítimas Feridas";"Pleno dia";"Decrescente";"Céu Claro";"Dupla";"Reta";"Sim";5;0;1;0;4;0;1;3;-15,794656;-48,096779;"SPRF-DF";"DEL03-DF";"UOP02-DEL03-DF"
299889;2020-08-07;"sexta-feira";"07:20:00";"PR";277;584;"CASCAVEL";"Não guardar distância de segurança";"Engavetamento";"Com Vítimas Feridas";"Pleno dia";"Decrescente";"Céu Claro";"Simples";"Reta";"Sim";3;0;1;0;2;0;1;3;-24,96684176;-53,40258186;"SPRF-PR";"DEL04-PR";"UOP01-DEL04-PR"
299890;2020-07-23;"quinta-feira";"06:32:00";"PR";476;140,9;"CURITIBA";"Não guardar distância de segurança";"Colisão traseira";"Com Vítimas Feridas";"Pleno dia";"Crescente";"Ignorado";"Múltipla";"Reta";"Sim";2;0;1;0;0;1;1;2;-25,5274458;-49,29821849;"SPRF-PR";"DEL01-PR";"UOP03-DEL01-PR"
299891;2020-08-07;"sexta-feira";"08:00:00";"SP";116;213;"GUARULHOS";"Falta de Atenção à Condução";"Queda de ocupante de veículo";"Com Vítimas Feridas";"Pleno dia";"Crescente";"Céu Claro";"Múltipla";"Reta";"Não";2;0;1;0;1;0;1;1;-23,43971486;-46,43667806;"SPRF-SP";"DEL01-SP";"UOP01-DEL01-SP"
299892;2020-08-07;"sexta-feira";"07:40:00";"SE";101;149,8;"ESTANCIA";"Falta de Atenção à Condução";"Colisão lateral";"Com Vítimas Feridas";"Pleno dia";"Crescente";"Nublado";"Simples";"Reta";"Sim";3;0;1;0;1;1;1;3;-11,24076315;-37,43120873;"SPRF-SE";"DEL02-SE";"UOP01-DEL02-SE"
299894;2020-08-07;"sexta-feira";"05:40:00";"GO";60;315;"ACREUNA";"Velocidade Incompatível";"Colisão traseira";"Com Vítimas Feridas";"Amanhecer";"Decrescente";"Céu Claro";"Dupla";"Reta";"Não";4;0;2;0;0;2;2;3;-17,477706;-50,442253;"SPRF-GO";"DEL04-GO";"UOP01-DEL04-GO"
299895;2020-08-07;"sexta-feira";"07:20:00";"PR";369;133;"IBIPORA";"Animais na Pista";"Atropelamento de Animal";"Com Vítimas Feridas";"Amanhecer";"Crescente";"Céu Claro";"Dupla";"Reta";"Sim";1;0;1;0;0;0;1;1;-23,26033703;-51,00922644;"SPRF-PR";"DEL07-PR";"UOP01-DEL07-PR"
299896;2020-08-07;"sexta-feira";"08:15:00";"RN";406;150,2;"CEARA-MIRIM";"Falta de Atenção à Condução";"Colisão transversal";"Com Vítimas Feridas";"Pleno dia";"Crescente";"Céu Claro";"Simples";"Reta";"Sim";2;0;1;0;1;0;1;2;-5,64974982;-35,43234997;"SPRF-RN";"DEL02-RN";"UOP01-DEL02-RN"
299897;2020-08-07;"sexta-feira";"08:01:00";"PE";316;22;"ARARIPINA";"Desobediência às normas de trânsito pelo condutor";"Colisão transversal";"Com Vítimas Feridas";"Pleno dia";"Decrescente";"Céu Claro";"Simples";"Interseção de Vias";"Sim";3;0;0;1;2;0;1;2;-7,57652042;-40,5155611;"SPRF-PE";"DEL05-PE";"UOP02-DEL05-PE"
299898;2020-08-07;"sexta-feira";"07:56:00";"CE";116;20,7;"FORTALEZA";"Não guardar distância de segurança";"Colisão traseira";"Sem Vítimas";"Pleno dia";"Crescente";"Sol";"Dupla";"Reta";"Sim";2;0;0;0;2;0;0;2;-3,93070519;-38,50811005;"SPRF-CE";"DEL01-CE";"UOP02-DEL01-CE"
299899;2020-08-07;"sexta-feira";"07:20:00";"PR";153;19;"JACAREZINHO";"Desobediência às normas de trânsito pelo condutor";"Colisão transversal";"Com Vítimas Feridas";"Pleno dia";"Crescente";"Céu Claro";"Simples";"Reta";"Sim";2;0;1;0;1;0;1;2;-23,15055023;-49,95438967;"SPRF-PR";"DEL07-PR";"UOP04-DEL07-PR"
299901;2020-08-07;"sexta-feira";"08:55:00";"CE";116;4,4;"FORTALEZA";"Falta de Atenção à Condução";"Colisão traseira";"Com Vítimas Feridas";"Pleno dia";"Decrescente";"Céu Claro";"Múltipla";"Reta";"Sim";4;0;1;0;3;0;1;4;-3,791493;-38,508918;"SPRF-CE";"DEL01-CE";"UOP02-DEL01-CE"
299902;2020-08-07;"sexta-feira";"08:20:00";"RJ";356;84,9;"CARDOSO MOREIRA";"Falta de Atenção à Condução";"Saída de leito carroçável";"Com Vítimas Feridas";"Pleno dia";"Crescente";"Céu Claro";"Simples";"Curva;Declive";"Não";1;0;1;0;0;0;1;1;-21,4795004;-41,65646512;"SPRF-RJ";"DEL08-RJ";"UOP03-DEL08-RJ"
299909;2020-08-07;"sexta-feira";"08:50:00";"SP";153;63;"SAO JOSE DO RIO PRETO";"Não guardar distância de segurança";"Colisão traseira";"Com Vítimas Feridas";"Pleno dia";"Crescente";"Céu Claro";"Dupla";"Reta";"Sim";2;0;1;0;1;0;1;2;-20,82149698;-49,35764818;"SPRF-SP";"DEL09-SP";"UOP01-DEL09-SP"
299910;2020-08-07;"sexta-feira";"09:00:00";"ES";101;308;"VIANA";"Desobediência às normas de trânsito pelo condutor";"Colisão com objeto estático";"Com Vítimas Feridas";"Pleno dia";"Decrescente";"Céu Claro";"Dupla";"Reta";"Sim";1;0;1;0;0;0;1;1;-20,40809191;-40,45835336;"SPRF-ES";"DEL01-ES";"UOP01-DEL01-ES"
299911;2020-08-07;"sexta-feira";"08:50:00";"SP";116;274,3;"TABOAO DA SERRA";"Desobediência às normas de trânsito pelo condutor";"Colisão transversal";"Com Vítimas Feridas";"Pleno dia";"Decrescente";"Céu Claro";"Dupla";"Reta";"Sim";2;0;1;0;1;0;1;2;-23,63445084;-46,82418514;"SPRF-SP";"DEL04-SP";"UOP01-DEL04-SP"
299912;2020-08-07;"sexta-feira";"09:15:00";"RS";470;168;"VILA FLORES";"Desobediência às normas de trânsito pelo condutor";"Colisão transversal";"Com Vítimas Feridas";"Pleno dia";"Crescente";"Sol";"Simples";"Declive;Reta";"Sim";2;0;1;0;1;0;1;2;-28,863628;-51,553148;"SPRF-RS";"DEL06-RS";"UOP02-DEL06-RS"
299915;2020-08-07;"sexta-feira";"09:45:00";"RJ";101;64,5;"CAMPOS DOS GOYTACAZES";"Falta de Atenção à Condução";"Colisão traseira";"Sem Vítimas";"Pleno dia";"Decrescente";"Nublado";"Simples";"Reta";"Sim";3;0;0;0;3;0;0;2;-21,75235057;-41,3398093;"SPRF-RJ";"DEL08-RJ";"UOP02-DEL08-RJ"
299916;2020-08-07;"sexta-feira";"10:20:00";"SP";101;48,4;"UBATUBA";"Falta de Atenção à Condução";"Atropelamento de Pedestre";"Com Vítimas Feridas";"Pleno dia";"Decrescente";"Céu Claro";"Simples";"Reta";"Sim";2;0;1;0;0;1;1;2;-23,44186836;-45,08614182;"SPRF-SP";"DEL06-SP";"UOP01-DEL06-SP"
299917;2020-08-07;"sexta-feira";"09:05:00";"PR";153;111,8;"IBAITI";"Falta de Atenção à Condução";"Colisão transversal";"Com Vítimas Feridas";"Pleno dia";"Crescente";"Céu Claro";"Simples";"Reta";"Sim";2;0;0;1;1;0;1;2;-23,86125206;-50,19948581;"SPRF-PR";"DEL07-PR";"UOP04-DEL07-PR"