"id";"data_inversa";"dia_semana";"horario";"uf";"br";"km";"municipio";"causa_acidente";"tipo_acidente";"classificacao_acidente";"fase_dia";"sentido_via";"condicao_metereologica";"tipo_pista";"tracado_via";"uso_solo";"pessoas";"mortos";"feridos_leves";"feridos_graves";"ilesos";"ignorados";"feridos";"veiculos";"latitude";"longitude";"regional";"delegacia";"uop"
300044;2020-08-07;"sexta-feira";"18:40:00";"RJ";101;206;"CASIMIRO DE ABREU";"Falta de Atenção à Condução";"Colisão transversal";"Com Vítimas Feridas";"Plena Noite";"Crescente";"Céu Claro";"Simples";"Reta";"Sim";4;0;1;0;3;0;1;2;-22,47673341;-42,2017251;"SPRF-RJ";"DEL08-RJ";"UOP04-DEL08-RJ"
300045;2020-08-07;"sexta-feira";"19:40:00";"GO";70;7;"AGUAS LINDAS DE GOIAS";"Falta de Atenção à Condução";"Atropelamento de Pedestre";"Com Vítimas Feridas";"Plena Noite";"Decrescente";"Céu Claro";"Dupla";"Reta";"Sim";3;0;0;1;1;1;1;2;-15,74375533;-48,26779708;"SPRF-DF";"DEL03-DF";"UOP02-DEL03-DF"
300047;2020-08-07;"sexta-feira";"18:30:00";"MT";70;500;"CUIABA";"Restrição de Visibilidade";"Colisão transversal";"Com Vítimas Feridas";"Anoitecer";"Crescente";"Céu Claro";"Simples";"Reta";"Sim";4;0;1;0;3;0;1;2;-15,68206569;-55,92335686;"SPRF-MT";"DEL01-MT";"UOP02-DEL01-MT"
300048;2020-08-07;"sexta-feira";"19:10:00";"MS";262;630;"MIRANDA";"Animais na Pista";"Atropelamento de Animal";"Com Vítimas Feridas";"Plena Noite";"Crescente";"Céu Claro";"Simples";"Reta";"Não";5;0;3;2;0;0;5;1;-19,86707713;-56,88105129;"SPRF-MS";"DEL03-MS";"UOP02-DEL03-MS"
300049;2020-08-07;"sexta-feira";"20:20:00";"RS";290;82;"CACHOEIRINHA";"Falta de Atenção à Condução";"Capotamento";"Com Vítimas Feridas";"Plena Noite";"Crescente";"Céu Claro";"Múltipla";"Reta";"Não";1;0;1;0;0;0;1;1;-29,955839;-51,079105;"SPRF-RS";"DEL01-RS";"UOP01-DEL01-RS"
300050;2020-08-07;"sexta-feira";"20:30:00";"CE";116;479,9;"MILAGRES";"Falta de Atenção à Condução";"Colisão lateral";"Sem Vítimas";"Plena Noite";"Crescente";"Céu Claro";"Simples";"Reta";"Sim";2;0;0;0;2;0;0;2;-7,3023237;-38,89434008;"SPRF-CE";"DEL05-CE";"UOP03-DEL05-CE"
300051;2020-08-07;"sexta-feira";"19:00:00";"MG";50;46,3;"ARAGUARI";"Desobediência às normas de trânsito pelo condutor";"Colisão transversal";"Com Vítimas Feridas";"Plena Noite";"Decrescente";"Céu Claro";"Dupla";"Reta";"Não";2;0;0;1;1;0;1;2;-18,72016606;-48,20216392;"SPRF-MG";"DEL15-MG";"UOP02-DEL15-MG"
300053;2020-08-07;"sexta-feira";"20:15:00";"SC";101;373;"ICARA";"Falta de Atenção à Condução";"Colisão lateral";"Com Vítimas Feridas";"Plena Noite";"Decrescente";"Céu Claro";"Dupla";"Curva";"Não";2;0;2;0;0;0;2;2;-28,71715839;-49,2316407;"SPRF-SC";"DEL02-SC";"UOP01-DEL02-SC"
300054;2020-08-07;"sexta-feira";"19:30:00";"MS";163;626;"SAO GABRIEL DO OESTE";"Ingestão de Álcool";"Colisão transversal";"Com Vítimas Feridas";"Plena Noite";"Crescente";"Céu Claro";"Simples";"Reta";"Não";5;0;3;0;2;0;3;2;-19,3136279;-54,61889488;"SPRF-MS";"DEL06-MS";"UOP02-DEL06-MS"
300055;2020-08-07;"sexta-feira";"19:35:00";"SC";282;620;"IRACEMINHA";"Defeito na Via";"Queda de ocupante de veículo";"Com Vítimas Feridas";"Plena Noite";"Crescente";"Céu Claro";"Simples";"Curva";"Não";1;0;1;0;0;0;1;1;-26,79934885;-53,32884572;"SPRF-SC";"DEL07-SC";"UOP02-DEL07-SC"
300056;2020-08-07;"sexta-feira";"20:30:00";"PB";230;19;"JOAO PESSOA";"Desobediência às normas de trânsito pelo condutor";"Colisão traseira";"Com Vítimas Feridas";"Plena Noite";"Decrescente";"Céu Claro";"Dupla";"Curva";"Sim";2;0;1;0;0;1;1;2;-7,1281;-34,8466;"SPRF-PB";"DEL01-PB";"UOP01-DEL01-PB"
300057;2020-08-07;"sexta-feira";"20:40:00";"SC";101;123;"ITAJAI";"Falta de Atenção à Condução";"Colisão traseira";"Com Vítimas Feridas";"Plena Noite";"Crescente";"Céu Claro";"Dupla";"Reta";"Não";3;0;2;0;1;0;2;2;-26,93668609;-48,69876905;"SPRF-SC";"DEL04-SC";"UOP04-DEL04-SC"
300059;2020-08-07;"sexta-feira";"20:00:00";"RO";364;345;"JI-PARANA";"Falta de Atenção à Condução";"Colisão lateral";"Com Vítimas Feridas";"Plena Noite";"Decrescente";"Ignorado";"Dupla";"Reta";"Não";2;0;1;0;1;0;1;2;-10,8688113;-61,9601791;"SPRF-RO";"DEL02-RO";"UOP01-DEL02-RO"
300060;2020-08-07;"sexta-feira";"19:58:00";"RS";158;332;"SANTA MARIA";"Desobediência às normas de trânsito pelo condutor";"Colisão traseira";"Sem Vítimas";"Plena Noite";"Decrescente";"Céu Claro";"Múltipla";"Reta";"Sim";2;0;0;0;2;0;0;2;-29,7075633;-53,85413894;"SPRF-RS";"DEL09-RS";"UOP01-DEL09-RS"
300061;2020-08-07;"sexta-feira";"18:35:00";"RJ";116;83;"TERESOPOLIS";"Falta de Atenção à Condução";"Atropelamento de Pedestre";"Com Vítimas Feridas";"Plena Noite";"Decrescente";"Céu Claro";"Simples";"Reta;Viaduto";"Sim";2;0;0;1;1;0;1;2;-22,41517488;-42,95011324;"SPRF-RJ";"DEL04-RJ";"UOP01-DEL04-RJ"
300062;2020-08-07;"sexta-feira";"21:15:00";"PE";101;150;"RIBEIRAO";"Animais na Pista";"Atropelamento de Animal";"Sem Vítimas";"Plena Noite";"Decrescente";"Nublado";"Dupla";"Reta";"Não";1;0;0;0;1;0;0;1;-8,49669957;-35,38211017;"SPRF-PE";"DEL01-PE";"UOP03-DEL01-PE"
300063;2020-08-07;"sexta-feira";"20:30:00";"RS";116;425,2;"CRISTAL";"Desobediência às normas de trânsito pelo condutor";"Colisão transversal";"Com Vítimas Feridas";"Plena Noite";"Decrescente";"Nevoeiro/Neblina";"Simples";"Reta";"Sim";2;0;0;1;1;0;1;2;-30,98193093;-52,02109003;"SPRF-RS";"DEL02-RS";"UOP02-DEL02-RS"
300065;2020-08-07;"sexta-feira";"18:40:00";"RO";429;203,4;"SERINGUEIRAS";"Desobediência às normas de trânsito pelo condutor";"Tombamento";"Com Vítimas Feridas";"Plena Noite";"Crescente";"Céu Claro";"Simples";"Reta";"Não";2;0;2;0;0;0;2;1;-11,77791967;-63,07775726;"SPRF-RO";"DEL02-RO";"UOP03-DEL02-RO"
300066;2020-08-07;"sexta-feira";"20:26:00";"MT";163;687,6;"LUCAS DO RIO VERDE";"Falta de Atenção à Condução";"Colisão transversal";"Com Vítimas Feridas";"Plena Noite";"Decrescente";"Céu Claro";"Simples";"Reta";"Sim";3;0;0;1;2;0;1;2;-13,074633;-55,932326;"SPRF-MT";"DEL06-MT";"UOP01-DEL06-MT"
300068;2020-08-07;"sexta-feira";"20:05:00";"RS";293;201,9;"BAGE";"Ultrapassagem Indevida";"Saída de leito carroçável";"Com Vítimas Feridas";"Plena Noite";"Crescente";"Céu Claro";"Simples";"Reta";"Não";2;0;1;0;1;0;1;1;-31,23237175;-54,25584978;"SPRF-RS";"DEL11-RS";"UOP03-DEL11-RS"
300069;2020-08-07;"sexta-feira";"20:40:00";"SC";280;79,1;"CORUPA";"Velocidade Incompatível";"Saída de leito carroçável";"Com Vítimas Feridas";"Plena Noite";"Decrescente";"Céu Claro";"Simples";"Curva";"Não";1;0;1;0;0;0;1;1;-26,44121492;-49,21230381;"SPRF-SC";"DEL06-SC";"UOP03-DEL06-SC"
300071;2020-08-07;"sexta-feira";"18:00:00";"RJ";116;261;"BARRA MANSA";"Animais na Pista";"Atropelamento de Animal";"Com Vítimas Feridas";"Plena Noite";"Decrescente";"Céu Claro";"Múltipla";"Reta";"Não";2;0;2;0;0;0;2;2;-22,58476877;-44,05026905;"SPRF-RJ";"DEL07-RJ";"UOP02-DEL07-RJ"
300072;2020-08-07;"sexta-feira";"20:00:00";"PI";343;264;"CAMPO MAIOR";"Ultrapassagem Indevida";"Colisão frontal";"Com Vítimas Feridas";"Plena Noite";"Decrescente";"Céu Claro";"Simples";"Reta";"Sim";3;0;0;1;1;1;1;2;-4,827662;-42,162594;"SPRF-PI";"DEL01-PI";"UOP03-DEL01-PI"
300073;2020-08-07;"sexta-feira";"20:45:00";"SC";101;131,5;"BALNEARIO CAMBORIU";"Desobediência às normas de trânsito pelo condutor";"Saída de leito carroçável";"Com Vítimas Feridas";"Plena Noite";"Crescente";"Céu Claro";"Simples";"Reta";"Sim";2;0;1;0;1;0;1;2;-26,99064209;-48,66310912;"SPRF-SC";"DEL04-SC";"UOP03-DEL04-SC"
300076;2020-06-08;"segunda-feira";"06:30:00";"MS";60;415;"SIDROLANDIA";"Falta de Atenção à Condução";"Saída de leito carroçável";"Com Vítimas Feridas";"Amanhecer";"Crescente";"Céu Claro";"Simples";"Interseção de Vias";"Não";1;0;1;0;0;0;1;1;-20,8965592;-54,8693723;"SPRF-MS";"DEL01-MS";"UOP04-DEL01-MS"
300078;2020-08-07;"sexta-feira";"22:00:00";"PR";277;728;"FOZ DO IGUACU";"Ingestão de Álcool";"Colisão traseira";"Com Vítimas Feridas";"Plena Noite";"Crescente";"Céu Claro";"Dupla";"Reta";"Sim";2;0;2;0;0;0;2;2;-25,5097634;-54,57387201;"SPRF-PR";"DEL05-PR";"UOP03-DEL05-PR"
300079;2020-08-07;"sexta-feira";"21:30:00";"MT";174;4,7;"PONTES E LACERDA";"Defeito na Via";"Colisão frontal";"Com Vítimas Feridas";"Plena Noite";"Crescente";"Céu Claro";"Simples";"Reta";"Sim";2;0;0;1;1;0;1;2;-15,23314622;-59,34547305;"SPRF-MT";"DEL04-MT";"UOP01-DEL04-MT"
300081;2020-08-07;"sexta-feira";"21:36:00";"RJ";101;272;"RIO BONITO";"Desobediência às normas de trânsito pelo condutor";"Colisão lateral";"Com Vítimas Feridas";"Plena Noite";"Decrescente";"Céu Claro";"Dupla";"Curva";"Não";2;0;1;0;1;0;1;2;-22,72935968;-42,70112512;"SPRF-RJ";"DEL02-RJ";"UOP03-DEL02-RJ"
300082;2020-08-07;"sexta-feira";"19:00:00";"AC";364;134;"RIO BRANCO";"Falta de Atenção à Condução";"Colisão traseira";"Sem Vítimas";"Plena Noite";"Crescente";"Céu Claro";"Dupla";"Reta";"Sim";1;0;0;0;1;0;0;1;-9,98710962;-67,84532905;"SPRF-AC";"DEL01-AC";"UOP01-DEL01-AC"
300083;2020-08-07;"sexta-feira";"20:40:00";"MA";230;6;"BARAO DE GRAJAU";"Falta de Atenção à Condução";"Colisão com objeto estático";"Com Vítimas Feridas";"Plena Noite";"Decrescente";"Céu Claro";"Simples";"Rotatória";"Sim";2;0;1;1;0;0;2;1;-6,74245417;-43,05920207;"SPRF-PI";"DEL03-PI";"UOP01-DEL03-PI"
300084;2020-08-07;"sexta-feira";"23:20:00";"PB";101;84,1;"BAYEUX";"Desobediência às normas de trânsito pelo pedestre";"Atropelamento de Pedestre";"Com Vítimas Feridas";"Plena Noite";"Crescente";"Nublado";"Dupla";"Reta";"Sim";2;0;0;1;0;1;1;2;-7,1337703;-34,92963914;"SPRF-PB";"DEL01-PB";"UOP01-DEL01-PB"
300085;2020-08-07;"sexta-feira";"19:55:00";"PR";369;132,5;"IBIPORA";"Agressão Externa";"Capotamento";"Com Vítimas Feridas";"Plena Noite";"Decrescente";"Céu Claro";"Dupla";"Reta";"Não";1;0;0;1;0;0;1;1;-23,25964167;-51,00883484;"SPRF-PR";"DEL07-PR";"UOP01-DEL07-PR"
300089;2020-08-07;"sexta-feira";"22:20:00";"MS";163;21,4;"MUNDO NOVO";"Falta de Atenção à Condução";"Colisão traseira";"Com Vítimas Feridas";"Plena Noite";"Crescente";"Céu Claro";"Simples";"Declive";"Não";3;0;1;0;1;1;1;2;-23,91127109;-54,29550011;"SPRF-MS";"DEL09-MS";"UOP02-DEL09-MS"
300091;2020-08-07;"sexta-feira";"21:50:00";"MG";116;529;"CARATINGA";"Não guardar distância de segurança";"Colisão traseira";"Sem Vítimas";"Plena Noite";"Decrescente";"Céu Claro";"Simples";"Reta";"Sim";2;0;0;0;2;0;0;2;-19,80209596;-42,13678193;"SPRF-MG";"DEL06-MG";"UOP02-DEL06-MG"
300092;2020-08-07;"sexta-feira";"21:15:00";"MG";40;630;"CONSELHEIRO LAFAIETE";"Defeito Mecânico no Veículo";"Colisão frontal";"Com Vítimas Feridas";"Plena Noite";"Crescente";"Céu Claro";"Simples";"Reta";"Sim";2;0;2;0;0;0;2;2;-20,65824152;-43,80259134;"SPRF-MG";"DEL05-MG";"UOP02-DEL05-MG"
300093;2020-08-07;"sexta-feira";"20:00:00";"SC";101;25;"JOINVILLE";"Não guardar distância de segurança";"Colisão traseira";"Sem Vítimas";"Plena Noite";"Crescente";"Céu Claro";"Dupla";"Reta";"Não";6;0;0;0;6;0;0;2;-26,1834739;-48,9105912;"SPRF-SC";"DEL03-SC";"UOP01-DEL03-SC"
300094;2020-08-07;"sexta-feira";"23:30:00";"MG";40;716;"BARBACENA";"Falta de Atenção à Condução";"Queda de ocupante de veículo";"Com Vítimas Feridas";"Plena Noite";"Decrescente";"Nublado";"Dupla";"Interseção de Vias";"Não";1;0;1;0;0;0;1;1;-21,25153502;-43,66402206;"SPRF-MG";"DEL05-MG";"UOP01-DEL05-MG"
300095;2020-08-07;"sexta-feira";"23:25:00";"SC";282;205,8;"SAO JOSE";"Falta de Atenção à Condução";"Saída de leito carroçável";"Sem Vítimas";"Plena Noite";"Decrescente";"Céu Claro";"Múltipla";"Curva";"Sim";1;0;0;0;1;0;0;1;-27,58812047;-48,61628294;"SPRF-SC";"DEL05-SC";"UOP01-DEL05-SC"
300096;2020-08-08;"sábado";"00:10:00";"PB";101;84,1;"BAYEUX";"Ingestão de Álcool";"Colisão com objeto estático";"Sem Vítimas";"Plena Noite";"Crescente";"Nublado";"Dupla";"Reta";"Sim";8;0;0;0;5;3;0;3;-7,1408213;-34,9216873;"SPRF-PB";"DEL01-PB";"UOP01-DEL01-PB"
300097;2020-08-07;"sexta-feira";"23:10:00";"MG";40;632,8;"CONSELHEIRO LAFAIETE";"Animais na Pista";"Atropelamento de Animal";"Com Vítimas Feridas";"Plena Noite";"Crescente";"Céu Claro";"Simples";"Reta;Declive";"Sim";1;0;1;0;0;0;1;1;-20,68478539;-43,7929759;"SPRF-MG";"DEL05-MG";"UOP02-DEL05-MG"
300099;2020-08-08;"sábado";"00:30:00";"PE";408;69,2;"PAUDALHO";"Desobediência às normas de trânsito pelo condutor";"Colisão frontal";"Com Vítimas Fatais";"Plena Noite";"Crescente";"Chuva";"Dupla";"Reta";"Não";2;1;0;0;0;1;0;2;-7,87058;-35,201558;"SPRF-PE";"DEL01-PE";"UOP01-DEL01-PE"
300102;2020-08-08;"sábado";"01:00:00";"PA";316;31;"SANTA IZABEL DO PARA";"Ingestão de Álcool";"Saída de leito carroçável";"Com Vítimas Feridas";"Plena Noite";"Crescente";"Céu Claro";"Dupla";"Curva";"Não";1;0;1;0;0;0;1;1;-1,3025866;-48,1965672;"SPRF-PA";"DEL01-PA";"UOP01-DEL01-PA"
300103;2020-08-08;"sábado";"01:30:00";"MG";251;520,6;"MONTES CLAROS";"Defeito Mecânico no Veículo";"Incêndio";"Sem Vítimas";"Plena Noite";"Decrescente";"Céu Claro";"Simples";"Reta";"Não";47;0;0;0;47;0;0;1;-16,66570005;-43,78533097;"SPRF-MG";"DEL12-MG";"UOP01-DEL12-MG"
300105;2020-08-08;"sábado";"01:00:00";"RJ";101;407;"ITAGUAI";"Ingestão de Álcool";"Colisão com objeto estático";"Sem Vítimas";"Plena Noite";"Decrescente";"Céu Claro";"Dupla";"Reta";"Sim";1;0;0;0;1;0;0;1;-22,87672058;-43,81631971;"SPRF-RJ";"DEL03-RJ";"UOP01-DEL03-RJ"
300107;2020-07-10;"sexta-feira";"13:14:00";"PR";272;567;"GUAIRA";"Velocidade Incompatível";"Saída de leito carroçável";"Sem Vítimas";"Pleno dia";"Crescente";"Céu Claro";"Simples";"Interseção de Vias";"Sim";2;0;0;0;2;0;0;2;-24,09870071;-54,21682206;"SPRF-PR";"DEL06-PR";"UOP01-DEL06-PR"
300108;2020-08-07;"sexta-feira";"18:35:00";"MG";251;226,7;"SANTA CRUZ DE SALINAS";"Ingestão de Álcool";"Queda de ocupante de veículo";"Com Vítimas Fatais";"Plena Noite";"Crescente";"Garoa/Chuvisco";"Simples";"Reta";"Não";1;1;0;0;0;0;0;1;-15,958212;-41,65235;"SPRF-MG";"DEL11-MG";"UOP02-DEL11-MG"
300109;2020-08-08;"sábado";"02:43:00";"SP";116;150,2;"SAO JOSE DOS CAMPOS";"Velocidade Incompatível";"Saída de leito carroçável";"Com Vítimas Fatais";"Plena Noite";"Crescente";"Céu Claro";"Múltipla";"Reta";"Sim";2;2;0;0;0;0;0;1;-23,21335525;-45,8930588;"SPRF-SP";"DEL02-SP";"UOP01-DEL02-SP"
300110;2020-08-08;"sábado";"03:10:00";"RS";290;64;"GRAVATAI";"Condutor Dormindo";"Saída de leito carroçável";"Com Vítimas Feridas";"Plena Noite";"Crescente";"Nevoeiro/Neblina";"Dupla";"Reta";"Não";3;0;1;0;2;0;1;1;-29,940449;-50,895531;"SPRF-RS";"DEL03-RS";"UOP01-DEL03-RS"
300111;2020-08-08;"sábado";"03:20:00";"GO";40;10,1;"LUZIANIA";"Falta de Atenção à Condução";"Saída de leito carroçável";"Sem Vítimas";"Plena Noite";"Decrescente";"Céu Claro";"Dupla";"Reta";"Sim";1;0;0;0;1;0;0;1;-16,131285;-47,957923;"SPRF-DF";"DEL01-DF";"UOP01-DEL01-DF"
300112;2020-08-08;"sábado";"01:50:00";"ES";101;255;"SERRA";"Falta de Atenção à Condução";"Colisão com objeto estático";"Sem Vítimas";"Plena Noite";"Crescente";"Céu Claro";"Dupla";"Reta";"Sim";1;0;0;0;0;1;0;1;-20,11487935;-40,31943619;"SPRF-ES";"DEL02-ES";"UOP01-DEL02-ES"
300113;2020-08-08;"sábado";"02:20:00";"MG";262;443,3;"NOVA SERRANA";"Velocidade Incompatível";"Colisão com objeto estático";"Sem Vítimas";"Plena Noite";"Crescente";"Céu Claro";"Simples";"Curva";"Sim";2;0;0;0;2;0;0;2;-19,88065393;-44,92197102;"SPRF-MG";"DEL08-MG";"UOP03-DEL08-MG"
300114;2020-08-07;"sexta-feira";"09:25:00";"PB";230;14;"JOAO PESSOA";"Falta de Atenção à Condução";"Colisão traseira";"Com Vítimas Feridas";"Pleno dia";"Decrescente";"Céu Claro";"Dupla";"Viaduto";"Sim";2;0;1;0;1;0;1;2;-7,0844;-34,8488;"SPRF-PB";"DEL01-PB";"UOP01-DEL01-PB"
300117;2020-08-08;"sábado";"05:35:00";"TO";153;139,6;"ARAGUAINA";"Condutor Dormindo";"Saída de leito carroçável";"Com Vítimas Feridas";"Amanhecer";"Crescente";"Céu Claro";"Dupla";"Reta";"Sim";1;0;1;0;0;0;1;1;-7,16325275;-48,20698926;"SPRF-TO";"DEL02-TO";"UOP01-DEL02-TO"
300118;2020-08-08;"sábado";"04:50:00";"PB";230;41;"SANTA RITA";"Falta de Atenção à Condução";"Atropelamento de Pedestre";"Com Vítimas Feridas";"Amanhecer";"Decrescente";"Céu Claro";"Dupla";"Reta";"Sim";2;0;1;0;0;1;1;2;-7,1432;-34,9869;"SPRF-PB";"DEL01-PB";"UOP03-DEL01-PB"
300119;2020-08-08;"sábado";"06:05:00";"RJ";116;243,9;"PIRAI";"Falta de Atenção à Condução";"Capotamento";"Sem Vítimas";"Amanhecer";"Crescente";"Céu Claro";"Dupla";"Reta";"Não";1;0;0;0;0;1;0;1;-22,60284618;-43,93710226;"SPRF-RJ";"DEL07-RJ";"UOP01-DEL07-RJ"
300120;2020-08-08;"sábado";"06:10:00";"GO";60;96,8;"ANAPOLIS";"Desobediência às normas de trânsito pelo condutor";"Colisão transversal";"Com Vítimas Feridas";"Amanhecer";"Decrescente";"Céu Claro";"Simples";"Interseção de Vias;Reta";"Sim";2;0;1;0;1;0;1;2;-16,371;-48,9422;"SPRF-GO";"DEL02-GO";"UOP01-DEL02-GO"
300122;2020-08-08;"sábado";"04:35:00";"PR";369;195;"ARAPONGAS";"Falta de Atenção à Condução";"Colisão lateral";"Com Vítimas Feridas";"Plena Noite";"Crescente";"Céu Claro";"Dupla";"Reta";"Sim";2;0;0;1;1;0;1;2;-23,50024605;-51,42404079;"SPRF-PR";"DEL07-PR";"UOP03-DEL07-PR"
300123;2020-08-08;"sábado";"06:40:00";"TO";153;666;"GURUPI";"Falta de Atenção à Condução";"Saída de leito carroçável";"Com Vítimas Feridas";"Pleno dia";"Crescente";"Céu Claro";"Simples";"Reta";"Não";1;0;1;0;0;0;1;1;-11,67462897;-49,06502708;"SPRF-TO";"DEL01-TO";"UOP02-DEL01-TO"
300124;2020-08-08;"sábado";"06:20:00";"CE";20;414;"MARACANAU";"Desobediência às normas de trânsito pelo condutor";"Colisão lateral";"Com Vítimas Feridas";"Pleno dia";"Decrescente";"Céu Claro";"Simples";"Reta";"Sim";3;0;2;0;1;0;2;2;-3,76999035;-38,67006282;"SPRF-CE";"DEL01-CE";"UOP01-DEL01-CE"
300126;2020-08-08;"sábado";"04:30:00";"MG";365;702,5;"MONTE ALEGRE DE MINAS";"Falta de Atenção à Condução";"Capotamento";"Sem Vítimas";"Plena Noite";"Crescente";"Nublado";"Dupla";"Desvio Temporário";"Não";1;0;0;0;1;0;0;1;-18,88155254;-49,01713205;"SPRF-MG";"DEL15-MG";"UOP03-DEL15-MG"
300129;2020-08-08;"sábado";"06:30:00";"PR";116;123,9;"CURITIBA";"Ingestão de Álcool";"Tombamento";"Com Vítimas Feridas";"Amanhecer";"Decrescente";"Nublado";"Dupla";"Reta";"Sim";2;0;2;0;0;0;2;1;-25,57736002;-49,31243589;"SPRF-PR";"DEL01-PR";"UOP03-DEL01-PR"
300130;2020-08-08;"sábado";"03:35:00";"RS";470;228;"GARIBALDI";"Ingestão de Álcool";"Colisão transversal";"Sem Vítimas";"Plena Noite";"Decrescente";"Chuva";"Simples";"Reta";"Não";2;0;0;0;2;0;0;2;-29,21759706;-51,51703722;"SPRF-RS";"DEL06-RS";"UOP01-DEL06-RS"
300131;2020-08-08;"sábado";"05:30:00";"PE";407;129,7;"PETROLINA";"Ingestão de Álcool";"Colisão traseira";"Com Vítimas Feridas";"Amanhecer";"Crescente";"Céu Claro";"Dupla";"Reta";"Não";3;0;1;0;2;0;1;3;-9,40395521;-40,50404353;"SPRF-PE";"DEL06-PE";"UOP01-DEL06-PE"
300132;2020-08-08;"sábado";"05:30:00";"GO";153;500;"GOIANIA";"Falta de Atenção à Condução";"Capotamento";"Sem Vítimas";"Amanhecer";"Decrescente";"Céu Claro";"Múltipla";"Viaduto";"Sim";1;0;0;0;1;0;0;1;-16,7118;-49,2324;"SPRF-GO";"DEL01-GO";"UOP01-DEL01-GO"
300135;2020-08-08;"sábado";"07:00:00";"MA";10;257,1;"IMPERATRIZ";"Falta de Atenção à Condução";"Colisão traseira";"Com Vítimas Feridas";"Pleno dia";"Crescente";"Sol";"Simples";"Reta";"Sim";3;0;1;0;2;0;1;2;-5,481554;-47,472092;"SPRF-MA";"DEL04-MA";"UOP01-DEL04-MA"
300136;2020-08-08;"sábado";"07:30:00";"ES";101;254,9;"SERRA";"Não guardar distância de segurança";"Colisão traseira";"Com Vítimas Feridas";"Pleno dia";"Decrescente";"Sol";"Simples";"Reta";"Não";2;0;0;1;1;0;1;2;-20,1100364;-40,32740141;"SPRF-ES";"DEL02-ES";"UOP01-DEL02-ES"
300137;2020-08-07;"sexta-feira";"22:30:00";"SP";116;329;"JUQUITIBA";"Fenômenos da Natureza";"Saída de leito carroçável";"Com Vítimas Feridas";"Plena Noite";"Decrescente";"Céu Claro";"Dupla";"Reta";"Não";1;0;0;1;0;0;1;1;-23,93981788;-47,08868406;"SPRF-SP";"DEL04-SP";"UOP01-DEL04-SP"
300139;2020-08-08;"sábado";"05:30:00";"ES";259;49;"COLATINA";"Desobediência às normas de trânsito pelo condutor";"Colisão lateral";"Com Vítimas Feridas";"Amanhecer";"Decrescente";"Céu Claro";"Simples";"Curva;Aclive";"Não";2;0;0;1;1;0;1;2;-19,51873313;-40,60040662;"SPRF-ES";"DEL02-ES";"UOP01-DEL02-ES"
300141;2020-08-08;"sábado";"06:03:00";"MG";116;535;"SANTA RITA DE MINAS";"Velocidade Incompatível";"Saída de leito carroçável";"Com Vítimas Feridas";"Pleno dia";"Crescente";"Céu Claro";"Simples";"Reta";"Não";1;0;0;1;0;0;1;1;-19,85292504;-42,14058636;"SPRF-MG";"DEL06-MG";"UOP02-DEL06-MG"
300142;2020-08-08;"sábado";"08:15:00";"MG";262;793,9;"UBERABA";"Falta de Atenção à Condução";"Tombamento";"Com Vítimas Feridas";"Pleno dia";"Decrescente";"Céu Claro";"Simples";"Reta";"Não";2;0;2;0;0;0;2;1;-19,76621747;-47,87801008;"SPRF-MG";"DEL13-MG";"UOP01-DEL13-MG"
300143;2020-08-08;"sábado";"08:18:00";"SE";235;51,8;"ITABAIANA";"Desobediência às normas de trânsito pelo condutor";"Colisão transversal";"Com Vítimas Feridas";"Pleno dia";"Decrescente";"Garoa/Chuvisco";"Simples";"Reta";"Sim";2;0;0;1;1;0;1;2;-10,700226;-37,431423;"SPRF-SE";"DEL01-SE";"UOP02-DEL01-SE"
300144;2020-08-08;"sábado";"06:50:00";"PR";369;196;"APUCARANA";"Mal Súbito";"Saída de leito carroçável";"Com Vítimas Feridas";"Pleno dia";"Decrescente";"Céu Claro";"Dupla";"Reta";"Não";1;0;1;0;0;0;1;1;-23,50414222;-51,42475963;"SPRF-PR";"DEL07-PR";"UOP03-DEL07-PR"
300145;2020-08-08;"sábado";"07:00:00";"MS";262;485,8;"ANASTACIO";"Avarias e/ou desgaste excessivo no pneu";"Saída de leito carroçável";"Com Vítimas Feridas";"Pleno dia";"Crescente";"Sol";"Simples";"Reta";"Não";2;0;1;0;1;0;1;1;-20,50137052;-55,76837894;"SPRF-MS";"DEL03-MS";"UOP01-DEL03-MS"
300146;2020-08-08;"sábado";"09:00:00";"RS";290;96;"PORTO ALEGRE";"Desobediência às normas de trânsito pelo condutor";"Colisão traseira";"Com Vítimas Feridas";"Pleno dia";"Crescente";"Céu Claro";"Múltipla";"Reta";"Sim";6;0;2;0;4;0;2;2;-29,992107;-51,204525;"SPRF-RS";"DEL01-RS";"UOP01-DEL01-RS"
300147;2020-08-08;"sábado";"09:10:00";"RN";101;106;"PARNAMIRIM";"Desobediência às normas de trânsito pelo condutor";"Colisão transversal";"Sem Vítimas";"Pleno dia";"Decrescente";"Céu Claro";"Múltipla";"Reta";"Sim";2;0;0;0;2;0;0;2;-5,91056401;-35,26130795;"SPRF-RN";"DEL01-RN";"UOP01-DEL01-RN"
300149;2020-08-08;"sábado";"09:15:00";"SC";101;69;"ARAQUARI";"Falta de Atenção à Condução";"Queda de ocupante de veículo";"Com Vítimas Feridas";"Pleno dia";"Crescente";"Sol";"Dupla";"Reta";"Sim";1;0;1;0;0;0;1;1;-26,50298009;-48,72814515;"SPRF-SC";"DEL03-SC";"UOP02-DEL03-SC"