"id";"data_inversa";"dia_semana";"horario";"uf";"br";"km";"municipio";"causa_acidente";"tipo_acidente";"classificacao_acidente";"fase_dia";"sentido_via";"condicao_metereologica";"tipo_pista";"tracado_via";"uso_solo";"pessoas";"mortos";"feridos_leves";"feridos_graves";"ilesos";"ignorados";"feridos";"veiculos";"latitude";"longitude";"regional";"delegacia";"uop"
300263;2020-08-08;"sábado";"18:19:00";"PE";101;46,3;"ABREU E LIMA";"Falta de Atenção do Pedestre";"Atropelamento de Pedestre";"Sem Vítimas";"Plena Noite";"Crescente";"Céu Claro";"Múltipla";"Reta";"Sim";2;0;0;0;1;1;0;2;-7,87406004;-34,90588126;"SPRF-PE";"DEL01-PE";"UOP02-DEL01-PE"
300264;2020-08-08;"sábado";"18:40:00";"SC";101;442;"SANTA ROSA DO SUL";"Condutor Dormindo";"Saída de leito carroçável";"Com Vítimas Feridas";"Plena Noite";"Crescente";"Nublado";"Dupla";"Reta";"Não";1;0;1;0;0;0;1;1;-29,13317806;-49,70083952;"SPRF-SC";"DEL02-SC";"UOP02-DEL02-SC"
300265;2020-08-08;"sábado";"18:50:00";"PA";230;111;"MARABA";"Ingestão de Álcool";"Colisão frontal";"Sem Vítimas";"Plena Noite";"Decrescente";"Céu Claro";"Simples";"Reta";"Não";4;0;0;0;4;0;0;2;-5,37139594;-49,04004698;"SPRF-PA";"DEL03-PA";"UOP01-DEL03-PA"
300267;2020-08-08;"sábado";"19:05:00";"SC";101;210;"SAO JOSE";"Ingestão de Álcool";"Colisão traseira";"Sem Vítimas";"Plena Noite";"Crescente";"Céu Claro";"Dupla";"Declive";"Sim";2;0;0;0;2;0;0;2;-27,6167305;-48,6457265;"SPRF-SC";"DEL01-SC";"UOP01-DEL01-SC"
300268;2020-08-08;"sábado";"19:15:00";"MG";381;490;"BETIM";"Defeito Mecânico no Veículo";"Incêndio";"Sem Vítimas";"Plena Noite";"Decrescente";"Céu Claro";"Dupla";"Reta";"Sim";1;0;0;0;1;0;0;1;-19,96502819;-44,17422195;"SPRF-MG";"DEL01-MG";"UOP03-DEL01-MG"
300270;2020-08-08;"sábado";"18:40:00";"GO";60;163,2;"GOIANIA";"Falta de Atenção à Condução";"Colisão traseira";"Sem Vítimas";"Plena Noite";"Crescente";"Céu Claro";"Dupla";"Reta";"Sim";5;0;0;0;4;1;0;4;-16,7002;-49,3335;"SPRF-GO";"DEL01-GO";"UOP02-DEL01-GO"
300271;2020-08-08;"sábado";"18:20:00";"RJ";101;423,2;"MANGARATIBA";"Ingestão de Álcool";"Colisão transversal";"Com Vítimas Feridas";"Plena Noite";"Crescente";"Céu Claro";"Simples";"Curva";"Não";6;0;1;0;4;1;1;3;-22,92127842;-43,95599173;"SPRF-RJ";"DEL03-RJ";"UOP03-DEL03-RJ"
300273;2020-08-08;"sábado";"19:50:00";"MG";50;151,5;"UBERABA";"Ingestão de Álcool";"Tombamento";"Sem Vítimas";"Plena Noite";"Crescente";"Céu Claro";"Dupla";"Retorno Regulamentado";"Não";1;0;0;0;1;0;0;1;-19,57370204;-48,03246832;"SPRF-MG";"DEL13-MG";"UOP01-DEL13-MG"
300274;2020-08-08;"sábado";"15:00:00";"PR";116;116;"CURITIBA";"Falta de Atenção à Condução";"Colisão traseira";"Sem Vítimas";"Pleno dia";"Crescente";"Sol";"Dupla";"Reta";"Sim";2;0;0;0;2;0;0;2;-25,55468195;-49,27402397;"SPRF-PR";"DEL01-PR";"UOP01-DEL01-PR"
300275;2020-08-08;"sábado";"20:10:00";"RJ";101;302;"SAO GONCALO";"Falta de Atenção à Condução";"Colisão traseira";"Sem Vítimas";"Plena Noite";"Decrescente";"Céu Claro";"Dupla";"Reta";"Sim";5;0;0;0;5;0;0;2;-22,78069318;-42,96706396;"SPRF-RJ";"DEL02-RJ";"UOP02-DEL02-RJ"
300276;2020-08-08;"sábado";"20:00:00";"PA";230;115;"BOM JESUS DO TOCANTINS";"Falta de Atenção à Condução";"Colisão traseira";"Com Vítimas Feridas";"Plena Noite";"Crescente";"Céu Claro";"Dupla";"Reta";"Sim";2;0;1;0;1;0;1;2;-5;-49;"SPRF-PA";"DEL03-PA";"UOP01-DEL03-PA"
300278;2020-08-08;"sábado";"20:00:00";"DF";40;4;"BRASILIA";"Falta de Atenção à Condução";"Atropelamento de Pedestre";"Com Vítimas Feridas";"Plena Noite";"Decrescente";"Céu Claro";"Dupla";"Reta";"Sim";2;0;1;0;0;1;1;2;-16,01851409;-47,9808051;"SPRF-DF";"DEL01-DF";"UOP01-DEL01-DF"
300279;2020-08-08;"sábado";"20:00:00";"PR";277;84;"CURITIBA";"Animais na Pista";"Colisão traseira";"Com Vítimas Feridas";"Plena Noite";"Crescente";"Céu Claro";"Dupla";"Reta";"Sim";3;0;1;0;2;0;1;2;-25,568939;-49,181978;"SPRF-PR";"DEL01-PR";"UOP01-DEL01-PR"
300280;2020-08-08;"sábado";"17:45:00";"PA";316;44;"SANTA IZABEL DO PARA";"Defeito Mecânico no Veículo";"Danos eventuais";"Com Vítimas Feridas";"Anoitecer";"Crescente";"Céu Claro";"Dupla";"Reta";"Não";2;0;2;0;0;0;2;1;-1,27592647;-48,08710906;"SPRF-PA";"DEL01-PA";"UOP01-DEL01-PA"
300281;2020-08-08;"sábado";"18:58:00";"BA";116;13;"VITORIA DA CONQUISTA";"Defeito Mecânico no Veículo";"Tombamento";"Com Vítimas Feridas";"Plena Noite";"Decrescente";"Garoa/Chuvisco";"Simples";"Reta";"Não";2;0;1;0;1;0;1;1;-14,851;-40,8485;"SPRF-BA";"DEL08-BA";"UOP01-DEL08-BA"
300282;2020-08-08;"sábado";"19:55:00";"GO";40;7,5;"LUZIANIA";"Ingestão de Álcool";"Saída de leito carroçável";"Sem Vítimas";"Plena Noite";"Crescente";"Céu Claro";"Dupla";"Reta";"Sim";1;0;0;0;1;0;0;1;-16,108482;-47,972524;"SPRF-DF";"DEL01-DF";"UOP01-DEL01-DF"
300283;2020-08-08;"sábado";"17:30:00";"PA";222;230;"MARABA";"Falta de Atenção à Condução";"Tombamento";"Com Vítimas Feridas";"Pleno dia";"Decrescente";"Céu Claro";"Simples";"Reta";"Não";1;0;1;0;0;0;1;1;-5,240122;-49,055977;"SPRF-PA";"DEL03-PA";"UOP01-DEL03-PA"
300285;2020-08-08;"sábado";"20:35:00";"ES";101;284;"CARIACICA";"Falta de Atenção à Condução";"Colisão traseira";"Com Vítimas Feridas";"Plena Noite";"Decrescente";"Nublado";"Dupla";"Reta";"Não";3;0;1;0;2;0;1;2;-20,24334991;-40,3696926;"SPRF-ES";"DEL01-ES";"UOP01-DEL01-ES"
300286;2020-08-08;"sábado";"19:05:00";"RS";116;154;"CAXIAS DO SUL";"Falta de Atenção à Condução";"Saída de leito carroçável";"Sem Vítimas";"Plena Noite";"Decrescente";"Céu Claro";"Simples";"Interseção de Vias";"Sim";2;0;0;0;2;0;0;1;-29,19074818;-51,18073734;"SPRF-RS";"DEL05-RS";"UOP01-DEL05-RS"
300287;2020-08-08;"sábado";"20:20:00";"RJ";116;176;"NOVA IGUACU";"Falta de Atenção à Condução";"Colisão traseira";"Com Vítimas Feridas";"Plena Noite";"Crescente";"Céu Claro";"Dupla";"Reta";"Sim";2;0;1;0;1;0;1;2;-22,7839538;-43,38195488;"SPRF-RJ";"DEL01-RJ";"UOP02-DEL01-RJ"
300288;2020-08-08;"sábado";"20:25:00";"RS";386;343,4;"LAJEADO";"Desobediência às normas de trânsito pelo condutor";"Colisão transversal";"Com Vítimas Feridas";"Plena Noite";"Decrescente";"Céu Claro";"Simples";"Curva";"Não";3;0;0;1;2;0;1;2;-29,435805;-51,997771;"SPRF-RS";"DEL04-RS";"UOP01-DEL04-RS"
300289;2020-08-08;"sábado";"20:45:00";"RN";427;98,7;"CAICO";"Sinalização da via insuficiente ou inadequada";"Colisão transversal";"Sem Vítimas";"Plena Noite";"Crescente";"Céu Claro";"Simples";"Interseção de Vias";"Sim";3;0;0;0;3;0;0;2;-6,45940446;-37,09720558;"SPRF-RN";"DEL03-RN";"UOP01-DEL03-RN"
300290;2020-08-08;"sábado";"17:40:00";"MA";135;180,8;"SAO MATEUS DO MARANHAO";"Desobediência às normas de trânsito pelo condutor";"Colisão transversal";"Com Vítimas Feridas";"Anoitecer";"Crescente";"Céu Claro";"Simples";"Curva";"Sim";2;0;1;0;1;0;1;2;-4,02061306;-44,46649723;"SPRF-MA";"DEL03-MA";"UOP01-DEL03-MA"
300291;2020-08-08;"sábado";"18:33:00";"MT";364;273;"JACIARA";"Falta de Atenção à Condução";"Colisão transversal";"Com Vítimas Feridas";"Plena Noite";"Decrescente";"Céu Claro";"Dupla";"Reta";"Sim";2;0;1;0;0;1;1;2;-15,96077957;-54,96772983;"SPRF-MT";"DEL02-MT";"UOP01-DEL02-MT"
300293;2020-08-08;"sábado";"20:45:00";"PR";277;125;"BALSA NOVA";"Ingestão de álcool e/ou substâncias psicoativas pelo pedestre";"Colisão traseira";"Sem Vítimas";"Plena Noite";"Crescente";"Céu Claro";"Dupla";"Reta;Aclive";"Não";2;0;0;0;2;0;0;2;-25,42183622;-49,76536274;"SPRF-PR";"DEL01-PR";"UOP03-DEL03-PR"
300294;2020-08-08;"sábado";"20:40:00";"GO";40;26,5;"LUZIANIA";"Falta de Atenção à Condução";"Saída de leito carroçável";"Sem Vítimas";"Plena Noite";"Crescente";"Céu Claro";"Dupla";"Reta";"Não";1;0;0;0;1;0;0;1;-16,259798;-47,894931;"SPRF-DF";"DEL01-DF";"UOP01-DEL01-DF"
300295;2020-08-08;"sábado";"20:20:00";"MS";267;39,8;"BATAGUASSU";"Ingestão de Álcool";"Colisão com objeto estático";"Com Vítimas Feridas";"Plena Noite";"Decrescente";"Céu Claro";"Simples";"Aclive;Reta";"Não";1;0;1;0;0;0;1;1;-21,77110596;-52,49967304;"SPRF-MS";"DEL02-MS";"UOP04-DEL02-MS"
300297;2020-08-08;"sábado";"18:35:00";"RS";471;153,9;"SANTA CRUZ DO SUL";"Ingestão de Álcool";"Saída de leito carroçável";"Com Vítimas Feridas";"Plena Noite";"Crescente";"Céu Claro";"Simples";"Reta";"Não";1;0;1;0;0;0;1;1;-29,80788025;-52,40615845;"SPRF-RS";"DEL02-RS";"UOP03-DEL02-RS"
300298;2020-08-08;"sábado";"19:30:00";"PI";343;345;"TERESINA";"Falta de Atenção à Condução";"Colisão traseira";"Com Vítimas Feridas";"Plena Noite";"Decrescente";"Céu Claro";"Simples";"Reta";"Sim";3;0;0;1;0;2;1;3;-5,102889;-42,766506;"SPRF-PI";"DEL01-PI";"UOP01-DEL01-PI"
300299;2020-08-08;"sábado";"21:40:00";"RS";468;2,9;"PALMEIRA DAS MISSOES";"Ingestão de Álcool";"Colisão frontal";"Com Vítimas Fatais";"Plena Noite";"Crescente";"Céu Claro";"Simples";"Reta";"Não";5;1;0;4;0;0;4;2;-27,86673027;-53,33392298;"SPRF-RS";"DEL08-RS";"UOP01-DEL08-RS"
300300;2020-08-08;"sábado";"20:50:00";"SC";470;13,8;"ILHOTA";"Sinalização da via insuficiente ou inadequada";"Saída de leito carroçável";"Sem Vítimas";"Plena Noite";"Crescente";"Nublado";"Simples";"Curva";"Não";1;0;0;0;0;1;0;1;-26,837532;-48,774623;"SPRF-SC";"DEL04-SC";"UOP04-DEL04-SC"
300301;2020-08-08;"sábado";"21:35:00";"PR";277;694,9;"SAO MIGUEL DO IGUACU";"Deficiência ou não Acionamento do Sistema de Iluminação/Sinalização do Veículo";"Colisão traseira";"Com Vítimas Fatais";"Plena Noite";"Crescente";"Céu Claro";"Dupla";"Aclive";"Não";2;1;0;0;1;0;0;2;-25,37728075;-54,27853715;"SPRF-PR";"DEL05-PR";"UOP01-DEL05-PR"
300302;2020-08-08;"sábado";"18:55:00";"RS";116;12,1;"VACARIA";"Falta de Atenção à Condução";"Saída de leito carroçável";"Sem Vítimas";"Plena Noite";"Crescente";"Céu Claro";"Simples";"Curva";"Não";2;0;0;0;0;2;0;2;-28,30337577;-50,80344779;"SPRF-RS";"DEL05-RS";"UOP03-DEL05-RS"
300303;2020-08-08;"sábado";"17:00:00";"ES";262;68;"MARECHAL FLORIANO";"Falta de Atenção à Condução";"Queda de ocupante de veículo";"Com Vítimas Feridas";"Pleno dia";"Crescente";"Sol";"Simples";"Reta";"Não";1;0;1;0;0;0;1;1;-20,41391338;-40,8504922;"SPRF-ES";"DEL01-ES";"UOP02-DEL01-ES"
300304;2020-08-08;"sábado";"17:20:00";"MG";381;523,2;"BRUMADINHO";"Não guardar distância de segurança";"Colisão traseira";"Com Vítimas Feridas";"Pleno dia";"Crescente";"Céu Claro";"Dupla";"Reta;Declive";"Não";4;0;2;0;2;0;2;2;-20,1530682;-44,32617552;"SPRF-MG";"DEL04-MG";"UOP03-DEL04-MG"
300305;2020-08-08;"sábado";"22:00:00";"RJ";40;57;"PETROPOLIS";"Falta de Atenção do Pedestre";"Atropelamento de Pedestre";"Com Vítimas Feridas";"Plena Noite";"Crescente";"Céu Claro";"Simples";"Declive";"Não";2;0;2;0;0;0;2;2;-22,37036795;-43,12819612;"SPRF-RJ";"DEL05-RJ";"UOP02-DEL05-RJ"
300306;2020-08-08;"sábado";"22:20:00";"MG";381;509,8;"SAO JOAQUIM DE BICAS";"Falta de Atenção à Condução";"Colisão lateral";"Com Vítimas Feridas";"Plena Noite";"Crescente";"Céu Claro";"Dupla";"Reta";"Não";2;0;2;0;0;0;2;2;-20,05206118;-44,28142548;"SPRF-MG";"DEL01-MG";"UOP03-DEL01-MG"
300307;2020-08-08;"sábado";"21:30:00";"RS";158;429,2;"ROSARIO DO SUL";"Ingestão de Álcool";"Colisão transversal";"Sem Vítimas";"Plena Noite";"Crescente";"Céu Claro";"Simples";"Reta";"Não";5;0;0;0;5;0;0;2;-30,11988015;-54,63760784;"SPRF-RS";"DEL11-RS";"UOP02-DEL11-RS"
300308;2020-08-08;"sábado";"22:20:00";"PR";277;73;"SAO JOSE DOS PINHAIS";"Desobediência às normas de trânsito pelo condutor";"Queda de ocupante de veículo";"Com Vítimas Feridas";"Plena Noite";"Decrescente";"Céu Claro";"Dupla";"Em Obras";"Não";1;0;1;0;0;0;1;1;-25,52124342;-49,10648119;"SPRF-PR";"DEL01-PR";"UOP01-DEL01-PR"
300310;2020-08-08;"sábado";"21:10:00";"MT";163;565,4;"NOVA MUTUM";"Ultrapassagem Indevida";"Colisão frontal";"Com Vítimas Fatais";"Plena Noite";"Crescente";"Céu Claro";"Simples";"Aclive";"Não";7;2;0;5;0;0;5;2;-14,13790735;-56,1051178;"SPRF-MT";"DEL01-MT";"UOP01-DEL01-MT"
300311;2020-08-08;"sábado";"22:35:00";"ES";262;2;"CARIACICA";"Ingestão de Álcool";"Colisão transversal";"Com Vítimas Feridas";"Plena Noite";"Decrescente";"Céu Claro";"Dupla";"Reta";"Sim";3;0;0;1;2;0;1;3;-20,33275688;-40,36077696;"SPRF-ES";"DEL01-ES";"UOP01-DEL01-ES"
300312;2020-08-08;"sábado";"19:45:00";"MG";365;604;"UBERLANDIA";"Falta de Atenção à Condução";"Saída de leito carroçável";"Sem Vítimas";"Plena Noite";"Decrescente";"Céu Claro";"Simples";"Reta";"Não";1;0;0;0;0;1;0;1;-18,89222475;-48,14204693;"SPRF-MG";"DEL15-MG";"UOP01-DEL15-MG"
300313;2020-08-08;"sábado";"22:15:00";"GO";70;2,5;"AGUAS LINDAS DE GOIAS";"Defeito Mecânico no Veículo";"Colisão traseira";"Com Vítimas Feridas";"Plena Noite";"Crescente";"Nublado";"Dupla";"Aclive";"Sim";4;0;1;0;3;0;1;2;-15,767021;-48,229945;"SPRF-DF";"DEL03-DF";"UOP02-DEL03-DF"
300314;2020-08-08;"sábado";"22:40:00";"PE";101;69;"RECIFE";"Pista Escorregadia";"Saída de leito carroçável";"Com Vítimas Feridas";"Plena Noite";"Crescente";"Chuva";"Simples";"Curva";"Sim";1;0;1;0;0;0;1;1;-8,05951606;-34,94581024;"SPRF-PE";"DEL01-PE";"UOP01-DEL01-PE"
300315;2020-08-08;"sábado";"22:40:00";"SP";101;45;"UBATUBA";"Desobediência às normas de trânsito pelo condutor";"Colisão lateral";"Com Vítimas Feridas";"Plena Noite";"Crescente";"Céu Claro";"Simples";"Reta";"Sim";2;0;1;0;1;0;1;2;-23,41779396;-45,06788408;"SPRF-SP";"DEL06-SP";"UOP01-DEL06-SP"
300316;2020-08-08;"sábado";"19:30:00";"MG";262;28,6;"REDUTO";"Ingestão de Álcool";"Colisão frontal";"Com Vítimas Feridas";"Plena Noite";"Crescente";"Nublado";"Simples";"Curva";"Não";4;0;1;1;2;0;2;3;-20,24402083;-41,97382413;"SPRF-MG";"DEL06-MG";"UOP03-DEL06-MG"
300317;2020-08-08;"sábado";"23:00:00";"GO";153;515,9;"APARECIDA DE GOIANIA";"Falta de Atenção à Condução";"Colisão traseira";"Com Vítimas Feridas";"Plena Noite";"Decrescente";"Céu Claro";"Dupla";"Reta";"Sim";2;0;1;0;1;0;1;2;-16,8413;-49,2454;"SPRF-GO";"DEL01-GO";"UOP03-DEL01-GO"
300318;2020-08-08;"sábado";"21:30:00";"MS";158;309,8;"TRES LAGOAS";"Avarias e/ou desgaste excessivo no pneu";"Tombamento";"Com Vítimas Feridas";"Plena Noite";"Decrescente";"Céu Claro";"Simples";"Aclive";"Não";1;0;1;0;0;0;1;1;-21,028892;-51,89812;"SPRF-MS";"DEL07-MS";"UOP01-DEL07-MS"
300320;2020-08-08;"sábado";"22:00:00";"RO";364;710;"PORTO VELHO";"Restrição de Visibilidade";"Atropelamento de Pedestre";"Com Vítimas Feridas";"Plena Noite";"Decrescente";"Céu Claro";"Múltipla";"Reta";"Sim";3;0;3;0;0;0;3;2;-8,78535369;-63,85910511;"SPRF-RO";"DEL01-RO";"UOP01-DEL01-RO"
300322;2020-08-08;"sábado";"22:30:00";"PB";230;11;"CABEDELO";"Defeito Mecânico no Veículo";"Queda de ocupante de veículo";"Com Vítimas Feridas";"Plena Noite";"Decrescente";"Garoa/Chuvisco";"Dupla";"Reta";"Sim";2;0;2;0;0;0;2;1;-7,0596;-34,8506;"SPRF-PB";"DEL01-PB";"UOP01-DEL01-PB"
300323;2020-08-08;"sábado";"19:00:00";"RJ";101;244;"SILVA JARDIM";"Falta de Atenção à Condução";"Colisão com objeto estático";"Com Vítimas Feridas";"Plena Noite";"Crescente";"Céu Claro";"Dupla";"Viaduto";"Sim";2;0;1;0;0;1;1;1;-22,64063219;-42,47356596;"SPRF-RJ";"DEL02-RJ";"UOP03-DEL02-RJ"
300324;2020-08-08;"sábado";"22:00:00";"SC";101;76,8;"BARRA VELHA";"Ingestão de Álcool";"Saída de leito carroçável";"Sem Vítimas";"Plena Noite";"Crescente";"Nublado";"Dupla";"Curva";"Não";1;0;0;0;1;0;0;1;-26,56947149;-48,72091055;"SPRF-SC";"DEL03-SC";"UOP02-DEL03-SC"
300326;2020-08-08;"sábado";"23:30:00";"RN";405;138;"SAO FRANCISCO DO OESTE";"Desobediência às normas de trânsito pelo condutor";"Colisão frontal";"Com Vítimas Feridas";"Plena Noite";"Crescente";"Céu Claro";"Simples";"Reta";"Não";2;0;0;2;0;0;2;2;-6,00707101;-38,17502999;"SPRF-RN";"DEL04-RN";"UOP02-DEL04-RN"
300328;2020-08-08;"sábado";"22:45:00";"SC";101;133,8;"BALNEARIO CAMBORIU";"Falta de Atenção à Condução";"Saída de leito carroçável";"Com Vítimas Feridas";"Plena Noite";"Decrescente";"Nublado";"Múltipla";"Reta";"Sim";3;0;1;0;1;1;1;1;-26,99936;-48,64609;"SPRF-SC";"DEL04-SC";"UOP03-DEL04-SC"
300330;2020-08-08;"sábado";"23:00:00";"RJ";116;310;"ITATIAIA";"Falta de Atenção à Condução";"Colisão com objeto estático";"Sem Vítimas";"Plena Noite";"Crescente";"Céu Claro";"Dupla";"Interseção de Vias";"Não";1;0;0;0;1;0;0;1;-22,45923593;-44,434776;"SPRF-RJ";"DEL07-RJ";"UOP02-DEL07-RJ"
300331;2020-08-09;"domingo";"00:10:00";"RS";386;260,6;"FONTOURA XAVIER";"Falta de Atenção à Condução";"Colisão traseira";"Com Vítimas Feridas";"Plena Noite";"Crescente";"Céu Claro";"Simples";"Reta";"Não";6;0;2;0;2;2;2;3;-28,892323;-52,40966;"SPRF-RS";"DEL04-RS";"UOP03-DEL04-RS"
300333;2020-08-09;"domingo";"00:55:00";"SP";116;210;"GUARULHOS";"Falta de Atenção à Condução";"Colisão lateral";"Com Vítimas Feridas";"Plena Noite";"Crescente";"Céu Claro";"Dupla";"Reta";"Sim";4;0;1;0;3;0;1;3;-23,42870023;-46,41085991;"SPRF-SP";"DEL01-SP";"UOP01-DEL01-SP"
300334;2020-08-09;"domingo";"01:10:00";"RJ";393;203;"VASSOURAS";"Falta de Atenção à Condução";"Tombamento";"Com Vítimas Feridas";"Plena Noite";"Crescente";"Céu Claro";"Simples";"Reta";"Não";1;0;1;0;0;0;1;1;-22,22572819;-43,42188472;"SPRF-RJ";"DEL05-RJ";"UOP03-DEL05-RJ"
300335;2020-08-09;"domingo";"01:40:00";"RJ";116;131;"MAGE";"Defeito Mecânico no Veículo";"Incêndio";"Sem Vítimas";"Plena Noite";"Crescente";"Céu Claro";"Dupla";"Reta";"Sim";3;0;0;0;3;0;0;1;-22,65608024;-43,12511494;"SPRF-RJ";"DEL04-RJ";"UOP02-DEL04-RJ"
300336;2020-08-09;"domingo";"01:20:00";"SC";101;226,5;"PALHOCA";"Ingestão de Álcool";"Colisão traseira";"Com Vítimas Feridas";"Plena Noite";"Crescente";"Céu Claro";"Dupla";"Reta";"Não";6;0;3;2;1;0;5;2;-27,74200001;-48,63806504;"SPRF-SC";"DEL01-SC";"UOP02-DEL01-SC"
300339;2020-08-09;"domingo";"01:00:00";"MG";40;513;"RIBEIRAO DAS NEVES";"Velocidade Incompatível";"Saída de leito carroçável";"Com Vítimas Feridas";"Plena Noite";"Crescente";"Céu Claro";"Dupla";"Curva";"Sim";3;0;3;0;0;0;3;1;-19,7970544;-44,1080512;"SPRF-MG";"DEL01-MG";"UOP02-DEL01-MG"
300340;2020-08-09;"domingo";"01:00:00";"MG";40;562;"NOVA LIMA";"Falta de Atenção à Condução";"Colisão com objeto estático";"Sem Vítimas";"Plena Noite";"Decrescente";"Céu Claro";"Dupla";"Curva";"Sim";1;0;0;0;0;1;0;1;-20,14451602;-43,95966007;"SPRF-MG";"DEL01-MG";"UOP02-DEL01-MG"
300341;2020-08-08;"sábado";"22:30:00";"MG";146;455,2;"MUZAMBINHO";"Velocidade Incompatível";"Saída de leito carroçável";"Sem Vítimas";"Plena Noite";"Decrescente";"Nublado";"Simples";"Interseção de Vias";"Não";1;0;0;0;0;1;0;1;-21,358305;-46,473505;"SPRF-MG";"DEL09-MG";"UOP01-DEL09-MG"
300343;2020-08-08;"sábado";"18:35:00";"SC";470;130,1;"LONTRAS";"Desobediência às normas de trânsito pelo condutor";"Colisão transversal";"Com Vítimas Feridas";"Plena Noite";"Decrescente";"Céu Claro";"Simples";"Reta";"Sim";13;0;9;3;0;1;12;3;-27,15756;-49,556488;"SPRF-SC";"DEL04-SC";"UOP02-DEL04-SC"
300344;2020-08-09;"domingo";"02:55:00";"RJ";101;26;"CAMPOS DOS GOYTACAZES";"Ingestão de Álcool";"Tombamento";"Com Vítimas Feridas";"Plena Noite";"Crescente";"Céu Claro";"Simples";"Curva";"Não";2;0;2;0;0;0;2;1;-21,43164906;-41,34301207;"SPRF-RJ";"DEL08-RJ";"UOP01-DEL08-RJ"
300345;2020-08-09;"domingo";"02:00:00";"SC";101;199;"BIGUACU";"Falta de Atenção à Condução";"Saída de leito carroçável";"Sem Vítimas";"Plena Noite";"Decrescente";"Céu Claro";"Simples";"Interseção de Vias";"Sim";6;0;0;0;0;6;0;6;-27,53413705;-48,63003205;"SPRF-SC";"DEL01-SC";"UOP01-DEL01-SC"
300346;2020-08-09;"domingo";"01:20:00";"SP";116;126;"CACAPAVA";"Desobediência às normas de trânsito pelo condutor";"Colisão com objeto estático";"Com Vítimas Feridas";"Plena Noite";"Crescente";"Céu Claro";"Dupla";"Reta";"Sim";3;0;2;0;1;0;2;1;-23,10433057;-45,69425762;"SPRF-SP";"DEL06-SP";"UOP01-DEL06-SP"
300347;2020-08-09;"domingo";"02:10:00";"PR";476;112;"COLOMBO";"Desobediência às normas de trânsito pelo condutor";"Colisão frontal";"Com Vítimas Feridas";"Plena Noite";"Crescente";"Céu Claro";"Simples";"Reta";"Não";2;0;1;0;1;0;1;2;-25,318485;-49,159;"SPRF-PR";"DEL01-PR";"UOP02-DEL01-PR"
300348;2020-08-09;"domingo";"02:20:00";"PE";101;71,8;"RECIFE";"Avarias e/ou desgaste excessivo no pneu";"Colisão com objeto estático";"Com Vítimas Fatais";"Plena Noite";"Decrescente";"Chuva";"Dupla";"Curva";"Sim";1;1;0;0;0;0;0;1;-8,08493106;-34,9450639;"SPRF-PE";"DEL01-PE";"UOP01-DEL01-PE"
300350;2020-08-09;"domingo";"03:00:00";"PR";376;244;"APUCARANA";"Ingestão de Álcool";"Queda de ocupante de veículo";"Com Vítimas Feridas";"Plena Noite";"Crescente";"Céu Claro";"Dupla";"Declive";"Não";1;0;0;1;0;0;1;1;-23,596168;-51,4113587;"SPRF-PR";"DEL07-PR";"UOP03-DEL07-PR"
300351;2020-08-09;"domingo";"02:45:00";"MT";163;746;"SORRISO";"Ingestão de Álcool";"Saída de leito carroçável";"Sem Vítimas";"Plena Noite";"Crescente";"Céu Claro";"Dupla";"Rotatória";"Não";3;0;0;0;3;0;0;1;-12,5986434;-55,74748462;"SPRF-MT";"DEL06-MT";"UOP01-DEL06-MT"
300353;2020-08-09;"domingo";"03:05:00";"SP";116;55,5;"LORENA";"Ingestão de Álcool";"Colisão traseira";"Com Vítimas Feridas";"Plena Noite";"Crescente";"Céu Claro";"Dupla";"Reta";"Não";4;0;3;1;0;0;4;2;-22,76356421;-45,12272385;"SPRF-SP";"DEL08-SP";"UOP01-DEL08-SP"
300354;2020-08-09;"domingo";"03:50:00";"MG";365;620;"UBERLANDIA";"Ingestão de Álcool";"Colisão com objeto estático";"Sem Vítimas";"Plena Noite";"Decrescente";"Céu Claro";"Múltipla";"Viaduto";"Sim";1;0;0;0;1;0;0;1;-18,90349687;-48,28130603;"SPRF-MG";"DEL15-MG";"UOP01-DEL15-MG"
300355;2020-08-09;"domingo";"04:20:00";"PR";277;524;"GUARANIACU";"Falta de Atenção à Condução";"Saída de leito carroçável";"Com Vítimas Feridas";"Plena Noite";"Crescente";"Céu Claro";"Simples";"Reta";"Não";1;0;1;0;0;0;1;1;-25,11018112;-52,85167802;"SPRF-PR";"DEL04-PR";"UOP01-DEL04-PR"
300356;2020-08-09;"domingo";"04:20:00";"DF";40;5;"BRASILIA";"Falta de Atenção à Condução";"Saída de leito carroçável";"Com Vítimas Feridas";"Plena Noite";"Crescente";"Céu Claro";"Dupla";"Reta";"Sim";1;0;1;0;0;0;1;1;-16,020903;-47,980541;"SPRF-DF";"DEL01-DF";"UOP01-DEL01-DF"
300357;2020-08-09;"domingo";"04:00:00";"RS";386;354;"ESTRELA";"Velocidade Incompatível";"Saída de leito carroçável";"Sem Vítimas";"Plena Noite";"Decrescente";"Nevoeiro/Neblina";"Dupla";"Curva";"Não";1;0;0;0;0;1;0;1;-29,506611;-51,943012;"SPRF-RS";"DEL04-RS";"UOP02-DEL04-RS"
300358;2020-08-09;"domingo";"03:25:00";"MG";40;513;"RIBEIRAO DAS NEVES";"Falta de Atenção à Condução";"Colisão traseira";"Com Vítimas Feridas";"Plena Noite";"Crescente";"Nublado";"Dupla";"Reta";"Sim";4;0;1;0;3;0;1;4;-19,7970544;-44,1080512;"SPRF-MG";"DEL01-MG";"UOP02-DEL01-MG"