"id";"data_inversa";"dia_semana";"horario";"uf";"br";"km";"municipio";"causa_acidente";"tipo_acidente";"classificacao_acidente";"fase_dia";"sentido_via";"condicao_metereologica";"tipo_pista";"tracado_via";"uso_solo";"pessoas";"mortos";"feridos_leves";"feridos_graves";"ilesos";"ignorados";"feridos";"veiculos";"latitude";"longitude";"regional";"delegacia";"uop"
300359;2020-08-09;"domingo";"05:00:00";"RR";174;499;"BOA VISTA";"Falta de Atenção à Condução";"Colisão traseira";"Com Vítimas Feridas";"Amanhecer";"Decrescente";"Chuva";"Simples";"Reta";"Sim";2;0;1;0;1;0;1;2;2,772157;-60,714409;"SPRF-RR";"DEL01-RR";"UOP01-DEL01-RR"
300360;2020-08-09;"domingo";"05:00:00";"SP";116;213,4;"GUARULHOS";"Falta de Atenção à Condução";"Colisão com objeto estático";"Com Vítimas Feridas";"Plena Noite";"Decrescente";"Céu Claro";"Múltipla";"Reta";"Sim";1;0;0;1;0;0;1;1;-23,43971486;-46,43667806;"SPRF-SP";"DEL01-SP";"UOP01-DEL01-SP"
300361;2020-08-09;"domingo";"06:26:00";"SE";101;196,1;"CRISTINAPOLIS";"Falta de Atenção à Condução";"Colisão lateral";"Com Vítimas Fatais";"Amanhecer";"Crescente";"Chuva";"Simples";"Curva";"Não";1;1;0;0;0;0;0;1;-11,46225469;-37,74281194;"SPRF-SE";"DEL02-SE";"UOP03-DEL02-SE"
300362;2020-08-09;"domingo";"04:00:00";"RO";425;96;"NOVA MAMORE";"Ingestão de Álcool";"Colisão com objeto estático";"Sem Vítimas";"Plena Noite";"Crescente";"Céu Claro";"Simples";"Reta";"Não";1;0;0;0;1;0;0;1;-10,37717;-65,320763;"SPRF-RO";"DEL01-RO";"UOP03-DEL01-RO"
300363;2020-08-09;"domingo";"06:15:00";"PR";277;349,9;"GUARAPUAVA";"Falta de Atenção à Condução";"Colisão traseira";"Com Vítimas Feridas";"Amanhecer";"Crescente";"Céu Claro";"Dupla";"Interseção de Vias";"Sim";2;0;1;0;0;1;1;2;-25,39154759;-51,52300358;"SPRF-PR";"DEL08-PR";"UOP01-DEL08-PR"
300364;2020-08-09;"domingo";"07:00:00";"RJ";116;188;"NOVA IGUACU";"Condutor Dormindo";"Colisão traseira";"Sem Vítimas";"Pleno dia";"Crescente";"Céu Claro";"Múltipla";"Reta";"Não";5;0;0;0;5;0;0;2;-22,7380709;-43,48213999;"SPRF-RJ";"DEL01-RJ";"UOP02-DEL01-RJ"
300365;2020-08-09;"domingo";"08:10:00";"RJ";40;101;"DUQUE DE CAXIAS";"Mal Súbito";"Saída de leito carroçável";"Com Vítimas Feridas";"Pleno dia";"Crescente";"Céu Claro";"Múltipla";"Reta";"Sim";1;0;1;0;0;0;1;1;-22,60733544;-43,28586459;"SPRF-RJ";"DEL01-RJ";"UOP01-DEL01-RJ"
300366;2020-08-08;"sábado";"18:00:00";"BA";324;347;"CAPIM GROSSO";"Não guardar distância de segurança";"Colisão traseira";"Com Vítimas Feridas";"Pleno dia";"Crescente";"Céu Claro";"Simples";"Reta";"Não";3;0;3;0;0;0;3;2;-11,34651715;-40,07569006;"SPRF-BA";"DEL04-BA";"UOP02-DEL04-BA"
300367;2020-08-09;"domingo";"06:00:00";"AC";364;136;"RIO BRANCO";"Pista Escorregadia";"Tombamento";"Com Vítimas Feridas";"Pleno dia";"Crescente";"Céu Claro";"Dupla";"Rotatória";"Sim";1;0;0;1;0;0;1;1;-9,977578;-67,8489;"SPRF-AC";"DEL01-AC";"UOP01-DEL01-AC"
300370;2020-08-09;"domingo";"09:25:00";"SC";101;4,3;"GARUVA";"Ingestão de Álcool";"Saída de leito carroçável";"Sem Vítimas";"Pleno dia";"Decrescente";"Sol";"Dupla";"Reta";"Não";1;0;0;0;1;0;0;1;-26,00908719;-48,86448735;"SPRF-SC";"DEL03-SC";"UOP01-DEL03-SC"
300372;2020-08-09;"domingo";"03:29:00";"CE";222;310;"TIANGUA";"Ingestão de Álcool";"Colisão com objeto estático";"Com Vítimas Feridas";"Plena Noite";"Decrescente";"Céu Claro";"Simples";"Curva";"Sim";1;0;0;1;0;0;1;1;-3,70670595;-40,97707006;"SPRF-CE";"DEL04-CE";"UOP02-DEL04-CE"
300373;2020-08-09;"domingo";"07:58:00";"MS";163;476;"CAMPO GRANDE";"Falta de Atenção à Condução";"Tombamento";"Com Vítimas Feridas";"Pleno dia";"Decrescente";"Céu Claro";"Simples";"Reta";"Sim";1;0;1;0;0;0;1;1;-20,51162825;-54,56030973;"SPRF-MS";"DEL01-MS";"UOP01-DEL01-MS"
300374;2020-08-09;"domingo";"09:20:00";"ES";262;63,9;"MARECHAL FLORIANO";"Defeito na Via";"Queda de ocupante de veículo";"Com Vítimas Feridas";"Pleno dia";"Crescente";"Céu Claro";"Simples";"Curva";"Não";1;0;0;1;0;0;1;1;-20,42077468;-40,80814348;"SPRF-ES";"DEL01-ES";"UOP02-DEL01-ES"
300375;2020-08-09;"domingo";"11:25:00";"SC";101;197;"BIGUACU";"Falta de Atenção à Condução";"Colisão lateral";"Com Vítimas Feridas";"Pleno dia";"Decrescente";"Sol";"Múltipla";"Reta";"Não";3;0;2;0;0;1;2;2;-27,51844497;-48,63848496;"SPRF-SC";"DEL01-SC";"UOP01-DEL01-SC"
300376;2020-08-09;"domingo";"08:05:00";"RS";285;293,5;"PASSO FUNDO";"Falta de Atenção à Condução";"Colisão transversal";"Sem Vítimas";"Pleno dia";"Crescente";"Céu Claro";"Dupla";"Reta";"Sim";2;0;0;0;2;0;0;2;-28,236645;-52,375156;"SPRF-RS";"DEL08-RS";"UOP03-DEL08-RS"
300378;2020-08-09;"domingo";"09:00:00";"RO";364;350;"JI-PARANA";"Falta de Atenção à Condução";"Colisão traseira";"Com Vítimas Feridas";"Pleno dia";"Decrescente";"Céu Claro";"Simples";"Reta";"Não";4;0;2;0;2;0;2;2;-10,84541153;-61,99883268;"SPRF-RO";"DEL02-RO";"UOP01-DEL02-RO"
300379;2020-08-09;"domingo";"09:30:00";"BA";101;542;"SAO JOSE DA VITORIA";"Não guardar distância de segurança";"Colisão traseira";"Com Vítimas Feridas";"Pleno dia";"Decrescente";"Nublado";"Simples";"Reta";"Sim";5;0;1;0;4;0;1;2;-15,07842218;-39,33689117;"SPRF-BA";"DEL05-BA";"UOP02-DEL05-BA"
300380;2020-08-09;"domingo";"05:00:00";"ES";259;60;"COLATINA";"Falta de Atenção à Condução";"Colisão traseira";"Com Vítimas Fatais";"Amanhecer";"Decrescente";"Céu Claro";"Simples";"Reta";"Não";3;1;0;2;0;0;2;2;-19,52530482;-40,67461308;"SPRF-ES";"DEL02-ES";"UOP01-DEL02-ES"
300383;2020-08-09;"domingo";"09:20:00";"GO";60;30,5;"ALEXANIA";"Não guardar distância de segurança";"Colisão traseira";"Com Vítimas Feridas";"Pleno dia";"Crescente";"Céu Claro";"Dupla";"Reta";"Sim";2;0;1;0;1;0;1;2;-16,09448503;-48,48935008;"SPRF-DF";"DEL03-DF";"UOP01-DEL03-DF"
300385;2020-08-09;"domingo";"09:45:00";"PE";101;52,8;"PAULISTA";"Falta de Atenção à Condução";"Colisão traseira";"Com Vítimas Feridas";"Pleno dia";"Decrescente";"Chuva";"Dupla";"Reta";"Sim";2;0;1;0;1;0;1;2;-7,93016646;-34,89925817;"SPRF-PE";"DEL01-PE";"UOP02-DEL01-PE"
300386;2020-08-09;"domingo";"11:25:00";"MG";40;517,5;"RIBEIRAO DAS NEVES";"Falta de Atenção à Condução";"Colisão transversal";"Com Vítimas Feridas";"Pleno dia";"Crescente";"Céu Claro";"Dupla";"Reta";"Sim";6;0;1;2;3;0;3;4;-19,82351202;-44,08438913;"SPRF-MG";"DEL01-MG";"UOP02-DEL01-MG"
300387;2020-07-05;"domingo";"00:30:00";"PR";376;198,3;"MARIALVA";"Desobediência às normas de trânsito pelo condutor";"Colisão frontal";"Com Vítimas Fatais";"Plena Noite";"Decrescente";"Céu Claro";"Dupla";"Reta";"Não";26;3;0;1;21;1;1;3;-23,50488843;-51,74261909;"SPRF-PR";"DEL09-PR";"UOP01-DEL09-PR"
300389;2020-08-09;"domingo";"07:15:00";"SC";101;209,5;"SAO JOSE";"Ingestão de Álcool";"Colisão com objeto estático";"Sem Vítimas";"Pleno dia";"Crescente";"Céu Claro";"Múltipla";"Reta";"Sim";1;0;0;0;1;0;0;1;-27,61000542;-48,63895057;"SPRF-SC";"DEL01-SC";"UOP01-DEL01-SC"
300390;2020-08-09;"domingo";"12:00:00";"RS";290;94;"PORTO ALEGRE";"Agressão Externa";"Colisão lateral";"Sem Vítimas";"Pleno dia";"Crescente";"Sol";"Múltipla";"Curva";"Sim";5;0;0;0;5;0;0;2;-29,973856;-51,197853;"SPRF-RS";"DEL01-RS";"UOP01-DEL01-RS"
300391;2020-08-09;"domingo";"08:30:00";"PE";101;71,2;"RECIFE";"Não guardar distância de segurança";"Colisão traseira";"Com Vítimas Feridas";"Pleno dia";"Crescente";"Céu Claro";"Dupla";"Reta";"Sim";2;0;1;0;1;0;1;2;-8,078827;-34,943202;"SPRF-PE";"DEL01-PE";"UOP01-DEL01-PE"
300392;2020-08-08;"sábado";"22:00:00";"PR";153;72;"CONSELHEIRO MAIRINCK";"Objeto estático sobre o leito carroçável";"Colisão com objeto estático";"Sem Vítimas";"Plena Noite";"Crescente";"Céu Claro";"Simples";"Curva";"Não";2;0;0;0;2;0;0;2;-23,55108402;-50,12992859;"SPRF-PR";"DEL07-PR";"UOP04-DEL07-PR"
300393;2020-08-09;"domingo";"12:20:00";"PR";277;4,5;"PARANAGUA";"Falta de Atenção à Condução";"Colisão transversal";"Com Vítimas Feridas";"Pleno dia";"Decrescente";"Céu Claro";"Simples";"Reta";"Sim";2;0;0;1;1;0;1;2;-25,568198;-48,615292;"SPRF-PR";"DEL01-PR";"UOP05-DEL01-PR"
300394;2020-08-09;"domingo";"10:00:00";"PE";424;91,7;"GARANHUNS";"Falta de Atenção à Condução";"Colisão lateral";"Com Vítimas Feridas";"Pleno dia";"Crescente";"Nublado";"Simples";"Curva";"Sim";3;0;0;2;0;1;2;2;-8,90409633;-36,49974647;"SPRF-PE";"DEL03-PE";"UOP01-DEL03-PE"
300395;2020-08-09;"domingo";"06:10:00";"RJ";101;575;"PARATY";"Velocidade Incompatível";"Colisão com objeto estático";"Sem Vítimas";"Amanhecer";"Decrescente";"Céu Claro";"Simples";"Interseção de Vias";"Sim";1;0;0;0;1;0;0;1;-23,21978585;-44,73466957;"SPRF-RJ";"DEL03-RJ";"UOP04-DEL03-RJ"
300396;2020-08-09;"domingo";"10:15:00";"RS";290;536;"ALEGRETE";"Desobediência às normas de trânsito pelo condutor";"Colisão transversal";"Sem Vítimas";"Pleno dia";"Crescente";"Céu Claro";"Simples";"Reta";"Não";2;0;0;0;2;0;0;2;-30,009653;-55,395874;"SPRF-RS";"DEL13-RS";"UOP02-DEL13-RS"
300397;2020-08-09;"domingo";"11:50:00";"BA";101;164;"CONCEICAO DO JACUIPE";"Defeito na Via";"Saída de leito carroçável";"Com Vítimas Feridas";"Pleno dia";"Crescente";"Nublado";"Simples";"Reta";"Não";2;0;2;0;0;0;2;1;-12,35551436;-38,782478;"SPRF-BA";"DEL01-BA";"UOP03-DEL01-BA"
300400;2020-08-09;"domingo";"11:30:00";"RO";319;64;"PORTO VELHO";"Desobediência às normas de trânsito pelo condutor";"Colisão transversal";"Com Vítimas Feridas";"Pleno dia";"Crescente";"Céu Claro";"Dupla";"Interseção de Vias";"Sim";3;0;0;2;1;0;2;2;-8,7660558;-63,88421059;"SPRF-RO";"DEL01-RO";"UOP01-DEL01-RO"
300401;2020-08-09;"domingo";"07:50:00";"SC";101;118,9;"ITAJAI";"Defeito Mecânico no Veículo";"Tombamento";"Com Vítimas Feridas";"Pleno dia";"Decrescente";"Céu Claro";"Dupla";"Reta";"Sim";2;0;2;0;0;0;2;1;-26,895859;-48,71903;"SPRF-SC";"DEL04-SC";"UOP04-DEL04-SC"
300402;2020-08-09;"domingo";"06:30:00";"MS";163;182,3;"JUTI";"Falta de Atenção à Condução";"Saída de leito carroçável";"Sem Vítimas";"Amanhecer";"Decrescente";"Céu Claro";"Simples";"Reta";"Não";1;0;0;0;0;1;0;1;-22,82214031;-54,69452171;"SPRF-MS";"DEL09-MS";"UOP01-DEL09-MS"
300403;2020-08-09;"domingo";"11:45:00";"RJ";393;279,4;"BARRA DO PIRAI";"Desobediência às normas de trânsito pelo condutor";"Queda de ocupante de veículo";"Sem Vítimas";"Pleno dia";"Crescente";"Sol";"Simples";"Reta";"Sim";4;0;0;0;4;0;0;2;-22,47615736;-44,00889998;"SPRF-RJ";"DEL05-RJ";"UOP04-DEL05-RJ"
300404;2020-08-09;"domingo";"08:30:00";"SC";280;152,5;"MAFRA";"Velocidade Incompatível";"Tombamento";"Com Vítimas Feridas";"Pleno dia";"Decrescente";"Céu Claro";"Simples";"Reta";"Não";2;0;2;0;0;0;2;1;-26,22730215;-49,7063452;"SPRF-SC";"DEL06-SC";"UOP03-DEL06-SC"
300405;2020-08-09;"domingo";"07:00:00";"PR";277;594;"CASCAVEL";"Falta de Atenção à Condução";"Colisão transversal";"Com Vítimas Feridas";"Pleno dia";"Decrescente";"Sol";"Simples";"Reta";"Sim";2;0;0;1;1;0;1;2;-24,9794792;-53,49232599;"SPRF-PR";"DEL04-PR";"UOP01-DEL04-PR"
300406;2020-08-09;"domingo";"13:15:00";"MG";40;713,2;"BARBACENA";"Falta de Atenção à Condução";"Queda de ocupante de veículo";"Com Vítimas Feridas";"Pleno dia";"Crescente";"Céu Claro";"Dupla";"Reta";"Não";1;0;1;0;0;0;1;1;-21,24440412;-43,68834208;"SPRF-MG";"DEL05-MG";"UOP02-DEL05-MG"
300408;2020-08-09;"domingo";"13:39:00";"RJ";40;114;"DUQUE DE CAXIAS";"Pista Escorregadia";"Tombamento";"Com Vítimas Feridas";"Pleno dia";"Crescente";"Céu Claro";"Simples";"Curva";"Não";2;0;1;0;1;0;1;1;-22,71853604;-43,28993324;"SPRF-RJ";"DEL01-RJ";"UOP01-DEL01-RJ"
300409;2020-08-09;"domingo";"10:15:00";"RS";116;164;"CAXIAS DO SUL";"Desobediência às normas de trânsito pelo condutor";"Colisão frontal";"Com Vítimas Fatais";"Pleno dia";"Decrescente";"Céu Claro";"Múltipla";"Curva";"Não";2;1;1;0;0;0;1;2;-29,26344857;-51,16113999;"SPRF-RS";"DEL05-RS";"UOP02-DEL05-RS"
300410;2020-08-09;"domingo";"13:30:00";"BA";101;482;"ILHEUS";"Falta de Atenção à Condução";"Capotamento";"Com Vítimas Feridas";"Pleno dia";"Decrescente";"Garoa/Chuvisco";"Simples";"Reta;Aclive";"Não";2;0;2;0;0;0;2;1;-14,76004883;-39,30561086;"SPRF-BA";"DEL05-BA";"UOP01-DEL05-BA"
300411;2020-08-09;"domingo";"13:30:00";"SE";101;14;"CEDRO DE SAO JOAO";"Velocidade Incompatível";"Tombamento";"Com Vítimas Feridas";"Pleno dia";"Crescente";"Garoa/Chuvisco";"Dupla";"Curva";"Não";2;0;2;0;0;0;2;1;-10,31157674;-36,89174049;"SPRF-SE";"DEL02-SE";"UOP02-DEL02-SE"
300412;2020-08-09;"domingo";"14:15:00";"DF";70;11,2;"BRASILIA";"Desobediência às normas de trânsito pelo condutor";"Colisão traseira";"Com Vítimas Feridas";"Pleno dia";"Decrescente";"Céu Claro";"Dupla";"Reta;Retorno Regulamentado";"Não";2;0;2;0;0;0;2;2;-15,789762;-48,148727;"SPRF-DF";"DEL03-DF";"UOP02-DEL03-DF"
300413;2020-08-09;"domingo";"07:02:00";"RN";101;84;"SAO GONCALO DO AMARANTE";"Falta de Atenção à Condução";"Colisão traseira";"Com Vítimas Feridas";"Pleno dia";"Crescente";"Céu Claro";"Dupla";"Reta";"Sim";1;0;1;0;0;0;1;1;-5,774175;-35,2578;"SPRF-RN";"DEL02-RN";"UOP01-DEL02-RN"
300415;2020-08-09;"domingo";"14:00:00";"RS";285;262,3;"MATO CASTELHANO";"Ingestão de Álcool";"Saída de leito carroçável";"Com Vítimas Feridas";"Pleno dia";"Crescente";"Sol";"Simples";"Curva";"Sim";4;0;0;1;3;0;1;1;-28,307819;-52,099564;"SPRF-RS";"DEL08-RS";"UOP03-DEL08-RS"
300416;2020-08-09;"domingo";"13:00:00";"PR";376;417;"TIBAGI";"Ingestão de Álcool";"Capotamento";"Sem Vítimas";"Pleno dia";"Decrescente";"Céu Claro";"Simples";"Reta";"Não";1;0;0;0;0;1;0;1;-24,66728642;-50,60371491;"SPRF-PR";"DEL03-PR";"UOP02-DEL03-PR"
300419;2020-08-09;"domingo";"15:00:00";"PR";376;176,4;"MARINGA";"Desobediência às normas de trânsito pelo condutor";"Colisão frontal";"Com Vítimas Feridas";"Pleno dia";"Crescente";"Sol";"Múltipla";"Interseção de Vias";"Sim";2;0;1;0;1;0;1;2;-23,41142931;-51,93657875;"SPRF-PR";"DEL09-PR";"UOP01-DEL09-PR"
300420;2020-08-09;"domingo";"15:10:00";"RJ";40;108;"DUQUE DE CAXIAS";"Desobediência às normas de trânsito pelo condutor";"Colisão traseira";"Sem Vítimas";"Pleno dia";"Decrescente";"Céu Claro";"Múltipla";"Interseção de Vias;Curva";"Sim";4;0;0;0;2;2;0;3;-22,66455056;-43,2846265;"SPRF-RJ";"DEL01-RJ";"UOP01-DEL01-RJ"
300421;2020-08-08;"sábado";"20:00:00";"GO";452;0;"RIO VERDE";"Pista Escorregadia";"Queda de ocupante de veículo";"Com Vítimas Feridas";"Plena Noite";"Crescente";"Céu Claro";"Dupla";"Reta";"Sim";2;0;1;0;1;0;1;1;-17,786345;-50,901516;"SPRF-GO";"DEL04-GO";"UOP01-DEL04-GO"
300422;2020-08-09;"domingo";"14:30:00";"MG";381;351,8;"JOAO MONLEVADE";"Não guardar distância de segurança";"Colisão traseira";"Com Vítimas Feridas";"Pleno dia";"Crescente";"Céu Claro";"Simples";"Reta";"Não";2;0;1;0;1;0;1;2;-19,83894801;-43,18248641;"SPRF-MG";"DEL03-MG";"UOP01-DEL03-MG"
300423;2020-08-09;"domingo";"15:35:00";"PI";316;15,2;"TERESINA";"Desobediência às normas de trânsito pelo condutor";"Colisão lateral";"Com Vítimas Feridas";"Pleno dia";"Decrescente";"Sol";"Simples";"Reta";"Não";4;0;1;1;2;0;2;2;-5,22618889;-42,75017066;"SPRF-PI";"DEL01-PI";"UOP02-DEL01-PI"
300425;2020-08-09;"domingo";"15:50:00";"MG";381;481,4;"CONTAGEM";"Falta de Atenção à Condução";"Saída de leito carroçável";"Com Vítimas Feridas";"Pleno dia";"Decrescente";"Céu Claro";"Múltipla";"Declive;Curva";"Sim";1;0;0;1;0;0;1;1;-19,959122;-44,063369;"SPRF-MG";"DEL01-MG";"UOP03-DEL01-MG"
300426;2020-08-09;"domingo";"15:30:00";"ES";101;275,4;"SERRA";"Avarias e/ou desgaste excessivo no pneu";"Queda de ocupante de veículo";"Com Vítimas Feridas";"Pleno dia";"Crescente";"Céu Claro";"Múltipla";"Reta";"Sim";1;0;1;0;0;0;1;1;-20,20828089;-40,30388897;"SPRF-ES";"DEL02-ES";"UOP01-DEL02-ES"
300427;2020-08-09;"domingo";"14:30:00";"PR";369;56;"BANDEIRANTES";"Falta de Atenção à Condução";"Colisão traseira";"Com Vítimas Feridas";"Pleno dia";"Decrescente";"Céu Claro";"Simples";"Interseção de Vias";"Sim";3;0;1;0;2;0;1;2;-23,1198684;-50,37762523;"SPRF-PR";"DEL07-PR";"UOP01-DEL07-PR"
300428;2020-08-09;"domingo";"16:00:00";"RN";304;47,1;"MOSSORO";"Falta de Atenção à Condução";"Colisão lateral";"Sem Vítimas";"Pleno dia";"Decrescente";"Sol";"Dupla";"Reta";"Sim";2;0;0;0;2;0;0;2;-5,22597224;-37,33086797;"SPRF-RN";"DEL04-RN";"UOP01-DEL04-RN"
300429;2020-08-09;"domingo";"07:00:00";"MG";40;790,3;"JUIZ DE FORA";"Condutor Dormindo";"Saída de leito carroçável";"Com Vítimas Feridas";"Pleno dia";"Decrescente";"Nublado";"Dupla";"Curva";"Sim";2;0;2;0;0;0;2;1;-21,77567038;-43,43006313;"SPRF-MG";"DEL05-MG";"UOP01-DEL05-MG"
300430;2020-08-09;"domingo";"15:20:00";"RJ";116;72;"TERESOPOLIS";"Falta de Atenção à Condução";"Colisão lateral";"Com Vítimas Feridas";"Pleno dia";"Crescente";"Céu Claro";"Simples";"Curva";"Sim";4;0;2;0;2;0;2;2;-22,36422013;-42,94252574;"SPRF-RJ";"DEL04-RJ";"UOP01-DEL04-RJ"
300431;2020-08-09;"domingo";"16:17:00";"PA";163;1002;"SANTAREM";"Ingestão de Álcool";"Colisão transversal";"Com Vítimas Feridas";"Pleno dia";"Crescente";"Sol";"Simples";"Interseção de Vias";"Sim";2;0;2;0;0;0;2;2;-2,45567004;-54,72854541;"SPRF-PA";"DEL05-PA";"UOP01-DEL05-PA"
300432;2020-08-09;"domingo";"15:30:00";"SC";101;214,7;"PALHOCA";"Não guardar distância de segurança";"Colisão traseira";"Com Vítimas Feridas";"Pleno dia";"Crescente";"Céu Claro";"Simples";"Reta";"Sim";3;0;1;0;2;0;1;3;-27,64443;-48,67057;"SPRF-SC";"DEL01-SC";"UOP02-DEL01-SC"
300433;2020-08-09;"domingo";"16:29:00";"RJ";101;438;"MANGARATIBA";"Falta de Atenção à Condução";"Colisão traseira";"Sem Vítimas";"Pleno dia";"Decrescente";"Céu Claro";"Simples";"Reta";"Não";2;0;0;0;2;0;0;2;-22,9502606;-44,07417802;"SPRF-RJ";"DEL03-RJ";"UOP03-DEL03-RJ"
300434;2020-08-09;"domingo";"15:25:00";"MS";163;20,2;"MUNDO NOVO";"Desobediência às normas de trânsito pelo condutor";"Tombamento";"Com Vítimas Feridas";"Pleno dia";"Crescente";"Céu Claro";"Simples";"Rotatória";"Sim";2;0;2;0;0;0;2;1;-23,92529776;-54,2835309;"SPRF-MS";"DEL09-MS";"UOP02-DEL09-MS"
300435;2020-08-09;"domingo";"15:45:00";"BA";135;138;"RIACHAO DAS NEVES";"Falta de Atenção à Condução";"Saída de leito carroçável";"Com Vítimas Fatais";"Pleno dia";"Decrescente";"Céu Claro";"Simples";"Declive";"Não";4;1;1;2;0;0;3;1;-11,854252;-44,843846;"SPRF-BA";"DEL10-BA";"UOP01-DEL10-BA"
300437;2020-08-09;"domingo";"15:45:00";"SC";280;57,5;"GUARAMIRIM";"Não guardar distância de segurança";"Colisão traseira";"Com Vítimas Feridas";"Pleno dia";"Crescente";"Sol";"Simples";"Reta";"Sim";2;0;1;0;1;0;1;2;-26,47477952;-49,01851773;"SPRF-SC";"DEL03-SC";"UOP03-DEL03-SC"
300440;2020-08-09;"domingo";"16:45:00";"SC";101;138;"BALNEARIO CAMBORIU";"Não guardar distância de segurança";"Tombamento";"Com Vítimas Feridas";"Pleno dia";"Decrescente";"Céu Claro";"Múltipla";"Reta";"Sim";1;0;1;0;0;0;1;1;-27,02456208;-48,60717416;"SPRF-SC";"DEL04-SC";"UOP03-DEL04-SC"
300441;2020-08-09;"domingo";"16:50:00";"PR";376;6,2;"MANDAGUARI";"Desobediência às normas de trânsito pelo condutor";"Colisão frontal";"Com Vítimas Feridas";"Pleno dia";"Crescente";"Céu Claro";"Simples";"Interseção de Vias";"Sim";4;0;2;1;1;0;3;2;-23,52878;-51,67553;"SPRF-PR";"DEL09-PR";"UOP01-DEL09-PR"
300442;2020-08-09;"domingo";"16:45:00";"MG";40;478,7;"SETE LAGOAS";"Desobediência às normas de trânsito pelo condutor";"Colisão traseira";"Com Vítimas Feridas";"Pleno dia";"Decrescente";"Nublado";"Dupla";"Declive";"Não";3;0;1;0;2;0;1;2;-19,52848686;-44,25950083;"SPRF-MG";"DEL02-MG";"UOP01-DEL02-MG"
300443;2020-08-08;"sábado";"21:40:00";"PI";316;302;"PICOS";"Falta de Atenção à Condução";"Tombamento";"Sem Vítimas";"Plena Noite";"Decrescente";"Céu Claro";"Simples";"Reta";"Sim";1;0;0;0;0;1;0;1;-7,05254229;-41,53174821;"SPRF-PI";"DEL04-PI";"UOP01-DEL04-PI"
300445;2020-08-09;"domingo";"16:55:00";"PR";277;723,3;"FOZ DO IGUACU";"Falta de Atenção à Condução";"Colisão traseira";"Com Vítimas Feridas";"Anoitecer";"Decrescente";"Céu Claro";"Dupla";"Reta";"Sim";2;0;1;0;1;0;1;2;-25,49878215;-54,52985294;"SPRF-PR";"DEL05-PR";"UOP03-DEL05-PR"
300446;2020-08-09;"domingo";"16:55:00";"PR";376;616,6;"SAO JOSE DOS PINHAIS";"Falta de Atenção do Pedestre";"Atropelamento de Pedestre";"Com Vítimas Feridas";"Anoitecer";"Decrescente";"Céu Claro";"Dupla";"Curva";"Sim";3;0;0;1;2;0;1;2;-25,57583659;-49,17953679;"SPRF-PR";"DEL01-PR";"UOP04-DEL01-PR"
300448;2020-08-09;"domingo";"15:40:00";"MG";381;370,2;"SAO GONCALO DO RIO ABAIXO";"Avarias e/ou desgaste excessivo no pneu";"Saída de leito carroçável";"Sem Vítimas";"Pleno dia";"Decrescente";"Céu Claro";"Simples";"Curva";"Não";1;0;0;0;1;0;0;1;-19,85037766;-43,30242668;"SPRF-MG";"DEL01-MG";"UOP01-DEL01-MG"
300449;2020-08-09;"domingo";"15:45:00";"AM";174;885;"MANAUS";"Ingestão de Álcool";"Engavetamento";"Com Vítimas Feridas";"Pleno dia";"Decrescente";"Céu Claro";"Simples";"Reta";"Sim";10;0;2;0;8;0;2;5;-2,96448848;-60,02343676;"SPRF-AM";"DEL01-AM";"UOP01-DEL01-AM"
300450;2020-08-09;"domingo";"17:20:00";"MG";50;30,3;"ARAGUARI";"Velocidade Incompatível";"Saída de leito carroçável";"Com Vítimas Fatais";"Pleno dia";"Decrescente";"Céu Claro";"Dupla";"Curva";"Não";1;1;0;0;0;0;0;1;-18,61550987;-48,11660731;"SPRF-MG";"DEL15-MG";"UOP02-DEL15-MG"
300451;2020-08-09;"domingo";"17:10:00";"RS";386;399,2;"TRIUNFO";"Desobediência às normas de trânsito pelo condutor";"Colisão transversal";"Com Vítimas Feridas";"Pleno dia";"Crescente";"Céu Claro";"Simples";"Reta";"Não";4;0;3;1;0;0;4;2;-29,749271;-51,609505;"SPRF-RS";"DEL04-RS";"UOP02-DEL04-RS"
300452;2020-08-09;"domingo";"17:00:00";"RS";101;73;"OSORIO";"Falta de Atenção à Condução";"Colisão com objeto estático";"Com Vítimas Feridas";"Pleno dia";"Crescente";"Céu Claro";"Dupla";"Curva";"Não";1;0;1;0;0;0;1;1;-29,7706106;-50,2176213;"SPRF-RS";"DEL03-RS";"UOP01-DEL03-RS"
300454;2020-08-09;"domingo";"13:30:00";"MG";381;191,1;"PERIQUITO";"Velocidade Incompatível";"Colisão com objeto estático";"Com Vítimas Feridas";"Pleno dia";"Crescente";"Sol";"Simples";"Curva";"Não";1;0;1;0;0;0;1;1;-19,11352521;-42,20478692;"SPRF-MG";"DEL06-MG";"UOP01-DEL06-MG"
300455;2020-08-09;"domingo";"17:10:00";"ES";101;174,5;"ARACRUZ";"Falta de Atenção à Condução";"Colisão transversal";"Com Vítimas Feridas";"Pleno dia";"Decrescente";"Céu Claro";"Simples";"Reta";"Sim";2;0;1;0;1;0;1;2;-19,58517455;-40,19003749;"SPRF-ES";"DEL04-ES";"UOP01-DEL04-ES"
300456;2020-08-09;"domingo";"15:30:00";"BA";330;804;"UBATA";"Desobediência às normas de trânsito pelo condutor";"Colisão transversal";"Com Vítimas Feridas";"Pleno dia";"Crescente";"Nublado";"Simples";"Interseção de Vias";"Sim";2;0;1;0;1;0;1;2;-14,21697857;-39,51513469;"SPRF-BA";"DEL03-BA";"UOP01-DEL03-BA"