"id";"data_inversa";"dia_semana";"horario";"uf";"br";"km";"municipio";"causa_acidente";"tipo_acidente";"classificacao_acidente";"fase_dia";"sentido_via";"condicao_metereologica";"tipo_pista";"tracado_via";"uso_solo";"pessoas";"mortos";"feridos_leves";"feridos_graves";"ilesos";"ignorados";"feridos";"veiculos";"latitude";"longitude";"regional";"delegacia";"uop"
300457;2020-08-09;"domingo";"16:30:00";"MS";163;481,8;"CAMPO GRANDE";"Falta de Atenção à Condução";"Colisão traseira";"Com Vítimas Feridas";"Pleno dia";"Decrescente";"Céu Claro";"Simples";"Viaduto";"Não";2;0;1;0;0;1;1;2;-20,469381;-54,55955;"SPRF-MS";"DEL01-MS";"UOP02-DEL01-MS"
300458;2020-08-09;"domingo";"15:55:00";"CE";222;9;"CAUCAIA";"Falta de Atenção à Condução";"Colisão traseira";"Com Vítimas Feridas";"Pleno dia";"Crescente";"Céu Claro";"Dupla";"Reta";"Sim";3;0;1;0;2;0;1;2;-3,75774612;-38,64611294;"SPRF-CE";"DEL01-CE";"UOP01-DEL01-CE"
300459;2020-08-09;"domingo";"16:20:00";"RJ";493;82,9;"JAPERI";"Condutor Dormindo";"Saída de leito carroçável";"Com Vítimas Feridas";"Pleno dia";"Crescente";"Céu Claro";"Dupla";"Curva";"Não";1;0;1;0;0;0;1;1;-22,66280894;-43,59992981;"SPRF-RJ";"DEL01-RJ";"UOP03-DEL01-RJ"
300462;2020-08-09;"domingo";"17:30:00";"DF";80;26;"BRASILIA";"Desobediência às normas de trânsito pelo condutor";"Colisão transversal";"Com Vítimas Feridas";"Anoitecer";"Decrescente";"Céu Claro";"Dupla";"Interseção de Vias";"Sim";2;0;0;1;1;0;1;2;-15,61245613;-48,19831967;"SPRF-DF";"DEL03-DF";"UOP02-DEL03-DF"
300463;2020-08-09;"domingo";"17:40:00";"PR";369;63;"BANDEIRANTES";"Não guardar distância de segurança";"Colisão traseira";"Com Vítimas Feridas";"Anoitecer";"Decrescente";"Céu Claro";"Simples";"Reta";"Não";9;0;2;0;7;0;2;4;-23,132246;-50,4339667;"SPRF-PR";"DEL07-PR";"UOP01-DEL07-PR"
300464;2020-08-09;"domingo";"05:00:00";"RO";425;138;"GUAJARA-MIRIM";"Ingestão de Álcool";"Saída de leito carroçável";"Sem Vítimas";"Plena Noite";"Decrescente";"Céu Claro";"Simples";"Reta";"Não";2;0;0;0;1;1;0;2;-10,728873;-65,280136;"SPRF-RO";"DEL01-RO";"UOP03-DEL01-RO"
300465;2020-08-09;"domingo";"18:20:00";"PE";408;53,6;"NAZARE DA MATA";"Desobediência às normas de trânsito pelo condutor";"Colisão frontal";"Com Vítimas Feridas";"Plena Noite";"Crescente";"Nublado";"Simples";"Reta";"Não";2;0;0;1;1;0;1;2;-7,7544279;-35,23291346;"SPRF-PE";"DEL01-PE";"UOP01-DEL01-PE"
300466;2020-08-09;"domingo";"18:30:00";"PR";277;724,1;"FOZ DO IGUACU";"Velocidade Incompatível";"Queda de ocupante de veículo";"Com Vítimas Feridas";"Plena Noite";"Decrescente";"Céu Claro";"Dupla";"Reta";"Sim";2;0;2;0;0;0;2;1;-25,50257577;-54,53868311;"SPRF-PR";"DEL05-PR";"UOP03-DEL05-PR"
300467;2020-08-09;"domingo";"17:30:00";"RJ";116;325,5;"ITATIAIA";"Ingestão de Álcool";"Colisão com objeto estático";"Com Vítimas Feridas";"Anoitecer";"Crescente";"Céu Claro";"Dupla";"Reta";"Não";1;0;1;0;0;0;1;1;-22,4987598;-44,63959694;"SPRF-RJ";"DEL07-RJ";"UOP02-DEL07-RJ"
300470;2020-08-09;"domingo";"07:00:00";"PR";476;146;"CURITIBA";"Falta de Atenção à Condução";"Capotamento";"Com Vítimas Feridas";"Pleno dia";"Decrescente";"Céu Claro";"Dupla";"Reta";"Não";1;0;1;0;0;0;1;1;-25,551186;-49,330109;"SPRF-PR";"DEL01-PR";"UOP03-DEL01-PR"
300471;2020-08-09;"domingo";"14:20:00";"GO";364;267;"MINEIROS";"Ingestão de Álcool";"Queda de ocupante de veículo";"Com Vítimas Feridas";"Pleno dia";"Crescente";"Céu Claro";"Simples";"Reta";"Não";1;0;1;0;0;0;1;1;-17,666006;-52,285881;"SPRF-GO";"DEL05-GO";"UOP01-DEL05-GO"
300472;2020-08-09;"domingo";"18:45:00";"RJ";116;120,8;"MAGE";"Desobediência às normas de trânsito pelo condutor";"Colisão lateral";"Com Vítimas Feridas";"Plena Noite";"Crescente";"Céu Claro";"Dupla";"Reta";"Não";4;0;1;1;1;1;2;3;-22,62881711;-43,04922889;"SPRF-RJ";"DEL04-RJ";"UOP02-DEL04-RJ"
300473;2020-08-09;"domingo";"18:50:00";"PR";376;626;"SAO JOSE DOS PINHAIS";"Falta de Atenção à Condução";"Saída de leito carroçável";"Com Vítimas Feridas";"Plena Noite";"Decrescente";"Céu Claro";"Dupla";"Reta";"Sim";2;0;2;0;0;0;2;1;-25,66095117;-49,15500053;"SPRF-PR";"DEL01-PR";"UOP04-DEL01-PR"
300474;2020-08-09;"domingo";"18:20:00";"AL";104;92;"RIO LARGO";"Falta de Atenção à Condução";"Colisão lateral";"Sem Vítimas";"Plena Noite";"Crescente";"Garoa/Chuvisco";"Dupla";"Reta";"Sim";3;0;0;0;3;0;0;3;-9,51818474;-35,80329441;"SPRF-AL";"DEL01-AL";"UOP01-DEL01-AL"
300476;2020-08-09;"domingo";"18:50:00";"BA";135;168;"BARREIRAS";"Falta de Atenção à Condução";"Atropelamento de Pedestre";"Com Vítimas Feridas";"Plena Noite";"Crescente";"Céu Claro";"Simples";"Reta";"Não";2;0;1;1;0;0;2;2;-12,07296299;-44,96722177;"SPRF-BA";"DEL10-BA";"UOP01-DEL10-BA"
300478;2020-08-09;"domingo";"19:00:00";"MG";40;505,3;"RIBEIRAO DAS NEVES";"Não guardar distância de segurança";"Colisão traseira";"Com Vítimas Feridas";"Plena Noite";"Crescente";"Céu Claro";"Dupla";"Declive";"Não";3;0;1;0;2;0;1;2;-19,73838088;-44,14935661;"SPRF-MG";"DEL02-MG";"UOP01-DEL02-MG"
300479;2020-08-09;"domingo";"18:55:00";"MG";381;503,3;"BETIM";"Falta de Atenção à Condução";"Colisão traseira";"Com Vítimas Feridas";"Plena Noite";"Decrescente";"Céu Claro";"Dupla";"Reta";"Sim";4;0;1;0;2;1;1;3;-20,02490744;-44,23081756;"SPRF-MG";"DEL01-MG";"UOP03-DEL01-MG"
300480;2020-08-09;"domingo";"18:30:00";"MG";50;178,5;"UBERABA";"Velocidade Incompatível";"Saída de leito carroçável";"Com Vítimas Feridas";"Anoitecer";"Decrescente";"Céu Claro";"Dupla";"Desvio Temporário";"Sim";6;0;2;2;1;1;4;1;-19,77896821;-47,94093599;"SPRF-MG";"DEL13-MG";"UOP01-DEL13-MG"
300481;2020-08-09;"domingo";"18:30:00";"PE";232;197,8;"SANHARO";"Ingestão de Álcool";"Colisão transversal";"Sem Vítimas";"Plena Noite";"Crescente";"Nublado";"Simples";"Reta";"Não";2;0;0;0;1;1;0;2;-8,36891793;-36,580362;"SPRF-PE";"DEL02-PE";"UOP03-DEL02-PE"
300482;2020-08-09;"domingo";"09:00:00";"PI";343;338;"TERESINA";"Falta de Atenção à Condução";"Colisão traseira";"Sem Vítimas";"Pleno dia";"Crescente";"Céu Claro";"Simples";"Reta";"Não";2;0;0;0;2;0;0;2;-5,063362;-42,722912;"SPRF-PI";"DEL01-PI";"UOP01-DEL01-PI"
300484;2020-08-09;"domingo";"19:20:00";"SP";116;146,7;"SAO JOSE DOS CAMPOS";"Ingestão de Álcool";"Colisão traseira";"Sem Vítimas";"Plena Noite";"Decrescente";"Céu Claro";"Dupla";"Reta;Declive";"Sim";2;0;0;0;2;0;0;2;-23,19122919;-45,86327591;"SPRF-SP";"DEL02-SP";"UOP01-DEL02-SP"
300485;2020-08-09;"domingo";"19:00:00";"PI";343;22,7;"PARNAIBA";"Ingestão de Álcool";"Atropelamento de Pedestre";"Com Vítimas Feridas";"Plena Noite";"Decrescente";"Céu Claro";"Simples";"Reta";"Não";2;0;0;1;0;1;1;2;-3,005609;-41,766864;"SPRF-PI";"DEL05-PI";"UOP01-DEL05-PI"
300486;2020-08-09;"domingo";"17:40:00";"ES";262;91,6;"DOMINGOS MARTINS";"Falta de Atenção à Condução";"Colisão frontal";"Com Vítimas Feridas";"Anoitecer";"Decrescente";"Nublado";"Simples";"Curva";"Não";2;0;0;1;1;0;1;2;-20,37980214;-41,0390247;"SPRF-ES";"DEL01-ES";"UOP02-DEL01-ES"
300487;2020-08-09;"domingo";"16:25:00";"PE";101;177,4;"JOAQUIM NABUCO";"Ingestão de Álcool";"Saída de leito carroçável";"Com Vítimas Feridas";"Pleno dia";"Crescente";"Céu Claro";"Dupla";"Reta";"Não";2;0;2;0;0;0;2;1;-8,61465005;-35,5476602;"SPRF-PE";"DEL01-PE";"UOP03-DEL01-PE"
300488;2020-08-09;"domingo";"19:00:00";"RS";386;444;"CANOAS";"Animais na Pista";"Atropelamento de Animal";"Com Vítimas Feridas";"Plena Noite";"Crescente";"Céu Claro";"Dupla";"Reta";"Sim";6;0;1;0;3;2;1;2;-29,89339858;-51,18206263;"SPRF-RS";"DEL01-RS";"UOP01-DEL01-RS"
300489;2020-08-09;"domingo";"18:30:00";"RS";290;479;"ROSARIO DO SUL";"Ingestão de Álcool";"Colisão frontal";"Com Vítimas Feridas";"Anoitecer";"Decrescente";"Céu Claro";"Simples";"Ponte";"Não";5;0;3;0;2;0;3;2;-30,242117;-54,909534;"SPRF-RS";"DEL11-RS";"UOP02-DEL11-RS"
300490;2020-08-09;"domingo";"19:15:00";"PB";101;94,6;"CONDE";"Velocidade Incompatível";"Colisão com objeto estático";"Sem Vítimas";"Plena Noite";"Decrescente";"Chuva";"Dupla";"Curva";"Não";1;0;0;0;1;0;0;1;-7,21483297;-34,9117521;"SPRF-PB";"DEL01-PB";"UOP02-DEL01-PB"
300491;2020-08-09;"domingo";"19:00:00";"SP";116;206;"GUARULHOS";"Falta de Atenção à Condução";"Colisão traseira";"Com Vítimas Feridas";"Plena Noite";"Crescente";"Céu Claro";"Múltipla";"Reta";"Sim";3;0;1;0;2;0;1;3;-23,41722629;-46,37510292;"SPRF-SP";"DEL01-SP";"UOP01-DEL01-SP"
300492;2020-08-09;"domingo";"18:50:00";"PR";369;192;"ARAPONGAS";"Falta de Atenção à Condução";"Saída de leito carroçável";"Com Vítimas Feridas";"Anoitecer";"Decrescente";"Céu Claro";"Dupla";"Reta";"Não";1;0;1;0;0;0;1;1;-23,48193384;-51,42354112;"SPRF-PR";"DEL07-PR";"UOP03-DEL07-PR"
300493;2020-08-09;"domingo";"19:00:00";"RJ";40;116;"DUQUE DE CAXIAS";"Defeito Mecânico no Veículo";"Colisão traseira";"Com Vítimas Feridas";"Plena Noite";"Crescente";"Céu Claro";"Múltipla";"Reta";"Não";5;0;4;0;1;0;4;2;-22,73662299;-43,28858785;"SPRF-RJ";"DEL01-RJ";"UOP01-DEL01-RJ"
300494;2020-08-09;"domingo";"19:10:00";"PA";316;40;"SANTA IZABEL DO PARA";"Avarias e/ou desgaste excessivo no pneu";"Saída de leito carroçável";"Com Vítimas Feridas";"Plena Noite";"Decrescente";"Céu Claro";"Dupla";"Reta";"Não";4;0;4;0;0;0;4;1;-1,2795637;-48,12243407;"SPRF-PA";"DEL01-PA";"UOP01-DEL01-PA"
300495;2020-08-09;"domingo";"18:30:00";"MS";463;109;"PONTA PORA";"Falta de Atenção à Condução";"Colisão transversal";"Com Vítimas Feridas";"Plena Noite";"Crescente";"Céu Claro";"Dupla";"Rotatória";"Sim";3;0;2;0;1;0;2;2;-22,58271079;-55,68540573;"SPRF-MS";"DEL04-MS";"UOP03-DEL04-MS"
300496;2020-08-09;"domingo";"19:00:00";"GO";40;7,4;"LUZIANIA";"Falta de Atenção à Condução";"Colisão traseira";"Sem Vítimas";"Plena Noite";"Decrescente";"Céu Claro";"Dupla";"Reta";"Sim";2;0;0;0;2;0;0;2;-16,11385343;-47,9688406;"SPRF-DF";"DEL01-DF";"UOP01-DEL01-DF"
300498;2020-08-09;"domingo";"19:00:00";"RN";101;81;"EXTREMOZ";"Ingestão de Álcool";"Colisão traseira";"Sem Vítimas";"Plena Noite";"Decrescente";"Céu Claro";"Dupla";"Reta";"Sim";2;0;0;0;2;0;0;2;-5,76469466;-35,28295988;"SPRF-RN";"DEL02-RN";"UOP01-DEL02-RN"
300499;2020-08-09;"domingo";"19:00:00";"MG";116;527,3;"CARATINGA";"Falta de Atenção à Condução";"Colisão frontal";"Com Vítimas Feridas";"Plena Noite";"Crescente";"Céu Claro";"Simples";"Curva";"Sim";3;0;3;0;0;0;3;2;-19,78510701;-42,13445297;"SPRF-MG";"DEL06-MG";"UOP02-DEL06-MG"
300501;2020-08-09;"domingo";"19:45:00";"RJ";116;75;"TERESOPOLIS";"Falta de Atenção à Condução";"Colisão lateral";"Com Vítimas Feridas";"Plena Noite";"Crescente";"Céu Claro";"Simples";"Aclive";"Não";4;0;2;0;1;1;2;2;-22,3617791;-42,94152556;"SPRF-RJ";"DEL04-RJ";"UOP01-DEL04-RJ"
300502;2020-08-09;"domingo";"20:00:00";"PR";277;101;"CAMPO LARGO";"Defeito Mecânico no Veículo";"Queda de ocupante de veículo";"Com Vítimas Feridas";"Plena Noite";"Crescente";"Céu Claro";"Dupla";"Curva";"Não";1;0;1;0;0;0;1;1;-25,43211322;-49,36878204;"SPRF-PR";"DEL01-PR";"UOP01-DEL01-PR"
300503;2020-08-09;"domingo";"19:40:00";"PR";369;193;"ARAPONGAS";"Ingestão de Álcool";"Colisão traseira";"Sem Vítimas";"Plena Noite";"Decrescente";"Céu Claro";"Dupla";"Reta";"Não";3;0;0;0;3;0;0;2;-23,48861095;-51,42305374;"SPRF-PR";"DEL07-PR";"UOP03-DEL07-PR"
300504;2020-08-09;"domingo";"20:20:00";"GO";70;0,5;"AGUAS LINDAS DE GOIAS";"Ingestão de Álcool";"Saída de leito carroçável";"Sem Vítimas";"Plena Noite";"Crescente";"Céu Claro";"Dupla";"Reta;Declive";"Não";1;0;0;0;1;0;0;1;-15,783543;-48,2326;"SPRF-DF";"DEL03-DF";"UOP02-DEL03-DF"
300505;2020-08-09;"domingo";"18:30:00";"RN";304;58,9;"MOSSORO";"Não guardar distância de segurança";"Colisão traseira";"Com Vítimas Feridas";"Plena Noite";"Decrescente";"Céu Claro";"Simples";"Reta";"Não";3;0;2;0;0;1;2;2;-5,290236;-37,33064345;"SPRF-RN";"DEL04-RN";"UOP01-DEL04-RN"
300506;2020-08-09;"domingo";"18:40:00";"MT";163;635;"NOVA MUTUM";"Ingestão de Álcool";"Saída de leito carroçável";"Com Vítimas Feridas";"Plena Noite";"Crescente";"Céu Claro";"Simples";"Reta";"Não";1;0;1;0;0;0;1;1;-13,602345;-56,03186002;"SPRF-MT";"DEL01-MT";"UOP01-DEL01-MT"
300507;2020-08-09;"domingo";"18:30:00";"PR";277;603;"SANTA TEREZA DO OESTE";"Desobediência às normas de trânsito pelo condutor";"Queda de ocupante de veículo";"Com Vítimas Feridas";"Plena Noite";"Decrescente";"Céu Claro";"Simples";"Reta";"Não";2;0;0;1;0;1;1;2;-25,02817;-53,55983;"SPRF-PR";"DEL05-PR";"UOP02-DEL05-PR"
300509;2020-08-09;"domingo";"19:40:00";"GO";158;276;"JATAI";"Ingestão de Álcool";"Saída de leito carroçável";"Sem Vítimas";"Plena Noite";"Crescente";"Céu Claro";"Dupla";"Curva";"Sim";2;0;0;0;0;2;0;2;-17,91682918;-51,71959877;"SPRF-GO";"DEL05-GO";"UOP01-DEL05-GO"
300510;2020-08-09;"domingo";"20:00:00";"SC";101;278;"IMBITUBA";"Ingestão de Álcool";"Colisão lateral";"Com Vítimas Feridas";"Plena Noite";"Decrescente";"Céu Claro";"Múltipla";"Reta;Declive";"Sim";4;0;2;1;1;0;3;2;-28,176505;-48,695052;"SPRF-SC";"DEL02-SC";"UOP03-DEL02-SC"
300511;2020-08-09;"domingo";"19:50:00";"PB";230;24,5;"JOAO PESSOA";"Falta de Atenção do Pedestre";"Atropelamento de Pedestre";"Com Vítimas Fatais";"Plena Noite";"Crescente";"Chuva";"Múltipla";"Reta";"Sim";2;1;0;0;0;1;0;2;-7,17039786;-34,87036591;"SPRF-PB";"DEL01-PB";"UOP01-DEL01-PB"
300512;2020-08-09;"domingo";"19:45:00";"ES";101;119;"LINHARES";"Falta de Atenção à Condução";"Colisão traseira";"Com Vítimas Feridas";"Plena Noite";"Crescente";"Céu Claro";"Simples";"Reta";"Não";3;0;2;0;1;0;2;2;-19,13567283;-40,07109336;"SPRF-ES";"DEL04-ES";"UOP01-DEL04-ES"
300513;2020-08-09;"domingo";"20:00:00";"ES";101;80;"SAO MATEUS";"Falta de Atenção à Condução";"Colisão lateral";"Com Vítimas Feridas";"Plena Noite";"Decrescente";"Céu Claro";"Múltipla";"Aclive";"Não";2;0;1;0;0;1;1;2;-18,82149709;-39,90673788;"SPRF-ES";"DEL04-ES";"UOP02-DEL04-ES"
300516;2020-08-09;"domingo";"20:20:00";"RJ";40;6;"COMENDADOR LEVY GASPARIAN";"Ingestão de Álcool";"Atropelamento de Pedestre";"Sem Vítimas";"Plena Noite";"Crescente";"Céu Claro";"Dupla";"Reta";"Sim";3;0;0;0;3;0;0;2;-22,0261703;-43,23146528;"SPRF-RJ";"DEL05-RJ";"UOP02-DEL05-RJ"
300517;2020-08-09;"domingo";"19:30:00";"GO";60;101;"ANAPOLIS";"Falta de Atenção à Condução";"Tombamento";"Com Vítimas Feridas";"Plena Noite";"Crescente";"Céu Claro";"Dupla";"Reta";"Sim";1;0;1;0;0;0;1;1;-16,4022;-48,9745;"SPRF-GO";"DEL02-GO";"UOP01-DEL02-GO"
300518;2020-08-09;"domingo";"16:50:00";"GO";153;493;"GOIANIA";"Falta de Atenção à Condução";"Queda de ocupante de veículo";"Com Vítimas Feridas";"Pleno dia";"Decrescente";"Céu Claro";"Dupla";"Reta";"Sim";2;0;0;2;0;0;2;1;-16,6537;-49,2172;"SPRF-GO";"DEL01-GO";"UOP01-DEL01-GO"
300519;2020-08-09;"domingo";"15:00:00";"MA";230;406;"BALSAS";"Falta de Atenção à Condução";"Colisão traseira";"Com Vítimas Fatais";"Pleno dia";"Decrescente";"Céu Claro";"Simples";"Reta";"Sim";2;1;0;0;1;0;0;2;-7,51971965;-46,05845601;"SPRF-MA";"DEL05-MA";"UOP01-DEL05-MA"
300520;2020-08-09;"domingo";"19:00:00";"PR";163;283;"MARECHAL CANDIDO RONDON";"Desobediência às normas de trânsito pelo condutor";"Colisão transversal";"Com Vítimas Feridas";"Plena Noite";"Crescente";"Ignorado";"Simples";"Aclive";"Não";3;0;0;1;2;0;1;2;-24,56843096;-54,02038878;"SPRF-PR";"DEL06-PR";"UOP02-DEL06-PR"
300522;2020-08-09;"domingo";"19:15:00";"MG";116;413,5;"GOVERNADOR VALADARES";"Desobediência às normas de trânsito pelo condutor";"Colisão transversal";"Com Vítimas Feridas";"Plena Noite";"Crescente";"Céu Claro";"Simples";"Retorno Regulamentado";"Sim";2;0;1;0;1;0;1;2;-18,873907;-41,966366;"SPRF-MG";"DEL06-MG";"UOP01-DEL06-MG"
300523;2020-08-09;"domingo";"21:00:00";"SP";116;213;"GUARULHOS";"Ingestão de Álcool";"Atropelamento de Pedestre";"Com Vítimas Feridas";"Plena Noite";"Decrescente";"Nublado";"Múltipla";"Declive";"Sim";2;0;0;1;0;1;1;2;-23,43971486;-46,43667806;"SPRF-SP";"DEL01-SP";"UOP01-DEL01-SP"
300525;2020-08-09;"domingo";"20:49:00";"SC";101;208,7;"SAO JOSE";"Não guardar distância de segurança";"Colisão traseira";"Com Vítimas Feridas";"Plena Noite";"Decrescente";"Céu Claro";"Múltipla";"Reta";"Sim";3;0;2;0;1;0;2;2;-27,60327979;-48,63201818;"SPRF-SC";"DEL01-SC";"UOP01-DEL01-SC"
300526;2020-08-09;"domingo";"20:10:00";"MS";267;28,2;"BATAGUASSU";"Desobediência às normas de trânsito pelo condutor";"Colisão frontal";"Com Vítimas Feridas";"Plena Noite";"Decrescente";"Céu Claro";"Simples";"Reta";"Não";7;0;1;2;4;0;3;2;-21,72090146;-52,41360507;"SPRF-MS";"DEL02-MS";"UOP04-DEL02-MS"
300528;2020-08-09;"domingo";"20:35:00";"PR";277;727,5;"FOZ DO IGUACU";"Deficiência ou não Acionamento do Sistema de Iluminação/Sinalização do Veículo";"Colisão traseira";"Com Vítimas Feridas";"Plena Noite";"Crescente";"Céu Claro";"Dupla";"Reta";"Sim";3;0;0;1;2;0;1;2;-25,51017487;-54,56454899;"SPRF-PR";"DEL05-PR";"UOP03-DEL05-PR"
300529;2020-08-09;"domingo";"09:50:00";"GO";153;506;"GOIANIA";"Falta de Atenção à Condução";"Colisão com objeto estático";"Com Vítimas Feridas";"Pleno dia";"Crescente";"Céu Claro";"Simples";"Reta";"Sim";1;0;0;1;0;0;1;1;-16,7633;-49,24;"SPRF-GO";"DEL01-GO";"UOP01-DEL01-GO"
300530;2020-08-09;"domingo";"19:40:00";"BA";324;552;"AMELIA RODRIGUES";"Falta de Atenção à Condução";"Saída de leito carroçável";"Com Vítimas Feridas";"Plena Noite";"Decrescente";"Garoa/Chuvisco";"Dupla";"Reta";"Não";1;0;1;0;0;0;1;1;-12,44970237;-38,71122627;"SPRF-BA";"DEL01-BA";"UOP03-DEL01-BA"
300531;2020-08-09;"domingo";"15:15:00";"RS";116;312,3;"GUAIBA";"Falta de Atenção à Condução";"Colisão lateral";"Com Vítimas Feridas";"Pleno dia";"Decrescente";"Céu Claro";"Dupla";"Declive";"Não";3;0;0;2;1;0;2;2;-30,216436;-51,404648;"SPRF-RS";"DEL02-RS";"UOP01-DEL02-RS"
300532;2020-08-09;"domingo";"20:15:00";"SP";381;42;"ATIBAIA";"Velocidade Incompatível";"Colisão lateral";"Com Vítimas Feridas";"Plena Noite";"Crescente";"Ignorado";"Dupla";"Reta";"Sim";2;0;0;1;1;0;1;2;-23,147306;-46,57493202;"SPRF-SP";"DEL03-SP";"UOP01-DEL03-SP"
300533;2020-08-09;"domingo";"21:10:00";"SP";153;28;"NOVA GRANADA";"Falta de Atenção à Condução";"Colisão traseira";"Com Vítimas Feridas";"Plena Noite";"Decrescente";"Céu Claro";"Simples";"Reta";"Não";2;0;0;1;0;1;1;2;-20,52148;-49,326782;"SPRF-SP";"DEL09-SP";"UOP01-DEL09-SP"
300534;2020-08-09;"domingo";"19:00:00";"PA";230;510;"ANAPU";"Falta de Atenção à Condução";"Colisão frontal";"Com Vítimas Feridas";"Plena Noite";"Decrescente";"Céu Claro";"Simples";"Reta";"Não";2;0;0;1;1;0;1;2;-3,39585732;-51,29067824;"SPRF-PA";"DEL04-PA";"UOP01-DEL04-PA"
300536;2020-08-09;"domingo";"15:20:00";"MA";135;156,5;"MATOES DO NORTE";"Ingestão de Álcool";"Colisão frontal";"Com Vítimas Feridas";"Pleno dia";"Crescente";"Nevoeiro/Neblina";"Simples";"Reta";"Não";10;0;8;1;1;0;9;2;-3,81361914;-44,51476862;"SPRF-MA";"DEL01-MA";"UOP02-DEL01-MA"
300537;2020-08-09;"domingo";"21:10:00";"ES";101;190,5;"ARACRUZ";"Falta de Atenção à Condução";"Colisão lateral";"Com Vítimas Feridas";"Plena Noite";"Decrescente";"Céu Claro";"Simples";"Interseção de Vias;Curva";"Não";3;0;0;2;1;0;2;2;-19,68622389;-40,28307796;"SPRF-ES";"DEL04-ES";"UOP01-DEL04-ES"
300539;2020-08-09;"domingo";"09:40:00";"MA";316;615;"TIMON";"Desobediência às normas de trânsito pelo condutor";"Colisão transversal";"Com Vítimas Feridas";"Pleno dia";"Decrescente";"Céu Claro";"Simples";"Reta";"Não";2;0;2;0;0;0;2;2;-5,086548;-42,837265;"SPRF-MA";"DEL03-MA";"UOP02-DEL03-MA"
300540;2020-08-09;"domingo";"21:00:00";"SC";470;2;"NAVEGANTES";"Falta de Atenção à Condução";"Saída de leito carroçável";"Com Vítimas Feridas";"Plena Noite";"Decrescente";"Nublado";"Dupla";"Reta";"Não";1;0;1;0;0;0;1;1;-26,868551;-48,674831;"SPRF-SC";"DEL04-SC";"UOP04-DEL04-SC"
300542;2020-08-09;"domingo";"20:40:00";"MS";163;256,5;"DOURADOS";"Velocidade Incompatível";"Colisão traseira";"Com Vítimas Feridas";"Plena Noite";"Decrescente";"Céu Claro";"Dupla";"Reta";"Sim";2;0;0;1;0;1;1;2;-22,25900478;-54,80229747;"SPRF-MS";"DEL04-MS";"UOP01-DEL04-MS"
300543;2020-08-09;"domingo";"17:45:00";"MA";226;143,6;"SENADOR ALEXANDRE COSTA";"Ingestão de Álcool";"Colisão traseira";"Com Vítimas Fatais";"Anoitecer";"Crescente";"Céu Claro";"Simples";"Reta";"Não";3;1;0;1;1;0;1;2;-5,31645864;-43,99800288;"SPRF-MA";"DEL03-MA";"UOP02-DEL03-MA"
300544;2020-08-09;"domingo";"21:15:00";"PR";376;525;"PONTA GROSSA";"Não guardar distância de segurança";"Queda de ocupante de veículo";"Sem Vítimas";"Plena Noite";"Crescente";"Céu Claro";"Dupla";"Aclive;Curva";"Não";1;0;0;0;1;0;0;1;-25,31565784;-49,87766188;"SPRF-PR";"DEL03-PR";"UOP04-DEL03-PR"
300545;2020-08-09;"domingo";"21:35:00";"PR";277;104,5;"CAMPO LARGO";"Falta de Atenção à Condução";"Colisão lateral";"Com Vítimas Feridas";"Plena Noite";"Decrescente";"Céu Claro";"Dupla";"Reta";"Sim";2;0;0;1;0;1;1;2;-25,49678798;-49,3426549;"SPRF-PR";"DEL01-PR";"UOP01-DEL01-PR"
300546;2020-08-09;"domingo";"18:00:00";"PR";277;37,5;"MORRETES";"Desobediência às normas de trânsito pelo pedestre";"Atropelamento de Pedestre";"Com Vítimas Fatais";"Anoitecer";"Decrescente";"Céu Claro";"Dupla";"Reta";"Não";5;1;3;1;0;0;4;3;-25,56011566;-48,81439895;"SPRF-PR";"DEL01-PR";"UOP05-DEL01-PR"
300547;2020-08-09;"domingo";"22:10:00";"MG";381;557,9;"ITAGUARA";"Falta de Atenção à Condução";"Colisão traseira";"Com Vítimas Feridas";"Plena Noite";"Crescente";"Céu Claro";"Dupla";"Reta;Declive";"Não";3;0;0;1;2;0;1;2;-20,36904195;-44,46938756;"SPRF-MG";"DEL04-MG";"UOP03-DEL04-MG"
300548;2020-08-09;"domingo";"21:00:00";"DF";251;27;"BRASILIA";"Ingestão de Álcool";"Colisão traseira";"Sem Vítimas";"Plena Noite";"Decrescente";"Céu Claro";"Simples";"Declive";"Não";2;0;0;0;2;0;0;2;-15,949501;-47,692746;"SPRF-DF";"DEL01-DF";"UOP01-DEL01-DF"
300549;2020-08-09;"domingo";"21:40:00";"RJ";465;5,5;"SEROPEDICA";"Desobediência às normas de trânsito pelo condutor";"Colisão transversal";"Com Vítimas Feridas";"Plena Noite";"Decrescente";"Ignorado";"Dupla";"Reta";"Sim";2;0;0;1;1;0;1;2;-22,747673;-43,699196;"SPRF-RJ";"DEL01-RJ";"UOP03-DEL01-RJ"
300550;2020-08-09;"domingo";"01:00:00";"AL";316;79,5;"SANTANA DO IPANEMA";"Falta de Atenção à Condução";"Colisão transversal";"Com Vítimas Feridas";"Plena Noite";"Crescente";"Garoa/Chuvisco";"Simples";"Curva;Declive;Interseção de Vias";"Sim";2;0;0;1;0;1;1;2;-9,34405987;-37,28141785;"SPRF-AL";"DEL03-AL";"UOP02-DEL03-AL"