"id";"data_inversa";"dia_semana";"horario";"uf";"br";"km";"municipio";"causa_acidente";"tipo_acidente";"classificacao_acidente";"fase_dia";"sentido_via";"condicao_metereologica";"tipo_pista";"tracado_via";"uso_solo";"pessoas";"mortos";"feridos_leves";"feridos_graves";"ilesos";"ignorados";"feridos";"veiculos";"latitude";"longitude";"regional";"delegacia";"uop"
300551;2020-08-09;"domingo";"21:15:00";"SC";101;378,5;"ICARA";"Desobediência às normas de trânsito pelo condutor";"Colisão frontal";"Com Vítimas Feridas";"Plena Noite";"Crescente";"Céu Claro";"Simples";"Interseção de Vias";"Sim";2;0;1;0;0;1;1;2;-28,75175034;-49,27029669;"SPRF-SC";"DEL02-SC";"UOP02-DEL02-SC"
300552;2020-08-09;"domingo";"05:00:00";"MA";222;627;"ACAILANDIA";"Velocidade Incompatível";"Saída de leito carroçável";"Com Vítimas Fatais";"Plena Noite";"Decrescente";"Céu Claro";"Simples";"Reta";"Não";1;1;0;0;0;0;0;1;-4,77539655;-47,08598515;"SPRF-MA";"DEL04-MA";"UOP03-DEL04-MA"
300553;2020-08-09;"domingo";"21:45:00";"BA";110;395;"SAO SEBASTIAO DO PASSE";"Desobediência às normas de trânsito pelo condutor";"Colisão com objeto estático";"Sem Vítimas";"Plena Noite";"Crescente";"Nublado";"Simples";"Reta";"Sim";1;0;0;0;1;0;0;1;-12,50766107;-38,49626949;"SPRF-BA";"DEL01-BA";"UOP01-DEL01-BA"
300555;2020-08-09;"domingo";"12:00:00";"RS";116;111;"SAO MARCOS";"Ingestão de álcool e/ou substâncias psicoativas pelo pedestre";"Saída de leito carroçável";"Com Vítimas Feridas";"Pleno dia";"Decrescente";"Céu Claro";"Dupla";"Curva";"Não";1;0;1;0;0;0;1;1;-28,94156803;-51,085764;"SPRF-RS";"DEL05-RS";"UOP01-DEL05-RS"
300557;2020-08-09;"domingo";"21:30:00";"BA";407;4,5;"JUAZEIRO";"Restrição de Visibilidade";"Atropelamento de Pedestre";"Com Vítimas Feridas";"Plena Noite";"Decrescente";"Céu Claro";"Simples";"Reta";"Sim";3;0;2;1;0;0;3;2;-9,43957495;-40,49433089;"SPRF-PE";"DEL06-PE";"UOP01-DEL06-PE"
300558;2020-08-09;"domingo";"21:30:00";"SC";101;52;"JOINVILLE";"Fenômenos da Natureza";"Incêndio";"Sem Vítimas";"Plena Noite";"Crescente";"Céu Claro";"Simples";"Curva";"Não";1;0;0;0;0;1;0;1;-26,39111608;-48,83984239;"SPRF-SC";"DEL03-SC";"UOP01-DEL03-SC"
300559;2020-08-09;"domingo";"09:20:00";"ES";262;70,9;"MARECHAL FLORIANO";"Falta de Atenção do Pedestre";"Atropelamento de Pedestre";"Com Vítimas Fatais";"Plena Noite";"Decrescente";"Nublado";"Simples";"Reta";"Não";2;1;0;0;1;0;0;2;-20,416864;-40,871241;"SPRF-ES";"DEL01-ES";"UOP02-DEL01-ES"
300560;2020-08-09;"domingo";"20:40:00";"MG";40;232,9;"SAO GONCALO DO ABAETE";"Falta de Atenção à Condução";"Saída de leito carroçável";"Com Vítimas Feridas";"Plena Noite";"Decrescente";"Nublado";"Simples";"Reta";"Não";1;0;1;0;0;0;1;1;-18,01279704;-45,55425109;"SPRF-MG";"DEL14-MG";"UOP02-DEL14-MG"
300561;2020-08-09;"domingo";"18:50:00";"MG";116;116;"ITAOBIM";"Restrição de Visibilidade";"Colisão traseira";"Com Vítimas Feridas";"Plena Noite";"Crescente";"Céu Claro";"Simples";"Ponte;Reta";"Sim";2;0;1;0;0;1;1;2;-16,565216;-41,504654;"SPRF-MG";"DEL11-MG";"UOP02-DEL11-MG"
300562;2020-08-09;"domingo";"22:00:00";"SP";381;83;"SAO PAULO";"Velocidade Incompatível";"Colisão com objeto estático";"Com Vítimas Feridas";"Plena Noite";"Crescente";"Céu Claro";"Múltipla";"Reta";"Não";1;0;1;0;0;0;1;1;-23,4309671;-46,56998022;"SPRF-SP";"DEL03-SP";"UOP01-DEL03-SP"
300564;2020-08-09;"domingo";"20:15:00";"PA";230;113;"MARABA";"Falta de Atenção à Condução";"Colisão transversal";"Com Vítimas Feridas";"Plena Noite";"Decrescente";"Céu Claro";"Simples";"Reta";"Sim";2;0;0;1;0;1;1;2;-5,36689576;-49,05750094;"SPRF-PA";"DEL03-PA";"UOP01-DEL03-PA"
300565;2020-08-09;"domingo";"22:15:00";"MG";50;12,9;"UBERLANDIA";"Ingestão de Álcool";"Saída de leito carroçável";"Com Vítimas Feridas";"Plena Noite";"Decrescente";"Céu Claro";"Dupla";"Rotatória";"Não";1;0;1;0;0;0;1;1;-18,90198283;-48,18723679;"SPRF-MG";"DEL15-MG";"UOP01-DEL15-MG"
300566;2020-08-09;"domingo";"22:27:00";"PA";163;983,3;"SANTAREM";"Desobediência às normas de trânsito pelo condutor";"Colisão lateral";"Sem Vítimas";"Plena Noite";"Decrescente";"Céu Claro";"Simples";"Reta";"Não";3;0;0;0;2;1;0;2;-2,60947104;-54,72295996;"SPRF-PA";"DEL05-PA";"UOP01-DEL05-PA"
300567;2020-08-09;"domingo";"23:30:00";"PR";116;96;"SAO JOSE DOS PINHAIS";"Desobediência às normas de trânsito pelo pedestre";"Atropelamento de Pedestre";"Com Vítimas Fatais";"Plena Noite";"Crescente";"Céu Claro";"Dupla";"Reta";"Sim";3;1;0;0;0;2;0;2;-25,540823;-49,150901;"SPRF-PR";"DEL01-PR";"UOP01-DEL01-PR"
300568;2020-08-09;"domingo";"19:00:00";"RR";432;192;"CANTA";"Ingestão de Álcool";"Colisão lateral";"Sem Vítimas";"Plena Noite";"Decrescente";"Nublado";"Simples";"Reta";"Não";1;0;0;0;1;0;0;1;2,617829;-60,59556201;"SPRF-RR";"DEL01-RR";"UOP01-DEL01-RR"
300569;2020-08-09;"domingo";"23:00:00";"SC";101;118;"ITAJAI";"Falta de Atenção à Condução";"Colisão traseira";"Sem Vítimas";"Plena Noite";"Crescente";"Céu Claro";"Múltipla";"Reta";"Sim";2;0;0;0;2;0;0;2;-26,895859;-48,71903;"SPRF-SC";"DEL04-SC";"UOP04-DEL04-SC"
300570;2020-08-09;"domingo";"21:30:00";"PI";343;250,9;"CAMPO MAIOR";"Animais na Pista";"Saída de leito carroçável";"Com Vítimas Feridas";"Plena Noite";"Crescente";"Céu Claro";"Simples";"Reta";"Não";2;0;1;1;0;0;2;1;-4,725317;-42,103371;"SPRF-PI";"DEL01-PI";"UOP03-DEL01-PI"
300571;2020-08-09;"domingo";"23:30:00";"MT";158;703,3;"BARRA DO GARCAS";"Condutor Dormindo";"Saída de leito carroçável";"Com Vítimas Feridas";"Plena Noite";"Decrescente";"Céu Claro";"Simples";"Reta";"Não";3;0;2;0;1;0;2;1;-15,08227606;-52,22057023;"SPRF-MT";"DEL07-MT";"UOP01-DEL07-MT"
300572;2020-08-10;"segunda-feira";"01:00:00";"PE";101;33;"ITAPISSUMA";"Velocidade Incompatível";"Saída de leito carroçável";"Com Vítimas Feridas";"Plena Noite";"Crescente";"Chuva";"Dupla";"Reta";"Não";2;0;2;0;0;0;2;1;-7,75997061;-34,93579756;"SPRF-PE";"DEL01-PE";"UOP02-DEL01-PE"
300573;2020-08-09;"domingo";"21:55:00";"RN";405;153,6;"PAU DOS FERROS";"Ingestão de Álcool";"Colisão traseira";"Sem Vítimas";"Plena Noite";"Crescente";"Nublado";"Simples";"Reta";"Não";3;0;0;0;3;0;0;2;-6,14047;-38,20505;"SPRF-RN";"DEL04-RN";"UOP02-DEL04-RN"
300574;2020-08-10;"segunda-feira";"01:00:00";"DF";40;5;"BRASILIA";"Velocidade Incompatível";"Colisão traseira";"Sem Vítimas";"Plena Noite";"Crescente";"Céu Claro";"Dupla";"Reta";"Não";2;0;0;0;2;0;0;2;-16,020903;-47,980541;"SPRF-DF";"DEL01-DF";"UOP01-DEL01-DF"
300576;2020-08-10;"segunda-feira";"01:00:00";"PE";428;187,9;"PETROLINA";"Defeito Mecânico no Veículo";"Saída de leito carroçável";"Sem Vítimas";"Plena Noite";"Crescente";"Céu Claro";"Dupla";"Reta";"Sim";4;0;0;0;4;0;0;1;-9,35604301;-40,47854198;"SPRF-PE";"DEL06-PE";"UOP01-DEL06-PE"
300577;2020-08-10;"segunda-feira";"00:30:00";"MG";153;94,1;"PRATA";"Falta de Atenção à Condução";"Colisão com objeto estático";"Com Vítimas Feridas";"Plena Noite";"Crescente";"Céu Claro";"Simples";"Ponte;Reta";"Não";1;0;0;1;0;0;1;1;-19,17736794;-48,95075187;"SPRF-MG";"DEL15-MG";"UOP03-DEL15-MG"
300578;2020-08-10;"segunda-feira";"02:00:00";"SP";116;216;"GUARULHOS";"Não guardar distância de segurança";"Colisão traseira";"Com Vítimas Feridas";"Plena Noite";"Decrescente";"Céu Claro";"Múltipla";"Reta";"Sim";2;0;1;0;1;0;1;2;-23,45056589;-46,46258105;"SPRF-SP";"DEL01-SP";"UOP01-DEL01-SP"
300580;2020-08-10;"segunda-feira";"01:50:00";"RS";290;0;"URUGUAIANA";"Velocidade Incompatível";"Saída de leito carroçável";"Sem Vítimas";"Plena Noite";"Decrescente";"Céu Claro";"Simples";"Curva";"Não";3;0;0;0;0;3;0;2;-29,77340168;-57,05173373;"SPRF-RS";"DEL13-RS";"UOP01-DEL13-RS"
300582;2020-08-10;"segunda-feira";"01:10:00";"MS";163;462,8;"CAMPO GRANDE";"Condutor Dormindo";"Saída de leito carroçável";"Com Vítimas Feridas";"Plena Noite";"Decrescente";"Céu Claro";"Simples";"Reta";"Não";1;0;1;0;0;0;1;1;-20,62069293;-54,5742707;"SPRF-MS";"DEL01-MS";"UOP01-DEL01-MS"
300583;2020-08-10;"segunda-feira";"01:00:00";"BA";367;29;"PORTO SEGURO";"Desobediência às normas de trânsito pelo condutor";"Colisão transversal";"Com Vítimas Feridas";"Plena Noite";"Crescente";"Chuva";"Simples";"Interseção de Vias";"Não";2;0;0;1;0;1;1;2;-16,41635076;-39,11793376;"SPRF-BA";"DEL09-BA";"UOP01-DEL09-BA"
300584;2020-08-10;"segunda-feira";"02:40:00";"RJ";40;124;"RIO DE JANEIRO";"Falta de Atenção à Condução";"Capotamento";"Com Vítimas Feridas";"Plena Noite";"Crescente";"Céu Claro";"Dupla";"Reta";"Sim";1;0;1;0;0;0;1;1;-22,807953;-43,289124;"SPRF-RJ";"DEL01-RJ";"UOP01-DEL01-RJ"
300585;2020-08-10;"segunda-feira";"00:15:00";"RS";101;26;"TRES CACHOEIRAS";"Ingestão de Álcool";"Colisão lateral";"Com Vítimas Feridas";"Plena Noite";"Crescente";"Céu Claro";"Dupla";"Reta";"Não";3;0;1;0;2;0;1;2;-29,45988893;-49,93472503;"SPRF-RS";"DEL03-RS";"UOP02-DEL03-RS"
300588;2020-08-10;"segunda-feira";"01:30:00";"RS";386;8,2;"IRAI";"Falta de Atenção à Condução";"Saída de leito carroçável";"Com Vítimas Feridas";"Plena Noite";"Crescente";"Céu Claro";"Simples";"Reta";"Sim";2;0;0;2;0;0;2;1;-27,201687;-53,292805;"SPRF-RS";"DEL08-RS";"UOP02-DEL08-RS"
300592;2020-08-10;"segunda-feira";"03:45:00";"RJ";116;178;"NOVA IGUACU";"Ingestão de Álcool";"Engavetamento";"Com Vítimas Feridas";"Plena Noite";"Decrescente";"Ignorado";"Dupla";"Reta";"Sim";3;0;1;0;1;1;1;3;-22,74008982;-43,45779419;"SPRF-RJ";"DEL01-RJ";"UOP02-DEL01-RJ"
300594;2020-03-13;"sexta-feira";"01:30:00";"PI";135;349;"BOM JESUS";"Falta de Atenção do Pedestre";"Atropelamento de Pedestre";"Com Vítimas Fatais";"Plena Noite";"Crescente";"Céu Claro";"Simples";"Reta";"Não";2;1;0;0;0;1;0;2;-9,07187442;-44,33025865;"SPRF-PI";"DEL03-PI";"UOP02-DEL03-PI"
300596;2020-08-10;"segunda-feira";"05:50:00";"RJ";356;158,5;"CAMPOS DOS GOYTACAZES";"Desobediência às normas de trânsito pelo condutor";"Colisão transversal";"Com Vítimas Fatais";"Amanhecer";"Crescente";"Céu Claro";"Simples";"Interseção de Vias";"Não";2;1;0;0;1;0;0;2;-21,735727;-41,19729;"SPRF-RJ";"DEL08-RJ";"UOP02-DEL08-RJ"
300597;2020-08-10;"segunda-feira";"06:10:00";"MG";153;105;"PRATA";"Animais na Pista";"Atropelamento de Animal";"Sem Vítimas";"Amanhecer";"Decrescente";"Céu Claro";"Simples";"Reta;Declive";"Não";2;0;0;0;1;1;0;2;-19,27184081;-48,91909359;"SPRF-MG";"DEL15-MG";"UOP03-DEL15-MG"
300598;2020-08-10;"segunda-feira";"05:30:00";"RR";174;499;"BOA VISTA";"Não guardar distância de segurança";"Colisão traseira";"Com Vítimas Feridas";"Pleno dia";"Crescente";"Nublado";"Dupla";"Reta";"Não";2;0;2;0;0;0;2;1;2,772157;-60,714409;"SPRF-RR";"DEL01-RR";"UOP01-DEL01-RR"
300599;2020-08-10;"segunda-feira";"06:50:00";"PE";0;0;"SALGUEIRO";"Falta de Atenção à Condução";"Colisão lateral";"Com Vítimas Feridas";"Pleno dia";"Não Informado";"Céu Claro";"Simples";"Reta";"Não";2;0;1;0;1;0;1;2;-8,070214;-39,146778;"SPRF-PE";"DEL05-PE";"UOP01-DEL05-PE"
300603;2020-08-09;"domingo";"19:15:00";"BA";116;408;"FEIRA DE SANTANA";"Ingestão de Álcool";"Colisão traseira";"Com Vítimas Feridas";"Plena Noite";"Crescente";"Céu Claro";"Simples";"Em Obras;Reta";"Não";6;0;3;0;3;0;3;2;-12,09905801;-38,96893229;"SPRF-BA";"DEL02-BA";"UOP01-DEL02-BA"
300604;2020-08-10;"segunda-feira";"06:40:00";"MG";40;635,5;"CONSELHEIRO LAFAIETE";"Defeito Mecânico no Veículo";"Saída de leito carroçável";"Com Vítimas Feridas";"Pleno dia";"Crescente";"Céu Claro";"Simples";"Reta";"Não";2;0;2;0;0;0;2;1;-20,69796589;-43,79213914;"SPRF-MG";"DEL05-MG";"UOP02-DEL05-MG"
300608;2020-07-18;"sábado";"17:30:00";"MG";40;491,8;"ESMERALDAS";"Falta de Atenção à Condução";"Saída de leito carroçável";"Com Vítimas Feridas";"Anoitecer";"Decrescente";"Céu Claro";"Dupla";"Reta";"Não";1;0;1;0;0;0;1;1;-19,62850298;-44,20532179;"SPRF-MG";"DEL02-MG";"UOP01-DEL02-MG"
300609;2020-08-10;"segunda-feira";"07:15:00";"SC";280;239;"CANOINHAS";"Restrição de Visibilidade";"Colisão frontal";"Com Vítimas Feridas";"Amanhecer";"Crescente";"Céu Claro";"Simples";"Reta";"Não";2;0;0;1;1;0;1;2;-26,20971113;-50,44782084;"SPRF-SC";"DEL06-SC";"UOP04-DEL06-SC"
300610;2020-08-10;"segunda-feira";"07:15:00";"PR";277;173,4;"PALMEIRA";"Falta de Atenção à Condução";"Saída de leito carroçável";"Com Vítimas Feridas";"Pleno dia";"Decrescente";"Céu Claro";"Simples";"Curva";"Não";2;0;1;0;1;0;1;1;-25,429459;-50,036554;"SPRF-PR";"DEL03-PR";"UOP03-DEL03-PR"
300611;2020-08-10;"segunda-feira";"07:30:00";"CE";116;6,5;"FORTALEZA";"Ultrapassagem Indevida";"Queda de ocupante de veículo";"Com Vítimas Feridas";"Amanhecer";"Decrescente";"Céu Claro";"Múltipla";"Reta";"Sim";1;0;1;0;0;0;1;1;-3,802624;-38,50400499;"SPRF-CE";"DEL01-CE";"UOP02-DEL01-CE"
300612;2020-08-10;"segunda-feira";"07:20:00";"ES";101;300,5;"VIANA";"Velocidade Incompatível";"Colisão com objeto estático";"Com Vítimas Feridas";"Pleno dia";"Crescente";"Céu Claro";"Múltipla";"Reta";"Sim";1;0;1;0;0;0;1;1;-20,358635;-40,432167;"SPRF-ES";"DEL01-ES";"UOP01-DEL01-ES"
300613;2020-08-10;"segunda-feira";"08:00:00";"MG";40;520;"CONTAGEM";"Não guardar distância de segurança";"Colisão lateral";"Com Vítimas Feridas";"Pleno dia";"Crescente";"Céu Claro";"Dupla";"Reta";"Sim";2;0;0;1;1;0;1;2;-19,84761911;-44,07276144;"SPRF-MG";"DEL01-MG";"UOP02-DEL01-MG"
300614;2020-08-10;"segunda-feira";"07:30:00";"PE";101;79;"JABOATAO DOS GUARARAPES";"Falta de Atenção à Condução";"Colisão traseira";"Com Vítimas Feridas";"Pleno dia";"Decrescente";"Céu Claro";"Dupla";"Reta";"Sim";2;0;1;0;1;0;1;2;-8,14366112;-34,94723453;"SPRF-PE";"DEL01-PE";"UOP01-DEL01-PE"
300618;2020-08-10;"segunda-feira";"08:30:00";"BA";110;296,7;"INHAMBUPE";"Falta de Atenção à Condução";"Colisão transversal";"Com Vítimas Feridas";"Pleno dia";"Decrescente";"Céu Claro";"Simples";"Reta";"Sim";3;0;3;0;0;0;3;2;-11,871622;-38,37562193;"SPRF-BA";"DEL01-BA";"UOP04-DEL01-BA"
300619;2020-08-10;"segunda-feira";"08:50:00";"RJ";116;307;"RESENDE";"Falta de Atenção à Condução";"Colisão com objeto estático";"Com Vítimas Feridas";"Pleno dia";"Decrescente";"Céu Claro";"Dupla";"Reta";"Sim";1;0;0;1;0;0;1;1;-22,45713262;-44,41063703;"SPRF-RJ";"DEL07-RJ";"UOP02-DEL07-RJ"
300621;2020-08-10;"segunda-feira";"06:45:00";"AC";364;137;"RIO BRANCO";"Falta de Atenção à Condução";"Colisão traseira";"Com Vítimas Feridas";"Pleno dia";"Decrescente";"Sol";"Simples";"Rotatória";"Sim";3;0;1;0;2;0;1;2;-9,969169;-67,853053;"SPRF-AC";"DEL01-AC";"UOP01-DEL01-AC"
300623;2020-08-10;"segunda-feira";"09:20:00";"PE";104;29,2;"TORITAMA";"Falta de Atenção à Condução";"Engavetamento";"Sem Vítimas";"Pleno dia";"Decrescente";"Céu Claro";"Simples";"Reta";"Sim";3;0;0;0;3;0;0;3;-8,0078;-36,0621;"SPRF-PE";"DEL02-PE";"UOP01-DEL02-PE"
300624;2020-04-19;"domingo";"21:30:00";"MG";116;413;"GOVERNADOR VALADARES";"Falta de Atenção à Condução";"Colisão com objeto estático";"Com Vítimas Feridas";"Plena Noite";"Decrescente";"Ignorado";"Simples";"Reta";"Sim";1;0;0;1;0;0;1;1;-18,87369258;-41,96666133;"SPRF-MG";"DEL06-MG";"UOP01-DEL06-MG"
300625;2020-08-10;"segunda-feira";"08:05:00";"PR";116;123;"CURITIBA";"Falta de Atenção à Condução";"Colisão lateral";"Com Vítimas Feridas";"Pleno dia";"Decrescente";"Céu Claro";"Dupla";"Reta";"Sim";2;0;1;0;1;0;1;2;-25,6218071;-49,3158963;"SPRF-PR";"DEL01-PR";"UOP03-DEL01-PR"
300628;2020-08-10;"segunda-feira";"09:10:00";"RJ";101;59;"CAMPOS DOS GOYTACAZES";"Velocidade Incompatível";"Colisão transversal";"Com Vítimas Feridas";"Pleno dia";"Crescente";"Céu Claro";"Simples";"Reta";"Sim";3;0;0;1;2;0;1;2;-21,71366497;-41,30861915;"SPRF-RJ";"DEL08-RJ";"UOP01-DEL08-RJ"
300629;2020-08-09;"domingo";"16:00:00";"BA";324;301,5;"JACOBINA";"Ultrapassagem Indevida";"Saída de leito carroçável";"Com Vítimas Feridas";"Pleno dia";"Crescente";"Garoa/Chuvisco";"Simples";"Aclive;Em Obras;Curva";"Não";1;0;1;0;0;0;1;1;-11,20769697;-40,47346099;"SPRF-BA";"DEL04-BA";"UOP02-DEL04-BA"
300630;2020-08-09;"domingo";"18:00:00";"BA";324;299;"JACOBINA";"Ultrapassagem Indevida";"Colisão lateral";"Com Vítimas Feridas";"Plena Noite";"Crescente";"Nublado";"Simples";"Curva";"Não";5;0;1;0;4;0;1;2;-11,2020243;-40,49072122;"SPRF-BA";"DEL04-BA";"UOP02-DEL04-BA"
300631;2020-08-10;"segunda-feira";"09:05:00";"AP";210;3;"MACAPA";"Não guardar distância de segurança";"Colisão traseira";"Com Vítimas Feridas";"Pleno dia";"Crescente";"Céu Claro";"Simples";"Reta";"Sim";3;0;0;1;1;1;1;3;0,08293;-51,07853007;"SPRF-AP";"DEL01-AP";"UOP01-DEL01-AP"
300632;2020-08-10;"segunda-feira";"10:00:00";"RJ";116;85;"TERESOPOLIS";"Pista Escorregadia";"Queda de ocupante de veículo";"Com Vítimas Feridas";"Pleno dia";"Crescente";"Céu Claro";"Simples";"Reta";"Não";1;0;1;0;0;0;1;1;-22,42972396;-42,95095697;"SPRF-RJ";"DEL04-RJ";"UOP01-DEL04-RJ"
300633;2020-08-10;"segunda-feira";"09:50:00";"MG";267;277,3;"AIURUOCA";"Falta de Atenção à Condução";"Colisão frontal";"Com Vítimas Feridas";"Pleno dia";"Crescente";"Céu Claro";"Simples";"Curva";"Não";3;0;1;1;1;0;2;3;-21,93263164;-44,70242991;"SPRF-MG";"DEL17-MG";"UOP01-DEL17-MG"
300635;2020-08-10;"segunda-feira";"10:10:00";"MG";40;649,5;"CONSELHEIRO LAFAIETE";"Falta de Atenção à Condução";"Colisão transversal";"Com Vítimas Feridas";"Pleno dia";"Crescente";"Céu Claro";"Simples";"Aclive;Reta";"Sim";4;0;0;1;3;0;1;2;-20,81734393;-43,81138816;"SPRF-MG";"DEL05-MG";"UOP02-DEL05-MG"
300637;2020-06-12;"sexta-feira";"18:10:00";"SC";101;330,6;"TUBARAO";"Desobediência às normas de trânsito pelo condutor";"Colisão transversal";"Com Vítimas Feridas";"Pleno dia";"Decrescente";"Céu Claro";"Simples";"Interseção de Vias";"Sim";2;0;0;1;1;0;1;2;-28,45115639;-48,97286879;"SPRF-SC";"DEL02-SC";"UOP01-DEL02-SC"
300640;2020-08-10;"segunda-feira";"11:00:00";"MG";40;603,4;"CONGONHAS";"Carga excessiva e/ou mal acondicionada";"Queda de ocupante de veículo";"Com Vítimas Feridas";"Pleno dia";"Crescente";"Céu Claro";"Simples";"Curva";"Não";1;0;1;0;0;0;1;1;-20,44326;-43,83981;"SPRF-MG";"DEL05-MG";"UOP02-DEL05-MG"
300642;2020-08-10;"segunda-feira";"03:23:00";"RN";101;97,5;"NATAL";"Ingestão de Álcool";"Colisão com objeto estático";"Com Vítimas Feridas";"Plena Noite";"Decrescente";"Céu Claro";"Múltipla";"Reta";"Sim";5;0;1;0;0;4;1;5;-5,860694;-35,214069;"SPRF-RN";"DEL01-RN";"UOP01-DEL01-RN"
300643;2020-08-10;"segunda-feira";"10:45:00";"RS";158;326;"SANTA MARIA";"Falta de Atenção do Pedestre";"Atropelamento de Pedestre";"Com Vítimas Feridas";"Pleno dia";"Decrescente";"Céu Claro";"Simples";"Reta";"Sim";2;0;2;0;0;0;2;2;-29,71421827;-53,81459893;"SPRF-RS";"DEL09-RS";"UOP01-DEL09-RS"
300645;2020-08-10;"segunda-feira";"09:10:00";"RO";364;17,8;"VILHENA";"Desobediência às normas de trânsito pelo condutor";"Colisão traseira";"Com Vítimas Feridas";"Pleno dia";"Decrescente";"Sol";"Simples";"Reta";"Sim";3;0;0;1;2;0;1;2;-12,730307;-60,172388;"SPRF-RO";"DEL04-RO";"UOP01-DEL04-RO"
300646;2020-08-10;"segunda-feira";"12:20:00";"PE";232;7,9;"RECIFE";"Falta de Atenção do Pedestre";"Atropelamento de Pedestre";"Com Vítimas Feridas";"Pleno dia";"Crescente";"Céu Claro";"Dupla";"Reta";"Sim";2;0;1;0;0;1;1;2;-8,075825;-34,970552;"SPRF-PE";"DEL01-PE";"UOP01-DEL01-PE"
300647;2020-08-10;"segunda-feira";"12:30:00";"RN";304;119,2;"ITAJA";"Falta de Atenção à Condução";"Colisão traseira";"Sem Vítimas";"Pleno dia";"Decrescente";"Céu Claro";"Simples";"Interseção de Vias";"Não";2;0;0;0;2;0;0;2;-5,6259351;-36,87237305;"SPRF-RN";"DEL04-RN";"UOP01-DEL04-RN"
300648;2020-08-10;"segunda-feira";"12:00:00";"MG";50;203;"DELTA";"Mal Súbito";"Saída de leito carroçável";"Com Vítimas Feridas";"Pleno dia";"Crescente";"Céu Claro";"Dupla";"Reta";"Não";1;0;1;0;0;0;1;1;-19,96205485;-47,79911041;"SPRF-MG";"DEL13-MG";"UOP01-DEL13-MG"
300650;2020-08-10;"segunda-feira";"11:20:00";"RS";287;330,1;"SAO VICENTE DO SUL";"Sinalização da via insuficiente ou inadequada";"Colisão frontal";"Com Vítimas Feridas";"Pleno dia";"Decrescente";"Céu Claro";"Simples";"Em Obras;Interseção de Vias;Curva";"Não";3;0;2;0;1;0;2;2;-29,68461342;-54,66534019;"SPRF-RS";"DEL12-RS";"UOP02-DEL12-RS"
300651;2020-08-10;"segunda-feira";"10:30:00";"AL";316;14;"MATA GRANDE";"Falta de Atenção à Condução";"Saída de leito carroçável";"Com Vítimas Feridas";"Pleno dia";"Crescente";"Céu Claro";"Simples";"Reta";"Não";1;0;0;1;0;0;1;1;-9,03528793;-37,77968586;"SPRF-AL";"DEL03-AL";"UOP02-DEL03-AL"
300653;2020-08-10;"segunda-feira";"11:30:00";"PI";135;68,2;"JERUMENHA";"Falta de Atenção à Condução";"Tombamento";"Com Vítimas Feridas";"Pleno dia";"Decrescente";"Céu Claro";"Simples";"Reta";"Não";1;0;1;0;0;0;1;1;-7,25712836;-43,66870969;"SPRF-PI";"DEL03-PI";"UOP01-DEL03-PI"
300654;2020-03-03;"terça-feira";"06:30:00";"PE";408;86,4;"PAUDALHO";"Desobediência às normas de trânsito pelo condutor";"Colisão lateral";"Com Vítimas Feridas";"Pleno dia";"Decrescente";"Céu Claro";"Dupla";"Reta";"Não";2;0;1;0;1;0;1;2;-7,96010995;-35,09554697;"SPRF-PE";"DEL01-PE";"UOP01-DEL01-PE"
300655;2020-08-10;"segunda-feira";"13:30:00";"MG";381;408;"BOM JESUS DO AMPARO";"Falta de Atenção à Condução";"Colisão com objeto estático";"Com Vítimas Feridas";"Pleno dia";"Crescente";"Céu Claro";"Simples";"Reta";"Não";1;0;1;0;0;0;1;1;-19,72515688;-43,56957794;"SPRF-MG";"DEL01-MG";"UOP01-DEL01-MG"
300656;2020-08-10;"segunda-feira";"13:40:00";"MG";50;40,7;"ARAGUARI";"Falta de Atenção à Condução";"Saída de leito carroçável";"Com Vítimas Feridas";"Pleno dia";"Crescente";"Céu Claro";"Dupla";"Declive;Reta";"Não";3;0;3;0;0;0;3;1;-18,673214;-48,177773;"SPRF-MG";"DEL15-MG";"UOP02-DEL15-MG"
300657;2020-08-10;"segunda-feira";"12:14:00";"PE";104;15,6;"TAQUARITINGA DO NORTE";"Falta de Atenção à Condução";"Capotamento";"Com Vítimas Feridas";"Pleno dia";"Decrescente";"Céu Claro";"Simples";"Reta";"Não";1;0;1;0;0;0;1;1;-7,914735;-36,116093;"SPRF-PE";"DEL02-PE";"UOP01-DEL02-PE"
300658;2020-08-10;"segunda-feira";"11:20:00";"RJ";101;208;"CASIMIRO DE ABREU";"Falta de Atenção à Condução";"Colisão frontal";"Com Vítimas Fatais";"Pleno dia";"Crescente";"Céu Claro";"Simples";"Curva";"Sim";2;1;1;0;0;0;1;2;-22,4806698;-42,22017209;"SPRF-RJ";"DEL08-RJ";"UOP04-DEL08-RJ"
300659;2020-08-10;"segunda-feira";"13:50:00";"SP";116;100,9;"PINDAMONHANGABA";"Defeito Mecânico no Veículo";"Tombamento";"Com Vítimas Feridas";"Pleno dia";"Crescente";"Sol";"Dupla";"Reta";"Não";2;0;2;0;0;0;2;1;-22,986552;-45,47276;"SPRF-SP";"DEL06-SP";"UOP01-DEL06-SP"
300660;2020-08-10;"segunda-feira";"10:00:00";"BA";110;236;"OLINDINA";"Defeito na Via";"Colisão frontal";"Com Vítimas Feridas";"Pleno dia";"Crescente";"Céu Claro";"Simples";"Reta";"Não";3;0;2;0;0;1;2;2;-11,356341;-38,334884;"SPRF-BA";"DEL07-BA";"UOP02-DEL07-BA"