"id";"data_inversa";"dia_semana";"horario";"uf";"br";"km";"municipio";"causa_acidente";"tipo_acidente";"classificacao_acidente";"fase_dia";"sentido_via";"condicao_metereologica";"tipo_pista";"tracado_via";"uso_solo";"pessoas";"mortos";"feridos_leves";"feridos_graves";"ilesos";"ignorados";"feridos";"veiculos";"latitude";"longitude";"regional";"delegacia";"uop"
300661;2020-08-10;"segunda-feira";"13:20:00";"RJ";116;72;"TERESOPOLIS";"Falta de Atenção à Condução";"Queda de ocupante de veículo";"Com Vítimas Feridas";"Pleno dia";"Decrescente";"Céu Claro";"Simples";"Curva";"Sim";1;0;1;0;0;0;1;1;-22,336229;-42,938663;"SPRF-RJ";"DEL04-RJ";"UOP01-DEL04-RJ"
300662;2020-06-03;"quarta-feira";"19:00:00";"MS";158;36;"PARANAIBA";"Falta de Atenção à Condução";"Tombamento";"Com Vítimas Feridas";"Plena Noite";"Crescente";"Ignorado";"Simples";"Reta";"Não";3;0;1;1;0;1;2;2;-19,28295923;-51,48398215;"SPRF-MS";"DEL08-MS";"UOP01-DEL08-MS"
300665;2020-08-10;"segunda-feira";"11:15:00";"PR";376;34,2;"NOVA LONDRINA";"Falta de Atenção à Condução";"Colisão transversal";"Com Vítimas Feridas";"Pleno dia";"Decrescente";"Céu Claro";"Simples";"Reta";"Não";2;0;0;1;1;0;1;2;-22,80483501;-53,002995;"SPRF-PR";"DEL09-PR";"UOP02-DEL09-PR"
300666;2020-08-10;"segunda-feira";"13:35:00";"RO";319;63,4;"PORTO VELHO";"Desobediência às normas de trânsito pelo condutor";"Colisão transversal";"Com Vítimas Feridas";"Pleno dia";"Decrescente";"Sol";"Dupla";"Interseção de Vias";"Sim";2;0;0;1;1;0;1;2;-8,766685;-63,884052;"SPRF-RO";"DEL01-RO";"UOP01-DEL01-RO"
300667;2020-08-10;"segunda-feira";"11:15:00";"MT";70;3;"BARRA DO GARCAS";"Pista Escorregadia";"Queda de ocupante de veículo";"Com Vítimas Feridas";"Pleno dia";"Crescente";"Céu Claro";"Dupla";"Rotatória";"Não";1;0;1;0;0;0;1;1;-15,88252843;-52,27574027;"SPRF-MT";"DEL07-MT";"UOP01-DEL07-MT"
300671;2020-08-10;"segunda-feira";"14:00:00";"RO";364;200;"PIMENTA BUENO";"Velocidade Incompatível";"Colisão traseira";"Sem Vítimas";"Pleno dia";"Decrescente";"Sol";"Simples";"Reta";"Sim";2;0;0;0;2;0;0;2;-11,652558;-61,19286;"SPRF-RO";"DEL02-RO";"UOP02-DEL02-RO"
300673;2020-08-10;"segunda-feira";"14:30:00";"AL";101;31;"JOAQUIM GOMES";"Falta de Atenção à Condução";"Colisão frontal";"Com Vítimas Feridas";"Pleno dia";"Crescente";"Céu Claro";"Simples";"Reta";"Não";5;0;2;3;0;0;5;2;-9,09275579;-35,74995409;"SPRF-AL";"DEL01-AL";"UOP02-DEL01-AL"
300674;2020-08-10;"segunda-feira";"14:35:00";"RS";471;171,4;"RIO PARDO";"Desobediência às normas de trânsito pelo condutor";"Colisão transversal";"Com Vítimas Feridas";"Pleno dia";"Decrescente";"Céu Claro";"Simples";"Declive";"Sim";3;0;0;2;1;0;2;2;-29,95710971;-52,37077475;"SPRF-RS";"DEL02-RS";"UOP03-DEL02-RS"
300675;2020-08-10;"segunda-feira";"15:10:00";"BA";324;619;"SALVADOR";"Defeito Mecânico no Veículo";"Queda de ocupante de veículo";"Com Vítimas Feridas";"Pleno dia";"Decrescente";"Nublado";"Dupla";"Reta";"Sim";2;0;1;0;1;0;1;2;-12,91254848;-38,45927238;"SPRF-BA";"DEL01-BA";"UOP01-DEL01-BA"
300676;2020-08-10;"segunda-feira";"15:00:00";"SC";282;16,2;"PALHOCA";"Não guardar distância de segurança";"Colisão transversal";"Com Vítimas Feridas";"Pleno dia";"Crescente";"Céu Claro";"Simples";"Interseção de Vias";"Sim";2;0;0;1;1;0;1;2;-27,66103551;-48,68397921;"SPRF-SC";"DEL01-SC";"UOP02-DEL01-SC"
300677;2020-07-25;"sábado";"13:45:00";"RJ";101;320;"NITEROI";"Falta de Atenção à Condução";"Colisão lateral";"Com Vítimas Feridas";"Pleno dia";"Crescente";"Sol";"Dupla";"Curva";"Sim";3;0;1;0;1;1;1;3;-22,86171098;-43,10714015;"SPRF-RJ";"DEL02-RJ";"UOP02-DEL02-RJ"
300678;2020-08-09;"domingo";"10:10:00";"MG";262;183;"SAO DOMINGOS DO PRATA";"Desobediência às normas de trânsito pelo condutor";"Colisão transversal";"Com Vítimas Feridas";"Pleno dia";"Crescente";"Nublado";"Simples";"Curva";"Não";2;0;0;1;1;0;1;2;-19,91043124;-43,02115533;"SPRF-MG";"DEL03-MG";"UOP01-DEL03-MG"
300680;2020-08-09;"domingo";"18:50:00";"GO";0;0;"PADRE BERNARDO";"Falta de Atenção à Condução";"Colisão lateral";"Com Vítimas Feridas";"Plena Noite";"Não Informado";"Céu Claro";"Simples";"Reta";"Não";3;0;1;0;2;0;1;2;-15,18878376;-48,38241577;"SPRF-DF";"DEL03-DF";"UOP02-DEL03-DF"
300681;2020-07-22;"quarta-feira";"22:00:00";"GO";0;0;"PADRE BERNARDO";"Velocidade Incompatível";"Colisão com objeto estático";"Com Vítimas Feridas";"Plena Noite";"Não Informado";"Céu Claro";"Dupla";"Interseção de Vias";"Sim";1;0;1;0;0;0;1;1;-15,288607;-48,248115;"SPRF-DF";"DEL03-DF";"UOP02-DEL03-DF"
300682;2020-07-24;"sexta-feira";"17:30:00";"RO";364;518;"ARIQUEMES";"Falta de Atenção à Condução";"Colisão traseira";"Com Vítimas Feridas";"Pleno dia";"Decrescente";"Céu Claro";"Simples";"Rotatória";"Não";3;0;1;1;1;0;2;2;-9,897787;-63,05624596;"SPRF-RO";"DEL03-RO";"UOP01-DEL03-RO"
300683;2020-08-10;"segunda-feira";"15:30:00";"CE";222;220,5;"SOBRAL";"Falta de Atenção à Condução";"Capotamento";"Com Vítimas Feridas";"Pleno dia";"Decrescente";"Sol";"Simples";"Interseção de Vias";"Não";2;0;2;0;0;0;2;1;-3,7258543;-40,3364656;"SPRF-CE";"DEL04-CE";"UOP01-DEL04-CE"
300685;2020-08-10;"segunda-feira";"16:10:00";"PB";101;92;"JOAO PESSOA";"Ingestão de Álcool";"Colisão com objeto estático";"Com Vítimas Feridas";"Pleno dia";"Decrescente";"Céu Claro";"Dupla";"Aclive;Reta";"Sim";2;0;2;0;0;0;2;1;-7,19683829;-34,90588313;"SPRF-PB";"DEL01-PB";"UOP02-DEL01-PB"
300687;2020-08-10;"segunda-feira";"16:10:00";"PE";101;68;"RECIFE";"Falta de Atenção à Condução";"Colisão traseira";"Com Vítimas Feridas";"Pleno dia";"Crescente";"Sol";"Dupla";"Viaduto";"Sim";2;0;0;1;0;1;1;2;-8,05074296;-34,94580619;"SPRF-PE";"DEL01-PE";"UOP01-DEL01-PE"
300689;2020-08-10;"segunda-feira";"16:55:00";"SP";101;43;"UBATUBA";"Falta de Atenção à Condução";"Tombamento";"Com Vítimas Feridas";"Pleno dia";"Decrescente";"Céu Claro";"Simples";"Rotatória";"Sim";1;0;0;1;0;0;1;1;-23,40955863;-45,05958796;"SPRF-SP";"DEL06-SP";"UOP01-DEL06-SP"
300691;2020-08-10;"segunda-feira";"17:00:00";"MG";365;612;"UBERLANDIA";"Falta de Atenção à Condução";"Tombamento";"Com Vítimas Feridas";"Pleno dia";"Crescente";"Céu Claro";"Simples";"Reta";"Sim";1;0;0;1;0;0;1;1;-18,92793854;-48,19198317;"SPRF-MG";"DEL15-MG";"UOP01-DEL15-MG"
300695;2020-08-10;"segunda-feira";"16:55:00";"CE";20;206;"BOA VIAGEM";"Defeito Mecânico no Veículo";"Incêndio";"Sem Vítimas";"Anoitecer";"Decrescente";"Céu Claro";"Simples";"Reta";"Sim";1;0;0;0;1;0;0;1;-5,10980224;-39,71910555;"SPRF-CE";"DEL02-CE";"UOP02-DEL02-CE"
300696;2020-08-10;"segunda-feira";"17:45:00";"PR";376;186;"SARANDI";"Ingestão de Álcool";"Colisão traseira";"Com Vítimas Feridas";"Pleno dia";"Decrescente";"Céu Claro";"Dupla";"Retorno Regulamentado";"Sim";2;0;1;0;1;0;1;2;-23,45117267;-51,85439318;"SPRF-PR";"DEL09-PR";"UOP01-DEL09-PR"
300697;2020-08-10;"segunda-feira";"17:00:00";"SC";163;102;"SAO JOSE DO CEDRO";"Falta de Atenção à Condução";"Colisão frontal";"Com Vítimas Feridas";"Pleno dia";"Crescente";"Céu Claro";"Simples";"Reta";"Sim";2;0;1;0;1;0;1;2;-26,4546676;-53,51019859;"SPRF-SC";"DEL07-SC";"UOP03-DEL07-SC"
300698;2020-07-31;"sexta-feira";"23:50:00";"MS";463;1,4;"DOURADOS";"Falta de Atenção à Condução";"Colisão traseira";"Com Vítimas Feridas";"Plena Noite";"Crescente";"Céu Claro";"Simples";"Reta";"Sim";3;0;0;2;0;1;2;2;-22,25903335;-54,81786368;"SPRF-MS";"DEL04-MS";"UOP01-DEL04-MS"
300699;2020-08-10;"segunda-feira";"17:50:00";"PE";408;80;"PAUDALHO";"Desobediência às normas de trânsito pelo condutor";"Colisão lateral";"Com Vítimas Feridas";"Plena Noite";"Crescente";"Nublado";"Dupla";"Reta";"Não";2;0;1;0;1;0;1;2;-7,9310439;-35,13844295;"SPRF-PE";"DEL01-PE";"UOP01-DEL01-PE"
300700;2020-08-10;"segunda-feira";"17:05:00";"ES";101;270,6;"SERRA";"Desobediência às normas de trânsito pelo condutor";"Colisão transversal";"Com Vítimas Feridas";"Pleno dia";"Decrescente";"Sol";"Dupla";"Interseção de Vias";"Sim";3;0;2;0;1;0;2;2;-20,22662056;-40,27075088;"SPRF-ES";"DEL02-ES";"UOP01-DEL02-ES"
300702;2020-08-10;"segunda-feira";"17:30:00";"SP";153;54,7;"SAO JOSE DO RIO PRETO";"Não guardar distância de segurança";"Colisão traseira";"Com Vítimas Feridas";"Anoitecer";"Crescente";"Céu Claro";"Simples";"Declive";"Sim";3;0;2;0;1;0;2;2;-20,74488916;-49,33894564;"SPRF-SP";"DEL09-SP";"UOP01-DEL09-SP"
300703;2020-08-10;"segunda-feira";"18:00:00";"PB";230;14;"CABEDELO";"Ingestão de Álcool";"Colisão traseira";"Com Vítimas Feridas";"Plena Noite";"Crescente";"Garoa/Chuvisco";"Dupla";"Reta";"Sim";2;0;0;1;1;0;1;2;-7,0844;-34,8488;"SPRF-PB";"DEL01-PB";"UOP01-DEL01-PB"
300706;2020-08-10;"segunda-feira";"18:00:00";"BA";116;401;"FEIRA DE SANTANA";"Desobediência às normas de trânsito pelo condutor";"Atropelamento de Animal";"Com Vítimas Feridas";"Plena Noite";"Decrescente";"Nublado";"Simples";"Reta";"Não";2;0;2;0;0;0;2;2;-12,03752701;-38,9705402;"SPRF-BA";"DEL02-BA";"UOP01-DEL02-BA"
300708;2020-08-10;"segunda-feira";"16:25:00";"MA";135;16;"SAO LUIS";"Falta de Atenção à Condução";"Colisão traseira";"Com Vítimas Feridas";"Pleno dia";"Crescente";"Chuva";"Dupla";"Reta";"Sim";3;0;1;0;2;0;1;2;-2,70264079;-44,31049629;"SPRF-MA";"DEL01-MA";"UOP01-DEL01-MA"
300709;2020-06-07;"domingo";"16:55:00";"RN";101;125;"SAO JOSE DE MIPIBU";"Falta de Atenção à Condução";"Queda de ocupante de veículo";"Com Vítimas Feridas";"Pleno dia";"Crescente";"Ignorado";"Dupla";"Reta";"Sim";1;0;0;1;0;0;1;1;-6,07815599;-35,23412006;"SPRF-RN";"DEL01-RN";"UOP01-DEL01-RN"
300711;2020-08-10;"segunda-feira";"18:30:00";"MG";262;136,7;"RIO CASCA";"Velocidade Incompatível";"Saída de leito carroçável";"Com Vítimas Feridas";"Plena Noite";"Crescente";"Céu Claro";"Simples";"Reta";"Não";1;0;1;0;0;0;1;1;-20,1044888;-42,6979689;"SPRF-MG";"DEL03-MG";"UOP03-DEL03-MG"
300712;2020-08-10;"segunda-feira";"17:25:00";"MS";163;484,4;"CAMPO GRANDE";"Desobediência às normas de trânsito pelo condutor";"Colisão transversal";"Com Vítimas Feridas";"Anoitecer";"Decrescente";"Céu Claro";"Simples";"Reta";"Sim";2;0;1;0;1;0;1;2;-20,45104898;-54,5403266;"SPRF-MS";"DEL01-MS";"UOP02-DEL01-MS"
300715;2020-08-10;"segunda-feira";"18:40:00";"CE";116;11,5;"FORTALEZA";"Falta de Atenção do Pedestre";"Atropelamento de Pedestre";"Com Vítimas Feridas";"Plena Noite";"Decrescente";"Céu Claro";"Múltipla";"Reta";"Sim";2;0;1;1;0;0;2;2;-3,84394724;-38,49891546;"SPRF-CE";"DEL01-CE";"UOP02-DEL01-CE"
300716;2020-08-10;"segunda-feira";"09:30:00";"SC";163;69,7;"SAO MIGUEL DO OESTE";"Desobediência às normas de trânsito pelo condutor";"Colisão transversal";"Com Vítimas Feridas";"Pleno dia";"Decrescente";"Sol";"Dupla";"Reta";"Sim";2;0;1;0;1;0;1;2;-26,74132699;-53,50120591;"SPRF-SC";"DEL07-SC";"UOP03-DEL07-SC"
300717;2020-08-10;"segunda-feira";"18:00:00";"MT";364;399;"CUIABA";"Sinalização da via insuficiente ou inadequada";"Colisão transversal";"Com Vítimas Feridas";"Anoitecer";"Crescente";"Céu Claro";"Simples";"Interseção de Vias";"Sim";3;0;2;0;1;0;2;2;-15,67919104;-55,92995102;"SPRF-MT";"DEL01-MT";"UOP02-DEL01-MT"
300720;2020-08-10;"segunda-feira";"19:30:00";"PR";369;200;"APUCARANA";"Desobediência às normas de trânsito pelo condutor";"Colisão transversal";"Com Vítimas Feridas";"Plena Noite";"Crescente";"Céu Claro";"Simples";"Interseção de Vias";"Sim";2;0;1;1;0;0;2;2;-23,53365764;-51,45551115;"SPRF-PR";"DEL07-PR";"UOP03-DEL07-PR"
300721;2020-08-10;"segunda-feira";"19:08:00";"RN";110;48,9;"MOSSORO";"Falta de Atenção do Pedestre";"Atropelamento de Pedestre";"Com Vítimas Feridas";"Plena Noite";"Decrescente";"Céu Claro";"Dupla";"Reta";"Sim";2;0;1;1;0;0;2;2;-5,20881178;-37,33285083;"SPRF-RN";"DEL04-RN";"UOP01-DEL04-RN"
300723;2020-08-10;"segunda-feira";"19:40:00";"PR";277;112;"CAMPO LARGO";"Falta de Atenção do Pedestre";"Atropelamento de Pedestre";"Com Vítimas Feridas";"Plena Noite";"Decrescente";"Céu Claro";"Dupla";"Reta";"Sim";3;0;0;1;1;1;1;2;-25,44712789;-49,4855547;"SPRF-PR";"DEL01-PR";"UOP03-DEL03-PR"
300724;2020-08-10;"segunda-feira";"17:40:00";"MG";116;411,5;"GOVERNADOR VALADARES";"Falta de Atenção à Condução";"Colisão traseira";"Com Vítimas Feridas";"Anoitecer";"Decrescente";"Céu Claro";"Dupla";"Reta";"Sim";2;0;1;0;1;0;1;2;-18,86244705;-41,97405237;"SPRF-MG";"DEL06-MG";"UOP01-DEL06-MG"
300725;2020-08-10;"segunda-feira";"19:50:00";"ES";101;144;"LINHARES";"Falta de Atenção à Condução";"Colisão lateral";"Com Vítimas Feridas";"Plena Noite";"Crescente";"Nublado";"Dupla";"Reta";"Não";2;0;1;0;0;1;1;2;-19,35188295;-40,0636685;"SPRF-ES";"DEL04-ES";"UOP01-DEL04-ES"
300726;2020-08-10;"segunda-feira";"16:40:00";"AM";319;815;"CANUTAMA";"Falta de Atenção à Condução";"Saída de leito carroçável";"Com Vítimas Feridas";"Pleno dia";"Decrescente";"Céu Claro";"Simples";"Reta";"Não";2;0;1;1;0;0;2;1;-8,58787504;-63,99427475;"SPRF-RO";"DEL01-RO";"UOP01-DEL01-RO"
300727;2020-08-10;"segunda-feira";"20:30:00";"MG";116;706,3;"MURIAE";"Falta de Atenção à Condução";"Tombamento";"Com Vítimas Feridas";"Plena Noite";"Crescente";"Céu Claro";"Simples";"Curva";"Sim";3;0;1;1;0;1;2;2;-21,147048;-42,381522;"SPRF-MG";"DEL07-MG";"UOP02-DEL07-MG"
300730;2020-08-10;"segunda-feira";"20:00:00";"ES";101;150;"LINHARES";"Falta de Atenção à Condução";"Colisão traseira";"Com Vítimas Feridas";"Plena Noite";"Decrescente";"Céu Claro";"Simples";"Interseção de Vias";"Sim";2;0;0;1;1;0;1;2;-19,40436634;-40,06078896;"SPRF-ES";"DEL04-ES";"UOP01-DEL04-ES"
300731;2020-08-10;"segunda-feira";"15:50:00";"PR";163;9;"BARRACAO";"Desobediência às normas de trânsito pelo condutor";"Colisão transversal";"Com Vítimas Feridas";"Pleno dia";"Crescente";"Sol";"Simples";"Reta;Declive";"Sim";2;0;0;1;1;0;1;2;-26,25066;-53,635523;"SPRF-PR";"DEL02-PR";"UOP02-DEL02-PR"
300732;2020-08-10;"segunda-feira";"20:20:00";"RS";386;379;"TAQUARI";"Desobediência às normas de trânsito pelo condutor";"Colisão lateral";"Com Vítimas Feridas";"Plena Noite";"Decrescente";"Céu Claro";"Dupla";"Interseção de Vias";"Não";3;0;1;0;2;0;1;2;-29,644915;-51,766876;"SPRF-RS";"DEL04-RS";"UOP02-DEL04-RS"
300733;2020-08-10;"segunda-feira";"17:10:00";"BA";101;263;"SANTO ANTONIO DE JESUS";"Desobediência às normas de trânsito pelo condutor";"Queda de ocupante de veículo";"Com Vítimas Feridas";"Pleno dia";"Decrescente";"Céu Claro";"Simples";"Reta";"Sim";2;0;0;1;1;0;1;2;-13,09003799;-39,27863203;"SPRF-BA";"DEL01-BA";"UOP02-DEL01-BA"
300734;2020-08-10;"segunda-feira";"18:50:00";"PR";376;148,7;"PRESIDENTE CASTELO BRANCO";"Falta de Atenção à Condução";"Colisão com objeto estático";"Com Vítimas Feridas";"Plena Noite";"Crescente";"Céu Claro";"Dupla";"Retorno Regulamentado";"Não";1;0;1;0;0;0;1;1;-23,29175141;-52,13068485;"SPRF-PR";"DEL09-PR";"UOP02-DEL09-PR"
300735;2020-08-10;"segunda-feira";"18:56:00";"AC";364;123;"RIO BRANCO";"Falta de Atenção do Pedestre";"Atropelamento de Pedestre";"Com Vítimas Feridas";"Plena Noite";"Crescente";"Céu Claro";"Dupla";"Reta";"Sim";2;0;1;1;0;0;2;2;-10,01168581;-67,78549433;"SPRF-AC";"DEL01-AC";"UOP01-DEL01-AC"
300737;2020-08-10;"segunda-feira";"10:00:00";"MG";116;466,8;"TARUMIRIM";"Falta de Atenção à Condução";"Saída de leito carroçável";"Com Vítimas Feridas";"Pleno dia";"Decrescente";"Céu Claro";"Simples";"Reta";"Não";2;0;0;2;0;0;2;1;-19,2852902;-42,07293963;"SPRF-MG";"DEL06-MG";"UOP02-DEL06-MG"
300739;2020-08-10;"segunda-feira";"20:03:00";"SC";101;37;"JOINVILLE";"Velocidade Incompatível";"Colisão com objeto estático";"Com Vítimas Feridas";"Plena Noite";"Decrescente";"Céu Claro";"Dupla";"Reta";"Sim";3;0;2;0;0;1;2;3;-26,29156818;-48,88504028;"SPRF-SC";"DEL03-SC";"UOP01-DEL03-SC"
300740;2020-08-10;"segunda-feira";"19:20:00";"MT";364;405;"CUIABA";"Falta de Atenção à Condução";"Colisão lateral";"Com Vítimas Feridas";"Plena Noite";"Crescente";"Céu Claro";"Múltipla";"Retorno Regulamentado";"Sim";2;0;1;0;1;0;1;2;-15,65807393;-55,97979396;"SPRF-MT";"DEL01-MT";"UOP02-DEL01-MT"
300742;2020-08-10;"segunda-feira";"20:30:00";"MG";381;417,8;"CAETE";"Falta de Atenção à Condução";"Colisão traseira";"Com Vítimas Feridas";"Plena Noite";"Crescente";"Céu Claro";"Dupla";"Declive";"Não";3;0;2;0;1;0;2;2;-19,75815121;-43,63601756;"SPRF-MG";"DEL01-MG";"UOP01-DEL01-MG"
300743;2020-08-10;"segunda-feira";"19:15:00";"RJ";116;183;"NOVA IGUACU";"Falta de Atenção à Condução";"Colisão com objeto estático";"Sem Vítimas";"Plena Noite";"Decrescente";"Céu Claro";"Dupla";"Reta";"Sim";1;0;0;0;1;0;0;1;-22,7516014;-43,43849831;"SPRF-RJ";"DEL01-RJ";"UOP02-DEL01-RJ"
300747;2020-08-10;"segunda-feira";"18:40:00";"RJ";101;325;"NITEROI";"Defeito Mecânico no Veículo";"Tombamento";"Com Vítimas Feridas";"Plena Noite";"Crescente";"Céu Claro";"Dupla";"Reta";"Sim";1;0;1;0;0;0;1;1;-22,87684786;-43,11728689;"SPRF-RJ";"DEL02-RJ";"UOP02-DEL02-RJ"
300748;2020-08-10;"segunda-feira";"21:15:00";"RO";364;713;"PORTO VELHO";"Ingestão de Álcool";"Colisão com objeto estático";"Sem Vítimas";"Plena Noite";"Crescente";"Céu Claro";"Simples";"Curva";"Sim";1;0;0;0;1;0;0;1;-8,77220579;-63,88100266;"SPRF-RO";"DEL01-RO";"UOP01-DEL01-RO"
300749;2020-08-10;"segunda-feira";"22:00:00";"SC";282;3;"FLORIANOPOLIS";"Desobediência às normas de trânsito pelo condutor";"Colisão transversal";"Com Vítimas Feridas";"Plena Noite";"Decrescente";"Céu Claro";"Múltipla";"Reta";"Não";5;0;1;0;4;0;1;2;-27,600384;-48,599705;"SPRF-SC";"DEL01-SC";"UOP01-DEL01-SC"
300750;2020-08-10;"segunda-feira";"19:21:00";"RJ";116;171;"SAO JOAO DE MERITI";"Falta de Atenção à Condução";"Capotamento";"Com Vítimas Feridas";"Plena Noite";"Crescente";"Céu Claro";"Múltipla";"Reta";"Sim";1;0;1;0;0;0;1;1;-22,8060415;-43,34289573;"SPRF-RJ";"DEL01-RJ";"UOP02-DEL01-RJ"
300753;2020-08-10;"segunda-feira";"18:50:00";"RJ";40;124;"DUQUE DE CAXIAS";"Falta de Atenção à Condução";"Queda de ocupante de veículo";"Com Vítimas Feridas";"Plena Noite";"Decrescente";"Céu Claro";"Múltipla";"Reta";"Não";1;0;1;0;0;0;1;1;-22,807953;-43,289124;"SPRF-RJ";"DEL01-RJ";"UOP01-DEL01-RJ"
300754;2020-08-10;"segunda-feira";"17:21:00";"RO";364;11;"VILHENA";"Falta de Atenção do Pedestre";"Tombamento";"Com Vítimas Feridas";"Anoitecer";"Decrescente";"Céu Claro";"Dupla";"Reta";"Não";2;0;1;1;0;0;2;2;-12,74605898;-60,11270299;"SPRF-RO";"DEL04-RO";"UOP01-DEL04-RO"
300756;2020-08-09;"domingo";"06:40:00";"SP";116;222;"GUARULHOS";"Condutor Dormindo";"Colisão com objeto estático";"Com Vítimas Feridas";"Pleno dia";"Decrescente";"Céu Claro";"Múltipla";"Reta";"Sim";1;0;1;0;0;0;1;1;-23,47093408;-46,51631097;"SPRF-SP";"DEL01-SP";"UOP01-DEL01-SP"
300757;2020-08-10;"segunda-feira";"20:30:00";"MG";116;304,4;"ITAMBACURI";"Falta de Atenção do Pedestre";"Atropelamento de Pedestre";"Com Vítimas Fatais";"Plena Noite";"Crescente";"Chuva";"Simples";"Declive";"Não";2;1;0;0;0;1;0;2;-18,026079;-41,649261;"SPRF-MG";"DEL11-MG";"UOP01-DEL11-MG"
300759;2020-08-11;"terça-feira";"00:50:00";"SC";282;1;"FLORIANOPOLIS";"Falta de Atenção à Condução";"Colisão com objeto estático";"Sem Vítimas";"Plena Noite";"Crescente";"Céu Claro";"Dupla";"Reta";"Sim";3;0;0;0;0;3;0;2;-27,602955;-48,580509;"SPRF-SC";"DEL01-SC";"UOP01-DEL01-SC"
300762;2020-08-11;"terça-feira";"01:50:00";"MG";262;367;"JUATUBA";"Velocidade Incompatível";"Queda de ocupante de veículo";"Com Vítimas Feridas";"Plena Noite";"Crescente";"Céu Claro";"Dupla";"Reta";"Não";1;0;1;0;0;0;1;1;-19,97391261;-44,27096197;"SPRF-MG";"DEL01-MG";"UOP03-DEL01-MG"
300764;2020-08-11;"terça-feira";"02:30:00";"PR";277;74,8;"SAO JOSE DOS PINHAIS";"Falta de Atenção do Pedestre";"Atropelamento de Pedestre";"Com Vítimas Feridas";"Plena Noite";"Crescente";"Céu Claro";"Dupla";"Reta";"Não";2;0;1;0;1;0;1;2;-25,51327981;-49,12433291;"SPRF-PR";"DEL01-PR";"UOP01-DEL01-PR"
300765;2020-08-11;"terça-feira";"03:00:00";"ES";101;420,5;"CACHOEIRO DE ITAPEMIRIM";"Ingestão de Álcool";"Saída de leito carroçável";"Com Vítimas Feridas";"Plena Noite";"Decrescente";"Céu Claro";"Simples";"Curva";"Não";1;0;0;1;0;0;1;1;-20,97105737;-41,10998154;"SPRF-ES";"DEL03-ES";"UOP02-DEL03-ES"
300766;2020-08-11;"terça-feira";"02:00:00";"SC";470;4;"NAVEGANTES";"Desobediência às normas de trânsito pelo condutor";"Colisão com objeto estático";"Sem Vítimas";"Plena Noite";"Crescente";"Céu Claro";"Simples";"Rotatória";"Sim";1;0;0;0;0;1;0;1;-26,858473;-48,690788;"SPRF-SC";"DEL04-SC";"UOP04-DEL04-SC"
300767;2020-08-11;"terça-feira";"01:47:00";"SP";116;224;"GUARULHOS";"Desobediência às normas de trânsito pelo condutor";"Queda de ocupante de veículo";"Com Vítimas Feridas";"Plena Noite";"Crescente";"Céu Claro";"Múltipla";"Reta";"Sim";1;0;0;1;0;0;1;1;-23,48071896;-46,53271603;"SPRF-SP";"DEL01-SP";"UOP01-DEL01-SP"
300768;2020-08-11;"terça-feira";"02:45:00";"MG";116;758,6;"LEOPOLDINA";"Animais na Pista";"Colisão com objeto estático";"Com Vítimas Feridas";"Plena Noite";"Crescente";"Céu Claro";"Simples";"Reta";"Não";1;0;1;0;0;0;1;1;-21,50243487;-42,60067703;"SPRF-MG";"DEL07-MG";"UOP01-DEL07-MG"
300769;2020-08-10;"segunda-feira";"14:50:00";"BA";324;583;"CANDEIAS";"Velocidade Incompatível";"Saída de leito carroçável";"Sem Vítimas";"Pleno dia";"Crescente";"Céu Claro";"Dupla";"Curva";"Não";1;0;0;0;1;0;0;1;-12,6141891;-38,48700311;"SPRF-BA";"DEL01-BA";"UOP01-DEL01-BA"
300770;2020-08-10;"segunda-feira";"23:00:00";"CE";116;31;"HORIZONTE";"Animais na Pista";"Atropelamento de Animal";"Com Vítimas Feridas";"Plena Noite";"Crescente";"Céu Claro";"Dupla";"Reta";"Não";1;0;0;1;0;0;1;1;-4,01989298;-38,51889923;"SPRF-CE";"DEL01-CE";"UOP02-DEL01-CE"
300772;2020-08-11;"terça-feira";"05:40:00";"SP";116;275,6;"EMBU DAS ARTES";"Condutor Dormindo";"Colisão lateral";"Com Vítimas Feridas";"Amanhecer";"Decrescente";"Céu Claro";"Dupla";"Reta";"Sim";3;0;0;2;0;1;2;2;-23,63638826;-46,83251584;"SPRF-SP";"DEL04-SP";"UOP01-DEL04-SP"
300774;2020-07-09;"quinta-feira";"10:15:00";"RJ";116;229;"PIRAI";"Falta de Atenção à Condução";"Saída de leito carroçável";"Com Vítimas Feridas";"Pleno dia";"Decrescente";"Céu Claro";"Dupla";"Curva";"Não";1;0;1;0;0;0;1;1;-22,65646622;-43,82206692;"SPRF-RJ";"DEL07-RJ";"UOP01-DEL07-RJ"
300776;2020-08-11;"terça-feira";"06:45:00";"ES";101;287,8;"CARIACICA";"Objeto estático sobre o leito carroçável";"Queda de ocupante de veículo";"Com Vítimas Feridas";"Pleno dia";"Crescente";"Céu Claro";"Dupla";"Curva;Declive";"Não";1;0;1;0;0;0;1;1;-20,26493528;-40,38471702;"SPRF-ES";"DEL01-ES";"UOP01-DEL01-ES"