"id";"data_inversa";"dia_semana";"horario";"uf";"br";"km";"municipio";"causa_acidente";"tipo_acidente";"classificacao_acidente";"fase_dia";"sentido_via";"condicao_metereologica";"tipo_pista";"tracado_via";"uso_solo";"pessoas";"mortos";"feridos_leves";"feridos_graves";"ilesos";"ignorados";"feridos";"veiculos";"latitude";"longitude";"regional";"delegacia";"uop"
300777;2020-08-11;"terça-feira";"06:37:00";"MG";381;672;"PERDOES";"Falta de Atenção à Condução";"Saída de leito carroçável";"Com Vítimas Feridas";"Pleno dia";"Decrescente";"Céu Claro";"Dupla";"Reta;Aclive";"Não";2;0;1;0;1;0;1;1;-21,06867256;-45,05198121;"SPRF-MG";"DEL04-MG";"UOP02-DEL04-MG"
300778;2020-08-11;"terça-feira";"06:40:00";"PR";277;606;"SANTA TEREZA DO OESTE";"Defeito Mecânico no Veículo";"Tombamento";"Com Vítimas Feridas";"Pleno dia";"Decrescente";"Céu Claro";"Simples";"Reta";"Não";1;0;1;0;0;0;1;1;-25,03330189;-53,58832406;"SPRF-PR";"DEL05-PR";"UOP02-DEL05-PR"
300780;2020-08-11;"terça-feira";"07:20:00";"ES";101;289;"CARIACICA";"Animais na Pista";"Atropelamento de Animal";"Com Vítimas Feridas";"Pleno dia";"Crescente";"Céu Claro";"Dupla";"Reta";"Não";1;0;1;0;0;0;1;1;-20,28029304;-40,39302931;"SPRF-ES";"DEL01-ES";"UOP01-DEL01-ES"
300781;2020-08-11;"terça-feira";"04:00:00";"SC";101;218;"PALHOCA";"Falta de Atenção à Condução";"Colisão traseira";"Com Vítimas Feridas";"Plena Noite";"Crescente";"Céu Claro";"Dupla";"Reta";"Não";2;0;1;0;0;1;1;2;-27,6758601;-48,67052525;"SPRF-SC";"DEL01-SC";"UOP02-DEL01-SC"
300782;2020-08-11;"terça-feira";"08:05:00";"CE";116;4,1;"FORTALEZA";"Falta de Atenção à Condução";"Colisão traseira";"Com Vítimas Feridas";"Pleno dia";"Decrescente";"Céu Claro";"Múltipla";"Reta";"Sim";5;0;2;2;1;0;4;3;-3,7867209;-38,5114568;"SPRF-CE";"DEL01-CE";"UOP02-DEL01-CE"
300783;2020-08-11;"terça-feira";"08:00:00";"PB";230;22,9;"JOAO PESSOA";"Não guardar distância de segurança";"Colisão traseira";"Com Vítimas Feridas";"Pleno dia";"Decrescente";"Céu Claro";"Dupla";"Reta";"Sim";4;0;3;0;1;0;3;3;-7,1495;-34,8517;"SPRF-PB";"DEL01-PB";"UOP01-DEL01-PB"
300786;2020-08-11;"terça-feira";"08:20:00";"PR";116;116;"CURITIBA";"Desobediência às normas de trânsito pelo condutor";"Colisão transversal";"Com Vítimas Feridas";"Pleno dia";"Decrescente";"Céu Claro";"Múltipla";"Reta";"Sim";2;0;1;0;1;0;1;2;-25,55559;-49,305538;"SPRF-PR";"DEL01-PR";"UOP01-DEL01-PR"
300787;2020-08-11;"terça-feira";"08:30:00";"MG";40;446;"PARAOPEBA";"Velocidade Incompatível";"Colisão com objeto estático";"Com Vítimas Feridas";"Pleno dia";"Crescente";"Sol";"Simples";"Viaduto";"Sim";1;0;1;0;0;0;1;1;-19,28815;-44,392;"SPRF-MG";"DEL02-MG";"UOP01-DEL02-MG"
300788;2020-08-11;"terça-feira";"08:30:00";"BA";101;901;"CARAVELAS";"Falta de Atenção à Condução";"Saída de leito carroçável";"Com Vítimas Feridas";"Pleno dia";"Decrescente";"Céu Claro";"Simples";"Reta";"Não";1;0;1;0;0;0;1;1;-17,732838;-39,76654;"SPRF-BA";"DEL09-BA";"UOP02-DEL09-BA"
300790;2020-08-11;"terça-feira";"08:00:00";"PR";116;110;"CURITIBA";"Falta de Atenção à Condução";"Colisão traseira";"Sem Vítimas";"Pleno dia";"Crescente";"Céu Claro";"Dupla";"Reta";"Sim";1;0;0;0;0;1;0;1;-25,57012941;-49,21736805;"SPRF-PR";"DEL01-PR";"UOP01-DEL01-PR"
300791;2020-08-07;"sexta-feira";"17:00:00";"PE";232;243,6;"ARCOVERDE";"Animais na Pista";"Capotamento";"Com Vítimas Feridas";"Anoitecer";"Crescente";"Nublado";"Simples";"Reta";"Não";5;0;4;1;0;0;5;1;-8,41700383;-36,9892481;"SPRF-PE";"DEL03-PE";"UOP02-DEL03-PE"
300792;2020-08-11;"terça-feira";"08:10:00";"PR";376;181,8;"MARINGA";"Falta de Atenção à Condução";"Queda de ocupante de veículo";"Sem Vítimas";"Pleno dia";"Decrescente";"Céu Claro";"Simples";"Rotatória";"Sim";1;0;0;0;1;0;0;1;-23,43197477;-51,88671852;"SPRF-PR";"DEL09-PR";"UOP01-DEL09-PR"
300793;2020-08-11;"terça-feira";"08:36:00";"MG";40;522;"CONTAGEM";"Defeito Mecânico no Veículo";"Tombamento";"Com Vítimas Feridas";"Pleno dia";"Decrescente";"Sol";"Dupla";"Reta";"Sim";2;0;2;0;0;0;2;1;-19,8638731;-44,06749809;"SPRF-MG";"DEL01-MG";"UOP02-DEL01-MG"
300794;2020-08-11;"terça-feira";"08:00:00";"RJ";40;53;"PETROPOLIS";"Defeito Mecânico no Veículo";"Saída de leito carroçável";"Com Vítimas Feridas";"Pleno dia";"Crescente";"Céu Claro";"Simples";"Reta";"Não";2;0;1;0;1;0;1;1;-22,34399896;-43,13243691;"SPRF-RJ";"DEL05-RJ";"UOP02-DEL05-RJ"
300795;2020-08-11;"terça-feira";"08:00:00";"MA";135;10,1;"SAO LUIS";"Desobediência às normas de trânsito pelo condutor";"Colisão transversal";"Com Vítimas Feridas";"Pleno dia";"Crescente";"Céu Claro";"Dupla";"Reta";"Sim";3;0;1;0;0;2;1;2;-2,655912;-44,28629098;"SPRF-MA";"DEL01-MA";"UOP01-DEL01-MA"
300797;2020-06-22;"segunda-feira";"17:00:00";"SC";116;4,5;"MAFRA";"Falta de Atenção à Condução";"Colisão lateral";"Com Vítimas Feridas";"Anoitecer";"Decrescente";"Céu Claro";"Simples";"Rotatória;Interseção de Vias";"Sim";2;0;0;1;1;0;1;2;-26,13960481;-49,81261253;"SPRF-SC";"DEL06-SC";"UOP01-DEL06-SC"
300798;2020-08-11;"terça-feira";"09:00:00";"BA";324;614;"SALVADOR";"Falta de Atenção à Condução";"Colisão traseira";"Com Vítimas Feridas";"Pleno dia";"Crescente";"Céu Claro";"Dupla";"Reta";"Sim";5;0;2;0;2;1;2;3;-12,8639793;-38,42370126;"SPRF-BA";"DEL01-BA";"UOP01-DEL01-BA"
300802;2020-05-04;"segunda-feira";"13:24:00";"PE";232;214,1;"PESQUEIRA";"Falta de Atenção à Condução";"Colisão lateral";"Com Vítimas Feridas";"Pleno dia";"Crescente";"Nublado";"Simples";"Reta";"Não";3;0;0;1;0;2;1;3;-8,3804455;-36,73076279;"SPRF-PE";"DEL03-PE";"UOP02-DEL03-PE"
300804;2020-08-11;"terça-feira";"09:30:00";"MG";381;488,5;"BETIM";"Falta de Atenção à Condução";"Tombamento";"Com Vítimas Feridas";"Pleno dia";"Decrescente";"Céu Claro";"Múltipla";"Curva";"Não";1;0;1;0;0;0;1;1;-19,95688249;-44,12734866;"SPRF-MG";"DEL01-MG";"UOP03-DEL01-MG"
300806;2020-08-11;"terça-feira";"06:30:00";"AM";319;101,7;"CAREIRO";"Defeito na Via";"Colisão traseira";"Com Vítimas Feridas";"Pleno dia";"Decrescente";"Céu Claro";"Simples";"Reta";"Não";6;0;4;0;2;0;4;2;-3,7539268115;-60,2940362958;"SPRF-AM";"DEL01-AM";"UOP04-DEL01-AM"
300808;2020-08-11;"terça-feira";"11:30:00";"ES";262;18,8;"VIANA";"Falta de Atenção à Condução";"Colisão transversal";"Com Vítimas Feridas";"Pleno dia";"Crescente";"Sol";"Simples";"Reta";"Sim";4;0;4;0;0;0;4;2;-20,39137228;-40,48080285;"SPRF-ES";"DEL01-ES";"UOP01-DEL01-ES"
300809;2020-03-02;"segunda-feira";"12:30:00";"PI";0;0;"SAO JOAO DO PIAUI";"Animais na Pista";"Atropelamento de Animal";"Com Vítimas Fatais";"Pleno dia";"Não Informado";"Céu Claro";"Simples";"Reta";"Não";1;1;0;0;0;0;0;1;-8,39763687;-42,26190618;"SPRF-PI";"DEL03-PI";"UOP01-DEL03-PI"
300810;2020-08-11;"terça-feira";"11:25:00";"AL";104;90,2;"RIO LARGO";"Desobediência às normas de trânsito pelo condutor";"Colisão traseira";"Com Vítimas Feridas";"Pleno dia";"Decrescente";"Céu Claro";"Dupla";"Curva";"Não";3;0;1;0;1;1;1;3;-9,50898856;-35,80777135;"SPRF-AL";"DEL01-AL";"UOP01-DEL01-AL"
300813;2020-08-11;"terça-feira";"10:20:00";"PE";232;519;"SALGUEIRO";"Desobediência às normas de trânsito pelo condutor";"Colisão transversal";"Com Vítimas Feridas";"Pleno dia";"Decrescente";"Céu Claro";"Simples";"Reta";"Não";4;0;0;1;3;0;1;2;-8,062831;-39,215103;"SPRF-PE";"DEL05-PE";"UOP01-DEL05-PE"
300819;2020-08-11;"terça-feira";"13:20:00";"GO";40;1,6;"VALPARAISO DE GOIAS";"Mal Súbito";"Queda de ocupante de veículo";"Com Vítimas Feridas";"Pleno dia";"Crescente";"Céu Claro";"Dupla";"Reta";"Sim";2;0;1;0;1;0;1;1;-16,058245;-47,982825;"SPRF-DF";"DEL01-DF";"UOP01-DEL01-DF"
300821;2020-08-11;"terça-feira";"14:00:00";"SC";101;210;"SAO JOSE";"Objeto estático sobre o leito carroçável";"Colisão com objeto estático";"Com Vítimas Feridas";"Pleno dia";"Crescente";"Sol";"Múltipla";"Reta";"Sim";2;0;1;0;1;0;1;2;-27,6167305;-48,6457265;"SPRF-SC";"DEL01-SC";"UOP01-DEL01-SC"
300822;2020-08-11;"terça-feira";"13:50:00";"SP";116;9,4;"QUELUZ";"Defeito Mecânico no Veículo";"Tombamento";"Com Vítimas Feridas";"Pleno dia";"Crescente";"Céu Claro";"Dupla";"Reta";"Não";1;0;1;0;0;0;1;1;-22,540648;-44,779574;"SPRF-SP";"DEL08-SP";"UOP02-DEL08-SP"
300828;2020-08-11;"terça-feira";"14:30:00";"PB";230;11;"CABEDELO";"Desobediência às normas de trânsito pelo condutor";"Colisão lateral";"Com Vítimas Feridas";"Pleno dia";"Decrescente";"Céu Claro";"Dupla";"Reta";"Sim";3;0;2;0;1;0;2;2;-7,0596;-34,8506;"SPRF-PB";"DEL01-PB";"UOP01-DEL01-PB"
300830;2020-08-01;"sábado";"09:30:00";"MG";251;420;"GRAO MOGOL";"Falta de Atenção à Condução";"Capotamento";"Com Vítimas Feridas";"Pleno dia";"Crescente";"Ignorado";"Simples";"Reta";"Não";2;0;2;0;0;0;2;1;-16,35440332;-43,15979004;"SPRF-MG";"DEL12-MG";"UOP01-DEL12-MG"
300834;2020-07-24;"sexta-feira";"23:40:00";"GO";153;192,3;"URUACU";"Não guardar distância de segurança";"Colisão traseira";"Sem Vítimas";"Plena Noite";"Decrescente";"Céu Claro";"Simples";"Reta";"Não";5;0;0;0;4;1;0;4;-14,446058;-49,156555;"SPRF-GO";"DEL07-GO";"UOP02-DEL07-GO"
300836;2020-08-11;"terça-feira";"13:43:00";"MG";381;228,1;"BELO ORIENTE";"Velocidade Incompatível";"Colisão com objeto estático";"Com Vítimas Feridas";"Pleno dia";"Decrescente";"Nublado";"Dupla";"Reta";"Não";3;0;1;0;2;0;1;1;-19,34371912;-42,43183775;"SPRF-MG";"DEL06-MG";"UOP01-DEL06-MG"
300837;2020-08-11;"terça-feira";"14:10:00";"RS";116;521;"PELOTAS";"Desobediência às normas de trânsito pelo condutor";"Colisão transversal";"Com Vítimas Feridas";"Pleno dia";"Crescente";"Céu Claro";"Simples";"Reta";"Não";2;0;1;0;1;0;1;2;-31,70752405;-52,36800695;"SPRF-RS";"DEL07-RS";"UOP01-DEL07-RS"
300838;2020-08-11;"terça-feira";"15:50:00";"PR";369;180,8;"ARAPONGAS";"Agressão Externa";"Queda de ocupante de veículo";"Com Vítimas Feridas";"Pleno dia";"Decrescente";"Sol";"Simples";"Curva";"Sim";1;0;0;1;0;0;1;1;-23,37347897;-51,4120245;"SPRF-PR";"DEL07-PR";"UOP03-DEL07-PR"
300843;2020-08-11;"terça-feira";"16:00:00";"CE";20;419,5;"MARACANAU";"Desobediência às normas de trânsito pelo condutor";"Colisão transversal";"Com Vítimas Feridas";"Pleno dia";"Crescente";"Céu Claro";"Dupla";"Reta";"Sim";2;0;1;0;1;0;1;2;-3,76999035;-38,67006282;"SPRF-CE";"DEL01-CE";"UOP02-DEL01-CE"
300844;2020-08-11;"terça-feira";"16:30:00";"AP";210;3;"MACAPA";"Falta de Atenção à Condução";"Colisão traseira";"Com Vítimas Feridas";"Pleno dia";"Crescente";"Céu Claro";"Simples";"Reta";"Sim";2;0;0;1;1;0;1;2;0,08723365;-51,08569007;"SPRF-AP";"DEL01-AP";"UOP01-DEL01-AP"
300845;2020-08-11;"terça-feira";"16:30:00";"GO";60;435;"RIO VERDE";"Falta de Atenção à Condução";"Capotamento";"Com Vítimas Feridas";"Pleno dia";"Crescente";"Céu Claro";"Dupla";"Reta";"Não";4;0;1;0;3;0;1;1;-17,8317;-51,3755;"SPRF-GO";"DEL04-GO";"UOP01-DEL04-GO"
300849;2020-08-11;"terça-feira";"16:10:00";"SP";116;139,3;"SAO JOSE DOS CAMPOS";"Falta de Atenção à Condução";"Colisão traseira";"Com Vítimas Feridas";"Pleno dia";"Crescente";"Céu Claro";"Dupla";"Reta";"Não";4;0;2;0;2;0;2;4;-23,16153216;-45,80400592;"SPRF-SP";"DEL06-SP";"UOP01-DEL06-SP"
300851;2020-08-11;"terça-feira";"16:50:00";"MG";381;484;"BETIM";"Não guardar distância de segurança";"Colisão traseira";"Com Vítimas Feridas";"Pleno dia";"Decrescente";"Céu Claro";"Dupla";"Aclive;Reta";"Sim";3;0;1;0;2;0;1;2;-19,95531717;-44,11722196;"SPRF-MG";"DEL01-MG";"UOP03-DEL01-MG"
300854;2020-08-11;"terça-feira";"17:10:00";"DF";80;5,2;"BRASILIA";"Desobediência às normas de trânsito pelo condutor";"Colisão transversal";"Sem Vítimas";"Pleno dia";"Crescente";"Céu Claro";"Simples";"Reta";"Não";3;0;0;0;3;0;0;3;-15,729602;-48,121304;"SPRF-DF";"DEL03-DF";"UOP02-DEL03-DF"
300855;2020-08-11;"terça-feira";"16:20:00";"MG";116;97,5;"MEDINA";"Velocidade Incompatível";"Saída de leito carroçável";"Sem Vítimas";"Pleno dia";"Crescente";"Garoa/Chuvisco";"Simples";"Curva";"Não";1;0;0;0;1;0;0;1;-16,41007208;-41,47875196;"SPRF-MG";"DEL11-MG";"UOP02-DEL11-MG"
300856;2020-08-11;"terça-feira";"16:40:00";"PB";101;99,3;"ALHANDRA";"Velocidade Incompatível";"Saída de leito carroçável";"Com Vítimas Feridas";"Pleno dia";"Crescente";"Sol";"Dupla";"Retorno Regulamentado;Curva";"Não";1;0;0;1;0;0;1;1;-7,25878317;-34,93584308;"SPRF-PB";"DEL01-PB";"UOP02-DEL01-PB"
300857;2020-08-11;"terça-feira";"16:40:00";"MT";364;349;"SANTO ANTONIO DO LEVERGER";"Velocidade Incompatível";"Tombamento";"Com Vítimas Feridas";"Pleno dia";"Crescente";"Céu Claro";"Simples";"Curva";"Não";1;0;1;0;0;0;1;1;-15,79266652;-55,58086395;"SPRF-MT";"DEL05-MT";"UOP02-DEL05-MT"
300860;2020-07-15;"quarta-feira";"09:50:00";"RS";116;268;"CANOAS";"Ultrapassagem Indevida";"Colisão lateral";"Com Vítimas Feridas";"Pleno dia";"Crescente";"Céu Claro";"Múltipla";"Reta";"Sim";3;0;2;0;1;0;2;2;-29,95042502;-51,17652939;"SPRF-RS";"DEL01-RS";"UOP01-DEL01-RS"
300861;2020-08-11;"terça-feira";"18:38:00";"RS";290;92;"PORTO ALEGRE";"Falta de Atenção à Condução";"Colisão traseira";"Com Vítimas Feridas";"Anoitecer";"Crescente";"Nublado";"Dupla";"Reta";"Sim";5;0;2;0;3;0;2;2;-29,971916;-51,176838;"SPRF-RS";"DEL01-RS";"UOP01-DEL01-RS"
300862;2020-08-11;"terça-feira";"18:35:00";"SC";470;46,5;"BLUMENAU";"Não guardar distância de segurança";"Colisão traseira";"Com Vítimas Feridas";"Plena Noite";"Crescente";"Céu Claro";"Simples";"Reta";"Sim";3;0;1;0;2;0;1;3;-26,864044;-49,046516;"SPRF-SC";"DEL04-SC";"UOP01-DEL04-SC"
300863;2020-08-11;"terça-feira";"16:45:00";"RS";285;300;"PASSO FUNDO";"Ingestão de Álcool";"Saída de leito carroçável";"Com Vítimas Feridas";"Pleno dia";"Decrescente";"Nublado";"Simples";"Reta";"Sim";2;0;1;0;1;0;1;1;-28,229494;-52,441837;"SPRF-RS";"DEL08-RS";"UOP03-DEL08-RS"
300864;2020-08-11;"terça-feira";"19:15:00";"GO";40;2;"VALPARAISO DE GOIAS";"Falta de Atenção à Condução";"Colisão traseira";"Com Vítimas Feridas";"Plena Noite";"Crescente";"Céu Claro";"Dupla";"Reta";"Sim";2;0;1;0;1;0;1;2;-16,067129;-47,984235;"SPRF-DF";"DEL01-DF";"UOP01-DEL01-DF"
300865;2020-08-11;"terça-feira";"19:15:00";"RS";116;385,4;"CAMAQUA";"Não guardar distância de segurança";"Colisão traseira";"Sem Vítimas";"Plena Noite";"Decrescente";"Chuva";"Dupla";"Reta";"Não";2;0;0;0;2;0;0;2;-30,80196293;-51,68141807;"SPRF-RS";"DEL02-RS";"UOP02-DEL02-RS"
300866;2020-08-11;"terça-feira";"19:10:00";"MG";40;532;"BELO HORIZONTE";"Falta de Atenção à Condução";"Tombamento";"Com Vítimas Feridas";"Plena Noite";"Crescente";"Céu Claro";"Dupla";"Declive;Reta";"Sim";3;0;1;0;1;1;1;3;-19,92372561;-44,01700789;"SPRF-MG";"DEL01-MG";"UOP02-DEL01-MG"
300867;2020-08-11;"terça-feira";"16:15:00";"SC";116;221,1;"CORREIA PINTO";"Falta de Atenção à Condução";"Colisão transversal";"Com Vítimas Feridas";"Pleno dia";"Crescente";"Sol";"Simples";"Reta";"Não";4;0;1;0;3;0;1;2;-27,58573399;-50,36555188;"SPRF-SC";"DEL05-SC";"UOP03-DEL05-SC"
300872;2020-08-11;"terça-feira";"18:30:00";"GO";60;404,9;"RIO VERDE";"Falta de Atenção à Condução";"Saída de leito carroçável";"Sem Vítimas";"Anoitecer";"Decrescente";"Sol";"Dupla";"Reta";"Não";3;0;0;0;3;0;0;1;-17,8146;-51,0888;"SPRF-GO";"DEL04-GO";"UOP01-DEL04-GO"
300873;2020-08-11;"terça-feira";"18:50:00";"RS";116;252;"SAPUCAIA DO SUL";"Falta de Atenção à Condução";"Tombamento";"Com Vítimas Feridas";"Plena Noite";"Crescente";"Nublado";"Dupla";"Reta";"Sim";1;0;1;0;0;0;1;1;-29,81026852;-51,16807407;"SPRF-RS";"DEL01-RS";"UOP02-DEL01-RS"
300875;2020-08-11;"terça-feira";"18:15:00";"SC";101;281,8;"IMBITUBA";"Falta de Atenção à Condução";"Tombamento";"Com Vítimas Feridas";"Plena Noite";"Decrescente";"Céu Claro";"Dupla";"Reta";"Sim";1;0;0;1;0;0;1;1;-28,18793595;-48,69652041;"SPRF-SC";"DEL02-SC";"UOP03-DEL02-SC"
300876;2020-08-11;"terça-feira";"19:45:00";"DF";70;17;"BRASILIA";"Defeito Mecânico no Veículo";"Saída de leito carroçável";"Sem Vítimas";"Plena Noite";"Crescente";"Céu Claro";"Dupla";"Reta";"Não";2;0;0;0;2;0;0;1;-15,794133;-48,202095;"SPRF-DF";"DEL03-DF";"UOP02-DEL03-DF"
300877;2020-08-11;"terça-feira";"18:40:00";"RJ";101;262;"RIO BONITO";"Falta de Atenção à Condução";"Colisão transversal";"Com Vítimas Feridas";"Anoitecer";"Decrescente";"Céu Claro";"Dupla";"Curva";"Sim";3;0;1;0;2;0;1;2;-22,71367506;-42,62052996;"SPRF-RJ";"DEL02-RJ";"UOP03-DEL02-RJ"
300878;2020-08-11;"terça-feira";"18:00:00";"PA";10;307;"IRITUIA";"Desobediência às normas de trânsito pelo condutor";"Colisão frontal";"Com Vítimas Feridas";"Anoitecer";"Crescente";"Céu Claro";"Simples";"Reta;Interseção de Vias";"Não";3;0;2;0;1;0;2;2;-1,74771497;-47,50359387;"SPRF-PA";"DEL02-PA";"UOP01-DEL02-PA"
300879;2020-08-11;"terça-feira";"20:00:00";"GO";60;94,7;"ANAPOLIS";"Falta de Atenção à Condução";"Saída de leito carroçável";"Com Vítimas Feridas";"Plena Noite";"Crescente";"Céu Claro";"Dupla";"Reta;Declive";"Sim";3;0;2;0;1;0;2;1;-16,3611;-48,9328;"SPRF-GO";"DEL02-GO";"UOP01-DEL02-GO"
300880;2020-08-11;"terça-feira";"18:43:00";"RO";174;17,2;"VILHENA";"Falta de Atenção à Condução";"Colisão transversal";"Com Vítimas Feridas";"Plena Noite";"Decrescente";"Céu Claro";"Simples";"Reta";"Sim";4;0;4;0;0;0;4;2;-12,714997;-60,1264;"SPRF-RO";"DEL04-RO";"UOP01-DEL04-RO"
300881;2020-08-11;"terça-feira";"14:50:00";"SC";282;497,5;"XANXERE";"Defeito Mecânico no Veículo";"Saída de leito carroçável";"Sem Vítimas";"Pleno dia";"Decrescente";"Sol";"Simples";"Reta";"Não";1;0;0;0;0;1;0;1;-26,87971294;-52,34557271;"SPRF-SC";"DEL07-SC";"UOP01-DEL07-SC"
300882;2020-08-11;"terça-feira";"20:20:00";"MG";381;500,9;"BETIM";"Velocidade Incompatível";"Capotamento";"Com Vítimas Feridas";"Plena Noite";"Crescente";"Nublado";"Múltipla";"Reta";"Sim";2;0;0;1;1;0;1;1;-20,03146447;-44,2377893;"SPRF-MG";"DEL01-MG";"UOP03-DEL01-MG"
300883;2020-08-11;"terça-feira";"17:00:00";"PR";369;155;"LONDRINA";"Não guardar distância de segurança";"Colisão lateral";"Com Vítimas Feridas";"Pleno dia";"Crescente";"Céu Claro";"Dupla";"Reta";"Sim";2;0;1;0;1;0;1;2;-23,29535363;-51,20864332;"SPRF-PR";"DEL07-PR";"UOP01-DEL07-PR"
300884;2020-08-11;"terça-feira";"19:45:00";"RS";392;346,5;"SANTA MARIA";"Falta de Atenção à Condução";"Colisão transversal";"Com Vítimas Feridas";"Plena Noite";"Decrescente";"Chuva";"Simples";"Reta";"Sim";3;0;0;2;1;0;2;2;-29,769868;-53,78433605;"SPRF-RS";"DEL09-RS";"UOP01-DEL09-RS"
300885;2020-08-11;"terça-feira";"20:10:00";"RN";101;96;"NATAL";"Falta de Atenção à Condução";"Saída de leito carroçável";"Com Vítimas Feridas";"Plena Noite";"Crescente";"Céu Claro";"Múltipla";"Reta";"Sim";1;0;1;0;0;0;1;1;-5,85196216;-35,21045085;"SPRF-RN";"DEL01-RN";"UOP01-DEL01-RN"
300889;2020-08-11;"terça-feira";"20:00:00";"PR";277;72;"SAO JOSE DOS PINHAIS";"Desobediência às normas de trânsito pelo condutor";"Colisão traseira";"Com Vítimas Feridas";"Plena Noite";"Crescente";"Nublado";"Dupla";"Reta";"Não";2;0;0;1;1;0;1;2;-25,52522628;-49,09755612;"SPRF-PR";"DEL01-PR";"UOP01-DEL01-PR"
300891;2020-08-11;"terça-feira";"17:30:00";"PR";476;133;"CURITIBA";"Defeito Mecânico no Veículo";"Colisão traseira";"Com Vítimas Feridas";"Anoitecer";"Decrescente";"Nublado";"Múltipla";"Reta";"Sim";2;0;1;0;1;0;1;2;-25,469219;-49,254143;"SPRF-PR";"DEL01-PR";"UOP03-DEL01-PR"
300893;2020-08-11;"terça-feira";"19:50:00";"ES";393;23,5;"MUQUI";"Ingestão de Substâncias Psicoativas";"Capotamento";"Sem Vítimas";"Plena Noite";"Decrescente";"Céu Claro";"Simples";"Curva";"Não";1;0;0;0;1;0;0;1;-20,94057167;-41,33099715;"SPRF-ES";"DEL03-ES";"UOP02-DEL03-ES"
300896;2020-08-11;"terça-feira";"20:30:00";"RJ";101;331;"RIO DE JANEIRO";"Ingestão de Álcool";"Colisão traseira";"Com Vítimas Feridas";"Plena Noite";"Crescente";"Céu Claro";"Múltipla";"Reta";"Não";2;0;1;0;1;0;1;2;-22,867662;-43,195337;"SPRF-RJ";"DEL02-RJ";"UOP02-DEL02-RJ"
300898;2020-08-11;"terça-feira";"20:31:00";"SE";235;6;"NOSSA SENHORA DO SOCORRO";"Pista Escorregadia";"Tombamento";"Com Vítimas Feridas";"Plena Noite";"Decrescente";"Nublado";"Simples";"Curva";"Não";2;0;2;0;0;0;2;1;-10,90416313;-37,13178277;"SPRF-SE";"DEL01-SE";"UOP01-DEL01-SE"
300899;2020-08-11;"terça-feira";"21:30:00";"SP";116;2;"GUARULHOS";"Não guardar distância de segurança";"Engavetamento";"Com Vítimas Feridas";"Plena Noite";"Decrescente";"Céu Claro";"Dupla";"Reta";"Sim";2;0;1;0;0;1;1;2;-23,43343329;-46,49345767;"SPRF-SP";"DEL04-SP";"UOP02-DEL04-SP"
300900;2020-08-11;"terça-feira";"20:30:00";"SE";235;6;"NOSSA SENHORA DO SOCORRO";"Pista Escorregadia";"Tombamento";"Com Vítimas Feridas";"Plena Noite";"Decrescente";"Nublado";"Simples";"Aclive;Curva";"Não";1;0;1;0;0;0;1;1;-10,903851;-37,128677;"SPRF-SE";"DEL01-SE";"UOP01-DEL01-SE"
300901;2020-08-11;"terça-feira";"19:40:00";"BA";116;822,3;"VITORIA DA CONQUISTA";"Falta de Atenção à Condução";"Colisão lateral";"Com Vítimas Feridas";"Plena Noite";"Decrescente";"Nublado";"Dupla";"Reta";"Sim";2;0;1;0;1;0;1;2;-14,80363418;-40,78042987;"SPRF-BA";"DEL08-BA";"UOP01-DEL08-BA"
300905;2020-07-13;"segunda-feira";"19:40:00";"MG";381;248;"SANTANA DO PARAISO";"Falta de Atenção à Condução";"Tombamento";"Com Vítimas Feridas";"Plena Noite";"Decrescente";"Ignorado";"Simples";"Reta";"Não";1;0;1;0;0;0;1;1;-19,45175003;-42,51489257;"SPRF-MG";"DEL06-MG";"UOP01-DEL06-MG"
300907;2020-08-11;"terça-feira";"21:40:00";"SP";116;222,7;"GUARULHOS";"Falta de Atenção à Condução";"Colisão com objeto estático";"Com Vítimas Feridas";"Plena Noite";"Decrescente";"Nublado";"Múltipla";"Reta";"Sim";1;0;1;0;0;0;1;1;-23,47093408;-46,51631097;"SPRF-SP";"DEL01-SP";"UOP01-DEL01-SP"
300908;2020-08-11;"terça-feira";"15:20:00";"SC";101;288;"IMBITUBA";"Falta de Atenção à Condução";"Colisão traseira";"Com Vítimas Feridas";"Pleno dia";"Crescente";"Nublado";"Simples";"Reta";"Sim";2;0;0;1;1;0;1;2;-28,269949;-48,701038;"SPRF-SC";"DEL02-SC";"UOP03-DEL02-SC"
300909;2020-08-11;"terça-feira";"20:10:00";"GO";20;157;"ALVORADA DO NORTE";"Defeito Mecânico no Veículo";"Colisão com objeto estático";"Sem Vítimas";"Plena Noite";"Crescente";"Céu Claro";"Simples";"Ponte;Reta";"Não";4;0;0;0;4;0;0;1;-14,639812;-46,627869;"SPRF-DF";"DEL02-DF";"UOP03-DEL02-DF"
300912;2020-08-11;"terça-feira";"20:00:00";"PE";232;69,1;"GRAVATA";"Velocidade Incompatível";"Colisão com objeto estático";"Sem Vítimas";"Plena Noite";"Decrescente";"Céu Claro";"Dupla";"Curva";"Não";1;0;0;0;1;0;0;1;-8,17240309;-35,47993595;"SPRF-PE";"DEL02-PE";"UOP02-DEL02PE"