"id";"data_inversa";"dia_semana";"horario";"uf";"br";"km";"municipio";"causa_acidente";"tipo_acidente";"classificacao_acidente";"fase_dia";"sentido_via";"condicao_metereologica";"tipo_pista";"tracado_via";"uso_solo";"pessoas";"mortos";"feridos_leves";"feridos_graves";"ilesos";"ignorados";"feridos";"veiculos";"latitude";"longitude";"regional";"delegacia";"uop"
300913;2020-08-11;"terça-feira";"19:00:00";"PB";230;25;"JOAO PESSOA";"Falta de Atenção à Condução";"Colisão com objeto estático";"Com Vítimas Feridas";"Plena Noite";"Decrescente";"Nublado";"Dupla";"Interseção de Vias";"Sim";1;0;1;0;0;0;1;1;-7,1707;-34,8684;"SPRF-PB";"DEL01-PB";"UOP01-DEL01-PB"
300914;2020-08-11;"terça-feira";"22:00:00";"RO";364;17;"VILHENA";"Velocidade Incompatível";"Queda de ocupante de veículo";"Com Vítimas Feridas";"Plena Noite";"Decrescente";"Céu Claro";"Simples";"Declive";"Sim";1;0;0;1;0;0;1;1;-12,73207998;-60,16589399;"SPRF-RO";"DEL04-RO";"UOP01-DEL04-RO"
300915;2020-08-11;"terça-feira";"21:20:00";"MG";153;3;"ARAPORA";"Avarias e/ou desgaste excessivo no pneu";"Tombamento";"Com Vítimas Feridas";"Plena Noite";"Decrescente";"Céu Claro";"Dupla";"Reta";"Sim";1;0;1;0;0;0;1;1;-18,44267098;-49,18831685;"SPRF-MG";"DEL15-MG";"UOP03-DEL15-MG"
300917;2020-08-12;"quarta-feira";"00:10:00";"SC";470;69,1;"INDAIAL";"Desobediência às normas de trânsito pelo condutor";"Colisão transversal";"Com Vítimas Feridas";"Plena Noite";"Crescente";"Céu Claro";"Simples";"Reta;Em Obras";"Sim";3;0;2;0;1;0;2;3;-26,883745;-49,246704;"SPRF-SC";"DEL04-SC";"UOP01-DEL04-SC"
300921;2020-08-11;"terça-feira";"21:20:00";"MS";163;265;"DOURADOS";"Mal Súbito";"Tombamento";"Com Vítimas Feridas";"Plena Noite";"Crescente";"Céu Claro";"Dupla";"Rotatória";"Sim";1;0;1;0;0;0;1;1;-22,22370061;-54,73170877;"SPRF-MS";"DEL04-MS";"UOP01-DEL04-MS"
300923;2020-08-11;"terça-feira";"21:00:00";"GO";0;0;"PADRE BERNARDO";"Animais na Pista";"Saída de leito carroçável";"Com Vítimas Feridas";"Plena Noite";"Não Informado";"Céu Claro";"Simples";"Reta";"Não";2;0;0;1;1;0;1;1;-15,221678;-48,279979;"SPRF-DF";"DEL03-DF";"UOP02-DEL03-DF"
300924;2020-08-11;"terça-feira";"21:20:00";"TO";226;50;"DARCINOPOLIS";"Condutor Dormindo";"Capotamento";"Com Vítimas Feridas";"Plena Noite";"Decrescente";"Céu Claro";"Simples";"Reta";"Não";1;0;1;0;0;0;1;1;-6,791375;-47,802624;"SPRF-TO";"DEL02-TO";"UOP03-DEL02-TO"
300928;2020-08-12;"quarta-feira";"02:00:00";"PR";116;16;"CURITIBA";"Falta de Atenção à Condução";"Colisão com objeto estático";"Com Vítimas Feridas";"Plena Noite";"Crescente";"Nublado";"Dupla";"Reta";"Sim";4;0;1;1;2;0;2;1;-25,3874;-49,1774;"SPRF-PR";"DEL01-PR";"UOP02-DEL01-PR"
300929;2020-08-12;"quarta-feira";"00:00:00";"RS";386;136;"SARANDI";"Ingestão de Álcool";"Saída de leito carroçável";"Com Vítimas Feridas";"Plena Noite";"Decrescente";"Garoa/Chuvisco";"Simples";"Declive";"Sim";3;0;3;0;0;0;3;1;-27,968201;-52,90752;"SPRF-RS";"DEL08-RS";"UOP01-DEL08-RS"
300930;2020-08-11;"terça-feira";"13:45:00";"RO";364;84;"VILHENA";"Mal Súbito";"Queda de ocupante de veículo";"Com Vítimas Feridas";"Pleno dia";"Crescente";"Céu Claro";"Simples";"Aclive";"Não";1;0;1;0;0;0;1;1;-12,41146228;-60,60665927;"SPRF-RO";"DEL04-RO";"UOP01-DEL04-RO"
300936;2020-08-12;"quarta-feira";"03:00:00";"MG";262;606,5;"CAMPOS ALTOS";"Falta de Atenção à Condução";"Saída de leito carroçável";"Com Vítimas Feridas";"Plena Noite";"Decrescente";"Céu Claro";"Simples";"Reta";"Não";4;0;0;1;3;0;1;1;-19,61383765;-46,28071189;"SPRF-MG";"DEL08-MG";"UOP02-DEL08-MG"
300938;2020-08-12;"quarta-feira";"05:50:00";"SP";116;215,5;"GUARULHOS";"Não guardar distância de segurança";"Tombamento";"Com Vítimas Feridas";"Pleno dia";"Decrescente";"Nublado";"Múltipla";"Reta";"Sim";2;0;1;0;1;0;1;2;-23,452521;-46,46718;"SPRF-SP";"DEL01-SP";"UOP01-DEL01-SP"
300939;2020-08-12;"quarta-feira";"05:05:00";"ES";262;151,9;"IBATIBA";"Falta de Atenção à Condução";"Saída de leito carroçável";"Com Vítimas Feridas";"Amanhecer";"Crescente";"Chuva";"Simples";"Curva";"Não";1;0;1;0;0;0;1;1;-20,2148829;-41,44925529;"SPRF-ES";"DEL01-ES";"UOP02-DEL01-ES"
300941;2020-08-09;"domingo";"04:20:00";"RJ";101;327;"NITEROI";"Ingestão de Álcool";"Colisão traseira";"Com Vítimas Feridas";"Plena Noite";"Decrescente";"Céu Claro";"Dupla";"Reta";"Não";2;0;1;0;1;0;1;2;-22,87117393;-43,15595099;"SPRF-RJ";"DEL02-RJ";"UOP02-DEL02-RJ"
300943;2020-08-11;"terça-feira";"21:00:00";"SC";116;245,5;"LAGES";"Falta de Atenção à Condução";"Colisão transversal";"Com Vítimas Feridas";"Plena Noite";"Crescente";"Céu Claro";"Simples";"Rotatória;Interseção de Vias";"Sim";2;0;1;0;1;0;1;2;-27,79981134;-50,36366701;"SPRF-SC";"DEL05-SC";"UOP02-DEL05-SC"
300944;2020-08-11;"terça-feira";"19:50:00";"SC";470;54,5;"BLUMENAU";"Falta de Atenção à Condução";"Colisão traseira";"Com Vítimas Feridas";"Plena Noite";"Crescente";"Céu Claro";"Simples";"Rotatória";"Sim";3;0;1;0;2;0;1;2;-26,871065;-49,110374;"SPRF-SC";"DEL04-SC";"UOP01-DEL04-SC"
300947;2020-08-12;"quarta-feira";"06:40:00";"MG";262;46;"MANHUACU";"Velocidade Incompatível";"Saída de leito carroçável";"Com Vítimas Feridas";"Pleno dia";"Crescente";"Chuva";"Simples";"Curva";"Não";2;0;2;0;0;0;2;1;-20,26333304;-42,10566505;"SPRF-MG";"DEL06-MG";"UOP03-DEL06-MG"
300950;2020-08-12;"quarta-feira";"07:00:00";"PI";402;13;"BURITI DOS LOPES";"Não guardar distância de segurança";"Colisão lateral";"Com Vítimas Feridas";"Pleno dia";"Crescente";"Céu Claro";"Simples";"Reta";"Não";2;0;0;1;0;1;1;2;-3,100406;-41,789944;"SPRF-PI";"DEL05-PI";"UOP01-DEL05-PI"
300953;2020-08-09;"domingo";"04:50:00";"BA";324;618;"SALVADOR";"Falta de Atenção à Condução";"Colisão traseira";"Sem Vítimas";"Amanhecer";"Decrescente";"Chuva";"Múltipla";"Reta";"Não";2;0;0;0;2;0;0;2;-12,903205;-38,453916;"SPRF-BA";"DEL01-BA";"UOP01-DEL01-BA"
300954;2020-08-11;"terça-feira";"17:45:00";"RS";116;14,7;"VACARIA";"Agressão Externa";"Saída de leito carroçável";"Com Vítimas Feridas";"Pleno dia";"Decrescente";"Céu Claro";"Simples";"Reta";"Não";4;0;3;0;1;0;3;1;-28,32041999;-50,80506604;"SPRF-RS";"DEL05-RS";"UOP03-DEL05-RS"
300957;2020-08-11;"terça-feira";"00:05:00";"RS";470;263;"SALVADOR DO SUL";"Restrição de Visibilidade";"Saída de leito carroçável";"Com Vítimas Feridas";"Plena Noite";"Decrescente";"Nevoeiro/Neblina";"Simples";"Curva";"Não";2;0;2;0;0;0;2;1;-29,48237681;-51,48399211;"SPRF-RS";"DEL04-RS";"UOP02-DEL04-RS"
300959;2020-08-12;"quarta-feira";"07:00:00";"PR";376;232;"APUCARANA";"Falta de Atenção à Condução";"Colisão lateral";"Com Vítimas Feridas";"Pleno dia";"Crescente";"Céu Claro";"Simples";"Curva";"Não";2;0;0;1;1;0;1;2;-23,57126885;-51,50557362;"SPRF-PR";"DEL07-PR";"UOP03-DEL07-PR"
300962;2020-08-12;"quarta-feira";"06:55:00";"BA";324;623;"SALVADOR";"Não guardar distância de segurança";"Colisão traseira";"Com Vítimas Feridas";"Pleno dia";"Crescente";"Nublado";"Dupla";"Reta";"Sim";4;0;1;0;3;0;1;4;-12,92628699;-38,46838679;"SPRF-BA";"DEL01-BA";"UOP01-DEL01-BA"
300964;2020-08-12;"quarta-feira";"04:30:00";"MS";262;636,5;"MIRANDA";"Velocidade Incompatível";"Saída de leito carroçável";"Com Vítimas Feridas";"Plena Noite";"Crescente";"Céu Claro";"Simples";"Reta";"Não";1;0;1;0;0;0;1;1;-19,81973293;-56,90667097;"SPRF-MS";"DEL03-MS";"UOP02-DEL03-MS"
300966;2020-08-12;"quarta-feira";"07:40:00";"GO";60;97;"ANAPOLIS";"Falta de Atenção à Condução";"Colisão traseira";"Com Vítimas Feridas";"Pleno dia";"Crescente";"Céu Claro";"Dupla";"Reta";"Sim";3;0;2;0;1;0;2;2;-16,3774;-48,9483;"SPRF-GO";"DEL02-GO";"UOP01-DEL02-GO"
300967;2020-08-12;"quarta-feira";"07:20:00";"CE";116;5;"FORTALEZA";"Falta de Atenção à Condução";"Colisão traseira";"Com Vítimas Feridas";"Pleno dia";"Crescente";"Sol";"Dupla";"Viaduto";"Sim";2;0;1;0;1;0;1;2;-3,79467116;-38,50772734;"SPRF-CE";"DEL01-CE";"UOP02-DEL01-CE"
300968;2020-08-12;"quarta-feira";"07:50:00";"RS";285;300;"PASSO FUNDO";"Desobediência às normas de trânsito pelo condutor";"Colisão transversal";"Com Vítimas Feridas";"Pleno dia";"Crescente";"Chuva";"Simples";"Interseção de Vias";"Sim";2;0;1;0;1;0;1;2;-28,22968;-52,44147;"SPRF-RS";"DEL08-RS";"UOP03-DEL08-RS"
300970;2020-08-12;"quarta-feira";"06:45:00";"MG";381;343;"BELA VISTA DE MINAS";"Pista Escorregadia";"Colisão transversal";"Com Vítimas Feridas";"Amanhecer";"Crescente";"Garoa/Chuvisco";"Simples";"Curva";"Sim";3;0;1;0;2;0;1;2;-19,85663904;-43,10916603;"SPRF-MG";"DEL03-MG";"UOP01-DEL03-MG"
300971;2020-08-12;"quarta-feira";"08:30:00";"SC";101;210;"SAO JOSE";"Desobediência às normas de trânsito pelo condutor";"Colisão lateral";"Com Vítimas Feridas";"Pleno dia";"Decrescente";"Garoa/Chuvisco";"Dupla";"Reta";"Sim";3;0;1;0;2;0;1;3;-27,6167305;-48,6457265;"SPRF-SC";"DEL01-SC";"UOP01-DEL01-SC"
300972;2020-08-12;"quarta-feira";"08:00:00";"RJ";101;478;"ANGRA DOS REIS";"Falta de Atenção à Condução";"Colisão lateral";"Com Vítimas Feridas";"Pleno dia";"Crescente";"Céu Claro";"Simples";"Reta";"Sim";2;0;1;0;1;0;1;2;-23,00246527;-44,27270594;"SPRF-RJ";"DEL03-RJ";"UOP03-DEL03-RJ"
300973;2020-08-12;"quarta-feira";"07:55:00";"ES";101;270,6;"SERRA";"Desobediência às normas de trânsito pelo condutor";"Colisão lateral";"Com Vítimas Feridas";"Pleno dia";"Crescente";"Sol";"Simples";"Reta";"Sim";2;0;1;0;1;0;1;2;-20,22662056;-40,27075088;"SPRF-ES";"DEL02-ES";"UOP01-DEL02-ES"
300975;2020-08-12;"quarta-feira";"08:00:00";"PB";230;25;"JOAO PESSOA";"Desobediência às normas de trânsito pelo condutor";"Colisão transversal";"Com Vítimas Feridas";"Pleno dia";"Decrescente";"Céu Claro";"Múltipla";"Reta";"Sim";2;0;1;0;0;1;1;2;-7,1707;-34,8684;"SPRF-PB";"DEL01-PB";"UOP01-DEL01-PB"
300977;2020-08-12;"quarta-feira";"08:40:00";"PR";277;721,1;"FOZ DO IGUACU";"Falta de Atenção à Condução";"Colisão traseira";"Com Vítimas Feridas";"Pleno dia";"Crescente";"Chuva";"Dupla";"Reta";"Sim";3;0;1;0;2;0;1;2;-25,4911505;-54,51185421;"SPRF-PR";"DEL05-PR";"UOP03-DEL05-PR"
300978;2020-08-12;"quarta-feira";"08:00:00";"SP";116;221;"GUARULHOS";"Falta de Atenção à Condução";"Atropelamento de Pedestre";"Com Vítimas Feridas";"Pleno dia";"Decrescente";"Céu Claro";"Múltipla";"Reta";"Sim";2;0;1;0;1;0;1;2;-23,46802395;-46,50704901;"SPRF-SP";"DEL01-SP";"UOP01-DEL01-SP"
300980;2020-08-12;"quarta-feira";"07:10:00";"MS";60;515,7;"NIOAQUE";"Falta de Atenção à Condução";"Colisão com objeto estático";"Com Vítimas Fatais";"Amanhecer";"Crescente";"Céu Claro";"Simples";"Declive;Curva";"Não";1;1;0;0;0;0;0;1;-21,17732695;-55,628235;"SPRF-MS";"DEL05-MS";"UOP01-DEL05-MS"
300981;2020-08-12;"quarta-feira";"07:45:00";"RS";386;34,2;"FREDERICO WESTPHALEN";"Ingestão de Álcool";"Colisão transversal";"Com Vítimas Feridas";"Pleno dia";"Crescente";"Chuva";"Simples";"Curva";"Sim";2;0;1;0;1;0;1;2;-27,358442;-53,388298;"SPRF-RS";"DEL08-RS";"UOP02-DEL08-RS"
300982;2020-08-09;"domingo";"05:15:00";"RO";364;342;"JI-PARANA";"Falta de Atenção à Condução";"Colisão lateral";"Com Vítimas Feridas";"Amanhecer";"Crescente";"Céu Claro";"Dupla";"Reta";"Sim";2;0;1;0;1;0;1;2;-10,88381227;-61,93741416;"SPRF-RO";"DEL02-RO";"UOP01-DEL02-RO"
300983;2020-08-12;"quarta-feira";"08:00:00";"MS";163;237;"CAARAPO";"Avarias e/ou desgaste excessivo no pneu";"Tombamento";"Com Vítimas Feridas";"Pleno dia";"Crescente";"Céu Claro";"Dupla";"Reta";"Não";2;0;2;0;0;0;2;1;-22,41531614;-54,8016528;"SPRF-MS";"DEL04-MS";"UOP02-DEL04-MS"
300985;2020-08-12;"quarta-feira";"09:45:00";"SP";116;521;"CAJATI";"Velocidade Incompatível";"Colisão com objeto estático";"Com Vítimas Feridas";"Pleno dia";"Decrescente";"Sol";"Simples";"Curva";"Não";2;0;0;1;1;0;1;1;-24,88932071;-48,23326417;"SPRF-SP";"DEL05-SP";"UOP02-DEL05-SP"
300987;2020-07-15;"quarta-feira";"08:15:00";"MG";365;626;"UBERLANDIA";"Falta de Atenção à Condução";"Colisão traseira";"Com Vítimas Feridas";"Pleno dia";"Crescente";"Céu Claro";"Dupla";"Interseção de Vias";"Sim";2;0;0;1;0;1;1;2;-18,90851948;-48,31151962;"SPRF-MG";"DEL15-MG";"UOP01-DEL15-MG"
300988;2020-08-12;"quarta-feira";"09:30:00";"PR";476;122;"CURITIBA";"Falta de Atenção à Condução";"Colisão frontal";"Com Vítimas Feridas";"Pleno dia";"Crescente";"Céu Claro";"Dupla";"Reta";"Sim";1;0;1;0;0;0;1;1;-25,385775;-49,203377;"SPRF-PR";"DEL01-PR";"UOP02-DEL01-PR"
300989;2020-08-12;"quarta-feira";"10:00:00";"SC";101;194;"BIGUACU";"Animais na Pista";"Colisão traseira";"Com Vítimas Feridas";"Pleno dia";"Crescente";"Nublado";"Dupla";"Reta";"Não";2;0;2;0;0;0;2;1;-27,49815117;-48,65661236;"SPRF-SC";"DEL01-SC";"UOP01-DEL01-SC"
300990;2020-08-12;"quarta-feira";"09:15:00";"MG";381;938;"EXTREMA";"Ingestão de Álcool";"Colisão transversal";"Com Vítimas Feridas";"Pleno dia";"Decrescente";"Sol";"Dupla";"Reta";"Sim";3;0;1;0;2;0;1;2;-22,83909203;-46,32850893;"SPRF-MG";"DEL16-MG";"UOP03-DEL16-MG"
300991;2020-08-09;"domingo";"06:00:00";"GO";153;305;"RIALMA";"Ingestão de Álcool";"Saída de leito carroçável";"Com Vítimas Feridas";"Amanhecer";"Decrescente";"Céu Claro";"Simples";"Aclive";"Não";1;0;1;0;0;0;1;1;-15,319148;-49,572132;"SPRF-GO";"DEL02-GO";"UOP02-DEL02-GO"
300992;2020-08-09;"domingo";"01:15:00";"RJ";116;301;"RESENDE";"Falta de Atenção à Condução";"Colisão traseira";"Com Vítimas Feridas";"Plena Noite";"Decrescente";"Céu Claro";"Dupla";"Reta";"Sim";2;0;1;0;0;1;1;2;-22,4529399;-44,36236901;"SPRF-RJ";"DEL07-RJ";"UOP02-DEL07-RJ"
300993;2020-08-12;"quarta-feira";"09:30:00";"MG";50;162,2;"UBERABA";"Defeito Mecânico no Veículo";"Tombamento";"Com Vítimas Feridas";"Pleno dia";"Decrescente";"Céu Claro";"Dupla";"Reta";"Não";1;0;1;0;0;0;1;1;-19,66798;-47,999101;"SPRF-MG";"DEL13-MG";"UOP01-DEL13-MG"
300994;2020-05-30;"sábado";"18:30:00";"RN";226;76,7;"TANGARA";"Desobediência às normas de trânsito pelo condutor";"Colisão traseira";"Com Vítimas Fatais";"Plena Noite";"Crescente";"Nublado";"Simples";"Reta";"Não";3;2;0;0;1;0;0;2;-6,15820918;-35,75009586;"SPRF-RN";"DEL01-RN";"UOP02-DEL01-RN"
300995;2020-08-12;"quarta-feira";"11:20:00";"SC";101;217,7;"PALHOCA";"Defeito Mecânico no Veículo";"Tombamento";"Com Vítimas Feridas";"Pleno dia";"Decrescente";"Garoa/Chuvisco";"Dupla";"Reta";"Sim";1;0;1;0;0;0;1;1;-27,66779034;-48,67393586;"SPRF-SC";"DEL01-SC";"UOP02-DEL01-SC"
300996;2020-08-12;"quarta-feira";"11:35:00";"ES";262;6,8;"CARIACICA";"Falta de Atenção à Condução";"Colisão lateral";"Com Vítimas Feridas";"Pleno dia";"Decrescente";"Céu Claro";"Dupla";"Reta";"Sim";2;0;1;1;0;0;2;2;-20,34007493;-40,39451305;"SPRF-ES";"DEL01-ES";"UOP01-DEL01-ES"
300997;2020-08-12;"quarta-feira";"08:00:00";"AP";156;819;"OIAPOQUE";"Falta de Atenção à Condução";"Colisão lateral";"Com Vítimas Feridas";"Pleno dia";"Crescente";"Céu Claro";"Simples";"Reta";"Sim";3;0;1;0;1;1;1;3;3,83364906;-51,8047465;"SPRF-AP";"DEL01-AP";"UOP03-DEL01-AP"
301001;2020-08-12;"quarta-feira";"11:20:00";"RJ";101;511;"ANGRA DOS REIS";"Não guardar distância de segurança";"Colisão traseira";"Com Vítimas Feridas";"Pleno dia";"Decrescente";"Sol";"Simples";"Reta";"Sim";2;0;1;0;1;0;1;2;-22,9609111;-44,4382966;"SPRF-RJ";"DEL03-RJ";"UOP02-DEL03-RJ"
301003;2020-08-12;"quarta-feira";"12:10:00";"SP";116;157;"SAO JOSE DOS CAMPOS";"Não guardar distância de segurança";"Colisão traseira";"Com Vítimas Feridas";"Pleno dia";"Crescente";"Céu Claro";"Dupla";"Reta";"Sim";2;0;0;1;1;0;1;2;-23,25558031;-45,9437828;"SPRF-SP";"DEL02-SP";"UOP01-DEL02-SP"
301004;2020-08-12;"quarta-feira";"12:35:00";"PR";272;433,4;"GOIOERE";"Falta de Atenção à Condução";"Colisão transversal";"Com Vítimas Feridas";"Pleno dia";"Crescente";"Nublado";"Simples";"Interseção de Vias";"Não";2;0;0;1;1;0;1;2;-24,18662294;-53,00060202;"SPRF-PR";"DEL09-PR";"UOP03-DEL09-PR"
301005;2020-04-14;"terça-feira";"19:15:00";"RO";364;228,5;"CACOAL";"Desobediência às normas de trânsito pelo condutor";"Colisão frontal";"Com Vítimas Feridas";"Plena Noite";"Crescente";"Nublado";"Simples";"Reta";"Não";6;0;1;4;1;0;5;2;-11,49012091;-61,38047391;"SPRF-RO";"DEL02-RO";"UOP02-DEL02-RO"
301007;2020-07-13;"segunda-feira";"09:30:00";"AM";174;997;"PRESIDENTE FIGUEIREDO";"Falta de Atenção à Condução";"Capotamento";"Sem Vítimas";"Pleno dia";"Crescente";"Céu Claro";"Simples";"Reta";"Não";2;0;0;0;2;0;0;1;-1,994507;-60,02663;"SPRF-AM";"DEL01-AM";"UOP02-DEL01-AM"
301008;2020-08-12;"quarta-feira";"12:15:00";"MG";459;84,5;"CONGONHAL";"Desobediência às normas de trânsito pelo condutor";"Colisão transversal";"Com Vítimas Feridas";"Pleno dia";"Crescente";"Céu Claro";"Simples";"Interseção de Vias;Reta";"Sim";2;0;0;1;1;0;1;2;-22,15033484;-46,03732824;"SPRF-MG";"DEL09-MG";"UOP01-DEL09-MG"
301010;2020-08-12;"quarta-feira";"10:45:00";"RJ";101;315;"SAO GONCALO";"Avarias e/ou desgaste excessivo no pneu";"Queda de ocupante de veículo";"Com Vítimas Feridas";"Pleno dia";"Decrescente";"Sol";"Dupla";"Reta";"Sim";2;0;2;0;0;0;2;1;-22,82262092;-43,08460805;"SPRF-RJ";"DEL02-RJ";"UOP02-DEL02-RJ"
301013;2020-08-12;"quarta-feira";"13:04:00";"DF";70;9,9;"BRASILIA";"Falta de Atenção à Condução";"Colisão transversal";"Com Vítimas Feridas";"Pleno dia";"Crescente";"Sol";"Dupla";"Reta";"Sim";5;0;2;0;2;1;2;3;-15,787066;-48,140709;"SPRF-DF";"DEL03-DF";"UOP02-DEL03-DF"
301015;2020-08-12;"quarta-feira";"12:57:00";"SP";101;51,7;"UBATUBA";"Falta de Atenção à Condução";"Colisão lateral";"Com Vítimas Feridas";"Pleno dia";"Crescente";"Céu Claro";"Simples";"Reta";"Sim";2;0;1;0;1;0;1;2;-23,46417145;-45,06310701;"SPRF-SP";"DEL06-SP";"UOP01-DEL06-SP"
301016;2020-08-12;"quarta-feira";"10:00:00";"AM";174;990;"PRESIDENTE FIGUEIREDO";"Desobediência às normas de trânsito pelo condutor";"Colisão lateral";"Com Vítimas Feridas";"Pleno dia";"Decrescente";"Céu Claro";"Dupla";"Rotatória";"Sim";3;0;0;2;1;0;2;2;-2,053433;-60,0239;"SPRF-AM";"DEL01-AM";"UOP02-DEL01-AM"
301018;2020-08-12;"quarta-feira";"11:45:00";"RJ";40;115;"DUQUE DE CAXIAS";"Não guardar distância de segurança";"Colisão lateral";"Com Vítimas Feridas";"Pleno dia";"Decrescente";"Céu Claro";"Dupla";"Reta";"Não";2;0;1;0;0;1;1;2;-22,734684;-43,288387;"SPRF-RJ";"DEL01-RJ";"UOP01-DEL01-RJ"
301019;2020-08-12;"quarta-feira";"14:00:00";"SP";153;85;"MIRASSOL";"Ingestão de Álcool";"Tombamento";"Com Vítimas Feridas";"Pleno dia";"Crescente";"Sol";"Simples";"Rotatória;Curva";"Não";1;0;1;0;0;0;1;1;-20,9344296;-49,51909431;"SPRF-SP";"DEL09-SP";"UOP01-DEL09-SP"
301020;2020-08-12;"quarta-feira";"13:45:00";"PR";163;22,7;"SANTO ANTONIO DO SUDOESTE";"Desobediência às normas de trânsito pelo condutor";"Saída de leito carroçável";"Com Vítimas Feridas";"Pleno dia";"Crescente";"Chuva";"Simples";"Reta";"Não";1;0;1;0;0;0;1;1;-26,1942302;-53,64766821;"SPRF-PR";"DEL02-PR";"UOP02-DEL02-PR"
301021;2020-08-09;"domingo";"05:40:00";"RJ";40;117;"DUQUE DE CAXIAS";"Ingestão de Substâncias Psicoativas";"Tombamento";"Com Vítimas Feridas";"Amanhecer";"Crescente";"Céu Claro";"Dupla";"Reta";"Sim";1;0;1;0;0;0;1;1;-22,745676;-43,2881;"SPRF-RJ";"DEL01-RJ";"UOP01-DEL01-RJ"
301022;2020-03-27;"sexta-feira";"22:10:00";"BA";101;505;"ITABUNA";"Velocidade Incompatível";"Colisão com objeto em movimento";"Com Vítimas Feridas";"Plena Noite";"Crescente";"Céu Claro";"Simples";"Reta";"Sim";1;0;0;1;0;0;1;1;-14,949265;-39,3042109;"SPRF-BA";"DEL05-BA";"UOP01-DEL05-BA"
301024;2020-08-12;"quarta-feira";"14:00:00";"ES";262;6,3;"CARIACICA";"Falta de Atenção à Condução";"Queda de ocupante de veículo";"Com Vítimas Feridas";"Pleno dia";"Crescente";"Sol";"Múltipla";"Reta;Interseção de Vias";"Sim";1;0;1;0;0;0;1;1;-20,34007493;-40,39451305;"SPRF-ES";"DEL01-ES";"UOP01-DEL01-ES"
301025;2020-08-12;"quarta-feira";"13:10:00";"RS";480;66,5;"BARAO DE COTEGIPE";"Velocidade Incompatível";"Saída de leito carroçável";"Com Vítimas Feridas";"Pleno dia";"Crescente";"Chuva";"Simples";"Curva;Aclive";"Não";2;0;1;0;1;0;1;1;-27,63150868;-52,36002465;"SPRF-RS";"DEL08-RS";"UOP04-DEL08-RS"
301026;2020-08-12;"quarta-feira";"14:35:00";"SE";235;104,4;"CARIRA";"Não guardar distância de segurança";"Colisão traseira";"Com Vítimas Feridas";"Pleno dia";"Decrescente";"Céu Claro";"Simples";"Reta";"Não";3;0;1;0;2;0;1;2;-10,383366;-37,682716;"SPRF-SE";"DEL01-SE";"UOP02-DEL01-SE"
301027;2020-08-12;"quarta-feira";"14:55:00";"PR";376;176,4;"MARINGA";"Falta de Atenção à Condução";"Colisão transversal";"Com Vítimas Feridas";"Pleno dia";"Decrescente";"Sol";"Dupla";"Reta;Interseção de Vias";"Sim";3;0;2;0;1;0;2;2;-23,411655;-51,934922;"SPRF-PR";"DEL09-PR";"UOP01-DEL09-PR"
301028;2020-08-12;"quarta-feira";"15:10:00";"RJ";101;330;"RIO DE JANEIRO";"Falta de Atenção à Condução";"Tombamento";"Com Vítimas Feridas";"Pleno dia";"Crescente";"Céu Claro";"Múltipla";"Reta";"Não";1;0;1;0;0;0;1;1;-22,8684989;-43,18548699;"SPRF-RJ";"DEL02-RJ";"UOP02-DEL02-RJ"
301029;2020-08-12;"quarta-feira";"15:10:00";"SP";116;336;"JUQUITIBA";"Velocidade Incompatível";"Atropelamento de Pedestre";"Com Vítimas Feridas";"Pleno dia";"Crescente";"Céu Claro";"Simples";"Reta";"Sim";2;0;2;0;0;0;2;2;-23,975182;-47,140694;"SPRF-SP";"DEL04-SP";"UOP01-DEL04-SP"
301030;2020-08-12;"quarta-feira";"13:10:00";"MT";364;18;"ALTO ARAGUAIA";"Avarias e/ou desgaste excessivo no pneu";"Colisão com objeto estático";"Sem Vítimas";"Pleno dia";"Decrescente";"Céu Claro";"Simples";"Reta";"Não";1;0;0;0;1;0;0;1;-17,2153618;-53,3296809;"SPRF-MT";"DEL02-MT";"UOP02-DEL02-MT"
301033;2020-08-12;"quarta-feira";"14:00:00";"SC";470;307,9;"VARGEM";"Velocidade Incompatível";"Saída de leito carroçável";"Com Vítimas Feridas";"Pleno dia";"Decrescente";"Chuva";"Simples";"Aclive;Curva";"Não";2;0;2;0;0;0;2;1;-27,386908;-51,113163;"SPRF-SC";"DEL07-SC";"UOP06-DEL07-SC"
301034;2020-08-12;"quarta-feira";"14:30:00";"SC";101;306,5;"LAGUNA";"Avarias e/ou desgaste excessivo no pneu";"Capotamento";"Com Vítimas Feridas";"Pleno dia";"Crescente";"Chuva";"Dupla";"Curva";"Sim";2;0;2;0;0;0;2;1;-28,40614725;-48,79113263;"SPRF-SC";"DEL02-SC";"UOP03-DEL02-SC"
301035;2020-08-12;"quarta-feira";"12:30:00";"PE";101;35;"IGARASSU";"Condutor Dormindo";"Capotamento";"Com Vítimas Feridas";"Pleno dia";"Crescente";"Céu Claro";"Dupla";"Reta";"Não";1;0;0;1;0;0;1;1;-7,77952193;-34,93231384;"SPRF-PE";"DEL01-PE";"UOP02-DEL01-PE"
301036;2020-08-11;"terça-feira";"06:45:00";"BA";330;807;"JEQUIE";"Falta de Atenção à Condução";"Saída de leito carroçável";"Com Vítimas Feridas";"Pleno dia";"Decrescente";"Céu Claro";"Simples";"Curva";"Não";1;0;1;0;0;0;1;1;-13,98868384;-39,93740488;"SPRF-BA";"DEL03-BA";"UOP01-DEL03-BA"