"id";"data_inversa";"dia_semana";"horario";"uf";"br";"km";"municipio";"causa_acidente";"tipo_acidente";"classificacao_acidente";"fase_dia";"sentido_via";"condicao_metereologica";"tipo_pista";"tracado_via";"uso_solo";"pessoas";"mortos";"feridos_leves";"feridos_graves";"ilesos";"ignorados";"feridos";"veiculos";"latitude";"longitude";"regional";"delegacia";"uop"
301037;2020-08-12;"quarta-feira";"11:20:00";"AC";317;272,8;"EPITACIOLANDIA";"Falta de Atenção do Pedestre";"Atropelamento de Pedestre";"Com Vítimas Feridas";"Pleno dia";"Decrescente";"Sol";"Simples";"Reta";"Não";5;0;0;1;4;0;1;2;-10,95796716;-68,59128078;"SPRF-AC";"DEL01-AC";"UOP02-DEL01-AC"
301038;2020-08-12;"quarta-feira";"10:45:00";"SC";282;275,1;"SAO JOSE DO CERRITO";"Velocidade Incompatível";"Colisão com objeto estático";"Com Vítimas Feridas";"Pleno dia";"Crescente";"Chuva";"Simples";"Curva";"Não";2;0;1;0;1;0;1;1;-27,606421;-50,720207;"SPRF-SC";"DEL05-SC";"UOP02-DEL05-SC"
301039;2020-08-12;"quarta-feira";"14:30:00";"PI";343;593;"FLORIANO";"Desobediência às normas de trânsito pelo condutor";"Colisão transversal";"Com Vítimas Feridas";"Pleno dia";"Decrescente";"Céu Claro";"Dupla";"Reta";"Sim";4;0;1;0;3;0;1;2;-6,781913;-43,038273;"SPRF-PI";"DEL03-PI";"UOP01-DEL03-PI"
301040;2020-08-09;"domingo";"23:15:00";"RJ";101;334;"RIO DE JANEIRO";"Falta de Atenção à Condução";"Colisão lateral";"Com Vítimas Feridas";"Plena Noite";"Decrescente";"Céu Claro";"Dupla";"Curva";"Não";2;0;0;1;1;0;1;2;-22,88517902;-43,21704364;"SPRF-RJ";"DEL02-RJ";"UOP02-DEL02-RJ"
301042;2020-07-29;"quarta-feira";"20:20:00";"MA";222;209;"ITAPECURU MIRIM";"Velocidade Incompatível";"Capotamento";"Com Vítimas Fatais";"Plena Noite";"Crescente";"Ignorado";"Dupla";"Reta";"Sim";6;2;3;0;1;0;3;3;-3,39778374;-44,35696386;"SPRF-MA";"DEL01-MA";"UOP02-DEL01-MA"
301043;2020-08-12;"quarta-feira";"12:00:00";"RJ";0;0;"RIO DE JANEIRO";"Defeito na Via";"Colisão com objeto estático";"Com Vítimas Feridas";"Pleno dia";"Não Informado";"Sol";"Simples";"Curva";"Sim";1;0;1;0;0;0;1;1;-22,89712974;-43,24450493;"SPRF-RJ";"N/A";"N/A"
301045;2020-08-12;"quarta-feira";"13:50:00";"CE";116;376,2;"ICO";"Mal Súbito";"Queda de ocupante de veículo";"Com Vítimas Feridas";"Pleno dia";"Crescente";"Céu Claro";"Simples";"Reta";"Sim";1;0;1;0;0;0;1;1;-6,40027297;-38,83837002;"SPRF-CE";"DEL05-CE";"UOP01-DEL05-CE"
301047;2020-08-12;"quarta-feira";"16:44:00";"SP";116;211;"GUARULHOS";"Falta de Atenção à Condução";"Colisão lateral";"Com Vítimas Feridas";"Pleno dia";"Crescente";"Céu Claro";"Múltipla";"Declive";"Sim";2;0;1;0;1;0;1;2;-23,4324306;-46,4194352;"SPRF-SP";"DEL01-SP";"UOP01-DEL01-SP"
301048;2020-08-12;"quarta-feira";"16:25:00";"PR";277;587;"CASCAVEL";"Falta de Atenção à Condução";"Colisão lateral";"Com Vítimas Feridas";"Pleno dia";"Decrescente";"Chuva";"Simples";"Interseção de Vias";"Sim";2;0;1;0;1;0;1;2;-24,96941255;-53,42959722;"SPRF-PR";"DEL04-PR";"UOP01-DEL04-PR"
301050;2020-08-12;"quarta-feira";"14:35:00";"SC";282;558,3;"NOVA ITABERABA";"Fenômenos da Natureza";"Saída de leito carroçável";"Com Vítimas Feridas";"Pleno dia";"Decrescente";"Chuva";"Simples";"Curva";"Não";2;0;1;0;1;0;1;2;-26,93148255;-52,83471107;"SPRF-SC";"DEL07-SC";"UOP01-DEL07-SC"
301051;2020-08-12;"quarta-feira";"16:55:00";"RN";101;119,2;"SAO JOSE DE MIPIBU";"Ingestão de Álcool";"Atropelamento de Pedestre";"Com Vítimas Fatais";"Pleno dia";"Decrescente";"Céu Claro";"Dupla";"Reta";"Não";3;1;0;1;1;0;1;2;-6,02172946;-35,25169373;"SPRF-RN";"DEL01-RN";"UOP01-DEL01-RN"
301052;2020-08-12;"quarta-feira";"16:30:00";"RJ";101;270;"RIO BONITO";"Animais na Pista";"Colisão traseira";"Com Vítimas Feridas";"Pleno dia";"Decrescente";"Céu Claro";"Dupla";"Reta";"Sim";2;0;1;0;1;0;1;2;-22,71852325;-42,68689289;"SPRF-RJ";"DEL02-RJ";"UOP03-DEL02-RJ"
301053;2020-08-12;"quarta-feira";"17:10:00";"DF";20;52;"BRASILIA";"Desobediência às normas de trânsito pelo condutor";"Tombamento";"Com Vítimas Feridas";"Pleno dia";"Crescente";"Céu Claro";"Dupla";"Curva";"Não";1;0;1;0;0;0;1;1;-15,58401778;-47,44068146;"SPRF-DF";"DEL02-DF";"UOP01-DEL02-DF"
301054;2020-08-12;"quarta-feira";"17:15:00";"SP";116;145,5;"SAO JOSE DOS CAMPOS";"Não guardar distância de segurança";"Colisão lateral";"Com Vítimas Feridas";"Pleno dia";"Decrescente";"Céu Claro";"Dupla";"Aclive";"Sim";2;0;1;0;1;0;1;2;-23,1869844;-45,8548078;"SPRF-SP";"DEL02-SP";"UOP01-DEL02-SP"
301056;2020-08-12;"quarta-feira";"17:35:00";"MG";381;340;"NOVA ERA";"Desobediência às normas de trânsito pelo condutor";"Colisão transversal";"Com Vítimas Feridas";"Anoitecer";"Decrescente";"Nublado";"Simples";"Reta";"Não";2;0;1;0;1;0;1;2;-19,80937644;-43,06349874;"SPRF-MG";"DEL03-MG";"UOP01-DEL03-MG"
301057;2020-08-12;"quarta-feira";"17:35:00";"SC";101;213,5;"PALHOCA";"Não guardar distância de segurança";"Tombamento";"Com Vítimas Feridas";"Anoitecer";"Decrescente";"Chuva";"Múltipla";"Reta";"Sim";2;0;1;0;1;0;1;2;-27,63697369;-48,66514142;"SPRF-SC";"DEL01-SC";"UOP02-DEL01-SC"
301059;2020-08-12;"quarta-feira";"15:50:00";"RO";364;237;"CACOAL";"Defeito Mecânico no Veículo";"Queda de ocupante de veículo";"Com Vítimas Feridas";"Pleno dia";"Crescente";"Céu Claro";"Múltipla";"Reta;Interseção de Vias";"Sim";1;0;1;0;0;0;1;1;-11,44341056;-61,44672787;"SPRF-RO";"DEL02-RO";"UOP02-DEL02-RO"
301060;2020-08-12;"quarta-feira";"17:30:00";"MG";381;485,7;"BETIM";"Ingestão de Álcool";"Colisão traseira";"Com Vítimas Feridas";"Anoitecer";"Crescente";"Céu Claro";"Múltipla";"Reta";"Sim";3;0;2;0;1;0;2;2;-19,95618;-44,103992;"SPRF-MG";"DEL01-MG";"UOP03-DEL01-MG"
301061;2020-08-12;"quarta-feira";"17:10:00";"MG";381;484,6;"BETIM";"Falta de Atenção à Condução";"Colisão traseira";"Com Vítimas Feridas";"Pleno dia";"Crescente";"Céu Claro";"Dupla";"Reta";"Sim";2;0;0;1;1;0;1;2;-19,9553171722;-44,1172219647;"SPRF-MG";"DEL01-MG";"UOP03-DEL01-MG"
301062;2020-08-12;"quarta-feira";"16:30:00";"SP";116;144,5;"SAO JOSE DOS CAMPOS";"Não guardar distância de segurança";"Colisão traseira";"Sem Vítimas";"Pleno dia";"Crescente";"Céu Claro";"Dupla";"Aclive";"Não";2;0;0;0;2;0;0;2;-23,18274416;-45,84633592;"SPRF-SP";"DEL02-SP";"UOP01-DEL02-SP"
301067;2020-08-12;"quarta-feira";"17:30:00";"PR";369;384,4;"MAMBORE";"Ingestão de Álcool";"Saída de leito carroçável";"Com Vítimas Feridas";"Pleno dia";"Decrescente";"Chuva";"Simples";"Curva";"Não";1;0;0;1;0;0;1;1;-24,2417;-52,522;"SPRF-PR";"DEL09-PR";"UOP03-DEL09-PR"
301069;2020-08-12;"quarta-feira";"15:30:00";"MA";316;600;"TIMON";"Falta de Atenção à Condução";"Colisão transversal";"Com Vítimas Feridas";"Pleno dia";"Crescente";"Céu Claro";"Simples";"Reta";"Não";5;0;3;1;1;0;4;2;-5,02163843;-42,96464324;"SPRF-MA";"DEL03-MA";"UOP02-DEL03-MA"
301070;2020-08-12;"quarta-feira";"17:00:00";"DF";80;5,4;"BRASILIA";"Falta de Atenção à Condução";"Colisão transversal";"Com Vítimas Feridas";"Pleno dia";"Crescente";"Céu Claro";"Simples";"Declive;Interseção de Vias;Reta";"Não";2;0;1;0;1;0;1;2;-15,72928882;-48,12425852;"SPRF-DF";"DEL03-DF";"UOP02-DEL03-DF"
301071;2020-08-12;"quarta-feira";"18:20:00";"GO";40;21,8;"LUZIANIA";"Ingestão de Álcool";"Colisão traseira";"Com Vítimas Feridas";"Anoitecer";"Decrescente";"Céu Claro";"Dupla";"Reta";"Sim";3;0;2;0;1;0;2;2;-16,225976;-47,914191;"SPRF-DF";"DEL01-DF";"UOP01-DEL01-DF"
301072;2020-08-12;"quarta-feira";"18:18:00";"PR";116;96,8;"SAO JOSE DOS PINHAIS";"Não guardar distância de segurança";"Colisão traseira";"Com Vítimas Feridas";"Anoitecer";"Decrescente";"Céu Claro";"Dupla";"Reta";"Não";2;0;1;0;0;1;1;2;-25,504848;-49,123226;"SPRF-PR";"DEL01-PR";"UOP01-DEL01-PR"
301073;2020-08-12;"quarta-feira";"17:50:00";"ES";101;349,6;"ANCHIETA";"Ultrapassagem Indevida";"Colisão lateral";"Com Vítimas Feridas";"Anoitecer";"Decrescente";"Céu Claro";"Simples";"Reta";"Não";2;0;1;0;1;0;1;2;-20,65971368;-40,64866397;"SPRF-ES";"DEL03-ES";"UOP01-DEL03-ES"
301074;2020-08-12;"quarta-feira";"16:20:00";"GO";153;583,9;"PROFESSOR JAMIL";"Agressão Externa";"Saída de leito carroçável";"Com Vítimas Feridas";"Pleno dia";"Crescente";"Sol";"Dupla";"Reta;Retorno Regulamentado";"Não";1;0;1;0;0;0;1;1;-17,4071;-49,2247;"SPRF-GO";"DEL03-GO";"UOP01-DEL03-GO"
301075;2020-08-12;"quarta-feira";"09:20:00";"SC";116;246;"LAGES";"Falta de Atenção à Condução";"Colisão transversal";"Com Vítimas Feridas";"Pleno dia";"Decrescente";"Chuva";"Simples";"Reta";"Sim";2;0;2;0;0;0;2;2;-27,80419942;-50,36509464;"SPRF-SC";"DEL05-SC";"UOP02-DEL05-SC"
301079;2020-08-12;"quarta-feira";"11:20:00";"SC";280;20,2;"ARAQUARI";"Falta de Atenção à Condução";"Colisão transversal";"Com Vítimas Feridas";"Pleno dia";"Decrescente";"Garoa/Chuvisco";"Simples";"Interseção de Vias";"Não";2;0;1;0;1;0;1;2;-26,36990477;-48,68224301;"SPRF-SC";"DEL03-SC";"UOP03-DEL03-SC"
301080;2020-08-12;"quarta-feira";"15:40:00";"SC";470;32;"GASPAR";"Falta de Atenção à Condução";"Tombamento";"Com Vítimas Feridas";"Pleno dia";"Crescente";"Céu Claro";"Simples";"Reta";"Não";1;0;1;0;0;0;1;1;-26,901793;-48,931812;"SPRF-SC";"DEL04-SC";"UOP01-DEL04-SC"
301082;2020-08-12;"quarta-feira";"18:30:00";"SC";101;140,1;"BALNEARIO CAMBORIU";"Falta de Atenção à Condução";"Colisão traseira";"Com Vítimas Feridas";"Plena Noite";"Decrescente";"Chuva";"Dupla";"Reta";"Sim";2;0;1;0;0;1;1;2;-27,03798;-48,6032;"SPRF-SC";"DEL04-SC";"UOP03-DEL04-SC"
301083;2020-08-12;"quarta-feira";"17:45:00";"BA";420;259;"SANTO ANTONIO DE JESUS";"Defeito Mecânico no Veículo";"Incêndio";"Sem Vítimas";"Plena Noite";"Decrescente";"Céu Claro";"Simples";"Reta";"Não";1;0;0;0;1;0;0;1;-12,955978;-39,264079;"SPRF-BA";"DEL01-BA";"UOP02-DEL01-BA"
301084;2020-08-12;"quarta-feira";"18:00:00";"PE";232;128;"CARUARU";"Desobediência às normas de trânsito pelo pedestre";"Atropelamento de Pedestre";"Com Vítimas Feridas";"Plena Noite";"Decrescente";"Céu Claro";"Dupla";"Reta";"Sim";2;0;0;1;1;0;1;2;-8,30399306;-35,97216301;"SPRF-PE";"DEL02-PE";"UOP03-DEL02-PE"
301086;2020-08-12;"quarta-feira";"19:00:00";"PR";116;184;"CAMPO DO TENENTE";"Falta de Atenção à Condução";"Colisão traseira";"Com Vítimas Feridas";"Plena Noite";"Crescente";"Chuva";"Simples";"Reta";"Não";2;0;0;1;1;0;1;2;-25,91578318;-49,60928095;"SPRF-PR";"DEL01-PR";"UOP03-DEL01-PR"
301087;2020-08-12;"quarta-feira";"18:00:00";"MS";60;368,2;"CAMPO GRANDE";"Falta de Atenção à Condução";"Colisão traseira";"Com Vítimas Feridas";"Anoitecer";"Decrescente";"Nublado";"Simples";"Reta";"Sim";2;0;0;1;1;0;1;2;-20,55588;-54,672366;"SPRF-MS";"DEL01-MS";"UOP04-DEL01-MS"
301090;2020-08-12;"quarta-feira";"13:50:00";"SC";282;642;"SAO MIGUEL DO OESTE";"Falta de Atenção à Condução";"Colisão lateral";"Sem Vítimas";"Pleno dia";"Crescente";"Chuva";"Simples";"Declive;Reta";"Não";2;0;0;0;2;0;0;2;-26,772327;-53,461613;"SPRF-SC";"DEL07-SC";"UOP03-DEL07-SC"
301091;2020-08-12;"quarta-feira";"14:00:00";"SC";116;76;"MONTE CASTELO";"Falta de Atenção à Condução";"Queda de ocupante de veículo";"Com Vítimas Feridas";"Pleno dia";"Decrescente";"Garoa/Chuvisco";"Simples";"Reta";"Não";1;0;0;1;0;0;1;1;-26,52048996;-50,22544945;"SPRF-SC";"DEL06-SC";"UOP02-DEL06-SC"
301092;2020-08-12;"quarta-feira";"18:30:00";"RJ";101;296;"ITABORAI";"Falta de Atenção à Condução";"Saída de leito carroçável";"Com Vítimas Feridas";"Plena Noite";"Decrescente";"Céu Claro";"Dupla";"Reta";"Sim";1;0;1;0;0;0;1;1;-22,7670498;-42,91019601;"SPRF-RJ";"DEL02-RJ";"UOP02-DEL02-RJ"
301093;2020-08-12;"quarta-feira";"19:00:00";"MG";267;42,6;"MARIPA DE MINAS";"Restrição de Visibilidade";"Colisão traseira";"Sem Vítimas";"Plena Noite";"Decrescente";"Céu Claro";"Simples";"Reta";"Não";2;0;0;0;1;1;0;2;-21,68417213;-42,920254;"SPRF-MG";"DEL07-MG";"UOP01-DEL07-MG"
301094;2020-08-12;"quarta-feira";"18:30:00";"MT";364;567;"NOBRES";"Falta de Atenção à Condução";"Saída de leito carroçável";"Sem Vítimas";"Anoitecer";"Crescente";"Céu Claro";"Dupla";"Curva";"Não";1;0;0;0;1;0;0;1;-14,75243128;-56,33419077;"SPRF-MT";"DEL01-MT";"UOP01-DEL01-MT"
301095;2020-08-12;"quarta-feira";"17:30:00";"BA";324;351;"CAPIM GROSSO";"Sinalização da via insuficiente ou inadequada";"Colisão frontal";"Com Vítimas Feridas";"Anoitecer";"Crescente";"Nublado";"Simples";"Reta";"Não";2;0;0;1;1;0;1;2;-11,36049342;-40,04140176;"SPRF-BA";"DEL04-BA";"UOP02-DEL04-BA"
301097;2020-08-12;"quarta-feira";"18:20:00";"BA";242;786;"BARREIRAS";"Falta de Atenção à Condução";"Colisão frontal";"Com Vítimas Feridas";"Anoitecer";"Crescente";"Céu Claro";"Simples";"Reta";"Não";1;0;0;1;0;0;1;1;-12,13956292;-44,76317799;"SPRF-BA";"DEL10-BA";"UOP01-DEL10-BA"
301098;2020-08-12;"quarta-feira";"18:30:00";"MG";381;153;"GOVERNADOR VALADARES";"Restrição de Visibilidade";"Colisão transversal";"Com Vítimas Feridas";"Plena Noite";"Decrescente";"Céu Claro";"Simples";"Curva";"Não";2;0;1;1;0;0;2;2;-18,88190287;-41,99497022;"SPRF-MG";"DEL06-MG";"UOP01-DEL06-MG"
301100;2020-08-12;"quarta-feira";"16:45:00";"MG";262;14,6;"MARTINS SOARES";"Falta de Atenção à Condução";"Tombamento";"Com Vítimas Feridas";"Pleno dia";"Crescente";"Nublado";"Simples";"Reta;Declive";"Não";1;0;1;0;0;0;1;1;-20,26417;-41,868195;"SPRF-MG";"DEL06-MG";"UOP03-DEL06-MG"
301102;2020-08-12;"quarta-feira";"20:30:00";"MG";262;367;"JUATUBA";"Não guardar distância de segurança";"Colisão traseira";"Sem Vítimas";"Plena Noite";"Crescente";"Céu Claro";"Dupla";"Reta";"Não";2;0;0;0;2;0;0;2;-19,98173805;-44,24846649;"SPRF-MG";"DEL01-MG";"UOP03-DEL01-MG"
301104;2020-08-12;"quarta-feira";"20:30:00";"GO";153;511,4;"APARECIDA DE GOIANIA";"Pista Escorregadia";"Queda de ocupante de veículo";"Com Vítimas Feridas";"Plena Noite";"Crescente";"Céu Claro";"Dupla";"Reta";"Sim";1;0;0;1;0;0;1;1;-16,8067;-49,2394;"SPRF-GO";"DEL01-GO";"UOP03-DEL01-GO"
301105;2020-08-12;"quarta-feira";"20:30:00";"PR";476;127,3;"CURITIBA";"Defeito Mecânico no Veículo";"Colisão lateral";"Sem Vítimas";"Plena Noite";"Decrescente";"Céu Claro";"Dupla";"Curva";"Sim";4;0;0;0;4;0;0;2;-25,42984776;-49,2291858;"SPRF-PR";"DEL01-PR";"UOP03-DEL01-PR"
301109;2020-08-12;"quarta-feira";"20:00:00";"MG";40;521;"CONTAGEM";"Velocidade Incompatível";"Saída de leito carroçável";"Com Vítimas Feridas";"Plena Noite";"Decrescente";"Céu Claro";"Dupla";"Reta";"Não";1;0;1;0;0;0;1;1;-19,85651501;-44,07213222;"SPRF-MG";"DEL01-MG";"UOP02-DEL01-MG"
301110;2020-08-12;"quarta-feira";"20:50:00";"MG";116;276,8;"TEOFILO OTONI";"Falta de Atenção à Condução";"Tombamento";"Com Vítimas Feridas";"Plena Noite";"Crescente";"Chuva";"Múltipla";"Reta";"Sim";1;0;1;0;0;0;1;1;-17,85105696;-41,51454492;"SPRF-MG";"DEL11-MG";"UOP01-DEL11-MG"
301111;2020-08-12;"quarta-feira";"20:00:00";"RR";174;495;"BOA VISTA";"Defeito na Via";"Queda de ocupante de veículo";"Com Vítimas Feridas";"Plena Noite";"Decrescente";"Céu Claro";"Dupla";"Reta";"Não";1;0;0;1;0;0;1;1;2,73539821;-60,76543987;"SPRF-RR";"DEL01-RR";"UOP01-DEL01-RR"
301112;2020-08-12;"quarta-feira";"19:15:00";"SC";101;124,2;"ITAJAI";"Pista Escorregadia";"Tombamento";"Com Vítimas Feridas";"Plena Noite";"Crescente";"Chuva";"Múltipla";"Curva";"Não";1;0;1;0;0;0;1;1;-26,94335064;-48,69198648;"SPRF-SC";"DEL04-SC";"UOP04-DEL04-SC"
301113;2020-08-12;"quarta-feira";"16:00:00";"PB";230;124;"RIACHAO DO BACAMARTE";"Animais na Pista";"Saída de leito carroçável";"Com Vítimas Feridas";"Pleno dia";"Crescente";"Céu Claro";"Dupla";"Reta;Aclive";"Não";1;0;0;1;0;0;1;1;-7,2465;-35,6751;"SPRF-PB";"DEL02-PB";"UOP01-DEL02-PB"
301114;2020-08-12;"quarta-feira";"20:12:00";"SC";101;117,3;"ITAJAI";"Pista Escorregadia";"Tombamento";"Com Vítimas Feridas";"Plena Noite";"Crescente";"Chuva";"Múltipla";"Reta";"Não";2;0;2;0;0;0;2;1;-26,88747187;-48,72252969;"SPRF-SC";"DEL04-SC";"UOP04-DEL04-SC"
301115;2020-08-12;"quarta-feira";"18:30:00";"PB";361;10;"PATOS";"Defeito Mecânico no Veículo";"Incêndio";"Sem Vítimas";"Plena Noite";"Crescente";"Céu Claro";"Simples";"Reta";"Não";1;0;0;0;1;0;0;1;-7,04036669;-37,34559805;"SPRF-PB";"DEL03-PB";"UOP01-DEL03-PB"
301116;2020-08-12;"quarta-feira";"22:00:00";"PR";476;127;"CURITIBA";"Velocidade Incompatível";"Colisão com objeto estático";"Sem Vítimas";"Plena Noite";"Decrescente";"Nublado";"Múltipla";"Reta";"Sim";2;0;0;0;2;0;0;1;-25,425167;-49,227158;"SPRF-PR";"DEL01-PR";"UOP03-DEL01-PR"
301117;2020-08-12;"quarta-feira";"17:25:00";"SC";470;26;"ILHOTA";"Falta de Atenção à Condução";"Colisão lateral";"Com Vítimas Feridas";"Anoitecer";"Decrescente";"Garoa/Chuvisco";"Dupla";"Reta";"Não";2;0;0;1;1;0;1;2;-26,887402;-48,875191;"SPRF-SC";"DEL04-SC";"UOP04-DEL04-SC"
301119;2020-08-12;"quarta-feira";"22:00:00";"SC";101;215;"PALHOCA";"Fenômenos da Natureza";"Tombamento";"Com Vítimas Feridas";"Plena Noite";"Crescente";"Chuva";"Dupla";"Reta";"Sim";1;0;1;0;0;0;1;1;-27,65184843;-48,67604941;"SPRF-SC";"DEL01-SC";"UOP02-DEL01-SC"
301123;2020-08-12;"quarta-feira";"19:10:00";"RJ";116;239;"PIRAI";"Falta de Atenção à Condução";"Colisão com objeto estático";"Com Vítimas Feridas";"Plena Noite";"Decrescente";"Céu Claro";"Dupla";"Reta";"Não";2;0;1;1;0;0;2;1;-22,65832258;-43,88969593;"SPRF-RJ";"DEL07-RJ";"UOP01-DEL07-RJ"
301126;2020-08-12;"quarta-feira";"22:25:00";"ES";101;68,8;"SAO MATEUS";"Falta de Atenção à Condução";"Colisão lateral";"Com Vítimas Feridas";"Plena Noite";"Crescente";"Nublado";"Simples";"Reta";"Sim";2;0;1;0;1;0;1;2;-18,726597;-39,85975;"SPRF-ES";"DEL04-ES";"UOP02-DEL04-ES"
301128;2020-08-12;"quarta-feira";"18:10:00";"AM";230;646;"HUMAITA";"Restrição de Visibilidade";"Capotamento";"Com Vítimas Feridas";"Anoitecer";"Decrescente";"Nublado";"Simples";"Reta";"Não";3;0;2;1;0;0;3;1;-7,54171542;-63,30362499;"SPRF-AM";"DEL01-AM";"UOP05-DEL01-AM"
301129;2020-08-12;"quarta-feira";"19:00:00";"PB";434;1,5;"JOCA CLAUDINO";"Ingestão de Álcool";"Colisão traseira";"Com Vítimas Feridas";"Plena Noite";"Crescente";"Céu Claro";"Simples";"Reta;Declive";"Não";2;0;1;0;1;0;1;2;-6,465414;-38,468713;"SPRF-PB";"DEL03-PB";"UOP03-DEL03-PB"
301130;2020-08-12;"quarta-feira";"19:10:00";"MG";262;713,5;"ARAXA";"Falta de Atenção à Condução";"Saída de leito carroçável";"Sem Vítimas";"Plena Noite";"Crescente";"Céu Claro";"Simples";"Reta";"Não";2;0;0;0;2;0;0;1;-19,5959;-47,14193;"SPRF-MG";"DEL08-MG";"UOP01-DEL08-MG"
301131;2020-08-12;"quarta-feira";"22:00:00";"SC";470;40,2;"GASPAR";"Pista Escorregadia";"Colisão frontal";"Com Vítimas Feridas";"Plena Noite";"Crescente";"Chuva";"Simples";"Reta";"Não";4;0;2;1;1;0;3;2;-26,889574;-48,99094;"SPRF-SC";"DEL04-SC";"UOP01-DEL04-SC"
301132;2020-08-12;"quarta-feira";"20:00:00";"RO";364;308,4;"PRESIDENTE MEDICI";"Falta de Atenção à Condução";"Colisão transversal";"Com Vítimas Feridas";"Plena Noite";"Decrescente";"Céu Claro";"Simples";"Reta";"Sim";2;0;0;1;1;0;1;2;-11,172427;-61,901573;"SPRF-RO";"DEL02-RO";"UOP01-DEL02-RO"
301133;2020-08-12;"quarta-feira";"11:50:00";"SC";280;52;"GUARAMIRIM";"Falta de Atenção à Condução";"Tombamento";"Com Vítimas Feridas";"Plena Noite";"Decrescente";"Chuva";"Simples";"Reta";"Sim";1;0;1;0;0;0;1;1;-26,468904;-48,96492;"SPRF-SC";"DEL03-SC";"UOP03-DEL03-SC"
301136;2020-08-12;"quarta-feira";"22:45:00";"MS";267;476,9;"GUIA LOPES DA LAGUNA";"Animais na Pista";"Atropelamento de Animal";"Com Vítimas Feridas";"Plena Noite";"Crescente";"Céu Claro";"Dupla";"Reta";"Sim";1;0;1;0;0;0;1;1;-21,44944551;-56,10586729;"SPRF-MS";"DEL05-MS";"UOP01-DEL05-MS"
301137;2020-08-12;"quarta-feira";"23:47:00";"MG";116;479,8;"DOM CAVATI";"Falta de Atenção do Pedestre";"Atropelamento de Pedestre";"Com Vítimas Feridas";"Plena Noite";"Decrescente";"Nublado";"Simples";"Reta";"Sim";3;0;0;1;1;1;1;2;-19,385223;-42,1121509;"SPRF-MG";"DEL06-MG";"UOP02-DEL06-MG"
301138;2020-08-12;"quarta-feira";"23:46:00";"RJ";40;105;"DUQUE DE CAXIAS";"Falta de Atenção à Condução";"Colisão transversal";"Com Vítimas Feridas";"Plena Noite";"Crescente";"Céu Claro";"Simples";"Interseção de Vias";"Sim";2;0;1;0;1;0;1;2;-22,63784806;-43,28428824;"SPRF-RJ";"DEL01-RJ";"UOP01-DEL01-RJ"
301139;2020-08-12;"quarta-feira";"21:55:00";"RO";364;367,7;"OURO PRETO DO OESTE";"Falta de Atenção à Condução";"Queda de ocupante de veículo";"Com Vítimas Feridas";"Plena Noite";"Crescente";"Céu Claro";"Simples";"Reta";"Não";1;0;0;1;0;0;1;1;-10,76727809;-62,11907002;"SPRF-RO";"DEL02-RO";"UOP01-DEL02-RO"
301140;2020-08-13;"quinta-feira";"00:00:00";"PE";424;86,1;"GARANHUNS";"Ingestão de Álcool";"Tombamento";"Com Vítimas Feridas";"Plena Noite";"Crescente";"Céu Claro";"Simples";"Reta;Aclive";"Sim";1;0;0;1;0;0;1;1;-8,86552886;-36,50934159;"SPRF-PE";"DEL03-PE";"UOP01-DEL03-PE"
301144;2020-08-13;"quinta-feira";"03:00:00";"RN";427;38,8;"ACARI";"Condutor Dormindo";"Colisão com objeto estático";"Com Vítimas Feridas";"Plena Noite";"Decrescente";"Céu Claro";"Simples";"Reta";"Não";1;0;1;0;0;0;1;1;-6,52514996;-36,64447308;"SPRF-RN";"DEL03-RN";"UOP02-DEL03-RN"
301148;2020-08-13;"quinta-feira";"05:02:00";"RJ";116;108;"GUAPIMIRIM";"Desobediência às normas de trânsito pelo condutor";"Colisão transversal";"Com Vítimas Feridas";"Amanhecer";"Crescente";"Céu Claro";"Dupla";"Reta";"Sim";2;0;1;0;0;1;1;2;-22,564173;-42,999492;"SPRF-RJ";"DEL04-RJ";"UOP02-DEL04-RJ"
301149;2020-08-12;"quarta-feira";"17:50:00";"SC";101;259;"PAULO LOPES";"Velocidade Incompatível";"Colisão com objeto estático";"Sem Vítimas";"Anoitecer";"Crescente";"Chuva";"Dupla";"Declive;Reta";"Não";1;0;0;0;1;0;0;1;-28,02366623;-48,70286649;"SPRF-SC";"DEL02-SC";"UOP03-DEL02-SC"
301155;2020-08-13;"quinta-feira";"06:45:00";"DF";40;7;"BRASILIA";"Não guardar distância de segurança";"Colisão traseira";"Sem Vítimas";"Pleno dia";"Decrescente";"Céu Claro";"Dupla";"Reta";"Sim";4;0;0;0;4;0;0;2;-16,038666;-47,979691;"SPRF-DF";"DEL01-DF";"UOP01-DEL01-DF"
301156;2020-08-13;"quinta-feira";"07:35:00";"SE";101;92;"NOSSA SENHORA DO SOCORRO";"Não guardar distância de segurança";"Colisão traseira";"Com Vítimas Feridas";"Pleno dia";"Crescente";"Chuva";"Dupla";"Reta";"Sim";2;0;1;0;1;0;1;2;-10,90097097;-37,14260817;"SPRF-SE";"DEL01-SE";"UOP01-DEL01-SE"
301157;2020-08-13;"quinta-feira";"06:20:00";"GO";40;1,7;"VALPARAISO DE GOIAS";"Ingestão de Álcool";"Colisão lateral";"Sem Vítimas";"Pleno dia";"Decrescente";"Céu Claro";"Dupla";"Reta";"Sim";3;0;0;0;3;0;0;2;-16,058245;-47,982825;"SPRF-DF";"DEL01-DF";"UOP01-DEL01-DF"