"id";"data_inversa";"dia_semana";"horario";"uf";"br";"km";"municipio";"causa_acidente";"tipo_acidente";"classificacao_acidente";"fase_dia";"sentido_via";"condicao_metereologica";"tipo_pista";"tracado_via";"uso_solo";"pessoas";"mortos";"feridos_leves";"feridos_graves";"ilesos";"ignorados";"feridos";"veiculos";"latitude";"longitude";"regional";"delegacia";"uop"
301158;2020-08-13;"quinta-feira";"07:00:00";"PB";104;132,5;"CAMPINA GRANDE";"Não guardar distância de segurança";"Colisão traseira";"Com Vítimas Feridas";"Pleno dia";"Decrescente";"Nublado";"Simples";"Reta";"Não";2;0;1;0;0;1;1;2;-7,30787596;-35,89344027;"SPRF-PB";"DEL02-PB";"UOP03-DEL02-PB"
301159;2020-08-13;"quinta-feira";"04:40:00";"GO";50;134;"IPAMERI";"Ingestão de Álcool";"Saída de leito carroçável";"Sem Vítimas";"Amanhecer";"Decrescente";"Céu Claro";"Dupla";"Reta";"Não";1;0;0;0;1;0;0;1;-17,041;-47,7587;"SPRF-GO";"DEL06-GO";"UOP01-DEL06-GO"
301160;2020-08-07;"sexta-feira";"22:10:00";"BA";101;258;"SANTO ANTONIO DE JESUS";"Ingestão de Álcool";"Saída de leito carroçável";"Sem Vítimas";"Plena Noite";"Decrescente";"Chuva";"Dupla";"Interseção de Vias";"Não";1;0;0;0;0;1;0;1;-12,95226301;-39,25485849;"SPRF-BA";"DEL01-BA";"UOP02-DEL01-BA"
301161;2020-08-13;"quinta-feira";"06:50:00";"PR";476;127,7;"CURITIBA";"Velocidade Incompatível";"Colisão frontal";"Com Vítimas Feridas";"Pleno dia";"Crescente";"Nublado";"Dupla";"Reta";"Sim";3;0;2;0;1;0;2;2;-25,425167;-49,227158;"SPRF-PR";"DEL01-PR";"UOP03-DEL01-PR"
301162;2020-08-13;"quinta-feira";"07:30:00";"ES";262;5;"CARIACICA";"Falta de Atenção à Condução";"Colisão traseira";"Com Vítimas Feridas";"Amanhecer";"Crescente";"Céu Claro";"Múltipla";"Reta";"Sim";2;0;1;0;1;0;1;2;-20,33707281;-40,38649924;"SPRF-ES";"DEL01-ES";"UOP01-DEL01-ES"
301163;2020-03-24;"terça-feira";"14:30:00";"MG";50;39;"ARAGUARI";"Falta de Atenção à Condução";"Colisão traseira";"Com Vítimas Feridas";"Pleno dia";"Decrescente";"Céu Claro";"Múltipla";"Reta";"Sim";3;0;0;1;1;1;1;3;-18,66594982;-48,17302108;"SPRF-MG";"DEL15-MG";"UOP02-DEL15-MG"
301164;2020-04-01;"quarta-feira";"23:00:00";"RN";304;305;"PARNAMIRIM";"Defeito na Via";"Tombamento";"Com Vítimas Feridas";"Plena Noite";"Decrescente";"Ignorado";"Dupla";"Em Obras";"Não";2;0;2;0;0;0;2;1;-5,886158;-35,276216;"SPRF-RN";"DEL01-RN";"UOP02-DEL01-RN"
301166;2020-08-13;"quinta-feira";"07:20:00";"SP";116;206,9;"GUARULHOS";"Falta de Atenção à Condução";"Colisão traseira";"Com Vítimas Feridas";"Pleno dia";"Crescente";"Céu Claro";"Múltipla";"Reta";"Não";2;0;1;0;1;0;1;2;-23,42079541;-46,38914824;"SPRF-SP";"DEL01-SP";"UOP01-DEL01-SP"
301168;2020-08-13;"quinta-feira";"08:20:00";"PR";116;117;"CURITIBA";"Falta de Atenção à Condução";"Colisão lateral";"Com Vítimas Feridas";"Pleno dia";"Decrescente";"Chuva";"Múltipla";"Curva";"Sim";2;0;1;0;0;1;1;2;-25,55951624;-49,30698395;"SPRF-PR";"DEL01-PR";"UOP01-DEL01-PR"
301169;2020-08-13;"quinta-feira";"08:30:00";"PR";116;26;"CAMPINA GRANDE DO SUL";"Falta de Atenção à Condução";"Saída de leito carroçável";"Com Vítimas Feridas";"Pleno dia";"Decrescente";"Chuva";"Dupla";"Curva";"Não";1;0;1;0;0;0;1;1;-25,10683694;-48,785333;"SPRF-PR";"DEL01-PR";"UOP02-DEL01-PR"
301170;2020-08-13;"quinta-feira";"07:50:00";"GO";153;626;"MORRINHOS";"Defeito Mecânico no Veículo";"Tombamento";"Com Vítimas Feridas";"Pleno dia";"Decrescente";"Céu Claro";"Dupla";"Reta";"Não";2;0;1;0;1;0;1;1;-17,7719;-49,1732;"SPRF-GO";"DEL03-GO";"UOP01-DEL03-GO"
301172;2020-08-13;"quinta-feira";"08:35:00";"SE";235;2,6;"ARACAJU";"Pista Escorregadia";"Queda de ocupante de veículo";"Com Vítimas Feridas";"Pleno dia";"Decrescente";"Céu Claro";"Dupla";"Reta";"Sim";1;0;1;0;0;0;1;1;-10,9062;-37,1034;"SPRF-SE";"DEL01-SE";"UOP01-DEL01-SE"
301173;2020-08-13;"quinta-feira";"07:25:00";"RO";364;703;"PORTO VELHO";"Desobediência às normas de trânsito pelo condutor";"Colisão traseira";"Com Vítimas Feridas";"Pleno dia";"Crescente";"Céu Claro";"Dupla";"Reta";"Sim";2;0;0;1;1;0;1;2;-8,80021523;-63,79557792;"SPRF-RO";"DEL01-RO";"UOP01-DEL01-RO"
301174;2020-08-12;"quarta-feira";"10:00:00";"RO";364;1006;"PORTO VELHO";"Avarias e/ou desgaste excessivo no pneu";"Capotamento";"Com Vítimas Feridas";"Pleno dia";"Crescente";"Céu Claro";"Simples";"Em Obras;Reta";"Não";1;0;1;0;0;0;1;1;-9,70695628;-66,04972194;"SPRF-RO";"DEL01-RO";"UOP03-DEL01-RO"
301175;2020-08-13;"quinta-feira";"07:45:00";"MT";364;201;"RONDONOPOLIS";"Avarias e/ou desgaste excessivo no pneu";"Queda de ocupante de veículo";"Com Vítimas Feridas";"Pleno dia";"Decrescente";"Céu Claro";"Dupla";"Rotatória";"Sim";1;0;1;0;0;0;1;1;-16,491405;-54,646378;"SPRF-MT";"DEL02-MT";"UOP01-DEL02-MT"
301177;2020-08-13;"quinta-feira";"04:25:00";"SC";101;263;"GAROPABA";"Falta de Atenção à Condução";"Saída de leito carroçável";"Sem Vítimas";"Plena Noite";"Decrescente";"Nublado";"Dupla";"Reta";"Sim";2;0;0;0;1;1;0;2;-28,0431009;-48,71350524;"SPRF-SC";"DEL02-SC";"UOP03-DEL02-SC"
301178;2020-08-13;"quinta-feira";"07:30:00";"SP";116;269,5;"TABOAO DA SERRA";"Falta de Atenção à Condução";"Colisão traseira";"Com Vítimas Feridas";"Pleno dia";"Decrescente";"Sol";"Dupla";"Reta";"Sim";2;0;1;0;1;0;1;2;-23,60831761;-46,76015323;"SPRF-SP";"DEL04-SP";"UOP01-DEL04-SP"
301179;2020-08-13;"quinta-feira";"09:00:00";"SC";101;201;"SAO JOSE";"Desobediência às normas de trânsito pelo condutor";"Colisão traseira";"Com Vítimas Feridas";"Pleno dia";"Crescente";"Céu Claro";"Dupla";"Reta";"Sim";3;0;1;0;2;0;1;2;-27,54836599;-48,61977975;"SPRF-SC";"DEL01-SC";"UOP01-DEL01-SC"
301180;2020-08-13;"quinta-feira";"09:10:00";"CE";222;8,2;"CAUCAIA";"Falta de Atenção à Condução";"Colisão transversal";"Com Vítimas Feridas";"Pleno dia";"Crescente";"Sol";"Simples";"Curva";"Sim";2;0;1;0;1;0;1;2;-3,75363558;-38,63803121;"SPRF-CE";"DEL01-CE";"UOP01-DEL01-CE"
301181;2020-08-09;"domingo";"12:30:00";"SP";381;40;"ATIBAIA";"Falta de Atenção à Condução";"Colisão frontal";"Com Vítimas Feridas";"Pleno dia";"Crescente";"Céu Claro";"Dupla";"Reta";"Sim";3;0;0;1;1;1;1;2;-23,132906;-46,57654103;"SPRF-SP";"DEL03-SP";"UOP01-DEL03-SP"
301182;2020-08-13;"quinta-feira";"08:40:00";"RS";386;343,2;"LAJEADO";"Desobediência às normas de trânsito pelo condutor";"Colisão lateral";"Com Vítimas Feridas";"Pleno dia";"Crescente";"Garoa/Chuvisco";"Simples";"Reta";"Sim";2;0;1;0;1;0;1;2;-29,434835;-52,002365;"SPRF-RS";"DEL04-RS";"UOP01-DEL04-RS"
301184;2020-08-13;"quinta-feira";"09:25:00";"PB";230;35;"SANTA RITA";"Pista Escorregadia";"Queda de ocupante de veículo";"Com Vítimas Feridas";"Pleno dia";"Crescente";"Sol";"Dupla";"Curva";"Sim";1;0;1;0;0;0;1;1;-7,1268;-34,9412;"SPRF-PB";"DEL01-PB";"UOP01-DEL01-PB"
301185;2020-08-13;"quinta-feira";"10:00:00";"AP";210;0;"MACAPA";"Falta de Atenção à Condução";"Colisão transversal";"Com Vítimas Feridas";"Pleno dia";"Crescente";"Céu Claro";"Dupla";"Reta";"Sim";4;0;2;1;1;0;3;2;0,077913;-51,064983;"SPRF-AP";"DEL01-AP";"UOP01-DEL01-AP"
301186;2020-08-13;"quinta-feira";"08:20:00";"RO";319;62;"PORTO VELHO";"Desobediência às normas de trânsito pelo condutor";"Colisão transversal";"Com Vítimas Feridas";"Pleno dia";"Decrescente";"Céu Claro";"Dupla";"Reta;Interseção de Vias";"Sim";2;0;1;0;1;0;1;2;-8,75657261;-63,88631702;"SPRF-RO";"DEL01-RO";"UOP01-DEL01-RO"
301187;2020-08-13;"quinta-feira";"09:50:00";"PR";277;670,7;"MEDIANEIRA";"Pista Escorregadia";"Saída de leito carroçável";"Sem Vítimas";"Pleno dia";"Crescente";"Nevoeiro/Neblina";"Dupla";"Reta";"Sim";2;0;0;0;2;0;0;1;-25,28037085;-54,07911108;"SPRF-PR";"DEL05-PR";"UOP02-DEL05-PR"
301188;2020-08-13;"quinta-feira";"10:00:00";"SE";235;34;"AREIA BRANCA";"Falta de Atenção à Condução";"Colisão transversal";"Com Vítimas Feridas";"Pleno dia";"Crescente";"Nublado";"Simples";"Curva";"Sim";2;0;1;0;1;0;1;2;-10,75990243;-37,31415153;"SPRF-SE";"DEL01-SE";"UOP02-DEL01-SE"
301189;2020-07-28;"terça-feira";"16:00:00";"MA";135;130;"MIRANDA DO NORTE";"Falta de Atenção à Condução";"Colisão transversal";"Com Vítimas Feridas";"Pleno dia";"Decrescente";"Céu Claro";"Simples";"Reta";"Não";3;0;0;3;0;0;3;2;-3,59259014;-44,5711333;"SPRF-MA";"DEL01-MA";"UOP02-DEL01-MA"
301193;2020-08-13;"quinta-feira";"10:25:00";"PE";101;54;"PAULISTA";"Falta de Atenção à Condução";"Colisão frontal";"Com Vítimas Feridas";"Pleno dia";"Crescente";"Nublado";"Múltipla";"Reta";"Sim";2;0;1;0;1;0;1;2;-7,93961103;-34,90356584;"SPRF-PE";"DEL01-PE";"UOP02-DEL01-PE"
301194;2020-08-13;"quinta-feira";"09:50:00";"BA";324;583;"CANDEIAS";"Falta de Atenção à Condução";"Capotamento";"Sem Vítimas";"Pleno dia";"Crescente";"Chuva";"Dupla";"Reta";"Não";6;0;0;0;5;1;0;3;-12,6141891;-38,48700311;"SPRF-BA";"DEL01-BA";"UOP01-DEL01-BA"
301196;2020-08-13;"quinta-feira";"04:00:00";"BA";242;363;"LENCOIS";"Defeito na Via";"Saída de leito carroçável";"Com Vítimas Feridas";"Amanhecer";"Decrescente";"Nublado";"Simples";"Desvio Temporário";"Não";3;0;2;0;1;0;2;1;-12,46727769;-41,4150469;"SPRF-BA";"DEL06-BA";"UOP01-DEL06-BA"
301197;2020-08-13;"quinta-feira";"10:55:00";"PE";408;78,8;"PAUDALHO";"Velocidade Incompatível";"Colisão com objeto estático";"Com Vítimas Fatais";"Pleno dia";"Decrescente";"Chuva";"Dupla";"Reta";"Não";3;1;1;0;0;1;1;2;-7,926496;-35,148492;"SPRF-PE";"DEL01-PE";"UOP01-DEL01-PE"
301198;2020-08-13;"quinta-feira";"11:30:00";"PR";476;132;"CURITIBA";"Falta de Atenção à Condução";"Colisão traseira";"Com Vítimas Feridas";"Pleno dia";"Decrescente";"Chuva";"Múltipla";"Reta;Interseção de Vias;Viaduto";"Sim";2;0;1;0;1;0;1;2;-25,460718;-49,250488;"SPRF-PR";"DEL01-PR";"UOP03-DEL01-PR"
301199;2020-08-13;"quinta-feira";"10:55:00";"PR";153;330,5;"IRATI";"Não guardar distância de segurança";"Colisão traseira";"Sem Vítimas";"Pleno dia";"Decrescente";"Nublado";"Dupla";"Reta";"Sim";3;0;0;0;1;2;0;3;-25,45471011;-50,6196247;"SPRF-PR";"DEL03-PR";"UOP03-DEL03-PR"
301200;2020-08-13;"quinta-feira";"11:20:00";"PR";277;32;"MORRETES";"Velocidade Incompatível";"Saída de leito carroçável";"Com Vítimas Feridas";"Pleno dia";"Crescente";"Chuva";"Dupla";"Curva";"Não";1;0;0;1;0;0;1;1;-25,56102614;-48,81534576;"SPRF-PR";"DEL01-PR";"UOP05-DEL01-PR"
301201;2020-08-13;"quinta-feira";"10:20:00";"RN";110;48,9;"MOSSORO";"Desobediência às normas de trânsito pelo condutor";"Colisão transversal";"Com Vítimas Feridas";"Pleno dia";"Decrescente";"Sol";"Simples";"Reta";"Sim";2;0;1;0;0;1;1;2;-5,20881178;-37,33285083;"SPRF-RN";"DEL04-RN";"UOP01-DEL04-RN"
301202;2020-08-13;"quinta-feira";"11:30:00";"PR";277;126,9;"CAMPO LARGO";"Falta de Atenção à Condução";"Tombamento";"Com Vítimas Feridas";"Pleno dia";"Crescente";"Nublado";"Dupla";"Aclive;Curva";"Não";1;0;1;0;0;0;1;1;-25,44518045;-49,4985659;"SPRF-PR";"DEL01-PR";"UOP03-DEL03-PR"
301203;2020-08-13;"quinta-feira";"11:00:00";"PE";232;212;"PESQUEIRA";"Desobediência às normas de trânsito pelo condutor";"Colisão transversal";"Com Vítimas Feridas";"Pleno dia";"Crescente";"Céu Claro";"Simples";"Reta";"Não";4;0;4;0;0;0;4;2;-8,37328104;-36,71376998;"SPRF-PE";"DEL02-PE";"UOP03-DEL02-PE"
301204;2020-08-13;"quinta-feira";"11:50:00";"SE";101;51,5;"JAPARATUBA";"Desobediência às normas de trânsito pelo condutor";"Colisão transversal";"Com Vítimas Feridas";"Pleno dia";"Decrescente";"Nublado";"Simples";"Reta;Em Obras;Interseção de Vias;Desvio Temporário";"Não";3;0;2;0;1;0;2;2;-10,61153091;-36,97737715;"SPRF-SE";"DEL02-SE";"UOP02-DEL02-SE"
301205;2020-08-13;"quinta-feira";"11:40:00";"PI";402;36,3;"PARNAIBA";"Falta de Atenção à Condução";"Colisão traseira";"Com Vítimas Feridas";"Pleno dia";"Decrescente";"Sol";"Simples";"Reta";"Não";2;0;1;0;1;0;1;2;-2,95557166;-41,72235668;"SPRF-PI";"DEL05-PI";"UOP01-DEL05-PI"
301206;2020-08-13;"quinta-feira";"11:45:00";"PR";116;46;"CAMPINA GRANDE DO SUL";"Falta de Atenção à Condução";"Saída de leito carroçável";"Com Vítimas Feridas";"Plena Noite";"Decrescente";"Céu Claro";"Dupla";"Curva";"Não";2;0;1;0;1;0;1;1;-25,20185401;-48,8962139;"SPRF-PR";"DEL01-PR";"UOP02-DEL01-PR"
301207;2020-08-13;"quinta-feira";"11:45:00";"PR";116;46;"CAMPINA GRANDE DO SUL";"Pista Escorregadia";"Saída de leito carroçável";"Com Vítimas Feridas";"Pleno dia";"Decrescente";"Nublado";"Dupla";"Curva";"Não";2;0;1;0;1;0;1;1;-25,20185401;-48,8962139;"SPRF-PR";"DEL01-PR";"UOP02-DEL01-PR"
301208;2020-07-26;"domingo";"11:30:00";"PE";101;12;"GOIANA";"Pista Escorregadia";"Colisão com objeto estático";"Com Vítimas Feridas";"Pleno dia";"Crescente";"Chuva";"Dupla";"Curva";"Não";2;0;1;0;1;0;1;1;-7,60243605;-34,9793841;"SPRF-PE";"DEL01-PE";"UOP02-DEL01-PE"
301212;2020-08-13;"quinta-feira";"12:20:00";"ES";101;146,9;"LINHARES";"Falta de Atenção à Condução";"Colisão lateral";"Com Vítimas Feridas";"Pleno dia";"Crescente";"Céu Claro";"Simples";"Reta";"Sim";2;0;1;0;1;0;1;2;-19,36990998;-40,06560718;"SPRF-ES";"DEL04-ES";"UOP01-DEL04-ES"
301213;2020-08-13;"quinta-feira";"13:05:00";"SC";280;56,1;"GUARAMIRIM";"Falta de Atenção à Condução";"Colisão transversal";"Com Vítimas Feridas";"Pleno dia";"Decrescente";"Sol";"Simples";"Reta";"Não";2;0;1;0;1;0;1;2;-26,47947677;-49,00298702;"SPRF-SC";"DEL03-SC";"UOP03-DEL03-SC"
301214;2020-03-13;"sexta-feira";"21:20:00";"PI";135;446;"MONTE ALEGRE DO PIAUI";"Ingestão de Álcool";"Saída de leito carroçável";"Com Vítimas Feridas";"Plena Noite";"Crescente";"Céu Claro";"Simples";"Reta";"Não";1;0;0;1;0;0;1;1;-9,55881252;-44,87191079;"SPRF-PI";"DEL03-PI";"UOP02-DEL03-PI"
301215;2020-08-13;"quinta-feira";"13:05:00";"SP";116;221;"GUARULHOS";"Falta de Atenção à Condução";"Colisão traseira";"Com Vítimas Feridas";"Pleno dia";"Crescente";"Sol";"Múltipla";"Reta";"Sim";2;0;1;0;1;0;1;2;-23,46801502;-46,50856202;"SPRF-SP";"DEL01-SP";"UOP01-DEL01-SP"
301216;2020-08-13;"quinta-feira";"13:15:00";"RS";285;199,8;"LAGOA VERMELHA";"Desobediência às normas de trânsito pelo condutor";"Colisão lateral";"Com Vítimas Feridas";"Pleno dia";"Crescente";"Nublado";"Simples";"Rotatória";"Sim";3;0;2;0;1;0;2;2;-28,205301;-51,519993;"SPRF-RS";"DEL08-RS";"UOP05-DEL08-RS"
301217;2020-04-26;"domingo";"04:00:00";"MT";70;727;"CACERES";"Condutor Dormindo";"Saída de leito carroçável";"Com Vítimas Feridas";"Amanhecer";"Decrescente";"Ignorado";"Simples";"Reta";"Não";1;0;0;1;0;0;1;1;-16,17766;-57,6082969;"SPRF-MT";"DEL03-MT";"UOP01-DEL03-MT"
301220;2020-08-13;"quinta-feira";"11:35:00";"PB";104;136,8;"QUEIMADAS";"Falta de Atenção à Condução";"Colisão com objeto estático";"Com Vítimas Feridas";"Pleno dia";"Decrescente";"Céu Claro";"Simples";"Reta";"Sim";1;0;0;1;0;0;1;1;-7,34336909;-35,89968752;"SPRF-PB";"DEL02-PB";"UOP03-DEL02-PB"
301221;2020-08-13;"quinta-feira";"13:50:00";"SC";282;394;"JOACABA";"Falta de Atenção à Condução";"Colisão com objeto estático";"Com Vítimas Feridas";"Pleno dia";"Decrescente";"Céu Claro";"Simples";"Curva";"Não";1;0;1;0;0;0;1;1;-27,16017;-51,58284;"SPRF-SC";"DEL07-SC";"UOP05-DEL07-SC"
301222;2020-08-13;"quinta-feira";"14:30:00";"RJ";101;473;"ANGRA DOS REIS";"Falta de Atenção à Condução";"Colisão transversal";"Com Vítimas Feridas";"Pleno dia";"Decrescente";"Nublado";"Dupla";"Reta";"Sim";2;0;0;1;1;0;1;2;-22,98960623;-44,24168693;"SPRF-RJ";"DEL03-RJ";"UOP03-DEL03-RJ"
301223;2020-08-13;"quinta-feira";"12:45:00";"MG";262;779;"UBERABA";"Velocidade Incompatível";"Saída de leito carroçável";"Com Vítimas Feridas";"Pleno dia";"Crescente";"Céu Claro";"Simples";"Curva";"Não";1;0;1;0;0;0;1;1;-19,73926371;-47,75334021;"SPRF-MG";"DEL13-MG";"UOP01-DEL13-MG"
301224;2020-08-13;"quinta-feira";"14:45:00";"RJ";40;118;"DUQUE DE CAXIAS";"Defeito Mecânico no Veículo";"Queda de ocupante de veículo";"Com Vítimas Feridas";"Pleno dia";"Crescente";"Céu Claro";"Múltipla";"Reta";"Sim";1;0;1;0;0;0;1;1;-22,75470802;-43,28737838;"SPRF-RJ";"DEL01-RJ";"UOP01-DEL01-RJ"
301225;2020-06-24;"quarta-feira";"15:30:00";"AL";316;271,1;"SATUBA";"Falta de Atenção à Condução";"Colisão transversal";"Com Vítimas Feridas";"Pleno dia";"Decrescente";"Céu Claro";"Simples";"Reta";"Não";2;0;1;0;1;0;1;2;-9,57122709;-35,81523795;"SPRF-AL";"DEL02-AL";"UOP01-DEL02-AL"
301226;2020-08-13;"quinta-feira";"14:38:00";"BA";324;539;"CONCEICAO DO JACUIPE";"Defeito Mecânico no Veículo";"Tombamento";"Com Vítimas Feridas";"Pleno dia";"Decrescente";"Céu Claro";"Dupla";"Reta";"Não";1;0;1;0;0;0;1;1;-12,37995647;-38,79955259;"SPRF-BA";"DEL01-BA";"UOP03-DEL01-BA"
301228;2020-08-13;"quinta-feira";"15:30:00";"PR";116;115;"CURITIBA";"Mal Súbito";"Colisão com objeto estático";"Com Vítimas Feridas";"Pleno dia";"Crescente";"Céu Claro";"Dupla";"Curva";"Não";1;0;1;0;0;0;1;1;-25,55953326;-49,26560414;"SPRF-PR";"DEL01-PR";"UOP01-DEL01-PR"
301229;2020-08-13;"quinta-feira";"04:30:00";"AM";319;71;"CAREIRO";"Animais na Pista";"Atropelamento de Animal";"Com Vítimas Feridas";"Amanhecer";"Crescente";"Nevoeiro/Neblina";"Simples";"Reta";"Não";4;0;1;0;3;0;1;1;-3,52548628;-60,1470447;"SPRF-AM";"DEL01-AM";"UOP04-DEL01-AM"
301232;2020-08-13;"quinta-feira";"13:50:00";"MS";163;608;"SAO GABRIEL DO OESTE";"Desobediência às normas de trânsito pelo condutor";"Colisão lateral";"Com Vítimas Feridas";"Pleno dia";"Decrescente";"Céu Claro";"Simples";"Curva";"Não";2;0;1;0;1;0;1;2;-19,44771302;-54,52451902;"SPRF-MS";"DEL06-MS";"UOP02-DEL06-MS"
301235;2020-08-13;"quinta-feira";"11:30:00";"MT";70;666;"CACERES";"Defeito Mecânico no Veículo";"Saída de leito carroçável";"Com Vítimas Feridas";"Pleno dia";"Crescente";"Céu Claro";"Simples";"Reta";"Não";1;0;0;1;0;0;1;1;-16,09472;-57,29045833;"SPRF-MT";"DEL03-MT";"UOP02-DEL03-MT"
301236;2020-08-13;"quinta-feira";"15:31:00";"MS";163;490,6;"CAMPO GRANDE";"Falta de Atenção à Condução";"Colisão transversal";"Com Vítimas Feridas";"Pleno dia";"Decrescente";"Céu Claro";"Simples";"Reta";"Sim";3;0;1;0;2;0;1;2;-20,40017983;-54,55539878;"SPRF-MS";"DEL01-MS";"UOP02-DEL01-MS"
301240;2020-08-13;"quinta-feira";"17:00:00";"MA";135;14;"SAO LUIS";"Não guardar distância de segurança";"Colisão traseira";"Sem Vítimas";"Pleno dia";"Decrescente";"Sol";"Dupla";"Reta";"Sim";2;0;0;0;2;0;0;2;-2,68792341;-44,30009651;"SPRF-MA";"DEL01-MA";"UOP01-DEL01-MA"
301241;2020-08-13;"quinta-feira";"17:00:00";"MG";354;752;"ITAMONTE";"Ultrapassagem Indevida";"Colisão transversal";"Com Vítimas Feridas";"Pleno dia";"Crescente";"Sol";"Simples";"Reta";"Sim";2;0;1;0;1;0;1;2;-22,27042361;-44,87903002;"SPRF-MG";"DEL17-MG";"UOP01-DEL17-MG"
301242;2020-08-13;"quinta-feira";"17:18:00";"ES";101;0,5;"SERRA";"Falta de Atenção à Condução";"Colisão transversal";"Com Vítimas Feridas";"Plena Noite";"Crescente";"Céu Claro";"Dupla";"Reta";"Não";2;0;0;1;0;1;1;2;-20,129093;-40,308125;"SPRF-ES";"DEL02-ES";"UOP01-DEL02-ES"
301243;2020-08-13;"quinta-feira";"17:15:00";"RN";406;104,8;"JOAO CAMARA";"Ingestão de Álcool";"Colisão traseira";"Com Vítimas Feridas";"Anoitecer";"Crescente";"Céu Claro";"Simples";"Reta";"Não";2;0;1;0;1;0;1;2;-5,54067796;-35,80553967;"SPRF-RN";"DEL02-RN";"UOP01-DEL02-RN"
301246;2020-08-13;"quinta-feira";"16:50:00";"RJ";101;469;"ANGRA DOS REIS";"Falta de Atenção à Condução";"Saída de leito carroçável";"Com Vítimas Feridas";"Anoitecer";"Crescente";"Céu Claro";"Simples";"Curva";"Não";6;0;3;0;3;0;3;1;-23,01160388;-44,23091089;"SPRF-RJ";"DEL03-RJ";"UOP03-DEL03-RJ"
301247;2020-08-13;"quinta-feira";"16:05:00";"MS";163;455,1;"CAMPO GRANDE";"Defeito Mecânico no Veículo";"Incêndio";"Sem Vítimas";"Pleno dia";"Crescente";"Céu Claro";"Simples";"Reta";"Não";2;0;0;0;2;0;0;1;-20,68134897;-54,55509188;"SPRF-MS";"DEL01-MS";"UOP01-DEL01-MS"
301248;2020-08-13;"quinta-feira";"17:40:00";"SC";101;212,1;"PALHOCA";"Falta de Atenção à Condução";"Colisão lateral";"Com Vítimas Feridas";"Anoitecer";"Decrescente";"Nublado";"Múltipla";"Reta";"Sim";2;0;1;0;1;0;1;2;-27,62996929;-48,65903871;"SPRF-SC";"DEL01-SC";"UOP02-DEL01-SC"
301249;2020-08-13;"quinta-feira";"17:00:00";"ES";101;148;"LINHARES";"Falta de Atenção à Condução";"Colisão traseira";"Com Vítimas Feridas";"Pleno dia";"Decrescente";"Sol";"Dupla";"Reta";"Sim";3;0;1;0;2;0;1;3;-19,38787399;-40,06752766;"SPRF-ES";"DEL04-ES";"UOP01-DEL04-ES"
301251;2020-08-13;"quinta-feira";"16:45:00";"MT";364;372,6;"SANTO ANTONIO DO LEVERGER";"Velocidade Incompatível";"Saída de leito carroçável";"Sem Vítimas";"Pleno dia";"Decrescente";"Céu Claro";"Dupla";"Declive";"Não";3;0;0;0;3;0;0;1;-15,72502885;-55,72649181;"SPRF-MT";"DEL01-MT";"UOP02-DEL01-MT"
301252;2020-08-13;"quinta-feira";"14:00:00";"GO";50;104,3;"CRISTALINA";"Avarias e/ou desgaste excessivo no pneu";"Queda de ocupante de veículo";"Com Vítimas Feridas";"Pleno dia";"Decrescente";"Céu Claro";"Dupla";"Reta";"Não";2;0;2;0;0;0;2;1;-16,9309;-47,7117;"SPRF-DF";"DEL01-DF";"UOP02-DEL01-DF"
301255;2020-06-15;"segunda-feira";"06:00:00";"RS";290;69;"GRAVATAI";"Falta de Atenção à Condução";"Saída de leito carroçável";"Com Vítimas Feridas";"Amanhecer";"Crescente";"Nublado";"Dupla";"Reta";"Não";2;0;1;0;0;1;1;2;-29,944933;-50,946438;"SPRF-RS";"DEL03-RS";"UOP01-DEL03-RS"
301256;2020-08-13;"quinta-feira";"17:45:00";"RS";471;173,4;"RIO PARDO";"Desobediência às normas de trânsito pelo condutor";"Colisão transversal";"Com Vítimas Feridas";"Anoitecer";"Decrescente";"Chuva";"Simples";"Reta";"Sim";2;0;1;0;1;0;1;2;-30,014425;-52,369633;"SPRF-RS";"DEL02-RS";"UOP03-DEL02-RS"
301258;2020-08-13;"quinta-feira";"17:30:00";"SP";116;394;"MIRACATU";"Falta de Atenção à Condução";"Colisão frontal";"Com Vítimas Feridas";"Anoitecer";"Decrescente";"Céu Claro";"Dupla";"Reta";"Sim";2;0;2;0;0;0;2;2;-24,28717454;-47,45143994;"SPRF-SP";"DEL04-SP";"UOP02-DEL04-SP"
301259;2020-08-13;"quinta-feira";"18:45:00";"ES";101;304;"VIANA";"Falta de Atenção do Pedestre";"Atropelamento de Pedestre";"Com Vítimas Fatais";"Plena Noite";"Decrescente";"Nublado";"Dupla";"Reta";"Sim";4;1;1;0;0;2;1;2;-20,3800645;-40,45431391;"SPRF-ES";"DEL01-ES";"UOP01-DEL01-ES"
301260;2020-08-13;"quinta-feira";"18:50:00";"SC";101;213,7;"PALHOCA";"Desobediência às normas de trânsito pelo condutor";"Colisão traseira";"Com Vítimas Feridas";"Plena Noite";"Decrescente";"Nublado";"Múltipla";"Reta";"Sim";3;0;1;0;1;1;1;3;-27,63697369;-48,66514142;"SPRF-SC";"DEL01-SC";"UOP02-DEL01-SC"
301262;2020-08-13;"quinta-feira";"18:30:00";"SP";116;169;"JACAREI";"Objeto estático sobre o leito carroçável";"Colisão com objeto estático";"Com Vítimas Feridas";"Anoitecer";"Decrescente";"Céu Claro";"Dupla";"Reta";"Não";1;0;1;0;0;0;1;1;-23,307652;-46,045128;"SPRF-SP";"DEL02-SP";"UOP01-DEL02-SP"