"id";"data_inversa";"dia_semana";"horario";"uf";"br";"km";"municipio";"causa_acidente";"tipo_acidente";"classificacao_acidente";"fase_dia";"sentido_via";"condicao_metereologica";"tipo_pista";"tracado_via";"uso_solo";"pessoas";"mortos";"feridos_leves";"feridos_graves";"ilesos";"ignorados";"feridos";"veiculos";"latitude";"longitude";"regional";"delegacia";"uop"
301263;2020-08-13;"quinta-feira";"18:00:00";"ES";259;91;"BAIXO GUANDU";"Falta de Atenção à Condução";"Colisão lateral";"Com Vítimas Feridas";"Anoitecer";"Crescente";"Nublado";"Simples";"Reta";"Não";2;0;0;1;1;0;1;2;-19,51143698;-40,90961107;"SPRF-ES";"DEL02-ES";"UOP01-DEL02-ES"
301265;2020-08-13;"quinta-feira";"19:00:00";"GO";60;95,3;"ANAPOLIS";"Falta de Atenção do Pedestre";"Atropelamento de Pedestre";"Com Vítimas Feridas";"Plena Noite";"Decrescente";"Céu Claro";"Dupla";"Reta";"Sim";2;0;1;0;1;0;1;2;-16,3679;-48,939;"SPRF-GO";"DEL02-GO";"UOP01-DEL02-GO"
301267;2020-08-13;"quinta-feira";"19:00:00";"MG";262;813,1;"UBERABA";"Falta de Atenção à Condução";"Colisão transversal";"Com Vítimas Fatais";"Plena Noite";"Crescente";"Céu Claro";"Dupla";"Reta";"Sim";2;1;0;0;1;0;0;2;-19,76009757;-48,07322705;"SPRF-MG";"DEL13-MG";"UOP01-DEL13-MG"
301268;2020-08-13;"quinta-feira";"19:45:00";"SP";116;229;"SAO PAULO";"Desobediência às normas de trânsito pelo condutor";"Colisão lateral";"Com Vítimas Feridas";"Plena Noite";"Decrescente";"Nublado";"Dupla";"Reta";"Sim";3;0;1;0;2;0;1;3;-23,51291902;-46,57604698;"SPRF-SP";"DEL01-SP";"UOP01-DEL01-SP"
301269;2020-08-13;"quinta-feira";"18:50:00";"MT";364;49,5;"ALTO GARCAS";"Falta de Atenção à Condução";"Capotamento";"Sem Vítimas";"Plena Noite";"Decrescente";"Céu Claro";"Simples";"Declive";"Não";1;0;0;0;1;0;0;1;-17,00770411;-53,49683224;"SPRF-MT";"DEL02-MT";"UOP02-DEL02-MT"
301270;2020-08-13;"quinta-feira";"19:25:00";"MG";40;523,6;"CONTAGEM";"Não guardar distância de segurança";"Colisão traseira";"Com Vítimas Feridas";"Plena Noite";"Decrescente";"Céu Claro";"Dupla";"Reta";"Sim";3;0;1;1;1;0;2;2;-19,86874894;-44,05962197;"SPRF-MG";"DEL01-MG";"UOP02-DEL01-MG"
301275;2020-08-13;"quinta-feira";"19:30:00";"SC";282;22;"PALHOCA";"Falta de Atenção à Condução";"Colisão transversal";"Com Vítimas Feridas";"Plena Noite";"Decrescente";"Garoa/Chuvisco";"Simples";"Reta;Em Obras";"Sim";2;0;2;0;0;0;2;2;-27,688507;-48,72739;"SPRF-SC";"DEL01-SC";"UOP02-DEL01-SC"
301276;2020-08-13;"quinta-feira";"18:15:00";"AC";364;122;"RIO BRANCO";"Falta de Atenção do Pedestre";"Atropelamento de Pedestre";"Com Vítimas Feridas";"Plena Noite";"Decrescente";"Céu Claro";"Dupla";"Reta";"Sim";2;0;1;0;1;0;1;2;-10,01188291;-67,773345;"SPRF-AC";"DEL01-AC";"UOP01-DEL01-AC"
301277;2020-08-13;"quinta-feira";"11:20:00";"PE";116;38;"SALGUEIRO";"Ultrapassagem Indevida";"Colisão frontal";"Com Vítimas Fatais";"Pleno dia";"Decrescente";"Céu Claro";"Simples";"Reta";"Não";3;1;2;0;0;0;2;2;-8,171147;-39,104897;"SPRF-PE";"DEL05-PE";"UOP01-DEL05-PE"
301280;2020-07-09;"quinta-feira";"22:40:00";"SC";116;5,5;"MAFRA";"Ingestão de Álcool";"Colisão lateral";"Com Vítimas Feridas";"Plena Noite";"Crescente";"Garoa/Chuvisco";"Simples";"Reta";"Não";2;0;1;0;1;0;1;2;-26,14094396;-49,81508303;"SPRF-SC";"DEL06-SC";"UOP01-DEL06-SC"
301282;2020-08-13;"quinta-feira";"20:50:00";"PE";232;15;"JABOATAO DOS GUARARAPES";"Ingestão de Álcool";"Tombamento";"Com Vítimas Feridas";"Plena Noite";"Crescente";"Chuva";"Dupla";"Curva";"Não";1;0;1;0;0;0;1;1;-8,090563;-35,02732;"SPRF-PE";"DEL01-PE";"UOP01-DEL01-PE"
301284;2020-08-13;"quinta-feira";"10:30:00";"RJ";101;327;"NITEROI";"Mal Súbito";"Colisão com objeto estático";"Com Vítimas Feridas";"Pleno dia";"Decrescente";"Céu Claro";"Múltipla";"Ponte";"Não";1;0;0;1;0;0;1;1;-22,87117393;-43,15595099;"SPRF-RJ";"DEL02-RJ";"UOP02-DEL02-RJ"
301285;2020-08-13;"quinta-feira";"19:20:00";"RS";287;270,5;"SANTA MARIA";"Falta de Atenção à Condução";"Saída de leito carroçável";"Com Vítimas Feridas";"Plena Noite";"Crescente";"Céu Claro";"Simples";"Reta";"Não";1;0;1;0;0;0;1;1;-29,66708834;-54,07394603;"SPRF-RS";"DEL09-RS";"UOP01-DEL09-RS"
301287;2020-08-13;"quinta-feira";"19:05:00";"RS";116;248;"SAO LEOPOLDO";"Falta de Atenção à Condução";"Colisão traseira";"Com Vítimas Feridas";"Pleno dia";"Decrescente";"Garoa/Chuvisco";"Dupla";"Reta";"Sim";2;0;1;0;1;0;1;2;-29,77605895;-51,15508618;"SPRF-RS";"DEL01-RS";"UOP02-DEL01-RS"
301289;2020-08-13;"quinta-feira";"20:45:00";"PI";316;308;"PICOS";"Falta de Atenção à Condução";"Colisão transversal";"Com Vítimas Feridas";"Plena Noite";"Crescente";"Céu Claro";"Simples";"Reta";"Sim";2;0;1;0;1;0;1;2;-7,07773683;-41,492757;"SPRF-PI";"DEL04-PI";"UOP01-DEL04-PI"
301290;2020-08-13;"quinta-feira";"19:00:00";"MG";116;584,4;"MANHUACU";"Ingestão de Álcool";"Tombamento";"Com Vítimas Feridas";"Pleno dia";"Decrescente";"Nublado";"Simples";"Reta";"Não";1;0;1;0;0;0;1;1;-20,22302088;-42,17880872;"SPRF-MG";"DEL06-MG";"UOP03-DEL06-MG"
301291;2020-08-13;"quinta-feira";"18:10:00";"SC";282;502,3;"XANXERE";"Falta de Atenção à Condução";"Colisão lateral";"Com Vítimas Feridas";"Plena Noite";"Decrescente";"Céu Claro";"Simples";"Interseção de Vias";"Sim";2;0;0;1;1;0;1;2;-26,883674;-52,388396;"SPRF-SC";"DEL07-SC";"UOP01-DEL07-SC"
301292;2020-08-13;"quinta-feira";"21:30:00";"SC";101;41;"JOINVILLE";"Objeto estático sobre o leito carroçável";"Queda de ocupante de veículo";"Com Vítimas Feridas";"Plena Noite";"Decrescente";"Chuva";"Dupla";"Viaduto";"Sim";1;0;0;1;0;0;1;1;-26,31830579;-48,87207985;"SPRF-SC";"DEL03-SC";"UOP01-DEL03-SC"
301294;2020-08-13;"quinta-feira";"21:00:00";"PR";376;590;"CURITIBA";"Falta de Atenção à Condução";"Saída de leito carroçável";"Com Vítimas Feridas";"Plena Noite";"Crescente";"Chuva";"Dupla";"Reta";"Sim";2;0;1;0;1;0;1;1;-25,45155592;-49,36237578;"SPRF-PR";"DEL01-PR";"UOP01-DEL01-PR"
301295;2020-08-13;"quinta-feira";"21:00:00";"SC";101;213,2;"PALHOCA";"Desobediência às normas de trânsito pelo condutor";"Colisão lateral";"Sem Vítimas";"Plena Noite";"Decrescente";"Nublado";"Simples";"Interseção de Vias;Reta";"Sim";2;0;0;0;2;0;0;2;-27,63697369;-48,66514142;"SPRF-SC";"DEL01-SC";"UOP02-DEL01-SC"
301296;2020-08-13;"quinta-feira";"16:20:00";"SP";116;7,6;"QUELUZ";"Velocidade Incompatível";"Tombamento";"Com Vítimas Feridas";"Pleno dia";"Decrescente";"Sol";"Simples";"Reta";"Sim";1;0;1;0;0;0;1;1;-22,53531603;-44,76219097;"SPRF-SP";"DEL08-SP";"UOP02-DEL08-SP"
301297;2020-08-13;"quinta-feira";"21:45:00";"GO";153;65;"PORANGATU";"Restrição de Visibilidade";"Colisão traseira";"Com Vítimas Feridas";"Plena Noite";"Decrescente";"Céu Claro";"Simples";"Reta";"Não";2;0;0;1;0;1;1;2;-13,397592;-49,129871;"SPRF-GO";"DEL07-GO";"UOP01-DEL07-GO"
301298;2020-08-13;"quinta-feira";"21:30:00";"ES";101;194;"ARACRUZ";"Ingestão de Álcool";"Saída de leito carroçável";"Com Vítimas Feridas";"Plena Noite";"Decrescente";"Céu Claro";"Simples";"Reta";"Não";1;0;1;0;0;0;1;1;-19,70112917;-40,31239499;"SPRF-ES";"DEL04-ES";"UOP01-DEL04-ES"
301299;2020-08-13;"quinta-feira";"18:00:00";"MG";262;580;"CAMPOS ALTOS";"Ingestão de Álcool";"Queda de ocupante de veículo";"Com Vítimas Feridas";"Plena Noite";"Crescente";"Céu Claro";"Simples";"Interseção de Vias";"Não";1;0;1;0;0;0;1;1;-19,64873095;-46,07103825;"SPRF-MG";"DEL08-MG";"UOP02-DEL08-MG"
301300;2020-08-13;"quinta-feira";"20:15:00";"PA";230;122;"MARABA";"Ingestão de Álcool";"Colisão lateral";"Sem Vítimas";"Plena Noite";"Decrescente";"Céu Claro";"Dupla";"Reta";"Sim";5;0;0;0;4;1;0;2;-5,36137537;-49,12376139;"SPRF-PA";"DEL03-PA";"UOP01-DEL03-PA"
301301;2020-08-13;"quinta-feira";"22:20:00";"PR";376;6;"MARINGA";"Falta de Atenção à Condução";"Queda de ocupante de veículo";"Com Vítimas Feridas";"Plena Noite";"Crescente";"Nublado";"Dupla";"Reta";"Sim";1;0;0;1;0;0;1;1;-23,37535015;-51,92207336;"SPRF-PR";"DEL09-PR";"UOP01-DEL09-PR"
301303;2020-08-13;"quinta-feira";"22:10:00";"SP";116;56,3;"LORENA";"Falta de Atenção à Condução";"Tombamento";"Com Vítimas Feridas";"Plena Noite";"Crescente";"Céu Claro";"Dupla";"Reta";"Não";2;0;1;0;1;0;1;1;-22,76904403;-45,13040598;"SPRF-SP";"DEL08-SP";"UOP01-DEL08-SP"
301304;2020-08-01;"sábado";"19:00:00";"PR";116;161,6;"QUITANDINHA";"Falta de Atenção à Condução";"Colisão frontal";"Sem Vítimas";"Plena Noite";"Crescente";"Céu Claro";"Simples";"Reta;Declive";"Não";2;0;0;0;1;1;0;2;-25,86249393;-49,40112698;"SPRF-PR";"DEL01-PR";"UOP03-DEL01-PR"
301305;2020-08-13;"quinta-feira";"21:40:00";"PE";101;42;"IGARASSU";"Falta de Atenção à Condução";"Colisão com objeto estático";"Sem Vítimas";"Plena Noite";"Crescente";"Céu Claro";"Múltipla";"Reta;Aclive";"Sim";2;0;0;0;2;0;0;2;-7,83887431;-34,91196739;"SPRF-PE";"DEL01-PE";"UOP02-DEL01-PE"
301306;2020-08-13;"quinta-feira";"21:00:00";"PE";101;70,8;"RECIFE";"Velocidade Incompatível";"Colisão com objeto estático";"Com Vítimas Feridas";"Plena Noite";"Decrescente";"Céu Claro";"Múltipla";"Reta";"Sim";1;0;1;0;0;0;1;1;-8,06776119;-34,94265074;"SPRF-PE";"DEL01-PE";"UOP01-DEL01-PE"
301307;2020-03-13;"sexta-feira";"18:20:00";"PI";135;477,9;"MONTE ALEGRE DO PIAUI";"Desobediência às normas de trânsito pelo condutor";"Colisão lateral";"Com Vítimas Feridas";"Plena Noite";"Crescente";"Nublado";"Simples";"Reta";"Não";2;0;1;0;1;0;1;2;-9,56240733;-44,96876211;"SPRF-PI";"DEL03-PI";"UOP02-DEL03-PI"
301311;2020-08-13;"quinta-feira";"23:05:00";"SC";101;213,8;"PALHOCA";"Desobediência às normas de trânsito pelo condutor";"Colisão lateral";"Sem Vítimas";"Plena Noite";"Decrescente";"Garoa/Chuvisco";"Múltipla";"Reta";"Sim";3;0;0;0;3;0;0;2;-27,63697369;-48,66514142;"SPRF-SC";"DEL01-SC";"UOP02-DEL01-SC"
301313;2020-08-14;"sexta-feira";"00:15:00";"SP";381;38,9;"ATIBAIA";"Ingestão de Álcool";"Colisão com objeto estático";"Com Vítimas Feridas";"Plena Noite";"Crescente";"Céu Claro";"Dupla";"Reta";"Sim";1;0;0;1;0;0;1;1;-23,1133221;-46,57174974;"SPRF-SP";"DEL03-SP";"UOP01-DEL03-SP"
301314;2020-08-14;"sexta-feira";"00:31:00";"RS";392;3,8;"RIO GRANDE";"Falta de Atenção à Condução";"Colisão transversal";"Com Vítimas Feridas";"Plena Noite";"Decrescente";"Nublado";"Simples";"Reta";"Não";2;0;1;0;1;0;1;2;-32,068976;-52,095321;"SPRF-RS";"DEL07-RS";"UOP02-DEL07-RS"
301315;2020-08-13;"quinta-feira";"23:00:00";"PR";476;151,9;"ARAUCARIA";"Falta de Atenção à Condução";"Saída de leito carroçável";"Com Vítimas Feridas";"Plena Noite";"Crescente";"Garoa/Chuvisco";"Dupla";"Interseção de Vias";"Sim";1;0;1;0;0;0;1;1;-25,563601;-49,377041;"SPRF-PR";"DEL01-PR";"UOP03-DEL01-PR"
301316;2020-08-13;"quinta-feira";"23:00:00";"MS";262;770;"CORUMBA";"Animais na Pista";"Atropelamento de Animal";"Sem Vítimas";"Plena Noite";"Crescente";"Céu Claro";"Simples";"Reta";"Não";4;0;0;0;4;0;0;1;-19,057716;-57,63148;"SPRF-MS";"DEL03-MS";"UOP03-DEL03-MS"
301318;2020-08-13;"quinta-feira";"23:50:00";"SC";470;6;"NAVEGANTES";"Ingestão de Álcool";"Colisão frontal";"Sem Vítimas";"Plena Noite";"Crescente";"Nublado";"Dupla";"Reta";"Não";2;0;0;0;1;1;0;2;-26,852238;-48,709545;"SPRF-SC";"DEL04-SC";"UOP04-DEL04-SC"
301319;2020-08-14;"sexta-feira";"00:10:00";"RJ";40;109;"DUQUE DE CAXIAS";"Defeito Mecânico no Veículo";"Atropelamento de Pedestre";"Com Vítimas Fatais";"Plena Noite";"Crescente";"Céu Claro";"Dupla";"Declive";"Sim";2;1;0;0;0;1;0;2;-22,67374628;-43,28638368;"SPRF-RJ";"DEL01-RJ";"UOP01-DEL01-RJ"
301320;2020-08-13;"quinta-feira";"23:45:00";"MG";116;656,8;"SAO FRANCISCO DO GLORIA";"Velocidade Incompatível";"Colisão com objeto estático";"Com Vítimas Feridas";"Plena Noite";"Crescente";"Céu Claro";"Simples";"Reta;Em Obras;Desvio Temporário";"Não";1;0;1;0;0;0;1;1;-20,75385;-42,29837;"SPRF-MG";"DEL07-MG";"UOP03-DEL07-MG"
301321;2020-08-13;"quinta-feira";"23:40:00";"ES";262;2;"CARIACICA";"Ingestão de Álcool";"Colisão traseira";"Sem Vítimas";"Plena Noite";"Decrescente";"Céu Claro";"Dupla";"Reta";"Sim";2;0;0;0;2;0;0;2;-20,33275688;-40,36077696;"SPRF-ES";"DEL01-ES";"UOP01-DEL01-ES"
301323;2020-08-14;"sexta-feira";"03:20:00";"BA";116;442;"ANTONIO CARDOSO";"Condutor Dormindo";"Colisão com objeto estático";"Com Vítimas Feridas";"Plena Noite";"Decrescente";"Céu Claro";"Dupla";"Curva";"Não";5;0;1;0;4;0;1;1;-12,3527883;-39,09381866;"SPRF-BA";"DEL02-BA";"UOP01-DEL02-BA"
301325;2020-08-14;"sexta-feira";"04:20:00";"SC";280;57;"GUARAMIRIM";"Falta de Atenção à Condução";"Queda de ocupante de veículo";"Com Vítimas Feridas";"Plena Noite";"Crescente";"Garoa/Chuvisco";"Simples";"Reta";"Sim";3;0;1;0;2;0;1;3;-26,47831364;-49,01232719;"SPRF-SC";"DEL03-SC";"UOP03-DEL03-SC"
301327;2020-08-14;"sexta-feira";"03:40:00";"SP";116;140,6;"SAO JOSE DOS CAMPOS";"Condutor Dormindo";"Colisão com objeto estático";"Com Vítimas Feridas";"Plena Noite";"Crescente";"Céu Claro";"Dupla";"Reta";"Sim";1;0;0;1;0;0;1;1;-23,16577714;-45,81246193;"SPRF-SP";"DEL06-SP";"UOP01-DEL06-SP"
301328;2020-08-14;"sexta-feira";"04:30:00";"SP";153;197,5;"GETULINA";"Falta de Atenção à Condução";"Saída de leito carroçável";"Sem Vítimas";"Plena Noite";"Decrescente";"Nublado";"Simples";"Reta";"Não";1;0;0;0;1;0;0;1;-21,79319509;-49,89899674;"SPRF-SP";"DEL07-SP";"UOP01-DEL07-SP"
301329;2020-08-14;"sexta-feira";"05:15:00";"GO";50;273;"CATALAO";"Ingestão de Álcool";"Colisão com objeto estático";"Sem Vítimas";"Amanhecer";"Decrescente";"Céu Claro";"Simples";"Reta";"Não";3;0;0;0;3;0;0;1;-18,1302;-47,9047;"SPRF-GO";"DEL06-GO";"UOP01-DEL06-GO"
301331;2020-08-14;"sexta-feira";"05:00:00";"RN";304;297,6;"MACAIBA";"Animais na Pista";"Atropelamento de Animal";"Sem Vítimas";"Amanhecer";"Crescente";"Céu Claro";"Dupla";"Reta";"Sim";1;0;0;0;1;0;0;1;-5,8653410102;-35,3406940033;"SPRF-RN";"DEL01-RN";"UOP02-DEL01-RN"
301332;2020-08-14;"sexta-feira";"04:30:00";"PR";158;505;"CORONEL VIVIDA";"Restrição de Visibilidade";"Colisão lateral";"Com Vítimas Feridas";"Plena Noite";"Crescente";"Nevoeiro/Neblina";"Simples";"Reta";"Não";3;0;1;0;2;0;1;2;-26,00646118;-52,56729684;"SPRF-PR";"DEL02-PR";"UOP01-DEL02-PR"
301333;2020-08-14;"sexta-feira";"04:30:00";"MG";50;191,1;"UBERABA";"Falta de Atenção à Condução";"Saída de leito carroçável";"Sem Vítimas";"Plena Noite";"Decrescente";"Céu Claro";"Dupla";"Reta";"Não";1;0;0;0;1;0;0;1;-19,8640909;-47,86418486;"SPRF-MG";"DEL13-MG";"UOP01-DEL13-MG"
301334;2020-08-14;"sexta-feira";"06:00:00";"PE";232;7,2;"RECIFE";"Falta de Atenção à Condução";"Colisão lateral";"Com Vítimas Feridas";"Pleno dia";"Decrescente";"Nublado";"Dupla";"Reta";"Sim";4;0;1;1;2;0;2;3;-8,074119;-34,963689;"SPRF-PE";"DEL01-PE";"UOP01-DEL01-PE"
301336;2020-08-14;"sexta-feira";"06:00:00";"MG";381;773;"CAMPANHA";"Falta de Atenção à Condução";"Queda de ocupante de veículo";"Com Vítimas Feridas";"Pleno dia";"Crescente";"Céu Claro";"Dupla";"Reta";"Não";1;0;1;0;0;0;1;1;-21,80014143;-45,46715288;"SPRF-MG";"DEL16-MG";"UOP02-DEL16-MG"
301337;2020-08-14;"sexta-feira";"06:00:00";"RJ";356;40;"ITAPERUNA";"Restrição de Visibilidade";"Colisão traseira";"Com Vítimas Feridas";"Amanhecer";"Decrescente";"Nevoeiro/Neblina";"Simples";"Aclive";"Não";2;0;1;0;1;0;1;2;-21,20888258;-41,84111052;"SPRF-RJ";"DEL08-RJ";"UOP03-DEL08-RJ"
301339;2020-08-14;"sexta-feira";"05:00:00";"GO";153;605;"MORRINHOS";"Ingestão de Álcool";"Saída de leito carroçável";"Sem Vítimas";"Plena Noite";"Decrescente";"Céu Claro";"Dupla";"Aclive;Reta";"Não";2;0;0;0;2;0;0;1;-17,5952;-49,1912;"SPRF-GO";"DEL03-GO";"UOP01-DEL03-GO"
301340;2020-08-14;"sexta-feira";"06:30:00";"RS";293;339,1;"SANTANA DO LIVRAMENTO";"Animais na Pista";"Atropelamento de Animal";"Com Vítimas Feridas";"Plena Noite";"Crescente";"Nublado";"Simples";"Reta";"Não";1;0;0;1;0;0;1;1;-30,85294393;-55,52435803;"SPRF-RS";"DEL11-RS";"UOP01-DEL11-RS"
301341;2020-08-13;"quinta-feira";"21:30:00";"SC";101;371;"ICARA";"Fenômenos da Natureza";"Saída de leito carroçável";"Sem Vítimas";"Plena Noite";"Crescente";"Chuva";"Dupla";"Reta";"Não";1;0;0;0;0;1;0;1;-28,70403682;-49,2008731;"SPRF-SC";"DEL02-SC";"UOP01-DEL02-SC"
301345;2020-08-14;"sexta-feira";"07:20:00";"PR";476;133;"CURITIBA";"Falta de Atenção à Condução";"Colisão lateral";"Com Vítimas Feridas";"Pleno dia";"Crescente";"Céu Claro";"Múltipla";"Interseção de Vias;Reta";"Sim";3;0;1;0;2;0;1;2;-25,469219;-49,254143;"SPRF-PR";"DEL01-PR";"UOP03-DEL01-PR"
301346;2020-05-31;"domingo";"02:30:00";"GO";60;280,6;"JANDAIA";"Velocidade Incompatível";"Saída de leito carroçável";"Com Vítimas Fatais";"Plena Noite";"Crescente";"Ignorado";"Dupla";"Reta";"Não";1;1;0;0;0;0;0;1;-17,2556;-50,2232;"SPRF-GO";"DEL04-GO";"UOP01-DEL04-GO"
301350;2020-08-14;"sexta-feira";"08:00:00";"RN";101;96;"NATAL";"Desobediência às normas de trânsito pelo condutor";"Colisão traseira";"Com Vítimas Feridas";"Pleno dia";"Decrescente";"Céu Claro";"Múltipla";"Reta";"Sim";3;0;1;1;1;0;2;2;-5,84949622;-35,20890752;"SPRF-RN";"DEL01-RN";"UOP01-DEL01-RN"
301352;2020-08-14;"sexta-feira";"05:30:00";"MT";163;828;"SINOP";"Desobediência às normas de trânsito pelo condutor";"Colisão transversal";"Sem Vítimas";"Amanhecer";"Decrescente";"Céu Claro";"Dupla";"Reta";"Sim";2;0;0;0;2;0;0;2;-12,049672;-55,51738084;"SPRF-MT";"DEL06-MT";"UOP01-DEL06-MT"
301353;2020-08-14;"sexta-feira";"07:45:00";"PB";230;21;"JOAO PESSOA";"Não guardar distância de segurança";"Engavetamento";"Com Vítimas Feridas";"Pleno dia";"Crescente";"Céu Claro";"Dupla";"Reta";"Sim";3;0;1;0;2;0;1;3;-7,1415;-34,8519;"SPRF-PB";"DEL01-PB";"UOP01-DEL01-PB"
301355;2020-08-14;"sexta-feira";"07:45:00";"MG";381;499,5;"BETIM";"Desobediência às normas de trânsito pelo condutor";"Engavetamento";"Com Vítimas Feridas";"Pleno dia";"Decrescente";"Céu Claro";"Dupla";"Reta;Aclive";"Não";6;0;1;0;5;0;1;3;-20,01792651;-44,2261448;"SPRF-MG";"DEL01-MG";"UOP03-DEL01-MG"
301356;2020-08-14;"sexta-feira";"08:10:00";"PE";232;4,5;"RECIFE";"Não guardar distância de segurança";"Colisão traseira";"Com Vítimas Feridas";"Pleno dia";"Crescente";"Sol";"Dupla";"Viaduto";"Sim";2;0;0;1;1;0;1;2;-8,066617;-34,94207;"SPRF-PE";"DEL01-PE";"UOP01-DEL01-PE"
301357;2020-08-14;"sexta-feira";"07:35:00";"PR";116;1;"CAMPINA GRANDE DO SUL";"Fenômenos da Natureza";"Capotamento";"Com Vítimas Feridas";"Pleno dia";"Crescente";"Chuva";"Dupla";"Curva";"Não";2;0;2;0;0;0;2;1;-25,06368403;-48,57051896;"SPRF-PR";"DEL01-PR";"UOP02-DEL01-PR"
301358;2020-08-14;"sexta-feira";"06:15:00";"AC";364;123;"RIO BRANCO";"Desobediência às normas de trânsito pelo condutor";"Colisão traseira";"Sem Vítimas";"Pleno dia";"Crescente";"Céu Claro";"Dupla";"Reta";"Sim";1;0;0;0;1;0;0;1;-10,0117071;-67,782373;"SPRF-AC";"DEL01-AC";"UOP01-DEL01-AC"
301359;2020-06-08;"segunda-feira";"19:00:00";"SC";101;173,4;"TIJUCAS";"Defeito Mecânico no Veículo";"Incêndio";"Sem Vítimas";"Anoitecer";"Decrescente";"Céu Claro";"Dupla";"Reta";"Não";1;0;0;0;1;0;0;1;-27,32203197;-48,62757785;"SPRF-SC";"DEL04-SC";"UOP03-DEL04-SC"
301364;2020-08-14;"sexta-feira";"07:50:00";"PA";155;339;"MARABA";"Falta de Atenção à Condução";"Colisão transversal";"Com Vítimas Feridas";"Pleno dia";"Decrescente";"Céu Claro";"Simples";"Reta";"Não";2;0;1;0;1;0;1;2;-5,404939;-49,07640105;"SPRF-PA";"DEL03-PA";"UOP01-DEL03-PA"
301365;2020-08-14;"sexta-feira";"08:35:00";"MG";40;677,2;"CARANDAI";"Falta de Atenção à Condução";"Saída de leito carroçável";"Com Vítimas Feridas";"Pleno dia";"Decrescente";"Céu Claro";"Simples";"Curva";"Não";1;0;1;0;0;0;1;1;-21,019183;-43,78305205;"SPRF-MG";"DEL05-MG";"UOP02-DEL05-MG"
301367;2020-08-03;"segunda-feira";"19:15:00";"SC";101;121,9;"ITAJAI";"Não guardar distância de segurança";"Colisão traseira";"Com Vítimas Feridas";"Plena Noite";"Decrescente";"Céu Claro";"Dupla";"Reta";"Sim";5;0;2;0;2;1;2;4;-26,92103178;-48,70856446;"SPRF-SC";"DEL04-SC";"UOP04-DEL04-SC"
301368;2020-08-14;"sexta-feira";"09:10:00";"MG";262;147,3;"RIO CASCA";"Falta de Atenção à Condução";"Saída de leito carroçável";"Com Vítimas Feridas";"Pleno dia";"Decrescente";"Céu Claro";"Simples";"Ponte";"Não";1;0;1;0;0;0;1;1;-20,02007782;-42,74457075;"SPRF-MG";"DEL03-MG";"UOP03-DEL03-MG"
301369;2020-06-28;"domingo";"10:30:00";"MG";116;565,8;"MANHUACU";"Velocidade Incompatível";"Tombamento";"Com Vítimas Feridas";"Pleno dia";"Decrescente";"Céu Claro";"Simples";"Curva";"Não";1;0;0;1;0;0;1;1;-20,06874641;-42,17752394;"SPRF-MG";"DEL06-MG";"UOP03-DEL06-MG"
301370;2020-08-14;"sexta-feira";"08:00:00";"MT";70;59;"BARRA DO GARCAS";"Falta de Atenção à Condução";"Saída de leito carroçável";"Com Vítimas Feridas";"Amanhecer";"Crescente";"Céu Claro";"Simples";"Curva;Aclive";"Não";5;0;2;0;3;0;2;1;-15,6977442;-52,68428613;"SPRF-MT";"DEL07-MT";"UOP01-DEL07-MT"
301372;2020-08-14;"sexta-feira";"08:35:00";"GO";60;177,1;"ABADIA DE GOIAS";"Falta de Atenção à Condução";"Saída de leito carroçável";"Com Vítimas Feridas";"Pleno dia";"Crescente";"Sol";"Dupla";"Declive;Reta";"Não";1;0;1;0;0;0;1;1;-16,7562;-49,4492;"SPRF-GO";"DEL01-GO";"UOP02-DEL01-GO"
301373;2020-08-14;"sexta-feira";"09:00:00";"PR";476;127;"CURITIBA";"Ingestão de Álcool";"Colisão lateral";"Sem Vítimas";"Pleno dia";"Decrescente";"Sol";"Dupla";"Reta";"Sim";2;0;0;0;2;0;0;2;-25,425167;-49,227158;"SPRF-PR";"DEL01-PR";"UOP03-DEL01-PR"
301374;2020-08-14;"sexta-feira";"09:20:00";"SP";116;451,1;"REGISTRO";"Falta de Atenção à Condução";"Colisão traseira";"Com Vítimas Feridas";"Pleno dia";"Crescente";"Céu Claro";"Dupla";"Reta";"Sim";2;0;1;0;1;0;1;2;-24,54542792;-47,86180224;"SPRF-SP";"DEL05-SP";"UOP01-DEL05-SP"
301375;2020-08-14;"sexta-feira";"09:49:00";"PI";343;345;"TERESINA";"Desobediência às normas de trânsito pelo condutor";"Colisão lateral";"Com Vítimas Feridas";"Pleno dia";"Decrescente";"Céu Claro";"Dupla";"Interseção de Vias";"Sim";3;0;2;0;1;0;2;2;-5,102889;-42,766506;"SPRF-PI";"DEL01-PI";"UOP01-DEL01-PI"
301376;2020-08-14;"sexta-feira";"09:00:00";"MT";163;833;"SINOP";"Falta de Atenção à Condução";"Queda de ocupante de veículo";"Com Vítimas Feridas";"Pleno dia";"Crescente";"Céu Claro";"Dupla";"Reta";"Sim";1;0;1;0;0;0;1;1;-12,004832;-55,51713;"SPRF-MT";"DEL06-MT";"UOP01-DEL06-MT"
301377;2020-08-14;"sexta-feira";"08:10:00";"ES";101;368;"ANCHIETA";"Falta de Atenção à Condução";"Saída de leito carroçável";"Com Vítimas Feridas";"Pleno dia";"Crescente";"Sol";"Simples";"Curva";"Não";1;0;1;0;0;0;1;1;-20,753749;-40,75894999;"SPRF-ES";"DEL03-ES";"UOP01-DEL03-ES"