"id";"data_inversa";"dia_semana";"horario";"uf";"br";"km";"municipio";"causa_acidente";"tipo_acidente";"classificacao_acidente";"fase_dia";"sentido_via";"condicao_metereologica";"tipo_pista";"tracado_via";"uso_solo";"pessoas";"mortos";"feridos_leves";"feridos_graves";"ilesos";"ignorados";"feridos";"veiculos";"latitude";"longitude";"regional";"delegacia";"uop"
301378;2020-08-14;"sexta-feira";"09:00:00";"MS";60;127;"PARAISO DAS AGUAS";"Avarias e/ou desgaste excessivo no pneu";"Saída de leito carroçável";"Com Vítimas Feridas";"Pleno dia";"Crescente";"Céu Claro";"Simples";"Reta";"Não";5;0;4;1;0;0;5;1;-19,33727269;-53,46058004;"SPRF-MS";"DEL06-MS";"UOP02-DEL06-MS"
301380;2020-08-14;"sexta-feira";"06:40:00";"MG";40;514;"RIBEIRAO DAS NEVES";"Falta de Atenção à Condução";"Engavetamento";"Com Vítimas Feridas";"Pleno dia";"Crescente";"Céu Claro";"Dupla";"Reta";"Sim";7;0;1;0;6;0;1;4;-19,80151928;-44,10000333;"SPRF-MG";"DEL01-MG";"UOP02-DEL01-MG"
301383;2020-08-14;"sexta-feira";"10:10:00";"PR";369;196;"APUCARANA";"Animais na Pista";"Atropelamento de Animal";"Com Vítimas Feridas";"Pleno dia";"Decrescente";"Céu Claro";"Dupla";"Reta";"Não";1;0;0;1;0;0;1;1;-23,516;-51,428;"SPRF-PR";"DEL07-PR";"UOP03-DEL07-PR"
301385;2020-08-14;"sexta-feira";"09:50:00";"PR";116;106,7;"SAO JOSE DOS PINHAIS";"Falta de Atenção à Condução";"Colisão lateral";"Com Vítimas Feridas";"Pleno dia";"Decrescente";"Céu Claro";"Dupla";"Reta";"Não";2;0;1;0;1;0;1;2;-25,56830653;-49,17799791;"SPRF-PR";"DEL01-PR";"UOP01-DEL01-PR"
301386;2020-08-14;"sexta-feira";"10:30:00";"SC";101;370;"ICARA";"Condutor Dormindo";"Saída de leito carroçável";"Com Vítimas Feridas";"Pleno dia";"Decrescente";"Nublado";"Múltipla";"Reta";"Não";2;0;1;0;1;0;1;1;-28,69956788;-49,19239904;"SPRF-SC";"DEL02-SC";"UOP01-DEL02-SC"
301389;2020-08-14;"sexta-feira";"11:30:00";"PR";373;404;"CANDOI";"Falta de Atenção à Condução";"Colisão frontal";"Com Vítimas Feridas";"Pleno dia";"Crescente";"Céu Claro";"Simples";"Reta";"Não";3;0;1;2;0;0;3;2;-25,6020549;-52,05453773;"SPRF-PR";"DEL08-PR";"UOP01-DEL08-PR"
301391;2020-08-14;"sexta-feira";"11:00:00";"PE";101;89,9;"CABO DE SANTO AGOSTINHO";"Ingestão de Álcool";"Colisão frontal";"Com Vítimas Feridas";"Pleno dia";"Decrescente";"Céu Claro";"Simples";"Reta";"Sim";3;0;2;0;1;0;2;2;-8,22898979;-34,97205734;"SPRF-PE";"DEL01-PE";"UOP03-DEL01-PE"
301393;2020-08-14;"sexta-feira";"09:50:00";"AC";317;151;"CAPIXABA";"Falta de Atenção à Condução";"Capotamento";"Sem Vítimas";"Pleno dia";"Decrescente";"Céu Claro";"Simples";"Curva";"Não";1;0;0;0;0;1;0;1;-10,59713105;-67,71312396;"SPRF-AC";"DEL01-AC";"UOP02-DEL01-AC"
301395;2020-08-14;"sexta-feira";"12:15:00";"SP";116;297;"ITAPECERICA DA SERRA";"Falta de Atenção à Condução";"Tombamento";"Com Vítimas Feridas";"Pleno dia";"Decrescente";"Céu Claro";"Dupla";"Curva";"Sim";1;0;1;0;0;0;1;1;-23,78323219;-46,91437053;"SPRF-SP";"DEL04-SP";"UOP01-DEL04-SP"
301397;2020-08-14;"sexta-feira";"11:45:00";"CE";20;420,5;"MARACANAU";"Desobediência às normas de trânsito pelo condutor";"Colisão transversal";"Sem Vítimas";"Pleno dia";"Crescente";"Céu Claro";"Dupla";"Em Obras;Reta";"Não";2;0;0;0;1;1;0;2;-3,84613566;-38,57620824;"SPRF-CE";"DEL01-CE";"UOP02-DEL01-CE"
301398;2020-08-14;"sexta-feira";"09:00:00";"MG";381;949,1;"EXTREMA";"Defeito Mecânico no Veículo";"Incêndio";"Sem Vítimas";"Pleno dia";"Crescente";"Céu Claro";"Dupla";"Reta";"Sim";1;0;0;0;1;0;0;1;-22,8746044;-46,36638533;"SPRF-MG";"DEL16-MG";"UOP03-DEL16-MG"
301400;2020-08-14;"sexta-feira";"12:30:00";"SC";101;137;"BALNEARIO CAMBORIU";"Desobediência às normas de trânsito pelo condutor";"Colisão transversal";"Com Vítimas Feridas";"Pleno dia";"Crescente";"Nublado";"Simples";"Interseção de Vias";"Sim";2;0;1;0;1;0;1;2;-27,0157238;-48,61192763;"SPRF-SC";"DEL04-SC";"UOP03-DEL04-SC"
301401;2020-08-14;"sexta-feira";"10:10:00";"PB";104;140;"QUEIMADAS";"Desobediência às normas de trânsito pelo condutor";"Colisão transversal";"Com Vítimas Feridas";"Pleno dia";"Crescente";"Sol";"Simples";"Reta";"Sim";2;0;1;0;1;0;1;2;-7,36737;-35,900462;"SPRF-PB";"DEL02-PB";"UOP03-DEL02-PB"
301403;2020-08-14;"sexta-feira";"13:00:00";"SC";101;140,8;"BALNEARIO CAMBORIU";"Falta de Atenção à Condução";"Colisão traseira";"Com Vítimas Feridas";"Pleno dia";"Decrescente";"Nublado";"Dupla";"Reta;Túnel";"Sim";2;0;1;0;1;0;1;2;-27,04192649;-48,6011982;"SPRF-SC";"DEL04-SC";"UOP03-DEL04-SC"
301405;2020-08-02;"domingo";"05:30:00";"PE";424;63;"CAETES";"Defeito Mecânico no Veículo";"Incêndio";"Sem Vítimas";"Amanhecer";"Crescente";"Garoa/Chuvisco";"Simples";"Reta";"Não";1;0;0;0;1;0;0;1;-8,745738;-36,68834;"SPRF-PE";"DEL03-PE";"UOP01-DEL03-PE"
301408;2020-05-10;"domingo";"17:10:00";"MG";116;390;"GOVERNADOR VALADARES";"Animais na Pista";"Atropelamento de Animal";"Com Vítimas Feridas";"Pleno dia";"Crescente";"Céu Claro";"Simples";"Reta";"Sim";1;0;0;1;0;0;1;1;-18,68100823;-41,98901653;"SPRF-MG";"DEL06-MG";"UOP01-DEL06-MG"
301410;2020-08-14;"sexta-feira";"04:30:00";"MT";70;156;"GENERAL CARNEIRO";"Falta de Atenção à Condução";"Saída de leito carroçável";"Com Vítimas Feridas";"Amanhecer";"Decrescente";"Nublado";"Simples";"Reta";"Não";2;0;1;0;1;0;1;1;-15,57110517;-53,42494311;"SPRF-MT";"DEL05-MT";"UOP01-DEL05-MT"
301411;2020-08-14;"sexta-feira";"11:00:00";"MA";10;246;"IMPERATRIZ";"Desobediência às normas de trânsito pelo condutor";"Colisão transversal";"Com Vítimas Feridas";"Pleno dia";"Crescente";"Céu Claro";"Simples";"Reta";"Sim";2;0;1;0;1;0;1;2;-5,573496;-47,444033;"SPRF-MA";"DEL04-MA";"UOP01-DEL04-MA"
301412;2020-08-14;"sexta-feira";"13:00:00";"MG";381;480;"CONTAGEM";"Velocidade Incompatível";"Colisão traseira";"Com Vítimas Feridas";"Pleno dia";"Decrescente";"Céu Claro";"Dupla";"Reta";"Sim";2;0;1;0;1;0;1;2;-19,95749597;-44,07899901;"SPRF-MG";"DEL01-MG";"UOP03-DEL01-MG"
301413;2020-08-14;"sexta-feira";"05:45:00";"SP";116;282,7;"EMBU DAS ARTES";"Falta de Atenção à Condução";"Atropelamento de Pedestre";"Com Vítimas Feridas";"Amanhecer";"Decrescente";"Nublado";"Dupla";"Reta";"Sim";2;0;0;1;0;1;1;2;-23,6652064;-46,85423439;"SPRF-SP";"DEL04-SP";"UOP01-DEL04-SP"
301414;2020-08-14;"sexta-feira";"13:20:00";"SP";116;433,5;"REGISTRO";"Defeito Mecânico no Veículo";"Queda de ocupante de veículo";"Com Vítimas Feridas";"Pleno dia";"Crescente";"Céu Claro";"Dupla";"Reta";"Não";2;0;2;0;0;0;2;1;-24,42030004;-47,77032299;"SPRF-SP";"DEL05-SP";"UOP01-DEL05-SP"
301417;2020-08-14;"sexta-feira";"14:39:00";"PR";158;503;"CORONEL VIVIDA";"Desobediência às normas de trânsito pelo condutor";"Colisão transversal";"Com Vítimas Feridas";"Pleno dia";"Decrescente";"Nublado";"Simples";"Interseção de Vias;Reta";"Sim";2;0;1;0;0;1;1;2;-26,01039398;-52,56915092;"SPRF-PR";"DEL02-PR";"UOP01-DEL02-PR"
301418;2020-07-17;"sexta-feira";"15:30:00";"GO";40;0,3;"VALPARAISO DE GOIAS";"Pista Escorregadia";"Queda de ocupante de veículo";"Com Vítimas Feridas";"Pleno dia";"Decrescente";"Céu Claro";"Dupla";"Reta";"Sim";2;0;1;1;0;0;2;1;-16,058273;-47,982655;"SPRF-DF";"DEL01-DF";"UOP01-DEL01-DF"
301419;2020-08-14;"sexta-feira";"14:40:00";"PB";230;167,5;"CAMPINA GRANDE";"Não guardar distância de segurança";"Colisão traseira";"Com Vítimas Feridas";"Pleno dia";"Crescente";"Céu Claro";"Simples";"Aclive";"Não";2;0;1;0;1;0;1;2;-7,195;-35,9619;"SPRF-PB";"DEL02-PB";"UOP02-DEL02-PB"
301421;2020-08-14;"sexta-feira";"14:40:00";"PE";101;64,6;"RECIFE";"Mal Súbito";"Queda de ocupante de veículo";"Com Vítimas Feridas";"Pleno dia";"Decrescente";"Céu Claro";"Dupla";"Ponte";"Sim";2;0;0;1;1;0;1;2;-8,0162921;-34,94045886;"SPRF-PE";"DEL01-PE";"UOP01-DEL01-PE"
301422;2020-08-14;"sexta-feira";"14:20:00";"MT";163;619;"NOVA MUTUM";"Desobediência às normas de trânsito pelo condutor";"Capotamento";"Com Vítimas Feridas";"Pleno dia";"Decrescente";"Céu Claro";"Simples";"Reta";"Não";1;0;1;0;0;0;1;1;-13,74393307;-56,05121575;"SPRF-MT";"DEL01-MT";"UOP01-DEL01-MT"
301423;2020-08-14;"sexta-feira";"15:15:00";"GO";40;1,5;"VALPARAISO DE GOIAS";"Falta de Atenção do Pedestre";"Atropelamento de Pedestre";"Com Vítimas Feridas";"Pleno dia";"Crescente";"Céu Claro";"Dupla";"Reta";"Sim";2;0;1;0;0;1;1;2;-16,058245;-47,982825;"SPRF-DF";"DEL01-DF";"UOP01-DEL01-DF"
301425;2020-08-14;"sexta-feira";"15:30:00";"PE";101;50,3;"ABREU E LIMA";"Falta de Atenção do Pedestre";"Atropelamento de Pedestre";"Com Vítimas Feridas";"Pleno dia";"Decrescente";"Céu Claro";"Múltipla";"Reta";"Sim";3;0;0;2;1;0;2;2;-7,90938602;-34,90123228;"SPRF-PE";"DEL01-PE";"UOP02-DEL01-PE"
301427;2020-08-14;"sexta-feira";"15:00:00";"RN";226;127;"LAJES PINTADAS";"Agressão Externa";"Saída de leito carroçável";"Com Vítimas Feridas";"Pleno dia";"Decrescente";"Sol";"Simples";"Reta";"Não";2;0;1;0;1;0;1;1;-6,18380705;-36,13204397;"SPRF-RN";"DEL03-RN";"UOP02-DEL03-RN"
301428;2020-08-14;"sexta-feira";"15:00:00";"RJ";116;183,2;"NOVA IGUACU";"Falta de Atenção do Pedestre";"Atropelamento de Pedestre";"Com Vítimas Feridas";"Pleno dia";"Decrescente";"Céu Claro";"Dupla";"Reta";"Sim";3;0;1;1;1;0;2;2;-22,7516014;-43,43849831;"SPRF-RJ";"DEL01-RJ";"UOP02-DEL01-RJ"
301429;2020-08-14;"sexta-feira";"14:20:00";"MT";163;52,4;"ITIQUIRA";"Falta de Atenção à Condução";"Capotamento";"Com Vítimas Feridas";"Pleno dia";"Decrescente";"Céu Claro";"Dupla";"Reta";"Não";2;0;1;0;1;0;1;1;-17,05681499;-54,76071395;"SPRF-MT";"DEL02-MT";"UOP01-DEL02-MT"
301430;2020-08-13;"quinta-feira";"22:00:00";"MT";174;111;"CACERES";"Defeito Mecânico no Veículo";"Incêndio";"Sem Vítimas";"Plena Noite";"Decrescente";"Céu Claro";"Simples";"Reta";"Não";1;0;0;0;1;0;0;1;-15,82359758;-58,02834511;"SPRF-MT";"DEL03-MT";"UOP01-DEL03-MT"
301432;2020-08-14;"sexta-feira";"14:00:00";"AC";364;122;"RIO BRANCO";"Fenômenos da Natureza";"Saída de leito carroçável";"Sem Vítimas";"Pleno dia";"Crescente";"Chuva";"Dupla";"Reta";"Sim";1;0;0;0;1;0;0;1;-10,01188291;-67,773345;"SPRF-AC";"DEL01-AC";"UOP01-DEL01-AC"
301433;2020-08-14;"sexta-feira";"16:15:00";"DF";40;4,3;"BRASILIA";"Falta de Atenção à Condução";"Colisão traseira";"Com Vítimas Feridas";"Pleno dia";"Crescente";"Céu Claro";"Dupla";"Reta";"Sim";3;0;1;0;1;1;1;3;-16,015032;-47,981681;"SPRF-DF";"DEL01-DF";"UOP01-DEL01-DF"
301434;2020-08-14;"sexta-feira";"16:55:00";"SP";116;288;"ITAPECERICA DA SERRA";"Desobediência às normas de trânsito pelo condutor";"Colisão transversal";"Com Vítimas Feridas";"Pleno dia";"Decrescente";"Céu Claro";"Simples";"Reta";"Não";3;0;0;1;2;0;1;2;-23,719254;-46,883144;"SPRF-SP";"DEL04-SP";"UOP01-DEL04-SP"
301438;2020-08-14;"sexta-feira";"17:00:00";"BA";116;815,3;"VITORIA DA CONQUISTA";"Desobediência às normas de trânsito pelo condutor";"Colisão traseira";"Com Vítimas Feridas";"Pleno dia";"Decrescente";"Céu Claro";"Simples";"Reta";"Sim";2;0;1;0;1;0;1;2;-14,77315332;-40,72201784;"SPRF-BA";"DEL08-BA";"UOP01-DEL08-BA"
301439;2020-08-14;"sexta-feira";"15:50:00";"BA";101;732;"ITABELA";"Defeito na Via";"Tombamento";"Com Vítimas Feridas";"Pleno dia";"Decrescente";"Céu Claro";"Simples";"Reta";"Não";1;0;1;0;0;0;1;1;-16,47427943;-39,57893372;"SPRF-BA";"DEL09-BA";"UOP01-DEL09-BA"
301440;2020-08-14;"sexta-feira";"17:30:00";"PR";116;117,2;"CURITIBA";"Falta de Atenção à Condução";"Colisão traseira";"Com Vítimas Feridas";"Anoitecer";"Crescente";"Céu Claro";"Dupla";"Declive";"Sim";2;0;1;0;1;0;1;2;-25,55959768;-49,3074188;"SPRF-PR";"DEL01-PR";"UOP01-DEL01-PR"
301442;2020-08-14;"sexta-feira";"17:30:00";"MG";365;49,6;"CLARO DOS POCOES";"Velocidade Incompatível";"Saída de leito carroçável";"Com Vítimas Feridas";"Pleno dia";"Decrescente";"Céu Claro";"Simples";"Curva";"Não";1;0;1;0;0;0;1;1;-16,93286996;-44,23666404;"SPRF-MG";"DEL12-MG";"UOP01-DEL12-MG"
301443;2020-08-14;"sexta-feira";"16:40:00";"CE";20;417;"MARACANAU";"Desobediência às normas de trânsito pelo condutor";"Colisão transversal";"Com Vítimas Feridas";"Pleno dia";"Decrescente";"Sol";"Dupla";"Interseção de Vias";"Sim";2;0;0;1;1;0;1;2;-3,76999035;-38,67006282;"SPRF-CE";"DEL01-CE";"UOP02-DEL01-CE"
301444;2020-08-14;"sexta-feira";"15:15:00";"MT";70;515;"VARZEA GRANDE";"Desobediência às normas de trânsito pelo condutor";"Colisão transversal";"Com Vítimas Feridas";"Pleno dia";"Crescente";"Sol";"Simples";"Reta";"Sim";2;0;1;0;1;0;1;2;-15,70524596;-56,14527583;"SPRF-MT";"DEL01-MT";"UOP02-DEL01-MT"
301445;2020-08-14;"sexta-feira";"17:30:00";"CE";116;18;"EUSEBIO";"Falta de Atenção do Pedestre";"Atropelamento de Pedestre";"Com Vítimas Feridas";"Anoitecer";"Crescente";"Céu Claro";"Dupla";"Reta";"Sim";3;0;3;0;0;0;3;2;-3,90779215;-38,50564469;"SPRF-CE";"DEL01-CE";"UOP02-DEL01-CE"
301446;2020-08-14;"sexta-feira";"17:50:00";"SP";116;215;"GUARULHOS";"Falta de Atenção à Condução";"Colisão traseira";"Com Vítimas Feridas";"Anoitecer";"Decrescente";"Nublado";"Múltipla";"Declive";"Sim";2;0;0;1;1;0;1;2;-23,45145049;-46,46330059;"SPRF-SP";"DEL01-SP";"UOP01-DEL01-SP"
301448;2020-08-14;"sexta-feira";"13:00:00";"PR";373;399;"CANDOI";"Desobediência às normas de trânsito pelo condutor";"Colisão transversal";"Com Vítimas Feridas";"Pleno dia";"Crescente";"Céu Claro";"Simples";"Reta";"Sim";2;0;2;0;0;0;2;2;-25,56145105;-52,04536396;"SPRF-PR";"DEL08-PR";"UOP01-DEL08-PR"
301450;2020-08-14;"sexta-feira";"17:50:00";"ES";262;102;"VENDA NOVA DO IMIGRANTE";"Objeto estático sobre o leito carroçável";"Colisão com objeto estático";"Com Vítimas Feridas";"Anoitecer";"Crescente";"Nublado";"Simples";"Reta";"Sim";1;0;0;1;0;0;1;1;-20,34280199;-41,11627383;"SPRF-ES";"DEL01-ES";"UOP02-DEL01-ES"
301452;2020-08-14;"sexta-feira";"07:20:00";"CE";116;119;"BEBERIBE";"Defeito na Via";"Tombamento";"Com Vítimas Feridas";"Pleno dia";"Crescente";"Céu Claro";"Simples";"Curva";"Não";3;0;1;0;2;0;1;1;-4,621847;-38,182728;"SPRF-CE";"DEL03-CE";"UOP01-DEL03-CE"
301454;2020-08-14;"sexta-feira";"18:10:00";"SP";116;221;"GUARULHOS";"Falta de Atenção à Condução";"Colisão lateral";"Com Vítimas Feridas";"Plena Noite";"Crescente";"Nublado";"Múltipla";"Reta";"Sim";4;0;0;1;3;0;1;4;-23,46802395;-46,50704901;"SPRF-SP";"DEL01-SP";"UOP01-DEL01-SP"
301455;2020-08-14;"sexta-feira";"16:30:00";"RJ";116;171,8;"SAO JOAO DE MERITI";"Desobediência às normas de trânsito pelo pedestre";"Colisão traseira";"Com Vítimas Fatais";"Pleno dia";"Decrescente";"Céu Claro";"Múltipla";"Reta";"Sim";3;1;0;0;2;0;0;3;-22,8060415;-43,34289573;"SPRF-RJ";"DEL01-RJ";"UOP02-DEL01-RJ"
301457;2020-08-14;"sexta-feira";"18:40:00";"SE";235;55;"ITABAIANA";"Ingestão de Álcool";"Saída de leito carroçável";"Sem Vítimas";"Plena Noite";"Crescente";"Nublado";"Simples";"Reta";"Sim";1;0;0;0;1;0;0;1;-10,667386;-37,446014;"SPRF-SE";"DEL01-SE";"UOP02-DEL01-SE"
301459;2020-08-14;"sexta-feira";"18:30:00";"ES";101;265,5;"SERRA";"Falta de Atenção à Condução";"Colisão transversal";"Com Vítimas Feridas";"Plena Noite";"Decrescente";"Céu Claro";"Dupla";"Reta";"Sim";2;0;0;1;1;0;1;2;-20,1816849;-40,26536036;"SPRF-ES";"DEL02-ES";"UOP01-DEL02-ES"
301460;2020-08-14;"sexta-feira";"16:10:00";"GO";153;105;"SANTA TEREZA DE GOIAS";"Defeito Mecânico no Veículo";"Tombamento";"Com Vítimas Feridas";"Pleno dia";"Crescente";"Céu Claro";"Simples";"Reta";"Não";1;0;1;0;0;0;1;1;-13,693473;-49,022247;"SPRF-GO";"DEL07-GO";"UOP01-DEL07-GO"
301461;2020-08-14;"sexta-feira";"18:20:00";"CE";116;17;"ITAITINGA";"Não guardar distância de segurança";"Colisão traseira";"Com Vítimas Feridas";"Plena Noite";"Crescente";"Céu Claro";"Dupla";"Reta";"Sim";2;0;1;0;1;0;1;2;-3,89617918;-38,50336042;"SPRF-CE";"DEL01-CE";"UOP02-DEL01-CE"
301463;2020-08-14;"sexta-feira";"17:40:00";"SC";101;95;"BALNEARIO PICARRAS";"Defeito Mecânico no Veículo";"Incêndio";"Sem Vítimas";"Plena Noite";"Crescente";"Chuva";"Dupla";"Reta;Viaduto";"Sim";1;0;0;0;0;1;0;1;-26,70876413;-48,70221065;"SPRF-SC";"DEL03-SC";"UOP02-DEL03-SC"
301464;2020-08-14;"sexta-feira";"16:50:00";"GO";0;0;"AGUAS LINDAS DE GOIAS";"Falta de Atenção à Condução";"Colisão lateral";"Com Vítimas Feridas";"Pleno dia";"Não Informado";"Céu Claro";"Simples";"Reta";"Sim";3;0;1;0;1;1;1;3;-15,75615809;-48,28109264;"SPRF-DF";"DEL03-DF";"UOP02-DEL03-DF"
301465;2020-08-14;"sexta-feira";"18:45:00";"PR";376;2;"APUCARANA";"Falta de Atenção à Condução";"Colisão transversal";"Com Vítimas Feridas";"Plena Noite";"Crescente";"Céu Claro";"Dupla";"Curva";"Sim";2;0;1;0;1;0;1;2;-23,5513;-51,461266;"SPRF-PR";"DEL07-PR";"UOP03-DEL07-PR"
301466;2020-08-14;"sexta-feira";"18:00:00";"GO";0;0;"CATALAO";"Pista Escorregadia";"Tombamento";"Com Vítimas Feridas";"Anoitecer";"Não Informado";"Céu Claro";"Simples";"Reta";"Sim";1;0;1;0;0;0;1;1;-18,30107678;-47,94055939;"SPRF-GO";"DEL06-GO";"UOP01-DEL06-GO"
301467;2020-08-14;"sexta-feira";"15:30:00";"PB";230;464,9;"SOUSA";"Desobediência às normas de trânsito pelo condutor";"Tombamento";"Com Vítimas Feridas";"Pleno dia";"Crescente";"Sol";"Simples";"Reta";"Não";1;0;1;0;0;0;1;1;-6,7786;-38,2341;"SPRF-PB";"DEL03-PB";"UOP03-DEL03-PB"
301468;2020-08-14;"sexta-feira";"19:00:00";"SP";116;340,9;"MIRACATU";"Falta de Atenção à Condução";"Colisão lateral";"Com Vítimas Fatais";"Plena Noite";"Decrescente";"Nublado";"Dupla";"Curva";"Sim";2;1;0;0;1;0;0;2;-24,00328505;-47,15633198;"SPRF-SP";"DEL04-SP";"UOP02-DEL04-SP"
301472;2020-08-14;"sexta-feira";"17:15:00";"MS";262;142,8;"AGUA CLARA";"Animais na Pista";"Atropelamento de Animal";"Com Vítimas Fatais";"Anoitecer";"Crescente";"Céu Claro";"Simples";"Reta";"Sim";2;1;0;1;0;0;1;1;-20,4457669;-52,87092517;"SPRF-MS";"DEL07-MS";"UOP02-DEL07-MS"
301476;2020-08-14;"sexta-feira";"15:45:00";"MG";116;413,5;"GOVERNADOR VALADARES";"Desobediência às normas de trânsito pelo condutor";"Tombamento";"Com Vítimas Feridas";"Pleno dia";"Crescente";"Céu Claro";"Simples";"Reta";"Sim";1;0;0;1;0;0;1;1;-18,873907;-41,966366;"SPRF-MG";"DEL06-MG";"UOP01-DEL06-MG"
301477;2020-08-14;"sexta-feira";"19:40:00";"SC";282;1,8;"FLORIANOPOLIS";"Não guardar distância de segurança";"Colisão lateral";"Com Vítimas Feridas";"Plena Noite";"Crescente";"Chuva";"Múltipla";"Reta";"Sim";1;0;0;1;0;0;1;1;-27,602955;-48,580509;"SPRF-SC";"DEL01-SC";"UOP01-DEL01-SC"
301478;2020-08-14;"sexta-feira";"19:00:00";"RS";293;430,1;"QUARAI";"Animais na Pista";"Atropelamento de Animal";"Sem Vítimas";"Plena Noite";"Decrescente";"Nublado";"Simples";"Reta";"Não";2;0;0;0;2;0;0;1;-30,44175403;-56,32556902;"SPRF-RS";"DEL11-RS";"UOP01-DEL11-RS"
301480;2020-08-14;"sexta-feira";"19:00:00";"ES";101;142;"LINHARES";"Desobediência às normas de trânsito pelo condutor";"Colisão traseira";"Com Vítimas Feridas";"Plena Noite";"Decrescente";"Céu Claro";"Simples";"Reta";"Sim";2;0;2;0;0;0;2;2;-19,33458987;-40,06755477;"SPRF-ES";"DEL04-ES";"UOP01-DEL04-ES"
301481;2020-08-14;"sexta-feira";"19:01:00";"SP";116;37,1;"CACHOEIRA PAULISTA";"Ingestão de Álcool";"Queda de ocupante de veículo";"Com Vítimas Feridas";"Plena Noite";"Decrescente";"Céu Claro";"Dupla";"Reta";"Não";1;0;1;0;0;0;1;1;-22,66497021;-44,98430985;"SPRF-SP";"DEL08-SP";"UOP02-DEL08-SP"
301482;2020-08-14;"sexta-feira";"16:10:00";"RJ";116;163;"RIO DE JANEIRO";"Não guardar distância de segurança";"Colisão traseira";"Sem Vítimas";"Pleno dia";"Decrescente";"Céu Claro";"Múltipla";"Reta";"Não";2;0;0;0;2;0;0;2;-22,81704118;-43,3231939;"SPRF-RJ";"DEL01-RJ";"UOP01-DEL01-RJ"
301484;2020-08-14;"sexta-feira";"19:40:00";"RS";386;446;"CANOAS";"Falta de Atenção à Condução";"Colisão lateral";"Com Vítimas Feridas";"Plena Noite";"Crescente";"Chuva";"Dupla";"Aclive;Reta";"Sim";2;0;1;0;1;0;1;2;-29,893251;-51,182266;"SPRF-RS";"DEL01-RS";"UOP01-DEL01-RS"
301485;2020-08-14;"sexta-feira";"19:00:00";"MG";459;103,8;"POUSO ALEGRE";"Falta de Atenção à Condução";"Colisão lateral";"Sem Vítimas";"Plena Noite";"Crescente";"Nublado";"Dupla";"Curva";"Sim";2;0;0;0;2;0;0;2;-22,2333113;-45,89937842;"SPRF-MG";"DEL16-MG";"UOP01-DEL16-MG"
301487;2020-08-14;"sexta-feira";"19:25:00";"SE";101;114;"ITAPORANGA DAJUDA";"Falta de Atenção do Pedestre";"Atropelamento de Pedestre";"Com Vítimas Feridas";"Plena Noite";"Decrescente";"Céu Claro";"Dupla";"Reta";"Sim";2;0;1;0;0;1;1;2;-10,997623;-37,302944;"SPRF-SE";"DEL02-SE";"UOP01-DEL02-SE"
301489;2020-08-14;"sexta-feira";"20:00:00";"RJ";101;279;"TANGUA";"Falta de Atenção à Condução";"Colisão com objeto estático";"Com Vítimas Feridas";"Plena Noite";"Decrescente";"Céu Claro";"Simples";"Retorno Regulamentado";"Não";1;0;1;0;0;0;1;1;-22,7383655;-42,76745405;"SPRF-RJ";"DEL02-RJ";"UOP03-DEL02-RJ"
301491;2020-08-14;"sexta-feira";"20:25:00";"SC";101;147,7;"ITAPEMA";"Falta de Atenção à Condução";"Colisão com objeto estático";"Com Vítimas Feridas";"Plena Noite";"Decrescente";"Chuva";"Dupla";"Curva";"Sim";2;0;1;0;1;0;1;1;-27,09237407;-48,61730888;"SPRF-SC";"DEL04-SC";"UOP03-DEL04-SC"
301492;2020-08-14;"sexta-feira";"19:50:00";"RJ";356;147;"CAMPOS DOS GOYTACAZES";"Falta de Atenção à Condução";"Colisão transversal";"Com Vítimas Feridas";"Plena Noite";"Crescente";"Céu Claro";"Simples";"Reta";"Sim";2;0;1;0;1;0;1;2;-21,78540158;-41,29978331;"SPRF-RJ";"DEL08-RJ";"UOP02-DEL08-RJ"
301495;2020-08-14;"sexta-feira";"19:00:00";"MT";163;766;"SORRISO";"Ingestão de Álcool";"Saída de leito carroçável";"Sem Vítimas";"Plena Noite";"Crescente";"Céu Claro";"Simples";"Reta";"Não";1;0;0;0;1;0;0;1;-12,445351;-55,656637;"SPRF-MT";"DEL06-MT";"UOP01-DEL06-MT"
301499;2020-08-14;"sexta-feira";"20:30:00";"PI";343;557,9;"AMARANTE";"Desobediência às normas de trânsito pelo condutor";"Colisão frontal";"Com Vítimas Fatais";"Plena Noite";"Decrescente";"Céu Claro";"Simples";"Reta";"Não";2;1;1;0;0;0;1;2;-6,640616;-42,869854;"SPRF-PI";"DEL03-PI";"UOP01-DEL03-PI"
301501;2020-03-09;"segunda-feira";"11:00:00";"PI";343;263,8;"CAMPO MAIOR";"Falta de Atenção do Pedestre";"Atropelamento de Pedestre";"Com Vítimas Feridas";"Pleno dia";"Crescente";"Céu Claro";"Simples";"Reta";"Sim";2;0;0;1;1;0;1;2;-4,819326;-42,158821;"SPRF-PI";"DEL01-PI";"UOP03-DEL01-PI"
301502;2020-08-14;"sexta-feira";"21:20:00";"BA";324;365;"CAPIM GROSSO";"Restrição de Visibilidade";"Colisão traseira";"Com Vítimas Fatais";"Plena Noite";"Crescente";"Céu Claro";"Simples";"Reta";"Não";2;1;0;0;0;1;0;2;-11,41148219;-39,92589707;"SPRF-BA";"DEL04-BA";"UOP02-DEL04-BA"