"id";"data_inversa";"dia_semana";"horario";"uf";"br";"km";"municipio";"causa_acidente";"tipo_acidente";"classificacao_acidente";"fase_dia";"sentido_via";"condicao_metereologica";"tipo_pista";"tracado_via";"uso_solo";"pessoas";"mortos";"feridos_leves";"feridos_graves";"ilesos";"ignorados";"feridos";"veiculos";"latitude";"longitude";"regional";"delegacia";"uop"
301503;2020-08-14;"sexta-feira";"18:30:00";"MS";267;481,2;"JARDIM";"Desobediência às normas de trânsito pelo condutor";"Colisão transversal";"Com Vítimas Feridas";"Plena Noite";"Crescente";"Céu Claro";"Simples";"Reta";"Sim";2;0;1;0;1;0;1;2;-21,48154454;-56,14202499;"SPRF-MS";"DEL05-MS";"UOP01-DEL05-MS"
301508;2020-08-14;"sexta-feira";"13:10:00";"MA";316;456;"PERITORO";"Desobediência às normas de trânsito pelo condutor";"Colisão frontal";"Com Vítimas Feridas";"Pleno dia";"Crescente";"Céu Claro";"Simples";"Reta";"Não";4;0;1;1;2;0;2;3;-4,503903;-44,091118;"SPRF-MA";"DEL03-MA";"UOP01-DEL03-MA"
301510;2020-08-14;"sexta-feira";"18:00:00";"AC";364;14;"ACRELANDIA";"Falta de Atenção à Condução";"Colisão frontal";"Com Vítimas Fatais";"Anoitecer";"Decrescente";"Céu Claro";"Simples";"Reta";"Não";2;1;1;0;0;0;1;2;-9,84845089;-66,90090179;"SPRF-AC";"DEL01-AC";"UOP01-DEL01-AC"
301511;2020-08-14;"sexta-feira";"22:00:00";"PI";343;341;"TERESINA";"Falta de Atenção à Condução";"Colisão lateral";"Com Vítimas Feridas";"Plena Noite";"Crescente";"Ignorado";"Múltipla";"Declive";"Sim";2;0;1;0;0;1;1;2;-5,08002447;-42,74999879;"SPRF-PI";"DEL01-PI";"UOP01-DEL01-PI"
301512;2020-08-14;"sexta-feira";"21:00:00";"SP";116;64;"GUARATINGUETA";"Falta de Atenção à Condução";"Colisão com objeto estático";"Com Vítimas Feridas";"Plena Noite";"Crescente";"Céu Claro";"Dupla";"Reta";"Sim";5;0;2;0;3;0;2;1;-22,81942006;-45,18421298;"SPRF-SP";"DEL08-SP";"UOP01-DEL08-SP"
301515;2020-08-14;"sexta-feira";"21:45:00";"RJ";40;115;"DUQUE DE CAXIAS";"Falta de Atenção à Condução";"Colisão traseira";"Sem Vítimas";"Plena Noite";"Decrescente";"Céu Claro";"Múltipla";"Reta";"Não";2;0;0;0;2;0;0;2;-22,72756999;-43,2891609;"SPRF-RJ";"DEL01-RJ";"UOP01-DEL01-RJ"
301516;2020-08-14;"sexta-feira";"21:25:00";"MT";174;250;"PONTES E LACERDA";"Animais na Pista";"Atropelamento de Animal";"Com Vítimas Feridas";"Plena Noite";"Crescente";"Céu Claro";"Simples";"Aclive";"Não";1;0;1;0;0;0;1;1;-15,48569018;-59,06631404;"SPRF-MT";"DEL04-MT";"UOP01-DEL04-MT"
301517;2020-08-14;"sexta-feira";"19:00:00";"PE";423;125,5;"PARANATAMA";"Falta de Atenção do Pedestre";"Atropelamento de Pedestre";"Com Vítimas Fatais";"Plena Noite";"Decrescente";"Céu Claro";"Múltipla";"Declive";"Não";5;1;0;0;4;0;0;2;-8,943312;-36,721176;"SPRF-PE";"DEL03-PE";"UOP01-DEL03-PE"
301518;2020-08-14;"sexta-feira";"21:50:00";"MS";163;472;"CAMPO GRANDE";"Falta de Atenção à Condução";"Capotamento";"Com Vítimas Feridas";"Plena Noite";"Crescente";"Céu Claro";"Simples";"Reta";"Não";1;0;1;0;0;0;1;1;-20,54299197;-54,56075492;"SPRF-MS";"DEL01-MS";"UOP01-DEL01-MS"
301520;2020-08-14;"sexta-feira";"22:20:00";"SC";101;14,8;"GARUVA";"Falta de Atenção à Condução";"Colisão traseira";"Com Vítimas Feridas";"Plena Noite";"Decrescente";"Nublado";"Dupla";"Reta";"Não";4;0;1;0;3;0;1;2;-26,09803515;-48,86773972;"SPRF-SC";"DEL03-SC";"UOP01-DEL03-SC"
301521;2020-08-14;"sexta-feira";"21:20:00";"RJ";116;50;"TERESOPOLIS";"Falta de Atenção à Condução";"Colisão com objeto estático";"Com Vítimas Feridas";"Plena Noite";"Decrescente";"Nublado";"Simples";"Reta";"Não";1;0;1;0;0;0;1;1;-22,18390132;-42,85411376;"SPRF-RJ";"DEL04-RJ";"UOP01-DEL04-RJ"
301526;2020-08-14;"sexta-feira";"22:00:00";"RJ";101;246;"SILVA JARDIM";"Falta de Atenção à Condução";"Colisão com objeto estático";"Com Vítimas Feridas";"Plena Noite";"Crescente";"Céu Claro";"Dupla";"Reta";"Não";1;0;0;1;0;0;1;1;-22,65131199;-42,48889201;"SPRF-RJ";"DEL02-RJ";"UOP03-DEL02-RJ"
301528;2020-08-14;"sexta-feira";"22:05:00";"PR";116;102,9;"SAO JOSE DOS PINHAIS";"Ingestão de Álcool";"Saída de leito carroçável";"Sem Vítimas";"Plena Noite";"Crescente";"Nublado";"Dupla";"Reta";"Sim";1;0;0;0;1;0;0;1;-25,550639;-49,15025;"SPRF-PR";"DEL01-PR";"UOP01-DEL01-PR"
301531;2020-08-15;"sábado";"00:05:00";"ES";101;75,5;"SAO MATEUS";"Falta de Atenção à Condução";"Capotamento";"Com Vítimas Feridas";"Plena Noite";"Crescente";"Céu Claro";"Simples";"Reta";"Não";2;0;2;0;0;0;2;1;-18,78487912;-39,87911084;"SPRF-ES";"DEL04-ES";"UOP02-DEL04-ES"
301533;2020-08-14;"sexta-feira";"23:05:00";"PE";423;102,7;"GARANHUNS";"Falta de Atenção à Condução";"Colisão com objeto estático";"Sem Vítimas";"Plena Noite";"Decrescente";"Nevoeiro/Neblina";"Simples";"Aclive";"Não";1;0;0;0;0;1;0;1;-8,87197126;-36,53800093;"SPRF-PE";"DEL03-PE";"UOP01-DEL03-PE"
301535;2020-08-15;"sábado";"00:05:00";"SC";282;22,2;"PALHOCA";"Ingestão de Álcool";"Colisão frontal";"Com Vítimas Feridas";"Plena Noite";"Crescente";"Chuva";"Simples";"Reta";"Sim";3;0;2;0;1;0;2;2;-27,688507;-48,72739;"SPRF-SC";"DEL01-SC";"UOP02-DEL01-SC"
301537;2020-08-15;"sábado";"00:20:00";"SC";282;386;"JOACABA";"Ingestão de Álcool";"Saída de leito carroçável";"Sem Vítimas";"Plena Noite";"Crescente";"Chuva";"Simples";"Curva;Aclive";"Não";1;0;0;0;0;1;0;1;-27,185896;-51,518845;"SPRF-SC";"DEL07-SC";"UOP05-DEL07-SC"
301541;2020-08-15;"sábado";"01:35:00";"PR";277;721,1;"FOZ DO IGUACU";"Ingestão de Álcool";"Saída de leito carroçável";"Sem Vítimas";"Plena Noite";"Crescente";"Chuva";"Dupla";"Reta";"Sim";2;0;0;0;2;0;0;1;-25,4911505;-54,51185421;"SPRF-PR";"DEL05-PR";"UOP03-DEL05-PR"
301542;2020-08-15;"sábado";"00:40:00";"RO";319;62,8;"PORTO VELHO";"Desobediência às normas de trânsito pelo condutor";"Colisão transversal";"Com Vítimas Feridas";"Plena Noite";"Decrescente";"Céu Claro";"Dupla";"Interseção de Vias";"Sim";3;0;0;1;2;0;1;3;-8,75566422;-63,88652802;"SPRF-RO";"DEL01-RO";"UOP01-DEL01-RO"
301544;2020-08-15;"sábado";"01:35:00";"RJ";101;319;"SAO GONCALO";"Ingestão de Álcool";"Colisão traseira";"Com Vítimas Feridas";"Plena Noite";"Crescente";"Céu Claro";"Dupla";"Reta";"Sim";2;0;1;0;1;0;1;2;-22,85411774;-43,1018014;"SPRF-RJ";"DEL02-RJ";"UOP02-DEL02-RJ"
301546;2020-08-15;"sábado";"03:40:00";"MG";40;628,6;"CONSELHEIRO LAFAIETE";"Desobediência às normas de trânsito pelo condutor";"Colisão frontal";"Com Vítimas Feridas";"Plena Noite";"Decrescente";"Céu Claro";"Simples";"Reta";"Sim";3;0;2;1;0;0;3;2;-20,64410984;-43,81128176;"SPRF-MG";"DEL05-MG";"UOP02-DEL05-MG"
301548;2020-08-15;"sábado";"01:30:00";"PR";272;529;"FRANCISCO ALVES";"Falta de Atenção à Condução";"Saída de leito carroçável";"Sem Vítimas";"Plena Noite";"Decrescente";"Nublado";"Simples";"Aclive;Reta";"Não";1;0;0;0;0;1;0;1;-24,06367792;-53,86073099;"SPRF-PR";"DEL06-PR";"UOP01-DEL06-PR"
301549;2020-08-15;"sábado";"04:47:00";"TO";153;140;"ARAGUAINA";"Condutor Dormindo";"Queda de ocupante de veículo";"Com Vítimas Feridas";"Amanhecer";"Decrescente";"Céu Claro";"Múltipla";"Rotatória";"Sim";1;0;1;0;0;0;1;1;-7,169616;-48,21328;"SPRF-TO";"DEL02-TO";"UOP01-DEL02-TO"
301550;2020-08-14;"sexta-feira";"22:00:00";"RS";285;365;"SALDANHA MARINHO";"Pista Escorregadia";"Saída de leito carroçável";"Com Vítimas Feridas";"Plena Noite";"Crescente";"Chuva";"Simples";"Reta";"Não";1;0;1;0;0;0;1;1;-28,387148;-53,020016;"SPRF-RS";"DEL08-RS";"UOP03-DEL08-RS"
301551;2020-08-15;"sábado";"02:45:00";"PR";369;235,7;"JANDAIA DO SUL";"Condutor Dormindo";"Saída de leito carroçável";"Com Vítimas Feridas";"Plena Noite";"Crescente";"Nublado";"Simples";"Curva";"Não";1;0;1;0;0;0;1;1;-23,64290346;-51,6814363;"SPRF-PR";"DEL09-PR";"UOP01-DEL09-PR"
301554;2020-08-14;"sexta-feira";"16:00:00";"BA";101;517,7;"SAO JOSE DA VITORIA";"Velocidade Incompatível";"Colisão com objeto estático";"Sem Vítimas";"Pleno dia";"Crescente";"Céu Claro";"Simples";"Reta";"Não";2;0;0;0;1;1;0;2;-15,04082291;-39,33198118;"SPRF-BA";"DEL05-BA";"UOP01-DEL05-BA"
301556;2020-08-15;"sábado";"05:30:00";"GO";60;64,4;"ABADIANIA";"Falta de Atenção à Condução";"Saída de leito carroçável";"Com Vítimas Feridas";"Amanhecer";"Decrescente";"Céu Claro";"Dupla";"Reta";"Não";1;0;1;0;0;0;1;1;-16,1993;-48,7348;"SPRF-GO";"DEL02-GO";"UOP01-DEL02-GO"
301558;2020-08-14;"sexta-feira";"18:30:00";"PB";361;79,9;"PIANCO";"Pista Escorregadia";"Saída de leito carroçável";"Sem Vítimas";"Plena Noite";"Crescente";"Céu Claro";"Simples";"Curva";"Não";3;0;0;0;3;0;0;1;-7,18577023;-37,88614293;"SPRF-PB";"DEL03-PB";"UOP01-DEL03-PB"
301559;2020-08-14;"sexta-feira";"19:30:00";"SC";282;461,5;"PONTE SERRADA";"Falta de Atenção à Condução";"Colisão transversal";"Com Vítimas Feridas";"Plena Noite";"Decrescente";"Nublado";"Simples";"Reta";"Sim";2;0;1;0;1;0;1;2;-26,856403;-52,041328;"SPRF-SC";"DEL07-SC";"UOP04-DEL07-SC"
301560;2020-08-15;"sábado";"06:00:00";"SP";116;103;"PINDAMONHANGABA";"Defeito Mecânico no Veículo";"Tombamento";"Com Vítimas Feridas";"Amanhecer";"Crescente";"Céu Claro";"Dupla";"Reta";"Sim";2;0;2;0;0;0;2;1;-22,99919465;-45,49788917;"SPRF-SP";"DEL06-SP";"UOP01-DEL06-SP"
301561;2020-08-15;"sábado";"05:30:00";"MS";262;143,8;"AGUA CLARA";"Ingestão de Álcool";"Colisão com objeto estático";"Com Vítimas Feridas";"Amanhecer";"Decrescente";"Céu Claro";"Dupla";"Reta";"Sim";1;0;1;0;0;0;1;1;-20,4458827;-52,87180703;"SPRF-MS";"DEL07-MS";"UOP02-DEL07-MS"
301562;2020-08-15;"sábado";"05:50:00";"MT";364;177;"PEDRA PRETA";"Velocidade Incompatível";"Saída de leito carroçável";"Com Vítimas Feridas";"Amanhecer";"Crescente";"Céu Claro";"Dupla";"Rotatória";"Sim";3;0;3;0;0;0;3;1;-16,61061023;-54,46653017;"SPRF-MT";"DEL02-MT";"UOP01-DEL02-MT"
301563;2020-08-15;"sábado";"00:20:00";"RS";285;566,8;"SAO LUIZ GONZAGA";"Ingestão de Álcool";"Capotamento";"Sem Vítimas";"Plena Noite";"Crescente";"Céu Claro";"Simples";"Interseção de Vias";"Sim";1;0;0;0;1;0;0;1;-28,41827745;-54,96382713;"SPRF-RS";"DEL12-RS";"UOP01-DEL12-RS"
301564;2020-08-14;"sexta-feira";"18:40:00";"PB";361;79,9;"PIANCO";"Pista Escorregadia";"Capotamento";"Com Vítimas Feridas";"Plena Noite";"Crescente";"Céu Claro";"Simples";"Curva";"Não";3;0;2;0;1;0;2;1;-7,18577023;-37,88614293;"SPRF-PB";"DEL03-PB";"UOP01-DEL03-PB"
301565;2020-08-14;"sexta-feira";"22:15:00";"RS";386;405;"TRIUNFO";"Velocidade Incompatível";"Saída de leito carroçável";"Com Vítimas Feridas";"Plena Noite";"Crescente";"Chuva";"Simples";"Reta";"Não";3;0;2;0;1;0;2;1;-29,77884823;-51,55760488;"SPRF-RS";"DEL04-RS";"UOP02-DEL04-RS"
301566;2020-08-15;"sábado";"07:00:00";"ES";101;269,5;"SERRA";"Desobediência às normas de trânsito pelo condutor";"Colisão transversal";"Com Vítimas Feridas";"Pleno dia";"Decrescente";"Céu Claro";"Dupla";"Interseção de Vias";"Sim";2;0;1;0;1;0;1;2;-20,21740496;-40,26990578;"SPRF-ES";"DEL02-ES";"UOP01-DEL02-ES"
301568;2020-08-15;"sábado";"03:30:00";"SP";116;173;"JACAREI";"Defeito Mecânico no Veículo";"Incêndio";"Com Vítimas Feridas";"Plena Noite";"Decrescente";"Céu Claro";"Dupla";"Reta";"Não";1;0;1;0;0;0;1;1;-23,31710055;-46,08178719;"SPRF-SP";"DEL02-SP";"UOP01-DEL02-SP"
301569;2020-08-15;"sábado";"07:30:00";"MG";40;176;"JOAO PINHEIRO";"Mal Súbito";"Colisão com objeto estático";"Com Vítimas Feridas";"Pleno dia";"Crescente";"Céu Claro";"Simples";"Reta";"Não";2;0;1;0;1;0;1;1;-17,96024022;-46,01446609;"SPRF-MG";"DEL14-MG";"UOP02-DEL14-MG"
301570;2020-08-15;"sábado";"04:30:00";"SC";282;584,5;"PINHALZINHO";"Ingestão de Álcool";"Saída de leito carroçável";"Com Vítimas Feridas";"Plena Noite";"Decrescente";"Nublado";"Simples";"Curva";"Não";4;0;2;2;0;0;4;1;-26,831865;-53,016579;"SPRF-SC";"DEL07-SC";"UOP02-DEL07-SC"
301571;2020-08-15;"sábado";"07:20:00";"DF";70;19;"BRASILIA";"Falta de Atenção à Condução";"Engavetamento";"Com Vítimas Feridas";"Pleno dia";"Decrescente";"Céu Claro";"Dupla";"Aclive";"Não";3;0;2;0;1;0;2;3;-15,788868;-48,220242;"SPRF-DF";"DEL03-DF";"UOP02-DEL03-DF"
301572;2020-08-15;"sábado";"06:30:00";"BA";324;609;"SIMOES FILHO";"Ingestão de Álcool";"Colisão com objeto estático";"Sem Vítimas";"Pleno dia";"Decrescente";"Chuva";"Dupla";"Reta";"Não";1;0;0;0;1;0;0;1;-12,82066;-38,40798;"SPRF-BA";"DEL01-BA";"UOP01-DEL01-BA"
301574;2020-08-15;"sábado";"06:30:00";"PR";373;186;"PONTA GROSSA";"Falta de Atenção à Condução";"Saída de leito carroçável";"Sem Vítimas";"Amanhecer";"Decrescente";"Nublado";"Simples";"Declive;Reta";"Não";1;0;0;0;1;0;0;1;-25,05402572;-50,30344605;"SPRF-PR";"DEL03-PR";"UOP04-DEL03-PR"
301575;2020-08-15;"sábado";"07:55:00";"GO";153;507;"APARECIDA DE GOIANIA";"Avarias e/ou desgaste excessivo no pneu";"Tombamento";"Com Vítimas Feridas";"Pleno dia";"Decrescente";"Céu Claro";"Simples";"Reta";"Sim";2;0;2;0;0;0;2;1;-16,7715;-49,2387;"SPRF-GO";"DEL01-GO";"UOP03-DEL01-GO"
301577;2020-08-15;"sábado";"08:15:00";"SC";101;205;"SAO JOSE";"Falta de Atenção à Condução";"Colisão traseira";"Com Vítimas Feridas";"Pleno dia";"Decrescente";"Nublado";"Dupla";"Reta";"Sim";2;0;0;1;1;0;1;2;-27,58313237;-48,61532885;"SPRF-SC";"DEL01-SC";"UOP01-DEL01-SC"
301579;2020-08-15;"sábado";"07:40:00";"MG";365;613,8;"UBERLANDIA";"Desobediência às normas de trânsito pelo condutor";"Colisão frontal";"Com Vítimas Feridas";"Pleno dia";"Decrescente";"Céu Claro";"Simples";"Reta";"Sim";2;0;0;1;1;0;1;2;-18,884602;-48,26594;"SPRF-MG";"DEL15-MG";"UOP01-DEL15-MG"
301582;2020-08-15;"sábado";"07:47:00";"RJ";101;308;"SAO GONCALO";"Desobediência às normas de trânsito pelo condutor";"Colisão traseira";"Sem Vítimas";"Pleno dia";"Decrescente";"Céu Claro";"Dupla";"Reta";"Sim";3;0;0;0;3;0;0;2;-22,79309326;-43,02479595;"SPRF-RJ";"DEL02-RJ";"UOP02-DEL02-RJ"
301584;2020-08-15;"sábado";"06:35:00";"RJ";356;65;"ITAPERUNA";"Desobediência às normas de trânsito pelo condutor";"Colisão transversal";"Com Vítimas Feridas";"Pleno dia";"Decrescente";"Céu Claro";"Simples";"Interseção de Vias";"Não";2;0;1;0;1;0;1;2;-21,35567287;-41,70906365;"SPRF-RJ";"DEL08-RJ";"UOP03-DEL08-RJ"
301588;2020-08-15;"sábado";"07:40:00";"RO";319;63;"PORTO VELHO";"Desobediência às normas de trânsito pelo condutor";"Colisão transversal";"Com Vítimas Feridas";"Pleno dia";"Crescente";"Céu Claro";"Dupla";"Interseção de Vias";"Sim";2;0;1;0;1;0;1;2;-8,75670339;-63,88659239;"SPRF-RO";"DEL01-RO";"UOP01-DEL01-RO"
301589;2020-08-15;"sábado";"09:30:00";"BA";324;455;"RIACHAO DO JACUIPE";"Defeito na Via";"Saída de leito carroçável";"Com Vítimas Feridas";"Pleno dia";"Crescente";"Céu Claro";"Simples";"Reta";"Não";1;0;1;0;0;0;1;1;-11,90409096;-39,26840597;"SPRF-BA";"DEL02-BA";"UOP01-DEL02-BA"
301591;2020-08-15;"sábado";"06:55:00";"AL";316;202;"MARIBONDO";"Falta de Atenção à Condução";"Colisão transversal";"Com Vítimas Feridas";"Pleno dia";"Decrescente";"Nublado";"Simples";"Reta";"Sim";2;0;0;1;1;0;1;2;-9,58217756;-36,3088256;"SPRF-AL";"DEL03-AL";"UOP01-DEL03-AL"
301592;2020-08-15;"sábado";"09:20:00";"RJ";40;24;"TRES RIOS";"Velocidade Incompatível";"Colisão com objeto estático";"Com Vítimas Feridas";"Pleno dia";"Crescente";"Céu Claro";"Dupla";"Curva";"Não";1;0;0;1;0;0;1;1;-22,13812601;-43,1592825;"SPRF-RJ";"DEL05-RJ";"UOP02-DEL05-RJ"
301595;2020-08-15;"sábado";"09:40:00";"MG";381;624,2;"OLIVEIRA";"Falta de Atenção à Condução";"Capotamento";"Com Vítimas Feridas";"Pleno dia";"Decrescente";"Sol";"Dupla";"Declive;Reta";"Não";2;0;1;0;1;0;1;1;-20,817322;-44,795982;"SPRF-MG";"DEL04-MG";"UOP01-DEL04-MG"
301597;2020-08-15;"sábado";"10:00:00";"ES";101;380,5;"ICONHA";"Ultrapassagem Indevida";"Saída de leito carroçável";"Com Vítimas Feridas";"Pleno dia";"Crescente";"Céu Claro";"Simples";"Curva";"Não";2;0;2;0;0;0;2;1;-20,80767317;-40,83488482;"SPRF-ES";"DEL03-ES";"UOP01-DEL03-ES"
301598;2020-08-15;"sábado";"08:50:00";"GO";70;1;"AGUAS LINDAS DE GOIAS";"Desobediência às normas de trânsito pelo condutor";"Colisão lateral";"Com Vítimas Feridas";"Pleno dia";"Decrescente";"Céu Claro";"Dupla";"Declive";"Não";3;0;0;1;2;0;1;3;-15,77579351;-48,23259001;"SPRF-DF";"DEL03-DF";"UOP02-DEL03-DF"
301599;2020-08-15;"sábado";"09:20:00";"MG";381;489;"BETIM";"Ingestão de Álcool";"Colisão com objeto estático";"Sem Vítimas";"Pleno dia";"Decrescente";"Céu Claro";"Dupla";"Aclive;Reta";"Sim";2;0;0;0;2;0;0;2;-19,9598656;-44,15489715;"SPRF-MG";"DEL01-MG";"UOP03-DEL01-MG"
301600;2020-08-15;"sábado";"10:20:00";"ES";101;422;"ATILIO VIVACQUA";"Mal Súbito";"Queda de ocupante de veículo";"Com Vítimas Feridas";"Pleno dia";"Crescente";"Céu Claro";"Simples";"Interseção de Vias";"Não";1;0;1;0;0;0;1;1;-20,98070633;-41,11625915;"SPRF-ES";"DEL03-ES";"UOP02-DEL03-ES"
301601;2020-08-15;"sábado";"10:10:00";"MG";381;360;"SAO GONCALO DO RIO ABAIXO";"Falta de Atenção à Condução";"Colisão transversal";"Com Vítimas Feridas";"Pleno dia";"Decrescente";"Céu Claro";"Simples";"Curva";"Sim";3;0;2;0;1;0;2;2;-19,85985912;-43,22566968;"SPRF-MG";"DEL03-MG";"UOP01-DEL03-MG"
301602;2020-08-15;"sábado";"07:30:00";"MG";381;378;"SAO GONCALO DO RIO ABAIXO";"Mal Súbito";"Saída de leito carroçável";"Com Vítimas Fatais";"Pleno dia";"Decrescente";"Sol";"Simples";"Aclive;Curva";"Não";2;1;0;1;0;0;1;1;-19,83376284;-43,36060015;"SPRF-MG";"DEL01-MG";"UOP01-DEL01-MG"
301603;2020-08-15;"sábado";"09:00:00";"SC";470;122,9;"IBIRAMA";"Velocidade Incompatível";"Saída de leito carroçável";"Com Vítimas Feridas";"Pleno dia";"Crescente";"Nublado";"Simples";"Curva";"Sim";1;0;1;0;0;0;1;1;-27,10650575;-49,52259064;"SPRF-SC";"DEL04-SC";"UOP02-DEL04-SC"
301604;2020-08-15;"sábado";"10:00:00";"MG";153;239,8;"FRONTEIRA";"Falta de Atenção à Condução";"Saída de leito carroçável";"Com Vítimas Feridas";"Pleno dia";"Crescente";"Céu Claro";"Simples";"Reta";"Sim";1;0;1;0;0;0;1;1;-20,08850069;-49,08279419;"SPRF-MG";"DEL13-MG";"UOP02-DEL13-MG"
301606;2020-08-15;"sábado";"10:35:00";"PR";116;92;"SAO JOSE DOS PINHAIS";"Pista Escorregadia";"Tombamento";"Com Vítimas Feridas";"Pleno dia";"Decrescente";"Chuva";"Dupla";"Reta";"Não";1;0;1;0;0;0;1;1;-25,47691403;-49,09767498;"SPRF-PR";"DEL01-PR";"UOP01-DEL01-PR"
301607;2020-08-15;"sábado";"09:10:00";"TO";242;449;"FORMOSO DO ARAGUAIA";"Falta de Atenção à Condução";"Queda de ocupante de veículo";"Com Vítimas Feridas";"Pleno dia";"Decrescente";"Céu Claro";"Dupla";"Curva";"Não";1;0;0;1;0;0;1;1;-11,81921686;-49,49890137;"SPRF-TO";"DEL01-TO";"UOP02-DEL01-TO"
301608;2020-08-15;"sábado";"05:00:00";"RS";153;39,3;"ERECHIM";"Velocidade Incompatível";"Saída de leito carroçável";"Com Vítimas Feridas";"Plena Noite";"Crescente";"Ignorado";"Simples";"Reta";"Não";1;0;1;0;0;0;1;1;-27,58082872;-52,22808233;"SPRF-RS";"DEL08-RS";"UOP04-DEL08-RS"
301610;2020-08-15;"sábado";"11:20:00";"BA";101;86;"ALAGOINHAS";"Falta de Atenção à Condução";"Capotamento";"Com Vítimas Feridas";"Pleno dia";"Crescente";"Céu Claro";"Simples";"Reta";"Não";1;0;0;1;0;0;1;1;-12,05781429;-38,31213949;"SPRF-BA";"DEL01-BA";"UOP04-DEL01-BA"
301611;2020-08-15;"sábado";"11:20:00";"PR";476;130;"CURITIBA";"Falta de Atenção à Condução";"Colisão traseira";"Com Vítimas Feridas";"Pleno dia";"Decrescente";"Chuva";"Dupla";"Reta";"Sim";3;0;1;0;2;0;1;2;-25,449564;-49,236427;"SPRF-PR";"DEL01-PR";"UOP03-DEL01-PR"
301612;2020-08-15;"sábado";"11:00:00";"PA";316;33;"SANTA IZABEL DO PARA";"Ingestão de Álcool";"Tombamento";"Com Vítimas Feridas";"Pleno dia";"Crescente";"Céu Claro";"Dupla";"Reta";"Sim";2;0;1;0;0;1;1;2;-1,29877612;-48,18005497;"SPRF-PA";"DEL01-PA";"UOP01-DEL01-PA"
301613;2020-08-15;"sábado";"11:40:00";"MG";40;572,8;"ITABIRITO";"Desobediência às normas de trânsito pelo condutor";"Colisão traseira";"Com Vítimas Feridas";"Pleno dia";"Crescente";"Sol";"Simples";"Reta;Aclive";"Não";4;0;3;0;1;0;3;2;-20,23058501;-43,96905104;"SPRF-MG";"DEL01-MG";"UOP02-DEL01-MG"
301614;2020-08-15;"sábado";"11:45:00";"MA";222;673,2;"ACAILANDIA";"Ultrapassagem Indevida";"Colisão transversal";"Com Vítimas Feridas";"Pleno dia";"Crescente";"Céu Claro";"Simples";"Reta";"Sim";2;0;1;0;1;0;1;2;-4,92960481;-47,44590111;"SPRF-MA";"DEL04-MA";"UOP03-DEL04-MA"
301615;2020-08-15;"sábado";"11:50:00";"MG";381;733,9;"CARMO DA CACHOEIRA";"Falta de Atenção à Condução";"Saída de leito carroçável";"Com Vítimas Feridas";"Pleno dia";"Crescente";"Céu Claro";"Dupla";"Reta";"Não";4;0;2;2;0;0;4;1;-21,53239068;-45,23222646;"SPRF-MG";"DEL16-MG";"UOP02-DEL16-MG"
301616;2020-08-15;"sábado";"04:05:00";"SC";101;462,2;"PASSO DE TORRES";"Falta de Atenção à Condução";"Saída de leito carroçável";"Com Vítimas Feridas";"Plena Noite";"Decrescente";"Ignorado";"Dupla";"Reta";"Não";1;0;1;0;0;0;1;1;-29,27577495;-49,75499332;"SPRF-RS";"DEL03-RS";"UOP02-DEL03-RS"
301617;2020-08-15;"sábado";"02:00:00";"PI";230;256;"OEIRAS";"Falta de Atenção à Condução";"Saída de leito carroçável";"Com Vítimas Fatais";"Plena Noite";"Decrescente";"Céu Claro";"Simples";"Reta";"Não";2;1;0;1;0;0;1;1;-6,99494055;-42,5978129;"SPRF-PI";"DEL03-PI";"UOP01-DEL03-PI"
301619;2020-08-15;"sábado";"12:05:00";"PR";376;2;"SAO JOSE DOS PINHAIS";"Velocidade Incompatível";"Colisão frontal";"Com Vítimas Feridas";"Pleno dia";"Decrescente";"Chuva";"Dupla";"Reta";"Sim";3;0;0;1;2;0;1;3;-25,5307;-49,1958;"SPRF-PR";"DEL01-PR";"UOP01-DEL01-PR"
301620;2020-08-15;"sábado";"12:40:00";"AL";316;86;"SANTANA DO IPANEMA";"Falta de Atenção à Condução";"Colisão frontal";"Com Vítimas Feridas";"Pleno dia";"Crescente";"Céu Claro";"Simples";"Declive";"Sim";2;0;1;0;1;0;1;2;-9,37239632;-37,23757714;"SPRF-AL";"DEL03-AL";"UOP02-DEL03-AL"
301621;2020-08-15;"sábado";"12:15:00";"RN";101;84,3;"NATAL";"Ingestão de Álcool";"Colisão lateral";"Com Vítimas Feridas";"Pleno dia";"Decrescente";"Céu Claro";"Dupla";"Reta";"Sim";1;0;1;0;0;0;1;1;-5,774175;-35,2578;"SPRF-RN";"DEL02-RN";"UOP01-DEL02-RN"
301623;2020-08-15;"sábado";"12:35:00";"SC";101;206,2;"SAO JOSE";"Falta de Atenção à Condução";"Colisão lateral";"Com Vítimas Feridas";"Pleno dia";"Crescente";"Nublado";"Dupla";"Reta";"Sim";2;0;1;0;1;0;1;2;-27,59193546;-48,61824557;"SPRF-SC";"DEL01-SC";"UOP01-DEL01-SC"
301624;2020-08-15;"sábado";"12:30:00";"GO";70;2;"AGUAS LINDAS DE GOIAS";"Desobediência às normas de trânsito pelo condutor";"Colisão com objeto estático";"Com Vítimas Feridas";"Pleno dia";"Decrescente";"Céu Claro";"Dupla";"Declive";"Sim";2;0;0;1;1;0;1;2;-15,767021;-48,229945;"SPRF-DF";"DEL03-DF";"UOP02-DEL03-DF"
301625;2020-08-15;"sábado";"10:30:00";"ES";393;0,7;"CACHOEIRO DE ITAPEMIRIM";"Falta de Atenção à Condução";"Colisão traseira";"Com Vítimas Feridas";"Pleno dia";"Decrescente";"Céu Claro";"Simples";"Reta";"Sim";3;0;2;0;0;1;2;2;-20,841324;-41,15929;"SPRF-ES";"DEL03-ES";"UOP02-DEL03-ES"