"id";"data_inversa";"dia_semana";"horario";"uf";"br";"km";"municipio";"causa_acidente";"tipo_acidente";"classificacao_acidente";"fase_dia";"sentido_via";"condicao_metereologica";"tipo_pista";"tracado_via";"uso_solo";"pessoas";"mortos";"feridos_leves";"feridos_graves";"ilesos";"ignorados";"feridos";"veiculos";"latitude";"longitude";"regional";"delegacia";"uop"
301739;2020-08-15;"sábado";"21:45:00";"MG";262;443,3;"NOVA SERRANA";"Ingestão de Álcool";"Colisão com objeto estático";"Com Vítimas Feridas";"Plena Noite";"Crescente";"Céu Claro";"Simples";"Declive;Curva";"Sim";1;0;1;0;0;0;1;1;-19,88065393;-44,92197102;"SPRF-MG";"DEL08-MG";"UOP03-DEL08-MG"
301740;2020-08-15;"sábado";"23:20:00";"RN";304;47,6;"MOSSORO";"Ingestão de Álcool";"Colisão frontal";"Sem Vítimas";"Plena Noite";"Decrescente";"Céu Claro";"Dupla";"Viaduto";"Sim";2;0;0;0;2;0;0;2;-5,22600738;-37,32454777;"SPRF-RN";"DEL04-RN";"UOP01-DEL04-RN"
301744;2020-08-15;"sábado";"22:30:00";"RJ";116;108;"GUAPIMIRIM";"Desobediência às normas de trânsito pelo condutor";"Colisão transversal";"Com Vítimas Feridas";"Plena Noite";"Decrescente";"Nublado";"Dupla";"Reta";"Sim";2;0;1;0;1;0;1;2;-22,535843;-42,99125;"SPRF-RJ";"DEL04-RJ";"UOP02-DEL04-RJ"
301746;2020-08-15;"sábado";"18:55:00";"MA";10;299,2;"SAO FRANCISCO DO BREJAO";"Falta de Atenção do Pedestre";"Atropelamento de Pedestre";"Com Vítimas Fatais";"Plena Noite";"Crescente";"Céu Claro";"Simples";"Reta";"Sim";3;1;2;0;0;0;2;2;-5,117971;-47,548754;"SPRF-MA";"DEL04-MA";"UOP03-DEL04-MA"
301747;2020-08-15;"sábado";"22:30:00";"GO";70;17,4;"AGUAS LINDAS DE GOIAS";"Desobediência às normas de trânsito pelo condutor";"Queda de ocupante de veículo";"Com Vítimas Feridas";"Plena Noite";"Crescente";"Céu Claro";"Simples";"Reta";"Não";1;0;0;1;0;0;1;1;-15,75060673;-48,34984959;"SPRF-DF";"DEL03-DF";"UOP02-DEL03-DF"
301748;2020-08-15;"sábado";"21:30:00";"MT";70;508;"CUIABA";"Velocidade Incompatível";"Saída de leito carroçável";"Sem Vítimas";"Plena Noite";"Crescente";"Céu Claro";"Simples";"Curva";"Não";1;0;0;0;0;1;0;1;-15,698078;-56,11095428;"SPRF-MT";"DEL01-MT";"UOP02-DEL01-MT"
301752;2020-08-15;"sábado";"21:00:00";"MS";163;204,1;"CAARAPO";"Condutor Dormindo";"Saída de leito carroçável";"Sem Vítimas";"Plena Noite";"Decrescente";"Garoa/Chuvisco";"Simples";"Curva";"Não";1;0;0;0;1;0;0;1;-22,66868104;-54,79541411;"SPRF-MS";"DEL04-MS";"UOP02-DEL04-MS"
301753;2020-08-16;"domingo";"01:05:00";"SC";101;150;"ITAPEMA";"Condutor Dormindo";"Colisão com objeto estático";"Sem Vítimas";"Plena Noite";"Decrescente";"Céu Claro";"Múltipla";"Interseção de Vias";"Sim";1;0;0;0;0;1;0;1;-27,11744799;-48,60940987;"SPRF-SC";"DEL04-SC";"UOP03-DEL04-SC"
301754;2020-08-15;"sábado";"22:40:00";"RJ";40;102,1;"DUQUE DE CAXIAS";"Desobediência às normas de trânsito pelo condutor";"Queda de ocupante de veículo";"Com Vítimas Feridas";"Plena Noite";"Crescente";"Nublado";"Simples";"Reta";"Sim";2;0;2;0;0;0;2;1;-22,61089297;-43,28656077;"SPRF-RJ";"DEL01-RJ";"UOP01-DEL01-RJ"
301755;2020-08-15;"sábado";"22:10:00";"MA";135;23,7;"SAO LUIS";"Ingestão de Álcool";"Colisão transversal";"Com Vítimas Feridas";"Plena Noite";"Decrescente";"Céu Claro";"Dupla";"Reta";"Sim";3;0;2;0;1;0;2;2;-2,75265593;-44,34833106;"SPRF-MA";"DEL01-MA";"UOP01-DEL01-MA"
301758;2020-08-15;"sábado";"22:25:00";"MS";163;283,8;"DOURADINA";"Não guardar distância de segurança";"Colisão traseira";"Com Vítimas Feridas";"Plena Noite";"Crescente";"Chuva";"Simples";"Reta";"Não";2;0;1;0;1;0;1;2;-22,11458683;-54,58891869;"SPRF-MS";"DEL04-MS";"UOP01-DEL04-MS"
301759;2020-08-16;"domingo";"01:44:00";"PR";476;135;"CURITIBA";"Falta de Atenção à Condução";"Colisão com objeto estático";"Com Vítimas Feridas";"Plena Noite";"Crescente";"Chuva";"Múltipla";"Reta";"Sim";1;0;1;0;0;0;1;1;-25,483786;-49,265808;"SPRF-PR";"DEL01-PR";"UOP03-DEL01-PR"
301760;2020-08-16;"domingo";"01:15:00";"RS";386;434;"NOVA SANTA RITA";"Desobediência às normas de trânsito pelo pedestre";"Atropelamento de Pedestre";"Com Vítimas Feridas";"Plena Noite";"Crescente";"Ignorado";"Dupla";"Reta";"Sim";2;0;1;0;0;1;1;2;-29,843386;-51,285454;"SPRF-RS";"DEL04-RS";"UOP02-DEL04-RS"
301761;2020-08-15;"sábado";"21:45:00";"MS";60;414;"SIDROLANDIA";"Falta de Atenção à Condução";"Colisão lateral";"Com Vítimas Feridas";"Plena Noite";"Crescente";"Chuva";"Simples";"Reta;Declive";"Não";7;0;2;0;5;0;2;2;-20,89554922;-54,86568024;"SPRF-MS";"DEL01-MS";"UOP04-DEL01-MS"
301762;2020-08-15;"sábado";"21:00:00";"SC";101;309;"LAGUNA";"Ingestão de Álcool";"Colisão traseira";"Com Vítimas Feridas";"Plena Noite";"Decrescente";"Nublado";"Múltipla";"Reta";"Não";2;0;1;1;0;0;2;2;-28,40755485;-48,79169438;"SPRF-SC";"DEL02-SC";"UOP01-DEL02-SC"
301763;2020-08-16;"domingo";"02:10:00";"RS";116;523,3;"PELOTAS";"Falta de Atenção à Condução";"Saída de leito carroçável";"Sem Vítimas";"Plena Noite";"Decrescente";"Céu Claro";"Simples";"Reta";"Sim";1;0;0;0;1;0;0;1;-31,72136584;-52,38140629;"SPRF-RS";"DEL07-RS";"UOP01-DEL07-RS"
301764;2020-08-16;"domingo";"01:00:00";"BA";101;211;"CRUZ DAS ALMAS";"Ingestão de Álcool";"Colisão frontal";"Com Vítimas Fatais";"Plena Noite";"Crescente";"Nevoeiro/Neblina";"Simples";"Curva";"Não";2;1;0;0;0;1;0;2;-12,6114761;-39,0767726;"SPRF-BA";"DEL01-BA";"UOP02-DEL01-BA"
301765;2020-08-15;"sábado";"08:20:00";"SC";101;45;"JOINVILLE";"Falta de Atenção à Condução";"Colisão traseira";"Sem Vítimas";"Pleno dia";"Crescente";"Garoa/Chuvisco";"Dupla";"Reta";"Sim";2;0;0;0;1;1;0;2;-26,32214492;-48,8689509;"SPRF-SC";"DEL03-SC";"UOP01-DEL03-SC"
301766;2020-08-16;"domingo";"01:30:00";"PA";316;153,3;"CAPANEMA";"Falta de Atenção do Pedestre";"Atropelamento de Pedestre";"Com Vítimas Fatais";"Plena Noite";"Decrescente";"Ignorado";"Simples";"Reta";"Sim";3;1;0;0;2;0;0;2;-1,22378082;-47,1679108;"SPRF-PA";"DEL01-PA";"UOP03-DEL01-PA"
301767;2020-08-16;"domingo";"01:50:00";"SC";282;5,1;"SAO JOSE";"Falta de Atenção à Condução";"Saída de leito carroçável";"Sem Vítimas";"Plena Noite";"Crescente";"Chuva";"Dupla";"Reta";"Sim";1;0;0;0;1;0;0;1;-27,588425;-48,612919;"SPRF-SC";"DEL01-SC";"UOP01-DEL01-SC"
301768;2020-08-16;"domingo";"00:10:00";"SC";282;574,6;"PINHALZINHO";"Ultrapassagem Indevida";"Colisão frontal";"Com Vítimas Fatais";"Plena Noite";"Decrescente";"Céu Claro";"Simples";"Reta";"Não";2;1;1;0;0;0;1;2;-26,863194;-52,974529;"SPRF-SC";"DEL07-SC";"UOP02-DEL07-SC"
301769;2020-08-15;"sábado";"20:00:00";"SC";101;44,1;"JOINVILLE";"Falta de Atenção à Condução";"Colisão traseira";"Com Vítimas Feridas";"Plena Noite";"Decrescente";"Chuva";"Simples";"Reta";"Sim";4;0;1;1;2;0;2;3;-26,31238996;-48,87458997;"SPRF-SC";"DEL03-SC";"UOP01-DEL03-SC"
301770;2020-08-16;"domingo";"02:40:00";"GO";20;23;"FORMOSA";"Ingestão de Álcool";"Saída de leito carroçável";"Com Vítimas Feridas";"Plena Noite";"Crescente";"Céu Claro";"Simples";"Reta";"Não";3;0;2;0;1;0;2;1;-15,542938;-47,151627;"SPRF-DF";"DEL02-DF";"UOP01-DEL02-DF"
301771;2020-08-16;"domingo";"03:00:00";"ES";101;266,5;"SERRA";"Desobediência às normas de trânsito pelo condutor";"Colisão transversal";"Com Vítimas Feridas";"Plena Noite";"Crescente";"Nublado";"Dupla";"Interseção de Vias";"Sim";3;0;1;0;2;0;1;2;-20,190199;-40,26828891;"SPRF-ES";"DEL02-ES";"UOP01-DEL02-ES"
301772;2020-08-16;"domingo";"01:40:00";"PI";316;3,3;"TERESINA";"Condutor Dormindo";"Queda de ocupante de veículo";"Com Vítimas Feridas";"Plena Noite";"Crescente";"Céu Claro";"Dupla";"Reta";"Sim";1;0;0;1;0;0;1;1;-5,1308831;-42,79194299;"SPRF-PI";"DEL01-PI";"UOP02-DEL01-PI"
301773;2020-08-16;"domingo";"02:00:00";"MG";381;932,8;"EXTREMA";"Condutor Dormindo";"Saída de leito carroçável";"Sem Vítimas";"Plena Noite";"Crescente";"Céu Claro";"Dupla";"Reta";"Não";1;0;0;0;1;0;0;1;-22,79354067;-46,25229697;"SPRF-MG";"DEL16-MG";"UOP03-DEL16-MG"
301775;2020-08-16;"domingo";"03:30:00";"RJ";116;251,5;"PIRAI";"Não guardar distância de segurança";"Colisão traseira";"Com Vítimas Fatais";"Plena Noite";"Crescente";"Céu Claro";"Dupla";"Reta";"Não";3;1;0;1;0;1;1;2;-22,5837559;-44,01884258;"SPRF-RJ";"DEL07-RJ";"UOP01-DEL07-RJ"
301776;2020-08-16;"domingo";"03:00:00";"RS";285;484,4;"ENTRE-IJUIS";"Ingestão de Álcool";"Saída de leito carroçável";"Com Vítimas Feridas";"Plena Noite";"Crescente";"Céu Claro";"Simples";"Curva";"Não";1;0;1;0;0;0;1;1;-28,373297;-54,137657;"SPRF-RS";"DEL10-RS";"UOP01-DEL10-RS"
301777;2020-08-16;"domingo";"02:30:00";"MT";163;821,6;"SINOP";"Falta de Atenção à Condução";"Colisão traseira";"Com Vítimas Feridas";"Plena Noite";"Crescente";"Céu Claro";"Simples";"Reta";"Sim";3;0;1;0;2;0;1;2;-11,98174238;-55,51703503;"SPRF-MT";"DEL06-MT";"UOP01-DEL06-MT"
301778;2020-08-16;"domingo";"02:27:00";"SP";153;74,5;"SAO JOSE DO RIO PRETO";"Falta de Atenção à Condução";"Colisão traseira";"Com Vítimas Feridas";"Plena Noite";"Crescente";"Céu Claro";"Dupla";"Reta";"Não";2;0;1;0;0;1;1;2;-20,88538598;-49,42676402;"SPRF-SP";"DEL09-SP";"UOP01-DEL09-SP"
301780;2020-08-16;"domingo";"04:20:00";"PR";116;121;"CURITIBA";"Desobediência às normas de trânsito pelo condutor";"Colisão com objeto estático";"Sem Vítimas";"Plena Noite";"Decrescente";"Nublado";"Dupla";"Reta";"Sim";1;0;0;0;1;0;0;1;-25,596166;-49,316441;"SPRF-PR";"DEL01-PR";"UOP03-DEL01-PR"
301781;2020-08-16;"domingo";"03:50:00";"RS";158;140,3;"CONDOR";"Ingestão de Álcool";"Saída de leito carroçável";"Com Vítimas Feridas";"Plena Noite";"Crescente";"Nevoeiro/Neblina";"Simples";"Rotatória";"Sim";6;0;4;1;1;0;5;1;-28,20132795;-53,47405277;"SPRF-RS";"DEL10-RS";"UOP02-DEL10-RS"
301782;2020-08-16;"domingo";"01:00:00";"BA";101;584;"CAMACAN";"Falta de Atenção à Condução";"Queda de ocupante de veículo";"Com Vítimas Feridas";"Plena Noite";"Crescente";"Ignorado";"Simples";"Reta";"Não";1;0;0;1;0;0;1;1;-15,38649456;-39,48348999;"SPRF-BA";"DEL05-BA";"UOP02-DEL05-BA"
301784;2020-08-15;"sábado";"16:55:00";"MG";381;484;"BETIM";"Falta de Atenção à Condução";"Queda de ocupante de veículo";"Com Vítimas Feridas";"Pleno dia";"Crescente";"Céu Claro";"Dupla";"Reta";"Sim";2;0;2;0;0;0;2;1;-19,95531717;-44,11722196;"SPRF-MG";"DEL01-MG";"UOP03-DEL01-MG"
301785;2020-08-16;"domingo";"04:40:00";"MG";381;723,2;"CARMO DA CACHOEIRA";"Falta de Atenção à Condução";"Saída de leito carroçável";"Com Vítimas Feridas";"Plena Noite";"Decrescente";"Céu Claro";"Dupla";"Reta;Declive;Retorno Regulamentado";"Sim";2;0;2;0;0;0;2;1;-21,45003176;-45,21156272;"SPRF-MG";"DEL04-MG";"UOP02-DEL04-MG"
301786;2020-08-16;"domingo";"01:00:00";"MT";158;551;"AGUA BOA";"Velocidade Incompatível";"Capotamento";"Com Vítimas Fatais";"Plena Noite";"Decrescente";"Céu Claro";"Simples";"Reta";"Não";2;1;0;1;0;0;1;1;-13,91987321;-52,09374055;"SPRF-MT";"DEL07-MT";"UOP02-DEL07-MT"
301787;2020-08-16;"domingo";"04:00:00";"RJ";116;183;"NOVA IGUACU";"Ingestão de Álcool";"Colisão com objeto estático";"Sem Vítimas";"Plena Noite";"Decrescente";"Céu Claro";"Simples";"Reta";"Não";1;0;0;0;1;0;0;1;-22,7516014;-43,43849831;"SPRF-RJ";"DEL01-RJ";"UOP02-DEL01-RJ"
301789;2020-08-16;"domingo";"06:00:00";"PR";373;176;"PONTA GROSSA";"Desobediência às normas de trânsito pelo condutor";"Colisão com objeto estático";"Sem Vítimas";"Plena Noite";"Decrescente";"Nublado";"Dupla";"Curva";"Sim";1;0;0;0;0;1;0;1;-25,06082803;-50,21845202;"SPRF-PR";"DEL03-PR";"UOP04-DEL03-PR"
301790;2020-08-16;"domingo";"02:45:00";"MS";163;173;"JUTI";"Defeito Mecânico no Veículo";"Incêndio";"Sem Vítimas";"Plena Noite";"Decrescente";"Chuva";"Simples";"Reta";"Sim";2;0;0;0;2;0;0;1;-22,86622819;-54,61002707;"SPRF-MS";"DEL09-MS";"UOP01-DEL09-MS"
301791;2020-08-15;"sábado";"22:40:00";"RJ";495;30;"PETROPOLIS";"Falta de Atenção à Condução";"Colisão transversal";"Com Vítimas Feridas";"Plena Noite";"Crescente";"Céu Claro";"Simples";"Rotatória";"Não";2;0;1;0;1;0;1;2;-22,387454;-43,132666;"SPRF-RJ";"DEL06-RJ";"UOP01-DEL06-RJ"
301792;2020-08-16;"domingo";"06:00:00";"RJ";116;189;"NOVA IGUACU";"Condutor Dormindo";"Saída de leito carroçável";"Com Vítimas Feridas";"Amanhecer";"Crescente";"Nublado";"Dupla";"Reta";"Não";2;0;2;0;0;0;2;2;-22,73510767;-43,55232865;"SPRF-RJ";"DEL01-RJ";"UOP02-DEL01-RJ"
301793;2020-08-16;"domingo";"06:15:00";"RS";101;28,2;"TRES CACHOEIRAS";"Falta de Atenção à Condução";"Saída de leito carroçável";"Com Vítimas Feridas";"Amanhecer";"Crescente";"Nublado";"Dupla";"Retorno Regulamentado";"Sim";1;0;1;0;0;0;1;1;-29,47939879;-49,96647609;"SPRF-RS";"DEL03-RS";"UOP02-DEL03-RS"
301794;2020-08-15;"sábado";"21:20:00";"SC";280;27;"ARAQUARI";"Desobediência às normas de trânsito pelo condutor";"Colisão frontal";"Com Vítimas Feridas";"Plena Noite";"Decrescente";"Garoa/Chuvisco";"Simples";"Reta";"Não";2;0;1;1;0;0;2;2;-26,39685622;-48,74021969;"SPRF-SC";"DEL03-SC";"UOP03-DEL03-SC"
301795;2020-08-16;"domingo";"06:50:00";"GO";40;4,9;"VALPARAISO DE GOIAS";"Falta de Atenção à Condução";"Saída de leito carroçável";"Sem Vítimas";"Amanhecer";"Decrescente";"Céu Claro";"Dupla";"Reta";"Sim";1;0;0;0;0;1;0;1;-16,085241;-47,986752;"SPRF-DF";"DEL01-DF";"UOP01-DEL01-DF"
301797;2020-08-16;"domingo";"02:00:00";"SC";470;184,1;"POUSO REDONDO";"Velocidade Incompatível";"Colisão com objeto estático";"Com Vítimas Feridas";"Plena Noite";"Decrescente";"Nublado";"Simples";"Ponte";"Não";1;0;1;0;0;0;1;1;-27,253036;-50,026642;"SPRF-SC";"DEL04-SC";"UOP02-DEL04-SC"
301798;2020-08-16;"domingo";"07:00:00";"SC";470;39;"GASPAR";"Falta de Atenção à Condução";"Tombamento";"Com Vítimas Feridas";"Pleno dia";"Decrescente";"Nublado";"Simples";"Curva";"Não";1;0;0;1;0;0;1;1;-26,91411066;-48,97722244;"SPRF-SC";"DEL04-SC";"UOP01-DEL04-SC"
301800;2020-08-16;"domingo";"05:20:00";"MT";163;803;"SINOP";"Falta de Atenção à Condução";"Saída de leito carroçável";"Com Vítimas Feridas";"Amanhecer";"Decrescente";"Céu Claro";"Simples";"Reta;Aclive";"Não";3;0;2;1;0;0;3;1;-12,144194;-55,514158;"SPRF-MT";"DEL06-MT";"UOP01-DEL06-MT"
301801;2020-08-16;"domingo";"07:00:00";"MG";50;28,8;"ARAGUARI";"Não guardar distância de segurança";"Tombamento";"Com Vítimas Feridas";"Pleno dia";"Decrescente";"Sol";"Dupla";"Declive";"Não";1;0;1;0;0;0;1;1;-18,61851284;-48,1028889;"SPRF-MG";"DEL15-MG";"UOP02-DEL15-MG"
301803;2020-08-16;"domingo";"07:45:00";"PE";232;70,5;"GRAVATA";"Falta de Atenção à Condução";"Colisão traseira";"Com Vítimas Feridas";"Pleno dia";"Decrescente";"Garoa/Chuvisco";"Dupla";"Reta";"Sim";2;0;0;1;1;0;1;2;-8,181478;-35,489178;"SPRF-PE";"DEL02-PE";"UOP02-DEL02PE"
301804;2020-08-16;"domingo";"07:40:00";"PR";277;102;"CURITIBA";"Pista Escorregadia";"Saída de leito carroçável";"Com Vítimas Feridas";"Pleno dia";"Decrescente";"Chuva";"Dupla";"Reta";"Não";1;0;1;0;0;0;1;1;-25,51408786;-49,33726669;"SPRF-PR";"DEL01-PR";"UOP01-DEL01-PR"
301805;2020-08-16;"domingo";"07:00:00";"MG";365;628,8;"UBERLANDIA";"Falta de Atenção à Condução";"Colisão traseira";"Sem Vítimas";"Pleno dia";"Crescente";"Sol";"Dupla";"Curva";"Não";2;0;0;0;2;0;0;2;-18,90175741;-48,35287106;"SPRF-MG";"DEL15-MG";"UOP01-DEL15-MG"
301806;2020-08-16;"domingo";"07:40:00";"MG";381;501;"BETIM";"Defeito Mecânico no Veículo";"Queda de ocupante de veículo";"Com Vítimas Feridas";"Pleno dia";"Crescente";"Céu Claro";"Dupla";"Reta";"Sim";2;0;1;0;1;0;1;1;-20,03146447;-44,2377893;"SPRF-MG";"DEL01-MG";"UOP03-DEL01-MG"
301807;2020-08-16;"domingo";"07:00:00";"RJ";40;87;"PETROPOLIS";"Desobediência às normas de trânsito pelo condutor";"Colisão com objeto estático";"Sem Vítimas";"Pleno dia";"Decrescente";"Céu Claro";"Simples";"Aclive;Curva";"Não";1;0;0;0;1;0;0;1;-22,563722;-43,231553;"SPRF-RJ";"DEL06-RJ";"UOP01-DEL06-RJ"
301808;2020-08-16;"domingo";"08:00:00";"SC";101;371;"ICARA";"Condutor Dormindo";"Saída de leito carroçável";"Com Vítimas Feridas";"Pleno dia";"Crescente";"Céu Claro";"Dupla";"Reta";"Não";2;0;2;0;0;0;2;1;-28,70403682;-49,2008731;"SPRF-SC";"DEL02-SC";"UOP01-DEL02-SC"
301810;2020-08-16;"domingo";"07:10:00";"MG";365;612;"UBERLANDIA";"Desobediência às normas de trânsito pelo condutor";"Colisão transversal";"Sem Vítimas";"Pleno dia";"Decrescente";"Céu Claro";"Simples";"Reta";"Sim";3;0;0;0;2;1;0;2;-18,92886875;-48,19312692;"SPRF-MG";"DEL15-MG";"UOP01-DEL15-MG"
301811;2020-08-16;"domingo";"07:40:00";"PR";373;175,6;"PONTA GROSSA";"Ingestão de Álcool";"Saída de leito carroçável";"Sem Vítimas";"Pleno dia";"Crescente";"Nublado";"Dupla";"Curva";"Sim";1;0;0;0;0;1;0;1;-25,06728094;-50,21211882;"SPRF-PR";"DEL03-PR";"UOP04-DEL03-PR"
301812;2020-08-16;"domingo";"09:00:00";"PE";101;69;"RECIFE";"Defeito Mecânico no Veículo";"Tombamento";"Com Vítimas Feridas";"Pleno dia";"Crescente";"Céu Claro";"Simples";"Reta";"Sim";2;0;0;1;1;0;1;1;-8,05951606;-34,94581024;"SPRF-PE";"DEL01-PE";"UOP01-DEL01-PE"
301813;2020-08-16;"domingo";"08:10:00";"PI";316;311,4;"PICOS";"Não guardar distância de segurança";"Colisão traseira";"Com Vítimas Feridas";"Pleno dia";"Decrescente";"Sol";"Simples";"Reta";"Sim";2;0;0;1;1;0;1;2;-7,076331;-41,46596;"SPRF-PI";"DEL04-PI";"UOP01-DEL04-PI"
301814;2020-08-16;"domingo";"09:10:00";"GO";60;180,7;"ABADIA DE GOIAS";"Não guardar distância de segurança";"Colisão traseira";"Com Vítimas Feridas";"Pleno dia";"Crescente";"Céu Claro";"Dupla";"Reta;Aclive";"Não";3;0;0;2;1;0;2;2;-16,7666;-49,4751;"SPRF-GO";"DEL01-GO";"UOP02-DEL01-GO"
301816;2020-08-16;"domingo";"09:25:00";"BA";101;107;"ALAGOINHAS";"Falta de Atenção à Condução";"Colisão transversal";"Com Vítimas Feridas";"Pleno dia";"Crescente";"Nublado";"Simples";"Interseção de Vias";"Sim";2;0;2;0;0;0;2;2;-12,16492;-38,477026;"SPRF-BA";"DEL01-BA";"UOP04-DEL01-BA"
301817;2020-08-16;"domingo";"09:28:00";"RJ";116;187,5;"NOVA IGUACU";"Não guardar distância de segurança";"Capotamento";"Com Vítimas Feridas";"Pleno dia";"Crescente";"Céu Claro";"Dupla";"Reta";"Sim";1;0;1;0;0;0;1;1;-22,73883756;-43,47245197;"SPRF-RJ";"DEL01-RJ";"UOP02-DEL01-RJ"
301818;2020-08-16;"domingo";"07:00:00";"ES";482;108,8;"GUACUI";"Falta de Atenção à Condução";"Tombamento";"Com Vítimas Feridas";"Pleno dia";"Decrescente";"Sol";"Simples";"Reta";"Sim";1;0;1;0;0;0;1;1;-20,78769691;-41,6874642;"SPRF-ES";"DEL03-ES";"UOP02-DEL03-ES"
301819;2020-08-16;"domingo";"10:00:00";"RJ";393;255;"BARRA DO PIRAI";"Desobediência às normas de trânsito pelo condutor";"Colisão traseira";"Com Vítimas Feridas";"Pleno dia";"Decrescente";"Nublado";"Dupla";"Aclive";"Sim";2;0;1;0;0;1;1;2;-22,45028541;-43,7987758;"SPRF-RJ";"DEL05-RJ";"UOP04-DEL05-RJ"
301821;2020-08-16;"domingo";"09:55:00";"RS";116;223,9;"DOIS IRMAOS";"Falta de Atenção à Condução";"Colisão lateral";"Com Vítimas Feridas";"Pleno dia";"Decrescente";"Sol";"Dupla";"Reta";"Sim";3;0;2;0;0;1;2;2;-29,58827044;-51,09917696;"SPRF-RS";"DEL01-RS";"UOP02-DEL01-RS"
301823;2020-08-16;"domingo";"10:10:00";"SP";116;289,1;"ITAPECERICA DA SERRA";"Desobediência às normas de trânsito pelo pedestre";"Atropelamento de Pedestre";"Com Vítimas Fatais";"Pleno dia";"Decrescente";"Chuva";"Dupla";"Reta";"Sim";4;1;0;0;2;1;0;2;-23,72290969;-46,89096614;"SPRF-SP";"DEL04-SP";"UOP01-DEL04-SP"
301824;2020-08-16;"domingo";"10:20:00";"ES";262;3,8;"CARIACICA";"Ingestão de Álcool";"Saída de leito carroçável";"Com Vítimas Feridas";"Pleno dia";"Crescente";"Céu Claro";"Múltipla";"Interseção de Vias";"Sim";1;0;1;0;0;0;1;1;-20,33582458;-40,37654757;"SPRF-ES";"DEL01-ES";"UOP01-DEL01-ES"
301827;2020-08-16;"domingo";"10:25:00";"RN";110;90;"UPANEMA";"Defeito na Via";"Saída de leito carroçável";"Com Vítimas Feridas";"Pleno dia";"Decrescente";"Céu Claro";"Simples";"Declive";"Não";2;0;0;2;0;0;2;1;-5,57803732;-37,3109436;"SPRF-RN";"DEL04-RN";"UOP01-DEL04-RN"
301828;2020-08-16;"domingo";"08:05:00";"AC";364;123;"RIO BRANCO";"Defeito Mecânico no Veículo";"Tombamento";"Com Vítimas Feridas";"Pleno dia";"Decrescente";"Céu Claro";"Simples";"Rotatória";"Sim";1;0;1;0;0;0;1;1;-10,0117185;-67,79775739;"SPRF-AC";"DEL01-AC";"UOP01-DEL01-AC"
301830;2020-08-15;"sábado";"06:00:00";"MA";10;318;"ACAILANDIA";"Falta de Atenção à Condução";"Colisão com objeto estático";"Sem Vítimas";"Pleno dia";"Crescente";"Céu Claro";"Simples";"Declive";"Não";1;0;0;0;0;1;0;1;-4,967567;-47,512344;"SPRF-MA";"DEL04-MA";"UOP03-DEL04-MA"
301831;2020-08-16;"domingo";"10:20:00";"MG";251;445,5;"GRAO MOGOL";"Não guardar distância de segurança";"Colisão traseira";"Com Vítimas Feridas";"Pleno dia";"Crescente";"Céu Claro";"Simples";"Reta";"Não";4;0;1;0;3;0;1;2;-16,42541501;-43,26662199;"SPRF-MG";"DEL12-MG";"UOP01-DEL12-MG"
301835;2020-08-16;"domingo";"09:40:00";"MS";267;247,3;"NOVA ALVORADA DO SUL";"Velocidade Incompatível";"Saída de leito carroçável";"Sem Vítimas";"Pleno dia";"Decrescente";"Chuva";"Simples";"Reta";"Não";1;0;0;0;1;0;0;1;-21,47693923;-54,36452605;"SPRF-MS";"DEL02-MS";"UOP01-DEL02-MS"
301836;2020-08-16;"domingo";"09:40:00";"RS";293;184;"BAGE";"Defeito Mecânico no Veículo";"Saída de leito carroçável";"Sem Vítimas";"Pleno dia";"Crescente";"Céu Claro";"Simples";"Reta";"Não";1;0;0;0;1;0;0;1;-31,28280395;-54,08864298;"SPRF-RS";"DEL11-RS";"UOP03-DEL11-RS"
301838;2020-08-16;"domingo";"11:30:00";"SP";381;54;"MAIRIPORA";"Pista Escorregadia";"Colisão com objeto estático";"Com Vítimas Feridas";"Pleno dia";"Decrescente";"Garoa/Chuvisco";"Dupla";"Curva";"Sim";3;0;2;0;1;0;2;1;-23,2449074;-46,59562343;"SPRF-SP";"DEL03-SP";"UOP01-DEL03-SP"
301839;2020-08-16;"domingo";"11:30:00";"SP";116;178;"GUARAREMA";"Desobediência às normas de trânsito pelo condutor";"Colisão traseira";"Com Vítimas Feridas";"Pleno dia";"Crescente";"Garoa/Chuvisco";"Dupla";"Declive";"Não";3;0;1;0;2;0;1;2;-23,327667;-46,128108;"SPRF-SP";"DEL02-SP";"UOP01-DEL02-SP"
301840;2020-08-16;"domingo";"11:30:00";"SC";101;207;"SAO JOSE";"Desobediência às normas de trânsito pelo condutor";"Colisão transversal";"Com Vítimas Feridas";"Pleno dia";"Crescente";"Céu Claro";"Múltipla";"Viaduto";"Não";2;0;0;1;1;0;1;2;-27,60001226;-48,6226467;"SPRF-SC";"DEL01-SC";"UOP01-DEL01-SC"
301841;2020-08-16;"domingo";"11:25:00";"SP";381;73;"SAO PAULO";"Velocidade Incompatível";"Colisão com objeto estático";"Com Vítimas Feridas";"Pleno dia";"Crescente";"Garoa/Chuvisco";"Dupla";"Curva";"Não";3;0;1;0;2;0;1;1;-23,36553404;-46,55253934;"SPRF-SP";"DEL03-SP";"UOP01-DEL03-SP"
301843;2020-08-16;"domingo";"09:30:00";"MT";70;522;"VARZEA GRANDE";"Ingestão de Álcool";"Colisão transversal";"Com Vítimas Feridas";"Pleno dia";"Crescente";"Céu Claro";"Simples";"Reta";"Sim";4;0;1;0;3;0;1;3;-15,66394457;-56,18466323;"SPRF-MT";"DEL01-MT";"UOP02-DEL01-MT"