"id";"data_inversa";"dia_semana";"horario";"uf";"br";"km";"municipio";"causa_acidente";"tipo_acidente";"classificacao_acidente";"fase_dia";"sentido_via";"condicao_metereologica";"tipo_pista";"tracado_via";"uso_solo";"pessoas";"mortos";"feridos_leves";"feridos_graves";"ilesos";"ignorados";"feridos";"veiculos";"latitude";"longitude";"regional";"delegacia";"uop"
301844;2020-08-16;"domingo";"06:50:00";"CE";222;321;"TIANGUA";"Desobediência às normas de trânsito pelo condutor";"Colisão traseira";"Com Vítimas Feridas";"Pleno dia";"Crescente";"Céu Claro";"Simples";"Reta";"Não";4;0;1;2;1;0;3;2;-3,7759503;-41,04425673;"SPRF-CE";"DEL04-CE";"UOP02-DEL04-CE"
301845;2020-08-16;"domingo";"11:15:00";"MT";364;537;"ROSARIO OESTE";"Falta de Atenção à Condução";"Saída de leito carroçável";"Com Vítimas Feridas";"Pleno dia";"Crescente";"Céu Claro";"Simples";"Declive";"Não";1;0;1;0;0;0;1;1;-14,94589609;-56,50286993;"SPRF-MT";"DEL01-MT";"UOP01-DEL01-MT"
301846;2020-08-16;"domingo";"09:20:00";"BA";116;408;"FEIRA DE SANTANA";"Velocidade Incompatível";"Colisão traseira";"Com Vítimas Feridas";"Pleno dia";"Decrescente";"Nublado";"Dupla";"Reta";"Não";2;0;0;1;1;0;1;2;-12,09905801;-38,96893229;"SPRF-BA";"DEL02-BA";"UOP01-DEL02-BA"
301848;2020-08-16;"domingo";"10:55:00";"PE";101;69;"RECIFE";"Falta de Atenção à Condução";"Colisão transversal";"Com Vítimas Feridas";"Pleno dia";"Crescente";"Céu Claro";"Múltipla";"Reta";"Sim";2;0;2;0;0;0;2;2;-8,063667;-34,944619;"SPRF-PE";"DEL01-PE";"UOP01-DEL01-PE"
301849;2020-08-16;"domingo";"12:30:00";"MG";40;712,3;"BARBACENA";"Ingestão de Álcool";"Colisão transversal";"Com Vítimas Feridas";"Pleno dia";"Crescente";"Sol";"Dupla";"Retorno Regulamentado;Curva";"Não";2;0;1;0;1;0;1;2;-21,24930635;-43,66819829;"SPRF-MG";"DEL05-MG";"UOP02-DEL05-MG"
301850;2020-08-16;"domingo";"12:50:00";"PR";476;131;"CURITIBA";"Pista Escorregadia";"Queda de ocupante de veículo";"Com Vítimas Feridas";"Pleno dia";"Decrescente";"Chuva";"Dupla";"Reta";"Sim";2;0;1;0;1;0;1;2;-25,453636;-49,245155;"SPRF-PR";"DEL01-PR";"UOP03-DEL01-PR"
301851;2020-06-30;"terça-feira";"18:30:00";"PR";0;0;"COLOMBO";"Falta de Atenção à Condução";"Colisão traseira";"Com Vítimas Feridas";"Plena Noite";"Não Informado";"Ignorado";"Dupla";"Interseção de Vias";"Sim";3;0;1;0;1;1;1;2;-25,37931515;-49,15773695;"SPRF-PR";"DEL01-PR";"UOP02-DEL01-PR"
301853;2020-08-16;"domingo";"12:10:00";"MG";365;144,8;"PIRAPORA";"Velocidade Incompatível";"Saída de leito carroçável";"Com Vítimas Fatais";"Pleno dia";"Crescente";"Sol";"Simples";"Reta";"Não";3;1;1;0;1;0;1;2;-17,235173;-44,828575;"SPRF-MG";"DEL12-MG";"UOP01-DEL12-MG"
301854;2020-08-16;"domingo";"07:10:00";"MA";10;301,2;"CIDELANDIA";"Não guardar distância de segurança";"Colisão traseira";"Com Vítimas Feridas";"Pleno dia";"Decrescente";"Céu Claro";"Simples";"Reta";"Sim";2;0;1;0;1;0;1;2;-5,100133;-47,553503;"SPRF-MA";"DEL04-MA";"UOP03-DEL04-MA"
301856;2020-08-16;"domingo";"12:40:00";"RJ";101;515;"ANGRA DOS REIS";"Velocidade Incompatível";"Saída de leito carroçável";"Com Vítimas Feridas";"Pleno dia";"Decrescente";"Chuva";"Simples";"Curva";"Não";3;0;2;1;0;0;3;1;-22,98288597;-44,43920603;"SPRF-RJ";"DEL03-RJ";"UOP02-DEL03-RJ"
301858;2020-08-16;"domingo";"13:20:00";"MG";40;308;"TRES MARIAS";"Falta de Atenção à Condução";"Colisão lateral";"Com Vítimas Feridas";"Pleno dia";"Crescente";"Céu Claro";"Dupla";"Reta;Declive";"Não";3;0;2;0;1;0;2;2;-18,41792022;-45,08659041;"SPRF-MG";"DEL14-MG";"UOP02-DEL14-MG"
301859;2020-08-16;"domingo";"13:40:00";"RJ";393;258,4;"BARRA DO PIRAI";"Desobediência às normas de trânsito pelo condutor";"Queda de ocupante de veículo";"Com Vítimas Feridas";"Pleno dia";"Crescente";"Céu Claro";"Simples";"Curva";"Não";1;0;1;0;0;0;1;1;-22,4514837;-43,82691483;"SPRF-RJ";"DEL05-RJ";"UOP04-DEL05-RJ"
301861;2020-08-16;"domingo";"13:40:00";"PE";101;45,3;"IGARASSU";"Falta de Atenção do Pedestre";"Atropelamento de Pedestre";"Com Vítimas Feridas";"Pleno dia";"Crescente";"Céu Claro";"Múltipla";"Reta";"Sim";2;0;0;2;0;0;2;2;-7,867178;-34,907143;"SPRF-PE";"DEL01-PE";"UOP02-DEL01-PE"
301863;2020-08-16;"domingo";"14:25:00";"PR";116;16,9;"ANTONINA";"Velocidade Incompatível";"Saída de leito carroçável";"Com Vítimas Feridas";"Pleno dia";"Decrescente";"Chuva";"Dupla";"Curva";"Não";4;0;2;0;2;0;2;2;-25,09969807;-48,692225;"SPRF-PR";"DEL01-PR";"UOP02-DEL01-PR"
301864;2020-08-16;"domingo";"14:00:00";"GO";153;435;"ANAPOLIS";"Falta de Atenção à Condução";"Colisão traseira";"Com Vítimas Feridas";"Pleno dia";"Crescente";"Céu Claro";"Dupla";"Reta";"Sim";2;0;2;0;0;0;2;2;-16,280523;-48,960049;"SPRF-GO";"DEL02-GO";"UOP01-DEL02-GO"
301865;2020-08-16;"domingo";"14:00:00";"MT";163;687;"LUCAS DO RIO VERDE";"Desobediência às normas de trânsito pelo condutor";"Colisão transversal";"Com Vítimas Feridas";"Pleno dia";"Crescente";"Céu Claro";"Dupla";"Reta";"Não";3;0;1;1;1;0;2;2;-13,0798538;-55,9374707;"SPRF-MT";"DEL06-MT";"UOP01-DEL06-MT"
301866;2020-08-16;"domingo";"15:39:00";"RS";116;245,2;"SAO LEOPOLDO";"Defeito Mecânico no Veículo";"Incêndio";"Sem Vítimas";"Pleno dia";"Decrescente";"Céu Claro";"Dupla";"Reta";"Sim";1;0;0;0;0;1;0;1;-29,74980902;-51,15125361;"SPRF-RS";"DEL01-RS";"UOP02-DEL01-RS"
301867;2020-08-16;"domingo";"15:50:00";"PB";230;27,1;"JOAO PESSOA";"Desobediência às normas de trânsito pelo condutor";"Engavetamento";"Com Vítimas Feridas";"Pleno dia";"Decrescente";"Nublado";"Dupla";"Reta;Declive";"Sim";3;0;1;0;2;0;1;3;-7,1677;-34,8855;"SPRF-PB";"DEL01-PB";"UOP01-DEL01-PB"
301868;2020-08-16;"domingo";"13:10:00";"MG";354;762,9;"ITAMONTE";"Velocidade Incompatível";"Tombamento";"Com Vítimas Feridas";"Pleno dia";"Decrescente";"Nublado";"Simples";"Declive;Curva";"Não";1;0;0;1;0;0;1;1;-22,33754084;-44,82270004;"SPRF-MG";"DEL17-MG";"UOP01-DEL17-MG"
301870;2020-08-16;"domingo";"16:00:00";"CE";222;3,8;"CAUCAIA";"Falta de Atenção à Condução";"Colisão transversal";"Com Vítimas Feridas";"Pleno dia";"Crescente";"Céu Claro";"Múltipla";"Reta";"Sim";3;0;0;1;0;2;1;3;-3,74137;-38,60372;"SPRF-CE";"DEL01-CE";"UOP01-DEL01-CE"
301871;2020-08-16;"domingo";"13:15:00";"MG";381;196,3;"PERIQUITO";"Velocidade Incompatível";"Capotamento";"Com Vítimas Feridas";"Pleno dia";"Decrescente";"Céu Claro";"Simples";"Curva";"Não";2;0;2;0;0;0;2;1;-19,14485403;-42,22899998;"SPRF-MG";"DEL06-MG";"UOP01-DEL06-MG"
301872;2020-08-16;"domingo";"15:30:00";"RJ";40;116;"DUQUE DE CAXIAS";"Defeito Mecânico no Veículo";"Incêndio";"Sem Vítimas";"Pleno dia";"Decrescente";"Chuva";"Múltipla";"Reta";"Sim";2;0;0;0;2;0;0;1;-22,73662299;-43,28858785;"SPRF-RJ";"DEL01-RJ";"UOP01-DEL01-RJ"
301873;2020-08-16;"domingo";"16:45:00";"RS";290;4,3;"OSORIO";"Desobediência às normas de trânsito pelo condutor";"Colisão traseira";"Sem Vítimas";"Pleno dia";"Crescente";"Céu Claro";"Dupla";"Reta";"Não";2;0;0;0;2;0;0;2;-29,898134;-50,31419;"SPRF-RS";"DEL03-RS";"UOP01-DEL03-RS"
301874;2020-08-16;"domingo";"16:20:00";"BA";101;263;"SANTO ANTONIO DE JESUS";"Ingestão de Álcool";"Colisão lateral";"Com Vítimas Feridas";"Pleno dia";"Crescente";"Céu Claro";"Simples";"Reta";"Não";2;0;1;0;1;0;1;2;-13,09003799;-39,27863203;"SPRF-BA";"DEL01-BA";"UOP02-DEL01-BA"
301875;2020-08-16;"domingo";"15:45:00";"CE";222;138;"IRAUCUBA";"Defeito Mecânico no Veículo";"Tombamento";"Com Vítimas Feridas";"Pleno dia";"Crescente";"Céu Claro";"Simples";"Reta";"Sim";1;0;1;0;0;0;1;1;-3,74299653;-39,69156297;"SPRF-CE";"DEL04-CE";"UOP03-DEL04-CE"
301876;2020-08-16;"domingo";"17:00:00";"SP";158;7;"PAULICEIA";"Desobediência às normas de trânsito pelo condutor";"Colisão traseira";"Com Vítimas Feridas";"Pleno dia";"Crescente";"Céu Claro";"Simples";"Rotatória;Aclive";"Não";3;0;1;0;1;1;1;3;-21,306647;-51,82765831;"SPRF-MS";"DEL07-MS";"UOP01-DEL07-MS"
301877;2020-08-16;"domingo";"17:20:00";"RS";116;232,4;"ESTANCIA VELHA";"Desobediência às normas de trânsito pelo condutor";"Colisão transversal";"Com Vítimas Feridas";"Pleno dia";"Crescente";"Sol";"Simples";"Reta";"Não";3;0;0;2;1;0;2;2;-29,63300002;-51,14325106;"SPRF-RS";"DEL01-RS";"UOP02-DEL01-RS"
301878;2020-08-16;"domingo";"16:30:00";"RS";158;340;"SANTA MARIA";"Velocidade Incompatível";"Tombamento";"Com Vítimas Feridas";"Pleno dia";"Decrescente";"Céu Claro";"Simples";"Reta";"Não";2;0;1;1;0;0;2;1;-29,73841568;-53,92131816;"SPRF-RS";"DEL09-RS";"UOP01-DEL09-RS"
301879;2020-08-16;"domingo";"16:30:00";"PE";101;74,2;"RECIFE";"Ingestão de Álcool";"Saída de leito carroçável";"Com Vítimas Fatais";"Pleno dia";"Crescente";"Céu Claro";"Dupla";"Curva";"Sim";2;1;0;0;1;0;0;2;-8,10146485;-34,94901577;"SPRF-PE";"DEL01-PE";"UOP01-DEL01-PE"
301881;2020-08-16;"domingo";"17:45:00";"SP";116;509,3;"CAJATI";"Pista Escorregadia";"Tombamento";"Com Vítimas Feridas";"Pleno dia";"Crescente";"Chuva";"Dupla";"Curva";"Não";2;0;2;0;0;0;2;1;-24,82178987;-48,21419034;"SPRF-SP";"DEL05-SP";"UOP02-DEL05-SP"
301882;2020-08-16;"domingo";"17:20:00";"PR";376;214;"JANDAIA DO SUL";"Falta de Atenção à Condução";"Capotamento";"Com Vítimas Feridas";"Anoitecer";"Decrescente";"Chuva";"Dupla";"Curva";"Não";3;0;2;0;1;0;2;1;-23,56241365;-51,6601181;"SPRF-PR";"DEL09-PR";"UOP01-DEL09-PR"
301884;2020-08-16;"domingo";"17:30:00";"PR";476;136;"CURITIBA";"Desobediência às normas de trânsito pelo condutor";"Colisão lateral";"Com Vítimas Feridas";"Anoitecer";"Crescente";"Garoa/Chuvisco";"Múltipla";"Reta";"Sim";2;0;2;0;0;0;2;1;-25,491047;-49,271679;"SPRF-PR";"DEL01-PR";"UOP03-DEL01-PR"
301885;2020-08-16;"domingo";"16:30:00";"PI";343;175;"PIRIPIRI";"Falta de Atenção à Condução";"Saída de leito carroçável";"Com Vítimas Feridas";"Pleno dia";"Decrescente";"Céu Claro";"Simples";"Reta";"Não";1;0;0;1;0;0;1;1;-4,202044;-41,781467;"SPRF-PI";"DEL02-PI";"UOP01-DEL02-PI"
301886;2020-08-16;"domingo";"15:30:00";"MG";50;33,5;"ARAGUARI";"Falta de Atenção à Condução";"Saída de leito carroçável";"Com Vítimas Feridas";"Pleno dia";"Crescente";"Sol";"Dupla";"Curva";"Não";1;0;1;0;0;0;1;1;-18,64031273;-48,12395543;"SPRF-MG";"DEL15-MG";"UOP02-DEL15-MG"
301887;2020-08-16;"domingo";"14:30:00";"RS";101;70,1;"OSORIO";"Avarias e/ou desgaste excessivo no pneu";"Saída de leito carroçável";"Sem Vítimas";"Pleno dia";"Crescente";"Céu Claro";"Dupla";"Reta";"Não";1;0;0;0;1;0;0;1;-29,747308;-50,211916;"SPRF-RS";"DEL03-RS";"UOP01-DEL03-RS"
301888;2020-08-16;"domingo";"15:15:00";"SC";470;166,8;"POUSO REDONDO";"Falta de Atenção à Condução";"Colisão traseira";"Com Vítimas Feridas";"Pleno dia";"Decrescente";"Nublado";"Dupla";"Reta";"Não";5;0;4;0;1;0;4;2;-27,275208;-49,855125;"SPRF-SC";"DEL04-SC";"UOP02-DEL04-SC"
301889;2020-08-16;"domingo";"15:30:00";"RS";290;68,9;"GRAVATAI";"Falta de Atenção à Condução";"Saída de leito carroçável";"Com Vítimas Feridas";"Pleno dia";"Crescente";"Céu Claro";"Múltipla";"Reta";"Não";1;0;1;0;0;0;1;1;-29,94461;-50,945176;"SPRF-RS";"DEL03-RS";"UOP01-DEL03-RS"
301890;2020-08-16;"domingo";"17:30:00";"RJ";40;123;"RIO DE JANEIRO";"Ingestão de Álcool";"Colisão traseira";"Sem Vítimas";"Pleno dia";"Crescente";"Céu Claro";"Dupla";"Reta";"Não";2;0;0;0;2;0;0;2;-22,79907687;-43,29015739;"SPRF-RJ";"DEL01-RJ";"UOP01-DEL01-RJ"
301891;2020-08-16;"domingo";"17:25:00";"MA";135;8;"SAO LUIS";"Não guardar distância de segurança";"Colisão lateral";"Sem Vítimas";"Anoitecer";"Decrescente";"Céu Claro";"Dupla";"Declive";"Sim";2;0;0;0;2;0;0;2;-2,64342093;-44,27374175;"SPRF-MA";"DEL01-MA";"UOP01-DEL01-MA"
301892;2020-08-16;"domingo";"17:35:00";"MG";40;417,2;"CURVELO";"Velocidade Incompatível";"Saída de leito carroçável";"Com Vítimas Fatais";"Pleno dia";"Crescente";"Céu Claro";"Simples";"Reta";"Não";3;1;0;2;0;0;2;1;-19,15620979;-44,59445792;"SPRF-MG";"DEL02-MG";"UOP01-DEL02-MG"
301893;2020-08-16;"domingo";"14:55:00";"MG";40;707,9;"BARBACENA";"Velocidade Incompatível";"Queda de ocupante de veículo";"Com Vítimas Feridas";"Pleno dia";"Decrescente";"Céu Claro";"Dupla";"Curva";"Não";1;0;0;1;0;0;1;1;-21,23788242;-43,70859146;"SPRF-MG";"DEL05-MG";"UOP02-DEL05-MG"
301895;2020-08-16;"domingo";"18:30:00";"RS";290;88;"PORTO ALEGRE";"Falta de Atenção à Condução";"Tombamento";"Com Vítimas Feridas";"Plena Noite";"Crescente";"Céu Claro";"Múltipla";"Reta";"Não";1;0;1;0;0;0;1;1;-29,967531;-51,137264;"SPRF-RS";"DEL01-RS";"UOP01-DEL01-RS"
301896;2020-08-16;"domingo";"18:15:00";"PE";232;86,5;"GRAVATA";"Falta de Atenção à Condução";"Colisão lateral";"Com Vítimas Feridas";"Plena Noite";"Crescente";"Nublado";"Dupla";"Curva";"Não";2;0;0;1;1;0;1;2;-8,21369904;-35,62703133;"SPRF-PE";"DEL02-PE";"UOP02-DEL02PE"
301898;2020-08-16;"domingo";"16:20:00";"MG";365;344;"VARJAO DE MINAS";"Não guardar distância de segurança";"Colisão traseira";"Sem Vítimas";"Pleno dia";"Decrescente";"Céu Claro";"Simples";"Reta";"Sim";2;0;0;0;1;1;0;2;-18,383611;-46,035575;"SPRF-MG";"DEL10-MG";"UOP01-DEL10-MG"
301899;2020-08-16;"domingo";"18:10:00";"MG";267;26,6;"ARGIRITA";"Desobediência às normas de trânsito pelo condutor";"Colisão lateral";"Com Vítimas Feridas";"Anoitecer";"Decrescente";"Céu Claro";"Simples";"Interseção de Vias";"Não";2;0;1;0;1;0;1;2;-21,61894874;-42,81525901;"SPRF-MG";"DEL07-MG";"UOP01-DEL07-MG"
301900;2020-08-16;"domingo";"14:30:00";"RJ";101;484;"ANGRA DOS REIS";"Pista Escorregadia";"Capotamento";"Sem Vítimas";"Pleno dia";"Decrescente";"Chuva";"Simples";"Curva";"Sim";2;0;0;0;2;0;0;1;-22,99096308;-44,30429882;"SPRF-RJ";"DEL03-RJ";"UOP03-DEL03-RJ"
301902;2020-08-16;"domingo";"16:10:00";"BA";110;360;"CATU";"Ingestão de Álcool";"Colisão traseira";"Com Vítimas Feridas";"Pleno dia";"Decrescente";"Nublado";"Simples";"Reta";"Sim";2;0;1;0;1;0;1;2;-12,36659322;-38,38801135;"SPRF-BA";"DEL01-BA";"UOP04-DEL01-BA"
301904;2020-08-16;"domingo";"16:30:00";"RS";287;311;"SAO PEDRO DO SUL";"Defeito Mecânico no Veículo";"Saída de leito carroçável";"Com Vítimas Feridas";"Pleno dia";"Decrescente";"Céu Claro";"Simples";"Reta";"Não";6;0;2;0;4;0;2;1;-29,66492901;-54,483641;"SPRF-RS";"DEL09-RS";"UOP01-DEL09-RS"
301905;2020-08-16;"domingo";"18:30:00";"PE";101;102;"CABO DE SANTO AGOSTINHO";"Ingestão de Álcool";"Colisão frontal";"Com Vítimas Feridas";"Plena Noite";"Decrescente";"Ignorado";"Simples";"Reta";"Sim";2;0;2;0;0;0;2;2;-8,28368856;-35,05795866;"SPRF-PE";"DEL01-PE";"UOP03-DEL01-PE"
301906;2020-08-16;"domingo";"18:00:00";"BA";101;503;"ITABUNA";"Desobediência às normas de trânsito pelo condutor";"Colisão transversal";"Com Vítimas Feridas";"Anoitecer";"Crescente";"Céu Claro";"Simples";"Reta;Aclive";"Sim";4;0;1;1;2;0;2;2;-14,93204115;-39,30057969;"SPRF-BA";"DEL05-BA";"UOP01-DEL05-BA"
301910;2020-08-16;"domingo";"19:20:00";"PR";277;46;"SAO JOSE DOS PINHAIS";"Defeito Mecânico no Veículo";"Incêndio";"Sem Vítimas";"Plena Noite";"Crescente";"Chuva";"Dupla";"Reta";"Não";1;0;0;0;1;0;0;1;-25,59203651;-48,91872883;"SPRF-PR";"DEL01-PR";"UOP05-DEL01-PR"
301911;2020-08-16;"domingo";"17:35:00";"GO";364;192,7;"JATAI";"Desobediência às normas de trânsito pelo condutor";"Colisão transversal";"Com Vítimas Feridas";"Pleno dia";"Crescente";"Céu Claro";"Simples";"Rotatória";"Não";4;0;2;0;2;0;2;2;-17,922094;-51,69062;"SPRF-GO";"DEL05-GO";"UOP01-DEL05-GO"
301912;2020-08-16;"domingo";"18:10:00";"PR";153;338,1;"IRATI";"Falta de Atenção à Condução";"Queda de ocupante de veículo";"Com Vítimas Feridas";"Plena Noite";"Crescente";"Nublado";"Simples";"Reta";"Sim";1;0;0;1;0;0;1;1;-25,51485498;-50,65402607;"SPRF-PR";"DEL03-PR";"UOP03-DEL03-PR"
301913;2020-08-16;"domingo";"19:20:00";"SP";101;45;"UBATUBA";"Desobediência às normas de trânsito pelo condutor";"Colisão transversal";"Com Vítimas Feridas";"Anoitecer";"Decrescente";"Nublado";"Simples";"Reta";"Sim";6;0;1;0;5;0;1;2;-23,42086104;-45,07078886;"SPRF-SP";"DEL06-SP";"UOP01-DEL06-SP"
301914;2020-08-16;"domingo";"18:30:00";"BA";135;143;"RIACHAO DAS NEVES";"Ingestão de Álcool";"Colisão traseira";"Com Vítimas Fatais";"Anoitecer";"Crescente";"Céu Claro";"Simples";"Reta";"Não";7;1;2;0;0;4;2;3;-11,89104912;-44,85957088;"SPRF-BA";"DEL10-BA";"UOP01-DEL10-BA"
301916;2020-08-16;"domingo";"19:10:00";"GO";60;28;"ALEXANIA";"Não guardar distância de segurança";"Colisão traseira";"Com Vítimas Feridas";"Plena Noite";"Crescente";"Céu Claro";"Dupla";"Reta";"Não";6;0;1;0;5;0;1;2;-16,0963;-48,5202;"SPRF-DF";"DEL03-DF";"UOP01-DEL03-DF"
301917;2020-08-16;"domingo";"19:15:00";"ES";101;206;"JOAO NEIVA";"Defeito Mecânico no Veículo";"Incêndio";"Sem Vítimas";"Plena Noite";"Decrescente";"Céu Claro";"Dupla";"Reta";"Não";1;0;0;0;1;0;0;1;-19,76435421;-40,37263919;"SPRF-ES";"DEL02-ES";"UOP01-DEL02-ES"
301918;2020-08-16;"domingo";"18:20:00";"CE";230;35,3;"LAVRAS DA MANGABEIRA";"Animais na Pista";"Atropelamento de Animal";"Com Vítimas Feridas";"Anoitecer";"Crescente";"Céu Claro";"Simples";"Reta";"Não";2;0;1;1;0;0;2;1;-6,75212161;-38,92617909;"SPRF-CE";"DEL05-CE";"UOP01-DEL05-CE"
301920;2020-08-16;"domingo";"18:15:00";"AL";316;148,7;"PALMEIRA DOS INDIOS";"Pista Escorregadia";"Queda de ocupante de veículo";"Com Vítimas Feridas";"Plena Noite";"Decrescente";"Nublado";"Simples";"Reta";"Não";1;0;1;0;0;0;1;1;-9,40718239;-36,68829724;"SPRF-AL";"DEL03-AL";"UOP01-DEL03-AL"
301921;2020-08-16;"domingo";"19:40:00";"PE";101;126,6;"ESCADA";"Falta de Atenção do Pedestre";"Atropelamento de Pedestre";"Com Vítimas Fatais";"Plena Noite";"Decrescente";"Céu Claro";"Dupla";"Reta";"Sim";2;1;0;0;0;1;0;2;-8,36958202;-35,22919699;"SPRF-PE";"DEL01-PE";"UOP03-DEL01-PE"
301922;2020-08-16;"domingo";"20:10:00";"MG";381;485,5;"BETIM";"Desobediência às normas de trânsito pelo condutor";"Colisão traseira";"Com Vítimas Feridas";"Plena Noite";"Decrescente";"Céu Claro";"Dupla";"Reta;Declive";"Sim";3;0;1;0;2;0;1;3;-19,95659361;-44,12622893;"SPRF-MG";"DEL01-MG";"UOP03-DEL01-MG"
301923;2020-08-16;"domingo";"10:00:00";"MG";381;215,2;"BELO ORIENTE";"Falta de Atenção à Condução";"Colisão lateral";"Com Vítimas Feridas";"Pleno dia";"Crescente";"Céu Claro";"Simples";"Reta";"Não";2;0;1;1;0;0;2;2;-19,23498417;-42,32963562;"SPRF-MG";"DEL06-MG";"UOP01-DEL06-MG"
301924;2020-08-16;"domingo";"19:15:00";"RJ";116;165;"RIO DE JANEIRO";"Não guardar distância de segurança";"Colisão traseira";"Com Vítimas Feridas";"Plena Noite";"Decrescente";"Céu Claro";"Dupla";"Reta";"Sim";2;0;1;0;1;0;1;2;-22,81548519;-43,29087405;"SPRF-RJ";"DEL01-RJ";"UOP01-DEL01-RJ"
301925;2020-08-16;"domingo";"19:00:00";"PE";101;70,5;"RECIFE";"Falta de Atenção à Condução";"Colisão transversal";"Com Vítimas Feridas";"Plena Noite";"Decrescente";"Céu Claro";"Dupla";"Reta";"Não";4;0;1;0;1;2;1;3;-8,072192;-34,94246;"SPRF-PE";"DEL01-PE";"UOP01-DEL01-PE"
301926;2020-08-16;"domingo";"18:45:00";"RJ";356;87,7;"CARDOSO MOREIRA";"Falta de Atenção à Condução";"Saída de leito carroçável";"Sem Vítimas";"Plena Noite";"Decrescente";"Céu Claro";"Simples";"Reta";"Não";1;0;0;0;0;1;0;1;-21,49180046;-41,63156431;"SPRF-RJ";"DEL08-RJ";"UOP03-DEL08-RJ"
301928;2020-08-16;"domingo";"18:30:00";"MG";262;73;"MATIPO";"Falta de Atenção à Condução";"Atropelamento de Pedestre";"Com Vítimas Feridas";"Plena Noite";"Decrescente";"Nublado";"Simples";"Aclive;Curva";"Não";3;0;0;1;0;2;1;2;-20,31219098;-42,32448898;"SPRF-MG";"DEL03-MG";"UOP03-DEL03-MG"
301929;2020-08-16;"domingo";"19:50:00";"MG";116;587,3;"MANHUACU";"Desobediência às normas de trânsito pelo condutor";"Colisão transversal";"Com Vítimas Feridas";"Plena Noite";"Decrescente";"Céu Claro";"Simples";"Interseção de Vias";"Sim";3;0;1;0;2;0;1;2;-20,24173903;-42,15868042;"SPRF-MG";"DEL06-MG";"UOP03-DEL06-MG"
301930;2020-08-16;"domingo";"19:30:00";"ES";262;106;"VENDA NOVA DO IMIGRANTE";"Ingestão de Álcool";"Colisão frontal";"Com Vítimas Feridas";"Plena Noite";"Decrescente";"Céu Claro";"Simples";"Reta";"Sim";4;0;4;0;0;0;4;2;-20,40352684;-41,11192574;"SPRF-ES";"DEL01-ES";"UOP02-DEL01-ES"
301932;2020-08-16;"domingo";"19:10:00";"AL";316;1;"PILAR";"Falta de Atenção à Condução";"Queda de ocupante de veículo";"Com Vítimas Feridas";"Plena Noite";"Decrescente";"Vento";"Simples";"Reta";"Não";1;0;1;0;0;0;1;1;-9,597656;-35,956963;"SPRF-AL";"DEL02-AL";"UOP01-DEL02-AL"
301933;2020-08-16;"domingo";"20:10:00";"BA";242;788;"BARREIRAS";"Falta de Atenção à Condução";"Colisão frontal";"Com Vítimas Feridas";"Plena Noite";"Crescente";"Céu Claro";"Simples";"Reta";"Não";2;0;1;0;0;1;1;2;-12,13818549;-44,78146696;"SPRF-BA";"DEL10-BA";"UOP01-DEL10-BA"
301935;2020-08-16;"domingo";"20:30:00";"MT";158;744,2;"BARRA DO GARCAS";"Defeito Mecânico no Veículo";"Tombamento";"Com Vítimas Feridas";"Plena Noite";"Crescente";"Céu Claro";"Simples";"Reta";"Não";1;0;1;0;0;0;1;1;-15,433309;-52,20163994;"SPRF-MT";"DEL07-MT";"UOP01-DEL07-MT"
301936;2020-08-16;"domingo";"19:15:00";"MT";163;583;"NOVA MUTUM";"Falta de Atenção à Condução";"Tombamento";"Com Vítimas Feridas";"Plena Noite";"Crescente";"Céu Claro";"Simples";"Reta";"Não";1;0;0;1;0;0;1;1;-14,05793518;-56,09856364;"SPRF-MT";"DEL01-MT";"UOP01-DEL01-MT"
301937;2020-08-16;"domingo";"21:05:00";"PB";230;58;"CRUZ DO ESPIRITO SANTO";"Animais na Pista";"Atropelamento de Animal";"Com Vítimas Feridas";"Plena Noite";"Decrescente";"Céu Claro";"Dupla";"Reta";"Não";1;0;1;0;0;0;1;1;-7,20379062;-35,12207866;"SPRF-PB";"DEL01-PB";"UOP03-DEL01-PB"
301940;2020-08-16;"domingo";"19:20:00";"SC";280;96;"CORUPA";"Ingestão de Álcool";"Colisão frontal";"Com Vítimas Feridas";"Plena Noite";"Crescente";"Nevoeiro/Neblina";"Simples";"Reta";"Não";6;0;0;4;2;0;4;3;-26,39198268;-49,30187441;"SPRF-SC";"DEL06-SC";"UOP03-DEL06-SC"
301941;2020-08-16;"domingo";"21:50:00";"MG";262;358;"BETIM";"Ingestão de Álcool";"Saída de leito carroçável";"Sem Vítimas";"Plena Noite";"Decrescente";"Céu Claro";"Dupla";"Reta";"Não";1;0;0;0;0;1;0;1;-19,97562699;-44,197751;"SPRF-MG";"DEL01-MG";"UOP03-DEL01-MG"
301942;2020-08-16;"domingo";"19:30:00";"PR";277;668,9;"MEDIANEIRA";"Falta de Atenção à Condução";"Capotamento";"Sem Vítimas";"Plena Noite";"Decrescente";"Nublado";"Dupla";"Reta";"Sim";1;0;0;0;0;1;0;1;-25,27063805;-54,06252597;"SPRF-PR";"DEL05-PR";"UOP02-DEL05-PR"
301944;2020-08-16;"domingo";"17:10:00";"PB";230;492,8;"CAJAZEIRAS";"Desobediência às normas de trânsito pelo condutor";"Colisão traseira";"Com Vítimas Feridas";"Pleno dia";"Decrescente";"Céu Claro";"Simples";"Reta";"Não";4;0;1;2;0;1;3;3;-6,8721;-38,4409;"SPRF-PB";"DEL03-PB";"UOP03-DEL03-PB"