"id";"data_inversa";"dia_semana";"horario";"uf";"br";"km";"municipio";"causa_acidente";"tipo_acidente";"classificacao_acidente";"fase_dia";"sentido_via";"condicao_metereologica";"tipo_pista";"tracado_via";"uso_solo";"pessoas";"mortos";"feridos_leves";"feridos_graves";"ilesos";"ignorados";"feridos";"veiculos";"latitude";"longitude";"regional";"delegacia";"uop"
302293;2020-08-18;"terça-feira";"21:20:00";"MG";40;519;"CONTAGEM";"Condutor Dormindo";"Saída de leito carroçável";"Sem Vítimas";"Plena Noite";"Decrescente";"Céu Claro";"Dupla";"Reta";"Sim";1;0;0;0;1;0;0;1;-19,84410597;-44,07440186;"SPRF-MG";"DEL01-MG";"UOP02-DEL01-MG"
302294;2020-08-18;"terça-feira";"22:20:00";"RJ";101;262,2;"RIO BONITO";"Velocidade Incompatível";"Queda de ocupante de veículo";"Com Vítimas Feridas";"Plena Noite";"Decrescente";"Céu Claro";"Dupla";"Curva";"Não";4;0;0;2;0;2;2;2;-22,71367506;-42,62052996;"SPRF-RJ";"DEL02-RJ";"UOP03-DEL02-RJ"
302298;2020-01-29;"quarta-feira";"03:30:00";"PI";343;175,6;"PIRIPIRI";"Desobediência às normas de trânsito pelo condutor";"Colisão frontal";"Com Vítimas Feridas";"Plena Noite";"Crescente";"Céu Claro";"Simples";"Reta";"Não";7;0;3;0;4;0;3;2;-4,202044;-41,781467;"SPRF-PI";"DEL02-PI";"UOP01-DEL02-PI"
302299;2020-08-18;"terça-feira";"21:45:00";"PE";232;410;"SERRA TALHADA";"Desobediência às normas de trânsito pelo condutor";"Colisão transversal";"Com Vítimas Feridas";"Plena Noite";"Crescente";"Céu Claro";"Simples";"Reta";"Sim";2;0;1;0;1;0;1;2;-7,98261841;-38,30039606;"SPRF-PE";"DEL04-PE";"UOP01-DEL04-PE"
302300;2020-08-18;"terça-feira";"21:30:00";"MG";365;14;"MONTES CLAROS";"Falta de Atenção à Condução";"Colisão frontal";"Sem Vítimas";"Plena Noite";"Crescente";"Céu Claro";"Simples";"Reta";"Não";2;0;0;0;2;0;0;1;-16,85865174;-43,97913835;"SPRF-MG";"DEL12-MG";"UOP01-DEL12-MG"
302301;2020-08-18;"terça-feira";"23:10:00";"PE";232;118,8;"CARUARU";"Falta de Atenção à Condução";"Saída de leito carroçável";"Com Vítimas Fatais";"Plena Noite";"Decrescente";"Céu Claro";"Dupla";"Reta";"Não";5;1;2;2;0;0;4;1;-8,29431633;-35,88437194;"SPRF-PE";"DEL02-PE";"UOP03-DEL02-PE"
302302;2020-08-18;"terça-feira";"23:40:00";"SC";101;197;"BIGUACU";"Falta de Atenção à Condução";"Colisão com objeto estático";"Sem Vítimas";"Plena Noite";"Crescente";"Nublado";"Múltipla";"Reta";"Sim";1;0;0;0;0;1;0;1;-27,51844497;-48,63848496;"SPRF-SC";"DEL01-SC";"UOP01-DEL01-SC"
302305;2020-08-18;"terça-feira";"22:45:00";"SC";282;51,8;"AGUAS MORNAS";"Defeito Mecânico no Veículo";"Saída de leito carroçável";"Sem Vítimas";"Plena Noite";"Decrescente";"Chuva";"Simples";"Declive";"Não";3;0;0;0;3;0;0;1;-27,703712;-48,959267;"SPRF-SC";"DEL01-SC";"UOP03-DEL01-SC"
302307;2020-08-18;"terça-feira";"19:30:00";"RJ";101;549;"PARATY";"Falta de Atenção à Condução";"Colisão frontal";"Com Vítimas Fatais";"Plena Noite";"Decrescente";"Céu Claro";"Simples";"Curva";"Não";2;1;0;0;1;0;0;2;-23,04642435;-44,65531364;"SPRF-RJ";"DEL03-RJ";"UOP04-DEL03-RJ"
302309;2020-08-18;"terça-feira";"12:50:00";"BA";101;753;"ITABELA";"Desobediência às normas de trânsito pelo condutor";"Colisão transversal";"Com Vítimas Feridas";"Pleno dia";"Decrescente";"Céu Claro";"Simples";"Reta";"Não";4;0;2;0;2;0;2;3;-16,7842129;-39,47493222;"SPRF-BA";"DEL09-BA";"UOP01-DEL09-BA"
302310;2020-08-19;"quarta-feira";"02:30:00";"GO";153;623,8;"MORRINHOS";"Condutor Dormindo";"Saída de leito carroçável";"Com Vítimas Feridas";"Plena Noite";"Crescente";"Céu Claro";"Dupla";"Reta";"Não";1;0;1;0;0;0;1;1;-17,7483;-49,1598;"SPRF-GO";"DEL03-GO";"UOP01-DEL03-GO"
302311;2020-08-19;"quarta-feira";"01:20:00";"PR";376;493,4;"PONTA GROSSA";"Defeito Mecânico no Veículo";"Queda de ocupante de veículo";"Com Vítimas Feridas";"Plena Noite";"Decrescente";"Garoa/Chuvisco";"Dupla";"Reta";"Não";1;0;1;0;0;0;1;1;-25,16001091;-50,12436895;"SPRF-PR";"DEL03-PR";"UOP04-DEL03-PR"
302312;2020-08-18;"terça-feira";"21:15:00";"CE";222;5;"CAUCAIA";"Falta de Atenção à Condução";"Colisão lateral";"Com Vítimas Feridas";"Plena Noite";"Crescente";"Céu Claro";"Simples";"Reta";"Sim";5;0;2;1;2;0;3;2;-3,736507;-38,65337;"SPRF-CE";"DEL01-CE";"UOP01-DEL01-CE"
302313;2020-08-19;"quarta-feira";"01:05:00";"RO";364;305;"PRESIDENTE MEDICI";"Falta de Atenção à Condução";"Colisão lateral";"Sem Vítimas";"Plena Noite";"Decrescente";"Céu Claro";"Simples";"Reta";"Sim";2;0;0;0;2;0;0;2;-11,199493;-61,90149998;"SPRF-RO";"DEL02-RO";"UOP01-DEL02-RO"
302316;2020-08-19;"quarta-feira";"06:15:00";"RJ";356;172;"SAO JOAO DA BARRA";"Condutor Dormindo";"Saída de leito carroçável";"Com Vítimas Feridas";"Amanhecer";"Crescente";"Céu Claro";"Simples";"Reta";"Não";3;0;3;0;0;0;3;1;-21,71828112;-41,06560707;"SPRF-RJ";"DEL08-RJ";"UOP02-DEL08-RJ"
302317;2020-08-19;"quarta-feira";"06:40:00";"SP";116;210,3;"GUARULHOS";"Falta de Atenção à Condução";"Engavetamento";"Sem Vítimas";"Pleno dia";"Decrescente";"Céu Claro";"Múltipla";"Reta";"Sim";3;0;0;0;3;0;0;3;-23,42870023;-46,41085991;"SPRF-SP";"DEL01-SP";"UOP01-DEL01-SP"
302319;2020-07-23;"quinta-feira";"07:49:00";"SC";101;214;"PALHOCA";"Não guardar distância de segurança";"Colisão traseira";"Com Vítimas Feridas";"Pleno dia";"Decrescente";"Nublado";"Múltipla";"Reta";"Sim";2;0;1;0;1;0;1;2;-27,64443;-48,67057;"SPRF-SC";"DEL01-SC";"UOP02-DEL01-SC"
302320;2020-08-18;"terça-feira";"19:45:00";"SP";381;61;"MAIRIPORA";"Desobediência às normas de trânsito pelo condutor";"Colisão traseira";"Sem Vítimas";"Plena Noite";"Crescente";"Céu Claro";"Dupla";"Curva";"Não";2;0;0;0;2;0;0;2;-23,29011611;-46,5800681;"SPRF-SP";"DEL03-SP";"UOP01-DEL03-SP"
302321;2020-08-19;"quarta-feira";"06:25:00";"MG";50;129,8;"UBERABA";"Condutor Dormindo";"Saída de leito carroçável";"Com Vítimas Feridas";"Pleno dia";"Decrescente";"Céu Claro";"Dupla";"Reta";"Não";1;0;1;0;0;0;1;1;-19,38085098;-48,07703881;"SPRF-MG";"DEL13-MG";"UOP01-DEL13-MG"
302322;2020-08-19;"quarta-feira";"07:32:00";"RN";101;99;"PARNAMIRIM";"Desobediência às normas de trânsito pelo condutor";"Colisão traseira";"Com Vítimas Feridas";"Pleno dia";"Decrescente";"Céu Claro";"Múltipla";"Reta";"Sim";5;0;1;0;2;2;1;3;-5,87359183;-35,22063023;"SPRF-RN";"DEL01-RN";"UOP01-DEL01-RN"
302323;2020-08-19;"quarta-feira";"06:40:00";"RR";174;509,5;"BOA VISTA";"Desobediência às normas de trânsito pelo condutor";"Colisão transversal";"Com Vítimas Feridas";"Pleno dia";"Crescente";"Céu Claro";"Simples";"Reta";"Sim";2;0;1;0;1;0;1;2;2,859658;-60,698527;"SPRF-RR";"DEL01-RR";"UOP01-DEL01-RR"
302325;2020-08-19;"quarta-feira";"07:20:00";"SC";101;208,3;"SAO JOSE";"Desobediência às normas de trânsito pelo condutor";"Colisão lateral";"Com Vítimas Feridas";"Pleno dia";"Decrescente";"Nublado";"Dupla";"Reta";"Sim";2;0;1;0;1;0;1;2;-27,60327979;-48,63201818;"SPRF-SC";"DEL01-SC";"UOP01-DEL01-SC"
302326;2020-08-19;"quarta-feira";"07:00:00";"ES";101;264,4;"SERRA";"Falta de Atenção à Condução";"Colisão transversal";"Com Vítimas Feridas";"Pleno dia";"Decrescente";"Céu Claro";"Dupla";"Interseção de Vias";"Sim";2;0;1;0;1;0;1;2;-20,17292791;-40,26736384;"SPRF-ES";"DEL02-ES";"UOP01-DEL02-ES"
302327;2020-08-19;"quarta-feira";"08:00:00";"ES";393;0,3;"CACHOEIRO DE ITAPEMIRIM";"Falta de Atenção à Condução";"Colisão transversal";"Com Vítimas Feridas";"Pleno dia";"Crescente";"Céu Claro";"Simples";"Reta";"Sim";2;0;1;0;1;0;1;2;-20,841324;-41,15929;"SPRF-ES";"DEL03-ES";"UOP02-DEL03-ES"
302328;2020-08-19;"quarta-feira";"07:50:00";"PR";376;167,2;"MARINGA";"Fenômenos da Natureza";"Engavetamento";"Com Vítimas Feridas";"Pleno dia";"Crescente";"Chuva";"Dupla";"Curva";"Não";5;0;4;0;1;0;4;3;-23,40324167;-51,99632075;"SPRF-PR";"DEL09-PR";"UOP01-DEL09-PR"
302329;2020-08-19;"quarta-feira";"08:00:00";"RN";101;96;"NATAL";"Falta de Atenção à Condução";"Colisão lateral";"Com Vítimas Feridas";"Pleno dia";"Decrescente";"Céu Claro";"Dupla";"Reta";"Sim";1;0;1;0;0;0;1;1;-5,84949622;-35,20890752;"SPRF-RN";"DEL01-RN";"UOP01-DEL01-RN"
302331;2020-08-19;"quarta-feira";"07:00:00";"MG";262;443,2;"NOVA SERRANA";"Falta de Atenção à Condução";"Colisão com objeto estático";"Com Vítimas Feridas";"Pleno dia";"Crescente";"Sol";"Dupla";"Reta";"Não";2;0;0;1;1;0;1;2;-19,87097803;-44,97520566;"SPRF-MG";"DEL08-MG";"UOP03-DEL08-MG"
302332;2020-08-19;"quarta-feira";"06:50:00";"PB";230;161,8;"CAMPINA GRANDE";"Falta de Atenção à Condução";"Colisão lateral";"Com Vítimas Feridas";"Pleno dia";"Crescente";"Céu Claro";"Simples";"Reta";"Sim";5;0;4;0;0;1;4;2;-7,2361;-35,941;"SPRF-PB";"DEL02-PB";"UOP01-DEL02-PB"
302335;2020-08-19;"quarta-feira";"07:35:00";"RJ";493;99;"SEROPEDICA";"Condutor Dormindo";"Saída de leito carroçável";"Com Vítimas Feridas";"Pleno dia";"Decrescente";"Céu Claro";"Dupla";"Reta";"Não";2;0;2;0;0;0;2;1;-22,73059843;-43,71642141;"SPRF-RJ";"DEL03-RJ";"UOP01-DEL03-RJ"
302336;2020-08-19;"quarta-feira";"08:00:00";"MG";381;486,3;"BETIM";"Não guardar distância de segurança";"Colisão lateral";"Com Vítimas Feridas";"Pleno dia";"Decrescente";"Céu Claro";"Múltipla";"Reta;Declive";"Sim";2;0;1;0;1;0;1;2;-19,95644414;-44,13611598;"SPRF-MG";"DEL01-MG";"UOP03-DEL01-MG"
302337;2020-08-19;"quarta-feira";"08:00:00";"MG";381;491,9;"BETIM";"Não guardar distância de segurança";"Colisão traseira";"Com Vítimas Feridas";"Pleno dia";"Crescente";"Sol";"Múltipla";"Reta";"Sim";2;0;1;0;1;0;1;2;-19,96091958;-44,15946543;"SPRF-MG";"DEL01-MG";"UOP03-DEL01-MG"
302338;2020-08-07;"sexta-feira";"10:45:00";"SC";116;172;"SAO CRISTOVAO DO SUL";"Não guardar distância de segurança";"Colisão traseira";"Com Vítimas Feridas";"Pleno dia";"Decrescente";"Céu Claro";"Simples";"Reta";"Não";3;0;2;0;1;0;2;2;-27,21243998;-50,4652468;"SPRF-SC";"DEL05-SC";"UOP03-DEL05-SC"
302340;2020-07-24;"sexta-feira";"09:00:00";"BA";235;265;"CURACA";"Desobediência às normas de trânsito pelo condutor";"Colisão transversal";"Com Vítimas Feridas";"Pleno dia";"Decrescente";"Céu Claro";"Simples";"Interseção de Vias";"Não";2;0;0;1;1;0;1;2;-9,63228895;-39,79434913;"SPRF-BA";"DEL07-BA";"UOP01-DEL07-BA"
302344;2020-08-19;"quarta-feira";"08:00:00";"SC";101;404,3;"ARARANGUA";"Ingestão de Álcool";"Saída de leito carroçável";"Com Vítimas Feridas";"Pleno dia";"Decrescente";"Nublado";"Dupla";"Reta";"Não";3;0;3;0;0;0;3;1;-28,89462347;-49,47050616;"SPRF-SC";"DEL02-SC";"UOP02-DEL02-SC"
302346;2020-08-19;"quarta-feira";"08:50:00";"PE";101;72;"RECIFE";"Não guardar distância de segurança";"Colisão traseira";"Com Vítimas Feridas";"Pleno dia";"Decrescente";"Céu Claro";"Dupla";"Reta";"Sim";2;0;1;0;0;1;1;2;-8,08493106;-34,9450639;"SPRF-PE";"DEL01-PE";"UOP01-DEL01-PE"
302347;2020-08-19;"quarta-feira";"09:20:00";"BA";110;340;"ALAGOINHAS";"Falta de Atenção à Condução";"Colisão transversal";"Com Vítimas Feridas";"Pleno dia";"Decrescente";"Céu Claro";"Simples";"Retorno Regulamentado;Reta";"Sim";2;0;2;0;0;0;2;2;-12,21614599;-38,41432082;"SPRF-BA";"DEL01-BA";"UOP04-DEL01-BA"
302349;2020-08-19;"quarta-feira";"08:10:00";"ES";101;266;"SERRA";"Ingestão de álcool e/ou substâncias psicoativas pelo pedestre";"Colisão com objeto estático";"Sem Vítimas";"Pleno dia";"Crescente";"Sol";"Múltipla";"Interseção de Vias";"Sim";1;0;0;0;0;1;0;1;-20,190199;-40,26828891;"SPRF-ES";"DEL02-ES";"UOP01-DEL02-ES"
302350;2020-07-02;"quinta-feira";"10:23:00";"PB";230;20;"JOAO PESSOA";"Pista Escorregadia";"Tombamento";"Com Vítimas Feridas";"Pleno dia";"Crescente";"Ignorado";"Dupla";"Reta";"Sim";1;0;0;1;0;0;1;1;-7,14245249;-34,85177192;"SPRF-PB";"DEL01-PB";"UOP01-DEL01-PB"
302351;2020-02-22;"sábado";"06:00:00";"RS";290;107,1;"ELDORADO DO SUL";"Falta de Atenção à Condução";"Capotamento";"Com Vítimas Feridas";"Pleno dia";"Decrescente";"Céu Claro";"Dupla";"Reta";"Não";4;0;1;0;3;0;1;1;-30,001852;-51,304264;"SPRF-RS";"DEL02-RS";"UOP01-DEL02-RS"
302352;2020-08-19;"quarta-feira";"12:15:00";"PE";232;214,9;"PESQUEIRA";"Ultrapassagem Indevida";"Saída de leito carroçável";"Com Vítimas Feridas";"Pleno dia";"Crescente";"Céu Claro";"Simples";"Reta";"Não";5;0;3;1;1;0;4;1;-8,3804455;-36,73076279;"SPRF-PE";"DEL03-PE";"UOP02-DEL03-PE"
302354;2020-08-19;"quarta-feira";"10:50:00";"PR";376;587;"CURITIBA";"Pista Escorregadia";"Engavetamento";"Sem Vítimas";"Pleno dia";"Decrescente";"Chuva";"Dupla";"Reta";"Sim";3;0;0;0;3;0;0;3;-25,45155592;-49,36237578;"SPRF-PR";"DEL01-PR";"UOP03-DEL03-PR"
302355;2020-08-19;"quarta-feira";"10:50:00";"SP";153;293;"OCAUCU";"Falta de Atenção à Condução";"Engavetamento";"Sem Vítimas";"Pleno dia";"Decrescente";"Céu Claro";"Simples";"Reta";"Não";3;0;0;0;3;0;0;3;-22,518731;-49,889507;"SPRF-SP";"DEL07-SP";"UOP02-DEL07-SP"
302356;2020-08-19;"quarta-feira";"10:20:00";"RO";435;71;"COLORADO DO OESTE";"Falta de Atenção à Condução";"Queda de ocupante de veículo";"Com Vítimas Feridas";"Pleno dia";"Crescente";"Céu Claro";"Simples";"Curva";"Não";2;0;2;0;0;0;2;1;-13,1021662;-60,41098797;"SPRF-RO";"DEL04-RO";"UOP02-DEL04-RO"
302361;2020-08-19;"quarta-feira";"12:00:00";"MG";153;51;"MONTE ALEGRE DE MINAS";"Velocidade Incompatível";"Capotamento";"Com Vítimas Feridas";"Pleno dia";"Crescente";"Céu Claro";"Dupla";"Curva";"Não";1;0;1;0;0;0;1;1;-18,83093899;-49,08873404;"SPRF-MG";"DEL15-MG";"UOP03-DEL15-MG"
302362;2020-08-19;"quarta-feira";"10:50:00";"PR";277;485;"NOVA LARANJEIRAS";"Ingestão de Álcool";"Saída de leito carroçável";"Com Vítimas Feridas";"Pleno dia";"Decrescente";"Chuva";"Simples";"Reta";"Não";1;0;1;0;0;0;1;1;-25,26613423;-52,62116896;"SPRF-PR";"DEL04-PR";"UOP02-DEL04-PR"
302363;2020-08-19;"quarta-feira";"12:35:00";"PR";0;0;"APUCARANA";"Falta de Atenção à Condução";"Colisão lateral";"Sem Vítimas";"Pleno dia";"Não Informado";"Chuva";"Simples";"Interseção de Vias";"Sim";3;0;0;0;3;0;0;2;-23,5613736;-51,4867991;"SPRF-PR";"DEL07-PR";"UOP03-DEL07-PR"
302364;2020-08-19;"quarta-feira";"12:50:00";"MG";50;177;"UBERABA";"Falta de Atenção à Condução";"Colisão traseira";"Com Vítimas Feridas";"Pleno dia";"Decrescente";"Sol";"Dupla";"Curva";"Sim";5;0;2;0;3;0;2;2;-19,77935512;-47,9474939;"SPRF-MG";"DEL13-MG";"UOP01-DEL13-MG"
302367;2020-08-19;"quarta-feira";"13:05:00";"PR";369;138,8;"IBIPORA";"Falta de Atenção à Condução";"Colisão lateral";"Com Vítimas Feridas";"Pleno dia";"Crescente";"Nublado";"Dupla";"Reta";"Sim";2;0;1;0;1;0;1;2;-23,273748;-51,056769;"SPRF-PR";"DEL07-PR";"UOP01-DEL07-PR"
302369;2020-08-19;"quarta-feira";"14:00:00";"MG";153;3;"ARAPORA";"Avarias e/ou desgaste excessivo no pneu";"Saída de leito carroçável";"Com Vítimas Feridas";"Pleno dia";"Crescente";"Céu Claro";"Simples";"Reta";"Não";2;0;1;1;0;0;2;1;-18,44693881;-49,1879046;"SPRF-MG";"DEL15-MG";"UOP03-DEL15-MG"
302372;2020-08-07;"sexta-feira";"20:20:00";"SP";116;58,3;"GUARATINGUETA";"Objeto estático sobre o leito carroçável";"Capotamento";"Com Vítimas Feridas";"Plena Noite";"Crescente";"Céu Claro";"Dupla";"Reta";"Sim";1;0;1;0;0;0;1;1;-22,78005511;-45,14572791;"SPRF-SP";"DEL08-SP";"UOP01-DEL08-SP"
302373;2020-08-19;"quarta-feira";"14:15:00";"PR";373;199,9;"IPIRANGA";"Desobediência às normas de trânsito pelo condutor";"Colisão transversal";"Com Vítimas Feridas";"Pleno dia";"Decrescente";"Chuva";"Simples";"Interseção de Vias";"Não";2;0;1;0;1;0;1;2;-25,08427259;-50,40849951;"SPRF-PR";"DEL03-PR";"UOP04-DEL03-PR"
302377;2020-08-19;"quarta-feira";"14:43:00";"MA";316;547;"CAXIAS";"Falta de Atenção à Condução";"Colisão transversal";"Com Vítimas Fatais";"Pleno dia";"Crescente";"Céu Claro";"Simples";"Rotatória";"Não";4;2;0;0;2;0;0;2;-4,87506672;-43,39638363;"SPRF-MA";"DEL03-MA";"UOP02-DEL03-MA"
302378;2020-08-19;"quarta-feira";"14:30:00";"RN";304;48,4;"MOSSORO";"Desobediência às normas de trânsito pelo condutor";"Colisão transversal";"Com Vítimas Feridas";"Pleno dia";"Decrescente";"Céu Claro";"Dupla";"Reta";"Sim";2;0;1;0;0;1;1;2;-5,23117853;-37,32069796;"SPRF-RN";"DEL04-RN";"UOP01-DEL04-RN"
302379;2020-08-19;"quarta-feira";"14:45:00";"SC";101;334,5;"TUBARAO";"Não guardar distância de segurança";"Colisão traseira";"Com Vítimas Feridas";"Pleno dia";"Decrescente";"Nublado";"Múltipla";"Reta";"Sim";2;0;1;0;1;0;1;2;-28,46730446;-49,00604302;"SPRF-SC";"DEL02-SC";"UOP01-DEL02-SC"
302382;2020-08-19;"quarta-feira";"15:35:00";"DF";40;0,4;"BRASILIA";"Falta de Atenção à Condução";"Colisão traseira";"Com Vítimas Feridas";"Pleno dia";"Crescente";"Céu Claro";"Dupla";"Reta";"Sim";2;0;1;0;1;0;1;2;-15,976897;-47,990129;"SPRF-DF";"DEL01-DF";"UOP01-DEL01-DF"
302383;2020-08-19;"quarta-feira";"15:05:00";"SP";381;46;"ATIBAIA";"Falta de Atenção à Condução";"Capotamento";"Com Vítimas Feridas";"Pleno dia";"Crescente";"Céu Claro";"Dupla";"Reta";"Sim";2;0;1;0;1;0;1;1;-23,180897;-46,580777;"SPRF-SP";"DEL03-SP";"UOP01-DEL03-SP"
302384;2020-08-19;"quarta-feira";"15:05:00";"PR";369;433,7;"UBIRATA";"Desobediência às normas de trânsito pelo condutor";"Colisão traseira";"Com Vítimas Feridas";"Pleno dia";"Crescente";"Chuva";"Simples";"Reta";"Não";3;0;1;1;1;0;2;2;-24,4751;-52,8755;"SPRF-PR";"DEL09-PR";"UOP03-DEL09-PR"
302389;2020-08-19;"quarta-feira";"16:00:00";"MG";365;624;"UBERLANDIA";"Falta de Atenção à Condução";"Colisão transversal";"Com Vítimas Feridas";"Pleno dia";"Decrescente";"Céu Claro";"Dupla";"Interseção de Vias";"Sim";2;0;1;0;1;0;1;2;-18,90754763;-48,3160669;"SPRF-MG";"DEL15-MG";"UOP01-DEL15-MG"
302391;2020-08-19;"quarta-feira";"16:40:00";"SP";116;282;"EMBU DAS ARTES";"Não guardar distância de segurança";"Tombamento";"Com Vítimas Feridas";"Pleno dia";"Crescente";"Garoa/Chuvisco";"Dupla";"Reta";"Sim";1;0;1;0;0;0;1;1;-23,68570216;-46,85970975;"SPRF-SP";"DEL04-SP";"UOP01-DEL04-SP"
302392;2020-08-19;"quarta-feira";"15:40:00";"SP";116;541;"BARRA DO TURVO";"Pista Escorregadia";"Colisão com objeto estático";"Com Vítimas Feridas";"Pleno dia";"Crescente";"Chuva";"Dupla";"Curva";"Não";2;0;1;0;1;0;1;1;-24,97245688;-48,39976606;"SPRF-SP";"DEL05-SP";"UOP02-DEL05-SP"
302393;2020-08-19;"quarta-feira";"14:30:00";"MS";359;525,6;"LADARIO";"Avarias e/ou desgaste excessivo no pneu";"Saída de leito carroçável";"Com Vítimas Feridas";"Pleno dia";"Crescente";"Chuva";"Simples";"Curva";"Não";1;0;1;0;0;0;1;1;-19,029644;-57,61845002;"SPRF-MS";"DEL03-MS";"UOP03-DEL03-MS"
302394;2020-08-19;"quarta-feira";"16:50:00";"ES";101;63;"SAO MATEUS";"Carga excessiva e/ou mal acondicionada";"Colisão com objeto em movimento";"Com Vítimas Feridas";"Anoitecer";"Crescente";"Céu Claro";"Simples";"Reta";"Não";1;0;1;0;0;0;1;1;-18,69830807;-39,86481056;"SPRF-ES";"DEL04-ES";"UOP02-DEL04-ES"
302395;2020-08-19;"quarta-feira";"16:25:00";"RS";116;325;"BARRA DO RIBEIRO";"Falta de Atenção à Condução";"Saída de leito carroçável";"Com Vítimas Feridas";"Pleno dia";"Crescente";"Nublado";"Simples";"Reta";"Não";2;0;2;0;0;0;2;1;-30,33576406;-51,42550986;"SPRF-RS";"DEL02-RS";"UOP01-DEL02-RS"
302396;2020-08-19;"quarta-feira";"17:00:00";"ES";393;0,7;"CACHOEIRO DE ITAPEMIRIM";"Desobediência às normas de trânsito pelo condutor";"Colisão frontal";"Com Vítimas Feridas";"Pleno dia";"Decrescente";"Céu Claro";"Simples";"Reta";"Sim";2;0;0;2;0;0;2;2;-20,83772726;-41,16567492;"SPRF-ES";"DEL03-ES";"UOP02-DEL03-ES"
302402;2020-08-19;"quarta-feira";"17:50:00";"MG";116;530,9;"CARATINGA";"Desobediência às normas de trânsito pelo condutor";"Colisão traseira";"Com Vítimas Feridas";"Anoitecer";"Decrescente";"Céu Claro";"Simples";"Curva";"Sim";2;0;1;0;1;0;1;2;-19,81067298;-42,13539446;"SPRF-MG";"DEL06-MG";"UOP02-DEL06-MG"
302403;2020-08-19;"quarta-feira";"17:40:00";"SP";153;56;"SAO JOSE DO RIO PRETO";"Falta de Atenção à Condução";"Engavetamento";"Sem Vítimas";"Anoitecer";"Crescente";"Céu Claro";"Dupla";"Reta";"Não";3;0;0;0;3;0;0;3;-20,7615601;-49,34622278;"SPRF-SP";"DEL09-SP";"UOP01-DEL09-SP"
302404;2020-08-19;"quarta-feira";"18:00:00";"RJ";116;169;"SAO JOAO DE MERITI";"Desobediência às normas de trânsito pelo condutor";"Colisão lateral";"Com Vítimas Feridas";"Plena Noite";"Crescente";"Céu Claro";"Dupla";"Reta";"Sim";2;0;1;0;1;0;1;2;-22,816206;-43,324463;"SPRF-RJ";"DEL01-RJ";"UOP02-DEL01-RJ"
302405;2020-08-19;"quarta-feira";"18:00:00";"RJ";116;169,8;"SAO JOAO DE MERITI";"Não guardar distância de segurança";"Queda de ocupante de veículo";"Com Vítimas Feridas";"Plena Noite";"Crescente";"Céu Claro";"Múltipla";"Reta";"Sim";1;0;1;0;0;0;1;1;-22,816206;-43,324463;"SPRF-RJ";"DEL01-RJ";"UOP02-DEL01-RJ"
302406;2020-08-19;"quarta-feira";"16:30:00";"PI";343;213;"CAPITAO DE CAMPOS";"Desobediência às normas de trânsito pelo condutor";"Colisão transversal";"Com Vítimas Feridas";"Pleno dia";"Decrescente";"Céu Claro";"Dupla";"Reta;Retorno Regulamentado";"Sim";2;0;1;1;0;0;2;2;-4,454889;-41,937153;"SPRF-PI";"DEL02-PI";"UOP01-DEL02-PI"
302411;2020-08-19;"quarta-feira";"18:35:00";"MG";364;14;"FRUTAL";"Deficiência ou não Acionamento do Sistema de Iluminação/Sinalização do Veículo";"Colisão frontal";"Com Vítimas Feridas";"Plena Noite";"Crescente";"Céu Claro";"Simples";"Reta";"Não";4;0;0;1;3;0;1;2;-20,07339;-48,7825;"SPRF-MG";"DEL13-MG";"UOP02-DEL13-MG"
302412;2020-08-19;"quarta-feira";"18:20:00";"RJ";101;61;"CAMPOS DOS GOYTACAZES";"Falta de Atenção à Condução";"Colisão transversal";"Com Vítimas Feridas";"Plena Noite";"Decrescente";"Céu Claro";"Simples";"Reta";"Sim";2;0;1;0;0;1;1;2;-21,72655788;-41,32133519;"SPRF-RJ";"DEL08-RJ";"UOP01-DEL08-RJ"
302414;2020-08-19;"quarta-feira";"16:30:00";"BA";116;823,5;"VITORIA DA CONQUISTA";"Desobediência às normas de trânsito pelo condutor";"Colisão lateral";"Com Vítimas Feridas";"Pleno dia";"Decrescente";"Sol";"Dupla";"Reta";"Sim";3;0;2;0;1;0;2;2;-14,858679;-40,849451;"SPRF-BA";"DEL08-BA";"UOP01-DEL08-BA"
302415;2020-08-19;"quarta-feira";"18:45:00";"MG";251;513,9;"MONTES CLAROS";"Falta de Atenção à Condução";"Saída de leito carroçável";"Com Vítimas Feridas";"Plena Noite";"Decrescente";"Céu Claro";"Simples";"Rotatória";"Sim";1;0;1;0;0;0;1;1;-16,6575132;-43,72704597;"SPRF-MG";"DEL12-MG";"UOP01-DEL12-MG"
302416;2020-08-19;"quarta-feira";"18:10:00";"MG";262;482,2;"BOM DESPACHO";"Defeito Mecânico no Veículo";"Incêndio";"Sem Vítimas";"Anoitecer";"Crescente";"Céu Claro";"Simples";"Reta;Declive";"Não";1;0;0;0;1;0;0;1;-19,78223048;-45,26624285;"SPRF-MG";"DEL08-MG";"UOP03-DEL08-MG"