"id";"data_inversa";"dia_semana";"horario";"uf";"br";"km";"municipio";"causa_acidente";"tipo_acidente";"classificacao_acidente";"fase_dia";"sentido_via";"condicao_metereologica";"tipo_pista";"tracado_via";"uso_solo";"pessoas";"mortos";"feridos_leves";"feridos_graves";"ilesos";"ignorados";"feridos";"veiculos";"latitude";"longitude";"regional";"delegacia";"uop"
302691;2020-08-21;"sexta-feira";"10:00:00";"MG";251;520,5;"MONTES CLAROS";"Defeito Mecânico no Veículo";"Capotamento";"Com Vítimas Feridas";"Pleno dia";"Decrescente";"Céu Claro";"Simples";"Reta";"Não";1;0;1;0;0;0;1;1;-16,66570005;-43,78533097;"SPRF-MG";"DEL12-MG";"UOP01-DEL12-MG"
302692;2020-08-21;"sexta-feira";"10:15:00";"SP";116;541;"BARRA DO TURVO";"Pista Escorregadia";"Colisão com objeto estático";"Com Vítimas Feridas";"Pleno dia";"Crescente";"Chuva";"Dupla";"Curva";"Não";1;0;0;1;0;0;1;1;-24,97245688;-48,39976606;"SPRF-SP";"DEL05-SP";"UOP02-DEL05-SP"
302694;2020-08-21;"sexta-feira";"11:00:00";"RJ";101;65;"CAMPOS DOS GOYTACAZES";"Não guardar distância de segurança";"Engavetamento";"Com Vítimas Feridas";"Pleno dia";"Crescente";"Céu Claro";"Dupla";"Interseção de Vias";"Sim";3;0;1;0;2;0;1;3;-21,75429823;-41,34628415;"SPRF-RJ";"DEL08-RJ";"UOP02-DEL08-RJ"
302695;2020-08-21;"sexta-feira";"09:00:00";"RO";364;416,5;"JARU";"Falta de Atenção à Condução";"Colisão transversal";"Com Vítimas Feridas";"Pleno dia";"Decrescente";"Nublado";"Simples";"Interseção de Vias";"Não";2;0;1;0;1;0;1;2;-10,497604;-62,421074;"SPRF-RO";"DEL03-RO";"UOP02-DEL03-RO"
302696;2020-08-21;"sexta-feira";"10:15:00";"SP";381;34;"ATIBAIA";"Defeito Mecânico no Veículo";"Incêndio";"Sem Vítimas";"Pleno dia";"Decrescente";"Chuva";"Dupla";"Aclive;Reta";"Sim";1;0;0;0;1;0;0;1;-23,079939;-46,569862;"SPRF-SP";"DEL03-SP";"UOP01-DEL03-SP"
302698;2020-08-21;"sexta-feira";"11:15:00";"RS";101;32;"TRES CACHOEIRAS";"Falta de Atenção à Condução";"Colisão transversal";"Com Vítimas Feridas";"Pleno dia";"Crescente";"Céu Claro";"Dupla";"Reta";"Sim";2;0;1;0;1;0;1;2;-29,49424084;-49,97664153;"SPRF-RS";"DEL03-RS";"UOP02-DEL03-RS"
302700;2020-08-21;"sexta-feira";"13:10:00";"PR";476;131,5;"CURITIBA";"Falta de Atenção à Condução";"Colisão lateral";"Com Vítimas Feridas";"Pleno dia";"Crescente";"Garoa/Chuvisco";"Dupla";"Reta";"Sim";2;0;1;0;1;0;1;2;-25,453636;-49,245155;"SPRF-PR";"DEL01-PR";"UOP03-DEL01-PR"
302702;2020-08-21;"sexta-feira";"12:00:00";"ES";101;54;"SAO MATEUS";"Agressão Externa";"Saída de leito carroçável";"Com Vítimas Feridas";"Pleno dia";"Crescente";"Nublado";"Simples";"Reta";"Não";2;0;2;0;0;0;2;1;-18,62067908;-39,88189225;"SPRF-ES";"DEL04-ES";"UOP02-DEL04-ES"
302703;2020-08-21;"sexta-feira";"13:05:00";"SP";116;69;"APARECIDA";"Defeito Mecânico no Veículo";"Colisão com objeto estático";"Com Vítimas Feridas";"Pleno dia";"Decrescente";"Garoa/Chuvisco";"Dupla";"Curva";"Sim";1;0;1;0;0;0;1;1;-22,84017188;-45,22364349;"SPRF-SP";"DEL08-SP";"UOP01-DEL08-SP"
302706;2020-08-21;"sexta-feira";"13:00:00";"ES";101;370,9;"ANCHIETA";"Falta de Atenção à Condução";"Colisão transversal";"Com Vítimas Feridas";"Pleno dia";"Crescente";"Nublado";"Simples";"Interseção de Vias";"Não";2;0;0;1;1;0;1;2;-20,76871121;-40,75999937;"SPRF-ES";"DEL03-ES";"UOP01-DEL03-ES"
302707;2020-08-21;"sexta-feira";"09:40:00";"PB";230;423,3;"POMBAL";"Falta de Atenção à Condução";"Saída de leito carroçável";"Com Vítimas Feridas";"Pleno dia";"Decrescente";"Sol";"Simples";"Curva";"Não";2;0;1;0;1;0;1;1;-6,734267;-37,895206;"SPRF-PB";"DEL03-PB";"UOP02-DEL03-PB"
302708;2020-08-21;"sexta-feira";"13:30:00";"MG";40;663,9;"CARANDAI";"Desobediência às normas de trânsito pelo condutor";"Colisão transversal";"Com Vítimas Feridas";"Pleno dia";"Decrescente";"Nublado";"Simples";"Reta";"Não";3;0;0;1;1;1;1;3;-20,932676;-43,817147;"SPRF-MG";"DEL05-MG";"UOP02-DEL05-MG"
302709;2020-08-09;"domingo";"21:50:00";"MG";267;300,7;"BAEPENDI";"Ingestão de Álcool";"Colisão frontal";"Com Vítimas Fatais";"Plena Noite";"Decrescente";"Céu Claro";"Simples";"Curva";"Não";4;1;0;1;1;1;1;3;-21,94978888;-44,90539815;"SPRF-MG";"DEL17-MG";"UOP01-DEL17-MG"
302710;2020-06-30;"terça-feira";"14:00:00";"RS";285;138;"MUITOS CAPOES";"Pista Escorregadia";"Saída de leito carroçável";"Com Vítimas Feridas";"Pleno dia";"Decrescente";"Vento";"Simples";"Curva";"Não";1;0;1;0;0;0;1;1;-28,39233194;-51,05428541;"SPRF-RS";"DEL05-RS";"UOP03-DEL05-RS"
302711;2020-08-21;"sexta-feira";"11:50:00";"RJ";493;6,6;"ITABORAI";"Falta de Atenção à Condução";"Colisão transversal";"Com Vítimas Feridas";"Pleno dia";"Crescente";"Chuva";"Dupla";"Reta";"Sim";4;0;2;0;1;1;2;3;-22,73124198;-42,95145305;"SPRF-RJ";"DEL02-RJ";"UOP02-DEL02-RJ"
302712;2020-08-21;"sexta-feira";"12:35:00";"RO";364;699;"PORTO VELHO";"Não guardar distância de segurança";"Colisão lateral";"Com Vítimas Feridas";"Pleno dia";"Crescente";"Céu Claro";"Dupla";"Curva";"Não";3;0;2;0;0;1;2;2;-8,80042882;-63,760185;"SPRF-RO";"DEL01-RO";"UOP01-DEL01-RO"
302714;2020-08-21;"sexta-feira";"12:30:00";"RJ";393;114;"SAPUCAIA";"Pista Escorregadia";"Colisão com objeto estático";"Com Vítimas Feridas";"Pleno dia";"Decrescente";"Chuva";"Simples";"Curva";"Não";1;0;1;0;0;0;1;1;-21,90846963;-42,73541595;"SPRF-RJ";"DEL05-RJ";"UOP01-DEL05-RJ"
302716;2020-03-15;"domingo";"18:00:00";"PI";316;312;"PICOS";"Animais na Pista";"Atropelamento de Animal";"Com Vítimas Feridas";"Plena Noite";"Crescente";"Garoa/Chuvisco";"Simples";"Reta";"Sim";1;0;1;0;0;0;1;1;-7,08092534;-41,4582602;"SPRF-PI";"DEL04-PI";"UOP01-DEL04-PI"
302717;2020-08-21;"sexta-feira";"09:20:00";"MG";262;44,8;"MANHUACU";"Velocidade Incompatível";"Colisão frontal";"Com Vítimas Feridas";"Pleno dia";"Crescente";"Chuva";"Simples";"Curva";"Não";3;0;2;0;1;0;2;2;-20,26011575;-42,08811198;"SPRF-MG";"DEL06-MG";"UOP03-DEL06-MG"
302718;2020-08-21;"sexta-feira";"13:30:00";"SC";101;163,4;"TIJUCAS";"Condutor Dormindo";"Saída de leito carroçável";"Com Vítimas Feridas";"Pleno dia";"Crescente";"Nublado";"Simples";"Curva";"Sim";1;0;1;0;0;0;1;1;-27,23461699;-48,63039809;"SPRF-SC";"DEL04-SC";"UOP03-DEL04-SC"
302719;2020-08-21;"sexta-feira";"13:15:00";"MG";365;473;"PATROCINIO";"Pista Escorregadia";"Queda de ocupante de veículo";"Com Vítimas Feridas";"Pleno dia";"Crescente";"Garoa/Chuvisco";"Simples";"Rotatória";"Sim";2;0;1;0;1;0;1;2;-18,92253379;-47,01519781;"SPRF-MG";"DEL10-MG";"UOP01-DEL10-MG"
302720;2020-08-21;"sexta-feira";"09:25:00";"MG";262;66,8;"MATIPO";"Velocidade Incompatível";"Colisão frontal";"Com Vítimas Fatais";"Pleno dia";"Decrescente";"Chuva";"Simples";"Curva";"Não";2;1;1;0;0;0;1;2;-20,30403972;-42,26009805;"SPRF-MG";"DEL06-MG";"UOP03-DEL06-MG"
302721;2020-08-21;"sexta-feira";"12:30:00";"PB";230;407,5;"POMBAL";"Falta de Atenção à Condução";"Colisão lateral";"Com Vítimas Feridas";"Pleno dia";"Crescente";"Sol";"Simples";"Reta";"Sim";2;0;0;2;0;0;2;2;-6,7733;-37,798;"SPRF-PB";"DEL03-PB";"UOP02-DEL03-PB"
302722;2020-08-21;"sexta-feira";"14:40:00";"PE";101;73,9;"RECIFE";"Não guardar distância de segurança";"Colisão traseira";"Com Vítimas Feridas";"Pleno dia";"Crescente";"Céu Claro";"Dupla";"Reta";"Sim";2;0;1;0;1;0;1;2;-8,093369;-34,947464;"SPRF-PE";"DEL01-PE";"UOP01-DEL01-PE"
302723;2020-08-21;"sexta-feira";"14:00:00";"SC";470;51;"BLUMENAU";"Desobediência às normas de trânsito pelo condutor";"Colisão transversal";"Com Vítimas Feridas";"Pleno dia";"Crescente";"Céu Claro";"Simples";"Reta";"Não";2;0;1;0;1;0;1;2;-26,862339;-49,084038;"SPRF-SC";"DEL04-SC";"UOP01-DEL04-SC"
302724;2020-08-21;"sexta-feira";"13:15:00";"MG";381;921,5;"CAMANDUCAIA";"Pista Escorregadia";"Capotamento";"Com Vítimas Feridas";"Pleno dia";"Crescente";"Chuva";"Dupla";"Declive;Curva";"Não";4;0;1;0;3;0;1;2;-22,7680939;-46,20854399;"SPRF-MG";"DEL16-MG";"UOP03-DEL16-MG"
302726;2020-08-21;"sexta-feira";"14:00:00";"DF";251;35;"BRASILIA";"Mal Súbito";"Saída de leito carroçável";"Com Vítimas Feridas";"Pleno dia";"Crescente";"Céu Claro";"Simples";"Declive";"Não";2;0;2;0;0;0;2;1;-15,940731;-47,770015;"SPRF-DF";"DEL01-DF";"UOP01-DEL01-DF"
302727;2020-08-21;"sexta-feira";"14:50:00";"SC";282;18,7;"PALHOCA";"Falta de Atenção à Condução";"Engavetamento";"Com Vítimas Feridas";"Pleno dia";"Decrescente";"Céu Claro";"Simples";"Reta";"Não";5;0;3;0;2;0;3;3;-27,672798;-48,694286;"SPRF-SC";"DEL01-SC";"UOP02-DEL01-SC"
302728;2020-08-21;"sexta-feira";"13:30:00";"SC";282;459;"PONTE SERRADA";"Desobediência às normas de trânsito pelo condutor";"Colisão transversal";"Com Vítimas Feridas";"Pleno dia";"Crescente";"Céu Claro";"Simples";"Reta";"Não";2;0;1;0;1;0;1;2;-26,863695;-52,024818;"SPRF-SC";"DEL07-SC";"UOP04-DEL07-SC"
302729;2020-08-21;"sexta-feira";"15:20:00";"SC";101;201;"SAO JOSE";"Desobediência às normas de trânsito pelo condutor";"Colisão traseira";"Com Vítimas Feridas";"Pleno dia";"Decrescente";"Céu Claro";"Dupla";"Reta";"Sim";2;0;0;1;1;0;1;2;-27,54836599;-48,61977975;"SPRF-SC";"DEL01-SC";"UOP01-DEL01-SC"
302730;2020-08-21;"sexta-feira";"13:20:00";"SC";282;549,3;"CHAPECO";"Defeito Mecânico no Veículo";"Queda de ocupante de veículo";"Com Vítimas Feridas";"Pleno dia";"Crescente";"Sol";"Simples";"Reta";"Não";2;0;1;0;1;0;1;1;-26,962664;-52,762272;"SPRF-SC";"DEL07-SC";"UOP01-DEL07-SC"
302731;2020-08-21;"sexta-feira";"15:18:00";"GO";50;270;"CATALAO";"Defeito Mecânico no Veículo";"Saída de leito carroçável";"Com Vítimas Feridas";"Pleno dia";"Crescente";"Nublado";"Dupla";"Declive";"Não";1;0;0;1;0;0;1;1;-18,1087;-47,8878;"SPRF-GO";"DEL06-GO";"UOP01-DEL06-GO"
302733;2020-08-21;"sexta-feira";"14:50:00";"RJ";101;519;"ANGRA DOS REIS";"Animais na Pista";"Atropelamento de Animal";"Com Vítimas Feridas";"Pleno dia";"Crescente";"Chuva";"Simples";"Reta";"Não";1;0;1;0;0;0;1;1;-23,00804213;-44,44745093;"SPRF-RJ";"DEL03-RJ";"UOP02-DEL03-RJ"
302734;2020-08-21;"sexta-feira";"14:40:00";"SC";101;348,5;"TUBARAO";"Falta de Atenção à Condução";"Colisão transversal";"Com Vítimas Feridas";"Pleno dia";"Decrescente";"Sol";"Simples";"Reta";"Sim";2;0;1;0;1;0;1;2;-28,58739983;-49,04623032;"SPRF-SC";"DEL02-SC";"UOP01-DEL02-SC"
302735;2020-08-21;"sexta-feira";"15:00:00";"ES";101;144,6;"LINHARES";"Falta de Atenção à Condução";"Engavetamento";"Com Vítimas Feridas";"Pleno dia";"Crescente";"Céu Claro";"Simples";"Reta";"Sim";4;0;1;0;3;0;1;3;-19,35188295;-40,0636685;"SPRF-ES";"DEL04-ES";"UOP01-DEL04-ES"
302736;2020-08-05;"quarta-feira";"14:45:00";"PR";153;385,5;"MALLET";"Defeito Mecânico no Veículo";"Capotamento";"Com Vítimas Feridas";"Pleno dia";"Decrescente";"Sol";"Simples";"Curva";"Não";1;0;1;0;0;0;1;1;-25,84266194;-50,83626789;"SPRF-PR";"DEL02-PR";"UOP04-DEL02-PR"
302737;2020-08-21;"sexta-feira";"16:00:00";"PE";232;127;"CARUARU";"Falta de Atenção do Pedestre";"Atropelamento de Pedestre";"Com Vítimas Fatais";"Pleno dia";"Decrescente";"Céu Claro";"Dupla";"Reta";"Sim";2;1;0;0;1;0;0;2;-8,30610303;-35,96342301;"SPRF-PE";"DEL02-PE";"UOP03-DEL02-PE"
302738;2020-08-21;"sexta-feira";"16:00:00";"RS";290;97;"PORTO ALEGRE";"Falta de Atenção à Condução";"Colisão traseira";"Sem Vítimas";"Pleno dia";"Crescente";"Céu Claro";"Dupla";"Ponte;Reta";"Não";2;0;0;0;2;0;0;2;-29,997789;-51,20779;"SPRF-RS";"DEL01-RS";"UOP01-DEL01-RS"
302739;2020-08-21;"sexta-feira";"16:15:00";"SP";381;73;"SAO PAULO";"Avarias e/ou desgaste excessivo no pneu";"Colisão com objeto estático";"Com Vítimas Feridas";"Anoitecer";"Decrescente";"Chuva";"Múltipla";"Aclive";"Não";1;0;1;0;0;0;1;1;-23,36553404;-46,55253934;"SPRF-SP";"DEL03-SP";"UOP01-DEL03-SP"
302740;2020-08-21;"sexta-feira";"16:00:00";"SC";101;325;"PESCARIA BRAVA";"Defeito Mecânico no Veículo";"Incêndio";"Sem Vítimas";"Pleno dia";"Crescente";"Céu Claro";"Múltipla";"Reta";"Sim";1;0;0;0;1;0;0;1;-28,42516271;-48,93259193;"SPRF-SC";"DEL02-SC";"UOP01-DEL02-SC"
302746;2020-08-21;"sexta-feira";"16:50:00";"MG";116;174,5;"PADRE PARAISO";"Ingestão de Álcool";"Saída de leito carroçável";"Com Vítimas Feridas";"Pleno dia";"Crescente";"Céu Claro";"Simples";"Curva";"Não";2;0;1;1;0;0;2;2;-17,0514099;-41,45884037;"SPRF-MG";"DEL11-MG";"UOP02-DEL11-MG"
302747;2020-08-21;"sexta-feira";"16:05:00";"PR";376;16,1;"MARINGA";"Agressão Externa";"Colisão com objeto em movimento";"Com Vítimas Feridas";"Pleno dia";"Crescente";"Céu Claro";"Dupla";"Reta";"Sim";1;0;0;1;0;0;1;1;-23,4273;-51,9375;"SPRF-PR";"DEL09-PR";"UOP01-DEL09-PR"
302749;2020-08-21;"sexta-feira";"16:40:00";"MG";262;380,8;"JUATUBA";"Falta de Atenção à Condução";"Saída de leito carroçável";"Com Vítimas Feridas";"Pleno dia";"Decrescente";"Chuva";"Dupla";"Curva;Declive";"Não";1;0;1;0;0;0;1;1;-19,93617657;-44,43759441;"SPRF-MG";"DEL01-MG";"UOP03-DEL01-MG"
302750;2020-08-21;"sexta-feira";"15:50:00";"PI";343;348,4;"TERESINA";"Falta de Atenção à Condução";"Colisão traseira";"Sem Vítimas";"Pleno dia";"Crescente";"Céu Claro";"Simples";"Reta";"Sim";2;0;0;0;2;0;0;2;-5,118706;-42,786411;"SPRF-PI";"DEL01-PI";"UOP01-DEL01-PI"
302751;2020-08-21;"sexta-feira";"16:48:00";"RS";290;102,5;"PORTO ALEGRE";"Falta de Atenção à Condução";"Engavetamento";"Com Vítimas Feridas";"Pleno dia";"Decrescente";"Céu Claro";"Dupla";"Ponte";"Não";5;0;1;0;4;0;1;3;-29,99162704;-51,27033949;"SPRF-RS";"DEL01-RS";"UOP01-DEL01-RS"
302752;2020-08-21;"sexta-feira";"15:00:00";"SC";282;89;"ALFREDO WAGNER";"Velocidade Incompatível";"Saída de leito carroçável";"Sem Vítimas";"Pleno dia";"Decrescente";"Sol";"Simples";"Curva";"Não";1;0;0;0;1;0;0;1;-27,677973;-49,215893;"SPRF-SC";"DEL01-SC";"UOP03-DEL01-SC"
302753;2020-08-21;"sexta-feira";"16:30:00";"SC";470;66,8;"INDAIAL";"Não guardar distância de segurança";"Colisão lateral";"Com Vítimas Feridas";"Pleno dia";"Decrescente";"Nublado";"Simples";"Reta;Declive";"Sim";2;0;1;0;1;0;1;2;-26,870407;-49,221844;"SPRF-SC";"DEL04-SC";"UOP01-DEL04-SC"
302754;2020-08-21;"sexta-feira";"17:00:00";"PR";277;619;"CEU AZUL";"Não guardar distância de segurança";"Queda de ocupante de veículo";"Com Vítimas Feridas";"Pleno dia";"Decrescente";"Céu Claro";"Simples";"Reta";"Não";1;0;1;0;0;0;1;1;-25,07943106;-53,70166498;"SPRF-PR";"DEL05-PR";"UOP02-DEL05-PR"
302755;2020-08-01;"sábado";"16:00:00";"MG";40;639;"CONSELHEIRO LAFAIETE";"Falta de Atenção à Condução";"Colisão traseira";"Com Vítimas Feridas";"Pleno dia";"Crescente";"Céu Claro";"Simples";"Reta";"Não";2;0;1;0;1;0;1;2;-20,73219989;-43,79985054;"SPRF-MG";"DEL05-MG";"UOP02-DEL05-MG"
302757;2020-08-21;"sexta-feira";"14:00:00";"MS";267;196;"NOVA ALVORADA DO SUL";"Falta de Atenção à Condução";"Capotamento";"Com Vítimas Feridas";"Pleno dia";"Decrescente";"Nublado";"Simples";"Curva";"Não";5;0;5;0;0;0;5;1;-21,58704508;-53,91077904;"SPRF-MS";"DEL02-MS";"UOP03-DEL02-MS"
302758;2020-08-21;"sexta-feira";"17:00:00";"CE";20;405,6;"CAUCAIA";"Falta de Atenção à Condução";"Colisão lateral";"Com Vítimas Feridas";"Anoitecer";"Crescente";"Céu Claro";"Dupla";"Reta";"Sim";3;0;0;2;1;0;2;2;-3,76886785;-38,66775697;"SPRF-CE";"DEL01-CE";"UOP01-DEL01-CE"
302760;2020-08-21;"sexta-feira";"16:00:00";"RJ";40;96,7;"DUQUE DE CAXIAS";"Pista Escorregadia";"Colisão traseira";"Com Vítimas Feridas";"Pleno dia";"Crescente";"Chuva";"Dupla";"Reta";"Não";2;0;1;0;1;0;1;2;-22,56876595;-43,27693723;"SPRF-RJ";"DEL01-RJ";"UOP01-DEL01-RJ"
302761;2020-08-21;"sexta-feira";"17:45:00";"RN";304;46,8;"MOSSORO";"Desobediência às normas de trânsito pelo condutor";"Colisão transversal";"Sem Vítimas";"Plena Noite";"Decrescente";"Chuva";"Dupla";"Reta";"Sim";2;0;0;0;2;0;0;2;-5,22567616;-37,33247638;"SPRF-RN";"DEL04-RN";"UOP01-DEL04-RN"
302762;2020-08-21;"sexta-feira";"14:50:00";"MG";381;791;"SAO GONCALO DO SAPUCAI";"Velocidade Incompatível";"Capotamento";"Com Vítimas Feridas";"Pleno dia";"Decrescente";"Garoa/Chuvisco";"Dupla";"Curva";"Não";2;0;2;0;0;0;2;1;-21,91694596;-45,58909701;"SPRF-MG";"DEL16-MG";"UOP02-DEL16-MG"
302763;2020-08-21;"sexta-feira";"15:00:00";"MG";381;792;"SAO GONCALO DO SAPUCAI";"Velocidade Incompatível";"Saída de leito carroçável";"Com Vítimas Feridas";"Pleno dia";"Crescente";"Garoa/Chuvisco";"Dupla";"Curva";"Não";1;0;1;0;0;0;1;1;-21,91931581;-45,59934602;"SPRF-MG";"DEL16-MG";"UOP02-DEL16-MG"
302766;2020-08-21;"sexta-feira";"16:55:00";"AL";101;129;"SAO MIGUEL DOS CAMPOS";"Defeito na Via";"Colisão com objeto estático";"Com Vítimas Feridas";"Pleno dia";"Crescente";"Céu Claro";"Dupla";"Viaduto";"Não";1;0;1;0;0;0;1;1;-9,75535194;-36,06944561;"SPRF-AL";"DEL02-AL";"UOP01-DEL02-AL"
302767;2020-08-21;"sexta-feira";"15:35:00";"MG";116;540;"SANTA RITA DE MINAS";"Desobediência às normas de trânsito pelo condutor";"Colisão transversal";"Com Vítimas Feridas";"Pleno dia";"Decrescente";"Chuva";"Simples";"Curva";"Não";2;0;1;0;1;0;1;2;-19,886814;-42,13777186;"SPRF-MG";"DEL06-MG";"UOP02-DEL06-MG"
302770;2020-08-21;"sexta-feira";"18:00:00";"SP";153;61;"SAO JOSE DO RIO PRETO";"Não guardar distância de segurança";"Tombamento";"Com Vítimas Feridas";"Anoitecer";"Crescente";"Garoa/Chuvisco";"Simples";"Reta";"Sim";1;0;0;1;0;0;1;1;-20,805722;-49,356058;"SPRF-SP";"DEL09-SP";"UOP01-DEL09-SP"
302771;2020-08-21;"sexta-feira";"17:30:00";"MS";463;1,4;"DOURADOS";"Desobediência às normas de trânsito pelo condutor";"Colisão transversal";"Com Vítimas Feridas";"Anoitecer";"Crescente";"Céu Claro";"Simples";"Interseção de Vias";"Sim";2;0;1;0;1;0;1;2;-22,259064;-54,8137;"SPRF-MS";"DEL04-MS";"UOP01-DEL04-MS"
302772;2020-08-21;"sexta-feira";"18:10:00";"DF";70;11;"BRASILIA";"Desobediência às normas de trânsito pelo condutor";"Colisão lateral";"Com Vítimas Feridas";"Plena Noite";"Decrescente";"Céu Claro";"Dupla";"Retorno Regulamentado";"Sim";2;0;1;0;1;0;1;2;-15,789762;-48,148727;"SPRF-DF";"DEL03-DF";"UOP02-DEL03-DF"
302773;2020-08-21;"sexta-feira";"18:15:00";"MG";365;612;"UBERLANDIA";"Não guardar distância de segurança";"Engavetamento";"Com Vítimas Feridas";"Plena Noite";"Decrescente";"Céu Claro";"Simples";"Reta";"Sim";6;0;1;0;3;2;1;4;-18,92339394;-48,20125401;"SPRF-MG";"DEL15-MG";"UOP01-DEL15-MG"
302774;2020-08-21;"sexta-feira";"18:00:00";"MG";40;726,2;"BARBACENA";"Velocidade Incompatível";"Colisão com objeto estático";"Com Vítimas Feridas";"Plena Noite";"Crescente";"Chuva";"Dupla";"Curva";"Não";2;0;2;0;0;0;2;1;-21,31059847;-43,60380204;"SPRF-MG";"DEL05-MG";"UOP01-DEL05-MG"
302775;2020-08-21;"sexta-feira";"17:45:00";"MG";40;717,9;"BARBACENA";"Velocidade Incompatível";"Saída de leito carroçável";"Com Vítimas Feridas";"Anoitecer";"Decrescente";"Chuva";"Dupla";"Curva";"Não";3;0;1;2;0;0;3;1;-21,26144097;-43,66239309;"SPRF-MG";"DEL05-MG";"UOP01-DEL05-MG"
302777;2020-08-21;"sexta-feira";"17:30:00";"RS";285;196;"LAGOA VERMELHA";"Desobediência às normas de trânsito pelo condutor";"Colisão transversal";"Com Vítimas Feridas";"Pleno dia";"Decrescente";"Céu Claro";"Simples";"Rotatória";"Sim";3;0;3;0;0;0;3;2;-28,22687;-51,506737;"SPRF-RS";"DEL08-RS";"UOP05-DEL08-RS"
302778;2020-08-21;"sexta-feira";"17:15:00";"BA";116;777;"PLANALTO";"Desobediência às normas de trânsito pelo condutor";"Colisão transversal";"Com Vítimas Feridas";"Pleno dia";"Crescente";"Céu Claro";"Simples";"Interseção de Vias;Reta";"Sim";3;0;2;0;0;1;2;2;-14,607391;-40,44086601;"SPRF-BA";"DEL08-BA";"UOP02-DEL08-BA"
302779;2020-08-21;"sexta-feira";"18:30:00";"SP";153;55,3;"SAO JOSE DO RIO PRETO";"Não guardar distância de segurança";"Tombamento";"Com Vítimas Feridas";"Anoitecer";"Decrescente";"Garoa/Chuvisco";"Simples";"Curva";"Sim";1;0;1;0;0;0;1;1;-20,75321697;-49,34260108;"SPRF-SP";"DEL09-SP";"UOP01-DEL09-SP"
302780;2020-08-21;"sexta-feira";"18:30:00";"MG";40;399,8;"CURVELO";"Velocidade Incompatível";"Saída de leito carroçável";"Com Vítimas Feridas";"Plena Noite";"Decrescente";"Céu Claro";"Simples";"Reta";"Não";2;0;2;0;0;0;2;1;-19,02290393;-44,65653781;"SPRF-MG";"DEL02-MG";"UOP01-DEL02-MG"
302782;2020-08-01;"sábado";"18:20:00";"PR";277;107;"CAMPO LARGO";"Falta de Atenção à Condução";"Saída de leito carroçável";"Sem Vítimas";"Plena Noite";"Decrescente";"Céu Claro";"Dupla";"Reta";"Sim";1;0;0;0;0;1;0;1;-25,47157895;-49,35341791;"SPRF-PR";"DEL01-PR";"UOP01-DEL01-PR"
302783;2020-08-21;"sexta-feira";"19:00:00";"PR";277;71;"SAO JOSE DOS PINHAIS";"Falta de Atenção à Condução";"Saída de leito carroçável";"Com Vítimas Feridas";"Plena Noite";"Crescente";"Céu Claro";"Múltipla";"Desvio Temporário";"Não";1;0;1;0;0;0;1;1;-25,52920381;-49,08862791;"SPRF-PR";"DEL01-PR";"UOP01-DEL01-PR"
302785;2020-08-21;"sexta-feira";"17:45:00";"SP";116;321;"JUQUITIBA";"Objeto estático sobre o leito carroçável";"Saída de leito carroçável";"Com Vítimas Feridas";"Plena Noite";"Crescente";"Garoa/Chuvisco";"Dupla";"Reta";"Não";2;0;2;0;0;0;2;1;-23,934612;-47,01729;"SPRF-SP";"DEL04-SP";"UOP01-DEL04-SP"
302786;2020-08-21;"sexta-feira";"18:23:00";"RS";386;347;"LAJEADO";"Desobediência às normas de trânsito pelo condutor";"Colisão lateral";"Com Vítimas Fatais";"Anoitecer";"Decrescente";"Céu Claro";"Dupla";"Reta";"Sim";2;1;1;0;0;0;1;2;-29,451736;-51,965893;"SPRF-RS";"DEL04-RS";"UOP01-DEL04-RS"
302787;2020-08-21;"sexta-feira";"19:00:00";"AP";210;1;"MACAPA";"Falta de Atenção à Condução";"Colisão traseira";"Com Vítimas Feridas";"Plena Noite";"Decrescente";"Céu Claro";"Múltipla";"Reta";"Sim";3;0;1;0;1;1;1;2;0,07816717;-51,06998693;"SPRF-AP";"DEL01-AP";"UOP01-DEL01-AP"
302788;2020-08-21;"sexta-feira";"18:50:00";"SP";116;229,5;"SAO PAULO";"Desobediência às normas de trânsito pelo condutor";"Colisão lateral";"Com Vítimas Feridas";"Plena Noite";"Decrescente";"Garoa/Chuvisco";"Múltipla";"Reta";"Sim";2;0;1;0;1;0;1;2;-23,51291902;-46,57604698;"SPRF-SP";"DEL01-SP";"UOP01-DEL01-SP"
302792;2020-08-21;"sexta-feira";"18:30:00";"RS";293;1,8;"PELOTAS";"Falta de Atenção à Condução";"Colisão traseira";"Com Vítimas Feridas";"Amanhecer";"Crescente";"Céu Claro";"Simples";"Reta";"Não";4;0;1;0;2;1;1;3;-31,74627025;-52,36221313;"SPRF-RS";"DEL07-RS";"UOP01-DEL07-RS"
302793;2020-08-21;"sexta-feira";"19:20:00";"MG";381;704;"LAVRAS";"Pista Escorregadia";"Saída de leito carroçável";"Com Vítimas Feridas";"Plena Noite";"Decrescente";"Chuva";"Dupla";"Curva";"Não";1;0;1;0;0;0;1;1;-21,34177704;-45,17643719;"SPRF-MG";"DEL04-MG";"UOP02-DEL04-MG"
302794;2020-08-21;"sexta-feira";"16:00:00";"MG";116;813,1;"ALEM PARAIBA";"Falta de Atenção à Condução";"Tombamento";"Com Vítimas Feridas";"Pleno dia";"Crescente";"Ignorado";"Simples";"Curva";"Não";1;0;0;1;0;0;1;1;-21,8398736;-42,68095538;"SPRF-MG";"DEL07-MG";"UOP01-DEL07-MG"