"id";"data_inversa";"dia_semana";"horario";"uf";"br";"km";"municipio";"causa_acidente";"tipo_acidente";"classificacao_acidente";"fase_dia";"sentido_via";"condicao_metereologica";"tipo_pista";"tracado_via";"uso_solo";"pessoas";"mortos";"feridos_leves";"feridos_graves";"ilesos";"ignorados";"feridos";"veiculos";"latitude";"longitude";"regional";"delegacia";"uop"
302795;2020-08-21;"sexta-feira";"17:30:00";"PR";277;597,2;"CASCAVEL";"Defeito na Via";"Tombamento";"Com Vítimas Feridas";"Anoitecer";"Crescente";"Céu Claro";"Dupla";"Reta";"Sim";1;0;1;0;0;0;1;1;-24,99513602;-53,51418998;"SPRF-PR";"DEL04-PR";"UOP01-DEL04-PR"
302797;2020-08-21;"sexta-feira";"17:40:00";"BA";110;340;"ALAGOINHAS";"Falta de Atenção à Condução";"Colisão transversal";"Com Vítimas Feridas";"Anoitecer";"Decrescente";"Céu Claro";"Simples";"Rotatória";"Sim";2;0;1;0;1;0;1;2;-12,21614599;-38,41432082;"SPRF-BA";"DEL01-BA";"UOP04-DEL01-BA"
302798;2020-08-21;"sexta-feira";"19:40:00";"TO";153;95;"WANDERLANDIA";"Falta de Atenção à Condução";"Colisão traseira";"Com Vítimas Fatais";"Plena Noite";"Crescente";"Céu Claro";"Simples";"Reta;Declive";"Não";2;1;0;0;0;1;0;2;-6,86965199;-47,98373802;"SPRF-TO";"DEL02-TO";"UOP01-DEL02-TO"
302799;2020-08-21;"sexta-feira";"19:54:00";"MG";365;154,2;"PIRAPORA";"Falta de Atenção à Condução";"Queda de ocupante de veículo";"Com Vítimas Fatais";"Plena Noite";"Decrescente";"Nublado";"Simples";"Reta";"Não";1;1;0;0;0;0;0;1;-17,31522897;-44,89556828;"SPRF-MG";"DEL12-MG";"UOP01-DEL12-MG"
302801;2020-08-21;"sexta-feira";"19:20:00";"SC";282;23,4;"SANTO AMARO DA IMPERATRIZ";"Desobediência às normas de trânsito pelo condutor";"Colisão transversal";"Sem Vítimas";"Plena Noite";"Crescente";"Nublado";"Simples";"Reta";"Sim";2;0;0;0;2;0;0;2;-27,687958;-48,736794;"SPRF-SC";"DEL01-SC";"UOP02-DEL01-SC"
302802;2020-08-21;"sexta-feira";"19:20:00";"AL";101;194,5;"JUNQUEIRO";"Falta de Atenção à Condução";"Colisão transversal";"Com Vítimas Feridas";"Plena Noite";"Crescente";"Céu Claro";"Simples";"Reta";"Não";2;0;0;1;0;1;1;2;-9,93595808;-36,49545203;"SPRF-AL";"DEL02-AL";"UOP02-DEL02-AL"
302803;2020-08-21;"sexta-feira";"19:00:00";"PB";230;26;"JOAO PESSOA";"Velocidade Incompatível";"Colisão traseira";"Com Vítimas Feridas";"Anoitecer";"Decrescente";"Céu Claro";"Múltipla";"Viaduto";"Não";5;0;2;0;2;1;2;3;-7,1693;-34,8782;"SPRF-PB";"DEL01-PB";"UOP01-DEL01-PB"
302805;2020-08-21;"sexta-feira";"19:50:00";"CE";20;308,5;"CANINDE";"Falta de Atenção à Condução";"Colisão transversal";"Com Vítimas Feridas";"Plena Noite";"Decrescente";"Céu Claro";"Simples";"Reta";"Sim";3;0;2;1;0;0;3;2;-4,34943993;-39,29934009;"SPRF-CE";"DEL02-CE";"UOP01-DEL02-CE"
302807;2020-08-21;"sexta-feira";"20:38:00";"MG";365;637,9;"UBERLANDIA";"Ingestão de Álcool";"Atropelamento de Pedestre";"Com Vítimas Feridas";"Plena Noite";"Decrescente";"Céu Claro";"Dupla";"Declive";"Não";2;0;0;1;1;0;1;2;-18,88949338;-48,44214162;"SPRF-MG";"DEL15-MG";"UOP01-DEL15-MG"
302808;2020-08-21;"sexta-feira";"17:21:00";"PR";369;101,1;"CORNELIO PROCOPIO";"Falta de Atenção à Condução";"Colisão transversal";"Com Vítimas Feridas";"Pleno dia";"Crescente";"Nublado";"Simples";"Retorno Regulamentado";"Não";2;0;2;0;0;0;2;2;-23,24645871;-50,72660884;"SPRF-PR";"DEL07-PR";"UOP01-DEL07-PR"
302810;2020-08-16;"domingo";"17:10:00";"AM";174;895;"MANAUS";"Não guardar distância de segurança";"Colisão traseira";"Com Vítimas Feridas";"Anoitecer";"Decrescente";"Céu Claro";"Simples";"Aclive";"Não";3;0;2;0;0;1;2;2;-2,879263;-60,03522308;"SPRF-AM";"DEL01-AM";"UOP01-DEL01-AM"
302812;2020-08-21;"sexta-feira";"19:15:00";"MG";381;688,2;"LAVRAS";"Velocidade Incompatível";"Capotamento";"Com Vítimas Feridas";"Plena Noite";"Decrescente";"Chuva";"Dupla";"Declive;Curva";"Não";3;0;1;0;2;0;1;1;-21,21737985;-45,1265452;"SPRF-MG";"DEL04-MG";"UOP02-DEL04-MG"
302813;2020-08-21;"sexta-feira";"20:15:00";"MT";163;1064;"GUARANTA DO NORTE";"Desobediência às normas de trânsito pelo condutor";"Colisão lateral";"Com Vítimas Feridas";"Plena Noite";"Crescente";"Céu Claro";"Simples";"Retorno Regulamentado";"Sim";2;0;1;0;1;0;1;2;-10,093268;-54,919006;"SPRF-MT";"DEL06-MT";"NPF/DEL06-MT"
302814;2020-08-21;"sexta-feira";"20:50:00";"RJ";116;69,7;"TERESOPOLIS";"Não guardar distância de segurança";"Colisão traseira";"Com Vítimas Feridas";"Plena Noite";"Decrescente";"Chuva";"Dupla";"Declive;Reta";"Não";2;0;0;1;1;0;1;2;-22,31879876;-42,9375874;"SPRF-RJ";"DEL04-RJ";"UOP01-DEL04-RJ"
302816;2020-08-21;"sexta-feira";"21:05:00";"SP";116;280,4;"ITAPECERICA DA SERRA";"Falta de Atenção à Condução";"Colisão traseira";"Com Vítimas Feridas";"Plena Noite";"Decrescente";"Nublado";"Dupla";"Aclive";"Sim";2;0;1;0;1;0;1;2;-23,66996108;-46,85590758;"SPRF-SP";"DEL04-SP";"UOP01-DEL04-SP"
302817;2020-08-21;"sexta-feira";"18:10:00";"CE";222;86;"UMIRIM";"Ultrapassagem Indevida";"Colisão frontal";"Com Vítimas Fatais";"Plena Noite";"Crescente";"Céu Claro";"Simples";"Reta";"Não";5;2;0;3;0;0;3;2;-3,67228804;-39,311731;"SPRF-CE";"DEL04-CE";"UOP03-DEL04-CE"
302820;2020-08-21;"sexta-feira";"19:15:00";"RS";101;41,7;"TERRA DE AREIA";"Falta de Atenção à Condução";"Colisão com objeto estático";"Sem Vítimas";"Plena Noite";"Decrescente";"Céu Claro";"Dupla";"Reta";"Não";2;0;0;0;2;0;0;1;-29,542537;-50,03152302;"SPRF-RS";"DEL03-RS";"UOP02-DEL03-RS"
302821;2020-08-21;"sexta-feira";"18:40:00";"SC";101;306,5;"LAGUNA";"Desobediência às normas de trânsito pelo condutor";"Colisão transversal";"Com Vítimas Feridas";"Anoitecer";"Decrescente";"Céu Claro";"Simples";"Reta";"Não";2;0;0;1;1;0;1;2;-28,38437001;-48,77113299;"SPRF-SC";"DEL02-SC";"UOP03-DEL02-SC"
302822;2020-08-21;"sexta-feira";"21:15:00";"SC";101;330;"TUBARAO";"Agressão Externa";"Colisão com objeto estático";"Com Vítimas Feridas";"Plena Noite";"Decrescente";"Céu Claro";"Simples";"Interseção de Vias";"Sim";1;0;1;0;0;0;1;1;-28,45483127;-48,97910535;"SPRF-SC";"DEL02-SC";"UOP01-DEL02-SC"
302825;2020-08-21;"sexta-feira";"21:50:00";"CE";222;5;"CAUCAIA";"Falta de Atenção à Condução";"Danos eventuais";"Com Vítimas Feridas";"Plena Noite";"Crescente";"Nublado";"Simples";"Reta";"Sim";4;0;1;2;0;1;3;2;-3,736507;-38,65337;"SPRF-CE";"DEL01-CE";"UOP01-DEL01-CE"
302828;2020-08-21;"sexta-feira";"21:30:00";"SP";116;323;"JUQUITIBA";"Fenômenos da Natureza";"Tombamento";"Com Vítimas Feridas";"Plena Noite";"Crescente";"Garoa/Chuvisco";"Dupla";"Reta";"Não";1;0;1;0;0;0;1;1;-23,93486929;-47,03120839;"SPRF-SP";"DEL04-SP";"UOP01-DEL04-SP"
302829;2020-08-21;"sexta-feira";"13:20:00";"CE";116;11;"FORTALEZA";"Desobediência às normas de trânsito pelo condutor";"Colisão transversal";"Com Vítimas Feridas";"Pleno dia";"Crescente";"Céu Claro";"Dupla";"Interseção de Vias";"Sim";2;0;1;0;1;0;1;2;-3,84394724;-38,49891546;"SPRF-CE";"DEL01-CE";"UOP02-DEL01-CE"
302830;2020-08-21;"sexta-feira";"20:30:00";"RJ";101;229;"SILVA JARDIM";"Pista Escorregadia";"Saída de leito carroçável";"Com Vítimas Feridas";"Anoitecer";"Decrescente";"Chuva";"Dupla";"Reta";"Não";3;0;3;0;0;0;3;1;-22,5653276;-42,36847904;"SPRF-RJ";"DEL02-RJ";"UOP03-DEL02-RJ"
302831;2020-08-21;"sexta-feira";"23:04:00";"TO";153;413;"MIRANORTE";"Velocidade Incompatível";"Colisão com objeto estático";"Com Vítimas Feridas";"Plena Noite";"Crescente";"Céu Claro";"Dupla";"Curva";"Sim";1;0;0;1;0;0;1;1;-9,52377802;-48,59230394;"SPRF-TO";"DEL01-TO";"UOP01-DEL01-TO"
302832;2020-08-21;"sexta-feira";"23:00:00";"RS";470;172;"VERANOPOLIS";"Velocidade Incompatível";"Saída de leito carroçável";"Com Vítimas Feridas";"Plena Noite";"Decrescente";"Céu Claro";"Simples";"Reta";"Sim";2;0;2;0;0;0;2;1;-28,89106431;-51,54975736;"SPRF-RS";"DEL06-RS";"UOP02-DEL06-RS"
302833;2020-08-21;"sexta-feira";"21:25:00";"MG";381;159;"GOVERNADOR VALADARES";"Desobediência às normas de trânsito pelo condutor";"Colisão transversal";"Com Vítimas Feridas";"Plena Noite";"Decrescente";"Ignorado";"Simples";"Curva";"Não";3;0;1;1;1;0;2;3;-18,92455594;-42,01932801;"SPRF-MG";"DEL06-MG";"UOP01-DEL06-MG"
302834;2020-08-21;"sexta-feira";"20:20:00";"GO";153;213;"URUACU";"Desobediência às normas de trânsito pelo condutor";"Colisão lateral";"Com Vítimas Feridas";"Plena Noite";"Decrescente";"Céu Claro";"Simples";"Interseção de Vias";"Não";2;0;1;0;1;0;1;1;-14,634578;-49,175987;"SPRF-GO";"DEL07-GO";"UOP02-DEL07-GO"
302836;2020-08-22;"sábado";"00:10:00";"RJ";356;30,4;"ITAPERUNA";"Falta de Atenção à Condução";"Colisão com objeto estático";"Com Vítimas Feridas";"Plena Noite";"Crescente";"Chuva";"Simples";"Reta";"Sim";1;0;1;0;0;0;1;1;-21,18596948;-41,91700108;"SPRF-RJ";"DEL08-RJ";"UOP03-DEL08-RJ"
302837;2020-08-21;"sexta-feira";"23:30:00";"RJ";116;305;"RESENDE";"Ingestão de Álcool";"Colisão transversal";"Com Vítimas Feridas";"Plena Noite";"Crescente";"Chuva";"Simples";"Reta";"Sim";5;0;5;0;0;0;5;3;-22,45573779;-44,39454802;"SPRF-RJ";"DEL07-RJ";"UOP02-DEL07-RJ"
302838;2020-08-21;"sexta-feira";"23:45:00";"SC";101;209,6;"SAO JOSE";"Velocidade Incompatível";"Colisão transversal";"Com Vítimas Feridas";"Plena Noite";"Crescente";"Céu Claro";"Múltipla";"Reta";"Sim";4;0;2;0;2;0;2;3;-27,61000542;-48,63895057;"SPRF-SC";"DEL01-SC";"UOP01-DEL01-SC"
302839;2020-08-21;"sexta-feira";"23:00:00";"RO";429;157;"SAO MIGUEL DO GUAPORE";"Defeito na Via";"Queda de ocupante de veículo";"Com Vítimas Feridas";"Plena Noite";"Decrescente";"Céu Claro";"Simples";"Curva";"Não";1;0;1;0;0;0;1;1;-11,70989684;-62,67949104;"SPRF-RO";"DEL02-RO";"UOP03-DEL02-RO"
302842;2020-08-22;"sábado";"00:25:00";"RS";386;128,8;"SARANDI";"Ingestão de álcool e/ou substâncias psicoativas pelo pedestre";"Colisão com objeto estático";"Com Vítimas Feridas";"Plena Noite";"Decrescente";"Céu Claro";"Simples";"Curva";"Sim";2;0;2;0;0;0;2;1;-27,92582943;-52,96496987;"SPRF-RS";"DEL08-RS";"UOP01-DEL08-RS"
302843;2020-08-22;"sábado";"00:20:00";"PE";101;51,7;"PAULISTA";"Animais na Pista";"Atropelamento de Animal";"Com Vítimas Feridas";"Plena Noite";"Crescente";"Céu Claro";"Múltipla";"Reta";"Sim";1;0;1;0;0;0;1;1;-7,9169968;-34,89689272;"SPRF-PE";"DEL01-PE";"UOP02-DEL01-PE"
302844;2020-08-22;"sábado";"02:15:00";"SP";381;74;"SAO PAULO";"Velocidade Incompatível";"Capotamento";"Sem Vítimas";"Plena Noite";"Crescente";"Chuva";"Dupla";"Curva";"Não";1;0;0;0;0;1;0;1;-23,37208014;-46,55700294;"SPRF-SP";"DEL03-SP";"UOP01-DEL03-SP"
302845;2020-08-22;"sábado";"02:00:00";"SP";153;52;"SAO JOSE DO RIO PRETO";"Condutor Dormindo";"Saída de leito carroçável";"Com Vítimas Feridas";"Plena Noite";"Decrescente";"Nublado";"Dupla";"Reta";"Não";1;0;1;0;0;0;1;1;-20,72702499;-49,33838971;"SPRF-SP";"DEL09-SP";"UOP01-DEL09-SP"
302847;2020-08-22;"sábado";"01:55:00";"MG";116;277,8;"TEOFILO OTONI";"Ingestão de Álcool";"Atropelamento de Pedestre";"Com Vítimas Feridas";"Plena Noite";"Crescente";"Céu Claro";"Simples";"Curva";"Sim";2;0;1;0;1;0;1;2;-17,859945;-41,515144;"SPRF-MG";"DEL11-MG";"UOP01-DEL11-MG"
302849;2020-08-22;"sábado";"02:30:00";"RS";116;263;"CANOAS";"Ingestão de Álcool";"Colisão com objeto estático";"Sem Vítimas";"Plena Noite";"Decrescente";"Céu Claro";"Múltipla";"Interseção de Vias";"Sim";1;0;0;0;0;1;0;1;-29,90545398;-51,17674031;"SPRF-RS";"DEL01-RS";"UOP01-DEL01-RS"
302851;2020-08-22;"sábado";"02:00:00";"RJ";116;103;"SAPUCAIA";"Defeito Mecânico no Veículo";"Queda de ocupante de veículo";"Com Vítimas Feridas";"Plena Noite";"Crescente";"Chuva";"Simples";"Curva";"Não";1;0;1;0;0;0;1;1;-21,87803061;-42,67082736;"SPRF-RJ";"DEL04-RJ";"UOP02-DEL04-RJ"
302853;2020-08-22;"sábado";"00:15:00";"RJ";116;185;"NOVA IGUACU";"Agressão Externa";"Colisão frontal";"Sem Vítimas";"Plena Noite";"Crescente";"Chuva";"Múltipla";"Reta";"Sim";2;0;0;0;2;0;0;2;-22,74151051;-43,45351823;"SPRF-RJ";"DEL01-RJ";"UOP02-DEL01-RJ"
302854;2020-08-22;"sábado";"03:00:00";"PR";277;96,4;"CURITIBA";"Ingestão de Álcool";"Saída de leito carroçável";"Com Vítimas Feridas";"Plena Noite";"Crescente";"Céu Claro";"Múltipla";"Declive";"Sim";1;0;1;0;0;0;1;1;-25,54577186;-49,29537197;"SPRF-PR";"DEL01-PR";"UOP01-DEL01-PR"
302856;2020-08-22;"sábado";"04:10:00";"GO";40;5;"VALPARAISO DE GOIAS";"Mal Súbito";"Saída de leito carroçável";"Com Vítimas Feridas";"Plena Noite";"Decrescente";"Céu Claro";"Dupla";"Reta";"Sim";1;0;1;0;0;0;1;1;-16,093134;-47,982236;"SPRF-DF";"DEL01-DF";"UOP01-DEL01-DF"
302857;2020-08-22;"sábado";"04:40:00";"RS";290;92;"PORTO ALEGRE";"Ingestão de Álcool";"Capotamento";"Sem Vítimas";"Plena Noite";"Crescente";"Céu Claro";"Simples";"Reta";"Sim";1;0;0;0;1;0;0;1;-29,971916;-51,176838;"SPRF-RS";"DEL01-RS";"UOP01-DEL01-RS"
302858;2020-08-22;"sábado";"04:15:00";"PI";316;318;"PICOS";"Falta de Atenção à Condução";"Colisão com objeto estático";"Com Vítimas Feridas";"Plena Noite";"Decrescente";"Céu Claro";"Simples";"Reta";"Sim";1;0;0;1;0;0;1;1;-7,08606465;-41,40601287;"SPRF-PI";"DEL04-PI";"UOP01-DEL04-PI"
302859;2020-08-22;"sábado";"04:50:00";"PB";101;111;"ALHANDRA";"Animais na Pista";"Atropelamento de Animal";"Sem Vítimas";"Pleno dia";"Decrescente";"Céu Claro";"Dupla";"Reta";"Não";1;0;0;0;1;0;0;1;-7,36122197;-34,95184711;"SPRF-PB";"DEL01-PB";"UOP02-DEL01-PB"
302860;2020-08-22;"sábado";"03:00:00";"RS";158;80;"BOA VISTA DAS MISSOES";"Ingestão de Álcool";"Saída de leito carroçável";"Sem Vítimas";"Plena Noite";"Crescente";"Nevoeiro/Neblina";"Simples";"Curva";"Não";1;0;0;0;1;0;0;1;-27,74857394;-53,32005264;"SPRF-RS";"DEL08-RS";"UOP02-DEL08-RS"
302861;2020-08-22;"sábado";"04:45:00";"SP";381;66,5;"MAIRIPORA";"Velocidade Incompatível";"Colisão traseira";"Com Vítimas Feridas";"Plena Noite";"Decrescente";"Chuva";"Dupla";"Reta";"Sim";2;0;1;0;1;0;1;2;-23,32451103;-46,58021504;"SPRF-SP";"DEL03-SP";"UOP01-DEL03-SP"
302862;2020-08-22;"sábado";"05:30:00";"ES";101;266,3;"SERRA";"Falta de Atenção à Condução";"Colisão transversal";"Com Vítimas Feridas";"Amanhecer";"Crescente";"Nublado";"Dupla";"Reta";"Sim";3;0;0;2;1;0;2;2;-20,190199;-40,26828891;"SPRF-ES";"DEL02-ES";"UOP01-DEL02-ES"
302864;2020-08-22;"sábado";"04:50:00";"RJ";101;325;"NITEROI";"Pista Escorregadia";"Colisão com objeto estático";"Com Vítimas Feridas";"Plena Noite";"Decrescente";"Chuva";"Dupla";"Reta";"Não";1;0;1;0;0;0;1;1;-22,87292569;-43,13625699;"SPRF-RJ";"DEL02-RJ";"UOP02-DEL02-RJ"
302865;2020-08-22;"sábado";"05:25:00";"CE";222;6,1;"CAUCAIA";"Falta de Atenção à Condução";"Colisão frontal";"Com Vítimas Feridas";"Amanhecer";"Decrescente";"Céu Claro";"Simples";"Curva";"Sim";2;0;0;1;1;0;1;2;-3,73357652;-38,69936597;"SPRF-CE";"DEL01-CE";"UOP01-DEL01-CE"
302866;2020-08-22;"sábado";"05:00:00";"PR";277;82;"SAO JOSE DOS PINHAIS";"Falta de Atenção à Condução";"Saída de leito carroçável";"Sem Vítimas";"Amanhecer";"Decrescente";"Nublado";"Dupla";"Reta";"Sim";1;0;0;0;0;1;0;1;-25,49267774;-49,17118404;"SPRF-PR";"DEL01-PR";"UOP01-DEL01-PR"
302867;2020-08-22;"sábado";"04:15:00";"MG";146;512,8;"POCOS DE CALDAS";"Condutor Dormindo";"Saída de leito carroçável";"Sem Vítimas";"Plena Noite";"Crescente";"Céu Claro";"Simples";"Aclive;Curva";"Não";1;0;0;0;1;0;0;1;-21,8084136;-46,4702313;"SPRF-MG";"DEL09-MG";"UOP01-DEL09-MG"
302868;2020-08-22;"sábado";"02:30:00";"TO";242;345;"PEIXE";"Falta de Atenção à Condução";"Saída de leito carroçável";"Com Vítimas Fatais";"Plena Noite";"Crescente";"Céu Claro";"Simples";"Curva";"Não";2;1;0;1;0;0;1;1;-11,88545326;-48,81254702;"SPRF-TO";"DEL01-TO";"UOP02-DEL01-TO"
302869;2020-08-22;"sábado";"02:00:00";"PI";230;308;"FLORIANO";"Falta de Atenção à Condução";"Colisão lateral";"Com Vítimas Feridas";"Plena Noite";"Crescente";"Céu Claro";"Simples";"Reta";"Não";1;0;1;0;0;0;1;1;-6,78159309;-43,00121707;"SPRF-PI";"DEL03-PI";"UOP01-DEL03-PI"
302870;2020-08-22;"sábado";"06:00:00";"PR";476;123;"CURITIBA";"Ingestão de Álcool";"Capotamento";"Sem Vítimas";"Pleno dia";"Decrescente";"Céu Claro";"Dupla";"Curva";"Sim";1;0;0;0;1;0;0;1;-25,39073208;-49,20769602;"SPRF-PR";"DEL01-PR";"UOP03-DEL01-PR"
302873;2020-08-21;"sexta-feira";"16:00:00";"RO";364;952;"PORTO VELHO";"Defeito Mecânico no Veículo";"Incêndio";"Sem Vítimas";"Pleno dia";"Decrescente";"Céu Claro";"Simples";"Reta";"Não";2;0;0;0;2;0;0;1;-9,65527821;-65,54528046;"SPRF-RO";"DEL01-RO";"UOP03-DEL01-RO"
302874;2020-08-22;"sábado";"02:40:00";"MG";262;611,3;"IBIA";"Velocidade Incompatível";"Saída de leito carroçável";"Com Vítimas Feridas";"Plena Noite";"Crescente";"Chuva";"Simples";"Curva;Declive";"Não";1;0;1;0;0;0;1;1;-19,59794921;-46,2913541;"SPRF-MG";"DEL08-MG";"UOP02-DEL08-MG"
302875;2020-08-22;"sábado";"06:00:00";"RS";116;370;"TAPES";"Falta de Atenção à Condução";"Saída de leito carroçável";"Sem Vítimas";"Amanhecer";"Crescente";"Céu Claro";"Dupla";"Reta";"Não";1;0;0;0;0;1;0;1;-30,70630408;-51,5822139;"SPRF-RS";"DEL02-RS";"UOP02-DEL02-RS"
302876;2020-08-22;"sábado";"07:30:00";"PB";101;73;"SANTA RITA";"Desobediência às normas de trânsito pelo condutor";"Colisão lateral";"Com Vítimas Feridas";"Pleno dia";"Decrescente";"Céu Claro";"Dupla";"Reta";"Não";2;0;1;0;1;0;1;2;-7,07828212;-34,98823508;"SPRF-PB";"DEL01-PB";"UOP04-DEL01-PB"
302878;2020-08-22;"sábado";"05:45:00";"RO";364;343;"JI-PARANA";"Defeito Mecânico no Veículo";"Incêndio";"Sem Vítimas";"Amanhecer";"Crescente";"Céu Claro";"Múltipla";"Interseção de Vias";"Sim";2;0;0;0;2;0;0;1;-10,87878519;-61,94499012;"SPRF-RO";"DEL02-RO";"UOP01-DEL02-RO"
302879;2020-08-22;"sábado";"04:35:00";"RJ";116;286;"BARRA MANSA";"Pista Escorregadia";"Colisão com objeto estático";"Sem Vítimas";"Plena Noite";"Crescente";"Chuva";"Dupla";"Curva;Aclive";"Não";3;0;0;0;3;0;0;1;-22,48676256;-44,24782632;"SPRF-RJ";"DEL07-RJ";"UOP02-DEL07-RJ"
302880;2020-08-22;"sábado";"07:35:00";"SE";101;143,1;"ESTANCIA";"Falta de Atenção à Condução";"Tombamento";"Com Vítimas Feridas";"Pleno dia";"Decrescente";"Céu Claro";"Dupla";"Reta";"Não";2;0;0;1;0;1;1;2;-11,19424581;-37,40698243;"SPRF-SE";"DEL02-SE";"UOP01-DEL02-SE"
302881;2020-08-22;"sábado";"07:20:00";"MG";40;467,7;"SETE LAGOAS";"Velocidade Incompatível";"Colisão com objeto estático";"Com Vítimas Feridas";"Pleno dia";"Decrescente";"Chuva";"Dupla";"Reta;Declive";"Sim";4;0;1;0;3;0;1;1;-19,453187;-44,3131;"SPRF-MG";"DEL02-MG";"UOP01-DEL02-MG"
302883;2020-08-22;"sábado";"07:00:00";"PR";476;135,9;"CURITIBA";"Falta de Atenção à Condução";"Colisão com objeto estático";"Com Vítimas Feridas";"Pleno dia";"Decrescente";"Sol";"Dupla";"Reta";"Sim";1;0;0;1;0;0;1;1;-25,483786;-49,265808;"SPRF-PR";"DEL01-PR";"UOP03-DEL01-PR"
302885;2020-08-21;"sexta-feira";"17:00:00";"PE";232;405;"SERRA TALHADA";"Defeito na Via";"Danos eventuais";"Sem Vítimas";"Pleno dia";"Decrescente";"Céu Claro";"Simples";"Reta";"Não";1;0;0;0;1;0;0;1;-7,98895584;-38,25355016;"SPRF-PE";"DEL04-PE";"UOP01-DEL04-PE"
302886;2020-08-10;"segunda-feira";"05:30:00";"RJ";101;297;"ITABORAI";"Falta de Atenção do Pedestre";"Atropelamento de Pedestre";"Com Vítimas Feridas";"Amanhecer";"Crescente";"Céu Claro";"Dupla";"Aclive";"Sim";3;0;0;1;1;1;1;2;-22,76942037;-42,91873581;"SPRF-RJ";"DEL02-RJ";"UOP02-DEL02-RJ"
302887;2020-08-22;"sábado";"06:46:00";"RO";364;749;"PORTO VELHO";"Ingestão de Álcool";"Saída de leito carroçável";"Sem Vítimas";"Amanhecer";"Crescente";"Céu Claro";"Simples";"Curva";"Não";1;0;0;0;1;0;0;1;-9,05267824;-64,00927067;"SPRF-RO";"DEL01-RO";"UOP02-DEL01-RO"
302888;2020-08-22;"sábado";"08:35:00";"RS";392;241;"CACAPAVA DO SUL";"Velocidade Incompatível";"Colisão com objeto estático";"Sem Vítimas";"Pleno dia";"Decrescente";"Céu Claro";"Simples";"Curva";"Não";1;0;0;0;1;0;0;1;-30,60476407;-53,36821527;"SPRF-RS";"DEL09-RS";"UOP02-DEL09-RS"
302893;2020-08-22;"sábado";"08:50:00";"PA";163;1003;"SANTAREM";"Falta de Atenção à Condução";"Colisão transversal";"Com Vítimas Feridas";"Pleno dia";"Decrescente";"Céu Claro";"Dupla";"Reta";"Sim";2;0;1;0;1;0;1;2;-2,43938626;-54,73268509;"SPRF-PA";"DEL05-PA";"UOP01-DEL05-PA"
302894;2020-05-22;"sexta-feira";"06:50:00";"BA";324;620;"SALVADOR";"Objeto estático sobre o leito carroçável";"Colisão traseira";"Com Vítimas Feridas";"Pleno dia";"Crescente";"Ignorado";"Dupla";"Reta";"Sim";1;0;0;1;0;0;1;1;-12,90706393;-38,4568817;"SPRF-BA";"DEL01-BA";"UOP01-DEL01-BA"
302895;2020-08-22;"sábado";"07:10:00";"BA";101;674,8;"ITAPEBI";"Falta de Atenção à Condução";"Saída de leito carroçável";"Com Vítimas Feridas";"Pleno dia";"Decrescente";"Chuva";"Simples";"Curva";"Não";2;0;1;0;1;0;1;1;-16,02874899;-39,61048645;"SPRF-BA";"DEL09-BA";"UOP01-DEL09-BA"
302899;2020-08-22;"sábado";"09:50:00";"RN";304;297,3;"MACAIBA";"Não guardar distância de segurança";"Colisão lateral";"Com Vítimas Feridas";"Pleno dia";"Decrescente";"Céu Claro";"Múltipla";"Reta";"Sim";1;0;1;0;0;0;1;1;-5,86534101;-35,340694;"SPRF-RN";"DEL01-RN";"UOP02-DEL01-RN"
302900;2020-08-22;"sábado";"09:03:00";"SC";101;121,9;"ITAJAI";"Falta de Atenção à Condução";"Saída de leito carroçável";"Com Vítimas Feridas";"Pleno dia";"Crescente";"Céu Claro";"Dupla";"Reta";"Não";1;0;1;0;0;0;1;1;-26,92103178;-48,70856446;"SPRF-SC";"DEL04-SC";"UOP04-DEL04-SC"
302901;2020-08-22;"sábado";"07:40:00";"MA";10;253;"IMPERATRIZ";"Desobediência às normas de trânsito pelo condutor";"Colisão transversal";"Com Vítimas Feridas";"Plena Noite";"Decrescente";"Sol";"Simples";"Reta";"Sim";2;0;2;0;0;0;2;2;-5,526911;-47,471455;"SPRF-MA";"DEL04-MA";"UOP01-DEL04-MA"
302903;2020-08-22;"sábado";"07:30:00";"MG";381;159,6;"GOVERNADOR VALADARES";"Pista Escorregadia";"Saída de leito carroçável";"Com Vítimas Feridas";"Pleno dia";"Crescente";"Garoa/Chuvisco";"Simples";"Reta";"Não";2;0;1;0;1;0;1;1;-18,92455594;-42,01932801;"SPRF-MG";"DEL06-MG";"UOP01-DEL06-MG"
302904;2020-08-22;"sábado";"09:30:00";"MT";364;611;"DIAMANTINO";"Desobediência às normas de trânsito pelo condutor";"Colisão traseira";"Com Vítimas Feridas";"Pleno dia";"Decrescente";"Céu Claro";"Simples";"Curva";"Não";4;0;4;0;0;0;4;2;-14,44610705;-56,28957304;"SPRF-MT";"DEL01-MT";"UOP01-DEL01-MT"
302906;2020-08-22;"sábado";"06:00:00";"MG";262;362;"JUATUBA";"Falta de Atenção à Condução";"Saída de leito carroçável";"Sem Vítimas";"Amanhecer";"Crescente";"Chuva";"Dupla";"Reta";"Não";1;0;0;0;1;0;0;1;-19,9725858;-44,28039658;"SPRF-MG";"DEL01-MG";"UOP03-DEL01-MG"