"id";"data_inversa";"dia_semana";"horario";"uf";"br";"km";"municipio";"causa_acidente";"tipo_acidente";"classificacao_acidente";"fase_dia";"sentido_via";"condicao_metereologica";"tipo_pista";"tracado_via";"uso_solo";"pessoas";"mortos";"feridos_leves";"feridos_graves";"ilesos";"ignorados";"feridos";"veiculos";"latitude";"longitude";"regional";"delegacia";"uop"
302907;2020-08-22;"sábado";"10:35:00";"GO";153;507;"APARECIDA DE GOIANIA";"Falta de Atenção à Condução";"Saída de leito carroçável";"Sem Vítimas";"Pleno dia";"Decrescente";"Céu Claro";"Dupla";"Reta";"Sim";1;0;0;0;1;0;0;1;-16,7715;-49,2387;"SPRF-GO";"DEL01-GO";"UOP03-DEL01-GO"
302908;2020-08-22;"sábado";"10:30:00";"PB";230;16;"JOAO PESSOA";"Desobediência às normas de trânsito pelo condutor";"Colisão lateral";"Com Vítimas Feridas";"Pleno dia";"Decrescente";"Céu Claro";"Dupla";"Reta";"Sim";2;0;1;0;1;0;1;2;-7,1039;-34,8458;"SPRF-PB";"DEL01-PB";"UOP01-DEL01-PB"
302909;2020-08-22;"sábado";"09:00:00";"RJ";116;80;"TERESOPOLIS";"Avarias e/ou desgaste excessivo no pneu";"Queda de ocupante de veículo";"Sem Vítimas";"Pleno dia";"Crescente";"Chuva";"Simples";"Reta";"Sim";1;0;0;0;0;1;0;1;-22,39006974;-42,9533628;"SPRF-RJ";"DEL04-RJ";"UOP01-DEL04-RJ"
302910;2020-08-22;"sábado";"10:30:00";"PR";476;136;"CURITIBA";"Falta de Atenção à Condução";"Colisão lateral";"Com Vítimas Feridas";"Pleno dia";"Crescente";"Sol";"Dupla";"Reta";"Sim";2;0;0;1;1;0;1;2;-25,491047;-49,271679;"SPRF-PR";"DEL01-PR";"UOP03-DEL01-PR"
302911;2020-08-22;"sábado";"04:20:00";"BA";110;176;"RIBEIRA DO POMBAL";"Ingestão de Substâncias Psicoativas";"Saída de leito carroçável";"Sem Vítimas";"Plena Noite";"Crescente";"Céu Claro";"Simples";"Reta";"Não";1;0;0;0;1;0;0;1;-10,89629907;-38,52352048;"SPRF-BA";"DEL07-BA";"UOP02-DEL07-BA"
302913;2020-08-22;"sábado";"10:15:00";"BA";110;290,3;"INHAMBUPE";"Falta de Atenção à Condução";"Colisão frontal";"Com Vítimas Fatais";"Pleno dia";"Decrescente";"Céu Claro";"Simples";"Reta";"Não";3;2;0;1;0;0;1;2;-11,82090111;-38,35767177;"SPRF-BA";"DEL01-BA";"UOP04-DEL01-BA"
302915;2020-08-10;"segunda-feira";"15:30:00";"PR";376;176,8;"MARINGA";"Falta de Atenção à Condução";"Colisão transversal";"Com Vítimas Feridas";"Pleno dia";"Crescente";"Céu Claro";"Dupla";"Reta";"Sim";2;0;1;0;1;0;1;2;-23,41269173;-51,93158327;"SPRF-PR";"DEL09-PR";"UOP01-DEL09-PR"
302918;2020-08-22;"sábado";"09:46:00";"MT";163;570,4;"NOVA MUTUM";"Falta de Atenção à Condução";"Saída de leito carroçável";"Com Vítimas Feridas";"Pleno dia";"Decrescente";"Sol";"Simples";"Reta";"Não";5;0;4;0;1;0;4;1;-14,13124878;-56,11129761;"SPRF-MT";"DEL01-MT";"UOP01-DEL01-MT"
302919;2020-08-22;"sábado";"10:59:00";"ES";262;76,5;"DOMINGOS MARTINS";"Falta de Atenção à Condução";"Colisão frontal";"Com Vítimas Fatais";"Pleno dia";"Crescente";"Chuva";"Simples";"Curva";"Não";6;1;1;1;3;0;2;3;-20,41279327;-40,90834307;"SPRF-ES";"DEL01-ES";"UOP02-DEL01-ES"
302922;2020-08-22;"sábado";"11:45:00";"MG";262;400,8;"PARA DE MINAS";"Velocidade Incompatível";"Colisão com objeto estático";"Com Vítimas Feridas";"Pleno dia";"Decrescente";"Chuva";"Dupla";"Curva";"Não";2;0;1;0;1;0;1;1;-19,88588033;-44,63367462;"SPRF-MG";"DEL01-MG";"UOP03-DEL01-MG"
302923;2020-08-22;"sábado";"12:30:00";"SC";101;197,2;"BIGUACU";"Falta de Atenção à Condução";"Tombamento";"Com Vítimas Feridas";"Pleno dia";"Decrescente";"Céu Claro";"Dupla";"Reta";"Sim";1;0;0;1;0;0;1;1;-27,51844497;-48,63848496;"SPRF-SC";"DEL01-SC";"UOP01-DEL01-SC"
302924;2020-08-22;"sábado";"11:10:00";"MG";262;380,6;"JUATUBA";"Velocidade Incompatível";"Saída de leito carroçável";"Com Vítimas Feridas";"Pleno dia";"Decrescente";"Chuva";"Dupla";"Curva;Declive";"Não";1;0;1;0;0;0;1;1;-19,947864;-44,381226;"SPRF-MG";"DEL01-MG";"UOP03-DEL01-MG"
302926;2020-08-22;"sábado";"11:45:00";"MG";40;746,5;"SANTOS DUMONT";"Velocidade Incompatível";"Saída de leito carroçável";"Sem Vítimas";"Pleno dia";"Crescente";"Chuva";"Simples";"Curva";"Sim";1;0;0;0;1;0;0;1;-21,43028197;-43,55615283;"SPRF-MG";"DEL05-MG";"UOP01-DEL05-MG"
302927;2020-08-22;"sábado";"12:40:00";"GO";70;9,4;"AGUAS LINDAS DE GOIAS";"Ingestão de Álcool";"Atropelamento de Pedestre";"Com Vítimas Feridas";"Pleno dia";"Crescente";"Sol";"Múltipla";"Reta";"Sim";2;0;0;1;1;0;1;2;-15,73576731;-48,28288046;"SPRF-DF";"DEL03-DF";"UOP02-DEL03-DF"
302929;2020-08-22;"sábado";"11:50:00";"MG";40;635,9;"CONSELHEIRO LAFAIETE";"Velocidade Incompatível";"Saída de leito carroçável";"Com Vítimas Feridas";"Pleno dia";"Decrescente";"Chuva";"Simples";"Reta";"Não";1;0;1;0;0;0;1;1;-20,69796589;-43,79213914;"SPRF-MG";"DEL05-MG";"UOP02-DEL05-MG"
302930;2020-08-22;"sábado";"10:45:00";"MG";116;423,1;"GOVERNADOR VALADARES";"Falta de Atenção à Condução";"Colisão frontal";"Com Vítimas Feridas";"Pleno dia";"Decrescente";"Chuva";"Simples";"Curva";"Não";2;0;0;1;1;0;1;2;-18,95208996;-41,95709803;"SPRF-MG";"DEL06-MG";"UOP01-DEL06-MG"
302931;2020-08-22;"sábado";"12:20:00";"MG";40;43,4;"PARACATU";"Falta de Atenção à Condução";"Colisão lateral";"Com Vítimas Feridas";"Pleno dia";"Crescente";"Nublado";"Dupla";"Interseção de Vias";"Sim";3;0;1;0;2;0;1;2;-17,22598002;-46,86163701;"SPRF-MG";"DEL14-MG";"UOP01-DEL14-MG"
302932;2020-08-22;"sábado";"13:15:00";"RS";116;239;"NOVO HAMBURGO";"Falta de Atenção à Condução";"Colisão traseira";"Com Vítimas Feridas";"Pleno dia";"Decrescente";"Sol";"Dupla";"Declive";"Sim";2;0;1;0;1;0;1;2;-29,6961491;-51,14455767;"SPRF-RS";"DEL01-RS";"UOP02-DEL01-RS"
302935;2020-08-22;"sábado";"13:00:00";"MG";381;346;"BELA VISTA DE MINAS";"Velocidade Incompatível";"Saída de leito carroçável";"Com Vítimas Feridas";"Pleno dia";"Decrescente";"Chuva";"Simples";"Curva";"Não";1;0;1;0;0;0;1;1;-19,85740706;-43,12344309;"SPRF-MG";"DEL03-MG";"UOP01-DEL03-MG"
302936;2020-08-22;"sábado";"13:30:00";"SP";116;279;"EMBU DAS ARTES";"Falta de Atenção à Condução";"Colisão lateral";"Com Vítimas Feridas";"Pleno dia";"Crescente";"Chuva";"Dupla";"Reta";"Sim";2;0;1;0;1;0;1;1;-23,66233697;-46,85292907;"SPRF-SP";"DEL04-SP";"UOP01-DEL04-SP"
302937;2020-08-22;"sábado";"12:20:00";"PR";369;141;"IBIPORA";"Falta de Atenção à Condução";"Colisão transversal";"Com Vítimas Feridas";"Pleno dia";"Crescente";"Céu Claro";"Simples";"Rotatória";"Sim";2;0;1;0;1;0;1;2;-23,28555549;-51,0743317;"SPRF-PR";"DEL07-PR";"UOP01-DEL07-PR"
302938;2020-08-22;"sábado";"04:00:00";"RS";470;209;"BENTO GONCALVES";"Velocidade Incompatível";"Saída de leito carroçável";"Sem Vítimas";"Plena Noite";"Decrescente";"Céu Claro";"Simples";"Curva";"Não";1;0;0;0;0;1;0;1;-29,10894598;-51,54542236;"SPRF-RS";"DEL06-RS";"UOP01-DEL06-RS"
302940;2020-08-22;"sábado";"13:05:00";"MS";158;128;"APARECIDA DO TABOADO";"Desobediência às normas de trânsito pelo condutor";"Colisão frontal";"Com Vítimas Feridas";"Pleno dia";"Decrescente";"Céu Claro";"Simples";"Reta";"Não";2;0;0;1;1;0;1;2;-19,93302;-51,11929;"SPRF-MS";"DEL08-MS";"UOP01-DEL08-MS"
302941;2020-08-22;"sábado";"14:40:00";"RJ";101;82;"CAMPOS DOS GOYTACAZES";"Ingestão de Álcool";"Colisão frontal";"Com Vítimas Feridas";"Pleno dia";"Crescente";"Chuva";"Simples";"Curva";"Sim";10;0;2;0;8;0;2;4;-21,82752108;-41,45414032;"SPRF-RJ";"DEL08-RJ";"UOP02-DEL08-RJ"
302942;2020-08-22;"sábado";"14:55:00";"SP";116;229,3;"SAO PAULO";"Condutor Dormindo";"Colisão com objeto estático";"Com Vítimas Feridas";"Pleno dia";"Crescente";"Nublado";"Múltipla";"Reta";"Sim";1;0;1;0;0;0;1;1;-23,51291902;-46,57604698;"SPRF-SP";"DEL01-SP";"UOP01-DEL01-SP"
302943;2020-08-22;"sábado";"14:15:00";"RS";386;115,7;"SARANDI";"Desobediência às normas de trânsito pelo condutor";"Colisão com objeto estático";"Com Vítimas Feridas";"Pleno dia";"Decrescente";"Sol";"Simples";"Curva";"Não";3;0;2;0;0;1;2;2;-27,837799;-53,019402;"SPRF-RS";"DEL08-RS";"UOP01-DEL08-RS"
302945;2020-08-22;"sábado";"14:50:00";"MG";381;496,5;"BETIM";"Pista Escorregadia";"Queda de ocupante de veículo";"Com Vítimas Feridas";"Pleno dia";"Decrescente";"Chuva";"Dupla";"Curva";"Sim";1;0;1;0;0;0;1;1;-19,99676497;-44,20958506;"SPRF-MG";"DEL01-MG";"UOP03-DEL01-MG"
302948;2020-08-22;"sábado";"14:45:00";"DF";20;19;"BRASILIA";"Não guardar distância de segurança";"Colisão traseira";"Com Vítimas Feridas";"Pleno dia";"Crescente";"Céu Claro";"Dupla";"Aclive";"Sim";3;0;1;0;1;1;1;3;-15,612175;-47,700928;"SPRF-DF";"DEL02-DF";"UOP01-DEL02-DF"
302949;2020-08-22;"sábado";"15:15:00";"RS";116;250;"SAO LEOPOLDO";"Agressão Externa";"Tombamento";"Com Vítimas Feridas";"Pleno dia";"Crescente";"Sol";"Dupla";"Viaduto";"Sim";2;0;2;0;0;0;2;1;-29,79148798;-51,16399615;"SPRF-RS";"DEL01-RS";"UOP02-DEL01-RS"
302951;2020-08-22;"sábado";"13:15:00";"PR";277;107,5;"CAMPO LARGO";"Falta de Atenção do Pedestre";"Atropelamento de Pedestre";"Com Vítimas Feridas";"Pleno dia";"Crescente";"Céu Claro";"Dupla";"Reta";"Não";2;0;1;0;0;1;1;2;-25,43363532;-49,43689942;"SPRF-PR";"DEL01-PR";"UOP03-DEL03-PR"
302952;2020-08-22;"sábado";"15:30:00";"SC";101;381;"ICARA";"Falta de Atenção à Condução";"Colisão frontal";"Com Vítimas Feridas";"Pleno dia";"Crescente";"Céu Claro";"Simples";"Interseção de Vias";"Não";2;0;1;0;1;0;1;2;-28,75991878;-49,28614855;"SPRF-SC";"DEL02-SC";"UOP02-DEL02-SC"
302954;2020-08-22;"sábado";"16:00:00";"BA";235;351;"JUAZEIRO";"Ultrapassagem Indevida";"Tombamento";"Com Vítimas Feridas";"Pleno dia";"Crescente";"Sol";"Simples";"Reta";"Sim";2;0;0;1;1;0;1;2;-9,43954254;-40,49615448;"SPRF-PE";"DEL06-PE";"UOP01-DEL06-PE"
302955;2020-08-22;"sábado";"16:00:00";"MG";381;441;"SABARA";"Falta de Atenção à Condução";"Colisão frontal";"Com Vítimas Feridas";"Pleno dia";"Decrescente";"Céu Claro";"Simples";"Curva";"Não";5;0;2;1;2;0;3;4;-19,81604176;-43,80389901;"SPRF-MG";"DEL01-MG";"UOP01-DEL01-MG"
302956;2020-08-22;"sábado";"15:00:00";"ES";101;289,3;"CARIACICA";"Falta de Atenção à Condução";"Colisão com objeto estático";"Sem Vítimas";"Pleno dia";"Crescente";"Chuva";"Dupla";"Curva";"Não";1;0;0;0;1;0;0;1;-20,2820036;-40,39339185;"SPRF-ES";"DEL01-ES";"UOP01-DEL01-ES"
302958;2020-08-22;"sábado";"14:40:00";"MG";251;365;"PADRE CARVALHO";"Falta de Atenção à Condução";"Tombamento";"Com Vítimas Feridas";"Pleno dia";"Crescente";"Céu Claro";"Simples";"Reta";"Não";2;0;0;2;0;0;2;1;-16,2666249;-42,64514704;"SPRF-MG";"DEL12-MG";"UOP01-DEL12-MG"
302960;2020-08-22;"sábado";"14:00:00";"RJ";40;75;"PETROPOLIS";"Pista Escorregadia";"Colisão com objeto estático";"Com Vítimas Feridas";"Pleno dia";"Crescente";"Chuva";"Dupla";"Curva";"Não";2;0;1;0;1;0;1;1;-22,46857126;-43,22958698;"SPRF-RJ";"DEL06-RJ";"UOP01-DEL06-RJ"
302961;2020-08-22;"sábado";"13:00:00";"AC";317;121;"CAPIXABA";"Falta de Atenção à Condução";"Capotamento";"Com Vítimas Feridas";"Pleno dia";"Decrescente";"Céu Claro";"Simples";"Curva";"Não";3;0;1;2;0;0;3;1;-10,3760749;-67,71175938;"SPRF-AC";"DEL01-AC";"UOP01-DEL01-AC"
302963;2020-08-22;"sábado";"16:30:00";"ES";262;88;"DOMINGOS MARTINS";"Desobediência às normas de trânsito pelo condutor";"Colisão transversal";"Com Vítimas Feridas";"Pleno dia";"Decrescente";"Chuva";"Simples";"Retorno Regulamentado";"Não";2;0;0;1;1;0;1;2;-20,39120365;-41,0098457;"SPRF-ES";"DEL01-ES";"UOP02-DEL01-ES"
302969;2020-08-22;"sábado";"14:00:00";"RO";364;358;"JI-PARANA";"Falta de Atenção à Condução";"Saída de leito carroçável";"Com Vítimas Feridas";"Pleno dia";"Crescente";"Céu Claro";"Simples";"Reta";"Não";2;0;1;0;0;1;1;2;-10,79098663;-62,04115379;"SPRF-RO";"DEL02-RO";"UOP01-DEL02-RO"
302970;2020-08-22;"sábado";"16:25:00";"RJ";116;175,4;"NOVA IGUACU";"Falta de Atenção à Condução";"Queda de ocupante de veículo";"Com Vítimas Feridas";"Pleno dia";"Crescente";"Nublado";"Dupla";"Reta";"Sim";1;0;1;0;0;0;1;1;-22,78923555;-43,37275272;"SPRF-RJ";"DEL01-RJ";"UOP02-DEL01-RJ"
302971;2020-08-22;"sábado";"16:55:00";"RS";290;110;"ELDORADO DO SUL";"Defeito Mecânico no Veículo";"Saída de leito carroçável";"Com Vítimas Feridas";"Pleno dia";"Decrescente";"Céu Claro";"Dupla";"Reta";"Não";1;0;1;0;0;0;1;1;-30,023552;-51,321091;"SPRF-RS";"DEL02-RS";"UOP01-DEL02-RS"
302972;2020-08-22;"sábado";"16:45:00";"SC";101;335,3;"TUBARAO";"Falta de Atenção à Condução";"Atropelamento de Pedestre";"Com Vítimas Feridas";"Pleno dia";"Decrescente";"Céu Claro";"Múltipla";"Curva";"Sim";3;0;1;0;2;0;1;3;-28,46927473;-49,01557908;"SPRF-SC";"DEL02-SC";"UOP01-DEL02-SC"
302973;2020-08-22;"sábado";"16:10:00";"RS";116;220;"DOIS IRMAOS";"Falta de Atenção à Condução";"Saída de leito carroçável";"Com Vítimas Feridas";"Pleno dia";"Crescente";"Sol";"Simples";"Declive;Reta";"Não";2;0;1;1;0;0;2;1;-29,56492079;-51,09188829;"SPRF-RS";"DEL01-RS";"UOP02-DEL01-RS"
302975;2020-08-22;"sábado";"17:00:00";"PR";369;142;"IBIPORA";"Não guardar distância de segurança";"Colisão traseira";"Com Vítimas Feridas";"Pleno dia";"Crescente";"Céu Claro";"Simples";"Reta";"Sim";3;0;2;0;0;1;2;2;-23,29278612;-51,09537363;"SPRF-PR";"DEL07-PR";"UOP01-DEL07-PR"
302976;2020-08-22;"sábado";"13:40:00";"SC";101;79,2;"ARAQUARI";"Falta de Atenção à Condução";"Queda de ocupante de veículo";"Com Vítimas Feridas";"Pleno dia";"Crescente";"Céu Claro";"Dupla";"Reta";"Não";1;0;1;0;0;0;1;1;-26,58559601;-48,72192112;"SPRF-SC";"DEL03-SC";"UOP02-DEL03-SC"
302978;2020-08-22;"sábado";"15:55:00";"SP";153;330,5;"SALTO GRANDE";"Falta de Atenção à Condução";"Atropelamento de Pedestre";"Com Vítimas Feridas";"Pleno dia";"Crescente";"Nublado";"Simples";"Reta";"Não";3;0;0;1;2;0;1;2;-22,853448;-49,88959919;"SPRF-SP";"DEL07-SP";"UOP03-DEL07-SP"
302979;2020-08-22;"sábado";"14:20:00";"RJ";101;320;"NITEROI";"Falta de Atenção à Condução";"Colisão com objeto estático";"Com Vítimas Feridas";"Pleno dia";"Decrescente";"Chuva";"Dupla";"Reta";"Não";1;0;0;1;0;0;1;1;-22,86171098;-43,10714015;"SPRF-RJ";"DEL02-RJ";"UOP02-DEL02-RJ"
302980;2020-08-22;"sábado";"17:15:00";"PR";153;343,3;"IRATI";"Ingestão de Álcool";"Saída de leito carroçável";"Com Vítimas Fatais";"Pleno dia";"Crescente";"Céu Claro";"Simples";"Declive;Curva";"Não";3;1;2;0;0;0;2;1;-25,56118096;-50,67815908;"SPRF-PR";"DEL03-PR";"UOP03-DEL03-PR"
302981;2020-08-22;"sábado";"18:00:00";"SC";101;113;"ITAJAI";"Avarias e/ou desgaste excessivo no pneu";"Colisão com objeto estático";"Sem Vítimas";"Anoitecer";"Crescente";"Céu Claro";"Dupla";"Reta";"Não";1;0;0;0;1;0;0;1;-26,85311393;-48,72689927;"SPRF-SC";"DEL04-SC";"UOP04-DEL04-SC"
302982;2020-08-22;"sábado";"17:35:00";"SC";280;21,4;"ARAQUARI";"Não guardar distância de segurança";"Colisão traseira";"Com Vítimas Feridas";"Pleno dia";"Crescente";"Céu Claro";"Simples";"Reta";"Sim";2;0;0;1;0;1;1;2;-26,37043169;-48,69219602;"SPRF-SC";"DEL03-SC";"UOP03-DEL03-SC"
302983;2020-08-22;"sábado";"18:10:00";"SC";280;34,6;"ARAQUARI";"Não guardar distância de segurança";"Colisão traseira";"Com Vítimas Feridas";"Plena Noite";"Decrescente";"Céu Claro";"Simples";"Reta";"Não";3;0;1;0;2;0;1;2;-26,432742;-48,801975;"SPRF-SC";"DEL03-SC";"UOP03-DEL03-SC"
302984;2020-08-22;"sábado";"15:40:00";"RS";472;579;"URUGUAIANA";"Desobediência às normas de trânsito pelo condutor";"Colisão traseira";"Com Vítimas Feridas";"Pleno dia";"Crescente";"Céu Claro";"Simples";"Reta";"Sim";3;0;2;0;1;0;2;2;-29,76624794;-57,02865899;"SPRF-RS";"DEL13-RS";"UOP01-DEL13-RS"
302985;2020-08-22;"sábado";"18:00:00";"ES";101;62;"SAO MATEUS";"Ingestão de Álcool";"Colisão frontal";"Com Vítimas Feridas";"Plena Noite";"Crescente";"Garoa/Chuvisco";"Simples";"Curva";"Sim";5;0;1;3;1;0;4;3;-18,69163744;-39,86213576;"SPRF-ES";"DEL04-ES";"UOP02-DEL04-ES"
302987;2020-08-22;"sábado";"18:10:00";"PB";230;149,8;"CAMPINA GRANDE";"Defeito Mecânico no Veículo";"Queda de ocupante de veículo";"Com Vítimas Feridas";"Plena Noite";"Decrescente";"Céu Claro";"Dupla";"Reta";"Não";2;0;1;0;1;0;1;1;-7,2515;-35,8724;"SPRF-PB";"DEL02-PB";"UOP01-DEL02-PB"
302989;2020-08-22;"sábado";"18:25:00";"PE";101;67,5;"RECIFE";"Desobediência às normas de trânsito pelo pedestre";"Atropelamento de Pedestre";"Com Vítimas Feridas";"Plena Noite";"Decrescente";"Nublado";"Dupla";"Reta";"Sim";3;0;3;0;0;0;3;2;-8,046964;-34,944865;"SPRF-PE";"DEL01-PE";"UOP01-DEL01-PE"
302990;2020-08-22;"sábado";"17:30:00";"MG";40;679,7;"CARANDAI";"Pista Escorregadia";"Saída de leito carroçável";"Com Vítimas Feridas";"Pleno dia";"Decrescente";"Chuva";"Dupla";"Curva";"Não";1;0;1;0;0;0;1;1;-21,03303867;-43,7767048;"SPRF-MG";"DEL05-MG";"UOP02-DEL05-MG"
302993;2020-08-22;"sábado";"18:45:00";"DF";20;9,5;"BRASILIA";"Agressão Externa";"Saída de leito carroçável";"Sem Vítimas";"Plena Noite";"Crescente";"Garoa/Chuvisco";"Dupla";"Curva";"Sim";1;0;0;0;1;0;0;1;-15,65208963;-47,77861834;"SPRF-DF";"DEL02-DF";"UOP01-DEL02-DF"
302994;2020-08-22;"sábado";"16:45:00";"PR";153;412,5;"PAULO FRONTIN";"Velocidade Incompatível";"Colisão frontal";"Com Vítimas Feridas";"Pleno dia";"Crescente";"Céu Claro";"Simples";"Curva";"Não";2;0;1;1;0;0;2;2;-26,06506284;-50,80597769;"SPRF-PR";"DEL02-PR";"UOP04-DEL02-PR"
302996;2020-08-22;"sábado";"16:20:00";"SC";280;109;"SAO BENTO DO SUL";"Desobediência às normas de trânsito pelo condutor";"Colisão transversal";"Com Vítimas Feridas";"Pleno dia";"Crescente";"Céu Claro";"Simples";"Interseção de Vias";"Não";4;0;2;0;2;0;2;2;-26,3087656;-49,38817978;"SPRF-SC";"DEL06-SC";"UOP03-DEL06-SC"
302997;2020-08-22;"sábado";"11:30:00";"SC";280;81,8;"CORUPA";"Desobediência às normas de trânsito pelo condutor";"Colisão frontal";"Com Vítimas Feridas";"Pleno dia";"Crescente";"Céu Claro";"Simples";"Reta";"Sim";2;0;1;0;1;0;1;2;-26,43651679;-49,24079776;"SPRF-SC";"DEL06-SC";"UOP03-DEL06-SC"
302998;2020-08-22;"sábado";"18:50:00";"ES";101;65;"SAO MATEUS";"Falta de Atenção à Condução";"Queda de ocupante de veículo";"Com Vítimas Feridas";"Plena Noite";"Crescente";"Céu Claro";"Simples";"Interseção de Vias";"Sim";1;0;1;0;0;0;1;1;-18,71441;-39,87775;"SPRF-ES";"DEL04-ES";"UOP02-DEL04-ES"
302999;2020-08-22;"sábado";"19:00:00";"AP";210;3;"MACAPA";"Ingestão de Álcool";"Saída de leito carroçável";"Sem Vítimas";"Plena Noite";"Crescente";"Céu Claro";"Múltipla";"Interseção de Vias;Reta";"Sim";1;0;0;0;1;0;0;1;0,08723365;-51,08569007;"SPRF-AP";"DEL01-AP";"UOP01-DEL01-AP"
303000;2020-08-22;"sábado";"19:17:00";"RS";290;133;"ELDORADO DO SUL";"Falta de Atenção do Pedestre";"Atropelamento de Pedestre";"Com Vítimas Fatais";"Plena Noite";"Crescente";"Céu Claro";"Simples";"Reta";"Não";2;1;0;0;1;0;0;2;-30,063339;-51,541069;"SPRF-RS";"DEL02-RS";"UOP01-DEL02-RS"
303003;2020-06-07;"domingo";"22:30:00";"SE";235;6;"NOSSA SENHORA DO SOCORRO";"Falta de Atenção à Condução";"Colisão traseira";"Com Vítimas Feridas";"Plena Noite";"Decrescente";"Céu Claro";"Dupla";"Reta";"Sim";2;0;1;0;1;0;1;2;-10,903851;-37,128677;"SPRF-SE";"DEL01-SE";"UOP01-DEL01-SE"
303005;2020-08-22;"sábado";"19:30:00";"RS";468;94,2;"TRES PASSOS";"Velocidade Incompatível";"Saída de leito carroçável";"Com Vítimas Feridas";"Plena Noite";"Decrescente";"Céu Claro";"Simples";"Curva";"Não";2;0;1;1;0;0;2;1;-27,51245261;-53,8826598;"SPRF-RS";"DEL08-RS";"UOP02-DEL08-RS"
303006;2020-08-22;"sábado";"19:45:00";"SE";235;2,7;"ARACAJU";"Desobediência às normas de trânsito pelo pedestre";"Atropelamento de Pedestre";"Com Vítimas Fatais";"Plena Noite";"Crescente";"Céu Claro";"Dupla";"Reta";"Sim";2;1;0;0;0;1;0;2;-10,9062;-37,1034;"SPRF-SE";"DEL01-SE";"UOP01-DEL01-SE"
303007;2020-08-22;"sábado";"19:30:00";"ES";101;264;"SERRA";"Falta de Atenção à Condução";"Colisão frontal";"Com Vítimas Feridas";"Plena Noite";"Crescente";"Chuva";"Múltipla";"Interseção de Vias";"Sim";2;0;1;0;1;0;1;2;-20,17292791;-40,26736384;"SPRF-ES";"DEL02-ES";"UOP01-DEL02-ES"
303008;2020-08-22;"sábado";"16:45:00";"GO";158;243;"JATAI";"Falta de Atenção à Condução";"Saída de leito carroçável";"Sem Vítimas";"Pleno dia";"Crescente";"Céu Claro";"Simples";"Reta";"Não";2;0;0;0;2;0;0;1;-17,67042594;-51,83982758;"SPRF-GO";"DEL05-GO";"UOP01-DEL05-GO"
303009;2020-08-22;"sábado";"19:20:00";"PI";343;590,5;"FLORIANO";"Desobediência às normas de trânsito pelo condutor";"Colisão lateral";"Com Vítimas Feridas";"Plena Noite";"Decrescente";"Céu Claro";"Dupla";"Retorno Regulamentado";"Sim";2;0;0;1;0;1;1;2;-6,783895;-43,015095;"SPRF-PI";"DEL03-PI";"UOP01-DEL03-PI"
303010;2020-08-22;"sábado";"19:00:00";"SC";470;66;"INDAIAL";"Falta de Atenção à Condução";"Colisão frontal";"Com Vítimas Feridas";"Plena Noite";"Crescente";"Céu Claro";"Simples";"Reta";"Não";3;0;1;0;2;0;1;2;-26,870407;-49,221844;"SPRF-SC";"DEL04-SC";"UOP01-DEL04-SC"
303011;2020-08-22;"sábado";"19:00:00";"PI";343;342;"TERESINA";"Defeito Mecânico no Veículo";"Tombamento";"Com Vítimas Feridas";"Plena Noite";"Crescente";"Céu Claro";"Simples";"Reta";"Sim";1;0;1;0;0;0;1;1;-5,08284;-42,750385;"SPRF-PI";"DEL01-PI";"UOP01-DEL01-PI"
303012;2020-08-22;"sábado";"19:00:00";"PI";316;13,4;"TERESINA";"Falta de Atenção à Condução";"Saída de leito carroçável";"Com Vítimas Fatais";"Plena Noite";"Crescente";"Céu Claro";"Dupla";"Em Obras";"Não";1;1;0;0;0;0;0;1;-5,210855;-42,755035;"SPRF-PI";"DEL01-PI";"UOP02-DEL01-PI"
303013;2020-08-22;"sábado";"19:10:00";"PI";343;27,8;"PARNAIBA";"Ingestão de Álcool";"Tombamento";"Com Vítimas Feridas";"Plena Noite";"Decrescente";"Céu Claro";"Simples";"Reta";"Sim";1;0;0;1;0;0;1;1;-3,043463;-41,773762;"SPRF-PI";"DEL05-PI";"UOP01-DEL05-PI"
303014;2020-08-22;"sábado";"19:50:00";"DF";70;18;"BRASILIA";"Ingestão de Álcool";"Colisão traseira";"Com Vítimas Feridas";"Plena Noite";"Crescente";"Céu Claro";"Dupla";"Reta";"Sim";4;0;1;0;3;0;1;3;-15,791093;-48,21096;"SPRF-DF";"DEL03-DF";"UOP02-DEL03-DF"
303015;2020-08-22;"sábado";"19:15:00";"CE";222;11;"CAUCAIA";"Desobediência às normas de trânsito pelo condutor";"Colisão transversal";"Com Vítimas Feridas";"Plena Noite";"Crescente";"Céu Claro";"Simples";"Reta";"Sim";4;0;0;2;1;1;2;2;-3,73292244;-38,71268749;"SPRF-CE";"DEL01-CE";"UOP01-DEL01-CE"
303018;2020-08-22;"sábado";"19:30:00";"GO";20;181,9;"ALVORADA DO NORTE";"Não guardar distância de segurança";"Colisão traseira";"Sem Vítimas";"Plena Noite";"Decrescente";"Céu Claro";"Simples";"Reta";"Sim";4;0;0;0;4;0;0;2;-14,470801;-46,486183;"SPRF-DF";"DEL02-DF";"UOP03-DEL02-DF"
303020;2020-08-22;"sábado";"18:05:00";"MG";40;35,7;"PARACATU";"Velocidade Incompatível";"Saída de leito carroçável";"Com Vítimas Feridas";"Anoitecer";"Decrescente";"Ignorado";"Simples";"Curva";"Não";1;0;1;0;0;0;1;1;-17,193207;-46,917147;"SPRF-MG";"DEL14-MG";"UOP01-DEL14-MG"