"id";"data_inversa";"dia_semana";"horario";"uf";"br";"km";"municipio";"causa_acidente";"tipo_acidente";"classificacao_acidente";"fase_dia";"sentido_via";"condicao_metereologica";"tipo_pista";"tracado_via";"uso_solo";"pessoas";"mortos";"feridos_leves";"feridos_graves";"ilesos";"ignorados";"feridos";"veiculos";"latitude";"longitude";"regional";"delegacia";"uop"
303128;2020-08-23;"domingo";"10:25:00";"PB";101;99,4;"ALHANDRA";"Falta de Atenção à Condução";"Colisão lateral";"Com Vítimas Feridas";"Pleno dia";"Crescente";"Sol";"Dupla";"Reta";"Não";3;0;1;0;1;1;1;2;-7,26469806;-34,93677965;"SPRF-PB";"DEL01-PB";"UOP02-DEL01-PB"
303130;2020-08-23;"domingo";"10:30:00";"RN";405;151,7;"PAU DOS FERROS";"Não guardar distância de segurança";"Colisão traseira";"Com Vítimas Feridas";"Pleno dia";"Decrescente";"Céu Claro";"Simples";"Reta";"Sim";2;0;0;1;1;0;1;2;-6,11489502;-38,20651128;"SPRF-RN";"DEL04-RN";"UOP02-DEL04-RN"
303131;2020-08-23;"domingo";"10:50:00";"TO";153;480,9;"PARAISO DO TOCANTINS";"Falta de Atenção à Condução";"Saída de leito carroçável";"Sem Vítimas";"Pleno dia";"Decrescente";"Céu Claro";"Simples";"Reta";"Não";1;0;0;0;0;1;0;1;-10,05801605;-48,82806898;"SPRF-TO";"DEL01-TO";"UOP01-DEL01-TO"
303133;2020-08-23;"domingo";"10:30:00";"MG";381;294;"ANTONIO DIAS";"Não guardar distância de segurança";"Colisão traseira";"Com Vítimas Feridas";"Pleno dia";"Crescente";"Nublado";"Simples";"Curva;Aclive";"Não";2;0;1;0;1;0;1;2;-19,62246609;-42,8549139;"SPRF-MG";"DEL03-MG";"UOP02-DEL03-MG"
303134;2020-08-23;"domingo";"11:00:00";"SC";101;116,7;"ITAJAI";"Falta de Atenção à Condução";"Colisão com objeto estático";"Sem Vítimas";"Pleno dia";"Crescente";"Garoa/Chuvisco";"Dupla";"Reta";"Sim";2;0;0;0;2;0;0;2;-26,87905605;-48,72603512;"SPRF-SC";"DEL04-SC";"UOP04-DEL04-SC"
303137;2020-08-23;"domingo";"02:00:00";"PR";153;342;"REBOUCAS";"Falta de Atenção à Condução";"Saída de leito carroçável";"Com Vítimas Feridas";"Plena Noite";"Decrescente";"Céu Claro";"Simples";"Reta";"Não";1;0;1;0;0;0;1;1;-25,54626385;-50,66707022;"SPRF-PR";"DEL03-PR";"UOP03-DEL03-PR"
303138;2020-08-23;"domingo";"12:02:00";"SP";116;275,9;"EMBU DAS ARTES";"Falta de Atenção à Condução";"Atropelamento de Pedestre";"Com Vítimas Feridas";"Pleno dia";"Decrescente";"Céu Claro";"Dupla";"Reta";"Sim";4;0;1;3;0;0;4;2;-23,63638826;-46,83251584;"SPRF-SP";"DEL04-SP";"UOP01-DEL04-SP"
303139;2020-08-23;"domingo";"11:35:00";"SC";101;390;"CRICIUMA";"Falta de Atenção à Condução";"Colisão traseira";"Com Vítimas Feridas";"Pleno dia";"Crescente";"Céu Claro";"Dupla";"Declive";"Não";2;0;1;0;1;0;1;2;-28,8074008;-49,37556803;"SPRF-SC";"DEL02-SC";"UOP02-DEL02-SC"
303141;2020-08-23;"domingo";"12:40:00";"RJ";101;306;"SAO GONCALO";"Falta de Atenção à Condução";"Colisão lateral";"Com Vítimas Feridas";"Pleno dia";"Crescente";"Nublado";"Dupla";"Reta";"Sim";2;0;1;0;1;0;1;2;-22,78913759;-43,00550909;"SPRF-RJ";"DEL02-RJ";"UOP02-DEL02-RJ"
303143;2020-08-23;"domingo";"12:50:00";"MG";381;477;"CONTAGEM";"Velocidade Incompatível";"Colisão lateral";"Com Vítimas Feridas";"Pleno dia";"Crescente";"Céu Claro";"Dupla";"Reta";"Sim";2;0;1;0;1;0;1;2;-19,96179268;-44,05041676;"SPRF-MG";"DEL01-MG";"UOP03-DEL01-MG"
303144;2020-08-23;"domingo";"13:30:00";"PE";408;102;"SAO LOURENCO DA MATA";"Defeito Mecânico no Veículo";"Colisão com objeto estático";"Com Vítimas Feridas";"Pleno dia";"Decrescente";"Céu Claro";"Dupla";"Reta";"Não";3;0;2;0;1;0;2;1;-8,05323195;-35,00247996;"SPRF-PE";"DEL01-PE";"UOP01-DEL01-PE"
303147;2020-08-23;"domingo";"12:55:00";"SE";101;15,7;"SAO FRANCISCO";"Defeito Mecânico no Veículo";"Tombamento";"Com Vítimas Feridas";"Pleno dia";"Decrescente";"Céu Claro";"Dupla";"Reta";"Não";2;0;1;1;0;0;2;1;-10,32028898;-36,89367839;"SPRF-SE";"DEL02-SE";"UOP02-DEL02-SE"
303148;2020-08-23;"domingo";"13:15:00";"MG";459;87,2;"CONGONHAL";"Velocidade Incompatível";"Colisão com objeto estático";"Com Vítimas Feridas";"Pleno dia";"Crescente";"Nublado";"Simples";"Reta";"Não";4;0;0;4;0;0;4;1;-22,153883;-46,012573;"SPRF-MG";"DEL09-MG";"UOP01-DEL09-MG"
303149;2020-08-22;"sábado";"22:30:00";"PI";316;376,5;"VILA NOVA DO PIAUI";"Ultrapassagem Indevida";"Saída de leito carroçável";"Com Vítimas Feridas";"Plena Noite";"Decrescente";"Céu Claro";"Simples";"Reta";"Não";2;0;1;0;1;0;1;1;-7,17586396;-40,90114094;"SPRF-PI";"DEL04-PI";"UOP03-DEL04-PI"
303150;2020-08-23;"domingo";"15:25:00";"GO";153;411;"ANAPOLIS";"Avarias e/ou desgaste excessivo no pneu";"Queda de ocupante de veículo";"Com Vítimas Feridas";"Pleno dia";"Decrescente";"Sol";"Simples";"Reta";"Não";2;0;2;0;0;0;2;1;-16,103788;-49,030304;"SPRF-GO";"DEL02-GO";"UOP01-DEL02-GO"
303151;2020-08-23;"domingo";"15:00:00";"GO";153;435;"ANAPOLIS";"Ingestão de Álcool";"Saída de leito carroçável";"Com Vítimas Feridas";"Pleno dia";"Crescente";"Céu Claro";"Dupla";"Viaduto";"Sim";3;0;2;0;1;0;2;1;-16,280523;-48,960049;"SPRF-GO";"DEL02-GO";"UOP01-DEL02-GO"
303152;2020-08-23;"domingo";"14:45:00";"PR";116;119;"CURITIBA";"Falta de Atenção à Condução";"Colisão lateral";"Sem Vítimas";"Pleno dia";"Decrescente";"Céu Claro";"Dupla";"Reta";"Não";2;0;0;0;2;0;0;2;-25,54456009;-49,30146002;"SPRF-PR";"DEL01-PR";"UOP01-DEL01-PR"
303153;2020-08-23;"domingo";"15:00:00";"RS";158;332;"SANTA MARIA";"Não guardar distância de segurança";"Colisão traseira";"Com Vítimas Feridas";"Pleno dia";"Decrescente";"Céu Claro";"Dupla";"Reta";"Sim";3;0;2;0;1;0;2;2;-29,7075633;-53,85413894;"SPRF-RS";"DEL09-RS";"UOP01-DEL09-RS"
303155;2020-08-23;"domingo";"15:00:00";"RS";472;577;"URUGUAIANA";"Desobediência às normas de trânsito pelo condutor";"Colisão transversal";"Com Vítimas Feridas";"Pleno dia";"Decrescente";"Céu Claro";"Simples";"Reta";"Sim";2;0;1;0;1;0;1;2;-29,7810284;-57,06509113;"SPRF-RS";"DEL13-RS";"UOP01-DEL13-RS"
303156;2020-08-23;"domingo";"14:00:00";"PB";426;67,7;"PIANCO";"Ingestão de Álcool";"Capotamento";"Com Vítimas Fatais";"Pleno dia";"Crescente";"Céu Claro";"Simples";"Curva";"Sim";3;1;1;1;0;0;2;1;-7,20528372;-37,92822896;"SPRF-PB";"DEL03-PB";"UOP01-DEL03-PB"
303157;2020-08-23;"domingo";"15:55:00";"GO";40;12;"LUZIANIA";"Ingestão de Álcool";"Colisão traseira";"Com Vítimas Feridas";"Pleno dia";"Crescente";"Céu Claro";"Dupla";"Reta";"Sim";3;0;2;0;1;0;2;2;-16,145123;-47,945382;"SPRF-DF";"DEL01-DF";"UOP01-DEL01-DF"
303158;2020-08-23;"domingo";"15:40:00";"PR";476;132,3;"CURITIBA";"Não guardar distância de segurança";"Colisão traseira";"Com Vítimas Fatais";"Pleno dia";"Crescente";"Chuva";"Simples";"Reta";"Sim";5;1;1;0;3;0;1;5;-25,460718;-49,250488;"SPRF-PR";"DEL01-PR";"UOP03-DEL01-PR"
303159;2020-08-23;"domingo";"16:15:00";"RO";364;343;"JI-PARANA";"Falta de Atenção do Pedestre";"Atropelamento de Pedestre";"Com Vítimas Feridas";"Pleno dia";"Decrescente";"Céu Claro";"Dupla";"Reta";"Não";2;0;0;1;1;0;1;2;-10,87878519;-61,94499012;"SPRF-RO";"DEL02-RO";"UOP01-DEL02-RO"
303160;2020-08-23;"domingo";"16:10:00";"DF";70;9;"BRASILIA";"Falta de Atenção à Condução";"Colisão lateral";"Com Vítimas Feridas";"Pleno dia";"Crescente";"Céu Claro";"Dupla";"Reta";"Sim";2;0;1;0;1;0;1;2;-15,784615;-48,132023;"SPRF-DF";"DEL03-DF";"UOP02-DEL03-DF"
303162;2020-08-23;"domingo";"15:30:00";"MS";163;280,8;"DOURADOS";"Velocidade Incompatível";"Tombamento";"Com Vítimas Feridas";"Pleno dia";"Decrescente";"Céu Claro";"Dupla";"Reta";"Sim";1;0;0;1;0;0;1;1;-22,133047;-54,613348;"SPRF-MS";"DEL04-MS";"UOP01-DEL04-MS"
303163;2020-08-23;"domingo";"14:00:00";"MG";262;84;"ABRE CAMPO";"Desobediência às normas de trânsito pelo condutor";"Colisão lateral";"Com Vítimas Feridas";"Pleno dia";"Decrescente";"Sol";"Simples";"Reta";"Não";5;0;1;2;0;2;3;4;-20,33826112;-42,41171299;"SPRF-MG";"DEL03-MG";"UOP03-DEL03-MG"
303164;2020-08-23;"domingo";"16:30:00";"ES";101;445,5;"MIMOSO DO SUL";"Desobediência às normas de trânsito pelo condutor";"Atropelamento de Pedestre";"Com Vítimas Feridas";"Pleno dia";"Crescente";"Nublado";"Simples";"Reta";"Não";2;0;1;0;1;0;1;2;-21,11046291;-41,26351124;"SPRF-ES";"DEL03-ES";"UOP02-DEL03-ES"
303166;2020-08-23;"domingo";"16:30:00";"GO";70;8;"AGUAS LINDAS DE GOIAS";"Desobediência às normas de trânsito pelo condutor";"Colisão com objeto estático";"Com Vítimas Feridas";"Pleno dia";"Decrescente";"Céu Claro";"Dupla";"Reta";"Sim";1;0;1;0;0;0;1;1;-15,73733681;-48,27407468;"SPRF-DF";"DEL03-DF";"UOP02-DEL03-DF"
303167;2020-08-23;"domingo";"16:50:00";"SE";101;79;"LARANJEIRAS";"Defeito na Via";"Saída de leito carroçável";"Com Vítimas Feridas";"Pleno dia";"Crescente";"Céu Claro";"Dupla";"Reta";"Não";6;0;4;0;2;0;4;1;-10,79083797;-37,14163167;"SPRF-SE";"DEL01-SE";"UOP01-DEL01-SE"
303168;2020-08-23;"domingo";"15:45:00";"RS";287;393;"SANTIAGO";"Falta de Atenção à Condução";"Colisão transversal";"Com Vítimas Feridas";"Pleno dia";"Decrescente";"Céu Claro";"Simples";"Interseção de Vias";"Não";2;0;2;0;0;0;2;2;-29,21635758;-54,84351397;"SPRF-RS";"DEL12-RS";"UOP02-DEL12-RS"
303170;2020-08-23;"domingo";"16:43:00";"CE";116;42;"HORIZONTE";"Ingestão de Álcool";"Colisão transversal";"Sem Vítimas";"Pleno dia";"Decrescente";"Céu Claro";"Dupla";"Retorno Regulamentado";"Sim";2;0;0;0;1;1;0;2;-4,10857928;-38,4942173;"SPRF-CE";"DEL01-CE";"UOP02-DEL01-CE"
303172;2020-08-23;"domingo";"17:20:00";"ES";482;75;"ALEGRE";"Falta de Atenção à Condução";"Colisão transversal";"Com Vítimas Feridas";"Plena Noite";"Decrescente";"Céu Claro";"Simples";"Curva";"Não";2;0;1;0;0;1;1;2;-20,74855395;-41,47518797;"SPRF-ES";"DEL03-ES";"UOP02-DEL03-ES"
303173;2020-08-23;"domingo";"15:35:00";"MT";163;831,8;"SINOP";"Avarias e/ou desgaste excessivo no pneu";"Queda de ocupante de veículo";"Com Vítimas Feridas";"Pleno dia";"Decrescente";"Sol";"Dupla";"Rotatória";"Sim";2;0;2;0;0;0;2;1;-12,022768;-55,51723;"SPRF-MT";"DEL06-MT";"UOP01-DEL06-MT"
303175;2020-08-23;"domingo";"17:20:00";"SC";470;140,8;"RIO DO SUL";"Falta de Atenção à Condução";"Capotamento";"Com Vítimas Feridas";"Anoitecer";"Decrescente";"Nublado";"Simples";"Reta";"Não";3;0;2;0;1;0;2;2;-27,222485;-49,662827;"SPRF-SC";"DEL04-SC";"UOP02-DEL04-SC"
303177;2020-08-23;"domingo";"17:45:00";"RN";304;94;"NATAL";"Falta de Atenção à Condução";"Queda de ocupante de veículo";"Com Vítimas Feridas";"Pleno dia";"Crescente";"Céu Claro";"Múltipla";"Curva";"Sim";1;0;1;0;0;0;1;1;-5,82595392;-35,21118348;"SPRF-RN";"DEL04-RN";"UOP01-DEL04-RN"
303181;2020-08-23;"domingo";"17:20:00";"GO";60;83;"ANAPOLIS";"Falta de Atenção à Condução";"Saída de leito carroçável";"Com Vítimas Feridas";"Pleno dia";"Crescente";"Nublado";"Dupla";"Reta";"Não";4;0;1;0;3;0;1;1;-16,3149;-48,846;"SPRF-GO";"DEL02-GO";"UOP01-DEL02-GO"
303183;2020-08-23;"domingo";"16:35:00";"SC";101;260;"PAULO LOPES";"Velocidade Incompatível";"Saída de leito carroçável";"Com Vítimas Feridas";"Pleno dia";"Crescente";"Garoa/Chuvisco";"Dupla";"Curva";"Não";4;0;1;0;3;0;1;1;-28,02166445;-48,7019708;"SPRF-SC";"DEL02-SC";"UOP03-DEL02-SC"
303184;2020-08-23;"domingo";"15:30:00";"SP";381;47;"ATIBAIA";"Condutor Dormindo";"Colisão com objeto estático";"Sem Vítimas";"Pleno dia";"Crescente";"Céu Claro";"Dupla";"Reta";"Sim";1;0;0;0;1;0;0;1;-23,18904617;-46,58407757;"SPRF-SP";"DEL03-SP";"UOP01-DEL03-SP"
303185;2020-08-23;"domingo";"17:00:00";"MG";251;478,8;"FRANCISCO SA";"Carga excessiva e/ou mal acondicionada";"Queda de ocupante de veículo";"Com Vítimas Feridas";"Pleno dia";"Crescente";"Sol";"Simples";"Reta";"Sim";2;0;1;0;0;1;1;2;-16,46906162;-43,49357156;"SPRF-MG";"DEL12-MG";"UOP01-DEL12-MG"
303186;2020-08-23;"domingo";"18:10:00";"PR";476;126;"CURITIBA";"Ingestão de Álcool";"Capotamento";"Sem Vítimas";"Plena Noite";"Crescente";"Céu Claro";"Múltipla";"Reta";"Sim";1;0;0;0;1;0;0;1;-25,416758;-49,223446;"SPRF-PR";"DEL01-PR";"UOP03-DEL01-PR"
303187;2020-08-23;"domingo";"17:50:00";"SC";101;197,4;"BIGUACU";"Ingestão de Álcool";"Capotamento";"Com Vítimas Feridas";"Anoitecer";"Crescente";"Nublado";"Múltipla";"Reta;Declive";"Sim";1;0;1;0;0;0;1;1;-27,52126718;-48,63760918;"SPRF-SC";"DEL01-SC";"UOP01-DEL01-SC"
303188;2020-08-23;"domingo";"18:20:00";"PE";116;24;"SALGUEIRO";"Desobediência às normas de trânsito pelo condutor";"Colisão frontal";"Com Vítimas Feridas";"Plena Noite";"Decrescente";"Céu Claro";"Simples";"Reta";"Sim";2;0;0;1;0;1;1;2;-8,052562;-39,13718;"SPRF-PE";"DEL05-PE";"UOP01-DEL05-PE"
303189;2020-08-23;"domingo";"17:30:00";"MS";163;260,9;"DOURADOS";"Defeito Mecânico no Veículo";"Tombamento";"Com Vítimas Feridas";"Anoitecer";"Decrescente";"Céu Claro";"Dupla";"Curva";"Sim";2;0;2;0;0;0;2;1;-22,23978477;-54,76817792;"SPRF-MS";"DEL04-MS";"UOP01-DEL04-MS"
303190;2020-08-23;"domingo";"18:30:00";"DF";20;20;"BRASILIA";"Agressão Externa";"Atropelamento de Pedestre";"Com Vítimas Feridas";"Plena Noite";"Crescente";"Céu Claro";"Dupla";"Declive";"Sim";2;0;1;0;1;0;1;2;-15,607905;-47,692791;"SPRF-DF";"DEL02-DF";"UOP01-DEL02-DF"
303191;2020-08-23;"domingo";"18:20:00";"PR";116;14,9;"CAMPINA GRANDE DO SUL";"Falta de Atenção à Condução";"Capotamento";"Com Vítimas Feridas";"Plena Noite";"Crescente";"Nublado";"Dupla";"Curva";"Não";1;0;1;0;0;0;1;1;-25,09836429;-48,67391969;"SPRF-PR";"DEL01-PR";"UOP02-DEL01-PR"
303192;2020-08-23;"domingo";"18:25:00";"ES";101;143,6;"LINHARES";"Falta de Atenção à Condução";"Tombamento";"Com Vítimas Fatais";"Plena Noite";"Decrescente";"Nublado";"Dupla";"Declive";"Não";3;1;1;0;1;0;1;3;-19,34286596;-40,0638568;"SPRF-ES";"DEL04-ES";"UOP01-DEL04-ES"
303193;2020-08-23;"domingo";"18:50:00";"SP";101;51,5;"UBATUBA";"Ingestão de Álcool";"Tombamento";"Com Vítimas Feridas";"Plena Noite";"Decrescente";"Nublado";"Simples";"Rotatória";"Sim";1;0;1;0;0;0;1;1;-23,46258786;-45,06429087;"SPRF-SP";"DEL06-SP";"UOP01-DEL06-SP"
303196;2020-08-23;"domingo";"18:40:00";"PR";116;126,9;"FAZENDA RIO GRANDE";"Falta de Atenção à Condução";"Colisão traseira";"Sem Vítimas";"Plena Noite";"Decrescente";"Céu Claro";"Dupla";"Reta";"Sim";3;0;0;0;3;0;0;3;-25,60389895;-49,31824423;"SPRF-PR";"DEL01-PR";"UOP03-DEL01-PR"
303197;2020-08-23;"domingo";"10:45:00";"MG";116;418,2;"GOVERNADOR VALADARES";"Animais na Pista";"Atropelamento de Animal";"Com Vítimas Feridas";"Pleno dia";"Decrescente";"Céu Claro";"Simples";"Reta";"Sim";1;0;1;0;0;0;1;1;-18,91059296;-41,94156567;"SPRF-MG";"DEL06-MG";"UOP01-DEL06-MG"
303198;2020-08-23;"domingo";"17:20:00";"SC";101;28;"JOINVILLE";"Ingestão de Álcool";"Colisão traseira";"Sem Vítimas";"Pleno dia";"Decrescente";"Céu Claro";"Dupla";"Reta";"Sim";2;0;0;0;2;0;0;2;-26,20697505;-48,91482635;"SPRF-SC";"DEL03-SC";"UOP01-DEL03-SC"
303200;2020-08-23;"domingo";"18:40:00";"RS";392;25;"RIO GRANDE";"Desobediência às normas de trânsito pelo condutor";"Colisão transversal";"Com Vítimas Feridas";"Anoitecer";"Crescente";"Céu Claro";"Dupla";"Reta";"Sim";3;0;0;1;1;1;1;3;-32,08156917;-52,24713604;"SPRF-RS";"DEL07-RS";"UOP02-DEL07-RS"
303202;2020-08-23;"domingo";"16:55:00";"RO";364;25;"VILHENA";"Ultrapassagem Indevida";"Saída de leito carroçável";"Sem Vítimas";"Pleno dia";"Decrescente";"Céu Claro";"Simples";"Reta";"Não";1;0;0;0;1;0;0;1;-12,72429829;-60,23883701;"SPRF-RO";"DEL04-RO";"UOP01-DEL04-RO"
303203;2020-08-23;"domingo";"17:50:00";"SP";116;273;"TABOAO DA SERRA";"Velocidade Incompatível";"Colisão frontal";"Com Vítimas Feridas";"Anoitecer";"Decrescente";"Céu Claro";"Múltipla";"Curva";"Sim";5;0;1;0;4;0;1;2;-23,62809795;-46,81870306;"SPRF-SP";"DEL04-SP";"UOP01-DEL04-SP"
303205;2020-08-23;"domingo";"16:35:00";"RS";116;86,2;"CAMPESTRE DA SERRA";"Falta de Atenção à Condução";"Saída de leito carroçável";"Sem Vítimas";"Pleno dia";"Crescente";"Céu Claro";"Simples";"Curva";"Não";1;0;0;0;0;1;0;1;-28,84128379;-51,13143857;"SPRF-RS";"DEL05-RS";"UOP03-DEL05-RS"
303207;2020-08-23;"domingo";"19:20:00";"RS";116;155,9;"CAXIAS DO SUL";"Ingestão de Álcool";"Colisão transversal";"Com Vítimas Feridas";"Plena Noite";"Crescente";"Céu Claro";"Simples";"Interseção de Vias;Declive;Curva";"Sim";3;0;1;0;2;0;1;2;-29,19873129;-51,17629631;"SPRF-RS";"DEL05-RS";"UOP01-DEL05-RS"
303208;2020-08-23;"domingo";"18:50:00";"SC";282;2,3;"FLORIANOPOLIS";"Falta de Atenção do Pedestre";"Atropelamento de Pedestre";"Com Vítimas Fatais";"Plena Noite";"Decrescente";"Chuva";"Múltipla";"Reta";"Sim";2;1;0;0;0;1;0;2;-27,603289;-48,590416;"SPRF-SC";"DEL01-SC";"UOP01-DEL01-SC"
303209;2020-08-23;"domingo";"18:55:00";"GO";60;88,4;"ANAPOLIS";"Ingestão de Álcool";"Colisão com objeto estático";"Sem Vítimas";"Plena Noite";"Decrescente";"Céu Claro";"Dupla";"Retorno Regulamentado;Reta";"Sim";1;0;0;0;0;1;0;1;-16,3315;-48,8885;"SPRF-GO";"DEL02-GO";"UOP01-DEL02-GO"
303210;2020-08-23;"domingo";"19:00:00";"SP";116;228;"SAO PAULO";"Desobediência às normas de trânsito pelo condutor";"Colisão lateral";"Sem Vítimas";"Plena Noite";"Crescente";"Céu Claro";"Dupla";"Reta";"Não";2;0;0;0;2;0;0;2;-23,50343484;-46,56638712;"SPRF-SP";"DEL01-SP";"UOP01-DEL01-SP"
303211;2020-08-23;"domingo";"19:00:00";"PI";343;271,4;"CAMPO MAIOR";"Animais na Pista";"Atropelamento de Animal";"Sem Vítimas";"Plena Noite";"Decrescente";"Céu Claro";"Simples";"Curva";"Não";1;0;0;0;1;0;0;1;-4,866084;-42,214935;"SPRF-PI";"DEL01-PI";"UOP03-DEL01-PI"
303212;2020-08-23;"domingo";"17:30:00";"MA";10;295,9;"SAO FRANCISCO DO BREJAO";"Desobediência às normas de trânsito pelo condutor";"Colisão traseira";"Com Vítimas Feridas";"Anoitecer";"Crescente";"Nublado";"Simples";"Retorno Regulamentado";"Não";2;0;1;0;1;0;1;2;-5,157523;-47,53841;"SPRF-MA";"DEL04-MA";"UOP03-DEL04-MA"
303213;2020-08-23;"domingo";"18:50:00";"DF";70;1,6;"BRASILIA";"Falta de Atenção à Condução";"Colisão traseira";"Sem Vítimas";"Plena Noite";"Decrescente";"Céu Claro";"Dupla";"Interseção de Vias";"Sim";3;0;0;0;3;0;0;2;-15,795264;-48,063801;"SPRF-DF";"DEL03-DF";"UOP02-DEL03-DF"
303214;2020-08-23;"domingo";"18:55:00";"AL";104;33;"UNIAO DOS PALMARES";"Falta de Atenção à Condução";"Colisão com objeto estático";"Com Vítimas Feridas";"Plena Noite";"Crescente";"Nublado";"Simples";"Interseção de Vias";"Sim";1;0;1;0;0;0;1;1;-9,14513114;-36,01536439;"SPRF-AL";"DEL01-AL";"UOP02-DEL01-AL"
303215;2020-08-23;"domingo";"18:00:00";"PR";476;129,3;"CURITIBA";"Desobediência às normas de trânsito pelo condutor";"Colisão transversal";"Sem Vítimas";"Plena Noite";"Crescente";"Céu Claro";"Múltipla";"Reta";"Sim";4;0;0;0;4;0;0;4;-25,444438;-49,234153;"SPRF-PR";"DEL01-PR";"UOP03-DEL01-PR"
303217;2020-08-23;"domingo";"18:30:00";"CE";222;8;"CAUCAIA";"Desobediência às normas de trânsito pelo condutor";"Colisão lateral";"Com Vítimas Feridas";"Plena Noite";"Crescente";"Céu Claro";"Simples";"Reta";"Sim";2;0;2;0;0;0;2;2;-3,736507;-38,65337;"SPRF-CE";"DEL01-CE";"UOP01-DEL01-CE"
303218;2020-08-23;"domingo";"17:25:00";"MG";262;828,9;"UBERABA";"Falta de Atenção à Condução";"Colisão com objeto estático";"Sem Vítimas";"Pleno dia";"Decrescente";"Céu Claro";"Dupla";"Curva";"Não";1;0;0;0;0;1;0;1;-19,74463026;-48,18434503;"SPRF-MG";"DEL13-MG";"UOP01-DEL13-MG"
303219;2020-08-23;"domingo";"19:15:00";"SC";101;231;"PALHOCA";"Defeito Mecânico no Veículo";"Tombamento";"Com Vítimas Feridas";"Plena Noite";"Crescente";"Chuva";"Dupla";"Reta";"Não";1;0;1;0;0;0;1;1;-27,78669984;-48,6356424;"SPRF-SC";"DEL01-SC";"UOP02-DEL01-SC"
303220;2020-08-23;"domingo";"18:40:00";"MG";381;308;"ANTONIO DIAS";"Falta de Atenção à Condução";"Capotamento";"Com Vítimas Feridas";"Plena Noite";"Decrescente";"Nublado";"Simples";"Curva";"Não";2;0;1;1;0;0;2;1;-19,646561;-42,910177;"SPRF-MG";"DEL03-MG";"UOP02-DEL03-MG"
303221;2020-08-23;"domingo";"14:40:00";"MG";116;589,7;"MANHUACU";"Falta de Atenção à Condução";"Colisão traseira";"Com Vítimas Feridas";"Pleno dia";"Decrescente";"Nublado";"Simples";"Reta";"Sim";2;0;1;0;1;0;1;2;-20,247452;-42,1437;"SPRF-MG";"DEL06-MG";"UOP03-DEL06-MG"
303222;2020-08-23;"domingo";"19:20:00";"PE";232;110;"BEZERROS";"Ingestão de Álcool";"Saída de leito carroçável";"Com Vítimas Feridas";"Plena Noite";"Crescente";"Céu Claro";"Dupla";"Curva";"Não";1;0;1;0;0;0;1;1;-8,28634529;-35,81755579;"SPRF-PE";"DEL02-PE";"UOP03-DEL02-PE"
303223;2020-08-23;"domingo";"19:20:00";"ES";482;104,8;"GUACUI";"Desobediência às normas de trânsito pelo condutor";"Colisão lateral";"Com Vítimas Feridas";"Plena Noite";"Decrescente";"Nublado";"Simples";"Reta";"Sim";4;0;2;1;0;1;3;3;-20,78384403;-41,66073203;"SPRF-ES";"DEL03-ES";"UOP02-DEL03-ES"
303224;2020-08-23;"domingo";"17:00:00";"MG";262;687;"ARAXA";"Velocidade Incompatível";"Saída de leito carroçável";"Com Vítimas Feridas";"Pleno dia";"Decrescente";"Céu Claro";"Simples";"Curva";"Não";2;0;1;0;1;0;1;1;-19,54865;-46,948124;"SPRF-MG";"DEL08-MG";"UOP01-DEL08-MG"
303227;2020-08-23;"domingo";"20:00:00";"PR";163;285;"MARECHAL CANDIDO RONDON";"Falta de Atenção do Pedestre";"Atropelamento de Pedestre";"Com Vítimas Fatais";"Plena Noite";"Crescente";"Céu Claro";"Dupla";"Reta";"Sim";4;1;1;2;0;0;3;2;-24,568102;-54,034168;"SPRF-PR";"DEL06-PR";"UOP02-DEL06-PR"
303228;2020-08-23;"domingo";"19:20:00";"PA";316;20;"BENEVIDES";"Desobediência às normas de trânsito pelo condutor";"Colisão transversal";"Com Vítimas Fatais";"Plena Noite";"Crescente";"Céu Claro";"Dupla";"Curva";"Sim";3;1;0;0;1;1;0;3;-1,364265;-48,266868;"SPRF-PA";"DEL01-PA";"UOP01-DEL01-PA"
303229;2020-08-23;"domingo";"19:40:00";"RN";101;68;"EXTREMOZ";"Ingestão de Álcool";"Colisão traseira";"Com Vítimas Feridas";"Plena Noite";"Crescente";"Céu Claro";"Simples";"Reta";"Não";5;0;1;0;4;0;1;4;-5,66628678;-35,25303617;"SPRF-RN";"DEL02-RN";"UOP01-DEL02-RN"
303230;2020-08-23;"domingo";"19:35:00";"RN";406;161,4;"CEARA-MIRIM";"Não guardar distância de segurança";"Colisão traseira";"Com Vítimas Feridas";"Plena Noite";"Crescente";"Céu Claro";"Simples";"Reta";"Não";3;0;0;2;1;0;2;2;-5,72093004;-35,36655305;"SPRF-RN";"DEL02-RN";"UOP01-DEL02-RN"
303231;2020-08-23;"domingo";"19:00:00";"RS";392;92,3;"PELOTAS";"Não guardar distância de segurança";"Tombamento";"Com Vítimas Feridas";"Plena Noite";"Decrescente";"Céu Claro";"Simples";"Declive";"Não";3;0;2;0;1;0;2;2;-31,59202994;-52,53032793;"SPRF-RS";"DEL07-RS";"UOP01-DEL07-RS"