"id";"data_inversa";"dia_semana";"horario";"uf";"br";"km";"municipio";"causa_acidente";"tipo_acidente";"classificacao_acidente";"fase_dia";"sentido_via";"condicao_metereologica";"tipo_pista";"tracado_via";"uso_solo";"pessoas";"mortos";"feridos_leves";"feridos_graves";"ilesos";"ignorados";"feridos";"veiculos";"latitude";"longitude";"regional";"delegacia";"uop"
303233;2020-08-23;"domingo";"19:40:00";"MG";381;497;"BETIM";"Ingestão de Álcool";"Colisão traseira";"Sem Vítimas";"Plena Noite";"Crescente";"Céu Claro";"Dupla";"Reta";"Não";2;0;0;0;2;0;0;2;-20,00483625;-44,21367172;"SPRF-MG";"DEL01-MG";"UOP03-DEL01-MG"
303234;2020-08-23;"domingo";"17:00:00";"RO";364;516;"ARIQUEMES";"Defeito Mecânico no Veículo";"Tombamento";"Com Vítimas Feridas";"Pleno dia";"Decrescente";"Sol";"Simples";"Declive;Reta";"Não";2;0;1;0;1;0;1;1;-9,915961;-63,05532;"SPRF-RO";"DEL03-RO";"UOP01-DEL03-RO"
303235;2020-08-23;"domingo";"20:30:00";"MG";381;895,3;"CAMBUI";"Ingestão de álcool e/ou substâncias psicoativas pelo pedestre";"Colisão com objeto estático";"Com Vítimas Feridas";"Plena Noite";"Decrescente";"Céu Claro";"Dupla";"Reta";"Não";2;0;2;0;0;0;2;1;-22,62324893;-46,07503911;"SPRF-MG";"DEL16-MG";"UOP03-DEL16-MG"
303237;2020-08-23;"domingo";"20:50:00";"PR";116;112;"CURITIBA";"Ingestão de Álcool";"Colisão traseira";"Sem Vítimas";"Plena Noite";"Decrescente";"Céu Claro";"Dupla";"Reta";"Sim";2;0;0;0;2;0;0;2;-25,56730763;-49,23706792;"SPRF-PR";"DEL01-PR";"UOP01-DEL01-PR"
303238;2020-08-23;"domingo";"19:10:00";"SC";163;67;"SAO MIGUEL DO OESTE";"Falta de Atenção à Condução";"Colisão com objeto estático";"Sem Vítimas";"Plena Noite";"Crescente";"Céu Claro";"Dupla";"Reta";"Sim";3;0;0;0;3;0;0;1;-26,759436;-53,50055292;"SPRF-SC";"DEL07-SC";"UOP03-DEL07-SC"
303239;2020-08-23;"domingo";"19:50:00";"RN";101;135,5;"SAO JOSE DE MIPIBU";"Animais na Pista";"Atropelamento de Animal";"Com Vítimas Feridas";"Plena Noite";"Crescente";"Céu Claro";"Dupla";"Reta";"Não";2;0;0;1;0;1;1;2;-6,16645431;-35,22346616;"SPRF-RN";"DEL01-RN";"UOP01-DEL01-RN"
303241;2020-08-23;"domingo";"17:35:00";"PI";316;163;"ELESBAO VELOSO";"Ingestão de álcool e/ou substâncias psicoativas pelo pedestre";"Saída de leito carroçável";"Com Vítimas Feridas";"Anoitecer";"Decrescente";"Céu Claro";"Simples";"Reta";"Não";2;0;1;0;1;0;1;1;-6,20936287;-42,09802793;"SPRF-PI";"DEL04-PI";"UOP02-DEL04-PI"
303242;2020-08-23;"domingo";"21:00:00";"SC";470;48;"BLUMENAU";"Defeito na Via";"Tombamento";"Com Vítimas Feridas";"Plena Noite";"Crescente";"Nublado";"Dupla";"Em Obras";"Não";1;0;1;0;0;0;1;1;-26,859823;-49,055393;"SPRF-SC";"DEL04-SC";"UOP01-DEL04-SC"
303243;2020-08-23;"domingo";"20:40:00";"TO";153;502,6;"PARAISO DO TOCANTINS";"Velocidade Incompatível";"Saída de leito carroçável";"Sem Vítimas";"Plena Noite";"Decrescente";"Céu Claro";"Simples";"Aclive";"Não";1;0;0;0;0;1;0;1;-10,21850698;-48,87509017;"SPRF-TO";"DEL01-TO";"UOP01-DEL01-TO"
303244;2020-08-23;"domingo";"20:50:00";"DF";20;13;"BRASILIA";"Ingestão de Álcool";"Colisão traseira";"Sem Vítimas";"Plena Noite";"Decrescente";"Nublado";"Dupla";"Reta";"Não";3;0;0;0;3;0;0;3;-15,638752;-47,749599;"SPRF-DF";"DEL02-DF";"UOP01-DEL02-DF"
303247;2020-08-23;"domingo";"21:00:00";"SC";470;177;"POUSO REDONDO";"Velocidade Incompatível";"Colisão com objeto estático";"Com Vítimas Feridas";"Plena Noite";"Decrescente";"Nublado";"Simples";"Rotatória";"Sim";1;0;0;1;0;0;1;1;-27,25096703;-49,9596405;"SPRF-SC";"DEL04-SC";"UOP02-DEL04-SC"
303248;2020-08-23;"domingo";"18:15:00";"BA";110;220;"NOVA SOURE";"Ingestão de Álcool";"Colisão frontal";"Com Vítimas Feridas";"Plena Noite";"Crescente";"Céu Claro";"Simples";"Reta";"Sim";3;0;1;0;2;0;1;2;-11,268002;-38,448806;"SPRF-BA";"DEL07-BA";"UOP02-DEL07-BA"
303250;2020-08-23;"domingo";"19:50:00";"RS";116;152,9;"CAXIAS DO SUL";"Desobediência às normas de trânsito pelo condutor";"Colisão transversal";"Com Vítimas Feridas";"Plena Noite";"Crescente";"Céu Claro";"Simples";"Reta";"Sim";2;0;1;0;1;0;1;2;-29,1829343;-51,16801501;"SPRF-RS";"DEL05-RS";"UOP01-DEL05-RS"
303251;2020-08-23;"domingo";"21:00:00";"RS";116;170;"CAXIAS DO SUL";"Ingestão de Álcool";"Colisão com objeto estático";"Com Vítimas Feridas";"Plena Noite";"Decrescente";"Céu Claro";"Simples";"Curva;Aclive";"Não";1;0;0;1;0;0;1;1;-29,30044589;-51,16453405;"SPRF-RS";"DEL05-RS";"UOP02-DEL05-RS"
303253;2020-08-23;"domingo";"20:15:00";"PB";230;18;"JOAO PESSOA";"Ingestão de Álcool";"Colisão com objeto estático";"Sem Vítimas";"Pleno dia";"Crescente";"Nublado";"Dupla";"Reta";"Não";1;0;0;0;1;0;0;1;-7,1198;-34,8453;"SPRF-PB";"DEL01-PB";"UOP01-DEL01-PB"
303254;2020-08-23;"domingo";"20:45:00";"PR";277;15,9;"PARANAGUA";"Velocidade Incompatível";"Saída de leito carroçável";"Com Vítimas Fatais";"Plena Noite";"Decrescente";"Nublado";"Dupla";"Curva";"Não";1;1;0;0;0;0;0;1;-25,551147;-48,670274;"SPRF-PR";"DEL01-PR";"UOP05-DEL01-PR"
303255;2020-08-23;"domingo";"20:00:00";"PB";110;66;"SAO JOSE DE ESPINHARAS";"Falta de Atenção à Condução";"Colisão traseira";"Com Vítimas Feridas";"Plena Noite";"Crescente";"Céu Claro";"Simples";"Reta";"Sim";3;0;1;1;1;0;2;2;-6,84667216;-37,40315957;"SPRF-PB";"DEL03-PB";"UOP01-DEL03-PB"
303256;2020-08-23;"domingo";"17:00:00";"AC";317;224;"XAPURI";"Defeito Mecânico no Veículo";"Incêndio";"Sem Vítimas";"Pleno dia";"Crescente";"Céu Claro";"Simples";"Reta";"Não";1;0;0;0;1;0;0;1;-10,67279367;-68,31153403;"SPRF-AC";"DEL01-AC";"UOP02-DEL01-AC"
303257;2020-08-23;"domingo";"14:10:00";"PA";308;168,3;"TRACUATEUA";"Defeito na Via";"Capotamento";"Com Vítimas Feridas";"Pleno dia";"Decrescente";"Sol";"Simples";"Reta";"Sim";4;0;2;0;2;0;2;1;-1,189329;-47,027442;"SPRF-PA";"DEL01-PA";"UOP03-DEL01-PA"
303258;2020-08-23;"domingo";"19:20:00";"PR";373;197;"IPIRANGA";"Falta de Atenção à Condução";"Colisão com objeto estático";"Com Vítimas Feridas";"Plena Noite";"Decrescente";"Céu Claro";"Simples";"Curva";"Não";5;0;2;0;3;0;2;3;-25,07408013;-50,39314608;"SPRF-PR";"DEL03-PR";"UOP04-DEL03-PR"
303259;2020-08-23;"domingo";"19:50:00";"RO";364;711,4;"PORTO VELHO";"Falta de Atenção à Condução";"Colisão com objeto estático";"Com Vítimas Fatais";"Plena Noite";"Crescente";"Céu Claro";"Dupla";"Reta";"Sim";2;2;0;0;0;0;0;1;-8,779942;-63,868118;"SPRF-RO";"DEL01-RO";"UOP01-DEL01-RO"
303260;2020-08-23;"domingo";"21:45:00";"MG";262;810,8;"UBERABA";"Ingestão de Álcool";"Colisão com objeto estático";"Sem Vítimas";"Plena Noite";"Crescente";"Céu Claro";"Dupla";"Reta";"Sim";1;0;0;0;1;0;0;1;-19,76895509;-47,98207998;"SPRF-MG";"DEL13-MG";"UOP01-DEL13-MG"
303261;2020-08-23;"domingo";"18:50:00";"MT";174;288;"PONTES E LACERDA";"Ingestão de Álcool";"Saída de leito carroçável";"Sem Vítimas";"Plena Noite";"Crescente";"Nublado";"Simples";"Reta";"Sim";1;0;0;0;1;0;0;1;-15,23378885;-59,31756535;"SPRF-MT";"DEL04-MT";"UOP01-DEL04-MT"
303262;2020-08-23;"domingo";"22:20:00";"ES";101;229;"FUNDAO";"Desobediência às normas de trânsito pelo condutor";"Colisão transversal";"Com Vítimas Feridas";"Plena Noite";"Decrescente";"Céu Claro";"Dupla";"Interseção de Vias";"Sim";3;0;3;0;0;0;3;2;-19,93558165;-40,40603211;"SPRF-ES";"DEL02-ES";"UOP01-DEL02-ES"
303263;2020-08-23;"domingo";"21:35:00";"PR";376;490;"PONTA GROSSA";"Velocidade Incompatível";"Colisão lateral";"Com Vítimas Feridas";"Plena Noite";"Decrescente";"Céu Claro";"Dupla";"Reta";"Sim";2;0;1;0;1;0;1;2;-25,14692309;-50,15072006;"SPRF-PR";"DEL03-PR";"UOP04-DEL03-PR"
303264;2020-08-23;"domingo";"22:40:00";"SC";101;203,5;"SAO JOSE";"Falta de Atenção à Condução";"Colisão lateral";"Com Vítimas Feridas";"Plena Noite";"Decrescente";"Céu Claro";"Dupla";"Interseção de Vias";"Sim";2;0;1;0;1;0;1;2;-27,5650044;-48,61460082;"SPRF-SC";"DEL01-SC";"UOP01-DEL01-SC"
303265;2020-08-23;"domingo";"22:00:00";"RS";290;142;"ELDORADO DO SUL";"Ingestão de Álcool";"Colisão transversal";"Com Vítimas Feridas";"Plena Noite";"Crescente";"Céu Claro";"Simples";"Reta";"Sim";2;0;1;0;1;0;1;2;-30,089678;-51,628311;"SPRF-RS";"DEL02-RS";"UOP01-DEL02-RS"
303268;2020-08-23;"domingo";"22:05:00";"MT";158;553,3;"AGUA BOA";"Animais na Pista";"Atropelamento de Animal";"Com Vítimas Feridas";"Plena Noite";"Crescente";"Céu Claro";"Simples";"Curva";"Não";2;0;1;0;1;0;1;1;-13,93685905;-52,10028684;"SPRF-MT";"DEL07-MT";"UOP02-DEL07-MT"
303269;2020-08-23;"domingo";"22:09:00";"PI";316;9;"TERESINA";"Falta de Atenção à Condução";"Colisão com objeto estático";"Com Vítimas Feridas";"Plena Noite";"Crescente";"Céu Claro";"Simples";"Reta";"Sim";1;0;1;0;0;0;1;1;-5,17920867;-42,76496887;"SPRF-PI";"DEL01-PI";"UOP02-DEL01-PI"
303271;2020-08-23;"domingo";"19:30:00";"MT";70;47;"BARRA DO GARCAS";"Falta de Atenção à Condução";"Saída de leito carroçável";"Com Vítimas Feridas";"Plena Noite";"Decrescente";"Céu Claro";"Simples";"Curva";"Não";1;0;1;0;0;0;1;1;-15,74586406;-52,61386501;"SPRF-MT";"DEL07-MT";"UOP01-DEL07-MT"
303272;2020-08-23;"domingo";"20:50:00";"MS";60;414,6;"SIDROLANDIA";"Falta de Atenção à Condução";"Saída de leito carroçável";"Com Vítimas Feridas";"Plena Noite";"Crescente";"Céu Claro";"Simples";"Reta";"Não";3;0;3;0;0;0;3;1;-20,89554922;-54,86568024;"SPRF-MS";"DEL01-MS";"UOP04-DEL01-MS"
303273;2020-08-23;"domingo";"23:30:00";"CE";20;417,6;"MARACANAU";"Ingestão de Álcool";"Colisão com objeto estático";"Sem Vítimas";"Plena Noite";"Crescente";"Céu Claro";"Dupla";"Em Obras;Desvio Temporário";"Sim";1;0;0;0;1;0;0;1;-3,838547;-38,60285816;"SPRF-CE";"DEL01-CE";"UOP02-DEL01-CE"
303274;2020-07-31;"sexta-feira";"15:07:00";"AC";364;206;"BUJARI";"Desobediência às normas de trânsito pelo condutor";"Colisão transversal";"Sem Vítimas";"Pleno dia";"Crescente";"Nublado";"Simples";"Reta";"Não";2;0;0;0;2;0;0;2;-9,70035095;-68,16624731;"SPRF-AC";"DEL01-AC";"UOP01-DEL01-AC"
303275;2020-08-23;"domingo";"20:20:00";"MG";116;651;"FERVEDOURO";"Ingestão de Álcool";"Colisão traseira";"Sem Vítimas";"Plena Noite";"Decrescente";"Céu Claro";"Simples";"Reta";"Sim";2;0;0;0;2;0;0;2;-20,726677;-42,28049;"SPRF-MG";"DEL07-MG";"UOP03-DEL07-MG"
303276;2020-08-23;"domingo";"15:57:00";"RO";429;94;"ALVORADA DOESTE";"Velocidade Incompatível";"Colisão traseira";"Com Vítimas Feridas";"Pleno dia";"Decrescente";"Céu Claro";"Dupla";"Reta";"Sim";2;0;1;1;0;0;2;2;-11,35984129;-62,2992267;"SPRF-RO";"DEL02-RO";"UOP03-DEL02-RO"
303277;2020-08-23;"domingo";"23:15:00";"ES";262;1,8;"CARIACICA";"Falta de Atenção à Condução";"Colisão lateral";"Com Vítimas Feridas";"Plena Noite";"Crescente";"Nublado";"Dupla";"Reta";"Sim";3;0;2;0;1;0;2;2;-20,32955204;-40,35492602;"SPRF-ES";"DEL01-ES";"UOP01-DEL01-ES"
303280;2020-08-23;"domingo";"23:45:00";"SP";116;281,3;"EMBU DAS ARTES";"Falta de Atenção à Condução";"Colisão traseira";"Sem Vítimas";"Plena Noite";"Crescente";"Nevoeiro/Neblina";"Dupla";"Reta";"Não";2;0;0;0;2;0;0;2;-23,67784787;-46,85769227;"SPRF-SP";"DEL04-SP";"UOP01-DEL04-SP"
303281;2020-08-23;"domingo";"23:25:00";"RS";392;0,5;"RIO GRANDE";"Desobediência às normas de trânsito pelo condutor";"Colisão transversal";"Com Vítimas Feridas";"Plena Noite";"Crescente";"Céu Claro";"Simples";"Reta";"Sim";3;0;1;0;1;1;1;3;-32,11448409;-52,11127877;"SPRF-RS";"DEL07-RS";"UOP02-DEL07-RS"
303282;2020-08-24;"segunda-feira";"00:00:00";"RS";116;431,3;"CRISTAL";"Ingestão de Álcool";"Saída de leito carroçável";"Com Vítimas Feridas";"Plena Noite";"Crescente";"Céu Claro";"Simples";"Reta";"Não";1;0;1;0;0;0;1;1;-31,02246002;-52,05131205;"SPRF-RS";"DEL02-RS";"UOP02-DEL02-RS"
303284;2020-08-23;"domingo";"23:50:00";"RJ";40;105;"DUQUE DE CAXIAS";"Não guardar distância de segurança";"Colisão lateral";"Sem Vítimas";"Plena Noite";"Decrescente";"Céu Claro";"Múltipla";"Reta";"Sim";2;0;0;0;2;0;0;2;-22,63784806;-43,28428824;"SPRF-RJ";"DEL01-RJ";"UOP01-DEL01-RJ"
303285;2020-08-23;"domingo";"22:30:00";"RO";364;518;"ARIQUEMES";"Ingestão de Álcool";"Tombamento";"Com Vítimas Feridas";"Plena Noite";"Decrescente";"Céu Claro";"Dupla";"Reta";"Sim";1;0;0;1;0;0;1;1;-9,897787;-63,05624596;"SPRF-RO";"DEL03-RO";"UOP01-DEL03-RO"
303286;2020-08-24;"segunda-feira";"01:00:00";"SP";116;125;"CACAPAVA";"Ingestão de Álcool";"Saída de leito carroçável";"Sem Vítimas";"Plena Noite";"Decrescente";"Céu Claro";"Dupla";"Reta";"Sim";1;0;0;0;1;0;0;1;-23,09872598;-45,68608201;"SPRF-SP";"DEL06-SP";"UOP01-DEL06-SP"
303288;2020-08-24;"segunda-feira";"01:40:00";"SP";381;87,8;"SAO PAULO";"Ingestão de Álcool";"Colisão traseira";"Com Vítimas Feridas";"Plena Noite";"Crescente";"Céu Claro";"Dupla";"Reta";"Sim";6;0;3;1;2;0;4;2;-23,46885001;-46,56996601;"SPRF-SP";"DEL03-SP";"UOP01-DEL03-SP"
303289;2020-08-24;"segunda-feira";"02:05:00";"SC";282;209,7;"SAO JOSE";"Ingestão de Álcool";"Colisão com objeto estático";"Com Vítimas Feridas";"Plena Noite";"Decrescente";"Garoa/Chuvisco";"Múltipla";"Reta";"Sim";1;0;1;0;0;0;1;1;-27,61351181;-48,64136696;"SPRF-SC";"DEL05-SC";"UOP01-DEL05-SC"
303290;2020-08-23;"domingo";"21:20:00";"GO";60;334,5;"SANTO ANTONIO DA BARRA";"Velocidade Incompatível";"Colisão com objeto estático";"Com Vítimas Feridas";"Plena Noite";"Decrescente";"Céu Claro";"Dupla";"Ponte";"Não";1;0;1;0;0;0;1;1;-17,542511;-50,558173;"SPRF-GO";"DEL04-GO";"UOP01-DEL04-GO"
303291;2020-08-24;"segunda-feira";"03:10:00";"PE";232;110;"BEZERROS";"Velocidade Incompatível";"Saída de leito carroçável";"Com Vítimas Feridas";"Plena Noite";"Crescente";"Céu Claro";"Dupla";"Curva";"Não";1;0;1;0;0;0;1;1;-8,28634529;-35,81755579;"SPRF-PE";"DEL02-PE";"UOP03-DEL02-PE"
303293;2020-08-24;"segunda-feira";"03:50:00";"PB";230;142,6;"CAMPINA GRANDE";"Animais na Pista";"Atropelamento de Animal";"Com Vítimas Feridas";"Plena Noite";"Crescente";"Céu Claro";"Dupla";"Reta";"Não";2;0;2;0;0;0;2;1;-7,2573;-35,8131;"SPRF-PB";"DEL02-PB";"UOP01-DEL02-PB"
303294;2020-08-24;"segunda-feira";"03:50:00";"RJ";40;115;"DUQUE DE CAXIAS";"Velocidade Incompatível";"Saída de leito carroçável";"Com Vítimas Feridas";"Plena Noite";"Crescente";"Nublado";"Múltipla";"Reta";"Sim";1;0;1;0;0;0;1;1;-22,72756999;-43,2891609;"SPRF-RJ";"DEL01-RJ";"UOP01-DEL01-RJ"
303295;2020-08-24;"segunda-feira";"01:40:00";"RJ";40;112;"DUQUE DE CAXIAS";"Sinalização da via insuficiente ou inadequada";"Colisão com objeto estático";"Com Vítimas Fatais";"Plena Noite";"Decrescente";"Nublado";"Dupla";"Reta";"Sim";1;1;0;0;0;0;0;1;-22,7004454;-43,29014851;"SPRF-RJ";"DEL01-RJ";"UOP01-DEL01-RJ"
303297;2020-08-23;"domingo";"19:00:00";"MA";10;218,2;"GOVERNADOR EDISON LOBAO";"Falta de Atenção à Condução";"Saída de leito carroçável";"Com Vítimas Fatais";"Plena Noite";"Crescente";"Céu Claro";"Simples";"Reta";"Não";2;1;0;1;0;0;1;1;-5,808956;-47,358917;"SPRF-MA";"DEL04-MA";"UOP01-DEL04-MA"
303300;2020-08-24;"segunda-feira";"05:40:00";"PR";116;152;"MANDIRITUBA";"Falta de Atenção à Condução";"Colisão transversal";"Sem Vítimas";"Plena Noite";"Crescente";"Nublado";"Simples";"Reta";"Não";2;0;0;0;1;1;0;2;-25,83236296;-49,33609707;"SPRF-PR";"DEL01-PR";"UOP03-DEL01-PR"
303302;2020-08-24;"segunda-feira";"06:00:00";"RS";290;75;"GRAVATAI";"Falta de Atenção à Condução";"Queda de ocupante de veículo";"Com Vítimas Feridas";"Amanhecer";"Crescente";"Céu Claro";"Dupla";"Curva";"Sim";1;0;1;0;0;0;1;1;-29,95521;-51,006855;"SPRF-RS";"DEL01-RS";"UOP01-DEL01-RS"
303303;2020-08-24;"segunda-feira";"03:30:00";"PE";423;154,6;"AGUAS BELAS";"Ingestão de Álcool";"Colisão com objeto estático";"Com Vítimas Fatais";"Plena Noite";"Decrescente";"Ignorado";"Simples";"Ponte;Reta";"Não";5;1;0;4;0;0;4;1;-9,0566026;-36,93412423;"SPRF-PE";"DEL03-PE";"UOP01-DEL03-PE"
303305;2020-08-24;"segunda-feira";"07:20:00";"BA";324;418;"FEIRA DE SANTANA";"Falta de Atenção à Condução";"Colisão traseira";"Com Vítimas Feridas";"Pleno dia";"Crescente";"Céu Claro";"Dupla";"Reta";"Sim";3;0;2;0;1;0;2;2;-12,2226;-38,96512986;"SPRF-BA";"DEL04-BA";"UOP02-DEL04-BA"
303306;2020-08-24;"segunda-feira";"01:50:00";"MG";50;23;"ARAGUARI";"Desobediência às normas de trânsito pelo condutor";"Colisão com objeto estático";"Sem Vítimas";"Plena Noite";"Crescente";"Céu Claro";"Dupla";"Declive";"Não";1;0;0;0;1;0;0;1;-18,61017798;-48,05876;"SPRF-MG";"DEL15-MG";"UOP02-DEL15-MG"
303307;2020-08-24;"segunda-feira";"07:25:00";"CE";116;2,7;"FORTALEZA";"Não guardar distância de segurança";"Engavetamento";"Com Vítimas Feridas";"Pleno dia";"Decrescente";"Sol";"Múltipla";"Reta";"Sim";5;0;2;0;3;0;2;3;-3,77664495;-38,51524472;"SPRF-CE";"DEL01-CE";"UOP02-DEL01-CE"
303308;2020-08-24;"segunda-feira";"07:30:00";"RS";116;252,5;"SAPUCAIA DO SUL";"Não guardar distância de segurança";"Colisão traseira";"Com Vítimas Feridas";"Pleno dia";"Decrescente";"Sol";"Múltipla";"Reta";"Sim";2;0;1;0;1;0;1;2;-29,80913395;-51,1675292;"SPRF-RS";"DEL01-RS";"UOP02-DEL01-RS"
303310;2020-08-24;"segunda-feira";"07:35:00";"BA";324;621;"SALVADOR";"Falta de Atenção à Condução";"Tombamento";"Com Vítimas Feridas";"Pleno dia";"Crescente";"Chuva";"Múltipla";"Reta";"Sim";2;0;2;0;0;0;2;1;-12,91233708;-38,45956983;"SPRF-BA";"DEL01-BA";"UOP01-DEL01-BA"
303311;2020-08-23;"domingo";"23:14:00";"PA";230;121;"MARABA";"Defeito Mecânico no Veículo";"Queda de ocupante de veículo";"Com Vítimas Feridas";"Plena Noite";"Crescente";"Ignorado";"Dupla";"Reta";"Sim";2;0;1;0;1;0;1;1;-5,35297407;-49,12143673;"SPRF-PA";"DEL03-PA";"UOP01-DEL03-PA"
303314;2020-08-24;"segunda-feira";"07:30:00";"SC";101;217,8;"PALHOCA";"Desobediência às normas de trânsito pelo condutor";"Tombamento";"Com Vítimas Feridas";"Pleno dia";"Decrescente";"Céu Claro";"Dupla";"Reta";"Sim";1;0;1;0;0;0;1;1;-27,66779034;-48,67393586;"SPRF-SC";"DEL01-SC";"UOP02-DEL01-SC"
303315;2020-08-24;"segunda-feira";"07:40:00";"SP";116;144;"SAO JOSE DOS CAMPOS";"Defeito Mecânico no Veículo";"Tombamento";"Com Vítimas Feridas";"Pleno dia";"Crescente";"Sol";"Dupla";"Reta;Declive";"Não";2;0;1;0;1;0;1;1;-23,18274416;-45,84633592;"SPRF-SP";"DEL02-SP";"UOP01-DEL02-SP"
303316;2020-08-24;"segunda-feira";"07:45:00";"PR";277;110;"CAMPO LARGO";"Velocidade Incompatível";"Queda de ocupante de veículo";"Com Vítimas Feridas";"Pleno dia";"Decrescente";"Nublado";"Dupla";"Reta";"Não";2;0;0;2;0;0;2;1;-25,43211322;-49,43006516;"SPRF-PR";"DEL01-PR";"UOP03-DEL03-PR"
303317;2020-08-24;"segunda-feira";"07:30:00";"RJ";101;312;"SAO GONCALO";"Avarias e/ou desgaste excessivo no pneu";"Colisão traseira";"Com Vítimas Feridas";"Pleno dia";"Crescente";"Nublado";"Dupla";"Reta";"Não";5;0;1;0;4;0;1;4;-22,80546555;-43,06156967;"SPRF-RJ";"DEL02-RJ";"UOP02-DEL02-RJ"
303318;2020-08-24;"segunda-feira";"07:20:00";"ES";101;264;"SERRA";"Desobediência às normas de trânsito pelo condutor";"Colisão lateral";"Com Vítimas Feridas";"Pleno dia";"Crescente";"Céu Claro";"Dupla";"Reta;Interseção de Vias";"Sim";3;0;2;0;1;0;2;2;-20,17292791;-40,26736384;"SPRF-ES";"DEL02-ES";"UOP01-DEL02-ES"
303320;2020-08-24;"segunda-feira";"07:40:00";"RS";290;720;"URUGUAIANA";"Falta de Atenção à Condução";"Queda de ocupante de veículo";"Com Vítimas Feridas";"Pleno dia";"Crescente";"Céu Claro";"Simples";"Rotatória";"Sim";2;0;1;0;1;0;1;1;-29,766502;-57,058228;"SPRF-RS";"DEL13-RS";"UOP01-DEL13-RS"
303321;2020-08-24;"segunda-feira";"08:10:00";"DF";40;1,2;"BRASILIA";"Falta de Atenção à Condução";"Colisão lateral";"Com Vítimas Feridas";"Pleno dia";"Crescente";"Céu Claro";"Dupla";"Reta";"Sim";3;0;1;0;0;2;1;3;-15,985532;-47,987747;"SPRF-DF";"DEL01-DF";"UOP01-DEL01-DF"
303322;2020-08-13;"quinta-feira";"16:04:00";"BA";407;1,1;"JUAZEIRO";"Desobediência às normas de trânsito pelo condutor";"Colisão traseira";"Com Vítimas Feridas";"Pleno dia";"Crescente";"Ignorado";"Simples";"Reta";"Não";2;0;0;1;1;0;1;2;-9,41845604;-40,50725978;"SPRF-PE";"DEL06-PE";"UOP01-DEL06-PE"
303323;2020-08-24;"segunda-feira";"07:20:00";"ES";101;0,5;"SERRA";"Não guardar distância de segurança";"Colisão lateral";"Com Vítimas Feridas";"Pleno dia";"Crescente";"Sol";"Dupla";"Reta";"Sim";2;0;0;1;1;0;1;2;-20,129093;-40,308125;"SPRF-ES";"DEL02-ES";"UOP01-DEL02-ES"
303326;2020-08-24;"segunda-feira";"08:30:00";"DF";60;0,6;"BRASILIA";"Falta de Atenção à Condução";"Colisão lateral";"Com Vítimas Feridas";"Pleno dia";"Decrescente";"Sol";"Dupla";"Reta";"Sim";2;0;1;0;1;0;1;2;-15,882499;-48,060212;"SPRF-DF";"DEL03-DF";"UOP01-DEL03-DF"
303327;2020-08-24;"segunda-feira";"07:30:00";"SC";101;219,2;"PALHOCA";"Falta de Atenção à Condução";"Atropelamento de Pedestre";"Com Vítimas Feridas";"Pleno dia";"Crescente";"Céu Claro";"Dupla";"Reta";"Não";2;0;0;1;1;0;1;2;-27,68392194;-48,66710085;"SPRF-SC";"DEL01-SC";"UOP02-DEL01-SC"
303328;2020-08-24;"segunda-feira";"08:10:00";"PR";476;105;"COLOMBO";"Desobediência às normas de trânsito pelo condutor";"Colisão traseira";"Com Vítimas Feridas";"Pleno dia";"Crescente";"Nublado";"Simples";"Reta";"Não";2;0;1;0;1;0;1;2;-25,27654088;-49,14069772;"SPRF-PR";"DEL01-PR";"UOP02-DEL01-PR"
303330;2020-08-24;"segunda-feira";"08:45:00";"CE";116;6,6;"FORTALEZA";"Não guardar distância de segurança";"Colisão traseira";"Com Vítimas Feridas";"Pleno dia";"Decrescente";"Céu Claro";"Múltipla";"Reta";"Sim";3;0;2;0;1;0;2;2;-3,807148;-38,501683;"SPRF-CE";"DEL01-CE";"UOP02-DEL01-CE"
303331;2020-08-24;"segunda-feira";"08:30:00";"RJ";40;113;"DUQUE DE CAXIAS";"Falta de Atenção à Condução";"Colisão lateral";"Com Vítimas Feridas";"Pleno dia";"Crescente";"Céu Claro";"Múltipla";"Reta";"Sim";2;0;1;0;1;0;1;2;-22,71760685;-43,29003811;"SPRF-RJ";"DEL01-RJ";"UOP01-DEL01-RJ"
303334;2020-08-24;"segunda-feira";"07:40:00";"SP";116;221;"GUARULHOS";"Desobediência às normas de trânsito pelo condutor";"Tombamento";"Com Vítimas Feridas";"Pleno dia";"Crescente";"Sol";"Múltipla";"Reta";"Sim";1;0;1;0;0;0;1;1;-23,46802395;-46,50704901;"SPRF-SP";"DEL01-SP";"UOP01-DEL01-SP"
303337;2020-08-24;"segunda-feira";"00:00:00";"BA";242;200;"ITABERABA";"Ingestão de Álcool";"Tombamento";"Sem Vítimas";"Plena Noite";"Decrescente";"Céu Claro";"Simples";"Reta";"Não";1;0;0;0;1;0;0;1;-12,52030344;-40,049262;"SPRF-BA";"DEL06-BA";"UOP02-DEL06-BA"
303338;2020-08-24;"segunda-feira";"09:10:00";"SC";101;75;"ARAQUARI";"Velocidade Incompatível";"Saída de leito carroçável";"Com Vítimas Feridas";"Pleno dia";"Crescente";"Céu Claro";"Dupla";"Curva";"Não";3;0;3;0;0;0;3;1;-26,5519717;-48,71688324;"SPRF-SC";"DEL03-SC";"UOP02-DEL03-SC"
303341;2020-08-24;"segunda-feira";"09:35:00";"CE";222;8,8;"CAUCAIA";"Falta de Atenção à Condução";"Colisão transversal";"Com Vítimas Feridas";"Pleno dia";"Decrescente";"Céu Claro";"Dupla";"Reta";"Sim";2;0;1;0;1;0;1;2;-3,75363558;-38,63803121;"SPRF-CE";"DEL01-CE";"UOP01-DEL01-CE"