"id";"data_inversa";"dia_semana";"horario";"uf";"br";"km";"municipio";"causa_acidente";"tipo_acidente";"classificacao_acidente";"fase_dia";"sentido_via";"condicao_metereologica";"tipo_pista";"tracado_via";"uso_solo";"pessoas";"mortos";"feridos_leves";"feridos_graves";"ilesos";"ignorados";"feridos";"veiculos";"latitude";"longitude";"regional";"delegacia";"uop"
303342;2020-08-24;"segunda-feira";"07:40:00";"PE";232;483;"VERDEJANTE";"Velocidade Incompatível";"Colisão com objeto estático";"Com Vítimas Feridas";"Pleno dia";"Decrescente";"Céu Claro";"Simples";"Reta";"Não";2;0;2;0;0;0;2;1;-8,007274;-38,917287;"SPRF-PE";"DEL05-PE";"UOP01-DEL05-PE"
303343;2020-08-24;"segunda-feira";"09:00:00";"SC";470;51;"BLUMENAU";"Falta de Atenção à Condução";"Saída de leito carroçável";"Com Vítimas Feridas";"Pleno dia";"Crescente";"Céu Claro";"Simples";"Curva";"Não";3;0;1;0;2;0;1;1;-26,862339;-49,084038;"SPRF-SC";"DEL04-SC";"UOP01-DEL04-SC"
303344;2020-08-24;"segunda-feira";"07:40:00";"SP";116;131,3;"CACAPAVA";"Desobediência às normas de trânsito pelo condutor";"Engavetamento";"Com Vítimas Feridas";"Pleno dia";"Decrescente";"Céu Claro";"Dupla";"Reta";"Não";8;0;1;0;7;0;1;8;-23,12742083;-45,73636609;"SPRF-SP";"DEL06-SP";"UOP01-DEL06-SP"
303346;2020-08-24;"segunda-feira";"10:00:00";"PE";104;46,5;"CARUARU";"Condutor Dormindo";"Tombamento";"Com Vítimas Feridas";"Pleno dia";"Decrescente";"Céu Claro";"Dupla";"Curva";"Não";1;0;0;1;0;0;1;1;-8,1272;-35,9943;"SPRF-PE";"DEL02-PE";"UOP01-DEL02-PE"
303347;2020-06-06;"sábado";"03:50:00";"MG";116;414;"GOVERNADOR VALADARES";"Defeito na Via";"Queda de ocupante de veículo";"Com Vítimas Feridas";"Plena Noite";"Crescente";"Ignorado";"Simples";"Reta";"Sim";2;0;1;1;0;0;2;1;-18,91059296;-41,94156567;"SPRF-MG";"DEL06-MG";"UOP01-DEL06-MG"
303348;2020-08-24;"segunda-feira";"09:40:00";"RJ";101;327;"NITEROI";"Desobediência às normas de trânsito pelo condutor";"Colisão lateral";"Com Vítimas Feridas";"Pleno dia";"Crescente";"Nublado";"Dupla";"Reta";"Não";2;0;1;0;1;0;1;2;-22,87117393;-43,15595099;"SPRF-RJ";"DEL02-RJ";"UOP02-DEL02-RJ"
303349;2020-08-24;"segunda-feira";"09:15:00";"MT";163;844;"SINOP";"Falta de Atenção à Condução";"Colisão traseira";"Com Vítimas Feridas";"Pleno dia";"Crescente";"Céu Claro";"Simples";"Reta";"Não";2;0;0;1;1;0;1;2;-11,90744909;-55,50726663;"SPRF-MT";"DEL06-MT";"NPF/DEL06-MT"
303350;2020-08-24;"segunda-feira";"10:20:00";"SC";101;210;"SAO JOSE";"Falta de Atenção à Condução";"Colisão traseira";"Com Vítimas Feridas";"Pleno dia";"Decrescente";"Céu Claro";"Dupla";"Reta";"Sim";3;0;2;0;1;0;2;2;-27,6167305;-48,6457265;"SPRF-SC";"DEL01-SC";"UOP01-DEL01-SC"
303351;2020-08-24;"segunda-feira";"09:30:00";"ES";262;111,4;"VENDA NOVA DO IMIGRANTE";"Falta de Atenção à Condução";"Colisão traseira";"Com Vítimas Feridas";"Pleno dia";"Crescente";"Sol";"Simples";"Reta";"Não";2;0;1;0;1;0;1;2;-20,33710625;-41,19042567;"SPRF-ES";"DEL01-ES";"UOP02-DEL01-ES"
303356;2020-08-24;"segunda-feira";"08:15:00";"MG";267;31;"ARGIRITA";"Velocidade Incompatível";"Saída de leito carroçável";"Com Vítimas Feridas";"Pleno dia";"Decrescente";"Céu Claro";"Simples";"Curva";"Não";2;0;1;0;1;0;1;1;-21,64465779;-42,8469463;"SPRF-MG";"DEL07-MG";"UOP01-DEL07-MG"
303358;2020-08-24;"segunda-feira";"09:20:00";"CE";222;252;"SOBRAL";"Desobediência às normas de trânsito pelo condutor";"Colisão transversal";"Com Vítimas Feridas";"Pleno dia";"Decrescente";"Céu Claro";"Simples";"Interseção de Vias";"Não";3;0;0;2;0;1;2;2;-3,75463409;-40,58383942;"SPRF-CE";"DEL04-CE";"UOP02-DEL04-CE"
303359;2020-08-24;"segunda-feira";"11:00:00";"RN";226;0;"NATAL";"Desobediência às normas de trânsito pelo condutor";"Colisão transversal";"Com Vítimas Feridas";"Pleno dia";"Decrescente";"Sol";"Simples";"Interseção de Vias";"Sim";2;0;1;0;1;0;1;2;-5,800019;-35,238174;"SPRF-RN";"DEL01-RN";"UOP02-DEL01-RN"
303361;2020-08-23;"domingo";"17:15:00";"BA";324;299;"JACOBINA";"Ingestão de Álcool";"Colisão transversal";"Com Vítimas Feridas";"Pleno dia";"Decrescente";"Céu Claro";"Simples";"Curva";"Não";6;0;2;4;0;0;6;2;-11,2020243;-40,49072122;"SPRF-BA";"DEL04-BA";"UOP02-DEL04-BA"
303362;2020-08-24;"segunda-feira";"11:00:00";"BA";324;587;"CANDEIAS";"Pista Escorregadia";"Colisão lateral";"Sem Vítimas";"Pleno dia";"Decrescente";"Chuva";"Dupla";"Reta";"Não";3;0;0;0;3;0;0;2;-12,64715411;-38,47504041;"SPRF-BA";"DEL01-BA";"UOP01-DEL01-BA"
303363;2020-08-24;"segunda-feira";"11:05:00";"SC";101;152,5;"PORTO BELO";"Falta de Atenção à Condução";"Tombamento";"Com Vítimas Feridas";"Pleno dia";"Crescente";"Céu Claro";"Dupla";"Reta";"Não";1;0;1;0;0;0;1;1;-27,13563503;-48,61004665;"SPRF-SC";"DEL04-SC";"UOP03-DEL04-SC"
303364;2020-08-24;"segunda-feira";"10:45:00";"RJ";101;397;"ITAGUAI";"Defeito Mecânico no Veículo";"Incêndio";"Sem Vítimas";"Pleno dia";"Crescente";"Céu Claro";"Dupla";"Reta";"Sim";1;0;0;0;1;0;0;1;-22,87460977;-43,7406698;"SPRF-RJ";"DEL03-RJ";"UOP01-DEL03-RJ"
303365;2020-08-24;"segunda-feira";"11:50:00";"GO";60;94;"ANAPOLIS";"Falta de Atenção à Condução";"Colisão traseira";"Com Vítimas Feridas";"Pleno dia";"Crescente";"Céu Claro";"Dupla";"Reta";"Sim";3;0;1;0;2;0;1;2;-16,3611;-48,9328;"SPRF-GO";"DEL02-GO";"UOP01-DEL02-GO"
303366;2020-02-18;"terça-feira";"19:40:00";"PI";316;61;"MONSENHOR GIL";"Animais na Pista";"Atropelamento de Animal";"Sem Vítimas";"Plena Noite";"Crescente";"Céu Claro";"Simples";"Reta";"Não";1;0;0;0;1;0;0;1;-5,58402402;-42,61489907;"SPRF-PI";"DEL01-PI";"UOP02-DEL01-PI"
303368;2020-08-24;"segunda-feira";"12:00:00";"RN";226;0,5;"NATAL";"Falta de Atenção à Condução";"Colisão lateral";"Com Vítimas Feridas";"Pleno dia";"Crescente";"Céu Claro";"Simples";"Reta";"Sim";2;0;1;0;1;0;1;2;-5,800019;-35,238174;"SPRF-RN";"DEL01-RN";"UOP02-DEL01-RN"
303369;2020-08-24;"segunda-feira";"11:00:00";"RS";287;401;"SANTIAGO";"Desobediência às normas de trânsito pelo condutor";"Colisão transversal";"Com Vítimas Feridas";"Pleno dia";"Crescente";"Céu Claro";"Simples";"Interseção de Vias";"Sim";3;0;1;0;2;0;1;2;-29,15697512;-54,88198218;"SPRF-RS";"DEL12-RS";"UOP02-DEL12-RS"
303370;2020-08-24;"segunda-feira";"12:40:00";"PR";116;64,1;"QUATRO BARRAS";"Defeito Mecânico no Veículo";"Incêndio";"Sem Vítimas";"Pleno dia";"Decrescente";"Nublado";"Dupla";"Curva";"Não";1;0;0;0;0;1;0;1;-25,30617192;-48,99337399;"SPRF-PR";"DEL01-PR";"UOP02-DEL01-PR"
303371;2020-03-19;"quinta-feira";"13:20:00";"PI";316;312;"PICOS";"Falta de Atenção à Condução";"Colisão lateral";"Com Vítimas Feridas";"Pleno dia";"Decrescente";"Nublado";"Simples";"Reta";"Sim";3;0;1;0;2;0;1;2;-7,08092534;-41,4582602;"SPRF-PI";"DEL04-PI";"UOP01-DEL04-PI"
303372;2020-08-24;"segunda-feira";"10:25:00";"AP";156;820;"OIAPOQUE";"Falta de Atenção à Condução";"Queda de ocupante de veículo";"Com Vítimas Feridas";"Pleno dia";"Crescente";"Sol";"Simples";"Reta";"Sim";2;0;1;0;1;0;1;2;3,83878842;-51,81774523;"SPRF-AP";"DEL01-AP";"UOP03-DEL01-AP"
303374;2020-08-24;"segunda-feira";"12:30:00";"SE";235;52;"ITABAIANA";"Falta de Atenção à Condução";"Colisão transversal";"Com Vítimas Feridas";"Pleno dia";"Decrescente";"Céu Claro";"Simples";"Reta";"Sim";2;0;1;0;1;0;1;2;-10,693279;-37,437557;"SPRF-SE";"DEL01-SE";"UOP02-DEL01-SE"
303375;2020-08-24;"segunda-feira";"12:15:00";"PR";376;178,8;"MARINGA";"Não guardar distância de segurança";"Colisão traseira";"Com Vítimas Feridas";"Pleno dia";"Decrescente";"Sol";"Dupla";"Reta;Retorno Regulamentado";"Sim";2;0;1;0;1;0;1;2;-23,419023;-51,913787;"SPRF-PR";"DEL09-PR";"UOP01-DEL09-PR"
303376;2020-08-24;"segunda-feira";"12:10:00";"SC";101;332;"TUBARAO";"Falta de Atenção à Condução";"Colisão transversal";"Com Vítimas Feridas";"Pleno dia";"Decrescente";"Sol";"Simples";"Interseção de Vias";"Sim";2;0;1;0;1;0;1;2;-28,46016431;-48,98968873;"SPRF-SC";"DEL02-SC";"UOP01-DEL02-SC"
303377;2020-08-24;"segunda-feira";"13:00:00";"GO";153;699,9;"ITUMBIARA";"Desobediência às normas de trânsito pelo condutor";"Colisão frontal";"Com Vítimas Feridas";"Pleno dia";"Crescente";"Céu Claro";"Simples";"Interseção de Vias;Reta";"Sim";4;0;1;0;1;2;1;3;-18,3862;-49,2076;"SPRF-GO";"DEL03-GO";"UOP02-DEL03-GO"
303378;2020-08-24;"segunda-feira";"12:00:00";"RS";116;171;"CAXIAS DO SUL";"Desobediência às normas de trânsito pelo condutor";"Colisão transversal";"Com Vítimas Feridas";"Pleno dia";"Decrescente";"Céu Claro";"Simples";"Reta";"Sim";2;0;1;0;1;0;1;2;-29,30863186;-51,16752332;"SPRF-RS";"DEL05-RS";"UOP02-DEL05-RS"
303379;2020-08-10;"segunda-feira";"18:35:00";"AC";364;122;"RIO BRANCO";"Falta de Atenção à Condução";"Colisão traseira";"Com Vítimas Feridas";"Plena Noite";"Decrescente";"Céu Claro";"Dupla";"Reta";"Sim";3;0;3;0;0;0;3;2;-10,01188291;-67,773345;"SPRF-AC";"DEL01-AC";"UOP01-DEL01-AC"
303380;2020-08-24;"segunda-feira";"14:00:00";"PR";272;413;"JANIOPOLIS";"Restrição de Visibilidade";"Colisão frontal";"Sem Vítimas";"Pleno dia";"Crescente";"Céu Claro";"Simples";"Reta";"Não";3;0;0;0;3;0;0;2;-24,13170834;-52,80741705;"SPRF-PR";"DEL09-PR";"UOP03-DEL09-PR"
303381;2020-08-24;"segunda-feira";"13:00:00";"RS";290;75;"GRAVATAI";"Falta de Atenção do Pedestre";"Colisão lateral";"Com Vítimas Feridas";"Pleno dia";"Crescente";"Céu Claro";"Múltipla";"Interseção de Vias";"Não";3;0;2;0;1;0;2;2;-29,95521;-51,006855;"SPRF-RS";"DEL01-RS";"UOP01-DEL01-RS"
303382;2020-08-24;"segunda-feira";"09:25:00";"RO";364;427,1;"JARU";"Falta de Atenção à Condução";"Colisão traseira";"Com Vítimas Feridas";"Pleno dia";"Decrescente";"Céu Claro";"Simples";"Reta";"Sim";6;0;1;0;5;0;1;3;-10,42581626;-62,4900198;"SPRF-RO";"DEL03-RO";"UOP02-DEL03-RO"
303384;2020-08-24;"segunda-feira";"13:25:00";"MG";116;416;"GOVERNADOR VALADARES";"Falta de Atenção do Pedestre";"Queda de ocupante de veículo";"Com Vítimas Feridas";"Pleno dia";"Decrescente";"Céu Claro";"Dupla";"Reta";"Sim";2;0;1;0;1;0;1;2;-18,89215187;-41,94699543;"SPRF-MG";"DEL06-MG";"UOP01-DEL06-MG"
303385;2020-08-24;"segunda-feira";"14:30:00";"ES";262;0,1;"VITORIA";"Desobediência às normas de trânsito pelo condutor";"Colisão traseira";"Com Vítimas Feridas";"Pleno dia";"Crescente";"Sol";"Dupla";"Aclive;Ponte;Reta";"Sim";2;0;1;0;1;0;1;2;-20,320793;-40,353315;"SPRF-ES";"DEL01-ES";"UOP01-DEL01-ES"
303386;2020-08-24;"segunda-feira";"14:15:00";"PR";277;110,1;"CAMPO LARGO";"Falta de Atenção à Condução";"Colisão com objeto estático";"Com Vítimas Feridas";"Pleno dia";"Decrescente";"Nublado";"Dupla";"Aclive";"Sim";1;0;1;0;0;0;1;1;-25,44625996;-49,36369775;"SPRF-PR";"DEL01-PR";"UOP03-DEL03-PR"
303387;2020-08-24;"segunda-feira";"13:00:00";"PE";101;100;"CABO DE SANTO AGOSTINHO";"Velocidade Incompatível";"Colisão traseira";"Com Vítimas Feridas";"Pleno dia";"Decrescente";"Céu Claro";"Dupla";"Reta";"Sim";4;0;1;0;3;0;1;4;-8,26699309;-35,05234386;"SPRF-PE";"DEL01-PE";"UOP03-DEL01-PE"
303389;2020-08-24;"segunda-feira";"14:40:00";"SC";101;118,5;"ITAJAI";"Falta de Atenção à Condução";"Colisão transversal";"Com Vítimas Feridas";"Pleno dia";"Crescente";"Céu Claro";"Múltipla";"Aclive";"Não";3;0;3;0;0;0;3;2;-26,895859;-48,71903;"SPRF-SC";"DEL04-SC";"UOP04-DEL04-SC"
303390;2020-08-24;"segunda-feira";"10:10:00";"RJ";40;19,9;"TRES RIOS";"Velocidade Incompatível";"Saída de leito carroçável";"Com Vítimas Feridas";"Pleno dia";"Decrescente";"Céu Claro";"Dupla";"Curva";"Sim";2;0;1;0;1;0;1;1;-22,10132017;-43,17101226;"SPRF-RJ";"DEL05-RJ";"UOP02-DEL05-RJ"
303391;2020-08-24;"segunda-feira";"13:35:00";"PR";277;594,9;"CASCAVEL";"Falta de Atenção do Pedestre";"Atropelamento de Pedestre";"Com Vítimas Feridas";"Pleno dia";"Crescente";"Sol";"Simples";"Reta";"Sim";2;0;0;1;1;0;1;2;-24,9794792;-53,49232599;"SPRF-PR";"DEL04-PR";"UOP01-DEL04-PR"
303393;2020-08-24;"segunda-feira";"14:25:00";"SE";235;35;"AREIA BRANCA";"Ultrapassagem Indevida";"Saída de leito carroçável";"Com Vítimas Feridas";"Pleno dia";"Decrescente";"Nublado";"Simples";"Reta";"Não";1;0;1;0;0;0;1;1;-10,763301;-37,320831;"SPRF-SE";"DEL01-SE";"UOP02-DEL01-SE"
303394;2020-08-24;"segunda-feira";"14:30:00";"SC";470;126;"LONTRAS";"Falta de Atenção à Condução";"Colisão transversal";"Com Vítimas Feridas";"Pleno dia";"Decrescente";"Céu Claro";"Simples";"Reta";"Não";2;0;0;1;1;0;1;2;-27,129;-49,538277;"SPRF-SC";"DEL04-SC";"UOP02-DEL04-SC"
303396;2020-08-24;"segunda-feira";"15:29:00";"ES";101;146,2;"LINHARES";"Falta de Atenção à Condução";"Colisão traseira";"Com Vítimas Feridas";"Pleno dia";"Crescente";"Céu Claro";"Dupla";"Reta";"Sim";3;0;1;1;1;0;2;2;-19,36990998;-40,06560718;"SPRF-ES";"DEL04-ES";"UOP01-DEL04-ES"
303401;2020-08-24;"segunda-feira";"14:05:00";"RO";364;712;"PORTO VELHO";"Desobediência às normas de trânsito pelo condutor";"Colisão transversal";"Com Vítimas Feridas";"Pleno dia";"Crescente";"Céu Claro";"Dupla";"Reta";"Sim";2;0;1;0;1;0;1;2;-8,78086861;-63,8656497;"SPRF-RO";"DEL01-RO";"UOP01-DEL01-RO"
303402;2020-05-24;"domingo";"12:30:00";"RO";319;55;"PORTO VELHO";"Falta de Atenção à Condução";"Colisão com objeto estático";"Com Vítimas Feridas";"Pleno dia";"Crescente";"Céu Claro";"Simples";"Curva;Declive";"Não";2;0;0;1;0;1;1;2;-8,74359689;-63,94901276;"SPRF-RO";"DEL01-RO";"UOP01-DEL01-RO"
303403;2020-08-24;"segunda-feira";"16:00:00";"MG";262;368,1;"JUATUBA";"Mal Súbito";"Saída de leito carroçável";"Com Vítimas Feridas";"Pleno dia";"Crescente";"Céu Claro";"Dupla";"Reta";"Não";1;0;1;0;0;0;1;1;-19,97239513;-44,28042402;"SPRF-MG";"DEL01-MG";"UOP03-DEL01-MG"
303404;2020-08-24;"segunda-feira";"16:15:00";"MG";40;37,2;"PARACATU";"Ultrapassagem Indevida";"Colisão lateral";"Sem Vítimas";"Pleno dia";"Crescente";"Céu Claro";"Simples";"Aclive";"Sim";3;0;0;0;2;1;0;2;-17,20444515;-46,90533629;"SPRF-MG";"DEL14-MG";"UOP01-DEL14-MG"
303406;2020-08-09;"domingo";"11:00:00";"PR";277;100;"CURITIBA";"Falta de Atenção à Condução";"Colisão lateral";"Com Vítimas Feridas";"Pleno dia";"Crescente";"Sol";"Dupla";"Interseção de Vias";"Sim";2;0;1;0;1;0;1;2;-25,43211322;-49,3636322;"SPRF-PR";"DEL01-PR";"UOP01-DEL01-PR"
303407;2020-08-24;"segunda-feira";"08:00:00";"PR";376;489,1;"PONTA GROSSA";"Falta de Atenção à Condução";"Colisão traseira";"Com Vítimas Feridas";"Pleno dia";"Decrescente";"Sol";"Dupla";"Reta";"Sim";2;0;1;0;1;0;1;2;-25,08777545;-50,19464493;"SPRF-PR";"DEL03-PR";"UOP04-DEL03-PR"
303408;2020-08-24;"segunda-feira";"14:30:00";"SC";282;364;"ERVAL VELHO";"Velocidade Incompatível";"Colisão traseira";"Sem Vítimas";"Pleno dia";"Crescente";"Céu Claro";"Simples";"Reta";"Não";3;0;0;0;3;0;0;2;-27,297649;-51,398533;"SPRF-SC";"DEL07-SC";"UOP05-DEL07-SC"
303409;2020-08-24;"segunda-feira";"15:30:00";"RS";116;262;"CANOAS";"Falta de Atenção à Condução";"Colisão traseira";"Com Vítimas Feridas";"Pleno dia";"Decrescente";"Céu Claro";"Múltipla";"Reta";"Não";2;0;1;0;1;0;1;2;-29,896475;-51,17593;"SPRF-RS";"DEL01-RS";"UOP01-DEL01-RS"
303410;2020-08-24;"segunda-feira";"16:30:00";"GO";50;247;"CATALAO";"Animais na Pista";"Saída de leito carroçável";"Com Vítimas Feridas";"Pleno dia";"Crescente";"Céu Claro";"Dupla";"Reta";"Não";3;0;1;0;2;0;1;1;-17,9433;-47,7873;"SPRF-GO";"DEL06-GO";"UOP01-DEL06-GO"
303411;2020-08-24;"segunda-feira";"13:20:00";"GO";60;61;"ABADIANIA";"Falta de Atenção à Condução";"Saída de leito carroçável";"Com Vítimas Feridas";"Pleno dia";"Crescente";"Céu Claro";"Dupla";"Reta";"Não";2;0;1;0;1;0;1;2;-16,1903;-48,7114;"SPRF-GO";"DEL02-GO";"UOP01-DEL02-GO"
303412;2020-08-24;"segunda-feira";"16:40:00";"CE";222;191,1;"SOBRAL";"Desobediência às normas de trânsito pelo condutor";"Colisão transversal";"Com Vítimas Feridas";"Pleno dia";"Decrescente";"Céu Claro";"Simples";"Reta";"Não";2;0;0;1;1;0;1;2;-3,78766748;-40,12896244;"SPRF-CE";"DEL04-CE";"UOP01-DEL04-CE"
303416;2020-08-24;"segunda-feira";"17:00:00";"DF";20;7,7;"BRASILIA";"Ingestão de Álcool";"Saída de leito carroçável";"Com Vítimas Feridas";"Pleno dia";"Decrescente";"Céu Claro";"Dupla";"Reta";"Sim";1;0;1;0;0;0;1;1;-15,662208;-47,799866;"SPRF-DF";"DEL02-DF";"UOP01-DEL02-DF"
303417;2020-08-24;"segunda-feira";"17:10:00";"PR";369;179;"ARAPONGAS";"Falta de Atenção à Condução";"Queda de ocupante de veículo";"Com Vítimas Feridas";"Pleno dia";"Decrescente";"Sol";"Dupla";"Reta;Declive";"Não";1;0;1;0;0;0;1;1;-23,36181794;-51,40005112;"SPRF-PR";"DEL07-PR";"UOP03-DEL07-PR"
303418;2020-08-24;"segunda-feira";"17:40:00";"ES";262;4;"CARIACICA";"Falta de Atenção à Condução";"Queda de ocupante de veículo";"Com Vítimas Feridas";"Plena Noite";"Crescente";"Céu Claro";"Dupla";"Reta";"Sim";2;0;1;0;1;0;1;2;-20,33609327;-40,37812784;"SPRF-ES";"DEL01-ES";"UOP01-DEL01-ES"
303420;2020-08-24;"segunda-feira";"17:50:00";"ES";101;334,3;"GUARAPARI";"Condutor Dormindo";"Saída de leito carroçável";"Com Vítimas Feridas";"Anoitecer";"Crescente";"Céu Claro";"Dupla";"Reta";"Não";4;0;0;2;2;0;2;1;-20,6213791;-40,52011191;"SPRF-ES";"DEL03-ES";"UOP01-DEL03-ES"
303424;2020-08-24;"segunda-feira";"18:20:00";"SC";101;39,8;"JOINVILLE";"Falta de Atenção à Condução";"Colisão lateral";"Com Vítimas Feridas";"Plena Noite";"Crescente";"Nublado";"Dupla";"Reta";"Sim";2;0;1;0;1;0;1;2;-26,2628107;-48,90192257;"SPRF-SC";"DEL03-SC";"UOP01-DEL03-SC"
303425;2020-08-24;"segunda-feira";"18:03:00";"PI";316;310;"PICOS";"Desobediência às normas de trânsito pelo condutor";"Colisão transversal";"Sem Vítimas";"Plena Noite";"Crescente";"Céu Claro";"Simples";"Reta";"Sim";2;0;0;0;1;1;0;2;-7,07721414;-41,47916079;"SPRF-PI";"DEL04-PI";"UOP01-DEL04-PI"
303426;2020-08-24;"segunda-feira";"18:10:00";"CE";222;5;"CAUCAIA";"Falta de Atenção à Condução";"Colisão transversal";"Com Vítimas Feridas";"Anoitecer";"Crescente";"Céu Claro";"Múltipla";"Interseção de Vias";"Sim";2;0;2;0;0;0;2;2;-3,74296918;-38,61330997;"SPRF-CE";"DEL01-CE";"UOP01-DEL01-CE"
303427;2020-08-24;"segunda-feira";"18:10:00";"DF";60;5,9;"BRASILIA";"Falta de Atenção à Condução";"Tombamento";"Com Vítimas Feridas";"Plena Noite";"Crescente";"Céu Claro";"Dupla";"Declive;Reta";"Sim";1;0;1;0;0;0;1;1;-15,895438;-48,104771;"SPRF-DF";"DEL03-DF";"UOP01-DEL03-DF"
303428;2020-08-24;"segunda-feira";"18:25:00";"DF";70;15;"BRASILIA";"Não guardar distância de segurança";"Colisão transversal";"Com Vítimas Feridas";"Plena Noite";"Crescente";"Céu Claro";"Dupla";"Reta";"Sim";4;0;2;0;1;1;2;3;-15,798888;-48,185043;"SPRF-DF";"DEL03-DF";"UOP02-DEL03-DF"
303429;2020-08-24;"segunda-feira";"19:00:00";"PR";369;146;"LONDRINA";"Falta de Atenção à Condução";"Colisão transversal";"Com Vítimas Feridas";"Plena Noite";"Decrescente";"Céu Claro";"Dupla";"Retorno Regulamentado";"Sim";2;0;0;1;1;0;1;2;-23,2932;-51,1236;"SPRF-PR";"DEL07-PR";"UOP01-DEL07-PR"
303431;2020-08-24;"segunda-feira";"17:45:00";"MT";163;846;"SINOP";"Falta de Atenção à Condução";"Queda de ocupante de veículo";"Com Vítimas Feridas";"Anoitecer";"Crescente";"Céu Claro";"Simples";"Reta";"Não";1;0;1;0;0;0;1;1;-11,77661999;-55,47340393;"SPRF-MT";"DEL06-MT";"NPF/DEL06-MT"
303432;2020-08-24;"segunda-feira";"13:20:00";"SC";101;334;"TUBARAO";"Falta de Atenção à Condução";"Colisão traseira";"Com Vítimas Feridas";"Pleno dia";"Crescente";"Céu Claro";"Dupla";"Reta";"Sim";3;0;1;0;2;0;1;3;-28,47050213;-49,01893616;"SPRF-SC";"DEL02-SC";"UOP01-DEL02-SC"
303433;2020-08-24;"segunda-feira";"18:40:00";"PE";101;90,8;"CABO DE SANTO AGOSTINHO";"Falta de Atenção do Pedestre";"Atropelamento de Pedestre";"Com Vítimas Feridas";"Plena Noite";"Decrescente";"Céu Claro";"Dupla";"Interseção de Vias";"Sim";2;0;1;0;1;0;1;2;-8,23820576;-34,98336057;"SPRF-PE";"DEL01-PE";"UOP03-DEL01-PE"
303437;2020-08-24;"segunda-feira";"19:20:00";"SP";381;89,7;"SAO PAULO";"Restrição de Visibilidade";"Colisão traseira";"Com Vítimas Feridas";"Plena Noite";"Crescente";"Céu Claro";"Múltipla";"Aclive;Reta";"Sim";2;0;1;0;1;0;1;2;-23,48469299;-46,55983288;"SPRF-SP";"DEL03-SP";"UOP01-DEL03-SP"
303438;2020-08-24;"segunda-feira";"16:30:00";"BA";242;361;"LENCOIS";"Defeito na Via";"Colisão transversal";"Com Vítimas Feridas";"Pleno dia";"Decrescente";"Céu Claro";"Simples";"Reta";"Não";2;0;0;1;0;1;1;2;-12,46695199;-41,39799499;"SPRF-BA";"DEL06-BA";"UOP01-DEL06-BA"
303439;2020-08-24;"segunda-feira";"19:00:00";"SP";116;223;"GUARULHOS";"Falta de Atenção à Condução";"Engavetamento";"Sem Vítimas";"Plena Noite";"Decrescente";"Nublado";"Múltipla";"Reta";"Sim";3;0;0;0;3;0;0;3;-23,47772364;-46,52843367;"SPRF-SP";"DEL01-SP";"UOP01-DEL01-SP"
303443;2020-08-24;"segunda-feira";"18:25:00";"RS";290;12;"OSORIO";"Objeto estático sobre o leito carroçável";"Saída de leito carroçável";"Com Vítimas Feridas";"Plena Noite";"Crescente";"Céu Claro";"Múltipla";"Reta";"Não";3;0;3;0;0;0;3;1;-29,887596;-50,385146;"SPRF-RS";"DEL03-RS";"UOP01-DEL03-RS"
303445;2020-02-11;"terça-feira";"06:50:00";"RN";304;295,9;"MACAIBA";"Falta de Atenção à Condução";"Colisão transversal";"Com Vítimas Feridas";"Pleno dia";"Decrescente";"Sol";"Simples";"Reta";"Sim";3;0;1;0;2;0;1;3;-5,86605927;-35,35822096;"SPRF-RN";"DEL01-RN";"UOP02-DEL01-RN"
303447;2020-08-24;"segunda-feira";"14:50:00";"MA";10;312,9;"ACAILANDIA";"Falta de Atenção à Condução";"Capotamento";"Sem Vítimas";"Pleno dia";"Crescente";"Garoa/Chuvisco";"Dupla";"Aclive;Curva";"Não";1;0;0;0;1;0;0;1;-5,008836;-47,545898;"SPRF-MA";"DEL04-MA";"UOP03-DEL04-MA"
303448;2020-08-24;"segunda-feira";"18:30:00";"RJ";101;306;"SAO GONCALO";"Falta de Atenção à Condução";"Engavetamento";"Com Vítimas Feridas";"Plena Noite";"Decrescente";"Céu Claro";"Dupla";"Reta";"Sim";5;0;3;0;2;0;3;3;-22,78913759;-43,00550909;"SPRF-RJ";"DEL02-RJ";"UOP02-DEL02-RJ"
303451;2020-08-24;"segunda-feira";"20:00:00";"RS";472;128,7;"TRES DE MAIO";"Deficiência ou não Acionamento do Sistema de Iluminação/Sinalização do Veículo";"Colisão traseira";"Sem Vítimas";"Plena Noite";"Decrescente";"Céu Claro";"Simples";"Reta";"Não";3;0;0;0;3;0;0;2;-27,74106801;-54,2105341;"SPRF-RS";"DEL10-RS";"UOP01-DEL10-RS"
303452;2020-08-24;"segunda-feira";"18:30:00";"PR";376;59;"GUAIRACA";"Ultrapassagem Indevida";"Colisão frontal";"Com Vítimas Feridas";"Anoitecer";"Decrescente";"Céu Claro";"Simples";"Curva";"Não";3;0;1;0;2;0;1;2;-22,92939919;-52,841731;"SPRF-PR";"DEL09-PR";"UOP02-DEL09-PR"