"id";"data_inversa";"dia_semana";"horario";"uf";"br";"km";"municipio";"causa_acidente";"tipo_acidente";"classificacao_acidente";"fase_dia";"sentido_via";"condicao_metereologica";"tipo_pista";"tracado_via";"uso_solo";"pessoas";"mortos";"feridos_leves";"feridos_graves";"ilesos";"ignorados";"feridos";"veiculos";"latitude";"longitude";"regional";"delegacia";"uop"
303454;2020-08-24;"segunda-feira";"20:30:00";"SC";101;203;"SAO JOSE";"Falta de Atenção à Condução";"Colisão lateral";"Com Vítimas Feridas";"Plena Noite";"Decrescente";"Céu Claro";"Simples";"Interseção de Vias";"Sim";2;0;1;0;1;0;1;2;-27,57140422;-48,63030955;"SPRF-SC";"DEL01-SC";"UOP01-DEL01-SC"
303455;2020-08-24;"segunda-feira";"20:45:00";"RJ";101;408;"ITAGUAI";"Falta de Atenção à Condução";"Colisão traseira";"Com Vítimas Feridas";"Plena Noite";"Crescente";"Céu Claro";"Dupla";"Viaduto";"Não";2;0;0;2;0;0;2;1;-22,88087914;-43,82441392;"SPRF-RJ";"DEL03-RJ";"UOP01-DEL03-RJ"
303458;2020-08-24;"segunda-feira";"16:00:00";"SP";116;143;"SAO JOSE DOS CAMPOS";"Desobediência às normas de trânsito pelo condutor";"Colisão lateral";"Com Vítimas Feridas";"Pleno dia";"Decrescente";"Sol";"Simples";"Curva";"Sim";2;0;1;0;1;0;1;2;-23,17849879;-45,83787411;"SPRF-SP";"DEL06-SP";"UOP01-DEL06-SP"
303459;2020-08-24;"segunda-feira";"20:50:00";"RS";116;243,3;"SAO LEOPOLDO";"Desobediência às normas de trânsito pelo pedestre";"Atropelamento de Pedestre";"Com Vítimas Feridas";"Plena Noite";"Decrescente";"Céu Claro";"Dupla";"Rotatória;Interseção de Vias";"Sim";3;0;1;0;1;1;1;3;-29,73196199;-51,14952004;"SPRF-RS";"DEL01-RS";"UOP02-DEL01-RS"
303460;2020-08-24;"segunda-feira";"19:25:00";"RS";480;70;"ERECHIM";"Desobediência às normas de trânsito pelo condutor";"Colisão transversal";"Sem Vítimas";"Plena Noite";"Crescente";"Céu Claro";"Simples";"Reta;Aclive";"Não";2;0;0;0;2;0;0;2;-27,63750256;-52,32344105;"SPRF-RS";"DEL08-RS";"UOP04-DEL08-RS"
303461;2020-08-24;"segunda-feira";"19:00:00";"MG";50;168,1;"UBERABA";"Falta de Atenção à Condução";"Colisão traseira";"Com Vítimas Feridas";"Plena Noite";"Crescente";"Céu Claro";"Dupla";"Reta";"Sim";6;0;5;0;1;0;5;2;-19,717914;-47,980312;"SPRF-MG";"DEL13-MG";"UOP01-DEL13-MG"
303462;2020-08-24;"segunda-feira";"21:45:00";"SC";280;22;"ARAQUARI";"Desobediência às normas de trânsito pelo condutor";"Queda de ocupante de veículo";"Com Vítimas Feridas";"Plena Noite";"Decrescente";"Céu Claro";"Simples";"Reta";"Não";1;0;0;1;0;0;1;1;-26,37092616;-48,70204099;"SPRF-SC";"DEL03-SC";"UOP03-DEL03-SC"
303468;2020-08-24;"segunda-feira";"20:00:00";"PR";272;421,3;"CANTAGALO";"Desobediência às normas de trânsito pelo pedestre";"Atropelamento de Pedestre";"Com Vítimas Feridas";"Plena Noite";"Decrescente";"Céu Claro";"Simples";"Rotatória";"Sim";2;0;1;0;0;1;1;2;-25,37900057;-52,1239919;"SPRF-PR";"DEL09-PR";"UOP03-DEL09-PR"
303469;2020-08-24;"segunda-feira";"22:00:00";"GO";40;7;"VALPARAISO DE GOIAS";"Desobediência às normas de trânsito pelo condutor";"Colisão transversal";"Sem Vítimas";"Plena Noite";"Decrescente";"Céu Claro";"Dupla";"Reta";"Sim";2;0;0;0;2;0;0;2;-16,108482;-47,972524;"SPRF-DF";"DEL01-DF";"UOP01-DEL01-DF"
303470;2020-08-24;"segunda-feira";"22:00:00";"GO";153;492;"GOIANIA";"Não guardar distância de segurança";"Colisão traseira";"Com Vítimas Feridas";"Plena Noite";"Crescente";"Céu Claro";"Dupla";"Reta;Declive";"Não";2;0;0;1;1;0;1;2;-16,6461;-49,2114;"SPRF-GO";"DEL01-GO";"UOP01-DEL01-GO"
303471;2020-08-24;"segunda-feira";"20:20:00";"RN";304;34;"MOSSORO";"Falta de Atenção à Condução";"Atropelamento de Pedestre";"Com Vítimas Feridas";"Plena Noite";"Crescente";"Céu Claro";"Dupla";"Reta";"Sim";3;0;2;1;0;0;3;2;-5,15255798;-37,34873808;"SPRF-RN";"DEL04-RN";"UOP02-DEL04-RN"
303473;2020-08-24;"segunda-feira";"20:30:00";"PB";104;179,2;"ALCANTIL";"Agressão Externa";"Colisão com objeto estático";"Com Vítimas Feridas";"Plena Noite";"Decrescente";"Céu Claro";"Simples";"Curva";"Não";2;0;1;1;0;0;2;1;-7,63933486;-36,07772254;"SPRF-PB";"DEL02-PB";"UOP03-DEL02-PB"
303474;2020-08-24;"segunda-feira";"22:20:00";"RJ";116;181;"NOVA IGUACU";"Falta de Atenção à Condução";"Colisão com objeto estático";"Com Vítimas Feridas";"Plena Noite";"Decrescente";"Nublado";"Dupla";"Reta";"Sim";2;0;1;0;1;0;1;2;-22,761312;-43,423492;"SPRF-RJ";"DEL01-RJ";"UOP02-DEL01-RJ"
303476;2020-08-24;"segunda-feira";"23:10:00";"RJ";356;37;"ITAPERUNA";"Animais na Pista";"Atropelamento de Animal";"Com Vítimas Feridas";"Plena Noite";"Crescente";"Céu Claro";"Simples";"Reta";"Não";1;0;1;0;0;0;1;1;-21,211836;-41,86893;"SPRF-RJ";"DEL08-RJ";"UOP03-DEL08-RJ"
303479;2020-08-25;"terça-feira";"01:00:00";"SP";116;225;"GUARULHOS";"Falta de Atenção à Condução";"Colisão com objeto estático";"Sem Vítimas";"Plena Noite";"Crescente";"Nublado";"Múltipla";"Aclive";"Sim";2;0;0;0;2;0;0;2;-23,48586772;-46,54075317;"SPRF-SP";"DEL01-SP";"UOP01-DEL01-SP"
303481;2020-08-25;"terça-feira";"00:40:00";"PR";376;598;"CURITIBA";"Defeito Mecânico no Veículo";"Incêndio";"Sem Vítimas";"Plena Noite";"Decrescente";"Céu Claro";"Dupla";"Reta";"Não";2;0;0;0;2;0;0;1;-25,5188802;-49,33506947;"SPRF-PR";"DEL01-PR";"UOP01-DEL01-PR"
303483;2020-08-25;"terça-feira";"01:30:00";"RS";290;124,8;"ELDORADO DO SUL";"Animais na Pista";"Atropelamento de Animal";"Com Vítimas Feridas";"Plena Noite";"Crescente";"Céu Claro";"Simples";"Reta";"Não";1;0;0;1;0;0;1;1;-30,05442263;-51,45125985;"SPRF-RS";"DEL02-RS";"UOP01-DEL02-RS"
303484;2020-08-25;"terça-feira";"01:45:00";"RS";290;482,6;"ROSARIO DO SUL";"Não guardar distância de segurança";"Tombamento";"Com Vítimas Feridas";"Plena Noite";"Crescente";"Céu Claro";"Simples";"Rotatória";"Sim";1;0;1;0;0;0;1;1;-30,241802;-54,940495;"SPRF-RS";"DEL11-RS";"UOP02-DEL11-RS"
303487;2020-08-25;"terça-feira";"03:30:00";"PR";369;147,8;"LONDRINA";"Falta de Atenção à Condução";"Colisão com objeto estático";"Sem Vítimas";"Plena Noite";"Decrescente";"Céu Claro";"Dupla";"Interseção de Vias";"Não";1;0;0;0;0;1;0;1;-23,29372359;-51,12316132;"SPRF-PR";"DEL07-PR";"UOP01-DEL07-PR"
303488;2020-08-25;"terça-feira";"00:15:00";"RS";116;373;"TAPES";"Ingestão de Álcool";"Saída de leito carroçável";"Com Vítimas Feridas";"Plena Noite";"Decrescente";"Céu Claro";"Dupla";"Desvio Temporário";"Não";3;0;3;0;0;0;3;1;-30,71899795;-51,60740603;"SPRF-RS";"DEL02-RS";"UOP02-DEL02-RS"
303489;2020-08-25;"terça-feira";"04:30:00";"RJ";101;53;"CAMPOS DOS GOYTACAZES";"Animais na Pista";"Atropelamento de Animal";"Com Vítimas Feridas";"Plena Noite";"Decrescente";"Céu Claro";"Simples";"Reta";"Não";1;0;1;0;0;0;1;1;-21,660484;-41,31128898;"SPRF-RJ";"DEL08-RJ";"UOP01-DEL08-RJ"
303490;2020-08-24;"segunda-feira";"13:00:00";"RS";116;358,2;"TAPES";"Defeito Mecânico no Veículo";"Capotamento";"Com Vítimas Feridas";"Pleno dia";"Crescente";"Sol";"Dupla";"Declive";"Não";3;0;3;0;0;0;3;1;-30,60659074;-51,53913086;"SPRF-RS";"DEL02-RS";"UOP02-DEL02-RS"
303491;2020-08-25;"terça-feira";"05:15:00";"PB";101;58;"SANTA RITA";"Falta de Atenção à Condução";"Colisão traseira";"Sem Vítimas";"Pleno dia";"Decrescente";"Céu Claro";"Dupla";"Aclive";"Não";2;0;0;0;2;0;0;2;-6,98564991;-35,07334684;"SPRF-PB";"DEL01-PB";"UOP04-DEL01-PB"
303493;2020-08-25;"terça-feira";"04:50:00";"MS";262;423;"TERENOS";"Animais na Pista";"Atropelamento de Animal";"Com Vítimas Feridas";"Plena Noite";"Crescente";"Nublado";"Simples";"Reta";"Não";2;0;1;1;0;0;2;1;-20,46271487;-55,23052892;"SPRF-MS";"DEL01-MS";"UOP03-DEL01-MS"
303496;2020-08-25;"terça-feira";"06:20:00";"SP";153;42,8;"ONDA VERDE";"Falta de Atenção à Condução";"Colisão traseira";"Com Vítimas Feridas";"Pleno dia";"Crescente";"Céu Claro";"Simples";"Reta";"Sim";3;0;1;0;2;0;1;3;-20,63725202;-49,33843793;"SPRF-SP";"DEL09-SP";"UOP01-DEL09-SP"
303497;2020-08-25;"terça-feira";"06:00:00";"DF";70;4,9;"BRASILIA";"Desobediência às normas de trânsito pelo condutor";"Colisão lateral";"Com Vítimas Feridas";"Amanhecer";"Decrescente";"Céu Claro";"Dupla";"Reta";"Sim";3;0;2;0;1;0;2;2;-15,80201456;-47,98089981;"SPRF-DF";"DEL03-DF";"UOP02-DEL03-DF"
303499;2020-08-25;"terça-feira";"06:30:00";"RS";116;262;"CANOAS";"Desobediência às normas de trânsito pelo condutor";"Colisão lateral";"Com Vítimas Feridas";"Pleno dia";"Decrescente";"Céu Claro";"Múltipla";"Interseção de Vias";"Não";2;0;1;0;1;0;1;2;-29,896475;-51,17593;"SPRF-RS";"DEL01-RS";"UOP01-DEL01-RS"
303500;2020-08-25;"terça-feira";"06:10:00";"ES";101;64,5;"SAO MATEUS";"Não guardar distância de segurança";"Colisão traseira";"Com Vítimas Feridas";"Amanhecer";"Crescente";"Sol";"Simples";"Reta";"Não";3;0;1;1;1;0;2;2;-18,70428583;-39,87065983;"SPRF-ES";"DEL04-ES";"UOP02-DEL04-ES"
303501;2020-08-25;"terça-feira";"06:20:00";"DF";70;4;"BRASILIA";"Não guardar distância de segurança";"Colisão lateral";"Com Vítimas Feridas";"Amanhecer";"Decrescente";"Céu Claro";"Dupla";"Reta";"Sim";2;0;1;0;0;1;1;2;-15,79844312;-48,08944881;"SPRF-DF";"DEL03-DF";"UOP02-DEL03-DF"
303502;2020-08-25;"terça-feira";"06:50:00";"RS";386;417;"MONTENEGRO";"Velocidade Incompatível";"Capotamento";"Com Vítimas Feridas";"Pleno dia";"Crescente";"Céu Claro";"Dupla";"Rotatória";"Não";2;0;1;0;1;0;1;1;-29,818958;-51,452934;"SPRF-RS";"DEL04-RS";"UOP02-DEL04-RS"
303503;2020-08-25;"terça-feira";"06:40:00";"PE";232;136;"CARUARU";"Velocidade Incompatível";"Colisão traseira";"Com Vítimas Feridas";"Pleno dia";"Crescente";"Céu Claro";"Dupla";"Reta";"Não";6;0;1;4;1;0;5;3;-8,31339932;-36,04175591;"SPRF-PE";"DEL02-PE";"UOP03-DEL02-PE"
303504;2020-08-25;"terça-feira";"06:30:00";"MG";40;515;"RIBEIRAO DAS NEVES";"Falta de Atenção à Condução";"Colisão lateral";"Com Vítimas Feridas";"Pleno dia";"Crescente";"Céu Claro";"Dupla";"Reta";"Sim";3;0;1;0;2;0;1;3;-19,8090079;-44,09493479;"SPRF-MG";"DEL01-MG";"UOP02-DEL01-MG"
303506;2020-08-25;"terça-feira";"07:15:00";"SE";235;4;"NOSSA SENHORA DO SOCORRO";"Não guardar distância de segurança";"Colisão traseira";"Com Vítimas Feridas";"Pleno dia";"Decrescente";"Chuva";"Dupla";"Reta";"Sim";2;0;1;0;1;0;1;2;-10,9064;-37,1197;"SPRF-SE";"DEL01-SE";"UOP01-DEL01-SE"
303507;2020-08-25;"terça-feira";"07:20:00";"MG";251;510;"FRANCISCO SA";"Falta de Atenção à Condução";"Colisão transversal";"Com Vítimas Feridas";"Pleno dia";"Decrescente";"Céu Claro";"Simples";"Reta";"Não";2;0;0;1;1;0;1;2;-16,61025818;-43,73076931;"SPRF-MG";"DEL12-MG";"UOP01-DEL12-MG"
303508;2020-08-25;"terça-feira";"06:40:00";"SP";116;161,3;"JACAREI";"Defeito Mecânico no Veículo";"Incêndio";"Sem Vítimas";"Amanhecer";"Decrescente";"Céu Claro";"Múltipla";"Reta";"Sim";1;0;0;0;1;0;0;1;-23,27617003;-45,97592098;"SPRF-SP";"DEL02-SP";"UOP01-DEL02-SP"
303509;2020-08-24;"segunda-feira";"01:20:00";"PR";277;348;"GUARAPUAVA";"Falta de Atenção à Condução";"Saída de leito carroçável";"Sem Vítimas";"Plena Noite";"Decrescente";"Céu Claro";"Simples";"Reta";"Sim";1;0;0;0;0;1;0;1;-25,33928412;-51,42880296;"SPRF-PR";"DEL08-PR";"UOP01-DEL08-PR"
303512;2020-08-25;"terça-feira";"07:30:00";"PE";101;44;"IGARASSU";"Falta de Atenção à Condução";"Colisão transversal";"Com Vítimas Feridas";"Pleno dia";"Crescente";"Céu Claro";"Múltipla";"Reta";"Sim";2;0;1;0;1;0;1;2;-7,85637001;-34,90842109;"SPRF-PE";"DEL01-PE";"UOP02-DEL01-PE"
303513;2020-08-25;"terça-feira";"07:20:00";"MG";40;468,3;"SETE LAGOAS";"Falta de Atenção à Condução";"Colisão lateral";"Com Vítimas Feridas";"Pleno dia";"Crescente";"Céu Claro";"Dupla";"Reta";"Não";3;0;1;0;1;1;1;3;-19,45630182;-44,30941888;"SPRF-MG";"DEL02-MG";"UOP01-DEL02-MG"
303514;2020-08-24;"segunda-feira";"20:15:00";"MG";116;392,1;"GOVERNADOR VALADARES";"Ingestão de Álcool";"Saída de leito carroçável";"Com Vítimas Feridas";"Plena Noite";"Decrescente";"Nublado";"Simples";"Curva";"Não";2;0;1;0;1;0;1;2;-18,72499706;-41,98860609;"SPRF-MG";"DEL06-MG";"UOP01-DEL06-MG"
303516;2020-08-25;"terça-feira";"08:00:00";"PR";476;122;"CURITIBA";"Falta de Atenção à Condução";"Colisão traseira";"Com Vítimas Feridas";"Pleno dia";"Decrescente";"Nublado";"Dupla";"Reta";"Sim";3;0;2;0;1;0;2;2;-25,385775;-49,203377;"SPRF-PR";"DEL01-PR";"UOP02-DEL01-PR"
303518;2020-08-22;"sábado";"01:20:00";"MG";262;36,4;"MANHUACU";"Falta de Atenção à Condução";"Colisão com objeto estático";"Sem Vítimas";"Plena Noite";"Decrescente";"Garoa/Chuvisco";"Simples";"Reta";"Sim";1;0;0;0;0;1;0;1;-20,25932046;-42,02298331;"SPRF-MG";"DEL06-MG";"UOP03-DEL06-MG"
303521;2020-08-25;"terça-feira";"08:10:00";"SE";235;5,5;"NOSSA SENHORA DO SOCORRO";"Não guardar distância de segurança";"Colisão traseira";"Sem Vítimas";"Pleno dia";"Decrescente";"Chuva";"Dupla";"Reta";"Não";2;0;0;0;2;0;0;2;-10,9041;-37,1278;"SPRF-SE";"DEL01-SE";"UOP01-DEL01-SE"
303524;2020-08-25;"terça-feira";"07:20:00";"SC";282;501,3;"XANXERE";"Sinalização da via insuficiente ou inadequada";"Colisão transversal";"Com Vítimas Feridas";"Pleno dia";"Crescente";"Céu Claro";"Dupla";"Interseção de Vias";"Sim";2;0;0;1;1;0;1;2;-26,882895;-52,38129;"SPRF-SC";"DEL07-SC";"UOP01-DEL07-SC"
303525;2020-01-14;"terça-feira";"19:40:00";"SC";101;144;"ITAPEMA";"Desobediência às normas de trânsito pelo condutor";"Colisão transversal";"Com Vítimas Feridas";"Plena Noite";"Decrescente";"Céu Claro";"Dupla";"Reta";"Não";10;0;10;0;0;0;10;2;-27,0732659;-48,59672716;"SPRF-SC";"DEL04-SC";"UOP03-DEL04-SC"
303526;2020-08-25;"terça-feira";"07:15:00";"PR";369;164,9;"CAMBE";"Falta de Atenção à Condução";"Colisão com objeto estático";"Com Vítimas Feridas";"Pleno dia";"Crescente";"Céu Claro";"Dupla";"Reta;Aclive";"Sim";1;0;1;0;0;0;1;1;-23,29527727;-51,29345395;"SPRF-PR";"DEL07-PR";"UOP01-DEL07-PR"
303527;2020-08-25;"terça-feira";"07:40:00";"ES";101;71,7;"SAO MATEUS";"Falta de Atenção à Condução";"Colisão traseira";"Sem Vítimas";"Pleno dia";"Crescente";"Céu Claro";"Simples";"Aclive";"Não";2;0;0;0;1;1;0;2;-18,753513;-39,862598;"SPRF-ES";"DEL04-ES";"UOP02-DEL04-ES"
303529;2020-08-25;"terça-feira";"08:35:00";"SC";101;214,3;"PALHOCA";"Desobediência às normas de trânsito pelo condutor";"Colisão lateral";"Com Vítimas Feridas";"Pleno dia";"Crescente";"Céu Claro";"Múltipla";"Reta";"Não";2;0;1;0;1;0;1;2;-27,64443;-48,67057;"SPRF-SC";"DEL01-SC";"UOP02-DEL01-SC"
303531;2020-08-25;"terça-feira";"08:45:00";"SC";101;329;"CAPIVARI DE BAIXO";"Avarias e/ou desgaste excessivo no pneu";"Queda de ocupante de veículo";"Com Vítimas Feridas";"Pleno dia";"Decrescente";"Céu Claro";"Dupla";"Curva";"Sim";1;0;1;0;0;0;1;1;-28,44404822;-48,96611372;"SPRF-SC";"DEL02-SC";"UOP01-DEL02-SC"
303532;2020-08-25;"terça-feira";"09:15:00";"ES";101;151;"LINHARES";"Falta de Atenção à Condução";"Colisão transversal";"Com Vítimas Feridas";"Pleno dia";"Crescente";"Céu Claro";"Simples";"Interseção de Vias";"Não";2;0;1;0;1;0;1;2;-19,41738282;-40,06842613;"SPRF-ES";"DEL04-ES";"UOP01-DEL04-ES"
303535;2020-08-25;"terça-feira";"06:30:00";"RS";293;4,6;"PELOTAS";"Falta de Atenção à Condução";"Colisão transversal";"Com Vítimas Feridas";"Amanhecer";"Crescente";"Céu Claro";"Simples";"Reta";"Não";2;0;1;0;1;0;1;2;-31,73357732;-52,37275615;"SPRF-RS";"DEL07-RS";"UOP01-DEL07-RS"
303536;2020-08-25;"terça-feira";"08:15:00";"RJ";493;59;"DUQUE DE CAXIAS";"Falta de Atenção à Condução";"Tombamento";"Com Vítimas Feridas";"Pleno dia";"Crescente";"Céu Claro";"Dupla";"Reta";"Não";1;0;1;0;0;0;1;1;-22,672089;-43,285053;"SPRF-RJ";"DEL01-RJ";"UOP03-DEL01-RJ"
303537;2020-08-25;"terça-feira";"08:50:00";"SC";101;117;"ITAJAI";"Desobediência às normas de trânsito pelo condutor";"Colisão transversal";"Com Vítimas Feridas";"Pleno dia";"Crescente";"Céu Claro";"Simples";"Interseção de Vias";"Não";3;0;1;0;2;0;1;2;-26,88747187;-48,72252969;"SPRF-SC";"DEL04-SC";"UOP04-DEL04-SC"
303541;2020-08-01;"sábado";"10:50:00";"MG";365;589,9;"ARAGUARI";"Falta de Atenção à Condução";"Colisão traseira";"Com Vítimas Feridas";"Pleno dia";"Decrescente";"Céu Claro";"Simples";"Reta;Aclive";"Não";2;0;1;0;1;0;1;2;-18,867838;-48,021169;"SPRF-MG";"DEL15-MG";"UOP02-DEL15-MG"
303542;2020-08-25;"terça-feira";"09:23:00";"PA";230;114;"MARABA";"Falta de Atenção à Condução";"Engavetamento";"Com Vítimas Feridas";"Pleno dia";"Decrescente";"Céu Claro";"Dupla";"Reta";"Sim";4;0;0;1;3;0;1;3;-5,36098905;-49,08011567;"SPRF-PA";"DEL03-PA";"UOP01-DEL03-PA"
303549;2020-08-25;"terça-feira";"09:30:00";"PE";232;5,2;"RECIFE";"Não guardar distância de segurança";"Colisão traseira";"Com Vítimas Feridas";"Pleno dia";"Decrescente";"Céu Claro";"Simples";"Curva";"Sim";3;0;1;0;2;0;1;2;-8,069222;-34,947712;"SPRF-PE";"DEL01-PE";"UOP01-DEL01-PE"
303551;2020-08-23;"domingo";"02:40:00";"RR";174;211;"RORAINOPOLIS";"Falta de Atenção à Condução";"Colisão frontal";"Com Vítimas Feridas";"Plena Noite";"Crescente";"Nublado";"Simples";"Reta";"Não";3;0;0;2;1;0;2;2;0,936114;-60,426502;"SPRF-RR";"DEL01-RR";"UOP01-DEL01-RR"
303552;2020-08-25;"terça-feira";"09:50:00";"PR";373;173;"PONTA GROSSA";"Não guardar distância de segurança";"Colisão traseira";"Com Vítimas Feridas";"Pleno dia";"Decrescente";"Céu Claro";"Múltipla";"Reta";"Sim";2;0;1;0;1;0;1;2;-25,08139932;-50,19200981;"SPRF-PR";"DEL03-PR";"UOP04-DEL03-PR"
303553;2020-08-25;"terça-feira";"11:00:00";"MG";40;602,2;"CONGONHAS";"Falta de Atenção à Condução";"Colisão transversal";"Sem Vítimas";"Pleno dia";"Crescente";"Céu Claro";"Simples";"Reta";"Não";3;0;0;0;3;0;0;2;-20,43679609;-43,84638106;"SPRF-MG";"DEL05-MG";"UOP02-DEL05-MG"
303554;2020-08-25;"terça-feira";"11:45:00";"SP";116;223,1;"GUARULHOS";"Não guardar distância de segurança";"Colisão lateral";"Com Vítimas Feridas";"Pleno dia";"Crescente";"Céu Claro";"Múltipla";"Reta";"Sim";2;0;1;0;1;0;1;2;-23,47827472;-46,52901303;"SPRF-SP";"DEL01-SP";"UOP01-DEL01-SP"
303555;2020-08-25;"terça-feira";"08:50:00";"MA";135;24;"SAO LUIS";"Desobediência às normas de trânsito pelo condutor";"Colisão frontal";"Com Vítimas Feridas";"Pleno dia";"Decrescente";"Céu Claro";"Dupla";"Reta";"Sim";2;0;1;0;1;0;1;2;-2,53073;-44,3068;"SPRF-MA";"DEL01-MA";"UOP01-DEL01-MA"
303557;2020-08-25;"terça-feira";"12:20:00";"PR";476;158;"ARAUCARIA";"Falta de Atenção à Condução";"Colisão traseira";"Com Vítimas Feridas";"Pleno dia";"Decrescente";"Céu Claro";"Dupla";"Reta";"Não";2;0;1;0;1;0;1;2;-25,613539;-49,424255;"SPRF-PR";"DEL01-PR";"UOP03-DEL01-PR"
303558;2020-08-25;"terça-feira";"08:45:00";"PI";316;8,8;"TERESINA";"Desobediência às normas de trânsito pelo condutor";"Colisão lateral";"Com Vítimas Feridas";"Pleno dia";"Crescente";"Sol";"Múltipla";"Reta";"Não";2;0;0;1;1;0;1;2;-5,16483402;-42,76899508;"SPRF-PI";"DEL01-PI";"UOP02-DEL01-PI"
303562;2020-08-25;"terça-feira";"12:30:00";"CE";116;65;"CHOROZINHO";"Desobediência às normas de trânsito pelo condutor";"Colisão transversal";"Sem Vítimas";"Pleno dia";"Decrescente";"Céu Claro";"Simples";"Retorno Regulamentado";"Sim";2;0;0;0;2;0;0;2;-4,28986706;-38,49688277;"SPRF-CE";"DEL03-CE";"UOP02-DEL03-CE"
303564;2020-08-25;"terça-feira";"12:10:00";"PR";277;118;"CAMPO LARGO";"Desobediência às normas de trânsito pelo condutor";"Colisão transversal";"Com Vítimas Feridas";"Pleno dia";"Decrescente";"Céu Claro";"Simples";"Curva";"Sim";2;0;0;1;1;0;1;2;-25,43106012;-49,42461998;"SPRF-PR";"DEL01-PR";"UOP03-DEL03-PR"
303568;2020-08-25;"terça-feira";"13:20:00";"RS";153;50,7;"ERECHIM";"Falta de Atenção à Condução";"Colisão transversal";"Com Vítimas Feridas";"Pleno dia";"Crescente";"Céu Claro";"Simples";"Rotatória";"Sim";2;0;1;0;1;0;1;2;-27,65623359;-52,27554709;"SPRF-RS";"DEL08-RS";"UOP04-DEL08-RS"
303570;2020-08-25;"terça-feira";"13:30:00";"MG";381;356;"JOAO MONLEVADE";"Falta de Atenção à Condução";"Colisão traseira";"Com Vítimas Feridas";"Pleno dia";"Crescente";"Céu Claro";"Simples";"Reta";"Não";2;0;1;0;1;0;1;2;-19,84765404;-43,20566395;"SPRF-MG";"DEL03-MG";"UOP01-DEL03-MG"
303572;2020-08-25;"terça-feira";"13:40:00";"RN";110;45;"MOSSORO";"Não guardar distância de segurança";"Colisão traseira";"Com Vítimas Feridas";"Pleno dia";"Decrescente";"Céu Claro";"Simples";"Reta";"Sim";2;0;1;0;1;0;1;2;-5,19257993;-37,31114905;"SPRF-RN";"DEL04-RN";"UOP01-DEL04-RN"
303573;2020-08-25;"terça-feira";"09:19:00";"RO";174;13;"VILHENA";"Falta de Atenção à Condução";"Colisão lateral";"Sem Vítimas";"Pleno dia";"Decrescente";"Céu Claro";"Dupla";"Interseção de Vias";"Sim";2;0;0;0;1;1;0;2;-12,74140004;-60,13026401;"SPRF-RO";"DEL04-RO";"UOP01-DEL04-RO"
303574;2020-08-25;"terça-feira";"14:00:00";"PB";230;4;"CABEDELO";"Desobediência às normas de trânsito pelo condutor";"Colisão lateral";"Com Vítimas Feridas";"Pleno dia";"Decrescente";"Céu Claro";"Simples";"Em Obras;Reta";"Sim";2;0;1;0;1;0;1;2;-7,0004;-34,8284;"SPRF-PB";"DEL01-PB";"UOP01-DEL01-PB"
303575;2020-08-23;"domingo";"18:55:00";"SC";470;50;"BLUMENAU";"Sinalização da via insuficiente ou inadequada";"Colisão traseira";"Com Vítimas Feridas";"Plena Noite";"Crescente";"Céu Claro";"Dupla";"Reta";"Não";4;0;1;0;3;0;1;3;-26,859768;-49,074493;"SPRF-SC";"DEL04-SC";"UOP01-DEL04-SC"
303577;2020-08-25;"terça-feira";"13:25:00";"PE";101;178;"JOAQUIM NABUCO";"Defeito Mecânico no Veículo";"Capotamento";"Com Vítimas Feridas";"Pleno dia";"Crescente";"Sol";"Dupla";"Curva";"Não";3;0;2;0;1;0;2;1;-8,62108477;-35,55116105;"SPRF-PE";"DEL01-PE";"UOP03-DEL01-PE"
303578;2020-08-22;"sábado";"06:30:00";"PR";277;591,2;"CASCAVEL";"Falta de Atenção à Condução";"Colisão com objeto estático";"Sem Vítimas";"Amanhecer";"Crescente";"Céu Claro";"Simples";"Reta";"Sim";1;0;0;0;0;1;0;1;-24,98473242;-53,46501885;"SPRF-PR";"DEL04-PR";"UOP01-DEL04-PR"
303580;2020-08-25;"terça-feira";"14:30:00";"MG";381;495;"BETIM";"Falta de Atenção à Condução";"Colisão lateral";"Com Vítimas Feridas";"Pleno dia";"Decrescente";"Céu Claro";"Dupla";"Declive;Reta";"Sim";3;0;1;1;1;0;2;2;-19,97343954;-44,18449044;"SPRF-MG";"DEL01-MG";"UOP03-DEL01-MG"
303582;2020-08-25;"terça-feira";"15:10:00";"SC";101;205;"SAO JOSE";"Não guardar distância de segurança";"Colisão traseira";"Com Vítimas Feridas";"Pleno dia";"Decrescente";"Sol";"Múltipla";"Reta";"Não";2;0;0;1;1;0;1;2;-27,58313237;-48,61532885;"SPRF-SC";"DEL01-SC";"UOP01-DEL01-SC"
303584;2020-08-25;"terça-feira";"14:40:00";"RN";226;4,4;"NATAL";"Desobediência às normas de trânsito pelo condutor";"Colisão transversal";"Com Vítimas Feridas";"Pleno dia";"Crescente";"Céu Claro";"Simples";"Reta";"Sim";2;0;1;0;1;0;1;2;-5,81958019;-35,25969486;"SPRF-RN";"DEL01-RN";"UOP02-DEL01-RN"