"id";"data_inversa";"dia_semana";"horario";"uf";"br";"km";"municipio";"causa_acidente";"tipo_acidente";"classificacao_acidente";"fase_dia";"sentido_via";"condicao_metereologica";"tipo_pista";"tracado_via";"uso_solo";"pessoas";"mortos";"feridos_leves";"feridos_graves";"ilesos";"ignorados";"feridos";"veiculos";"latitude";"longitude";"regional";"delegacia";"uop"
303717;2020-08-26;"quarta-feira";"10:55:00";"BA";324;621;"SALVADOR";"Não guardar distância de segurança";"Colisão traseira";"Com Vítimas Feridas";"Pleno dia";"Crescente";"Céu Claro";"Dupla";"Reta";"Sim";2;0;1;0;1;0;1;2;-12,91233708;-38,45956983;"SPRF-BA";"DEL01-BA";"UOP01-DEL01-BA"
303718;2020-08-26;"quarta-feira";"10:30:00";"RS";290;723;"URUGUAIANA";"Falta de Atenção à Condução";"Tombamento";"Com Vítimas Feridas";"Pleno dia";"Decrescente";"Céu Claro";"Simples";"Reta";"Sim";1;0;1;0;0;0;1;1;-29,74815207;-57,07754731;"SPRF-RS";"DEL13-RS";"UOP01-DEL13-RS"
303720;2020-08-26;"quarta-feira";"07:45:00";"SC";101;107,9;"PENHA";"Agressão Externa";"Colisão lateral";"Com Vítimas Feridas";"Pleno dia";"Crescente";"Sol";"Dupla";"Declive";"Não";1;0;1;0;0;0;1;1;-26,81930608;-48,68390282;"SPRF-SC";"DEL03-SC";"UOP02-DEL03-SC"
303721;2020-08-26;"quarta-feira";"09:20:00";"RJ";116;182,1;"NOVA IGUACU";"Defeito Mecânico no Veículo";"Incêndio";"Sem Vítimas";"Pleno dia";"Decrescente";"Céu Claro";"Múltipla";"Reta";"Sim";1;0;0;0;1;0;0;1;-22,7567755;-43,43107234;"SPRF-RJ";"DEL01-RJ";"UOP02-DEL01-RJ"
303725;2020-08-26;"quarta-feira";"11:20:00";"PR";277;605,7;"SANTA TEREZA DO OESTE";"Velocidade Incompatível";"Colisão traseira";"Sem Vítimas";"Pleno dia";"Decrescente";"Céu Claro";"Simples";"Reta";"Não";3;0;0;0;3;0;0;2;-25,02995138;-53,57946397;"SPRF-PR";"DEL05-PR";"UOP02-DEL05-PR"
303730;2020-08-26;"quarta-feira";"12:20:00";"SP";116;293,9;"ITAPECERICA DA SERRA";"Falta de Atenção à Condução";"Tombamento";"Com Vítimas Feridas";"Pleno dia";"Decrescente";"Céu Claro";"Dupla";"Reta";"Sim";1;0;1;0;0;0;1;1;-23,75393807;-46,90168863;"SPRF-SP";"DEL04-SP";"UOP01-DEL04-SP"
303731;2020-05-02;"sábado";"19:15:00";"PR";369;176,7;"ROLANDIA";"Desobediência às normas de trânsito pelo condutor";"Colisão transversal";"Com Vítimas Feridas";"Plena Noite";"Crescente";"Céu Claro";"Simples";"Reta";"Sim";4;0;0;1;1;2;1;3;-23,33491;-51,38873;"SPRF-PR";"DEL07-PR";"UOP01-DEL07-PR"
303732;2020-08-26;"quarta-feira";"12:05:00";"MS";262;284,8;"RIBAS DO RIO PARDO";"Avarias e/ou desgaste excessivo no pneu";"Queda de ocupante de veículo";"Com Vítimas Feridas";"Pleno dia";"Decrescente";"Vento";"Simples";"Reta";"Não";2;0;2;0;0;0;2;1;-20,48244446;-54,14687491;"SPRF-MS";"DEL01-MS";"UOP01-DEL01-MS"
303734;2020-08-26;"quarta-feira";"08:05:00";"PI";316;308;"PICOS";"Falta de Atenção à Condução";"Colisão com objeto estático";"Com Vítimas Feridas";"Pleno dia";"Crescente";"Céu Claro";"Múltipla";"Reta";"Sim";3;0;2;0;1;0;2;2;-7,07773683;-41,492757;"SPRF-PI";"DEL04-PI";"UOP01-DEL04-PI"
303735;2020-08-26;"quarta-feira";"13:25:00";"SE";101;90;"NOSSA SENHORA DO SOCORRO";"Falta de Atenção do Pedestre";"Atropelamento de Pedestre";"Com Vítimas Feridas";"Pleno dia";"Crescente";"Céu Claro";"Dupla";"Reta";"Não";2;0;1;0;1;0;1;2;-10,88958218;-37,13256719;"SPRF-SE";"DEL01-SE";"UOP01-DEL01-SE"
303736;2020-08-26;"quarta-feira";"12:15:00";"RS";470;181;"VERANOPOLIS";"Falta de Atenção à Condução";"Saída de leito carroçável";"Com Vítimas Feridas";"Pleno dia";"Crescente";"Céu Claro";"Simples";"Curva";"Não";1;0;1;0;0;0;1;1;-28,97313415;-51,56365161;"SPRF-RS";"DEL06-RS";"UOP02-DEL06-RS"
303738;2020-08-26;"quarta-feira";"13:20:00";"PR";369;55,8;"BANDEIRANTES";"Desobediência às normas de trânsito pelo condutor";"Tombamento";"Com Vítimas Feridas";"Pleno dia";"Decrescente";"Céu Claro";"Simples";"Curva";"Sim";2;0;1;0;1;0;1;2;-23,11095267;-50,37352145;"SPRF-PR";"DEL07-PR";"UOP01-DEL07-PR"
303739;2020-06-30;"terça-feira";"20:51:00";"BA";407;4,8;"JUAZEIRO";"Ultrapassagem Indevida";"Colisão frontal";"Com Vítimas Feridas";"Plena Noite";"Crescente";"Céu Claro";"Simples";"Reta";"Sim";2;0;1;0;0;1;1;2;-9,4586713;-40,4914856;"SPRF-PE";"DEL06-PE";"UOP01-DEL06-PE"
303741;2020-08-26;"quarta-feira";"07:50:00";"MA";10;291;"IMPERATRIZ";"Desobediência às normas de trânsito pelo condutor";"Colisão frontal";"Com Vítimas Feridas";"Pleno dia";"Crescente";"Céu Claro";"Simples";"Reta";"Sim";5;0;3;1;1;0;4;3;-5,189614;-47,522278;"SPRF-MA";"DEL04-MA";"UOP01-DEL04-MA"
303742;2020-08-26;"quarta-feira";"11:00:00";"RO";364;426;"JARU";"Falta de Atenção à Condução";"Colisão transversal";"Com Vítimas Feridas";"Pleno dia";"Crescente";"Céu Claro";"Múltipla";"Interseção de Vias";"Sim";2;0;0;1;1;0;1;2;-10,432443;-62,479584;"SPRF-RO";"DEL03-RO";"UOP02-DEL03-RO"
303744;2020-08-26;"quarta-feira";"12:45:00";"SC";101;301,8;"LAGUNA";"Falta de Atenção à Condução";"Tombamento";"Com Vítimas Feridas";"Pleno dia";"Crescente";"Sol";"Dupla";"Reta";"Sim";1;0;1;0;0;0;1;1;-28,34625432;-48,73549064;"SPRF-SC";"DEL02-SC";"UOP03-DEL02-SC"
303746;2020-08-26;"quarta-feira";"13:30:00";"PR";0;0;"FOZ DO IGUACU";"Defeito na Via";"Colisão traseira";"Sem Vítimas";"Pleno dia";"Não Informado";"Céu Claro";"Dupla";"Reta";"Sim";2;0;0;0;2;0;0;2;-25,5061834;-54,58457887;"SPRF-PR";"DEL05-PR";"N/A"
303747;2020-08-26;"quarta-feira";"14:15:00";"RS";386;407,4;"TRIUNFO";"Falta de Atenção à Condução";"Tombamento";"Com Vítimas Feridas";"Pleno dia";"Crescente";"Céu Claro";"Simples";"Reta;Declive";"Não";1;0;1;0;0;0;1;1;-29,789471;-51,539413;"SPRF-RS";"DEL04-RS";"UOP02-DEL04-RS"
303748;2020-08-26;"quarta-feira";"14:20:00";"RJ";101;299;"SAO GONCALO";"Falta de Atenção à Condução";"Tombamento";"Com Vítimas Feridas";"Pleno dia";"Crescente";"Céu Claro";"Dupla";"Reta";"Não";1;0;1;0;0;0;1;1;-22,77432673;-42,93823207;"SPRF-RJ";"DEL02-RJ";"UOP02-DEL02-RJ"
303753;2020-08-26;"quarta-feira";"14:00:00";"SP";116;217,4;"GUARULHOS";"Falta de Atenção à Condução";"Colisão traseira";"Com Vítimas Feridas";"Pleno dia";"Decrescente";"Sol";"Múltipla";"Reta";"Sim";5;0;4;0;1;0;4;2;-23,45423824;-46,47119028;"SPRF-SP";"DEL01-SP";"UOP01-DEL01-SP"
303758;2020-08-26;"quarta-feira";"15:40:00";"MG";50;195;"UBERABA";"Defeito Mecânico no Veículo";"Tombamento";"Com Vítimas Feridas";"Pleno dia";"Decrescente";"Céu Claro";"Dupla";"Reta";"Não";2;0;2;0;0;0;2;1;-19,887439;-47,848374;"SPRF-MG";"DEL13-MG";"UOP01-DEL13-MG"
303759;2020-08-26;"quarta-feira";"16:25:00";"SP";153;72,8;"SAO JOSE DO RIO PRETO";"Animais na Pista";"Tombamento";"Com Vítimas Feridas";"Pleno dia";"Crescente";"Céu Claro";"Dupla";"Rotatória";"Não";1;0;1;0;0;0;1;1;-20,87832505;-49,42189205;"SPRF-SP";"DEL09-SP";"UOP01-DEL09-SP"
303760;2020-08-26;"quarta-feira";"15:40:00";"CE";116;65;"CHOROZINHO";"Falta de Atenção à Condução";"Colisão transversal";"Com Vítimas Feridas";"Pleno dia";"Crescente";"Céu Claro";"Simples";"Interseção de Vias";"Sim";2;0;1;0;1;0;1;2;-4,28986706;-38,49688277;"SPRF-CE";"DEL03-CE";"UOP02-DEL03-CE"
303762;2020-08-26;"quarta-feira";"14:40:00";"MT";163;595;"NOVA MUTUM";"Falta de Atenção à Condução";"Colisão traseira";"Com Vítimas Feridas";"Pleno dia";"Crescente";"Céu Claro";"Dupla";"Reta";"Sim";2;0;1;0;1;0;1;2;-13,84574704;-56,08314514;"SPRF-MT";"DEL01-MT";"UOP01-DEL01-MT"
303763;2020-08-26;"quarta-feira";"16:00:00";"RS";116;263;"CANOAS";"Avarias e/ou desgaste excessivo no pneu";"Queda de ocupante de veículo";"Com Vítimas Feridas";"Pleno dia";"Crescente";"Sol";"Dupla";"Aclive";"Sim";1;0;1;0;0;0;1;1;-29,92642997;-51,17781401;"SPRF-RS";"DEL01-RS";"UOP01-DEL01-RS"
303764;2020-08-26;"quarta-feira";"16:20:00";"CE";116;127;"RUSSAS";"Defeito na Via";"Capotamento";"Com Vítimas Feridas";"Pleno dia";"Crescente";"Céu Claro";"Simples";"Reta";"Não";1;0;1;0;0;0;1;1;-4,67440651;-38,1343744;"SPRF-CE";"DEL03-CE";"UOP01-DEL03-CE"
303765;2020-08-26;"quarta-feira";"16:30:00";"BA";418;87;"NOVA VICOSA";"Ingestão de Álcool";"Colisão frontal";"Sem Vítimas";"Pleno dia";"Crescente";"Céu Claro";"Simples";"Interseção de Vias";"Sim";3;0;0;0;3;0;0;2;-17,892078;-39,81627;"SPRF-BA";"DEL09-BA";"UOP02-DEL09-BA"
303766;2020-08-26;"quarta-feira";"16:40:00";"RN";110;41,7;"MOSSORO";"Não guardar distância de segurança";"Colisão traseira";"Com Vítimas Feridas";"Pleno dia";"Decrescente";"Sol";"Simples";"Reta";"Não";3;0;2;0;1;0;2;2;-5,17639978;-37,27930208;"SPRF-RN";"DEL04-RN";"UOP01-DEL04-RN"
303768;2020-08-26;"quarta-feira";"16:40:00";"PR";476;124;"CURITIBA";"Não guardar distância de segurança";"Colisão lateral";"Com Vítimas Feridas";"Pleno dia";"Decrescente";"Nublado";"Dupla";"Reta";"Sim";2;0;1;0;1;0;1;2;-25,399845;-49,215855;"SPRF-PR";"DEL01-PR";"UOP03-DEL01-PR"
303769;2020-08-26;"quarta-feira";"15:00:00";"RS";290;97;"PORTO ALEGRE";"Avarias e/ou desgaste excessivo no pneu";"Queda de ocupante de veículo";"Com Vítimas Feridas";"Pleno dia";"Decrescente";"Céu Claro";"Dupla";"Reta";"Não";2;0;2;0;0;0;2;1;-29,997789;-51,20779;"SPRF-RS";"DEL01-RS";"UOP01-DEL01-RS"
303771;2020-08-26;"quarta-feira";"17:10:00";"RS";116;245,5;"SAO LEOPOLDO";"Falta de Atenção à Condução";"Colisão lateral";"Com Vítimas Feridas";"Pleno dia";"Decrescente";"Céu Claro";"Dupla";"Reta";"Sim";2;0;1;0;1;0;1;2;-29,75027163;-51,15112251;"SPRF-RS";"DEL01-RS";"UOP02-DEL01-RS"
303772;2020-08-26;"quarta-feira";"17:20:00";"SC";470;58;"BLUMENAU";"Desobediência às normas de trânsito pelo condutor";"Colisão transversal";"Com Vítimas Feridas";"Pleno dia";"Decrescente";"Céu Claro";"Simples";"Interseção de Vias";"Sim";2;0;0;1;1;0;1;2;-26,883879;-49,145622;"SPRF-SC";"DEL04-SC";"UOP01-DEL04-SC"
303774;2020-08-26;"quarta-feira";"16:30:00";"PE";101;49;"ABREU E LIMA";"Ingestão de Álcool";"Colisão traseira";"Sem Vítimas";"Pleno dia";"Decrescente";"Vento";"Múltipla";"Declive";"Sim";3;0;0;0;3;0;0;2;-7,9005152;-34,90180641;"SPRF-PE";"DEL01-PE";"UOP02-DEL01-PE"
303775;2020-08-26;"quarta-feira";"17:50:00";"GO";40;18;"LUZIANIA";"Falta de Atenção à Condução";"Saída de leito carroçável";"Sem Vítimas";"Anoitecer";"Crescente";"Céu Claro";"Dupla";"Reta";"Sim";1;0;0;0;0;1;0;1;-16,19349;-47,925575;"SPRF-DF";"DEL01-DF";"UOP01-DEL01-DF"
303777;2020-08-26;"quarta-feira";"16:55:00";"MG";116;415;"GOVERNADOR VALADARES";"Falta de Atenção à Condução";"Colisão traseira";"Sem Vítimas";"Anoitecer";"Crescente";"Nublado";"Simples";"Ponte";"Sim";2;0;0;0;2;0;0;2;-18,88401297;-41,94924399;"SPRF-MG";"DEL06-MG";"UOP01-DEL06-MG"
303779;2020-08-26;"quarta-feira";"16:00:00";"DF";20;5;"BRASILIA";"Falta de Atenção à Condução";"Tombamento";"Com Vítimas Feridas";"Pleno dia";"Crescente";"Céu Claro";"Dupla";"Reta";"Sim";1;0;0;1;0;0;1;1;-15,67250264;-47,81906605;"SPRF-DF";"DEL02-DF";"UOP01-DEL02-DF"
303781;2020-08-26;"quarta-feira";"18:00:00";"RJ";101;53;"CAMPOS DOS GOYTACAZES";"Restrição de Visibilidade";"Colisão frontal";"Com Vítimas Feridas";"Plena Noite";"Crescente";"Céu Claro";"Simples";"Reta";"Não";5;0;1;1;3;0;2;3;-21,4476381;-41,3431866;"SPRF-RJ";"DEL08-RJ";"UOP01-DEL08-RJ"
303782;2020-08-26;"quarta-feira";"17:00:00";"MG";116;603;"SAO JOAO DO MANHUACU";"Falta de Atenção à Condução";"Colisão transversal";"Com Vítimas Feridas";"Pleno dia";"Decrescente";"Céu Claro";"Simples";"Reta";"Não";2;0;0;1;1;0;1;2;-20,33859109;-42,14727055;"SPRF-MG";"DEL06-MG";"UOP03-DEL06-MG"
303783;2020-08-26;"quarta-feira";"18:20:00";"PE";101;102;"CABO DE SANTO AGOSTINHO";"Ingestão de Álcool";"Colisão frontal";"Com Vítimas Fatais";"Plena Noite";"Decrescente";"Céu Claro";"Simples";"Reta";"Não";3;1;0;0;0;2;0;2;-8,28368856;-35,05795866;"SPRF-PE";"DEL01-PE";"UOP03-DEL01-PE"
303785;2020-08-26;"quarta-feira";"18:30:00";"BA";324;626,8;"SALVADOR";"Desobediência às normas de trânsito pelo pedestre";"Atropelamento de Pedestre";"Com Vítimas Feridas";"Plena Noite";"Crescente";"Céu Claro";"Múltipla";"Curva";"Não";2;0;0;2;0;0;2;2;-12,95020997;-38,47073108;"SPRF-BA";"DEL01-BA";"UOP01-DEL01-BA"
303790;2020-08-26;"quarta-feira";"19:10:00";"MG";40;607,4;"CONGONHAS";"Desobediência às normas de trânsito pelo condutor";"Colisão transversal";"Com Vítimas Feridas";"Plena Noite";"Decrescente";"Céu Claro";"Simples";"Reta;Declive";"Sim";5;0;0;1;4;0;1;2;-20,47579776;-43,84269847;"SPRF-MG";"DEL05-MG";"UOP02-DEL05-MG"
303791;2020-08-26;"quarta-feira";"18:10:00";"SP";116;215,6;"GUARULHOS";"Não guardar distância de segurança";"Colisão traseira";"Com Vítimas Feridas";"Plena Noite";"Decrescente";"Nublado";"Múltipla";"Reta";"Sim";2;0;1;0;1;0;1;2;-23,44695693;-46,45394103;"SPRF-SP";"DEL01-SP";"UOP01-DEL01-SP"
303794;2020-08-26;"quarta-feira";"17:30:00";"MS";262;773,6;"CORUMBA";"Falta de Atenção à Condução";"Colisão transversal";"Com Vítimas Feridas";"Anoitecer";"Decrescente";"Céu Claro";"Simples";"Curva";"Sim";5;0;1;0;4;0;1;2;-19,08285699;-57,62168025;"SPRF-MS";"DEL03-MS";"UOP03-DEL03-MS"
303798;2020-08-26;"quarta-feira";"19:00:00";"RS";158;540,5;"SANTANA DO LIVRAMENTO";"Animais na Pista";"Atropelamento de Animal";"Sem Vítimas";"Plena Noite";"Crescente";"Nublado";"Simples";"Reta";"Não";4;0;0;0;4;0;0;2;-30,80563227;-55,26709646;"SPRF-RS";"DEL11-RS";"UOP01-DEL11-RS"
303799;2020-08-26;"quarta-feira";"17:00:00";"RJ";101;323;"NITEROI";"Não guardar distância de segurança";"Colisão traseira";"Com Vítimas Feridas";"Anoitecer";"Crescente";"Céu Claro";"Dupla";"Reta";"Sim";4;0;1;0;3;0;1;2;-22,87684786;-43,11728689;"SPRF-RJ";"DEL02-RJ";"UOP02-DEL02-RJ"
303801;2020-08-26;"quarta-feira";"19:20:00";"SP";116;230;"SAO PAULO";"Falta de Atenção à Condução";"Colisão lateral";"Com Vítimas Feridas";"Plena Noite";"Decrescente";"Céu Claro";"Dupla";"Reta";"Não";2;0;1;0;1;0;1;2;-23,52251783;-46,5855702;"SPRF-SP";"DEL01-SP";"UOP01-DEL01-SP"
303802;2020-08-26;"quarta-feira";"12:40:00";"ES";101;150;"LINHARES";"Falta de Atenção à Condução";"Tombamento";"Com Vítimas Feridas";"Pleno dia";"Decrescente";"Céu Claro";"Dupla";"Curva";"Sim";2;0;1;0;0;1;1;2;-19,39619083;-40,06435871;"SPRF-ES";"DEL04-ES";"UOP01-DEL04-ES"
303804;2020-08-26;"quarta-feira";"17:42:00";"MT";174;1;"PONTES E LACERDA";"Velocidade Incompatível";"Saída de leito carroçável";"Com Vítimas Feridas";"Anoitecer";"Decrescente";"Céu Claro";"Simples";"Reta";"Sim";3;0;0;1;0;2;1;2;-15,24918;-59,32333;"SPRF-MT";"DEL04-MT";"UOP01-DEL04-MT"
303806;2020-08-26;"quarta-feira";"19:00:00";"MG";116;594,8;"MANHUACU";"Ultrapassagem Indevida";"Colisão frontal";"Com Vítimas Feridas";"Plena Noite";"Crescente";"Céu Claro";"Simples";"Reta";"Não";7;0;0;2;5;0;2;2;-20,286913;-42,14642798;"SPRF-MG";"DEL06-MG";"UOP03-DEL06-MG"
303808;2020-08-26;"quarta-feira";"18:20:00";"SC";470;4;"NAVEGANTES";"Falta de Atenção à Condução";"Atropelamento de Pedestre";"Com Vítimas Feridas";"Plena Noite";"Decrescente";"Nublado";"Dupla";"Reta";"Não";2;0;2;0;0;0;2;2;-26,858473;-48,690788;"SPRF-SC";"DEL04-SC";"UOP04-DEL04-SC"
303818;2020-08-26;"quarta-feira";"21:50:00";"ES";101;277,5;"SERRA";"Falta de Atenção à Condução";"Tombamento";"Com Vítimas Feridas";"Plena Noite";"Crescente";"Céu Claro";"Dupla";"Curva";"Sim";1;0;0;1;0;0;1;1;-20,21307738;-40,32125972;"SPRF-ES";"DEL02-ES";"UOP01-DEL02-ES"
303819;2020-08-26;"quarta-feira";"21:30:00";"PR";369;42,5;"ANDIRA";"Restrição de Visibilidade";"Atropelamento de Pedestre";"Com Vítimas Feridas";"Plena Noite";"Decrescente";"Céu Claro";"Simples";"Reta";"Não";2;0;1;0;1;0;1;2;-23,078;-50,271;"SPRF-PR";"DEL07-PR";"UOP01-DEL07-PR"
303820;2020-08-26;"quarta-feira";"18:30:00";"BA";418;86;"NOVA VICOSA";"Falta de Atenção à Condução";"Colisão frontal";"Com Vítimas Feridas";"Anoitecer";"Decrescente";"Céu Claro";"Simples";"Reta";"Sim";2;0;1;0;1;0;1;2;-17,89416138;-39,80761893;"SPRF-BA";"DEL09-BA";"UOP02-DEL09-BA"
303821;2020-08-26;"quarta-feira";"19:00:00";"SC";280;24;"ARAQUARI";"Ingestão de Álcool";"Atropelamento de Pedestre";"Com Vítimas Feridas";"Plena Noite";"Decrescente";"Céu Claro";"Simples";"Reta";"Sim";2;0;0;1;1;0;1;2;-26,377968;-48,720332;"SPRF-SC";"DEL03-SC";"UOP03-DEL03-SC"
303822;2020-08-26;"quarta-feira";"22:00:00";"MA";10;155;"PORTO FRANCO";"Animais na Pista";"Atropelamento de Animal";"Com Vítimas Feridas";"Plena Noite";"Decrescente";"Céu Claro";"Simples";"Reta";"Sim";1;0;1;0;0;0;1;1;-6,364955;-47,378895;"SPRF-MA";"DEL04-MA";"UOP02-DEL04-MA"
303823;2020-08-26;"quarta-feira";"19:00:00";"SC";280;14,6;"SAO FRANCISCO DO SUL";"Falta de Atenção à Condução";"Colisão transversal";"Com Vítimas Fatais";"Plena Noite";"Crescente";"Nublado";"Simples";"Reta";"Sim";5;1;0;1;2;1;1;4;-26,3301861;-48,65148076;"SPRF-SC";"DEL03-SC";"UOP03-DEL03-SC"
303824;2020-08-26;"quarta-feira";"22:50:00";"GO";70;9;"AGUAS LINDAS DE GOIAS";"Ingestão de Álcool";"Colisão com objeto estático";"Sem Vítimas";"Plena Noite";"Decrescente";"Nublado";"Dupla";"Reta";"Sim";3;0;0;0;3;0;0;1;-15,73576731;-48,28288046;"SPRF-DF";"DEL03-DF";"UOP02-DEL03-DF"
303826;2020-08-26;"quarta-feira";"23:00:00";"ES";101;37;"CONCEICAO DA BARRA";"Falta de Atenção à Condução";"Colisão com objeto estático";"Com Vítimas Feridas";"Plena Noite";"Crescente";"Céu Claro";"Simples";"Rotatória";"Não";1;0;1;0;0;0;1;1;-18,47332967;-39,92661186;"SPRF-ES";"DEL04-ES";"UOP02-DEL04-ES"
303827;2020-08-27;"quinta-feira";"00:10:00";"PI";316;311;"PICOS";"Desobediência às normas de trânsito pelo condutor";"Colisão transversal";"Com Vítimas Feridas";"Plena Noite";"Crescente";"Céu Claro";"Múltipla";"Reta";"Sim";2;0;0;1;1;0;1;2;-7,076331;-41,46596;"SPRF-PI";"DEL04-PI";"UOP01-DEL04-PI"
303828;2020-08-27;"quinta-feira";"00:05:00";"MG";40;498,4;"ESMERALDAS";"Ingestão de Álcool";"Tombamento";"Com Vítimas Feridas";"Plena Noite";"Crescente";"Céu Claro";"Dupla";"Retorno Regulamentado";"Não";1;0;1;0;0;0;1;1;-19,687336;-44,18064;"SPRF-MG";"DEL02-MG";"UOP01-DEL02-MG"
303829;2020-08-26;"quarta-feira";"22:19:00";"BA";324;389,5;"GAVIAO";"Falta de Atenção à Condução";"Queda de ocupante de veículo";"Com Vítimas Feridas";"Plena Noite";"Decrescente";"Céu Claro";"Simples";"Reta";"Não";1;0;0;1;0;0;1;1;-11,51234936;-39,73008433;"SPRF-BA";"DEL04-BA";"UOP02-DEL04-BA"
303830;2020-08-27;"quinta-feira";"00:10:00";"MS";163;479;"CAMPO GRANDE";"Animais na Pista";"Atropelamento de Animal";"Com Vítimas Feridas";"Plena Noite";"Crescente";"Vento";"Simples";"Reta";"Sim";1;0;1;0;0;0;1;1;-20,487322;-54,55929095;"SPRF-MS";"DEL01-MS";"UOP01-DEL01-MS"
303834;2020-08-27;"quinta-feira";"00:00:00";"SP";116;500;"CAJATI";"Falta de Atenção à Condução";"Colisão com objeto estático";"Com Vítimas Feridas";"Plena Noite";"Crescente";"Céu Claro";"Dupla";"Reta";"Não";4;0;2;0;2;0;2;1;-24,78162109;-48,18342711;"SPRF-SP";"DEL05-SP";"UOP02-DEL05-SP"
303836;2020-08-27;"quinta-feira";"03:45:00";"MG";381;656,5;"SANTO ANTONIO DO AMPARO";"Animais na Pista";"Atropelamento de Animal";"Com Vítimas Fatais";"Plena Noite";"Crescente";"Céu Claro";"Dupla";"Curva;Declive";"Não";5;1;3;0;1;0;3;1;-21,00645107;-44,97543296;"SPRF-MG";"DEL04-MG";"UOP02-DEL04-MG"
303837;2020-08-27;"quinta-feira";"00:30:00";"SP";459;20;"PIQUETE";"Falta de Atenção à Condução";"Tombamento";"Com Vítimas Feridas";"Plena Noite";"Decrescente";"Nublado";"Simples";"Curva";"Não";1;0;0;1;0;0;1;1;-22,646566;-45,144917;"SPRF-SP";"DEL08-SP";"UOP01-DEL08-SP"
303838;2020-08-27;"quinta-feira";"03:00:00";"SP";116;148,4;"SAO JOSE DOS CAMPOS";"Ingestão de Álcool";"Colisão com objeto estático";"Sem Vítimas";"Plena Noite";"Crescente";"Céu Claro";"Múltipla";"Reta";"Não";1;0;0;0;1;0;0;1;-23,20067421;-45,8795018;"SPRF-SP";"DEL02-SP";"UOP01-DEL02-SP"
303841;2020-08-27;"quinta-feira";"06:00:00";"RJ";116;121;"MAGE";"Animais na Pista";"Atropelamento de Animal";"Com Vítimas Feridas";"Pleno dia";"Crescente";"Céu Claro";"Dupla";"Reta";"Sim";1;0;1;0;0;0;1;1;-22,62881711;-43,04922889;"SPRF-RJ";"DEL04-RJ";"UOP02-DEL04-RJ"
303844;2020-08-27;"quinta-feira";"07:15:00";"SC";282;17,9;"PALHOCA";"Desobediência às normas de trânsito pelo condutor";"Colisão lateral";"Com Vítimas Feridas";"Pleno dia";"Decrescente";"Céu Claro";"Simples";"Reta";"Sim";3;0;0;2;1;0;2;2;-27,665707;-48,688065;"SPRF-SC";"DEL01-SC";"UOP02-DEL01-SC"
303846;2020-08-27;"quinta-feira";"07:00:00";"PE";101;156;"RIBEIRAO";"Desobediência às normas de trânsito pelo condutor";"Colisão traseira";"Com Vítimas Feridas";"Pleno dia";"Decrescente";"Céu Claro";"Dupla";"Reta;Interseção de Vias";"Não";2;0;1;0;1;0;1;2;-8,54597711;-35,39140871;"SPRF-PE";"DEL01-PE";"UOP03-DEL01-PE"
303847;2020-08-26;"quarta-feira";"23:15:00";"RJ";116;183;"NOVA IGUACU";"Desobediência às normas de trânsito pelo condutor";"Colisão com objeto estático";"Sem Vítimas";"Plena Noite";"Crescente";"Céu Claro";"Múltipla";"Reta";"Sim";1;0;0;0;0;1;0;1;-22,7516014;-43,43849831;"SPRF-RJ";"DEL01-RJ";"UOP02-DEL01-RJ"
303849;2020-08-27;"quinta-feira";"07:05:00";"RS";386;350,6;"ESTRELA";"Falta de Atenção do Pedestre";"Atropelamento de Pedestre";"Com Vítimas Feridas";"Pleno dia";"Crescente";"Nublado";"Dupla";"Reta";"Sim";2;0;1;0;1;0;1;2;-29,4743;-51,952923;"SPRF-RS";"DEL04-RS";"UOP02-DEL04-RS"
303850;2020-08-27;"quinta-feira";"05:35:00";"RR";432;200;"CANTA";"Animais na Pista";"Atropelamento de Animal";"Com Vítimas Feridas";"Amanhecer";"Decrescente";"Nublado";"Simples";"Reta";"Não";2;0;1;1;0;0;2;1;2,6847297;-60,60123437;"SPRF-RR";"DEL01-RR";"UOP01-DEL01-RR"
303851;2020-08-27;"quinta-feira";"07:30:00";"PA";163;1002;"SANTAREM";"Falta de Atenção à Condução";"Tombamento";"Com Vítimas Feridas";"Pleno dia";"Decrescente";"Céu Claro";"Simples";"Reta";"Sim";1;0;1;0;0;0;1;1;-2,45567004;-54,72854541;"SPRF-PA";"DEL05-PA";"UOP01-DEL05-PA"
303854;2020-08-27;"quinta-feira";"08:20:00";"ES";101;267;"SERRA";"Falta de Atenção à Condução";"Colisão traseira";"Com Vítimas Feridas";"Pleno dia";"Crescente";"Nublado";"Múltipla";"Reta";"Sim";2;0;1;0;1;0;1;2;-20,19930999;-40,26884609;"SPRF-ES";"DEL02-ES";"UOP01-DEL02-ES"
303855;2020-08-27;"quinta-feira";"07:55:00";"PR";277;3,5;"PARANAGUA";"Velocidade Incompatível";"Colisão traseira";"Com Vítimas Feridas";"Pleno dia";"Crescente";"Céu Claro";"Dupla";"Reta";"Sim";4;0;0;1;3;0;1;4;-25,568198;-48,615292;"SPRF-PR";"DEL01-PR";"UOP05-DEL01-PR"
303857;2020-08-27;"quinta-feira";"07:10:00";"PR";116;17;"CURITIBA";"Não guardar distância de segurança";"Colisão lateral";"Com Vítimas Feridas";"Pleno dia";"Decrescente";"Nevoeiro/Neblina";"Dupla";"Reta";"Sim";2;0;1;0;1;0;1;2;-25,38906823;-49,18942943;"SPRF-PR";"DEL01-PR";"UOP02-DEL01-PR"