"id";"data_inversa";"dia_semana";"horario";"uf";"br";"km";"municipio";"causa_acidente";"tipo_acidente";"classificacao_acidente";"fase_dia";"sentido_via";"condicao_metereologica";"tipo_pista";"tracado_via";"uso_solo";"pessoas";"mortos";"feridos_leves";"feridos_graves";"ilesos";"ignorados";"feridos";"veiculos";"latitude";"longitude";"regional";"delegacia";"uop"
303861;2020-08-26;"quarta-feira";"21:30:00";"AC";364;136;"RIO BRANCO";"Defeito Mecânico no Veículo";"Incêndio";"Sem Vítimas";"Plena Noite";"Crescente";"Céu Claro";"Dupla";"Reta";"Sim";2;0;0;0;2;0;0;1;-9,977578;-67,8489;"SPRF-AC";"DEL01-AC";"UOP01-DEL01-AC"
303863;2020-08-27;"quinta-feira";"07:00:00";"PR";376;596;"CURITIBA";"Falta de Atenção à Condução";"Saída de leito carroçável";"Sem Vítimas";"Pleno dia";"Decrescente";"Nublado";"Dupla";"Reta";"Sim";1;0;0;0;0;1;0;1;-25,50194708;-49,3415524;"SPRF-PR";"DEL01-PR";"UOP01-DEL01-PR"
303864;2020-07-23;"quinta-feira";"06:00:00";"SC";282;305;"VARGEM";"Velocidade Incompatível";"Saída de leito carroçável";"Com Vítimas Feridas";"Amanhecer";"Crescente";"Nublado";"Simples";"Curva";"Não";1;0;1;0;0;0;1;1;-27,500679;-50,949047;"SPRF-SC";"DEL07-SC";"UOP06-DEL07-SC"
303865;2020-08-27;"quinta-feira";"06:30:00";"MG";40;508;"RIBEIRAO DAS NEVES";"Falta de Atenção à Condução";"Colisão traseira";"Com Vítimas Feridas";"Pleno dia";"Crescente";"Céu Claro";"Dupla";"Retorno Regulamentado";"Sim";2;0;1;0;1;0;1;2;-19,76061249;-44,1347544;"SPRF-MG";"DEL02-MG";"UOP01-DEL02-MG"
303867;2020-08-27;"quinta-feira";"09:20:00";"SP";116;211,8;"GUARULHOS";"Falta de Atenção à Condução";"Colisão traseira";"Com Vítimas Feridas";"Pleno dia";"Crescente";"Sol";"Múltipla";"Reta";"Não";3;0;2;0;1;0;2;2;-23,4324306;-46,4194352;"SPRF-SP";"DEL01-SP";"UOP01-DEL01-SP"
303868;2020-08-27;"quinta-feira";"07:30:00";"ES";262;158;"IBATIBA";"Velocidade Incompatível";"Colisão frontal";"Com Vítimas Feridas";"Pleno dia";"Crescente";"Nublado";"Simples";"Curva;Declive";"Sim";3;0;0;2;1;0;2;2;-20,2305956;-41,49878567;"SPRF-ES";"DEL01-ES";"UOP02-DEL01-ES"
303869;2020-08-27;"quinta-feira";"08:00:00";"RJ";40;119;"DUQUE DE CAXIAS";"Não guardar distância de segurança";"Tombamento";"Com Vítimas Feridas";"Pleno dia";"Crescente";"Céu Claro";"Múltipla";"Reta";"Não";1;0;1;0;0;0;1;1;-22,76375592;-43,28683062;"SPRF-RJ";"DEL01-RJ";"UOP01-DEL01-RJ"
303872;2020-08-27;"quinta-feira";"09:35:00";"DF";80;16;"BRASILIA";"Falta de Atenção à Condução";"Engavetamento";"Com Vítimas Feridas";"Pleno dia";"Decrescente";"Céu Claro";"Simples";"Reta";"Não";4;0;1;0;3;0;1;4;-15,701065;-48,202263;"SPRF-DF";"DEL03-DF";"UOP02-DEL03-DF"
303875;2020-08-27;"quinta-feira";"09:55:00";"BA";407;6;"JUAZEIRO";"Falta de Atenção à Condução";"Queda de ocupante de veículo";"Com Vítimas Feridas";"Pleno dia";"Decrescente";"Céu Claro";"Simples";"Reta";"Sim";1;0;0;1;0;0;1;1;-9,45595491;-40,48655981;"SPRF-PE";"DEL06-PE";"UOP01-DEL06-PE"
303876;2020-08-27;"quinta-feira";"10:30:00";"PR";163;86,8;"CAPANEMA";"Desobediência às normas de trânsito pelo condutor";"Colisão transversal";"Com Vítimas Feridas";"Pleno dia";"Crescente";"Céu Claro";"Simples";"Reta";"Sim";2;0;1;0;1;0;1;2;-25,716186;-53,77784798;"SPRF-PR";"DEL02-PR";"UOP02-DEL02-PR"
303878;2020-08-27;"quinta-feira";"11:03:00";"SP";153;256,2;"MARILIA";"Falta de Atenção à Condução";"Colisão traseira";"Sem Vítimas";"Pleno dia";"Crescente";"Céu Claro";"Dupla";"Reta";"Sim";3;0;0;0;3;0;0;2;-22,23689524;-49,91939086;"SPRF-SP";"DEL07-SP";"UOP02-DEL07-SP"
303879;2020-08-27;"quinta-feira";"11:00:00";"PE";101;87,1;"JABOATAO DOS GUARARAPES";"Desobediência às normas de trânsito pelo condutor";"Colisão lateral";"Com Vítimas Feridas";"Pleno dia";"Decrescente";"Sol";"Simples";"Reta";"Sim";3;0;0;1;2;0;1;3;-8,19120206;-34,97449985;"SPRF-PE";"DEL01-PE";"UOP03-DEL01-PE"
303882;2020-08-27;"quinta-feira";"11:15:00";"RS";290;448;"SAO GABRIEL";"Velocidade Incompatível";"Saída de leito carroçável";"Com Vítimas Feridas";"Pleno dia";"Crescente";"Chuva";"Simples";"Curva";"Não";3;0;3;0;0;0;3;1;-30,246874;-54,597851;"SPRF-RS";"DEL11-RS";"UOP02-DEL11-RS"
303883;2020-08-27;"quinta-feira";"11:00:00";"DF";60;4;"BRASILIA";"Falta de Atenção à Condução";"Colisão traseira";"Com Vítimas Feridas";"Pleno dia";"Decrescente";"Céu Claro";"Dupla";"Reta";"Sim";2;0;1;0;1;0;1;2;-15,892721;-48,095741;"SPRF-DF";"DEL03-DF";"UOP01-DEL03-DF"
303887;2020-08-19;"quarta-feira";"06:30:00";"MS";158;245,3;"TRES LAGOAS";"Velocidade Incompatível";"Saída de leito carroçável";"Com Vítimas Feridas";"Amanhecer";"Decrescente";"Céu Claro";"Simples";"Curva";"Não";4;0;3;0;0;1;3;2;-20,63767667;-51,75018407;"SPRF-MS";"DEL07-MS";"UOP01-DEL07-MS"
303888;2020-08-25;"terça-feira";"11:00:00";"SC";470;43,5;"GASPAR";"Objeto estático sobre o leito carroçável";"Tombamento";"Com Vítimas Feridas";"Pleno dia";"Crescente";"Sol";"Simples";"Reta";"Não";1;0;1;0;0;0;1;1;-26,874519;-49,013454;"SPRF-SC";"DEL04-SC";"UOP01-DEL04-SC"
303889;2020-08-27;"quinta-feira";"12:20:00";"ES";101;274;"SERRA";"Defeito Mecânico no Veículo";"Tombamento";"Com Vítimas Feridas";"Pleno dia";"Decrescente";"Nublado";"Dupla";"Reta";"Sim";1;0;1;0;0;0;1;1;-20,21288515;-40,29612219;"SPRF-ES";"DEL02-ES";"UOP01-DEL02-ES"
303891;2020-08-21;"sexta-feira";"20:25:00";"SC";470;51;"BLUMENAU";"Falta de Atenção à Condução";"Colisão traseira";"Sem Vítimas";"Plena Noite";"Crescente";"Céu Claro";"Simples";"Reta";"Sim";2;0;0;0;2;0;0;2;-26,862339;-49,084038;"SPRF-SC";"DEL04-SC";"UOP01-DEL04-SC"
303892;2020-08-27;"quinta-feira";"09:30:00";"RJ";495;15;"PETROPOLIS";"Velocidade Incompatível";"Saída de leito carroçável";"Com Vítimas Feridas";"Pleno dia";"Crescente";"Céu Claro";"Simples";"Curva";"Não";1;0;1;0;0;0;1;1;-22,418934;-43,05574;"SPRF-RJ";"DEL06-RJ";"UOP01-DEL06-RJ"
303893;2020-08-27;"quinta-feira";"11:30:00";"GO";50;247;"CATALAO";"Falta de Atenção à Condução";"Saída de leito carroçável";"Com Vítimas Feridas";"Pleno dia";"Crescente";"Céu Claro";"Dupla";"Reta";"Não";1;0;1;0;0;0;1;1;-17,9433;-47,7873;"SPRF-GO";"DEL06-GO";"UOP01-DEL06-GO"
303895;2020-08-27;"quinta-feira";"12:00:00";"MS";463;98,7;"PONTA PORA";"Falta de Atenção à Condução";"Saída de leito carroçável";"Com Vítimas Feridas";"Pleno dia";"Crescente";"Céu Claro";"Simples";"Reta";"Não";2;0;2;0;0;0;2;1;-22,61522362;-55,5968021;"SPRF-MS";"DEL04-MS";"UOP03-DEL04-MS"
303896;2020-08-27;"quinta-feira";"11:10:00";"PR";153;41;"SANTO ANTONIO DA PLATINA";"Falta de Atenção à Condução";"Colisão transversal";"Com Vítimas Feridas";"Pleno dia";"Crescente";"Céu Claro";"Simples";"Reta";"Sim";2;0;1;0;1;0;1;2;-23,287931;-50,059216;"SPRF-PR";"DEL07-PR";"UOP04-DEL07-PR"
303897;2020-08-27;"quinta-feira";"08:30:00";"PR";153;109;"IBAITI";"Desobediência às normas de trânsito pelo condutor";"Colisão traseira";"Com Vítimas Feridas";"Pleno dia";"Decrescente";"Céu Claro";"Simples";"Curva";"Sim";2;0;2;0;0;0;2;2;-23,84682092;-50,19305065;"SPRF-PR";"DEL07-PR";"UOP04-DEL07-PR"
303900;2020-08-27;"quinta-feira";"13:00:00";"PR";376;594;"CURITIBA";"Falta de Atenção à Condução";"Saída de leito carroçável";"Com Vítimas Feridas";"Pleno dia";"Crescente";"Céu Claro";"Dupla";"Reta";"Sim";1;0;0;1;0;0;1;1;-25,48479613;-49,34730331;"SPRF-PR";"DEL01-PR";"UOP01-DEL01-PR"
303902;2020-08-27;"quinta-feira";"07:35:00";"RJ";101;315;"NITEROI";"Falta de Atenção à Condução";"Engavetamento";"Com Vítimas Feridas";"Pleno dia";"Crescente";"Céu Claro";"Dupla";"Reta";"Sim";5;0;2;0;3;0;2;3;-22,82262092;-43,08460805;"SPRF-RJ";"DEL02-RJ";"UOP02-DEL02-RJ"
303906;2020-07-11;"sábado";"20:00:00";"RO";364;590;"ITAPUA DO OESTE";"Animais na Pista";"Atropelamento de Animal";"Com Vítimas Feridas";"Plena Noite";"Crescente";"Céu Claro";"Simples";"Reta";"Não";1;0;0;1;0;0;1;1;-9,30997104;-63,14881615;"SPRF-RO";"DEL01-RO";"UOP04-DEL01-RO"
303910;2020-08-27;"quinta-feira";"14:00:00";"MT";163;813;"SINOP";"Defeito Mecânico no Veículo";"Saída de leito carroçável";"Sem Vítimas";"Pleno dia";"Crescente";"Céu Claro";"Simples";"Reta";"Não";1;0;0;0;1;0;0;1;-12,18052509;-55,52606686;"SPRF-MT";"DEL06-MT";"UOP01-DEL06-MT"
303911;2020-08-27;"quinta-feira";"15:00:00";"RS";116;152,1;"CAXIAS DO SUL";"Defeito Mecânico no Veículo";"Tombamento";"Com Vítimas Feridas";"Pleno dia";"Crescente";"Céu Claro";"Simples";"Curva";"Sim";1;0;1;0;0;0;1;1;-29,1829343;-51,16801501;"SPRF-RS";"DEL05-RS";"UOP01-DEL05-RS"
303913;2020-08-27;"quinta-feira";"11:20:00";"MS";267;511;"JARDIM";"Animais na Pista";"Atropelamento de Animal";"Sem Vítimas";"Pleno dia";"Crescente";"Céu Claro";"Simples";"Reta";"Não";2;0;0;0;2;0;0;1;-21,47721159;-56,40109215;"SPRF-MS";"DEL05-MS";"UOP01-DEL05-MS"
303914;2020-08-27;"quinta-feira";"15:10:00";"ES";259;52;"COLATINA";"Pista Escorregadia";"Tombamento";"Com Vítimas Feridas";"Pleno dia";"Crescente";"Sol";"Simples";"Reta";"Sim";2;0;1;0;0;1;1;1;-19,50223983;-40,62081603;"SPRF-ES";"DEL02-ES";"UOP01-DEL02-ES"
303915;2020-08-27;"quinta-feira";"15:35:00";"ES";101;144,4;"LINHARES";"Falta de Atenção à Condução";"Capotamento";"Sem Vítimas";"Pleno dia";"Decrescente";"Nublado";"Simples";"Reta";"Sim";1;0;0;0;1;0;0;1;-19,35188295;-40,0636685;"SPRF-ES";"DEL04-ES";"UOP01-DEL04-ES"
303917;2020-08-27;"quinta-feira";"16:40:00";"SP";116;225;"GUARULHOS";"Deficiência ou não Acionamento do Sistema de Iluminação/Sinalização do Veículo";"Colisão traseira";"Com Vítimas Feridas";"Pleno dia";"Decrescente";"Sol";"Múltipla";"Reta";"Não";2;0;1;0;1;0;1;2;-23,48586772;-46,54075317;"SPRF-SP";"DEL01-SP";"UOP01-DEL01-SP"
303919;2020-08-27;"quinta-feira";"14:45:00";"MA";135;4;"SAO LUIS";"Falta de Atenção à Condução";"Colisão transversal";"Com Vítimas Feridas";"Pleno dia";"Crescente";"Sol";"Dupla";"Reta";"Sim";2;0;1;0;1;0;1;2;-2,61424881;-44,25257023;"SPRF-MA";"DEL01-MA";"UOP01-DEL01-MA"
303924;2020-08-27;"quinta-feira";"16:25:00";"PE";101;69,3;"RECIFE";"Falta de Atenção à Condução";"Tombamento";"Com Vítimas Feridas";"Pleno dia";"Decrescente";"Céu Claro";"Dupla";"Reta";"Sim";1;0;1;0;0;0;1;1;-8,05951606;-34,94581024;"SPRF-PE";"DEL01-PE";"UOP01-DEL01-PE"
303925;2020-06-14;"domingo";"23:00:00";"SC";470;91,9;"APIUNA";"Desobediência às normas de trânsito pelo condutor";"Colisão transversal";"Com Vítimas Fatais";"Plena Noite";"Crescente";"Céu Claro";"Simples";"Reta";"Sim";3;2;0;1;0;0;1;2;-26,986693;-49,37347;"SPRF-SC";"DEL04-SC";"UOP01-DEL04-SC"
303927;2020-08-27;"quinta-feira";"16:40:00";"SP";116;223;"GUARULHOS";"Falta de Atenção à Condução";"Colisão traseira";"Com Vítimas Feridas";"Pleno dia";"Decrescente";"Nublado";"Múltipla";"Reta";"Não";2;0;1;0;1;0;1;2;-23,47559815;-46,5246609;"SPRF-SP";"DEL01-SP";"UOP01-DEL01-SP"
303930;2020-06-28;"domingo";"13:20:00";"PR";476;130;"CURITIBA";"Falta de Atenção à Condução";"Colisão lateral";"Com Vítimas Feridas";"Pleno dia";"Decrescente";"Nublado";"Dupla";"Reta";"Sim";3;0;0;2;1;0;2;2;-25,449564;-49,236427;"SPRF-PR";"DEL01-PR";"UOP07-DEL01-PR"
303932;2020-03-27;"sexta-feira";"06:40:00";"SP";116;320;"JUQUITIBA";"Condutor Dormindo";"Capotamento";"Sem Vítimas";"Pleno dia";"Decrescente";"Nevoeiro/Neblina";"Dupla";"Reta";"Não";1;0;0;0;1;0;0;1;-23,93226;-47,00835;"SPRF-SP";"DEL04-SP";"UOP01-DEL04-SP"
303933;2020-08-27;"quinta-feira";"16:45:00";"RN";304;43,4;"MOSSORO";"Falta de Atenção à Condução";"Colisão lateral";"Com Vítimas Feridas";"Pleno dia";"Crescente";"Céu Claro";"Dupla";"Ponte";"Não";5;0;1;0;4;0;1;2;-5,21971433;-37,36299992;"SPRF-RN";"DEL04-RN";"UOP01-DEL04-RN"
303935;2020-08-27;"quinta-feira";"17:00:00";"GO";153;612,9;"MORRINHOS";"Defeito Mecânico no Veículo";"Saída de leito carroçável";"Com Vítimas Feridas";"Pleno dia";"Crescente";"Céu Claro";"Dupla";"Reta";"Não";1;0;0;1;0;0;1;1;-17,6523;-49,1712;"SPRF-GO";"DEL03-GO";"UOP01-DEL03-GO"
303937;2020-08-27;"quinta-feira";"18:00:00";"RN";101;85,9;"NATAL";"Desobediência às normas de trânsito pelo condutor";"Colisão traseira";"Com Vítimas Feridas";"Plena Noite";"Decrescente";"Céu Claro";"Dupla";"Ponte";"Sim";2;0;0;1;0;1;1;2;-5,78393727;-35,24680138;"SPRF-RN";"DEL02-RN";"UOP01-DEL02-RN"
303943;2020-08-27;"quinta-feira";"18:15:00";"PR";476;140,8;"CURITIBA";"Não guardar distância de segurança";"Colisão lateral";"Com Vítimas Feridas";"Plena Noite";"Crescente";"Céu Claro";"Dupla";"Reta";"Sim";2;0;0;1;1;0;1;2;-25,520693;-49,294121;"SPRF-PR";"DEL01-PR";"UOP03-DEL01-PR"
303944;2020-08-27;"quinta-feira";"18:28:00";"PA";230;113;"MARABA";"Não guardar distância de segurança";"Colisão traseira";"Com Vítimas Feridas";"Anoitecer";"Crescente";"Céu Claro";"Simples";"Reta";"Sim";2;0;0;1;1;0;1;2;-5,36689576;-49,05750094;"SPRF-PA";"DEL03-PA";"UOP01-DEL03-PA"
303947;2020-08-27;"quinta-feira";"18:30:00";"MG";40;760,9;"JUIZ DE FORA";"Falta de Atenção à Condução";"Colisão transversal";"Com Vítimas Feridas";"Plena Noite";"Decrescente";"Céu Claro";"Simples";"Reta";"Não";2;0;0;1;1;0;1;2;-21,52936511;-43,51813418;"SPRF-MG";"DEL05-MG";"UOP01-DEL05-MG"
303948;2020-08-27;"quinta-feira";"17:30:00";"BA";101;801;"ITAMARAJU";"Animais na Pista";"Atropelamento de Animal";"Com Vítimas Feridas";"Anoitecer";"Crescente";"Nublado";"Simples";"Reta";"Não";1;0;1;0;0;0;1;1;-16,97072975;-39,55266953;"SPRF-BA";"DEL09-BA";"UOP02-DEL09-BA"
303950;2020-08-27;"quinta-feira";"18:05:00";"MS";262;367,1;"CAMPO GRANDE";"Pista Escorregadia";"Tombamento";"Com Vítimas Feridas";"Plena Noite";"Decrescente";"Céu Claro";"Simples";"Rotatória";"Sim";1;0;1;0;0;0;1;1;-20,47734957;-54,75069718;"SPRF-MS";"DEL01-MS";"UOP03-DEL01-MS"
303951;2020-08-27;"quinta-feira";"15:45:00";"PR";163;159,3;"LINDOESTE";"Ultrapassagem Indevida";"Queda de ocupante de veículo";"Com Vítimas Feridas";"Pleno dia";"Crescente";"Sol";"Simples";"Curva";"Não";2;0;2;0;0;0;2;1;-25,34495402;-53,58666028;"SPRF-PR";"DEL05-PR";"UOP05-DEL05-PR"
303952;2020-08-27;"quinta-feira";"18:50:00";"ES";393;1,8;"CACHOEIRO DE ITAPEMIRIM";"Desobediência às normas de trânsito pelo condutor";"Colisão transversal";"Com Vítimas Feridas";"Plena Noite";"Crescente";"Nublado";"Simples";"Curva";"Sim";3;0;1;0;1;1;1;3;-20,83248206;-41,17416143;"SPRF-ES";"DEL03-ES";"UOP02-DEL03-ES"
303953;2020-08-27;"quinta-feira";"18:30:00";"RJ";116;180;"NOVA IGUACU";"Falta de Atenção à Condução";"Colisão traseira";"Com Vítimas Feridas";"Plena Noite";"Decrescente";"Céu Claro";"Dupla";"Reta";"Sim";3;0;1;0;2;0;1;2;-22,7651616;-43,4154728;"SPRF-RJ";"DEL01-RJ";"UOP02-DEL01-RJ"
303955;2020-08-27;"quinta-feira";"18:10:00";"SC";101;333,1;"TUBARAO";"Falta de Atenção à Condução";"Colisão transversal";"Com Vítimas Feridas";"Anoitecer";"Crescente";"Nublado";"Múltipla";"Reta";"Sim";2;0;1;0;1;0;1;2;-28,46810227;-49,00957525;"SPRF-SC";"DEL02-SC";"UOP01-DEL02-SC"
303958;2020-08-27;"quinta-feira";"17:35:00";"MT";70;8,2;"BARRA DO GARCAS";"Desobediência às normas de trânsito pelo condutor";"Colisão frontal";"Com Vítimas Feridas";"Plena Noite";"Decrescente";"Céu Claro";"Simples";"Reta";"Sim";2;0;1;0;1;0;1;2;-15,87825854;-52,325823;"SPRF-MT";"DEL07-MT";"UOP01-DEL07-MT"
303960;2020-08-27;"quinta-feira";"19:40:00";"RS";116;363;"TAPES";"Velocidade Incompatível";"Colisão transversal";"Sem Vítimas";"Plena Noite";"Crescente";"Céu Claro";"Simples";"Rotatória";"Não";3;0;0;0;3;0;0;2;-30,64814964;-51,56101323;"SPRF-RS";"DEL02-RS";"UOP02-DEL02-RS"
303962;2020-08-27;"quinta-feira";"15:00:00";"PR";277;184,7;"PALMEIRA";"Falta de Atenção à Condução";"Colisão transversal";"Sem Vítimas";"Pleno dia";"Crescente";"Céu Claro";"Simples";"Retorno Regulamentado";"Não";3;0;0;0;3;0;0;2;-25,43350959;-50,0578118;"SPRF-PR";"DEL03-PR";"UOP03-DEL03-PR"
303963;2020-08-27;"quinta-feira";"17:50:00";"SC";101;31,8;"JOINVILLE";"Defeito Mecânico no Veículo";"Saída de leito carroçável";"Com Vítimas Feridas";"Plena Noite";"Decrescente";"Céu Claro";"Dupla";"Curva";"Sim";2;0;1;0;1;0;1;1;-26,22195899;-48,91634925;"SPRF-SC";"DEL03-SC";"UOP01-DEL03-SC"
303964;2020-08-27;"quinta-feira";"18:40:00";"AC";364;129;"RIO BRANCO";"Defeito na Via";"Tombamento";"Com Vítimas Feridas";"Plena Noite";"Crescente";"Céu Claro";"Simples";"Reta";"Não";1;0;1;0;0;0;1;1;-10,02882024;-67,82932804;"SPRF-AC";"DEL01-AC";"UOP01-DEL01-AC"
303967;2020-08-27;"quinta-feira";"18:50:00";"PI";135;517;"GILBUES";"Desobediência às normas de trânsito pelo condutor";"Colisão frontal";"Com Vítimas Fatais";"Plena Noite";"Crescente";"Céu Claro";"Simples";"Reta";"Não";2;1;0;1;0;0;1;2;-9,84852998;-45,3472844;"SPRF-PI";"DEL03-PI";"UOP02-DEL03-PI"
303968;2020-08-27;"quinta-feira";"19:09:00";"SP";116;51,4;"LORENA";"Falta de Atenção à Condução";"Colisão com objeto em movimento";"Com Vítimas Feridas";"Plena Noite";"Crescente";"Céu Claro";"Dupla";"Reta";"Sim";2;0;1;0;1;0;1;2;-22,74157511;-45,09206392;"SPRF-SP";"DEL08-SP";"UOP01-DEL08-SP"
303969;2020-08-27;"quinta-feira";"21:05:00";"CE";116;69,1;"CHOROZINHO";"Desobediência às normas de trânsito pelo pedestre";"Atropelamento de Pedestre";"Com Vítimas Feridas";"Plena Noite";"Crescente";"Céu Claro";"Simples";"Reta";"Sim";2;0;0;2;0;0;2;2;-4,32059871;-38,4911177;"SPRF-CE";"DEL03-CE";"UOP02-DEL03-CE"
303970;2020-08-27;"quinta-feira";"19:50:00";"MG";116;241;"TEOFILO OTONI";"Desobediência às normas de trânsito pelo condutor";"Colisão lateral";"Com Vítimas Feridas";"Plena Noite";"Crescente";"Céu Claro";"Simples";"Curva";"Não";2;0;0;1;1;0;1;2;-17,57621259;-41,47404804;"SPRF-MG";"DEL11-MG";"UOP01-DEL11-MG"
303972;2020-08-27;"quinta-feira";"21:10:00";"ES";262;6,3;"CARIACICA";"Ingestão de Álcool";"Colisão traseira";"Sem Vítimas";"Plena Noite";"Crescente";"Nublado";"Dupla";"Reta";"Sim";2;0;0;0;2;0;0;2;-20,34007493;-40,39451305;"SPRF-ES";"DEL01-ES";"UOP01-DEL01-ES"
303975;2020-08-27;"quinta-feira";"20:20:00";"RS";290;264,3;"CACHOEIRA DO SUL";"Objeto estático sobre o leito carroçável";"Colisão com objeto estático";"Sem Vítimas";"Plena Noite";"Decrescente";"Céu Claro";"Simples";"Reta";"Não";1;0;0;0;1;0;0;1;-30,26623;-52,865604;"SPRF-RS";"DEL02-RS";"UOP03-DEL02-RS"
303976;2020-08-27;"quinta-feira";"21:50:00";"RJ";356;172;"SAO JOAO DA BARRA";"Falta de Atenção à Condução";"Colisão traseira";"Com Vítimas Feridas";"Plena Noite";"Decrescente";"Nublado";"Simples";"Reta";"Não";2;0;0;1;1;0;1;2;-21,71845056;-41,07716203;"SPRF-RJ";"DEL08-RJ";"UOP02-DEL08-RJ"
303977;2020-08-27;"quinta-feira";"20:09:00";"PR";277;725;"FOZ DO IGUACU";"Falta de Atenção à Condução";"Saída de leito carroçável";"Com Vítimas Feridas";"Plena Noite";"Decrescente";"Céu Claro";"Dupla";"Reta";"Sim";1;0;1;0;0;0;1;1;-25,50823541;-54,54619865;"SPRF-PR";"DEL05-PR";"UOP03-DEL05-PR"
303978;2020-08-27;"quinta-feira";"19:30:00";"SP";116;561;"BARRA DO TURVO";"Ingestão de Álcool";"Colisão com objeto estático";"Sem Vítimas";"Plena Noite";"Crescente";"Céu Claro";"Dupla";"Curva";"Não";1;0;0;0;1;0;0;1;-25,02045097;-48,51586004;"SPRF-SP";"DEL05-SP";"UOP02-DEL05-SP"
303982;2020-08-27;"quinta-feira";"17:15:00";"RO";364;858;"PORTO VELHO";"Defeito na Via";"Saída de leito carroçável";"Com Vítimas Feridas";"Pleno dia";"Decrescente";"Céu Claro";"Simples";"Reta";"Não";6;0;0;6;0;0;6;1;-9,51438594;-64,81141716;"SPRF-RO";"DEL01-RO";"UOP02-DEL01-RO"
303983;2020-08-27;"quinta-feira";"09:50:00";"RJ";101;295;"ITABORAI";"Desobediência às normas de trânsito pelo condutor";"Capotamento";"Sem Vítimas";"Plena Noite";"Decrescente";"Céu Claro";"Dupla";"Curva";"Sim";4;0;0;0;3;1;0;4;-22,76365068;-42,90223623;"SPRF-RJ";"DEL02-RJ";"UOP02-DEL02-RJ"
303984;2020-08-27;"quinta-feira";"22:30:00";"SP";116;108;"TAUBATE";"Avarias e/ou desgaste excessivo no pneu";"Tombamento";"Com Vítimas Feridas";"Plena Noite";"Crescente";"Céu Claro";"Dupla";"Reta";"Sim";2;0;1;0;1;0;1;1;-23,0233097;-45,53763622;"SPRF-SP";"DEL06-SP";"UOP01-DEL06-SP"
303985;2020-08-27;"quinta-feira";"18:00:00";"PB";230;459,1;"SOUSA";"Desobediência às normas de trânsito pelo condutor";"Colisão frontal";"Com Vítimas Feridas";"Plena Noite";"Crescente";"Céu Claro";"Simples";"Reta";"Não";2;0;0;1;1;0;1;2;-6,7762;-38,1899;"SPRF-PB";"DEL03-PB";"UOP03-DEL03-PB"
303986;2020-08-27;"quinta-feira";"20:45:00";"MG";116;524,5;"CARATINGA";"Falta de Atenção à Condução";"Colisão transversal";"Com Vítimas Feridas";"Plena Noite";"Decrescente";"Céu Claro";"Simples";"Interseção de Vias";"Sim";3;0;1;0;2;0;1;2;-19,76027352;-42,13398823;"SPRF-MG";"DEL06-MG";"UOP02-DEL06-MG"
303987;2020-08-27;"quinta-feira";"23:15:00";"RS";116;265;"CANOAS";"Animais na Pista";"Atropelamento de Pedestre";"Com Vítimas Feridas";"Plena Noite";"Decrescente";"Céu Claro";"Múltipla";"Reta";"Não";4;0;1;0;0;3;1;2;-29,92342302;-51,17780944;"SPRF-RS";"DEL01-RS";"UOP01-DEL01-RS"
303988;2020-08-27;"quinta-feira";"20:30:00";"SC";282;574,3;"PINHALZINHO";"Ingestão de Álcool";"Saída de leito carroçável";"Sem Vítimas";"Plena Noite";"Decrescente";"Céu Claro";"Simples";"Rotatória";"Não";1;0;0;0;1;0;0;1;-26,867399;-52,965149;"SPRF-SC";"DEL07-SC";"UOP02-DEL07-SC"
303991;2020-08-27;"quinta-feira";"23:20:00";"SE";101;112,9;"ITAPORANGA DAJUDA";"Falta de Atenção do Pedestre";"Atropelamento de Pedestre";"Com Vítimas Fatais";"Plena Noite";"Decrescente";"Céu Claro";"Dupla";"Reta";"Não";2;1;0;0;0;1;0;2;-10,98417027;-37,29054761;"SPRF-SE";"DEL02-SE";"UOP01-DEL02-SE"
303992;2020-08-27;"quinta-feira";"22:15:00";"RR";401;4;"BOA VISTA";"Falta de Atenção à Condução";"Colisão traseira";"Com Vítimas Feridas";"Plena Noite";"Decrescente";"Céu Claro";"Simples";"Reta";"Não";2;0;1;0;1;0;1;2;2,78964195;-60,65873803;"SPRF-RR";"DEL01-RR";"UOP01-DEL01-RR"
303993;2020-08-28;"sexta-feira";"00:10:00";"RS";116;150,2;"CAXIAS DO SUL";"Ingestão de Álcool";"Colisão lateral";"Sem Vítimas";"Plena Noite";"Decrescente";"Céu Claro";"Dupla";"Interseção de Vias";"Sim";2;0;0;0;2;0;0;2;-29,168428;-51,158337;"SPRF-RS";"DEL05-RS";"UOP01-DEL05-RS"
303995;2020-08-27;"quinta-feira";"23:50:00";"SC";101;103,8;"PENHA";"Condutor Dormindo";"Saída de leito carroçável";"Com Vítimas Fatais";"Plena Noite";"Crescente";"Céu Claro";"Múltipla";"Reta";"Não";1;1;0;0;0;0;0;1;-26,7832381;-48,68314632;"SPRF-SC";"DEL03-SC";"UOP02-DEL03-SC"
303996;2020-08-27;"quinta-feira";"21:00:00";"RO";364;408;"JARU";"Ultrapassagem Indevida";"Colisão frontal";"Com Vítimas Feridas";"Plena Noite";"Decrescente";"Céu Claro";"Simples";"Reta";"Não";2;0;1;1;0;0;2;2;-10,54748897;-62,38804996;"SPRF-RO";"DEL03-RO";"UOP02-DEL03-RO"