"id";"data_inversa";"dia_semana";"horario";"uf";"br";"km";"municipio";"causa_acidente";"tipo_acidente";"classificacao_acidente";"fase_dia";"sentido_via";"condicao_metereologica";"tipo_pista";"tracado_via";"uso_solo";"pessoas";"mortos";"feridos_leves";"feridos_graves";"ilesos";"ignorados";"feridos";"veiculos";"latitude";"longitude";"regional";"delegacia";"uop"
303997;2020-08-28;"sexta-feira";"00:50:00";"PR";277;72;"SAO JOSE DOS PINHAIS";"Velocidade Incompatível";"Colisão com objeto estático";"Com Vítimas Feridas";"Plena Noite";"Crescente";"Nevoeiro/Neblina";"Dupla";"Curva;Em Obras;Desvio Temporário";"Sim";1;0;1;0;0;0;1;1;-25,52522628;-49,09755612;"SPRF-PR";"DEL01-PR";"UOP01-DEL01-PR"
303999;2020-08-28;"sexta-feira";"00:45:00";"SC";163;67;"SAO MIGUEL DO OESTE";"Ingestão de Álcool";"Colisão com objeto estático";"Sem Vítimas";"Plena Noite";"Crescente";"Céu Claro";"Dupla";"Reta";"Sim";1;0;0;0;1;0;0;1;-26,759436;-53,50055292;"SPRF-SC";"DEL07-SC";"UOP03-DEL07-SC"
304001;2020-08-28;"sexta-feira";"01:45:00";"SC";282;54,4;"RANCHO QUEIMADO";"Condutor Dormindo";"Saída de leito carroçável";"Com Vítimas Feridas";"Plena Noite";"Decrescente";"Céu Claro";"Simples";"Curva";"Não";1;0;0;1;0;0;1;1;-27,685799;-48,974514;"SPRF-SC";"DEL01-SC";"UOP03-DEL01-SC"
304006;2020-08-28;"sexta-feira";"03:30:00";"TO";153;147;"ARAGUAINA";"Ingestão de Álcool";"Colisão lateral";"Com Vítimas Feridas";"Plena Noite";"Decrescente";"Céu Claro";"Dupla";"Reta";"Sim";3;0;1;2;0;0;3;3;-7,22175693;-48,24826214;"SPRF-TO";"DEL02-TO";"UOP01-DEL02-TO"
304007;2020-08-28;"sexta-feira";"03:00:00";"ES";101;257,5;"SERRA";"Ingestão de Álcool";"Colisão com objeto estático";"Sem Vítimas";"Pleno dia";"Crescente";"Chuva";"Dupla";"Interseção de Vias";"Sim";1;0;0;0;1;0;0;1;-20,12455095;-40,30331881;"SPRF-ES";"DEL02-ES";"UOP01-DEL02-ES"
304011;2020-08-28;"sexta-feira";"04:45:00";"RJ";116;165;"RIO DE JANEIRO";"Ingestão de Álcool";"Colisão com objeto estático";"Com Vítimas Feridas";"Pleno dia";"Crescente";"Céu Claro";"Múltipla";"Reta";"Sim";1;0;1;0;0;0;1;1;-22,81548519;-43,29087405;"SPRF-RJ";"DEL01-RJ";"UOP01-DEL01-RJ"
304012;2020-08-28;"sexta-feira";"05:00:00";"PR";376;597;"CURITIBA";"Falta de Atenção à Condução";"Colisão traseira";"Com Vítimas Feridas";"Amanhecer";"Decrescente";"Céu Claro";"Dupla";"Reta";"Sim";3;0;0;2;1;0;2;2;-25,510571;-49,338848;"SPRF-PR";"DEL01-PR";"UOP01-DEL01-PR"
304013;2020-08-28;"sexta-feira";"04:30:00";"SP";116;320;"JUQUITIBA";"Falta de Atenção à Condução";"Colisão com objeto estático";"Com Vítimas Feridas";"Amanhecer";"Decrescente";"Nevoeiro/Neblina";"Dupla";"Curva";"Não";1;0;1;0;0;0;1;1;-23,93226;-47,00835;"SPRF-SP";"DEL04-SP";"UOP01-DEL04-SP"
304014;2020-08-28;"sexta-feira";"01:40:00";"MS";163;290,7;"DOURADINA";"Velocidade Incompatível";"Capotamento";"Com Vítimas Feridas";"Plena Noite";"Crescente";"Céu Claro";"Simples";"Rotatória";"Não";2;0;0;1;1;0;1;2;-22,06182329;-54,55815727;"SPRF-MS";"DEL04-MS";"UOP01-DEL04-MS"
304015;2020-08-28;"sexta-feira";"05:50:00";"MG";40;815,1;"MATIAS BARBOSA";"Falta de Atenção à Condução";"Colisão traseira";"Com Vítimas Feridas";"Pleno dia";"Crescente";"Céu Claro";"Dupla";"Reta;Declive";"Não";3;0;0;1;2;0;1;2;-21,899943;-43,31155704;"SPRF-MG";"DEL05-MG";"UOP01-DEL05-MG"
304016;2020-08-27;"quinta-feira";"14:40:00";"SC";163;0,3;"DIONISIO CERQUEIRA";"Falta de Atenção à Condução";"Colisão transversal";"Com Vítimas Feridas";"Pleno dia";"Crescente";"Céu Claro";"Simples";"Reta";"Sim";2;0;1;0;0;1;1;2;-26,2613;-53,6206;"SPRF-SC";"DEL07-SC";"UOP03-DEL07-SC"
304018;2020-08-28;"sexta-feira";"06:00:00";"RS";158;149,7;"PANAMBI";"Defeito Mecânico no Veículo";"Incêndio";"Sem Vítimas";"Amanhecer";"Crescente";"Nublado";"Simples";"Reta";"Não";2;0;0;0;2;0;0;1;-28,27204195;-53,48398008;"SPRF-RS";"DEL10-RS";"UOP02-DEL10-RS"
304022;2020-08-28;"sexta-feira";"06:20:00";"ES";101;271;"SERRA";"Falta de Atenção à Condução";"Queda de ocupante de veículo";"Com Vítimas Feridas";"Pleno dia";"Decrescente";"Nublado";"Dupla";"Reta";"Não";1;0;0;1;0;0;1;1;-20,23267;-40,27658;"SPRF-ES";"DEL02-ES";"UOP01-DEL02-ES"
304023;2020-08-27;"quinta-feira";"22:30:00";"SC";282;50;"GUARAMIRIM";"Desobediência às normas de trânsito pelo condutor";"Colisão traseira";"Sem Vítimas";"Plena Noite";"Decrescente";"Céu Claro";"Simples";"Reta";"Não";2;0;0;0;2;0;0;2;-26,46849853;-48,96366119;"SPRF-SC";"DEL01-SC";"UOP03-DEL01-SC"
304025;2020-08-21;"sexta-feira";"15:45:00";"RS";285;361,9;"COLORADO";"Não guardar distância de segurança";"Colisão traseira";"Com Vítimas Feridas";"Pleno dia";"Crescente";"Sol";"Simples";"Reta";"Não";4;0;2;0;2;0;2;2;-28,369568;-52,986038;"SPRF-RS";"DEL08-RS";"UOP03-DEL08-RS"
304026;2020-08-28;"sexta-feira";"07:15:00";"SP";116;147,5;"SAO JOSE DOS CAMPOS";"Velocidade Incompatível";"Colisão com objeto estático";"Com Vítimas Feridas";"Pleno dia";"Crescente";"Sol";"Dupla";"Interseção de Vias";"Não";1;0;1;0;0;0;1;1;-23,19542994;-45,87176303;"SPRF-SP";"DEL02-SP";"UOP01-DEL02-SP"
304029;2020-08-28;"sexta-feira";"07:00:00";"PR";116;88;"PIRAQUARA";"Falta de Atenção à Condução";"Colisão traseira";"Com Vítimas Feridas";"Pleno dia";"Crescente";"Nevoeiro/Neblina";"Dupla";"Reta";"Não";1;0;1;0;0;0;1;1;-25,44781497;-49,09096994;"SPRF-PR";"DEL01-PR";"UOP01-DEL01-PR"
304030;2020-08-28;"sexta-feira";"07:15:00";"MG";381;486;"BETIM";"Falta de Atenção à Condução";"Colisão traseira";"Com Vítimas Feridas";"Pleno dia";"Decrescente";"Céu Claro";"Dupla";"Reta";"Sim";3;0;1;0;2;0;1;3;-19,95644414;-44,13611598;"SPRF-MG";"DEL01-MG";"UOP03-DEL01-MG"
304032;2020-08-28;"sexta-feira";"07:30:00";"SC";282;3,8;"FLORIANOPOLIS";"Falta de Atenção à Condução";"Colisão lateral";"Com Vítimas Feridas";"Pleno dia";"Decrescente";"Céu Claro";"Múltipla";"Reta";"Sim";4;0;1;1;0;2;2;3;-27,600384;-48,599705;"SPRF-SC";"DEL01-SC";"UOP01-DEL01-SC"
304034;2020-08-28;"sexta-feira";"07:50:00";"SP";153;72,3;"SAO JOSE DO RIO PRETO";"Falta de Atenção à Condução";"Tombamento";"Com Vítimas Feridas";"Pleno dia";"Decrescente";"Sol";"Dupla";"Declive;Reta";"Não";2;0;2;0;0;0;2;2;-20,86715501;-49,41334398;"SPRF-SP";"DEL09-SP";"UOP01-DEL09-SP"
304035;2020-08-28;"sexta-feira";"07:30:00";"RS";290;92,7;"PORTO ALEGRE";"Pista Escorregadia";"Queda de ocupante de veículo";"Com Vítimas Feridas";"Pleno dia";"Decrescente";"Céu Claro";"Simples";"Curva";"Sim";1;0;1;0;0;0;1;1;-29,971916;-51,176838;"SPRF-RS";"DEL01-RS";"UOP01-DEL01-RS"
304036;2020-08-28;"sexta-feira";"07:50:00";"RS";116;235;"NOVO HAMBURGO";"Velocidade Incompatível";"Tombamento";"Com Vítimas Feridas";"Pleno dia";"Decrescente";"Chuva";"Dupla";"Curva";"Sim";1;0;0;1;0;0;1;1;-29,66037586;-51,14386509;"SPRF-RS";"DEL01-RS";"UOP02-DEL01-RS"
304038;2020-08-28;"sexta-feira";"07:40:00";"DF";20;15;"BRASILIA";"Falta de Atenção à Condução";"Colisão traseira";"Com Vítimas Feridas";"Pleno dia";"Decrescente";"Céu Claro";"Dupla";"Reta";"Não";4;0;1;0;3;0;1;2;-15,630189;-47,733288;"SPRF-DF";"DEL02-DF";"UOP01-DEL02-DF"
304039;2020-08-28;"sexta-feira";"07:45:00";"BA";101;719,7;"EUNAPOLIS";"Falta de Atenção à Condução";"Colisão transversal";"Com Vítimas Feridas";"Pleno dia";"Decrescente";"Sol";"Simples";"Interseção de Vias;Rotatória;Reta";"Não";2;0;0;1;1;0;1;2;-16,38658201;-39,58657126;"SPRF-BA";"DEL09-BA";"UOP01-DEL09-BA"
304040;2020-08-28;"sexta-feira";"07:50:00";"RJ";116;181;"NOVA IGUACU";"Desobediência às normas de trânsito pelo condutor";"Colisão lateral";"Sem Vítimas";"Amanhecer";"Decrescente";"Céu Claro";"Múltipla";"Reta";"Não";2;0;0;0;2;0;0;2;-22,761312;-43,423492;"SPRF-RJ";"DEL01-RJ";"UOP02-DEL01-RJ"
304042;2020-08-20;"quinta-feira";"17:30:00";"SC";280;30;"ARAQUARI";"Falta de Atenção à Condução";"Colisão traseira";"Com Vítimas Feridas";"Plena Noite";"Decrescente";"Chuva";"Simples";"Reta";"Não";3;0;1;0;2;0;1;3;-26,4141523;-48,76209493;"SPRF-SC";"DEL03-SC";"UOP03-DEL03-SC"
304043;2020-06-02;"terça-feira";"10:00:00";"RS";293;161;"HULHA NEGRA";"Desobediência às normas de trânsito pelo condutor";"Colisão transversal";"Com Vítimas Feridas";"Pleno dia";"Decrescente";"Nublado";"Simples";"Interseção de Vias";"Não";3;0;3;0;0;0;3;2;-31,39017118;-53,88195803;"SPRF-RS";"DEL11-RS";"UOP03-DEL11-RS"
304044;2020-08-28;"sexta-feira";"07:45:00";"ES";101;269,1;"SERRA";"Falta de Atenção à Condução";"Queda de ocupante de veículo";"Com Vítimas Feridas";"Pleno dia";"Decrescente";"Nublado";"Dupla";"Reta";"Sim";3;0;1;1;0;1;2;2;-20,21740496;-40,26990578;"SPRF-ES";"DEL02-ES";"UOP01-DEL02-ES"
304045;2020-08-28;"sexta-feira";"08:20:00";"ES";101;269,2;"SERRA";"Desobediência às normas de trânsito pelo condutor";"Colisão transversal";"Com Vítimas Feridas";"Pleno dia";"Crescente";"Céu Claro";"Dupla";"Interseção de Vias;Reta";"Sim";3;0;1;0;2;0;1;2;-20,21740496;-40,26990578;"SPRF-ES";"DEL02-ES";"UOP01-DEL02-ES"
304046;2020-08-28;"sexta-feira";"08:00:00";"RJ";116;275;"BARRA MANSA";"Falta de Atenção à Condução";"Colisão lateral";"Com Vítimas Feridas";"Pleno dia";"Decrescente";"Céu Claro";"Simples";"Aclive;Reta";"Não";2;0;1;0;1;0;1;2;-22,56207185;-44,15671311;"SPRF-RJ";"DEL07-RJ";"UOP02-DEL07-RJ"
304047;2020-08-28;"sexta-feira";"08:30:00";"RJ";101;58;"CAMPOS DOS GOYTACAZES";"Desobediência às normas de trânsito pelo condutor";"Colisão lateral";"Com Vítimas Feridas";"Pleno dia";"Crescente";"Céu Claro";"Simples";"Interseção de Vias";"Sim";2;0;1;0;1;0;1;2;-21,689454;-41,310476;"SPRF-RJ";"DEL08-RJ";"UOP01-DEL08-RJ"
304048;2020-08-28;"sexta-feira";"09:00:00";"GO";153;498,8;"GOIANIA";"Não guardar distância de segurança";"Colisão traseira";"Sem Vítimas";"Pleno dia";"Crescente";"Céu Claro";"Dupla";"Reta";"Sim";3;0;0;0;3;0;0;2;-16,6939;-49,2321;"SPRF-GO";"DEL01-GO";"UOP01-DEL01-GO"
304049;2020-08-28;"sexta-feira";"08:30:00";"RJ";101;313;"SAO GONCALO";"Desobediência às normas de trânsito pelo condutor";"Colisão traseira";"Com Vítimas Feridas";"Pleno dia";"Crescente";"Céu Claro";"Dupla";"Reta";"Sim";2;0;1;0;1;0;1;2;-22,81049093;-43,06983304;"SPRF-RJ";"DEL02-RJ";"UOP02-DEL02-RJ"
304050;2020-08-28;"sexta-feira";"07:50:00";"RJ";393;283,5;"VOLTA REDONDA";"Falta de Atenção à Condução";"Colisão com objeto estático";"Com Vítimas Feridas";"Pleno dia";"Crescente";"Céu Claro";"Dupla";"Reta";"Sim";4;0;1;0;0;3;1;3;-22,47606388;-44,04976392;"SPRF-RJ";"DEL05-RJ";"UOP04-DEL05-RJ"
304051;2020-08-28;"sexta-feira";"08:15:00";"PE";232;409;"SERRA TALHADA";"Falta de Atenção à Condução";"Colisão traseira";"Com Vítimas Feridas";"Pleno dia";"Crescente";"Céu Claro";"Simples";"Declive";"Sim";4;0;1;0;2;1;1;2;-7,98371447;-38,28047709;"SPRF-PE";"DEL04-PE";"UOP01-DEL04-PE"
304054;2020-08-28;"sexta-feira";"08:00:00";"RO";364;23;"VILHENA";"Ingestão de Álcool";"Tombamento";"Com Vítimas Feridas";"Pleno dia";"Crescente";"Céu Claro";"Simples";"Reta";"Não";1;0;1;0;0;0;1;1;-12,72492207;-60,220407;"SPRF-RO";"DEL04-RO";"UOP01-DEL04-RO"
304057;2020-08-28;"sexta-feira";"08:55:00";"MG";381;526;"BRUMADINHO";"Velocidade Incompatível";"Capotamento";"Com Vítimas Feridas";"Pleno dia";"Crescente";"Céu Claro";"Dupla";"Curva";"Não";1;0;1;0;0;0;1;1;-20,16175378;-44,34144636;"SPRF-MG";"DEL04-MG";"UOP03-DEL04-MG"
304058;2020-08-28;"sexta-feira";"09:15:00";"SP";116;39,1;"CACHOEIRA PAULISTA";"Falta de Atenção à Condução";"Colisão com objeto em movimento";"Com Vítimas Feridas";"Pleno dia";"Decrescente";"Céu Claro";"Dupla";"Reta";"Sim";1;0;1;0;0;0;1;1;-22,67527958;-44,99918431;"SPRF-SP";"DEL08-SP";"UOP02-DEL08-SP"
304059;2020-08-28;"sexta-feira";"07:40:00";"SC";282;539,6;"CHAPECO";"Avarias e/ou desgaste excessivo no pneu";"Saída de leito carroçável";"Sem Vítimas";"Pleno dia";"Decrescente";"Céu Claro";"Simples";"Curva";"Não";1;0;0;0;0;1;0;1;-26,993254;-52,681767;"SPRF-SC";"DEL07-SC";"UOP01-DEL07-SC"
304062;2020-08-28;"sexta-feira";"10:10:00";"BA";324;587;"CANDEIAS";"Falta de Atenção à Condução";"Capotamento";"Com Vítimas Feridas";"Pleno dia";"Decrescente";"Céu Claro";"Dupla";"Reta";"Não";1;0;1;0;0;0;1;1;-12,649424;-38,474396;"SPRF-BA";"DEL01-BA";"UOP01-DEL01-BA"
304063;2020-08-28;"sexta-feira";"10:00:00";"BA";116;558;"BREJOES";"Defeito Mecânico no Veículo";"Saída de leito carroçável";"Com Vítimas Feridas";"Pleno dia";"Crescente";"Céu Claro";"Simples";"Reta";"Não";3;0;2;0;1;0;2;1;-12,93109181;-39,88685417;"SPRF-BA";"DEL03-BA";"UOP02-DEL03-BA"
304064;2020-08-28;"sexta-feira";"10:30:00";"PR";277;98;"CURITIBA";"Falta de Atenção à Condução";"Saída de leito carroçável";"Com Vítimas Feridas";"Pleno dia";"Crescente";"Céu Claro";"Dupla";"Reta";"Sim";1;0;1;0;0;0;1;1;-25,43025289;-49,34749603;"SPRF-PR";"DEL01-PR";"UOP01-DEL01-PR"
304067;2020-08-28;"sexta-feira";"07:30:00";"PR";277;597,4;"CASCAVEL";"Desobediência às normas de trânsito pelo condutor";"Engavetamento";"Com Vítimas Feridas";"Pleno dia";"Crescente";"Céu Claro";"Dupla";"Reta";"Sim";7;0;2;0;4;1;2;7;-24,99513602;-53,51418998;"SPRF-PR";"DEL04-PR";"UOP01-DEL04-PR"
304068;2020-08-28;"sexta-feira";"02:00:00";"AL";101;192;"JUNQUEIRO";"Velocidade Incompatível";"Saída de leito carroçável";"Sem Vítimas";"Plena Noite";"Decrescente";"Céu Claro";"Simples";"Curva";"Sim";1;0;0;0;0;1;0;1;-9,93330214;-36,47155881;"SPRF-AL";"DEL02-AL";"UOP02-DEL02-AL"
304069;2020-08-28;"sexta-feira";"08:30:00";"BA";324;301;"JACOBINA";"Defeito Mecânico no Veículo";"Capotamento";"Com Vítimas Feridas";"Pleno dia";"Decrescente";"Céu Claro";"Simples";"Reta";"Não";3;0;2;0;1;0;2;1;-11,20769697;-40,47346099;"SPRF-BA";"DEL04-BA";"UOP02-DEL04-BA"
304070;2020-08-28;"sexta-feira";"11:20:00";"DF";70;14,1;"BRASILIA";"Falta de Atenção à Condução";"Colisão lateral";"Com Vítimas Feridas";"Pleno dia";"Decrescente";"Céu Claro";"Dupla";"Reta";"Não";4;0;1;0;2;1;1;4;-15,797312;-48,176056;"SPRF-DF";"DEL03-DF";"UOP02-DEL03-DF"
304072;2020-08-28;"sexta-feira";"13:00:00";"SP";116;217;"GUARULHOS";"Falta de Atenção à Condução";"Colisão lateral";"Com Vítimas Feridas";"Pleno dia";"Crescente";"Sol";"Múltipla";"Reta";"Sim";3;0;1;0;2;0;1;3;-23,45423824;-46,47119028;"SPRF-SP";"DEL01-SP";"UOP01-DEL01-SP"
304073;2020-08-28;"sexta-feira";"12:05:00";"BA";418;90;"NOVA VICOSA";"Desobediência às normas de trânsito pelo condutor";"Colisão transversal";"Com Vítimas Feridas";"Pleno dia";"Crescente";"Céu Claro";"Simples";"Reta";"Não";2;0;1;0;1;0;1;2;-17,88570928;-39,83805902;"SPRF-BA";"DEL09-BA";"UOP02-DEL09-BA"
304075;2020-08-28;"sexta-feira";"07:30:00";"PR";277;597,4;"CASCAVEL";"Desobediência às normas de trânsito pelo condutor";"Colisão traseira";"Sem Vítimas";"Pleno dia";"Crescente";"Sol";"Dupla";"Curva";"Sim";3;0;0;0;3;0;0;3;-24,99513602;-53,51418998;"SPRF-PR";"DEL04-PR";"UOP01-DEL04-PR"
304076;2020-08-28;"sexta-feira";"10:00:00";"MG";262;844;"CONCEICAO DAS ALAGOAS";"Falta de Atenção à Condução";"Saída de leito carroçável";"Com Vítimas Feridas";"Pleno dia";"Decrescente";"Céu Claro";"Dupla";"Reta";"Não";1;0;1;0;0;0;1;1;-19,76056873;-48,29357898;"SPRF-MG";"DEL13-MG";"UOP01-DEL13-MG"
304078;2020-08-28;"sexta-feira";"10:55:00";"SC";282;537;"CHAPECO";"Falta de Atenção à Condução";"Tombamento";"Com Vítimas Feridas";"Pleno dia";"Decrescente";"Sol";"Simples";"Curva";"Não";1;0;1;0;0;0;1;1;-26,999933;-52,663895;"SPRF-SC";"DEL07-SC";"UOP01-DEL07-SC"
304080;2020-08-28;"sexta-feira";"12:30:00";"PB";230;19,1;"JOAO PESSOA";"Falta de Atenção à Condução";"Tombamento";"Com Vítimas Feridas";"Pleno dia";"Decrescente";"Céu Claro";"Dupla";"Reta";"Sim";1;0;1;0;0;0;1;1;-7,12946711;-34,85013485;"SPRF-PB";"DEL01-PB";"UOP01-DEL01-PB"
304081;2020-08-28;"sexta-feira";"13:25:00";"SP";116;218;"GUARULHOS";"Falta de Atenção à Condução";"Tombamento";"Com Vítimas Feridas";"Pleno dia";"Decrescente";"Sol";"Múltipla";"Reta";"Sim";1;0;1;0;0;0;1;1;-23,46240532;-46,49195379;"SPRF-SP";"DEL01-SP";"UOP01-DEL01-SP"
304082;2020-08-28;"sexta-feira";"12:00:00";"PE";101;170;"AGUA PRETA";"Defeito Mecânico no Veículo";"Incêndio";"Sem Vítimas";"Pleno dia";"Crescente";"Céu Claro";"Dupla";"Reta";"Não";1;0;0;0;1;0;0;1;-8,58185098;-35,49672702;"SPRF-PE";"DEL01-PE";"UOP03-DEL01-PE"
304083;2020-08-28;"sexta-feira";"11:15:00";"RJ";101;319;"NITEROI";"Ultrapassagem Indevida";"Queda de ocupante de veículo";"Com Vítimas Feridas";"Pleno dia";"Crescente";"Céu Claro";"Dupla";"Reta";"Sim";1;0;1;0;0;0;1;1;-22,85411774;-43,1018014;"SPRF-RJ";"DEL02-RJ";"UOP02-DEL02-RJ"
304085;2020-08-28;"sexta-feira";"12:20:00";"SC";282;502;"XANXERE";"Defeito Mecânico no Veículo";"Colisão com objeto estático";"Sem Vítimas";"Pleno dia";"Crescente";"Céu Claro";"Dupla";"Reta";"Não";2;0;0;0;2;0;0;2;-26,884584;-52,390911;"SPRF-SC";"DEL07-SC";"UOP01-DEL07-SC"
304086;2020-08-28;"sexta-feira";"13:00:00";"PB";101;52;"MAMANGUAPE";"Falta de Atenção à Condução";"Colisão traseira";"Com Vítimas Feridas";"Pleno dia";"Decrescente";"Céu Claro";"Dupla";"Reta";"Não";4;0;2;0;2;0;2;2;-6,8208849;-35,1386618;"SPRF-PB";"DEL01-PB";"UOP04-DEL01-PB"
304087;2020-08-28;"sexta-feira";"07:30:00";"RO";364;712;"PORTO VELHO";"Falta de Atenção do Pedestre";"Atropelamento de Pedestre";"Com Vítimas Feridas";"Pleno dia";"Crescente";"Céu Claro";"Dupla";"Reta";"Sim";2;0;1;0;0;1;1;2;-8,7770354;-63,87316466;"SPRF-RO";"DEL01-RO";"UOP01-DEL01-RO"
304088;2020-08-28;"sexta-feira";"13:45:00";"RN";101;78;"NATAL";"Animais na Pista";"Atropelamento de Animal";"Com Vítimas Feridas";"Pleno dia";"Decrescente";"Céu Claro";"Dupla";"Reta";"Não";1;0;1;0;0;0;1;1;-5,74071896;-35,29021064;"SPRF-RN";"DEL02-RN";"UOP01-DEL02-RN"
304090;2020-08-28;"sexta-feira";"13:30:00";"AP";210;49;"MACAPA";"Velocidade Incompatível";"Capotamento";"Com Vítimas Feridas";"Pleno dia";"Decrescente";"Chuva";"Simples";"Curva";"Não";5;0;5;0;0;0;5;1;0,42963;-51,04651429;"SPRF-AP";"DEL01-AP";"UOP01-DEL01-AP"
304092;2020-08-28;"sexta-feira";"14:25:00";"CE";116;4;"FORTALEZA";"Falta de Atenção à Condução";"Colisão traseira";"Com Vítimas Feridas";"Pleno dia";"Crescente";"Céu Claro";"Múltipla";"Reta";"Sim";2;0;1;0;1;0;1;2;-3,7867209;-38,5114568;"SPRF-CE";"DEL01-CE";"UOP02-DEL01-CE"
304094;2020-08-28;"sexta-feira";"11:30:00";"MS";163;683;"RIO VERDE DE MATO GROSSO";"Defeito Mecânico no Veículo";"Incêndio";"Sem Vítimas";"Pleno dia";"Decrescente";"Céu Claro";"Simples";"Reta";"Não";1;0;0;0;1;0;0;1;-18,89822905;-54,84291719;"SPRF-MS";"DEL06-MS";"UOP01-DEL06-MS"
304098;2020-08-28;"sexta-feira";"13:00:00";"ES";482;62;"JERONIMO MONTEIRO";"Falta de Atenção à Condução";"Colisão lateral";"Com Vítimas Feridas";"Pleno dia";"Crescente";"Nublado";"Simples";"Interseção de Vias";"Sim";2;0;1;0;1;0;1;2;-20,79349282;-41,37909587;"SPRF-ES";"DEL03-ES";"UOP02-DEL03-ES"
304099;2020-07-24;"sexta-feira";"23:20:00";"SC";101;192;"BIGUACU";"Desobediência às normas de trânsito pelo pedestre";"Atropelamento de Pedestre";"Com Vítimas Fatais";"Plena Noite";"Crescente";"Céu Claro";"Dupla";"Reta";"Sim";4;1;0;0;3;0;0;2;-27,48443781;-48,64765238;"SPRF-SC";"DEL01-SC";"UOP01-DEL01-SC"
304100;2020-08-28;"sexta-feira";"15:00:00";"GO";60;30;"ALEXANIA";"Falta de Atenção à Condução";"Saída de leito carroçável";"Com Vítimas Feridas";"Pleno dia";"Decrescente";"Céu Claro";"Dupla";"Declive";"Não";1;0;1;0;0;0;1;1;-16,0963;-48,5202;"SPRF-DF";"DEL03-DF";"UOP01-DEL03-DF"
304101;2020-08-04;"terça-feira";"19:05:00";"SC";101;213,3;"PALHOCA";"Desobediência às normas de trânsito pelo condutor";"Atropelamento de Pedestre";"Sem Vítimas";"Plena Noite";"Crescente";"Ignorado";"Múltipla";"Reta";"Não";2;0;0;0;2;0;0;2;-27,63697369;-48,66514142;"SPRF-SC";"DEL01-SC";"UOP02-DEL01-SC"
304102;2020-08-28;"sexta-feira";"15:20:00";"MG";262;42,1;"MANHUACU";"Falta de Atenção à Condução";"Colisão traseira";"Com Vítimas Feridas";"Pleno dia";"Crescente";"Céu Claro";"Simples";"Curva";"Não";2;0;1;0;1;0;1;2;-20,26976316;-42,06894006;"SPRF-MG";"DEL06-MG";"UOP03-DEL06-MG"
304103;2020-08-28;"sexta-feira";"16:08:00";"MG";40;552,5;"NOVA LIMA";"Desobediência às normas de trânsito pelo condutor";"Colisão frontal";"Com Vítimas Feridas";"Pleno dia";"Crescente";"Céu Claro";"Dupla";"Reta";"Sim";2;0;1;0;1;0;1;2;-20,06084086;-43,97716423;"SPRF-MG";"DEL01-MG";"UOP02-DEL01-MG"
304104;2020-08-28;"sexta-feira";"16:10:00";"MG";381;482,8;"BETIM";"Falta de Atenção à Condução";"Colisão traseira";"Com Vítimas Feridas";"Pleno dia";"Decrescente";"Céu Claro";"Dupla";"Reta";"Sim";3;0;3;0;0;0;3;2;-19,955532;-44,097209;"SPRF-MG";"DEL01-MG";"UOP03-DEL01-MG"
304106;2020-04-30;"quinta-feira";"15:00:00";"MG";116;276;"TEOFILO OTONI";"Objeto estático sobre o leito carroçável";"Danos eventuais";"Com Vítimas Feridas";"Pleno dia";"Crescente";"Ignorado";"Dupla";"Reta";"Sim";1;0;1;0;0;0;1;1;-17,85105696;-41,51454492;"SPRF-MG";"DEL11-MG";"UOP01-DEL11-MG"
304107;2020-08-28;"sexta-feira";"16:30:00";"PR";277;348,6;"GUARAPUAVA";"Desobediência às normas de trânsito pelo condutor";"Colisão transversal";"Com Vítimas Feridas";"Pleno dia";"Crescente";"Céu Claro";"Simples";"Reta";"Não";2;0;1;0;1;0;1;2;-25,385048;-51,513885;"SPRF-PR";"DEL08-PR";"UOP01-DEL08-PR"
304108;2020-08-28;"sexta-feira";"15:35:00";"PR";277;722,6;"FOZ DO IGUACU";"Defeito Mecânico no Veículo";"Tombamento";"Com Vítimas Feridas";"Pleno dia";"Crescente";"Céu Claro";"Dupla";"Reta";"Sim";2;0;2;0;0;0;2;1;-25,49494908;-54,52095097;"SPRF-PR";"DEL05-PR";"UOP03-DEL05-PR"
304109;2020-08-28;"sexta-feira";"15:40:00";"PR";376;598;"CURITIBA";"Falta de Atenção à Condução";"Saída de leito carroçável";"Com Vítimas Feridas";"Pleno dia";"Crescente";"Céu Claro";"Dupla";"Reta";"Não";6;0;1;0;4;1;1;4;-25,5188802;-49,33506947;"SPRF-PR";"DEL01-PR";"UOP01-DEL01-PR"
304112;2020-08-28;"sexta-feira";"16:30:00";"SC";470;118;"IBIRAMA";"Ingestão de Álcool";"Colisão traseira";"Com Vítimas Feridas";"Pleno dia";"Crescente";"Céu Claro";"Simples";"Curva";"Não";3;0;0;1;2;0;1;3;-27,082176;-49,511818;"SPRF-SC";"DEL04-SC";"UOP02-DEL04-SC"
304113;2020-08-28;"sexta-feira";"16:15:00";"BA";116;816;"VITORIA DA CONQUISTA";"Carga excessiva e/ou mal acondicionada";"Colisão com objeto estático";"Sem Vítimas";"Pleno dia";"Decrescente";"Céu Claro";"Simples";"Reta";"Sim";1;0;0;0;0;1;0;1;-14,77751018;-40,73036091;"SPRF-BA";"DEL08-BA";"UOP01-DEL08-BA"
304115;2020-08-28;"sexta-feira";"16:35:00";"PR";277;722,5;"FOZ DO IGUACU";"Desobediência às normas de trânsito pelo condutor";"Colisão transversal";"Com Vítimas Feridas";"Pleno dia";"Decrescente";"Sol";"Dupla";"Retorno Regulamentado";"Sim";2;0;1;0;1;0;1;2;-25,49494908;-54,52095097;"SPRF-PR";"DEL05-PR";"UOP03-DEL05-PR"