"id";"data_inversa";"dia_semana";"horario";"uf";"br";"km";"municipio";"causa_acidente";"tipo_acidente";"classificacao_acidente";"fase_dia";"sentido_via";"condicao_metereologica";"tipo_pista";"tracado_via";"uso_solo";"pessoas";"mortos";"feridos_leves";"feridos_graves";"ilesos";"ignorados";"feridos";"veiculos";"latitude";"longitude";"regional";"delegacia";"uop"
304371;2020-07-16;"quinta-feira";"17:00:00";"ES";262;7;"CARIACICA";"Falta de Atenção à Condução";"Colisão lateral";"Com Vítimas Feridas";"Pleno dia";"Crescente";"Ignorado";"Múltipla";"Reta";"Sim";4;0;0;1;3;0;1;3;-20,34398313;-40,40462494;"SPRF-ES";"DEL01-ES";"UOP01-DEL01-ES"
304373;2020-08-29;"sábado";"17:00:00";"MS";163;844;"SONORA";"Desobediência às normas de trânsito pelo condutor";"Saída de leito carroçável";"Com Vítimas Feridas";"Anoitecer";"Decrescente";"Céu Claro";"Simples";"Reta";"Não";1;0;0;1;0;0;1;1;-17,536986;-54,74086403;"SPRF-MS";"DEL06-MS";"UOP01-DEL06-MS"
304374;2020-08-29;"sábado";"18:10:00";"PI";343;2,8;"TERESINA";"Falta de Atenção à Condução";"Colisão lateral";"Com Vítimas Feridas";"Plena Noite";"Crescente";"Céu Claro";"Dupla";"Curva";"Sim";2;0;1;0;1;0;1;2;-5,089569;-42,802288;"SPRF-PI";"DEL01-PI";"UOP01-DEL01-PI"
304375;2020-08-29;"sábado";"18:30:00";"BA";235;349,3;"JUAZEIRO";"Ingestão de Álcool";"Colisão traseira";"Com Vítimas Feridas";"Plena Noite";"Decrescente";"Céu Claro";"Dupla";"Reta";"Sim";5;0;0;1;4;0;1;4;-9,4510361;-40,48456734;"SPRF-PE";"DEL06-PE";"UOP01-DEL06-PE"
304376;2020-08-29;"sábado";"15:00:00";"MG";365;212;"BURITIZEIRO";"Defeito Mecânico no Veículo";"Saída de leito carroçável";"Com Vítimas Feridas";"Pleno dia";"Decrescente";"Céu Claro";"Simples";"Reta";"Não";3;0;1;0;2;0;1;1;-17,56244988;-45,31488708;"SPRF-MG";"DEL12-MG";"UOP01-DEL12-MG"
304377;2020-08-29;"sábado";"17:50:00";"MG";50;118;"UBERABA";"Velocidade Incompatível";"Saída de leito carroçável";"Com Vítimas Feridas";"Anoitecer";"Decrescente";"Céu Claro";"Dupla";"Reta";"Não";1;0;1;0;0;0;1;1;-19,29129791;-48,11741979;"SPRF-MG";"DEL13-MG";"UOP01-DEL13-MG"
304378;2020-08-29;"sábado";"18:10:00";"SC";101;228,1;"PALHOCA";"Ingestão de Álcool";"Colisão lateral";"Sem Vítimas";"Plena Noite";"Decrescente";"Céu Claro";"Dupla";"Reta";"Não";2;0;0;0;2;0;0;2;-27,7597249;-48,63078869;"SPRF-SC";"DEL01-SC";"UOP02-DEL01-SC"
304379;2020-08-29;"sábado";"16:00:00";"RO";364;220;"PIMENTA BUENO";"Defeito Mecânico no Veículo";"Incêndio";"Sem Vítimas";"Pleno dia";"Crescente";"Céu Claro";"Simples";"Reta";"Não";4;0;0;0;4;0;0;1;-11,53403612;-61,32300909;"SPRF-RO";"DEL02-RO";"UOP02-DEL02-RO"
304380;2020-08-29;"sábado";"17:45:00";"RS";470;154;"NOVA PRATA";"Não guardar distância de segurança";"Colisão traseira";"Sem Vítimas";"Anoitecer";"Decrescente";"Nublado";"Simples";"Reta";"Sim";2;0;0;0;2;0;0;2;-28,77711311;-51,61126545;"SPRF-RS";"DEL06-RS";"UOP02-DEL06-RS"
304381;2020-08-29;"sábado";"17:10:00";"SC";282;32,2;"AGUAS MORNAS";"Velocidade Incompatível";"Saída de leito carroçável";"Com Vítimas Feridas";"Pleno dia";"Crescente";"Céu Claro";"Simples";"Reta";"Sim";1;0;0;1;0;0;1;1;-27,70116;-48,800175;"SPRF-SC";"DEL01-SC";"UOP03-DEL01-SC"
304382;2020-08-29;"sábado";"18:20:00";"RN";101;108,2;"PARNAMIRIM";"Desobediência às normas de trânsito pelo condutor";"Colisão transversal";"Com Vítimas Feridas";"Plena Noite";"Crescente";"Céu Claro";"Dupla";"Reta";"Sim";2;0;1;0;1;0;1;2;-5,92810604;-35,26500821;"SPRF-RN";"DEL01-RN";"UOP01-DEL01-RN"
304383;2020-08-29;"sábado";"17:30:00";"MT";163;777;"SORRISO";"Falta de Atenção à Condução";"Saída de leito carroçável";"Com Vítimas Feridas";"Anoitecer";"Crescente";"Céu Claro";"Simples";"Reta";"Não";1;0;1;0;0;0;1;1;-12,46639807;-55,67002686;"SPRF-MT";"DEL06-MT";"UOP01-DEL06-MT"
304384;2020-08-29;"sábado";"14:30:00";"SC";280;96,1;"CORUPA";"Desobediência às normas de trânsito pelo condutor";"Tombamento";"Com Vítimas Feridas";"Pleno dia";"Decrescente";"Céu Claro";"Simples";"Curva;Aclive";"Não";2;0;0;2;0;0;2;1;-26,38398869;-49,32183266;"SPRF-SC";"DEL06-SC";"UOP03-DEL06-SC"
304385;2020-08-29;"sábado";"17:20:00";"SP";116;442;"REGISTRO";"Falta de Atenção à Condução";"Colisão traseira";"Sem Vítimas";"Pleno dia";"Crescente";"Céu Claro";"Dupla";"Reta";"Não";2;0;0;0;2;0;0;2;-24,47609886;-47,8273532;"SPRF-SP";"DEL05-SP";"UOP01-DEL05-SP"
304387;2020-08-29;"sábado";"16:50:00";"ES";101;142;"LINHARES";"Falta de Atenção à Condução";"Colisão lateral";"Com Vítimas Feridas";"Anoitecer";"Decrescente";"Céu Claro";"Dupla";"Reta";"Não";2;0;1;0;1;0;1;2;-19,33458987;-40,06755477;"SPRF-ES";"DEL04-ES";"UOP01-DEL04-ES"
304388;2020-08-29;"sábado";"18:50:00";"SP";116;385;"MIRACATU";"Ingestão de Álcool";"Queda de ocupante de veículo";"Com Vítimas Feridas";"Plena Noite";"Decrescente";"Céu Claro";"Dupla";"Reta";"Não";1;0;0;1;0;0;1;1;-24,254993;-47,375412;"SPRF-SP";"DEL04-SP";"UOP02-DEL04-SP"
304389;2020-08-29;"sábado";"16:40:00";"SC";282;607;"MARAVILHA";"Desobediência às normas de trânsito pelo condutor";"Colisão lateral";"Com Vítimas Feridas";"Pleno dia";"Decrescente";"Céu Claro";"Simples";"Reta";"Não";2;0;1;0;0;1;1;2;-26,770204;-53,20937;"SPRF-SC";"DEL07-SC";"UOP02-DEL07-SC"
304390;2020-08-29;"sábado";"17:40:00";"AL";316;264;"SATUBA";"Ingestão de Álcool";"Atropelamento de Pedestre";"Com Vítimas Feridas";"Anoitecer";"Decrescente";"Céu Claro";"Simples";"Curva";"Não";2;0;0;1;1;0;1;2;-9,58847626;-35,8696781;"SPRF-AL";"DEL02-AL";"UOP01-DEL02-AL"
304391;2020-08-29;"sábado";"18:15:00";"CE";222;313;"TIANGUA";"Falta de Atenção à Condução";"Colisão transversal";"Com Vítimas Feridas";"Plena Noite";"Decrescente";"Céu Claro";"Simples";"Reta";"Não";2;0;1;0;0;1;1;2;-3,7236142;-40,99670064;"SPRF-CE";"DEL04-CE";"UOP02-DEL04-CE"
304393;2020-08-29;"sábado";"18:20:00";"DF";251;27;"BRASILIA";"Falta de Atenção à Condução";"Saída de leito carroçável";"Com Vítimas Feridas";"Plena Noite";"Decrescente";"Céu Claro";"Simples";"Reta";"Não";2;0;2;0;0;0;2;1;-15,949501;-47,692746;"SPRF-DF";"DEL01-DF";"UOP01-DEL01-DF"
304394;2020-08-29;"sábado";"19:10:00";"RS";116;300,7;"GUAIBA";"Falta de Atenção à Condução";"Colisão transversal";"Com Vítimas Feridas";"Plena Noite";"Decrescente";"Nublado";"Simples";"Reta";"Sim";2;0;0;1;1;0;1;2;-30,12368942;-51,34922543;"SPRF-RS";"DEL02-RS";"UOP01-DEL02-RS"
304395;2020-08-05;"quarta-feira";"20:15:00";"SC";101;117;"ITAJAI";"Desobediência às normas de trânsito pelo condutor";"Colisão transversal";"Com Vítimas Feridas";"Plena Noite";"Decrescente";"Céu Claro";"Dupla";"Rotatória";"Não";2;0;1;0;1;0;1;2;-26,88747187;-48,72252969;"SPRF-SC";"DEL04-SC";"UOP04-DEL04-SC"
304396;2020-08-29;"sábado";"19:05:00";"MG";381;3,1;"BETIM";"Falta de Atenção à Condução";"Colisão traseira";"Com Vítimas Feridas";"Plena Noite";"Crescente";"Céu Claro";"Múltipla";"Reta";"Sim";2;0;1;0;1;0;1;2;-19,98431927;-44,16675568;"SPRF-MG";"DEL01-MG";"UOP03-DEL01-MG"
304397;2020-08-29;"sábado";"16:45:00";"MG";381;943,5;"EXTREMA";"Desobediência às normas de trânsito pelo condutor";"Colisão traseira";"Com Vítimas Feridas";"Pleno dia";"Decrescente";"Céu Claro";"Dupla";"Reta";"Não";2;0;2;0;0;0;2;2;-22,87018424;-46,3581479;"SPRF-MG";"DEL16-MG";"UOP03-DEL16-MG"
304398;2020-08-29;"sábado";"18:55:00";"MA";316;545,9;"CAXIAS";"Animais na Pista";"Atropelamento de Animal";"Com Vítimas Feridas";"Plena Noite";"Crescente";"Céu Claro";"Simples";"Reta";"Não";2;0;1;1;0;0;2;1;-4,871758;-43,403427;"SPRF-MA";"DEL03-MA";"UOP02-DEL03-MA"
304399;2020-08-29;"sábado";"15:20:00";"RO";364;7;"VILHENA";"Ingestão de Álcool";"Colisão com objeto estático";"Com Vítimas Feridas";"Pleno dia";"Crescente";"Nublado";"Dupla";"Rotatória";"Não";1;0;0;1;0;0;1;1;-12,77528271;-60,09343457;"SPRF-RO";"DEL04-RO";"UOP01-DEL04-RO"
304401;2020-08-29;"sábado";"17:30:00";"MG";40;498,2;"ESMERALDAS";"Falta de Atenção à Condução";"Colisão traseira";"Com Vítimas Feridas";"Plena Noite";"Crescente";"Céu Claro";"Dupla";"Curva";"Sim";2;0;1;0;1;0;1;2;-19,68467685;-44,18191183;"SPRF-MG";"DEL02-MG";"UOP01-DEL02-MG"
304402;2020-08-29;"sábado";"19:00:00";"PI";343;237,2;"COCAL DE TELHA";"Falta de Atenção à Condução";"Colisão traseira";"Com Vítimas Fatais";"Plena Noite";"Decrescente";"Céu Claro";"Simples";"Reta";"Não";2;1;0;0;1;0;0;2;-4,63901;-42,032162;"SPRF-PI";"DEL01-PI";"UOP03-DEL01-PI"
304403;2020-08-29;"sábado";"19:35:00";"MG";381;2,5;"BETIM";"Falta de Atenção à Condução";"Colisão traseira";"Com Vítimas Feridas";"Plena Noite";"Crescente";"Céu Claro";"Dupla";"Aclive;Reta";"Sim";6;0;5;0;1;0;5;2;-19,983053;-44,165024;"SPRF-MG";"DEL01-MG";"UOP03-DEL01-MG"
304404;2020-08-29;"sábado";"18:35:00";"RJ";393;259,7;"BARRA DO PIRAI";"Ingestão de Álcool";"Colisão traseira";"Sem Vítimas";"Plena Noite";"Decrescente";"Céu Claro";"Simples";"Reta";"Não";4;0;0;0;4;0;0;2;-22,45351451;-43,83331967;"SPRF-RJ";"DEL05-RJ";"UOP04-DEL05-RJ"
304407;2020-08-29;"sábado";"18:30:00";"MG";50;203,8;"UBERABA";"Ingestão de Álcool";"Colisão com objeto estático";"Com Vítimas Feridas";"Plena Noite";"Decrescente";"Céu Claro";"Dupla";"Reta";"Não";3;0;0;2;1;0;2;1;-19,92627147;-47,82191068;"SPRF-MG";"DEL13-MG";"UOP01-DEL13-MG"
304409;2020-08-29;"sábado";"19:40:00";"RS";293;1,2;"PELOTAS";"Não guardar distância de segurança";"Colisão traseira";"Com Vítimas Feridas";"Plena Noite";"Decrescente";"Garoa/Chuvisco";"Simples";"Reta";"Sim";2;0;2;0;0;0;2;2;-31,760326;-52,356205;"SPRF-RS";"DEL07-RS";"UOP01-DEL07-RS"
304410;2020-08-29;"sábado";"19:00:00";"RS";392;87;"PELOTAS";"Ingestão de Álcool";"Colisão traseira";"Com Vítimas Feridas";"Plena Noite";"Decrescente";"Chuva";"Simples";"Declive";"Não";3;0;1;0;2;0;1;2;-31,62766;-52,499901;"SPRF-RS";"DEL07-RS";"UOP01-DEL07-RS"
304411;2020-08-29;"sábado";"19:01:00";"MG";40;774,4;"JUIZ DE FORA";"Ingestão de Álcool";"Colisão frontal";"Com Vítimas Feridas";"Plena Noite";"Crescente";"Céu Claro";"Dupla";"Reta";"Não";3;0;1;0;2;0;1;2;-21,65471594;-43,43393326;"SPRF-MG";"DEL05-MG";"UOP01-DEL05-MG"
304412;2020-08-29;"sábado";"19:05:00";"MA";135;304,9;"DOM PEDRO";"Falta de Atenção à Condução";"Colisão frontal";"Com Vítimas Feridas";"Plena Noite";"Crescente";"Céu Claro";"Simples";"Reta";"Sim";2;0;2;0;0;0;2;2;-4,99277573;-44,42679545;"SPRF-MA";"DEL03-MA";"UOP01-DEL03-MA"
304413;2020-08-29;"sábado";"19:10:00";"DF";70;11,2;"BRASILIA";"Desobediência às normas de trânsito pelo condutor";"Colisão traseira";"Com Vítimas Feridas";"Plena Noite";"Crescente";"Céu Claro";"Dupla";"Retorno Regulamentado;Reta";"Sim";2;0;2;0;0;0;2;2;-15,789762;-48,148727;"SPRF-DF";"DEL03-DF";"UOP02-DEL03-DF"
304414;2020-08-29;"sábado";"19:50:00";"PR";369;173,3;"ROLANDIA";"Falta de Atenção à Condução";"Colisão transversal";"Com Vítimas Feridas";"Plena Noite";"Crescente";"Céu Claro";"Simples";"Reta";"Sim";2;0;0;1;1;0;1;2;-23,3112529;-51,37075067;"SPRF-PR";"DEL07-PR";"UOP01-DEL07-PR"
304415;2020-08-29;"sábado";"17:35:00";"BA";110;203;"CIPO";"Ingestão de Álcool";"Colisão frontal";"Com Vítimas Feridas";"Anoitecer";"Decrescente";"Céu Claro";"Simples";"Reta";"Não";2;0;0;1;1;0;1;2;-11,1335009;-38,51534268;"SPRF-BA";"DEL07-BA";"UOP02-DEL07-BA"
304416;2020-08-29;"sábado";"15:00:00";"SC";163;68,9;"SAO MIGUEL DO OESTE";"Falta de Atenção à Condução";"Colisão transversal";"Com Vítimas Feridas";"Pleno dia";"Decrescente";"Sol";"Dupla";"Reta";"Sim";3;0;2;0;1;0;2;2;-26,73098884;-53,51075649;"SPRF-SC";"DEL07-SC";"UOP03-DEL07-SC"
304418;2020-08-29;"sábado";"19:00:00";"MT";364;392;"CUIABA";"Falta de Atenção à Condução";"Colisão com objeto em movimento";"Com Vítimas Feridas";"Plena Noite";"Crescente";"Céu Claro";"Dupla";"Desvio Temporário";"Não";3;0;1;1;0;1;2;3;-15,68459594;-55,91773371;"SPRF-MT";"DEL01-MT";"UOP02-DEL01-MT"
304420;2020-08-29;"sábado";"20:10:00";"PR";369;207;"APUCARANA";"Ingestão de Álcool";"Colisão traseira";"Sem Vítimas";"Plena Noite";"Crescente";"Céu Claro";"Simples";"Interseção de Vias";"Sim";2;0;0;0;1;1;0;2;-23,56284636;-51,48802757;"SPRF-PR";"DEL07-PR";"UOP03-DEL07-PR"
304421;2020-08-29;"sábado";"11:30:00";"AL";101;87,3;"RIO LARGO";"Defeito Mecânico no Veículo";"Tombamento";"Com Vítimas Feridas";"Pleno dia";"Decrescente";"Céu Claro";"Dupla";"Reta";"Não";2;0;2;0;0;0;2;1;-9,48015866;-35,88544047;"SPRF-AL";"DEL01-AL";"UOP01-DEL01-AL"
304425;2020-08-29;"sábado";"20:20:00";"SC";280;263;"IRINEOPOLIS";"Ingestão de Álcool";"Colisão lateral";"Com Vítimas Feridas";"Pleno dia";"Crescente";"Céu Claro";"Simples";"Reta";"Não";2;0;1;0;1;0;1;2;-26,262463;-50,668205;"SPRF-SC";"DEL06-SC";"UOP04-DEL06-SC"
304426;2020-08-29;"sábado";"20:30:00";"RS";290;11;"OSORIO";"Falta de Atenção à Condução";"Colisão traseira";"Com Vítimas Feridas";"Plena Noite";"Decrescente";"Garoa/Chuvisco";"Dupla";"Curva";"Não";7;0;2;0;5;0;2;2;-29,888996;-50,383354;"SPRF-RS";"DEL03-RS";"UOP01-DEL03-RS"
304429;2020-08-29;"sábado";"19:15:00";"RR";174;503;"BOA VISTA";"Falta de Atenção à Condução";"Colisão traseira";"Com Vítimas Feridas";"Plena Noite";"Crescente";"Chuva";"Dupla";"Rotatória";"Sim";3;0;1;0;2;0;1;2;2,794901;-60,698441;"SPRF-RR";"DEL01-RR";"UOP01-DEL01-RR"
304431;2020-08-29;"sábado";"10:40:00";"MA";222;653;"ACAILANDIA";"Desobediência às normas de trânsito pelo condutor";"Colisão frontal";"Com Vítimas Feridas";"Pleno dia";"Decrescente";"Céu Claro";"Simples";"Curva";"Não";7;0;0;1;5;1;1;4;-4,84191782;-47,29429252;"SPRF-MA";"DEL04-MA";"UOP03-DEL04-MA"
304435;2020-08-29;"sábado";"20:30:00";"MG";40;807,5;"MATIAS BARBOSA";"Animais na Pista";"Atropelamento de Animal";"Com Vítimas Feridas";"Plena Noite";"Decrescente";"Céu Claro";"Dupla";"Reta";"Não";1;0;1;0;0;0;1;1;-21,86785528;-43,35552904;"SPRF-MG";"DEL05-MG";"UOP01-DEL05-MG"
304436;2020-08-29;"sábado";"21:00:00";"PR";369;149;"LONDRINA";"Ingestão de Álcool";"Colisão traseira";"Sem Vítimas";"Plena Noite";"Crescente";"Céu Claro";"Dupla";"Aclive;Reta;Interseção de Vias";"Sim";2;0;0;0;2;0;0;2;-23,29293185;-51,15378369;"SPRF-PR";"DEL07-PR";"UOP01-DEL07-PR"
304437;2020-08-29;"sábado";"19:50:00";"RJ";101;424;"MANGARATIBA";"Defeito Mecânico no Veículo";"Saída de leito carroçável";"Com Vítimas Feridas";"Plena Noite";"Crescente";"Céu Claro";"Dupla";"Aclive";"Não";2;0;2;0;0;0;2;1;-22,92127842;-43,95599173;"SPRF-RJ";"DEL03-RJ";"UOP03-DEL03-RJ"
304438;2020-08-29;"sábado";"18:45:00";"PR";0;0;"UNIAO DA VITORIA";"Falta de Atenção à Condução";"Saída de leito carroçável";"Com Vítimas Feridas";"Plena Noite";"Não Informado";"Céu Claro";"Simples";"Reta";"Não";1;0;0;1;0;0;1;1;-26,198339;-51,053631;"SPRF-PR";"DEL02-PR";"UOP03-DEL02-PR"
304440;2020-08-29;"sábado";"19:40:00";"DF";20;12,4;"BRASILIA";"Velocidade Incompatível";"Colisão traseira";"Com Vítimas Fatais";"Plena Noite";"Decrescente";"Céu Claro";"Dupla";"Reta";"Sim";3;1;0;1;1;0;1;2;-15,641173;-47,754807;"SPRF-DF";"DEL02-DF";"UOP01-DEL02-DF"
304442;2020-08-29;"sábado";"20:20:00";"MS";163;671;"RIO VERDE DE MATO GROSSO";"Velocidade Incompatível";"Saída de leito carroçável";"Com Vítimas Feridas";"Plena Noite";"Crescente";"Céu Claro";"Simples";"Reta";"Não";1;0;0;1;0;0;1;1;-18,99920001;-54,83388816;"SPRF-MS";"DEL06-MS";"UOP02-DEL06-MS"
304443;2020-08-29;"sábado";"19:10:00";"PR";476;183,7;"LAPA";"Desobediência às normas de trânsito pelo condutor";"Colisão frontal";"Com Vítimas Fatais";"Plena Noite";"Decrescente";"Céu Claro";"Simples";"Reta";"Sim";5;1;2;1;0;1;3;3;-25,715963;-49,617252;"SPRF-PR";"DEL02-PR";"UOP04-DEL02-PR"
304447;2020-08-29;"sábado";"18:40:00";"PI";135;125;"BERTOLINIA";"Falta de Atenção à Condução";"Tombamento";"Com Vítimas Fatais";"Plena Noite";"Decrescente";"Céu Claro";"Simples";"Reta";"Não";1;1;0;0;0;0;0;1;-7,6506515;-43,952908;"SPRF-PI";"DEL03-PI";"UOP01-DEL03-PI"
304448;2020-08-29;"sábado";"21:20:00";"RS";116;382;"CAMAQUA";"Falta de Atenção à Condução";"Saída de leito carroçável";"Sem Vítimas";"Plena Noite";"Decrescente";"Chuva";"Dupla";"Reta";"Não";1;0;0;0;0;1;0;1;-30,78155953;-51,66243252;"SPRF-RS";"DEL02-RS";"UOP02-DEL02-RS"
304449;2020-08-29;"sábado";"22:00:00";"GO";153;506;"APARECIDA DE GOIANIA";"Falta de Atenção à Condução";"Queda de ocupante de veículo";"Com Vítimas Feridas";"Plena Noite";"Crescente";"Céu Claro";"Dupla";"Reta";"Não";1;0;0;1;0;0;1;1;-16,7633;-49,24;"SPRF-GO";"DEL01-GO";"UOP01-DEL01-GO"
304450;2020-08-29;"sábado";"22:20:00";"PI";316;376;"VILA NOVA DO PIAUI";"Ingestão de Álcool";"Colisão traseira";"Com Vítimas Feridas";"Plena Noite";"Decrescente";"Céu Claro";"Simples";"Reta";"Não";4;0;2;0;2;0;2;2;-7,17586396;-40,90114094;"SPRF-PI";"DEL04-PI";"UOP03-DEL04-PI"
304459;2020-08-29;"sábado";"22:45:00";"PR";277;727,8;"FOZ DO IGUACU";"Falta de Atenção à Condução";"Queda de ocupante de veículo";"Com Vítimas Feridas";"Plena Noite";"Decrescente";"Céu Claro";"Dupla";"Reta";"Sim";1;0;1;0;0;0;1;1;-25,5095967;-54,5950868;"SPRF-PR";"DEL05-PR";"UOP03-DEL05-PR"
304460;2020-08-29;"sábado";"21:05:00";"PR";153;474;"PORTO VITORIA";"Falta de Atenção à Condução";"Tombamento";"Com Vítimas Feridas";"Plena Noite";"Decrescente";"Céu Claro";"Simples";"Reta";"Não";1;0;0;1;0;0;1;1;-26,32710798;-51,24077082;"SPRF-PR";"DEL02-PR";"UOP03-DEL02-PR"
304461;2020-08-29;"sábado";"22:50:00";"RJ";116;107;"GUAPIMIRIM";"Falta de Atenção à Condução";"Colisão traseira";"Com Vítimas Feridas";"Plena Noite";"Decrescente";"Céu Claro";"Dupla";"Reta";"Sim";3;0;3;0;0;0;3;2;-22,52826187;-42,99737551;"SPRF-RJ";"DEL04-RJ";"UOP02-DEL04-RJ"
304462;2020-08-29;"sábado";"23:00:00";"RS";386;343,9;"LAJEADO";"Defeito Mecânico no Veículo";"Queda de ocupante de veículo";"Com Vítimas Feridas";"Plena Noite";"Decrescente";"Nublado";"Simples";"Reta";"Sim";1;0;1;0;0;0;1;1;-29,434835;-52,002365;"SPRF-RS";"DEL04-RS";"UOP01-DEL04-RS"
304463;2020-08-29;"sábado";"19:45:00";"RO";425;143;"GUAJARA-MIRIM";"Desobediência às normas de trânsito pelo condutor";"Colisão traseira";"Sem Vítimas";"Plena Noite";"Decrescente";"Céu Claro";"Dupla";"Reta";"Sim";2;0;0;0;2;0;0;2;-10,779166;-65,331947;"SPRF-RO";"DEL01-RO";"UOP03-DEL01-RO"
304464;2020-08-29;"sábado";"20:30:00";"MG";262;34,9;"MANHUACU";"Falta de Atenção à Condução";"Atropelamento de Pedestre";"Com Vítimas Feridas";"Pleno dia";"Crescente";"Céu Claro";"Simples";"Reta";"Sim";8;0;2;0;1;5;2;2;-20,25692664;-42,01099203;"SPRF-MG";"DEL06-MG";"UOP03-DEL06-MG"
304465;2020-08-29;"sábado";"22:00:00";"RJ";393;283;"VOLTA REDONDA";"Desobediência às normas de trânsito pelo condutor";"Colisão frontal";"Com Vítimas Feridas";"Plena Noite";"Crescente";"Céu Claro";"Simples";"Reta";"Sim";2;0;0;1;1;0;1;2;-22,47606388;-44,04976392;"SPRF-RJ";"DEL05-RJ";"UOP04-DEL05-RJ"
304466;2020-08-29;"sábado";"22:10:00";"SC";101;333,2;"TUBARAO";"Falta de Atenção à Condução";"Saída de leito carroçável";"Com Vítimas Feridas";"Plena Noite";"Decrescente";"Céu Claro";"Dupla";"Reta";"Sim";3;0;2;1;0;0;3;1;-28,46630107;-48,99653096;"SPRF-SC";"DEL02-SC";"UOP01-DEL02-SC"
304467;2020-08-29;"sábado";"22:50:00";"MG";40;517;"RIBEIRAO DAS NEVES";"Animais na Pista";"Atropelamento de Animal";"Com Vítimas Feridas";"Plena Noite";"Crescente";"Céu Claro";"Dupla";"Reta";"Sim";1;0;1;0;0;0;1;1;-19,82351202;-44,08438913;"SPRF-MG";"DEL01-MG";"UOP02-DEL01-MG"
304468;2020-08-29;"sábado";"22:50:00";"GO";70;10;"AGUAS LINDAS DE GOIAS";"Ingestão de Álcool";"Saída de leito carroçável";"Sem Vítimas";"Plena Noite";"Crescente";"Céu Claro";"Dupla";"Declive;Reta";"Sim";1;0;0;0;1;0;0;1;-15,73738129;-48,29228118;"SPRF-DF";"DEL03-DF";"UOP02-DEL03-DF"
304469;2020-08-29;"sábado";"23:25:00";"SP";381;37;"ATIBAIA";"Velocidade Incompatível";"Colisão traseira";"Com Vítimas Feridas";"Plena Noite";"Decrescente";"Céu Claro";"Múltipla";"Aclive;Curva";"Sim";4;0;1;0;3;0;1;2;-23,10506237;-46,56881577;"SPRF-SP";"DEL03-SP";"UOP01-DEL03-SP"
304471;2020-08-29;"sábado";"19:05:00";"MS";163;20;"MUNDO NOVO";"Desobediência às normas de trânsito pelo condutor";"Colisão transversal";"Sem Vítimas";"Plena Noite";"Crescente";"Céu Claro";"Simples";"Reta";"Sim";3;0;0;0;3;0;0;2;-23,92260018;-54,28578615;"SPRF-MS";"DEL09-MS";"UOP02-DEL09-MS"
304472;2020-08-29;"sábado";"23:50:00";"CE";222;4,1;"CAUCAIA";"Falta de Atenção à Condução";"Colisão com objeto estático";"Com Vítimas Feridas";"Plena Noite";"Decrescente";"Céu Claro";"Múltipla";"Reta";"Sim";2;0;0;1;0;1;1;1;-3,74172865;-38,60625928;"SPRF-CE";"DEL01-CE";"UOP01-DEL01-CE"
304473;2020-08-29;"sábado";"21:35:00";"PB";230;120,4;"RIACHAO DO BACAMARTE";"Falta de Atenção à Condução";"Colisão lateral";"Sem Vítimas";"Plena Noite";"Crescente";"Céu Claro";"Dupla";"Reta";"Não";4;0;0;0;4;0;0;2;-7,2436;-35,6395;"SPRF-PB";"DEL02-PB";"UOP01-DEL02-PB"
304475;2020-08-29;"sábado";"22:15:00";"MS";163;248,3;"DOURADOS";"Falta de Atenção à Condução";"Colisão com objeto estático";"Sem Vítimas";"Plena Noite";"Decrescente";"Céu Claro";"Simples";"Rotatória";"Não";1;0;0;0;1;0;0;1;-22,3238991;-54,81909239;"SPRF-MS";"DEL04-MS";"UOP01-DEL04-MS"
304476;2020-08-29;"sábado";"23:30:00";"SC";282;569,8;"NOVA ERECHIM";"Ingestão de Álcool";"Colisão lateral";"Com Vítimas Feridas";"Plena Noite";"Decrescente";"Céu Claro";"Simples";"Reta";"Não";2;0;1;0;1;0;1;2;-26,89298529;-52,92788029;"SPRF-SC";"DEL07-SC";"UOP02-DEL07-SC"
304477;2020-08-30;"domingo";"00:00:00";"PR";277;123;"CAMPO LARGO";"Ingestão de Álcool";"Tombamento";"Com Vítimas Feridas";"Plena Noite";"Decrescente";"Céu Claro";"Dupla";"Curva";"Não";1;0;1;0;0;0;1;1;-25,44558428;-49,46924586;"SPRF-PR";"DEL01-PR";"UOP03-DEL03-PR"
304479;2020-08-29;"sábado";"22:25:00";"AC";364;136,5;"RIO BRANCO";"Ingestão de Álcool";"Tombamento";"Com Vítimas Feridas";"Plena Noite";"Decrescente";"Céu Claro";"Dupla";"Rotatória";"Sim";1;0;1;0;0;0;1;1;-9,977578;-67,8489;"SPRF-AC";"DEL01-AC";"UOP01-DEL01-AC"
304480;2020-08-30;"domingo";"00:30:00";"GO";60;179,2;"ABADIA DE GOIAS";"Condutor Dormindo";"Saída de leito carroçável";"Com Vítimas Feridas";"Plena Noite";"Decrescente";"Céu Claro";"Dupla";"Curva";"Não";1;0;1;0;0;0;1;1;-16,77012023;-49,48323228;"SPRF-GO";"DEL01-GO";"UOP02-DEL01-GO"
304481;2020-08-29;"sábado";"23:50:00";"PR";476;172;"CONTENDA";"Falta de Atenção à Condução";"Colisão frontal";"Com Vítimas Feridas";"Plena Noite";"Crescente";"Céu Claro";"Dupla";"Reta";"Não";3;0;1;0;2;0;1;3;-25,676279;-49,518272;"SPRF-PR";"DEL01-PR";"UOP03-DEL01-PR"
304482;2020-08-29;"sábado";"22:40:00";"AC";317;288;"EPITACIOLANDIA";"Falta de Atenção à Condução";"Colisão lateral";"Com Vítimas Feridas";"Plena Noite";"Decrescente";"Céu Claro";"Simples";"Aclive";"Não";2;0;0;1;0;1;1;2;-11,02960869;-68,70038516;"SPRF-AC";"DEL01-AC";"UOP02-DEL01-AC"