"id";"data_inversa";"dia_semana";"horario";"uf";"br";"km";"municipio";"causa_acidente";"tipo_acidente";"classificacao_acidente";"fase_dia";"sentido_via";"condicao_metereologica";"tipo_pista";"tracado_via";"uso_solo";"pessoas";"mortos";"feridos_leves";"feridos_graves";"ilesos";"ignorados";"feridos";"veiculos";"latitude";"longitude";"regional";"delegacia";"uop"
304483;2020-08-30;"domingo";"00:30:00";"RS";448;9;"CANOAS";"Falta de Atenção à Condução";"Colisão com objeto estático";"Sem Vítimas";"Plena Noite";"Crescente";"Chuva";"Dupla";"Reta";"Sim";1;0;0;0;1;0;0;1;-29,896093;-51,244072;"SPRF-RS";"DEL01-RS";"UOP02-DEL01-RS"
304484;2020-08-30;"domingo";"00:55:00";"PR";277;104;"CURITIBA";"Falta de Atenção à Condução";"Saída de leito carroçável";"Sem Vítimas";"Plena Noite";"Crescente";"Céu Claro";"Dupla";"Reta";"Sim";1;0;0;0;0;1;0;1;-25,49678798;-49,3426549;"SPRF-PR";"DEL01-PR";"UOP01-DEL01-PR"
304485;2020-08-29;"sábado";"22:40:00";"PI";135;615;"CRISTALANDIA DO PIAUI";"Falta de Atenção à Condução";"Colisão traseira";"Com Vítimas Feridas";"Plena Noite";"Crescente";"Céu Claro";"Simples";"Reta";"Não";4;0;0;3;0;1;3;3;-10,62916204;-45,19315805;"SPRF-PI";"DEL03-PI";"UOP02-DEL03-PI"
304486;2020-08-30;"domingo";"00:30:00";"CE";116;7;"FORTALEZA";"Ingestão de Álcool";"Colisão traseira";"Com Vítimas Feridas";"Plena Noite";"Crescente";"Céu Claro";"Dupla";"Reta";"Sim";2;0;1;0;1;0;1;2;-3,80789385;-38,50178003;"SPRF-CE";"DEL01-CE";"UOP02-DEL01-CE"
304488;2020-08-29;"sábado";"23:15:00";"SC";101;39;"JOINVILLE";"Desobediência às normas de trânsito pelo condutor";"Capotamento";"Com Vítimas Feridas";"Plena Noite";"Decrescente";"Nevoeiro/Neblina";"Dupla";"Reta";"Sim";1;0;0;1;0;0;1;1;-26,29809145;-48,88351679;"SPRF-SC";"DEL03-SC";"UOP01-DEL03-SC"
304489;2020-08-29;"sábado";"23:30:00";"SC";101;39;"JOINVILLE";"Ingestão de Álcool";"Colisão com objeto estático";"Sem Vítimas";"Plena Noite";"Crescente";"Garoa/Chuvisco";"Simples";"Reta";"Sim";1;0;0;0;1;0;0;1;-26,2628107;-48,90192257;"SPRF-SC";"DEL03-SC";"UOP01-DEL03-SC"
304491;2020-08-30;"domingo";"00:25:00";"PE";101;49,7;"ABREU E LIMA";"Desobediência às normas de trânsito pelo condutor";"Colisão frontal";"Sem Vítimas";"Plena Noite";"Decrescente";"Nublado";"Simples";"Reta";"Sim";2;0;0;0;1;1;0;2;-7,9005152;-34,90180641;"SPRF-PE";"DEL01-PE";"UOP02-DEL01-PE"
304494;2020-08-30;"domingo";"00:30:00";"GO";60;36,8;"GOIANIA";"Falta de Atenção à Condução";"Colisão lateral";"Sem Vítimas";"Plena Noite";"Crescente";"Céu Claro";"Dupla";"Curva";"Não";2;0;0;0;2;0;0;2;-16,73411226;-49,34841871;"SPRF-GO";"DEL01-GO";"UOP02-DEL01-GO"
304496;2020-08-30;"domingo";"01:20:00";"RS";290;144,3;"ELDORADO DO SUL";"Velocidade Incompatível";"Saída de leito carroçável";"Com Vítimas Feridas";"Plena Noite";"Decrescente";"Chuva";"Simples";"Interseção de Vias";"Sim";2;0;1;1;0;0;2;1;-30,10110649;-51,65818195;"SPRF-RS";"DEL02-RS";"UOP01-DEL02-RS"
304498;2020-08-30;"domingo";"01:40:00";"RJ";116;273,2;"BARRA MANSA";"Ingestão de Álcool";"Queda de ocupante de veículo";"Com Vítimas Feridas";"Plena Noite";"Decrescente";"Céu Claro";"Dupla";"Curva";"Sim";1;0;0;1;0;0;1;1;-22,54586743;-44,18485267;"SPRF-RJ";"DEL07-RJ";"UOP02-DEL07-RJ"
304499;2020-08-30;"domingo";"02:20:00";"SC";101;211,8;"PALHOCA";"Falta de Atenção à Condução";"Queda de ocupante de veículo";"Com Vítimas Feridas";"Plena Noite";"Crescente";"Nevoeiro/Neblina";"Múltipla";"Reta";"Não";1;0;1;0;0;0;1;1;-27,62329313;-48,65245588;"SPRF-SC";"DEL01-SC";"UOP02-DEL01-SC"
304500;2020-08-30;"domingo";"02:00:00";"RS";116;252;"SAPUCAIA DO SUL";"Animais na Pista";"Atropelamento de Animal";"Sem Vítimas";"Plena Noite";"Crescente";"Chuva";"Dupla";"Reta";"Não";1;0;0;0;1;0;0;1;-29,80913395;-51,1675292;"SPRF-RS";"DEL01-RS";"UOP02-DEL01-RS"
304501;2020-08-30;"domingo";"02:30:00";"RS";386;272,3;"FONTOURA XAVIER";"Ingestão de Álcool";"Saída de leito carroçável";"Com Vítimas Feridas";"Plena Noite";"Decrescente";"Garoa/Chuvisco";"Simples";"Reta";"Não";1;0;1;0;0;0;1;1;-28,98914;-52,366314;"SPRF-RS";"DEL04-RS";"UOP03-DEL04-RS"
304502;2020-08-30;"domingo";"01:50:00";"RJ";40;84;"PETROPOLIS";"Condutor Dormindo";"Colisão com objeto estático";"Com Vítimas Feridas";"Plena Noite";"Decrescente";"Céu Claro";"Simples";"Curva";"Não";1;0;1;0;0;0;1;1;-22,54078132;-43,22433472;"SPRF-RJ";"DEL06-RJ";"UOP01-DEL06-RJ"
304503;2020-08-30;"domingo";"03:20:00";"SP";116;221;"GUARULHOS";"Falta de Atenção à Condução";"Colisão com objeto estático";"Com Vítimas Feridas";"Plena Noite";"Decrescente";"Nublado";"Múltipla";"Reta";"Sim";2;0;1;0;1;0;1;2;-23,46802395;-46,50704901;"SPRF-SP";"DEL01-SP";"UOP01-DEL01-SP"
304504;2020-08-30;"domingo";"02:25:00";"SP";116;124;"CACAPAVA";"Avarias e/ou desgaste excessivo no pneu";"Colisão lateral";"Sem Vítimas";"Plena Noite";"Crescente";"Céu Claro";"Dupla";"Reta";"Não";1;0;0;0;1;0;0;1;-23,093116;-45,677904;"SPRF-SP";"DEL06-SP";"UOP01-DEL06-SP"
304506;2020-08-30;"domingo";"04:10:00";"PE";101;90;"CABO DE SANTO AGOSTINHO";"Falta de Atenção à Condução";"Colisão lateral";"Sem Vítimas";"Plena Noite";"Crescente";"Céu Claro";"Simples";"Reta";"Sim";2;0;0;0;1;1;0;2;-8,23236509;-34,97653207;"SPRF-PE";"DEL01-PE";"UOP03-DEL01-PE"
304507;2020-08-30;"domingo";"03:45:00";"CE";20;304;"CANINDE";"Falta de Atenção à Condução";"Saída de leito carroçável";"Com Vítimas Feridas";"Plena Noite";"Decrescente";"Céu Claro";"Dupla";"Rotatória";"Não";2;0;2;0;0;0;2;1;-4,38288903;-39,31099494;"SPRF-CE";"DEL02-CE";"UOP01-DEL02-CE"
304508;2020-08-30;"domingo";"04:20:00";"MG";365;613;"UBERLANDIA";"Ingestão de Álcool";"Colisão com objeto estático";"Com Vítimas Feridas";"Plena Noite";"Decrescente";"Céu Claro";"Dupla";"Reta";"Sim";2;0;0;1;1;0;1;1;-18,884602;-48,26594;"SPRF-MG";"DEL15-MG";"UOP01-DEL15-MG"
304509;2020-08-30;"domingo";"04:30:00";"RJ";40;113,2;"DUQUE DE CAXIAS";"Condutor Dormindo";"Colisão com objeto estático";"Com Vítimas Feridas";"Plena Noite";"Crescente";"Céu Claro";"Múltipla";"Reta";"Não";1;0;0;1;0;0;1;1;-22,70948502;-43,29040354;"SPRF-RJ";"DEL01-RJ";"UOP01-DEL01-RJ"
304510;2020-08-30;"domingo";"04:35:00";"MG";381;559,1;"ITAGUARA";"Condutor Dormindo";"Colisão traseira";"Com Vítimas Feridas";"Plena Noite";"Decrescente";"Céu Claro";"Dupla";"Reta";"Não";3;0;1;0;2;0;1;1;-20,3999848;-44,50561523;"SPRF-MG";"DEL04-MG";"UOP03-DEL04-MG"
304511;2020-08-30;"domingo";"03:45:00";"MG";381;624,3;"OLIVEIRA";"Condutor Dormindo";"Saída de leito carroçável";"Com Vítimas Feridas";"Plena Noite";"Crescente";"Céu Claro";"Dupla";"Curva";"Não";4;0;3;0;1;0;3;1;-20,817322;-44,795982;"SPRF-MG";"DEL04-MG";"UOP01-DEL04-MG"
304512;2020-08-30;"domingo";"04:40:00";"CE";20;191;"BOA VIAGEM";"Condutor Dormindo";"Capotamento";"Com Vítimas Feridas";"Plena Noite";"Decrescente";"Céu Claro";"Simples";"Reta";"Não";5;0;4;1;0;0;5;1;-5,21336004;-39,79908397;"SPRF-CE";"DEL02-CE";"UOP02-DEL02-CE"
304516;2020-08-30;"domingo";"00:30:00";"MG";116;180,2;"CARAI";"Desobediência às normas de trânsito pelo condutor";"Colisão frontal";"Com Vítimas Fatais";"Plena Noite";"Decrescente";"Céu Claro";"Simples";"Reta";"Não";8;1;5;2;0;0;7;2;-17,08489136;-41,48608495;"SPRF-MG";"DEL11-MG";"UOP01-DEL11-MG"
304517;2020-08-30;"domingo";"05:00:00";"MG";116;726,3;"LARANJAL";"Condutor Dormindo";"Saída de leito carroçável";"Com Vítimas Feridas";"Plena Noite";"Decrescente";"Nublado";"Simples";"Aclive;Curva";"Não";1;0;1;0;0;0;1;1;-21,28972825;-42,41763654;"SPRF-MG";"DEL07-MG";"UOP02-DEL07-MG"
304518;2020-08-30;"domingo";"06:30:00";"SP";116;287;"ITAPECERICA DA SERRA";"Falta de Atenção à Condução";"Tombamento";"Com Vítimas Feridas";"Amanhecer";"Crescente";"Nublado";"Dupla";"Reta";"Não";2;0;2;0;0;0;2;1;-23,69873586;-46,8667997;"SPRF-SP";"DEL04-SP";"UOP01-DEL04-SP"
304519;2020-08-30;"domingo";"03:30:00";"PA";10;315;"IRITUIA";"Falta de Atenção à Condução";"Tombamento";"Com Vítimas Fatais";"Plena Noite";"Crescente";"Céu Claro";"Simples";"Reta";"Não";2;1;0;0;0;1;0;1;-1,67555692;-47,50042219;"SPRF-PA";"DEL01-PA";"UOP02-DEL01-PA"
304520;2020-08-30;"domingo";"05:20:00";"MA";10;246;"IMPERATRIZ";"Ingestão de Álcool";"Colisão transversal";"Sem Vítimas";"Pleno dia";"Crescente";"Céu Claro";"Simples";"Reta";"Sim";7;0;0;0;7;0;0;2;-5,581313;-47,438831;"SPRF-MA";"DEL04-MA";"UOP01-DEL04-MA"
304521;2020-08-30;"domingo";"04:30:00";"SC";101;68;"ARAQUARI";"Condutor Dormindo";"Saída de leito carroçável";"Com Vítimas Feridas";"Plena Noite";"Crescente";"Nevoeiro/Neblina";"Dupla";"Curva";"Não";4;0;2;0;2;0;2;1;-26,49513001;-48,73280803;"SPRF-SC";"DEL03-SC";"UOP02-DEL03-SC"
304523;2020-08-30;"domingo";"04:45:00";"SC";470;49;"BLUMENAU";"Desobediência às normas de trânsito pelo condutor";"Colisão traseira";"Sem Vítimas";"Plena Noite";"Crescente";"Céu Claro";"Dupla";"Reta";"Sim";2;0;0;0;2;0;0;2;-26,860662;-49,065159;"SPRF-SC";"DEL04-SC";"UOP01-DEL04-SC"
304524;2020-08-30;"domingo";"07:10:00";"MG";356;264,9;"MURIAE";"Desobediência às normas de trânsito pelo condutor";"Colisão lateral";"Com Vítimas Feridas";"Pleno dia";"Crescente";"Sol";"Simples";"Reta";"Sim";2;0;2;0;0;0;2;2;-21,12552649;-42,37547729;"SPRF-MG";"DEL07-MG";"UOP02-DEL07-MG"
304526;2020-08-30;"domingo";"07:20:00";"GO";60;377;"RIO VERDE";"Falta de Atenção à Condução";"Saída de leito carroçável";"Com Vítimas Fatais";"Pleno dia";"Decrescente";"Céu Claro";"Dupla";"Reta";"Não";1;1;0;0;0;0;0;1;-17,7251;-50,8623;"SPRF-GO";"DEL04-GO";"UOP01-DEL04-GO"
304527;2020-08-29;"sábado";"10:40:00";"MT";174;15;"PONTES E LACERDA";"Falta de Atenção à Condução";"Queda de ocupante de veículo";"Com Vítimas Feridas";"Pleno dia";"Decrescente";"Céu Claro";"Simples";"Reta";"Não";1;0;0;1;0;0;1;1;-15,226537;-59,335728;"SPRF-MT";"DEL04-MT";"UOP01-DEL04-MT"
304528;2020-08-30;"domingo";"03:50:00";"RJ";116;141;"DUQUE DE CAXIAS";"Falta de Atenção à Condução";"Colisão traseira";"Com Vítimas Feridas";"Amanhecer";"Decrescente";"Céu Claro";"Múltipla";"Reta";"Sim";4;0;2;0;2;0;2;2;-22,64724486;-43,22083001;"SPRF-RJ";"DEL04-RJ";"UOP02-DEL04-RJ"
304529;2020-08-30;"domingo";"04:00:00";"PR";163;97,8;"CAPANEMA";"Desobediência às normas de trânsito pelo condutor";"Saída de leito carroçável";"Sem Vítimas";"Plena Noite";"Crescente";"Céu Claro";"Simples";"Curva;Declive";"Não";1;0;0;0;0;1;0;1;-25,62969507;-53,80374576;"SPRF-PR";"DEL02-PR";"UOP02-DEL02-PR"
304530;2020-08-30;"domingo";"07:00:00";"RJ";116;144;"DUQUE DE CAXIAS";"Defeito Mecânico no Veículo";"Queda de ocupante de veículo";"Com Vítimas Feridas";"Pleno dia";"Decrescente";"Céu Claro";"Simples";"Curva";"Não";1;0;1;0;0;0;1;1;-22,65737709;-43,24724694;"SPRF-RJ";"DEL01-RJ";"UOP01-DEL01-RJ"
304532;2020-08-30;"domingo";"02:30:00";"CE";20;416,5;"MARACANAU";"Falta de Atenção à Condução";"Saída de leito carroçável";"Sem Vítimas";"Plena Noite";"Decrescente";"Céu Claro";"Dupla";"Reta";"Sim";2;0;0;0;0;2;0;2;-3,83537353;-38,60988379;"SPRF-CE";"DEL01-CE";"UOP02-DEL01-CE"
304533;2020-08-30;"domingo";"03:30:00";"RS";158;156,6;"PANAMBI";"Condutor Dormindo";"Saída de leito carroçável";"Com Vítimas Feridas";"Plena Noite";"Decrescente";"Céu Claro";"Simples";"Reta";"Não";1;0;0;1;0;0;1;1;-28,32569999;-53,49916009;"SPRF-RS";"DEL10-RS";"UOP02-DEL10-RS"
304534;2020-08-30;"domingo";"07:30:00";"SP";116;89,3;"PINDAMONHANGABA";"Defeito Mecânico no Veículo";"Tombamento";"Com Vítimas Feridas";"Pleno dia";"Decrescente";"Sol";"Dupla";"Reta";"Não";2;0;1;0;1;0;1;1;-22,93930884;-45,37874708;"SPRF-SP";"DEL06-SP";"UOP01-DEL06-SP"
304535;2020-08-30;"domingo";"05:00:00";"MG";40;711,9;"BARBACENA";"Velocidade Incompatível";"Saída de leito carroçável";"Com Vítimas Feridas";"Plena Noite";"Crescente";"Céu Claro";"Dupla";"Curva";"Não";1;0;0;1;0;0;1;1;-21,252245;-43,673008;"SPRF-MG";"DEL05-MG";"UOP02-DEL05-MG"
304537;2020-08-30;"domingo";"06:00:00";"ES";482;102;"GUACUI";"Falta de Atenção à Condução";"Tombamento";"Com Vítimas Feridas";"Amanhecer";"Crescente";"Céu Claro";"Simples";"Reta";"Não";1;0;1;0;0;0;1;1;-20,77935298;-41,64501102;"SPRF-ES";"DEL03-ES";"UOP02-DEL03-ES"
304538;2020-08-30;"domingo";"08:30:00";"BA";324;611;"SIMOES FILHO";"Não guardar distância de segurança";"Colisão lateral";"Com Vítimas Feridas";"Pleno dia";"Decrescente";"Céu Claro";"Dupla";"Reta";"Sim";3;0;1;1;0;1;2;2;-12,83798396;-38,41427011;"SPRF-BA";"DEL01-BA";"UOP01-DEL01-BA"
304539;2020-08-30;"domingo";"08:00:00";"SP";116;130,5;"CACAPAVA";"Não guardar distância de segurança";"Colisão traseira";"Com Vítimas Feridas";"Pleno dia";"Decrescente";"Céu Claro";"Dupla";"Reta";"Sim";3;0;2;0;1;0;2;2;-23,12313858;-45,72792271;"SPRF-SP";"DEL06-SP";"UOP01-DEL06-SP"
304540;2020-08-30;"domingo";"07:25:00";"PI";230;198;"OEIRAS";"Desobediência às normas de trânsito pelo condutor";"Colisão transversal";"Com Vítimas Feridas";"Pleno dia";"Decrescente";"Céu Claro";"Simples";"Reta";"Sim";2;0;0;1;1;0;1;2;-7,013799;-42,135582;"SPRF-PI";"DEL04-PI";"UOP01-DEL04-PI"
304541;2020-08-30;"domingo";"09:00:00";"SP";116;199;"ARUJA";"Não guardar distância de segurança";"Colisão traseira";"Com Vítimas Feridas";"Pleno dia";"Decrescente";"Sol";"Dupla";"Reta";"Não";3;0;2;0;1;0;2;2;-23,40185327;-46,31154312;"SPRF-SP";"DEL01-SP";"UOP01-DEL01-SP"
304542;2020-08-30;"domingo";"09:05:00";"RJ";101;266;"RIO BONITO";"Velocidade Incompatível";"Colisão com objeto estático";"Sem Vítimas";"Pleno dia";"Decrescente";"Sol";"Dupla";"Curva";"Não";2;0;0;0;2;0;0;1;-22,70861445;-42,65178735;"SPRF-RJ";"DEL02-RJ";"UOP03-DEL02-RJ"
304546;2020-08-30;"domingo";"09:25:00";"GO";70;6,3;"AGUAS LINDAS DE GOIAS";"Defeito Mecânico no Veículo";"Queda de ocupante de veículo";"Com Vítimas Feridas";"Pleno dia";"Decrescente";"Céu Claro";"Dupla";"Reta";"Sim";2;0;1;0;1;0;1;1;-15,75049381;-48,2612381;"SPRF-DF";"DEL03-DF";"UOP02-DEL03-DF"
304547;2020-08-30;"domingo";"08:20:00";"RO";319;52;"PORTO VELHO";"Falta de Atenção à Condução";"Atropelamento de Pedestre";"Com Vítimas Feridas";"Pleno dia";"Decrescente";"Céu Claro";"Simples";"Reta";"Não";3;0;1;0;1;1;1;2;-8,74251526;-63,95113707;"SPRF-RO";"DEL01-RO";"UOP01-DEL01-RO"
304549;2020-08-30;"domingo";"09:00:00";"RS";386;236,4;"SOLEDADE";"Mal Súbito";"Queda de ocupante de veículo";"Com Vítimas Feridas";"Pleno dia";"Crescente";"Nublado";"Simples";"Reta";"Não";1;0;1;0;0;0;1;1;-28,738714;-52,553207;"SPRF-RS";"DEL04-RS";"UOP03-DEL04-RS"
304550;2020-08-30;"domingo";"09:08:00";"RS";386;205,1;"VICTOR GRAEFF";"Falta de Atenção à Condução";"Saída de leito carroçável";"Com Vítimas Feridas";"Pleno dia";"Crescente";"Nublado";"Simples";"Reta";"Não";1;0;1;0;0;0;1;1;-28,500025;-52,644905;"SPRF-RS";"DEL04-RS";"UOP03-DEL04-RS"
304552;2020-08-30;"domingo";"10:10:00";"SP";116;296;"ITAPECERICA DA SERRA";"Falta de Atenção à Condução";"Saída de leito carroçável";"Sem Vítimas";"Pleno dia";"Crescente";"Céu Claro";"Dupla";"Reta";"Sim";3;0;0;0;3;0;0;2;-23,76745153;-46,90914458;"SPRF-SP";"DEL04-SP";"UOP01-DEL04-SP"
304553;2020-08-30;"domingo";"10:20:00";"PR";376;314;"ORTIGUEIRA";"Velocidade Incompatível";"Tombamento";"Com Vítimas Feridas";"Pleno dia";"Crescente";"Céu Claro";"Simples";"Curva";"Não";1;0;1;0;0;0;1;1;-24,0189474;-51,09284357;"SPRF-PR";"DEL07-PR";"UOP03-DEL07-PR"
304556;2020-08-30;"domingo";"10:20:00";"RN";101;97;"NATAL";"Desobediência às normas de trânsito pelo condutor";"Colisão lateral";"Sem Vítimas";"Pleno dia";"Crescente";"Sol";"Dupla";"Reta";"Sim";2;0;0;0;2;0;0;2;-5,85758898;-35,21271205;"SPRF-RN";"DEL01-RN";"UOP01-DEL01-RN"
304557;2020-08-30;"domingo";"09:00:00";"MS";60;397,9;"SIDROLANDIA";"Falta de Atenção à Condução";"Colisão transversal";"Com Vítimas Feridas";"Pleno dia";"Crescente";"Céu Claro";"Simples";"Reta";"Não";3;0;2;1;0;0;3;2;-20,78194804;-54,79259283;"SPRF-MS";"DEL01-MS";"UOP04-DEL01-MS"
304561;2020-08-30;"domingo";"10:50:00";"RN";101;101;"PARNAMIRIM";"Falta de Atenção à Condução";"Colisão lateral";"Com Vítimas Feridas";"Pleno dia";"Decrescente";"Céu Claro";"Múltipla";"Reta";"Não";2;0;1;0;1;0;1;2;-5,88681084;-35,23143404;"SPRF-RN";"DEL01-RN";"UOP01-DEL01-RN"
304562;2020-08-30;"domingo";"10:40:00";"ES";101;197;"JOAO NEIVA";"Pista Escorregadia";"Saída de leito carroçável";"Com Vítimas Feridas";"Pleno dia";"Crescente";"Chuva";"Simples";"Reta";"Não";4;0;0;3;1;0;3;1;-19,71196296;-40,33447115;"SPRF-ES";"DEL04-ES";"UOP01-DEL04-ES"
304563;2020-08-30;"domingo";"10:50:00";"SP";153;103,5;"JOSE BONIFACIO";"Falta de Atenção à Condução";"Colisão transversal";"Com Vítimas Feridas";"Pleno dia";"Crescente";"Sol";"Simples";"Reta;Declive";"Não";2;0;1;0;1;0;1;2;-21,03114091;-49,64641519;"SPRF-SP";"DEL09-SP";"UOP01-DEL09-SP"
304564;2020-08-30;"domingo";"11:15:00";"MG";354;755,1;"ITAMONTE";"Ingestão de Álcool";"Colisão traseira";"Com Vítimas Feridas";"Pleno dia";"Decrescente";"Sol";"Simples";"Aclive;Curva";"Sim";2;0;0;1;1;0;1;2;-22,30998016;-44,85245881;"SPRF-MG";"DEL17-MG";"UOP01-DEL17-MG"
304565;2020-08-30;"domingo";"09:00:00";"PA";316;15;"MARITUBA";"Falta de Atenção à Condução";"Colisão traseira";"Sem Vítimas";"Pleno dia";"Crescente";"Céu Claro";"Dupla";"Reta";"Sim";2;0;0;0;2;0;0;2;-1,3662924;-48,3142352;"SPRF-PA";"DEL01-PA";"UOP01-DEL01-PA"
304567;2020-08-30;"domingo";"11:30:00";"SP";116;347,7;"MIRACATU";"Velocidade Incompatível";"Colisão traseira";"Com Vítimas Fatais";"Pleno dia";"Crescente";"Céu Claro";"Dupla";"Aclive;Curva";"Não";1;1;0;0;0;0;0;1;-24,05120602;-47,20089197;"SPRF-SP";"DEL04-SP";"UOP02-DEL04-SP"
304570;2020-08-30;"domingo";"11:10:00";"CE";116;455;"BARRO";"Desobediência às normas de trânsito pelo condutor";"Colisão transversal";"Com Vítimas Feridas";"Pleno dia";"Decrescente";"Céu Claro";"Simples";"Reta";"Sim";3;0;0;1;2;0;1;2;-7,16055698;-38,77967318;"SPRF-CE";"DEL05-CE";"UOP03-DEL05-CE"
304571;2020-08-30;"domingo";"11:30:00";"RS";471;174;"RIO PARDO";"Desobediência às normas de trânsito pelo condutor";"Colisão transversal";"Com Vítimas Feridas";"Pleno dia";"Crescente";"Chuva";"Simples";"Rotatória";"Sim";2;0;1;0;1;0;1;2;-29,98170245;-52,36963749;"SPRF-RS";"DEL02-RS";"UOP03-DEL02-RS"
304572;2020-08-30;"domingo";"10:50:00";"MS";163;501;"CAMPO GRANDE";"Defeito Mecânico no Veículo";"Tombamento";"Com Vítimas Feridas";"Pleno dia";"Crescente";"Céu Claro";"Dupla";"Declive";"Não";2;0;1;0;1;0;1;1;-20,31813699;-54,51434503;"SPRF-MS";"DEL01-MS";"UOP02-DEL01-MS"
304574;2020-08-30;"domingo";"11:45:00";"RJ";101;533;"ANGRA DOS REIS";"Desobediência às normas de trânsito pelo condutor";"Colisão transversal";"Com Vítimas Fatais";"Pleno dia";"Crescente";"Céu Claro";"Simples";"Reta";"Não";3;1;0;0;2;0;0;2;-23,01895;-44,53206;"SPRF-RJ";"DEL03-RJ";"UOP04-DEL03-RJ"
304575;2020-08-30;"domingo";"13:00:00";"PA";230;116;"MARABA";"Velocidade Incompatível";"Colisão com objeto estático";"Sem Vítimas";"Pleno dia";"Decrescente";"Céu Claro";"Múltipla";"Curva";"Sim";2;0;0;0;2;0;0;1;-5,35947454;-49,08301084;"SPRF-PA";"DEL03-PA";"UOP01-DEL03-PA"
304576;2020-08-30;"domingo";"13:00:00";"MG";40;552;"NOVA LIMA";"Falta de Atenção à Condução";"Colisão lateral";"Com Vítimas Feridas";"Pleno dia";"Decrescente";"Céu Claro";"Dupla";"Reta";"Sim";2;0;0;1;1;0;1;2;-20,06084086;-43,97716423;"SPRF-MG";"DEL01-MG";"UOP02-DEL01-MG"
304577;2020-08-30;"domingo";"10:00:00";"GO";50;248;"CATALAO";"Ingestão de Álcool";"Saída de leito carroçável";"Com Vítimas Feridas";"Pleno dia";"Decrescente";"Céu Claro";"Simples";"Curva";"Não";1;0;1;0;0;0;1;1;-17,9522;-47,7883;"SPRF-GO";"DEL06-GO";"UOP01-DEL06-GO"
304578;2020-08-30;"domingo";"12:30:00";"DF";20;56,9;"BRASILIA";"Falta de Atenção à Condução";"Capotamento";"Com Vítimas Feridas";"Pleno dia";"Crescente";"Céu Claro";"Dupla";"Curva";"Não";2;0;1;0;1;0;1;1;-15,583027;-47,367081;"SPRF-DF";"DEL02-DF";"UOP01-DEL02-DF"
304579;2020-08-30;"domingo";"13:00:00";"SP";116;91;"PINDAMONHANGABA";"Defeito Mecânico no Veículo";"Tombamento";"Com Vítimas Feridas";"Pleno dia";"Crescente";"Céu Claro";"Dupla";"Reta";"Não";2;0;2;0;0;0;2;1;-22,94792286;-45,39587407;"SPRF-SP";"DEL06-SP";"UOP01-DEL06-SP"
304582;2020-08-30;"domingo";"13:40:00";"SC";101;206;"SAO JOSE";"Deficiência ou não Acionamento do Sistema de Iluminação/Sinalização do Veículo";"Colisão traseira";"Com Vítimas Feridas";"Pleno dia";"Crescente";"Céu Claro";"Dupla";"Reta";"Sim";2;0;0;1;1;0;1;2;-27,591935463;-48,6182455727;"SPRF-SC";"DEL01-SC";"UOP01-DEL01-SC"
304584;2020-08-30;"domingo";"13:30:00";"BA";101;875;"TEIXEIRA DE FREITAS";"Desobediência às normas de trânsito pelo condutor";"Colisão lateral";"Com Vítimas Feridas";"Pleno dia";"Crescente";"Céu Claro";"Simples";"Reta";"Sim";1;0;1;0;0;0;1;1;-17,52593753;-39,70867418;"SPRF-BA";"DEL09-BA";"UOP02-DEL09-BA"
304585;2020-08-30;"domingo";"11:00:00";"AC";317;81;"SENADOR GUIOMARD";"Desobediência às normas de trânsito pelo condutor";"Colisão lateral";"Com Vítimas Feridas";"Pleno dia";"Crescente";"Céu Claro";"Simples";"Reta";"Não";3;0;0;1;2;0;1;2;-10,10743166;-67,65820387;"SPRF-AC";"DEL01-AC";"UOP01-DEL01-AC"
304586;2020-08-30;"domingo";"09:20:00";"GO";60;40;"ALEXANIA";"Velocidade Incompatível";"Queda de ocupante de veículo";"Com Vítimas Feridas";"Pleno dia";"Crescente";"Céu Claro";"Simples";"Curva";"Não";1;0;1;0;0;0;1;1;-16,1107;-48,5646;"SPRF-DF";"DEL03-DF";"UOP01-DEL03-DF"
304588;2020-08-30;"domingo";"12:35:00";"MT";364;207,1;"RONDONOPOLIS";"Ingestão de Álcool";"Colisão transversal";"Com Vítimas Feridas";"Pleno dia";"Crescente";"Sol";"Dupla";"Reta";"Sim";4;0;1;0;3;0;1;2;-16,44347006;-54,67236704;"SPRF-MT";"DEL02-MT";"UOP01-DEL02-MT"
304590;2020-08-30;"domingo";"14:20:00";"SC";470;135,5;"RIO DO SUL";"Falta de Atenção à Condução";"Colisão transversal";"Com Vítimas Feridas";"Pleno dia";"Decrescente";"Céu Claro";"Simples";"Declive";"Sim";3;0;1;1;1;0;2;2;-27,188492;-49,61232;"SPRF-SC";"DEL04-SC";"UOP02-DEL04-SC"
304591;2020-08-30;"domingo";"13:00:00";"MG";116;123,8;"ITAOBIM";"Velocidade Incompatível";"Colisão com objeto estático";"Com Vítimas Feridas";"Pleno dia";"Decrescente";"Sol";"Simples";"Declive;Curva";"Não";2;0;1;0;0;1;1;2;-16,637154;-41,501569;"SPRF-MG";"DEL11-MG";"UOP02-DEL11-MG"
304593;2020-08-30;"domingo";"14:50:00";"MG";381;438;"SABARA";"Falta de Atenção à Condução";"Colisão traseira";"Com Vítimas Feridas";"Pleno dia";"Crescente";"Céu Claro";"Dupla";"Curva";"Sim";3;0;1;0;2;0;1;3;-19,80934407;-43,777791;"SPRF-MG";"DEL01-MG";"UOP01-DEL01-MG"