"id";"data_inversa";"dia_semana";"horario";"uf";"br";"km";"municipio";"causa_acidente";"tipo_acidente";"classificacao_acidente";"fase_dia";"sentido_via";"condicao_metereologica";"tipo_pista";"tracado_via";"uso_solo";"pessoas";"mortos";"feridos_leves";"feridos_graves";"ilesos";"ignorados";"feridos";"veiculos";"latitude";"longitude";"regional";"delegacia";"uop"
304813;2020-08-31;"segunda-feira";"13:05:00";"SC";101;197;"BIGUACU";"Não guardar distância de segurança";"Colisão traseira";"Com Vítimas Feridas";"Pleno dia";"Crescente";"Nublado";"Dupla";"Curva";"Sim";2;0;1;0;1;0;1;2;-27,51844497;-48,63848496;"SPRF-SC";"DEL01-SC";"UOP01-DEL01-SC"
304814;2020-08-31;"segunda-feira";"11:50:00";"SC";101;85,2;"BARRA VELHA";"Falta de Atenção à Condução";"Tombamento";"Com Vítimas Feridas";"Pleno dia";"Decrescente";"Chuva";"Simples";"Reta";"Sim";1;0;1;0;0;0;1;1;-26,63575922;-48,6979723;"SPRF-SC";"DEL03-SC";"UOP02-DEL03-SC"
304815;2020-08-31;"segunda-feira";"11:00:00";"CE";20;349;"CARIDADE";"Desobediência às normas de trânsito pelo condutor";"Colisão frontal";"Com Vítimas Feridas";"Pleno dia";"Crescente";"Céu Claro";"Simples";"Reta";"Sim";3;0;3;0;0;0;3;2;-4,094943;-39,055965;"SPRF-CE";"DEL02-CE";"UOP01-DEL02-CE"
304816;2020-08-31;"segunda-feira";"13:15:00";"PR";116;16,8;"CAMPINA GRANDE DO SUL";"Velocidade Incompatível";"Colisão com objeto estático";"Com Vítimas Feridas";"Pleno dia";"Decrescente";"Garoa/Chuvisco";"Dupla";"Curva";"Não";1;0;1;0;0;0;1;1;-25,10305915;-48,70103892;"SPRF-PR";"DEL01-PR";"UOP02-DEL01-PR"
304817;2020-08-31;"segunda-feira";"13:20:00";"PR";376;168,1;"MARINGA";"Falta de Atenção à Condução";"Saída de leito carroçável";"Com Vítimas Feridas";"Pleno dia";"Decrescente";"Sol";"Dupla";"Declive";"Não";1;0;1;0;0;0;1;1;-23,394766;-52,007374;"SPRF-PR";"DEL09-PR";"UOP01-DEL09-PR"
304819;2020-08-31;"segunda-feira";"13:30:00";"PR";116;166,1;"QUITANDINHA";"Falta de Atenção à Condução";"Colisão transversal";"Sem Vítimas";"Pleno dia";"Decrescente";"Nublado";"Simples";"Rotatória;Interseção de Vias";"Não";2;0;0;0;2;0;0;2;-25,86521941;-49,44583693;"SPRF-PR";"DEL01-PR";"UOP03-DEL01-PR"
304821;2020-08-31;"segunda-feira";"05:30:00";"RJ";101;293;"ITABORAI";"Falta de Atenção à Condução";"Tombamento";"Com Vítimas Feridas";"Pleno dia";"Decrescente";"Nublado";"Dupla";"Reta";"Sim";1;0;0;1;0;0;1;1;-22,756203;-42,88724;"SPRF-RJ";"DEL02-RJ";"UOP02-DEL02-RJ"
304826;2020-08-31;"segunda-feira";"13:50:00";"RS";386;38,7;"FREDERICO WESTPHALEN";"Falta de Atenção à Condução";"Colisão traseira";"Com Vítimas Feridas";"Pleno dia";"Decrescente";"Céu Claro";"Simples";"Aclive";"Não";4;0;1;0;3;0;1;3;-27,39817481;-53,40314627;"SPRF-RS";"DEL08-RS";"UOP02-DEL08-RS"
304828;2020-08-31;"segunda-feira";"14:20:00";"GO";70;310,9;"ITAPIRAPUA";"Velocidade Incompatível";"Saída de leito carroçável";"Com Vítimas Feridas";"Pleno dia";"Decrescente";"Céu Claro";"Simples";"Reta";"Não";2;0;1;1;0;0;2;1;-15,89534882;-50,44062194;"SPRF-GO";"DEL04-GO";"UOP01-DEL04-GO"
304829;2020-08-31;"segunda-feira";"13:50:00";"SP";116;155;"SAO JOSE DOS CAMPOS";"Falta de Atenção à Condução";"Queda de ocupante de veículo";"Com Vítimas Feridas";"Pleno dia";"Decrescente";"Céu Claro";"Dupla";"Reta";"Não";1;0;1;0;0;0;1;1;-23,24524337;-45,92772774;"SPRF-SP";"DEL02-SP";"UOP01-DEL02-SP"
304830;2020-05-23;"sábado";"16:20:00";"SC";280;35,2;"ARAQUARI";"Falta de Atenção à Condução";"Colisão lateral";"Com Vítimas Feridas";"Pleno dia";"Decrescente";"Nublado";"Simples";"Interseção de Vias";"Não";3;0;1;1;1;0;2;2;-26,43535915;-48,80491734;"SPRF-SC";"DEL03-SC";"UOP03-DEL03-SC"
304831;2020-08-31;"segunda-feira";"12:50:00";"MG";354;771;"ITAMONTE";"Velocidade Incompatível";"Tombamento";"Com Vítimas Feridas";"Pleno dia";"Crescente";"Céu Claro";"Simples";"Curva";"Não";1;0;1;0;0;0;1;1;-22,36289927;-44,77213427;"SPRF-MG";"DEL17-MG";"UOP01-DEL17-MG"
304832;2020-08-31;"segunda-feira";"13:40:00";"BA";324;571;"SAO SEBASTIAO DO PASSE";"Condutor Dormindo";"Saída de leito carroçável";"Com Vítimas Feridas";"Pleno dia";"Crescente";"Céu Claro";"Dupla";"Reta";"Não";5;0;4;0;1;0;4;1;-12,55142914;-38,57416911;"SPRF-BA";"DEL01-BA";"UOP01-DEL01-BA"
304833;2020-08-31;"segunda-feira";"12:06:00";"SP";116;138,5;"SAO JOSE DOS CAMPOS";"Falta de Atenção à Condução";"Queda de ocupante de veículo";"Com Vítimas Feridas";"Pleno dia";"Crescente";"Céu Claro";"Dupla";"Reta";"Sim";1;0;1;0;0;0;1;1;-23,1572739;-45,79554605;"SPRF-SP";"DEL06-SP";"UOP01-DEL06-SP"
304834;2020-08-31;"segunda-feira";"14:30:00";"SP";116;149,1;"SAO JOSE DOS CAMPOS";"Defeito Mecânico no Veículo";"Queda de ocupante de veículo";"Com Vítimas Feridas";"Pleno dia";"Crescente";"Céu Claro";"Múltipla";"Reta";"Não";2;0;2;0;0;0;2;1;-23,20700047;-45,88626861;"SPRF-SP";"DEL02-SP";"UOP01-DEL02-SP"
304836;2020-08-31;"segunda-feira";"14:55:00";"SC";101;216,3;"PALHOCA";"Desobediência às normas de trânsito pelo condutor";"Colisão transversal";"Com Vítimas Feridas";"Pleno dia";"Decrescente";"Nublado";"Múltipla";"Viaduto";"Sim";2;0;0;1;1;0;1;2;-27,65981409;-48,67747798;"SPRF-SC";"DEL01-SC";"UOP02-DEL01-SC"
304837;2020-08-31;"segunda-feira";"15:10:00";"GO";60;253,7;"INDIARA";"Desobediência às normas de trânsito pelo condutor";"Colisão transversal";"Com Vítimas Feridas";"Pleno dia";"Decrescente";"Céu Claro";"Dupla";"Interseção de Vias;Reta";"Sim";2;0;0;1;1;0;1;2;-17,1338;-49,9857;"SPRF-GO";"DEL01-GO";"UOP02-DEL01-GO"
304838;2020-08-26;"quarta-feira";"12:15:00";"RS";116;40;"VACARIA";"Falta de Atenção à Condução";"Colisão transversal";"Com Vítimas Feridas";"Pleno dia";"Decrescente";"Nublado";"Simples";"Interseção de Vias";"Sim";2;0;0;1;1;0;1;2;-28,52054316;-50,9417833;"SPRF-RS";"DEL05-RS";"UOP03-DEL05-RS"
304840;2020-08-31;"segunda-feira";"15:25:00";"SC";101;208,2;"SAO JOSE";"Falta de Atenção à Condução";"Colisão traseira";"Sem Vítimas";"Pleno dia";"Decrescente";"Nublado";"Dupla";"Reta";"Sim";4;0;0;0;4;0;0;4;-27,60327979;-48,63201818;"SPRF-SC";"DEL01-SC";"UOP01-DEL01-SC"
304841;2020-08-31;"segunda-feira";"06:55:00";"PR";369;185,6;"ARAPONGAS";"Não guardar distância de segurança";"Tombamento";"Com Vítimas Feridas";"Pleno dia";"Decrescente";"Sol";"Simples";"Reta";"Sim";2;0;1;0;0;1;1;2;-23,41252666;-51,42719883;"SPRF-PR";"DEL07-PR";"UOP03-DEL07-PR"
304842;2020-08-31;"segunda-feira";"15:20:00";"ES";101;91;"JAGUARE";"Falta de Atenção à Condução";"Colisão transversal";"Com Vítimas Feridas";"Pleno dia";"Crescente";"Céu Claro";"Simples";"Reta";"Sim";3;0;1;1;1;0;2;2;-18,90824639;-39,96099126;"SPRF-ES";"DEL04-ES";"UOP02-DEL04-ES"
304844;2020-08-31;"segunda-feira";"15:40:00";"SE";101;151;"ESTANCIA";"Ingestão de Álcool";"Engavetamento";"Sem Vítimas";"Pleno dia";"Decrescente";"Céu Claro";"Simples";"Reta";"Sim";4;0;0;0;3;1;0;3;-11,26151;-37,441227;"SPRF-SE";"DEL02-SE";"UOP01-DEL02-SE"
304847;2020-08-31;"segunda-feira";"15:30:00";"PR";376;11,2;"MARINGA";"Falta de Atenção à Condução";"Queda de ocupante de veículo";"Com Vítimas Feridas";"Pleno dia";"Crescente";"Céu Claro";"Dupla";"Declive;Reta";"Sim";2;0;2;0;0;0;2;1;-23,4273;-51,9375;"SPRF-PR";"DEL09-PR";"UOP01-DEL09-PR"
304849;2020-08-31;"segunda-feira";"16:00:00";"PE";232;146;"SAO CAITANO";"Velocidade Incompatível";"Colisão traseira";"Com Vítimas Feridas";"Pleno dia";"Crescente";"Sol";"Dupla";"Reta";"Sim";3;0;1;0;2;0;1;2;-8,33218974;-36,12904312;"SPRF-PE";"DEL02-PE";"UOP03-DEL02-PE"
304850;2020-08-31;"segunda-feira";"15:55:00";"RS";285;121,8;"VACARIA";"Desobediência às normas de trânsito pelo condutor";"Colisão transversal";"Com Vítimas Feridas";"Pleno dia";"Crescente";"Sol";"Simples";"Rotatória";"Sim";4;0;1;0;3;0;1;2;-28,50592022;-50,9430778;"SPRF-RS";"DEL05-RS";"UOP03-DEL05-RS"
304851;2020-08-31;"segunda-feira";"14:30:00";"SP";459;16;"PIQUETE";"Falta de Atenção à Condução";"Saída de leito carroçável";"Com Vítimas Feridas";"Pleno dia";"Decrescente";"Céu Claro";"Simples";"Reta";"Não";1;0;1;0;0;0;1;1;-22,62031;-45,164268;"SPRF-SP";"DEL08-SP";"UOP01-DEL08-SP"
304852;2020-08-31;"segunda-feira";"11:25:00";"SC";163;2;"DIONISIO CERQUEIRA";"Falta de Atenção à Condução";"Colisão lateral";"Com Vítimas Feridas";"Pleno dia";"Crescente";"Céu Claro";"Simples";"Reta";"Sim";2;0;1;0;1;0;1;2;-26,2613;-53,6206;"SPRF-SC";"DEL07-SC";"UOP03-DEL07-SC"
304854;2020-08-31;"segunda-feira";"17:00:00";"CE";222;6;"CAUCAIA";"Desobediência às normas de trânsito pelo condutor";"Colisão transversal";"Com Vítimas Feridas";"Pleno dia";"Crescente";"Céu Claro";"Dupla";"Reta";"Sim";2;0;2;0;0;0;2;2;-3,74539216;-38,62188041;"SPRF-CE";"DEL01-CE";"UOP01-DEL01-CE"
304855;2020-08-31;"segunda-feira";"17:15:00";"SC";101;202;"SAO JOSE";"Desobediência às normas de trânsito pelo condutor";"Colisão traseira";"Com Vítimas Feridas";"Pleno dia";"Decrescente";"Chuva";"Dupla";"Reta";"Sim";3;0;1;0;2;0;1;2;-27,55711595;-48,61897889;"SPRF-SC";"DEL01-SC";"UOP01-DEL01-SC"
304856;2020-08-31;"segunda-feira";"16:30:00";"SP";116;217,3;"GUARULHOS";"Falta de Atenção à Condução";"Queda de ocupante de veículo";"Sem Vítimas";"Pleno dia";"Crescente";"Céu Claro";"Múltipla";"Reta";"Não";2;0;0;0;2;0;0;1;-23,45423824;-46,47119028;"SPRF-SP";"DEL01-SP";"UOP01-DEL01-SP"
304857;2020-08-31;"segunda-feira";"17:30:00";"RJ";393;167,3;"TRES RIOS";"Não guardar distância de segurança";"Queda de ocupante de veículo";"Com Vítimas Feridas";"Anoitecer";"Crescente";"Céu Claro";"Simples";"Curva";"Sim";1;0;1;0;0;0;1;1;-22,12236191;-43,13976623;"SPRF-RJ";"DEL05-RJ";"UOP01-DEL05-RJ"
304858;2020-08-31;"segunda-feira";"17:30:00";"MG";381;403;"BOM JESUS DO AMPARO";"Desobediência às normas de trânsito pelo condutor";"Colisão lateral";"Com Vítimas Feridas";"Pleno dia";"Crescente";"Céu Claro";"Simples";"Desvio Temporário";"Não";2;0;1;0;1;0;1;2;-19,75137942;-43,53638096;"SPRF-MG";"DEL01-MG";"UOP01-DEL01-MG"
304859;2020-08-31;"segunda-feira";"16:45:00";"RS";290;105;"ELDORADO DO SUL";"Ingestão de Álcool";"Atropelamento de Pedestre";"Com Vítimas Feridas";"Pleno dia";"Crescente";"Nublado";"Dupla";"Reta";"Não";2;0;1;0;1;0;1;2;-29,99608;-51,285023;"SPRF-RS";"DEL02-RS";"UOP01-DEL02-RS"
304860;2020-08-31;"segunda-feira";"17:02:00";"GO";153;444;"ANAPOLIS";"Falta de Atenção à Condução";"Colisão traseira";"Sem Vítimas";"Anoitecer";"Decrescente";"Céu Claro";"Dupla";"Rotatória";"Sim";2;0;0;0;2;0;0;2;-16,35458301;-48,92868746;"SPRF-GO";"DEL02-GO";"UOP01-DEL02-GO"
304861;2020-08-31;"segunda-feira";"17:40:00";"PR";369;139;"IBIPORA";"Desobediência às normas de trânsito pelo condutor";"Colisão transversal";"Com Vítimas Feridas";"Pleno dia";"Crescente";"Céu Claro";"Dupla";"Reta";"Sim";2;0;0;1;1;0;1;2;-23,27461877;-51,0584718;"SPRF-PR";"DEL07-PR";"UOP01-DEL07-PR"
304862;2020-08-31;"segunda-feira";"17:25:00";"PR";376;174,4;"MARINGA";"Desobediência às normas de trânsito pelo condutor";"Colisão transversal";"Com Vítimas Feridas";"Pleno dia";"Decrescente";"Céu Claro";"Dupla";"Interseção de Vias;Reta";"Sim";2;0;0;1;1;0;1;2;-23,41430102;-51,94984299;"SPRF-PR";"DEL09-PR";"UOP01-DEL09-PR"
304863;2020-08-15;"sábado";"21:00:00";"PE";424;87,1;"GARANHUNS";"Ingestão de Álcool";"Atropelamento de Pedestre";"Com Vítimas Feridas";"Plena Noite";"Crescente";"Vento";"Simples";"Interseção de Vias";"Sim";2;0;0;1;1;0;1;2;-8,874289;-36,507607;"SPRF-PE";"DEL03-PE";"UOP01-DEL03-PE"
304864;2020-08-31;"segunda-feira";"17:31:00";"RS";290;90;"PORTO ALEGRE";"Falta de Atenção à Condução";"Colisão com objeto estático";"Com Vítimas Feridas";"Anoitecer";"Decrescente";"Nublado";"Dupla";"Reta";"Sim";3;0;2;0;1;0;2;2;-29,968319;-51,157398;"SPRF-RS";"DEL01-RS";"UOP01-DEL01-RS"
304865;2020-08-30;"domingo";"19:00:00";"MA";135;336,7;"PRESIDENTE DUTRA";"Desobediência às normas de trânsito pelo condutor";"Colisão traseira";"Com Vítimas Fatais";"Plena Noite";"Crescente";"Céu Claro";"Simples";"Reta";"Não";3;2;0;0;1;0;0;2;-5,25679393;-44,48190037;"SPRF-MA";"DEL03-MA";"UOP01-DEL03-MA"
304866;2020-08-31;"segunda-feira";"12:10:00";"RO";364;593;"ITAPUA DO OESTE";"Falta de Atenção à Condução";"Saída de leito carroçável";"Com Vítimas Feridas";"Pleno dia";"Decrescente";"Céu Claro";"Simples";"Reta";"Não";2;0;1;1;0;0;2;1;-9,28369696;-63,15558086;"SPRF-RO";"DEL01-RO";"UOP04-DEL01-RO"
304867;2020-08-31;"segunda-feira";"18:00:00";"PI";343;592;"FLORIANO";"Ultrapassagem Indevida";"Colisão traseira";"Com Vítimas Feridas";"Anoitecer";"Decrescente";"Céu Claro";"Dupla";"Reta;Retorno Regulamentado";"Não";2;0;0;1;1;0;1;2;-6,777731;-43,031559;"SPRF-PI";"DEL03-PI";"UOP01-DEL03-PI"
304868;2020-08-31;"segunda-feira";"18:00:00";"MG";381;156,2;"GOVERNADOR VALADARES";"Objeto estático sobre o leito carroçável";"Colisão com objeto estático";"Com Vítimas Feridas";"Anoitecer";"Crescente";"Céu Claro";"Simples";"Reta";"Não";1;0;0;1;0;0;1;1;-18,90327004;-42,00340423;"SPRF-MG";"DEL06-MG";"UOP01-DEL06-MG"
304869;2020-08-31;"segunda-feira";"18:00:00";"BA";324;609;"SIMOES FILHO";"Não guardar distância de segurança";"Colisão lateral";"Com Vítimas Feridas";"Plena Noite";"Decrescente";"Céu Claro";"Dupla";"Reta";"Não";2;0;2;0;0;0;2;1;-12,82066;-38,40798;"SPRF-BA";"DEL01-BA";"UOP01-DEL01-BA"
304872;2020-08-31;"segunda-feira";"13:00:00";"SC";101;41;"JOINVILLE";"Falta de Atenção à Condução";"Colisão com objeto estático";"Com Vítimas Feridas";"Pleno dia";"Crescente";"Garoa/Chuvisco";"Dupla";"Curva";"Sim";1;0;1;0;0;0;1;1;-26,28215489;-48,88973081;"SPRF-SC";"DEL03-SC";"UOP01-DEL03-SC"
304874;2020-08-15;"sábado";"12:50:00";"PR";376;618;"SAO JOSE DOS PINHAIS";"Velocidade Incompatível";"Colisão com objeto estático";"Com Vítimas Feridas";"Pleno dia";"Crescente";"Chuva";"Dupla";"Reta";"Não";1;0;1;0;0;0;1;1;-25,59168398;-49,17197705;"SPRF-PR";"DEL01-PR";"UOP04-DEL01-PR"
304875;2020-08-31;"segunda-feira";"17:55:00";"MS";163;491;"CAMPO GRANDE";"Falta de Atenção à Condução";"Colisão traseira";"Com Vítimas Feridas";"Plena Noite";"Decrescente";"Céu Claro";"Dupla";"Rotatória";"Sim";2;0;1;0;1;0;1;2;-20,39317772;-54,5571221;"SPRF-MS";"DEL01-MS";"UOP02-DEL01-MS"
304878;2020-08-31;"segunda-feira";"18:55:00";"CE";20;409;"CAUCAIA";"Restrição de Visibilidade";"Colisão lateral";"Com Vítimas Feridas";"Plena Noite";"Decrescente";"Céu Claro";"Dupla";"Reta";"Sim";3;0;0;3;0;0;3;2;-3,79776515;-38,63996543;"SPRF-CE";"DEL01-CE";"UOP01-DEL01-CE"
304879;2020-08-31;"segunda-feira";"12:00:00";"BA";101;349;"TEOLANDIA";"Ultrapassagem Indevida";"Colisão frontal";"Com Vítimas Feridas";"Pleno dia";"Decrescente";"Céu Claro";"Simples";"Reta";"Sim";2;0;1;0;1;0;1;2;-13,60160967;-39,4911021;"SPRF-BA";"DEL05-BA";"UOP03-DEL05-BA"
304880;2020-08-31;"segunda-feira";"19:10:00";"SC";101;214,9;"PALHOCA";"Falta de Atenção à Condução";"Colisão traseira";"Com Vítimas Feridas";"Plena Noite";"Decrescente";"Garoa/Chuvisco";"Dupla";"Reta";"Sim";2;0;0;1;1;0;1;2;-27,64443;-48,67057;"SPRF-SC";"DEL01-SC";"UOP02-DEL01-SC"
304881;2020-08-31;"segunda-feira";"16:35:00";"SC";282;510;"XANXERE";"Avarias e/ou desgaste excessivo no pneu";"Tombamento";"Com Vítimas Feridas";"Pleno dia";"Crescente";"Céu Claro";"Simples";"Reta";"Não";2;0;2;0;0;0;2;1;-26,89516256;-52,4622649;"SPRF-SC";"DEL07-SC";"UOP01-DEL07-SC"
304882;2020-08-31;"segunda-feira";"18:15:00";"PB";101;79,8;"SANTA RITA";"Falta de Atenção à Condução";"Saída de leito carroçável";"Com Vítimas Feridas";"Plena Noite";"Crescente";"Chuva";"Dupla";"Curva";"Sim";2;0;1;0;1;0;1;1;-7,11786877;-34,94945353;"SPRF-PB";"DEL01-PB";"UOP04-DEL01-PB"
304883;2020-08-31;"segunda-feira";"19:20:00";"SP";116;135,4;"SAO JOSE DOS CAMPOS";"Avarias e/ou desgaste excessivo no pneu";"Saída de leito carroçável";"Com Vítimas Feridas";"Plena Noite";"Crescente";"Céu Claro";"Dupla";"Reta";"Não";1;0;1;0;0;0;1;1;-23,144484;-45,77018;"SPRF-SP";"DEL06-SP";"UOP01-DEL06-SP"
304886;2020-08-31;"segunda-feira";"18:45:00";"SC";101;121;"ITAJAI";"Não guardar distância de segurança";"Colisão traseira";"Sem Vítimas";"Plena Noite";"Decrescente";"Garoa/Chuvisco";"Dupla";"Reta";"Não";3;0;0;0;3;0;0;3;-26,92103178;-48,70856446;"SPRF-SC";"DEL04-SC";"UOP04-DEL04-SC"
304888;2020-08-31;"segunda-feira";"20:00:00";"ES";393;0,5;"CACHOEIRO DE ITAPEMIRIM";"Falta de Atenção à Condução";"Colisão transversal";"Com Vítimas Feridas";"Plena Noite";"Crescente";"Céu Claro";"Simples";"Reta";"Sim";2;0;1;0;1;0;1;2;-20,841324;-41,15929;"SPRF-ES";"DEL03-ES";"UOP02-DEL03-ES"
304890;2020-08-31;"segunda-feira";"18:50:00";"BA";101;505;"ITABUNA";"Falta de Atenção do Pedestre";"Atropelamento de Pedestre";"Com Vítimas Fatais";"Plena Noite";"Decrescente";"Céu Claro";"Simples";"Reta";"Não";2;1;0;0;1;0;0;2;-14,83993904;-39,28573608;"SPRF-BA";"DEL05-BA";"UOP01-DEL05-BA"
304891;2020-08-31;"segunda-feira";"20:20:00";"PR";376;652;"TIJUCAS DO SUL";"Falta de Atenção à Condução";"Colisão com objeto estático";"Sem Vítimas";"Plena Noite";"Decrescente";"Chuva";"Dupla";"Curva";"Não";5;0;0;0;5;0;0;1;-25,8461583;-49,068884;"SPRF-PR";"DEL01-PR";"UOP04-DEL01-PR"
304893;2020-08-31;"segunda-feira";"20:10:00";"ES";101;256,4;"SERRA";"Falta de Atenção à Condução";"Colisão frontal";"Com Vítimas Feridas";"Plena Noite";"Decrescente";"Céu Claro";"Múltipla";"Reta";"Sim";2;0;1;0;1;0;1;2;-20,119123;-40,311005;"SPRF-ES";"DEL02-ES";"UOP01-DEL02-ES"
304894;2020-04-18;"sábado";"22:40:00";"AL";423;37;"CANAPI";"Fenômenos da Natureza";"Colisão com objeto estático";"Com Vítimas Feridas";"Plena Noite";"Crescente";"Chuva";"Simples";"Reta";"Não";3;0;1;1;1;0;2;1;-9,2273871;-37,61856297;"SPRF-AL";"DEL03-AL";"UOP02-DEL03-AL"
304895;2020-08-31;"segunda-feira";"18:00:00";"PB";104;157,3;"BARRA DE SANTANA";"Defeito Mecânico no Veículo";"Incêndio";"Sem Vítimas";"Plena Noite";"Decrescente";"Céu Claro";"Simples";"Reta";"Não";1;0;0;0;1;0;0;1;-7,50484738;-35,96277078;"SPRF-PB";"DEL02-PB";"UOP03-DEL02-PB"
304896;2020-08-31;"segunda-feira";"20:25:00";"ES";101;304,6;"VIANA";"Falta de Atenção à Condução";"Colisão com objeto estático";"Sem Vítimas";"Plena Noite";"Crescente";"Céu Claro";"Dupla";"Reta";"Sim";1;0;0;0;1;0;0;1;-20,38272783;-40,45955658;"SPRF-ES";"DEL01-ES";"UOP01-DEL01-ES"
304898;2020-08-31;"segunda-feira";"17:10:00";"MA";222;315,9;"IGARAPE DO MEIO";"Falta de Atenção à Condução";"Colisão frontal";"Com Vítimas Feridas";"Anoitecer";"Decrescente";"Sol";"Simples";"Reta";"Não";2;0;1;0;1;0;1;2;-3,58906;-45,02547;"SPRF-MA";"DEL02-MA";"UOP01-DEL02-MA"
304899;2020-08-31;"segunda-feira";"21:30:00";"PR";277;63;"SAO JOSE DOS PINHAIS";"Ingestão de Álcool";"Tombamento";"Com Vítimas Feridas";"Plena Noite";"Decrescente";"Garoa/Chuvisco";"Dupla";"Reta";"Não";1;0;1;0;0;0;1;1;-25,56100984;-49,01719293;"SPRF-PR";"DEL01-PR";"UOP01-DEL01-PR"
304900;2020-08-31;"segunda-feira";"19:00:00";"RJ";493;105;"SEROPEDICA";"Sinalização da via insuficiente ou inadequada";"Saída de leito carroçável";"Com Vítimas Feridas";"Plena Noite";"Decrescente";"Céu Claro";"Dupla";"Reta";"Não";2;0;2;0;0;0;2;1;-22,78219586;-43,75408173;"SPRF-RJ";"DEL03-RJ";"UOP01-DEL03-RJ"
304901;2020-08-31;"segunda-feira";"21:20:00";"RS";116;263;"CANOAS";"Desobediência às normas de trânsito pelo condutor";"Tombamento";"Sem Vítimas";"Plena Noite";"Crescente";"Chuva";"Múltipla";"Reta";"Sim";1;0;0;0;1;0;0;1;-29,90545398;-51,17674031;"SPRF-RS";"DEL01-RS";"UOP01-DEL01-RS"
304904;2020-08-31;"segunda-feira";"22:00:00";"DF";20;48,9;"BRASILIA";"Velocidade Incompatível";"Saída de leito carroçável";"Com Vítimas Feridas";"Plena Noite";"Crescente";"Céu Claro";"Dupla";"Retorno Regulamentado;Aclive;Reta";"Não";2;0;2;0;0;0;2;1;-15,58011933;-47,45967242;"SPRF-DF";"DEL02-DF";"UOP01-DEL02-DF"
304905;2020-08-31;"segunda-feira";"21:20:00";"SP";116;316;"JUQUITIBA";"Pista Escorregadia";"Colisão com objeto estático";"Com Vítimas Feridas";"Plena Noite";"Decrescente";"Garoa/Chuvisco";"Dupla";"Curva";"Não";1;0;1;0;0;0;1;1;-23,91054997;-46,99149375;"SPRF-SP";"DEL04-SP";"UOP01-DEL04-SP"
304908;2020-08-31;"segunda-feira";"18:05:00";"GO";364;193;"JATAI";"Desobediência às normas de trânsito pelo condutor";"Colisão lateral";"Com Vítimas Feridas";"Anoitecer";"Crescente";"Céu Claro";"Simples";"Rotatória";"Não";4;0;1;0;3;0;1;2;-17,91670668;-51,69357061;"SPRF-GO";"DEL05-GO";"UOP01-DEL05-GO"
304910;2020-08-31;"segunda-feira";"22:30:00";"SP";116;329;"JUQUITIBA";"Falta de Atenção à Condução";"Saída de leito carroçável";"Com Vítimas Feridas";"Plena Noite";"Crescente";"Garoa/Chuvisco";"Dupla";"Reta";"Não";1;0;0;1;0;0;1;1;-23,93981788;-47,08868406;"SPRF-SP";"DEL04-SP";"UOP01-DEL04-SP"
304911;2020-08-31;"segunda-feira";"19:20:00";"PR";158;402,8;"LARANJEIRAS DO SUL";"Ingestão de Álcool";"Colisão lateral";"Com Vítimas Fatais";"Plena Noite";"Decrescente";"Céu Claro";"Simples";"Reta";"Não";2;1;0;0;1;0;0;2;-25,34894721;-52,37844872;"SPRF-PR";"DEL04-PR";"UOP02-DEL04-PR"
304917;2020-08-31;"segunda-feira";"21:00:00";"MG";40;378,9;"CURVELO";"Velocidade Incompatível";"Colisão com objeto estático";"Com Vítimas Feridas";"Plena Noite";"Crescente";"Céu Claro";"Simples";"Reta";"Não";3;0;2;1;0;0;3;1;-18,86489809;-44,73657907;"SPRF-MG";"DEL02-MG";"UOP01-DEL02-MG"
304918;2020-08-31;"segunda-feira";"19:30:00";"BA";242;293;"LAJEDINHO";"Defeito na Via";"Capotamento";"Com Vítimas Feridas";"Plena Noite";"Decrescente";"Céu Claro";"Simples";"Curva";"Não";3;0;3;0;0;0;3;1;-12,44104699;-40,83284199;"SPRF-BA";"DEL06-BA";"UOP02-DEL06-BA"
304920;2020-08-31;"segunda-feira";"23:00:00";"MG";459;104,9;"POUSO ALEGRE";"Velocidade Incompatível";"Queda de ocupante de veículo";"Com Vítimas Feridas";"Plena Noite";"Decrescente";"Céu Claro";"Dupla";"Curva";"Não";1;0;1;0;0;0;1;1;-22,23880612;-45,89160919;"SPRF-MG";"DEL16-MG";"UOP01-DEL16-MG"
304922;2020-08-31;"segunda-feira";"23:25:00";"SC";101;285,8;"IMBITUBA";"Ingestão de Álcool";"Saída de leito carroçável";"Com Vítimas Feridas";"Plena Noite";"Decrescente";"Chuva";"Dupla";"Reta";"Não";3;0;2;1;0;0;3;1;-28,22116606;-48,70063047;"SPRF-SC";"DEL02-SC";"UOP03-DEL02-SC"
304925;2020-09-01;"terça-feira";"01:45:00";"SC";101;89,3;"BARRA VELHA";"Falta de Atenção à Condução";"Colisão frontal";"Com Vítimas Feridas";"Plena Noite";"Crescente";"Chuva";"Simples";"Reta";"Sim";2;0;1;0;1;0;1;2;-26,66147733;-48,68878841;"SPRF-SC";"DEL03-SC";"UOP02-DEL03-SC"