"id";"data_inversa";"dia_semana";"horario";"uf";"br";"km";"municipio";"causa_acidente";"tipo_acidente";"classificacao_acidente";"fase_dia";"sentido_via";"condicao_metereologica";"tipo_pista";"tracado_via";"uso_solo";"pessoas";"mortos";"feridos_leves";"feridos_graves";"ilesos";"ignorados";"feridos";"veiculos";"latitude";"longitude";"regional";"delegacia";"uop"
304927;2020-09-01;"terça-feira";"00:50:00";"MS";163;570,7;"BANDEIRANTES";"Animais na Pista";"Atropelamento de Animal";"Com Vítimas Feridas";"Plena Noite";"Crescente";"Céu Claro";"Simples";"Reta;Declive";"Não";1;0;1;0;0;0;1;1;-19,73185799;-54,3516881;"SPRF-MS";"DEL01-MS";"UOP02-DEL01-MS"
304928;2020-09-01;"terça-feira";"03:00:00";"MG";381;429;"SABARA";"Defeito Mecânico no Veículo";"Incêndio";"Sem Vítimas";"Plena Noite";"Decrescente";"Céu Claro";"Simples";"Reta";"Não";1;0;0;0;0;1;0;1;-19,78663743;-43,71433695;"SPRF-MG";"DEL01-MG";"UOP01-DEL01-MG"
304929;2020-09-01;"terça-feira";"02:40:00";"PE";104;109,1;"PANELAS";"Animais na Pista";"Atropelamento de Animal";"Sem Vítimas";"Plena Noite";"Decrescente";"Nublado";"Simples";"Reta";"Não";1;0;0;0;1;0;0;1;-8,621404;-35,992279;"SPRF-PE";"DEL02-PE";"UOP01-DEL02-PE"
304930;2020-09-01;"terça-feira";"02:30:00";"PR";116;26;"CAMPINA GRANDE DO SUL";"Pista Escorregadia";"Colisão com objeto estático";"Com Vítimas Feridas";"Plena Noite";"Decrescente";"Chuva";"Dupla";"Curva";"Não";2;0;1;0;1;0;1;1;-25,10683694;-48,785333;"SPRF-PR";"DEL01-PR";"UOP02-DEL01-PR"
304931;2020-09-01;"terça-feira";"01:10:00";"MG";50;58,4;"UBERLANDIA";"Velocidade Incompatível";"Saída de leito carroçável";"Com Vítimas Feridas";"Plena Noite";"Crescente";"Céu Claro";"Dupla";"Reta;Aclive";"Não";2;0;2;0;0;0;2;1;-18,79408225;-48,23421867;"SPRF-MG";"DEL15-MG";"UOP02-DEL15-MG"
304932;2020-07-10;"sexta-feira";"19:05:00";"RN";304;299,7;"MACAIBA";"Falta de Atenção do Pedestre";"Atropelamento de Pedestre";"Com Vítimas Fatais";"Plena Noite";"Decrescente";"Céu Claro";"Dupla";"Reta";"Sim";3;1;0;0;1;1;0;2;-5,87241956;-35,31906009;"SPRF-RN";"DEL01-RN";"UOP02-DEL01-RN"
304934;2020-08-12;"quarta-feira";"13:00:00";"SE";101;54;"CARMOPOLIS";"Desobediência às normas de trânsito pelo condutor";"Colisão lateral";"Com Vítimas Feridas";"Pleno dia";"Crescente";"Céu Claro";"Simples";"Interseção de Vias";"Não";3;0;2;0;1;0;2;2;-10,6265671065;-36,997737923;"SPRF-SE";"DEL02-SE";"UOP02-DEL02-SE"
304937;2020-09-01;"terça-feira";"05:30:00";"PE";232;10,8;"JABOATAO DOS GUARARAPES";"Não guardar distância de segurança";"Colisão traseira";"Sem Vítimas";"Amanhecer";"Decrescente";"Chuva";"Dupla";"Reta";"Sim";2;0;0;0;2;0;0;2;-8,07917241;-34,98718609;"SPRF-PE";"DEL01-PE";"UOP01-DEL01-PE"
304939;2020-09-01;"terça-feira";"05:00:00";"SC";101;150;"ITAPEMA";"Ingestão de Álcool";"Colisão com objeto estático";"Sem Vítimas";"Amanhecer";"Crescente";"Chuva";"Dupla";"Reta";"Sim";1;0;0;0;0;1;0;1;-27,11744799;-48,60940987;"SPRF-SC";"DEL04-SC";"UOP03-DEL04-SC"
304940;2020-09-01;"terça-feira";"06:20:00";"BA";324;595;"CANDEIAS";"Defeito Mecânico no Veículo";"Colisão traseira";"Com Vítimas Feridas";"Pleno dia";"Crescente";"Céu Claro";"Dupla";"Curva";"Sim";5;0;2;0;3;0;2;3;-12,72003796;-38,45130588;"SPRF-BA";"DEL01-BA";"UOP01-DEL01-BA"
304941;2020-09-01;"terça-feira";"06:30:00";"RS";290;40;"SANTO ANTONIO DA PATRULHA";"Ingestão de Álcool";"Colisão com objeto estático";"Com Vítimas Feridas";"Amanhecer";"Crescente";"Chuva";"Dupla";"Reta";"Não";1;0;1;0;0;0;1;1;-29,886173;-50,658577;"SPRF-RS";"DEL03-RS";"UOP01-DEL03-RS"
304943;2020-09-01;"terça-feira";"06:50:00";"RJ";101;318;"SAO GONCALO";"Desobediência às normas de trânsito pelo condutor";"Tombamento";"Com Vítimas Feridas";"Pleno dia";"Crescente";"Céu Claro";"Dupla";"Reta";"Não";1;0;1;0;0;0;1;1;-22,84562994;-43,09841211;"SPRF-RJ";"DEL02-RJ";"UOP02-DEL02-RJ"
304945;2020-09-01;"terça-feira";"03:15:00";"MG";356;281,9;"EUGENOPOLIS";"Falta de Atenção à Condução";"Capotamento";"Com Vítimas Feridas";"Plena Noite";"Crescente";"Céu Claro";"Simples";"Curva";"Não";1;0;1;0;0;0;1;1;-21,12659765;-42,23589903;"SPRF-MG";"DEL07-MG";"UOP02-DEL07-MG"
304946;2020-09-01;"terça-feira";"06:45:00";"RS";470;214,1;"BENTO GONCALVES";"Desobediência às normas de trânsito pelo condutor";"Colisão transversal";"Com Vítimas Feridas";"Pleno dia";"Crescente";"Céu Claro";"Simples";"Reta";"Sim";3;0;1;0;2;0;1;2;-29,15285595;-51,52969349;"SPRF-RS";"DEL06-RS";"UOP01-DEL06-RS"
304947;2020-09-01;"terça-feira";"07:10:00";"SC";153;96,8;"CONCORDIA";"Falta de Atenção à Condução";"Colisão traseira";"Com Vítimas Feridas";"Pleno dia";"Decrescente";"Céu Claro";"Simples";"Rotatória";"Sim";2;0;1;0;1;0;1;2;-27,212648;-51,952137;"SPRF-SC";"DEL07-SC";"UOP04-DEL07-SC"
304949;2020-09-01;"terça-feira";"07:15:00";"GO";153;436;"ANAPOLIS";"Falta de Atenção à Condução";"Colisão com objeto estático";"Com Vítimas Feridas";"Amanhecer";"Crescente";"Céu Claro";"Dupla";"Reta";"Sim";1;0;1;0;0;0;1;1;-16,283987;-48,951763;"SPRF-GO";"DEL02-GO";"UOP01-DEL02-GO"
304950;2020-09-01;"terça-feira";"07:55:00";"RS";386;344,1;"LAJEADO";"Pista Escorregadia";"Tombamento";"Com Vítimas Feridas";"Amanhecer";"Crescente";"Nublado";"Simples";"Reta;Declive";"Sim";1;0;1;0;0;0;1;1;-29,439268;-51,993633;"SPRF-RS";"DEL04-RS";"UOP01-DEL04-RS"
304951;2020-09-01;"terça-feira";"07:15:00";"SP";116;273,5;"TABOAO DA SERRA";"Falta de Atenção à Condução";"Colisão lateral";"Com Vítimas Feridas";"Pleno dia";"Decrescente";"Nublado";"Dupla";"Reta";"Sim";2;0;1;0;1;0;1;2;-23,62809795;-46,81870306;"SPRF-SP";"DEL04-SP";"UOP01-DEL04-SP"
304952;2020-09-01;"terça-feira";"07:05:00";"SC";280;126;"RIO NEGRINHO";"Desobediência às normas de trânsito pelo condutor";"Colisão lateral";"Com Vítimas Feridas";"Amanhecer";"Decrescente";"Nublado";"Simples";"Reta;Interseção de Vias";"Sim";2;0;1;0;1;0;1;2;-26,23779604;-49,49427399;"SPRF-SC";"DEL06-SC";"UOP03-DEL06-SC"
304955;2020-09-01;"terça-feira";"06:40:00";"ES";101;267,3;"SERRA";"Não guardar distância de segurança";"Colisão traseira";"Com Vítimas Feridas";"Pleno dia";"Decrescente";"Sol";"Dupla";"Reta";"Sim";2;0;0;1;1;0;1;2;-20,19930999;-40,26884609;"SPRF-ES";"DEL02-ES";"UOP01-DEL02-ES"
304957;2020-08-24;"segunda-feira";"04:00:00";"PA";10;264,9;"AURORA DO PARA";"Deficiência ou não Acionamento do Sistema de Iluminação/Sinalização do Veículo";"Colisão frontal";"Com Vítimas Feridas";"Plena Noite";"Decrescente";"Céu Claro";"Simples";"Reta";"Não";2;0;1;1;0;0;2;2;-2,12325701;-47,56058366;"SPRF-PA";"DEL02-PA";"UOP01-DEL02-PA"
304958;2020-09-01;"terça-feira";"08:30:00";"SP";101;35,3;"UBATUBA";"Pista Escorregadia";"Tombamento";"Com Vítimas Feridas";"Pleno dia";"Decrescente";"Garoa/Chuvisco";"Simples";"Reta";"Não";1;0;1;0;0;0;1;1;-23,39512401;-45,01373291;"SPRF-SP";"DEL06-SP";"UOP01-DEL06-SP"
304959;2020-09-01;"terça-feira";"07:10:00";"MT";364;224,5;"RONDONOPOLIS";"Defeito Mecânico no Veículo";"Saída de leito carroçável";"Com Vítimas Feridas";"Pleno dia";"Decrescente";"Céu Claro";"Dupla";"Reta";"Não";2;0;2;0;0;0;2;1;-16,3154901;-54,75440328;"SPRF-MT";"DEL02-MT";"UOP01-DEL02-MT"
304960;2020-09-01;"terça-feira";"06:40:00";"BA";101;812;"ITAMARAJU";"Velocidade Incompatível";"Saída de leito carroçável";"Com Vítimas Fatais";"Amanhecer";"Crescente";"Céu Claro";"Simples";"Curva";"Não";1;1;0;0;0;0;0;1;-17,05875393;-39,55043793;"SPRF-BA";"DEL09-BA";"UOP02-DEL09-BA"
304962;2020-09-01;"terça-feira";"06:30:00";"RO";364;344;"JI-PARANA";"Desobediência às normas de trânsito pelo condutor";"Colisão transversal";"Com Vítimas Feridas";"Pleno dia";"Decrescente";"Céu Claro";"Dupla";"Interseção de Vias;Reta";"Sim";2;0;0;2;0;0;2;2;-10,87376391;-61,95256893;"SPRF-RO";"DEL02-RO";"UOP01-DEL02-RO"
304966;2020-08-05;"quarta-feira";"17:05:00";"MG";116;704,5;"MURIAE";"Falta de Atenção à Condução";"Tombamento";"Com Vítimas Feridas";"Pleno dia";"Crescente";"Nublado";"Simples";"Rotatória";"Sim";2;0;0;1;0;1;1;2;-21,12472704;-42,38146663;"SPRF-MG";"DEL07-MG";"UOP02-DEL07-MG"
304967;2020-09-01;"terça-feira";"04:30:00";"BA";116;2,2;"ABARE";"Desobediência às normas de trânsito pelo condutor";"Saída de leito carroçável";"Com Vítimas Fatais";"Plena Noite";"Crescente";"Céu Claro";"Simples";"Curva";"Sim";1;1;0;0;0;0;0;1;-8,63609191;-39,25976503;"SPRF-PE";"DEL05-PE";"UOP03-DEL05-PE"
304969;2020-09-01;"terça-feira";"09:10:00";"PR";476;141;"CURITIBA";"Falta de Atenção à Condução";"Colisão lateral";"Sem Vítimas";"Pleno dia";"Decrescente";"Nublado";"Dupla";"Reta";"Sim";2;0;0;0;2;0;0;2;-25,528614;-49,298798;"SPRF-PR";"DEL01-PR";"UOP03-DEL01-PR"
304973;2020-09-01;"terça-feira";"08:35:00";"RS";290;401;"SANTA MARGARIDA DO SUL";"Ultrapassagem Indevida";"Colisão transversal";"Com Vítimas Feridas";"Pleno dia";"Crescente";"Nublado";"Simples";"Reta";"Não";4;0;3;0;0;1;3;3;-30,357031;-54,157608;"SPRF-RS";"DEL09-RS";"UOP02-DEL09-RS"
304977;2020-09-01;"terça-feira";"09:20:00";"PB";101;78,9;"SANTA RITA";"Velocidade Incompatível";"Saída de leito carroçável";"Sem Vítimas";"Pleno dia";"Decrescente";"Céu Claro";"Dupla";"Reta";"Não";1;0;0;0;1;0;0;1;-7,10808295;-34,96293885;"SPRF-PB";"DEL01-PB";"UOP04-DEL01-PB"
304982;2020-09-01;"terça-feira";"07:40:00";"GO";60;137;"GOIANIA";"Falta de Atenção à Condução";"Atropelamento de Pedestre";"Com Vítimas Feridas";"Pleno dia";"Crescente";"Céu Claro";"Dupla";"Reta;Aclive";"Sim";2;0;0;1;0;1;1;2;-16,603;-49,2023;"SPRF-GO";"DEL01-GO";"UOP01-DEL01-GO"
304983;2020-09-01;"terça-feira";"09:40:00";"MG";116;527,8;"CARATINGA";"Falta de Atenção à Condução";"Colisão traseira";"Com Vítimas Feridas";"Pleno dia";"Decrescente";"Nublado";"Dupla";"Reta";"Sim";2;0;1;0;1;0;1;2;-19,78510701;-42,13445297;"SPRF-MG";"DEL06-MG";"UOP02-DEL06-MG"
304985;2020-09-01;"terça-feira";"11:00:00";"ES";101;136,2;"LINHARES";"Defeito Mecânico no Veículo";"Incêndio";"Sem Vítimas";"Pleno dia";"Crescente";"Céu Claro";"Simples";"Reta";"Não";2;0;0;0;2;0;0;1;-19,2903316;-40,0862489;"SPRF-ES";"DEL04-ES";"UOP01-DEL04-ES"
304991;2020-09-01;"terça-feira";"13:15:00";"SC";101;215,1;"PALHOCA";"Não guardar distância de segurança";"Colisão traseira";"Com Vítimas Feridas";"Pleno dia";"Crescente";"Céu Claro";"Múltipla";"Reta";"Sim";2;0;0;1;1;0;1;2;-27,65184843;-48,67604941;"SPRF-SC";"DEL01-SC";"UOP02-DEL01-SC"
304992;2020-01-20;"segunda-feira";"23:00:00";"PI";343;3,2;"TERESINA";"Desobediência às normas de trânsito pelo condutor";"Colisão transversal";"Com Vítimas Feridas";"Plena Noite";"Decrescente";"Céu Claro";"Múltipla";"Interseção de Vias";"Sim";3;0;0;1;1;1;1;3;-5,0810957;-42,77811322;"SPRF-PI";"DEL01-PI";"UOP01-DEL01-PI"
304994;2020-09-01;"terça-feira";"12:45:00";"RS";290;73;"GRAVATAI";"Falta de Atenção do Pedestre";"Atropelamento de Pedestre";"Com Vítimas Fatais";"Pleno dia";"Crescente";"Nublado";"Múltipla";"Reta";"Não";3;1;0;0;1;1;0;2;-29,952929;-50,987383;"SPRF-RS";"DEL03-RS";"UOP01-DEL03-RS"
304996;2020-04-15;"quarta-feira";"20:55:00";"PI";316;2;"TERESINA";"Falta de Atenção à Condução";"Colisão transversal";"Com Vítimas Feridas";"Plena Noite";"Crescente";"Céu Claro";"Múltipla";"Rotatória";"Sim";2;0;0;1;0;1;1;2;-5,12360717;-42,79573029;"SPRF-PI";"DEL01-PI";"UOP02-DEL01-PI"
304998;2020-09-01;"terça-feira";"14:15:00";"SC";101;218;"PALHOCA";"Defeito Mecânico no Veículo";"Tombamento";"Com Vítimas Feridas";"Pleno dia";"Crescente";"Nublado";"Múltipla";"Reta";"Sim";2;0;1;1;0;0;2;1;-27,6758601;-48,67052525;"SPRF-SC";"DEL01-SC";"UOP02-DEL01-SC"
304999;2020-09-01;"terça-feira";"12:30:00";"SC";480;128;"CHAPECO";"Falta de Atenção à Condução";"Colisão transversal";"Com Vítimas Feridas";"Pleno dia";"Decrescente";"Sol";"Simples";"Reta";"Não";3;0;1;0;2;0;1;2;-27,03781899;-52,63432603;"SPRF-SC";"DEL07-SC";"UOP01-DEL07-SC"
305001;2020-09-01;"terça-feira";"06:45:00";"SC";470;222,8;"SAO CRISTOVAO DO SUL";"Pista Escorregadia";"Colisão com objeto estático";"Com Vítimas Feridas";"Pleno dia";"Crescente";"Garoa/Chuvisco";"Simples";"Curva";"Não";1;0;1;0;0;0;1;1;-27,316019;-50,327316;"SPRF-SC";"DEL05-SC";"UOP03-DEL05-SC"
305003;2020-09-01;"terça-feira";"14:30:00";"MT";158;686;"BARRA DO GARCAS";"Falta de Atenção à Condução";"Saída de leito carroçável";"Com Vítimas Feridas";"Pleno dia";"Decrescente";"Céu Claro";"Simples";"Reta";"Não";2;0;2;0;0;0;2;1;-14,94002691;-52,2696246;"SPRF-MT";"DEL07-MT";"UOP01-DEL07-MT"
305005;2020-09-01;"terça-feira";"14:15:00";"GO";414;437;"ANAPOLIS";"Desobediência às normas de trânsito pelo condutor";"Colisão transversal";"Com Vítimas Feridas";"Pleno dia";"Crescente";"Céu Claro";"Simples";"Rotatória";"Não";2;0;1;0;1;0;1;2;-16,26365299;-48,93824303;"SPRF-GO";"DEL02-GO";"UOP01-DEL02-GO"
305009;2020-08-28;"sexta-feira";"21:30:00";"SC";470;38;"GASPAR";"Ingestão de Álcool";"Colisão frontal";"Com Vítimas Feridas";"Plena Noite";"Crescente";"Nublado";"Simples";"Reta";"Não";3;0;2;0;1;0;2;2;-26,904108;-48,980164;"SPRF-SC";"DEL04-SC";"UOP01-DEL04-SC"
305010;2020-09-01;"terça-feira";"14:10:00";"PE";232;177,9;"BELO JARDIM";"Não guardar distância de segurança";"Colisão traseira";"Com Vítimas Feridas";"Pleno dia";"Crescente";"Nublado";"Simples";"Reta";"Sim";2;0;1;0;0;1;1;2;-8,34884045;-36,4032249;"SPRF-PE";"DEL02-PE";"UOP03-DEL02-PE"
305012;2020-09-01;"terça-feira";"13:00:00";"PR";277;75,6;"SAO JOSE DOS PINHAIS";"Falta de Atenção à Condução";"Queda de ocupante de veículo";"Com Vítimas Feridas";"Pleno dia";"Crescente";"Nublado";"Dupla";"Em Obras";"Sim";1;0;1;0;0;0;1;1;-25,51327981;-49,12433291;"SPRF-PR";"DEL01-PR";"UOP01-DEL01-PR"
305013;2020-09-01;"terça-feira";"13:30:00";"PR";163;8,1;"BARRACAO";"Falta de Atenção à Condução";"Colisão transversal";"Com Vítimas Feridas";"Pleno dia";"Crescente";"Sol";"Dupla";"Reta";"Sim";3;0;0;2;1;0;2;2;-26,257272;-53,626256;"SPRF-PR";"DEL02-PR";"UOP02-DEL02-PR"
305014;2020-09-01;"terça-feira";"14:30:00";"CE";20;428;"FORTALEZA";"Falta de Atenção à Condução";"Colisão traseira";"Com Vítimas Feridas";"Pleno dia";"Crescente";"Céu Claro";"Dupla";"Reta";"Não";2;0;1;0;1;0;1;2;-3,76999035;-38,67006282;"SPRF-CE";"DEL01-CE";"UOP02-DEL01-CE"
305017;2020-09-01;"terça-feira";"14:20:00";"CE";222;0,9;"FORTALEZA";"Falta de Atenção à Condução";"Colisão traseira";"Com Vítimas Feridas";"Pleno dia";"Crescente";"Céu Claro";"Múltipla";"Reta";"Sim";2;0;1;0;1;0;1;2;-3,7367737;-38,56923;"SPRF-CE";"DEL01-CE";"UOP01-DEL01-CE"
305018;2020-09-01;"terça-feira";"14:55:00";"BA";116;421;"FEIRA DE SANTANA";"Ingestão de Álcool";"Colisão lateral";"Sem Vítimas";"Pleno dia";"Decrescente";"Céu Claro";"Dupla";"Reta";"Não";2;0;0;0;2;0;0;2;-12,211936;-38,96567;"SPRF-BA";"DEL02-BA";"UOP01-DEL02-BA"
305019;2020-09-01;"terça-feira";"12:50:00";"RJ";101;322;"NITEROI";"Desobediência às normas de trânsito pelo condutor";"Colisão lateral";"Sem Vítimas";"Pleno dia";"Crescente";"Céu Claro";"Simples";"Aclive";"Não";2;0;0;0;2;0;0;2;-22,878923;-43,110676;"SPRF-RJ";"DEL02-RJ";"UOP02-DEL02-RJ"
305020;2020-09-01;"terça-feira";"16:10:00";"CE";222;1,2;"FORTALEZA";"Falta de Atenção do Pedestre";"Atropelamento de Pedestre";"Com Vítimas Feridas";"Pleno dia";"Crescente";"Céu Claro";"Múltipla";"Reta";"Sim";2;0;1;0;1;0;1;2;-3,737804;-38,578061;"SPRF-CE";"DEL01-CE";"UOP01-DEL01-CE"
305022;2020-08-28;"sexta-feira";"08:30:00";"PR";0;0;"GUAIRA";"Defeito na Via";"Colisão lateral";"Sem Vítimas";"Pleno dia";"Não Informado";"Céu Claro";"Simples";"Reta";"Sim";3;0;0;0;2;1;0;2;-24,21375699;-54,19958751;"SPRF-PR";"DEL06-PR";"UOP01-DEL06-PR"
305023;2020-09-01;"terça-feira";"15:15:00";"SC";282;516;"XAXIM";"Falta de Atenção à Condução";"Saída de leito carroçável";"Com Vítimas Feridas";"Pleno dia";"Crescente";"Céu Claro";"Simples";"Curva";"Não";2;0;1;0;1;0;1;1;-26,91678932;-52,49336243;"SPRF-SC";"DEL07-SC";"UOP01-DEL07-SC"
305024;2020-08-25;"terça-feira";"07:15:00";"MS";463;74,7;"PONTA PORA";"Falta de Atenção à Condução";"Colisão transversal";"Com Vítimas Feridas";"Pleno dia";"Decrescente";"Céu Claro";"Simples";"Reta";"Não";3;0;0;1;2;0;1;2;-22,49152792;-55,42546007;"SPRF-MS";"DEL04-MS";"UOP03-DEL04-MS"
305025;2020-09-01;"terça-feira";"15:50:00";"PR";0;0;"FOZ DO IGUACU";"Falta de Atenção à Condução";"Colisão transversal";"Com Vítimas Feridas";"Pleno dia";"Não Informado";"Sol";"Dupla";"Reta";"Sim";4;0;1;2;1;0;3;2;-25,46132382;-54,58340983;"SPRF-PR";"DEL05-PR";"UOP03-DEL05-PR"
305026;2020-09-01;"terça-feira";"14:45:00";"DF";60;4,6;"BRASILIA";"Falta de Atenção à Condução";"Colisão traseira";"Com Vítimas Feridas";"Pleno dia";"Decrescente";"Sol";"Dupla";"Reta";"Sim";3;0;1;0;2;0;1;2;-15,892721;-48,095741;"SPRF-DF";"DEL03-DF";"UOP01-DEL03-DF"
305027;2020-09-01;"terça-feira";"16:00:00";"RJ";116;164;"RIO DE JANEIRO";"Falta de Atenção à Condução";"Tombamento";"Com Vítimas Feridas";"Pleno dia";"Decrescente";"Nublado";"Dupla";"Reta";"Não";2;0;2;0;0;0;2;1;-22,81074068;-43,28844363;"SPRF-RJ";"DEL01-RJ";"UOP01-DEL01-RJ"
305028;2020-09-01;"terça-feira";"15:00:00";"MS";163;516,2;"JARAGUARI";"Falta de Atenção à Condução";"Tombamento";"Sem Vítimas";"Pleno dia";"Crescente";"Céu Claro";"Dupla";"Reta";"Não";1;0;0;0;0;1;0;1;-20,19447587;-54,46191824;"SPRF-MS";"DEL01-MS";"UOP02-DEL01-MS"
305029;2020-09-01;"terça-feira";"16:20:00";"MG";381;729;"CARMO DA CACHOEIRA";"Falta de Atenção à Condução";"Colisão lateral";"Com Vítimas Feridas";"Pleno dia";"Decrescente";"Céu Claro";"Dupla";"Reta";"Não";2;0;1;0;1;0;1;1;-21,53065495;-45,23082007;"SPRF-MG";"DEL04-MG";"UOP02-DEL04-MG"
305030;2020-09-01;"terça-feira";"15:30:00";"PR";369;482,4;"CORBELIA";"Ultrapassagem Indevida";"Colisão frontal";"Com Vítimas Feridas";"Pleno dia";"Crescente";"Sol";"Simples";"Reta;Declive";"Não";5;0;5;0;0;0;5;2;-24,6524;-53,2195;"SPRF-PR";"DEL09-PR";"UOP03-DEL09-PR"
305031;2020-09-01;"terça-feira";"14:15:00";"GO";158;248;"JATAI";"Defeito Mecânico no Veículo";"Queda de ocupante de veículo";"Com Vítimas Feridas";"Pleno dia";"Decrescente";"Céu Claro";"Simples";"Reta";"Não";2;0;2;0;0;0;2;1;-17,71439095;-51,83388165;"SPRF-GO";"DEL05-GO";"UOP01-DEL05-GO"
305033;2020-09-01;"terça-feira";"15:30:00";"MA";10;316,7;"ACAILANDIA";"Falta de Atenção à Condução";"Saída de leito carroçável";"Com Vítimas Feridas";"Pleno dia";"Crescente";"Céu Claro";"Simples";"Declive";"Não";3;0;1;1;1;0;2;1;-4,982702;-47,522224;"SPRF-MA";"DEL04-MA";"UOP03-DEL04-MA"
305034;2020-09-01;"terça-feira";"17:00:00";"MG";262;354;"BETIM";"Defeito Mecânico no Veículo";"Tombamento";"Com Vítimas Feridas";"Pleno dia";"Decrescente";"Sol";"Dupla";"Reta";"Não";2;0;2;0;0;0;2;1;-19,98464192;-44,20692444;"SPRF-MG";"DEL01-MG";"UOP03-DEL01-MG"
305035;2020-09-01;"terça-feira";"16:12:00";"RS";470;221;"GARIBALDI";"Restrição de Visibilidade";"Colisão com objeto estático";"Sem Vítimas";"Pleno dia";"Crescente";"Nublado";"Simples";"Curva;Interseção de Vias";"Sim";2;0;0;0;2;0;0;1;-29,21263068;-51,51829546;"SPRF-RS";"DEL06-RS";"UOP01-DEL06-RS"
305040;2020-09-01;"terça-feira";"17:45:00";"SC";101;218,3;"PALHOCA";"Não guardar distância de segurança";"Colisão traseira";"Com Vítimas Feridas";"Anoitecer";"Crescente";"Nublado";"Múltipla";"Reta";"Não";2;0;1;0;1;0;1;2;-27,6758601;-48,67052525;"SPRF-SC";"DEL01-SC";"UOP02-DEL01-SC"
305041;2020-09-01;"terça-feira";"17:40:00";"SP";116;287,4;"ITAPECERICA DA SERRA";"Defeito Mecânico no Veículo";"Tombamento";"Com Vítimas Feridas";"Plena Noite";"Decrescente";"Nublado";"Dupla";"Curva";"Sim";2;0;2;0;0;0;2;1;-23,71441779;-46,87929634;"SPRF-SP";"DEL04-SP";"UOP01-DEL04-SP"
305043;2020-09-01;"terça-feira";"14:30:00";"SC";470;91,6;"ASCURRA";"Falta de Atenção à Condução";"Saída de leito carroçável";"Com Vítimas Feridas";"Pleno dia";"Crescente";"Garoa/Chuvisco";"Simples";"Reta";"Não";2;0;2;0;0;0;2;1;-26,97769;-49,369198;"SPRF-SC";"DEL04-SC";"UOP01-DEL04-SC"
305045;2020-06-10;"quarta-feira";"14:20:00";"PR";277;522,2;"GUARANIACU";"Falta de Atenção à Condução";"Colisão transversal";"Com Vítimas Feridas";"Pleno dia";"Crescente";"Céu Claro";"Simples";"Reta";"Não";4;0;2;0;2;0;2;2;-25,10856736;-52,85578251;"SPRF-PR";"DEL04-PR";"UOP04-DEL04-PR"
305046;2020-09-01;"terça-feira";"18:33:00";"RN";101;133,2;"SAO JOSE DE MIPIBU";"Sinalização da via insuficiente ou inadequada";"Colisão com objeto estático";"Com Vítimas Feridas";"Plena Noite";"Decrescente";"Céu Claro";"Dupla";"Reta";"Não";1;0;1;0;0;0;1;1;-6,14655198;-35,22722973;"SPRF-RN";"DEL01-RN";"UOP01-DEL01-RN"
305048;2020-09-01;"terça-feira";"17:20:00";"RN";101;85;"NATAL";"Desobediência às normas de trânsito pelo condutor";"Colisão lateral";"Com Vítimas Feridas";"Anoitecer";"Decrescente";"Céu Claro";"Dupla";"Aclive";"Sim";4;0;2;0;2;0;2;3;-5,777664;-35,24937;"SPRF-RN";"DEL02-RN";"UOP01-DEL02-RN"
305050;2020-09-01;"terça-feira";"18:25:00";"CE";222;76,6;"SAO LUIS DO CURU";"Desobediência às normas de trânsito pelo condutor";"Colisão transversal";"Com Vítimas Feridas";"Plena Noite";"Crescente";"Céu Claro";"Múltipla";"Reta";"Sim";3;0;0;2;0;1;2;3;-3,67298781;-39,23744559;"SPRF-CE";"DEL04-CE";"UOP03-DEL04-CE"
305051;2020-09-01;"terça-feira";"16:00:00";"BA";324;290;"JACOBINA";"Falta de Atenção à Condução";"Colisão lateral";"Com Vítimas Feridas";"Pleno dia";"Crescente";"Sol";"Simples";"Reta";"Sim";4;0;2;0;2;0;2;2;-11,181093;-40,537317;"SPRF-BA";"DEL04-BA";"UOP02-DEL04-BA"
305052;2020-09-01;"terça-feira";"19:10:00";"RS";116;258,3;"ESTEIO";"Não guardar distância de segurança";"Colisão traseira";"Com Vítimas Feridas";"Plena Noite";"Decrescente";"Nublado";"Dupla";"Reta";"Sim";2;0;1;0;1;0;1;2;-29,8634639;-51,1805968;"SPRF-RS";"DEL01-RS";"UOP02-DEL01-RS"
305054;2020-09-01;"terça-feira";"18:10:00";"MS";60;65;"PARAISO DAS AGUAS";"Falta de Atenção à Condução";"Capotamento";"Com Vítimas Feridas";"Plena Noite";"Crescente";"Céu Claro";"Simples";"Aclive";"Não";2;0;0;2;0;0;2;1;-19,0533989;-53,01508438;"SPRF-MS";"DEL06-MS";"UOP02-DEL06-MS"
305055;2020-09-01;"terça-feira";"18:00:00";"MA";135;5;"SAO LUIS";"Não guardar distância de segurança";"Colisão traseira";"Com Vítimas Feridas";"Plena Noite";"Decrescente";"Ignorado";"Dupla";"Reta";"Sim";2;0;0;1;1;0;1;2;-2,62145385;-44,25797421;"SPRF-MA";"DEL01-MA";"UOP01-DEL01-MA"
305056;2020-09-01;"terça-feira";"13:00:00";"SP";381;83;"SAO PAULO";"Defeito Mecânico no Veículo";"Incêndio";"Sem Vítimas";"Pleno dia";"Decrescente";"Céu Claro";"Dupla";"Reta";"Não";1;0;0;0;1;0;0;1;-23,4309671;-46,56998022;"SPRF-SP";"DEL03-SP";"UOP01-DEL03-SP"