"id";"data_inversa";"dia_semana";"horario";"uf";"br";"km";"municipio";"causa_acidente";"tipo_acidente";"classificacao_acidente";"fase_dia";"sentido_via";"condicao_metereologica";"tipo_pista";"tracado_via";"uso_solo";"pessoas";"mortos";"feridos_leves";"feridos_graves";"ilesos";"ignorados";"feridos";"veiculos";"latitude";"longitude";"regional";"delegacia";"uop"
305425;2020-09-03;"quinta-feira";"18:00:00";"SP";116;226;"GUARULHOS";"Velocidade Incompatível";"Colisão com objeto em movimento";"Com Vítimas Feridas";"Anoitecer";"Crescente";"Céu Claro";"Múltipla";"Declive;Reta";"Sim";7;0;0;1;2;4;1;5;-23,49102507;-46,54878195;"SPRF-SP";"DEL01-SP";"UOP01-DEL01-SP"
305426;2020-09-03;"quinta-feira";"18:55:00";"SP";116;287,5;"ITAPECERICA DA SERRA";"Falta de Atenção à Condução";"Tombamento";"Com Vítimas Feridas";"Plena Noite";"Decrescente";"Céu Claro";"Dupla";"Reta";"Não";2;0;2;0;0;0;2;1;-23,71441779;-46,87929634;"SPRF-SP";"DEL04-SP";"UOP01-DEL04-SP"
305427;2020-09-03;"quinta-feira";"18:50:00";"RS";285;202,5;"LAGOA VERMELHA";"Desobediência às normas de trânsito pelo condutor";"Saída de leito carroçável";"Com Vítimas Fatais";"Anoitecer";"Decrescente";"Nublado";"Simples";"Reta";"Sim";1;1;0;0;0;0;0;1;-28,211273;-51,546356;"SPRF-RS";"DEL08-RS";"UOP05-DEL08-RS"
305428;2020-09-03;"quinta-feira";"15:00:00";"BA";324;488;"SANTA BARBARA";"Falta de Atenção à Condução";"Saída de leito carroçável";"Com Vítimas Feridas";"Pleno dia";"Decrescente";"Céu Claro";"Simples";"Reta";"Não";1;0;1;0;0;0;1;1;-12,03730392;-39,00793595;"SPRF-BA";"DEL02-BA";"UOP01-DEL02-BA"
305430;2020-09-03;"quinta-feira";"18:10:00";"BA";110;310;"INHAMBUPE";"Falta de Atenção à Condução";"Atropelamento de Pedestre";"Com Vítimas Fatais";"Plena Noite";"Crescente";"Nublado";"Simples";"Reta";"Sim";2;1;0;0;0;1;0;2;-11,99369826;-38,37045133;"SPRF-BA";"DEL01-BA";"UOP04-DEL01-BA"
305431;2020-09-03;"quinta-feira";"18:15:00";"PB";101;59;"SANTA RITA";"Desobediência às normas de trânsito pelo condutor";"Tombamento";"Com Vítimas Feridas";"Plena Noite";"Decrescente";"Nublado";"Simples";"Reta";"Não";1;0;1;0;0;0;1;1;-6,99609948;-35,06759427;"SPRF-PB";"DEL01-PB";"UOP04-DEL01-PB"
305432;2020-09-03;"quinta-feira";"18:30:00";"SC";101;208,7;"SAO JOSE";"Desobediência às normas de trânsito pelo condutor";"Colisão lateral";"Com Vítimas Feridas";"Anoitecer";"Decrescente";"Nublado";"Múltipla";"Reta";"Sim";2;0;1;0;1;0;1;2;-27,60327979;-48,63201818;"SPRF-SC";"DEL01-SC";"UOP01-DEL01-SC"
305434;2020-09-03;"quinta-feira";"19:15:00";"SC";282;609,9;"MARAVILHA";"Falta de Atenção à Condução";"Colisão lateral";"Com Vítimas Feridas";"Plena Noite";"Crescente";"Céu Claro";"Simples";"Declive;Reta";"Não";2;0;1;0;1;0;1;2;-26,761354;-53,221897;"SPRF-SC";"DEL07-SC";"UOP02-DEL07-SC"
305436;2020-09-03;"quinta-feira";"20:05:00";"PR";376;343;"ORTIGUEIRA";"Ingestão de Álcool";"Colisão traseira";"Com Vítimas Feridas";"Plena Noite";"Crescente";"Céu Claro";"Simples";"Reta";"Sim";2;0;1;0;1;0;1;2;-24,19556913;-50,95456314;"SPRF-PR";"DEL07-PR";"UOP03-DEL07-PR"
305437;2020-09-03;"quinta-feira";"19:39:00";"PE";101;58;"RECIFE";"Não guardar distância de segurança";"Engavetamento";"Com Vítimas Feridas";"Plena Noite";"Decrescente";"Nublado";"Dupla";"Reta";"Não";6;0;1;0;5;0;1;4;-7,97063209;-34,92064675;"SPRF-PE";"DEL01-PE";"UOP02-DEL01-PE"
305439;2020-09-03;"quinta-feira";"19:15:00";"PE";101;70,6;"RECIFE";"Desobediência às normas de trânsito pelo pedestre";"Atropelamento de Pedestre";"Com Vítimas Feridas";"Plena Noite";"Crescente";"Céu Claro";"Múltipla";"Reta";"Sim";2;0;1;0;1;0;1;2;-8,06776119;-34,94265074;"SPRF-PE";"DEL01-PE";"UOP01-DEL01-PE"
305441;2020-09-03;"quinta-feira";"19:40:00";"RS";392;61,4;"PELOTAS";"Falta de Atenção do Pedestre";"Atropelamento de Pedestre";"Com Vítimas Fatais";"Plena Noite";"Crescente";"Céu Claro";"Dupla";"Curva";"Não";2;1;0;0;0;1;0;2;-31,78636127;-52,3528092;"SPRF-RS";"DEL07-RS";"UOP01-DEL07-RS"
305442;2020-09-03;"quinta-feira";"19:00:00";"PR";376;590;"CURITIBA";"Falta de Atenção à Condução";"Colisão lateral";"Sem Vítimas";"Plena Noite";"Crescente";"Céu Claro";"Dupla";"Reta";"Sim";3;0;0;0;3;0;0;3;-25,45155592;-49,36237578;"SPRF-PR";"DEL01-PR";"UOP01-DEL01-PR"
305443;2020-09-03;"quinta-feira";"01:00:00";"RJ";101;330;"RIO DE JANEIRO";"Ultrapassagem Indevida";"Colisão lateral";"Com Vítimas Feridas";"Plena Noite";"Crescente";"Céu Claro";"Dupla";"Reta";"Não";2;0;0;1;1;0;1;2;-22,8684989;-43,18548699;"SPRF-RJ";"DEL02-RJ";"UOP02-DEL02-RJ"
305444;2020-09-03;"quinta-feira";"19:00:00";"PE";232;197,8;"SANHARO";"Ingestão de Álcool";"Colisão lateral";"Com Vítimas Feridas";"Plena Noite";"Crescente";"Céu Claro";"Simples";"Reta";"Não";2;0;0;1;1;0;1;2;-8,36891793;-36,580362;"SPRF-PE";"DEL02-PE";"UOP03-DEL02-PE"
305445;2020-09-03;"quinta-feira";"18:15:00";"PE";232;197,8;"SANHARO";"Ingestão de Álcool";"Colisão traseira";"Com Vítimas Feridas";"Plena Noite";"Crescente";"Céu Claro";"Simples";"Reta";"Não";2;0;0;1;1;0;1;2;-8,36891793;-36,580362;"SPRF-PE";"DEL02-PE";"UOP03-DEL02-PE"
305446;2020-09-03;"quinta-feira";"19:40:00";"GO";60;60;"ABADIANIA";"Falta de Atenção à Condução";"Atropelamento de Pedestre";"Com Vítimas Feridas";"Plena Noite";"Crescente";"Céu Claro";"Dupla";"Curva";"Sim";2;0;0;2;0;0;2;2;-16,1905;-48,7026;"SPRF-GO";"DEL02-GO";"UOP01-DEL02-GO"
305447;2020-09-03;"quinta-feira";"20:30:00";"SC";470;124,8;"LONTRAS";"Desobediência às normas de trânsito pelo condutor";"Colisão transversal";"Com Vítimas Feridas";"Plena Noite";"Decrescente";"Céu Claro";"Simples";"Interseção de Vias";"Não";3;0;1;0;1;1;1;3;-27,113192;-49,529163;"SPRF-SC";"DEL04-SC";"UOP02-DEL04-SC"
305450;2020-09-03;"quinta-feira";"19:45:00";"SC";101;148,8;"ITAPEMA";"Falta de Atenção do Pedestre";"Atropelamento de Pedestre";"Com Vítimas Feridas";"Plena Noite";"Decrescente";"Céu Claro";"Múltipla";"Declive";"Sim";2;0;0;1;1;0;1;2;-27,10123686;-48,61807962;"SPRF-SC";"DEL04-SC";"UOP03-DEL04-SC"
305452;2020-09-03;"quinta-feira";"20:45:00";"RN";427;104,5;"CAICO";"Falta de Atenção à Condução";"Colisão com objeto estático";"Com Vítimas Feridas";"Plena Noite";"Crescente";"Céu Claro";"Simples";"Interseção de Vias";"Não";1;0;0;1;0;0;1;1;-6,42903597;-37,08357811;"SPRF-RN";"DEL03-RN";"UOP01-DEL03-RN"
305453;2020-09-03;"quinta-feira";"18:35:00";"BA";110;392,8;"SAO SEBASTIAO DO PASSE";"Falta de Atenção à Condução";"Colisão frontal";"Com Vítimas Feridas";"Plena Noite";"Crescente";"Céu Claro";"Simples";"Declive;Curva";"Não";2;0;1;0;0;1;1;2;-12,50766107;-38,49626949;"SPRF-BA";"DEL01-BA";"UOP01-DEL01-BA"
305454;2020-09-03;"quinta-feira";"20:30:00";"RS";116;248;"SAO LEOPOLDO";"Desobediência às normas de trânsito pelo condutor";"Colisão transversal";"Com Vítimas Feridas";"Plena Noite";"Decrescente";"Nublado";"Dupla";"Reta";"Sim";2;0;1;0;1;0;1;2;-29,77176774;-51,15409439;"SPRF-RS";"DEL01-RS";"UOP02-DEL01-RS"
305456;2020-09-03;"quinta-feira";"06:50:00";"SC";101;208;"SAO JOSE";"Falta de Atenção à Condução";"Queda de ocupante de veículo";"Com Vítimas Feridas";"Pleno dia";"Crescente";"Nublado";"Múltipla";"Curva";"Sim";1;0;1;0;0;0;1;1;-27,60327979;-48,63201818;"SPRF-SC";"DEL01-SC";"UOP01-DEL01-SC"
305458;2020-09-03;"quinta-feira";"18:25:00";"SC";282;529,3;"CORDILHEIRA ALTA";"Falta de Atenção à Condução";"Colisão transversal";"Com Vítimas Feridas";"Plena Noite";"Decrescente";"Céu Claro";"Simples";"Reta";"Não";2;0;0;1;1;0;1;2;-26,982185;-52,59734;"SPRF-SC";"DEL07-SC";"UOP01-DEL07-SC"
305461;2020-09-03;"quinta-feira";"20:15:00";"SP";116;147;"SAO JOSE DOS CAMPOS";"Falta de Atenção à Condução";"Colisão traseira";"Com Vítimas Feridas";"Plena Noite";"Decrescente";"Céu Claro";"Múltipla";"Reta";"Sim";2;0;1;0;1;0;1;2;-23,19433393;-45,8695507;"SPRF-SP";"DEL02-SP";"UOP01-DEL02-SP"
305462;2020-09-03;"quinta-feira";"21:40:00";"MG";262;438,5;"NOVA SERRANA";"Ingestão de Álcool";"Queda de ocupante de veículo";"Com Vítimas Feridas";"Plena Noite";"Crescente";"Céu Claro";"Dupla";"Reta";"Sim";1;0;0;1;0;0;1;1;-19,89280962;-44,878453;"SPRF-MG";"DEL08-MG";"UOP03-DEL08-MG"
305463;2020-09-03;"quinta-feira";"19:23:00";"BA";235;288;"JUAZEIRO";"Desobediência às normas de trânsito pelo condutor";"Colisão traseira";"Com Vítimas Fatais";"Plena Noite";"Decrescente";"Céu Claro";"Simples";"Reta";"Não";3;1;0;1;0;1;1;3;-9,54482213;-39,98295505;"SPRF-BA";"DEL07-BA";"UOP01-DEL07-BA"
305464;2020-09-03;"quinta-feira";"21:25:00";"SC";101;156;"ITAPEMA";"Falta de Atenção à Condução";"Colisão traseira";"Com Vítimas Feridas";"Plena Noite";"Crescente";"Ignorado";"Dupla";"Reta";"Não";1;0;1;0;0;0;1;1;-27,172272;-48,61170204;"SPRF-SC";"DEL04-SC";"UOP03-DEL04-SC"
305470;2020-09-03;"quinta-feira";"17:10:00";"PR";369;406,3;"MAMBORE";"Desobediência às normas de trânsito pelo condutor";"Saída de leito carroçável";"Com Vítimas Feridas";"Pleno dia";"Crescente";"Céu Claro";"Dupla";"Aclive";"Não";2;0;2;0;0;0;2;1;-24,3329;-52,6682;"SPRF-PR";"DEL09-PR";"UOP03-DEL09-PR"
305471;2020-09-03;"quinta-feira";"23:20:00";"MG";40;786,6;"JUIZ DE FORA";"Animais na Pista";"Atropelamento de Animal";"Com Vítimas Feridas";"Plena Noite";"Decrescente";"Nublado";"Dupla";"Reta";"Não";2;0;0;1;0;1;1;2;-21,75803044;-43,44129508;"SPRF-MG";"DEL05-MG";"UOP01-DEL05-MG"
305476;2020-09-03;"quinta-feira";"19:00:00";"MG";365;835,5;"SANTA VITORIA";"Animais na Pista";"Atropelamento de Animal";"Com Vítimas Feridas";"Plena Noite";"Crescente";"Vento";"Simples";"Reta";"Não";2;0;1;1;0;0;2;1;-18,91450427;-50,2302929;"SPRF-MG";"DEL15-MG";"UOP03-DEL15-MG"
305477;2020-09-03;"quinta-feira";"21:50:00";"PA";230;111,2;"MARABA";"Desobediência às normas de trânsito pelo condutor";"Queda de ocupante de veículo";"Com Vítimas Feridas";"Plena Noite";"Crescente";"Nublado";"Simples";"Reta";"Sim";1;0;0;1;0;0;1;1;-5,37139594;-49,04004698;"SPRF-PA";"DEL03-PA";"UOP01-DEL03-PA"
305478;2020-09-03;"quinta-feira";"22:50:00";"MA";316;264;"SANTA INES";"Falta de Atenção à Condução";"Colisão frontal";"Com Vítimas Fatais";"Plena Noite";"Crescente";"Céu Claro";"Simples";"Reta";"Sim";2;1;0;0;1;0;0;2;-3,673308;-45,362946;"SPRF-MA";"DEL02-MA";"UOP01-DEL02-MA"
305479;2020-09-03;"quinta-feira";"23:47:00";"GO";60;389,3;"RIO VERDE";"Condutor Dormindo";"Saída de leito carroçável";"Com Vítimas Feridas";"Plena Noite";"Crescente";"Céu Claro";"Dupla";"Reta";"Sim";1;0;0;1;0;0;1;1;-17,821875;-50,948716;"SPRF-GO";"DEL04-GO";"UOP01-DEL04-GO"
305481;2020-09-04;"sexta-feira";"00:05:00";"MG";364;38;"FRUTAL";"Ingestão de álcool e/ou substâncias psicoativas pelo pedestre";"Saída de leito carroçável";"Com Vítimas Feridas";"Plena Noite";"Crescente";"Céu Claro";"Simples";"Reta";"Não";1;0;1;0;0;0;1;1;-20,025185;-48,94096;"SPRF-MG";"DEL13-MG";"UOP02-DEL13-MG"
305482;2020-09-04;"sexta-feira";"01:10:00";"PR";467;101,2;"CASCAVEL";"Ingestão de Álcool";"Saída de leito carroçável";"Com Vítimas Feridas";"Plena Noite";"Crescente";"Céu Claro";"Dupla";"Curva";"Não";2;0;2;0;0;0;2;1;-24,8999;-53,5272;"SPRF-PR";"DEL04-PR";"UOP01-DEL04-PR"
305483;2020-09-04;"sexta-feira";"01:40:00";"GO";60;108,9;"GOIANAPOLIS";"Condutor Dormindo";"Saída de leito carroçável";"Sem Vítimas";"Plena Noite";"Decrescente";"Céu Claro";"Dupla";"Curva";"Não";1;0;0;0;0;1;0;1;-16,4398;-49,0188;"SPRF-GO";"DEL01-GO";"UOP01-DEL01-GO"
305484;2020-09-04;"sexta-feira";"01:35:00";"MG";381;489,1;"BETIM";"Ingestão de Álcool";"Colisão com objeto estático";"Com Vítimas Feridas";"Plena Noite";"Decrescente";"Céu Claro";"Dupla";"Reta;Aclive";"Sim";1;0;0;1;0;0;1;1;-19,96245618;-44,16455495;"SPRF-MG";"DEL01-MG";"UOP03-DEL01-MG"
305485;2020-09-03;"quinta-feira";"23:00:00";"PI";316;358;"CAMPO GRANDE DO PIAUI";"Ingestão de Álcool";"Tombamento";"Sem Vítimas";"Plena Noite";"Decrescente";"Céu Claro";"Simples";"Reta";"Sim";1;0;0;0;1;0;0;1;-7,13141037;-41,04702704;"SPRF-PI";"DEL04-PI";"UOP03-DEL04-PI"
305487;2020-09-04;"sexta-feira";"02:00:00";"SP";116;272;"EMBU DAS ARTES";"Velocidade Incompatível";"Saída de leito carroçável";"Com Vítimas Feridas";"Plena Noite";"Decrescente";"Céu Claro";"Dupla";"Curva";"Sim";1;0;1;0;0;0;1;1;-23,621691;-46,813288;"SPRF-SP";"DEL04-SP";"UOP01-DEL04-SP"
305492;2020-09-04;"sexta-feira";"04:00:00";"PR";116;115;"CURITIBA";"Falta de Atenção à Condução";"Queda de ocupante de veículo";"Com Vítimas Feridas";"Plena Noite";"Decrescente";"Nublado";"Dupla";"Reta";"Sim";1;0;1;0;0;0;1;1;-25,55953326;-49,26560414;"SPRF-PR";"DEL01-PR";"UOP01-DEL01-PR"
305496;2020-09-04;"sexta-feira";"03:40:00";"MT";364;266,4;"SAO PEDRO DA CIPA";"Desobediência às normas de trânsito pelo condutor";"Tombamento";"Com Vítimas Feridas";"Plena Noite";"Decrescente";"Céu Claro";"Dupla";"Reta;Em Obras";"Não";2;0;2;0;0;0;2;1;-15,995969;-54,92259699;"SPRF-MT";"DEL02-MT";"UOP01-DEL02-MT"
305498;2020-09-04;"sexta-feira";"05:55:00";"PE";101;54;"PAULISTA";"Condutor Dormindo";"Saída de leito carroçável";"Com Vítimas Fatais";"Amanhecer";"Decrescente";"Céu Claro";"Dupla";"Viaduto;Reta";"Não";2;1;0;1;0;0;1;1;-7,93961103;-34,90356584;"SPRF-PE";"DEL01-PE";"UOP02-DEL01-PE"
305501;2020-09-04;"sexta-feira";"05:56:00";"PR";163;284;"MARECHAL CANDIDO RONDON";"Falta de Atenção à Condução";"Tombamento";"Com Vítimas Feridas";"Plena Noite";"Crescente";"Céu Claro";"Simples";"Rotatória";"Sim";1;0;1;0;0;0;1;1;-24,568102;-54,034168;"SPRF-PR";"DEL06-PR";"UOP02-DEL06-PR"
305502;2020-09-04;"sexta-feira";"06:00:00";"GO";20;190;"POSSE";"Condutor Dormindo";"Saída de leito carroçável";"Com Vítimas Feridas";"Amanhecer";"Crescente";"Céu Claro";"Simples";"Reta";"Não";2;0;1;0;1;0;1;1;-14,399416;-46,450367;"SPRF-DF";"DEL02-DF";"UOP03-DEL02-DF"
305503;2020-09-04;"sexta-feira";"06:05:00";"SC";282;16,6;"PALHOCA";"Animais na Pista";"Atropelamento de Animal";"Com Vítimas Feridas";"Amanhecer";"Crescente";"Garoa/Chuvisco";"Simples";"Reta";"Sim";2;0;1;0;0;1;1;2;-27,658611;-48,681847;"SPRF-SC";"DEL01-SC";"UOP02-DEL01-SC"
305505;2020-09-04;"sexta-feira";"05:30:00";"PE";104;109;"PANELAS";"Condutor Dormindo";"Saída de leito carroçável";"Com Vítimas Fatais";"Amanhecer";"Crescente";"Garoa/Chuvisco";"Simples";"Reta";"Não";1;1;0;0;0;0;0;1;-8,621404;-35,992279;"SPRF-PE";"DEL02-PE";"UOP01-DEL02-PE"
305506;2020-09-04;"sexta-feira";"06:50:00";"MG";381;484;"BETIM";"Desobediência às normas de trânsito pelo condutor";"Queda de ocupante de veículo";"Com Vítimas Feridas";"Pleno dia";"Decrescente";"Céu Claro";"Dupla";"Reta";"Não";1;0;1;0;0;0;1;1;-19,95531717;-44,11722196;"SPRF-MG";"DEL01-MG";"UOP03-DEL01-MG"
305508;2020-09-04;"sexta-feira";"07:10:00";"PR";376;157,9;"MANDAGUACU";"Não guardar distância de segurança";"Queda de ocupante de veículo";"Com Vítimas Feridas";"Pleno dia";"Crescente";"Céu Claro";"Dupla";"Interseção de Vias";"Não";1;0;1;0;0;0;1;1;-23,35150535;-52,09157825;"SPRF-PR";"DEL09-PR";"UOP01-DEL09-PR"
305509;2020-09-03;"quinta-feira";"20:55:00";"MG";116;410;"GOVERNADOR VALADARES";"Desobediência às normas de trânsito pelo pedestre";"Atropelamento de Pedestre";"Com Vítimas Fatais";"Plena Noite";"Decrescente";"Nublado";"Dupla";"Reta";"Sim";3;1;1;0;0;1;1;2;-18,855625;-41,975623;"SPRF-MG";"DEL06-MG";"UOP01-DEL06-MG"
305510;2020-09-04;"sexta-feira";"07:30:00";"DF";60;8;"BRASILIA";"Falta de Atenção à Condução";"Colisão traseira";"Com Vítimas Feridas";"Pleno dia";"Decrescente";"Sol";"Dupla";"Reta";"Não";4;0;1;0;3;0;1;2;-15,90324;-48,130695;"SPRF-DF";"DEL03-DF";"UOP01-DEL03-DF"
305512;2020-09-04;"sexta-feira";"07:00:00";"MG";381;409;"NOVA UNIAO";"Não guardar distância de segurança";"Tombamento";"Com Vítimas Feridas";"Pleno dia";"Decrescente";"Céu Claro";"Dupla";"Desvio Temporário;Em Obras";"Não";3;0;3;0;0;0;3;3;-19,75265942;-43,53428006;"SPRF-MG";"DEL01-MG";"UOP01-DEL01-MG"
305516;2020-09-04;"sexta-feira";"07:20:00";"RS";116;260;"CANOAS";"Falta de Atenção à Condução";"Colisão traseira";"Com Vítimas Feridas";"Pleno dia";"Crescente";"Nevoeiro/Neblina";"Dupla";"Reta";"Não";2;0;1;0;1;0;1;2;-29,879208;-51,18045622;"SPRF-RS";"DEL01-RS";"UOP01-DEL01-RS"
305517;2020-09-04;"sexta-feira";"07:20:00";"RJ";116;293;"PORTO REAL";"Não guardar distância de segurança";"Engavetamento";"Com Vítimas Feridas";"Pleno dia";"Decrescente";"Sol";"Dupla";"Reta";"Não";5;0;1;0;3;1;1;5;-22,45745983;-44,29161274;"SPRF-RJ";"DEL07-RJ";"UOP02-DEL07-RJ"
305518;2020-09-04;"sexta-feira";"07:00:00";"RJ";101;307;"SAO GONCALO";"Falta de Atenção à Condução";"Colisão traseira";"Com Vítimas Feridas";"Pleno dia";"Decrescente";"Céu Claro";"Dupla";"Reta";"Sim";2;0;1;0;1;0;1;2;-22,79115777;-43,01514205;"SPRF-RJ";"DEL02-RJ";"UOP02-DEL02-RJ"
305519;2020-09-03;"quinta-feira";"18:10:00";"MA";316;259;"SANTA INES";"Falta de Atenção à Condução";"Colisão transversal";"Com Vítimas Feridas";"Anoitecer";"Decrescente";"Céu Claro";"Simples";"Reta";"Sim";3;0;1;0;2;0;1;2;-3,662971;-45,400261;"SPRF-MA";"DEL02-MA";"UOP01-DEL02-MA"
305520;2020-09-04;"sexta-feira";"08:17:00";"BA";324;617;"SALVADOR";"Falta de Atenção à Condução";"Colisão traseira";"Com Vítimas Feridas";"Pleno dia";"Decrescente";"Céu Claro";"Dupla";"Reta";"Sim";2;0;0;1;1;0;1;2;-12,8860325;-38,43806469;"SPRF-BA";"DEL01-BA";"UOP01-DEL01-BA"
305522;2020-09-04;"sexta-feira";"08:00:00";"MG";459;99,8;"POUSO ALEGRE";"Falta de Atenção à Condução";"Colisão com objeto estático";"Com Vítimas Feridas";"Pleno dia";"Crescente";"Céu Claro";"Dupla";"Reta";"Não";3;0;2;0;1;0;2;3;-22,203484;-45,951649;"SPRF-MG";"DEL16-MG";"UOP01-DEL16-MG"
305523;2020-08-11;"terça-feira";"14:30:00";"MG";381;416;"NOVA UNIAO";"Desobediência às normas de trânsito pelo condutor";"Colisão lateral";"Com Vítimas Feridas";"Pleno dia";"Crescente";"Céu Claro";"Dupla";"Aclive;Em Obras;Curva";"Não";2;0;0;1;1;0;1;2;-19,73738014;-43,60362053;"SPRF-MG";"DEL01-MG";"UOP01-DEL01-MG"
305524;2020-09-04;"sexta-feira";"08:25:00";"SC";101;212,9;"PALHOCA";"Desobediência às normas de trânsito pelo condutor";"Colisão lateral";"Com Vítimas Feridas";"Pleno dia";"Crescente";"Nublado";"Múltipla";"Reta";"Sim";2;0;0;1;1;0;1;2;-27,62996929;-48,65903871;"SPRF-SC";"DEL01-SC";"UOP02-DEL01-SC"
305525;2020-09-04;"sexta-feira";"07:35:00";"RJ";101;412;"ITAGUAI";"Não guardar distância de segurança";"Colisão lateral";"Com Vítimas Feridas";"Pleno dia";"Decrescente";"Céu Claro";"Dupla";"Reta";"Sim";2;0;0;1;1;0;1;2;-22,89720365;-43,85639217;"SPRF-RJ";"DEL03-RJ";"UOP01-DEL03-RJ"
305526;2020-09-04;"sexta-feira";"05:45:00";"RJ";101;310;"SAO GONCALO";"Defeito Mecânico no Veículo";"Tombamento";"Com Vítimas Feridas";"Amanhecer";"Crescente";"Céu Claro";"Simples";"Reta";"Sim";1;0;1;0;0;0;1;1;-22,79717023;-43,04404993;"SPRF-RJ";"DEL02-RJ";"UOP02-DEL02-RJ"
305527;2020-09-04;"sexta-feira";"08:15:00";"PR";116;122;"CURITIBA";"Falta de Atenção à Condução";"Colisão traseira";"Com Vítimas Feridas";"Pleno dia";"Decrescente";"Céu Claro";"Dupla";"Reta";"Sim";2;0;1;0;1;0;1;2;-25,56857207;-49,31023179;"SPRF-PR";"DEL01-PR";"UOP03-DEL01-PR"
305529;2020-08-31;"segunda-feira";"23:40:00";"PE";0;0;"GARANHUNS";"Agressão Externa";"Colisão traseira";"Sem Vítimas";"Plena Noite";"Não Informado";"Nublado";"Simples";"Reta";"Sim";3;0;0;0;3;0;0;2;-8,882718;-36,479316;"SPRF-PE";"DEL03-PE";"UOP01-DEL03-PE"
305531;2020-09-04;"sexta-feira";"08:45:00";"DF";20;17;"BRASILIA";"Falta de Atenção à Condução";"Colisão traseira";"Sem Vítimas";"Pleno dia";"Decrescente";"Sol";"Dupla";"Reta";"Não";2;0;0;0;2;0;0;2;-15,621374;-47,71698;"SPRF-DF";"DEL02-DF";"UOP01-DEL02-DF"
305533;2020-09-04;"sexta-feira";"08:40:00";"PE";232;159,3;"TACAIMBO";"Não guardar distância de segurança";"Colisão lateral";"Com Vítimas Feridas";"Pleno dia";"Decrescente";"Céu Claro";"Simples";"Reta";"Não";2;0;1;0;1;0;1;2;-8,33108557;-36,24438103;"SPRF-PE";"DEL02-PE";"UOP03-DEL02-PE"
305534;2020-03-08;"domingo";"00:01:00";"PR";277;171,9;"PALMEIRA";"Desobediência às normas de trânsito pelo condutor";"Colisão traseira";"Com Vítimas Feridas";"Plena Noite";"Crescente";"Céu Claro";"Simples";"Reta";"Não";2;0;1;0;1;0;1;2;-25,45779015;-49,94062119;"SPRF-PR";"DEL03-PR";"UOP03-DEL03-PR"
305538;2020-09-04;"sexta-feira";"06:40:00";"MG";40;520,5;"CONTAGEM";"Desobediência às normas de trânsito pelo condutor";"Colisão lateral";"Com Vítimas Feridas";"Pleno dia";"Crescente";"Sol";"Dupla";"Reta";"Sim";2;0;1;0;1;0;1;2;-19,84761911;-44,07276144;"SPRF-MG";"DEL01-MG";"UOP02-DEL01-MG"
305541;2020-09-04;"sexta-feira";"09:00:00";"SC";101;202,9;"SAO JOSE";"Falta de Atenção à Condução";"Colisão lateral";"Com Vítimas Feridas";"Pleno dia";"Crescente";"Nublado";"Dupla";"Aclive";"Sim";2;0;1;0;1;0;1;2;-27,55711595;-48,61897889;"SPRF-SC";"DEL01-SC";"UOP01-DEL01-SC"
305542;2020-09-04;"sexta-feira";"08:51:00";"SP";153;62,8;"SAO JOSE DO RIO PRETO";"Defeito Mecânico no Veículo";"Saída de leito carroçável";"Com Vítimas Feridas";"Pleno dia";"Decrescente";"Céu Claro";"Dupla";"Reta";"Sim";1;0;1;0;0;0;1;1;-20,81325404;-49,35675563;"SPRF-SP";"DEL09-SP";"UOP01-DEL09-SP"
305544;2020-09-04;"sexta-feira";"08:30:00";"SE";101;79,6;"LARANJEIRAS";"Defeito Mecânico no Veículo";"Capotamento";"Com Vítimas Feridas";"Pleno dia";"Decrescente";"Céu Claro";"Dupla";"Reta";"Não";1;0;1;0;0;0;1;1;-10,79083797;-37,14163167;"SPRF-SE";"DEL01-SE";"UOP01-DEL01-SE"
305547;2020-09-04;"sexta-feira";"07:50:00";"MG";381;478,5;"BETIM";"Não guardar distância de segurança";"Colisão traseira";"Com Vítimas Feridas";"Pleno dia";"Decrescente";"Céu Claro";"Múltipla";"Reta";"Sim";2;0;1;0;1;0;1;2;-19,96226288;-44,03893232;"SPRF-MG";"DEL01-MG";"UOP03-DEL01-MG"
305548;2020-09-04;"sexta-feira";"08:30:00";"RO";364;191,1;"PIMENTA BUENO";"Objeto estático sobre o leito carroçável";"Colisão traseira";"Com Vítimas Feridas";"Pleno dia";"Crescente";"Céu Claro";"Simples";"Reta";"Não";8;0;6;1;1;0;7;2;-11,716758;-61,151096;"SPRF-RO";"DEL02-RO";"UOP02-DEL02-RO"
305549;2020-09-04;"sexta-feira";"06:45:00";"RJ";40;123;"DUQUE DE CAXIAS";"Falta de Atenção à Condução";"Colisão lateral";"Com Vítimas Feridas";"Amanhecer";"Crescente";"Céu Claro";"Múltipla";"Reta";"Não";3;0;1;0;2;0;1;2;-22,79907687;-43,29015739;"SPRF-RJ";"DEL01-RJ";"UOP01-DEL01-RJ"