"id";"data_inversa";"dia_semana";"horario";"uf";"br";"km";"municipio";"causa_acidente";"tipo_acidente";"classificacao_acidente";"fase_dia";"sentido_via";"condicao_metereologica";"tipo_pista";"tracado_via";"uso_solo";"pessoas";"mortos";"feridos_leves";"feridos_graves";"ilesos";"ignorados";"feridos";"veiculos";"latitude";"longitude";"regional";"delegacia";"uop"
305551;2020-09-04;"sexta-feira";"08:40:00";"CE";116;395;"ICO";"Falta de Atenção à Condução";"Saída de leito carroçável";"Com Vítimas Feridas";"Pleno dia";"Decrescente";"Sol";"Simples";"Declive";"Não";1;0;1;0;0;0;1;1;-6,55543203;-38,85883921;"SPRF-CE";"DEL05-CE";"UOP01-DEL05-CE"
305552;2020-09-04;"sexta-feira";"05:30:00";"BA";242;331;"ANDARAI";"Desobediência às normas de trânsito pelo condutor";"Colisão lateral";"Com Vítimas Fatais";"Amanhecer";"Crescente";"Céu Claro";"Simples";"Reta";"Não";3;1;1;0;1;0;1;2;-12,49073063;-41,15861911;"SPRF-BA";"DEL06-BA";"UOP01-DEL06-BA"
305553;2020-08-31;"segunda-feira";"23:00:00";"BA";116;610;"IRAJUBA";"Defeito Mecânico no Veículo";"Incêndio";"Sem Vítimas";"Plena Noite";"Decrescente";"Céu Claro";"Simples";"Reta";"Não";1;0;0;0;1;0;0;1;-13,28356014;-40,01907376;"SPRF-BA";"DEL03-BA";"UOP01-DEL03-BA"
305555;2020-09-04;"sexta-feira";"06:45:00";"RS";290;92;"PORTO ALEGRE";"Pista Escorregadia";"Tombamento";"Com Vítimas Feridas";"Amanhecer";"Crescente";"Chuva";"Múltipla";"Curva";"Sim";1;0;1;0;0;0;1;1;-29,971916;-51,176838;"SPRF-RS";"DEL01-RS";"UOP01-DEL01-RS"
305556;2020-09-04;"sexta-feira";"10:45:00";"PE";101;68;"RECIFE";"Falta de Atenção à Condução";"Colisão lateral";"Com Vítimas Feridas";"Pleno dia";"Decrescente";"Sol";"Múltipla";"Reta;Declive";"Sim";3;0;0;1;1;1;1;3;-8,05074296;-34,94580619;"SPRF-PE";"DEL01-PE";"UOP01-DEL01-PE"
305558;2020-09-04;"sexta-feira";"08:30:00";"MT";70;279;"PRIMAVERA DO LESTE";"Desobediência às normas de trânsito pelo condutor";"Tombamento";"Com Vítimas Feridas";"Pleno dia";"Crescente";"Céu Claro";"Simples";"Interseção de Vias";"Sim";2;0;0;1;1;0;1;2;-15,5590689;-54,28878402;"SPRF-MT";"DEL05-MT";"UOP01-DEL05-MT"
305559;2020-09-04;"sexta-feira";"10:40:00";"BA";116;21,4;"ABARE";"Defeito Mecânico no Veículo";"Saída de leito carroçável";"Com Vítimas Feridas";"Pleno dia";"Decrescente";"Céu Claro";"Simples";"Reta";"Não";4;0;3;0;0;1;3;2;-8,80490099;-39,25999865;"SPRF-PE";"DEL05-PE";"UOP03-DEL05-PE"
305560;2020-09-04;"sexta-feira";"09:50:00";"RJ";101;415;"MANGARATIBA";"Falta de Atenção à Condução";"Colisão transversal";"Com Vítimas Feridas";"Pleno dia";"Crescente";"Céu Claro";"Dupla";"Interseção de Vias";"Não";3;0;1;0;2;0;1;3;-22,91065952;-43,89324009;"SPRF-RJ";"DEL03-RJ";"UOP01-DEL03-RJ"
305561;2020-09-04;"sexta-feira";"10:00:00";"SP";116;218;"GUARULHOS";"Falta de Atenção à Condução";"Engavetamento";"Com Vítimas Feridas";"Pleno dia";"Crescente";"Sol";"Múltipla";"Reta";"Sim";5;0;1;0;3;1;1;3;-23,458404;-46,482766;"SPRF-SP";"DEL01-SP";"UOP01-DEL01-SP"
305563;2020-09-04;"sexta-feira";"05:00:00";"BA";324;309;"JACOBINA";"Falta de Atenção à Condução";"Colisão lateral";"Com Vítimas Fatais";"Amanhecer";"Crescente";"Céu Claro";"Simples";"Reta";"Não";4;1;1;1;1;0;2;2;-11,21374846;-40,40139978;"SPRF-BA";"DEL04-BA";"UOP02-DEL04-BA"
305565;2020-09-04;"sexta-feira";"11:25:00";"MG";262;121;"RIO CASCA";"Desobediência às normas de trânsito pelo condutor";"Colisão transversal";"Com Vítimas Feridas";"Pleno dia";"Crescente";"Sol";"Simples";"Reta;Interseção de Vias";"Não";7;0;3;0;4;0;3;2;-20,21312389;-42,65721909;"SPRF-MG";"DEL03-MG";"UOP03-DEL03-MG"
305567;2020-09-04;"sexta-feira";"10:30:00";"BA";101;584;"CAMACAN";"Desobediência às normas de trânsito pelo condutor";"Colisão transversal";"Sem Vítimas";"Pleno dia";"Decrescente";"Céu Claro";"Simples";"Reta";"Não";3;0;0;0;3;0;0;2;-15,38682557;-39,48383331;"SPRF-BA";"DEL05-BA";"UOP02-DEL05-BA"
305569;2020-09-04;"sexta-feira";"11:50:00";"PR";476;138;"CURITIBA";"Falta de Atenção à Condução";"Colisão traseira";"Com Vítimas Feridas";"Pleno dia";"Decrescente";"Céu Claro";"Dupla";"Reta";"Sim";3;0;1;1;1;0;2;2;-25,491047;-49,271679;"SPRF-PR";"DEL01-PR";"UOP03-DEL01-PR"
305570;2020-09-04;"sexta-feira";"11:40:00";"PE";232;23,8;"MORENO";"Velocidade Incompatível";"Saída de leito carroçável";"Com Vítimas Feridas";"Pleno dia";"Decrescente";"Nublado";"Dupla";"Reta";"Não";6;0;2;1;1;2;3;3;-8,0992185;-35,09713887;"SPRF-PE";"DEL02-PE";"UOP02-DEL02PE"
305571;2020-08-23;"domingo";"15:35:00";"BA";242;265;"RUY BARBOSA";"Defeito na Via";"Saída de leito carroçável";"Com Vítimas Feridas";"Pleno dia";"Decrescente";"Céu Claro";"Simples";"Reta";"Não";2;0;1;0;1;0;1;1;-12,45769404;-40,58652901;"SPRF-BA";"DEL06-BA";"UOP02-DEL06-BA"
305572;2020-09-04;"sexta-feira";"11:20:00";"PE";407;124;"PETROLINA";"Desobediência às normas de trânsito pelo condutor";"Colisão traseira";"Com Vítimas Feridas";"Pleno dia";"Decrescente";"Céu Claro";"Simples";"Reta";"Sim";3;0;2;0;1;0;2;2;-9,36929881;-40,54137139;"SPRF-PE";"DEL06-PE";"UOP01-DEL06-PE"
305573;2020-09-04;"sexta-feira";"12:00:00";"BA";324;578;"CANDEIAS";"Mal Súbito";"Tombamento";"Com Vítimas Feridas";"Pleno dia";"Decrescente";"Nublado";"Dupla";"Reta";"Não";2;0;2;0;0;0;2;1;-12,58896655;-38,52358272;"SPRF-BA";"DEL01-BA";"UOP01-DEL01-BA"
305574;2020-09-04;"sexta-feira";"07:50:00";"SC";101;135,6;"BALNEARIO CAMBORIU";"Falta de Atenção à Condução";"Colisão transversal";"Com Vítimas Feridas";"Pleno dia";"Crescente";"Nublado";"Simples";"Reta";"Sim";2;0;1;1;0;0;2;2;-27,0050108;-48,62677494;"SPRF-SC";"DEL04-SC";"UOP03-DEL04-SC"
305575;2020-09-04;"sexta-feira";"11:50:00";"PE";232;211,6;"PESQUEIRA";"Falta de Atenção à Condução";"Colisão transversal";"Com Vítimas Feridas";"Pleno dia";"Decrescente";"Céu Claro";"Simples";"Reta";"Sim";2;0;0;1;1;0;1;2;-8,37220254;-36,71114649;"SPRF-PE";"DEL02-PE";"UOP03-DEL02-PE"
305577;2020-09-04;"sexta-feira";"12:00:00";"MG";381;897,2;"CAMBUI";"Falta de Atenção à Condução";"Saída de leito carroçável";"Com Vítimas Feridas";"Pleno dia";"Crescente";"Sol";"Dupla";"Reta";"Sim";1;0;1;0;0;0;1;1;-22,63125698;-46,07854411;"SPRF-MG";"DEL16-MG";"UOP03-DEL16-MG"
305578;2020-09-04;"sexta-feira";"11:55:00";"PR";116;24,5;"CAMPINA GRANDE DO SUL";"Falta de Atenção à Condução";"Saída de leito carroçável";"Com Vítimas Feridas";"Pleno dia";"Crescente";"Garoa/Chuvisco";"Dupla";"Reta";"Não";5;0;0;2;3;0;2;1;-25,10738394;-48,77921842;"SPRF-PR";"DEL01-PR";"UOP02-DEL01-PR"
305579;2020-09-04;"sexta-feira";"09:30:00";"MG";40;129,8;"JOAO PINHEIRO";"Falta de Atenção à Condução";"Saída de leito carroçável";"Com Vítimas Feridas";"Pleno dia";"Decrescente";"Céu Claro";"Simples";"Reta;Interseção de Vias";"Não";2;0;2;0;0;0;2;1;-17,70395211;-46,29471003;"SPRF-MG";"DEL14-MG";"UOP01-DEL14-MG"
305580;2020-09-04;"sexta-feira";"12:05:00";"BA";235;351;"JUAZEIRO";"Falta de Atenção à Condução";"Colisão transversal";"Com Vítimas Feridas";"Pleno dia";"Crescente";"Céu Claro";"Simples";"Interseção de Vias";"Sim";2;0;0;1;1;0;1;2;-9,44127245;-40,49526215;"SPRF-PE";"DEL06-PE";"UOP01-DEL06-PE"
305581;2020-09-04;"sexta-feira";"12:00:00";"SP";381;86,5;"SAO PAULO";"Falta de Atenção à Condução";"Queda de ocupante de veículo";"Com Vítimas Feridas";"Pleno dia";"Crescente";"Céu Claro";"Múltipla";"Reta";"Sim";1;0;0;1;0;0;1;1;-23,45930499;-46,57161179;"SPRF-SP";"DEL03-SP";"UOP01-DEL03-SP"
305584;2020-03-08;"domingo";"19:00:00";"PI";343;107;"COCAL";"Ingestão de Álcool";"Tombamento";"Com Vítimas Feridas";"Plena Noite";"Decrescente";"Chuva";"Simples";"Reta";"Não";1;0;1;0;0;0;1;1;-3,630409;-41,68169;"SPRF-PI";"DEL05-PI";"UOP01-DEL05-PI"
305585;2020-09-04;"sexta-feira";"13:10:00";"PR";277;106,9;"CAMPO LARGO";"Falta de Atenção à Condução";"Colisão traseira";"Sem Vítimas";"Pleno dia";"Crescente";"Céu Claro";"Dupla";"Reta";"Não";7;0;0;0;7;0;0;2;-25,431995;-49,430458;"SPRF-PR";"DEL01-PR";"UOP01-DEL01-PR"
305586;2020-09-04;"sexta-feira";"13:20:00";"ES";101;287;"CARIACICA";"Objeto estático sobre o leito carroçável";"Danos eventuais";"Sem Vítimas";"Pleno dia";"Crescente";"Sol";"Dupla";"Reta";"Sim";1;0;0;0;1;0;0;1;-20,25902175;-40,37753412;"SPRF-ES";"DEL01-ES";"UOP01-DEL01-ES"
305587;2020-09-04;"sexta-feira";"12:02:00";"RO";364;710;"PORTO VELHO";"Não guardar distância de segurança";"Colisão traseira";"Com Vítimas Feridas";"Pleno dia";"Decrescente";"Céu Claro";"Múltipla";"Reta";"Sim";3;0;1;0;2;0;1;2;-8,78621576;-63,85712687;"SPRF-RO";"DEL01-RO";"UOP01-DEL01-RO"
305588;2020-09-04;"sexta-feira";"13:00:00";"RJ";101;465;"ANGRA DOS REIS";"Desobediência às normas de trânsito pelo condutor";"Colisão frontal";"Com Vítimas Feridas";"Pleno dia";"Crescente";"Sol";"Simples";"Curva";"Não";6;0;1;2;3;0;3;2;-23,02819;-44,216316;"SPRF-RJ";"DEL03-RJ";"UOP03-DEL03-RJ"
305589;2020-06-14;"domingo";"11:00:00";"PI";135;457;"MONTE ALEGRE DO PIAUI";"Falta de Atenção à Condução";"Saída de leito carroçável";"Com Vítimas Fatais";"Pleno dia";"Decrescente";"Céu Claro";"Simples";"Reta";"Não";2;1;1;0;0;0;1;1;-9,56240733;-44,96876211;"SPRF-PI";"DEL03-PI";"UOP02-DEL03-PI"
305590;2020-09-04;"sexta-feira";"12:50:00";"SC";280;128,6;"RIO NEGRINHO";"Desobediência às normas de trânsito pelo condutor";"Colisão transversal";"Com Vítimas Feridas";"Pleno dia";"Decrescente";"Sol";"Simples";"Declive;Reta";"Sim";3;0;2;0;1;0;2;2;-26,2535286;-49,53130245;"SPRF-SC";"DEL06-SC";"UOP03-DEL06-SC"
305592;2020-09-04;"sexta-feira";"09:20:00";"PE";116;25,3;"SALGUEIRO";"Falta de Atenção à Condução";"Colisão transversal";"Com Vítimas Feridas";"Pleno dia";"Crescente";"Céu Claro";"Simples";"Reta";"Sim";2;0;1;0;1;0;1;2;-8,06812187;-39,13474213;"SPRF-PE";"DEL05-PE";"UOP01-DEL05-PE"
305593;2020-09-04;"sexta-feira";"13:40:00";"GO";20;5;"FORMOSA";"Falta de Atenção à Condução";"Colisão frontal";"Com Vítimas Feridas";"Pleno dia";"Crescente";"Céu Claro";"Simples";"Reta";"Sim";3;0;0;1;2;0;1;2;-15,555275;-47,306908;"SPRF-DF";"DEL02-DF";"UOP01-DEL02-DF"
305597;2020-09-04;"sexta-feira";"13:30:00";"PB";101;78,4;"SANTA RITA";"Desobediência às normas de trânsito pelo condutor";"Colisão lateral";"Com Vítimas Feridas";"Pleno dia";"Decrescente";"Céu Claro";"Dupla";"Reta";"Sim";3;0;1;1;0;1;2;2;-7,10808295;-34,96293885;"SPRF-PB";"DEL01-PB";"UOP04-DEL01-PB"
305600;2020-09-04;"sexta-feira";"14:15:00";"RS";285;294,5;"PASSO FUNDO";"Condutor Dormindo";"Saída de leito carroçável";"Com Vítimas Feridas";"Pleno dia";"Decrescente";"Céu Claro";"Simples";"Curva";"Não";1;0;1;0;0;0;1;1;-28,23347349;-52,38899231;"SPRF-RS";"DEL08-RS";"UOP03-DEL08-RS"
305601;2020-09-04;"sexta-feira";"14:05:00";"SP";101;21,8;"UBATUBA";"Defeito Mecânico no Veículo";"Saída de leito carroçável";"Com Vítimas Feridas";"Pleno dia";"Crescente";"Céu Claro";"Simples";"Curva";"Não";3;0;1;0;2;0;1;1;-23,33618765;-44,93305206;"SPRF-SP";"DEL06-SP";"UOP01-DEL06-SP"
305602;2020-03-16;"segunda-feira";"14:20:00";"PE";232;129;"CARUARU";"Falta de Atenção do Pedestre";"Atropelamento de Pedestre";"Com Vítimas Fatais";"Pleno dia";"Crescente";"Céu Claro";"Dupla";"Reta";"Sim";2;1;0;0;1;0;0;2;-8,30193507;-35,98092002;"SPRF-PE";"DEL02-PE";"UOP03-DEL02-PE"
305603;2020-09-04;"sexta-feira";"12:40:00";"MG";50;131,8;"UBERABA";"Falta de Atenção à Condução";"Saída de leito carroçável";"Com Vítimas Feridas";"Pleno dia";"Decrescente";"Sol";"Dupla";"Curva";"Não";1;0;1;0;0;0;1;1;-19,39896099;-48,07739627;"SPRF-MG";"DEL13-MG";"UOP01-DEL13-MG"
305604;2020-09-04;"sexta-feira";"09:15:00";"PR";277;551,5;"CATANDUVAS";"Defeito Mecânico no Veículo";"Saída de leito carroçável";"Com Vítimas Feridas";"Pleno dia";"Crescente";"Céu Claro";"Simples";"Reta";"Não";1;0;0;1;0;0;1;1;-25,09009096;-53,13259746;"SPRF-PR";"DEL04-PR";"UOP01-DEL04-PR"
305608;2020-09-04;"sexta-feira";"11:55:00";"MG";262;89;"ABRE CAMPO";"Mal Súbito";"Saída de leito carroçável";"Com Vítimas Feridas";"Pleno dia";"Decrescente";"Sol";"Simples";"Curva";"Não";1;0;0;1;0;0;1;1;-20,33393613;-42,45649805;"SPRF-MG";"DEL03-MG";"UOP03-DEL03-MG"
305609;2020-09-04;"sexta-feira";"11:10:00";"RO";364;806;"PORTO VELHO";"Avarias e/ou desgaste excessivo no pneu";"Saída de leito carroçável";"Com Vítimas Feridas";"Pleno dia";"Decrescente";"Céu Claro";"Simples";"Reta";"Não";1;0;0;1;0;0;1;1;-9,26190022;-64,44874295;"SPRF-RO";"DEL01-RO";"UOP02-DEL01-RO"
305611;2020-09-04;"sexta-feira";"14:55:00";"CE";222;19;"CAUCAIA";"Defeito na Via";"Saída de leito carroçável";"Com Vítimas Feridas";"Pleno dia";"Crescente";"Céu Claro";"Simples";"Reta";"Não";2;0;2;0;0;0;2;1;-3,74520337;-38,72713719;"SPRF-CE";"DEL01-CE";"UOP01-DEL01-CE"
305613;2020-09-04;"sexta-feira";"14:20:00";"SP";101;50,2;"UBATUBA";"Falta de Atenção à Condução";"Colisão traseira";"Com Vítimas Feridas";"Pleno dia";"Crescente";"Sol";"Simples";"Reta";"Sim";2;0;1;0;1;0;1;2;-23,45018939;-45,07743735;"SPRF-SP";"DEL06-SP";"UOP01-DEL06-SP"
305614;2020-09-04;"sexta-feira";"14:25:00";"GO";40;18;"LUZIANIA";"Condutor Dormindo";"Saída de leito carroçável";"Com Vítimas Feridas";"Pleno dia";"Decrescente";"Céu Claro";"Dupla";"Reta";"Sim";1;0;1;0;0;0;1;1;-16,19349;-47,925575;"SPRF-DF";"DEL01-DF";"UOP01-DEL01-DF"
305615;2020-09-04;"sexta-feira";"15:05:00";"SC";282;217,7;"LAGES";"Falta de Atenção à Condução";"Colisão transversal";"Com Vítimas Feridas";"Pleno dia";"Crescente";"Céu Claro";"Simples";"Interseção de Vias;Reta";"Sim";2;0;1;0;1;0;1;2;-27,79750511;-50,29750228;"SPRF-SC";"DEL05-SC";"UOP01-DEL05-SC"
305616;2020-09-04;"sexta-feira";"13:00:00";"AC";364;124;"RIO BRANCO";"Desobediência às normas de trânsito pelo condutor";"Colisão transversal";"Com Vítimas Feridas";"Pleno dia";"Decrescente";"Céu Claro";"Simples";"Rotatória";"Sim";4;0;1;0;3;0;1;2;-10,01152469;-67,79140099;"SPRF-AC";"DEL01-AC";"UOP01-DEL01-AC"
305617;2020-09-04;"sexta-feira";"15:30:00";"PR";116;117;"CURITIBA";"Falta de Atenção do Pedestre";"Atropelamento de Pedestre";"Com Vítimas Feridas";"Pleno dia";"Decrescente";"Céu Claro";"Dupla";"Viaduto";"Sim";3;0;0;1;2;0;1;2;-25,54988723;-49,28248211;"SPRF-PR";"DEL01-PR";"UOP01-DEL01-PR"
305618;2020-09-04;"sexta-feira";"14:40:00";"MA";316;274;"BELA VISTA DO MARANHAO";"Desobediência às normas de trânsito pelo condutor";"Colisão lateral";"Com Vítimas Feridas";"Pleno dia";"Decrescente";"Céu Claro";"Simples";"Reta";"Não";2;0;0;1;1;0;1;2;-3,719627;-45,285744;"SPRF-MA";"DEL02-MA";"UOP01-DEL02-MA"
305619;2020-09-04;"sexta-feira";"15:45:00";"PE";408;88;"SAO LOURENCO DA MATA";"Falta de Atenção à Condução";"Saída de leito carroçável";"Com Vítimas Feridas";"Pleno dia";"Crescente";"Céu Claro";"Dupla";"Declive";"Sim";1;0;1;0;0;0;1;1;-7,973988;-35,086504;"SPRF-PE";"DEL01-PE";"UOP01-DEL01-PE"
305622;2020-09-04;"sexta-feira";"14:50:00";"MG";381;542;"ITATIAIUCU";"Falta de Atenção à Condução";"Queda de ocupante de veículo";"Com Vítimas Feridas";"Pleno dia";"Crescente";"Céu Claro";"Dupla";"Curva";"Não";1;0;1;0;0;0;1;1;-20,26492509;-44,42256682;"SPRF-MG";"DEL04-MG";"UOP03-DEL04-MG"
305623;2020-09-04;"sexta-feira";"15:22:00";"SP";116;132,5;"CACAPAVA";"Não guardar distância de segurança";"Colisão traseira";"Com Vítimas Feridas";"Pleno dia";"Decrescente";"Céu Claro";"Dupla";"Reta";"Não";4;0;2;0;2;0;2;2;-23,12631057;-45,73413134;"SPRF-SP";"DEL06-SP";"UOP01-DEL06-SP"
305624;2020-09-04;"sexta-feira";"16:10:00";"ES";101;269;"SERRA";"Falta de Atenção à Condução";"Colisão lateral";"Com Vítimas Feridas";"Plena Noite";"Crescente";"Sol";"Dupla";"Interseção de Vias";"Sim";3;0;1;0;2;0;1;2;-20,21740496;-40,26990578;"SPRF-ES";"DEL02-ES";"UOP01-DEL02-ES"
305625;2020-09-04;"sexta-feira";"16:00:00";"BA";101;225;"SAPEACU";"Ingestão de Álcool";"Colisão frontal";"Sem Vítimas";"Pleno dia";"Decrescente";"Chuva";"Simples";"Curva";"Não";3;0;0;0;2;1;0;2;-12,70037505;-39,15346965;"SPRF-BA";"DEL01-BA";"UOP02-DEL01-BA"
305626;2020-09-04;"sexta-feira";"15:30:00";"PE";407;127,2;"PETROLINA";"Ingestão de Álcool";"Colisão traseira";"Sem Vítimas";"Pleno dia";"Decrescente";"Céu Claro";"Simples";"Reta";"Sim";2;0;0;0;2;0;0;2;-9,3908678;-40,52038627;"SPRF-PE";"DEL06-PE";"UOP01-DEL06-PE"
305627;2020-09-04;"sexta-feira";"15:50:00";"TO";235;204,2;"GUARAI";"Falta de Atenção à Condução";"Queda de ocupante de veículo";"Com Vítimas Feridas";"Pleno dia";"Crescente";"Céu Claro";"Simples";"Interseção de Vias";"Não";2;0;0;1;0;1;1;2;-8,95070154;-48,49930644;"SPRF-TO";"DEL02-TO";"UOP02-DEL02-TO"
305629;2020-09-04;"sexta-feira";"16:00:00";"SC";282;4;"FLORIANOPOLIS";"Falta de Atenção à Condução";"Colisão traseira";"Sem Vítimas";"Pleno dia";"Crescente";"Céu Claro";"Dupla";"Reta";"Sim";2;0;0;0;2;0;0;2;-27,592646;-48,604034;"SPRF-SC";"DEL01-SC";"UOP01-DEL01-SC"
305630;2020-09-04;"sexta-feira";"14:50:00";"MG";267;31;"ARGIRITA";"Condutor Dormindo";"Colisão com objeto estático";"Com Vítimas Feridas";"Pleno dia";"Decrescente";"Céu Claro";"Simples";"Curva";"Não";1;0;0;1;0;0;1;1;-21,64465779;-42,8469463;"SPRF-MG";"DEL07-MG";"UOP01-DEL07-MG"
305632;2020-09-04;"sexta-feira";"16:47:00";"ES";262;16,7;"VIANA";"Falta de Atenção à Condução";"Colisão traseira";"Com Vítimas Feridas";"Pleno dia";"Crescente";"Céu Claro";"Simples";"Reta";"Não";2;0;1;0;1;0;1;2;-20,38468078;-40,4683616;"SPRF-ES";"DEL01-ES";"UOP01-DEL01-ES"
305633;2020-09-04;"sexta-feira";"16:50:00";"ES";101;144,4;"LINHARES";"Desobediência às normas de trânsito pelo condutor";"Queda de ocupante de veículo";"Com Vítimas Feridas";"Pleno dia";"Decrescente";"Céu Claro";"Dupla";"Reta";"Sim";2;0;1;0;0;1;1;1;-19,35188295;-40,0636685;"SPRF-ES";"DEL04-ES";"UOP01-DEL04-ES"
305634;2020-09-04;"sexta-feira";"16:45:00";"RS";472;579;"URUGUAIANA";"Animais na Pista";"Atropelamento de Animal";"Com Vítimas Feridas";"Pleno dia";"Crescente";"Céu Claro";"Simples";"Reta";"Não";1;0;1;0;0;0;1;1;-29,786886;-57,081712;"SPRF-RS";"DEL13-RS";"UOP01-DEL13-RS"
305635;2020-09-04;"sexta-feira";"16:35:00";"RS";290;458;"SAO GABRIEL";"Falta de Atenção à Condução";"Colisão traseira";"Sem Vítimas";"Pleno dia";"Crescente";"Céu Claro";"Simples";"Reta";"Não";2;0;0;0;2;0;0;2;-30,228752;-54,696049;"SPRF-RS";"DEL11-RS";"UOP02-DEL11-RS"
305636;2020-09-04;"sexta-feira";"16:10:00";"MG";381;857,9;"POUSO ALEGRE";"Defeito Mecânico no Veículo";"Saída de leito carroçável";"Com Vítimas Feridas";"Pleno dia";"Crescente";"Céu Claro";"Dupla";"Reta";"Não";4;0;4;0;0;0;4;1;-22,30517755;-45,90171576;"SPRF-MG";"DEL16-MG";"UOP01-DEL16-MG"
305637;2020-09-04;"sexta-feira";"16:35:00";"RJ";493;70;"NOVA IGUACU";"Ingestão de Álcool";"Capotamento";"Com Vítimas Feridas";"Pleno dia";"Decrescente";"Céu Claro";"Dupla";"Curva";"Não";1;0;1;0;0;0;1;1;-22,67651047;-43,3955133;"SPRF-RJ";"DEL01-RJ";"UOP03-DEL01-RJ"
305638;2020-09-04;"sexta-feira";"16:40:00";"RJ";101;473;"ANGRA DOS REIS";"Falta de Atenção à Condução";"Colisão frontal";"Com Vítimas Feridas";"Anoitecer";"Decrescente";"Céu Claro";"Simples";"Reta";"Sim";2;0;0;2;0;0;2;2;-22,99059498;-44,24385309;"SPRF-RJ";"DEL03-RJ";"UOP03-DEL03-RJ"
305639;2020-09-04;"sexta-feira";"16:55:00";"BA";242;801;"BARREIRAS";"Desobediência às normas de trânsito pelo condutor";"Colisão transversal";"Com Vítimas Feridas";"Pleno dia";"Crescente";"Céu Claro";"Simples";"Reta";"Sim";5;0;1;0;4;0;1;2;-12,150538;-44,88695302;"SPRF-BA";"DEL10-BA";"UOP01-DEL10-BA"
305640;2020-09-04;"sexta-feira";"10:40:00";"SC";282;500,8;"XANXERE";"Desobediência às normas de trânsito pelo condutor";"Colisão traseira";"Com Vítimas Feridas";"Pleno dia";"Crescente";"Sol";"Simples";"Reta";"Sim";3;0;2;0;1;0;2;2;-26,882715;-52,381729;"SPRF-SC";"DEL07-SC";"UOP01-DEL07-SC"
305642;2020-09-04;"sexta-feira";"15:20:00";"SC";480;126,9;"CHAPECO";"Desobediência às normas de trânsito pelo condutor";"Colisão transversal";"Com Vítimas Feridas";"Pleno dia";"Crescente";"Sol";"Múltipla";"Interseção de Vias";"Não";5;0;3;0;2;0;3;2;-27,020083;-52,636024;"SPRF-SC";"DEL07-SC";"UOP01-DEL07-SC"
305643;2020-09-04;"sexta-feira";"14:20:00";"PR";376;669;"GUARATUBA";"Pista Escorregadia";"Tombamento";"Com Vítimas Feridas";"Pleno dia";"Crescente";"Chuva";"Dupla";"Reta";"Não";1;0;1;0;0;0;1;1;-25,86958174;-48,93464712;"SPRF-PR";"DEL01-PR";"UOP04-DEL01-PR"
305644;2020-09-04;"sexta-feira";"16:00:00";"PR";376;434,5;"TIBAGI";"Falta de Atenção à Condução";"Saída de leito carroçável";"Sem Vítimas";"Pleno dia";"Crescente";"Céu Claro";"Dupla";"Reta";"Não";1;0;0;0;1;0;0;1;-24,82041516;-50,48309022;"SPRF-PR";"DEL03-PR";"UOP02-DEL03-PR"
305645;2020-09-04;"sexta-feira";"16:30:00";"PB";101;61;"SANTA RITA";"Avarias e/ou desgaste excessivo no pneu";"Tombamento";"Com Vítimas Feridas";"Pleno dia";"Decrescente";"Sol";"Dupla";"Declive";"Não";1;0;1;0;0;0;1;1;-7,00949401;-35,06072329;"SPRF-PB";"DEL01-PB";"UOP04-DEL01-PB"
305647;2020-09-04;"sexta-feira";"16:50:00";"SC";101;368;"ICARA";"Ingestão de Álcool";"Saída de leito carroçável";"Sem Vítimas";"Pleno dia";"Crescente";"Nublado";"Simples";"Curva";"Sim";2;0;0;0;2;0;0;1;-28,6957326;-49,17347228;"SPRF-SC";"DEL02-SC";"UOP01-DEL02-SC"
305650;2020-09-04;"sexta-feira";"17:45:00";"RJ";101;299;"ITABORAI";"Falta de Atenção do Pedestre";"Atropelamento de Pedestre";"Com Vítimas Feridas";"Anoitecer";"Decrescente";"Céu Claro";"Dupla";"Reta";"Sim";3;0;2;0;1;0;2;3;-22,77432673;-42,93823207;"SPRF-RJ";"DEL02-RJ";"UOP02-DEL02-RJ"
305651;2020-09-04;"sexta-feira";"18:00:00";"SC";101;410;"ARARANGUA";"Falta de Atenção à Condução";"Colisão frontal";"Com Vítimas Feridas";"Anoitecer";"Decrescente";"Garoa/Chuvisco";"Simples";"Reta";"Sim";2;0;0;2;0;0;2;2;-28,9225061;-49,4913107;"SPRF-SC";"DEL02-SC";"UOP02-DEL02-SC"
305653;2020-09-04;"sexta-feira";"17:45:00";"RS";290;198,8;"RIO PARDO";"Falta de Atenção à Condução";"Saída de leito carroçável";"Com Vítimas Feridas";"Pleno dia";"Crescente";"Céu Claro";"Simples";"Reta";"Não";2;0;2;0;0;0;2;1;-30,16926;-52,196026;"SPRF-RS";"DEL02-RS";"UOP03-DEL02-RS"
305654;2020-09-04;"sexta-feira";"18:20:00";"PB";101;61,3;"SANTA RITA";"Desobediência às normas de trânsito pelo condutor";"Colisão traseira";"Com Vítimas Feridas";"Plena Noite";"Decrescente";"Céu Claro";"Dupla";"Aclive";"Não";3;0;1;0;2;0;1;2;-7,00949401;-35,06072329;"SPRF-PB";"DEL01-PB";"UOP04-DEL01-PB"
305656;2020-09-04;"sexta-feira";"17:30:00";"PE";232;101,2;"BEZERROS";"Falta de Atenção à Condução";"Colisão frontal";"Com Vítimas Feridas";"Anoitecer";"Crescente";"Céu Claro";"Simples";"Reta";"Sim";6;0;1;1;4;0;2;2;-8,24194679;-35,75097313;"SPRF-PE";"DEL02-PE";"UOP02-DEL02PE"