"id";"data_inversa";"dia_semana";"horario";"uf";"br";"km";"municipio";"causa_acidente";"tipo_acidente";"classificacao_acidente";"fase_dia";"sentido_via";"condicao_metereologica";"tipo_pista";"tracado_via";"uso_solo";"pessoas";"mortos";"feridos_leves";"feridos_graves";"ilesos";"ignorados";"feridos";"veiculos";"latitude";"longitude";"regional";"delegacia";"uop"
305658;2020-09-04;"sexta-feira";"18:15:00";"ES";101;266;"SERRA";"Não guardar distância de segurança";"Colisão traseira";"Sem Vítimas";"Anoitecer";"Crescente";"Céu Claro";"Dupla";"Reta";"Sim";3;0;0;0;3;0;0;3;-20,190199;-40,26828891;"SPRF-ES";"DEL02-ES";"UOP01-DEL02-ES"
305659;2020-05-14;"quinta-feira";"17:30:00";"MG";365;671;"MONTE ALEGRE DE MINAS";"Velocidade Incompatível";"Colisão com objeto estático";"Com Vítimas Feridas";"Pleno dia";"Crescente";"Céu Claro";"Dupla";"Reta";"Não";4;0;2;1;0;1;3;1;-18,87919566;-48,74332477;"SPRF-MG";"DEL15-MG";"UOP01-DEL15-MG"
305660;2020-09-04;"sexta-feira";"17:20:00";"PR";277;218;"TEIXEIRA SOARES";"Desobediência às normas de trânsito pelo condutor";"Colisão frontal";"Com Vítimas Feridas";"Pleno dia";"Crescente";"Céu Claro";"Simples";"Reta";"Não";5;0;0;3;2;0;3;2;-25,457411;-50,434635;"SPRF-PR";"DEL03-PR";"UOP03-DEL03-PR"
305661;2020-09-04;"sexta-feira";"18:37:00";"SC";101;205,3;"SAO JOSE";"Falta de Atenção à Condução";"Colisão lateral";"Com Vítimas Feridas";"Plena Noite";"Crescente";"Nublado";"Múltipla";"Reta";"Sim";2;0;1;0;1;0;1;2;-27,58313237;-48,61532885;"SPRF-SC";"DEL01-SC";"UOP01-DEL01-SC"
305662;2020-09-04;"sexta-feira";"17:10:00";"PR";153;383,9;"MALLET";"Ingestão de álcool e/ou substâncias psicoativas pelo pedestre";"Colisão com objeto estático";"Com Vítimas Feridas";"Anoitecer";"Crescente";"Céu Claro";"Simples";"Curva";"Não";1;0;0;1;0;0;1;1;-25,82608598;-50,83907346;"SPRF-PR";"DEL02-PR";"UOP04-DEL02-PR"
305663;2020-09-04;"sexta-feira";"18:20:00";"SP";116;74,5;"APARECIDA";"Falta de Atenção à Condução";"Colisão com objeto estático";"Com Vítimas Feridas";"Plena Noite";"Decrescente";"Céu Claro";"Simples";"Curva";"Não";1;0;1;0;0;0;1;1;-22,87520646;-45,25777102;"SPRF-SP";"DEL06-SP";"UOP01-DEL06-SP"
305664;2020-09-04;"sexta-feira";"17:40:00";"BA";101;507,5;"ITABUNA";"Ingestão de Álcool";"Colisão transversal";"Com Vítimas Feridas";"Anoitecer";"Crescente";"Céu Claro";"Simples";"Reta";"Sim";3;0;2;0;1;0;2;2;-14,96379924;-39,31343385;"SPRF-BA";"DEL05-BA";"UOP01-DEL05-BA"
305665;2020-09-04;"sexta-feira";"18:25:00";"PR";277;321;"GUARAPUAVA";"Falta de Atenção do Pedestre";"Atropelamento de Pedestre";"Com Vítimas Feridas";"Plena Noite";"Crescente";"Céu Claro";"Dupla";"Reta";"Sim";2;0;1;1;0;0;2;2;-25,35344678;-51,22861718;"SPRF-PR";"DEL08-PR";"UOP01-DEL08-PR"
305666;2020-09-04;"sexta-feira";"18:20:00";"SC";101;146;"ITAPEMA";"Desobediência às normas de trânsito pelo condutor";"Colisão transversal";"Com Vítimas Feridas";"Anoitecer";"Decrescente";"Nublado";"Simples";"Interseção de Vias";"Sim";2;0;1;0;1;0;1;2;-27,08666525;-48,60955587;"SPRF-SC";"DEL04-SC";"UOP03-DEL04-SC"
305667;2020-09-04;"sexta-feira";"18:50:00";"MG";40;488,2;"SETE LAGOAS";"Falta de Atenção à Condução";"Tombamento";"Com Vítimas Feridas";"Plena Noite";"Decrescente";"Céu Claro";"Dupla";"Reta";"Não";1;0;1;0;0;0;1;1;-19,60728509;-44,2193662;"SPRF-MG";"DEL02-MG";"UOP01-DEL02-MG"
305668;2020-09-04;"sexta-feira";"17:34:00";"PA";222;238;"MARABA";"Desobediência às normas de trânsito pelo condutor";"Atropelamento de Pedestre";"Com Vítimas Feridas";"Anoitecer";"Decrescente";"Céu Claro";"Simples";"Reta";"Sim";3;0;1;0;1;1;1;2;-5,301523;-49,072395;"SPRF-PA";"DEL03-PA";"UOP01-DEL03-PA"
305669;2020-09-04;"sexta-feira";"18:25:00";"RN";304;35;"MOSSORO";"Não guardar distância de segurança";"Colisão traseira";"Sem Vítimas";"Plena Noite";"Decrescente";"Céu Claro";"Dupla";"Rotatória";"Sim";4;0;0;0;3;1;0;2;-5,16590567;-37,35082269;"SPRF-RN";"DEL04-RN";"UOP02-DEL04-RN"
305670;2020-09-04;"sexta-feira";"17:55:00";"RJ";493;21;"MAGE";"Falta de Atenção à Condução";"Colisão transversal";"Com Vítimas Feridas";"Anoitecer";"Decrescente";"Nublado";"Simples";"Reta";"Sim";2;0;1;0;0;1;1;2;-22,66151289;-43,04480692;"SPRF-RJ";"DEL04-RJ";"UOP02-DEL04-RJ"
305671;2020-09-04;"sexta-feira";"18:50:00";"MG";262;407,5;"PARA DE MINAS";"Defeito Mecânico no Veículo";"Tombamento";"Com Vítimas Feridas";"Plena Noite";"Crescente";"Céu Claro";"Dupla";"Reta;Declive";"Não";2;0;2;0;0;0;2;1;-19,88288286;-44,60782994;"SPRF-MG";"DEL08-MG";"UOP03-DEL08-MG"
305672;2020-09-04;"sexta-feira";"16:20:00";"RJ";101;588;"PARATY";"Falta de Atenção à Condução";"Colisão traseira";"Com Vítimas Feridas";"Anoitecer";"Decrescente";"Céu Claro";"Simples";"Reta";"Não";3;0;1;0;2;0;1;2;-23,29439726;-44,69949557;"SPRF-RJ";"DEL03-RJ";"UOP04-DEL03-RJ"
305674;2020-09-04;"sexta-feira";"18:05:00";"MA";135;3,5;"SAO LUIS";"Falta de Atenção à Condução";"Atropelamento de Pedestre";"Com Vítimas Feridas";"Anoitecer";"Crescente";"Céu Claro";"Dupla";"Reta";"Sim";2;0;2;0;0;0;2;2;-2,606802;-44,247512;"SPRF-MA";"DEL01-MA";"UOP01-DEL01-MA"
305676;2020-09-04;"sexta-feira";"18:15:00";"BA";20;10;"CORRENTINA";"Falta de Atenção à Condução";"Saída de leito carroçável";"Com Vítimas Fatais";"Plena Noite";"Decrescente";"Céu Claro";"Simples";"Reta";"Não";1;1;0;0;0;0;0;1;-13,88074584;-46,18377686;"SPRF-BA";"DEL10-BA";"UOP01-DEL10-BA"
305677;2020-09-04;"sexta-feira";"18:15:00";"CE";116;39,7;"HORIZONTE";"Desobediência às normas de trânsito pelo condutor";"Colisão transversal";"Com Vítimas Feridas";"Plena Noite";"Decrescente";"Céu Claro";"Dupla";"Reta";"Sim";3;0;3;0;0;0;3;2;-4,08722773;-38,500659;"SPRF-CE";"DEL01-CE";"UOP02-DEL01-CE"
305679;2020-09-04;"sexta-feira";"18:00:00";"RS";386;47,9;"SEBERI";"Falta de Atenção à Condução";"Colisão transversal";"Com Vítimas Feridas";"Pleno dia";"Decrescente";"Céu Claro";"Simples";"Reta";"Sim";2;0;0;1;1;0;1;2;-27,466236;-53,404499;"SPRF-RS";"DEL08-RS";"UOP02-DEL08-RS"
305680;2020-09-04;"sexta-feira";"18:40:00";"PR";277;416,6;"CANTAGALO";"Falta de Atenção à Condução";"Colisão com objeto estático";"Com Vítimas Feridas";"Plena Noite";"Crescente";"Céu Claro";"Simples";"Reta";"Não";2;0;1;0;1;0;1;1;-25,41893506;-52,05342799;"SPRF-PR";"DEL04-PR";"UOP02-DEL04-PR"
305681;2020-09-04;"sexta-feira";"19:00:00";"SC";101;194;"BIGUACU";"Falta de Atenção à Condução";"Colisão traseira";"Com Vítimas Feridas";"Plena Noite";"Decrescente";"Céu Claro";"Dupla";"Reta";"Sim";3;0;1;0;2;0;1;3;-27,49815117;-48,65661236;"SPRF-SC";"DEL01-SC";"UOP01-DEL01-SC"
305682;2020-09-04;"sexta-feira";"18:40:00";"BA";324;437;"RIACHAO DO JACUIPE";"Ingestão de Álcool";"Colisão frontal";"Com Vítimas Feridas";"Plena Noite";"Decrescente";"Nublado";"Simples";"Reta";"Sim";2;0;1;0;1;0;1;2;-11,81278836;-39,38462896;"SPRF-BA";"DEL04-BA";"UOP02-DEL04-BA"
305683;2020-09-04;"sexta-feira";"18:50:00";"ES";101;112;"LINHARES";"Desobediência às normas de trânsito pelo condutor";"Colisão transversal";"Com Vítimas Feridas";"Plena Noite";"Crescente";"Céu Claro";"Simples";"Reta";"Não";6;0;4;0;1;1;4;3;-19,0792998;-40,0432147;"SPRF-ES";"DEL04-ES";"UOP01-DEL04-ES"
305685;2020-09-04;"sexta-feira";"18:58:00";"SP";116;218,4;"GUARULHOS";"Falta de Atenção à Condução";"Colisão lateral";"Com Vítimas Feridas";"Plena Noite";"Decrescente";"Céu Claro";"Dupla";"Reta";"Sim";2;0;1;0;1;0;1;2;-23,457972;-46,479927;"SPRF-SP";"DEL01-SP";"UOP01-DEL01-SP"
305687;2020-09-04;"sexta-feira";"18:15:00";"SC";280;69,9;"JARAGUA DO SUL";"Falta de Atenção à Condução";"Colisão transversal";"Com Vítimas Feridas";"Plena Noite";"Crescente";"Céu Claro";"Simples";"Reta";"Não";3;0;0;2;1;0;2;2;-26,462925;-49,131692;"SPRF-SC";"DEL03-SC";"UOP03-DEL03-SC"
305688;2020-09-04;"sexta-feira";"19:15:00";"MG";40;631;"CONSELHEIRO LAFAIETE";"Falta de Atenção do Pedestre";"Atropelamento de Pedestre";"Com Vítimas Feridas";"Plena Noite";"Crescente";"Céu Claro";"Simples";"Reta";"Sim";2;0;0;2;0;0;2;2;-20,66692199;-43,80314095;"SPRF-MG";"DEL05-MG";"UOP02-DEL05-MG"
305689;2020-09-04;"sexta-feira";"19:00:00";"RS";293;233,9;"DOM PEDRITO";"Animais na Pista";"Atropelamento de Animal";"Com Vítimas Feridas";"Plena Noite";"Crescente";"Céu Claro";"Simples";"Reta";"Não";2;0;2;0;0;0;2;1;-31,05083756;-54,51248384;"SPRF-RS";"DEL11-RS";"UOP03-DEL11-RS"
305693;2020-09-04;"sexta-feira";"15:20:00";"MG";40;308;"TRES MARIAS";"Falta de Atenção à Condução";"Tombamento";"Com Vítimas Feridas";"Pleno dia";"Decrescente";"Céu Claro";"Simples";"Reta";"Não";2;0;2;0;0;0;2;1;-18,41792022;-45,08659041;"SPRF-MG";"DEL14-MG";"UOP02-DEL14-MG"
305694;2020-09-04;"sexta-feira";"14:02:00";"RJ";116;40;"TERESOPOLIS";"Falta de Atenção à Condução";"Colisão transversal";"Com Vítimas Feridas";"Pleno dia";"Crescente";"Sol";"Simples";"Reta";"Sim";2;0;1;0;0;1;1;2;-22,133427;-42,779522;"SPRF-RJ";"DEL04-RJ";"UOP01-DEL04-RJ"
305696;2020-09-04;"sexta-feira";"19:45:00";"PR";376;680,5;"GUARATUBA";"Defeito Mecânico no Veículo";"Incêndio";"Sem Vítimas";"Plena Noite";"Decrescente";"Garoa/Chuvisco";"Dupla";"Reta";"Não";1;0;0;0;1;0;0;1;-25,95815;-48,900978;"SPRF-PR";"DEL01-PR";"UOP04-DEL01-PR"
305697;2020-09-04;"sexta-feira";"18:50:00";"CE";20;407;"CAUCAIA";"Falta de Atenção do Pedestre";"Atropelamento de Pedestre";"Com Vítimas Feridas";"Plena Noite";"Decrescente";"Céu Claro";"Dupla";"Reta";"Sim";2;0;2;0;0;0;2;2;-3,76999035;-38,67006282;"SPRF-CE";"DEL01-CE";"UOP01-DEL01-CE"
305698;2020-09-04;"sexta-feira";"19:30:00";"AP";156;233;"MACAPA";"Desobediência às normas de trânsito pelo condutor";"Colisão lateral";"Com Vítimas Feridas";"Plena Noite";"Decrescente";"Céu Claro";"Simples";"Reta";"Sim";1;0;0;1;0;0;1;1;0,23641996;-51,14058495;"SPRF-AP";"DEL01-AP";"UOP01-DEL01-AP"
305699;2020-09-04;"sexta-feira";"20:20:00";"PR";277;218;"TEIXEIRA SOARES";"Não guardar distância de segurança";"Colisão traseira";"Com Vítimas Feridas";"Plena Noite";"Crescente";"Céu Claro";"Simples";"Reta";"Não";6;0;1;0;5;0;1;2;-25,46475363;-50,35922095;"SPRF-PR";"DEL03-PR";"UOP03-DEL03-PR"
305700;2020-09-04;"sexta-feira";"19:00:00";"BA";407;156;"FILADELFIA";"Ingestão de Álcool";"Saída de leito carroçável";"Com Vítimas Fatais";"Plena Noite";"Decrescente";"Céu Claro";"Simples";"Reta";"Não";1;1;0;0;0;0;0;1;-10,71343899;-40,12368987;"SPRF-BA";"DEL04-BA";"UOP01-DEL04-BA"
305701;2020-09-04;"sexta-feira";"19:40:00";"RJ";116;181,5;"NOVA IGUACU";"Falta de Atenção à Condução";"Colisão lateral";"Com Vítimas Feridas";"Plena Noite";"Crescente";"Céu Claro";"Dupla";"Reta";"Sim";2;0;1;0;1;0;1;2;-22,761312;-43,423492;"SPRF-RJ";"DEL01-RJ";"UOP02-DEL01-RJ"
305703;2020-09-04;"sexta-feira";"15:35:00";"PE";232;150;"SAO CAITANO";"Agressão Externa";"Danos eventuais";"Sem Vítimas";"Pleno dia";"Crescente";"Céu Claro";"Simples";"Declive";"Não";3;0;0;0;3;0;0;1;-8,33534498;-36,16018474;"SPRF-PE";"DEL02-PE";"UOP03-DEL02-PE"
305704;2020-09-04;"sexta-feira";"15:50:00";"RO";364;707;"PORTO VELHO";"Defeito Mecânico no Veículo";"Queda de ocupante de veículo";"Com Vítimas Feridas";"Pleno dia";"Crescente";"Céu Claro";"Dupla";"Reta";"Sim";2;0;2;0;0;0;2;1;-8,80037213;-63,83262707;"SPRF-RO";"DEL01-RO";"UOP01-DEL01-RO"
305705;2020-09-04;"sexta-feira";"14:35:00";"RO";319;57,2;"PORTO VELHO";"Desobediência às normas de trânsito pelo condutor";"Colisão lateral";"Com Vítimas Feridas";"Pleno dia";"Decrescente";"Céu Claro";"Simples";"Ponte;Reta";"Sim";2;0;1;0;0;1;1;2;-8,739714;-63,93214024;"SPRF-RO";"DEL01-RO";"UOP01-DEL01-RO"
305706;2020-09-04;"sexta-feira";"18:55:00";"ES";262;6,8;"CARIACICA";"Não guardar distância de segurança";"Colisão traseira";"Sem Vítimas";"Plena Noite";"Decrescente";"Céu Claro";"Múltipla";"Reta";"Sim";3;0;0;0;3;0;0;3;-20,34296255;-40,40205538;"SPRF-ES";"DEL01-ES";"UOP01-DEL01-ES"
305707;2020-09-04;"sexta-feira";"20:30:00";"MG";381;451,8;"SABARA";"Desobediência às normas de trânsito pelo condutor";"Colisão transversal";"Com Vítimas Feridas";"Plena Noite";"Crescente";"Céu Claro";"Simples";"Aclive;Reta";"Sim";2;0;0;1;1;0;1;2;-19,83437722;-43,85913849;"SPRF-MG";"DEL01-MG";"UOP01-DEL01-MG"
305708;2020-09-04;"sexta-feira";"18:15:00";"AC";364;133;"RIO BRANCO";"Ingestão de Álcool";"Colisão traseira";"Com Vítimas Feridas";"Plena Noite";"Crescente";"Céu Claro";"Dupla";"Reta";"Sim";2;0;1;0;1;0;1;2;-9,99936625;-67,84952402;"SPRF-AC";"DEL01-AC";"UOP01-DEL01-AC"
305710;2020-09-04;"sexta-feira";"18:30:00";"CE";402;264,8;"ITAPIPOCA";"Desobediência às normas de trânsito pelo condutor";"Colisão frontal";"Com Vítimas Fatais";"Plena Noite";"Crescente";"Céu Claro";"Simples";"Reta";"Sim";2;1;0;0;1;0;0;2;-3,4909678;-39,57429516;"SPRF-CE";"DEL01-CE";"UOP03-DEL01-CE"
305712;2020-09-04;"sexta-feira";"19:57:00";"MG";381;931,3;"EXTREMA";"Desobediência às normas de trânsito pelo pedestre";"Atropelamento de Pedestre";"Com Vítimas Feridas";"Plena Noite";"Crescente";"Céu Claro";"Dupla";"Curva";"Não";2;0;0;1;0;1;1;2;-22,8076393;-46,27636971;"SPRF-MG";"DEL16-MG";"UOP03-DEL16-MG"
305718;2020-09-04;"sexta-feira";"19:30:00";"MG";50;70,8;"UBERLANDIA";"Falta de Atenção à Condução";"Colisão traseira";"Com Vítimas Feridas";"Plena Noite";"Crescente";"Céu Claro";"Dupla";"Reta";"Sim";2;0;1;0;1;0;1;2;-18,85140204;-48,25345932;"SPRF-MG";"DEL15-MG";"UOP01-DEL15-MG"
305719;2020-09-04;"sexta-feira";"21:20:00";"PR";277;36;"MORRETES";"Velocidade Incompatível";"Saída de leito carroçável";"Com Vítimas Feridas";"Plena Noite";"Decrescente";"Garoa/Chuvisco";"Dupla";"Curva";"Não";5;0;5;0;0;0;5;1;-25,5585949;-48,80593311;"SPRF-PR";"DEL01-PR";"UOP05-DEL01-PR"
305720;2020-09-04;"sexta-feira";"21:50:00";"SC";101;204,8;"SAO JOSE";"Desobediência às normas de trânsito pelo condutor";"Atropelamento de Pedestre";"Com Vítimas Feridas";"Plena Noite";"Crescente";"Nublado";"Múltipla";"Reta;Túnel";"Sim";2;0;2;0;0;0;2;2;-27,5807585;-48,61470044;"SPRF-SC";"DEL01-SC";"UOP01-DEL01-SC"
305722;2020-09-04;"sexta-feira";"18:40:00";"SC";101;432;"SOMBRIO";"Falta de Atenção à Condução";"Tombamento";"Com Vítimas Feridas";"Plena Noite";"Crescente";"Nublado";"Múltipla";"Reta";"Sim";1;0;1;0;0;0;1;1;-29,07912583;-49,62902069;"SPRF-SC";"DEL02-SC";"UOP02-DEL02-SC"
305724;2020-09-04;"sexta-feira";"22:00:00";"PR";369;160;"CAMBE";"Falta de Atenção à Condução";"Colisão lateral";"Com Vítimas Feridas";"Plena Noite";"Crescente";"Céu Claro";"Dupla";"Curva";"Sim";3;0;2;0;0;1;2;3;-23,28175413;-51,25594676;"SPRF-PR";"DEL07-PR";"UOP01-DEL07-PR"
305726;2020-09-04;"sexta-feira";"20:25:00";"PR";116;209;"RIO NEGRO";"Desobediência às normas de trânsito pelo condutor";"Colisão transversal";"Com Vítimas Feridas";"Plena Noite";"Crescente";"Céu Claro";"Simples";"Rotatória";"Não";3;0;0;1;2;0;1;2;-26,08516529;-49,77795135;"SPRF-SC";"DEL06-SC";"UOP01-DEL06-SC"
305728;2020-09-04;"sexta-feira";"21:45:00";"PR";116;15;"CAMPINA GRANDE DO SUL";"Pista Escorregadia";"Capotamento";"Com Vítimas Feridas";"Plena Noite";"Decrescente";"Garoa/Chuvisco";"Dupla";"Reta";"Não";4;0;1;0;3;0;1;1;-25,09832756;-48,68266005;"SPRF-PR";"DEL01-PR";"UOP02-DEL01-PR"
305729;2020-09-04;"sexta-feira";"22:40:00";"MA";316;546;"CAXIAS";"Animais na Pista";"Atropelamento de Animal";"Com Vítimas Feridas";"Plena Noite";"Decrescente";"Céu Claro";"Simples";"Reta";"Não";4;0;4;0;0;0;4;1;-4,875501;-43,395222;"SPRF-MA";"DEL03-MA";"UOP02-DEL03-MA"
305730;2020-09-04;"sexta-feira";"21:10:00";"RO";319;55;"PORTO VELHO";"Desobediência às normas de trânsito pelo condutor";"Colisão lateral";"Com Vítimas Feridas";"Plena Noite";"Crescente";"Céu Claro";"Simples";"Reta";"Não";3;0;0;1;2;0;1;2;-8,74176246;-63,94074113;"SPRF-RO";"DEL01-RO";"UOP01-DEL01-RO"
305731;2020-09-04;"sexta-feira";"21:40:00";"RO";364;202,3;"PIMENTA BUENO";"Falta de Atenção à Condução";"Colisão traseira";"Com Vítimas Feridas";"Plena Noite";"Crescente";"Céu Claro";"Simples";"Reta;Aclive";"Sim";1;0;0;1;0;0;1;1;-11,634473;-61,201901;"SPRF-RO";"DEL02-RO";"UOP02-DEL02-RO"
305732;2020-09-04;"sexta-feira";"22:20:00";"ES";101;65;"SAO MATEUS";"Desobediência às normas de trânsito pelo condutor";"Tombamento";"Com Vítimas Feridas";"Plena Noite";"Crescente";"Ignorado";"Simples";"Reta";"Sim";1;0;1;0;0;0;1;1;-18,7093594508;-39,8776208712;"SPRF-ES";"DEL04-ES";"UOP02-DEL04-ES"
305734;2020-09-04;"sexta-feira";"21:30:00";"MS";163;492;"CAMPO GRANDE";"Não guardar distância de segurança";"Colisão traseira";"Com Vítimas Feridas";"Plena Noite";"Crescente";"Céu Claro";"Dupla";"Reta";"Sim";2;0;1;0;0;1;1;2;-20,36949987;-54,5320492;"SPRF-MS";"DEL01-MS";"UOP02-DEL01-MS"
305736;2020-09-04;"sexta-feira";"21:25:00";"RJ";40;125;"RIO DE JANEIRO";"Objeto estático sobre o leito carroçável";"Colisão traseira";"Com Vítimas Feridas";"Plena Noite";"Decrescente";"Céu Claro";"Múltipla";"Reta";"Sim";7;0;0;3;4;0;3;3;-22,81487101;-43,28828833;"SPRF-RJ";"DEL01-RJ";"UOP01-DEL01-RJ"
305737;2020-09-04;"sexta-feira";"22:10:00";"RO";364;342;"JI-PARANA";"Velocidade Incompatível";"Colisão com objeto estático";"Com Vítimas Feridas";"Plena Noite";"Crescente";"Céu Claro";"Dupla";"Aclive";"Sim";2;0;0;1;0;1;1;2;-10,88381227;-61,93741416;"SPRF-RO";"DEL02-RO";"UOP01-DEL02-RO"
305739;2020-09-04;"sexta-feira";"23:30:00";"RS";116;300;"GUAIBA";"Falta de Atenção à Condução";"Saída de leito carroçável";"Com Vítimas Feridas";"Plena Noite";"Decrescente";"Céu Claro";"Dupla";"Reta";"Sim";1;0;1;0;0;0;1;1;-30,12636563;-51,35029078;"SPRF-RS";"DEL02-RS";"UOP01-DEL02-RS"
305745;2020-09-05;"sábado";"00:25:00";"PR";376;488;"PONTA GROSSA";"Falta de Atenção do Pedestre";"Atropelamento de Pedestre";"Com Vítimas Fatais";"Plena Noite";"Crescente";"Céu Claro";"Dupla";"Interseção de Vias";"Sim";2;1;0;0;0;1;0;2;-25,08383224;-50,19070409;"SPRF-PR";"DEL03-PR";"UOP04-DEL03-PR"
305746;2020-09-05;"sábado";"00:40:00";"CE";222;281,7;"FRECHEIRINHA";"Ingestão de Substâncias Psicoativas";"Colisão frontal";"Com Vítimas Fatais";"Plena Noite";"Crescente";"Céu Claro";"Simples";"Reta";"Não";2;1;0;0;1;0;0;2;-3,74484088;-40,8219929;"SPRF-CE";"DEL04-CE";"UOP02-DEL04-CE"
305748;2020-09-04;"sexta-feira";"22:05:00";"RO";435;91;"COLORADO DO OESTE";"Falta de Atenção à Condução";"Queda de ocupante de veículo";"Com Vítimas Feridas";"Plena Noite";"Crescente";"Céu Claro";"Simples";"Reta";"Não";1;0;0;1;0;0;1;1;-13,175628;-60,544884;"SPRF-RO";"DEL04-RO";"UOP02-DEL04-RO"
305749;2020-09-04;"sexta-feira";"22:30:00";"RS";468;106;"TRES PASSOS";"Desobediência às normas de trânsito pelo condutor";"Saída de leito carroçável";"Com Vítimas Feridas";"Plena Noite";"Decrescente";"Céu Claro";"Simples";"Rotatória;Declive;Reta";"Sim";4;0;4;0;0;0;4;1;-27,43481611;-53,95049663;"SPRF-RS";"DEL08-RS";"UOP02-DEL08-RS"
305752;2020-09-05;"sábado";"00:20:00";"MG";381;796,3;"SAO GONCALO DO SAPUCAI";"Falta de Atenção do Pedestre";"Atropelamento de Pedestre";"Com Vítimas Fatais";"Plena Noite";"Decrescente";"Nublado";"Dupla";"Reta";"Não";2;1;0;0;1;0;0;2;-21,91582532;-45,5836165;"SPRF-MG";"DEL16-MG";"UOP02-DEL16-MG"
305756;2020-09-04;"sexta-feira";"22:20:00";"RJ";101;456;"MANGARATIBA";"Falta de Atenção à Condução";"Atropelamento de Pedestre";"Com Vítimas Feridas";"Plena Noite";"Crescente";"Céu Claro";"Dupla";"Reta";"Sim";3;0;0;1;1;1;1;2;-23,03297884;-44,16297913;"SPRF-RJ";"DEL03-RJ";"UOP03-DEL03-RJ"
305758;2020-09-05;"sábado";"00:30:00";"MS";163;17,9;"MUNDO NOVO";"Falta de Atenção à Condução";"Saída de leito carroçável";"Com Vítimas Feridas";"Plena Noite";"Crescente";"Céu Claro";"Simples";"Curva";"Sim";2;0;0;2;0;0;2;1;-23,94292305;-54,28058386;"SPRF-MS";"DEL09-MS";"UOP02-DEL09-MS"
305759;2020-09-05;"sábado";"01:00:00";"MG";116;685,5;"MURIAE";"Condutor Dormindo";"Capotamento";"Com Vítimas Feridas";"Plena Noite";"Decrescente";"Céu Claro";"Simples";"Reta";"Não";1;0;1;0;0;0;1;1;-20,96955464;-42,35424757;"SPRF-MG";"DEL07-MG";"UOP02-DEL07-MG"
305760;2020-09-04;"sexta-feira";"18:50:00";"PR";153;2;"JACAREZINHO";"Desobediência às normas de trânsito pelo condutor";"Colisão transversal";"Com Vítimas Feridas";"Plena Noite";"Decrescente";"Céu Claro";"Simples";"Reta";"Não";4;0;0;1;3;0;1;2;-23,01063981;-49,90871127;"SPRF-PR";"DEL07-PR";"UOP04-DEL07-PR"
305761;2020-09-05;"sábado";"01:10:00";"PR";277;665,3;"MEDIANEIRA";"Falta de Atenção à Condução";"Tombamento";"Com Vítimas Feridas";"Plena Noite";"Crescente";"Céu Claro";"Dupla";"Reta";"Não";1;0;1;0;0;0;1;1;-25,25599605;-54,03772597;"SPRF-PR";"DEL05-PR";"UOP02-DEL05-PR"
305763;2020-09-05;"sábado";"02:20:00";"SP";116;157,3;"SAO JOSE DOS CAMPOS";"Ingestão de Álcool";"Colisão traseira";"Sem Vítimas";"Plena Noite";"Decrescente";"Céu Claro";"Dupla";"Aclive;Reta";"Sim";5;0;0;0;4;1;0;3;-23,25558031;-45,9437828;"SPRF-SP";"DEL02-SP";"UOP01-DEL02-SP"
305764;2020-09-04;"sexta-feira";"22:10:00";"MT";163;98,9;"RONDONOPOLIS";"Falta de Atenção à Condução";"Tombamento";"Com Vítimas Feridas";"Plena Noite";"Crescente";"Céu Claro";"Dupla";"Reta";"Não";1;0;1;0;0;0;1;1;-16,67672025;-54,67299848;"SPRF-MT";"DEL02-MT";"UOP01-DEL02-MT"
305765;2020-09-05;"sábado";"00:08:00";"SC";101;253;"PAULO LOPES";"Velocidade Incompatível";"Colisão com objeto estático";"Com Vítimas Feridas";"Plena Noite";"Decrescente";"Nublado";"Dupla";"Curva";"Não";3;0;0;2;1;0;2;1;-27,96492999;-48,67962057;"SPRF-SC";"DEL02-SC";"UOP03-DEL02-SC"
305766;2020-09-05;"sábado";"02:00:00";"DF";40;7;"BRASILIA";"Ingestão de Álcool";"Colisão traseira";"Sem Vítimas";"Plena Noite";"Crescente";"Céu Claro";"Dupla";"Reta";"Não";2;0;0;0;2;0;0;2;-16,038666;-47,979691;"SPRF-DF";"DEL01-DF";"UOP01-DEL01-DF"
305767;2020-09-05;"sábado";"01:40:00";"PR";467;76;"TOLEDO";"Falta de Atenção à Condução";"Colisão transversal";"Com Vítimas Feridas";"Plena Noite";"Crescente";"Céu Claro";"Dupla";"Reta";"Não";2;0;0;2;0;0;2;2;-24,7592;-53,6955;"SPRF-PR";"DEL04-PR";"UOP01-DEL04-PR"
305770;2020-09-05;"sábado";"02:50:00";"PR";376;182;"MARINGA";"Velocidade Incompatível";"Saída de leito carroçável";"Com Vítimas Feridas";"Plena Noite";"Crescente";"Céu Claro";"Dupla";"Rotatória;Interseção de Vias";"Sim";1;0;0;1;0;0;1;1;-23,43253657;-51,88756943;"SPRF-PR";"DEL09-PR";"UOP01-DEL09-PR"
305771;2020-09-05;"sábado";"02:50:00";"PR";116;113;"CURITIBA";"Velocidade Incompatível";"Saída de leito carroçável";"Sem Vítimas";"Plena Noite";"Decrescente";"Nublado";"Dupla";"Reta";"Sim";1;0;0;0;0;1;0;1;-25,56513636;-49,24675108;"SPRF-PR";"DEL01-PR";"UOP01-DEL01-PR"