"id";"data_inversa";"dia_semana";"horario";"uf";"br";"km";"municipio";"causa_acidente";"tipo_acidente";"classificacao_acidente";"fase_dia";"sentido_via";"condicao_metereologica";"tipo_pista";"tracado_via";"uso_solo";"pessoas";"mortos";"feridos_leves";"feridos_graves";"ilesos";"ignorados";"feridos";"veiculos";"latitude";"longitude";"regional";"delegacia";"uop"
305772;2020-09-05;"sábado";"03:00:00";"ES";101;265,3;"SERRA";"Ingestão de Álcool";"Saída de leito carroçável";"Com Vítimas Feridas";"Plena Noite";"Crescente";"Céu Claro";"Dupla";"Reta";"Sim";1;0;1;0;0;0;1;1;-20,1816849;-40,26536036;"SPRF-ES";"DEL02-ES";"UOP01-DEL02-ES"
305773;2020-09-05;"sábado";"02:20:00";"SP";116;224;"GUARULHOS";"Condutor Dormindo";"Colisão com objeto estático";"Com Vítimas Feridas";"Plena Noite";"Crescente";"Céu Claro";"Múltipla";"Reta";"Sim";1;0;1;0;0;0;1;1;-23,48555565;-46,54105783;"SPRF-SP";"DEL01-SP";"UOP01-DEL01-SP"
305774;2020-09-04;"sexta-feira";"23:30:00";"RS";116;84,1;"CAMPESTRE DA SERRA";"Falta de Atenção à Condução";"Saída de leito carroçável";"Com Vítimas Feridas";"Plena Noite";"Crescente";"Céu Claro";"Simples";"Reta";"Não";2;0;1;0;0;1;1;1;-28,82780341;-51,12097263;"SPRF-RS";"DEL05-RS";"UOP03-DEL05-RS"
305775;2020-09-05;"sábado";"03:40:00";"GO";153;412,6;"ANAPOLIS";"Ingestão de Álcool";"Colisão frontal";"Com Vítimas Fatais";"Plena Noite";"Decrescente";"Céu Claro";"Simples";"Reta";"Não";7;2;3;1;0;1;4;3;-16,112646;-49,03146;"SPRF-GO";"DEL02-GO";"UOP01-DEL02-GO"
305777;2020-09-05;"sábado";"03:40:00";"ES";101;266,3;"SERRA";"Ingestão de Álcool";"Colisão transversal";"Sem Vítimas";"Plena Noite";"Decrescente";"Céu Claro";"Múltipla";"Interseção de Vias";"Sim";2;0;0;0;2;0;0;2;-20,19356492;-40,26840275;"SPRF-ES";"DEL02-ES";"UOP01-DEL02-ES"
305778;2020-09-04;"sexta-feira";"21:15:00";"RS";386;128;"SARANDI";"Ingestão de Álcool";"Colisão traseira";"Sem Vítimas";"Plena Noite";"Crescente";"Céu Claro";"Simples";"Curva";"Não";2;0;0;0;1;1;0;2;-27,928732;-52,964111;"SPRF-RS";"DEL08-RS";"UOP01-DEL08-RS"
305781;2020-09-05;"sábado";"02:50:00";"SP";116;222;"GUARULHOS";"Ingestão de Álcool";"Colisão com objeto estático";"Sem Vítimas";"Plena Noite";"Crescente";"Nublado";"Múltipla";"Reta";"Sim";1;0;0;0;0;1;0;1;-23,47093408;-46,51631097;"SPRF-SP";"DEL01-SP";"UOP01-DEL01-SP"
305784;2020-09-05;"sábado";"01:30:00";"SC";280;123;"RIO NEGRINHO";"Desobediência às normas de trânsito pelo condutor";"Colisão frontal";"Com Vítimas Fatais";"Plena Noite";"Crescente";"Céu Claro";"Simples";"Aclive;Reta";"Sim";3;1;0;0;1;1;0;3;-26,23767028;-49,48413312;"SPRF-SC";"DEL06-SC";"UOP03-DEL06-SC"
305785;2020-09-05;"sábado";"03:15:00";"GO";153;613,9;"MORRINHOS";"Velocidade Incompatível";"Saída de leito carroçável";"Sem Vítimas";"Plena Noite";"Crescente";"Céu Claro";"Dupla";"Reta";"Não";1;0;0;0;0;1;0;1;-17,6612;-49,168;"SPRF-GO";"DEL03-GO";"UOP01-DEL03-GO"
305786;2020-09-05;"sábado";"04:15:00";"PR";376;186,8;"MARIALVA";"Ingestão de Álcool";"Colisão com objeto estático";"Com Vítimas Feridas";"Plena Noite";"Crescente";"Céu Claro";"Dupla";"Interseção de Vias";"Não";1;0;0;1;0;0;1;1;-23,45643624;-51,84510713;"SPRF-PR";"DEL09-PR";"UOP01-DEL09-PR"
305787;2020-09-05;"sábado";"05:15:00";"ES";101;176,2;"ARACRUZ";"Não guardar distância de segurança";"Colisão traseira";"Com Vítimas Feridas";"Amanhecer";"Decrescente";"Céu Claro";"Simples";"Reta";"Sim";3;0;3;0;0;0;3;2;-19,59523801;-40,19835299;"SPRF-ES";"DEL04-ES";"UOP01-DEL04-ES"
305788;2020-09-05;"sábado";"05:00:00";"PI";343;13,2;"PARNAIBA";"Ingestão de Álcool";"Colisão com objeto estático";"Com Vítimas Feridas";"Amanhecer";"Crescente";"Céu Claro";"Dupla";"Reta";"Sim";1;0;0;1;0;0;1;1;-2,9202934;-41,75429106;"SPRF-PI";"DEL05-PI";"UOP01-DEL05-PI"
305789;2020-09-05;"sábado";"04:35:00";"SC";101;435;"SOMBRIO";"Falta de Atenção à Condução";"Saída de leito carroçável";"Sem Vítimas";"Plena Noite";"Decrescente";"Nublado";"Simples";"Reta";"Sim";1;0;0;0;1;0;0;1;-29,09949414;-49,63480552;"SPRF-SC";"DEL02-SC";"UOP02-DEL02-SC"
305791;2020-09-05;"sábado";"05:12:00";"DF";70;14,8;"BRASILIA";"Ingestão de Álcool";"Saída de leito carroçável";"Com Vítimas Feridas";"Plena Noite";"Crescente";"Céu Claro";"Dupla";"Curva";"Sim";2;0;1;0;0;1;1;2;-15,797312;-48,176056;"SPRF-DF";"DEL03-DF";"UOP02-DEL03-DF"
305792;2020-09-04;"sexta-feira";"19:45:00";"MA";10;188;"RIBAMAR FIQUENE";"Desobediência às normas de trânsito pelo condutor";"Colisão transversal";"Com Vítimas Feridas";"Plena Noite";"Decrescente";"Céu Claro";"Simples";"Declive;Reta";"Não";4;0;4;0;0;0;4;2;-6,071698;-47,382061;"SPRF-MA";"DEL04-MA";"UOP02-DEL04-MA"
305793;2020-09-05;"sábado";"05:30:00";"ES";101;255;"SERRA";"Ingestão de Álcool";"Colisão com objeto estático";"Sem Vítimas";"Pleno dia";"Crescente";"Sol";"Simples";"Reta";"Sim";1;0;0;0;1;0;0;1;-20,117;-40,316;"SPRF-ES";"DEL02-ES";"UOP01-DEL02-ES"
305794;2020-09-05;"sábado";"04:30:00";"SC";101;208,7;"SAO JOSE";"Velocidade Incompatível";"Colisão com objeto estático";"Com Vítimas Feridas";"Plena Noite";"Crescente";"Chuva";"Dupla";"Declive";"Sim";3;0;1;0;2;0;1;3;-27,60327979;-48,63201818;"SPRF-SC";"DEL01-SC";"UOP01-DEL01-SC"
305795;2020-09-05;"sábado";"05:00:00";"SC";101;208,1;"SAO JOSE";"Desobediência às normas de trânsito pelo condutor";"Colisão com objeto estático";"Com Vítimas Feridas";"Plena Noite";"Decrescente";"Chuva";"Múltipla";"Reta";"Sim";2;0;1;0;1;0;1;2;-27,60428749;-48,6327678;"SPRF-SC";"DEL01-SC";"UOP01-DEL01-SC"
305796;2020-09-05;"sábado";"05:00:00";"RJ";101;272;"RIO BONITO";"Defeito Mecânico no Veículo";"Incêndio";"Sem Vítimas";"Amanhecer";"Crescente";"Céu Claro";"Dupla";"Reta";"Não";1;0;0;0;1;0;0;1;-22,72935968;-42,70112512;"SPRF-RJ";"DEL02-RJ";"UOP03-DEL02-RJ"
305800;2020-09-05;"sábado";"05:55:00";"PA";316;35;"SANTA IZABEL DO PARA";"Desobediência às normas de trânsito pelo condutor";"Colisão transversal";"Com Vítimas Feridas";"Amanhecer";"Crescente";"Céu Claro";"Múltipla";"Retorno Regulamentado";"Sim";3;0;1;1;1;0;2;2;-1,28921834;-48,15390229;"SPRF-PA";"DEL01-PA";"UOP01-DEL01-PA"
305801;2020-09-05;"sábado";"05:50:00";"MG";262;438,6;"NOVA SERRANA";"Desobediência às normas de trânsito pelo condutor";"Colisão frontal";"Com Vítimas Feridas";"Amanhecer";"Crescente";"Vento";"Dupla";"Reta";"Sim";2;0;1;0;1;0;1;2;-19,89197285;-44,88685183;"SPRF-MG";"DEL08-MG";"UOP03-DEL08-MG"
305803;2020-09-05;"sábado";"06:10:00";"GO";40;29,6;"LUZIANIA";"Falta de Atenção à Condução";"Colisão traseira";"Com Vítimas Feridas";"Pleno dia";"Crescente";"Céu Claro";"Dupla";"Reta";"Não";2;0;0;1;1;0;1;2;-16,273718;-47,871456;"SPRF-DF";"DEL01-DF";"UOP01-DEL01-DF"
305804;2020-09-05;"sábado";"05:01:00";"MG";262;443;"NOVA SERRANA";"Falta de Atenção à Condução";"Tombamento";"Com Vítimas Feridas";"Amanhecer";"Decrescente";"Céu Claro";"Dupla";"Reta";"Não";1;0;1;0;0;0;1;1;-19,88065393;-44,92197102;"SPRF-MG";"DEL08-MG";"UOP03-DEL08-MG"
305805;2020-09-05;"sábado";"06:50:00";"PE";101;41,4;"IGARASSU";"Falta de Atenção à Condução";"Saída de leito carroçável";"Com Vítimas Feridas";"Pleno dia";"Decrescente";"Céu Claro";"Dupla";"Curva";"Sim";1;0;0;1;0;0;1;1;-7,83038346;-34,91426785;"SPRF-PE";"DEL01-PE";"UOP02-DEL01-PE"
305806;2020-09-05;"sábado";"06:20:00";"RS";290;654;"URUGUAIANA";"Animais na Pista";"Atropelamento de Animal";"Com Vítimas Feridas";"Pleno dia";"Crescente";"Céu Claro";"Simples";"Reta";"Não";4;0;2;0;2;0;2;1;-30,007816;-56,45895;"SPRF-RS";"DEL13-RS";"UOP01-DEL13-RS"
305807;2020-09-05;"sábado";"06:35:00";"SC";101;214,3;"PALHOCA";"Não guardar distância de segurança";"Colisão traseira";"Com Vítimas Feridas";"Pleno dia";"Crescente";"Garoa/Chuvisco";"Dupla";"Curva";"Sim";4;0;2;0;2;0;2;3;-27,64443;-48,67057;"SPRF-SC";"DEL01-SC";"UOP02-DEL01-SC"
305809;2020-09-05;"sábado";"06:30:00";"SP";116;385;"MIRACATU";"Falta de Atenção à Condução";"Colisão traseira";"Com Vítimas Feridas";"Amanhecer";"Crescente";"Nublado";"Múltipla";"Reta";"Não";3;0;1;0;2;0;1;2;-24,254993;-47,375412;"SPRF-SP";"DEL04-SP";"UOP02-DEL04-SP"
305811;2020-09-05;"sábado";"05:20:00";"PR";277;371;"GUARAPUAVA";"Ingestão de Álcool";"Saída de leito carroçável";"Sem Vítimas";"Amanhecer";"Decrescente";"Céu Claro";"Simples";"Reta";"Não";1;0;0;0;1;0;0;1;-25,42656187;-51,66127889;"SPRF-PR";"DEL08-PR";"UOP01-DEL08-PR"
305812;2020-09-05;"sábado";"05:50:00";"PR";476;313;"PAULO FRONTIN";"Ingestão de Álcool";"Saída de leito carroçável";"Com Vítimas Feridas";"Amanhecer";"Crescente";"Nublado";"Simples";"Reta";"Não";1;0;1;0;0;0;1;1;-26,028959;-50,679947;"SPRF-PR";"DEL02-PR";"UOP04-DEL02-PR"
305814;2020-08-10;"segunda-feira";"08:10:00";"MG";116;222,5;"CATUJI";"Falta de Atenção à Condução";"Colisão transversal";"Com Vítimas Feridas";"Pleno dia";"Crescente";"Céu Claro";"Simples";"Curva";"Não";2;0;0;1;1;0;1;2;-17,42343294;-41,51418802;"SPRF-MG";"DEL11-MG";"UOP01-DEL11-MG"
305815;2020-09-04;"sexta-feira";"17:45:00";"BA";116;394;"SANTA BARBARA";"Falta de Atenção do Pedestre";"Atropelamento de Pedestre";"Sem Vítimas";"Plena Noite";"Crescente";"Nublado";"Simples";"Reta";"Sim";2;0;0;0;2;0;0;1;-11,97439801;-38,97240143;"SPRF-BA";"DEL02-BA";"UOP01-DEL02-BA"
305816;2020-09-05;"sábado";"06:30:00";"AL";104;74;"MESSIAS";"Desobediência às normas de trânsito pelo condutor";"Saída de leito carroçável";"Com Vítimas Feridas";"Pleno dia";"Decrescente";"Garoa/Chuvisco";"Simples";"Curva";"Não";2;0;1;0;1;0;1;1;-9,3682254;-35,83573003;"SPRF-AL";"DEL01-AL";"UOP02-DEL01-AL"
305822;2020-09-05;"sábado";"03:30:00";"SP";153;167;"GUAICARA";"Velocidade Incompatível";"Saída de leito carroçável";"Sem Vítimas";"Plena Noite";"Crescente";"Céu Claro";"Simples";"Reta";"Não";1;0;0;0;1;0;0;1;-21,57026902;-49,78358452;"SPRF-SP";"DEL07-SP";"UOP01-DEL07-SP"
305825;2020-09-05;"sábado";"06:30:00";"SC";282;4;"SAO JOSE";"Pista Escorregadia";"Colisão com objeto estático";"Com Vítimas Fatais";"Amanhecer";"Decrescente";"Garoa/Chuvisco";"Múltipla";"Reta";"Sim";1;1;0;0;0;0;0;1;-27,592646;-48,604034;"SPRF-SC";"DEL01-SC";"UOP01-DEL01-SC"
305827;2020-09-05;"sábado";"02:10:00";"PR";158;504,9;"CORONEL VIVIDA";"Ingestão de Álcool";"Saída de leito carroçável";"Sem Vítimas";"Pleno dia";"Crescente";"Céu Claro";"Simples";"Curva";"Não";1;0;0;0;0;1;0;1;-26,01525192;-52,57019203;"SPRF-PR";"DEL02-PR";"UOP01-DEL02-PR"
305828;2020-09-05;"sábado";"08:00:00";"RS";290;76;"GRAVATAI";"Avarias e/ou desgaste excessivo no pneu";"Colisão com objeto estático";"Com Vítimas Feridas";"Pleno dia";"Crescente";"Chuva";"Múltipla";"Reta";"Não";1;0;1;0;0;0;1;1;-29,956612;-51,017124;"SPRF-RS";"DEL01-RS";"UOP01-DEL01-RS"
305829;2020-09-05;"sábado";"06:40:00";"RO";364;706;"PORTO VELHO";"Desobediência às normas de trânsito pelo condutor";"Colisão transversal";"Com Vítimas Feridas";"Pleno dia";"Crescente";"Céu Claro";"Dupla";"Reta";"Não";2;0;0;1;1;0;1;2;-8,80030539;-63,823428;"SPRF-RO";"DEL01-RO";"UOP01-DEL01-RO"
305830;2020-09-05;"sábado";"08:30:00";"DF";70;10;"BRASILIA";"Falta de Atenção à Condução";"Colisão traseira";"Com Vítimas Feridas";"Pleno dia";"Decrescente";"Céu Claro";"Dupla";"Reta";"Sim";2;0;1;0;1;0;1;2;-15,787066;-48,140709;"SPRF-DF";"DEL03-DF";"UOP02-DEL03-DF"
305831;2020-09-05;"sábado";"08:20:00";"SC";101;416,9;"ARARANGUA";"Ultrapassagem Indevida";"Tombamento";"Com Vítimas Feridas";"Pleno dia";"Decrescente";"Nublado";"Múltipla";"Reta";"Sim";2;0;1;0;1;0;1;2;-28,97824208;-49,53441381;"SPRF-SC";"DEL02-SC";"UOP02-DEL02-SC"
305832;2020-09-05;"sábado";"05:00:00";"SC";282;462,3;"PONTE SERRADA";"Animais na Pista";"Atropelamento de Animal";"Com Vítimas Feridas";"Plena Noite";"Decrescente";"Céu Claro";"Simples";"Reta";"Sim";3;0;3;0;0;0;3;2;-26,857594;-52,050583;"SPRF-SC";"DEL07-SC";"UOP04-DEL07-SC"
305834;2020-09-05;"sábado";"07:35:00";"RS";290;96,5;"PORTO ALEGRE";"Ingestão de Álcool";"Colisão com objeto estático";"Sem Vítimas";"Pleno dia";"Crescente";"Garoa/Chuvisco";"Múltipla";"Ponte";"Sim";1;0;0;0;1;0;0;1;-29,992107;-51,204525;"SPRF-RS";"DEL01-RS";"UOP01-DEL01-RS"
305835;2020-09-04;"sexta-feira";"11:45:00";"MG";262;37,6;"MANHUACU";"Falta de Atenção à Condução";"Colisão transversal";"Com Vítimas Feridas";"Pleno dia";"Decrescente";"Sol";"Simples";"Reta";"Sim";2;0;1;0;1;0;1;2;-20,25748975;-42,03048732;"SPRF-MG";"DEL06-MG";"UOP03-DEL06-MG"
305836;2020-09-05;"sábado";"07:30:00";"MG";40;462;"SETE LAGOAS";"Desobediência às normas de trânsito pelo condutor";"Colisão frontal";"Com Vítimas Feridas";"Pleno dia";"Decrescente";"Céu Claro";"Dupla";"Reta";"Não";2;0;1;0;1;0;1;2;-19,4136917;-44,33879427;"SPRF-MG";"DEL02-MG";"UOP01-DEL02-MG"
305837;2020-09-05;"sábado";"08:20:00";"SC";101;201;"BIGUACU";"Falta de Atenção à Condução";"Capotamento";"Com Vítimas Feridas";"Pleno dia";"Decrescente";"Chuva";"Múltipla";"Reta";"Não";1;0;1;0;0;0;1;1;-27,54836599;-48,61977975;"SPRF-SC";"DEL01-SC";"UOP01-DEL01-SC"
305838;2020-09-05;"sábado";"08:35:00";"RJ";101;319;"SAO GONCALO";"Desobediência às normas de trânsito pelo condutor";"Colisão lateral";"Com Vítimas Feridas";"Pleno dia";"Crescente";"Céu Claro";"Dupla";"Reta";"Sim";2;0;1;0;1;0;1;2;-22,85411774;-43,1018014;"SPRF-RJ";"DEL02-RJ";"UOP02-DEL02-RJ"
305839;2020-09-05;"sábado";"09:00:00";"DF";70;14;"BRASILIA";"Agressão Externa";"Queda de ocupante de veículo";"Com Vítimas Feridas";"Pleno dia";"Decrescente";"Céu Claro";"Dupla";"Reta";"Não";2;0;2;0;0;0;2;1;-15,797312;-48,176056;"SPRF-DF";"DEL03-DF";"UOP02-DEL03-DF"
305841;2020-09-05;"sábado";"08:10:00";"MT";163;899;"CLAUDIA";"Falta de Atenção à Condução";"Queda de ocupante de veículo";"Com Vítimas Feridas";"Pleno dia";"Crescente";"Céu Claro";"Simples";"Reta";"Não";1;0;1;0;0;0;1;1;-11,44293394;-55,35655546;"SPRF-MT";"DEL06-MT";"NPF/DEL06-MT"
305842;2020-09-04;"sexta-feira";"22:30:00";"PB";230;344;"PATOS";"Condutor Dormindo";"Saída de leito carroçável";"Sem Vítimas";"Plena Noite";"Decrescente";"Céu Claro";"Simples";"Reta";"Não";1;0;0;0;0;1;0;1;-6,9799;-37,3373;"SPRF-PB";"DEL03-PB";"UOP01-DEL03-PB"
305844;2020-09-05;"sábado";"09:05:00";"MA";135;6,7;"SAO LUIS";"Defeito Mecânico no Veículo";"Incêndio";"Sem Vítimas";"Pleno dia";"Crescente";"Céu Claro";"Dupla";"Reta";"Sim";1;0;0;0;1;0;0;1;-2,62877986;-44,26321818;"SPRF-MA";"DEL01-MA";"UOP01-DEL01-MA"
305845;2020-09-01;"terça-feira";"23:30:00";"RJ";101;319;"NITEROI";"Falta de Atenção à Condução";"Colisão lateral";"Com Vítimas Feridas";"Plena Noite";"Decrescente";"Céu Claro";"Dupla";"Reta";"Sim";3;0;2;0;1;0;2;2;-22,85411774;-43,1018014;"SPRF-RJ";"DEL02-RJ";"UOP02-DEL02-RJ"
305846;2020-09-05;"sábado";"07:25:00";"GO";153;139;"MARA ROSA";"Defeito na Via";"Capotamento";"Com Vítimas Feridas";"Pleno dia";"Decrescente";"Céu Claro";"Simples";"Declive";"Não";2;0;2;0;0;0;2;1;-13,986072;-49,090576;"SPRF-GO";"DEL07-GO";"UOP01-DEL07-GO"
305847;2020-09-05;"sábado";"09:30:00";"MG";40;510;"RIBEIRAO DAS NEVES";"Falta de Atenção à Condução";"Colisão traseira";"Com Vítimas Feridas";"Pleno dia";"Decrescente";"Céu Claro";"Dupla";"Declive";"Não";2;0;1;0;1;0;1;2;-19,77463885;-44,12321882;"SPRF-MG";"DEL01-MG";"UOP02-DEL01-MG"
305848;2020-09-05;"sábado";"08:30:00";"MT";158;721;"BARRA DO GARCAS";"Avarias e/ou desgaste excessivo no pneu";"Saída de leito carroçável";"Com Vítimas Feridas";"Pleno dia";"Decrescente";"Céu Claro";"Simples";"Reta";"Sim";5;0;5;0;0;0;5;1;-15,2353500158;-52,1823547764;"SPRF-MT";"DEL07-MT";"UOP01-DEL07-MT"
305850;2020-09-05;"sábado";"09:30:00";"MG";381;721,3;"CARMO DA CACHOEIRA";"Falta de Atenção à Condução";"Tombamento";"Com Vítimas Feridas";"Pleno dia";"Decrescente";"Sol";"Dupla";"Curva";"Não";1;0;1;0;0;0;1;1;-21,434417;-45,208144;"SPRF-MG";"DEL04-MG";"UOP02-DEL04-MG"
305851;2020-09-05;"sábado";"09:00:00";"PA";316;33;"SANTA IZABEL DO PARA";"Desobediência às normas de trânsito pelo condutor";"Colisão transversal";"Com Vítimas Feridas";"Pleno dia";"Crescente";"Céu Claro";"Dupla";"Reta";"Não";2;0;2;0;0;0;2;2;-1,29877612;-48,18005497;"SPRF-PA";"DEL01-PA";"UOP01-DEL01-PA"
305854;2020-09-05;"sábado";"10:00:00";"SC";282;414,3;"CATANDUVAS";"Falta de Atenção à Condução";"Colisão transversal";"Com Vítimas Feridas";"Pleno dia";"Decrescente";"Céu Claro";"Simples";"Curva";"Não";6;0;2;0;4;0;2;2;-27,039997;-51,708958;"SPRF-SC";"DEL07-SC";"UOP05-DEL07-SC"
305856;2020-09-05;"sábado";"10:00:00";"SC";280;52,7;"GUARAMIRIM";"Desobediência às normas de trânsito pelo condutor";"Colisão transversal";"Com Vítimas Feridas";"Pleno dia";"Crescente";"Nublado";"Simples";"Reta";"Sim";2;0;1;0;1;0;1;2;-26,468904;-48,96492;"SPRF-SC";"DEL03-SC";"UOP03-DEL03-SC"
305857;2020-09-05;"sábado";"08:30:00";"MG";40;601,8;"CONGONHAS";"Animais na Pista";"Atropelamento de Animal";"Com Vítimas Feridas";"Pleno dia";"Crescente";"Céu Claro";"Simples";"Reta";"Sim";2;0;2;0;0;0;2;1;-20,43153322;-43,85435616;"SPRF-MG";"DEL05-MG";"UOP02-DEL05-MG"
305859;2020-09-05;"sábado";"10:10:00";"ES";101;149,5;"LINHARES";"Ingestão de Álcool";"Colisão lateral";"Sem Vítimas";"Pleno dia";"Decrescente";"Céu Claro";"Dupla";"Interseção de Vias;Reta";"Sim";3;0;0;0;3;0;0;3;-19,39619083;-40,06435871;"SPRF-ES";"DEL04-ES";"UOP01-DEL04-ES"
305860;2020-09-05;"sábado";"08:40:00";"GO";364;382,4;"SANTA RITA DO ARAGUAIA";"Defeito na Via";"Capotamento";"Com Vítimas Feridas";"Pleno dia";"Crescente";"Céu Claro";"Simples";"Curva";"Não";2;0;2;0;0;0;2;1;-17,344893;-53,171211;"SPRF-GO";"DEL05-GO";"UOP01-DEL05-GO"
305863;2020-09-05;"sábado";"09:25:00";"RJ";101;130;"QUISSAMA";"Falta de Atenção à Condução";"Capotamento";"Com Vítimas Feridas";"Pleno dia";"Decrescente";"Céu Claro";"Dupla";"Reta";"Não";4;0;3;1;0;0;4;1;-22,10926264;-41,69530619;"SPRF-RJ";"DEL08-RJ";"UOP04-DEL08-RJ"
305868;2020-09-05;"sábado";"10:30:00";"PR";373;479,9;"CORONEL VIVIDA";"Desobediência às normas de trânsito pelo condutor";"Colisão frontal";"Com Vítimas Feridas";"Pleno dia";"Decrescente";"Céu Claro";"Simples";"Reta";"Sim";2;0;1;0;1;0;1;2;-25,97849917;-52,53923293;"SPRF-PR";"DEL02-PR";"UOP01-DEL02-PR"
305869;2020-09-05;"sábado";"11:00:00";"SC";101;200;"SAO JOSE";"Falta de Atenção à Condução";"Colisão traseira";"Com Vítimas Feridas";"Pleno dia";"Crescente";"Céu Claro";"Dupla";"Curva";"Sim";5;0;3;0;2;0;3;4;-27,54018513;-48,62287714;"SPRF-SC";"DEL01-SC";"UOP01-DEL01-SC"
305871;2020-09-05;"sábado";"11:00:00";"RS";468;104;"TRES PASSOS";"Falta de Atenção à Condução";"Colisão transversal";"Com Vítimas Feridas";"Pleno dia";"Crescente";"Céu Claro";"Simples";"Reta";"Sim";2;0;1;0;1;0;1;2;-27,45233977;-53,94666764;"SPRF-RS";"DEL08-RS";"UOP02-DEL08-RS"
305872;2020-09-05;"sábado";"11:30:00";"SP";116;554;"BARRA DO TURVO";"Falta de Atenção à Condução";"Queda de ocupante de veículo";"Com Vítimas Feridas";"Pleno dia";"Decrescente";"Céu Claro";"Dupla";"Curva";"Não";1;0;1;0;0;0;1;1;-24,97035013;-48,49691597;"SPRF-SP";"DEL05-SP";"UOP02-DEL05-SP"
305873;2020-09-05;"sábado";"11:10:00";"MG";40;549;"NOVA LIMA";"Defeito Mecânico no Veículo";"Incêndio";"Sem Vítimas";"Pleno dia";"Decrescente";"Céu Claro";"Dupla";"Curva";"Não";1;0;0;0;1;0;0;1;-20,03972326;-43,96703232;"SPRF-MG";"DEL01-MG";"UOP02-DEL01-MG"
305875;2020-09-05;"sábado";"11:05:00";"RR";401;0;"BOA VISTA";"Falta de Atenção à Condução";"Colisão transversal";"Com Vítimas Feridas";"Pleno dia";"Crescente";"Sol";"Simples";"Reta";"Sim";2;0;1;0;1;0;1;2;2,80433567;-60,68678325;"SPRF-RR";"DEL01-RR";"UOP01-DEL01-RR"
305877;2020-09-05;"sábado";"11:00:00";"MT";174;280;"PONTES E LACERDA";"Avarias e/ou desgaste excessivo no pneu";"Saída de leito carroçável";"Com Vítimas Feridas";"Pleno dia";"Decrescente";"Céu Claro";"Simples";"Reta";"Não";4;0;4;0;0;0;4;1;-15,29559009;-59,26929706;"SPRF-MT";"DEL04-MT";"UOP01-DEL04-MT"
305878;2020-09-04;"sexta-feira";"20:00:00";"GO";414;421;"ABADIANIA";"Falta de Atenção à Condução";"Saída de leito carroçável";"Sem Vítimas";"Plena Noite";"Decrescente";"Ignorado";"Simples";"Reta";"Não";2;0;0;0;0;2;0;1;-16,13214805;-48,89319713;"SPRF-GO";"DEL02-GO";"UOP01-DEL02-GO"
305879;2020-09-05;"sábado";"11:50:00";"CE";20;376,4;"CAUCAIA";"Ingestão de Álcool";"Queda de ocupante de veículo";"Com Vítimas Feridas";"Pleno dia";"Decrescente";"Céu Claro";"Simples";"Reta";"Não";1;0;0;1;0;0;1;1;-3,94627231;-38,87101554;"SPRF-CE";"DEL01-CE";"UOP01-DEL01-CE"
305880;2020-09-05;"sábado";"12:00:00";"MG";381;486;"BETIM";"Não guardar distância de segurança";"Tombamento";"Com Vítimas Feridas";"Pleno dia";"Crescente";"Céu Claro";"Dupla";"Reta";"Sim";2;0;1;0;0;1;1;2;-19,95644414;-44,13611598;"SPRF-MG";"DEL01-MG";"UOP03-DEL01-MG"
305881;2020-09-05;"sábado";"11:40:00";"RS";293;137;"CANDIOTA";"Desobediência às normas de trânsito pelo condutor";"Colisão transversal";"Com Vítimas Feridas";"Pleno dia";"Decrescente";"Nublado";"Simples";"Interseção de Vias";"Sim";5;0;2;0;3;0;2;3;-31,46954305;-53,65591903;"SPRF-RS";"DEL11-RS";"UOP03-DEL11-RS"
305882;2020-09-05;"sábado";"09:20:00";"CE";116;346;"JAGUARIBE";"Desobediência às normas de trânsito pelo condutor";"Colisão transversal";"Com Vítimas Feridas";"Pleno dia";"Decrescente";"Céu Claro";"Simples";"Reta";"Não";2;0;1;0;1;0;1;2;-6,21122396;-38,66726608;"SPRF-CE";"DEL05-CE";"UOP02-DEL05-CE"
305883;2020-09-05;"sábado";"12:20:00";"MG";381;486;"BETIM";"Não guardar distância de segurança";"Colisão traseira";"Com Vítimas Feridas";"Pleno dia";"Crescente";"Sol";"Múltipla";"Reta";"Sim";2;0;1;0;1;0;1;2;-19,95656893;-44,10804749;"SPRF-MG";"DEL01-MG";"UOP03-DEL01-MG"
305884;2020-09-05;"sábado";"12:40:00";"CE";116;3;"FORTALEZA";"Falta de Atenção à Condução";"Colisão lateral";"Com Vítimas Feridas";"Pleno dia";"Decrescente";"Sol";"Múltipla";"Reta";"Sim";3;0;2;0;1;0;2;2;-3,77866493;-38,51490171;"SPRF-CE";"DEL01-CE";"UOP02-DEL01-CE"
305887;2020-09-05;"sábado";"11:40:00";"PB";230;500,1;"CAJAZEIRAS";"Falta de Atenção à Condução";"Saída de leito carroçável";"Com Vítimas Feridas";"Pleno dia";"Decrescente";"Céu Claro";"Simples";"Reta";"Sim";2;0;0;1;0;1;1;1;-6,8982;-38,5201;"SPRF-PB";"DEL03-PB";"UOP03-DEL03-PB"
305889;2020-09-05;"sábado";"12:00:00";"MS";163;324;"RIO BRILHANTE";"Não guardar distância de segurança";"Colisão lateral";"Com Vítimas Feridas";"Pleno dia";"Decrescente";"Céu Claro";"Simples";"Reta";"Não";7;0;2;0;5;0;2;3;-21,77658813;-54,52601916;"SPRF-MS";"DEL02-MS";"UOP02-DEL02-MS"