"id";"data_inversa";"dia_semana";"horario";"uf";"br";"km";"municipio";"causa_acidente";"tipo_acidente";"classificacao_acidente";"fase_dia";"sentido_via";"condicao_metereologica";"tipo_pista";"tracado_via";"uso_solo";"pessoas";"mortos";"feridos_leves";"feridos_graves";"ilesos";"ignorados";"feridos";"veiculos";"latitude";"longitude";"regional";"delegacia";"uop"
305890;2020-09-05;"sábado";"11:25:00";"MA";135;2,9;"SAO LUIS";"Falta de Atenção à Condução";"Colisão lateral";"Com Vítimas Feridas";"Pleno dia";"Decrescente";"Céu Claro";"Múltipla";"Reta";"Sim";3;0;2;0;1;0;2;2;-2,59806699;-44,24573511;"SPRF-MA";"DEL01-MA";"UOP01-DEL01-MA"
305891;2020-09-05;"sábado";"10:00:00";"PE";232;247,1;"ARCOVERDE";"Ingestão de Álcool";"Saída de leito carroçável";"Com Vítimas Feridas";"Pleno dia";"Decrescente";"Nublado";"Simples";"Reta";"Não";1;0;1;0;0;0;1;1;-8,42267285;-37,02554205;"SPRF-PE";"DEL03-PE";"UOP02-DEL03-PE"
305893;2020-09-05;"sábado";"10:25:00";"SC";470;22;"ILHOTA";"Velocidade Incompatível";"Colisão traseira";"Sem Vítimas";"Pleno dia";"Decrescente";"Nublado";"Simples";"Reta";"Não";2;0;0;0;2;0;0;2;-26,880066;-48,836224;"SPRF-SC";"DEL04-SC";"UOP04-DEL04-SC"
305894;2020-09-05;"sábado";"12:50:00";"RN";101;66;"CEARA-MIRIM";"Desobediência às normas de trânsito pelo condutor";"Colisão transversal";"Sem Vítimas";"Pleno dia";"Decrescente";"Céu Claro";"Simples";"Interseção de Vias";"Não";2;0;0;0;2;0;0;2;-5,65033356;-35,25016233;"SPRF-RN";"DEL02-RN";"UOP01-DEL02-RN"
305899;2020-09-05;"sábado";"14:30:00";"SP";116;213,8;"GUARULHOS";"Falta de Atenção à Condução";"Colisão com objeto estático";"Com Vítimas Feridas";"Pleno dia";"Crescente";"Sol";"Múltipla";"Reta";"Não";1;0;1;0;0;0;1;1;-23,43971486;-46,43667806;"SPRF-SP";"DEL01-SP";"UOP01-DEL01-SP"
305900;2020-09-05;"sábado";"12:00:00";"SC";470;112;"APIUNA";"Falta de Atenção à Condução";"Colisão traseira";"Com Vítimas Feridas";"Pleno dia";"Crescente";"Nublado";"Simples";"Reta;Em Obras";"Sim";3;0;2;0;0;1;2;2;-27,09638188;-49,45813179;"SPRF-SC";"DEL04-SC";"UOP02-DEL04-SC"
305903;2020-09-05;"sábado";"11:45:00";"SC";101;360;"SANGAO";"Desobediência às normas de trânsito pelo condutor";"Capotamento";"Com Vítimas Feridas";"Pleno dia";"Crescente";"Chuva";"Simples";"Curva";"Sim";2;0;2;0;0;0;2;1;-28,65823109;-49,10991486;"SPRF-SC";"DEL02-SC";"UOP01-DEL02-SC"
305907;2020-09-05;"sábado";"13:10:00";"GO";20;95;"VILA BOA";"Condutor Dormindo";"Saída de leito carroçável";"Sem Vítimas";"Pleno dia";"Crescente";"Céu Claro";"Simples";"Reta";"Não";1;0;0;0;1;0;0;1;-14,983032;-47,020199;"SPRF-DF";"DEL02-DF";"UOP01-DEL02-DF"
305909;2020-09-05;"sábado";"14:00:00";"BA";330;852,4;"BARRA DO ROCHA";"Velocidade Incompatível";"Capotamento";"Com Vítimas Fatais";"Pleno dia";"Crescente";"Céu Claro";"Simples";"Curva";"Não";5;1;3;1;0;0;4;1;-14,19413318;-39,64550002;"SPRF-BA";"DEL03-BA";"UOP01-DEL03-BA"
305910;2020-09-05;"sábado";"14:00:00";"GO";153;442;"ANAPOLIS";"Desobediência às normas de trânsito pelo condutor";"Colisão com objeto estático";"Com Vítimas Fatais";"Pleno dia";"Decrescente";"Céu Claro";"Dupla";"Curva";"Sim";1;1;0;0;0;0;0;1;-16,33577926;-48,92228007;"SPRF-GO";"DEL02-GO";"UOP01-DEL02-GO"
305911;2020-09-05;"sábado";"15:10:00";"SP";153;64,5;"SAO JOSE DO RIO PRETO";"Falta de Atenção à Condução";"Saída de leito carroçável";"Com Vítimas Feridas";"Pleno dia";"Decrescente";"Céu Claro";"Dupla";"Reta";"Sim";1;0;1;0;0;0;1;1;-20,82919401;-49,36046325;"SPRF-SP";"DEL09-SP";"UOP01-DEL09-SP"
305912;2020-09-05;"sábado";"10:35:00";"SC";101;210;"SAO JOSE";"Falta de Atenção à Condução";"Saída de leito carroçável";"Com Vítimas Feridas";"Pleno dia";"Decrescente";"Céu Claro";"Dupla";"Reta";"Sim";1;0;1;0;0;0;1;1;-27,6167305;-48,6457265;"SPRF-SC";"DEL01-SC";"UOP01-DEL01-SC"
305913;2020-03-17;"terça-feira";"20:30:00";"PI";316;21;"TERESINA";"Animais na Pista";"Atropelamento de Animal";"Sem Vítimas";"Plena Noite";"Crescente";"Céu Claro";"Simples";"Reta";"Não";1;0;0;0;1;0;0;1;-5,26746306;-42,72741334;"SPRF-PI";"DEL01-PI";"UOP02-DEL01-PI"
305914;2020-09-05;"sábado";"14:45:00";"GO";60;19,9;"ALEXANIA";"Não guardar distância de segurança";"Colisão traseira";"Com Vítimas Feridas";"Pleno dia";"Crescente";"Céu Claro";"Dupla";"Reta";"Sim";7;0;1;0;6;0;1;2;-16,0963;-48,5202;"SPRF-DF";"DEL03-DF";"UOP01-DEL03-DF"
305915;2020-09-05;"sábado";"14:30:00";"MA";135;0,1;"SAO LUIS";"Falta de Atenção à Condução";"Colisão lateral";"Com Vítimas Feridas";"Pleno dia";"Decrescente";"Céu Claro";"Dupla";"Reta";"Sim";3;0;2;0;1;0;2;2;-2,58150627;-44,24131128;"SPRF-MA";"DEL01-MA";"UOP01-DEL01-MA"
305918;2020-09-05;"sábado";"15:05:00";"SP";116;220,6;"GUARULHOS";"Defeito Mecânico no Veículo";"Tombamento";"Com Vítimas Feridas";"Pleno dia";"Decrescente";"Céu Claro";"Múltipla";"Reta";"Sim";1;0;1;0;0;0;1;1;-23,46472809;-46,49793962;"SPRF-SP";"DEL01-SP";"UOP01-DEL01-SP"
305920;2020-09-05;"sábado";"15:40:00";"SC";282;6;"FLORIANOPOLIS";"Não guardar distância de segurança";"Tombamento";"Com Vítimas Feridas";"Pleno dia";"Decrescente";"Garoa/Chuvisco";"Dupla";"Reta";"Sim";1;0;0;1;0;0;1;1;-27,591936;-48,618244;"SPRF-SC";"DEL01-SC";"UOP01-DEL01-SC"
305921;2020-09-05;"sábado";"14:55:00";"RS";386;18,6;"FREDERICO WESTPHALEN";"Velocidade Incompatível";"Tombamento";"Com Vítimas Feridas";"Pleno dia";"Crescente";"Céu Claro";"Simples";"Curva";"Não";1;0;0;1;0;0;1;1;-27,252237;-53,342907;"SPRF-RS";"DEL08-RS";"UOP02-DEL08-RS"
305923;2020-09-05;"sábado";"14:40:00";"RS";153;565,9;"BAGE";"Defeito Mecânico no Veículo";"Tombamento";"Com Vítimas Feridas";"Pleno dia";"Crescente";"Nublado";"Simples";"Curva";"Não";4;0;1;0;3;0;1;1;-30,95223974;-53,63774557;"SPRF-RS";"DEL11-RS";"UOP03-DEL11-RS"
305924;2020-09-05;"sábado";"16:20:00";"MG";40;452;"CAETANOPOLIS";"Desobediência às normas de trânsito pelo condutor";"Saída de leito carroçável";"Com Vítimas Feridas";"Pleno dia";"Decrescente";"Céu Claro";"Dupla";"Reta";"Não";2;0;2;0;0;0;2;1;-19,33382121;-44,36107939;"SPRF-MG";"DEL02-MG";"UOP01-DEL02-MG"
305925;2020-09-05;"sábado";"15:47:00";"SC";101;116,5;"ITAJAI";"Não guardar distância de segurança";"Colisão traseira";"Com Vítimas Feridas";"Pleno dia";"Crescente";"Nublado";"Dupla";"Reta";"Sim";2;0;1;0;1;0;1;2;-26,87905605;-48,72603512;"SPRF-SC";"DEL04-SC";"UOP04-DEL04-SC"
305926;2020-09-05;"sábado";"14:45:00";"RJ";40;28,2;"TRES RIOS";"Mal Súbito";"Saída de leito carroçável";"Com Vítimas Feridas";"Pleno dia";"Crescente";"Sol";"Dupla";"Reta";"Não";1;0;1;0;0;0;1;1;-22,17095265;-43,16182852;"SPRF-RJ";"DEL05-RJ";"UOP02-DEL05-RJ"
305927;2020-09-05;"sábado";"14:04:00";"BA";135;74;"SANTA RITA DE CASSIA";"Desobediência às normas de trânsito pelo condutor";"Colisão frontal";"Com Vítimas Feridas";"Pleno dia";"Decrescente";"Céu Claro";"Simples";"Curva";"Não";8;0;8;0;0;0;8;2;-11,329514;-44,953606;"SPRF-BA";"DEL10-BA";"UOP01-DEL10-BA"
305929;2020-09-05;"sábado";"15:20:00";"SC";101;100,2;"BALNEARIO PICARRAS";"Falta de Atenção à Condução";"Colisão com objeto estático";"Sem Vítimas";"Pleno dia";"Decrescente";"Nublado";"Dupla";"Reta";"Sim";5;0;0;0;4;1;0;1;-26,75482787;-48,68993675;"SPRF-SC";"DEL03-SC";"UOP02-DEL03-SC"
305930;2020-09-05;"sábado";"14:50:00";"RS";480;67,9;"ERECHIM";"Desobediência às normas de trânsito pelo condutor";"Colisão frontal";"Com Vítimas Feridas";"Pleno dia";"Crescente";"Céu Claro";"Simples";"Curva";"Não";2;0;0;1;1;0;1;2;-27,63591639;-52,35183318;"SPRF-RS";"DEL08-RS";"UOP04-DEL08-RS"
305932;2020-09-05;"sábado";"16:22:00";"PB";230;458,3;"SOUSA";"Desobediência às normas de trânsito pelo condutor";"Colisão transversal";"Com Vítimas Feridas";"Pleno dia";"Decrescente";"Sol";"Simples";"Reta";"Não";3;0;0;2;1;0;2;2;-6,77571918;-38,1941092;"SPRF-PB";"DEL03-PB";"UOP03-DEL03-PB"
305933;2020-09-05;"sábado";"15:50:00";"SP";101;40;"UBATUBA";"Falta de Atenção à Condução";"Colisão traseira";"Com Vítimas Feridas";"Pleno dia";"Crescente";"Nublado";"Simples";"Reta";"Sim";7;0;1;0;6;0;1;3;-23,41780909;-45,03879547;"SPRF-SP";"DEL06-SP";"UOP01-DEL06-SP"
305934;2020-09-05;"sábado";"15:30:00";"MG";381;730,5;"CARMO DA CACHOEIRA";"Defeito Mecânico no Veículo";"Incêndio";"Sem Vítimas";"Pleno dia";"Decrescente";"Céu Claro";"Dupla";"Reta";"Não";1;0;0;0;1;0;0;1;-21,53836072;-45,23584446;"SPRF-MG";"DEL16-MG";"UOP02-DEL16-MG"
305937;2020-09-05;"sábado";"17:10:00";"PR";376;158,3;"MANDAGUACU";"Velocidade Incompatível";"Tombamento";"Com Vítimas Feridas";"Pleno dia";"Crescente";"Sol";"Dupla";"Curva";"Sim";1;0;1;0;0;0;1;1;-23,353241;-52,09138;"SPRF-PR";"DEL09-PR";"UOP01-DEL09-PR"
305939;2020-09-05;"sábado";"15:30:00";"PB";230;261;"JUNCO DO SERIDO";"Ingestão de Álcool";"Colisão traseira";"Sem Vítimas";"Pleno dia";"Decrescente";"Céu Claro";"Simples";"Reta";"Sim";2;0;0;0;2;0;0;2;-6,9942;-36,7127;"SPRF-PB";"DEL03-PB";"UOP01-DEL03-PB"
305940;2020-09-05;"sábado";"16:30:00";"PE";101;101;"CABO DE SANTO AGOSTINHO";"Falta de Atenção à Condução";"Colisão transversal";"Com Vítimas Feridas";"Pleno dia";"Crescente";"Céu Claro";"Simples";"Reta";"Sim";2;0;1;0;0;1;1;2;-8,2757433;-35,05378122;"SPRF-PE";"DEL01-PE";"UOP03-DEL01-PE"
305941;2020-09-05;"sábado";"17:00:00";"MG";459;70,3;"SENADOR JOSE BENTO";"Velocidade Incompatível";"Colisão com objeto estático";"Com Vítimas Feridas";"Pleno dia";"Decrescente";"Céu Claro";"Simples";"Curva";"Não";1;0;1;0;0;0;1;1;-22,129615;-46,150008;"SPRF-MG";"DEL09-MG";"UOP01-DEL09-MG"
305942;2020-09-05;"sábado";"16:55:00";"PR";476;127;"CURITIBA";"Falta de Atenção à Condução";"Colisão traseira";"Com Vítimas Feridas";"Pleno dia";"Crescente";"Céu Claro";"Múltipla";"Reta";"Sim";3;0;1;1;1;0;2;2;-25,425167;-49,227158;"SPRF-PR";"DEL01-PR";"UOP03-DEL01-PR"
305943;2020-09-05;"sábado";"17:20:00";"PR";116;69,1;"QUATRO BARRAS";"Falta de Atenção à Condução";"Colisão traseira";"Com Vítimas Fatais";"Pleno dia";"Decrescente";"Céu Claro";"Dupla";"Reta";"Sim";2;1;0;0;1;0;0;2;-25,33112288;-49,03156015;"SPRF-PR";"DEL01-PR";"UOP02-DEL01-PR"
305944;2020-09-05;"sábado";"17:25:00";"BA";324;579;"SAO SEBASTIAO DO PASSE";"Defeito Mecânico no Veículo";"Capotamento";"Com Vítimas Feridas";"Anoitecer";"Crescente";"Céu Claro";"Dupla";"Reta";"Não";4;0;1;0;3;0;1;1;-12,5942506;-38,51640271;"SPRF-BA";"DEL01-BA";"UOP01-DEL01-BA"
305945;2020-09-05;"sábado";"17:10:00";"CE";20;404;"CAUCAIA";"Desobediência às normas de trânsito pelo condutor";"Colisão transversal";"Com Vítimas Feridas";"Anoitecer";"Crescente";"Céu Claro";"Simples";"Reta";"Não";2;0;0;1;1;0;1;2;-3,77821762;-38,68607924;"SPRF-CE";"DEL01-CE";"UOP01-DEL01-CE"
305946;2020-09-05;"sábado";"17:35:00";"SC";282;16,5;"PALHOCA";"Desobediência às normas de trânsito pelo condutor";"Colisão transversal";"Com Vítimas Feridas";"Pleno dia";"Crescente";"Garoa/Chuvisco";"Simples";"Reta";"Sim";2;0;1;0;1;0;1;2;-27,658611;-48,681847;"SPRF-SC";"DEL01-SC";"UOP02-DEL01-SC"
305947;2020-09-05;"sábado";"17:15:00";"CE";116;40,3;"HORIZONTE";"Desobediência às normas de trânsito pelo condutor";"Colisão transversal";"Com Vítimas Feridas";"Pleno dia";"Decrescente";"Céu Claro";"Dupla";"Reta";"Sim";3;0;0;1;1;1;1;3;-4,098508;-38,50254357;"SPRF-CE";"DEL01-CE";"UOP02-DEL01-CE"
305948;2020-09-05;"sábado";"15:30:00";"MG";153;26,9;"CENTRALINA";"Falta de Atenção à Condução";"Saída de leito carroçável";"Com Vítimas Feridas";"Pleno dia";"Decrescente";"Céu Claro";"Dupla";"Aclive";"Não";2;0;2;0;0;0;2;1;-18,64727712;-49,17447621;"SPRF-MG";"DEL15-MG";"UOP03-DEL15-MG"
305950;2020-09-05;"sábado";"17:40:00";"SC";101;358;"SANGAO";"Avarias e/ou desgaste excessivo no pneu";"Saída de leito carroçável";"Com Vítimas Feridas";"Pleno dia";"Crescente";"Garoa/Chuvisco";"Dupla";"Reta";"Não";1;0;1;0;0;0;1;1;-28,642765;-49,100403;"SPRF-SC";"DEL02-SC";"UOP01-DEL02-SC"
305952;2020-09-05;"sábado";"17:50:00";"AL";104;38,3;"UNIAO DOS PALMARES";"Desobediência às normas de trânsito pelo condutor";"Colisão frontal";"Com Vítimas Fatais";"Plena Noite";"Crescente";"Céu Claro";"Simples";"Reta";"Sim";2;1;0;1;0;0;1;2;-9,176723;-36,031413;"SPRF-AL";"DEL01-AL";"UOP02-DEL01-AL"
305953;2020-09-05;"sábado";"17:25:00";"TO";153;208;"COLINAS DO TOCANTINS";"Ingestão de Álcool";"Capotamento";"Com Vítimas Feridas";"Anoitecer";"Decrescente";"Céu Claro";"Simples";"Reta";"Não";2;0;0;1;1;0;1;1;-7,998799;-48,464801;"SPRF-TO";"DEL02-TO";"UOP01-DEL02-TO"
305954;2020-09-05;"sábado";"15:20:00";"SC";280;82,5;"CORUPA";"Falta de Atenção à Condução";"Colisão transversal";"Com Vítimas Feridas";"Pleno dia";"Decrescente";"Nublado";"Simples";"Rotatória";"Sim";3;0;3;0;0;0;3;2;-26,35095962;-49,17858124;"SPRF-SC";"DEL06-SC";"UOP03-DEL06-SC"
305957;2020-09-05;"sábado";"17:25:00";"PB";101;11,8;"MAMANGUAPE";"Ingestão de Álcool";"Colisão com objeto estático";"Sem Vítimas";"Anoitecer";"Crescente";"Céu Claro";"Dupla";"Declive";"Sim";1;0;0;0;1;0;0;1;-6,59256898;-35,14508356;"SPRF-PB";"DEL01-PB";"UOP04-DEL01-PB"
305958;2020-09-05;"sábado";"17:30:00";"RJ";393;285,8;"VOLTA REDONDA";"Falta de Atenção à Condução";"Colisão lateral";"Com Vítimas Feridas";"Anoitecer";"Crescente";"Céu Claro";"Dupla";"Reta";"Sim";4;0;2;0;2;0;2;2;-22,481726;-44,06308602;"SPRF-RJ";"DEL05-RJ";"UOP04-DEL05-RJ"
305959;2020-09-05;"sábado";"18:00:00";"RS";285;270,7;"MATO CASTELHANO";"Falta de Atenção à Condução";"Colisão frontal";"Com Vítimas Feridas";"Anoitecer";"Decrescente";"Nublado";"Simples";"Reta";"Não";2;0;2;0;0;0;2;2;-28,287241;-52,169132;"SPRF-RS";"DEL08-RS";"UOP03-DEL08-RS"
305961;2020-09-05;"sábado";"18:05:00";"MG";40;512;"RIBEIRAO DAS NEVES";"Falta de Atenção à Condução";"Colisão lateral";"Com Vítimas Feridas";"Plena Noite";"Decrescente";"Céu Claro";"Dupla";"Reta";"Sim";2;0;1;0;1;0;1;2;-19,78946999;-44,11290699;"SPRF-MG";"DEL01-MG";"UOP02-DEL01-MG"
305963;2020-09-05;"sábado";"18:30:00";"PE";316;9,1;"ARARIPINA";"Ultrapassagem Indevida";"Colisão frontal";"Com Vítimas Fatais";"Plena Noite";"Crescente";"Céu Claro";"Simples";"Aclive;Curva";"Não";2;1;0;0;0;1;0;2;-7,49328223;-40,59803905;"SPRF-PE";"DEL05-PE";"UOP02-DEL05-PE"
305964;2020-09-05;"sábado";"18:30:00";"GO";40;2,5;"VALPARAISO DE GOIAS";"Não guardar distância de segurança";"Queda de ocupante de veículo";"Com Vítimas Feridas";"Plena Noite";"Crescente";"Céu Claro";"Dupla";"Reta";"Não";1;0;0;1;0;0;1;1;-16,067129;-47,984235;"SPRF-DF";"DEL01-DF";"UOP01-DEL01-DF"
305966;2020-09-05;"sábado";"18:30:00";"MG";50;17;"UBERLANDIA";"Ingestão de Álcool";"Colisão com objeto estático";"Com Vítimas Feridas";"Anoitecer";"Crescente";"Céu Claro";"Dupla";"Reta";"Sim";1;0;0;1;0;0;1;1;-18,9113;-48,2622;"SPRF-MG";"DEL15-MG";"UOP01-DEL15-MG"
305967;2020-09-05;"sábado";"18:20:00";"SP";381;65;"MAIRIPORA";"Ingestão de Álcool";"Colisão traseira";"Sem Vítimas";"Plena Noite";"Decrescente";"Céu Claro";"Múltipla";"Reta";"Não";2;0;0;0;2;0;0;2;-23,316547;-46,58251;"SPRF-SP";"DEL03-SP";"UOP01-DEL03-SP"
305968;2020-09-05;"sábado";"17:30:00";"MS";267;67,7;"BATAGUASSU";"Velocidade Incompatível";"Saída de leito carroçável";"Com Vítimas Feridas";"Plena Noite";"Decrescente";"Céu Claro";"Simples";"Reta";"Não";2;0;2;0;0;0;2;1;-21,85390975;-52,74097905;"SPRF-MS";"DEL02-MS";"UOP04-DEL02-MS"
305970;2020-09-05;"sábado";"18:30:00";"PR";277;123;"BALSA NOVA";"Velocidade Incompatível";"Queda de ocupante de veículo";"Com Vítimas Feridas";"Plena Noite";"Decrescente";"Céu Claro";"Dupla";"Reta";"Não";2;0;2;0;0;0;2;1;-25,46238651;-49,58394885;"SPRF-PR";"DEL01-PR";"UOP03-DEL03-PR"
305971;2020-09-05;"sábado";"18:45:00";"MG";40;512;"RIBEIRAO DAS NEVES";"Não guardar distância de segurança";"Engavetamento";"Com Vítimas Feridas";"Plena Noite";"Decrescente";"Céu Claro";"Dupla";"Reta";"Não";4;0;1;0;3;0;1;3;-19,78946999;-44,11290699;"SPRF-MG";"DEL01-MG";"UOP02-DEL01-MG"
305972;2020-09-05;"sábado";"19:10:00";"MG";262;92;"ABRE CAMPO";"Velocidade Incompatível";"Saída de leito carroçável";"Com Vítimas Feridas";"Plena Noite";"Decrescente";"Céu Claro";"Simples";"Curva";"Não";1;0;1;0;0;0;1;1;-20,32355691;-42,4695922;"SPRF-MG";"DEL03-MG";"UOP03-DEL03-MG"
305973;2020-09-05;"sábado";"18:55:00";"SC";101;195;"BIGUACU";"Falta de Atenção à Condução";"Atropelamento de Pedestre";"Com Vítimas Feridas";"Anoitecer";"Decrescente";"Chuva";"Dupla";"Reta";"Sim";2;0;1;0;1;0;1;2;-27,5047092;-48,65010819;"SPRF-SC";"DEL01-SC";"UOP01-DEL01-SC"
305976;2020-09-05;"sábado";"18:45:00";"RN";101;101;"PARNAMIRIM";"Falta de Atenção à Condução";"Colisão lateral";"Com Vítimas Feridas";"Plena Noite";"Decrescente";"Céu Claro";"Simples";"Curva";"Sim";2;0;0;1;1;0;1;2;-5,88681084;-35,23143404;"SPRF-RN";"DEL01-RN";"UOP01-DEL01-RN"
305977;2020-09-05;"sábado";"19:10:00";"PI";343;341,6;"TERESINA";"Não guardar distância de segurança";"Colisão traseira";"Com Vítimas Feridas";"Plena Noite";"Decrescente";"Céu Claro";"Dupla";"Aclive";"Sim";3;0;1;0;2;0;1;2;-5,077812;-42,744255;"SPRF-PI";"DEL01-PI";"UOP01-DEL01-PI"
305979;2020-09-05;"sábado";"15:40:00";"RO";364;12;"VILHENA";"Falta de Atenção à Condução";"Colisão traseira";"Com Vítimas Feridas";"Pleno dia";"Decrescente";"Céu Claro";"Simples";"Reta";"Sim";2;0;1;0;0;1;1;2;-12,74332351;-60,12401819;"SPRF-RO";"DEL04-RO";"UOP01-DEL04-RO"
305982;2020-09-05;"sábado";"19:20:00";"MG";40;509;"RIBEIRAO DAS NEVES";"Ingestão de Álcool";"Colisão lateral";"Com Vítimas Feridas";"Plena Noite";"Decrescente";"Céu Claro";"Dupla";"Retorno Regulamentado";"Sim";3;0;1;0;2;0;1;2;-19,76728744;-44,12855905;"SPRF-MG";"DEL01-MG";"UOP02-DEL01-MG"
305985;2020-09-05;"sábado";"19:30:00";"MG";381;504,9;"BETIM";"Velocidade Incompatível";"Colisão com objeto estático";"Com Vítimas Feridas";"Plena Noite";"Decrescente";"Céu Claro";"Dupla";"Reta";"Não";5;0;1;0;4;0;1;1;-20,03851513;-44,24915314;"SPRF-MG";"DEL01-MG";"UOP03-DEL01-MG"
305986;2020-09-05;"sábado";"18:30:00";"MA";222;674;"ACAILANDIA";"Ingestão de Álcool";"Colisão traseira";"Sem Vítimas";"Plena Noite";"Decrescente";"Céu Claro";"Simples";"Reta";"Sim";3;0;0;0;3;0;0;2;-4,93412557;-47,45359225;"SPRF-MA";"DEL04-MA";"UOP03-DEL04-MA"
305987;2020-09-05;"sábado";"18:00:00";"ES";101;90;"JAGUARE";"Ingestão de Álcool";"Colisão traseira";"Sem Vítimas";"Anoitecer";"Decrescente";"Céu Claro";"Simples";"Reta";"Sim";2;0;0;0;2;0;0;2;-18,89806708;-39,95602283;"SPRF-ES";"DEL04-ES";"UOP02-DEL04-ES"
305988;2020-09-05;"sábado";"18:30:00";"BA";101;887;"TEIXEIRA DE FREITAS";"Deficiência ou não Acionamento do Sistema de Iluminação/Sinalização do Veículo";"Colisão traseira";"Com Vítimas Feridas";"Plena Noite";"Crescente";"Céu Claro";"Simples";"Reta";"Não";3;0;1;0;2;0;1;2;-17,61429164;-39,76039454;"SPRF-BA";"DEL09-BA";"UOP02-DEL09-BA"
305990;2020-09-05;"sábado";"18:00:00";"PR";376;437,5;"TIBAGI";"Defeito Mecânico no Veículo";"Tombamento";"Com Vítimas Feridas";"Plena Noite";"Decrescente";"Céu Claro";"Dupla";"Curva";"Não";2;0;1;1;0;0;2;1;-24,79049612;-50,50171159;"SPRF-PR";"DEL03-PR";"UOP02-DEL03-PR"
305991;2020-09-05;"sábado";"20:15:00";"PR";277;8;"PARANAGUA";"Velocidade Incompatível";"Saída de leito carroçável";"Com Vítimas Feridas";"Plena Noite";"Crescente";"Céu Claro";"Dupla";"Reta";"Não";1;0;0;1;0;0;1;1;-25,568198;-48,615292;"SPRF-PR";"DEL01-PR";"UOP05-DEL01-PR"
305992;2020-09-05;"sábado";"20:10:00";"BA";418;87;"NOVA VICOSA";"Ingestão de álcool e/ou substâncias psicoativas pelo pedestre";"Atropelamento de Pedestre";"Com Vítimas Feridas";"Plena Noite";"Crescente";"Céu Claro";"Simples";"Reta";"Não";2;0;1;0;0;1;1;2;-17,892078;-39,81627;"SPRF-BA";"DEL09-BA";"UOP02-DEL09-BA"
305993;2020-09-05;"sábado";"20:09:00";"CE";116;12;"FORTALEZA";"Falta de Atenção à Condução";"Colisão transversal";"Com Vítimas Feridas";"Plena Noite";"Decrescente";"Céu Claro";"Dupla";"Reta";"Não";2;0;1;1;0;0;2;2;-3,852077;-38,495525;"SPRF-CE";"DEL01-CE";"UOP02-DEL01-CE"
305995;2020-09-05;"sábado";"20:30:00";"MG";262;439,8;"NOVA SERRANA";"Ingestão de Álcool";"Colisão traseira";"Com Vítimas Feridas";"Plena Noite";"Decrescente";"Céu Claro";"Dupla";"Interseção de Vias";"Sim";4;0;0;4;0;0;4;2;-19,89197285;-44,88685183;"SPRF-MG";"DEL08-MG";"UOP03-DEL08-MG"
305996;2020-09-01;"terça-feira";"08:00:00";"MS";463;102,6;"PONTA PORA";"Desobediência às normas de trânsito pelo condutor";"Colisão traseira";"Com Vítimas Feridas";"Pleno dia";"Crescente";"Céu Claro";"Simples";"Reta";"Sim";3;0;2;0;0;1;2;2;-22,62057208;-55,62439404;"SPRF-MS";"DEL04-MS";"UOP03-DEL04-MS"
305999;2020-09-05;"sábado";"21:00:00";"PR";369;177,7;"ARAPONGAS";"Velocidade Incompatível";"Saída de leito carroçável";"Com Vítimas Feridas";"Plena Noite";"Crescente";"Céu Claro";"Dupla";"Reta";"Sim";2;0;2;0;0;0;2;1;-23,35880403;-51,39713287;"SPRF-PR";"DEL07-PR";"UOP01-DEL07-PR"
306000;2020-09-05;"sábado";"21:00:00";"PR";369;519,8;"CASCAVEL";"Ingestão de álcool e/ou substâncias psicoativas pelo pedestre";"Saída de leito carroçável";"Com Vítimas Feridas";"Plena Noite";"Decrescente";"Céu Claro";"Simples";"Curva";"Não";1;0;0;1;0;0;1;1;-24,91798819;-53,38862923;"SPRF-PR";"DEL09-PR";"UOP03-DEL09-PR"
306002;2020-09-05;"sábado";"20:45:00";"MG";50;84,4;"UBERLANDIA";"Ingestão de Álcool";"Saída de leito carroçável";"Sem Vítimas";"Plena Noite";"Decrescente";"Céu Claro";"Dupla";"Declive;Reta";"Não";1;0;0;0;1;0;0;1;-18,99589703;-48,21049418;"SPRF-MG";"DEL15-MG";"UOP01-DEL15-MG"
306003;2020-09-05;"sábado";"21:10:00";"BA";101;506,6;"ITABUNA";"Ingestão de Álcool";"Tombamento";"Com Vítimas Feridas";"Plena Noite";"Decrescente";"Nublado";"Simples";"Declive";"Não";2;0;1;0;1;0;1;1;-14,957696;-39,306865;"SPRF-BA";"DEL05-BA";"UOP01-DEL05-BA"
306004;2020-09-05;"sábado";"21:40:00";"GO";20;5,7;"FORMOSA";"Desobediência às normas de trânsito pelo condutor";"Colisão transversal";"Com Vítimas Feridas";"Plena Noite";"Crescente";"Céu Claro";"Simples";"Interseção de Vias";"Sim";2;0;1;0;1;0;1;2;-15,55860388;-47,31049776;"SPRF-DF";"DEL02-DF";"UOP01-DEL02-DF"
306005;2020-07-18;"sábado";"21:15:00";"MT";163;1064;"GUARANTA DO NORTE";"Ingestão de Álcool";"Queda de ocupante de veículo";"Com Vítimas Fatais";"Plena Noite";"Decrescente";"Céu Claro";"Dupla";"Reta";"Sim";2;1;0;0;1;0;0;1;-9,94757;-54,90372;"SPRF-MT";"DEL06-MT";"NPF/DEL06-MT"
306006;2020-09-05;"sábado";"19:40:00";"PI";402;36,8;"PARNAIBA";"Ingestão de Álcool";"Colisão traseira";"Com Vítimas Feridas";"Plena Noite";"Crescente";"Céu Claro";"Simples";"Aclive";"Sim";2;0;1;1;0;0;2;2;-2,94427636;-41,7359143;"SPRF-PI";"DEL05-PI";"UOP01-DEL05-PI"