"id";"data_inversa";"dia_semana";"horario";"uf";"br";"km";"municipio";"causa_acidente";"tipo_acidente";"classificacao_acidente";"fase_dia";"sentido_via";"condicao_metereologica";"tipo_pista";"tracado_via";"uso_solo";"pessoas";"mortos";"feridos_leves";"feridos_graves";"ilesos";"ignorados";"feridos";"veiculos";"latitude";"longitude";"regional";"delegacia";"uop"
306327;2020-09-07;"segunda-feira";"04:20:00";"PR";163;69,7;"PEROLA DOESTE";"Desobediência às normas de trânsito pelo condutor";"Colisão com objeto estático";"Sem Vítimas";"Plena Noite";"Decrescente";"Céu Claro";"Simples";"Reta";"Não";1;0;0;0;0;1;0;1;-25,83584004;-53,74660626;"SPRF-PR";"DEL02-PR";"UOP02-DEL02-PR"
306328;2020-09-07;"segunda-feira";"04:10:00";"MS";163;255;"DOURADOS";"Falta de Atenção à Condução";"Tombamento";"Com Vítimas Feridas";"Plena Noite";"Decrescente";"Céu Claro";"Dupla";"Rotatória";"Sim";1;0;1;0;0;0;1;1;-22,25893977;-54,80451649;"SPRF-MS";"DEL04-MS";"UOP01-DEL04-MS"
306329;2020-09-07;"segunda-feira";"04:30:00";"MG";381;861,2;"POUSO ALEGRE";"Desobediência às normas de trânsito pelo condutor";"Tombamento";"Com Vítimas Feridas";"Plena Noite";"Crescente";"Céu Claro";"Dupla";"Reta";"Não";2;0;0;1;1;0;1;2;-22,36795485;-45,93285817;"SPRF-MG";"DEL16-MG";"UOP01-DEL16-MG"
306331;2020-09-06;"domingo";"09:35:00";"RO";364;781;"PORTO VELHO";"Avarias e/ou desgaste excessivo no pneu";"Tombamento";"Com Vítimas Feridas";"Pleno dia";"Decrescente";"Céu Claro";"Simples";"Reta";"Não";2;0;2;0;0;0;2;1;-9,19322434;-64,25712682;"SPRF-RO";"DEL01-RO";"UOP02-DEL01-RO"
306332;2020-09-07;"segunda-feira";"06:10:00";"PE";232;13;"JABOATAO DOS GUARARAPES";"Não guardar distância de segurança";"Saída de leito carroçável";"Com Vítimas Feridas";"Pleno dia";"Crescente";"Nublado";"Dupla";"Reta";"Não";2;0;2;0;0;0;2;1;-8,08831567;-35,01203806;"SPRF-PE";"DEL01-PE";"UOP01-DEL01-PE"
306334;2020-09-07;"segunda-feira";"03:30:00";"MA";316;405,2;"ALTO ALEGRE DO MARANHAO";"Falta de Atenção à Condução";"Colisão traseira";"Com Vítimas Fatais";"Plena Noite";"Crescente";"Céu Claro";"Simples";"Reta";"Não";4;1;3;0;0;0;3;3;-4,239744;-44,439163;"SPRF-MA";"DEL03-MA";"UOP01-DEL03-MA"
306337;2020-09-07;"segunda-feira";"05:20:00";"MS";262;406,3;"TERENOS";"Animais na Pista";"Atropelamento de Animal";"Com Vítimas Feridas";"Amanhecer";"Decrescente";"Céu Claro";"Simples";"Declive;Reta";"Não";1;0;1;0;0;0;1;1;-20,432802;-55,080059;"SPRF-MS";"DEL01-MS";"UOP03-DEL01-MS"
306338;2020-09-07;"segunda-feira";"00:00:00";"SC";280;108;"SAO BENTO DO SUL";"Fenômenos da Natureza";"Tombamento";"Com Vítimas Feridas";"Plena Noite";"Crescente";"Nevoeiro/Neblina";"Simples";"Curva";"Não";4;0;1;0;3;0;1;1;-26,33485694;-49,37802919;"SPRF-SC";"DEL06-SC";"UOP03-DEL06-SC"
306339;2020-09-07;"segunda-feira";"06:52:00";"BA";101;723,4;"EUNAPOLIS";"Velocidade Incompatível";"Saída de leito carroçável";"Com Vítimas Feridas";"Pleno dia";"Decrescente";"Nublado";"Simples";"Curva";"Não";1;0;1;0;0;0;1;1;-16,42390094;-39,58305359;"SPRF-BA";"DEL09-BA";"UOP01-DEL09-BA"
306341;2020-09-06;"domingo";"19:30:00";"CE";116;167,4;"RUSSAS";"Animais na Pista";"Colisão traseira";"Com Vítimas Feridas";"Plena Noite";"Decrescente";"Céu Claro";"Simples";"Reta";"Não";4;0;4;0;0;0;4;2;-4,96888504;-38,00788193;"SPRF-CE";"DEL03-CE";"UOP01-DEL03-CE"
306342;2020-09-07;"segunda-feira";"07:00:00";"DF";40;6,9;"BRASILIA";"Condutor Dormindo";"Colisão lateral";"Com Vítimas Feridas";"Pleno dia";"Crescente";"Sol";"Dupla";"Reta";"Não";2;0;1;0;1;0;1;2;-16,029741;-47,978867;"SPRF-DF";"DEL01-DF";"UOP01-DEL01-DF"
306344;2020-09-07;"segunda-feira";"07:25:00";"RJ";101;475;"ANGRA DOS REIS";"Condutor Dormindo";"Saída de leito carroçável";"Com Vítimas Feridas";"Pleno dia";"Crescente";"Nublado";"Simples";"Curva";"Não";2;0;1;0;1;0;1;1;-22,99728004;-44,25271704;"SPRF-RJ";"DEL03-RJ";"UOP03-DEL03-RJ"
306345;2020-09-07;"segunda-feira";"07:50:00";"GO";60;374;"RIO VERDE";"Animais na Pista";"Atropelamento de Animal";"Com Vítimas Feridas";"Pleno dia";"Decrescente";"Céu Claro";"Dupla";"Reta";"Não";1;0;1;0;0;0;1;1;-17,7179;-50,8566;"SPRF-GO";"DEL04-GO";"UOP01-DEL04-GO"
306346;2020-09-06;"domingo";"20:25:00";"RO";425;143;"GUAJARA-MIRIM";"Desobediência às normas de trânsito pelo condutor";"Colisão lateral";"Com Vítimas Feridas";"Plena Noite";"Decrescente";"Céu Claro";"Dupla";"Reta";"Sim";2;0;1;0;0;1;1;2;-10,760793;-65,312408;"SPRF-RO";"DEL01-RO";"UOP03-DEL01-RO"
306347;2020-09-07;"segunda-feira";"08:00:00";"RJ";40;84;"DUQUE DE CAXIAS";"Velocidade Incompatível";"Tombamento";"Com Vítimas Feridas";"Pleno dia";"Crescente";"Céu Claro";"Dupla";"Curva";"Não";2;0;2;0;0;0;2;1;-22,52145512;-43,23707996;"SPRF-RJ";"DEL06-RJ";"UOP01-DEL06-RJ"
306348;2020-09-07;"segunda-feira";"08:25:00";"RN";304;296,3;"MACAIBA";"Desobediência às normas de trânsito pelo condutor";"Colisão lateral";"Com Vítimas Feridas";"Pleno dia";"Decrescente";"Céu Claro";"Simples";"Curva";"Sim";5;0;1;0;4;0;1;2;-5,86484905;-35,34931012;"SPRF-RN";"DEL01-RN";"UOP02-DEL01-RN"
306349;2020-09-07;"segunda-feira";"07:00:00";"BA";116;829;"VITORIA DA CONQUISTA";"Falta de Atenção à Condução";"Colisão lateral";"Com Vítimas Feridas";"Pleno dia";"Crescente";"Nublado";"Simples";"Reta";"Sim";2;0;1;0;1;0;1;2;-14,83285011;-40,83861386;"SPRF-BA";"DEL08-BA";"UOP01-DEL08-BA"
306351;2020-09-07;"segunda-feira";"09:30:00";"MG";40;618,5;"CONGONHAS";"Falta de Atenção à Condução";"Colisão traseira";"Com Vítimas Feridas";"Pleno dia";"Crescente";"Céu Claro";"Simples";"Reta";"Sim";6;0;2;1;2;1;3;4;-20,5615888;-43,81227278;"SPRF-MG";"DEL05-MG";"UOP02-DEL05-MG"
306352;2020-09-07;"segunda-feira";"10:00:00";"RN";101;55,4;"EXTREMOZ";"Falta de Atenção à Condução";"Capotamento";"Com Vítimas Feridas";"Pleno dia";"Decrescente";"Céu Claro";"Simples";"Reta";"Não";1;0;1;0;0;0;1;1;-5,58429462;-35,27976036;"SPRF-RN";"DEL02-RN";"UOP01-DEL02-RN"
306357;2020-09-07;"segunda-feira";"10:00:00";"SC";101;199;"SAO JOSE";"Velocidade Incompatível";"Queda de ocupante de veículo";"Com Vítimas Feridas";"Pleno dia";"Decrescente";"Chuva";"Dupla";"Reta";"Sim";2;0;1;0;1;0;1;1;-27,53413705;-48,63003205;"SPRF-SC";"DEL01-SC";"UOP01-DEL01-SC"
306358;2020-09-07;"segunda-feira";"10:30:00";"PA";222;245;"MARABA";"Falta de Atenção à Condução";"Queda de ocupante de veículo";"Com Vítimas Feridas";"Pleno dia";"Crescente";"Céu Claro";"Simples";"Declive";"Sim";2;0;1;0;1;0;1;2;-5,355886;-49,079418;"SPRF-PA";"DEL03-PA";"UOP01-DEL03-PA"
306361;2020-09-07;"segunda-feira";"11:00:00";"MG";267;138,6;"LIMA DUARTE";"Falta de Atenção à Condução";"Colisão transversal";"Com Vítimas Feridas";"Pleno dia";"Decrescente";"Céu Claro";"Simples";"Reta";"Não";5;0;2;0;3;0;2;2;-21,79071223;-43,67401443;"SPRF-MG";"DEL05-MG";"UOP01-DEL05-MG"
306362;2020-09-07;"segunda-feira";"10:30:00";"SP";116;46,9;"CANAS";"Defeito Mecânico no Veículo";"Incêndio";"Sem Vítimas";"Pleno dia";"Crescente";"Céu Claro";"Dupla";"Reta";"Não";1;0;0;0;1;0;0;1;-22,71393589;-45,05335608;"SPRF-SP";"DEL08-SP";"UOP01-DEL08-SP"
306363;2020-09-07;"segunda-feira";"10:35:00";"PI";343;329;"TERESINA";"Falta de Atenção à Condução";"Saída de leito carroçável";"Com Vítimas Fatais";"Pleno dia";"Crescente";"Sol";"Simples";"Curva";"Não";1;1;0;0;0;0;0;1;-5,06267773;-42,64495611;"SPRF-PI";"DEL01-PI";"UOP01-DEL01-PI"
306364;2020-09-07;"segunda-feira";"10:40:00";"ES";101;226,8;"FUNDAO";"Mal Súbito";"Saída de leito carroçável";"Com Vítimas Feridas";"Pleno dia";"Crescente";"Céu Claro";"Simples";"Reta";"Não";1;0;1;0;0;0;1;1;-19,90117299;-40,40897598;"SPRF-ES";"DEL02-ES";"UOP01-DEL02-ES"
306365;2020-09-07;"segunda-feira";"11:20:00";"CE";116;1;"FORTALEZA";"Não guardar distância de segurança";"Colisão traseira";"Com Vítimas Feridas";"Pleno dia";"Crescente";"Céu Claro";"Múltipla";"Viaduto";"Sim";2;0;1;0;1;0;1;2;-3,76159894;-38,51900662;"SPRF-CE";"DEL01-CE";"UOP02-DEL01-CE"
306367;2020-09-07;"segunda-feira";"09:00:00";"AL";101;227;"PORTO REAL DO COLEGIO";"Falta de Atenção à Condução";"Queda de ocupante de veículo";"Com Vítimas Feridas";"Pleno dia";"Crescente";"Céu Claro";"Dupla";"Reta;Declive";"Não";2;0;0;1;1;0;1;1;-10,10223548;-36,70934021;"SPRF-AL";"DEL02-AL";"UOP02-DEL02-AL"
306368;2020-09-07;"segunda-feira";"11:45:00";"RJ";116;134,8;"MAGE";"Falta de Atenção à Condução";"Colisão transversal";"Com Vítimas Fatais";"Pleno dia";"Decrescente";"Céu Claro";"Dupla";"Reta";"Sim";2;1;1;0;0;0;1;2;-22,65368834;-43,153534;"SPRF-RJ";"DEL04-RJ";"UOP02-DEL04-RJ"
306369;2020-09-07;"segunda-feira";"11:40:00";"SC";101;315;"TUBARAO";"Velocidade Incompatível";"Capotamento";"Sem Vítimas";"Pleno dia";"Crescente";"Chuva";"Dupla";"Ponte";"Não";1;0;0;0;1;0;0;1;-28,5436927;-49,0533301;"SPRF-SC";"DEL02-SC";"UOP01-DEL02-SC"
306371;2020-09-07;"segunda-feira";"12:30:00";"SC";101;193;"BIGUACU";"Pista Escorregadia";"Colisão com objeto estático";"Com Vítimas Feridas";"Pleno dia";"Crescente";"Chuva";"Múltipla";"Reta";"Não";2;0;1;0;1;0;1;1;-27,489574;-48,655914;"SPRF-SC";"DEL01-SC";"UOP01-DEL01-SC"
306372;2020-09-07;"segunda-feira";"12:20:00";"SE";101;21,8;"MALHADA DOS BOIS";"Pista Escorregadia";"Saída de leito carroçável";"Com Vítimas Feridas";"Pleno dia";"Crescente";"Chuva";"Dupla";"Reta";"Não";3;0;3;0;0;0;3;1;-10,36933692;-36,91236318;"SPRF-SE";"DEL02-SE";"UOP02-DEL02-SE"
306373;2020-09-07;"segunda-feira";"12:40:00";"RS";290;47,8;"GLORINHA";"Pista Escorregadia";"Saída de leito carroçável";"Com Vítimas Feridas";"Pleno dia";"Crescente";"Chuva";"Múltipla";"Reta";"Não";3;0;1;0;2;0;1;1;-29,897776;-50,737019;"SPRF-RS";"DEL03-RS";"UOP01-DEL03-RS"
306375;2020-09-07;"segunda-feira";"12:25:00";"RS";285;265,9;"MATO CASTELHANO";"Velocidade Incompatível";"Saída de leito carroçável";"Com Vítimas Feridas";"Pleno dia";"Crescente";"Chuva";"Simples";"Curva";"Não";2;0;1;0;1;0;1;1;-28,30312;-52,127029;"SPRF-RS";"DEL08-RS";"UOP03-DEL08-RS"
306376;2020-09-07;"segunda-feira";"11:50:00";"RJ";101;294;"ITABORAI";"Falta de Atenção à Condução";"Colisão lateral";"Sem Vítimas";"Pleno dia";"Crescente";"Céu Claro";"Simples";"Reta";"Sim";3;0;0;0;2;1;0;2;-22,7584434;-42,89502344;"SPRF-RJ";"DEL02-RJ";"UOP02-DEL02-RJ"
306377;2020-09-07;"segunda-feira";"12:55:00";"GO";70;14,2;"AGUAS LINDAS DE GOIAS";"Falta de Atenção à Condução";"Colisão traseira";"Sem Vítimas";"Pleno dia";"Crescente";"Céu Claro";"Dupla";"Reta";"Sim";5;0;0;0;5;0;0;2;-15,75117968;-48,3251492;"SPRF-DF";"DEL03-DF";"UOP02-DEL03-DF"
306379;2020-09-07;"segunda-feira";"13:20:00";"BA";101;260,9;"SANTO ANTONIO DE JESUS";"Falta de Atenção à Condução";"Colisão com objeto estático";"Com Vítimas Feridas";"Pleno dia";"Crescente";"Nublado";"Simples";"Reta";"Sim";1;0;1;0;0;0;1;1;-13,06514836;-39,27837343;"SPRF-BA";"DEL01-BA";"UOP02-DEL01-BA"
306380;2020-09-07;"segunda-feira";"13:20:00";"PE";232;407;"SERRA TALHADA";"Desobediência às normas de trânsito pelo condutor";"Colisão com objeto estático";"Com Vítimas Fatais";"Pleno dia";"Crescente";"Céu Claro";"Simples";"Curva";"Sim";1;1;0;0;0;0;0;1;-7,9854402;-38,27148304;"SPRF-PE";"DEL04-PE";"UOP01-DEL04-PE"
306382;2020-09-07;"segunda-feira";"10:25:00";"SC";470;165;"POUSO REDONDO";"Falta de Atenção à Condução";"Saída de leito carroçável";"Com Vítimas Feridas";"Pleno dia";"Crescente";"Chuva";"Simples";"Reta";"Não";1;0;0;1;0;0;1;1;-27,27663;-49,845661;"SPRF-SC";"DEL04-SC";"UOP02-DEL04-SC"
306384;2020-09-07;"segunda-feira";"11:00:00";"SC";470;191;"POUSO REDONDO";"Velocidade Incompatível";"Colisão traseira";"Com Vítimas Feridas";"Pleno dia";"Decrescente";"Chuva";"Simples";"Reta";"Não";4;0;2;0;2;0;2;2;-27,284445;-50,07766;"SPRF-SC";"DEL04-SC";"UOP02-DEL04-SC"
306385;2020-09-07;"segunda-feira";"13:55:00";"PR";376;633,6;"SAO JOSE DOS PINHAIS";"Velocidade Incompatível";"Colisão traseira";"Com Vítimas Feridas";"Pleno dia";"Crescente";"Sol";"Dupla";"Reta";"Não";3;0;0;2;1;0;2;2;-25,72171791;-49,13663976;"SPRF-PR";"DEL01-PR";"UOP04-DEL01-PR"
306386;2020-09-07;"segunda-feira";"13:20:00";"PR";116;109;"CURITIBA";"Falta de Atenção à Condução";"Colisão com objeto estático";"Com Vítimas Feridas";"Pleno dia";"Crescente";"Céu Claro";"Simples";"Reta";"Sim";2;0;2;0;0;0;2;1;-25,57140489;-49,20748999;"SPRF-PR";"DEL01-PR";"UOP01-DEL01-PR"
306387;2020-09-07;"segunda-feira";"13:10:00";"SC";282;58;"RANCHO QUEIMADO";"Pista Escorregadia";"Saída de leito carroçável";"Sem Vítimas";"Pleno dia";"Crescente";"Chuva";"Simples";"Curva";"Não";1;0;0;0;1;0;0;1;-27,683594;-49,005539;"SPRF-SC";"DEL01-SC";"UOP03-DEL01-SC"
306388;2020-09-07;"segunda-feira";"14:00:00";"ES";101;125;"SOORETAMA";"Falta de Atenção à Condução";"Colisão lateral";"Com Vítimas Feridas";"Pleno dia";"Crescente";"Céu Claro";"Dupla";"Interseção de Vias";"Sim";5;0;1;0;4;0;1;2;-19,18496498;-40,09429827;"SPRF-ES";"DEL04-ES";"UOP01-DEL04-ES"
306389;2020-09-07;"segunda-feira";"13:18:00";"DF";20;6;"BRASILIA";"Defeito Mecânico no Veículo";"Capotamento";"Com Vítimas Feridas";"Pleno dia";"Decrescente";"Céu Claro";"Dupla";"Reta";"Sim";1;0;0;1;0;0;1;1;-15,665888;-47,808308;"SPRF-DF";"DEL02-DF";"UOP01-DEL02-DF"
306393;2020-09-07;"segunda-feira";"14:25:00";"PR";476;91;"BOCAIUVA DO SUL";"Desobediência às normas de trânsito pelo condutor";"Colisão lateral";"Com Vítimas Feridas";"Pleno dia";"Crescente";"Céu Claro";"Simples";"Curva";"Não";3;0;1;0;2;0;1;2;-25,197294;-49,110645;"SPRF-PR";"DEL01-PR";"UOP02-DEL01-PR"
306394;2020-09-07;"segunda-feira";"14:50:00";"RS";101;7,2;"OSORIO";"Pista Escorregadia";"Saída de leito carroçável";"Com Vítimas Feridas";"Pleno dia";"Decrescente";"Chuva";"Dupla";"Reta";"Não";1;0;1;0;0;0;1;1;-29,896801;-50,347134;"SPRF-RS";"DEL03-RS";"UOP02-DEL03-RS"
306395;2020-09-07;"segunda-feira";"14:40:00";"PR";277;584,7;"CASCAVEL";"Falta de Atenção à Condução";"Tombamento";"Com Vítimas Feridas";"Pleno dia";"Decrescente";"Sol";"Simples";"Reta";"Sim";1;0;1;0;0;0;1;1;-24,96684176;-53,40258186;"SPRF-PR";"DEL04-PR";"UOP01-DEL04-PR"
306397;2020-09-07;"segunda-feira";"14:45:00";"PI";316;8;"TERESINA";"Não guardar distância de segurança";"Colisão traseira";"Sem Vítimas";"Pleno dia";"Decrescente";"Sol";"Dupla";"Reta";"Sim";2;0;0;0;2;0;0;2;-5,16483402;-42,76899508;"SPRF-PI";"DEL01-PI";"UOP02-DEL01-PI"
306398;2020-09-07;"segunda-feira";"15:15:00";"SP";116;303,9;"SAO LOURENCO DA SERRA";"Ingestão de Álcool";"Saída de leito carroçável";"Sem Vítimas";"Pleno dia";"Decrescente";"Céu Claro";"Dupla";"Declive";"Não";5;0;0;0;5;0;0;1;-23,82760675;-46,92631345;"SPRF-SP";"DEL04-SP";"UOP01-DEL04-SP"
306399;2020-09-07;"segunda-feira";"15:00:00";"GO";153;434;"ANAPOLIS";"Falta de Atenção à Condução";"Colisão traseira";"Com Vítimas Feridas";"Pleno dia";"Decrescente";"Sol";"Dupla";"Reta";"Sim";2;0;1;0;1;0;1;2;-16,275604;-48,967766;"SPRF-GO";"DEL02-GO";"UOP01-DEL02-GO"
306400;2020-09-07;"segunda-feira";"12:45:00";"SC";282;301,1;"VARGEM";"Pista Escorregadia";"Capotamento";"Sem Vítimas";"Pleno dia";"Crescente";"Chuva";"Simples";"Curva";"Não";1;0;0;0;1;0;0;1;-27,51009845;-50,92472076;"SPRF-SC";"DEL07-SC";"UOP06-DEL07-SC"
306401;2020-09-07;"segunda-feira";"15:20:00";"PR";277;107;"CAMPO LARGO";"Defeito Mecânico no Veículo";"Queda de ocupante de veículo";"Com Vítimas Feridas";"Pleno dia";"Decrescente";"Céu Claro";"Dupla";"Reta;Aclive";"Não";1;0;1;0;0;0;1;1;-25,47157895;-49,35341791;"SPRF-PR";"DEL01-PR";"UOP01-DEL01-PR"
306402;2020-09-07;"segunda-feira";"15:30:00";"PB";101;83;"BAYEUX";"Velocidade Incompatível";"Engavetamento";"Com Vítimas Feridas";"Pleno dia";"Crescente";"Céu Claro";"Dupla";"Reta";"Sim";6;0;1;0;5;0;1;5;-7,1337703;-34,92963914;"SPRF-PB";"DEL01-PB";"UOP01-DEL01-PB"
306403;2020-09-07;"segunda-feira";"13:35:00";"SC";282;223,6;"LAGES";"Velocidade Incompatível";"Engavetamento";"Com Vítimas Feridas";"Pleno dia";"Decrescente";"Chuva";"Simples";"Reta";"Sim";6;0;4;0;2;0;4;3;-27,79861122;-50,3654713;"SPRF-SC";"DEL05-SC";"UOP02-DEL05-SC"
306406;2020-09-07;"segunda-feira";"15:40:00";"MG";381;535;"ITATIAIUCU";"Velocidade Incompatível";"Colisão com objeto estático";"Com Vítimas Feridas";"Pleno dia";"Decrescente";"Céu Claro";"Simples";"Curva";"Não";4;0;1;0;3;0;1;1;-20,21567611;-44,39359676;"SPRF-MG";"DEL04-MG";"UOP03-DEL04-MG"
306407;2020-09-07;"segunda-feira";"12:15:00";"PR";0;0;"GUAIRA";"Defeito na Via";"Saída de leito carroçável";"Sem Vítimas";"Pleno dia";"Não Informado";"Nublado";"Simples";"Curva";"Não";2;0;0;0;2;0;0;1;-24,32174;-54,179581;"SPRF-PR";"DEL06-PR";"N/A"
306408;2020-09-07;"segunda-feira";"15:40:00";"GO";153;502,1;"GOIANIA";"Falta de Atenção à Condução";"Colisão com objeto estático";"Sem Vítimas";"Pleno dia";"Decrescente";"Céu Claro";"Múltipla";"Reta";"Sim";2;0;0;0;0;2;0;2;-16,72044863;-49,23858427;"SPRF-GO";"DEL01-GO";"UOP01-DEL01-GO"
306409;2020-09-07;"segunda-feira";"15:00:00";"MS";60;179;"CAMAPUA";"Falta de Atenção à Condução";"Saída de leito carroçável";"Com Vítimas Feridas";"Pleno dia";"Decrescente";"Céu Claro";"Dupla";"Reta";"Não";1;0;1;0;0;0;1;1;-19,5247644;-53,89640784;"SPRF-MS";"DEL06-MS";"UOP02-DEL06-MS"
306410;2020-09-07;"segunda-feira";"14:20:00";"RS";386;204,8;"VICTOR GRAEFF";"Não guardar distância de segurança";"Engavetamento";"Com Vítimas Feridas";"Pleno dia";"Decrescente";"Nublado";"Simples";"Reta";"Não";8;0;2;0;6;0;2;3;-28,491056;-52,645966;"SPRF-RS";"DEL04-RS";"UOP03-DEL04-RS"
306411;2020-09-07;"segunda-feira";"16:00:00";"PB";101;86;"JOAO PESSOA";"Não guardar distância de segurança";"Colisão traseira";"Com Vítimas Feridas";"Pleno dia";"Decrescente";"Céu Claro";"Dupla";"Reta";"Sim";2;0;1;0;1;0;1;2;-7,15660798;-34,90705669;"SPRF-PB";"DEL01-PB";"UOP01-DEL01-PB"
306413;2020-09-07;"segunda-feira";"15:30:00";"ES";101;272;"SERRA";"Falta de Atenção à Condução";"Tombamento";"Com Vítimas Feridas";"Pleno dia";"Decrescente";"Céu Claro";"Múltipla";"Reta";"Sim";2;0;2;0;0;0;2;1;-20,22724888;-40,28426988;"SPRF-ES";"DEL02-ES";"UOP01-DEL02-ES"
306414;2020-09-07;"segunda-feira";"15:30:00";"MS";262;385,8;"TERENOS";"Desobediência às normas de trânsito pelo condutor";"Engavetamento";"Sem Vítimas";"Pleno dia";"Crescente";"Sol";"Simples";"Reta";"Não";4;0;0;0;4;0;0;3;-20,431633;-54,889738;"SPRF-MS";"DEL01-MS";"UOP03-DEL01-MS"
306415;2020-09-07;"segunda-feira";"13:00:00";"RO";425;134;"GUAJARA-MIRIM";"Defeito Mecânico no Veículo";"Tombamento";"Com Vítimas Feridas";"Pleno dia";"Decrescente";"Nublado";"Simples";"Reta";"Não";2;0;0;2;0;0;2;1;-10,694802;-65,272079;"SPRF-RO";"DEL01-RO";"UOP03-DEL01-RO"
306416;2020-09-07;"segunda-feira";"16:24:00";"PE";232;10,4;"JABOATAO DOS GUARARAPES";"Não guardar distância de segurança";"Colisão traseira";"Com Vítimas Feridas";"Pleno dia";"Decrescente";"Céu Claro";"Dupla";"Declive;Reta";"Sim";3;0;0;1;2;0;1;3;-8,07917241;-34,98718609;"SPRF-PE";"DEL01-PE";"UOP01-DEL01-PE"
306418;2020-09-07;"segunda-feira";"16:45:00";"ES";262;38,1;"DOMINGOS MARTINS";"Falta de Atenção à Condução";"Colisão transversal";"Com Vítimas Feridas";"Pleno dia";"Crescente";"Nublado";"Simples";"Interseção de Vias";"Sim";6;0;4;0;2;0;4;2;-20,38085315;-40,62068704;"SPRF-ES";"DEL01-ES";"UOP01-DEL01-ES"
306419;2020-09-07;"segunda-feira";"17:00:00";"PB";230;92;"GURINHEM";"Defeito Mecânico no Veículo";"Queda de ocupante de veículo";"Com Vítimas Feridas";"Anoitecer";"Crescente";"Céu Claro";"Dupla";"Reta";"Não";2;0;1;0;1;0;1;1;-7,176;-35,4098;"SPRF-PB";"DEL01-PB";"UOP03-DEL01-PB"
306420;2020-09-07;"segunda-feira";"16:40:00";"MG";381;487,9;"BETIM";"Não guardar distância de segurança";"Engavetamento";"Com Vítimas Feridas";"Pleno dia";"Decrescente";"Céu Claro";"Dupla";"Reta";"Sim";7;0;3;0;4;0;3;4;-19,95586853;-44,14609501;"SPRF-MG";"DEL01-MG";"UOP03-DEL01-MG"
306421;2020-09-07;"segunda-feira";"17:15:00";"RN";101;82;"NATAL";"Desobediência às normas de trânsito pelo condutor";"Colisão lateral";"Com Vítimas Feridas";"Plena Noite";"Decrescente";"Céu Claro";"Simples";"Reta";"Sim";3;0;0;1;2;0;1;2;-5,76791511;-35,27456305;"SPRF-RN";"DEL02-RN";"UOP01-DEL02-RN"
306422;2020-09-07;"segunda-feira";"17:00:00";"PR";376;632;"SAO JOSE DOS PINHAIS";"Ingestão de Álcool";"Colisão traseira";"Sem Vítimas";"Pleno dia";"Crescente";"Nublado";"Dupla";"Reta";"Não";2;0;0;0;2;0;0;2;-25,71305887;-49,13941456;"SPRF-PR";"DEL01-PR";"UOP04-DEL01-PR"
306423;2020-09-07;"segunda-feira";"17:00:00";"MG";116;512;"UBAPORANGA";"Ingestão de Álcool";"Colisão traseira";"Com Vítimas Feridas";"Pleno dia";"Decrescente";"Céu Claro";"Simples";"Reta";"Não";2;0;1;0;1;0;1;2;-19,66095102;-42,11695495;"SPRF-MG";"DEL06-MG";"UOP02-DEL06-MG"
306427;2020-09-06;"domingo";"00:00:00";"MA";10;58;"CAROLINA";"Falta de Atenção à Condução";"Tombamento";"Com Vítimas Fatais";"Plena Noite";"Decrescente";"Céu Claro";"Simples";"Reta";"Não";1;1;0;0;0;0;0;1;-7,140197;-47,416622;"SPRF-MA";"DEL04-MA";"UOP02-DEL04-MA"
306429;2020-09-07;"segunda-feira";"17:10:00";"GO";70;11,2;"AGUAS LINDAS DE GOIAS";"Ingestão de Álcool";"Colisão traseira";"Com Vítimas Feridas";"Pleno dia";"Decrescente";"Sol";"Múltipla";"Reta";"Sim";2;0;1;0;1;0;1;2;-15,73877614;-48,30124288;"SPRF-DF";"DEL03-DF";"UOP02-DEL03-DF"
306430;2020-09-07;"segunda-feira";"17:50:00";"CE";20;412;"MARACANAU";"Desobediência às normas de trânsito pelo condutor";"Colisão transversal";"Com Vítimas Feridas";"Anoitecer";"Crescente";"Céu Claro";"Dupla";"Reta";"Sim";5;0;1;0;4;0;1;2;-3,81151319;-38,63647353;"SPRF-CE";"DEL01-CE";"UOP01-DEL01-CE"
306431;2020-09-07;"segunda-feira";"17:29:00";"RS";290;79,9;"GRAVATAI";"Pista Escorregadia";"Saída de leito carroçável";"Sem Vítimas";"Anoitecer";"Crescente";"Chuva";"Múltipla";"Reta";"Não";3;0;0;0;3;0;0;1;-29,952908;-51,048054;"SPRF-RS";"DEL01-RS";"UOP01-DEL01-RS"
306432;2020-09-07;"segunda-feira";"17:30:00";"RN";101;104;"PARNAMIRIM";"Ingestão de álcool e/ou substâncias psicoativas pelo pedestre";"Colisão com objeto estático";"Com Vítimas Feridas";"Anoitecer";"Decrescente";"Céu Claro";"Dupla";"Reta";"Sim";1;0;1;0;0;0;1;1;-5,892745;-35,257225;"SPRF-RN";"DEL01-RN";"UOP01-DEL01-RN"
306433;2020-07-23;"quinta-feira";"22:04:00";"MT";174;4;"PONTES E LACERDA";"Falta de Atenção à Condução";"Queda de ocupante de veículo";"Com Vítimas Feridas";"Plena Noite";"Crescente";"Céu Claro";"Simples";"Reta";"Sim";1;0;0;1;0;0;1;1;-15,23824;-59,3387;"SPRF-MT";"DEL03-MT";"UOP01-DEL03-MT"
306434;2020-09-07;"segunda-feira";"16:00:00";"PB";230;171;"CAMPINA GRANDE";"Não guardar distância de segurança";"Engavetamento";"Sem Vítimas";"Pleno dia";"Decrescente";"Céu Claro";"Simples";"Reta";"Sim";3;0;0;0;3;0;0;3;-7,18;-35,9938;"SPRF-PB";"DEL02-PB";"UOP02-DEL02-PB"