"id";"data_inversa";"dia_semana";"horario";"uf";"br";"km";"municipio";"causa_acidente";"tipo_acidente";"classificacao_acidente";"fase_dia";"sentido_via";"condicao_metereologica";"tipo_pista";"tracado_via";"uso_solo";"pessoas";"mortos";"feridos_leves";"feridos_graves";"ilesos";"ignorados";"feridos";"veiculos";"latitude";"longitude";"regional";"delegacia";"uop"
306781;2020-02-22;"sábado";"22:00:00";"MG";365;162;"PIRAPORA";"Desobediência às normas de trânsito pelo condutor";"Colisão transversal";"Com Vítimas Feridas";"Plena Noite";"Crescente";"Ignorado";"Simples";"Reta";"Sim";2;0;0;1;1;0;1;2;-17,366379;-44,93767;"SPRF-MG";"DEL12-MG";"UOP01-DEL12-MG"
306782;2020-03-14;"sábado";"20:00:00";"MT";163;667;"LUCAS DO RIO VERDE";"Falta de Atenção à Condução";"Saída de leito carroçável";"Com Vítimas Feridas";"Plena Noite";"Crescente";"Chuva";"Simples";"Reta";"Não";1;0;1;0;0;0;1;1;-13,34792085;-56,05872433;"SPRF-MT";"DEL06-MT";"UOP01-DEL06-MT"
306783;2020-09-09;"quarta-feira";"10:00:00";"DF";70;2;"BRASILIA";"Não guardar distância de segurança";"Colisão traseira";"Com Vítimas Feridas";"Pleno dia";"Decrescente";"Céu Claro";"Dupla";"Reta";"Não";8;0;3;0;5;0;3;4;-15,798048;-48,073235;"SPRF-DF";"DEL03-DF";"UOP02-DEL03-DF"
306784;2020-09-06;"domingo";"14:55:00";"SC";470;156,4;"TROMBUDO CENTRAL";"Animais na Pista";"Atropelamento de Animal";"Com Vítimas Feridas";"Pleno dia";"Decrescente";"Céu Claro";"Simples";"Curva";"Não";1;0;1;0;0;0;1;1;-27,281332;-49,760201;"SPRF-SC";"DEL04-SC";"UOP02-DEL04-SC"
306785;2020-09-09;"quarta-feira";"10:55:00";"RN";304;304;"PARNAMIRIM";"Pista Escorregadia";"Tombamento";"Com Vítimas Feridas";"Pleno dia";"Decrescente";"Chuva";"Dupla";"Reta";"Sim";1;0;1;0;0;0;1;1;-5,88497076;-35,28078192;"SPRF-RN";"DEL01-RN";"UOP02-DEL01-RN"
306786;2020-09-09;"quarta-feira";"10:20:00";"AL";101;75,8;"RIO LARGO";"Defeito na Via";"Colisão com objeto estático";"Com Vítimas Feridas";"Pleno dia";"Crescente";"Chuva";"Dupla";"Reta";"Sim";4;0;1;0;3;0;1;1;-9,40436484;-35,83998111;"SPRF-AL";"DEL01-AL";"UOP01-DEL01-AL"
306788;2020-09-09;"quarta-feira";"11:05:00";"ES";262;46;"MARECHAL FLORIANO";"Desobediência às normas de trânsito pelo condutor";"Colisão transversal";"Com Vítimas Feridas";"Pleno dia";"Crescente";"Céu Claro";"Simples";"Interseção de Vias";"Sim";3;0;0;1;2;0;1;2;-20,40565705;-40,67280081;"SPRF-ES";"DEL01-ES";"UOP01-DEL01-ES"
306790;2020-09-09;"quarta-feira";"10:50:00";"RN";101;97;"NATAL";"Falta de Atenção à Condução";"Colisão traseira";"Sem Vítimas";"Pleno dia";"Decrescente";"Chuva";"Múltipla";"Reta";"Sim";2;0;0;0;2;0;0;2;-5,85758898;-35,21271205;"SPRF-RN";"DEL01-RN";"UOP01-DEL01-RN"
306805;2020-09-09;"quarta-feira";"11:53:00";"TO";153;116;"WANDERLANDIA";"Falta de Atenção à Condução";"Colisão lateral";"Com Vítimas Fatais";"Pleno dia";"Decrescente";"Céu Claro";"Simples";"Reta";"Não";2;1;0;0;1;0;0;2;-7,00287492;-48,09810744;"SPRF-TO";"DEL02-TO";"UOP01-DEL02-TO"
306808;2020-09-09;"quarta-feira";"08:30:00";"PE";232;16,2;"JABOATAO DOS GUARARAPES";"Condutor Dormindo";"Saída de leito carroçável";"Com Vítimas Feridas";"Pleno dia";"Decrescente";"Sol";"Dupla";"Reta";"Não";4;0;2;0;2;0;2;1;-8,094344;-35,039554;"SPRF-PE";"DEL01-PE";"UOP01-DEL01-PE"
306810;2020-09-09;"quarta-feira";"12:30:00";"GO";364;308,6;"MINEIROS";"Ultrapassagem Indevida";"Colisão traseira";"Sem Vítimas";"Pleno dia";"Crescente";"Céu Claro";"Simples";"Reta";"Não";2;0;0;0;2;0;0;2;-17,498772;-52,543625;"SPRF-GO";"DEL05-GO";"UOP01-DEL05-GO"
306811;2020-09-09;"quarta-feira";"11:50:00";"PB";230;132,1;"CAMPINA GRANDE";"Falta de Atenção à Condução";"Saída de leito carroçável";"Com Vítimas Feridas";"Pleno dia";"Decrescente";"Chuva";"Dupla";"Curva";"Não";2;0;2;0;0;0;2;1;-7,2774;-35,7367;"SPRF-PB";"DEL02-PB";"UOP01-DEL02-PB"
306814;2020-09-09;"quarta-feira";"12:00:00";"MG";40;531;"BELO HORIZONTE";"Falta de Atenção à Condução";"Queda de ocupante de veículo";"Com Vítimas Feridas";"Pleno dia";"Crescente";"Céu Claro";"Dupla";"Curva";"Sim";1;0;1;0;0;0;1;1;-19,91962483;-44,02522683;"SPRF-MG";"DEL01-MG";"UOP02-DEL01-MG"
306815;2020-09-09;"quarta-feira";"11:20:00";"RJ";101;443;"MANGARATIBA";"Falta de Atenção à Condução";"Colisão lateral";"Sem Vítimas";"Pleno dia";"Crescente";"Céu Claro";"Simples";"Curva";"Não";4;0;0;0;4;0;0;2;-22,98107919;-44,08441596;"SPRF-RJ";"DEL03-RJ";"UOP03-DEL03-RJ"
306816;2020-09-09;"quarta-feira";"07:40:00";"SC";101;316;"PESCARIA BRAVA";"Falta de Atenção à Condução";"Saída de leito carroçável";"Com Vítimas Feridas";"Pleno dia";"Crescente";"Chuva";"Múltipla";"Curva;Declive";"Sim";1;0;1;0;0;0;1;1;-28,42525984;-48,85766029;"SPRF-SC";"DEL02-SC";"UOP01-DEL02-SC"
306817;2020-09-09;"quarta-feira";"12:50:00";"MG";365;61,3;"JEQUITAI";"Desobediência às normas de trânsito pelo condutor";"Capotamento";"Com Vítimas Feridas";"Pleno dia";"Decrescente";"Sol";"Simples";"Curva";"Não";2;0;2;0;0;0;2;1;-17,0184081;-44,29681554;"SPRF-MG";"DEL12-MG";"UOP01-DEL12-MG"
306818;2020-07-12;"domingo";"17:30:00";"MA";135;2;"SAO LUIS";"Ingestão de Álcool";"Colisão lateral";"Sem Vítimas";"Pleno dia";"Decrescente";"Céu Claro";"Dupla";"Reta";"Sim";2;0;0;0;1;1;0;2;-2,59806699;-44,24573511;"SPRF-MA";"DEL01-MA";"UOP01-DEL01-MA"
306819;2020-09-05;"sábado";"08:45:00";"PR";277;460;"LARANJEIRAS DO SUL";"Falta de Atenção à Condução";"Saída de leito carroçável";"Com Vítimas Feridas";"Pleno dia";"Decrescente";"Céu Claro";"Simples";"Reta";"Não";3;0;1;1;0;1;2;2;-25,37450002;-52,43747803;"SPRF-PR";"DEL04-PR";"UOP02-DEL04-PR"
306820;2020-09-09;"quarta-feira";"11:20:00";"MA";10;268,2;"IMPERATRIZ";"Ultrapassagem Indevida";"Saída de leito carroçável";"Com Vítimas Feridas";"Pleno dia";"Crescente";"Sol";"Simples";"Reta;Aclive";"Não";5;0;3;0;2;0;3;2;-5,391136;-47,473698;"SPRF-MA";"DEL04-MA";"UOP01-DEL04-MA"
306821;2020-09-09;"quarta-feira";"13:30:00";"GO";70;308;"JUSSARA";"Desobediência às normas de trânsito pelo condutor";"Colisão lateral";"Com Vítimas Feridas";"Pleno dia";"Crescente";"Céu Claro";"Simples";"Interseção de Vias";"Sim";4;0;1;0;3;0;1;2;-15,87301143;-50,84936142;"SPRF-GO";"DEL04-GO";"UOP01-DEL04-GO"
306823;2020-09-09;"quarta-feira";"13:25:00";"RJ";393;244,2;"VASSOURAS";"Falta de Atenção à Condução";"Queda de ocupante de veículo";"Com Vítimas Feridas";"Pleno dia";"Crescente";"Céu Claro";"Simples";"Reta";"Não";1;0;1;0;0;0;1;1;-22,42799046;-43,70899806;"SPRF-RJ";"DEL05-RJ";"UOP04-DEL05-RJ"
306825;2020-09-09;"quarta-feira";"14:00:00";"SP";381;34;"ATIBAIA";"Falta de Atenção à Condução";"Capotamento";"Com Vítimas Feridas";"Pleno dia";"Crescente";"Céu Claro";"Dupla";"Reta";"Não";1;0;1;0;0;0;1;1;-23,079939;-46,569862;"SPRF-SP";"DEL03-SP";"UOP01-DEL03-SP"
306827;2020-09-09;"quarta-feira";"14:20:00";"AL";101;57,4;"MESSIAS";"Pista Escorregadia";"Colisão com objeto estático";"Com Vítimas Feridas";"Pleno dia";"Crescente";"Chuva";"Dupla";"Reta";"Não";2;0;1;0;0;1;1;1;-9,2726282;-35,79226676;"SPRF-AL";"DEL01-AL";"UOP02-DEL01-AL"
306829;2020-08-05;"quarta-feira";"10:25:00";"RS";116;520,9;"PELOTAS";"Desobediência às normas de trânsito pelo condutor";"Colisão transversal";"Com Vítimas Feridas";"Pleno dia";"Crescente";"Sol";"Simples";"Rotatória";"Não";2;0;1;0;1;0;1;2;-31,70060621;-52,36130079;"SPRF-RS";"DEL07-RS";"UOP01-DEL07-RS"
306831;2020-09-09;"quarta-feira";"14:50:00";"PR";277;80,6;"CURITIBA";"Falta de Atenção à Condução";"Colisão traseira";"Com Vítimas Feridas";"Pleno dia";"Decrescente";"Céu Claro";"Dupla";"Reta;Em Obras";"Sim";2;0;0;1;1;0;1;2;-25,568939;-49,181978;"SPRF-PR";"DEL01-PR";"UOP01-DEL01-PR"
306833;2020-01-19;"domingo";"13:30:00";"PI";316;1;"TERESINA";"Ultrapassagem Indevida";"Colisão traseira";"Com Vítimas Feridas";"Pleno dia";"Decrescente";"Nublado";"Dupla";"Rotatória";"Sim";2;0;1;0;1;0;1;2;-5,12861853;-42,80706778;"SPRF-PI";"DEL01-PI";"UOP02-DEL01-PI"
306834;2020-09-09;"quarta-feira";"15:05:00";"RJ";116;47,5;"TERESOPOLIS";"Falta de Atenção à Condução";"Colisão transversal";"Com Vítimas Feridas";"Pleno dia";"Crescente";"Céu Claro";"Simples";"Reta";"Não";3;0;2;0;0;1;2;2;-22,17103381;-42,8313391;"SPRF-RJ";"DEL04-RJ";"UOP01-DEL04-RJ"
306835;2020-09-09;"quarta-feira";"15:10:00";"PR";376;219,4;"JANDAIA DO SUL";"Mal Súbito";"Saída de leito carroçável";"Com Vítimas Feridas";"Pleno dia";"Crescente";"Sol";"Simples";"Reta";"Sim";1;0;1;0;0;0;1;1;-23,59805329;-51,60575514;"SPRF-PR";"DEL09-PR";"UOP01-DEL09-PR"
306837;2020-09-09;"quarta-feira";"10:00:00";"MG";267;180,6;"OLARIA";"Animais na Pista";"Atropelamento de Animal";"Com Vítimas Feridas";"Pleno dia";"Crescente";"Céu Claro";"Simples";"Reta";"Não";2;0;1;1;0;0;2;2;-21,88971907;-43,94989589;"SPRF-MG";"DEL05-MG";"UOP01-DEL05-MG"
306838;2020-09-09;"quarta-feira";"15:02:00";"PR";277;725,1;"FOZ DO IGUACU";"Falta de Atenção à Condução";"Colisão traseira";"Com Vítimas Feridas";"Pleno dia";"Decrescente";"Céu Claro";"Múltipla";"Reta";"Sim";3;0;1;0;2;0;1;2;-25,50579168;-54,5429939;"SPRF-PR";"DEL05-PR";"UOP03-DEL05-PR"
306839;2020-09-09;"quarta-feira";"15:10:00";"MG";262;486,5;"BOM DESPACHO";"Avarias e/ou desgaste excessivo no pneu";"Saída de leito carroçável";"Com Vítimas Feridas";"Pleno dia";"Crescente";"Céu Claro";"Simples";"Declive";"Não";2;0;2;0;0;0;2;1;-19,78610881;-45,30392798;"SPRF-MG";"DEL08-MG";"UOP03-DEL08-MG"
306841;2020-09-09;"quarta-feira";"16:00:00";"MG";381;492,3;"BETIM";"Falta de Atenção do Pedestre";"Colisão lateral";"Com Vítimas Feridas";"Pleno dia";"Decrescente";"Céu Claro";"Dupla";"Reta";"Sim";2;0;1;0;1;0;1;2;-19,97490091;-44,19004301;"SPRF-MG";"DEL01-MG";"UOP03-DEL01-MG"
306842;2020-09-09;"quarta-feira";"16:05:00";"SP";116;445,8;"REGISTRO";"Falta de Atenção à Condução";"Colisão lateral";"Com Vítimas Feridas";"Pleno dia";"Crescente";"Céu Claro";"Dupla";"Reta";"Sim";2;0;1;0;1;0;1;2;-24,49790715;-47,84208686;"SPRF-SP";"DEL05-SP";"UOP01-DEL05-SP"
306843;2020-09-09;"quarta-feira";"16:40:00";"MG";381;492;"BETIM";"Não guardar distância de segurança";"Colisão traseira";"Com Vítimas Feridas";"Pleno dia";"Decrescente";"Céu Claro";"Dupla";"Reta";"Sim";2;0;1;0;1;0;1;2;-19,97490091;-44,19004301;"SPRF-MG";"DEL01-MG";"UOP03-DEL01-MG"
306844;2020-09-09;"quarta-feira";"16:34:00";"RJ";101;484;"ANGRA DOS REIS";"Desobediência às normas de trânsito pelo condutor";"Colisão traseira";"Com Vítimas Feridas";"Pleno dia";"Crescente";"Céu Claro";"Simples";"Curva";"Sim";4;0;2;0;2;0;2;2;-22,99096308;-44,30429882;"SPRF-RJ";"DEL03-RJ";"UOP03-DEL03-RJ"
306845;2020-09-09;"quarta-feira";"16:30:00";"MG";459;82,3;"CONGONHAL";"Ingestão de Álcool";"Colisão traseira";"Com Vítimas Feridas";"Pleno dia";"Crescente";"Céu Claro";"Simples";"Reta";"Sim";3;0;1;1;0;1;2;2;-22,152515;-46,058072;"SPRF-MG";"DEL09-MG";"UOP01-DEL09-MG"
306847;2020-09-01;"terça-feira";"12:30:00";"SC";101;411,1;"ARARANGUA";"Não guardar distância de segurança";"Colisão traseira";"Com Vítimas Feridas";"Pleno dia";"Crescente";"Nublado";"Simples";"Reta";"Sim";4;0;1;0;3;0;1;4;-28,9482558;-49,50611651;"SPRF-SC";"DEL02-SC";"UOP02-DEL02-SC"
306850;2020-09-08;"terça-feira";"17:00:00";"RJ";116;78;"TERESOPOLIS";"Não guardar distância de segurança";"Colisão traseira";"Sem Vítimas";"Pleno dia";"Decrescente";"Céu Claro";"Simples";"Reta";"Sim";2;0;0;0;2;0;0;2;-22,39140831;-42,9531312;"SPRF-RJ";"DEL04-RJ";"UOP01-DEL04-RJ"
306853;2020-08-23;"domingo";"15:30:00";"PA";316;240;"CACHOEIRA DO PIRIA";"Falta de Atenção à Condução";"Tombamento";"Com Vítimas Feridas";"Pleno dia";"Crescente";"Céu Claro";"Simples";"Ponte";"Não";1;0;0;1;0;0;1;1;-1,7354367;-46,5924439;"SPRF-PA";"DEL01-PA";"UOP04-DEL01-PA"
306854;2020-09-09;"quarta-feira";"17:30:00";"ES";101;123,3;"SOORETAMA";"Restrição de Visibilidade";"Queda de ocupante de veículo";"Com Vítimas Feridas";"Plena Noite";"Crescente";"Céu Claro";"Simples";"Reta";"Não";2;0;2;0;0;0;2;1;-19,16834502;-40,08717096;"SPRF-ES";"DEL04-ES";"UOP01-DEL04-ES"
306856;2020-09-09;"quarta-feira";"11:10:00";"SC";282;87;"ALFREDO WAGNER";"Velocidade Incompatível";"Saída de leito carroçável";"Sem Vítimas";"Pleno dia";"Decrescente";"Chuva";"Simples";"Curva";"Não";1;0;0;0;1;0;0;1;-27,664766;-49,20578;"SPRF-SC";"DEL01-SC";"UOP03-DEL01-SC"
306857;2020-09-09;"quarta-feira";"17:48:00";"RJ";101;324;"NITEROI";"Falta de Atenção à Condução";"Colisão lateral";"Com Vítimas Feridas";"Anoitecer";"Decrescente";"Nublado";"Dupla";"Reta";"Não";3;0;2;0;1;0;2;2;-22,87381074;-43,12640997;"SPRF-RJ";"DEL02-RJ";"UOP02-DEL02-RJ"
306858;2020-09-09;"quarta-feira";"17:00:00";"PR";277;25;"MORRETES";"Mal Súbito";"Saída de leito carroçável";"Com Vítimas Feridas";"Pleno dia";"Decrescente";"Nublado";"Dupla";"Reta";"Não";1;0;1;0;0;0;1;1;-25,5343;-48,7591;"SPRF-PR";"DEL01-PR";"UOP05-DEL01-PR"
306864;2020-09-09;"quarta-feira";"18:00:00";"DF";40;5,3;"BRASILIA";"Desobediência às normas de trânsito pelo condutor";"Colisão transversal";"Com Vítimas Feridas";"Anoitecer";"Crescente";"Céu Claro";"Dupla";"Retorno Regulamentado";"Não";6;0;2;0;4;0;2;2;-16,020903;-47,980541;"SPRF-DF";"DEL01-DF";"UOP01-DEL01-DF"
306865;2020-09-09;"quarta-feira";"17:30:00";"TO";153;138;"ARAGUAINA";"Falta de Atenção à Condução";"Colisão transversal";"Com Vítimas Feridas";"Pleno dia";"Decrescente";"Céu Claro";"Dupla";"Rotatória";"Sim";2;0;1;0;1;0;1;2;-7,15509994;-48,20416232;"SPRF-TO";"DEL02-TO";"UOP01-DEL02-TO"
306866;2020-09-09;"quarta-feira";"17:30:00";"MG";381;550;"ITAGUARA";"Falta de Atenção à Condução";"Saída de leito carroçável";"Com Vítimas Feridas";"Anoitecer";"Crescente";"Céu Claro";"Dupla";"Curva";"Não";1;0;1;0;0;0;1;1;-20,32661215;-44,45627931;"SPRF-MG";"DEL04-MG";"UOP03-DEL04-MG"
306867;2020-09-09;"quarta-feira";"16:00:00";"PB";412;63;"SAO JOAO DO CARIRI";"Falta de Atenção à Condução";"Colisão transversal";"Com Vítimas Feridas";"Anoitecer";"Crescente";"Chuva";"Simples";"Reta";"Não";3;0;2;0;1;0;2;2;-7,431495;-36,570766;"SPRF-PB";"DEL02-PB";"UOP02-DEL02-PB"
306868;2020-09-09;"quarta-feira";"14:50:00";"RS";116;109,8;"SAO MARCOS";"Desobediência às normas de trânsito pelo condutor";"Colisão lateral";"Sem Vítimas";"Pleno dia";"Decrescente";"Céu Claro";"Dupla";"Curva";"Não";2;0;0;0;2;0;0;2;-28,9318049;-51,0959297;"SPRF-RS";"DEL05-RS";"UOP01-DEL05-RS"
306869;2020-09-09;"quarta-feira";"17:50:00";"SP";116;273;"TABOAO DA SERRA";"Desobediência às normas de trânsito pelo condutor";"Colisão frontal";"Com Vítimas Feridas";"Pleno dia";"Crescente";"Céu Claro";"Dupla";"Reta";"Sim";2;0;0;1;1;0;1;2;-23,62809795;-46,81870306;"SPRF-SP";"DEL04-SP";"UOP01-DEL04-SP"
306871;2020-09-09;"quarta-feira";"18:15:00";"RN";405;3;"MOSSORO";"Desobediência às normas de trânsito pelo condutor";"Colisão transversal";"Com Vítimas Feridas";"Plena Noite";"Crescente";"Céu Claro";"Simples";"Viaduto";"Sim";1;0;1;0;0;0;1;1;-4,90286677;-37,43255163;"SPRF-RN";"DEL04-RN";"UOP02-DEL04-RN"
306872;2020-09-09;"quarta-feira";"17:30:00";"MT";163;790;"VERA";"Não guardar distância de segurança";"Colisão traseira";"Sem Vítimas";"Anoitecer";"Crescente";"Céu Claro";"Simples";"Reta;Declive";"Não";5;0;0;0;5;0;0;2;-12,23886669;-55,54759801;"SPRF-MT";"DEL06-MT";"UOP01-DEL06-MT"
306873;2020-09-09;"quarta-feira";"17:50:00";"RJ";101;488;"ANGRA DOS REIS";"Falta de Atenção à Condução";"Colisão transversal";"Com Vítimas Feridas";"Plena Noite";"Crescente";"Céu Claro";"Dupla";"Reta";"Sim";2;0;1;0;1;0;1;2;-22,96020896;-44,29612622;"SPRF-RJ";"DEL03-RJ";"UOP03-DEL03-RJ"
306874;2020-09-09;"quarta-feira";"18:10:00";"RS";386;390,8;"TRIUNFO";"Desobediência às normas de trânsito pelo condutor";"Colisão transversal";"Com Vítimas Feridas";"Pleno dia";"Decrescente";"Céu Claro";"Dupla";"Reta";"Não";3;0;2;0;1;0;2;2;-29,70271372;-51,66876923;"SPRF-RS";"DEL04-RS";"UOP02-DEL04-RS"
306876;2020-09-09;"quarta-feira";"17:50:00";"PB";230;12;"CABEDELO";"Desobediência às normas de trânsito pelo pedestre";"Atropelamento de Pedestre";"Com Vítimas Feridas";"Anoitecer";"Crescente";"Céu Claro";"Dupla";"Reta";"Sim";6;0;2;0;4;0;2;3;-7,068;-34,85;"SPRF-PB";"DEL01-PB";"UOP01-DEL01-PB"
306877;2020-09-09;"quarta-feira";"18:40:00";"CE";20;405;"CAUCAIA";"Defeito na Via";"Danos eventuais";"Com Vítimas Feridas";"Plena Noite";"Decrescente";"Céu Claro";"Simples";"Reta";"Não";1;0;1;0;0;0;1;1;-3,7740804;-38,6780848;"SPRF-CE";"DEL01-CE";"UOP01-DEL01-CE"
306878;2020-09-09;"quarta-feira";"18:35:00";"PB";361;4,7;"PATOS";"Desobediência às normas de trânsito pelo condutor";"Colisão transversal";"Com Vítimas Feridas";"Plena Noite";"Decrescente";"Céu Claro";"Simples";"Reta";"Sim";3;0;2;0;0;1;2;3;-7,03208047;-37,29365088;"SPRF-PB";"DEL03-PB";"UOP01-DEL03-PB"
306879;2020-09-09;"quarta-feira";"17:45:00";"MG";50;39,8;"ARAGUARI";"Falta de Atenção à Condução";"Colisão transversal";"Com Vítimas Feridas";"Pleno dia";"Crescente";"Céu Claro";"Dupla";"Retorno Regulamentado";"Sim";2;0;1;0;1;0;1;2;-18,66594982;-48,17302108;"SPRF-MG";"DEL15-MG";"UOP02-DEL15-MG"
306882;2020-09-09;"quarta-feira";"16:00:00";"PE";316;295,3;"ITACURUBA";"Falta de Atenção à Condução";"Saída de leito carroçável";"Com Vítimas Fatais";"Pleno dia";"Decrescente";"Céu Claro";"Simples";"Reta";"Não";1;1;0;0;0;0;0;1;-8,62714803;-38,64754299;"SPRF-PE";"DEL04-PE";"UOP03-DEL04-PE"
306884;2020-09-09;"quarta-feira";"18:10:00";"RS";116;247,7;"SAO LEOPOLDO";"Falta de Atenção à Condução";"Colisão transversal";"Com Vítimas Feridas";"Anoitecer";"Decrescente";"Céu Claro";"Dupla";"Viaduto";"Sim";2;0;1;0;1;0;1;2;-29,76733091;-51,1535296;"SPRF-RS";"DEL01-RS";"UOP02-DEL01-RS"
306885;2020-09-09;"quarta-feira";"19:10:00";"GO";60;89,5;"ANAPOLIS";"Animais na Pista";"Colisão traseira";"Com Vítimas Feridas";"Pleno dia";"Crescente";"Céu Claro";"Dupla";"Curva";"Sim";4;0;1;0;1;2;1;3;-16,33954;-48,8988;"SPRF-GO";"DEL02-GO";"UOP01-DEL02-GO"
306887;2020-09-09;"quarta-feira";"17:20:00";"RN";427;96;"CAICO";"Falta de Atenção à Condução";"Colisão lateral";"Com Vítimas Feridas";"Anoitecer";"Crescente";"Nublado";"Simples";"Reta";"Sim";2;0;2;0;0;0;2;2;-6,47223398;-37,07692623;"SPRF-RN";"DEL03-RN";"UOP01-DEL03-RN"
306888;2020-09-09;"quarta-feira";"18:20:00";"SC";101;135;"BALNEARIO CAMBORIU";"Não guardar distância de segurança";"Colisão lateral";"Com Vítimas Feridas";"Plena Noite";"Crescente";"Garoa/Chuvisco";"Múltipla";"Reta";"Sim";2;0;1;0;1;0;1;2;-27,0050108;-48,62677494;"SPRF-SC";"DEL04-SC";"UOP03-DEL04-SC"
306896;2020-09-09;"quarta-feira";"19:30:00";"PA";316;63;"CASTANHAL";"Falta de Atenção à Condução";"Colisão transversal";"Com Vítimas Feridas";"Plena Noite";"Crescente";"Céu Claro";"Dupla";"Reta";"Sim";2;0;1;0;1;0;1;2;-1,29679363;-47,92878096;"SPRF-PA";"DEL01-PA";"UOP01-DEL01-PA"
306898;2020-09-09;"quarta-feira";"19:35:00";"PR";277;720,1;"FOZ DO IGUACU";"Falta de Atenção do Pedestre";"Atropelamento de Pedestre";"Com Vítimas Feridas";"Plena Noite";"Decrescente";"Céu Claro";"Dupla";"Reta";"Não";2;0;0;2;0;0;2;2;-25,48750984;-54,50317706;"SPRF-PR";"DEL05-PR";"UOP03-DEL05-PR"
306900;2020-09-09;"quarta-feira";"18:50:00";"RJ";101;276;"TANGUA";"Falta de Atenção à Condução";"Colisão com objeto estático";"Com Vítimas Feridas";"Plena Noite";"Crescente";"Céu Claro";"Dupla";"Reta";"Sim";6;0;2;0;2;2;2;3;-22,73796393;-42,73871802;"SPRF-RJ";"DEL02-RJ";"UOP03-DEL02-RJ"
306902;2020-09-09;"quarta-feira";"18:05:00";"RO";364;517;"ARIQUEMES";"Falta de Atenção à Condução";"Colisão traseira";"Com Vítimas Feridas";"Plena Noite";"Decrescente";"Céu Claro";"Simples";"Reta";"Não";2;0;0;1;1;0;1;2;-9,93325951;-63,08478355;"SPRF-RO";"DEL03-RO";"UOP01-DEL03-RO"
306903;2020-09-09;"quarta-feira";"19:44:00";"SP";153;31,7;"NOVA GRANADA";"Desobediência às normas de trânsito pelo pedestre";"Atropelamento de Pedestre";"Com Vítimas Fatais";"Plena Noite";"Crescente";"Céu Claro";"Simples";"Curva";"Sim";3;1;0;1;0;1;1;2;-20,54746171;-49,32959617;"SPRF-SP";"DEL09-SP";"UOP01-DEL09-SP"
306904;2020-09-09;"quarta-feira";"20:00:00";"MG";40;527,2;"CONTAGEM";"Velocidade Incompatível";"Saída de leito carroçável";"Com Vítimas Feridas";"Plena Noite";"Crescente";"Céu Claro";"Múltipla";"Curva;Declive";"Sim";1;0;0;1;0;0;1;1;-19,90555285;-44,04800892;"SPRF-MG";"DEL01-MG";"UOP02-DEL01-MG"
306905;2020-09-09;"quarta-feira";"20:15:00";"SP";459;27,5;"LORENA";"Falta de Atenção à Condução";"Tombamento";"Com Vítimas Feridas";"Plena Noite";"Crescente";"Céu Claro";"Simples";"Rotatória";"Sim";1;0;1;0;0;0;1;1;-22,701632;-45,118095;"SPRF-SP";"DEL08-SP";"UOP01-DEL08-SP"
306906;2020-09-09;"quarta-feira";"19:50:00";"AP";210;3;"MACAPA";"Ingestão de Álcool";"Colisão lateral";"Com Vítimas Feridas";"Plena Noite";"Crescente";"Chuva";"Dupla";"Declive;Curva";"Sim";4;0;0;1;0;3;1;3;0,08723365;-51,08569007;"SPRF-AP";"DEL01-AP";"UOP01-DEL01-AP"
306907;2020-09-09;"quarta-feira";"21:00:00";"ES";101;269,9;"SERRA";"Falta de Atenção à Condução";"Queda de ocupante de veículo";"Com Vítimas Feridas";"Plena Noite";"Decrescente";"Céu Claro";"Múltipla";"Reta";"Sim";1;0;1;0;0;0;1;1;-20,21740496;-40,26990578;"SPRF-ES";"DEL02-ES";"UOP01-DEL02-ES"
306908;2020-09-09;"quarta-feira";"18:15:00";"RO";364;424;"JARU";"Desobediência às normas de trânsito pelo condutor";"Colisão transversal";"Com Vítimas Feridas";"Anoitecer";"Crescente";"Céu Claro";"Simples";"Aclive;Reta;Interseção de Vias";"Não";1;0;1;0;0;0;1;1;-10,44457274;-62,46568412;"SPRF-RO";"DEL03-RO";"UOP02-DEL03-RO"
306909;2020-09-09;"quarta-feira";"20:40:00";"RS";448;2;"SAPUCAIA DO SUL";"Não guardar distância de segurança";"Colisão traseira";"Com Vítimas Feridas";"Plena Noite";"Decrescente";"Nublado";"Dupla";"Reta";"Sim";2;0;1;0;1;0;1;2;-29,844086;-51,192482;"SPRF-RS";"DEL01-RS";"UOP02-DEL01-RS"
306910;2020-09-09;"quarta-feira";"19:45:00";"RO";364;713;"PORTO VELHO";"Ingestão de álcool e/ou substâncias psicoativas pelo pedestre";"Atropelamento de Pedestre";"Com Vítimas Fatais";"Plena Noite";"Decrescente";"Céu Claro";"Dupla";"Reta";"Sim";2;1;0;0;1;0;0;2;-8,77192855;-63,88367199;"SPRF-RO";"DEL01-RO";"UOP01-DEL01-RO"
306912;2020-08-31;"segunda-feira";"11:10:00";"MA";10;252,3;"IMPERATRIZ";"Falta de Atenção à Condução";"Colisão transversal";"Com Vítimas Feridas";"Pleno dia";"Crescente";"Céu Claro";"Simples";"Retorno Regulamentado";"Sim";3;0;1;0;1;1;1;3;-5,53562;-47,469585;"SPRF-MA";"DEL04-MA";"UOP01-DEL04-MA"