"id";"data_inversa";"dia_semana";"horario";"uf";"br";"km";"municipio";"causa_acidente";"tipo_acidente";"classificacao_acidente";"fase_dia";"sentido_via";"condicao_metereologica";"tipo_pista";"tracado_via";"uso_solo";"pessoas";"mortos";"feridos_leves";"feridos_graves";"ilesos";"ignorados";"feridos";"veiculos";"latitude";"longitude";"regional";"delegacia";"uop"
307047;2020-09-10;"quinta-feira";"17:15:00";"SC";470;34;"GASPAR";"Falta de Atenção à Condução";"Colisão traseira";"Com Vítimas Feridas";"Anoitecer";"Crescente";"Céu Claro";"Dupla";"Reta";"Não";2;0;1;0;1;0;1;2;-26,910646;-48,949341;"SPRF-SC";"DEL04-SC";"UOP01-DEL04-SC"
307048;2020-09-10;"quinta-feira";"15:30:00";"SP";381;85,5;"SAO PAULO";"Defeito Mecânico no Veículo";"Incêndio";"Sem Vítimas";"Pleno dia";"Decrescente";"Céu Claro";"Dupla";"Reta";"Sim";1;0;0;0;1;0;0;1;-23,449343;-46,56983501;"SPRF-SP";"DEL03-SP";"UOP01-DEL03-SP"
307050;2020-09-10;"quinta-feira";"15:00:00";"RO";174;13,8;"VILHENA";"Desobediência às normas de trânsito pelo condutor";"Colisão transversal";"Com Vítimas Feridas";"Pleno dia";"Decrescente";"Sol";"Dupla";"Interseção de Vias";"Sim";2;0;1;0;1;0;1;2;-12,74140004;-60,13026401;"SPRF-RO";"DEL04-RO";"UOP01-DEL04-RO"
307051;2020-09-10;"quinta-feira";"16:00:00";"MS";163;23;"MUNDO NOVO";"Desobediência às normas de trânsito pelo condutor";"Colisão frontal";"Com Vítimas Feridas";"Pleno dia";"Crescente";"Sol";"Simples";"Reta";"Não";3;0;1;0;2;0;1;2;-23,90456071;-54,30125269;"SPRF-MS";"DEL09-MS";"UOP02-DEL09-MS"
307053;2020-09-10;"quinta-feira";"17:40:00";"PE";232;4,9;"RECIFE";"Desobediência às normas de trânsito pelo condutor";"Colisão transversal";"Com Vítimas Feridas";"Anoitecer";"Decrescente";"Nublado";"Dupla";"Reta";"Sim";2;0;0;1;1;0;1;2;-8,064473;-34,936928;"SPRF-PE";"DEL01-PE";"UOP01-DEL01-PE"
307061;2020-09-10;"quinta-feira";"18:15:00";"PR";369;192;"ARAPONGAS";"Avarias e/ou desgaste excessivo no pneu";"Tombamento";"Com Vítimas Feridas";"Pleno dia";"Crescente";"Céu Claro";"Dupla";"Reta";"Não";2;0;2;0;0;0;2;1;-23,470986;-51,4236133;"SPRF-PR";"DEL07-PR";"UOP03-DEL07-PR"
307062;2020-09-10;"quinta-feira";"18:00:00";"RJ";101;61;"CAMPOS DOS GOYTACAZES";"Desobediência às normas de trânsito pelo condutor";"Colisão transversal";"Com Vítimas Feridas";"Plena Noite";"Crescente";"Céu Claro";"Simples";"Reta";"Sim";8;0;4;0;2;2;4;3;-21,72655788;-41,32133519;"SPRF-RJ";"DEL08-RJ";"UOP01-DEL08-RJ"
307063;2020-09-10;"quinta-feira";"17:05:00";"MG";116;707;"MURIAE";"Ingestão de Álcool";"Colisão transversal";"Sem Vítimas";"Anoitecer";"Decrescente";"Céu Claro";"Simples";"Reta";"Sim";2;0;0;0;2;0;0;2;-21,14086;-42,38066;"SPRF-MG";"DEL07-MG";"UOP02-DEL07-MG"
307064;2020-09-10;"quinta-feira";"17:35:00";"BA";116;419;"FEIRA DE SANTANA";"Não guardar distância de segurança";"Colisão lateral";"Sem Vítimas";"Anoitecer";"Decrescente";"Céu Claro";"Múltipla";"Curva";"Sim";2;0;0;0;1;1;0;2;-12,194529;-38,965336;"SPRF-BA";"DEL02-BA";"UOP01-DEL02-BA"
307065;2020-09-10;"quinta-feira";"18:20:00";"BA";324;613;"SALVADOR";"Desobediência às normas de trânsito pelo condutor";"Colisão traseira";"Com Vítimas Feridas";"Plena Noite";"Crescente";"Céu Claro";"Dupla";"Reta";"Não";2;0;1;0;1;0;1;2;-12,8686825;-38,4255435;"SPRF-BA";"DEL01-BA";"UOP01-DEL01-BA"
307066;2020-09-10;"quinta-feira";"18:20:00";"SC";101;204,1;"SAO JOSE";"Velocidade Incompatível";"Colisão traseira";"Com Vítimas Feridas";"Anoitecer";"Decrescente";"Nublado";"Múltipla";"Reta";"Sim";3;0;1;1;1;0;2;2;-27,57413014;-48,61363083;"SPRF-SC";"DEL01-SC";"UOP01-DEL01-SC"
307067;2020-09-10;"quinta-feira";"18:30:00";"SP";101;47,3;"UBATUBA";"Falta de Atenção à Condução";"Colisão transversal";"Com Vítimas Feridas";"Plena Noite";"Decrescente";"Nublado";"Simples";"Reta";"Sim";3;0;2;0;0;1;2;2;-23,43696329;-45,08768768;"SPRF-SP";"DEL06-SP";"UOP01-DEL06-SP"
307068;2020-09-10;"quinta-feira";"18:25:00";"ES";259;70;"COLATINA";"Falta de Atenção à Condução";"Queda de ocupante de veículo";"Com Vítimas Feridas";"Plena Noite";"Decrescente";"Céu Claro";"Simples";"Reta";"Não";1;0;1;0;0;0;1;1;-19,4960282;-40,75527103;"SPRF-ES";"DEL02-ES";"UOP01-DEL02-ES"
307069;2020-09-10;"quinta-feira";"18:35:00";"RS";386;343,3;"LAJEADO";"Desobediência às normas de trânsito pelo condutor";"Colisão frontal";"Com Vítimas Feridas";"Plena Noite";"Crescente";"Céu Claro";"Simples";"Reta";"Sim";2;0;1;0;1;0;1;2;-29,4358185;-51,99828213;"SPRF-RS";"DEL04-RS";"UOP01-DEL04-RS"
307070;2020-09-10;"quinta-feira";"18:30:00";"PR";153;25,5;"JACAREZINHO";"Falta de Atenção à Condução";"Colisão transversal";"Com Vítimas Feridas";"Plena Noite";"Decrescente";"Céu Claro";"Simples";"Reta;Aclive";"Não";4;0;1;1;2;0;2;2;-23,19886036;-49,98504639;"SPRF-PR";"DEL07-PR";"UOP04-DEL07-PR"
307073;2020-09-10;"quinta-feira";"18:35:00";"PR";116;135,6;"MANDIRITUBA";"Falta de Atenção à Condução";"Colisão transversal";"Com Vítimas Feridas";"Plena Noite";"Decrescente";"Céu Claro";"Simples";"Reta";"Sim";3;0;1;0;2;0;1;2;-25,72384749;-49,31786299;"SPRF-PR";"DEL01-PR";"UOP03-DEL01-PR"
307074;2020-09-10;"quinta-feira";"18:20:00";"CE";222;222,4;"SOBRAL";"Não guardar distância de segurança";"Colisão traseira";"Com Vítimas Feridas";"Plena Noite";"Decrescente";"Céu Claro";"Simples";"Reta";"Sim";2;0;0;1;1;0;1;2;-3,72134641;-40,32871618;"SPRF-CE";"DEL04-CE";"UOP01-DEL04-CE"
307077;2020-09-10;"quinta-feira";"18:45:00";"CE";20;423;"MARACANAU";"Desobediência às normas de trânsito pelo condutor";"Colisão traseira";"Com Vítimas Feridas";"Plena Noite";"Decrescente";"Nublado";"Dupla";"Reta";"Sim";3;0;1;0;2;0;1;2;-3,855494;-38,553952;"SPRF-CE";"DEL01-CE";"UOP02-DEL01-CE"
307078;2020-09-10;"quinta-feira";"19:10:00";"RJ";116;170;"RIO DE JANEIRO";"Falta de Atenção à Condução";"Colisão lateral";"Com Vítimas Feridas";"Plena Noite";"Crescente";"Céu Claro";"Múltipla";"Reta";"Sim";2;0;1;0;1;0;1;2;-22,81113183;-43,3336729;"SPRF-RJ";"DEL01-RJ";"UOP02-DEL01-RJ"
307080;2020-09-10;"quinta-feira";"20:00:00";"PE";101;82;"JABOATAO DOS GUARARAPES";"Não guardar distância de segurança";"Colisão traseira";"Sem Vítimas";"Plena Noite";"Crescente";"Nublado";"Dupla";"Reta";"Sim";2;0;0;0;1;1;0;2;-8,168383;-34,9376;"SPRF-PE";"DEL01-PE";"UOP03-DEL01-PE"
307081;2020-09-10;"quinta-feira";"11:40:00";"RS";116;245;"SAO LEOPOLDO";"Desobediência às normas de trânsito pelo condutor";"Colisão lateral";"Com Vítimas Feridas";"Pleno dia";"Crescente";"Céu Claro";"Dupla";"Reta";"Sim";3;0;2;0;0;1;2;2;-29,74980902;-51,15125361;"SPRF-RS";"DEL01-RS";"UOP02-DEL01-RS"
307082;2020-09-10;"quinta-feira";"19:30:00";"SC";101;162,7;"TIJUCAS";"Desobediência às normas de trânsito pelo condutor";"Colisão transversal";"Com Vítimas Feridas";"Plena Noite";"Decrescente";"Céu Claro";"Dupla";"Interseção de Vias";"Sim";4;0;1;1;0;2;2;3;-27,22554009;-48,6279367;"SPRF-SC";"DEL04-SC";"UOP03-DEL04-SC"
307084;2020-09-10;"quinta-feira";"19:40:00";"RO";364;239;"CACOAL";"Desobediência às normas de trânsito pelo condutor";"Colisão transversal";"Com Vítimas Feridas";"Plena Noite";"Crescente";"Céu Claro";"Simples";"Rotatória";"Sim";2;0;1;0;1;0;1;2;-11,43425083;-61,46267289;"SPRF-RO";"DEL02-RO";"UOP02-DEL02-RO"
307085;2020-09-10;"quinta-feira";"19:50:00";"BA";116;12,9;"VITORIA DA CONQUISTA";"Ingestão de Álcool";"Colisão transversal";"Com Vítimas Feridas";"Plena Noite";"Decrescente";"Céu Claro";"Simples";"Interseção de Vias";"Sim";4;0;2;1;1;0;3;2;-14,88451477;-40,87068785;"SPRF-BA";"DEL08-BA";"UOP01-DEL08-BA"
307086;2020-09-10;"quinta-feira";"18:45:00";"SP";116;327;"JUQUITIBA";"Falta de Atenção à Condução";"Colisão traseira";"Com Vítimas Feridas";"Pleno dia";"Crescente";"Céu Claro";"Dupla";"Reta";"Não";2;0;1;0;1;0;1;1;-23,93596456;-47,07098892;"SPRF-SP";"DEL04-SP";"UOP01-DEL04-SP"
307089;2020-09-10;"quinta-feira";"19:10:00";"SC";470;344,2;"CAMPOS NOVOS";"Agressão Externa";"Tombamento";"Com Vítimas Feridas";"Plena Noite";"Decrescente";"Céu Claro";"Simples";"Reta";"Não";1;0;1;0;0;0;1;1;-27,538567;-51,408329;"SPRF-SC";"DEL07-SC";"UOP06-DEL07-SC"
307090;2020-09-10;"quinta-feira";"21:00:00";"GO";60;32;"ALEXANIA";"Falta de Atenção à Condução";"Queda de ocupante de veículo";"Com Vítimas Feridas";"Plena Noite";"Decrescente";"Céu Claro";"Dupla";"Reta";"Sim";1;0;0;1;0;0;1;1;-16,0963;-48,5202;"SPRF-DF";"DEL03-DF";"UOP01-DEL03-DF"
307092;2020-09-10;"quinta-feira";"21:30:00";"PR";116;152;"MANDIRITUBA";"Falta de Atenção à Condução";"Colisão transversal";"Com Vítimas Feridas";"Plena Noite";"Decrescente";"Céu Claro";"Dupla";"Rotatória";"Não";2;0;1;0;1;0;1;2;-25,83236296;-49,33609707;"SPRF-PR";"DEL01-PR";"UOP03-DEL01-PR"
307094;2020-09-10;"quinta-feira";"21:00:00";"SC";470;32,9;"GASPAR";"Falta de Atenção à Condução";"Colisão traseira";"Com Vítimas Feridas";"Plena Noite";"Crescente";"Céu Claro";"Dupla";"Reta";"Não";3;0;1;0;2;0;1;2;-26,901793;-48,931812;"SPRF-SC";"DEL04-SC";"UOP01-DEL04-SC"
307103;2020-09-11;"sexta-feira";"00:00:00";"RS";116;246,8;"SAO LEOPOLDO";"Desobediência às normas de trânsito pelo condutor";"Saída de leito carroçável";"Com Vítimas Feridas";"Plena Noite";"Crescente";"Nublado";"Dupla";"Curva";"Sim";2;0;1;1;0;0;2;1;-29,758751;-51,15186806;"SPRF-RS";"DEL01-RS";"UOP02-DEL01-RS"
307104;2020-09-10;"quinta-feira";"18:40:00";"MG";251;469,5;"FRANCISCO SA";"Defeito Mecânico no Veículo";"Saída de leito carroçável";"Sem Vítimas";"Plena Noite";"Crescente";"Céu Claro";"Simples";"Reta";"Não";2;0;0;0;2;0;0;1;-16,47846186;-43,41953476;"SPRF-MG";"DEL12-MG";"UOP01-DEL12-MG"
307106;2020-09-11;"sexta-feira";"00:15:00";"PE";101;77,3;"RECIFE";"Sinalização da via insuficiente ou inadequada";"Colisão com objeto estático";"Com Vítimas Feridas";"Plena Noite";"Crescente";"Nublado";"Dupla";"Em Obras";"Sim";2;0;1;1;0;0;2;1;-8,126982;-34,94386;"SPRF-PE";"DEL01-PE";"UOP01-DEL01-PE"
307107;2020-09-10;"quinta-feira";"23:55:00";"MG";381;483,6;"BETIM";"Falta de Atenção à Condução";"Colisão traseira";"Com Vítimas Feridas";"Plena Noite";"Crescente";"Céu Claro";"Dupla";"Reta";"Sim";2;0;0;1;0;1;1;2;-19,95594491;-44,10721699;"SPRF-MG";"DEL01-MG";"UOP03-DEL01-MG"
307110;2020-09-10;"quinta-feira";"23:20:00";"PI";343;4,8;"TERESINA";"Deficiência ou não Acionamento do Sistema de Iluminação/Sinalização do Veículo";"Colisão traseira";"Sem Vítimas";"Plena Noite";"Crescente";"Céu Claro";"Dupla";"Reta";"Sim";2;0;0;0;2;0;0;2;-5,089569;-42,802288;"SPRF-PI";"DEL05-PI";"UOP01-DEL05-PI"
307115;2020-09-11;"sexta-feira";"03:00:00";"MT";158;398,1;"RIBEIRAO CASCALHEIRA";"Animais na Pista";"Saída de leito carroçável";"Com Vítimas Feridas";"Plena Noite";"Crescente";"Céu Claro";"Simples";"Reta";"Não";2;0;2;0;0;0;2;1;-12,75800996;-51,78305157;"SPRF-MT";"DEL07-MT";"UOP02-DEL07-MT"
307116;2020-09-11;"sexta-feira";"04:00:00";"SC";280;28,7;"ARAQUARI";"Falta de Atenção à Condução";"Colisão com objeto estático";"Com Vítimas Feridas";"Plena Noite";"Decrescente";"Nublado";"Simples";"Reta";"Sim";3;0;3;0;0;0;3;1;-26,40898492;-48,75081182;"SPRF-SC";"DEL03-SC";"UOP03-DEL03-SC"
307117;2020-09-11;"sexta-feira";"03:30:00";"SC";101;101;"BALNEARIO PICARRAS";"Falta de Atenção à Condução";"Colisão traseira";"Com Vítimas Fatais";"Plena Noite";"Decrescente";"Céu Claro";"Simples";"Reta";"Sim";2;1;0;0;1;0;0;2;-26,76949;-48,685848;"SPRF-SC";"DEL03-SC";"UOP02-DEL03-SC"
307118;2020-09-11;"sexta-feira";"04:00:00";"ES";101;357,8;"ANCHIETA";"Não guardar distância de segurança";"Colisão lateral";"Com Vítimas Feridas";"Amanhecer";"Decrescente";"Céu Claro";"Simples";"Reta";"Não";2;0;0;1;0;1;1;2;-20,68964396;-40,6990242;"SPRF-ES";"DEL03-ES";"UOP01-DEL03-ES"
307119;2020-09-11;"sexta-feira";"03:30:00";"PE";232;356,1;"FLORES";"Falta de Atenção à Condução";"Capotamento";"Com Vítimas Feridas";"Plena Noite";"Decrescente";"Céu Claro";"Simples";"Curva";"Não";3;0;1;1;0;1;2;1;-8,04849067;-37,84054579;"SPRF-PE";"DEL04-PE";"UOP01-DEL04-PE"
307124;2020-09-11;"sexta-feira";"05:45:00";"MG";381;754,5;"TRES CORACOES";"Animais na Pista";"Colisão com objeto estático";"Com Vítimas Feridas";"Amanhecer";"Decrescente";"Céu Claro";"Dupla";"Curva";"Não";4;0;4;0;0;0;4;1;-21,68626885;-45,34601116;"SPRF-MG";"DEL16-MG";"UOP02-DEL16-MG"
307125;2020-09-11;"sexta-feira";"06:00:00";"PR";369;115,1;"URAI";"Desobediência às normas de trânsito pelo condutor";"Colisão frontal";"Com Vítimas Feridas";"Pleno dia";"Crescente";"Céu Claro";"Simples";"Reta";"Não";2;0;0;1;1;0;1;2;-23,279712;-50,854261;"SPRF-PR";"DEL07-PR";"UOP01-DEL07-PR"
307127;2020-09-11;"sexta-feira";"05:08:00";"MT";174;291;"PONTES E LACERDA";"Falta de Atenção do Pedestre";"Atropelamento de Pedestre";"Com Vítimas Feridas";"Amanhecer";"Crescente";"Nublado";"Simples";"Rotatória";"Não";2;0;2;0;0;0;2;2;-15,20652;-59,32126296;"SPRF-MT";"DEL04-MT";"UOP01-DEL04-MT"
307128;2020-09-11;"sexta-feira";"04:40:00";"MT";163;802,5;"VERA";"Falta de Atenção à Condução";"Saída de leito carroçável";"Com Vítimas Feridas";"Amanhecer";"Decrescente";"Céu Claro";"Simples";"Declive";"Não";3;0;3;0;0;0;3;1;-12,27367698;-55,55778006;"SPRF-MT";"DEL06-MT";"UOP01-DEL06-MT"
307131;2020-05-10;"domingo";"15:20:00";"PB";230;21,2;"JOAO PESSOA";"Ingestão de Álcool";"Tombamento";"Com Vítimas Feridas";"Pleno dia";"Decrescente";"Céu Claro";"Dupla";"Curva";"Sim";1;0;0;1;0;0;1;1;-7,1415;-34,8519;"SPRF-PB";"DEL01-PB";"UOP01-DEL01-PB"
307132;2020-09-11;"sexta-feira";"05:50:00";"MG";381;754,5;"TRES CORACOES";"Animais na Pista";"Atropelamento de Animal";"Com Vítimas Feridas";"Amanhecer";"Decrescente";"Céu Claro";"Dupla";"Curva";"Não";1;0;1;0;0;0;1;1;-21,68626885;-45,34601116;"SPRF-MG";"DEL16-MG";"UOP02-DEL16-MG"
307134;2020-09-11;"sexta-feira";"06:35:00";"SC";101;70,9;"ARAQUARI";"Desobediência às normas de trânsito pelo condutor";"Colisão frontal";"Com Vítimas Feridas";"Amanhecer";"Crescente";"Céu Claro";"Simples";"Reta";"Sim";2;0;1;0;1;0;1;2;-26,51082007;-48,72345612;"SPRF-SC";"DEL03-SC";"UOP02-DEL03-SC"
307135;2020-09-11;"sexta-feira";"06:00:00";"AL";101;74;"MESSIAS";"Falta de Atenção à Condução";"Saída de leito carroçável";"Com Vítimas Feridas";"Pleno dia";"Crescente";"Céu Claro";"Dupla";"Reta";"Não";2;0;2;0;0;0;2;1;-9,395538;-35,8387;"SPRF-AL";"DEL01-AL";"UOP01-DEL01-AL"
307137;2020-09-11;"sexta-feira";"07:10:00";"PR";116;115;"CURITIBA";"Falta de Atenção à Condução";"Colisão traseira";"Com Vítimas Feridas";"Pleno dia";"Crescente";"Sol";"Dupla";"Reta";"Sim";2;0;1;0;1;0;1;2;-25,55953326;-49,26560414;"SPRF-PR";"DEL01-PR";"UOP01-DEL01-PR"
307138;2020-09-11;"sexta-feira";"07:10:00";"MA";222;673;"ACAILANDIA";"Desobediência às normas de trânsito pelo condutor";"Colisão transversal";"Com Vítimas Feridas";"Amanhecer";"Crescente";"Céu Claro";"Simples";"Interseção de Vias";"Sim";2;0;0;1;1;0;1;2;-4,92960481;-47,44590111;"SPRF-MA";"DEL04-MA";"UOP03-DEL04-MA"
307139;2020-09-11;"sexta-feira";"07:05:00";"SC";470;51,2;"BLUMENAU";"Falta de Atenção à Condução";"Colisão lateral";"Com Vítimas Feridas";"Pleno dia";"Crescente";"Nublado";"Simples";"Em Obras";"Sim";3;0;1;0;2;0;1;2;-26,86284036;-49,08851266;"SPRF-SC";"DEL04-SC";"UOP01-DEL04-SC"
307141;2020-09-11;"sexta-feira";"07:45:00";"ES";101;289,7;"CARIACICA";"Falta de Atenção à Condução";"Colisão lateral";"Com Vítimas Feridas";"Pleno dia";"Decrescente";"Céu Claro";"Dupla";"Curva";"Sim";2;0;1;0;0;1;1;2;-20,290789;-40,39162;"SPRF-ES";"DEL01-ES";"UOP01-DEL01-ES"
307142;2020-09-11;"sexta-feira";"07:50:00";"ES";101;287;"CARIACICA";"Falta de Atenção à Condução";"Colisão traseira";"Com Vítimas Feridas";"Pleno dia";"Crescente";"Céu Claro";"Dupla";"Retorno Regulamentado";"Sim";2;0;1;0;1;0;1;2;-20,26493528;-40,38471702;"SPRF-ES";"DEL01-ES";"UOP01-DEL01-ES"
307143;2020-09-11;"sexta-feira";"07:25:00";"RN";101;106;"PARNAMIRIM";"Não guardar distância de segurança";"Colisão traseira";"Com Vítimas Feridas";"Pleno dia";"Decrescente";"Céu Claro";"Dupla";"Viaduto";"Sim";4;0;1;0;3;0;1;4;-5,91056401;-35,26130795;"SPRF-RN";"DEL01-RN";"UOP01-DEL01-RN"
307144;2020-09-11;"sexta-feira";"07:45:00";"MG";40;511;"RIBEIRAO DAS NEVES";"Velocidade Incompatível";"Colisão lateral";"Com Vítimas Feridas";"Pleno dia";"Crescente";"Céu Claro";"Dupla";"Reta";"Sim";1;0;0;1;0;0;1;1;-19,78164295;-44,11733194;"SPRF-MG";"DEL01-MG";"UOP02-DEL01-MG"
307145;2020-09-11;"sexta-feira";"07:00:00";"RJ";393;168;"TRES RIOS";"Falta de Atenção à Condução";"Colisão traseira";"Com Vítimas Feridas";"Pleno dia";"Crescente";"Céu Claro";"Simples";"Reta";"Sim";2;0;1;0;1;0;1;2;-22,127502;-43,147022;"SPRF-RJ";"DEL05-RJ";"UOP01-DEL05-RJ"
307147;2020-09-11;"sexta-feira";"00:00:00";"GO";153;201;"URUACU";"Falta de Atenção à Condução";"Atropelamento de Pedestre";"Com Vítimas Fatais";"Plena Noite";"Decrescente";"Céu Claro";"Simples";"Reta";"Sim";2;1;0;0;0;1;0;2;-14,519629;-49,154972;"SPRF-GO";"DEL07-GO";"UOP02-DEL07-GO"
307151;2020-09-11;"sexta-feira";"08:30:00";"PR";476;133;"CURITIBA";"Falta de Atenção à Condução";"Colisão traseira";"Com Vítimas Feridas";"Pleno dia";"Crescente";"Céu Claro";"Múltipla";"Reta";"Sim";2;0;1;0;1;0;1;2;-25,469219;-49,254143;"SPRF-PR";"DEL01-PR";"UOP03-DEL01-PR"
307153;2020-09-11;"sexta-feira";"08:35:00";"PR";369;186,5;"ARAPONGAS";"Não guardar distância de segurança";"Colisão traseira";"Com Vítimas Feridas";"Pleno dia";"Decrescente";"Céu Claro";"Simples";"Reta";"Sim";2;0;1;0;1;0;1;2;-23,42081644;-51,42497113;"SPRF-PR";"DEL07-PR";"UOP03-DEL07-PR"
307154;2020-09-07;"segunda-feira";"16:00:00";"MS";262;385,8;"TERENOS";"Não guardar distância de segurança";"Engavetamento";"Com Vítimas Feridas";"Pleno dia";"Decrescente";"Céu Claro";"Simples";"Aclive";"Não";15;0;2;0;13;0;2;5;-20,4331564;-54,889775;"SPRF-MS";"DEL01-MS";"UOP03-DEL01-MS"
307155;2020-09-11;"sexta-feira";"08:30:00";"RN";101;99,2;"PARNAMIRIM";"Desobediência às normas de trânsito pelo condutor";"Colisão traseira";"Com Vítimas Feridas";"Pleno dia";"Crescente";"Céu Claro";"Simples";"Reta";"Sim";2;0;1;0;1;0;1;2;-5,87359183;-35,22063023;"SPRF-RN";"DEL01-RN";"UOP01-DEL01-RN"
307158;2020-09-11;"sexta-feira";"07:15:00";"SC";280;34;"ARAQUARI";"Não guardar distância de segurança";"Colisão traseira";"Com Vítimas Feridas";"Pleno dia";"Decrescente";"Céu Claro";"Simples";"Reta";"Não";2;0;1;0;1;0;1;2;-26,42993971;-48,79615614;"SPRF-SC";"DEL03-SC";"UOP03-DEL03-SC"
307159;2020-09-11;"sexta-feira";"07:30:00";"RR";174;501;"BOA VISTA";"Não guardar distância de segurança";"Colisão lateral";"Com Vítimas Feridas";"Pleno dia";"Crescente";"Céu Claro";"Dupla";"Reta";"Sim";3;0;2;0;1;0;2;2;2,781689;-60,703827;"SPRF-RR";"DEL01-RR";"UOP01-DEL01-RR"
307160;2020-09-11;"sexta-feira";"08:40:00";"DF";40;3;"BRASILIA";"Desobediência às normas de trânsito pelo condutor";"Colisão traseira";"Com Vítimas Feridas";"Pleno dia";"Decrescente";"Céu Claro";"Dupla";"Reta";"Sim";2;0;1;0;1;0;1;2;-16,003145;-47,983944;"SPRF-DF";"DEL01-DF";"UOP01-DEL01-DF"
307161;2020-09-11;"sexta-feira";"09:20:00";"SP";116;130;"CACAPAVA";"Velocidade Incompatível";"Colisão com objeto estático";"Com Vítimas Feridas";"Pleno dia";"Crescente";"Céu Claro";"Dupla";"Interseção de Vias";"Sim";3;0;1;0;2;0;1;1;-23,12313858;-45,72792271;"SPRF-SP";"DEL06-SP";"UOP01-DEL06-SP"
307164;2020-09-11;"sexta-feira";"10:20:00";"GO";60;170,4;"GOIANIA";"Falta de Atenção à Condução";"Tombamento";"Com Vítimas Feridas";"Pleno dia";"Decrescente";"Sol";"Múltipla";"Declive;Reta";"Não";1;0;1;0;0;0;1;1;-16,7305;-49,3908;"SPRF-GO";"DEL01-GO";"UOP02-DEL01-GO"
307165;2020-09-11;"sexta-feira";"09:40:00";"ES";101;235,9;"FUNDAO";"Falta de Atenção à Condução";"Colisão traseira";"Com Vítimas Feridas";"Pleno dia";"Crescente";"Sol";"Simples";"Reta";"Não";2;0;1;0;1;0;1;2;-19,97811606;-40,40780888;"SPRF-ES";"DEL02-ES";"UOP01-DEL02-ES"
307166;2020-09-11;"sexta-feira";"10:45:00";"SC";101;198;"SAO JOSE";"Falta de Atenção à Condução";"Colisão traseira";"Com Vítimas Feridas";"Pleno dia";"Decrescente";"Céu Claro";"Múltipla";"Reta";"Sim";2;0;1;0;1;0;1;2;-27,52658712;-48,63506019;"SPRF-SC";"DEL01-SC";"UOP01-DEL01-SC"
307168;2020-09-11;"sexta-feira";"09:35:00";"MS";163;97,9;"ITAQUIRAI";"Falta de Atenção à Condução";"Saída de leito carroçável";"Com Vítimas Feridas";"Pleno dia";"Decrescente";"Céu Claro";"Simples";"Reta";"Não";2;0;0;2;0;0;2;1;-23,30753605;-54,22191632;"SPRF-MS";"DEL09-MS";"UOP01-DEL09-MS"
307169;2020-08-02;"domingo";"17:20:00";"RS";392;66;"PELOTAS";"Velocidade Incompatível";"Colisão frontal";"Com Vítimas Feridas";"Pleno dia";"Crescente";"Céu Claro";"Simples";"Reta;Em Obras";"Sim";6;0;4;0;1;1;4;2;-31,7627503;-52,39165019;"SPRF-RS";"DEL07-RS";"UOP01-DEL07-RS"
307170;2020-09-11;"sexta-feira";"11:35:00";"PA";163;1002;"SANTAREM";"Falta de Atenção à Condução";"Colisão transversal";"Com Vítimas Feridas";"Pleno dia";"Crescente";"Céu Claro";"Simples";"Reta";"Sim";3;0;1;1;1;0;2;2;-2,45567004;-54,72854541;"SPRF-PA";"DEL05-PA";"UOP01-DEL05-PA"
307176;2020-09-11;"sexta-feira";"11:45:00";"ES";101;264;"SERRA";"Falta de Atenção à Condução";"Colisão traseira";"Com Vítimas Feridas";"Pleno dia";"Crescente";"Céu Claro";"Múltipla";"Reta";"Sim";2;0;0;1;1;0;1;2;-20,1572331;-40,27678329;"SPRF-ES";"DEL02-ES";"UOP01-DEL02-ES"
307177;2020-09-11;"sexta-feira";"10:50:00";"GO";251;26;"CRISTALINA";"Falta de Atenção do Pedestre";"Atropelamento de Pedestre";"Com Vítimas Feridas";"Pleno dia";"Decrescente";"Sol";"Simples";"Reta";"Sim";2;0;0;1;1;0;1;2;-16,10610344;-47,49477642;"SPRF-DF";"DEL01-DF";"UOP01-DEL01-DF"
307178;2020-09-11;"sexta-feira";"11:45:00";"RJ";101;412;"ITAGUAI";"Animais na Pista";"Atropelamento de Animal";"Com Vítimas Feridas";"Pleno dia";"Crescente";"Nublado";"Dupla";"Reta";"Não";5;0;1;0;4;0;1;2;-22,89720365;-43,85639217;"SPRF-RJ";"DEL03-RJ";"UOP01-DEL03-RJ"
307181;2020-09-11;"sexta-feira";"11:30:00";"RJ";40;119;"DUQUE DE CAXIAS";"Falta de Atenção à Condução";"Colisão traseira";"Com Vítimas Feridas";"Pleno dia";"Crescente";"Céu Claro";"Múltipla";"Reta";"Não";2;0;0;1;0;1;1;2;-22,76375592;-43,28683062;"SPRF-RJ";"DEL01-RJ";"UOP01-DEL01-RJ"
307184;2020-09-11;"sexta-feira";"11:30:00";"RJ";101;324;"NITEROI";"Falta de Atenção à Condução";"Colisão traseira";"Com Vítimas Feridas";"Pleno dia";"Decrescente";"Céu Claro";"Dupla";"Reta";"Não";2;0;1;0;1;0;1;2;-22,87381074;-43,12640997;"SPRF-RJ";"DEL02-RJ";"UOP02-DEL02-RJ"