"id";"data_inversa";"dia_semana";"horario";"uf";"br";"km";"municipio";"causa_acidente";"tipo_acidente";"classificacao_acidente";"fase_dia";"sentido_via";"condicao_metereologica";"tipo_pista";"tracado_via";"uso_solo";"pessoas";"mortos";"feridos_leves";"feridos_graves";"ilesos";"ignorados";"feridos";"veiculos";"latitude";"longitude";"regional";"delegacia";"uop"
307296;2020-09-11;"sexta-feira";"18:50:00";"RJ";101;323;"NITEROI";"Não guardar distância de segurança";"Colisão lateral";"Com Vítimas Feridas";"Plena Noite";"Crescente";"Céu Claro";"Múltipla";"Reta";"Sim";2;0;2;0;0;0;2;2;-22,87684786;-43,11728689;"SPRF-RJ";"DEL02-RJ";"UOP02-DEL02-RJ"
307297;2020-09-11;"sexta-feira";"21:00:00";"PR";116;133;"FAZENDA RIO GRANDE";"Falta de Atenção à Condução";"Colisão com objeto estático";"Com Vítimas Feridas";"Plena Noite";"Crescente";"Céu Claro";"Dupla";"Reta";"Não";1;0;1;0;0;0;1;1;-25,66615703;-49,31432685;"SPRF-PR";"DEL01-PR";"UOP03-DEL01-PR"
307298;2020-09-11;"sexta-feira";"16:00:00";"SC";282;354,2;"CAMPOS NOVOS";"Falta de Atenção à Condução";"Saída de leito carroçável";"Com Vítimas Feridas";"Pleno dia";"Decrescente";"Céu Claro";"Simples";"Curva";"Não";1;0;1;0;0;0;1;1;-27,35796;-51,330452;"SPRF-SC";"DEL07-SC";"UOP06-DEL07-SC"
307299;2020-09-11;"sexta-feira";"21:40:00";"SP";116;209,4;"GUARULHOS";"Falta de Atenção à Condução";"Tombamento";"Com Vítimas Fatais";"Plena Noite";"Decrescente";"Céu Claro";"Dupla";"Reta";"Sim";1;1;0;0;0;0;0;1;-23,42511799;-46,40221101;"SPRF-SP";"DEL01-SP";"UOP01-DEL01-SP"
307300;2020-09-11;"sexta-feira";"19:30:00";"SC";153;99,1;"CONCORDIA";"Falta de Atenção à Condução";"Colisão transversal";"Com Vítimas Feridas";"Plena Noite";"Decrescente";"Céu Claro";"Simples";"Reta";"Sim";3;0;3;0;0;0;3;2;-27,235508;-51,951069;"SPRF-SC";"DEL07-SC";"UOP04-DEL07-SC"
307301;2020-09-11;"sexta-feira";"22:00:00";"SC";101;148;"ITAPEMA";"Falta de Atenção à Condução";"Colisão transversal";"Com Vítimas Feridas";"Plena Noite";"Crescente";"Nublado";"Múltipla";"Reta";"Sim";2;0;1;0;0;1;1;2;-27,10123686;-48,61807962;"SPRF-SC";"DEL04-SC";"UOP03-DEL04-SC"
307302;2020-09-11;"sexta-feira";"20:40:00";"RJ";116;179;"NOVA IGUACU";"Falta de Atenção do Pedestre";"Atropelamento de Pedestre";"Com Vítimas Feridas";"Plena Noite";"Decrescente";"Céu Claro";"Dupla";"Reta";"Sim";3;0;1;0;0;2;1;2;-22,769902;-43,408036;"SPRF-RJ";"DEL01-RJ";"UOP02-DEL01-RJ"
307303;2020-09-11;"sexta-feira";"21:15:00";"MS";163;253,8;"DOURADOS";"Avarias e/ou desgaste excessivo no pneu";"Saída de leito carroçável";"Com Vítimas Feridas";"Plena Noite";"Decrescente";"Céu Claro";"Dupla";"Rotatória";"Sim";3;0;2;0;1;0;2;1;-22,27885392;-54,82235352;"SPRF-MS";"DEL04-MS";"UOP01-DEL04-MS"
307305;2020-09-11;"sexta-feira";"21:50:00";"SC";101;229;"PALHOCA";"Ingestão de Álcool";"Colisão lateral";"Sem Vítimas";"Plena Noite";"Decrescente";"Nublado";"Dupla";"Curva";"Sim";3;0;0;0;2;1;0;3;-27,76774326;-48,63122284;"SPRF-SC";"DEL01-SC";"UOP02-DEL01-SC"
307309;2020-09-11;"sexta-feira";"22:50:00";"PR";153;456,8;"UNIAO DA VITORIA";"Falta de Atenção à Condução";"Colisão traseira";"Com Vítimas Fatais";"Plena Noite";"Crescente";"Céu Claro";"Simples";"Ponte";"Não";2;1;0;0;1;0;0;2;-26,211483;-51,122763;"SPRF-PR";"DEL02-PR";"UOP03-DEL02-PR"
307312;2020-09-11;"sexta-feira";"23:15:00";"ES";101;211;"IBIRACU";"Falta de Atenção à Condução";"Tombamento";"Com Vítimas Feridas";"Plena Noite";"Decrescente";"Céu Claro";"Simples";"Reta";"Não";1;0;1;0;0;0;1;1;-19,80700903;-40,36767233;"SPRF-ES";"DEL02-ES";"UOP01-DEL02-ES"
307313;2020-09-11;"sexta-feira";"23:00:00";"CE";116;17,1;"EUSEBIO";"Desobediência às normas de trânsito pelo condutor";"Colisão traseira";"Com Vítimas Fatais";"Plena Noite";"Decrescente";"Céu Claro";"Dupla";"Reta";"Não";2;1;0;0;1;0;0;2;-3,89788731;-38,5033679;"SPRF-CE";"DEL01-CE";"UOP02-DEL01-CE"
307317;2020-09-11;"sexta-feira";"20:30:00";"BA";101;883;"TEIXEIRA DE FREITAS";"Falta de Atenção do Pedestre";"Queda de ocupante de veículo";"Com Vítimas Feridas";"Plena Noite";"Decrescente";"Céu Claro";"Simples";"Reta";"Não";1;0;0;1;0;0;1;1;-17,53405869;-39,71179962;"SPRF-BA";"DEL09-BA";"UOP02-DEL09-BA"
307318;2020-08-14;"sexta-feira";"15:15:00";"MA";316;595,3;"TIMON";"Falta de Atenção à Condução";"Colisão transversal";"Com Vítimas Feridas";"Pleno dia";"Decrescente";"Céu Claro";"Simples";"Reta";"Sim";2;0;1;0;1;0;1;2;-5,01486153;-42,99714714;"SPRF-MA";"DEL03-MA";"UOP02-DEL03-MA"
307319;2020-09-11;"sexta-feira";"23:00:00";"PE";232;177,1;"BELO JARDIM";"Animais na Pista";"Atropelamento de Animal";"Com Vítimas Fatais";"Plena Noite";"Crescente";"Céu Claro";"Simples";"Reta";"Não";5;2;1;2;0;0;3;1;-8,34884045;-36,4032249;"SPRF-PE";"DEL02-PE";"UOP03-DEL02-PE"
307321;2020-09-11;"sexta-feira";"22:40:00";"MT";364;259;"JUSCIMEIRA";"Falta de Atenção do Pedestre";"Saída de leito carroçável";"Com Vítimas Feridas";"Plena Noite";"Decrescente";"Céu Claro";"Dupla";"Curva";"Não";1;0;1;0;0;0;1;1;-16,04830616;-54,88713632;"SPRF-MT";"DEL02-MT";"UOP01-DEL02-MT"
307324;2020-09-11;"sexta-feira";"23:50:00";"ES";101;130;"LINHARES";"Defeito Mecânico no Veículo";"Colisão com objeto estático";"Com Vítimas Feridas";"Plena Noite";"Decrescente";"Céu Claro";"Simples";"Declive";"Não";1;0;1;0;0;0;1;1;-19,22994799;-40,09266892;"SPRF-ES";"DEL04-ES";"UOP01-DEL04-ES"
307325;2020-09-11;"sexta-feira";"23:00:00";"RJ";465;18;"NOVA IGUACU";"Ingestão de Álcool";"Colisão traseira";"Com Vítimas Feridas";"Plena Noite";"Crescente";"Céu Claro";"Simples";"Reta";"Sim";7;0;1;0;6;0;1;2;-22,831354;-43,615128;"SPRF-RJ";"DEL03-RJ";"UOP01-DEL03-RJ"
307326;2020-09-11;"sexta-feira";"21:50:00";"RJ";465;19;"NOVA IGUACU";"Falta de Atenção à Condução";"Colisão lateral";"Sem Vítimas";"Plena Noite";"Crescente";"Céu Claro";"Simples";"Reta";"Sim";2;0;0;0;0;2;0;2;-22,839184;-43,610451;"SPRF-RJ";"DEL03-RJ";"UOP01-DEL03-RJ"
307328;2020-09-11;"sexta-feira";"21:30:00";"BA";101;883;"TEIXEIRA DE FREITAS";"Falta de Atenção à Condução";"Colisão traseira";"Com Vítimas Feridas";"Plena Noite";"Crescente";"Céu Claro";"Simples";"Aclive";"Sim";2;0;1;0;1;0;1;2;-17,584325;-39,740419;"SPRF-BA";"DEL09-BA";"UOP02-DEL09-BA"
307329;2020-09-12;"sábado";"00:10:00";"DF";40;7,9;"BRASILIA";"Desobediência às normas de trânsito pelo condutor";"Colisão traseira";"Com Vítimas Feridas";"Plena Noite";"Decrescente";"Céu Claro";"Dupla";"Reta";"Sim";2;0;1;0;1;0;1;2;-16,038666;-47,979691;"SPRF-DF";"DEL01-DF";"UOP01-DEL01-DF"
307330;2020-09-11;"sexta-feira";"23:20:00";"MS";60;419;"SIDROLANDIA";"Falta de Atenção do Pedestre";"Atropelamento de Pedestre";"Com Vítimas Feridas";"Plena Noite";"Decrescente";"Céu Claro";"Simples";"Reta";"Não";2;0;0;1;1;0;1;2;-20,8999208;-54,91396201;"SPRF-MS";"DEL01-MS";"UOP04-DEL01-MS"
307332;2020-09-11;"sexta-feira";"22:00:00";"MG";50;173,7;"UBERABA";"Falta de Atenção à Condução";"Colisão traseira";"Com Vítimas Feridas";"Plena Noite";"Crescente";"Céu Claro";"Dupla";"Reta";"Sim";6;0;4;0;1;1;4;2;-19,7624352;-47,97701547;"SPRF-MG";"DEL13-MG";"UOP01-DEL13-MG"
307333;2020-09-12;"sábado";"00:40:00";"RN";101;109,2;"PARNAMIRIM";"Falta de Atenção à Condução";"Colisão lateral";"Sem Vítimas";"Plena Noite";"Crescente";"Céu Claro";"Simples";"Interseção de Vias";"Sim";2;0;0;0;2;0;0;2;-5,937378;-35,26483;"SPRF-RN";"DEL01-RN";"UOP01-DEL01-RN"
307334;2020-09-11;"sexta-feira";"23:31:00";"MS";163;274;"DOURADOS";"Não guardar distância de segurança";"Colisão traseira";"Com Vítimas Feridas";"Plena Noite";"Crescente";"Céu Claro";"Dupla";"Reta";"Sim";2;0;0;1;0;1;1;2;-22,17231;-54,663055;"SPRF-MS";"DEL04-MS";"UOP01-DEL04-MS"
307335;2020-09-12;"sábado";"01:10:00";"PR";116;135,8;"MANDIRITUBA";"Falta de Atenção à Condução";"Colisão frontal";"Com Vítimas Feridas";"Plena Noite";"Crescente";"Céu Claro";"Simples";"Reta";"Não";2;0;0;2;0;0;2;2;-25,72357885;-49,31795167;"SPRF-PR";"DEL01-PR";"UOP03-DEL01-PR"
307338;2020-09-12;"sábado";"01:00:00";"RJ";116;328;"RESENDE";"Falta de Atenção à Condução";"Capotamento";"Com Vítimas Feridas";"Plena Noite";"Decrescente";"Céu Claro";"Dupla";"Curva";"Não";2;0;1;0;1;0;1;1;-22,50480402;-44,596846;"SPRF-RJ";"DEL07-RJ";"UOP02-DEL07-RJ"
307340;2020-09-12;"sábado";"00:30:00";"SP";116;198;"ARUJA";"Falta de Atenção à Condução";"Tombamento";"Com Vítimas Feridas";"Plena Noite";"Crescente";"Vento";"Dupla";"Reta";"Sim";2;0;2;0;0;0;2;1;-23,399937;-46,302038;"SPRF-SP";"DEL01-SP";"UOP01-DEL01-SP"
307342;2020-09-11;"sexta-feira";"23:00:00";"RS";101;14,5;"DOM PEDRO DE ALCANTARA";"Desobediência às normas de trânsito pelo condutor";"Colisão transversal";"Com Vítimas Feridas";"Plena Noite";"Crescente";"Nublado";"Simples";"Reta";"Não";7;0;3;0;4;0;3;2;-29,40760049;-49,85183716;"SPRF-RS";"DEL03-RS";"UOP02-DEL03-RS"
307343;2020-09-11;"sexta-feira";"11:30:00";"MS";163;795;"PEDRO GOMES";"Falta de Atenção à Condução";"Saída de leito carroçável";"Com Vítimas Feridas";"Plena Noite";"Crescente";"Céu Claro";"Simples";"Reta";"Não";1;0;1;0;0;0;1;1;-17,9613069574;-54,678594803;"SPRF-MS";"DEL06-MS";"UOP01-DEL06-MS"
307345;2020-09-12;"sábado";"01:05:00";"SC";101;114;"ITAJAI";"Ingestão de Álcool";"Saída de leito carroçável";"Sem Vítimas";"Plena Noite";"Decrescente";"Céu Claro";"Dupla";"Reta";"Não";1;0;0;0;1;0;0;1;-26,86192886;-48,7286704;"SPRF-SC";"DEL04-SC";"UOP04-DEL04-SC"
307346;2020-09-11;"sexta-feira";"20:20:00";"MG";116;296,4;"TEOFILO OTONI";"Velocidade Incompatível";"Colisão frontal";"Com Vítimas Fatais";"Plena Noite";"Crescente";"Ignorado";"Simples";"Declive";"Não";4;2;1;0;0;1;1;3;-18,005278;-41,585124;"SPRF-MG";"DEL11-MG";"UOP01-DEL11-MG"
307348;2020-09-12;"sábado";"01:50:00";"PB";230;152,2;"CAMPINA GRANDE";"Avarias e/ou desgaste excessivo no pneu";"Colisão com objeto estático";"Com Vítimas Feridas";"Plena Noite";"Crescente";"Céu Claro";"Simples";"Reta";"Não";4;0;2;0;1;1;2;2;-7,2688;-35,8837;"SPRF-PB";"DEL02-PB";"UOP01-DEL02-PB"
307349;2020-09-12;"sábado";"01:40:00";"MS";163;212,7;"CAARAPO";"Falta de Atenção à Condução";"Saída de leito carroçável";"Sem Vítimas";"Plena Noite";"Decrescente";"Céu Claro";"Simples";"Aclive";"Não";1;0;0;0;1;0;0;1;-22,603966;-54,81612005;"SPRF-MS";"DEL04-MS";"UOP02-DEL04-MS"
307352;2020-09-12;"sábado";"02:15:00";"SP";153;279,9;"OCAUCU";"Ingestão de Álcool";"Colisão com objeto estático";"Sem Vítimas";"Plena Noite";"Crescente";"Céu Claro";"Simples";"Reta";"Não";1;0;0;0;1;0;0;1;-22,41547195;-49,86062407;"SPRF-SP";"DEL07-SP";"UOP02-DEL07-SP"
307353;2020-09-12;"sábado";"02:55:00";"MG";381;703;"LAVRAS";"Condutor Dormindo";"Saída de leito carroçável";"Com Vítimas Feridas";"Plena Noite";"Decrescente";"Céu Claro";"Dupla";"Declive;Reta";"Não";1;0;1;0;0;0;1;1;-21,29989049;-45,15137315;"SPRF-MG";"DEL04-MG";"UOP02-DEL04-MG"
307355;2020-09-12;"sábado";"03:00:00";"PR";277;80;"CURITIBA";"Falta de Atenção à Condução";"Colisão com objeto estático";"Sem Vítimas";"Plena Noite";"Crescente";"Nublado";"Dupla";"Reta";"Sim";1;0;0;0;1;0;0;1;-25,568939;-49,181978;"SPRF-PR";"DEL01-PR";"UOP01-DEL01-PR"
307356;2020-09-12;"sábado";"03:50:00";"PR";476;126;"CURITIBA";"Velocidade Incompatível";"Colisão com objeto estático";"Com Vítimas Feridas";"Plena Noite";"Decrescente";"Nublado";"Dupla";"Curva";"Sim";1;0;0;1;0;0;1;1;-25,425167;-49,227158;"SPRF-PR";"DEL01-PR";"UOP03-DEL01-PR"
307357;2020-09-12;"sábado";"03:15:00";"SC";282;498;"XANXERE";"Ingestão de Álcool";"Colisão frontal";"Sem Vítimas";"Plena Noite";"Decrescente";"Céu Claro";"Simples";"Curva";"Não";3;0;0;0;2;1;0;2;-26,87978;-52,353825;"SPRF-SC";"DEL07-SC";"UOP01-DEL07-SC"
307359;2020-09-12;"sábado";"03:40:00";"CE";222;143,9;"IRAUCUBA";"Animais na Pista";"Atropelamento de Animal";"Com Vítimas Feridas";"Plena Noite";"Crescente";"Céu Claro";"Simples";"Reta";"Não";2;0;0;1;0;1;1;1;-3,7636308;-39,73100609;"SPRF-CE";"DEL04-CE";"UOP03-DEL04-CE"
307361;2020-09-12;"sábado";"02:40:00";"MG";381;943;"EXTREMA";"Condutor Dormindo";"Saída de leito carroçável";"Sem Vítimas";"Plena Noite";"Crescente";"Céu Claro";"Dupla";"Reta";"Não";1;0;0;0;0;1;0;1;-22,85911915;-46,33945537;"SPRF-MG";"DEL16-MG";"UOP03-DEL16-MG"
307362;2020-09-12;"sábado";"03:25:00";"RJ";116;181,6;"NOVA IGUACU";"Ingestão de Álcool";"Colisão traseira";"Sem Vítimas";"Plena Noite";"Crescente";"Nublado";"Dupla";"Reta";"Sim";2;0;0;0;2;0;0;2;-22,73913991;-43,48148346;"SPRF-RJ";"DEL01-RJ";"UOP02-DEL01-RJ"
307364;2020-09-11;"sexta-feira";"23:45:00";"RS";290;173,8;"BUTIA";"Velocidade Incompatível";"Saída de leito carroçável";"Sem Vítimas";"Plena Noite";"Crescente";"Nublado";"Simples";"Rotatória;Reta";"Sim";1;0;0;0;0;1;0;1;-30,12867709;-51,95810448;"SPRF-RS";"DEL02-RS";"UOP03-DEL02-RS"
307368;2020-09-12;"sábado";"00:50:00";"BA";101;749,8;"ITABELA";"Falta de Atenção à Condução";"Colisão frontal";"Com Vítimas Feridas";"Plena Noite";"Decrescente";"Céu Claro";"Simples";"Curva";"Não";4;0;1;0;3;0;1;2;-16,6087748;-39,5456351;"SPRF-BA";"DEL09-BA";"UOP01-DEL09-BA"
307371;2020-09-12;"sábado";"05:00:00";"SC";470;87,8;"ASCURRA";"Ingestão de Álcool";"Tombamento";"Com Vítimas Fatais";"Plena Noite";"Crescente";"Nublado";"Simples";"Rotatória";"Sim";2;1;1;0;0;0;1;1;-26,95549064;-49,37333845;"SPRF-SC";"DEL04-SC";"UOP01-DEL04-SC"
307374;2020-09-12;"sábado";"05:50:00";"DF";80;26,7;"BRASILIA";"Condutor Dormindo";"Saída de leito carroçável";"Com Vítimas Feridas";"Amanhecer";"Crescente";"Céu Claro";"Simples";"Declive;Curva";"Não";2;0;1;0;1;0;1;1;-15,60486221;-48,19748282;"SPRF-DF";"DEL03-DF";"UOP02-DEL03-DF"
307375;2020-09-12;"sábado";"05:35:00";"SC";116;13,4;"MAFRA";"Defeito Mecânico no Veículo";"Queda de ocupante de veículo";"Com Vítimas Feridas";"Amanhecer";"Crescente";"Sol";"Simples";"Aclive";"Não";2;0;1;0;1;0;1;1;-26,18419881;-49,87404087;"SPRF-SC";"DEL06-SC";"UOP01-DEL06-SC"
307377;2020-09-12;"sábado";"02:00:00";"MG";262;437;"NOVA SERRANA";"Velocidade Incompatível";"Capotamento";"Sem Vítimas";"Plena Noite";"Decrescente";"Céu Claro";"Dupla";"Reta";"Não";1;0;0;0;0;1;0;1;-19,89622194;-44,86972815;"SPRF-MG";"DEL08-MG";"UOP03-DEL08-MG"
307378;2020-09-12;"sábado";"05:30:00";"RO";364;710;"PORTO VELHO";"Falta de Atenção à Condução";"Capotamento";"Sem Vítimas";"Pleno dia";"Crescente";"Nublado";"Simples";"Interseção de Vias;Reta";"Sim";2;0;0;0;0;2;0;2;-8,78499253;-63,85913233;"SPRF-RO";"DEL01-RO";"UOP01-DEL01-RO"
307379;2020-09-12;"sábado";"06:56:00";"RS";116;300;"GUAIBA";"Falta de Atenção à Condução";"Saída de leito carroçável";"Sem Vítimas";"Amanhecer";"Crescente";"Garoa/Chuvisco";"Dupla";"Retorno Regulamentado";"Sim";2;0;0;0;2;0;0;1;-30,12368942;-51,34922543;"SPRF-RS";"DEL02-RS";"UOP01-DEL02-RS"
307381;2020-09-12;"sábado";"06:20:00";"SC";116;140,3;"SANTA CECILIA";"Ingestão de álcool e/ou substâncias psicoativas pelo pedestre";"Colisão com objeto estático";"Sem Vítimas";"Amanhecer";"Decrescente";"Nevoeiro/Neblina";"Simples";"Declive;Ponte";"Sim";1;0;0;0;1;0;0;1;-26,96625517;-50,40928315;"SPRF-SC";"DEL06-SC";"UOP02-DEL06-SC"
307382;2020-09-12;"sábado";"06:40:00";"CE";116;21,2;"ITAITINGA";"Velocidade Incompatível";"Colisão com objeto estático";"Com Vítimas Fatais";"Pleno dia";"Crescente";"Céu Claro";"Dupla";"Reta";"Não";1;1;0;0;0;0;0;1;-3,93175901;-38,50825087;"SPRF-CE";"DEL01-CE";"UOP02-DEL01-CE"
307383;2020-09-12;"sábado";"05:45:00";"SC";470;153,7;"AGRONOMICA";"Ingestão de Álcool";"Capotamento";"Com Vítimas Feridas";"Pleno dia";"Decrescente";"Nevoeiro/Neblina";"Simples";"Curva";"Não";1;0;1;0;0;0;1;1;-27,272911;-49,734741;"SPRF-SC";"DEL04-SC";"UOP02-DEL04-SC"
307385;2020-09-12;"sábado";"04:30:00";"RO";364;341;"JI-PARANA";"Velocidade Incompatível";"Colisão com objeto estático";"Com Vítimas Fatais";"Plena Noite";"Decrescente";"Céu Claro";"Simples";"Reta";"Sim";1;1;0;0;0;0;0;1;-10,88987987;-61,93126772;"SPRF-RO";"DEL02-RO";"UOP01-DEL02-RO"
307387;2020-09-11;"sexta-feira";"23:30:00";"BA";101;140;"TEODORO SAMPAIO";"Ingestão de álcool e/ou substâncias psicoativas pelo pedestre";"Atropelamento de Pedestre";"Com Vítimas Feridas";"Plena Noite";"Decrescente";"Céu Claro";"Simples";"Curva";"Não";5;0;2;2;1;0;4;2;-12,27707429;-38,68756785;"SPRF-BA";"DEL01-BA";"UOP04-DEL01-BA"
307388;2020-09-12;"sábado";"07:30:00";"RN";405;78;"APODI";"Falta de Atenção à Condução";"Colisão transversal";"Com Vítimas Feridas";"Pleno dia";"Crescente";"Céu Claro";"Simples";"Reta";"Sim";3;0;0;2;0;1;2;2;-5,66792429;-37,79265324;"SPRF-RN";"DEL04-RN";"UOP02-DEL04-RN"
307389;2020-09-12;"sábado";"07:30:00";"SC";282;3,5;"FLORIANOPOLIS";"Velocidade Incompatível";"Saída de leito carroçável";"Com Vítimas Feridas";"Pleno dia";"Crescente";"Sol";"Múltipla";"Curva";"Sim";1;0;0;1;0;0;1;1;-27,59494115;-48,60130548;"SPRF-SC";"DEL01-SC";"UOP01-DEL01-SC"
307393;2020-09-11;"sexta-feira";"21:25:00";"MT";364;434;"VARZEA GRANDE";"Animais na Pista";"Atropelamento de Animal";"Com Vítimas Feridas";"Plena Noite";"Decrescente";"Céu Claro";"Dupla";"Reta";"Não";1;0;1;0;0;0;1;1;-15,64575025;-56,14041787;"SPRF-MT";"DEL01-MT";"UOP01-DEL01-MT"
307394;2020-09-11;"sexta-feira";"12:16:00";"RO";435;136;"CEREJEIRAS";"Falta de Atenção à Condução";"Tombamento";"Com Vítimas Feridas";"Pleno dia";"Decrescente";"Céu Claro";"Dupla";"Curva";"Sim";1;0;1;0;0;0;1;1;-13,18903202;-60,939115;"SPRF-RO";"DEL04-RO";"UOP02-DEL04-RO"
307397;2020-09-12;"sábado";"06:30:00";"RJ";101;306;"SAO GONCALO";"Falta de Atenção à Condução";"Colisão lateral";"Com Vítimas Feridas";"Pleno dia";"Crescente";"Céu Claro";"Dupla";"Reta";"Sim";2;0;1;0;1;0;1;2;-22,78913759;-43,00550909;"SPRF-RJ";"DEL02-RJ";"UOP02-DEL02-RJ"
307398;2020-09-11;"sexta-feira";"18:30:00";"RO";364;47;"VILHENA";"Ultrapassagem Indevida";"Colisão traseira";"Com Vítimas Feridas";"Plena Noite";"Decrescente";"Céu Claro";"Simples";"Curva;Aclive";"Não";7;0;1;0;5;1;1;2;-12,58433298;-60,34423392;"SPRF-RO";"DEL04-RO";"UOP01-DEL04-RO"
307400;2020-09-12;"sábado";"07:15:00";"MT";163;827;"SINOP";"Desobediência às normas de trânsito pelo condutor";"Colisão transversal";"Com Vítimas Feridas";"Pleno dia";"Crescente";"Céu Claro";"Dupla";"Retorno Regulamentado";"Sim";3;0;2;0;1;0;2;2;-11,929436;-55,512944;"SPRF-MT";"DEL06-MT";"UOP01-DEL06-MT"
307401;2020-09-12;"sábado";"06:13:00";"DF";70;2,5;"BRASILIA";"Ingestão de Álcool";"Colisão com objeto estático";"Sem Vítimas";"Pleno dia";"Decrescente";"Céu Claro";"Dupla";"Reta";"Sim";1;0;0;0;0;1;0;1;-15,798048;-48,073235;"SPRF-DF";"DEL03-DF";"UOP02-DEL03-DF"
307402;2020-09-12;"sábado";"08:30:00";"RS";116;142,5;"CAXIAS DO SUL";"Velocidade Incompatível";"Colisão com objeto estático";"Sem Vítimas";"Pleno dia";"Crescente";"Garoa/Chuvisco";"Dupla";"Curva";"Sim";1;0;0;0;1;0;0;1;-29,11727;-51,115208;"SPRF-RS";"DEL05-RS";"UOP01-DEL05-RS"
307403;2020-09-12;"sábado";"08:20:00";"SC";101;216,3;"PALHOCA";"Falta de Atenção à Condução";"Colisão lateral";"Com Vítimas Feridas";"Pleno dia";"Crescente";"Sol";"Múltipla";"Viaduto;Retorno Regulamentado;Reta";"Sim";2;0;1;0;1;0;1;2;-27,65981409;-48,67747798;"SPRF-SC";"DEL01-SC";"UOP02-DEL01-SC"
307404;2020-09-12;"sábado";"08:00:00";"ES";259;79,1;"COLATINA";"Falta de Atenção à Condução";"Saída de leito carroçável";"Com Vítimas Feridas";"Pleno dia";"Crescente";"Céu Claro";"Simples";"Curva";"Não";1;0;0;1;0;0;1;1;-19,5226418;-40,82552691;"SPRF-ES";"DEL02-ES";"UOP01-DEL02-ES"
307406;2020-08-22;"sábado";"16:30:00";"PA";308;199;"BRAGANCA";"Ultrapassagem Indevida";"Colisão lateral";"Com Vítimas Feridas";"Pleno dia";"Decrescente";"Céu Claro";"Simples";"Reta";"Não";4;0;3;0;1;0;3;2;-1,06393128;-46,80393098;"SPRF-PA";"DEL01-PA";"UOP03-DEL01-PA"
307408;2020-09-12;"sábado";"09:08:00";"GO";70;4;"AGUAS LINDAS DE GOIAS";"Desobediência às normas de trânsito pelo condutor";"Colisão lateral";"Com Vítimas Feridas";"Pleno dia";"Decrescente";"Céu Claro";"Múltipla";"Reta";"Sim";2;0;1;0;1;0;1;2;-15,759838;-48,246011;"SPRF-DF";"DEL03-DF";"UOP02-DEL03-DF"
307410;2020-09-12;"sábado";"09:32:00";"SC";101;194;"BIGUACU";"Falta de Atenção à Condução";"Colisão traseira";"Com Vítimas Feridas";"Pleno dia";"Decrescente";"Céu Claro";"Dupla";"Reta";"Sim";2;0;1;0;1;0;1;2;-27,49815117;-48,65661236;"SPRF-SC";"DEL01-SC";"UOP01-DEL01-SC"
307411;2020-09-12;"sábado";"08:45:00";"PB";101;89,5;"JOAO PESSOA";"Falta de Atenção à Condução";"Colisão transversal";"Com Vítimas Feridas";"Pleno dia";"Decrescente";"Céu Claro";"Dupla";"Retorno Regulamentado";"Sim";2;0;1;0;1;0;1;2;-7,1710694;-34,89765372;"SPRF-PB";"DEL01-PB";"UOP02-DEL01-PB"
307413;2020-09-12;"sábado";"08:20:00";"RJ";101;415,5;"MANGARATIBA";"Desobediência às normas de trânsito pelo condutor";"Colisão frontal";"Com Vítimas Feridas";"Pleno dia";"Decrescente";"Céu Claro";"Dupla";"Interseção de Vias";"Não";7;0;6;0;1;0;6;2;-22,90729503;-43,89024997;"SPRF-RJ";"DEL03-RJ";"UOP03-DEL03-RJ"
307414;2020-09-12;"sábado";"07:05:00";"ES";482;41,6;"CACHOEIRO DE ITAPEMIRIM";"Defeito Mecânico no Veículo";"Tombamento";"Com Vítimas Feridas";"Amanhecer";"Crescente";"Céu Claro";"Simples";"Curva";"Não";2;0;2;0;0;0;2;1;-20,76235136;-41,20394888;"SPRF-ES";"DEL03-ES";"UOP02-DEL03-ES"
307415;2020-08-22;"sábado";"15:00:00";"PA";230;618,5;"VITORIA DO XINGU";"Defeito Mecânico no Veículo";"Colisão com objeto estático";"Com Vítimas Feridas";"Pleno dia";"Decrescente";"Chuva";"Simples";"Reta";"Não";4;0;1;0;3;0;1;1;-3,17076331;-52,05155899;"SPRF-PA";"DEL04-PA";"UOP01-DEL04-PA"
307416;2020-09-04;"sexta-feira";"15:40:00";"RJ";101;402;"ITAGUAI";"Falta de Atenção à Condução";"Tombamento";"Com Vítimas Feridas";"Pleno dia";"Crescente";"Céu Claro";"Dupla";"Reta";"Sim";8;0;6;1;1;0;7;1;-22,85437433;-43,78440169;"SPRF-RJ";"DEL03-RJ";"UOP01-DEL03-RJ"
307417;2020-09-12;"sábado";"08:30:00";"MT";163;523,2;"DIAMANTINO";"Defeito Mecânico no Veículo";"Capotamento";"Com Vítimas Feridas";"Pleno dia";"Crescente";"Céu Claro";"Simples";"Reta";"Não";1;0;1;0;0;0;1;1;-14,49816415;-56,19050987;"SPRF-MT";"DEL01-MT";"UOP01-DEL01-MT"
307420;2020-09-12;"sábado";"10:10:00";"ES";262;4,8;"CARIACICA";"Falta de Atenção à Condução";"Colisão traseira";"Com Vítimas Feridas";"Pleno dia";"Decrescente";"Céu Claro";"Dupla";"Reta";"Sim";3;0;1;0;2;0;1;2;-20,33609327;-40,37812784;"SPRF-ES";"DEL01-ES";"UOP01-DEL01-ES"
307423;2020-09-12;"sábado";"10:00:00";"RS";116;142,6;"CAXIAS DO SUL";"Pista Escorregadia";"Colisão com objeto estático";"Com Vítimas Feridas";"Pleno dia";"Crescente";"Garoa/Chuvisco";"Dupla";"Curva";"Sim";3;0;2;0;1;0;2;1;-29,11727;-51,115208;"SPRF-RS";"DEL05-RS";"UOP01-DEL05-RS"