"id";"data_inversa";"dia_semana";"horario";"uf";"br";"km";"municipio";"causa_acidente";"tipo_acidente";"classificacao_acidente";"fase_dia";"sentido_via";"condicao_metereologica";"tipo_pista";"tracado_via";"uso_solo";"pessoas";"mortos";"feridos_leves";"feridos_graves";"ilesos";"ignorados";"feridos";"veiculos";"latitude";"longitude";"regional";"delegacia";"uop"
307426;2020-09-12;"sábado";"10:00:00";"SE";235;3,5;"ARACAJU";"Falta de Atenção à Condução";"Colisão traseira";"Com Vítimas Feridas";"Pleno dia";"Crescente";"Céu Claro";"Dupla";"Reta;Declive";"Não";2;0;1;0;1;0;1;2;-10,9059;-37,111;"SPRF-SE";"DEL01-SE";"UOP01-DEL01-SE"
307428;2020-07-04;"sábado";"19:30:00";"MG";381;324;"NOVA ERA";"Velocidade Incompatível";"Tombamento";"Com Vítimas Feridas";"Plena Noite";"Decrescente";"Céu Claro";"Simples";"Curva";"Não";1;0;0;1;0;0;1;1;-19,72497867;-43,00924301;"SPRF-MG";"DEL03-MG";"UOP02-DEL03-MG"
307429;2020-09-12;"sábado";"11:20:00";"SP";153;96;"JACI";"Defeito Mecânico no Veículo";"Incêndio";"Sem Vítimas";"Pleno dia";"Crescente";"Sol";"Simples";"Reta";"Não";1;0;0;0;1;0;0;1;-20,97759804;-49,61145294;"SPRF-SP";"DEL09-SP";"UOP01-DEL09-SP"
307430;2020-09-12;"sábado";"10:50:00";"SP";381;90;"GUARULHOS";"Pista Escorregadia";"Queda de ocupante de veículo";"Com Vítimas Feridas";"Pleno dia";"Decrescente";"Sol";"Dupla";"Curva";"Sim";1;0;1;0;0;0;1;1;-23,50022637;-46,55907154;"SPRF-SP";"DEL03-SP";"UOP01-DEL03-SP"
307432;2020-09-12;"sábado";"11:25:00";"SC";101;274;"IMBITUBA";"Velocidade Incompatível";"Tombamento";"Com Vítimas Feridas";"Pleno dia";"Decrescente";"Céu Claro";"Simples";"Curva";"Não";2;0;2;0;0;0;2;1;-28,129852;-48,69322;"SPRF-SC";"DEL02-SC";"UOP03-DEL02-SC"
307433;2020-09-12;"sábado";"11:35:00";"PE";101;68,3;"RECIFE";"Falta de Atenção à Condução";"Colisão transversal";"Com Vítimas Feridas";"Pleno dia";"Decrescente";"Céu Claro";"Dupla";"Reta";"Sim";3;0;1;2;0;0;3;2;-8,053674;-34,946183;"SPRF-PE";"DEL01-PE";"UOP01-DEL01-PE"
307434;2020-09-12;"sábado";"11:00:00";"BA";101;869;"TEIXEIRA DE FREITAS";"Defeito Mecânico no Veículo";"Engavetamento";"Sem Vítimas";"Pleno dia";"Decrescente";"Sol";"Simples";"Reta";"Não";5;0;0;0;5;0;0;3;-17,47205;-39,70531;"SPRF-BA";"DEL09-BA";"UOP02-DEL09-BA"
307435;2020-09-12;"sábado";"11:05:00";"MG";262;440,6;"NOVA SERRANA";"Falta de Atenção à Condução";"Colisão com objeto estático";"Com Vítimas Feridas";"Pleno dia";"Decrescente";"Céu Claro";"Dupla";"Reta";"Não";2;0;1;0;1;0;1;2;-19,88607114;-44,89407411;"SPRF-MG";"DEL08-MG";"UOP03-DEL08-MG"
307438;2020-09-12;"sábado";"12:30:00";"CE";20;419;"MARACANAU";"Falta de Atenção à Condução";"Colisão traseira";"Com Vítimas Feridas";"Pleno dia";"Crescente";"Céu Claro";"Simples";"Reta";"Sim";2;0;1;0;1;0;1;2;-3,76999035;-38,67006282;"SPRF-CE";"DEL01-CE";"UOP02-DEL01-CE"
307439;2020-09-12;"sábado";"11:50:00";"SC";280;128;"RIO NEGRINHO";"Desobediência às normas de trânsito pelo condutor";"Colisão frontal";"Com Vítimas Feridas";"Pleno dia";"Decrescente";"Céu Claro";"Simples";"Reta;Aclive";"Sim";2;0;0;2;0;0;2;2;-26,24317941;-49,51320018;"SPRF-SC";"DEL06-SC";"UOP03-DEL06-SC"
307441;2020-09-12;"sábado";"02:30:00";"MG";116;76,2;"MEDINA";"Condutor Dormindo";"Saída de leito carroçável";"Com Vítimas Feridas";"Plena Noite";"Crescente";"Ignorado";"Simples";"Curva";"Não";1;0;0;1;0;0;1;1;-16,25247313;-41,47027228;"SPRF-MG";"DEL11-MG";"UOP02-DEL11-MG"
307442;2020-09-12;"sábado";"10:55:00";"SC";101;1,3;"GARUVA";"Mal Súbito";"Colisão com objeto estático";"Com Vítimas Feridas";"Pleno dia";"Crescente";"Céu Claro";"Múltipla";"Reta";"Não";1;0;1;0;0;0;1;1;-25,99126599;-48,88182163;"SPRF-SC";"DEL03-SC";"UOP01-DEL03-SC"
307443;2020-09-12;"sábado";"12:00:00";"SC";101;290,9;"IMBITUBA";"Condutor Dormindo";"Colisão traseira";"Sem Vítimas";"Pleno dia";"Crescente";"Céu Claro";"Dupla";"Reta";"Não";2;0;0;0;2;0;0;2;-28,26202477;-48,70403355;"SPRF-SC";"DEL02-SC";"UOP03-DEL02-SC"
307444;2020-09-12;"sábado";"12:00:00";"MG";381;371;"SAO GONCALO DO RIO ABAIXO";"Velocidade Incompatível";"Queda de ocupante de veículo";"Com Vítimas Feridas";"Pleno dia";"Decrescente";"Céu Claro";"Simples";"Curva";"Não";1;0;0;1;0;0;1;1;-19,84407789;-43,30732499;"SPRF-MG";"DEL01-MG";"UOP01-DEL01-MG"
307445;2020-09-12;"sábado";"09:00:00";"AL";316;175,4;"BELEM";"Falta de Atenção à Condução";"Colisão traseira";"Com Vítimas Feridas";"Pleno dia";"Decrescente";"Céu Claro";"Simples";"Declive";"Não";2;0;1;0;1;0;1;2;-9,55232504;-36,51553105;"SPRF-AL";"DEL03-AL";"UOP01-DEL03-AL"
307446;2020-09-12;"sábado";"10:55:00";"PR";376;4,1;"APUCARANA";"Não guardar distância de segurança";"Colisão traseira";"Sem Vítimas";"Pleno dia";"Decrescente";"Céu Claro";"Dupla";"Reta";"Sim";2;0;0;0;2;0;0;2;-23,55499575;-51,44469763;"SPRF-PR";"DEL07-PR";"UOP03-DEL07-PR"
307447;2020-09-12;"sábado";"13:14:00";"SC";101;182,7;"BIGUACU";"Ingestão de Álcool";"Saída de leito carroçável";"Com Vítimas Feridas";"Pleno dia";"Decrescente";"Céu Claro";"Dupla";"Reta";"Sim";1;0;1;0;0;0;1;1;-27,39798985;-48,6303592;"SPRF-SC";"DEL01-SC";"UOP01-DEL01-SC"
307448;2020-09-12;"sábado";"11:25:00";"PR";376;287,6;"MAUA DA SERRA";"Falta de Atenção à Condução";"Saída de leito carroçável";"Com Vítimas Feridas";"Pleno dia";"Decrescente";"Céu Claro";"Dupla";"Curva";"Não";1;0;1;0;0;0;1;1;-23,87962;-51,24965;"SPRF-PR";"DEL07-PR";"UOP03-DEL07-PR"
307449;2020-09-12;"sábado";"13:10:00";"SC";470;62,2;"INDAIAL";"Falta de Atenção à Condução";"Colisão transversal";"Com Vítimas Feridas";"Pleno dia";"Crescente";"Céu Claro";"Simples";"Reta";"Sim";2;0;0;1;1;0;1;2;-26,874521;-49,182938;"SPRF-SC";"DEL04-SC";"UOP01-DEL04-SC"
307450;2020-09-12;"sábado";"12:00:00";"ES";101;159;"LINHARES";"Falta de Atenção à Condução";"Colisão transversal";"Com Vítimas Feridas";"Pleno dia";"Crescente";"Céu Claro";"Simples";"Retorno Regulamentado";"Não";3;0;2;0;1;0;2;2;-19,4684012;-40,1102557;"SPRF-ES";"DEL04-ES";"UOP01-DEL04-ES"
307451;2020-09-12;"sábado";"13:00:00";"MG";262;37,1;"MANHUACU";"Ingestão de Álcool";"Atropelamento de Pedestre";"Com Vítimas Feridas";"Pleno dia";"Crescente";"Céu Claro";"Simples";"Curva";"Sim";2;0;1;0;1;0;1;2;-20,25748975;-42,03048732;"SPRF-MG";"DEL06-MG";"UOP03-DEL06-MG"
307452;2020-09-12;"sábado";"13:25:00";"RJ";101;295;"ITABORAI";"Não guardar distância de segurança";"Tombamento";"Com Vítimas Feridas";"Pleno dia";"Decrescente";"Sol";"Dupla";"Reta";"Sim";2;0;1;0;1;0;1;1;-22,76682312;-42,90710449;"SPRF-RJ";"DEL02-RJ";"UOP02-DEL02-RJ"
307453;2020-09-12;"sábado";"12:30:00";"PB";104;192,8;"ALCANTIL";"Não guardar distância de segurança";"Colisão traseira";"Com Vítimas Feridas";"Pleno dia";"Decrescente";"Céu Claro";"Simples";"Reta";"Sim";2;0;1;0;1;0;1;2;-7,73784713;-36,07930276;"SPRF-PB";"DEL02-PB";"UOP03-DEL02-PB"
307454;2020-09-12;"sábado";"13:45:00";"MG";40;517,2;"RIBEIRAO DAS NEVES";"Falta de Atenção à Condução";"Saída de leito carroçável";"Com Vítimas Feridas";"Pleno dia";"Crescente";"Céu Claro";"Dupla";"Reta";"Sim";2;0;2;0;0;0;2;1;-19,82351202;-44,08438913;"SPRF-MG";"DEL01-MG";"UOP02-DEL01-MG"
307455;2020-09-12;"sábado";"11:21:00";"MG";381;502,5;"BETIM";"Desobediência às normas de trânsito pelo pedestre";"Atropelamento de Pedestre";"Com Vítimas Fatais";"Pleno dia";"Crescente";"Sol";"Dupla";"Curva";"Sim";3;1;0;0;2;0;0;2;-20,03619694;-44,24586303;"SPRF-MG";"DEL01-MG";"UOP03-DEL01-MG"
307457;2020-09-12;"sábado";"13:50:00";"BA";324;560;"SAO SEBASTIAO DO PASSE";"Falta de Atenção à Condução";"Queda de ocupante de veículo";"Com Vítimas Feridas";"Pleno dia";"Decrescente";"Nublado";"Dupla";"Reta";"Não";2;0;2;0;0;0;2;1;-12,49250283;-38,65366887;"SPRF-BA";"DEL01-BA";"UOP01-DEL01-BA"
307458;2020-09-12;"sábado";"12:25:00";"SC";280;50,3;"GUARAMIRIM";"Desobediência às normas de trânsito pelo condutor";"Tombamento";"Com Vítimas Feridas";"Pleno dia";"Decrescente";"Sol";"Simples";"Reta";"Não";3;0;2;0;1;0;2;2;-26,46394603;-48,95129085;"SPRF-SC";"DEL03-SC";"UOP03-DEL03-SC"
307459;2020-09-12;"sábado";"14:20:00";"MG";381;578,3;"CARMOPOLIS DE MINAS";"Falta de Atenção à Condução";"Saída de leito carroçável";"Com Vítimas Feridas";"Pleno dia";"Crescente";"Sol";"Dupla";"Reta";"Não";2;0;1;0;1;0;1;1;-20,49228188;-44,60322315;"SPRF-MG";"DEL04-MG";"UOP01-DEL04-MG"
307462;2020-09-12;"sábado";"13:50:00";"RJ";101;313;"SAO GONCALO";"Falta de Atenção à Condução";"Capotamento";"Com Vítimas Feridas";"Pleno dia";"Decrescente";"Céu Claro";"Dupla";"Reta";"Sim";1;0;1;0;0;0;1;1;-22,81049093;-43,06983304;"SPRF-RJ";"DEL02-RJ";"UOP02-DEL02-RJ"
307463;2020-09-12;"sábado";"13:50:00";"SP";153;256,3;"MARILIA";"Velocidade Incompatível";"Colisão lateral";"Com Vítimas Feridas";"Pleno dia";"Crescente";"Céu Claro";"Dupla";"Reta";"Sim";2;0;2;0;0;0;2;2;-22,231552;-49,91968;"SPRF-SP";"DEL07-SP";"UOP02-DEL07-SP"
307464;2020-09-12;"sábado";"15:00:00";"MG";40;740,5;"SANTOS DUMONT";"Falta de Atenção à Condução";"Colisão transversal";"Com Vítimas Feridas";"Pleno dia";"Crescente";"Sol";"Simples";"Curva";"Sim";3;0;1;0;1;1;1;3;-21,39953901;-43,56507286;"SPRF-MG";"DEL05-MG";"UOP01-DEL05-MG"
307466;2020-09-12;"sábado";"15:00:00";"DF";60;21;"BRASILIA";"Defeito Mecânico no Veículo";"Saída de leito carroçável";"Com Vítimas Feridas";"Pleno dia";"Decrescente";"Céu Claro";"Dupla";"Reta";"Não";1;0;0;1;0;0;1;1;-15,979909;-48,206978;"SPRF-DF";"DEL03-DF";"UOP01-DEL03-DF"
307470;2020-09-12;"sábado";"15:40:00";"PA";316;31;"SANTA IZABEL DO PARA";"Pista Escorregadia";"Saída de leito carroçável";"Sem Vítimas";"Pleno dia";"Decrescente";"Chuva";"Dupla";"Curva";"Não";1;0;0;0;1;0;0;1;-1,298408;-48,1895;"SPRF-PA";"DEL01-PA";"UOP01-DEL01-PA"
307471;2020-09-12;"sábado";"10:00:00";"MT";163;742;"SORRISO";"Não guardar distância de segurança";"Colisão traseira";"Com Vítimas Feridas";"Pleno dia";"Crescente";"Céu Claro";"Simples";"Reta";"Não";3;0;0;1;1;1;1;2;-12,73209396;-55,83052739;"SPRF-MT";"DEL06-MT";"UOP01-DEL06-MT"
307475;2020-09-12;"sábado";"15:40:00";"ES";101;16,9;"PEDRO CANARIO";"Falta de Atenção à Condução";"Colisão traseira";"Com Vítimas Feridas";"Pleno dia";"Decrescente";"Céu Claro";"Dupla";"Curva;Aclive";"Sim";2;0;0;1;0;1;1;2;-18,29874595;-39,95732581;"SPRF-ES";"DEL04-ES";"UOP02-DEL04-ES"
307476;2020-09-12;"sábado";"15:40:00";"RJ";116;283;"BARRA MANSA";"Não guardar distância de segurança";"Colisão lateral";"Com Vítimas Feridas";"Pleno dia";"Decrescente";"Céu Claro";"Dupla";"Curva";"Não";2;0;1;0;1;0;1;2;-22,51669896;-44,20814495;"SPRF-RJ";"DEL07-RJ";"UOP02-DEL07-RJ"
307477;2020-09-12;"sábado";"16:30:00";"MG";40;519;"CONTAGEM";"Falta de Atenção à Condução";"Saída de leito carroçável";"Sem Vítimas";"Pleno dia";"Crescente";"Sol";"Dupla";"Reta";"Sim";1;0;0;0;0;1;0;1;-19,83957589;-44,07684485;"SPRF-MG";"DEL01-MG";"UOP02-DEL01-MG"
307478;2020-09-12;"sábado";"13:05:00";"SC";280;30;"ARAQUARI";"Falta de Atenção à Condução";"Colisão traseira";"Sem Vítimas";"Pleno dia";"Decrescente";"Céu Claro";"Simples";"Reta";"Não";3;0;0;0;3;0;0;3;-26,4141523;-48,76209493;"SPRF-SC";"DEL03-SC";"UOP03-DEL03-SC"
307480;2020-09-12;"sábado";"16:30:00";"MG";365;464;"PATROCINIO";"Falta de Atenção à Condução";"Colisão transversal";"Com Vítimas Feridas";"Pleno dia";"Crescente";"Céu Claro";"Simples";"Reta";"Não";3;0;3;0;0;0;3;2;-18,89319247;-46,94110394;"SPRF-MG";"DEL10-MG";"UOP01-DEL10-MG"
307482;2020-09-12;"sábado";"13:00:00";"MG";50;49,5;"ARAGUARI";"Falta de Atenção à Condução";"Tombamento";"Com Vítimas Feridas";"Pleno dia";"Crescente";"Sol";"Dupla";"Reta";"Não";1;0;1;0;0;0;1;1;-18,73001552;-48,22061517;"SPRF-MG";"DEL15-MG";"UOP02-DEL15-MG"
307483;2020-09-12;"sábado";"16:35:00";"PR";163;60,7;"PEROLA DOESTE";"Ultrapassagem Indevida";"Saída de leito carroçável";"Com Vítimas Feridas";"Pleno dia";"Crescente";"Céu Claro";"Simples";"Reta;Aclive";"Não";2;0;1;1;0;0;2;1;-25,862175;-53,743765;"SPRF-PR";"DEL02-PR";"UOP02-DEL02-PR"
307484;2020-09-12;"sábado";"17:25:00";"CE";116;19;"EUSEBIO";"Ingestão de Álcool";"Colisão traseira";"Com Vítimas Feridas";"Anoitecer";"Decrescente";"Céu Claro";"Dupla";"Reta";"Não";3;0;1;0;0;2;1;2;-3,91962789;-38,50706231;"SPRF-CE";"DEL01-CE";"UOP02-DEL01-CE"
307487;2020-09-12;"sábado";"17:30:00";"PR";163;65,7;"PEROLA DOESTE";"Ingestão de Álcool";"Colisão transversal";"Sem Vítimas";"Pleno dia";"Decrescente";"Sol";"Simples";"Curva";"Não";1;0;0;0;1;0;0;1;-25,82554372;-53,75061035;"SPRF-PR";"DEL02-PR";"UOP02-DEL02-PR"
307489;2020-09-12;"sábado";"17:50:00";"PE";101;58,6;"ABREU E LIMA";"Não guardar distância de segurança";"Colisão traseira";"Com Vítimas Feridas";"Anoitecer";"Crescente";"Céu Claro";"Dupla";"Reta";"Não";5;0;1;0;3;1;1;5;-7,97063209;-34,92064675;"SPRF-PE";"DEL01-PE";"UOP02-DEL01-PE"
307494;2020-09-12;"sábado";"07:45:00";"MG";262;37,1;"MANHUACU";"Falta de Atenção à Condução";"Colisão lateral";"Com Vítimas Feridas";"Pleno dia";"Crescente";"Sol";"Simples";"Curva";"Sim";2;0;1;0;0;1;1;2;-20,25748975;-42,03048732;"SPRF-MG";"DEL06-MG";"UOP03-DEL06-MG"
307495;2020-09-12;"sábado";"17:45:00";"RJ";393;274;"BARRA DO PIRAI";"Falta de Atenção à Condução";"Tombamento";"Com Vítimas Feridas";"Plena Noite";"Crescente";"Céu Claro";"Simples";"Curva";"Não";1;0;1;0;0;0;1;1;-22,48328327;-43,96042792;"SPRF-RJ";"DEL05-RJ";"UOP04-DEL05-RJ"
307498;2020-09-12;"sábado";"18:40:00";"GO";414;411,3;"ABADIANIA";"Ultrapassagem Indevida";"Colisão frontal";"Com Vítimas Feridas";"Anoitecer";"Crescente";"Céu Claro";"Simples";"Reta;Declive";"Não";5;0;1;1;2;1;2;3;-16,06759307;-48,85406442;"SPRF-GO";"DEL02-GO";"UOP01-DEL02-GO"
307499;2020-09-12;"sábado";"18:10:00";"MG";40;618;"CONGONHAS";"Falta de Atenção à Condução";"Colisão traseira";"Com Vítimas Feridas";"Plena Noite";"Crescente";"Céu Claro";"Simples";"Reta";"Não";2;0;2;0;0;0;2;2;-20,5615888;-43,81227278;"SPRF-MG";"DEL05-MG";"UOP02-DEL05-MG"
307500;2020-09-12;"sábado";"16:20:00";"GO";60;12;"SANTO ANTONIO DO DESCOBERTO";"Falta de Atenção à Condução";"Colisão traseira";"Com Vítimas Feridas";"Pleno dia";"Decrescente";"Céu Claro";"Dupla";"Reta";"Não";4;0;2;0;1;1;2;2;-16,114623;-48,33369;"SPRF-DF";"DEL03-DF";"UOP01-DEL03-DF"
307502;2020-09-12;"sábado";"18:40:00";"ES";393;23,7;"MUQUI";"Falta de Atenção à Condução";"Tombamento";"Com Vítimas Feridas";"Plena Noite";"Crescente";"Céu Claro";"Simples";"Curva";"Não";1;0;0;1;0;0;1;1;-20,94057167;-41,33099715;"SPRF-ES";"DEL03-ES";"UOP02-DEL03-ES"
307503;2020-09-12;"sábado";"18:15:00";"PB";104;129,7;"CAMPINA GRANDE";"Desobediência às normas de trânsito pelo condutor";"Colisão lateral";"Com Vítimas Feridas";"Plena Noite";"Crescente";"Céu Claro";"Dupla";"Retorno Regulamentado";"Não";2;0;1;0;1;0;1;2;-7,27838928;-35,88884711;"SPRF-PB";"DEL02-PB";"UOP03-DEL02-PB"
307504;2020-09-12;"sábado";"18:20:00";"SP";116;161,6;"JACAREI";"Ingestão de Álcool";"Colisão com objeto estático";"Com Vítimas Feridas";"Plena Noite";"Crescente";"Céu Claro";"Múltipla";"Reta";"Sim";1;0;1;0;0;0;1;1;-23,27617003;-45,97592098;"SPRF-SP";"DEL02-SP";"UOP01-DEL02-SP"
307507;2020-09-12;"sábado";"19:10:00";"CE";304;41,9;"ARACATI";"Ingestão de Álcool";"Saída de leito carroçável";"Com Vítimas Feridas";"Plena Noite";"Decrescente";"Céu Claro";"Simples";"Reta";"Não";1;0;1;0;0;0;1;1;-4,57934524;-37,83355999;"SPRF-CE";"DEL03-CE";"UOP03-DEL03-CE"
307508;2020-09-12;"sábado";"18:40:00";"RJ";116;175;"NOVA IGUACU";"Falta de Atenção à Condução";"Colisão traseira";"Com Vítimas Feridas";"Plena Noite";"Decrescente";"Céu Claro";"Dupla";"Reta";"Sim";3;0;1;0;2;0;1;2;-22,78923555;-43,37275272;"SPRF-RJ";"DEL01-RJ";"UOP02-DEL01-RJ"
307510;2020-09-12;"sábado";"18:50:00";"BA";101;878;"TEIXEIRA DE FREITAS";"Falta de Atenção à Condução";"Colisão transversal";"Com Vítimas Feridas";"Plena Noite";"Crescente";"Nublado";"Simples";"Reta";"Sim";3;0;2;0;0;1;2;2;-17,54932557;-39,7208266;"SPRF-BA";"DEL09-BA";"UOP02-DEL09-BA"
307511;2020-09-12;"sábado";"14:00:00";"TO";153;146;"ARAGUAINA";"Ingestão de Álcool";"Colisão transversal";"Com Vítimas Feridas";"Pleno dia";"Decrescente";"Céu Claro";"Dupla";"Interseção de Vias";"Sim";2;0;0;1;0;1;1;2;-7,21337786;-48,24431331;"SPRF-TO";"DEL02-TO";"UOP01-DEL02-TO"
307512;2020-09-12;"sábado";"19:00:00";"CE";403;126;"SOBRAL";"Deficiência ou não Acionamento do Sistema de Iluminação/Sinalização do Veículo";"Colisão traseira";"Com Vítimas Feridas";"Plena Noite";"Decrescente";"Céu Claro";"Simples";"Reta";"Não";2;0;1;1;0;0;2;2;-3,74557501;-40,47718003;"SPRF-CE";"DEL04-CE";"UOP01-DEL04-CE"
307513;2020-09-12;"sábado";"18:45:00";"PA";222;243;"MARABA";"Ingestão de Álcool";"Colisão frontal";"Com Vítimas Feridas";"Plena Noite";"Decrescente";"Céu Claro";"Simples";"Reta";"Não";2;0;0;1;1;0;1;2;-5,339671;-49,08239;"SPRF-PA";"DEL03-PA";"UOP01-DEL03-PA"
307517;2020-09-12;"sábado";"18:30:00";"AP";210;2;"MACAPA";"Não guardar distância de segurança";"Colisão traseira";"Com Vítimas Feridas";"Plena Noite";"Crescente";"Céu Claro";"Dupla";"Reta";"Sim";4;0;1;0;3;0;1;3;0,08282017;-51,07776189;"SPRF-AP";"DEL01-AP";"UOP01-DEL01-AP"
307519;2020-09-12;"sábado";"19:00:00";"PE";408;70,9;"PAUDALHO";"Desobediência às normas de trânsito pelo condutor";"Colisão frontal";"Com Vítimas Fatais";"Plena Noite";"Crescente";"Céu Claro";"Dupla";"Reta";"Sim";3;1;2;0;0;0;2;2;-7,87784;-35,184247;"SPRF-PE";"DEL01-PE";"UOP01-DEL01-PE"
307520;2020-09-12;"sábado";"18:50:00";"ES";101;259,1;"SERRA";"Falta de Atenção à Condução";"Colisão lateral";"Com Vítimas Feridas";"Plena Noite";"Decrescente";"Céu Claro";"Dupla";"Declive";"Sim";3;0;1;1;0;1;2;2;-20,21740496;-40,26990578;"SPRF-ES";"DEL02-ES";"UOP01-DEL02-ES"
307523;2020-09-12;"sábado";"19:00:00";"PR";116;173;"QUITANDINHA";"Falta de Atenção à Condução";"Colisão transversal";"Com Vítimas Feridas";"Plena Noite";"Decrescente";"Céu Claro";"Simples";"Reta";"Não";2;0;0;2;0;0;2;2;-25,88683841;-49,50745792;"SPRF-PR";"DEL01-PR";"UOP03-DEL01-PR"
307524;2020-09-12;"sábado";"19:30:00";"GO";60;217,5;"VARJAO";"Velocidade Incompatível";"Colisão com objeto estático";"Com Vítimas Fatais";"Plena Noite";"Crescente";"Céu Claro";"Dupla";"Retorno Regulamentado";"Não";3;1;2;0;0;0;2;1;-16,977697;-49,743379;"SPRF-GO";"DEL01-GO";"UOP02-DEL01-GO"
307525;2020-09-12;"sábado";"20:30:00";"SE";101;183;"UMBAUBA";"Desobediência às normas de trânsito pelo condutor";"Queda de ocupante de veículo";"Com Vítimas Feridas";"Plena Noite";"Decrescente";"Céu Claro";"Simples";"Reta;Declive";"Sim";1;0;0;1;0;0;1;1;-11,37900039;-37,6630326;"SPRF-SE";"DEL02-SE";"UOP03-DEL02-SE"
307526;2020-05-04;"segunda-feira";"18:00:00";"PI";402;95,8;"CAJUEIRO DA PRAIA";"Ingestão de Álcool";"Queda de ocupante de veículo";"Com Vítimas Feridas";"Plena Noite";"Crescente";"Chuva";"Simples";"Reta";"Não";2;0;1;0;1;0;1;2;-3,06582162;-41,29346991;"SPRF-PI";"DEL05-PI";"UOP01-DEL05-PI"
307527;2020-09-12;"sábado";"18:10:00";"GO";153;490;"GOIANIA";"Ingestão de Álcool";"Colisão lateral";"Sem Vítimas";"Anoitecer";"Crescente";"Céu Claro";"Dupla";"Viaduto;Reta";"Sim";2;0;0;0;2;0;0;2;-16,6298;-49,2056;"SPRF-GO";"DEL01-GO";"UOP01-DEL01-GO"
307528;2020-09-12;"sábado";"20:20:00";"SC";101;410;"ARARANGUA";"Falta de Atenção à Condução";"Colisão traseira";"Sem Vítimas";"Plena Noite";"Decrescente";"Ignorado";"Dupla";"Reta";"Sim";3;0;0;0;2;1;0;3;-28,9225061;-49,4913107;"SPRF-SC";"DEL02-SC";"UOP02-DEL02-SC"
307530;2020-09-12;"sábado";"20:40:00";"GO";40;27,6;"LUZIANIA";"Ingestão de Álcool";"Colisão transversal";"Com Vítimas Feridas";"Plena Noite";"Decrescente";"Céu Claro";"Dupla";"Interseção de Vias";"Não";3;0;3;0;0;0;3;2;-16,268349;-47,883406;"SPRF-DF";"DEL01-DF";"UOP01-DEL01-DF"
307531;2020-09-12;"sábado";"20:50:00";"GO";40;96,9;"CRISTALINA";"Desobediência às normas de trânsito pelo pedestre";"Colisão lateral";"Sem Vítimas";"Plena Noite";"Decrescente";"Céu Claro";"Simples";"Reta";"Sim";2;0;0;0;2;0;0;2;-16,75768;-47,601613;"SPRF-DF";"DEL01-DF";"UOP02-DEL01-DF"
307533;2020-09-12;"sábado";"21:00:00";"MG";262;491;"BETIM";"Falta de Atenção à Condução";"Colisão traseira";"Com Vítimas Feridas";"Plena Noite";"Crescente";"Céu Claro";"Dupla";"Reta";"Não";2;0;1;0;1;0;1;2;-19,9587289;-44,1532588;"SPRF-MG";"DEL08-MG";"UOP03-DEL08-MG"
307534;2020-09-12;"sábado";"19:15:00";"RN";101;176;"CANGUARETAMA";"Velocidade Incompatível";"Capotamento";"Com Vítimas Feridas";"Plena Noite";"Crescente";"Céu Claro";"Dupla";"Curva";"Não";1;0;1;0;0;0;1;1;-6,50166475;-35,11200246;"SPRF-RN";"DEL01-RN";"UOP01-DEL01-RN"
307535;2020-08-25;"terça-feira";"14:20:00";"PE";316;79;"OURICURI";"Falta de Atenção à Condução";"Saída de leito carroçável";"Com Vítimas Feridas";"Pleno dia";"Decrescente";"Céu Claro";"Simples";"Reta";"Não";1;0;1;0;0;0;1;1;-7,85585332;-40,11547828;"SPRF-PE";"DEL05-PE";"UOP02-DEL05-PE"
307537;2020-09-12;"sábado";"21:00:00";"PE";232;110,1;"BEZERROS";"Velocidade Incompatível";"Saída de leito carroçável";"Com Vítimas Feridas";"Plena Noite";"Crescente";"Céu Claro";"Dupla";"Retorno Regulamentado";"Não";2;0;2;0;0;0;2;1;-8,28634529;-35,81755579;"SPRF-PE";"DEL02-PE";"UOP03-DEL02-PE"
307539;2020-09-12;"sábado";"20:30:00";"PI";316;313;"PICOS";"Falta de Atenção à Condução";"Colisão com objeto estático";"Sem Vítimas";"Plena Noite";"Decrescente";"Céu Claro";"Simples";"Reta";"Sim";1;0;0;0;0;1;0;1;-7,07959049;-41,44975182;"SPRF-PI";"DEL04-PI";"UOP01-DEL04-PI"
307540;2020-09-12;"sábado";"21:30:00";"MG";365;665;"MONTE ALEGRE DE MINAS";"Animais na Pista";"Atropelamento de Animal";"Com Vítimas Feridas";"Plena Noite";"Decrescente";"Nublado";"Dupla";"Reta";"Não";3;0;2;0;1;0;2;1;-18,89197446;-48,68891308;"SPRF-MG";"DEL15-MG";"UOP01-DEL15-MG"
307541;2020-09-12;"sábado";"18:30:00";"RN";101;73,8;"NATAL";"Defeito Mecânico no Veículo";"Colisão lateral";"Com Vítimas Fatais";"Plena Noite";"Crescente";"Céu Claro";"Simples";"Reta";"Não";3;1;0;0;0;2;0;3;-5,70687202;-35,26688397;"SPRF-RN";"DEL02-RN";"UOP01-DEL02-RN"
307542;2020-09-12;"sábado";"21:30:00";"DF";40;4;"BRASILIA";"Defeito na Via";"Saída de leito carroçável";"Com Vítimas Feridas";"Plena Noite";"Crescente";"Céu Claro";"Dupla";"Reta";"Não";1;0;1;0;0;0;1;1;-16,012033;-47,982124;"SPRF-DF";"DEL01-DF";"UOP01-DEL01-DF"