"id";"data_inversa";"dia_semana";"horario";"uf";"br";"km";"municipio";"causa_acidente";"tipo_acidente";"classificacao_acidente";"fase_dia";"sentido_via";"condicao_metereologica";"tipo_pista";"tracado_via";"uso_solo";"pessoas";"mortos";"feridos_leves";"feridos_graves";"ilesos";"ignorados";"feridos";"veiculos";"latitude";"longitude";"regional";"delegacia";"uop"
307544;2020-09-12;"sábado";"21:32:00";"AL";101;190;"JUNQUEIRO";"Deficiência ou não Acionamento do Sistema de Iluminação/Sinalização do Veículo";"Colisão frontal";"Com Vítimas Feridas";"Plena Noite";"Decrescente";"Céu Claro";"Simples";"Reta";"Não";2;0;0;2;0;0;2;2;-9,92466195;-36,47137449;"SPRF-AL";"DEL02-AL";"UOP02-DEL02-AL"
307545;2020-09-12;"sábado";"21:00:00";"RS";116;530,1;"CAPAO DO LEAO";"Falta de Atenção à Condução";"Colisão transversal";"Com Vítimas Feridas";"Plena Noite";"Crescente";"Nublado";"Simples";"Interseção de Vias";"Sim";2;0;1;0;1;0;1;2;-31,7590834;-52,43687971;"SPRF-RS";"DEL07-RS";"UOP01-DEL07-RS"
307547;2020-09-12;"sábado";"22:00:00";"SP";116;464;"PARIQUERA-ACU";"Falta de Atenção à Condução";"Queda de ocupante de veículo";"Com Vítimas Feridas";"Plena Noite";"Decrescente";"Céu Claro";"Dupla";"Reta";"Não";1;0;1;0;0;0;1;1;-24,63517676;-47,90877722;"SPRF-SP";"DEL05-SP";"UOP01-DEL05-SP"
307548;2020-09-12;"sábado";"22:15:00";"MG";50;70;"UBERLANDIA";"Falta de Atenção à Condução";"Colisão com objeto estático";"Com Vítimas Feridas";"Plena Noite";"Crescente";"Céu Claro";"Dupla";"Declive;Reta";"Não";4;0;3;1;0;0;4;1;-18,89203435;-48,25435077;"SPRF-MG";"DEL15-MG";"UOP01-DEL15-MG"
307549;2020-09-12;"sábado";"22:05:00";"SC";101;214,6;"PALHOCA";"Desobediência às normas de trânsito pelo condutor";"Colisão traseira";"Com Vítimas Feridas";"Plena Noite";"Decrescente";"Nublado";"Múltipla";"Reta";"Sim";3;0;1;1;1;0;2;2;-27,64443;-48,67057;"SPRF-SC";"DEL01-SC";"UOP02-DEL01-SC"
307550;2020-09-12;"sábado";"21:00:00";"BA";101;694,1;"EUNAPOLIS";"Ingestão de Álcool";"Saída de leito carroçável";"Com Vítimas Feridas";"Plena Noite";"Crescente";"Céu Claro";"Simples";"Curva;Aclive";"Não";2;0;2;0;0;0;2;1;-16,20082812;-39,60639954;"SPRF-BA";"DEL09-BA";"UOP01-DEL09-BA"
307551;2020-09-12;"sábado";"21:40:00";"RS";287;249;"SANTA MARIA";"Falta de Atenção à Condução";"Tombamento";"Com Vítimas Feridas";"Plena Noite";"Crescente";"Nublado";"Simples";"Desvio Temporário;Reta;Em Obras";"Sim";1;0;1;0;0;0;1;1;-29,69400654;-53,86100019;"SPRF-RS";"DEL09-RS";"UOP01-DEL09-RS"
307553;2020-09-12;"sábado";"18:10:00";"PI";135;182;"MANOEL EMIDIO";"Deficiência ou não Acionamento do Sistema de Iluminação/Sinalização do Veículo";"Colisão traseira";"Com Vítimas Feridas";"Anoitecer";"Decrescente";"Céu Claro";"Simples";"Reta";"Não";2;0;0;2;0;0;2;2;-8,01769911;-43,83106502;"SPRF-PI";"DEL03-PI";"UOP01-DEL03-PI"
307554;2020-09-12;"sábado";"22:05:00";"PR";369;129,2;"JATAIZINHO";"Ingestão de Álcool";"Colisão com objeto estático";"Sem Vítimas";"Plena Noite";"Crescente";"Céu Claro";"Simples";"Reta";"Sim";4;0;0;0;4;0;0;1;-23,2621639;-50,97739175;"SPRF-PR";"DEL07-PR";"UOP01-DEL07-PR"
307555;2020-09-12;"sábado";"22:20:00";"RS";290;88;"PORTO ALEGRE";"Ingestão de Álcool";"Saída de leito carroçável";"Sem Vítimas";"Plena Noite";"Crescente";"Chuva";"Dupla";"Reta";"Sim";1;0;0;0;1;0;0;1;-29,967531;-51,137264;"SPRF-RS";"DEL01-RS";"UOP01-DEL01-RS"
307556;2020-09-12;"sábado";"21:30:00";"SP";381;88,5;"SAO PAULO";"Falta de Atenção à Condução";"Capotamento";"Com Vítimas Feridas";"Plena Noite";"Crescente";"Céu Claro";"Dupla";"Curva";"Sim";2;0;1;0;1;0;1;1;-23,47469314;-46,56112919;"SPRF-SP";"DEL03-SP";"UOP01-DEL03-SP"
307557;2020-09-12;"sábado";"22:15:00";"RS";386;435;"NOVA SANTA RITA";"Desobediência às normas de trânsito pelo condutor";"Colisão transversal";"Com Vítimas Feridas";"Plena Noite";"Crescente";"Nublado";"Dupla";"Rotatória";"Sim";2;0;1;0;1;0;1;2;-29,84805146;-51,27091885;"SPRF-RS";"DEL04-RS";"UOP02-DEL04-RS"
307560;2020-09-12;"sábado";"21:45:00";"RS";101;84,7;"OSORIO";"Pista Escorregadia";"Saída de leito carroçável";"Sem Vítimas";"Plena Noite";"Decrescente";"Chuva";"Dupla";"Rotatória";"Não";4;0;0;0;4;0;0;1;-29,860072;-50,24883801;"SPRF-RS";"DEL03-RS";"UOP01-DEL03-RS"
307562;2020-09-12;"sábado";"21:40:00";"RR";174;482;"BOA VISTA";"Animais na Pista";"Atropelamento de Animal";"Com Vítimas Feridas";"Plena Noite";"Decrescente";"Céu Claro";"Simples";"Reta";"Não";1;0;1;0;0;0;1;1;2,710746;-60,838581;"SPRF-RR";"DEL01-RR";"UOP01-DEL01-RR"
307563;2020-09-12;"sábado";"19:10:00";"PR";373;175,2;"PONTA GROSSA";"Desobediência às normas de trânsito pelo condutor";"Colisão transversal";"Sem Vítimas";"Anoitecer";"Crescente";"Céu Claro";"Dupla";"Retorno Regulamentado;Reta";"Sim";2;0;0;0;2;0;0;2;-25,06728094;-50,21211882;"SPRF-PR";"DEL03-PR";"UOP04-DEL03-PR"
307564;2020-09-12;"sábado";"21:58:00";"RJ";101;320;"NITEROI";"Falta de Atenção à Condução";"Colisão com objeto estático";"Com Vítimas Feridas";"Plena Noite";"Decrescente";"Céu Claro";"Dupla";"Curva";"Sim";2;0;1;0;0;1;1;2;-22,86779247;-43,11039448;"SPRF-RJ";"DEL02-RJ";"UOP02-DEL02-RJ"
307565;2020-09-12;"sábado";"22:30:00";"ES";482;105;"GUACUI";"Falta de Atenção do Pedestre";"Atropelamento de Pedestre";"Com Vítimas Feridas";"Plena Noite";"Crescente";"Céu Claro";"Simples";"Reta";"Não";2;0;1;0;1;0;1;2;-20,777433;-41,66744;"SPRF-ES";"DEL03-ES";"UOP02-DEL03-ES"
307566;2020-09-12;"sábado";"22:10:00";"BA";242;4;"BARREIRAS";"Ingestão de Álcool";"Colisão com objeto estático";"Com Vítimas Feridas";"Plena Noite";"Decrescente";"Céu Claro";"Simples";"Curva";"Não";2;0;2;0;0;0;2;1;-12,1050371;-44,9638769;"SPRF-BA";"DEL10-BA";"UOP01-DEL10-BA"
307567;2020-09-12;"sábado";"21:25:00";"SC";282;620,2;"IRACEMINHA";"Ingestão de Álcool";"Capotamento";"Com Vítimas Feridas";"Plena Noite";"Decrescente";"Céu Claro";"Simples";"Reta";"Não";2;0;0;2;0;0;2;1;-26,799355;-53,308002;"SPRF-SC";"DEL07-SC";"UOP02-DEL07-SC"
307568;2020-09-12;"sábado";"22:50:00";"RJ";116;181,5;"NOVA IGUACU";"Falta de Atenção à Condução";"Colisão traseira";"Com Vítimas Feridas";"Plena Noite";"Decrescente";"Céu Claro";"Múltipla";"Reta";"Sim";2;0;1;0;1;0;1;2;-22,761312;-43,423492;"SPRF-RJ";"DEL01-RJ";"UOP02-DEL01-RJ"
307570;2020-09-13;"domingo";"00:10:00";"GO";153;509;"APARECIDA DE GOIANIA";"Falta de Atenção à Condução";"Tombamento";"Com Vítimas Feridas";"Plena Noite";"Decrescente";"Céu Claro";"Dupla";"Declive";"Sim";1;0;0;1;0;0;1;1;-16,7888;-49,2379;"SPRF-GO";"DEL01-GO";"UOP03-DEL01-GO"
307571;2020-09-12;"sábado";"23:25:00";"GO";40;27,1;"LUZIANIA";"Falta de Atenção à Condução";"Saída de leito carroçável";"Sem Vítimas";"Plena Noite";"Crescente";"Céu Claro";"Dupla";"Reta";"Não";1;0;0;0;1;0;0;1;-16,266185;-47,888241;"SPRF-DF";"DEL01-DF";"UOP01-DEL01-DF"
307572;2020-09-12;"sábado";"18:45:00";"MS";267;16,6;"BATAGUASSU";"Ingestão de Álcool";"Saída de leito carroçável";"Com Vítimas Feridas";"Plena Noite";"Crescente";"Céu Claro";"Simples";"Reta";"Não";2;0;1;0;1;0;1;1;-21,72576167;-52,29571101;"SPRF-MS";"DEL02-MS";"UOP04-DEL02-MS"
307573;2020-09-12;"sábado";"20:50:00";"PA";308;205,3;"BRAGANCA";"Desobediência às normas de trânsito pelo condutor";"Colisão transversal";"Com Vítimas Feridas";"Plena Noite";"Crescente";"Céu Claro";"Simples";"Reta";"Não";4;0;2;0;0;2;2;3;-1,06224412;-46,75386429;"SPRF-PA";"DEL01-PA";"UOP03-DEL01-PA"
307574;2020-09-13;"domingo";"00:30:00";"SC";101;117,6;"ITAJAI";"Ingestão de Álcool";"Capotamento";"Com Vítimas Feridas";"Plena Noite";"Decrescente";"Céu Claro";"Simples";"Reta";"Não";1;0;1;0;0;0;1;1;-26,88747187;-48,72252969;"SPRF-SC";"DEL04-SC";"UOP04-DEL04-SC"
307575;2020-09-13;"domingo";"00:20:00";"PR";116;112;"CURITIBA";"Falta de Atenção à Condução";"Saída de leito carroçável";"Sem Vítimas";"Plena Noite";"Crescente";"Céu Claro";"Dupla";"Reta";"Sim";1;0;0;0;0;1;0;1;-25,56730763;-49,23706792;"SPRF-PR";"DEL01-PR";"UOP01-DEL01-PR"
307577;2020-09-12;"sábado";"23:50:00";"PR";277;119;"CAMPO LARGO";"Desobediência às normas de trânsito pelo condutor";"Colisão transversal";"Com Vítimas Feridas";"Plena Noite";"Crescente";"Céu Claro";"Simples";"Reta";"Sim";2;0;1;0;1;0;1;2;-25,4330687;-49,43430906;"SPRF-PR";"DEL01-PR";"UOP03-DEL03-PR"
307578;2020-02-13;"quinta-feira";"09:10:00";"RN";110;127,4;"AUGUSTO SEVERO";"Falta de Atenção à Condução";"Colisão lateral";"Com Vítimas Feridas";"Pleno dia";"Crescente";"Céu Claro";"Dupla";"Reta";"Sim";1;0;0;1;0;0;1;1;-5,86185949;-37,31163561;"SPRF-RN";"DEL04-RN";"UOP01-DEL04-RN"
307579;2020-09-13;"domingo";"01:00:00";"SP";381;12,5;"BRAGANCA PAULISTA";"Falta de Atenção à Condução";"Saída de leito carroçável";"Com Vítimas Feridas";"Plena Noite";"Decrescente";"Céu Claro";"Dupla";"Reta;Declive";"Não";3;0;2;0;1;0;2;1;-22,92855105;-46,46168398;"SPRF-SP";"DEL03-SP";"UOP01-DEL03-SP"
307580;2020-09-12;"sábado";"21:50:00";"MA";135;15;"SAO LUIS";"Pista Escorregadia";"Queda de ocupante de veículo";"Com Vítimas Feridas";"Plena Noite";"Crescente";"Céu Claro";"Dupla";"Reta";"Não";2;0;2;0;0;0;2;1;-2,53073;-44,3068;"SPRF-MA";"DEL01-MA";"UOP01-DEL01-MA"
307582;2020-09-13;"domingo";"01:00:00";"PR";369;149;"LONDRINA";"Falta de Atenção do Pedestre";"Atropelamento de Pedestre";"Com Vítimas Fatais";"Plena Noite";"Crescente";"Céu Claro";"Dupla";"Reta";"Sim";3;1;0;0;1;1;0;2;-23,29286496;-51,15391016;"SPRF-PR";"DEL07-PR";"UOP01-DEL07-PR"
307583;2020-09-13;"domingo";"02:15:00";"MG";40;730,8;"OLIVEIRA FORTES";"Velocidade Incompatível";"Colisão com objeto estático";"Sem Vítimas";"Plena Noite";"Crescente";"Céu Claro";"Dupla";"Curva";"Não";1;0;0;0;0;1;0;1;-21,33378994;-43,5866212;"SPRF-MG";"DEL05-MG";"UOP01-DEL05-MG"
307584;2020-09-13;"domingo";"02:45:00";"PE";232;181;"BELO JARDIM";"Velocidade Incompatível";"Atropelamento de Animal";"Com Vítimas Fatais";"Plena Noite";"Crescente";"Céu Claro";"Simples";"Reta";"Sim";1;1;0;0;0;0;0;1;-8,34627974;-36,43776285;"SPRF-PE";"DEL02-PE";"UOP03-DEL02-PE"
307585;2020-09-13;"domingo";"03:10:00";"SC";101;340;"TUBARAO";"Ingestão de Álcool";"Colisão com objeto estático";"Sem Vítimas";"Plena Noite";"Crescente";"Céu Claro";"Dupla";"Reta";"Não";1;0;0;0;0;1;0;1;-28,501444;-49,04690399;"SPRF-SC";"DEL02-SC";"UOP01-DEL02-SC"
307586;2020-09-13;"domingo";"01:50:00";"MG";116;588,1;"MANHUACU";"Desobediência às normas de trânsito pelo condutor";"Colisão frontal";"Com Vítimas Fatais";"Plena Noite";"Decrescente";"Céu Claro";"Simples";"Curva";"Não";2;1;0;0;1;0;0;2;-20,24647197;-42,153177;"SPRF-MG";"DEL06-MG";"UOP03-DEL06-MG"
307587;2020-09-13;"domingo";"02:40:00";"RS";101;63;"MAQUINE";"Falta de Atenção à Condução";"Capotamento";"Sem Vítimas";"Plena Noite";"Decrescente";"Ignorado";"Dupla";"Curva";"Não";1;0;0;0;0;1;0;1;-29,70178177;-50,17377538;"SPRF-RS";"DEL03-RS";"UOP02-DEL03-RS"
307588;2020-09-13;"domingo";"03:30:00";"PI";343;2,6;"TERESINA";"Falta de Atenção à Condução";"Colisão com objeto estático";"Sem Vítimas";"Plena Noite";"Decrescente";"Céu Claro";"Dupla";"Reta";"Sim";1;0;0;0;0;1;0;1;-5,089569;-42,802288;"SPRF-PI";"DEL01-PI";"UOP01-DEL01-PI"
307589;2020-09-13;"domingo";"03:50:00";"ES";101;262,5;"SERRA";"Não guardar distância de segurança";"Colisão com objeto estático";"Com Vítimas Feridas";"Plena Noite";"Decrescente";"Céu Claro";"Dupla";"Reta";"Sim";1;0;0;1;0;0;1;1;-20,16554736;-40,27301648;"SPRF-ES";"DEL02-ES";"UOP01-DEL02-ES"
307590;2020-09-13;"domingo";"02:50:00";"MS";163;252,8;"DOURADOS";"Ingestão de Álcool";"Saída de leito carroçável";"Sem Vítimas";"Plena Noite";"Crescente";"Céu Claro";"Dupla";"Reta";"Não";1;0;0;0;0;1;0;1;-22,28732429;-54,82170181;"SPRF-MS";"DEL04-MS";"UOP01-DEL04-MS"
307591;2020-09-13;"domingo";"03:15:00";"RJ";116;177;"NOVA IGUACU";"Falta de Atenção à Condução";"Saída de leito carroçável";"Com Vítimas Feridas";"Plena Noite";"Decrescente";"Nublado";"Múltipla";"Reta";"Sim";1;0;0;1;0;0;1;1;-22,78055198;-43,39208599;"SPRF-RJ";"DEL01-RJ";"UOP02-DEL01-RJ"
307593;2020-09-13;"domingo";"04:40:00";"SP";116;207,9;"GUARULHOS";"Velocidade Incompatível";"Colisão com objeto estático";"Com Vítimas Feridas";"Amanhecer";"Crescente";"Céu Claro";"Dupla";"Reta";"Sim";2;0;2;0;0;0;2;1;-23,41972188;-46,38419203;"SPRF-SP";"DEL01-SP";"UOP01-DEL01-SP"
307594;2020-09-13;"domingo";"04:30:00";"PE";101;49;"ABREU E LIMA";"Ingestão de Álcool";"Colisão com objeto estático";"Sem Vítimas";"Amanhecer";"Decrescente";"Céu Claro";"Simples";"Reta";"Sim";1;0;0;0;1;0;0;1;-7,9005152;-34,90180641;"SPRF-PE";"DEL01-PE";"UOP02-DEL01-PE"
307598;2020-09-13;"domingo";"04:30:00";"CE";222;47,7;"SAO GONCALO DO AMARANTE";"Desobediência às normas de trânsito pelo condutor";"Colisão lateral";"Sem Vítimas";"Amanhecer";"Crescente";"Céu Claro";"Simples";"Reta";"Não";2;0;0;0;2;0;0;2;-3,67128381;-38,96679811;"SPRF-CE";"DEL01-CE";"UOP03-DEL01-CE"
307600;2020-09-13;"domingo";"02:20:00";"MG";40;514;"RIBEIRAO DAS NEVES";"Falta de Atenção à Condução";"Saída de leito carroçável";"Sem Vítimas";"Amanhecer";"Crescente";"Céu Claro";"Dupla";"Reta";"Sim";1;0;0;0;0;1;0;1;-19,80151928;-44,10000333;"SPRF-MG";"DEL01-MG";"UOP02-DEL01-MG"
307603;2020-09-13;"domingo";"05:45:00";"GO";153;575,6;"PROFESSOR JAMIL";"Condutor Dormindo";"Saída de leito carroçável";"Com Vítimas Feridas";"Amanhecer";"Decrescente";"Céu Claro";"Dupla";"Curva";"Não";1;0;1;0;0;0;1;1;-17,3442;-49,2472;"SPRF-GO";"DEL03-GO";"UOP01-DEL03-GO"
307604;2020-09-13;"domingo";"05:40:00";"SP";116;313,5;"SAO LOURENCO DA SERRA";"Ingestão de Álcool";"Colisão traseira";"Com Vítimas Feridas";"Amanhecer";"Crescente";"Céu Claro";"Dupla";"Reta";"Não";2;0;1;0;1;0;1;2;-23,88913612;-46,9801679;"SPRF-SP";"DEL04-SP";"UOP01-DEL04-SP"
307606;2020-09-13;"domingo";"06:20:00";"SP";116;130,4;"CACAPAVA";"Condutor Dormindo";"Colisão com objeto estático";"Com Vítimas Feridas";"Pleno dia";"Decrescente";"Céu Claro";"Dupla";"Reta;Declive";"Não";2;0;2;0;0;0;2;1;-23,12313858;-45,72792271;"SPRF-SP";"DEL06-SP";"UOP01-DEL06-SP"
307607;2020-09-13;"domingo";"05:50:00";"SP";116;230;"SAO PAULO";"Ingestão de Álcool";"Colisão com objeto estático";"Com Vítimas Feridas";"Amanhecer";"Decrescente";"Sol";"Múltipla";"Reta";"Sim";5;0;2;0;3;0;2;1;-23,52251783;-46,5855702;"SPRF-SP";"DEL01-SP";"UOP01-DEL01-SP"
307608;2020-09-13;"domingo";"05:00:00";"MG";381;881,3;"ESTIVA";"Ingestão de Álcool";"Danos eventuais";"Sem Vítimas";"Plena Noite";"Decrescente";"Céu Claro";"Dupla";"Aclive";"Não";1;0;0;0;1;0;0;1;-22,51533401;-46,02134878;"SPRF-MG";"DEL16-MG";"UOP03-DEL16-MG"
307609;2020-09-13;"domingo";"06:35:00";"SP";116;65,9;"GUARATINGUETA";"Avarias e/ou desgaste excessivo no pneu";"Colisão com objeto estático";"Sem Vítimas";"Pleno dia";"Decrescente";"Céu Claro";"Dupla";"Curva";"Não";2;0;0;0;2;0;0;1;-22,823273;-45,192806;"SPRF-SP";"DEL08-SP";"UOP01-DEL08-SP"
307611;2020-09-13;"domingo";"07:00:00";"SC";470;145;"RIO DO SUL";"Condutor Dormindo";"Colisão com objeto estático";"Com Vítimas Feridas";"Amanhecer";"Crescente";"Céu Claro";"Simples";"Curva";"Sim";1;0;1;0;0;0;1;1;-27,237301;-49,682217;"SPRF-SC";"DEL04-SC";"UOP02-DEL04-SC"
307612;2020-09-13;"domingo";"00:20:00";"MG";381;337,6;"NOVA ERA";"Velocidade Incompatível";"Saída de leito carroçável";"Com Vítimas Feridas";"Plena Noite";"Decrescente";"Céu Claro";"Simples";"Curva;Declive";"Não";1;0;0;1;0;0;1;1;-19,802267;-43,054303;"SPRF-MG";"DEL03-MG";"UOP01-DEL03-MG"
307613;2020-09-13;"domingo";"06:20:00";"RJ";101;393;"ITAGUAI";"Falta de Atenção do Pedestre";"Atropelamento de Pedestre";"Com Vítimas Fatais";"Pleno dia";"Decrescente";"Céu Claro";"Dupla";"Reta";"Sim";3;1;0;0;2;0;0;3;-22,88924912;-43,70370205;"SPRF-RJ";"DEL03-RJ";"UOP01-DEL03-RJ"
307617;2020-09-13;"domingo";"07:10:00";"BA";407;139;"SENHOR DO BONFIM";"Ingestão de Álcool";"Colisão traseira";"Com Vítimas Feridas";"Pleno dia";"Decrescente";"Céu Claro";"Simples";"Reta";"Sim";4;0;2;0;2;0;2;2;-10,55999095;-40,13627054;"SPRF-BA";"DEL04-BA";"UOP01-DEL04-BA"
307619;2020-09-13;"domingo";"08:00:00";"SE";101;89;"NOSSA SENHORA DO SOCORRO";"Velocidade Incompatível";"Saída de leito carroçável";"Sem Vítimas";"Pleno dia";"Crescente";"Nublado";"Dupla";"Viaduto";"Não";1;0;0;0;1;0;0;1;-10,88362946;-37,13436842;"SPRF-SE";"DEL01-SE";"UOP01-DEL01-SE"
307620;2020-09-13;"domingo";"08:00:00";"MS";163;615;"SAO GABRIEL DO OESTE";"Falta de Atenção à Condução";"Tombamento";"Com Vítimas Feridas";"Pleno dia";"Crescente";"Céu Claro";"Simples";"Reta";"Sim";1;0;1;0;0;0;1;1;-19,39850778;-54,56579964;"SPRF-MS";"DEL06-MS";"UOP02-DEL06-MS"
307621;2020-09-13;"domingo";"08:10:00";"CE";20;406;"CAUCAIA";"Falta de Atenção à Condução";"Saída de leito carroçável";"Sem Vítimas";"Pleno dia";"Decrescente";"Céu Claro";"Simples";"Curva;Aclive";"Não";1;0;0;0;1;0;0;1;-3,76999035;-38,67006282;"SPRF-CE";"DEL01-CE";"UOP01-DEL01-CE"
307622;2020-09-09;"quarta-feira";"10:25:00";"SP";381;32,6;"ATIBAIA";"Sinalização da via insuficiente ou inadequada";"Colisão traseira";"Com Vítimas Feridas";"Pleno dia";"Decrescente";"Céu Claro";"Dupla";"Reta";"Não";2;0;1;0;1;0;1;2;-23,06461405;-46,57048121;"SPRF-SP";"DEL03-SP";"UOP01-DEL03-SP"
307623;2020-09-13;"domingo";"09:10:00";"PR";116;24;"CAMPINA GRANDE DO SUL";"Velocidade Incompatível";"Queda de ocupante de veículo";"Com Vítimas Feridas";"Pleno dia";"Decrescente";"Céu Claro";"Dupla";"Curva";"Não";1;0;0;1;0;0;1;1;-25,1126476;-48,76831055;"SPRF-PR";"DEL01-PR";"UOP02-DEL01-PR"
307624;2020-09-13;"domingo";"10:15:00";"SP";381;75;"SAO PAULO";"Falta de Atenção à Condução";"Queda de ocupante de veículo";"Com Vítimas Feridas";"Pleno dia";"Decrescente";"Céu Claro";"Dupla";"Reta";"Não";1;0;1;0;0;0;1;1;-23,37660089;-46,56409613;"SPRF-SP";"DEL03-SP";"UOP01-DEL03-SP"
307628;2020-09-13;"domingo";"09:30:00";"MG";40;656,2;"CRISTIANO OTONI";"Falta de Atenção à Condução";"Colisão com objeto estático";"Com Vítimas Feridas";"Pleno dia";"Decrescente";"Céu Claro";"Dupla";"Curva";"Não";1;0;0;1;0;0;1;1;-20,87954346;-43,80068779;"SPRF-MG";"DEL05-MG";"UOP02-DEL05-MG"
307629;2020-09-13;"domingo";"10:00:00";"PR";116;141;"MANDIRITUBA";"Falta de Atenção à Condução";"Colisão traseira";"Com Vítimas Feridas";"Pleno dia";"Crescente";"Céu Claro";"Simples";"Declive;Reta";"Sim";2;0;1;0;1;0;1;2;-25,73749;-49,31762782;"SPRF-PR";"DEL01-PR";"UOP03-DEL01-PR"
307630;2020-09-12;"sábado";"23:30:00";"SE";101;29;"MURIBECA";"Falta de Atenção à Condução";"Capotamento";"Sem Vítimas";"Plena Noite";"Decrescente";"Nublado";"Simples";"Reta";"Não";1;0;0;0;0;1;0;1;-10,43690011;-36,93373559;"SPRF-SE";"DEL02-SE";"UOP02-DEL02-SE"
307633;2020-09-13;"domingo";"10:00:00";"DF";20;27;"BRASILIA";"Falta de Atenção à Condução";"Tombamento";"Com Vítimas Feridas";"Pleno dia";"Crescente";"Céu Claro";"Dupla";"Reta";"Não";2;0;1;1;0;0;2;2;-15,597054;-47,631065;"SPRF-DF";"DEL02-DF";"UOP01-DEL02-DF"
307636;2020-09-13;"domingo";"10:00:00";"GO";153;519;"HIDROLANDIA";"Defeito Mecânico no Veículo";"Incêndio";"Sem Vítimas";"Pleno dia";"Decrescente";"Céu Claro";"Dupla";"Aclive";"Não";1;0;0;0;1;0;0;1;-16,8755;-49,2523;"SPRF-GO";"DEL01-GO";"UOP03-DEL01-GO"
307637;2020-09-13;"domingo";"08:50:00";"PE";232;410;"SERRA TALHADA";"Desobediência às normas de trânsito pelo condutor";"Colisão lateral";"Com Vítimas Feridas";"Pleno dia";"Crescente";"Céu Claro";"Simples";"Reta";"Sim";3;0;2;0;1;0;2;2;-7,98151586;-38,30451965;"SPRF-PE";"DEL04-PE";"UOP01-DEL04-PE"
307638;2020-09-13;"domingo";"10:00:00";"RJ";116;226;"PIRAI";"Velocidade Incompatível";"Colisão com objeto estático";"Com Vítimas Fatais";"Pleno dia";"Decrescente";"Céu Claro";"Simples";"Declive";"Não";1;1;0;0;0;0;0;1;-22,67158045;-43,83610368;"SPRF-RJ";"DEL07-RJ";"UOP01-DEL07-RJ"
307643;2020-09-13;"domingo";"10:00:00";"SP";101;41;"UBATUBA";"Falta de Atenção à Condução";"Colisão traseira";"Com Vítimas Feridas";"Pleno dia";"Decrescente";"Nublado";"Simples";"Reta";"Não";2;0;1;0;1;0;1;2;-23,41741529;-45,04506111;"SPRF-SP";"DEL06-SP";"UOP01-DEL06-SP"
307645;2020-09-13;"domingo";"10:50:00";"ES";101;256,2;"SERRA";"Desobediência às normas de trânsito pelo condutor";"Colisão transversal";"Com Vítimas Feridas";"Pleno dia";"Crescente";"Sol";"Simples";"Reta";"Sim";2;0;0;1;1;0;1;2;-20,119123;-40,311005;"SPRF-ES";"DEL02-ES";"UOP01-DEL02-ES"
307646;2020-09-13;"domingo";"10:40:00";"GO";50;278,5;"CATALAO";"Falta de Atenção à Condução";"Colisão transversal";"Com Vítimas Feridas";"Pleno dia";"Crescente";"Céu Claro";"Simples";"Interseção de Vias";"Sim";6;0;0;1;5;0;1;2;-18,1696;-47,92;"SPRF-GO";"DEL06-GO";"UOP01-DEL06-GO"
307647;2020-09-13;"domingo";"10:45:00";"MG";262;389;"FLORESTAL";"Falta de Atenção à Condução";"Colisão lateral";"Com Vítimas Feridas";"Pleno dia";"Decrescente";"Sol";"Dupla";"Reta";"Não";2;0;1;0;1;0;1;2;-19,93731108;-44,45266502;"SPRF-MG";"DEL01-MG";"UOP03-DEL01-MG"
307648;2020-09-13;"domingo";"11:25:00";"SP";153;74;"SAO JOSE DO RIO PRETO";"Falta de Atenção à Condução";"Saída de leito carroçável";"Com Vítimas Feridas";"Pleno dia";"Decrescente";"Sol";"Dupla";"Reta";"Sim";1;0;1;0;0;0;1;1;-20,88538598;-49,42676402;"SPRF-SP";"DEL09-SP";"UOP01-DEL09-SP"
307649;2020-09-13;"domingo";"08:25:00";"CE";222;223,2;"SOBRAL";"Velocidade Incompatível";"Colisão transversal";"Com Vítimas Feridas";"Pleno dia";"Crescente";"Céu Claro";"Simples";"Rotatória";"Não";3;0;1;1;1;0;2;2;-3,71599789;-40,33582694;"SPRF-CE";"DEL04-CE";"UOP01-DEL04-CE"
307652;2020-09-13;"domingo";"11:10:00";"RJ";40;90;"PETROPOLIS";"Falta de Atenção à Condução";"Colisão com objeto estático";"Com Vítimas Feridas";"Pleno dia";"Crescente";"Sol";"Simples";"Curva";"Não";1;0;1;0;0;0;1;1;-22,550738;-43,236397;"SPRF-RJ";"DEL06-RJ";"UOP01-DEL06-RJ"
307654;2020-09-13;"domingo";"09:35:00";"SC";282;199;"LAGES";"Defeito Mecânico no Veículo";"Saída de leito carroçável";"Com Vítimas Feridas";"Pleno dia";"Crescente";"Céu Claro";"Simples";"Reta";"Não";5;0;3;0;2;0;3;1;-27,756735;-50,123432;"SPRF-SC";"DEL05-SC";"UOP01-DEL05-SC"
307655;2020-09-13;"domingo";"10:45:00";"RJ";116;282,9;"BARRA MANSA";"Defeito Mecânico no Veículo";"Queda de ocupante de veículo";"Com Vítimas Feridas";"Pleno dia";"Crescente";"Céu Claro";"Dupla";"Curva";"Não";2;0;2;0;0;0;2;1;-22,52405173;-44,20072574;"SPRF-RJ";"DEL07-RJ";"UOP02-DEL07-RJ"
307656;2020-09-13;"domingo";"11:00:00";"RS";116;163,5;"CAXIAS DO SUL";"Fenômenos da Natureza";"Colisão com objeto estático";"Com Vítimas Feridas";"Pleno dia";"Decrescente";"Nublado";"Simples";"Reta";"Não";3;0;1;0;2;0;1;1;-29,25506295;-51,16005783;"SPRF-RS";"DEL05-RS";"UOP02-DEL05-RS"