"id";"data_inversa";"dia_semana";"horario";"uf";"br";"km";"municipio";"causa_acidente";"tipo_acidente";"classificacao_acidente";"fase_dia";"sentido_via";"condicao_metereologica";"tipo_pista";"tracado_via";"uso_solo";"pessoas";"mortos";"feridos_leves";"feridos_graves";"ilesos";"ignorados";"feridos";"veiculos";"latitude";"longitude";"regional";"delegacia";"uop"
307658;2020-09-13;"domingo";"05:00:00";"MG";262;666,7;"IBIA";"Ingestão de Álcool";"Saída de leito carroçável";"Sem Vítimas";"Plena Noite";"Decrescente";"Céu Claro";"Simples";"Reta";"Não";1;0;0;0;1;0;0;1;-19,5478198;-46,82750702;"SPRF-MG";"DEL08-MG";"UOP01-DEL08-MG"
307659;2020-08-29;"sábado";"06:40:00";"BA";367;51,8;"PORTO SEGURO";"Ultrapassagem Indevida";"Colisão lateral";"Com Vítimas Feridas";"Pleno dia";"Decrescente";"Sol";"Simples";"Reta";"Não";13;0;7;2;4;0;9;2;-16,373156;-39,307466;"SPRF-BA";"DEL09-BA";"UOP01-DEL09-BA"
307663;2020-09-13;"domingo";"11:15:00";"RS";290;448,5;"SAO GABRIEL";"Falta de Atenção à Condução";"Saída de leito carroçável";"Com Vítimas Feridas";"Pleno dia";"Crescente";"Chuva";"Simples";"Curva";"Não";4;0;1;0;3;0;1;1;-30,24594412;-54,60308075;"SPRF-RS";"DEL11-RS";"UOP02-DEL11-RS"
307665;2020-09-13;"domingo";"11:30:00";"MS";267;29,8;"BATAGUASSU";"Desobediência às normas de trânsito pelo condutor";"Colisão frontal";"Com Vítimas Feridas";"Pleno dia";"Crescente";"Sol";"Dupla";"Interseção de Vias";"Sim";2;0;0;1;1;0;1;2;-21,7195811;-52,42440517;"SPRF-MS";"DEL02-MS";"UOP04-DEL02-MS"
307668;2020-09-13;"domingo";"11:20:00";"MA";226;533,7;"LAJEADO NOVO";"Defeito na Via";"Capotamento";"Com Vítimas Feridas";"Pleno dia";"Decrescente";"Céu Claro";"Simples";"Reta";"Não";3;0;1;0;1;1;1;2;-6,20988513;-47,07715997;"SPRF-MA";"DEL04-MA";"UOP02-DEL04-MA"
307670;2020-03-21;"sábado";"04:10:00";"PI";0;0;"VALENCA DO PIAUI";"Falta de Atenção à Condução";"Colisão com objeto estático";"Com Vítimas Fatais";"Amanhecer";"Não Informado";"Céu Claro";"Simples";"Interseção de Vias";"Não";1;1;0;0;0;0;0;1;-6,38515065;-41,76315242;"SPRF-PI";"DEL04-PI";"UOP02-DEL04-PI"
307671;2020-09-13;"domingo";"10:30:00";"MA";10;239,8;"DAVINOPOLIS";"Ingestão de Álcool";"Colisão traseira";"Com Vítimas Fatais";"Pleno dia";"Decrescente";"Sol";"Simples";"Reta";"Não";3;1;2;0;0;0;2;2;-5,633298;-47,403919;"SPRF-MA";"DEL04-MA";"UOP01-DEL04-MA"
307672;2020-09-13;"domingo";"13:00:00";"GO";153;439;"ANAPOLIS";"Velocidade Incompatível";"Colisão com objeto estático";"Com Vítimas Fatais";"Pleno dia";"Decrescente";"Céu Claro";"Dupla";"Reta";"Sim";1;1;0;0;0;0;0;1;-16,298529;-48,928207;"SPRF-GO";"DEL02-GO";"UOP01-DEL02-GO"
307673;2020-09-13;"domingo";"08:30:00";"MT";174;88;"CACERES";"Falta de Atenção à Condução";"Colisão lateral";"Com Vítimas Feridas";"Pleno dia";"Crescente";"Céu Claro";"Simples";"Reta";"Não";4;0;2;0;2;0;2;2;-15,92191885;-57,79874377;"SPRF-MT";"DEL03-MT";"UOP01-DEL03-MT"
307675;2020-09-13;"domingo";"13:09:00";"MG";262;366,8;"BETIM";"Ingestão de Álcool";"Colisão traseira";"Sem Vítimas";"Pleno dia";"Decrescente";"Céu Claro";"Dupla";"Aclive;Reta";"Sim";2;0;0;0;2;0;0;2;-19,97391261;-44,27096197;"SPRF-MG";"DEL01-MG";"UOP03-DEL01-MG"
307676;2020-09-13;"domingo";"10:40:00";"PA";230;580;"VITORIA DO XINGU";"Velocidade Incompatível";"Colisão traseira";"Com Vítimas Feridas";"Pleno dia";"Crescente";"Sol";"Simples";"Reta";"Não";3;0;2;0;1;0;2;2;-3,12133433;-51,76934004;"SPRF-PA";"DEL04-PA";"UOP01-DEL04-PA"
307679;2020-09-13;"domingo";"13:35:00";"MG";50;152;"UBERABA";"Falta de Atenção à Condução";"Colisão traseira";"Com Vítimas Feridas";"Pleno dia";"Decrescente";"Céu Claro";"Dupla";"Reta";"Não";2;0;0;1;1;0;1;2;-19,58265703;-48,03133923;"SPRF-MG";"DEL13-MG";"UOP01-DEL13-MG"
307681;2020-09-13;"domingo";"12:05:00";"BA";407;70;"JUAZEIRO";"Velocidade Incompatível";"Saída de leito carroçável";"Com Vítimas Fatais";"Pleno dia";"Decrescente";"Céu Claro";"Simples";"Curva";"Não";2;1;0;1;0;0;1;1;-9,93402041;-40,25699615;"SPRF-BA";"DEL04-BA";"UOP01-DEL04-BA"
307683;2020-07-15;"quarta-feira";"07:10:00";"PR";116;124;"FAZENDA RIO GRANDE";"Não guardar distância de segurança";"Colisão traseira";"Com Vítimas Feridas";"Amanhecer";"Decrescente";"Nublado";"Dupla";"Reta";"Não";2;0;0;1;1;0;1;2;-25,62406;-49,31536;"SPRF-PR";"DEL01-PR";"UOP03-DEL01-PR"
307684;2020-09-13;"domingo";"14:10:00";"MG";262;430,2;"SAO GONCALO DO PARA";"Avarias e/ou desgaste excessivo no pneu";"Saída de leito carroçável";"Com Vítimas Feridas";"Pleno dia";"Crescente";"Céu Claro";"Dupla";"Declive";"Não";2;0;0;1;0;1;1;1;-19,89645335;-44,86696243;"SPRF-MG";"DEL08-MG";"UOP03-DEL08-MG"
307685;2020-09-13;"domingo";"14:30:00";"MG";381;868,5;"POUSO ALEGRE";"Falta de Atenção à Condução";"Colisão lateral";"Com Vítimas Feridas";"Pleno dia";"Crescente";"Sol";"Simples";"Reta";"Sim";2;0;1;0;0;1;1;2;-22,42008488;-45,96507626;"SPRF-MG";"DEL16-MG";"UOP01-DEL16-MG"
307686;2020-09-13;"domingo";"13:30:00";"MT";163;690;"LUCAS DO RIO VERDE";"Ingestão de Álcool";"Colisão transversal";"Com Vítimas Feridas";"Pleno dia";"Decrescente";"Céu Claro";"Simples";"Reta";"Sim";2;0;0;1;1;0;1;2;-13,15897005;-55,97504688;"SPRF-MT";"DEL06-MT";"UOP01-DEL06-MT"
307688;2020-09-13;"domingo";"14:15:00";"CE";20;408;"CAUCAIA";"Falta de Atenção à Condução";"Colisão lateral";"Com Vítimas Feridas";"Pleno dia";"Crescente";"Céu Claro";"Dupla";"Reta";"Sim";2;0;0;1;1;0;1;2;-3,78421374;-38,65640402;"SPRF-CE";"DEL01-CE";"UOP01-DEL01-CE"
307689;2020-09-13;"domingo";"14:00:00";"BA";101;806,4;"ITAMARAJU";"Falta de Atenção à Condução";"Colisão traseira";"Com Vítimas Feridas";"Plena Noite";"Crescente";"Céu Claro";"Simples";"Reta";"Não";3;0;3;0;0;0;3;2;-17,18376299;-39,58077401;"SPRF-BA";"DEL09-BA";"UOP02-DEL09-BA"
307690;2020-09-06;"domingo";"06:00:00";"PE";101;41;"IGARASSU";"Condutor Dormindo";"Saída de leito carroçável";"Com Vítimas Feridas";"Pleno dia";"Decrescente";"Céu Claro";"Dupla";"Curva";"Não";1;0;0;1;0;0;1;1;-7,83038346;-34,91426785;"SPRF-PE";"DEL01-PE";"UOP02-DEL01-PE"
307691;2020-09-13;"domingo";"13:40:00";"MG";381;532;"ITATIAIUCU";"Velocidade Incompatível";"Tombamento";"Com Vítimas Feridas";"Pleno dia";"Decrescente";"Sol";"Dupla";"Curva";"Não";2;0;2;0;0;0;2;1;-20,1904316;-44,38268793;"SPRF-MG";"DEL04-MG";"UOP03-DEL04-MG"
307693;2020-09-13;"domingo";"15:30:00";"SC";282;133;"BOM RETIRO";"Ingestão de Álcool";"Colisão traseira";"Com Vítimas Feridas";"Pleno dia";"Decrescente";"Céu Claro";"Simples";"Curva";"Não";2;0;1;0;1;0;1;2;-27,807491;-49,532272;"SPRF-SC";"DEL05-SC";"UOP01-DEL05-SC"
307695;2020-09-13;"domingo";"16:00:00";"SC";101;204;"SAO JOSE";"Avarias e/ou desgaste excessivo no pneu";"Tombamento";"Com Vítimas Feridas";"Pleno dia";"Crescente";"Céu Claro";"Dupla";"Reta";"Sim";1;0;1;0;0;0;1;1;-27,57413014;-48,61363083;"SPRF-SC";"DEL01-SC";"UOP01-DEL01-SC"
307697;2020-09-13;"domingo";"15:30:00";"PR";277;53;"SAO JOSE DOS PINHAIS";"Velocidade Incompatível";"Saída de leito carroçável";"Com Vítimas Feridas";"Pleno dia";"Crescente";"Céu Claro";"Dupla";"Curva";"Não";2;0;1;1;0;0;2;1;-25,591842;-48,92584;"SPRF-PR";"DEL01-PR";"UOP05-DEL01-PR"
307698;2020-09-13;"domingo";"14:55:00";"MG";50;180;"UBERABA";"Falta de Atenção à Condução";"Saída de leito carroçável";"Com Vítimas Feridas";"Pleno dia";"Decrescente";"Céu Claro";"Dupla";"Rotatória";"Sim";1;0;1;0;0;0;1;1;-19,77848216;-47,92194709;"SPRF-MG";"DEL13-MG";"UOP01-DEL13-MG"
307699;2020-09-13;"domingo";"14:00:00";"GO";153;439;"ANAPOLIS";"Velocidade Incompatível";"Colisão com objeto estático";"Sem Vítimas";"Pleno dia";"Crescente";"Sol";"Dupla";"Reta;Declive";"Não";3;0;0;0;3;0;0;2;-16,298529;-48,928207;"SPRF-GO";"DEL02-GO";"UOP01-DEL02-GO"
307701;2020-09-13;"domingo";"16:30:00";"GO";60;93;"ANAPOLIS";"Falta de Atenção à Condução";"Colisão traseira";"Com Vítimas Feridas";"Pleno dia";"Decrescente";"Céu Claro";"Dupla";"Rotatória";"Não";3;0;1;0;2;0;1;2;-16,35465602;-48,92919129;"SPRF-GO";"DEL02-GO";"UOP01-DEL02-GO"
307702;2020-09-13;"domingo";"14:20:00";"PE";316;66;"OURICURI";"Defeito Mecânico no Veículo";"Incêndio";"Sem Vítimas";"Pleno dia";"Crescente";"Céu Claro";"Simples";"Reta";"Não";1;0;0;0;0;1;0;1;-7,78931549;-40,20951831;"SPRF-PE";"DEL05-PE";"UOP02-DEL05-PE"
307703;2020-09-13;"domingo";"16:20:00";"SP";101;48;"UBATUBA";"Falta de Atenção à Condução";"Engavetamento";"Sem Vítimas";"Pleno dia";"Decrescente";"Céu Claro";"Simples";"Reta";"Sim";3;0;0;0;3;0;0;3;-23,43696329;-45,08768768;"SPRF-SP";"DEL06-SP";"UOP01-DEL06-SP"
307704;2020-09-13;"domingo";"15:45:00";"PE";232;109;"BEZERROS";"Desobediência às normas de trânsito pelo condutor";"Capotamento";"Com Vítimas Fatais";"Pleno dia";"Crescente";"Sol";"Dupla";"Reta";"Não";2;1;0;0;1;0;0;1;-8,28036785;-35,81085313;"SPRF-PE";"DEL02-PE";"UOP03-DEL02-PE"
307705;2020-09-13;"domingo";"16:40:00";"MG";40;695;"ALFREDO VASCONCELOS";"Ingestão de Álcool";"Capotamento";"Com Vítimas Feridas";"Pleno dia";"Crescente";"Céu Claro";"Simples";"Curva;Aclive";"Não";6;0;6;0;0;0;6;1;-21,1391999;-43,76576512;"SPRF-MG";"DEL05-MG";"UOP02-DEL05-MG"
307706;2020-09-13;"domingo";"16:30:00";"PR";376;247;"APUCARANA";"Não guardar distância de segurança";"Colisão traseira";"Com Vítimas Feridas";"Pleno dia";"Crescente";"Céu Claro";"Simples";"Declive";"Não";4;0;1;0;3;0;1;2;-23,6165621;-51,39617026;"SPRF-PR";"DEL07-PR";"UOP03-DEL07-PR"
307707;2020-09-13;"domingo";"16:30:00";"GO";20;1;"FORMOSA";"Velocidade Incompatível";"Capotamento";"Com Vítimas Feridas";"Pleno dia";"Crescente";"Céu Claro";"Dupla";"Reta";"Não";4;0;4;0;0;0;4;1;-15,579424;-47,334297;"SPRF-DF";"DEL02-DF";"UOP01-DEL02-DF"
307711;2020-09-13;"domingo";"14:50:00";"RJ";101;172;"MACAE";"Falta de Atenção à Condução";"Colisão transversal";"Com Vítimas Feridas";"Pleno dia";"Decrescente";"Céu Claro";"Simples";"Reta";"Não";7;0;7;0;0;0;7;2;-22,36746684;-41,94323801;"SPRF-RJ";"DEL08-RJ";"UOP04-DEL08-RJ"
307714;2020-09-13;"domingo";"17:15:00";"DF";60;4,7;"BRASILIA";"Desobediência às normas de trânsito pelo condutor";"Colisão com objeto em movimento";"Com Vítimas Feridas";"Pleno dia";"Decrescente";"Céu Claro";"Dupla";"Reta";"Sim";2;0;1;0;1;0;1;2;-15,89393879;-48,09908867;"SPRF-DF";"DEL03-DF";"UOP01-DEL03-DF"
307715;2020-09-13;"domingo";"15:20:00";"BA";324;601,5;"SIMOES FILHO";"Falta de Atenção à Condução";"Saída de leito carroçável";"Sem Vítimas";"Pleno dia";"Decrescente";"Sol";"Dupla";"Reta";"Não";1;0;0;0;1;0;0;1;-12,75619292;-38,42803587;"SPRF-BA";"DEL01-BA";"UOP01-DEL01-BA"
307716;2020-09-13;"domingo";"17:25:00";"MG";40;448;"CAETANOPOLIS";"Falta de Atenção à Condução";"Saída de leito carroçável";"Com Vítimas Feridas";"Pleno dia";"Decrescente";"Céu Claro";"Simples";"Rotatória";"Não";1;0;1;0;0;0;1;1;-19,301651;-44,377922;"SPRF-MG";"DEL02-MG";"UOP01-DEL02-MG"
307719;2020-09-13;"domingo";"15:50:00";"MT";70;329;"DOM AQUINO";"Falta de Atenção à Condução";"Saída de leito carroçável";"Com Vítimas Feridas";"Pleno dia";"Crescente";"Céu Claro";"Simples";"Reta";"Não";2;0;1;0;1;0;1;1;-15,518466;-54,740966;"SPRF-MT";"DEL05-MT";"UOP01-DEL05-MT"
307720;2020-09-13;"domingo";"17:10:00";"RN";427;93,5;"CAICO";"Não guardar distância de segurança";"Colisão traseira";"Com Vítimas Feridas";"Pleno dia";"Crescente";"Céu Claro";"Simples";"Rotatória";"Sim";2;0;1;0;0;1;1;2;-6,48152207;-37,06182095;"SPRF-RN";"DEL03-RN";"UOP01-DEL03-RN"
307722;2020-09-13;"domingo";"17:30:00";"GO";364;386;"SANTA RITA DO ARAGUAIA";"Falta de Atenção à Condução";"Colisão traseira";"Sem Vítimas";"Anoitecer";"Decrescente";"Céu Claro";"Dupla";"Aclive;Reta";"Sim";2;0;0;0;1;1;0;2;-17,329039;-53,203724;"SPRF-GO";"DEL05-GO";"UOP01-DEL05-GO"
307723;2020-09-13;"domingo";"16:50:00";"SP";116;125;"CACAPAVA";"Defeito Mecânico no Veículo";"Capotamento";"Com Vítimas Feridas";"Pleno dia";"Crescente";"Céu Claro";"Dupla";"Reta";"Sim";2;0;2;0;0;0;2;1;-23,09872598;-45,68608201;"SPRF-SP";"DEL06-SP";"UOP01-DEL06-SP"
307724;2020-09-13;"domingo";"18:00:00";"MG";146;489,1;"BOTELHOS";"Falta de Atenção do Pedestre";"Atropelamento de Pedestre";"Com Vítimas Feridas";"Anoitecer";"Crescente";"Céu Claro";"Simples";"Reta;Aclive";"Não";2;0;1;0;1;0;1;2;-21,61594098;-46,41067028;"SPRF-MG";"DEL09-MG";"UOP01-DEL09-MG"
307725;2020-09-13;"domingo";"17:25:00";"PR";376;631;"SAO JOSE DOS PINHAIS";"Velocidade Incompatível";"Saída de leito carroçável";"Com Vítimas Feridas";"Pleno dia";"Decrescente";"Céu Claro";"Dupla";"Reta";"Sim";2;0;0;2;0;0;2;1;-25,70434399;-49,14198595;"SPRF-PR";"DEL01-PR";"UOP04-DEL01-PR"
307727;2020-09-13;"domingo";"18:00:00";"GO";153;427;"ANAPOLIS";"Defeito na Via";"Saída de leito carroçável";"Com Vítimas Fatais";"Anoitecer";"Decrescente";"Céu Claro";"Dupla";"Reta";"Não";1;1;0;0;0;0;0;1;-16,22394623;-49,01209116;"SPRF-GO";"DEL02-GO";"UOP01-DEL02-GO"
307729;2020-09-13;"domingo";"18:10:00";"MG";40;451;"CAETANOPOLIS";"Falta de Atenção à Condução";"Saída de leito carroçável";"Com Vítimas Feridas";"Plena Noite";"Crescente";"Céu Claro";"Dupla";"Reta";"Sim";2;0;2;0;0;0;2;2;-19,32547602;-44,36467416;"SPRF-MG";"DEL02-MG";"UOP01-DEL02-MG"
307731;2020-09-13;"domingo";"17:40:00";"MA";135;0,5;"SAO LUIS";"Ingestão de Álcool";"Colisão traseira";"Sem Vítimas";"Anoitecer";"Crescente";"Céu Claro";"Dupla";"Reta";"Sim";2;0;0;0;2;0;0;2;-2,58128412;-44,24217051;"SPRF-MA";"DEL01-MA";"UOP01-DEL01-MA"
307733;2020-09-13;"domingo";"15:40:00";"SC";101;158,5;"PORTO BELO";"Falta de Atenção à Condução";"Colisão traseira";"Com Vítimas Feridas";"Pleno dia";"Crescente";"Sol";"Dupla";"Reta";"Não";3;0;2;0;1;0;2;2;-27,19096301;-48,61259017;"SPRF-SC";"DEL04-SC";"UOP03-DEL04-SC"
307735;2020-09-13;"domingo";"17:20:00";"MS";262;369,2;"TERENOS";"Falta de Atenção à Condução";"Colisão traseira";"Com Vítimas Feridas";"Anoitecer";"Decrescente";"Céu Claro";"Simples";"Reta";"Sim";5;0;1;0;3;1;1;2;-20,48145056;-54,77316819;"SPRF-MS";"DEL01-MS";"UOP03-DEL01-MS"
307736;2020-09-13;"domingo";"18:30:00";"GO";60;164;"GOIANIA";"Falta de Atenção à Condução";"Saída de leito carroçável";"Com Vítimas Feridas";"Anoitecer";"Crescente";"Ignorado";"Dupla";"Reta";"Não";1;0;1;0;0;0;1;1;-16,7036;-49,342;"SPRF-GO";"DEL01-GO";"UOP02-DEL01-GO"
307737;2020-09-13;"domingo";"18:35:00";"ES";101;293;"CARIACICA";"Falta de Atenção à Condução";"Queda de ocupante de veículo";"Com Vítimas Feridas";"Plena Noite";"Decrescente";"Céu Claro";"Dupla";"Reta";"Sim";1;0;1;0;0;0;1;1;-20,31526144;-40,39567044;"SPRF-ES";"DEL01-ES";"UOP01-DEL01-ES"
307738;2020-09-13;"domingo";"17:35:00";"SP";116;485,5;"CAJATI";"Falta de Atenção à Condução";"Colisão transversal";"Com Vítimas Feridas";"Anoitecer";"Crescente";"Nublado";"Dupla";"Reta";"Não";3;0;0;1;2;0;1;2;-24,72188994;-48,072155;"SPRF-SP";"DEL05-SP";"UOP01-DEL05-SP"
307739;2020-09-13;"domingo";"18:20:00";"CE";222;10;"CAUCAIA";"Falta de Atenção do Pedestre";"Atropelamento de Pedestre";"Com Vítimas Feridas";"Plena Noite";"Decrescente";"Céu Claro";"Múltipla";"Reta";"Não";2;0;1;0;1;0;1;2;-3,76186908;-38,65413796;"SPRF-CE";"DEL01-CE";"UOP01-DEL01-CE"
307740;2020-09-13;"domingo";"18:04:00";"GO";40;5;"VALPARAISO DE GOIAS";"Falta de Atenção à Condução";"Colisão traseira";"Com Vítimas Feridas";"Anoitecer";"Decrescente";"Céu Claro";"Dupla";"Reta";"Não";6;0;1;0;5;0;1;2;-16,093134;-47,982236;"SPRF-DF";"DEL01-DF";"UOP01-DEL01-DF"
307743;2020-09-13;"domingo";"18:00:00";"MT";364;248;"JUSCIMEIRA";"Velocidade Incompatível";"Saída de leito carroçável";"Com Vítimas Feridas";"Plena Noite";"Crescente";"Céu Claro";"Dupla";"Aclive";"Não";2;0;2;0;0;0;2;1;-16,13033363;-54,83823376;"SPRF-MT";"DEL02-MT";"UOP01-DEL02-MT"
307744;2020-09-13;"domingo";"18:10:00";"RJ";101;170;"MACAE";"Restrição de Visibilidade";"Saída de leito carroçável";"Com Vítimas Feridas";"Plena Noite";"Crescente";"Ignorado";"Simples";"Reta";"Não";2;0;1;0;1;0;1;1;-22,35596699;-41,93020001;"SPRF-RJ";"DEL08-RJ";"UOP04-DEL08-RJ"
307746;2020-09-13;"domingo";"18:55:00";"GO";153;504,9;"APARECIDA DE GOIANIA";"Falta de Atenção à Condução";"Colisão traseira";"Com Vítimas Feridas";"Plena Noite";"Crescente";"Vento";"Dupla";"Reta";"Sim";3;0;1;0;2;0;1;2;-16,7451;-49,2408;"SPRF-GO";"DEL01-GO";"UOP01-DEL01-GO"
307747;2020-09-13;"domingo";"18:30:00";"RN";427;98,1;"CAICO";"Desobediência às normas de trânsito pelo condutor";"Colisão transversal";"Com Vítimas Feridas";"Plena Noite";"Crescente";"Céu Claro";"Simples";"Reta";"Sim";3;0;0;2;1;0;2;2;-6,46350882;-37,09299987;"SPRF-RN";"DEL03-RN";"UOP01-DEL03-RN"
307748;2020-09-13;"domingo";"16:40:00";"MA";135;0,4;"SAO LUIS";"Desobediência às normas de trânsito pelo condutor";"Colisão traseira";"Com Vítimas Feridas";"Anoitecer";"Crescente";"Céu Claro";"Dupla";"Reta";"Sim";3;0;2;0;0;1;2;2;-2,5804565;-44,241947;"SPRF-MA";"DEL01-MA";"UOP01-DEL01-MA"
307749;2020-09-13;"domingo";"18:30:00";"MA";135;14,5;"SAO LUIS";"Desobediência às normas de trânsito pelo condutor";"Colisão transversal";"Com Vítimas Feridas";"Plena Noite";"Decrescente";"Céu Claro";"Dupla";"Reta";"Sim";2;0;1;0;0;1;1;2;-2,68792341;-44,30009651;"SPRF-MA";"DEL01-MA";"UOP01-DEL01-MA"
307750;2020-09-13;"domingo";"18:30:00";"RJ";116;126;"MAGE";"Ingestão de Álcool";"Queda de ocupante de veículo";"Com Vítimas Feridas";"Pleno dia";"Decrescente";"Céu Claro";"Dupla";"Curva";"Não";2;0;1;0;1;0;1;1;-22,65489354;-43,08636526;"SPRF-RJ";"DEL04-RJ";"UOP02-DEL04-RJ"
307751;2020-09-13;"domingo";"19:20:00";"MG";40;558,5;"NOVA LIMA";"Ingestão de Álcool";"Colisão traseira";"Sem Vítimas";"Pleno dia";"Decrescente";"Céu Claro";"Dupla";"Reta";"Sim";3;0;0;0;3;0;0;2;-20,11709413;-43,96833658;"SPRF-MG";"DEL01-MG";"UOP02-DEL01-MG"
307752;2020-09-13;"domingo";"18:30:00";"RJ";116;303,4;"RESENDE";"Falta de Atenção à Condução";"Colisão transversal";"Com Vítimas Feridas";"Plena Noite";"Crescente";"Céu Claro";"Simples";"Reta";"Não";2;0;1;0;1;0;1;2;-22,45835161;-44,42882895;"SPRF-RJ";"DEL07-RJ";"UOP02-DEL07-RJ"
307753;2020-09-13;"domingo";"18:28:00";"MG";116;529;"CARATINGA";"Falta de Atenção à Condução";"Colisão transversal";"Com Vítimas Feridas";"Plena Noite";"Crescente";"Céu Claro";"Simples";"Reta";"Sim";2;0;1;1;0;0;2;2;-19,79700077;-42,13788986;"SPRF-MG";"DEL06-MG";"UOP02-DEL06-MG"
307755;2020-09-13;"domingo";"20:00:00";"SC";470;2;"NAVEGANTES";"Desobediência às normas de trânsito pelo condutor";"Colisão traseira";"Com Vítimas Feridas";"Plena Noite";"Decrescente";"Céu Claro";"Simples";"Em Obras";"Sim";2;0;0;1;1;0;1;2;-26,868551;-48,674831;"SPRF-SC";"DEL04-SC";"UOP04-DEL04-SC"
307756;2020-09-13;"domingo";"17:15:00";"MG";40;145;"JOAO PINHEIRO";"Falta de Atenção à Condução";"Capotamento";"Com Vítimas Feridas";"Pleno dia";"Decrescente";"Céu Claro";"Simples";"Retorno Regulamentado";"Não";2;0;2;0;0;0;2;1;-17,75566262;-46,16329585;"SPRF-MG";"DEL14-MG";"UOP01-DEL14-MG"
307757;2020-09-13;"domingo";"19:40:00";"SC";101;82,8;"BARRA VELHA";"Falta de Atenção à Condução";"Colisão traseira";"Com Vítimas Feridas";"Plena Noite";"Decrescente";"Nublado";"Dupla";"Curva";"Não";4;0;1;0;3;0;1;3;-26,61085222;-48,72204472;"SPRF-SC";"DEL03-SC";"UOP02-DEL03-SC"
307758;2020-09-13;"domingo";"19:20:00";"SC";101;334,1;"TUBARAO";"Falta de Atenção à Condução";"Saída de leito carroçável";"Com Vítimas Feridas";"Plena Noite";"Decrescente";"Nublado";"Dupla";"Reta";"Sim";2;0;2;0;0;0;2;1;-28,46730446;-49,00604302;"SPRF-SC";"DEL02-SC";"UOP01-DEL02-SC"
307759;2020-09-13;"domingo";"19:40:00";"ES";101;320,8;"GUARAPARI";"Falta de Atenção à Condução";"Capotamento";"Com Vítimas Feridas";"Plena Noite";"Decrescente";"Céu Claro";"Dupla";"Reta";"Não";2;0;1;1;0;0;2;1;-20,51234104;-40,47639192;"SPRF-ES";"DEL03-ES";"UOP01-DEL03-ES"
307760;2020-09-13;"domingo";"14:22:00";"MA";316;609,9;"TIMON";"Não guardar distância de segurança";"Colisão traseira";"Com Vítimas Feridas";"Pleno dia";"Crescente";"Sol";"Simples";"Reta";"Não";4;0;2;1;1;0;3;3;-5,065395;-42,884464;"SPRF-MA";"DEL03-MA";"UOP02-DEL03-MA"
307761;2020-09-13;"domingo";"06:50:00";"SC";101;303;"LAGUNA";"Falta de Atenção à Condução";"Saída de leito carroçável";"Com Vítimas Feridas";"Amanhecer";"Decrescente";"Nublado";"Simples";"Reta";"Não";1;0;1;0;0;0;1;1;-28,36149723;-48,74974275;"SPRF-SC";"DEL02-SC";"UOP03-DEL02-SC"
307763;2020-09-13;"domingo";"20:15:00";"CE";116;15;"FORTALEZA";"Falta de Atenção do Pedestre";"Atropelamento de Pedestre";"Com Vítimas Feridas";"Plena Noite";"Crescente";"Céu Claro";"Dupla";"Reta";"Sim";3;0;0;1;1;1;1;2;-3,87839882;-38,50066893;"SPRF-CE";"DEL01-CE";"UOP02-DEL01-CE"
307764;2020-09-13;"domingo";"19:20:00";"PI";316;32;"DEMERVAL LOBAO";"Desobediência às normas de trânsito pelo condutor";"Colisão frontal";"Com Vítimas Feridas";"Plena Noite";"Crescente";"Céu Claro";"Simples";"Reta";"Não";2;0;1;0;1;0;1;2;-5,34217984;-42,68627493;"SPRF-PI";"DEL01-PI";"UOP02-DEL01-PI"
307765;2020-09-13;"domingo";"05:15:00";"RJ";101;293,4;"ITABORAI";"Ingestão de Álcool";"Colisão traseira";"Com Vítimas Fatais";"Amanhecer";"Decrescente";"Céu Claro";"Dupla";"Aclive";"Sim";2;1;1;0;0;0;1;1;-22,756203;-42,88724;"SPRF-RJ";"DEL02-RJ";"UOP02-DEL02-RJ"
307767;2020-09-13;"domingo";"20:15:00";"BA";101;938;"MUCURI";"Animais na Pista";"Atropelamento de Animal";"Com Vítimas Feridas";"Plena Noite";"Crescente";"Céu Claro";"Simples";"Aclive";"Não";4;0;1;0;2;1;1;3;-18,03659;-39,865449;"SPRF-BA";"DEL09-BA";"UOP02-DEL09-BA"
307768;2020-09-13;"domingo";"20:10:00";"ES";101;118;"SOORETAMA";"Falta de Atenção à Condução";"Colisão frontal";"Com Vítimas Feridas";"Plena Noite";"Crescente";"Nublado";"Simples";"Reta";"Não";2;0;0;1;1;0;1;2;-19,12750105;-40,06705989;"SPRF-ES";"DEL04-ES";"UOP01-DEL04-ES"
307769;2020-09-13;"domingo";"19:05:00";"PI";135;354;"BOM JESUS";"Defeito na Via";"Saída de leito carroçável";"Sem Vítimas";"Plena Noite";"Decrescente";"Céu Claro";"Simples";"Reta";"Não";2;0;0;0;0;2;0;1;-9,08911307;-44,36270761;"SPRF-PI";"DEL03-PI";"UOP02-DEL03-PI"
307770;2020-09-13;"domingo";"19:40:00";"SP";116;186;"SANTA ISABEL";"Falta de Atenção à Condução";"Tombamento";"Com Vítimas Feridas";"Plena Noite";"Crescente";"Céu Claro";"Dupla";"Retorno Regulamentado";"Não";2;0;2;0;0;0;2;1;-23,35220682;-46,19934905;"SPRF-SP";"DEL02-SP";"UOP01-DEL02-SP"