"id";"data_inversa";"dia_semana";"horario";"uf";"br";"km";"municipio";"causa_acidente";"tipo_acidente";"classificacao_acidente";"fase_dia";"sentido_via";"condicao_metereologica";"tipo_pista";"tracado_via";"uso_solo";"pessoas";"mortos";"feridos_leves";"feridos_graves";"ilesos";"ignorados";"feridos";"veiculos";"latitude";"longitude";"regional";"delegacia";"uop"
307891;2020-09-14;"segunda-feira";"06:40:00";"ES";101;297,1;"CARIACICA";"Falta de Atenção à Condução";"Queda de ocupante de veículo";"Com Vítimas Feridas";"Pleno dia";"Decrescente";"Céu Claro";"Dupla";"Reta";"Não";2;0;2;0;0;0;2;1;-20,34529844;-40,41026774;"SPRF-ES";"DEL01-ES";"UOP01-DEL01-ES"
307894;2020-09-14;"segunda-feira";"12:00:00";"MG";50;25;"ARAGUARI";"Condutor Dormindo";"Saída de leito carroçável";"Sem Vítimas";"Pleno dia";"Decrescente";"Céu Claro";"Dupla";"Curva";"Não";1;0;0;0;1;0;0;1;-18,61146226;-48,07749391;"SPRF-MG";"DEL15-MG";"UOP02-DEL15-MG"
307895;2020-09-14;"segunda-feira";"12:52:00";"RS";158;0;"SANTANA DO LIVRAMENTO";"Falta de Atenção à Condução";"Colisão transversal";"Com Vítimas Feridas";"Pleno dia";"Decrescente";"Céu Claro";"Simples";"Interseção de Vias";"Sim";2;0;1;0;1;0;1;2;-30,87410599;-55,51138401;"SPRF-RS";"DEL08-RS";"UOP02-DEL08-RS"
307897;2020-09-14;"segunda-feira";"12:40:00";"MG";381;486,8;"BETIM";"Falta de Atenção à Condução";"Queda de ocupante de veículo";"Com Vítimas Feridas";"Pleno dia";"Decrescente";"Céu Claro";"Múltipla";"Reta";"Sim";2;0;2;0;0;0;2;1;-19,956054;-44,13610819;"SPRF-MG";"DEL01-MG";"UOP03-DEL01-MG"
307898;2020-09-14;"segunda-feira";"12:05:00";"RS";101;6,4;"TORRES";"Defeito Mecânico no Veículo";"Saída de leito carroçável";"Com Vítimas Feridas";"Pleno dia";"Decrescente";"Nublado";"Múltipla";"Reta";"Sim";1;0;1;0;0;0;1;1;-29,3505901;-49,79628325;"SPRF-RS";"DEL03-RS";"UOP02-DEL03-RS"
307901;2020-09-14;"segunda-feira";"12:00:00";"PR";277;594,2;"CASCAVEL";"Desobediência às normas de trânsito pelo condutor";"Colisão transversal";"Com Vítimas Feridas";"Pleno dia";"Crescente";"Céu Claro";"Simples";"Aclive";"Não";2;0;0;1;1;0;1;2;-24,9794792;-53,49232599;"SPRF-PR";"DEL04-PR";"UOP01-DEL04-PR"
307902;2020-09-14;"segunda-feira";"13:20:00";"RJ";493;106,9;"SEROPEDICA";"Mal Súbito";"Saída de leito carroçável";"Com Vítimas Feridas";"Pleno dia";"Decrescente";"Céu Claro";"Dupla";"Reta";"Sim";3;0;2;0;0;1;2;2;-22,78841811;-43,77497515;"SPRF-RJ";"DEL03-RJ";"UOP01-DEL03-RJ"
307908;2020-09-14;"segunda-feira";"08:20:00";"RJ";101;490;"ANGRA DOS REIS";"Velocidade Incompatível";"Colisão com objeto estático";"Com Vítimas Feridas";"Pleno dia";"Decrescente";"Céu Claro";"Simples";"Curva";"Não";2;0;0;2;0;0;2;1;-22,95640053;-44,31282898;"SPRF-RJ";"DEL03-RJ";"UOP03-DEL03-RJ"
307909;2020-09-14;"segunda-feira";"12:45:00";"PR";153;1,5;"IMBITUVA";"Falta de Atenção à Condução";"Colisão transversal";"Com Vítimas Feridas";"Pleno dia";"Crescente";"Céu Claro";"Simples";"Reta";"Não";2;0;2;0;0;0;2;2;-25,196085;-50,598757;"SPRF-PR";"DEL07-PR";"UOP04-DEL07-PR"
307910;2020-09-14;"segunda-feira";"13:30:00";"PE";101;90,8;"CABO DE SANTO AGOSTINHO";"Desobediência às normas de trânsito pelo condutor";"Colisão transversal";"Com Vítimas Feridas";"Pleno dia";"Crescente";"Céu Claro";"Dupla";"Reta";"Sim";2;0;0;1;1;0;1;2;-8,21612792;-34,98772817;"SPRF-PE";"DEL01-PE";"UOP03-DEL01-PE"
307911;2020-09-14;"segunda-feira";"13:25:00";"CE";222;56,1;"SAO GONCALO DO AMARANTE";"Falta de Atenção à Condução";"Saída de leito carroçável";"Com Vítimas Feridas";"Pleno dia";"Decrescente";"Céu Claro";"Simples";"Reta";"Não";2;0;1;0;1;0;1;1;-3,6696788;-39,04523401;"SPRF-CE";"DEL01-CE";"UOP03-DEL01-CE"
307914;2020-09-14;"segunda-feira";"09:20:00";"MS";158;81;"PARANAIBA";"Falta de Atenção à Condução";"Saída de leito carroçável";"Com Vítimas Feridas";"Pleno dia";"Decrescente";"Sol";"Simples";"Reta";"Não";5;0;5;0;0;0;5;1;-19,57253109;-51,23791112;"SPRF-MS";"DEL08-MS";"UOP01-DEL08-MS"
307915;2020-08-12;"quarta-feira";"17:00:00";"PR";277;339,9;"GUARAPUAVA";"Falta de Atenção à Condução";"Queda de ocupante de veículo";"Com Vítimas Feridas";"Pleno dia";"Crescente";"Ignorado";"Dupla";"Rotatória";"Sim";1;0;0;1;0;0;1;1;-25,34632226;-51,38590684;"SPRF-PR";"DEL08-PR";"UOP01-DEL08-PR"
307916;2020-09-14;"segunda-feira";"14:45:00";"PR";277;721,2;"FOZ DO IGUACU";"Falta de Atenção à Condução";"Colisão traseira";"Com Vítimas Feridas";"Pleno dia";"Crescente";"Céu Claro";"Dupla";"Reta";"Sim";2;0;1;0;1;0;1;2;-25,49171422;-54,51321781;"SPRF-PR";"DEL05-PR";"UOP03-DEL05-PR"
307917;2020-09-14;"segunda-feira";"14:20:00";"PR";277;695,5;"SAO MIGUEL DO IGUACU";"Defeito Mecânico no Veículo";"Colisão com objeto estático";"Com Vítimas Feridas";"Pleno dia";"Crescente";"Nublado";"Dupla";"Reta";"Não";1;0;1;0;0;0;1;1;-25,38205385;-54,28673709;"SPRF-PR";"DEL05-PR";"UOP01-DEL05-PR"
307918;2020-09-14;"segunda-feira";"13:55:00";"RS";293;252;"DOM PEDRITO";"Falta de Atenção à Condução";"Colisão transversal";"Com Vítimas Feridas";"Pleno dia";"Crescente";"Céu Claro";"Simples";"Reta";"Sim";2;0;1;0;1;0;1;2;-30,96342385;-54,67157364;"SPRF-RS";"DEL11-RS";"UOP01-DEL11-RS"
307921;2020-09-14;"segunda-feira";"14:40:00";"MS";163;205,7;"CAARAPO";"Desobediência às normas de trânsito pelo condutor";"Colisão transversal";"Com Vítimas Feridas";"Pleno dia";"Decrescente";"Céu Claro";"Simples";"Reta";"Não";2;0;1;0;1;0;1;2;-22,66120005;-54,80076206;"SPRF-MS";"DEL04-MS";"UOP02-DEL04-MS"
307922;2020-09-14;"segunda-feira";"15:30:00";"MG";381;929,3;"ITAPEVA";"Velocidade Incompatível";"Tombamento";"Com Vítimas Feridas";"Pleno dia";"Decrescente";"Céu Claro";"Dupla";"Declive;Curva";"Não";2;0;2;0;0;0;2;1;-22,79911462;-46,26123692;"SPRF-MG";"DEL16-MG";"UOP03-DEL16-MG"
307923;2020-09-14;"segunda-feira";"15:50:00";"SP";116;223;"GUARULHOS";"Falta de Atenção à Condução";"Queda de ocupante de veículo";"Com Vítimas Feridas";"Pleno dia";"Crescente";"Céu Claro";"Dupla";"Reta";"Sim";1;0;1;0;0;0;1;1;-23,47559815;-46,5246609;"SPRF-SP";"DEL01-SP";"UOP01-DEL01-SP"
307927;2020-07-25;"sábado";"10:30:00";"MG";262;33,1;"MANHUACU";"Desobediência às normas de trânsito pelo condutor";"Colisão traseira";"Com Vítimas Feridas";"Pleno dia";"Decrescente";"Céu Claro";"Simples";"Reta";"Não";2;0;1;0;1;0;1;2;-20,25550548;-42,00465315;"SPRF-MG";"DEL06-MG";"UOP03-DEL06-MG"
307929;2020-09-14;"segunda-feira";"16:10:00";"RN";101;96,9;"NATAL";"Não guardar distância de segurança";"Colisão traseira";"Com Vítimas Feridas";"Pleno dia";"Decrescente";"Céu Claro";"Múltipla";"Reta";"Sim";4;0;2;0;2;0;2;3;-5,85546064;-35,21178246;"SPRF-RN";"DEL01-RN";"UOP01-DEL01-RN"
307930;2020-09-14;"segunda-feira";"15:50:00";"PR";373;257,6;"PRUDENTOPOLIS";"Falta de Atenção à Condução";"Saída de leito carroçável";"Com Vítimas Fatais";"Pleno dia";"Crescente";"Céu Claro";"Simples";"Aclive";"Não";1;1;0;0;0;0;0;1;-25,19370198;-50,92217101;"SPRF-PR";"DEL03-PR";"UOP04-DEL03-PR"
307931;2020-09-14;"segunda-feira";"16:20:00";"MG";381;433,8;"SABARA";"Desobediência às normas de trânsito pelo condutor";"Colisão frontal";"Com Vítimas Feridas";"Pleno dia";"Decrescente";"Céu Claro";"Simples";"Reta";"Não";2;0;1;0;1;0;1;2;-19,79269213;-43,74585386;"SPRF-MG";"DEL01-MG";"UOP01-DEL01-MG"
307932;2020-09-14;"segunda-feira";"16:10:00";"RJ";116;163;"RIO DE JANEIRO";"Falta de Atenção à Condução";"Colisão lateral";"Com Vítimas Feridas";"Pleno dia";"Decrescente";"Céu Claro";"Múltipla";"Curva";"Sim";3;0;2;0;1;0;2;2;-22,802729;-43,290424;"SPRF-RJ";"DEL01-RJ";"UOP01-DEL01-RJ"
307933;2020-09-14;"segunda-feira";"16:50:00";"SP";116;223,8;"GUARULHOS";"Falta de Atenção à Condução";"Saída de leito carroçável";"Com Vítimas Feridas";"Pleno dia";"Crescente";"Céu Claro";"Múltipla";"Reta";"Sim";1;0;0;1;0;0;1;1;-23,47559815;-46,5246609;"SPRF-SP";"DEL01-SP";"UOP01-DEL01-SP"
307935;2020-09-14;"segunda-feira";"08:20:00";"PB";230;28;"JOAO PESSOA";"Falta de Atenção à Condução";"Colisão transversal";"Com Vítimas Feridas";"Pleno dia";"Decrescente";"Sol";"Múltipla";"Reta;Aclive";"Sim";3;0;0;2;1;0;2;3;-7,16556105;-34,89781564;"SPRF-PB";"DEL01-PB";"UOP01-DEL01-PB"
307936;2020-09-14;"segunda-feira";"18:10:00";"CE";116;13;"FORTALEZA";"Falta de Atenção do Pedestre";"Atropelamento de Pedestre";"Com Vítimas Fatais";"Plena Noite";"Crescente";"Céu Claro";"Múltipla";"Reta";"Sim";3;1;0;2;0;0;2;2;-3,86088501;-38,49715296;"SPRF-CE";"DEL01-CE";"UOP02-DEL01-CE"
307940;2020-09-14;"segunda-feira";"17:50:00";"RJ";40;65;"PETROPOLIS";"Avarias e/ou desgaste excessivo no pneu";"Tombamento";"Com Vítimas Feridas";"Anoitecer";"Decrescente";"Vento";"Dupla";"Declive;Reta";"Sim";1;0;1;0;0;0;1;1;-22,427473;-43,16011;"SPRF-RJ";"DEL06-RJ";"UOP01-DEL06-RJ"
307944;2020-09-14;"segunda-feira";"08:10:00";"RJ";116;252;"PIRAI";"Velocidade Incompatível";"Colisão traseira";"Com Vítimas Feridas";"Pleno dia";"Decrescente";"Céu Claro";"Dupla";"Reta";"Não";2;0;1;0;1;0;1;2;-22,58294737;-43,96879302;"SPRF-RJ";"DEL07-RJ";"UOP02-DEL07-RJ"
307946;2020-09-14;"segunda-feira";"18:50:00";"SC";101;136,5;"BALNEARIO CAMBORIU";"Não guardar distância de segurança";"Colisão traseira";"Com Vítimas Feridas";"Plena Noite";"Crescente";"Nublado";"Simples";"Reta";"Não";2;0;1;0;1;0;1;2;-27,008113;-48,617245;"SPRF-SC";"DEL04-SC";"UOP03-DEL04-SC"
307947;2020-09-14;"segunda-feira";"18:40:00";"PR";376;254,9;"CALIFORNIA";"Ingestão de álcool e/ou substâncias psicoativas pelo pedestre";"Atropelamento de Pedestre";"Com Vítimas Feridas";"Plena Noite";"Crescente";"Céu Claro";"Simples";"Reta";"Não";2;0;2;0;0;0;2;2;-23,647677;-51,375376;"SPRF-PR";"DEL07-PR";"UOP03-DEL07-PR"
307949;2020-09-14;"segunda-feira";"18:52:00";"TO";153;414,7;"MIRANORTE";"Desobediência às normas de trânsito pelo condutor";"Colisão transversal";"Com Vítimas Feridas";"Anoitecer";"Crescente";"Céu Claro";"Dupla";"Reta";"Sim";3;0;2;0;1;0;2;2;-9,532369;-48,593407;"SPRF-TO";"DEL01-TO";"UOP01-DEL01-TO"
307950;2020-09-14;"segunda-feira";"18:30:00";"PE";316;264,3;"BELEM DE SAO FRANCISCO";"Desobediência às normas de trânsito pelo condutor";"Colisão frontal";"Com Vítimas Fatais";"Plena Noite";"Crescente";"Céu Claro";"Simples";"Reta";"Não";5;2;3;0;0;0;3;2;-8,7246186;-38,9103352;"SPRF-PE";"DEL05-PE";"UOP03-DEL05-PE"
307952;2020-09-14;"segunda-feira";"19:30:00";"PE";407;122;"PETROLINA";"Animais na Pista";"Colisão frontal";"Com Vítimas Feridas";"Plena Noite";"Crescente";"Céu Claro";"Simples";"Reta";"Sim";2;0;1;0;1;0;1;2;-9,35368726;-40,55051642;"SPRF-PE";"DEL06-PE";"UOP01-DEL06-PE"
307953;2020-09-14;"segunda-feira";"19:00:00";"RJ";40;114;"DUQUE DE CAXIAS";"Falta de Atenção à Condução";"Colisão traseira";"Com Vítimas Feridas";"Plena Noite";"Decrescente";"Céu Claro";"Múltipla";"Reta";"Não";2;0;1;0;1;0;1;2;-22,71853604;-43,28993324;"SPRF-RJ";"DEL01-RJ";"UOP01-DEL01-RJ"
307954;2020-09-14;"segunda-feira";"19:40:00";"RJ";116;98;"GUAPIMIRIM";"Defeito Mecânico no Veículo";"Incêndio";"Sem Vítimas";"Plena Noite";"Decrescente";"Céu Claro";"Dupla";"Reta";"Não";1;0;0;0;1;0;0;1;-22,48285706;-42,99723936;"SPRF-RJ";"DEL04-RJ";"UOP02-DEL04-RJ"
307955;2020-09-14;"segunda-feira";"18:35:00";"RO";364;346,9;"JI-PARANA";"Falta de Atenção à Condução";"Colisão transversal";"Com Vítimas Feridas";"Plena Noite";"Crescente";"Céu Claro";"Simples";"Aclive;Reta;Interseção de Vias";"Sim";3;0;1;0;1;1;1;3;-10,865874;-61,968647;"SPRF-RO";"DEL02-RO";"UOP01-DEL02-RO"
307956;2020-09-14;"segunda-feira";"19:10:00";"DF";70;1;"BRASILIA";"Falta de Atenção à Condução";"Queda de ocupante de veículo";"Com Vítimas Feridas";"Plena Noite";"Crescente";"Céu Claro";"Múltipla";"Reta";"Sim";2;0;1;0;1;0;1;2;-15,795264;-48,063801;"SPRF-DF";"DEL03-DF";"UOP02-DEL03-DF"
307957;2020-09-14;"segunda-feira";"19:50:00";"PE";232;7,2;"RECIFE";"Velocidade Incompatível";"Colisão traseira";"Com Vítimas Feridas";"Plena Noite";"Crescente";"Céu Claro";"Dupla";"Reta";"Sim";2;0;0;1;1;0;1;2;-8,07333497;-34,96184301;"SPRF-PE";"DEL01-PE";"UOP01-DEL01-PE"
307959;2020-09-14;"segunda-feira";"17:30:00";"BA";410;8;"RIBEIRA DO POMBAL";"Defeito Mecânico no Veículo";"Incêndio";"Sem Vítimas";"Pleno dia";"Crescente";"Nublado";"Simples";"Reta";"Não";1;0;0;0;1;0;0;1;-10,85300373;-38,59149914;"SPRF-BA";"DEL07-BA";"UOP02-DEL07-BA"
307960;2020-07-27;"segunda-feira";"07:30:00";"PE";116;2;"SALGUEIRO";"Não guardar distância de segurança";"Queda de ocupante de veículo";"Com Vítimas Feridas";"Pleno dia";"Decrescente";"Céu Claro";"Simples";"Reta";"Não";2;0;0;1;0;1;1;2;-7,873192;-39,099377;"SPRF-PE";"DEL05-PE";"UOP01-DEL05-PE"
307961;2020-09-14;"segunda-feira";"18:35:00";"AL";424;102,7;"MARECHAL DEODORO";"Ingestão de Álcool";"Saída de leito carroçável";"Com Vítimas Feridas";"Plena Noite";"Crescente";"Céu Claro";"Simples";"Interseção de Vias";"Não";1;0;1;0;0;0;1;1;-9,67529239;-35,83680868;"SPRF-AL";"DEL02-AL";"UOP01-DEL02-AL"
307962;2020-09-14;"segunda-feira";"19:30:00";"RJ";393;180;"PARAIBA DO SUL";"Animais na Pista";"Atropelamento de Animal";"Com Vítimas Feridas";"Plena Noite";"Decrescente";"Céu Claro";"Simples";"Curva";"Não";1;0;1;0;0;0;1;1;-22,13161004;-43,24326096;"SPRF-RJ";"DEL05-RJ";"UOP03-DEL05-RJ"
307963;2020-09-09;"quarta-feira";"23:15:00";"RS";116;263;"CANOAS";"Ingestão de Álcool";"Colisão com objeto estático";"Sem Vítimas";"Plena Noite";"Crescente";"Céu Claro";"Simples";"Reta";"Sim";1;0;0;0;1;0;0;1;-29,90545398;-51,17674031;"SPRF-RS";"DEL01-RS";"UOP01-DEL01-RS"
307966;2020-09-14;"segunda-feira";"20:31:00";"SP";116;224;"GUARULHOS";"Falta de Atenção à Condução";"Tombamento";"Com Vítimas Feridas";"Plena Noite";"Decrescente";"Nublado";"Dupla";"Reta";"Sim";1;0;1;0;0;0;1;1;-23,48071896;-46,53271603;"SPRF-SP";"DEL01-SP";"UOP01-DEL01-SP"
307967;2020-09-14;"segunda-feira";"20:50:00";"SC";470;57,9;"BLUMENAU";"Desobediência às normas de trânsito pelo condutor";"Colisão traseira";"Com Vítimas Feridas";"Plena Noite";"Crescente";"Céu Claro";"Simples";"Interseção de Vias";"Sim";2;0;1;0;1;0;1;2;-26,88406706;-49,1465342;"SPRF-SC";"DEL04-SC";"UOP01-DEL04-SC"
307970;2020-09-14;"segunda-feira";"20:30:00";"PR";272;385;"ARARUNA";"Ingestão de Álcool";"Colisão frontal";"Sem Vítimas";"Plena Noite";"Crescente";"Céu Claro";"Simples";"Declive";"Não";2;0;0;0;2;0;0;2;-24,06338063;-52,56394331;"SPRF-PR";"DEL09-PR";"UOP03-DEL09-PR"
307973;2020-09-14;"segunda-feira";"21:40:00";"SP";116;162;"JACAREI";"Agressão Externa";"Colisão com objeto estático";"Com Vítimas Feridas";"Plena Noite";"Decrescente";"Nevoeiro/Neblina";"Dupla";"Curva";"Não";5;0;2;2;1;0;4;2;-23,28133317;-45,98394689;"SPRF-SP";"DEL02-SP";"UOP01-DEL02-SP"
307974;2020-09-14;"segunda-feira";"21:00:00";"RJ";101;530;"ANGRA DOS REIS";"Desobediência às normas de trânsito pelo condutor";"Queda de ocupante de veículo";"Com Vítimas Feridas";"Plena Noite";"Decrescente";"Céu Claro";"Simples";"Curva";"Não";1;0;1;0;0;0;1;1;-23,0232454;-44,51684972;"SPRF-RJ";"DEL03-RJ";"UOP02-DEL03-RJ"
307975;2020-09-14;"segunda-feira";"18:00:00";"RO";364;235,3;"CACOAL";"Desobediência às normas de trânsito pelo condutor";"Colisão transversal";"Sem Vítimas";"Anoitecer";"Decrescente";"Céu Claro";"Simples";"Retorno Regulamentado";"Sim";2;0;0;0;2;0;0;2;-11,4506169;-61,4302469;"SPRF-RO";"DEL02-RO";"UOP02-DEL02-RO"
307976;2020-09-14;"segunda-feira";"18:30:00";"RO";364;249,5;"CACOAL";"Falta de Atenção à Condução";"Colisão traseira";"Com Vítimas Feridas";"Anoitecer";"Decrescente";"Céu Claro";"Simples";"Aclive";"Não";3;0;0;2;1;0;2;2;-11,438091;-61,555245;"SPRF-RO";"DEL02-RO";"UOP02-DEL02-RO"
307978;2020-09-14;"segunda-feira";"21:30:00";"RS";285;460,3;"IJUI";"Falta de Atenção à Condução";"Colisão transversal";"Com Vítimas Feridas";"Plena Noite";"Crescente";"Nublado";"Simples";"Interseção de Vias";"Sim";6;0;1;0;5;0;1;2;-28,414484;-53,910641;"SPRF-RS";"DEL10-RS";"UOP01-DEL10-RS"
307979;2020-09-14;"segunda-feira";"14:50:00";"RJ";101;59;"CAMPOS DOS GOYTACAZES";"Falta de Atenção do Pedestre";"Colisão transversal";"Com Vítimas Feridas";"Pleno dia";"Decrescente";"Céu Claro";"Simples";"Reta";"Sim";2;0;1;0;0;1;1;2;-21,71366497;-41,30861915;"SPRF-RJ";"DEL08-RJ";"UOP01-DEL08-RJ"
307981;2020-09-14;"segunda-feira";"22:15:00";"RJ";116;186;"NOVA IGUACU";"Falta de Atenção à Condução";"Colisão traseira";"Com Vítimas Feridas";"Plena Noite";"Crescente";"Nublado";"Dupla";"Reta";"Não";2;0;1;0;1;0;1;2;-22,74452265;-43,51444244;"SPRF-RJ";"DEL01-RJ";"UOP02-DEL01-RJ"
307984;2020-09-14;"segunda-feira";"22:30:00";"SC";101;123,3;"ITAJAI";"Objeto estático sobre o leito carroçável";"Colisão com objeto estático";"Com Vítimas Feridas";"Plena Noite";"Decrescente";"Céu Claro";"Múltipla";"Reta";"Não";2;0;1;0;0;1;1;2;-26,93668609;-48,69876905;"SPRF-SC";"DEL04-SC";"UOP04-DEL04-SC"
307985;2020-09-14;"segunda-feira";"18:30:00";"GO";153;113;"SANTA TEREZA DE GOIAS";"Desobediência às normas de trânsito pelo condutor";"Colisão lateral";"Com Vítimas Feridas";"Anoitecer";"Decrescente";"Céu Claro";"Simples";"Reta";"Não";2;0;0;1;1;0;1;2;-13,761327;-49,028198;"SPRF-GO";"DEL07-GO";"UOP01-DEL07-GO"
307987;2020-09-14;"segunda-feira";"22:30:00";"BA";116;459;"SANTO ESTEVAO";"Ingestão de Álcool";"Queda de ocupante de veículo";"Com Vítimas Feridas";"Plena Noite";"Decrescente";"Céu Claro";"Dupla";"Reta";"Sim";1;0;1;0;0;0;1;1;-12,42081589;-39,19884407;"SPRF-BA";"DEL02-BA";"UOP01-DEL02-BA"
307988;2020-09-14;"segunda-feira";"22:30:00";"PB";230;25;"JOAO PESSOA";"Falta de Atenção à Condução";"Colisão com objeto estático";"Com Vítimas Feridas";"Plena Noite";"Decrescente";"Céu Claro";"Dupla";"Reta";"Não";2;0;1;0;1;0;1;2;-7,1707;-34,8684;"SPRF-PB";"DEL01-PB";"UOP01-DEL01-PB"
307989;2020-09-14;"segunda-feira";"23:30:00";"PR";376;170,7;"MARINGA";"Falta de Atenção à Condução";"Colisão com objeto estático";"Com Vítimas Feridas";"Plena Noite";"Decrescente";"Nublado";"Dupla";"Viaduto;Curva";"Sim";1;0;0;1;0;0;1;1;-23,41595703;-51,97950402;"SPRF-PR";"DEL09-PR";"UOP01-DEL09-PR"
307990;2020-09-14;"segunda-feira";"23:25:00";"PE";104;87;"AGRESTINA";"Deficiência ou não Acionamento do Sistema de Iluminação/Sinalização do Veículo";"Colisão frontal";"Com Vítimas Feridas";"Plena Noite";"Crescente";"Céu Claro";"Simples";"Reta";"Sim";3;0;1;0;1;1;1;2;-8,454104;-35,945515;"SPRF-PE";"DEL02-PE";"UOP01-DEL02-PE"
307991;2020-09-14;"segunda-feira";"22:58:00";"SP";116;37,4;"CACHOEIRA PAULISTA";"Defeito Mecânico no Veículo";"Incêndio";"Sem Vítimas";"Plena Noite";"Crescente";"Nublado";"Dupla";"Reta";"Não";1;0;0;0;1;0;0;1;-22,66497021;-44,98430985;"SPRF-SP";"DEL08-SP";"UOP02-DEL08-SP"
307992;2020-09-14;"segunda-feira";"20:50:00";"MG";116;552,9;"SANTA BARBARA DO LESTE";"Desobediência às normas de trânsito pelo condutor";"Atropelamento de Pedestre";"Com Vítimas Feridas";"Plena Noite";"Decrescente";"Céu Claro";"Simples";"Curva";"Sim";2;0;1;1;0;0;2;2;-19,98476697;-42,1434265;"SPRF-MG";"DEL06-MG";"UOP02-DEL06-MG"
307993;2020-09-14;"segunda-feira";"21:00:00";"PI";343;468;"ANGICAL DO PIAUI";"Não guardar distância de segurança";"Colisão traseira";"Com Vítimas Feridas";"Plena Noite";"Crescente";"Céu Claro";"Simples";"Reta";"Não";3;0;1;1;1;0;2;2;-6,068401;-42,736458;"SPRF-PI";"DEL01-PI";"UOP02-DEL01-PI"
307994;2020-09-14;"segunda-feira";"22:30:00";"RJ";40;28;"TRES RIOS";"Desobediência às normas de trânsito pelo condutor";"Saída de leito carroçável";"Sem Vítimas";"Plena Noite";"Crescente";"Céu Claro";"Dupla";"Reta";"Não";6;0;0;0;6;0;0;2;-22,17077715;-43,16190391;"SPRF-RJ";"DEL05-RJ";"UOP02-DEL05-RJ"
307996;2020-09-14;"segunda-feira";"23:40:00";"PB";101;78;"SANTA RITA";"Falta de Atenção à Condução";"Colisão traseira";"Com Vítimas Feridas";"Plena Noite";"Crescente";"Garoa/Chuvisco";"Dupla";"Reta";"Não";5;0;0;1;4;0;1;2;-7,10808295;-34,96293885;"SPRF-PB";"DEL01-PB";"UOP04-DEL01-PB"
307999;2020-08-30;"domingo";"00:15:00";"RN";0;0;"MOSSORO";"Velocidade Incompatível";"Colisão transversal";"Com Vítimas Feridas";"Plena Noite";"Não Informado";"Céu Claro";"Simples";"Curva";"Sim";3;0;1;0;2;0;1;2;-5,14987758;-37,36043757;"SPRF-RN";"DEL04-RN";"UOP02-DEL04-RN"
308000;2020-09-15;"terça-feira";"02:20:00";"MG";40;724,1;"BARBACENA";"Condutor Dormindo";"Saída de leito carroçável";"Com Vítimas Feridas";"Plena Noite";"Decrescente";"Céu Claro";"Dupla";"Reta";"Não";4;0;1;0;3;0;1;1;-21,28214033;-43,64440486;"SPRF-MG";"DEL05-MG";"UOP01-DEL05-MG"
308003;2020-09-15;"terça-feira";"02:30:00";"MG";50;34;"ARAGUARI";"Defeito Mecânico no Veículo";"Saída de leito carroçável";"Com Vítimas Feridas";"Plena Noite";"Decrescente";"Céu Claro";"Dupla";"Curva";"Não";1;0;1;0;0;0;1;1;-18,64226015;-48,12483788;"SPRF-MG";"DEL15-MG";"UOP02-DEL15-MG"
308004;2020-09-15;"terça-feira";"04:00:00";"PB";230;147,9;"CAMPINA GRANDE";"Velocidade Incompatível";"Colisão com objeto estático";"Sem Vítimas";"Plena Noite";"Crescente";"Céu Claro";"Dupla";"Rotatória";"Não";1;0;0;0;0;1;0;1;-7,23709592;-35,86785447;"SPRF-PB";"DEL02-PB";"UOP01-DEL02-PB"
308009;2020-09-15;"terça-feira";"05:50:00";"RJ";116;170;"RIO DE JANEIRO";"Defeito Mecânico no Veículo";"Queda de ocupante de veículo";"Com Vítimas Feridas";"Amanhecer";"Decrescente";"Chuva";"Múltipla";"Reta";"Sim";2;0;2;0;0;0;2;1;-22,81113183;-43,3336729;"SPRF-RJ";"DEL01-RJ";"UOP02-DEL01-RJ"
308011;2020-09-15;"terça-feira";"06:35:00";"MG";381;485,7;"BETIM";"Não guardar distância de segurança";"Engavetamento";"Com Vítimas Feridas";"Pleno dia";"Decrescente";"Céu Claro";"Dupla";"Reta";"Sim";3;0;0;1;2;0;1;3;-19,956052;-44,101107;"SPRF-MG";"DEL01-MG";"UOP03-DEL01-MG"
308013;2020-08-21;"sexta-feira";"14:16:00";"RN";101;106;"PARNAMIRIM";"Desobediência às normas de trânsito pelo condutor";"Colisão traseira";"Com Vítimas Feridas";"Pleno dia";"Decrescente";"Sol";"Dupla";"Reta";"Não";4;0;1;0;3;0;1;3;-5,9054096;-35,26000734;"SPRF-RN";"DEL01-RN";"UOP01-DEL01-RN"
308015;2020-09-15;"terça-feira";"06:40:00";"PE";101;96;"CABO DE SANTO AGOSTINHO";"Falta de Atenção à Condução";"Colisão lateral";"Com Vítimas Feridas";"Pleno dia";"Decrescente";"Céu Claro";"Múltipla";"Declive;Interseção de Vias";"Sim";2;0;0;1;1;0;1;2;-8,25146993;-35,021805;"SPRF-PE";"DEL01-PE";"UOP03-DEL01-PE"
308018;2020-09-14;"segunda-feira";"23:35:00";"SC";280;126,8;"RIO NEGRINHO";"Ingestão de Álcool";"Saída de leito carroçável";"Sem Vítimas";"Plena Noite";"Crescente";"Nublado";"Simples";"Declive;Reta";"Sim";1;0;0;0;1;0;0;1;-26,24407058;-49,5162499;"SPRF-SC";"DEL06-SC";"UOP03-DEL06-SC"