"id";"data_inversa";"dia_semana";"horario";"uf";"br";"km";"municipio";"causa_acidente";"tipo_acidente";"classificacao_acidente";"fase_dia";"sentido_via";"condicao_metereologica";"tipo_pista";"tracado_via";"uso_solo";"pessoas";"mortos";"feridos_leves";"feridos_graves";"ilesos";"ignorados";"feridos";"veiculos";"latitude";"longitude";"regional";"delegacia";"uop"
308279;2020-09-16;"quarta-feira";"15:00:00";"PR";277;116;"CAMPO LARGO";"Não guardar distância de segurança";"Queda de ocupante de veículo";"Com Vítimas Feridas";"Pleno dia";"Crescente";"Sol";"Múltipla";"Curva";"Sim";1;0;1;0;0;0;1;1;-25,43342542;-49,40593292;"SPRF-PR";"DEL01-PR";"UOP03-DEL03-PR"
308282;2020-08-15;"sábado";"16:00:00";"MG";116;275,4;"TEOFILO OTONI";"Falta de Atenção à Condução";"Tombamento";"Com Vítimas Feridas";"Pleno dia";"Crescente";"Nublado";"Simples";"Reta";"Sim";1;0;0;1;0;0;1;1;-17,8717201;-41,5194145;"SPRF-MG";"DEL11-MG";"UOP01-DEL11-MG"
308284;2020-09-16;"quarta-feira";"15:15:00";"TO";153;387;"RIO DOS BOIS";"Defeito na Via";"Capotamento";"Com Vítimas Feridas";"Pleno dia";"Decrescente";"Sol";"Simples";"Reta";"Não";1;0;0;1;0;0;1;1;-9,30444;-48,549826;"SPRF-TO";"DEL02-TO";"UOP02-DEL02-TO"
308286;2020-09-16;"quarta-feira";"07:30:00";"RN";101;101;"PARNAMIRIM";"Falta de Atenção à Condução";"Colisão com objeto estático";"Sem Vítimas";"Pleno dia";"Decrescente";"Céu Claro";"Múltipla";"Reta";"Sim";1;0;0;0;0;1;0;1;-5,88681084;-35,23143404;"SPRF-RN";"DEL01-RN";"UOP01-DEL01-RN"
308287;2020-09-16;"quarta-feira";"16:00:00";"PE";101;154;"RIBEIRAO";"Desobediência às normas de trânsito pelo condutor";"Colisão transversal";"Com Vítimas Fatais";"Pleno dia";"Decrescente";"Sol";"Dupla";"Curva";"Não";2;1;0;0;1;0;0;2;-8,52860711;-35,38883966;"SPRF-PE";"DEL01-PE";"UOP03-DEL01-PE"
308288;2020-09-16;"quarta-feira";"14:50:00";"GO";70;3;"AGUAS LINDAS DE GOIAS";"Falta de Atenção à Condução";"Saída de leito carroçável";"Com Vítimas Feridas";"Pleno dia";"Decrescente";"Céu Claro";"Dupla";"Reta";"Sim";2;0;1;0;1;0;1;2;-15,76177302;-48,2368693;"SPRF-DF";"DEL03-DF";"UOP02-DEL03-DF"
308290;2020-09-16;"quarta-feira";"16:15:00";"PI";316;11;"TERESINA";"Falta de Atenção à Condução";"Colisão traseira";"Sem Vítimas";"Pleno dia";"Decrescente";"Céu Claro";"Múltipla";"Desvio Temporário";"Sim";2;0;0;0;2;0;0;2;-5,191739;-42,76076102;"SPRF-PI";"DEL01-PI";"UOP02-DEL01-PI"
308291;2020-09-16;"quarta-feira";"14:15:00";"RO";364;424;"JARU";"Falta de Atenção à Condução";"Colisão transversal";"Com Vítimas Feridas";"Pleno dia";"Crescente";"Céu Claro";"Simples";"Reta";"Sim";2;0;1;0;1;0;1;2;-10,438333;-62,470717;"SPRF-RO";"DEL03-RO";"UOP02-DEL03-RO"
308292;2020-09-16;"quarta-feira";"15:50:00";"MG";116;408,6;"GOVERNADOR VALADARES";"Falta de Atenção do Pedestre";"Atropelamento de Pedestre";"Com Vítimas Feridas";"Pleno dia";"Decrescente";"Céu Claro";"Múltipla";"Retorno Regulamentado";"Sim";2;0;1;0;1;0;1;2;-18,83880577;-41,98740721;"SPRF-MG";"DEL06-MG";"UOP01-DEL06-MG"
308293;2020-09-16;"quarta-feira";"16:50:00";"RN";405;1;"MOSSORO";"Falta de Atenção à Condução";"Colisão transversal";"Sem Vítimas";"Pleno dia";"Crescente";"Céu Claro";"Dupla";"Interseção de Vias";"Sim";2;0;0;0;1;1;0;2;-5,19170196;-37,361471;"SPRF-RN";"DEL04-RN";"UOP02-DEL04-RN"
308294;2020-09-16;"quarta-feira";"16:50:00";"RS";116;248;"SAO LEOPOLDO";"Não guardar distância de segurança";"Colisão traseira";"Sem Vítimas";"Pleno dia";"Decrescente";"Chuva";"Dupla";"Reta";"Sim";2;0;0;0;2;0;0;2;-29,77387662;-51,15446806;"SPRF-RS";"DEL01-RS";"UOP02-DEL01-RS"
308297;2020-09-16;"quarta-feira";"17:15:00";"PE";232;5,9;"RECIFE";"Falta de Atenção à Condução";"Queda de ocupante de veículo";"Com Vítimas Feridas";"Anoitecer";"Crescente";"Céu Claro";"Dupla";"Reta";"Sim";1;0;1;0;0;0;1;1;-8,06795766;-34,94535414;"SPRF-PE";"DEL01-PE";"UOP01-DEL01-PE"
308298;2020-09-16;"quarta-feira";"16:50:00";"RS";470;210;"BENTO GONCALVES";"Ingestão de Álcool";"Colisão traseira";"Com Vítimas Feridas";"Pleno dia";"Crescente";"Chuva";"Simples";"Retorno Regulamentado";"Sim";3;0;2;0;1;0;2;2;-29,11647449;-51,54258383;"SPRF-RS";"DEL06-RS";"UOP01-DEL06-RS"
308299;2020-09-16;"quarta-feira";"17:30:00";"RS";386;35;"FREDERICO WESTPHALEN";"Falta de Atenção à Condução";"Colisão transversal";"Com Vítimas Feridas";"Anoitecer";"Decrescente";"Nublado";"Simples";"Curva";"Sim";4;0;0;1;2;1;1;3;-27,365112;-53,394897;"SPRF-RS";"DEL08-RS";"UOP02-DEL08-RS"
308300;2020-09-16;"quarta-feira";"17:30:00";"GO";158;0,4;"ARAGARCAS";"Falta de Atenção à Condução";"Engavetamento";"Sem Vítimas";"Pleno dia";"Decrescente";"Céu Claro";"Simples";"Aclive;Reta;Ponte";"Sim";4;0;0;0;4;0;0;3;-15,895746;-52,25162;"SPRF-GO";"DEL04-GO";"UOP01-DEL04-GO"
308301;2020-07-14;"terça-feira";"07:30:00";"SC";280;163;"RIO NEGRINHO";"Restrição de Visibilidade";"Colisão traseira";"Com Vítimas Feridas";"Pleno dia";"Decrescente";"Nevoeiro/Neblina";"Simples";"Reta";"Não";3;0;1;0;2;0;1;2;-26,39556009;-49,67330933;"SPRF-SC";"DEL06-SC";"UOP01-DEL06-SC"
308303;2020-09-16;"quarta-feira";"17:30:00";"MG";381;487,9;"BETIM";"Falta de Atenção à Condução";"Colisão lateral";"Com Vítimas Feridas";"Anoitecer";"Crescente";"Céu Claro";"Dupla";"Reta;Aclive";"Sim";2;0;2;0;0;0;2;2;-19,95586853;-44,14609501;"SPRF-MG";"DEL01-MG";"UOP03-DEL01-MG"
308304;2020-09-16;"quarta-feira";"16:20:00";"MG";262;502,3;"LUZ";"Desobediência às normas de trânsito pelo condutor";"Capotamento";"Com Vítimas Feridas";"Pleno dia";"Crescente";"Céu Claro";"Simples";"Reta";"Não";1;0;1;0;0;0;1;1;-19,77058062;-45,50193787;"SPRF-MG";"DEL08-MG";"UOP03-DEL08-MG"
308305;2020-09-16;"quarta-feira";"17:15:00";"MT";163;852;"SINOP";"Falta de Atenção à Condução";"Queda de ocupante de veículo";"Com Vítimas Feridas";"Anoitecer";"Decrescente";"Céu Claro";"Simples";"Reta";"Não";1;0;1;0;0;0;1;1;-11,83804005;-55,48914881;"SPRF-MT";"DEL06-MT";"NPF/DEL06-MT"
308306;2020-09-16;"quarta-feira";"16:15:00";"SP";116;282;"EMBU DAS ARTES";"Falta de Atenção à Condução";"Colisão traseira";"Com Vítimas Feridas";"Anoitecer";"Decrescente";"Céu Claro";"Dupla";"Reta";"Sim";2;0;1;0;1;0;1;2;-23,68570216;-46,85970975;"SPRF-SP";"DEL04-SP";"UOP01-DEL04-SP"
308307;2020-09-16;"quarta-feira";"18:15:00";"PR";158;531;"PATO BRANCO";"Falta de Atenção à Condução";"Queda de ocupante de veículo";"Com Vítimas Feridas";"Anoitecer";"Crescente";"Nublado";"Simples";"Reta";"Sim";2;0;1;0;0;1;1;2;-26,20228;-52,678215;"SPRF-PR";"DEL02-PR";"UOP01-DEL02-PR"
308308;2020-09-16;"quarta-feira";"15:15:00";"MS";158;97;"PARANAIBA";"Ingestão de Álcool";"Saída de leito carroçável";"Sem Vítimas";"Pleno dia";"Crescente";"Céu Claro";"Dupla";"Reta";"Não";5;0;0;0;5;0;0;1;-19,69627676;-51,17701292;"SPRF-MS";"DEL08-MS";"UOP01-DEL08-MS"
308309;2020-09-16;"quarta-feira";"18:05:00";"PR";369;145;"LONDRINA";"Não guardar distância de segurança";"Colisão traseira";"Com Vítimas Feridas";"Pleno dia";"Crescente";"Céu Claro";"Dupla";"Reta;Aclive";"Sim";2;0;1;1;0;0;2;2;-23,29365112;-51,11107305;"SPRF-PR";"DEL07-PR";"UOP01-DEL07-PR"
308312;2020-09-16;"quarta-feira";"18:40:00";"GO";50;279;"CATALAO";"Falta de Atenção à Condução";"Tombamento";"Com Vítimas Feridas";"Plena Noite";"Decrescente";"Céu Claro";"Simples";"Reta";"Sim";2;0;2;0;0;0;2;1;-18,1739;-47,9289;"SPRF-GO";"DEL06-GO";"UOP01-DEL06-GO"
308314;2020-09-16;"quarta-feira";"19:01:00";"PA";230;120;"MARABA";"Falta de Atenção à Condução";"Colisão com objeto estático";"Com Vítimas Feridas";"Plena Noite";"Crescente";"Céu Claro";"Dupla";"Reta";"Sim";2;0;1;0;1;0;1;2;-5,35038318;-49,11434;"SPRF-PA";"DEL03-PA";"UOP01-DEL03-PA"
308315;2020-09-16;"quarta-feira";"18:15:00";"RJ";116;163;"RIO DE JANEIRO";"Objeto estático sobre o leito carroçável";"Colisão com objeto estático";"Com Vítimas Feridas";"Anoitecer";"Crescente";"Céu Claro";"Múltipla";"Reta";"Sim";1;0;1;0;0;0;1;1;-22,81716881;-43,32248211;"SPRF-RJ";"DEL01-RJ";"UOP01-DEL01-RJ"
308316;2020-09-16;"quarta-feira";"18:55:00";"PR";116;132;"FAZENDA RIO GRANDE";"Falta de Atenção à Condução";"Colisão traseira";"Com Vítimas Feridas";"Plena Noite";"Crescente";"Céu Claro";"Múltipla";"Reta";"Sim";2;0;2;0;0;0;2;2;-25,65733698;-49,31212612;"SPRF-PR";"DEL01-PR";"UOP03-DEL01-PR"
308318;2020-09-16;"quarta-feira";"18:50:00";"PB";230;66,5;"SAO MIGUEL DE TAIPU";"Falta de Atenção do Pedestre";"Atropelamento de Pedestre";"Com Vítimas Feridas";"Plena Noite";"Decrescente";"Céu Claro";"Dupla";"Curva;Declive";"Não";3;0;0;1;1;1;1;2;-7,1874;-35,1889;"SPRF-PB";"DEL01-PB";"UOP03-DEL01-PB"
308320;2020-09-16;"quarta-feira";"18:20:00";"PB";412;93,4;"SERRA BRANCA";"Ingestão de Álcool";"Saída de leito carroçável";"Sem Vítimas";"Plena Noite";"Decrescente";"Céu Claro";"Simples";"Reta";"Não";1;0;0;0;0;1;0;1;-7,579538;-36,786976;"SPRF-PB";"DEL02-PB";"UOP02-DEL02-PB"
308321;2020-09-16;"quarta-feira";"19:12:00";"RN";101;106,3;"PARNAMIRIM";"Animais na Pista";"Atropelamento de Animal";"Com Vítimas Feridas";"Plena Noite";"Crescente";"Céu Claro";"Dupla";"Reta";"Sim";2;0;0;2;0;0;2;1;-5,91006031;-35,26133895;"SPRF-RN";"DEL01-RN";"UOP01-DEL01-RN"
308322;2020-09-16;"quarta-feira";"19:00:00";"PA";230;119;"MARABA";"Desobediência às normas de trânsito pelo condutor";"Colisão transversal";"Com Vítimas Feridas";"Plena Noite";"Decrescente";"Céu Claro";"Simples";"Reta";"Sim";3;0;1;0;2;0;1;2;-5,350407;-49,105981;"SPRF-PA";"DEL03-PA";"UOP01-DEL03-PA"
308323;2020-09-16;"quarta-feira";"19:00:00";"SC";101;115,7;"ITAJAI";"Não guardar distância de segurança";"Colisão traseira";"Com Vítimas Feridas";"Anoitecer";"Crescente";"Céu Claro";"Dupla";"Reta";"Sim";3;0;1;0;2;0;1;3;-26,87064015;-48,72954134;"SPRF-SC";"DEL04-SC";"UOP04-DEL04-SC"
308324;2020-09-16;"quarta-feira";"19:20:00";"PR";376;158,5;"MANDAGUACU";"Falta de Atenção à Condução";"Queda de ocupante de veículo";"Com Vítimas Feridas";"Plena Noite";"Decrescente";"Céu Claro";"Dupla";"Reta;Retorno Regulamentado";"Não";1;0;1;0;0;0;1;1;-23,36169997;-52,08593395;"SPRF-PR";"DEL09-PR";"UOP01-DEL09-PR"
308325;2020-09-16;"quarta-feira";"19:30:00";"MG";365;765;"ITUIUTABA";"Ultrapassagem Indevida";"Colisão frontal";"Com Vítimas Feridas";"Plena Noite";"Crescente";"Nublado";"Simples";"Reta";"Não";2;0;2;0;0;0;2;2;-18,96344519;-49,56143601;"SPRF-MG";"DEL15-MG";"UOP03-DEL15-MG"
308326;2020-09-16;"quarta-feira";"18:10:00";"RO";174;14;"VILHENA";"Falta de Atenção à Condução";"Colisão traseira";"Com Vítimas Feridas";"Anoitecer";"Crescente";"Nublado";"Dupla";"Interseção de Vias";"Sim";2;0;1;0;1;0;1;2;-12,73306632;-60,12981255;"SPRF-RO";"DEL04-RO";"UOP01-DEL04-RO"
308330;2020-09-16;"quarta-feira";"19:00:00";"RJ";101;256;"RIO BONITO";"Falta de Atenção à Condução";"Tombamento";"Com Vítimas Feridas";"Plena Noite";"Decrescente";"Céu Claro";"Dupla";"Reta";"Não";2;0;1;0;1;0;1;1;-22,69621133;-42,56854493;"SPRF-RJ";"DEL02-RJ";"UOP03-DEL02-RJ"
308331;2020-09-16;"quarta-feira";"18:00:00";"SC";470;122,6;"IBIRAMA";"Pista Escorregadia";"Tombamento";"Com Vítimas Feridas";"Anoitecer";"Crescente";"Nublado";"Múltipla";"Curva";"Sim";1;0;1;0;0;0;1;1;-27,099888;-49,527679;"SPRF-SC";"DEL04-SC";"UOP02-DEL04-SC"
308332;2020-09-16;"quarta-feira";"20:30:00";"PB";101;88;"JOAO PESSOA";"Desobediência às normas de trânsito pelo pedestre";"Atropelamento de Pedestre";"Sem Vítimas";"Plena Noite";"Decrescente";"Nublado";"Dupla";"Reta";"Sim";2;0;0;0;0;2;0;2;-7,16777086;-34,89669585;"SPRF-PB";"DEL01-PB";"UOP01-DEL01-PB"
308334;2020-09-16;"quarta-feira";"20:30:00";"SP";116;211;"GUARULHOS";"Falta de Atenção à Condução";"Colisão lateral";"Com Vítimas Feridas";"Plena Noite";"Crescente";"Céu Claro";"Múltipla";"Reta";"Não";4;0;1;1;1;1;2;3;-23,4324306;-46,4194352;"SPRF-SP";"DEL01-SP";"UOP01-DEL01-SP"
308336;2020-09-16;"quarta-feira";"18:10:00";"BA";242;144;"RAFAEL JAMBEIRO";"Velocidade Incompatível";"Saída de leito carroçável";"Sem Vítimas";"Plena Noite";"Crescente";"Céu Claro";"Simples";"Reta";"Não";1;0;0;0;1;0;0;1;-12,5476628;-39,55460794;"SPRF-BA";"DEL06-BA";"UOP02-DEL06-BA"
308339;2020-09-16;"quarta-feira";"17:00:00";"RO";364;569;"ALTO PARAISO";"Falta de Atenção à Condução";"Colisão traseira";"Com Vítimas Feridas";"Pleno dia";"Crescente";"Céu Claro";"Simples";"Reta";"Não";4;0;1;0;0;3;1;3;-9,48656987;-63,09585109;"SPRF-RO";"DEL01-RO";"UOP04-DEL01-RO"
308340;2020-09-16;"quarta-feira";"19:30:00";"MT";174;517;"COMODORO";"Falta de Atenção à Condução";"Saída de leito carroçável";"Com Vítimas Feridas";"Plena Noite";"Crescente";"Céu Claro";"Simples";"Reta";"Não";1;0;1;0;0;0;1;1;-13,3893691;-59,85955233;"SPRF-MT";"DEL04-MT";"UOP01-DEL04-MT"
308342;2020-09-16;"quarta-feira";"18:15:00";"MG";116;763;"LEOPOLDINA";"Ultrapassagem Indevida";"Colisão lateral";"Com Vítimas Feridas";"Plena Noite";"Decrescente";"Céu Claro";"Simples";"Reta";"Sim";2;0;0;1;1;0;1;2;-21,52635545;-42,63256914;"SPRF-MG";"DEL07-MG";"UOP01-DEL07-MG"
308343;2020-09-16;"quarta-feira";"20:20:00";"MT";163;838;"SINOP";"Falta de Atenção à Condução";"Queda de ocupante de veículo";"Com Vítimas Feridas";"Plena Noite";"Crescente";"Céu Claro";"Dupla";"Reta";"Sim";1;0;1;0;0;0;1;1;-11,960007;-55,516914;"SPRF-MT";"DEL06-MT";"NPF/DEL06-MT"
308345;2020-09-16;"quarta-feira";"21:40:00";"GO";60;105,5;"GOIANAPOLIS";"Defeito Mecânico no Veículo";"Tombamento";"Com Vítimas Feridas";"Plena Noite";"Decrescente";"Céu Claro";"Dupla";"Reta;Declive";"Não";2;0;1;0;0;1;1;2;-16,4118;-49,0004;"SPRF-GO";"DEL02-GO";"UOP01-DEL02-GO"
308348;2020-09-16;"quarta-feira";"21:00:00";"BA";116;809;"VITORIA DA CONQUISTA";"Velocidade Incompatível";"Colisão traseira";"Com Vítimas Feridas";"Plena Noite";"Decrescente";"Céu Claro";"Simples";"Reta;Interseção de Vias";"Não";2;0;0;1;0;1;1;2;-14,78618057;-40,74683558;"SPRF-BA";"DEL08-BA";"UOP01-DEL08-BA"
308349;2020-09-16;"quarta-feira";"20:30:00";"BA";242;720;"CRISTOPOLIS";"Falta de Atenção à Condução";"Atropelamento de Pedestre";"Com Vítimas Feridas";"Plena Noite";"Decrescente";"Céu Claro";"Simples";"Reta";"Não";2;0;2;0;0;0;2;2;-12,23347863;-44,38701768;"SPRF-BA";"DEL06-BA";"UOP03-DEL06-BA"
308350;2020-09-16;"quarta-feira";"21:30:00";"MG";40;704;"BARBACENA";"Falta de Atenção à Condução";"Colisão traseira";"Com Vítimas Feridas";"Plena Noite";"Crescente";"Céu Claro";"Dupla";"Reta";"Não";2;0;1;0;0;1;1;2;-21,20817;-43,74966601;"SPRF-MG";"DEL05-MG";"UOP02-DEL05-MG"
308351;2020-09-16;"quarta-feira";"22:30:00";"SP";116;99;"PINDAMONHANGABA";"Objeto estático sobre o leito carroçável";"Tombamento";"Com Vítimas Feridas";"Plena Noite";"Decrescente";"Céu Claro";"Dupla";"Curva;Retorno Regulamentado;Interseção de Vias;Declive";"Não";1;0;1;0;0;0;1;1;-22,98236971;-45,46436617;"SPRF-SP";"DEL06-SP";"UOP01-DEL06-SP"
308352;2020-09-16;"quarta-feira";"22:40:00";"SP";116;541;"BARRA DO TURVO";"Pista Escorregadia";"Colisão com objeto estático";"Com Vítimas Feridas";"Plena Noite";"Crescente";"Garoa/Chuvisco";"Simples";"Curva";"Não";2;0;2;0;0;0;2;1;-24,97245688;-48,39976606;"SPRF-SP";"DEL05-SP";"UOP02-DEL05-SP"
308353;2020-09-16;"quarta-feira";"19:15:00";"PR";163;27,2;"SANTO ANTONIO DO SUDOESTE";"Desobediência às normas de trânsito pelo condutor";"Colisão traseira";"Com Vítimas Fatais";"Plena Noite";"Crescente";"Céu Claro";"Simples";"Aclive;Reta";"Não";2;1;1;0;0;0;1;2;-26,16088889;-53,67984584;"SPRF-PR";"DEL02-PR";"UOP02-DEL02-PR"
308355;2020-09-16;"quarta-feira";"22:50:00";"DF";70;13;"BRASILIA";"Ingestão de Álcool";"Saída de leito carroçável";"Sem Vítimas";"Plena Noite";"Crescente";"Céu Claro";"Dupla";"Reta";"Sim";1;0;0;0;1;0;0;1;-15,794558;-48,166584;"SPRF-DF";"DEL03-DF";"UOP02-DEL03-DF"
308359;2020-09-16;"quarta-feira";"15:20:00";"RO";364;516;"ARIQUEMES";"Falta de Atenção à Condução";"Capotamento";"Com Vítimas Feridas";"Pleno dia";"Decrescente";"Céu Claro";"Simples";"Reta";"Não";2;0;2;0;0;0;2;1;-9,915961;-63,05532;"SPRF-RO";"DEL03-RO";"UOP01-DEL03-RO"
308360;2020-09-16;"quarta-feira";"07:40:00";"MG";116;276,3;"TEOFILO OTONI";"Falta de Atenção à Condução";"Colisão lateral";"Com Vítimas Feridas";"Plena Noite";"Decrescente";"Nublado";"Múltipla";"Interseção de Vias";"Sim";2;0;1;0;1;0;1;2;-17,85105696;-41,51454492;"SPRF-MG";"DEL11-MG";"UOP01-DEL11-MG"
308362;2020-09-16;"quarta-feira";"23:40:00";"MG";262;38;"MANHUACU";"Desobediência às normas de trânsito pelo condutor";"Colisão lateral";"Com Vítimas Feridas";"Plena Noite";"Decrescente";"Nublado";"Simples";"Reta";"Não";3;0;3;0;0;0;3;2;-20,26305859;-42,03684948;"SPRF-MG";"DEL06-MG";"UOP03-DEL06-MG"
308365;2020-09-16;"quarta-feira";"22:20:00";"PI";135;537;"SAO GONCALO DO GURGUEIA";"Animais na Pista";"Atropelamento de Animal";"Com Vítimas Feridas";"Plena Noite";"Decrescente";"Céu Claro";"Simples";"Reta";"Não";1;0;1;0;0;0;1;1;-10,01769315;-45,30651329;"SPRF-PI";"DEL03-PI";"UOP02-DEL03-PI"
308366;2020-09-17;"quinta-feira";"02:00:00";"SC";470;124,1;"IBIRAMA";"Falta de Atenção à Condução";"Capotamento";"Com Vítimas Feridas";"Plena Noite";"Crescente";"Chuva";"Simples";"Curva";"Não";1;0;1;0;0;0;1;1;-27,113192;-49,529163;"SPRF-SC";"DEL04-SC";"UOP02-DEL04-SC"
308367;2020-09-17;"quinta-feira";"01:15:00";"SP";116;548;"BARRA DO TURVO";"Falta de Atenção à Condução";"Tombamento";"Com Vítimas Feridas";"Plena Noite";"Crescente";"Nublado";"Dupla";"Curva";"Não";1;0;1;0;0;0;1;1;-24,95400113;-48,45108032;"SPRF-SP";"DEL05-SP";"UOP02-DEL05-SP"
308368;2020-09-17;"quinta-feira";"03:05:00";"RN";101;95,9;"NATAL";"Ingestão de Álcool";"Colisão frontal";"Com Vítimas Feridas";"Plena Noite";"Crescente";"Céu Claro";"Dupla";"Viaduto";"Sim";2;0;1;0;1;0;1;2;-5,847954;-35,209054;"SPRF-RN";"DEL01-RN";"UOP01-DEL01-RN"
308372;2020-09-17;"quinta-feira";"05:00:00";"CE";20;340,6;"CARIDADE";"Falta de Atenção à Condução";"Saída de leito carroçável";"Com Vítimas Feridas";"Amanhecer";"Decrescente";"Céu Claro";"Simples";"Reta";"Não";2;0;0;2;0;0;2;1;-4,15159614;-39,11136394;"SPRF-CE";"DEL02-CE";"UOP01-DEL02-CE"
308373;2020-09-17;"quinta-feira";"04:30:00";"PR";158;539,2;"PATO BRANCO";"Condutor Dormindo";"Colisão com objeto estático";"Sem Vítimas";"Plena Noite";"Decrescente";"Nublado";"Simples";"Curva";"Não";1;0;0;0;1;0;0;1;-26,26519001;-52,70770311;"SPRF-PR";"DEL02-PR";"UOP01-DEL02-PR"
308375;2020-09-17;"quinta-feira";"06:00:00";"DF";40;6,5;"BRASILIA";"Falta de Atenção à Condução";"Colisão lateral";"Com Vítimas Feridas";"Pleno dia";"Decrescente";"Céu Claro";"Dupla";"Reta";"Sim";2;0;1;0;0;1;1;2;-16,029741;-47,978867;"SPRF-DF";"DEL01-DF";"UOP01-DEL01-DF"
308377;2020-09-17;"quinta-feira";"06:00:00";"MG";40;800,7;"MATIAS BARBOSA";"Velocidade Incompatível";"Tombamento";"Com Vítimas Feridas";"Amanhecer";"Decrescente";"Céu Claro";"Simples";"Túnel";"Não";2;0;2;0;0;0;2;1;-21,8385553;-43,37127686;"SPRF-MG";"DEL05-MG";"UOP01-DEL05-MG"
308379;2020-09-17;"quinta-feira";"06:45:00";"ES";101;265;"SERRA";"Não guardar distância de segurança";"Colisão traseira";"Com Vítimas Feridas";"Pleno dia";"Crescente";"Céu Claro";"Dupla";"Reta";"Sim";2;0;1;0;0;1;1;2;-20,1816849;-40,26536036;"SPRF-ES";"DEL02-ES";"UOP01-DEL02-ES"
308380;2020-09-17;"quinta-feira";"03:10:00";"MA";135;17;"SAO LUIS";"Agressão Externa";"Tombamento";"Sem Vítimas";"Plena Noite";"Crescente";"Céu Claro";"Dupla";"Reta";"Não";1;0;0;0;0;1;0;1;-2,70991888;-44,31583218;"SPRF-MA";"DEL01-MA";"UOP01-DEL01-MA"
308383;2020-09-17;"quinta-feira";"07:10:00";"PR";376;182;"MARINGA";"Falta de Atenção à Condução";"Colisão transversal";"Com Vítimas Feridas";"Pleno dia";"Crescente";"Céu Claro";"Múltipla";"Interseção de Vias";"Sim";2;0;1;0;1;0;1;2;-23,43684112;-51,87880764;"SPRF-PR";"DEL09-PR";"UOP01-DEL09-PR"
308384;2020-09-17;"quinta-feira";"06:10:00";"RN";304;294,5;"MACAIBA";"Não guardar distância de segurança";"Colisão traseira";"Sem Vítimas";"Pleno dia";"Crescente";"Céu Claro";"Simples";"Declive";"Sim";2;0;0;0;2;0;0;2;-5,86726977;-35,36713102;"SPRF-RN";"DEL01-RN";"UOP02-DEL01-RN"
308385;2020-09-17;"quinta-feira";"07:35:00";"SC";101;215;"PALHOCA";"Desobediência às normas de trânsito pelo condutor";"Colisão transversal";"Com Vítimas Feridas";"Pleno dia";"Decrescente";"Garoa/Chuvisco";"Dupla";"Viaduto";"Sim";2;0;1;0;1;0;1;2;-27,65184843;-48,67604941;"SPRF-SC";"DEL01-SC";"UOP02-DEL01-SC"
308386;2020-09-17;"quinta-feira";"07:50:00";"PA";155;343;"MARABA";"Ultrapassagem Indevida";"Colisão transversal";"Com Vítimas Feridas";"Pleno dia";"Crescente";"Céu Claro";"Simples";"Reta";"Não";2;0;1;0;1;0;1;2;-5,36957395;-49,07796968;"SPRF-PA";"DEL03-PA";"UOP01-DEL03-PA"
308387;2020-09-17;"quinta-feira";"07:20:00";"PE";232;10,5;"JABOATAO DOS GUARARAPES";"Não guardar distância de segurança";"Saída de leito carroçável";"Com Vítimas Feridas";"Pleno dia";"Decrescente";"Sol";"Dupla";"Declive";"Sim";1;0;1;0;0;0;1;1;-8,07917241;-34,98718609;"SPRF-PE";"DEL01-PE";"UOP01-DEL01-PE"
308388;2020-09-17;"quinta-feira";"07:55:00";"SP";116;145,2;"SAO JOSE DOS CAMPOS";"Falta de Atenção à Condução";"Colisão lateral";"Com Vítimas Feridas";"Pleno dia";"Crescente";"Céu Claro";"Dupla";"Reta";"Não";3;0;3;0;0;0;3;2;-23,1869844;-45,8548078;"SPRF-SP";"DEL02-SP";"UOP01-DEL02-SP"
308390;2020-09-17;"quinta-feira";"07:55:00";"DF";20;15,4;"BRASILIA";"Não guardar distância de segurança";"Colisão lateral";"Com Vítimas Feridas";"Pleno dia";"Decrescente";"Céu Claro";"Dupla";"Aclive;Reta";"Sim";3;0;1;0;2;0;1;3;-15,62877691;-47,73075884;"SPRF-DF";"DEL02-DF";"UOP01-DEL02-DF"
308392;2020-09-01;"terça-feira";"17:45:00";"RS";293;4,6;"PELOTAS";"Restrição de Visibilidade";"Atropelamento de Pedestre";"Com Vítimas Fatais";"Anoitecer";"Crescente";"Chuva";"Simples";"Reta";"Não";2;1;0;0;0;1;0;2;-31,73137925;-52,37766266;"SPRF-RS";"DEL07-RS";"UOP01-DEL07-RS"
308393;2020-09-17;"quinta-feira";"07:30:00";"PB";101;59;"SANTA RITA";"Pista Escorregadia";"Saída de leito carroçável";"Com Vítimas Feridas";"Pleno dia";"Crescente";"Chuva";"Dupla";"Declive";"Não";1;0;1;0;0;0;1;1;-6,99352402;-35,06896004;"SPRF-PB";"DEL01-PB";"UOP04-DEL01-PB"
308394;2020-09-17;"quinta-feira";"08:15:00";"MG";40;521;"RIBEIRAO DAS NEVES";"Falta de Atenção à Condução";"Colisão lateral";"Com Vítimas Feridas";"Pleno dia";"Crescente";"Céu Claro";"Dupla";"Curva";"Não";3;0;2;0;0;1;2;2;-19,85651501;-44,07213222;"SPRF-MG";"DEL01-MG";"UOP02-DEL01-MG"