"id";"data_inversa";"dia_semana";"horario";"uf";"br";"km";"municipio";"causa_acidente";"tipo_acidente";"classificacao_acidente";"fase_dia";"sentido_via";"condicao_metereologica";"tipo_pista";"tracado_via";"uso_solo";"pessoas";"mortos";"feridos_leves";"feridos_graves";"ilesos";"ignorados";"feridos";"veiculos";"latitude";"longitude";"regional";"delegacia";"uop"
308395;2020-09-17;"quinta-feira";"08:20:00";"SP";116;219;"GUARULHOS";"Falta de Atenção à Condução";"Queda de ocupante de veículo";"Com Vítimas Feridas";"Pleno dia";"Decrescente";"Sol";"Múltipla";"Reta";"Não";2;0;1;0;0;1;1;2;-23,46143954;-46,48885316;"SPRF-SP";"DEL01-SP";"UOP01-DEL01-SP"
308398;2020-09-17;"quinta-feira";"07:30:00";"MG";50;177;"UBERABA";"Falta de Atenção à Condução";"Tombamento";"Com Vítimas Feridas";"Pleno dia";"Crescente";"Céu Claro";"Dupla";"Reta";"Sim";1;0;1;0;0;0;1;1;-19,779297;-47,950677;"SPRF-MG";"DEL13-MG";"UOP01-DEL13-MG"
308399;2020-09-17;"quinta-feira";"07:20:00";"BA";116;7,5;"VITORIA DA CONQUISTA";"Falta de Atenção à Condução";"Colisão transversal";"Com Vítimas Feridas";"Pleno dia";"Decrescente";"Céu Claro";"Simples";"Reta";"Sim";4;0;2;0;2;0;2;3;-14,851;-40,8485;"SPRF-BA";"DEL08-BA";"UOP01-DEL08-BA"
308400;2020-09-17;"quinta-feira";"06:30:00";"PE";232;413;"SERRA TALHADA";"Falta de Atenção à Condução";"Colisão transversal";"Com Vítimas Feridas";"Pleno dia";"Decrescente";"Céu Claro";"Simples";"Declive;Reta";"Sim";3;0;1;1;1;0;2;2;-7,98857087;-38,32972307;"SPRF-PE";"DEL04-PE";"UOP01-DEL04-PE"
308402;2020-09-17;"quinta-feira";"07:20:00";"ES";101;354,3;"ANCHIETA";"Falta de Atenção à Condução";"Colisão transversal";"Com Vítimas Feridas";"Pleno dia";"Crescente";"Sol";"Simples";"Reta;Interseção de Vias";"Não";5;0;2;0;3;0;2;2;-20,68592571;-40,67474669;"SPRF-ES";"DEL03-ES";"UOP01-DEL03-ES"
308403;2020-09-17;"quinta-feira";"08:15:00";"PR";376;189;"MARIALVA";"Animais na Pista";"Colisão traseira";"Sem Vítimas";"Pleno dia";"Decrescente";"Céu Claro";"Dupla";"Reta";"Sim";2;0;0;0;2;0;0;2;-23,471231;-51,819515;"SPRF-PR";"DEL09-PR";"UOP01-DEL09-PR"
308404;2020-09-17;"quinta-feira";"08:59:00";"PA";163;1004;"SANTAREM";"Falta de Atenção à Condução";"Engavetamento";"Sem Vítimas";"Pleno dia";"Crescente";"Céu Claro";"Dupla";"Reta";"Sim";3;0;0;0;3;0;0;3;-2,43824523;-54,73276577;"SPRF-PA";"DEL05-PA";"UOP01-DEL05-PA"
308406;2020-09-17;"quinta-feira";"09:00:00";"SP";101;51;"UBATUBA";"Falta de Atenção à Condução";"Colisão transversal";"Com Vítimas Feridas";"Pleno dia";"Decrescente";"Céu Claro";"Simples";"Rotatória";"Sim";2;0;1;0;1;0;1;2;-23,46269519;-45,06441593;"SPRF-SP";"DEL06-SP";"UOP01-DEL06-SP"
308407;2020-09-17;"quinta-feira";"06:58:00";"RN";406;151;"CEARA-MIRIM";"Desobediência às normas de trânsito pelo condutor";"Colisão transversal";"Sem Vítimas";"Pleno dia";"Crescente";"Céu Claro";"Simples";"Interseção de Vias";"Sim";2;0;0;0;0;2;0;2;-5,65094554;-35,42341594;"SPRF-RN";"DEL02-RN";"UOP01-DEL02-RN"
308409;2020-09-17;"quinta-feira";"09:15:00";"PR";373;172,7;"PONTA GROSSA";"Desobediência às normas de trânsito pelo condutor";"Colisão transversal";"Com Vítimas Feridas";"Pleno dia";"Crescente";"Céu Claro";"Dupla";"Reta";"Sim";2;0;1;0;1;0;1;2;-25,08139932;-50,19200981;"SPRF-PR";"DEL03-PR";"UOP04-DEL03-PR"
308410;2020-05-12;"terça-feira";"09:25:00";"PI";402;34;"PARNAIBA";"Ingestão de álcool e/ou substâncias psicoativas pelo pedestre";"Atropelamento de Pedestre";"Com Vítimas Feridas";"Pleno dia";"Decrescente";"Céu Claro";"Simples";"Reta";"Sim";2;0;1;0;1;0;1;2;-2,93239061;-41,74947054;"SPRF-PI";"DEL05-PI";"UOP01-DEL05-PI"
308411;2020-09-17;"quinta-feira";"10:00:00";"DF";20;42;"BRASILIA";"Avarias e/ou desgaste excessivo no pneu";"Queda de ocupante de veículo";"Com Vítimas Feridas";"Pleno dia";"Decrescente";"Céu Claro";"Dupla";"Reta";"Não";1;0;0;1;0;0;1;1;-15,579221;-47,494339;"SPRF-DF";"DEL02-DF";"UOP01-DEL02-DF"
308412;2020-09-17;"quinta-feira";"08:45:00";"AL";101;242,2;"PORTO REAL DO COLEGIO";"Velocidade Incompatível";"Saída de leito carroçável";"Com Vítimas Feridas";"Pleno dia";"Crescente";"Céu Claro";"Dupla";"Reta";"Não";2;0;2;0;0;0;2;1;-10,16106508;-36,81395391;"SPRF-AL";"DEL02-AL";"UOP02-DEL02-AL"
308414;2020-09-17;"quinta-feira";"10:20:00";"SP";116;283;"EMBU DAS ARTES";"Velocidade Incompatível";"Colisão traseira";"Com Vítimas Feridas";"Pleno dia";"Crescente";"Céu Claro";"Dupla";"Reta";"Sim";3;0;2;0;1;0;2;3;-23,69297005;-46,86352786;"SPRF-SP";"DEL04-SP";"UOP01-DEL04-SP"
308415;2020-09-17;"quinta-feira";"10:00:00";"GO";50;296,5;"CATALAO";"Falta de Atenção à Condução";"Colisão traseira";"Com Vítimas Feridas";"Pleno dia";"Decrescente";"Céu Claro";"Dupla";"Curva;Em Obras";"Não";2;0;1;0;1;0;1;2;-18,30075987;-47,99499155;"SPRF-GO";"DEL06-GO";"UOP01-DEL06-GO"
308416;2020-09-17;"quinta-feira";"08:20:00";"PE";101;91;"CABO DE SANTO AGOSTINHO";"Desobediência às normas de trânsito pelo pedestre";"Atropelamento de Pedestre";"Com Vítimas Feridas";"Pleno dia";"Crescente";"Ignorado";"Simples";"Viaduto";"Sim";2;0;1;0;1;0;1;2;-8,22399812;-34,99290474;"SPRF-PE";"DEL01-PE";"UOP03-DEL01-PE"
308417;2020-09-17;"quinta-feira";"07:30:00";"MT";163;924;"ITAUBA";"Falta de Atenção à Condução";"Colisão traseira";"Com Vítimas Feridas";"Pleno dia";"Decrescente";"Céu Claro";"Simples";"Reta";"Não";3;0;1;0;2;0;1;2;-11,22521;-55,3023802;"SPRF-MT";"DEL06-MT";"NPF/DEL06-MT"
308423;2020-09-17;"quinta-feira";"10:45:00";"BA";116;461,8;"SANTO ESTEVAO";"Desobediência às normas de trânsito pelo condutor";"Colisão transversal";"Com Vítimas Feridas";"Pleno dia";"Decrescente";"Sol";"Dupla";"Reta";"Sim";2;0;0;1;1;0;1;2;-12,448714;-39,246826;"SPRF-BA";"DEL02-BA";"UOP01-DEL02-BA"
308425;2020-09-17;"quinta-feira";"11:30:00";"RJ";493;113;"SEROPEDICA";"Falta de Atenção à Condução";"Saída de leito carroçável";"Com Vítimas Feridas";"Pleno dia";"Decrescente";"Céu Claro";"Dupla";"Reta";"Sim";1;0;1;0;0;0;1;1;-22,79612282;-43,78498077;"SPRF-RJ";"DEL03-RJ";"UOP01-DEL03-RJ"
308426;2020-09-17;"quinta-feira";"11:10:00";"SP";488;0,8;"APARECIDA";"Falta de Atenção à Condução";"Colisão traseira";"Com Vítimas Feridas";"Pleno dia";"Crescente";"Céu Claro";"Dupla";"Reta";"Sim";2;0;1;0;1;0;1;2;-22,85412989;-45,23247242;"SPRF-SP";"DEL08-SP";"UOP01-DEL08-SP"
308429;2020-09-17;"quinta-feira";"11:10:00";"RS";116;242;"SAO LEOPOLDO";"Desobediência às normas de trânsito pelo condutor";"Saída de leito carroçável";"Sem Vítimas";"Pleno dia";"Decrescente";"Sol";"Dupla";"Reta";"Sim";2;0;0;0;1;1;0;2;-29,72297087;-51,14858729;"SPRF-RS";"DEL01-RS";"UOP02-DEL01-RS"
308430;2020-09-17;"quinta-feira";"11:00:00";"RS";158;279,7;"JULIO DE CASTILHOS";"Falta de Atenção à Condução";"Colisão traseira";"Com Vítimas Feridas";"Pleno dia";"Crescente";"Nublado";"Simples";"Reta;Declive";"Não";2;0;1;0;1;0;1;2;-29,36751518;-53,67198944;"SPRF-RS";"DEL09-RS";"UOP01-DEL09-RS"
308433;2020-09-12;"sábado";"18:00:00";"GO";50;299;"CUMARI";"Falta de Atenção à Condução";"Tombamento";"Com Vítimas Feridas";"Anoitecer";"Decrescente";"Céu Claro";"Simples";"Aclive";"Não";1;0;1;0;0;0;1;1;-18,3208;-48,0232;"SPRF-GO";"DEL06-GO";"UOP01-DEL06-GO"
308434;2020-09-17;"quinta-feira";"12:30:00";"SC";101;210;"SAO JOSE";"Falta de Atenção à Condução";"Colisão transversal";"Com Vítimas Feridas";"Pleno dia";"Decrescente";"Nublado";"Dupla";"Reta";"Sim";2;0;1;0;1;0;1;2;-27,6167305;-48,6457265;"SPRF-SC";"DEL01-SC";"UOP01-DEL01-SC"
308436;2020-09-17;"quinta-feira";"12:10:00";"RJ";101;435;"MANGARATIBA";"Defeito Mecânico no Veículo";"Incêndio";"Sem Vítimas";"Pleno dia";"Crescente";"Céu Claro";"Simples";"Curva";"Sim";1;0;0;0;1;0;0;1;-22,93945885;-44,0529249;"SPRF-RJ";"DEL03-RJ";"UOP03-DEL03-RJ"
308437;2020-09-17;"quinta-feira";"07:20:00";"ES";262;88,5;"DOMINGOS MARTINS";"Falta de Atenção à Condução";"Colisão transversal";"Com Vítimas Feridas";"Amanhecer";"Crescente";"Sol";"Simples";"Rotatória";"Não";2;0;0;1;0;1;1;2;-20,39120365;-41,0098457;"SPRF-ES";"DEL01-ES";"UOP02-DEL01-ES"
308439;2020-09-17;"quinta-feira";"11:00:00";"MA";316;533,3;"CAXIAS";"Ultrapassagem Indevida";"Saída de leito carroçável";"Com Vítimas Feridas";"Pleno dia";"Decrescente";"Céu Claro";"Simples";"Declive";"Não";5;0;3;2;0;0;5;1;-4,82898672;-43,50890636;"SPRF-MA";"DEL03-MA";"UOP02-DEL03-MA"
308440;2020-09-17;"quinta-feira";"12:45:00";"MG";381;295,4;"ANTONIO DIAS";"Desobediência às normas de trânsito pelo condutor";"Colisão traseira";"Com Vítimas Feridas";"Pleno dia";"Crescente";"Céu Claro";"Simples";"Curva";"Não";3;0;1;0;1;1;1;3;-19,62589942;-42,86308111;"SPRF-MG";"DEL03-MG";"UOP02-DEL03-MG"
308441;2020-09-17;"quinta-feira";"12:20:00";"SP";101;41;"UBATUBA";"Falta de Atenção à Condução";"Colisão com objeto estático";"Sem Vítimas";"Pleno dia";"Decrescente";"Nublado";"Simples";"Reta";"Não";3;0;0;0;3;0;0;1;-23,41971433;-45,0428663;"SPRF-SP";"DEL06-SP";"UOP01-DEL06-SP"
308442;2020-08-28;"sexta-feira";"19:30:00";"PR";376;15;"MARINGA";"Objeto estático sobre o leito carroçável";"Colisão com objeto estático";"Com Vítimas Feridas";"Plena Noite";"Crescente";"Céu Claro";"Dupla";"Reta";"Sim";1;0;0;1;0;0;1;1;-23,42065184;-51,88319206;"SPRF-PR";"DEL09-PR";"UOP01-DEL09-PR"
308444;2020-08-20;"quinta-feira";"17:00:00";"MG";40;530;"CONTAGEM";"Desobediência às normas de trânsito pelo condutor";"Colisão transversal";"Com Vítimas Feridas";"Pleno dia";"Decrescente";"Céu Claro";"Dupla";"Reta";"Sim";2;0;1;0;0;1;1;2;-19,92064782;-44,0335681;"SPRF-MG";"DEL01-MG";"UOP02-DEL01-MG"
308445;2020-09-17;"quinta-feira";"12:50:00";"RJ";356;30;"ITAPERUNA";"Desobediência às normas de trânsito pelo condutor";"Colisão lateral";"Sem Vítimas";"Pleno dia";"Decrescente";"Céu Claro";"Simples";"Reta";"Sim";2;0;0;0;1;1;0;2;-21,18596948;-41,91700108;"SPRF-RJ";"DEL08-RJ";"UOP03-DEL08-RJ"
308449;2020-09-17;"quinta-feira";"10:50:00";"SC";101;135;"BALNEARIO CAMBORIU";"Falta de Atenção à Condução";"Colisão traseira";"Com Vítimas Feridas";"Pleno dia";"Crescente";"Garoa/Chuvisco";"Dupla";"Reta";"Não";2;0;1;0;1;0;1;2;-27,0050108;-48,62677494;"SPRF-SC";"DEL04-SC";"UOP03-DEL04-SC"
308451;2020-09-17;"quinta-feira";"13:40:00";"PR";476;132,2;"CURITIBA";"Falta de Atenção à Condução";"Colisão traseira";"Com Vítimas Feridas";"Pleno dia";"Decrescente";"Céu Claro";"Múltipla";"Reta";"Sim";2;0;0;1;1;0;1;2;-25,460718;-49,250488;"SPRF-PR";"DEL01-PR";"UOP03-DEL01-PR"
308452;2020-09-17;"quinta-feira";"13:21:00";"DF";20;3,8;"BRASILIA";"Falta de Atenção à Condução";"Saída de leito carroçável";"Com Vítimas Feridas";"Pleno dia";"Decrescente";"Céu Claro";"Dupla";"Aclive";"Sim";2;0;0;2;0;0;2;1;-15,679851;-47,832211;"SPRF-DF";"DEL02-DF";"UOP01-DEL02-DF"
308453;2020-09-17;"quinta-feira";"12:40:00";"MT";364;498;"JANGADA";"Desobediência às normas de trânsito pelo condutor";"Colisão frontal";"Com Vítimas Feridas";"Pleno dia";"Decrescente";"Céu Claro";"Simples";"Reta";"Sim";2;0;0;1;1;0;1;2;-15,26383164;-56,45548663;"SPRF-MT";"DEL01-MT";"UOP01-DEL01-MT"
308458;2020-09-17;"quinta-feira";"14:00:00";"RJ";116;176;"NOVA IGUACU";"Falta de Atenção à Condução";"Colisão lateral";"Com Vítimas Feridas";"Pleno dia";"Crescente";"Céu Claro";"Dupla";"Reta";"Sim";3;0;2;0;1;0;2;2;-22,7839538;-43,38195488;"SPRF-RJ";"DEL01-RJ";"UOP02-DEL01-RJ"
308460;2020-09-17;"quinta-feira";"10:00:00";"PA";230;180;"ITUPIRANGA";"Falta de Atenção à Condução";"Colisão frontal";"Com Vítimas Feridas";"Pleno dia";"Crescente";"Céu Claro";"Simples";"Curva";"Não";4;0;2;0;2;0;2;2;-5,06711689;-49,4369727;"SPRF-PA";"DEL03-PA";"UOP01-DEL03-PA"
308463;2020-09-05;"sábado";"21:20:00";"ES";101;333;"GUARAPARI";"Desobediência às normas de trânsito pelo condutor";"Saída de leito carroçável";"Com Vítimas Feridas";"Plena Noite";"Decrescente";"Céu Claro";"Dupla";"Reta";"Não";1;0;0;1;0;0;1;1;-20,61464111;-40,51385389;"SPRF-ES";"DEL03-ES";"UOP01-DEL03-ES"
308465;2020-09-17;"quinta-feira";"09:20:00";"SC";282;287,5;"SAO JOSE DO CERRITO";"Avarias e/ou desgaste excessivo no pneu";"Colisão com objeto estático";"Com Vítimas Feridas";"Pleno dia";"Crescente";"Nublado";"Simples";"Curva";"Não";2;0;2;0;0;0;2;1;-27,568613;-50,818073;"SPRF-SC";"DEL05-SC";"UOP02-DEL05-SC"
308466;2020-09-17;"quinta-feira";"14:00:00";"RS";470;196;"BENTO GONCALVES";"Condutor Dormindo";"Capotamento";"Sem Vítimas";"Pleno dia";"Decrescente";"Céu Claro";"Simples";"Reta";"Não";1;0;0;0;1;0;0;1;-29,04890129;-51,59140303;"SPRF-RS";"DEL06-RS";"UOP02-DEL06-RS"
308468;2020-09-17;"quinta-feira";"14:24:00";"RS";116;372,6;"TAPES";"Animais na Pista";"Saída de leito carroçável";"Sem Vítimas";"Pleno dia";"Decrescente";"Céu Claro";"Dupla";"Reta";"Não";2;0;0;0;2;0;0;1;-30,71617234;-51,59791295;"SPRF-RS";"DEL02-RS";"UOP02-DEL02-RS"
308470;2020-09-17;"quinta-feira";"15:00:00";"RJ";101;206;"CASIMIRO DE ABREU";"Falta de Atenção à Condução";"Colisão transversal";"Com Vítimas Feridas";"Pleno dia";"Crescente";"Céu Claro";"Simples";"Reta";"Sim";2;0;1;0;1;0;1;2;-22,47673341;-42,2017251;"SPRF-RJ";"DEL08-RJ";"UOP04-DEL08-RJ"
308471;2020-09-17;"quinta-feira";"09:20:00";"MT";174;416;"NOVA LACERDA";"Avarias e/ou desgaste excessivo no pneu";"Saída de leito carroçável";"Com Vítimas Feridas";"Pleno dia";"Crescente";"Céu Claro";"Simples";"Reta";"Não";3;0;3;0;0;0;3;1;-14,26247581;-59,68600682;"SPRF-MT";"DEL04-MT";"UOP01-DEL04-MT"
308474;2020-09-17;"quinta-feira";"15:30:00";"RS";116;268;"CANOAS";"Falta de Atenção à Condução";"Colisão lateral";"Com Vítimas Feridas";"Pleno dia";"Crescente";"Céu Claro";"Dupla";"Reta";"Sim";1;0;1;0;0;0;1;1;-29,95042502;-51,17652939;"SPRF-RS";"DEL01-RS";"UOP01-DEL01-RS"
308476;2020-09-17;"quinta-feira";"14:00:00";"PA";308;157;"CAPANEMA";"Desobediência às normas de trânsito pelo condutor";"Colisão frontal";"Com Vítimas Feridas";"Pleno dia";"Decrescente";"Sol";"Simples";"Interseção de Vias";"Não";4;0;1;0;3;0;1;2;-1,21124791;-47,132118;"SPRF-PA";"DEL01-PA";"UOP03-DEL01-PA"
308477;2020-09-17;"quinta-feira";"15:40:00";"PR";277;410;"CANDOI";"Velocidade Incompatível";"Saída de leito carroçável";"Com Vítimas Feridas";"Pleno dia";"Crescente";"Garoa/Chuvisco";"Simples";"Curva";"Não";2;0;2;0;0;0;2;1;-25,401622;-52,09981603;"SPRF-PR";"DEL04-PR";"UOP02-DEL04-PR"
308479;2020-09-17;"quinta-feira";"16:00:00";"SC";101;126;"ITAJAI";"Falta de Atenção à Condução";"Colisão com objeto estático";"Com Vítimas Feridas";"Pleno dia";"Decrescente";"Chuva";"Dupla";"Viaduto";"Não";1;0;1;0;0;0;1;1;-26,95564404;-48,67978366;"SPRF-SC";"DEL04-SC";"UOP04-DEL04-SC"
308484;2020-09-17;"quinta-feira";"16:30:00";"SP";116;162;"JACAREI";"Defeito Mecânico no Veículo";"Incêndio";"Sem Vítimas";"Pleno dia";"Crescente";"Sol";"Dupla";"Reta";"Não";1;0;0;0;1;0;0;1;-23,28133317;-45,98394689;"SPRF-SP";"DEL02-SP";"UOP01-DEL02-SP"
308485;2020-08-18;"terça-feira";"22:00:00";"PA";230;470;"ANAPU";"Desobediência às normas de trânsito pelo condutor";"Colisão frontal";"Com Vítimas Feridas";"Anoitecer";"Crescente";"Sol";"Simples";"Ponte";"Sim";2;0;0;1;0;1;1;2;-3,474316;-51,196683;"SPRF-PA";"DEL04-PA";"UOP01-DEL04-PA"
308486;2020-09-17;"quinta-feira";"16:30:00";"SC";101;138;"BALNEARIO CAMBORIU";"Falta de Atenção à Condução";"Colisão lateral";"Com Vítimas Feridas";"Pleno dia";"Crescente";"Sol";"Múltipla";"Reta";"Não";2;0;1;0;1;0;1;2;-27,02397426;-48,60761649;"SPRF-SC";"DEL04-SC";"UOP03-DEL04-SC"
308487;2020-09-17;"quinta-feira";"16:55:00";"PA";155;344;"MARABA";"Restrição de Visibilidade";"Colisão transversal";"Com Vítimas Feridas";"Pleno dia";"Decrescente";"Céu Claro";"Simples";"Reta";"Sim";2;0;0;1;1;0;1;2;-5,36957395;-49,07796968;"SPRF-PA";"DEL03-PA";"UOP01-DEL03-PA"
308488;2020-09-17;"quinta-feira";"16:08:00";"MG";116;278;"TEOFILO OTONI";"Desobediência às normas de trânsito pelo condutor";"Colisão lateral";"Com Vítimas Feridas";"Pleno dia";"Decrescente";"Céu Claro";"Simples";"Retorno Regulamentado";"Sim";2;0;1;0;1;0;1;2;-17,86846089;-41,5171394;"SPRF-MG";"DEL11-MG";"UOP01-DEL11-MG"
308490;2020-06-22;"segunda-feira";"11:30:00";"PA";230;116;"MARABA";"Falta de Atenção à Condução";"Colisão transversal";"Com Vítimas Feridas";"Pleno dia";"Crescente";"Céu Claro";"Dupla";"Declive";"Sim";2;0;1;0;1;0;1;2;-5,35947454;-49,08301084;"SPRF-PA";"DEL03-PA";"UOP01-DEL03-PA"
308491;2020-09-17;"quinta-feira";"17:10:00";"CE";222;18;"CAUCAIA";"Desobediência às normas de trânsito pelo condutor";"Colisão transversal";"Com Vítimas Feridas";"Anoitecer";"Crescente";"Céu Claro";"Simples";"Reta";"Não";2;0;1;0;1;0;1;2;-3,75334;-38,71123;"SPRF-CE";"DEL01-CE";"UOP01-DEL01-CE"
308492;2020-09-13;"domingo";"18:10:00";"RJ";356;50;"ITAPERUNA";"Falta de Atenção à Condução";"Colisão transversal";"Sem Vítimas";"Anoitecer";"Decrescente";"Céu Claro";"Simples";"Curva";"Não";3;0;0;0;3;0;0;2;-21,2573533;-41,77513029;"SPRF-RJ";"DEL08-RJ";"UOP03-DEL08-RJ"
308494;2020-09-17;"quinta-feira";"17:20:00";"PR";369;138,5;"IBIPORA";"Desobediência às normas de trânsito pelo condutor";"Colisão transversal";"Com Vítimas Feridas";"Pleno dia";"Decrescente";"Céu Claro";"Simples";"Reta";"Sim";2;0;1;0;1;0;1;2;-23,273726;-51,054946;"SPRF-PR";"DEL07-PR";"UOP01-DEL07-PR"
308495;2020-09-17;"quinta-feira";"17:00:00";"MG";153;70;"PRATA";"Falta de Atenção à Condução";"Colisão transversal";"Com Vítimas Feridas";"Pleno dia";"Decrescente";"Céu Claro";"Simples";"Reta";"Não";6;0;1;0;5;0;1;2;-18,97842804;-49,02351222;"SPRF-MG";"DEL15-MG";"UOP03-DEL15-MG"
308497;2020-09-13;"domingo";"09:00:00";"MG";262;196;"JOAO MONLEVADE";"Velocidade Incompatível";"Queda de ocupante de veículo";"Com Vítimas Feridas";"Pleno dia";"Crescente";"Céu Claro";"Simples";"Reta";"Não";2;0;1;0;0;1;1;2;-19,86091;-43,11725;"SPRF-MG";"DEL03-MG";"UOP01-DEL03-MG"
308498;2020-09-17;"quinta-feira";"17:25:00";"SP";488;1,8;"APARECIDA";"Ingestão de Álcool";"Tombamento";"Com Vítimas Feridas";"Pleno dia";"Crescente";"Céu Claro";"Dupla";"Reta";"Sim";1;0;0;1;0;0;1;1;-22,84928538;-45,23672104;"SPRF-SP";"DEL08-SP";"UOP01-DEL08-SP"
308499;2020-09-17;"quinta-feira";"17:00:00";"GO";40;12,3;"LUZIANIA";"Falta de Atenção à Condução";"Colisão lateral";"Com Vítimas Feridas";"Pleno dia";"Decrescente";"Céu Claro";"Dupla";"Reta";"Sim";1;0;1;0;0;0;1;1;-16,145123;-47,945382;"SPRF-DF";"DEL01-DF";"UOP01-DEL01-DF"
308500;2020-09-17;"quinta-feira";"17:30:00";"ES";262;111;"VENDA NOVA DO IMIGRANTE";"Desobediência às normas de trânsito pelo condutor";"Colisão transversal";"Com Vítimas Feridas";"Anoitecer";"Crescente";"Céu Claro";"Simples";"Interseção de Vias";"Sim";2;0;1;0;0;1;1;2;-20,33360896;-41,16233002;"SPRF-ES";"DEL01-ES";"UOP02-DEL01-ES"
308503;2020-09-17;"quinta-feira";"17:50:00";"DF";60;12,4;"BRASILIA";"Ingestão de Álcool";"Colisão com objeto estático";"Com Vítimas Feridas";"Pleno dia";"Crescente";"Céu Claro";"Múltipla";"Reta";"Sim";1;0;0;1;0;0;1;1;-15,92099254;-48,16585422;"SPRF-DF";"DEL03-DF";"UOP01-DEL03-DF"
308504;2020-09-17;"quinta-feira";"18:15:00";"MG";50;175;"UBERABA";"Falta de Atenção do Pedestre";"Atropelamento de Pedestre";"Com Vítimas Feridas";"Plena Noite";"Decrescente";"Céu Claro";"Dupla";"Curva";"Sim";2;0;1;1;0;0;2;2;-19,77880359;-47,9695118;"SPRF-MG";"DEL13-MG";"UOP01-DEL13-MG"
308509;2020-09-17;"quinta-feira";"17:50:00";"AL";423;88;"DELMIRO GOUVEIA";"Falta de Atenção à Condução";"Saída de leito carroçável";"Com Vítimas Feridas";"Anoitecer";"Decrescente";"Céu Claro";"Simples";"Reta";"Não";2;0;2;0;0;0;2;1;-9,35500826;-38,05429291;"SPRF-BA";"DEL07-BA";"UOP01-DEL07-BA"
308511;2020-09-17;"quinta-feira";"17:40:00";"AL";316;254;"PILAR";"Falta de Atenção à Condução";"Colisão frontal";"Com Vítimas Feridas";"Anoitecer";"Crescente";"Céu Claro";"Simples";"Interseção de Vias;Reta";"Sim";3;0;1;1;1;0;2;2;-9,58657444;-35,9567722;"SPRF-AL";"DEL02-AL";"UOP01-DEL02-AL"
308512;2020-09-17;"quinta-feira";"16:30:00";"MG";146;507,8;"POCOS DE CALDAS";"Ultrapassagem Indevida";"Saída de leito carroçável";"Sem Vítimas";"Pleno dia";"Crescente";"Céu Claro";"Simples";"Reta";"Não";3;0;0;0;2;1;0;3;-21,76013745;-46,40762329;"SPRF-MG";"DEL09-MG";"UOP01-DEL09-MG"
308513;2020-09-17;"quinta-feira";"18:40:00";"SP";153;55,2;"SAO JOSE DO RIO PRETO";"Animais na Pista";"Atropelamento de Animal";"Sem Vítimas";"Plena Noite";"Decrescente";"Céu Claro";"Dupla";"Reta;Em Obras";"Sim";1;0;0;0;1;0;0;1;-20,75321697;-49,34260108;"SPRF-SP";"DEL09-SP";"UOP01-DEL09-SP"
308515;2020-09-17;"quinta-feira";"19:00:00";"SP";116;221,5;"GUARULHOS";"Não guardar distância de segurança";"Colisão traseira";"Com Vítimas Feridas";"Plena Noite";"Decrescente";"Nublado";"Múltipla";"Reta";"Sim";6;0;1;0;5;0;1;3;-23,46532292;-46,49981266;"SPRF-SP";"DEL01-SP";"UOP01-DEL01-SP"
308517;2020-09-17;"quinta-feira";"18:00:00";"MS";163;256,5;"DOURADOS";"Desobediência às normas de trânsito pelo condutor";"Colisão traseira";"Com Vítimas Feridas";"Plena Noite";"Crescente";"Céu Claro";"Dupla";"Reta";"Sim";2;0;2;0;0;0;2;2;-22,258688;-54,804028;"SPRF-MS";"DEL04-MS";"UOP01-DEL04-MS"
308518;2020-09-17;"quinta-feira";"19:10:00";"PR";272;431,8;"GOIOERE";"Desobediência às normas de trânsito pelo condutor";"Colisão lateral";"Com Vítimas Feridas";"Plena Noite";"Decrescente";"Céu Claro";"Simples";"Curva";"Não";2;0;1;0;1;0;1;2;-24,19189635;-52,97954193;"SPRF-PR";"DEL09-PR";"UOP03-DEL09-PR"
308521;2020-09-17;"quinta-feira";"13:30:00";"ES";101;282;"SERRA";"Falta de Atenção à Condução";"Queda de ocupante de veículo";"Com Vítimas Feridas";"Pleno dia";"Crescente";"Céu Claro";"Dupla";"Reta";"Não";2;0;2;0;0;0;2;1;-20,22694;-40,36458;"SPRF-ES";"DEL01-ES";"UOP01-DEL01-ES"
308523;2020-09-17;"quinta-feira";"19:30:00";"RS";386;343,7;"LAJEADO";"Desobediência às normas de trânsito pelo condutor";"Colisão transversal";"Com Vítimas Feridas";"Plena Noite";"Crescente";"Céu Claro";"Simples";"Reta";"Não";2;0;1;0;1;0;1;2;-29,434835;-52,002365;"SPRF-RS";"DEL04-RS";"UOP01-DEL04-RS"
308524;2020-09-17;"quinta-feira";"14:40:00";"RO";364;307;"PRESIDENTE MEDICI";"Desobediência às normas de trânsito pelo condutor";"Colisão transversal";"Com Vítimas Feridas";"Pleno dia";"Crescente";"Céu Claro";"Simples";"Reta";"Não";2;0;0;1;1;0;1;2;-11,181447;-61,90154;"SPRF-RO";"DEL02-RO";"UOP01-DEL02-RO"
308526;2020-09-17;"quinta-feira";"19:40:00";"RJ";101;53;"CAMPOS DOS GOYTACAZES";"Desobediência às normas de trânsito pelo condutor";"Tombamento";"Com Vítimas Feridas";"Plena Noite";"Crescente";"Céu Claro";"Simples";"Reta";"Não";3;0;1;1;0;1;2;2;-21,660484;-41,31128898;"SPRF-RJ";"DEL08-RJ";"UOP01-DEL08-RJ"