"id";"data_inversa";"dia_semana";"horario";"uf";"br";"km";"municipio";"causa_acidente";"tipo_acidente";"classificacao_acidente";"fase_dia";"sentido_via";"condicao_metereologica";"tipo_pista";"tracado_via";"uso_solo";"pessoas";"mortos";"feridos_leves";"feridos_graves";"ilesos";"ignorados";"feridos";"veiculos";"latitude";"longitude";"regional";"delegacia";"uop"
308527;2020-09-17;"quinta-feira";"20:00:00";"ES";101;264;"SERRA";"Desobediência às normas de trânsito pelo condutor";"Colisão traseira";"Com Vítimas Feridas";"Plena Noite";"Decrescente";"Céu Claro";"Dupla";"Reta;Interseção de Vias";"Sim";5;0;3;0;2;0;3;4;-20,17292791;-40,26736384;"SPRF-ES";"DEL02-ES";"UOP01-DEL02-ES"
308530;2020-09-17;"quinta-feira";"21:00:00";"PE";101;68,5;"RECIFE";"Falta de Atenção à Condução";"Colisão lateral";"Com Vítimas Feridas";"Plena Noite";"Crescente";"Céu Claro";"Múltipla";"Reta";"Sim";2;0;1;0;1;0;1;2;-8,055393;-34,946521;"SPRF-PE";"DEL01-PE";"UOP01-DEL01-PE"
308531;2020-09-17;"quinta-feira";"21:00:00";"MG";381;359,6;"JOAO MONLEVADE";"Sinalização da via insuficiente ou inadequada";"Colisão frontal";"Com Vítimas Feridas";"Plena Noite";"Decrescente";"Céu Claro";"Simples";"Curva;Declive";"Sim";3;0;3;0;0;0;3;2;-19,83829301;-43,18512082;"SPRF-MG";"DEL03-MG";"UOP01-DEL03-MG"
308533;2020-09-17;"quinta-feira";"17:20:00";"PE";101;80,3;"JABOATAO DOS GUARARAPES";"Desobediência às normas de trânsito pelo condutor";"Colisão frontal";"Com Vítimas Feridas";"Anoitecer";"Decrescente";"Céu Claro";"Simples";"Reta";"Não";4;0;1;1;0;2;2;3;-8,153801;-34,941875;"SPRF-PE";"DEL01-PE";"UOP03-DEL01-PE"
308534;2020-09-17;"quinta-feira";"19:55:00";"PE";101;69;"RECIFE";"Falta de Atenção à Condução";"Colisão transversal";"Sem Vítimas";"Plena Noite";"Decrescente";"Céu Claro";"Múltipla";"Reta";"Sim";2;0;0;0;2;0;0;2;-8,060279;-34,945595;"SPRF-PE";"DEL01-PE";"UOP01-DEL01-PE"
308536;2020-09-17;"quinta-feira";"19:25:00";"MG";116;537,3;"SANTA RITA DE MINAS";"Falta de Atenção à Condução";"Colisão traseira";"Com Vítimas Feridas";"Plena Noite";"Crescente";"Nublado";"Simples";"Reta";"Não";2;0;0;1;1;0;1;2;-19,86620285;-42,1352356;"SPRF-MG";"DEL06-MG";"UOP02-DEL06-MG"
308537;2020-09-17;"quinta-feira";"21:15:00";"SC";470;28;"ILHOTA";"Falta de Atenção à Condução";"Saída de leito carroçável";"Com Vítimas Feridas";"Plena Noite";"Decrescente";"Nublado";"Dupla";"Reta";"Não";1;0;1;0;0;0;1;1;-26,893761;-48,893917;"SPRF-SC";"DEL04-SC";"UOP01-DEL04-SC"
308538;2020-09-17;"quinta-feira";"21:45:00";"SC";280;2;"SAO FRANCISCO DO SUL";"Falta de Atenção do Pedestre";"Atropelamento de Pedestre";"Com Vítimas Feridas";"Plena Noite";"Crescente";"Garoa/Chuvisco";"Simples";"Reta";"Sim";2;0;1;0;1;0;1;2;-26,23700996;-48,61979093;"SPRF-SC";"DEL03-SC";"UOP03-DEL03-SC"
308539;2020-09-17;"quinta-feira";"18:25:00";"MG";354;745,3;"POUSO ALTO";"Falta de Atenção à Condução";"Colisão lateral";"Com Vítimas Feridas";"Plena Noite";"Crescente";"Céu Claro";"Simples";"Interseção de Vias;Rotatória;Reta";"Sim";3;0;1;0;2;0;1;2;-22,25323478;-44,93086338;"SPRF-MG";"DEL17-MG";"UOP01-DEL17-MG"
308542;2020-09-17;"quinta-feira";"19:30:00";"GO";80;138;"BARRO ALTO";"Desobediência às normas de trânsito pelo condutor";"Atropelamento de Pedestre";"Com Vítimas Feridas";"Plena Noite";"Crescente";"Céu Claro";"Simples";"Reta";"Não";2;0;0;1;0;1;1;2;-14,94146775;-48,93859863;"SPRF-GO";"DEL07-GO";"UOP01-DEL07-GO"
308544;2020-09-17;"quinta-feira";"21:20:00";"ES";101;324,5;"GUARAPARI";"Falta de Atenção à Condução";"Tombamento";"Com Vítimas Feridas";"Plena Noite";"Crescente";"Céu Claro";"Dupla";"Declive";"Não";1;0;1;0;0;0;1;1;-20,54592303;-40,48155635;"SPRF-ES";"DEL03-ES";"UOP01-DEL03-ES"
308545;2020-09-17;"quinta-feira";"22:35:00";"ES";101;122,9;"SOORETAMA";"Falta de Atenção à Condução";"Colisão com objeto estático";"Com Vítimas Feridas";"Plena Noite";"Decrescente";"Céu Claro";"Simples";"Reta";"Não";2;0;2;0;0;0;2;1;-19,16016593;-40,08315314;"SPRF-ES";"DEL04-ES";"UOP01-DEL04-ES"
308546;2020-09-17;"quinta-feira";"22:50:00";"ES";101;309;"VIANA";"Animais na Pista";"Atropelamento de Animal";"Com Vítimas Feridas";"Plena Noite";"Decrescente";"Céu Claro";"Simples";"Em Obras";"Não";1;0;1;0;0;0;1;1;-20,417;-40,45984911;"SPRF-ES";"DEL01-ES";"UOP01-DEL01-ES"
308547;2020-09-17;"quinta-feira";"19:18:00";"MG";50;174,4;"UBERABA";"Falta de Atenção à Condução";"Colisão traseira";"Com Vítimas Feridas";"Plena Noite";"Decrescente";"Céu Claro";"Dupla";"Curva";"Sim";2;0;1;0;1;0;1;2;-19,770817;-47,973434;"SPRF-MG";"DEL13-MG";"UOP01-DEL13-MG"
308548;2020-09-17;"quinta-feira";"23:10:00";"PR";116;44,5;"CAMPINA GRANDE DO SUL";"Velocidade Incompatível";"Saída de leito carroçável";"Com Vítimas Feridas";"Plena Noite";"Crescente";"Chuva";"Dupla";"Curva";"Não";2;0;2;0;0;0;2;1;-25,19159282;-48,88576984;"SPRF-PR";"DEL01-PR";"UOP02-DEL01-PR"
308549;2020-09-17;"quinta-feira";"18:40:00";"PR";153;97,5;"JAPIRA";"Falta de Atenção à Condução";"Saída de leito carroçável";"Com Vítimas Feridas";"Anoitecer";"Decrescente";"Céu Claro";"Simples";"Reta";"Não";1;0;0;1;0;0;1;1;-23,75121817;-50,18344402;"SPRF-PR";"DEL07-PR";"UOP04-DEL07-PR"
308551;2020-09-17;"quinta-feira";"20:50:00";"MG";50;110,9;"UBERABA";"Velocidade Incompatível";"Saída de leito carroçável";"Com Vítimas Feridas";"Plena Noite";"Decrescente";"Céu Claro";"Dupla";"Reta";"Não";1;0;1;0;0;0;1;1;-19,22352202;-48,14475808;"SPRF-MG";"DEL13-MG";"UOP01-DEL13-MG"
308554;2020-09-17;"quinta-feira";"22:55:00";"RS";290;583;"ALEGRETE";"Desobediência às normas de trânsito pelo condutor";"Saída de leito carroçável";"Sem Vítimas";"Plena Noite";"Crescente";"Nevoeiro/Neblina";"Simples";"Rotatória";"Não";1;0;0;0;1;0;0;1;-29,813101;-55,806679;"SPRF-RS";"DEL13-RS";"UOP02-DEL13-RS"
308557;2020-09-17;"quinta-feira";"23:20:00";"SP";116;283;"ITAPECERICA DA SERRA";"Desobediência às normas de trânsito pelo pedestre";"Atropelamento de Pedestre";"Sem Vítimas";"Plena Noite";"Decrescente";"Céu Claro";"Dupla";"Reta";"Sim";2;0;0;0;1;1;0;2;-23,69297005;-46,86352786;"SPRF-SP";"DEL04-SP";"UOP01-DEL04-SP"
308559;2020-09-17;"quinta-feira";"21:29:00";"RS";470;249;"BARAO";"Velocidade Incompatível";"Saída de leito carroçável";"Sem Vítimas";"Plena Noite";"Crescente";"Céu Claro";"Simples";"Curva";"Não";1;0;0;0;1;0;0;1;-29,385815;-51,49171;"SPRF-RS";"DEL06-RS";"UOP01-DEL06-RS"
308560;2020-09-17;"quinta-feira";"23:30:00";"RN";101;98,5;"NATAL";"Desobediência às normas de trânsito pelo condutor";"Colisão frontal";"Com Vítimas Feridas";"Plena Noite";"Crescente";"Céu Claro";"Dupla";"Reta";"Sim";2;0;1;1;0;0;2;2;-5,8707831;-35,21920681;"SPRF-RN";"DEL01-RN";"UOP01-DEL01-RN"
308562;2020-09-17;"quinta-feira";"20:30:00";"MG";116;414;"GOVERNADOR VALADARES";"Desobediência às normas de trânsito pelo condutor";"Colisão lateral";"Com Vítimas Feridas";"Plena Noite";"Decrescente";"Céu Claro";"Simples";"Interseção de Vias";"Sim";2;0;1;0;1;0;1;2;-18,88396608;-41,94913041;"SPRF-MG";"DEL06-MG";"UOP01-DEL06-MG"
308564;2020-09-18;"sexta-feira";"00:03:00";"RS";116;265;"CANOAS";"Desobediência às normas de trânsito pelo condutor";"Colisão lateral";"Com Vítimas Feridas";"Plena Noite";"Crescente";"Nevoeiro/Neblina";"Simples";"Reta";"Sim";2;0;1;0;1;0;1;2;-29,92342302;-51,17780944;"SPRF-RS";"DEL01-RS";"UOP01-DEL01-RS"
308565;2020-09-18;"sexta-feira";"00:10:00";"PR";376;8,4;"MARINGA";"Falta de Atenção à Condução";"Saída de leito carroçável";"Com Vítimas Feridas";"Plena Noite";"Decrescente";"Céu Claro";"Dupla";"Curva";"Sim";1;0;0;1;0;0;1;1;-23,4273;-51,9375;"SPRF-PR";"DEL09-PR";"UOP01-DEL09-PR"
308567;2020-09-17;"quinta-feira";"22:00:00";"RS";0;0;"CACEQUI";"Desobediência às normas de trânsito pelo condutor";"Colisão traseira";"Sem Vítimas";"Plena Noite";"Não Informado";"Nevoeiro/Neblina";"Simples";"Declive;Reta";"Não";4;0;0;0;4;0;0;2;-29,868805;-54,782348;"SPRF-RS";"DEL11-RS";"UOP02-DEL11-RS"
308570;2020-09-18;"sexta-feira";"01:50:00";"MG";365;714;"MONTE ALEGRE DE MINAS";"Falta de Atenção à Condução";"Capotamento";"Com Vítimas Feridas";"Plena Noite";"Crescente";"Céu Claro";"Simples";"Reta";"Não";4;0;3;0;1;0;3;1;-18,87982924;-49,130473;"SPRF-MG";"DEL15-MG";"UOP03-DEL15-MG"
308572;2020-09-18;"sexta-feira";"02:55:00";"SP";116;282;"EMBU DAS ARTES";"Desobediência às normas de trânsito pelo condutor";"Colisão traseira";"Com Vítimas Feridas";"Plena Noite";"Decrescente";"Céu Claro";"Dupla";"Reta";"Sim";2;0;1;0;1;0;1;2;-23,68570216;-46,85970975;"SPRF-SP";"DEL04-SP";"UOP01-DEL04-SP"
308573;2020-09-18;"sexta-feira";"02:45:00";"ES";259;60,5;"COLATINA";"Ingestão de álcool e/ou substâncias psicoativas pelo pedestre";"Atropelamento de Pedestre";"Com Vítimas Feridas";"Plena Noite";"Decrescente";"Nublado";"Simples";"Reta";"Não";2;0;1;1;0;0;2;2;-19,52658187;-40,67714995;"SPRF-ES";"DEL02-ES";"UOP01-DEL02-ES"
308575;2020-09-18;"sexta-feira";"02:10:00";"GO";40;31;"LUZIANIA";"Velocidade Incompatível";"Capotamento";"Com Vítimas Feridas";"Plena Noite";"Crescente";"Céu Claro";"Dupla";"Reta";"Não";1;0;1;0;0;0;1;1;-16,284329;-47,857156;"SPRF-DF";"DEL01-DF";"UOP01-DEL01-DF"
308576;2020-09-18;"sexta-feira";"04:20:00";"PE";232;8;"RECIFE";"Não guardar distância de segurança";"Colisão traseira";"Com Vítimas Feridas";"Amanhecer";"Crescente";"Céu Claro";"Dupla";"Reta";"Sim";2;0;1;0;1;0;1;2;-8,07583727;-34,97015791;"SPRF-PE";"DEL01-PE";"UOP01-DEL01-PE"
308577;2020-09-18;"sexta-feira";"05:00:00";"MG";40;523;"RIBEIRAO DAS NEVES";"Não guardar distância de segurança";"Colisão lateral";"Com Vítimas Feridas";"Amanhecer";"Crescente";"Céu Claro";"Dupla";"Curva";"Sim";2;0;1;0;1;0;1;2;-19,86874894;-44,05962197;"SPRF-MG";"DEL01-MG";"UOP02-DEL01-MG"
308582;2020-09-18;"sexta-feira";"05:35:00";"RN";406;171;"SAO GONCALO DO AMARANTE";"Desobediência às normas de trânsito pelo condutor";"Colisão transversal";"Sem Vítimas";"Amanhecer";"Crescente";"Sol";"Dupla";"Interseção de Vias";"Sim";2;0;0;0;2;0;0;2;-5,76292824;-35,2883023;"SPRF-RN";"DEL02-RN";"UOP01-DEL02-RN"
308583;2020-09-17;"quinta-feira";"19:20:00";"MG";354;736,9;"POUSO ALTO";"Desobediência às normas de trânsito pelo condutor";"Colisão frontal";"Com Vítimas Feridas";"Plena Noite";"Decrescente";"Nublado";"Simples";"Reta";"Não";3;0;0;1;1;1;1;3;-22,20144068;-44,96659879;"SPRF-MG";"DEL17-MG";"UOP01-DEL17-MG"
308584;2020-09-18;"sexta-feira";"06:40:00";"GO";153;436,3;"ANAPOLIS";"Desobediência às normas de trânsito pelo condutor";"Colisão com objeto estático";"Com Vítimas Feridas";"Pleno dia";"Crescente";"Céu Claro";"Dupla";"Curva";"Sim";3;0;2;0;1;0;2;1;-16,283987;-48,951763;"SPRF-GO";"DEL02-GO";"UOP01-DEL02-GO"
308585;2020-09-18;"sexta-feira";"07:00:00";"RJ";116;128;"MAGE";"Defeito Mecânico no Veículo";"Tombamento";"Com Vítimas Feridas";"Pleno dia";"Decrescente";"Céu Claro";"Dupla";"Reta";"Não";2;0;2;0;0;0;2;1;-22,656449;-43,136391;"SPRF-RJ";"DEL04-RJ";"UOP02-DEL04-RJ"
308586;2020-08-21;"sexta-feira";"18:20:00";"PR";277;97;"CURITIBA";"Falta de Atenção à Condução";"Colisão transversal";"Com Vítimas Feridas";"Anoitecer";"Crescente";"Nublado";"Simples";"Reta;Interseção de Vias";"Sim";2;0;1;0;1;0;1;2;-25,54577186;-49,29537197;"SPRF-PR";"DEL01-PR";"UOP01-DEL01-PR"
308587;2020-09-18;"sexta-feira";"07:10:00";"SC";282;19;"PALHOCA";"Falta de Atenção à Condução";"Queda de ocupante de veículo";"Com Vítimas Feridas";"Amanhecer";"Crescente";"Céu Claro";"Simples";"Viaduto";"Não";2;0;1;0;1;0;1;2;-27,678635;-48,70192;"SPRF-SC";"DEL01-SC";"UOP02-DEL01-SC"
308594;2020-09-18;"sexta-feira";"07:06:00";"PR";369;201,9;"APUCARANA";"Falta de Atenção à Condução";"Colisão transversal";"Com Vítimas Feridas";"Pleno dia";"Crescente";"Nublado";"Simples";"Reta;Interseção de Vias";"Sim";2;0;1;0;1;0;1;2;-23,54225123;-51,45575906;"SPRF-PR";"DEL07-PR";"UOP03-DEL07-PR"
308595;2020-09-18;"sexta-feira";"07:12:00";"RS";468;4;"PALMEIRA DAS MISSOES";"Fenômenos da Natureza";"Colisão traseira";"Com Vítimas Feridas";"Pleno dia";"Decrescente";"Nevoeiro/Neblina";"Simples";"Interseção de Vias";"Não";4;0;2;0;2;0;2;2;-27,86356506;-53,35098506;"SPRF-RS";"DEL08-RS";"UOP01-DEL08-RS"
308597;2020-09-18;"sexta-feira";"07:50:00";"PR";277;616,2;"CEU AZUL";"Avarias e/ou desgaste excessivo no pneu";"Tombamento";"Com Vítimas Feridas";"Pleno dia";"Crescente";"Céu Claro";"Simples";"Reta";"Não";1;0;0;1;0;0;1;1;-25,07429046;-53,673465;"SPRF-PR";"DEL05-PR";"UOP02-DEL05-PR"
308599;2020-09-18;"sexta-feira";"07:15:00";"MT";163;831;"SINOP";"Falta de Atenção à Condução";"Tombamento";"Com Vítimas Feridas";"Pleno dia";"Decrescente";"Céu Claro";"Simples";"Reta";"Sim";2;0;1;1;0;0;2;1;-11,89178368;-55,50313502;"SPRF-MT";"DEL06-MT";"UOP01-DEL06-MT"
308600;2020-09-18;"sexta-feira";"07:50:00";"RN";101;96,5;"NATAL";"Falta de Atenção à Condução";"Colisão traseira";"Com Vítimas Feridas";"Pleno dia";"Crescente";"Céu Claro";"Dupla";"Reta";"Sim";2;0;0;1;1;0;1;2;-5,84949622;-35,20890752;"SPRF-RN";"DEL01-RN";"UOP01-DEL01-RN"
308601;2020-09-17;"quinta-feira";"21:18:00";"RO";364;344;"JI-PARANA";"Falta de Atenção à Condução";"Colisão lateral";"Com Vítimas Feridas";"Plena Noite";"Crescente";"Céu Claro";"Simples";"Interseção de Vias";"Sim";3;0;3;0;0;0;3;2;-10,87376391;-61,95256893;"SPRF-RO";"DEL02-RO";"UOP01-DEL02-RO"
308603;2020-09-18;"sexta-feira";"08:40:00";"SC";101;206,9;"SAO JOSE";"Desobediência às normas de trânsito pelo condutor";"Colisão transversal";"Com Vítimas Feridas";"Pleno dia";"Crescente";"Sol";"Dupla";"Interseção de Vias";"Sim";3;0;2;0;1;0;2;2;-27,59906058;-48,62214088;"SPRF-SC";"DEL01-SC";"UOP01-DEL01-SC"
308604;2020-09-18;"sexta-feira";"08:40:00";"DF";70;9;"BRASILIA";"Velocidade Incompatível";"Colisão com objeto estático";"Com Vítimas Feridas";"Pleno dia";"Crescente";"Céu Claro";"Dupla";"Reta";"Sim";1;0;1;0;0;0;1;1;-15,784615;-48,132023;"SPRF-DF";"DEL03-DF";"UOP02-DEL03-DF"
308606;2020-09-18;"sexta-feira";"08:30:00";"PB";104;46,7;"BARRA DE SANTA ROSA";"Desobediência às normas de trânsito pelo condutor";"Colisão lateral";"Com Vítimas Feridas";"Pleno dia";"Crescente";"Céu Claro";"Simples";"Reta";"Não";2;0;0;1;1;0;1;2;-6,73521882;-36,0463818;"SPRF-PB";"DEL02-PB";"UOP04-DEL02-PB"
308611;2020-07-29;"quarta-feira";"07:50:00";"RJ";393;285,5;"VOLTA REDONDA";"Desobediência às normas de trânsito pelo condutor";"Queda de ocupante de veículo";"Com Vítimas Feridas";"Pleno dia";"Decrescente";"Nublado";"Simples";"Reta";"Sim";2;0;2;0;0;0;2;2;-22,481726;-44,06308602;"SPRF-RJ";"DEL05-RJ";"UOP04-DEL05-RJ"
308612;2020-09-18;"sexta-feira";"08:25:00";"PB";104;107,3;"SAO SEBASTIAO DE LAGOA DE  ROCA";"Falta de Atenção à Condução";"Colisão lateral";"Sem Vítimas";"Pleno dia";"Decrescente";"Céu Claro";"Simples";"Reta";"Sim";2;0;0;0;2;0;0;2;-7,104384;-35,866698;"SPRF-PB";"DEL02-PB";"UOP04-DEL02-PB"
308614;2020-09-18;"sexta-feira";"09:38:00";"PR";277;34,9;"MORRETES";"Falta de Atenção à Condução";"Queda de ocupante de veículo";"Com Vítimas Feridas";"Pleno dia";"Crescente";"Céu Claro";"Dupla";"Reta";"Não";1;0;1;0;0;0;1;1;-25,547373;-48,790559;"SPRF-PR";"DEL01-PR";"UOP05-DEL01-PR"
308615;2020-09-18;"sexta-feira";"08:45:00";"DF";40;5,9;"BRASILIA";"Falta de Atenção à Condução";"Colisão lateral";"Com Vítimas Feridas";"Pleno dia";"Decrescente";"Sol";"Dupla";"Reta";"Não";3;0;1;1;1;0;2;3;-16,029741;-47,978867;"SPRF-DF";"DEL01-DF";"UOP01-DEL01-DF"
308616;2020-09-18;"sexta-feira";"10:15:00";"GO";153;498;"GOIANIA";"Falta de Atenção à Condução";"Colisão traseira";"Com Vítimas Feridas";"Pleno dia";"Crescente";"Céu Claro";"Dupla";"Reta";"Não";3;0;1;0;2;0;1;3;-16,68949441;-49,23285542;"SPRF-GO";"DEL01-GO";"UOP01-DEL01-GO"
308618;2020-09-18;"sexta-feira";"08:50:00";"SP";101;24,3;"UBATUBA";"Falta de Atenção à Condução";"Colisão com objeto estático";"Com Vítimas Feridas";"Pleno dia";"Crescente";"Céu Claro";"Simples";"Curva";"Não";2;0;0;1;1;0;1;1;-23,34811618;-44,94553789;"SPRF-SP";"DEL06-SP";"UOP01-DEL06-SP"
308619;2020-09-18;"sexta-feira";"10:10:00";"PE";232;60,5;"POMBOS";"Falta de Atenção à Condução";"Colisão lateral";"Com Vítimas Feridas";"Pleno dia";"Crescente";"Sol";"Dupla";"Reta";"Sim";2;0;0;1;1;0;1;2;-8,14788448;-35,40768085;"SPRF-PE";"DEL02-PE";"UOP02-DEL02PE"
308620;2020-09-18;"sexta-feira";"10:50:00";"SC";101;207;"SAO JOSE";"Falta de Atenção à Condução";"Colisão lateral";"Com Vítimas Feridas";"Pleno dia";"Decrescente";"Sol";"Múltipla";"Reta";"Não";2;0;1;0;1;0;1;2;-27,60001226;-48,6226467;"SPRF-SC";"DEL01-SC";"UOP01-DEL01-SC"
308621;2020-09-18;"sexta-feira";"11:15:00";"GO";153;504;"APARECIDA DE GOIANIA";"Falta de Atenção à Condução";"Colisão traseira";"Com Vítimas Feridas";"Pleno dia";"Decrescente";"Sol";"Dupla";"Reta";"Sim";2;0;1;0;1;0;1;2;-16,7451;-49,2408;"SPRF-GO";"DEL01-GO";"UOP01-DEL01-GO"
308622;2020-08-29;"sábado";"19:00:00";"MS";463;106,8;"PONTA PORA";"Deficiência ou não Acionamento do Sistema de Iluminação/Sinalização do Veículo";"Colisão traseira";"Com Vítimas Feridas";"Plena Noite";"Decrescente";"Céu Claro";"Simples";"Retorno Regulamentado";"Sim";3;0;0;2;1;0;2;2;-22,59028435;-55,67404574;"SPRF-MS";"DEL04-MS";"UOP03-DEL04-MS"
308624;2020-09-18;"sexta-feira";"11:00:00";"CE";222;8,2;"CAUCAIA";"Falta de Atenção à Condução";"Colisão lateral";"Com Vítimas Feridas";"Pleno dia";"Decrescente";"Céu Claro";"Dupla";"Reta";"Sim";4;0;0;1;2;1;1;2;-3,75363558;-38,63803121;"SPRF-CE";"DEL01-CE";"UOP01-DEL01-CE"
308626;2020-09-18;"sexta-feira";"10:54:00";"MG";40;511;"RIBEIRAO DAS NEVES";"Falta de Atenção à Condução";"Colisão traseira";"Com Vítimas Feridas";"Pleno dia";"Decrescente";"Céu Claro";"Dupla";"Retorno Regulamentado";"Não";5;0;4;0;1;0;4;2;-19,78164295;-44,11733194;"SPRF-MG";"DEL01-MG";"UOP02-DEL01-MG"
308627;2020-09-18;"sexta-feira";"08:40:00";"RJ";101;505;"ANGRA DOS REIS";"Falta de Atenção à Condução";"Colisão transversal";"Com Vítimas Feridas";"Pleno dia";"Crescente";"Céu Claro";"Simples";"Reta";"Sim";2;0;1;0;1;0;1;2;-22,93561595;-44,39617909;"SPRF-RJ";"DEL03-RJ";"UOP02-DEL03-RJ"
308631;2020-09-18;"sexta-feira";"11:55:00";"MG";381;493,2;"BETIM";"Falta de Atenção do Pedestre";"Atropelamento de Pedestre";"Com Vítimas Fatais";"Pleno dia";"Decrescente";"Sol";"Múltipla";"Reta";"Sim";2;1;0;0;1;0;0;2;-19,96495908;-44,17121887;"SPRF-MG";"DEL01-MG";"UOP03-DEL01-MG"
308633;2020-09-18;"sexta-feira";"12:30:00";"PE";101;67,4;"RECIFE";"Desobediência às normas de trânsito pelo condutor";"Colisão lateral";"Com Vítimas Feridas";"Pleno dia";"Decrescente";"Céu Claro";"Múltipla";"Reta;Em Obras";"Sim";3;0;2;0;1;0;2;2;-8,046238;-34,944631;"SPRF-PE";"DEL01-PE";"UOP01-DEL01-PE"
308634;2020-08-25;"terça-feira";"05:00:00";"SP";116;220;"GUARULHOS";"Objeto estático sobre o leito carroçável";"Saída de leito carroçável";"Com Vítimas Feridas";"Amanhecer";"Crescente";"Céu Claro";"Múltipla";"Reta";"Sim";1;0;1;0;0;0;1;1;-23,4646176;-46,4978528;"SPRF-SP";"DEL01-SP";"UOP01-DEL01-SP"
308635;2020-09-18;"sexta-feira";"12:40:00";"GO";60;95;"ANAPOLIS";"Defeito Mecânico no Veículo";"Incêndio";"Sem Vítimas";"Pleno dia";"Crescente";"Céu Claro";"Dupla";"Reta";"Sim";1;0;0;0;1;0;0;1;-16,3679;-48,939;"SPRF-GO";"DEL02-GO";"UOP01-DEL02-GO"
308639;2020-09-18;"sexta-feira";"13:20:00";"PR";476;133;"CURITIBA";"Falta de Atenção à Condução";"Colisão transversal";"Sem Vítimas";"Pleno dia";"Decrescente";"Sol";"Simples";"Interseção de Vias";"Sim";2;0;0;0;2;0;0;2;-25,469219;-49,254143;"SPRF-PR";"DEL01-PR";"UOP03-DEL01-PR"
308640;2020-09-18;"sexta-feira";"12:00:00";"MS";267;480,1;"JARDIM";"Não guardar distância de segurança";"Colisão traseira";"Com Vítimas Feridas";"Pleno dia";"Decrescente";"Céu Claro";"Simples";"Reta";"Sim";3;0;1;0;2;0;1;2;-21,473645;-56,135039;"SPRF-MS";"DEL05-MS";"UOP01-DEL05-MS"
308641;2020-09-18;"sexta-feira";"08:00:00";"GO";50;119;"CRISTALINA";"Pista Escorregadia";"Queda de ocupante de veículo";"Com Vítimas Feridas";"Pleno dia";"Crescente";"Céu Claro";"Simples";"Rotatória";"Não";1;0;1;0;0;0;1;1;-16,9309;-47,7117;"SPRF-DF";"DEL01-DF";"UOP02-DEL01-DF"
308642;2020-09-18;"sexta-feira";"11:10:00";"MT";364;401;"CUIABA";"Falta de Atenção à Condução";"Queda de ocupante de veículo";"Com Vítimas Feridas";"Pleno dia";"Decrescente";"Céu Claro";"Dupla";"Reta";"Sim";1;0;1;0;0;0;1;1;-15,65163506;-55,99581242;"SPRF-MT";"DEL01-MT";"UOP02-DEL01-MT"
308644;2020-09-18;"sexta-feira";"14:20:00";"SP";116;230;"SAO PAULO";"Falta de Atenção à Condução";"Colisão lateral";"Com Vítimas Feridas";"Pleno dia";"Decrescente";"Céu Claro";"Dupla";"Declive;Reta";"Não";2;0;1;0;1;0;1;2;-23,52251783;-46,5855702;"SPRF-SP";"DEL01-SP";"UOP01-DEL01-SP"
308646;2020-09-18;"sexta-feira";"13:35:00";"RN";101;95;"NATAL";"Falta de Atenção à Condução";"Colisão traseira";"Sem Vítimas";"Pleno dia";"Decrescente";"Céu Claro";"Dupla";"Reta";"Sim";2;0;0;0;2;0;0;2;-5,84076841;-35,21035949;"SPRF-RN";"DEL01-RN";"UOP01-DEL01-RN"
308653;2020-02-15;"sábado";"12:20:00";"MG";50;109,1;"UBERABA";"Falta de Atenção à Condução";"Saída de leito carroçável";"Com Vítimas Feridas";"Pleno dia";"Decrescente";"Céu Claro";"Dupla";"Reta";"Não";3;0;2;0;1;0;2;1;-19,21477497;-48,1473349;"SPRF-MG";"DEL13-MG";"UOP01-DEL13-MG"
308654;2020-09-18;"sexta-feira";"12:40:00";"MG";40;168,1;"JOAO PINHEIRO";"Falta de Atenção à Condução";"Saída de leito carroçável";"Com Vítimas Feridas";"Pleno dia";"Crescente";"Céu Claro";"Dupla";"Reta";"Não";2;0;0;1;1;0;1;1;-17,92333075;-46,07469484;"SPRF-MG";"DEL14-MG";"UOP02-DEL14-MG"
308655;2020-09-18;"sexta-feira";"14:30:00";"MG";381;481,8;"BETIM";"Falta de Atenção à Condução";"Queda de ocupante de veículo";"Com Vítimas Feridas";"Pleno dia";"Crescente";"Céu Claro";"Dupla";"Reta";"Sim";2;0;2;0;0;0;2;1;-19,95931561;-44,08825597;"SPRF-MG";"DEL01-MG";"UOP03-DEL01-MG"
308656;2020-09-02;"quarta-feira";"07:20:00";"PR";476;129;"CURITIBA";"Falta de Atenção à Condução";"Colisão lateral";"Com Vítimas Feridas";"Pleno dia";"Crescente";"Nublado";"Dupla";"Reta";"Sim";2;0;0;1;0;1;1;2;-25,44169632;-49,23390985;"SPRF-PR";"DEL01-PR";"UOP03-DEL01-PR"
308658;2020-09-18;"sexta-feira";"12:30:00";"MS";262;771,3;"CORUMBA";"Desobediência às normas de trânsito pelo condutor";"Colisão traseira";"Sem Vítimas";"Pleno dia";"Decrescente";"Sol";"Simples";"Reta";"Sim";7;0;0;0;6;1;0;2;-19,08285699;-57,62168025;"SPRF-MS";"DEL03-MS";"UOP03-DEL03-MS"