"id";"data_inversa";"dia_semana";"horario";"uf";"br";"km";"municipio";"causa_acidente";"tipo_acidente";"classificacao_acidente";"fase_dia";"sentido_via";"condicao_metereologica";"tipo_pista";"tracado_via";"uso_solo";"pessoas";"mortos";"feridos_leves";"feridos_graves";"ilesos";"ignorados";"feridos";"veiculos";"latitude";"longitude";"regional";"delegacia";"uop"
308660;2020-09-18;"sexta-feira";"15:10:00";"PI";316;7;"TERESINA";"Não guardar distância de segurança";"Colisão transversal";"Com Vítimas Feridas";"Pleno dia";"Crescente";"Céu Claro";"Simples";"Reta";"Sim";2;0;0;1;0;1;1;2;-5,15584638;-42,77173332;"SPRF-PI";"DEL01-PI";"UOP02-DEL01-PI"
308661;2020-09-18;"sexta-feira";"13:55:00";"GO";60;179;"ABADIA DE GOIAS";"Falta de Atenção à Condução";"Colisão com objeto estático";"Com Vítimas Feridas";"Pleno dia";"Crescente";"Céu Claro";"Dupla";"Reta";"Não";1;0;1;0;0;0;1;1;-16,7638;-49,466;"SPRF-GO";"DEL01-GO";"UOP02-DEL01-GO"
308662;2020-09-18;"sexta-feira";"13:55:00";"DF";0;0;"BRASILIA";"Velocidade Incompatível";"Colisão lateral";"Sem Vítimas";"Pleno dia";"Não Informado";"Céu Claro";"Dupla";"Reta";"Sim";3;0;0;0;3;0;0;2;-15,80736716;-47,95283318;"SPRF-DF";"N/A";"N/A"
308663;2020-09-18;"sexta-feira";"14:50:00";"MA";222;664,8;"ACAILANDIA";"Desobediência às normas de trânsito pelo condutor";"Colisão transversal";"Com Vítimas Feridas";"Pleno dia";"Crescente";"Céu Claro";"Simples";"Reta";"Sim";3;0;2;0;1;0;2;2;-4,88920755;-47,37657969;"SPRF-MA";"DEL04-MA";"UOP03-DEL04-MA"
308664;2020-09-18;"sexta-feira";"16:00:00";"MG";381;457;"BELO HORIZONTE";"Falta de Atenção à Condução";"Colisão traseira";"Com Vítimas Feridas";"Pleno dia";"Crescente";"Céu Claro";"Dupla";"Reta";"Não";2;0;1;0;1;0;1;2;-19,86134886;-43,92063055;"SPRF-MG";"DEL01-MG";"UOP01-DEL01-MG"
308665;2020-09-18;"sexta-feira";"07:45:00";"PE";101;76;"JABOATAO DOS GUARARAPES";"Não guardar distância de segurança";"Colisão lateral";"Sem Vítimas";"Pleno dia";"Crescente";"Céu Claro";"Dupla";"Reta";"Sim";2;0;0;0;2;0;0;2;-8,11813811;-34,94329214;"SPRF-PE";"DEL01-PE";"UOP01-DEL01-PE"
308666;2020-09-18;"sexta-feira";"15:00:00";"MG";40;386;"CURVELO";"Desobediência às normas de trânsito pelo condutor";"Saída de leito carroçável";"Com Vítimas Feridas";"Pleno dia";"Crescente";"Sol";"Simples";"Reta";"Não";2;0;1;0;1;0;1;1;-18,91367099;-44,68356184;"SPRF-MG";"DEL02-MG";"UOP01-DEL02-MG"
308667;2020-08-22;"sábado";"15:00:00";"ES";262;100;"VENDA NOVA DO IMIGRANTE";"Falta de Atenção à Condução";"Colisão com objeto estático";"Sem Vítimas";"Pleno dia";"Decrescente";"Chuva";"Simples";"Curva";"Não";1;0;0;0;1;0;0;1;-20,34889991;-41,102073;"SPRF-ES";"DEL01-ES";"UOP02-DEL01-ES"
308669;2020-09-18;"sexta-feira";"16:20:00";"RJ";116;60;"TERESOPOLIS";"Ingestão de Álcool";"Colisão traseira";"Sem Vítimas";"Pleno dia";"Crescente";"Céu Claro";"Simples";"Reta";"Não";3;0;0;0;3;0;0;2;-22,24418511;-42,91575275;"SPRF-RJ";"DEL04-RJ";"UOP01-DEL04-RJ"
308670;2020-09-18;"sexta-feira";"15:30:00";"GO";153;702,4;"ITUMBIARA";"Falta de Atenção à Condução";"Colisão traseira";"Sem Vítimas";"Pleno dia";"Decrescente";"Céu Claro";"Dupla";"Reta";"Sim";12;0;0;0;12;0;0;4;-18,4103;-49,1965;"SPRF-GO";"DEL03-GO";"UOP02-DEL03-GO"
308673;2020-09-18;"sexta-feira";"17:00:00";"MG";262;360;"BETIM";"Defeito Mecânico no Veículo";"Queda de ocupante de veículo";"Com Vítimas Feridas";"Pleno dia";"Crescente";"Céu Claro";"Dupla";"Reta";"Não";2;0;1;1;0;0;2;1;-19,97343674;-44,2635534;"SPRF-MG";"DEL01-MG";"UOP03-DEL01-MG"
308674;2020-09-18;"sexta-feira";"16:50:00";"PR";277;611;"SANTA TEREZA DO OESTE";"Ingestão de Álcool";"Colisão transversal";"Com Vítimas Feridas";"Pleno dia";"Crescente";"Céu Claro";"Simples";"Reta";"Sim";3;0;2;0;1;0;2;2;-25,05111043;-53,62214392;"SPRF-PR";"DEL05-PR";"UOP02-DEL05-PR"
308675;2020-09-18;"sexta-feira";"16:40:00";"BA";324;617;"SALVADOR";"Defeito na Via";"Queda de ocupante de veículo";"Com Vítimas Feridas";"Pleno dia";"Crescente";"Céu Claro";"Múltipla";"Reta";"Não";1;0;1;0;0;0;1;1;-12,8984866;-38,4503292;"SPRF-BA";"DEL01-BA";"UOP01-DEL01-BA"
308677;2020-09-18;"sexta-feira";"17:00:00";"RS";116;235;"ESTANCIA VELHA";"Falta de Atenção à Condução";"Colisão lateral";"Com Vítimas Feridas";"Pleno dia";"Crescente";"Céu Claro";"Dupla";"Curva";"Sim";3;0;2;0;1;0;2;2;-29,66037586;-51,14386509;"SPRF-RS";"DEL01-RS";"UOP02-DEL01-RS"
308681;2020-09-18;"sexta-feira";"17:00:00";"MG";262;467,5;"BOM DESPACHO";"Desobediência às normas de trânsito pelo condutor";"Colisão frontal";"Com Vítimas Feridas";"Pleno dia";"Crescente";"Sol";"Simples";"Reta";"Não";2;0;1;0;1;0;1;2;-19,80324093;-45,13352097;"SPRF-MG";"DEL08-MG";"UOP03-DEL08-MG"
308682;2020-09-18;"sexta-feira";"17:25:00";"MG";40;517,9;"RIBEIRAO DAS NEVES";"Desobediência às normas de trânsito pelo condutor";"Colisão lateral";"Com Vítimas Feridas";"Pleno dia";"Decrescente";"Céu Claro";"Dupla";"Reta";"Sim";3;0;2;0;1;0;2;2;-19,82351202;-44,08438913;"SPRF-MG";"DEL01-MG";"UOP02-DEL01-MG"
308684;2020-09-18;"sexta-feira";"15:45:00";"MG";381;482;"CONTAGEM";"Falta de Atenção à Condução";"Tombamento";"Com Vítimas Feridas";"Pleno dia";"Crescente";"Céu Claro";"Múltipla";"Reta";"Sim";1;0;0;1;0;0;1;1;-19,95888836;-44,07124758;"SPRF-MG";"DEL01-MG";"UOP03-DEL01-MG"
308685;2020-09-18;"sexta-feira";"17:40:00";"MG";40;521;"RIBEIRAO DAS NEVES";"Desobediência às normas de trânsito pelo condutor";"Colisão transversal";"Com Vítimas Feridas";"Anoitecer";"Decrescente";"Céu Claro";"Dupla";"Reta";"Não";3;0;2;0;1;0;2;2;-19,85651501;-44,07213222;"SPRF-MG";"DEL01-MG";"UOP02-DEL01-MG"
308689;2020-09-18;"sexta-feira";"17:40:00";"BA";324;625;"SALVADOR";"Falta de Atenção à Condução";"Colisão traseira";"Com Vítimas Feridas";"Anoitecer";"Decrescente";"Céu Claro";"Múltipla";"Reta";"Não";3;0;1;0;1;1;1;3;-12,9583388;-38,4735997;"SPRF-BA";"DEL01-BA";"UOP01-DEL01-BA"
308690;2020-09-18;"sexta-feira";"15:30:00";"RO";364;182,4;"PIMENTA BUENO";"Defeito Mecânico no Veículo";"Saída de leito carroçável";"Com Vítimas Feridas";"Pleno dia";"Decrescente";"Céu Claro";"Simples";"Reta";"Não";2;0;1;1;0;0;2;1;-11,76315274;-61,08465966;"SPRF-RO";"DEL02-RO";"UOP02-DEL02-RO"
308692;2020-09-18;"sexta-feira";"18:05:00";"PE";232;144,2;"SAO CAITANO";"Animais na Pista";"Atropelamento de Animal";"Com Vítimas Feridas";"Anoitecer";"Crescente";"Céu Claro";"Dupla";"Reta";"Não";2;0;2;0;0;0;2;1;-8,32597669;-36,11425996;"SPRF-PE";"DEL02-PE";"UOP03-DEL02-PE"
308693;2020-09-18;"sexta-feira";"17:50:00";"RS";470;214;"BENTO GONCALVES";"Desobediência às normas de trânsito pelo condutor";"Colisão transversal";"Com Vítimas Feridas";"Pleno dia";"Decrescente";"Céu Claro";"Simples";"Reta;Aclive";"Sim";2;0;1;0;1;0;1;2;-29,15283591;-51,52982712;"SPRF-RS";"DEL06-RS";"UOP01-DEL06-RS"
308695;2020-09-18;"sexta-feira";"13:00:00";"RS";290;40,5;"SANTO ANTONIO DA PATRULHA";"Falta de Atenção à Condução";"Saída de leito carroçável";"Com Vítimas Feridas";"Pleno dia";"Crescente";"Céu Claro";"Dupla";"Reta";"Não";1;0;1;0;0;0;1;1;-29,886173;-50,658577;"SPRF-RS";"DEL03-RS";"UOP01-DEL03-RS"
308697;2020-09-18;"sexta-feira";"13:30:00";"ES";101;151;"LINHARES";"Falta de Atenção à Condução";"Colisão frontal";"Com Vítimas Feridas";"Pleno dia";"Decrescente";"Céu Claro";"Simples";"Viaduto";"Sim";3;0;1;0;2;0;1;2;-19,41156656;-40,06592463;"SPRF-ES";"DEL04-ES";"UOP01-DEL04-ES"
308698;2020-09-18;"sexta-feira";"18:40:00";"GO";153;496;"GOIANIA";"Falta de Atenção à Condução";"Colisão com objeto estático";"Com Vítimas Feridas";"Plena Noite";"Crescente";"Vento";"Dupla";"Aclive";"Sim";1;0;1;0;0;0;1;1;-16,6776;-49,2314;"SPRF-GO";"DEL01-GO";"UOP01-DEL01-GO"
308699;2020-09-18;"sexta-feira";"18:25:00";"RS";386;357,6;"ESTRELA";"Velocidade Incompatível";"Saída de leito carroçável";"Com Vítimas Fatais";"Anoitecer";"Decrescente";"Céu Claro";"Dupla";"Curva";"Não";1;1;0;0;0;0;0;1;-29,528872;-51,928249;"SPRF-RS";"DEL04-RS";"UOP02-DEL04-RS"
308702;2020-09-18;"sexta-feira";"18:00:00";"PR";277;663;"MEDIANEIRA";"Não guardar distância de segurança";"Colisão traseira";"Com Vítimas Feridas";"Anoitecer";"Crescente";"Céu Claro";"Dupla";"Reta;Declive";"Não";2;0;2;0;0;0;2;1;-25,25155419;-54,01878197;"SPRF-PR";"DEL05-PR";"UOP02-DEL05-PR"
308703;2020-09-18;"sexta-feira";"18:40:00";"PR";277;664,7;"MEDIANEIRA";"Falta de Atenção à Condução";"Capotamento";"Com Vítimas Feridas";"Anoitecer";"Crescente";"Céu Claro";"Dupla";"Reta";"Não";2;0;1;0;1;0;1;2;-25,25301037;-54,02857196;"SPRF-PR";"DEL05-PR";"UOP02-DEL05-PR"
308704;2020-09-18;"sexta-feira";"18:10:00";"MS";60;420,5;"SIDROLANDIA";"Falta de Atenção à Condução";"Colisão transversal";"Com Vítimas Feridas";"Plena Noite";"Crescente";"Nublado";"Simples";"Reta";"Não";3;0;0;1;2;0;1;2;-20,900883;-54,929013;"SPRF-MS";"DEL01-MS";"UOP04-DEL01-MS"
308705;2020-09-18;"sexta-feira";"18:20:00";"SP";116;148;"SAO JOSE DOS CAMPOS";"Falta de Atenção à Condução";"Engavetamento";"Com Vítimas Feridas";"Plena Noite";"Decrescente";"Nublado";"Dupla";"Reta";"Sim";3;0;1;0;2;0;1;3;-23,20067421;-45,8795018;"SPRF-SP";"DEL02-SP";"UOP01-DEL02-SP"
308708;2020-09-18;"sexta-feira";"19:00:00";"MG";381;3;"BETIM";"Falta de Atenção à Condução";"Colisão traseira";"Com Vítimas Feridas";"Plena Noite";"Crescente";"Céu Claro";"Múltipla";"Reta";"Sim";2;0;1;0;1;0;1;2;-19,98335131;-44,16503906;"SPRF-MG";"DEL01-MG";"UOP03-DEL01-MG"
308709;2020-09-18;"sexta-feira";"17:30:00";"MG";50;140,5;"UBERABA";"Velocidade Incompatível";"Saída de leito carroçável";"Com Vítimas Feridas";"Pleno dia";"Crescente";"Céu Claro";"Dupla";"Reta";"Não";1;0;1;0;0;0;1;1;-19,47657604;-48,05332612;"SPRF-MG";"DEL13-MG";"UOP01-DEL13-MG"
308710;2020-09-18;"sexta-feira";"18:10:00";"RJ";101;415;"MANGARATIBA";"Desobediência às normas de trânsito pelo condutor";"Colisão transversal";"Com Vítimas Feridas";"Plena Noite";"Decrescente";"Nublado";"Simples";"Interseção de Vias";"Não";2;0;1;0;1;0;1;2;-22,90433243;-43,88181398;"SPRF-RJ";"DEL03-RJ";"UOP01-DEL03-RJ"
308711;2020-09-18;"sexta-feira";"18:00:00";"RJ";493;84;"JAPERI";"Falta de Atenção à Condução";"Colisão lateral";"Com Vítimas Feridas";"Anoitecer";"Decrescente";"Ignorado";"Dupla";"Reta";"Não";3;0;1;0;2;0;1;2;-22,66977867;-43,64044189;"SPRF-RJ";"DEL01-RJ";"UOP03-DEL01-RJ"
308712;2020-09-18;"sexta-feira";"19:50:00";"ES";101;100,1;"JAGUARE";"Não guardar distância de segurança";"Colisão traseira";"Com Vítimas Feridas";"Plena Noite";"Crescente";"Céu Claro";"Simples";"Interseção de Vias";"Sim";2;0;0;1;1;0;1;2;-18,98011199;-39,99543202;"SPRF-ES";"DEL04-ES";"UOP02-DEL04-ES"
308713;2020-09-02;"quarta-feira";"12:10:00";"RJ";116;126;"MAGE";"Falta de Atenção à Condução";"Colisão com objeto estático";"Com Vítimas Feridas";"Pleno dia";"Crescente";"Céu Claro";"Dupla";"Reta";"Sim";4;0;0;3;1;0;3;2;-22,65489354;-43,08636526;"SPRF-RJ";"DEL04-RJ";"UOP02-DEL04-RJ"
308714;2020-09-18;"sexta-feira";"19:30:00";"PR";277;349,6;"GUARAPUAVA";"Desobediência às normas de trânsito pelo condutor";"Colisão transversal";"Com Vítimas Feridas";"Plena Noite";"Crescente";"Céu Claro";"Dupla";"Curva;Declive";"Sim";2;0;2;0;0;0;2;2;-25,33928412;-51,42880296;"SPRF-PR";"DEL08-PR";"UOP01-DEL08-PR"
308715;2020-09-18;"sexta-feira";"18:50:00";"PR";277;723,3;"FOZ DO IGUACU";"Ingestão de Álcool";"Colisão traseira";"Sem Vítimas";"Plena Noite";"Decrescente";"Céu Claro";"Dupla";"Reta";"Sim";2;0;0;0;2;0;0;2;-25,49994665;-54,53230838;"SPRF-PR";"DEL05-PR";"UOP03-DEL05-PR"
308716;2020-09-18;"sexta-feira";"19:10:00";"MG";116;413;"GOVERNADOR VALADARES";"Falta de Atenção à Condução";"Colisão lateral";"Com Vítimas Feridas";"Plena Noite";"Crescente";"Céu Claro";"Simples";"Reta";"Sim";5;0;2;0;3;0;2;3;-18,873907;-41,966366;"SPRF-MG";"DEL06-MG";"UOP01-DEL06-MG"
308717;2020-09-18;"sexta-feira";"19:00:00";"RJ";116;77;"TERESOPOLIS";"Desobediência às normas de trânsito pelo condutor";"Colisão transversal";"Com Vítimas Feridas";"Plena Noite";"Crescente";"Nublado";"Simples";"Interseção de Vias";"Sim";2;0;1;0;1;0;1;2;-22,39466201;-42,95287371;"SPRF-RJ";"DEL04-RJ";"UOP01-DEL04-RJ"
308719;2020-09-18;"sexta-feira";"07:24:00";"SC";158;125;"CAIBI";"Falta de Atenção à Condução";"Saída de leito carroçável";"Sem Vítimas";"Pleno dia";"Decrescente";"Céu Claro";"Simples";"Reta";"Não";1;0;0;0;0;1;0;1;-27,02885326;-53,23390961;"SPRF-SC";"DEL07-SC";"UOP02-DEL07-SC"
308720;2020-09-18;"sexta-feira";"19:50:00";"SC";282;22,4;"SANTO AMARO DA IMPERATRIZ";"Falta de Atenção à Condução";"Queda de ocupante de veículo";"Com Vítimas Feridas";"Plena Noite";"Crescente";"Céu Claro";"Simples";"Reta";"Não";3;0;1;1;1;0;2;3;-27,688507;-48,72739;"SPRF-SC";"DEL01-SC";"UOP02-DEL01-SC"
308721;2020-09-18;"sexta-feira";"17:00:00";"SP";116;148,2;"SAO JOSE DOS CAMPOS";"Falta de Atenção à Condução";"Colisão traseira";"Com Vítimas Feridas";"Pleno dia";"Decrescente";"Céu Claro";"Simples";"Reta";"Sim";2;0;0;1;1;0;1;2;-23,20067421;-45,8795018;"SPRF-SP";"DEL02-SP";"UOP01-DEL02-SP"
308723;2020-09-18;"sexta-feira";"18:50:00";"PA";222;18,5;"DOM ELISEU";"Desobediência às normas de trânsito pelo condutor";"Colisão transversal";"Com Vítimas Feridas";"Plena Noite";"Decrescente";"Céu Claro";"Simples";"Reta";"Sim";2;0;0;1;1;0;1;2;-4,293095;-47,556904;"SPRF-PA";"DEL02-PA";"UOP02-DEL02-PA"
308724;2020-09-18;"sexta-feira";"18:45:00";"MG";381;938,2;"EXTREMA";"Falta de Atenção à Condução";"Colisão traseira";"Com Vítimas Feridas";"Plena Noite";"Decrescente";"Céu Claro";"Dupla";"Curva;Retorno Regulamentado";"Não";3;0;2;0;1;0;2;2;-22,81629855;-46,29237413;"SPRF-MG";"DEL16-MG";"UOP03-DEL16-MG"
308725;2020-09-18;"sexta-feira";"20:15:00";"PR";116;104;"SAO JOSE DOS PINHAIS";"Desobediência às normas de trânsito pelo condutor";"Colisão lateral";"Sem Vítimas";"Plena Noite";"Crescente";"Céu Claro";"Simples";"Interseção de Vias";"Sim";2;0;0;0;1;1;0;2;-25,571693;-49,201935;"SPRF-PR";"DEL01-PR";"UOP01-DEL01-PR"
308726;2020-09-18;"sexta-feira";"20:10:00";"GO";40;12,6;"LUZIANIA";"Desobediência às normas de trânsito pelo condutor";"Colisão transversal";"Com Vítimas Feridas";"Plena Noite";"Decrescente";"Céu Claro";"Dupla";"Reta";"Sim";2;0;0;1;1;0;1;2;-16,145123;-47,945382;"SPRF-DF";"DEL01-DF";"UOP01-DEL01-DF"
308728;2020-09-18;"sexta-feira";"19:44:00";"SC";101;203,5;"SAO JOSE";"Não guardar distância de segurança";"Colisão traseira";"Com Vítimas Feridas";"Plena Noite";"Decrescente";"Céu Claro";"Múltipla";"Reta";"Sim";3;0;0;2;1;0;2;2;-27,5650044;-48,61460082;"SPRF-SC";"DEL01-SC";"UOP01-DEL01-SC"
308729;2020-09-18;"sexta-feira";"20:15:00";"GO";40;12,6;"LUZIANIA";"Falta de Atenção do Pedestre";"Atropelamento de Pedestre";"Com Vítimas Feridas";"Plena Noite";"Decrescente";"Céu Claro";"Dupla";"Reta";"Sim";2;0;1;1;0;0;2;2;-16,145123;-47,945382;"SPRF-DF";"DEL01-DF";"UOP01-DEL01-DF"
308731;2020-09-18;"sexta-feira";"19:00:00";"PI";135;236,2;"COLONIA DO GURGUEIA";"Desobediência às normas de trânsito pelo condutor";"Colisão frontal";"Com Vítimas Fatais";"Plena Noite";"Crescente";"Céu Claro";"Simples";"Curva";"Não";4;1;0;0;3;0;0;2;-8,2550919;-43,79960443;"SPRF-PI";"DEL03-PI";"UOP02-DEL03-PI"
308732;2020-09-18;"sexta-feira";"20:05:00";"SP";153;97;"JOSE BONIFACIO";"Ultrapassagem Indevida";"Colisão lateral";"Com Vítimas Feridas";"Plena Noite";"Crescente";"Céu Claro";"Simples";"Declive;Reta";"Não";3;0;2;0;1;0;2;2;-20,98473984;-49,61733921;"SPRF-SP";"DEL09-SP";"UOP01-DEL09-SP"
308734;2020-09-18;"sexta-feira";"20:40:00";"PR";277;650,5;"MATELANDIA";"Desobediência às normas de trânsito pelo condutor";"Colisão transversal";"Com Vítimas Feridas";"Plena Noite";"Crescente";"Céu Claro";"Simples";"Reta";"Sim";2;0;0;1;1;0;1;2;-25,19035881;-53,93738222;"SPRF-PR";"DEL05-PR";"UOP02-DEL05-PR"
308735;2020-09-18;"sexta-feira";"20:00:00";"RJ";393;285,5;"VOLTA REDONDA";"Desobediência às normas de trânsito pelo condutor";"Colisão frontal";"Com Vítimas Feridas";"Plena Noite";"Crescente";"Céu Claro";"Simples";"Reta";"Sim";2;0;1;0;0;1;1;2;-22,481726;-44,06308602;"SPRF-RJ";"DEL05-RJ";"UOP04-DEL05-RJ"
308737;2020-09-18;"sexta-feira";"20:00:00";"CE";230;42;"LAVRAS DA MANGABEIRA";"Falta de Atenção à Condução";"Colisão traseira";"Com Vítimas Fatais";"Plena Noite";"Crescente";"Céu Claro";"Simples";"Reta";"Não";2;1;0;0;1;0;0;2;-6,75543206;-38,98017495;"SPRF-CE";"DEL05-CE";"UOP01-DEL05-CE"
308739;2020-09-18;"sexta-feira";"20:25:00";"SC";470;53,7;"BLUMENAU";"Falta de Atenção à Condução";"Colisão frontal";"Sem Vítimas";"Plena Noite";"Crescente";"Céu Claro";"Simples";"Reta";"Sim";2;0;0;0;2;0;0;2;-26,88138;-49,164543;"SPRF-SC";"DEL04-SC";"UOP01-DEL04-SC"
308740;2020-09-18;"sexta-feira";"17:00:00";"BA";242;588;"IBOTIRAMA";"Defeito na Via";"Saída de leito carroçável";"Com Vítimas Feridas";"Anoitecer";"Decrescente";"Céu Claro";"Simples";"Reta";"Não";4;0;1;0;3;0;1;1;-12,17150571;-43,26504797;"SPRF-BA";"DEL06-BA";"UOP03-DEL06-BA"
308742;2020-09-18;"sexta-feira";"20:30:00";"MG";381;752;"TRES CORACOES";"Ingestão de Álcool";"Capotamento";"Com Vítimas Feridas";"Plena Noite";"Decrescente";"Céu Claro";"Simples";"Curva";"Não";1;0;1;0;0;0;1;1;-21,67246754;-45,33430028;"SPRF-MG";"DEL16-MG";"UOP02-DEL16-MG"
308743;2020-09-18;"sexta-feira";"17:40:00";"BA";324;352;"CAPIM GROSSO";"Velocidade Incompatível";"Saída de leito carroçável";"Com Vítimas Fatais";"Pleno dia";"Crescente";"Céu Claro";"Simples";"Reta";"Não";1;1;0;0;0;0;0;1;-11,3639875;-40,0328298;"SPRF-BA";"DEL04-BA";"UOP02-DEL04-BA"
308746;2020-09-13;"domingo";"08:12:00";"AM";174;962,2;"MANAUS";"Falta de Atenção à Condução";"Engavetamento";"Com Vítimas Feridas";"Pleno dia";"Crescente";"Céu Claro";"Simples";"Declive";"Não";25;0;5;0;20;0;5;5;-2,29260605;-60,04313663;"SPRF-AM";"DEL01-AM";"UOP01-DEL01-AM"
308747;2020-09-18;"sexta-feira";"21:25:00";"MG";262;355,8;"BETIM";"Animais na Pista";"Tombamento";"Com Vítimas Feridas";"Plena Noite";"Crescente";"Céu Claro";"Dupla";"Reta";"Não";2;0;1;0;1;0;1;2;-19,96466575;-44,17285107;"SPRF-MG";"DEL01-MG";"UOP03-DEL01-MG"
308749;2020-09-18;"sexta-feira";"20:00:00";"BA";116;694;"JEQUIE";"Ultrapassagem Indevida";"Capotamento";"Com Vítimas Feridas";"Plena Noite";"Decrescente";"Céu Claro";"Simples";"Reta";"Não";1;0;1;0;0;0;1;1;-13,97563797;-40,17289204;"SPRF-BA";"DEL03-BA";"UOP01-DEL03-BA"
308750;2020-09-18;"sexta-feira";"20:50:00";"RS";386;37,2;"FREDERICO WESTPHALEN";"Falta de Atenção à Condução";"Colisão transversal";"Com Vítimas Feridas";"Plena Noite";"Crescente";"Céu Claro";"Simples";"Reta";"Sim";3;0;1;2;0;0;3;2;-27,382351;-53,399605;"SPRF-RS";"DEL08-RS";"UOP02-DEL08-RS"
308752;2020-09-18;"sexta-feira";"20:45:00";"ES";262;151,4;"IBATIBA";"Ingestão de Álcool";"Queda de ocupante de veículo";"Com Vítimas Feridas";"Plena Noite";"Crescente";"Céu Claro";"Simples";"Declive;Curva";"Não";1;0;0;1;0;0;1;1;-20,2148829;-41,44925529;"SPRF-ES";"DEL01-ES";"UOP02-DEL01-ES"
308753;2020-09-18;"sexta-feira";"22:15:00";"PR";116;97;"SAO JOSE DOS PINHAIS";"Ingestão de Álcool";"Tombamento";"Com Vítimas Feridas";"Plena Noite";"Crescente";"Nublado";"Dupla";"Reta";"Sim";1;0;1;0;0;0;1;1;-25,51232495;-49,12871007;"SPRF-PR";"DEL01-PR";"UOP01-DEL01-PR"
308757;2020-09-18;"sexta-feira";"22:15:00";"RJ";40;111;"DUQUE DE CAXIAS";"Desobediência às normas de trânsito pelo condutor";"Colisão com objeto estático";"Com Vítimas Feridas";"Plena Noite";"Decrescente";"Céu Claro";"Múltipla";"Reta";"Não";2;0;1;0;1;0;1;1;-22,691868;-43,287453;"SPRF-RJ";"DEL01-RJ";"UOP01-DEL01-RJ"
308760;2020-09-18;"sexta-feira";"23:01:00";"BA";242;784;"BARREIRAS";"Ultrapassagem Indevida";"Colisão frontal";"Com Vítimas Feridas";"Plena Noite";"Crescente";"Céu Claro";"Simples";"Curva";"Não";4;0;2;2;0;0;4;2;-12,136704;-44,930746;"SPRF-BA";"DEL10-BA";"UOP01-DEL10-BA"
308761;2020-09-18;"sexta-feira";"20:20:00";"MG";356;266,7;"MURIAE";"Falta de Atenção à Condução";"Colisão frontal";"Com Vítimas Feridas";"Plena Noite";"Crescente";"Nublado";"Simples";"Curva";"Sim";2;0;0;1;1;0;1;2;-21,12823134;-42,35802453;"SPRF-MG";"DEL07-MG";"UOP02-DEL07-MG"
308762;2020-09-18;"sexta-feira";"22:10:00";"CE";116;28;"ITAITINGA";"Falta de Atenção à Condução";"Colisão com objeto estático";"Com Vítimas Fatais";"Plena Noite";"Decrescente";"Céu Claro";"Dupla";"Reta";"Sim";2;1;0;0;0;1;0;2;-3,993072;-38,516277;"SPRF-CE";"DEL01-CE";"UOP02-DEL01-CE"
308767;2020-09-18;"sexta-feira";"23:30:00";"SC";101;114,9;"ITAJAI";"Ingestão de Álcool";"Saída de leito carroçável";"Com Vítimas Feridas";"Plena Noite";"Decrescente";"Nublado";"Dupla";"Curva";"Não";1;0;1;0;0;0;1;1;-26,86192886;-48,7286704;"SPRF-SC";"DEL04-SC";"UOP04-DEL04-SC"
308768;2020-09-18;"sexta-feira";"22:40:00";"MG";381;370;"SAO GONCALO DO RIO ABAIXO";"Falta de Atenção à Condução";"Queda de ocupante de veículo";"Com Vítimas Feridas";"Plena Noite";"Decrescente";"Céu Claro";"Simples";"Curva";"Não";1;0;0;1;0;0;1;1;-19,85037766;-43,30242668;"SPRF-MG";"DEL01-MG";"UOP01-DEL01-MG"
308769;2020-09-19;"sábado";"00:10:00";"PR";277;76;"SAO JOSE DOS PINHAIS";"Restrição de Visibilidade";"Tombamento";"Com Vítimas Feridas";"Plena Noite";"Decrescente";"Céu Claro";"Dupla";"Reta";"Sim";2;0;1;0;1;0;1;2;-25,486155;-49,185112;"SPRF-PR";"DEL01-PR";"UOP01-DEL01-PR"
308770;2020-09-18;"sexta-feira";"22:10:00";"MG";356;266;"MURIAE";"Falta de Atenção à Condução";"Colisão transversal";"Com Vítimas Feridas";"Plena Noite";"Decrescente";"Céu Claro";"Simples";"Reta";"Sim";3;0;0;2;0;1;2;2;-21,12823134;-42,35802453;"SPRF-MG";"DEL07-MG";"UOP02-DEL07-MG"
308771;2020-09-18;"sexta-feira";"20:50:00";"RS";287;330;"SAO VICENTE DO SUL";"Desobediência às normas de trânsito pelo condutor";"Colisão frontal";"Com Vítimas Feridas";"Plena Noite";"Crescente";"Céu Claro";"Simples";"Interseção de Vias";"Não";3;0;3;0;0;0;3;2;-29,68467867;-54,665308;"SPRF-RS";"DEL12-RS";"UOP02-DEL12-RS"
308772;2020-09-19;"sábado";"00:03:00";"DF";20;10;"BRASILIA";"Falta de Atenção à Condução";"Saída de leito carroçável";"Com Vítimas Feridas";"Plena Noite";"Decrescente";"Céu Claro";"Dupla";"Reta";"Sim";1;0;1;0;0;0;1;1;-15,650243;-47,773872;"SPRF-DF";"DEL02-DF";"UOP01-DEL02-DF"
308773;2020-09-18;"sexta-feira";"22:55:00";"DF";70;1,6;"BRASILIA";"Falta de Atenção à Condução";"Colisão transversal";"Com Vítimas Feridas";"Plena Noite";"Decrescente";"Céu Claro";"Dupla";"Reta;Interseção de Vias";"Sim";2;0;1;1;0;0;2;2;-15,79714703;-48,0696702;"SPRF-DF";"DEL03-DF";"UOP02-DEL03-DF"