"id";"data_inversa";"dia_semana";"horario";"uf";"br";"km";"municipio";"causa_acidente";"tipo_acidente";"classificacao_acidente";"fase_dia";"sentido_via";"condicao_metereologica";"tipo_pista";"tracado_via";"uso_solo";"pessoas";"mortos";"feridos_leves";"feridos_graves";"ilesos";"ignorados";"feridos";"veiculos";"latitude";"longitude";"regional";"delegacia";"uop"
308775;2020-09-18;"sexta-feira";"23:50:00";"PB";230;132,3;"CAMPINA GRANDE";"Defeito Mecânico no Veículo";"Saída de leito carroçável";"Sem Vítimas";"Plena Noite";"Crescente";"Céu Claro";"Dupla";"Reta";"Não";2;0;0;0;2;0;0;1;-7,2774;-35,7367;"SPRF-PB";"DEL02-PB";"UOP01-DEL02-PB"
308777;2020-09-19;"sábado";"01:20:00";"SP";116;456;"REGISTRO";"Falta de Atenção à Condução";"Colisão traseira";"Com Vítimas Feridas";"Plena Noite";"Decrescente";"Nevoeiro/Neblina";"Dupla";"Reta";"Não";3;0;3;0;0;0;3;1;-24,580349;-47,88461;"SPRF-SP";"DEL05-SP";"UOP01-DEL05-SP"
308779;2020-09-18;"sexta-feira";"17:30:00";"GO";364;384;"SANTA RITA DO ARAGUAIA";"Velocidade Incompatível";"Capotamento";"Com Vítimas Feridas";"Pleno dia";"Crescente";"Céu Claro";"Simples";"Reta;Declive";"Não";2;0;2;0;0;0;2;1;-17,336027;-53,186886;"SPRF-GO";"DEL05-GO";"UOP01-DEL05-GO"
308781;2020-09-18;"sexta-feira";"01:30:00";"PR";280;271;"MARMELEIRO";"Ingestão de Álcool";"Saída de leito carroçável";"Com Vítimas Feridas";"Plena Noite";"Decrescente";"Céu Claro";"Simples";"Curva;Aclive";"Não";1;0;1;0;0;0;1;1;-26,22290614;-53,14876102;"SPRF-PR";"DEL02-PR";"UOP01-DEL02-PR"
308782;2020-09-19;"sábado";"00:50:00";"SC";282;507,2;"XANXERE";"Ingestão de Álcool";"Tombamento";"Sem Vítimas";"Plena Noite";"Crescente";"Céu Claro";"Simples";"Interseção de Vias";"Não";1;0;0;0;1;0;0;1;-26,886171;-52,43911;"SPRF-SC";"DEL07-SC";"UOP01-DEL07-SC"
308784;2020-09-19;"sábado";"01:22:00";"DF";70;3;"BRASILIA";"Velocidade Incompatível";"Colisão com objeto estático";"Sem Vítimas";"Plena Noite";"Crescente";"Céu Claro";"Dupla";"Curva";"Sim";1;0;0;0;1;0;0;1;-15,802453;-48,080387;"SPRF-DF";"DEL03-DF";"UOP02-DEL03-DF"
308786;2020-09-19;"sábado";"01:10:00";"PR";476;127;"CURITIBA";"Ingestão de Álcool";"Danos eventuais";"Sem Vítimas";"Plena Noite";"Decrescente";"Nublado";"Simples";"Declive";"Sim";1;0;0;0;1;0;0;1;-25,425167;-49,227158;"SPRF-PR";"DEL01-PR";"UOP03-DEL01-PR"
308787;2020-09-18;"sexta-feira";"19:30:00";"SC";101;98,5;"BALNEARIO PICARRAS";"Ingestão de Álcool";"Colisão traseira";"Com Vítimas Feridas";"Plena Noite";"Decrescente";"Nublado";"Múltipla";"Reta";"Não";4;0;2;0;2;0;2;2;-26,73760897;-48,69918789;"SPRF-SC";"DEL03-SC";"UOP02-DEL03-SC"
308789;2020-09-19;"sábado";"01:40:00";"PE";408;100,5;"SAO LOURENCO DA MATA";"Velocidade Incompatível";"Saída de leito carroçável";"Sem Vítimas";"Plena Noite";"Decrescente";"Céu Claro";"Múltipla";"Reta";"Não";1;0;0;0;0;1;0;1;-8,04557;-35,010108;"SPRF-PE";"DEL01-PE";"UOP01-DEL01-PE"
308790;2020-09-19;"sábado";"01:50:00";"SC";282;3,2;"FLORIANOPOLIS";"Ingestão de Álcool";"Colisão com objeto estático";"Sem Vítimas";"Pleno dia";"Crescente";"Céu Claro";"Múltipla";"Curva";"Não";1;0;0;0;1;0;0;1;-27,600384;-48,599705;"SPRF-SC";"DEL01-SC";"UOP01-DEL01-SC"
308791;2020-09-18;"sexta-feira";"23:00:00";"RS";290;41;"SANTO ANTONIO DA PATRULHA";"Ingestão de Álcool";"Colisão traseira";"Com Vítimas Feridas";"Plena Noite";"Decrescente";"Céu Claro";"Múltipla";"Reta";"Não";2;0;1;0;1;0;1;2;-29,887197;-50,668839;"SPRF-RS";"DEL03-RS";"UOP01-DEL03-RS"
308794;2020-09-19;"sábado";"02:15:00";"PR";376;164;"MARINGA";"Ingestão de álcool e/ou substâncias psicoativas pelo pedestre";"Capotamento";"Com Vítimas Feridas";"Plena Noite";"Decrescente";"Céu Claro";"Dupla";"Curva";"Não";1;0;1;0;0;0;1;1;-23,38591406;-52,02449602;"SPRF-PR";"DEL09-PR";"UOP01-DEL09-PR"
308796;2020-09-19;"sábado";"03:20:00";"RS";285;124,5;"VACARIA";"Falta de Atenção à Condução";"Colisão com objeto estático";"Sem Vítimas";"Plena Noite";"Crescente";"Céu Claro";"Simples";"Reta";"Sim";1;0;0;0;0;1;0;1;-28,491489;-50,955837;"SPRF-RS";"DEL05-RS";"UOP03-DEL05-RS"
308797;2020-09-19;"sábado";"03:00:00";"MS";158;92;"PARANAIBA";"Falta de Atenção à Condução";"Colisão com objeto estático";"Com Vítimas Feridas";"Plena Noite";"Decrescente";"Céu Claro";"Dupla";"Reta";"Sim";3;0;2;0;1;0;2;1;-19,66558599;-51,20420823;"SPRF-MS";"DEL08-MS";"UOP01-DEL08-MS"
308798;2020-09-19;"sábado";"02:40:00";"SC";101;246,6;"PAULO LOPES";"Falta de Atenção à Condução";"Colisão traseira";"Com Vítimas Feridas";"Plena Noite";"Crescente";"Nublado";"Dupla";"Reta";"Não";3;0;0;2;1;0;2;2;-27,915884;-48,652706;"SPRF-SC";"DEL02-SC";"UOP03-DEL02-SC"
308799;2020-09-19;"sábado";"04:00:00";"PE";232;57,3;"POMBOS";"Falta de Atenção à Condução";"Saída de leito carroçável";"Com Vítimas Feridas";"Plena Noite";"Decrescente";"Céu Claro";"Dupla";"Reta";"Não";2;0;1;0;1;0;1;2;-8,1412132;-35,38181492;"SPRF-PE";"DEL02-PE";"UOP02-DEL02PE"
308801;2020-09-19;"sábado";"04:00:00";"PR";277;28,9;"MORRETES";"Velocidade Incompatível";"Saída de leito carroçável";"Sem Vítimas";"Plena Noite";"Crescente";"Céu Claro";"Dupla";"Curva";"Não";1;0;0;0;1;0;0;1;-25,52874613;-48,73512603;"SPRF-PR";"DEL01-PR";"UOP05-DEL01-PR"
308802;2020-09-19;"sábado";"03:00:00";"MG";153;239;"FRONTEIRA";"Falta de Atenção à Condução";"Saída de leito carroçável";"Sem Vítimas";"Plena Noite";"Crescente";"Céu Claro";"Simples";"Reta";"Não";1;0;0;0;0;1;0;1;-20,29847332;-49,20614844;"SPRF-MG";"DEL13-MG";"UOP02-DEL13-MG"
308803;2020-09-19;"sábado";"01:30:00";"PI";316;6,5;"TERESINA";"Falta de Atenção à Condução";"Colisão com objeto estático";"Sem Vítimas";"Plena Noite";"Decrescente";"Céu Claro";"Múltipla";"Reta";"Sim";1;0;0;0;1;0;0;1;-5,14702095;-42,77438982;"SPRF-PI";"DEL01-PI";"UOP02-DEL01-PI"
308804;2020-09-19;"sábado";"04:40:00";"PI";343;294;"ALTOS";"Desobediência às normas de trânsito pelo condutor";"Colisão frontal";"Com Vítimas Fatais";"Amanhecer";"Crescente";"Céu Claro";"Simples";"Curva";"Não";2;1;0;0;1;0;0;2;-4,969937;-42,373695;"SPRF-PI";"DEL01-PI";"UOP03-DEL01-PI"
308805;2020-09-19;"sábado";"02:00:00";"PR";373;234,5;"IMBITUVA";"Falta de Atenção à Condução";"Danos eventuais";"Sem Vítimas";"Plena Noite";"Decrescente";"Céu Claro";"Simples";"Curva";"Não";1;0;0;0;1;0;0;1;-25,18453854;-50,70672388;"SPRF-PR";"DEL03-PR";"UOP04-DEL03-PR"
308806;2020-09-19;"sábado";"05:30:00";"MT";364;277,6;"JACIARA";"Falta de Atenção à Condução";"Tombamento";"Com Vítimas Feridas";"Pleno dia";"Crescente";"Céu Claro";"Simples";"Reta";"Não";2;0;2;0;0;0;2;1;-15,95076591;-54,99952397;"SPRF-MT";"DEL02-MT";"UOP01-DEL02-MT"
308807;2020-08-31;"segunda-feira";"05:40:00";"RS";386;441;"CANOAS";"Animais na Pista";"Atropelamento de Animal";"Com Vítimas Feridas";"Amanhecer";"Crescente";"Chuva";"Dupla";"Reta";"Não";3;0;1;0;2;0;1;3;-29,882591;-51,233097;"SPRF-RS";"DEL01-RS";"UOP01-DEL01-RS"
308808;2020-09-19;"sábado";"06:00:00";"MA";222;671;"ACAILANDIA";"Ingestão de Álcool";"Colisão frontal";"Com Vítimas Feridas";"Amanhecer";"Decrescente";"Céu Claro";"Simples";"Reta";"Sim";2;0;2;0;0;0;2;2;-4,92058223;-47,43051387;"SPRF-MA";"DEL04-MA";"UOP03-DEL04-MA"
308809;2020-09-19;"sábado";"07:00:00";"PE";101;69;"RECIFE";"Falta de Atenção à Condução";"Colisão transversal";"Com Vítimas Feridas";"Pleno dia";"Crescente";"Céu Claro";"Múltipla";"Reta";"Sim";2;0;2;0;0;0;2;2;-8,05951606;-34,94581024;"SPRF-PE";"DEL01-PE";"UOP01-DEL01-PE"
308810;2020-08-30;"domingo";"21:10:00";"SE";101;104;"SAO CRISTOVAO";"Desobediência às normas de trânsito pelo condutor";"Colisão frontal";"Sem Vítimas";"Plena Noite";"Decrescente";"Garoa/Chuvisco";"Dupla";"Reta";"Sim";2;0;0;0;2;0;0;2;-10,95669127;-37,22726486;"SPRF-SE";"DEL02-SE";"UOP01-DEL02-SE"
308812;2020-09-18;"sexta-feira";"22:20:00";"SC";280;294,6;"PORTO UNIAO";"Desobediência às normas de trânsito pelo condutor";"Colisão frontal";"Sem Vítimas";"Plena Noite";"Decrescente";"Nublado";"Simples";"Reta";"Não";5;0;0;0;5;0;0;2;-26,29276302;-50,96449301;"SPRF-SC";"DEL06-SC";"UOP04-DEL06-SC"
308813;2020-09-19;"sábado";"06:00:00";"MT";70;509,3;"CUIABA";"Falta de Atenção à Condução";"Queda de ocupante de veículo";"Com Vítimas Fatais";"Amanhecer";"Decrescente";"Céu Claro";"Simples";"Curva";"Não";1;1;0;0;0;0;0;1;-15,6937592;-56,10250854;"SPRF-MT";"DEL01-MT";"UOP02-DEL01-MT"
308816;2020-09-19;"sábado";"00:30:00";"SC";280;6;"SAO FRANCISCO DO SUL";"Ingestão de Álcool";"Saída de leito carroçável";"Com Vítimas Feridas";"Pleno dia";"Crescente";"Céu Claro";"Simples";"Reta";"Sim";2;0;2;0;0;0;2;1;-26,26569095;-48,63361804;"SPRF-SC";"DEL03-SC";"UOP03-DEL03-SC"
308817;2020-09-19;"sábado";"07:00:00";"PR";116;124,7;"FAZENDA RIO GRANDE";"Agressão Externa";"Colisão com objeto estático";"Com Vítimas Feridas";"Amanhecer";"Crescente";"Nevoeiro/Neblina";"Dupla";"Reta";"Não";2;0;1;0;0;1;1;2;-25,58620703;-49,31436887;"SPRF-PR";"DEL01-PR";"UOP03-DEL01-PR"
308818;2020-04-25;"sábado";"11:28:00";"PI";316;313,7;"PICOS";"Pista Escorregadia";"Tombamento";"Com Vítimas Feridas";"Pleno dia";"Crescente";"Chuva";"Simples";"Reta";"Sim";2;0;1;1;0;0;2;1;-7,07959049;-41,44975182;"SPRF-PI";"DEL04-PI";"UOP01-DEL04-PI"
308820;2020-09-19;"sábado";"07:20:00";"MG";116;469,3;"TARUMIRIM";"Falta de Atenção à Condução";"Colisão transversal";"Com Vítimas Feridas";"Pleno dia";"Decrescente";"Céu Claro";"Simples";"Reta";"Não";2;0;1;0;1;0;1;2;-19,30523773;-42,0803538;"SPRF-MG";"DEL06-MG";"UOP02-DEL06-MG"
308821;2020-09-19;"sábado";"07:00:00";"SP";116;275;"TABOAO DA SERRA";"Falta de Atenção do Pedestre";"Atropelamento de Pedestre";"Com Vítimas Feridas";"Pleno dia";"Crescente";"Céu Claro";"Dupla";"Reta";"Sim";2;0;0;1;1;0;1;2;-23,63638826;-46,83251584;"SPRF-SP";"DEL04-SP";"UOP01-DEL04-SP"
308823;2020-09-19;"sábado";"07:50:00";"SP";116;53;"LORENA";"Falta de Atenção à Condução";"Saída de leito carroçável";"Sem Vítimas";"Pleno dia";"Decrescente";"Nublado";"Dupla";"Retorno Regulamentado";"Sim";1;0;0;0;1;0;0;1;-22,75085501;-45,10437012;"SPRF-SP";"DEL08-SP";"UOP01-DEL08-SP"
308825;2020-09-19;"sábado";"07:40:00";"RJ";101;282;"ITABORAI";"Falta de Atenção à Condução";"Colisão traseira";"Com Vítimas Feridas";"Pleno dia";"Decrescente";"Céu Claro";"Dupla";"Curva";"Sim";3;0;2;0;1;0;2;2;-22,7371391;-42,79664601;"SPRF-RJ";"DEL02-RJ";"UOP03-DEL02-RJ"
308826;2020-09-19;"sábado";"08:15:00";"SC";101;136;"BALNEARIO CAMBORIU";"Falta de Atenção à Condução";"Tombamento";"Com Vítimas Feridas";"Pleno dia";"Decrescente";"Céu Claro";"Dupla";"Reta";"Sim";1;0;0;1;0;0;1;1;-27,008113;-48,617245;"SPRF-SC";"DEL04-SC";"UOP03-DEL04-SC"
308827;2020-09-19;"sábado";"04:10:00";"PI";316;74,2;"MONSENHOR GIL";"Condutor Dormindo";"Saída de leito carroçável";"Com Vítimas Fatais";"Plena Noite";"Decrescente";"Céu Claro";"Simples";"Declive";"Não";6;3;1;2;0;0;3;1;-5,69173602;-42,60047789;"SPRF-PI";"DEL01-PI";"UOP02-DEL01-PI"
308829;2020-09-19;"sábado";"08:50:00";"RJ";101;138;"CONCEICAO DE MACABU";"Defeito Mecânico no Veículo";"Tombamento";"Com Vítimas Feridas";"Pleno dia";"Decrescente";"Céu Claro";"Dupla";"Reta";"Não";2;0;2;0;0;0;2;1;-22,16283807;-41,74187091;"SPRF-RJ";"DEL08-RJ";"UOP04-DEL08-RJ"
308830;2020-09-19;"sábado";"04:00:00";"MG";381;683,8;"RIBEIRAO VERMELHO";"Condutor Dormindo";"Saída de leito carroçável";"Sem Vítimas";"Plena Noite";"Crescente";"Céu Claro";"Dupla";"Reta";"Não";1;0;0;0;0;1;0;1;-21,17656293;-45,12506072;"SPRF-MG";"DEL04-MG";"UOP02-DEL04-MG"
308831;2020-09-19;"sábado";"08:57:00";"RS";287;249;"SANTA MARIA";"Falta de Atenção à Condução";"Colisão traseira";"Com Vítimas Feridas";"Pleno dia";"Crescente";"Céu Claro";"Simples";"Reta";"Sim";3;0;1;0;2;0;1;2;-29,69400654;-53,86100019;"SPRF-RS";"DEL09-RS";"UOP01-DEL09-RS"
308832;2020-09-19;"sábado";"06:40:00";"MT";364;549,7;"ROSARIO OESTE";"Desobediência às normas de trânsito pelo condutor";"Saída de leito carroçável";"Sem Vítimas";"Pleno dia";"Crescente";"Céu Claro";"Dupla";"Reta";"Não";1;0;0;0;1;0;0;1;-14,85417303;-56,45151195;"SPRF-MT";"DEL01-MT";"UOP01-DEL01-MT"
308833;2020-09-19;"sábado";"09:10:00";"ES";101;270;"SERRA";"Desobediência às normas de trânsito pelo condutor";"Colisão transversal";"Com Vítimas Feridas";"Pleno dia";"Decrescente";"Céu Claro";"Múltipla";"Curva";"Sim";2;0;2;0;0;0;2;2;-20,22662056;-40,27075088;"SPRF-ES";"DEL02-ES";"UOP01-DEL02-ES"
308836;2020-09-19;"sábado";"08:20:00";"CE";222;46,8;"SAO GONCALO DO AMARANTE";"Animais na Pista";"Atropelamento de Animal";"Com Vítimas Feridas";"Pleno dia";"Crescente";"Nublado";"Simples";"Reta";"Não";1;0;1;0;0;0;1;1;-3,67239622;-38,95808503;"SPRF-CE";"DEL01-CE";"UOP03-DEL01-CE"
308837;2020-09-19;"sábado";"09:00:00";"PI";316;314,8;"PICOS";"Desobediência às normas de trânsito pelo condutor";"Colisão transversal";"Com Vítimas Feridas";"Pleno dia";"Decrescente";"Céu Claro";"Simples";"Reta";"Sim";2;0;1;0;1;0;1;2;-7,0776992;-41,44117384;"SPRF-PI";"DEL04-PI";"UOP01-DEL04-PI"
308838;2020-09-19;"sábado";"09:10:00";"RJ";393;285,3;"VOLTA REDONDA";"Condutor Dormindo";"Engavetamento";"Com Vítimas Feridas";"Pleno dia";"Crescente";"Céu Claro";"Simples";"Reta";"Não";4;0;1;0;3;0;1;4;-22,481726;-44,06308602;"SPRF-RJ";"DEL05-RJ";"UOP04-DEL05-RJ"
308839;2020-09-19;"sábado";"07:55:00";"RO";364;343,7;"JI-PARANA";"Falta de Atenção à Condução";"Colisão lateral";"Com Vítimas Feridas";"Pleno dia";"Crescente";"Céu Claro";"Simples";"Interseção de Vias";"Sim";2;0;0;1;0;1;1;2;-10,87878519;-61,94499012;"SPRF-RO";"DEL02-RO";"UOP01-DEL02-RO"
308840;2020-09-19;"sábado";"09:00:00";"MG";381;341;"BELA VISTA DE MINAS";"Mal Súbito";"Saída de leito carroçável";"Com Vítimas Feridas";"Pleno dia";"Decrescente";"Céu Claro";"Simples";"Reta";"Não";1;0;1;0;0;0;1;1;-19,84403064;-43,10352396;"SPRF-MG";"DEL03-MG";"UOP01-DEL03-MG"
308843;2020-09-19;"sábado";"10:44:00";"DF";20;17;"BRASILIA";"Falta de Atenção à Condução";"Saída de leito carroçável";"Com Vítimas Feridas";"Pleno dia";"Crescente";"Céu Claro";"Dupla";"Declive";"Não";2;0;2;0;0;0;2;1;-15,621374;-47,71698;"SPRF-DF";"DEL02-DF";"UOP01-DEL02-DF"
308846;2020-09-19;"sábado";"09:50:00";"RS";386;252,1;"SOLEDADE";"Mal Súbito";"Saída de leito carroçável";"Com Vítimas Feridas";"Pleno dia";"Crescente";"Céu Claro";"Simples";"Reta";"Não";5;0;3;0;2;0;3;1;-28,83514;-52,453606;"SPRF-RS";"DEL04-RS";"UOP03-DEL04-RS"
308847;2020-09-19;"sábado";"10:10:00";"SC";116;0,8;"MAFRA";"Desobediência às normas de trânsito pelo condutor";"Colisão traseira";"Com Vítimas Feridas";"Pleno dia";"Crescente";"Sol";"Simples";"Reta";"Sim";3;0;2;0;1;0;2;2;-26,11571619;-49,78643417;"SPRF-SC";"DEL06-SC";"UOP01-DEL06-SC"
308848;2020-09-19;"sábado";"08:30:00";"SP";116;332;"JUQUITIBA";"Mal Súbito";"Saída de leito carroçável";"Com Vítimas Feridas";"Pleno dia";"Decrescente";"Céu Claro";"Dupla";"Reta";"Não";1;0;1;0;0;0;1;1;-23,95597045;-47,1100868;"SPRF-SP";"DEL04-SP";"UOP01-DEL04-SP"
308850;2020-09-19;"sábado";"10:40:00";"SC";101;81;"BARRA VELHA";"Falta de Atenção à Condução";"Colisão traseira";"Com Vítimas Feridas";"Pleno dia";"Decrescente";"Céu Claro";"Dupla";"Curva";"Sim";4;0;3;0;1;0;3;3;-26,60256101;-48,72553524;"SPRF-SC";"DEL03-SC";"UOP02-DEL03-SC"
308851;2020-09-19;"sábado";"09:00:00";"MT";158;568,5;"AGUA BOA";"Desobediência às normas de trânsito pelo condutor";"Colisão transversal";"Com Vítimas Feridas";"Pleno dia";"Decrescente";"Sol";"Dupla";"Reta";"Sim";3;0;1;0;2;0;1;2;-14,05532387;-52,15470871;"SPRF-MT";"DEL07-MT";"UOP02-DEL07-MT"
308852;2020-09-19;"sábado";"12:00:00";"GO";20;167;"ALVORADA DO NORTE";"Defeito Mecânico no Veículo";"Saída de leito carroçável";"Sem Vítimas";"Pleno dia";"Decrescente";"Céu Claro";"Simples";"Reta";"Não";4;0;0;0;4;0;0;1;-14,567964;-46,57032;"SPRF-DF";"DEL02-DF";"UOP03-DEL02-DF"
308854;2020-09-19;"sábado";"12:00:00";"ES";101;34;"CONCEICAO DA BARRA";"Velocidade Incompatível";"Saída de leito carroçável";"Com Vítimas Fatais";"Pleno dia";"Crescente";"Sol";"Simples";"Reta";"Não";1;1;0;0;0;0;0;1;-18,444455;-39,93215002;"SPRF-ES";"DEL04-ES";"UOP02-DEL04-ES"
308855;2020-09-19;"sábado";"10:00:00";"SC";101;418,5;"ARARANGUA";"Desobediência às normas de trânsito pelo condutor";"Colisão frontal";"Com Vítimas Feridas";"Pleno dia";"Crescente";"Céu Claro";"Múltipla";"Reta";"Sim";2;0;1;0;1;0;1;2;-28,98912033;-49,54583298;"SPRF-SC";"DEL02-SC";"UOP02-DEL02-SC"
308856;2020-09-19;"sábado";"11:45:00";"SC";280;31;"ARAQUARI";"Ultrapassagem Indevida";"Colisão transversal";"Com Vítimas Feridas";"Pleno dia";"Crescente";"Sol";"Simples";"Reta";"Sim";2;0;1;0;1;0;1;2;-26,416505;-48,771203;"SPRF-SC";"DEL03-SC";"UOP03-DEL03-SC"
308861;2020-09-19;"sábado";"10:15:00";"MG";262;742;"PERDIZES";"Animais na Pista";"Atropelamento de Animal";"Com Vítimas Feridas";"Pleno dia";"Crescente";"Céu Claro";"Simples";"Reta";"Não";3;0;1;0;2;0;1;1;-19,61067094;-47,44073199;"SPRF-MG";"DEL08-MG";"UOP01-DEL08-MG"
308862;2020-09-19;"sábado";"13:10:00";"PR";476;133;"CURITIBA";"Falta de Atenção à Condução";"Colisão lateral";"Com Vítimas Feridas";"Pleno dia";"Decrescente";"Céu Claro";"Múltipla";"Reta";"Sim";2;0;1;0;1;0;1;2;-25,469219;-49,254143;"SPRF-PR";"DEL01-PR";"UOP03-DEL01-PR"
308863;2020-09-19;"sábado";"12:25:00";"RN";101;94;"NATAL";"Falta de Atenção à Condução";"Colisão lateral";"Com Vítimas Feridas";"Pleno dia";"Crescente";"Céu Claro";"Simples";"Reta";"Sim";2;0;1;0;1;0;1;2;-5,83176615;-35,21191342;"SPRF-RN";"DEL01-RN";"UOP01-DEL01-RN"
308864;2020-09-19;"sábado";"13:00:00";"SC";101;203;"SAO JOSE";"Falta de Atenção à Condução";"Colisão traseira";"Com Vítimas Feridas";"Pleno dia";"Decrescente";"Céu Claro";"Múltipla";"Reta";"Sim";4;0;1;0;3;0;1;3;-27,5650044;-48,61460082;"SPRF-SC";"DEL01-SC";"UOP01-DEL01-SC"
308865;2020-09-19;"sábado";"12:25:00";"RS";153;45,3;"ERECHIM";"Velocidade Incompatível";"Saída de leito carroçável";"Com Vítimas Feridas";"Pleno dia";"Decrescente";"Sol";"Simples";"Reta";"Não";1;0;1;0;0;0;1;1;-27,63214303;-52,23626162;"SPRF-RS";"DEL08-RS";"UOP04-DEL08-RS"
308868;2020-09-19;"sábado";"13:42:00";"GO";40;7,7;"LUZIANIA";"Falta de Atenção à Condução";"Colisão lateral";"Com Vítimas Feridas";"Pleno dia";"Crescente";"Sol";"Dupla";"Reta";"Sim";3;0;2;0;1;0;2;2;-16,108482;-47,972524;"SPRF-DF";"DEL01-DF";"UOP01-DEL01-DF"
308871;2020-09-19;"sábado";"11:00:00";"PR";153;352,1;"REBOUCAS";"Velocidade Incompatível";"Saída de leito carroçável";"Com Vítimas Feridas";"Pleno dia";"Decrescente";"Céu Claro";"Simples";"Curva";"Não";1;0;0;1;0;0;1;1;-25,6240101;-50,70976188;"SPRF-PR";"DEL03-PR";"UOP03-DEL03-PR"
308874;2020-08-26;"quarta-feira";"12:49:00";"SC";101;131;"BALNEARIO CAMBORIU";"Falta de Atenção à Condução";"Colisão traseira";"Com Vítimas Feridas";"Pleno dia";"Crescente";"Céu Claro";"Múltipla";"Reta";"Sim";2;0;0;1;0;1;1;2;-26,99491643;-48,65875304;"SPRF-SC";"DEL04-SC";"UOP03-DEL04-SC"
308875;2020-09-19;"sábado";"12:05:00";"RO";364;14;"VILHENA";"Ingestão de Álcool";"Tombamento";"Com Vítimas Feridas";"Pleno dia";"Decrescente";"Céu Claro";"Dupla";"Rotatória";"Sim";1;0;1;0;0;0;1;1;-12,73898138;-60,13911417;"SPRF-RO";"DEL04-RO";"UOP01-DEL04-RO"
308877;2020-09-19;"sábado";"13:40:00";"SC";163;73,7;"SAO MIGUEL DO OESTE";"Falta de Atenção à Condução";"Saída de leito carroçável";"Com Vítimas Feridas";"Pleno dia";"Decrescente";"Sol";"Simples";"Curva";"Sim";1;0;1;0;0;0;1;1;-26,71084646;-53,51502434;"SPRF-SC";"DEL07-SC";"UOP03-DEL07-SC"
308879;2020-09-19;"sábado";"15:20:00";"MG";267;74,8;"BICAS";"Falta de Atenção à Condução";"Colisão transversal";"Com Vítimas Fatais";"Pleno dia";"Crescente";"Céu Claro";"Simples";"Curva";"Não";6;3;1;2;0;0;3;2;-21,75716623;-43,16530485;"SPRF-MG";"DEL05-MG";"UOP01-DEL05-MG"
308880;2020-09-19;"sábado";"14:10:00";"BA";324;526;"FEIRA DE SANTANA";"Não guardar distância de segurança";"Queda de ocupante de veículo";"Com Vítimas Feridas";"Pleno dia";"Crescente";"Céu Claro";"Dupla";"Reta";"Sim";2;0;2;0;0;0;2;1;-12,30639712;-38,89051509;"SPRF-BA";"DEL01-BA";"UOP03-DEL01-BA"
308881;2020-09-19;"sábado";"14:55:00";"SC";470;64,8;"INDAIAL";"Não guardar distância de segurança";"Colisão lateral";"Com Vítimas Feridas";"Pleno dia";"Crescente";"Céu Claro";"Simples";"Reta";"Sim";2;0;1;0;1;0;1;2;-26,869867;-49,201859;"SPRF-SC";"DEL04-SC";"UOP01-DEL04-SC"
308882;2020-09-19;"sábado";"14:50:00";"ES";101;267,1;"SERRA";"Falta de Atenção do Pedestre";"Atropelamento de Pedestre";"Com Vítimas Feridas";"Pleno dia";"Decrescente";"Sol";"Múltipla";"Reta";"Sim";3;0;1;1;1;0;2;2;-20,19930999;-40,26884609;"SPRF-ES";"DEL02-ES";"UOP01-DEL02-ES"
308883;2020-09-19;"sábado";"15:10:00";"PR";376;215,5;"JANDAIA DO SUL";"Desobediência às normas de trânsito pelo condutor";"Colisão transversal";"Com Vítimas Feridas";"Pleno dia";"Crescente";"Céu Claro";"Dupla";"Aclive;Reta";"Não";2;0;0;1;1;0;1;2;-23,58423095;-51,64870972;"SPRF-PR";"DEL09-PR";"UOP01-DEL09-PR"
308884;2020-09-19;"sábado";"14:50:00";"SC";101;224,9;"PALHOCA";"Falta de Atenção à Condução";"Tombamento";"Com Vítimas Feridas";"Pleno dia";"Decrescente";"Sol";"Dupla";"Reta";"Não";1;0;1;0;0;0;1;1;-27,72384789;-48,64386769;"SPRF-SC";"DEL01-SC";"UOP02-DEL01-SC"
308891;2020-09-19;"sábado";"14:30:00";"PR";376;594;"CURITIBA";"Não guardar distância de segurança";"Colisão lateral";"Com Vítimas Feridas";"Pleno dia";"Decrescente";"Céu Claro";"Dupla";"Reta";"Sim";4;0;2;0;2;0;2;2;-25,4989738;-49,3421942;"SPRF-PR";"DEL01-PR";"UOP01-DEL01-PR"
308892;2020-09-19;"sábado";"12:00:00";"BA";116;351;"SERRINHA";"Falta de Atenção à Condução";"Colisão lateral";"Com Vítimas Feridas";"Pleno dia";"Crescente";"Céu Claro";"Simples";"Reta";"Não";4;0;2;2;0;0;4;2;-11,60011202;-38,98482819;"SPRF-BA";"DEL02-BA";"UOP01-DEL02-BA"
308893;2020-09-19;"sábado";"08:30:00";"PR";280;311,8;"BARRACAO";"Ingestão de Álcool";"Saída de leito carroçável";"Com Vítimas Feridas";"Pleno dia";"Decrescente";"Céu Claro";"Simples";"Reta";"Não";1;0;0;1;0;0;1;1;-26,29830274;-53,49117817;"SPRF-PR";"DEL02-PR";"UOP01-DEL02-PR"
308894;2020-09-19;"sábado";"14:20:00";"MG";381;612;"OLIVEIRA";"Falta de Atenção à Condução";"Capotamento";"Com Vítimas Feridas";"Pleno dia";"Crescente";"Céu Claro";"Dupla";"Reta";"Não";4;0;2;0;2;0;2;1;-20,72014073;-44,76677037;"SPRF-MG";"DEL04-MG";"UOP01-DEL04-MG"