"id";"data_inversa";"dia_semana";"horario";"uf";"br";"km";"municipio";"causa_acidente";"tipo_acidente";"classificacao_acidente";"fase_dia";"sentido_via";"condicao_metereologica";"tipo_pista";"tracado_via";"uso_solo";"pessoas";"mortos";"feridos_leves";"feridos_graves";"ilesos";"ignorados";"feridos";"veiculos";"latitude";"longitude";"regional";"delegacia";"uop"
308997;2020-09-20;"domingo";"00:20:00";"SP";153;74,6;"BADY BASSITT";"Condutor Dormindo";"Capotamento";"Sem Vítimas";"Plena Noite";"Decrescente";"Nublado";"Dupla";"Reta;Aclive";"Sim";1;0;0;0;1;0;0;1;-20,88538598;-49,42676402;"SPRF-SP";"DEL09-SP";"UOP01-DEL09-SP"
308998;2020-09-19;"sábado";"21:30:00";"RJ";116;290;"BARRA MANSA";"Velocidade Incompatível";"Colisão com objeto estático";"Sem Vítimas";"Pleno dia";"Decrescente";"Céu Claro";"Dupla";"Curva";"Não";1;0;0;0;1;0;0;1;-22,47546917;-44,26675004;"SPRF-RJ";"DEL07-RJ";"UOP02-DEL07-RJ"
308999;2020-09-19;"sábado";"18:30:00";"PE";428;143,8;"PETROLINA";"Ultrapassagem Indevida";"Colisão frontal";"Com Vítimas Fatais";"Plena Noite";"Crescente";"Céu Claro";"Simples";"Reta";"Não";5;1;1;0;0;3;1;2;-9,01587908;-40,27936587;"SPRF-PE";"DEL06-PE";"UOP01-DEL06-PE"
309000;2020-09-20;"domingo";"00:10:00";"PI";316;276,2;"DOM EXPEDITO LOPES";"Falta de Atenção à Condução";"Queda de ocupante de veículo";"Com Vítimas Feridas";"Plena Noite";"Decrescente";"Céu Claro";"Simples";"Curva";"Não";1;0;0;1;0;0;1;1;-6,95650818;-41,71931513;"SPRF-PI";"DEL04-PI";"UOP01-DEL04-PI"
309001;2020-09-20;"domingo";"00:50:00";"SP";381;87;"SAO PAULO";"Velocidade Incompatível";"Colisão com objeto estático";"Com Vítimas Feridas";"Plena Noite";"Decrescente";"Céu Claro";"Múltipla";"Curva";"Sim";3;0;1;0;2;0;1;1;-23,46885001;-46,56996601;"SPRF-SP";"DEL03-SP";"UOP01-DEL03-SP"
309002;2020-09-20;"domingo";"00:20:00";"SP";381;73;"SAO PAULO";"Condutor Dormindo";"Saída de leito carroçável";"Com Vítimas Feridas";"Plena Noite";"Crescente";"Céu Claro";"Dupla";"Curva";"Não";3;0;3;0;0;0;3;1;-23,36553404;-46,55253934;"SPRF-SP";"DEL03-SP";"UOP01-DEL03-SP"
309003;2020-09-20;"domingo";"00:30:00";"SC";101;125;"ITAJAI";"Condutor Dormindo";"Saída de leito carroçável";"Sem Vítimas";"Plena Noite";"Crescente";"Nublado";"Múltipla";"Reta";"Não";1;0;0;0;0;1;0;1;-26,94802427;-48,68338515;"SPRF-SC";"DEL04-SC";"UOP04-DEL04-SC"
309004;2020-09-20;"domingo";"01:00:00";"MG";381;769,2;"CAMPANHA";"Falta de Atenção à Condução";"Tombamento";"Com Vítimas Fatais";"Plena Noite";"Decrescente";"Nublado";"Dupla";"Retorno Regulamentado";"Não";1;1;0;0;0;0;0;1;-21,75868875;-45,40742296;"SPRF-MG";"DEL16-MG";"UOP02-DEL16-MG"
309006;2020-09-20;"domingo";"00:30:00";"SC";101;203;"SAO JOSE";"Falta de Atenção à Condução";"Capotamento";"Sem Vítimas";"Plena Noite";"Decrescente";"Céu Claro";"Dupla";"Reta";"Sim";1;0;0;0;0;1;0;1;-27,5650044;-48,61460082;"SPRF-SC";"DEL01-SC";"UOP01-DEL01-SC"
309007;2020-09-19;"sábado";"23:45:00";"PR";373;179;"PONTA GROSSA";"Ingestão de Álcool";"Saída de leito carroçável";"Sem Vítimas";"Pleno dia";"Decrescente";"Céu Claro";"Dupla";"Reta";"Sim";1;0;0;0;0;1;0;1;-25,04281018;-50,23950211;"SPRF-PR";"DEL03-PR";"UOP04-DEL03-PR"
309008;2020-09-20;"domingo";"00:10:00";"PR";376;488,1;"PONTA GROSSA";"Velocidade Incompatível";"Colisão com objeto estático";"Com Vítimas Feridas";"Plena Noite";"Decrescente";"Céu Claro";"Dupla";"Curva;Aclive";"Sim";1;0;0;1;0;0;1;1;-25,13510082;-50,16497282;"SPRF-PR";"DEL03-PR";"UOP04-DEL03-PR"
309009;2020-09-20;"domingo";"00:10:00";"MT";163;900;"CLAUDIA";"Desobediência às normas de trânsito pelo condutor";"Queda de ocupante de veículo";"Com Vítimas Feridas";"Plena Noite";"Crescente";"Céu Claro";"Simples";"Reta";"Não";1;0;1;0;0;0;1;1;-11,2996278;-55,32302856;"SPRF-MT";"DEL06-MT";"NPF/DEL06-MT"
309010;2020-09-20;"domingo";"01:00:00";"RJ";101;308;"SAO GONCALO";"Falta de Atenção à Condução";"Colisão lateral";"Com Vítimas Feridas";"Plena Noite";"Decrescente";"Céu Claro";"Dupla";"Reta";"Sim";2;0;1;0;1;0;1;2;-22,79309326;-43,02479595;"SPRF-RJ";"DEL02-RJ";"UOP02-DEL02-RJ"
309011;2020-09-20;"domingo";"00:10:00";"RO";364;713;"PORTO VELHO";"Sinalização da via insuficiente ou inadequada";"Tombamento";"Com Vítimas Feridas";"Plena Noite";"Decrescente";"Nublado";"Dupla";"Reta;Declive;Viaduto";"Sim";3;0;1;0;0;2;1;2;-8,77289222;-63,88074021;"SPRF-RO";"DEL01-RO";"UOP01-DEL01-RO"
309012;2020-09-19;"sábado";"23:40:00";"RO";364;341;"JI-PARANA";"Ingestão de Álcool";"Atropelamento de Pedestre";"Com Vítimas Feridas";"Plena Noite";"Decrescente";"Céu Claro";"Simples";"Reta";"Sim";3;0;0;1;1;1;1;2;-10,88987987;-61,93126772;"SPRF-RO";"DEL02-RO";"UOP01-DEL02-RO"
309013;2020-09-19;"sábado";"21:40:00";"BA";110;367,7;"CATU";"Desobediência às normas de trânsito pelo condutor";"Colisão transversal";"Com Vítimas Feridas";"Plena Noite";"Decrescente";"Céu Claro";"Dupla";"Rotatória";"Sim";5;0;1;1;3;0;2;2;-12,36993375;-38,38601589;"SPRF-BA";"DEL01-BA";"UOP04-DEL01-BA"
309014;2020-09-20;"domingo";"00:30:00";"PR";376;421,7;"TIBAGI";"Velocidade Incompatível";"Saída de leito carroçável";"Com Vítimas Feridas";"Plena Noite";"Crescente";"Nublado";"Simples";"Curva";"Não";1;0;1;0;0;0;1;1;-24,69163149;-50,58139801;"SPRF-PR";"DEL03-PR";"UOP02-DEL03-PR"
309015;2020-09-20;"domingo";"01:00:00";"RJ";393;106;"SAPUCAIA";"Defeito Mecânico no Veículo";"Colisão frontal";"Com Vítimas Fatais";"Plena Noite";"Decrescente";"Céu Claro";"Simples";"Reta";"Não";5;1;1;3;0;0;4;2;-21,87764485;-42,67025797;"SPRF-RJ";"DEL05-RJ";"UOP01-DEL05-RJ"
309016;2020-09-20;"domingo";"02:00:00";"PE";232;412,8;"SERRA TALHADA";"Desobediência às normas de trânsito pelo condutor";"Colisão com objeto estático";"Com Vítimas Feridas";"Plena Noite";"Crescente";"Céu Claro";"Simples";"Ponte";"Sim";1;0;0;1;0;0;1;1;-7,98377927;-38,3208774;"SPRF-PE";"DEL04-PE";"UOP01-DEL04-PE"
309018;2020-09-20;"domingo";"01:10:00";"PB";104;95,6;"ESPERANCA";"Falta de Atenção à Condução";"Queda de ocupante de veículo";"Com Vítimas Feridas";"Plena Noite";"Decrescente";"Céu Claro";"Simples";"Reta";"Não";1;0;0;1;0;0;1;1;-7,00474364;-35,85081722;"SPRF-PB";"DEL02-PB";"UOP04-DEL02-PB"
309019;2020-09-20;"domingo";"03:30:00";"GO";60;165,8;"GOIANIA";"Falta de Atenção à Condução";"Colisão lateral";"Com Vítimas Feridas";"Plena Noite";"Decrescente";"Céu Claro";"Múltipla";"Reta";"Sim";3;0;0;1;1;1;1;2;-16,71374907;-49,35861848;"SPRF-GO";"DEL01-GO";"UOP02-DEL01-GO"
309020;2020-09-20;"domingo";"02:20:00";"SC";282;215;"LAGES";"Velocidade Incompatível";"Saída de leito carroçável";"Com Vítimas Feridas";"Plena Noite";"Decrescente";"Nublado";"Simples";"Rotatória";"Sim";2;0;1;0;1;0;1;1;-27,79020648;-50,2738452;"SPRF-SC";"DEL05-SC";"UOP01-DEL05-SC"
309021;2020-09-20;"domingo";"03:50:00";"GO";60;119;"TEREZOPOLIS DE GOIAS";"Falta de Atenção à Condução";"Danos eventuais";"Com Vítimas Feridas";"Plena Noite";"Decrescente";"Céu Claro";"Dupla";"Aclive";"Não";1;0;1;0;0;0;1;1;-16,4914;-49,0999;"SPRF-GO";"DEL01-GO";"UOP01-DEL01-GO"
309022;2020-09-20;"domingo";"03:50:00";"PE";101;55,5;"PAULISTA";"Condutor Dormindo";"Saída de leito carroçável";"Com Vítimas Feridas";"Amanhecer";"Decrescente";"Céu Claro";"Dupla";"Curva";"Não";2;0;2;0;0;0;2;1;-7,9531917;-34,9101485;"SPRF-PE";"DEL01-PE";"UOP02-DEL01-PE"
309023;2020-09-20;"domingo";"01:00:00";"MG";262;810,7;"UBERABA";"Falta de Atenção à Condução";"Queda de ocupante de veículo";"Com Vítimas Fatais";"Plena Noite";"Crescente";"Céu Claro";"Dupla";"Curva";"Sim";5;1;0;0;1;3;0;2;-19,76880364;-47,98347473;"SPRF-MG";"DEL13-MG";"UOP01-DEL13-MG"
309024;2020-09-20;"domingo";"03:30:00";"GO";70;0,3;"AGUAS LINDAS DE GOIAS";"Ingestão de Álcool";"Saída de leito carroçável";"Com Vítimas Feridas";"Plena Noite";"Crescente";"Ignorado";"Dupla";"Aclive;Curva";"Sim";1;0;1;0;0;0;1;1;-15,783543;-48,2326;"SPRF-DF";"DEL03-DF";"UOP02-DEL03-DF"
309025;2020-09-20;"domingo";"03:40:00";"SC";280;49,9;"GUARAMIRIM";"Sinalização da via insuficiente ou inadequada";"Tombamento";"Sem Vítimas";"Plena Noite";"Crescente";"Céu Claro";"Simples";"Desvio Temporário;Curva";"Sim";1;0;0;0;1;0;0;1;-26,462805;-48,948153;"SPRF-SC";"DEL03-SC";"UOP03-DEL03-SC"
309028;2020-09-20;"domingo";"04:15:00";"SC";101;16,7;"GARUVA";"Ingestão de Álcool";"Saída de leito carroçável";"Com Vítimas Fatais";"Plena Noite";"Crescente";"Nublado";"Dupla";"Reta";"Não";3;1;0;2;0;0;2;1;-26,11427473;-48,87647034;"SPRF-SC";"DEL03-SC";"UOP01-DEL03-SC"
309029;2020-09-20;"domingo";"04:30:00";"PB";230;59;"CRUZ DO ESPIRITO SANTO";"Desobediência às normas de trânsito pelo condutor";"Colisão transversal";"Com Vítimas Feridas";"Amanhecer";"Crescente";"Céu Claro";"Dupla";"Reta";"Não";3;0;2;0;1;0;2;2;-7,2043;-35,1305;"SPRF-PB";"DEL01-PB";"UOP03-DEL01-PB"
309031;2020-09-20;"domingo";"04:50:00";"MG";40;526;"CONTAGEM";"Falta de Atenção à Condução";"Queda de ocupante de veículo";"Com Vítimas Feridas";"Amanhecer";"Decrescente";"Nublado";"Dupla";"Reta";"Sim";2;0;2;0;0;0;2;1;-19,89255399;-44,04985478;"SPRF-MG";"DEL01-MG";"UOP02-DEL01-MG"
309032;2020-09-20;"domingo";"03:30:00";"RR";432;201;"CANTA";"Ingestão de Álcool";"Saída de leito carroçável";"Com Vítimas Feridas";"Amanhecer";"Decrescente";"Céu Claro";"Simples";"Reta";"Não";1;0;1;0;0;0;1;1;2,69243392;-60,60561614;"SPRF-RR";"DEL01-RR";"UOP01-DEL01-RR"
309034;2020-09-20;"domingo";"05:40:00";"MG";381;447;"SANTA LUZIA";"Velocidade Incompatível";"Saída de leito carroçável";"Com Vítimas Feridas";"Amanhecer";"Crescente";"Céu Claro";"Simples";"Reta";"Não";2;0;1;1;0;0;2;1;-19,82411263;-43,81910954;"SPRF-MG";"DEL01-MG";"UOP01-DEL01-MG"
309035;2020-09-20;"domingo";"04:00:00";"SC";282;641;"DESCANSO";"Ingestão de Álcool";"Saída de leito carroçável";"Com Vítimas Feridas";"Plena Noite";"Crescente";"Céu Claro";"Simples";"Curva";"Não";1;0;1;0;0;0;1;1;-26,779949;-53,460857;"SPRF-SC";"DEL07-SC";"UOP03-DEL07-SC"
309037;2020-09-20;"domingo";"05:00:00";"PR";163;81,4;"PLANALTO";"Ingestão de Álcool";"Saída de leito carroçável";"Sem Vítimas";"Plena Noite";"Crescente";"Céu Claro";"Simples";"Aclive;Reta";"Não";1;0;0;0;1;0;0;1;-25,718741;-53,77735;"SPRF-PR";"DEL02-PR";"UOP02-DEL02-PR"
309039;2020-09-20;"domingo";"04:50:00";"RJ";101;278;"TANGUA";"Falta de Atenção à Condução";"Queda de ocupante de veículo";"Com Vítimas Feridas";"Amanhecer";"Decrescente";"Nublado";"Dupla";"Reta";"Sim";2;0;1;0;1;0;1;1;-22,74024136;-42,75799897;"SPRF-RJ";"DEL02-RJ";"UOP03-DEL02-RJ"
309040;2020-09-20;"domingo";"05:55:00";"SC";470;27,4;"GASPAR";"Desobediência às normas de trânsito pelo condutor";"Saída de leito carroçável";"Com Vítimas Feridas";"Amanhecer";"Crescente";"Nublado";"Dupla";"Reta";"Não";2;0;0;2;0;0;2;1;-26,891006;-48,884411;"SPRF-SC";"DEL04-SC";"UOP04-DEL04-SC"
309041;2020-09-20;"domingo";"05:55:00";"SP";116;279;"EMBU DAS ARTES";"Falta de Atenção à Condução";"Colisão com objeto estático";"Sem Vítimas";"Pleno dia";"Decrescente";"Céu Claro";"Dupla";"Reta";"Sim";1;0;0;0;1;0;0;1;-23,66233697;-46,85292907;"SPRF-SP";"DEL04-SP";"UOP01-DEL04-SP"
309043;2020-09-20;"domingo";"06:00:00";"TO";153;144;"ARAGUAINA";"Ingestão de Álcool";"Colisão com objeto estático";"Sem Vítimas";"Amanhecer";"Decrescente";"Céu Claro";"Dupla";"Reta";"Sim";1;0;0;0;1;0;0;1;-7,19662811;-48,23636977;"SPRF-TO";"DEL02-TO";"UOP01-DEL02-TO"
309044;2020-09-20;"domingo";"06:30:00";"PA";316;51;"CASTANHAL";"Não guardar distância de segurança";"Colisão traseira";"Com Vítimas Feridas";"Pleno dia";"Crescente";"Céu Claro";"Dupla";"Curva";"Não";2;0;1;0;1;0;1;2;-1,304277;-48,04272;"SPRF-PA";"DEL01-PA";"UOP01-DEL01-PA"
309045;2020-09-20;"domingo";"06:40:00";"ES";101;256,6;"SERRA";"Falta de Atenção à Condução";"Tombamento";"Com Vítimas Feridas";"Pleno dia";"Crescente";"Sol";"Múltipla";"Reta";"Não";1;0;1;0;0;0;1;1;-20,119123;-40,311005;"SPRF-ES";"DEL02-ES";"UOP01-DEL02-ES"
309046;2020-09-20;"domingo";"03:35:00";"SC";280;11;"SAO FRANCISCO DO SUL";"Falta de Atenção à Condução";"Saída de leito carroçável";"Com Vítimas Feridas";"Plena Noite";"Crescente";"Céu Claro";"Simples";"Reta";"Não";1;0;1;0;0;0;1;1;-26,304752;-48,641014;"SPRF-SC";"DEL03-SC";"UOP03-DEL03-SC"
309048;2020-09-19;"sábado";"21:35:00";"PR";153;307;"IMBITUVA";"Velocidade Incompatível";"Saída de leito carroçável";"Sem Vítimas";"Plena Noite";"Decrescente";"Céu Claro";"Simples";"Curva";"Não";1;0;0;0;0;1;0;1;-25,25961868;-50,64038734;"SPRF-PR";"DEL03-PR";"UOP03-DEL03-PR"
309049;2020-09-20;"domingo";"05:00:00";"GO";364;17;"SAO SIMAO";"Ingestão de Álcool";"Danos eventuais";"Sem Vítimas";"Plena Noite";"Crescente";"Céu Claro";"Simples";"Reta";"Não";1;0;0;0;0;1;0;1;-18,949745;-50,628994;"SPRF-GO";"DEL05-GO";"UOP02-DEL05-GO"
309051;2020-09-20;"domingo";"08:20:00";"DF";20;45;"BRASILIA";"Condutor Dormindo";"Saída de leito carroçável";"Com Vítimas Feridas";"Pleno dia";"Decrescente";"Sol";"Dupla";"Aclive";"Não";1;0;0;1;0;0;1;1;-15,577153;-47,467113;"SPRF-DF";"DEL02-DF";"UOP01-DEL02-DF"
309052;2020-09-20;"domingo";"04:50:00";"DF";80;14;"BRASILIA";"Falta de Atenção à Condução";"Engavetamento";"Sem Vítimas";"Plena Noite";"Crescente";"Céu Claro";"Simples";"Declive";"Não";2;0;0;0;2;0;0;1;-15,719034;-48,196686;"SPRF-DF";"DEL03-DF";"UOP02-DEL03-DF"
309053;2020-09-20;"domingo";"07:05:00";"DF";70;8;"BRASILIA";"Ingestão de Álcool";"Colisão transversal";"Com Vítimas Feridas";"Pleno dia";"Crescente";"Céu Claro";"Dupla";"Reta";"Sim";5;0;5;0;0;0;5;2;-15,784966;-48,122108;"SPRF-DF";"DEL03-DF";"UOP02-DEL03-DF"
309054;2020-09-20;"domingo";"02:30:00";"MA";10;169,4;"CAMPESTRE DO MARANHAO";"Desobediência às normas de trânsito pelo condutor";"Colisão frontal";"Com Vítimas Fatais";"Plena Noite";"Crescente";"Céu Claro";"Simples";"Curva";"Não";3;1;0;2;0;0;2;2;-6,239377;-47,350262;"SPRF-MA";"DEL04-MA";"UOP02-DEL04-MA"
309057;2020-09-20;"domingo";"06:00:00";"RS";287;338;"JAGUARI";"Velocidade Incompatível";"Saída de leito carroçável";"Sem Vítimas";"Amanhecer";"Crescente";"Céu Claro";"Simples";"Curva";"Não";1;0;0;0;1;0;0;1;-29,61326188;-54,68518173;"SPRF-RS";"DEL12-RS";"UOP02-DEL12-RS"
309058;2020-09-20;"domingo";"09:00:00";"BA";110;173;"RIBEIRA DO POMBAL";"Falta de Atenção à Condução";"Colisão transversal";"Com Vítimas Feridas";"Pleno dia";"Crescente";"Céu Claro";"Simples";"Interseção de Vias";"Sim";2;0;1;0;1;0;1;2;-10,86944598;-38,52734387;"SPRF-BA";"DEL07-BA";"UOP02-DEL07-BA"
309059;2020-09-20;"domingo";"08:40:00";"SC";101;91;"BARRA VELHA";"Avarias e/ou desgaste excessivo no pneu";"Tombamento";"Com Vítimas Feridas";"Pleno dia";"Crescente";"Céu Claro";"Dupla";"Reta";"Sim";2;0;2;0;0;0;2;1;-26,67120698;-48,69011814;"SPRF-SC";"DEL03-SC";"UOP02-DEL03-SC"
309060;2020-09-20;"domingo";"07:40:00";"RJ";101;267;"RIO BONITO";"Desobediência às normas de trânsito pelo condutor";"Colisão lateral";"Sem Vítimas";"Pleno dia";"Decrescente";"Nublado";"Dupla";"Reta";"Não";2;0;0;0;1;1;0;2;-22,70728329;-42,66059086;"SPRF-RJ";"DEL02-RJ";"UOP03-DEL02-RJ"
309061;2020-09-20;"domingo";"09:30:00";"PE";101;84;"JABOATAO DOS GUARARAPES";"Desobediência às normas de trânsito pelo condutor";"Tombamento";"Com Vítimas Feridas";"Pleno dia";"Crescente";"Céu Claro";"Dupla";"Reta";"Não";1;0;1;0;0;0;1;1;-8,17778559;-34,95087297;"SPRF-PE";"DEL01-PE";"UOP03-DEL01-PE"
309062;2020-09-20;"domingo";"09:54:00";"PA";163;1005;"SANTAREM";"Falta de Atenção à Condução";"Colisão transversal";"Com Vítimas Feridas";"Pleno dia";"Crescente";"Sol";"Dupla";"Interseção de Vias";"Sim";2;0;0;1;1;0;1;2;-2,42943608;-54,73462738;"SPRF-PA";"DEL05-PA";"UOP01-DEL05-PA"
309063;2020-09-20;"domingo";"09:55:00";"PA";163;1003;"SANTAREM";"Desobediência às normas de trânsito pelo condutor";"Colisão transversal";"Com Vítimas Feridas";"Pleno dia";"Decrescente";"Céu Claro";"Dupla";"Reta";"Sim";5;0;2;0;3;0;2;2;-2,42943608;-54,73462738;"SPRF-PA";"DEL05-PA";"UOP01-DEL05-PA"
309066;2020-09-20;"domingo";"08:30:00";"BA";101;502;"ITABUNA";"Mal Súbito";"Saída de leito carroçável";"Com Vítimas Feridas";"Pleno dia";"Decrescente";"Céu Claro";"Simples";"Reta";"Não";1;0;1;0;0;0;1;1;-14,92453419;-39,29545275;"SPRF-BA";"DEL05-BA";"UOP01-DEL05-BA"
309070;2020-09-20;"domingo";"11:00:00";"MG";381;849;"POUSO ALEGRE";"Velocidade Incompatível";"Colisão com objeto estático";"Com Vítimas Feridas";"Pleno dia";"Decrescente";"Chuva";"Dupla";"Curva";"Não";4;0;3;0;1;0;3;1;-22,23110957;-45,87592363;"SPRF-MG";"DEL16-MG";"UOP01-DEL16-MG"
309071;2020-09-20;"domingo";"11:20:00";"RN";101;83,5;"SAO GONCALO DO AMARANTE";"Desobediência às normas de trânsito pelo condutor";"Colisão transversal";"Com Vítimas Feridas";"Pleno dia";"Crescente";"Sol";"Dupla";"Reta";"Sim";2;0;1;0;1;0;1;2;-5,7710445;-35,26616981;"SPRF-RN";"DEL02-RN";"UOP01-DEL02-RN"
309072;2020-09-20;"domingo";"03:00:00";"MG";364;35,4;"FRUTAL";"Não guardar distância de segurança";"Colisão lateral";"Sem Vítimas";"Plena Noite";"Decrescente";"Nublado";"Simples";"Reta";"Não";1;0;0;0;0;1;0;1;-20,025185;-48,94096;"SPRF-MG";"DEL13-MG";"UOP02-DEL13-MG"
309073;2020-09-20;"domingo";"09:00:00";"RO";364;429,2;"JARU";"Falta de Atenção à Condução";"Colisão com objeto estático";"Com Vítimas Feridas";"Pleno dia";"Decrescente";"Nublado";"Simples";"Curva";"Não";1;0;0;1;0;0;1;1;-10,41628317;-62,5026501;"SPRF-RO";"DEL03-RO";"UOP02-DEL03-RO"
309074;2020-09-20;"domingo";"11:00:00";"MG";365;333;"SAO GONCALO DO ABAETE";"Velocidade Incompatível";"Saída de leito carroçável";"Com Vítimas Feridas";"Pleno dia";"Crescente";"Céu Claro";"Simples";"Curva";"Não";1;0;1;0;0;0;1;1;-18,29720318;-45,9407319;"SPRF-MG";"DEL10-MG";"UOP01-DEL10-MG"
309075;2020-09-20;"domingo";"11:24:00";"PR";277;637,9;"CEU AZUL";"Desobediência às normas de trânsito pelo condutor";"Colisão transversal";"Com Vítimas Feridas";"Pleno dia";"Decrescente";"Sol";"Simples";"Rotatória;Interseção de Vias;Reta";"Sim";3;0;1;1;1;0;2;2;-25,15127997;-53,84435289;"SPRF-PR";"DEL05-PR";"UOP02-DEL05-PR"
309077;2020-08-21;"sexta-feira";"19:00:00";"BA";420;278;"UBAIRA";"Animais na Pista";"Colisão com objeto estático";"Com Vítimas Feridas";"Plena Noite";"Crescente";"Ignorado";"Simples";"Reta";"Não";2;0;1;1;0;0;2;1;-13,264172;-39,661545;"SPRF-BA";"DEL03-BA";"UOP01-DEL03-BA"
309078;2020-09-20;"domingo";"11:30:00";"MG";381;479;"CONTAGEM";"Falta de Atenção à Condução";"Tombamento";"Com Vítimas Feridas";"Pleno dia";"Decrescente";"Céu Claro";"Dupla";"Aclive;Reta";"Sim";2;0;2;0;0;0;2;1;-19,96381958;-44,04269814;"SPRF-MG";"DEL01-MG";"UOP03-DEL01-MG"
309080;2020-09-20;"domingo";"11:30:00";"SC";470;184,5;"POUSO REDONDO";"Falta de Atenção do Pedestre";"Colisão frontal";"Com Vítimas Feridas";"Pleno dia";"Decrescente";"Nublado";"Simples";"Declive";"Não";3;0;2;0;1;0;2;2;-27,253036;-50,026642;"SPRF-SC";"DEL04-SC";"UOP02-DEL04-SC"
309082;2020-09-20;"domingo";"11:30:00";"MG";381;920,5;"CAMANDUCAIA";"Velocidade Incompatível";"Colisão com objeto estático";"Com Vítimas Feridas";"Pleno dia";"Crescente";"Chuva";"Dupla";"Curva;Declive";"Não";5;0;5;0;0;0;5;1;-22,76089651;-46,1636446;"SPRF-MG";"DEL16-MG";"UOP03-DEL16-MG"
309084;2020-09-20;"domingo";"10:50:00";"MG";381;924,6;"CAMANDUCAIA";"Velocidade Incompatível";"Colisão com objeto estático";"Com Vítimas Feridas";"Pleno dia";"Crescente";"Chuva";"Dupla";"Curva";"Não";4;0;1;0;3;0;1;1;-22,77050246;-46,23490598;"SPRF-MG";"DEL16-MG";"UOP03-DEL16-MG"
309085;2020-09-20;"domingo";"11:20:00";"MG";381;924,6;"CAMANDUCAIA";"Velocidade Incompatível";"Colisão com objeto estático";"Com Vítimas Feridas";"Pleno dia";"Crescente";"Chuva";"Dupla";"Curva";"Não";5;0;1;0;4;0;1;2;-22,77000412;-46,1941213;"SPRF-MG";"DEL16-MG";"UOP03-DEL16-MG"
309086;2020-09-20;"domingo";"12:10:00";"PE";104;71;"CARUARU";"Ultrapassagem Indevida";"Saída de leito carroçável";"Com Vítimas Feridas";"Pleno dia";"Crescente";"Céu Claro";"Simples";"Curva";"Não";2;0;2;0;0;0;2;1;-8,3333;-35,9814;"SPRF-PE";"DEL02-PE";"UOP01-DEL02-PE"
309087;2020-07-15;"quarta-feira";"06:45:00";"RS";116;153,2;"CAXIAS DO SUL";"Fenômenos da Natureza";"Queda de ocupante de veículo";"Com Vítimas Feridas";"Amanhecer";"Decrescente";"Céu Claro";"Dupla";"Declive";"Sim";1;0;1;0;0;0;1;1;-29,18738571;-51,17959499;"SPRF-RS";"DEL05-RS";"UOP01-DEL05-RS"
309088;2020-09-20;"domingo";"12:20:00";"PR";116;16;"CAMPINA GRANDE DO SUL";"Pista Escorregadia";"Capotamento";"Com Vítimas Feridas";"Pleno dia";"Decrescente";"Chuva";"Dupla";"Reta";"Não";3;0;1;0;2;0;1;1;-25,09969807;-48,692225;"SPRF-PR";"DEL01-PR";"UOP02-DEL01-PR"
309089;2020-09-20;"domingo";"12:10:00";"MS";163;257,6;"DOURADOS";"Animais na Pista";"Atropelamento de Animal";"Com Vítimas Feridas";"Pleno dia";"Crescente";"Céu Claro";"Dupla";"Reta";"Sim";1;0;1;0;0;0;1;1;-22,25878878;-54,78656445;"SPRF-MS";"DEL04-MS";"UOP01-DEL04-MS"
309091;2020-09-20;"domingo";"12:40:00";"MG";365;624;"UBERLANDIA";"Pista Escorregadia";"Tombamento";"Com Vítimas Feridas";"Pleno dia";"Crescente";"Sol";"Dupla";"Curva";"Sim";1;0;1;0;0;0;1;1;-18,91044;-48,304072;"SPRF-MG";"DEL15-MG";"UOP01-DEL15-MG"
309093;2020-09-20;"domingo";"10:10:00";"PR";277;206,9;"PALMEIRA";"Velocidade Incompatível";"Saída de leito carroçável";"Com Vítimas Feridas";"Pleno dia";"Crescente";"Céu Claro";"Simples";"Curva";"Não";1;0;1;0;0;0;1;1;-25,46468901;-50,25988;"SPRF-PR";"DEL03-PR";"UOP03-DEL03-PR"
309094;2020-09-20;"domingo";"13:00:00";"MG";381;457;"BELO HORIZONTE";"Desobediência às normas de trânsito pelo condutor";"Colisão traseira";"Sem Vítimas";"Pleno dia";"Decrescente";"Céu Claro";"Simples";"Reta";"Não";2;0;0;0;1;1;0;2;-19,86134886;-43,92063055;"SPRF-MG";"DEL01-MG";"UOP01-DEL01-MG"
309095;2020-09-20;"domingo";"09:50:00";"SC";282;115,6;"ALFREDO WAGNER";"Defeito Mecânico no Veículo";"Saída de leito carroçável";"Com Vítimas Feridas";"Pleno dia";"Crescente";"Garoa/Chuvisco";"Simples";"Reta";"Não";2;0;1;0;1;0;1;1;-27,75856118;-49,39652011;"SPRF-SC";"DEL01-SC";"UOP03-DEL01-SC"
309097;2020-08-31;"segunda-feira";"23:50:00";"PR";277;140;"CAMPO LARGO";"Restrição de Visibilidade";"Saída de leito carroçável";"Sem Vítimas";"Plena Noite";"Crescente";"Céu Claro";"Dupla";"Curva";"Sim";1;0;0;0;1;0;0;1;-25,44518045;-49,4985659;"SPRF-PR";"DEL01-PR";"UOP03-DEL03-PR"
309098;2020-09-20;"domingo";"13:00:00";"RJ";116;288;"BARRA MANSA";"Falta de Atenção à Condução";"Tombamento";"Com Vítimas Feridas";"Pleno dia";"Crescente";"Garoa/Chuvisco";"Múltipla";"Curva";"Sim";1;0;1;0;0;0;1;1;-22,48686584;-44,25027602;"SPRF-RJ";"DEL07-RJ";"UOP02-DEL07-RJ"