"id";"data_inversa";"dia_semana";"horario";"uf";"br";"km";"municipio";"causa_acidente";"tipo_acidente";"classificacao_acidente";"fase_dia";"sentido_via";"condicao_metereologica";"tipo_pista";"tracado_via";"uso_solo";"pessoas";"mortos";"feridos_leves";"feridos_graves";"ilesos";"ignorados";"feridos";"veiculos";"latitude";"longitude";"regional";"delegacia";"uop"
309099;2020-09-20;"domingo";"14:15:00";"MG";381;526,5;"ITATIAIUCU";"Velocidade Incompatível";"Capotamento";"Com Vítimas Feridas";"Pleno dia";"Crescente";"Chuva";"Dupla";"Curva";"Não";3;0;2;0;1;0;2;1;-20,16175378;-44,34144636;"SPRF-MG";"DEL04-MG";"UOP03-DEL04-MG"
309100;2020-09-20;"domingo";"14:00:00";"MG";381;529;"ITATIAIUCU";"Falta de Atenção à Condução";"Saída de leito carroçável";"Com Vítimas Feridas";"Pleno dia";"Decrescente";"Garoa/Chuvisco";"Dupla";"Reta";"Não";2;0;1;0;1;0;1;1;-20,16619722;-44,36914378;"SPRF-MG";"DEL04-MG";"UOP03-DEL04-MG"
309103;2020-08-20;"quinta-feira";"01:00:00";"RJ";116;143;"DUQUE DE CAXIAS";"Velocidade Incompatível";"Colisão com objeto estático";"Com Vítimas Fatais";"Plena Noite";"Decrescente";"Garoa/Chuvisco";"Simples";"Reta";"Sim";4;2;0;1;0;1;1;1;-22,67130326;-43,27744246;"SPRF-RJ";"DEL01-RJ";"UOP01-DEL01-RJ"
309104;2020-09-20;"domingo";"14:35:00";"PE";428;180;"PETROLINA";"Ultrapassagem Indevida";"Colisão frontal";"Com Vítimas Feridas";"Pleno dia";"Decrescente";"Céu Claro";"Simples";"Reta";"Não";2;0;1;0;1;0;1;2;-9,3001832;-40,44980961;"SPRF-PE";"DEL06-PE";"UOP01-DEL06-PE"
309105;2020-09-20;"domingo";"15:02:00";"PR";376;655;"TIJUCAS DO SUL";"Falta de Atenção à Condução";"Capotamento";"Sem Vítimas";"Pleno dia";"Crescente";"Nublado";"Dupla";"Curva";"Não";1;0;0;0;1;0;0;1;-25,84165409;-49,042472;"SPRF-PR";"DEL01-PR";"UOP04-DEL01-PR"
309106;2020-09-20;"domingo";"15:05:00";"PR";277;25;"MORRETES";"Falta de Atenção à Condução";"Capotamento";"Com Vítimas Feridas";"Pleno dia";"Decrescente";"Céu Claro";"Dupla";"Reta";"Não";1;0;1;0;0;0;1;1;-25,5343724;-48,70654307;"SPRF-PR";"DEL01-PR";"UOP05-DEL01-PR"
309107;2020-09-20;"domingo";"15:00:00";"MG";40;644,5;"CONSELHEIRO LAFAIETE";"Desobediência às normas de trânsito pelo condutor";"Colisão traseira";"Com Vítimas Feridas";"Pleno dia";"Decrescente";"Nublado";"Simples";"Reta";"Não";2;0;0;1;1;0;1;2;-20,77352989;-43,80923618;"SPRF-MG";"DEL05-MG";"UOP02-DEL05-MG"
309108;2020-09-20;"domingo";"13:30:00";"MT";163;821;"SINOP";"Mal Súbito";"Saída de leito carroçável";"Com Vítimas Feridas";"Pleno dia";"Crescente";"Nublado";"Simples";"Reta";"Sim";1;0;0;1;0;0;1;1;-12,112411;-55,51673304;"SPRF-MT";"DEL06-MT";"UOP01-DEL06-MT"
309109;2020-09-20;"domingo";"14:45:00";"GO";153;521,3;"HIDROLANDIA";"Falta de Atenção à Condução";"Saída de leito carroçável";"Com Vítimas Fatais";"Pleno dia";"Decrescente";"Céu Claro";"Múltipla";"Reta";"Sim";5;1;0;3;1;0;3;1;-16,8876;-49,2541;"SPRF-GO";"DEL01-GO";"UOP03-DEL01-GO"
309110;2020-09-20;"domingo";"14:20:00";"PI";343;216;"CAPITAO DE CAMPOS";"Velocidade Incompatível";"Saída de leito carroçável";"Com Vítimas Fatais";"Pleno dia";"Crescente";"Sol";"Simples";"Curva";"Não";1;1;0;0;0;0;0;1;-4,483456;-41,953244;"SPRF-PI";"DEL02-PI";"UOP01-DEL02-PI"
309111;2020-09-20;"domingo";"15:10:00";"SP";116;69;"APARECIDA";"Condutor Dormindo";"Colisão traseira";"Com Vítimas Feridas";"Pleno dia";"Crescente";"Chuva";"Dupla";"Reta";"Sim";2;0;1;0;1;0;1;2;-22,84017188;-45,22364349;"SPRF-SP";"DEL08-SP";"UOP01-DEL08-SP"
309113;2020-09-20;"domingo";"15:00:00";"BA";324;577;"SAO SEBASTIAO DO PASSE";"Condutor Dormindo";"Saída de leito carroçável";"Com Vítimas Fatais";"Pleno dia";"Crescente";"Sol";"Dupla";"Reta;Declive";"Não";4;1;3;0;0;0;3;1;-12,58364429;-38,53073221;"SPRF-BA";"DEL01-BA";"UOP01-DEL01-BA"
309114;2020-09-20;"domingo";"16:00:00";"ES";101;266;"SERRA";"Ingestão de Álcool";"Colisão traseira";"Sem Vítimas";"Pleno dia";"Decrescente";"Céu Claro";"Dupla";"Reta";"Sim";3;0;0;0;3;0;0;2;-20,190199;-40,26828891;"SPRF-ES";"DEL02-ES";"UOP01-DEL02-ES"
309115;2020-09-20;"domingo";"15:10:00";"RJ";40;113;"DUQUE DE CAXIAS";"Não guardar distância de segurança";"Colisão traseira";"Com Vítimas Feridas";"Pleno dia";"Decrescente";"Chuva";"Múltipla";"Reta";"Sim";5;0;1;0;4;0;1;3;-22,70948502;-43,29040354;"SPRF-RJ";"DEL01-RJ";"UOP01-DEL01-RJ"
309118;2020-09-20;"domingo";"15:35:00";"SC";280;54,5;"GUARAMIRIM";"Ingestão de Álcool";"Colisão traseira";"Sem Vítimas";"Pleno dia";"Crescente";"Nublado";"Dupla";"Curva";"Sim";2;0;0;0;2;0;0;2;-26,4755094;-48,99262905;"SPRF-SC";"DEL03-SC";"UOP03-DEL03-SC"
309119;2020-09-20;"domingo";"15:50:00";"SP";116;22,1;"LAVRINHAS";"Pista Escorregadia";"Colisão com objeto estático";"Com Vítimas Feridas";"Pleno dia";"Crescente";"Chuva";"Dupla";"Curva";"Não";2;0;1;0;1;0;1;1;-22,58368521;-44,87772952;"SPRF-SP";"DEL08-SP";"UOP02-DEL08-SP"
309120;2020-09-20;"domingo";"15:00:00";"MG";381;791,7;"SAO GONCALO DO SAPUCAI";"Velocidade Incompatível";"Saída de leito carroçável";"Com Vítimas Feridas";"Pleno dia";"Decrescente";"Chuva";"Dupla";"Curva";"Não";2;0;1;1;0;0;2;1;-21,91694596;-45,58909701;"SPRF-MG";"DEL16-MG";"UOP02-DEL16-MG"
309121;2020-09-20;"domingo";"16:15:00";"SC";101;139;"BALNEARIO CAMBORIU";"Falta de Atenção à Condução";"Colisão traseira";"Com Vítimas Feridas";"Pleno dia";"Decrescente";"Nublado";"Dupla";"Reta;Declive";"Sim";2;0;1;0;1;0;1;2;-27,02982303;-48,60115006;"SPRF-SC";"DEL04-SC";"UOP03-DEL04-SC"
309122;2020-09-20;"domingo";"16:30:00";"RS";470;226;"GARIBALDI";"Falta de Atenção à Condução";"Saída de leito carroçável";"Com Vítimas Feridas";"Pleno dia";"Decrescente";"Céu Claro";"Dupla";"Curva";"Não";2;0;0;2;0;0;2;1;-29,21556004;-51,51743821;"SPRF-RS";"DEL06-RS";"UOP01-DEL06-RS"
309124;2020-09-20;"domingo";"16:10:00";"GO";153;639,5;"MORRINHOS";"Condutor Dormindo";"Saída de leito carroçável";"Com Vítimas Feridas";"Pleno dia";"Decrescente";"Céu Claro";"Dupla";"Reta";"Não";3;0;3;0;0;0;3;1;-17,8714;-49,2268;"SPRF-GO";"DEL03-GO";"UOP01-DEL03-GO"
309125;2020-09-20;"domingo";"13:30:00";"RJ";495;15;"PETROPOLIS";"Velocidade Incompatível";"Capotamento";"Com Vítimas Feridas";"Pleno dia";"Decrescente";"Nublado";"Simples";"Curva;Aclive";"Não";2;0;1;0;1;0;1;1;-22,4271506;-43,05507476;"SPRF-RJ";"DEL06-RJ";"UOP01-DEL06-RJ"
309126;2020-09-20;"domingo";"16:00:00";"MG";262;368;"JUATUBA";"Velocidade Incompatível";"Saída de leito carroçável";"Com Vítimas Feridas";"Pleno dia";"Crescente";"Nublado";"Dupla";"Reta;Declive";"Sim";1;0;1;0;0;0;1;1;-19,9622767;-44,33526278;"SPRF-MG";"DEL01-MG";"UOP03-DEL01-MG"
309128;2020-09-20;"domingo";"16:10:00";"ES";101;256,6;"SERRA";"Ingestão de Álcool";"Colisão lateral";"Sem Vítimas";"Pleno dia";"Decrescente";"Céu Claro";"Dupla";"Reta";"Sim";3;0;0;0;3;0;0;2;-20,119123;-40,311005;"SPRF-ES";"DEL02-ES";"UOP01-DEL02-ES"
309130;2020-09-20;"domingo";"16:50:00";"PE";423;59;"LAJEDO";"Falta de Atenção à Condução";"Colisão transversal";"Com Vítimas Feridas";"Plena Noite";"Crescente";"Céu Claro";"Simples";"Reta";"Sim";2;0;0;1;1;0;1;2;-8,64676387;-36,31558317;"SPRF-PE";"DEL03-PE";"UOP01-DEL03-PE"
309132;2020-09-20;"domingo";"16:55:00";"SC";470;87,1;"ASCURRA";"Falta de Atenção à Condução";"Colisão lateral";"Com Vítimas Feridas";"Pleno dia";"Decrescente";"Céu Claro";"Simples";"Reta";"Sim";3;0;1;0;2;0;1;2;-26,948483;-49,366833;"SPRF-SC";"DEL04-SC";"UOP01-DEL04-SC"
309133;2020-09-20;"domingo";"13:15:00";"PR";277;112;"CAMPO LARGO";"Não guardar distância de segurança";"Queda de ocupante de veículo";"Com Vítimas Feridas";"Pleno dia";"Decrescente";"Sol";"Múltipla";"Reta";"Sim";2;0;2;0;0;0;2;1;-25,43257515;-49,36978297;"SPRF-PR";"DEL01-PR";"UOP03-DEL03-PR"
309134;2020-09-20;"domingo";"17:20:00";"MG";381;533;"ITATIAIUCU";"Velocidade Incompatível";"Saída de leito carroçável";"Com Vítimas Feridas";"Pleno dia";"Decrescente";"Chuva";"Dupla";"Curva";"Não";3;0;2;0;1;0;2;1;-20,19896036;-44,38641307;"SPRF-MG";"DEL04-MG";"UOP03-DEL04-MG"
309136;2020-09-20;"domingo";"14:30:00";"RN";406;152;"CEARA-MIRIM";"Desobediência às normas de trânsito pelo condutor";"Queda de ocupante de veículo";"Com Vítimas Feridas";"Pleno dia";"Decrescente";"Céu Claro";"Simples";"Interseção de Vias";"Sim";1;0;1;0;0;0;1;1;-5,65651272;-35,41672366;"SPRF-RN";"DEL02-RN";"UOP01-DEL02-RN"
309137;2020-09-20;"domingo";"17:10:00";"PI";343;341;"TERESINA";"Ingestão de Álcool";"Colisão traseira";"Sem Vítimas";"Pleno dia";"Crescente";"Céu Claro";"Simples";"Aclive";"Sim";3;0;0;0;3;0;0;2;-5,077812;-42,744255;"SPRF-PI";"DEL01-PI";"UOP01-DEL01-PI"
309138;2020-09-20;"domingo";"15:30:00";"RJ";40;91;"PETROPOLIS";"Velocidade Incompatível";"Saída de leito carroçável";"Com Vítimas Feridas";"Pleno dia";"Crescente";"Chuva";"Simples";"Curva";"Não";3;0;2;0;1;0;2;1;-22,54903566;-43,24229724;"SPRF-RJ";"DEL06-RJ";"UOP01-DEL06-RJ"
309139;2020-09-20;"domingo";"15:15:00";"GO";0;0;"ARAGARCAS";"Desobediência às normas de trânsito pelo condutor";"Colisão lateral";"Sem Vítimas";"Pleno dia";"Não Informado";"Céu Claro";"Dupla";"Retorno Regulamentado";"Sim";3;0;0;0;3;0;0;2;-15,8964223;-52,24355901;"SPRF-GO";"DEL04-GO";"UOP01-DEL04-GO"
309141;2020-09-19;"sábado";"03:00:00";"RO";364;1038;"PORTO VELHO";"Falta de Atenção à Condução";"Colisão frontal";"Com Vítimas Feridas";"Plena Noite";"Crescente";"Céu Claro";"Simples";"Reta";"Sim";4;0;3;1;0;0;4;2;-9,7705189;-66,337604;"SPRF-RO";"DEL01-RO";"UOP03-DEL01-RO"
309142;2020-09-20;"domingo";"17:15:00";"RN";101;96;"NATAL";"Ingestão de Álcool";"Colisão com objeto estático";"Sem Vítimas";"Plena Noite";"Crescente";"Céu Claro";"Múltipla";"Viaduto";"Sim";1;0;0;0;1;0;0;1;-5,84949622;-35,20890752;"SPRF-RN";"DEL01-RN";"UOP01-DEL01-RN"
309143;2020-09-04;"sexta-feira";"11:00:00";"RN";110;45;"MOSSORO";"Falta de Atenção à Condução";"Colisão traseira";"Com Vítimas Feridas";"Pleno dia";"Decrescente";"Céu Claro";"Simples";"Reta";"Sim";2;0;1;0;1;0;1;2;-5,19257993;-37,31114905;"SPRF-RN";"DEL04-RN";"UOP01-DEL04-RN"
309144;2020-09-20;"domingo";"16:20:00";"RN";304;35;"MOSSORO";"Falta de Atenção à Condução";"Colisão lateral";"Sem Vítimas";"Pleno dia";"Crescente";"Céu Claro";"Dupla";"Rotatória";"Sim";2;0;0;0;2;0;0;2;-5,16149497;-37,35068212;"SPRF-RN";"DEL04-RN";"UOP02-DEL04-RN"
309145;2020-09-20;"domingo";"17:45:00";"PE";101;53,7;"PAULISTA";"Restrição de Visibilidade";"Atropelamento de Pedestre";"Com Vítimas Feridas";"Anoitecer";"Crescente";"Céu Claro";"Múltipla";"Reta";"Não";3;0;0;1;1;1;1;3;-7,93124094;-34,90068606;"SPRF-PE";"DEL01-PE";"UOP02-DEL01-PE"
309146;2020-09-20;"domingo";"17:20:00";"MG";381;501;"BETIM";"Falta de Atenção à Condução";"Colisão lateral";"Com Vítimas Feridas";"Anoitecer";"Decrescente";"Céu Claro";"Simples";"Reta";"Sim";3;0;2;0;1;0;2;2;-20,03146447;-44,2377893;"SPRF-MG";"DEL01-MG";"UOP03-DEL01-MG"
309147;2020-09-20;"domingo";"16:15:00";"GO";40;12;"LUZIANIA";"Velocidade Incompatível";"Colisão traseira";"Com Vítimas Feridas";"Pleno dia";"Decrescente";"Céu Claro";"Dupla";"Reta";"Sim";2;0;1;0;1;0;1;2;-16,145123;-47,945382;"SPRF-DF";"DEL01-DF";"UOP01-DEL01-DF"
309148;2020-09-20;"domingo";"17:50:00";"ES";101;290;"CARIACICA";"Ingestão de Álcool";"Colisão transversal";"Com Vítimas Feridas";"Anoitecer";"Crescente";"Céu Claro";"Dupla";"Reta";"Não";3;0;1;0;2;0;1;2;-20,29411303;-40,39315581;"SPRF-ES";"DEL01-ES";"UOP01-DEL01-ES"
309150;2020-09-20;"domingo";"17:50:00";"BA";110;217;"NOVA SOURE";"Deficiência ou não Acionamento do Sistema de Iluminação/Sinalização do Veículo";"Colisão traseira";"Com Vítimas Feridas";"Anoitecer";"Crescente";"Céu Claro";"Simples";"Reta";"Não";2;0;1;0;0;1;1;2;-11,24962519;-38,46900717;"SPRF-BA";"DEL07-BA";"UOP02-DEL07-BA"
309151;2020-09-20;"domingo";"13:30:00";"PR";369;158;"CAMBE";"Falta de Atenção à Condução";"Queda de ocupante de veículo";"Com Vítimas Feridas";"Pleno dia";"Crescente";"Céu Claro";"Simples";"Viaduto";"Não";1;0;1;0;0;0;1;1;-23,28171918;-51,25551224;"SPRF-PR";"DEL07-PR";"UOP01-DEL07-PR"
309153;2020-09-20;"domingo";"17:30:00";"GO";414;430;"ANAPOLIS";"Ingestão de Álcool";"Colisão traseira";"Sem Vítimas";"Anoitecer";"Crescente";"Céu Claro";"Simples";"Aclive;Reta";"Não";4;0;0;0;4;0;0;2;-16,20624369;-48,9136195;"SPRF-GO";"DEL02-GO";"UOP01-DEL02-GO"
309155;2020-09-20;"domingo";"15:50:00";"GO";50;298;"CATALAO";"Desobediência às normas de trânsito pelo pedestre";"Colisão traseira";"Sem Vítimas";"Pleno dia";"Crescente";"Nublado";"Simples";"Curva";"Não";5;0;0;0;5;0;0;2;-18,3147;-48,0171;"SPRF-GO";"DEL06-GO";"UOP01-DEL06-GO"
309156;2020-09-20;"domingo";"16:00:00";"MG";262;580;"CAMPOS ALTOS";"Velocidade Incompatível";"Queda de ocupante de veículo";"Com Vítimas Feridas";"Pleno dia";"Crescente";"Nublado";"Dupla";"Curva";"Não";1;0;1;0;0;0;1;1;-19,6646721;-46,06563103;"SPRF-MG";"DEL08-MG";"UOP02-DEL08-MG"
309158;2020-09-20;"domingo";"18:25:00";"PI";402;64,8;"LUIS CORREIA";"Defeito na Via";"Capotamento";"Com Vítimas Feridas";"Plena Noite";"Decrescente";"Céu Claro";"Simples";"Reta";"Não";2;0;1;0;1;0;1;1;-3,08557565;-41,54674968;"SPRF-PI";"DEL05-PI";"UOP01-DEL05-PI"
309161;2020-09-20;"domingo";"18:30:00";"ES";101;162;"LINHARES";"Falta de Atenção à Condução";"Colisão traseira";"Com Vítimas Feridas";"Plena Noite";"Crescente";"Céu Claro";"Simples";"Reta";"Não";2;0;2;0;0;0;2;2;-19,49015283;-40,12624024;"SPRF-ES";"DEL04-ES";"UOP01-DEL04-ES"
309162;2020-09-20;"domingo";"18:30:00";"RS";290;96,5;"PORTO ALEGRE";"Falta de Atenção à Condução";"Colisão lateral";"Com Vítimas Feridas";"Anoitecer";"Crescente";"Céu Claro";"Múltipla";"Reta";"Sim";4;0;1;0;1;2;1;3;-29,99521378;-51,20602012;"SPRF-RS";"DEL01-RS";"UOP01-DEL01-RS"
309164;2020-09-20;"domingo";"17:55:00";"RS";285;292;"PASSO FUNDO";"Defeito Mecânico no Veículo";"Incêndio";"Sem Vítimas";"Anoitecer";"Decrescente";"Céu Claro";"Dupla";"Curva";"Sim";1;0;0;0;1;0;0;1;-28,239017;-52,365276;"SPRF-RS";"DEL08-RS";"UOP03-DEL08-RS"
309165;2020-09-20;"domingo";"18:50:00";"RS";468;102,8;"TRES PASSOS";"Ingestão de Álcool";"Colisão com objeto estático";"Com Vítimas Feridas";"Plena Noite";"Decrescente";"Céu Claro";"Simples";"Reta";"Sim";1;0;1;0;0;0;1;1;-27,46424742;-53,93279601;"SPRF-RS";"DEL08-RS";"UOP02-DEL08-RS"
309167;2020-09-20;"domingo";"18:00:00";"MG";146;512,9;"POCOS DE CALDAS";"Velocidade Incompatível";"Colisão frontal";"Com Vítimas Feridas";"Anoitecer";"Crescente";"Chuva";"Simples";"Curva";"Não";3;0;1;0;2;0;1;3;-21,77568643;-46,43228352;"SPRF-MG";"DEL09-MG";"UOP01-DEL09-MG"
309168;2020-09-20;"domingo";"19:15:00";"PR";277;609,9;"SANTA TEREZA DO OESTE";"Ingestão de Álcool";"Colisão transversal";"Com Vítimas Feridas";"Plena Noite";"Decrescente";"Céu Claro";"Simples";"Interseção de Vias;Reta";"Sim";2;0;0;1;0;1;1;2;-25,04968018;-53,61716509;"SPRF-PR";"DEL05-PR";"UOP02-DEL05-PR"
309169;2020-09-20;"domingo";"14:30:00";"MG";116;116,4;"ITAOBIM";"Velocidade Incompatível";"Colisão com objeto estático";"Com Vítimas Fatais";"Pleno dia";"Crescente";"Céu Claro";"Simples";"Ponte";"Sim";1;1;0;0;0;0;0;1;-16,565216;-41,504654;"SPRF-MG";"DEL11-MG";"UOP02-DEL11-MG"
309170;2020-09-20;"domingo";"18:50:00";"RJ";116;182;"NOVA IGUACU";"Ingestão de álcool e/ou substâncias psicoativas pelo pedestre";"Colisão com objeto estático";"Com Vítimas Feridas";"Plena Noite";"Decrescente";"Garoa/Chuvisco";"Dupla";"Reta";"Sim";1;0;1;0;0;0;1;1;-22,7567755;-43,43107234;"SPRF-RJ";"DEL01-RJ";"UOP02-DEL01-RJ"
309171;2020-09-20;"domingo";"14:20:00";"MG";365;867;"SANTA VITORIA";"Defeito Mecânico no Veículo";"Tombamento";"Com Vítimas Feridas";"Pleno dia";"Decrescente";"Céu Claro";"Simples";"Reta";"Não";2;0;2;0;0;0;2;1;-19,04680089;-50,47709301;"SPRF-MG";"DEL15-MG";"UOP03-DEL15-MG"
309172;2020-09-20;"domingo";"19:20:00";"SC";101;202;"SAO JOSE";"Falta de Atenção à Condução";"Colisão lateral";"Com Vítimas Feridas";"Plena Noite";"Crescente";"Nublado";"Dupla";"Reta";"Sim";2;0;1;0;1;0;1;2;-27,55711595;-48,61897889;"SPRF-SC";"DEL01-SC";"UOP01-DEL01-SC"
309173;2020-09-20;"domingo";"17:40:00";"CE";304;47;"ARACATI";"Desobediência às normas de trânsito pelo condutor";"Colisão traseira";"Com Vítimas Feridas";"Pleno dia";"Crescente";"Céu Claro";"Dupla";"Reta";"Sim";2;0;1;0;0;1;1;2;-4,57573881;-37,78945494;"SPRF-CE";"DEL03-CE";"UOP03-DEL03-CE"
309176;2020-09-20;"domingo";"16:20:00";"RJ";101;487;"ANGRA DOS REIS";"Desobediência às normas de trânsito pelo condutor";"Colisão transversal";"Com Vítimas Feridas";"Pleno dia";"Crescente";"Chuva";"Simples";"Interseção de Vias";"Sim";2;0;1;0;1;0;1;2;-22,96828891;-44,29864663;"SPRF-RJ";"DEL03-RJ";"UOP03-DEL03-RJ"
309177;2020-09-20;"domingo";"19:00:00";"GO";70;1;"AGUAS LINDAS DE GOIAS";"Agressão Externa";"Colisão com objeto estático";"Com Vítimas Feridas";"Plena Noite";"Crescente";"Céu Claro";"Dupla";"Reta";"Sim";2;0;1;0;1;0;1;1;-15,77579351;-48,23259001;"SPRF-DF";"DEL03-DF";"UOP02-DEL03-DF"
309178;2020-09-20;"domingo";"19:05:00";"PB";230;32,3;"BAYEUX";"Defeito na Via";"Queda de ocupante de veículo";"Com Vítimas Feridas";"Plena Noite";"Decrescente";"Céu Claro";"Simples";"Reta";"Sim";2;0;1;0;1;0;1;1;-7,143;-34,9192;"SPRF-PB";"DEL01-PB";"UOP01-DEL01-PB"
309179;2020-09-20;"domingo";"19:54:00";"DF";80;28,9;"BRASILIA";"Ingestão de Álcool";"Atropelamento de Pedestre";"Com Vítimas Feridas";"Plena Noite";"Crescente";"Céu Claro";"Simples";"Reta";"Não";2;0;0;1;1;0;1;2;-15,595818;-48,203102;"SPRF-DF";"DEL03-DF";"UOP02-DEL03-DF"
309181;2020-09-20;"domingo";"19:05:00";"PA";230;115;"MARABA";"Ingestão de Álcool";"Colisão traseira";"Com Vítimas Feridas";"Anoitecer";"Decrescente";"Céu Claro";"Dupla";"Reta";"Sim";3;0;2;0;1;0;2;2;-5,36104146;-49,0814209;"SPRF-PA";"DEL03-PA";"UOP01-DEL03-PA"
309183;2020-09-20;"domingo";"19:30:00";"GO";40;9,9;"LUZIANIA";"Falta de Atenção à Condução";"Colisão lateral";"Sem Vítimas";"Plena Noite";"Crescente";"Céu Claro";"Dupla";"Reta";"Sim";2;0;0;0;2;0;0;2;-16,131158;-47,957739;"SPRF-DF";"DEL01-DF";"UOP01-DEL01-DF"
309184;2020-09-20;"domingo";"19:25:00";"RJ";101;267;"RIO BONITO";"Falta de Atenção à Condução";"Colisão traseira";"Sem Vítimas";"Plena Noite";"Crescente";"Ignorado";"Dupla";"Reta";"Não";2;0;0;0;2;0;0;2;-22,70728329;-42,66059086;"SPRF-RJ";"DEL02-RJ";"UOP03-DEL02-RJ"
309185;2020-09-20;"domingo";"18:55:00";"MT";174;18,1;"PONTES E LACERDA";"Falta de Atenção à Condução";"Saída de leito carroçável";"Com Vítimas Fatais";"Plena Noite";"Decrescente";"Céu Claro";"Simples";"Curva";"Não";4;1;0;1;0;2;1;2;-15,180909;-59,447258;"SPRF-MT";"DEL04-MT";"UOP01-DEL04-MT"
309186;2020-09-20;"domingo";"18:45:00";"PR";376;494,9;"PONTA GROSSA";"Desobediência às normas de trânsito pelo condutor";"Colisão transversal";"Com Vítimas Feridas";"Plena Noite";"Decrescente";"Céu Claro";"Dupla";"Interseção de Vias";"Não";3;0;2;0;1;0;2;3;-25,16566955;-50,11640967;"SPRF-PR";"DEL03-PR";"UOP04-DEL03-PR"
309187;2020-09-20;"domingo";"19:00:00";"SP";153;61,2;"SAO JOSE DO RIO PRETO";"Ingestão de Álcool";"Saída de leito carroçável";"Sem Vítimas";"Amanhecer";"Decrescente";"Nublado";"Dupla";"Reta";"Sim";1;0;0;0;1;0;0;1;-20,80502876;-49,35574909;"SPRF-SP";"DEL09-SP";"UOP01-DEL09-SP"
309188;2020-09-20;"domingo";"17:45:00";"RJ";116;279;"BARRA MANSA";"Falta de Atenção à Condução";"Tombamento";"Com Vítimas Feridas";"Plena Noite";"Decrescente";"Chuva";"Dupla";"Reta";"Sim";1;0;1;0;0;0;1;1;-22,54744306;-44,1836602;"SPRF-RJ";"DEL07-RJ";"UOP02-DEL07-RJ"
309189;2020-09-20;"domingo";"20:00:00";"GO";70;6;"AGUAS LINDAS DE GOIAS";"Ingestão de Álcool";"Colisão transversal";"Com Vítimas Feridas";"Plena Noite";"Decrescente";"Céu Claro";"Dupla";"Reta";"Sim";4;0;2;0;0;2;2;3;-15,75049381;-48,2612381;"SPRF-DF";"DEL03-DF";"UOP02-DEL03-DF"
309190;2020-09-20;"domingo";"18:50:00";"PB";230;12,9;"CABEDELO";"Não guardar distância de segurança";"Colisão traseira";"Sem Vítimas";"Plena Noite";"Crescente";"Céu Claro";"Dupla";"Reta";"Sim";2;0;0;0;1;1;0;2;-7,08031953;-34,84906554;"SPRF-PB";"DEL01-PB";"UOP01-DEL01-PB"
309191;2020-09-20;"domingo";"20:05:00";"SP";153;64,5;"SAO JOSE DO RIO PRETO";"Ingestão de Álcool";"Saída de leito carroçável";"Com Vítimas Feridas";"Plena Noite";"Crescente";"Nublado";"Dupla";"Reta";"Sim";1;0;0;1;0;0;1;1;-20,83281297;-49,36364293;"SPRF-SP";"DEL09-SP";"UOP01-DEL09-SP"
309192;2020-09-20;"domingo";"19:40:00";"RS";285;133,7;"VACARIA";"Velocidade Incompatível";"Saída de leito carroçável";"Com Vítimas Feridas";"Anoitecer";"Decrescente";"Céu Claro";"Simples";"Reta";"Não";1;0;0;1;0;0;1;1;-28,433622;-51,013367;"SPRF-RS";"DEL05-RS";"UOP03-DEL05-RS"
309193;2020-09-20;"domingo";"17:00:00";"MG";116;757,9;"LEOPOLDINA";"Desobediência às normas de trânsito pelo condutor";"Colisão frontal";"Com Vítimas Feridas";"Anoitecer";"Crescente";"Nublado";"Simples";"Reta";"Não";3;0;0;1;2;0;1;2;-21,49867034;-42,59199078;"SPRF-MG";"DEL07-MG";"UOP01-DEL07-MG"
309194;2020-09-20;"domingo";"16:00:00";"MG";116;577,9;"MANHUACU";"Ingestão de Álcool";"Colisão frontal";"Com Vítimas Feridas";"Pleno dia";"Decrescente";"Céu Claro";"Simples";"Curva";"Não";4;0;3;1;0;0;4;2;-20,16991998;-42,18875093;"SPRF-MG";"DEL06-MG";"UOP03-DEL06-MG"
309195;2020-09-20;"domingo";"19:40:00";"BA";116;16,2;"VITORIA DA CONQUISTA";"Falta de Atenção à Condução";"Colisão lateral";"Com Vítimas Feridas";"Plena Noite";"Decrescente";"Nublado";"Simples";"Interseção de Vias";"Sim";2;0;1;0;1;0;1;2;-14,902375;-40,844638;"SPRF-PE";"DEL05-PE";"UOP03-DEL05-PE"
309196;2020-09-20;"domingo";"15:00:00";"MG";381;436;"SABARA";"Velocidade Incompatível";"Capotamento";"Sem Vítimas";"Pleno dia";"Decrescente";"Céu Claro";"Simples";"Curva";"Não";1;0;0;0;1;0;0;1;-19,804386;-43,76186596;"SPRF-MG";"DEL01-MG";"UOP01-DEL01-MG"
309197;2020-09-20;"domingo";"19:50:00";"SP";116;205;"ARUJA";"Falta de Atenção à Condução";"Colisão traseira";"Sem Vítimas";"Plena Noite";"Crescente";"Céu Claro";"Dupla";"Reta";"Não";1;0;0;0;1;0;0;1;-23,41475243;-46,36600788;"SPRF-SP";"DEL01-SP";"UOP01-DEL01-SP"
309198;2020-09-20;"domingo";"19:50:00";"RS";285;194;"LAGOA VERMELHA";"Ingestão de Álcool";"Colisão transversal";"Sem Vítimas";"Plena Noite";"Decrescente";"Céu Claro";"Simples";"Reta";"Não";2;0;0;0;2;0;0;2;-28,242582;-51,498211;"SPRF-RS";"DEL08-RS";"UOP05-DEL08-RS"