"id";"data_inversa";"dia_semana";"horario";"uf";"br";"km";"municipio";"causa_acidente";"tipo_acidente";"classificacao_acidente";"fase_dia";"sentido_via";"condicao_metereologica";"tipo_pista";"tracado_via";"uso_solo";"pessoas";"mortos";"feridos_leves";"feridos_graves";"ilesos";"ignorados";"feridos";"veiculos";"latitude";"longitude";"regional";"delegacia";"uop"
309317;2020-09-21;"segunda-feira";"09:30:00";"MG";40;728,2;"BARBACENA";"Velocidade Incompatível";"Saída de leito carroçável";"Com Vítimas Feridas";"Pleno dia";"Crescente";"Chuva";"Dupla";"Curva";"Não";1;0;1;0;0;0;1;1;-21,31842199;-43,58689599;"SPRF-MG";"DEL05-MG";"UOP01-DEL05-MG"
309319;2020-09-21;"segunda-feira";"10:10:00";"MG";365;656;"MONTE ALEGRE DE MINAS";"Desobediência às normas de trânsito pelo condutor";"Capotamento";"Com Vítimas Feridas";"Pleno dia";"Decrescente";"Garoa/Chuvisco";"Dupla";"Reta";"Não";4;0;1;0;3;0;1;1;-18,88179209;-48,6075449;"SPRF-MG";"DEL15-MG";"UOP01-DEL15-MG"
309320;2020-09-21;"segunda-feira";"07:00:00";"BA";110;396;"SAO SEBASTIAO DO PASSE";"Falta de Atenção à Condução";"Colisão transversal";"Com Vítimas Feridas";"Pleno dia";"Crescente";"Sol";"Simples";"Reta";"Sim";2;0;1;0;1;0;1;2;-12,50766107;-38,49626949;"SPRF-BA";"DEL01-BA";"UOP01-DEL01-BA"
309322;2020-09-21;"segunda-feira";"09:50:00";"SC";470;61;"BLUMENAU";"Desobediência às normas de trânsito pelo condutor";"Colisão traseira";"Com Vítimas Feridas";"Pleno dia";"Crescente";"Céu Claro";"Simples";"Reta";"Sim";2;0;1;1;0;0;2;2;-26,878952;-49,17421;"SPRF-SC";"DEL04-SC";"UOP01-DEL04-SC"
309324;2020-09-21;"segunda-feira";"10:35:00";"GO";40;7;"VALPARAISO DE GOIAS";"Pista Escorregadia";"Tombamento";"Com Vítimas Feridas";"Pleno dia";"Decrescente";"Nublado";"Dupla";"Reta";"Sim";2;0;2;0;0;0;2;1;-16,1135236;-47,96895862;"SPRF-DF";"DEL01-DF";"UOP01-DEL01-DF"
309327;2020-09-21;"segunda-feira";"10:50:00";"PR";476;128;"CURITIBA";"Falta de Atenção à Condução";"Queda de ocupante de veículo";"Com Vítimas Feridas";"Pleno dia";"Crescente";"Nublado";"Múltipla";"Reta";"Sim";2;0;2;0;0;0;2;1;-25,433048;-49,23156;"SPRF-PR";"DEL01-PR";"UOP03-DEL01-PR"
309328;2020-09-21;"segunda-feira";"10:00:00";"PR";153;207;"TIBAGI";"Velocidade Incompatível";"Saída de leito carroçável";"Com Vítimas Feridas";"Pleno dia";"Decrescente";"Sol";"Simples";"Curva";"Não";1;0;1;0;0;0;1;1;-24,53934;-50,44677;"SPRF-PR";"DEL03-PR";"UOP02-DEL03-PR"
309330;2020-09-21;"segunda-feira";"09:10:00";"MG";365;63,3;"JEQUITAI";"Condutor Dormindo";"Saída de leito carroçável";"Com Vítimas Feridas";"Pleno dia";"Crescente";"Sol";"Simples";"Curva";"Não";1;0;0;1;0;0;1;1;-17,03043769;-44,30995313;"SPRF-MG";"DEL12-MG";"UOP01-DEL12-MG"
309331;2020-09-21;"segunda-feira";"10:45:00";"MG";365;848,6;"SANTA VITORIA";"Animais na Pista";"Atropelamento de Animal";"Com Vítimas Feridas";"Pleno dia";"Crescente";"Nublado";"Simples";"Reta";"Não";1;0;1;0;0;0;1;1;-18,99635372;-50,30730844;"SPRF-MG";"DEL15-MG";"UOP03-DEL15-MG"
309332;2020-09-21;"segunda-feira";"07:00:00";"SC";101;134;"BALNEARIO CAMBORIU";"Desobediência às normas de trânsito pelo condutor";"Colisão transversal";"Com Vítimas Feridas";"Pleno dia";"Crescente";"Nublado";"Simples";"Interseção de Vias";"Sim";2;0;1;0;1;0;1;2;-26,99654133;-48,65564711;"SPRF-SC";"DEL04-SC";"UOP03-DEL04-SC"
309333;2020-09-21;"segunda-feira";"11:00:00";"SP";116;322;"JUQUITIBA";"Desobediência às normas de trânsito pelo condutor";"Colisão com objeto estático";"Com Vítimas Feridas";"Pleno dia";"Decrescente";"Garoa/Chuvisco";"Dupla";"Curva";"Não";1;0;1;0;0;0;1;1;-23,935106;-47,026682;"SPRF-SP";"DEL04-SP";"UOP01-DEL04-SP"
309334;2020-09-21;"segunda-feira";"09:00:00";"RJ";493;103;"ITAGUAI";"Falta de Atenção à Condução";"Saída de leito carroçável";"Com Vítimas Feridas";"Pleno dia";"Crescente";"Céu Claro";"Dupla";"Reta";"Não";1;0;0;1;0;0;1;1;-22,76193593;-43,73588562;"SPRF-RJ";"DEL03-RJ";"UOP01-DEL03-RJ"
309335;2020-08-30;"domingo";"18:15:00";"RR";432;185;"CANTA";"Ingestão de Álcool";"Colisão transversal";"Com Vítimas Feridas";"Anoitecer";"Crescente";"Céu Claro";"Simples";"Rotatória";"Não";10;0;1;3;4;2;4;4;2,58216813;-60,63977179;"SPRF-RR";"DEL01-RR";"UOP01-DEL01-RR"
309336;2020-09-21;"segunda-feira";"09:00:00";"PR";376;651;"TIJUCAS DO SUL";"Velocidade Incompatível";"Colisão com objeto estático";"Com Vítimas Feridas";"Pleno dia";"Decrescente";"Chuva";"Dupla";"Curva";"Não";5;0;1;0;4;0;1;1;-25,845243;-49,078578;"SPRF-PR";"DEL01-PR";"UOP04-DEL01-PR"
309338;2020-09-21;"segunda-feira";"11:40:00";"BA";116;417;"FEIRA DE SANTANA";"Falta de Atenção à Condução";"Tombamento";"Com Vítimas Feridas";"Pleno dia";"Decrescente";"Céu Claro";"Simples";"Reta";"Não";1;0;0;1;0;0;1;1;-12,177085;-38,96510687;"SPRF-BA";"DEL02-BA";"UOP01-DEL02-BA"
309339;2020-09-21;"segunda-feira";"09:10:00";"PR";376;651;"TIJUCAS DO SUL";"Velocidade Incompatível";"Colisão com objeto estático";"Com Vítimas Feridas";"Pleno dia";"Decrescente";"Garoa/Chuvisco";"Dupla";"Curva";"Não";2;0;1;0;1;0;1;1;-25,845243;-49,078578;"SPRF-PR";"DEL01-PR";"UOP04-DEL01-PR"
309340;2020-09-21;"segunda-feira";"11:30:00";"RS";290;95;"PORTO ALEGRE";"Falta de Atenção à Condução";"Tombamento";"Com Vítimas Feridas";"Pleno dia";"Decrescente";"Céu Claro";"Dupla";"Reta";"Sim";1;0;0;1;0;0;1;1;-29,982832;-51,201572;"SPRF-RS";"DEL01-RS";"UOP01-DEL01-RS"
309342;2020-09-21;"segunda-feira";"11:45:00";"SC";101;209,3;"SAO JOSE";"Falta de Atenção à Condução";"Colisão traseira";"Com Vítimas Feridas";"Pleno dia";"Crescente";"Céu Claro";"Dupla";"Reta";"Sim";2;0;0;1;1;0;1;2;-27,6100054162;-48,6389505713;"SPRF-SC";"DEL01-SC";"UOP01-DEL01-SC"
309345;2020-09-21;"segunda-feira";"08:30:00";"RO";425;98;"NOVA MAMORE";"Desobediência às normas de trânsito pelo condutor";"Colisão transversal";"Com Vítimas Feridas";"Pleno dia";"Crescente";"Céu Claro";"Simples";"Reta";"Sim";2;0;1;0;1;0;1;2;-10,394532;-65,324936;"SPRF-RO";"DEL01-RO";"UOP03-DEL01-RO"
309349;2020-08-22;"sábado";"21:00:00";"RO";319;45;"PORTO VELHO";"Restrição de Visibilidade";"Colisão traseira";"Com Vítimas Fatais";"Plena Noite";"Crescente";"Céu Claro";"Simples";"Reta";"Não";4;1;0;0;3;0;0;2;-8,68379899;-63,99440378;"SPRF-RO";"DEL01-RO";"UOP01-DEL01-RO"
309350;2020-09-21;"segunda-feira";"12:10:00";"SP";116;326,9;"JUQUITIBA";"Falta de Atenção à Condução";"Saída de leito carroçável";"Com Vítimas Feridas";"Pleno dia";"Crescente";"Chuva";"Dupla";"Reta";"Sim";1;0;1;0;0;0;1;1;-23,93901304;-47,06241203;"SPRF-SP";"DEL04-SP";"UOP01-DEL04-SP"
309351;2020-09-21;"segunda-feira";"13:20:00";"RJ";116;127;"MAGE";"Falta de Atenção à Condução";"Queda de ocupante de veículo";"Com Vítimas Feridas";"Pleno dia";"Crescente";"Céu Claro";"Dupla";"Reta";"Sim";1;0;1;0;0;0;1;1;-22,66137035;-43,09295957;"SPRF-RJ";"DEL04-RJ";"UOP02-DEL04-RJ"
309353;2020-09-21;"segunda-feira";"11:00:00";"SC";101;204;"SAO JOSE";"Mal Súbito";"Colisão com objeto estático";"Com Vítimas Feridas";"Pleno dia";"Crescente";"Nublado";"Dupla";"Reta";"Não";1;0;1;0;0;0;1;1;-27,6167305;-48,6457265;"SPRF-SC";"DEL01-SC";"UOP01-DEL01-SC"
309356;2020-09-21;"segunda-feira";"13:20:00";"SP";116;203,6;"ARUJA";"Não guardar distância de segurança";"Colisão lateral";"Com Vítimas Feridas";"Pleno dia";"Crescente";"Garoa/Chuvisco";"Dupla";"Reta";"Não";3;0;2;0;1;0;2;2;-23,41060827;-46,34763895;"SPRF-SP";"DEL01-SP";"UOP01-DEL01-SP"
309358;2020-09-21;"segunda-feira";"07:45:00";"MA";135;3;"SAO LUIS";"Desobediência às normas de trânsito pelo condutor";"Colisão lateral";"Com Vítimas Feridas";"Pleno dia";"Crescente";"Sol";"Dupla";"Reta";"Sim";2;0;1;0;1;0;1;2;-2,606802;-44,247512;"SPRF-MA";"DEL01-MA";"UOP01-DEL01-MA"
309359;2020-09-21;"segunda-feira";"13:00:00";"PE";232;79;"GRAVATA";"Ultrapassagem Indevida";"Colisão frontal";"Com Vítimas Feridas";"Pleno dia";"Crescente";"Céu Claro";"Simples";"Reta";"Sim";3;0;1;0;1;1;1;3;-8,19460572;-35,56074803;"SPRF-PE";"DEL02-PE";"UOP02-DEL02PE"
309361;2020-09-21;"segunda-feira";"13:20:00";"RS";386;179,3;"CARAZINHO";"Falta de Atenção à Condução";"Colisão transversal";"Com Vítimas Feridas";"Pleno dia";"Decrescente";"Céu Claro";"Simples";"Rotatória";"Sim";2;0;0;1;1;0;1;2;-28,295532;-52,753395;"SPRF-RS";"DEL08-RS";"UOP01-DEL08-RS"
309362;2020-09-21;"segunda-feira";"13:40:00";"RJ";116;163;"RIO DE JANEIRO";"Defeito Mecânico no Veículo";"Colisão traseira";"Com Vítimas Feridas";"Pleno dia";"Decrescente";"Garoa/Chuvisco";"Múltipla";"Reta";"Não";2;0;2;0;0;0;2;2;-22,802729;-43,290424;"SPRF-RJ";"DEL01-RJ";"UOP01-DEL01-RJ"
309363;2020-09-21;"segunda-feira";"13:00:00";"MG";365;643;"UBERLANDIA";"Avarias e/ou desgaste excessivo no pneu";"Saída de leito carroçável";"Com Vítimas Feridas";"Pleno dia";"Decrescente";"Chuva";"Dupla";"Aclive";"Não";8;0;3;3;2;0;6;3;-18,8808611;-48,49354102;"SPRF-MG";"DEL15-MG";"UOP01-DEL15-MG"
309364;2020-09-21;"segunda-feira";"05:40:00";"MG";267;32,2;"ARGIRITA";"Pista Escorregadia";"Saída de leito carroçável";"Com Vítimas Feridas";"Amanhecer";"Decrescente";"Chuva";"Simples";"Curva";"Não";1;0;1;0;0;0;1;1;-21,65213899;-42,85013179;"SPRF-MG";"DEL07-MG";"UOP01-DEL07-MG"
309365;2020-09-21;"segunda-feira";"13:37:00";"MG";381;603,6;"OLIVEIRA";"Velocidade Incompatível";"Saída de leito carroçável";"Com Vítimas Feridas";"Pleno dia";"Crescente";"Céu Claro";"Dupla";"Curva";"Não";5;0;2;1;2;0;3;1;-20,64973798;-44,73551891;"SPRF-MG";"DEL04-MG";"UOP01-DEL04-MG"
309367;2020-09-21;"segunda-feira";"14:15:00";"PE";101;68,5;"RECIFE";"Defeito na Via";"Colisão lateral";"Com Vítimas Feridas";"Pleno dia";"Crescente";"Sol";"Dupla";"Reta";"Sim";3;0;2;0;1;0;2;2;-8,05074296;-34,94580619;"SPRF-PE";"DEL01-PE";"UOP01-DEL01-PE"
309368;2020-08-29;"sábado";"23:50:00";"SP";116;218;"GUARULHOS";"Não guardar distância de segurança";"Colisão traseira";"Com Vítimas Feridas";"Plena Noite";"Decrescente";"Céu Claro";"Múltipla";"Reta";"Sim";3;0;1;0;2;0;1;3;-23,457972;-46,479927;"SPRF-SP";"DEL01-SP";"UOP01-DEL01-SP"
309369;2020-09-21;"segunda-feira";"14:35:00";"SC";282;22,5;"SANTO AMARO DA IMPERATRIZ";"Não guardar distância de segurança";"Colisão traseira";"Com Vítimas Feridas";"Pleno dia";"Crescente";"Céu Claro";"Simples";"Reta";"Sim";3;0;1;0;1;1;1;3;-27,688507;-48,72739;"SPRF-SC";"DEL01-SC";"UOP02-DEL01-SC"
309370;2020-09-21;"segunda-feira";"14:30:00";"BA";101;259;"SANTO ANTONIO DE JESUS";"Desobediência às normas de trânsito pelo condutor";"Colisão transversal";"Com Vítimas Feridas";"Pleno dia";"Decrescente";"Céu Claro";"Simples";"Reta";"Sim";2;0;0;1;1;0;1;2;-13,05707208;-39,28148909;"SPRF-BA";"DEL01-BA";"UOP02-DEL01-BA"
309376;2020-09-21;"segunda-feira";"13:40:00";"SP";116;363;"MIRACATU";"Pista Escorregadia";"Colisão com objeto estático";"Com Vítimas Feridas";"Pleno dia";"Crescente";"Garoa/Chuvisco";"Dupla";"Reta";"Não";1;0;1;0;0;0;1;1;-24,13038097;-47,27114281;"SPRF-SP";"DEL04-SP";"UOP02-DEL04-SP"
309378;2020-09-21;"segunda-feira";"15:25:00";"SP";116;220;"GUARULHOS";"Pista Escorregadia";"Tombamento";"Com Vítimas Feridas";"Pleno dia";"Crescente";"Chuva";"Múltipla";"Reta";"Sim";1;0;1;0;0;0;1;1;-23,46472809;-46,49793962;"SPRF-SP";"DEL01-SP";"UOP01-DEL01-SP"
309381;2020-09-21;"segunda-feira";"15:00:00";"PI";316;14,7;"TERESINA";"Desobediência às normas de trânsito pelo condutor";"Colisão frontal";"Com Vítimas Fatais";"Pleno dia";"Crescente";"Céu Claro";"Simples";"Reta";"Não";2;1;1;0;0;0;1;2;-5,2096314;-42,75526995;"SPRF-PI";"DEL01-PI";"UOP02-DEL01-PI"
309383;2020-09-21;"segunda-feira";"07:10:00";"SC";280;304;"PORTO UNIAO";"Falta de Atenção à Condução";"Colisão traseira";"Com Vítimas Feridas";"Pleno dia";"Crescente";"Nublado";"Simples";"Reta";"Sim";2;0;1;1;0;0;2;2;-26,27999553;-51,05063229;"SPRF-SC";"DEL06-SC";"UOP04-DEL06-SC"
309384;2020-02-23;"domingo";"11:10:00";"ES";259;16;"JOAO NEIVA";"Desobediência às normas de trânsito pelo condutor";"Colisão frontal";"Com Vítimas Feridas";"Pleno dia";"Crescente";"Garoa/Chuvisco";"Simples";"Curva";"Não";6;0;0;2;4;0;2;2;-19,65668001;-40,423168;"SPRF-ES";"DEL02-ES";"UOP01-DEL02-ES"
309388;2020-09-21;"segunda-feira";"14:15:00";"PR";163;326;"GUAIRA";"Falta de Atenção à Condução";"Capotamento";"Com Vítimas Feridas";"Pleno dia";"Decrescente";"Céu Claro";"Simples";"Reta";"Não";2;0;1;1;0;0;2;1;-24,29305216;-54,16626627;"SPRF-PR";"DEL06-PR";"UOP01-DEL06-PR"
309389;2020-09-21;"segunda-feira";"14:30:00";"MT";70;498;"CUIABA";"Não guardar distância de segurança";"Colisão traseira";"Com Vítimas Feridas";"Pleno dia";"Crescente";"Nublado";"Simples";"Reta";"Não";3;0;1;0;2;0;1;2;-15,68932746;-55,9068932;"SPRF-MT";"DEL01-MT";"UOP02-DEL01-MT"
309395;2020-09-21;"segunda-feira";"15:40:00";"BA";324;613;"SALVADOR";"Defeito Mecânico no Veículo";"Tombamento";"Com Vítimas Feridas";"Pleno dia";"Crescente";"Sol";"Dupla";"Reta";"Sim";2;0;2;0;0;0;2;1;-12,85531601;-38,42055197;"SPRF-BA";"DEL01-BA";"UOP01-DEL01-BA"
309397;2020-09-21;"segunda-feira";"15:40:00";"PE";101;31;"IGARASSU";"Falta de Atenção à Condução";"Colisão lateral";"Com Vítimas Feridas";"Pleno dia";"Decrescente";"Céu Claro";"Múltipla";"Curva";"Não";2;0;1;0;1;0;1;2;-7,74443874;-34,93872764;"SPRF-PE";"DEL01-PE";"UOP02-DEL01-PE"
309398;2020-09-21;"segunda-feira";"16:20:00";"ES";101;203,9;"JOAO NEIVA";"Desobediência às normas de trânsito pelo condutor";"Atropelamento de Pedestre";"Com Vítimas Feridas";"Pleno dia";"Crescente";"Nublado";"Simples";"Reta";"Sim";2;0;1;1;0;0;2;2;-19,74448248;-40,37263506;"SPRF-ES";"DEL02-ES";"UOP01-DEL02-ES"
309399;2020-09-21;"segunda-feira";"16:30:00";"GO";70;0,3;"AGUAS LINDAS DE GOIAS";"Defeito Mecânico no Veículo";"Colisão traseira";"Com Vítimas Feridas";"Pleno dia";"Crescente";"Garoa/Chuvisco";"Dupla";"Curva;Aclive";"Não";2;0;1;0;1;0;1;2;-15,783543;-48,2326;"SPRF-DF";"DEL03-DF";"UOP02-DEL03-DF"
309400;2020-09-21;"segunda-feira";"16:50:00";"GO";40;5,5;"VALPARAISO DE GOIAS";"Falta de Atenção à Condução";"Colisão transversal";"Com Vítimas Feridas";"Pleno dia";"Crescente";"Chuva";"Dupla";"Reta;Retorno Regulamentado";"Sim";2;0;1;0;1;0;1;2;-16,09722236;-47,97963565;"SPRF-DF";"DEL01-DF";"UOP01-DEL01-DF"
309401;2020-09-21;"segunda-feira";"13:30:00";"RN";101;165,7;"CANGUARETAMA";"Não guardar distância de segurança";"Colisão traseira";"Com Vítimas Feridas";"Pleno dia";"Crescente";"Sol";"Dupla";"Reta";"Não";4;0;1;1;2;0;2;2;-6,40913892;-35,13083887;"SPRF-RN";"DEL01-RN";"UOP01-DEL01-RN"
309403;2020-09-21;"segunda-feira";"17:02:00";"RS";392;1,6;"CAPAO DO LEAO";"Falta de Atenção à Condução";"Colisão transversal";"Com Vítimas Feridas";"Pleno dia";"Crescente";"Sol";"Simples";"Reta";"Sim";2;0;1;0;1;0;1;2;-31,7602;-52,4381;"SPRF-RS";"DEL07-RS";"UOP01-DEL07-RS"
309405;2020-09-21;"segunda-feira";"16:40:00";"RN";226;69,4;"SERRA CAIADA";"Falta de Atenção à Condução";"Colisão transversal";"Com Vítimas Feridas";"Pleno dia";"Crescente";"Céu Claro";"Simples";"Reta";"Sim";4;0;1;0;3;0;1;2;-6,111608;-35,712758;"SPRF-RN";"DEL03-RN";"UOP02-DEL03-RN"
309410;2020-09-21;"segunda-feira";"17:25:00";"DF";60;24;"BRASILIA";"Pista Escorregadia";"Queda de ocupante de veículo";"Com Vítimas Feridas";"Anoitecer";"Decrescente";"Chuva";"Dupla";"Reta";"Não";1;0;1;0;0;0;1;1;-15,991807;-48,232067;"SPRF-DF";"DEL03-DF";"UOP01-DEL03-DF"
309411;2020-09-21;"segunda-feira";"15:56:00";"MG";381;867;"POUSO ALEGRE";"Defeito Mecânico no Veículo";"Queda de ocupante de veículo";"Com Vítimas Feridas";"Pleno dia";"Decrescente";"Nublado";"Dupla";"Reta";"Não";2;0;2;0;0;0;2;1;-22,411919;-45,96177005;"SPRF-MG";"DEL16-MG";"UOP01-DEL16-MG"
309414;2020-09-21;"segunda-feira";"15:30:00";"MT";174;1,7;"PONTES E LACERDA";"Desobediência às normas de trânsito pelo condutor";"Colisão transversal";"Com Vítimas Feridas";"Pleno dia";"Decrescente";"Céu Claro";"Simples";"Reta";"Sim";2;0;1;0;1;0;1;2;-15,25124;-59,32713;"SPRF-MT";"DEL04-MT";"UOP01-DEL04-MT"
309415;2020-09-21;"segunda-feira";"17:20:00";"MG";381;481;"CONTAGEM";"Desobediência às normas de trânsito pelo condutor";"Colisão lateral";"Com Vítimas Feridas";"Anoitecer";"Crescente";"Céu Claro";"Dupla";"Reta";"Sim";2;0;1;0;1;0;1;2;-19,95931561;-44,08825597;"SPRF-MG";"DEL01-MG";"UOP03-DEL01-MG"
309416;2020-09-21;"segunda-feira";"15:50:00";"MA";135;31,1;"BACABEIRA";"Defeito Mecânico no Veículo";"Capotamento";"Sem Vítimas";"Pleno dia";"Decrescente";"Céu Claro";"Simples";"Reta";"Não";1;0;0;0;1;0;0;1;-2,81307801;-44,37432281;"SPRF-MA";"DEL01-MA";"UOP01-DEL01-MA"
309418;2020-09-21;"segunda-feira";"18:15:00";"SC";101;117,9;"ITAJAI";"Desobediência às normas de trânsito pelo condutor";"Queda de ocupante de veículo";"Com Vítimas Feridas";"Anoitecer";"Crescente";"Nublado";"Dupla";"Reta";"Sim";1;0;1;0;0;0;1;1;-26,88747187;-48,72252969;"SPRF-SC";"DEL04-SC";"UOP04-DEL04-SC"
309419;2020-09-21;"segunda-feira";"18:30:00";"SC";101;211;"PALHOCA";"Falta de Atenção à Condução";"Colisão lateral";"Com Vítimas Feridas";"Plena Noite";"Decrescente";"Céu Claro";"Dupla";"Reta";"Sim";2;0;1;0;1;0;1;2;-27,62329313;-48,65245588;"SPRF-SC";"DEL01-SC";"UOP02-DEL01-SC"
309420;2020-09-21;"segunda-feira";"18:30:00";"SP";116;272,3;"TABOAO DA SERRA";"Não guardar distância de segurança";"Colisão traseira";"Com Vítimas Feridas";"Plena Noite";"Crescente";"Nublado";"Dupla";"Reta";"Não";2;0;1;0;1;0;1;2;-23,621691;-46,813288;"SPRF-SP";"DEL04-SP";"UOP01-DEL04-SP"
309422;2020-09-21;"segunda-feira";"18:30:00";"RS";158;564,9;"SANTANA DO LIVRAMENTO";"Não guardar distância de segurança";"Colisão traseira";"Com Vítimas Feridas";"Anoitecer";"Decrescente";"Céu Claro";"Simples";"Interseção de Vias";"Sim";2;0;1;0;1;0;1;2;-30,87405074;-55,51119089;"SPRF-RS";"DEL11-RS";"UOP01-DEL11-RS"
309423;2020-09-21;"segunda-feira";"18:20:00";"PI";20;333;"SANTO ANTONIO DE LISBOA";"Falta de Atenção do Pedestre";"Atropelamento de Pedestre";"Com Vítimas Fatais";"Plena Noite";"Crescente";"Nublado";"Simples";"Reta";"Não";2;1;0;0;0;1;0;2;-7,05602222;-41,23787169;"SPRF-PI";"DEL04-PI";"UOP01-DEL04-PI"
309424;2020-09-21;"segunda-feira";"18:50:00";"PR";376;168,7;"MARINGA";"Ingestão de Álcool";"Colisão traseira";"Com Vítimas Feridas";"Plena Noite";"Crescente";"Céu Claro";"Dupla";"Reta";"Não";4;0;1;0;3;0;1;3;-23,39969284;-52,00129509;"SPRF-PR";"DEL09-PR";"UOP01-DEL09-PR"
309429;2020-09-21;"segunda-feira";"18:20:00";"MG";267;65,9;"BICAS";"Desobediência às normas de trânsito pelo condutor";"Colisão frontal";"Com Vítimas Fatais";"Plena Noite";"Decrescente";"Chuva";"Simples";"Reta";"Não";7;1;4;2;0;0;6;2;-21,73321861;-43,09179399;"SPRF-MG";"DEL05-MG";"UOP01-DEL05-MG"
309431;2020-09-12;"sábado";"19:55:00";"ES";262;156,5;"IBATIBA";"Ultrapassagem Indevida";"Colisão frontal";"Com Vítimas Fatais";"Plena Noite";"Crescente";"Céu Claro";"Simples";"Reta";"Sim";3;1;0;2;0;0;2;2;-20,230645;-41,485398;"SPRF-ES";"DEL01-ES";"UOP02-DEL01-ES"
309432;2020-09-21;"segunda-feira";"17:40:00";"SC";282;522,5;"XAXIM";"Restrição de Visibilidade";"Colisão traseira";"Com Vítimas Feridas";"Pleno dia";"Crescente";"Sol";"Simples";"Rotatória";"Não";2;0;1;0;1;0;1;2;-26,963129;-52,548851;"SPRF-SC";"DEL07-SC";"UOP01-DEL07-SC"
309433;2020-09-21;"segunda-feira";"14:00:00";"SC";101;105;"PENHA";"Não guardar distância de segurança";"Queda de ocupante de veículo";"Com Vítimas Feridas";"Pleno dia";"Crescente";"Nublado";"Dupla";"Reta";"Não";4;0;1;0;1;2;1;3;-26,80215497;-48,67891041;"SPRF-SC";"DEL03-SC";"UOP02-DEL03-SC"
309434;2020-09-21;"segunda-feira";"14:21:00";"SC";101;105;"PENHA";"Falta de Atenção à Condução";"Colisão traseira";"Com Vítimas Feridas";"Pleno dia";"Crescente";"Nublado";"Dupla";"Curva";"Sim";6;0;1;0;5;0;1;5;-26,79281742;-48,68080819;"SPRF-SC";"DEL03-SC";"UOP02-DEL03-SC"
309436;2020-09-21;"segunda-feira";"14:11:00";"SC";101;104;"PENHA";"Não guardar distância de segurança";"Colisão traseira";"Com Vítimas Feridas";"Pleno dia";"Decrescente";"Nublado";"Dupla";"Reta";"Não";3;0;2;0;1;0;2;2;-26,79281742;-48,68080819;"SPRF-SC";"DEL03-SC";"UOP02-DEL03-SC"
309437;2020-09-21;"segunda-feira";"18:30:00";"RJ";116;170;"RIO DE JANEIRO";"Pista Escorregadia";"Colisão traseira";"Com Vítimas Feridas";"Plena Noite";"Crescente";"Chuva";"Múltipla";"Reta";"Sim";2;0;1;0;1;0;1;2;-22,7907347;-43,37008823;"SPRF-RJ";"DEL01-RJ";"UOP02-DEL01-RJ"
309438;2020-09-21;"segunda-feira";"12:15:00";"MA";230;522;"CAROLINA";"Falta de Atenção à Condução";"Capotamento";"Com Vítimas Fatais";"Pleno dia";"Crescente";"Céu Claro";"Simples";"Reta";"Não";1;1;0;0;0;0;0;1;-7,4104198;-47,017549;"SPRF-MA";"DEL05-MA";"UOP01-DEL05-MA"
309439;2020-09-21;"segunda-feira";"19:00:00";"PE";428;180,5;"PETROLINA";"Animais na Pista";"Atropelamento de Animal";"Com Vítimas Feridas";"Plena Noite";"Decrescente";"Céu Claro";"Simples";"Reta";"Não";1;0;0;1;0;0;1;1;-9,30620057;-40,45277596;"SPRF-PE";"DEL06-PE";"UOP01-DEL06-PE"
309440;2020-09-21;"segunda-feira";"18:15:00";"BA";324;623;"SALVADOR";"Falta de Atenção à Condução";"Colisão traseira";"Com Vítimas Feridas";"Anoitecer";"Crescente";"Céu Claro";"Dupla";"Reta";"Sim";2;0;1;0;1;0;1;2;-12,92628699;-38,46838679;"SPRF-BA";"DEL01-BA";"UOP01-DEL01-BA"
309441;2020-09-21;"segunda-feira";"18:40:00";"SP";116;153,6;"SAO JOSE DOS CAMPOS";"Não guardar distância de segurança";"Colisão traseira";"Com Vítimas Feridas";"Plena Noite";"Crescente";"Chuva";"Dupla";"Reta";"Não";3;0;1;0;2;0;1;3;-23,23262274;-45,91372624;"SPRF-SP";"DEL02-SP";"UOP01-DEL02-SP"
309442;2020-09-21;"segunda-feira";"19:30:00";"PR";116;15;"COLOMBO";"Falta de Atenção à Condução";"Colisão frontal";"Com Vítimas Feridas";"Plena Noite";"Crescente";"Nublado";"Simples";"Aclive";"Sim";2;0;0;1;1;0;1;2;-25,3848;-49,1711;"SPRF-PR";"DEL01-PR";"UOP02-DEL01-PR"
309443;2020-09-21;"segunda-feira";"19:00:00";"SC";101;156;"PORTO BELO";"Falta de Atenção à Condução";"Tombamento";"Com Vítimas Feridas";"Plena Noite";"Decrescente";"Céu Claro";"Dupla";"Reta";"Não";1;0;1;0;0;0;1;1;-27,172272;-48,61170204;"SPRF-SC";"DEL04-SC";"UOP03-DEL04-SC"
309444;2020-09-21;"segunda-feira";"19:45:00";"SP";153;78,8;"BADY BASSITT";"Falta de Atenção à Condução";"Colisão transversal";"Com Vítimas Feridas";"Plena Noite";"Crescente";"Nublado";"Múltipla";"Reta";"Não";4;0;1;1;2;0;2;2;-20,90428329;-49,46169392;"SPRF-SP";"DEL09-SP";"UOP01-DEL09-SP"
309445;2020-09-21;"segunda-feira";"19:40:00";"SC";101;209;"SAO JOSE";"Falta de Atenção à Condução";"Colisão traseira";"Com Vítimas Feridas";"Plena Noite";"Decrescente";"Céu Claro";"Dupla";"Reta";"Sim";2;0;1;0;1;0;1;2;-27,61000542;-48,63895057;"SPRF-SC";"DEL01-SC";"UOP01-DEL01-SC"