"id";"data_inversa";"dia_semana";"horario";"uf";"br";"km";"municipio";"causa_acidente";"tipo_acidente";"classificacao_acidente";"fase_dia";"sentido_via";"condicao_metereologica";"tipo_pista";"tracado_via";"uso_solo";"pessoas";"mortos";"feridos_leves";"feridos_graves";"ilesos";"ignorados";"feridos";"veiculos";"latitude";"longitude";"regional";"delegacia";"uop"
309580;2020-09-22;"terça-feira";"15:00:00";"BA";324;612;"SALVADOR";"Condutor Dormindo";"Colisão com objeto estático";"Com Vítimas Feridas";"Pleno dia";"Crescente";"Céu Claro";"Dupla";"Reta";"Não";3;0;1;0;2;0;1;1;-12,8614143;-38,4227798;"SPRF-BA";"DEL01-BA";"UOP01-DEL01-BA"
309585;2020-09-22;"terça-feira";"15:19:00";"SC";101;210;"SAO JOSE";"Falta de Atenção à Condução";"Colisão traseira";"Com Vítimas Feridas";"Pleno dia";"Decrescente";"Nublado";"Múltipla";"Reta";"Sim";3;0;1;0;2;0;1;3;-27,6167305;-48,6457265;"SPRF-SC";"DEL01-SC";"UOP01-DEL01-SC"
309589;2020-09-22;"terça-feira";"15:15:00";"SP";116;33,9;"CRUZEIRO";"Pista Escorregadia";"Tombamento";"Com Vítimas Feridas";"Pleno dia";"Crescente";"Garoa/Chuvisco";"Simples";"Rotatória";"Não";1;0;1;0;0;0;1;1;-22,64775685;-44,95420606;"SPRF-SP";"DEL08-SP";"UOP02-DEL08-SP"
309590;2020-09-22;"terça-feira";"15:30:00";"MG";381;584;"CARMOPOLIS DE MINAS";"Velocidade Incompatível";"Saída de leito carroçável";"Com Vítimas Feridas";"Pleno dia";"Crescente";"Chuva";"Dupla";"Curva";"Não";1;0;1;0;0;0;1;1;-20,52949002;-44,63874994;"SPRF-MG";"DEL04-MG";"UOP01-DEL04-MG"
309592;2020-09-22;"terça-feira";"12:45:00";"RJ";101;59;"CAMPOS DOS GOYTACAZES";"Falta de Atenção à Condução";"Colisão traseira";"Com Vítimas Feridas";"Pleno dia";"Crescente";"Chuva";"Dupla";"Reta";"Sim";4;0;3;0;1;0;3;2;-21,71069418;-41,30864203;"SPRF-RJ";"DEL08-RJ";"UOP01-DEL08-RJ"
309594;2020-09-22;"terça-feira";"15:30:00";"PI";343;341,6;"TERESINA";"Desobediência às normas de trânsito pelo condutor";"Colisão traseira";"Sem Vítimas";"Pleno dia";"Decrescente";"Céu Claro";"Dupla";"Retorno Regulamentado";"Sim";3;0;0;0;3;0;0;3;-5,077812;-42,744255;"SPRF-PI";"DEL01-PI";"UOP01-DEL01-PI"
309596;2020-09-22;"terça-feira";"14:20:00";"RJ";101;309;"SAO GONCALO";"Falta de Atenção à Condução";"Queda de ocupante de veículo";"Com Vítimas Feridas";"Pleno dia";"Crescente";"Nublado";"Dupla";"Curva";"Sim";1;0;0;1;0;0;1;1;-22,79498873;-43,03446105;"SPRF-RJ";"DEL02-RJ";"UOP02-DEL02-RJ"
309598;2020-09-22;"terça-feira";"12:04:00";"MG";40;827,9;"SIMAO PEREIRA";"Velocidade Incompatível";"Colisão com objeto estático";"Com Vítimas Feridas";"Pleno dia";"Decrescente";"Chuva";"Dupla";"Curva";"Não";1;0;0;1;0;0;1;1;-21,98932602;-43,2844189;"SPRF-MG";"DEL05-MG";"UOP01-DEL05-MG"
309600;2020-09-22;"terça-feira";"15:30:00";"AM";174;885,5;"MANAUS";"Falta de Atenção à Condução";"Colisão traseira";"Com Vítimas Feridas";"Pleno dia";"Crescente";"Céu Claro";"Simples";"Aclive";"Não";3;0;0;1;1;1;1;3;-2,96448848;-60,02343676;"SPRF-AM";"DEL01-AM";"UOP01-DEL01-AM"
309601;2020-09-22;"terça-feira";"16:50:00";"MG";381;483,7;"BETIM";"Pista Escorregadia";"Tombamento";"Com Vítimas Feridas";"Pleno dia";"Crescente";"Chuva";"Múltipla";"Curva";"Sim";1;0;1;0;0;0;1;1;-19,96011866;-44,0826416;"SPRF-MG";"DEL01-MG";"UOP03-DEL01-MG"
309602;2020-09-22;"terça-feira";"16:50:00";"ES";101;287,6;"CARIACICA";"Falta de Atenção à Condução";"Colisão transversal";"Com Vítimas Feridas";"Pleno dia";"Decrescente";"Nublado";"Dupla";"Reta";"Não";2;0;1;0;1;0;1;2;-20,25442682;-40,37471294;"SPRF-ES";"DEL01-ES";"UOP01-DEL01-ES"
309605;2020-09-22;"terça-feira";"17:05:00";"MG";40;804,6;"MATIAS BARBOSA";"Velocidade Incompatível";"Saída de leito carroçável";"Com Vítimas Feridas";"Pleno dia";"Crescente";"Chuva";"Dupla";"Curva";"Sim";2;0;2;0;0;0;2;1;-21,86313979;-43,37348589;"SPRF-MG";"DEL05-MG";"UOP01-DEL05-MG"
309607;2020-09-22;"terça-feira";"15:50:00";"PB";101;84;"BAYEUX";"Desobediência às normas de trânsito pelo condutor";"Colisão frontal";"Com Vítimas Feridas";"Pleno dia";"Crescente";"Céu Claro";"Dupla";"Reta";"Não";2;0;0;2;0;0;2;2;-7,13957906;-34,92312806;"SPRF-PB";"DEL01-PB";"UOP01-DEL01-PB"
309611;2020-09-22;"terça-feira";"17:25:00";"SP";116;517;"CAJATI";"Falta de Atenção à Condução";"Saída de leito carroçável";"Com Vítimas Feridas";"Pleno dia";"Decrescente";"Nublado";"Dupla";"Curva";"Não";1;0;1;0;0;0;1;1;-24,88137544;-48,22302818;"SPRF-SP";"DEL05-SP";"UOP02-DEL05-SP"
309612;2020-09-22;"terça-feira";"17:50:00";"SP";153;64;"SAO JOSE DO RIO PRETO";"Ingestão de Álcool";"Colisão traseira";"Sem Vítimas";"Anoitecer";"Decrescente";"Céu Claro";"Dupla";"Reta";"Sim";3;0;0;0;3;0;0;3;-20,82919401;-49,36046325;"SPRF-SP";"DEL09-SP";"UOP01-DEL09-SP"
309614;2020-09-22;"terça-feira";"18:00:00";"PB";230;463,9;"SOUSA";"Desobediência às normas de trânsito pelo condutor";"Colisão transversal";"Com Vítimas Feridas";"Anoitecer";"Crescente";"Céu Claro";"Simples";"Rotatória";"Sim";2;0;1;0;1;0;1;2;-6,7783;-38,2256;"SPRF-PB";"DEL03-PB";"UOP03-DEL03-PB"
309615;2020-09-22;"terça-feira";"18:00:00";"MG";459;99,1;"POUSO ALEGRE";"Velocidade Incompatível";"Saída de leito carroçável";"Com Vítimas Feridas";"Anoitecer";"Crescente";"Nublado";"Dupla";"Reta";"Sim";2;0;2;0;0;0;2;1;-22,203484;-45,951649;"SPRF-MG";"DEL16-MG";"UOP01-DEL16-MG"
309616;2020-09-05;"sábado";"06:15:00";"PA";10;181,6;"IPIXUNA DO PARA";"Falta de Atenção à Condução";"Colisão traseira";"Com Vítimas Feridas";"Pleno dia";"Crescente";"Céu Claro";"Simples";"Aclive";"Não";2;0;0;1;0;1;1;2;-2,84993498;-47,44165687;"SPRF-PA";"DEL02-PA";"UOP01-DEL02-PA"
309617;2020-09-22;"terça-feira";"18:10:00";"SC";101;197,3;"BIGUACU";"Falta de Atenção à Condução";"Colisão traseira";"Com Vítimas Feridas";"Plena Noite";"Crescente";"Céu Claro";"Dupla";"Declive";"Sim";2;0;1;0;1;0;1;2;-27,51844497;-48,63848496;"SPRF-SC";"DEL01-SC";"UOP01-DEL01-SC"
309618;2020-09-22;"terça-feira";"17:00:00";"MS";262;327,8;"CAMPO GRANDE";"Desobediência às normas de trânsito pelo condutor";"Colisão traseira";"Com Vítimas Feridas";"Anoitecer";"Decrescente";"Nublado";"Dupla";"Reta";"Sim";2;0;1;0;1;0;1;2;-20,46657314;-54,54372903;"SPRF-MS";"DEL01-MS";"UOP01-DEL01-MS"
309619;2020-09-22;"terça-feira";"17:40:00";"SC";101;158;"TIJUCAS";"Falta de Atenção à Condução";"Colisão lateral";"Com Vítimas Feridas";"Anoitecer";"Decrescente";"Céu Claro";"Dupla";"Reta";"Não";2;0;1;0;1;0;1;2;-27,19096301;-48,61259017;"SPRF-SC";"DEL04-SC";"UOP03-DEL04-SC"
309621;2020-09-22;"terça-feira";"18:00:00";"ES";101;207,3;"JOAO NEIVA";"Desobediência às normas de trânsito pelo condutor";"Saída de leito carroçável";"Com Vítimas Feridas";"Anoitecer";"Decrescente";"Nublado";"Dupla";"Reta";"Não";1;0;0;1;0;0;1;1;-19,77204724;-40,37105854;"SPRF-ES";"DEL02-ES";"UOP01-DEL02-ES"
309622;2020-09-22;"terça-feira";"17:35:00";"RS";290;107;"ELDORADO DO SUL";"Falta de Atenção à Condução";"Colisão transversal";"Com Vítimas Feridas";"Pleno dia";"Decrescente";"Céu Claro";"Simples";"Rotatória";"Sim";2;0;1;0;1;0;1;2;-30,001852;-51,304264;"SPRF-RS";"DEL02-RS";"UOP01-DEL02-RS"
309624;2020-09-22;"terça-feira";"17:30:00";"MS";60;480,7;"MARACAJU";"Animais na Pista";"Saída de leito carroçável";"Com Vítimas Feridas";"Anoitecer";"Decrescente";"Céu Claro";"Simples";"Reta";"Não";1;0;1;0;0;0;1;1;-21,10946;-55,357796;"SPRF-MS";"DEL01-MS";"UOP04-DEL01-MS"
309625;2020-09-22;"terça-feira";"18:40:00";"SC";101;204;"SAO JOSE";"Não guardar distância de segurança";"Colisão lateral";"Com Vítimas Feridas";"Plena Noite";"Decrescente";"Céu Claro";"Múltipla";"Reta";"Sim";2;0;1;0;1;0;1;2;-27,575644;-48,61315012;"SPRF-SC";"DEL01-SC";"UOP01-DEL01-SC"
309628;2020-09-22;"terça-feira";"12:50:00";"MT";163;594,8;"NOVA MUTUM";"Falta de Atenção à Condução";"Tombamento";"Com Vítimas Feridas";"Pleno dia";"Crescente";"Nublado";"Dupla";"Reta";"Sim";1;0;1;0;0;0;1;1;-13,96101898;-56,09763026;"SPRF-MT";"DEL01-MT";"UOP01-DEL01-MT"
309629;2020-09-22;"terça-feira";"18:05:00";"BA";116;13;"VITORIA DA CONQUISTA";"Falta de Atenção à Condução";"Colisão transversal";"Com Vítimas Feridas";"Plena Noite";"Decrescente";"Céu Claro";"Simples";"Reta";"Sim";2;0;0;1;1;0;1;2;-14,88941007;-40,87013222;"SPRF-BA";"DEL08-BA";"UOP01-DEL08-BA"
309631;2020-09-22;"terça-feira";"18:00:00";"PB";230;6,2;"CABEDELO";"Defeito Mecânico no Veículo";"Incêndio";"Sem Vítimas";"Plena Noite";"Crescente";"Céu Claro";"Simples";"Reta";"Sim";1;0;0;0;0;1;0;1;-7,02;-34,8359;"SPRF-PB";"DEL01-PB";"UOP01-DEL01-PB"
309632;2020-09-22;"terça-feira";"12:10:00";"PR";277;584;"CASCAVEL";"Agressão Externa";"Queda de ocupante de veículo";"Com Vítimas Feridas";"Pleno dia";"Decrescente";"Céu Claro";"Simples";"Interseção de Vias";"Não";1;0;1;0;0;0;1;1;-24,96684176;-53,40258186;"SPRF-PR";"DEL04-PR";"UOP01-DEL04-PR"
309633;2020-09-22;"terça-feira";"18:50:00";"PI";230;307,6;"FLORIANO";"Falta de Atenção do Pedestre";"Atropelamento de Pedestre";"Com Vítimas Feridas";"Plena Noite";"Crescente";"Céu Claro";"Simples";"Reta";"Não";2;0;0;1;1;0;1;2;-6,78667452;-42,99358035;"SPRF-PI";"DEL03-PI";"UOP01-DEL03-PI"
309634;2020-09-22;"terça-feira";"12:00:00";"PA";230;762;"MEDICILANDIA";"Defeito Mecânico no Veículo";"Capotamento";"Com Vítimas Feridas";"Pleno dia";"Decrescente";"Sol";"Simples";"Declive";"Não";4;0;0;3;0;1;3;2;-3,50066848;-53,04893602;"SPRF-PA";"DEL04-PA";"UOP01-DEL04-PA"
309635;2020-09-22;"terça-feira";"19:20:00";"ES";101;370,8;"ANCHIETA";"Ingestão de Álcool";"Atropelamento de Pedestre";"Com Vítimas Feridas";"Plena Noite";"Crescente";"Chuva";"Simples";"Reta";"Não";2;0;0;2;0;0;2;2;-20,76871121;-40,75999937;"SPRF-ES";"DEL03-ES";"UOP01-DEL03-ES"
309636;2020-09-22;"terça-feira";"18:40:00";"RJ";493;11;"GUAPIMIRIM";"Defeito na Via";"Colisão frontal";"Com Vítimas Feridas";"Plena Noite";"Crescente";"Chuva";"Simples";"Reta";"Não";3;0;0;2;1;0;2;2;-22,68668536;-42,95909846;"SPRF-RJ";"DEL04-RJ";"UOP02-DEL04-RJ"
309637;2020-09-22;"terça-feira";"19:10:00";"RS";116;245,3;"SAO LEOPOLDO";"Falta de Atenção à Condução";"Colisão traseira";"Com Vítimas Feridas";"Plena Noite";"Crescente";"Céu Claro";"Dupla";"Reta";"Sim";4;0;1;0;3;0;1;3;-29,74980902;-51,15125361;"SPRF-RS";"DEL01-RS";"UOP02-DEL01-RS"
309638;2020-09-06;"domingo";"11:00:00";"MG";153;47,9;"MONTE ALEGRE DE MINAS";"Animais na Pista";"Saída de leito carroçável";"Com Vítimas Feridas";"Pleno dia";"Crescente";"Céu Claro";"Dupla";"Aclive;Reta";"Não";1;0;0;1;0;0;1;1;-18,79619901;-49,08247601;"SPRF-MG";"DEL15-MG";"UOP03-DEL15-MG"
309639;2020-09-22;"terça-feira";"10:30:00";"RJ";101;573,9;"PARATY";"Falta de Atenção à Condução";"Colisão transversal";"Com Vítimas Feridas";"Pleno dia";"Crescente";"Chuva";"Simples";"Reta";"Sim";2;0;1;0;1;0;1;2;-23,20276908;-44,72989482;"SPRF-RJ";"DEL03-RJ";"UOP04-DEL03-RJ"
309641;2020-09-22;"terça-feira";"19:40:00";"MG";381;4,9;"BETIM";"Animais na Pista";"Atropelamento de Animal";"Com Vítimas Feridas";"Plena Noite";"Crescente";"Nublado";"Múltipla";"Reta";"Sim";2;0;1;0;1;0;1;1;-19,97012203;-44,20211792;"SPRF-MG";"DEL01-MG";"UOP03-DEL01-MG"
309643;2020-09-22;"terça-feira";"18:20:00";"PI";135;58;"JERUMENHA";"Animais na Pista";"Atropelamento de Animal";"Com Vítimas Feridas";"Plena Noite";"Crescente";"Céu Claro";"Simples";"Reta";"Não";4;0;1;0;3;0;1;1;-7,1889081;-43,62034591;"SPRF-PI";"DEL03-PI";"UOP01-DEL03-PI"
309645;2020-09-22;"terça-feira";"18:00:00";"BA";242;414;"SEABRA";"Falta de Atenção à Condução";"Colisão transversal";"Com Vítimas Feridas";"Anoitecer";"Decrescente";"Céu Claro";"Simples";"Reta";"Sim";2;0;1;0;1;0;1;2;-12,427427;-41,77020288;"SPRF-BA";"DEL06-BA";"UOP01-DEL06-BA"
309646;2020-09-22;"terça-feira";"19:30:00";"RS";290;142,8;"ELDORADO DO SUL";"Ingestão de Álcool";"Colisão lateral";"Sem Vítimas";"Plena Noite";"Crescente";"Céu Claro";"Simples";"Reta";"Sim";2;0;0;0;1;1;0;2;-30,089678;-51,628311;"SPRF-RS";"DEL02-RS";"UOP01-DEL02-RS"
309648;2020-09-22;"terça-feira";"18:20:00";"MG";381;155,2;"GOVERNADOR VALADARES";"Falta de Atenção à Condução";"Colisão transversal";"Com Vítimas Feridas";"Anoitecer";"Crescente";"Céu Claro";"Simples";"Reta";"Sim";2;0;1;0;1;0;1;2;-18,89429705;-42,00463136;"SPRF-MG";"DEL06-MG";"UOP01-DEL06-MG"
309649;2020-09-22;"terça-feira";"20:20:00";"PR";277;70;"SAO JOSE DOS PINHAIS";"Ingestão de Álcool";"Colisão frontal";"Com Vítimas Feridas";"Plena Noite";"Crescente";"Nublado";"Dupla";"Curva";"Sim";2;0;1;0;1;0;1;2;-25,51177047;-49,12879944;"SPRF-PR";"DEL01-PR";"UOP01-DEL01-PR"
309651;2020-09-22;"terça-feira";"18:40:00";"PR";277;406,4;"CANDOI";"Falta de Atenção à Condução";"Saída de leito carroçável";"Com Vítimas Feridas";"Plena Noite";"Crescente";"Céu Claro";"Simples";"Curva";"Não";1;0;1;0;0;0;1;1;-25,43538327;-51,93037212;"SPRF-PR";"DEL04-PR";"UOP02-DEL04-PR"
309652;2020-09-22;"terça-feira";"21:15:00";"PR";369;163;"CAMBE";"Falta de Atenção à Condução";"Colisão traseira";"Com Vítimas Feridas";"Plena Noite";"Decrescente";"Céu Claro";"Dupla";"Interseção de Vias";"Não";3;0;2;0;1;0;2;2;-23,29706;-51,276472;"SPRF-PR";"DEL07-PR";"UOP01-DEL07-PR"
309654;2020-09-22;"terça-feira";"20:10:00";"SP";116;216;"GUARULHOS";"Falta de Atenção à Condução";"Colisão lateral";"Com Vítimas Feridas";"Plena Noite";"Decrescente";"Nublado";"Dupla";"Reta";"Sim";2;0;1;0;1;0;1;2;-23,452101;-46,466612;"SPRF-SP";"DEL01-SP";"UOP01-DEL01-SP"
309656;2020-09-22;"terça-feira";"17:40:00";"MG";40;529;"CONTAGEM";"Desobediência às normas de trânsito pelo condutor";"Atropelamento de Pedestre";"Com Vítimas Feridas";"Pleno dia";"Crescente";"Nublado";"Dupla";"Interseção de Vias";"Sim";2;0;1;0;0;1;1;2;-19,91635592;-44,03966566;"SPRF-MG";"DEL01-MG";"UOP02-DEL01-MG"
309658;2020-09-22;"terça-feira";"21:30:00";"GO";70;14;"AGUAS LINDAS DE GOIAS";"Ingestão de álcool e/ou substâncias psicoativas pelo pedestre";"Colisão transversal";"Com Vítimas Feridas";"Plena Noite";"Decrescente";"Chuva";"Dupla";"Reta";"Sim";3;0;0;1;2;0;1;2;-15,75117968;-48,3251492;"SPRF-DF";"DEL03-DF";"UOP02-DEL03-DF"
309659;2020-09-22;"terça-feira";"19:10:00";"BA";324;537;"CONCEICAO DO JACUIPE";"Desobediência às normas de trânsito pelo condutor";"Colisão frontal";"Com Vítimas Fatais";"Plena Noite";"Decrescente";"Céu Claro";"Dupla";"Reta";"Não";3;1;0;0;2;0;0;2;-12,36902201;-38,81384601;"SPRF-BA";"DEL01-BA";"UOP03-DEL01-BA"
309660;2020-09-22;"terça-feira";"16:55:00";"BA";324;615;"SALVADOR";"Falta de Atenção do Pedestre";"Colisão traseira";"Com Vítimas Feridas";"Anoitecer";"Decrescente";"Céu Claro";"Dupla";"Reta";"Sim";2;0;1;0;1;0;1;2;-12,87206398;-38,42746403;"SPRF-BA";"DEL01-BA";"UOP01-DEL01-BA"
309661;2020-09-22;"terça-feira";"21:25:00";"MT";163;519;"DIAMANTINO";"Falta de Atenção à Condução";"Capotamento";"Sem Vítimas";"Plena Noite";"Crescente";"Nublado";"Simples";"Reta";"Não";1;0;0;0;1;0;0;1;-14,52154211;-56,21818591;"SPRF-MT";"DEL01-MT";"UOP01-DEL01-MT"
309662;2020-09-22;"terça-feira";"18:30:00";"SC";101;413,2;"ARARANGUA";"Defeito Mecânico no Veículo";"Incêndio";"Sem Vítimas";"Anoitecer";"Decrescente";"Nublado";"Simples";"Rotatória";"Sim";1;0;0;0;1;0;0;1;-28,94605997;-49,50428402;"SPRF-SC";"DEL02-SC";"UOP02-DEL02-SC"
309665;2020-09-22;"terça-feira";"22:25:00";"RS";386;437;"NOVA SANTA RITA";"Não guardar distância de segurança";"Colisão traseira";"Com Vítimas Feridas";"Plena Noite";"Crescente";"Céu Claro";"Dupla";"Reta";"Não";2;0;0;1;1;0;1;2;-29,85803;-51,261227;"SPRF-RS";"DEL04-RS";"UOP02-DEL04-RS"
309666;2020-09-22;"terça-feira";"21:30:00";"MG";262;42,7;"MANHUACU";"Restrição de Visibilidade";"Saída de leito carroçável";"Com Vítimas Feridas";"Pleno dia";"Crescente";"Garoa/Chuvisco";"Simples";"Reta";"Não";2;0;1;0;0;1;1;2;-20,26976316;-42,06894006;"SPRF-MG";"DEL06-MG";"UOP03-DEL06-MG"
309667;2020-09-22;"terça-feira";"21:10:00";"BA";407;214;"CAPIM GROSSO";"Animais na Pista";"Atropelamento de Animal";"Com Vítimas Feridas";"Plena Noite";"Decrescente";"Nublado";"Simples";"Reta";"Não";3;0;1;0;2;0;1;1;-11,22077798;-40,02906096;"SPRF-BA";"DEL04-BA";"UOP02-DEL04-BA"
309668;2020-09-22;"terça-feira";"20:10:00";"RO";364;198,4;"PIMENTA BUENO";"Desobediência às normas de trânsito pelo condutor";"Queda de ocupante de veículo";"Com Vítimas Feridas";"Plena Noite";"Crescente";"Céu Claro";"Simples";"Interseção de Vias";"Sim";1;0;1;0;0;0;1;1;-11,67049488;-61,19146173;"SPRF-RO";"DEL02-RO";"UOP02-DEL02-RO"
309671;2020-09-23;"quarta-feira";"01:00:00";"RJ";101;476;"ANGRA DOS REIS";"Animais na Pista";"Atropelamento de Animal";"Com Vítimas Feridas";"Plena Noite";"Decrescente";"Céu Claro";"Simples";"Curva";"Sim";1;0;1;0;0;0;1;1;-23,0055431;-44,26195833;"SPRF-RJ";"DEL03-RJ";"UOP03-DEL03-RJ"
309672;2020-09-22;"terça-feira";"19:00:00";"RJ";101;157;"MACAE";"Ingestão de Álcool";"Tombamento";"Com Vítimas Feridas";"Plena Noite";"Decrescente";"Chuva";"Simples";"Ponte";"Não";1;0;1;0;0;0;1;1;-22,26664642;-41,85839687;"SPRF-RJ";"DEL08-RJ";"UOP04-DEL08-RJ"
309674;2020-09-23;"quarta-feira";"01:30:00";"PE";408;49,9;"NAZARE DA MATA";"Animais na Pista";"Atropelamento de Animal";"Com Vítimas Feridas";"Plena Noite";"Decrescente";"Nublado";"Simples";"Aclive";"Não";3;0;1;2;0;0;3;1;-7,72110607;-35,2389439;"SPRF-PE";"DEL01-PE";"UOP01-DEL01-PE"
309680;2020-09-23;"quarta-feira";"06:50:00";"RN";101;105,1;"PARNAMIRIM";"Desobediência às normas de trânsito pelo condutor";"Colisão traseira";"Com Vítimas Feridas";"Pleno dia";"Decrescente";"Céu Claro";"Múltipla";"Reta";"Sim";2;0;0;1;1;0;1;2;-5,90165196;-35,25928517;"SPRF-RN";"DEL01-RN";"UOP01-DEL01-RN"
309682;2020-09-23;"quarta-feira";"06:55:00";"MG";50;70;"UBERLANDIA";"Não guardar distância de segurança";"Colisão traseira";"Com Vítimas Feridas";"Pleno dia";"Decrescente";"Céu Claro";"Dupla";"Reta";"Sim";2;0;1;0;1;0;1;2;-18,89057354;-48,25624466;"SPRF-MG";"DEL15-MG";"UOP01-DEL15-MG"
309683;2020-09-23;"quarta-feira";"04:15:00";"SC";282;46,1;"AGUAS MORNAS";"Falta de Atenção à Condução";"Saída de leito carroçável";"Sem Vítimas";"Plena Noite";"Decrescente";"Nublado";"Simples";"Curva;Declive";"Não";1;0;0;0;0;1;0;1;-27,721041;-48,925152;"SPRF-SC";"DEL01-SC";"UOP03-DEL01-SC"
309684;2020-09-23;"quarta-feira";"06:40:00";"SC";280;52,3;"GUARAMIRIM";"Falta de Atenção à Condução";"Colisão transversal";"Com Vítimas Feridas";"Amanhecer";"Decrescente";"Nublado";"Simples";"Reta";"Não";2;0;1;0;1;0;1;2;-26,468904;-48,96492;"SPRF-SC";"DEL03-SC";"UOP03-DEL03-SC"
309687;2020-09-23;"quarta-feira";"06:40:00";"PE";101;76;"RECIFE";"Sinalização da via insuficiente ou inadequada";"Colisão transversal";"Com Vítimas Feridas";"Pleno dia";"Crescente";"Céu Claro";"Dupla";"Reta";"Sim";1;0;1;0;0;0;1;1;-8,11813811;-34,94329214;"SPRF-PE";"DEL01-PE";"UOP01-DEL01-PE"
309690;2020-09-23;"quarta-feira";"01:30:00";"MG";365;51;"CLARO DOS POCOES";"Falta de Atenção à Condução";"Capotamento";"Com Vítimas Feridas";"Plena Noite";"Decrescente";"Garoa/Chuvisco";"Simples";"Reta";"Não";5;0;1;0;4;0;1;1;-16,94950406;-44,24374485;"SPRF-MG";"DEL12-MG";"UOP01-DEL12-MG"
309693;2020-09-23;"quarta-feira";"06:05:00";"MG";40;282;"TRES MARIAS";"Desobediência às normas de trânsito pelo condutor";"Colisão transversal";"Com Vítimas Feridas";"Amanhecer";"Crescente";"Nublado";"Simples";"Aclive;Curva;Interseção de Vias";"Sim";6;0;1;1;4;0;2;2;-18,24923582;-45,20220684;"SPRF-MG";"DEL14-MG";"UOP02-DEL14-MG"
309694;2020-09-23;"quarta-feira";"06:50:00";"MG";262;444;"NOVA SERRANA";"Falta de Atenção à Condução";"Colisão com objeto estático";"Com Vítimas Feridas";"Pleno dia";"Crescente";"Nublado";"Dupla";"Reta";"Sim";1;0;0;1;0;0;1;1;-19,881131;-44,931502;"SPRF-MG";"DEL08-MG";"UOP03-DEL08-MG"
309695;2020-09-23;"quarta-feira";"07:05:00";"PI";316;7,1;"TERESINA";"Falta de Atenção à Condução";"Colisão frontal";"Com Vítimas Feridas";"Pleno dia";"Decrescente";"Céu Claro";"Simples";"Interseção de Vias";"Sim";2;0;1;0;0;1;1;2;-5,15584638;-42,77173332;"SPRF-PI";"DEL01-PI";"UOP02-DEL01-PI"
309698;2020-09-20;"domingo";"00:15:00";"SC";101;133,8;"BALNEARIO CAMBORIU";"Falta de Atenção à Condução";"Colisão com objeto estático";"Sem Vítimas";"Plena Noite";"Decrescente";"Céu Claro";"Simples";"Interseção de Vias";"Sim";1;0;0;0;1;0;0;1;-26,99936;-48,64609;"SPRF-SC";"DEL04-SC";"UOP03-DEL04-SC"
309701;2020-09-23;"quarta-feira";"08:10:00";"RS";290;76;"GRAVATAI";"Falta de Atenção à Condução";"Colisão traseira";"Sem Vítimas";"Pleno dia";"Crescente";"Céu Claro";"Dupla";"Reta";"Não";2;0;0;0;2;0;0;2;-29,95538074;-51,0078907;"SPRF-RS";"DEL01-RS";"UOP01-DEL01-RS"
309705;2020-09-23;"quarta-feira";"07:40:00";"RJ";101;310;"SAO GONCALO";"Não guardar distância de segurança";"Tombamento";"Com Vítimas Feridas";"Pleno dia";"Crescente";"Nublado";"Dupla";"Reta";"Sim";2;0;2;0;0;0;2;1;-22,79717023;-43,04404993;"SPRF-RJ";"DEL02-RJ";"UOP02-DEL02-RJ"
309706;2020-09-23;"quarta-feira";"07:30:00";"RO";319;63;"PORTO VELHO";"Sinalização da via insuficiente ou inadequada";"Colisão transversal";"Com Vítimas Feridas";"Pleno dia";"Decrescente";"Nublado";"Dupla";"Interseção de Vias";"Sim";2;0;1;0;1;0;1;2;-8,766685;-63,884052;"SPRF-RO";"DEL01-RO";"UOP01-DEL01-RO"
309707;2020-09-23;"quarta-feira";"07:20:00";"RO";364;711;"PORTO VELHO";"Falta de Atenção à Condução";"Colisão lateral";"Com Vítimas Feridas";"Pleno dia";"Decrescente";"Nublado";"Dupla";"Reta";"Sim";3;0;2;0;1;0;2;2;-8,78042262;-63,86767249;"SPRF-RO";"DEL01-RO";"UOP01-DEL01-RO"
309710;2020-09-23;"quarta-feira";"08:50:00";"CE";116;1;"FORTALEZA";"Desobediência às normas de trânsito pelo condutor";"Colisão traseira";"Com Vítimas Feridas";"Pleno dia";"Decrescente";"Céu Claro";"Dupla";"Reta";"Sim";2;0;0;1;1;0;1;2;-3,76159894;-38,51900662;"SPRF-CE";"DEL01-CE";"UOP02-DEL01-CE"
309713;2020-09-23;"quarta-feira";"08:15:00";"BA";101;945,2;"MUCURI";"Pista Escorregadia";"Saída de leito carroçável";"Com Vítimas Feridas";"Pleno dia";"Crescente";"Chuva";"Simples";"Aclive";"Não";2;0;2;0;0;0;2;1;-18,16840196;-39,91873914;"SPRF-BA";"DEL09-BA";"UOP02-DEL09-BA"
309714;2020-08-14;"sexta-feira";"14:05:00";"MG";153;112;"PRATA";"Desobediência às normas de trânsito pelo condutor";"Colisão lateral";"Com Vítimas Feridas";"Pleno dia";"Decrescente";"Céu Claro";"Simples";"Reta;Interseção de Vias";"Não";2;0;0;1;1;0;1;2;-19,33228987;-48,90407174;"SPRF-MG";"DEL15-MG";"UOP03-DEL15-MG"
309716;2020-09-23;"quarta-feira";"07:50:00";"ES";482;109;"GUACUI";"Animais na Pista";"Tombamento";"Com Vítimas Feridas";"Pleno dia";"Decrescente";"Chuva";"Simples";"Reta";"Sim";1;0;0;1;0;0;1;1;-20,79137068;-41,69214249;"SPRF-ES";"DEL03-ES";"UOP02-DEL03-ES"