"id";"data_inversa";"dia_semana";"horario";"uf";"br";"km";"municipio";"causa_acidente";"tipo_acidente";"classificacao_acidente";"fase_dia";"sentido_via";"condicao_metereologica";"tipo_pista";"tracado_via";"uso_solo";"pessoas";"mortos";"feridos_leves";"feridos_graves";"ilesos";"ignorados";"feridos";"veiculos";"latitude";"longitude";"regional";"delegacia";"uop"
309717;2020-09-23;"quarta-feira";"09:00:00";"BA";242;721;"CRISTOPOLIS";"Falta de Atenção à Condução";"Colisão transversal";"Com Vítimas Feridas";"Pleno dia";"Decrescente";"Céu Claro";"Simples";"Reta";"Não";2;0;1;1;0;0;2;2;-12,2333332;-44,4004102;"SPRF-BA";"DEL06-BA";"UOP03-DEL06-BA"
309718;2020-09-23;"quarta-feira";"09:50:00";"PI";316;7,3;"TERESINA";"Falta de Atenção à Condução";"Colisão traseira";"Com Vítimas Feridas";"Pleno dia";"Decrescente";"Sol";"Simples";"Reta";"Sim";2;0;1;0;1;0;1;2;-5,15584638;-42,77173332;"SPRF-PI";"DEL01-PI";"UOP02-DEL01-PI"
309719;2020-09-23;"quarta-feira";"09:15:00";"MS";163;475;"CAMPO GRANDE";"Falta de Atenção à Condução";"Colisão transversal";"Com Vítimas Feridas";"Pleno dia";"Decrescente";"Céu Claro";"Simples";"Reta";"Não";3;0;1;0;2;0;1;2;-20,51838231;-54,56658567;"SPRF-MS";"DEL01-MS";"UOP01-DEL01-MS"
309723;2020-09-04;"sexta-feira";"15:10:00";"MA";135;184,3;"SAO MATEUS DO MARANHAO";"Falta de Atenção à Condução";"Colisão frontal";"Com Vítimas Fatais";"Pleno dia";"Crescente";"Céu Claro";"Simples";"Reta";"Não";2;1;0;0;1;0;0;2;-4,05539603;-44,47297391;"SPRF-MA";"DEL03-MA";"UOP01-DEL03-MA"
309724;2020-09-21;"segunda-feira";"00:35:00";"SC";282;132;"BOM RETIRO";"Animais na Pista";"Atropelamento de Animal";"Com Vítimas Feridas";"Plena Noite";"Decrescente";"Céu Claro";"Simples";"Reta";"Não";1;0;1;0;0;0;1;1;-27,8097;-49,522575;"SPRF-SC";"DEL05-SC";"UOP01-DEL05-SC"
309725;2020-09-23;"quarta-feira";"09:30:00";"RJ";116;170;"SAO JOAO DE MERITI";"Desobediência às normas de trânsito pelo condutor";"Colisão lateral";"Com Vítimas Feridas";"Pleno dia";"Decrescente";"Nublado";"Múltipla";"Reta";"Não";2;0;0;1;1;0;1;2;-22,81113183;-43,3336729;"SPRF-RJ";"DEL01-RJ";"UOP02-DEL01-RJ"
309727;2020-09-23;"quarta-feira";"07:40:00";"GO";153;162;"CAMPINORTE";"Desobediência às normas de trânsito pelo condutor";"Colisão com objeto estático";"Com Vítimas Feridas";"Pleno dia";"Decrescente";"Nublado";"Simples";"Ponte";"Não";1;0;0;1;0;0;1;1;-14,186724;-49,126968;"SPRF-GO";"DEL07-GO";"UOP02-DEL07-GO"
309728;2020-09-23;"quarta-feira";"06:15:00";"MG";116;354,7;"JAMPRUCA";"Falta de Atenção à Condução";"Saída de leito carroçável";"Com Vítimas Feridas";"Pleno dia";"Crescente";"Chuva";"Simples";"Curva";"Não";3;0;2;1;0;0;3;1;-18,41744173;-41,82565537;"SPRF-MG";"DEL11-MG";"UOP01-DEL11-MG"
309729;2020-09-23;"quarta-feira";"09:45:00";"MA";135;8;"SAO LUIS";"Desobediência às normas de trânsito pelo condutor";"Engavetamento";"Com Vítimas Feridas";"Pleno dia";"Decrescente";"Céu Claro";"Dupla";"Reta";"Sim";4;0;1;0;3;0;1;4;-2,64342093;-44,27374175;"SPRF-MA";"DEL01-MA";"UOP01-DEL01-MA"
309730;2020-08-15;"sábado";"15:20:00";"PR";277;210;"TEIXEIRA SOARES";"Falta de Atenção à Condução";"Saída de leito carroçável";"Com Vítimas Feridas";"Pleno dia";"Crescente";"Chuva";"Simples";"Declive";"Não";1;0;1;0;0;0;1;1;-25,4665565;-50,3681383;"SPRF-PR";"DEL03-PR";"UOP03-DEL03-PR"
309732;2020-09-23;"quarta-feira";"08:00:00";"MG";50;71,9;"UBERLANDIA";"Não guardar distância de segurança";"Engavetamento";"Com Vítimas Feridas";"Pleno dia";"Decrescente";"Céu Claro";"Dupla";"Reta";"Sim";6;0;1;0;5;0;1;5;-18,89867381;-48,24240446;"SPRF-MG";"DEL15-MG";"UOP01-DEL15-MG"
309733;2020-09-23;"quarta-feira";"10:10:00";"RJ";40;105;"DUQUE DE CAXIAS";"Desobediência às normas de trânsito pelo condutor";"Colisão transversal";"Com Vítimas Feridas";"Pleno dia";"Decrescente";"Céu Claro";"Simples";"Aclive";"Sim";4;0;1;0;2;1;1;3;-22,63784806;-43,28428824;"SPRF-RJ";"DEL01-RJ";"UOP01-DEL01-RJ"
309734;2020-09-23;"quarta-feira";"10:35:00";"MT";364;273;"JACIARA";"Agressão Externa";"Tombamento";"Com Vítimas Feridas";"Pleno dia";"Decrescente";"Céu Claro";"Dupla";"Declive";"Sim";1;0;1;0;0;0;1;1;-15,96077957;-54,96772983;"SPRF-MT";"DEL02-MT";"UOP01-DEL02-MT"
309735;2020-09-07;"segunda-feira";"21:20:00";"PA";316;84;"SAO FRANCISCO DO PARA";"Defeito Mecânico no Veículo";"Tombamento";"Com Vítimas Feridas";"Plena Noite";"Decrescente";"Céu Claro";"Simples";"Reta";"Não";2;0;2;0;0;0;2;1;-1,3101929;-47,74456398;"SPRF-PA";"DEL01-PA";"UOP02-DEL01-PA"
309736;2020-09-23;"quarta-feira";"11:40:00";"BA";116;829;"VITORIA DA CONQUISTA";"Falta de Atenção do Pedestre";"Queda de ocupante de veículo";"Com Vítimas Feridas";"Pleno dia";"Decrescente";"Céu Claro";"Simples";"Aclive";"Não";1;0;1;0;0;0;1;1;-14,83285011;-40,83861386;"SPRF-BA";"DEL08-BA";"UOP01-DEL08-BA"
309737;2020-09-23;"quarta-feira";"09:45:00";"PE";423;112,7;"PARANATAMA";"Falta de Atenção à Condução";"Colisão lateral";"Sem Vítimas";"Pleno dia";"Decrescente";"Céu Claro";"Simples";"Reta";"Não";2;0;0;0;2;0;0;2;-8,89529604;-36,62527899;"SPRF-PE";"DEL03-PE";"UOP01-DEL03-PE"
309739;2020-09-23;"quarta-feira";"10:40:00";"MG";116;456,6;"ENGENHEIRO CALDAS";"Falta de Atenção à Condução";"Colisão lateral";"Com Vítimas Feridas";"Pleno dia";"Decrescente";"Nublado";"Simples";"Interseção de Vias";"Sim";2;0;1;0;1;0;1;2;-19,2086853;-42,05227849;"SPRF-MG";"DEL06-MG";"UOP02-DEL06-MG"
309741;2020-09-23;"quarta-feira";"08:00:00";"ES";262;1,8;"CARIACICA";"Mal Súbito";"Colisão com objeto estático";"Com Vítimas Feridas";"Pleno dia";"Crescente";"Chuva";"Dupla";"Curva";"Sim";1;0;1;0;0;0;1;1;-20,32955204;-40,35492602;"SPRF-ES";"DEL01-ES";"UOP01-DEL01-ES"
309743;2020-09-23;"quarta-feira";"13:10:00";"MG";50;177,8;"UBERABA";"Falta de Atenção à Condução";"Tombamento";"Com Vítimas Feridas";"Pleno dia";"Decrescente";"Nublado";"Dupla";"Curva";"Sim";1;0;0;1;0;0;1;1;-19,77948542;-47,94502258;"SPRF-MG";"DEL13-MG";"UOP01-DEL13-MG"
309745;2020-09-23;"quarta-feira";"13:15:00";"PE";101;103;"CABO DE SANTO AGOSTINHO";"Desobediência às normas de trânsito pelo condutor";"Colisão transversal";"Sem Vítimas";"Pleno dia";"Decrescente";"Céu Claro";"Dupla";"Reta";"Sim";2;0;0;0;2;0;0;2;-8,29749358;-35,06342411;"SPRF-PE";"DEL01-PE";"UOP03-DEL01-PE"
309747;2020-09-23;"quarta-feira";"13:17:00";"RN";304;93;"ACU";"Falta de Atenção à Condução";"Colisão transversal";"Com Vítimas Fatais";"Pleno dia";"Decrescente";"Céu Claro";"Simples";"Aclive";"Não";2;1;0;0;1;0;0;2;-5,54470887;-37,07842691;"SPRF-RN";"DEL04-RN";"UOP01-DEL04-RN"
309748;2020-09-23;"quarta-feira";"12:10:00";"MG";365;1,6;"MONTES CLAROS";"Velocidade Incompatível";"Colisão traseira";"Com Vítimas Feridas";"Pleno dia";"Decrescente";"Nublado";"Simples";"Reta";"Sim";6;0;4;0;2;0;4;2;-16,716154;-43,863327;"SPRF-MG";"DEL12-MG";"UOP01-DEL12-MG"
309750;2020-09-23;"quarta-feira";"08:25:00";"PR";277;401,5;"CANDOI";"Falta de Atenção à Condução";"Capotamento";"Com Vítimas Feridas";"Pleno dia";"Decrescente";"Céu Claro";"Simples";"Reta";"Não";3;0;1;0;2;0;1;1;-25,4593173;-51,96258545;"SPRF-PR";"DEL04-PR";"UOP02-DEL04-PR"
309751;2020-02-16;"domingo";"15:30:00";"BA";116;740,3;"BOA NOVA";"Falta de Atenção do Pedestre";"Atropelamento de Pedestre";"Com Vítimas Feridas";"Pleno dia";"Decrescente";"Céu Claro";"Simples";"Declive";"Não";2;0;0;1;1;0;1;2;-14,39579;-40,35312;"SPRF-BA";"DEL08-BA";"UOP02-DEL08-BA"
309753;2020-09-23;"quarta-feira";"11:00:00";"PA";222;133;"RONDON DO PARA";"Velocidade Incompatível";"Saída de leito carroçável";"Com Vítimas Fatais";"Pleno dia";"Decrescente";"Sol";"Simples";"Curva";"Não";2;1;0;1;0;0;1;1;-4,891366;-48,283676;"SPRF-PA";"DEL02-PA";"UOP02-DEL02-PA"
309755;2020-08-31;"segunda-feira";"00:40:00";"BA";324;460;"CANDEAL";"Defeito na Via";"Colisão com objeto estático";"Com Vítimas Feridas";"Plena Noite";"Decrescente";"Céu Claro";"Simples";"Reta";"Não";4;0;4;0;0;0;4;1;-11,93210599;-39,23155299;"SPRF-BA";"DEL02-BA";"UOP01-DEL02-BA"
309757;2020-09-23;"quarta-feira";"14:00:00";"PE";232;86,7;"GRAVATA";"Defeito Mecânico no Veículo";"Incêndio";"Sem Vítimas";"Pleno dia";"Decrescente";"Céu Claro";"Dupla";"Reta";"Não";1;0;0;0;1;0;0;1;-8,21286855;-35,62011813;"SPRF-PE";"DEL02-PE";"UOP02-DEL02PE"
309761;2020-09-23;"quarta-feira";"06:44:00";"MT";163;610,3;"NOVA MUTUM";"Falta de Atenção à Condução";"Capotamento";"Com Vítimas Feridas";"Pleno dia";"Crescente";"Nublado";"Simples";"Reta";"Não";1;0;1;0;0;0;1;1;-13,79807354;-56,06872559;"SPRF-MT";"DEL01-MT";"UOP01-DEL01-MT"
309763;2020-09-23;"quarta-feira";"13:40:00";"MT";163;1039;"MATUPA";"Desobediência às normas de trânsito pelo condutor";"Colisão transversal";"Sem Vítimas";"Pleno dia";"Crescente";"Céu Claro";"Simples";"Reta;Aclive";"Sim";2;0;0;0;1;1;0;2;-10,16210238;-54,93505743;"SPRF-MT";"DEL06-MT";"NPF/DEL06-MT"
309764;2020-09-23;"quarta-feira";"15:40:00";"RN";101;96;"NATAL";"Não guardar distância de segurança";"Colisão lateral";"Com Vítimas Feridas";"Pleno dia";"Decrescente";"Céu Claro";"Dupla";"Interseção de Vias";"Sim";1;0;0;1;0;0;1;1;-5,84949622;-35,20890752;"SPRF-RN";"DEL01-RN";"UOP01-DEL01-RN"
309765;2020-09-23;"quarta-feira";"15:00:00";"GO";153;511,8;"APARECIDA DE GOIANIA";"Falta de Atenção à Condução";"Colisão lateral";"Com Vítimas Feridas";"Pleno dia";"Decrescente";"Nublado";"Múltipla";"Reta";"Sim";2;0;1;0;1;0;1;2;-16,80561949;-49,23907042;"SPRF-GO";"DEL01-GO";"UOP03-DEL01-GO"
309768;2020-09-23;"quarta-feira";"15:00:00";"MG";50;77;"UBERLANDIA";"Defeito Mecânico no Veículo";"Queda de ocupante de veículo";"Com Vítimas Feridas";"Pleno dia";"Crescente";"Céu Claro";"Dupla";"Viaduto";"Sim";2;0;2;0;0;0;2;1;-18,93730206;-48,22019577;"SPRF-MG";"DEL15-MG";"UOP01-DEL15-MG"
309770;2020-09-23;"quarta-feira";"15:00:00";"SC";116;184;"SAO CRISTOVAO DO SUL";"Velocidade Incompatível";"Colisão com objeto estático";"Sem Vítimas";"Pleno dia";"Crescente";"Céu Claro";"Simples";"Interseção de Vias;Rotatória";"Não";1;0;0;0;0;1;0;1;-27,299032;-50,427235;"SPRF-SC";"DEL05-SC";"UOP03-DEL05-SC"
309773;2020-09-23;"quarta-feira";"15:00:00";"PI";343;317;"ALTOS";"Defeito Mecânico no Veículo";"Saída de leito carroçável";"Sem Vítimas";"Pleno dia";"Crescente";"Céu Claro";"Simples";"Reta";"Não";1;0;0;0;1;0;0;1;-5,044959;-42,544502;"SPRF-PI";"DEL01-PI";"UOP01-DEL01-PI"
309774;2020-09-23;"quarta-feira";"13:25:00";"RS";285;122,1;"VACARIA";"Falta de Atenção à Condução";"Colisão transversal";"Com Vítimas Feridas";"Pleno dia";"Decrescente";"Céu Claro";"Simples";"Reta;Interseção de Vias";"Sim";2;0;1;0;1;0;1;2;-28,505535;-50,944073;"SPRF-RS";"DEL05-RS";"UOP03-DEL05-RS"
309775;2020-09-23;"quarta-feira";"15:45:00";"MG";116;572,5;"MANHUACU";"Velocidade Incompatível";"Tombamento";"Com Vítimas Feridas";"Pleno dia";"Crescente";"Nublado";"Simples";"Curva";"Não";1;0;1;0;0;0;1;1;-20,12103;-42,17621501;"SPRF-MG";"DEL06-MG";"UOP03-DEL06-MG"
309776;2020-09-23;"quarta-feira";"16:00:00";"RJ";116;134;"MAGE";"Falta de Atenção à Condução";"Colisão lateral";"Com Vítimas Feridas";"Pleno dia";"Crescente";"Nublado";"Dupla";"Reta";"Sim";2;0;1;0;1;0;1;2;-22,65368834;-43,153534;"SPRF-RJ";"DEL04-RJ";"UOP02-DEL04-RJ"
309778;2020-09-23;"quarta-feira";"16:15:00";"RJ";40;106;"DUQUE DE CAXIAS";"Ultrapassagem Indevida";"Colisão traseira";"Com Vítimas Feridas";"Pleno dia";"Decrescente";"Céu Claro";"Dupla";"Reta";"Sim";3;0;1;0;2;0;1;3;-22,64679;-43,283726;"SPRF-RJ";"DEL01-RJ";"UOP01-DEL01-RJ"
309779;2020-09-23;"quarta-feira";"15:50:00";"RJ";101;314;"SAO GONCALO";"Falta de Atenção à Condução";"Colisão traseira";"Com Vítimas Feridas";"Pleno dia";"Crescente";"Céu Claro";"Dupla";"Reta";"Sim";2;0;1;0;1;0;1;2;-22,81648739;-43,07728467;"SPRF-RJ";"DEL02-RJ";"UOP02-DEL02-RJ"
309781;2020-09-23;"quarta-feira";"14:45:00";"PR";369;74,9;"SANTA MARIANA";"Desobediência às normas de trânsito pelo condutor";"Saída de leito carroçável";"Com Vítimas Feridas";"Pleno dia";"Decrescente";"Céu Claro";"Simples";"Reta";"Não";1;0;1;0;0;0;1;1;-23,14892679;-50,53835392;"SPRF-PR";"DEL07-PR";"UOP01-DEL07-PR"
309782;2020-09-23;"quarta-feira";"17:15:00";"PE";428;188;"PETROLINA";"Falta de Atenção à Condução";"Colisão traseira";"Sem Vítimas";"Pleno dia";"Decrescente";"Céu Claro";"Simples";"Reta";"Sim";2;0;0;0;2;0;0;2;-9,37577551;-40,49127102;"SPRF-PE";"DEL06-PE";"UOP01-DEL06-PE"
309783;2020-09-23;"quarta-feira";"17:30:00";"PE";232;4,8;"RECIFE";"Não guardar distância de segurança";"Colisão lateral";"Com Vítimas Feridas";"Anoitecer";"Crescente";"Céu Claro";"Dupla";"Reta;Declive";"Não";2;0;1;0;1;0;1;2;-8,06840769;-34,94510651;"SPRF-PE";"DEL01-PE";"UOP01-DEL01-PE"
309784;2020-09-23;"quarta-feira";"17:00:00";"SP";116;275,4;"TABOAO DA SERRA";"Desobediência às normas de trânsito pelo condutor";"Colisão lateral";"Com Vítimas Feridas";"Pleno dia";"Decrescente";"Nublado";"Dupla";"Reta";"Sim";4;0;1;0;3;0;1;2;-23,61967179;-46,81010669;"SPRF-SP";"DEL04-SP";"UOP01-DEL04-SP"
309785;2020-09-23;"quarta-feira";"17:00:00";"PR";116;18;"COLOMBO";"Ingestão de Álcool";"Colisão com objeto estático";"Sem Vítimas";"Anoitecer";"Crescente";"Céu Claro";"Dupla";"Reta";"Sim";1;0;0;0;1;0;0;1;-25,38905694;-49,18680489;"SPRF-PR";"DEL01-PR";"UOP02-DEL01-PR"
309788;2020-09-23;"quarta-feira";"13:50:00";"RS";285;318,5;"PASSO FUNDO";"Defeito Mecânico no Veículo";"Incêndio";"Sem Vítimas";"Pleno dia";"Decrescente";"Céu Claro";"Dupla";"Aclive;Curva";"Não";1;0;0;0;1;0;0;1;-28,26864006;-52,60085464;"SPRF-RS";"DEL08-RS";"UOP03-DEL08-RS"
309789;2020-09-23;"quarta-feira";"17:40:00";"SP";116;308;"SAO LOURENCO DA SERRA";"Ingestão de Álcool";"Colisão com objeto estático";"Com Vítimas Feridas";"Anoitecer";"Crescente";"Nublado";"Simples";"Viaduto";"Sim";1;0;0;1;0;0;1;1;-23,858081;-46,944262;"SPRF-SP";"DEL04-SP";"UOP01-DEL04-SP"
309790;2020-09-23;"quarta-feira";"16:30:00";"PR";376;494;"PONTA GROSSA";"Não guardar distância de segurança";"Colisão traseira";"Com Vítimas Feridas";"Pleno dia";"Crescente";"Céu Claro";"Dupla";"Aclive;Reta";"Não";1;0;0;1;0;0;1;1;-25,16566955;-50,11640967;"SPRF-PR";"DEL03-PR";"UOP04-DEL03-PR"
309791;2020-09-23;"quarta-feira";"18:15:00";"PR";369;147;"LONDRINA";"Não guardar distância de segurança";"Colisão traseira";"Com Vítimas Feridas";"Anoitecer";"Crescente";"Céu Claro";"Dupla";"Reta";"Não";3;0;1;0;2;0;1;3;-23,293164;-51,136177;"SPRF-PR";"DEL07-PR";"UOP01-DEL07-PR"
309792;2020-09-23;"quarta-feira";"18:00:00";"MG";267;10,4;"LEOPOLDINA";"Falta de Atenção à Condução";"Saída de leito carroçável";"Com Vítimas Feridas";"Amanhecer";"Crescente";"Chuva";"Simples";"Reta";"Não";1;0;1;0;0;0;1;1;-21,56689881;-42,70017394;"SPRF-MG";"DEL07-MG";"UOP01-DEL07-MG"
309793;2020-09-23;"quarta-feira";"18:10:00";"PR";369;523,7;"CASCAVEL";"Desobediência às normas de trânsito pelo condutor";"Colisão transversal";"Com Vítimas Feridas";"Anoitecer";"Decrescente";"Céu Claro";"Simples";"Interseção de Vias";"Não";2;0;0;1;1;0;1;2;-24,9502;-53,3984;"SPRF-PR";"DEL09-PR";"UOP03-DEL09-PR"
309795;2020-09-23;"quarta-feira";"16:45:00";"ES";259;53,1;"COLATINA";"Ingestão de Álcool";"Colisão traseira";"Com Vítimas Feridas";"Pleno dia";"Crescente";"Céu Claro";"Simples";"Reta";"Não";2;0;1;0;1;0;1;2;-19,49989886;-40,62939795;"SPRF-ES";"DEL02-ES";"UOP01-DEL02-ES"
309796;2020-09-23;"quarta-feira";"18:20:00";"PE";232;5,8;"RECIFE";"Falta de Atenção à Condução";"Tombamento";"Com Vítimas Feridas";"Plena Noite";"Decrescente";"Céu Claro";"Dupla";"Reta";"Sim";1;0;1;0;0;0;1;1;-8,06795766;-34,94535414;"SPRF-PE";"DEL01-PE";"UOP01-DEL01-PE"
309797;2020-09-23;"quarta-feira";"18:45:00";"SC";101;218;"PALHOCA";"Velocidade Incompatível";"Colisão lateral";"Com Vítimas Feridas";"Plena Noite";"Crescente";"Céu Claro";"Múltipla";"Reta";"Sim";2;0;1;0;1;0;1;2;-27,6758601;-48,67052525;"SPRF-SC";"DEL01-SC";"UOP02-DEL01-SC"
309798;2020-09-23;"quarta-feira";"18:30:00";"PR";476;141,3;"CURITIBA";"Falta de Atenção à Condução";"Colisão lateral";"Com Vítimas Feridas";"Amanhecer";"Crescente";"Céu Claro";"Dupla";"Reta";"Sim";2;0;1;0;1;0;1;2;-25,52938609;-49,2990825;"SPRF-PR";"DEL01-PR";"UOP03-DEL01-PR"
309799;2020-09-23;"quarta-feira";"18:30:00";"MG";365;67,6;"JEQUITAI";"Velocidade Incompatível";"Saída de leito carroçável";"Com Vítimas Feridas";"Anoitecer";"Crescente";"Chuva";"Simples";"Aclive";"Não";2;0;1;0;0;1;1;2;-17,05655714;-44,33145888;"SPRF-MG";"DEL12-MG";"UOP01-DEL12-MG"
309801;2020-09-23;"quarta-feira";"18:30:00";"SC";101;138;"BALNEARIO CAMBORIU";"Falta de Atenção à Condução";"Colisão traseira";"Com Vítimas Feridas";"Plena Noite";"Crescente";"Céu Claro";"Dupla";"Reta";"Sim";3;0;1;0;2;0;1;2;-27,02397426;-48,60761649;"SPRF-SC";"DEL04-SC";"UOP03-DEL04-SC"
309802;2020-09-23;"quarta-feira";"19:15:00";"PR";476;125;"CURITIBA";"Não guardar distância de segurança";"Colisão lateral";"Com Vítimas Feridas";"Plena Noite";"Decrescente";"Céu Claro";"Dupla";"Reta";"Sim";3;0;1;0;2;0;1;3;-25,4083;-49,219658;"SPRF-PR";"DEL01-PR";"UOP03-DEL01-PR"
309804;2020-09-23;"quarta-feira";"14:45:00";"PR";376;176,8;"MARINGA";"Não guardar distância de segurança";"Colisão traseira";"Sem Vítimas";"Pleno dia";"Decrescente";"Céu Claro";"Dupla";"Interseção de Vias";"Sim";2;0;0;0;2;0;0;2;-23,41269173;-51,93158327;"SPRF-PR";"DEL09-PR";"UOP01-DEL09-PR"
309806;2020-09-23;"quarta-feira";"18:44:00";"PR";277;348;"GUARAPUAVA";"Falta de Atenção à Condução";"Colisão transversal";"Com Vítimas Feridas";"Anoitecer";"Crescente";"Céu Claro";"Simples";"Interseção de Vias";"Sim";2;0;1;0;1;0;1;2;-25,34030262;-51,43043518;"SPRF-PR";"DEL08-PR";"UOP01-DEL08-PR"
309809;2020-09-23;"quarta-feira";"19:30:00";"RN";101;96,3;"NATAL";"Desobediência às normas de trânsito pelo condutor";"Colisão transversal";"Com Vítimas Feridas";"Plena Noite";"Crescente";"Céu Claro";"Dupla";"Interseção de Vias";"Sim";2;0;1;0;1;0;1;2;-5,84949622;-35,20890752;"SPRF-RN";"DEL01-RN";"UOP01-DEL01-RN"
309810;2020-09-23;"quarta-feira";"19:30:00";"PE";232;5;"RECIFE";"Não guardar distância de segurança";"Colisão lateral";"Com Vítimas Feridas";"Plena Noite";"Decrescente";"Céu Claro";"Múltipla";"Declive";"Sim";3;0;2;0;1;0;2;2;-8,06795766;-34,94535414;"SPRF-PE";"DEL01-PE";"UOP01-DEL01-PE"
309811;2020-09-23;"quarta-feira";"19:50:00";"PR";369;185,5;"ARAPONGAS";"Falta de Atenção à Condução";"Colisão traseira";"Com Vítimas Feridas";"Plena Noite";"Crescente";"Céu Claro";"Simples";"Interseção de Vias";"Sim";2;0;1;0;0;1;1;2;-23,41129147;-51,42745256;"SPRF-PR";"DEL07-PR";"UOP03-DEL07-PR"
309812;2020-09-23;"quarta-feira";"19:10:00";"PA";163;1000;"SANTAREM";"Desobediência às normas de trânsito pelo pedestre";"Atropelamento de Pedestre";"Com Vítimas Feridas";"Plena Noite";"Decrescente";"Céu Claro";"Simples";"Reta";"Não";2;0;1;0;1;0;1;2;-2,47328397;-54,7293664;"SPRF-PA";"DEL05-PA";"UOP01-DEL05-PA"
309813;2020-09-23;"quarta-feira";"16:00:00";"BA";101;329;"PRESIDENTE TANCREDO NEVES";"Velocidade Incompatível";"Colisão traseira";"Com Vítimas Feridas";"Pleno dia";"Decrescente";"Nublado";"Simples";"Reta;Declive";"Não";3;0;0;2;1;0;2;2;-13,467937;-39,418297;"SPRF-BA";"DEL05-BA";"UOP03-DEL05-BA"
309814;2020-09-23;"quarta-feira";"19:10:00";"PR";277;113;"CAMPO LARGO";"Desobediência às normas de trânsito pelo condutor";"Queda de ocupante de veículo";"Com Vítimas Feridas";"Plena Noite";"Crescente";"Céu Claro";"Dupla";"Reta";"Não";2;0;1;0;1;0;1;2;-25,44427702;-49,45924759;"SPRF-PR";"DEL01-PR";"UOP03-DEL03-PR"
309816;2020-09-23;"quarta-feira";"19:45:00";"MG";262;801;"UBERABA";"Falta de Atenção à Condução";"Colisão traseira";"Sem Vítimas";"Plena Noite";"Decrescente";"Céu Claro";"Dupla";"Reta";"Sim";2;0;0;0;1;1;0;2;-19,77920263;-47,955319;"SPRF-MG";"DEL13-MG";"UOP01-DEL13-MG"
309818;2020-09-23;"quarta-feira";"20:00:00";"PE";101;82,4;"JABOATAO DOS GUARARAPES";"Falta de Atenção do Pedestre";"Atropelamento de Pedestre";"Com Vítimas Feridas";"Plena Noite";"Decrescente";"Céu Claro";"Dupla";"Curva";"Não";2;0;1;0;1;0;1;2;-8,168383;-34,9376;"SPRF-PE";"DEL01-PE";"UOP03-DEL01-PE"
309819;2020-09-23;"quarta-feira";"18:45:00";"RN";406;169;"SAO GONCALO DO AMARANTE";"Desobediência às normas de trânsito pelo condutor";"Colisão traseira";"Com Vítimas Feridas";"Plena Noite";"Crescente";"Céu Claro";"Dupla";"Aclive";"Sim";2;0;0;1;1;0;1;2;-5,75570118;-35,30728507;"SPRF-RN";"DEL02-RN";"UOP01-DEL02-RN"
309821;2020-09-23;"quarta-feira";"20:30:00";"PA";163;988;"SANTAREM";"Animais na Pista";"Atropelamento de Animal";"Com Vítimas Feridas";"Plena Noite";"Crescente";"Céu Claro";"Simples";"Reta";"Não";1;0;1;0;0;0;1;1;-2,574782;-54,720886;"SPRF-PA";"DEL05-PA";"UOP01-DEL05-PA"
309822;2020-09-23;"quarta-feira";"21:00:00";"MG";267;79,5;"JUIZ DE FORA";"Velocidade Incompatível";"Saída de leito carroçável";"Com Vítimas Feridas";"Plena Noite";"Crescente";"Nublado";"Simples";"Reta";"Não";1;0;1;0;0;0;1;1;-21,74869223;-43,20587691;"SPRF-MG";"DEL05-MG";"UOP01-DEL05-MG"
309826;2020-09-23;"quarta-feira";"19:05:00";"RS";386;346;"LAJEADO";"Ingestão de Álcool";"Saída de leito carroçável";"Com Vítimas Feridas";"Plena Noite";"Crescente";"Céu Claro";"Dupla";"Reta";"Sim";1;0;1;0;0;0;1;1;-29,446793;-51,974564;"SPRF-RS";"DEL04-RS";"UOP01-DEL04-RS"
309828;2020-09-23;"quarta-feira";"21:45:00";"RS";470;224,1;"GARIBALDI";"Ultrapassagem Indevida";"Colisão com objeto estático";"Com Vítimas Feridas";"Plena Noite";"Crescente";"Ignorado";"Dupla";"Reta";"Não";2;0;0;1;1;0;1;2;-29,23304279;-51,51596731;"SPRF-RS";"DEL06-RS";"UOP01-DEL06-RS"
309829;2020-09-23;"quarta-feira";"16:10:00";"PA";222;245;"MARABA";"Falta de Atenção à Condução";"Colisão transversal";"Sem Vítimas";"Pleno dia";"Decrescente";"Céu Claro";"Simples";"Reta";"Sim";2;0;0;0;2;0;0;2;-5,355886;-49,079418;"SPRF-PA";"DEL03-PA";"UOP01-DEL03-PA"
309830;2020-09-23;"quarta-feira";"19:30:00";"RJ";101;314;"SAO GONCALO";"Falta de Atenção à Condução";"Colisão lateral";"Com Vítimas Feridas";"Plena Noite";"Decrescente";"Céu Claro";"Dupla";"Reta";"Sim";3;0;2;0;1;0;2;2;-22,81648739;-43,07728467;"SPRF-RJ";"DEL02-RJ";"UOP02-DEL02-RJ"
309832;2020-09-23;"quarta-feira";"21:50:00";"SC";101;333,7;"TUBARAO";"Desobediência às normas de trânsito pelo condutor";"Colisão transversal";"Com Vítimas Feridas";"Plena Noite";"Decrescente";"Nublado";"Dupla";"Interseção de Vias";"Sim";2;0;1;0;1;0;1;2;-28,46630107;-48,99653096;"SPRF-SC";"DEL02-SC";"UOP01-DEL02-SC"