"id";"data_inversa";"dia_semana";"horario";"uf";"br";"km";"municipio";"causa_acidente";"tipo_acidente";"classificacao_acidente";"fase_dia";"sentido_via";"condicao_metereologica";"tipo_pista";"tracado_via";"uso_solo";"pessoas";"mortos";"feridos_leves";"feridos_graves";"ilesos";"ignorados";"feridos";"veiculos";"latitude";"longitude";"regional";"delegacia";"uop"
309977;2020-09-24;"quinta-feira";"17:30:00";"RJ";101;61;"CAMPOS DOS GOYTACAZES";"Desobediência às normas de trânsito pelo condutor";"Colisão transversal";"Com Vítimas Feridas";"Anoitecer";"Decrescente";"Garoa/Chuvisco";"Simples";"Reta";"Sim";2;0;1;0;1;0;1;2;-21,72655788;-41,32133519;"SPRF-RJ";"DEL08-RJ";"UOP01-DEL08-RJ"
309978;2020-09-24;"quinta-feira";"17:20:00";"PB";230;155,3;"CAMPINA GRANDE";"Falta de Atenção à Condução";"Colisão transversal";"Com Vítimas Feridas";"Anoitecer";"Decrescente";"Céu Claro";"Simples";"Reta";"Sim";2;0;1;0;1;0;1;2;-7,2748;-35,9058;"SPRF-PB";"DEL02-PB";"UOP01-DEL02-PB"
309979;2020-09-24;"quinta-feira";"17:40:00";"RN";110;45,6;"MOSSORO";"Falta de Atenção à Condução";"Colisão traseira";"Com Vítimas Feridas";"Plena Noite";"Decrescente";"Céu Claro";"Simples";"Reta";"Sim";3;0;1;0;2;0;1;2;-5,19494853;-37,31431615;"SPRF-RN";"DEL04-RN";"UOP01-DEL04-RN"
309980;2020-09-24;"quinta-feira";"17:55:00";"GO";40;7,9;"LUZIANIA";"Falta de Atenção à Condução";"Queda de ocupante de veículo";"Com Vítimas Feridas";"Pleno dia";"Crescente";"Céu Claro";"Dupla";"Reta";"Sim";3;0;1;0;2;0;1;2;-16,108482;-47,972524;"SPRF-DF";"DEL01-DF";"UOP01-DEL01-DF"
309981;2020-09-24;"quinta-feira";"17:40:00";"CE";222;2;"FORTALEZA";"Deficiência ou não Acionamento do Sistema de Iluminação/Sinalização do Veículo";"Colisão traseira";"Com Vítimas Feridas";"Anoitecer";"Crescente";"Céu Claro";"Múltipla";"Reta";"Sim";3;0;1;0;1;1;1;3;-3,73911117;-38,58687498;"SPRF-CE";"DEL01-CE";"UOP01-DEL01-CE"
309983;2020-09-24;"quinta-feira";"09:40:00";"MG";116;722,4;"MURIAE";"Pista Escorregadia";"Saída de leito carroçável";"Com Vítimas Feridas";"Pleno dia";"Decrescente";"Chuva";"Simples";"Reta";"Não";1;0;1;0;0;0;1;1;-21,26038315;-42,40248274;"SPRF-MG";"DEL07-MG";"UOP02-DEL07-MG"
309984;2020-09-24;"quinta-feira";"18:00:00";"SC";470;8,7;"NAVEGANTES";"Falta de Atenção à Condução";"Colisão transversal";"Sem Vítimas";"Pleno dia";"Crescente";"Céu Claro";"Simples";"Reta";"Não";4;0;0;0;4;0;0;2;-26,83343;-48,72529;"SPRF-SC";"DEL04-SC";"UOP04-DEL04-SC"
309985;2020-09-24;"quinta-feira";"13:50:00";"MG";356;280;"EUGENOPOLIS";"Agressão Externa";"Saída de leito carroçável";"Com Vítimas Feridas";"Pleno dia";"Decrescente";"Céu Claro";"Simples";"Curva;Declive";"Não";1;0;0;1;0;0;1;1;-21,12697007;-42,24532702;"SPRF-MG";"DEL07-MG";"UOP02-DEL07-MG"
309987;2020-09-24;"quinta-feira";"18:15:00";"RS";116;245;"SAO LEOPOLDO";"Falta de Atenção à Condução";"Colisão transversal";"Com Vítimas Feridas";"Anoitecer";"Crescente";"Céu Claro";"Dupla";"Interseção de Vias";"Sim";2;0;1;0;1;0;1;2;-29,74980902;-51,15125361;"SPRF-RS";"DEL01-RS";"UOP02-DEL01-RS"
309988;2020-09-24;"quinta-feira";"18:00:00";"DF";70;7,9;"BRASILIA";"Falta de Atenção do Pedestre";"Atropelamento de Pedestre";"Com Vítimas Feridas";"Anoitecer";"Crescente";"Céu Claro";"Dupla";"Reta";"Sim";3;0;2;1;0;0;3;2;-15,787601;-48,114429;"SPRF-DF";"DEL03-DF";"UOP02-DEL03-DF"
309989;2020-09-24;"quinta-feira";"18:30:00";"BA";101;540;"ARATACA";"Velocidade Incompatível";"Colisão transversal";"Com Vítimas Feridas";"Plena Noite";"Decrescente";"Céu Claro";"Simples";"Reta";"Não";3;0;2;0;1;0;2;2;-15,1892468;-39,43917822;"SPRF-BA";"DEL05-BA";"UOP01-DEL05-BA"
309990;2020-09-24;"quinta-feira";"18:40:00";"SC";101;200,8;"SAO JOSE";"Não guardar distância de segurança";"Colisão lateral";"Com Vítimas Feridas";"Plena Noite";"Crescente";"Céu Claro";"Múltipla";"Reta";"Não";2;0;1;0;1;0;1;2;-27,54512975;-48,62015605;"SPRF-SC";"DEL01-SC";"UOP01-DEL01-SC"
309991;2020-09-24;"quinta-feira";"17:30:00";"PB";230;19,3;"JOAO PESSOA";"Desobediência às normas de trânsito pelo pedestre";"Atropelamento de Pedestre";"Com Vítimas Feridas";"Anoitecer";"Crescente";"Céu Claro";"Dupla";"Reta";"Sim";2;0;0;1;0;1;1;2;-7,13168727;-34,85291546;"SPRF-PB";"DEL01-PB";"UOP01-DEL01-PB"
309992;2020-09-24;"quinta-feira";"12:50:00";"AC";317;63,5;"RIO BRANCO";"Desobediência às normas de trânsito pelo condutor";"Saída de leito carroçável";"Com Vítimas Feridas";"Pleno dia";"Decrescente";"Céu Claro";"Simples";"Curva";"Não";1;0;0;1;0;0;1;1;-10,02722389;-67,53200939;"SPRF-AC";"DEL01-AC";"UOP01-DEL01-AC"
309993;2020-09-24;"quinta-feira";"16:30:00";"RJ";101;327;"NITEROI";"Falta de Atenção à Condução";"Colisão traseira";"Com Vítimas Feridas";"Anoitecer";"Crescente";"Céu Claro";"Múltipla";"Reta";"Não";2;0;1;0;1;0;1;2;-22,87117393;-43,15595099;"SPRF-RJ";"DEL02-RJ";"UOP02-DEL02-RJ"
309995;2020-09-24;"quinta-feira";"16:25:00";"BA";367;83;"EUNAPOLIS";"Falta de Atenção à Condução";"Colisão transversal";"Com Vítimas Feridas";"Pleno dia";"Crescente";"Céu Claro";"Simples";"Reta";"Não";2;0;1;0;1;0;1;2;-16,37256267;-39,57064408;"SPRF-BA";"DEL09-BA";"UOP01-DEL09-BA"
309997;2020-09-24;"quinta-feira";"18:00:00";"MG";116;423,4;"ALPERCATA";"Desobediência às normas de trânsito pelo condutor";"Colisão frontal";"Com Vítimas Feridas";"Anoitecer";"Decrescente";"Céu Claro";"Simples";"Reta";"Sim";3;0;1;2;0;0;3;2;-18,95208996;-41,95709803;"SPRF-MG";"DEL06-MG";"UOP01-DEL06-MG"
309998;2020-09-24;"quinta-feira";"19:05:00";"PE";101;58;"RECIFE";"Velocidade Incompatível";"Colisão traseira";"Com Vítimas Feridas";"Plena Noite";"Decrescente";"Céu Claro";"Dupla";"Reta";"Não";6;0;3;0;2;1;3;4;-7,97063209;-34,92064675;"SPRF-PE";"DEL01-PE";"UOP02-DEL01-PE"
309999;2020-09-24;"quinta-feira";"13:10:00";"SC";480;130,2;"CHAPECO";"Ultrapassagem Indevida";"Colisão transversal";"Com Vítimas Feridas";"Pleno dia";"Decrescente";"Sol";"Simples";"Reta";"Sim";2;0;1;0;1;0;1;2;-27,05534298;-52,63652069;"SPRF-SC";"DEL07-SC";"UOP01-DEL07-SC"
310000;2020-09-24;"quinta-feira";"18:20:00";"MG";40;572,8;"ITABIRITO";"Desobediência às normas de trânsito pelo condutor";"Colisão transversal";"Com Vítimas Feridas";"Plena Noite";"Crescente";"Céu Claro";"Simples";"Reta";"Não";3;0;1;0;2;0;1;2;-20,23058501;-43,96905104;"SPRF-MG";"DEL01-MG";"UOP02-DEL01-MG"
310001;2020-09-24;"quinta-feira";"13:50:00";"SC";0;0;"TIMBE DO SUL";"Falta de Atenção à Condução";"Colisão transversal";"Com Vítimas Feridas";"Pleno dia";"Não Informado";"Céu Claro";"Simples";"Reta";"Não";3;0;3;0;0;0;3;2;-28,83655374;-49,80789185;"SPRF-SC";"DEL02-SC";"UOP02-DEL02-SC"
310004;2020-09-24;"quinta-feira";"19:15:00";"SC";101;213,9;"PALHOCA";"Velocidade Incompatível";"Colisão traseira";"Com Vítimas Feridas";"Plena Noite";"Decrescente";"Céu Claro";"Múltipla";"Reta";"Sim";5;0;1;0;4;0;1;5;-27,63697369;-48,66514142;"SPRF-SC";"DEL01-SC";"UOP02-DEL01-SC"
310006;2020-09-24;"quinta-feira";"19:35:00";"DF";40;3,8;"BRASILIA";"Desobediência às normas de trânsito pelo condutor";"Colisão lateral";"Com Vítimas Feridas";"Plena Noite";"Crescente";"Céu Claro";"Dupla";"Reta";"Sim";2;0;0;1;1;0;1;2;-16,003145;-47,983944;"SPRF-DF";"DEL01-DF";"UOP01-DEL01-DF"
310009;2020-09-24;"quinta-feira";"16:00:00";"SC";282;490,8;"FAXINAL DOS GUEDES";"Desobediência às normas de trânsito pelo condutor";"Colisão frontal";"Com Vítimas Feridas";"Pleno dia";"Decrescente";"Céu Claro";"Simples";"Reta";"Não";3;0;2;0;1;0;2;2;-26,874599;-52,282806;"SPRF-SC";"DEL07-SC";"UOP01-DEL07-SC"
310012;2020-09-24;"quinta-feira";"18:25:00";"PR";373;263;"CALIFORNIA";"Desobediência às normas de trânsito pelo condutor";"Colisão transversal";"Com Vítimas Feridas";"Anoitecer";"Decrescente";"Céu Claro";"Dupla";"Interseção de Vias";"Não";2;0;1;0;1;0;1;2;-23,703914;-51,329474;"SPRF-PR";"DEL08-PR";"UOP01-DEL08-PR"
310015;2020-09-24;"quinta-feira";"18:30:00";"GO";60;131;"GOIANIA";"Objeto estático sobre o leito carroçável";"Queda de ocupante de veículo";"Com Vítimas Feridas";"Plena Noite";"Decrescente";"Céu Claro";"Dupla";"Reta";"Não";1;0;1;0;0;0;1;1;-16,5754;-49,1602;"SPRF-GO";"DEL01-GO";"UOP01-DEL01-GO"
310016;2020-09-24;"quinta-feira";"17:20:00";"RO";364;731;"PORTO VELHO";"Desobediência às normas de trânsito pelo condutor";"Colisão transversal";"Com Vítimas Feridas";"Pleno dia";"Decrescente";"Céu Claro";"Simples";"Reta";"Não";4;0;1;2;0;1;3;3;-8,90901939;-63,96402868;"SPRF-RO";"DEL01-RO";"UOP01-DEL01-RO"
310018;2020-08-23;"domingo";"01:30:00";"PA";230;121,8;"MARABA";"Desobediência às normas de trânsito pelo condutor";"Colisão traseira";"Sem Vítimas";"Plena Noite";"Decrescente";"Ignorado";"Dupla";"Reta";"Sim";2;0;0;0;2;0;0;2;-5,35297407;-49,12143673;"SPRF-PA";"DEL03-PA";"UOP01-DEL03-PA"
310020;2020-09-24;"quinta-feira";"14:41:00";"GO";153;85,6;"PORANGATU";"Desobediência às normas de trânsito pelo condutor";"Colisão frontal";"Com Vítimas Feridas";"Pleno dia";"Decrescente";"Céu Claro";"Simples";"Reta";"Não";6;0;1;5;0;0;6;2;-13,553497;-49,082798;"SPRF-GO";"DEL07-GO";"UOP01-DEL07-GO"
310021;2020-09-24;"quinta-feira";"19:30:00";"PA";155;287;"MARABA";"Ingestão de Álcool";"Saída de leito carroçável";"Com Vítimas Feridas";"Plena Noite";"Crescente";"Nublado";"Simples";"Reta";"Não";1;0;0;1;0;0;1;1;-5,83507028;-49,19377136;"SPRF-PA";"DEL03-PA";"UOP01-DEL03-PA"
310022;2020-09-24;"quinta-feira";"19:00:00";"SP";116;212;"GUARULHOS";"Não guardar distância de segurança";"Queda de ocupante de veículo";"Com Vítimas Feridas";"Plena Noite";"Decrescente";"Céu Claro";"Múltipla";"Reta";"Sim";3;0;2;0;0;1;2;2;-23,43608315;-46,42805094;"SPRF-SP";"DEL01-SP";"UOP01-DEL01-SP"
310023;2020-09-24;"quinta-feira";"18:07:00";"SC";470;142,1;"RIO DO SUL";"Velocidade Incompatível";"Colisão traseira";"Com Vítimas Feridas";"Anoitecer";"Decrescente";"Nublado";"Simples";"Reta";"Sim";3;0;1;0;2;0;1;3;-27,229801;-49,6693;"SPRF-SC";"DEL04-SC";"UOP02-DEL04-SC"
310026;2020-08-19;"quarta-feira";"09:15:00";"MT";174;5;"PONTES E LACERDA";"Desobediência às normas de trânsito pelo condutor";"Atropelamento de Pedestre";"Com Vítimas Feridas";"Pleno dia";"Crescente";"Sol";"Simples";"Reta";"Sim";2;0;0;1;1;0;1;2;-15,196;-59,323;"SPRF-MT";"DEL03-MT";"UOP01-DEL03-MT"
310028;2020-09-24;"quinta-feira";"21:20:00";"MG";40;553;"NOVA LIMA";"Falta de Atenção à Condução";"Colisão traseira";"Com Vítimas Feridas";"Plena Noite";"Crescente";"Céu Claro";"Simples";"Reta";"Sim";2;0;0;1;1;0;1;2;-20,06863326;-43,98194759;"SPRF-MG";"DEL01-MG";"UOP02-DEL01-MG"
310029;2020-08-15;"sábado";"19:30:00";"PA";163;992;"SANTAREM";"Desobediência às normas de trânsito pelo condutor";"Colisão frontal";"Com Vítimas Feridas";"Plena Noite";"Decrescente";"Céu Claro";"Simples";"Reta";"Não";4;0;2;0;2;0;2;2;-2,532579;-54,722563;"SPRF-PA";"DEL05-PA";"UOP01-DEL05-PA"
310031;2020-09-24;"quinta-feira";"19:50:00";"SC";101;431;"SOMBRIO";"Restrição de Visibilidade";"Saída de leito carroçável";"Com Vítimas Feridas";"Plena Noite";"Decrescente";"Ignorado";"Dupla";"Reta";"Sim";2;0;2;0;0;0;2;1;-29,064526;-49,62464101;"SPRF-SC";"DEL02-SC";"UOP02-DEL02-SC"
310032;2020-09-24;"quinta-feira";"20:45:00";"SP";116;189;"SANTA ISABEL";"Falta de Atenção à Condução";"Colisão com objeto estático";"Com Vítimas Feridas";"Plena Noite";"Decrescente";"Nublado";"Dupla";"Declive";"Não";1;0;1;0;0;0;1;1;-23,36435234;-46,22488684;"SPRF-SP";"DEL02-SP";"UOP01-DEL02-SP"
310033;2020-08-29;"sábado";"16:40:00";"PR";376;389,6;"IMBAU";"Velocidade Incompatível";"Capotamento";"Com Vítimas Feridas";"Pleno dia";"Crescente";"Céu Claro";"Dupla";"Curva";"Não";2;0;1;0;1;0;1;2;-24,51777497;-50,71118238;"SPRF-PR";"DEL03-PR";"UOP02-DEL03-PR"
310034;2020-09-24;"quinta-feira";"23:10:00";"ES";101;268,5;"SERRA";"Desobediência às normas de trânsito pelo pedestre";"Atropelamento de Pedestre";"Com Vítimas Feridas";"Plena Noite";"Decrescente";"Chuva";"Dupla";"Reta";"Sim";2;0;0;1;1;0;1;2;-20,20842;-40,269405;"SPRF-ES";"DEL02-ES";"UOP01-DEL02-ES"
310035;2020-09-24;"quinta-feira";"22:35:00";"RS";290;38;"SANTO ANTONIO DA PATRULHA";"Falta de Atenção à Condução";"Colisão com objeto estático";"Com Vítimas Feridas";"Plena Noite";"Decrescente";"Céu Claro";"Dupla";"Reta";"Não";3;0;0;1;1;1;1;3;-29,886322;-50,637886;"SPRF-RS";"DEL03-RS";"UOP01-DEL03-RS"
310036;2020-09-24;"quinta-feira";"22:00:00";"MT";163;839;"SINOP";"Falta de Atenção à Condução";"Colisão frontal";"Com Vítimas Feridas";"Plena Noite";"Decrescente";"Céu Claro";"Simples";"Reta";"Não";2;0;2;0;0;0;2;2;-11,80000145;-55,47942117;"SPRF-MT";"DEL06-MT";"NPF/DEL06-MT"
310037;2020-09-24;"quinta-feira";"22:35:00";"RN";226;0,4;"NATAL";"Desobediência às normas de trânsito pelo condutor";"Colisão transversal";"Sem Vítimas";"Plena Noite";"Decrescente";"Céu Claro";"Simples";"Reta";"Não";3;0;0;0;2;1;0;3;-5,80411117;-35,23821831;"SPRF-RN";"DEL01-RN";"UOP02-DEL01-RN"
310038;2020-09-24;"quinta-feira";"22:40:00";"AL";316;124;"CACIMBINHAS";"Defeito Mecânico no Veículo";"Incêndio";"Sem Vítimas";"Plena Noite";"Decrescente";"Céu Claro";"Simples";"Reta";"Não";3;0;0;0;3;0;0;1;-9,39833265;-36,90281506;"SPRF-AL";"DEL03-AL";"UOP01-DEL03-AL"
310039;2020-09-24;"quinta-feira";"23:39:00";"CE";116;19;"ITAITINGA";"Ingestão de Álcool";"Colisão com objeto estático";"Com Vítimas Feridas";"Plena Noite";"Crescente";"Céu Claro";"Dupla";"Reta";"Não";1;0;1;0;0;0;1;1;-3,91384397;-38,50667231;"SPRF-CE";"DEL01-CE";"UOP02-DEL01-CE"
310041;2020-09-24;"quinta-feira";"20:45:00";"RN";101;138;"ARES";"Defeito Mecânico no Veículo";"Incêndio";"Sem Vítimas";"Plena Noite";"Crescente";"Céu Claro";"Dupla";"Reta";"Não";1;0;0;0;1;0;0;1;-6,1884521;-35,2132263;"SPRF-RN";"DEL01-RN";"UOP01-DEL01-RN"
310042;2020-09-24;"quinta-feira";"21:00:00";"MS";262;327,7;"CAMPO GRANDE";"Desobediência às normas de trânsito pelo condutor";"Tombamento";"Com Vítimas Feridas";"Plena Noite";"Crescente";"Nublado";"Simples";"Curva";"Não";1;0;1;0;0;0;1;1;-20,46851582;-54,52514592;"SPRF-MS";"DEL01-MS";"UOP01-DEL01-MS"
310043;2020-09-24;"quinta-feira";"19:30:00";"MG";381;250,5;"SANTANA DO PARAISO";"Falta de Atenção à Condução";"Colisão transversal";"Com Vítimas Fatais";"Plena Noite";"Decrescente";"Céu Claro";"Simples";"Declive;Interseção de Vias;Reta";"Sim";3;1;0;0;2;0;0;2;-19,45459018;-42,5220806;"SPRF-MG";"DEL06-MG";"UOP01-DEL06-MG"
310044;2020-09-24;"quinta-feira";"23:55:00";"MG";153;43;"CANAPOLIS";"Falta de Atenção à Condução";"Saída de leito carroçável";"Com Vítimas Feridas";"Plena Noite";"Decrescente";"Céu Claro";"Dupla";"Reta";"Não";4;0;2;2;0;0;4;1;-18,76410695;-49,07452386;"SPRF-MG";"DEL15-MG";"UOP03-DEL15-MG"
310045;2020-09-24;"quinta-feira";"18:45:00";"AM";230;611;"HUMAITA";"Desobediência às normas de trânsito pelo condutor";"Colisão transversal";"Com Vítimas Feridas";"Plena Noite";"Decrescente";"Nublado";"Dupla";"Reta;Interseção de Vias";"Sim";3;0;1;0;2;0;1;2;-7,509034;-63,029748;"SPRF-AM";"DEL01-AM";"UOP05-DEL01-AM"
310046;2020-09-25;"sexta-feira";"00:00:00";"SC";280;189;"MAFRA";"Ingestão de Álcool";"Saída de leito carroçável";"Com Vítimas Feridas";"Plena Noite";"Decrescente";"Céu Claro";"Simples";"Curva";"Não";1;0;1;0;0;0;1;1;-26,17527846;-49,97184598;"SPRF-SC";"DEL06-SC";"UOP01-DEL06-SC"
310048;2020-09-25;"sexta-feira";"00:30:00";"DF";251;37,9;"BRASILIA";"Falta de Atenção à Condução";"Colisão traseira";"Sem Vítimas";"Plena Noite";"Crescente";"Céu Claro";"Simples";"Reta";"Não";2;0;0;0;2;0;0;2;-15,943965;-47,783104;"SPRF-DF";"DEL01-DF";"UOP01-DEL01-DF"
310053;2020-09-25;"sexta-feira";"02:20:00";"RN";101;115,9;"SAO JOSE DE MIPIBU";"Velocidade Incompatível";"Queda de ocupante de veículo";"Com Vítimas Fatais";"Plena Noite";"Decrescente";"Céu Claro";"Dupla";"Reta";"Não";4;1;0;0;0;3;0;2;-5,99096804;-35,26381408;"SPRF-RN";"DEL01-RN";"UOP01-DEL01-RN"
310054;2020-09-25;"sexta-feira";"02:40:00";"PR";277;102;"CURITIBA";"Falta de Atenção do Pedestre";"Atropelamento de Pedestre";"Com Vítimas Fatais";"Plena Noite";"Crescente";"Nevoeiro/Neblina";"Dupla";"Reta";"Não";3;1;0;0;2;0;0;2;-25,51408786;-49,33726669;"SPRF-PR";"DEL01-PR";"UOP01-DEL01-PR"
310056;2020-09-25;"sexta-feira";"00:40:00";"ES";101;258;"SERRA";"Velocidade Incompatível";"Colisão lateral";"Com Vítimas Feridas";"Plena Noite";"Crescente";"Nublado";"Dupla";"Declive";"Sim";4;0;1;0;3;0;1;2;-20,13059888;-40,2961019;"SPRF-ES";"DEL02-ES";"UOP01-DEL02-ES"
310057;2020-03-05;"quinta-feira";"01:10:00";"CE";116;0,7;"FORTALEZA";"Velocidade Incompatível";"Colisão com objeto estático";"Com Vítimas Fatais";"Plena Noite";"Decrescente";"Céu Claro";"Múltipla";"Viaduto";"Sim";2;2;0;0;0;0;0;1;-3,76057007;-38,51901207;"SPRF-CE";"DEL01-CE";"UOP02-DEL01-CE"
310058;2020-09-12;"sábado";"21:50:00";"SE";101;150,2;"ESTANCIA";"Desobediência às normas de trânsito pelo condutor";"Colisão transversal";"Com Vítimas Feridas";"Plena Noite";"Crescente";"Garoa/Chuvisco";"Simples";"Declive";"Sim";2;0;0;1;0;1;1;2;-11,25947736;-37,44093418;"SPRF-SE";"DEL02-SE";"UOP01-DEL02-SE"
310061;2020-09-25;"sexta-feira";"05:20:00";"ES";482;65,8;"JERONIMO MONTEIRO";"Animais na Pista";"Atropelamento de Animal";"Com Vítimas Feridas";"Amanhecer";"Decrescente";"Ignorado";"Simples";"Curva";"Não";2;0;0;1;1;0;1;1;-20,79537324;-41,40497918;"SPRF-ES";"DEL03-ES";"UOP02-DEL03-ES"
310063;2020-09-25;"sexta-feira";"04:20:00";"RS";287;399;"SANTIAGO";"Ingestão de Álcool";"Saída de leito carroçável";"Com Vítimas Feridas";"Plena Noite";"Crescente";"Céu Claro";"Simples";"Curva;Aclive";"Sim";1;0;1;0;0;0;1;1;-29,16906302;-54,86301899;"SPRF-RS";"DEL12-RS";"UOP02-DEL12-RS"
310065;2020-09-04;"sexta-feira";"11:05:00";"ES";101;67;"SAO MATEUS";"Desobediência às normas de trânsito pelo condutor";"Colisão transversal";"Com Vítimas Feridas";"Pleno dia";"Decrescente";"Céu Claro";"Múltipla";"Interseção de Vias";"Sim";2;0;0;1;1;0;1;2;-18,72238476;-39,86183351;"SPRF-ES";"DEL04-ES";"UOP02-DEL04-ES"
310067;2020-09-25;"sexta-feira";"06:00:00";"PR";476;127;"CURITIBA";"Velocidade Incompatível";"Colisão lateral";"Sem Vítimas";"Amanhecer";"Decrescente";"Nevoeiro/Neblina";"Dupla";"Curva";"Sim";4;0;0;0;2;2;0;2;-25,425167;-49,227158;"SPRF-PR";"DEL01-PR";"UOP03-DEL01-PR"
310068;2020-09-25;"sexta-feira";"05:55:00";"PB";230;57;"CRUZ DO ESPIRITO SANTO";"Falta de Atenção à Condução";"Colisão traseira";"Sem Vítimas";"Pleno dia";"Decrescente";"Céu Claro";"Dupla";"Aclive";"Não";2;0;0;0;2;0;0;2;-7,2028;-35,1125;"SPRF-PB";"DEL01-PB";"UOP03-DEL01-PB"
310069;2020-09-25;"sexta-feira";"05:45:00";"RJ";101;331;"RIO DE JANEIRO";"Defeito Mecânico no Veículo";"Atropelamento de Pedestre";"Com Vítimas Feridas";"Amanhecer";"Decrescente";"Céu Claro";"Dupla";"Reta";"Não";2;0;1;1;0;0;2;2;-22,867662;-43,195337;"SPRF-RJ";"DEL02-RJ";"UOP02-DEL02-RJ"
310071;2020-09-25;"sexta-feira";"06:05:00";"SP";381;81,8;"SAO PAULO";"Não guardar distância de segurança";"Colisão traseira";"Com Vítimas Feridas";"Pleno dia";"Decrescente";"Céu Claro";"Dupla";"Reta";"Não";2;0;1;0;1;0;1;2;-23,41704481;-46,58022057;"SPRF-SP";"DEL03-SP";"UOP01-DEL03-SP"
310073;2020-09-25;"sexta-feira";"01:00:00";"BA";101;340;"TEOLANDIA";"Animais na Pista";"Atropelamento de Animal";"Sem Vítimas";"Plena Noite";"Decrescente";"Céu Claro";"Simples";"Reta";"Não";1;0;0;0;1;0;0;1;-13,552;-39,461;"SPRF-BA";"DEL05-BA";"UOP03-DEL05-BA"
310074;2020-09-25;"sexta-feira";"06:50:00";"PR";116;124;"CURITIBA";"Falta de Atenção à Condução";"Colisão traseira";"Com Vítimas Feridas";"Pleno dia";"Decrescente";"Céu Claro";"Dupla";"Reta";"Não";2;0;1;0;1;0;1;2;-25,58620703;-49,31436887;"SPRF-PR";"DEL01-PR";"UOP03-DEL01-PR"
310075;2020-09-25;"sexta-feira";"06:30:00";"PR";376;500;"PONTA GROSSA";"Falta de Atenção à Condução";"Colisão traseira";"Sem Vítimas";"Amanhecer";"Crescente";"Céu Claro";"Dupla";"Reta";"Sim";4;0;0;0;4;0;0;2;-25,096278;-50,074338;"SPRF-PR";"DEL03-PR";"UOP04-DEL03-PR"
310077;2020-09-24;"quinta-feira";"22:05:00";"PB";0;0;"MONTEIRO";"Desobediência às normas de trânsito pelo condutor";"Colisão frontal";"Com Vítimas Fatais";"Plena Noite";"Não Informado";"Céu Claro";"Simples";"Reta";"Sim";3;1;0;0;2;0;0;2;-7,899199;-37,132707;"SPRF-PB";"DEL02-PB";"UOP02-DEL02-PB"
310078;2020-09-24;"quinta-feira";"12:30:00";"SC";101;257,7;"PAULO LOPES";"Falta de Atenção à Condução";"Saída de leito carroçável";"Com Vítimas Feridas";"Pleno dia";"Decrescente";"Céu Claro";"Dupla";"Curva";"Não";2;0;1;1;0;0;2;1;-27,99701205;-48,68755194;"SPRF-SC";"DEL02-SC";"UOP03-DEL02-SC"
310079;2020-09-17;"quinta-feira";"13:50:00";"SC";101;184;"BIGUACU";"Falta de Atenção à Condução";"Colisão com objeto estático";"Sem Vítimas";"Pleno dia";"Crescente";"Chuva";"Dupla";"Curva";"Não";1;0;0;0;1;0;0;1;-27,41613807;-48,6266443;"SPRF-SC";"DEL01-SC";"UOP01-DEL01-SC"
310080;2020-09-25;"sexta-feira";"07:40:00";"SP";116;144,7;"SAO JOSE DOS CAMPOS";"Falta de Atenção à Condução";"Colisão traseira";"Com Vítimas Feridas";"Pleno dia";"Crescente";"Céu Claro";"Múltipla";"Reta;Aclive";"Sim";2;0;1;0;1;0;1;2;-23,18274416;-45,84633592;"SPRF-SP";"DEL02-SP";"UOP01-DEL02-SP"
310081;2020-09-25;"sexta-feira";"07:50:00";"SC";101;104;"BALNEARIO PICARRAS";"Mal Súbito";"Colisão com objeto estático";"Com Vítimas Feridas";"Pleno dia";"Decrescente";"Sol";"Simples";"Reta";"Sim";1;0;1;0;0;0;1;1;-26,79281742;-48,68080819;"SPRF-SC";"DEL03-SC";"UOP02-DEL03-SC"
310082;2020-09-25;"sexta-feira";"07:20:00";"RS";153;47;"ERECHIM";"Desobediência às normas de trânsito pelo condutor";"Colisão transversal";"Com Vítimas Feridas";"Pleno dia";"Decrescente";"Céu Claro";"Simples";"Interseção de Vias";"Sim";2;0;1;0;1;0;1;2;-27,64530366;-52,24998023;"SPRF-RS";"DEL08-RS";"UOP04-DEL08-RS"
310084;2020-09-25;"sexta-feira";"08:00:00";"MG";40;522;"CONTAGEM";"Não guardar distância de segurança";"Queda de ocupante de veículo";"Com Vítimas Feridas";"Pleno dia";"Crescente";"Céu Claro";"Dupla";"Reta";"Sim";2;0;1;0;1;0;1;1;-19,8638731;-44,06749809;"SPRF-MG";"DEL01-MG";"UOP02-DEL01-MG"
310085;2020-09-25;"sexta-feira";"07:40:00";"CE";222;9;"CAUCAIA";"Falta de Atenção à Condução";"Saída de leito carroçável";"Com Vítimas Feridas";"Pleno dia";"Crescente";"Céu Claro";"Múltipla";"Reta";"Sim";1;0;1;0;0;0;1;1;-3,75774612;-38,64611294;"SPRF-CE";"DEL01-CE";"UOP01-DEL01-CE"
310086;2020-09-25;"sexta-feira";"08:05:00";"PR";376;112,9;"PARANAVAI";"Desobediência às normas de trânsito pelo condutor";"Colisão transversal";"Com Vítimas Feridas";"Pleno dia";"Crescente";"Sol";"Dupla";"Viaduto";"Não";4;0;1;2;1;0;3;2;-23,09343108;-52,38419702;"SPRF-PR";"DEL09-PR";"UOP02-DEL09-PR"