"id";"data_inversa";"dia_semana";"horario";"uf";"br";"km";"municipio";"causa_acidente";"tipo_acidente";"classificacao_acidente";"fase_dia";"sentido_via";"condicao_metereologica";"tipo_pista";"tracado_via";"uso_solo";"pessoas";"mortos";"feridos_leves";"feridos_graves";"ilesos";"ignorados";"feridos";"veiculos";"latitude";"longitude";"regional";"delegacia";"uop"
310214;2020-09-25;"sexta-feira";"19:10:00";"RS";448;0;"SAPUCAIA DO SUL";"Falta de Atenção à Condução";"Colisão lateral";"Com Vítimas Feridas";"Plena Noite";"Decrescente";"Céu Claro";"Dupla";"Reta";"Sim";2;0;1;0;1;0;1;2;-29,827246;-51,173317;"SPRF-RS";"DEL01-RS";"UOP02-DEL01-RS"
310215;2020-09-25;"sexta-feira";"17:15:00";"RS";101;5,7;"MAQUINE";"Falta de Atenção à Condução";"Colisão lateral";"Com Vítimas Feridas";"Pleno dia";"Decrescente";"Céu Claro";"Simples";"Curva";"Sim";5;0;2;1;2;0;3;2;-29,727618;-50,191412;"SPRF-RS";"DEL03-RS";"UOP01-DEL03-RS"
310216;2020-09-25;"sexta-feira";"18:10:00";"DF";80;8;"BRASILIA";"Falta de Atenção à Condução";"Colisão transversal";"Com Vítimas Feridas";"Anoitecer";"Crescente";"Céu Claro";"Simples";"Reta";"Não";3;0;1;0;2;0;1;2;-15,73138052;-48,14560354;"SPRF-DF";"DEL03-DF";"UOP02-DEL03-DF"
310217;2020-09-25;"sexta-feira";"18:30:00";"RJ";116;84;"TERESOPOLIS";"Desobediência às normas de trânsito pelo condutor";"Colisão frontal";"Com Vítimas Feridas";"Plena Noite";"Crescente";"Céu Claro";"Simples";"Reta";"Sim";2;0;0;1;1;0;1;2;-22,4226117;-42,95115115;"SPRF-RJ";"DEL04-RJ";"UOP01-DEL04-RJ"
310218;2020-09-25;"sexta-feira";"19:40:00";"MG";381;484,8;"BETIM";"Não guardar distância de segurança";"Colisão traseira";"Com Vítimas Feridas";"Pleno dia";"Crescente";"Céu Claro";"Dupla";"Curva";"Sim";3;0;1;0;2;0;1;2;-19,95531717;-44,11722196;"SPRF-MG";"DEL01-MG";"UOP03-DEL01-MG"
310219;2020-09-25;"sexta-feira";"18:50:00";"PR";272;425,8;"GOIOERE";"Deficiência ou não Acionamento do Sistema de Iluminação/Sinalização do Veículo";"Saída de leito carroçável";"Com Vítimas Feridas";"Anoitecer";"Crescente";"Céu Claro";"Simples";"Reta";"Não";1;0;1;0;0;0;1;1;-24,16941423;-52,91945975;"SPRF-PR";"DEL09-PR";"UOP03-DEL09-PR"
310221;2020-09-20;"domingo";"05:00:00";"MS";163;28;"ELDORADO";"Falta de Atenção à Condução";"Saída de leito carroçável";"Com Vítimas Feridas";"Amanhecer";"Crescente";"Céu Claro";"Simples";"Reta";"Não";5;0;1;0;4;0;1;1;-23,86670284;-54,32884278;"SPRF-MS";"DEL09-MS";"UOP02-DEL09-MS"
310222;2020-09-25;"sexta-feira";"18:40:00";"PI";343;6;"PARNAIBA";"Desobediência às normas de trânsito pelo condutor";"Colisão frontal";"Com Vítimas Fatais";"Plena Noite";"Decrescente";"Céu Claro";"Simples";"Reta";"Sim";2;1;0;0;1;0;0;2;-2,896709;-41,705811;"SPRF-PI";"DEL05-PI";"UOP01-DEL05-PI"
310223;2020-09-25;"sexta-feira";"19:10:00";"RR";174;501;"BOA VISTA";"Falta de Atenção à Condução";"Colisão traseira";"Sem Vítimas";"Plena Noite";"Decrescente";"Céu Claro";"Dupla";"Reta";"Sim";2;0;0;0;2;0;0;2;2,781689;-60,703827;"SPRF-RR";"DEL01-RR";"UOP01-DEL01-RR"
310226;2020-09-25;"sexta-feira";"19:30:00";"SC";470;168;"POUSO REDONDO";"Falta de Atenção à Condução";"Saída de leito carroçável";"Sem Vítimas";"Plena Noite";"Crescente";"Céu Claro";"Simples";"Reta";"Não";1;0;0;0;0;1;0;1;-27,27355081;-49,8564291;"SPRF-SC";"DEL04-SC";"UOP02-DEL04-SC"
310228;2020-09-25;"sexta-feira";"20:50:00";"SC";101;205;"SAO JOSE";"Falta de Atenção à Condução";"Colisão frontal";"Com Vítimas Feridas";"Plena Noite";"Crescente";"Nublado";"Dupla";"Reta";"Sim";2;0;2;0;0;0;2;2;-27,58313237;-48,61532885;"SPRF-SC";"DEL01-SC";"UOP01-DEL01-SC"
310230;2020-09-25;"sexta-feira";"19:10:00";"SC";163;102;"SAO JOSE DO CEDRO";"Falta de Atenção à Condução";"Saída de leito carroçável";"Com Vítimas Feridas";"Plena Noite";"Crescente";"Céu Claro";"Simples";"Curva";"Não";1;0;1;0;0;0;1;1;-26,46950615;-53,50552783;"SPRF-SC";"DEL07-SC";"UOP03-DEL07-SC"
310231;2020-09-25;"sexta-feira";"20:00:00";"SC";101;117;"ITAJAI";"Ingestão de Álcool";"Colisão traseira";"Com Vítimas Feridas";"Plena Noite";"Decrescente";"Céu Claro";"Dupla";"Viaduto";"Sim";4;0;1;0;3;0;1;3;-26,88747187;-48,72252969;"SPRF-SC";"DEL04-SC";"UOP04-DEL04-SC"
310232;2020-09-25;"sexta-feira";"20:40:00";"GO";70;0;"AGUAS LINDAS DE GOIAS";"Falta de Atenção à Condução";"Saída de leito carroçável";"Sem Vítimas";"Plena Noite";"Crescente";"Céu Claro";"Dupla";"Reta";"Sim";1;0;0;0;1;0;0;1;-15,7833542;-48,23276997;"SPRF-DF";"DEL03-DF";"UOP02-DEL03-DF"
310233;2020-09-25;"sexta-feira";"19:00:00";"RR";432;204;"CANTA";"Falta de Atenção à Condução";"Colisão traseira";"Com Vítimas Fatais";"Plena Noite";"Decrescente";"Céu Claro";"Simples";"Reta";"Não";3;1;0;0;1;1;0;2;2,71841598;-60,60953528;"SPRF-RR";"DEL01-RR";"UOP01-DEL01-RR"
310234;2020-09-25;"sexta-feira";"20:55:00";"RJ";393;216;"VASSOURAS";"Falta de Atenção à Condução";"Colisão com objeto em movimento";"Com Vítimas Feridas";"Plena Noite";"Crescente";"Nublado";"Simples";"Aclive";"Não";1;0;1;0;0;0;1;1;-22,28422539;-43,44200134;"SPRF-RJ";"DEL05-RJ";"UOP03-DEL05-RJ"
310235;2020-09-25;"sexta-feira";"20:00:00";"GO";60;459;"JATAI";"Animais na Pista";"Saída de leito carroçável";"Com Vítimas Feridas";"Plena Noite";"Crescente";"Céu Claro";"Dupla";"Reta";"Não";1;0;1;0;0;0;1;1;-17,8702;-51,6065;"SPRF-GO";"DEL05-GO";"UOP01-DEL05-GO"
310236;2020-09-25;"sexta-feira";"21:10:00";"SC";280;47;"GUARAMIRIM";"Falta de Atenção à Condução";"Saída de leito carroçável";"Com Vítimas Feridas";"Plena Noite";"Crescente";"Nublado";"Simples";"Reta";"Sim";1;0;1;0;0;0;1;1;-26,45353692;-48,917876;"SPRF-SC";"DEL03-SC";"UOP03-DEL03-SC"
310237;2020-09-25;"sexta-feira";"21:35:00";"ES";262;2,2;"CARIACICA";"Animais na Pista";"Atropelamento de Animal";"Com Vítimas Feridas";"Plena Noite";"Decrescente";"Céu Claro";"Dupla";"Curva";"Sim";1;0;1;0;0;0;1;1;-20,33275688;-40,36077696;"SPRF-ES";"DEL01-ES";"UOP01-DEL01-ES"
310238;2020-09-25;"sexta-feira";"18:20:00";"SC";101;108,6;"PENHA";"Não guardar distância de segurança";"Colisão traseira";"Com Vítimas Feridas";"Anoitecer";"Decrescente";"Nublado";"Dupla";"Curva";"Sim";3;0;2;0;1;0;2;2;-26,8308066;-48,69347155;"SPRF-SC";"DEL03-SC";"UOP02-DEL03-SC"
310239;2020-09-25;"sexta-feira";"07:00:00";"DF";20;12;"BRASILIA";"Falta de Atenção à Condução";"Colisão traseira";"Com Vítimas Feridas";"Pleno dia";"Decrescente";"Céu Claro";"Dupla";"Reta";"Sim";2;0;1;0;0;1;1;2;-15,642812;-47,757786;"SPRF-DF";"DEL02-DF";"UOP01-DEL02-DF"
310241;2020-09-25;"sexta-feira";"15:30:00";"GO";40;7;"VALPARAISO DE GOIAS";"Desobediência às normas de trânsito pelo condutor";"Colisão transversal";"Com Vítimas Feridas";"Pleno dia";"Crescente";"Céu Claro";"Dupla";"Reta";"Sim";2;0;2;0;0;0;2;2;-16,108482;-47,972524;"SPRF-DF";"DEL01-DF";"UOP01-DEL01-DF"
310242;2020-09-25;"sexta-feira";"16:30:00";"GO";40;5;"VALPARAISO DE GOIAS";"Falta de Atenção à Condução";"Colisão traseira";"Sem Vítimas";"Pleno dia";"Crescente";"Céu Claro";"Dupla";"Reta";"Sim";2;0;0;0;2;0;0;2;-16,093134;-47,982236;"SPRF-DF";"DEL01-DF";"UOP01-DEL01-DF"
310244;2020-09-25;"sexta-feira";"19:15:00";"SP";381;63;"MAIRIPORA";"Falta de Atenção à Condução";"Colisão traseira";"Com Vítimas Feridas";"Plena Noite";"Decrescente";"Céu Claro";"Dupla";"Aclive;Reta";"Não";2;0;1;0;1;0;1;2;-23,302805;-46,572767;"SPRF-SP";"DEL03-SP";"UOP01-DEL03-SP"
310245;2020-09-25;"sexta-feira";"19:30:00";"PR";467;77,1;"TOLEDO";"Desobediência às normas de trânsito pelo condutor";"Colisão traseira";"Com Vítimas Feridas";"Plena Noite";"Decrescente";"Nublado";"Dupla";"Reta";"Sim";3;0;1;0;2;0;1;2;-24,7652;-53,6899;"SPRF-PR";"DEL04-PR";"UOP01-DEL04-PR"
310246;2020-09-25;"sexta-feira";"21:50:00";"PR";376;654,7;"TIJUCAS DO SUL";"Falta de Atenção à Condução";"Colisão lateral";"Com Vítimas Feridas";"Plena Noite";"Decrescente";"Céu Claro";"Dupla";"Curva";"Não";2;0;1;0;1;0;1;2;-25,84325961;-49,05169114;"SPRF-PR";"DEL01-PR";"UOP04-DEL01-PR"
310247;2020-09-25;"sexta-feira";"17:20:00";"RJ";40;112;"DUQUE DE CAXIAS";"Falta de Atenção à Condução";"Tombamento";"Com Vítimas Feridas";"Anoitecer";"Decrescente";"Céu Claro";"Múltipla";"Reta";"Sim";3;0;1;0;1;1;1;2;-22,7004454;-43,29014851;"SPRF-RJ";"DEL01-RJ";"UOP01-DEL01-RJ"
310249;2020-09-25;"sexta-feira";"19:50:00";"SC";101;112,9;"ITAJAI";"Desobediência às normas de trânsito pelo condutor";"Colisão lateral";"Com Vítimas Feridas";"Plena Noite";"Crescente";"Céu Claro";"Dupla";"Reta";"Sim";1;0;1;0;0;0;1;1;-26,85052692;-48,72587984;"SPRF-SC";"DEL04-SC";"UOP04-DEL04-SC"
310250;2020-09-25;"sexta-feira";"20:06:00";"TO";226;1,7;"AGUIARNOPOLIS";"Desobediência às normas de trânsito pelo condutor";"Colisão transversal";"Sem Vítimas";"Plena Noite";"Crescente";"Céu Claro";"Simples";"Retorno Regulamentado";"Sim";3;0;0;0;1;2;0;3;-6,561846;-47,467415;"SPRF-TO";"DEL02-TO";"UOP03-DEL02-TO"
310253;2020-09-25;"sexta-feira";"21:50:00";"SC";280;26;"ARAQUARI";"Não guardar distância de segurança";"Colisão lateral";"Com Vítimas Feridas";"Plena Noite";"Crescente";"Céu Claro";"Simples";"Reta";"Não";2;0;0;1;1;0;1;2;-26,38972308;-48,73411593;"SPRF-SC";"DEL03-SC";"UOP03-DEL03-SC"
310254;2020-09-25;"sexta-feira";"20:04:00";"MG";50;182,6;"UBERABA";"Animais na Pista";"Atropelamento de Animal";"Com Vítimas Feridas";"Plena Noite";"Decrescente";"Céu Claro";"Dupla";"Reta";"Sim";2;0;1;0;1;0;1;2;-19,793806;-47,911165;"SPRF-MG";"DEL13-MG";"UOP01-DEL13-MG"
310255;2020-09-25;"sexta-feira";"22:25:00";"GO";60;263,8;"INDIARA";"Condutor Dormindo";"Capotamento";"Com Vítimas Feridas";"Plena Noite";"Decrescente";"Céu Claro";"Dupla";"Reta";"Não";4;0;4;0;0;0;4;1;-17,1807;-50,0658;"SPRF-GO";"DEL01-GO";"UOP02-DEL01-GO"
310256;2020-09-25;"sexta-feira";"20:30:00";"SP";101;38,2;"UBATUBA";"Objeto estático sobre o leito carroçável";"Colisão com objeto estático";"Com Vítimas Feridas";"Plena Noite";"Crescente";"Garoa/Chuvisco";"Simples";"Declive";"Não";1;0;1;0;0;0;1;1;-23,40938302;-45,01933291;"SPRF-SP";"DEL06-SP";"UOP01-DEL06-SP"
310257;2020-09-25;"sexta-feira";"20:20:00";"SP";101;38,2;"UBATUBA";"Velocidade Incompatível";"Colisão com objeto estático";"Com Vítimas Feridas";"Plena Noite";"Crescente";"Garoa/Chuvisco";"Simples";"Declive";"Não";4;0;1;3;0;0;4;1;-23,40938302;-45,01933291;"SPRF-SP";"DEL06-SP";"UOP01-DEL06-SP"
310261;2020-09-25;"sexta-feira";"23:10:00";"BA";110;201;"CIPO";"Falta de Atenção à Condução";"Colisão com objeto estático";"Com Vítimas Feridas";"Plena Noite";"Decrescente";"Céu Claro";"Simples";"Reta";"Sim";1;0;0;1;0;0;1;1;-11,11592805;-38,51937538;"SPRF-BA";"DEL07-BA";"UOP02-DEL07-BA"
310264;2020-09-25;"sexta-feira";"23:20:00";"SC";280;58;"GUARAMIRIM";"Defeito na Via";"Queda de ocupante de veículo";"Com Vítimas Feridas";"Plena Noite";"Decrescente";"Nublado";"Simples";"Reta";"Sim";1;0;1;0;0;0;1;1;-26,47415593;-49,021211;"SPRF-SC";"DEL03-SC";"UOP03-DEL03-SC"
310265;2020-09-25;"sexta-feira";"20:30:00";"MG";116;100,2;"ITAOBIM";"Falta de Atenção à Condução";"Saída de leito carroçável";"Com Vítimas Feridas";"Plena Noite";"Crescente";"Céu Claro";"Simples";"Curva";"Não";2;0;0;2;0;0;2;1;-16,42963192;-41,49584527;"SPRF-MG";"DEL11-MG";"UOP02-DEL11-MG"
310266;2020-09-25;"sexta-feira";"23:30:00";"MG";40;610,2;"CONGONHAS";"Desobediência às normas de trânsito pelo condutor";"Colisão lateral";"Com Vítimas Feridas";"Plena Noite";"Decrescente";"Céu Claro";"Simples";"Curva";"Sim";4;0;0;1;3;0;1;2;-20,5019758;-43,83840447;"SPRF-MG";"DEL05-MG";"UOP02-DEL05-MG"
310267;2020-09-25;"sexta-feira";"17:05:00";"RJ";40;122,9;"DUQUE DE CAXIAS";"Pista Escorregadia";"Colisão traseira";"Sem Vítimas";"Pleno dia";"Decrescente";"Céu Claro";"Múltipla";"Reta";"Sim";2;0;0;0;2;0;0;2;-22,79958455;-43,2901454;"SPRF-RJ";"DEL01-RJ";"UOP01-DEL01-RJ"
310268;2020-09-25;"sexta-feira";"19:50:00";"RJ";493;103;"ITAGUAI";"Sinalização da via insuficiente ou inadequada";"Capotamento";"Com Vítimas Feridas";"Plena Noite";"Decrescente";"Céu Claro";"Dupla";"Reta";"Não";4;0;3;0;1;0;3;1;-22,78243326;-43,75682831;"SPRF-RJ";"DEL03-RJ";"UOP01-DEL03-RJ"
310270;2020-09-25;"sexta-feira";"22:20:00";"MT";163;756;"SORRISO";"Falta de Atenção à Condução";"Queda de ocupante de veículo";"Com Vítimas Feridas";"Plena Noite";"Crescente";"Céu Claro";"Dupla";"Declive";"Sim";1;0;1;0;0;0;1;1;-12,51987692;-55,69943905;"SPRF-MT";"DEL06-MT";"UOP01-DEL06-MT"
310272;2020-09-25;"sexta-feira";"23:30:00";"RS";386;339,6;"NOVA SANTA RITA";"Defeito Mecânico no Veículo";"Incêndio";"Sem Vítimas";"Plena Noite";"Decrescente";"Céu Claro";"Dupla";"Declive";"Não";1;0;0;0;0;1;0;1;-29,88418802;-51,22803569;"SPRF-RS";"DEL04-RS";"UOP01-DEL04-RS"
310273;2020-09-25;"sexta-feira";"18:00:00";"ES";259;45;"COLATINA";"Velocidade Incompatível";"Colisão lateral";"Com Vítimas Feridas";"Plena Noite";"Decrescente";"Céu Claro";"Simples";"Reta";"Não";5;0;2;0;2;1;2;2;-19,53239051;-40,57388306;"SPRF-ES";"DEL02-ES";"UOP01-DEL02-ES"
310274;2020-09-25;"sexta-feira";"22:45:00";"PE";232;21,3;"MORENO";"Condutor Dormindo";"Colisão com objeto estático";"Com Vítimas Feridas";"Plena Noite";"Decrescente";"Céu Claro";"Dupla";"Curva";"Não";1;0;1;0;0;0;1;1;-8,09580234;-35,08012588;"SPRF-PE";"DEL02-PE";"UOP02-DEL02PE"
310277;2020-09-26;"sábado";"00:37:00";"RJ";393;286;"VOLTA REDONDA";"Ingestão de Álcool";"Colisão transversal";"Com Vítimas Feridas";"Plena Noite";"Crescente";"Céu Claro";"Simples";"Reta";"Sim";8;0;0;1;1;6;1;3;-22,481726;-44,06308602;"SPRF-RJ";"DEL05-RJ";"UOP04-DEL05-RJ"
310278;2020-09-25;"sexta-feira";"22:15:00";"MT";70;530;"VARZEA GRANDE";"Ultrapassagem Indevida";"Colisão traseira";"Com Vítimas Feridas";"Plena Noite";"Decrescente";"Céu Claro";"Simples";"Reta";"Não";3;0;1;0;2;0;1;3;-15,649207;-56,19486;"SPRF-MT";"DEL01-MT";"UOP02-DEL01-MT"
310280;2020-09-26;"sábado";"00:35:00";"RS";116;156,6;"CAXIAS DO SUL";"Velocidade Incompatível";"Tombamento";"Com Vítimas Feridas";"Plena Noite";"Crescente";"Céu Claro";"Simples";"Curva";"Não";1;0;0;1;0;0;1;1;-29,20731013;-51,17757864;"SPRF-RS";"DEL05-RS";"UOP01-DEL05-RS"
310281;2020-09-26;"sábado";"00:20:00";"BA";116;355;"SERRINHA";"Falta de Atenção à Condução";"Tombamento";"Com Vítimas Feridas";"Plena Noite";"Decrescente";"Céu Claro";"Simples";"Reta";"Não";1;0;0;1;0;0;1;1;-11,63567382;-38,9817424;"SPRF-BA";"DEL02-BA";"UOP01-DEL02-BA"
310282;2020-09-26;"sábado";"00:30:00";"SC";101;229,1;"PALHOCA";"Ingestão de Álcool";"Colisão com objeto estático";"Sem Vítimas";"Plena Noite";"Decrescente";"Nublado";"Dupla";"Declive";"Não";1;0;0;0;1;0;0;1;-27,7688932;-48,63205379;"SPRF-SC";"DEL01-SC";"UOP02-DEL01-SC"
310283;2020-09-26;"sábado";"01:30:00";"RJ";116;167;"RIO DE JANEIRO";"Ingestão de Álcool";"Atropelamento de Pedestre";"Com Vítimas Feridas";"Plena Noite";"Crescente";"Céu Claro";"Dupla";"Reta";"Sim";2;0;1;0;1;0;1;1;-22,81803977;-43,30787252;"SPRF-RJ";"DEL01-RJ";"UOP01-DEL01-RJ"
310284;2020-09-26;"sábado";"00:40:00";"CE";222;121;"ITAPAJE";"Falta de Atenção à Condução";"Colisão transversal";"Com Vítimas Feridas";"Plena Noite";"Decrescente";"Céu Claro";"Simples";"Declive";"Sim";2;0;0;1;0;1;1;2;-3,70701491;-39,56968688;"SPRF-CE";"DEL04-CE";"UOP03-DEL04-CE"
310285;2020-09-25;"sexta-feira";"23:45:00";"PR";277;525,7;"GUARANIACU";"Velocidade Incompatível";"Saída de leito carroçável";"Sem Vítimas";"Plena Noite";"Decrescente";"Céu Claro";"Simples";"Declive";"Não";1;0;0;0;0;1;0;1;-25,11018112;-52,85167802;"SPRF-PR";"DEL04-PR";"UOP01-DEL04-PR"
310286;2020-09-26;"sábado";"01:50:00";"SP";116;270;"TABOAO DA SERRA";"Desobediência às normas de trânsito pelo condutor";"Capotamento";"Com Vítimas Feridas";"Plena Noite";"Decrescente";"Céu Claro";"Dupla";"Curva";"Sim";2;0;0;1;0;1;1;1;-23,61799728;-46,79677694;"SPRF-SP";"DEL04-SP";"UOP01-DEL04-SP"
310288;2020-09-26;"sábado";"01:15:00";"ES";101;226;"IBIRACU";"Ingestão de Álcool";"Saída de leito carroçável";"Sem Vítimas";"Plena Noite";"Decrescente";"Céu Claro";"Simples";"Reta";"Não";4;0;0;0;4;0;0;1;-19,90117299;-40,40897598;"SPRF-ES";"DEL02-ES";"UOP01-DEL02-ES"
310291;2020-09-26;"sábado";"01:30:00";"PR";376;248;"APUCARANA";"Falta de Atenção à Condução";"Colisão com objeto estático";"Com Vítimas Feridas";"Plena Noite";"Crescente";"Céu Claro";"Simples";"Reta";"Não";1;0;1;0;0;0;1;1;-23,62178992;-51,38837894;"SPRF-PR";"DEL07-PR";"UOP03-DEL07-PR"
310292;2020-09-26;"sábado";"01:30:00";"MS";163;368,1;"NOVA ALVORADA DO SUL";"Falta de Atenção à Condução";"Saída de leito carroçável";"Com Vítimas Feridas";"Plena Noite";"Crescente";"Céu Claro";"Simples";"Reta;Rotatória";"Sim";2;0;1;1;0;0;2;1;-21,43670146;-54,37719584;"SPRF-MS";"DEL02-MS";"UOP01-DEL02-MS"
310293;2020-08-24;"segunda-feira";"08:15:00";"SC";101;109;"PENHA";"Mal Súbito";"Colisão com objeto estático";"Com Vítimas Feridas";"Pleno dia";"Crescente";"Sol";"Dupla";"Curva";"Sim";1;0;0;1;0;0;1;1;-26,8333519;-48,69632106;"SPRF-SC";"DEL03-SC";"UOP02-DEL03-SC"
310295;2020-09-25;"sexta-feira";"23:20:00";"RO";364;240,2;"CACOAL";"Falta de Atenção à Condução";"Colisão lateral";"Sem Vítimas";"Plena Noite";"Decrescente";"Céu Claro";"Simples";"Reta";"Sim";3;0;0;0;3;0;0;2;-11,43579019;-61,47096987;"SPRF-RO";"DEL02-RO";"UOP02-DEL02-RO"
310296;2020-09-26;"sábado";"01:45:00";"MG";40;559,9;"NOVA LIMA";"Falta de Atenção à Condução";"Saída de leito carroçável";"Sem Vítimas";"Plena Noite";"Crescente";"Céu Claro";"Dupla";"Reta";"Sim";1;0;0;0;1;0;0;1;-20,11861708;-43,96783926;"SPRF-MG";"DEL01-MG";"UOP02-DEL01-MG"
310297;2020-09-26;"sábado";"00:30:00";"TO";153;755;"ALVORADA";"Falta de Atenção do Pedestre";"Atropelamento de Pedestre";"Com Vítimas Feridas";"Plena Noite";"Crescente";"Céu Claro";"Simples";"Reta";"Não";2;0;0;1;0;1;1;2;-12,45199835;-49,12021637;"SPRF-TO";"DEL01-TO";"UOP02-DEL01-TO"
310299;2020-09-26;"sábado";"04:00:00";"CE";116;8;"FORTALEZA";"Falta de Atenção à Condução";"Colisão com objeto estático";"Com Vítimas Fatais";"Amanhecer";"Crescente";"Chuva";"Dupla";"Reta";"Sim";1;1;0;0;0;0;0;1;-3,8192799;-38,50268337;"SPRF-CE";"DEL01-CE";"UOP02-DEL01-CE"
310302;2020-09-25;"sexta-feira";"21:30:00";"BA";110;375;"CATU";"Velocidade Incompatível";"Colisão frontal";"Com Vítimas Feridas";"Plena Noite";"Crescente";"Chuva";"Simples";"Curva";"Não";2;0;2;0;0;0;2;2;-12,41344211;-38,4727478;"SPRF-BA";"DEL01-BA";"UOP01-DEL01-BA"
310303;2020-09-26;"sábado";"02:00:00";"BA";367;58,5;"PORTO SEGURO";"Ingestão de Álcool";"Colisão frontal";"Com Vítimas Fatais";"Plena Noite";"Decrescente";"Céu Claro";"Simples";"Reta";"Não";4;1;1;2;0;0;3;2;-16,38808224;-39,36613702;"SPRF-BA";"DEL09-BA";"UOP01-DEL09-BA"
310304;2020-09-26;"sábado";"01:00:00";"DF";251;23;"BRASILIA";"Ingestão de Álcool";"Colisão lateral";"Sem Vítimas";"Plena Noite";"Decrescente";"Céu Claro";"Simples";"Reta";"Não";4;0;0;0;4;0;0;2;-15,961851;-47,663284;"SPRF-DF";"DEL01-DF";"UOP01-DEL01-DF"
310307;2020-09-26;"sábado";"05:00:00";"GO";20;185;"SIMOLANDIA";"Falta de Atenção à Condução";"Capotamento";"Com Vítimas Feridas";"Amanhecer";"Crescente";"Céu Claro";"Dupla";"Curva";"Não";2;0;0;2;0;0;2;1;-14,443042;-46,462242;"SPRF-DF";"DEL02-DF";"UOP03-DEL02-DF"
310309;2020-09-26;"sábado";"00:30:00";"SP";381;49,3;"ATIBAIA";"Falta de Atenção do Pedestre";"Atropelamento de Pedestre";"Com Vítimas Fatais";"Plena Noite";"Decrescente";"Céu Claro";"Dupla";"Reta";"Não";2;1;0;0;0;1;0;2;-23,20837621;-46,591537;"SPRF-SP";"DEL03-SP";"UOP01-DEL03-SP"
310311;2020-09-26;"sábado";"05:50:00";"SC";101;332,8;"TUBARAO";"Ingestão de Álcool";"Colisão traseira";"Com Vítimas Feridas";"Amanhecer";"Crescente";"Céu Claro";"Dupla";"Reta";"Sim";3;0;3;0;0;0;3;2;-28,46016431;-48,98968873;"SPRF-SC";"DEL02-SC";"UOP01-DEL02-SC"
310312;2020-09-26;"sábado";"05:45:00";"TO";153;152;"ARAGUAINA";"Desobediência às normas de trânsito pelo condutor";"Colisão lateral";"Com Vítimas Feridas";"Amanhecer";"Crescente";"Céu Claro";"Simples";"Reta";"Não";2;0;1;0;1;0;1;2;-7,264632;-48,262614;"SPRF-TO";"DEL02-TO";"UOP01-DEL02-TO"
310313;2020-09-25;"sexta-feira";"21:45:00";"SP";381;88,5;"GUARULHOS";"Falta de Atenção à Condução";"Colisão traseira";"Com Vítimas Fatais";"Plena Noite";"Crescente";"Céu Claro";"Dupla";"Reta";"Sim";2;1;0;0;1;0;0;2;-23,47469314;-46,56112919;"SPRF-SP";"DEL03-SP";"UOP01-DEL03-SP"
310315;2020-09-26;"sábado";"06:20:00";"GO";50;280,9;"CATALAO";"Falta de Atenção à Condução";"Colisão traseira";"Com Vítimas Feridas";"Pleno dia";"Decrescente";"Céu Claro";"Dupla";"Reta";"Sim";2;0;0;1;1;0;1;2;-18,1784;-47,9362;"SPRF-GO";"DEL06-GO";"UOP01-DEL06-GO"
310316;2020-09-25;"sexta-feira";"18:30:00";"SC";101;292,2;"IMBITUBA";"Ingestão de Álcool";"Saída de leito carroçável";"Sem Vítimas";"Plena Noite";"Decrescente";"Céu Claro";"Dupla";"Reta";"Sim";1;0;0;0;1;0;0;1;-28,278057;-48,700386;"SPRF-SC";"DEL02-SC";"UOP03-DEL02-SC"
310317;2020-09-26;"sábado";"04:05:00";"RJ";40;109;"DUQUE DE CAXIAS";"Falta de Atenção à Condução";"Colisão com objeto estático";"Com Vítimas Feridas";"Plena Noite";"Decrescente";"Céu Claro";"Múltipla";"Desvio Temporário;Reta";"Sim";1;0;1;0;0;0;1;1;-22,67374628;-43,28638368;"SPRF-RJ";"DEL01-RJ";"UOP01-DEL01-RJ"
310321;2020-09-26;"sábado";"07:00:00";"PR";116;14;"COLOMBO";"Falta de Atenção à Condução";"Capotamento";"Com Vítimas Feridas";"Pleno dia";"Crescente";"Céu Claro";"Dupla";"Reta";"Sim";4;0;4;0;0;0;4;1;-25,381471;-49,163722;"SPRF-PR";"DEL01-PR";"UOP02-DEL01-PR"
310322;2020-09-26;"sábado";"07:15:00";"MG";50;179;"UBERABA";"Falta de Atenção à Condução";"Queda de ocupante de veículo";"Com Vítimas Feridas";"Pleno dia";"Decrescente";"Sol";"Dupla";"Em Obras";"Sim";1;0;1;0;0;0;1;1;-19,77827047;-47,93140998;"SPRF-MG";"DEL13-MG";"UOP01-DEL13-MG"
310323;2020-09-26;"sábado";"07:00:00";"PR";467;76,8;"TOLEDO";"Desobediência às normas de trânsito pelo condutor";"Saída de leito carroçável";"Com Vítimas Feridas";"Amanhecer";"Decrescente";"Céu Claro";"Dupla";"Curva";"Sim";2;0;1;1;0;0;2;1;-24,7592;-53,6955;"SPRF-PR";"DEL04-PR";"UOP01-DEL04-PR"
310325;2020-09-26;"sábado";"07:45:00";"RS";116;145;"CAXIAS DO SUL";"Desobediência às normas de trânsito pelo condutor";"Colisão traseira";"Com Vítimas Feridas";"Pleno dia";"Crescente";"Céu Claro";"Dupla";"Declive";"Não";2;0;1;0;1;0;1;2;-29,1350217;-51,1302779;"SPRF-RS";"DEL05-RS";"UOP01-DEL05-RS"