"id";"data_inversa";"dia_semana";"horario";"uf";"br";"km";"municipio";"causa_acidente";"tipo_acidente";"classificacao_acidente";"fase_dia";"sentido_via";"condicao_metereologica";"tipo_pista";"tracado_via";"uso_solo";"pessoas";"mortos";"feridos_leves";"feridos_graves";"ilesos";"ignorados";"feridos";"veiculos";"latitude";"longitude";"regional";"delegacia";"uop"
310326;2020-09-26;"sábado";"07:15:00";"RN";101;109;"PARNAMIRIM";"Falta de Atenção à Condução";"Colisão transversal";"Com Vítimas Feridas";"Pleno dia";"Crescente";"Céu Claro";"Dupla";"Reta";"Sim";1;0;1;0;0;0;1;1;-5,937378;-35,26483;"SPRF-RN";"DEL01-RN";"UOP01-DEL01-RN"
310327;2020-09-26;"sábado";"07:45:00";"ES";101;342;"GUARAPARI";"Não guardar distância de segurança";"Colisão traseira";"Com Vítimas Feridas";"Pleno dia";"Decrescente";"Céu Claro";"Simples";"Reta";"Não";2;0;0;1;0;1;1;2;-20,65737321;-40,5823519;"SPRF-ES";"DEL03-ES";"UOP01-DEL03-ES"
310328;2020-09-26;"sábado";"08:00:00";"RJ";116;310;"RESENDE";"Falta de Atenção à Condução";"Colisão transversal";"Com Vítimas Feridas";"Pleno dia";"Crescente";"Céu Claro";"Simples";"Reta";"Sim";2;0;1;0;1;0;1;2;-22,45923593;-44,434776;"SPRF-RJ";"DEL07-RJ";"UOP02-DEL07-RJ"
310329;2020-09-25;"sexta-feira";"23:40:00";"RJ";116;55;"TERESOPOLIS";"Falta de Atenção à Condução";"Saída de leito carroçável";"Com Vítimas Feridas";"Plena Noite";"Decrescente";"Céu Claro";"Simples";"Reta";"Não";1;0;1;0;0;0;1;1;-22,20348855;-42,88843108;"SPRF-RJ";"DEL04-RJ";"UOP01-DEL04-RJ"
310331;2020-09-25;"sexta-feira";"18:20:00";"RJ";101;401;"ITAGUAI";"Falta de Atenção à Condução";"Colisão transversal";"Com Vítimas Feridas";"Plena Noite";"Decrescente";"Céu Claro";"Dupla";"Reta";"Não";2;0;1;1;0;0;2;2;-22,84853075;-43,77998836;"SPRF-RJ";"DEL03-RJ";"UOP01-DEL03-RJ"
310333;2020-09-26;"sábado";"08:40:00";"PB";230;11;"CABEDELO";"Desobediência às normas de trânsito pelo condutor";"Colisão traseira";"Sem Vítimas";"Pleno dia";"Decrescente";"Céu Claro";"Dupla";"Reta";"Sim";2;0;0;0;2;0;0;2;-7,0596;-34,8506;"SPRF-PB";"DEL01-PB";"UOP01-DEL01-PB"
310334;2020-09-26;"sábado";"06:30:00";"SC";282;185,3;"BOCAINA DO SUL";"Falta de Atenção à Condução";"Saída de leito carroçável";"Com Vítimas Feridas";"Amanhecer";"Decrescente";"Nublado";"Simples";"Reta";"Não";2;0;1;0;0;1;1;1;-27,734449;-49,98819;"SPRF-SC";"DEL05-SC";"UOP01-DEL05-SC"
310335;2020-09-26;"sábado";"05:40:00";"PI";343;184,4;"PIRIPIRI";"Ingestão de Álcool";"Saída de leito carroçável";"Sem Vítimas";"Amanhecer";"Decrescente";"Céu Claro";"Simples";"Aclive";"Sim";1;0;0;0;1;0;0;1;-4,272144;-41,761505;"SPRF-PI";"DEL02-PI";"UOP01-DEL02-PI"
310336;2020-09-26;"sábado";"08:45:00";"PR";116;81;"PIRAQUARA";"Falta de Atenção à Condução";"Colisão lateral";"Com Vítimas Feridas";"Pleno dia";"Decrescente";"Céu Claro";"Dupla";"Reta";"Não";2;0;1;0;1;0;1;2;-25,40969292;-49,0632661;"SPRF-PR";"DEL01-PR";"UOP01-DEL01-PR"
310337;2020-09-26;"sábado";"04:00:00";"CE";222;26;"CAUCAIA";"Falta de Atenção à Condução";"Saída de leito carroçável";"Sem Vítimas";"Plena Noite";"Decrescente";"Ignorado";"Simples";"Reta";"Não";1;0;0;0;0;1;0;1;-3,72347597;-38,78550699;"SPRF-CE";"DEL01-CE";"UOP01-DEL01-CE"
310338;2020-09-26;"sábado";"08:50:00";"SC";101;273,5;"IMBITUBA";"Velocidade Incompatível";"Saída de leito carroçável";"Com Vítimas Feridas";"Pleno dia";"Decrescente";"Céu Claro";"Múltipla";"Reta";"Sim";4;0;2;1;0;1;3;2;-28,1365045;-48,6920998;"SPRF-SC";"DEL02-SC";"UOP03-DEL02-SC"
310339;2020-09-26;"sábado";"07:10:00";"MG";251;494,1;"FRANCISCO SA";"Desobediência às normas de trânsito pelo condutor";"Colisão lateral";"Com Vítimas Feridas";"Pleno dia";"Crescente";"Céu Claro";"Simples";"Reta";"Não";3;0;2;0;0;1;2;2;-16,55575876;-43,6098222;"SPRF-MG";"DEL12-MG";"UOP01-DEL12-MG"
310340;2020-09-26;"sábado";"07:30:00";"PR";476;296,5;"SAO MATEUS DO SUL";"Falta de Atenção à Condução";"Saída de leito carroçável";"Com Vítimas Feridas";"Pleno dia";"Decrescente";"Sol";"Simples";"Reta";"Não";1;0;0;1;0;0;1;1;-25,965015;-50,530678;"SPRF-PR";"DEL02-PR";"UOP04-DEL02-PR"
310341;2020-09-26;"sábado";"09:00:00";"RJ";356;149;"CAMPOS DOS GOYTACAZES";"Desobediência às normas de trânsito pelo condutor";"Colisão frontal";"Com Vítimas Fatais";"Pleno dia";"Crescente";"Céu Claro";"Simples";"Reta";"Sim";3;1;0;1;0;1;1;2;-21,770371;-41,280012;"SPRF-RJ";"DEL08-RJ";"UOP02-DEL08-RJ"
310344;2020-09-26;"sábado";"08:00:00";"ES";482;82,6;"ALEGRE";"Desobediência às normas de trânsito pelo condutor";"Colisão com objeto estático";"Com Vítimas Feridas";"Pleno dia";"Decrescente";"Sol";"Simples";"Curva";"Sim";2;0;0;1;1;0;1;2;-20,7604621;-41,52317675;"SPRF-ES";"DEL03-ES";"UOP02-DEL03-ES"
310345;2020-09-26;"sábado";"09:23:00";"CE";304;54,9;"ARACATI";"Falta de Atenção à Condução";"Colisão transversal";"Com Vítimas Feridas";"Pleno dia";"Decrescente";"Céu Claro";"Simples";"Reta";"Não";2;0;1;0;1;0;1;2;-4,57724403;-37,72799601;"SPRF-CE";"DEL03-CE";"UOP03-DEL03-CE"
310346;2020-07-17;"sexta-feira";"04:30:00";"MG";116;23,9;"CACHOEIRA DE PAJEU";"Falta de Atenção à Condução";"Colisão frontal";"Com Vítimas Feridas";"Amanhecer";"Decrescente";"Nevoeiro/Neblina";"Simples";"Declive;Curva";"Não";2;0;0;1;1;0;1;2;-15,862705;-41,426001;"SPRF-BA";"DEL08-BA";"UOP03-DEL08-BA"
310350;2020-09-26;"sábado";"08:30:00";"CE";116;306,5;"JAGUARIBE";"Desobediência às normas de trânsito pelo condutor";"Colisão transversal";"Com Vítimas Feridas";"Pleno dia";"Crescente";"Céu Claro";"Simples";"Reta";"Não";3;0;0;1;2;0;1;2;-5,87360108;-38,60594195;"SPRF-CE";"DEL05-CE";"UOP02-DEL05-CE"
310351;2020-09-26;"sábado";"10:05:00";"PA";316;67,3;"CASTANHAL";"Desobediência às normas de trânsito pelo condutor";"Colisão transversal";"Com Vítimas Feridas";"Pleno dia";"Decrescente";"Céu Claro";"Simples";"Reta";"Sim";2;0;1;0;1;0;1;2;-1,2948794;-47,89280703;"SPRF-PA";"DEL01-PA";"UOP01-DEL01-PA"
310352;2020-09-26;"sábado";"09:45:00";"RJ";393;280;"BARRA DO PIRAI";"Não guardar distância de segurança";"Colisão traseira";"Sem Vítimas";"Pleno dia";"Decrescente";"Sol";"Simples";"Reta";"Sim";3;0;0;0;3;0;0;3;-22,47750785;-44,01954402;"SPRF-RJ";"DEL05-RJ";"UOP04-DEL05-RJ"
310354;2020-09-26;"sábado";"11:00:00";"PR";376;626,5;"SAO JOSE DOS PINHAIS";"Falta de Atenção à Condução";"Saída de leito carroçável";"Com Vítimas Feridas";"Pleno dia";"Decrescente";"Céu Claro";"Dupla";"Reta";"Não";1;0;0;1;0;0;1;1;-25,66095117;-49,15500053;"SPRF-PR";"DEL01-PR";"UOP04-DEL01-PR"
310356;2020-09-26;"sábado";"10:35:00";"PA";230;110;"MARABA";"Desobediência às normas de trânsito pelo condutor";"Colisão lateral";"Com Vítimas Feridas";"Pleno dia";"Crescente";"Céu Claro";"Simples";"Reta";"Não";2;0;1;0;1;0;1;2;-5,37342727;-49,03126806;"SPRF-PA";"DEL03-PA";"UOP01-DEL03-PA"
310357;2020-09-26;"sábado";"11:20:00";"RJ";40;25;"TRES RIOS";"Falta de Atenção à Condução";"Colisão traseira";"Com Vítimas Feridas";"Pleno dia";"Decrescente";"Céu Claro";"Dupla";"Reta";"Não";2;0;1;0;1;0;1;2;-22,0721622;-43,1950812;"SPRF-RJ";"DEL05-RJ";"UOP02-DEL05-RJ"
310358;2020-09-26;"sábado";"11:30:00";"RS";470;158;"NOVA PRATA";"Desobediência às normas de trânsito pelo condutor";"Colisão transversal";"Com Vítimas Feridas";"Pleno dia";"Decrescente";"Céu Claro";"Simples";"Curva";"Sim";5;0;4;0;1;0;4;2;-28,79987452;-51,61063671;"SPRF-RS";"DEL06-RS";"UOP02-DEL06-RS"
310359;2020-08-28;"sexta-feira";"07:30:00";"RS";116;528,9;"CAPAO DO LEAO";"Desobediência às normas de trânsito pelo condutor";"Colisão transversal";"Com Vítimas Feridas";"Amanhecer";"Crescente";"Chuva";"Simples";"Reta";"Sim";2;0;1;0;1;0;1;2;-31,75074207;-52,41851397;"SPRF-RS";"DEL07-RS";"UOP01-DEL07-RS"
310360;2020-09-26;"sábado";"10:50:00";"RJ";40;32;"AREAL";"Velocidade Incompatível";"Saída de leito carroçável";"Com Vítimas Feridas";"Pleno dia";"Decrescente";"Céu Claro";"Dupla";"Curva";"Não";1;0;1;0;0;0;1;1;-22,19935287;-43,15764401;"SPRF-RJ";"DEL05-RJ";"UOP02-DEL05-RJ"
310361;2020-09-26;"sábado";"11:07:00";"RJ";40;118;"DUQUE DE CAXIAS";"Defeito Mecânico no Veículo";"Queda de ocupante de veículo";"Com Vítimas Feridas";"Pleno dia";"Decrescente";"Sol";"Múltipla";"Em Obras";"Sim";2;0;2;0;0;0;2;1;-22,75470802;-43,28737838;"SPRF-RJ";"DEL01-RJ";"UOP01-DEL01-RJ"
310362;2020-09-26;"sábado";"10:45:00";"MS";60;130;"PARAISO DAS AGUAS";"Avarias e/ou desgaste excessivo no pneu";"Saída de leito carroçável";"Com Vítimas Feridas";"Pleno dia";"Decrescente";"Céu Claro";"Simples";"Reta";"Não";5;0;1;0;4;0;1;1;-19,34311011;-53,48846697;"SPRF-MS";"DEL06-MS";"UOP02-DEL06-MS"
310365;2020-09-25;"sexta-feira";"23:50:00";"BA";324;202;"OUROLANDIA";"Animais na Pista";"Atropelamento de Animal";"Com Vítimas Feridas";"Plena Noite";"Crescente";"Céu Claro";"Simples";"Reta";"Sim";6;0;2;0;4;0;2;2;-10,94920862;-41,08755112;"SPRF-BA";"DEL04-BA";"UOP02-DEL04-BA"
310367;2020-09-26;"sábado";"11:15:00";"PR";376;305;"MAUA DA SERRA";"Velocidade Incompatível";"Queda de ocupante de veículo";"Com Vítimas Feridas";"Pleno dia";"Decrescente";"Céu Claro";"Dupla";"Curva";"Não";1;0;1;0;0;0;1;1;-23,96167303;-51,11499389;"SPRF-PR";"DEL07-PR";"UOP03-DEL07-PR"
310368;2020-09-26;"sábado";"09:15:00";"ES";482;60,5;"JERONIMO MONTEIRO";"Ultrapassagem Indevida";"Colisão lateral";"Com Vítimas Feridas";"Pleno dia";"Crescente";"Céu Claro";"Simples";"Reta";"Não";2;0;0;1;0;1;1;2;-20,80223079;-41,36324725;"SPRF-ES";"DEL03-ES";"UOP02-DEL03-ES"
310369;2020-09-26;"sábado";"11:05:00";"MS";163;114;"ITAQUIRAI";"Falta de Atenção à Condução";"Saída de leito carroçável";"Com Vítimas Feridas";"Pleno dia";"Crescente";"Céu Claro";"Simples";"Reta";"Não";2;0;2;0;0;0;2;1;-23,16123903;-54,19856957;"SPRF-MS";"DEL09-MS";"UOP01-DEL09-MS"
310371;2020-09-26;"sábado";"12:30:00";"PB";230;71,7;"SOBRADO";"Defeito na Via";"Colisão traseira";"Com Vítimas Feridas";"Pleno dia";"Crescente";"Céu Claro";"Dupla";"Reta";"Não";2;0;1;0;1;0;1;2;-7,1913;-35,2333;"SPRF-PB";"DEL01-PB";"UOP03-DEL01-PB"
310372;2020-09-26;"sábado";"12:05:00";"SC";470;140,4;"RIO DO SUL";"Desobediência às normas de trânsito pelo condutor";"Colisão transversal";"Com Vítimas Feridas";"Pleno dia";"Crescente";"Céu Claro";"Simples";"Reta";"Não";3;0;1;0;2;0;1;2;-27,222485;-49,662827;"SPRF-SC";"DEL04-SC";"UOP02-DEL04-SC"
310373;2020-09-26;"sábado";"11:45:00";"MG";40;499;"ESMERALDAS";"Desobediência às normas de trânsito pelo condutor";"Queda de ocupante de veículo";"Com Vítimas Feridas";"Pleno dia";"Decrescente";"Céu Claro";"Dupla";"Reta";"Não";1;0;0;1;0;0;1;1;-19,69292612;-44,17828038;"SPRF-MG";"DEL02-MG";"UOP01-DEL02-MG"
310374;2020-09-26;"sábado";"08:20:00";"SC";282;504;"XANXERE";"Desobediência às normas de trânsito pelo condutor";"Colisão lateral";"Com Vítimas Feridas";"Pleno dia";"Decrescente";"Céu Claro";"Simples";"Reta";"Sim";2;0;1;0;1;0;1;2;-26,884279;-52,408466;"SPRF-SC";"DEL07-SC";"UOP01-DEL07-SC"
310375;2020-09-26;"sábado";"11:00:00";"SC";280;24;"ARAQUARI";"Falta de Atenção à Condução";"Colisão traseira";"Com Vítimas Feridas";"Pleno dia";"Decrescente";"Sol";"Simples";"Reta";"Não";2;0;0;1;0;1;1;2;-26,37724921;-48,71953282;"SPRF-SC";"DEL03-SC";"UOP03-DEL03-SC"
310376;2020-09-26;"sábado";"08:10:00";"PE";232;39;"VITORIA DE SANTO ANTAO";"Velocidade Incompatível";"Colisão com objeto estático";"Sem Vítimas";"Pleno dia";"Crescente";"Céu Claro";"Dupla";"Curva";"Não";1;0;0;0;0;1;0;1;-8,11725249;-35,2270359;"SPRF-PE";"DEL02-PE";"UOP02-DEL02PE"
310377;2020-09-26;"sábado";"10:10:00";"SC";282;386,2;"JOACABA";"Falta de Atenção à Condução";"Colisão transversal";"Sem Vítimas";"Pleno dia";"Crescente";"Sol";"Simples";"Reta";"Não";5;0;0;0;5;0;0;2;-27,185896;-51,518845;"SPRF-SC";"DEL07-SC";"UOP05-DEL07-SC"
310378;2020-09-26;"sábado";"13:00:00";"PE";104;60,9;"CARUARU";"Velocidade Incompatível";"Colisão com objeto estático";"Com Vítimas Feridas";"Pleno dia";"Decrescente";"Sol";"Dupla";"Retorno Regulamentado";"Sim";2;0;1;1;0;0;2;1;-8,2438;-35,9752;"SPRF-PE";"DEL02-PE";"UOP01-DEL02-PE"
310379;2020-09-26;"sábado";"11:15:00";"PR";376;177,5;"MARINGA";"Desobediência às normas de trânsito pelo condutor";"Colisão lateral";"Com Vítimas Feridas";"Pleno dia";"Crescente";"Céu Claro";"Dupla";"Reta";"Sim";2;0;1;0;1;0;1;2;-23,41595855;-51,92226484;"SPRF-PR";"DEL09-PR";"UOP01-DEL09-PR"
310380;2020-09-26;"sábado";"12:15:00";"RO";319;63;"PORTO VELHO";"Desobediência às normas de trânsito pelo condutor";"Colisão transversal";"Sem Vítimas";"Pleno dia";"Crescente";"Céu Claro";"Dupla";"Interseção de Vias";"Sim";2;0;0;0;2;0;0;2;-8,75782739;-63,88637781;"SPRF-RO";"DEL01-RO";"UOP01-DEL01-RO"
310381;2020-09-26;"sábado";"12:30:00";"PI";407;446,5;"GEMINIANO";"Falta de Atenção à Condução";"Queda de ocupante de veículo";"Com Vítimas Feridas";"Pleno dia";"Crescente";"Céu Claro";"Simples";"Declive";"Não";1;0;0;1;0;0;1;1;-7,21955785;-41,28015888;"SPRF-PI";"DEL04-PI";"UOP01-DEL04-PI"
310382;2020-09-26;"sábado";"13:25:00";"ES";262;105;"VENDA NOVA DO IMIGRANTE";"Falta de Atenção à Condução";"Colisão traseira";"Com Vítimas Feridas";"Pleno dia";"Crescente";"Céu Claro";"Simples";"Reta";"Sim";2;0;1;0;1;0;1;2;-20,32624656;-41,13598921;"SPRF-ES";"DEL01-ES";"UOP02-DEL01-ES"
310383;2020-09-26;"sábado";"13:15:00";"RJ";101;71;"CAMPOS DOS GOYTACAZES";"Desobediência às normas de trânsito pelo condutor";"Colisão frontal";"Com Vítimas Feridas";"Pleno dia";"Crescente";"Sol";"Simples";"Reta";"Não";4;0;2;0;2;0;2;3;-21,78577807;-41,38139396;"SPRF-RJ";"DEL08-RJ";"UOP02-DEL08-RJ"
310386;2020-09-26;"sábado";"13:55:00";"SC";470;69,1;"INDAIAL";"Ingestão de Álcool";"Colisão lateral";"Com Vítimas Feridas";"Pleno dia";"Crescente";"Sol";"Simples";"Retorno Regulamentado";"Sim";3;0;1;0;2;0;1;2;-26,883745;-49,246704;"SPRF-SC";"DEL04-SC";"UOP01-DEL04-SC"
310387;2020-09-26;"sábado";"10:40:00";"SC";280;31;"ARAQUARI";"Falta de Atenção à Condução";"Colisão transversal";"Com Vítimas Feridas";"Pleno dia";"Decrescente";"Sol";"Simples";"Reta";"Sim";3;0;3;0;0;0;3;2;-26,41649938;-48,77181215;"SPRF-SC";"DEL03-SC";"UOP03-DEL03-SC"
310388;2020-09-26;"sábado";"14:21:00";"SP";153;256,9;"MARILIA";"Desobediência às normas de trânsito pelo condutor";"Colisão transversal";"Com Vítimas Feridas";"Pleno dia";"Crescente";"Sol";"Dupla";"Reta";"Sim";2;0;2;0;0;0;2;2;-22,24254004;-49,92016912;"SPRF-SP";"DEL07-SP";"UOP02-DEL07-SP"
310389;2020-09-26;"sábado";"12:45:00";"RS";285;123,1;"VACARIA";"Ingestão de Álcool";"Colisão traseira";"Sem Vítimas";"Pleno dia";"Decrescente";"Céu Claro";"Simples";"Reta";"Sim";2;0;0;0;2;0;0;2;-28,499468;-50,951084;"SPRF-RS";"DEL05-RS";"UOP03-DEL05-RS"
310393;2020-09-26;"sábado";"15:05:00";"RS";392;59;"PELOTAS";"Pista Escorregadia";"Colisão traseira";"Sem Vítimas";"Pleno dia";"Crescente";"Chuva";"Dupla";"Reta";"Não";2;0;0;0;2;0;0;2;-31,79841635;-52,33697925;"SPRF-RS";"DEL07-RS";"UOP02-DEL07-RS"
310395;2020-09-26;"sábado";"10:00:00";"GO";153;694;"ITUMBIARA";"Ingestão de Álcool";"Saída de leito carroçável";"Com Vítimas Feridas";"Pleno dia";"Decrescente";"Céu Claro";"Dupla";"Reta";"Não";1;0;1;0;0;0;1;1;-18,34670479;-49,22080994;"SPRF-GO";"DEL03-GO";"UOP02-DEL03-GO"
310396;2020-09-26;"sábado";"15:30:00";"MG";459;43,2;"SANTA RITA DE CALDAS";"Velocidade Incompatível";"Colisão com objeto estático";"Com Vítimas Feridas";"Pleno dia";"Crescente";"Céu Claro";"Simples";"Reta";"Não";2;0;1;0;1;0;1;1;-22,001532;-46,312763;"SPRF-MG";"DEL09-MG";"UOP01-DEL09-MG"
310397;2020-09-26;"sábado";"15:00:00";"SC";280;32,2;"ARAQUARI";"Não guardar distância de segurança";"Colisão com objeto estático";"Com Vítimas Feridas";"Pleno dia";"Crescente";"Sol";"Simples";"Reta";"Não";2;0;2;0;0;0;2;1;-26,420618;-48,779335;"SPRF-SC";"DEL03-SC";"UOP03-DEL03-SC"
310398;2020-09-26;"sábado";"15:20:00";"SC";101;123,6;"ITAJAI";"Ingestão de Álcool";"Colisão traseira";"Sem Vítimas";"Pleno dia";"Crescente";"Céu Claro";"Dupla";"Reta";"Não";2;0;0;0;2;0;0;2;-26,93668609;-48,69876905;"SPRF-SC";"DEL04-SC";"UOP04-DEL04-SC"
310400;2020-09-26;"sábado";"15:30:00";"SP";101;45,5;"UBATUBA";"Ingestão de Álcool";"Engavetamento";"Com Vítimas Feridas";"Pleno dia";"Crescente";"Nublado";"Simples";"Reta";"Sim";3;0;0;1;2;0;1;3;-23,41779396;-45,06788408;"SPRF-SP";"DEL06-SP";"UOP01-DEL06-SP"
310402;2020-09-26;"sábado";"15:20:00";"PR";277;590,2;"CASCAVEL";"Velocidade Incompatível";"Saída de leito carroçável";"Com Vítimas Feridas";"Pleno dia";"Crescente";"Céu Claro";"Simples";"Reta";"Não";2;0;1;0;0;1;1;1;-24,98120697;-53,45591501;"SPRF-PR";"DEL04-PR";"UOP01-DEL04-PR"
310403;2020-09-26;"sábado";"15:30:00";"GO";70;33;"COCALZINHO DE GOIAS";"Desobediência às normas de trânsito pelo condutor";"Colisão traseira";"Com Vítimas Feridas";"Pleno dia";"Crescente";"Céu Claro";"Simples";"Reta";"Não";2;0;1;0;1;0;1;2;-15,74904148;-48,411837;"SPRF-DF";"DEL03-DF";"UOP02-DEL03-DF"
310404;2020-09-26;"sábado";"15:45:00";"CE";116;8;"FORTALEZA";"Falta de Atenção à Condução";"Colisão lateral";"Com Vítimas Feridas";"Pleno dia";"Crescente";"Céu Claro";"Dupla";"Reta";"Sim";2;0;0;1;1;0;1;2;-3,8192799;-38,50268337;"SPRF-CE";"DEL01-CE";"UOP02-DEL01-CE"
310407;2020-09-26;"sábado";"15:00:00";"MG";116;274,3;"TEOFILO OTONI";"Desobediência às normas de trânsito pelo condutor";"Colisão transversal";"Sem Vítimas";"Pleno dia";"Crescente";"Céu Claro";"Múltipla";"Interseção de Vias";"Sim";2;0;0;0;2;0;0;2;-17,8344987;-41,51128292;"SPRF-MG";"DEL11-MG";"UOP01-DEL11-MG"
310408;2020-09-26;"sábado";"16:15:00";"AL";316;156;"PALMEIRA DOS INDIOS";"Desobediência às normas de trânsito pelo condutor";"Colisão transversal";"Com Vítimas Feridas";"Pleno dia";"Crescente";"Nublado";"Simples";"Reta;Declive;Interseção de Vias";"Sim";3;0;0;2;0;1;2;2;-9,42520152;-36,61988318;"SPRF-AL";"DEL03-AL";"UOP01-DEL03-AL"
310409;2020-09-26;"sábado";"15:45:00";"MG";262;37,9;"MANHUACU";"Não guardar distância de segurança";"Colisão lateral";"Com Vítimas Feridas";"Pleno dia";"Crescente";"Sol";"Simples";"Reta";"Sim";3;0;0;1;2;0;1;3;-20,25748975;-42,03048732;"SPRF-MG";"DEL06-MG";"UOP03-DEL06-MG"
310411;2020-09-26;"sábado";"15:00:00";"RJ";116;314;"ITATIAIA";"Defeito Mecânico no Veículo";"Incêndio";"Sem Vítimas";"Pleno dia";"Crescente";"Céu Claro";"Dupla";"Reta";"Não";1;0;0;0;1;0;0;1;-22,46045833;-44,47218299;"SPRF-RJ";"DEL07-RJ";"UOP02-DEL07-RJ"
310412;2020-09-26;"sábado";"15:22:00";"BA";324;617;"SALVADOR";"Falta de Atenção à Condução";"Colisão traseira";"Sem Vítimas";"Pleno dia";"Decrescente";"Céu Claro";"Simples";"Reta";"Sim";2;0;0;0;1;1;0;2;-12,8860325;-38,43806469;"SPRF-BA";"DEL01-BA";"UOP01-DEL01-BA"
310413;2020-09-26;"sábado";"16:30:00";"ES";262;6,6;"CARIACICA";"Não guardar distância de segurança";"Colisão traseira";"Com Vítimas Feridas";"Pleno dia";"Crescente";"Céu Claro";"Múltipla";"Reta";"Sim";3;0;1;0;1;1;1;2;-20,34007493;-40,39451305;"SPRF-ES";"DEL01-ES";"UOP01-DEL01-ES"
310414;2020-09-26;"sábado";"14:45:00";"BA";116;329;"ARACI";"Desobediência às normas de trânsito pelo condutor";"Saída de leito carroçável";"Com Vítimas Fatais";"Pleno dia";"Crescente";"Céu Claro";"Simples";"Reta";"Não";2;1;0;1;0;0;1;1;-11,409388;-38,96942502;"SPRF-BA";"DEL02-BA";"UOP01-DEL02-BA"
310415;2020-09-26;"sábado";"16:40:00";"RJ";116;169;"SAO JOAO DE MERITI";"Desobediência às normas de trânsito pelo condutor";"Colisão frontal";"Com Vítimas Feridas";"Pleno dia";"Crescente";"Céu Claro";"Múltipla";"Curva";"Não";2;0;1;0;1;0;1;2;-22,816206;-43,324463;"SPRF-RJ";"DEL01-RJ";"UOP02-DEL01-RJ"
310416;2020-09-26;"sábado";"13:25:00";"RJ";101;297;"ITABORAI";"Falta de Atenção à Condução";"Queda de ocupante de veículo";"Com Vítimas Feridas";"Pleno dia";"Crescente";"Céu Claro";"Simples";"Reta";"Não";2;0;1;0;0;1;1;2;-22,76942037;-42,91873581;"SPRF-RJ";"DEL02-RJ";"UOP02-DEL02-RJ"
310417;2020-09-26;"sábado";"17:00:00";"SP";116;114;"TAUBATE";"Ingestão de Álcool";"Saída de leito carroçável";"Com Vítimas Feridas";"Pleno dia";"Crescente";"Céu Claro";"Dupla";"Reta";"Não";1;0;1;0;0;0;1;1;-23,0465712072;-45,5905954354;"SPRF-SP";"DEL06-SP";"UOP01-DEL06-SP"
310418;2020-09-26;"sábado";"16:50:00";"SC";101;131;"BALNEARIO CAMBORIU";"Defeito Mecânico no Veículo";"Colisão traseira";"Com Vítimas Feridas";"Pleno dia";"Crescente";"Céu Claro";"Múltipla";"Reta";"Sim";3;0;1;0;2;0;1;3;-26,99064209;-48,66310912;"SPRF-SC";"DEL04-SC";"UOP03-DEL04-SC"
310419;2020-09-26;"sábado";"16:00:00";"GO";153;507,7;"APARECIDA DE GOIANIA";"Desobediência às normas de trânsito pelo condutor";"Colisão lateral";"Com Vítimas Feridas";"Pleno dia";"Crescente";"Céu Claro";"Dupla";"Interseção de Vias";"Sim";2;0;0;1;1;0;1;2;-16,7715;-49,2387;"SPRF-GO";"DEL01-GO";"UOP03-DEL01-GO"
310420;2020-09-26;"sábado";"16:30:00";"PR";277;680,8;"MEDIANEIRA";"Defeito Mecânico no Veículo";"Tombamento";"Com Vítimas Feridas";"Pleno dia";"Decrescente";"Céu Claro";"Dupla";"Reta";"Não";2;0;2;0;0;0;2;1;-25,32254101;-54,16501799;"SPRF-PR";"DEL05-PR";"UOP01-DEL05-PR"
310424;2020-09-26;"sábado";"17:45:00";"RS";471;634;"SANTA VITORIA DO PALMAR";"Pista Escorregadia";"Capotamento";"Sem Vítimas";"Pleno dia";"Decrescente";"Chuva";"Simples";"Curva";"Não";1;0;0;0;1;0;0;1;-33,376999;-53,193806;"SPRF-RS";"DEL07-RS";"UOP04-DEL07-RS"
310425;2020-09-26;"sábado";"17:20:00";"PR";476;126;"CURITIBA";"Ingestão de Álcool";"Colisão com objeto estático";"Sem Vítimas";"Anoitecer";"Decrescente";"Céu Claro";"Múltipla";"Reta";"Sim";1;0;0;0;1;0;0;1;-25,416758;-49,223446;"SPRF-PR";"DEL01-PR";"UOP03-DEL01-PR"
310426;2020-09-26;"sábado";"17:40:00";"SP";116;223;"GUARULHOS";"Falta de Atenção à Condução";"Saída de leito carroçável";"Sem Vítimas";"Anoitecer";"Crescente";"Céu Claro";"Múltipla";"Reta";"Sim";1;0;0;0;1;0;0;1;-23,47559815;-46,5246609;"SPRF-SP";"DEL01-SP";"UOP01-DEL01-SP"
310427;2020-09-26;"sábado";"18:00:00";"SC";101;389,2;"CRICIUMA";"Ingestão de álcool e/ou substâncias psicoativas pelo pedestre";"Colisão com objeto estático";"Com Vítimas Feridas";"Anoitecer";"Decrescente";"Nublado";"Simples";"Viaduto";"Não";1;0;1;0;0;0;1;1;-28,79023471;-49,34585818;"SPRF-SC";"DEL02-SC";"UOP02-DEL02-SC"
310428;2020-09-26;"sábado";"18:25:00";"ES";101;262,5;"SERRA";"Falta de Atenção à Condução";"Queda de ocupante de veículo";"Com Vítimas Feridas";"Plena Noite";"Decrescente";"Céu Claro";"Múltipla";"Reta";"Não";1;0;0;1;0;0;1;1;-20,1572331;-40,27678329;"SPRF-ES";"DEL02-ES";"UOP01-DEL02-ES"