"id";"data_inversa";"dia_semana";"horario";"uf";"br";"km";"municipio";"causa_acidente";"tipo_acidente";"classificacao_acidente";"fase_dia";"sentido_via";"condicao_metereologica";"tipo_pista";"tracado_via";"uso_solo";"pessoas";"mortos";"feridos_leves";"feridos_graves";"ilesos";"ignorados";"feridos";"veiculos";"latitude";"longitude";"regional";"delegacia";"uop"
310658;2020-09-27;"domingo";"15:50:00";"PI";135;588,3;"CORRENTE";"Falta de Atenção à Condução";"Capotamento";"Com Vítimas Feridas";"Pleno dia";"Decrescente";"Sol";"Simples";"Reta";"Não";2;0;1;1;0;0;2;1;-10,42640905;-45,16119557;"SPRF-PI";"DEL03-PI";"UOP02-DEL03-PI"
310659;2020-09-27;"domingo";"16:15:00";"SC";282;638;"DESCANSO";"Desobediência às normas de trânsito pelo condutor";"Colisão lateral";"Com Vítimas Feridas";"Pleno dia";"Crescente";"Céu Claro";"Simples";"Reta";"Não";2;0;1;0;1;0;1;2;-26,800833;-53,448235;"SPRF-SC";"DEL07-SC";"UOP03-DEL07-SC"
310660;2020-09-27;"domingo";"09:55:00";"SC";470;10,9;"NAVEGANTES";"Falta de Atenção à Condução";"Saída de leito carroçável";"Sem Vítimas";"Pleno dia";"Crescente";"Céu Claro";"Simples";"Reta";"Não";1;0;0;0;0;1;0;1;-26,833693;-48,73724;"SPRF-SC";"DEL04-SC";"UOP04-DEL04-SC"
310661;2020-09-27;"domingo";"16:30:00";"SC";101;152;"ITAPEMA";"Velocidade Incompatível";"Colisão com objeto estático";"Com Vítimas Feridas";"Pleno dia";"Decrescente";"Nublado";"Múltipla";"Reta";"Não";4;0;4;0;0;0;4;1;-27,13563503;-48,61004665;"SPRF-SC";"DEL04-SC";"UOP03-DEL04-SC"
310663;2020-09-27;"domingo";"16:50:00";"PR";153;53;"SANTO ANTONIO DA PLATINA";"Ingestão de Álcool";"Colisão com objeto estático";"Sem Vítimas";"Pleno dia";"Crescente";"Céu Claro";"Simples";"Reta";"Não";1;0;0;0;1;0;0;1;-23,38914075;-50,0587092;"SPRF-PR";"DEL07-PR";"UOP04-DEL07-PR"
310666;2020-09-27;"domingo";"18:00:00";"SC";101;192;"BIGUACU";"Ingestão de Álcool";"Colisão lateral";"Sem Vítimas";"Anoitecer";"Decrescente";"Nublado";"Dupla";"Reta";"Sim";2;0;0;0;2;0;0;2;-27,48443781;-48,64765238;"SPRF-SC";"DEL01-SC";"UOP01-DEL01-SC"
310667;2020-09-27;"domingo";"18:00:00";"GO";364;333,3;"PORTELANDIA";"Desobediência às normas de trânsito pelo condutor";"Colisão frontal";"Com Vítimas Fatais";"Anoitecer";"Crescente";"Céu Claro";"Simples";"Reta";"Não";5;1;3;1;0;0;4;2;-17,393248;-52,747841;"SPRF-GO";"DEL05-GO";"UOP01-DEL05-GO"
310671;2020-09-27;"domingo";"17:00:00";"SP";116;325;"JUQUITIBA";"Falta de Atenção à Condução";"Colisão lateral";"Sem Vítimas";"Pleno dia";"Decrescente";"Céu Claro";"Dupla";"Reta";"Sim";1;0;0;0;0;1;0;1;-23,94085262;-47,05337099;"SPRF-SP";"DEL04-SP";"UOP01-DEL04-SP"
310672;2020-09-27;"domingo";"16:30:00";"RO";364;705;"PORTO VELHO";"Falta de Atenção à Condução";"Colisão com objeto estático";"Com Vítimas Feridas";"Pleno dia";"Crescente";"Nublado";"Dupla";"Reta";"Sim";3;0;1;0;2;0;1;2;-8,80031556;-63,813994;"SPRF-RO";"DEL01-RO";"UOP01-DEL01-RO"
310674;2020-09-27;"domingo";"17:45:00";"DF";60;4,5;"BRASILIA";"Ingestão de Álcool";"Colisão traseira";"Com Vítimas Feridas";"Pleno dia";"Decrescente";"Céu Claro";"Dupla";"Reta";"Sim";4;0;1;0;3;0;1;2;-15,892721;-48,095741;"SPRF-DF";"DEL03-DF";"UOP01-DEL03-DF"
310675;2020-09-27;"domingo";"18:20:00";"SP";116;299;"SAO LOURENCO DA SERRA";"Falta de Atenção à Condução";"Tombamento";"Com Vítimas Feridas";"Anoitecer";"Decrescente";"Céu Claro";"Dupla";"Reta";"Não";1;0;0;1;0;0;1;1;-23,79881101;-46,91523899;"SPRF-SP";"DEL04-SP";"UOP01-DEL04-SP"
310677;2020-09-27;"domingo";"17:30:00";"MT";163;845;"SINOP";"Não guardar distância de segurança";"Colisão traseira";"Com Vítimas Feridas";"Pleno dia";"Decrescente";"Céu Claro";"Simples";"Reta";"Não";4;0;1;0;3;0;1;3;-11,89877541;-55,50500735;"SPRF-MT";"DEL06-MT";"NPF/DEL06-MT"
310678;2020-09-27;"domingo";"18:00:00";"MG";40;635,9;"CONSELHEIRO LAFAIETE";"Falta de Atenção à Condução";"Saída de leito carroçável";"Com Vítimas Feridas";"Anoitecer";"Decrescente";"Céu Claro";"Simples";"Reta";"Não";4;0;3;1;0;0;4;1;-20,69796589;-43,79213914;"SPRF-MG";"DEL05-MG";"UOP02-DEL05-MG"
310679;2020-09-27;"domingo";"18:10:00";"AP";156;818,9;"OIAPOQUE";"Ingestão de Álcool";"Saída de leito carroçável";"Com Vítimas Feridas";"Anoitecer";"Crescente";"Céu Claro";"Simples";"Interseção de Vias";"Sim";2;0;0;1;1;0;1;1;3,8167657;-51,65767998;"SPRF-AP";"DEL01-AP";"UOP03-DEL01-AP"
310681;2020-09-27;"domingo";"16:40:00";"MT";163;603,2;"NOVA MUTUM";"Falta de Atenção à Condução";"Saída de leito carroçável";"Com Vítimas Feridas";"Pleno dia";"Decrescente";"Céu Claro";"Simples";"Reta";"Não";5;0;4;0;1;0;4;1;-13,88122005;-56,08852761;"SPRF-MT";"DEL01-MT";"UOP01-DEL01-MT"
310682;2020-09-27;"domingo";"16:35:00";"ES";101;8,8;"PEDRO CANARIO";"Defeito Mecânico no Veículo";"Tombamento";"Com Vítimas Feridas";"Pleno dia";"Crescente";"Céu Claro";"Simples";"Reta";"Não";2;0;1;0;1;0;1;1;-18,23027961;-39,95278417;"SPRF-ES";"DEL04-ES";"UOP02-DEL04-ES"
310683;2020-09-27;"domingo";"18:25:00";"MG";381;342;"BELA VISTA DE MINAS";"Velocidade Incompatível";"Saída de leito carroçável";"Com Vítimas Feridas";"Plena Noite";"Crescente";"Céu Claro";"Simples";"Reta";"Sim";3;0;0;3;0;0;3;1;-19,84962291;-43,10954212;"SPRF-MG";"DEL03-MG";"UOP01-DEL03-MG"
310685;2020-09-27;"domingo";"17:10:00";"DF";20;13,1;"BRASILIA";"Ingestão de Álcool";"Capotamento";"Com Vítimas Feridas";"Pleno dia";"Crescente";"Céu Claro";"Dupla";"Reta";"Sim";11;0;1;5;5;0;6;2;-15,638752;-47,749599;"SPRF-DF";"DEL02-DF";"UOP01-DEL02-DF"
310686;2020-09-27;"domingo";"18:00:00";"PE";101;88;"JABOATAO DOS GUARARAPES";"Falta de Atenção do Pedestre";"Atropelamento de Pedestre";"Com Vítimas Feridas";"Plena Noite";"Crescente";"Ignorado";"Simples";"Reta";"Não";4;0;3;1;0;0;4;2;-8,19971387;-34,9785382;"SPRF-PE";"DEL01-PE";"UOP03-DEL01-PE"
310688;2020-09-27;"domingo";"19:00:00";"PR";376;175,7;"MARINGA";"Falta de Atenção à Condução";"Atropelamento de Pedestre";"Com Vítimas Feridas";"Plena Noite";"Decrescente";"Céu Claro";"Dupla";"Interseção de Vias;Reta";"Sim";2;0;1;0;0;1;1;2;-23,4113569;-51,9407767;"SPRF-PR";"DEL09-PR";"UOP01-DEL09-PR"
310689;2020-09-27;"domingo";"14:55:00";"SC";282;569,9;"NOVA ERECHIM";"Desobediência às normas de trânsito pelo condutor";"Colisão lateral";"Com Vítimas Feridas";"Pleno dia";"Crescente";"Sol";"Simples";"Interseção de Vias";"Não";3;0;3;0;0;0;3;2;-26,894342;-52,923874;"SPRF-SC";"DEL07-SC";"UOP02-DEL07-SC"
310690;2020-09-27;"domingo";"16:40:00";"PR";376;259,7;"CALIFORNIA";"Defeito Mecânico no Veículo";"Saída de leito carroçável";"Com Vítimas Feridas";"Pleno dia";"Decrescente";"Nublado";"Simples";"Curva";"Não";4;0;2;0;2;0;2;1;-23,67984;-51,3521;"SPRF-PR";"DEL07-PR";"UOP03-DEL07-PR"
310691;2020-09-27;"domingo";"18:50:00";"RJ";101;433;"MANGARATIBA";"Falta de Atenção à Condução";"Colisão traseira";"Sem Vítimas";"Plena Noite";"Decrescente";"Céu Claro";"Simples";"Túnel";"Não";2;0;0;0;2;0;0;2;-22,9330217;-44,01981354;"SPRF-RJ";"DEL03-RJ";"UOP03-DEL03-RJ"
310692;2020-09-27;"domingo";"18:00:00";"SP";116;220;"GUARULHOS";"Falta de Atenção à Condução";"Colisão traseira";"Com Vítimas Feridas";"Plena Noite";"Crescente";"Céu Claro";"Múltipla";"Reta";"Sim";2;0;1;0;1;0;1;2;-23,46472809;-46,49793962;"SPRF-SP";"DEL01-SP";"UOP01-DEL01-SP"
310693;2020-09-27;"domingo";"18:40:00";"PI";135;592,8;"CORRENTE";"Defeito na Via";"Colisão frontal";"Com Vítimas Feridas";"Anoitecer";"Decrescente";"Céu Claro";"Simples";"Reta";"Sim";3;0;1;2;0;0;3;2;-10,45468196;-45,17614609;"SPRF-PI";"DEL03-PI";"UOP02-DEL03-PI"
310694;2020-09-27;"domingo";"18:55:00";"GO";60;98;"ANAPOLIS";"Não guardar distância de segurança";"Tombamento";"Com Vítimas Feridas";"Plena Noite";"Crescente";"Céu Claro";"Dupla";"Reta";"Sim";8;0;4;0;3;1;4;5;-16,3846;-48,9541;"SPRF-GO";"DEL02-GO";"UOP01-DEL02-GO"
310695;2020-09-27;"domingo";"19:00:00";"PR";277;5;"PARANAGUA";"Falta de Atenção à Condução";"Colisão transversal";"Com Vítimas Feridas";"Plena Noite";"Crescente";"Chuva";"Dupla";"Reta";"Sim";2;0;1;0;1;0;1;2;-25,5119853;-48,51989508;"SPRF-PR";"DEL01-PR";"UOP05-DEL01-PR"
310696;2020-09-27;"domingo";"18:10:00";"ES";101;377;"ICONHA";"Falta de Atenção à Condução";"Colisão transversal";"Com Vítimas Feridas";"Plena Noite";"Crescente";"Céu Claro";"Simples";"Reta";"Não";3;0;0;2;1;0;2;2;-20,794271;-40,811726;"SPRF-ES";"DEL03-ES";"UOP01-DEL03-ES"
310697;2020-09-27;"domingo";"17:15:00";"RJ";116;78;"TERESOPOLIS";"Falta de Atenção do Pedestre";"Atropelamento de Pedestre";"Com Vítimas Feridas";"Pleno dia";"Decrescente";"Céu Claro";"Simples";"Reta";"Sim";2;0;1;0;1;0;1;2;-22,37408687;-42,95260496;"SPRF-RJ";"DEL04-RJ";"UOP01-DEL04-RJ"
310703;2020-09-27;"domingo";"12:20:00";"SC";282;70,1;"RANCHO QUEIMADO";"Velocidade Incompatível";"Saída de leito carroçável";"Com Vítimas Feridas";"Pleno dia";"Crescente";"Chuva";"Simples";"Curva";"Não";1;0;1;0;0;0;1;1;-27,692705;-49,091351;"SPRF-SC";"DEL01-SC";"UOP03-DEL01-SC"
310704;2020-09-27;"domingo";"16:30:00";"PR";277;77;"CURITIBA";"Falta de Atenção à Condução";"Queda de ocupante de veículo";"Com Vítimas Feridas";"Pleno dia";"Decrescente";"Céu Claro";"Dupla";"Reta";"Não";1;0;1;0;0;0;1;1;-25,48255328;-49,19322275;"SPRF-PR";"DEL01-PR";"UOP01-DEL01-PR"
310705;2020-09-27;"domingo";"19:30:00";"CE";116;19,3;"EUSEBIO";"Ingestão de Álcool";"Colisão traseira";"Sem Vítimas";"Plena Noite";"Crescente";"Céu Claro";"Dupla";"Reta";"Não";2;0;0;0;2;0;0;2;-3,91384397;-38,50667231;"SPRF-CE";"DEL01-CE";"UOP02-DEL01-CE"
310706;2020-09-27;"domingo";"18:45:00";"MT";364;266;"JACIARA";"Falta de Atenção à Condução";"Colisão frontal";"Com Vítimas Feridas";"Plena Noite";"Crescente";"Céu Claro";"Simples";"Reta";"Não";5;0;5;0;0;0;5;2;-15,995969;-54,92259699;"SPRF-MT";"DEL02-MT";"UOP01-DEL02-MT"
310709;2020-09-27;"domingo";"17:20:00";"RJ";393;136,7;"SAPUCAIA";"Condutor Dormindo";"Colisão lateral";"Sem Vítimas";"Anoitecer";"Decrescente";"Céu Claro";"Simples";"Curva";"Não";3;0;0;0;3;0;0;2;-22,00964589;-42,94763803;"SPRF-RJ";"DEL05-RJ";"UOP01-DEL05-RJ"
310710;2020-09-27;"domingo";"19:50:00";"GO";60;47,6;"ABADIANIA";"Falta de Atenção à Condução";"Colisão lateral";"Com Vítimas Feridas";"Plena Noite";"Decrescente";"Céu Claro";"Dupla";"Curva;Declive";"Não";4;0;2;0;1;1;2;2;-16,1464;-48,6047;"SPRF-GO";"DEL02-GO";"UOP01-DEL02-GO"
310711;2020-09-27;"domingo";"17:45:00";"PR";163;134,7;"CAPITAO LEONIDAS MARQUES";"Velocidade Incompatível";"Colisão com objeto estático";"Com Vítimas Feridas";"Pleno dia";"Decrescente";"Céu Claro";"Simples";"Declive";"Não";2;0;1;0;1;0;1;1;-25,546616;-53,59186798;"SPRF-PR";"DEL05-PR";"UOP05-DEL05-PR"
310712;2020-09-27;"domingo";"19:40:00";"RJ";116;183,5;"NOVA IGUACU";"Ingestão de Álcool";"Engavetamento";"Sem Vítimas";"Plena Noite";"Decrescente";"Nublado";"Dupla";"Reta";"Sim";14;0;0;0;14;0;0;5;-22,7516014;-43,43849831;"SPRF-RJ";"DEL01-RJ";"UOP02-DEL01-RJ"
310714;2020-09-27;"domingo";"18:00:00";"MG";459;101,4;"POUSO ALEGRE";"Ingestão de Álcool";"Colisão traseira";"Sem Vítimas";"Anoitecer";"Decrescente";"Céu Claro";"Simples";"Viaduto";"Sim";3;0;0;0;3;0;0;3;-22,204355;-45,94202;"SPRF-MG";"DEL16-MG";"UOP01-DEL16-MG"
310715;2020-09-27;"domingo";"19:00:00";"PE";101;122;"IPOJUCA";"Desobediência às normas de trânsito pelo condutor";"Colisão transversal";"Sem Vítimas";"Plena Noite";"Decrescente";"Nublado";"Dupla";"Reta";"Não";2;0;0;0;0;2;0;2;-8,35939636;-35,19500398;"SPRF-PE";"DEL01-PE";"UOP03-DEL01-PE"
310717;2020-09-27;"domingo";"19:45:00";"MG";40;478,9;"SETE LAGOAS";"Desobediência às normas de trânsito pelo condutor";"Colisão com objeto estático";"Com Vítimas Feridas";"Plena Noite";"Crescente";"Céu Claro";"Dupla";"Curva;Retorno Regulamentado;Aclive";"Não";3;0;1;0;2;0;1;2;-19,53341176;-44,25614834;"SPRF-MG";"DEL02-MG";"UOP01-DEL02-MG"
310720;2020-09-27;"domingo";"18:10:00";"CE";304;44;"ARACATI";"Defeito na Via";"Queda de ocupante de veículo";"Com Vítimas Feridas";"Plena Noite";"Crescente";"Ignorado";"Simples";"Reta";"Não";1;0;0;1;0;0;1;1;-4,57887167;-37,81559999;"SPRF-CE";"DEL03-CE";"UOP03-DEL03-CE"
310721;2020-09-27;"domingo";"20:30:00";"GO";60;116,7;"TEREZOPOLIS DE GOIAS";"Avarias e/ou desgaste excessivo no pneu";"Queda de ocupante de veículo";"Com Vítimas Feridas";"Plena Noite";"Decrescente";"Céu Claro";"Dupla";"Reta";"Não";1;0;1;0;0;0;1;1;-16,4732;-49,0789;"SPRF-GO";"DEL01-GO";"UOP01-DEL01-GO"
310722;2020-09-27;"domingo";"20:15:00";"AL";424;106;"MARECHAL DEODORO";"Ingestão de Álcool";"Saída de leito carroçável";"Sem Vítimas";"Plena Noite";"Decrescente";"Céu Claro";"Simples";"Curva;Aclive";"Não";1;0;0;0;1;0;0;1;-9,68836588;-35,81830992;"SPRF-AL";"DEL02-AL";"UOP01-DEL02-AL"
310723;2020-09-27;"domingo";"20:30:00";"RN";304;115,7;"ACU";"Restrição de Visibilidade";"Atropelamento de Animal";"Com Vítimas Feridas";"Plena Noite";"Decrescente";"Nublado";"Simples";"Reta";"Não";2;0;2;0;0;0;2;1;-5,61387215;-36,89679107;"SPRF-RN";"DEL04-RN";"UOP01-DEL04-RN"
310727;2020-09-27;"domingo";"20:00:00";"PR";158;539;"PATO BRANCO";"Velocidade Incompatível";"Colisão com objeto estático";"Com Vítimas Feridas";"Plena Noite";"Decrescente";"Chuva";"Simples";"Curva";"Sim";2;0;1;0;1;0;1;1;-26,26491;-52,707542;"SPRF-PR";"DEL02-PR";"UOP01-DEL02-PR"
310728;2020-09-27;"domingo";"17:20:00";"MG";262;445;"NOVA SERRANA";"Desobediência às normas de trânsito pelo condutor";"Colisão transversal";"Com Vítimas Feridas";"Pleno dia";"Decrescente";"Céu Claro";"Dupla";"Interseção de Vias";"Sim";2;0;0;1;1;0;1;2;-19,87514825;-44,95031205;"SPRF-MG";"DEL08-MG";"UOP03-DEL08-MG"
310729;2020-09-27;"domingo";"17:45:00";"RN";427;96,8;"CAICO";"Animais na Pista";"Atropelamento de Animal";"Com Vítimas Feridas";"Anoitecer";"Decrescente";"Céu Claro";"Simples";"Curva";"Não";4;0;1;0;2;1;1;1;-6,466438;-37,058688;"SPRF-RN";"DEL03-RN";"UOP01-DEL03-RN"
310732;2020-09-27;"domingo";"17:30:00";"RJ";116;85;"TERESOPOLIS";"Ultrapassagem Indevida";"Queda de ocupante de veículo";"Com Vítimas Feridas";"Pleno dia";"Crescente";"Céu Claro";"Simples";"Reta";"Sim";2;0;1;0;1;0;1;1;-22,42972396;-42,95095697;"SPRF-RJ";"DEL04-RJ";"UOP01-DEL04-RJ"
310733;2020-09-27;"domingo";"20:30:00";"PR";476;126;"CURITIBA";"Ingestão de Álcool";"Colisão traseira";"Sem Vítimas";"Pleno dia";"Crescente";"Chuva";"Múltipla";"Reta";"Sim";2;0;0;0;2;0;0;2;-25,43852992;-49,23345479;"SPRF-PR";"DEL01-PR";"UOP03-DEL01-PR"
310735;2020-09-27;"domingo";"17:25:00";"GO";153;355,3;"JARAGUA";"Desobediência às normas de trânsito pelo condutor";"Saída de leito carroçável";"Sem Vítimas";"Pleno dia";"Crescente";"Céu Claro";"Simples";"Reta";"Sim";3;0;0;0;2;1;0;3;-15,707553;-49,331131;"SPRF-GO";"DEL02-GO";"UOP02-DEL02-GO"
310737;2020-09-27;"domingo";"21:00:00";"PR";277;6;"PARANAGUA";"Velocidade Incompatível";"Saída de leito carroçável";"Com Vítimas Feridas";"Plena Noite";"Crescente";"Chuva";"Dupla";"Reta";"Não";1;0;1;0;0;0;1;1;-25,568198;-48,615292;"SPRF-PR";"DEL01-PR";"UOP05-DEL01-PR"
310740;2020-09-27;"domingo";"19:25:00";"BA";242;414;"SEABRA";"Desobediência às normas de trânsito pelo condutor";"Colisão transversal";"Com Vítimas Feridas";"Plena Noite";"Decrescente";"Céu Claro";"Simples";"Reta";"Não";2;0;1;0;0;1;1;2;-12,427427;-41,77020288;"SPRF-BA";"DEL06-BA";"UOP01-DEL06-BA"
310741;2020-09-27;"domingo";"18:30:00";"PB";230;101;"GURINHEM";"Falta de Atenção à Condução";"Queda de ocupante de veículo";"Com Vítimas Feridas";"Plena Noite";"Crescente";"Céu Claro";"Dupla";"Reta";"Não";2;0;0;2;0;0;2;2;-7,1973;-35,4885;"SPRF-PB";"DEL01-PB";"UOP03-DEL01-PB"
310743;2020-09-27;"domingo";"17:10:00";"BA";242;388;"PALMEIRAS";"Falta de Atenção à Condução";"Colisão transversal";"Com Vítimas Feridas";"Anoitecer";"Decrescente";"Céu Claro";"Simples";"Reta";"Não";4;0;0;1;3;0;1;2;-12,450456;-41,58840641;"SPRF-BA";"DEL06-BA";"UOP01-DEL06-BA"
310744;2020-09-27;"domingo";"21:10:00";"SC";470;119;"IBIRAMA";"Desobediência às normas de trânsito pelo condutor";"Colisão transversal";"Com Vítimas Feridas";"Plena Noite";"Decrescente";"Chuva";"Simples";"Interseção de Vias;Declive";"Não";3;0;1;0;1;1;1;2;-27,081554;-49,520206;"SPRF-SC";"DEL04-SC";"UOP02-DEL04-SC"
310745;2020-09-23;"quarta-feira";"08:30:00";"BA";101;714,9;"EUNAPOLIS";"Falta de Atenção à Condução";"Colisão transversal";"Com Vítimas Feridas";"Pleno dia";"Decrescente";"Céu Claro";"Simples";"Interseção de Vias";"Sim";2;0;1;0;1;0;1;2;-16,3467504;-39,58024708;"SPRF-BA";"DEL09-BA";"UOP01-DEL09-BA"
310746;2020-09-27;"domingo";"20:30:00";"MT";163;1034;"MATUPA";"Ultrapassagem Indevida";"Colisão lateral";"Com Vítimas Feridas";"Plena Noite";"Crescente";"Céu Claro";"Simples";"Reta";"Não";2;0;0;1;1;0;1;2;-10,21306397;-54,96511459;"SPRF-MT";"DEL06-MT";"NPF/DEL06-MT"
310747;2020-09-27;"domingo";"20:00:00";"PI";20;383,6;"PIO IX";"Velocidade Incompatível";"Colisão traseira";"Com Vítimas Fatais";"Plena Noite";"Crescente";"Céu Claro";"Simples";"Reta";"Não";2;1;0;0;0;1;0;2;-6,67965306;-40,91521993;"SPRF-PI";"DEL04-PI";"UOP01-DEL04-PI"
310748;2020-09-27;"domingo";"18:00:00";"PA";316;81;"SAO FRANCISCO DO PARA";"Não guardar distância de segurança";"Colisão traseira";"Com Vítimas Feridas";"Plena Noite";"Decrescente";"Céu Claro";"Simples";"Reta";"Não";5;0;2;1;2;0;3;2;-1,30556013;-47,77095402;"SPRF-PA";"DEL01-PA";"UOP02-DEL01-PA"
310749;2020-09-27;"domingo";"21:50:00";"SE";101;49,1;"JAPARATUBA";"Falta de Atenção à Condução";"Colisão com objeto estático";"Com Vítimas Feridas";"Plena Noite";"Crescente";"Céu Claro";"Dupla";"Interseção de Vias;Curva;Declive";"Não";1;0;1;0;0;0;1;1;-10,59423;-36,97488;"SPRF-SE";"DEL02-SE";"UOP02-DEL02-SE"
310750;2020-09-27;"domingo";"21:30:00";"RJ";101;269;"RIO BONITO";"Falta de Atenção à Condução";"Colisão traseira";"Com Vítimas Feridas";"Plena Noite";"Crescente";"Céu Claro";"Dupla";"Reta";"Sim";4;0;1;0;3;0;1;3;-22,71596402;-42,68087626;"SPRF-RJ";"DEL02-RJ";"UOP03-DEL02-RJ"
310751;2020-09-27;"domingo";"19:45:00";"RO";364;342,8;"JI-PARANA";"Objeto estático sobre o leito carroçável";"Colisão com objeto em movimento";"Sem Vítimas";"Plena Noite";"Decrescente";"Céu Claro";"Dupla";"Reta";"Sim";6;0;0;0;6;0;0;6;-10,88051083;-61,94272041;"SPRF-RO";"DEL02-RO";"UOP01-DEL02-RO"
310752;2020-09-27;"domingo";"21:50:00";"ES";101;421,3;"CACHOEIRO DE ITAPEMIRIM";"Ingestão de Álcool";"Tombamento";"Com Vítimas Feridas";"Plena Noite";"Crescente";"Céu Claro";"Simples";"Reta";"Não";1;0;0;1;0;0;1;1;-20,97737416;-41,11162841;"SPRF-ES";"DEL03-ES";"UOP02-DEL03-ES"
310754;2020-09-27;"domingo";"21:20:00";"SP";116;491;"CAJATI";"Objeto estático sobre o leito carroçável";"Colisão com objeto estático";"Sem Vítimas";"Plena Noite";"Crescente";"Céu Claro";"Dupla";"Reta";"Não";2;0;0;0;2;0;0;2;-24,73981193;-48,12375607;"SPRF-SP";"DEL05-SP";"UOP01-DEL05-SP"
310755;2020-09-27;"domingo";"18:00:00";"PR";476;312,8;"PAULO FRONTIN";"Falta de Atenção à Condução";"Colisão com objeto estático";"Com Vítimas Feridas";"Pleno dia";"Crescente";"Chuva";"Simples";"Curva;Declive";"Não";2;0;0;1;1;0;1;1;-26,02743135;-50,67821871;"SPRF-PR";"DEL02-PR";"UOP04-DEL02-PR"
310756;2020-09-27;"domingo";"22:35:00";"SE";235;109,5;"CARIRA";"Falta de Atenção à Condução";"Colisão com objeto estático";"Com Vítimas Feridas";"Plena Noite";"Decrescente";"Nevoeiro/Neblina";"Simples";"Rotatória";"Não";5;0;2;3;0;0;5;3;-10,346371;-37,707779;"SPRF-SE";"DEL01-SE";"UOP02-DEL01-SE"
310757;2020-09-27;"domingo";"20:30:00";"PR";369;207,7;"APUCARANA";"Ingestão de Álcool";"Colisão frontal";"Com Vítimas Feridas";"Plena Noite";"Crescente";"Nublado";"Simples";"Interseção de Vias";"Sim";4;0;3;0;1;0;3;3;-23,5638;-51,4943;"SPRF-PR";"DEL07-PR";"UOP03-DEL07-PR"
310758;2020-09-27;"domingo";"21:30:00";"SC";101;335,8;"TUBARAO";"Velocidade Incompatível";"Colisão com objeto estático";"Com Vítimas Feridas";"Plena Noite";"Decrescente";"Chuva";"Múltipla";"Curva";"Sim";4;0;4;0;0;0;4;1;-28,47799033;-49,032197;"SPRF-SC";"DEL02-SC";"UOP01-DEL02-SC"
310760;2020-09-27;"domingo";"17:30:00";"SC";470;199,8;"PONTE ALTA";"Velocidade Incompatível";"Colisão traseira";"Com Vítimas Feridas";"Pleno dia";"Crescente";"Garoa/Chuvisco";"Simples";"Interseção de Vias";"Não";3;0;0;1;2;0;1;2;-27,30810426;-50,13358712;"SPRF-SC";"DEL05-SC";"UOP03-DEL05-SC"
310761;2020-09-27;"domingo";"23:00:00";"PR";116;107;"CURITIBA";"Não guardar distância de segurança";"Colisão traseira";"Com Vítimas Feridas";"Plena Noite";"Decrescente";"Céu Claro";"Dupla";"Reta";"Não";2;0;1;0;1;0;1;2;-25,56989668;-49,18778205;"SPRF-PR";"DEL01-PR";"UOP01-DEL01-PR"
310762;2020-09-27;"domingo";"22:45:00";"SC";470;60,8;"BLUMENAU";"Velocidade Incompatível";"Colisão frontal";"Com Vítimas Fatais";"Plena Noite";"Decrescente";"Nublado";"Simples";"Curva";"Sim";20;3;7;10;0;0;17;2;-26,88138;-49,164543;"SPRF-SC";"DEL04-SC";"UOP01-DEL04-SC"
310764;2020-09-27;"domingo";"23:00:00";"RS";290;88;"PORTO ALEGRE";"Ingestão de álcool e/ou substâncias psicoativas pelo pedestre";"Atropelamento de Pedestre";"Com Vítimas Feridas";"Plena Noite";"Decrescente";"Garoa/Chuvisco";"Dupla";"Reta";"Sim";2;0;1;1;0;0;2;2;-29,9674;-51,1385;"SPRF-RS";"DEL01-RS";"UOP01-DEL01-RS"
310768;2020-09-27;"domingo";"22:30:00";"SC";101;63,6;"ARAQUARI";"Falta de Atenção à Condução";"Colisão traseira";"Com Vítimas Feridas";"Plena Noite";"Decrescente";"Chuva";"Dupla";"Reta";"Não";6;0;3;0;3;0;3;4;-26,46282754;-48,75312388;"SPRF-SC";"DEL03-SC";"UOP02-DEL03-SC"
310772;2020-09-27;"domingo";"23:15:00";"RJ";101;282;"ITABORAI";"Falta de Atenção à Condução";"Queda de ocupante de veículo";"Com Vítimas Feridas";"Plena Noite";"Decrescente";"Céu Claro";"Simples";"Curva";"Não";1;0;1;0;0;0;1;1;-22,7371391;-42,79664601;"SPRF-RJ";"DEL02-RJ";"UOP03-DEL02-RJ"
310773;2020-09-27;"domingo";"19:30:00";"MG";381;175;"GOVERNADOR VALADARES";"Falta de Atenção à Condução";"Colisão frontal";"Com Vítimas Feridas";"Plena Noite";"Decrescente";"Céu Claro";"Simples";"Reta";"Não";3;0;1;0;2;0;1;2;-19,00400926;-42,12942879;"SPRF-MG";"DEL06-MG";"UOP01-DEL06-MG"
310774;2020-09-28;"segunda-feira";"00:15:00";"MG";40;498,8;"ESMERALDAS";"Ingestão de Álcool";"Saída de leito carroçável";"Com Vítimas Feridas";"Plena Noite";"Crescente";"Céu Claro";"Múltipla";"Reta;Declive";"Sim";1;0;1;0;0;0;1;1;-19,69007;-44,17947;"SPRF-MG";"DEL02-MG";"UOP01-DEL02-MG"