"id";"data_inversa";"dia_semana";"horario";"uf";"br";"km";"municipio";"causa_acidente";"tipo_acidente";"classificacao_acidente";"fase_dia";"sentido_via";"condicao_metereologica";"tipo_pista";"tracado_via";"uso_solo";"pessoas";"mortos";"feridos_leves";"feridos_graves";"ilesos";"ignorados";"feridos";"veiculos";"latitude";"longitude";"regional";"delegacia";"uop"
310775;2020-09-27;"domingo";"23:00:00";"RJ";493;105;"SEROPEDICA";"Velocidade Incompatível";"Colisão com objeto estático";"Com Vítimas Feridas";"Plena Noite";"Decrescente";"Céu Claro";"Dupla";"Reta";"Não";1;0;1;0;0;0;1;1;-22,78052413;-43,75070214;"SPRF-RJ";"DEL03-RJ";"UOP01-DEL03-RJ"
310776;2020-09-27;"domingo";"23:20:00";"PE";428;188,3;"PETROLINA";"Desobediência às normas de trânsito pelo condutor";"Colisão traseira";"Com Vítimas Feridas";"Plena Noite";"Crescente";"Céu Claro";"Múltipla";"Reta";"Sim";2;0;0;1;1;0;1;2;-9,36400596;-40,48266808;"SPRF-PE";"DEL06-PE";"UOP01-DEL06-PE"
310778;2020-09-27;"domingo";"22:40:00";"RJ";101;302;"SAO GONCALO";"Não guardar distância de segurança";"Colisão com objeto estático";"Com Vítimas Feridas";"Plena Noite";"Decrescente";"Céu Claro";"Dupla";"Reta";"Sim";4;0;4;0;0;0;4;1;-22,78069318;-42,96706396;"SPRF-RJ";"DEL02-RJ";"UOP02-DEL02-RJ"
310779;2020-09-28;"segunda-feira";"00:50:00";"SC";470;57,4;"BLUMENAU";"Ingestão de Álcool";"Colisão frontal";"Sem Vítimas";"Plena Noite";"Decrescente";"Nublado";"Simples";"Rotatória";"Sim";2;0;0;0;2;0;0;1;-26,88366036;-49,14121807;"SPRF-SC";"DEL04-SC";"UOP01-DEL04-SC"
310780;2020-09-28;"segunda-feira";"01:00:00";"MG";365;22;"MONTES CLAROS";"Velocidade Incompatível";"Tombamento";"Com Vítimas Feridas";"Plena Noite";"Crescente";"Céu Claro";"Simples";"Reta";"Não";1;0;0;1;0;0;1;1;-16,86085713;-44,03411005;"SPRF-MG";"DEL12-MG";"UOP01-DEL12-MG"
310782;2020-09-27;"domingo";"23:20:00";"MA";10;203;"RIBAMAR FIQUENE";"Ingestão de Álcool";"Colisão traseira";"Com Vítimas Feridas";"Plena Noite";"Decrescente";"Céu Claro";"Simples";"Reta";"Sim";2;0;0;1;1;0;1;2;-5,93894;-47,383804;"SPRF-MA";"DEL04-MA";"UOP01-DEL04-MA"
310783;2020-09-27;"domingo";"23:40:00";"MS";267;480,9;"JARDIM";"Falta de Atenção à Condução";"Saída de leito carroçável";"Sem Vítimas";"Plena Noite";"Decrescente";"Céu Claro";"Simples";"Reta";"Não";1;0;0;0;0;1;0;1;-21,47178327;-56,13379061;"SPRF-MS";"DEL05-MS";"UOP01-DEL05-MS"
310785;2020-09-27;"domingo";"17:00:00";"MG";153;236;"FRONTEIRA";"Velocidade Incompatível";"Saída de leito carroçável";"Com Vítimas Feridas";"Pleno dia";"Decrescente";"Céu Claro";"Simples";"Reta";"Não";4;0;4;0;0;0;4;1;-20,27605808;-49,1901459;"SPRF-MG";"DEL13-MG";"UOP02-DEL13-MG"
310786;2020-09-28;"segunda-feira";"01:00:00";"ES";262;2;"CARIACICA";"Ingestão de Álcool";"Tombamento";"Sem Vítimas";"Plena Noite";"Crescente";"Céu Claro";"Dupla";"Reta";"Sim";1;0;0;0;1;0;0;1;-20,33275688;-40,36077696;"SPRF-ES";"DEL01-ES";"UOP01-DEL01-ES"
310792;2020-09-28;"segunda-feira";"02:20:00";"MS";163;305,4;"DOURADINA";"Defeito Mecânico no Veículo";"Saída de leito carroçável";"Com Vítimas Feridas";"Plena Noite";"Crescente";"Céu Claro";"Simples";"Reta";"Não";1;0;1;0;0;0;1;1;-21,93777003;-54,53398446;"SPRF-MS";"DEL02-MS";"UOP02-DEL02-MS"
310793;2020-09-28;"segunda-feira";"03:00:00";"SC";101;39,6;"JOINVILLE";"Ingestão de Álcool";"Saída de leito carroçável";"Sem Vítimas";"Plena Noite";"Crescente";"Chuva";"Dupla";"Reta";"Sim";1;0;0;0;1;0;0;1;-26,3033753;-48,88250291;"SPRF-SC";"DEL03-SC";"UOP01-DEL03-SC"
310794;2020-09-28;"segunda-feira";"03:00:00";"RS";116;318;"BARRA DO RIBEIRO";"Desobediência às normas de trânsito pelo condutor";"Saída de leito carroçável";"Sem Vítimas";"Plena Noite";"Decrescente";"Garoa/Chuvisco";"Dupla";"Reta";"Não";1;0;0;0;1;0;0;1;-30,27278604;-51,40935988;"SPRF-RS";"DEL02-RS";"UOP01-DEL02-RS"
310795;2020-09-28;"segunda-feira";"01:00:00";"BA";101;167;"CONCEICAO DO JACUIPE";"Condutor Dormindo";"Colisão com objeto estático";"Sem Vítimas";"Plena Noite";"Decrescente";"Céu Claro";"Simples";"Interseção de Vias";"Não";1;0;0;0;0;1;0;1;-12,35551436;-38,782478;"SPRF-BA";"DEL01-BA";"UOP03-DEL01-BA"
310796;2020-09-28;"segunda-feira";"02:30:00";"RJ";40;119;"DUQUE DE CAXIAS";"Falta de Atenção do Pedestre";"Atropelamento de Pedestre";"Com Vítimas Fatais";"Plena Noite";"Crescente";"Céu Claro";"Múltipla";"Reta";"Sim";3;1;0;0;1;1;0;2;-22,76375592;-43,28683062;"SPRF-RJ";"DEL01-RJ";"UOP01-DEL01-RJ"
310797;2020-09-28;"segunda-feira";"03:30:00";"MG";262;377;"JUATUBA";"Ingestão de Álcool";"Saída de leito carroçável";"Sem Vítimas";"Plena Noite";"Crescente";"Céu Claro";"Dupla";"Reta";"Sim";1;0;0;0;1;0;0;1;-19,95769344;-44,35590072;"SPRF-MG";"DEL01-MG";"UOP03-DEL01-MG"
310798;2020-09-28;"segunda-feira";"02:30:00";"MG";365;613,4;"UBERLANDIA";"Falta de Atenção à Condução";"Colisão com objeto estático";"Com Vítimas Feridas";"Plena Noite";"Decrescente";"Céu Claro";"Dupla";"Reta";"Sim";1;0;1;0;0;0;1;1;-18,93718028;-48,20950985;"SPRF-MG";"DEL15-MG";"UOP01-DEL15-MG"
310799;2020-09-28;"segunda-feira";"04:30:00";"RS";290;381,2;"SANTA MARGARIDA DO SUL";"Velocidade Incompatível";"Saída de leito carroçável";"Com Vítimas Feridas";"Plena Noite";"Decrescente";"Nublado";"Simples";"Declive;Reta";"Não";1;0;1;0;0;0;1;1;-30,351601;-53,964996;"SPRF-RS";"DEL09-RS";"UOP02-DEL09-RS"
310800;2020-09-28;"segunda-feira";"00:30:00";"PE";232;172,5;"BELO JARDIM";"Ingestão de álcool e/ou substâncias psicoativas pelo pedestre";"Saída de leito carroçável";"Com Vítimas Feridas";"Plena Noite";"Crescente";"Garoa/Chuvisco";"Simples";"Ponte";"Não";3;0;2;1;0;0;3;1;-8,33854887;-36,360134;"SPRF-PE";"DEL02-PE";"UOP03-DEL02-PE"
310802;2020-09-28;"segunda-feira";"05:30:00";"MG";381;855;"POUSO ALEGRE";"Velocidade Incompatível";"Tombamento";"Com Vítimas Feridas";"Amanhecer";"Crescente";"Céu Claro";"Dupla";"Viaduto";"Não";1;0;1;0;0;0;1;1;-22,27679546;-45,89452247;"SPRF-MG";"DEL16-MG";"UOP01-DEL16-MG"
310804;2020-09-28;"segunda-feira";"05:30:00";"PE";408;100;"SAO LOURENCO DA MATA";"Defeito Mecânico no Veículo";"Colisão traseira";"Com Vítimas Feridas";"Pleno dia";"Crescente";"Chuva";"Dupla";"Reta";"Não";3;0;1;1;1;0;2;2;-8,04364056;-35,01674995;"SPRF-PE";"DEL01-PE";"UOP01-DEL01-PE"
310805;2020-09-28;"segunda-feira";"06:00:00";"PR";476;126;"CURITIBA";"Não guardar distância de segurança";"Saída de leito carroçável";"Com Vítimas Feridas";"Amanhecer";"Crescente";"Chuva";"Dupla";"Curva";"Sim";1;0;1;0;0;0;1;1;-25,416758;-49,223446;"SPRF-PR";"DEL01-PR";"UOP03-DEL01-PR"
310807;2020-09-28;"segunda-feira";"06:45:00";"CE";222;73,9;"SAO GONCALO DO AMARANTE";"Desobediência às normas de trânsito pelo condutor";"Colisão transversal";"Com Vítimas Fatais";"Pleno dia";"Decrescente";"Nublado";"Simples";"Aclive;Curva";"Não";2;1;0;0;1;0;0;2;-3,67057878;-39,20785546;"SPRF-CE";"DEL01-CE";"UOP03-DEL01-CE"
310808;2020-09-28;"segunda-feira";"06:00:00";"PR";277;115,9;"CAMPO LARGO";"Avarias e/ou desgaste excessivo no pneu";"Saída de leito carroçável";"Com Vítimas Feridas";"Amanhecer";"Crescente";"Chuva";"Dupla";"Curva";"Sim";2;0;1;0;1;0;1;1;-25,43041215;-49,39663893;"SPRF-PR";"DEL01-PR";"UOP03-DEL03-PR"
310809;2020-09-28;"segunda-feira";"06:50:00";"RN";406;168;"SAO GONCALO DO AMARANTE";"Desobediência às normas de trânsito pelo condutor";"Colisão transversal";"Com Vítimas Feridas";"Pleno dia";"Decrescente";"Céu Claro";"Simples";"Interseção de Vias";"Sim";2;0;1;0;1;0;1;2;-5,75269453;-35,31535484;"SPRF-RN";"DEL02-RN";"UOP01-DEL02-RN"
310810;2020-09-28;"segunda-feira";"06:40:00";"PR";376;458,9;"TIBAGI";"Velocidade Incompatível";"Capotamento";"Com Vítimas Feridas";"Pleno dia";"Crescente";"Chuva";"Dupla";"Curva;Declive";"Não";1;0;1;0;0;0;1;1;-24,9921312;-50,36419141;"SPRF-PR";"DEL03-PR";"UOP04-DEL03-PR"
310811;2020-09-28;"segunda-feira";"06:48:00";"TO";153;501,2;"PARAISO DO TOCANTINS";"Falta de Atenção à Condução";"Tombamento";"Com Vítimas Feridas";"Pleno dia";"Decrescente";"Céu Claro";"Simples";"Declive;Reta";"Não";1;0;1;0;0;0;1;1;-10,2204973;-48,87542725;"SPRF-TO";"DEL01-TO";"UOP01-DEL01-TO"
310813;2020-09-28;"segunda-feira";"06:45:00";"SC";280;217,5;"TRES BARRAS";"Desobediência às normas de trânsito pelo condutor";"Colisão frontal";"Com Vítimas Feridas";"Pleno dia";"Decrescente";"Chuva";"Simples";"Curva";"Não";4;0;1;0;3;0;1;2;-26,17679115;-50,23574004;"SPRF-SC";"DEL06-SC";"UOP04-DEL06-SC"
310815;2020-09-27;"domingo";"21:54:00";"SC";101;361;"SANGAO";"Velocidade Incompatível";"Capotamento";"Sem Vítimas";"Plena Noite";"Crescente";"Chuva";"Dupla";"Viaduto";"Sim";1;0;0;0;1;0;0;1;-28,66584041;-49,1146566;"SPRF-SC";"DEL02-SC";"UOP01-DEL02-SC"
310818;2020-09-28;"segunda-feira";"07:00:00";"PR";376;524,6;"PONTA GROSSA";"Mal Súbito";"Saída de leito carroçável";"Com Vítimas Fatais";"Pleno dia";"Decrescente";"Chuva";"Dupla";"Declive;Curva";"Não";3;1;2;0;0;0;2;1;-25,30994042;-49,88529732;"SPRF-PR";"DEL03-PR";"UOP04-DEL03-PR"
310819;2020-09-28;"segunda-feira";"07:00:00";"RJ";101;296;"ITABORAI";"Avarias e/ou desgaste excessivo no pneu";"Tombamento";"Com Vítimas Feridas";"Pleno dia";"Crescente";"Sol";"Dupla";"Reta";"Sim";2;0;1;0;1;0;1;1;-22,7670498;-42,91019601;"SPRF-RJ";"DEL02-RJ";"UOP02-DEL02-RJ"
310820;2020-09-28;"segunda-feira";"07:00:00";"RN";405;2;"MOSSORO";"Desobediência às normas de trânsito pelo condutor";"Colisão transversal";"Com Vítimas Feridas";"Pleno dia";"Decrescente";"Céu Claro";"Dupla";"Interseção de Vias";"Sim";2;0;1;0;1;0;1;2;-5,19143777;-37,35927647;"SPRF-RN";"DEL04-RN";"UOP02-DEL04-RN"
310822;2020-09-28;"segunda-feira";"07:30:00";"PB";230;23,7;"JOAO PESSOA";"Não guardar distância de segurança";"Colisão traseira";"Com Vítimas Feridas";"Pleno dia";"Decrescente";"Céu Claro";"Dupla";"Aclive";"Sim";4;0;1;0;3;0;1;3;-7,1562;-34,8574;"SPRF-PB";"DEL01-PB";"UOP01-DEL01-PB"
310823;2020-09-28;"segunda-feira";"06:55:00";"PR";476;132,8;"CURITIBA";"Não guardar distância de segurança";"Colisão traseira";"Com Vítimas Feridas";"Pleno dia";"Crescente";"Chuva";"Múltipla";"Interseção de Vias;Reta";"Sim";2;0;0;1;1;0;1;2;-25,460718;-49,250488;"SPRF-PR";"DEL01-PR";"UOP03-DEL01-PR"
310824;2020-08-19;"quarta-feira";"01:50:00";"PR";476;125;"CURITIBA";"Falta de Atenção à Condução";"Colisão com objeto estático";"Com Vítimas Feridas";"Plena Noite";"Crescente";"Céu Claro";"Dupla";"Curva";"Sim";1;0;1;0;0;0;1;1;-25,4083;-49,219658;"SPRF-PR";"DEL01-PR";"UOP03-DEL01-PR"
310826;2020-09-28;"segunda-feira";"07:45:00";"PB";230;137;"MASSARANDUBA";"Pista Escorregadia";"Saída de leito carroçável";"Com Vítimas Feridas";"Pleno dia";"Crescente";"Garoa/Chuvisco";"Dupla";"Curva";"Não";2;0;2;0;0;0;2;1;-7,27099276;-35,78611851;"SPRF-PB";"DEL02-PB";"UOP01-DEL02-PB"
310827;2020-09-27;"domingo";"18:30:00";"PA";10;265,8;"AURORA DO PARA";"Não guardar distância de segurança";"Engavetamento";"Com Vítimas Feridas";"Plena Noite";"Crescente";"Chuva";"Simples";"Reta";"Não";3;0;0;1;2;0;1;3;-2,114226;-47,560364;"SPRF-PA";"DEL02-PA";"UOP01-DEL02-PA"
310828;2020-09-28;"segunda-feira";"08:00:00";"PR";277;109;"CAMPO LARGO";"Falta de Atenção à Condução";"Saída de leito carroçável";"Com Vítimas Feridas";"Pleno dia";"Crescente";"Chuva";"Dupla";"Reta";"Não";2;0;1;0;1;0;1;1;-25,45492411;-49,36103728;"SPRF-PR";"DEL01-PR";"UOP03-DEL03-PR"
310829;2020-09-28;"segunda-feira";"08:00:00";"SP";116;205,7;"ARUJA";"Falta de Atenção à Condução";"Colisão lateral";"Com Vítimas Feridas";"Pleno dia";"Crescente";"Céu Claro";"Dupla";"Reta";"Sim";2;0;1;0;0;1;1;2;-23,41475243;-46,36600788;"SPRF-SP";"DEL01-SP";"UOP01-DEL01-SP"
310830;2020-09-28;"segunda-feira";"07:50:00";"MG";116;416;"GOVERNADOR VALADARES";"Desobediência às normas de trânsito pelo condutor";"Colisão transversal";"Com Vítimas Feridas";"Pleno dia";"Crescente";"Céu Claro";"Simples";"Reta";"Sim";2;0;1;0;1;0;1;2;-18,89215187;-41,94699543;"SPRF-MG";"DEL06-MG";"UOP01-DEL06-MG"
310831;2020-09-05;"sábado";"07:35:00";"ES";101;438;"MIMOSO DO SUL";"Falta de Atenção do Pedestre";"Atropelamento de Pedestre";"Com Vítimas Feridas";"Pleno dia";"Decrescente";"Céu Claro";"Simples";"Reta";"Não";2;0;0;1;1;0;1;2;-21,06633614;-41,22124288;"SPRF-ES";"DEL03-ES";"UOP02-DEL03-ES"
310832;2020-09-28;"segunda-feira";"07:30:00";"BA";116;426;"FEIRA DE SANTANA";"Desobediência às normas de trânsito pelo condutor";"Colisão transversal";"Com Vítimas Feridas";"Pleno dia";"Decrescente";"Céu Claro";"Simples";"Viaduto";"Não";1;0;1;0;0;0;1;1;-12,24420407;-38,98563987;"SPRF-BA";"DEL02-BA";"UOP01-DEL02-BA"
310835;2020-09-28;"segunda-feira";"08:00:00";"MT";364;548;"ROSARIO OESTE";"Falta de Atenção à Condução";"Saída de leito carroçável";"Com Vítimas Feridas";"Pleno dia";"Crescente";"Céu Claro";"Dupla";"Reta";"Não";3;0;3;0;0;0;3;1;-14,86197218;-56,45603069;"SPRF-MT";"DEL01-MT";"UOP01-DEL01-MT"
310836;2020-09-28;"segunda-feira";"08:00:00";"PB";230;122,9;"RIACHAO DO BACAMARTE";"Falta de Atenção à Condução";"Saída de leito carroçável";"Com Vítimas Feridas";"Pleno dia";"Crescente";"Chuva";"Dupla";"Reta";"Não";1;0;1;0;0;0;1;1;-7,2466;-35,6577;"SPRF-PB";"DEL02-PB";"UOP01-DEL02-PB"
310837;2020-08-03;"segunda-feira";"07:30:00";"PR";369;185;"ARAPONGAS";"Animais na Pista";"Queda de ocupante de veículo";"Com Vítimas Feridas";"Amanhecer";"Crescente";"Ignorado";"Simples";"Reta";"Sim";1;0;0;1;0;0;1;1;-23,51088246;-51,42615438;"SPRF-PR";"DEL07-PR";"UOP03-DEL07-PR"
310841;2020-09-28;"segunda-feira";"09:40:00";"PE";101;80;"JABOATAO DOS GUARARAPES";"Carga excessiva e/ou mal acondicionada";"Colisão com objeto em movimento";"Com Vítimas Feridas";"Pleno dia";"Crescente";"Céu Claro";"Dupla";"Retorno Regulamentado";"Sim";3;0;2;0;1;0;2;2;-8,15699071;-34,94121194;"SPRF-PE";"DEL01-PE";"UOP03-DEL01-PE"
310848;2020-09-28;"segunda-feira";"09:15:00";"SP";381;83;"SAO PAULO";"Não guardar distância de segurança";"Colisão traseira";"Com Vítimas Feridas";"Pleno dia";"Crescente";"Céu Claro";"Dupla";"Reta";"Sim";3;0;1;0;2;0;1;2;-23,4309671;-46,56998022;"SPRF-SP";"DEL03-SP";"UOP01-DEL03-SP"
310849;2020-09-28;"segunda-feira";"00:50:00";"BA";101;412;"IBIRAPITANGA";"Falta de Atenção à Condução";"Colisão traseira";"Com Vítimas Fatais";"Plena Noite";"Decrescente";"Ignorado";"Simples";"Declive";"Não";1;1;0;0;0;0;0;1;-14,17101734;-39,32559618;"SPRF-BA";"DEL05-BA";"UOP03-DEL05-BA"
310850;2020-09-28;"segunda-feira";"09:20:00";"SE";101;110,4;"SAO CRISTOVAO";"Defeito na Via";"Saída de leito carroçável";"Sem Vítimas";"Pleno dia";"Crescente";"Chuva";"Dupla";"Curva;Declive";"Não";1;0;0;0;0;1;0;1;-10,96959411;-37,27937094;"SPRF-SE";"DEL02-SE";"UOP01-DEL02-SE"
310852;2020-09-28;"segunda-feira";"08:30:00";"RN";406;154;"CEARA-MIRIM";"Falta de Atenção à Condução";"Colisão traseira";"Com Vítimas Feridas";"Pleno dia";"Decrescente";"Nublado";"Simples";"Reta";"Não";1;0;1;0;0;0;1;1;-5,67079426;-35,40552534;"SPRF-RN";"DEL02-RN";"UOP01-DEL02-RN"
310853;2020-09-28;"segunda-feira";"09:40:00";"SE";101;110;"SAO CRISTOVAO";"Pista Escorregadia";"Saída de leito carroçável";"Sem Vítimas";"Pleno dia";"Crescente";"Chuva";"Dupla";"Curva;Declive";"Não";2;0;0;0;2;0;0;1;-10,96959411;-37,27937094;"SPRF-SE";"DEL02-SE";"UOP01-DEL02-SE"
310854;2020-09-28;"segunda-feira";"10:10:00";"SC";101;221;"PALHOCA";"Avarias e/ou desgaste excessivo no pneu";"Colisão com objeto estático";"Com Vítimas Feridas";"Pleno dia";"Decrescente";"Nublado";"Dupla";"Reta";"Não";2;0;1;0;1;0;1;1;-27,70012652;-48,66021182;"SPRF-SC";"DEL01-SC";"UOP02-DEL01-SC"
310856;2020-09-28;"segunda-feira";"10:00:00";"PR";277;307;"GUARAPUAVA";"Pista Escorregadia";"Colisão com objeto estático";"Com Vítimas Feridas";"Pleno dia";"Crescente";"Chuva";"Simples";"Curva";"Não";2;0;1;0;1;0;1;1;-25,31564669;-51,19703472;"SPRF-PR";"DEL08-PR";"UOP01-DEL08-PR"
310860;2020-09-28;"segunda-feira";"10:45:00";"PR";476;130;"CURITIBA";"Falta de Atenção à Condução";"Tombamento";"Com Vítimas Feridas";"Pleno dia";"Decrescente";"Chuva";"Dupla";"Reta";"Sim";2;0;1;0;1;0;1;2;-25,449564;-49,236427;"SPRF-PR";"DEL01-PR";"UOP03-DEL01-PR"
310861;2020-09-28;"segunda-feira";"08:40:00";"RJ";0;0;"DUQUE DE CAXIAS";"Falta de Atenção à Condução";"Colisão com objeto estático";"Com Vítimas Feridas";"Pleno dia";"Não Informado";"Céu Claro";"Dupla";"Túnel;Reta";"Sim";1;0;1;0;0;0;1;1;-22,6444508;-43,283972;"SPRF-RJ";"DEL01-RJ";"UOP01-DEL01-RJ"
310862;2020-09-28;"segunda-feira";"08:10:00";"RR";174;503;"BOA VISTA";"Não guardar distância de segurança";"Colisão lateral";"Com Vítimas Feridas";"Pleno dia";"Crescente";"Céu Claro";"Dupla";"Reta";"Não";2;0;1;0;1;0;1;2;2,794901;-60,698441;"SPRF-RR";"DEL01-RR";"UOP01-DEL01-RR"
310863;2020-09-28;"segunda-feira";"11:10:00";"ES";101;145,8;"LINHARES";"Falta de Atenção à Condução";"Colisão traseira";"Com Vítimas Feridas";"Pleno dia";"Decrescente";"Sol";"Simples";"Reta";"Sim";2;0;0;1;1;0;1;2;-19,36089598;-40,06464018;"SPRF-ES";"DEL04-ES";"UOP01-DEL04-ES"
310864;2020-09-28;"segunda-feira";"09:55:00";"MG";50;31;"ARAGUARI";"Falta de Atenção à Condução";"Saída de leito carroçável";"Com Vítimas Feridas";"Pleno dia";"Crescente";"Sol";"Dupla";"Reta";"Não";2;0;0;2;0;0;2;1;-18,62419107;-48,11705236;"SPRF-MG";"DEL15-MG";"UOP02-DEL15-MG"
310866;2020-03-19;"quinta-feira";"12:40:00";"GO";60;59,7;"ABADIANIA";"Velocidade Incompatível";"Capotamento";"Com Vítimas Feridas";"Pleno dia";"Crescente";"Sol";"Dupla";"Reta";"Não";2;0;2;0;0;0;2;1;-16,1845;-48,6957;"SPRF-GO";"DEL02-GO";"UOP01-DEL02-GO"
310868;2020-09-28;"segunda-feira";"09:00:00";"RO";364;308,1;"PRESIDENTE MEDICI";"Falta de Atenção à Condução";"Colisão lateral";"Com Vítimas Feridas";"Pleno dia";"Decrescente";"Céu Claro";"Simples";"Interseção de Vias";"Sim";2;0;2;0;0;0;2;2;-11,17172876;-61,90166116;"SPRF-RO";"DEL02-RO";"UOP01-DEL02-RO"
310869;2020-09-28;"segunda-feira";"11:40:00";"PB";230;157,5;"CAMPINA GRANDE";"Falta de Atenção à Condução";"Tombamento";"Com Vítimas Feridas";"Pleno dia";"Decrescente";"Sol";"Simples";"Reta";"Não";1;0;1;0;0;0;1;1;-7,264;-35,9199;"SPRF-PB";"DEL02-PB";"UOP01-DEL02-PB"
310870;2020-09-28;"segunda-feira";"11:50:00";"PI";343;4,1;"TERESINA";"Falta de Atenção à Condução";"Colisão traseira";"Com Vítimas Feridas";"Pleno dia";"Decrescente";"Sol";"Múltipla";"Reta";"Sim";2;0;0;1;1;0;1;2;-5,089569;-42,802288;"SPRF-PI";"DEL05-PI";"UOP01-DEL05-PI"
310871;2020-09-28;"segunda-feira";"10:10:00";"PR";476;253,3;"ANTONIO OLINTO";"Pista Escorregadia";"Saída de leito carroçável";"Sem Vítimas";"Pleno dia";"Crescente";"Nublado";"Simples";"Curva;Aclive";"Não";1;0;0;0;1;0;0;1;-25,885603;-50,182251;"SPRF-PR";"DEL02-PR";"UOP04-DEL02-PR"
310872;2020-09-28;"segunda-feira";"10:51:00";"MA";135;5,5;"SAO LUIS";"Falta de Atenção à Condução";"Atropelamento de Pedestre";"Com Vítimas Feridas";"Pleno dia";"Decrescente";"Céu Claro";"Dupla";"Reta";"Sim";2;0;2;0;0;0;2;2;-2,62145385;-44,25797421;"SPRF-MA";"DEL01-MA";"UOP01-DEL01-MA"
310873;2020-09-28;"segunda-feira";"11:20:00";"PR";373;180;"PONTA GROSSA";"Falta de Atenção à Condução";"Colisão traseira";"Sem Vítimas";"Pleno dia";"Crescente";"Chuva";"Dupla";"Reta";"Sim";2;0;0;0;2;0;0;2;-25,0398362947;-50,2485289529;"SPRF-PR";"DEL03-PR";"UOP04-DEL03-PR"
310874;2020-09-28;"segunda-feira";"12:05:00";"PR";369;174;"ROLANDIA";"Falta de Atenção à Condução";"Colisão traseira";"Com Vítimas Feridas";"Pleno dia";"Decrescente";"Céu Claro";"Simples";"Reta";"Sim";2;0;2;0;0;0;2;2;-23,31558277;-51,3759166;"SPRF-PR";"DEL07-PR";"UOP01-DEL07-PR"
310875;2020-09-28;"segunda-feira";"09:45:00";"SC";101;58;"ARAQUARI";"Velocidade Incompatível";"Saída de leito carroçável";"Com Vítimas Feridas";"Pleno dia";"Decrescente";"Nublado";"Múltipla";"Curva";"Não";3;0;1;2;0;0;3;1;-26,44025049;-48,80129043;"SPRF-SC";"DEL03-SC";"UOP02-DEL03-SC"
310879;2020-09-28;"segunda-feira";"12:15:00";"MG";381;595,9;"CARMOPOLIS DE MINAS";"Desobediência às normas de trânsito pelo condutor";"Colisão traseira";"Com Vítimas Feridas";"Pleno dia";"Decrescente";"Céu Claro";"Dupla";"Reta";"Não";2;0;1;0;1;0;1;2;-20,59692997;-44,70822603;"SPRF-MG";"DEL04-MG";"UOP01-DEL04-MG"
310880;2020-09-28;"segunda-feira";"12:10:00";"PE";428;187;"PETROLINA";"Falta de Atenção à Condução";"Colisão transversal";"Com Vítimas Feridas";"Pleno dia";"Decrescente";"Sol";"Simples";"Reta";"Sim";2;0;1;0;1;0;1;2;-9,36751473;-40,48442342;"SPRF-PE";"DEL06-PE";"UOP01-DEL06-PE"
310881;2020-09-28;"segunda-feira";"11:49:00";"SC";282;206;"LAGES";"Falta de Atenção à Condução";"Saída de leito carroçável";"Com Vítimas Feridas";"Pleno dia";"Decrescente";"Céu Claro";"Simples";"Reta";"Não";1;0;1;0;0;0;1;1;-27,771982;-50,192139;"SPRF-SC";"DEL05-SC";"UOP01-DEL05-SC"
310884;2020-09-28;"segunda-feira";"12:20:00";"PR";277;174;"PALMEIRA";"Pista Escorregadia";"Saída de leito carroçável";"Com Vítimas Feridas";"Pleno dia";"Crescente";"Chuva";"Simples";"Curva;Declive";"Não";4;0;4;0;0;0;4;1;-25,44322037;-49,96466911;"SPRF-PR";"DEL03-PR";"UOP03-DEL03-PR"
310885;2020-09-28;"segunda-feira";"13:10:00";"SC";470;75,1;"BLUMENAU";"Falta de Atenção à Condução";"Saída de leito carroçável";"Com Vítimas Feridas";"Pleno dia";"Crescente";"Céu Claro";"Simples";"Reta";"Sim";1;0;1;0;0;0;1;1;-26,87067283;-49,21381474;"SPRF-SC";"DEL04-SC";"UOP01-DEL04-SC"
310888;2020-09-27;"domingo";"21:30:00";"RN";101;161;"CANGUARETAMA";"Desobediência às normas de trânsito pelo condutor";"Queda de ocupante de veículo";"Com Vítimas Feridas";"Plena Noite";"Decrescente";"Céu Claro";"Simples";"Reta";"Sim";2;0;1;1;0;0;2;1;-6,37832592;-35,14846487;"SPRF-RN";"DEL01-RN";"UOP01-DEL01-RN"
310890;2020-09-28;"segunda-feira";"14:55:00";"SP";116;289,2;"ITAPECERICA DA SERRA";"Velocidade Incompatível";"Colisão traseira";"Com Vítimas Feridas";"Pleno dia";"Decrescente";"Garoa/Chuvisco";"Dupla";"Declive";"Não";2;0;2;0;0;0;2;2;-23,72290969;-46,89096614;"SPRF-SP";"DEL04-SP";"UOP01-DEL04-SP"
310891;2020-09-28;"segunda-feira";"07:00:00";"RJ";101;325;"NITEROI";"Falta de Atenção à Condução";"Engavetamento";"Com Vítimas Feridas";"Pleno dia";"Crescente";"Céu Claro";"Dupla";"Reta";"Sim";4;0;1;0;3;0;1;4;-22,87292569;-43,13625699;"SPRF-RJ";"DEL02-RJ";"UOP02-DEL02-RJ"
310892;2020-09-28;"segunda-feira";"13:25:00";"PB";230;496;"CAJAZEIRAS";"Desobediência às normas de trânsito pelo condutor";"Colisão transversal";"Com Vítimas Fatais";"Pleno dia";"Crescente";"Sol";"Simples";"Reta";"Não";2;1;0;0;1;0;0;2;-6,89267992;-38,48412221;"SPRF-PB";"DEL03-PB";"UOP03-DEL03-PB"