"id";"data_inversa";"dia_semana";"horario";"uf";"br";"km";"municipio";"causa_acidente";"tipo_acidente";"classificacao_acidente";"fase_dia";"sentido_via";"condicao_metereologica";"tipo_pista";"tracado_via";"uso_solo";"pessoas";"mortos";"feridos_leves";"feridos_graves";"ilesos";"ignorados";"feridos";"veiculos";"latitude";"longitude";"regional";"delegacia";"uop"
310893;2020-09-28;"segunda-feira";"12:30:00";"MG";116;34,4;"CACHOEIRA DE PAJEU";"Falta de Atenção à Condução";"Atropelamento de Pedestre";"Com Vítimas Feridas";"Pleno dia";"Crescente";"Céu Claro";"Simples";"Reta";"Não";2;0;1;0;0;1;1;2;-15,93243698;-41,39966582;"SPRF-MG";"DEL11-MG";"UOP02-DEL11-MG"
310894;2020-09-28;"segunda-feira";"06:00:00";"MG";116;36,8;"CACHOEIRA DE PAJEU";"Condutor Dormindo";"Saída de leito carroçável";"Com Vítimas Feridas";"Pleno dia";"Decrescente";"Céu Claro";"Simples";"Curva;Declive";"Não";2;0;1;1;0;0;2;1;-15,94950705;-41,40264747;"SPRF-MG";"DEL11-MG";"UOP02-DEL11-MG"
310895;2020-09-28;"segunda-feira";"15:29:00";"PR";376;196;"MARIALVA";"Ingestão de Álcool";"Colisão traseira";"Sem Vítimas";"Pleno dia";"Decrescente";"Céu Claro";"Dupla";"Declive;Reta";"Não";4;0;0;0;3;1;0;3;-23,50026007;-51,76384001;"SPRF-PR";"DEL09-PR";"UOP01-DEL09-PR"
310896;2020-09-28;"segunda-feira";"14:40:00";"PR";476;120;"COLOMBO";"Falta de Atenção à Condução";"Colisão traseira";"Com Vítimas Feridas";"Pleno dia";"Decrescente";"Céu Claro";"Dupla";"Reta";"Sim";3;0;0;1;2;0;1;3;-25,37191;-49,19146;"SPRF-PR";"DEL01-PR";"UOP02-DEL01-PR"
310898;2020-09-28;"segunda-feira";"15:00:00";"SC";101;216,6;"PALHOCA";"Falta de Atenção à Condução";"Colisão traseira";"Com Vítimas Feridas";"Pleno dia";"Decrescente";"Nevoeiro/Neblina";"Múltipla";"Reta";"Sim";2;0;0;1;1;0;1;2;-27,65981409;-48,67747798;"SPRF-SC";"DEL01-SC";"UOP02-DEL01-SC"
310899;2020-09-28;"segunda-feira";"14:41:00";"MG";40;641;"CONSELHEIRO LAFAIETE";"Pista Escorregadia";"Tombamento";"Com Vítimas Feridas";"Pleno dia";"Crescente";"Céu Claro";"Simples";"Curva";"Não";1;0;1;0;0;0;1;1;-20,74938509;-43,80105361;"SPRF-MG";"DEL05-MG";"UOP02-DEL05-MG"
310900;2020-09-28;"segunda-feira";"15:15:00";"RS";116;149,2;"CAXIAS DO SUL";"Falta de Atenção do Pedestre";"Atropelamento de Pedestre";"Com Vítimas Feridas";"Pleno dia";"Decrescente";"Nublado";"Dupla";"Reta";"Sim";2;0;1;0;1;0;1;2;-29,162339;-51,157107;"SPRF-RS";"DEL05-RS";"UOP01-DEL05-RS"
310901;2020-09-28;"segunda-feira";"13:35:00";"PR";277;129,5;"BALSA NOVA";"Pista Escorregadia";"Saída de leito carroçável";"Sem Vítimas";"Pleno dia";"Decrescente";"Chuva";"Dupla";"Curva";"Não";2;0;0;0;2;0;0;1;-25,472958;-49,635083;"SPRF-PR";"DEL01-PR";"UOP03-DEL03-PR"
310902;2020-09-28;"segunda-feira";"14:40:00";"PI";343;342;"TERESINA";"Desobediência às normas de trânsito pelo condutor";"Colisão transversal";"Com Vítimas Feridas";"Pleno dia";"Decrescente";"Céu Claro";"Simples";"Rotatória";"Sim";3;0;2;0;1;0;2;2;-5,08284;-42,750385;"SPRF-PI";"DEL01-PI";"UOP01-DEL01-PI"
310903;2020-09-28;"segunda-feira";"16:00:00";"PE";101;74,4;"RECIFE";"Falta de Atenção à Condução";"Colisão lateral";"Com Vítimas Feridas";"Pleno dia";"Decrescente";"Nublado";"Dupla";"Reta";"Sim";3;0;1;0;2;0;1;3;-8,105281;-34,948759;"SPRF-PE";"DEL01-PE";"UOP01-DEL01-PE"
310904;2020-09-28;"segunda-feira";"09:30:00";"RJ";101;317;"NITEROI";"Falta de Atenção à Condução";"Tombamento";"Com Vítimas Feridas";"Pleno dia";"Crescente";"Céu Claro";"Dupla";"Reta";"Sim";1;0;1;0;0;0;1;1;-22,83707798;-43,09492006;"SPRF-RJ";"DEL02-RJ";"UOP02-DEL02-RJ"
310905;2020-09-28;"segunda-feira";"15:59:00";"PA";163;1004;"SANTAREM";"Falta de Atenção à Condução";"Colisão traseira";"Com Vítimas Feridas";"Pleno dia";"Decrescente";"Sol";"Dupla";"Reta";"Sim";3;0;1;0;2;0;1;3;-2,43824523;-54,73276577;"SPRF-PA";"DEL05-PA";"UOP01-DEL05-PA"
310906;2020-09-28;"segunda-feira";"13:10:00";"BA";110;113,3;"ANTAS";"Defeito na Via";"Queda de ocupante de veículo";"Com Vítimas Feridas";"Pleno dia";"Crescente";"Céu Claro";"Simples";"Curva";"Não";1;0;0;1;0;0;1;1;-10,40230398;-38,35455603;"SPRF-BA";"DEL07-BA";"UOP01-DEL07-BA"
310907;2020-09-28;"segunda-feira";"13:00:00";"AC";364;137;"RIO BRANCO";"Desobediência às normas de trânsito pelo condutor";"Colisão lateral";"Com Vítimas Feridas";"Pleno dia";"Decrescente";"Chuva";"Dupla";"Reta";"Sim";2;0;1;0;1;0;1;2;-9,96935404;-67,85264513;"SPRF-AC";"DEL01-AC";"UOP01-DEL01-AC"
310909;2020-09-28;"segunda-feira";"16:30:00";"MG";381;932,3;"EXTREMA";"Velocidade Incompatível";"Colisão traseira";"Com Vítimas Feridas";"Pleno dia";"Crescente";"Garoa/Chuvisco";"Dupla";"Curva";"Não";5;0;1;1;3;0;2;2;-22,81198015;-46,28431295;"SPRF-MG";"DEL16-MG";"UOP03-DEL16-MG"
310910;2020-09-28;"segunda-feira";"16:20:00";"PR";277;669;"MEDIANEIRA";"Mal Súbito";"Saída de leito carroçável";"Com Vítimas Feridas";"Pleno dia";"Crescente";"Céu Claro";"Dupla";"Reta";"Sim";1;0;1;0;0;0;1;1;-25,27562214;-54,0709859;"SPRF-PR";"DEL05-PR";"UOP02-DEL05-PR"
310916;2020-09-28;"segunda-feira";"16:52:00";"ES";262;4,8;"CARIACICA";"Falta de Atenção do Pedestre";"Atropelamento de Pedestre";"Com Vítimas Feridas";"Pleno dia";"Decrescente";"Céu Claro";"Múltipla";"Reta";"Sim";2;0;1;0;1;0;1;2;-20,33794558;-40,38526475;"SPRF-ES";"DEL01-ES";"UOP01-DEL01-ES"
310917;2020-09-28;"segunda-feira";"13:50:00";"MT";70;684,3;"CACERES";"Pista Escorregadia";"Saída de leito carroçável";"Com Vítimas Feridas";"Pleno dia";"Crescente";"Chuva";"Simples";"Curva";"Não";2;0;0;1;1;0;1;1;-16,14356887;-57,33928105;"SPRF-MT";"DEL03-MT";"UOP02-DEL03-MT"
310918;2020-09-28;"segunda-feira";"16:10:00";"MG";381;481,8;"CONTAGEM";"Não guardar distância de segurança";"Colisão traseira";"Com Vítimas Feridas";"Pleno dia";"Crescente";"Sol";"Múltipla";"Reta";"Não";2;0;1;0;1;0;1;2;-19,95882935;-44,06896234;"SPRF-MG";"DEL01-MG";"UOP03-DEL01-MG"
310923;2020-09-28;"segunda-feira";"17:00:00";"PB";230;159;"CAMPINA GRANDE";"Falta de Atenção à Condução";"Colisão transversal";"Com Vítimas Feridas";"Pleno dia";"Decrescente";"Céu Claro";"Simples";"Interseção de Vias";"Não";2;0;1;0;1;0;1;2;-7,252;-35,9334;"SPRF-PB";"DEL02-PB";"UOP01-DEL02-PB"
310924;2020-09-28;"segunda-feira";"17:27:00";"DF";70;15;"BRASILIA";"Ingestão de Álcool";"Atropelamento de Pedestre";"Com Vítimas Feridas";"Pleno dia";"Decrescente";"Céu Claro";"Dupla";"Reta";"Sim";2;0;1;0;1;0;1;2;-15,798888;-48,185043;"SPRF-DF";"DEL03-DF";"UOP02-DEL03-DF"
310925;2020-09-28;"segunda-feira";"16:10:00";"MG";116;510;"UBAPORANGA";"Ingestão de Álcool";"Colisão traseira";"Com Vítimas Feridas";"Pleno dia";"Decrescente";"Céu Claro";"Simples";"Reta";"Sim";2;0;1;0;1;0;1;2;-19,64532085;-42,10796743;"SPRF-MG";"DEL06-MG";"UOP02-DEL06-MG"
310926;2020-09-28;"segunda-feira";"17:20:00";"SC";282;6;"SAO JOSE";"Falta de Atenção à Condução";"Colisão lateral";"Com Vítimas Feridas";"Anoitecer";"Crescente";"Nublado";"Dupla";"Curva";"Sim";2;0;0;1;1;0;1;2;-27,591936;-48,618244;"SPRF-SC";"DEL01-SC";"UOP01-DEL01-SC"
310927;2020-09-28;"segunda-feira";"16:50:00";"MG";356;267;"MURIAE";"Falta de Atenção à Condução";"Colisão transversal";"Com Vítimas Feridas";"Pleno dia";"Decrescente";"Sol";"Simples";"Reta";"Sim";2;0;1;0;1;0;1;2;-21,12725696;-42,35052695;"SPRF-MG";"DEL07-MG";"UOP02-DEL07-MG"
310930;2020-09-28;"segunda-feira";"17:45:00";"PR";369;523;"CASCAVEL";"Desobediência às normas de trânsito pelo condutor";"Colisão transversal";"Sem Vítimas";"Pleno dia";"Crescente";"Céu Claro";"Simples";"Reta";"Não";2;0;0;0;1;1;0;2;-24,9502;-53,3984;"SPRF-PR";"DEL09-PR";"UOP03-DEL09-PR"
310931;2020-09-28;"segunda-feira";"18:25:00";"PR";369;520,8;"CASCAVEL";"Avarias e/ou desgaste excessivo no pneu";"Tombamento";"Com Vítimas Feridas";"Anoitecer";"Decrescente";"Céu Claro";"Simples";"Reta";"Não";2;0;2;0;0;0;2;1;-24,9235;-53,3911;"SPRF-PR";"DEL09-PR";"UOP03-DEL09-PR"
310933;2020-07-09;"quinta-feira";"17:50:00";"RS";471;673,7;"CHUI";"Animais na Pista";"Saída de leito carroçável";"Sem Vítimas";"Plena Noite";"Decrescente";"Céu Claro";"Simples";"Reta";"Sim";2;0;0;0;1;1;0;2;-33,634842;-53,418049;"SPRF-RS";"DEL07-RS";"UOP04-DEL07-RS"
310935;2020-09-28;"segunda-feira";"18:15:00";"ES";101;0;"SERRA";"Falta de Atenção à Condução";"Atropelamento de Pedestre";"Com Vítimas Feridas";"Plena Noite";"Decrescente";"Nublado";"Dupla";"Interseção de Vias";"Sim";2;0;1;0;1;0;1;2;-20,23692711;-40,27593791;"SPRF-ES";"DEL02-ES";"UOP01-DEL02-ES"
310938;2020-08-30;"domingo";"13:12:00";"MG";365;613;"UBERLANDIA";"Desobediência às normas de trânsito pelo condutor";"Colisão transversal";"Com Vítimas Feridas";"Pleno dia";"Crescente";"Céu Claro";"Simples";"Reta";"Sim";2;0;0;2;0;0;2;2;-18,884602;-48,26594;"SPRF-MG";"DEL15-MG";"UOP01-DEL15-MG"
310940;2020-09-28;"segunda-feira";"17:50:00";"MT";163;741;"SORRISO";"Defeito na Via";"Queda de ocupante de veículo";"Com Vítimas Feridas";"Anoitecer";"Decrescente";"Céu Claro";"Simples";"Declive";"Não";1;0;1;0;0;0;1;1;-12,63066495;-55,7745409;"SPRF-MT";"DEL06-MT";"UOP01-DEL06-MT"
310942;2020-09-28;"segunda-feira";"19:16:00";"TO";153;109;"WANDERLANDIA";"Avarias e/ou desgaste excessivo no pneu";"Queda de ocupante de veículo";"Com Vítimas Feridas";"Plena Noite";"Decrescente";"Céu Claro";"Simples";"Reta";"Não";2;0;0;2;0;0;2;1;-6,94510854;-48,0833775;"SPRF-TO";"DEL02-TO";"UOP01-DEL02-TO"
310943;2020-09-28;"segunda-feira";"19:20:00";"SP";116;270;"TABOAO DA SERRA";"Restrição de Visibilidade";"Saída de leito carroçável";"Com Vítimas Feridas";"Plena Noite";"Decrescente";"Céu Claro";"Dupla";"Reta";"Sim";1;0;1;0;0;0;1;1;-23,61799728;-46,79677694;"SPRF-SP";"DEL04-SP";"UOP01-DEL04-SP"
310944;2020-09-28;"segunda-feira";"19:45:00";"SC";470;50,9;"BLUMENAU";"Falta de Atenção à Condução";"Colisão traseira";"Com Vítimas Feridas";"Plena Noite";"Decrescente";"Céu Claro";"Dupla";"Reta";"Sim";3;0;1;0;2;0;1;3;-26,859768;-49,074493;"SPRF-SC";"DEL04-SC";"UOP01-DEL04-SC"
310948;2020-09-28;"segunda-feira";"20:20:00";"PR";476;114;"COLOMBO";"Falta de Atenção à Condução";"Colisão transversal";"Com Vítimas Feridas";"Plena Noite";"Crescente";"Nublado";"Múltipla";"Interseção de Vias";"Sim";2;0;2;0;0;0;2;2;-25,335966;-49,158184;"SPRF-PR";"DEL01-PR";"UOP02-DEL01-PR"
310953;2020-09-20;"domingo";"18:15:00";"RS";392;76,3;"PELOTAS";"Não guardar distância de segurança";"Engavetamento";"Com Vítimas Feridas";"Anoitecer";"Crescente";"Céu Claro";"Simples";"Reta";"Não";6;0;2;0;4;0;2;4;-31,70504647;-52,41044998;"SPRF-RS";"DEL07-RS";"UOP01-DEL07-RS"
310954;2020-09-28;"segunda-feira";"20:40:00";"SC";116;138,6;"SANTA CECILIA";"Falta de Atenção à Condução";"Colisão frontal";"Com Vítimas Fatais";"Plena Noite";"Crescente";"Céu Claro";"Simples";"Reta";"Sim";2;1;0;0;1;0;0;2;-26,95365013;-50,42351412;"SPRF-SC";"DEL06-SC";"UOP02-DEL06-SC"
310956;2020-04-10;"sexta-feira";"05:30:00";"MG";381;426;"SABARA";"Não guardar distância de segurança";"Colisão traseira";"Com Vítimas Feridas";"Amanhecer";"Decrescente";"Céu Claro";"Simples";"Reta";"Não";4;0;1;0;3;0;1;3;-19,78686195;-43,68924804;"SPRF-MG";"DEL01-MG";"UOP01-DEL01-MG"
310958;2020-09-28;"segunda-feira";"19:00:00";"MG";262;37,3;"MANHUACU";"Animais na Pista";"Atropelamento de Animal";"Com Vítimas Feridas";"Anoitecer";"Crescente";"Céu Claro";"Simples";"Curva";"Sim";2;0;2;0;0;0;2;1;-20,25748975;-42,03048732;"SPRF-MG";"DEL06-MG";"UOP03-DEL06-MG"
310959;2020-09-28;"segunda-feira";"20:00:00";"MT";163;842;"SINOP";"Ingestão de Álcool";"Queda de ocupante de veículo";"Com Vítimas Feridas";"Plena Noite";"Crescente";"Céu Claro";"Simples";"Reta";"Não";1;0;1;0;0;0;1;1;-11,80377752;-55,48027948;"SPRF-MT";"DEL06-MT";"NPF/DEL06-MT"
310961;2020-09-28;"segunda-feira";"20:30:00";"SC";101;129;"BALNEARIO CAMBORIU";"Ingestão de Álcool";"Colisão com objeto estático";"Sem Vítimas";"Plena Noite";"Decrescente";"Nublado";"Dupla";"Reta";"Não";1;0;0;0;1;0;0;1;-26,98064277;-48,6790679;"SPRF-SC";"DEL04-SC";"UOP03-DEL04-SC"
310965;2020-09-26;"sábado";"13:50:00";"PE";232;122,3;"CARUARU";"Pista Escorregadia";"Colisão com objeto estático";"Com Vítimas Feridas";"Pleno dia";"Crescente";"Céu Claro";"Dupla";"Reta";"Não";1;0;1;0;0;0;1;1;-8,30217741;-35,91946793;"SPRF-PE";"DEL02-PE";"UOP03-DEL02-PE"
310970;2020-09-28;"segunda-feira";"22:15:00";"MS";163;266,9;"DOURADOS";"Animais na Pista";"Atropelamento de Animal";"Com Vítimas Feridas";"Plena Noite";"Crescente";"Céu Claro";"Dupla";"Rotatória";"Não";1;0;1;0;0;0;1;1;-22,21266896;-54,71595841;"SPRF-MS";"DEL04-MS";"UOP01-DEL04-MS"
310972;2020-09-28;"segunda-feira";"22:40:00";"MS";60;420;"SIDROLANDIA";"Falta de Atenção à Condução";"Colisão traseira";"Com Vítimas Feridas";"Plena Noite";"Crescente";"Céu Claro";"Simples";"Reta";"Não";6;0;4;0;2;0;4;2;-20,91829237;-54,95013714;"SPRF-MS";"DEL01-MS";"UOP04-DEL01-MS"
310975;2020-09-29;"terça-feira";"02:25:00";"PE";101;52;"PAULISTA";"Falta de Atenção à Condução";"Colisão com objeto estático";"Com Vítimas Fatais";"Plena Noite";"Decrescente";"Céu Claro";"Dupla";"Curva";"Sim";1;1;0;0;0;0;0;1;-7,92358799;-34,89607201;"SPRF-PE";"DEL01-PE";"UOP02-DEL01-PE"
310982;2020-09-19;"sábado";"13:15:00";"PE";232;252,4;"ARCOVERDE";"Falta de Atenção à Condução";"Colisão traseira";"Com Vítimas Feridas";"Pleno dia";"Decrescente";"Céu Claro";"Simples";"Reta";"Sim";1;0;0;1;0;0;1;1;-8,43086;-37,06536;"SPRF-PE";"DEL03-PE";"UOP02-DEL03-PE"
310983;2020-09-29;"terça-feira";"02:00:00";"GO";60;93;"ANAPOLIS";"Agressão Externa";"Colisão lateral";"Com Vítimas Feridas";"Plena Noite";"Crescente";"Céu Claro";"Dupla";"Reta";"Sim";1;0;1;0;0;0;1;1;-16,3538;-48,9268;"SPRF-GO";"DEL02-GO";"UOP01-DEL02-GO"
310984;2020-09-29;"terça-feira";"01:55:00";"RN";101;94;"NATAL";"Desobediência às normas de trânsito pelo condutor";"Tombamento";"Com Vítimas Feridas";"Plena Noite";"Decrescente";"Céu Claro";"Dupla";"Reta";"Sim";2;0;2;0;0;0;2;1;-5,82968026;-35,21093672;"SPRF-RN";"DEL01-RN";"UOP01-DEL01-RN"
310986;2020-09-29;"terça-feira";"03:00:00";"PR";376;490;"PONTA GROSSA";"Velocidade Incompatível";"Colisão traseira";"Sem Vítimas";"Plena Noite";"Crescente";"Nevoeiro/Neblina";"Dupla";"Curva";"Sim";2;0;0;0;0;2;0;2;-25,101096;-50,197484;"SPRF-PR";"DEL03-PR";"UOP04-DEL03-PR"
310987;2020-09-28;"segunda-feira";"23:00:00";"MT";364;288;"JACIARA";"Falta de Atenção à Condução";"Queda de ocupante de veículo";"Com Vítimas Feridas";"Plena Noite";"Crescente";"Céu Claro";"Dupla";"Reta";"Não";1;0;1;0;0;0;1;1;-15,90472182;-55,07406303;"SPRF-MT";"DEL05-MT";"UOP02-DEL05-MT"
310989;2020-09-29;"terça-feira";"04:00:00";"DF";20;3;"BRASILIA";"Ingestão de Álcool";"Colisão com objeto estático";"Com Vítimas Feridas";"Plena Noite";"Decrescente";"Céu Claro";"Dupla";"Aclive";"Sim";1;0;1;0;0;0;1;1;-15,679851;-47,832211;"SPRF-DF";"DEL02-DF";"UOP01-DEL02-DF"
310990;2020-09-29;"terça-feira";"04:20:00";"PR";116;15;"CAMPINA GRANDE DO SUL";"Pista Escorregadia";"Tombamento";"Com Vítimas Feridas";"Plena Noite";"Crescente";"Garoa/Chuvisco";"Múltipla";"Reta";"Não";2;0;1;0;1;0;1;1;-25,09832756;-48,68266005;"SPRF-PR";"DEL01-PR";"UOP02-DEL01-PR"
310991;2020-09-29;"terça-feira";"05:30:00";"RN";304;40;"MOSSORO";"Defeito Mecânico no Veículo";"Queda de ocupante de veículo";"Com Vítimas Feridas";"Pleno dia";"Crescente";"Céu Claro";"Dupla";"Retorno Regulamentado";"Sim";1;0;0;1;0;0;1;1;-5,196199;-37,3785;"SPRF-RN";"DEL04-RN";"UOP01-DEL04-RN"
310993;2020-09-29;"terça-feira";"04:50:00";"MS";163;427;"CAMPO GRANDE";"Animais na Pista";"Atropelamento de Animal";"Com Vítimas Feridas";"Amanhecer";"Crescente";"Céu Claro";"Simples";"Reta";"Não";1;0;1;0;0;0;1;1;-20,92821705;-54,49859862;"SPRF-MS";"DEL01-MS";"UOP01-DEL01-MS"
310994;2020-09-29;"terça-feira";"05:40:00";"PI";135;553,1;"SAO GONCALO DO GURGUEIA";"Falta de Atenção à Condução";"Saída de leito carroçável";"Com Vítimas Fatais";"Amanhecer";"Decrescente";"Céu Claro";"Simples";"Curva";"Não";1;1;0;0;0;0;0;1;-10,12697426;-45,224383;"SPRF-PI";"DEL03-PI";"UOP02-DEL03-PI"
310995;2020-09-29;"terça-feira";"06:00:00";"CE";20;426;"FORTALEZA";"Falta de Atenção à Condução";"Colisão transversal";"Com Vítimas Feridas";"Pleno dia";"Decrescente";"Céu Claro";"Dupla";"Reta";"Não";2;0;1;0;1;0;1;2;-3,76999035;-38,67006282;"SPRF-CE";"DEL01-CE";"UOP02-DEL01-CE"
310999;2020-09-29;"terça-feira";"06:05:00";"BA";324;587;"CANDEIAS";"Falta de Atenção à Condução";"Colisão lateral";"Com Vítimas Feridas";"Pleno dia";"Crescente";"Céu Claro";"Dupla";"Reta";"Não";3;0;2;0;1;0;2;1;-12,64715411;-38,47504041;"SPRF-BA";"DEL01-BA";"UOP01-DEL01-BA"
311000;2020-09-29;"terça-feira";"07:10:00";"CE";116;10;"FORTALEZA";"Agressão Externa";"Colisão com objeto estático";"Com Vítimas Feridas";"Pleno dia";"Crescente";"Céu Claro";"Dupla";"Reta";"Sim";1;0;0;1;0;0;1;1;-3,83603805;-38,5027281;"SPRF-CE";"DEL01-CE";"UOP02-DEL01-CE"
311001;2020-09-29;"terça-feira";"06:20:00";"PA";230;122;"MARABA";"Falta de Atenção do Pedestre";"Atropelamento de Pedestre";"Com Vítimas Fatais";"Amanhecer";"Decrescente";"Céu Claro";"Múltipla";"Reta";"Sim";3;1;0;0;1;1;0;2;-5,36137537;-49,12376139;"SPRF-PA";"DEL03-PA";"UOP01-DEL03-PA"
311002;2020-09-29;"terça-feira";"07:00:00";"MG";40;514;"RIBEIRAO DAS NEVES";"Falta de Atenção à Condução";"Colisão lateral";"Com Vítimas Feridas";"Pleno dia";"Crescente";"Céu Claro";"Dupla";"Reta";"Sim";2;0;0;1;1;0;1;2;-19,80151928;-44,10000333;"SPRF-MG";"DEL01-MG";"UOP02-DEL01-MG"
311003;2020-09-29;"terça-feira";"07:05:00";"SC";101;210;"SAO JOSE";"Falta de Atenção à Condução";"Colisão traseira";"Com Vítimas Feridas";"Pleno dia";"Crescente";"Céu Claro";"Dupla";"Reta";"Sim";3;0;1;0;2;0;1;2;-27,6167305;-48,6457265;"SPRF-SC";"DEL01-SC";"UOP01-DEL01-SC"
311005;2020-09-29;"terça-feira";"07:39:00";"RJ";101;270,5;"RIO BONITO";"Falta de Atenção à Condução";"Colisão com objeto estático";"Com Vítimas Feridas";"Pleno dia";"Crescente";"Sol";"Dupla";"Curva";"Não";1;0;1;0;0;0;1;1;-22,71852325;-42,68689289;"SPRF-RJ";"DEL02-RJ";"UOP03-DEL02-RJ"
311006;2020-09-29;"terça-feira";"07:30:00";"CE";116;11,5;"FORTALEZA";"Desobediência às normas de trânsito pelo condutor";"Colisão traseira";"Com Vítimas Feridas";"Pleno dia";"Decrescente";"Céu Claro";"Dupla";"Reta";"Sim";4;0;2;1;1;0;3;3;-3,84394724;-38,49891546;"SPRF-CE";"DEL01-CE";"UOP02-DEL01-CE"
311007;2020-09-13;"domingo";"18:25:00";"SC";101;6;"GARUVA";"Restrição de Visibilidade";"Colisão transversal";"Com Vítimas Feridas";"Plena Noite";"Decrescente";"Céu Claro";"Simples";"Reta";"Não";2;0;0;2;0;0;2;2;-26,02713519;-48,86113644;"SPRF-SC";"DEL03-SC";"UOP01-DEL03-SC"
311009;2020-09-29;"terça-feira";"07:10:00";"MS";163;577,9;"BANDEIRANTES";"Agressão Externa";"Tombamento";"Com Vítimas Feridas";"Pleno dia";"Crescente";"Céu Claro";"Simples";"Reta;Aclive";"Não";2;0;1;0;1;0;1;1;-19,66865098;-54,34987667;"SPRF-MS";"DEL06-MS";"UOP02-DEL06-MS"
311010;2020-09-29;"terça-feira";"08:15:00";"RS";287;248;"SANTA MARIA";"Falta de Atenção à Condução";"Colisão transversal";"Com Vítimas Feridas";"Pleno dia";"Crescente";"Céu Claro";"Simples";"Reta";"Não";2;0;1;0;1;0;1;2;-29,696018;-53,850956;"SPRF-RS";"DEL09-RS";"UOP01-DEL09-RS"
311011;2020-09-29;"terça-feira";"08:20:00";"SC";101;208,2;"SAO JOSE";"Falta de Atenção à Condução";"Colisão com objeto estático";"Com Vítimas Feridas";"Pleno dia";"Decrescente";"Sol";"Múltipla";"Reta;Aclive";"Sim";1;0;1;0;0;0;1;1;-27,60536183;-48,63385677;"SPRF-SC";"DEL01-SC";"UOP01-DEL01-SC"
311012;2020-09-24;"quinta-feira";"10:50:00";"MT";163;607;"NOVA MUTUM";"Falta de Atenção à Condução";"Colisão transversal";"Com Vítimas Feridas";"Pleno dia";"Crescente";"Céu Claro";"Simples";"Reta";"Não";4;0;2;1;1;0;3;2;-13,75139074;-56,05319023;"SPRF-MT";"DEL01-MT";"UOP01-DEL01-MT"
311015;2020-09-29;"terça-feira";"06:15:00";"SC";280;0,6;"SAO FRANCISCO DO SUL";"Ingestão de Álcool";"Saída de leito carroçável";"Com Vítimas Feridas";"Amanhecer";"Crescente";"Nublado";"Simples";"Curva;Aclive";"Não";3;0;2;1;0;0;3;1;-26,23811296;-48,63015532;"SPRF-SC";"DEL03-SC";"UOP03-DEL03-SC"
311016;2020-09-29;"terça-feira";"09:00:00";"PB";230;36;"SANTA RITA";"Pista Escorregadia";"Queda de ocupante de veículo";"Com Vítimas Feridas";"Pleno dia";"Crescente";"Céu Claro";"Simples";"Curva";"Sim";1;0;1;0;0;0;1;1;-7,1246;-34,9473;"SPRF-PB";"DEL01-PB";"UOP03-DEL01-PB"
311017;2020-09-29;"terça-feira";"08:55:00";"PR";277;66;"SAO JOSE DOS PINHAIS";"Velocidade Incompatível";"Capotamento";"Com Vítimas Feridas";"Pleno dia";"Crescente";"Nublado";"Dupla";"Reta";"Sim";2;0;1;0;1;0;1;1;-25,54908791;-49,04398096;"SPRF-PR";"DEL01-PR";"UOP01-DEL01-PR"
311019;2020-09-29;"terça-feira";"07:40:00";"PR";369;149,1;"LONDRINA";"Não guardar distância de segurança";"Colisão lateral";"Com Vítimas Feridas";"Pleno dia";"Crescente";"Sol";"Dupla";"Reta;Aclive";"Não";2;0;1;0;1;0;1;2;-23,29286496;-51,1524725;"SPRF-PR";"DEL07-PR";"UOP01-DEL07-PR"
311020;2020-09-29;"terça-feira";"09:30:00";"PR";277;322;"GUARAPUAVA";"Desobediência às normas de trânsito pelo condutor";"Colisão traseira";"Com Vítimas Feridas";"Pleno dia";"Decrescente";"Céu Claro";"Dupla";"Curva;Aclive";"Não";2;0;1;0;1;0;1;2;-25,35708881;-51,23746716;"SPRF-PR";"DEL08-PR";"UOP01-DEL08-PR"
311021;2020-09-29;"terça-feira";"09:30:00";"PR";158;533,1;"PATO BRANCO";"Desobediência às normas de trânsito pelo condutor";"Colisão transversal";"Com Vítimas Feridas";"Pleno dia";"Decrescente";"Sol";"Simples";"Interseção de Vias";"Sim";2;0;1;0;1;0;1;2;-26,21972809;-52,68262891;"SPRF-PR";"DEL02-PR";"UOP01-DEL02-PR"
311023;2020-09-29;"terça-feira";"10:00:00";"RS";386;373,4;"PAVERAMA";"Velocidade Incompatível";"Saída de leito carroçável";"Com Vítimas Feridas";"Pleno dia";"Decrescente";"Sol";"Dupla";"Curva";"Não";1;0;0;1;0;0;1;1;-29,615131;-51,798805;"SPRF-RS";"DEL04-RS";"UOP02-DEL04-RS"
311026;2020-09-26;"sábado";"07:30:00";"RS";386;55;"SEBERI";"Falta de Atenção à Condução";"Saída de leito carroçável";"Com Vítimas Feridas";"Amanhecer";"Decrescente";"Céu Claro";"Simples";"Reta";"Não";1;0;1;0;0;0;1;1;-27,535421;-53,36916;"SPRF-RS";"DEL08-RS";"UOP02-DEL08-RS"
311027;2020-09-29;"terça-feira";"10:30:00";"PR";376;488,5;"PONTA GROSSA";"Falta de Atenção à Condução";"Queda de ocupante de veículo";"Com Vítimas Feridas";"Pleno dia";"Crescente";"Nublado";"Dupla";"Reta;Declive";"Sim";1;0;1;0;0;0;1;1;-25,08361665;-50,19076109;"SPRF-PR";"DEL03-PR";"UOP04-DEL03-PR"