"id";"data_inversa";"dia_semana";"horario";"uf";"br";"km";"municipio";"causa_acidente";"tipo_acidente";"classificacao_acidente";"fase_dia";"sentido_via";"condicao_metereologica";"tipo_pista";"tracado_via";"uso_solo";"pessoas";"mortos";"feridos_leves";"feridos_graves";"ilesos";"ignorados";"feridos";"veiculos";"latitude";"longitude";"regional";"delegacia";"uop"
311571;2020-10-02;"sexta-feira";"08:30:00";"SP";116;107,9;"TAUBATE";"Desobediência às normas de trânsito pelo pedestre";"Atropelamento de Pedestre";"Com Vítimas Fatais";"Pleno dia";"Decrescente";"Céu Claro";"Dupla";"Reta";"Não";2;1;0;0;1;0;0;2;-23,01791287;-45,53009409;"SPRF-SP";"DEL06-SP";"UOP01-DEL06-SP"
311572;2020-10-02;"sexta-feira";"09:15:00";"SC";101;199,8;"SAO JOSE";"Falta de Atenção à Condução";"Colisão lateral";"Com Vítimas Feridas";"Pleno dia";"Decrescente";"Nublado";"Dupla";"Declive";"Sim";2;0;1;0;0;1;1;2;-27,53413705;-48,63003205;"SPRF-SC";"DEL01-SC";"UOP01-DEL01-SC"
311573;2020-09-18;"sexta-feira";"23:50:00";"ES";101;298,9;"VIANA";"Objeto estático sobre o leito carroçável";"Colisão com objeto estático";"Sem Vítimas";"Plena Noite";"Crescente";"Céu Claro";"Dupla";"Reta";"Sim";1;0;0;0;1;0;0;1;-20,35802401;-40,4208523;"SPRF-ES";"DEL01-ES";"UOP01-DEL01-ES"
311582;2020-10-02;"sexta-feira";"09:55:00";"PE";116;25,7;"SALGUEIRO";"Falta de Atenção à Condução";"Colisão traseira";"Com Vítimas Feridas";"Pleno dia";"Decrescente";"Céu Claro";"Simples";"Reta";"Não";2;0;1;0;1;0;1;2;-8,061417;-39,135975;"SPRF-PE";"DEL05-PE";"UOP01-DEL05-PE"
311583;2020-10-02;"sexta-feira";"09:50:00";"SC";470;140,3;"RIO DO SUL";"Desobediência às normas de trânsito pelo condutor";"Colisão transversal";"Com Vítimas Feridas";"Pleno dia";"Decrescente";"Sol";"Simples";"Aclive";"Sim";2;0;1;0;1;0;1;2;-27,20567122;-49,64562893;"SPRF-SC";"DEL04-SC";"UOP02-DEL04-SC"
311585;2020-10-02;"sexta-feira";"10:07:00";"SP";116;172;"JACAREI";"Falta de Atenção à Condução";"Colisão com objeto estático";"Com Vítimas Feridas";"Pleno dia";"Crescente";"Céu Claro";"Dupla";"Reta";"Não";2;0;2;0;0;0;2;1;-23,31527532;-46,07231796;"SPRF-SP";"DEL02-SP";"UOP01-DEL02-SP"
311587;2020-10-02;"sexta-feira";"10:50:00";"RS";386;38,1;"FREDERICO WESTPHALEN";"Desobediência às normas de trânsito pelo condutor";"Colisão transversal";"Com Vítimas Feridas";"Pleno dia";"Crescente";"Céu Claro";"Simples";"Reta";"Sim";2;0;1;0;1;0;1;2;-27,391367;-53,400776;"SPRF-RS";"DEL08-RS";"UOP02-DEL08-RS"
311588;2020-10-02;"sexta-feira";"10:35:00";"RN";304;295;"MACAIBA";"Falta de Atenção à Condução";"Engavetamento";"Sem Vítimas";"Pleno dia";"Crescente";"Céu Claro";"Simples";"Reta";"Sim";5;0;0;0;4;1;0;5;-5,86605927;-35,35822096;"SPRF-RN";"DEL01-RN";"UOP02-DEL01-RN"
311590;2020-10-02;"sexta-feira";"08:20:00";"SP";381;85;"SAO PAULO";"Falta de Atenção à Condução";"Colisão traseira";"Com Vítimas Feridas";"Pleno dia";"Crescente";"Céu Claro";"Múltipla";"Reta";"Sim";3;0;1;1;1;0;2;2;-23,449343;-46,56983501;"SPRF-SP";"DEL03-SP";"UOP01-DEL03-SP"
311591;2020-10-02;"sexta-feira";"08:15:00";"AL";316;163,2;"PALMEIRA DOS INDIOS";"Avarias e/ou desgaste excessivo no pneu";"Colisão com objeto estático";"Com Vítimas Feridas";"Pleno dia";"Crescente";"Céu Claro";"Simples";"Reta";"Não";2;0;1;0;1;0;1;1;-9,46838167;-36,58457059;"SPRF-AL";"DEL03-AL";"UOP01-DEL03-AL"
311594;2020-10-02;"sexta-feira";"11:40:00";"MG";40;700;"BARBACENA";"Falta de Atenção à Condução";"Colisão transversal";"Com Vítimas Feridas";"Pleno dia";"Crescente";"Céu Claro";"Simples";"Reta";"Não";2;0;0;1;1;0;1;2;-21,17760699;-43,75627477;"SPRF-MG";"DEL05-MG";"UOP02-DEL05-MG"
311596;2020-10-02;"sexta-feira";"11:25:00";"SC";101;209,9;"SAO JOSE";"Desobediência às normas de trânsito pelo condutor";"Colisão traseira";"Com Vítimas Feridas";"Pleno dia";"Decrescente";"Céu Claro";"Múltipla";"Reta";"Sim";2;0;1;0;1;0;1;2;-27,61000542;-48,63895057;"SPRF-SC";"DEL01-SC";"UOP01-DEL01-SC"
311599;2020-10-02;"sexta-feira";"10:57:00";"MT";174;0,9;"PONTES E LACERDA";"Falta de Atenção à Condução";"Tombamento";"Com Vítimas Feridas";"Pleno dia";"Crescente";"Céu Claro";"Simples";"Reta";"Sim";1;0;1;0;0;0;1;1;-15,24754049;-59,32112044;"SPRF-MT";"DEL03-MT";"UOP01-DEL03-MT"
311600;2020-10-02;"sexta-feira";"04:50:00";"MT";174;195;"PORTO ESPERIDIAO";"Condutor Dormindo";"Saída de leito carroçável";"Com Vítimas Fatais";"Amanhecer";"Decrescente";"Nublado";"Simples";"Curva";"Não";1;1;0;0;0;0;0;1;-15,75264394;-58,67207292;"SPRF-MT";"DEL03-MT";"UOP01-DEL03-MT"
311601;2020-10-02;"sexta-feira";"12:00:00";"BA";116;827;"VITORIA DA CONQUISTA";"Desobediência às normas de trânsito pelo condutor";"Colisão frontal";"Com Vítimas Feridas";"Pleno dia";"Crescente";"Sol";"Simples";"Reta";"Sim";2;0;1;0;1;0;1;2;-14,88846976;-40,86094379;"SPRF-BA";"DEL08-BA";"UOP01-DEL08-BA"
311602;2020-10-02;"sexta-feira";"11:10:00";"RJ";116;175;"NOVA IGUACU";"Falta de Atenção à Condução";"Colisão lateral";"Com Vítimas Feridas";"Pleno dia";"Crescente";"Céu Claro";"Múltipla";"Reta";"Sim";2;0;1;0;1;0;1;2;-22,78923555;-43,37275272;"SPRF-RJ";"DEL01-RJ";"UOP02-DEL01-RJ"
311604;2020-10-02;"sexta-feira";"12:25:00";"PR";376;178,8;"MARINGA";"Desobediência às normas de trânsito pelo condutor";"Colisão transversal";"Com Vítimas Feridas";"Pleno dia";"Crescente";"Céu Claro";"Dupla";"Reta;Interseção de Vias";"Sim";2;0;1;0;1;0;1;2;-23,4192146;-51,91293985;"SPRF-PR";"DEL09-PR";"UOP01-DEL09-PR"
311605;2020-08-23;"domingo";"14:01:00";"SP";153;63,8;"SAO JOSE DO RIO PRETO";"Defeito Mecânico no Veículo";"Engavetamento";"Sem Vítimas";"Pleno dia";"Decrescente";"Sol";"Dupla";"Reta";"Sim";3;0;0;0;3;0;0;3;-20,82149698;-49,35764818;"SPRF-SP";"DEL09-SP";"UOP01-DEL09-SP"
311606;2020-09-25;"sexta-feira";"15:20:00";"SC";101;116;"ITAJAI";"Falta de Atenção à Condução";"Colisão lateral";"Com Vítimas Feridas";"Pleno dia";"Decrescente";"Céu Claro";"Dupla";"Reta";"Sim";2;0;0;1;1;0;1;2;-26,87905605;-48,72603512;"SPRF-SC";"DEL04-SC";"UOP04-DEL04-SC"
311607;2020-10-02;"sexta-feira";"12:45:00";"SC";101;211;"PALHOCA";"Falta de Atenção à Condução";"Colisão traseira";"Com Vítimas Feridas";"Pleno dia";"Crescente";"Céu Claro";"Múltipla";"Reta";"Sim";2;0;1;0;1;0;1;2;-27,62329313;-48,65245588;"SPRF-SC";"DEL01-SC";"UOP02-DEL01-SC"
311610;2020-10-02;"sexta-feira";"10:50:00";"SC";282;501,3;"XANXERE";"Velocidade Incompatível";"Saída de leito carroçável";"Com Vítimas Feridas";"Pleno dia";"Decrescente";"Céu Claro";"Dupla";"Rotatória;Interseção de Vias";"Sim";1;0;1;0;0;0;1;1;-26,882715;-52,381729;"SPRF-SC";"DEL07-SC";"UOP01-DEL07-SC"
311611;2020-10-02;"sexta-feira";"13:00:00";"RS";392;67;"PELOTAS";"Desobediência às normas de trânsito pelo condutor";"Colisão traseira";"Com Vítimas Feridas";"Pleno dia";"Crescente";"Chuva";"Simples";"Interseção de Vias";"Sim";1;0;1;0;0;0;1;1;-31,75709532;-52,39980728;"SPRF-RS";"DEL07-RS";"UOP01-DEL07-RS"
311613;2020-10-02;"sexta-feira";"11:30:00";"CE";222;2;"FORTALEZA";"Desobediência às normas de trânsito pelo condutor";"Colisão lateral";"Com Vítimas Feridas";"Pleno dia";"Crescente";"Céu Claro";"Múltipla";"Interseção de Vias";"Sim";3;0;1;1;1;0;2;2;-3,73911117;-38,58687498;"SPRF-CE";"DEL01-CE";"UOP01-DEL01-CE"
311616;2020-10-02;"sexta-feira";"09:50:00";"SP";381;88,8;"SAO PAULO";"Falta de Atenção à Condução";"Colisão lateral";"Com Vítimas Feridas";"Pleno dia";"Crescente";"Céu Claro";"Múltipla";"Reta";"Sim";2;0;1;0;1;0;1;2;-23,47469314;-46,56112919;"SPRF-SP";"DEL03-SP";"UOP01-DEL03-SP"
311618;2020-10-02;"sexta-feira";"14:12:00";"SC";101;129,6;"BALNEARIO CAMBORIU";"Falta de Atenção à Condução";"Colisão traseira";"Com Vítimas Feridas";"Pleno dia";"Decrescente";"Céu Claro";"Dupla";"Reta";"Sim";3;0;3;0;0;0;3;2;-26,98064277;-48,6790679;"SPRF-SC";"DEL04-SC";"UOP03-DEL04-SC"
311619;2020-09-27;"domingo";"10:20:00";"ES";262;25,8;"VIANA";"Defeito Mecânico no Veículo";"Tombamento";"Com Vítimas Feridas";"Pleno dia";"Crescente";"Céu Claro";"Simples";"Reta";"Não";2;0;2;0;0;0;2;1;-20,37910854;-40,53514614;"SPRF-ES";"DEL01-ES";"UOP01-DEL01-ES"
311620;2020-10-02;"sexta-feira";"15:00:00";"PE";428;189;"PETROLINA";"Falta de Atenção à Condução";"Colisão traseira";"Sem Vítimas";"Pleno dia";"Decrescente";"Sol";"Múltipla";"Reta";"Sim";2;0;0;0;2;0;0;2;-9,377045;-40,500122;"SPRF-PE";"DEL06-PE";"UOP01-DEL06-PE"
311622;2020-10-02;"sexta-feira";"13:40:00";"SP";116;166;"JACAREI";"Falta de Atenção à Condução";"Tombamento";"Com Vítimas Feridas";"Pleno dia";"Decrescente";"Céu Claro";"Simples";"Curva";"Não";1;0;1;0;0;0;1;1;-23,30055667;-46,01686506;"SPRF-SP";"DEL02-SP";"UOP01-DEL02-SP"
311624;2020-10-02;"sexta-feira";"15:00:00";"MG";381;919,4;"CAMANDUCAIA";"Falta de Atenção à Condução";"Queda de ocupante de veículo";"Com Vítimas Feridas";"Pleno dia";"Crescente";"Sol";"Dupla";"Curva;Aclive";"Não";1;0;1;0;0;0;1;1;-22,7716591;-46,19193618;"SPRF-MG";"DEL16-MG";"UOP03-DEL16-MG"
311625;2020-10-02;"sexta-feira";"06:40:00";"MG";40;619,3;"CONGONHAS";"Ingestão de Álcool";"Saída de leito carroçável";"Com Vítimas Feridas";"Amanhecer";"Decrescente";"Céu Claro";"Simples";"Declive;Curva";"Sim";1;0;1;0;0;0;1;1;-20,57109288;-43,8119353;"SPRF-MG";"DEL05-MG";"UOP02-DEL05-MG"
311627;2020-10-02;"sexta-feira";"14:00:00";"ES";101;144;"LINHARES";"Agressão Externa";"Queda de ocupante de veículo";"Com Vítimas Feridas";"Pleno dia";"Decrescente";"Céu Claro";"Simples";"Reta";"Sim";2;0;1;0;0;1;1;2;-19,36589124;-40,04859924;"SPRF-ES";"DEL04-ES";"UOP01-DEL04-ES"
311629;2020-10-02;"sexta-feira";"14:00:00";"RS";386;347,4;"LAJEADO";"Desobediência às normas de trânsito pelo condutor";"Colisão lateral";"Com Vítimas Feridas";"Pleno dia";"Decrescente";"Nublado";"Dupla";"Reta";"Sim";2;0;1;0;0;1;1;2;-29,451736;-51,965893;"SPRF-RS";"DEL04-RS";"UOP01-DEL04-RS"
311630;2020-10-02;"sexta-feira";"14:50:00";"RJ";116;166;"RIO DE JANEIRO";"Defeito Mecânico no Veículo";"Incêndio";"Sem Vítimas";"Pleno dia";"Crescente";"Céu Claro";"Dupla";"Reta";"Sim";1;0;0;0;1;0;0;1;-22,81560263;-43,30051808;"SPRF-RJ";"DEL01-RJ";"UOP01-DEL01-RJ"
311632;2020-10-02;"sexta-feira";"09:30:00";"PR";376;183,8;"SARANDI";"Defeito Mecânico no Veículo";"Queda de ocupante de veículo";"Com Vítimas Feridas";"Pleno dia";"Crescente";"Céu Claro";"Dupla";"Reta";"Não";1;0;0;1;0;0;1;1;-23,44058873;-51,8727529;"SPRF-PR";"DEL09-PR";"UOP01-DEL09-PR"
311636;2020-10-02;"sexta-feira";"16:04:00";"BA";116;413,5;"FEIRA DE SANTANA";"Falta de Atenção à Condução";"Colisão frontal";"Com Vítimas Feridas";"Pleno dia";"Decrescente";"Céu Claro";"Simples";"Reta";"Não";2;0;0;1;1;0;1;2;-12,15701096;-38,96482143;"SPRF-BA";"DEL02-BA";"UOP01-DEL02-BA"
311637;2020-10-02;"sexta-feira";"15:55:00";"CE";116;2,2;"FORTALEZA";"Falta de Atenção à Condução";"Colisão traseira";"Com Vítimas Feridas";"Pleno dia";"Decrescente";"Céu Claro";"Simples";"Reta";"Sim";2;0;0;1;1;0;1;2;-3,77019802;-38,51724508;"SPRF-CE";"DEL01-CE";"UOP02-DEL01-CE"
311638;2020-10-02;"sexta-feira";"16:00:00";"PE";423;106,1;"GARANHUNS";"Falta de Atenção à Condução";"Queda de ocupante de veículo";"Com Vítimas Feridas";"Pleno dia";"Decrescente";"Céu Claro";"Simples";"Aclive";"Não";1;0;1;0;0;0;1;1;-8,88171776;-36,57279606;"SPRF-PE";"DEL03-PE";"UOP01-DEL03-PE"
311640;2020-10-02;"sexta-feira";"14:00:00";"MA";135;18,3;"SAO LUIS";"Pista Escorregadia";"Queda de ocupante de veículo";"Com Vítimas Feridas";"Pleno dia";"Crescente";"Céu Claro";"Dupla";"Reta";"Não";1;0;1;0;0;0;1;1;-2,71719899;-44,32099307;"SPRF-MA";"DEL01-MA";"UOP01-DEL01-MA"
311642;2020-10-02;"sexta-feira";"16:35:00";"ES";101;277;"SERRA";"Não guardar distância de segurança";"Colisão traseira";"Com Vítimas Feridas";"Pleno dia";"Crescente";"Céu Claro";"Dupla";"Reta";"Não";2;0;0;1;1;0;1;2;-20,21307738;-40,32125972;"SPRF-ES";"DEL02-ES";"UOP01-DEL02-ES"
311643;2020-10-02;"sexta-feira";"16:55:00";"MG";381;481;"BETIM";"Falta de Atenção à Condução";"Colisão traseira";"Com Vítimas Feridas";"Pleno dia";"Crescente";"Céu Claro";"Dupla";"Reta";"Sim";2;0;1;0;1;0;1;2;-19,95931561;-44,08825597;"SPRF-MG";"DEL01-MG";"UOP03-DEL01-MG"
311645;2020-10-02;"sexta-feira";"15:45:00";"ES";101;150,7;"LINHARES";"Falta de Atenção à Condução";"Colisão traseira";"Com Vítimas Feridas";"Pleno dia";"Crescente";"Céu Claro";"Simples";"Declive";"Sim";3;0;1;0;2;0;1;2;-19,40436634;-40,06078896;"SPRF-ES";"DEL04-ES";"UOP01-DEL04-ES"
311648;2020-10-02;"sexta-feira";"15:00:00";"CE";222;241,1;"SOBRAL";"Defeito Mecânico no Veículo";"Incêndio";"Sem Vítimas";"Pleno dia";"Decrescente";"Céu Claro";"Simples";"Reta";"Não";1;0;0;0;0;1;0;1;-3,73533935;-40,48476434;"SPRF-CE";"DEL04-CE";"UOP01-DEL04-CE"
311649;2020-06-27;"sábado";"13:20:00";"PA";222;243;"MARABA";"Desobediência às normas de trânsito pelo condutor";"Colisão transversal";"Com Vítimas Feridas";"Pleno dia";"Decrescente";"Céu Claro";"Simples";"Reta";"Sim";2;0;1;0;1;0;1;2;-5,339671;-49,08239;"SPRF-PA";"DEL03-PA";"UOP01-DEL03-PA"
311652;2020-10-02;"sexta-feira";"15:30:00";"GO";452;16;"RIO VERDE";"Defeito Mecânico no Veículo";"Saída de leito carroçável";"Com Vítimas Feridas";"Pleno dia";"Crescente";"Céu Claro";"Simples";"Reta";"Não";2;0;1;0;1;0;1;1;-17,85236413;-50,76696906;"SPRF-GO";"DEL04-GO";"UOP01-DEL04-GO"
311654;2020-10-02;"sexta-feira";"16:00:00";"RJ";116;168;"SAO JOAO DE MERITI";"Falta de Atenção à Condução";"Colisão traseira";"Com Vítimas Feridas";"Anoitecer";"Crescente";"Céu Claro";"Múltipla";"Reta";"Sim";2;0;2;0;0;0;2;1;-22,819969;-43,31499997;"SPRF-RJ";"DEL01-RJ";"UOP01-DEL01-RJ"
311655;2020-10-02;"sexta-feira";"17:30:00";"SC";470;88,8;"ASCURRA";"Falta de Atenção à Condução";"Colisão transversal";"Com Vítimas Feridas";"Anoitecer";"Decrescente";"Nublado";"Simples";"Reta";"Sim";2;0;1;0;1;0;1;2;-26,955355;-49,373169;"SPRF-SC";"DEL04-SC";"UOP01-DEL04-SC"
311656;2020-10-02;"sexta-feira";"12:15:00";"MA";135;21;"SAO LUIS";"Falta de Atenção à Condução";"Colisão transversal";"Com Vítimas Feridas";"Pleno dia";"Decrescente";"Céu Claro";"Dupla";"Reta";"Sim";2;0;0;1;1;0;1;2;-2,54009923;-44,30580139;"SPRF-MA";"DEL01-MA";"UOP01-DEL01-MA"
311657;2020-10-02;"sexta-feira";"16:30:00";"PB";101;99,2;"CONDE";"Desobediência às normas de trânsito pelo condutor";"Colisão transversal";"Com Vítimas Feridas";"Pleno dia";"Decrescente";"Sol";"Dupla";"Reta";"Não";2;0;1;0;1;0;1;2;-7,2557332;-34,93469152;"SPRF-PB";"DEL01-PB";"UOP02-DEL01-PB"
311658;2020-10-02;"sexta-feira";"14:45:00";"PR";163;0;"BARRACAO";"Desobediência às normas de trânsito pelo condutor";"Colisão transversal";"Com Vítimas Feridas";"Pleno dia";"Crescente";"Céu Claro";"Simples";"Interseção de Vias";"Não";4;0;1;0;3;0;1;2;-26,25066;-53,635523;"SPRF-PR";"DEL02-PR";"UOP02-DEL02-PR"
311659;2020-10-02;"sexta-feira";"17:35:00";"TO";153;343;"GUARAI";"Agressão Externa";"Colisão com objeto em movimento";"Com Vítimas Feridas";"Pleno dia";"Decrescente";"Céu Claro";"Simples";"Declive";"Não";4;0;1;1;2;0;2;1;-8,91782199;-48,50944146;"SPRF-TO";"DEL02-TO";"UOP02-DEL02-TO"
311661;2020-10-02;"sexta-feira";"17:38:00";"RJ";101;334;"RIO DE JANEIRO";"Falta de Atenção à Condução";"Engavetamento";"Com Vítimas Feridas";"Anoitecer";"Decrescente";"Céu Claro";"Dupla";"Reta";"Sim";4;0;1;0;3;0;1;4;-22,88517902;-43,21704364;"SPRF-RJ";"DEL02-RJ";"UOP02-DEL02-RJ"
311663;2020-10-02;"sexta-feira";"17:40:00";"AL";101;246;"PORTO REAL DO COLEGIO";"Animais na Pista";"Atropelamento de Animal";"Com Vítimas Feridas";"Anoitecer";"Crescente";"Céu Claro";"Simples";"Reta";"Não";2;0;1;0;1;0;1;1;-10,19162376;-36,82542061;"SPRF-AL";"DEL02-AL";"UOP02-DEL02-AL"
311664;2020-10-02;"sexta-feira";"15:30:00";"PE";232;410,6;"SERRA TALHADA";"Falta de Atenção à Condução";"Colisão transversal";"Com Vítimas Feridas";"Pleno dia";"Decrescente";"Céu Claro";"Simples";"Curva";"Sim";2;0;0;2;0;0;2;2;-7,98261841;-38,30039606;"SPRF-PE";"DEL04-PE";"UOP01-DEL04-PE"
311665;2020-10-02;"sexta-feira";"17:45:00";"GO";40;5;"VALPARAISO DE GOIAS";"Desobediência às normas de trânsito pelo condutor";"Colisão transversal";"Com Vítimas Feridas";"Pleno dia";"Crescente";"Céu Claro";"Dupla";"Reta";"Sim";2;0;1;0;1;0;1;2;-16,093134;-47,982236;"SPRF-DF";"DEL01-DF";"UOP01-DEL01-DF"
311667;2020-10-02;"sexta-feira";"17:50:00";"RJ";101;60;"CAMPOS DOS GOYTACAZES";"Falta de Atenção à Condução";"Colisão lateral";"Com Vítimas Feridas";"Anoitecer";"Decrescente";"Céu Claro";"Múltipla";"Reta";"Sim";2;0;0;1;0;1;1;2;-21,72315439;-41,31810017;"SPRF-RJ";"DEL08-RJ";"UOP01-DEL08-RJ"
311668;2020-10-02;"sexta-feira";"17:35:00";"DF";80;18,1;"BRASILIA";"Falta de Atenção à Condução";"Colisão traseira";"Com Vítimas Feridas";"Pleno dia";"Crescente";"Céu Claro";"Dupla";"Reta;Retorno Regulamentado";"Sim";3;0;2;0;1;0;2;2;-15,684259;-48,205139;"SPRF-DF";"DEL03-DF";"UOP02-DEL03-DF"
311669;2020-10-02;"sexta-feira";"13:10:00";"MA";316;399;"ALTO ALEGRE DO MARANHAO";"Desobediência às normas de trânsito pelo condutor";"Colisão frontal";"Com Vítimas Feridas";"Pleno dia";"Decrescente";"Sol";"Simples";"Curva";"Sim";3;0;1;0;2;0;1;2;-4,195468;-44,46455;"SPRF-MA";"DEL03-MA";"UOP01-DEL03-MA"
311672;2020-10-02;"sexta-feira";"17:20:00";"SP";116;440,9;"REGISTRO";"Defeito Mecânico no Veículo";"Incêndio";"Sem Vítimas";"Pleno dia";"Crescente";"Sol";"Dupla";"Reta;Declive";"Sim";2;0;0;0;1;1;0;2;-24,46159507;-47,81713991;"SPRF-SP";"DEL05-SP";"UOP01-DEL05-SP"
311673;2020-08-12;"quarta-feira";"05:40:00";"RN";101;107,8;"PARNAMIRIM";"Falta de Atenção à Condução";"Atropelamento de Pedestre";"Com Vítimas Feridas";"Pleno dia";"Decrescente";"Céu Claro";"Múltipla";"Reta";"Sim";2;0;0;1;1;0;1;2;-5,946376;-35,26485;"SPRF-RN";"DEL01-RN";"UOP01-DEL01-RN"
311674;2020-10-02;"sexta-feira";"17:40:00";"CE";116;50,4;"PACAJUS";"Ingestão de Álcool";"Colisão traseira";"Sem Vítimas";"Anoitecer";"Crescente";"Céu Claro";"Dupla";"Reta";"Não";2;0;0;0;2;0;0;2;-4,16955504;-38,49286781;"SPRF-CE";"DEL03-CE";"UOP02-DEL03-CE"
311679;2020-10-02;"sexta-feira";"18:20:00";"RN";405;156,5;"RAFAEL FERNANDES";"Falta de Atenção à Condução";"Colisão lateral";"Com Vítimas Feridas";"Anoitecer";"Crescente";"Céu Claro";"Simples";"Reta";"Não";3;0;2;1;0;0;3;2;-6,15854069;-38,2077416;"SPRF-RN";"DEL04-RN";"UOP02-DEL04-RN"
311680;2020-10-02;"sexta-feira";"18:30:00";"RN";110;46;"MOSSORO";"Falta de Atenção à Condução";"Colisão traseira";"Sem Vítimas";"Anoitecer";"Decrescente";"Céu Claro";"Simples";"Reta";"Sim";2;0;0;0;1;1;0;2;-5,19797675;-37,31839819;"SPRF-RN";"DEL04-RN";"UOP01-DEL04-RN"
311681;2020-10-02;"sexta-feira";"18:30:00";"PR";376;638,8;"TIJUCAS DO SUL";"Falta de Atenção à Condução";"Colisão traseira";"Com Vítimas Feridas";"Plena Noite";"Crescente";"Céu Claro";"Dupla";"Reta";"Não";1;0;0;1;0;0;1;1;-25,76503801;-49,12449804;"SPRF-PR";"DEL01-PR";"UOP04-DEL01-PR"
311682;2020-10-02;"sexta-feira";"16:20:00";"SC";280;71;"JARAGUA DO SUL";"Falta de Atenção à Condução";"Colisão transversal";"Com Vítimas Feridas";"Pleno dia";"Decrescente";"Sol";"Simples";"Declive";"Não";2;0;0;1;1;0;1;2;-26,46151693;-49,13480597;"SPRF-SC";"DEL03-SC";"UOP03-DEL03-SC"
311686;2020-10-02;"sexta-feira";"18:50:00";"MS";60;208;"CAMAPUA";"Ultrapassagem Indevida";"Saída de leito carroçável";"Com Vítimas Fatais";"Anoitecer";"Crescente";"Céu Claro";"Simples";"Reta";"Não";4;1;3;0;0;0;3;1;-19,61518043;-54,0584525;"SPRF-MS";"DEL06-MS";"UOP02-DEL06-MS"
311687;2020-10-02;"sexta-feira";"18:30:00";"GO";40;7,5;"VALPARAISO DE GOIAS";"Falta de Atenção à Condução";"Atropelamento de Pedestre";"Com Vítimas Feridas";"Anoitecer";"Crescente";"Céu Claro";"Dupla";"Reta";"Sim";2;0;0;1;1;0;1;2;-16,108482;-47,972524;"SPRF-DF";"DEL01-DF";"UOP01-DEL01-DF"
311688;2020-10-02;"sexta-feira";"17:45:00";"AL";101;74;"MESSIAS";"Ingestão de álcool e/ou substâncias psicoativas pelo pedestre";"Atropelamento de Pedestre";"Com Vítimas Feridas";"Anoitecer";"Crescente";"Céu Claro";"Dupla";"Reta";"Não";2;0;0;1;1;0;1;2;-9,395538;-35,8387;"SPRF-AL";"DEL01-AL";"UOP01-DEL01-AL"
311689;2020-10-02;"sexta-feira";"18:00:00";"DF";80;5;"BRASILIA";"Falta de Atenção à Condução";"Colisão transversal";"Com Vítimas Feridas";"Plena Noite";"Crescente";"Céu Claro";"Simples";"Reta";"Não";3;0;0;1;2;0;1;2;-15,729602;-48,121304;"SPRF-DF";"DEL03-DF";"UOP02-DEL03-DF"
311690;2020-10-02;"sexta-feira";"19:00:00";"BA";116;15;"VITORIA DA CONQUISTA";"Deficiência ou não Acionamento do Sistema de Iluminação/Sinalização do Veículo";"Colisão traseira";"Com Vítimas Feridas";"Plena Noite";"Decrescente";"Céu Claro";"Simples";"Reta";"Não";2;0;1;0;1;0;1;2;-14,895382;-40,86192;"SPRF-BA";"DEL08-BA";"UOP01-DEL08-BA"
311691;2020-10-02;"sexta-feira";"19:03:00";"RJ";101;313;"SAO GONCALO";"Falta de Atenção à Condução";"Colisão traseira";"Com Vítimas Feridas";"Plena Noite";"Decrescente";"Céu Claro";"Dupla";"Reta";"Sim";2;0;1;0;1;0;1;2;-22,81049093;-43,06983304;"SPRF-RJ";"DEL02-RJ";"UOP02-DEL02-RJ"
311692;2020-10-02;"sexta-feira";"18:30:00";"GO";153;496;"GOIANIA";"Pista Escorregadia";"Queda de ocupante de veículo";"Com Vítimas Feridas";"Plena Noite";"Decrescente";"Céu Claro";"Dupla";"Reta";"Sim";1;0;1;0;0;0;1;1;-16,6776;-49,2314;"SPRF-GO";"DEL01-GO";"UOP01-DEL01-GO"
311695;2020-10-02;"sexta-feira";"19:00:00";"RJ";116;174;"BELFORD ROXO";"Falta de Atenção à Condução";"Colisão traseira";"Com Vítimas Feridas";"Plena Noite";"Crescente";"Céu Claro";"Dupla";"Reta";"Sim";2;0;1;0;1;0;1;2;-22,79423806;-43,36403759;"SPRF-RJ";"DEL01-RJ";"UOP02-DEL01-RJ"
311696;2020-10-02;"sexta-feira";"19:22:00";"GO";60;99,3;"ANAPOLIS";"Ingestão de álcool e/ou substâncias psicoativas pelo pedestre";"Atropelamento de Pedestre";"Com Vítimas Fatais";"Plena Noite";"Crescente";"Céu Claro";"Dupla";"Curva";"Sim";7;1;0;0;5;1;0;2;-16,3924;-48,9588;"SPRF-GO";"DEL02-GO";"UOP01-DEL02-GO"
311698;2020-10-02;"sexta-feira";"19:30:00";"RS";290;113;"ELDORADO DO SUL";"Ingestão de Álcool";"Colisão traseira";"Com Vítimas Feridas";"Plena Noite";"Decrescente";"Nublado";"Simples";"Reta";"Não";2;0;1;0;1;0;1;2;-30,043636;-51,337456;"SPRF-RS";"DEL02-RS";"UOP01-DEL02-RS"
311699;2020-10-02;"sexta-feira";"18:30:00";"MA";135;46;"BACABEIRA";"Falta de Atenção à Condução";"Saída de leito carroçável";"Com Vítimas Feridas";"Plena Noite";"Crescente";"Céu Claro";"Dupla";"Curva";"Não";2;0;0;1;0;1;1;1;-2,93378338;-44,3337822;"SPRF-MA";"DEL01-MA";"UOP01-DEL01-MA"