"id";"data_inversa";"dia_semana";"horario";"uf";"br";"km";"municipio";"causa_acidente";"tipo_acidente";"classificacao_acidente";"fase_dia";"sentido_via";"condicao_metereologica";"tipo_pista";"tracado_via";"uso_solo";"pessoas";"mortos";"feridos_leves";"feridos_graves";"ilesos";"ignorados";"feridos";"veiculos";"latitude";"longitude";"regional";"delegacia";"uop"
311700;2020-10-02;"sexta-feira";"19:15:00";"RS";153;48;"ERECHIM";"Falta de Atenção do Pedestre";"Atropelamento de Pedestre";"Com Vítimas Feridas";"Plena Noite";"Crescente";"Céu Claro";"Simples";"Reta";"Sim";5;0;1;0;4;0;1;2;-27,65118001;-52,257248;"SPRF-RS";"DEL08-RS";"UOP04-DEL08-RS"
311701;2020-10-02;"sexta-feira";"19:30:00";"GO";153;493;"GOIANIA";"Pista Escorregadia";"Queda de ocupante de veículo";"Com Vítimas Feridas";"Plena Noite";"Decrescente";"Céu Claro";"Dupla";"Reta";"Não";1;0;1;0;0;0;1;1;-16,6537;-49,2172;"SPRF-GO";"DEL01-GO";"UOP01-DEL01-GO"
311702;2020-10-02;"sexta-feira";"18:50:00";"RS";470;283,8;"MONTENEGRO";"Avarias e/ou desgaste excessivo no pneu";"Saída de leito carroçável";"Com Vítimas Feridas";"Plena Noite";"Decrescente";"Chuva";"Simples";"Reta";"Não";3;0;3;0;0;0;3;1;-29,617571;-51,474321;"SPRF-RS";"DEL04-RS";"UOP02-DEL04-RS"
311705;2020-10-02;"sexta-feira";"19:00:00";"DF";60;2,2;"BRASILIA";"Falta de Atenção à Condução";"Colisão traseira";"Com Vítimas Feridas";"Plena Noite";"Crescente";"Céu Claro";"Dupla";"Reta";"Sim";3;0;2;0;1;0;2;2;-15,887383;-48,077988;"SPRF-DF";"DEL03-DF";"UOP01-DEL03-DF"
311706;2020-09-12;"sábado";"17:05:00";"AL";316;181;"BELEM";"Falta de Atenção à Condução";"Saída de leito carroçável";"Com Vítimas Feridas";"Anoitecer";"Crescente";"Céu Claro";"Simples";"Curva";"Não";1;0;0;1;0;0;1;1;-9,59138602;-36,48209201;"SPRF-AL";"DEL03-AL";"UOP01-DEL03-AL"
311707;2020-10-02;"sexta-feira";"19:45:00";"MG";50;68;"UBERLANDIA";"Desobediência às normas de trânsito pelo condutor";"Colisão transversal";"Com Vítimas Feridas";"Plena Noite";"Decrescente";"Céu Claro";"Simples";"Interseção de Vias";"Sim";3;0;0;1;2;0;1;2;-18,85140204;-48,25345932;"SPRF-MG";"DEL15-MG";"UOP02-DEL15-MG"
311708;2020-10-02;"sexta-feira";"19:25:00";"PR";277;661,2;"MATELANDIA";"Falta de Atenção à Condução";"Saída de leito carroçável";"Sem Vítimas";"Plena Noite";"Decrescente";"Céu Claro";"Dupla";"Reta";"Não";1;0;0;0;0;1;0;1;-25,25275526;-53,99939905;"SPRF-PR";"DEL05-PR";"UOP02-DEL05-PR"
311710;2020-10-02;"sexta-feira";"20:10:00";"PR";476;124;"CURITIBA";"Falta de Atenção à Condução";"Colisão traseira";"Sem Vítimas";"Plena Noite";"Decrescente";"Céu Claro";"Dupla";"Reta";"Sim";2;0;0;0;2;0;0;2;-25,399845;-49,215855;"SPRF-PR";"DEL01-PR";"UOP03-DEL01-PR"
311712;2020-10-02;"sexta-feira";"20:00:00";"GO";452;180;"ITUMBIARA";"Falta de Atenção à Condução";"Colisão frontal";"Com Vítimas Feridas";"Plena Noite";"Crescente";"Céu Claro";"Simples";"Reta";"Não";2;0;0;1;1;0;1;2;-18,3749007;-49,35444174;"SPRF-GO";"DEL03-GO";"UOP02-DEL03-GO"
311713;2020-10-02;"sexta-feira";"19:30:00";"SP";459;26,2;"LORENA";"Ingestão de Álcool";"Colisão transversal";"Com Vítimas Feridas";"Plena Noite";"Crescente";"Céu Claro";"Simples";"Reta";"Não";2;0;2;0;0;0;2;2;-22,69983161;-45,1194334;"SPRF-SP";"DEL08-SP";"UOP01-DEL08-SP"
311715;2020-10-02;"sexta-feira";"17:25:00";"BA";116;384,1;"SANTA BARBARA";"Ultrapassagem Indevida";"Colisão frontal";"Com Vítimas Feridas";"Anoitecer";"Decrescente";"Céu Claro";"Simples";"Reta";"Não";2;0;0;1;1;0;1;2;-11,88554396;-38,98038031;"SPRF-BA";"DEL02-BA";"UOP01-DEL02-BA"
311716;2020-10-02;"sexta-feira";"19:50:00";"RS";101;63;"MAQUINE";"Falta de Atenção do Pedestre";"Atropelamento de Pedestre";"Com Vítimas Feridas";"Plena Noite";"Crescente";"Garoa/Chuvisco";"Simples";"Reta";"Não";2;0;0;1;1;0;1;2;-29,69621105;-50,16781159;"SPRF-RS";"DEL03-RS";"UOP02-DEL03-RS"
311718;2020-10-02;"sexta-feira";"19:40:00";"SC";470;173,5;"POUSO REDONDO";"Velocidade Incompatível";"Atropelamento de Pedestre";"Com Vítimas Fatais";"Plena Noite";"Crescente";"Nublado";"Simples";"Reta;Declive";"Sim";4;1;0;0;1;2;0;2;-27,25976479;-49,92228027;"SPRF-SC";"DEL04-SC";"UOP02-DEL04-SC"
311719;2020-10-02;"sexta-feira";"20:15:00";"SP";153;73,8;"SAO JOSE DO RIO PRETO";"Animais na Pista";"Atropelamento de Animal";"Com Vítimas Feridas";"Plena Noite";"Crescente";"Céu Claro";"Dupla";"Reta";"Não";1;0;1;0;0;0;1;1;-20,87627206;-49,42004692;"SPRF-SP";"DEL09-SP";"UOP01-DEL09-SP"
311721;2020-10-02;"sexta-feira";"19:50:00";"PE";232;508,7;"SALGUEIRO";"Ingestão de Álcool";"Tombamento";"Com Vítimas Feridas";"Plena Noite";"Crescente";"Céu Claro";"Simples";"Curva";"Sim";1;0;0;1;0;0;1;1;-8,06223271;-39,12095006;"SPRF-PE";"DEL05-PE";"UOP01-DEL05-PE"
311722;2020-10-02;"sexta-feira";"21:55:00";"PR";476;143;"CURITIBA";"Velocidade Incompatível";"Colisão com objeto estático";"Sem Vítimas";"Plena Noite";"Decrescente";"Céu Claro";"Dupla";"Curva";"Sim";1;0;0;0;1;0;0;1;-25,543802;-49,305328;"SPRF-PR";"DEL01-PR";"UOP01-DEL01-PR"
311725;2020-10-02;"sexta-feira";"21:35:00";"RS";285;124,5;"VACARIA";"Desobediência às normas de trânsito pelo condutor";"Colisão frontal";"Com Vítimas Feridas";"Plena Noite";"Crescente";"Céu Claro";"Simples";"Reta";"Sim";3;0;1;1;1;0;2;2;-28,491489;-50,955837;"SPRF-RS";"DEL05-RS";"UOP03-DEL05-RS"
311726;2020-10-02;"sexta-feira";"22:10:00";"SP";116;123,4;"CACAPAVA";"Falta de Atenção à Condução";"Saída de leito carroçável";"Com Vítimas Feridas";"Plena Noite";"Decrescente";"Céu Claro";"Dupla";"Declive;Reta";"Não";2;0;1;1;0;0;2;1;-23,08754228;-45,66969781;"SPRF-SP";"DEL06-SP";"UOP01-DEL06-SP"
311727;2020-10-02;"sexta-feira";"21:00:00";"MG";40;360,4;"FELIXLANDIA";"Pista Escorregadia";"Queda de ocupante de veículo";"Com Vítimas Feridas";"Plena Noite";"Decrescente";"Céu Claro";"Simples";"Reta";"Não";1;0;1;0;0;0;1;1;-18,74935288;-44,85229988;"SPRF-MG";"DEL02-MG";"UOP01-DEL02-MG"
311729;2020-10-02;"sexta-feira";"18:00:00";"GO";153;498;"GOIANIA";"Pista Escorregadia";"Queda de ocupante de veículo";"Com Vítimas Feridas";"Anoitecer";"Decrescente";"Céu Claro";"Dupla";"Reta";"Sim";1;0;1;0;0;0;1;1;-16,6939;-49,2321;"SPRF-GO";"DEL01-GO";"UOP01-DEL01-GO"
311730;2020-10-02;"sexta-feira";"21:30:00";"RJ";40;104;"DUQUE DE CAXIAS";"Falta de Atenção à Condução";"Colisão transversal";"Com Vítimas Feridas";"Plena Noite";"Decrescente";"Céu Claro";"Múltipla";"Reta";"Não";2;0;0;1;1;0;1;2;-22,62897902;-43,28579508;"SPRF-RJ";"DEL01-RJ";"UOP01-DEL01-RJ"
311731;2020-10-02;"sexta-feira";"19:15:00";"GO";153;495;"GOIANIA";"Pista Escorregadia";"Queda de ocupante de veículo";"Com Vítimas Feridas";"Plena Noite";"Decrescente";"Céu Claro";"Dupla";"Reta";"Sim";2;0;1;0;1;0;1;1;-16,6681;-49,2263;"SPRF-GO";"DEL01-GO";"UOP01-DEL01-GO"
311732;2020-10-02;"sexta-feira";"21:30:00";"GO";60;23,1;"ALEXANIA";"Falta de Atenção à Condução";"Saída de leito carroçável";"Com Vítimas Feridas";"Plena Noite";"Crescente";"Céu Claro";"Dupla";"Retorno Regulamentado";"Não";3;0;2;0;1;0;2;1;-16,0963;-48,5202;"SPRF-DF";"DEL03-DF";"UOP01-DEL03-DF"
311733;2020-10-02;"sexta-feira";"21:45:00";"MG";381;589,5;"CARMOPOLIS DE MINAS";"Falta de Atenção à Condução";"Atropelamento de Pedestre";"Com Vítimas Feridas";"Plena Noite";"Decrescente";"Céu Claro";"Dupla";"Reta";"Sim";3;0;0;1;0;2;1;2;-20,56175976;-44,66523212;"SPRF-MG";"DEL04-MG";"UOP01-DEL04-MG"
311734;2020-10-02;"sexta-feira";"19:45:00";"MG";116;241,9;"TEOFILO OTONI";"Defeito Mecânico no Veículo";"Colisão frontal";"Com Vítimas Feridas";"Plena Noite";"Crescente";"Céu Claro";"Simples";"Reta";"Não";2;0;2;0;0;0;2;2;-17,57621259;-41,47404804;"SPRF-MG";"DEL11-MG";"UOP01-DEL11-MG"
311735;2020-10-02;"sexta-feira";"22:40:00";"SP";116;418,7;"JUQUIA";"Falta de Atenção à Condução";"Saída de leito carroçável";"Sem Vítimas";"Plena Noite";"Crescente";"Céu Claro";"Dupla";"Curva";"Não";1;0;0;0;1;0;0;1;-24,353607;-47,659347;"SPRF-SP";"DEL05-SP";"UOP01-DEL05-SP"
311737;2020-10-02;"sexta-feira";"22:00:00";"PR";277;12,5;"PARANAGUA";"Velocidade Incompatível";"Saída de leito carroçável";"Sem Vítimas";"Plena Noite";"Decrescente";"Céu Claro";"Dupla";"Reta";"Não";4;0;0;0;3;1;0;1;-25,568198;-48,615292;"SPRF-PR";"DEL01-PR";"UOP05-DEL01-PR"
311738;2020-10-02;"sexta-feira";"18:10:00";"CE";226;254;"PEDRA BRANCA";"Falta de Atenção à Condução";"Colisão frontal";"Com Vítimas Fatais";"Anoitecer";"Crescente";"Céu Claro";"Simples";"Reta";"Não";2;1;0;0;1;0;0;2;-5,43828809;-39,99538422;"SPRF-CE";"DEL02-CE";"UOP02-DEL02-CE"
311739;2020-10-02;"sexta-feira";"23:00:00";"ES";262;46,1;"MARECHAL FLORIANO";"Ingestão de Álcool";"Colisão frontal";"Com Vítimas Feridas";"Plena Noite";"Crescente";"Céu Claro";"Simples";"Reta";"Sim";4;0;1;2;0;1;3;2;-20,40698358;-40,67341447;"SPRF-ES";"DEL01-ES";"UOP01-DEL01-ES"
311740;2020-10-02;"sexta-feira";"23:15:00";"SP";153;60,7;"SAO JOSE DO RIO PRETO";"Falta de Atenção à Condução";"Colisão traseira";"Com Vítimas Feridas";"Plena Noite";"Crescente";"Céu Claro";"Dupla";"Reta";"Sim";2;0;0;1;0;1;1;2;-20,79627979;-49,35480206;"SPRF-SP";"DEL09-SP";"UOP01-DEL09-SP"
311743;2020-10-02;"sexta-feira";"21:30:00";"RR";174;448;"MUCAJAI";"Ingestão de Álcool";"Colisão traseira";"Com Vítimas Feridas";"Plena Noite";"Crescente";"Céu Claro";"Simples";"Reta";"Sim";2;0;1;0;1;0;1;2;2,440116;-60,918671;"SPRF-RR";"DEL01-RR";"UOP01-DEL01-RR"
311746;2020-10-02;"sexta-feira";"23:00:00";"RS";386;434,4;"NOVA SANTA RITA";"Não guardar distância de segurança";"Colisão traseira";"Com Vítimas Feridas";"Plena Noite";"Crescente";"Garoa/Chuvisco";"Simples";"Reta";"Não";3;0;1;0;2;0;1;2;-29,843386;-51,285454;"SPRF-RS";"DEL04-RS";"UOP02-DEL04-RS"
311749;2020-10-02;"sexta-feira";"23:30:00";"SP";381;90;"GUARULHOS";"Defeito Mecânico no Veículo";"Colisão traseira";"Com Vítimas Feridas";"Plena Noite";"Crescente";"Céu Claro";"Múltipla";"Reta";"Sim";2;0;1;0;1;0;1;2;-23,49479479;-46,55959864;"SPRF-SP";"DEL03-SP";"UOP01-DEL03-SP"
311750;2020-10-03;"sábado";"00:10:00";"PR";476;162;"ARAUCARIA";"Velocidade Incompatível";"Saída de leito carroçável";"Com Vítimas Feridas";"Plena Noite";"Crescente";"Nublado";"Simples";"Curva;Declive";"Não";1;0;0;1;0;0;1;1;-25,627626;-49,454449;"SPRF-PR";"DEL01-PR";"UOP03-DEL01-PR"
311751;2020-10-02;"sexta-feira";"22:40:00";"MG";381;396;"BOM JESUS DO AMPARO";"Desobediência às normas de trânsito pelo condutor";"Colisão lateral";"Sem Vítimas";"Plena Noite";"Crescente";"Nublado";"Dupla";"Reta";"Não";2;0;0;0;1;1;0;2;-19,7649707;-43,45926806;"SPRF-MG";"DEL01-MG";"UOP01-DEL01-MG"
311752;2020-10-02;"sexta-feira";"23:50:00";"SC";101;313;"LAGUNA";"Desobediência às normas de trânsito pelo condutor";"Colisão lateral";"Sem Vítimas";"Plena Noite";"Decrescente";"Vento";"Dupla";"Ponte";"Não";2;0;0;0;2;0;0;2;-28,43825669;-48,83328974;"SPRF-SC";"DEL02-SC";"UOP01-DEL02-SC"
311753;2020-10-02;"sexta-feira";"22:00:00";"RJ";101;315;"RIO DE JANEIRO";"Ingestão de Álcool";"Colisão com objeto estático";"Com Vítimas Feridas";"Plena Noite";"Decrescente";"Ignorado";"Dupla";"Curva";"Sim";2;0;1;0;1;0;1;1;-22,82262092;-43,08460805;"SPRF-RJ";"DEL02-RJ";"UOP02-DEL02-RJ"
311754;2020-10-02;"sexta-feira";"23:10:00";"BA";101;730,9;"EUNAPOLIS";"Ingestão de Álcool";"Colisão com objeto estático";"Com Vítimas Feridas";"Plena Noite";"Decrescente";"Céu Claro";"Simples";"Curva";"Não";1;0;0;1;0;0;1;1;-16,469293;-39,57469;"SPRF-BA";"DEL09-BA";"UOP01-DEL09-BA"
311755;2020-10-03;"sábado";"00:05:00";"GO";153;491;"GOIANIA";"Falta de Atenção à Condução";"Colisão transversal";"Com Vítimas Feridas";"Plena Noite";"Decrescente";"Céu Claro";"Múltipla";"Reta";"Sim";2;0;2;0;0;0;2;2;-16,639;-49,2063;"SPRF-GO";"DEL01-GO";"UOP01-DEL01-GO"
311756;2020-10-02;"sexta-feira";"23:20:00";"RJ";393;285;"VOLTA REDONDA";"Falta de Atenção do Pedestre";"Atropelamento de Pedestre";"Com Vítimas Feridas";"Plena Noite";"Decrescente";"Céu Claro";"Dupla";"Reta";"Sim";2;0;1;0;1;0;1;2;-22,481726;-44,06308602;"SPRF-RJ";"DEL05-RJ";"UOP04-DEL05-RJ"
311757;2020-10-02;"sexta-feira";"21:30:00";"SC";280;48;"GUARAMIRIM";"Falta de Atenção do Pedestre";"Atropelamento de Pedestre";"Com Vítimas Feridas";"Plena Noite";"Crescente";"Nublado";"Simples";"Reta";"Não";2;0;0;1;1;0;1;2;-26,45563774;-48,92923236;"SPRF-SC";"DEL03-SC";"UOP03-DEL03-SC"
311758;2020-10-03;"sábado";"02:00:00";"RS";101;85;"OSORIO";"Ingestão de Álcool";"Saída de leito carroçável";"Sem Vítimas";"Plena Noite";"Decrescente";"Chuva";"Dupla";"Reta";"Sim";1;0;0;0;1;0;0;1;-29,86832721;-50,2517237;"SPRF-RS";"DEL03-RS";"UOP01-DEL03-RS"
311759;2020-10-03;"sábado";"01:10:00";"MA";222;673,5;"ACAILANDIA";"Animais na Pista";"Tombamento";"Com Vítimas Feridas";"Plena Noite";"Crescente";"Céu Claro";"Simples";"Declive";"Sim";1;0;1;0;0;0;1;1;-4,92960481;-47,44590111;"SPRF-MA";"DEL04-MA";"UOP03-DEL04-MA"
311760;2020-10-03;"sábado";"02:05:00";"SP";116;227;"SAO PAULO";"Ingestão de Álcool";"Colisão traseira";"Com Vítimas Feridas";"Plena Noite";"Crescente";"Céu Claro";"Múltipla";"Declive";"Sim";4;0;1;0;1;2;1;3;-23,49659264;-46,55648754;"SPRF-SP";"DEL01-SP";"UOP01-DEL01-SP"
311761;2020-10-02;"sexta-feira";"18:20:00";"MT";70;623,7;"POCONE";"Objeto estático sobre o leito carroçável";"Queda de ocupante de veículo";"Com Vítimas Feridas";"Plena Noite";"Decrescente";"Céu Claro";"Simples";"Reta";"Não";1;0;0;1;0;0;1;1;-15,92313937;-56,91027656;"SPRF-MT";"DEL03-MT";"UOP02-DEL03-MT"
311762;2020-10-02;"sexta-feira";"23:40:00";"RJ";101;393;"RIO DE JANEIRO";"Objeto estático sobre o leito carroçável";"Atropelamento de Animal";"Com Vítimas Feridas";"Plena Noite";"Decrescente";"Céu Claro";"Dupla";"Reta";"Não";2;0;1;0;1;0;1;1;-22,88924912;-43,70370205;"SPRF-RJ";"DEL03-RJ";"UOP01-DEL03-RJ"
311764;2020-10-03;"sábado";"02:00:00";"SP";116;13,1;"QUELUZ";"Falta de Atenção à Condução";"Saída de leito carroçável";"Sem Vítimas";"Plena Noite";"Decrescente";"Céu Claro";"Dupla";"Reta";"Não";1;0;0;0;1;0;0;1;-22,55124414;-44,8118935;"SPRF-SP";"DEL08-SP";"UOP02-DEL08-SP"
311766;2020-10-02;"sexta-feira";"17:10:00";"RO";364;712;"PORTO VELHO";"Desobediência às normas de trânsito pelo condutor";"Colisão transversal";"Com Vítimas Feridas";"Pleno dia";"Crescente";"Céu Claro";"Dupla";"Rotatória";"Sim";2;0;1;0;1;0;1;2;-8,7770354;-63,87316466;"SPRF-RO";"DEL01-RO";"UOP01-DEL01-RO"
311767;2020-10-03;"sábado";"01:15:00";"PR";376;220,1;"CAMBIRA";"Velocidade Incompatível";"Queda de ocupante de veículo";"Com Vítimas Feridas";"Plena Noite";"Crescente";"Céu Claro";"Simples";"Reta";"Não";1;0;1;0;0;0;1;1;-23,60241541;-51,59826198;"SPRF-PR";"DEL09-PR";"UOP01-DEL09-PR"
311768;2020-10-03;"sábado";"01:50:00";"CE";116;12;"FORTALEZA";"Ingestão de Álcool";"Colisão frontal";"Com Vítimas Feridas";"Plena Noite";"Crescente";"Céu Claro";"Dupla";"Viaduto";"Não";3;0;2;0;1;0;2;2;-3,85046584;-38,49604961;"SPRF-CE";"DEL01-CE";"UOP02-DEL01-CE"
311770;2020-10-03;"sábado";"02:10:00";"RS";470;226;"GARIBALDI";"Ingestão de Álcool";"Colisão com objeto estático";"Com Vítimas Feridas";"Plena Noite";"Crescente";"Nevoeiro/Neblina";"Simples";"Curva";"Sim";1;0;1;0;0;0;1;1;-29,23518676;-51,51635354;"SPRF-RS";"DEL06-RS";"UOP01-DEL06-RS"
311772;2020-10-03;"sábado";"02:20:00";"MA";10;158;"PORTO FRANCO";"Ingestão de Álcool";"Colisão com objeto estático";"Sem Vítimas";"Amanhecer";"Crescente";"Céu Claro";"Simples";"Reta";"Não";1;0;0;0;1;0;0;1;-6,338332;-47,372829;"SPRF-MA";"DEL04-MA";"UOP02-DEL04-MA"
311773;2020-10-03;"sábado";"03:00:00";"SC";470;145,3;"RIO DO SUL";"Falta de Atenção à Condução";"Capotamento";"Com Vítimas Feridas";"Plena Noite";"Crescente";"Garoa/Chuvisco";"Simples";"Reta";"Não";3;0;3;0;0;0;3;1;-27,237301;-49,682217;"SPRF-SC";"DEL04-SC";"UOP02-DEL04-SC"
311774;2020-10-03;"sábado";"04:00:00";"PE";232;209,9;"PESQUEIRA";"Ingestão de Álcool";"Atropelamento de Pedestre";"Com Vítimas Feridas";"Plena Noite";"Crescente";"Céu Claro";"Simples";"Declive";"Sim";2;0;0;2;0;0;2;2;-8,36666789;-36,68869898;"SPRF-PE";"DEL02-PE";"UOP03-DEL02-PE"
311776;2020-10-03;"sábado";"04:10:00";"RJ";116;126;"MAGE";"Ingestão de Álcool";"Capotamento";"Com Vítimas Feridas";"Plena Noite";"Decrescente";"Nublado";"Dupla";"Reta";"Não";1;0;1;0;0;0;1;1;-22,66566024;-43,09936523;"SPRF-RJ";"DEL04-RJ";"UOP02-DEL04-RJ"
311777;2020-10-03;"sábado";"03:45:00";"RN";101;109;"PARNAMIRIM";"Falta de Atenção à Condução";"Queda de ocupante de veículo";"Com Vítimas Feridas";"Plena Noite";"Crescente";"Céu Claro";"Dupla";"Reta";"Não";1;0;0;1;0;0;1;1;-5,937378;-35,26483;"SPRF-RN";"DEL01-RN";"UOP01-DEL01-RN"
311779;2020-10-03;"sábado";"04:00:00";"SE";101;19;"SAO FRANCISCO";"Ingestão de Álcool";"Saída de leito carroçável";"Com Vítimas Feridas";"Pleno dia";"Decrescente";"Céu Claro";"Dupla";"Reta";"Não";1;0;1;0;0;0;1;1;-10,35365721;-36,90338472;"SPRF-SE";"DEL02-SE";"UOP02-DEL02-SE"
311780;2020-10-03;"sábado";"04:50:00";"ES";101;235;"SERRA";"Desobediência às normas de trânsito pelo condutor";"Capotamento";"Sem Vítimas";"Amanhecer";"Crescente";"Céu Claro";"Simples";"Reta";"Não";1;0;0;0;1;0;0;1;-19,97811606;-40,40780888;"SPRF-ES";"DEL02-ES";"UOP01-DEL02-ES"
311782;2020-10-03;"sábado";"05:19:00";"GO";40;97,7;"CRISTALINA";"Velocidade Incompatível";"Queda de ocupante de veículo";"Com Vítimas Feridas";"Amanhecer";"Decrescente";"Céu Claro";"Múltipla";"Reta";"Sim";2;0;2;0;0;0;2;1;-16,764631;-47,595763;"SPRF-DF";"DEL01-DF";"UOP02-DEL01-DF"
311783;2020-10-03;"sábado";"01:40:00";"SC";280;104,4;"SAO BENTO DO SUL";"Falta de Atenção à Condução";"Saída de leito carroçável";"Com Vítimas Feridas";"Plena Noite";"Decrescente";"Céu Claro";"Simples";"Reta";"Não";1;0;1;0;0;0;1;1;-26,36191374;-49,35637984;"SPRF-SC";"DEL06-SC";"UOP03-DEL06-SC"
311785;2020-10-03;"sábado";"05:40:00";"SC";101;195,7;"BIGUACU";"Falta de Atenção à Condução";"Colisão traseira";"Com Vítimas Feridas";"Amanhecer";"Decrescente";"Nublado";"Dupla";"Reta";"Sim";2;0;0;1;0;1;1;2;-27,5047092;-48,65010819;"SPRF-SC";"DEL01-SC";"UOP01-DEL01-SC"
311786;2020-10-03;"sábado";"05:55:00";"SE";235;4;"NOSSA SENHORA DO SOCORRO";"Desobediência às normas de trânsito pelo condutor";"Colisão traseira";"Com Vítimas Feridas";"Pleno dia";"Decrescente";"Nublado";"Dupla";"Declive";"Sim";2;0;1;0;1;0;1;2;-10,9064;-37,1197;"SPRF-SE";"DEL01-SE";"UOP01-DEL01-SE"
311788;2020-10-03;"sábado";"06:00:00";"GO";40;3;"VALPARAISO DE GOIAS";"Defeito Mecânico no Veículo";"Colisão com objeto estático";"Sem Vítimas";"Amanhecer";"Decrescente";"Céu Claro";"Dupla";"Reta";"Sim";1;0;0;0;1;0;0;1;-16,076081;-47,985671;"SPRF-DF";"DEL01-DF";"UOP01-DEL01-DF"
311791;2020-10-02;"sexta-feira";"22:30:00";"RJ";101;318;"SAO GONCALO";"Não guardar distância de segurança";"Colisão lateral";"Sem Vítimas";"Plena Noite";"Decrescente";"Céu Claro";"Dupla";"Reta";"Sim";2;0;0;0;2;0;0;2;-22,84562994;-43,09841211;"SPRF-RJ";"DEL02-RJ";"UOP02-DEL02-RJ"
311792;2020-10-03;"sábado";"04:35:00";"RS";386;440;"CANOAS";"Desobediência às normas de trânsito pelo pedestre";"Atropelamento de Pedestre";"Com Vítimas Fatais";"Plena Noite";"Crescente";"Chuva";"Dupla";"Reta";"Sim";3;1;1;0;1;0;1;2;-29,878265;-51,241951;"SPRF-RS";"DEL01-RS";"UOP01-DEL01-RS"
311793;2020-10-03;"sábado";"05:30:00";"PR";373;410;"CANDOI";"Falta de Atenção do Pedestre";"Atropelamento de Pedestre";"Com Vítimas Feridas";"Amanhecer";"Decrescente";"Nevoeiro/Neblina";"Simples";"Reta";"Não";2;0;1;0;1;0;1;2;-25,40584196;-51,75126901;"SPRF-PR";"DEL08-PR";"UOP01-DEL08-PR"
311794;2020-10-02;"sexta-feira";"23:30:00";"RO";364;605;"ITAPUA DO OESTE";"Defeito na Via";"Saída de leito carroçável";"Com Vítimas Feridas";"Plena Noite";"Decrescente";"Céu Claro";"Dupla";"Reta";"Sim";1;0;1;0;0;0;1;1;-9,18603983;-63,19487383;"SPRF-RO";"DEL01-RO";"UOP04-DEL01-RO"
311795;2020-10-03;"sábado";"06:20:00";"PR";277;70,9;"SAO JOSE DOS PINHAIS";"Falta de Atenção à Condução";"Saída de leito carroçável";"Com Vítimas Feridas";"Amanhecer";"Crescente";"Nevoeiro/Neblina";"Dupla";"Curva";"Não";1;0;1;0;0;0;1;1;-25,53317957;-49,07969781;"SPRF-PR";"DEL01-PR";"UOP01-DEL01-PR"
311796;2020-10-03;"sábado";"02:20:00";"PR";277;237;"IRATI";"Falta de Atenção à Condução";"Saída de leito carroçável";"Com Vítimas Feridas";"Plena Noite";"Decrescente";"Céu Claro";"Simples";"Retorno Regulamentado";"Sim";1;0;1;0;0;0;1;1;-25,46281515;-50,59541356;"SPRF-PR";"DEL03-PR";"UOP03-DEL03-PR"
311797;2020-10-02;"sexta-feira";"20:00:00";"RJ";101;247;"RIO BONITO";"Falta de Atenção à Condução";"Capotamento";"Com Vítimas Feridas";"Plena Noite";"Decrescente";"Céu Claro";"Dupla";"Reta";"Não";2;0;1;0;1;0;1;1;-22,65885276;-42,49422728;"SPRF-RJ";"DEL02-RJ";"UOP03-DEL02-RJ"
311799;2020-10-03;"sábado";"06:50:00";"SP";153;28,5;"NOVA GRANADA";"Ingestão de álcool e/ou substâncias psicoativas pelo pedestre";"Tombamento";"Com Vítimas Feridas";"Pleno dia";"Crescente";"Céu Claro";"Simples";"Reta";"Não";1;0;1;0;0;0;1;1;-20,52148;-49,326782;"SPRF-SP";"DEL09-SP";"UOP01-DEL09-SP"
311800;2020-10-03;"sábado";"06:45:00";"SC";280;10;"SAO FRANCISCO DO SUL";"Animais na Pista";"Atropelamento de Animal";"Com Vítimas Feridas";"Pleno dia";"Crescente";"Céu Claro";"Simples";"Reta";"Não";1;0;0;1;0;0;1;1;-26,27887292;-48,64668626;"SPRF-SC";"DEL03-SC";"UOP03-DEL03-SC"
311801;2020-10-02;"sexta-feira";"20:40:00";"BA";116;832;"VITORIA DA CONQUISTA";"Falta de Atenção à Condução";"Queda de ocupante de veículo";"Com Vítimas Feridas";"Plena Noite";"Decrescente";"Nublado";"Simples";"Reta";"Sim";1;0;1;0;0;0;1;1;-14,93715541;-40,89094162;"SPRF-BA";"DEL08-BA";"UOP01-DEL08-BA"
311802;2020-10-03;"sábado";"04:50:00";"SC";282;138,3;"BOM RETIRO";"Ingestão de Álcool";"Colisão lateral";"Com Vítimas Feridas";"Plena Noite";"Decrescente";"Nublado";"Simples";"Declive;Curva";"Não";3;0;2;0;1;0;2;2;-27,825998;-49,575924;"SPRF-SC";"DEL05-SC";"UOP01-DEL05-SC"
311805;2020-10-03;"sábado";"06:34:00";"SC";101;133,9;"BALNEARIO CAMBORIU";"Ingestão de Álcool";"Colisão com objeto estático";"Sem Vítimas";"Pleno dia";"Decrescente";"Chuva";"Dupla";"Reta";"Não";1;0;0;0;0;1;0;1;-26,99936;-48,64609;"SPRF-SC";"DEL04-SC";"UOP03-DEL04-SC"
311806;2020-10-03;"sábado";"07:00:00";"SP";116;194;"SANTA ISABEL";"Avarias e/ou desgaste excessivo no pneu";"Queda de ocupante de veículo";"Com Vítimas Feridas";"Amanhecer";"Crescente";"Céu Claro";"Dupla";"Reta";"Não";2;0;2;0;0;0;2;1;-23,38497189;-46,26686105;"SPRF-SP";"DEL02-SP";"UOP01-DEL02-SP"