"id";"data_inversa";"dia_semana";"horario";"uf";"br";"km";"municipio";"causa_acidente";"tipo_acidente";"classificacao_acidente";"fase_dia";"sentido_via";"condicao_metereologica";"tipo_pista";"tracado_via";"uso_solo";"pessoas";"mortos";"feridos_leves";"feridos_graves";"ilesos";"ignorados";"feridos";"veiculos";"latitude";"longitude";"regional";"delegacia";"uop"
311808;2020-10-03;"sábado";"07:15:00";"MG";365;633;"UBERLANDIA";"Ingestão de Álcool";"Colisão lateral";"Sem Vítimas";"Pleno dia";"Decrescente";"Céu Claro";"Dupla";"Aclive";"Não";1;0;0;0;1;0;0;1;-18,89793861;-48,38105894;"SPRF-MG";"DEL15-MG";"UOP01-DEL15-MG"
311809;2020-10-03;"sábado";"00:50:00";"RJ";101;68;"CAMPOS DOS GOYTACAZES";"Falta de Atenção à Condução";"Queda de ocupante de veículo";"Com Vítimas Feridas";"Plena Noite";"Crescente";"Nublado";"Simples";"Reta";"Não";1;0;1;0;0;0;1;1;-21,77186768;-41,35705017;"SPRF-RJ";"DEL08-RJ";"UOP02-DEL08-RJ"
311810;2020-10-02;"sexta-feira";"17:00:00";"MG";381;249,9;"SANTANA DO PARAISO";"Desobediência às normas de trânsito pelo condutor";"Colisão transversal";"Com Vítimas Feridas";"Pleno dia";"Decrescente";"Céu Claro";"Simples";"Reta";"Não";2;0;0;1;1;0;1;2;-19,47969147;-42,54480809;"SPRF-MG";"DEL06-MG";"UOP01-DEL06-MG"
311814;2020-10-03;"sábado";"06:30:00";"RO";364;338;"JI-PARANA";"Velocidade Incompatível";"Saída de leito carroçável";"Sem Vítimas";"Pleno dia";"Decrescente";"Céu Claro";"Dupla";"Reta";"Não";3;0;0;0;0;3;0;2;-10,91683399;-61,9298606;"SPRF-RO";"DEL02-RO";"UOP01-DEL02-RO"
311816;2020-10-03;"sábado";"07:50:00";"SC";101;213,7;"PALHOCA";"Falta de Atenção à Condução";"Colisão com objeto estático";"Sem Vítimas";"Pleno dia";"Decrescente";"Nublado";"Múltipla";"Reta";"Sim";1;0;0;0;0;1;0;1;-27,64078568;-48,6677599;"SPRF-SC";"DEL01-SC";"UOP02-DEL01-SC"
311818;2020-10-03;"sábado";"08:10:00";"RN";406;128,4;"TAIPU";"Não guardar distância de segurança";"Colisão traseira";"Com Vítimas Feridas";"Pleno dia";"Decrescente";"Sol";"Simples";"Reta";"Não";2;0;1;1;0;0;2;2;-5,61798303;-35,61094912;"SPRF-RN";"DEL02-RN";"UOP01-DEL02-RN"
311819;2020-10-03;"sábado";"07:40:00";"MG";262;368,4;"JUATUBA";"Falta de Atenção à Condução";"Colisão com objeto estático";"Com Vítimas Feridas";"Pleno dia";"Crescente";"Sol";"Dupla";"Curva";"Não";1;0;0;1;0;0;1;1;-19,97239513;-44,28042402;"SPRF-MG";"DEL01-MG";"UOP03-DEL01-MG"
311820;2020-10-03;"sábado";"08:30:00";"MG";381;924,4;"ITAPEVA";"Velocidade Incompatível";"Queda de ocupante de veículo";"Com Vítimas Feridas";"Pleno dia";"Decrescente";"Sol";"Dupla";"Curva";"Não";2;0;2;0;0;0;2;1;-22,77050246;-46,23490598;"SPRF-MG";"DEL16-MG";"UOP03-DEL16-MG"
311821;2020-10-03;"sábado";"06:30:00";"SC";101;213;"PALHOCA";"Ingestão de Álcool";"Colisão com objeto estático";"Sem Vítimas";"Pleno dia";"Crescente";"Céu Claro";"Múltipla";"Reta";"Sim";1;0;0;0;0;1;0;1;-27,63697369;-48,66514142;"SPRF-SC";"DEL01-SC";"UOP02-DEL01-SC"
311823;2020-10-03;"sábado";"06:12:00";"SC";116;235,8;"CORREIA PINTO";"Velocidade Incompatível";"Colisão frontal";"Com Vítimas Feridas";"Amanhecer";"Crescente";"Nublado";"Simples";"Curva";"Não";4;0;0;4;0;0;4;2;-27,711685;-50,33625903;"SPRF-SC";"DEL05-SC";"UOP01-DEL05-SC"
311824;2020-09-27;"domingo";"20:00:00";"PE";423;103;"GARANHUNS";"Desobediência às normas de trânsito pelo condutor";"Colisão frontal";"Com Vítimas Feridas";"Plena Noite";"Crescente";"Nevoeiro/Neblina";"Simples";"Reta";"Não";3;0;2;0;1;0;2;2;-8,87451577;-36,54667007;"SPRF-PE";"DEL03-PE";"UOP01-DEL03-PE"
311825;2020-10-03;"sábado";"02:00:00";"SC";101;198,5;"BIGUACU";"Ingestão de Álcool";"Saída de leito carroçável";"Sem Vítimas";"Plena Noite";"Decrescente";"Céu Claro";"Múltipla";"Reta";"Sim";1;0;0;0;0;1;0;1;-27,52658712;-48,63506019;"SPRF-SC";"DEL01-SC";"UOP01-DEL01-SC"
311827;2020-10-03;"sábado";"07:55:00";"SP";116;91;"PINDAMONHANGABA";"Defeito Mecânico no Veículo";"Queda de ocupante de veículo";"Com Vítimas Feridas";"Pleno dia";"Crescente";"Céu Claro";"Dupla";"Reta";"Não";1;0;1;0;0;0;1;1;-22,94792286;-45,39587407;"SPRF-SP";"DEL06-SP";"UOP01-DEL06-SP"
311832;2020-10-03;"sábado";"01:05:00";"PR";277;484;"NOVA LARANJEIRAS";"Desobediência às normas de trânsito pelo condutor";"Saída de leito carroçável";"Com Vítimas Feridas";"Plena Noite";"Decrescente";"Ignorado";"Simples";"Reta";"Não";1;0;1;0;0;0;1;1;-25,25494313;-52,62545586;"SPRF-PR";"DEL04-PR";"UOP02-DEL04-PR"
311834;2020-10-03;"sábado";"09:30:00";"MG";381;489,1;"BETIM";"Desobediência às normas de trânsito pelo condutor";"Colisão com objeto estático";"Com Vítimas Feridas";"Pleno dia";"Crescente";"Céu Claro";"Múltipla";"Reta;Declive";"Sim";3;0;2;0;1;0;2;3;-19,96245618;-44,16455495;"SPRF-MG";"DEL01-MG";"UOP03-DEL01-MG"
311835;2020-10-03;"sábado";"09:35:00";"GO";414;439;"ANAPOLIS";"Desobediência às normas de trânsito pelo condutor";"Colisão transversal";"Com Vítimas Feridas";"Pleno dia";"Decrescente";"Céu Claro";"Simples";"Interseção de Vias";"Sim";2;0;1;0;1;0;1;2;-16,28128823;-48,94258908;"SPRF-GO";"DEL02-GO";"UOP01-DEL02-GO"
311836;2020-10-03;"sábado";"09:24:00";"MA";222;673;"ACAILANDIA";"Falta de Atenção à Condução";"Colisão traseira";"Sem Vítimas";"Pleno dia";"Decrescente";"Céu Claro";"Simples";"Interseção de Vias";"Sim";3;0;0;0;3;0;0;2;-4,92960481;-47,44590111;"SPRF-MA";"DEL04-MA";"UOP03-DEL04-MA"
311839;2020-10-03;"sábado";"03:00:00";"MG";381;226;"BELO ORIENTE";"Defeito Mecânico no Veículo";"Incêndio";"Sem Vítimas";"Plena Noite";"Crescente";"Céu Claro";"Simples";"Reta";"Não";1;0;0;0;1;0;0;1;-19,33012705;-42,42067894;"SPRF-MG";"DEL06-MG";"UOP01-DEL06-MG"
311840;2020-10-03;"sábado";"10:19:00";"ES";101;189,5;"ARACRUZ";"Desobediência às normas de trânsito pelo condutor";"Saída de leito carroçável";"Com Vítimas Feridas";"Pleno dia";"Crescente";"Céu Claro";"Simples";"Reta";"Não";1;0;0;1;0;0;1;1;-19,68134019;-40,27051885;"SPRF-ES";"DEL04-ES";"UOP01-DEL04-ES"
311841;2020-10-03;"sábado";"09:30:00";"RO";364;237;"CACOAL";"Falta de Atenção à Condução";"Colisão traseira";"Com Vítimas Feridas";"Pleno dia";"Decrescente";"Céu Claro";"Simples";"Reta";"Sim";3;0;2;0;1;0;2;2;-11,44341056;-61,44672787;"SPRF-RO";"DEL02-RO";"UOP02-DEL02-RO"
311843;2020-10-03;"sábado";"09:30:00";"PR";116;107;"SAO JOSE DOS PINHAIS";"Falta de Atenção à Condução";"Colisão traseira";"Com Vítimas Feridas";"Pleno dia";"Crescente";"Nublado";"Dupla";"Reta";"Não";2;0;1;0;1;0;1;2;-25,56989668;-49,18778205;"SPRF-PR";"DEL01-PR";"UOP01-DEL01-PR"
311845;2020-10-03;"sábado";"11:00:00";"SC";101;214;"PALHOCA";"Objeto estático sobre o leito carroçável";"Queda de ocupante de veículo";"Com Vítimas Feridas";"Pleno dia";"Decrescente";"Garoa/Chuvisco";"Múltipla";"Reta";"Sim";2;0;2;0;0;0;2;1;-27,64443;-48,67057;"SPRF-SC";"DEL01-SC";"UOP02-DEL01-SC"
311848;2020-10-03;"sábado";"10:55:00";"RS";386;339,6;"LAJEADO";"Condutor Dormindo";"Saída de leito carroçável";"Com Vítimas Feridas";"Pleno dia";"Crescente";"Garoa/Chuvisco";"Simples";"Curva";"Não";1;0;1;0;0;0;1;1;-29,410208;-52,029076;"SPRF-RS";"DEL04-RS";"UOP01-DEL04-RS"
311850;2020-10-03;"sábado";"10:30:00";"GO";40;5;"VALPARAISO DE GOIAS";"Desobediência às normas de trânsito pelo condutor";"Colisão lateral";"Com Vítimas Feridas";"Pleno dia";"Crescente";"Céu Claro";"Dupla";"Reta";"Sim";5;0;1;0;4;0;1;2;-16,09609876;-47,9803974;"SPRF-DF";"DEL01-DF";"UOP01-DEL01-DF"
311851;2020-10-03;"sábado";"09:50:00";"PR";116;16,9;"ANTONINA";"Velocidade Incompatível";"Saída de leito carroçável";"Com Vítimas Feridas";"Pleno dia";"Decrescente";"Garoa/Chuvisco";"Dupla";"Curva";"Não";2;0;1;0;1;0;1;1;-25,09969807;-48,692225;"SPRF-PR";"DEL01-PR";"UOP02-DEL01-PR"
311852;2020-10-03;"sábado";"10:50:00";"PR";376;598;"CURITIBA";"Falta de Atenção do Pedestre";"Atropelamento de Pedestre";"Com Vítimas Feridas";"Pleno dia";"Decrescente";"Céu Claro";"Dupla";"Reta";"Sim";2;0;0;1;0;1;1;2;-25,5188802;-49,33506947;"SPRF-PR";"DEL01-PR";"UOP01-DEL01-PR"
311853;2020-10-03;"sábado";"10:15:00";"CE";116;388,9;"ICO";"Animais na Pista";"Saída de leito carroçável";"Com Vítimas Feridas";"Pleno dia";"Decrescente";"Céu Claro";"Simples";"Aclive";"Não";2;0;2;0;0;0;2;1;-6,49348504;-38,86006083;"SPRF-CE";"DEL05-CE";"UOP01-DEL05-CE"
311854;2020-10-03;"sábado";"10:50:00";"SC";101;335,8;"TUBARAO";"Avarias e/ou desgaste excessivo no pneu";"Colisão com objeto estático";"Com Vítimas Feridas";"Pleno dia";"Crescente";"Chuva";"Dupla";"Curva";"Sim";2;0;2;0;0;0;2;1;-28,48649643;-49,03747559;"SPRF-SC";"DEL02-SC";"UOP01-DEL02-SC"
311856;2020-10-03;"sábado";"09:20:00";"SC";101;360,9;"SANGAO";"Pista Escorregadia";"Colisão com objeto estático";"Com Vítimas Feridas";"Pleno dia";"Crescente";"Chuva";"Dupla";"Curva";"Não";2;0;1;0;1;0;1;1;-28,65823109;-49,10991486;"SPRF-SC";"DEL02-SC";"UOP01-DEL02-SC"
311859;2020-10-03;"sábado";"11:50:00";"RS";290;108;"ELDORADO DO SUL";"Falta de Atenção à Condução";"Colisão traseira";"Com Vítimas Feridas";"Pleno dia";"Decrescente";"Chuva";"Dupla";"Reta";"Não";1;0;1;0;0;0;1;1;-30,006546;-51,312927;"SPRF-RS";"DEL02-RS";"UOP01-DEL02-RS"
311861;2020-10-03;"sábado";"10:45:00";"MT";174;6;"PONTES E LACERDA";"Ingestão de Álcool";"Colisão traseira";"Com Vítimas Feridas";"Pleno dia";"Crescente";"Céu Claro";"Simples";"Reta";"Sim";3;0;1;0;2;0;1;2;-15,219035;-59,352551;"SPRF-MT";"DEL03-MT";"UOP01-DEL03-MT"
311863;2020-10-03;"sábado";"11:25:00";"RN";101;108,7;"PARNAMIRIM";"Falta de Atenção à Condução";"Colisão traseira";"Com Vítimas Feridas";"Pleno dia";"Crescente";"Sol";"Dupla";"Aclive";"Sim";2;0;1;0;0;1;1;2;-5,93097383;-35,26489275;"SPRF-RN";"DEL01-RN";"UOP01-DEL01-RN"
311866;2020-10-03;"sábado";"11:45:00";"ES";101;229,5;"FUNDAO";"Desobediência às normas de trânsito pelo condutor";"Colisão lateral";"Com Vítimas Feridas";"Pleno dia";"Crescente";"Céu Claro";"Múltipla";"Reta";"Sim";2;0;1;0;1;0;1;2;-19,92727879;-40,40587142;"SPRF-ES";"DEL02-ES";"UOP01-DEL02-ES"
311868;2020-10-03;"sábado";"12:00:00";"ES";262;58,5;"MARECHAL FLORIANO";"Falta de Atenção à Condução";"Colisão transversal";"Com Vítimas Feridas";"Pleno dia";"Crescente";"Céu Claro";"Simples";"Reta";"Não";4;0;0;1;3;0;1;2;-20,42076276;-40,76927908;"SPRF-ES";"DEL01-ES";"UOP01-DEL01-ES"
311869;2020-10-03;"sábado";"12:40:00";"BA";242;811;"BARREIRAS";"Defeito Mecânico no Veículo";"Saída de leito carroçável";"Com Vítimas Feridas";"Pleno dia";"Crescente";"Céu Claro";"Simples";"Curva";"Não";1;0;1;0;0;0;1;1;-12,12324206;-45,03300803;"SPRF-BA";"DEL10-BA";"UOP01-DEL10-BA"
311872;2020-10-03;"sábado";"12:40:00";"GO";50;265;"CATALAO";"Não guardar distância de segurança";"Colisão traseira";"Sem Vítimas";"Pleno dia";"Crescente";"Céu Claro";"Dupla";"Viaduto";"Não";3;0;0;0;3;0;0;2;-18,0702;-47,8644;"SPRF-GO";"DEL06-GO";"UOP01-DEL06-GO"
311873;2020-10-03;"sábado";"12:00:00";"PE";407;116;"PETROLINA";"Desobediência às normas de trânsito pelo condutor";"Colisão traseira";"Com Vítimas Feridas";"Pleno dia";"Crescente";"Céu Claro";"Simples";"Reta";"Não";2;0;1;0;1;0;1;2;-9,30684002;-40,57793203;"SPRF-PE";"DEL06-PE";"UOP02-DEL06-PE"
311875;2020-10-03;"sábado";"13:00:00";"RJ";40;63;"PETROPOLIS";"Falta de Atenção à Condução";"Tombamento";"Com Vítimas Feridas";"Pleno dia";"Crescente";"Sol";"Dupla";"Reta";"Não";1;0;1;0;0;0;1;1;-22,41941933;-43,15410376;"SPRF-RJ";"DEL06-RJ";"UOP01-DEL06-RJ"
311876;2020-10-03;"sábado";"12:20:00";"RS";116;40;"VACARIA";"Falta de Atenção à Condução";"Colisão traseira";"Sem Vítimas";"Pleno dia";"Decrescente";"Nublado";"Simples";"Reta";"Sim";3;0;0;0;2;1;0;2;-28,521249;-50,94265;"SPRF-RS";"DEL05-RS";"UOP03-DEL05-RS"
311877;2020-10-03;"sábado";"12:20:00";"MG";365;736,3;"CANAPOLIS";"Falta de Atenção à Condução";"Colisão traseira";"Com Vítimas Feridas";"Pleno dia";"Crescente";"Céu Claro";"Simples";"Aclive";"Não";2;0;0;1;1;0;1;2;-18,90711806;-49,33563099;"SPRF-MG";"DEL15-MG";"UOP03-DEL15-MG"
311878;2020-10-03;"sábado";"13:10:00";"BA";110;317;"ALAGOINHAS";"Desobediência às normas de trânsito pelo condutor";"Colisão traseira";"Com Vítimas Feridas";"Pleno dia";"Decrescente";"Céu Claro";"Simples";"Reta";"Não";2;0;1;0;1;0;1;2;-12,04361091;-38,36082772;"SPRF-BA";"DEL01-BA";"UOP04-DEL01-BA"
311879;2020-10-03;"sábado";"12:15:00";"RS";448;15;"CANOAS";"Fenômenos da Natureza";"Colisão com objeto estático";"Com Vítimas Feridas";"Pleno dia";"Crescente";"Chuva";"Dupla";"Reta";"Sim";2;0;1;0;1;0;1;1;-29,927263;-51,217751;"SPRF-RS";"DEL01-RS";"UOP01-DEL01-RS"
311881;2020-10-03;"sábado";"12:10:00";"SC";280;125;"RIO NEGRINHO";"Falta de Atenção à Condução";"Colisão transversal";"Com Vítimas Feridas";"Pleno dia";"Crescente";"Nublado";"Simples";"Reta";"Sim";2;0;1;0;1;0;1;2;-26,23763684;-49,48434497;"SPRF-SC";"DEL06-SC";"UOP03-DEL06-SC"
311883;2020-10-03;"sábado";"13:20:00";"BA";324;615;"SALVADOR";"Falta de Atenção à Condução";"Colisão lateral";"Com Vítimas Feridas";"Pleno dia";"Decrescente";"Sol";"Dupla";"Reta";"Sim";2;0;1;0;1;0;1;2;-12,87206398;-38,42746403;"SPRF-BA";"DEL01-BA";"UOP01-DEL01-BA"
311885;2020-10-03;"sábado";"14:00:00";"SC";470;190;"POUSO REDONDO";"Velocidade Incompatível";"Colisão frontal";"Com Vítimas Feridas";"Pleno dia";"Decrescente";"Chuva";"Simples";"Curva";"Não";4;0;4;0;0;0;4;2;-27,281504;-50,069775;"SPRF-SC";"DEL04-SC";"UOP02-DEL04-SC"
311887;2020-10-03;"sábado";"13:05:00";"RO";319;57;"PORTO VELHO";"Falta de Atenção à Condução";"Colisão transversal";"Sem Vítimas";"Pleno dia";"Crescente";"Céu Claro";"Simples";"Interseção de Vias;Reta;Declive;Ponte";"Não";2;0;0;0;1;1;0;2;-8,739714;-63,93214024;"SPRF-RO";"DEL01-RO";"UOP01-DEL01-RO"
311888;2020-10-03;"sábado";"13:50:00";"RJ";116;178;"NOVA IGUACU";"Desobediência às normas de trânsito pelo pedestre";"Colisão com objeto em movimento";"Com Vítimas Feridas";"Pleno dia";"Decrescente";"Céu Claro";"Múltipla";"Reta";"Não";2;0;1;0;1;0;1;2;-22,77496393;-43,40081465;"SPRF-RJ";"DEL01-RJ";"UOP02-DEL01-RJ"
311889;2020-10-03;"sábado";"13:40:00";"BA";101;715;"EUNAPOLIS";"Falta de Atenção à Condução";"Colisão transversal";"Com Vítimas Feridas";"Pleno dia";"Decrescente";"Sol";"Simples";"Reta";"Sim";2;0;1;0;1;0;1;2;-16,348066;-39,58005;"SPRF-BA";"DEL09-BA";"UOP01-DEL09-BA"
311891;2020-10-03;"sábado";"12:30:00";"SC";101;17;"GARUVA";"Falta de Atenção à Condução";"Saída de leito carroçável";"Sem Vítimas";"Pleno dia";"Crescente";"Chuva";"Dupla";"Reta";"Não";1;0;0;0;0;1;0;1;-26,12141519;-48,88262078;"SPRF-SC";"DEL03-SC";"UOP01-DEL03-SC"
311892;2020-09-21;"segunda-feira";"13:55:00";"MG";262;474,9;"BOM DESPACHO";"Desobediência às normas de trânsito pelo condutor";"Colisão transversal";"Com Vítimas Feridas";"Pleno dia";"Crescente";"Céu Claro";"Simples";"Curva";"Não";5;0;1;0;4;0;1;3;-19,79064386;-45,19331799;"SPRF-MG";"DEL08-MG";"UOP03-DEL08-MG"
311893;2020-10-03;"sábado";"14:50:00";"MG";381;417,9;"CAETE";"Desobediência às normas de trânsito pelo condutor";"Colisão transversal";"Com Vítimas Fatais";"Pleno dia";"Decrescente";"Céu Claro";"Dupla";"Curva";"Não";2;1;1;0;0;0;1;2;-19,76425109;-43,64210754;"SPRF-MG";"DEL01-MG";"UOP01-DEL01-MG"
311897;2020-10-03;"sábado";"14:20:00";"RS";285;427,7;"PANAMBI";"Velocidade Incompatível";"Saída de leito carroçável";"Com Vítimas Feridas";"Pleno dia";"Crescente";"Nublado";"Simples";"Reta";"Não";1;0;1;0;0;0;1;1;-28,319859;-53,617477;"SPRF-RS";"DEL10-RS";"UOP01-DEL10-RS"
311900;2020-10-03;"sábado";"15:00:00";"RJ";101;269;"RIO BONITO";"Desobediência às normas de trânsito pelo condutor";"Colisão traseira";"Com Vítimas Feridas";"Pleno dia";"Decrescente";"Sol";"Dupla";"Interseção de Vias";"Não";2;0;1;0;1;0;1;2;-22,71495082;-42,67804708;"SPRF-RJ";"DEL02-RJ";"UOP03-DEL02-RJ"
311901;2020-10-03;"sábado";"15:30:00";"PR";487;142;"TUNEIRAS DO OESTE";"Velocidade Incompatível";"Saída de leito carroçável";"Com Vítimas Fatais";"Pleno dia";"Crescente";"Céu Claro";"Dupla";"Declive";"Não";5;1;2;2;0;0;4;1;-23,92183495;-52,72197998;"SPRF-PR";"DEL09-PR";"UOP03-DEL09-PR"
311903;2020-10-03;"sábado";"15:40:00";"DF";20;29;"BRASILIA";"Ingestão de Substâncias Psicoativas";"Colisão lateral";"Com Vítimas Feridas";"Pleno dia";"Crescente";"Céu Claro";"Dupla";"Reta";"Não";3;0;1;2;0;0;3;2;-15,598102;-47,612637;"SPRF-DF";"DEL02-DF";"UOP01-DEL02-DF"
311904;2020-10-03;"sábado";"15:40:00";"RN";304;40;"MOSSORO";"Falta de Atenção à Condução";"Colisão transversal";"Com Vítimas Feridas";"Pleno dia";"Crescente";"Céu Claro";"Dupla";"Reta";"Não";2;0;1;0;0;1;1;2;-5,196199;-37,3785;"SPRF-RN";"DEL04-RN";"UOP01-DEL04-RN"
311906;2020-10-03;"sábado";"14:00:00";"MT";163;829;"SINOP";"Falta de Atenção à Condução";"Saída de leito carroçável";"Com Vítimas Feridas";"Pleno dia";"Crescente";"Céu Claro";"Dupla";"Reta";"Sim";1;0;1;0;0;0;1;1;-11,9129531;-55,5085729;"SPRF-MT";"DEL06-MT";"UOP01-DEL06-MT"
311907;2020-10-03;"sábado";"16:00:00";"SP";116;274;"TABOAO DA SERRA";"Desobediência às normas de trânsito pelo condutor";"Colisão lateral";"Com Vítimas Feridas";"Pleno dia";"Decrescente";"Céu Claro";"Dupla";"Reta";"Sim";3;0;2;0;1;0;2;2;-23,63445084;-46,82418514;"SPRF-SP";"DEL04-SP";"UOP01-DEL04-SP"
311909;2020-10-03;"sábado";"15:10:00";"PB";230;511;"CAJAZEIRAS";"Desobediência às normas de trânsito pelo condutor";"Colisão transversal";"Sem Vítimas";"Pleno dia";"Crescente";"Céu Claro";"Simples";"Reta;Aclive";"Não";2;0;0;0;1;1;0;2;-6,88635;-38,614112;"SPRF-PB";"DEL03-PB";"UOP03-DEL03-PB"
311910;2020-10-03;"sábado";"15:20:00";"BA";101;258;"SANTO ANTONIO DE JESUS";"Falta de Atenção à Condução";"Colisão transversal";"Com Vítimas Feridas";"Pleno dia";"Decrescente";"Céu Claro";"Simples";"Reta";"Sim";6;0;0;2;4;0;2;2;-13,04898597;-39,28532574;"SPRF-BA";"DEL01-BA";"UOP02-DEL01-BA"
311912;2020-10-03;"sábado";"12:30:00";"RJ";101;284;"ITABORAI";"Defeito Mecânico no Veículo";"Tombamento";"Com Vítimas Feridas";"Pleno dia";"Decrescente";"Céu Claro";"Dupla";"Reta";"Não";2;0;2;0;0;0;2;1;-22,74431564;-42,80870139;"SPRF-RJ";"DEL02-RJ";"UOP03-DEL02-RJ"
311913;2020-10-03;"sábado";"13:25:00";"RJ";101;485;"ANGRA DOS REIS";"Desobediência às normas de trânsito pelo pedestre";"Atropelamento de Pedestre";"Com Vítimas Feridas";"Pleno dia";"Decrescente";"Céu Claro";"Simples";"Reta";"Sim";4;0;0;1;1;2;1;2;-22,96789657;-44,29897785;"SPRF-RJ";"DEL03-RJ";"UOP03-DEL03-RJ"
311915;2020-10-03;"sábado";"15:20:00";"BA";330;802,9;"JEQUIE";"Ultrapassagem Indevida";"Colisão frontal";"Com Vítimas Feridas";"Pleno dia";"Crescente";"Céu Claro";"Simples";"Reta";"Sim";4;0;3;1;0;0;4;2;-13,96295606;-39,96174304;"SPRF-BA";"DEL03-BA";"UOP01-DEL03-BA"
311916;2020-10-03;"sábado";"16:03:00";"SP";116;229;"SAO PAULO";"Falta de Atenção à Condução";"Queda de ocupante de veículo";"Com Vítimas Feridas";"Pleno dia";"Crescente";"Céu Claro";"Múltipla";"Reta";"Sim";2;0;1;0;0;1;1;2;-23,51291902;-46,57604698;"SPRF-SP";"DEL01-SP";"UOP01-DEL01-SP"
311917;2020-10-03;"sábado";"14:55:00";"MG";146;514,8;"POCOS DE CALDAS";"Velocidade Incompatível";"Saída de leito carroçável";"Com Vítimas Feridas";"Pleno dia";"Crescente";"Céu Claro";"Simples";"Curva;Aclive";"Não";3;0;0;3;0;0;3;1;-21,801728;-46,445579;"SPRF-MG";"DEL09-MG";"UOP01-DEL09-MG"
311918;2020-10-03;"sábado";"15:25:00";"PI";402;75;"BOM PRINCIPIO DO PIAUI";"Defeito na Via";"Colisão lateral";"Com Vítimas Feridas";"Pleno dia";"Decrescente";"Céu Claro";"Simples";"Reta";"Não";2;0;1;0;1;0;1;2;-3,09392003;-41,45549996;"SPRF-PI";"DEL05-PI";"UOP01-DEL05-PI"
311919;2020-10-03;"sábado";"16:20:00";"PR";476;116;"COLOMBO";"Não guardar distância de segurança";"Colisão lateral";"Com Vítimas Feridas";"Pleno dia";"Decrescente";"Céu Claro";"Simples";"Reta";"Sim";2;0;1;1;0;0;2;2;-25,34996;-49,16642;"SPRF-PR";"DEL01-PR";"UOP02-DEL01-PR"
311920;2020-09-02;"quarta-feira";"07:40:00";"SC";101;212;"PALHOCA";"Desobediência às normas de trânsito pelo condutor";"Colisão traseira";"Com Vítimas Feridas";"Pleno dia";"Decrescente";"Garoa/Chuvisco";"Dupla";"Reta";"Sim";3;0;0;1;2;0;1;3;-27,62996929;-48,65903871;"SPRF-SC";"DEL01-SC";"UOP02-DEL01-SC"
311921;2020-10-03;"sábado";"13:35:00";"MG";262;29,4;"REDUTO";"Defeito Mecânico no Veículo";"Colisão frontal";"Com Vítimas Fatais";"Pleno dia";"Crescente";"Sol";"Simples";"Declive";"Não";7;2;1;2;2;0;3;2;-20,247223;-41,982025;"SPRF-MG";"DEL06-MG";"UOP03-DEL06-MG"
311922;2020-10-03;"sábado";"15:30:00";"RJ";101;274;"RIO BONITO";"Defeito Mecânico no Veículo";"Tombamento";"Com Vítimas Feridas";"Pleno dia";"Crescente";"Céu Claro";"Dupla";"Reta";"Sim";2;0;2;0;0;0;2;1;-22,73506292;-42,71948103;"SPRF-RJ";"DEL02-RJ";"UOP03-DEL02-RJ"
311925;2020-10-03;"sábado";"12:40:00";"SC";282;343,8;"CAMPOS NOVOS";"Ingestão de Álcool";"Colisão traseira";"Sem Vítimas";"Pleno dia";"Crescente";"Nublado";"Simples";"Reta";"Sim";2;0;0;0;2;0;0;2;-27,387402;-51,232861;"SPRF-SC";"DEL07-SC";"UOP06-DEL07-SC"
311926;2020-10-03;"sábado";"16:45:00";"PR";116;42;"CAMPINA GRANDE DO SUL";"Velocidade Incompatível";"Capotamento";"Com Vítimas Feridas";"Pleno dia";"Crescente";"Nublado";"Dupla";"Curva";"Não";1;0;1;0;0;0;1;1;-25,17611697;-48,874256;"SPRF-PR";"DEL01-PR";"UOP02-DEL01-PR"
311927;2020-10-03;"sábado";"16:00:00";"MS";163;221;"CAARAPO";"Não guardar distância de segurança";"Colisão traseira";"Com Vítimas Feridas";"Pleno dia";"Crescente";"Céu Claro";"Simples";"Aclive";"Não";3;0;1;0;2;0;1;2;-22,53864091;-54,84563828;"SPRF-MS";"DEL04-MS";"UOP02-DEL04-MS"
311930;2020-10-03;"sábado";"11:30:00";"MG";116;706,4;"MURIAE";"Desobediência às normas de trânsito pelo condutor";"Colisão traseira";"Com Vítimas Feridas";"Pleno dia";"Decrescente";"Sol";"Simples";"Interseção de Vias";"Sim";3;0;3;0;0;0;3;2;-21,147048;-42,381522;"SPRF-MG";"DEL07-MG";"UOP02-DEL07-MG"
311931;2020-10-03;"sábado";"17:45:00";"SC";101;203;"SAO JOSE";"Desobediência às normas de trânsito pelo condutor";"Colisão com objeto estático";"Com Vítimas Feridas";"Anoitecer";"Crescente";"Chuva";"Simples";"Reta";"Sim";4;0;3;1;0;0;4;1;-27,5650044;-48,61460082;"SPRF-SC";"DEL01-SC";"UOP01-DEL01-SC"
311932;2020-10-03;"sábado";"15:45:00";"MT";163;801,4;"VERA";"Ingestão de Álcool";"Colisão lateral";"Sem Vítimas";"Pleno dia";"Decrescente";"Céu Claro";"Simples";"Reta";"Não";3;0;0;0;3;0;0;2;-12,27811493;-55,55906296;"SPRF-MT";"DEL06-MT";"UOP01-DEL06-MT"