"id";"data_inversa";"dia_semana";"horario";"uf";"br";"km";"municipio";"causa_acidente";"tipo_acidente";"classificacao_acidente";"fase_dia";"sentido_via";"condicao_metereologica";"tipo_pista";"tracado_via";"uso_solo";"pessoas";"mortos";"feridos_leves";"feridos_graves";"ilesos";"ignorados";"feridos";"veiculos";"latitude";"longitude";"regional";"delegacia";"uop"
312161;2020-10-04;"domingo";"17:00:00";"MG";381;500,5;"BETIM";"Não guardar distância de segurança";"Colisão traseira";"Com Vítimas Feridas";"Pleno dia";"Decrescente";"Nublado";"Dupla";"Reta";"Sim";6;0;1;0;4;1;1;5;-20,00710477;-44,21546459;"SPRF-MG";"DEL01-MG";"UOP03-DEL01-MG"
312162;2020-10-04;"domingo";"16:30:00";"PR";376;655,7;"TIJUCAS DO SUL";"Velocidade Incompatível";"Colisão com objeto estático";"Com Vítimas Feridas";"Pleno dia";"Crescente";"Chuva";"Dupla";"Declive;Curva";"Não";1;0;1;0;0;0;1;1;-25,84165409;-49,042472;"SPRF-PR";"DEL01-PR";"UOP04-DEL01-PR"
312163;2020-10-04;"domingo";"15:30:00";"RN";226;160,9;"CURRAIS NOVOS";"Falta de Atenção à Condução";"Queda de ocupante de veículo";"Com Vítimas Feridas";"Pleno dia";"Decrescente";"Céu Claro";"Simples";"Reta";"Não";1;0;1;0;0;0;1;1;-6,20192297;-36,39409301;"SPRF-RN";"DEL03-RN";"UOP02-DEL03-RN"
312166;2020-10-04;"domingo";"17:00:00";"GO";40;8,5;"LUZIANIA";"Defeito Mecânico no Veículo";"Saída de leito carroçável";"Sem Vítimas";"Pleno dia";"Crescente";"Sol";"Dupla";"Reta";"Sim";1;0;0;0;1;0;0;1;-16,116158;-47,96761;"SPRF-DF";"DEL01-DF";"UOP01-DEL01-DF"
312167;2020-10-04;"domingo";"17:10:00";"PR";376;306;"MAUA DA SERRA";"Defeito na Via";"Saída de leito carroçável";"Com Vítimas Feridas";"Pleno dia";"Decrescente";"Céu Claro";"Dupla";"Curva";"Não";2;0;1;0;1;0;1;1;-23,96994112;-51,11168414;"SPRF-PR";"DEL07-PR";"UOP03-DEL07-PR"
312169;2020-07-08;"quarta-feira";"09:00:00";"RO";364;710;"PORTO VELHO";"Não guardar distância de segurança";"Colisão traseira";"Com Vítimas Feridas";"Pleno dia";"Crescente";"Céu Claro";"Dupla";"Reta;Em Obras";"Sim";3;0;1;0;2;0;1;2;-8,78478113;-63,86013508;"SPRF-RO";"DEL01-RO";"UOP01-DEL01-RO"
312171;2020-10-04;"domingo";"16:55:00";"BA";367;82;"EUNAPOLIS";"Desobediência às normas de trânsito pelo condutor";"Colisão transversal";"Com Vítimas Feridas";"Pleno dia";"Decrescente";"Céu Claro";"Múltipla";"Interseção de Vias";"Sim";2;0;2;0;0;0;2;2;-16,37205962;-39,56163401;"SPRF-BA";"DEL09-BA";"UOP01-DEL09-BA"
312173;2020-10-04;"domingo";"17:10:00";"PR";376;165;"MARINGA";"Condutor Dormindo";"Colisão com objeto estático";"Com Vítimas Feridas";"Pleno dia";"Decrescente";"Sol";"Dupla";"Reta";"Não";1;0;1;0;0;0;1;1;-23,39038641;-52,01421918;"SPRF-PR";"DEL09-PR";"UOP01-DEL09-PR"
312176;2020-10-04;"domingo";"17:55:00";"PE";101;67;"RECIFE";"Falta de Atenção do Pedestre";"Atropelamento de Pedestre";"Com Vítimas Feridas";"Anoitecer";"Crescente";"Céu Claro";"Múltipla";"Reta";"Sim";2;0;1;0;0;1;1;2;-8,043283;-34,94362;"SPRF-PE";"DEL01-PE";"UOP01-DEL01-PE"
312180;2020-10-04;"domingo";"18:00:00";"RJ";393;281;"VOLTA REDONDA";"Desobediência às normas de trânsito pelo condutor";"Colisão transversal";"Com Vítimas Feridas";"Plena Noite";"Decrescente";"Céu Claro";"Simples";"Curva";"Sim";3;0;1;0;1;1;1;3;-22,473877;-44,0616075;"SPRF-RJ";"DEL05-RJ";"UOP04-DEL05-RJ"
312183;2020-10-04;"domingo";"18:20:00";"GO";50;121;"IPAMERI";"Ingestão de Álcool";"Saída de leito carroçável";"Com Vítimas Feridas";"Plena Noite";"Decrescente";"Céu Claro";"Dupla";"Reta";"Não";4;0;2;0;0;2;2;1;-16,9362;-47,7189;"SPRF-GO";"DEL06-GO";"UOP01-DEL06-GO"
312185;2020-10-04;"domingo";"17:40:00";"SC";101;17;"JOINVILLE";"Pista Escorregadia";"Saída de leito carroçável";"Com Vítimas Feridas";"Pleno dia";"Decrescente";"Chuva";"Dupla";"Curva";"Não";5;0;1;0;4;0;1;1;-26,12141519;-48,88262078;"SPRF-SC";"DEL03-SC";"UOP01-DEL03-SC"
312186;2020-10-04;"domingo";"18:10:00";"ES";101;264;"SERRA";"Defeito Mecânico no Veículo";"Colisão traseira";"Com Vítimas Feridas";"Plena Noite";"Crescente";"Céu Claro";"Múltipla";"Reta";"Sim";3;0;1;0;2;0;1;3;-20,17292791;-40,26736384;"SPRF-ES";"DEL02-ES";"UOP01-DEL02-ES"
312187;2020-10-04;"domingo";"17:00:00";"MT";163;865;"SINOP";"Falta de Atenção à Condução";"Capotamento";"Com Vítimas Feridas";"Anoitecer";"Decrescente";"Céu Claro";"Simples";"Reta";"Não";1;0;1;0;0;0;1;1;-11,60662029;-55,42899963;"SPRF-MT";"DEL06-MT";"NPF/DEL06-MT"
312188;2020-10-04;"domingo";"18:00:00";"PE";104;36,7;"CARUARU";"Desobediência às normas de trânsito pelo condutor";"Tombamento";"Com Vítimas Feridas";"Plena Noite";"Decrescente";"Céu Claro";"Dupla";"Declive";"Não";3;0;3;0;0;0;3;1;-8,052739;-36,049232;"SPRF-PE";"DEL02-PE";"UOP01-DEL02-PE"
312190;2020-10-04;"domingo";"17:50:00";"RS";285;457,9;"IJUI";"Ingestão de Álcool";"Saída de leito carroçável";"Com Vítimas Feridas";"Pleno dia";"Decrescente";"Nublado";"Simples";"Reta";"Sim";1;0;1;0;0;0;1;1;-28,40499076;-53,89927983;"SPRF-RS";"DEL10-RS";"UOP01-DEL10-RS"
312191;2020-10-04;"domingo";"17:40:00";"MG";365;767;"ITUIUTABA";"Falta de Atenção à Condução";"Queda de ocupante de veículo";"Com Vítimas Feridas";"Pleno dia";"Crescente";"Céu Claro";"Simples";"Reta";"Não";2;0;1;0;0;1;1;2;-18,96264218;-49,58255401;"SPRF-MG";"DEL15-MG";"UOP03-DEL15-MG"
312192;2020-10-04;"domingo";"17:50:00";"BA";324;608;"SIMOES FILHO";"Falta de Atenção à Condução";"Atropelamento de Pedestre";"Com Vítimas Feridas";"Anoitecer";"Decrescente";"Céu Claro";"Dupla";"Reta";"Não";2;0;1;0;0;1;1;2;-12,81182914;-38,40478762;"SPRF-BA";"DEL01-BA";"UOP01-DEL01-BA"
312193;2020-10-04;"domingo";"18:50:00";"GO";153;496;"GOIANIA";"Falta de Atenção à Condução";"Colisão lateral";"Com Vítimas Feridas";"Anoitecer";"Crescente";"Céu Claro";"Dupla";"Reta";"Sim";2;0;0;1;1;0;1;2;-16,6776;-49,2314;"SPRF-GO";"DEL01-GO";"UOP01-DEL01-GO"
312194;2020-10-04;"domingo";"18:44:00";"SP";116;41,7;"CACHOEIRA PAULISTA";"Não guardar distância de segurança";"Colisão traseira";"Com Vítimas Feridas";"Plena Noite";"Crescente";"Nublado";"Dupla";"Reta";"Não";3;0;1;0;2;0;1;2;-22,68631027;-45,0146498;"SPRF-SP";"DEL08-SP";"UOP02-DEL08-SP"
312195;2020-10-04;"domingo";"18:30:00";"PI";343;343,5;"TERESINA";"Falta de Atenção à Condução";"Colisão frontal";"Sem Vítimas";"Plena Noite";"Decrescente";"Céu Claro";"Simples";"Reta";"Sim";3;0;0;0;3;0;0;3;-5,087362;-42,757851;"SPRF-PI";"DEL01-PI";"UOP01-DEL01-PI"
312196;2020-10-04;"domingo";"18:40:00";"BA";116;315,6;"ARACI";"Desobediência às normas de trânsito pelo condutor";"Colisão frontal";"Com Vítimas Feridas";"Plena Noite";"Decrescente";"Céu Claro";"Simples";"Reta";"Não";5;0;4;1;0;0;5;2;-11,29069198;-38,93188904;"SPRF-BA";"DEL02-BA";"UOP01-DEL02-BA"
312199;2020-10-04;"domingo";"19:03:00";"DF";70;18;"BRASILIA";"Ingestão de Álcool";"Colisão traseira";"Sem Vítimas";"Plena Noite";"Decrescente";"Céu Claro";"Dupla";"Reta";"Não";2;0;0;0;2;0;0;2;-15,791093;-48,21096;"SPRF-DF";"DEL03-DF";"UOP02-DEL03-DF"
312200;2020-10-04;"domingo";"19:20:00";"PR";376;185,2;"SARANDI";"Ingestão de Substâncias Psicoativas";"Saída de leito carroçável";"Com Vítimas Feridas";"Plena Noite";"Decrescente";"Céu Claro";"Dupla";"Reta;Aclive";"Sim";5;0;3;1;1;0;4;4;-23,45147413;-51,85361808;"SPRF-PR";"DEL09-PR";"UOP01-DEL09-PR"
312201;2020-10-04;"domingo";"18:20:00";"BA";324;545;"AMELIA RODRIGUES";"Falta de Atenção à Condução";"Capotamento";"Com Vítimas Feridas";"Plena Noite";"Crescente";"Céu Claro";"Dupla";"Reta";"Não";3;0;1;1;1;0;2;1;-12,40647;-38,753143;"SPRF-BA";"DEL01-BA";"UOP03-DEL01-BA"
312202;2020-10-04;"domingo";"19:45:00";"PB";101;96;"CONDE";"Falta de Atenção à Condução";"Queda de ocupante de veículo";"Com Vítimas Feridas";"Plena Noite";"Decrescente";"Céu Claro";"Dupla";"Reta;Aclive";"Não";2;0;1;1;0;0;2;1;-7,230921;-34,921149;"SPRF-PB";"DEL01-PB";"UOP02-DEL01-PB"
312203;2020-10-04;"domingo";"19:35:00";"RJ";393;285,5;"VOLTA REDONDA";"Ingestão de Álcool";"Colisão com objeto estático";"Com Vítimas Feridas";"Plena Noite";"Decrescente";"Garoa/Chuvisco";"Simples";"Curva";"Sim";2;0;1;0;1;0;1;1;-22,481726;-44,06308602;"SPRF-RJ";"DEL05-RJ";"UOP04-DEL05-RJ"
312204;2020-10-04;"domingo";"18:30:00";"MS";163;308,6;"RIO BRILHANTE";"Falta de Atenção à Condução";"Colisão traseira";"Com Vítimas Feridas";"Anoitecer";"Decrescente";"Céu Claro";"Simples";"Curva";"Não";2;0;1;0;0;1;1;2;-21,9108809;-54,5340003;"SPRF-MS";"DEL02-MS";"UOP02-DEL02-MS"
312205;2020-10-04;"domingo";"19:35:00";"MG";381;329;"NOVA ERA";"Desobediência às normas de trânsito pelo condutor";"Colisão frontal";"Com Vítimas Feridas";"Plena Noite";"Decrescente";"Céu Claro";"Dupla";"Curva";"Não";3;0;0;3;0;0;3;2;-19,78359101;-43,0443485;"SPRF-MG";"DEL03-MG";"UOP01-DEL03-MG"
312206;2020-10-04;"domingo";"14:30:00";"MT";174;114;"MIRASSOL DOESTE";"Desobediência às normas de trânsito pelo condutor";"Colisão frontal";"Com Vítimas Feridas";"Pleno dia";"Crescente";"Céu Claro";"Simples";"Curva";"Não";2;0;2;0;0;0;2;2;-15,8232;-57,99996;"SPRF-MT";"DEL03-MT";"UOP01-DEL03-MT"
312208;2020-10-04;"domingo";"17:45:00";"MT";163;840;"SINOP";"Falta de Atenção à Condução";"Colisão com objeto estático";"Com Vítimas Feridas";"Plena Noite";"Crescente";"Céu Claro";"Dupla";"Reta";"Sim";2;0;2;0;0;0;2;1;-11,94214306;-55,51630378;"SPRF-MT";"DEL06-MT";"NPF/DEL06-MT"
312209;2020-10-04;"domingo";"18:50:00";"PR";376;247;"APUCARANA";"Animais na Pista";"Atropelamento de Animal";"Com Vítimas Feridas";"Plena Noite";"Decrescente";"Céu Claro";"Dupla";"Reta";"Não";2;0;2;0;0;0;2;1;-23,6165621;-51,39617026;"SPRF-PR";"DEL07-PR";"UOP03-DEL07-PR"
312210;2020-10-04;"domingo";"18:40:00";"PB";230;152;"CAMPINA GRANDE";"Ingestão de Álcool";"Colisão frontal";"Com Vítimas Feridas";"Plena Noite";"Decrescente";"Céu Claro";"Simples";"Reta";"Sim";2;0;1;0;0;1;1;2;-7,2688;-35,8837;"SPRF-PB";"DEL02-PB";"UOP01-DEL02-PB"
312213;2020-10-04;"domingo";"19:45:00";"PA";163;1002;"SANTAREM";"Desobediência às normas de trânsito pelo condutor";"Colisão transversal";"Com Vítimas Feridas";"Plena Noite";"Crescente";"Céu Claro";"Simples";"Reta";"Sim";2;0;1;0;1;0;1;2;-2,45044834;-54,72985268;"SPRF-PA";"DEL05-PA";"UOP01-DEL05-PA"
312214;2020-10-04;"domingo";"18:20:00";"RS";116;244,5;"SAO LEOPOLDO";"Falta de Atenção do Pedestre";"Atropelamento de Pedestre";"Com Vítimas Fatais";"Plena Noite";"Decrescente";"Nublado";"Múltipla";"Reta";"Sim";8;1;3;0;4;0;3;3;-29,74088003;-51,15039566;"SPRF-RS";"DEL01-RS";"UOP02-DEL01-RS"
312216;2020-10-03;"sábado";"01:15:00";"MS";163;178,5;"JUTI";"Falta de Atenção à Condução";"Saída de leito carroçável";"Sem Vítimas";"Plena Noite";"Decrescente";"Céu Claro";"Simples";"Reta";"Não";1;0;0;0;0;1;0;1;-22,8457226;-54,66458372;"SPRF-MS";"DEL09-MS";"UOP01-DEL09-MS"
312217;2020-10-04;"domingo";"20:15:00";"RN";101;85;"NATAL";"Velocidade Incompatível";"Colisão lateral";"Sem Vítimas";"Plena Noite";"Decrescente";"Céu Claro";"Dupla";"Declive";"Sim";2;0;0;0;1;1;0;2;-5,777664;-35,24937;"SPRF-RN";"DEL02-RN";"UOP01-DEL02-RN"
312218;2020-10-04;"domingo";"19:00:00";"AP";210;105;"PORTO GRANDE";"Desobediência às normas de trânsito pelo condutor";"Colisão frontal";"Com Vítimas Feridas";"Plena Noite";"Decrescente";"Céu Claro";"Simples";"Reta";"Sim";6;0;1;0;5;0;1;2;0,70239423;-51,40504681;"SPRF-AP";"DEL01-AP";"UOP01-DEL01-AP"
312219;2020-10-04;"domingo";"20:30:00";"SC";101;193;"BIGUACU";"Ingestão de Álcool";"Tombamento";"Sem Vítimas";"Plena Noite";"Crescente";"Chuva";"Simples";"Reta";"Sim";1;0;0;0;0;1;0;1;-27,489574;-48,655914;"SPRF-SC";"DEL01-SC";"UOP01-DEL01-SC"
312222;2020-10-04;"domingo";"20:20:00";"PB";101;12,3;"MAMANGUAPE";"Desobediência às normas de trânsito pelo condutor";"Colisão transversal";"Com Vítimas Feridas";"Plena Noite";"Crescente";"Céu Claro";"Dupla";"Declive";"Sim";2;0;0;1;1;0;1;2;-6,60110408;-35,14339905;"SPRF-PB";"DEL01-PB";"UOP04-DEL01-PB"
312223;2020-10-04;"domingo";"20:10:00";"ES";482;68,4;"ALEGRE";"Ingestão de Álcool";"Colisão frontal";"Com Vítimas Feridas";"Plena Noite";"Decrescente";"Nublado";"Simples";"Curva";"Não";2;0;0;1;1;0;1;2;-20,77527535;-41,42225712;"SPRF-ES";"DEL03-ES";"UOP02-DEL03-ES"
312224;2020-10-04;"domingo";"21:00:00";"GO";153;501;"GOIANIA";"Falta de Atenção à Condução";"Colisão lateral";"Com Vítimas Feridas";"Plena Noite";"Crescente";"Céu Claro";"Dupla";"Reta";"Sim";2;0;1;0;1;0;1;2;-16,7189;-49,2382;"SPRF-GO";"DEL01-GO";"UOP01-DEL01-GO"
312226;2020-10-04;"domingo";"20:15:00";"MT";70;8;"BARRA DO GARCAS";"Falta de Atenção à Condução";"Colisão lateral";"Com Vítimas Feridas";"Plena Noite";"Crescente";"Céu Claro";"Simples";"Reta";"Sim";2;0;0;1;1;0;1;2;-15,87825854;-52,325823;"SPRF-MT";"DEL07-MT";"UOP01-DEL07-MT"
312227;2020-10-04;"domingo";"15:50:00";"MG";459;97;"POUSO ALEGRE";"Desobediência às normas de trânsito pelo condutor";"Colisão frontal";"Com Vítimas Fatais";"Pleno dia";"Crescente";"Céu Claro";"Simples";"Reta";"Não";6;1;1;0;2;2;1;4;-22,202055;-45,960964;"SPRF-MG";"DEL09-MG";"UOP01-DEL09-MG"
312228;2020-10-04;"domingo";"20:35:00";"PE";423;95,9;"GARANHUNS";"Falta de Atenção à Condução";"Capotamento";"Com Vítimas Feridas";"Plena Noite";"Decrescente";"Céu Claro";"Simples";"Reta";"Sim";1;0;0;1;0;0;1;1;-8,87891989;-36,47796305;"SPRF-PE";"DEL03-PE";"UOP01-DEL03-PE"
312229;2020-10-04;"domingo";"21:10:00";"PR";369;151,2;"LONDRINA";"Ingestão de Álcool";"Colisão traseira";"Com Vítimas Feridas";"Plena Noite";"Crescente";"Céu Claro";"Dupla";"Aclive";"Sim";2;0;1;0;0;1;1;2;-23,29267772;-51,17273927;"SPRF-PR";"DEL07-PR";"UOP01-DEL07-PR"
312231;2020-10-04;"domingo";"21:20:00";"MG";116;704,5;"MURIAE";"Desobediência às normas de trânsito pelo condutor";"Colisão transversal";"Com Vítimas Feridas";"Plena Noite";"Decrescente";"Nublado";"Simples";"Interseção de Vias";"Sim";3;0;2;0;0;1;2;2;-21,1247;-42,38131;"SPRF-MG";"DEL07-MG";"UOP02-DEL07-MG"
312232;2020-10-04;"domingo";"21:30:00";"ES";101;146,7;"LINHARES";"Falta de Atenção à Condução";"Colisão transversal";"Com Vítimas Feridas";"Plena Noite";"Crescente";"Céu Claro";"Simples";"Interseção de Vias";"Sim";3;0;2;1;0;0;3;2;-19,37546159;-40,06645387;"SPRF-ES";"DEL04-ES";"UOP01-DEL04-ES"
312234;2020-10-04;"domingo";"20:20:00";"RJ";465;20;"NOVA IGUACU";"Defeito na Via";"Colisão frontal";"Com Vítimas Feridas";"Plena Noite";"Crescente";"Nublado";"Simples";"Reta";"Sim";3;0;2;0;1;0;2;2;-22,846828;-43,605339;"SPRF-RJ";"DEL03-RJ";"UOP01-DEL03-RJ"
312235;2020-10-04;"domingo";"20:30:00";"RS";116;452,1;"SAO LOURENCO DO SUL";"Pista Escorregadia";"Saída de leito carroçável";"Com Vítimas Fatais";"Plena Noite";"Crescente";"Chuva";"Dupla";"Reta";"Não";1;1;0;0;0;0;0;1;-31,21427515;-52,01780939;"SPRF-RS";"DEL02-RS";"UOP02-DEL02-RS"
312237;2020-10-04;"domingo";"18:30:00";"PB";405;51,2;"MARIZOPOLIS";"Desobediência às normas de trânsito pelo condutor";"Colisão frontal";"Com Vítimas Feridas";"Plena Noite";"Crescente";"Céu Claro";"Simples";"Aclive";"Não";2;0;0;1;0;1;1;2;-6,845705;-38,364094;"SPRF-PB";"DEL03-PB";"UOP03-DEL03-PB"
312238;2020-10-04;"domingo";"21:15:00";"CE";222;23,6;"CAUCAIA";"Condutor Dormindo";"Saída de leito carroçável";"Sem Vítimas";"Plena Noite";"Crescente";"Céu Claro";"Simples";"Em Obras;Reta";"Sim";1;0;0;0;0;1;0;1;-3,73178984;-38,75974197;"SPRF-CE";"DEL01-CE";"UOP01-DEL01-CE"
312239;2020-10-04;"domingo";"20:05:00";"GO";50;161,4;"CAMPO ALEGRE DE GOIAS";"Falta de Atenção à Condução";"Capotamento";"Sem Vítimas";"Pleno dia";"Crescente";"Céu Claro";"Dupla";"Reta";"Não";3;0;0;0;3;0;0;1;-17,263;-47,7694;"SPRF-GO";"DEL06-GO";"UOP01-DEL06-GO"
312240;2020-10-04;"domingo";"20:30:00";"MS";163;247,5;"DOURADOS";"Ingestão de Álcool";"Tombamento";"Com Vítimas Feridas";"Plena Noite";"Crescente";"Céu Claro";"Simples";"Rotatória";"Não";1;0;1;0;0;0;1;1;-22,32962422;-54,81650244;"SPRF-MS";"DEL04-MS";"UOP01-DEL04-MS"
312242;2020-10-04;"domingo";"19:15:00";"RS";116;438;"CRISTAL";"Ingestão de álcool e/ou substâncias psicoativas pelo pedestre";"Saída de leito carroçável";"Sem Vítimas";"Plena Noite";"Decrescente";"Chuva";"Simples";"Em Obras;Desvio Temporário";"Não";1;0;0;0;1;0;0;1;-31,08593108;-52,0386202;"SPRF-RS";"DEL02-RS";"UOP02-DEL02-RS"
312243;2020-10-04;"domingo";"19:40:00";"RJ";465;20;"RIO DE JANEIRO";"Falta de Atenção à Condução";"Colisão lateral";"Com Vítimas Feridas";"Plena Noite";"Crescente";"Nublado";"Simples";"Viaduto";"Sim";2;0;1;0;1;0;1;2;-22,846828;-43,605339;"SPRF-RJ";"DEL03-RJ";"UOP01-DEL03-RJ"
312245;2020-10-04;"domingo";"16:50:00";"BA";420;229,1;"LAJE";"Desobediência às normas de trânsito pelo condutor";"Tombamento";"Com Vítimas Feridas";"Pleno dia";"Decrescente";"Céu Claro";"Simples";"Reta";"Não";5;0;2;0;3;0;2;2;-13,16488617;-39,33031097;"SPRF-BA";"DEL01-BA";"UOP02-DEL01-BA"
312246;2020-10-04;"domingo";"09:30:00";"RS";285;111;"VACARIA";"Velocidade Incompatível";"Capotamento";"Com Vítimas Feridas";"Pleno dia";"Decrescente";"Nublado";"Simples";"Reta";"Não";4;0;1;0;3;0;1;1;-28,51087;-50,848324;"SPRF-RS";"DEL05-RS";"UOP03-DEL05-RS"
312247;2020-10-04;"domingo";"19:30:00";"RJ";40;87;"PETROPOLIS";"Falta de Atenção à Condução";"Colisão com objeto estático";"Sem Vítimas";"Plena Noite";"Crescente";"Chuva";"Simples";"Curva";"Não";1;0;0;0;1;0;0;1;-22,54413793;-43,23287799;"SPRF-RJ";"DEL06-RJ";"UOP01-DEL06-RJ"
312248;2020-10-04;"domingo";"21:40:00";"PE";116;24,1;"SALGUEIRO";"Restrição de Visibilidade";"Saída de leito carroçável";"Com Vítimas Feridas";"Plena Noite";"Decrescente";"Céu Claro";"Simples";"Reta";"Não";1;0;1;0;0;0;1;1;-8,052562;-39,13718;"SPRF-PE";"DEL05-PE";"UOP01-DEL05-PE"
312249;2020-10-04;"domingo";"19:30:00";"RJ";101;443;"MANGARATIBA";"Pista Escorregadia";"Capotamento";"Com Vítimas Feridas";"Plena Noite";"Crescente";"Chuva";"Simples";"Curva";"Não";1;0;1;0;0;0;1;1;-22,98107919;-44,08441596;"SPRF-RJ";"DEL03-RJ";"UOP03-DEL03-RJ"
312251;2020-10-04;"domingo";"22:10:00";"GO";60;103;"GOIANAPOLIS";"Deficiência ou não Acionamento do Sistema de Iluminação/Sinalização do Veículo";"Colisão traseira";"Com Vítimas Feridas";"Plena Noite";"Crescente";"Céu Claro";"Dupla";"Reta";"Não";2;0;1;0;1;0;1;2;-16,4098;-48,9913;"SPRF-GO";"DEL02-GO";"UOP01-DEL02-GO"
312253;2020-10-04;"domingo";"19:45:00";"BA";330;832,2;"IPIAU";"Falta de Atenção à Condução";"Queda de ocupante de veículo";"Com Vítimas Fatais";"Plena Noite";"Crescente";"Céu Claro";"Simples";"Curva";"Não";1;1;0;0;0;0;0;1;-14,09666535;-39,77898612;"SPRF-BA";"DEL03-BA";"UOP01-DEL03-BA"
312255;2020-10-04;"domingo";"22:45:00";"MG";116;539,6;"SANTA RITA DE MINAS";"Falta de Atenção à Condução";"Colisão traseira";"Com Vítimas Feridas";"Plena Noite";"Decrescente";"Céu Claro";"Simples";"Reta";"Sim";2;0;0;1;0;1;1;2;-19,88240027;-42,13242591;"SPRF-MG";"DEL06-MG";"UOP02-DEL06-MG"
312256;2020-10-04;"domingo";"22:30:00";"RJ";116;142;"DUQUE DE CAXIAS";"Falta de Atenção à Condução";"Colisão com objeto estático";"Com Vítimas Feridas";"Plena Noite";"Crescente";"Nublado";"Dupla";"Reta";"Sim";1;0;1;0;0;0;1;1;-22,64876087;-43,23031638;"SPRF-RJ";"DEL01-RJ";"UOP01-DEL01-RJ"
312257;2020-10-04;"domingo";"22:30:00";"BA";324;614;"SALVADOR";"Desobediência às normas de trânsito pelo condutor";"Colisão lateral";"Com Vítimas Feridas";"Plena Noite";"Decrescente";"Céu Claro";"Simples";"Reta";"Não";4;0;1;0;2;1;1;2;-12,8719524;-38,4282972;"SPRF-BA";"DEL01-BA";"UOP01-DEL01-BA"
312258;2020-10-04;"domingo";"21:30:00";"ES";101;17;"PEDRO CANARIO";"Velocidade Incompatível";"Tombamento";"Com Vítimas Feridas";"Plena Noite";"Decrescente";"Nublado";"Múltipla";"Curva;Aclive";"Não";1;0;1;0;0;0;1;1;-18,30705804;-39,95727392;"SPRF-ES";"DEL04-ES";"UOP02-DEL04-ES"
312260;2020-10-04;"domingo";"22:00:00";"RJ";101;72;"CAMPOS DOS GOYTACAZES";"Ingestão de Álcool";"Atropelamento de Pedestre";"Com Vítimas Feridas";"Plena Noite";"Crescente";"Garoa/Chuvisco";"Simples";"Reta";"Não";2;0;1;0;0;1;1;2;-21,79172802;-41,38837798;"SPRF-RJ";"DEL08-RJ";"UOP02-DEL08-RJ"
312262;2020-10-04;"domingo";"22:50:00";"SE";235;3;"NOSSA SENHORA DO SOCORRO";"Animais na Pista";"Atropelamento de Animal";"Sem Vítimas";"Plena Noite";"Decrescente";"Céu Claro";"Dupla";"Reta";"Sim";1;0;0;0;1;0;0;1;-10,9059;-37,111;"SPRF-SE";"DEL01-SE";"UOP01-DEL01-SE"
312264;2020-10-04;"domingo";"19:00:00";"MA";222;581;"BOM JESUS DAS SELVAS";"Ingestão de Álcool";"Colisão frontal";"Com Vítimas Feridas";"Plena Noite";"Crescente";"Céu Claro";"Simples";"Reta";"Não";2;0;2;0;0;0;2;2;-4,46675101;-46,85431193;"SPRF-MA";"DEL04-MA";"UOP03-DEL04-MA"
312265;2020-10-04;"domingo";"10:30:00";"GO";153;678;"ITUMBIARA";"Falta de Atenção à Condução";"Colisão traseira";"Com Vítimas Feridas";"Plena Noite";"Crescente";"Céu Claro";"Dupla";"Declive";"Não";3;0;3;0;0;0;3;1;-18,1972436;-49,28335369;"SPRF-GO";"DEL03-GO";"UOP02-DEL03-GO"
312266;2020-10-04;"domingo";"22:00:00";"GO";153;499;"GOIANIA";"Ingestão de Álcool";"Saída de leito carroçável";"Sem Vítimas";"Plena Noite";"Crescente";"Céu Claro";"Dupla";"Reta";"Sim";1;0;0;0;1;0;0;1;-16,7033;-49,2311;"SPRF-GO";"DEL01-GO";"UOP01-DEL01-GO"
312267;2020-10-04;"domingo";"22:45:00";"RO";364;363;"JI-PARANA";"Falta de Atenção à Condução";"Colisão frontal";"Sem Vítimas";"Plena Noite";"Crescente";"Ignorado";"Simples";"Reta";"Não";2;0;0;0;2;0;0;2;-10,77534003;-62,083405;"SPRF-RO";"DEL02-RO";"UOP01-DEL02-RO"
312268;2020-10-04;"domingo";"23:40:00";"PR";116;14;"CAMPINA GRANDE DO SUL";"Falta de Atenção à Condução";"Saída de leito carroçável";"Com Vítimas Feridas";"Plena Noite";"Crescente";"Chuva";"Dupla";"Curva";"Não";4;0;2;0;2;0;2;1;-25,09836429;-48,67391969;"SPRF-PR";"DEL01-PR";"UOP02-DEL01-PR"
312270;2020-10-04;"domingo";"23:10:00";"AP";210;2;"MACAPA";"Ingestão de Álcool";"Colisão traseira";"Sem Vítimas";"Plena Noite";"Crescente";"Céu Claro";"Múltipla";"Reta";"Sim";2;0;0;0;2;0;0;2;0,08282017;-51,07776189;"SPRF-AP";"DEL01-AP";"UOP01-DEL01-AP"
312272;2020-10-05;"segunda-feira";"01:00:00";"RS";470;226;"GARIBALDI";"Velocidade Incompatível";"Colisão frontal";"Com Vítimas Feridas";"Plena Noite";"Crescente";"Céu Claro";"Simples";"Curva";"Sim";2;0;2;0;0;0;2;1;-29,21657705;-51,51722624;"SPRF-RS";"DEL06-RS";"UOP01-DEL06-RS"
312273;2020-10-04;"domingo";"19:00:00";"RJ";101;198;"CASIMIRO DE ABREU";"Velocidade Incompatível";"Capotamento";"Com Vítimas Feridas";"Plena Noite";"Crescente";"Chuva";"Múltipla";"Curva";"Não";1;0;1;0;0;0;1;1;-22,49157993;-42,12771201;"SPRF-RJ";"DEL08-RJ";"UOP04-DEL08-RJ"