"id";"data_inversa";"dia_semana";"horario";"uf";"br";"km";"municipio";"causa_acidente";"tipo_acidente";"classificacao_acidente";"fase_dia";"sentido_via";"condicao_metereologica";"tipo_pista";"tracado_via";"uso_solo";"pessoas";"mortos";"feridos_leves";"feridos_graves";"ilesos";"ignorados";"feridos";"veiculos";"latitude";"longitude";"regional";"delegacia";"uop"
312274;2020-10-05;"segunda-feira";"00:20:00";"SC";282;340,5;"CAMPOS NOVOS";"Velocidade Incompatível";"Saída de leito carroçável";"Com Vítimas Feridas";"Plena Noite";"Decrescente";"Céu Claro";"Simples";"Reta";"Sim";1;0;1;0;0;0;1;1;-27,388266;-51,203793;"SPRF-SC";"DEL07-SC";"UOP06-DEL07-SC"
312281;2020-10-04;"domingo";"18:20:00";"CE";20;416;"MARACANAU";"Ingestão de Álcool";"Colisão traseira";"Sem Vítimas";"Plena Noite";"Crescente";"Nublado";"Dupla";"Reta";"Não";2;0;0;0;2;0;0;2;-3,831863;-38,617092;"SPRF-CE";"DEL01-CE";"UOP02-DEL01-CE"
312284;2020-10-05;"segunda-feira";"03:20:00";"ES";101;77,8;"SAO MATEUS";"Condutor Dormindo";"Saída de leito carroçável";"Com Vítimas Feridas";"Plena Noite";"Decrescente";"Céu Claro";"Simples";"Declive";"Não";1;0;1;0;0;0;1;1;-18,79952506;-39,89017092;"SPRF-ES";"DEL04-ES";"UOP02-DEL04-ES"
312285;2020-10-05;"segunda-feira";"00:55:00";"RO";364;711;"PORTO VELHO";"Falta de Atenção à Condução";"Colisão com objeto estático";"Com Vítimas Feridas";"Plena Noite";"Crescente";"Céu Claro";"Múltipla";"Rotatória";"Sim";1;0;0;1;0;0;1;1;-8,77747773;-63,87207127;"SPRF-RO";"DEL01-RO";"UOP01-DEL01-RO"
312286;2020-10-04;"domingo";"23:50:00";"SC";116;251,5;"LAGES";"Falta de Atenção do Pedestre";"Atropelamento de Pedestre";"Com Vítimas Fatais";"Plena Noite";"Decrescente";"Nublado";"Simples";"Reta";"Não";2;1;1;0;0;0;1;2;-27,84939758;-50,380404;"SPRF-SC";"DEL05-SC";"UOP02-DEL05-SC"
312288;2020-10-05;"segunda-feira";"04:00:00";"PR";376;176,1;"MARINGA";"Desobediência às normas de trânsito pelo condutor";"Colisão lateral";"Com Vítimas Feridas";"Plena Noite";"Decrescente";"Céu Claro";"Dupla";"Interseção de Vias";"Sim";2;0;1;0;1;0;1;2;-23,41089474;-51,93955411;"SPRF-PR";"DEL09-PR";"UOP01-DEL09-PR"
312289;2020-10-05;"segunda-feira";"04:40:00";"MG";381;505,8;"BETIM";"Falta de Atenção à Condução";"Tombamento";"Com Vítimas Feridas";"Amanhecer";"Crescente";"Céu Claro";"Dupla";"Reta;Declive";"Sim";1;0;1;0;0;0;1;1;-20,04478441;-44,27276484;"SPRF-MG";"DEL01-MG";"UOP03-DEL01-MG"
312290;2020-10-05;"segunda-feira";"02:30:00";"MS";262;164,2;"RIBAS DO RIO PARDO";"Ingestão de Álcool";"Colisão lateral";"Sem Vítimas";"Plena Noite";"Decrescente";"Céu Claro";"Simples";"Reta";"Não";5;0;0;0;5;0;0;2;-20,44432999;-53,062449;"SPRF-MS";"DEL07-MS";"UOP02-DEL07-MS"
312292;2020-10-04;"domingo";"23:30:00";"GO";414;261;"NIQUELANDIA";"Ingestão de Álcool";"Colisão lateral";"Sem Vítimas";"Pleno dia";"Crescente";"Céu Claro";"Simples";"Reta";"Não";4;0;0;0;3;1;0;3;-14,92054291;-48,65166916;"SPRF-GO";"DEL07-GO";"UOP02-DEL07-GO"
312293;2020-10-05;"segunda-feira";"04:35:00";"PE";232;182,2;"BELO JARDIM";"Falta de Atenção à Condução";"Queda de ocupante de veículo";"Com Vítimas Feridas";"Amanhecer";"Decrescente";"Nublado";"Simples";"Reta";"Não";2;0;2;0;0;0;2;1;-8,34804728;-36,44664994;"SPRF-PE";"DEL02-PE";"UOP03-DEL02-PE"
312294;2020-10-05;"segunda-feira";"04:30:00";"PE";232;182,2;"BELO JARDIM";"Animais na Pista";"Atropelamento de Pedestre";"Com Vítimas Feridas";"Plena Noite";"Decrescente";"Nublado";"Simples";"Reta";"Não";1;0;1;0;0;0;1;1;-8,34804728;-36,44664994;"SPRF-PE";"DEL02-PE";"UOP03-DEL02-PE"
312295;2020-10-05;"segunda-feira";"06:00:00";"MG";381;493;"BETIM";"Falta de Atenção à Condução";"Colisão transversal";"Com Vítimas Feridas";"Pleno dia";"Decrescente";"Céu Claro";"Dupla";"Reta";"Sim";3;0;2;0;1;0;2;2;-19,97670801;-44,19962698;"SPRF-MG";"DEL01-MG";"UOP03-DEL01-MG"
312297;2020-10-05;"segunda-feira";"05:20:00";"RO";364;699;"PORTO VELHO";"Falta de Atenção à Condução";"Saída de leito carroçável";"Com Vítimas Feridas";"Amanhecer";"Decrescente";"Céu Claro";"Dupla";"Reta";"Não";1;0;0;1;0;0;1;1;-8,8009079;-63,75794291;"SPRF-RO";"DEL01-RO";"UOP01-DEL01-RO"
312298;2020-10-05;"segunda-feira";"06:25:00";"GO";60;185;"TRINDADE";"Agressão Externa";"Capotamento";"Com Vítimas Feridas";"Pleno dia";"Decrescente";"Céu Claro";"Dupla";"Reta";"Não";2;0;1;0;1;0;1;1;-16,7956;-49,51;"SPRF-GO";"DEL01-GO";"UOP02-DEL01-GO"
312299;2020-10-05;"segunda-feira";"06:20:00";"PB";101;81;"BAYEUX";"Falta de Atenção à Condução";"Queda de ocupante de veículo";"Com Vítimas Feridas";"Pleno dia";"Crescente";"Nublado";"Dupla";"Reta";"Não";2;0;0;1;0;1;1;1;-7,12508575;-34,94513217;"SPRF-PB";"DEL01-PB";"UOP01-DEL01-PB"
312300;2020-10-05;"segunda-feira";"05:40:00";"DF";20;31,2;"BRASILIA";"Animais na Pista";"Atropelamento de Animal";"Sem Vítimas";"Amanhecer";"Decrescente";"Céu Claro";"Dupla";"Reta";"Não";1;0;0;0;1;0;0;1;-15,592531;-47,594936;"SPRF-DF";"DEL02-DF";"UOP01-DEL02-DF"
312301;2020-10-05;"segunda-feira";"06:35:00";"DF";20;22;"BRASILIA";"Falta de Atenção à Condução";"Colisão traseira";"Sem Vítimas";"Pleno dia";"Decrescente";"Céu Claro";"Dupla";"Reta";"Sim";1;0;0;0;1;0;0;1;-15,59834;-47,676186;"SPRF-DF";"DEL02-DF";"UOP01-DEL02-DF"
312302;2020-10-05;"segunda-feira";"05:40:00";"MS";60;413,2;"SIDROLANDIA";"Desobediência às normas de trânsito pelo condutor";"Colisão frontal";"Com Vítimas Fatais";"Amanhecer";"Crescente";"Céu Claro";"Simples";"Aclive";"Não";2;1;0;1;0;0;1;2;-20,89277606;-54,85654998;"SPRF-MS";"DEL01-MS";"UOP04-DEL01-MS"
312303;2020-10-05;"segunda-feira";"06:10:00";"MG";365;625;"UBERLANDIA";"Não guardar distância de segurança";"Colisão lateral";"Com Vítimas Feridas";"Amanhecer";"Decrescente";"Céu Claro";"Múltipla";"Reta";"Sim";3;0;0;1;1;1;1;3;-18,90684475;-48,31839681;"SPRF-MG";"DEL15-MG";"UOP01-DEL15-MG"
312305;2020-10-05;"segunda-feira";"07:08:00";"DF";70;7,4;"BRASILIA";"Não guardar distância de segurança";"Colisão traseira";"Com Vítimas Feridas";"Pleno dia";"Decrescente";"Sol";"Dupla";"Reta";"Sim";3;0;1;0;1;1;1;3;-15,787601;-48,114429;"SPRF-DF";"DEL03-DF";"UOP02-DEL03-DF"
312307;2020-10-05;"segunda-feira";"07:00:00";"DF";70;9;"BRASILIA";"Falta de Atenção à Condução";"Colisão transversal";"Com Vítimas Feridas";"Pleno dia";"Decrescente";"Céu Claro";"Dupla";"Reta";"Sim";3;0;1;0;2;0;1;3;-15,784615;-48,132023;"SPRF-DF";"DEL03-DF";"UOP02-DEL03-DF"
312308;2020-10-05;"segunda-feira";"06:50:00";"ES";101;0,5;"SERRA";"Falta de Atenção à Condução";"Tombamento";"Com Vítimas Feridas";"Pleno dia";"Decrescente";"Sol";"Múltipla";"Reta";"Sim";1;0;1;0;0;0;1;1;-20,129093;-40,308125;"SPRF-ES";"DEL02-ES";"UOP01-DEL02-ES"
312309;2020-10-05;"segunda-feira";"07:10:00";"SC";470;45;"BLUMENAU";"Defeito na Via";"Tombamento";"Com Vítimas Feridas";"Pleno dia";"Decrescente";"Nublado";"Simples";"Interseção de Vias";"Não";1;0;1;0;0;0;1;1;-26,859823;-49,055393;"SPRF-SC";"DEL04-SC";"UOP01-DEL04-SC"
312310;2020-09-26;"sábado";"23:40:00";"PR";369;120,3;"JATAIZINHO";"Ingestão de Álcool";"Saída de leito carroçável";"Com Vítimas Feridas";"Plena Noite";"Crescente";"Céu Claro";"Simples";"Curva";"Não";1;0;0;1;0;0;1;1;-23,284524;-50,902077;"SPRF-PR";"DEL07-PR";"UOP01-DEL07-PR"
312311;2020-10-05;"segunda-feira";"01:30:00";"RO";364;710;"PORTO VELHO";"Falta de Atenção à Condução";"Saída de leito carroçável";"Sem Vítimas";"Plena Noite";"Decrescente";"Céu Claro";"Simples";"Reta";"Sim";1;0;0;0;1;0;0;1;-8,78621576;-63,85712687;"SPRF-RO";"DEL01-RO";"UOP01-DEL01-RO"
312313;2020-10-05;"segunda-feira";"07:00:00";"RS";386;362;"BOM RETIRO DO SUL";"Desobediência às normas de trânsito pelo condutor";"Colisão traseira";"Com Vítimas Feridas";"Pleno dia";"Crescente";"Céu Claro";"Dupla";"Reta";"Não";2;0;2;0;0;0;2;2;-29,5585635;-51,88887835;"SPRF-RS";"DEL04-RS";"UOP02-DEL04-RS"
312315;2020-10-05;"segunda-feira";"07:40:00";"PR";277;80;"CURITIBA";"Não guardar distância de segurança";"Colisão traseira";"Com Vítimas Feridas";"Pleno dia";"Crescente";"Céu Claro";"Dupla";"Reta";"Sim";3;0;2;0;1;0;2;2;-25,4634937;-49,2175414;"SPRF-PR";"DEL01-PR";"UOP01-DEL01-PR"
312316;2020-10-05;"segunda-feira";"06:30:00";"ES";262;29;"VIANA";"Velocidade Incompatível";"Colisão com objeto estático";"Sem Vítimas";"Pleno dia";"Decrescente";"Chuva";"Simples";"Ponte";"Não";1;0;0;0;1;0;0;1;-20,37585099;-40,56027297;"SPRF-ES";"DEL01-ES";"UOP01-DEL01-ES"
312317;2020-10-05;"segunda-feira";"07:30:00";"PE";428;187,7;"PETROLINA";"Falta de Atenção à Condução";"Colisão transversal";"Com Vítimas Feridas";"Pleno dia";"Crescente";"Céu Claro";"Simples";"Reta";"Sim";2;0;0;1;1;0;1;2;-9,372531;-40,487074;"SPRF-PE";"DEL06-PE";"UOP01-DEL06-PE"
312319;2020-10-05;"segunda-feira";"06:54:00";"RJ";116;220,8;"PIRAI";"Mal Súbito";"Queda de ocupante de veículo";"Com Vítimas Feridas";"Pleno dia";"Crescente";"Céu Claro";"Dupla";"Reta";"Não";1;0;0;1;0;0;1;1;-22,69305776;-43,77362606;"SPRF-RJ";"DEL07-RJ";"UOP01-DEL07-RJ"
312322;2020-10-05;"segunda-feira";"08:00:00";"PB";101;82;"SANTA RITA";"Falta de Atenção à Condução";"Tombamento";"Com Vítimas Feridas";"Pleno dia";"Decrescente";"Garoa/Chuvisco";"Dupla";"Reta";"Sim";1;0;1;0;0;0;1;1;-7,12911;-34,93714;"SPRF-PB";"DEL01-PB";"UOP01-DEL01-PB"
312324;2020-10-04;"domingo";"11:50:00";"SC";101;100,9;"BALNEARIO PICARRAS";"Falta de Atenção à Condução";"Saída de leito carroçável";"Sem Vítimas";"Plena Noite";"Crescente";"Garoa/Chuvisco";"Dupla";"Declive";"Sim";1;0;0;0;1;0;0;1;-26,75482787;-48,68993675;"SPRF-SC";"DEL03-SC";"UOP02-DEL03-SC"
312325;2020-10-05;"segunda-feira";"07:30:00";"SC";101;216,5;"PALHOCA";"Falta de Atenção à Condução";"Colisão traseira";"Com Vítimas Feridas";"Pleno dia";"Decrescente";"Chuva";"Dupla";"Viaduto";"Não";2;0;1;0;1;0;1;2;-27,65981409;-48,67747798;"SPRF-SC";"DEL01-SC";"UOP02-DEL01-SC"
312328;2020-09-25;"sexta-feira";"07:15:00";"PR";369;154;"LONDRINA";"Não guardar distância de segurança";"Queda de ocupante de veículo";"Com Vítimas Feridas";"Pleno dia";"Crescente";"Céu Claro";"Múltipla";"Reta";"Sim";2;0;0;1;0;1;1;2;-23,29740329;-51,19964182;"SPRF-PR";"DEL07-PR";"UOP01-DEL07-PR"
312329;2020-10-05;"segunda-feira";"08:08:00";"PR";469;17,8;"FOZ DO IGUACU";"Condutor Dormindo";"Colisão com objeto estático";"Com Vítimas Fatais";"Pleno dia";"Decrescente";"Céu Claro";"Simples";"Reta";"Não";1;1;0;0;0;0;0;1;-25,5906;-54,5172;"SPRF-PR";"DEL05-PR";"UOP04-DEL05-PR"
312330;2020-10-05;"segunda-feira";"07:00:00";"GO";60;96;"ANAPOLIS";"Falta de Atenção à Condução";"Colisão traseira";"Com Vítimas Feridas";"Pleno dia";"Crescente";"Céu Claro";"Dupla";"Reta";"Sim";2;0;1;0;1;0;1;2;-16,371;-48,9422;"SPRF-GO";"DEL02-GO";"UOP01-DEL02-GO"
312331;2020-08-26;"quarta-feira";"15:00:00";"MG";381;887;"ESTIVA";"Desobediência às normas de trânsito pelo condutor";"Colisão transversal";"Com Vítimas Feridas";"Pleno dia";"Crescente";"Céu Claro";"Simples";"Interseção de Vias";"Sim";2;0;0;1;1;0;1;2;-22,51908924;-46,02241885;"SPRF-MG";"DEL16-MG";"UOP03-DEL16-MG"
312332;2020-10-05;"segunda-feira";"05:00:00";"PB";230;472,9;"SOUSA";"Deficiência ou não Acionamento do Sistema de Iluminação/Sinalização do Veículo";"Colisão traseira";"Com Vítimas Fatais";"Amanhecer";"Decrescente";"Céu Claro";"Simples";"Reta";"Não";2;1;0;0;1;0;0;2;-6,817;-38,312;"SPRF-PB";"DEL03-PB";"UOP03-DEL03-PB"
312333;2020-10-05;"segunda-feira";"08:20:00";"SE";101;30,5;"MURIBECA";"Falta de Atenção à Condução";"Colisão transversal";"Com Vítimas Feridas";"Pleno dia";"Crescente";"Sol";"Simples";"Reta";"Não";3;0;1;0;1;1;1;3;-10,44544806;-36,93657784;"SPRF-SE";"DEL02-SE";"UOP02-DEL02-SE"
312334;2020-09-03;"quinta-feira";"17:40:00";"MG";381;168;"GOVERNADOR VALADARES";"Desobediência às normas de trânsito pelo condutor";"Colisão frontal";"Com Vítimas Feridas";"Pleno dia";"Crescente";"Céu Claro";"Simples";"Reta";"Não";3;0;1;0;1;1;1;2;-18,9170194;-41,9410507;"SPRF-MG";"DEL06-MG";"UOP01-DEL06-MG"
312335;2020-08-28;"sexta-feira";"08:12:00";"BA";101;440;"UBAITABA";"Avarias e/ou desgaste excessivo no pneu";"Saída de leito carroçável";"Com Vítimas Feridas";"Pleno dia";"Decrescente";"Céu Claro";"Simples";"Reta";"Não";1;0;0;1;0;0;1;1;-14,27987046;-39,3266505;"SPRF-BA";"DEL05-BA";"UOP01-DEL05-BA"
312336;2020-10-05;"segunda-feira";"08:53:00";"PR";277;597,9;"CASCAVEL";"Avarias e/ou desgaste excessivo no pneu";"Tombamento";"Com Vítimas Feridas";"Pleno dia";"Crescente";"Céu Claro";"Dupla";"Reta";"Não";1;0;1;0;0;0;1;1;-24,99513602;-53,51418998;"SPRF-PR";"DEL04-PR";"UOP01-DEL04-PR"
312339;2020-09-27;"domingo";"17:15:00";"AL";101;92,1;"RIO LARGO";"Falta de Atenção à Condução";"Queda de ocupante de veículo";"Com Vítimas Feridas";"Pleno dia";"Crescente";"Céu Claro";"Simples";"Em Obras";"Não";2;0;1;1;0;0;2;1;-9,50397895;-35,91844603;"SPRF-AL";"DEL01-AL";"UOP01-DEL01-AL"
312340;2020-10-05;"segunda-feira";"09:25:00";"SC";101;191;"BIGUACU";"Velocidade Incompatível";"Saída de leito carroçável";"Com Vítimas Feridas";"Pleno dia";"Crescente";"Chuva";"Dupla";"Curva";"Não";1;0;1;0;0;0;1;1;-27,47730273;-48,64127329;"SPRF-SC";"DEL01-SC";"UOP01-DEL01-SC"
312341;2020-10-04;"domingo";"01:50:00";"RJ";101;406;"ITAGUAI";"Falta de Atenção à Condução";"Colisão com objeto estático";"Com Vítimas Feridas";"Plena Noite";"Crescente";"Garoa/Chuvisco";"Dupla";"Reta";"Sim";1;0;1;0;0;0;1;1;-22,87188798;-43,80896322;"SPRF-RJ";"DEL03-RJ";"UOP01-DEL03-RJ"
312342;2020-10-05;"segunda-feira";"09:15:00";"PB";101;83;"BAYEUX";"Não guardar distância de segurança";"Engavetamento";"Com Vítimas Feridas";"Pleno dia";"Decrescente";"Céu Claro";"Simples";"Viaduto";"Sim";5;0;1;0;4;0;1;4;-7,1315344;-34,93236803;"SPRF-PB";"DEL01-PB";"UOP01-DEL01-PB"
312343;2020-10-05;"segunda-feira";"06:25:00";"MS";163;473,9;"CAMPO GRANDE";"Defeito Mecânico no Veículo";"Tombamento";"Com Vítimas Feridas";"Pleno dia";"Crescente";"Céu Claro";"Simples";"Declive";"Não";1;0;1;0;0;0;1;1;-20,53459008;-54,56411122;"SPRF-MS";"DEL01-MS";"UOP01-DEL01-MS"
312345;2020-10-05;"segunda-feira";"08:00:00";"CE";222;298;"TIANGUA";"Pista Escorregadia";"Queda de ocupante de veículo";"Com Vítimas Feridas";"Pleno dia";"Crescente";"Céu Claro";"Simples";"Curva";"Não";2;0;1;0;1;0;1;1;-3,64932547;-40,93050957;"SPRF-CE";"DEL04-CE";"UOP02-DEL04-CE"
312346;2020-10-05;"segunda-feira";"08:45:00";"PB";101;105,8;"ALHANDRA";"Velocidade Incompatível";"Colisão com objeto estático";"Com Vítimas Feridas";"Pleno dia";"Crescente";"Chuva";"Dupla";"Curva";"Não";1;0;1;0;0;0;1;1;-7,30814609;-34,94344185;"SPRF-PB";"DEL01-PB";"UOP02-DEL01-PB"
312348;2020-10-05;"segunda-feira";"08:55:00";"TO";226;27;"PALMEIRAS DO TOCANTINS";"Falta de Atenção à Condução";"Saída de leito carroçável";"Sem Vítimas";"Pleno dia";"Decrescente";"Céu Claro";"Simples";"Reta";"Não";1;0;0;0;1;0;0;1;-6,643788;-47,675686;"SPRF-TO";"DEL02-TO";"UOP03-DEL02-TO"
312349;2020-10-05;"segunda-feira";"09:20:00";"SC";101;138;"BALNEARIO CAMBORIU";"Falta de Atenção à Condução";"Colisão com objeto estático";"Com Vítimas Feridas";"Pleno dia";"Decrescente";"Chuva";"Dupla";"Reta";"Sim";1;0;1;0;0;0;1;1;-27,02397426;-48,60761649;"SPRF-SC";"DEL04-SC";"UOP03-DEL04-SC"
312350;2020-10-05;"segunda-feira";"10:00:00";"RJ";101;493;"ANGRA DOS REIS";"Falta de Atenção à Condução";"Queda de ocupante de veículo";"Com Vítimas Feridas";"Pleno dia";"Crescente";"Céu Claro";"Simples";"Reta";"Não";1;0;1;0;0;0;1;1;-22,94347299;-44,32449731;"SPRF-RJ";"DEL03-RJ";"UOP03-DEL03-RJ"
312351;2020-10-05;"segunda-feira";"07:30:00";"MG";40;510;"RIBEIRAO DAS NEVES";"Falta de Atenção à Condução";"Colisão lateral";"Com Vítimas Feridas";"Pleno dia";"Crescente";"Céu Claro";"Dupla";"Reta";"Sim";7;0;5;0;2;0;5;2;-19,77521664;-44,12333444;"SPRF-MG";"DEL01-MG";"UOP02-DEL01-MG"
312352;2020-10-05;"segunda-feira";"08:45:00";"PR";376;252;"CALIFORNIA";"Falta de Atenção à Condução";"Saída de leito carroçável";"Com Vítimas Feridas";"Pleno dia";"Crescente";"Céu Claro";"Dupla";"Curva";"Não";1;0;1;0;0;0;1;1;-23,62511;-51,38234;"SPRF-PR";"DEL07-PR";"UOP03-DEL07-PR"
312353;2020-10-05;"segunda-feira";"10:30:00";"SC";101;192;"BIGUACU";"Defeito Mecânico no Veículo";"Colisão com objeto estático";"Com Vítimas Feridas";"Pleno dia";"Crescente";"Garoa/Chuvisco";"Dupla";"Curva";"Sim";1;0;1;0;0;0;1;1;-27,48443781;-48,64765238;"SPRF-SC";"DEL01-SC";"UOP01-DEL01-SC"
312354;2020-10-05;"segunda-feira";"10:10:00";"PE";101;94;"CABO DE SANTO AGOSTINHO";"Desobediência às normas de trânsito pelo condutor";"Colisão traseira";"Com Vítimas Feridas";"Pleno dia";"Crescente";"Nublado";"Dupla";"Reta";"Não";3;0;2;0;1;0;2;2;-8,24829064;-35,00697936;"SPRF-PE";"DEL01-PE";"UOP03-DEL01-PE"
312355;2020-10-05;"segunda-feira";"08:15:00";"SP";116;143,6;"SAO JOSE DOS CAMPOS";"Falta de Atenção à Condução";"Colisão traseira";"Sem Vítimas";"Pleno dia";"Crescente";"Céu Claro";"Múltipla";"Reta";"Sim";2;0;0;0;2;0;0;2;-23,17954061;-45,84034681;"SPRF-SP";"DEL02-SP";"UOP01-DEL02-SP"
312356;2020-10-05;"segunda-feira";"07:40:00";"SC";470;141,3;"RIO DO SUL";"Falta de Atenção à Condução";"Tombamento";"Com Vítimas Feridas";"Pleno dia";"Decrescente";"Nublado";"Simples";"Curva";"Sim";1;0;0;1;0;0;1;1;-27,21055658;-49,65164781;"SPRF-SC";"DEL04-SC";"UOP02-DEL04-SC"
312357;2020-10-05;"segunda-feira";"11:00:00";"ES";101;264,5;"SERRA";"Falta de Atenção à Condução";"Colisão traseira";"Com Vítimas Feridas";"Pleno dia";"Decrescente";"Sol";"Dupla";"Reta";"Sim";3;0;0;1;2;0;1;3;-20,17292791;-40,26736384;"SPRF-ES";"DEL02-ES";"UOP01-DEL02-ES"
312359;2020-10-05;"segunda-feira";"11:05:00";"GO";20;180;"ALVORADA DO NORTE";"Defeito Mecânico no Veículo";"Colisão transversal";"Com Vítimas Feridas";"Pleno dia";"Decrescente";"Céu Claro";"Simples";"Interseção de Vias";"Sim";4;0;0;1;3;0;1;2;-14,477743;-46,492165;"SPRF-DF";"DEL02-DF";"UOP03-DEL02-DF"
312363;2020-10-05;"segunda-feira";"10:25:00";"RN";304;294;"MACAIBA";"Não guardar distância de segurança";"Colisão traseira";"Com Vítimas Feridas";"Pleno dia";"Crescente";"Nublado";"Simples";"Reta";"Não";3;0;1;0;2;0;1;2;-5,86604318;-35,35775011;"SPRF-RN";"DEL01-RN";"UOP02-DEL01-RN"
312364;2020-10-05;"segunda-feira";"08:30:00";"BA";110;35;"SANTA BRIGIDA";"Ingestão de Álcool";"Colisão traseira";"Com Vítimas Feridas";"Pleno dia";"Crescente";"Céu Claro";"Simples";"Reta";"Não";5;0;1;1;3;0;2;2;-9,76196196;-38,2464172;"SPRF-BA";"DEL07-BA";"UOP01-DEL07-BA"
312365;2020-10-05;"segunda-feira";"11:40:00";"RJ";101;293;"ITABORAI";"Falta de Atenção à Condução";"Colisão traseira";"Com Vítimas Feridas";"Pleno dia";"Decrescente";"Céu Claro";"Dupla";"Reta";"Sim";1;0;1;0;0;0;1;1;-22,756203;-42,88724;"SPRF-RJ";"DEL02-RJ";"UOP02-DEL02-RJ"
312366;2020-09-19;"sábado";"22:30:00";"GO";153;439,7;"ANAPOLIS";"Falta de Atenção à Condução";"Colisão traseira";"Sem Vítimas";"Plena Noite";"Crescente";"Céu Claro";"Dupla";"Reta;Aclive";"Sim";2;0;0;0;2;0;0;2;-16,298529;-48,928207;"SPRF-GO";"DEL02-GO";"UOP01-DEL02-GO"
312367;2020-10-05;"segunda-feira";"09:30:00";"RJ";40;115;"DUQUE DE CAXIAS";"Desobediência às normas de trânsito pelo condutor";"Colisão traseira";"Com Vítimas Feridas";"Pleno dia";"Crescente";"Céu Claro";"Múltipla";"Reta";"Não";6;0;5;0;1;0;5;2;-22,72756999;-43,2891609;"SPRF-RJ";"DEL01-RJ";"UOP01-DEL01-RJ"
312368;2020-10-05;"segunda-feira";"10:20:00";"RJ";116;210;"SEROPEDICA";"Condutor Dormindo";"Saída de leito carroçável";"Com Vítimas Feridas";"Pleno dia";"Decrescente";"Céu Claro";"Dupla";"Reta";"Não";1;0;1;0;0;0;1;1;-22,71981759;-43,69099294;"SPRF-RJ";"DEL01-RJ";"UOP03-DEL01-RJ"
312369;2020-10-05;"segunda-feira";"13:15:00";"SE";101;191,2;"CRISTINAPOLIS";"Defeito Mecânico no Veículo";"Saída de leito carroçável";"Com Vítimas Feridas";"Pleno dia";"Decrescente";"Céu Claro";"Simples";"Reta";"Não";4;0;4;0;0;0;4;1;-11,42866951;-37,72175703;"SPRF-SE";"DEL02-SE";"UOP03-DEL02-SE"
312371;2020-10-05;"segunda-feira";"13:30:00";"RS";468;102,7;"TRES PASSOS";"Desobediência às normas de trânsito pelo condutor";"Colisão transversal";"Com Vítimas Feridas";"Pleno dia";"Decrescente";"Sol";"Simples";"Interseção de Vias";"Não";2;0;1;0;1;0;1;2;-27,46424742;-53,93279601;"SPRF-RS";"DEL08-RS";"UOP02-DEL08-RS"
312372;2020-10-05;"segunda-feira";"13:30:00";"SP";101;51;"UBATUBA";"Desobediência às normas de trânsito pelo condutor";"Colisão transversal";"Com Vítimas Feridas";"Pleno dia";"Crescente";"Nublado";"Simples";"Reta";"Sim";3;0;1;0;2;0;1;2;-23,45942769;-45,06778479;"SPRF-SP";"DEL06-SP";"UOP01-DEL06-SP"
312373;2020-10-05;"segunda-feira";"12:50:00";"ES";101;269,1;"SERRA";"Desobediência às normas de trânsito pelo condutor";"Colisão traseira";"Com Vítimas Feridas";"Pleno dia";"Crescente";"Sol";"Múltipla";"Interseção de Vias";"Não";2;0;1;0;1;0;1;2;-20,21740496;-40,26990578;"SPRF-ES";"DEL02-ES";"UOP01-DEL02-ES"
312375;2020-08-19;"quarta-feira";"06:30:00";"PA";230;111;"MARABA";"Falta de Atenção à Condução";"Tombamento";"Com Vítimas Feridas";"Amanhecer";"Decrescente";"Ignorado";"Simples";"Reta";"Sim";1;0;0;1;0;0;1;1;-5,36780485;-49,05397881;"SPRF-PA";"DEL03-PA";"UOP01-DEL03-PA"
312378;2020-10-05;"segunda-feira";"13:00:00";"ES";259;59;"COLATINA";"Defeito Mecânico no Veículo";"Saída de leito carroçável";"Com Vítimas Feridas";"Pleno dia";"Crescente";"Sol";"Múltipla";"Declive";"Não";2;0;1;0;0;1;1;1;-19,52125411;-40,66594194;"SPRF-ES";"DEL02-ES";"UOP01-DEL02-ES"
312379;2020-10-05;"segunda-feira";"14:20:00";"RS";101;79,2;"OSORIO";"Mal Súbito";"Saída de leito carroçável";"Com Vítimas Feridas";"Pleno dia";"Crescente";"Nublado";"Dupla";"Reta";"Sim";2;0;1;1;0;0;2;1;-29,81836971;-50,24552545;"SPRF-RS";"DEL03-RS";"UOP01-DEL03-RS"
312380;2020-10-05;"segunda-feira";"13:00:00";"RJ";116;258;"VOLTA REDONDA";"Desobediência às normas de trânsito pelo condutor";"Tombamento";"Com Vítimas Feridas";"Pleno dia";"Decrescente";"Céu Claro";"Dupla";"Reta";"Não";1;0;1;0;0;0;1;1;-22,59023931;-44,0826416;"SPRF-RJ";"DEL07-RJ";"UOP02-DEL07-RJ"
312381;2020-10-05;"segunda-feira";"14:48:00";"PR";476;125;"CURITIBA";"Não guardar distância de segurança";"Colisão traseira";"Com Vítimas Feridas";"Pleno dia";"Decrescente";"Sol";"Dupla";"Reta";"Sim";2;0;1;0;1;0;1;2;-25,408513;-49,2193228;"SPRF-PR";"DEL01-PR";"UOP03-DEL01-PR"