"id";"data_inversa";"dia_semana";"horario";"uf";"br";"km";"municipio";"causa_acidente";"tipo_acidente";"classificacao_acidente";"fase_dia";"sentido_via";"condicao_metereologica";"tipo_pista";"tracado_via";"uso_solo";"pessoas";"mortos";"feridos_leves";"feridos_graves";"ilesos";"ignorados";"feridos";"veiculos";"latitude";"longitude";"regional";"delegacia";"uop"
312497;2020-10-06;"terça-feira";"06:30:00";"PE";101;65;"RECIFE";"Falta de Atenção à Condução";"Colisão lateral";"Com Vítimas Feridas";"Pleno dia";"Decrescente";"Céu Claro";"Dupla";"Reta";"Sim";3;0;2;0;1;0;2;2;-8,02478597;-34,94276635;"SPRF-PE";"DEL01-PE";"UOP01-DEL01-PE"
312498;2020-10-06;"terça-feira";"07:15:00";"RN";304;102,9;"PARNAMIRIM";"Falta de Atenção à Condução";"Colisão traseira";"Com Vítimas Feridas";"Pleno dia";"Crescente";"Céu Claro";"Múltipla";"Em Obras;Reta";"Sim";3;0;1;0;1;1;1;3;-5,889812;-35,246782;"SPRF-RN";"DEL04-RN";"UOP01-DEL04-RN"
312499;2020-10-06;"terça-feira";"06:20:00";"BA";101;666;"ITAPEBI";"Desobediência às normas de trânsito pelo condutor";"Colisão lateral";"Com Vítimas Feridas";"Amanhecer";"Decrescente";"Céu Claro";"Simples";"Curva";"Não";2;0;2;0;0;0;2;1;-15,9666104;-39,55627441;"SPRF-BA";"DEL09-BA";"UOP01-DEL09-BA"
312500;2020-10-06;"terça-feira";"06:00:00";"MG";267;31;"ARGIRITA";"Velocidade Incompatível";"Capotamento";"Com Vítimas Feridas";"Pleno dia";"Decrescente";"Céu Claro";"Simples";"Curva";"Não";2;0;2;0;0;0;2;1;-21,63594597;-42,83380808;"SPRF-MG";"DEL07-MG";"UOP01-DEL07-MG"
312502;2020-10-06;"terça-feira";"06:40:00";"RN";101;99,6;"NATAL";"Falta de Atenção à Condução";"Colisão transversal";"Com Vítimas Feridas";"Pleno dia";"Crescente";"Sol";"Dupla";"Reta";"Sim";3;0;1;1;1;0;2;2;-5,87552526;-35,22257566;"SPRF-RN";"DEL01-RN";"UOP01-DEL01-RN"
312505;2020-10-06;"terça-feira";"07:30:00";"PE";104;23;"TAQUARITINGA DO NORTE";"Desobediência às normas de trânsito pelo condutor";"Colisão frontal";"Com Vítimas Feridas";"Pleno dia";"Decrescente";"Céu Claro";"Simples";"Reta";"Não";3;0;1;0;2;0;1;3;-7,97182;-36,109932;"SPRF-PE";"DEL02-PE";"UOP01-DEL02-PE"
312506;2020-10-06;"terça-feira";"08:00:00";"RN";101;109;"PARNAMIRIM";"Falta de Atenção à Condução";"Colisão lateral";"Com Vítimas Feridas";"Pleno dia";"Decrescente";"Céu Claro";"Dupla";"Reta";"Não";2;0;0;1;1;0;1;2;-5,937378;-35,26483;"SPRF-RN";"DEL01-RN";"UOP01-DEL01-RN"
312508;2020-10-06;"terça-feira";"07:30:00";"PB";230;26,9;"JOAO PESSOA";"Desobediência às normas de trânsito pelo condutor";"Engavetamento";"Sem Vítimas";"Pleno dia";"Crescente";"Céu Claro";"Dupla";"Reta";"Sim";4;0;0;0;4;0;0;4;-7,16670007;-34,8873728;"SPRF-PB";"DEL01-PB";"UOP01-DEL01-PB"
312510;2020-10-06;"terça-feira";"07:35:00";"MG";381;479;"CONTAGEM";"Não guardar distância de segurança";"Colisão traseira";"Com Vítimas Feridas";"Pleno dia";"Decrescente";"Céu Claro";"Múltipla";"Reta";"Sim";3;0;1;0;2;0;1;3;-19,95889605;-44,069202;"SPRF-MG";"DEL01-MG";"UOP03-DEL01-MG"
312511;2020-10-06;"terça-feira";"07:51:00";"RS";116;521;"PELOTAS";"Desobediência às normas de trânsito pelo condutor";"Colisão transversal";"Com Vítimas Feridas";"Pleno dia";"Crescente";"Céu Claro";"Dupla";"Reta";"Não";2;0;0;1;1;0;1;2;-31,70752405;-52,36800695;"SPRF-RS";"DEL07-RS";"UOP01-DEL07-RS"
312512;2020-10-06;"terça-feira";"08:00:00";"PI";343;344,7;"TERESINA";"Desobediência às normas de trânsito pelo condutor";"Colisão lateral";"Com Vítimas Feridas";"Pleno dia";"Decrescente";"Céu Claro";"Simples";"Reta";"Sim";2;0;1;0;1;0;1;2;-5,094729;-42,762775;"SPRF-PI";"DEL01-PI";"UOP01-DEL01-PI"
312513;2020-10-06;"terça-feira";"08:35:00";"SC";101;212,8;"PALHOCA";"Desobediência às normas de trânsito pelo condutor";"Colisão lateral";"Com Vítimas Feridas";"Pleno dia";"Decrescente";"Nublado";"Múltipla";"Reta";"Sim";3;0;1;1;1;0;2;3;-27,62996929;-48,65903871;"SPRF-SC";"DEL01-SC";"UOP02-DEL01-SC"
312515;2020-10-06;"terça-feira";"07:10:00";"PI";316;2,8;"TERESINA";"Objeto estático sobre o leito carroçável";"Engavetamento";"Com Vítimas Feridas";"Pleno dia";"Decrescente";"Céu Claro";"Múltipla";"Reta";"Sim";4;0;1;0;2;1;1;4;-5,13266;-42,790951;"SPRF-PI";"DEL01-PI";"UOP02-DEL01-PI"
312517;2020-08-22;"sábado";"22:15:00";"RJ";101;408;"ITAGUAI";"Falta de Atenção à Condução";"Capotamento";"Com Vítimas Feridas";"Plena Noite";"Crescente";"Chuva";"Dupla";"Reta";"Sim";4;0;0;2;1;1;2;2;-22,88461671;-43,83179069;"SPRF-RJ";"DEL03-RJ";"UOP01-DEL03-RJ"
312518;2020-10-06;"terça-feira";"08:25:00";"SE";235;3,5;"NOSSA SENHORA DO SOCORRO";"Falta de Atenção à Condução";"Colisão traseira";"Com Vítimas Feridas";"Pleno dia";"Decrescente";"Céu Claro";"Dupla";"Reta";"Sim";2;0;1;0;1;0;1;2;-10,9059;-37,111;"SPRF-SE";"DEL01-SE";"UOP01-DEL01-SE"
312519;2020-09-07;"segunda-feira";"16:00:00";"PA";316;110;"SANTA MARIA DO PARA";"Falta de Atenção à Condução";"Colisão traseira";"Com Vítimas Feridas";"Pleno dia";"Decrescente";"Nublado";"Simples";"Reta";"Não";3;0;1;0;2;0;1;2;-1,32235116;-47,52052288;"SPRF-PA";"DEL01-PA";"UOP02-DEL01-PA"
312520;2020-10-06;"terça-feira";"08:40:00";"CE";20;298,7;"CANINDE";"Defeito Mecânico no Veículo";"Queda de ocupante de veículo";"Com Vítimas Feridas";"Pleno dia";"Crescente";"Céu Claro";"Simples";"Curva";"Não";2;0;2;0;0;0;2;1;-4,43136;-39,33224;"SPRF-CE";"DEL02-CE";"UOP01-DEL02-CE"
312521;2020-10-06;"terça-feira";"08:55:00";"RS";116;257,9;"ESTEIO";"Falta de Atenção à Condução";"Colisão lateral";"Com Vítimas Feridas";"Pleno dia";"Crescente";"Céu Claro";"Dupla";"Interseção de Vias";"Sim";2;0;1;0;1;0;1;2;-29,85262195;-51,17968329;"SPRF-RS";"DEL01-RS";"UOP02-DEL01-RS"
312522;2020-10-06;"terça-feira";"08:50:00";"RJ";101;486;"ANGRA DOS REIS";"Não guardar distância de segurança";"Colisão traseira";"Sem Vítimas";"Pleno dia";"Decrescente";"Céu Claro";"Simples";"Reta";"Sim";2;0;0;0;2;0;0;2;-22,97708786;-44,29634653;"SPRF-RJ";"DEL03-RJ";"UOP03-DEL03-RJ"
312523;2020-10-06;"terça-feira";"09:00:00";"SC";101;142;"BALNEARIO CAMBORIU";"Falta de Atenção à Condução";"Colisão lateral";"Com Vítimas Feridas";"Pleno dia";"Crescente";"Nublado";"Dupla";"Curva";"Sim";2;0;1;0;1;0;1;2;-27,056089;-48,599449;"SPRF-SC";"DEL04-SC";"UOP03-DEL04-SC"
312524;2020-10-06;"terça-feira";"09:10:00";"PB";230;377;"CONDADO";"Não guardar distância de segurança";"Colisão traseira";"Sem Vítimas";"Pleno dia";"Crescente";"Céu Claro";"Simples";"Curva";"Não";6;0;0;0;6;0;0;2;-6,9121;-37,6094;"SPRF-PB";"DEL03-PB";"UOP02-DEL03-PB"
312527;2020-10-06;"terça-feira";"07:50:00";"PR";476;118;"COLOMBO";"Falta de Atenção à Condução";"Colisão com objeto em movimento";"Com Vítimas Feridas";"Pleno dia";"Decrescente";"Céu Claro";"Dupla";"Reta";"Sim";2;0;2;0;0;0;2;2;-25,35634;-49,180828;"SPRF-PR";"DEL01-PR";"UOP02-DEL01-PR"
312528;2020-10-06;"terça-feira";"09:55:00";"SC";101;202,4;"SAO JOSE";"Falta de Atenção à Condução";"Colisão lateral";"Com Vítimas Feridas";"Pleno dia";"Crescente";"Nublado";"Dupla";"Reta";"Sim";2;0;1;0;1;0;1;2;-27,55711595;-48,61897889;"SPRF-SC";"DEL01-SC";"UOP01-DEL01-SC"
312529;2020-06-23;"terça-feira";"19:00:00";"PR";163;277;"QUATRO PONTES";"Falta de Atenção à Condução";"Queda de ocupante de veículo";"Com Vítimas Feridas";"Plena Noite";"Crescente";"Céu Claro";"Simples";"Em Obras";"Não";1;0;0;1;0;0;1;1;-24,60653919;-53,97359506;"SPRF-PR";"DEL06-PR";"UOP02-DEL06-PR"
312530;2020-10-06;"terça-feira";"07:40:00";"RR";174;511;"BOA VISTA";"Desobediência às normas de trânsito pelo condutor";"Colisão transversal";"Com Vítimas Feridas";"Pleno dia";"Decrescente";"Céu Claro";"Simples";"Reta";"Não";3;0;1;0;0;2;1;3;2,861408;-60,69804;"SPRF-RR";"DEL01-RR";"UOP01-DEL01-RR"
312532;2020-10-06;"terça-feira";"08:30:00";"SP";381;89;"GUARULHOS";"Falta de Atenção à Condução";"Tombamento";"Com Vítimas Feridas";"Pleno dia";"Crescente";"Sol";"Múltipla";"Reta";"Sim";1;0;0;1;0;0;1;1;-23,49065387;-46,55954656;"SPRF-SP";"DEL03-SP";"UOP01-DEL03-SP"
312533;2020-10-06;"terça-feira";"10:00:00";"SP";116;282;"EMBU DAS ARTES";"Desobediência às normas de trânsito pelo condutor";"Colisão traseira";"Com Vítimas Feridas";"Pleno dia";"Decrescente";"Céu Claro";"Dupla";"Reta";"Sim";2;0;1;0;1;0;1;2;-23,66303915;-46,8532455;"SPRF-SP";"DEL04-SP";"UOP01-DEL04-SP"
312534;2020-10-06;"terça-feira";"10:35:00";"ES";101;292,1;"CARIACICA";"Mal Súbito";"Queda de ocupante de veículo";"Com Vítimas Feridas";"Pleno dia";"Decrescente";"Céu Claro";"Dupla";"Reta";"Sim";1;0;1;0;0;0;1;1;-20,30650512;-40,39488717;"SPRF-ES";"DEL01-ES";"UOP01-DEL01-ES"
312536;2020-10-06;"terça-feira";"09:30:00";"MT";364;272,5;"JACIARA";"Falta de Atenção à Condução";"Colisão transversal";"Com Vítimas Feridas";"Pleno dia";"Decrescente";"Céu Claro";"Dupla";"Reta";"Não";2;0;0;2;0;0;2;2;-15,96667987;-54,96121981;"SPRF-MT";"DEL02-MT";"UOP01-DEL02-MT"
312537;2020-10-06;"terça-feira";"10:16:00";"SP";381;66;"MAIRIPORA";"Ingestão de Álcool";"Colisão traseira";"Sem Vítimas";"Pleno dia";"Crescente";"Céu Claro";"Dupla";"Reta";"Sim";2;0;0;0;2;0;0;2;-23,32451103;-46,58021504;"SPRF-SP";"DEL03-SP";"UOP01-DEL03-SP"
312538;2020-10-06;"terça-feira";"08:50:00";"SC";470;129;"LONTRAS";"Defeito Mecânico no Veículo";"Tombamento";"Com Vítimas Feridas";"Pleno dia";"Decrescente";"Nublado";"Simples";"Curva";"Não";2;0;2;0;0;0;2;1;-27,148499;-49,556137;"SPRF-SC";"DEL04-SC";"UOP02-DEL04-SC"
312541;2020-10-06;"terça-feira";"09:30:00";"MA";230;407;"BALSAS";"Desobediência às normas de trânsito pelo condutor";"Colisão traseira";"Com Vítimas Feridas";"Pleno dia";"Decrescente";"Céu Claro";"Simples";"Reta";"Sim";3;0;2;0;1;0;2;2;-7,51919168;-46,06740888;"SPRF-MA";"DEL05-MA";"UOP01-DEL05-MA"
312543;2020-10-06;"terça-feira";"09:15:00";"RO";319;63;"PORTO VELHO";"Desobediência às normas de trânsito pelo condutor";"Colisão transversal";"Sem Vítimas";"Pleno dia";"Crescente";"Céu Claro";"Múltipla";"Reta";"Sim";2;0;0;0;2;0;0;2;-8,75873931;-63,88613105;"SPRF-RO";"DEL01-RO";"UOP01-DEL01-RO"
312544;2020-10-06;"terça-feira";"11:20:00";"MG";381;676,6;"PERDOES";"Falta de Atenção à Condução";"Colisão traseira";"Com Vítimas Feridas";"Pleno dia";"Crescente";"Céu Claro";"Simples";"Reta";"Sim";2;0;1;0;1;0;1;2;-21,12375684;-45,09790729;"SPRF-MG";"DEL04-MG";"UOP02-DEL04-MG"
312545;2020-10-02;"sexta-feira";"07:30:00";"MT";70;504,7;"CUIABA";"Desobediência às normas de trânsito pelo condutor";"Colisão lateral";"Com Vítimas Feridas";"Pleno dia";"Crescente";"Céu Claro";"Simples";"Reta";"Não";2;0;1;0;1;0;1;2;-15,70088221;-56,04765737;"SPRF-MT";"DEL01-MT";"UOP02-DEL01-MT"
312546;2020-10-06;"terça-feira";"11:30:00";"PR";376;167,1;"MARINGA";"Falta de Atenção à Condução";"Saída de leito carroçável";"Com Vítimas Feridas";"Pleno dia";"Decrescente";"Céu Claro";"Dupla";"Reta";"Não";4;0;0;3;1;0;3;1;-23,40324167;-51,99632075;"SPRF-PR";"DEL09-PR";"UOP01-DEL09-PR"
312549;2020-10-06;"terça-feira";"11:30:00";"GO";364;289,8;"MINEIROS";"Falta de Atenção à Condução";"Colisão com objeto estático";"Com Vítimas Feridas";"Pleno dia";"Crescente";"Céu Claro";"Simples";"Reta";"Não";2;0;2;0;0;0;2;1;-17,591164;-52,458225;"SPRF-GO";"DEL05-GO";"UOP01-DEL05-GO"
312550;2020-10-06;"terça-feira";"11:15:00";"PR";277;712;"SANTA TEREZINHA DE ITAIPU";"Não guardar distância de segurança";"Queda de ocupante de veículo";"Sem Vítimas";"Pleno dia";"Decrescente";"Céu Claro";"Dupla";"Reta";"Sim";1;0;0;0;1;0;0;1;-25,45780735;-54,43119986;"SPRF-PR";"DEL05-PR";"UOP01-DEL05-PR"
312551;2020-10-06;"terça-feira";"11:10:00";"DF";60;4;"BRASILIA";"Desobediência às normas de trânsito pelo condutor";"Colisão lateral";"Com Vítimas Feridas";"Pleno dia";"Crescente";"Céu Claro";"Dupla";"Reta";"Sim";3;0;0;1;2;0;1;3;-15,89391816;-48,0997324;"SPRF-DF";"DEL03-DF";"UOP01-DEL03-DF"
312552;2020-10-06;"terça-feira";"11:40:00";"PR";163;325;"TERRA ROXA";"Desobediência às normas de trânsito pelo condutor";"Colisão frontal";"Com Vítimas Feridas";"Pleno dia";"Crescente";"Céu Claro";"Simples";"Reta";"Não";6;0;4;2;0;0;6;2;-24,30097516;-54,16154728;"SPRF-PR";"DEL06-PR";"UOP01-DEL06-PR"
312554;2020-10-06;"terça-feira";"09:50:00";"MG";381;446;"SANTA LUZIA";"Desobediência às normas de trânsito pelo condutor";"Colisão transversal";"Com Vítimas Feridas";"Pleno dia";"Decrescente";"Sol";"Simples";"Interseção de Vias;Reta";"Sim";4;0;3;0;0;1;3;3;-19,82950465;-43,84255613;"SPRF-MG";"DEL01-MG";"UOP01-DEL01-MG"
312555;2020-10-06;"terça-feira";"09:50:00";"MA";222;668,7;"ACAILANDIA";"Ultrapassagem Indevida";"Colisão lateral";"Com Vítimas Feridas";"Pleno dia";"Decrescente";"Céu Claro";"Simples";"Declive";"Não";4;0;3;0;1;0;3;3;-4,90710878;-47,40740013;"SPRF-MA";"DEL04-MA";"UOP03-DEL04-MA"
312558;2020-10-06;"terça-feira";"13:45:00";"SE";235;54;"ITABAIANA";"Desobediência às normas de trânsito pelo condutor";"Colisão transversal";"Com Vítimas Feridas";"Pleno dia";"Crescente";"Céu Claro";"Simples";"Reta";"Não";4;0;2;0;2;0;2;2;-10,676047;-37,443279;"SPRF-SE";"DEL01-SE";"UOP02-DEL01-SE"
312560;2020-10-01;"quinta-feira";"10:10:00";"MG";116;276;"TEOFILO OTONI";"Mal Súbito";"Colisão transversal";"Com Vítimas Feridas";"Pleno dia";"Decrescente";"Céu Claro";"Simples";"Interseção de Vias";"Sim";2;0;2;0;0;0;2;2;-17,85105696;-41,51454492;"SPRF-MG";"DEL11-MG";"UOP01-DEL11-MG"
312562;2020-10-06;"terça-feira";"13:10:00";"MG";262;439,6;"NOVA SERRANA";"Avarias e/ou desgaste excessivo no pneu";"Tombamento";"Com Vítimas Feridas";"Pleno dia";"Crescente";"Céu Claro";"Dupla";"Reta";"Não";1;0;1;0;0;0;1;1;-19,89197285;-44,88685183;"SPRF-MG";"DEL08-MG";"UOP03-DEL08-MG"
312564;2020-10-06;"terça-feira";"14:20:00";"PA";230;115;"MARABA";"Não guardar distância de segurança";"Colisão traseira";"Com Vítimas Feridas";"Pleno dia";"Crescente";"Céu Claro";"Múltipla";"Retorno Regulamentado";"Sim";2;0;1;0;1;0;1;2;-5,36241425;-49,07496007;"SPRF-PA";"DEL03-PA";"UOP01-DEL03-PA"
312565;2020-10-06;"terça-feira";"13:45:00";"RS";287;388,5;"SANTIAGO";"Falta de Atenção à Condução";"Colisão lateral";"Com Vítimas Feridas";"Pleno dia";"Crescente";"Sol";"Simples";"Reta";"Não";4;0;1;0;2;1;1;3;-29,25195485;-54,82227086;"SPRF-RS";"DEL12-RS";"UOP02-DEL12-RS"
312567;2020-10-06;"terça-feira";"14:25:00";"SC";470;45;"BLUMENAU";"Desobediência às normas de trânsito pelo condutor";"Colisão lateral";"Com Vítimas Feridas";"Pleno dia";"Decrescente";"Nublado";"Simples";"Reta";"Sim";2;0;1;0;1;0;1;2;-26,860388;-49,037617;"SPRF-SC";"DEL04-SC";"UOP01-DEL04-SC"
312569;2020-08-14;"sexta-feira";"19:00:00";"AL";316;237,9;"ATALAIA";"Falta de Atenção à Condução";"Colisão frontal";"Com Vítimas Feridas";"Plena Noite";"Decrescente";"Céu Claro";"Simples";"Aclive;Curva";"Não";3;0;1;1;1;0;2;2;-9,50465719;-36,05694908;"SPRF-AL";"DEL01-AL";"UOP01-DEL01-AL"
312570;2020-10-04;"domingo";"13:10:00";"MS";262;126,7;"AGUA CLARA";"Desobediência às normas de trânsito pelo condutor";"Saída de leito carroçável";"Com Vítimas Feridas";"Pleno dia";"Decrescente";"Céu Claro";"Simples";"Reta";"Não";2;0;2;0;0;0;2;1;-20,49584975;-52,72956695;"SPRF-MS";"DEL07-MS";"UOP02-DEL07-MS"
312574;2020-10-06;"terça-feira";"15:30:00";"PR";476;129;"CURITIBA";"Falta de Atenção à Condução";"Colisão lateral";"Com Vítimas Feridas";"Pleno dia";"Decrescente";"Céu Claro";"Múltipla";"Reta";"Sim";2;0;1;0;1;0;1;2;-25,440983;-49,233715;"SPRF-PR";"DEL01-PR";"UOP03-DEL01-PR"
312575;2020-09-28;"segunda-feira";"04:30:00";"MG";40;515;"RIBEIRAO DAS NEVES";"Velocidade Incompatível";"Colisão traseira";"Com Vítimas Feridas";"Plena Noite";"Crescente";"Céu Claro";"Dupla";"Reta";"Não";2;0;1;0;1;0;1;2;-19,8090079;-44,09493479;"SPRF-MG";"DEL01-MG";"UOP02-DEL01-MG"
312578;2020-10-06;"terça-feira";"15:20:00";"PI";343;340,1;"TERESINA";"Falta de Atenção à Condução";"Colisão traseira";"Com Vítimas Feridas";"Pleno dia";"Crescente";"Céu Claro";"Simples";"Em Obras";"Sim";2;0;0;1;0;1;1;2;-5,074137;-42,73629;"SPRF-PI";"DEL01-PI";"UOP01-DEL01-PI"
312581;2020-10-06;"terça-feira";"15:50:00";"SC";101;371;"ICARA";"Condutor Dormindo";"Colisão com objeto estático";"Com Vítimas Feridas";"Pleno dia";"Decrescente";"Céu Claro";"Dupla";"Reta";"Não";3;0;1;1;1;0;2;1;-28,70403682;-49,2008731;"SPRF-SC";"DEL02-SC";"UOP01-DEL02-SC"
312582;2020-10-06;"terça-feira";"16:25:00";"PE";232;126;"CARUARU";"Desobediência às normas de trânsito pelo condutor";"Colisão traseira";"Sem Vítimas";"Pleno dia";"Crescente";"Céu Claro";"Dupla";"Reta";"Sim";2;0;0;0;2;0;0;2;-8,30819677;-35,95467594;"SPRF-PE";"DEL02-PE";"UOP03-DEL02-PE"
312584;2020-10-06;"terça-feira";"16:35:00";"RS";290;102;"PORTO ALEGRE";"Falta de Atenção à Condução";"Colisão traseira";"Sem Vítimas";"Pleno dia";"Decrescente";"Céu Claro";"Dupla";"Reta";"Não";5;0;0;0;5;0;0;3;-29,987228;-51,25613;"SPRF-RS";"DEL01-RS";"UOP01-DEL01-RS"
312586;2020-10-06;"terça-feira";"17:05:00";"SP";101;47,2;"UBATUBA";"Não guardar distância de segurança";"Tombamento";"Com Vítimas Feridas";"Pleno dia";"Crescente";"Nublado";"Simples";"Rotatória";"Sim";1;0;1;0;0;0;1;1;-23,43371388;-45,08579686;"SPRF-SP";"DEL06-SP";"UOP01-DEL06-SP"
312587;2020-10-06;"terça-feira";"16:40:00";"SC";101;182;"BIGUACU";"Desobediência às normas de trânsito pelo condutor";"Colisão transversal";"Com Vítimas Feridas";"Pleno dia";"Decrescente";"Céu Claro";"Múltipla";"Viaduto";"Não";2;0;0;1;1;0;1;2;-27,40146192;-48,62923265;"SPRF-SC";"DEL01-SC";"UOP01-DEL01-SC"
312588;2020-10-06;"terça-feira";"15:30:00";"SC";282;225;"LAGES";"Ingestão de Álcool";"Colisão lateral";"Sem Vítimas";"Pleno dia";"Crescente";"Céu Claro";"Simples";"Curva";"Sim";2;0;0;0;2;0;0;2;-27,794176;-50,379559;"SPRF-SC";"DEL05-SC";"UOP02-DEL05-SC"
312589;2020-10-06;"terça-feira";"16:10:00";"RJ";40;88;"PETROPOLIS";"Velocidade Incompatível";"Colisão com objeto estático";"Com Vítimas Feridas";"Pleno dia";"Decrescente";"Sol";"Simples";"Curva";"Não";1;0;1;0;0;0;1;1;-22,548575;-43,231738;"SPRF-RJ";"DEL06-RJ";"UOP01-DEL06-RJ"
312591;2020-10-06;"terça-feira";"16:40:00";"MG";40;643;"CONSELHEIRO LAFAIETE";"Avarias e/ou desgaste excessivo no pneu";"Saída de leito carroçável";"Com Vítimas Feridas";"Pleno dia";"Decrescente";"Chuva";"Simples";"Curva";"Não";3;0;2;0;1;0;2;1;-20,76609086;-43,80613242;"SPRF-MG";"DEL05-MG";"UOP02-DEL05-MG"
312592;2020-10-06;"terça-feira";"17:30:00";"PE";101;102;"CABO DE SANTO AGOSTINHO";"Falta de Atenção à Condução";"Tombamento";"Com Vítimas Feridas";"Pleno dia";"Decrescente";"Céu Claro";"Simples";"Reta";"Sim";1;0;0;1;0;0;1;1;-8,28368856;-35,05795866;"SPRF-PE";"DEL01-PE";"UOP03-DEL01-PE"
312593;2020-10-06;"terça-feira";"17:30:00";"PR";476;132,3;"CURITIBA";"Falta de Atenção à Condução";"Saída de leito carroçável";"Com Vítimas Feridas";"Pleno dia";"Decrescente";"Céu Claro";"Múltipla";"Reta";"Sim";2;0;1;0;0;1;1;2;-25,460718;-49,250488;"SPRF-PR";"DEL01-PR";"UOP03-DEL01-PR"
312598;2020-10-06;"terça-feira";"18:00:00";"SP";116;216,4;"GUARULHOS";"Desobediência às normas de trânsito pelo condutor";"Colisão lateral";"Com Vítimas Feridas";"Anoitecer";"Crescente";"Nublado";"Múltipla";"Curva;Aclive";"Sim";2;0;1;0;1;0;1;2;-23,45371919;-46,47156715;"SPRF-SP";"DEL01-SP";"UOP01-DEL01-SP"
312599;2020-10-06;"terça-feira";"17:45:00";"RN";101;123;"SAO JOSE DE MIPIBU";"Avarias e/ou desgaste excessivo no pneu";"Tombamento";"Com Vítimas Feridas";"Anoitecer";"Decrescente";"Céu Claro";"Dupla";"Reta";"Sim";2;0;1;1;0;0;2;1;-6,05737554;-35,24194121;"SPRF-RN";"DEL01-RN";"UOP01-DEL01-RN"
312600;2020-10-06;"terça-feira";"17:40:00";"SP";116;269,8;"TABOAO DA SERRA";"Desobediência às normas de trânsito pelo condutor";"Colisão transversal";"Com Vítimas Feridas";"Anoitecer";"Crescente";"Céu Claro";"Dupla";"Reta";"Sim";3;0;1;0;1;1;1;3;-23,61593059;-46,78826044;"SPRF-SP";"DEL04-SP";"UOP01-DEL04-SP"
312602;2020-10-06;"terça-feira";"17:30:00";"SP";116;54,9;"GUARATINGUETA";"Fenômenos da Natureza";"Saída de leito carroçável";"Com Vítimas Feridas";"Anoitecer";"Crescente";"Vento";"Dupla";"Reta";"Não";1;0;0;1;0;0;1;1;-22,75803895;-45,11508003;"SPRF-SP";"DEL08-SP";"UOP01-DEL08-SP"
312604;2020-10-06;"terça-feira";"18:55:00";"PE";232;142;"SAO CAITANO";"Falta de Atenção à Condução";"Queda de ocupante de veículo";"Com Vítimas Feridas";"Plena Noite";"Decrescente";"Céu Claro";"Dupla";"Aclive";"Não";1;0;0;1;0;0;1;1;-8,32242118;-36,09480698;"SPRF-PE";"DEL02-PE";"UOP03-DEL02-PE"
312606;2020-10-06;"terça-feira";"18:55:00";"RS";386;341,7;"LAJEADO";"Animais na Pista";"Atropelamento de Animal";"Com Vítimas Feridas";"Plena Noite";"Decrescente";"Céu Claro";"Simples";"Declive;Curva";"Sim";3;0;2;0;1;0;2;2;-29,425882;-52,019684;"SPRF-RS";"DEL04-RS";"UOP01-DEL04-RS"
312607;2020-10-06;"terça-feira";"17:40:00";"MG";381;290;"ANTONIO DIAS";"Velocidade Incompatível";"Queda de ocupante de veículo";"Com Vítimas Feridas";"Anoitecer";"Decrescente";"Sol";"Simples";"Ponte;Reta";"Não";1;0;0;1;0;0;1;1;-19,63642897;-42,83024696;"SPRF-MG";"DEL03-MG";"UOP02-DEL03-MG"
312609;2020-10-06;"terça-feira";"17:30:00";"PR";277;581,6;"CASCAVEL";"Defeito Mecânico no Veículo";"Incêndio";"Sem Vítimas";"Pleno dia";"Decrescente";"Céu Claro";"Dupla";"Reta";"Sim";1;0;0;0;1;0;0;1;-24,98125257;-53,37778678;"SPRF-PR";"DEL04-PR";"UOP01-DEL04-PR"
312610;2020-10-06;"terça-feira";"19:15:00";"RJ";101;68;"CAMPOS DOS GOYTACAZES";"Desobediência às normas de trânsito pelo condutor";"Colisão transversal";"Com Vítimas Feridas";"Plena Noite";"Crescente";"Céu Claro";"Simples";"Reta";"Sim";3;0;2;1;0;0;3;2;-21,77186768;-41,35705017;"SPRF-RJ";"DEL08-RJ";"UOP02-DEL08-RJ"
312611;2020-10-06;"terça-feira";"19:10:00";"MG";40;736;"SANTOS DUMONT";"Ingestão de álcool e/ou substâncias psicoativas pelo pedestre";"Atropelamento de Pedestre";"Com Vítimas Fatais";"Plena Noite";"Crescente";"Céu Claro";"Simples";"Reta";"Não";3;1;0;0;1;1;0;2;-21,37609516;-43,56993701;"SPRF-MG";"DEL05-MG";"UOP01-DEL05-MG"
312613;2020-10-01;"quinta-feira";"08:30:00";"MS";163;681;"RIO VERDE DE MATO GROSSO";"Falta de Atenção à Condução";"Colisão transversal";"Com Vítimas Feridas";"Pleno dia";"Crescente";"Céu Claro";"Simples";"Retorno Regulamentado";"Sim";2;0;1;0;1;0;1;2;-18,91578008;-54,83862738;"SPRF-MS";"DEL06-MS";"UOP02-DEL06-MS"
312615;2020-10-06;"terça-feira";"19:20:00";"RN";226;78,7;"TANGARA";"Falta de Atenção à Condução";"Colisão transversal";"Com Vítimas Feridas";"Plena Noite";"Crescente";"Céu Claro";"Simples";"Reta";"Não";2;0;1;1;0;0;2;2;-6,17123303;-35,76264796;"SPRF-RN";"DEL03-RN";"UOP02-DEL03-RN"