"id";"data_inversa";"dia_semana";"horario";"uf";"br";"km";"municipio";"causa_acidente";"tipo_acidente";"classificacao_acidente";"fase_dia";"sentido_via";"condicao_metereologica";"tipo_pista";"tracado_via";"uso_solo";"pessoas";"mortos";"feridos_leves";"feridos_graves";"ilesos";"ignorados";"feridos";"veiculos";"latitude";"longitude";"regional";"delegacia";"uop"
312617;2020-10-06;"terça-feira";"17:50:00";"MA";135;2;"SAO LUIS";"Não guardar distância de segurança";"Colisão traseira";"Sem Vítimas";"Anoitecer";"Decrescente";"Céu Claro";"Dupla";"Reta";"Sim";2;0;0;0;2;0;0;2;-2,59806699;-44,24573511;"SPRF-MA";"DEL01-MA";"UOP01-DEL01-MA"
312619;2020-10-06;"terça-feira";"17:15:00";"RJ";116;54;"TERESOPOLIS";"Falta de Atenção à Condução";"Tombamento";"Com Vítimas Feridas";"Anoitecer";"Crescente";"Céu Claro";"Simples";"Interseção de Vias;Retorno Regulamentado";"Não";2;0;2;0;0;0;2;1;-22,20622094;-42,879521;"SPRF-RJ";"DEL04-RJ";"UOP01-DEL04-RJ"
312620;2020-10-06;"terça-feira";"19:50:00";"PR";376;134,6;"NOVA ESPERANCA";"Falta de Atenção à Condução";"Saída de leito carroçável";"Com Vítimas Feridas";"Plena Noite";"Decrescente";"Céu Claro";"Dupla";"Declive;Em Obras";"Não";3;0;2;1;0;0;3;1;-23,19499451;-52,20268041;"SPRF-PR";"DEL09-PR";"UOP02-DEL09-PR"
312623;2020-10-06;"terça-feira";"18:50:00";"SP";116;514;"CAJATI";"Pista Escorregadia";"Colisão com objeto estático";"Sem Vítimas";"Plena Noite";"Decrescente";"Garoa/Chuvisco";"Dupla";"Curva";"Não";1;0;0;0;1;0;0;1;-24,856862;-48,212511;"SPRF-SP";"DEL05-SP";"UOP02-DEL05-SP"
312624;2020-10-06;"terça-feira";"19:15:00";"MT";163;773;"SORRISO";"Condutor Dormindo";"Saída de leito carroçável";"Com Vítimas Feridas";"Plena Noite";"Decrescente";"Céu Claro";"Simples";"Reta";"Não";2;0;2;0;0;0;2;1;-12,392904;-55,618393;"SPRF-MT";"DEL06-MT";"UOP01-DEL06-MT"
312626;2020-10-06;"terça-feira";"20:40:00";"BA";407;6;"JUAZEIRO";"Não guardar distância de segurança";"Colisão traseira";"Com Vítimas Feridas";"Plena Noite";"Decrescente";"Céu Claro";"Dupla";"Reta";"Sim";4;0;1;1;1;1;2;3;-9,45595491;-40,48655981;"SPRF-PE";"DEL06-PE";"UOP01-DEL06-PE"
312627;2020-10-06;"terça-feira";"17:50:00";"PR";373;180,8;"PONTA GROSSA";"Desobediência às normas de trânsito pelo condutor";"Colisão transversal";"Com Vítimas Fatais";"Pleno dia";"Decrescente";"Céu Claro";"Dupla";"Reta";"Não";5;1;1;1;0;2;2;3;-25,03983629;-50,24852895;"SPRF-PR";"DEL03-PR";"UOP04-DEL03-PR"
312630;2020-10-06;"terça-feira";"18:10:00";"SC";280;81;"CORUPA";"Falta de Atenção à Condução";"Colisão transversal";"Com Vítimas Feridas";"Plena Noite";"Decrescente";"Garoa/Chuvisco";"Simples";"Reta";"Não";2;0;1;0;1;0;1;2;-26,44057489;-49,217056;"SPRF-SC";"DEL06-SC";"UOP03-DEL06-SC"
312632;2020-10-06;"terça-feira";"21:00:00";"GO";70;10,6;"AGUAS LINDAS DE GOIAS";"Falta de Atenção do Pedestre";"Atropelamento de Pedestre";"Com Vítimas Feridas";"Plena Noite";"Crescente";"Céu Claro";"Múltipla";"Reta";"Sim";3;0;0;2;1;0;2;2;-15,73738129;-48,29228118;"SPRF-DF";"DEL03-DF";"UOP02-DEL03-DF"
312634;2020-08-22;"sábado";"08:30:00";"PA";155;313;"MARABA";"Avarias e/ou desgaste excessivo no pneu";"Tombamento";"Com Vítimas Feridas";"Pleno dia";"Decrescente";"Céu Claro";"Simples";"Curva";"Não";2;0;2;0;0;0;2;1;-5,60032605;-49,08154094;"SPRF-PA";"DEL03-PA";"UOP01-DEL03-PA"
312638;2020-10-06;"terça-feira";"21:00:00";"SC";101;236;"PALHOCA";"Ingestão de Substâncias Psicoativas";"Saída de leito carroçável";"Sem Vítimas";"Plena Noite";"Crescente";"Céu Claro";"Simples";"Curva";"Não";1;0;0;0;1;0;0;1;-27,82629382;-48,63034842;"SPRF-SC";"DEL01-SC";"UOP02-DEL01-SC"
312640;2020-10-06;"terça-feira";"21:20:00";"SP";101;45,9;"UBATUBA";"Desobediência às normas de trânsito pelo condutor";"Colisão lateral";"Com Vítimas Feridas";"Plena Noite";"Crescente";"Garoa/Chuvisco";"Simples";"Reta";"Sim";3;0;1;0;2;0;1;3;-23,41779396;-45,06788408;"SPRF-SP";"DEL06-SP";"UOP01-DEL06-SP"
312641;2020-10-06;"terça-feira";"21:00:00";"MG";40;694;"ALFREDO VASCONCELOS";"Ingestão de Álcool";"Colisão lateral";"Sem Vítimas";"Plena Noite";"Decrescente";"Ignorado";"Simples";"Declive";"Sim";2;0;0;0;2;0;0;2;-21,132076;-43,76202;"SPRF-MG";"DEL05-MG";"UOP02-DEL05-MG"
312642;2020-10-06;"terça-feira";"22:30:00";"SP";381;90;"GUARULHOS";"Falta de Atenção à Condução";"Colisão traseira";"Com Vítimas Feridas";"Plena Noite";"Decrescente";"Céu Claro";"Dupla";"Reta";"Sim";3;0;2;0;1;0;2;2;-23,49479479;-46,55959864;"SPRF-SP";"DEL03-SP";"UOP01-DEL03-SP"
312644;2020-10-06;"terça-feira";"22:10:00";"PI";316;362;"CAMPO GRANDE DO PIAUI";"Não guardar distância de segurança";"Colisão traseira";"Com Vítimas Feridas";"Plena Noite";"Crescente";"Céu Claro";"Simples";"Reta";"Não";2;0;0;1;1;0;1;2;-7,13532627;-41,01107603;"SPRF-PI";"DEL04-PI";"UOP03-DEL04-PI"
312646;2020-10-06;"terça-feira";"21:15:00";"RJ";101;326;"NITEROI";"Falta de Atenção à Condução";"Colisão traseira";"Com Vítimas Feridas";"Plena Noite";"Crescente";"Céu Claro";"Dupla";"Reta";"Não";2;0;2;0;0;0;2;2;-22,87206203;-43,146105;"SPRF-RJ";"DEL02-RJ";"UOP02-DEL02-RJ"
312647;2020-10-06;"terça-feira";"17:50:00";"RS";470;147;"NOVA PRATA";"Defeito Mecânico no Veículo";"Colisão traseira";"Com Vítimas Feridas";"Pleno dia";"Crescente";"Céu Claro";"Simples";"Reta";"Não";3;0;1;0;2;0;1;2;-28,71741302;-51,61956096;"SPRF-RS";"DEL06-RS";"UOP02-DEL06-RS"
312648;2020-10-06;"terça-feira";"23:10:00";"MG";262;412,2;"IGARATINGA";"Falta de Atenção à Condução";"Saída de leito carroçável";"Com Vítimas Feridas";"Plena Noite";"Decrescente";"Céu Claro";"Dupla";"Rotatória";"Sim";1;0;1;0;0;0;1;1;-19,89051204;-44,64959297;"SPRF-MG";"DEL08-MG";"UOP03-DEL08-MG"
312650;2020-10-06;"terça-feira";"21:30:00";"RS";158;139;"CONDOR";"Avarias e/ou desgaste excessivo no pneu";"Saída de leito carroçável";"Com Vítimas Feridas";"Plena Noite";"Crescente";"Céu Claro";"Simples";"Curva";"Não";2;0;2;0;0;0;2;1;-28,19297114;-53,47752228;"SPRF-RS";"DEL08-RS";"UOP02-DEL08-RS"
312651;2020-10-06;"terça-feira";"23:30:00";"PR";476;163;"ARAUCARIA";"Falta de Atenção à Condução";"Saída de leito carroçável";"Com Vítimas Feridas";"Plena Noite";"Decrescente";"Nublado";"Simples";"Reta";"Não";1;0;1;0;0;0;1;1;-25,633638;-49,460007;"SPRF-PR";"DEL01-PR";"UOP03-DEL01-PR"
312653;2020-10-07;"quarta-feira";"00:50:00";"RS";392;351;"SANTA MARIA";"Ingestão de Álcool";"Colisão com objeto estático";"Com Vítimas Feridas";"Plena Noite";"Decrescente";"Céu Claro";"Simples";"Reta";"Sim";3;0;2;0;0;1;2;1;-29,718959;-53,808023;"SPRF-RS";"DEL09-RS";"UOP01-DEL09-RS"
312654;2020-10-07;"quarta-feira";"01:55:00";"SC";101;210;"SAO JOSE";"Ingestão de Álcool";"Saída de leito carroçável";"Sem Vítimas";"Plena Noite";"Decrescente";"Céu Claro";"Múltipla";"Reta";"Sim";1;0;0;0;1;0;0;1;-27,61702732;-48,64553511;"SPRF-SC";"DEL01-SC";"UOP01-DEL01-SC"
312655;2020-08-03;"segunda-feira";"13:25:00";"AC";364;132;"RIO BRANCO";"Desobediência às normas de trânsito pelo condutor";"Colisão lateral";"Com Vítimas Feridas";"Pleno dia";"Decrescente";"Sol";"Dupla";"Rotatória";"Sim";3;0;1;1;1;0;2;2;-10,01005063;-67,84552927;"SPRF-AC";"DEL01-AC";"UOP01-DEL01-AC"
312659;2020-10-06;"terça-feira";"16:30:00";"RJ";101;523;"ANGRA DOS REIS";"Falta de Atenção à Condução";"Queda de ocupante de veículo";"Com Vítimas Feridas";"Pleno dia";"Crescente";"Chuva";"Simples";"Curva";"Não";1;0;1;0;0;0;1;1;-23,00283001;-44,47362994;"SPRF-RJ";"DEL03-RJ";"UOP02-DEL03-RJ"
312660;2020-10-07;"quarta-feira";"04:38:00";"ES";101;308,7;"VIANA";"Velocidade Incompatível";"Tombamento";"Com Vítimas Fatais";"Plena Noite";"Crescente";"Céu Claro";"Simples";"Curva";"Não";1;1;0;0;0;0;0;1;-20,41400404;-40,45982145;"SPRF-ES";"DEL01-ES";"UOP01-DEL01-ES"
312662;2020-10-07;"quarta-feira";"04:30:00";"ES";101;294;"CARIACICA";"Desobediência às normas de trânsito pelo condutor";"Colisão frontal";"Com Vítimas Feridas";"Plena Noite";"Crescente";"Céu Claro";"Dupla";"Reta;Aclive";"Não";2;0;0;2;0;0;2;2;-20,32082758;-40,39590866;"SPRF-ES";"DEL01-ES";"UOP01-DEL01-ES"
312663;2020-10-07;"quarta-feira";"06:09:00";"MG";381;365;"SAO GONCALO DO RIO ABAIXO";"Fenômenos da Natureza";"Capotamento";"Com Vítimas Feridas";"Amanhecer";"Crescente";"Nublado";"Simples";"Reta";"Não";4;0;3;0;1;0;3;1;-19,854651;-43,261071;"SPRF-MG";"DEL03-MG";"UOP01-DEL03-MG"
312664;2020-10-07;"quarta-feira";"06:25:00";"SC";470;57;"BLUMENAU";"Desobediência às normas de trânsito pelo condutor";"Colisão transversal";"Com Vítimas Feridas";"Pleno dia";"Crescente";"Céu Claro";"Simples";"Interseção de Vias";"Não";2;0;1;0;1;0;1;2;-26,880428;-49,136532;"SPRF-SC";"DEL04-SC";"UOP01-DEL04-SC"
312665;2020-10-06;"terça-feira";"18:15:00";"RJ";116;178;"NOVA IGUACU";"Velocidade Incompatível";"Colisão traseira";"Com Vítimas Feridas";"Anoitecer";"Crescente";"Céu Claro";"Dupla";"Reta";"Sim";2;0;1;1;0;0;2;2;-22,77496393;-43,40081465;"SPRF-RJ";"DEL01-RJ";"UOP02-DEL01-RJ"
312666;2020-10-07;"quarta-feira";"03:00:00";"MS";163;464;"CAMPO GRANDE";"Condutor Dormindo";"Saída de leito carroçável";"Sem Vítimas";"Plena Noite";"Decrescente";"Céu Claro";"Simples";"Reta";"Não";1;0;0;0;0;1;0;1;-20,60305192;-54,57852768;"SPRF-MS";"DEL01-MS";"UOP01-DEL01-MS"
312667;2020-10-07;"quarta-feira";"06:45:00";"SC";282;1,9;"FLORIANOPOLIS";"Defeito na Via";"Queda de ocupante de veículo";"Com Vítimas Feridas";"Pleno dia";"Decrescente";"Sol";"Dupla";"Reta";"Sim";1;0;1;0;0;0;1;1;-27,602955;-48,580509;"SPRF-SC";"DEL01-SC";"UOP01-DEL01-SC"
312668;2020-10-07;"quarta-feira";"07:00:00";"RJ";116;101;"GUAPIMIRIM";"Falta de Atenção à Condução";"Colisão transversal";"Com Vítimas Feridas";"Pleno dia";"Crescente";"Nublado";"Simples";"Curva";"Não";2;0;1;0;1;0;1;2;-22,49374115;-43,00365418;"SPRF-RJ";"DEL04-RJ";"UOP02-DEL04-RJ"
312670;2020-10-07;"quarta-feira";"07:20:00";"ES";262;19,4;"VIANA";"Falta de Atenção à Condução";"Colisão transversal";"Com Vítimas Feridas";"Pleno dia";"Crescente";"Nublado";"Simples";"Reta";"Sim";2;0;1;0;1;0;1;2;-20,3919143;-40,49002338;"SPRF-ES";"DEL01-ES";"UOP01-DEL01-ES"
312671;2020-10-07;"quarta-feira";"07:10:00";"SP";116;277;"EMBU DAS ARTES";"Não guardar distância de segurança";"Queda de ocupante de veículo";"Com Vítimas Feridas";"Amanhecer";"Crescente";"Céu Claro";"Dupla";"Reta";"Sim";1;0;1;0;0;0;1;1;-23,6297418;-46,82029724;"SPRF-SP";"DEL04-SP";"UOP01-DEL04-SP"
312672;2020-10-07;"quarta-feira";"06:30:00";"CE";222;226,3;"SOBRAL";"Pista Escorregadia";"Tombamento";"Com Vítimas Feridas";"Pleno dia";"Decrescente";"Céu Claro";"Simples";"Interseção de Vias";"Sim";2;0;2;0;0;0;2;1;-3,70119;-40,368142;"SPRF-CE";"DEL04-CE";"UOP01-DEL04-CE"
312674;2020-10-07;"quarta-feira";"07:35:00";"PA";316;47;"SANTA IZABEL DO PARA";"Desobediência às normas de trânsito pelo condutor";"Colisão transversal";"Com Vítimas Fatais";"Pleno dia";"Crescente";"Céu Claro";"Dupla";"Reta";"Não";2;1;0;0;1;0;0;2;-1,2853682;-48,06269824;"SPRF-PA";"DEL01-PA";"UOP01-DEL01-PA"
312675;2020-10-07;"quarta-feira";"04:50:00";"MG";381;796,6;"SAO GONCALO DO SAPUCAI";"Condutor Dormindo";"Saída de leito carroçável";"Sem Vítimas";"Plena Noite";"Decrescente";"Céu Claro";"Dupla";"Reta";"Não";1;0;0;0;1;0;0;1;-21,91701974;-45,58892727;"SPRF-MG";"DEL16-MG";"UOP02-DEL16-MG"
312676;2020-10-07;"quarta-feira";"06:30:00";"MG";40;524;"CONTAGEM";"Falta de Atenção do Pedestre";"Colisão traseira";"Com Vítimas Feridas";"Pleno dia";"Crescente";"Céu Claro";"Dupla";"Reta";"Sim";3;0;1;0;2;0;1;2;-19,8754469;-44,05345586;"SPRF-MG";"DEL01-MG";"UOP02-DEL01-MG"
312677;2020-10-07;"quarta-feira";"05:00:00";"PR";376;530;"PONTA GROSSA";"Desobediência às normas de trânsito pelo condutor";"Colisão lateral";"Sem Vítimas";"Amanhecer";"Crescente";"Céu Claro";"Dupla";"Reta";"Não";2;0;0;0;2;0;0;2;-25,288816;-49,901689;"SPRF-PR";"DEL03-PR";"UOP04-DEL03-PR"
312678;2020-09-06;"domingo";"03:40:00";"MT";364;142,8;"PEDRA PRETA";"Ingestão de Álcool";"Saída de leito carroçável";"Com Vítimas Fatais";"Plena Noite";"Crescente";"Ignorado";"Simples";"Reta";"Não";5;3;0;2;0;0;2;1;-16,78227031;-54,22184611;"SPRF-MT";"DEL02-MT";"UOP01-DEL02-MT"
312680;2020-10-07;"quarta-feira";"07:45:00";"PB";104;137;"QUEIMADAS";"Falta de Atenção à Condução";"Colisão transversal";"Com Vítimas Feridas";"Pleno dia";"Decrescente";"Céu Claro";"Simples";"Reta";"Não";3;0;1;1;1;0;2;2;-7,352277;-35,90094;"SPRF-PB";"DEL02-PB";"UOP03-DEL02-PB"
312681;2020-10-07;"quarta-feira";"08:20:00";"PE";408;40,4;"ALIANCA";"Desobediência às normas de trânsito pelo condutor";"Colisão transversal";"Com Vítimas Feridas";"Pleno dia";"Decrescente";"Sol";"Simples";"Reta";"Não";2;0;1;0;1;0;1;2;-7,65342707;-35,25067449;"SPRF-PE";"DEL01-PE";"UOP01-DEL01-PE"
312682;2020-10-07;"quarta-feira";"07:10:00";"RO";319;64;"PORTO VELHO";"Desobediência às normas de trânsito pelo condutor";"Colisão transversal";"Com Vítimas Feridas";"Pleno dia";"Decrescente";"Céu Claro";"Dupla";"Interseção de Vias;Reta";"Sim";2;0;2;0;0;0;2;2;-8,766685;-63,884052;"SPRF-RO";"DEL01-RO";"UOP01-DEL01-RO"
312683;2020-10-07;"quarta-feira";"09:00:00";"RS";392;351,7;"SANTA MARIA";"Desobediência às normas de trânsito pelo condutor";"Colisão transversal";"Com Vítimas Feridas";"Pleno dia";"Crescente";"Céu Claro";"Simples";"Reta";"Não";2;0;0;1;1;0;1;2;-29,7284269;-53,80323691;"SPRF-RS";"DEL09-RS";"UOP01-DEL09-RS"
312685;2020-10-07;"quarta-feira";"09:00:00";"MG";40;661,1;"CARANDAI";"Velocidade Incompatível";"Saída de leito carroçável";"Com Vítimas Feridas";"Pleno dia";"Crescente";"Céu Claro";"Simples";"Curva";"Não";2;0;1;1;0;0;2;1;-20,91002518;-43,82901561;"SPRF-MG";"DEL05-MG";"UOP02-DEL05-MG"
312687;2020-10-07;"quarta-feira";"08:50:00";"SC";101;205;"SAO JOSE";"Desobediência às normas de trânsito pelo condutor";"Colisão lateral";"Com Vítimas Feridas";"Pleno dia";"Decrescente";"Céu Claro";"Múltipla";"Reta";"Sim";2;0;0;1;0;1;1;2;-27,58313237;-48,61532885;"SPRF-SC";"DEL01-SC";"UOP01-DEL01-SC"
312688;2020-10-07;"quarta-feira";"09:30:00";"CE";116;501,5;"BREJO SANTO";"Desobediência às normas de trânsito pelo condutor";"Colisão frontal";"Com Vítimas Feridas";"Pleno dia";"Decrescente";"Céu Claro";"Simples";"Curva";"Sim";2;0;0;1;1;0;1;2;-7,48666562;-38,98369722;"SPRF-CE";"DEL05-CE";"UOP03-DEL05-CE"
312690;2020-10-07;"quarta-feira";"07:40:00";"MG";262;771,4;"UBERABA";"Avarias e/ou desgaste excessivo no pneu";"Saída de leito carroçável";"Com Vítimas Feridas";"Pleno dia";"Crescente";"Céu Claro";"Simples";"Reta";"Não";2;0;2;0;0;0;2;1;-19,67957;-47,653499;"SPRF-MG";"DEL13-MG";"UOP01-DEL13-MG"
312692;2020-10-07;"quarta-feira";"06:58:00";"SC";470;53,7;"BLUMENAU";"Falta de Atenção à Condução";"Colisão transversal";"Com Vítimas Feridas";"Pleno dia";"Crescente";"Céu Claro";"Simples";"Curva";"Não";2;0;1;0;1;0;1;2;-26,867121;-49,102066;"SPRF-SC";"DEL04-SC";"UOP01-DEL04-SC"
312697;2020-10-07;"quarta-feira";"08:20:00";"RR";174;505;"BOA VISTA";"Pista Escorregadia";"Engavetamento";"Com Vítimas Feridas";"Pleno dia";"Decrescente";"Chuva";"Dupla";"Reta";"Sim";4;0;1;0;3;0;1;3;2,805917;-60,690617;"SPRF-RR";"DEL01-RR";"UOP01-DEL01-RR"
312701;2020-10-07;"quarta-feira";"10:00:00";"BA";324;622;"SALVADOR";"Defeito Mecânico no Veículo";"Incêndio";"Sem Vítimas";"Pleno dia";"Crescente";"Sol";"Dupla";"Reta";"Sim";1;0;0;0;1;0;0;1;-12,91888605;-38,46502095;"SPRF-BA";"DEL01-BA";"UOP01-DEL01-BA"
312704;2020-10-07;"quarta-feira";"10:30:00";"RS";116;255,5;"ESTEIO";"Defeito Mecânico no Veículo";"Incêndio";"Com Vítimas Feridas";"Pleno dia";"Decrescente";"Nublado";"Dupla";"Reta";"Sim";2;0;1;0;1;0;1;1;-29,83522986;-51,17484349;"SPRF-RS";"DEL01-RS";"UOP02-DEL01-RS"
312705;2020-10-07;"quarta-feira";"11:00:00";"RN";226;168,9;"CURRAIS NOVOS";"Ultrapassagem Indevida";"Colisão frontal";"Com Vítimas Fatais";"Pleno dia";"Decrescente";"Céu Claro";"Simples";"Reta";"Não";4;1;1;1;0;1;2;3;-6,23417195;-36,45478404;"SPRF-RN";"DEL03-RN";"UOP02-DEL03-RN"
312707;2020-10-07;"quarta-feira";"10:40:00";"RS";285;455,4;"IJUI";"Falta de Atenção à Condução";"Colisão transversal";"Sem Vítimas";"Pleno dia";"Decrescente";"Nublado";"Simples";"Interseção de Vias";"Sim";2;0;0;0;2;0;0;2;-28,38475555;-53,8886261;"SPRF-RS";"DEL10-RS";"UOP01-DEL10-RS"
312712;2020-10-07;"quarta-feira";"12:00:00";"SC";101;449,2;"SANTA ROSA DO SUL";"Desobediência às normas de trânsito pelo condutor";"Colisão transversal";"Com Vítimas Feridas";"Pleno dia";"Crescente";"Nublado";"Simples";"Interseção de Vias";"Sim";2;0;1;0;1;0;1;2;-29,16497725;-49,74303669;"SPRF-SC";"DEL02-SC";"UOP02-DEL02-SC"
312713;2020-10-07;"quarta-feira";"12:10:00";"SC";101;210,8;"SAO JOSE";"Falta de Atenção à Condução";"Colisão traseira";"Com Vítimas Feridas";"Pleno dia";"Crescente";"Céu Claro";"Múltipla";"Interseção de Vias";"Sim";2;0;0;1;1;0;1;2;-27,6199881;-48,64925265;"SPRF-SC";"DEL01-SC";"UOP01-DEL01-SC"
312715;2020-10-07;"quarta-feira";"11:00:00";"SP";116;515;"CAJATI";"Falta de Atenção à Condução";"Queda de ocupante de veículo";"Com Vítimas Feridas";"Pleno dia";"Decrescente";"Nublado";"Dupla";"Curva";"Não";1;0;1;0;0;0;1;1;-24,86704083;-48,21738184;"SPRF-SP";"DEL05-SP";"UOP02-DEL05-SP"
312716;2020-09-17;"quinta-feira";"07:25:00";"PR";277;584;"CASCAVEL";"Desobediência às normas de trânsito pelo condutor";"Colisão transversal";"Sem Vítimas";"Pleno dia";"Decrescente";"Céu Claro";"Simples";"Reta";"Sim";2;0;0;0;2;0;0;2;-24,96684176;-53,40258186;"SPRF-PR";"DEL04-PR";"UOP01-DEL04-PR"
312717;2020-10-07;"quarta-feira";"12:30:00";"RN";101;173;"CANGUARETAMA";"Falta de Atenção à Condução";"Colisão com objeto estático";"Com Vítimas Feridas";"Pleno dia";"Decrescente";"Céu Claro";"Dupla";"Reta";"Não";2;0;0;1;1;0;1;2;-6,47531204;-35,11175864;"SPRF-RN";"DEL01-RN";"UOP01-DEL01-RN"
312718;2020-10-07;"quarta-feira";"12:10:00";"SC";280;127;"RIO NEGRINHO";"Pista Escorregadia";"Tombamento";"Com Vítimas Feridas";"Pleno dia";"Crescente";"Céu Claro";"Simples";"Rotatória";"Sim";2;0;2;0;0;0;2;2;-26,23943953;-49,50420708;"SPRF-SC";"DEL06-SC";"UOP03-DEL06-SC"
312721;2020-10-07;"quarta-feira";"10:10:00";"RN";406;114,3;"POCO BRANCO";"Defeito Mecânico no Veículo";"Tombamento";"Com Vítimas Feridas";"Pleno dia";"Decrescente";"Sol";"Simples";"Reta";"Não";2;0;2;0;0;0;2;1;-5,56755168;-35,7193349;"SPRF-RN";"DEL02-RN";"UOP01-DEL02-RN"
312722;2020-10-07;"quarta-feira";"12:15:00";"GO";40;0,5;"VALPARAISO DE GOIAS";"Falta de Atenção à Condução";"Colisão traseira";"Com Vítimas Feridas";"Pleno dia";"Crescente";"Céu Claro";"Dupla";"Reta";"Sim";2;0;1;0;1;0;1;2;-16,058273;-47,982655;"SPRF-DF";"DEL01-DF";"UOP01-DEL01-DF"
312724;2020-10-07;"quarta-feira";"12:10:00";"RJ";101;264;"RIO BONITO";"Defeito Mecânico no Veículo";"Tombamento";"Com Vítimas Feridas";"Pleno dia";"Decrescente";"Nublado";"Dupla";"Reta";"Sim";1;0;1;0;0;0;1;1;-22,71818337;-42,63600702;"SPRF-RJ";"DEL02-RJ";"UOP03-DEL02-RJ"
312725;2020-09-17;"quinta-feira";"07:56:00";"RJ";101;486;"ANGRA DOS REIS";"Falta de Atenção à Condução";"Queda de ocupante de veículo";"Com Vítimas Feridas";"Pleno dia";"Decrescente";"Céu Claro";"Dupla";"Reta";"Sim";1;0;0;1;0;0;1;1;-22,96563982;-44,29932302;"SPRF-RJ";"DEL03-RJ";"UOP03-DEL03-RJ"
312726;2020-10-07;"quarta-feira";"08:20:00";"MG";116;701,9;"MURIAE";"Falta de Atenção à Condução";"Colisão transversal";"Com Vítimas Feridas";"Pleno dia";"Decrescente";"Sol";"Simples";"Reta";"Sim";2;0;1;0;1;0;1;2;-21,11084891;-42,3806104;"SPRF-MG";"DEL07-MG";"UOP02-DEL07-MG"
312727;2020-10-07;"quarta-feira";"13:35:00";"RS";386;34,9;"FREDERICO WESTPHALEN";"Falta de Atenção à Condução";"Colisão transversal";"Com Vítimas Feridas";"Pleno dia";"Crescente";"Céu Claro";"Simples";"Interseção de Vias";"Sim";2;0;0;1;1;0;1;2;-27,365112;-53,394897;"SPRF-RS";"DEL08-RS";"UOP02-DEL08-RS"
312728;2020-10-07;"quarta-feira";"13:20:00";"SE";101;42;"CAPELA";"Falta de Atenção à Condução";"Saída de leito carroçável";"Com Vítimas Feridas";"Pleno dia";"Crescente";"Céu Claro";"Dupla";"Declive";"Não";1;0;1;0;0;0;1;1;-10,54001298;-36,96558504;"SPRF-SE";"DEL02-SE";"UOP02-DEL02-SE"
312729;2020-10-07;"quarta-feira";"13:45:00";"SC";470;57,6;"BLUMENAU";"Falta de Atenção à Condução";"Colisão transversal";"Com Vítimas Feridas";"Pleno dia";"Crescente";"Céu Claro";"Simples";"Rotatória";"Não";2;0;1;0;1;0;1;2;-26,880428;-49,136532;"SPRF-SC";"DEL04-SC";"UOP01-DEL04-SC"
312733;2020-10-07;"quarta-feira";"14:05:00";"SP";153;70,1;"SAO JOSE DO RIO PRETO";"Agressão Externa";"Saída de leito carroçável";"Com Vítimas Feridas";"Pleno dia";"Crescente";"Céu Claro";"Dupla";"Reta";"Sim";1;0;1;0;0;0;1;1;-20,85197874;-49,40070263;"SPRF-SP";"DEL09-SP";"UOP01-DEL09-SP"
312734;2020-10-07;"quarta-feira";"07:00:00";"PE";424;4,9;"ARCOVERDE";"Velocidade Incompatível";"Saída de leito carroçável";"Com Vítimas Feridas";"Pleno dia";"Decrescente";"Céu Claro";"Simples";"Declive";"Não";2;0;1;0;0;1;1;2;-8,46099318;-37,04336835;"SPRF-PE";"DEL03-PE";"UOP02-DEL03-PE"
312735;2020-08-24;"segunda-feira";"16:40:00";"PR";476;130;"CURITIBA";"Velocidade Incompatível";"Queda de ocupante de veículo";"Com Vítimas Feridas";"Anoitecer";"Crescente";"Ignorado";"Múltipla";"Reta";"Sim";1;0;1;0;0;0;1;1;-25,449564;-49,236427;"SPRF-PR";"DEL01-PR";"UOP03-DEL01-PR"
312739;2020-10-07;"quarta-feira";"13:30:00";"MG";50;179,9;"UBERABA";"Falta de Atenção à Condução";"Tombamento";"Com Vítimas Feridas";"Pleno dia";"Crescente";"Céu Claro";"Simples";"Reta";"Sim";2;0;2;0;0;0;2;1;-19,77827047;-47,93140998;"SPRF-MG";"DEL13-MG";"UOP01-DEL13-MG"
312740;2020-10-07;"quarta-feira";"14:45:00";"SC";470;48,2;"BLUMENAU";"Falta de Atenção à Condução";"Colisão traseira";"Com Vítimas Feridas";"Pleno dia";"Decrescente";"Céu Claro";"Dupla";"Reta";"Não";2;0;1;0;1;0;1;2;-26,859823;-49,055393;"SPRF-SC";"DEL04-SC";"UOP01-DEL04-SC"
312742;2020-10-07;"quarta-feira";"14:10:00";"AL";101;137,8;"SAO MIGUEL DOS CAMPOS";"Falta de Atenção à Condução";"Colisão lateral";"Com Vítimas Feridas";"Pleno dia";"Crescente";"Céu Claro";"Simples";"Interseção de Vias";"Sim";2;0;1;0;1;0;1;2;-9,80260488;-36,11277021;"SPRF-AL";"DEL02-AL";"UOP01-DEL02-AL"
312745;2020-10-07;"quarta-feira";"14:40:00";"SC";282;578;"PINHALZINHO";"Falta de Atenção à Condução";"Colisão transversal";"Com Vítimas Feridas";"Pleno dia";"Decrescente";"Céu Claro";"Simples";"Rotatória";"Não";2;0;1;0;1;0;1;2;-26,838364;-52,985279;"SPRF-SC";"DEL07-SC";"UOP02-DEL07-SC"