"id";"data_inversa";"dia_semana";"horario";"uf";"br";"km";"municipio";"causa_acidente";"tipo_acidente";"classificacao_acidente";"fase_dia";"sentido_via";"condicao_metereologica";"tipo_pista";"tracado_via";"uso_solo";"pessoas";"mortos";"feridos_leves";"feridos_graves";"ilesos";"ignorados";"feridos";"veiculos";"latitude";"longitude";"regional";"delegacia";"uop"
312746;2020-10-07;"quarta-feira";"15:10:00";"MG";40;529,8;"CONTAGEM";"Defeito Mecânico no Veículo";"Colisão com objeto estático";"Com Vítimas Feridas";"Pleno dia";"Decrescente";"Céu Claro";"Dupla";"Curva";"Sim";2;0;1;1;0;0;2;1;-19,91635592;-44,03966566;"SPRF-MG";"DEL01-MG";"UOP02-DEL01-MG"
312748;2020-10-07;"quarta-feira";"15:10:00";"PR";116;110;"CURITIBA";"Falta de Atenção à Condução";"Colisão traseira";"Sem Vítimas";"Pleno dia";"Crescente";"Nublado";"Dupla";"Reta";"Não";2;0;0;0;2;0;0;2;-25,57012941;-49,21736805;"SPRF-PR";"DEL01-PR";"UOP01-DEL01-PR"
312751;2020-10-07;"quarta-feira";"15:40:00";"MG";381;944,1;"EXTREMA";"Falta de Atenção à Condução";"Saída de leito carroçável";"Com Vítimas Feridas";"Pleno dia";"Crescente";"Nublado";"Dupla";"Reta";"Não";7;0;5;1;1;0;6;3;-22,87479042;-46,36655782;"SPRF-MG";"DEL16-MG";"UOP03-DEL16-MG"
312752;2020-10-07;"quarta-feira";"16:15:00";"PR";376;3,5;"SAO JOSE DOS PINHAIS";"Velocidade Incompatível";"Capotamento";"Com Vítimas Feridas";"Pleno dia";"Crescente";"Céu Claro";"Dupla";"Reta";"Sim";4;0;1;0;3;0;1;3;-25,5307;-49,1958;"SPRF-PR";"DEL01-PR";"UOP01-DEL01-PR"
312753;2020-10-07;"quarta-feira";"16:40:00";"AP";210;8;"MACAPA";"Carga excessiva e/ou mal acondicionada";"Tombamento";"Com Vítimas Feridas";"Pleno dia";"Decrescente";"Céu Claro";"Dupla";"Rotatória";"Sim";1;0;1;0;0;0;1;1;0,1045;-51,126076;"SPRF-AP";"DEL01-AP";"UOP01-DEL01-AP"
312755;2020-10-07;"quarta-feira";"16:20:00";"BA";324;574;"SAO SEBASTIAO DO PASSE";"Não guardar distância de segurança";"Engavetamento";"Sem Vítimas";"Pleno dia";"Decrescente";"Sol";"Dupla";"Reta";"Não";4;0;0;0;4;0;0;4;-12,56758892;-38,55238794;"SPRF-BA";"DEL01-BA";"UOP01-DEL01-BA"
312757;2020-10-07;"quarta-feira";"16:30:00";"GO";40;5,3;"VALPARAISO DE GOIAS";"Desobediência às normas de trânsito pelo condutor";"Colisão traseira";"Com Vítimas Feridas";"Pleno dia";"Crescente";"Céu Claro";"Dupla";"Reta";"Sim";3;0;2;0;1;0;2;2;-16,093134;-47,982236;"SPRF-DF";"DEL01-DF";"UOP01-DEL01-DF"
312759;2020-10-07;"quarta-feira";"15:00:00";"RN";427;137,7;"SERRA NEGRA DO NORTE";"Animais na Pista";"Atropelamento de Animal";"Com Vítimas Feridas";"Pleno dia";"Crescente";"Céu Claro";"Simples";"Declive;Reta";"Não";5;0;3;0;1;1;3;2;-6,628474;-37,341317;"SPRF-RN";"DEL03-RN";"UOP01-DEL03-RN"
312760;2020-10-07;"quarta-feira";"17:20:00";"PI";343;348,2;"TERESINA";"Desobediência às normas de trânsito pelo condutor";"Colisão transversal";"Com Vítimas Feridas";"Pleno dia";"Decrescente";"Céu Claro";"Simples";"Reta";"Sim";2;0;1;0;1;0;1;2;-5,118706;-42,786411;"SPRF-PI";"DEL01-PI";"UOP01-DEL01-PI"
312765;2020-10-07;"quarta-feira";"16:56:00";"PA";163;1005;"SANTAREM";"Desobediência às normas de trânsito pelo condutor";"Colisão transversal";"Com Vítimas Feridas";"Pleno dia";"Decrescente";"Céu Claro";"Dupla";"Reta;Interseção de Vias";"Sim";2;0;1;0;1;0;1;2;-2,42459967;-54,73578757;"SPRF-PA";"DEL05-PA";"UOP01-DEL05-PA"
312766;2020-10-03;"sábado";"21:00:00";"RJ";116;135;"MAGE";"Falta de Atenção à Condução";"Atropelamento de Pedestre";"Com Vítimas Feridas";"Plena Noite";"Crescente";"Céu Claro";"Dupla";"Reta";"Sim";2;0;0;1;1;0;1;2;-22,65225773;-43,16309893;"SPRF-RJ";"DEL04-RJ";"UOP02-DEL04-RJ"
312767;2020-10-07;"quarta-feira";"17:30:00";"PE";101;165;"AGUA PRETA";"Defeito Mecânico no Veículo";"Incêndio";"Sem Vítimas";"Anoitecer";"Crescente";"Céu Claro";"Dupla";"Reta";"Não";1;0;0;0;1;0;0;1;-8,5582542;-35,46075797;"SPRF-PE";"DEL01-PE";"UOP03-DEL01-PE"
312768;2020-10-07;"quarta-feira";"18:00:00";"PR";277;104;"CAMPO LARGO";"Não guardar distância de segurança";"Colisão traseira";"Com Vítimas Feridas";"Pleno dia";"Decrescente";"Céu Claro";"Dupla";"Retorno Regulamentado";"Não";2;0;1;0;1;0;1;2;-25,49678798;-49,3426549;"SPRF-PR";"DEL01-PR";"UOP01-DEL01-PR"
312769;2020-10-07;"quarta-feira";"13:30:00";"PE";424;89,3;"GARANHUNS";"Falta de Atenção à Condução";"Colisão transversal";"Com Vítimas Fatais";"Pleno dia";"Decrescente";"Céu Claro";"Simples";"Curva";"Sim";2;1;0;0;1;0;0;2;-8,89138375;-36,50571483;"SPRF-PE";"DEL03-PE";"UOP01-DEL03-PE"
312770;2020-10-07;"quarta-feira";"17:20:00";"SP";116;217,8;"GUARULHOS";"Não guardar distância de segurança";"Colisão lateral";"Com Vítimas Feridas";"Pleno dia";"Decrescente";"Sol";"Múltipla";"Reta";"Não";2;0;1;0;1;0;1;2;-23,45423824;-46,47119028;"SPRF-SP";"DEL01-SP";"UOP01-DEL01-SP"
312772;2020-10-07;"quarta-feira";"18:00:00";"PE";101;77;"RECIFE";"Falta de Atenção à Condução";"Colisão transversal";"Com Vítimas Feridas";"Anoitecer";"Crescente";"Céu Claro";"Dupla";"Reta";"Sim";2;0;0;1;1;0;1;2;-8,11813811;-34,94329214;"SPRF-PE";"DEL01-PE";"UOP01-DEL01-PE"
312773;2020-10-07;"quarta-feira";"17:50:00";"RS";386;435;"NOVA SANTA RITA";"Desobediência às normas de trânsito pelo condutor";"Colisão transversal";"Sem Vítimas";"Anoitecer";"Crescente";"Céu Claro";"Dupla";"Reta";"Não";2;0;0;0;2;0;0;2;-29,846369;-51,275738;"SPRF-RS";"DEL04-RS";"UOP02-DEL04-RS"
312776;2020-10-07;"quarta-feira";"18:40:00";"MG";40;702,1;"BARBACENA";"Ultrapassagem Indevida";"Colisão frontal";"Com Vítimas Feridas";"Plena Noite";"Decrescente";"Céu Claro";"Múltipla";"Curva";"Sim";5;0;0;3;0;2;3;3;-21,21908088;-43,74240875;"SPRF-MG";"DEL05-MG";"UOP02-DEL05-MG"
312777;2020-10-07;"quarta-feira";"18:30:00";"MG";40;526;"CONTAGEM";"Não guardar distância de segurança";"Colisão traseira";"Com Vítimas Feridas";"Plena Noite";"Decrescente";"Céu Claro";"Dupla";"Reta";"Sim";2;0;1;0;1;0;1;2;-19,89255399;-44,04985478;"SPRF-MG";"DEL01-MG";"UOP02-DEL01-MG"
312778;2020-10-07;"quarta-feira";"18:40:00";"RS";116;257;"ESTEIO";"Falta de Atenção à Condução";"Colisão traseira";"Com Vítimas Feridas";"Pleno dia";"Crescente";"Céu Claro";"Dupla";"Reta";"Sim";2;0;1;0;1;0;1;2;-29,85262195;-51,17968329;"SPRF-RS";"DEL01-RS";"UOP02-DEL01-RS"
312780;2020-10-07;"quarta-feira";"16:00:00";"PA";316;88,4;"SAO FRANCISCO DO PARA";"Falta de Atenção à Condução";"Colisão traseira";"Com Vítimas Feridas";"Pleno dia";"Decrescente";"Céu Claro";"Simples";"Reta";"Não";2;0;1;0;1;0;1;2;-1,31634977;-47,70955196;"SPRF-PA";"DEL01-PA";"UOP02-DEL01-PA"
312781;2020-10-07;"quarta-feira";"17:25:00";"MG";116;707,4;"MURIAE";"Falta de Atenção à Condução";"Tombamento";"Com Vítimas Feridas";"Anoitecer";"Crescente";"Céu Claro";"Simples";"Rotatória";"Sim";2;0;2;0;0;0;2;1;-21,15538281;-42,38264744;"SPRF-MG";"DEL07-MG";"UOP02-DEL07-MG"
312783;2020-10-07;"quarta-feira";"18:45:00";"PR";158;526;"PATO BRANCO";"Falta de Atenção à Condução";"Saída de leito carroçável";"Com Vítimas Feridas";"Plena Noite";"Decrescente";"Céu Claro";"Simples";"Reta";"Não";1;0;1;0;0;0;1;1;-26,1648078;-52,66418695;"SPRF-PR";"DEL02-PR";"UOP01-DEL02-PR"
312785;2020-10-07;"quarta-feira";"18:45:00";"SP";116;145,7;"SAO JOSE DOS CAMPOS";"Falta de Atenção à Condução";"Tombamento";"Com Vítimas Feridas";"Plena Noite";"Crescente";"Céu Claro";"Dupla";"Reta;Declive";"Não";1;0;1;0;0;0;1;1;-23,1869844;-45,8548078;"SPRF-SP";"DEL02-SP";"UOP01-DEL02-SP"
312786;2020-10-07;"quarta-feira";"19:30:00";"SE";101;91,5;"NOSSA SENHORA DO SOCORRO";"Falta de Atenção à Condução";"Tombamento";"Com Vítimas Feridas";"Plena Noite";"Decrescente";"Céu Claro";"Múltipla";"Reta";"Sim";2;0;2;0;0;0;2;1;-10,89849802;-37,13176324;"SPRF-SE";"DEL01-SE";"UOP01-DEL01-SE"
312787;2020-10-07;"quarta-feira";"19:10:00";"RS";116;114,4;"SAO MARCOS";"Ingestão de Álcool";"Colisão transversal";"Com Vítimas Feridas";"Anoitecer";"Decrescente";"Céu Claro";"Simples";"Interseção de Vias";"Sim";3;0;2;0;1;0;2;2;-28,96397179;-51,0753428;"SPRF-RS";"DEL05-RS";"UOP01-DEL05-RS"
312789;2020-10-07;"quarta-feira";"18:40:00";"PR";277;82,6;"CURITIBA";"Falta de Atenção à Condução";"Colisão lateral";"Com Vítimas Feridas";"Anoitecer";"Decrescente";"Nublado";"Dupla";"Reta";"Sim";1;0;1;0;0;0;1;1;-25,568939;-49,181978;"SPRF-PR";"DEL01-PR";"UOP01-DEL01-PR"
312790;2020-10-07;"quarta-feira";"18:30:00";"PR";277;82;"CURITIBA";"Desobediência às normas de trânsito pelo condutor";"Colisão lateral";"Com Vítimas Feridas";"Plena Noite";"Decrescente";"Nublado";"Dupla";"Reta";"Sim";3;0;1;0;2;0;1;3;-25,4536406;-49,22573447;"SPRF-PR";"DEL01-PR";"UOP01-DEL01-PR"
312791;2020-10-07;"quarta-feira";"19:20:00";"MG";116;451;"ENGENHEIRO CALDAS";"Animais na Pista";"Atropelamento de Animal";"Com Vítimas Feridas";"Plena Noite";"Crescente";"Céu Claro";"Simples";"Reta";"Não";2;0;2;0;0;0;2;2;-19,16092497;-42,02606406;"SPRF-MG";"DEL06-MG";"UOP02-DEL06-MG"
312795;2020-10-07;"quarta-feira";"19:45:00";"PE";104;84,5;"AGRESTINA";"Deficiência ou não Acionamento do Sistema de Iluminação/Sinalização do Veículo";"Colisão traseira";"Com Vítimas Fatais";"Plena Noite";"Crescente";"Céu Claro";"Simples";"Reta";"Não";8;2;1;0;0;5;1;3;-8,430662;-35,959164;"SPRF-PE";"DEL02-PE";"UOP01-DEL02-PE"
312796;2020-10-07;"quarta-feira";"18:50:00";"PR";376;513,8;"PONTA GROSSA";"Falta de Atenção à Condução";"Colisão traseira";"Com Vítimas Feridas";"Anoitecer";"Crescente";"Céu Claro";"Dupla";"Curva";"Não";2;0;0;1;1;0;1;2;-25,26431795;-49,97260494;"SPRF-PR";"DEL03-PR";"UOP04-DEL03-PR"
312797;2020-10-07;"quarta-feira";"20:40:00";"MT";70;7;"BARRA DO GARCAS";"Falta de Atenção à Condução";"Colisão frontal";"Com Vítimas Feridas";"Plena Noite";"Crescente";"Céu Claro";"Simples";"Reta";"Sim";3;0;1;0;2;0;1;2;-15,878143;-52,316788;"SPRF-MT";"DEL07-MT";"UOP01-DEL07-MT"
312798;2020-10-07;"quarta-feira";"20:00:00";"DF";20;45,8;"BRASILIA";"Ingestão de Álcool";"Saída de leito carroçável";"Com Vítimas Feridas";"Plena Noite";"Decrescente";"Céu Claro";"Dupla";"Reta";"Não";1;0;1;0;0;0;1;1;-15,577153;-47,467113;"SPRF-DF";"DEL02-DF";"UOP01-DEL02-DF"
312799;2020-10-07;"quarta-feira";"18:30:00";"MS";60;593,6;"JARDIM";"Não guardar distância de segurança";"Colisão traseira";"Com Vítimas Feridas";"Plena Noite";"Crescente";"Céu Claro";"Simples";"Reta";"Sim";3;0;2;0;1;0;2;2;-21,48542331;-56,15040947;"SPRF-MS";"DEL05-MS";"UOP01-DEL05-MS"
312800;2020-09-29;"terça-feira";"19:00:00";"MG";40;690,4;"ALFREDO VASCONCELOS";"Avarias e/ou desgaste excessivo no pneu";"Colisão lateral";"Com Vítimas Feridas";"Plena Noite";"Decrescente";"Céu Claro";"Dupla";"Curva";"Não";3;0;1;0;2;0;1;2;-21,1016579;-43,76384793;"SPRF-MG";"DEL05-MG";"UOP02-DEL05-MG"
312801;2020-10-07;"quarta-feira";"20:15:00";"PR";116;115;"CURITIBA";"Falta de Atenção à Condução";"Colisão traseira";"Sem Vítimas";"Plena Noite";"Crescente";"Céu Claro";"Dupla";"Reta";"Sim";3;0;0;0;3;0;0;3;-25,54584888;-49,30423737;"SPRF-PR";"DEL01-PR";"UOP01-DEL01-PR"
312803;2020-10-07;"quarta-feira";"20:30:00";"RJ";116;117;"MAGE";"Defeito Mecânico no Veículo";"Incêndio";"Sem Vítimas";"Plena Noite";"Crescente";"Céu Claro";"Dupla";"Reta";"Não";1;0;0;0;1;0;0;1;-22,63154;-43,052395;"SPRF-RJ";"DEL04-RJ";"UOP02-DEL04-RJ"
312804;2020-10-07;"quarta-feira";"21:00:00";"MG";381;479;"CONTAGEM";"Objeto estático sobre o leito carroçável";"Tombamento";"Com Vítimas Feridas";"Plena Noite";"Decrescente";"Céu Claro";"Múltipla";"Curva;Declive";"Sim";1;0;1;0;0;0;1;1;-19,96439437;-44,0450263;"SPRF-MG";"DEL01-MG";"UOP03-DEL01-MG"
312805;2020-10-07;"quarta-feira";"21:00:00";"PR";376;239;"CAMBIRA";"Falta de Atenção à Condução";"Saída de leito carroçável";"Com Vítimas Feridas";"Plena Noite";"Crescente";"Nublado";"Dupla";"Declive";"Não";1;0;1;0;0;0;1;1;-23,56849;-51,546567;"SPRF-PR";"DEL07-PR";"UOP03-DEL07-PR"
312806;2020-10-07;"quarta-feira";"21:10:00";"RJ";116;187;"NOVA IGUACU";"Falta de Atenção à Condução";"Colisão traseira";"Com Vítimas Feridas";"Plena Noite";"Crescente";"Nublado";"Dupla";"Reta";"Não";3;0;1;0;2;0;1;2;-22,73883756;-43,47245197;"SPRF-RJ";"DEL01-RJ";"UOP02-DEL01-RJ"
312807;2020-10-07;"quarta-feira";"21:00:00";"RS";392;691,2;"ROQUE GONZALES";"Falta de Atenção à Condução";"Saída de leito carroçável";"Com Vítimas Feridas";"Plena Noite";"Crescente";"Nublado";"Simples";"Aclive";"Não";2;0;2;0;0;0;2;1;-28,10984029;-55,01506805;"SPRF-RS";"DEL10-RS";"UOP01-DEL10-RS"
312808;2020-10-07;"quarta-feira";"21:15:00";"MG";381;343;"BELA VISTA DE MINAS";"Velocidade Incompatível";"Saída de leito carroçável";"Com Vítimas Feridas";"Plena Noite";"Decrescente";"Chuva";"Simples";"Curva;Declive";"Não";4;0;1;0;3;0;1;1;-19,8419665;-43,0995369;"SPRF-MG";"DEL03-MG";"UOP01-DEL03-MG"
312811;2020-10-07;"quarta-feira";"18:30:00";"MG";267;273;"AIURUOCA";"Ultrapassagem Indevida";"Colisão lateral";"Com Vítimas Fatais";"Anoitecer";"Decrescente";"Céu Claro";"Simples";"Declive;Curva";"Não";4;1;1;1;0;1;2;3;-21,93536969;-44,66495004;"SPRF-MG";"DEL17-MG";"UOP01-DEL17-MG"
312812;2020-10-07;"quarta-feira";"19:30:00";"SP";381;54;"MAIRIPORA";"Falta de Atenção à Condução";"Capotamento";"Com Vítimas Feridas";"Anoitecer";"Crescente";"Céu Claro";"Dupla";"Reta";"Não";1;0;1;0;0;0;1;1;-23,2449074;-46,59562343;"SPRF-SP";"DEL03-SP";"UOP01-DEL03-SP"
312813;2020-10-07;"quarta-feira";"21:45:00";"SP";116;75,2;"APARECIDA";"Falta de Atenção do Pedestre";"Atropelamento de Pedestre";"Com Vítimas Feridas";"Plena Noite";"Crescente";"Céu Claro";"Dupla";"Reta";"Sim";2;0;1;0;1;0;1;2;-22,87521876;-45,26277018;"SPRF-SP";"DEL06-SP";"UOP01-DEL06-SP"
312814;2020-10-07;"quarta-feira";"21:55:00";"RJ";101;496;"ANGRA DOS REIS";"Falta de Atenção à Condução";"Colisão lateral";"Com Vítimas Feridas";"Plena Noite";"Decrescente";"Chuva";"Simples";"Reta";"Não";6;0;1;0;5;0;1;2;-22,92380194;-44,32287703;"SPRF-RJ";"DEL03-RJ";"UOP03-DEL03-RJ"
312815;2020-10-07;"quarta-feira";"22:20:00";"ES";262;1,8;"CARIACICA";"Desobediência às normas de trânsito pelo condutor";"Colisão transversal";"Com Vítimas Feridas";"Plena Noite";"Decrescente";"Céu Claro";"Múltipla";"Reta";"Sim";2;0;1;0;0;1;1;2;-20,32955204;-40,35492602;"SPRF-ES";"DEL01-ES";"UOP01-DEL01-ES"
312816;2020-10-07;"quarta-feira";"22:00:00";"RS";116;143;"CAXIAS DO SUL";"Desobediência às normas de trânsito pelo condutor";"Colisão lateral";"Sem Vítimas";"Plena Noite";"Crescente";"Céu Claro";"Dupla";"Reta";"Sim";2;0;0;0;1;1;0;2;-29,1201739;-51,12260651;"SPRF-RS";"DEL05-RS";"UOP01-DEL05-RS"
312817;2020-10-07;"quarta-feira";"18:20:00";"RO";319;60;"PORTO VELHO";"Falta de Atenção à Condução";"Tombamento";"Com Vítimas Feridas";"Plena Noite";"Decrescente";"Céu Claro";"Dupla";"Rotatória;Interseção de Vias";"Sim";1;0;1;0;0;0;1;1;-8,74054288;-63,8892746;"SPRF-RO";"DEL01-RO";"UOP01-DEL01-RO"
312818;2020-10-07;"quarta-feira";"22:50:00";"RJ";101;480;"ANGRA DOS REIS";"Pista Escorregadia";"Colisão com objeto estático";"Com Vítimas Feridas";"Plena Noite";"Crescente";"Céu Claro";"Simples";"Reta";"Sim";1;0;1;0;0;0;1;1;-23,01331268;-44,28361913;"SPRF-RJ";"DEL03-RJ";"UOP03-DEL03-RJ"
312819;2020-10-07;"quarta-feira";"22:30:00";"BA";407;2;"JUAZEIRO";"Falta de Atenção do Pedestre";"Atropelamento de Pedestre";"Com Vítimas Feridas";"Plena Noite";"Crescente";"Céu Claro";"Simples";"Reta";"Sim";2;0;2;0;0;0;2;2;-9,4250917;-40,50357694;"SPRF-PE";"DEL06-PE";"UOP01-DEL06-PE"
312820;2020-10-03;"sábado";"02:15:00";"RJ";116;296;"PORTO REAL";"Defeito Mecânico no Veículo";"Incêndio";"Sem Vítimas";"Plena Noite";"Crescente";"Nublado";"Dupla";"Reta";"Não";1;0;0;0;0;1;0;1;-22,44937197;-44,32171194;"SPRF-RJ";"DEL07-RJ";"UOP02-DEL07-RJ"
312822;2020-10-07;"quarta-feira";"21:30:00";"MG";365;623;"UBERLANDIA";"Falta de Atenção à Condução";"Queda de ocupante de veículo";"Com Vítimas Feridas";"Plena Noite";"Crescente";"Céu Claro";"Múltipla";"Reta";"Sim";1;0;0;1;0;0;1;1;-18,9100325;-48,30694985;"SPRF-MG";"DEL15-MG";"UOP01-DEL15-MG"
312823;2020-10-07;"quarta-feira";"19:45:00";"MG";262;693,9;"ARAXA";"Falta de Atenção à Condução";"Saída de leito carroçável";"Sem Vítimas";"Plena Noite";"Decrescente";"Nublado";"Simples";"Rotatória";"Não";2;0;0;0;2;0;0;1;-19,57389093;-46,99735402;"SPRF-MG";"DEL08-MG";"UOP01-DEL08-MG"
312825;2020-10-07;"quarta-feira";"23:00:00";"SC";470;11,5;"NAVEGANTES";"Ingestão de Álcool";"Colisão traseira";"Sem Vítimas";"Plena Noite";"Decrescente";"Céu Claro";"Simples";"Reta";"Não";3;0;0;0;2;1;0;3;-26,834309;-48,747269;"SPRF-SC";"DEL04-SC";"UOP04-DEL04-SC"
312826;2020-10-07;"quarta-feira";"21:30:00";"MG";262;434;"NOVA SERRANA";"Falta de Atenção à Condução";"Capotamento";"Sem Vítimas";"Plena Noite";"Crescente";"Céu Claro";"Dupla";"Reta";"Não";1;0;0;0;0;1;0;1;-19,89266739;-44,84258586;"SPRF-MG";"DEL08-MG";"UOP03-DEL08-MG"
312829;2020-10-07;"quarta-feira";"14:50:00";"MG";251;207,5;"CACHOEIRA DE PAJEU";"Defeito Mecânico no Veículo";"Saída de leito carroçável";"Com Vítimas Feridas";"Pleno dia";"Decrescente";"Céu Claro";"Simples";"Reta";"Não";5;0;4;0;1;0;4;1;-15,88953489;-41,52776327;"SPRF-MG";"DEL11-MG";"UOP02-DEL11-MG"
312831;2020-09-27;"domingo";"11:30:00";"ES";101;308,8;"VIANA";"Ingestão de Substâncias Psicoativas";"Colisão frontal";"Com Vítimas Feridas";"Pleno dia";"Crescente";"Céu Claro";"Simples";"Curva";"Não";5;0;1;3;0;1;4;3;-20,40809191;-40,45835336;"SPRF-ES";"DEL01-ES";"UOP01-DEL01-ES"
312833;2020-10-08;"quinta-feira";"00:15:00";"RJ";101;295;"ITABORAI";"Falta de Atenção à Condução";"Capotamento";"Com Vítimas Feridas";"Plena Noite";"Decrescente";"Chuva";"Dupla";"Curva";"Sim";1;0;1;0;0;0;1;1;-22,76365068;-42,90223623;"SPRF-RJ";"DEL02-RJ";"UOP02-DEL02-RJ"
312834;2020-10-08;"quinta-feira";"01:00:00";"MG";40;529;"CONTAGEM";"Ingestão de Álcool";"Colisão com objeto estático";"Com Vítimas Feridas";"Plena Noite";"Crescente";"Nublado";"Dupla";"Curva";"Sim";1;0;1;0;0;0;1;1;-19,92122858;-44,03672218;"SPRF-MG";"DEL01-MG";"UOP02-DEL01-MG"
312838;2020-10-07;"quarta-feira";"10:10:00";"ES";484;108,3;"AFONSO CLAUDIO";"Velocidade Incompatível";"Queda de ocupante de veículo";"Com Vítimas Feridas";"Pleno dia";"Crescente";"Sol";"Simples";"Reta";"Não";1;0;1;0;0;0;1;1;-20,06833448;-41,08356308;"SPRF-ES";"DEL01-ES";"UOP02-DEL01-ES"
312839;2020-10-08;"quinta-feira";"00:05:00";"MG";262;445;"NOVA SERRANA";"Falta de Atenção à Condução";"Tombamento";"Com Vítimas Feridas";"Plena Noite";"Decrescente";"Nublado";"Múltipla";"Reta";"Sim";1;0;1;0;0;0;1;1;-19,87799664;-44,94086286;"SPRF-MG";"DEL08-MG";"UOP03-DEL08-MG"
312843;2020-10-08;"quinta-feira";"01:15:00";"PB";230;505,9;"CAJAZEIRAS";"Ingestão de álcool e/ou substâncias psicoativas pelo pedestre";"Atropelamento de Pedestre";"Com Vítimas Fatais";"Plena Noite";"Crescente";"Céu Claro";"Simples";"Aclive";"Sim";2;1;0;0;0;1;0;2;-6,8995;-38,5494;"SPRF-PB";"DEL03-PB";"UOP03-DEL03-PB"
312844;2020-10-08;"quinta-feira";"02:50:00";"MG";381;579,1;"CARMOPOLIS DE MINAS";"Condutor Dormindo";"Saída de leito carroçável";"Com Vítimas Feridas";"Plena Noite";"Decrescente";"Céu Claro";"Dupla";"Curva";"Não";4;0;4;0;0;0;4;1;-20,49967704;-44,60847254;"SPRF-MG";"DEL04-MG";"UOP01-DEL04-MG"
312845;2020-10-08;"quinta-feira";"02:30:00";"ES";259;53;"COLATINA";"Animais na Pista";"Atropelamento de Animal";"Com Vítimas Feridas";"Plena Noite";"Decrescente";"Céu Claro";"Simples";"Declive";"Não";1;0;1;0;0;0;1;1;-19,49988914;-40,62958717;"SPRF-ES";"DEL02-ES";"UOP01-DEL02-ES"
312849;2020-10-08;"quinta-feira";"04:40:00";"RN";427;103,8;"CAICO";"Animais na Pista";"Atropelamento de Animal";"Com Vítimas Feridas";"Amanhecer";"Crescente";"Céu Claro";"Simples";"Declive";"Não";2;0;0;2;0;0;2;1;-6,44863;-37,136646;"SPRF-RN";"DEL03-RN";"UOP01-DEL03-RN"
312851;2020-10-08;"quinta-feira";"02:00:00";"MG";40;634,5;"CONSELHEIRO LAFAIETE";"Falta de Atenção à Condução";"Colisão com objeto estático";"Com Vítimas Feridas";"Plena Noite";"Crescente";"Nublado";"Simples";"Curva";"Não";1;0;1;0;0;0;1;1;-20,68976185;-43,79012462;"SPRF-MG";"DEL05-MG";"UOP02-DEL05-MG"
312854;2020-10-08;"quinta-feira";"04:30:00";"MS";60;593,1;"JARDIM";"Desobediência às normas de trânsito pelo condutor";"Colisão transversal";"Com Vítimas Feridas";"Amanhecer";"Decrescente";"Céu Claro";"Simples";"Interseção de Vias";"Sim";2;0;1;0;1;0;1;2;-21,48595721;-56,15154147;"SPRF-MS";"DEL05-MS";"UOP01-DEL05-MS"
312855;2020-10-08;"quinta-feira";"05:20:00";"PE";101;56;"ABREU E LIMA";"Não guardar distância de segurança";"Colisão traseira";"Sem Vítimas";"Pleno dia";"Crescente";"Céu Claro";"Dupla";"Reta";"Sim";2;0;0;0;2;0;0;2;-7,9554509;-34,91140727;"SPRF-PE";"DEL01-PE";"UOP02-DEL01-PE"
312861;2020-10-08;"quinta-feira";"06:50:00";"SP";116;221;"GUARULHOS";"Não guardar distância de segurança";"Tombamento";"Com Vítimas Feridas";"Pleno dia";"Decrescente";"Chuva";"Múltipla";"Reta";"Sim";1;0;1;0;0;0;1;1;-23,46802395;-46,50704901;"SPRF-SP";"DEL01-SP";"UOP01-DEL01-SP"
312862;2020-10-08;"quinta-feira";"05:00:00";"BA";407;0;"JUAZEIRO";"Condutor Dormindo";"Colisão com objeto estático";"Com Vítimas Feridas";"Amanhecer";"Decrescente";"Céu Claro";"Dupla";"Ponte";"Sim";1;0;1;0;0;0;1;1;-9,409546;-40,505337;"SPRF-PE";"DEL06-PE";"UOP01-DEL06-PE"
312863;2020-09-14;"segunda-feira";"17:40:00";"SE";235;46,4;"ITABAIANA";"Falta de Atenção à Condução";"Colisão traseira";"Com Vítimas Feridas";"Plena Noite";"Crescente";"Céu Claro";"Simples";"Ponte";"Não";3;0;1;0;0;2;1;3;-10,739394;-37,405602;"SPRF-SE";"DEL01-SE";"UOP02-DEL01-SE"
312864;2020-10-08;"quinta-feira";"06:50:00";"RN";101;97;"NATAL";"Falta de Atenção à Condução";"Colisão lateral";"Com Vítimas Feridas";"Pleno dia";"Decrescente";"Céu Claro";"Dupla";"Reta";"Sim";2;0;1;0;1;0;1;2;-5,85758898;-35,21271205;"SPRF-RN";"DEL01-RN";"UOP01-DEL01-RN"
312866;2020-10-08;"quinta-feira";"03:50:00";"RS";287;340;"SAO VICENTE DO SUL";"Ingestão de Álcool";"Saída de leito carroçável";"Sem Vítimas";"Plena Noite";"Crescente";"Nublado";"Simples";"Reta";"Não";1;0;0;0;1;0;0;1;-29,59617811;-54,68583284;"SPRF-RS";"DEL12-RS";"UOP02-DEL12-RS"
312867;2020-10-08;"quinta-feira";"07:35:00";"CE";116;6;"FORTALEZA";"Não guardar distância de segurança";"Colisão traseira";"Com Vítimas Feridas";"Pleno dia";"Crescente";"Céu Claro";"Múltipla";"Reta";"Sim";3;0;1;0;2;0;1;2;-3,802624;-38,50400499;"SPRF-CE";"DEL01-CE";"UOP02-DEL01-CE"