"id";"data_inversa";"dia_semana";"horario";"uf";"br";"km";"municipio";"causa_acidente";"tipo_acidente";"classificacao_acidente";"fase_dia";"sentido_via";"condicao_metereologica";"tipo_pista";"tracado_via";"uso_solo";"pessoas";"mortos";"feridos_leves";"feridos_graves";"ilesos";"ignorados";"feridos";"veiculos";"latitude";"longitude";"regional";"delegacia";"uop"
312988;2020-10-08;"quinta-feira";"18:10:00";"ES";101;271,1;"SERRA";"Desobediência às normas de trânsito pelo pedestre";"Atropelamento de Pedestre";"Com Vítimas Feridas";"Plena Noite";"Decrescente";"Nublado";"Múltipla";"Reta";"Sim";2;0;0;1;1;0;1;2;-20,23267;-40,27658;"SPRF-ES";"DEL02-ES";"UOP01-DEL02-ES"
312989;2020-10-08;"quinta-feira";"18:30:00";"SP";116;281;"EMBU DAS ARTES";"Desobediência às normas de trânsito pelo condutor";"Colisão lateral";"Com Vítimas Feridas";"Anoitecer";"Crescente";"Nublado";"Dupla";"Reta";"Sim";3;0;1;0;1;1;1;3;-23,65235256;-46,8480224;"SPRF-SP";"DEL04-SP";"UOP01-DEL04-SP"
312991;2020-10-08;"quinta-feira";"19:30:00";"PB";230;36;"SANTA RITA";"Pista Escorregadia";"Tombamento";"Com Vítimas Feridas";"Plena Noite";"Crescente";"Céu Claro";"Dupla";"Aclive";"Sim";2;0;2;0;0;0;2;1;-7,1246;-34,9473;"SPRF-PB";"DEL01-PB";"UOP03-DEL01-PB"
312992;2020-10-08;"quinta-feira";"19:31:00";"RJ";40;50;"PETROPOLIS";"Animais na Pista";"Atropelamento de Animal";"Com Vítimas Feridas";"Plena Noite";"Decrescente";"Céu Claro";"Dupla";"Reta";"Não";1;0;1;0;0;0;1;1;-22,31806204;-43,13158166;"SPRF-RJ";"DEL05-RJ";"UOP02-DEL05-RJ"
312993;2020-10-08;"quinta-feira";"19:35:00";"RS";290;102,5;"PORTO ALEGRE";"Defeito Mecânico no Veículo";"Queda de ocupante de veículo";"Com Vítimas Feridas";"Plena Noite";"Crescente";"Céu Claro";"Dupla";"Reta";"Não";2;0;2;0;0;0;2;1;-29,99032612;-51,26564026;"SPRF-RS";"DEL01-RS";"UOP01-DEL01-RS"
312994;2020-10-08;"quinta-feira";"12:15:00";"RN";101;125;"SAO JOSE DE MIPIBU";"Falta de Atenção à Condução";"Colisão transversal";"Sem Vítimas";"Pleno dia";"Decrescente";"Céu Claro";"Dupla";"Reta";"Sim";1;0;0;0;1;0;0;1;-6,07815599;-35,23412006;"SPRF-RN";"DEL01-RN";"UOP01-DEL01-RN"
312995;2020-10-08;"quinta-feira";"18:40:00";"RJ";101;61;"CAMPOS DOS GOYTACAZES";"Desobediência às normas de trânsito pelo condutor";"Colisão transversal";"Com Vítimas Feridas";"Plena Noite";"Crescente";"Nublado";"Simples";"Reta";"Sim";3;0;3;0;0;0;3;2;-21,72655788;-41,32133519;"SPRF-RJ";"DEL08-RJ";"UOP01-DEL08-RJ"
312997;2020-10-08;"quinta-feira";"15:45:00";"SP";116;561,8;"BARRA DO TURVO";"Velocidade Incompatível";"Capotamento";"Com Vítimas Feridas";"Pleno dia";"Crescente";"Chuva";"Dupla";"Curva";"Não";1;0;1;0;0;0;1;1;-25,02045097;-48,51586004;"SPRF-SP";"DEL05-SP";"UOP02-DEL05-SP"
313000;2020-10-08;"quinta-feira";"16:00:00";"PR";116;1;"CAMPINA GRANDE DO SUL";"Pista Escorregadia";"Saída de leito carroçável";"Sem Vítimas";"Pleno dia";"Decrescente";"Chuva";"Dupla";"Curva";"Não";1;0;0;0;1;0;0;1;-25,06368403;-48,57051896;"SPRF-PR";"DEL01-PR";"UOP02-DEL01-PR"
313001;2020-10-08;"quinta-feira";"19:50:00";"RJ";393;296;"VOLTA REDONDA";"Desobediência às normas de trânsito pelo condutor";"Colisão lateral";"Sem Vítimas";"Plena Noite";"Crescente";"Nublado";"Simples";"Reta";"Sim";1;0;0;0;0;1;0;1;-22,527174;-44,116318;"SPRF-RJ";"DEL07-RJ";"UOP02-DEL07-RJ"
313002;2020-10-08;"quinta-feira";"20:30:00";"RS";285;120,4;"VACARIA";"Falta de Atenção à Condução";"Queda de ocupante de veículo";"Com Vítimas Feridas";"Plena Noite";"Crescente";"Nublado";"Simples";"Reta";"Sim";2;0;1;0;1;0;1;2;-28,506767;-50,926594;"SPRF-RS";"DEL05-RS";"UOP03-DEL05-RS"
313004;2020-10-08;"quinta-feira";"19:45:00";"PB";230;85,9;"GURINHEM";"Defeito na Via";"Tombamento";"Com Vítimas Feridas";"Plena Noite";"Decrescente";"Céu Claro";"Dupla";"Declive";"Não";4;0;2;0;2;0;2;1;-7,1652;-35,3534;"SPRF-PB";"DEL01-PB";"UOP03-DEL01-PB"
313005;2020-10-08;"quinta-feira";"21:15:00";"PE";101;7;"GOIANA";"Falta de Atenção à Condução";"Colisão traseira";"Com Vítimas Feridas";"Plena Noite";"Crescente";"Vento";"Dupla";"Reta";"Sim";3;0;1;0;2;0;1;2;-7,55997111;-34,99072674;"SPRF-PE";"DEL01-PE";"UOP02-DEL01-PE"
313006;2020-10-08;"quinta-feira";"20:30:00";"CE";222;3,8;"CAUCAIA";"Desobediência às normas de trânsito pelo condutor";"Colisão transversal";"Com Vítimas Feridas";"Plena Noite";"Crescente";"Céu Claro";"Múltipla";"Reta";"Sim";2;0;0;1;0;1;1;2;-3,7403769;-38,59569202;"SPRF-CE";"DEL01-CE";"UOP01-DEL01-CE"
313007;2020-10-08;"quinta-feira";"19:15:00";"PR";376;217;"JANDAIA DO SUL";"Velocidade Incompatível";"Queda de ocupante de veículo";"Com Vítimas Feridas";"Plena Noite";"Decrescente";"Céu Claro";"Simples";"Reta";"Sim";1;0;0;1;0;0;1;1;-23,5978436;-51,62416462;"SPRF-PR";"DEL09-PR";"UOP01-DEL09-PR"
313008;2020-10-08;"quinta-feira";"20:45:00";"SP";116;224;"GUARULHOS";"Ingestão de Álcool";"Colisão traseira";"Sem Vítimas";"Plena Noite";"Decrescente";"Nublado";"Dupla";"Reta";"Sim";2;0;0;0;2;0;0;2;-23,48071896;-46,53271603;"SPRF-SP";"DEL01-SP";"UOP01-DEL01-SP"
313011;2020-10-08;"quinta-feira";"22:10:00";"RS";290;59,1;"GRAVATAI";"Ingestão de Álcool";"Colisão traseira";"Com Vítimas Feridas";"Pleno dia";"Crescente";"Nublado";"Dupla";"Reta";"Não";3;0;3;0;0;0;3;2;-29,922428;-50,84845;"SPRF-RS";"DEL03-RS";"UOP01-DEL03-RS"
313012;2020-10-08;"quinta-feira";"21:05:00";"BA";116;823;"VITORIA DA CONQUISTA";"Ingestão de Álcool";"Colisão lateral";"Com Vítimas Feridas";"Plena Noite";"Decrescente";"Céu Claro";"Dupla";"Interseção de Vias";"Sim";2;0;1;0;1;0;1;2;-14,85795835;-40,8493585;"SPRF-BA";"DEL08-BA";"UOP01-DEL08-BA"
313015;2020-10-08;"quinta-feira";"21:00:00";"PR";277;531,3;"CAMPO BONITO";"Falta de Atenção à Condução";"Colisão transversal";"Com Vítimas Feridas";"Plena Noite";"Crescente";"Céu Claro";"Simples";"Interseção de Vias;Reta";"Não";3;0;1;0;2;0;1;2;-25,09412204;-52,95864699;"SPRF-PR";"DEL04-PR";"UOP01-DEL04-PR"
313016;2020-10-04;"domingo";"17:10:00";"PR";116;136;"FAZENDA RIO GRANDE";"Falta de Atenção à Condução";"Engavetamento";"Com Vítimas Feridas";"Pleno dia";"Decrescente";"Céu Claro";"Dupla";"Reta";"Sim";6;0;1;0;5;0;1;5;-25,69308504;-49,31768479;"SPRF-PR";"DEL01-PR";"UOP03-DEL01-PR"
313020;2020-10-08;"quinta-feira";"22:45:00";"PB";101;95;"ALHANDRA";"Desobediência às normas de trânsito pelo condutor";"Colisão lateral";"Sem Vítimas";"Pleno dia";"Crescente";"Céu Claro";"Dupla";"Declive";"Não";2;0;0;0;1;1;0;2;-7,22379403;-34,91488195;"SPRF-PB";"DEL01-PB";"UOP02-DEL01-PB"
313023;2020-10-08;"quinta-feira";"22:40:00";"MG";116;274,9;"TEOFILO OTONI";"Falta de Atenção à Condução";"Colisão traseira";"Com Vítimas Feridas";"Plena Noite";"Decrescente";"Céu Claro";"Simples";"Reta";"Sim";2;0;1;0;1;0;1;2;-17,83384514;-41,51094368;"SPRF-MG";"DEL11-MG";"UOP01-DEL11-MG"
313024;2020-10-08;"quinta-feira";"18:27:00";"RJ";101;333;"RIO DE JANEIRO";"Não guardar distância de segurança";"Colisão traseira";"Com Vítimas Feridas";"Plena Noite";"Decrescente";"Céu Claro";"Dupla";"Reta";"Sim";2;0;1;0;1;0;1;2;-22,87827816;-43,21053578;"SPRF-RJ";"DEL02-RJ";"UOP02-DEL02-RJ"
313027;2020-08-05;"quarta-feira";"15:20:00";"PB";230;356;"PATOS";"Falta de Atenção à Condução";"Colisão transversal";"Com Vítimas Fatais";"Pleno dia";"Crescente";"Céu Claro";"Simples";"Reta";"Sim";3;1;0;0;2;0;0;2;-6,9258;-37,4284;"SPRF-PB";"DEL03-PB";"UOP02-DEL03-PB"
313031;2020-10-09;"sexta-feira";"00:20:00";"MG";262;374,1;"JUATUBA";"Falta de Atenção à Condução";"Tombamento";"Com Vítimas Feridas";"Plena Noite";"Crescente";"Céu Claro";"Dupla";"Reta";"Não";1;0;0;1;0;0;1;1;-19,96727284;-44,33288566;"SPRF-MG";"DEL01-MG";"UOP03-DEL01-MG"
313033;2020-10-09;"sexta-feira";"00:05:00";"RN";304;124,3;"ITAJA";"Falta de Atenção à Condução";"Queda de ocupante de veículo";"Com Vítimas Fatais";"Plena Noite";"Crescente";"Céu Claro";"Simples";"Declive";"Não";3;1;1;0;1;0;1;2;-5,64980686;-36,82396993;"SPRF-RN";"DEL04-RN";"UOP01-DEL04-RN"
313034;2020-09-19;"sábado";"07:40:00";"ES";101;188;"ARACRUZ";"Defeito na Via";"Queda de ocupante de veículo";"Com Vítimas Feridas";"Pleno dia";"Crescente";"Céu Claro";"Simples";"Curva";"Não";1;0;0;1;0;0;1;1;-19,67569037;-40,26368893;"SPRF-ES";"DEL04-ES";"UOP01-DEL04-ES"
313036;2020-09-10;"quinta-feira";"16:00:00";"ES";101;149;"LINHARES";"Falta de Atenção à Condução";"Colisão transversal";"Com Vítimas Feridas";"Pleno dia";"Crescente";"Céu Claro";"Dupla";"Reta";"Sim";2;0;1;0;1;0;1;2;-19,4020423;-40,06087303;"SPRF-ES";"DEL04-ES";"UOP01-DEL04-ES"
313038;2020-10-09;"sexta-feira";"01:30:00";"GO";40;3,5;"VALPARAISO DE GOIAS";"Restrição de Visibilidade";"Tombamento";"Com Vítimas Feridas";"Plena Noite";"Crescente";"Céu Claro";"Dupla";"Reta";"Sim";1;0;1;0;0;0;1;1;-16,076081;-47,985671;"SPRF-DF";"DEL01-DF";"UOP01-DEL01-DF"
313039;2020-10-09;"sexta-feira";"01:40:00";"SP";381;50;"ATIBAIA";"Falta de Atenção à Condução";"Colisão lateral";"Com Vítimas Fatais";"Plena Noite";"Crescente";"Céu Claro";"Dupla";"Declive;Reta";"Sim";2;1;0;0;0;1;0;2;-23,20535293;-46,59066516;"SPRF-SP";"DEL03-SP";"UOP01-DEL03-SP"
313040;2020-10-08;"quinta-feira";"17:00:00";"BA";407;225,5;"CAPIM GROSSO";"Falta de Atenção à Condução";"Colisão transversal";"Com Vítimas Feridas";"Anoitecer";"Decrescente";"Céu Claro";"Simples";"Reta";"Não";2;0;2;0;0;0;2;2;-11,31364801;-40,01837012;"SPRF-BA";"DEL04-BA";"UOP02-DEL04-BA"
313042;2020-10-09;"sexta-feira";"01:10:00";"SC";101;271,5;"IMBITUBA";"Restrição de Visibilidade";"Colisão traseira";"Com Vítimas Feridas";"Plena Noite";"Decrescente";"Garoa/Chuvisco";"Dupla";"Reta";"Não";3;0;0;2;1;0;2;2;-28,11780197;-48,69928995;"SPRF-SC";"DEL02-SC";"UOP03-DEL02-SC"
313043;2020-10-09;"sexta-feira";"01:10:00";"DF";80;25;"BRASILIA";"Ingestão de Substâncias Psicoativas";"Capotamento";"Com Vítimas Feridas";"Plena Noite";"Crescente";"Nublado";"Simples";"Reta";"Sim";1;0;1;0;0;0;1;1;-15,62121;-48,198963;"SPRF-DF";"DEL03-DF";"UOP02-DEL03-DF"
313044;2020-10-09;"sexta-feira";"02:02:00";"MG";381;492;"BETIM";"Ingestão de álcool e/ou substâncias psicoativas pelo pedestre";"Colisão com objeto estático";"Sem Vítimas";"Plena Noite";"Decrescente";"Céu Claro";"Dupla";"Reta";"Sim";1;0;0;0;1;0;0;1;-19,97490091;-44,19004301;"SPRF-MG";"DEL01-MG";"UOP03-DEL01-MG"
313045;2020-10-09;"sexta-feira";"01:40:00";"SC";101;207;"SAO JOSE";"Ingestão de Álcool";"Colisão traseira";"Sem Vítimas";"Plena Noite";"Crescente";"Céu Claro";"Dupla";"Reta";"Sim";2;0;0;0;2;0;0;2;-27,60001226;-48,6226467;"SPRF-SC";"DEL01-SC";"UOP01-DEL01-SC"
313048;2020-10-09;"sexta-feira";"02:30:00";"PE";101;54,9;"PAULISTA";"Falta de Atenção à Condução";"Colisão transversal";"Com Vítimas Feridas";"Plena Noite";"Decrescente";"Céu Claro";"Dupla";"Interseção de Vias;Reta";"Sim";2;0;1;0;1;0;1;2;-7,93961103;-34,90356584;"SPRF-PE";"DEL01-PE";"UOP02-DEL01-PE"
313049;2020-10-09;"sexta-feira";"01:45:00";"SP";116;518,5;"CAJATI";"Velocidade Incompatível";"Colisão com objeto estático";"Com Vítimas Feridas";"Plena Noite";"Crescente";"Chuva";"Simples";"Curva";"Não";1;0;1;0;0;0;1;1;-24,88391594;-48,22626356;"SPRF-SP";"DEL05-SP";"UOP02-DEL05-SP"
313051;2020-10-09;"sexta-feira";"02:30:00";"GO";153;190;"URUACU";"Animais na Pista";"Atropelamento de Animal";"Com Vítimas Feridas";"Plena Noite";"Decrescente";"Céu Claro";"Simples";"Reta";"Não";1;0;1;0;0;0;1;1;-14,436918;-49,156758;"SPRF-GO";"DEL07-GO";"UOP02-DEL07-GO"
313053;2020-10-09;"sexta-feira";"02:55:00";"SC";470;108;"APIUNA";"Desobediência às normas de trânsito pelo condutor";"Colisão lateral";"Com Vítimas Feridas";"Plena Noite";"Crescente";"Garoa/Chuvisco";"Simples";"Reta";"Não";4;0;1;0;2;1;1;3;-27,080708;-49,440491;"SPRF-SC";"DEL04-SC";"UOP02-DEL04-SC"
313054;2020-10-09;"sexta-feira";"04:15:00";"MG";381;421;"CAETE";"Desobediência às normas de trânsito pelo condutor";"Colisão com objeto estático";"Com Vítimas Feridas";"Plena Noite";"Decrescente";"Céu Claro";"Dupla";"Em Obras;Declive;Desvio Temporário;Reta";"Não";1;0;1;0;0;0;1;1;-19,78353087;-43,66633394;"SPRF-MG";"DEL01-MG";"UOP01-DEL01-MG"
313055;2020-09-10;"quinta-feira";"12:15:00";"RN";101;97,2;"NATAL";"Falta de Atenção à Condução";"Colisão traseira";"Com Vítimas Feridas";"Pleno dia";"Crescente";"Céu Claro";"Múltipla";"Reta";"Sim";2;0;1;0;1;0;1;2;-5,85762239;-35,21294301;"SPRF-RN";"DEL01-RN";"UOP01-DEL01-RN"
313056;2020-10-09;"sexta-feira";"05:20:00";"SP";116;153;"SAO JOSE DOS CAMPOS";"Falta de Atenção do Pedestre";"Atropelamento de Pedestre";"Com Vítimas Feridas";"Amanhecer";"Decrescente";"Céu Claro";"Múltipla";"Reta";"Sim";2;0;1;0;1;0;1;2;-23,23262274;-45,91372624;"SPRF-SP";"DEL02-SP";"UOP01-DEL02-SP"
313057;2020-10-09;"sexta-feira";"05:00:00";"RS";116;527;"PELOTAS";"Animais na Pista";"Atropelamento de Animal";"Sem Vítimas";"Plena Noite";"Decrescente";"Céu Claro";"Simples";"Reta";"Não";1;0;0;0;1;0;0;1;-31,7470243;-52,40899728;"SPRF-RS";"DEL07-RS";"UOP01-DEL07-RS"
313058;2020-10-09;"sexta-feira";"05:15:00";"DF";60;1,4;"BRASILIA";"Falta de Atenção à Condução";"Saída de leito carroçável";"Com Vítimas Feridas";"Amanhecer";"Crescente";"Céu Claro";"Dupla";"Reta";"Sim";1;0;0;1;0;0;1;1;-15,885093;-48,068954;"SPRF-DF";"DEL03-DF";"UOP01-DEL03-DF"
313059;2020-10-09;"sexta-feira";"04:50:00";"CE";20;206,4;"BOA VIAGEM";"Animais na Pista";"Atropelamento de Animal";"Sem Vítimas";"Amanhecer";"Crescente";"Céu Claro";"Simples";"Reta";"Sim";1;0;0;0;1;0;0;1;-5,128491;-39,738;"SPRF-CE";"DEL02-CE";"UOP02-DEL02-CE"
313060;2020-10-09;"sexta-feira";"06:30:00";"DF";20;16;"BRASILIA";"Falta de Atenção à Condução";"Colisão lateral";"Com Vítimas Feridas";"Pleno dia";"Crescente";"Céu Claro";"Dupla";"Reta";"Não";2;0;1;0;1;0;1;2;-15,625675;-47,725159;"SPRF-DF";"DEL02-DF";"UOP01-DEL02-DF"
313061;2020-10-09;"sexta-feira";"06:20:00";"DF";20;14,6;"BRASILIA";"Falta de Atenção à Condução";"Saída de leito carroçável";"Com Vítimas Fatais";"Pleno dia";"Crescente";"Céu Claro";"Dupla";"Reta";"Sim";5;1;2;2;0;0;4;1;-15,634938;-47,741241;"SPRF-DF";"DEL02-DF";"UOP01-DEL02-DF"
313062;2020-10-09;"sexta-feira";"06:00:00";"GO";50;252;"CATALAO";"Ingestão de Álcool";"Saída de leito carroçável";"Com Vítimas Feridas";"Amanhecer";"Crescente";"Céu Claro";"Dupla";"Reta";"Não";2;0;2;0;0;0;2;1;-17,986;-47,7967;"SPRF-GO";"DEL06-GO";"UOP01-DEL06-GO"
313063;2020-10-09;"sexta-feira";"05:00:00";"MS";262;209,5;"RIBAS DO RIO PARDO";"Velocidade Incompatível";"Colisão frontal";"Com Vítimas Fatais";"Pleno dia";"Decrescente";"Céu Claro";"Simples";"Aclive;Reta";"Não";5;2;0;3;0;0;3;2;-20,46560596;-53,471373;"SPRF-MS";"DEL07-MS";"UOP02-DEL07-MS"
313067;2020-10-09;"sexta-feira";"06:30:00";"SC";470;102,5;"APIUNA";"Desobediência às normas de trânsito pelo condutor";"Colisão frontal";"Com Vítimas Feridas";"Pleno dia";"Crescente";"Nublado";"Simples";"Reta";"Sim";4;0;2;0;2;0;2;2;-27,060822;-49,392761;"SPRF-SC";"DEL04-SC";"UOP02-DEL04-SC"
313071;2020-10-09;"sexta-feira";"07:30:00";"RJ";116;139;"DUQUE DE CAXIAS";"Não guardar distância de segurança";"Colisão traseira";"Com Vítimas Feridas";"Pleno dia";"Crescente";"Nublado";"Dupla";"Reta";"Sim";2;0;1;0;1;0;1;2;-22,64655224;-43,20138601;"SPRF-RJ";"DEL01-RJ";"UOP01-DEL01-RJ"
313072;2020-10-09;"sexta-feira";"07:30:00";"DF";80;1,1;"BRASILIA";"Não guardar distância de segurança";"Colisão traseira";"Com Vítimas Feridas";"Pleno dia";"Decrescente";"Sol";"Simples";"Reta;Declive";"Não";2;0;1;0;1;0;1;2;-15,733511;-48,084099;"SPRF-DF";"DEL03-DF";"UOP02-DEL03-DF"
313074;2020-10-09;"sexta-feira";"08:13:00";"SP";116;90;"PINDAMONHANGABA";"Velocidade Incompatível";"Colisão com objeto estático";"Com Vítimas Feridas";"Pleno dia";"Decrescente";"Chuva";"Dupla";"Reta";"Sim";3;0;2;1;0;0;3;2;-22,94361839;-45,3873088;"SPRF-SP";"DEL06-SP";"UOP01-DEL06-SP"
313075;2020-10-09;"sexta-feira";"08:40:00";"PR";476;132;"CURITIBA";"Falta de Atenção à Condução";"Colisão lateral";"Sem Vítimas";"Pleno dia";"Crescente";"Nublado";"Dupla";"Reta";"Sim";2;0;0;0;2;0;0;2;-25,460718;-49,250488;"SPRF-PR";"DEL01-PR";"UOP03-DEL01-PR"
313076;2020-10-09;"sexta-feira";"07:40:00";"RN";101;96,7;"NATAL";"Desobediência às normas de trânsito pelo condutor";"Colisão traseira";"Com Vítimas Feridas";"Pleno dia";"Decrescente";"Céu Claro";"Múltipla";"Reta";"Sim";2;0;0;1;1;0;1;2;-5,84949622;-35,20890752;"SPRF-RN";"DEL01-RN";"UOP01-DEL01-RN"
313077;2020-10-09;"sexta-feira";"06:30:00";"DF";80;0,2;"BRASILIA";"Falta de Atenção à Condução";"Colisão transversal";"Com Vítimas Feridas";"Amanhecer";"Crescente";"Céu Claro";"Simples";"Interseção de Vias";"Sim";3;0;1;0;2;0;1;2;-15,735591;-48,075591;"SPRF-DF";"DEL03-DF";"UOP02-DEL03-DF"
313078;2020-10-09;"sexta-feira";"07:30:00";"SC";101;215;"PALHOCA";"Não guardar distância de segurança";"Colisão traseira";"Com Vítimas Feridas";"Pleno dia";"Decrescente";"Nublado";"Dupla";"Reta";"Sim";2;0;1;0;1;0;1;2;-27,65184843;-48,67604941;"SPRF-SC";"DEL01-SC";"UOP02-DEL01-SC"
313080;2020-10-09;"sexta-feira";"08:55:00";"BA";324;614;"SALVADOR";"Não guardar distância de segurança";"Engavetamento";"Sem Vítimas";"Pleno dia";"Crescente";"Céu Claro";"Dupla";"Reta";"Sim";3;0;0;0;3;0;0;3;-12,8639793;-38,42370126;"SPRF-BA";"DEL01-BA";"UOP01-DEL01-BA"
313081;2020-10-09;"sexta-feira";"08:57:00";"PE";407;126,4;"PETROLINA";"Desobediência às normas de trânsito pelo condutor";"Colisão transversal";"Com Vítimas Feridas";"Pleno dia";"Crescente";"Céu Claro";"Simples";"Curva";"Sim";2;0;1;0;1;0;1;2;-9,38491309;-40,52809509;"SPRF-PE";"DEL06-PE";"UOP01-DEL06-PE"
313082;2020-10-09;"sexta-feira";"07:15:00";"MG";40;782,6;"JUIZ DE FORA";"Falta de Atenção do Pedestre";"Atropelamento de Pedestre";"Com Vítimas Feridas";"Pleno dia";"Decrescente";"Sol";"Simples";"Retorno Regulamentado";"Sim";2;0;1;0;1;0;1;2;-21,71727652;-43,44346675;"SPRF-MG";"DEL05-MG";"UOP01-DEL05-MG"
313083;2020-10-09;"sexta-feira";"08:20:00";"MG";381;925;"ITAPEVA";"Velocidade Incompatível";"Capotamento";"Com Vítimas Feridas";"Pleno dia";"Decrescente";"Chuva";"Dupla";"Curva;Declive";"Não";1;0;1;0;0;0;1;1;-22,777207;-46,23911301;"SPRF-MG";"DEL16-MG";"UOP03-DEL16-MG"
313084;2020-10-09;"sexta-feira";"09:15:00";"RS";116;83;"CAMPESTRE DA SERRA";"Falta de Atenção à Condução";"Colisão frontal";"Com Vítimas Feridas";"Pleno dia";"Decrescente";"Céu Claro";"Simples";"Reta;Declive";"Sim";4;0;2;0;2;0;2;2;-28,821457;-51,115735;"SPRF-RS";"DEL05-RS";"UOP03-DEL05-RS"
313088;2020-10-09;"sexta-feira";"09:30:00";"PE";232;407;"SERRA TALHADA";"Não guardar distância de segurança";"Colisão traseira";"Sem Vítimas";"Pleno dia";"Decrescente";"Céu Claro";"Simples";"Reta";"Sim";2;0;0;0;2;0;0;2;-7,9854402;-38,27148304;"SPRF-PE";"DEL04-PE";"UOP01-DEL04-PE"
313089;2020-10-09;"sexta-feira";"09:30:00";"SP";381;76;"SAO PAULO";"Velocidade Incompatível";"Colisão com objeto estático";"Com Vítimas Feridas";"Pleno dia";"Crescente";"Chuva";"Dupla";"Curva";"Não";2;0;1;0;1;0;1;1;-23,38372401;-46,56502116;"SPRF-SP";"DEL03-SP";"UOP01-DEL03-SP"
313090;2020-10-09;"sexta-feira";"08:00:00";"BA";101;49;"ENTRE RIOS";"Falta de Atenção à Condução";"Colisão traseira";"Com Vítimas Feridas";"Pleno dia";"Decrescente";"Céu Claro";"Dupla";"Reta";"Não";2;0;1;0;1;0;1;2;-11,90664482;-38,04114212;"SPRF-BA";"DEL01-BA";"UOP04-DEL01-BA"
313091;2020-10-09;"sexta-feira";"08:40:00";"SP";116;504;"CAJATI";"Falta de Atenção à Condução";"Capotamento";"Com Vítimas Feridas";"Pleno dia";"Crescente";"Chuva";"Dupla";"Curva";"Não";3;0;2;0;1;0;2;1;-24,78266496;-48,20865858;"SPRF-SP";"DEL05-SP";"UOP02-DEL05-SP"
313095;2020-10-09;"sexta-feira";"07:10:00";"AC";317;85;"SENADOR GUIOMARD";"Falta de Atenção à Condução";"Colisão traseira";"Com Vítimas Feridas";"Pleno dia";"Crescente";"Céu Claro";"Simples";"Reta";"Não";2;0;0;1;1;0;1;2;-10,11512203;-67,6892849;"SPRF-AC";"DEL01-AC";"UOP01-DEL01-AC"
313096;2020-10-09;"sexta-feira";"09:40:00";"MG";40;804;"JUIZ DE FORA";"Falta de Atenção à Condução";"Saída de leito carroçável";"Com Vítimas Feridas";"Pleno dia";"Decrescente";"Céu Claro";"Dupla";"Reta";"Sim";2;0;1;1;0;0;2;1;-21,86313979;-43,37348589;"SPRF-MG";"DEL05-MG";"UOP01-DEL05-MG"
313097;2020-10-09;"sexta-feira";"07:50:00";"MG";381;489;"BETIM";"Falta de Atenção à Condução";"Colisão lateral";"Com Vítimas Feridas";"Pleno dia";"Decrescente";"Céu Claro";"Dupla";"Reta";"Sim";2;0;1;0;1;0;1;2;-19,96245618;-44,16455495;"SPRF-MG";"DEL01-MG";"UOP03-DEL01-MG"
313098;2020-10-09;"sexta-feira";"08:30:00";"PR";153;1,5;"JACAREZINHO";"Pista Escorregadia";"Tombamento";"Com Vítimas Feridas";"Pleno dia";"Decrescente";"Nublado";"Simples";"Curva";"Não";2;0;1;1;0;0;2;1;-23,002905;-49,908333;"SPRF-PR";"DEL07-PR";"UOP04-DEL07-PR"
313100;2020-10-09;"sexta-feira";"10:10:00";"MG";365;622;"UBERLANDIA";"Não guardar distância de segurança";"Colisão traseira";"Sem Vítimas";"Pleno dia";"Decrescente";"Céu Claro";"Dupla";"Reta";"Sim";5;0;0;0;5;0;0;3;-18,89921525;-48,27293733;"SPRF-MG";"DEL15-MG";"UOP01-DEL15-MG"
313101;2020-10-09;"sexta-feira";"08:10:00";"PR";116;39,5;"CAMPINA GRANDE DO SUL";"Pista Escorregadia";"Colisão com objeto estático";"Com Vítimas Feridas";"Pleno dia";"Crescente";"Chuva";"Dupla";"Curva";"Não";2;0;2;0;0;0;2;1;-25,156168;-48,8613401;"SPRF-PR";"DEL01-PR";"UOP02-DEL01-PR"
313102;2020-10-09;"sexta-feira";"09:50:00";"RJ";485;1;"ITATIAIA";"Mal Súbito";"Saída de leito carroçável";"Com Vítimas Feridas";"Pleno dia";"Crescente";"Chuva";"Simples";"Reta";"Sim";1;0;1;0;0;0;1;1;-22,48651176;-44,56777851;"SPRF-RJ";"DEL07-RJ";"UOP02-DEL07-RJ"
313104;2020-10-09;"sexta-feira";"10:20:00";"MG";251;373,4;"GRAO MOGOL";"Falta de Atenção à Condução";"Colisão lateral";"Com Vítimas Feridas";"Pleno dia";"Decrescente";"Céu Claro";"Simples";"Reta";"Não";2;0;2;0;0;0;2;1;-16,30001705;-42,70984099;"SPRF-MG";"DEL12-MG";"UOP01-DEL12-MG"
313106;2020-10-09;"sexta-feira";"10:00:00";"PR";376;459,2;"PONTA GROSSA";"Velocidade Incompatível";"Saída de leito carroçável";"Com Vítimas Feridas";"Pleno dia";"Crescente";"Chuva";"Dupla";"Reta";"Não";2;0;2;0;0;0;2;1;-25,000549;-50,36102603;"SPRF-PR";"DEL03-PR";"UOP04-DEL03-PR"
313107;2020-10-09;"sexta-feira";"09:45:00";"SE";101;122,3;"ITAPORANGA DAJUDA";"Defeito Mecânico no Veículo";"Incêndio";"Sem Vítimas";"Pleno dia";"Crescente";"Céu Claro";"Dupla";"Reta";"Não";1;0;0;0;1;0;0;1;-11,03482886;-37,35698898;"SPRF-SE";"DEL02-SE";"UOP01-DEL02-SE"