"id";"data_inversa";"dia_semana";"horario";"uf";"br";"km";"municipio";"causa_acidente";"tipo_acidente";"classificacao_acidente";"fase_dia";"sentido_via";"condicao_metereologica";"tipo_pista";"tracado_via";"uso_solo";"pessoas";"mortos";"feridos_leves";"feridos_graves";"ilesos";"ignorados";"feridos";"veiculos";"latitude";"longitude";"regional";"delegacia";"uop"
313108;2020-10-09;"sexta-feira";"10:00:00";"PR";116;50;"CAMPINA GRANDE DO SUL";"Pista Escorregadia";"Capotamento";"Com Vítimas Feridas";"Pleno dia";"Decrescente";"Chuva";"Dupla";"Curva";"Não";3;0;1;0;2;0;1;1;-25,23481696;-48,90807771;"SPRF-PR";"DEL01-PR";"UOP02-DEL01-PR"
313111;2020-10-09;"sexta-feira";"11:15:00";"RS";116;151,8;"CAXIAS DO SUL";"Falta de Atenção à Condução";"Colisão com objeto estático";"Com Vítimas Feridas";"Pleno dia";"Crescente";"Céu Claro";"Dupla";"Curva";"Sim";2;0;1;0;1;0;1;1;-29,18235148;-51,16632527;"SPRF-RS";"DEL05-RS";"UOP01-DEL05-RS"
313112;2020-10-09;"sexta-feira";"09:45:00";"SP";116;514,1;"CAJATI";"Pista Escorregadia";"Saída de leito carroçável";"Sem Vítimas";"Pleno dia";"Decrescente";"Chuva";"Simples";"Curva";"Não";3;0;0;0;3;0;0;1;-24,85109616;-48,21802405;"SPRF-SP";"DEL05-SP";"UOP02-DEL05-SP"
313113;2020-10-09;"sexta-feira";"09:45:00";"RJ";101;59;"CAMPOS DOS GOYTACAZES";"Falta de Atenção à Condução";"Engavetamento";"Sem Vítimas";"Pleno dia";"Crescente";"Céu Claro";"Simples";"Reta";"Sim";3;0;0;0;3;0;0;3;-21,71366497;-41,30861915;"SPRF-RJ";"DEL08-RJ";"UOP01-DEL08-RJ"
313114;2020-10-09;"sexta-feira";"10:55:00";"MG";262;119;"RIO CASCA";"Desobediência às normas de trânsito pelo condutor";"Colisão frontal";"Com Vítimas Feridas";"Pleno dia";"Crescente";"Céu Claro";"Simples";"Reta";"Sim";2;0;0;1;1;0;1;2;-20,22320976;-42,64256176;"SPRF-MG";"DEL03-MG";"UOP03-DEL03-MG"
313115;2020-10-09;"sexta-feira";"10:50:00";"RJ";356;184;"SAO JOAO DA BARRA";"Desobediência às normas de trânsito pelo condutor";"Colisão traseira";"Com Vítimas Fatais";"Pleno dia";"Crescente";"Céu Claro";"Simples";"Interseção de Vias";"Sim";3;1;0;1;1;0;1;2;-21,63571996;-41,04558102;"SPRF-RJ";"DEL08-RJ";"UOP02-DEL08-RJ"
313117;2020-10-09;"sexta-feira";"11:40:00";"GO";20;85,8;"VILA BOA";"Ultrapassagem Indevida";"Colisão frontal";"Com Vítimas Fatais";"Pleno dia";"Decrescente";"Céu Claro";"Simples";"Reta";"Não";3;1;0;2;0;0;2;2;-15,057553;-47,072803;"SPRF-DF";"DEL02-DF";"UOP01-DEL02-DF"
313119;2020-10-09;"sexta-feira";"10:30:00";"PR";153;508;"GENERAL CARNEIRO";"Velocidade Incompatível";"Colisão com objeto estático";"Com Vítimas Feridas";"Pleno dia";"Crescente";"Chuva";"Simples";"Curva";"Não";2;0;1;0;1;0;1;1;-26,52657027;-51,35780096;"SPRF-PR";"DEL02-PR";"UOP03-DEL02-PR"
313120;2020-10-09;"sexta-feira";"11:00:00";"PR";376;652;"TIJUCAS DO SUL";"Falta de Atenção à Condução";"Colisão com objeto estático";"Com Vítimas Feridas";"Pleno dia";"Decrescente";"Chuva";"Dupla";"Curva";"Não";1;0;1;0;0;0;1;1;-25,8461583;-49,068884;"SPRF-PR";"DEL01-PR";"UOP04-DEL01-PR"
313122;2020-10-09;"sexta-feira";"11:25:00";"PR";376;324,5;"ORTIGUEIRA";"Velocidade Incompatível";"Colisão frontal";"Com Vítimas Feridas";"Pleno dia";"Crescente";"Nublado";"Simples";"Curva";"Não";7;0;2;1;4;0;3;2;-24,08335501;-51,05936802;"SPRF-PR";"DEL07-PR";"UOP03-DEL07-PR"
313123;2020-10-09;"sexta-feira";"12:15:00";"SC";101;201,5;"SAO JOSE";"Falta de Atenção à Condução";"Colisão lateral";"Com Vítimas Feridas";"Pleno dia";"Crescente";"Garoa/Chuvisco";"Dupla";"Reta";"Sim";3;0;0;1;2;0;1;3;-27,54836599;-48,61977975;"SPRF-SC";"DEL01-SC";"UOP01-DEL01-SC"
313126;2020-10-09;"sexta-feira";"12:00:00";"PR";376;450,9;"TIBAGI";"Velocidade Incompatível";"Saída de leito carroçável";"Com Vítimas Feridas";"Pleno dia";"Crescente";"Céu Claro";"Dupla";"Curva";"Não";4;0;3;0;1;0;3;1;-24,875494;-50,442515;"SPRF-PR";"DEL03-PR";"UOP02-DEL03-PR"
313127;2020-10-09;"sexta-feira";"11:05:00";"RO";364;198,1;"PIMENTA BUENO";"Falta de Atenção à Condução";"Colisão lateral";"Com Vítimas Feridas";"Pleno dia";"Crescente";"Céu Claro";"Simples";"Interseção de Vias";"Sim";2;0;1;0;1;0;1;2;-11,67049488;-61,19146173;"SPRF-RO";"DEL02-RO";"UOP02-DEL02-RO"
313128;2020-10-09;"sexta-feira";"08:30:00";"PR";376;450,9;"TIBAGI";"Velocidade Incompatível";"Saída de leito carroçável";"Com Vítimas Feridas";"Pleno dia";"Crescente";"Chuva";"Dupla";"Curva";"Não";2;0;2;0;0;0;2;1;-24,6313439;-50,6400538;"SPRF-PR";"DEL03-PR";"UOP02-DEL03-PR"
313129;2020-10-09;"sexta-feira";"12:10:00";"SC";101;134;"BALNEARIO CAMBORIU";"Falta de Atenção à Condução";"Colisão transversal";"Com Vítimas Feridas";"Pleno dia";"Crescente";"Céu Claro";"Dupla";"Reta";"Sim";2;0;1;0;1;0;1;2;-27,00218;-48,636433;"SPRF-SC";"DEL04-SC";"UOP03-DEL04-SC"
313131;2020-10-09;"sexta-feira";"10:05:00";"AM";174;976;"MANAUS";"Objeto estático sobre o leito carroçável";"Colisão frontal";"Com Vítimas Feridas";"Pleno dia";"Decrescente";"Céu Claro";"Simples";"Declive";"Não";5;0;1;0;4;0;1;2;-2,17249897;-60,00835913;"SPRF-AM";"DEL01-AM";"UOP02-DEL01-AM"
313133;2020-10-09;"sexta-feira";"12:00:00";"PE";104;65;"CARUARU";"Falta de Atenção à Condução";"Colisão traseira";"Com Vítimas Feridas";"Pleno dia";"Crescente";"Céu Claro";"Múltipla";"Reta";"Sim";2;0;0;1;0;1;1;2;-8,280048;-35,981581;"SPRF-PE";"DEL02-PE";"UOP01-DEL02-PE"
313134;2020-10-09;"sexta-feira";"11:00:00";"RS";290;501,1;"ROSARIO DO SUL";"Falta de Atenção à Condução";"Saída de leito carroçável";"Com Vítimas Feridas";"Pleno dia";"Decrescente";"Céu Claro";"Simples";"Curva";"Não";1;0;1;0;0;0;1;1;-30,178513;-55,113247;"SPRF-RS";"DEL11-RS";"UOP02-DEL11-RS"
313135;2020-10-05;"segunda-feira";"07:30:00";"SC";470;54;"BLUMENAU";"Desobediência às normas de trânsito pelo condutor";"Colisão traseira";"Com Vítimas Feridas";"Pleno dia";"Crescente";"Garoa/Chuvisco";"Simples";"Ponte";"Sim";1;0;1;0;0;0;1;1;-26,871065;-49,110374;"SPRF-SC";"DEL04-SC";"UOP01-DEL04-SC"
313137;2020-10-09;"sexta-feira";"12:50:00";"SP";116;321,9;"JUQUITIBA";"Defeito na Via";"Colisão com objeto estático";"Com Vítimas Feridas";"Pleno dia";"Decrescente";"Chuva";"Dupla";"Reta";"Não";4;0;1;0;3;0;1;1;-23,934612;-47,01729;"SPRF-SP";"DEL04-SP";"UOP01-DEL04-SP"
313138;2020-10-09;"sexta-feira";"13:45:00";"SP";101;48,1;"UBATUBA";"Falta de Atenção à Condução";"Colisão transversal";"Com Vítimas Feridas";"Pleno dia";"Crescente";"Chuva";"Simples";"Reta";"Sim";3;0;3;0;0;0;3;2;-23,44083481;-45,08703232;"SPRF-SP";"DEL06-SP";"UOP01-DEL06-SP"
313139;2020-10-09;"sexta-feira";"13:00:00";"PR";376;438;"TIBAGI";"Falta de Atenção à Condução";"Saída de leito carroçável";"Com Vítimas Feridas";"Pleno dia";"Decrescente";"Chuva";"Dupla";"Curva";"Não";3;0;2;0;1;0;2;1;-24,84975558;-50,46706404;"SPRF-PR";"DEL03-PR";"UOP02-DEL03-PR"
313140;2020-10-09;"sexta-feira";"13:30:00";"PB";405;10,1;"UIRAUNA";"Desobediência às normas de trânsito pelo condutor";"Colisão lateral";"Com Vítimas Fatais";"Pleno dia";"Decrescente";"Sol";"Simples";"Reta";"Não";2;1;0;0;1;0;0;2;-6,532937;-38,414419;"SPRF-PB";"DEL03-PB";"UOP03-DEL03-PB"
313142;2020-10-09;"sexta-feira";"12:50:00";"PE";101;109;"CABO DE SANTO AGOSTINHO";"Falta de Atenção à Condução";"Saída de leito carroçável";"Com Vítimas Feridas";"Pleno dia";"Crescente";"Céu Claro";"Múltipla";"Curva";"Não";2;0;2;0;0;0;2;1;-8,31012798;-35,09967817;"SPRF-PE";"DEL01-PE";"UOP03-DEL01-PE"
313145;2020-10-09;"sexta-feira";"14:05:00";"MG";50;69;"UBERLANDIA";"Falta de Atenção à Condução";"Tombamento";"Com Vítimas Feridas";"Pleno dia";"Crescente";"Nublado";"Dupla";"Reta";"Sim";1;0;1;0;0;0;1;1;-18,85140204;-48,25345932;"SPRF-MG";"DEL15-MG";"UOP01-DEL15-MG"
313146;2020-10-09;"sexta-feira";"14:00:00";"GO";80;125;"BARRO ALTO";"Falta de Atenção à Condução";"Engavetamento";"Com Vítimas Feridas";"Pleno dia";"Decrescente";"Sol";"Simples";"Declive";"Não";3;0;1;0;2;0;1;3;-15,028988;-48,894392;"SPRF-GO";"DEL07-GO";"UOP01-DEL07-GO"
313148;2020-10-09;"sexta-feira";"13:50:00";"SC";101;213,1;"PALHOCA";"Não guardar distância de segurança";"Colisão lateral";"Com Vítimas Feridas";"Pleno dia";"Decrescente";"Chuva";"Múltipla";"Reta";"Sim";2;0;1;0;1;0;1;2;-27,64443;-48,67057;"SPRF-SC";"DEL01-SC";"UOP02-DEL01-SC"
313149;2020-10-09;"sexta-feira";"13:40:00";"CE";20;414,4;"MARACANAU";"Falta de Atenção à Condução";"Colisão transversal";"Com Vítimas Feridas";"Pleno dia";"Crescente";"Céu Claro";"Dupla";"Retorno Regulamentado";"Sim";2;0;0;1;1;0;1;2;-3,76999035;-38,67006282;"SPRF-CE";"DEL01-CE";"UOP01-DEL01-CE"
313151;2020-10-09;"sexta-feira";"12:05:00";"PR";376;391,1;"TIBAGI";"Pista Escorregadia";"Saída de leito carroçável";"Com Vítimas Feridas";"Pleno dia";"Decrescente";"Chuva";"Dupla";"Curva";"Não";2;0;1;0;1;0;1;1;-24,53023946;-50,69807528;"SPRF-PR";"DEL03-PR";"UOP02-DEL03-PR"
313152;2020-10-09;"sexta-feira";"14:10:00";"PR";158;530,6;"PATO BRANCO";"Falta de Atenção à Condução";"Colisão transversal";"Com Vítimas Feridas";"Pleno dia";"Crescente";"Chuva";"Simples";"Interseção de Vias;Rotatória";"Sim";3;0;1;0;2;0;1;2;-26,19910284;-52,67515182;"SPRF-PR";"DEL02-PR";"UOP01-DEL02-PR"
313153;2020-10-09;"sexta-feira";"12:40:00";"PR";376;425,5;"TIBAGI";"Velocidade Incompatível";"Saída de leito carroçável";"Com Vítimas Feridas";"Pleno dia";"Decrescente";"Chuva";"Dupla";"Curva";"Não";3;0;2;0;1;0;2;1;-24,7589836999;-50,53031553;"SPRF-PR";"DEL03-PR";"UOP02-DEL03-PR"
313154;2020-10-09;"sexta-feira";"12:20:00";"BA";324;566;"SANTO AMARO";"Velocidade Incompatível";"Colisão traseira";"Com Vítimas Feridas";"Pleno dia";"Crescente";"Céu Claro";"Dupla";"Reta";"Não";4;0;2;0;2;0;2;3;-12,52455997;-38,61040198;"SPRF-BA";"DEL01-BA";"UOP01-DEL01-BA"
313155;2020-10-09;"sexta-feira";"14:40:00";"MT";158;760;"BARRA DO GARCAS";"Falta de Atenção à Condução";"Saída de leito carroçável";"Com Vítimas Feridas";"Pleno dia";"Crescente";"Céu Claro";"Simples";"Reta";"Não";5;0;1;2;2;0;3;1;-15,579607;-52,20589108;"SPRF-MT";"DEL07-MT";"UOP01-DEL07-MT"
313156;2020-10-09;"sexta-feira";"14:50:00";"PR";116;16,8;"CAMPINA GRANDE DO SUL";"Pista Escorregadia";"Colisão com objeto estático";"Com Vítimas Feridas";"Pleno dia";"Decrescente";"Garoa/Chuvisco";"Dupla";"Curva;Declive";"Não";1;0;1;0;0;0;1;1;-25,0997458;-48,68968964;"SPRF-PR";"DEL01-PR";"UOP02-DEL01-PR"
313158;2020-10-05;"segunda-feira";"07:05:00";"PE";101;153;"GAMELEIRA";"Mal Súbito";"Saída de leito carroçável";"Com Vítimas Feridas";"Pleno dia";"Crescente";"Céu Claro";"Dupla";"Declive;Curva";"Não";2;0;2;0;0;0;2;1;-8,51960799;-35,38997595;"SPRF-PE";"DEL01-PE";"UOP03-DEL01-PE"
313159;2020-10-09;"sexta-feira";"13:50:00";"MG";381;857,6;"POUSO ALEGRE";"Condutor Dormindo";"Saída de leito carroçável";"Com Vítimas Feridas";"Pleno dia";"Crescente";"Nublado";"Dupla";"Reta";"Não";2;0;2;0;0;0;2;1;-22,30195229;-45,90063295;"SPRF-MG";"DEL16-MG";"UOP01-DEL16-MG"
313160;2020-10-09;"sexta-feira";"15:00:00";"BA";324;288;"JACOBINA";"Falta de Atenção à Condução";"Colisão transversal";"Com Vítimas Feridas";"Pleno dia";"Crescente";"Céu Claro";"Simples";"Em Obras";"Não";2;0;1;0;1;0;1;2;-11,15515124;-40,56556214;"SPRF-BA";"DEL04-BA";"UOP02-DEL04-BA"
313161;2020-10-09;"sexta-feira";"13:40:00";"MT";70;798,1;"CACERES";"Defeito Mecânico no Veículo";"Capotamento";"Sem Vítimas";"Pleno dia";"Crescente";"Céu Claro";"Simples";"Reta";"Não";1;0;0;0;1;0;0;1;-16,23462774;-58,10931997;"SPRF-MT";"DEL03-MT";"UOP01-DEL03-MT"
313163;2020-10-09;"sexta-feira";"11:23:00";"MT";163;533,2;"DIAMANTINO";"Falta de Atenção à Condução";"Colisão traseira";"Com Vítimas Feridas";"Pleno dia";"Crescente";"Céu Claro";"Simples";"Curva";"Não";4;0;2;0;2;0;2;2;-14,43918701;-56,12186399;"SPRF-MT";"DEL01-MT";"UOP01-DEL01-MT"
313164;2020-10-09;"sexta-feira";"15:00:00";"MS";163;727;"COXIM";"Falta de Atenção à Condução";"Colisão transversal";"Com Vítimas Feridas";"Pleno dia";"Decrescente";"Céu Claro";"Simples";"Reta";"Sim";4;0;4;0;0;0;4;2;-18,53607086;-54,74294349;"SPRF-MS";"DEL06-MS";"UOP01-DEL06-MS"
313165;2020-10-09;"sexta-feira";"15:00:00";"MG";381;250,5;"SANTANA DO PARAISO";"Falta de Atenção à Condução";"Colisão transversal";"Com Vítimas Feridas";"Pleno dia";"Decrescente";"Céu Claro";"Simples";"Interseção de Vias";"Não";4;0;1;1;2;0;2;3;-19,45378088;-42,52125448;"SPRF-MG";"DEL06-MG";"UOP01-DEL06-MG"
313167;2020-10-09;"sexta-feira";"14:40:00";"RN";406;143,3;"CEARA-MIRIM";"Mal Súbito";"Capotamento";"Com Vítimas Feridas";"Pleno dia";"Crescente";"Sol";"Simples";"Reta";"Não";1;0;1;0;0;0;1;1;-5,64816875;-35,49487003;"SPRF-RN";"DEL02-RN";"UOP01-DEL02-RN"
313170;2020-10-09;"sexta-feira";"15:50:00";"MG";116;114,8;"ITAOBIM";"Falta de Atenção à Condução";"Colisão transversal";"Com Vítimas Feridas";"Pleno dia";"Decrescente";"Céu Claro";"Simples";"Reta";"Sim";5;0;0;1;4;0;1;2;-16,54781518;-41,50243329;"SPRF-MG";"DEL11-MG";"UOP02-DEL11-MG"
313171;2020-10-09;"sexta-feira";"14:45:00";"RJ";101;83;"CAMPOS DOS GOYTACAZES";"Desobediência às normas de trânsito pelo condutor";"Colisão frontal";"Com Vítimas Feridas";"Pleno dia";"Decrescente";"Nublado";"Simples";"Curva";"Sim";2;0;1;0;1;0;1;2;-21,82198875;-41,46111095;"SPRF-RJ";"DEL08-RJ";"UOP02-DEL08-RJ"
313172;2020-10-09;"sexta-feira";"15:23:00";"MG";381;483,6;"BETIM";"Falta de Atenção à Condução";"Colisão traseira";"Com Vítimas Feridas";"Pleno dia";"Decrescente";"Nublado";"Dupla";"Reta";"Sim";2;0;1;0;1;0;1;2;-19,95594491;-44,10721699;"SPRF-MG";"DEL01-MG";"UOP03-DEL01-MG"
313173;2020-10-09;"sexta-feira";"12:20:00";"RJ";101;324;"NITEROI";"Falta de Atenção à Condução";"Colisão traseira";"Com Vítimas Feridas";"Pleno dia";"Crescente";"Nublado";"Dupla";"Reta";"Não";3;0;1;0;2;0;1;2;-22,87381074;-43,12640997;"SPRF-RJ";"DEL02-RJ";"UOP02-DEL02-RJ"
313175;2020-10-09;"sexta-feira";"15:30:00";"RJ";116;171;"SAO JOAO DE MERITI";"Desobediência às normas de trânsito pelo condutor";"Colisão traseira";"Com Vítimas Feridas";"Pleno dia";"Decrescente";"Sol";"Múltipla";"Reta";"Sim";2;0;1;0;0;1;1;2;-22,77459874;-43,40080261;"SPRF-RJ";"DEL01-RJ";"UOP02-DEL01-RJ"
313176;2020-10-09;"sexta-feira";"16:18:00";"SP";153;62,4;"SAO JOSE DO RIO PRETO";"Não guardar distância de segurança";"Colisão traseira";"Com Vítimas Feridas";"Pleno dia";"Crescente";"Céu Claro";"Dupla";"Reta";"Sim";3;0;0;1;1;1;1;3;-20,81325404;-49,35675563;"SPRF-SP";"DEL09-SP";"UOP01-DEL09-SP"
313177;2020-10-09;"sexta-feira";"14:30:00";"RJ";116;279;"BARRA MANSA";"Pista Escorregadia";"Capotamento";"Com Vítimas Feridas";"Pleno dia";"Decrescente";"Chuva";"Dupla";"Reta";"Não";1;0;1;0;0;0;1;1;-22,54744306;-44,1836602;"SPRF-RJ";"DEL07-RJ";"UOP02-DEL07-RJ"
313179;2020-10-09;"sexta-feira";"14:00:00";"RJ";101;326;"NITEROI";"Não guardar distância de segurança";"Colisão traseira";"Com Vítimas Feridas";"Pleno dia";"Decrescente";"Nublado";"Dupla";"Reta";"Sim";2;0;1;0;1;0;1;2;-22,87206203;-43,146105;"SPRF-RJ";"DEL02-RJ";"UOP02-DEL02-RJ"
313180;2020-10-09;"sexta-feira";"15:30:00";"ES";262;39;"DOMINGOS MARTINS";"Pista Escorregadia";"Tombamento";"Com Vítimas Feridas";"Pleno dia";"Decrescente";"Nublado";"Simples";"Curva";"Não";1;0;1;0;0;0;1;1;-20,3802679;-40,63000864;"SPRF-ES";"DEL01-ES";"UOP01-DEL01-ES"
313182;2020-10-09;"sexta-feira";"16:00:00";"SC";470;135,5;"RIO DO SUL";"Desobediência às normas de trânsito pelo condutor";"Colisão transversal";"Com Vítimas Feridas";"Pleno dia";"Crescente";"Chuva";"Simples";"Interseção de Vias";"Não";2;0;1;0;1;0;1;2;-27,188492;-49,61232;"SPRF-SC";"DEL04-SC";"UOP02-DEL04-SC"
313183;2020-10-09;"sexta-feira";"13:20:00";"RO";364;539;"RIO CRESPO";"Defeito Mecânico no Veículo";"Incêndio";"Sem Vítimas";"Pleno dia";"Crescente";"Céu Claro";"Simples";"Reta";"Não";1;0;0;0;1;0;0;1;-9,7318339;-63,11276976;"SPRF-RO";"DEL03-RO";"UOP01-DEL03-RO"
313184;2020-10-09;"sexta-feira";"15:40:00";"GO";40;7;"VALPARAISO DE GOIAS";"Falta de Atenção à Condução";"Colisão lateral";"Com Vítimas Feridas";"Pleno dia";"Decrescente";"Nublado";"Simples";"Reta";"Sim";3;0;0;1;2;0;1;2;-16,108482;-47,972524;"SPRF-DF";"DEL01-DF";"UOP01-DEL01-DF"
313185;2020-10-09;"sexta-feira";"15:30:00";"MG";381;704,2;"LAVRAS";"Velocidade Incompatível";"Saída de leito carroçável";"Com Vítimas Feridas";"Pleno dia";"Decrescente";"Ignorado";"Dupla";"Curva";"Não";2;0;2;0;0;0;2;1;-21,34177704;-45,17643719;"SPRF-MG";"DEL04-MG";"UOP02-DEL04-MG"
313186;2020-10-09;"sexta-feira";"15:00:00";"SC";282;145;"BOM RETIRO";"Falta de Atenção à Condução";"Saída de leito carroçável";"Com Vítimas Feridas";"Pleno dia";"Crescente";"Chuva";"Simples";"Curva";"Não";4;0;3;1;0;0;4;1;-27,802912;-49,632038;"SPRF-SC";"DEL05-SC";"UOP01-DEL05-SC"
313187;2020-10-09;"sexta-feira";"16:20:00";"PE";407;129;"PETROLINA";"Não guardar distância de segurança";"Colisão traseira";"Sem Vítimas";"Pleno dia";"Crescente";"Céu Claro";"Simples";"Reta";"Sim";3;0;0;0;3;0;0;2;-9,39958299;-40,50459298;"SPRF-PE";"DEL06-PE";"UOP01-DEL06-PE"
313188;2020-10-09;"sexta-feira";"16:00:00";"GO";40;2,8;"VALPARAISO DE GOIAS";"Desobediência às normas de trânsito pelo condutor";"Colisão transversal";"Com Vítimas Feridas";"Pleno dia";"Decrescente";"Nublado";"Dupla";"Curva";"Sim";4;0;1;1;2;0;2;2;-16,067129;-47,984235;"SPRF-DF";"DEL01-DF";"UOP01-DEL01-DF"
313189;2020-10-09;"sexta-feira";"13:15:00";"RO";435;30;"VILHENA";"Desobediência às normas de trânsito pelo condutor";"Colisão lateral";"Com Vítimas Feridas";"Pleno dia";"Crescente";"Céu Claro";"Simples";"Declive";"Não";3;0;0;1;0;2;1;3;-12,85555801;-60,37740279;"SPRF-RO";"DEL04-RO";"UOP02-DEL04-RO"
313191;2020-10-09;"sexta-feira";"17:10:00";"GO";153;504,2;"GOIANIA";"Não guardar distância de segurança";"Colisão traseira";"Com Vítimas Feridas";"Pleno dia";"Crescente";"Céu Claro";"Dupla";"Reta";"Sim";2;0;1;1;0;0;2;2;-16,7451;-49,2408;"SPRF-GO";"DEL01-GO";"UOP01-DEL01-GO"
313192;2020-10-09;"sexta-feira";"17:20:00";"PR";476;119;"COLOMBO";"Falta de Atenção do Pedestre";"Atropelamento de Pedestre";"Com Vítimas Feridas";"Anoitecer";"Decrescente";"Céu Claro";"Dupla";"Reta";"Não";2;0;0;2;0;0;2;2;-25,364202;-49,185825;"SPRF-PR";"DEL01-PR";"UOP02-DEL01-PR"
313193;2020-10-09;"sexta-feira";"17:15:00";"PE";101;91,3;"CABO DE SANTO AGOSTINHO";"Falta de Atenção à Condução";"Colisão transversal";"Com Vítimas Feridas";"Anoitecer";"Crescente";"Céu Claro";"Dupla";"Reta";"Sim";2;0;1;0;1;0;1;2;-8,22399812;-34,99290474;"SPRF-PE";"DEL01-PE";"UOP03-DEL01-PE"
313197;2020-10-09;"sexta-feira";"16:00:00";"RJ";393;182;"PARAIBA DO SUL";"Desobediência às normas de trânsito pelo condutor";"Colisão transversal";"Com Vítimas Feridas";"Pleno dia";"Crescente";"Céu Claro";"Simples";"Rotatória";"Não";4;0;3;0;1;0;3;2;-22,14333776;-43,28644272;"SPRF-RJ";"DEL05-RJ";"UOP03-DEL05-RJ"
313199;2020-10-09;"sexta-feira";"16:35:00";"DF";20;20,6;"BRASILIA";"Ingestão de Álcool";"Colisão traseira";"Sem Vítimas";"Pleno dia";"Crescente";"Céu Claro";"Dupla";"Aclive;Reta";"Sim";2;0;0;0;2;0;0;2;-15,607905;-47,692791;"SPRF-DF";"DEL02-DF";"UOP01-DEL02-DF"
313200;2020-10-09;"sexta-feira";"17:20:00";"MG";146;496,1;"BOTELHOS";"Velocidade Incompatível";"Saída de leito carroçável";"Com Vítimas Feridas";"Pleno dia";"Decrescente";"Chuva";"Simples";"Reta";"Não";1;0;1;0;0;0;1;1;-21,674637;-46,417031;"SPRF-MG";"DEL09-MG";"UOP01-DEL09-MG"
313201;2020-10-09;"sexta-feira";"17:20:00";"MA";135;8;"SAO LUIS";"Não guardar distância de segurança";"Engavetamento";"Sem Vítimas";"Pleno dia";"Decrescente";"Nublado";"Dupla";"Reta";"Sim";4;0;0;0;4;0;0;4;-2,64342093;-44,27374175;"SPRF-MA";"DEL01-MA";"UOP01-DEL01-MA"
313202;2020-10-09;"sexta-feira";"17:15:00";"MG";153;21,1;"CENTRALINA";"Falta de Atenção à Condução";"Colisão traseira";"Com Vítimas Fatais";"Pleno dia";"Decrescente";"Céu Claro";"Dupla";"Declive;Reta";"Não";2;1;0;0;1;0;0;2;-18,60599701;-49,19196328;"SPRF-MG";"DEL15-MG";"UOP03-DEL15-MG"
313203;2020-10-09;"sexta-feira";"16:15:00";"MS";60;616,1;"JARDIM";"Falta de Atenção à Condução";"Saída de leito carroçável";"Com Vítimas Feridas";"Pleno dia";"Decrescente";"Céu Claro";"Simples";"Reta";"Não";1;0;1;0;0;0;1;1;-21,65439287;-56,24787613;"SPRF-MS";"DEL05-MS";"UOP01-DEL05-MS"
313204;2020-10-09;"sexta-feira";"16:30:00";"PR";476;146,5;"CURITIBA";"Velocidade Incompatível";"Colisão traseira";"Sem Vítimas";"Pleno dia";"Crescente";"Chuva";"Dupla";"Declive;Reta";"Sim";2;0;0;0;1;1;0;2;-25,551186;-49,330109;"SPRF-PR";"DEL01-PR";"UOP03-DEL01-PR"
313207;2020-10-09;"sexta-feira";"17:30:00";"SP";116;222;"GUARULHOS";"Falta de Atenção à Condução";"Queda de ocupante de veículo";"Com Vítimas Feridas";"Anoitecer";"Decrescente";"Chuva";"Múltipla";"Reta";"Sim";2;0;2;0;0;0;2;1;-23,47184772;-46,51862383;"SPRF-SP";"DEL01-SP";"UOP01-DEL01-SP"
313208;2020-10-09;"sexta-feira";"16:30:00";"ES";101;139,3;"LINHARES";"Falta de Atenção à Condução";"Tombamento";"Com Vítimas Feridas";"Pleno dia";"Decrescente";"Céu Claro";"Simples";"Reta";"Sim";2;0;2;0;0;0;2;1;-19,3101728;-40,0799666;"SPRF-ES";"DEL04-ES";"UOP01-DEL04-ES"
313209;2020-10-09;"sexta-feira";"16:30:00";"RN";226;148,1;"CURRAIS NOVOS";"Não guardar distância de segurança";"Colisão traseira";"Com Vítimas Feridas";"Pleno dia";"Crescente";"Sol";"Simples";"Reta";"Não";3;0;2;0;0;1;2;2;-6,20865867;-36,29031686;"SPRF-RN";"DEL03-RN";"UOP02-DEL03-RN"
313210;2020-10-09;"sexta-feira";"17:00:00";"SP";116;269,9;"TABOAO DA SERRA";"Falta de Atenção à Condução";"Colisão lateral";"Com Vítimas Feridas";"Anoitecer";"Crescente";"Chuva";"Múltipla";"Interseção de Vias";"Sim";2;0;1;0;1;0;1;2;-23,60827127;-46,7598635;"SPRF-SP";"DEL04-SP";"UOP01-DEL04-SP"
313211;2020-10-09;"sexta-feira";"17:00:00";"SC";470;66,9;"INDAIAL";"Desobediência às normas de trânsito pelo condutor";"Colisão lateral";"Com Vítimas Feridas";"Pleno dia";"Decrescente";"Chuva";"Simples";"Reta";"Não";2;0;1;0;1;0;1;2;-26,870407;-49,221844;"SPRF-SC";"DEL04-SC";"UOP01-DEL04-SC"
313212;2020-10-09;"sexta-feira";"18:14:00";"PB";230;20;"JOAO PESSOA";"Defeito Mecânico no Veículo";"Incêndio";"Sem Vítimas";"Plena Noite";"Crescente";"Céu Claro";"Dupla";"Reta";"Não";1;0;0;0;1;0;0;1;-7,1337;-34,8544;"SPRF-PB";"DEL01-PB";"UOP01-DEL01-PB"
313213;2020-10-09;"sexta-feira";"17:45:00";"RS";116;341;"BARRA DO RIBEIRO";"Desobediência às normas de trânsito pelo condutor";"Colisão lateral";"Com Vítimas Feridas";"Pleno dia";"Decrescente";"Céu Claro";"Simples";"Reta";"Não";2;0;1;0;1;0;1;2;-30,46319597;-51,4939431;"SPRF-RS";"DEL02-RS";"UOP02-DEL02-RS"