"id";"data_inversa";"dia_semana";"horario";"uf";"br";"km";"municipio";"causa_acidente";"tipo_acidente";"classificacao_acidente";"fase_dia";"sentido_via";"condicao_metereologica";"tipo_pista";"tracado_via";"uso_solo";"pessoas";"mortos";"feridos_leves";"feridos_graves";"ilesos";"ignorados";"feridos";"veiculos";"latitude";"longitude";"regional";"delegacia";"uop"
313327;2020-10-10;"sábado";"03:10:00";"PR";476;275,8;"SAO MATEUS DO SUL";"Velocidade Incompatível";"Capotamento";"Sem Vítimas";"Plena Noite";"Crescente";"Nublado";"Simples";"Curva";"Não";1;0;0;0;1;0;0;1;-25,87936649;-50,38474029;"SPRF-PR";"DEL02-PR";"UOP04-DEL02-PR"
313329;2020-10-10;"sábado";"03:20:00";"SP";116;272;"TABOAO DA SERRA";"Falta de Atenção à Condução";"Colisão com objeto estático";"Com Vítimas Feridas";"Plena Noite";"Crescente";"Céu Claro";"Dupla";"Reta";"Não";4;0;3;0;0;1;3;3;-23,621691;-46,813288;"SPRF-SP";"DEL04-SP";"UOP01-DEL04-SP"
313331;2020-10-10;"sábado";"03:30:00";"RS";472;122,1;"SAO JOSE DO INHACORA";"Ingestão de Álcool";"Colisão frontal";"Com Vítimas Feridas";"Plena Noite";"Crescente";"Céu Claro";"Simples";"Aclive";"Não";2;0;1;0;1;0;1;2;-27,69362773;-54,1654123;"SPRF-RS";"DEL10-RS";"UOP01-DEL10-RS"
313337;2020-10-10;"sábado";"04:30:00";"SP";116;104;"TAUBATE";"Falta de Atenção à Condução";"Colisão traseira";"Com Vítimas Feridas";"Plena Noite";"Decrescente";"Nublado";"Dupla";"Declive";"Não";2;0;1;0;0;1;1;2;-23,00340176;-45,50626912;"SPRF-SP";"DEL06-SP";"UOP01-DEL06-SP"
313340;2020-10-10;"sábado";"04:30:00";"DF";80;15,8;"BRASILIA";"Falta de Atenção à Condução";"Colisão com objeto estático";"Com Vítimas Feridas";"Amanhecer";"Crescente";"Nublado";"Simples";"Reta";"Não";3;0;2;0;1;0;2;1;-15,710013;-48,199486;"SPRF-DF";"DEL03-DF";"UOP02-DEL03-DF"
313341;2020-10-10;"sábado";"03:30:00";"SC";470;160,7;"POUSO REDONDO";"Velocidade Incompatível";"Capotamento";"Sem Vítimas";"Plena Noite";"Crescente";"Nevoeiro/Neblina";"Simples";"Curva";"Não";1;0;0;0;0;1;0;1;-27,286278;-49,798035;"SPRF-SC";"DEL04-SC";"UOP02-DEL04-SC"
313344;2020-10-10;"sábado";"03:10:00";"RO";364;342;"JI-PARANA";"Falta de Atenção à Condução";"Queda de ocupante de veículo";"Com Vítimas Feridas";"Plena Noite";"Decrescente";"Céu Claro";"Simples";"Reta";"Sim";1;0;1;0;0;0;1;1;-10,88488323;-61,93604708;"SPRF-RO";"DEL02-RO";"UOP01-DEL02-RO"
313348;2020-10-10;"sábado";"05:10:00";"RS";116;0,5;"CANOAS";"Ingestão de Álcool";"Capotamento";"Sem Vítimas";"Amanhecer";"Crescente";"Céu Claro";"Simples";"Reta";"Não";1;0;0;0;0;1;0;1;-29,9189;-51,1781;"SPRF-RS";"DEL01-RS";"UOP01-DEL01-RS"
313349;2020-10-10;"sábado";"04:10:00";"SC";163;68,5;"SAO MIGUEL DO OESTE";"Condutor Dormindo";"Colisão com objeto estático";"Sem Vítimas";"Plena Noite";"Crescente";"Nevoeiro/Neblina";"Dupla";"Reta";"Sim";1;0;0;0;1;0;0;1;-26,74470977;-53,50097179;"SPRF-SC";"DEL07-SC";"UOP03-DEL07-SC"
313350;2020-10-10;"sábado";"04:50:00";"SC";101;180,1;"BIGUACU";"Defeito Mecânico no Veículo";"Incêndio";"Sem Vítimas";"Plena Noite";"Crescente";"Céu Claro";"Múltipla";"Reta";"Sim";24;0;0;0;24;0;0;1;-27,3811238;-48,63090648;"SPRF-SC";"DEL01-SC";"UOP01-DEL01-SC"
313352;2020-10-10;"sábado";"04:30:00";"PR";277;342,9;"GUARAPUAVA";"Falta de Atenção à Condução";"Colisão traseira";"Com Vítimas Feridas";"Amanhecer";"Crescente";"Céu Claro";"Dupla";"Reta";"Sim";2;0;0;1;1;0;1;2;-25,34327686;-51,41076788;"SPRF-PR";"DEL08-PR";"UOP01-DEL08-PR"
313353;2020-10-10;"sábado";"04:00:00";"PR";277;342,8;"GUARAPUAVA";"Ingestão de Álcool";"Saída de leito carroçável";"Sem Vítimas";"Plena Noite";"Decrescente";"Céu Claro";"Dupla";"Reta";"Não";1;0;0;0;1;0;0;1;-25,34258659;-51,41140407;"SPRF-PR";"DEL08-PR";"UOP01-DEL08-PR"
313354;2020-10-10;"sábado";"05:40:00";"MG";365;297;"JOAO PINHEIRO";"Ultrapassagem Indevida";"Colisão frontal";"Com Vítimas Fatais";"Amanhecer";"Decrescente";"Céu Claro";"Simples";"Reta";"Não";6;1;3;2;0;0;5;2;-18,13194146;-45,73541731;"SPRF-MG";"DEL10-MG";"UOP01-DEL10-MG"
313355;2020-10-10;"sábado";"05:30:00";"SP";116;209;"GUARULHOS";"Agressão Externa";"Colisão lateral";"Com Vítimas Feridas";"Pleno dia";"Decrescente";"Céu Claro";"Dupla";"Reta";"Sim";4;0;2;0;1;1;2;3;-23,42511799;-46,40221101;"SPRF-SP";"DEL01-SP";"UOP01-DEL01-SP"
313359;2020-10-09;"sexta-feira";"15:08:00";"SP";116;541,5;"BARRA DO TURVO";"Pista Escorregadia";"Danos eventuais";"Com Vítimas Feridas";"Pleno dia";"Crescente";"Chuva";"Dupla";"Curva";"Não";4;0;1;0;3;0;1;1;-24,97245688;-48,39976606;"SPRF-SP";"DEL05-SP";"UOP02-DEL05-SP"
313360;2020-10-10;"sábado";"04:15:00";"PR";153;18;"JACAREZINHO";"Ingestão de Álcool";"Colisão frontal";"Sem Vítimas";"Plena Noite";"Decrescente";"Céu Claro";"Simples";"Reta";"Sim";2;0;0;0;2;0;0;2;-23,14446403;-49,95007038;"SPRF-PR";"DEL07-PR";"UOP04-DEL07-PR"
313361;2020-10-10;"sábado";"04:50:00";"MT";364;243;"JUSCIMEIRA";"Falta de Atenção à Condução";"Tombamento";"Com Vítimas Feridas";"Amanhecer";"Decrescente";"Céu Claro";"Dupla";"Curva";"Não";1;0;1;0;0;0;1;1;-16,07394322;-54,87082175;"SPRF-MT";"DEL02-MT";"UOP01-DEL02-MT"
313362;2020-10-10;"sábado";"06:30:00";"MG";381;449,9;"SABARA";"Falta de Atenção à Condução";"Colisão traseira";"Com Vítimas Feridas";"Amanhecer";"Decrescente";"Garoa/Chuvisco";"Simples";"Reta";"Sim";2;0;1;0;0;1;1;2;-19,829586;-43,842717;"SPRF-MG";"DEL01-MG";"UOP01-DEL01-MG"
313363;2020-10-10;"sábado";"05:00:00";"RS";471;170,8;"RIO PARDO";"Falta de Atenção à Condução";"Colisão traseira";"Com Vítimas Feridas";"Plena Noite";"Decrescente";"Céu Claro";"Simples";"Ponte";"Sim";2;0;2;0;0;0;2;2;-29,9640067;-52,3704958;"SPRF-RS";"DEL02-RS";"UOP03-DEL02-RS"
313364;2020-10-10;"sábado";"06:40:00";"SP";116;210;"GUARULHOS";"Falta de Atenção à Condução";"Colisão lateral";"Com Vítimas Feridas";"Pleno dia";"Crescente";"Céu Claro";"Dupla";"Reta";"Sim";2;0;1;0;1;0;1;2;-23,42870023;-46,41085991;"SPRF-SP";"DEL01-SP";"UOP01-DEL01-SP"
313367;2020-10-10;"sábado";"06:20:00";"BA";415;49;"ITABUNA";"Falta de Atenção à Condução";"Colisão transversal";"Com Vítimas Feridas";"Pleno dia";"Crescente";"Sol";"Simples";"Reta";"Sim";2;0;0;1;1;0;1;2;-14,81574494;-39,29612388;"SPRF-BA";"DEL05-BA";"UOP01-DEL05-BA"
313368;2020-10-10;"sábado";"07:00:00";"MG";381;876,5;"ESTIVA";"Velocidade Incompatível";"Saída de leito carroçável";"Com Vítimas Feridas";"Pleno dia";"Decrescente";"Garoa/Chuvisco";"Dupla";"Curva";"Não";4;0;3;0;1;0;3;1;-22,43958564;-45,98508706;"SPRF-MG";"DEL16-MG";"UOP01-DEL16-MG"
313371;2020-10-10;"sábado";"07:15:00";"MG";40;737,8;"SANTOS DUMONT";"Falta de Atenção à Condução";"Colisão lateral";"Com Vítimas Feridas";"Pleno dia";"Crescente";"Chuva";"Simples";"Curva";"Não";4;0;3;0;1;0;3;2;-21,38296999;-43,57033542;"SPRF-MG";"DEL05-MG";"UOP01-DEL05-MG"
313373;2020-10-10;"sábado";"06:00:00";"MG";381;526,9;"BRUMADINHO";"Velocidade Incompatível";"Capotamento";"Com Vítimas Feridas";"Amanhecer";"Decrescente";"Nublado";"Dupla";"Reta";"Não";2;0;1;0;1;0;1;1;-20,16175378;-44,34144636;"SPRF-MG";"DEL04-MG";"UOP03-DEL04-MG"
313374;2020-10-10;"sábado";"07:00:00";"MG";381;526;"BRUMADINHO";"Velocidade Incompatível";"Capotamento";"Com Vítimas Feridas";"Pleno dia";"Decrescente";"Garoa/Chuvisco";"Dupla";"Curva";"Não";2;0;1;0;1;0;1;1;-20,16175378;-44,34144636;"SPRF-MG";"DEL04-MG";"UOP03-DEL04-MG"
313378;2020-10-10;"sábado";"05:00:00";"RJ";40;32;"AREAL";"Velocidade Incompatível";"Saída de leito carroçável";"Sem Vítimas";"Amanhecer";"Decrescente";"Céu Claro";"Dupla";"Curva";"Não";1;0;0;0;0;1;0;1;-22,19935287;-43,15764401;"SPRF-RJ";"DEL05-RJ";"UOP02-DEL05-RJ"
313379;2020-10-10;"sábado";"06:40:00";"SP";116;217;"GUARULHOS";"Ingestão de Álcool";"Atropelamento de Pedestre";"Com Vítimas Feridas";"Pleno dia";"Crescente";"Céu Claro";"Múltipla";"Reta";"Sim";3;0;2;0;1;0;2;3;-23,45423824;-46,47119028;"SPRF-SP";"DEL01-SP";"UOP01-DEL01-SP"
313380;2020-10-10;"sábado";"02:20:00";"PR";476;130;"CURITIBA";"Velocidade Incompatível";"Colisão com objeto estático";"Com Vítimas Feridas";"Plena Noite";"Crescente";"Nublado";"Dupla";"Curva";"Sim";1;0;0;1;0;0;1;1;-25,449564;-49,236427;"SPRF-PR";"DEL01-PR";"UOP03-DEL01-PR"
313381;2020-10-10;"sábado";"07:20:00";"CE";116;309,1;"JAGUARIBE";"Desobediência às normas de trânsito pelo condutor";"Colisão transversal";"Com Vítimas Feridas";"Pleno dia";"Decrescente";"Céu Claro";"Simples";"Reta";"Não";4;0;1;1;2;0;2;2;-5,89477992;-38,61975447;"SPRF-CE";"DEL05-CE";"UOP02-DEL05-CE"
313383;2020-10-10;"sábado";"07:00:00";"PE";101;4,7;"GOIANA";"Avarias e/ou desgaste excessivo no pneu";"Saída de leito carroçável";"Com Vítimas Feridas";"Pleno dia";"Decrescente";"Sol";"Dupla";"Curva";"Não";2;0;1;0;1;0;1;1;-7,53264499;-34,99145786;"SPRF-PE";"DEL01-PE";"UOP02-DEL01-PE"
313384;2020-10-10;"sábado";"07:45:00";"PR";277;116,3;"CAMPO LARGO";"Ingestão de Álcool";"Saída de leito carroçável";"Sem Vítimas";"Pleno dia";"Crescente";"Céu Claro";"Dupla";"Curva";"Não";2;0;0;0;1;1;0;2;-25,43724837;-49,5140183;"SPRF-PR";"DEL01-PR";"UOP03-DEL03-PR"
313386;2020-10-10;"sábado";"03:19:00";"RJ";40;89;"PETROPOLIS";"Velocidade Incompatível";"Capotamento";"Com Vítimas Feridas";"Plena Noite";"Crescente";"Nublado";"Simples";"Curva";"Não";4;0;3;0;1;0;3;1;-22,556263;-43,23718;"SPRF-RJ";"DEL06-RJ";"UOP01-DEL06-RJ"
313387;2020-10-09;"sexta-feira";"22:45:00";"RJ";40;78;"PETROPOLIS";"Pista Escorregadia";"Colisão com objeto estático";"Com Vítimas Feridas";"Plena Noite";"Crescente";"Chuva";"Dupla";"Curva";"Não";2;0;1;0;1;0;1;1;-22,48485874;-43,22843406;"SPRF-RJ";"DEL06-RJ";"UOP01-DEL06-RJ"
313390;2020-10-10;"sábado";"08:00:00";"SP";116;209;"GUARULHOS";"Desobediência às normas de trânsito pelo condutor";"Colisão traseira";"Com Vítimas Feridas";"Pleno dia";"Crescente";"Céu Claro";"Dupla";"Interseção de Vias";"Não";2;0;1;1;0;0;2;2;-23,42511799;-46,40221101;"SPRF-SP";"DEL01-SP";"UOP01-DEL01-SP"
313391;2020-10-10;"sábado";"08:15:00";"MG";40;511;"RIBEIRAO DAS NEVES";"Avarias e/ou desgaste excessivo no pneu";"Tombamento";"Com Vítimas Feridas";"Pleno dia";"Crescente";"Nublado";"Dupla";"Reta";"Sim";2;0;2;0;0;0;2;1;-19,78164295;-44,11733194;"SPRF-MG";"DEL01-MG";"UOP02-DEL01-MG"
313392;2020-10-10;"sábado";"04:40:00";"MG";116;810,3;"ALEM PARAIBA";"Defeito na Via";"Colisão frontal";"Com Vítimas Feridas";"Amanhecer";"Crescente";"Nublado";"Simples";"Curva";"Não";7;0;6;1;0;0;7;2;-21,8327779;-42,67715755;"SPRF-MG";"DEL07-MG";"UOP01-DEL07-MG"
313394;2020-10-09;"sexta-feira";"21:00:00";"MG";116;28;"CACHOEIRA DE PAJEU";"Desobediência às normas de trânsito pelo condutor";"Atropelamento de Pedestre";"Com Vítimas Feridas";"Plena Noite";"Crescente";"Nublado";"Simples";"Reta";"Não";2;0;0;1;0;1;1;2;-15,890646;-41,416342;"SPRF-MG";"DEL11-MG";"UOP02-DEL11-MG"
313395;2020-10-10;"sábado";"07:30:00";"RN";304;47;"MOSSORO";"Objeto estático sobre o leito carroçável";"Colisão com objeto estático";"Com Vítimas Feridas";"Pleno dia";"Decrescente";"Céu Claro";"Dupla";"Reta";"Sim";5;0;1;0;4;0;1;3;-5,22597224;-37,33086797;"SPRF-RN";"DEL04-RN";"UOP01-DEL04-RN"
313396;2020-10-10;"sábado";"07:40:00";"SP";116;145,6;"SAO JOSE DOS CAMPOS";"Velocidade Incompatível";"Engavetamento";"Com Vítimas Feridas";"Pleno dia";"Decrescente";"Céu Claro";"Dupla";"Reta";"Não";4;0;2;0;2;0;2;3;-23,1869844;-45,8548078;"SPRF-SP";"DEL02-SP";"UOP01-DEL02-SP"
313397;2020-10-10;"sábado";"07:20:00";"RO";364;710;"PORTO VELHO";"Desobediência às normas de trânsito pelo condutor";"Colisão transversal";"Com Vítimas Feridas";"Pleno dia";"Decrescente";"Céu Claro";"Múltipla";"Interseção de Vias";"Sim";2;0;1;0;1;0;1;2;-8,78621576;-63,85712687;"SPRF-RO";"DEL01-RO";"UOP01-DEL01-RO"
313398;2020-10-10;"sábado";"09:00:00";"SC";101;214,3;"PALHOCA";"Desobediência às normas de trânsito pelo condutor";"Colisão transversal";"Com Vítimas Feridas";"Pleno dia";"Decrescente";"Céu Claro";"Simples";"Viaduto";"Não";5;0;1;0;4;0;1;2;-27,64443;-48,67057;"SPRF-SC";"DEL01-SC";"UOP02-DEL01-SC"
313400;2020-10-10;"sábado";"06:45:00";"SC";101;373,8;"ICARA";"Ingestão de Álcool";"Saída de leito carroçável";"Sem Vítimas";"Pleno dia";"Decrescente";"Céu Claro";"Dupla";"Reta";"Não";1;0;0;0;1;0;0;1;-28,7132671;-49,21763596;"SPRF-SC";"DEL02-SC";"UOP01-DEL02-SC"
313403;2020-10-10;"sábado";"09:52:00";"MG";267;75,2;"JUIZ DE FORA";"Falta de Atenção à Condução";"Saída de leito carroçável";"Com Vítimas Feridas";"Pleno dia";"Decrescente";"Céu Claro";"Simples";"Curva";"Não";2;0;1;1;0;0;2;1;-21,75654176;-43,1744589;"SPRF-MG";"DEL05-MG";"UOP01-DEL05-MG"
313405;2020-10-10;"sábado";"09:20:00";"PE";232;71;"GRAVATA";"Falta de Atenção à Condução";"Colisão transversal";"Com Vítimas Feridas";"Pleno dia";"Crescente";"Céu Claro";"Dupla";"Reta";"Sim";4;0;1;1;1;1;2;3;-8,18344403;-35,49296599;"SPRF-PE";"DEL02-PE";"UOP02-DEL02PE"
313406;2020-10-10;"sábado";"07:30:00";"MG";116;498,3;"INHAPIM";"Velocidade Incompatível";"Colisão frontal";"Com Vítimas Feridas";"Pleno dia";"Decrescente";"Céu Claro";"Simples";"Curva";"Não";3;0;1;0;2;0;1;2;-19,55247801;-42,12429712;"SPRF-MG";"DEL06-MG";"UOP02-DEL06-MG"
313407;2020-10-10;"sábado";"00:50:00";"PR";476;132;"CURITIBA";"Ingestão de Substâncias Psicoativas";"Saída de leito carroçável";"Com Vítimas Fatais";"Plena Noite";"Crescente";"Céu Claro";"Dupla";"Reta";"Sim";2;2;0;0;0;0;0;1;-25,460718;-49,250488;"SPRF-PR";"DEL01-PR";"UOP03-DEL01-PR"
313408;2020-10-10;"sábado";"09:25:00";"RS";392;348;"SANTA MARIA";"Desobediência às normas de trânsito pelo condutor";"Colisão transversal";"Com Vítimas Feridas";"Pleno dia";"Crescente";"Céu Claro";"Simples";"Reta";"Não";4;0;2;0;2;0;2;2;-29,7526249;-53,7898177;"SPRF-RS";"DEL09-RS";"UOP01-DEL09-RS"
313409;2020-10-10;"sábado";"09:00:00";"MG";381;939,9;"EXTREMA";"Agressão Externa";"Saída de leito carroçável";"Sem Vítimas";"Pleno dia";"Decrescente";"Céu Claro";"Dupla";"Reta";"Sim";1;0;0;0;1;0;0;1;-22,84701434;-46,33321175;"SPRF-MG";"DEL16-MG";"UOP03-DEL16-MG"
313412;2020-10-10;"sábado";"09:40:00";"RN";101;108,8;"PARNAMIRIM";"Não guardar distância de segurança";"Colisão traseira";"Com Vítimas Feridas";"Pleno dia";"Decrescente";"Sol";"Dupla";"Reta";"Sim";3;0;1;0;2;0;1;2;-5,93060316;-35,26473999;"SPRF-RN";"DEL01-RN";"UOP01-DEL01-RN"
313413;2020-10-10;"sábado";"09:00:00";"MS";163;570,3;"BANDEIRANTES";"Desobediência às normas de trânsito pelo condutor";"Colisão traseira";"Sem Vítimas";"Pleno dia";"Crescente";"Sol";"Simples";"Aclive";"Não";2;0;0;0;2;0;0;2;-19,73185799;-54,3516881;"SPRF-MS";"DEL01-MS";"UOP02-DEL01-MS"
313414;2020-10-10;"sábado";"10:00:00";"RN";304;33,4;"MOSSORO";"Falta de Atenção à Condução";"Colisão traseira";"Com Vítimas Feridas";"Pleno dia";"Decrescente";"Céu Claro";"Dupla";"Reta";"Não";2;0;1;0;1;0;1;2;-5,1436187;-37,34679947;"SPRF-RN";"DEL04-RN";"UOP02-DEL04-RN"
313415;2020-10-10;"sábado";"10:00:00";"SE";101;76;"MARUIM";"Sinalização da via insuficiente ou inadequada";"Colisão frontal";"Com Vítimas Feridas";"Pleno dia";"Crescente";"Céu Claro";"Simples";"Reta";"Sim";2;0;0;1;1;0;1;2;-10,77357687;-37,12583705;"SPRF-SE";"DEL01-SE";"UOP01-DEL01-SE"
313416;2020-10-10;"sábado";"09:30:00";"RS";290;19;"SANTO ANTONIO DA PATRULHA";"Falta de Atenção à Condução";"Colisão traseira";"Com Vítimas Feridas";"Pleno dia";"Decrescente";"Céu Claro";"Dupla";"Reta";"Não";5;0;2;0;3;0;2;2;-29,884407;-50,444893;"SPRF-RS";"DEL03-RS";"UOP01-DEL03-RS"
313417;2020-10-10;"sábado";"09:14:00";"GO";40;92,3;"CRISTALINA";"Desobediência às normas de trânsito pelo condutor";"Colisão lateral";"Sem Vítimas";"Pleno dia";"Crescente";"Céu Claro";"Simples";"Interseção de Vias";"Não";2;0;0;0;2;0;0;2;-16,73254924;-47,61950567;"SPRF-DF";"DEL01-DF";"UOP02-DEL01-DF"
313418;2020-10-10;"sábado";"09:45:00";"RS";386;74;"BOA VISTA DAS MISSOES";"Falta de Atenção à Condução";"Colisão traseira";"Sem Vítimas";"Pleno dia";"Decrescente";"Céu Claro";"Simples";"Rotatória";"Não";2;0;0;0;2;0;0;2;-27,68672026;-53,30712318;"SPRF-RS";"DEL08-RS";"UOP02-DEL08-RS"
313419;2020-10-10;"sábado";"10:40:00";"SC";101;214,3;"PALHOCA";"Desobediência às normas de trânsito pelo condutor";"Colisão traseira";"Com Vítimas Feridas";"Pleno dia";"Decrescente";"Sol";"Múltipla";"Reta";"Sim";3;0;2;0;1;0;2;2;-27,64443;-48,67057;"SPRF-SC";"DEL01-SC";"UOP02-DEL01-SC"
313420;2020-10-10;"sábado";"10:15:00";"RS";287;409;"SANTIAGO";"Falta de Atenção à Condução";"Colisão transversal";"Com Vítimas Feridas";"Pleno dia";"Crescente";"Céu Claro";"Simples";"Rotatória";"Não";2;0;1;0;1;0;1;2;-29,0953789;-54,92257688;"SPRF-RS";"DEL12-RS";"UOP02-DEL12-RS"
313422;2020-10-10;"sábado";"06:25:00";"RO";364;341;"JI-PARANA";"Ingestão de Álcool";"Colisão lateral";"Sem Vítimas";"Amanhecer";"Decrescente";"Céu Claro";"Dupla";"Reta";"Sim";2;0;0;0;2;0;0;2;-10,88987987;-61,93126772;"SPRF-RO";"DEL02-RO";"UOP01-DEL02-RO"
313423;2020-10-10;"sábado";"10:10:00";"SP";116;144,9;"SAO JOSE DOS CAMPOS";"Não guardar distância de segurança";"Colisão traseira";"Sem Vítimas";"Pleno dia";"Decrescente";"Céu Claro";"Dupla";"Reta";"Sim";2;0;0;0;2;0;0;2;-23,18553703;-45,85178375;"SPRF-SP";"DEL02-SP";"UOP01-DEL02-SP"
313424;2020-10-10;"sábado";"10:30:00";"ES";101;270;"SERRA";"Falta de Atenção à Condução";"Tombamento";"Com Vítimas Feridas";"Pleno dia";"Crescente";"Chuva";"Dupla";"Reta";"Sim";2;0;1;0;1;0;1;2;-20,22662056;-40,27075088;"SPRF-ES";"DEL02-ES";"UOP01-DEL02-ES"
313425;2020-10-10;"sábado";"11:15:00";"MG";381;566,8;"ITAGUARA";"Velocidade Incompatível";"Capotamento";"Com Vítimas Feridas";"Pleno dia";"Crescente";"Nublado";"Dupla";"Curva";"Não";1;0;1;0;0;0;1;1;-20,41642409;-44,52998184;"SPRF-MG";"DEL04-MG";"UOP03-DEL04-MG"
313426;2020-10-10;"sábado";"10:15:00";"RS";290;97;"PORTO ALEGRE";"Falta de Atenção à Condução";"Queda de ocupante de veículo";"Com Vítimas Feridas";"Pleno dia";"Crescente";"Sol";"Dupla";"Reta";"Não";1;0;0;1;0;0;1;1;-29,997789;-51,20779;"SPRF-RS";"DEL01-RS";"UOP01-DEL01-RS"
313427;2020-10-10;"sábado";"11:15:00";"RS";116;33,4;"VACARIA";"Não guardar distância de segurança";"Colisão traseira";"Sem Vítimas";"Pleno dia";"Decrescente";"Céu Claro";"Simples";"Reta";"Sim";2;0;0;0;2;0;0;2;-28,47015829;-50,89358151;"SPRF-RS";"DEL05-RS";"UOP03-DEL05-RS"
313428;2020-10-10;"sábado";"11:00:00";"PR";376;646;"TIJUCAS DO SUL";"Falta de Atenção à Condução";"Colisão traseira";"Com Vítimas Feridas";"Pleno dia";"Crescente";"Céu Claro";"Dupla";"Reta";"Não";7;0;2;0;5;0;2;2;-25,82793738;-49,11945654;"SPRF-PR";"DEL01-PR";"UOP04-DEL01-PR"
313430;2020-10-10;"sábado";"10:50:00";"PR";158;507,3;"CORONEL VIVIDA";"Desobediência às normas de trânsito pelo condutor";"Saída de leito carroçável";"Com Vítimas Feridas";"Pleno dia";"Decrescente";"Céu Claro";"Simples";"Reta;Aclive";"Não";1;0;1;0;0;0;1;1;-26,02242678;-52,5808239;"SPRF-PR";"DEL02-PR";"UOP01-DEL02-PR"
313431;2020-10-10;"sábado";"12:00:00";"PE";423;94,6;"GARANHUNS";"Falta de Atenção à Condução";"Colisão transversal";"Com Vítimas Feridas";"Pleno dia";"Crescente";"Céu Claro";"Simples";"Reta";"Sim";2;0;1;0;1;0;1;2;-8,874732;-36,46946;"SPRF-PE";"DEL03-PE";"UOP01-DEL03-PE"
313432;2020-10-10;"sábado";"11:56:00";"PR";277;713;"SANTA TEREZINHA DE ITAIPU";"Falta de Atenção à Condução";"Colisão traseira";"Com Vítimas Feridas";"Pleno dia";"Decrescente";"Céu Claro";"Dupla";"Reta";"Não";3;0;1;0;1;1;1;3;-25,46144154;-54,44010119;"SPRF-PR";"DEL05-PR";"UOP01-DEL05-PR"
313433;2020-10-10;"sábado";"10:44:00";"GO";70;312,6;"JUSSARA";"Falta de Atenção à Condução";"Colisão lateral";"Com Vítimas Feridas";"Pleno dia";"Crescente";"Céu Claro";"Simples";"Reta";"Não";4;0;1;0;3;0;1;2;-15,872713;-50,849411;"SPRF-GO";"DEL04-GO";"UOP01-DEL04-GO"
313434;2020-10-10;"sábado";"11:45:00";"PR";376;494;"PONTA GROSSA";"Não guardar distância de segurança";"Colisão traseira";"Sem Vítimas";"Pleno dia";"Crescente";"Céu Claro";"Simples";"Aclive";"Não";4;0;0;0;4;0;0;4;-25,16566955;-50,11640967;"SPRF-PR";"DEL03-PR";"UOP04-DEL03-PR"
313435;2020-10-10;"sábado";"10:00:00";"MG";153;104;"PRATA";"Ingestão de Álcool";"Saída de leito carroçável";"Sem Vítimas";"Pleno dia";"Decrescente";"Nublado";"Simples";"Reta";"Não";1;0;0;0;0;1;0;1;-19,26347485;-48,92260343;"SPRF-MG";"DEL15-MG";"UOP03-DEL15-MG"
313437;2020-10-10;"sábado";"11:35:00";"MG";365;614;"UBERLANDIA";"Falta de Atenção à Condução";"Colisão traseira";"Com Vítimas Feridas";"Pleno dia";"Crescente";"Céu Claro";"Dupla";"Reta";"Não";2;0;0;1;1;0;1;2;-18,9376471;-48,21413398;"SPRF-MG";"DEL15-MG";"UOP01-DEL15-MG"
313440;2020-10-08;"quinta-feira";"03:00:00";"PE";423;91,6;"GARANHUNS";"Falta de Atenção à Condução";"Colisão lateral";"Com Vítimas Feridas";"Plena Noite";"Crescente";"Ignorado";"Simples";"Declive";"Sim";3;0;2;1;0;0;3;2;-8,85375408;-36,46278381;"SPRF-PE";"DEL03-PE";"UOP01-DEL03-PE"
313442;2020-10-10;"sábado";"12:15:00";"GO";20;5;"FORMOSA";"Falta de Atenção à Condução";"Colisão traseira";"Sem Vítimas";"Pleno dia";"Decrescente";"Céu Claro";"Simples";"Aclive";"Sim";3;0;0;0;3;0;0;3;-15,555275;-47,306908;"SPRF-DF";"DEL02-DF";"UOP01-DEL02-DF"
313443;2020-10-10;"sábado";"12:10:00";"SC";101;318;"PESCARIA BRAVA";"Desobediência às normas de trânsito pelo condutor";"Colisão frontal";"Com Vítimas Feridas";"Pleno dia";"Decrescente";"Céu Claro";"Simples";"Interseção de Vias;Reta";"Sim";2;0;1;0;1;0;1;2;-28,4266481;-48,86160099;"SPRF-SC";"DEL02-SC";"UOP01-DEL02-SC"
313444;2020-10-10;"sábado";"10:20:00";"SC";101;85,1;"BARRA VELHA";"Falta de Atenção à Condução";"Colisão traseira";"Com Vítimas Feridas";"Pleno dia";"Crescente";"Céu Claro";"Simples";"Reta";"Não";3;0;2;0;1;0;2;2;-26,63159698;-48,70415211;"SPRF-SC";"DEL03-SC";"UOP02-DEL03-SC"
313446;2020-10-10;"sábado";"13:10:00";"MA";316;484,4;"CODO";"Velocidade Incompatível";"Saída de leito carroçável";"Com Vítimas Feridas";"Pleno dia";"Decrescente";"Céu Claro";"Simples";"Reta";"Não";3;0;1;1;1;0;2;1;-4,627234;-43,878632;"SPRF-MA";"DEL03-MA";"UOP02-DEL03-MA"
313449;2020-10-10;"sábado";"13:10:00";"PR";376;185,2;"SARANDI";"Velocidade Incompatível";"Capotamento";"Com Vítimas Feridas";"Pleno dia";"Decrescente";"Céu Claro";"Dupla";"Declive";"Não";2;0;2;0;0;0;2;1;-23,45147413;-51,85361808;"SPRF-PR";"DEL09-PR";"UOP01-DEL09-PR"
313451;2020-10-10;"sábado";"13:00:00";"MG";40;512,1;"RIBEIRAO DAS NEVES";"Falta de Atenção à Condução";"Saída de leito carroçável";"Com Vítimas Feridas";"Pleno dia";"Decrescente";"Sol";"Dupla";"Reta;Declive";"Sim";2;0;0;2;0;0;2;1;-19,78946999;-44,11290699;"SPRF-MG";"DEL01-MG";"UOP02-DEL01-MG"