"id";"data_inversa";"dia_semana";"horario";"uf";"br";"km";"municipio";"causa_acidente";"tipo_acidente";"classificacao_acidente";"fase_dia";"sentido_via";"condicao_metereologica";"tipo_pista";"tracado_via";"uso_solo";"pessoas";"mortos";"feridos_leves";"feridos_graves";"ilesos";"ignorados";"feridos";"veiculos";"latitude";"longitude";"regional";"delegacia";"uop"
313452;2020-10-10;"sábado";"06:50:00";"MA";135;7,7;"SAO LUIS";"Ingestão de Álcool";"Saída de leito carroçável";"Sem Vítimas";"Pleno dia";"Decrescente";"Céu Claro";"Dupla";"Reta";"Sim";1;0;0;0;1;0;0;1;-2,63608835;-44,26848552;"SPRF-MA";"DEL01-MA";"UOP01-DEL01-MA"
313453;2020-10-10;"sábado";"12:30:00";"MS";60;664,5;"BELA VISTA";"Condutor Dormindo";"Capotamento";"Com Vítimas Feridas";"Pleno dia";"Crescente";"Céu Claro";"Simples";"Aclive";"Não";3;0;2;1;0;0;3;1;-21,97623986;-56,4614441;"SPRF-MS";"DEL05-MS";"UOP01-DEL05-MS"
313454;2020-10-10;"sábado";"13:10:00";"PR";376;643;"TIJUCAS DO SUL";"Falta de Atenção à Condução";"Colisão traseira";"Com Vítimas Feridas";"Pleno dia";"Crescente";"Céu Claro";"Dupla";"Reta";"Não";2;0;0;1;1;0;1;2;-25,805819;-49,13522705;"SPRF-PR";"DEL01-PR";"UOP04-DEL01-PR"
313455;2020-10-10;"sábado";"14:30:00";"RJ";116;128;"MAGE";"Falta de Atenção à Condução";"Colisão traseira";"Com Vítimas Feridas";"Pleno dia";"Decrescente";"Chuva";"Dupla";"Reta";"Sim";3;0;1;0;2;0;1;3;-22,6657139;-43,10092001;"SPRF-RJ";"DEL04-RJ";"UOP02-DEL04-RJ"
313456;2020-10-10;"sábado";"13:35:00";"MS";163;689;"RIO VERDE DE MATO GROSSO";"Falta de Atenção à Condução";"Saída de leito carroçável";"Com Vítimas Feridas";"Pleno dia";"Decrescente";"Nublado";"Simples";"Reta";"Não";1;0;0;1;0;0;1;1;-18,85162011;-54,81995677;"SPRF-MS";"DEL06-MS";"UOP01-DEL06-MS"
313457;2020-10-10;"sábado";"14:00:00";"SC";470;183;"POUSO REDONDO";"Ultrapassagem Indevida";"Saída de leito carroçável";"Com Vítimas Feridas";"Pleno dia";"Crescente";"Céu Claro";"Simples";"Reta";"Não";2;0;2;0;0;0;2;1;-27,25993;-49,9061;"SPRF-SC";"DEL04-SC";"UOP02-DEL04-SC"
313458;2020-10-10;"sábado";"14:07:00";"BA";324;569;"SAO SEBASTIAO DO PASSE";"Falta de Atenção à Condução";"Saída de leito carroçável";"Com Vítimas Feridas";"Pleno dia";"Decrescente";"Sol";"Dupla";"Reta";"Não";3;0;3;0;0;0;3;1;-12,54065603;-38,58868903;"SPRF-BA";"DEL01-BA";"UOP01-DEL01-BA"
313459;2020-10-10;"sábado";"14:20:00";"CE";20;404;"CAUCAIA";"Desobediência às normas de trânsito pelo condutor";"Colisão transversal";"Com Vítimas Feridas";"Pleno dia";"Crescente";"Céu Claro";"Simples";"Reta";"Não";3;0;2;1;0;0;3;2;-3,77821762;-38,68607924;"SPRF-CE";"DEL01-CE";"UOP01-DEL01-CE"
313460;2020-10-10;"sábado";"13:10:00";"MT";163;832;"SINOP";"Ingestão de Álcool";"Colisão com objeto estático";"Sem Vítimas";"Pleno dia";"Decrescente";"Garoa/Chuvisco";"Simples";"Retorno Regulamentado";"Sim";1;0;0;0;1;0;0;1;-11,89448607;-55,50406879;"SPRF-MT";"DEL06-MT";"UOP01-DEL06-MT"
313461;2020-10-10;"sábado";"12:50:00";"RJ";101;34;"CAMPOS DOS GOYTACAZES";"Desobediência às normas de trânsito pelo condutor";"Colisão frontal";"Com Vítimas Feridas";"Pleno dia";"Crescente";"Nublado";"Simples";"Interseção de Vias";"Não";3;0;1;0;2;0;1;2;-21,49797593;-41,34108134;"SPRF-RJ";"DEL08-RJ";"UOP01-DEL08-RJ"
313462;2020-10-10;"sábado";"14:35:00";"ES";101;209;"IBIRACU";"Não guardar distância de segurança";"Colisão traseira";"Com Vítimas Feridas";"Pleno dia";"Crescente";"Nublado";"Dupla";"Aclive";"Não";2;0;1;0;1;0;1;2;-19,789689;-40,37132;"SPRF-ES";"DEL02-ES";"UOP01-DEL02-ES"
313464;2020-10-10;"sábado";"08:37:00";"MG";381;802,9;"SAO GONCALO DO SAPUCAI";"Velocidade Incompatível";"Saída de leito carroçável";"Com Vítimas Feridas";"Pleno dia";"Crescente";"Garoa/Chuvisco";"Dupla";"Declive;Curva";"Não";5;0;3;0;2;0;3;1;-21,98685449;-45,65711903;"SPRF-MG";"DEL16-MG";"UOP02-DEL16-MG"
313467;2020-10-10;"sábado";"14:35:00";"SC";101;211,6;"PALHOCA";"Desobediência às normas de trânsito pelo condutor";"Colisão traseira";"Com Vítimas Feridas";"Pleno dia";"Decrescente";"Sol";"Múltipla";"Reta";"Sim";4;0;3;0;1;0;3;3;-27,62470485;-48,65351938;"SPRF-SC";"DEL01-SC";"UOP02-DEL01-SC"
313469;2020-10-10;"sábado";"12:15:00";"MT";70;51,1;"BARRA DO GARCAS";"Falta de Atenção à Condução";"Capotamento";"Com Vítimas Feridas";"Pleno dia";"Crescente";"Nublado";"Simples";"Reta";"Não";4;0;2;0;2;0;2;1;-15,72103368;-52,62167081;"SPRF-MT";"DEL07-MT";"UOP01-DEL07-MT"
313470;2020-10-10;"sábado";"12:40:00";"MA";10;255;"IMPERATRIZ";"Ingestão de Álcool";"Colisão traseira";"Sem Vítimas";"Pleno dia";"Decrescente";"Céu Claro";"Simples";"Reta";"Não";2;0;0;0;2;0;0;2;-5,508798;-47,471718;"SPRF-MA";"DEL04-MA";"UOP01-DEL04-MA"
313476;2020-10-10;"sábado";"14:40:00";"DF";20;18;"BRASILIA";"Pista Escorregadia";"Colisão traseira";"Com Vítimas Feridas";"Pleno dia";"Crescente";"Chuva";"Dupla";"Declive";"Sim";4;0;2;0;2;0;2;2;-15,616901;-47,708927;"SPRF-DF";"DEL02-DF";"UOP01-DEL02-DF"
313477;2020-10-10;"sábado";"13:00:00";"SC";101;253;"PAULO LOPES";"Ingestão de Álcool";"Capotamento";"Com Vítimas Feridas";"Pleno dia";"Decrescente";"Nublado";"Dupla";"Viaduto;Reta";"Sim";1;0;0;1;0;0;1;1;-27,96492999;-48,67962057;"SPRF-SC";"DEL02-SC";"UOP03-DEL02-SC"
313479;2020-10-10;"sábado";"14:46:00";"SC";116;250;"LAGES";"Desobediência às normas de trânsito pelo condutor";"Colisão lateral";"Com Vítimas Feridas";"Pleno dia";"Crescente";"Céu Claro";"Simples";"Reta";"Não";2;0;0;1;1;0;1;2;-27,83626507;-50,38045026;"SPRF-SC";"DEL05-SC";"UOP02-DEL05-SC"
313481;2020-10-10;"sábado";"14:50:00";"MS";262;346,1;"CAMPO GRANDE";"Falta de Atenção do Pedestre";"Atropelamento de Pedestre";"Com Vítimas Feridas";"Pleno dia";"Crescente";"Céu Claro";"Simples";"Curva";"Não";3;0;0;1;2;0;1;2;-20,57153364;-54,59607361;"SPRF-MS";"DEL01-MS";"UOP03-DEL01-MS"
313483;2020-10-10;"sábado";"14:00:00";"BA";101;359,9;"WENCESLAU GUIMARAES";"Desobediência às normas de trânsito pelo condutor";"Colisão frontal";"Com Vítimas Feridas";"Pleno dia";"Crescente";"Sol";"Simples";"Reta";"Não";3;0;2;0;1;0;2;2;-13,63264118;-39,49310303;"SPRF-BA";"DEL05-BA";"UOP03-DEL05-BA"
313485;2020-10-10;"sábado";"11:30:00";"MA";222;436;"SANTA LUZIA";"Falta de Atenção à Condução";"Queda de ocupante de veículo";"Com Vítimas Fatais";"Pleno dia";"Crescente";"Céu Claro";"Simples";"Declive";"Não";2;1;0;1;0;0;1;1;-4,08206917;-45,87698494;"SPRF-MA";"DEL02-MA";"UOP01-DEL02-MA"
313486;2020-10-10;"sábado";"15:00:00";"BA";101;895;"CARAVELAS";"Falta de Atenção à Condução";"Saída de leito carroçável";"Com Vítimas Feridas";"Pleno dia";"Crescente";"Sol";"Simples";"Declive";"Não";2;0;2;0;0;0;2;1;-17,688203;-39,773174;"SPRF-BA";"DEL09-BA";"UOP02-DEL09-BA"
313487;2020-10-10;"sábado";"16:20:00";"GO";60;273;"JANDAIA";"Falta de Atenção à Condução";"Saída de leito carroçável";"Com Vítimas Feridas";"Pleno dia";"Crescente";"Nublado";"Dupla";"Reta";"Não";2;0;0;2;0;0;2;1;-17,21639593;-50,17228603;"SPRF-GO";"DEL01-GO";"UOP02-DEL01-GO"
313488;2020-10-10;"sábado";"16:00:00";"PR";376;90,2;"PARANAVAI";"Ingestão de Substâncias Psicoativas";"Colisão lateral";"Com Vítimas Feridas";"Pleno dia";"Crescente";"Céu Claro";"Simples";"Reta;Declive";"Não";3;0;1;0;2;0;1;2;-22,99703439;-52,57786274;"SPRF-PR";"DEL09-PR";"UOP02-DEL09-PR"
313489;2020-10-10;"sábado";"15:30:00";"CE";116;538,3;"PENAFORTE";"Ingestão de Álcool";"Saída de leito carroçável";"Com Vítimas Fatais";"Pleno dia";"Crescente";"Céu Claro";"Simples";"Reta";"Não";1;1;0;0;0;0;0;1;-7,74586804;-39,05661095;"SPRF-CE";"DEL05-CE";"UOP03-DEL05-CE"
313490;2020-10-10;"sábado";"14:50:00";"RO";364;18;"VILHENA";"Falta de Atenção à Condução";"Colisão transversal";"Com Vítimas Feridas";"Pleno dia";"Crescente";"Nublado";"Simples";"Aclive";"Não";6;0;4;0;2;0;4;2;-12,72972661;-60,17479789;"SPRF-RO";"DEL04-RO";"UOP01-DEL04-RO"
313491;2020-10-10;"sábado";"16:00:00";"PR";376;637,8;"TIJUCAS DO SUL";"Falta de Atenção à Condução";"Colisão traseira";"Com Vítimas Feridas";"Pleno dia";"Crescente";"Céu Claro";"Dupla";"Reta";"Não";9;0;1;0;8;0;1;2;-25,75614093;-49,12609667;"SPRF-PR";"DEL01-PR";"UOP04-DEL01-PR"
313492;2020-10-10;"sábado";"15:45:00";"PA";316;84,6;"SAO FRANCISCO DO PARA";"Desobediência às normas de trânsito pelo condutor";"Colisão frontal";"Com Vítimas Feridas";"Pleno dia";"Decrescente";"Céu Claro";"Simples";"Interseção de Vias;Reta";"Não";7;0;3;4;0;0;7;2;-1,3101929;-47,74456398;"SPRF-PA";"DEL01-PA";"UOP02-DEL01-PA"
313495;2020-10-10;"sábado";"13:40:00";"PR";376;174,2;"MARINGA";"Desobediência às normas de trânsito pelo condutor";"Colisão transversal";"Com Vítimas Feridas";"Pleno dia";"Decrescente";"Céu Claro";"Dupla";"Interseção de Vias";"Sim";2;0;1;0;1;0;1;2;-23,41430102;-51,94984299;"SPRF-PR";"DEL09-PR";"UOP01-DEL09-PR"
313496;2020-10-10;"sábado";"16:35:00";"CE";20;408;"CAUCAIA";"Desobediência às normas de trânsito pelo condutor";"Colisão transversal";"Com Vítimas Feridas";"Pleno dia";"Decrescente";"Céu Claro";"Dupla";"Interseção de Vias";"Não";4;0;3;0;1;0;3;3;-3,78372062;-38,65616865;"SPRF-CE";"DEL01-CE";"UOP01-DEL01-CE"
313498;2020-10-10;"sábado";"13:55:00";"AC";364;136;"RIO BRANCO";"Ingestão de Álcool";"Colisão traseira";"Com Vítimas Feridas";"Pleno dia";"Decrescente";"Céu Claro";"Dupla";"Rotatória";"Sim";3;0;1;0;2;0;1;3;-9,977578;-67,8489;"SPRF-AC";"DEL01-AC";"UOP01-DEL01-AC"
313499;2020-10-10;"sábado";"16:15:00";"PR";116;98;"SAO JOSE DOS PINHAIS";"Falta de Atenção à Condução";"Colisão traseira";"Com Vítimas Feridas";"Pleno dia";"Decrescente";"Céu Claro";"Dupla";"Reta";"Sim";2;0;2;0;0;0;2;2;-25,51973222;-49,13431573;"SPRF-PR";"DEL01-PR";"UOP01-DEL01-PR"
313502;2020-10-10;"sábado";"16:25:00";"PR";376;1,6;"APUCARANA";"Não guardar distância de segurança";"Colisão traseira";"Com Vítimas Feridas";"Pleno dia";"Crescente";"Céu Claro";"Simples";"Reta;Declive";"Sim";4;0;0;1;3;0;1;2;-23,57091;-51,42883;"SPRF-PR";"DEL07-PR";"UOP03-DEL07-PR"
313503;2020-10-10;"sábado";"16:25:00";"SC";101;216,7;"PALHOCA";"Desobediência às normas de trânsito pelo condutor";"Colisão traseira";"Sem Vítimas";"Pleno dia";"Decrescente";"Nublado";"Múltipla";"Reta";"Sim";2;0;0;0;0;2;0;2;-27,65981409;-48,67747798;"SPRF-SC";"DEL01-SC";"UOP02-DEL01-SC"
313504;2020-10-10;"sábado";"17:00:00";"SP";116;316;"JUQUITIBA";"Falta de Atenção à Condução";"Colisão lateral";"Com Vítimas Feridas";"Pleno dia";"Decrescente";"Céu Claro";"Dupla";"Curva";"Não";2;0;1;0;1;0;1;2;-23,91054997;-46,99149375;"SPRF-SP";"DEL04-SP";"UOP01-DEL04-SP"
313505;2020-10-10;"sábado";"16:15:00";"PB";230;39,9;"SANTA RITA";"Falta de Atenção do Pedestre";"Atropelamento de Pedestre";"Com Vítimas Feridas";"Pleno dia";"Crescente";"Sol";"Dupla";"Reta;Aclive";"Não";5;0;0;1;4;0;1;2;-7,14198;-34,980113;"SPRF-PB";"DEL01-PB";"UOP03-DEL01-PB"
313506;2020-10-10;"sábado";"17:25:00";"SC";470;158;"TROMBUDO CENTRAL";"Velocidade Incompatível";"Saída de leito carroçável";"Com Vítimas Feridas";"Pleno dia";"Decrescente";"Céu Claro";"Simples";"Reta;Interseção de Vias;Declive";"Sim";2;0;0;2;0;0;2;1;-27,28610914;-49,78317261;"SPRF-SC";"DEL04-SC";"UOP02-DEL04-SC"
313509;2020-10-10;"sábado";"17:30:00";"MG";381;451;"SABARA";"Falta de Atenção à Condução";"Colisão frontal";"Com Vítimas Feridas";"Pleno dia";"Decrescente";"Sol";"Simples";"Curva";"Não";2;0;0;2;0;0;2;2;-19,83832024;-43,8806931;"SPRF-MG";"DEL01-MG";"UOP01-DEL01-MG"
313510;2020-10-10;"sábado";"17:20:00";"PI";343;267;"CAMPO MAIOR";"Desobediência às normas de trânsito pelo condutor";"Colisão transversal";"Com Vítimas Feridas";"Pleno dia";"Crescente";"Céu Claro";"Simples";"Reta";"Sim";2;0;1;0;1;0;1;2;-4,84125959;-42,1863842;"SPRF-PI";"DEL01-PI";"UOP03-DEL01-PI"
313511;2020-10-10;"sábado";"14:00:00";"PB";104;96,7;"ESPERANCA";"Falta de Atenção à Condução";"Colisão transversal";"Com Vítimas Feridas";"Pleno dia";"Decrescente";"Sol";"Simples";"Reta";"Sim";3;0;0;1;1;1;1;3;-7,017547;-35,857201;"SPRF-PB";"DEL02-PB";"UOP04-DEL02-PB"
313512;2020-10-10;"sábado";"16:00:00";"MG";116;420,5;"GOVERNADOR VALADARES";"Ultrapassagem Indevida";"Colisão frontal";"Com Vítimas Feridas";"Pleno dia";"Crescente";"Céu Claro";"Simples";"Reta";"Não";2;0;1;0;1;0;1;2;-18,93018991;-41,93992714;"SPRF-MG";"DEL06-MG";"UOP01-DEL06-MG"
313514;2020-10-10;"sábado";"17:20:00";"SP";116;175;"JACAREI";"Animais na Pista";"Atropelamento de Animal";"Com Vítimas Feridas";"Pleno dia";"Crescente";"Céu Claro";"Dupla";"Reta";"Não";1;0;1;0;0;0;1;1;-23,32173972;-46,100353;"SPRF-SP";"DEL02-SP";"UOP01-DEL02-SP"
313515;2020-10-10;"sábado";"17:00:00";"GO";60;16;"ALEXANIA";"Falta de Atenção à Condução";"Saída de leito carroçável";"Sem Vítimas";"Pleno dia";"Decrescente";"Céu Claro";"Dupla";"Curva";"Não";1;0;0;0;0;1;0;1;-16,1210272;-48,42739105;"SPRF-DF";"DEL03-DF";"UOP01-DEL03-DF"
313517;2020-10-10;"sábado";"09:31:00";"RJ";40;90;"PETROPOLIS";"Falta de Atenção à Condução";"Saída de leito carroçável";"Com Vítimas Feridas";"Pleno dia";"Crescente";"Céu Claro";"Simples";"Curva";"Não";1;0;0;1;0;0;1;1;-22,551806;-43,23641;"SPRF-RJ";"DEL06-RJ";"UOP01-DEL06-RJ"
313519;2020-10-10;"sábado";"11:30:00";"SC";280;58;"GUARAMIRIM";"Não guardar distância de segurança";"Colisão transversal";"Com Vítimas Feridas";"Pleno dia";"Crescente";"Céu Claro";"Simples";"Em Obras";"Sim";2;0;0;1;1;0;1;2;-26,47415593;-49,021211;"SPRF-SC";"DEL03-SC";"UOP03-DEL03-SC"
313520;2020-10-10;"sábado";"17:28:00";"PR";277;637,2;"CEU AZUL";"Falta de Atenção à Condução";"Colisão traseira";"Com Vítimas Feridas";"Pleno dia";"Decrescente";"Céu Claro";"Simples";"Aclive;Reta";"Sim";7;0;2;0;5;0;2;2;-25,15127997;-53,84435289;"SPRF-PR";"DEL05-PR";"UOP02-DEL05-PR"
313521;2020-10-10;"sábado";"17:39:00";"PR";369;141;"IBIPORA";"Desobediência às normas de trânsito pelo condutor";"Colisão traseira";"Com Vítimas Feridas";"Pleno dia";"Crescente";"Céu Claro";"Simples";"Rotatória;Reta;Declive";"Sim";2;0;1;0;1;0;1;2;-23,2849636;-51,0739892;"SPRF-PR";"DEL07-PR";"UOP01-DEL07-PR"
313522;2020-10-10;"sábado";"17:40:00";"SC";470;6;"NAVEGANTES";"Desobediência às normas de trânsito pelo condutor";"Colisão lateral";"Com Vítimas Feridas";"Pleno dia";"Decrescente";"Céu Claro";"Múltipla";"Em Obras";"Sim";2;0;1;0;1;0;1;2;-26,852238;-48,709545;"SPRF-SC";"DEL04-SC";"UOP04-DEL04-SC"
313523;2020-10-10;"sábado";"17:15:00";"MG";116;353;"CAMPANARIO";"Ultrapassagem Indevida";"Colisão frontal";"Com Vítimas Feridas";"Anoitecer";"Crescente";"Céu Claro";"Simples";"Curva";"Não";5;0;0;2;3;0;2;3;-18,40984621;-41,82022076;"SPRF-MG";"DEL11-MG";"UOP01-DEL11-MG"
313525;2020-10-10;"sábado";"18:15:00";"RS";468;104,8;"TRES PASSOS";"Ingestão de Álcool";"Atropelamento de Pedestre";"Com Vítimas Feridas";"Plena Noite";"Crescente";"Céu Claro";"Dupla";"Rotatória";"Sim";4;0;0;1;0;3;1;3;-27,44441087;-53,94952297;"SPRF-RS";"DEL08-RS";"UOP02-DEL08-RS"
313526;2020-10-10;"sábado";"15:50:00";"MG";50;17;"ARAGUARI";"Velocidade Incompatível";"Saída de leito carroçável";"Com Vítimas Feridas";"Pleno dia";"Decrescente";"Sol";"Dupla";"Curva";"Não";3;0;3;0;0;0;3;1;-18,56358502;-48,05639606;"SPRF-MG";"DEL15-MG";"UOP02-DEL15-MG"
313527;2020-10-10;"sábado";"13:30:00";"MG";40;118,9;"LAGOA GRANDE";"Falta de Atenção à Condução";"Colisão transversal";"Com Vítimas Feridas";"Pleno dia";"Decrescente";"Céu Claro";"Simples";"Reta";"Não";5;0;1;0;4;0;1;2;-17,65869879;-46,38339596;"SPRF-MG";"DEL14-MG";"UOP01-DEL14-MG"
313528;2020-10-10;"sábado";"16:16:00";"RJ";101;333;"RIO DE JANEIRO";"Não guardar distância de segurança";"Colisão traseira";"Com Vítimas Feridas";"Pleno dia";"Decrescente";"Nublado";"Múltipla";"Reta";"Sim";3;0;1;0;1;1;1;3;-22,87827816;-43,21053578;"SPRF-RJ";"DEL02-RJ";"UOP02-DEL02-RJ"
313529;2020-10-10;"sábado";"18:07:00";"PE";424;69;"CAETES";"Falta de Atenção à Condução";"Colisão lateral";"Sem Vítimas";"Plena Noite";"Decrescente";"Céu Claro";"Simples";"Aclive";"Sim";3;0;0;0;3;0;0;2;-8,77398589;-36,62798492;"SPRF-PE";"DEL03-PE";"UOP01-DEL03-PE"
313530;2020-10-10;"sábado";"16:10:00";"SC";282;56,9;"RANCHO QUEIMADO";"Velocidade Incompatível";"Colisão frontal";"Com Vítimas Feridas";"Pleno dia";"Decrescente";"Céu Claro";"Simples";"Reta";"Não";3;0;2;0;1;0;2;2;-27,691633;-48,991375;"SPRF-SC";"DEL01-SC";"UOP03-DEL01-SC"
313531;2020-10-10;"sábado";"11:40:00";"GO";153;590;"MORRINHOS";"Ingestão de álcool e/ou substâncias psicoativas pelo pedestre";"Capotamento";"Com Vítimas Feridas";"Pleno dia";"Crescente";"Céu Claro";"Dupla";"Reta";"Não";1;0;1;0;0;0;1;1;-17,4675;-49,2187;"SPRF-GO";"DEL03-GO";"UOP01-DEL03-GO"
313532;2020-10-10;"sábado";"18:30:00";"PE";101;183;"PALMARES";"Ingestão de Álcool";"Atropelamento de Pedestre";"Com Vítimas Fatais";"Plena Noite";"Crescente";"Céu Claro";"Dupla";"Reta";"Sim";2;1;0;0;1;0;0;2;-8,66142762;-35,56549434;"SPRF-PE";"DEL01-PE";"UOP03-DEL01-PE"
313533;2020-10-10;"sábado";"17:30:00";"MG";262;385;"MATEUS LEME";"Velocidade Incompatível";"Saída de leito carroçável";"Com Vítimas Feridas";"Anoitecer";"Crescente";"Chuva";"Dupla";"Curva";"Não";4;0;3;1;0;0;4;1;-19,92077729;-44,46973801;"SPRF-MG";"DEL01-MG";"UOP03-DEL01-MG"
313534;2020-10-10;"sábado";"17:45:00";"MS";376;61,6;"GLORIA DE DOURADOS";"Falta de Atenção à Condução";"Colisão traseira";"Com Vítimas Feridas";"Anoitecer";"Decrescente";"Céu Claro";"Simples";"Reta";"Não";2;0;0;1;0;1;1;2;-22,43302605;-54,23830032;"SPRF-MS";"DEL04-MS";"UOP04-DEL04-MS"
313552;2020-10-10;"sábado";"19:10:00";"SP";101;47;"UBATUBA";"Desobediência às normas de trânsito pelo condutor";"Colisão frontal";"Com Vítimas Feridas";"Plena Noite";"Decrescente";"Nublado";"Simples";"Reta";"Sim";2;0;1;1;0;0;2;2;-23,43192446;-45,08416608;"SPRF-SP";"DEL06-SP";"UOP01-DEL06-SP"
313553;2020-10-10;"sábado";"18:50:00";"SP";101;49;"UBATUBA";"Falta de Atenção à Condução";"Colisão transversal";"Com Vítimas Feridas";"Plena Noite";"Crescente";"Nublado";"Simples";"Reta";"Sim";2;0;1;0;1;0;1;2;-23,44662353;-45,0811851;"SPRF-SP";"DEL06-SP";"UOP01-DEL06-SP"
313554;2020-10-10;"sábado";"17:30:00";"MG";365;621;"UBERLANDIA";"Ingestão de Álcool";"Saída de leito carroçável";"Com Vítimas Feridas";"Pleno dia";"Crescente";"Céu Claro";"Múltipla";"Reta";"Sim";2;0;2;0;0;0;2;1;-18,9048022;-48,29052803;"SPRF-MG";"DEL15-MG";"UOP01-DEL15-MG"
313555;2020-10-10;"sábado";"18:00:00";"RJ";116;167;"SAO JOAO DE MERITI";"Ingestão de Álcool";"Queda de ocupante de veículo";"Com Vítimas Feridas";"Plena Noite";"Crescente";"Céu Claro";"Múltipla";"Reta";"Sim";2;0;1;1;0;0;2;1;-22,81803977;-43,30787252;"SPRF-RJ";"DEL01-RJ";"UOP01-DEL01-RJ"
313556;2020-10-10;"sábado";"13:30:00";"PB";361;31,3;"SANTA TERESINHA";"Falta de Atenção à Condução";"Saída de leito carroçável";"Com Vítimas Feridas";"Pleno dia";"Decrescente";"Sol";"Simples";"Reta";"Não";2;0;0;2;0;0;2;1;-7,0877;-37,514106;"SPRF-PB";"DEL03-PB";"UOP01-DEL03-PB"
313557;2020-10-10;"sábado";"18:10:00";"ES";101;144;"LINHARES";"Falta de Atenção à Condução";"Colisão com objeto estático";"Sem Vítimas";"Plena Noite";"Decrescente";"Nublado";"Dupla";"Retorno Regulamentado";"Sim";1;0;0;0;0;1;0;1;-19,35188295;-40,0636685;"SPRF-ES";"DEL04-ES";"UOP01-DEL04-ES"
313577;2020-10-10;"sábado";"19:20:00";"PR";476;115;"COLOMBO";"Desobediência às normas de trânsito pelo condutor";"Colisão transversal";"Com Vítimas Feridas";"Plena Noite";"Crescente";"Céu Claro";"Dupla";"Reta;Interseção de Vias;Retorno Regulamentado";"Sim";2;0;1;0;1;0;1;2;-25,344196;-49,159679;"SPRF-PR";"DEL01-PR";"UOP02-DEL01-PR"
313578;2020-10-10;"sábado";"18:45:00";"RO";364;239;"CACOAL";"Desobediência às normas de trânsito pelo condutor";"Colisão transversal";"Com Vítimas Feridas";"Pleno dia";"Crescente";"Céu Claro";"Simples";"Interseção de Vias";"Sim";2;0;1;0;1;0;1;2;-11,434133;-61,462818;"SPRF-RO";"DEL02-RO";"UOP02-DEL02-RO"
313579;2020-10-10;"sábado";"19:15:00";"PE";101;1,3;"GOIANA";"Falta de Atenção à Condução";"Saída de leito carroçável";"Com Vítimas Feridas";"Plena Noite";"Crescente";"Céu Claro";"Dupla";"Reta";"Não";2;0;2;0;0;0;2;1;-7,50897414;-34,98748949;"SPRF-PE";"DEL01-PE";"UOP02-DEL01-PE"
313593;2020-10-10;"sábado";"18:00:00";"SC";101;108;"PENHA";"Falta de Atenção à Condução";"Colisão traseira";"Com Vítimas Feridas";"Plena Noite";"Crescente";"Nevoeiro/Neblina";"Múltipla";"Aclive";"Não";2;0;1;0;0;1;1;2;-26,82606902;-48,69052298;"SPRF-SC";"DEL03-SC";"UOP02-DEL03-SC"
313595;2020-10-10;"sábado";"19:55:00";"SC";470;69;"INDAIAL";"Falta de Atenção do Pedestre";"Atropelamento de Pedestre";"Com Vítimas Feridas";"Plena Noite";"Crescente";"Nublado";"Simples";"Reta";"Não";4;0;3;0;1;0;3;3;-26,883745;-49,246704;"SPRF-SC";"DEL04-SC";"UOP01-DEL04-SC"
313596;2020-10-10;"sábado";"11:20:00";"SC";282;211,5;"LAGES";"Falta de Atenção à Condução";"Colisão transversal";"Com Vítimas Feridas";"Pleno dia";"Crescente";"Céu Claro";"Simples";"Curva";"Não";3;0;1;1;1;0;2;2;-27,780222;-50,241741;"SPRF-SC";"DEL05-SC";"UOP01-DEL05-SC"
313597;2020-10-10;"sábado";"18:40:00";"MS";463;106;"PONTA PORA";"Falta de Atenção à Condução";"Colisão traseira";"Com Vítimas Feridas";"Plena Noite";"Crescente";"Nublado";"Simples";"Reta";"Sim";2;0;1;0;0;1;1;2;-22,59656312;-55,66536809;"SPRF-MS";"DEL04-MS";"UOP03-DEL04-MS"
313598;2020-10-10;"sábado";"15:30:00";"BA";367;69,5;"PORTO SEGURO";"Desobediência às normas de trânsito pelo condutor";"Colisão transversal";"Com Vítimas Feridas";"Pleno dia";"Decrescente";"Céu Claro";"Simples";"Reta";"Não";4;0;3;0;1;0;3;2;-16,3925741;-39,45796095;"SPRF-BA";"DEL09-BA";"UOP01-DEL09-BA"
313599;2020-10-10;"sábado";"18:00:00";"AL";104;90,6;"RIO LARGO";"Defeito Mecânico no Veículo";"Incêndio";"Com Vítimas Feridas";"Plena Noite";"Decrescente";"Céu Claro";"Dupla";"Curva";"Não";1;0;0;1;0;0;1;1;-9,50059087;-35,81127569;"SPRF-AL";"DEL01-AL";"UOP01-DEL01-AL"
313607;2020-10-10;"sábado";"19:35:00";"GO";70;6,6;"AGUAS LINDAS DE GOIAS";"Desobediência às normas de trânsito pelo condutor";"Saída de leito carroçável";"Com Vítimas Feridas";"Plena Noite";"Crescente";"Céu Claro";"Dupla";"Reta";"Sim";5;0;4;0;1;0;4;1;-15,75049381;-48,2612381;"SPRF-DF";"DEL03-DF";"UOP02-DEL03-DF"
313609;2020-10-10;"sábado";"19:35:00";"PR";376;241;"APUCARANA";"Desobediência às normas de trânsito pelo condutor";"Colisão transversal";"Com Vítimas Feridas";"Plena Noite";"Crescente";"Céu Claro";"Simples";"Reta";"Sim";2;0;1;1;0;0;2;2;-23,58168461;-51,42681594;"SPRF-PR";"DEL07-PR";"UOP03-DEL07-PR"