"id";"data_inversa";"dia_semana";"horario";"uf";"br";"km";"municipio";"causa_acidente";"tipo_acidente";"classificacao_acidente";"fase_dia";"sentido_via";"condicao_metereologica";"tipo_pista";"tracado_via";"uso_solo";"pessoas";"mortos";"feridos_leves";"feridos_graves";"ilesos";"ignorados";"feridos";"veiculos";"latitude";"longitude";"regional";"delegacia";"uop"
313611;2020-10-10;"sábado";"20:15:00";"GO";40;2,8;"VALPARAISO DE GOIAS";"Falta de Atenção à Condução";"Atropelamento de Pedestre";"Com Vítimas Feridas";"Plena Noite";"Crescente";"Céu Claro";"Dupla";"Reta";"Não";2;0;1;0;1;0;1;2;-16,067129;-47,984235;"SPRF-DF";"DEL01-DF";"UOP01-DEL01-DF"
313612;2020-10-10;"sábado";"13:24:00";"SC";282;220,7;"LAGES";"Falta de Atenção à Condução";"Saída de leito carroçável";"Com Vítimas Feridas";"Pleno dia";"Decrescente";"Céu Claro";"Simples";"Reta";"Sim";1;0;1;0;0;0;1;1;-27,794014;-50,33363;"SPRF-SC";"DEL05-SC";"UOP01-DEL05-SC"
313621;2020-10-10;"sábado";"20:15:00";"GO";20;7;"FORMOSA";"Falta de Atenção à Condução";"Colisão traseira";"Sem Vítimas";"Plena Noite";"Crescente";"Nublado";"Simples";"Reta";"Sim";2;0;0;0;2;0;0;2;-15,547604;-47,291592;"SPRF-DF";"DEL02-DF";"UOP01-DEL02-DF"
313631;2020-10-10;"sábado";"19:30:00";"RS";386;51;"SEBERI";"Desobediência às normas de trânsito pelo condutor";"Colisão traseira";"Com Vítimas Feridas";"Plena Noite";"Decrescente";"Céu Claro";"Simples";"Interseção de Vias";"Sim";2;0;1;0;0;1;1;2;-27,500874;-53,388092;"SPRF-RS";"DEL08-RS";"UOP02-DEL08-RS"
313632;2020-10-10;"sábado";"19:10:00";"MG";381;356;"JOAO MONLEVADE";"Desobediência às normas de trânsito pelo condutor";"Colisão frontal";"Com Vítimas Feridas";"Plena Noite";"Crescente";"Nublado";"Simples";"Reta";"Não";3;0;1;1;1;0;2;2;-19,84765404;-43,20566395;"SPRF-MG";"DEL03-MG";"UOP01-DEL03-MG"
313636;2020-10-10;"sábado";"20:20:00";"AL";104;35,1;"UNIAO DOS PALMARES";"Falta de Atenção à Condução";"Colisão lateral";"Com Vítimas Feridas";"Plena Noite";"Crescente";"Céu Claro";"Simples";"Reta";"Sim";2;0;1;0;1;0;1;2;-9,1616676;-36,01701171;"SPRF-AL";"DEL01-AL";"UOP02-DEL01-AL"
313647;2020-10-10;"sábado";"19:50:00";"MS";163;485,6;"CAMPO GRANDE";"Desobediência às normas de trânsito pelo condutor";"Colisão transversal";"Com Vítimas Feridas";"Plena Noite";"Crescente";"Céu Claro";"Simples";"Interseção de Vias";"Sim";2;0;1;0;1;0;1;2;-20,44233707;-54,54201834;"SPRF-MS";"DEL01-MS";"UOP02-DEL01-MS"
313663;2020-10-10;"sábado";"18:10:00";"PR";163;6,8;"BARRACAO";"Falta de Atenção à Condução";"Saída de leito carroçável";"Com Vítimas Feridas";"Anoitecer";"Crescente";"Céu Claro";"Simples";"Reta";"Sim";3;0;2;0;1;0;2;1;-26,25066;-53,635523;"SPRF-PR";"DEL02-PR";"UOP02-DEL02-PR"
313674;2020-10-10;"sábado";"21:30:00";"GO";60;179;"ABADIA DE GOIAS";"Falta de Atenção à Condução";"Queda de ocupante de veículo";"Com Vítimas Feridas";"Plena Noite";"Decrescente";"Chuva";"Dupla";"Curva";"Não";1;0;0;1;0;0;1;1;-16,7638;-49,466;"SPRF-GO";"DEL01-GO";"UOP02-DEL01-GO"
313675;2020-10-10;"sábado";"21:00:00";"SC";101;216,3;"PALHOCA";"Animais na Pista";"Tombamento";"Com Vítimas Feridas";"Plena Noite";"Decrescente";"Nublado";"Múltipla";"Viaduto";"Sim";1;0;0;1;0;0;1;1;-27,65981409;-48,67747798;"SPRF-SC";"DEL01-SC";"UOP02-DEL01-SC"
313676;2020-10-10;"sábado";"12:35:00";"SC";116;225;"CORREIA PINTO";"Falta de Atenção à Condução";"Tombamento";"Com Vítimas Feridas";"Pleno dia";"Crescente";"Céu Claro";"Simples";"Reta";"Não";1;0;1;0;0;0;1;1;-27,61850811;-50,34537224;"SPRF-SC";"DEL05-SC";"UOP03-DEL05-SC"
313677;2020-10-10;"sábado";"20:20:00";"SC";101;215;"PALHOCA";"Ingestão de Álcool";"Colisão com objeto estático";"Sem Vítimas";"Plena Noite";"Crescente";"Céu Claro";"Múltipla";"Reta";"Sim";1;0;0;0;0;1;0;1;-27,65184843;-48,67604941;"SPRF-SC";"DEL01-SC";"UOP02-DEL01-SC"
313678;2020-10-10;"sábado";"21:15:00";"PR";369;159,6;"CAMBE";"Falta de Atenção à Condução";"Tombamento";"Com Vítimas Feridas";"Plena Noite";"Crescente";"Céu Claro";"Dupla";"Reta";"Sim";2;0;2;0;0;0;2;1;-23,2829018;-51,24857068;"SPRF-PR";"DEL07-PR";"UOP01-DEL07-PR"
313679;2020-10-10;"sábado";"21:00:00";"SC";101;133,8;"BALNEARIO CAMBORIU";"Falta de Atenção à Condução";"Colisão lateral";"Com Vítimas Feridas";"Plena Noite";"Crescente";"Nublado";"Dupla";"Viaduto;Reta";"Sim";2;0;1;0;1;0;1;2;-26,95804654;-48,56506348;"SPRF-SC";"DEL04-SC";"UOP03-DEL04-SC"
313681;2020-10-10;"sábado";"21:00:00";"RJ";116;166;"RIO DE JANEIRO";"Defeito Mecânico no Veículo";"Queda de ocupante de veículo";"Com Vítimas Feridas";"Pleno dia";"Crescente";"Céu Claro";"Múltipla";"Reta";"Sim";1;0;1;0;0;0;1;1;-22,81560263;-43,30051808;"SPRF-RJ";"DEL01-RJ";"UOP01-DEL01-RJ"
313682;2020-10-10;"sábado";"21:45:00";"SC";101;142,5;"ITAPEMA";"Falta de Atenção à Condução";"Colisão traseira";"Com Vítimas Feridas";"Plena Noite";"Crescente";"Nublado";"Dupla";"Curva";"Sim";2;0;1;0;1;0;1;2;-27,056089;-48,599449;"SPRF-SC";"DEL04-SC";"UOP03-DEL04-SC"
313687;2020-10-10;"sábado";"21:30:00";"PE";428;7;"CABROBO";"Desobediência às normas de trânsito pelo condutor";"Colisão traseira";"Com Vítimas Feridas";"Plena Noite";"Crescente";"Céu Claro";"Simples";"Reta";"Não";3;0;2;0;0;1;2;2;-8,51974841;-39,2828762;"SPRF-PE";"DEL05-PE";"UOP03-DEL05-PE"
313689;2020-10-10;"sábado";"19:35:00";"PR";476;140;"CURITIBA";"Falta de Atenção do Pedestre";"Atropelamento de Pedestre";"Com Vítimas Feridas";"Pleno dia";"Crescente";"Céu Claro";"Dupla";"Reta";"Sim";2;0;1;0;1;0;1;2;-25,520693;-49,294121;"SPRF-PR";"DEL01-PR";"UOP03-DEL01-PR"
313695;2020-10-10;"sábado";"18:45:00";"AC";364;124;"RIO BRANCO";"Falta de Atenção do Pedestre";"Atropelamento de Pedestre";"Com Vítimas Feridas";"Plena Noite";"Crescente";"Céu Claro";"Dupla";"Reta";"Sim";2;0;2;0;0;0;2;2;-10,01152469;-67,79140099;"SPRF-AC";"DEL01-AC";"UOP01-DEL01-AC"
313701;2020-10-10;"sábado";"20:00:00";"SP";116;166;"JACAREI";"Falta de Atenção à Condução";"Colisão lateral";"Com Vítimas Feridas";"Plena Noite";"Decrescente";"Céu Claro";"Dupla";"Declive;Reta";"Não";2;0;1;0;1;0;1;2;-23,30055667;-46,01686506;"SPRF-SP";"DEL02-SP";"UOP01-DEL02-SP"
313702;2020-10-10;"sábado";"09:20:00";"ES";262;54,5;"DOMINGOS MARTINS";"Defeito Mecânico no Veículo";"Queda de ocupante de veículo";"Com Vítimas Feridas";"Pleno dia";"Crescente";"Chuva";"Simples";"Curva";"Não";1;0;1;0;0;0;1;1;-20,41495529;-40,74098587;"SPRF-ES";"DEL01-ES";"UOP01-DEL01-ES"
313703;2020-10-10;"sábado";"20:10:00";"PI";343;13,5;"PARNAIBA";"Agressão Externa";"Colisão transversal";"Sem Vítimas";"Plena Noite";"Crescente";"Céu Claro";"Dupla";"Reta";"Sim";5;0;0;0;3;2;0;3;-2,919029;-41,754124;"SPRF-PI";"DEL05-PI";"UOP01-DEL05-PI"
313704;2020-10-10;"sábado";"19:45:00";"RO";319;46;"PORTO VELHO";"Defeito Mecânico no Veículo";"Queda de ocupante de veículo";"Com Vítimas Feridas";"Plena Noite";"Crescente";"Céu Claro";"Simples";"Reta";"Não";2;0;2;0;0;0;2;1;-8,68929969;-63,99433136;"SPRF-RO";"DEL01-RO";"UOP01-DEL01-RO"
313726;2020-10-10;"sábado";"21:00:00";"PR";376;645;"TIJUCAS DO SUL";"Ingestão de Álcool";"Capotamento";"Com Vítimas Feridas";"Plena Noite";"Decrescente";"Céu Claro";"Dupla";"Reta";"Não";4;0;0;2;2;0;2;1;-25,82214295;-49,12707913;"SPRF-PR";"DEL01-PR";"UOP04-DEL01-PR"
313727;2020-10-10;"sábado";"19:25:00";"PR";369;149,6;"LONDRINA";"Falta de Atenção à Condução";"Colisão transversal";"Com Vítimas Feridas";"Plena Noite";"Decrescente";"Céu Claro";"Dupla";"Reta";"Sim";3;0;1;0;1;1;1;3;-23,29291962;-51,15774572;"SPRF-PR";"DEL07-PR";"UOP01-DEL07-PR"
313728;2020-10-10;"sábado";"22:30:00";"PR";116;100;"SAO JOSE DOS PINHAIS";"Defeito na Via";"Queda de ocupante de veículo";"Com Vítimas Feridas";"Plena Noite";"Crescente";"Nublado";"Dupla";"Reta;Declive";"Sim";2;0;2;0;0;0;2;1;-25,53379421;-49,14663578;"SPRF-PR";"DEL01-PR";"UOP01-DEL01-PR"
313730;2020-10-10;"sábado";"19:35:00";"SC";116;219,4;"CORREIA PINTO";"Falta de Atenção à Condução";"Colisão frontal";"Com Vítimas Feridas";"Plena Noite";"Decrescente";"Céu Claro";"Simples";"Reta;Aclive";"Sim";5;0;3;0;2;0;3;2;-27,58161436;-50,36746502;"SPRF-SC";"DEL05-SC";"UOP03-DEL05-SC"
313732;2020-10-10;"sábado";"21:30:00";"PR";277;47,1;"MORRETES";"Velocidade Incompatível";"Colisão com objeto estático";"Com Vítimas Feridas";"Plena Noite";"Crescente";"Nublado";"Dupla";"Curva;Aclive";"Não";1;0;0;1;0;0;1;1;-25,5917988;-48,9162965;"SPRF-PR";"DEL01-PR";"UOP05-DEL01-PR"
313746;2020-10-10;"sábado";"21:40:00";"BA";101;884;"TEIXEIRA DE FREITAS";"Velocidade Incompatível";"Saída de leito carroçável";"Com Vítimas Feridas";"Plena Noite";"Decrescente";"Céu Claro";"Simples";"Curva";"Não";1;0;1;0;0;0;1;1;-17,60113884;-39,74867128;"SPRF-BA";"DEL09-BA";"UOP02-DEL09-BA"
313751;2020-10-10;"sábado";"22:20:00";"MA";135;5;"SAO LUIS";"Ingestão de Álcool";"Colisão transversal";"Sem Vítimas";"Plena Noite";"Decrescente";"Céu Claro";"Dupla";"Reta";"Sim";2;0;0;0;2;0;0;2;-2,62145385;-44,25797421;"SPRF-MA";"DEL01-MA";"UOP01-DEL01-MA"
313752;2020-10-10;"sábado";"22:40:00";"SP";116;277;"EMBU DAS ARTES";"Velocidade Incompatível";"Colisão traseira";"Com Vítimas Feridas";"Plena Noite";"Decrescente";"Céu Claro";"Dupla";"Reta";"Sim";3;0;1;0;2;0;1;2;-23,6299646;-46,82005406;"SPRF-SP";"DEL04-SP";"UOP01-DEL04-SP"
313754;2020-10-10;"sábado";"21:45:00";"PE";423;24;"SAO CAITANO";"Ingestão de Álcool";"Colisão transversal";"Sem Vítimas";"Plena Noite";"Crescente";"Céu Claro";"Simples";"Reta";"Não";3;0;0;0;3;0;0;3;-8,37042699;-36,17255236;"SPRF-PE";"DEL02-PE";"UOP03-DEL02-PE"
313755;2020-10-10;"sábado";"20:00:00";"MT";70;536;"NOSSA SENHORA DO LIVRAMENTO";"Restrição de Visibilidade";"Capotamento";"Com Vítimas Feridas";"Anoitecer";"Decrescente";"Nevoeiro/Neblina";"Simples";"Curva";"Não";1;0;1;0;0;0;1;1;-15,68031968;-56,26685232;"SPRF-MT";"DEL01-MT";"UOP02-DEL01-MT"
313758;2020-10-10;"sábado";"20:15:00";"RO";364;199,5;"PIMENTA BUENO";"Ingestão de Álcool";"Colisão com objeto estático";"Com Vítimas Feridas";"Plena Noite";"Crescente";"Céu Claro";"Simples";"Reta";"Sim";1;0;0;1;0;0;1;1;-11,65858875;-61,19129956;"SPRF-RO";"DEL02-RO";"UOP02-DEL02-RO"
313759;2020-10-10;"sábado";"22:30:00";"PR";277;75,1;"SAO JOSE DOS PINHAIS";"Falta de Atenção à Condução";"Saída de leito carroçável";"Sem Vítimas";"Plena Noite";"Decrescente";"Nublado";"Dupla";"Reta";"Sim";1;0;0;0;1;0;0;1;-25,51327981;-49,12433291;"SPRF-PR";"DEL01-PR";"UOP01-DEL01-PR"
313761;2020-10-10;"sábado";"19:00:00";"MT";174;189,9;"PORTO ESPERIDIAO";"Falta de Atenção à Condução";"Saída de leito carroçável";"Sem Vítimas";"Plena Noite";"Decrescente";"Céu Claro";"Simples";"Reta";"Não";1;0;0;0;0;1;0;1;-15,78480798;-58,62677298;"SPRF-MT";"DEL03-MT";"UOP01-DEL03-MT"
313762;2020-10-10;"sábado";"23:10:00";"PB";230;55,1;"CRUZ DO ESPIRITO SANTO";"Ingestão de Álcool";"Tombamento";"Com Vítimas Feridas";"Plena Noite";"Decrescente";"Céu Claro";"Dupla";"Reta";"Não";2;0;2;0;0;0;2;1;-7,2014;-35,0943;"SPRF-PB";"DEL01-PB";"UOP03-DEL01-PB"
313763;2020-10-10;"sábado";"23:20:00";"RS";468;97,9;"TRES PASSOS";"Velocidade Incompatível";"Colisão traseira";"Com Vítimas Feridas";"Plena Noite";"Crescente";"Céu Claro";"Simples";"Reta";"Não";3;0;2;0;1;0;2;2;-27,48845026;-53,89320218;"SPRF-RS";"DEL08-RS";"UOP02-DEL08-RS"
313766;2020-10-11;"domingo";"00:03:00";"SP";116;84,6;"PINDAMONHANGABA";"Falta de Atenção do Pedestre";"Atropelamento de Pedestre";"Com Vítimas Fatais";"Plena Noite";"Decrescente";"Céu Claro";"Dupla";"Reta";"Não";3;1;1;0;0;1;1;2;-22,9203271307;-45,3408650123;"SPRF-SP";"DEL06-SP";"UOP01-DEL06-SP"
313767;2020-10-10;"sábado";"21:50:00";"MG";116;547,9;"SANTA BARBARA DO LESTE";"Ingestão de Álcool";"Colisão frontal";"Com Vítimas Fatais";"Plena Noite";"Crescente";"Céu Claro";"Simples";"Curva";"Não";2;1;0;0;1;0;0;2;-19,94406896;-42,1320258;"SPRF-MG";"DEL06-MG";"UOP02-DEL06-MG"
313768;2020-10-11;"domingo";"00:30:00";"CE";116;501,4;"BREJO SANTO";"Ingestão de Álcool";"Colisão traseira";"Sem Vítimas";"Plena Noite";"Crescente";"Céu Claro";"Simples";"Reta";"Sim";2;0;0;0;1;1;0;2;-7,45382915;-38,97311755;"SPRF-CE";"DEL05-CE";"UOP03-DEL05-CE"
313773;2020-10-10;"sábado";"20:20:00";"RS";287;331;"SAO VICENTE DO SUL";"Desobediência às normas de trânsito pelo condutor";"Colisão traseira";"Com Vítimas Fatais";"Plena Noite";"Decrescente";"Céu Claro";"Simples";"Reta";"Não";5;1;1;0;3;0;1;2;-29,67358415;-54,66987142;"SPRF-RS";"DEL12-RS";"UOP02-DEL12-RS"
313774;2020-10-11;"domingo";"00:35:00";"SP";116;146,5;"SAO JOSE DOS CAMPOS";"Ingestão de Álcool";"Colisão com objeto estático";"Com Vítimas Feridas";"Plena Noite";"Crescente";"Céu Claro";"Dupla";"Reta;Aclive";"Sim";1;0;1;0;0;0;1;1;-23,19122919;-45,86327591;"SPRF-SP";"DEL02-SP";"UOP01-DEL02-SP"
313775;2020-10-11;"domingo";"00:30:00";"MA";222;672;"ACAILANDIA";"Ultrapassagem Indevida";"Colisão frontal";"Com Vítimas Feridas";"Plena Noite";"Decrescente";"Chuva";"Simples";"Reta";"Sim";2;0;0;1;1;0;1;2;-4,92508085;-47,43821808;"SPRF-MA";"DEL04-MA";"UOP03-DEL04-MA"
313777;2020-10-11;"domingo";"01:00:00";"PE";101;63,4;"RECIFE";"Não guardar distância de segurança";"Colisão traseira";"Sem Vítimas";"Plena Noite";"Decrescente";"Céu Claro";"Múltipla";"Reta";"Sim";3;0;0;0;3;0;0;2;-8,013069;-34,938584;"SPRF-PE";"DEL01-PE";"UOP01-DEL01-PE"
313818;2020-10-11;"domingo";"00:30:00";"MS";262;412,3;"TERENOS";"Falta de Atenção à Condução";"Saída de leito carroçável";"Sem Vítimas";"Plena Noite";"Decrescente";"Céu Claro";"Simples";"Reta";"Não";2;0;0;0;2;0;0;1;-20,4440307;-55,13298106;"SPRF-MS";"DEL01-MS";"UOP03-DEL01-MS"
313826;2020-10-11;"domingo";"00:50:00";"MS";163;655;"RIO VERDE DE MATO GROSSO";"Ingestão de Álcool";"Saída de leito carroçável";"Sem Vítimas";"Plena Noite";"Decrescente";"Céu Claro";"Simples";"Reta";"Não";1;0;0;0;1;0;0;1;-19,11719204;-54,75568771;"SPRF-MS";"DEL06-MS";"UOP02-DEL06-MS"
313827;2020-10-11;"domingo";"00:30:00";"MG";381;503;"BETIM";"Ingestão de álcool e/ou substâncias psicoativas pelo pedestre";"Colisão com objeto estático";"Com Vítimas Feridas";"Plena Noite";"Crescente";"Céu Claro";"Dupla";"Reta";"Sim";2;0;1;0;1;0;1;1;-20,03855134;-44,25495493;"SPRF-MG";"DEL01-MG";"UOP03-DEL01-MG"
313828;2020-10-10;"sábado";"23:50:00";"PI";343;5,8;"PARNAIBA";"Animais na Pista";"Atropelamento de Animal";"Com Vítimas Feridas";"Plena Noite";"Crescente";"Céu Claro";"Simples";"Reta";"Não";2;0;1;1;0;0;2;1;-2,89564885;-41,69910192;"SPRF-PI";"DEL05-PI";"UOP01-DEL05-PI"
313829;2020-10-11;"domingo";"00:55:00";"SC";101;329,1;"CAPIVARI DE BAIXO";"Ingestão de Álcool";"Saída de leito carroçável";"Com Vítimas Feridas";"Plena Noite";"Decrescente";"Céu Claro";"Dupla";"Reta";"Sim";2;0;0;1;0;1;1;2;-28,45289327;-48,97594571;"SPRF-SC";"DEL02-SC";"UOP01-DEL02-SC"
313831;2020-10-11;"domingo";"01:10:00";"SC";101;133;"BALNEARIO CAMBORIU";"Ingestão de Álcool";"Colisão lateral";"Com Vítimas Feridas";"Plena Noite";"Crescente";"Nublado";"Dupla";"Viaduto;Reta";"Sim";2;0;1;0;1;0;1;2;-26,99936;-48,64609;"SPRF-SC";"DEL04-SC";"UOP03-DEL04-SC"
313832;2020-10-11;"domingo";"01:45:00";"PA";163;1001;"SANTAREM";"Falta de Atenção à Condução";"Colisão frontal";"Com Vítimas Feridas";"Anoitecer";"Crescente";"Céu Claro";"Simples";"Reta";"Sim";2;0;0;1;0;1;1;2;-2,464507;-54,72745295;"SPRF-PA";"DEL05-PA";"UOP01-DEL05-PA"
313844;2020-10-10;"sábado";"19:38:00";"PR";163;283;"MARECHAL CANDIDO RONDON";"Falta de Atenção à Condução";"Colisão lateral";"Com Vítimas Feridas";"Plena Noite";"Decrescente";"Céu Claro";"Simples";"Reta";"Sim";2;0;1;0;1;0;1;2;-24,56839635;-54,03136253;"SPRF-PR";"DEL06-PR";"UOP02-DEL06-PR"
313845;2020-10-11;"domingo";"02:00:00";"SC";101;214,7;"PALHOCA";"Desobediência às normas de trânsito pelo condutor";"Colisão traseira";"Sem Vítimas";"Plena Noite";"Crescente";"Nublado";"Múltipla";"Reta";"Sim";2;0;0;0;2;0;0;2;-27,64443;-48,67057;"SPRF-SC";"DEL01-SC";"UOP02-DEL01-SC"
313858;2020-10-11;"domingo";"01:45:00";"SC";101;218;"PALHOCA";"Ingestão de Álcool";"Colisão com objeto estático";"Com Vítimas Feridas";"Plena Noite";"Crescente";"Céu Claro";"Dupla";"Interseção de Vias";"Não";3;0;2;0;1;0;2;1;-27,6758601;-48,67052525;"SPRF-SC";"DEL01-SC";"UOP02-DEL01-SC"
313859;2020-10-10;"sábado";"23:57:00";"PR";277;584,5;"CASCAVEL";"Ingestão de Álcool";"Colisão frontal";"Com Vítimas Feridas";"Plena Noite";"Crescente";"Céu Claro";"Simples";"Reta";"Não";4;0;2;0;2;0;2;2;-24,9794792;-53,49232599;"SPRF-PR";"DEL04-PR";"UOP01-DEL04-PR"
313867;2020-09-12;"sábado";"18:10:00";"SE";235;50;"ITABAIANA";"Não guardar distância de segurança";"Colisão com objeto em movimento";"Com Vítimas Feridas";"Plena Noite";"Crescente";"Céu Claro";"Dupla";"Reta";"Sim";2;0;1;0;1;0;1;2;-10,716222;-37,421669;"SPRF-SE";"DEL01-SE";"UOP02-DEL01-SE"
313879;2020-10-10;"sábado";"23:30:00";"RS";392;693;"ROQUE GONZALES";"Ingestão de álcool e/ou substâncias psicoativas pelo pedestre";"Saída de leito carroçável";"Com Vítimas Feridas";"Plena Noite";"Crescente";"Céu Claro";"Simples";"Curva";"Não";1;0;1;0;0;0;1;1;-28,105248;-55,039025;"SPRF-RS";"DEL10-RS";"UOP01-DEL10-RS"
313880;2020-10-11;"domingo";"00:40:00";"PR";153;18,7;"JACAREZINHO";"Ingestão de Álcool";"Colisão lateral";"Com Vítimas Feridas";"Plena Noite";"Decrescente";"Céu Claro";"Simples";"Reta";"Sim";2;0;1;0;1;0;1;2;-23,14321582;-49,94911225;"SPRF-PR";"DEL07-PR";"UOP04-DEL07-PR"
313881;2020-10-11;"domingo";"02:15:00";"PR";476;124;"CURITIBA";"Ingestão de Álcool";"Colisão traseira";"Sem Vítimas";"Plena Noite";"Crescente";"Céu Claro";"Dupla";"Reta;Interseção de Vias";"Sim";2;0;0;0;1;1;0;2;-25,399845;-49,215855;"SPRF-PR";"DEL01-PR";"UOP03-DEL01-PR"
313882;2020-10-11;"domingo";"02:30:00";"BA";407;8,4;"JUAZEIRO";"Condutor Dormindo";"Colisão frontal";"Com Vítimas Feridas";"Plena Noite";"Decrescente";"Céu Claro";"Simples";"Reta";"Não";2;0;0;1;1;0;1;2;-9,47216396;-40,47887593;"SPRF-PE";"DEL06-PE";"UOP01-DEL06-PE"
313885;2020-10-11;"domingo";"01:00:00";"MG";50;174;"UBERABA";"Falta de Atenção à Condução";"Colisão traseira";"Sem Vítimas";"Plena Noite";"Crescente";"Céu Claro";"Dupla";"Reta";"Sim";2;0;0;0;2;0;0;2;-19,770817;-47,973434;"SPRF-MG";"DEL13-MG";"UOP01-DEL13-MG"
313886;2020-10-11;"domingo";"01:30:00";"MG";116;595;"MANHUACU";"Ingestão de Álcool";"Saída de leito carroçável";"Com Vítimas Feridas";"Plena Noite";"Decrescente";"Chuva";"Simples";"Curva";"Não";4;0;3;1;0;0;4;1;-20,29516807;-42,14747044;"SPRF-MG";"DEL06-MG";"UOP03-DEL06-MG"
313889;2020-10-11;"domingo";"03:10:00";"PR";116;98;"SAO JOSE DOS PINHAIS";"Falta de Atenção à Condução";"Capotamento";"Sem Vítimas";"Plena Noite";"Crescente";"Vento";"Dupla";"Reta";"Sim";2;0;0;0;0;2;0;1;-25,51973222;-49,13431573;"SPRF-PR";"DEL01-PR";"UOP01-DEL01-PR"
313892;2020-10-11;"domingo";"02:00:00";"SC";282;565,6;"NOVA ERECHIM";"Condutor Dormindo";"Colisão com objeto estático";"Com Vítimas Feridas";"Plena Noite";"Crescente";"Céu Claro";"Simples";"Reta";"Não";1;0;0;1;0;0;1;1;-26,900272;-52,888309;"SPRF-SC";"DEL07-SC";"UOP02-DEL07-SC"
313893;2020-10-11;"domingo";"03:50:00";"SE";235;6;"NOSSA SENHORA DO SOCORRO";"Ingestão de Álcool";"Tombamento";"Com Vítimas Feridas";"Plena Noite";"Crescente";"Céu Claro";"Dupla";"Reta";"Não";1;0;1;0;0;0;1;1;-10,903851;-37,128677;"SPRF-SE";"DEL01-SE";"UOP01-DEL01-SE"
313894;2020-10-11;"domingo";"03:35:00";"TO";153;133,1;"ARAGUAINA";"Ingestão de Álcool";"Saída de leito carroçável";"Com Vítimas Feridas";"Plena Noite";"Crescente";"Nublado";"Simples";"Rotatória";"Não";1;0;1;0;0;0;1;1;-7,11461109;-48,18743388;"SPRF-TO";"DEL02-TO";"UOP01-DEL02-TO"
313898;2020-10-11;"domingo";"04:10:00";"RS";285;237;"CASEIROS";"Falta de Atenção do Pedestre";"Saída de leito carroçável";"Com Vítimas Feridas";"Plena Noite";"Decrescente";"Céu Claro";"Simples";"Reta";"Não";1;0;1;0;0;0;1;1;-28,249447;-51,850201;"SPRF-RS";"DEL08-RS";"UOP03-DEL08-RS"
313901;2020-10-11;"domingo";"04:00:00";"CE";116;31;"AQUIRAZ";"Desobediência às normas de trânsito pelo condutor";"Colisão lateral";"Com Vítimas Feridas";"Amanhecer";"Crescente";"Céu Claro";"Dupla";"Reta";"Não";2;0;0;1;0;1;1;2;-4,01989298;-38,51889923;"SPRF-CE";"DEL01-CE";"UOP02-DEL01-CE"
313902;2020-10-11;"domingo";"04:00:00";"MG";381;645,3;"SANTO ANTONIO DO AMPARO";"Condutor Dormindo";"Capotamento";"Com Vítimas Feridas";"Plena Noite";"Crescente";"Nublado";"Dupla";"Curva";"Não";2;0;1;0;1;0;1;1;-20,9545835;-44,8944085;"SPRF-MG";"DEL04-MG";"UOP02-DEL04-MG"
313903;2020-10-11;"domingo";"03:00:00";"SC";101;171,9;"TIJUCAS";"Desobediência às normas de trânsito pelo condutor";"Colisão frontal";"Sem Vítimas";"Plena Noite";"Decrescente";"Nublado";"Dupla";"Reta";"Não";2;0;0;0;0;2;0;2;-27,30546499;-48,63258412;"SPRF-SC";"DEL04-SC";"UOP03-DEL04-SC"
313904;2020-10-11;"domingo";"03:30:00";"MA";316;284;"BELA VISTA DO MARANHAO";"Desobediência às normas de trânsito pelo condutor";"Colisão lateral";"Sem Vítimas";"Plena Noite";"Crescente";"Céu Claro";"Simples";"Reta";"Não";2;0;0;0;0;2;0;2;-3,773552;-45,218155;"SPRF-MA";"DEL02-MA";"UOP01-DEL02-MA"
313905;2020-10-11;"domingo";"03:50:00";"SP";153;65,8;"SAO JOSE DO RIO PRETO";"Falta de Atenção à Condução";"Capotamento";"Com Vítimas Feridas";"Plena Noite";"Crescente";"Céu Claro";"Dupla";"Reta";"Sim";1;0;0;1;0;0;1;1;-20,8355877;-49,36570039;"SPRF-SP";"DEL09-SP";"UOP01-DEL09-SP"
313906;2020-10-11;"domingo";"05:00:00";"MG";116;144;"PONTO DOS VOLANTES";"Velocidade Incompatível";"Tombamento";"Sem Vítimas";"Plena Noite";"Crescente";"Céu Claro";"Simples";"Aclive";"Não";1;0;0;0;1;0;0;1;-16,8019472;-41,47716326;"SPRF-MG";"DEL11-MG";"UOP02-DEL11-MG"
313907;2020-10-11;"domingo";"04:30:00";"MG";381;493,7;"BETIM";"Falta de Atenção à Condução";"Colisão transversal";"Com Vítimas Feridas";"Plena Noite";"Crescente";"Céu Claro";"Dupla";"Reta";"Sim";1;0;1;0;0;0;1;1;-19,97670801;-44,19962698;"SPRF-MG";"DEL01-MG";"UOP03-DEL01-MG"
313908;2020-10-11;"domingo";"05:00:00";"PR";116;4;"QUATRO BARRAS";"Falta de Atenção à Condução";"Saída de leito carroçável";"Com Vítimas Feridas";"Amanhecer";"Decrescente";"Céu Claro";"Dupla";"Curva;Declive";"Sim";1;0;1;0;0;0;1;1;-25,3629;-49,0822;"SPRF-PR";"DEL01-PR";"UOP02-DEL01-PR"