"id";"data_inversa";"dia_semana";"horario";"uf";"br";"km";"municipio";"causa_acidente";"tipo_acidente";"classificacao_acidente";"fase_dia";"sentido_via";"condicao_metereologica";"tipo_pista";"tracado_via";"uso_solo";"pessoas";"mortos";"feridos_leves";"feridos_graves";"ilesos";"ignorados";"feridos";"veiculos";"latitude";"longitude";"regional";"delegacia";"uop"
313909;2020-10-11;"domingo";"03:05:00";"PR";369;95,1;"CORNELIO PROCOPIO";"Falta de Atenção à Condução";"Saída de leito carroçável";"Com Vítimas Feridas";"Plena Noite";"Decrescente";"Céu Claro";"Simples";"Desvio Temporário;Aclive;Reta";"Não";1;0;1;0;0;0;1;1;-23,22719437;-50,67591369;"SPRF-PR";"DEL07-PR";"UOP01-DEL07-PR"
313910;2020-10-11;"domingo";"02:50:00";"MG";365;756;"ITUIUTABA";"Defeito Mecânico no Veículo";"Saída de leito carroçável";"Com Vítimas Feridas";"Plena Noite";"Decrescente";"Céu Claro";"Dupla";"Interseção de Vias";"Não";2;0;1;0;1;0;1;1;-18,965661;-49,506141;"SPRF-MG";"DEL15-MG";"UOP03-DEL15-MG"
313911;2020-10-11;"domingo";"01:15:00";"RS";290;164,5;"BUTIA";"Falta de Atenção à Condução";"Colisão lateral";"Com Vítimas Feridas";"Plena Noite";"Decrescente";"Céu Claro";"Simples";"Curva";"Não";4;0;2;0;2;0;2;2;-30,12256093;-51,86302185;"SPRF-RS";"DEL02-RS";"UOP03-DEL02-RS"
313912;2020-10-11;"domingo";"01:00:00";"RS";471;164,2;"RIO PARDO";"Condutor Dormindo";"Saída de leito carroçável";"Com Vítimas Feridas";"Plena Noite";"Crescente";"Céu Claro";"Simples";"Declive";"Não";2;0;2;0;0;0;2;1;-29,89912634;-52,39225388;"SPRF-RS";"DEL02-RS";"UOP03-DEL02-RS"
313913;2020-10-10;"sábado";"12:45:00";"BA";324;615;"SALVADOR";"Defeito Mecânico no Veículo";"Queda de ocupante de veículo";"Com Vítimas Feridas";"Pleno dia";"Crescente";"Sol";"Múltipla";"Reta";"Sim";2;0;2;0;0;0;2;1;-12,8847483;-38,4349082;"SPRF-BA";"DEL01-BA";"UOP01-DEL01-BA"
313915;2020-10-10;"sábado";"21:00:00";"GO";60;184,5;"ABADIA DE GOIAS";"Falta de Atenção à Condução";"Colisão traseira";"Com Vítimas Feridas";"Plena Noite";"Crescente";"Garoa/Chuvisco";"Dupla";"Reta";"Não";3;0;1;0;2;0;1;2;-16,7899;-49,5019;"SPRF-GO";"DEL01-GO";"UOP02-DEL01-GO"
313922;2020-10-11;"domingo";"05:35:00";"PA";316;24;"BENEVIDES";"Falta de Atenção à Condução";"Saída de leito carroçável";"Sem Vítimas";"Amanhecer";"Decrescente";"Nublado";"Dupla";"Reta";"Não";1;0;0;0;0;1;0;1;-1,34599732;-48,25152822;"SPRF-PA";"DEL01-PA";"UOP01-DEL01-PA"
313929;2020-10-11;"domingo";"05:15:00";"MT";174;4;"PONTES E LACERDA";"Falta de Atenção à Condução";"Colisão traseira";"Com Vítimas Feridas";"Amanhecer";"Crescente";"Céu Claro";"Simples";"Reta";"Sim";2;0;1;0;0;1;1;2;-15,226537;-59,335728;"SPRF-MT";"DEL04-MT";"UOP01-DEL04-MT"
313930;2020-10-11;"domingo";"05:15:00";"MG";381;676,3;"PERDOES";"Falta de Atenção à Condução";"Colisão com objeto estático";"Sem Vítimas";"Plena Noite";"Decrescente";"Nublado";"Simples";"Declive";"Sim";1;0;0;0;0;1;0;1;-21,12375684;-45,09790729;"SPRF-MG";"DEL04-MG";"UOP02-DEL04-MG"
313931;2020-10-10;"sábado";"17:30:00";"SP";381;33;"ATIBAIA";"Mal Súbito";"Colisão com objeto estático";"Com Vítimas Feridas";"Pleno dia";"Crescente";"Céu Claro";"Dupla";"Curva";"Sim";1;0;1;0;0;0;1;1;-23,0728028;-46,56673562;"SPRF-SP";"DEL03-SP";"UOP01-DEL03-SP"
313935;2020-10-11;"domingo";"00:50:00";"SP";381;59;"MAIRIPORA";"Falta de Atenção à Condução";"Colisão com objeto estático";"Com Vítimas Feridas";"Plena Noite";"Decrescente";"Céu Claro";"Dupla";"Reta";"Não";1;0;0;1;0;0;1;1;-23,28270705;-46,58787791;"SPRF-SP";"DEL03-SP";"UOP01-DEL03-SP"
313939;2020-10-11;"domingo";"04:30:00";"MS";163;40;"ELDORADO";"Falta de Atenção à Condução";"Colisão com objeto estático";"Sem Vítimas";"Amanhecer";"Decrescente";"Céu Claro";"Simples";"Rotatória";"Sim";1;0;0;0;0;1;0;1;-23,78580067;-54,27821465;"SPRF-MS";"DEL09-MS";"UOP02-DEL09-MS"
313941;2020-10-11;"domingo";"07:05:00";"ES";101;197,1;"ARACRUZ";"Pista Escorregadia";"Saída de leito carroçável";"Sem Vítimas";"Pleno dia";"Decrescente";"Chuva";"Simples";"Curva;Aclive";"Não";2;0;0;0;2;0;0;1;-19,71196296;-40,33447115;"SPRF-ES";"DEL04-ES";"UOP01-DEL04-ES"
313942;2020-10-11;"domingo";"08:00:00";"PR";116;112;"CURITIBA";"Ingestão de Álcool";"Colisão lateral";"Com Vítimas Feridas";"Pleno dia";"Crescente";"Céu Claro";"Dupla";"Reta";"Sim";3;0;1;0;1;1;1;3;-25,56730763;-49,23706792;"SPRF-PR";"DEL01-PR";"UOP01-DEL01-PR"
313945;2020-10-11;"domingo";"01:15:00";"RJ";116;104;"GUAPIMIRIM";"Falta de Atenção à Condução";"Colisão com objeto estático";"Sem Vítimas";"Plena Noite";"Decrescente";"Nublado";"Simples";"Reta";"Não";1;0;0;0;0;1;0;1;-22,50841847;-42,99821493;"SPRF-RJ";"DEL04-RJ";"UOP02-DEL04-RJ"
313946;2020-09-26;"sábado";"22:00:00";"PR";476;138;"CURITIBA";"Desobediência às normas de trânsito pelo condutor";"Colisão transversal";"Com Vítimas Feridas";"Plena Noite";"Crescente";"Céu Claro";"Múltipla";"Interseção de Vias";"Sim";3;0;2;0;0;1;2;2;-25,507194;-49,28499;"SPRF-PR";"DEL01-PR";"UOP03-DEL01-PR"
313947;2020-10-11;"domingo";"07:30:00";"GO";60;222,3;"CEZARINA";"Ultrapassagem Indevida";"Saída de leito carroçável";"Com Vítimas Feridas";"Amanhecer";"Decrescente";"Nublado";"Dupla";"Reta";"Não";1;0;1;0;0;0;1;1;-16,9927;-49,7616;"SPRF-GO";"DEL01-GO";"UOP02-DEL01-GO"
313948;2020-10-11;"domingo";"07:30:00";"ES";101;221,5;"IBIRACU";"Falta de Atenção à Condução";"Queda de ocupante de veículo";"Com Vítimas Feridas";"Pleno dia";"Decrescente";"Nublado";"Simples";"Curva";"Não";1;0;1;0;0;0;1;1;-19,86830415;-40,4077363;"SPRF-ES";"DEL02-ES";"UOP01-DEL02-ES"
313950;2020-10-11;"domingo";"07:30:00";"MT";163;840;"SINOP";"Ingestão de Álcool";"Colisão frontal";"Com Vítimas Feridas";"Pleno dia";"Decrescente";"Nublado";"Simples";"Reta";"Sim";4;0;0;2;2;0;2;2;-11,94214306;-55,51630378;"SPRF-MT";"DEL06-MT";"NPF/DEL06-MT"
313952;2020-10-11;"domingo";"01:40:00";"RJ";116;308;"RESENDE";"Objeto estático sobre o leito carroçável";"Queda de ocupante de veículo";"Com Vítimas Feridas";"Plena Noite";"Decrescente";"Céu Claro";"Dupla";"Reta";"Não";1;0;0;1;0;0;1;1;-22,45783299;-44,418685;"SPRF-RJ";"DEL07-RJ";"UOP02-DEL07-RJ"
313954;2020-10-11;"domingo";"09:20:00";"BA";324;545;"AMELIA RODRIGUES";"Falta de Atenção do Pedestre";"Atropelamento de Pedestre";"Com Vítimas Fatais";"Pleno dia";"Crescente";"Céu Claro";"Dupla";"Reta";"Sim";3;1;0;0;2;0;0;2;-12,40647;-38,753143;"SPRF-BA";"DEL01-BA";"UOP03-DEL01-BA"
313955;2020-10-11;"domingo";"08:30:00";"BA";116;746;"POCOES";"Desobediência às normas de trânsito pelo condutor";"Colisão traseira";"Com Vítimas Feridas";"Pleno dia";"Crescente";"Céu Claro";"Simples";"Reta";"Não";5;0;2;0;3;0;2;2;-14,40016204;-40,35442986;"SPRF-BA";"DEL08-BA";"UOP02-DEL08-BA"
313956;2020-10-11;"domingo";"09:15:00";"SC";280;30;"ARAQUARI";"Falta de Atenção à Condução";"Colisão transversal";"Com Vítimas Feridas";"Pleno dia";"Decrescente";"Céu Claro";"Simples";"Reta";"Sim";2;0;1;0;1;0;1;2;-26,4141523;-48,76209493;"SPRF-SC";"DEL03-SC";"UOP03-DEL03-SC"
313957;2020-09-09;"quarta-feira";"08:20:00";"BA";101;717;"EUNAPOLIS";"Falta de Atenção à Condução";"Colisão transversal";"Com Vítimas Feridas";"Pleno dia";"Crescente";"Céu Claro";"Simples";"Rotatória";"Sim";2;0;1;0;1;0;1;2;-16,36626249;-39,58258152;"SPRF-BA";"DEL09-BA";"UOP01-DEL09-BA"
313958;2020-10-11;"domingo";"11:05:00";"SP";116;294,5;"ITAPECERICA DA SERRA";"Falta de Atenção à Condução";"Saída de leito carroçável";"Com Vítimas Feridas";"Pleno dia";"Crescente";"Céu Claro";"Simples";"Reta";"Não";1;0;1;0;0;0;1;1;-23,76154691;-46,90483412;"SPRF-SP";"DEL04-SP";"UOP01-DEL04-SP"
313959;2020-10-11;"domingo";"09:20:00";"PR";376;300;"MAUA DA SERRA";"Desobediência às normas de trânsito pelo condutor";"Colisão lateral";"Com Vítimas Feridas";"Pleno dia";"Crescente";"Céu Claro";"Dupla";"Curva;Declive";"Não";2;0;1;0;1;0;1;2;-23,93311143;-51,13293074;"SPRF-PR";"DEL07-PR";"UOP03-DEL07-PR"
313960;2020-10-11;"domingo";"10:00:00";"SP";116;274;"TABOAO DA SERRA";"Mal Súbito";"Capotamento";"Com Vítimas Feridas";"Pleno dia";"Decrescente";"Céu Claro";"Dupla";"Reta";"Sim";3;0;3;0;0;0;3;1;-23,63445084;-46,82418514;"SPRF-SP";"DEL04-SP";"UOP01-DEL04-SP"
313961;2020-10-11;"domingo";"08:20:00";"MG";365;9,9;"MONTES CLAROS";"Velocidade Incompatível";"Saída de leito carroçável";"Com Vítimas Feridas";"Pleno dia";"Decrescente";"Garoa/Chuvisco";"Simples";"Reta";"Não";4;0;4;0;0;0;4;1;-16,83452;-43,943562;"SPRF-MG";"DEL12-MG";"UOP01-DEL12-MG"
313964;2020-10-11;"domingo";"10:25:00";"MG";146;454,7;"MUZAMBINHO";"Falta de Atenção à Condução";"Colisão transversal";"Com Vítimas Feridas";"Pleno dia";"Decrescente";"Céu Claro";"Simples";"Reta";"Não";2;0;1;0;1;0;1;2;-21,35976414;-46,47516131;"SPRF-MG";"DEL09-MG";"UOP01-DEL09-MG"
313965;2020-10-11;"domingo";"10:30:00";"SC";101;213;"PALHOCA";"Ingestão de Álcool";"Colisão traseira";"Com Vítimas Feridas";"Pleno dia";"Crescente";"Céu Claro";"Múltipla";"Reta";"Sim";2;0;1;0;1;0;1;2;-27,63697369;-48,66514142;"SPRF-SC";"DEL01-SC";"UOP02-DEL01-SC"
313977;2020-01-20;"segunda-feira";"12:00:00";"PR";277;729;"FOZ DO IGUACU";"Defeito Mecânico no Veículo";"Saída de leito carroçável";"Com Vítimas Feridas";"Pleno dia";"Crescente";"Céu Claro";"Dupla";"Interseção de Vias";"Não";1;0;0;1;0;0;1;1;-25,4514178;-54,58456439;"SPRF-PR";"DEL05-PR";"UOP03-DEL05-PR"
313995;2020-10-11;"domingo";"11:00:00";"SP";116;147,5;"SAO JOSE DOS CAMPOS";"Velocidade Incompatível";"Colisão com objeto estático";"Com Vítimas Feridas";"Pleno dia";"Decrescente";"Céu Claro";"Múltipla";"Curva";"Sim";2;0;0;1;0;1;1;2;-23,19542994;-45,87176303;"SPRF-SP";"DEL02-SP";"UOP01-DEL02-SP"
314007;2020-10-11;"domingo";"07:00:00";"PR";476;37;"ADRIANOPOLIS";"Condutor Dormindo";"Capotamento";"Com Vítimas Feridas";"Pleno dia";"Crescente";"Céu Claro";"Simples";"Reta";"Não";1;0;1;0;0;0;1;1;-24,868002;-49,060085;"SPRF-PR";"DEL01-PR";"UOP02-DEL01-PR"
314008;2020-10-11;"domingo";"10:45:00";"RS";287;404;"SANTIAGO";"Falta de Atenção à Condução";"Colisão traseira";"Com Vítimas Feridas";"Pleno dia";"Crescente";"Sol";"Simples";"Reta";"Não";4;0;1;0;3;0;1;2;-29,13222015;-54,89427831;"SPRF-RS";"DEL12-RS";"UOP02-DEL12-RS"
314010;2020-10-11;"domingo";"11:45:00";"RJ";116;165;"RIO DE JANEIRO";"Não guardar distância de segurança";"Colisão traseira";"Com Vítimas Feridas";"Pleno dia";"Decrescente";"Nublado";"Múltipla";"Reta";"Sim";2;0;1;0;1;0;1;2;-22,81548519;-43,29087405;"SPRF-RJ";"DEL01-RJ";"UOP01-DEL01-RJ"
314027;2020-10-11;"domingo";"12:00:00";"MG";381;361;"JOAO MONLEVADE";"Falta de Atenção à Condução";"Capotamento";"Com Vítimas Feridas";"Pleno dia";"Crescente";"Garoa/Chuvisco";"Dupla";"Curva";"Não";1;0;1;0;0;0;1;1;-19,85881293;-43,234108;"SPRF-MG";"DEL03-MG";"UOP01-DEL03-MG"
314029;2020-10-11;"domingo";"11:40:00";"MG";262;802;"UBERABA";"Falta de Atenção à Condução";"Saída de leito carroçável";"Sem Vítimas";"Pleno dia";"Decrescente";"Nublado";"Dupla";"Declive;Reta";"Não";1;0;0;0;0;1;0;1;-19,779234;-47,964844;"SPRF-MG";"DEL13-MG";"UOP01-DEL13-MG"
314030;2020-10-11;"domingo";"11:58:00";"PI";402;3,6;"BURITI DOS LOPES";"Falta de Atenção à Condução";"Saída de leito carroçável";"Com Vítimas Feridas";"Pleno dia";"Decrescente";"Céu Claro";"Simples";"Curva";"Não";1;0;1;0;0;0;1;1;-3,10468586;-41,87730694;"SPRF-PI";"DEL05-PI";"UOP01-DEL05-PI"
314031;2020-10-11;"domingo";"12:40:00";"SE";235;56,6;"ITABAIANA";"Desobediência às normas de trânsito pelo condutor";"Colisão frontal";"Com Vítimas Feridas";"Pleno dia";"Crescente";"Céu Claro";"Simples";"Reta";"Não";4;0;1;1;1;1;2;3;-10,658644;-37,448425;"SPRF-SE";"DEL01-SE";"UOP02-DEL01-SE"
314032;2020-10-11;"domingo";"12:15:00";"SC";101;81;"BARRA VELHA";"Não guardar distância de segurança";"Colisão traseira";"Sem Vítimas";"Pleno dia";"Crescente";"Sol";"Múltipla";"Reta";"Sim";3;0;0;0;3;0;0;3;-26,60256101;-48,72553524;"SPRF-SC";"DEL03-SC";"UOP02-DEL03-SC"
314033;2020-10-11;"domingo";"11:40:00";"MT";163;1028;"PEIXOTO DE AZEVEDO";"Não guardar distância de segurança";"Colisão traseira";"Sem Vítimas";"Pleno dia";"Crescente";"Céu Claro";"Simples";"Reta";"Não";2;0;0;0;2;0;0;2;-10,221749;-54,971483;"SPRF-MT";"DEL06-MT";"NPF/DEL06-MT"
314034;2020-10-11;"domingo";"13:00:00";"RJ";101;306;"SAO GONCALO";"Falta de Atenção à Condução";"Colisão traseira";"Sem Vítimas";"Pleno dia";"Crescente";"Nublado";"Dupla";"Reta";"Sim";3;0;0;0;3;0;0;2;-22,78913759;-43,00550909;"SPRF-RJ";"DEL02-RJ";"UOP02-DEL02-RJ"
314035;2020-09-28;"segunda-feira";"18:24:00";"PE";0;0;"PETROLINA";"Restrição de Visibilidade";"Colisão com objeto em movimento";"Sem Vítimas";"Plena Noite";"Não Informado";"Céu Claro";"Simples";"Reta";"Sim";2;0;0;0;2;0;0;1;-9,35880685;-40,48057512;"SPRF-PE";"DEL06-PE";"UOP01-DEL06-PE"
314037;2020-10-11;"domingo";"11:50:00";"SC";280;52,3;"GUARAMIRIM";"Falta de Atenção à Condução";"Colisão transversal";"Com Vítimas Feridas";"Pleno dia";"Decrescente";"Sol";"Simples";"Reta";"Sim";2;0;0;1;1;0;1;2;-26,468904;-48,96492;"SPRF-SC";"DEL03-SC";"UOP03-DEL03-SC"
314038;2020-10-11;"domingo";"11:50:00";"AC";364;141;"RIO BRANCO";"Mal Súbito";"Queda de ocupante de veículo";"Com Vítimas Feridas";"Pleno dia";"Crescente";"Céu Claro";"Dupla";"Rotatória";"Sim";1;0;1;0;0;0;1;1;-9,94200493;-67,87512076;"SPRF-AC";"DEL01-AC";"UOP01-DEL01-AC"
314039;2020-08-29;"sábado";"12:33:00";"SC";101;208,6;"SAO JOSE";"Falta de Atenção à Condução";"Colisão traseira";"Sem Vítimas";"Pleno dia";"Decrescente";"Céu Claro";"Dupla";"Reta";"Sim";3;0;0;0;3;0;0;2;-27,60327979;-48,63201818;"SPRF-SC";"DEL01-SC";"UOP01-DEL01-SC"
314040;2020-10-11;"domingo";"13:45:00";"SC";101;223;"PALHOCA";"Falta de Atenção à Condução";"Colisão traseira";"Com Vítimas Feridas";"Pleno dia";"Crescente";"Céu Claro";"Dupla";"Reta";"Não";1;0;1;0;0;0;1;1;-27,71552634;-48,64881251;"SPRF-SC";"DEL01-SC";"UOP02-DEL01-SC"
314041;2020-10-11;"domingo";"13:50:00";"SC";101;126,3;"ITAJAI";"Não guardar distância de segurança";"Engavetamento";"Com Vítimas Feridas";"Pleno dia";"Crescente";"Sol";"Dupla";"Reta";"Não";4;0;1;0;3;0;1;4;-26,95564404;-48,67978366;"SPRF-SC";"DEL04-SC";"UOP04-DEL04-SC"
314043;2020-10-11;"domingo";"14:15:00";"MG";40;446;"PARAOPEBA";"Pista Escorregadia";"Capotamento";"Com Vítimas Feridas";"Pleno dia";"Crescente";"Chuva";"Dupla";"Reta";"Não";2;0;1;0;1;0;1;1;-19,28815;-44,392;"SPRF-MG";"DEL02-MG";"UOP01-DEL02-MG"
314045;2020-10-11;"domingo";"14:30:00";"RJ";116;17;"SAPUCAIA";"Falta de Atenção à Condução";"Capotamento";"Com Vítimas Feridas";"Pleno dia";"Crescente";"Céu Claro";"Simples";"Aclive";"Não";1;0;0;1;0;0;1;1;-21,988334;-42,756877;"SPRF-RJ";"DEL04-RJ";"UOP01-DEL04-RJ"
314046;2020-10-11;"domingo";"12:55:00";"MG";381;3;"BETIM";"Velocidade Incompatível";"Tombamento";"Com Vítimas Feridas";"Pleno dia";"Crescente";"Nublado";"Dupla";"Reta";"Sim";1;0;1;0;0;0;1;1;-19,96825;-44,198708;"SPRF-MG";"DEL01-MG";"UOP03-DEL01-MG"
314047;2020-10-11;"domingo";"14:10:00";"RS";386;434,8;"NOVA SANTA RITA";"Desobediência às normas de trânsito pelo condutor";"Colisão transversal";"Sem Vítimas";"Pleno dia";"Decrescente";"Sol";"Dupla";"Interseção de Vias";"Não";2;0;0;0;2;0;0;2;-29,843386;-51,285454;"SPRF-RS";"DEL04-RS";"UOP02-DEL04-RS"
314048;2020-10-11;"domingo";"14:19:00";"SC";101;124,3;"ITAJAI";"Falta de Atenção à Condução";"Colisão traseira";"Com Vítimas Feridas";"Pleno dia";"Crescente";"Céu Claro";"Dupla";"Reta";"Sim";6;0;1;1;4;0;2;2;-26,94335064;-48,69198648;"SPRF-SC";"DEL04-SC";"UOP04-DEL04-SC"
314049;2020-10-11;"domingo";"14:00:00";"RJ";116;194;"QUEIMADOS";"Falta de Atenção do Pedestre";"Atropelamento de Pedestre";"Com Vítimas Fatais";"Pleno dia";"Crescente";"Nublado";"Múltipla";"Reta";"Não";3;1;1;0;1;0;1;2;-22,73711632;-43,53793909;"SPRF-RJ";"DEL01-RJ";"UOP02-DEL01-RJ"
314050;2020-10-11;"domingo";"14:20:00";"MG";40;446;"PARAOPEBA";"Falta de Atenção do Pedestre";"Capotamento";"Com Vítimas Feridas";"Pleno dia";"Crescente";"Chuva";"Simples";"Curva;Declive";"Não";3;0;2;0;1;0;2;1;-19,28815;-44,392;"SPRF-MG";"DEL02-MG";"UOP01-DEL02-MG"
314051;2020-10-11;"domingo";"09:45:00";"PE";232;433;"SERRA TALHADA";"Defeito Mecânico no Veículo";"Incêndio";"Sem Vítimas";"Pleno dia";"Crescente";"Céu Claro";"Simples";"Reta";"Não";1;0;0;0;1;0;0;1;-8,00807609;-38,49899597;"SPRF-PE";"DEL04-PE";"UOP01-DEL04-PE"
314052;2020-10-11;"domingo";"13:40:00";"RJ";101;316;"SAO GONCALO";"Falta de Atenção à Condução";"Capotamento";"Com Vítimas Feridas";"Pleno dia";"Decrescente";"Céu Claro";"Dupla";"Reta";"Sim";1;0;0;1;0;0;1;1;-22,82835879;-43,09208739;"SPRF-RJ";"DEL02-RJ";"UOP02-DEL02-RJ"
314053;2020-10-11;"domingo";"13:40:00";"PR";277;659,8;"MATELANDIA";"Pista Escorregadia";"Tombamento";"Com Vítimas Feridas";"Pleno dia";"Crescente";"Céu Claro";"Dupla";"Curva;Declive";"Não";1;0;1;0;0;0;1;1;-25,24664169;-53,98334832;"SPRF-PR";"DEL05-PR";"UOP02-DEL05-PR"
314054;2020-10-11;"domingo";"15:00:00";"SP";101;50,5;"UBATUBA";"Falta de Atenção à Condução";"Colisão traseira";"Com Vítimas Feridas";"Pleno dia";"Crescente";"Nublado";"Simples";"Reta";"Sim";3;0;2;0;1;0;2;2;-23,46432892;-45,06295681;"SPRF-SP";"DEL06-SP";"UOP01-DEL06-SP"
314055;2020-10-11;"domingo";"12:00:00";"AM";319;117,5;"CAREIRO";"Desobediência às normas de trânsito pelo condutor";"Colisão traseira";"Com Vítimas Feridas";"Pleno dia";"Decrescente";"Sol";"Simples";"Reta";"Não";2;0;2;0;0;0;2;2;-3,85070402;-60,38341098;"SPRF-AM";"DEL01-AM";"UOP04-DEL01-AM"
314057;2020-10-11;"domingo";"14:50:00";"PR";158;525;"PATO BRANCO";"Ultrapassagem Indevida";"Colisão frontal";"Com Vítimas Fatais";"Pleno dia";"Decrescente";"Céu Claro";"Simples";"Curva";"Não";3;1;1;0;0;1;1;3;-26,15019792;-52,66273226;"SPRF-PR";"DEL02-PR";"UOP01-DEL02-PR"
314058;2020-10-11;"domingo";"13:55:00";"RS";470;261,8;"SALVADOR DO SUL";"Ingestão de Álcool";"Saída de leito carroçável";"Com Vítimas Feridas";"Pleno dia";"Crescente";"Céu Claro";"Simples";"Curva";"Não";2;0;0;2;0;0;2;1;-29,48155128;-51,48230206;"SPRF-RS";"DEL06-RS";"UOP01-DEL06-RS"
314059;2020-10-11;"domingo";"11:30:00";"RO";319;27;"PORTO VELHO";"Não guardar distância de segurança";"Colisão traseira";"Com Vítimas Feridas";"Pleno dia";"Decrescente";"Céu Claro";"Simples";"Reta";"Não";2;0;1;1;0;0;2;2;-8,06652219;-63,56815294;"SPRF-RO";"DEL01-RO";"UOP01-DEL01-RO"
314060;2020-10-11;"domingo";"15:35:00";"GO";60;118;"TEREZOPOLIS DE GOIAS";"Falta de Atenção à Condução";"Colisão transversal";"Com Vítimas Feridas";"Pleno dia";"Decrescente";"Sol";"Dupla";"Retorno Regulamentado";"Sim";4;0;2;0;2;0;2;2;-16,4848;-49,0935;"SPRF-GO";"DEL01-GO";"UOP01-DEL01-GO"
314064;2020-10-11;"domingo";"15:30:00";"PB";230;28;"JOAO PESSOA";"Desobediência às normas de trânsito pelo pedestre";"Atropelamento de Pedestre";"Com Vítimas Feridas";"Pleno dia";"Decrescente";"Sol";"Dupla";"Reta";"Sim";3;0;1;0;2;0;1;2;-7,1651;-34,8941;"SPRF-PB";"DEL01-PB";"UOP01-DEL01-PB"
314066;2020-10-11;"domingo";"15:50:00";"PR";373;255;"GUAMIRANGA";"Ultrapassagem Indevida";"Saída de leito carroçável";"Com Vítimas Feridas";"Pleno dia";"Crescente";"Céu Claro";"Simples";"Reta";"Não";4;0;0;4;0;0;4;1;-25,19186902;-50,90229499;"SPRF-PR";"DEL03-PR";"UOP04-DEL03-PR"
314067;2020-10-11;"domingo";"15:00:00";"RN";406;155,1;"CEARA-MIRIM";"Falta de Atenção à Condução";"Capotamento";"Com Vítimas Feridas";"Pleno dia";"Crescente";"Sol";"Simples";"Reta";"Não";2;0;1;0;1;0;1;1;-5,67794002;-35,39994003;"SPRF-RN";"DEL02-RN";"UOP01-DEL02-RN"
314068;2020-10-11;"domingo";"16:10:00";"MG";40;469;"SETE LAGOAS";"Pista Escorregadia";"Capotamento";"Com Vítimas Feridas";"Pleno dia";"Decrescente";"Chuva";"Dupla";"Reta";"Não";2;0;2;0;0;0;2;1;-19,46099279;-44,30121988;"SPRF-MG";"DEL02-MG";"UOP01-DEL02-MG"
314071;2020-10-11;"domingo";"15:00:00";"CE";20;140;"TAUA";"Ingestão de Álcool";"Queda de ocupante de veículo";"Com Vítimas Feridas";"Pleno dia";"Decrescente";"Céu Claro";"Simples";"Reta";"Não";2;0;0;1;1;0;1;1;-5,55999607;-40,07671887;"SPRF-CE";"DEL02-CE";"UOP02-DEL02-CE"
314072;2020-10-11;"domingo";"16:00:00";"MG";381;352;"JOAO MONLEVADE";"Desobediência às normas de trânsito pelo condutor";"Tombamento";"Com Vítimas Feridas";"Pleno dia";"Crescente";"Garoa/Chuvisco";"Simples";"Reta";"Não";2;0;1;0;0;1;1;2;-19,84205535;-43,17383018;"SPRF-MG";"DEL03-MG";"UOP01-DEL03-MG"
314073;2020-10-11;"domingo";"16:10:00";"MG";40;474,5;"SETE LAGOAS";"Avarias e/ou desgaste excessivo no pneu";"Saída de leito carroçável";"Sem Vítimas";"Pleno dia";"Decrescente";"Chuva";"Dupla";"Reta";"Não";1;0;0;0;0;1;0;1;-19,49804878;-44,27929974;"SPRF-MG";"DEL02-MG";"UOP01-DEL02-MG"
314074;2020-10-11;"domingo";"15:30:00";"AP";210;0;"MACAPA";"Falta de Atenção à Condução";"Colisão transversal";"Com Vítimas Feridas";"Pleno dia";"Decrescente";"Céu Claro";"Múltipla";"Reta";"Sim";2;0;1;0;1;0;1;2;0,07780012;-51,06097;"SPRF-AP";"DEL01-AP";"UOP01-DEL01-AP"
314075;2020-10-11;"domingo";"15:10:00";"MS";267;486,6;"JARDIM";"Falta de Atenção à Condução";"Saída de leito carroçável";"Com Vítimas Feridas";"Pleno dia";"Crescente";"Céu Claro";"Simples";"Reta";"Não";5;0;2;0;3;0;2;1;-21,4726646;-56,18362789;"SPRF-MS";"DEL05-MS";"UOP01-DEL05-MS"
314076;2020-10-11;"domingo";"13:25:00";"RJ";40;105;"DUQUE DE CAXIAS";"Velocidade Incompatível";"Colisão traseira";"Sem Vítimas";"Pleno dia";"Crescente";"Nublado";"Dupla";"Reta";"Sim";2;0;0;0;1;1;0;2;-22,63784806;-43,28428824;"SPRF-RJ";"DEL01-RJ";"UOP01-DEL01-RJ"
314077;2020-10-11;"domingo";"16:00:00";"PE";424;85,3;"GARANHUNS";"Falta de Atenção à Condução";"Saída de leito carroçável";"Sem Vítimas";"Pleno dia";"Crescente";"Céu Claro";"Simples";"Reta";"Não";1;0;0;0;0;1;0;1;-8,85702308;-36,51218326;"SPRF-PE";"DEL03-PE";"UOP01-DEL03-PE"
314079;2020-10-11;"domingo";"11:20:00";"RJ";116;143;"DUQUE DE CAXIAS";"Falta de Atenção à Condução";"Colisão transversal";"Com Vítimas Feridas";"Pleno dia";"Crescente";"Céu Claro";"Múltipla";"Reta";"Sim";2;0;1;0;1;0;1;2;-22,67167945;-43,27964187;"SPRF-RJ";"DEL01-RJ";"UOP01-DEL01-RJ"
314080;2020-10-11;"domingo";"16:40:00";"ES";101;294,7;"CARIACICA";"Pista Escorregadia";"Queda de ocupante de veículo";"Com Vítimas Feridas";"Pleno dia";"Decrescente";"Chuva";"Múltipla";"Reta";"Sim";2;0;1;0;1;0;1;1;-20,32415948;-40,3952903;"SPRF-ES";"DEL01-ES";"UOP01-DEL01-ES"
314081;2020-10-11;"domingo";"15:05:00";"SC";470;9;"NAVEGANTES";"Falta de Atenção à Condução";"Colisão frontal";"Sem Vítimas";"Pleno dia";"Crescente";"Céu Claro";"Simples";"Reta";"Sim";2;0;0;0;1;1;0;2;-26,833143;-48,727432;"SPRF-SC";"DEL04-SC";"UOP04-DEL04-SC"