"id";"data_inversa";"dia_semana";"horario";"uf";"br";"km";"municipio";"causa_acidente";"tipo_acidente";"classificacao_acidente";"fase_dia";"sentido_via";"condicao_metereologica";"tipo_pista";"tracado_via";"uso_solo";"pessoas";"mortos";"feridos_leves";"feridos_graves";"ilesos";"ignorados";"feridos";"veiculos";"latitude";"longitude";"regional";"delegacia";"uop"
314082;2020-10-11;"domingo";"16:55:00";"SE";235;48,6;"ITABAIANA";"Ingestão de Álcool";"Saída de leito carroçável";"Com Vítimas Feridas";"Pleno dia";"Decrescente";"Céu Claro";"Simples";"Reta";"Não";1;0;0;1;0;0;1;1;-10,724387;-37,41708;"SPRF-SE";"DEL01-SE";"UOP02-DEL01-SE"
314084;2020-10-11;"domingo";"17:20:00";"SC";101;107;"PENHA";"Não guardar distância de segurança";"Capotamento";"Com Vítimas Feridas";"Pleno dia";"Decrescente";"Céu Claro";"Dupla";"Reta";"Não";5;0;4;0;1;0;4;1;-26,81930608;-48,68390282;"SPRF-SC";"DEL03-SC";"UOP02-DEL03-SC"
314085;2020-10-11;"domingo";"17:30:00";"PE";407;115,7;"PETROLINA";"Desobediência às normas de trânsito pelo condutor";"Colisão transversal";"Sem Vítimas";"Anoitecer";"Crescente";"Céu Claro";"Simples";"Interseção de Vias";"Não";3;0;0;0;1;2;0;2;-9,30895335;-40,5768013;"SPRF-PE";"DEL06-PE";"UOP02-DEL06-PE"
314086;2020-10-11;"domingo";"16:40:00";"CE";116;44,8;"HORIZONTE";"Desobediência às normas de trânsito pelo condutor";"Colisão traseira";"Com Vítimas Feridas";"Pleno dia";"Decrescente";"Sol";"Dupla";"Reta";"Não";2;0;1;0;1;0;1;2;-4,13318741;-38,48178333;"SPRF-CE";"DEL01-CE";"UOP02-DEL01-CE"
314089;2020-10-11;"domingo";"14:50:00";"MT";364;290;"JACIARA";"Falta de Atenção à Condução";"Saída de leito carroçável";"Com Vítimas Fatais";"Pleno dia";"Decrescente";"Nublado";"Dupla";"Curva";"Não";3;1;1;1;0;0;2;1;-15,90475053;-55,09158825;"SPRF-MT";"DEL05-MT";"UOP02-DEL05-MT"
314092;2020-10-11;"domingo";"15:00:00";"SC";282;461,5;"PONTE SERRADA";"Falta de Atenção à Condução";"Colisão transversal";"Com Vítimas Feridas";"Pleno dia";"Decrescente";"Céu Claro";"Simples";"Reta";"Sim";2;0;0;2;0;0;2;2;-26,856403;-52,041328;"SPRF-SC";"DEL07-SC";"UOP04-DEL07-SC"
314093;2020-10-11;"domingo";"17:30:00";"SC";101;204;"SAO JOSE";"Desobediência às normas de trânsito pelo condutor";"Colisão traseira";"Com Vítimas Feridas";"Pleno dia";"Decrescente";"Céu Claro";"Dupla";"Reta";"Sim";2;0;1;0;1;0;1;2;-27,57413014;-48,61363083;"SPRF-SC";"DEL01-SC";"UOP01-DEL01-SC"
314094;2020-10-11;"domingo";"17:40:00";"SP";116;128,1;"CACAPAVA";"Defeito Mecânico no Veículo";"Colisão traseira";"Com Vítimas Feridas";"Pleno dia";"Crescente";"Céu Claro";"Dupla";"Reta";"Sim";4;0;1;0;3;0;1;3;-23,11454664;-45,71105567;"SPRF-SP";"DEL06-SP";"UOP01-DEL06-SP"
314096;2020-10-11;"domingo";"17:30:00";"MS";163;246,2;"DOURADOS";"Condutor Dormindo";"Saída de leito carroçável";"Com Vítimas Feridas";"Pleno dia";"Crescente";"Céu Claro";"Simples";"Reta";"Não";1;0;1;0;0;0;1;1;-22,34043003;-54,81130207;"SPRF-MS";"DEL04-MS";"UOP01-DEL04-MS"
314097;2020-10-11;"domingo";"15:20:00";"AC";317;100;"SENADOR GUIOMARD";"Falta de Atenção à Condução";"Tombamento";"Sem Vítimas";"Pleno dia";"Crescente";"Sol";"Simples";"Reta";"Não";1;0;0;0;0;1;0;1;-10,2212353;-67,70247852;"SPRF-AC";"DEL01-AC";"UOP01-DEL01-AC"
314099;2020-10-11;"domingo";"18:35:00";"SC";101;35,8;"JOINVILLE";"Falta de Atenção à Condução";"Colisão lateral";"Com Vítimas Feridas";"Plena Noite";"Decrescente";"Céu Claro";"Dupla";"Reta";"Não";2;0;1;0;1;0;1;2;-26,2411301;-48,91227415;"SPRF-SC";"DEL03-SC";"UOP01-DEL03-SC"
314101;2020-10-11;"domingo";"16:00:00";"AC";317;14;"PORTO ACRE";"Ingestão de Álcool";"Colisão lateral";"Com Vítimas Feridas";"Pleno dia";"Crescente";"Céu Claro";"Simples";"Reta";"Sim";2;0;1;0;1;0;1;2;-9,70951199;-67,33613006;"SPRF-AC";"DEL01-AC";"UOP01-DEL01-AC"
314102;2020-10-11;"domingo";"18:30:00";"RJ";493;22;"MAGE";"Restrição de Visibilidade";"Atropelamento de Pedestre";"Com Vítimas Feridas";"Plena Noite";"Crescente";"Céu Claro";"Simples";"Reta";"Sim";2;0;1;0;1;0;1;2;-22,659311;-43,053303;"SPRF-RJ";"DEL04-RJ";"UOP02-DEL04-RJ"
314103;2020-10-11;"domingo";"17:10:00";"MT";163;842;"SINOP";"Avarias e/ou desgaste excessivo no pneu";"Capotamento";"Sem Vítimas";"Amanhecer";"Decrescente";"Nublado";"Simples";"Reta";"Não";3;0;0;0;2;1;0;1;-11,79283615;-55,47760963;"SPRF-MT";"DEL06-MT";"NPF/DEL06-MT"
314104;2020-10-11;"domingo";"16:30:00";"RS";116;302,1;"GUAIBA";"Não guardar distância de segurança";"Colisão lateral";"Com Vítimas Feridas";"Pleno dia";"Crescente";"Céu Claro";"Múltipla";"Reta";"Sim";3;0;1;1;0;1;2;2;-30,13970487;-51,35942618;"SPRF-RS";"DEL02-RS";"UOP01-DEL02-RS"
314105;2020-10-11;"domingo";"18:00:00";"CE";20;414;"MARACANAU";"Falta de Atenção à Condução";"Colisão transversal";"Com Vítimas Feridas";"Plena Noite";"Decrescente";"Céu Claro";"Dupla";"Reta";"Sim";2;0;0;1;1;0;1;2;-3,76999035;-38,67006282;"SPRF-CE";"DEL01-CE";"UOP01-DEL01-CE"
314106;2020-10-11;"domingo";"18:45:00";"SC";101;142,6;"ITAPEMA";"Falta de Atenção à Condução";"Colisão lateral";"Com Vítimas Feridas";"Plena Noite";"Decrescente";"Céu Claro";"Dupla";"Reta";"Sim";2;0;1;0;1;0;1;2;-27,056089;-48,599449;"SPRF-SC";"DEL04-SC";"UOP03-DEL04-SC"
314107;2020-10-11;"domingo";"18:20:00";"GO";60;459;"JATAI";"Pista Escorregadia";"Saída de leito carroçável";"Sem Vítimas";"Anoitecer";"Decrescente";"Chuva";"Dupla";"Curva";"Não";1;0;0;0;1;0;0;1;-17,8702;-51,6065;"SPRF-GO";"DEL05-GO";"UOP01-DEL05-GO"
314108;2020-10-11;"domingo";"17:44:00";"MG";262;171;"SAO DOMINGOS DO PRATA";"Avarias e/ou desgaste excessivo no pneu";"Saída de leito carroçável";"Com Vítimas Feridas";"Pleno dia";"Crescente";"Chuva";"Simples";"Curva";"Não";2;0;1;0;1;0;1;1;-19,94277757;-42,94306607;"SPRF-MG";"DEL03-MG";"UOP01-DEL03-MG"
314109;2020-10-11;"domingo";"18:00:00";"MS";163;263;"DOURADOS";"Ingestão de Álcool";"Colisão transversal";"Com Vítimas Feridas";"Pleno dia";"Crescente";"Céu Claro";"Dupla";"Rotatória";"Sim";3;0;0;1;2;0;1;2;-22,2316424;-54,7478208;"SPRF-MS";"DEL04-MS";"UOP01-DEL04-MS"
314110;2020-10-11;"domingo";"18:00:00";"GO";153;513,1;"APARECIDA DE GOIANIA";"Falta de Atenção à Condução";"Queda de ocupante de veículo";"Com Vítimas Feridas";"Anoitecer";"Decrescente";"Céu Claro";"Simples";"Reta";"Sim";2;0;2;0;0;0;2;1;-16,8244;-49,2421;"SPRF-GO";"DEL01-GO";"UOP03-DEL01-GO"
314111;2020-10-11;"domingo";"19:10:00";"CE";20;417,5;"MARACANAU";"Sinalização da via insuficiente ou inadequada";"Colisão com objeto estático";"Com Vítimas Feridas";"Plena Noite";"Crescente";"Céu Claro";"Dupla";"Reta;Desvio Temporário;Em Obras";"Sim";2;0;2;0;0;0;2;1;-3,76999035;-38,67006282;"SPRF-CE";"DEL01-CE";"UOP02-DEL01-CE"
314112;2020-10-11;"domingo";"17:00:00";"PB";101;21;"MAMANGUAPE";"Defeito Mecânico no Veículo";"Incêndio";"Sem Vítimas";"Amanhecer";"Crescente";"Céu Claro";"Dupla";"Reta";"Não";1;0;0;0;1;0;0;1;-6,67218202;-35,11323207;"SPRF-PB";"DEL01-PB";"UOP04-DEL01-PB"
314113;2020-10-11;"domingo";"18:50:00";"SC";101;411;"ARARANGUA";"Ingestão de Álcool";"Colisão traseira";"Com Vítimas Feridas";"Plena Noite";"Decrescente";"Céu Claro";"Simples";"Reta";"Sim";2;0;1;0;1;0;1;2;-28,93112097;-49,4940421;"SPRF-SC";"DEL02-SC";"UOP02-DEL02-SC"
314114;2020-10-11;"domingo";"19:30:00";"RS";116;487,8;"PELOTAS";"Falta de Atenção do Pedestre";"Atropelamento de Pedestre";"Com Vítimas Fatais";"Plena Noite";"Crescente";"Céu Claro";"Simples";"Reta";"Sim";3;1;0;0;2;0;0;2;-31,44433877;-52,19823924;"SPRF-RS";"DEL07-RS";"UOP01-DEL07-RS"
314118;2020-10-11;"domingo";"19:15:00";"PR";277;671;"MEDIANEIRA";"Agressão Externa";"Colisão com objeto estático";"Com Vítimas Feridas";"Plena Noite";"Crescente";"Céu Claro";"Dupla";"Interseção de Vias";"Sim";5;0;5;0;0;0;5;1;-25,28490106;-54,08744898;"SPRF-PR";"DEL05-PR";"UOP02-DEL05-PR"
314119;2020-10-11;"domingo";"19:20:00";"RN";427;102,3;"CAICO";"Animais na Pista";"Atropelamento de Animal";"Com Vítimas Feridas";"Plena Noite";"Decrescente";"Céu Claro";"Simples";"Reta";"Não";2;0;2;0;0;0;2;1;-6,45395471;-37,12301287;"SPRF-RN";"DEL03-RN";"UOP01-DEL03-RN"
314120;2020-10-11;"domingo";"15:30:00";"SC";282;218;"LAGES";"Mal Súbito";"Saída de leito carroçável";"Com Vítimas Feridas";"Pleno dia";"Decrescente";"Céu Claro";"Simples";"Reta";"Sim";2;0;2;0;0;0;2;1;-27,797235;-50,31361;"SPRF-SC";"DEL05-SC";"UOP01-DEL05-SC"
314122;2020-10-11;"domingo";"17:35:00";"PE";408;105;"RECIFE";"Falta de Atenção à Condução";"Saída de leito carroçável";"Com Vítimas Feridas";"Anoitecer";"Crescente";"Céu Claro";"Dupla";"Reta";"Não";1;0;1;0;0;0;1;1;-8,0730937;-34,99190714;"SPRF-PE";"DEL01-PE";"UOP01-DEL01-PE"
314123;2020-10-11;"domingo";"18:20:00";"PB";101;53;"SANTA RITA";"Defeito Mecânico no Veículo";"Incêndio";"Sem Vítimas";"Plena Noite";"Decrescente";"Céu Claro";"Simples";"Aclive";"Não";1;0;0;0;0;1;0;1;-6,94606786;-35,09493776;"SPRF-PB";"DEL01-PB";"UOP04-DEL01-PB"
314124;2020-10-11;"domingo";"19:30:00";"SC";101;202;"SAO JOSE";"Falta de Atenção à Condução";"Tombamento";"Com Vítimas Feridas";"Plena Noite";"Crescente";"Céu Claro";"Dupla";"Reta";"Sim";1;0;1;0;0;0;1;1;-27,55711595;-48,61897889;"SPRF-SC";"DEL01-SC";"UOP01-DEL01-SC"
314126;2020-10-11;"domingo";"16:50:00";"RS";470;200,8;"BENTO GONCALVES";"Ingestão de Álcool";"Colisão transversal";"Com Vítimas Feridas";"Pleno dia";"Crescente";"Céu Claro";"Simples";"Aclive";"Não";3;0;2;0;1;0;2;2;-29,07546045;-51,58740174;"SPRF-RS";"DEL06-RS";"UOP02-DEL06-RS"
314127;2020-10-11;"domingo";"14:34:00";"AP";210;0,4;"MACAPA";"Desobediência às normas de trânsito pelo condutor";"Colisão lateral";"Sem Vítimas";"Pleno dia";"Crescente";"Céu Claro";"Dupla";"Reta";"Sim";3;0;0;0;3;0;0;3;0,0779557;-51,06610537;"SPRF-AP";"DEL01-AP";"UOP01-DEL01-AP"
314128;2020-10-11;"domingo";"16:05:00";"SC";470;15,9;"ILHOTA";"Falta de Atenção à Condução";"Colisão lateral";"Com Vítimas Feridas";"Pleno dia";"Crescente";"Sol";"Simples";"Reta";"Não";3;0;2;0;1;0;2;2;-26,839785;-48,785534;"SPRF-SC";"DEL04-SC";"UOP04-DEL04-SC"
314129;2020-10-11;"domingo";"17:50:00";"SC";470;103,5;"APIUNA";"Falta de Atenção do Pedestre";"Atropelamento de Pedestre";"Com Vítimas Feridas";"Anoitecer";"Decrescente";"Céu Claro";"Simples";"Reta";"Não";2;0;1;1;0;0;2;2;-27,064796;-49,401424;"SPRF-SC";"DEL04-SC";"UOP02-DEL04-SC"
314132;2020-10-11;"domingo";"19:10:00";"MG";50;77,3;"UBERLANDIA";"Falta de Atenção à Condução";"Saída de leito carroçável";"Sem Vítimas";"Plena Noite";"Crescente";"Céu Claro";"Dupla";"Reta";"Não";1;0;0;0;1;0;0;1;-18,986906;-48,211853;"SPRF-MG";"DEL15-MG";"UOP01-DEL15-MG"
314133;2020-10-11;"domingo";"20:20:00";"SE";235;53,9;"ITABAIANA";"Ingestão de Álcool";"Colisão lateral";"Com Vítimas Feridas";"Plena Noite";"Crescente";"Céu Claro";"Simples";"Reta";"Não";2;0;0;1;1;0;1;2;-10,684707;-37,440544;"SPRF-SE";"DEL01-SE";"UOP02-DEL01-SE"
314135;2020-10-11;"domingo";"19:15:00";"SP";116;445,4;"REGISTRO";"Animais na Pista";"Atropelamento de Animal";"Com Vítimas Feridas";"Plena Noite";"Decrescente";"Céu Claro";"Dupla";"Reta";"Sim";1;0;1;0;0;0;1;1;-24,49790715;-47,84208686;"SPRF-SP";"DEL05-SP";"UOP01-DEL05-SP"
314137;2020-10-11;"domingo";"18:30:00";"ES";484;108;"AFONSO CLAUDIO";"Falta de Atenção à Condução";"Tombamento";"Com Vítimas Feridas";"Anoitecer";"Crescente";"Nublado";"Simples";"Reta";"Não";1;0;1;0;0;0;1;1;-20,06833448;-41,08356308;"SPRF-ES";"DEL01-ES";"UOP02-DEL01-ES"
314138;2020-10-11;"domingo";"20:00:00";"SP";153;177;"GUAICARA";"Restrição de Visibilidade";"Queda de ocupante de veículo";"Com Vítimas Feridas";"Plena Noite";"Decrescente";"Céu Claro";"Simples";"Reta";"Não";2;0;1;0;0;1;1;2;-21,65677102;-49,78915671;"SPRF-SP";"DEL07-SP";"UOP01-DEL07-SP"
314139;2020-10-11;"domingo";"18:30:00";"AC";364;200;"BUJARI";"Desobediência às normas de trânsito pelo condutor";"Colisão lateral";"Com Vítimas Feridas";"Plena Noite";"Decrescente";"Nevoeiro/Neblina";"Simples";"Reta";"Sim";3;0;2;1;0;0;3;2;-9,59118209;-68,2639831;"SPRF-AC";"DEL01-AC";"UOP01-DEL01-AC"
314140;2020-10-11;"domingo";"16:00:00";"MT";163;519,3;"DIAMANTINO";"Falta de Atenção à Condução";"Tombamento";"Com Vítimas Feridas";"Pleno dia";"Decrescente";"Chuva";"Simples";"Reta";"Não";1;0;1;0;0;0;1;1;-14,52154211;-56,21818591;"SPRF-MT";"DEL01-MT";"UOP01-DEL01-MT"
314141;2020-10-11;"domingo";"10:00:00";"MA";230;402;"BALSAS";"Pista Escorregadia";"Saída de leito carroçável";"Com Vítimas Feridas";"Pleno dia";"Decrescente";"Chuva";"Simples";"Reta";"Sim";2;0;1;0;1;0;1;1;-7,50857084;-46,03158637;"SPRF-MA";"DEL05-MA";"UOP01-DEL05-MA"
314142;2020-10-11;"domingo";"19:00:00";"AM";319;37,8;"CAREIRO";"Animais na Pista";"Atropelamento de Animal";"Com Vítimas Feridas";"Plena Noite";"Decrescente";"Céu Claro";"Simples";"Reta";"Não";6;0;1;0;5;0;1;3;-3,38488011;-59,88560683;"SPRF-AM";"DEL01-AM";"UOP04-DEL01-AM"
314143;2020-10-11;"domingo";"20:40:00";"SP";116;92,7;"PINDAMONHANGABA";"Falta de Atenção do Pedestre";"Atropelamento de Pedestre";"Com Vítimas Fatais";"Plena Noite";"Decrescente";"Céu Claro";"Dupla";"Reta";"Não";2;1;0;0;1;0;0;2;-22,95222732;-45,40443885;"SPRF-SP";"DEL06-SP";"UOP01-DEL06-SP"
314144;2020-10-11;"domingo";"19:30:00";"SC";282;604,7;"MARAVILHA";"Ingestão de Álcool";"Colisão frontal";"Com Vítimas Feridas";"Plena Noite";"Crescente";"Céu Claro";"Simples";"Curva";"Não";3;0;0;2;1;0;2;2;-26,795523;-53,192974;"SPRF-SC";"DEL07-SC";"UOP02-DEL07-SC"
314145;2020-10-11;"domingo";"20:15:00";"RS";386;414,9;"MONTENEGRO";"Ingestão de Álcool";"Tombamento";"Com Vítimas Feridas";"Plena Noite";"Crescente";"Nublado";"Simples";"Reta";"Sim";2;0;1;0;0;1;1;1;-29,816236;-51,483341;"SPRF-RS";"DEL04-RS";"UOP02-DEL04-RS"
314146;2020-10-11;"domingo";"19:30:00";"MT";163;667;"LUCAS DO RIO VERDE";"Defeito na Via";"Saída de leito carroçável";"Com Vítimas Feridas";"Plena Noite";"Crescente";"Céu Claro";"Simples";"Reta";"Não";2;0;2;0;0;0;2;1;-13,34792085;-56,05872433;"SPRF-MT";"DEL06-MT";"UOP01-DEL06-MT"
314147;2020-10-11;"domingo";"20:20:00";"MS";163;483,4;"CAMPO GRANDE";"Falta de Atenção à Condução";"Colisão lateral";"Com Vítimas Feridas";"Plena Noite";"Decrescente";"Céu Claro";"Simples";"Reta";"Sim";4;0;1;0;3;0;1;2;-20,45726263;-54,54671829;"SPRF-MS";"DEL01-MS";"UOP02-DEL01-MS"
314148;2020-10-11;"domingo";"17:55:00";"PR";158;524;"PATO BRANCO";"Falta de Atenção à Condução";"Tombamento";"Com Vítimas Feridas";"Pleno dia";"Crescente";"Céu Claro";"Simples";"Reta";"Não";2;0;2;0;0;0;2;1;-26,14154;-52,659077;"SPRF-PR";"DEL02-PR";"UOP01-DEL02-PR"
314149;2020-10-04;"domingo";"03:00:00";"SC";101;203;"SAO JOSE";"Velocidade Incompatível";"Colisão com objeto estático";"Com Vítimas Feridas";"Plena Noite";"Decrescente";"Chuva";"Dupla";"Curva";"Sim";7;0;2;0;5;0;2;6;-27,5650044;-48,61460082;"SPRF-SC";"DEL01-SC";"UOP01-DEL01-SC"
314150;2020-10-11;"domingo";"19:00:00";"SC";101;116,6;"ITAJAI";"Falta de Atenção à Condução";"Colisão traseira";"Sem Vítimas";"Plena Noite";"Decrescente";"Céu Claro";"Múltipla";"Reta";"Sim";2;0;0;0;2;0;0;2;-26,87905605;-48,72603512;"SPRF-SC";"DEL04-SC";"UOP04-DEL04-SC"
314151;2020-10-11;"domingo";"19:10:00";"PR";280;315,3;"BARRACAO";"Desobediência às normas de trânsito pelo condutor";"Colisão transversal";"Com Vítimas Feridas";"Anoitecer";"Decrescente";"Céu Claro";"Simples";"Curva";"Não";2;0;1;0;1;0;1;2;-26,29192101;-53,528441;"SPRF-PR";"DEL02-PR";"UOP01-DEL02-PR"
314152;2020-10-11;"domingo";"16:40:00";"SC";470;245,3;"CURITIBANOS";"Não guardar distância de segurança";"Saída de leito carroçável";"Sem Vítimas";"Pleno dia";"Crescente";"Céu Claro";"Simples";"Reta";"Não";1;0;0;0;1;0;0;1;-27,31523481;-50,54000616;"SPRF-SC";"DEL05-SC";"UOP03-DEL05-SC"
314155;2020-10-11;"domingo";"21:00:00";"ES";101;33;"CONCEICAO DA BARRA";"Falta de Atenção à Condução";"Colisão traseira";"Com Vítimas Feridas";"Plena Noite";"Crescente";"Céu Claro";"Simples";"Reta";"Não";1;0;1;0;0;0;1;1;-18,43474232;-39,933535;"SPRF-ES";"DEL04-ES";"UOP02-DEL04-ES"
314156;2020-10-11;"domingo";"21:30:00";"PR";277;113;"CAMPO LARGO";"Ingestão de Álcool";"Colisão traseira";"Sem Vítimas";"Plena Noite";"Crescente";"Céu Claro";"Dupla";"Reta";"Sim";2;0;0;0;2;0;0;2;-25,44684633;-49,48194618;"SPRF-PR";"DEL01-PR";"UOP03-DEL03-PR"
314157;2020-10-11;"domingo";"21:05:00";"GO";20;1;"FORMOSA";"Velocidade Incompatível";"Tombamento";"Com Vítimas Feridas";"Plena Noite";"Decrescente";"Céu Claro";"Dupla";"Ponte";"Não";2;0;1;0;1;0;1;1;-15,579424;-47,334297;"SPRF-DF";"DEL02-DF";"UOP01-DEL02-DF"
314158;2020-10-11;"domingo";"20:52:00";"SC";470;33,5;"GASPAR";"Velocidade Incompatível";"Saída de leito carroçável";"Com Vítimas Feridas";"Plena Noite";"Crescente";"Céu Claro";"Dupla";"Reta;Em Obras";"Não";2;0;2;0;0;0;2;1;-26,906223;-48,940575;"SPRF-SC";"DEL04-SC";"UOP01-DEL04-SC"
314160;2020-10-11;"domingo";"20:50:00";"SC";470;174;"POUSO REDONDO";"Falta de Atenção à Condução";"Colisão transversal";"Com Vítimas Feridas";"Plena Noite";"Decrescente";"Céu Claro";"Simples";"Reta";"Sim";3;0;2;0;1;0;2;2;-27,258179;-49,929146;"SPRF-SC";"DEL04-SC";"UOP02-DEL04-SC"
314161;2020-10-11;"domingo";"18:30:00";"RJ";40;7;"COMENDADOR LEVY GASPARIAN";"Desobediência às normas de trânsito pelo condutor";"Colisão transversal";"Com Vítimas Feridas";"Plena Noite";"Crescente";"Céu Claro";"Simples";"Interseção de Vias";"Sim";2;0;1;1;0;0;2;2;-22,03172956;-43,2244336;"SPRF-RJ";"DEL05-RJ";"UOP02-DEL05-RJ"
314162;2020-05-28;"quinta-feira";"10:40:00";"BA";101;249;"CONCEICAO DO ALMEIDA";"Defeito Mecânico no Veículo";"Queda de ocupante de veículo";"Com Vítimas Feridas";"Pleno dia";"Decrescente";"Céu Claro";"Simples";"Reta";"Não";2;0;1;1;0;0;2;1;-12,8086;-39,1992;"SPRF-BA";"DEL01-BA";"UOP02-DEL01-BA"
314164;2020-10-11;"domingo";"21:20:00";"RS";285;193;"LAGOA VERMELHA";"Ingestão de Álcool";"Saída de leito carroçável";"Sem Vítimas";"Plena Noite";"Crescente";"Céu Claro";"Simples";"Reta";"Não";1;0;0;0;1;0;0;1;-28,250595;-51,494228;"SPRF-RS";"DEL08-RS";"UOP05-DEL08-RS"
314167;2020-10-11;"domingo";"21:00:00";"CE";116;164,5;"RUSSAS";"Falta de Atenção à Condução";"Colisão traseira";"Com Vítimas Feridas";"Plena Noite";"Crescente";"Céu Claro";"Simples";"Curva";"Sim";2;0;1;1;0;0;2;2;-4,95247496;-37,99548626;"SPRF-CE";"DEL03-CE";"UOP01-DEL03-CE"
314168;2020-10-11;"domingo";"17:50:00";"MG";40;141,9;"JOAO PINHEIRO";"Falta de Atenção à Condução";"Colisão frontal";"Com Vítimas Feridas";"Anoitecer";"Decrescente";"Céu Claro";"Simples";"Reta";"Sim";4;0;4;0;0;0;4;2;-17,73618679;-46,19334804;"SPRF-MG";"DEL14-MG";"UOP01-DEL14-MG"
314169;2020-10-11;"domingo";"22:10:00";"SP";101;38;"UBATUBA";"Falta de Atenção à Condução";"Colisão frontal";"Com Vítimas Feridas";"Plena Noite";"Crescente";"Céu Claro";"Simples";"Reta";"Não";4;0;4;0;0;0;4;2;-23,40938302;-45,01933291;"SPRF-SP";"DEL06-SP";"UOP01-DEL06-SP"
314170;2020-10-11;"domingo";"21:30:00";"MG";40;782,4;"JUIZ DE FORA";"Falta de Atenção do Pedestre";"Atropelamento de Pedestre";"Com Vítimas Feridas";"Plena Noite";"Decrescente";"Nublado";"Dupla";"Interseção de Vias";"Não";2;0;1;0;1;0;1;2;-21,69593719;-43,44982474;"SPRF-MG";"DEL05-MG";"UOP01-DEL05-MG"
314171;2020-10-11;"domingo";"19:15:00";"RO";425;98;"NOVA MAMORE";"Falta de Atenção à Condução";"Colisão lateral";"Com Vítimas Feridas";"Plena Noite";"Decrescente";"Nublado";"Simples";"Rotatória";"Sim";2;0;0;1;1;0;1;2;-10,41161532;-65,33098005;"SPRF-RO";"DEL01-RO";"UOP03-DEL01-RO"
314173;2020-10-11;"domingo";"20:45:00";"PR";153;21,3;"JACAREZINHO";"Animais na Pista";"Atropelamento de Animal";"Com Vítimas Feridas";"Plena Noite";"Decrescente";"Céu Claro";"Simples";"Reta";"Não";2;0;2;0;0;0;2;1;-23,16713207;-49,96067665;"SPRF-PR";"DEL07-PR";"UOP04-DEL07-PR"
314174;2020-10-11;"domingo";"21:50:00";"GO";70;10,3;"AGUAS LINDAS DE GOIAS";"Ingestão de Álcool";"Colisão lateral";"Sem Vítimas";"Plena Noite";"Crescente";"Céu Claro";"Múltipla";"Reta";"Sim";3;0;0;0;3;0;0;2;-15,73738129;-48,29228118;"SPRF-DF";"DEL03-DF";"UOP02-DEL03-DF"
314175;2020-10-11;"domingo";"19:45:00";"SC";101;132;"BALNEARIO CAMBORIU";"Não guardar distância de segurança";"Colisão traseira";"Com Vítimas Feridas";"Plena Noite";"Decrescente";"Céu Claro";"Múltipla";"Reta";"Sim";3;0;1;0;2;0;1;2;-26,99654133;-48,65564711;"SPRF-SC";"DEL04-SC";"UOP03-DEL04-SC"
314176;2020-10-11;"domingo";"21:30:00";"RS";471;148;"SANTA CRUZ DO SUL";"Desobediência às normas de trânsito pelo condutor";"Colisão transversal";"Com Vítimas Feridas";"Plena Noite";"Decrescente";"Céu Claro";"Simples";"Retorno Regulamentado";"Não";3;0;1;0;0;2;1;3;-29,799774;-52,407185;"SPRF-RS";"DEL02-RS";"UOP03-DEL02-RS"
314177;2020-10-11;"domingo";"22:00:00";"RN";110;51,5;"MOSSORO";"Falta de Atenção à Condução";"Saída de leito carroçável";"Com Vítimas Feridas";"Plena Noite";"Decrescente";"Céu Claro";"Simples";"Reta";"Sim";1;0;0;1;0;0;1;1;-5,22684393;-37,33197037;"SPRF-RN";"DEL04-RN";"UOP01-DEL04-RN"
314178;2020-10-11;"domingo";"20:10:00";"SC";282;371,4;"ERVAL VELHO";"Falta de Atenção à Condução";"Tombamento";"Com Vítimas Feridas";"Pleno dia";"Decrescente";"Céu Claro";"Simples";"Reta";"Não";2;0;0;2;0;0;2;1;-27,259993;-51,442684;"SPRF-SC";"DEL07-SC";"UOP05-DEL07-SC"
314179;2020-10-11;"domingo";"19:10:00";"MG";262;164;"SAO DOMINGOS DO PRATA";"Avarias e/ou desgaste excessivo no pneu";"Colisão com objeto estático";"Com Vítimas Feridas";"Plena Noite";"Crescente";"Chuva";"Simples";"Curva";"Não";1;0;1;0;0;0;1;1;-19,95541508;-42,86991009;"SPRF-MG";"DEL03-MG";"UOP03-DEL03-MG"
314180;2020-10-11;"domingo";"22:10:00";"SC";101;372;"ICARA";"Ingestão de Álcool";"Saída de leito carroçável";"Com Vítimas Feridas";"Plena Noite";"Crescente";"Céu Claro";"Dupla";"Reta";"Não";5;0;3;0;2;0;3;1;-28,70864509;-49,20924696;"SPRF-SC";"DEL02-SC";"UOP01-DEL02-SC"
314181;2020-10-11;"domingo";"17:45:00";"PE";424;116;"GARANHUNS";"Desobediência às normas de trânsito pelo condutor";"Colisão traseira";"Com Vítimas Fatais";"Plena Noite";"Decrescente";"Céu Claro";"Simples";"Reta";"Não";3;1;1;0;0;1;1;3;-9,02709758;-36,42929795;"SPRF-PE";"DEL03-PE";"UOP01-DEL03-PE"
314182;2020-10-11;"domingo";"22:30:00";"RJ";493;62;"NOVA IGUACU";"Falta de Atenção à Condução";"Colisão com objeto estático";"Com Vítimas Feridas";"Plena Noite";"Decrescente";"Céu Claro";"Dupla";"Reta";"Não";1;0;1;0;0;0;1;1;-22,68156903;-43,4087272;"SPRF-RJ";"DEL01-RJ";"UOP03-DEL01-RJ"