"id";"data_inversa";"dia_semana";"horario";"uf";"br";"km";"municipio";"causa_acidente";"tipo_acidente";"classificacao_acidente";"fase_dia";"sentido_via";"condicao_metereologica";"tipo_pista";"tracado_via";"uso_solo";"pessoas";"mortos";"feridos_leves";"feridos_graves";"ilesos";"ignorados";"feridos";"veiculos";"latitude";"longitude";"regional";"delegacia";"uop"
314403;2020-10-12;"segunda-feira";"19:00:00";"ES";482;99,2;"GUACUI";"Falta de Atenção à Condução";"Capotamento";"Com Vítimas Feridas";"Plena Noite";"Crescente";"Nublado";"Simples";"Curva";"Não";1;0;1;0;0;0;1;1;-20,77170847;-41,62619407;"SPRF-ES";"DEL03-ES";"UOP02-DEL03-ES"
314405;2020-10-12;"segunda-feira";"19:30:00";"SC";101;152,8;"PORTO BELO";"Não guardar distância de segurança";"Colisão traseira";"Com Vítimas Feridas";"Plena Noite";"Decrescente";"Céu Claro";"Dupla";"Reta";"Sim";7;0;4;0;3;0;4;5;-27,13563503;-48,61004665;"SPRF-SC";"DEL04-SC";"UOP03-DEL04-SC"
314408;2020-10-12;"segunda-feira";"20:00:00";"RJ";116;106;"MAGE";"Não guardar distância de segurança";"Colisão lateral";"Com Vítimas Feridas";"Plena Noite";"Crescente";"Céu Claro";"Dupla";"Reta";"Sim";2;0;1;0;1;0;1;2;-22,521951;-43,00070097;"SPRF-RJ";"DEL04-RJ";"UOP02-DEL04-RJ"
314409;2020-10-12;"segunda-feira";"21:05:00";"RJ";493;21;"MAGE";"Falta de Atenção à Condução";"Colisão transversal";"Sem Vítimas";"Plena Noite";"Crescente";"Nublado";"Simples";"Retorno Regulamentado";"Sim";2;0;0;0;1;1;0;2;-22,66151289;-43,04480692;"SPRF-RJ";"DEL04-RJ";"UOP02-DEL04-RJ"
314410;2020-10-12;"segunda-feira";"20:48:00";"MG";40;816,6;"SIMAO PEREIRA";"Falta de Atenção à Condução";"Colisão com objeto estático";"Com Vítimas Feridas";"Plena Noite";"Decrescente";"Nublado";"Simples";"Reta";"Não";4;0;1;0;3;0;1;1;-21,90755681;-43,31493223;"SPRF-MG";"DEL05-MG";"UOP01-DEL05-MG"
314411;2020-10-12;"segunda-feira";"20:30:00";"PE";101;107,1;"CABO DE SANTO AGOSTINHO";"Falta de Atenção do Pedestre";"Atropelamento de Pedestre";"Com Vítimas Fatais";"Plena Noite";"Crescente";"Céu Claro";"Dupla";"Reta";"Não";2;1;0;0;0;1;0;2;-8,307911;-35,089167;"SPRF-PE";"DEL01-PE";"UOP03-DEL01-PE"
314412;2020-10-12;"segunda-feira";"22:00:00";"PR";277;82;"CURITIBA";"Ingestão de Álcool";"Colisão traseira";"Com Vítimas Feridas";"Plena Noite";"Decrescente";"Céu Claro";"Dupla";"Reta";"Sim";3;0;1;0;2;0;1;2;-25,568939;-49,181978;"SPRF-PR";"DEL01-PR";"UOP01-DEL01-PR"
314413;2020-10-12;"segunda-feira";"20:43:00";"RJ";116;165;"RIO DE JANEIRO";"Não guardar distância de segurança";"Colisão traseira";"Com Vítimas Feridas";"Plena Noite";"Crescente";"Céu Claro";"Simples";"Reta";"Sim";2;0;1;0;0;1;1;2;-22,81548519;-43,29087405;"SPRF-RJ";"DEL01-RJ";"UOP01-DEL01-RJ"
314414;2020-10-12;"segunda-feira";"20:00:00";"RS";472;649;"BARRA DO QUARAI";"Desobediência às normas de trânsito pelo condutor";"Colisão transversal";"Com Vítimas Feridas";"Plena Noite";"Crescente";"Céu Claro";"Simples";"Reta";"Sim";5;0;0;1;1;3;1;4;-30,20819623;-57,55502343;"SPRF-RS";"DEL13-RS";"UOP01-DEL13-RS"
314415;2020-10-12;"segunda-feira";"20:00:00";"RS";290;33,6;"SANTO ANTONIO DA PATRULHA";"Avarias e/ou desgaste excessivo no pneu";"Saída de leito carroçável";"Com Vítimas Feridas";"Plena Noite";"Crescente";"Céu Claro";"Dupla";"Reta";"Não";1;0;1;0;0;0;1;1;-29,885815;-50,586334;"SPRF-RS";"DEL03-RS";"UOP01-DEL03-RS"
314416;2020-10-12;"segunda-feira";"21:00:00";"RS";116;301;"GUAIBA";"Desobediência às normas de trânsito pelo condutor";"Colisão transversal";"Com Vítimas Feridas";"Plena Noite";"Crescente";"Céu Claro";"Simples";"Reta";"Sim";4;0;2;0;2;0;2;2;-30,131899;-51,353867;"SPRF-RS";"DEL02-RS";"UOP01-DEL02-RS"
314417;2020-10-12;"segunda-feira";"20:10:00";"MG";365;405;"PATOS DE MINAS";"Pista Escorregadia";"Atropelamento de Pedestre";"Com Vítimas Feridas";"Plena Noite";"Crescente";"Chuva";"Simples";"Reta";"Não";4;0;1;2;1;0;3;4;-18,634;-46,467;"SPRF-MG";"DEL10-MG";"UOP01-DEL10-MG"
314419;2020-10-12;"segunda-feira";"19:15:00";"RO";364;341;"JI-PARANA";"Ingestão de Álcool";"Colisão traseira";"Com Vítimas Feridas";"Plena Noite";"Decrescente";"Céu Claro";"Dupla";"Reta";"Sim";2;0;1;0;1;0;1;2;-10,88987987;-61,93126772;"SPRF-RO";"DEL02-RO";"UOP01-DEL02-RO"
314420;2020-10-12;"segunda-feira";"17:30:00";"AC";317;120;"CAPIXABA";"Avarias e/ou desgaste excessivo no pneu";"Capotamento";"Com Vítimas Feridas";"Plena Noite";"Decrescente";"Céu Claro";"Simples";"Reta";"Não";4;0;3;0;1;0;3;1;-10,36723295;-67,70968824;"SPRF-AC";"DEL01-AC";"UOP01-DEL01-AC"
314421;2020-10-12;"segunda-feira";"20:40:00";"MS";163;387,6;"NOVA ALVORADA DO SUL";"Falta de Atenção à Condução";"Saída de leito carroçável";"Com Vítimas Feridas";"Plena Noite";"Crescente";"Nublado";"Simples";"Reta";"Não";1;0;1;0;0;0;1;1;-21,28061506;-54,4404702;"SPRF-MS";"DEL02-MS";"UOP01-DEL02-MS"
314422;2020-10-12;"segunda-feira";"21:40:00";"PR";376;338;"ORTIGUEIRA";"Falta de Atenção à Condução";"Queda de ocupante de veículo";"Com Vítimas Feridas";"Plena Noite";"Decrescente";"Céu Claro";"Simples";"Aclive;Curva";"Não";1;0;1;0;0;0;1;1;-24,1569867;-50,97397383;"SPRF-PR";"DEL07-PR";"UOP03-DEL07-PR"
314423;2020-10-12;"segunda-feira";"17:44:00";"PR";116;117;"CURITIBA";"Ingestão de Álcool";"Saída de leito carroçável";"Com Vítimas Feridas";"Pleno dia";"Decrescente";"Céu Claro";"Dupla";"Curva";"Sim";1;0;0;1;0;0;1;1;-25,54988723;-49,28248211;"SPRF-PR";"DEL01-PR";"UOP01-DEL01-PR"
314425;2020-10-12;"segunda-feira";"20:40:00";"SC";282;104;"ALFREDO WAGNER";"Falta de Atenção do Pedestre";"Colisão lateral";"Com Vítimas Feridas";"Plena Noite";"Decrescente";"Céu Claro";"Simples";"Reta";"Não";1;0;1;0;0;0;1;1;-27,696043;-49,334038;"SPRF-SC";"DEL01-SC";"UOP03-DEL01-SC"
314426;2020-10-12;"segunda-feira";"20:00:00";"GO";153;141;"MARA ROSA";"Fenômenos da Natureza";"Colisão com objeto estático";"Com Vítimas Feridas";"Plena Noite";"Crescente";"Chuva";"Simples";"Reta";"Não";2;0;2;0;0;0;2;1;-14,002711;-49,087296;"SPRF-GO";"DEL07-GO";"UOP01-DEL07-GO"
314427;2020-10-12;"segunda-feira";"22:35:00";"RS";290;71;"GRAVATAI";"Objeto estático sobre o leito carroçável";"Saída de leito carroçável";"Com Vítimas Feridas";"Plena Noite";"Crescente";"Céu Claro";"Dupla";"Reta";"Não";2;0;2;0;0;0;2;1;-29,951347;-50,965858;"SPRF-RS";"DEL03-RS";"UOP01-DEL03-RS"
314428;2020-10-12;"segunda-feira";"20:40:00";"MG";262;442,4;"NOVA SERRANA";"Animais na Pista";"Atropelamento de Animal";"Com Vítimas Feridas";"Plena Noite";"Crescente";"Céu Claro";"Dupla";"Reta";"Sim";2;0;2;0;0;0;2;1;-19,8806236;-44,91232265;"SPRF-MG";"DEL08-MG";"UOP03-DEL08-MG"
314429;2020-10-12;"segunda-feira";"18:00:00";"SC";101;300,2;"LAGUNA";"Não guardar distância de segurança";"Engavetamento";"Com Vítimas Feridas";"Anoitecer";"Crescente";"Céu Claro";"Dupla";"Declive;Reta";"Não";9;0;1;0;8;0;1;4;-28,33873378;-48,73284316;"SPRF-SC";"DEL02-SC";"UOP03-DEL02-SC"
314430;2020-10-12;"segunda-feira";"23:00:00";"SP";381;61;"MAIRIPORA";"Não guardar distância de segurança";"Colisão lateral";"Com Vítimas Feridas";"Plena Noite";"Crescente";"Nublado";"Múltipla";"Curva";"Não";2;0;1;0;1;0;1;2;-23,29011611;-46,5800681;"SPRF-SP";"DEL03-SP";"UOP01-DEL03-SP"
314431;2020-10-12;"segunda-feira";"21:00:00";"SC";158;112,2;"CUNHA PORA";"Desobediência às normas de trânsito pelo condutor";"Colisão frontal";"Sem Vítimas";"Plena Noite";"Decrescente";"Céu Claro";"Simples";"Curva";"Não";2;0;0;0;2;0;0;2;-26,905622;-53,187536;"SPRF-SC";"DEL07-SC";"UOP02-DEL07-SC"
314432;2020-10-12;"segunda-feira";"20:35:00";"MT";70;278;"PRIMAVERA DO LESTE";"Ingestão de Álcool";"Tombamento";"Com Vítimas Feridas";"Plena Noite";"Crescente";"Céu Claro";"Simples";"Rotatória";"Sim";1;0;1;0;0;0;1;1;-15,56185023;-54,29613244;"SPRF-MT";"DEL05-MT";"UOP01-DEL05-MT"
314433;2020-10-12;"segunda-feira";"23:25:00";"PE";232;26,7;"MORENO";"Animais na Pista";"Atropelamento de Animal";"Com Vítimas Feridas";"Plena Noite";"Crescente";"Nublado";"Dupla";"Reta;Declive";"Não";1;0;0;1;0;0;1;1;-8,11374411;-35,116886;"SPRF-PE";"DEL02-PE";"UOP02-DEL02PE"
314434;2020-09-08;"terça-feira";"06:20:00";"AL";101;203;"SAO SEBASTIAO";"Pista Escorregadia";"Capotamento";"Sem Vítimas";"Pleno dia";"Crescente";"Nublado";"Dupla";"Declive";"Não";1;0;0;0;1;0;0;1;-9,97355978;-36,55619114;"SPRF-AL";"DEL02-AL";"UOP02-DEL02-AL"
314435;2020-10-12;"segunda-feira";"21:00:00";"RO";364;17;"VILHENA";"Falta de Atenção à Condução";"Queda de ocupante de veículo";"Com Vítimas Feridas";"Plena Noite";"Decrescente";"Céu Claro";"Simples";"Aclive";"Não";1;0;1;0;0;0;1;1;-12,73207998;-60,16589399;"SPRF-RO";"DEL04-RO";"UOP01-DEL04-RO"
314436;2020-10-12;"segunda-feira";"23:25:00";"PE";232;405,4;"SERRA TALHADA";"Ingestão de Álcool";"Colisão com objeto estático";"Com Vítimas Feridas";"Plena Noite";"Crescente";"Céu Claro";"Simples";"Reta";"Não";1;0;1;0;0;0;1;1;-7,98895584;-38,25355016;"SPRF-PE";"DEL04-PE";"UOP01-DEL04-PE"
314437;2020-10-12;"segunda-feira";"21:00:00";"PR";373;223;"IMBITUVA";"Ingestão de Álcool";"Queda de ocupante de veículo";"Sem Vítimas";"Plena Noite";"Decrescente";"Ignorado";"Simples";"Reta";"Não";1;0;0;0;1;0;0;1;-25,17795562;-50,61579895;"SPRF-PR";"DEL03-PR";"UOP04-DEL03-PR"
314438;2020-10-13;"terça-feira";"00:10:00";"SC";280;67,4;"JARAGUA DO SUL";"Desobediência às normas de trânsito pelo condutor";"Colisão transversal";"Com Vítimas Feridas";"Plena Noite";"Decrescente";"Céu Claro";"Simples";"Reta";"Sim";4;0;0;1;1;2;1;3;-26,47564386;-49,10691261;"SPRF-SC";"DEL03-SC";"UOP03-DEL03-SC"
314440;2020-10-12;"segunda-feira";"23:00:00";"RO";319;62;"PORTO VELHO";"Ingestão de Álcool";"Colisão lateral";"Com Vítimas Feridas";"Plena Noite";"Decrescente";"Céu Claro";"Dupla";"Interseção de Vias";"Sim";3;0;1;0;1;1;1;3;-8,766685;-63,884052;"SPRF-RO";"DEL01-RO";"UOP01-DEL01-RO"
314441;2020-10-13;"terça-feira";"00:00:00";"RJ";465;4;"SEROPEDICA";"Desobediência às normas de trânsito pelo condutor";"Colisão frontal";"Com Vítimas Feridas";"Plena Noite";"Decrescente";"Ignorado";"Simples";"Reta";"Sim";4;0;3;0;1;0;3;2;-22,740971;-43,705597;"SPRF-RJ";"DEL01-RJ";"UOP03-DEL01-RJ"
314442;2020-10-13;"terça-feira";"00:05:00";"MG";381;430;"CAETE";"Falta de Atenção à Condução";"Colisão transversal";"Com Vítimas Feridas";"Plena Noite";"Crescente";"Nublado";"Simples";"Curva";"Não";3;0;0;2;1;0;2;2;-19,78496805;-43,72311799;"SPRF-MG";"DEL01-MG";"UOP01-DEL01-MG"
314443;2020-10-12;"segunda-feira";"23:45:00";"BA";116;567;"BREJOES";"Defeito Mecânico no Veículo";"Saída de leito carroçável";"Com Vítimas Feridas";"Plena Noite";"Decrescente";"Céu Claro";"Simples";"Reta";"Não";2;0;1;0;1;0;1;1;-12,98625197;-39,94414505;"SPRF-BA";"DEL03-BA";"UOP02-DEL03-BA"
314444;2020-10-12;"segunda-feira";"23:50:00";"SC";101;91;"BARRA VELHA";"Não guardar distância de segurança";"Colisão traseira";"Com Vítimas Feridas";"Plena Noite";"Decrescente";"Céu Claro";"Dupla";"Reta";"Sim";4;0;1;0;3;0;1;3;-26,67120698;-48,69011814;"SPRF-SC";"DEL03-SC";"UOP02-DEL03-SC"
314445;2020-10-13;"terça-feira";"01:30:00";"RS";158;329,1;"SANTA MARIA";"Falta de Atenção à Condução";"Colisão com objeto estático";"Sem Vítimas";"Plena Noite";"Crescente";"Céu Claro";"Simples";"Desvio Temporário;Curva;Em Obras";"Sim";1;0;0;0;0;1;0;1;-29,70656383;-53,82849988;"SPRF-RS";"DEL09-RS";"UOP01-DEL09-RS"
314446;2020-10-13;"terça-feira";"01:30:00";"BA";324;545;"AMELIA RODRIGUES";"Agressão Externa";"Capotamento";"Sem Vítimas";"Plena Noite";"Crescente";"Céu Claro";"Dupla";"Reta";"Sim";1;0;0;0;1;0;0;1;-12,40647;-38,753143;"SPRF-BA";"DEL01-BA";"UOP03-DEL01-BA"
314448;2020-10-13;"terça-feira";"03:00:00";"MG";40;781,6;"JUIZ DE FORA";"Animais na Pista";"Atropelamento de Animal";"Com Vítimas Feridas";"Plena Noite";"Decrescente";"Nublado";"Dupla";"Reta";"Sim";5;0;3;0;2;0;3;1;-21,68759907;-43,45049615;"SPRF-MG";"DEL05-MG";"UOP01-DEL05-MG"
314449;2020-10-13;"terça-feira";"03:30:00";"PE";408;74,2;"PAUDALHO";"Falta de Atenção do Pedestre";"Atropelamento de Pedestre";"Com Vítimas Fatais";"Plena Noite";"Decrescente";"Céu Claro";"Dupla";"Declive;Reta";"Sim";2;1;0;0;0;1;0;2;-7,899075;-35,172978;"SPRF-PE";"DEL01-PE";"UOP01-DEL01-PE"
314452;2020-10-13;"terça-feira";"00:30:00";"PR";376;616;"SAO JOSE DOS PINHAIS";"Falta de Atenção à Condução";"Queda de ocupante de veículo";"Com Vítimas Feridas";"Plena Noite";"Decrescente";"Céu Claro";"Dupla";"Reta";"Não";1;0;1;0;0;0;1;1;-25,57583659;-49,17953679;"SPRF-PR";"DEL01-PR";"UOP04-DEL01-PR"
314453;2020-10-13;"terça-feira";"03:30:00";"SP";116;228;"SAO PAULO";"Falta de Atenção à Condução";"Colisão traseira";"Com Vítimas Feridas";"Plena Noite";"Decrescente";"Céu Claro";"Múltipla";"Reta";"Não";4;0;2;0;2;0;2;2;-23,50343484;-46,56638712;"SPRF-SP";"DEL01-SP";"UOP01-DEL01-SP"
314455;2020-10-13;"terça-feira";"05:35:00";"PR";376;490;"PONTA GROSSA";"Falta de Atenção à Condução";"Colisão com objeto estático";"Com Vítimas Feridas";"Amanhecer";"Crescente";"Céu Claro";"Dupla";"Reta";"Sim";2;0;0;2;0;0;2;1;-25,099629;-50,197446;"SPRF-PR";"DEL03-PR";"UOP04-DEL03-PR"
314459;2020-10-12;"segunda-feira";"18:30:00";"CE";116;50;"PACAJUS";"Velocidade Incompatível";"Tombamento";"Com Vítimas Feridas";"Plena Noite";"Crescente";"Céu Claro";"Dupla";"Reta";"Sim";1;0;0;1;0;0;1;1;-4,16955504;-38,49286781;"SPRF-CE";"DEL03-CE";"UOP02-DEL03-CE"
314460;2020-10-13;"terça-feira";"06:10:00";"DF";20;9,9;"BRASILIA";"Falta de Atenção à Condução";"Colisão lateral";"Com Vítimas Feridas";"Pleno dia";"Decrescente";"Céu Claro";"Dupla";"Reta";"Sim";2;0;0;1;1;0;1;2;-15,654671;-47,782917;"SPRF-DF";"DEL02-DF";"UOP01-DEL02-DF"
314462;2020-10-13;"terça-feira";"07:00:00";"SC";470;54;"BLUMENAU";"Falta de Atenção à Condução";"Colisão transversal";"Com Vítimas Feridas";"Pleno dia";"Crescente";"Céu Claro";"Simples";"Curva";"Não";2;0;1;0;1;0;1;2;-26,871065;-49,110374;"SPRF-SC";"DEL04-SC";"UOP01-DEL04-SC"
314463;2020-10-13;"terça-feira";"06:10:00";"MG";40;510;"RIBEIRAO DAS NEVES";"Desobediência às normas de trânsito pelo condutor";"Colisão traseira";"Com Vítimas Feridas";"Amanhecer";"Crescente";"Garoa/Chuvisco";"Dupla";"Reta";"Não";3;0;2;0;1;0;2;2;-19,77463885;-44,12321882;"SPRF-MG";"DEL01-MG";"UOP02-DEL01-MG"
314465;2020-10-12;"segunda-feira";"15:45:00";"AP";156;175;"MAZAGAO";"Desobediência às normas de trânsito pelo condutor";"Capotamento";"Com Vítimas Feridas";"Pleno dia";"Decrescente";"Céu Claro";"Simples";"Declive";"Não";2;0;2;0;0;0;2;1;-0,10037;-51,738404;"SPRF-AP";"DEL01-AP";"UOP01-DEL01-AP"
314466;2020-10-13;"terça-feira";"07:00:00";"CE";20;428;"FORTALEZA";"Desobediência às normas de trânsito pelo condutor";"Colisão lateral";"Com Vítimas Feridas";"Pleno dia";"Crescente";"Céu Claro";"Dupla";"Reta";"Sim";2;0;1;0;0;1;1;2;-3,868207;-38,510229;"SPRF-CE";"DEL01-CE";"UOP02-DEL01-CE"
314467;2020-09-26;"sábado";"11:48:00";"MS";163;263,2;"DOURADOS";"Animais na Pista";"Atropelamento de Animal";"Com Vítimas Feridas";"Pleno dia";"Decrescente";"Céu Claro";"Dupla";"Reta";"Sim";1;0;0;1;0;0;1;1;-22,23020319;-54,74528268;"SPRF-MS";"DEL04-MS";"UOP01-DEL04-MS"
314468;2020-10-13;"terça-feira";"06:57:00";"SE";235;52;"ITABAIANA";"Desobediência às normas de trânsito pelo condutor";"Colisão transversal";"Com Vítimas Feridas";"Pleno dia";"Decrescente";"Sol";"Simples";"Reta";"Sim";3;0;2;0;1;0;2;2;-10,693279;-37,437557;"SPRF-SE";"DEL01-SE";"UOP02-DEL01-SE"
314470;2020-10-13;"terça-feira";"05:25:00";"MG";40;514;"RIBEIRAO DAS NEVES";"Falta de Atenção à Condução";"Queda de ocupante de veículo";"Com Vítimas Feridas";"Pleno dia";"Crescente";"Céu Claro";"Dupla";"Reta";"Sim";2;0;2;0;0;0;2;1;-19,80440883;-44,09815399;"SPRF-MG";"DEL01-MG";"UOP02-DEL01-MG"
314471;2020-10-13;"terça-feira";"06:30:00";"MG";40;508;"RIBEIRAO DAS NEVES";"Falta de Atenção à Condução";"Colisão traseira";"Com Vítimas Feridas";"Pleno dia";"Decrescente";"Céu Claro";"Dupla";"Retorno Regulamentado";"Sim";3;0;1;0;2;0;1;2;-19,76061249;-44,1347544;"SPRF-MG";"DEL02-MG";"UOP01-DEL02-MG"
314475;2020-10-13;"terça-feira";"07:30:00";"SE";235;4,9;"NOSSA SENHORA DO SOCORRO";"Não guardar distância de segurança";"Colisão traseira";"Com Vítimas Feridas";"Pleno dia";"Decrescente";"Nublado";"Dupla";"Aclive";"Não";2;0;1;0;0;1;1;2;-10,9064;-37,1197;"SPRF-SE";"DEL01-SE";"UOP01-DEL01-SE"
314476;2020-10-13;"terça-feira";"07:30:00";"SC";101;217,9;"PALHOCA";"Falta de Atenção à Condução";"Colisão traseira";"Com Vítimas Feridas";"Pleno dia";"Decrescente";"Nublado";"Múltipla";"Reta";"Não";2;0;1;1;0;0;2;2;-27,67619332;-48,67008805;"SPRF-SC";"DEL01-SC";"UOP02-DEL01-SC"
314477;2020-10-13;"terça-feira";"07:10:00";"CE";222;3,9;"CAUCAIA";"Não guardar distância de segurança";"Colisão lateral";"Com Vítimas Feridas";"Pleno dia";"Decrescente";"Céu Claro";"Dupla";"Reta";"Sim";4;0;1;1;2;0;2;3;-3,7403769;-38,59569202;"SPRF-CE";"DEL01-CE";"UOP01-DEL01-CE"
314479;2020-10-13;"terça-feira";"06:30:00";"MG";365;101,2;"JEQUITAI";"Velocidade Incompatível";"Colisão com objeto estático";"Com Vítimas Feridas";"Pleno dia";"Crescente";"Chuva";"Simples";"Reta";"Não";4;0;4;0;0;0;4;1;-17,22428188;-44,53423396;"SPRF-MG";"DEL12-MG";"UOP01-DEL12-MG"
314481;2020-10-13;"terça-feira";"07:00:00";"BA";324;574;"SAO SEBASTIAO DO PASSE";"Velocidade Incompatível";"Colisão traseira";"Com Vítimas Feridas";"Pleno dia";"Crescente";"Céu Claro";"Dupla";"Reta";"Não";2;0;1;0;1;0;1;2;-12,56758892;-38,55238794;"SPRF-BA";"DEL01-BA";"UOP01-DEL01-BA"
314482;2020-10-13;"terça-feira";"07:35:00";"RS";386;51;"SEBERI";"Desobediência às normas de trânsito pelo condutor";"Colisão transversal";"Com Vítimas Feridas";"Pleno dia";"Decrescente";"Sol";"Simples";"Interseção de Vias";"Não";2;0;1;0;1;0;1;2;-27,500874;-53,388092;"SPRF-RS";"DEL08-RS";"UOP02-DEL08-RS"
314483;2020-10-13;"terça-feira";"08:00:00";"MG";381;640;"SANTO ANTONIO DO AMPARO";"Condutor Dormindo";"Saída de leito carroçável";"Com Vítimas Feridas";"Pleno dia";"Decrescente";"Céu Claro";"Dupla";"Reta";"Não";3;0;2;1;0;0;3;1;-20,92112822;-44,87073984;"SPRF-MG";"DEL04-MG";"UOP01-DEL04-MG"
314484;2020-10-13;"terça-feira";"08:10:00";"PR";376;184;"SARANDI";"Falta de Atenção à Condução";"Colisão traseira";"Com Vítimas Feridas";"Pleno dia";"Decrescente";"Sol";"Dupla";"Reta";"Sim";3;0;1;0;2;0;1;3;-23,44086434;-51,87207699;"SPRF-PR";"DEL09-PR";"UOP01-DEL09-PR"
314485;2020-10-13;"terça-feira";"07:00:00";"PI";20;372;"MONSENHOR HIPOLITO";"Desobediência às normas de trânsito pelo condutor";"Colisão transversal";"Com Vítimas Feridas";"Pleno dia";"Decrescente";"Sol";"Simples";"Reta";"Não";2;0;0;1;1;0;1;2;-6,75443813;-40,98081485;"SPRF-PI";"DEL04-PI";"UOP01-DEL04-PI"
314486;2020-10-04;"domingo";"07:07:00";"MS";262;371,4;"TERENOS";"Falta de Atenção à Condução";"Colisão lateral";"Com Vítimas Feridas";"Pleno dia";"Crescente";"Céu Claro";"Simples";"Reta";"Não";7;0;2;0;5;0;2;2;-20,48309924;-54,78814298;"SPRF-MS";"DEL01-MS";"UOP03-DEL01-MS"
314487;2020-10-13;"terça-feira";"07:55:00";"RS";290;90;"PORTO ALEGRE";"Falta de Atenção à Condução";"Colisão traseira";"Com Vítimas Feridas";"Pleno dia";"Crescente";"Céu Claro";"Múltipla";"Reta";"Não";3;0;1;0;2;0;1;3;-29,968319;-51,157398;"SPRF-RS";"DEL01-RS";"UOP01-DEL01-RS"
314489;2020-10-13;"terça-feira";"07:55:00";"PR";476;138;"CURITIBA";"Não guardar distância de segurança";"Colisão traseira";"Sem Vítimas";"Pleno dia";"Crescente";"Céu Claro";"Múltipla";"Reta";"Sim";3;0;0;0;3;0;0;2;-25,505564;-49,283417;"SPRF-PR";"DEL01-PR";"UOP03-DEL01-PR"
314490;2020-10-13;"terça-feira";"06:40:00";"MG";40;498,8;"ESMERALDAS";"Velocidade Incompatível";"Tombamento";"Com Vítimas Feridas";"Pleno dia";"Crescente";"Nublado";"Dupla";"Reta";"Não";1;0;1;0;0;0;1;1;-19,69071816;-44,17901874;"SPRF-MG";"DEL02-MG";"UOP01-DEL02-MG"
314491;2020-10-13;"terça-feira";"08:35:00";"PA";316;90;"SAO FRANCISCO DO PARA";"Avarias e/ou desgaste excessivo no pneu";"Saída de leito carroçável";"Com Vítimas Feridas";"Pleno dia";"Decrescente";"Céu Claro";"Simples";"Reta";"Não";2;0;2;0;0;0;2;1;-1,31943462;-47,69193093;"SPRF-PA";"DEL01-PA";"UOP02-DEL01-PA"
314492;2020-10-13;"terça-feira";"08:45:00";"GO";60;94;"ANAPOLIS";"Falta de Atenção à Condução";"Colisão com objeto estático";"Sem Vítimas";"Pleno dia";"Crescente";"Céu Claro";"Dupla";"Reta";"Sim";1;0;0;0;1;0;0;1;-16,3611;-48,9328;"SPRF-GO";"DEL02-GO";"UOP01-DEL02-GO"
314493;2020-10-13;"terça-feira";"04:40:00";"PB";230;249,9;"JUAZEIRINHO";"Falta de Atenção à Condução";"Colisão traseira";"Sem Vítimas";"Amanhecer";"Crescente";"Céu Claro";"Simples";"Interseção de Vias";"Sim";3;0;0;0;0;3;0;2;-7,0661;-36,6441;"SPRF-PB";"DEL02-PB";"UOP02-DEL02-PB"
314495;2020-10-13;"terça-feira";"08:00:00";"PR";369;148,3;"LONDRINA";"Velocidade Incompatível";"Tombamento";"Com Vítimas Feridas";"Pleno dia";"Crescente";"Céu Claro";"Dupla";"Reta";"Não";1;0;1;0;0;0;1;1;-23,29283539;-51,14892125;"SPRF-PR";"DEL07-PR";"UOP01-DEL07-PR"
314496;2020-10-13;"terça-feira";"08:20:00";"RJ";40;102;"DUQUE DE CAXIAS";"Falta de Atenção à Condução";"Colisão lateral";"Com Vítimas Feridas";"Pleno dia";"Crescente";"Sol";"Simples";"Curva";"Sim";2;0;1;0;1;0;1;2;-22,60750923;-43,28629559;"SPRF-RJ";"DEL01-RJ";"UOP01-DEL01-RJ"
314497;2020-10-13;"terça-feira";"08:40:00";"RJ";116;183;"NOVA IGUACU";"Falta de Atenção à Condução";"Colisão traseira";"Com Vítimas Feridas";"Pleno dia";"Decrescente";"Céu Claro";"Múltipla";"Reta";"Sim";4;0;2;0;2;0;2;2;-22,7516014;-43,43849831;"SPRF-RJ";"DEL01-RJ";"UOP02-DEL01-RJ"
314498;2020-10-13;"terça-feira";"09:10:00";"ES";101;174,8;"ARACRUZ";"Falta de Atenção à Condução";"Colisão traseira";"Com Vítimas Feridas";"Pleno dia";"Crescente";"Nublado";"Simples";"Reta";"Não";2;0;2;0;0;0;2;2;-19,58047007;-40,18782185;"SPRF-ES";"DEL04-ES";"UOP01-DEL04-ES"
314500;2020-10-13;"terça-feira";"09:15:00";"RS";448;16;"CANOAS";"Falta de Atenção à Condução";"Atropelamento de Animal";"Com Vítimas Feridas";"Pleno dia";"Crescente";"Nublado";"Dupla";"Reta";"Sim";3;0;0;1;2;0;1;3;-29,93223;-51,211967;"SPRF-RS";"DEL01-RS";"UOP01-DEL01-RS"
314501;2020-10-13;"terça-feira";"08:40:00";"MG";40;522,7;"CONTAGEM";"Velocidade Incompatível";"Engavetamento";"Com Vítimas Feridas";"Pleno dia";"Decrescente";"Céu Claro";"Dupla";"Reta";"Sim";4;0;1;0;3;0;1;3;-19,85651501;-44,07213222;"SPRF-MG";"DEL01-MG";"UOP02-DEL01-MG"