"id";"data_inversa";"dia_semana";"horario";"uf";"br";"km";"municipio";"causa_acidente";"tipo_acidente";"classificacao_acidente";"fase_dia";"sentido_via";"condicao_metereologica";"tipo_pista";"tracado_via";"uso_solo";"pessoas";"mortos";"feridos_leves";"feridos_graves";"ilesos";"ignorados";"feridos";"veiculos";"latitude";"longitude";"regional";"delegacia";"uop"
314502;2020-10-13;"terça-feira";"07:00:00";"PR";277;101;"CURITIBA";"Falta de Atenção à Condução";"Saída de leito carroçável";"Sem Vítimas";"Pleno dia";"Decrescente";"Céu Claro";"Dupla";"Reta";"Sim";1;0;0;0;1;0;0;1;-25,43068739;-49,37765479;"SPRF-PR";"DEL01-PR";"UOP01-DEL01-PR"
314503;2020-10-13;"terça-feira";"07:30:00";"PR";277;101;"CURITIBA";"Falta de Atenção à Condução";"Engavetamento";"Sem Vítimas";"Pleno dia";"Decrescente";"Céu Claro";"Dupla";"Reta";"Não";7;0;0;0;4;3;0;7;-25,43074553;-49,3775475;"SPRF-PR";"DEL01-PR";"UOP01-DEL01-PR"
314505;2020-10-12;"segunda-feira";"20:00:00";"MG";40;515;"RIBEIRAO DAS NEVES";"Falta de Atenção à Condução";"Colisão transversal";"Com Vítimas Feridas";"Plena Noite";"Crescente";"Céu Claro";"Dupla";"Reta";"Não";3;0;2;0;0;1;2;2;-19,8090079;-44,09493479;"SPRF-MG";"DEL01-MG";"UOP02-DEL01-MG"
314506;2020-10-13;"terça-feira";"09:00:00";"PI";316;8,4;"TERESINA";"Falta de Atenção à Condução";"Colisão lateral";"Com Vítimas Feridas";"Pleno dia";"Crescente";"Céu Claro";"Simples";"Em Obras;Reta;Interseção de Vias";"Sim";2;0;1;0;1;0;1;2;-5,16483402;-42,76899508;"SPRF-PI";"DEL01-PI";"UOP02-DEL01-PI"
314508;2020-10-13;"terça-feira";"07:50:00";"RO";364;338;"JI-PARANA";"Falta de Atenção à Condução";"Queda de ocupante de veículo";"Com Vítimas Feridas";"Pleno dia";"Crescente";"Céu Claro";"Simples";"Reta";"Sim";1;0;1;0;0;0;1;1;-10,91875392;-61,92988873;"SPRF-RO";"DEL02-RO";"UOP01-DEL02-RO"
314510;2020-10-13;"terça-feira";"10:10:00";"MG";40;474,3;"SETE LAGOAS";"Condutor Dormindo";"Saída de leito carroçável";"Com Vítimas Feridas";"Pleno dia";"Crescente";"Céu Claro";"Múltipla";"Reta;Aclive";"Não";1;0;1;0;0;0;1;1;-19,498899;-44,27861;"SPRF-MG";"DEL02-MG";"UOP01-DEL02-MG"
314511;2020-10-13;"terça-feira";"10:15:00";"TO";153;116;"WANDERLANDIA";"Falta de Atenção à Condução";"Saída de leito carroçável";"Com Vítimas Feridas";"Pleno dia";"Decrescente";"Céu Claro";"Simples";"Reta";"Não";2;0;1;1;0;0;2;1;-7,00287492;-48,09810744;"SPRF-TO";"DEL02-TO";"UOP01-DEL02-TO"
314512;2020-10-13;"terça-feira";"10:00:00";"PR";116;8;"COLOMBO";"Não guardar distância de segurança";"Colisão traseira";"Com Vítimas Feridas";"Pleno dia";"Crescente";"Céu Claro";"Dupla";"Reta;Aclive";"Sim";3;0;1;0;2;0;1;3;-25,3697;-49,1158;"SPRF-PR";"DEL01-PR";"UOP02-DEL01-PR"
314515;2020-10-13;"terça-feira";"10:12:00";"SP";116;508;"CAJATI";"Falta de Atenção à Condução";"Colisão com objeto estático";"Com Vítimas Feridas";"Pleno dia";"Crescente";"Céu Claro";"Dupla";"Curva";"Não";1;0;1;0;0;0;1;1;-24,81333299;-48,21310484;"SPRF-SP";"DEL05-SP";"UOP02-DEL05-SP"
314516;2020-10-13;"terça-feira";"09:10:00";"BA";324;561;"SAO SEBASTIAO DO PASSE";"Velocidade Incompatível";"Saída de leito carroçável";"Com Vítimas Feridas";"Pleno dia";"Decrescente";"Céu Claro";"Dupla";"Reta";"Não";2;0;1;0;1;0;1;1;-12,49783433;-38,64646092;"SPRF-BA";"DEL01-BA";"UOP01-DEL01-BA"
314518;2020-10-13;"terça-feira";"10:15:00";"PR";376;675,9;"GUARATUBA";"Não guardar distância de segurança";"Colisão traseira";"Com Vítimas Feridas";"Pleno dia";"Crescente";"Céu Claro";"Dupla";"Reta";"Não";3;0;1;0;1;1;1;3;-25,91744399;-48,91940295;"SPRF-PR";"DEL01-PR";"UOP04-DEL01-PR"
314520;2020-10-13;"terça-feira";"10:20:00";"AP";210;1;"MACAPA";"Falta de Atenção à Condução";"Colisão lateral";"Com Vítimas Feridas";"Pleno dia";"Decrescente";"Céu Claro";"Dupla";"Reta";"Sim";2;0;1;0;1;0;1;2;0,08011219;-51,07340097;"SPRF-AP";"DEL01-AP";"UOP01-DEL01-AP"
314521;2020-10-04;"domingo";"18:10:00";"PA";10;264;"AURORA DO PARA";"Desobediência às normas de trânsito pelo condutor";"Colisão frontal";"Com Vítimas Feridas";"Anoitecer";"Crescente";"Chuva";"Simples";"Reta";"Sim";2;0;0;1;1;0;1;2;-2,12325701;-47,56058366;"SPRF-PA";"DEL02-PA";"UOP01-DEL02-PA"
314522;2020-10-06;"terça-feira";"00:15:00";"MS";163;1;"MUNDO NOVO";"Ingestão de Álcool";"Saída de leito carroçável";"Sem Vítimas";"Plena Noite";"Crescente";"Céu Claro";"Simples";"Curva";"Não";2;0;0;0;1;1;0;1;-24,03746936;-54,28106546;"SPRF-MS";"DEL09-MS";"UOP02-DEL09-MS"
314523;2020-10-13;"terça-feira";"11:30:00";"PR";277;75;"SAO JOSE DOS PINHAIS";"Não guardar distância de segurança";"Colisão traseira";"Com Vítimas Feridas";"Pleno dia";"Crescente";"Céu Claro";"Dupla";"Reta";"Sim";4;0;0;1;3;0;1;4;-25,51327981;-49,12433291;"SPRF-PR";"DEL01-PR";"UOP01-DEL01-PR"
314524;2020-10-13;"terça-feira";"11:00:00";"RS";116;99;"PORTO ALEGRE";"Falta de Atenção à Condução";"Colisão lateral";"Com Vítimas Feridas";"Pleno dia";"Decrescente";"Céu Claro";"Dupla";"Reta";"Sim";3;0;2;0;1;0;2;2;-29,991;-51,2302;"SPRF-RS";"DEL05-RS";"UOP01-DEL05-RS"
314525;2020-10-13;"terça-feira";"11:00:00";"SP";116;227;"GUARULHOS";"Falta de Atenção à Condução";"Colisão traseira";"Com Vítimas Feridas";"Pleno dia";"Crescente";"Céu Claro";"Múltipla";"Reta";"Sim";2;0;1;0;1;0;1;2;-23,49877019;-46,56070232;"SPRF-SP";"DEL01-SP";"UOP01-DEL01-SP"
314527;2020-10-13;"terça-feira";"10:00:00";"PR";277;60;"SAO JOSE DOS PINHAIS";"Velocidade Incompatível";"Colisão traseira";"Com Vítimas Feridas";"Pleno dia";"Crescente";"Sol";"Dupla";"Reta";"Sim";3;0;1;1;1;0;2;2;-25,57289907;-48,99037703;"SPRF-PR";"DEL01-PR";"UOP01-DEL01-PR"
314528;2020-10-13;"terça-feira";"11:30:00";"PR";469;13,1;"FOZ DO IGUACU";"Defeito Mecânico no Veículo";"Tombamento";"Com Vítimas Feridas";"Pleno dia";"Decrescente";"Céu Claro";"Simples";"Reta";"Sim";1;0;1;0;0;0;1;1;-25,5754;-54,5489;"SPRF-PR";"DEL05-PR";"UOP04-DEL05-PR"
314531;2020-10-13;"terça-feira";"09:00:00";"AL";101;5,8;"NOVO LINO";"Velocidade Incompatível";"Capotamento";"Com Vítimas Feridas";"Pleno dia";"Decrescente";"Céu Claro";"Dupla";"Reta";"Não";1;0;1;0;0;0;1;1;-8,91815832;-35,63511175;"SPRF-AL";"DEL01-AL";"UOP02-DEL01-AL"
314532;2020-10-13;"terça-feira";"12:25:00";"DF";20;0,4;"BRASILIA";"Falta de Atenção à Condução";"Tombamento";"Com Vítimas Feridas";"Pleno dia";"Decrescente";"Sol";"Múltipla";"Aclive;Reta";"Sim";1;0;0;1;0;0;1;1;-15,688145;-47,858797;"SPRF-DF";"DEL02-DF";"UOP01-DEL02-DF"
314533;2020-10-13;"terça-feira";"10:30:00";"BA";407;3;"JUAZEIRO";"Falta de Atenção à Condução";"Queda de ocupante de veículo";"Com Vítimas Feridas";"Pleno dia";"Crescente";"Sol";"Simples";"Rotatória";"Sim";2;0;1;1;0;0;2;1;-9,43134011;-40,49823324;"SPRF-PE";"DEL06-PE";"UOP01-DEL06-PE"
314534;2020-09-05;"sábado";"13:40:00";"BA";20;95;"SAO DESIDERIO";"Falta de Atenção à Condução";"Saída de leito carroçável";"Com Vítimas Feridas";"Pleno dia";"Decrescente";"Céu Claro";"Simples";"Reta";"Não";2;0;1;1;0;0;2;1;-13;-46;"SPRF-BA";"DEL10-BA";"UOP01-DEL10-BA"
314535;2020-10-13;"terça-feira";"12:40:00";"RJ";116;184;"NOVA IGUACU";"Falta de Atenção à Condução";"Engavetamento";"Com Vítimas Feridas";"Pleno dia";"Crescente";"Céu Claro";"Dupla";"Reta";"Sim";6;0;1;0;2;3;1;5;-22,74193805;-43,50195635;"SPRF-RJ";"DEL01-RJ";"UOP02-DEL01-RJ"
314536;2020-10-13;"terça-feira";"12:50:00";"SP";116;225;"GUARULHOS";"Falta de Atenção do Pedestre";"Atropelamento de Pedestre";"Com Vítimas Feridas";"Pleno dia";"Decrescente";"Sol";"Múltipla";"Reta";"Sim";3;0;1;0;1;1;1;2;-23,48586772;-46,54075317;"SPRF-SP";"DEL01-SP";"UOP01-DEL01-SP"
314538;2020-10-13;"terça-feira";"11:00:00";"SP";116;444,9;"REGISTRO";"Falta de Atenção à Condução";"Colisão transversal";"Com Vítimas Feridas";"Pleno dia";"Decrescente";"Sol";"Múltipla";"Interseção de Vias";"Sim";2;0;1;0;1;0;1;2;-24,49129421;-47,83614553;"SPRF-SP";"DEL05-SP";"UOP01-DEL05-SP"
314540;2020-10-13;"terça-feira";"07:00:00";"MA";135;5,5;"SAO LUIS";"Falta de Atenção à Condução";"Engavetamento";"Sem Vítimas";"Pleno dia";"Crescente";"Céu Claro";"Dupla";"Reta";"Sim";3;0;0;0;2;1;0;3;-2,62145385;-44,25797421;"SPRF-MA";"DEL01-MA";"UOP01-DEL01-MA"
314541;2020-10-13;"terça-feira";"13:19:00";"ES";262;115,9;"CONCEICAO DO CASTELO";"Falta de Atenção à Condução";"Colisão transversal";"Com Vítimas Feridas";"Pleno dia";"Decrescente";"Céu Claro";"Simples";"Reta;Retorno Regulamentado";"Não";2;0;1;0;0;1;1;2;-20,32053818;-41,21864322;"SPRF-ES";"DEL01-ES";"UOP02-DEL01-ES"
314542;2020-10-13;"terça-feira";"12:10:00";"MG";40;825,5;"SIMAO PEREIRA";"Mal Súbito";"Saída de leito carroçável";"Com Vítimas Feridas";"Pleno dia";"Crescente";"Céu Claro";"Dupla";"Curva";"Não";2;0;2;0;0;0;2;1;-21,9735272;-43,28541842;"SPRF-MG";"DEL05-MG";"UOP01-DEL05-MG"
314543;2020-10-13;"terça-feira";"03:00:00";"PI";235;434;"SANTA FILOMENA";"Condutor Dormindo";"Saída de leito carroçável";"Com Vítimas Fatais";"Plena Noite";"Crescente";"Céu Claro";"Simples";"Curva";"Não";1;1;0;0;0;0;0;1;-9,124635;-45,909507;"SPRF-PI";"DEL03-PI";"UOP02-DEL03-PI"
314545;2020-10-13;"terça-feira";"13:40:00";"ES";101;210,2;"IBIRACU";"Mal Súbito";"Tombamento";"Com Vítimas Feridas";"Pleno dia";"Crescente";"Nublado";"Simples";"Reta";"Não";1;0;1;0;0;0;1;1;-19,798437;-40,36982;"SPRF-ES";"DEL02-ES";"UOP01-DEL02-ES"
314548;2020-10-13;"terça-feira";"12:15:00";"MG";381;659,5;"SANTO ANTONIO DO AMPARO";"Condutor Dormindo";"Capotamento";"Com Vítimas Feridas";"Pleno dia";"Decrescente";"Céu Claro";"Dupla";"Reta";"Não";2;0;2;0;0;0;2;1;-21,02449291;-44,99763007;"SPRF-MG";"DEL04-MG";"UOP02-DEL04-MG"
314550;2020-10-13;"terça-feira";"14:15:00";"ES";101;158;"LINHARES";"Desobediência às normas de trânsito pelo condutor";"Saída de leito carroçável";"Com Vítimas Feridas";"Pleno dia";"Crescente";"Nublado";"Simples";"Reta";"Não";1;0;1;0;0;0;1;1;-19,46094508;-40,10491389;"SPRF-ES";"DEL04-ES";"UOP01-DEL04-ES"
314551;2020-10-09;"sexta-feira";"09:50:00";"ES";101;125,3;"SOORETAMA";"Falta de Atenção à Condução";"Colisão transversal";"Com Vítimas Feridas";"Pleno dia";"Decrescente";"Céu Claro";"Dupla";"Reta";"Sim";4;0;0;1;3;0;1;2;-19,17652792;-40,09118118;"SPRF-ES";"DEL04-ES";"UOP01-DEL04-ES"
314554;2020-10-13;"terça-feira";"14:42:00";"RS";116;266;"CANOAS";"Falta de Atenção do Pedestre";"Atropelamento de Pedestre";"Com Vítimas Feridas";"Pleno dia";"Crescente";"Céu Claro";"Múltipla";"Em Obras";"Sim";2;0;1;0;1;0;1;2;-29,93242399;-51,17742077;"SPRF-RS";"DEL01-RS";"UOP01-DEL01-RS"
314555;2020-10-13;"terça-feira";"13:45:00";"BA";367;22,5;"PORTO SEGURO";"Não guardar distância de segurança";"Colisão traseira";"Com Vítimas Feridas";"Pleno dia";"Crescente";"Céu Claro";"Simples";"Reta;Rotatória";"Sim";5;0;2;0;3;0;2;2;-16,44149625;-39,06566204;"SPRF-BA";"DEL09-BA";"UOP01-DEL09-BA"
314559;2020-09-25;"sexta-feira";"13:16:00";"PA";316;58;"CASTANHAL";"Defeito Mecânico no Veículo";"Colisão com objeto estático";"Com Vítimas Feridas";"Pleno dia";"Crescente";"Céu Claro";"Dupla";"Reta";"Sim";1;0;0;1;0;0;1;1;-1,2998299;-47,97307488;"SPRF-PA";"DEL01-PA";"UOP01-DEL01-PA"
314561;2020-10-13;"terça-feira";"15:00:00";"PE";101;43;"IGARASSU";"Ingestão de Álcool";"Colisão transversal";"Sem Vítimas";"Pleno dia";"Crescente";"Céu Claro";"Múltipla";"Reta";"Sim";4;0;0;0;4;0;0;2;-7,84753808;-34,90977038;"SPRF-PE";"DEL01-PE";"UOP02-DEL01-PE"
314562;2020-10-13;"terça-feira";"14:30:00";"PE";428;177,9;"PETROLINA";"Falta de Atenção à Condução";"Colisão transversal";"Com Vítimas Feridas";"Pleno dia";"Crescente";"Sol";"Simples";"Interseção de Vias";"Não";3;0;1;0;2;0;1;2;-9,27622623;-40,43753454;"SPRF-PE";"DEL06-PE";"UOP01-DEL06-PE"
314564;2020-10-13;"terça-feira";"13:05:00";"SC";101;152;"ITAPEMA";"Falta de Atenção à Condução";"Colisão transversal";"Com Vítimas Feridas";"Pleno dia";"Decrescente";"Céu Claro";"Simples";"Interseção de Vias";"Sim";2;0;1;0;1;0;1;2;-27,13563503;-48,61004665;"SPRF-SC";"DEL04-SC";"UOP03-DEL04-SC"
314567;2020-10-13;"terça-feira";"11:23:00";"RJ";40;115;"DUQUE DE CAXIAS";"Agressão Externa";"Queda de ocupante de veículo";"Com Vítimas Feridas";"Pleno dia";"Decrescente";"Céu Claro";"Múltipla";"Reta";"Não";1;0;1;0;0;0;1;1;-22,72756999;-43,2891609;"SPRF-RJ";"DEL01-RJ";"UOP01-DEL01-RJ"
314572;2020-10-12;"segunda-feira";"15:50:00";"MG";40;587,5;"ITABIRITO";"Falta de Atenção à Condução";"Colisão transversal";"Com Vítimas Fatais";"Pleno dia";"Decrescente";"Nublado";"Dupla";"Curva";"Não";6;1;2;3;0;0;5;2;-20,34858326;-43,92200604;"SPRF-MG";"DEL01-MG";"UOP02-DEL01-MG"
314573;2020-10-13;"terça-feira";"16:00:00";"SC";470;164,6;"POUSO REDONDO";"Pista Escorregadia";"Tombamento";"Com Vítimas Feridas";"Pleno dia";"Crescente";"Céu Claro";"Simples";"Reta";"Não";2;0;1;0;1;0;1;2;-27,278645;-49,836048;"SPRF-SC";"DEL04-SC";"UOP02-DEL04-SC"
314574;2020-10-13;"terça-feira";"16:15:00";"RS";386;345,3;"LAJEADO";"Falta de Atenção à Condução";"Colisão transversal";"Com Vítimas Feridas";"Pleno dia";"Crescente";"Céu Claro";"Simples";"Reta";"Sim";2;0;0;1;1;0;1;2;-29,44461488;-51,98028803;"SPRF-RS";"DEL04-RS";"UOP01-DEL04-RS"
314575;2020-10-13;"terça-feira";"16:30:00";"SC";101;194;"BIGUACU";"Falta de Atenção à Condução";"Colisão lateral";"Com Vítimas Feridas";"Pleno dia";"Crescente";"Nublado";"Múltipla";"Reta";"Sim";2;0;1;0;1;0;1;2;-27,49815117;-48,65661236;"SPRF-SC";"DEL01-SC";"UOP01-DEL01-SC"
314576;2020-09-03;"quinta-feira";"15:50:00";"MG";262;358;"BETIM";"Desobediência às normas de trânsito pelo condutor";"Saída de leito carroçável";"Com Vítimas Feridas";"Pleno dia";"Crescente";"Céu Claro";"Dupla";"Reta";"Não";2;0;1;1;0;0;2;1;-19,97562699;-44,197751;"SPRF-MG";"DEL01-MG";"UOP03-DEL01-MG"
314577;2020-10-13;"terça-feira";"14:00:00";"MT";163;838;"SINOP";"Falta de Atenção à Condução";"Colisão lateral";"Com Vítimas Feridas";"Pleno dia";"Decrescente";"Céu Claro";"Dupla";"Reta";"Sim";1;0;1;0;0;0;1;1;-11,83437;-55,48819;"SPRF-MT";"DEL06-MT";"NPF/DEL06-MT"
314578;2020-10-13;"terça-feira";"16:00:00";"PI";343;335,8;"TERESINA";"Desobediência às normas de trânsito pelo condutor";"Colisão traseira";"Com Vítimas Feridas";"Pleno dia";"Crescente";"Céu Claro";"Múltipla";"Reta";"Sim";2;0;0;1;1;0;1;2;-5,061626;-42,696655;"SPRF-PI";"DEL01-PI";"UOP01-DEL01-PI"
314580;2020-10-13;"terça-feira";"16:20:00";"CE";20;199,7;"BOA VIAGEM";"Ingestão de Álcool";"Queda de ocupante de veículo";"Com Vítimas Feridas";"Pleno dia";"Crescente";"Céu Claro";"Simples";"Reta";"Não";1;0;1;0;0;0;1;1;-5,15941605;-39,75404192;"SPRF-CE";"DEL02-CE";"UOP02-DEL02-CE"
314582;2020-10-13;"terça-feira";"16:30:00";"RJ";40;123;"DUQUE DE CAXIAS";"Falta de Atenção à Condução";"Colisão com objeto estático";"Com Vítimas Feridas";"Pleno dia";"Crescente";"Céu Claro";"Múltipla";"Reta";"Sim";2;0;1;0;1;0;1;2;-22,79907687;-43,29015739;"SPRF-RJ";"DEL01-RJ";"UOP01-DEL01-RJ"
314586;2020-10-13;"terça-feira";"16:48:00";"RN";101;99;"NATAL";"Ingestão de álcool e/ou substâncias psicoativas pelo pedestre";"Colisão lateral";"Com Vítimas Feridas";"Pleno dia";"Crescente";"Céu Claro";"Dupla";"Reta";"Sim";3;0;2;0;1;0;2;2;-5,87359183;-35,22063023;"SPRF-RN";"DEL01-RN";"UOP01-DEL01-RN"
314587;2020-10-13;"terça-feira";"16:50:00";"SC";282;16,3;"PALHOCA";"Desobediência às normas de trânsito pelo condutor";"Atropelamento de Pedestre";"Com Vítimas Feridas";"Pleno dia";"Decrescente";"Nublado";"Simples";"Reta";"Não";2;0;1;0;1;0;1;2;-27,658611;-48,681847;"SPRF-SC";"DEL01-SC";"UOP02-DEL01-SC"
314588;2020-10-13;"terça-feira";"15:15:00";"PR";277;722;"FOZ DO IGUACU";"Avarias e/ou desgaste excessivo no pneu";"Queda de ocupante de veículo";"Com Vítimas Feridas";"Pleno dia";"Crescente";"Sol";"Dupla";"Reta";"Sim";2;0;1;1;0;0;2;1;-25,495313;-54,52162;"SPRF-PR";"DEL05-PR";"UOP03-DEL05-PR"
314589;2020-10-13;"terça-feira";"09:40:00";"MA";135;17;"SAO LUIS";"Falta de Atenção à Condução";"Queda de ocupante de veículo";"Com Vítimas Feridas";"Pleno dia";"Decrescente";"Céu Claro";"Dupla";"Reta";"Não";1;0;1;0;0;0;1;1;-2,70991888;-44,31583218;"SPRF-MA";"DEL01-MA";"UOP01-DEL01-MA"
314590;2020-10-13;"terça-feira";"17:15:00";"MG";40;275;"TRES MARIAS";"Não guardar distância de segurança";"Colisão frontal";"Com Vítimas Feridas";"Pleno dia";"Decrescente";"Céu Claro";"Simples";"Reta";"Não";3;0;0;2;1;0;2;2;-18,19945877;-45,23770577;"SPRF-MG";"DEL14-MG";"UOP02-DEL14-MG"
314592;2020-10-13;"terça-feira";"16:50:00";"MA";230;2;"BARAO DE GRAJAU";"Desobediência às normas de trânsito pelo condutor";"Danos eventuais";"Com Vítimas Feridas";"Pleno dia";"Crescente";"Céu Claro";"Simples";"Reta";"Sim";2;0;1;0;1;0;1;2;-6,75451474;-43,02540492;"SPRF-PI";"DEL03-PI";"UOP01-DEL03-PI"
314594;2020-10-13;"terça-feira";"14:00:00";"MT";70;244;"PRIMAVERA DO LESTE";"Condutor Dormindo";"Saída de leito carroçável";"Com Vítimas Feridas";"Pleno dia";"Decrescente";"Céu Claro";"Simples";"Reta";"Não";2;0;1;1;0;0;2;1;-15,61877256;-54,06163809;"SPRF-MT";"DEL05-MT";"UOP01-DEL05-MT"
314595;2020-10-13;"terça-feira";"16:30:00";"MS";158;98,3;"PARANAIBA";"Desobediência às normas de trânsito pelo condutor";"Colisão lateral";"Com Vítimas Feridas";"Pleno dia";"Decrescente";"Céu Claro";"Dupla";"Interseção de Vias;Reta";"Sim";2;0;1;0;1;0;1;2;-19,69914535;-51,16781244;"SPRF-MS";"DEL08-MS";"UOP01-DEL08-MS"
314596;2020-10-13;"terça-feira";"17:00:00";"MG";381;490;"BETIM";"Não guardar distância de segurança";"Colisão traseira";"Com Vítimas Feridas";"Pleno dia";"Crescente";"Céu Claro";"Dupla";"Reta";"Não";2;0;1;0;1;0;1;2;-19,95607415;-44,1433353;"SPRF-MG";"DEL01-MG";"UOP03-DEL01-MG"
314597;2020-10-13;"terça-feira";"17:30:00";"DF";20;8;"BRASILIA";"Falta de Atenção à Condução";"Colisão transversal";"Com Vítimas Feridas";"Pleno dia";"Crescente";"Céu Claro";"Dupla";"Reta";"Sim";2;0;1;0;1;0;1;2;-15,658386;-47,791534;"SPRF-DF";"DEL02-DF";"UOP01-DEL02-DF"
314599;2020-10-13;"terça-feira";"16:50:00";"SC";101;137;"BALNEARIO CAMBORIU";"Falta de Atenção à Condução";"Colisão traseira";"Com Vítimas Feridas";"Pleno dia";"Decrescente";"Céu Claro";"Dupla";"Reta";"Sim";2;0;0;1;1;0;1;2;-27,0157238;-48,61192763;"SPRF-SC";"DEL04-SC";"UOP03-DEL04-SC"
314601;2020-10-13;"terça-feira";"13:00:00";"BA";101;808;"ITAMARAJU";"Velocidade Incompatível";"Colisão transversal";"Com Vítimas Feridas";"Pleno dia";"Crescente";"Nublado";"Simples";"Interseção de Vias";"Sim";2;0;1;0;0;1;1;2;-17,19644104;-39,59171792;"SPRF-BA";"DEL09-BA";"UOP02-DEL09-BA"
314603;2020-10-13;"terça-feira";"17:20:00";"MG";40;576;"ITABIRITO";"Desobediência às normas de trânsito pelo condutor";"Colisão lateral";"Com Vítimas Feridas";"Anoitecer";"Decrescente";"Céu Claro";"Dupla";"Reta";"Não";2;0;1;0;1;0;1;2;-20,26485707;-43,9573481;"SPRF-MG";"DEL01-MG";"UOP02-DEL01-MG"
314604;2020-10-13;"terça-feira";"17:45:00";"PR";476;123;"CURITIBA";"Falta de Atenção à Condução";"Queda de ocupante de veículo";"Com Vítimas Feridas";"Anoitecer";"Crescente";"Céu Claro";"Múltipla";"Desvio Temporário;Em Obras";"Sim";2;0;1;0;1;0;1;1;-25,392904;-49,209557;"SPRF-PR";"DEL01-PR";"UOP03-DEL01-PR"
314605;2020-10-13;"terça-feira";"16:40:00";"MG";381;572;"ITAGUARA";"Carga excessiva e/ou mal acondicionada";"Colisão com objeto em movimento";"Com Vítimas Feridas";"Pleno dia";"Decrescente";"Céu Claro";"Dupla";"Reta";"Não";2;0;1;0;1;0;1;2;-20,45206504;-44,5689098;"SPRF-MG";"DEL04-MG";"UOP03-DEL04-MG"
314607;2020-10-13;"terça-feira";"16:40:00";"SC";282;16,9;"PALHOCA";"Não guardar distância de segurança";"Colisão traseira";"Com Vítimas Feridas";"Pleno dia";"Decrescente";"Nublado";"Simples";"Reta";"Sim";3;0;1;0;2;0;1;2;-27,66647304;-48,68865967;"SPRF-SC";"DEL01-SC";"UOP02-DEL01-SC"
314608;2020-10-13;"terça-feira";"12:45:00";"MT";163;794;"VERA";"Falta de Atenção à Condução";"Colisão traseira";"Com Vítimas Feridas";"Pleno dia";"Decrescente";"Céu Claro";"Simples";"Reta";"Sim";3;0;1;0;1;1;1;2;-12,209246;-55,539024;"SPRF-MT";"DEL06-MT";"UOP01-DEL06-MT"
314610;2020-10-13;"terça-feira";"16:00:00";"RO";364;225,9;"CACOAL";"Desobediência às normas de trânsito pelo condutor";"Saída de leito carroçável";"Com Vítimas Feridas";"Pleno dia";"Crescente";"Nublado";"Simples";"Aclive";"Sim";3;0;1;0;1;1;1;3;-11,50963587;-61,36131591;"SPRF-RO";"DEL02-RO";"UOP02-DEL02-RO"
314611;2020-10-13;"terça-feira";"18:00:00";"RN";101;57,6;"CEARA-MIRIM";"Velocidade Incompatível";"Tombamento";"Com Vítimas Feridas";"Plena Noite";"Crescente";"Céu Claro";"Simples";"Reta";"Não";2;0;1;0;1;0;1;1;-5,58085707;-35,28268908;"SPRF-RN";"DEL02-RN";"UOP01-DEL02-RN"
314612;2020-10-13;"terça-feira";"15:40:00";"RO";364;503;"ARIQUEMES";"Falta de Atenção à Condução";"Saída de leito carroçável";"Com Vítimas Fatais";"Pleno dia";"Crescente";"Céu Claro";"Simples";"Declive";"Não";2;1;1;0;0;0;1;1;-10,01143817;-63,00101519;"SPRF-RO";"DEL03-RO";"UOP01-DEL03-RO"
314614;2020-10-13;"terça-feira";"08:15:00";"MG";262;382;"JUATUBA";"Avarias e/ou desgaste excessivo no pneu";"Saída de leito carroçável";"Com Vítimas Feridas";"Pleno dia";"Decrescente";"Céu Claro";"Dupla";"Aclive;Curva";"Não";4;0;3;1;0;0;4;1;-19,933956;-44,393574;"SPRF-MG";"DEL01-MG";"UOP03-DEL01-MG"
314615;2020-10-13;"terça-feira";"17:35:00";"MA";135;12;"SAO LUIS";"Pista Escorregadia";"Colisão com objeto estático";"Com Vítimas Feridas";"Anoitecer";"Decrescente";"Céu Claro";"Dupla";"Curva";"Não";7;0;6;0;1;0;6;1;-2,67223553;-44,29173767;"SPRF-MA";"DEL01-MA";"UOP01-DEL01-MA"
314616;2020-10-13;"terça-feira";"18:00:00";"RS";116;260;"CANOAS";"Falta de Atenção à Condução";"Colisão traseira";"Com Vítimas Feridas";"Anoitecer";"Decrescente";"Céu Claro";"Dupla";"Reta";"Sim";6;0;1;0;5;0;1;3;-29,879208;-51,18045622;"SPRF-RS";"DEL01-RS";"UOP01-DEL01-RS"
314617;2020-10-13;"terça-feira";"15:30:00";"TO";242;322,9;"PEIXE";"Velocidade Incompatível";"Saída de leito carroçável";"Com Vítimas Feridas";"Pleno dia";"Decrescente";"Nublado";"Simples";"Curva";"Não";2;0;0;1;1;0;1;1;-11,98799346;-48,64364417;"SPRF-TO";"DEL01-TO";"UOP02-DEL01-TO"
314618;2020-10-13;"terça-feira";"18:30:00";"RS";285;464,6;"IJUI";"Falta de Atenção à Condução";"Colisão transversal";"Com Vítimas Feridas";"Anoitecer";"Crescente";"Céu Claro";"Simples";"Rotatória";"Não";4;0;2;0;2;0;2;2;-28,41948525;-53,91609192;"SPRF-RS";"DEL10-RS";"UOP01-DEL10-RS"
314621;2020-10-13;"terça-feira";"18:00:00";"RN";304;160;"ANGICOS";"Defeito na Via";"Queda de ocupante de veículo";"Com Vítimas Feridas";"Plena Noite";"Crescente";"Céu Claro";"Simples";"Reta";"Não";2;0;1;1;0;0;2;1;-5,68956173;-36,51082051;"SPRF-RN";"DEL01-RN";"UOP03-DEL01-RN"