"id";"data_inversa";"dia_semana";"horario";"uf";"br";"km";"municipio";"causa_acidente";"tipo_acidente";"classificacao_acidente";"fase_dia";"sentido_via";"condicao_metereologica";"tipo_pista";"tracado_via";"uso_solo";"pessoas";"mortos";"feridos_leves";"feridos_graves";"ilesos";"ignorados";"feridos";"veiculos";"latitude";"longitude";"regional";"delegacia";"uop"
314753;2020-10-14;"quarta-feira";"15:20:00";"SC";153;89,5;"CONCORDIA";"Não guardar distância de segurança";"Colisão traseira";"Com Vítimas Feridas";"Pleno dia";"Crescente";"Céu Claro";"Simples";"Rotatória";"Sim";3;0;1;0;2;0;1;2;-27,173784;-51,909233;"SPRF-SC";"DEL07-SC";"UOP04-DEL07-SC"
314754;2020-10-14;"quarta-feira";"14:00:00";"MG";40;656;"CRISTIANO OTONI";"Fenômenos da Natureza";"Saída de leito carroçável";"Com Vítimas Feridas";"Pleno dia";"Decrescente";"Chuva";"Dupla";"Curva";"Não";1;0;1;0;0;0;1;1;-20,87261896;-43,79985605;"SPRF-MG";"DEL05-MG";"UOP02-DEL05-MG"
314755;2020-10-14;"quarta-feira";"16:00:00";"RN";304;293,2;"MACAIBA";"Condutor Dormindo";"Colisão com objeto estático";"Com Vítimas Feridas";"Pleno dia";"Crescente";"Céu Claro";"Simples";"Reta";"Não";12;0;7;2;3;0;9;1;-5,86846237;-35,37602795;"SPRF-RN";"DEL01-RN";"UOP02-DEL01-RN"
314756;2020-10-14;"quarta-feira";"16:30:00";"RJ";493;6;"ITABORAI";"Falta de Atenção à Condução";"Colisão lateral";"Com Vítimas Feridas";"Pleno dia";"Decrescente";"Céu Claro";"Dupla";"Reta";"Sim";2;0;1;0;1;0;1;2;-22,73124198;-42,95145305;"SPRF-RJ";"DEL02-RJ";"UOP02-DEL02-RJ"
314757;2020-10-14;"quarta-feira";"16:00:00";"MG";262;780,8;"UBERABA";"Falta de Atenção à Condução";"Saída de leito carroçável";"Com Vítimas Fatais";"Pleno dia";"Crescente";"Chuva";"Simples";"Reta";"Não";1;1;0;0;0;0;0;1;-19,72889716;-47,72220612;"SPRF-MG";"DEL13-MG";"UOP01-DEL13-MG"
314758;2020-10-14;"quarta-feira";"09:15:00";"RS";0;0;"PELOTAS";"Desobediência às normas de trânsito pelo condutor";"Colisão frontal";"Com Vítimas Feridas";"Pleno dia";"Não Informado";"Sol";"Simples";"Interseção de Vias";"Não";8;0;3;2;3;0;5;4;-31,60800773;-52,33703256;"SPRF-RS";"DEL07-RS";"N/A"
314759;2020-10-14;"quarta-feira";"17:10:00";"GO";40;1,3;"VALPARAISO DE GOIAS";"Falta de Atenção à Condução";"Tombamento";"Com Vítimas Feridas";"Pleno dia";"Crescente";"Céu Claro";"Dupla";"Reta";"Sim";1;0;1;0;0;0;1;1;-16,058245;-47,982825;"SPRF-DF";"DEL01-DF";"UOP01-DEL01-DF"
314761;2020-10-14;"quarta-feira";"14:00:00";"SC";101;260;"PAULO LOPES";"Falta de Atenção à Condução";"Saída de leito carroçável";"Com Vítimas Feridas";"Pleno dia";"Decrescente";"Céu Claro";"Dupla";"Reta";"Não";1;0;0;1;0;0;1;1;-28,0210609;-48,69789507;"SPRF-SC";"DEL02-SC";"UOP03-DEL02-SC"
314763;2020-10-14;"quarta-feira";"17:00:00";"MG";354;714,8;"CAXAMBU";"Falta de Atenção à Condução";"Saída de leito carroçável";"Com Vítimas Feridas";"Pleno dia";"Crescente";"Chuva";"Simples";"Reta";"Não";2;0;2;0;0;0;2;1;-22,06285695;-44,93307807;"SPRF-MG";"DEL17-MG";"UOP01-DEL17-MG"
314765;2020-10-14;"quarta-feira";"15:55:00";"MG";381;449;"SABARA";"Falta de Atenção à Condução";"Saída de leito carroçável";"Com Vítimas Feridas";"Pleno dia";"Crescente";"Céu Claro";"Simples";"Reta";"Sim";1;0;1;0;0;0;1;1;-19,82685822;-43,83698344;"SPRF-MG";"DEL01-MG";"UOP01-DEL01-MG"
314767;2020-10-14;"quarta-feira";"17:55:00";"RN";304;304;"PARNAMIRIM";"Falta de Atenção à Condução";"Colisão transversal";"Com Vítimas Feridas";"Plena Noite";"Decrescente";"Céu Claro";"Dupla";"Retorno Regulamentado";"Sim";2;0;1;1;0;0;2;2;-5,88497076;-35,28078192;"SPRF-RN";"DEL01-RN";"UOP02-DEL01-RN"
314768;2020-08-12;"quarta-feira";"06:20:00";"PR";116;111;"CURITIBA";"Falta de Atenção à Condução";"Queda de ocupante de veículo";"Com Vítimas Feridas";"Pleno dia";"Decrescente";"Ignorado";"Dupla";"Reta";"Sim";2;0;1;0;1;0;1;2;-25,55545104;-49,3062973;"SPRF-PR";"DEL01-PR";"UOP01-DEL01-PR"
314769;2020-10-14;"quarta-feira";"17:00:00";"AP";210;4;"MACAPA";"Falta de Atenção à Condução";"Colisão lateral";"Com Vítimas Feridas";"Pleno dia";"Decrescente";"Céu Claro";"Simples";"Interseção de Vias";"Sim";6;0;4;0;2;0;4;4;0,08824228;-51,09472897;"SPRF-AP";"DEL01-AP";"UOP01-DEL01-AP"
314773;2020-10-14;"quarta-feira";"18:00:00";"GO";153;497;"GOIANIA";"Defeito Mecânico no Veículo";"Tombamento";"Com Vítimas Feridas";"Plena Noite";"Crescente";"Céu Claro";"Dupla";"Reta";"Sim";2;0;2;0;0;0;2;1;-16,6854;-49,2338;"SPRF-GO";"DEL01-GO";"UOP01-DEL01-GO"
314774;2020-10-09;"sexta-feira";"19:40:00";"RJ";40;102;"DUQUE DE CAXIAS";"Desobediência às normas de trânsito pelo condutor";"Colisão com objeto estático";"Com Vítimas Feridas";"Plena Noite";"Decrescente";"Céu Claro";"Dupla";"Reta";"Sim";1;0;1;0;0;0;1;1;-22,61089297;-43,28656077;"SPRF-RJ";"DEL01-RJ";"UOP01-DEL01-RJ"
314775;2020-10-14;"quarta-feira";"18:23:00";"SP";153;61;"SAO JOSE DO RIO PRETO";"Falta de Atenção à Condução";"Saída de leito carroçável";"Com Vítimas Feridas";"Anoitecer";"Crescente";"Céu Claro";"Dupla";"Reta";"Não";2;0;2;0;0;0;2;1;-20,80502876;-49,35574909;"SPRF-SP";"DEL09-SP";"UOP01-DEL09-SP"
314776;2020-10-14;"quarta-feira";"18:10:00";"PR";376;187,4;"SARANDI";"Pista Escorregadia";"Queda de ocupante de veículo";"Com Vítimas Feridas";"Plena Noite";"Decrescente";"Nublado";"Dupla";"Retorno Regulamentado";"Sim";1;0;1;0;0;0;1;1;-23,46141044;-51,83659926;"SPRF-PR";"DEL09-PR";"UOP01-DEL09-PR"
314777;2020-10-14;"quarta-feira";"18:00:00";"MT";70;7,1;"BARRA DO GARCAS";"Desobediência às normas de trânsito pelo condutor";"Colisão frontal";"Com Vítimas Feridas";"Pleno dia";"Decrescente";"Céu Claro";"Simples";"Interseção de Vias";"Sim";2;0;1;0;1;0;1;2;-15,878143;-52,316788;"SPRF-MT";"DEL07-MT";"UOP01-DEL07-MT"
314778;2020-10-14;"quarta-feira";"18:40:00";"SP";116;385;"MIRACATU";"Defeito Mecânico no Veículo";"Incêndio";"Sem Vítimas";"Plena Noite";"Decrescente";"Céu Claro";"Simples";"Curva";"Não";1;0;0;0;1;0;0;1;-24,256562;-47,371411;"SPRF-SP";"DEL04-SP";"UOP02-DEL04-SP"
314779;2020-10-14;"quarta-feira";"18:15:00";"PI";316;0,5;"TERESINA";"Falta de Atenção à Condução";"Colisão traseira";"Com Vítimas Feridas";"Plena Noite";"Decrescente";"Céu Claro";"Simples";"Ponte";"Não";2;0;1;0;1;0;1;2;-5,13008;-42,81154;"SPRF-PI";"DEL01-PI";"UOP02-DEL01-PI"
314781;2020-10-14;"quarta-feira";"17:40:00";"SC";470;125;"LONTRAS";"Falta de Atenção à Condução";"Colisão transversal";"Com Vítimas Feridas";"Anoitecer";"Crescente";"Céu Claro";"Simples";"Reta";"Não";4;0;3;0;1;0;3;2;-27,120506;-49,534946;"SPRF-SC";"DEL04-SC";"UOP02-DEL04-SC"
314782;2020-10-14;"quarta-feira";"18:40:00";"PB";230;44;"SANTA RITA";"Defeito Mecânico no Veículo";"Tombamento";"Com Vítimas Feridas";"Plena Noite";"Decrescente";"Céu Claro";"Dupla";"Reta";"Não";2;0;2;0;0;0;2;1;-7,1531;-35,0102;"SPRF-PB";"DEL01-PB";"UOP03-DEL01-PB"
314784;2020-10-14;"quarta-feira";"15:40:00";"MG";50;177,8;"UBERABA";"Pista Escorregadia";"Tombamento";"Com Vítimas Feridas";"Pleno dia";"Crescente";"Chuva";"Dupla";"Curva";"Sim";2;0;1;0;0;1;1;2;-19,77914852;-47,95047701;"SPRF-MG";"DEL13-MG";"UOP01-DEL13-MG"
314785;2020-10-14;"quarta-feira";"18:30:00";"MS";158;105;"PARANAIBA";"Deficiência ou não Acionamento do Sistema de Iluminação/Sinalização do Veículo";"Colisão lateral";"Com Vítimas Fatais";"Plena Noite";"Crescente";"Céu Claro";"Simples";"Declive;Reta";"Não";3;1;0;0;1;1;0;3;-19,74422301;-51,12853303;"SPRF-MS";"DEL08-MS";"UOP01-DEL08-MS"
314786;2020-10-14;"quarta-feira";"19:30:00";"GO";60;230;"CEZARINA";"Falta de Atenção à Condução";"Saída de leito carroçável";"Com Vítimas Fatais";"Plena Noite";"Crescente";"Nublado";"Dupla";"Reta";"Não";2;1;0;0;1;0;0;1;-17,0553;-49,7925;"SPRF-GO";"DEL01-GO";"UOP02-DEL01-GO"
314787;2020-10-14;"quarta-feira";"18:00:00";"MG";459;102,5;"POUSO ALEGRE";"Desobediência às normas de trânsito pelo condutor";"Colisão lateral";"Com Vítimas Feridas";"Anoitecer";"Decrescente";"Nublado";"Simples";"Rotatória;Reta";"Não";4;0;1;1;2;0;2;2;-22,22702867;-45,90751301;"SPRF-MG";"DEL16-MG";"UOP01-DEL16-MG"
314788;2020-10-14;"quarta-feira";"19:15:00";"RJ";101;72;"CAMPOS DOS GOYTACAZES";"Desobediência às normas de trânsito pelo condutor";"Colisão transversal";"Com Vítimas Feridas";"Plena Noite";"Crescente";"Céu Claro";"Simples";"Reta";"Não";4;0;0;3;1;0;3;2;-21,79172802;-41,38837798;"SPRF-RJ";"DEL08-RJ";"UOP02-DEL08-RJ"
314789;2020-10-14;"quarta-feira";"19:20:00";"GO";40;24;"LUZIANIA";"Ingestão de Álcool";"Colisão transversal";"Com Vítimas Feridas";"Plena Noite";"Crescente";"Céu Claro";"Dupla";"Reta";"Sim";3;0;0;1;2;0;1;2;-16,252738;-47,900437;"SPRF-DF";"DEL01-DF";"UOP01-DEL01-DF"
314791;2020-10-14;"quarta-feira";"19:37:00";"GO";70;9,8;"AGUAS LINDAS DE GOIAS";"Falta de Atenção do Pedestre";"Atropelamento de Pedestre";"Com Vítimas Fatais";"Plena Noite";"Decrescente";"Chuva";"Dupla";"Reta";"Sim";2;1;0;0;1;0;0;2;-15,73576731;-48,28288046;"SPRF-DF";"DEL03-DF";"UOP02-DEL03-DF"
314792;2020-10-14;"quarta-feira";"19:30:00";"RS";290;721;"URUGUAIANA";"Falta de Atenção à Condução";"Colisão traseira";"Sem Vítimas";"Plena Noite";"Crescente";"Céu Claro";"Simples";"Reta";"Sim";2;0;0;0;2;0;0;2;-29,758587;-57,060295;"SPRF-RS";"DEL13-RS";"UOP01-DEL13-RS"
314793;2020-10-14;"quarta-feira";"17:30:00";"MG";262;37;"MANHUACU";"Falta de Atenção à Condução";"Colisão transversal";"Com Vítimas Feridas";"Plena Noite";"Decrescente";"Céu Claro";"Simples";"Curva";"Sim";2;0;1;0;1;0;1;2;-20,25748975;-42,03048732;"SPRF-MG";"DEL06-MG";"UOP03-DEL06-MG"
314795;2020-10-14;"quarta-feira";"19:15:00";"RJ";116;169;"SAO JOAO DE MERITI";"Falta de Atenção à Condução";"Colisão traseira";"Com Vítimas Feridas";"Plena Noite";"Crescente";"Céu Claro";"Múltipla";"Reta";"Sim";2;0;1;0;1;0;1;2;-22,816206;-43,324463;"SPRF-RJ";"DEL01-RJ";"UOP02-DEL01-RJ"
314796;2020-10-14;"quarta-feira";"19:20:00";"PR";163;288,7;"MARECHAL CANDIDO RONDON";"Falta de Atenção à Condução";"Colisão com objeto estático";"Com Vítimas Feridas";"Plena Noite";"Crescente";"Chuva";"Simples";"Reta";"Sim";1;0;1;0;0;0;1;1;-24,55143816;-54,0412003;"SPRF-PR";"DEL06-PR";"UOP02-DEL06-PR"
314797;2020-10-14;"quarta-feira";"19:50:00";"PR";277;476,8;"NOVA LARANJEIRAS";"Falta de Atenção do Pedestre";"Atropelamento de Pedestre";"Com Vítimas Fatais";"Plena Noite";"Decrescente";"Garoa/Chuvisco";"Simples";"Reta";"Não";3;1;0;0;1;1;0;2;-25,29793428;-52,56841504;"SPRF-PR";"DEL04-PR";"UOP02-DEL04-PR"
314800;2020-10-14;"quarta-feira";"19:00:00";"PB";104;49;"BARRA DE SANTA ROSA";"Desobediência às normas de trânsito pelo condutor";"Colisão frontal";"Com Vítimas Fatais";"Plena Noite";"Decrescente";"Céu Claro";"Simples";"Reta";"Não";3;1;0;1;1;0;1;2;-6,77239914;-36,00633189;"SPRF-PB";"DEL02-PB";"UOP04-DEL02-PB"
314801;2020-10-14;"quarta-feira";"18:55:00";"MS";163;738,2;"COXIM";"Animais na Pista";"Atropelamento de Animal";"Sem Vítimas";"Plena Noite";"Crescente";"Garoa/Chuvisco";"Simples";"Reta";"Não";4;0;0;0;4;0;0;1;-18,4446410543;-54,7035528926;"SPRF-MS";"DEL06-MS";"UOP01-DEL06-MS"
314808;2020-10-14;"quarta-feira";"21:00:00";"PR";153;42,1;"SANTO ANTONIO DA PLATINA";"Desobediência às normas de trânsito pelo condutor";"Colisão transversal";"Com Vítimas Feridas";"Plena Noite";"Crescente";"Céu Claro";"Simples";"Reta";"Sim";3;0;0;1;1;1;1;3;-23,29512144;-50,06578041;"SPRF-PR";"DEL07-PR";"UOP04-DEL07-PR"
314809;2020-10-14;"quarta-feira";"15:00:00";"RJ";116;230;"PIRAI";"Pista Escorregadia";"Colisão com objeto estático";"Com Vítimas Feridas";"Pleno dia";"Decrescente";"Chuva";"Múltipla";"Reta";"Não";5;0;1;0;4;0;1;1;-22,66822437;-43,86509299;"SPRF-RJ";"DEL07-RJ";"UOP01-DEL07-RJ"
314810;2020-10-14;"quarta-feira";"20:10:00";"AC";364;123;"RIO BRANCO";"Velocidade Incompatível";"Colisão traseira";"Com Vítimas Feridas";"Plena Noite";"Decrescente";"Céu Claro";"Dupla";"Reta";"Sim";4;0;3;0;1;0;3;2;-10,0117071;-67,782373;"SPRF-AC";"DEL01-AC";"UOP01-DEL01-AC"
314811;2020-10-14;"quarta-feira";"22:25:00";"BA";101;501;"ITABUNA";"Falta de Atenção à Condução";"Colisão frontal";"Com Vítimas Feridas";"Plena Noite";"Crescente";"Céu Claro";"Simples";"Reta";"Não";4;0;1;0;3;0;1;2;-14,91657495;-39,29124615;"SPRF-BA";"DEL05-BA";"UOP01-DEL05-BA"
314813;2020-10-14;"quarta-feira";"21:30:00";"RJ";116;289,5;"BARRA MANSA";"Falta de Atenção à Condução";"Colisão com objeto estático";"Sem Vítimas";"Plena Noite";"Decrescente";"Chuva";"Dupla";"Reta";"Sim";1;0;0;0;1;0;0;1;-22,48279212;-44,25963807;"SPRF-RJ";"DEL07-RJ";"UOP02-DEL07-RJ"
314814;2020-10-14;"quarta-feira";"22:15:00";"PB";230;158,7;"CAMPINA GRANDE";"Desobediência às normas de trânsito pelo condutor";"Colisão transversal";"Sem Vítimas";"Plena Noite";"Decrescente";"Céu Claro";"Simples";"Reta;Rotatória";"Sim";2;0;0;0;2;0;0;2;-7,2582;-35,9267;"SPRF-PB";"DEL02-PB";"UOP01-DEL02-PB"
314815;2020-10-14;"quarta-feira";"22:35:00";"RS";285;298,2;"PASSO FUNDO";"Defeito na Via";"Tombamento";"Com Vítimas Feridas";"Plena Noite";"Decrescente";"Céu Claro";"Simples";"Em Obras";"Sim";1;0;0;1;0;0;1;1;-28,236414;-52,423466;"SPRF-RS";"DEL08-RS";"UOP03-DEL08-RS"
314816;2020-10-14;"quarta-feira";"22:20:00";"DF";70;10;"BRASILIA";"Ingestão de Álcool";"Tombamento";"Com Vítimas Feridas";"Plena Noite";"Crescente";"Céu Claro";"Dupla";"Reta";"Sim";1;0;1;0;0;0;1;1;-15,787066;-48,140709;"SPRF-DF";"DEL03-DF";"UOP02-DEL03-DF"
314817;2020-10-14;"quarta-feira";"17:25:00";"MG";116;570;"MANHUACU";"Desobediência às normas de trânsito pelo condutor";"Colisão lateral";"Com Vítimas Feridas";"Anoitecer";"Crescente";"Nublado";"Simples";"Reta";"Não";4;0;2;0;1;1;2;3;-20,10775901;-42,17646487;"SPRF-MG";"DEL06-MG";"UOP03-DEL06-MG"
314818;2020-10-14;"quarta-feira";"18:30:00";"MG";381;220,4;"BELO ORIENTE";"Animais na Pista";"Atropelamento de Animal";"Com Vítimas Feridas";"Anoitecer";"Crescente";"Céu Claro";"Simples";"Reta";"Não";2;0;0;2;0;0;2;1;-19,26822715;-42,3548913;"SPRF-MG";"DEL06-MG";"UOP01-DEL06-MG"
314819;2020-10-14;"quarta-feira";"23:30:00";"RJ";116;222;"PIRAI";"Velocidade Incompatível";"Colisão com objeto estático";"Com Vítimas Feridas";"Plena Noite";"Crescente";"Nublado";"Simples";"Curva";"Não";1;0;0;1;0;0;1;1;-22,6896952;-43,79175108;"SPRF-RJ";"DEL07-RJ";"UOP01-DEL07-RJ"
314821;2020-10-14;"quarta-feira";"20:30:00";"AC";364;115;"RIO BRANCO";"Velocidade Incompatível";"Saída de leito carroçável";"Com Vítimas Feridas";"Plena Noite";"Decrescente";"Céu Claro";"Dupla";"Rotatória";"Sim";1;0;0;1;0;0;1;1;-10,01312271;-67,71706581;"SPRF-AC";"DEL01-AC";"UOP01-DEL01-AC"
314823;2020-10-14;"quarta-feira";"17:49:00";"MA";10;318;"ACAILANDIA";"Desobediência às normas de trânsito pelo condutor";"Colisão transversal";"Com Vítimas Feridas";"Anoitecer";"Crescente";"Céu Claro";"Simples";"Reta";"Sim";3;0;0;1;2;0;1;2;-4,967567;-47,512344;"SPRF-MA";"DEL04-MA";"UOP03-DEL04-MA"
314825;2020-10-15;"quinta-feira";"00:40:00";"PR";277;6,7;"PARANAGUA";"Velocidade Incompatível";"Saída de leito carroçável";"Sem Vítimas";"Plena Noite";"Crescente";"Garoa/Chuvisco";"Simples";"Curva";"Não";1;0;0;0;0;1;0;1;-25,568198;-48,615292;"SPRF-PR";"DEL01-PR";"UOP05-DEL01-PR"
314826;2020-10-15;"quinta-feira";"01:30:00";"RS";386;407;"TRIUNFO";"Condutor Dormindo";"Colisão com objeto estático";"Com Vítimas Feridas";"Plena Noite";"Decrescente";"Nublado";"Simples";"Curva;Declive";"Não";1;0;0;1;0;0;1;1;-29,786842;-51,543865;"SPRF-RS";"DEL04-RS";"UOP02-DEL04-RS"
314828;2020-10-15;"quinta-feira";"01:55:00";"RS";285;298,3;"PASSO FUNDO";"Defeito na Via";"Tombamento";"Com Vítimas Feridas";"Plena Noite";"Decrescente";"Céu Claro";"Simples";"Em Obras";"Sim";1;0;1;0;0;0;1;1;-28,236414;-52,423466;"SPRF-RS";"DEL08-RS";"UOP03-DEL08-RS"
314829;2020-10-15;"quinta-feira";"00:10:00";"PE";424;23,2;"PEDRA";"Condutor Dormindo";"Capotamento";"Com Vítimas Fatais";"Plena Noite";"Crescente";"Céu Claro";"Simples";"Reta";"Não";1;1;0;0;0;0;0;1;-8,53329903;-36,91533905;"SPRF-PE";"DEL03-PE";"UOP02-DEL03-PE"
314831;2020-10-15;"quinta-feira";"00:00:00";"GO";70;339,7;"SANTA FE DE GOIAS";"Condutor Dormindo";"Saída de leito carroçável";"Com Vítimas Fatais";"Plena Noite";"Decrescente";"Céu Claro";"Simples";"Reta";"Não";2;1;0;0;1;0;0;1;-15,892065;-51,094509;"SPRF-GO";"DEL04-GO";"UOP01-DEL04-GO"
314833;2020-10-15;"quinta-feira";"03:30:00";"BA";116;560;"MILAGRES";"Falta de Atenção à Condução";"Colisão traseira";"Com Vítimas Feridas";"Plena Noite";"Crescente";"Ignorado";"Simples";"Reta";"Não";1;0;1;0;0;0;1;1;-12,93409798;-39,90424101;"SPRF-BA";"DEL03-BA";"UOP02-DEL03-BA"
314834;2020-10-14;"quarta-feira";"14:15:00";"ES";101;147,8;"LINHARES";"Falta de Atenção à Condução";"Colisão lateral";"Com Vítimas Feridas";"Pleno dia";"Decrescente";"Céu Claro";"Dupla";"Reta";"Sim";2;0;1;0;1;0;1;2;-19,37887202;-40,06657892;"SPRF-ES";"DEL04-ES";"UOP01-DEL04-ES"
314836;2020-10-15;"quinta-feira";"04:35:00";"SP";116;271;"TABOAO DA SERRA";"Falta de Atenção à Condução";"Colisão traseira";"Com Vítimas Feridas";"Amanhecer";"Decrescente";"Nublado";"Dupla";"Curva";"Sim";2;0;1;0;0;1;1;2;-23,61809286;-46,80556302;"SPRF-SP";"DEL04-SP";"UOP01-DEL04-SP"
314837;2020-10-14;"quarta-feira";"11:50:00";"RO";319;56;"PORTO VELHO";"Pista Escorregadia";"Saída de leito carroçável";"Com Vítimas Feridas";"Plena Noite";"Crescente";"Chuva";"Simples";"Declive";"Não";2;0;2;0;0;0;2;1;-8,74176246;-63,94074113;"SPRF-RO";"DEL01-RO";"UOP01-DEL01-RO"
314838;2020-10-15;"quinta-feira";"04:55:00";"RS";285;298,2;"PASSO FUNDO";"Defeito na Via";"Tombamento";"Com Vítimas Feridas";"Plena Noite";"Decrescente";"Céu Claro";"Simples";"Reta";"Não";1;0;1;0;0;0;1;1;-28,236414;-52,423466;"SPRF-RS";"DEL08-RS";"UOP03-DEL08-RS"
314842;2020-10-15;"quinta-feira";"05:15:00";"PR";277;598;"CASCAVEL";"Falta de Atenção à Condução";"Saída de leito carroçável";"Com Vítimas Feridas";"Plena Noite";"Crescente";"Céu Claro";"Dupla";"Reta";"Não";1;0;1;0;0;0;1;1;-24,99599861;-53,51520034;"SPRF-PR";"DEL04-PR";"UOP01-DEL04-PR"
314843;2020-10-14;"quarta-feira";"23:25:00";"SC";280;48;"GUARAMIRIM";"Falta de Atenção à Condução";"Colisão traseira";"Com Vítimas Feridas";"Plena Noite";"Decrescente";"Céu Claro";"Simples";"Reta";"Sim";2;0;1;1;0;0;2;2;-26,45506795;-48,92766502;"SPRF-SC";"DEL03-SC";"UOP03-DEL03-SC"
314845;2020-10-15;"quinta-feira";"06:30:00";"MG";381;937,2;"EXTREMA";"Desobediência às normas de trânsito pelo condutor";"Colisão traseira";"Com Vítimas Feridas";"Pleno dia";"Crescente";"Nublado";"Dupla";"Curva";"Sim";3;0;1;0;2;0;1;2;-22,81224325;-46,28611426;"SPRF-MG";"DEL16-MG";"UOP03-DEL16-MG"
314846;2020-10-15;"quinta-feira";"06:20:00";"PR";277;593,4;"CASCAVEL";"Desobediência às normas de trânsito pelo condutor";"Colisão transversal";"Com Vítimas Feridas";"Pleno dia";"Crescente";"Nublado";"Simples";"Reta";"Sim";2;0;1;0;1;0;1;2;-24,98082053;-53,48254989;"SPRF-PR";"DEL04-PR";"UOP01-DEL04-PR"
314849;2020-10-15;"quinta-feira";"04:30:00";"GO";20;126,9;"FLORES DE GOIAS";"Animais na Pista";"Atropelamento de Animal";"Sem Vítimas";"Plena Noite";"Decrescente";"Céu Claro";"Simples";"Reta";"Não";3;0;0;0;3;0;0;1;-14,851294;-46,77523;"SPRF-DF";"DEL02-DF";"UOP03-DEL02-DF"
314850;2020-10-15;"quinta-feira";"07:10:00";"RS";116;265;"CANOAS";"Não guardar distância de segurança";"Colisão traseira";"Com Vítimas Feridas";"Pleno dia";"Crescente";"Céu Claro";"Múltipla";"Interseção de Vias";"Sim";2;0;1;0;1;0;1;2;-29,92342302;-51,17780944;"SPRF-RS";"DEL01-RS";"UOP01-DEL01-RS"
314851;2020-10-15;"quinta-feira";"06:15:00";"RS";470;285,8;"MONTENEGRO";"Falta de Atenção do Pedestre";"Atropelamento de Pedestre";"Com Vítimas Fatais";"Amanhecer";"Crescente";"Céu Claro";"Simples";"Reta;Declive";"Sim";2;1;0;0;1;0;0;2;-29,60936093;-51,47514375;"SPRF-RS";"DEL04-RS";"UOP02-DEL04-RS"
314852;2020-10-15;"quinta-feira";"07:15:00";"GO";40;8,5;"LUZIANIA";"Não guardar distância de segurança";"Colisão traseira";"Com Vítimas Feridas";"Pleno dia";"Decrescente";"Céu Claro";"Dupla";"Reta";"Não";2;0;1;0;1;0;1;2;-16,116158;-47,96761;"SPRF-DF";"DEL01-DF";"UOP01-DEL01-DF"
314853;2020-10-15;"quinta-feira";"06:45:00";"RS";290;104,2;"ELDORADO DO SUL";"Falta de Atenção à Condução";"Colisão lateral";"Com Vítimas Feridas";"Pleno dia";"Decrescente";"Sol";"Dupla";"Reta";"Sim";4;0;0;3;1;0;3;3;-29,993122;-51,275398;"SPRF-RS";"DEL02-RS";"UOP01-DEL02-RS"
314855;2020-10-15;"quinta-feira";"03:40:00";"PR";376;438,9;"TIBAGI";"Velocidade Incompatível";"Saída de leito carroçável";"Com Vítimas Feridas";"Plena Noite";"Crescente";"Chuva";"Dupla";"Curva";"Não";3;0;2;0;1;0;2;1;-24,84975558;-50,46706404;"SPRF-PR";"DEL03-PR";"UOP02-DEL03-PR"
314856;2020-10-15;"quinta-feira";"07:11:00";"GO";40;8;"LUZIANIA";"Falta de Atenção à Condução";"Colisão traseira";"Com Vítimas Feridas";"Pleno dia";"Decrescente";"Nublado";"Dupla";"Reta";"Sim";2;0;0;1;1;0;1;2;-16,116158;-47,96761;"SPRF-DF";"DEL01-DF";"UOP01-DEL01-DF"
314858;2020-10-15;"quinta-feira";"07:10:00";"MG";381;924,6;"CAMANDUCAIA";"Velocidade Incompatível";"Colisão com objeto estático";"Sem Vítimas";"Pleno dia";"Crescente";"Chuva";"Dupla";"Curva";"Não";3;0;0;0;2;1;0;1;-22,76996455;-46,1943466;"SPRF-MG";"DEL16-MG";"UOP03-DEL16-MG"
314861;2020-10-15;"quinta-feira";"07:35:00";"SP";153;174,3;"GUAICARA";"Pista Escorregadia";"Tombamento";"Com Vítimas Feridas";"Pleno dia";"Decrescente";"Chuva";"Simples";"Interseção de Vias";"Sim";1;0;1;0;0;0;1;1;-21,63342491;-49,78753924;"SPRF-SP";"DEL07-SP";"UOP01-DEL07-SP"
314863;2020-10-15;"quinta-feira";"06:50:00";"MG";262;803;"UBERABA";"Falta de Atenção à Condução";"Colisão traseira";"Com Vítimas Feridas";"Pleno dia";"Crescente";"Céu Claro";"Dupla";"Reta";"Sim";2;0;0;1;0;1;1;2;-19,77509606;-47,97201785;"SPRF-MG";"DEL13-MG";"UOP01-DEL13-MG"
314865;2020-10-14;"quarta-feira";"17:30:00";"MT";364;613;"DIAMANTINO";"Falta de Atenção à Condução";"Colisão traseira";"Com Vítimas Feridas";"Anoitecer";"Crescente";"Chuva";"Simples";"Reta";"Não";2;0;1;0;1;0;1;2;-14,43413898;-56,3033049;"SPRF-MT";"DEL01-MT";"UOP01-DEL01-MT"
314866;2020-10-15;"quinta-feira";"07:30:00";"RJ";116;164;"RIO DE JANEIRO";"Falta de Atenção à Condução";"Colisão lateral";"Com Vítimas Feridas";"Pleno dia";"Decrescente";"Céu Claro";"Múltipla";"Reta";"Sim";2;0;1;0;1;0;1;2;-22,81074068;-43,28844363;"SPRF-RJ";"DEL01-RJ";"UOP01-DEL01-RJ"
314868;2020-10-15;"quinta-feira";"02:50:00";"RO";435;124;"CEREJEIRAS";"Condutor Dormindo";"Saída de leito carroçável";"Com Vítimas Feridas";"Plena Noite";"Decrescente";"Céu Claro";"Dupla";"Reta";"Sim";1;0;1;0;0;0;1;1;-13,188876;-60,817287;"SPRF-RO";"DEL04-RO";"UOP02-DEL04-RO"