"id";"data_inversa";"dia_semana";"horario";"uf";"br";"km";"municipio";"causa_acidente";"tipo_acidente";"classificacao_acidente";"fase_dia";"sentido_via";"condicao_metereologica";"tipo_pista";"tracado_via";"uso_solo";"pessoas";"mortos";"feridos_leves";"feridos_graves";"ilesos";"ignorados";"feridos";"veiculos";"latitude";"longitude";"regional";"delegacia";"uop"
314870;2020-10-15;"quinta-feira";"06:30:00";"RJ";101;515;"ANGRA DOS REIS";"Falta de Atenção à Condução";"Colisão com objeto estático";"Com Vítimas Feridas";"Amanhecer";"Decrescente";"Garoa/Chuvisco";"Simples";"Curva";"Não";1;0;0;1;0;0;1;1;-22,98288597;-44,43920603;"SPRF-RJ";"DEL03-RJ";"UOP02-DEL03-RJ"
314873;2020-10-15;"quinta-feira";"08:20:00";"RN";110;99,3;"UPANEMA";"Falta de Atenção à Condução";"Colisão transversal";"Sem Vítimas";"Pleno dia";"Decrescente";"Céu Claro";"Dupla";"Interseção de Vias";"Sim";3;0;0;0;1;2;0;2;-5,63950268;-37,25962942;"SPRF-RN";"DEL04-RN";"UOP01-DEL04-RN"
314874;2020-10-15;"quinta-feira";"08:46:00";"PB";101;102,5;"ALHANDRA";"Defeito Mecânico no Veículo";"Colisão com objeto estático";"Com Vítimas Feridas";"Pleno dia";"Crescente";"Nublado";"Dupla";"Reta";"Sim";1;0;0;1;0;0;1;1;-7,28265304;-34,9393864;"SPRF-PB";"DEL01-PB";"UOP02-DEL01-PB"
314875;2020-10-15;"quinta-feira";"08:50:00";"RN";101;95;"NATAL";"Desobediência às normas de trânsito pelo condutor";"Colisão traseira";"Sem Vítimas";"Pleno dia";"Decrescente";"Céu Claro";"Dupla";"Aclive";"Sim";10;0;0;0;10;0;0;5;-5,84076841;-35,21035949;"SPRF-RN";"DEL01-RN";"UOP01-DEL01-RN"
314876;2020-10-15;"quinta-feira";"09:00:00";"PB";230;21;"JOAO PESSOA";"Falta de Atenção à Condução";"Colisão traseira";"Com Vítimas Feridas";"Pleno dia";"Decrescente";"Céu Claro";"Dupla";"Reta";"Sim";2;0;1;0;1;0;1;2;-7,1415;-34,8519;"SPRF-PB";"DEL01-PB";"UOP01-DEL01-PB"
314879;2020-10-15;"quinta-feira";"07:30:00";"RO";319;64;"PORTO VELHO";"Falta de Atenção à Condução";"Colisão transversal";"Com Vítimas Feridas";"Pleno dia";"Crescente";"Céu Claro";"Dupla";"Interseção de Vias;Reta";"Sim";2;0;1;0;1;0;1;2;-8,76607701;-63,88438225;"SPRF-RO";"DEL01-RO";"UOP01-DEL01-RO"
314880;2020-10-15;"quinta-feira";"09:00:00";"RN";101;81,7;"SAO GONCALO DO AMARANTE";"Falta de Atenção à Condução";"Queda de ocupante de veículo";"Com Vítimas Feridas";"Pleno dia";"Crescente";"Céu Claro";"Dupla";"Reta";"Sim";2;0;2;0;0;0;2;1;-5,76469466;-35,28295988;"SPRF-RN";"DEL02-RN";"UOP01-DEL02-RN"
314883;2020-10-14;"quarta-feira";"22:00:00";"MT";163;572;"NOVA MUTUM";"Defeito na Via";"Saída de leito carroçável";"Com Vítimas Feridas";"Plena Noite";"Crescente";"Chuva";"Simples";"Reta";"Não";1;0;1;0;0;0;1;1;-14,1461131;-56,09974417;"SPRF-MT";"DEL01-MT";"UOP01-DEL01-MT"
314885;2020-10-15;"quinta-feira";"09:20:00";"RJ";116;6;"SAPUCAIA";"Defeito Mecânico no Veículo";"Tombamento";"Com Vítimas Feridas";"Pleno dia";"Crescente";"Céu Claro";"Simples";"Reta";"Não";2;0;2;0;0;0;2;1;-21,911362;-42,69336;"SPRF-RJ";"DEL04-RJ";"UOP01-DEL04-RJ"
314886;2020-10-09;"sexta-feira";"19:40:00";"PR";369;139,8;"IBIPORA";"Desobediência às normas de trânsito pelo condutor";"Colisão frontal";"Com Vítimas Feridas";"Plena Noite";"Crescente";"Céu Claro";"Simples";"Reta";"Sim";3;0;0;2;0;1;2;3;-23,27833972;-51,06568694;"SPRF-PR";"DEL07-PR";"UOP01-DEL07-PR"
314887;2020-10-15;"quinta-feira";"09:00:00";"SC";101;132,3;"BALNEARIO CAMBORIU";"Desobediência às normas de trânsito pelo condutor";"Colisão transversal";"Com Vítimas Feridas";"Pleno dia";"Decrescente";"Nublado";"Múltipla";"Interseção de Vias";"Sim";2;0;1;0;1;0;1;2;-26,99654133;-48,65564711;"SPRF-SC";"DEL04-SC";"UOP03-DEL04-SC"
314888;2020-10-15;"quinta-feira";"09:40:00";"GO";40;112,6;"CRISTALINA";"Falta de Atenção à Condução";"Saída de leito carroçável";"Com Vítimas Feridas";"Pleno dia";"Decrescente";"Céu Claro";"Dupla";"Curva";"Não";2;0;1;0;1;0;1;1;-16,849699;-47,492645;"SPRF-DF";"DEL01-DF";"UOP02-DEL01-DF"
314889;2020-10-15;"quinta-feira";"07:25:00";"PI";230;304,9;"FLORIANO";"Mal Súbito";"Tombamento";"Com Vítimas Feridas";"Pleno dia";"Crescente";"Céu Claro";"Simples";"Reta";"Não";1;0;1;0;0;0;1;1;-6,801861;-42,970663;"SPRF-PI";"DEL03-PI";"UOP01-DEL03-PI"
314890;2020-10-15;"quinta-feira";"09:00:00";"SP";153;73,4;"SAO JOSE DO RIO PRETO";"Velocidade Incompatível";"Saída de leito carroçável";"Com Vítimas Feridas";"Pleno dia";"Crescente";"Nublado";"Dupla";"Reta";"Não";1;0;1;0;0;0;1;1;-20,87627206;-49,42004692;"SPRF-SP";"DEL09-SP";"UOP01-DEL09-SP"
314892;2020-10-15;"quinta-feira";"10:30:00";"PR";369;158;"CAMBE";"Falta de Atenção à Condução";"Colisão traseira";"Com Vítimas Feridas";"Pleno dia";"Decrescente";"Nublado";"Simples";"Viaduto";"Não";2;0;1;0;1;0;1;2;-23,2864381;-51,2358731;"SPRF-PR";"DEL07-PR";"UOP01-DEL07-PR"
314894;2020-10-15;"quinta-feira";"07:15:00";"SP";116;492,9;"CAJATI";"Falta de Atenção à Condução";"Queda de ocupante de veículo";"Com Vítimas Feridas";"Amanhecer";"Decrescente";"Nublado";"Dupla";"Reta";"Não";2;0;1;0;1;0;1;1;-24,74308052;-48,1325941;"SPRF-SP";"DEL05-SP";"UOP01-DEL05-SP"
314895;2020-10-15;"quinta-feira";"09:45:00";"RS";158;334;"SANTA MARIA";"Defeito Mecânico no Veículo";"Saída de leito carroçável";"Com Vítimas Feridas";"Pleno dia";"Decrescente";"Sol";"Dupla";"Reta";"Sim";1;0;0;1;0;0;1;1;-29,70751182;-53,87442198;"SPRF-RS";"DEL09-RS";"UOP01-DEL09-RS"
314896;2020-10-15;"quinta-feira";"11:10:00";"RN";101;95;"NATAL";"Falta de Atenção à Condução";"Colisão traseira";"Com Vítimas Feridas";"Pleno dia";"Crescente";"Céu Claro";"Simples";"Reta";"Sim";2;0;1;0;1;0;1;2;-5,84054563;-35,21082943;"SPRF-RN";"DEL01-RN";"UOP01-DEL01-RN"
314899;2020-10-15;"quinta-feira";"08:55:00";"PI";343;124;"PIRACURUCA";"Desobediência às normas de trânsito pelo condutor";"Colisão transversal";"Com Vítimas Feridas";"Pleno dia";"Decrescente";"Céu Claro";"Simples";"Reta";"Não";2;0;0;1;0;1;1;2;-3,779866;-41,686424;"SPRF-PI";"DEL02-PI";"UOP01-DEL02-PI"
314903;2020-10-15;"quinta-feira";"11:30:00";"BA";235;27,7;"PEDRO ALEXANDRE";"Defeito na Via";"Capotamento";"Com Vítimas Fatais";"Pleno dia";"Decrescente";"Céu Claro";"Simples";"Reta";"Não";5;1;3;0;1;0;3;1;-10,16577269;-37,91227341;"SPRF-SE";"DEL01-SE";"UOP02-DEL01-SE"
314904;2020-10-15;"quinta-feira";"11:40:00";"ES";262;2,3;"CARIACICA";"Falta de Atenção do Pedestre";"Atropelamento de Pedestre";"Com Vítimas Feridas";"Pleno dia";"Crescente";"Céu Claro";"Dupla";"Interseção de Vias;Reta";"Sim";2;0;1;0;1;0;1;2;-20,33275688;-40,36077696;"SPRF-ES";"DEL01-ES";"UOP01-DEL01-ES"
314905;2020-10-09;"sexta-feira";"18:30:00";"MS";60;427,4;"SIDROLANDIA";"Não guardar distância de segurança";"Colisão traseira";"Com Vítimas Feridas";"Plena Noite";"Crescente";"Céu Claro";"Simples";"Reta";"Sim";2;0;1;0;1;0;1;2;-20,94958782;-54,96983897;"SPRF-MS";"DEL01-MS";"UOP04-DEL01-MS"
314906;2020-10-15;"quinta-feira";"12:15:00";"BA";235;350;"JUAZEIRO";"Falta de Atenção à Condução";"Colisão lateral";"Com Vítimas Feridas";"Pleno dia";"Crescente";"Céu Claro";"Dupla";"Reta";"Não";2;0;1;0;1;0;1;2;-9,42503135;-40,50388907;"SPRF-PE";"DEL06-PE";"UOP01-DEL06-PE"
314907;2020-10-15;"quinta-feira";"11:30:00";"SC";280;38;"ARAQUARI";"Pista Escorregadia";"Queda de ocupante de veículo";"Com Vítimas Feridas";"Pleno dia";"Crescente";"Nublado";"Simples";"Ponte";"Não";1;0;1;0;0;0;1;1;-26,44812855;-48,82794004;"SPRF-SC";"DEL03-SC";"UOP03-DEL03-SC"
314908;2020-10-15;"quinta-feira";"12:10:00";"RS";285;298;"PASSO FUNDO";"Falta de Atenção à Condução";"Tombamento";"Com Vítimas Feridas";"Pleno dia";"Decrescente";"Céu Claro";"Simples";"Em Obras";"Sim";1;0;1;0;0;0;1;1;-28,2364415;-52,42294908;"SPRF-RS";"DEL08-RS";"UOP03-DEL08-RS"
314909;2020-10-15;"quinta-feira";"12:10:00";"RS";285;298,1;"PASSO FUNDO";"Falta de Atenção à Condução";"Tombamento";"Com Vítimas Feridas";"Pleno dia";"Decrescente";"Céu Claro";"Simples";"Em Obras";"Sim";1;0;1;0;0;0;1;1;-28,236414;-52,423466;"SPRF-RS";"DEL08-RS";"UOP03-DEL08-RS"
314912;2020-10-15;"quinta-feira";"12:30:00";"PR";277;55,4;"SAO JOSE DOS PINHAIS";"Falta de Atenção à Condução";"Colisão com objeto estático";"Com Vítimas Feridas";"Pleno dia";"Crescente";"Chuva";"Dupla";"Reta";"Não";2;0;1;0;1;0;1;1;-25,58844984;-48,94524097;"SPRF-PR";"DEL01-PR";"UOP05-DEL01-PR"
314913;2020-10-15;"quinta-feira";"11:25:00";"MA";10;251;"IMPERATRIZ";"Desobediência às normas de trânsito pelo condutor";"Colisão transversal";"Sem Vítimas";"Pleno dia";"Decrescente";"Céu Claro";"Simples";"Em Obras";"Sim";2;0;0;0;2;0;0;2;-5,543249;-47,464447;"SPRF-MA";"DEL04-MA";"UOP01-DEL04-MA"
314914;2020-10-15;"quinta-feira";"10:55:00";"SC";101;134;"BALNEARIO CAMBORIU";"Defeito Mecânico no Veículo";"Colisão com objeto estático";"Com Vítimas Feridas";"Pleno dia";"Crescente";"Céu Claro";"Dupla";"Reta";"Sim";1;0;1;0;0;0;1;1;-27,00218;-48,636433;"SPRF-SC";"DEL04-SC";"UOP03-DEL04-SC"
314915;2020-10-15;"quinta-feira";"11:30:00";"SC";101;414;"ARARANGUA";"Desobediência às normas de trânsito pelo condutor";"Colisão transversal";"Sem Vítimas";"Pleno dia";"Crescente";"Céu Claro";"Simples";"Rotatória";"Sim";2;0;0;0;2;0;0;2;-28,95360392;-49,50985011;"SPRF-SC";"DEL02-SC";"UOP02-DEL02-SC"
314916;2020-10-15;"quinta-feira";"12:45:00";"RN";304;48;"MOSSORO";"Ingestão de Álcool";"Colisão transversal";"Com Vítimas Feridas";"Pleno dia";"Crescente";"Sol";"Dupla";"Viaduto";"Sim";2;0;1;0;1;0;1;2;-5,22868577;-37,32203081;"SPRF-RN";"DEL04-RN";"UOP01-DEL04-RN"
314919;2020-10-15;"quinta-feira";"13:10:00";"MG";40;774,6;"JUIZ DE FORA";"Falta de Atenção à Condução";"Atropelamento de Pedestre";"Com Vítimas Fatais";"Pleno dia";"Crescente";"Nublado";"Dupla";"Reta";"Não";3;1;0;0;1;1;0;3;-21,63264999;-43,44311998;"SPRF-MG";"DEL05-MG";"UOP01-DEL05-MG"
314920;2020-10-15;"quinta-feira";"12:00:00";"MG";381;924,6;"ITAPEVA";"Falta de Atenção à Condução";"Saída de leito carroçável";"Com Vítimas Feridas";"Pleno dia";"Decrescente";"Chuva";"Dupla";"Curva";"Não";1;0;1;0;0;0;1;1;-22,77050246;-46,23490598;"SPRF-MG";"DEL16-MG";"UOP03-DEL16-MG"
314921;2020-10-15;"quinta-feira";"13:44:00";"SP";116;223;"GUARULHOS";"Pista Escorregadia";"Colisão traseira";"Com Vítimas Feridas";"Pleno dia";"Crescente";"Garoa/Chuvisco";"Múltipla";"Reta";"Sim";2;0;0;1;1;0;1;2;-23,47559815;-46,5246609;"SPRF-SP";"DEL01-SP";"UOP01-DEL01-SP"
314922;2020-10-15;"quinta-feira";"13:50:00";"MG";50;180;"UBERABA";"Falta de Atenção à Condução";"Colisão lateral";"Sem Vítimas";"Pleno dia";"Crescente";"Nublado";"Dupla";"Túnel";"Sim";1;0;0;0;1;0;0;1;-19,77848216;-47,92194709;"SPRF-MG";"DEL13-MG";"UOP01-DEL13-MG"
314923;2020-10-15;"quinta-feira";"12:00:00";"PR";376;215,9;"JANDAIA DO SUL";"Falta de Atenção à Condução";"Colisão transversal";"Com Vítimas Feridas";"Pleno dia";"Decrescente";"Chuva";"Simples";"Reta";"Sim";2;0;1;0;1;0;1;2;-23,59537856;-51,64222304;"SPRF-PR";"DEL09-PR";"UOP01-DEL09-PR"
314924;2020-10-15;"quinta-feira";"14:20:00";"RS";293;13;"CAPAO DO LEAO";"Desobediência às normas de trânsito pelo condutor";"Colisão transversal";"Com Vítimas Feridas";"Pleno dia";"Decrescente";"Céu Claro";"Simples";"Reta";"Sim";2;0;0;1;1;0;1;2;-31,7543548;-52,45089496;"SPRF-RS";"DEL07-RS";"UOP01-DEL07-RS"
314925;2020-10-15;"quinta-feira";"14:00:00";"PR";369;156,7;"LONDRINA";"Não guardar distância de segurança";"Colisão traseira";"Com Vítimas Feridas";"Pleno dia";"Crescente";"Sol";"Dupla";"Reta";"Não";2;0;1;0;1;0;1;2;-23,28980021;-51,22107267;"SPRF-PR";"DEL07-PR";"UOP01-DEL07-PR"
314926;2020-10-15;"quinta-feira";"13:45:00";"RN";110;47;"MOSSORO";"Condutor Dormindo";"Colisão lateral";"Sem Vítimas";"Pleno dia";"Crescente";"Céu Claro";"Simples";"Reta";"Não";2;0;0;0;2;0;0;2;-5,20338376;-37,32563418;"SPRF-RN";"DEL04-RN";"UOP01-DEL04-RN"
314927;2020-10-15;"quinta-feira";"08:30:00";"RO";319;10;"PORTO VELHO";"Falta de Atenção à Condução";"Saída de leito carroçável";"Com Vítimas Feridas";"Pleno dia";"Crescente";"Sol";"Simples";"Reta";"Não";1;0;0;1;0;0;1;1;-7,94688252;-63,35272014;"SPRF-RO";"DEL01-RO";"UOP01-DEL01-RO"
314930;2020-10-15;"quinta-feira";"10:45:00";"MA";316;222;"GOVERNADOR NEWTON BELLO";"Defeito na Via";"Colisão frontal";"Com Vítimas Feridas";"Pleno dia";"Decrescente";"Céu Claro";"Simples";"Reta";"Não";3;0;0;1;2;0;1;2;-3,491603;-45,669296;"SPRF-MA";"DEL02-MA";"UOP01-DEL02-MA"
314931;2020-10-15;"quinta-feira";"12:00:00";"MG";381;925,5;"ITAPEVA";"Velocidade Incompatível";"Saída de leito carroçável";"Com Vítimas Feridas";"Pleno dia";"Decrescente";"Chuva";"Dupla";"Curva";"Não";1;0;1;0;0;0;1;1;-22,777207;-46,23911301;"SPRF-MG";"DEL16-MG";"UOP03-DEL16-MG"
314936;2020-10-15;"quinta-feira";"14:50:00";"SP";381;73;"SAO PAULO";"Pista Escorregadia";"Capotamento";"Com Vítimas Feridas";"Pleno dia";"Crescente";"Chuva";"Dupla";"Declive;Curva";"Não";1;0;1;0;0;0;1;1;-23,37369563;-46,56005859;"SPRF-SP";"DEL03-SP";"UOP01-DEL03-SP"
314937;2020-10-15;"quinta-feira";"14:40:00";"PE";428;126;"PETROLINA";"Falta de Atenção à Condução";"Colisão traseira";"Sem Vítimas";"Pleno dia";"Decrescente";"Céu Claro";"Dupla";"Rotatória";"Sim";2;0;0;0;2;0;0;2;-9,38785;-40,524844;"SPRF-PE";"DEL06-PE";"UOP03-DEL06-PE"
314938;2020-10-15;"quinta-feira";"15:35:00";"RS";290;72;"GRAVATAI";"Falta de Atenção à Condução";"Saída de leito carroçável";"Com Vítimas Feridas";"Pleno dia";"Crescente";"Céu Claro";"Dupla";"Reta";"Sim";1;0;1;0;0;0;1;1;-29,952784;-50,976074;"SPRF-RS";"DEL03-RS";"UOP01-DEL03-RS"
314939;2020-10-15;"quinta-feira";"12:40:00";"MT";364;235;"RONDONOPOLIS";"Falta de Atenção à Condução";"Tombamento";"Com Vítimas Feridas";"Pleno dia";"Crescente";"Nublado";"Dupla";"Reta;Declive";"Não";1;0;1;0;0;0;1;1;-16,22248696;-54,77953416;"SPRF-MT";"DEL02-MT";"UOP01-DEL02-MT"
314940;2020-10-03;"sábado";"11:00:00";"BA";30;686,9;"BOA NOVA";"Velocidade Incompatível";"Capotamento";"Com Vítimas Feridas";"Pleno dia";"Decrescente";"Céu Claro";"Simples";"Curva";"Não";2;0;0;1;1;0;1;1;-14,38292;-40,19201;"SPRF-BA";"DEL08-BA";"UOP01-DEL08-BA"
314941;2020-10-15;"quinta-feira";"14:15:00";"CE";116;315;"JAGUARIBE";"Não guardar distância de segurança";"Saída de leito carroçável";"Com Vítimas Feridas";"Pleno dia";"Crescente";"Céu Claro";"Simples";"Aclive";"Não";1;0;1;0;0;0;1;1;-5,94608802;-38,63230107;"SPRF-CE";"DEL05-CE";"UOP02-DEL05-CE"
314947;2020-10-15;"quinta-feira";"15:40:00";"GO";60;18;"ALEXANIA";"Falta de Atenção à Condução";"Capotamento";"Com Vítimas Feridas";"Pleno dia";"Decrescente";"Nublado";"Dupla";"Reta";"Não";2;0;1;0;1;0;1;1;-16,0963;-48,5202;"SPRF-DF";"DEL03-DF";"UOP01-DEL03-DF"
314949;2020-10-15;"quinta-feira";"12:30:00";"PE";101;115;"ESCADA";"Falta de Atenção à Condução";"Saída de leito carroçável";"Com Vítimas Feridas";"Pleno dia";"Decrescente";"Sol";"Dupla";"Reta";"Não";2;0;1;0;1;0;1;1;-8,33783596;-35,14164006;"SPRF-PE";"DEL01-PE";"UOP03-DEL01-PE"
314950;2020-10-15;"quinta-feira";"11:40:00";"RO";364;424;"JARU";"Desobediência às normas de trânsito pelo condutor";"Colisão transversal";"Com Vítimas Feridas";"Pleno dia";"Crescente";"Céu Claro";"Múltipla";"Aclive;Interseção de Vias";"Sim";2;0;0;1;1;0;1;2;-10,44457274;-62,46568412;"SPRF-RO";"DEL03-RO";"UOP02-DEL03-RO"
314951;2020-10-15;"quinta-feira";"16:20:00";"RJ";393;286;"VOLTA REDONDA";"Desobediência às normas de trânsito pelo condutor";"Colisão traseira";"Com Vítimas Feridas";"Pleno dia";"Crescente";"Céu Claro";"Simples";"Reta";"Sim";3;0;2;0;1;0;2;2;-22,49133996;-44,06505619;"SPRF-RJ";"DEL05-RJ";"UOP04-DEL05-RJ"
314952;2020-09-09;"quarta-feira";"17:20:00";"RO";364;527;"ARIQUEMES";"Avarias e/ou desgaste excessivo no pneu";"Saída de leito carroçável";"Com Vítimas Feridas";"Pleno dia";"Decrescente";"Chuva";"Simples";"Curva";"Não";3;0;2;0;1;0;2;1;-9,81995811;-63,07303142;"SPRF-RO";"DEL03-RO";"UOP01-DEL03-RO"
314953;2020-10-15;"quinta-feira";"15:55:00";"SC";282;4,9;"SAO JOSE";"Falta de Atenção à Condução";"Colisão lateral";"Com Vítimas Feridas";"Pleno dia";"Crescente";"Sol";"Dupla";"Reta";"Sim";3;0;2;0;1;0;2;2;-27,592646;-48,604034;"SPRF-SC";"DEL01-SC";"UOP01-DEL01-SC"
314954;2020-10-12;"segunda-feira";"13:55:00";"PE";232;82,1;"GRAVATA";"Desobediência às normas de trânsito pelo condutor";"Colisão frontal";"Com Vítimas Feridas";"Pleno dia";"Crescente";"Céu Claro";"Simples";"Reta;Aclive";"Sim";2;0;1;0;0;1;1;2;-8,19905415;-35,58715194;"SPRF-PE";"DEL02-PE";"UOP02-DEL02PE"
314955;2020-10-10;"sábado";"14:20:00";"RS";471;165,8;"RIO PARDO";"Falta de Atenção à Condução";"Saída de leito carroçável";"Sem Vítimas";"Pleno dia";"Crescente";"Céu Claro";"Simples";"Curva";"Não";1;0;0;0;0;1;0;1;-29,91332195;-52,39115283;"SPRF-RS";"DEL02-RS";"UOP03-DEL02-RS"
314956;2020-10-15;"quinta-feira";"17:00:00";"SP";116;155;"SAO JOSE DOS CAMPOS";"Falta de Atenção à Condução";"Tombamento";"Com Vítimas Feridas";"Pleno dia";"Decrescente";"Nublado";"Dupla";"Reta";"Não";1;0;1;0;0;0;1;1;-23,24524337;-45,92772774;"SPRF-SP";"DEL02-SP";"UOP01-DEL02-SP"
314957;2020-10-15;"quinta-feira";"17:00:00";"PB";101;90;"JOAO PESSOA";"Não guardar distância de segurança";"Colisão lateral";"Com Vítimas Feridas";"Pleno dia";"Crescente";"Sol";"Dupla";"Reta;Retorno Regulamentado;Interseção de Vias";"Sim";2;0;1;0;1;0;1;2;-7,18046387;-34,90063732;"SPRF-PB";"DEL01-PB";"UOP02-DEL01-PB"
314958;2020-10-15;"quinta-feira";"16:55:00";"PE";104;2,7;"TAQUARITINGA DO NORTE";"Falta de Atenção à Condução";"Colisão transversal";"Com Vítimas Feridas";"Anoitecer";"Decrescente";"Céu Claro";"Simples";"Reta";"Não";3;0;3;0;0;0;3;2;-7,801299;-36,099957;"SPRF-PE";"DEL02-PE";"UOP01-DEL02-PE"
314960;2020-10-15;"quinta-feira";"16:30:00";"MG";50;64,2;"UBERLANDIA";"Defeito Mecânico no Veículo";"Queda de ocupante de veículo";"Com Vítimas Feridas";"Pleno dia";"Crescente";"Sol";"Dupla";"Reta";"Não";2;0;2;0;0;0;2;1;-18,84248402;-48,25258395;"SPRF-MG";"DEL15-MG";"UOP02-DEL15-MG"
314961;2020-10-15;"quinta-feira";"17:10:00";"SP";101;32;"UBATUBA";"Velocidade Incompatível";"Colisão transversal";"Com Vítimas Feridas";"Anoitecer";"Crescente";"Chuva";"Simples";"Curva";"Não";6;0;1;0;5;0;1;2;-23,38960968;-44,9879837;"SPRF-SP";"DEL06-SP";"UOP01-DEL06-SP"
314964;2020-10-15;"quinta-feira";"17:40:00";"ES";101;190,8;"ARACRUZ";"Falta de Atenção à Condução";"Colisão lateral";"Com Vítimas Feridas";"Pleno dia";"Crescente";"Nublado";"Simples";"Reta";"Não";3;0;1;0;2;0;1;2;-19,68908911;-40,28696073;"SPRF-ES";"DEL04-ES";"UOP01-DEL04-ES"
314965;2020-10-15;"quinta-feira";"16:40:00";"GO";50;278,5;"CATALAO";"Falta de Atenção à Condução";"Colisão transversal";"Com Vítimas Feridas";"Pleno dia";"Crescente";"Sol";"Simples";"Rotatória";"Sim";3;0;1;0;2;0;1;2;-18,1696;-47,92;"SPRF-GO";"DEL06-GO";"UOP01-DEL06-GO"
314966;2020-10-12;"segunda-feira";"01:15:00";"SC";470;60,7;"BLUMENAU";"Ingestão de Álcool";"Colisão traseira";"Com Vítimas Feridas";"Plena Noite";"Crescente";"Céu Claro";"Simples";"Reta";"Não";2;0;2;0;0;0;2;2;-26,88138;-49,164543;"SPRF-SC";"DEL04-SC";"UOP01-DEL04-SC"
314967;2020-09-11;"sexta-feira";"08:00:00";"PR";476;129;"CURITIBA";"Desobediência às normas de trânsito pelo condutor";"Queda de ocupante de veículo";"Com Vítimas Feridas";"Pleno dia";"Crescente";"Nublado";"Múltipla";"Reta";"Sim";1;0;1;0;0;0;1;1;-25,440983;-49,233715;"SPRF-PR";"DEL01-PR";"UOP03-DEL01-PR"
314970;2020-10-15;"quinta-feira";"18:10:00";"RN";101;106,9;"PARNAMIRIM";"Falta de Atenção do Pedestre";"Atropelamento de Pedestre";"Com Vítimas Feridas";"Plena Noite";"Decrescente";"Céu Claro";"Dupla";"Reta";"Sim";2;0;0;1;1;0;1;2;-5,91056401;-35,26130795;"SPRF-RN";"DEL01-RN";"UOP01-DEL01-RN"
314972;2020-10-15;"quinta-feira";"18:25:00";"SP";116;272,7;"TABOAO DA SERRA";"Desobediência às normas de trânsito pelo condutor";"Colisão traseira";"Com Vítimas Feridas";"Plena Noite";"Decrescente";"Garoa/Chuvisco";"Dupla";"Reta";"Sim";2;0;1;0;1;0;1;2;-23,621691;-46,813288;"SPRF-SP";"DEL04-SP";"UOP01-DEL04-SP"
314973;2020-10-15;"quinta-feira";"18:40:00";"SP";116;271,4;"TABOAO DA SERRA";"Não guardar distância de segurança";"Colisão traseira";"Com Vítimas Feridas";"Anoitecer";"Decrescente";"Garoa/Chuvisco";"Dupla";"Reta";"Sim";3;0;2;0;1;0;2;2;-23,61653059;-46,78939819;"SPRF-SP";"DEL04-SP";"UOP01-DEL04-SP"
314974;2020-10-15;"quinta-feira";"18:30:00";"PA";230;113;"MARABA";"Desobediência às normas de trânsito pelo condutor";"Colisão transversal";"Com Vítimas Feridas";"Plena Noite";"Crescente";"Céu Claro";"Simples";"Declive";"Sim";3;0;0;2;1;0;2;2;-5,3642033;-49,06846046;"SPRF-PA";"DEL03-PA";"UOP01-DEL03-PA"
314975;2020-10-15;"quinta-feira";"17:35:00";"SC";101;39,5;"JOINVILLE";"Desobediência às normas de trânsito pelo condutor";"Colisão transversal";"Com Vítimas Feridas";"Anoitecer";"Crescente";"Nublado";"Dupla";"Viaduto";"Sim";2;0;0;1;1;0;1;2;-26,31776725;-48,87272358;"SPRF-SC";"DEL03-SC";"UOP01-DEL03-SC"
314976;2020-10-15;"quinta-feira";"17:40:00";"MG";381;491;"BETIM";"Falta de Atenção à Condução";"Colisão traseira";"Sem Vítimas";"Anoitecer";"Crescente";"Céu Claro";"Dupla";"Reta";"Sim";2;0;0;0;2;0;0;2;-19,96144979;-44,16164875;"SPRF-MG";"DEL01-MG";"UOP03-DEL01-MG"
314979;2020-10-15;"quinta-feira";"18:20:00";"PE";423;80;"JUCATI";"Defeito Mecânico no Veículo";"Incêndio";"Sem Vítimas";"Plena Noite";"Decrescente";"Céu Claro";"Simples";"Reta";"Não";1;0;0;0;1;0;0;1;-8,76622817;-36,42895847;"SPRF-PE";"DEL03-PE";"UOP01-DEL03-PE"
314981;2020-10-15;"quinta-feira";"18:20:00";"GO";20;185;"SIMOLANDIA";"Velocidade Incompatível";"Saída de leito carroçável";"Com Vítimas Feridas";"Plena Noite";"Crescente";"Céu Claro";"Dupla";"Reta";"Não";4;0;1;0;3;0;1;1;-14,443042;-46,462242;"SPRF-DF";"DEL02-DF";"UOP03-DEL02-DF"
314982;2020-10-15;"quinta-feira";"19:40:00";"SC";470;134;"RIO DO SUL";"Falta de Atenção à Condução";"Colisão transversal";"Com Vítimas Feridas";"Plena Noite";"Crescente";"Céu Claro";"Simples";"Reta";"Não";2;0;1;0;1;0;1;2;-27,181854;-49,600128;"SPRF-SC";"DEL04-SC";"UOP02-DEL04-SC"
314984;2020-10-15;"quinta-feira";"18:25:00";"SC";470;72,2;"INDAIAL";"Pista Escorregadia";"Tombamento";"Com Vítimas Feridas";"Plena Noite";"Crescente";"Nublado";"Simples";"Reta;Em Obras";"Sim";1;0;1;0;0;0;1;1;-26,901979;-49,268745;"SPRF-SC";"DEL04-SC";"UOP01-DEL04-SC"