"id";"data_inversa";"dia_semana";"horario";"uf";"br";"km";"municipio";"causa_acidente";"tipo_acidente";"classificacao_acidente";"fase_dia";"sentido_via";"condicao_metereologica";"tipo_pista";"tracado_via";"uso_solo";"pessoas";"mortos";"feridos_leves";"feridos_graves";"ilesos";"ignorados";"feridos";"veiculos";"latitude";"longitude";"regional";"delegacia";"uop"
315333;2020-10-17;"sábado";"14:25:00";"MA";222;671;"ACAILANDIA";"Ultrapassagem Indevida";"Colisão transversal";"Com Vítimas Feridas";"Pleno dia";"Decrescente";"Céu Claro";"Simples";"Reta";"Sim";2;0;1;0;1;0;1;2;-4,92058223;-47,43051387;"SPRF-MA";"DEL04-MA";"UOP03-DEL04-MA"
315334;2020-10-17;"sábado";"15:00:00";"SC";101;137,3;"BALNEARIO CAMBORIU";"Não guardar distância de segurança";"Colisão traseira";"Com Vítimas Feridas";"Pleno dia";"Crescente";"Céu Claro";"Dupla";"Reta";"Sim";3;0;2;0;1;0;2;2;-27,0157238;-48,61192763;"SPRF-SC";"DEL04-SC";"UOP03-DEL04-SC"
315336;2020-10-17;"sábado";"16:00:00";"PR";116;44;"CAMPINA GRANDE DO SUL";"Falta de Atenção à Condução";"Tombamento";"Com Vítimas Feridas";"Pleno dia";"Decrescente";"Nublado";"Dupla";"Curva";"Não";1;0;1;0;0;0;1;1;-25,1882321;-48,88492529;"SPRF-PR";"DEL01-PR";"UOP02-DEL01-PR"
315337;2020-10-17;"sábado";"16:10:00";"RN";101;108;"PARNAMIRIM";"Falta de Atenção à Condução";"Queda de ocupante de veículo";"Com Vítimas Feridas";"Pleno dia";"Crescente";"Céu Claro";"Simples";"Reta";"Sim";1;0;1;0;0;0;1;1;-5,92825102;-35,26465683;"SPRF-RN";"DEL01-RN";"UOP01-DEL01-RN"
315338;2020-10-17;"sábado";"16:20:00";"ES";101;127;"SOORETAMA";"Ingestão de Álcool";"Colisão traseira";"Com Vítimas Feridas";"Pleno dia";"Decrescente";"Nublado";"Simples";"Reta";"Sim";3;0;1;0;2;0;1;2;-19,202898;-40,095524;"SPRF-ES";"DEL04-ES";"UOP01-DEL04-ES"
315339;2020-10-17;"sábado";"15:50:00";"PR";369;159;"CAMBE";"Falta de Atenção à Condução";"Colisão lateral";"Com Vítimas Feridas";"Pleno dia";"Decrescente";"Céu Claro";"Dupla";"Reta";"Sim";2;0;0;1;0;1;1;2;-23,283296;-51,24847412;"SPRF-PR";"DEL07-PR";"UOP01-DEL07-PR"
315340;2020-10-17;"sábado";"16:20:00";"SP";116;216;"GUARULHOS";"Ingestão de Álcool";"Colisão transversal";"Com Vítimas Feridas";"Pleno dia";"Decrescente";"Nublado";"Múltipla";"Reta";"Sim";2;0;1;0;1;0;1;2;-23,452532;-46,46716244;"SPRF-SP";"DEL01-SP";"UOP01-DEL01-SP"
315342;2020-10-17;"sábado";"16:20:00";"BA";116;412;"FEIRA DE SANTANA";"Desobediência às normas de trânsito pelo condutor";"Colisão transversal";"Com Vítimas Feridas";"Pleno dia";"Decrescente";"Céu Claro";"Simples";"Reta";"Não";3;0;3;0;0;0;3;2;-12,13392801;-38,96796727;"SPRF-BA";"DEL02-BA";"UOP01-DEL02-BA"
315343;2020-10-17;"sábado";"15:10:00";"SC";280;126,7;"RIO NEGRINHO";"Velocidade Incompatível";"Colisão traseira";"Com Vítimas Feridas";"Pleno dia";"Crescente";"Céu Claro";"Simples";"Reta";"Não";2;0;0;1;1;0;1;2;-26,23779604;-49,49427399;"SPRF-SC";"DEL06-SC";"UOP03-DEL06-SC"
315344;2020-10-17;"sábado";"16:20:00";"SC";470;37,2;"GASPAR";"Falta de Atenção à Condução";"Tombamento";"Com Vítimas Feridas";"Pleno dia";"Crescente";"Céu Claro";"Dupla";"Desvio Temporário";"Sim";1;0;1;0;0;0;1;1;-26,912727;-48,978043;"SPRF-SC";"DEL04-SC";"UOP01-DEL04-SC"
315345;2020-10-17;"sábado";"15:20:00";"PR";272;409,7;"JANIOPOLIS";"Ingestão de Álcool";"Saída de leito carroçável";"Com Vítimas Fatais";"Pleno dia";"Decrescente";"Céu Claro";"Simples";"Aclive;Reta";"Não";2;1;0;1;0;0;1;1;-24,13409976;-52,77782863;"SPRF-PR";"DEL09-PR";"UOP03-DEL09-PR"
315346;2020-10-17;"sábado";"16:45:00";"PR";277;157;"PALMEIRA";"Ingestão de Álcool";"Colisão lateral";"Sem Vítimas";"Pleno dia";"Crescente";"Céu Claro";"Simples";"Interseção de Vias";"Não";2;0;0;0;2;0;0;2;-25,47289;-49,895964;"SPRF-PR";"DEL01-PR";"UOP03-DEL03-PR"
315347;2020-10-17;"sábado";"15:30:00";"SC";101;107,3;"PENHA";"Falta de Atenção à Condução";"Colisão com objeto estático";"Com Vítimas Feridas";"Pleno dia";"Crescente";"Sol";"Dupla";"Reta";"Sim";3;0;1;1;1;0;2;1;-26,81930608;-48,68390282;"SPRF-SC";"DEL03-SC";"UOP02-DEL03-SC"
315351;2020-10-17;"sábado";"17:00:00";"ES";101;4,6;"ICONHA";"Falta de Atenção à Condução";"Tombamento";"Com Vítimas Feridas";"Plena Noite";"Crescente";"Nublado";"Dupla";"Reta";"Não";2;0;2;0;0;0;2;1;-20,79354;-40,811462;"SPRF-ES";"DEL03-ES";"UOP01-DEL03-ES"
315352;2020-10-17;"sábado";"15:10:00";"MG";356;267;"MURIAE";"Desobediência às normas de trânsito pelo condutor";"Tombamento";"Com Vítimas Feridas";"Pleno dia";"Crescente";"Nublado";"Simples";"Reta";"Sim";1;0;1;0;0;0;1;1;-21,12725696;-42,35052695;"SPRF-MG";"DEL07-MG";"UOP02-DEL07-MG"
315355;2020-10-17;"sábado";"16:00:00";"RR";174;499;"BOA VISTA";"Não guardar distância de segurança";"Colisão lateral";"Sem Vítimas";"Pleno dia";"Decrescente";"Céu Claro";"Dupla";"Reta";"Sim";2;0;0;0;1;1;0;2;2,772157;-60,714409;"SPRF-RR";"DEL01-RR";"UOP01-DEL01-RR"
315357;2020-10-17;"sábado";"17:30:00";"RS";116;39,2;"VACARIA";"Falta de Atenção à Condução";"Colisão transversal";"Com Vítimas Feridas";"Pleno dia";"Decrescente";"Céu Claro";"Simples";"Rotatória";"Sim";2;0;1;0;1;0;1;2;-28,5120121;-50,93237991;"SPRF-RS";"DEL05-RS";"UOP03-DEL05-RS"
315359;2020-10-17;"sábado";"17:00:00";"RR";174;499;"BOA VISTA";"Falta de Atenção à Condução";"Colisão traseira";"Sem Vítimas";"Pleno dia";"Decrescente";"Céu Claro";"Dupla";"Reta";"Sim";2;0;0;0;2;0;0;2;2,772157;-60,714409;"SPRF-RR";"DEL01-RR";"UOP01-DEL01-RR"
315360;2020-10-17;"sábado";"16:15:00";"RS";285;306,4;"PASSO FUNDO";"Ultrapassagem Indevida";"Colisão com objeto estático";"Com Vítimas Feridas";"Pleno dia";"Decrescente";"Céu Claro";"Simples";"Reta;Declive";"Não";2;0;0;1;0;1;1;2;-28,228838;-52,497044;"SPRF-RS";"DEL08-RS";"UOP03-DEL08-RS"
315361;2020-10-17;"sábado";"18:00:00";"RN";405;1,8;"MOSSORO";"Falta de Atenção à Condução";"Colisão lateral";"Com Vítimas Feridas";"Anoitecer";"Crescente";"Céu Claro";"Dupla";"Reta";"Sim";2;0;2;0;0;0;2;2;-5,19170196;-37,361471;"SPRF-RN";"DEL04-RN";"UOP02-DEL04-RN"
315363;2020-10-17;"sábado";"18:15:00";"GO";153;510,3;"APARECIDA DE GOIANIA";"Desobediência às normas de trânsito pelo condutor";"Colisão com objeto estático";"Com Vítimas Feridas";"Plena Noite";"Decrescente";"Céu Claro";"Simples";"Reta";"Sim";2;0;0;1;0;1;1;2;-16,7977;-49,2386;"SPRF-GO";"DEL01-GO";"UOP03-DEL01-GO"
315366;2020-10-17;"sábado";"15:20:00";"PR";277;721,5;"FOZ DO IGUACU";"Falta de Atenção à Condução";"Colisão transversal";"Com Vítimas Feridas";"Pleno dia";"Crescente";"Sol";"Dupla";"Reta";"Sim";4;0;2;0;2;0;2;3;-25,493142;-54,516722;"SPRF-PR";"DEL05-PR";"UOP03-DEL05-PR"
315367;2020-10-17;"sábado";"18:05:00";"RS";116;162;"CAXIAS DO SUL";"Desobediência às normas de trânsito pelo condutor";"Colisão transversal";"Com Vítimas Feridas";"Pleno dia";"Decrescente";"Céu Claro";"Simples";"Reta";"Sim";3;0;1;0;1;1;1;3;-29,24754637;-51,15737756;"SPRF-RS";"DEL05-RS";"UOP02-DEL05-RS"
315368;2020-10-17;"sábado";"16:50:00";"SC";470;28;"GASPAR";"Ingestão de Álcool";"Saída de leito carroçável";"Com Vítimas Feridas";"Pleno dia";"Crescente";"Céu Claro";"Dupla";"Reta";"Não";1;0;1;0;0;0;1;1;-26,89362;-48,903973;"SPRF-SC";"DEL04-SC";"UOP01-DEL04-SC"
315371;2020-10-17;"sábado";"11:00:00";"MG";262;425;"IGARATINGA";"Condutor Dormindo";"Capotamento";"Sem Vítimas";"Pleno dia";"Decrescente";"Céu Claro";"Dupla";"Reta";"Não";1;0;0;0;1;0;0;1;-19,88260256;-44,75848197;"SPRF-MG";"DEL08-MG";"UOP03-DEL08-MG"
315373;2020-10-17;"sábado";"16:30:00";"MT";364;261;"JUSCIMEIRA";"Falta de Atenção à Condução";"Colisão lateral";"Com Vítimas Feridas";"Pleno dia";"Decrescente";"Nublado";"Dupla";"Declive";"Sim";7;0;0;1;5;1;1;3;-16,03146754;-54,89455522;"SPRF-MT";"DEL02-MT";"UOP01-DEL02-MT"
315374;2020-10-17;"sábado";"18:15:00";"SP";116;221;"GUARULHOS";"Falta de Atenção à Condução";"Colisão traseira";"Com Vítimas Feridas";"Plena Noite";"Crescente";"Nublado";"Múltipla";"Reta";"Sim";2;0;2;0;0;0;2;1;-23,49473611;-46,52503967;"SPRF-SP";"DEL01-SP";"UOP01-DEL01-SP"
315375;2020-10-17;"sábado";"18:30:00";"GO";20;185,4;"SIMOLANDIA";"Falta de Atenção à Condução";"Capotamento";"Com Vítimas Feridas";"Plena Noite";"Crescente";"Céu Claro";"Dupla";"Retorno Regulamentado";"Não";3;0;2;0;1;0;2;1;-14,443042;-46,462242;"SPRF-DF";"DEL02-DF";"UOP03-DEL02-DF"
315376;2020-10-17;"sábado";"18:30:00";"ES";262;109;"VENDA NOVA DO IMIGRANTE";"Falta de Atenção à Condução";"Colisão transversal";"Com Vítimas Feridas";"Plena Noite";"Decrescente";"Chuva";"Simples";"Reta";"Sim";2;0;1;1;0;0;2;2;-20,33581177;-41,17107062;"SPRF-ES";"DEL01-ES";"UOP02-DEL01-ES"
315377;2020-10-17;"sábado";"17:50:00";"MS";163;220,7;"CAARAPO";"Defeito Mecânico no Veículo";"Tombamento";"Com Vítimas Feridas";"Anoitecer";"Decrescente";"Céu Claro";"Simples";"Reta";"Não";2;0;2;0;0;0;2;1;-22,54003419;-54,84414123;"SPRF-MS";"DEL04-MS";"UOP02-DEL04-MS"
315378;2020-10-17;"sábado";"17:00:00";"PR";467;91,5;"CASCAVEL";"Velocidade Incompatível";"Saída de leito carroçável";"Com Vítimas Feridas";"Pleno dia";"Decrescente";"Sol";"Dupla";"Curva";"Não";1;0;1;0;0;0;1;1;-24,8515;-53,6035;"SPRF-PR";"DEL04-PR";"UOP01-DEL04-PR"
315379;2020-10-17;"sábado";"17:15:00";"PR";277;457;"LARANJEIRAS DO SUL";"Não guardar distância de segurança";"Queda de ocupante de veículo";"Com Vítimas Feridas";"Pleno dia";"Crescente";"Céu Claro";"Simples";"Reta";"Não";2;0;0;1;0;1;1;2;-25,385905;-52,413842;"SPRF-PR";"DEL04-PR";"UOP02-DEL04-PR"
315380;2020-10-17;"sábado";"19:10:00";"SC";101;199,6;"BIGUACU";"Falta de Atenção à Condução";"Colisão transversal";"Com Vítimas Feridas";"Plena Noite";"Crescente";"Céu Claro";"Múltipla";"Interseção de Vias";"Sim";2;0;1;0;1;0;1;2;-27,53413705;-48,63003205;"SPRF-SC";"DEL01-SC";"UOP01-DEL01-SC"
315381;2020-10-17;"sábado";"18:30:00";"SP";116;429,1;"REGISTRO";"Falta de Atenção à Condução";"Saída de leito carroçável";"Com Vítimas Feridas";"Anoitecer";"Decrescente";"Céu Claro";"Dupla";"Reta";"Sim";2;0;2;0;0;0;2;1;-24,40226511;-47,7383829;"SPRF-SP";"DEL05-SP";"UOP01-DEL05-SP"
315382;2020-10-17;"sábado";"16:40:00";"SC";282;188,9;"BOCAINA DO SUL";"Pista Escorregadia";"Tombamento";"Com Vítimas Feridas";"Pleno dia";"Crescente";"Céu Claro";"Simples";"Rotatória";"Sim";2;0;2;0;0;0;2;1;-27,73865608;-49,94796753;"SPRF-SC";"DEL05-SC";"UOP01-DEL05-SC"
315383;2020-10-17;"sábado";"19:20:00";"PE";101;49,9;"ABREU E LIMA";"Falta de Atenção à Condução";"Colisão transversal";"Com Vítimas Feridas";"Plena Noite";"Crescente";"Céu Claro";"Múltipla";"Retorno Regulamentado";"Sim";2;0;0;1;1;0;1;2;-7,9005152;-34,90180641;"SPRF-PE";"DEL01-PE";"UOP02-DEL01-PE"
315384;2020-10-17;"sábado";"18:00:00";"SC";101;267,3;"PAULO LOPES";"Desobediência às normas de trânsito pelo pedestre";"Atropelamento de Pedestre";"Com Vítimas Feridas";"Pleno dia";"Crescente";"Céu Claro";"Dupla";"Reta";"Não";3;0;0;1;2;0;1;2;-28,07699803;-48,71234311;"SPRF-SC";"DEL02-SC";"UOP03-DEL02-SC"
315385;2020-10-17;"sábado";"19:00:00";"PE";428;180,5;"PETROLINA";"Não guardar distância de segurança";"Colisão traseira";"Com Vítimas Feridas";"Plena Noite";"Crescente";"Céu Claro";"Simples";"Reta";"Não";4;0;2;0;2;0;2;3;-9,31636852;-40,45825354;"SPRF-PE";"DEL06-PE";"UOP01-DEL06-PE"
315386;2020-10-17;"sábado";"18:00:00";"GO";364;39;"PARANAIGUARA";"Ingestão de Álcool";"Saída de leito carroçável";"Com Vítimas Fatais";"Anoitecer";"Decrescente";"Céu Claro";"Simples";"Reta";"Não";1;1;0;0;0;0;0;1;-18,863726;-50,810078;"SPRF-GO";"DEL05-GO";"UOP02-DEL05-GO"
315387;2020-10-17;"sábado";"19:30:00";"PR";369;175;"ROLANDIA";"Desobediência às normas de trânsito pelo condutor";"Colisão transversal";"Com Vítimas Feridas";"Plena Noite";"Decrescente";"Céu Claro";"Simples";"Reta";"Sim";4;0;0;1;1;2;1;3;-23,322689;-51,383959;"SPRF-PR";"DEL07-PR";"UOP01-DEL07-PR"
315388;2020-10-17;"sábado";"16:35:00";"SC";282;467,5;"PONTE SERRADA";"Ingestão de Álcool";"Saída de leito carroçável";"Com Vítimas Feridas";"Pleno dia";"Decrescente";"Céu Claro";"Simples";"Reta";"Não";1;0;0;1;0;0;1;1;-26,854425;-52,096107;"SPRF-SC";"DEL07-SC";"UOP04-DEL07-SC"
315389;2020-10-17;"sábado";"20:00:00";"PE";423;94,9;"GARANHUNS";"Ingestão de Álcool";"Colisão lateral";"Com Vítimas Feridas";"Plena Noite";"Decrescente";"Céu Claro";"Simples";"Reta";"Sim";2;0;0;1;1;0;1;2;-8,87926277;-36,47851467;"SPRF-PE";"DEL03-PE";"UOP01-DEL03-PE"
315390;2020-10-17;"sábado";"19:10:00";"MS";262;383,7;"TERENOS";"Desobediência às normas de trânsito pelo condutor";"Colisão frontal";"Com Vítimas Feridas";"Plena Noite";"Crescente";"Céu Claro";"Simples";"Curva";"Não";2;0;0;1;1;0;1;2;-20,43483;-54,870326;"SPRF-MS";"DEL01-MS";"UOP03-DEL01-MS"
315393;2020-10-17;"sábado";"20:15:00";"RS";153;49,1;"ERECHIM";"Falta de Atenção à Condução";"Colisão traseira";"Com Vítimas Feridas";"Plena Noite";"Crescente";"Céu Claro";"Simples";"Reta";"Sim";2;0;1;0;1;0;1;2;-27,65513812;-52,26579899;"SPRF-RS";"DEL08-RS";"UOP04-DEL08-RS"
315394;2020-10-17;"sábado";"20:30:00";"RS";158;326;"SANTA MARIA";"Sinalização da via insuficiente ou inadequada";"Queda de ocupante de veículo";"Com Vítimas Feridas";"Plena Noite";"Decrescente";"Céu Claro";"Dupla";"Reta;Em Obras";"Sim";2;0;1;1;0;0;2;1;-29,70975376;-53,80284617;"SPRF-RS";"DEL09-RS";"UOP01-DEL09-RS"
315395;2020-10-17;"sábado";"11:40:00";"RJ";40;75;"PETROPOLIS";"Velocidade Incompatível";"Colisão com objeto estático";"Com Vítimas Feridas";"Pleno dia";"Crescente";"Nublado";"Simples";"Curva";"Não";1;0;1;0;0;0;1;1;-22,46857126;-43,22958698;"SPRF-RJ";"DEL06-RJ";"UOP01-DEL06-RJ"
315396;2020-10-17;"sábado";"20:20:00";"RS";101;83,9;"OSORIO";"Falta de Atenção à Condução";"Colisão com objeto estático";"Com Vítimas Feridas";"Plena Noite";"Decrescente";"Céu Claro";"Dupla";"Reta";"Sim";5;0;4;1;0;0;5;1;-29,863726;-50,249712;"SPRF-RS";"DEL03-RS";"UOP01-DEL03-RS"
315400;2020-10-17;"sábado";"17:45:00";"RJ";40;60;"PETROPOLIS";"Defeito Mecânico no Veículo";"Colisão com objeto estático";"Sem Vítimas";"Anoitecer";"Crescente";"Nublado";"Dupla";"Curva";"Não";1;0;0;0;1;0;0;1;-22,39450315;-43,13468983;"SPRF-RJ";"DEL05-RJ";"UOP02-DEL05-RJ"
315401;2020-10-17;"sábado";"20:15:00";"BA";407;3;"JUAZEIRO";"Desobediência às normas de trânsito pelo condutor";"Colisão lateral";"Com Vítimas Feridas";"Plena Noite";"Decrescente";"Céu Claro";"Simples";"Rotatória";"Sim";3;0;1;1;1;0;2;2;-9,43134011;-40,49823324;"SPRF-PE";"DEL06-PE";"UOP01-DEL06-PE"
315402;2020-10-17;"sábado";"20:00:00";"SC";101;208,5;"SAO JOSE";"Ingestão de Álcool";"Colisão traseira";"Com Vítimas Feridas";"Plena Noite";"Decrescente";"Nublado";"Múltipla";"Reta";"Sim";2;0;1;0;1;0;1;2;-27,60327979;-48,63201818;"SPRF-SC";"DEL01-SC";"UOP01-DEL01-SC"
315403;2020-10-17;"sábado";"19:30:00";"PA";222;239;"MARABA";"Desobediência às normas de trânsito pelo condutor";"Colisão frontal";"Com Vítimas Feridas";"Plena Noite";"Decrescente";"Céu Claro";"Simples";"Curva";"Sim";3;0;0;2;0;1;2;3;-5,302089;-49,0723;"SPRF-PA";"DEL03-PA";"UOP01-DEL03-PA"
315404;2020-10-17;"sábado";"13:15:00";"SC";280;169;"MAFRA";"Desobediência às normas de trânsito pelo condutor";"Colisão frontal";"Sem Vítimas";"Pleno dia";"Decrescente";"Céu Claro";"Simples";"Aclive;Interseção de Vias";"Sim";3;0;0;0;3;0;0;3;-26,1490048;-49,81256962;"SPRF-SC";"DEL06-SC";"UOP01-DEL06-SC"
315406;2020-10-17;"sábado";"20:37:00";"SE";101;58,5;"ROSARIO DO CATETE";"Falta de Atenção à Condução";"Saída de leito carroçável";"Com Vítimas Feridas";"Plena Noite";"Crescente";"Céu Claro";"Simples";"Reta";"Não";1;0;1;0;0;0;1;1;-10,65178333;-37,02372954;"SPRF-SE";"DEL02-SE";"UOP02-DEL02-SE"
315407;2020-10-17;"sábado";"19:55:00";"PI";343;347;"TERESINA";"Falta de Atenção à Condução";"Colisão lateral";"Com Vítimas Feridas";"Plena Noite";"Decrescente";"Céu Claro";"Simples";"Reta";"Sim";2;0;1;1;0;0;2;2;-5,114822;-42,778355;"SPRF-PI";"DEL01-PI";"UOP01-DEL01-PI"
315408;2020-10-17;"sábado";"21:05:00";"SC";101;194;"BIGUACU";"Desobediência às normas de trânsito pelo condutor";"Colisão transversal";"Com Vítimas Feridas";"Plena Noite";"Crescente";"Céu Claro";"Dupla";"Interseção de Vias";"Sim";2;0;0;1;1;0;1;2;-27,49815117;-48,65661236;"SPRF-SC";"DEL01-SC";"UOP01-DEL01-SC"
315409;2020-10-17;"sábado";"17:06:00";"BA";330;790;"JEQUIE";"Não guardar distância de segurança";"Colisão traseira";"Com Vítimas Feridas";"Pleno dia";"Decrescente";"Céu Claro";"Simples";"Reta";"Sim";3;0;2;0;1;0;2;2;-13,89884997;-40,01908984;"SPRF-BA";"DEL03-BA";"UOP01-DEL03-BA"
315410;2020-10-17;"sábado";"20:45:00";"DF";251;36,4;"BRASILIA";"Falta de Atenção do Pedestre";"Atropelamento de Pedestre";"Com Vítimas Feridas";"Plena Noite";"Crescente";"Nublado";"Simples";"Reta";"Não";2;0;0;1;0;1;1;2;-15,9428;-47,77853;"SPRF-DF";"DEL01-DF";"UOP01-DEL01-DF"
315412;2020-10-17;"sábado";"21:00:00";"SC";101;207;"SAO JOSE";"Falta de Atenção à Condução";"Colisão traseira";"Com Vítimas Feridas";"Plena Noite";"Crescente";"Céu Claro";"Dupla";"Reta";"Sim";4;0;1;0;3;0;1;3;-27,60001226;-48,6226467;"SPRF-SC";"DEL01-SC";"UOP01-DEL01-SC"
315413;2020-10-17;"sábado";"20:30:00";"RS";472;115,8;"BOA VISTA DO BURICA";"Falta de Atenção à Condução";"Colisão lateral";"Sem Vítimas";"Plena Noite";"Crescente";"Céu Claro";"Simples";"Reta";"Não";3;0;0;0;3;0;0;2;-27,67099527;-54,10441294;"SPRF-RS";"DEL10-RS";"UOP01-DEL10-RS"
315414;2020-10-17;"sábado";"20:30:00";"PI";316;9,2;"TERESINA";"Ingestão de Álcool";"Colisão traseira";"Sem Vítimas";"Plena Noite";"Crescente";"Céu Claro";"Múltipla";"Reta";"Sim";2;0;0;0;2;0;0;2;-5,17381686;-42,76624952;"SPRF-PI";"DEL01-PI";"UOP02-DEL01-PI"
315415;2020-10-17;"sábado";"19:15:00";"SP";116;150;"SAO JOSE DOS CAMPOS";"Defeito Mecânico no Veículo";"Queda de ocupante de veículo";"Com Vítimas Feridas";"Plena Noite";"Decrescente";"Céu Claro";"Dupla";"Reta";"Sim";2;0;2;0;0;0;2;1;-23,21335525;-45,8930588;"SPRF-SP";"DEL02-SP";"UOP01-DEL02-SP"
315417;2020-10-17;"sábado";"19:10:00";"MG";50;159,5;"UBERABA";"Falta de Atenção à Condução";"Saída de leito carroçável";"Com Vítimas Feridas";"Plena Noite";"Decrescente";"Céu Claro";"Dupla";"Declive";"Não";1;0;1;0;0;0;1;1;-19,6422782;-48,00903852;"SPRF-MG";"DEL13-MG";"UOP01-DEL13-MG"
315419;2020-10-17;"sábado";"21:15:00";"PR";277;726,3;"FOZ DO IGUACU";"Ingestão de Álcool";"Colisão lateral";"Sem Vítimas";"Plena Noite";"Crescente";"Céu Claro";"Dupla";"Rotatória";"Sim";2;0;0;0;2;0;0;2;-25,5106015;-54,55481999;"SPRF-PR";"DEL05-PR";"UOP03-DEL05-PR"
315421;2020-10-17;"sábado";"20:00:00";"RS";153;392,8;"CACHOEIRA DO SUL";"Ingestão de Álcool";"Colisão transversal";"Sem Vítimas";"Plena Noite";"Crescente";"Céu Claro";"Simples";"Interseção de Vias";"Não";3;0;0;0;3;0;0;2;-29,90911498;-52,97264099;"SPRF-RS";"DEL02-RS";"UOP03-DEL02-RS"
315422;2020-10-17;"sábado";"18:30:00";"BA";135;225;"SAO DESIDERIO";"Falta de Atenção à Condução";"Colisão lateral";"Sem Vítimas";"Plena Noite";"Crescente";"Céu Claro";"Simples";"Reta";"Não";5;0;0;0;4;1;0;2;-12,39406917;-44,84251708;"SPRF-BA";"DEL10-BA";"UOP01-DEL10-BA"
315423;2020-10-17;"sábado";"19:35:00";"RJ";40;116;"DUQUE DE CAXIAS";"Falta de Atenção à Condução";"Colisão traseira";"Com Vítimas Feridas";"Plena Noite";"Crescente";"Nublado";"Múltipla";"Reta";"Não";1;0;1;0;0;0;1;1;-22,73662299;-43,28858785;"SPRF-RJ";"DEL01-RJ";"UOP01-DEL01-RJ"
315424;2020-10-17;"sábado";"20:00:00";"RN";304;140,8;"ANGICOS";"Ultrapassagem Indevida";"Colisão frontal";"Com Vítimas Fatais";"Plena Noite";"Decrescente";"Céu Claro";"Simples";"Aclive";"Não";7;1;2;4;0;0;6;2;-5,66657204;-36,68142801;"SPRF-RN";"DEL04-RN";"UOP01-DEL04-RN"
315425;2020-10-17;"sábado";"20:20:00";"SC";101;87,1;"BARRA VELHA";"Falta de Atenção à Condução";"Colisão lateral";"Sem Vítimas";"Plena Noite";"Decrescente";"Nublado";"Dupla";"Curva;Aclive";"Sim";2;0;0;0;2;0;0;2;-26,64177303;-48,69042993;"SPRF-SC";"DEL03-SC";"UOP02-DEL03-SC"
315427;2020-10-17;"sábado";"21:05:00";"RN";427;55,5;"JARDIM DO SERIDO";"Desobediência às normas de trânsito pelo condutor";"Colisão transversal";"Sem Vítimas";"Plena Noite";"Crescente";"Céu Claro";"Simples";"Curva";"Sim";2;0;0;0;0;2;0;2;-6,59042026;-36,77155697;"SPRF-RN";"DEL03-RN";"UOP01-DEL03-RN"
315428;2020-10-17;"sábado";"18:30:00";"RJ";493;0;"ITABORAI";"Ingestão de Álcool";"Colisão lateral";"Sem Vítimas";"Anoitecer";"Crescente";"Céu Claro";"Simples";"Reta";"Sim";2;0;0;0;2;0;0;2;-22,77062;-42,92223;"SPRF-RJ";"DEL02-RJ";"UOP02-DEL02-RJ"
315431;2020-10-17;"sábado";"22:40:00";"SC";101;104,8;"PENHA";"Agressão Externa";"Saída de leito carroçável";"Com Vítimas Feridas";"Plena Noite";"Crescente";"Nublado";"Dupla";"Curva;Declive;Interseção de Vias";"Sim";1;0;1;0;0;0;1;1;-26,80030035;-48,67907345;"SPRF-SC";"DEL03-SC";"UOP02-DEL03-SC"
315432;2020-10-17;"sábado";"22:20:00";"BA";324;537,9;"AMELIA RODRIGUES";"Não guardar distância de segurança";"Queda de ocupante de veículo";"Com Vítimas Feridas";"Plena Noite";"Decrescente";"Céu Claro";"Dupla";"Reta";"Não";2;0;2;0;0;0;2;1;-12,36902201;-38,81384601;"SPRF-BA";"DEL01-BA";"UOP03-DEL01-BA"
315433;2020-10-17;"sábado";"20:30:00";"MG";40;465;"SETE LAGOAS";"Falta de Atenção à Condução";"Tombamento";"Com Vítimas Feridas";"Plena Noite";"Decrescente";"Nublado";"Dupla";"Declive;Curva";"Sim";2;0;1;1;0;0;2;1;-19,43813;-44,33133;"SPRF-MG";"DEL02-MG";"UOP01-DEL02-MG"
315434;2020-10-17;"sábado";"23:10:00";"ES";482;106;"GUACUI";"Desobediência às normas de trânsito pelo condutor";"Colisão transversal";"Com Vítimas Feridas";"Plena Noite";"Crescente";"Nublado";"Simples";"Reta";"Sim";3;0;3;0;0;0;3;1;-20,7749648;-41,67600002;"SPRF-ES";"DEL03-ES";"UOP02-DEL03-ES"
315435;2020-10-17;"sábado";"22:45:00";"RJ";101;311;"SAO GONCALO";"Ingestão de Álcool";"Colisão traseira";"Sem Vítimas";"Plena Noite";"Crescente";"Céu Claro";"Múltipla";"Reta";"Sim";2;0;0;0;2;0;0;2;-22,80062246;-43,05318779;"SPRF-RJ";"DEL02-RJ";"UOP02-DEL02-RJ"
315438;2020-10-17;"sábado";"22:00:00";"PR";376;637;"TIJUCAS DO SUL";"Ingestão de Álcool";"Colisão com objeto estático";"Com Vítimas Feridas";"Plena Noite";"Decrescente";"Céu Claro";"Dupla";"Reta";"Sim";1;0;1;0;0;0;1;1;-25,75614093;-49,12609667;"SPRF-PR";"DEL01-PR";"UOP04-DEL01-PR"
315441;2020-10-17;"sábado";"23:30:00";"PE";232;211,9;"PESQUEIRA";"Desobediência às normas de trânsito pelo condutor";"Colisão frontal";"Com Vítimas Fatais";"Plena Noite";"Decrescente";"Céu Claro";"Simples";"Reta";"Não";3;1;0;0;2;0;0;2;-8,36899532;-36,70578682;"SPRF-PE";"DEL02-PE";"UOP03-DEL02-PE"