"id";"data_inversa";"dia_semana";"horario";"uf";"br";"km";"municipio";"causa_acidente";"tipo_acidente";"classificacao_acidente";"fase_dia";"sentido_via";"condicao_metereologica";"tipo_pista";"tracado_via";"uso_solo";"pessoas";"mortos";"feridos_leves";"feridos_graves";"ilesos";"ignorados";"feridos";"veiculos";"latitude";"longitude";"regional";"delegacia";"uop"
315442;2020-10-17;"sábado";"22:30:00";"BA";407;8;"JUAZEIRO";"Falta de Atenção à Condução";"Colisão frontal";"Com Vítimas Feridas";"Plena Noite";"Crescente";"Céu Claro";"Simples";"Reta";"Sim";3;0;1;1;1;0;2;2;-9,47216396;-40,47887593;"SPRF-PE";"DEL06-PE";"UOP01-DEL06-PE"
315443;2020-10-17;"sábado";"21:00:00";"SP";116;567;"BARRA DO TURVO";"Ingestão de Álcool";"Capotamento";"Com Vítimas Feridas";"Plena Noite";"Crescente";"Garoa/Chuvisco";"Dupla";"Curva";"Não";3;0;0;1;0;2;1;2;-25,0475499;-48,55355172;"SPRF-SP";"DEL05-SP";"UOP02-DEL05-SP"
315444;2020-10-18;"domingo";"00:30:00";"SP";101;49;"UBATUBA";"Falta de Atenção à Condução";"Colisão transversal";"Com Vítimas Feridas";"Plena Noite";"Decrescente";"Nublado";"Simples";"Reta";"Sim";3;0;3;0;0;0;3;2;-23,43696329;-45,08768768;"SPRF-SP";"DEL06-SP";"UOP01-DEL06-SP"
315446;2020-10-17;"sábado";"23:50:00";"SC";282;16,7;"PALHOCA";"Ultrapassagem Indevida";"Colisão frontal";"Com Vítimas Feridas";"Plena Noite";"Crescente";"Céu Claro";"Simples";"Reta";"Não";2;0;0;1;1;0;1;2;-27,658611;-48,681847;"SPRF-SC";"DEL01-SC";"UOP02-DEL01-SC"
315447;2020-10-17;"sábado";"20:15:00";"MG";365;757;"ITUIUTABA";"Desobediência às normas de trânsito pelo condutor";"Colisão com objeto estático";"Com Vítimas Feridas";"Plena Noite";"Crescente";"Nublado";"Simples";"Reta";"Não";2;0;1;0;1;0;1;1;-18,96358968;-49,4773831;"SPRF-MG";"DEL15-MG";"UOP03-DEL15-MG"
315448;2020-10-18;"domingo";"00:10:00";"CE";222;4,8;"CAUCAIA";"Ingestão de Álcool";"Colisão traseira";"Com Vítimas Feridas";"Plena Noite";"Decrescente";"Céu Claro";"Dupla";"Reta";"Sim";2;0;1;0;1;0;1;2;-3,74164754;-38,60449792;"SPRF-CE";"DEL01-CE";"UOP01-DEL01-CE"
315449;2020-10-18;"domingo";"00:28:00";"PR";116;126;"FAZENDA RIO GRANDE";"Falta de Atenção à Condução";"Colisão traseira";"Sem Vítimas";"Plena Noite";"Crescente";"Céu Claro";"Dupla";"Interseção de Vias";"Sim";2;0;0;0;2;0;0;2;-25,60389895;-49,31824423;"SPRF-PR";"DEL01-PR";"UOP03-DEL01-PR"
315451;2020-10-18;"domingo";"00:20:00";"PB";104;116,8;"LAGOA SECA";"Falta de Atenção à Condução";"Colisão lateral";"Com Vítimas Feridas";"Plena Noite";"Crescente";"Vento";"Simples";"Reta";"Não";3;0;0;2;0;1;2;2;-7,17942622;-35,86376953;"SPRF-PB";"DEL02-PB";"UOP04-DEL02-PB"
315452;2020-10-18;"domingo";"01:20:00";"SP";153;44,7;"ONDA VERDE";"Defeito Mecânico no Veículo";"Tombamento";"Com Vítimas Feridas";"Plena Noite";"Decrescente";"Céu Claro";"Simples";"Reta";"Não";2;0;2;0;0;0;2;1;-20,65497601;-49,34121741;"SPRF-SP";"DEL09-SP";"UOP01-DEL09-SP"
315453;2020-10-18;"domingo";"01:10:00";"RJ";101;297;"ITABORAI";"Velocidade Incompatível";"Colisão com objeto estático";"Sem Vítimas";"Plena Noite";"Crescente";"Céu Claro";"Múltipla";"Reta";"Sim";1;0;0;0;1;0;0;1;-22,76942037;-42,91873581;"SPRF-RJ";"DEL02-RJ";"UOP02-DEL02-RJ"
315454;2020-10-18;"domingo";"01:15:00";"GO";153;505,5;"APARECIDA DE GOIANIA";"Falta de Atenção à Condução";"Tombamento";"Com Vítimas Feridas";"Plena Noite";"Decrescente";"Nublado";"Dupla";"Reta";"Sim";1;0;1;0;0;0;1;1;-16,7537;-49,2411;"SPRF-GO";"DEL01-GO";"UOP01-DEL01-GO"
315455;2020-10-18;"domingo";"01:00:00";"RJ";116;53;"TERESOPOLIS";"Falta de Atenção à Condução";"Saída de leito carroçável";"Com Vítimas Feridas";"Plena Noite";"Decrescente";"Céu Claro";"Simples";"Curva";"Sim";2;0;1;1;0;0;2;1;-22,20141446;-42,87189678;"SPRF-RJ";"DEL04-RJ";"UOP01-DEL04-RJ"
315456;2020-10-18;"domingo";"02:00:00";"ES";101;279,9;"SERRA";"Falta de Atenção à Condução";"Capotamento";"Sem Vítimas";"Plena Noite";"Crescente";"Chuva";"Múltipla";"Reta";"Não";1;0;0;0;1;0;0;1;-20,218122;-40,339325;"SPRF-ES";"DEL02-ES";"UOP01-DEL02-ES"
315457;2020-10-17;"sábado";"19:30:00";"PB";361;83,5;"PIANCO";"Ingestão de Álcool";"Colisão frontal";"Com Vítimas Feridas";"Plena Noite";"Decrescente";"Céu Claro";"Simples";"Reta";"Sim";2;0;0;1;1;0;1;2;-7,1891707;-37,92068612;"SPRF-PB";"DEL03-PB";"UOP01-DEL03-PB"
315458;2020-10-18;"domingo";"01:50:00";"DF";70;5,6;"BRASILIA";"Falta de Atenção à Condução";"Queda de ocupante de veículo";"Com Vítimas Feridas";"Plena Noite";"Decrescente";"Nublado";"Dupla";"Reta";"Sim";1;0;1;0;0;0;1;1;-15,794656;-48,096779;"SPRF-DF";"DEL03-DF";"UOP02-DEL03-DF"
315460;2020-10-18;"domingo";"01:40:00";"RS";116;148,2;"CAXIAS DO SUL";"Velocidade Incompatível";"Saída de leito carroçável";"Sem Vítimas";"Plena Noite";"Decrescente";"Céu Claro";"Dupla";"Curva";"Sim";2;0;0;0;2;0;0;1;-29,15444539;-51,15101681;"SPRF-RS";"DEL05-RS";"UOP01-DEL05-RS"
315461;2020-10-18;"domingo";"01:00:00";"MG";40;517;"RIBEIRAO DAS NEVES";"Condutor Dormindo";"Saída de leito carroçável";"Com Vítimas Feridas";"Plena Noite";"Decrescente";"Nublado";"Dupla";"Curva";"Sim";1;0;1;0;0;0;1;1;-19,82351202;-44,08438913;"SPRF-MG";"DEL01-MG";"UOP02-DEL01-MG"
315462;2020-10-18;"domingo";"01:05:00";"MT";163;829;"SINOP";"Falta de Atenção à Condução";"Tombamento";"Com Vítimas Feridas";"Plena Noite";"Decrescente";"Céu Claro";"Dupla";"Reta";"Sim";1;0;1;0;0;0;1;1;-11,90996;-55,50786;"SPRF-MT";"DEL06-MT";"UOP01-DEL06-MT"
315463;2020-10-18;"domingo";"01:30:00";"CE";222;81,3;"SAO LUIS DO CURU";"Velocidade Incompatível";"Saída de leito carroçável";"Com Vítimas Fatais";"Plena Noite";"Crescente";"Céu Claro";"Simples";"Desvio Temporário;Curva";"Não";3;1;0;2;0;0;2;1;-3,675722;-39,268305;"SPRF-CE";"DEL04-CE";"UOP03-DEL04-CE"
315465;2020-10-18;"domingo";"02:10:00";"SC";101;198,5;"BIGUACU";"Desobediência às normas de trânsito pelo condutor";"Tombamento";"Com Vítimas Feridas";"Plena Noite";"Decrescente";"Nublado";"Múltipla";"Reta;Em Obras";"Sim";1;0;1;0;0;0;1;1;-27,52658712;-48,63506019;"SPRF-SC";"DEL01-SC";"UOP01-DEL01-SC"
315466;2020-10-18;"domingo";"03:15:00";"MG";381;578;"CARMOPOLIS DE MINAS";"Falta de Atenção à Condução";"Queda de ocupante de veículo";"Com Vítimas Feridas";"Plena Noite";"Decrescente";"Nublado";"Dupla";"Reta";"Não";1;0;1;0;0;0;1;1;-20,49228188;-44,60322315;"SPRF-MG";"DEL04-MG";"UOP01-DEL04-MG"
315468;2020-10-18;"domingo";"01:30:00";"ES";262;22,2;"VIANA";"Ingestão de Álcool";"Capotamento";"Com Vítimas Feridas";"Plena Noite";"Decrescente";"Chuva";"Simples";"Curva";"Não";4;0;1;3;0;0;4;1;-20,3740584;-40,51933765;"SPRF-ES";"DEL01-ES";"UOP01-DEL01-ES"
315469;2020-10-18;"domingo";"02:50:00";"DF";20;2,9;"BRASILIA";"Ingestão de Álcool";"Saída de leito carroçável";"Sem Vítimas";"Plena Noite";"Decrescente";"Céu Claro";"Dupla";"Reta";"Sim";1;0;0;0;0;1;0;1;-15,682896;-47,840729;"SPRF-DF";"DEL02-DF";"UOP01-DEL02-DF"
315470;2020-10-18;"domingo";"03:00:00";"PE";232;69;"GRAVATA";"Falta de Atenção à Condução";"Saída de leito carroçável";"Com Vítimas Feridas";"Plena Noite";"Decrescente";"Céu Claro";"Simples";"Curva";"Não";1;0;1;0;0;0;1;1;-8,17682892;-35,48274994;"SPRF-PE";"DEL02-PE";"UOP02-DEL02PE"
315471;2020-10-18;"domingo";"04:12:00";"DF";20;5,7;"BRASILIA";"Velocidade Incompatível";"Colisão com objeto estático";"Com Vítimas Feridas";"Plena Noite";"Decrescente";"Céu Claro";"Dupla";"Reta";"Sim";3;0;2;0;0;1;2;2;-15,670546;-47,816044;"SPRF-DF";"DEL02-DF";"UOP01-DEL02-DF"
315473;2020-10-18;"domingo";"01:30:00";"SC";470;101,3;"APIUNA";"Falta de Atenção à Condução";"Saída de leito carroçável";"Sem Vítimas";"Plena Noite";"Crescente";"Céu Claro";"Simples";"Ponte";"Não";1;0;0;0;0;1;0;1;-27,053085;-49,390018;"SPRF-SC";"DEL04-SC";"UOP02-DEL04-SC"
315475;2020-10-18;"domingo";"04:00:00";"PB";361;6,9;"PATOS";"Falta de Atenção à Condução";"Colisão traseira";"Com Vítimas Fatais";"Plena Noite";"Crescente";"Céu Claro";"Simples";"Declive";"Sim";2;1;1;0;0;0;1;2;-7,0357;-37,309257;"SPRF-PB";"DEL03-PB";"UOP01-DEL03-PB"
315477;2020-10-18;"domingo";"04:00:00";"RJ";101;453;"MANGARATIBA";"Condutor Dormindo";"Saída de leito carroçável";"Com Vítimas Feridas";"Amanhecer";"Decrescente";"Céu Claro";"Simples";"Declive";"Não";3;0;2;0;1;0;2;1;-23,03368968;-44,14107408;"SPRF-RJ";"DEL03-RJ";"UOP03-DEL03-RJ"
315478;2020-10-18;"domingo";"04:30:00";"RJ";116;329;"RESENDE";"Animais na Pista";"Atropelamento de Animal";"Com Vítimas Feridas";"Amanhecer";"Decrescente";"Nublado";"Simples";"Reta";"Não";1;0;1;0;0;0;1;1;-22,50466912;-44,606568;"SPRF-RJ";"DEL07-RJ";"UOP02-DEL07-RJ"
315480;2020-10-18;"domingo";"04:45:00";"SC";101;200;"SAO JOSE";"Falta de Atenção à Condução";"Saída de leito carroçável";"Sem Vítimas";"Amanhecer";"Decrescente";"Céu Claro";"Múltipla";"Reta";"Sim";1;0;0;0;1;0;0;1;-27,54018513;-48,62287714;"SPRF-SC";"DEL01-SC";"UOP01-DEL01-SC"
315481;2020-10-18;"domingo";"05:20:00";"PR";116;86;"PIRAQUARA";"Velocidade Incompatível";"Capotamento";"Com Vítimas Feridas";"Amanhecer";"Crescente";"Sol";"Dupla";"Reta";"Sim";4;0;0;4;0;0;4;1;-25,43479327;-49,08939973;"SPRF-PR";"DEL01-PR";"UOP01-DEL01-PR"
315482;2020-10-18;"domingo";"04:30:00";"SP";381;88,8;"GUARULHOS";"Velocidade Incompatível";"Colisão com objeto estático";"Sem Vítimas";"Plena Noite";"Decrescente";"Céu Claro";"Múltipla";"Reta";"Sim";1;0;0;0;1;0;0;1;-23,47469314;-46,56112919;"SPRF-SP";"DEL03-SP";"UOP01-DEL03-SP"
315483;2020-10-18;"domingo";"02:50:00";"PA";10;308,4;"IRITUIA";"Deficiência ou não Acionamento do Sistema de Iluminação/Sinalização do Veículo";"Colisão traseira";"Com Vítimas Fatais";"Plena Noite";"Decrescente";"Céu Claro";"Simples";"Reta;Declive";"Não";2;1;0;0;0;1;0;2;-1,73858302;-47,50333712;"SPRF-PA";"DEL01-PA";"UOP02-DEL01-PA"
315484;2020-10-18;"domingo";"04:20:00";"RJ";116;143;"DUQUE DE CAXIAS";"Não guardar distância de segurança";"Colisão traseira";"Sem Vítimas";"Amanhecer";"Crescente";"Céu Claro";"Múltipla";"Reta";"Não";2;0;0;0;2;0;0;2;-22,65237271;-43,23918118;"SPRF-RJ";"DEL01-RJ";"UOP01-DEL01-RJ"
315485;2020-10-18;"domingo";"01:40:00";"RO";364;143,4;"PIMENTA BUENO";"Falta de Atenção à Condução";"Saída de leito carroçável";"Com Vítimas Feridas";"Plena Noite";"Decrescente";"Céu Claro";"Simples";"Curva;Declive";"Não";1;0;0;1;0;0;1;1;-12,01222649;-60,87319479;"SPRF-RO";"DEL02-RO";"UOP02-DEL02-RO"
315486;2020-10-18;"domingo";"04:00:00";"MS";267;153;"NOVA ANDRADINA";"Animais na Pista";"Atropelamento de Animal";"Com Vítimas Fatais";"Amanhecer";"Decrescente";"Céu Claro";"Simples";"Aclive";"Não";3;2;0;1;0;0;1;1;-21,64009318;-53,50621937;"SPRF-MS";"DEL02-MS";"UOP03-DEL02-MS"
315487;2020-10-18;"domingo";"05:10:00";"GO";40;5;"VALPARAISO DE GOIAS";"Falta de Atenção à Condução";"Colisão transversal";"Sem Vítimas";"Pleno dia";"Decrescente";"Nublado";"Dupla";"Reta";"Sim";2;0;0;0;2;0;0;2;-16,093134;-47,982236;"SPRF-DF";"DEL01-DF";"UOP01-DEL01-DF"
315489;2020-10-18;"domingo";"04:10:00";"CE";222;312,1;"TIANGUA";"Ingestão de Álcool";"Capotamento";"Com Vítimas Feridas";"Plena Noite";"Crescente";"Céu Claro";"Simples";"Reta";"Sim";5;0;3;0;1;1;3;1;-3,71699311;-40,9914242;"SPRF-CE";"DEL04-CE";"UOP02-DEL04-CE"
315491;2020-10-18;"domingo";"03:33:00";"MT";163;825;"SINOP";"Ingestão de Álcool";"Tombamento";"Com Vítimas Feridas";"Plena Noite";"Crescente";"Céu Claro";"Dupla";"Reta";"Sim";1;0;1;0;0;0;1;1;-12,076576;-55,51755392;"SPRF-MT";"DEL06-MT";"UOP01-DEL06-MT"
315492;2020-10-18;"domingo";"05:00:00";"GO";364;15;"SAO SIMAO";"Desobediência às normas de trânsito pelo condutor";"Colisão transversal";"Com Vítimas Feridas";"Amanhecer";"Crescente";"Céu Claro";"Simples";"Reta";"Não";4;0;1;0;3;0;1;2;-18,963009;-50,615242;"SPRF-GO";"DEL05-GO";"UOP02-DEL05-GO"
315493;2020-10-18;"domingo";"06:05:00";"RS";290;57,8;"GRAVATAI";"Condutor Dormindo";"Saída de leito carroçável";"Com Vítimas Feridas";"Amanhecer";"Crescente";"Céu Claro";"Dupla";"Reta";"Não";2;0;2;0;0;0;2;1;-29,94422537;-50,93948364;"SPRF-RS";"DEL03-RS";"UOP01-DEL03-RS"
315495;2020-10-18;"domingo";"06:30:00";"PE";423;64;"CALCADO";"Ingestão de Álcool";"Saída de leito carroçável";"Com Vítimas Feridas";"Pleno dia";"Crescente";"Céu Claro";"Simples";"Reta";"Não";4;0;0;1;2;1;1;4;-8,66565;-36,36252;"SPRF-PE";"DEL03-PE";"UOP01-DEL03-PE"
315496;2020-10-17;"sábado";"18:30:00";"PI";135;350;"BOM JESUS";"Falta de Atenção à Condução";"Colisão traseira";"Com Vítimas Feridas";"Anoitecer";"Decrescente";"Céu Claro";"Simples";"Ponte";"Não";4;0;3;0;0;1;3;2;-9,07768747;-44,33721471;"SPRF-PI";"DEL03-PI";"UOP02-DEL03-PI"
315497;2020-10-18;"domingo";"05:45:00";"SC";280;18,1;"PALHOCA";"Ingestão de Álcool";"Saída de leito carroçável";"Sem Vítimas";"Amanhecer";"Crescente";"Céu Claro";"Simples";"Reta";"Não";1;0;0;0;1;0;0;1;-27,674774;-48,696442;"SPRF-SC";"DEL03-SC";"UOP03-DEL03-SC"
315498;2020-10-18;"domingo";"03:40:00";"PR";163;98,8;"CAPANEMA";"Animais na Pista";"Atropelamento de Animal";"Sem Vítimas";"Plena Noite";"Decrescente";"Céu Claro";"Simples";"Reta";"Não";2;0;0;0;2;0;0;1;-25,604283;-53,778111;"SPRF-PR";"DEL02-PR";"UOP02-DEL02-PR"
315499;2020-10-18;"domingo";"05:30:00";"MG";381;708;"NEPOMUCENO";"Falta de Atenção à Condução";"Colisão com objeto estático";"Sem Vítimas";"Plena Noite";"Decrescente";"Ignorado";"Dupla";"Curva";"Não";1;0;0;0;0;1;0;1;-21,370524;-45,188652;"SPRF-MG";"DEL04-MG";"UOP02-DEL04-MG"
315500;2020-10-18;"domingo";"03:00:00";"PI";343;580;"FLORIANO";"Falta de Atenção à Condução";"Colisão com objeto estático";"Com Vítimas Feridas";"Anoitecer";"Crescente";"Céu Claro";"Simples";"Rotatória";"Não";2;0;1;1;0;0;2;1;-6,813167;-42,940075;"SPRF-PI";"DEL03-PI";"UOP01-DEL03-PI"
315501;2020-10-18;"domingo";"05:10:00";"RJ";116;39;"TERESOPOLIS";"Falta de Atenção à Condução";"Saída de leito carroçável";"Com Vítimas Feridas";"Plena Noite";"Crescente";"Nublado";"Simples";"Reta";"Não";1;0;1;0;0;0;1;1;-22,1457538;-42,79312134;"SPRF-RJ";"DEL04-RJ";"UOP01-DEL04-RJ"
315502;2020-10-18;"domingo";"06:20:00";"RS";392;22;"RIO GRANDE";"Defeito Mecânico no Veículo";"Queda de ocupante de veículo";"Sem Vítimas";"Pleno dia";"Crescente";"Céu Claro";"Dupla";"Reta";"Não";2;0;0;0;2;0;0;1;-32,08904192;-52,21737499;"SPRF-RS";"DEL07-RS";"UOP02-DEL07-RS"
315503;2020-10-18;"domingo";"03:20:00";"RJ";101;321;"NITEROI";"Agressão Externa";"Colisão com objeto estático";"Com Vítimas Feridas";"Plena Noite";"Crescente";"Céu Claro";"Dupla";"Curva";"Sim";1;0;0;1;0;0;1;1;-22,86981096;-43,11046465;"SPRF-RJ";"DEL02-RJ";"UOP02-DEL02-RJ"
315504;2020-10-17;"sábado";"14:50:00";"MT";364;511;"JANGADA";"Falta de Atenção à Condução";"Saída de leito carroçável";"Com Vítimas Feridas";"Pleno dia";"Crescente";"Céu Claro";"Simples";"Reta";"Não";2;0;1;0;1;0;1;1;-15,17443126;-56,52465724;"SPRF-MT";"DEL01-MT";"UOP01-DEL01-MT"
315505;2020-10-17;"sábado";"18:30:00";"MT";364;537,8;"ROSARIO OESTE";"Falta de Atenção à Condução";"Capotamento";"Com Vítimas Feridas";"Plena Noite";"Crescente";"Nublado";"Simples";"Reta";"Não";5;0;3;1;1;0;4;1;-14,94589609;-56,50286993;"SPRF-MT";"DEL01-MT";"UOP01-DEL01-MT"
315506;2020-10-18;"domingo";"06:40:00";"PE";232;103,4;"BEZERROS";"Falta de Atenção à Condução";"Saída de leito carroçável";"Com Vítimas Feridas";"Pleno dia";"Crescente";"Céu Claro";"Dupla";"Reta";"Não";2;0;2;0;0;0;2;1;-8,25219029;-35,76584983;"SPRF-PE";"DEL02-PE";"UOP03-DEL02-PE"
315507;2020-10-17;"sábado";"19:30:00";"MT";364;684,3;"DIAMANTINO";"Deficiência ou não Acionamento do Sistema de Iluminação/Sinalização do Veículo";"Colisão traseira";"Com Vítimas Fatais";"Plena Noite";"Crescente";"Nublado";"Simples";"Reta";"Não";4;1;0;0;3;0;0;2;-14,164263;-57,110653;"SPRF-MT";"DEL01-MT";"UOP01-DEL01-MT"
315508;2020-10-18;"domingo";"07:45:00";"SE";235;28,5;"AREIA BRANCA";"Falta de Atenção à Condução";"Queda de ocupante de veículo";"Com Vítimas Feridas";"Pleno dia";"Crescente";"Céu Claro";"Simples";"Curva";"Não";1;0;1;0;0;0;1;1;-10,79339;-37,278835;"SPRF-SE";"DEL01-SE";"UOP02-DEL01-SE"
315509;2020-10-18;"domingo";"06:30:00";"PB";230;9,7;"CABEDELO";"Falta de Atenção à Condução";"Colisão com objeto estático";"Sem Vítimas";"Pleno dia";"Decrescente";"Sol";"Dupla";"Desvio Temporário";"Sim";2;0;0;0;0;2;0;2;-7,05031107;-34,84940085;"SPRF-PB";"DEL01-PB";"UOP01-DEL01-PB"
315511;2020-10-18;"domingo";"06:00:00";"PR";116;148;"MANDIRITUBA";"Falta de Atenção à Condução";"Saída de leito carroçável";"Com Vítimas Feridas";"Amanhecer";"Decrescente";"Céu Claro";"Simples";"Curva";"Não";1;0;1;0;0;0;1;1;-25,79935303;-49,32952786;"SPRF-PR";"DEL01-PR";"UOP03-DEL01-PR"
315513;2020-10-18;"domingo";"08:50:00";"PR";376;181;"MARINGA";"Falta de Atenção à Condução";"Colisão lateral";"Com Vítimas Feridas";"Pleno dia";"Decrescente";"Céu Claro";"Dupla";"Reta";"Sim";3;0;1;0;1;1;1;2;-23,42725352;-51,89512271;"SPRF-PR";"DEL09-PR";"UOP01-DEL09-PR"
315514;2020-10-18;"domingo";"08:15:00";"PE";408;89;"SAO LOURENCO DA MATA";"Falta de Atenção à Condução";"Colisão transversal";"Com Vítimas Feridas";"Pleno dia";"Crescente";"Céu Claro";"Dupla";"Reta";"Sim";4;0;3;0;1;0;3;2;-7,983737;-35,07987;"SPRF-PE";"DEL01-PE";"UOP01-DEL01-PE"
315515;2020-10-18;"domingo";"08:30:00";"PB";230;148;"CAMPINA GRANDE";"Pista Escorregadia";"Queda de ocupante de veículo";"Com Vítimas Feridas";"Pleno dia";"Crescente";"Céu Claro";"Múltipla";"Rotatória";"Sim";2;0;2;0;0;0;2;1;-7,238;-35,8656;"SPRF-PB";"DEL02-PB";"UOP01-DEL02-PB"
315516;2020-10-18;"domingo";"08:50:00";"RJ";40;25,3;"TRES RIOS";"Falta de Atenção à Condução";"Colisão traseira";"Com Vítimas Feridas";"Pleno dia";"Decrescente";"Céu Claro";"Dupla";"Curva";"Sim";2;0;1;0;1;0;1;2;-22,13812601;-43,1592825;"SPRF-RJ";"DEL05-RJ";"UOP02-DEL05-RJ"
315517;2020-10-18;"domingo";"02:30:00";"PR";369;102,1;"URAI";"Falta de Atenção à Condução";"Saída de leito carroçável";"Com Vítimas Feridas";"Plena Noite";"Crescente";"Céu Claro";"Dupla";"Reta";"Não";1;0;1;0;0;0;1;1;-23,24713813;-50,72910726;"SPRF-PR";"DEL07-PR";"UOP01-DEL07-PR"
315518;2020-10-18;"domingo";"08:30:00";"SP";381;30;"ATIBAIA";"Falta de Atenção à Condução";"Colisão com objeto estático";"Com Vítimas Feridas";"Pleno dia";"Decrescente";"Céu Claro";"Dupla";"Reta";"Sim";1;0;1;0;0;0;1;1;-23,04885102;-46,56482797;"SPRF-SP";"DEL03-SP";"UOP01-DEL03-SP"
315519;2020-10-18;"domingo";"08:30:00";"BA";101;536;"SAO JOSE DA VITORIA";"Velocidade Incompatível";"Saída de leito carroçável";"Com Vítimas Feridas";"Pleno dia";"Decrescente";"Céu Claro";"Simples";"Curva";"Não";1;0;1;0;0;0;1;1;-15,038031;-39,330855;"SPRF-BA";"DEL05-BA";"UOP01-DEL05-BA"
315520;2020-10-11;"domingo";"04:30:00";"AL";316;140;"ESTRELA DE ALAGOAS";"Falta de Atenção à Condução";"Queda de ocupante de veículo";"Sem Vítimas";"Plena Noite";"Crescente";"Céu Claro";"Simples";"Reta";"Sim";1;0;0;0;0;1;0;1;-9,39046832;-36,75850007;"SPRF-AL";"DEL03-AL";"UOP01-DEL03-AL"
315521;2020-10-18;"domingo";"09:40:00";"RS";290;0;"OSORIO";"Animais na Pista";"Atropelamento de Animal";"Com Vítimas Feridas";"Pleno dia";"Decrescente";"Céu Claro";"Dupla";"Reta";"Não";1;0;0;1;0;0;1;1;-29,8902766;-50,27978009;"SPRF-RS";"DEL03-RS";"UOP01-DEL03-RS"
315522;2020-10-18;"domingo";"09:40:00";"ES";262;33,5;"DOMINGOS MARTINS";"Velocidade Incompatível";"Tombamento";"Com Vítimas Feridas";"Pleno dia";"Crescente";"Nublado";"Simples";"Curva;Aclive";"Não";2;0;1;1;0;0;2;1;-20,37720309;-40,58115901;"SPRF-ES";"DEL01-ES";"UOP01-DEL01-ES"
315523;2020-10-18;"domingo";"06:50:00";"MG";262;22,1;"MARTINS SOARES";"Falta de Atenção à Condução";"Colisão transversal";"Com Vítimas Feridas";"Pleno dia";"Decrescente";"Nublado";"Simples";"Curva";"Não";4;0;3;1;0;0;4;2;-20,24575292;-41,92502101;"SPRF-MG";"DEL06-MG";"UOP03-DEL06-MG"
315525;2020-10-18;"domingo";"09:40:00";"PR";277;12,4;"PARANAGUA";"Desobediência às normas de trânsito pelo condutor";"Colisão transversal";"Com Vítimas Feridas";"Pleno dia";"Crescente";"Nublado";"Dupla";"Reta";"Não";3;0;3;0;0;0;3;2;-25,5627406;-48,6383714;"SPRF-PR";"DEL01-PR";"UOP05-DEL01-PR"
315526;2020-10-18;"domingo";"09:10:00";"SC";101;203;"SAO JOSE";"Agressão Externa";"Colisão com objeto estático";"Com Vítimas Feridas";"Pleno dia";"Crescente";"Sol";"Dupla";"Interseção de Vias";"Sim";4;0;1;2;0;1;3;2;-27,5650044;-48,61460082;"SPRF-SC";"DEL01-SC";"UOP01-DEL01-SC"
315527;2020-10-18;"domingo";"07:40:00";"RO";435;48;"VILHENA";"Animais na Pista";"Atropelamento de Animal";"Com Vítimas Feridas";"Pleno dia";"Decrescente";"Nublado";"Simples";"Reta";"Não";1;0;1;0;0;0;1;1;-12,9531148;-60,39298654;"SPRF-RO";"DEL04-RO";"UOP02-DEL04-RO"
315529;2020-10-18;"domingo";"10:00:00";"RS";116;234;"NOVO HAMBURGO";"Falta de Atenção à Condução";"Saída de leito carroçável";"Sem Vítimas";"Pleno dia";"Decrescente";"Sol";"Simples";"Curva";"Sim";1;0;0;0;1;0;0;1;-29,65251667;-51,14461899;"SPRF-RS";"DEL01-RS";"UOP02-DEL01-RS"
315530;2020-10-18;"domingo";"07:15:00";"RJ";356;64;"ITAPERUNA";"Falta de Atenção à Condução";"Saída de leito carroçável";"Com Vítimas Fatais";"Amanhecer";"Decrescente";"Nublado";"Simples";"Declive;Curva";"Não";1;1;0;0;0;0;0;1;-21,343982;-41,71481;"SPRF-RJ";"DEL08-RJ";"UOP03-DEL08-RJ"
315531;2020-10-18;"domingo";"01:30:00";"MS";267;228,8;"NOVA ALVORADA DO SUL";"Falta de Atenção à Condução";"Saída de leito carroçável";"Sem Vítimas";"Plena Noite";"Crescente";"Céu Claro";"Simples";"Reta";"Não";1;0;0;0;0;1;0;1;-21,53642988;-54,19884999;"SPRF-MS";"DEL02-MS";"UOP01-DEL02-MS"
315533;2020-10-18;"domingo";"10:10:00";"CE";222;7;"CAUCAIA";"Desobediência às normas de trânsito pelo condutor";"Saída de leito carroçável";"Com Vítimas Feridas";"Pleno dia";"Decrescente";"Sol";"Dupla";"Reta";"Sim";5;0;3;1;0;1;4;2;-3,74589811;-38,62338066;"SPRF-CE";"DEL01-CE";"UOP01-DEL01-CE"
315535;2020-10-18;"domingo";"10:00:00";"MG";262;381,5;"JUATUBA";"Velocidade Incompatível";"Queda de ocupante de veículo";"Com Vítimas Feridas";"Pleno dia";"Crescente";"Céu Claro";"Dupla";"Curva";"Não";1;0;1;0;0;0;1;1;-19,940622;-44,386969;"SPRF-MG";"DEL01-MG";"UOP03-DEL01-MG"
315536;2020-10-18;"domingo";"08:30:00";"ES";262;73,3;"DOMINGOS MARTINS";"Velocidade Incompatível";"Colisão com objeto estático";"Com Vítimas Feridas";"Pleno dia";"Crescente";"Chuva";"Simples";"Ponte";"Não";3;0;1;2;0;0;3;1;-20,40947732;-40,88695049;"SPRF-ES";"DEL01-ES";"UOP02-DEL01-ES"