"id";"data_inversa";"dia_semana";"horario";"uf";"br";"km";"municipio";"causa_acidente";"tipo_acidente";"classificacao_acidente";"fase_dia";"sentido_via";"condicao_metereologica";"tipo_pista";"tracado_via";"uso_solo";"pessoas";"mortos";"feridos_leves";"feridos_graves";"ilesos";"ignorados";"feridos";"veiculos";"latitude";"longitude";"regional";"delegacia";"uop"
315537;2020-10-18;"domingo";"09:20:00";"RO";364;703;"PORTO VELHO";"Não guardar distância de segurança";"Colisão traseira";"Com Vítimas Feridas";"Pleno dia";"Decrescente";"Céu Claro";"Dupla";"Reta";"Sim";3;0;0;1;0;2;1;3;-8,80021523;-63,79557792;"SPRF-RO";"DEL01-RO";"UOP01-DEL01-RO"
315539;2020-10-18;"domingo";"11:20:00";"SC";101;117,3;"ITAJAI";"Ingestão de Álcool";"Colisão transversal";"Com Vítimas Feridas";"Pleno dia";"Crescente";"Sol";"Múltipla";"Interseção de Vias";"Não";3;0;2;0;1;0;2;2;-26,88747187;-48,72252969;"SPRF-SC";"DEL04-SC";"UOP04-DEL04-SC"
315540;2020-10-18;"domingo";"06:30:00";"RO";364;454;"JARU";"Condutor Dormindo";"Saída de leito carroçável";"Com Vítimas Feridas";"Amanhecer";"Crescente";"Céu Claro";"Simples";"Declive";"Não";2;0;0;2;0;0;2;1;-10,27805943;-62,68306531;"SPRF-RO";"DEL03-RO";"UOP02-DEL03-RO"
315541;2020-10-18;"domingo";"12:00:00";"PE";232;208,8;"PESQUEIRA";"Falta de Atenção à Condução";"Colisão lateral";"Sem Vítimas";"Pleno dia";"Crescente";"Sol";"Simples";"Reta";"Sim";2;0;0;0;0;2;0;2;-8,36666789;-36,68869898;"SPRF-PE";"DEL02-PE";"UOP03-DEL02-PE"
315543;2020-10-18;"domingo";"11:45:00";"PR";153;206,6;"TIBAGI";"Desobediência às normas de trânsito pelo condutor";"Colisão transversal";"Com Vítimas Feridas";"Pleno dia";"Decrescente";"Sol";"Simples";"Interseção de Vias";"Não";6;0;1;1;4;0;2;2;-24,51310623;-50,43737832;"SPRF-PR";"DEL03-PR";"UOP02-DEL03-PR"
315544;2020-10-18;"domingo";"10:30:00";"MA";135;7,8;"SAO LUIS";"Falta de Atenção à Condução";"Colisão transversal";"Com Vítimas Feridas";"Pleno dia";"Decrescente";"Céu Claro";"Dupla";"Reta";"Sim";4;0;2;0;2;0;2;2;-2,63608835;-44,26848552;"SPRF-MA";"DEL01-MA";"UOP01-DEL01-MA"
315545;2020-10-18;"domingo";"12:15:00";"SP";116;541;"BARRA DO TURVO";"Falta de Atenção à Condução";"Colisão com objeto estático";"Com Vítimas Feridas";"Pleno dia";"Crescente";"Céu Claro";"Dupla";"Curva;Aclive";"Não";4;0;1;0;3;0;1;1;-24,97245688;-48,39976606;"SPRF-SP";"DEL05-SP";"UOP02-DEL05-SP"
315547;2020-10-18;"domingo";"12:00:00";"RJ";116;285;"BARRA MANSA";"Falta de Atenção à Condução";"Colisão traseira";"Com Vítimas Feridas";"Pleno dia";"Crescente";"Nublado";"Dupla";"Reta";"Sim";3;0;2;0;1;0;2;2;-22,50496778;-44,22509483;"SPRF-RJ";"DEL07-RJ";"UOP02-DEL07-RJ"
315548;2020-10-18;"domingo";"07:50:00";"RJ";40;105;"DUQUE DE CAXIAS";"Falta de Atenção do Pedestre";"Atropelamento de Pedestre";"Com Vítimas Feridas";"Pleno dia";"Decrescente";"Céu Claro";"Simples";"Reta";"Sim";2;0;1;0;1;0;1;2;-22,63784806;-43,28428824;"SPRF-RJ";"DEL01-RJ";"UOP01-DEL01-RJ"
315549;2020-10-18;"domingo";"14:00:00";"CE";222;6;"CAUCAIA";"Falta de Atenção à Condução";"Tombamento";"Com Vítimas Feridas";"Pleno dia";"Crescente";"Céu Claro";"Simples";"Viaduto";"Sim";1;0;1;0;0;0;1;1;-3,74539216;-38,62188041;"SPRF-CE";"DEL01-CE";"UOP01-DEL01-CE"
315550;2020-10-18;"domingo";"10:20:00";"RJ";101;333;"RIO DE JANEIRO";"Falta de Atenção à Condução";"Colisão traseira";"Com Vítimas Feridas";"Pleno dia";"Crescente";"Céu Claro";"Dupla";"Reta";"Não";6;0;3;0;3;0;3;3;-22,87827816;-43,21053578;"SPRF-RJ";"DEL02-RJ";"UOP02-DEL02-RJ"
315551;2020-10-18;"domingo";"13:45:00";"AP";210;2;"MACAPA";"Desobediência às normas de trânsito pelo condutor";"Colisão lateral";"Com Vítimas Feridas";"Pleno dia";"Crescente";"Céu Claro";"Simples";"Interseção de Vias";"Sim";4;0;4;0;0;0;4;2;0,08282017;-51,07776189;"SPRF-AP";"DEL01-AP";"UOP01-DEL01-AP"
315552;2020-10-18;"domingo";"11:15:00";"RJ";116;278;"BARRA MANSA";"Falta de Atenção à Condução";"Queda de ocupante de veículo";"Com Vítimas Feridas";"Pleno dia";"Crescente";"Nublado";"Múltipla";"Curva";"Não";1;0;1;0;0;0;1;1;-22,55271018;-44,17778004;"SPRF-RJ";"DEL07-RJ";"UOP02-DEL07-RJ"
315553;2020-10-18;"domingo";"12:15:00";"PR";376;261,7;"MARILANDIA DO SUL";"Falta de Atenção à Condução";"Colisão traseira";"Com Vítimas Feridas";"Pleno dia";"Decrescente";"Céu Claro";"Dupla";"Curva";"Não";3;0;3;0;0;0;3;2;-23,70927793;-51,32245185;"SPRF-PR";"DEL07-PR";"UOP03-DEL07-PR"
315554;2020-10-18;"domingo";"14:30:00";"PE";104;121;"PANELAS";"Desobediência às normas de trânsito pelo condutor";"Colisão frontal";"Com Vítimas Feridas";"Pleno dia";"Crescente";"Céu Claro";"Simples";"Reta;Declive";"Não";2;0;1;0;1;0;1;2;-8,70717;-36,026234;"SPRF-PE";"DEL02-PE";"UOP01-DEL02-PE"
315557;2020-10-18;"domingo";"14:34:00";"PR";116;131,8;"FAZENDA RIO GRANDE";"Desobediência às normas de trânsito pelo condutor";"Colisão traseira";"Com Vítimas Feridas";"Pleno dia";"Crescente";"Céu Claro";"Dupla";"Reta";"Não";2;0;1;0;0;1;1;2;-25,688304;-49,316719;"SPRF-PR";"DEL01-PR";"UOP03-DEL01-PR"
315560;2020-10-18;"domingo";"15:30:00";"SC";101;342;"TUBARAO";"Não guardar distância de segurança";"Colisão traseira";"Com Vítimas Feridas";"Pleno dia";"Crescente";"Céu Claro";"Dupla";"Reta";"Sim";6;0;3;0;3;0;3;2;-28,51875992;-49,05388322;"SPRF-SC";"DEL02-SC";"UOP01-DEL02-SC"
315561;2020-10-18;"domingo";"13:50:00";"MG";116;505,8;"INHAPIM";"Ingestão de Álcool";"Colisão transversal";"Sem Vítimas";"Pleno dia";"Crescente";"Nublado";"Simples";"Reta";"Não";2;0;0;0;2;0;0;2;-19,6030931;-42,11376783;"SPRF-MG";"DEL06-MG";"UOP02-DEL06-MG"
315562;2020-10-18;"domingo";"15:00:00";"RJ";116;298;"RESENDE";"Falta de Atenção à Condução";"Saída de leito carroçável";"Com Vítimas Feridas";"Pleno dia";"Decrescente";"Nublado";"Múltipla";"Reta";"Não";3;0;2;0;1;0;2;1;-22,45083254;-44,33823701;"SPRF-RJ";"DEL07-RJ";"UOP02-DEL07-RJ"
315564;2020-10-18;"domingo";"13:15:00";"SC";101;150;"ITAPEMA";"Ingestão de Álcool";"Colisão traseira";"Com Vítimas Feridas";"Pleno dia";"Decrescente";"Céu Claro";"Dupla";"Reta";"Não";2;0;1;0;1;0;1;2;-27,11744799;-48,60940987;"SPRF-SC";"DEL04-SC";"UOP03-DEL04-SC"
315565;2020-10-18;"domingo";"15:50:00";"PR";369;514,9;"CASCAVEL";"Defeito Mecânico no Veículo";"Tombamento";"Com Vítimas Feridas";"Pleno dia";"Decrescente";"Sol";"Simples";"Curva";"Não";2;0;2;0;0;0;2;1;-24,8893;-53,3484;"SPRF-PR";"DEL09-PR";"UOP03-DEL09-PR"
315566;2020-10-18;"domingo";"15:50:00";"SC";470;29,1;"GASPAR";"Desobediência às normas de trânsito pelo condutor";"Colisão lateral";"Com Vítimas Feridas";"Pleno dia";"Crescente";"Nublado";"Dupla";"Reta";"Não";4;0;3;0;1;0;3;2;-26,89362;-48,903973;"SPRF-SC";"DEL04-SC";"UOP01-DEL04-SC"
315567;2020-10-18;"domingo";"16:30:00";"SC";101;410;"ARARANGUA";"Falta de Atenção à Condução";"Colisão transversal";"Com Vítimas Feridas";"Pleno dia";"Decrescente";"Céu Claro";"Simples";"Reta";"Sim";2;0;1;0;1;0;1;2;-28,9225061;-49,4913107;"SPRF-SC";"DEL02-SC";"UOP02-DEL02-SC"
315568;2020-10-18;"domingo";"16:20:00";"SP";381;47,7;"ATIBAIA";"Não guardar distância de segurança";"Colisão lateral";"Com Vítimas Feridas";"Pleno dia";"Crescente";"Céu Claro";"Dupla";"Reta";"Sim";5;0;0;2;3;0;2;3;-23,19387653;-46,58592196;"SPRF-SP";"DEL03-SP";"UOP01-DEL03-SP"
315569;2020-10-18;"domingo";"14:00:00";"AP";156;668;"CALCOENE";"Falta de Atenção à Condução";"Saída de leito carroçável";"Com Vítimas Feridas";"Pleno dia";"Decrescente";"Céu Claro";"Simples";"Declive";"Não";3;0;1;1;1;0;2;1;2,755631;-51,38002574;"SPRF-AP";"DEL01-AP";"UOP01-DEL01-AP"
315571;2020-10-18;"domingo";"16:50:00";"BA";407;131,7;"SENHOR DO BONFIM";"Ingestão de Álcool";"Colisão traseira";"Com Vítimas Feridas";"Pleno dia";"Decrescente";"Céu Claro";"Simples";"Declive";"Não";6;0;1;0;5;0;1;2;-10,49567411;-40,16127128;"SPRF-BA";"DEL04-BA";"UOP01-DEL04-BA"
315572;2020-10-18;"domingo";"17:10:00";"MG";365;620;"UBERLANDIA";"Falta de Atenção à Condução";"Colisão com objeto estático";"Sem Vítimas";"Pleno dia";"Crescente";"Chuva";"Dupla";"Reta";"Sim";2;0;0;0;2;0;0;1;-18,90349687;-48,28130603;"SPRF-MG";"DEL15-MG";"UOP01-DEL15-MG"
315574;2020-10-18;"domingo";"17:15:00";"MG";153;109;"PRATA";"Desobediência às normas de trânsito pelo condutor";"Queda de ocupante de veículo";"Com Vítimas Feridas";"Pleno dia";"Crescente";"Céu Claro";"Simples";"Declive";"Não";1;0;0;1;0;0;1;1;-19,30556886;-48,90718711;"SPRF-MG";"DEL15-MG";"UOP03-DEL15-MG"
315575;2020-10-18;"domingo";"16:45:00";"SP";116;443;"REGISTRO";"Defeito Mecânico no Veículo";"Incêndio";"Sem Vítimas";"Anoitecer";"Crescente";"Nublado";"Dupla";"Reta";"Não";3;0;0;0;3;0;0;1;-24,48336513;-47,8324358;"SPRF-SP";"DEL05-SP";"UOP01-DEL05-SP"
315576;2020-10-18;"domingo";"17:20:00";"MG";50;74;"UBERLANDIA";"Desobediência às normas de trânsito pelo condutor";"Tombamento";"Com Vítimas Feridas";"Pleno dia";"Decrescente";"Nublado";"Dupla";"Reta";"Sim";1;0;1;0;0;0;1;1;-18,85140204;-48,25345932;"SPRF-MG";"DEL15-MG";"UOP01-DEL15-MG"
315578;2020-10-18;"domingo";"17:10:00";"SC";101;213;"PALHOCA";"Falta de Atenção à Condução";"Colisão traseira";"Com Vítimas Feridas";"Pleno dia";"Decrescente";"Céu Claro";"Múltipla";"Reta";"Sim";4;0;2;0;2;0;2;3;-27,63697369;-48,66514142;"SPRF-SC";"DEL01-SC";"UOP02-DEL01-SC"
315579;2020-10-18;"domingo";"17:20:00";"SC";101;136;"BALNEARIO CAMBORIU";"Falta de Atenção à Condução";"Colisão lateral";"Com Vítimas Feridas";"Pleno dia";"Decrescente";"Céu Claro";"Dupla";"Reta";"Sim";4;0;3;0;1;0;3;3;-27,008113;-48,617245;"SPRF-SC";"DEL04-SC";"UOP03-DEL04-SC"
315581;2020-10-18;"domingo";"16:30:00";"GO";50;109;"CRISTALINA";"Pista Escorregadia";"Saída de leito carroçável";"Sem Vítimas";"Pleno dia";"Decrescente";"Chuva";"Dupla";"Reta";"Não";1;0;0;0;1;0;0;1;-16,9309;-47,7117;"SPRF-DF";"DEL01-DF";"UOP02-DEL01-DF"
315583;2020-10-18;"domingo";"17:00:00";"SP";116;311;"SAO LOURENCO DA SERRA";"Mal Súbito";"Colisão traseira";"Com Vítimas Feridas";"Pleno dia";"Crescente";"Céu Claro";"Dupla";"Declive";"Não";4;0;0;2;2;0;2;2;-23,87725502;-46,96775798;"SPRF-SP";"DEL04-SP";"UOP01-DEL04-SP"
315584;2020-10-18;"domingo";"17:50:00";"CE";20;430;"FORTALEZA";"Desobediência às normas de trânsito pelo condutor";"Colisão com objeto estático";"Com Vítimas Feridas";"Anoitecer";"Decrescente";"Céu Claro";"Dupla";"Reta";"Sim";1;0;1;0;0;0;1;1;-3,87235075;-38,49569182;"SPRF-CE";"DEL01-CE";"UOP02-DEL01-CE"
315585;2020-10-18;"domingo";"17:15:00";"MG";381;455;"BELO HORIZONTE";"Falta de Atenção à Condução";"Colisão lateral";"Com Vítimas Feridas";"Anoitecer";"Crescente";"Céu Claro";"Simples";"Reta";"Não";2;0;0;1;1;0;1;2;-19,85777408;-43,90468298;"SPRF-MG";"DEL01-MG";"UOP01-DEL01-MG"
315588;2020-10-18;"domingo";"15:50:00";"PR";163;194,6;"SANTA TEREZA DO OESTE";"Avarias e/ou desgaste excessivo no pneu";"Saída de leito carroçável";"Com Vítimas Feridas";"Pleno dia";"Crescente";"Sol";"Dupla";"Curva";"Não";2;0;1;0;1;0;1;1;-25,047568;-53,55674;"SPRF-PR";"DEL05-PR";"UOP05-DEL05-PR"
315589;2020-10-18;"domingo";"17:20:00";"RS";116;227;"DOIS IRMAOS";"Ingestão de Álcool";"Colisão transversal";"Com Vítimas Feridas";"Pleno dia";"Crescente";"Céu Claro";"Simples";"Interseção de Vias";"Sim";7;0;2;0;5;0;2;3;-29,60482402;-51,12527692;"SPRF-RS";"DEL01-RS";"UOP02-DEL01-RS"
315590;2020-10-18;"domingo";"16:30:00";"GO";60;123;"TEREZOPOLIS DE GOIAS";"Pista Escorregadia";"Saída de leito carroçável";"Com Vítimas Feridas";"Pleno dia";"Decrescente";"Chuva";"Dupla";"Reta";"Não";1;0;1;0;0;0;1;1;-16,5184;-49,1242;"SPRF-GO";"DEL01-GO";"UOP01-DEL01-GO"
315593;2020-10-18;"domingo";"18:30:00";"SP";116;269;"TABOAO DA SERRA";"Falta de Atenção do Pedestre";"Atropelamento de Pedestre";"Com Vítimas Feridas";"Plena Noite";"Decrescente";"Céu Claro";"Dupla";"Curva";"Sim";2;0;1;0;1;0;1;2;-23,61593059;-46,78826044;"SPRF-SP";"DEL04-SP";"UOP01-DEL04-SP"
315595;2020-10-18;"domingo";"17:27:00";"MT";364;381,1;"CUIABA";"Desobediência às normas de trânsito pelo condutor";"Colisão traseira";"Com Vítimas Feridas";"Pleno dia";"Crescente";"Sol";"Dupla";"Reta";"Não";6;0;2;2;2;0;4;2;-15,70317529;-55,77326499;"SPRF-MT";"DEL01-MT";"UOP02-DEL01-MT"
315597;2020-10-18;"domingo";"19:00:00";"MG";116;701,4;"MURIAE";"Falta de Atenção à Condução";"Colisão transversal";"Com Vítimas Feridas";"Plena Noite";"Decrescente";"Nublado";"Simples";"Reta";"Sim";2;0;1;0;1;0;1;2;-21,11084891;-42,3806104;"SPRF-MG";"DEL07-MG";"UOP02-DEL07-MG"
315598;2020-10-18;"domingo";"17:40:00";"GO";60;3;"SANTO ANTONIO DO DESCOBERTO";"Fenômenos da Natureza";"Saída de leito carroçável";"Com Vítimas Feridas";"Anoitecer";"Crescente";"Chuva";"Dupla";"Curva;Declive";"Não";2;0;2;0;0;0;2;1;-16,07658639;-48,26800346;"SPRF-DF";"DEL03-DF";"UOP01-DEL03-DF"
315600;2020-10-18;"domingo";"19:10:00";"DF";70;10;"BRASILIA";"Ingestão de Álcool";"Atropelamento de Pedestre";"Com Vítimas Feridas";"Plena Noite";"Crescente";"Céu Claro";"Dupla";"Reta";"Sim";2;0;1;0;1;0;1;2;-15,787066;-48,140709;"SPRF-DF";"DEL03-DF";"UOP02-DEL03-DF"
315603;2020-10-18;"domingo";"15:00:00";"SC";282;550,9;"NOVA ITABERABA";"Não guardar distância de segurança";"Colisão traseira";"Com Vítimas Feridas";"Pleno dia";"Crescente";"Céu Claro";"Simples";"Reta";"Não";4;0;2;0;2;0;2;3;-26,958057;-52,771416;"SPRF-SC";"DEL07-SC";"UOP01-DEL07-SC"
315606;2020-10-18;"domingo";"17:40:00";"RS";386;216,8;"TIO HUGO";"Não guardar distância de segurança";"Engavetamento";"Com Vítimas Feridas";"Anoitecer";"Decrescente";"Céu Claro";"Simples";"Reta";"Não";10;0;3;0;7;0;3;3;-28,584908;-52,599743;"SPRF-RS";"DEL04-RS";"UOP03-DEL04-RS"
315607;2020-10-18;"domingo";"19:20:00";"PR";116;10,7;"COLOMBO";"Falta de Atenção à Condução";"Queda de ocupante de veículo";"Com Vítimas Feridas";"Plena Noite";"Crescente";"Céu Claro";"Dupla";"Reta;Aclive";"Sim";1;0;1;0;0;0;1;1;-25,3719;-49,134;"SPRF-PR";"DEL01-PR";"UOP02-DEL01-PR"
315608;2020-10-18;"domingo";"18:50:00";"RS";287;260;"SANTA MARIA";"Ingestão de Álcool";"Saída de leito carroçável";"Com Vítimas Feridas";"Anoitecer";"Crescente";"Céu Claro";"Simples";"Reta";"Não";2;0;1;0;0;1;1;2;-29,67478774;-53,97101397;"SPRF-RS";"DEL09-RS";"UOP01-DEL09-RS"
315609;2020-10-18;"domingo";"19:00:00";"MS";60;638,5;"BELA VISTA";"Falta de Atenção à Condução";"Tombamento";"Com Vítimas Feridas";"Plena Noite";"Crescente";"Garoa/Chuvisco";"Simples";"Reta";"Não";2;0;0;2;0;0;2;1;-21,82435095;-56,28022505;"SPRF-MS";"DEL05-MS";"UOP01-DEL05-MS"
315610;2020-10-18;"domingo";"16:15:00";"MG";262;31;"REDUTO";"Falta de Atenção à Condução";"Colisão transversal";"Com Vítimas Feridas";"Pleno dia";"Decrescente";"Nublado";"Simples";"Reta";"Não";3;0;1;0;2;0;1;2;-20,2532742;-41,992629;"SPRF-MG";"DEL06-MG";"UOP03-DEL06-MG"
315612;2020-10-18;"domingo";"20:00:00";"CE";116;375,4;"ICO";"Velocidade Incompatível";"Colisão traseira";"Com Vítimas Fatais";"Plena Noite";"Crescente";"Céu Claro";"Simples";"Reta";"Sim";4;2;0;1;1;0;1;2;-6,3951252;-38,83101685;"SPRF-CE";"DEL05-CE";"UOP01-DEL05-CE"
315613;2020-10-18;"domingo";"18:00:00";"PB";230;2,6;"CABEDELO";"Falta de Atenção à Condução";"Colisão transversal";"Com Vítimas Feridas";"Plena Noite";"Crescente";"Céu Claro";"Dupla";"Retorno Regulamentado;Reta";"Sim";2;0;1;0;1;0;1;2;-6,99056582;-34,82871121;"SPRF-PB";"DEL01-PB";"UOP01-DEL01-PB"
315614;2020-10-18;"domingo";"18:50:00";"GO";70;3;"AGUAS LINDAS DE GOIAS";"Falta de Atenção à Condução";"Colisão com objeto estático";"Com Vítimas Feridas";"Plena Noite";"Decrescente";"Chuva";"Dupla";"Reta";"Não";1;0;0;1;0;0;1;1;-15,76177302;-48,2368693;"SPRF-DF";"DEL03-DF";"UOP02-DEL03-DF"
315615;2020-10-18;"domingo";"20:00:00";"AL";316;99,9;"SANTANA DO IPANEMA";"Ingestão de Álcool";"Colisão traseira";"Com Vítimas Fatais";"Plena Noite";"Decrescente";"Céu Claro";"Simples";"Aclive;Reta";"Não";4;1;0;1;0;2;1;3;-9,38781218;-37,12517901;"SPRF-AL";"DEL03-AL";"UOP02-DEL03-AL"
315616;2020-10-04;"domingo";"10:20:00";"PB";361;51,1;"CATINGUEIRA";"Ultrapassagem Indevida";"Saída de leito carroçável";"Com Vítimas Feridas";"Pleno dia";"Decrescente";"Céu Claro";"Simples";"Curva";"Não";2;0;1;0;0;1;1;2;-7,15471402;-37,661826;"SPRF-PB";"DEL03-PB";"UOP01-DEL03-PB"
315617;2020-10-18;"domingo";"20:15:00";"BA";407;6;"JUAZEIRO";"Falta de Atenção à Condução";"Colisão traseira";"Sem Vítimas";"Plena Noite";"Crescente";"Vento";"Simples";"Reta";"Sim";2;0;0;0;1;1;0;2;-9,45595491;-40,48655981;"SPRF-PE";"DEL06-PE";"UOP01-DEL06-PE"
315619;2020-10-18;"domingo";"20:20:00";"AL";423;99,9;"DELMIRO GOUVEIA";"Ingestão de Álcool";"Colisão com objeto estático";"Com Vítimas Feridas";"Plena Noite";"Crescente";"Céu Claro";"Simples";"Reta;Aclive";"Não";1;0;0;1;0;0;1;1;-9,38724153;-38,14889982;"SPRF-BA";"DEL07-BA";"UOP01-DEL07-BA"
315620;2020-10-18;"domingo";"19:50:00";"BA";324;530;"FEIRA DE SANTANA";"Ingestão de Álcool";"Saída de leito carroçável";"Sem Vítimas";"Plena Noite";"Decrescente";"Chuva";"Dupla";"Reta";"Não";1;0;0;0;0;1;0;1;-12,33731065;-38,84925712;"SPRF-BA";"DEL01-BA";"UOP03-DEL01-BA"
315621;2020-10-14;"quarta-feira";"18:30:00";"MG";381;455;"BELO HORIZONTE";"Falta de Atenção à Condução";"Colisão lateral";"Com Vítimas Feridas";"Anoitecer";"Decrescente";"Céu Claro";"Simples";"Reta";"Não";3;0;1;0;2;0;1;2;-19,85777408;-43,90468298;"SPRF-MG";"DEL01-MG";"UOP01-DEL01-MG"
315622;2020-10-18;"domingo";"19:20:00";"RJ";101;417;"MANGARATIBA";"Desobediência às normas de trânsito pelo condutor";"Colisão traseira";"Com Vítimas Feridas";"Plena Noite";"Crescente";"Nublado";"Dupla";"Reta";"Sim";2;0;1;0;1;0;1;2;-22,91293797;-43,89732384;"SPRF-RJ";"DEL03-RJ";"UOP03-DEL03-RJ"
315625;2020-10-18;"domingo";"21:15:00";"CE";222;5;"CAUCAIA";"Falta de Atenção do Pedestre";"Atropelamento de Pedestre";"Com Vítimas Feridas";"Plena Noite";"Decrescente";"Céu Claro";"Dupla";"Reta";"Sim";2;0;0;1;0;1;1;2;-3,74296918;-38,61330997;"SPRF-CE";"DEL01-CE";"UOP01-DEL01-CE"
315627;2020-10-18;"domingo";"20:20:00";"PR";163;153,9;"CAPITAO LEONIDAS MARQUES";"Falta de Atenção à Condução";"Saída de leito carroçável";"Com Vítimas Feridas";"Plena Noite";"Decrescente";"Céu Claro";"Simples";"Reta";"Não";1;0;0;1;0;0;1;1;-25,39324795;-53,57661137;"SPRF-PR";"DEL05-PR";"UOP05-DEL05-PR"
315629;2020-10-18;"domingo";"19:30:00";"SC";101;227;"PALHOCA";"Ingestão de Álcool";"Colisão traseira";"Com Vítimas Feridas";"Plena Noite";"Decrescente";"Nublado";"Dupla";"Reta";"Não";3;0;1;0;2;0;1;2;-27,7509149;-48,63460277;"SPRF-SC";"DEL01-SC";"UOP02-DEL01-SC"
315632;2020-10-18;"domingo";"21:30:00";"RS";472;139,1;"TRES DE MAIO";"Desobediência às normas de trânsito pelo condutor";"Colisão frontal";"Com Vítimas Feridas";"Plena Noite";"Crescente";"Céu Claro";"Simples";"Reta";"Não";6;0;1;0;4;1;1;3;-27,77405096;-54,30494785;"SPRF-RS";"DEL10-RS";"UOP01-DEL10-RS"
315633;2020-10-18;"domingo";"21:00:00";"PR";376;494,5;"PONTA GROSSA";"Defeito Mecânico no Veículo";"Capotamento";"Com Vítimas Feridas";"Plena Noite";"Decrescente";"Céu Claro";"Simples";"Reta";"Sim";1;0;1;0;0;0;1;1;-25,16566955;-50,11640967;"SPRF-PR";"DEL03-PR";"UOP04-DEL03-PR"
315634;2020-10-18;"domingo";"21:30:00";"BA";101;718;"EUNAPOLIS";"Desobediência às normas de trânsito pelo condutor";"Colisão transversal";"Com Vítimas Feridas";"Plena Noite";"Crescente";"Garoa/Chuvisco";"Simples";"Rotatória";"Sim";2;0;1;0;1;0;1;2;-16,37517011;-39,58121538;"SPRF-BA";"DEL09-BA";"UOP01-DEL09-BA"
315635;2020-10-18;"domingo";"15:20:00";"RO";364;709;"PORTO VELHO";"Falta de Atenção à Condução";"Colisão transversal";"Com Vítimas Feridas";"Pleno dia";"Crescente";"Céu Claro";"Dupla";"Reta";"Sim";3;0;2;0;0;1;2;2;-8,7909383;-63,84895617;"SPRF-RO";"DEL01-RO";"UOP01-DEL01-RO"
315636;2020-10-18;"domingo";"18:30:00";"PB";110;187,9;"MONTEIRO";"Ingestão de Álcool";"Colisão lateral";"Com Vítimas Feridas";"Plena Noite";"Crescente";"Céu Claro";"Simples";"Reta";"Não";2;0;0;1;1;0;1;2;-7,9247564;-37,16802982;"SPRF-PB";"DEL02-PB";"UOP02-DEL02-PB"
315637;2020-10-18;"domingo";"21:15:00";"ES";101;269;"SERRA";"Ingestão de Álcool";"Colisão traseira";"Sem Vítimas";"Plena Noite";"Crescente";"Garoa/Chuvisco";"Dupla";"Reta";"Não";3;0;0;0;3;0;0;2;-20,22320627;-40,27044123;"SPRF-ES";"DEL02-ES";"UOP01-DEL02-ES"
315638;2020-10-18;"domingo";"19:38:00";"BA";242;805;"BARREIRAS";"Desobediência às normas de trânsito pelo pedestre";"Atropelamento de Pedestre";"Com Vítimas Fatais";"Plena Noite";"Decrescente";"Céu Claro";"Simples";"Reta";"Não";2;1;0;0;0;1;0;2;-12,126451;-45,094044;"SPRF-BA";"DEL10-BA";"UOP01-DEL10-BA"
315639;2020-10-18;"domingo";"08:00:00";"RR";174;156;"RORAINOPOLIS";"Pista Escorregadia";"Saída de leito carroçável";"Com Vítimas Feridas";"Pleno dia";"Decrescente";"Chuva";"Simples";"Curva";"Não";8;0;7;0;0;1;7;3;0,448047;-60,47224;"SPRF-RR";"DEL01-RR";"UOP01-DEL01-RR"
315640;2020-10-18;"domingo";"21:10:00";"MG";381;490;"BETIM";"Falta de Atenção à Condução";"Colisão com objeto estático";"Com Vítimas Feridas";"Plena Noite";"Decrescente";"Nublado";"Múltipla";"Reta";"Sim";1;0;0;1;0;0;1;1;-19,95664624;-44,14266229;"SPRF-MG";"DEL01-MG";"UOP03-DEL01-MG"
315641;2020-10-18;"domingo";"19:00:00";"SC";101;281,9;"IMBITUBA";"Velocidade Incompatível";"Saída de leito carroçável";"Com Vítimas Feridas";"Plena Noite";"Crescente";"Céu Claro";"Simples";"Reta";"Sim";1;0;1;0;0;0;1;1;-28,21281032;-48,69966745;"SPRF-SC";"DEL02-SC";"UOP03-DEL02-SC"
315642;2020-10-18;"domingo";"20:00:00";"MT";364;246;"JUSCIMEIRA";"Falta de Atenção à Condução";"Saída de leito carroçável";"Sem Vítimas";"Plena Noite";"Decrescente";"Ignorado";"Dupla";"Reta";"Não";1;0;0;0;1;0;0;1;-16,14040686;-54,8231539;"SPRF-MT";"DEL02-MT";"UOP01-DEL02-MT"
315644;2020-10-18;"domingo";"21:30:00";"SP";116;2;"GUARULHOS";"Ingestão de Álcool";"Saída de leito carroçável";"Com Vítimas Feridas";"Plena Noite";"Crescente";"Céu Claro";"Dupla";"Reta";"Sim";2;0;2;0;0;0;2;1;-23,44338961;-46,49450725;"SPRF-SP";"DEL04-SP";"UOP02-DEL04-SP"
315646;2020-10-18;"domingo";"23:14:00";"DF";20;6;"BRASILIA";"Falta de Atenção à Condução";"Colisão lateral";"Com Vítimas Feridas";"Plena Noite";"Crescente";"Chuva";"Dupla";"Aclive";"Sim";2;0;1;0;1;0;1;2;-15,665888;-47,808308;"SPRF-DF";"DEL02-DF";"UOP01-DEL02-DF"
315647;2020-10-18;"domingo";"20:40:00";"MG";262;803;"UBERABA";"Falta de Atenção à Condução";"Colisão com objeto estático";"Com Vítimas Feridas";"Plena Noite";"Decrescente";"Nublado";"Dupla";"Reta";"Sim";1;0;1;0;0;0;1;1;-19,77241816;-47,97308922;"SPRF-MG";"DEL13-MG";"UOP01-DEL13-MG"