"id";"data_inversa";"dia_semana";"horario";"uf";"br";"km";"municipio";"causa_acidente";"tipo_acidente";"classificacao_acidente";"fase_dia";"sentido_via";"condicao_metereologica";"tipo_pista";"tracado_via";"uso_solo";"pessoas";"mortos";"feridos_leves";"feridos_graves";"ilesos";"ignorados";"feridos";"veiculos";"latitude";"longitude";"regional";"delegacia";"uop"
315757;2020-10-19;"segunda-feira";"15:00:00";"SC";101;201;"SAO JOSE";"Falta de Atenção à Condução";"Colisão traseira";"Com Vítimas Feridas";"Pleno dia";"Crescente";"Céu Claro";"Dupla";"Reta";"Não";2;0;1;0;1;0;1;2;-27,54836599;-48,61977975;"SPRF-SC";"DEL01-SC";"UOP01-DEL01-SC"
315758;2020-09-13;"domingo";"07:00:00";"SE";101;48,3;"JAPARATUBA";"Falta de Atenção à Condução";"Saída de leito carroçável";"Com Vítimas Feridas";"Pleno dia";"Crescente";"Chuva";"Dupla";"Reta";"Não";1;0;1;0;0;0;1;1;-10,58662416;-36,97002095;"SPRF-SE";"DEL02-SE";"UOP02-DEL02-SE"
315759;2020-10-19;"segunda-feira";"07:30:00";"DF";20;16;"BRASILIA";"Velocidade Incompatível";"Engavetamento";"Com Vítimas Feridas";"Pleno dia";"Crescente";"Chuva";"Dupla";"Declive";"Não";8;0;2;2;4;0;4;5;-15,625675;-47,725159;"SPRF-DF";"DEL02-DF";"UOP01-DEL02-DF"
315762;2020-10-19;"segunda-feira";"16:00:00";"RS";153;49,9;"ERECHIM";"Desobediência às normas de trânsito pelo condutor";"Colisão transversal";"Com Vítimas Feridas";"Pleno dia";"Crescente";"Céu Claro";"Simples";"Reta";"Não";2;0;0;1;1;0;1;2;-27,65513812;-52,26579899;"SPRF-RS";"DEL08-RS";"UOP04-DEL08-RS"
315763;2020-10-19;"segunda-feira";"16:00:00";"BA";324;620;"SALVADOR";"Defeito Mecânico no Veículo";"Incêndio";"Sem Vítimas";"Pleno dia";"Decrescente";"Céu Claro";"Simples";"Reta";"Sim";1;0;0;0;1;0;0;1;-12,84036718;-38,39653015;"SPRF-BA";"DEL01-BA";"UOP01-DEL01-BA"
315765;2020-10-19;"segunda-feira";"16:30:00";"PR";476;139;"CURITIBA";"Falta de Atenção do Pedestre";"Atropelamento de Pedestre";"Com Vítimas Feridas";"Pleno dia";"Crescente";"Nublado";"Dupla";"Reta";"Sim";2;0;1;0;1;0;1;2;-25,51284;-49,289257;"SPRF-PR";"DEL01-PR";"UOP03-DEL01-PR"
315767;2020-10-19;"segunda-feira";"10:20:00";"PR";373;470;"CORONEL VIVIDA";"Avarias e/ou desgaste excessivo no pneu";"Saída de leito carroçável";"Com Vítimas Feridas";"Pleno dia";"Crescente";"Céu Claro";"Simples";"Curva";"Não";5;0;3;2;0;0;5;1;-25,96660806;-52,46896505;"SPRF-PR";"DEL02-PR";"UOP01-DEL02-PR"
315768;2020-10-19;"segunda-feira";"16:35:00";"PE";408;75,3;"PAUDALHO";"Não guardar distância de segurança";"Colisão traseira";"Com Vítimas Feridas";"Pleno dia";"Decrescente";"Céu Claro";"Dupla";"Declive;Reta";"Sim";2;0;1;0;1;0;1;2;-7,90594592;-35,1732636;"SPRF-PE";"DEL01-PE";"UOP01-DEL01-PE"
315769;2020-10-19;"segunda-feira";"16:30:00";"MG";262;385;"MATEUS LEME";"Velocidade Incompatível";"Saída de leito carroçável";"Com Vítimas Feridas";"Pleno dia";"Crescente";"Garoa/Chuvisco";"Dupla";"Curva";"Não";2;0;1;0;1;0;1;1;-19,93325094;-44,42077402;"SPRF-MG";"DEL01-MG";"UOP03-DEL01-MG"
315774;2020-10-19;"segunda-feira";"17:10:00";"PB";101;36;"MAMANGUAPE";"Objeto estático sobre o leito carroçável";"Queda de ocupante de veículo";"Com Vítimas Feridas";"Anoitecer";"Crescente";"Céu Claro";"Dupla";"Reta";"Não";2;0;2;0;0;0;2;1;-6,80268217;-35,13987546;"SPRF-PB";"DEL01-PB";"UOP04-DEL01-PB"
315775;2020-01-21;"terça-feira";"06:30:00";"ES";101;290;"CARIACICA";"Falta de Atenção à Condução";"Colisão frontal";"Com Vítimas Feridas";"Pleno dia";"Crescente";"Céu Claro";"Dupla";"Reta";"Sim";3;0;0;2;1;0;2;2;-20,28927747;-40,39181575;"SPRF-ES";"DEL01-ES";"UOP01-DEL01-ES"
315776;2020-10-19;"segunda-feira";"16:15:00";"TO";153;332;"GUARAI";"Desobediência às normas de trânsito pelo condutor";"Colisão transversal";"Sem Vítimas";"Pleno dia";"Decrescente";"Céu Claro";"Dupla";"Interseção de Vias";"Sim";2;0;0;0;2;0;0;2;-8,81739;-48,512207;"SPRF-TO";"DEL02-TO";"UOP02-DEL02-TO"
315779;2020-10-19;"segunda-feira";"14:45:00";"PB";104;59;"BARRA DE SANTA ROSA";"Velocidade Incompatível";"Saída de leito carroçável";"Com Vítimas Feridas";"Pleno dia";"Decrescente";"Céu Claro";"Simples";"Curva";"Não";3;0;1;1;1;0;2;1;-6,79960098;-35,95593294;"SPRF-PB";"DEL02-PB";"UOP04-DEL02-PB"
315780;2020-10-19;"segunda-feira";"09:00:00";"PR";280;266;"MARMELEIRO";"Velocidade Incompatível";"Saída de leito carroçável";"Com Vítimas Feridas";"Pleno dia";"Crescente";"Céu Claro";"Simples";"Curva;Aclive";"Não";1;0;0;1;0;0;1;1;-26,21021754;-53,10539427;"SPRF-PR";"DEL02-PR";"UOP01-DEL02-PR"
315781;2020-08-03;"segunda-feira";"06:00:00";"SE";101;118;"ITAPORANGA DAJUDA";"Velocidade Incompatível";"Saída de leito carroçável";"Sem Vítimas";"Pleno dia";"Decrescente";"Chuva";"Dupla";"Aclive";"Não";1;0;0;0;1;0;0;1;-11,02305584;-37,3262491;"SPRF-SE";"DEL02-SE";"UOP01-DEL02-SE"
315783;2020-10-19;"segunda-feira";"11:15:00";"AC";364;123;"RIO BRANCO";"Falta de Atenção à Condução";"Tombamento";"Com Vítimas Feridas";"Pleno dia";"Crescente";"Céu Claro";"Dupla";"Reta";"Sim";1;0;1;0;0;0;1;1;-10,0117071;-67,782373;"SPRF-AC";"DEL01-AC";"UOP01-DEL01-AC"
315786;2020-10-19;"segunda-feira";"15:00:00";"RJ";40;61;"PETROPOLIS";"Velocidade Incompatível";"Colisão com objeto estático";"Com Vítimas Feridas";"Pleno dia";"Crescente";"Nublado";"Dupla";"Retorno Regulamentado;Curva";"Não";1;0;0;1;0;0;1;1;-22,40244874;-43,13803196;"SPRF-RJ";"DEL05-RJ";"UOP02-DEL05-RJ"
315787;2020-10-19;"segunda-feira";"15:30:00";"PA";316;43,9;"SANTA IZABEL DO PARA";"Falta de Atenção à Condução";"Saída de leito carroçável";"Sem Vítimas";"Pleno dia";"Decrescente";"Céu Claro";"Dupla";"Reta";"Não";1;0;0;0;0;1;0;1;-1,27585585;-48,09602201;"SPRF-PA";"DEL01-PA";"UOP01-DEL01-PA"
315789;2020-10-19;"segunda-feira";"18:40:00";"GO";60;169,9;"GOIANIA";"Falta de Atenção à Condução";"Colisão lateral";"Com Vítimas Feridas";"Plena Noite";"Crescente";"Céu Claro";"Dupla";"Retorno Regulamentado";"Não";3;0;1;0;2;0;1;3;-16,7269;-49,3822;"SPRF-GO";"DEL01-GO";"UOP02-DEL01-GO"
315791;2020-10-19;"segunda-feira";"17:50:00";"BA";116;18;"VITORIA DA CONQUISTA";"Desobediência às normas de trânsito pelo condutor";"Colisão transversal";"Com Vítimas Feridas";"Anoitecer";"Decrescente";"Nublado";"Simples";"Reta";"Sim";2;0;1;0;1;0;1;2;-14,851;-40,8485;"SPRF-BA";"DEL08-BA";"UOP01-DEL08-BA"
315792;2020-10-19;"segunda-feira";"18:40:00";"RN";304;148;"ANGICOS";"Falta de Atenção à Condução";"Colisão traseira";"Com Vítimas Fatais";"Plena Noite";"Decrescente";"Céu Claro";"Simples";"Reta";"Não";2;1;0;0;1;0;0;2;-5,67816135;-36,61037011;"SPRF-RN";"DEL04-RN";"UOP01-DEL04-RN"
315793;2020-10-19;"segunda-feira";"19:05:00";"ES";101;144,3;"LINHARES";"Velocidade Incompatível";"Colisão transversal";"Com Vítimas Feridas";"Plena Noite";"Decrescente";"Céu Claro";"Simples";"Reta";"Não";2;0;0;1;1;0;1;2;-19,35188295;-40,0636685;"SPRF-ES";"DEL04-ES";"UOP01-DEL04-ES"
315794;2020-10-19;"segunda-feira";"19:10:00";"SC";101;420,9;"ARARANGUA";"Falta de Atenção à Condução";"Colisão lateral";"Com Vítimas Feridas";"Plena Noite";"Crescente";"Céu Claro";"Dupla";"Reta";"Não";2;0;1;0;1;0;1;2;-29,00048611;-49,5576719;"SPRF-SC";"DEL02-SC";"UOP02-DEL02-SC"
315798;2020-10-19;"segunda-feira";"18:45:00";"RJ";101;405;"ITAGUAI";"Falta de Atenção à Condução";"Atropelamento de Pedestre";"Com Vítimas Feridas";"Plena Noite";"Crescente";"Nublado";"Dupla";"Reta";"Sim";2;0;1;0;1;0;1;2;-22,867606;-43,802743;"SPRF-RJ";"DEL03-RJ";"UOP01-DEL03-RJ"
315799;2020-10-19;"segunda-feira";"17:05:00";"BA";116;683;"JEQUIE";"Desobediência às normas de trânsito pelo condutor";"Saída de leito carroçável";"Com Vítimas Feridas";"Anoitecer";"Crescente";"Nublado";"Simples";"Curva";"Não";1;0;1;0;0;0;1;1;-13,87769527;-40,13464153;"SPRF-BA";"DEL03-BA";"UOP01-DEL03-BA"
315800;2020-10-19;"segunda-feira";"18:20:00";"CE";116;23;"AQUIRAZ";"Sinalização da via insuficiente ou inadequada";"Queda de ocupante de veículo";"Com Vítimas Feridas";"Plena Noite";"Decrescente";"Céu Claro";"Dupla";"Curva";"Não";1;0;1;0;0;0;1;1;-3,94905489;-38,51212845;"SPRF-CE";"DEL01-CE";"UOP02-DEL01-CE"
315802;2020-10-19;"segunda-feira";"16:00:00";"AP";210;105;"PORTO GRANDE";"Velocidade Incompatível";"Colisão traseira";"Com Vítimas Feridas";"Pleno dia";"Crescente";"Céu Claro";"Simples";"Reta";"Sim";3;0;1;1;1;0;2;2;0,70239423;-51,40504681;"SPRF-AP";"DEL01-AP";"UOP01-DEL01-AP"
315803;2020-10-19;"segunda-feira";"18:45:00";"CE";116;7;"FORTALEZA";"Falta de Atenção do Pedestre";"Atropelamento de Pedestre";"Com Vítimas Feridas";"Plena Noite";"Crescente";"Céu Claro";"Dupla";"Reta";"Sim";3;0;3;0;0;0;3;2;-3,81073099;-38,50074867;"SPRF-CE";"DEL01-CE";"UOP02-DEL01-CE"
315804;2020-10-19;"segunda-feira";"19:10:00";"SP";116;151;"SAO JOSE DOS CAMPOS";"Falta de Atenção do Pedestre";"Atropelamento de Pedestre";"Com Vítimas Feridas";"Plena Noite";"Decrescente";"Céu Claro";"Múltipla";"Reta";"Não";2;0;1;0;1;0;1;2;-23,21980694;-45,89991605;"SPRF-SP";"DEL02-SP";"UOP01-DEL02-SP"
315805;2020-10-19;"segunda-feira";"17:30:00";"MT";70;532,4;"VARZEA GRANDE";"Falta de Atenção à Condução";"Saída de leito carroçável";"Com Vítimas Feridas";"Anoitecer";"Decrescente";"Céu Claro";"Simples";"Aclive";"Não";3;0;1;0;2;0;1;2;-15,669389;-56,241891;"SPRF-MT";"DEL01-MT";"UOP02-DEL01-MT"
315807;2020-10-19;"segunda-feira";"19:00:00";"MT";70;277;"PRIMAVERA DO LESTE";"Ingestão de Álcool";"Colisão traseira";"Com Vítimas Feridas";"Plena Noite";"Decrescente";"Nublado";"Simples";"Reta";"Sim";2;0;1;0;1;0;1;2;-15,5590689;-54,28878402;"SPRF-MT";"DEL05-MT";"UOP01-DEL05-MT"
315810;2020-10-19;"segunda-feira";"19:20:00";"PR";116;18,5;"CURITIBA";"Falta de Atenção à Condução";"Colisão traseira";"Com Vítimas Feridas";"Plena Noite";"Crescente";"Nublado";"Dupla";"Reta";"Não";3;0;2;0;1;0;2;2;-25,3888;-49,18035147;"SPRF-PR";"DEL01-PR";"UOP02-DEL01-PR"
315812;2020-10-19;"segunda-feira";"19:50:00";"PR";376;176,1;"MARINGA";"Falta de Atenção do Pedestre";"Atropelamento de Pedestre";"Com Vítimas Feridas";"Pleno dia";"Crescente";"Céu Claro";"Múltipla";"Reta";"Sim";2;0;0;1;1;0;1;2;-23,41269173;-51,93158327;"SPRF-PR";"DEL09-PR";"UOP01-DEL09-PR"
315813;2020-10-19;"segunda-feira";"20:00:00";"PR";277;51;"SAO JOSE DOS PINHAIS";"Velocidade Incompatível";"Saída de leito carroçável";"Com Vítimas Feridas";"Plena Noite";"Decrescente";"Chuva";"Dupla";"Curva";"Não";2;0;1;0;1;0;1;1;-25,585046;-48,957797;"SPRF-PR";"DEL01-PR";"UOP05-DEL01-PR"
315814;2020-10-19;"segunda-feira";"20:25:00";"MG";262;390;"FLORESTAL";"Desobediência às normas de trânsito pelo condutor";"Capotamento";"Com Vítimas Feridas";"Plena Noite";"Crescente";"Céu Claro";"Dupla";"Reta;Declive";"Não";2;0;2;0;0;0;2;1;-19,93170721;-44,45941636;"SPRF-MG";"DEL01-MG";"UOP03-DEL01-MG"
315817;2020-10-19;"segunda-feira";"20:20:00";"RJ";116;192;"QUEIMADOS";"Falta de Atenção do Pedestre";"Atropelamento de Pedestre";"Com Vítimas Fatais";"Plena Noite";"Decrescente";"Céu Claro";"Múltipla";"Reta";"Não";2;1;0;0;1;0;0;2;-22,74207737;-43,5192401;"SPRF-RJ";"DEL01-RJ";"UOP02-DEL01-RJ"
315818;2020-10-19;"segunda-feira";"19:20:00";"PR";158;529;"PATO BRANCO";"Desobediência às normas de trânsito pelo condutor";"Colisão traseira";"Com Vítimas Feridas";"Plena Noite";"Crescente";"Céu Claro";"Simples";"Curva";"Não";2;0;1;0;1;0;1;1;-26,18598618;-52,66855971;"SPRF-PR";"DEL02-PR";"UOP01-DEL02-PR"
315822;2020-10-19;"segunda-feira";"20:40:00";"PA";222;245;"MARABA";"Não guardar distância de segurança";"Colisão traseira";"Com Vítimas Feridas";"Plena Noite";"Crescente";"Céu Claro";"Simples";"Reta";"Sim";2;0;1;0;1;0;1;2;-5,355886;-49,079418;"SPRF-PA";"DEL03-PA";"UOP01-DEL03-PA"
315823;2020-10-19;"segunda-feira";"19:00:00";"PA";316;38,1;"SANTA IZABEL DO PARA";"Desobediência às normas de trânsito pelo condutor";"Colisão transversal";"Com Vítimas Fatais";"Plena Noite";"Crescente";"Céu Claro";"Dupla";"Reta";"Não";2;1;0;0;1;0;0;2;-1,282963;-48,138511;"SPRF-PA";"DEL01-PA";"UOP01-DEL01-PA"
315824;2020-10-19;"segunda-feira";"16:00:00";"MT";364;516;"ROSARIO OESTE";"Falta de Atenção à Condução";"Saída de leito carroçável";"Sem Vítimas";"Pleno dia";"Decrescente";"Céu Claro";"Simples";"Reta";"Não";1;0;0;0;1;0;0;1;-15,12974798;-56,52181633;"SPRF-MT";"DEL01-MT";"UOP01-DEL01-MT"
315827;2020-10-19;"segunda-feira";"18:10:00";"SC";101;331,2;"TUBARAO";"Desobediência às normas de trânsito pelo condutor";"Colisão frontal";"Com Vítimas Feridas";"Pleno dia";"Crescente";"Céu Claro";"Múltipla";"Reta";"Sim";2;0;0;2;0;0;2;2;-28,463078;-48,99182;"SPRF-SC";"DEL02-SC";"UOP01-DEL02-SC"
315828;2020-10-19;"segunda-feira";"17:50:00";"SC";116;80,4;"CORUPA";"Falta de Atenção à Condução";"Colisão traseira";"Com Vítimas Feridas";"Plena Noite";"Crescente";"Garoa/Chuvisco";"Simples";"Reta";"Não";3;0;3;0;0;0;3;2;-26,41803323;-49,26124336;"SPRF-SC";"DEL06-SC";"UOP02-DEL06-SC"
315829;2020-10-19;"segunda-feira";"22:30:00";"RJ";101;309;"SAO GONCALO";"Falta de Atenção à Condução";"Colisão traseira";"Sem Vítimas";"Plena Noite";"Crescente";"Céu Claro";"Dupla";"Reta";"Sim";3;0;0;0;3;0;0;2;-22,79498873;-43,03446105;"SPRF-RJ";"DEL02-RJ";"UOP02-DEL02-RJ"
315830;2020-10-19;"segunda-feira";"22:23:00";"ES";262;4;"CARIACICA";"Falta de Atenção à Condução";"Colisão traseira";"Sem Vítimas";"Plena Noite";"Decrescente";"Céu Claro";"Dupla";"Curva";"Sim";2;0;0;0;2;0;0;2;-20,33609327;-40,37812784;"SPRF-ES";"DEL01-ES";"UOP01-DEL01-ES"
315831;2020-10-19;"segunda-feira";"23:00:00";"TO";153;306,1;"PRESIDENTE KENNEDY";"Ultrapassagem Indevida";"Saída de leito carroçável";"Com Vítimas Fatais";"Plena Noite";"Crescente";"Céu Claro";"Simples";"Reta";"Não";5;1;1;2;1;0;3;1;-8,587756;-48,483162;"SPRF-TO";"DEL02-TO";"UOP02-DEL02-TO"
315832;2020-10-19;"segunda-feira";"21:50:00";"SC";282;574;"PINHALZINHO";"Ingestão de Álcool";"Colisão com objeto estático";"Sem Vítimas";"Plena Noite";"Decrescente";"Céu Claro";"Simples";"Reta";"Não";1;0;0;0;1;0;0;1;-26,867399;-52,965149;"SPRF-SC";"DEL07-SC";"UOP02-DEL07-SC"
315833;2020-10-19;"segunda-feira";"22:30:00";"MS";163;256;"DOURADOS";"Desobediência às normas de trânsito pelo condutor";"Colisão com objeto estático";"Com Vítimas Feridas";"Plena Noite";"Crescente";"Céu Claro";"Dupla";"Rotatória";"Sim";1;0;1;0;0;0;1;1;-22,258688;-54,804028;"SPRF-MS";"DEL04-MS";"UOP01-DEL04-MS"
315837;2020-10-19;"segunda-feira";"11:45:00";"MT";364;1139,5;"SAPEZAL";"Desobediência às normas de trânsito pelo condutor";"Colisão transversal";"Com Vítimas Feridas";"Pleno dia";"Crescente";"Céu Claro";"Simples";"Reta";"Sim";2;0;1;1;0;0;2;1;-13,53450411;-58,90155902;"SPRF-MT";"DEL04-MT";"UOP01-DEL04-MT"
315838;2020-10-19;"segunda-feira";"23:20:00";"RJ";101;320;"NITEROI";"Falta de Atenção à Condução";"Capotamento";"Com Vítimas Feridas";"Plena Noite";"Decrescente";"Céu Claro";"Dupla";"Reta";"Sim";1;0;1;0;0;0;1;1;-22,86171098;-43,10714015;"SPRF-RJ";"DEL02-RJ";"UOP02-DEL02-RJ"
315839;2020-10-19;"segunda-feira";"18:40:00";"MA";316;479;"CODO";"Falta de Atenção à Condução";"Colisão lateral";"Com Vítimas Feridas";"Anoitecer";"Crescente";"Céu Claro";"Simples";"Reta";"Não";2;0;0;1;1;0;1;2;-4,620735;-43,921387;"SPRF-MA";"DEL03-MA";"UOP02-DEL03-MA"
315840;2020-10-20;"terça-feira";"00:15:00";"BA";324;558;"SANTO AMARO";"Desobediência às normas de trânsito pelo pedestre";"Atropelamento de Pedestre";"Com Vítimas Fatais";"Plena Noite";"Decrescente";"Chuva";"Dupla";"Declive;Reta";"Não";3;1;1;0;1;0;1;2;-12,48182515;-38,66808011;"SPRF-BA";"DEL01-BA";"UOP03-DEL01-BA"
315847;2020-10-20;"terça-feira";"02:30:00";"PR";0;0;"FOZ DO IGUACU";"Velocidade Incompatível";"Saída de leito carroçável";"Com Vítimas Feridas";"Plena Noite";"Não Informado";"Céu Claro";"Dupla";"Reta";"Sim";3;0;2;1;0;0;3;1;-25,48143061;-54,58241886;"SPRF-PR";"DEL05-PR";"UOP03-DEL05-PR"
315848;2020-10-20;"terça-feira";"02:18:00";"SC";282;383,4;"JOACABA";"Ingestão de Álcool";"Saída de leito carroçável";"Sem Vítimas";"Plena Noite";"Decrescente";"Céu Claro";"Simples";"Rotatória";"Sim";1;0;0;0;1;0;0;1;-27,20355468;-51,51039384;"SPRF-SC";"DEL07-SC";"UOP05-DEL07-SC"
315849;2020-10-19;"segunda-feira";"17:40:00";"SE";235;43,8;"ITABAIANA";"Ingestão de Álcool";"Colisão transversal";"Com Vítimas Feridas";"Anoitecer";"Decrescente";"Céu Claro";"Simples";"Reta";"Não";2;0;1;1;0;0;2;2;-10,761437;-37,388721;"SPRF-SE";"DEL01-SE";"UOP02-DEL01-SE"
315850;2020-10-19;"segunda-feira";"20:30:00";"RJ";116;141,4;"DUQUE DE CAXIAS";"Falta de Atenção à Condução";"Tombamento";"Com Vítimas Feridas";"Plena Noite";"Decrescente";"Nublado";"Dupla";"Reta";"Não";1;0;1;0;0;0;1;1;-22,64724486;-43,22083001;"SPRF-RJ";"DEL01-RJ";"UOP01-DEL01-RJ"
315853;2020-10-20;"terça-feira";"05:45:00";"SP";116;63,6;"GUARATINGUETA";"Falta de Atenção à Condução";"Tombamento";"Com Vítimas Feridas";"Amanhecer";"Crescente";"Nublado";"Dupla";"Aclive";"Não";1;0;0;1;0;0;1;1;-22,81269631;-45,1780086;"SPRF-SP";"DEL08-SP";"UOP01-DEL08-SP"
315855;2020-10-20;"terça-feira";"04:00:00";"BA";110;250;"OLINDINA";"Falta de Atenção à Condução";"Colisão frontal";"Com Vítimas Fatais";"Amanhecer";"Decrescente";"Ignorado";"Simples";"Reta";"Sim";2;1;0;0;1;0;0;2;-11,46953001;-38,29701997;"SPRF-BA";"DEL01-BA";"UOP04-DEL01-BA"
315857;2020-10-20;"terça-feira";"06:50:00";"SP";116;223;"GUARULHOS";"Não guardar distância de segurança";"Colisão lateral";"Com Vítimas Feridas";"Amanhecer";"Crescente";"Céu Claro";"Múltipla";"Reta";"Sim";2;0;1;0;1;0;1;2;-23,47559815;-46,5246609;"SPRF-SP";"DEL01-SP";"UOP01-DEL01-SP"
315858;2020-10-20;"terça-feira";"07:30:00";"SP";116;218;"GUARULHOS";"Não guardar distância de segurança";"Colisão lateral";"Com Vítimas Feridas";"Pleno dia";"Crescente";"Céu Claro";"Múltipla";"Declive";"Sim";3;0;1;0;2;0;1;3;-23,45763643;-46,48015743;"SPRF-SP";"DEL01-SP";"UOP01-DEL01-SP"
315859;2020-10-19;"segunda-feira";"18:20:00";"MG";116;422,5;"ALPERCATA";"Falta de Atenção à Condução";"Colisão transversal";"Com Vítimas Feridas";"Plena Noite";"Decrescente";"Nublado";"Simples";"Interseção de Vias";"Não";2;0;0;1;1;0;1;2;-18,94601944;-41,95023848;"SPRF-MG";"DEL06-MG";"UOP01-DEL06-MG"
315863;2020-10-20;"terça-feira";"06:20:00";"RJ";40;91;"PETROPOLIS";"Defeito na Via";"Colisão com objeto estático";"Sem Vítimas";"Pleno dia";"Decrescente";"Céu Claro";"Simples";"Curva";"Não";1;0;0;0;1;0;0;1;-22,54903566;-43,24229724;"SPRF-RJ";"DEL06-RJ";"UOP01-DEL06-RJ"
315866;2020-10-20;"terça-feira";"08:00:00";"PR";277;104;"CURITIBA";"Falta de Atenção à Condução";"Colisão traseira";"Com Vítimas Feridas";"Pleno dia";"Crescente";"Céu Claro";"Dupla";"Reta";"Sim";2;0;1;0;1;0;1;2;-25,49678798;-49,3426549;"SPRF-PR";"DEL01-PR";"UOP01-DEL01-PR"
315867;2020-10-19;"segunda-feira";"23:15:00";"RJ";101;528;"ANGRA DOS REIS";"Velocidade Incompatível";"Colisão traseira";"Com Vítimas Feridas";"Plena Noite";"Crescente";"Céu Claro";"Simples";"Reta";"Não";3;0;2;0;1;0;2;2;-23,02314418;-44,50045173;"SPRF-RJ";"DEL03-RJ";"UOP02-DEL03-RJ"
315868;2020-10-20;"terça-feira";"08:05:00";"SC";101;215;"PALHOCA";"Falta de Atenção à Condução";"Colisão lateral";"Com Vítimas Feridas";"Pleno dia";"Decrescente";"Sol";"Múltipla";"Reta";"Sim";2;0;0;1;1;0;1;2;-27,65184843;-48,67604941;"SPRF-SC";"DEL01-SC";"UOP02-DEL01-SC"
315869;2020-10-20;"terça-feira";"08:10:00";"SC";101;121,9;"ITAJAI";"Falta de Atenção à Condução";"Colisão transversal";"Com Vítimas Feridas";"Pleno dia";"Decrescente";"Céu Claro";"Múltipla";"Curva";"Sim";2;0;0;1;1;0;1;2;-26,92103178;-48,70856446;"SPRF-SC";"DEL04-SC";"UOP04-DEL04-SC"
315870;2020-08-29;"sábado";"23:30:00";"PR";476;120;"CURITIBA";"Falta de Atenção à Condução";"Colisão traseira";"Com Vítimas Feridas";"Plena Noite";"Decrescente";"Céu Claro";"Dupla";"Interseção de Vias";"Sim";2;0;1;0;1;0;1;2;-25,37191;-49,19146;"SPRF-PR";"DEL01-PR";"UOP02-DEL01-PR"
315871;2020-10-20;"terça-feira";"06:45:00";"RJ";116;180;"NOVA IGUACU";"Falta de Atenção à Condução";"Queda de ocupante de veículo";"Com Vítimas Feridas";"Amanhecer";"Decrescente";"Céu Claro";"Dupla";"Reta";"Sim";2;0;1;0;1;0;1;2;-22,7651616;-43,4154728;"SPRF-RJ";"DEL01-RJ";"UOP02-DEL01-RJ"
315872;2020-10-20;"terça-feira";"08:00:00";"RN";101;97,9;"NATAL";"Não guardar distância de segurança";"Colisão traseira";"Com Vítimas Feridas";"Pleno dia";"Decrescente";"Céu Claro";"Múltipla";"Reta";"Sim";2;0;1;0;1;0;1;2;-5,85758898;-35,21271205;"SPRF-RN";"DEL01-RN";"UOP01-DEL01-RN"
315873;2020-10-20;"terça-feira";"06:45:00";"RJ";116;180;"NOVA IGUACU";"Falta de Atenção à Condução";"Colisão lateral";"Com Vítimas Feridas";"Amanhecer";"Decrescente";"Céu Claro";"Dupla";"Reta";"Sim";2;0;1;0;1;0;1;2;-22,7651616;-43,4154728;"SPRF-RJ";"DEL01-RJ";"UOP02-DEL01-RJ"
315874;2020-10-20;"terça-feira";"07:40:00";"SP";153;150,6;"PROMISSAO";"Avarias e/ou desgaste excessivo no pneu";"Tombamento";"Com Vítimas Feridas";"Amanhecer";"Decrescente";"Céu Claro";"Simples";"Reta";"Não";2;0;2;0;0;0;2;1;-21,41741598;-49,78723082;"SPRF-SP";"DEL07-SP";"UOP01-DEL07-SP"
315875;2020-10-20;"terça-feira";"07:50:00";"PR";277;702;"SAO MIGUEL DO IGUACU";"Falta de Atenção à Condução";"Colisão traseira";"Com Vítimas Feridas";"Pleno dia";"Decrescente";"Céu Claro";"Dupla";"Reta";"Não";2;0;2;0;0;0;2;2;-25,41563081;-54,34484511;"SPRF-PR";"DEL05-PR";"UOP01-DEL05-PR"
315876;2020-10-20;"terça-feira";"07:30:00";"PA";316;120;"SANTA MARIA DO PARA";"Desobediência às normas de trânsito pelo condutor";"Colisão transversal";"Com Vítimas Feridas";"Amanhecer";"Decrescente";"Céu Claro";"Simples";"Reta";"Não";3;0;0;1;2;0;1;3;-1,31293404;-47,43460301;"SPRF-PA";"DEL01-PA";"UOP02-DEL01-PA"
315877;2020-10-20;"terça-feira";"08:45:00";"MG";40;810,3;"MATIAS BARBOSA";"Velocidade Incompatível";"Colisão com objeto estático";"Com Vítimas Feridas";"Pleno dia";"Decrescente";"Nublado";"Dupla";"Reta";"Não";2;0;1;0;1;0;1;1;-21,875084;-43,339466;"SPRF-MG";"DEL05-MG";"UOP01-DEL05-MG"
315879;2020-10-20;"terça-feira";"09:15:00";"GO";153;230;"HIDROLINA";"Falta de Atenção à Condução";"Colisão transversal";"Com Vítimas Feridas";"Pleno dia";"Crescente";"Céu Claro";"Simples";"Reta";"Não";3;0;0;1;2;0;1;3;-14,762951;-49,261051;"SPRF-GO";"DEL07-GO";"UOP02-DEL07-GO"
315880;2020-10-20;"terça-feira";"07:50:00";"BA";324;1,8;"FEIRA DE SANTANA";"Falta de Atenção à Condução";"Engavetamento";"Com Vítimas Feridas";"Pleno dia";"Decrescente";"Céu Claro";"Simples";"Reta";"Sim";3;0;0;1;2;0;1;3;-12,283898;-38,948266;"SPRF-BA";"DEL02-BA";"UOP01-DEL02-BA"