"id";"data_inversa";"dia_semana";"horario";"uf";"br";"km";"municipio";"causa_acidente";"tipo_acidente";"classificacao_acidente";"fase_dia";"sentido_via";"condicao_metereologica";"tipo_pista";"tracado_via";"uso_solo";"pessoas";"mortos";"feridos_leves";"feridos_graves";"ilesos";"ignorados";"feridos";"veiculos";"latitude";"longitude";"regional";"delegacia";"uop"
315881;2020-10-20;"terça-feira";"07:10:00";"RJ";116;205;"SEROPEDICA";"Falta de Atenção à Condução";"Tombamento";"Com Vítimas Feridas";"Amanhecer";"Crescente";"Sol";"Dupla";"Reta";"Não";1;0;1;0;0;0;1;1;-22,72746688;-43,64167998;"SPRF-RJ";"DEL01-RJ";"UOP03-DEL01-RJ"
315882;2020-09-17;"quinta-feira";"20:10:00";"PE";232;193,8;"SANHARO";"Desobediência às normas de trânsito pelo pedestre";"Atropelamento de Pedestre";"Com Vítimas Fatais";"Plena Noite";"Decrescente";"Céu Claro";"Simples";"Aclive";"Não";2;1;0;0;1;0;0;2;-8,35995128;-36,54559793;"SPRF-PE";"DEL02-PE";"UOP03-DEL02-PE"
315884;2020-10-20;"terça-feira";"08:50:00";"RJ";393;277,5;"BARRA DO PIRAI";"Desobediência às normas de trânsito pelo condutor";"Colisão transversal";"Com Vítimas Feridas";"Pleno dia";"Decrescente";"Sol";"Simples";"Curva";"Não";2;0;0;1;1;0;1;2;-22,4742152;-43,98926402;"SPRF-RJ";"DEL05-RJ";"UOP04-DEL05-RJ"
315885;2020-10-20;"terça-feira";"09:20:00";"CE";222;5;"CAUCAIA";"Falta de Atenção à Condução";"Colisão lateral";"Com Vítimas Feridas";"Pleno dia";"Crescente";"Sol";"Dupla";"Reta";"Sim";2;0;1;0;1;0;1;2;-3,74296918;-38,61330997;"SPRF-CE";"DEL01-CE";"UOP01-DEL01-CE"
315888;2020-10-19;"segunda-feira";"16:00:00";"RS";392;339,5;"SANTA MARIA";"Desobediência às normas de trânsito pelo condutor";"Colisão transversal";"Sem Vítimas";"Pleno dia";"Decrescente";"Céu Claro";"Simples";"Interseção de Vias";"Não";3;0;0;0;3;0;0;2;-29,83085316;-53,76232624;"SPRF-RS";"DEL09-RS";"UOP01-DEL09-RS"
315889;2020-10-20;"terça-feira";"08:45:00";"GO";60;34;"GOIANIA";"Mal Súbito";"Saída de leito carroçável";"Com Vítimas Feridas";"Pleno dia";"Crescente";"Nublado";"Dupla";"Declive";"Sim";3;0;2;0;1;0;2;1;-16,6777;-49,2676;"SPRF-GO";"DEL01-GO";"UOP02-DEL01-GO"
315891;2020-10-20;"terça-feira";"10:15:00";"SE";101;76,5;"MARUIM";"Falta de Atenção à Condução";"Colisão transversal";"Com Vítimas Feridas";"Pleno dia";"Decrescente";"Céu Claro";"Dupla";"Reta";"Sim";2;0;1;0;1;0;1;2;-10,77357687;-37,12583705;"SPRF-SE";"DEL01-SE";"UOP01-DEL01-SE"
315893;2020-01-19;"domingo";"06:18:00";"RJ";101;486;"ANGRA DOS REIS";"Desobediência às normas de trânsito pelo condutor";"Colisão transversal";"Com Vítimas Feridas";"Pleno dia";"Crescente";"Céu Claro";"Múltipla";"Interseção de Vias";"Sim";2;0;0;1;1;0;1;2;-22,97708786;-44,29634653;"SPRF-RJ";"DEL03-RJ";"UOP03-DEL03-RJ"
315894;2020-10-20;"terça-feira";"10:00:00";"RJ";40;123;"DUQUE DE CAXIAS";"Não guardar distância de segurança";"Colisão traseira";"Com Vítimas Feridas";"Pleno dia";"Crescente";"Céu Claro";"Múltipla";"Reta";"Sim";3;0;2;0;1;0;2;2;-22,79907687;-43,29015739;"SPRF-RJ";"DEL01-RJ";"UOP01-DEL01-RJ"
315895;2020-10-20;"terça-feira";"10:15:00";"SE";101;102;"SAO CRISTOVAO";"Velocidade Incompatível";"Colisão transversal";"Sem Vítimas";"Pleno dia";"Crescente";"Céu Claro";"Dupla";"Reta";"Não";3;0;0;0;2;1;0;2;-10,94880037;-37,21099182;"SPRF-SE";"DEL02-SE";"UOP01-DEL02-SE"
315898;2020-09-28;"segunda-feira";"07:50:00";"MG";381;360;"JOAO MONLEVADE";"Falta de Atenção à Condução";"Colisão traseira";"Com Vítimas Feridas";"Pleno dia";"Crescente";"Céu Claro";"Simples";"Reta";"Sim";2;0;1;0;1;0;1;2;-19,85985912;-43,22566968;"SPRF-MG";"DEL03-MG";"UOP01-DEL03-MG"
315899;2020-10-20;"terça-feira";"10:00:00";"GO";60;267,5;"JANDAIA";"Pista Escorregadia";"Saída de leito carroçável";"Com Vítimas Feridas";"Pleno dia";"Decrescente";"Chuva";"Dupla";"Reta";"Não";4;0;4;0;0;0;4;1;-17,20641;-50,11378;"SPRF-GO";"DEL01-GO";"UOP02-DEL01-GO"
315902;2020-10-20;"terça-feira";"10:10:00";"MA";222;672;"ACAILANDIA";"Não guardar distância de segurança";"Engavetamento";"Sem Vítimas";"Pleno dia";"Crescente";"Céu Claro";"Simples";"Reta";"Sim";3;0;0;0;3;0;0;3;-4,92508085;-47,43821808;"SPRF-MA";"DEL04-MA";"UOP03-DEL04-MA"
315903;2020-10-20;"terça-feira";"11:25:00";"MG";116;760,2;"LEOPOLDINA";"Desobediência às normas de trânsito pelo condutor";"Colisão transversal";"Com Vítimas Feridas";"Pleno dia";"Decrescente";"Nublado";"Simples";"Reta;Declive";"Sim";2;0;1;0;1;0;1;2;-21,51427716;-42,61283265;"SPRF-MG";"DEL07-MG";"UOP01-DEL07-MG"
315905;2020-10-20;"terça-feira";"11:20:00";"ES";262;6;"CARIACICA";"Desobediência às normas de trânsito pelo condutor";"Colisão lateral";"Com Vítimas Feridas";"Pleno dia";"Crescente";"Garoa/Chuvisco";"Múltipla";"Interseção de Vias";"Sim";2;0;1;0;1;0;1;2;-20,34007493;-40,39451305;"SPRF-ES";"DEL01-ES";"UOP01-DEL01-ES"
315907;2020-10-20;"terça-feira";"11:20:00";"SP";116;422;"JUQUIA";"Falta de Atenção à Condução";"Saída de leito carroçável";"Com Vítimas Feridas";"Pleno dia";"Decrescente";"Céu Claro";"Dupla";"Curva";"Não";1;0;1;0;0;0;1;1;-24,36454003;-47,69203096;"SPRF-SP";"DEL05-SP";"UOP01-DEL05-SP"
315909;2020-10-20;"terça-feira";"12:15:00";"PR";116;115;"CURITIBA";"Falta de Atenção à Condução";"Colisão traseira";"Com Vítimas Feridas";"Pleno dia";"Crescente";"Sol";"Dupla";"Reta";"Sim";2;0;1;0;1;0;1;2;-25,55953326;-49,26560414;"SPRF-PR";"DEL01-PR";"UOP01-DEL01-PR"
315910;2020-10-20;"terça-feira";"10:30:00";"ES";101;427,6;"ATILIO VIVACQUA";"Defeito Mecânico no Veículo";"Tombamento";"Com Vítimas Feridas";"Pleno dia";"Crescente";"Nublado";"Simples";"Reta";"Não";2;0;2;0;0;0;2;1;-21,01229992;-41,14715009;"SPRF-ES";"DEL03-ES";"UOP02-DEL03-ES"
315912;2020-10-20;"terça-feira";"11:30:00";"MG";262;380,9;"MATEUS LEME";"Defeito Mecânico no Veículo";"Saída de leito carroçável";"Sem Vítimas";"Pleno dia";"Decrescente";"Chuva";"Dupla";"Curva;Declive";"Não";1;0;0;0;1;0;0;1;-19,9361564;-44,43746567;"SPRF-MG";"DEL01-MG";"UOP03-DEL01-MG"
315914;2020-10-20;"terça-feira";"10:00:00";"RS";392;718;"PORTO XAVIER";"Desobediência às normas de trânsito pelo condutor";"Colisão transversal";"Com Vítimas Feridas";"Pleno dia";"Crescente";"Céu Claro";"Simples";"Rotatória";"Sim";3;0;1;0;2;0;1;2;-27,93372321;-55,13694765;"SPRF-RS";"DEL10-RS";"UOP01-DEL10-RS"
315917;2020-10-20;"terça-feira";"12:05:00";"RJ";116;17,3;"SAPUCAIA";"Avarias e/ou desgaste excessivo no pneu";"Capotamento";"Com Vítimas Feridas";"Pleno dia";"Crescente";"Nublado";"Simples";"Curva";"Não";2;0;0;1;1;0;1;1;-21,98043992;-42,75368608;"SPRF-RJ";"DEL04-RJ";"UOP01-DEL04-RJ"
315920;2020-10-20;"terça-feira";"12:30:00";"RS";471;174,2;"RIO PARDO";"Falta de Atenção à Condução";"Colisão transversal";"Com Vítimas Feridas";"Pleno dia";"Crescente";"Céu Claro";"Simples";"Rotatória";"Sim";3;0;2;0;1;0;2;2;-30,022757;-52,373554;"SPRF-RS";"DEL02-RS";"UOP03-DEL02-RS"
315921;2020-10-20;"terça-feira";"11:35:00";"PE";101;41,6;"IGARASSU";"Falta de Atenção à Condução";"Capotamento";"Com Vítimas Feridas";"Pleno dia";"Decrescente";"Sol";"Múltipla";"Reta";"Sim";2;0;2;0;0;0;2;1;-7,83038346;-34,91426785;"SPRF-PE";"DEL01-PE";"UOP02-DEL01-PE"
315922;2020-10-20;"terça-feira";"11:30:00";"MG";381;705,3;"LAVRAS";"Velocidade Incompatível";"Colisão com objeto estático";"Com Vítimas Feridas";"Pleno dia";"Crescente";"Chuva";"Dupla";"Curva;Aclive";"Não";1;0;1;0;0;0;1;1;-21,34965018;-45,17946289;"SPRF-MG";"DEL04-MG";"UOP02-DEL04-MG"
315925;2020-10-20;"terça-feira";"12:55:00";"MG";381;689,5;"LAVRAS";"Velocidade Incompatível";"Colisão com objeto estático";"Com Vítimas Feridas";"Pleno dia";"Decrescente";"Chuva";"Dupla";"Curva;Declive";"Não";2;0;2;0;0;0;2;1;-21,225698;-45,130486;"SPRF-MG";"DEL04-MG";"UOP02-DEL04-MG"
315927;2020-10-20;"terça-feira";"13:00:00";"SP";153;312,5;"RIBEIRAO DO SUL";"Desobediência às normas de trânsito pelo condutor";"Saída de leito carroçável";"Com Vítimas Feridas";"Pleno dia";"Crescente";"Nublado";"Simples";"Reta";"Não";5;0;0;2;3;0;2;1;-22,68670602;-49,88953938;"SPRF-SP";"DEL07-SP";"UOP03-DEL07-SP"
315930;2020-10-20;"terça-feira";"09:15:00";"MG";262;34,5;"MANHUACU";"Falta de Atenção à Condução";"Colisão transversal";"Com Vítimas Feridas";"Pleno dia";"Crescente";"Nublado";"Simples";"Rotatória";"Sim";2;0;1;0;1;0;1;2;-20,25692664;-42,01099203;"SPRF-MG";"DEL06-MG";"UOP03-DEL06-MG"
315931;2020-10-20;"terça-feira";"11:30:00";"MG";262;393,9;"PARA DE MINAS";"Ingestão de Álcool";"Colisão traseira";"Com Vítimas Feridas";"Pleno dia";"Crescente";"Chuva";"Dupla";"Reta";"Não";2;0;1;0;1;0;1;2;-19,901278;-44,54934;"SPRF-MG";"DEL01-MG";"UOP03-DEL01-MG"
315932;2020-10-20;"terça-feira";"12:30:00";"BA";116;778,3;"PLANALTO";"Falta de Atenção à Condução";"Colisão frontal";"Com Vítimas Feridas";"Pleno dia";"Crescente";"Nublado";"Simples";"Reta";"Não";2;0;1;0;1;0;1;2;-14,6157981;-40,44411375;"SPRF-BA";"DEL08-BA";"UOP02-DEL08-BA"
315933;2020-10-20;"terça-feira";"12:30:00";"PE";101;77,9;"RECIFE";"Desobediência às normas de trânsito pelo condutor";"Atropelamento de Pedestre";"Com Vítimas Feridas";"Pleno dia";"Decrescente";"Sol";"Dupla";"Reta";"Sim";2;0;0;1;1;0;1;2;-8,136479;-34,94746;"SPRF-PE";"DEL01-PE";"UOP01-DEL01-PE"
315934;2020-10-20;"terça-feira";"13:10:00";"PR";376;293;"MAUA DA SERRA";"Avarias e/ou desgaste excessivo no pneu";"Saída de leito carroçável";"Com Vítimas Feridas";"Pleno dia";"Decrescente";"Chuva";"Dupla";"Declive";"Não";1;0;1;0;0;0;1;1;-23,90452922;-51,21019363;"SPRF-PR";"DEL07-PR";"UOP03-DEL07-PR"
315935;2020-10-20;"terça-feira";"13:10:00";"MG";365;643,1;"UBERLANDIA";"Pista Escorregadia";"Capotamento";"Com Vítimas Feridas";"Pleno dia";"Decrescente";"Chuva";"Dupla";"Curva";"Não";1;0;1;0;0;0;1;1;-18,8808611;-48,49354102;"SPRF-MG";"DEL15-MG";"UOP01-DEL15-MG"
315936;2020-10-20;"terça-feira";"13:20:00";"RN";110;46;"MOSSORO";"Desobediência às normas de trânsito pelo condutor";"Colisão transversal";"Com Vítimas Feridas";"Pleno dia";"Crescente";"Céu Claro";"Simples";"Rotatória";"Sim";2;0;1;0;1;0;1;2;-5,19797675;-37,31839819;"SPRF-RN";"DEL04-RN";"UOP01-DEL04-RN"
315938;2020-10-20;"terça-feira";"13:30:00";"SP";116;230;"SAO PAULO";"Não guardar distância de segurança";"Colisão traseira";"Com Vítimas Feridas";"Pleno dia";"Crescente";"Chuva";"Múltipla";"Reta";"Sim";2;0;1;0;1;0;1;2;-23,52251783;-46,5855702;"SPRF-SP";"DEL01-SP";"UOP01-DEL01-SP"
315939;2020-10-20;"terça-feira";"13:50:00";"PR";376;287;"MAUA DA SERRA";"Velocidade Incompatível";"Colisão com objeto estático";"Com Vítimas Feridas";"Pleno dia";"Decrescente";"Chuva";"Dupla";"Reta";"Não";4;0;4;0;0;0;4;1;-23,87573305;-51,25260472;"SPRF-PR";"DEL07-PR";"UOP03-DEL07-PR"
315940;2020-10-20;"terça-feira";"13:45:00";"RS";290;342,7;"SAO SEPE";"Falta de Atenção à Condução";"Colisão com objeto estático";"Com Vítimas Fatais";"Pleno dia";"Crescente";"Sol";"Simples";"Declive;Curva";"Não";1;1;0;0;0;0;0;1;-30,365812;-53,608146;"SPRF-RS";"DEL09-RS";"UOP02-DEL09-RS"
315941;2020-10-20;"terça-feira";"12:15:00";"MG";381;550;"RIO MANSO";"Velocidade Incompatível";"Capotamento";"Com Vítimas Feridas";"Pleno dia";"Decrescente";"Chuva";"Dupla";"Curva";"Não";2;0;1;0;1;0;1;1;-20,32661215;-44,45627931;"SPRF-MG";"DEL04-MG";"UOP03-DEL04-MG"
315942;2020-10-20;"terça-feira";"13:00:00";"PR";277;410,9;"CANDOI";"Velocidade Incompatível";"Saída de leito carroçável";"Com Vítimas Feridas";"Pleno dia";"Crescente";"Céu Claro";"Simples";"Curva;Declive";"Não";1;0;1;0;0;0;1;1;-25,43184986;-52,00714351;"SPRF-PR";"DEL04-PR";"UOP02-DEL04-PR"
315948;2020-10-20;"terça-feira";"14:40:00";"RJ";101;477;"ANGRA DOS REIS";"Mal Súbito";"Colisão frontal";"Com Vítimas Fatais";"Pleno dia";"Crescente";"Nublado";"Simples";"Curva";"Não";2;1;1;0;0;0;1;2;-22,99820396;-44,26554599;"SPRF-RJ";"DEL03-RJ";"UOP03-DEL03-RJ"
315951;2020-10-20;"terça-feira";"15:30:00";"MG";40;464,3;"SETE LAGOAS";"Velocidade Incompatível";"Saída de leito carroçável";"Com Vítimas Feridas";"Pleno dia";"Crescente";"Chuva";"Dupla";"Aclive;Curva";"Não";3;0;1;1;1;0;2;1;-19,43110896;-44,33657482;"SPRF-MG";"DEL02-MG";"UOP01-DEL02-MG"
315955;2020-10-20;"terça-feira";"15:40:00";"SC";101;196;"BIGUACU";"Falta de Atenção à Condução";"Colisão com objeto estático";"Com Vítimas Feridas";"Pleno dia";"Crescente";"Céu Claro";"Múltipla";"Reta";"Não";1;0;0;1;0;0;1;1;-27,51101091;-48,64322292;"SPRF-SC";"DEL01-SC";"UOP01-DEL01-SC"
315956;2020-06-18;"quinta-feira";"13:45:00";"SC";280;153,5;"MAFRA";"Desobediência às normas de trânsito pelo condutor";"Colisão frontal";"Com Vítimas Fatais";"Pleno dia";"Crescente";"Céu Claro";"Simples";"Aclive;Reta";"Não";6;1;2;3;0;0;5;2;-26,22099817;-49,71288041;"SPRF-SC";"DEL06-SC";"UOP03-DEL06-SC"
315957;2020-10-20;"terça-feira";"16:10:00";"PR";277;2;"PARANAGUA";"Falta de Atenção à Condução";"Colisão traseira";"Sem Vítimas";"Pleno dia";"Decrescente";"Céu Claro";"Dupla";"Reta";"Sim";2;0;0;0;2;0;0;2;-25,54832693;-48,54686737;"SPRF-PR";"DEL01-PR";"UOP05-DEL01-PR"
315959;2020-10-20;"terça-feira";"15:55:00";"PR";476;136;"CURITIBA";"Falta de Atenção à Condução";"Colisão traseira";"Com Vítimas Feridas";"Pleno dia";"Crescente";"Chuva";"Múltipla";"Reta";"Sim";2;0;1;0;1;0;1;2;-25,491047;-49,271679;"SPRF-PR";"DEL01-PR";"UOP03-DEL01-PR"
315960;2020-10-20;"terça-feira";"15:50:00";"SP";116;219;"GUARULHOS";"Falta de Atenção à Condução";"Tombamento";"Com Vítimas Feridas";"Pleno dia";"Crescente";"Chuva";"Dupla";"Curva";"Sim";1;0;1;0;0;0;1;1;-23,46143954;-46,48885316;"SPRF-SP";"DEL01-SP";"UOP01-DEL01-SP"
315962;2020-10-20;"terça-feira";"16:10:00";"SC";282;5,6;"SAO JOSE";"Falta de Atenção à Condução";"Colisão traseira";"Com Vítimas Feridas";"Pleno dia";"Crescente";"Céu Claro";"Dupla";"Reta";"Não";1;0;1;0;0;0;1;1;-27,588425;-48,612919;"SPRF-SC";"DEL01-SC";"UOP01-DEL01-SC"
315963;2020-10-20;"terça-feira";"15:55:00";"PA";163;985,4;"SANTAREM";"Falta de Atenção à Condução";"Colisão transversal";"Com Vítimas Feridas";"Pleno dia";"Decrescente";"Céu Claro";"Simples";"Interseção de Vias";"Sim";2;0;1;0;1;0;1;2;-2,60170904;-54,7193154;"SPRF-PA";"DEL05-PA";"UOP01-DEL05-PA"
315964;2020-10-20;"terça-feira";"16:00:00";"PE";101;76,8;"RECIFE";"Desobediência às normas de trânsito pelo condutor";"Colisão transversal";"Com Vítimas Feridas";"Pleno dia";"Crescente";"Céu Claro";"Dupla";"Desvio Temporário";"Sim";2;0;1;0;1;0;1;2;-8,11813811;-34,94329214;"SPRF-PE";"DEL01-PE";"UOP01-DEL01-PE"
315966;2020-10-20;"terça-feira";"16:20:00";"MG";262;385;"MATEUS LEME";"Falta de Atenção à Condução";"Colisão traseira";"Com Vítimas Feridas";"Pleno dia";"Crescente";"Chuva";"Múltipla";"Curva";"Não";2;0;1;0;1;0;1;2;-19,93333233;-44,42459106;"SPRF-MG";"DEL01-MG";"UOP03-DEL01-MG"
315967;2020-10-20;"terça-feira";"16:30:00";"MG";381;365,7;"SAO GONCALO DO RIO ABAIXO";"Pista Escorregadia";"Colisão frontal";"Com Vítimas Feridas";"Pleno dia";"Decrescente";"Chuva";"Simples";"Curva";"Não";2;0;1;0;1;0;1;2;-19,854651;-43,261071;"SPRF-MG";"DEL03-MG";"UOP01-DEL03-MG"
315971;2020-10-20;"terça-feira";"16:00:00";"RJ";116;199;"QUEIMADOS";"Defeito Mecânico no Veículo";"Colisão com objeto estático";"Com Vítimas Feridas";"Pleno dia";"Crescente";"Céu Claro";"Dupla";"Reta";"Não";2;0;1;0;1;0;1;1;-22,72869047;-43,63872528;"SPRF-RJ";"DEL01-RJ";"UOP03-DEL01-RJ"
315974;2020-10-20;"terça-feira";"17:08:00";"SE";235;0,6;"ARACAJU";"Falta de Atenção à Condução";"Colisão transversal";"Com Vítimas Feridas";"Anoitecer";"Decrescente";"Céu Claro";"Dupla";"Reta";"Sim";2;0;0;1;1;0;1;2;-10,90933278;-37,08071686;"SPRF-SE";"DEL01-SE";"UOP01-DEL01-SE"
315975;2020-10-20;"terça-feira";"17:02:00";"MG";262;380,8;"JUATUBA";"Velocidade Incompatível";"Colisão com objeto estático";"Com Vítimas Feridas";"Pleno dia";"Crescente";"Chuva";"Dupla";"Aclive;Curva";"Não";1;0;1;0;0;0;1;1;-19,9348654;-44,43527699;"SPRF-MG";"DEL01-MG";"UOP03-DEL01-MG"
315977;2020-10-20;"terça-feira";"15:45:00";"SC";282;218,7;"LAGES";"Falta de Atenção à Condução";"Engavetamento";"Com Vítimas Feridas";"Pleno dia";"Crescente";"Céu Claro";"Simples";"Reta;Declive";"Sim";4;0;1;0;3;0;1;4;-27,79754307;-50,31084895;"SPRF-SC";"DEL05-SC";"UOP01-DEL05-SC"
315978;2020-10-20;"terça-feira";"15:10:00";"MG";262;128;"RIO CASCA";"Velocidade Incompatível";"Saída de leito carroçável";"Sem Vítimas";"Pleno dia";"Crescente";"Chuva";"Simples";"Curva";"Não";1;0;0;0;1;0;0;1;-20,17424519;-42,69690514;"SPRF-MG";"DEL03-MG";"UOP03-DEL03-MG"
315981;2020-10-20;"terça-feira";"17:35:00";"ES";101;151,6;"LINHARES";"Falta de Atenção à Condução";"Colisão transversal";"Com Vítimas Feridas";"Anoitecer";"Crescente";"Garoa/Chuvisco";"Simples";"Curva";"Não";2;0;1;0;1;0;1;2;-19,41156656;-40,06592463;"SPRF-ES";"DEL04-ES";"UOP01-DEL04-ES"
315982;2020-10-20;"terça-feira";"17:30:00";"BA";101;212;"GOVERNADOR MANGABEIRA";"Desobediência às normas de trânsito pelo condutor";"Colisão frontal";"Com Vítimas Feridas";"Anoitecer";"Crescente";"Céu Claro";"Simples";"Curva";"Não";2;0;1;0;1;0;1;2;-12,611222;-39,083015;"SPRF-BA";"DEL01-BA";"UOP02-DEL01-BA"
315983;2020-10-20;"terça-feira";"17:40:00";"PB";230;16;"JOAO PESSOA";"Não guardar distância de segurança";"Colisão traseira";"Com Vítimas Feridas";"Anoitecer";"Crescente";"Céu Claro";"Dupla";"Reta";"Sim";3;0;2;0;1;0;2;2;-7,1039;-34,8458;"SPRF-PB";"DEL01-PB";"UOP01-DEL01-PB"
315984;2020-10-20;"terça-feira";"17:15:00";"MG";381;344;"BELA VISTA DE MINAS";"Avarias e/ou desgaste excessivo no pneu";"Saída de leito carroçável";"Com Vítimas Feridas";"Anoitecer";"Decrescente";"Chuva";"Simples";"Curva";"Não";5;0;3;0;2;0;3;1;-19,85986781;-43,11280984;"SPRF-MG";"DEL03-MG";"UOP01-DEL03-MG"
315985;2020-10-20;"terça-feira";"15:30:00";"SC";101;90,1;"BARRA VELHA";"Falta de Atenção à Condução";"Saída de leito carroçável";"Com Vítimas Feridas";"Pleno dia";"Decrescente";"Sol";"Dupla";"Reta";"Sim";1;0;1;0;0;0;1;1;-26,66148503;-48,68866176;"SPRF-SC";"DEL03-SC";"UOP02-DEL03-SC"
315986;2020-10-20;"terça-feira";"08:00:00";"MG";365;400;"PATOS DE MINAS";"Desobediência às normas de trânsito pelo condutor";"Colisão traseira";"Com Vítimas Feridas";"Amanhecer";"Crescente";"Chuva";"Múltipla";"Curva";"Não";2;0;0;1;1;0;1;2;-18,6337358;-46,44201458;"SPRF-MG";"DEL10-MG";"UOP01-DEL10-MG"
315988;2020-10-20;"terça-feira";"18:00:00";"SE";235;44,7;"ITABAIANA";"Ingestão de Álcool";"Colisão frontal";"Com Vítimas Feridas";"Plena Noite";"Decrescente";"Céu Claro";"Simples";"Reta";"Não";3;0;0;1;1;1;1;3;-10,75489;-37,394836;"SPRF-SE";"DEL01-SE";"UOP02-DEL01-SE"
315991;2020-10-20;"terça-feira";"19:00:00";"SP";116;215;"GUARULHOS";"Falta de Atenção à Condução";"Colisão lateral";"Com Vítimas Feridas";"Plena Noite";"Decrescente";"Nublado";"Dupla";"Reta";"Não";2;0;0;1;1;0;1;2;-23,44695693;-46,45394103;"SPRF-SP";"DEL01-SP";"UOP01-DEL01-SP"
315992;2020-10-20;"terça-feira";"18:50:00";"SC";101;24;"JOINVILLE";"Defeito Mecânico no Veículo";"Tombamento";"Com Vítimas Feridas";"Plena Noite";"Decrescente";"Céu Claro";"Dupla";"Reta";"Sim";2;0;2;0;0;0;2;1;-26,17483309;-48,90767978;"SPRF-SC";"DEL03-SC";"UOP01-DEL03-SC"
315993;2020-10-20;"terça-feira";"16:30:00";"MT";163;829;"SINOP";"Não guardar distância de segurança";"Colisão traseira";"Com Vítimas Feridas";"Plena Noite";"Decrescente";"Céu Claro";"Dupla";"Reta";"Sim";2;0;1;0;1;0;1;2;-12,040704;-55,51732275;"SPRF-MT";"DEL06-MT";"UOP01-DEL06-MT"
315995;2020-10-20;"terça-feira";"19:25:00";"SC";101;156;"PORTO BELO";"Não guardar distância de segurança";"Tombamento";"Com Vítimas Feridas";"Plena Noite";"Crescente";"Céu Claro";"Dupla";"Reta";"Não";1;0;1;0;0;0;1;1;-27,172272;-48,61170204;"SPRF-SC";"DEL04-SC";"UOP03-DEL04-SC"
315997;2020-10-20;"terça-feira";"18:40:00";"PA";222;238;"MARABA";"Desobediência às normas de trânsito pelo condutor";"Colisão traseira";"Sem Vítimas";"Plena Noite";"Decrescente";"Céu Claro";"Simples";"Reta";"Sim";2;0;0;0;2;0;0;2;-5,301523;-49,072395;"SPRF-PA";"DEL03-PA";"UOP01-DEL03-PA"
315998;2020-10-20;"terça-feira";"19:30:00";"RJ";116;138;"DUQUE DE CAXIAS";"Desobediência às normas de trânsito pelo condutor";"Colisão lateral";"Com Vítimas Feridas";"Plena Noite";"Decrescente";"Céu Claro";"Simples";"Reta";"Sim";2;0;1;0;1;0;1;2;-22,64697319;-43,19165101;"SPRF-RJ";"DEL04-RJ";"UOP02-DEL04-RJ"
315999;2020-10-20;"terça-feira";"19:10:00";"SC";470;139,1;"RIO DO SUL";"Desobediência às normas de trânsito pelo condutor";"Colisão lateral";"Com Vítimas Feridas";"Plena Noite";"Decrescente";"Céu Claro";"Dupla";"Reta";"Sim";2;0;1;0;1;0;1;2;-27,217564;-49,65461;"SPRF-SC";"DEL04-SC";"UOP02-DEL04-SC"
316000;2020-10-20;"terça-feira";"19:10:00";"PE";428;190,5;"PETROLINA";"Ingestão de Álcool";"Colisão traseira";"Sem Vítimas";"Plena Noite";"Decrescente";"Céu Claro";"Dupla";"Reta";"Sim";3;0;0;0;2;1;0;3;-9,37605965;-40,49382106;"SPRF-PE";"DEL06-PE";"UOP01-DEL06-PE"
316001;2020-10-20;"terça-feira";"19:30:00";"ES";101;298;"VIANA";"Defeito Mecânico no Veículo";"Colisão traseira";"Com Vítimas Feridas";"Anoitecer";"Decrescente";"Chuva";"Dupla";"Curva";"Sim";2;0;1;0;1;0;1;2;-20,35374444;-40,4156433;"SPRF-ES";"DEL01-ES";"UOP01-DEL01-ES"
316003;2020-10-20;"terça-feira";"15:55:00";"RN";0;0;"MOSSORO";"Defeito na Via";"Colisão com objeto estático";"Com Vítimas Feridas";"Pleno dia";"Não Informado";"Céu Claro";"Simples";"Reta";"Não";4;0;2;0;1;1;2;2;-5,07739;-37,3369;"SPRF-RN";"DEL04-RN";"UOP02-DEL04-RN"
316007;2020-10-20;"terça-feira";"20:30:00";"PR";376;620,5;"SAO JOSE DOS PINHAIS";"Ingestão de Álcool";"Colisão com objeto estático";"Com Vítimas Feridas";"Plena Noite";"Decrescente";"Nublado";"Dupla";"Reta";"Não";1;0;1;0;0;0;1;1;-25,61854289;-49,16845322;"SPRF-PR";"DEL01-PR";"UOP04-DEL01-PR"
316011;2020-10-20;"terça-feira";"19:30:00";"SC";101;276;"IMBITUBA";"Falta de Atenção à Condução";"Colisão lateral";"Com Vítimas Feridas";"Plena Noite";"Decrescente";"Céu Claro";"Simples";"Interseção de Vias;Reta";"Sim";2;0;0;1;1;0;1;2;-28,14644701;-48,69204746;"SPRF-SC";"DEL02-SC";"UOP03-DEL02-SC"
316012;2020-10-20;"terça-feira";"19:15:00";"MG";116;244,4;"TEOFILO OTONI";"Desobediência às normas de trânsito pelo condutor";"Colisão transversal";"Com Vítimas Feridas";"Plena Noite";"Crescente";"Nublado";"Dupla";"Reta";"Sim";2;0;1;0;0;1;1;2;-17,59700534;-41,49206758;"SPRF-MG";"DEL11-MG";"UOP01-DEL11-MG"