"id";"data_inversa";"dia_semana";"horario";"uf";"br";"km";"municipio";"causa_acidente";"tipo_acidente";"classificacao_acidente";"fase_dia";"sentido_via";"condicao_metereologica";"tipo_pista";"tracado_via";"uso_solo";"pessoas";"mortos";"feridos_leves";"feridos_graves";"ilesos";"ignorados";"feridos";"veiculos";"latitude";"longitude";"regional";"delegacia";"uop"
316014;2020-10-20;"terça-feira";"21:20:00";"PR";376;178,9;"MARINGA";"Mal Súbito";"Saída de leito carroçável";"Com Vítimas Feridas";"Plena Noite";"Decrescente";"Céu Claro";"Dupla";"Reta";"Sim";1;0;1;0;0;0;1;1;-23,4192146;-51,91293985;"SPRF-PR";"DEL09-PR";"UOP01-DEL09-PR"
316015;2020-09-03;"quinta-feira";"16:00:00";"MG";381;250,3;"SANTANA DO PARAISO";"Desobediência às normas de trânsito pelo condutor";"Colisão transversal";"Com Vítimas Feridas";"Pleno dia";"Decrescente";"Céu Claro";"Simples";"Interseção de Vias";"Não";4;0;0;2;2;0;2;3;-19,45381123;-42,5212652;"SPRF-MG";"DEL06-MG";"UOP01-DEL06-MG"
316016;2020-10-20;"terça-feira";"19:40:00";"BA";407;11;"JUAZEIRO";"Animais na Pista";"Atropelamento de Animal";"Sem Vítimas";"Plena Noite";"Crescente";"Céu Claro";"Simples";"Reta";"Não";1;0;0;0;1;0;0;1;-9,49645397;-40,46731593;"SPRF-BA";"DEL04-BA";"UOP01-DEL04-BA"
316017;2020-10-20;"terça-feira";"21:00:00";"SP";116;272,1;"TABOAO DA SERRA";"Não guardar distância de segurança";"Colisão lateral";"Sem Vítimas";"Plena Noite";"Decrescente";"Nublado";"Dupla";"Reta";"Sim";2;0;0;0;1;1;0;2;-23,621691;-46,813288;"SPRF-SP";"DEL04-SP";"UOP01-DEL04-SP"
316020;2020-10-20;"terça-feira";"20:50:00";"DF";70;10;"BRASILIA";"Pista Escorregadia";"Queda de ocupante de veículo";"Com Vítimas Feridas";"Plena Noite";"Decrescente";"Céu Claro";"Dupla";"Reta";"Sim";1;0;1;0;0;0;1;1;-15,787066;-48,140709;"SPRF-DF";"DEL03-DF";"UOP02-DEL03-DF"
316021;2020-10-20;"terça-feira";"21:15:00";"MG";262;355,3;"BETIM";"Falta de Atenção à Condução";"Atropelamento de Pedestre";"Com Vítimas Fatais";"Plena Noite";"Decrescente";"Garoa/Chuvisco";"Dupla";"Reta";"Não";2;1;0;0;0;1;0;2;-19,96466575;-44,17285107;"SPRF-MG";"DEL01-MG";"UOP03-DEL01-MG"
316022;2020-10-20;"terça-feira";"21:30:00";"PA";316;80;"CASTANHAL";"Falta de Atenção do Pedestre";"Atropelamento de Pedestre";"Com Vítimas Feridas";"Plena Noite";"Decrescente";"Céu Claro";"Simples";"Reta";"Não";2;0;1;0;1;0;1;2;-1,304008;-47,780147;"SPRF-PA";"DEL01-PA";"UOP02-DEL01-PA"
316025;2020-10-20;"terça-feira";"21:30:00";"SP";116;279,9;"EMBU DAS ARTES";"Desobediência às normas de trânsito pelo condutor";"Colisão traseira";"Com Vítimas Feridas";"Plena Noite";"Crescente";"Nublado";"Dupla";"Interseção de Vias;Reta";"Sim";2;0;1;0;1;0;1;2;-23,64524434;-46,84082779;"SPRF-SP";"DEL04-SP";"UOP01-DEL04-SP"
316028;2020-10-20;"terça-feira";"22:20:00";"SC";282;4;"SAO JOSE";"Velocidade Incompatível";"Colisão transversal";"Com Vítimas Feridas";"Plena Noite";"Decrescente";"Céu Claro";"Múltipla";"Reta";"Não";4;0;0;2;0;2;2;3;-27,592646;-48,604034;"SPRF-SC";"DEL01-SC";"UOP01-DEL01-SC"
316029;2020-10-20;"terça-feira";"19:00:00";"RS";386;26,5;"FREDERICO WESTPHALEN";"Ingestão de Álcool";"Saída de leito carroçável";"Com Vítimas Feridas";"Plena Noite";"Crescente";"Nublado";"Simples";"Curva";"Não";2;0;2;0;0;0;2;1;-27,29574863;-53,35935116;"SPRF-RS";"DEL08-RS";"UOP02-DEL08-RS"
316030;2020-10-20;"terça-feira";"16:40:00";"MG";262;12,2;"MARTINS SOARES";"Velocidade Incompatível";"Saída de leito carroçável";"Com Vítimas Feridas";"Pleno dia";"Crescente";"Chuva";"Simples";"Reta";"Não";1;0;0;1;0;0;1;1;-20,25303293;-41,85361008;"SPRF-MG";"DEL06-MG";"UOP03-DEL06-MG"
316032;2020-10-20;"terça-feira";"23:05:00";"PR";116;13;"COLOMBO";"Velocidade Incompatível";"Colisão traseira";"Com Vítimas Feridas";"Plena Noite";"Decrescente";"Nublado";"Dupla";"Reta";"Sim";2;0;1;0;1;0;1;2;-25,3785;-49,1564;"SPRF-PR";"DEL01-PR";"UOP02-DEL01-PR"
316033;2020-10-20;"terça-feira";"22:00:00";"SC";470;139;"RIO DO SUL";"Desobediência às normas de trânsito pelo condutor";"Colisão lateral";"Com Vítimas Feridas";"Plena Noite";"Crescente";"Céu Claro";"Simples";"Reta";"Sim";3;0;1;0;2;0;1;2;-27,217564;-49,65461;"SPRF-SC";"DEL04-SC";"UOP02-DEL04-SC"
316037;2020-10-20;"terça-feira";"23:20:00";"TO";153;671;"GURUPI";"Velocidade Incompatível";"Saída de leito carroçável";"Com Vítimas Feridas";"Plena Noite";"Decrescente";"Céu Claro";"Dupla";"Reta";"Sim";1;0;0;1;0;0;1;1;-11,72075725;-49,07713594;"SPRF-TO";"DEL01-TO";"UOP02-DEL01-TO"
316038;2020-10-20;"terça-feira";"22:50:00";"SC";163;70,9;"SAO MIGUEL DO OESTE";"Desobediência às normas de trânsito pelo condutor";"Colisão transversal";"Com Vítimas Feridas";"Plena Noite";"Crescente";"Céu Claro";"Dupla";"Reta;Interseção de Vias";"Sim";3;0;0;2;1;0;2;2;-26,72866992;-53,51227999;"SPRF-SC";"DEL07-SC";"UOP03-DEL07-SC"
316040;2020-10-20;"terça-feira";"21:40:00";"GO";70;473;"ARAGARCAS";"Ingestão de Álcool";"Colisão lateral";"Com Vítimas Feridas";"Plena Noite";"Decrescente";"Nublado";"Dupla";"Reta";"Sim";3;0;3;0;0;0;3;2;-15,89658423;-52,24721476;"SPRF-GO";"DEL04-GO";"UOP01-DEL04-GO"
316043;2020-10-21;"quarta-feira";"00:30:00";"RS";116;523,4;"PELOTAS";"Velocidade Incompatível";"Tombamento";"Com Vítimas Feridas";"Plena Noite";"Decrescente";"Nublado";"Simples";"Declive;Curva";"Não";1;0;0;1;0;0;1;1;-31,72590401;-52,3833704;"SPRF-RS";"DEL07-RS";"UOP01-DEL07-RS"
316045;2020-10-21;"quarta-feira";"00:48:00";"RS";448;7;"ESTEIO";"Defeito Mecânico no Veículo";"Incêndio";"Sem Vítimas";"Plena Noite";"Decrescente";"Céu Claro";"Dupla";"Reta";"Não";1;0;0;0;1;0;0;1;-29,883022;-51,236874;"SPRF-RS";"DEL01-RS";"UOP02-DEL01-RS"
316048;2020-10-21;"quarta-feira";"02:20:00";"SC";101;119,4;"ITAJAI";"Animais na Pista";"Tombamento";"Com Vítimas Feridas";"Plena Noite";"Crescente";"Céu Claro";"Dupla";"Ponte";"Não";1;0;1;0;0;0;1;1;-26,9043179;-48,71555481;"SPRF-SC";"DEL04-SC";"UOP04-DEL04-SC"
316049;2020-10-21;"quarta-feira";"01:50:00";"SC";470;44,9;"GASPAR";"Ingestão de Álcool";"Colisão com objeto estático";"Sem Vítimas";"Plena Noite";"Decrescente";"Nublado";"Dupla";"Reta";"Não";1;0;0;0;1;0;0;1;-26,870665;-49,021896;"SPRF-SC";"DEL04-SC";"UOP01-DEL04-SC"
316050;2020-10-21;"quarta-feira";"02:00:00";"MG";381;337;"NOVA ERA";"Pista Escorregadia";"Capotamento";"Com Vítimas Feridas";"Plena Noite";"Crescente";"Chuva";"Simples";"Curva";"Não";1;0;1;0;0;0;1;1;-19,82388218;-43,08235792;"SPRF-MG";"DEL03-MG";"UOP01-DEL03-MG"
316051;2020-10-21;"quarta-feira";"03:15:00";"MG";40;510;"RIBEIRAO DAS NEVES";"Pista Escorregadia";"Saída de leito carroçável";"Sem Vítimas";"Plena Noite";"Decrescente";"Chuva";"Dupla";"Declive";"Não";1;0;0;0;0;1;0;1;-19,77463885;-44,12321882;"SPRF-MG";"DEL01-MG";"UOP02-DEL01-MG"
316055;2020-10-21;"quarta-feira";"04:40:00";"PR";487;107,1;"CRUZEIRO DO OESTE";"Falta de Atenção à Condução";"Atropelamento de Animal";"Com Vítimas Fatais";"Plena Noite";"Decrescente";"Céu Claro";"Simples";"Reta";"Não";3;1;0;0;2;0;0;2;-23,79523246;-53,03642121;"SPRF-PR";"DEL09-PR";"UOP03-DEL09-PR"
316062;2020-10-21;"quarta-feira";"05:35:00";"PB";230;24;"JOAO PESSOA";"Não guardar distância de segurança";"Colisão traseira";"Com Vítimas Feridas";"Pleno dia";"Decrescente";"Chuva";"Dupla";"Viaduto;Aclive;Reta";"Sim";2;0;1;0;1;0;1;2;-7,1637;-34,8618;"SPRF-PB";"DEL01-PB";"UOP01-DEL01-PB"
316063;2020-10-21;"quarta-feira";"05:30:00";"MG";116;804,3;"ALEM PARAIBA";"Velocidade Incompatível";"Capotamento";"Com Vítimas Feridas";"Amanhecer";"Crescente";"Céu Claro";"Simples";"Curva";"Não";1;0;1;0;0;0;1;1;-21,79286161;-42,71488284;"SPRF-MG";"DEL07-MG";"UOP01-DEL07-MG"
316064;2020-10-21;"quarta-feira";"06:25:00";"PB";101;12,9;"MAMANGUAPE";"Pista Escorregadia";"Queda de ocupante de veículo";"Com Vítimas Feridas";"Pleno dia";"Crescente";"Garoa/Chuvisco";"Dupla";"Aclive;Curva";"Não";1;0;1;0;0;0;1;1;-6,60110408;-35,14339905;"SPRF-PB";"DEL01-PB";"UOP04-DEL01-PB"
316069;2020-10-21;"quarta-feira";"07:05:00";"SP";116;347;"MIRACATU";"Pista Escorregadia";"Saída de leito carroçável";"Com Vítimas Feridas";"Pleno dia";"Decrescente";"Garoa/Chuvisco";"Múltipla";"Curva";"Não";1;0;1;0;0;0;1;1;-24,04699491;-47,19706111;"SPRF-SP";"DEL04-SP";"UOP02-DEL04-SP"
316070;2020-10-21;"quarta-feira";"07:35:00";"PR";277;83;"CURITIBA";"Condutor Dormindo";"Colisão com objeto estático";"Com Vítimas Feridas";"Pleno dia";"Decrescente";"Sol";"Dupla";"Reta";"Sim";1;0;0;1;0;0;1;1;-25,44851937;-49,22979314;"SPRF-PR";"DEL01-PR";"UOP01-DEL01-PR"
316074;2020-10-21;"quarta-feira";"07:20:00";"RS";116;229;"DOIS IRMAOS";"Falta de Atenção à Condução";"Colisão transversal";"Com Vítimas Feridas";"Pleno dia";"Crescente";"Sol";"Simples";"Aclive;Reta;Interseção de Vias";"Sim";2;0;2;0;0;0;2;2;-29,61866556;-51,12186313;"SPRF-RS";"DEL01-RS";"UOP02-DEL01-RS"
316075;2020-10-21;"quarta-feira";"07:30:00";"RS";158;362;"DILERMANDO DE AGUIAR";"Condutor Dormindo";"Saída de leito carroçável";"Com Vítimas Feridas";"Pleno dia";"Crescente";"Céu Claro";"Simples";"Curva";"Não";1;0;1;0;0;0;1;1;-29,79051762;-54,11837708;"SPRF-RS";"DEL09-RS";"UOP01-DEL09-RS"
316076;2020-10-21;"quarta-feira";"07:20:00";"SC";470;134;"RIO DO SUL";"Falta de Atenção à Condução";"Colisão traseira";"Com Vítimas Feridas";"Pleno dia";"Crescente";"Céu Claro";"Simples";"Reta";"Não";2;0;1;0;1;0;1;2;-27,181854;-49,600128;"SPRF-SC";"DEL04-SC";"UOP02-DEL04-SC"
316077;2020-10-21;"quarta-feira";"08:00:00";"RN";101;85,6;"SAO GONCALO DO AMARANTE";"Fenômenos da Natureza";"Colisão traseira";"Com Vítimas Feridas";"Pleno dia";"Crescente";"Chuva";"Dupla";"Reta";"Sim";2;0;1;0;1;0;1;2;-5,777664;-35,24937;"SPRF-RN";"DEL02-RN";"UOP01-DEL02-RN"
316078;2020-10-21;"quarta-feira";"07:40:00";"SC";282;0,7;"SAO JOSE";"Falta de Atenção à Condução";"Colisão traseira";"Com Vítimas Feridas";"Pleno dia";"Decrescente";"Céu Claro";"Múltipla";"Declive";"Sim";4;0;2;0;2;0;2;4;-27,59845;-48,571995;"SPRF-SC";"DEL01-SC";"UOP01-DEL01-SC"
316079;2020-10-21;"quarta-feira";"06:45:00";"SC";280;4;"SAO FRANCISCO DO SUL";"Falta de Atenção à Condução";"Colisão transversal";"Com Vítimas Feridas";"Pleno dia";"Crescente";"Nublado";"Simples";"Rotatória";"Sim";2;0;1;0;1;0;1;2;-26,25329566;-48,61916042;"SPRF-SC";"DEL03-SC";"UOP03-DEL03-SC"
316080;2020-10-17;"sábado";"20:30:00";"GO";60;94;"ANAPOLIS";"Ingestão de Álcool";"Saída de leito carroçável";"Sem Vítimas";"Plena Noite";"Decrescente";"Céu Claro";"Múltipla";"Reta";"Sim";1;0;0;0;0;1;0;1;-16,3611;-48,9328;"SPRF-GO";"DEL02-GO";"UOP01-DEL02-GO"
316081;2020-10-21;"quarta-feira";"07:30:00";"RS";448;20,4;"CANOAS";"Mal Súbito";"Queda de ocupante de veículo";"Com Vítimas Fatais";"Pleno dia";"Crescente";"Céu Claro";"Dupla";"Reta";"Não";1;1;0;0;0;0;0;1;-29,960273;-51,20278;"SPRF-RS";"DEL01-RS";"UOP01-DEL01-RS"
316083;2020-10-21;"quarta-feira";"08:28:00";"RJ";493;53;"DUQUE DE CAXIAS";"Falta de Atenção à Condução";"Saída de leito carroçável";"Com Vítimas Feridas";"Plena Noite";"Decrescente";"Garoa/Chuvisco";"Dupla";"Reta";"Não";1;0;0;1;0;0;1;1;-22,672089;-43,285053;"SPRF-RJ";"DEL01-RJ";"UOP01-DEL01-RJ"
316084;2020-10-21;"quarta-feira";"07:50:00";"ES";447;12,5;"VILA VELHA";"Falta de Atenção do Pedestre";"Atropelamento de Pedestre";"Com Vítimas Feridas";"Amanhecer";"Decrescente";"Céu Claro";"Dupla";"Interseção de Vias";"Sim";2;0;0;1;1;0;1;2;-20,34722779;-40,33128446;"SPRF-ES";"DEL01-ES";"UOP01-DEL01-ES"
316085;2020-10-21;"quarta-feira";"08:20:00";"AP";210;1;"MACAPA";"Falta de Atenção à Condução";"Colisão transversal";"Com Vítimas Feridas";"Pleno dia";"Decrescente";"Céu Claro";"Dupla";"Reta";"Sim";2;0;1;0;1;0;1;2;0,07809548;-51,07027198;"SPRF-AP";"DEL01-AP";"UOP01-DEL01-AP"
316086;2020-10-21;"quarta-feira";"08:20:00";"SC";101;114,5;"ITAJAI";"Objeto estático sobre o leito carroçável";"Queda de ocupante de veículo";"Com Vítimas Feridas";"Pleno dia";"Decrescente";"Céu Claro";"Dupla";"Reta";"Sim";1;0;1;0;0;0;1;1;-26,86192886;-48,7286704;"SPRF-SC";"DEL04-SC";"UOP04-DEL04-SC"
316087;2020-10-21;"quarta-feira";"08:40:00";"DF";20;3;"BRASILIA";"Desobediência às normas de trânsito pelo condutor";"Colisão transversal";"Sem Vítimas";"Pleno dia";"Crescente";"Céu Claro";"Simples";"Rotatória";"Sim";2;0;0;0;2;0;0;2;-15,679851;-47,832211;"SPRF-DF";"DEL02-DF";"UOP01-DEL02-DF"
316088;2020-10-21;"quarta-feira";"07:40:00";"SC";101;210,9;"SAO JOSE";"Falta de Atenção à Condução";"Colisão traseira";"Com Vítimas Feridas";"Pleno dia";"Decrescente";"Céu Claro";"Dupla";"Viaduto";"Não";2;0;1;0;1;0;1;2;-27,6167305;-48,6457265;"SPRF-SC";"DEL01-SC";"UOP01-DEL01-SC"
316089;2020-10-21;"quarta-feira";"06:30:00";"SP";116;215;"GUARULHOS";"Falta de Atenção à Condução";"Colisão transversal";"Com Vítimas Feridas";"Pleno dia";"Crescente";"Nublado";"Múltipla";"Reta";"Sim";3;0;3;0;0;0;3;2;-23,44695693;-46,45394103;"SPRF-SP";"DEL01-SP";"UOP01-DEL01-SP"
316090;2020-10-21;"quarta-feira";"07:50:00";"RJ";116;168;"SAO JOAO DE MERITI";"Falta de Atenção à Condução";"Colisão lateral";"Com Vítimas Feridas";"Pleno dia";"Decrescente";"Céu Claro";"Múltipla";"Reta";"Não";2;0;1;0;1;0;1;2;-22,819969;-43,31499997;"SPRF-RJ";"DEL01-RJ";"UOP01-DEL01-RJ"
316092;2020-10-21;"quarta-feira";"08:10:00";"PR";376;183;"SARANDI";"Falta de Atenção à Condução";"Colisão traseira";"Com Vítimas Feridas";"Pleno dia";"Crescente";"Sol";"Dupla";"Reta";"Sim";2;0;1;0;1;0;1;2;-23,43869878;-51,87568188;"SPRF-PR";"DEL09-PR";"UOP01-DEL09-PR"
316093;2020-10-21;"quarta-feira";"08:40:00";"PR";476;134;"CURITIBA";"Não guardar distância de segurança";"Colisão traseira";"Com Vítimas Feridas";"Pleno dia";"Crescente";"Céu Claro";"Dupla";"Reta";"Sim";2;0;0;1;1;0;1;2;-25,476524;-49,259937;"SPRF-PR";"DEL01-PR";"UOP03-DEL01-PR"
316095;2020-10-21;"quarta-feira";"07:30:00";"SC";101;77,6;"ARAQUARI";"Falta de Atenção à Condução";"Colisão com objeto estático";"Com Vítimas Feridas";"Pleno dia";"Crescente";"Sol";"Múltipla";"Curva";"Não";1;0;1;0;0;0;1;1;-26,56833103;-48,72029393;"SPRF-SC";"DEL03-SC";"UOP02-DEL03-SC"
316096;2020-10-21;"quarta-feira";"07:10:00";"PR";277;722,1;"FOZ DO IGUACU";"Falta de Atenção à Condução";"Colisão lateral";"Com Vítimas Feridas";"Pleno dia";"Crescente";"Sol";"Dupla";"Reta";"Não";2;0;0;1;1;0;1;2;-25,495543;-54,522376;"SPRF-PR";"DEL05-PR";"UOP03-DEL05-PR"
316097;2020-10-21;"quarta-feira";"08:30:00";"RJ";40;109;"DUQUE DE CAXIAS";"Velocidade Incompatível";"Queda de ocupante de veículo";"Com Vítimas Feridas";"Pleno dia";"Decrescente";"Céu Claro";"Múltipla";"Curva";"Sim";1;0;1;0;0;0;1;1;-22,67266943;-43,28475952;"SPRF-RJ";"DEL01-RJ";"UOP01-DEL01-RJ"
316101;2020-10-11;"domingo";"14:25:00";"MT";163;586,5;"NOVA MUTUM";"Defeito Mecânico no Veículo";"Saída de leito carroçável";"Com Vítimas Feridas";"Pleno dia";"Decrescente";"Chuva";"Simples";"Reta";"Não";3;0;3;0;0;0;3;1;-14,031449;-56,09551801;"SPRF-MT";"DEL01-MT";"UOP01-DEL01-MT"
316102;2020-10-20;"terça-feira";"21:30:00";"SP";116;161;"JACAREI";"Falta de Atenção à Condução";"Saída de leito carroçável";"Com Vítimas Feridas";"Plena Noite";"Decrescente";"Garoa/Chuvisco";"Dupla";"Reta";"Sim";1;0;1;0;0;0;1;1;-23,27617003;-45,97592098;"SPRF-SP";"DEL02-SP";"UOP01-DEL02-SP"
316103;2020-10-21;"quarta-feira";"09:00:00";"CE";116;6,3;"FORTALEZA";"Não guardar distância de segurança";"Colisão traseira";"Com Vítimas Feridas";"Pleno dia";"Decrescente";"Sol";"Múltipla";"Reta";"Sim";2;0;0;1;1;0;1;2;-3,80347262;-38,50342155;"SPRF-CE";"DEL01-CE";"UOP02-DEL01-CE"
316104;2020-10-21;"quarta-feira";"09:30:00";"RJ";101;58;"CAMPOS DOS GOYTACAZES";"Falta de Atenção à Condução";"Colisão transversal";"Com Vítimas Feridas";"Pleno dia";"Decrescente";"Céu Claro";"Simples";"Reta";"Não";2;0;1;0;1;0;1;2;-21,70488703;-41,30979616;"SPRF-RJ";"DEL08-RJ";"UOP01-DEL08-RJ"
316105;2020-10-21;"quarta-feira";"09:00:00";"RJ";101;306;"SAO GONCALO";"Falta de Atenção à Condução";"Capotamento";"Com Vítimas Feridas";"Pleno dia";"Decrescente";"Céu Claro";"Dupla";"Reta";"Sim";1;0;1;0;0;0;1;1;-22,78913759;-43,00550909;"SPRF-RJ";"DEL02-RJ";"UOP02-DEL02-RJ"
316106;2020-09-04;"sexta-feira";"08:20:00";"CE";116;45;"PACAJUS";"Desobediência às normas de trânsito pelo condutor";"Colisão lateral";"Com Vítimas Fatais";"Pleno dia";"Crescente";"Céu Claro";"Dupla";"Reta";"Sim";2;1;0;0;1;0;0;2;-4,1312959;-38,48313475;"SPRF-CE";"DEL01-CE";"UOP02-DEL01-CE"
316110;2020-10-21;"quarta-feira";"10:15:00";"RS";101;6;"TORRES";"Condutor Dormindo";"Colisão com objeto estático";"Com Vítimas Feridas";"Pleno dia";"Decrescente";"Sol";"Dupla";"Reta";"Sim";2;0;2;0;0;0;2;1;-29,34861477;-49,79418668;"SPRF-RS";"DEL03-RS";"UOP02-DEL03-RS"
316112;2020-10-21;"quarta-feira";"10:10:00";"DF";20;18,8;"BRASILIA";"Falta de Atenção à Condução";"Colisão traseira";"Com Vítimas Feridas";"Pleno dia";"Decrescente";"Sol";"Dupla";"Aclive;Reta";"Sim";2;0;1;0;1;0;1;2;-15,616901;-47,708927;"SPRF-DF";"DEL02-DF";"UOP01-DEL02-DF"
316114;2020-10-21;"quarta-feira";"05:00:00";"MT";158;691,8;"BARRA DO GARCAS";"Velocidade Incompatível";"Atropelamento de Animal";"Com Vítimas Fatais";"Amanhecer";"Crescente";"Céu Claro";"Simples";"Reta";"Não";1;1;0;0;0;0;0;1;-14,98422201;-52,26085206;"SPRF-MT";"DEL07-MT";"UOP01-DEL07-MT"
316117;2020-10-21;"quarta-feira";"10:25:00";"MS";163;74,2;"ITAQUIRAI";"Desobediência às normas de trânsito pelo condutor";"Colisão lateral";"Com Vítimas Feridas";"Pleno dia";"Decrescente";"Céu Claro";"Simples";"Reta";"Não";2;0;1;0;1;0;1;2;-23,50976209;-54,18919663;"SPRF-MS";"DEL09-MS";"UOP02-DEL09-MS"
316119;2020-10-21;"quarta-feira";"11:35:00";"RS";287;265;"SANTA MARIA";"Defeito Mecânico no Veículo";"Incêndio";"Sem Vítimas";"Pleno dia";"Decrescente";"Céu Claro";"Simples";"Reta";"Não";1;0;0;0;1;0;0;1;-29,67067223;-54,02245802;"SPRF-RS";"DEL09-RS";"UOP01-DEL09-RS"
316121;2020-10-21;"quarta-feira";"11:09:00";"PA";0;0;"BELEM";"Defeito Mecânico no Veículo";"Danos eventuais";"Sem Vítimas";"Pleno dia";"Não Informado";"Céu Claro";"Dupla";"Reta";"Sim";1;0;0;0;1;0;0;1;-1,416757;-48,440131;"SPRF-PA";"N/A";"N/A"
316122;2020-10-21;"quarta-feira";"12:00:00";"RN";101;106;"PARNAMIRIM";"Desobediência às normas de trânsito pelo condutor";"Colisão transversal";"Sem Vítimas";"Pleno dia";"Decrescente";"Nublado";"Simples";"Interseção de Vias";"Sim";1;0;0;0;1;0;0;1;-5,90165196;-35,25928517;"SPRF-RN";"DEL01-RN";"UOP01-DEL01-RN"
316123;2020-10-21;"quarta-feira";"10:30:00";"PR";163;34,1;"SANTO ANTONIO DO SUDOESTE";"Falta de Atenção à Condução";"Colisão transversal";"Com Vítimas Feridas";"Pleno dia";"Crescente";"Céu Claro";"Simples";"Reta";"Não";2;0;0;1;1;0;1;2;-26,072692;-53,719836;"SPRF-PR";"DEL02-PR";"UOP02-DEL02-PR"
316124;2020-10-21;"quarta-feira";"12:00:00";"SP";101;49;"UBATUBA";"Falta de Atenção à Condução";"Colisão transversal";"Com Vítimas Feridas";"Pleno dia";"Crescente";"Céu Claro";"Simples";"Reta";"Sim";2;0;1;0;1;0;1;2;-23,44410908;-45,08375708;"SPRF-SP";"DEL06-SP";"UOP01-DEL06-SP"
316126;2020-10-21;"quarta-feira";"12:35:00";"RS";287;250;"SANTA MARIA";"Desobediência às normas de trânsito pelo condutor";"Colisão transversal";"Com Vítimas Feridas";"Pleno dia";"Crescente";"Céu Claro";"Dupla";"Reta";"Sim";2;0;0;1;1;0;1;2;-29,69175802;-53,8677389;"SPRF-RS";"DEL09-RS";"UOP01-DEL09-RS"
316130;2020-10-21;"quarta-feira";"12:07:00";"SC";101;242,6;"PALHOCA";"Velocidade Incompatível";"Colisão traseira";"Com Vítimas Feridas";"Pleno dia";"Crescente";"Céu Claro";"Simples";"Reta";"Não";2;0;1;0;1;0;1;2;-27,88307787;-48,64772916;"SPRF-SC";"DEL01-SC";"UOP02-DEL01-SC"
316131;2020-10-21;"quarta-feira";"13:05:00";"ES";101;143;"LINHARES";"Desobediência às normas de trânsito pelo condutor";"Colisão transversal";"Com Vítimas Feridas";"Pleno dia";"Crescente";"Nublado";"Simples";"Retorno Regulamentado";"Não";5;0;3;1;1;0;4;2;-19,35188295;-40,0636685;"SPRF-ES";"DEL04-ES";"UOP01-DEL04-ES"
316134;2020-10-21;"quarta-feira";"13:20:00";"MG";381;500;"BETIM";"Não guardar distância de segurança";"Engavetamento";"Com Vítimas Feridas";"Pleno dia";"Decrescente";"Céu Claro";"Dupla";"Reta";"Não";3;0;1;0;2;0;1;3;-19,99954295;-44,21084113;"SPRF-MG";"DEL01-MG";"UOP03-DEL01-MG"
316139;2020-10-21;"quarta-feira";"13:30:00";"PR";277;100;"CURITIBA";"Não guardar distância de segurança";"Colisão traseira";"Sem Vítimas";"Pleno dia";"Crescente";"Céu Claro";"Dupla";"Rotatória;Reta";"Não";2;0;0;0;2;0;0;2;-25,52924091;-49,32682192;"SPRF-PR";"DEL01-PR";"UOP01-DEL01-PR"
316147;2020-10-21;"quarta-feira";"14:10:00";"SC";280;52,8;"GUARAMIRIM";"Desobediência às normas de trânsito pelo condutor";"Colisão traseira";"Com Vítimas Feridas";"Pleno dia";"Decrescente";"Sol";"Dupla";"Em Obras;Reta";"Não";2;0;1;0;1;0;1;2;-26,468904;-48,96492;"SPRF-SC";"DEL03-SC";"UOP03-DEL03-SC"
316148;2020-10-21;"quarta-feira";"14:15:00";"PE";232;407,8;"SERRA TALHADA";"Falta de Atenção à Condução";"Colisão transversal";"Com Vítimas Feridas";"Pleno dia";"Decrescente";"Sol";"Simples";"Reta";"Sim";3;0;0;2;1;0;2;2;-7,9854402;-38,27148304;"SPRF-PE";"DEL04-PE";"UOP01-DEL04-PE"
316149;2020-10-21;"quarta-feira";"14:25:00";"RO";319;63,4;"PORTO VELHO";"Não guardar distância de segurança";"Colisão traseira";"Sem Vítimas";"Pleno dia";"Decrescente";"Chuva";"Dupla";"Interseção de Vias";"Sim";3;0;0;0;3;0;0;2;-8,76124178;-63,8852191;"SPRF-RO";"DEL01-RO";"UOP01-DEL01-RO"
316151;2020-10-21;"quarta-feira";"15:10:00";"SP";116;269;"TABOAO DA SERRA";"Desobediência às normas de trânsito pelo pedestre";"Atropelamento de Pedestre";"Com Vítimas Feridas";"Pleno dia";"Decrescente";"Céu Claro";"Dupla";"Reta";"Sim";2;0;0;1;1;0;1;2;-23,61593059;-46,78826044;"SPRF-SP";"DEL04-SP";"UOP01-DEL04-SP"
316153;2020-10-21;"quarta-feira";"16:00:00";"DF";70;19,5;"BRASILIA";"Restrição de Visibilidade";"Saída de leito carroçável";"Com Vítimas Feridas";"Pleno dia";"Decrescente";"Chuva";"Dupla";"Curva";"Sim";1;0;1;0;0;0;1;1;-15,788868;-48,220242;"SPRF-DF";"DEL03-DF";"UOP02-DEL03-DF"
316154;2020-10-21;"quarta-feira";"15:10:00";"GO";364;211,3;"JATAI";"Velocidade Incompatível";"Saída de leito carroçável";"Com Vítimas Feridas";"Pleno dia";"Crescente";"Chuva";"Simples";"Reta";"Não";1;0;1;0;0;0;1;1;-17,889294;-51,849514;"SPRF-GO";"DEL05-GO";"UOP01-DEL05-GO"
316159;2020-10-21;"quarta-feira";"16:10:00";"MG";50;73,6;"UBERLANDIA";"Falta de Atenção à Condução";"Colisão traseira";"Com Vítimas Feridas";"Pleno dia";"Crescente";"Nublado";"Dupla";"Reta";"Sim";2;0;0;1;1;0;1;2;-18,85140204;-48,25345932;"SPRF-MG";"DEL15-MG";"UOP01-DEL15-MG"