"id";"data_inversa";"dia_semana";"horario";"uf";"br";"km";"municipio";"causa_acidente";"tipo_acidente";"classificacao_acidente";"fase_dia";"sentido_via";"condicao_metereologica";"tipo_pista";"tracado_via";"uso_solo";"pessoas";"mortos";"feridos_leves";"feridos_graves";"ilesos";"ignorados";"feridos";"veiculos";"latitude";"longitude";"regional";"delegacia";"uop"
316536;2020-10-23;"sexta-feira";"13:50:00";"AL";104;35,2;"UNIAO DOS PALMARES";"Falta de Atenção à Condução";"Colisão transversal";"Com Vítimas Feridas";"Pleno dia";"Decrescente";"Céu Claro";"Simples";"Reta";"Sim";2;0;1;0;1;0;1;2;-9,1616676;-36,01701171;"SPRF-AL";"DEL01-AL";"UOP02-DEL01-AL"
316537;2020-10-13;"terça-feira";"07:25:00";"PB";101;82;"BAYEUX";"Não guardar distância de segurança";"Engavetamento";"Sem Vítimas";"Pleno dia";"Decrescente";"Céu Claro";"Dupla";"Reta";"Sim";3;0;0;0;3;0;0;3;-7,12911;-34,93714;"SPRF-PB";"DEL01-PB";"UOP01-DEL01-PB"
316538;2020-10-23;"sexta-feira";"16:20:00";"ES";262;6;"CARIACICA";"Falta de Atenção à Condução";"Colisão com objeto estático";"Sem Vítimas";"Pleno dia";"Decrescente";"Sol";"Múltipla";"Reta";"Sim";2;0;0;0;1;1;0;2;-20,34007493;-40,39451305;"SPRF-ES";"DEL01-ES";"UOP01-DEL01-ES"
316540;2020-10-23;"sexta-feira";"16:00:00";"SE";101;7,5;"CEDRO DE SAO JOAO";"Desobediência às normas de trânsito pelo condutor";"Colisão transversal";"Com Vítimas Fatais";"Pleno dia";"Crescente";"Céu Claro";"Dupla";"Reta";"Não";3;1;0;1;0;1;1;2;-10,25586103;-36,86127194;"SPRF-SE";"DEL02-SE";"UOP02-DEL02-SE"
316542;2020-10-23;"sexta-feira";"16:00:00";"MS";163;490;"CAMPO GRANDE";"Falta de Atenção à Condução";"Colisão traseira";"Com Vítimas Feridas";"Pleno dia";"Decrescente";"Céu Claro";"Simples";"Rotatória";"Sim";3;0;1;0;2;0;1;2;-20,40017983;-54,55539878;"SPRF-MS";"DEL01-MS";"UOP02-DEL01-MS"
316543;2020-10-23;"sexta-feira";"16:55:00";"SC";101;209;"SAO JOSE";"Falta de Atenção à Condução";"Colisão lateral";"Com Vítimas Feridas";"Pleno dia";"Crescente";"Céu Claro";"Dupla";"Reta";"Sim";1;0;1;0;0;0;1;1;-27,61000542;-48,63895057;"SPRF-SC";"DEL01-SC";"UOP01-DEL01-SC"
316547;2020-10-23;"sexta-feira";"17:25:00";"BA";101;169;"FEIRA DE SANTANA";"Desobediência às normas de trânsito pelo condutor";"Colisão transversal";"Com Vítimas Feridas";"Anoitecer";"Decrescente";"Céu Claro";"Simples";"Reta";"Sim";2;0;0;1;1;0;1;2;-12,353981;-38,857204;"SPRF-BA";"DEL01-BA";"UOP03-DEL01-BA"
316548;2020-09-25;"sexta-feira";"17:00:00";"MG";50;130;"UBERABA";"Velocidade Incompatível";"Saída de leito carroçável";"Com Vítimas Feridas";"Pleno dia";"Crescente";"Céu Claro";"Dupla";"Reta";"Não";2;0;2;0;0;0;2;1;-19,38989597;-48,07678044;"SPRF-MG";"DEL13-MG";"UOP01-DEL13-MG"
316549;2020-10-23;"sexta-feira";"17:20:00";"SP";116;274;"TABOAO DA SERRA";"Falta de Atenção à Condução";"Tombamento";"Com Vítimas Feridas";"Pleno dia";"Decrescente";"Céu Claro";"Dupla";"Reta";"Sim";1;0;0;1;0;0;1;1;-23,63445084;-46,82418514;"SPRF-SP";"DEL04-SP";"UOP01-DEL04-SP"
316550;2020-10-23;"sexta-feira";"17:10:00";"SC";470;66,6;"INDAIAL";"Falta de Atenção à Condução";"Colisão traseira";"Com Vítimas Feridas";"Pleno dia";"Decrescente";"Nublado";"Simples";"Reta;Em Obras";"Sim";2;0;0;1;1;0;1;2;-26,870407;-49,221844;"SPRF-SC";"DEL04-SC";"UOP01-DEL04-SC"
316552;2020-10-23;"sexta-feira";"17:40:00";"MG";381;482;"BETIM";"Desobediência às normas de trânsito pelo condutor";"Colisão traseira";"Com Vítimas Feridas";"Pleno dia";"Crescente";"Céu Claro";"Múltipla";"Reta;Declive";"Sim";2;0;1;0;1;0;1;2;-19,955532;-44,097209;"SPRF-MG";"DEL01-MG";"UOP03-DEL01-MG"
316553;2020-10-23;"sexta-feira";"14:35:00";"PI";343;309,2;"ALTOS";"Falta de Atenção à Condução";"Colisão transversal";"Com Vítimas Feridas";"Pleno dia";"Crescente";"Céu Claro";"Simples";"Reta";"Sim";2;0;0;1;1;0;1;2;-5,04012;-42,476742;"SPRF-PI";"DEL01-PI";"UOP01-DEL01-PI"
316554;2020-10-23;"sexta-feira";"18:00:00";"PB";230;12;"CABEDELO";"Defeito Mecânico no Veículo";"Tombamento";"Com Vítimas Feridas";"Plena Noite";"Crescente";"Céu Claro";"Dupla";"Reta";"Sim";2;0;2;0;0;0;2;1;-7,068;-34,85;"SPRF-PB";"DEL01-PB";"UOP01-DEL01-PB"
316555;2020-10-23;"sexta-feira";"14:20:00";"BA";101;589;"CAMACAN";"Falta de Atenção à Condução";"Colisão transversal";"Com Vítimas Feridas";"Pleno dia";"Decrescente";"Garoa/Chuvisco";"Simples";"Rotatória";"Não";3;0;2;0;1;0;2;2;-15,57967085;-39,4100631;"SPRF-BA";"DEL05-BA";"UOP02-DEL05-BA"
316556;2020-10-23;"sexta-feira";"17:30:00";"PI";316;15,9;"TERESINA";"Desobediência às normas de trânsito pelo condutor";"Colisão lateral";"Com Vítimas Feridas";"Pleno dia";"Crescente";"Céu Claro";"Simples";"Reta";"Não";3;0;2;0;0;1;2;2;-5,22618889;-42,75017066;"SPRF-PI";"DEL01-PI";"UOP02-DEL01-PI"
316557;2020-10-23;"sexta-feira";"18:00:00";"PR";277;569,6;"CASCAVEL";"Velocidade Incompatível";"Saída de leito carroçável";"Com Vítimas Feridas";"Pleno dia";"Crescente";"Céu Claro";"Simples";"Reta";"Não";2;0;1;0;1;0;1;1;-25,02498709;-53,27677113;"SPRF-PR";"DEL04-PR";"UOP01-DEL04-PR"
316558;2020-10-23;"sexta-feira";"17:15:00";"GO";153;597,3;"PIRACANJUBA";"Falta de Atenção à Condução";"Saída de leito carroçável";"Com Vítimas Feridas";"Pleno dia";"Crescente";"Chuva";"Dupla";"Curva;Declive";"Não";1;0;1;0;0;0;1;1;-17,5271;-49,2152;"SPRF-GO";"DEL03-GO";"UOP01-DEL03-GO"
316560;2020-10-23;"sexta-feira";"18:10:00";"SC";101;203;"SAO JOSE";"Falta de Atenção à Condução";"Colisão traseira";"Com Vítimas Feridas";"Anoitecer";"Decrescente";"Céu Claro";"Dupla";"Rotatória";"Sim";3;0;1;0;2;0;1;3;-27,56615078;-48,61307502;"SPRF-SC";"DEL01-SC";"UOP01-DEL01-SC"
316561;2020-10-23;"sexta-feira";"18:00:00";"CE";116;2;"FORTALEZA";"Falta de Atenção à Condução";"Engavetamento";"Com Vítimas Feridas";"Plena Noite";"Crescente";"Céu Claro";"Múltipla";"Reta";"Sim";4;0;1;0;3;0;1;4;-3,77019802;-38,51724508;"SPRF-CE";"DEL01-CE";"UOP02-DEL01-CE"
316563;2020-10-23;"sexta-feira";"11:00:00";"MG";365;756;"ITUIUTABA";"Falta de Atenção à Condução";"Colisão traseira";"Com Vítimas Feridas";"Pleno dia";"Decrescente";"Céu Claro";"Simples";"Retorno Regulamentado";"Sim";2;0;1;0;1;0;1;2;-18,95717176;-49,4695793;"SPRF-MG";"DEL15-MG";"UOP03-DEL15-MG"
316564;2020-10-23;"sexta-feira";"18:45:00";"PB";230;20,5;"JOAO PESSOA";"Defeito na Via";"Tombamento";"Com Vítimas Feridas";"Plena Noite";"Crescente";"Céu Claro";"Dupla";"Reta";"Sim";2;0;2;0;0;0;2;1;-7,1337;-34,8544;"SPRF-PB";"DEL01-PB";"UOP01-DEL01-PB"
316565;2020-10-23;"sexta-feira";"16:40:00";"RJ";40;122,5;"DUQUE DE CAXIAS";"Falta de Atenção à Condução";"Tombamento";"Sem Vítimas";"Pleno dia";"Decrescente";"Céu Claro";"Múltipla";"Reta";"Sim";1;0;0;0;1;0;0;1;-22,7908707;-43,28600407;"SPRF-RJ";"DEL01-RJ";"UOP01-DEL01-RJ"
316566;2020-10-23;"sexta-feira";"17:50:00";"MS";158;59,4;"PARANAIBA";"Falta de Atenção à Condução";"Saída de leito carroçável";"Com Vítimas Feridas";"Plena Noite";"Crescente";"Chuva";"Simples";"Curva";"Não";1;0;0;1;0;0;1;1;-19,42723908;-51,37490067;"SPRF-MS";"DEL08-MS";"UOP01-DEL08-MS"
316567;2020-10-23;"sexta-feira";"17:50:00";"RJ";101;425;"MANGARATIBA";"Falta de Atenção à Condução";"Colisão transversal";"Com Vítimas Feridas";"Anoitecer";"Crescente";"Céu Claro";"Simples";"Reta";"Sim";4;0;0;1;2;1;1;3;-22,92001789;-43,95338058;"SPRF-RJ";"DEL03-RJ";"UOP03-DEL03-RJ"
316568;2020-10-23;"sexta-feira";"19:00:00";"SP";381;80,2;"SAO PAULO";"Falta de Atenção do Pedestre";"Atropelamento de Pedestre";"Com Vítimas Fatais";"Plena Noite";"Decrescente";"Céu Claro";"Dupla";"Reta";"Sim";2;1;0;0;1;0;0;2;-23,41704481;-46,58022057;"SPRF-SP";"DEL03-SP";"UOP01-DEL03-SP"
316569;2020-10-23;"sexta-feira";"17:10:00";"MG";116;529,2;"CARATINGA";"Falta de Atenção à Condução";"Colisão transversal";"Com Vítimas Feridas";"Pleno dia";"Crescente";"Nublado";"Simples";"Reta";"Sim";2;0;0;1;1;0;1;2;-19,80209596;-42,13678193;"SPRF-MG";"DEL06-MG";"UOP02-DEL06-MG"
316570;2020-10-23;"sexta-feira";"19:05:00";"PE";232;135;"CARUARU";"Animais na Pista";"Atropelamento de Animal";"Com Vítimas Feridas";"Plena Noite";"Crescente";"Céu Claro";"Dupla";"Reta";"Sim";1;0;0;1;0;0;1;1;-8,31096592;-36,03308802;"SPRF-PE";"DEL02-PE";"UOP03-DEL02-PE"
316572;2020-10-23;"sexta-feira";"19:20:00";"PR";277;9,5;"PARANAGUA";"Falta de Atenção à Condução";"Colisão traseira";"Com Vítimas Feridas";"Plena Noite";"Decrescente";"Nublado";"Dupla";"Interseção de Vias";"Não";3;0;1;0;1;1;1;2;-25,5684592;-48,61381531;"SPRF-PR";"DEL01-PR";"UOP05-DEL01-PR"
316573;2020-10-11;"domingo";"11:00:00";"ES";262;64,5;"MARECHAL FLORIANO";"Falta de Atenção à Condução";"Saída de leito carroçável";"Com Vítimas Feridas";"Pleno dia";"Decrescente";"Nublado";"Simples";"Curva";"Não";4;0;2;1;1;0;3;1;-20,41797008;-40,81618087;"SPRF-ES";"DEL01-ES";"UOP02-DEL01-ES"
316574;2020-10-23;"sexta-feira";"10:10:00";"PR";376;239;"TIBAGI";"Defeito na Via";"Saída de leito carroçável";"Com Vítimas Feridas";"Pleno dia";"Crescente";"Céu Claro";"Simples";"Curva";"Não";2;0;1;0;1;0;1;1;-24,788294;-50,470079;"SPRF-PR";"DEL07-PR";"UOP03-DEL07-PR"
316576;2020-09-29;"terça-feira";"17:00:00";"ES";262;159,5;"IBATIBA";"Falta de Atenção à Condução";"Atropelamento de Pedestre";"Com Vítimas Feridas";"Pleno dia";"Crescente";"Céu Claro";"Simples";"Reta";"Sim";2;0;1;0;1;0;1;2;-20,23362208;-41,5053348;"SPRF-ES";"DEL01-ES";"UOP02-DEL01-ES"
316577;2020-10-23;"sexta-feira";"19:00:00";"GO";153;444;"ANAPOLIS";"Pista Escorregadia";"Capotamento";"Com Vítimas Feridas";"Plena Noite";"Decrescente";"Chuva";"Dupla";"Reta";"Sim";1;0;1;0;0;0;1;1;-16,343756;-48,9245;"SPRF-GO";"DEL02-GO";"UOP01-DEL02-GO"
316578;2020-10-23;"sexta-feira";"16:57:00";"SP";116;52;"LORENA";"Velocidade Incompatível";"Colisão traseira";"Com Vítimas Feridas";"Pleno dia";"Crescente";"Céu Claro";"Dupla";"Reta";"Sim";2;0;1;0;1;0;1;2;-22,74708138;-45,09973038;"SPRF-SP";"DEL08-SP";"UOP01-DEL08-SP"
316579;2020-10-23;"sexta-feira";"18:30:00";"MG";116;609,8;"SAO JOAO DO MANHUACU";"Falta de Atenção à Condução";"Colisão transversal";"Com Vítimas Feridas";"Plena Noite";"Crescente";"Nublado";"Simples";"Interseção de Vias;Reta";"Não";4;0;1;1;1;1;2;3;-20,39908527;-42,14972561;"SPRF-MG";"DEL07-MG";"UOP03-DEL07-MG"
316583;2020-10-23;"sexta-feira";"19:25:00";"RS";386;135;"SARANDI";"Não guardar distância de segurança";"Colisão traseira";"Com Vítimas Feridas";"Plena Noite";"Decrescente";"Céu Claro";"Simples";"Reta";"Sim";3;0;1;0;2;0;1;2;-27,96036;-52,91103;"SPRF-RS";"DEL08-RS";"UOP01-DEL08-RS"
316585;2020-10-23;"sexta-feira";"19:00:00";"RJ";465;11,5;"SEROPEDICA";"Falta de Atenção à Condução";"Colisão transversal";"Com Vítimas Feridas";"Plena Noite";"Crescente";"Céu Claro";"Simples";"Reta";"Não";2;0;1;0;1;0;1;2;-22,784172;-43,656998;"SPRF-RJ";"DEL01-RJ";"UOP03-DEL01-RJ"
316586;2020-10-23;"sexta-feira";"20:00:00";"RJ";493;1;"ITABORAI";"Desobediência às normas de trânsito pelo condutor";"Colisão transversal";"Com Vítimas Feridas";"Plena Noite";"Crescente";"Vento";"Simples";"Curva";"Sim";3;0;1;1;1;0;2;2;-22,76398788;-42,92731895;"SPRF-RJ";"DEL02-RJ";"UOP02-DEL02-RJ"
316587;2020-10-23;"sexta-feira";"19:20:00";"RR";174;518;"BOA VISTA";"Falta de Atenção à Condução";"Colisão traseira";"Com Vítimas Feridas";"Plena Noite";"Decrescente";"Céu Claro";"Simples";"Reta";"Não";2;0;1;0;0;1;1;2;2,921912;-60,712013;"SPRF-RR";"DEL01-RR";"UOP01-DEL01-RR"
316588;2020-10-23;"sexta-feira";"08:30:00";"PI";343;626;"FLORIANO";"Defeito Mecânico no Veículo";"Incêndio";"Sem Vítimas";"Pleno dia";"Decrescente";"Céu Claro";"Simples";"Reta";"Não";1;0;0;0;1;0;0;1;-6,972541;-43,255032;"SPRF-PI";"DEL03-PI";"UOP01-DEL03-PI"
316590;2020-10-23;"sexta-feira";"16:50:00";"PR";153;472;"PORTO VITORIA";"Desobediência às normas de trânsito pelo condutor";"Colisão lateral";"Sem Vítimas";"Pleno dia";"Crescente";"Céu Claro";"Simples";"Aclive";"Não";2;0;0;0;2;0;0;2;-26,31388201;-51,21912003;"SPRF-PR";"DEL02-PR";"UOP03-DEL02-PR"
316591;2020-10-23;"sexta-feira";"16:40:00";"MG";262;37,2;"MANHUACU";"Falta de Atenção à Condução";"Colisão transversal";"Com Vítimas Feridas";"Pleno dia";"Decrescente";"Nublado";"Simples";"Curva";"Sim";2;0;1;0;1;0;1;2;-20,25748975;-42,03048732;"SPRF-MG";"DEL06-MG";"UOP03-DEL06-MG"
316592;2020-10-23;"sexta-feira";"18:20:00";"MG";365;407,6;"PATOS DE MINAS";"Restrição de Visibilidade";"Colisão frontal";"Com Vítimas Feridas";"Plena Noite";"Crescente";"Chuva";"Simples";"Viaduto";"Não";4;0;1;0;3;0;1;2;-18,64392302;-46,49892399;"SPRF-MG";"DEL10-MG";"UOP01-DEL10-MG"
316594;2020-10-23;"sexta-feira";"20:30:00";"ES";101;293,8;"CARIACICA";"Sinalização da via insuficiente ou inadequada";"Colisão com objeto estático";"Com Vítimas Feridas";"Plena Noite";"Crescente";"Chuva";"Múltipla";"Em Obras";"Sim";3;0;1;0;2;0;1;1;-20,31526144;-40,39567044;"SPRF-ES";"DEL01-ES";"UOP01-DEL01-ES"
316595;2020-10-23;"sexta-feira";"19:50:00";"BA";116;900;"CANDIDO SALES";"Falta de Atenção à Condução";"Atropelamento de Pedestre";"Com Vítimas Feridas";"Plena Noite";"Crescente";"Nublado";"Simples";"Reta";"Não";2;0;0;1;0;1;1;2;-15,436101;-41,221944;"SPRF-BA";"DEL08-BA";"UOP03-DEL08-BA"
316596;2020-10-23;"sexta-feira";"20:40:00";"PR";376;148,7;"PRESIDENTE CASTELO BRANCO";"Ingestão de Álcool";"Saída de leito carroçável";"Com Vítimas Feridas";"Plena Noite";"Crescente";"Céu Claro";"Simples";"Reta";"Não";1;0;0;1;0;0;1;1;-23,29240034;-52,12692808;"SPRF-PR";"DEL09-PR";"UOP02-DEL09-PR"
316597;2020-10-23;"sexta-feira";"21:10:00";"PR";277;80;"CURITIBA";"Desobediência às normas de trânsito pelo condutor";"Danos eventuais";"Com Vítimas Fatais";"Plena Noite";"Crescente";"Nublado";"Dupla";"Reta";"Sim";3;1;0;0;2;0;0;3;-25,568939;-49,181978;"SPRF-PR";"DEL01-PR";"UOP01-DEL01-PR"
316598;2020-10-23;"sexta-feira";"21:00:00";"SC";470;48,2;"BLUMENAU";"Ingestão de Álcool";"Colisão com objeto estático";"Com Vítimas Feridas";"Plena Noite";"Crescente";"Nublado";"Simples";"Em Obras";"Não";1;0;0;1;0;0;1;1;-26,859823;-49,055393;"SPRF-SC";"DEL04-SC";"UOP01-DEL04-SC"
316599;2020-10-23;"sexta-feira";"18:20:00";"MT";174;290;"PONTES E LACERDA";"Desobediência às normas de trânsito pelo condutor";"Colisão frontal";"Com Vítimas Feridas";"Plena Noite";"Decrescente";"Céu Claro";"Simples";"Reta";"Sim";3;0;2;0;1;0;2;2;-15,23574;-59,31683;"SPRF-MT";"DEL04-MT";"UOP01-DEL04-MT"
316601;2020-10-23;"sexta-feira";"19:50:00";"MG";116;489,5;"INHAPIM";"Falta de Atenção à Condução";"Colisão traseira";"Com Vítimas Feridas";"Plena Noite";"Crescente";"Nublado";"Simples";"Reta";"Não";7;0;3;0;4;0;3;3;-19,46771319;-42,13403065;"SPRF-MG";"DEL06-MG";"UOP02-DEL06-MG"
316602;2020-10-23;"sexta-feira";"19:00:00";"PR";369;104,9;"URAI";"Falta de Atenção à Condução";"Tombamento";"Com Vítimas Feridas";"Plena Noite";"Crescente";"Chuva";"Dupla";"Reta";"Não";2;0;0;2;0;0;2;1;-23,25916854;-50,7721138;"SPRF-PR";"DEL07-PR";"UOP01-DEL07-PR"
316603;2020-10-23;"sexta-feira";"20:15:00";"SC";280;52,8;"GUARAMIRIM";"Falta de Atenção à Condução";"Colisão transversal";"Com Vítimas Feridas";"Plena Noite";"Decrescente";"Nublado";"Simples";"Reta";"Sim";2;0;0;1;1;0;1;2;-26,468904;-48,96492;"SPRF-SC";"DEL03-SC";"UOP03-DEL03-SC"
316604;2020-10-23;"sexta-feira";"21:25:00";"RS";116;544,2;"CAPAO DO LEAO";"Avarias e/ou desgaste excessivo no pneu";"Tombamento";"Com Vítimas Feridas";"Plena Noite";"Crescente";"Céu Claro";"Simples";"Reta";"Não";1;0;1;0;0;0;1;1;-31,83343676;-52,55249621;"SPRF-RS";"DEL07-RS";"UOP03-DEL07-RS"
316605;2020-10-23;"sexta-feira";"18:30:00";"ES";259;53;"COLATINA";"Desobediência às normas de trânsito pelo condutor";"Colisão transversal";"Com Vítimas Feridas";"Plena Noite";"Decrescente";"Chuva";"Simples";"Reta";"Não";3;0;1;1;0;1;2;2;-19,49989886;-40,62939795;"SPRF-ES";"DEL02-ES";"UOP01-DEL02-ES"
316606;2020-10-23;"sexta-feira";"21:35:00";"SP";101;46,7;"UBATUBA";"Desobediência às normas de trânsito pelo condutor";"Colisão transversal";"Com Vítimas Feridas";"Plena Noite";"Crescente";"Céu Claro";"Simples";"Reta";"Sim";5;0;1;0;4;0;1;2;-23,42985897;-45,08231163;"SPRF-SP";"DEL06-SP";"UOP01-DEL06-SP"
316607;2020-10-23;"sexta-feira";"19:49:00";"SP";459;18,2;"PIQUETE";"Desobediência às normas de trânsito pelo pedestre";"Atropelamento de Pedestre";"Com Vítimas Feridas";"Plena Noite";"Crescente";"Nublado";"Simples";"Reta";"Não";2;0;0;1;1;0;1;2;-22,633976;-45,15704;"SPRF-SP";"DEL08-SP";"UOP01-DEL08-SP"
316608;2020-10-23;"sexta-feira";"21:00:00";"SC";163;70,8;"SAO MIGUEL DO OESTE";"Defeito Mecânico no Veículo";"Colisão lateral";"Sem Vítimas";"Plena Noite";"Decrescente";"Céu Claro";"Simples";"Reta";"Sim";3;0;0;0;3;0;0;2;-26,73461723;-53,50680015;"SPRF-SC";"DEL07-SC";"UOP03-DEL07-SC"
316609;2020-10-23;"sexta-feira";"20:30:00";"MG";262;400;"PARA DE MINAS";"Desobediência às normas de trânsito pelo condutor";"Colisão transversal";"Com Vítimas Feridas";"Plena Noite";"Crescente";"Nublado";"Simples";"Interseção de Vias";"Sim";3;0;1;1;0;1;2;2;-19,884181;-44,6053331;"SPRF-MG";"DEL01-MG";"UOP03-DEL01-MG"
316610;2020-10-23;"sexta-feira";"11:00:00";"RS";287;316,5;"SAO VICENTE DO SUL";"Avarias e/ou desgaste excessivo no pneu";"Saída de leito carroçável";"Com Vítimas Feridas";"Pleno dia";"Decrescente";"Chuva";"Simples";"Curva";"Não";1;0;1;0;0;0;1;1;-29,65140716;-54,53287505;"SPRF-RS";"DEL09-RS";"UOP01-DEL09-RS"
316611;2020-10-23;"sexta-feira";"21:30:00";"MG";381;430,6;"CAETE";"Falta de Atenção à Condução";"Saída de leito carroçável";"Com Vítimas Feridas";"Plena Noite";"Crescente";"Chuva";"Simples";"Curva";"Não";2;0;2;0;0;0;2;1;-19,78663743;-43,71433695;"SPRF-MG";"DEL01-MG";"UOP01-DEL01-MG"
316613;2020-10-23;"sexta-feira";"18:15:00";"MA";10;299;"SAO FRANCISCO DO BREJAO";"Velocidade Incompatível";"Colisão traseira";"Com Vítimas Feridas";"Anoitecer";"Decrescente";"Céu Claro";"Simples";"Reta";"Não";2;0;0;1;1;0;1;2;-5,122542;-47,547592;"SPRF-MA";"DEL04-MA";"UOP03-DEL04-MA"
316614;2020-10-23;"sexta-feira";"21:40:00";"MS";163;478,5;"CAMPO GRANDE";"Avarias e/ou desgaste excessivo no pneu";"Queda de ocupante de veículo";"Com Vítimas Feridas";"Plena Noite";"Decrescente";"Céu Claro";"Simples";"Reta";"Sim";2;0;2;0;0;0;2;1;-20,49629699;-54,55916871;"SPRF-MS";"DEL01-MS";"UOP01-DEL01-MS"
316615;2020-10-23;"sexta-feira";"17:00:00";"RJ";101;415;"MANGARATIBA";"Falta de Atenção à Condução";"Colisão transversal";"Com Vítimas Feridas";"Pleno dia";"Decrescente";"Céu Claro";"Dupla";"Retorno Regulamentado;Reta";"Sim";3;0;3;0;0;0;3;2;-22,90433243;-43,88181398;"SPRF-RJ";"DEL03-RJ";"UOP01-DEL03-RJ"
316616;2020-10-23;"sexta-feira";"09:00:00";"MA";10;253;"IMPERATRIZ";"Falta de Atenção à Condução";"Tombamento";"Com Vítimas Feridas";"Pleno dia";"Decrescente";"Céu Claro";"Simples";"Reta";"Sim";1;0;1;0;0;0;1;1;-5,526911;-47,471455;"SPRF-MA";"DEL04-MA";"UOP01-DEL04-MA"
316617;2020-09-28;"segunda-feira";"16:30:00";"RN";101;104;"PARNAMIRIM";"Falta de Atenção à Condução";"Colisão lateral";"Com Vítimas Feridas";"Pleno dia";"Decrescente";"Sol";"Dupla";"Viaduto";"Sim";4;0;1;0;2;1;1;3;-5,89205667;-35,25622129;"SPRF-RN";"DEL01-RN";"UOP01-DEL01-RN"
316618;2020-10-23;"sexta-feira";"21:00:00";"RJ";393;167;"TRES RIOS";"Falta de Atenção à Condução";"Atropelamento de Pedestre";"Com Vítimas Feridas";"Plena Noite";"Crescente";"Céu Claro";"Simples";"Reta";"Sim";2;0;1;0;0;1;1;2;-22,12236191;-43,13976623;"SPRF-RJ";"DEL05-RJ";"UOP01-DEL05-RJ"
316619;2020-10-23;"sexta-feira";"20:00:00";"RJ";101;274;"TANGUA";"Desobediência às normas de trânsito pelo condutor";"Colisão frontal";"Com Vítimas Feridas";"Plena Noite";"Decrescente";"Céu Claro";"Dupla";"Declive";"Sim";7;0;2;0;4;1;2;3;-22,73506292;-42,71948103;"SPRF-RJ";"DEL02-RJ";"UOP03-DEL02-RJ"
316620;2020-10-23;"sexta-feira";"22:20:00";"SC";470;70;"INDAIAL";"Ingestão de Álcool";"Colisão transversal";"Com Vítimas Feridas";"Plena Noite";"Crescente";"Céu Claro";"Simples";"Em Obras";"Não";2;0;1;0;1;0;1;2;-26,889374;-49,254478;"SPRF-SC";"DEL04-SC";"UOP01-DEL04-SC"
316622;2020-10-23;"sexta-feira";"20:00:00";"PR";376;633;"SAO JOSE DOS PINHAIS";"Ingestão de Álcool";"Colisão com objeto estático";"Sem Vítimas";"Plena Noite";"Decrescente";"Nublado";"Dupla";"Reta";"Não";1;0;0;0;0;1;0;1;-25,72171791;-49,13663976;"SPRF-PR";"DEL01-PR";"UOP04-DEL01-PR"
316624;2020-10-23;"sexta-feira";"22:40:00";"MG";116;499;"INHAPIM";"Falta de Atenção à Condução";"Colisão transversal";"Sem Vítimas";"Plena Noite";"Decrescente";"Nublado";"Simples";"Curva";"Não";2;0;0;0;2;0;0;2;-19,55247801;-42,12429712;"SPRF-MG";"DEL06-MG";"UOP02-DEL06-MG"
316625;2020-10-23;"sexta-feira";"23:15:00";"SC";101;136,3;"BALNEARIO CAMBORIU";"Defeito Mecânico no Veículo";"Colisão com objeto estático";"Com Vítimas Feridas";"Plena Noite";"Crescente";"Nublado";"Múltipla";"Reta";"Sim";2;0;2;0;0;0;2;1;-27,008113;-48,617245;"SPRF-SC";"DEL04-SC";"UOP03-DEL04-SC"
316626;2020-10-23;"sexta-feira";"23:45:00";"PB";230;3,2;"CABEDELO";"Desobediência às normas de trânsito pelo condutor";"Colisão frontal";"Com Vítimas Feridas";"Plena Noite";"Decrescente";"Nublado";"Simples";"Reta";"Sim";3;0;1;1;0;1;2;3;-6,9915;-34,8287;"SPRF-PB";"DEL01-PB";"UOP01-DEL01-PB"
316629;2020-10-23;"sexta-feira";"19:50:00";"TO";153;494;"PARAISO DO TOCANTINS";"Ingestão de Álcool";"Colisão frontal";"Com Vítimas Feridas";"Plena Noite";"Decrescente";"Nublado";"Simples";"Reta";"Sim";2;0;1;0;1;0;1;2;-10,16598918;-48,88112426;"SPRF-TO";"DEL01-TO";"UOP01-DEL01-TO"
316632;2020-10-24;"sábado";"00:05:00";"SC";101;217;"PALHOCA";"Ingestão de Álcool";"Colisão com objeto estático";"Com Vítimas Feridas";"Plena Noite";"Crescente";"Garoa/Chuvisco";"Dupla";"Reta";"Não";1;0;1;0;0;0;1;1;-27,66779034;-48,67393586;"SPRF-SC";"DEL01-SC";"UOP02-DEL01-SC"
316633;2020-10-24;"sábado";"00:05:00";"RJ";493;20;"MAGE";"Desobediência às normas de trânsito pelo condutor";"Colisão traseira";"Com Vítimas Fatais";"Plena Noite";"Decrescente";"Céu Claro";"Simples";"Reta";"Não";3;1;1;0;1;0;1;3;-22,66364;-43,036495;"SPRF-RJ";"DEL04-RJ";"UOP02-DEL04-RJ"
316635;2020-10-23;"sexta-feira";"23:00:00";"PE";232;79;"GRAVATA";"Falta de Atenção à Condução";"Colisão frontal";"Com Vítimas Feridas";"Plena Noite";"Decrescente";"Céu Claro";"Simples";"Reta";"Sim";3;0;0;1;1;1;1;3;-8,19460572;-35,56074803;"SPRF-PE";"DEL02-PE";"UOP02-DEL02PE"