"id";"data_inversa";"dia_semana";"horario";"uf";"br";"km";"municipio";"causa_acidente";"tipo_acidente";"classificacao_acidente";"fase_dia";"sentido_via";"condicao_metereologica";"tipo_pista";"tracado_via";"uso_solo";"pessoas";"mortos";"feridos_leves";"feridos_graves";"ilesos";"ignorados";"feridos";"veiculos";"latitude";"longitude";"regional";"delegacia";"uop"
316636;2020-10-24;"sábado";"01:01:00";"SP";116;228;"GUARULHOS";"Falta de Atenção à Condução";"Queda de ocupante de veículo";"Com Vítimas Feridas";"Plena Noite";"Decrescente";"Nublado";"Múltipla";"Aclive";"Sim";2;0;1;0;0;1;1;2;-23,50343484;-46,56638712;"SPRF-SP";"DEL01-SP";"UOP01-DEL01-SP"
316637;2020-10-23;"sexta-feira";"20:00:00";"BA";242;142;"RAFAEL JAMBEIRO";"Desobediência às normas de trânsito pelo condutor";"Colisão frontal";"Com Vítimas Feridas";"Plena Noite";"Crescente";"Céu Claro";"Simples";"Reta";"Não";2;0;0;1;1;0;1;2;-12,55587588;-39,53856083;"SPRF-BA";"DEL06-BA";"UOP02-DEL06-BA"
316638;2020-10-24;"sábado";"00:40:00";"ES";262;19,9;"VIANA";"Ingestão de Álcool";"Colisão traseira";"Com Vítimas Feridas";"Plena Noite";"Crescente";"Chuva";"Simples";"Reta";"Sim";4;0;1;0;3;0;1;2;-20,3919143;-40,49002338;"SPRF-ES";"DEL01-ES";"UOP01-DEL01-ES"
316641;2020-10-24;"sábado";"01:45:00";"RJ";116;178;"NOVA IGUACU";"Falta de Atenção à Condução";"Capotamento";"Sem Vítimas";"Plena Noite";"Crescente";"Céu Claro";"Dupla";"Reta";"Sim";1;0;0;0;1;0;0;1;-22,77496393;-43,40081465;"SPRF-RJ";"DEL01-RJ";"UOP02-DEL01-RJ"
316643;2020-10-24;"sábado";"02:00:00";"SP";153;79,5;"BADY BASSITT";"Desobediência às normas de trânsito pelo condutor";"Colisão frontal";"Com Vítimas Feridas";"Plena Noite";"Crescente";"Chuva";"Simples";"Reta";"Não";2;0;2;0;0;0;2;2;-20,90672129;-49,4709489;"SPRF-SP";"DEL09-SP";"UOP01-DEL09-SP"
316644;2020-10-24;"sábado";"01:50:00";"RO";364;710;"PORTO VELHO";"Falta de Atenção à Condução";"Atropelamento de Pedestre";"Com Vítimas Feridas";"Plena Noite";"Decrescente";"Céu Claro";"Múltipla";"Reta";"Sim";2;0;1;0;0;1;1;2;-8,78621576;-63,85712687;"SPRF-RO";"DEL01-RO";"UOP01-DEL01-RO"
316645;2020-10-24;"sábado";"03:00:00";"DF";20;1;"BRASILIA";"Ingestão de Álcool";"Colisão traseira";"Com Vítimas Feridas";"Plena Noite";"Decrescente";"Nublado";"Dupla";"Reta";"Sim";2;0;2;0;0;0;2;2;-15,685814;-47,849838;"SPRF-DF";"DEL02-DF";"UOP01-DEL02-DF"
316646;2020-10-24;"sábado";"01:30:00";"MG";50;6;"ARAGUARI";"Fenômenos da Natureza";"Queda de ocupante de veículo";"Com Vítimas Feridas";"Plena Noite";"Crescente";"Chuva";"Dupla";"Reta";"Não";1;0;1;0;0;0;1;1;-18,47092796;-48,05101772;"SPRF-MG";"DEL15-MG";"UOP02-DEL15-MG"
316647;2020-10-24;"sábado";"01:50:00";"SC";101;328;"CAPIVARI DE BAIXO";"Desobediência às normas de trânsito pelo condutor";"Saída de leito carroçável";"Com Vítimas Feridas";"Plena Noite";"Decrescente";"Céu Claro";"Múltipla";"Curva";"Sim";4;0;3;1;0;0;4;1;-28,45303388;-48,97599936;"SPRF-SC";"DEL02-SC";"UOP01-DEL02-SC"
316648;2020-10-24;"sábado";"03:10:00";"PR";277;654,8;"MATELANDIA";"Falta de Atenção à Condução";"Tombamento";"Com Vítimas Feridas";"Plena Noite";"Crescente";"Céu Claro";"Simples";"Reta";"Não";1;0;1;0;0;0;1;1;-25,22232211;-53,9513177;"SPRF-PR";"DEL05-PR";"UOP02-DEL05-PR"
316649;2020-10-24;"sábado";"01:30:00";"SC";280;225,3;"TRES BARRAS";"Falta de Atenção à Condução";"Colisão transversal";"Sem Vítimas";"Plena Noite";"Crescente";"Nublado";"Simples";"Reta";"Não";2;0;0;0;2;0;0;2;-26,17875971;-50,31308811;"SPRF-SC";"DEL06-SC";"UOP04-DEL06-SC"
316650;2020-10-23;"sexta-feira";"22:00:00";"MS";163;80,4;"ITAQUIRAI";"Velocidade Incompatível";"Saída de leito carroçável";"Com Vítimas Feridas";"Plena Noite";"Decrescente";"Nublado";"Simples";"Reta";"Não";5;0;2;1;2;0;3;1;-23,45800218;-54,1957354;"SPRF-MS";"DEL09-MS";"UOP01-DEL09-MS"
316651;2020-10-24;"sábado";"03:05:00";"MA";135;11;"SAO LUIS";"Condutor Dormindo";"Queda de ocupante de veículo";"Com Vítimas Feridas";"Plena Noite";"Crescente";"Céu Claro";"Dupla";"Reta";"Sim";1;0;1;0;0;0;1;1;-2,66470782;-44,28673431;"SPRF-MA";"DEL01-MA";"UOP01-DEL01-MA"
316652;2020-10-24;"sábado";"03:15:00";"SC";101;357,6;"JAGUARUNA";"Ingestão de Álcool";"Saída de leito carroçável";"Com Vítimas Feridas";"Plena Noite";"Decrescente";"Nublado";"Dupla";"Reta";"Não";2;0;1;0;1;0;1;1;-28,64801;-49,103474;"SPRF-SC";"DEL02-SC";"UOP01-DEL02-SC"
316653;2020-10-24;"sábado";"02:45:00";"MG";381;578,8;"CARMOPOLIS DE MINAS";"Velocidade Incompatível";"Saída de leito carroçável";"Com Vítimas Feridas";"Plena Noite";"Decrescente";"Céu Claro";"Dupla";"Curva";"Não";2;0;2;0;0;0;2;1;-20,49228188;-44,60322315;"SPRF-MG";"DEL04-MG";"UOP01-DEL04-MG"
316654;2020-10-23;"sexta-feira";"23:20:00";"RS";386;159,1;"ALMIRANTE TAMANDARE DO SUL";"Animais na Pista";"Saída de leito carroçável";"Com Vítimas Feridas";"Plena Noite";"Decrescente";"Céu Claro";"Simples";"Reta";"Não";3;0;2;0;1;0;2;1;-28,150818;-52,847565;"SPRF-RS";"DEL08-RS";"UOP01-DEL08-RS"
316655;2020-10-24;"sábado";"04:30:00";"GO";60;128,8;"GOIANAPOLIS";"Falta de Atenção à Condução";"Saída de leito carroçável";"Sem Vítimas";"Amanhecer";"Decrescente";"Chuva";"Dupla";"Curva";"Não";1;0;0;0;1;0;0;1;-16,5498;-49,1518;"SPRF-GO";"DEL01-GO";"UOP01-DEL01-GO"
316657;2020-10-24;"sábado";"04:05:00";"MG";50;175;"UBERABA";"Falta de Atenção à Condução";"Saída de leito carroçável";"Sem Vítimas";"Plena Noite";"Decrescente";"Garoa/Chuvisco";"Dupla";"Reta";"Sim";4;0;0;0;4;0;0;1;-19,77880359;-47,9695118;"SPRF-MG";"DEL13-MG";"UOP01-DEL13-MG"
316658;2020-10-24;"sábado";"05:10:00";"PR";369;199,5;"APUCARANA";"Ingestão de Álcool";"Colisão lateral";"Sem Vítimas";"Amanhecer";"Decrescente";"Nublado";"Simples";"Reta";"Sim";2;0;0;0;2;0;0;2;-23,526472;-51,445362;"SPRF-PR";"DEL07-PR";"UOP03-DEL07-PR"
316660;2020-10-24;"sábado";"05:05:00";"RJ";393;284,4;"VOLTA REDONDA";"Ingestão de Álcool";"Capotamento";"Sem Vítimas";"Amanhecer";"Crescente";"Céu Claro";"Simples";"Curva";"Não";1;0;0;0;1;0;0;1;-22,47341979;-44,05990606;"SPRF-RJ";"DEL05-RJ";"UOP04-DEL05-RJ"
316661;2020-10-24;"sábado";"03:00:00";"MG";50;36;"ARAGUARI";"Ingestão de Álcool";"Colisão traseira";"Sem Vítimas";"Plena Noite";"Decrescente";"Chuva";"Simples";"Reta";"Não";1;0;0;0;1;0;0;1;-18,65453092;-48,14727203;"SPRF-MG";"DEL15-MG";"UOP02-DEL15-MG"
316662;2020-10-24;"sábado";"04:45:00";"RO";319;63;"PORTO VELHO";"Desobediência às normas de trânsito pelo condutor";"Colisão transversal";"Com Vítimas Feridas";"Plena Noite";"Crescente";"Céu Claro";"Dupla";"Reta;Interseção de Vias";"Sim";3;0;1;0;2;0;1;2;-8,75780618;-63,8863349;"SPRF-RO";"DEL01-RO";"UOP01-DEL01-RO"
316663;2020-10-24;"sábado";"04:40:00";"MT";163;765;"SORRISO";"Falta de Atenção à Condução";"Tombamento";"Com Vítimas Feridas";"Pleno dia";"Crescente";"Céu Claro";"Simples";"Reta";"Não";1;0;1;0;0;0;1;1;-12,56152378;-55,72013881;"SPRF-MT";"DEL06-MT";"UOP01-DEL06-MT"
316664;2020-10-24;"sábado";"04:30:00";"PR";153;335;"IRATI";"Ingestão de Álcool";"Capotamento";"Sem Vítimas";"Plena Noite";"Crescente";"Céu Claro";"Simples";"Reta";"Sim";1;0;0;0;1;0;0;1;-25,48894141;-50,64508883;"SPRF-PR";"DEL03-PR";"UOP03-DEL03-PR"
316665;2020-10-24;"sábado";"05:00:00";"SP";116;211,5;"GUARULHOS";"Falta de Atenção à Condução";"Saída de leito carroçável";"Com Vítimas Feridas";"Plena Noite";"Crescente";"Nublado";"Múltipla";"Reta";"Não";1;0;0;1;0;0;1;1;-23,4324306;-46,4194352;"SPRF-SP";"DEL01-SP";"UOP01-DEL01-SP"
316666;2020-10-24;"sábado";"02:30:00";"BA";324;283;"JACOBINA";"Ingestão de Álcool";"Colisão frontal";"Com Vítimas Fatais";"Plena Noite";"Crescente";"Céu Claro";"Simples";"Reta";"Não";3;2;1;0;0;0;1;2;-11,13163;-40,60635;"SPRF-BA";"DEL04-BA";"UOP02-DEL04-BA"
316667;2020-10-24;"sábado";"04:20:00";"MT";70;47,2;"BARRA DO GARCAS";"Falta de Atenção à Condução";"Saída de leito carroçável";"Sem Vítimas";"Plena Noite";"Crescente";"Céu Claro";"Simples";"Reta";"Não";1;0;0;0;1;0;0;1;-15,74586406;-52,61386501;"SPRF-MT";"DEL07-MT";"UOP01-DEL07-MT"
316668;2020-10-24;"sábado";"01:20:00";"PR";277;721,5;"FOZ DO IGUACU";"Falta de Atenção do Pedestre";"Atropelamento de Pedestre";"Com Vítimas Feridas";"Plena Noite";"Decrescente";"Céu Claro";"Dupla";"Reta";"Sim";2;0;1;1;0;0;2;2;-25,4911505;-54,51185421;"SPRF-PR";"DEL05-PR";"UOP03-DEL05-PR"
316670;2020-10-24;"sábado";"04:30:00";"RR";174;180;"RORAINOPOLIS";"Defeito na Via";"Queda de ocupante de veículo";"Com Vítimas Feridas";"Amanhecer";"Crescente";"Céu Claro";"Simples";"Reta";"Não";1;0;0;1;0;0;1;1;0,663227;-60,450893;"SPRF-RR";"DEL01-RR";"UOP01-DEL01-RR"
316672;2020-10-24;"sábado";"02:10:00";"MG";262;785,9;"UBERABA";"Ingestão de Substâncias Psicoativas";"Colisão com objeto estático";"Com Vítimas Feridas";"Anoitecer";"Crescente";"Chuva";"Simples";"Reta";"Não";1;0;0;1;0;0;1;1;-19,76287615;-47,80414094;"SPRF-MG";"DEL13-MG";"UOP01-DEL13-MG"
316673;2020-10-24;"sábado";"04:50:00";"MG";50;196;"UBERABA";"Ingestão de álcool e/ou substâncias psicoativas pelo pedestre";"Saída de leito carroçável";"Sem Vítimas";"Amanhecer";"Decrescente";"Chuva";"Dupla";"Reta";"Não";1;0;0;0;1;0;0;1;-19,90299194;-47,83783491;"SPRF-MG";"DEL13-MG";"UOP01-DEL13-MG"
316674;2020-10-24;"sábado";"06:35:00";"SP";116;147,5;"SAO JOSE DOS CAMPOS";"Pista Escorregadia";"Tombamento";"Com Vítimas Feridas";"Amanhecer";"Crescente";"Nublado";"Simples";"Curva";"Sim";1;0;1;0;0;0;1;1;-23,19542994;-45,87176303;"SPRF-SP";"DEL02-SP";"UOP01-DEL02-SP"
316675;2020-10-24;"sábado";"06:10:00";"MS";163;479,1;"CAMPO GRANDE";"Ingestão de Álcool";"Tombamento";"Com Vítimas Feridas";"Amanhecer";"Decrescente";"Céu Claro";"Simples";"Reta";"Sim";1;0;1;0;0;0;1;1;-20,487322;-54,55929095;"SPRF-MS";"DEL01-MS";"UOP01-DEL01-MS"
316676;2020-10-24;"sábado";"06:00:00";"RO";319;64;"PORTO VELHO";"Desobediência às normas de trânsito pelo condutor";"Colisão traseira";"Com Vítimas Feridas";"Amanhecer";"Crescente";"Céu Claro";"Dupla";"Reta;Interseção de Vias";"Sim";3;0;1;0;2;0;1;2;-8,75780618;-63,88601303;"SPRF-RO";"DEL01-RO";"UOP01-DEL01-RO"
316677;2020-10-24;"sábado";"05:50:00";"ES";482;96,6;"ALEGRE";"Ingestão de Álcool";"Colisão lateral";"Sem Vítimas";"Plena Noite";"Crescente";"Chuva";"Simples";"Reta";"Não";2;0;0;0;2;0;0;2;-20,76917066;-41,59862516;"SPRF-ES";"DEL03-ES";"UOP02-DEL03-ES"
316678;2020-10-24;"sábado";"04:50:00";"AC";364;139;"RIO BRANCO";"Falta de Atenção à Condução";"Colisão com objeto estático";"Sem Vítimas";"Pleno dia";"Crescente";"Céu Claro";"Simples";"Reta";"Sim";1;0;0;0;0;1;0;1;-9,95359291;-67,86119892;"SPRF-AC";"DEL01-AC";"UOP01-DEL01-AC"
316679;2020-10-24;"sábado";"07:15:00";"CE";222;7,2;"CAUCAIA";"Defeito na Via";"Tombamento";"Com Vítimas Feridas";"Pleno dia";"Decrescente";"Chuva";"Dupla";"Reta";"Sim";2;0;0;1;1;0;1;1;-3,75363558;-38,63803121;"SPRF-CE";"DEL01-CE";"UOP01-DEL01-CE"
316680;2020-10-24;"sábado";"07:10:00";"PR";116;124;"CURITIBA";"Velocidade Incompatível";"Tombamento";"Com Vítimas Feridas";"Pleno dia";"Crescente";"Céu Claro";"Dupla";"Reta";"Não";1;0;0;1;0;0;1;1;-25,58620703;-49,31436887;"SPRF-PR";"DEL01-PR";"UOP03-DEL01-PR"
316681;2020-10-24;"sábado";"07:15:00";"BA";116;28,4;"VITORIA DA CONQUISTA";"Ultrapassagem Indevida";"Colisão frontal";"Com Vítimas Feridas";"Pleno dia";"Crescente";"Céu Claro";"Simples";"Reta";"Não";3;0;0;1;2;0;1;2;-14,91235;-40,875571;"SPRF-BA";"DEL08-BA";"UOP01-DEL08-BA"
316682;2020-10-24;"sábado";"04:30:00";"SC";280;125,4;"RIO NEGRINHO";"Falta de Atenção à Condução";"Colisão traseira";"Com Vítimas Feridas";"Plena Noite";"Crescente";"Céu Claro";"Simples";"Curva";"Sim";2;0;1;0;1;0;1;2;-26,23707363;-49,48812962;"SPRF-SC";"DEL06-SC";"UOP03-DEL06-SC"
316683;2020-10-24;"sábado";"06:00:00";"ES";101;215;"IBIRACU";"Falta de Atenção do Pedestre";"Atropelamento de Pedestre";"Com Vítimas Feridas";"Pleno dia";"Crescente";"Chuva";"Simples";"Reta";"Sim";2;0;0;1;0;1;1;2;-19,83184002;-40,38012995;"SPRF-ES";"DEL02-ES";"UOP01-DEL02-ES"
316685;2020-10-20;"terça-feira";"07:00:00";"RJ";101;308;"SAO GONCALO";"Não guardar distância de segurança";"Colisão traseira";"Sem Vítimas";"Pleno dia";"Crescente";"Céu Claro";"Dupla";"Reta";"Sim";3;0;0;0;3;0;0;3;-22,79309326;-43,02479595;"SPRF-RJ";"DEL02-RJ";"UOP02-DEL02-RJ"
316687;2020-10-24;"sábado";"07:55:00";"RS";158;326,9;"SANTA MARIA";"Falta de Atenção do Pedestre";"Atropelamento de Pedestre";"Com Vítimas Feridas";"Pleno dia";"Crescente";"Nublado";"Simples";"Interseção de Vias;Declive;Reta";"Sim";3;0;1;0;1;1;1;2;-29,70975376;-53,80284617;"SPRF-RS";"DEL09-RS";"UOP01-DEL09-RS"
316688;2020-10-24;"sábado";"07:30:00";"PI";402;3,8;"BURITI DOS LOPES";"Falta de Atenção à Condução";"Saída de leito carroçável";"Com Vítimas Feridas";"Pleno dia";"Crescente";"Sol";"Simples";"Curva";"Não";1;0;1;0;0;0;1;1;-3,107224;-41,871031;"SPRF-PI";"DEL05-PI";"UOP01-DEL05-PI"
316689;2020-10-24;"sábado";"07:20:00";"MG";381;941;"EXTREMA";"Velocidade Incompatível";"Capotamento";"Com Vítimas Feridas";"Pleno dia";"Decrescente";"Chuva";"Dupla";"Curva";"Não";5;0;5;0;0;0;5;1;-22,86021873;-46,34260711;"SPRF-MG";"DEL16-MG";"UOP03-DEL16-MG"
316690;2020-10-24;"sábado";"07:30:00";"SP";116;120;"CACAPAVA";"Falta de Atenção à Condução";"Capotamento";"Com Vítimas Feridas";"Pleno dia";"Decrescente";"Céu Claro";"Dupla";"Reta";"Não";4;0;4;0;0;0;4;1;-23,0715638;-45,64459209;"SPRF-SP";"DEL06-SP";"UOP01-DEL06-SP"
316691;2020-10-24;"sábado";"07:00:00";"MS";158;2,2;"CASSILANDIA";"Desobediência às normas de trânsito pelo condutor";"Colisão transversal";"Com Vítimas Feridas";"Pleno dia";"Crescente";"Céu Claro";"Simples";"Interseção de Vias";"Sim";2;0;1;0;1;0;1;2;-19,119783;-51,73276;"SPRF-MS";"DEL08-MS";"UOP01-DEL08-MS"
316693;2020-10-24;"sábado";"07:30:00";"RS";287;249;"SANTA MARIA";"Falta de Atenção à Condução";"Saída de leito carroçável";"Sem Vítimas";"Pleno dia";"Crescente";"Nublado";"Simples";"Curva;Desvio Temporário;Em Obras";"Não";1;0;0;0;0;1;0;1;-29,69400654;-53,86100019;"SPRF-RS";"DEL09-RS";"UOP01-DEL09-RS"
316694;2020-10-24;"sábado";"07:40:00";"GO";153;514;"APARECIDA DE GOIANIA";"Defeito Mecânico no Veículo";"Incêndio";"Sem Vítimas";"Pleno dia";"Crescente";"Nublado";"Dupla";"Interseção de Vias;Retorno Regulamentado;Declive";"Sim";1;0;0;0;0;1;0;1;-16,8315;-49,2434;"SPRF-GO";"DEL01-GO";"UOP03-DEL01-GO"
316695;2020-10-24;"sábado";"07:20:00";"RO";364;343;"JI-PARANA";"Ingestão de Álcool";"Colisão traseira";"Com Vítimas Feridas";"Pleno dia";"Crescente";"Céu Claro";"Múltipla";"Aclive;Reta";"Sim";2;0;0;1;1;0;1;2;-10,87878519;-61,94499012;"SPRF-RO";"DEL02-RO";"UOP01-DEL02-RO"
316697;2020-10-24;"sábado";"08:40:00";"RJ";101;454;"MANGARATIBA";"Desobediência às normas de trânsito pelo condutor";"Colisão traseira";"Com Vítimas Feridas";"Pleno dia";"Decrescente";"Céu Claro";"Simples";"Reta";"Não";3;0;1;0;2;0;1;2;-23,0340287;-44,15061917;"SPRF-RJ";"DEL03-RJ";"UOP03-DEL03-RJ"
316698;2020-10-24;"sábado";"08:30:00";"BA";324;603;"SIMOES FILHO";"Desobediência às normas de trânsito pelo condutor";"Saída de leito carroçável";"Com Vítimas Feridas";"Pleno dia";"Decrescente";"Céu Claro";"Dupla";"Reta";"Não";2;0;2;0;0;0;2;1;-12,7731022;-38,4199372;"SPRF-BA";"DEL01-BA";"UOP01-DEL01-BA"
316700;2020-10-24;"sábado";"09:45:00";"SC";470;58;"BLUMENAU";"Falta de Atenção à Condução";"Colisão frontal";"Com Vítimas Feridas";"Pleno dia";"Crescente";"Céu Claro";"Simples";"Reta";"Não";2;0;1;0;1;0;1;2;-26,883879;-49,145622;"SPRF-SC";"DEL04-SC";"UOP01-DEL04-SC"
316701;2020-10-24;"sábado";"09:30:00";"MG";381;634,8;"OLIVEIRA";"Velocidade Incompatível";"Saída de leito carroçável";"Sem Vítimas";"Pleno dia";"Decrescente";"Chuva";"Dupla";"Curva;Declive";"Não";4;0;0;0;4;0;0;1;-20,87602422;-44,84695195;"SPRF-MG";"DEL04-MG";"UOP01-DEL04-MG"
316702;2020-10-24;"sábado";"07:30:00";"DF";60;22,9;"BRASILIA";"Pista Escorregadia";"Saída de leito carroçável";"Sem Vítimas";"Pleno dia";"Crescente";"Chuva";"Dupla";"Reta";"Não";1;0;0;0;1;0;0;1;-15,984106;-48,215378;"SPRF-DF";"DEL03-DF";"UOP01-DEL03-DF"
316703;2020-10-24;"sábado";"09:15:00";"MG";40;469,5;"SETE LAGOAS";"Velocidade Incompatível";"Saída de leito carroçável";"Com Vítimas Feridas";"Pleno dia";"Decrescente";"Chuva";"Dupla";"Curva";"Não";1;0;1;0;0;0;1;1;-19,46099279;-44,30121988;"SPRF-MG";"DEL02-MG";"UOP01-DEL02-MG"
316705;2020-10-24;"sábado";"08:35:00";"MS";163;741;"COXIM";"Carga excessiva e/ou mal acondicionada";"Tombamento";"Com Vítimas Feridas";"Pleno dia";"Crescente";"Céu Claro";"Simples";"Reta";"Não";1;0;1;0;0;0;1;1;-18,42073471;-54,69025342;"SPRF-MS";"DEL06-MS";"UOP01-DEL06-MS"
316706;2020-10-24;"sábado";"09:30:00";"RS";101;45,9;"TERRA DE AREIA";"Falta de Atenção à Condução";"Colisão com objeto estático";"Com Vítimas Feridas";"Pleno dia";"Decrescente";"Céu Claro";"Simples";"Reta";"Sim";3;0;2;0;1;0;2;2;-29,569855;-50,056385;"SPRF-RS";"DEL03-RS";"UOP02-DEL03-RS"
316707;2020-10-24;"sábado";"09:14:00";"SC";280;56,7;"GUARAMIRIM";"Desobediência às normas de trânsito pelo condutor";"Colisão frontal";"Com Vítimas Feridas";"Pleno dia";"Crescente";"Sol";"Simples";"Curva";"Sim";2;0;1;0;1;0;1;2;-26,47924516;-49,01014924;"SPRF-SC";"DEL03-SC";"UOP03-DEL03-SC"
316709;2020-10-24;"sábado";"07:00:00";"RS";116;451;"SAO LOURENCO DO SUL";"Ingestão de Álcool";"Saída de leito carroçável";"Sem Vítimas";"Pleno dia";"Decrescente";"Céu Claro";"Dupla";"Reta";"Não";1;0;0;0;1;0;0;1;-31,20500401;-52,01944702;"SPRF-RS";"DEL02-RS";"UOP02-DEL02-RS"
316710;2020-10-24;"sábado";"08:50:00";"MS";262;366,9;"CAMPO GRANDE";"Falta de Atenção à Condução";"Colisão lateral";"Com Vítimas Feridas";"Pleno dia";"Decrescente";"Céu Claro";"Dupla";"Rotatória";"Não";3;0;2;0;1;0;2;2;-20,47823033;-54,75077391;"SPRF-MS";"DEL01-MS";"UOP03-DEL01-MS"
316712;2020-10-24;"sábado";"11:00:00";"PB";101;2,5;"MATARACA";"Condutor Dormindo";"Colisão com objeto estático";"Com Vítimas Feridas";"Pleno dia";"Decrescente";"Sol";"Dupla";"Reta";"Não";1;0;0;1;0;0;1;1;-6,52300095;-35,11348121;"SPRF-PB";"DEL01-PB";"UOP04-DEL01-PB"
316713;2020-10-24;"sábado";"11:10:00";"RS";101;87,7;"OSORIO";"Velocidade Incompatível";"Colisão traseira";"Com Vítimas Feridas";"Pleno dia";"Crescente";"Céu Claro";"Múltipla";"Reta";"Sim";2;0;0;1;1;0;1;2;-29,88149021;-50,26433789;"SPRF-RS";"DEL03-RS";"UOP01-DEL03-RS"
316715;2020-10-24;"sábado";"10:00:00";"SC";101;288,5;"IMBITUBA";"Não guardar distância de segurança";"Colisão traseira";"Com Vítimas Feridas";"Pleno dia";"Crescente";"Nublado";"Múltipla";"Reta";"Sim";3;0;2;0;1;0;2;2;-28,26801212;-48,70157182;"SPRF-SC";"DEL02-SC";"UOP03-DEL02-SC"
316716;2020-10-24;"sábado";"10:50:00";"PE";232;417;"SERRA TALHADA";"Condutor Dormindo";"Saída de leito carroçável";"Com Vítimas Feridas";"Pleno dia";"Crescente";"Sol";"Simples";"Reta";"Não";1;0;1;0;0;0;1;1;-8,000298;-38,361745;"SPRF-PE";"DEL04-PE";"UOP01-DEL04-PE"
316717;2020-10-24;"sábado";"10:10:00";"PB";412;108,1;"SUME";"Falta de Atenção à Condução";"Colisão lateral";"Com Vítimas Feridas";"Pleno dia";"Crescente";"Céu Claro";"Dupla";"Reta";"Sim";2;0;1;0;1;0;1;2;-7,670557;-36,876957;"SPRF-PB";"DEL02-PB";"UOP02-DEL02-PB"
316721;2020-10-24;"sábado";"12:00:00";"BA";407;107;"JAGUARARI";"Falta de Atenção à Condução";"Colisão transversal";"Com Vítimas Feridas";"Pleno dia";"Crescente";"Sol";"Simples";"Reta";"Não";3;0;3;0;0;0;3;2;-10,28895105;-40,17156628;"SPRF-BA";"DEL04-BA";"UOP01-DEL04-BA"
316722;2020-10-24;"sábado";"11:35:00";"PR";376;167,4;"MARINGA";"Falta de Atenção à Condução";"Colisão traseira";"Com Vítimas Feridas";"Pleno dia";"Crescente";"Céu Claro";"Dupla";"Reta";"Não";3;0;1;0;1;1;1;3;-23,40324167;-51,99632075;"SPRF-PR";"DEL09-PR";"UOP01-DEL09-PR"
316723;2020-10-24;"sábado";"12:10:00";"MG";381;550,3;"ITAGUARA";"Pista Escorregadia";"Colisão com objeto estático";"Sem Vítimas";"Pleno dia";"Crescente";"Chuva";"Dupla";"Curva";"Não";1;0;0;0;1;0;0;1;-20,32661215;-44,45627931;"SPRF-MG";"DEL04-MG";"UOP03-DEL04-MG"
316724;2020-10-24;"sábado";"12:15:00";"PR";376;348;"ORTIGUEIRA";"Desobediência às normas de trânsito pelo condutor";"Colisão transversal";"Com Vítimas Feridas";"Pleno dia";"Crescente";"Céu Claro";"Simples";"Reta";"Não";4;0;2;2;0;0;4;2;-24,194045;-50,956048;"SPRF-PR";"DEL07-PR";"UOP03-DEL07-PR"
316725;2020-10-24;"sábado";"12:12:00";"SC";470;54,5;"BLUMENAU";"Desobediência às normas de trânsito pelo condutor";"Colisão transversal";"Com Vítimas Feridas";"Pleno dia";"Decrescente";"Céu Claro";"Simples";"Interseção de Vias";"Não";2;0;1;0;1;0;1;2;-26,871065;-49,110374;"SPRF-SC";"DEL04-SC";"UOP01-DEL04-SC"
316727;2020-10-18;"domingo";"23:00:00";"GO";153;606;"MORRINHOS";"Animais na Pista";"Atropelamento de Animal";"Com Vítimas Feridas";"Plena Noite";"Decrescente";"Nublado";"Dupla";"Declive";"Não";4;0;2;0;0;2;2;1;-17,6034;-49,1878;"SPRF-GO";"DEL03-GO";"UOP01-DEL03-GO"
316731;2020-10-24;"sábado";"12:45:00";"SP";153;269,5;"VERA CRUZ";"Avarias e/ou desgaste excessivo no pneu";"Tombamento";"Com Vítimas Feridas";"Pleno dia";"Decrescente";"Nublado";"Simples";"Aclive";"Não";1;0;1;0;0;0;1;1;-22,339186;-49,89894098;"SPRF-SP";"DEL07-SP";"UOP02-DEL07-SP"
316736;2020-10-24;"sábado";"09:45:00";"SP";116;565;"BARRA DO TURVO";"Pista Escorregadia";"Colisão com objeto estático";"Com Vítimas Feridas";"Pleno dia";"Crescente";"Garoa/Chuvisco";"Dupla";"Curva";"Não";1;0;1;0;0;0;1;1;-25,0358686;-48,54404396;"SPRF-SP";"DEL05-SP";"UOP02-DEL05-SP"
316737;2020-10-24;"sábado";"14:05:00";"MG";381;492,9;"BETIM";"Pista Escorregadia";"Colisão com objeto estático";"Com Vítimas Feridas";"Pleno dia";"Crescente";"Chuva";"Múltipla";"Reta";"Sim";2;0;0;1;1;0;1;1;-19,97490091;-44,19004301;"SPRF-MG";"DEL01-MG";"UOP03-DEL01-MG"
316738;2020-10-24;"sábado";"13:55:00";"MG";381;351,6;"JOAO MONLEVADE";"Pista Escorregadia";"Tombamento";"Com Vítimas Feridas";"Pleno dia";"Decrescente";"Chuva";"Simples";"Reta";"Não";1;0;1;0;0;0;1;1;-19,84644336;-43,16611234;"SPRF-MG";"DEL03-MG";"UOP01-DEL03-MG"
316739;2020-10-24;"sábado";"14:25:00";"MG";365;492;"PATROCINIO";"Mal Súbito";"Saída de leito carroçável";"Com Vítimas Feridas";"Pleno dia";"Crescente";"Chuva";"Simples";"Reta";"Não";1;0;0;1;0;0;1;1;-18,90683361;-47,17810712;"SPRF-MG";"DEL10-MG";"UOP01-DEL10-MG"
316740;2020-10-24;"sábado";"14:20:00";"MG";365;605,9;"UBERLANDIA";"Não guardar distância de segurança";"Colisão traseira";"Com Vítimas Feridas";"Pleno dia";"Decrescente";"Nublado";"Simples";"Reta";"Sim";2;0;2;0;0;0;2;2;-18,896517;-48,155747;"SPRF-MG";"DEL15-MG";"UOP01-DEL15-MG"