"id";"data_inversa";"dia_semana";"horario";"uf";"br";"km";"municipio";"causa_acidente";"tipo_acidente";"classificacao_acidente";"fase_dia";"sentido_via";"condicao_metereologica";"tipo_pista";"tracado_via";"uso_solo";"pessoas";"mortos";"feridos_leves";"feridos_graves";"ilesos";"ignorados";"feridos";"veiculos";"latitude";"longitude";"regional";"delegacia";"uop"
317054;2020-10-25;"domingo";"16:48:00";"BA";330;791;"JEQUIE";"Desobediência às normas de trânsito pelo condutor";"Tombamento";"Com Vítimas Feridas";"Pleno dia";"Decrescente";"Céu Claro";"Simples";"Reta";"Sim";5;0;2;0;3;0;2;4;-13,87674625;-40,03829956;"SPRF-BA";"DEL03-BA";"UOP01-DEL03-BA"
317055;2020-10-25;"domingo";"17:00:00";"MG";381;658;"SANTO ANTONIO DO AMPARO";"Defeito Mecânico no Veículo";"Capotamento";"Com Vítimas Feridas";"Pleno dia";"Crescente";"Nublado";"Dupla";"Reta;Declive";"Não";3;0;1;1;0;1;2;2;-20,99728202;-44,96358137;"SPRF-MG";"DEL04-MG";"UOP02-DEL04-MG"
317057;2020-10-25;"domingo";"17:00:00";"GO";50;268,4;"CATALAO";"Falta de Atenção à Condução";"Saída de leito carroçável";"Com Vítimas Feridas";"Anoitecer";"Decrescente";"Chuva";"Dupla";"Reta";"Não";5;0;2;0;3;0;2;1;-18,1013;-47,8817;"SPRF-GO";"DEL06-GO";"UOP01-DEL06-GO"
317058;2020-10-25;"domingo";"16:30:00";"RJ";101;415;"MANGARATIBA";"Velocidade Incompatível";"Colisão traseira";"Sem Vítimas";"Pleno dia";"Decrescente";"Nublado";"Dupla";"Curva";"Não";4;0;0;0;4;0;0;2;-22,90433243;-43,88181398;"SPRF-RJ";"DEL03-RJ";"UOP01-DEL03-RJ"
317059;2020-10-25;"domingo";"17:03:00";"PR";376;389,5;"IMBAU";"Velocidade Incompatível";"Saída de leito carroçável";"Com Vítimas Feridas";"Pleno dia";"Crescente";"Chuva";"Dupla";"Curva";"Não";1;0;0;1;0;0;1;1;-24,51777497;-50,71118238;"SPRF-PR";"DEL03-PR";"UOP02-DEL03-PR"
317060;2020-10-25;"domingo";"13:41:00";"MG";365;610;"UBERLANDIA";"Defeito Mecânico no Veículo";"Queda de ocupante de veículo";"Com Vítimas Feridas";"Pleno dia";"Decrescente";"Sol";"Dupla";"Reta";"Sim";2;0;1;0;1;0;1;1;-18,92793854;-48,19198317;"SPRF-MG";"DEL15-MG";"UOP01-DEL15-MG"
317061;2020-10-25;"domingo";"16:00:00";"SP";116;80;"ROSEIRA";"Velocidade Incompatível";"Saída de leito carroçável";"Com Vítimas Feridas";"Pleno dia";"Crescente";"Nublado";"Dupla";"Reta";"Não";3;0;2;0;1;0;2;1;-22,89958454;-45,30245564;"SPRF-SP";"DEL06-SP";"UOP01-DEL06-SP"
317062;2020-10-25;"domingo";"15:50:00";"PR";277;43;"MORRETES";"Desobediência às normas de trânsito pelo condutor";"Queda de ocupante de veículo";"Com Vítimas Feridas";"Pleno dia";"Decrescente";"Garoa/Chuvisco";"Dupla";"Curva";"Não";1;0;1;0;0;0;1;1;-25,57437908;-48,85418905;"SPRF-PR";"DEL01-PR";"UOP05-DEL01-PR"
317063;2020-10-25;"domingo";"17:40:00";"SE";101;150;"ESTANCIA";"Ingestão de Álcool";"Capotamento";"Com Vítimas Feridas";"Plena Noite";"Crescente";"Céu Claro";"Simples";"Reta";"Sim";2;0;2;0;0;0;2;1;-11,25101095;-37,4365661;"SPRF-SE";"DEL02-SE";"UOP01-DEL02-SE"
317064;2020-10-25;"domingo";"17:30:00";"SC";470;29,8;"GASPAR";"Condutor Dormindo";"Saída de leito carroçável";"Com Vítimas Feridas";"Pleno dia";"Crescente";"Céu Claro";"Dupla";"Reta";"Não";6;0;3;2;1;0;5;2;-26,89362;-48,903973;"SPRF-SC";"DEL04-SC";"UOP01-DEL04-SC"
317066;2020-10-25;"domingo";"17:20:00";"TO";153;174;"ARAGUAINA";"Ingestão de Álcool";"Colisão com objeto estático";"Sem Vítimas";"Anoitecer";"Crescente";"Sol";"Simples";"Reta";"Não";1;0;0;0;1;0;0;1;-7,42870693;-48,36274437;"SPRF-TO";"DEL02-TO";"UOP01-DEL02-TO"
317068;2020-10-25;"domingo";"18:05:00";"SP";381;79;"SAO PAULO";"Desobediência às normas de trânsito pelo condutor";"Saída de leito carroçável";"Sem Vítimas";"Anoitecer";"Crescente";"Céu Claro";"Dupla";"Curva";"Sim";3;0;0;0;3;0;0;2;-23,40598787;-46,58022398;"SPRF-SP";"DEL03-SP";"UOP01-DEL03-SP"
317069;2020-10-25;"domingo";"17:35:00";"RJ";101;198;"CASIMIRO DE ABREU";"Pista Escorregadia";"Saída de leito carroçável";"Com Vítimas Feridas";"Anoitecer";"Crescente";"Chuva";"Simples";"Curva";"Não";2;0;2;0;0;0;2;1;-22,49157993;-42,12771201;"SPRF-RJ";"DEL08-RJ";"UOP04-DEL08-RJ"
317070;2020-10-25;"domingo";"18:00:00";"SE";101;62,5;"ROSARIO DO CATETE";"Ingestão de Álcool";"Saída de leito carroçável";"Com Vítimas Feridas";"Plena Noite";"Decrescente";"Céu Claro";"Simples";"Declive;Reta";"Não";2;0;1;0;0;1;1;2;-10,68457007;-37,03562689;"SPRF-SE";"DEL02-SE";"UOP02-DEL02-SE"
317071;2020-10-25;"domingo";"17:32:00";"SC";116;219,5;"CORREIA PINTO";"Desobediência às normas de trânsito pelo condutor";"Colisão transversal";"Com Vítimas Feridas";"Pleno dia";"Crescente";"Céu Claro";"Simples";"Reta;Interseção de Vias";"Sim";3;0;2;0;0;1;2;2;-27,57771319;-50,36993036;"SPRF-SC";"DEL05-SC";"UOP03-DEL05-SC"
317072;2020-10-25;"domingo";"18:00:00";"SC";470;172;"POUSO REDONDO";"Velocidade Incompatível";"Colisão frontal";"Com Vítimas Feridas";"Pleno dia";"Crescente";"Céu Claro";"Simples";"Reta";"Não";6;0;6;0;0;0;6;3;-27,257526;-49,909592;"SPRF-SC";"DEL04-SC";"UOP02-DEL04-SC"
317073;2020-10-25;"domingo";"18:24:00";"BA";116;420;"FEIRA DE SANTANA";"Velocidade Incompatível";"Colisão com objeto estático";"Com Vítimas Feridas";"Plena Noite";"Crescente";"Céu Claro";"Dupla";"Rotatória";"Sim";1;0;0;1;0;0;1;1;-12,20321398;-38,96555531;"SPRF-BA";"DEL02-BA";"UOP01-DEL02-BA"
317074;2020-10-25;"domingo";"18:25:00";"PR";467;109,1;"CASCAVEL";"Velocidade Incompatível";"Saída de leito carroçável";"Sem Vítimas";"Pleno dia";"Decrescente";"Céu Claro";"Dupla";"Curva";"Sim";1;0;0;0;1;0;0;1;-24,9261;-53,4589;"SPRF-PR";"DEL04-PR";"UOP01-DEL04-PR"
317075;2020-10-25;"domingo";"18:20:00";"GO";40;12,6;"LUZIANIA";"Falta de Atenção do Pedestre";"Atropelamento de Pedestre";"Com Vítimas Feridas";"Plena Noite";"Crescente";"Céu Claro";"Dupla";"Reta";"Sim";3;0;3;0;0;0;3;2;-16,149439;-47,941408;"SPRF-DF";"DEL01-DF";"UOP01-DEL01-DF"
317076;2020-10-25;"domingo";"18:00:00";"MT";158;673,6;"NOVA XAVANTINA";"Ingestão de Álcool";"Colisão frontal";"Com Vítimas Fatais";"Plena Noite";"Decrescente";"Céu Claro";"Simples";"Reta";"Não";3;2;1;0;0;0;1;2;-14,8274791;-52,29820424;"SPRF-MT";"DEL07-MT";"UOP01-DEL07-MT"
317081;2020-10-25;"domingo";"18:45:00";"MG";40;549;"NOVA LIMA";"Restrição de Visibilidade";"Colisão com objeto estático";"Com Vítimas Feridas";"Plena Noite";"Decrescente";"Nevoeiro/Neblina";"Dupla";"Reta";"Não";1;0;1;0;0;0;1;1;-20,03972326;-43,96703232;"SPRF-MG";"DEL01-MG";"UOP02-DEL01-MG"
317085;2020-10-25;"domingo";"19:20:00";"RS";392;346,5;"SANTA MARIA";"Ingestão de Álcool";"Colisão frontal";"Com Vítimas Feridas";"Plena Noite";"Crescente";"Céu Claro";"Simples";"Reta";"Não";6;0;3;1;2;0;4;2;-29,769868;-53,78433605;"SPRF-RS";"DEL09-RS";"UOP01-DEL09-RS"
317086;2020-10-25;"domingo";"18:59:00";"SP";116;213;"GUARULHOS";"Falta de Atenção à Condução";"Colisão com objeto estático";"Com Vítimas Feridas";"Amanhecer";"Crescente";"Céu Claro";"Múltipla";"Reta";"Sim";1;0;1;0;0;0;1;1;-23,43971486;-46,43667806;"SPRF-SP";"DEL01-SP";"UOP01-DEL01-SP"
317087;2020-10-25;"domingo";"18:50:00";"ES";101;297,8;"VIANA";"Desobediência às normas de trânsito pelo condutor";"Colisão traseira";"Com Vítimas Feridas";"Plena Noite";"Decrescente";"Chuva";"Múltipla";"Declive;Interseção de Vias";"Sim";2;0;1;0;1;0;1;2;-20,35318236;-40,41503191;"SPRF-ES";"DEL01-ES";"UOP01-DEL01-ES"
317088;2020-10-25;"domingo";"19:00:00";"PR";467;84;"CASCAVEL";"Velocidade Incompatível";"Saída de leito carroçável";"Sem Vítimas";"Plena Noite";"Decrescente";"Céu Claro";"Dupla";"Reta";"Não";1;0;0;0;1;0;0;1;-24,8184;-53,6572;"SPRF-PR";"DEL04-PR";"UOP01-DEL04-PR"
317089;2020-10-25;"domingo";"19:20:00";"GO";60;221;"CEZARINA";"Animais na Pista";"Atropelamento de Animal";"Sem Vítimas";"Plena Noite";"Decrescente";"Céu Claro";"Dupla";"Reta";"Não";2;0;0;0;2;0;0;1;-16,9867;-49,7549;"SPRF-GO";"DEL01-GO";"UOP02-DEL01-GO"
317091;2020-10-25;"domingo";"19:30:00";"MG";40;555;"NOVA LIMA";"Fenômenos da Natureza";"Colisão traseira";"Com Vítimas Feridas";"Plena Noite";"Decrescente";"Nevoeiro/Neblina";"Dupla";"Curva";"Sim";2;0;1;0;1;0;1;2;-20,08472706;-43,97697012;"SPRF-MG";"DEL01-MG";"UOP02-DEL01-MG"
317092;2020-10-25;"domingo";"15:25:00";"PE";110;237;"PETROLANDIA";"Ultrapassagem Indevida";"Colisão frontal";"Com Vítimas Fatais";"Pleno dia";"Crescente";"Céu Claro";"Simples";"Reta";"Não";7;1;3;3;0;0;6;2;-9,11906794;-38,27977906;"SPRF-BA";"DEL07-BA";"UOP01-DEL07-BA"
317093;2020-10-25;"domingo";"18:00:00";"MG";381;336;"NOVA ERA";"Velocidade Incompatível";"Saída de leito carroçável";"Com Vítimas Feridas";"Plena Noite";"Decrescente";"Chuva";"Simples";"Curva";"Não";2;0;2;0;0;0;2;1;-19,82119502;-43,07407899;"SPRF-MG";"DEL03-MG";"UOP01-DEL03-MG"
317094;2020-10-25;"domingo";"15:30:00";"MS";487;96,6;"ITAQUIRAI";"Falta de Atenção à Condução";"Colisão com objeto estático";"Com Vítimas Feridas";"Pleno dia";"Crescente";"Céu Claro";"Simples";"Reta";"Não";1;0;1;0;0;0;1;1;-23,23770986;-54,08786098;"SPRF-MS";"DEL09-MS";"UOP01-DEL09-MS"
317095;2020-10-25;"domingo";"19:57:00";"CE";116;8;"FORTALEZA";"Não guardar distância de segurança";"Colisão traseira";"Com Vítimas Feridas";"Plena Noite";"Crescente";"Céu Claro";"Múltipla";"Reta";"Sim";2;0;1;0;1;0;1;2;-3,82133942;-38,5032177;"SPRF-CE";"DEL01-CE";"UOP02-DEL01-CE"
317097;2020-10-25;"domingo";"20:10:00";"SP";116;216;"GUARULHOS";"Ingestão de Álcool";"Colisão lateral";"Sem Vítimas";"Plena Noite";"Decrescente";"Céu Claro";"Múltipla";"Curva";"Sim";2;0;0;0;2;0;0;2;-23,456008;-46,47408307;"SPRF-SP";"DEL01-SP";"UOP01-DEL01-SP"
317098;2020-10-25;"domingo";"19:25:00";"PR";369;415,1;"JURANDA";"Desobediência às normas de trânsito pelo condutor";"Colisão transversal";"Com Vítimas Feridas";"Anoitecer";"Crescente";"Céu Claro";"Simples";"Reta";"Não";5;0;2;2;1;0;4;2;-24,3605;-52,7488;"SPRF-PR";"DEL09-PR";"UOP03-DEL09-PR"
317100;2020-10-25;"domingo";"18:20:00";"BA";407;131;"SENHOR DO BONFIM";"Ingestão de Álcool";"Colisão frontal";"Com Vítimas Fatais";"Plena Noite";"Crescente";"Céu Claro";"Simples";"Reta";"Não";2;1;0;0;0;1;0;2;-10,49567411;-40,16127128;"SPRF-BA";"DEL04-BA";"UOP01-DEL04-BA"
317101;2020-10-25;"domingo";"19:45:00";"RN";427;99,2;"CAICO";"Ingestão de Álcool";"Colisão frontal";"Com Vítimas Feridas";"Plena Noite";"Decrescente";"Céu Claro";"Simples";"Reta";"Sim";3;0;1;1;1;0;2;2;-6,460188;-37,10082;"SPRF-RN";"DEL03-RN";"UOP01-DEL03-RN"
317102;2020-10-25;"domingo";"19:20:00";"MG";381;533;"ITATIAIUCU";"Velocidade Incompatível";"Saída de leito carroçável";"Sem Vítimas";"Plena Noite";"Decrescente";"Chuva";"Dupla";"Curva";"Não";3;0;0;0;3;0;0;1;-20,19896036;-44,38641307;"SPRF-MG";"DEL04-MG";"UOP03-DEL04-MG"
317103;2020-10-25;"domingo";"18:20:00";"PR";277;721;"FOZ DO IGUACU";"Falta de Atenção à Condução";"Colisão lateral";"Com Vítimas Feridas";"Anoitecer";"Crescente";"Céu Claro";"Dupla";"Reta";"Sim";3;0;2;1;0;0;3;2;-25,4911505;-54,51185421;"SPRF-PR";"DEL05-PR";"UOP03-DEL05-PR"
317104;2020-10-25;"domingo";"16:10:00";"MG";50;55,7;"UBERLANDIA";"Falta de Atenção à Condução";"Saída de leito carroçável";"Com Vítimas Feridas";"Pleno dia";"Crescente";"Nublado";"Dupla";"Curva";"Não";3;0;1;0;2;0;1;1;-18,77290538;-48,24124319;"SPRF-MG";"DEL15-MG";"UOP02-DEL15-MG"
317105;2020-10-25;"domingo";"20:45:00";"RS";290;88;"PORTO ALEGRE";"Ingestão de Álcool";"Colisão lateral";"Sem Vítimas";"Pleno dia";"Crescente";"Céu Claro";"Dupla";"Reta";"Sim";3;0;0;0;3;0;0;2;-29,96735;-51,13953;"SPRF-RS";"DEL01-RS";"UOP01-DEL01-RS"
317108;2020-10-25;"domingo";"18:00:00";"ES";482;66,9;"ALEGRE";"Ultrapassagem Indevida";"Colisão frontal";"Com Vítimas Feridas";"Plena Noite";"Decrescente";"Nublado";"Simples";"Reta";"Não";5;0;3;2;0;0;5;3;-20,78856701;-41,41085803;"SPRF-ES";"DEL03-ES";"UOP02-DEL03-ES"
317109;2020-10-25;"domingo";"20:40:00";"SC";470;153,6;"AGRONOMICA";"Falta de Atenção à Condução";"Colisão transversal";"Com Vítimas Feridas";"Plena Noite";"Crescente";"Nublado";"Simples";"Curva;Interseção de Vias";"Não";6;0;1;2;3;0;3;2;-27,27547887;-49,74309705;"SPRF-SC";"DEL04-SC";"UOP02-DEL04-SC"
317112;2020-10-25;"domingo";"19:50:00";"RJ";101;68;"CAMPOS DOS GOYTACAZES";"Pista Escorregadia";"Saída de leito carroçável";"Com Vítimas Feridas";"Plena Noite";"Crescente";"Chuva";"Simples";"Reta";"Não";1;0;1;0;0;0;1;1;-21,77186768;-41,35705017;"SPRF-RJ";"DEL08-RJ";"UOP02-DEL08-RJ"
317115;2020-10-25;"domingo";"21:00:00";"RN";110;45,9;"MOSSORO";"Desobediência às normas de trânsito pelo condutor";"Colisão frontal";"Com Vítimas Feridas";"Plena Noite";"Crescente";"Céu Claro";"Simples";"Reta";"Sim";3;0;1;0;1;1;1;3;-5,19257993;-37,31114905;"SPRF-RN";"DEL04-RN";"UOP01-DEL04-RN"
317116;2020-10-25;"domingo";"21:12:00";"SC";101;142;"BALNEARIO CAMBORIU";"Desobediência às normas de trânsito pelo condutor";"Saída de leito carroçável";"Com Vítimas Feridas";"Plena Noite";"Crescente";"Garoa/Chuvisco";"Múltipla";"Declive";"Não";2;0;1;0;0;1;1;1;-27,056089;-48,599449;"SPRF-SC";"DEL04-SC";"UOP03-DEL04-SC"
317118;2020-10-25;"domingo";"22:20:00";"PE";232;181;"BELO JARDIM";"Condutor Dormindo";"Colisão frontal";"Com Vítimas Feridas";"Plena Noite";"Crescente";"Céu Claro";"Simples";"Reta";"Sim";3;0;1;1;1;0;2;2;-8,34627974;-36,43776285;"SPRF-PE";"DEL02-PE";"UOP03-DEL02-PE"
317119;2020-10-25;"domingo";"22:00:00";"BA";110;344,4;"ALAGOINHAS";"Ingestão de Álcool";"Colisão traseira";"Sem Vítimas";"Plena Noite";"Crescente";"Céu Claro";"Simples";"Reta";"Não";2;0;0;0;2;0;0;2;-12,24624383;-38,40143096;"SPRF-BA";"DEL01-BA";"UOP04-DEL01-BA"
317120;2020-10-25;"domingo";"22:40:00";"SP";101;49,3;"UBATUBA";"Ingestão de Álcool";"Colisão lateral";"Com Vítimas Feridas";"Plena Noite";"Decrescente";"Nublado";"Simples";"Reta";"Sim";3;0;1;1;0;1;2;3;-23,44860998;-45,07905461;"SPRF-SP";"DEL06-SP";"UOP01-DEL06-SP"
317122;2020-10-25;"domingo";"22:40:00";"CE";222;207;"FORQUILHA";"Restrição de Visibilidade";"Colisão com objeto estático";"Com Vítimas Fatais";"Plena Noite";"Decrescente";"Céu Claro";"Simples";"Reta";"Não";2;1;0;0;1;0;0;2;-3,78975803;-40,24374596;"SPRF-CE";"DEL04-CE";"UOP01-DEL04-CE"
317124;2020-10-25;"domingo";"22:20:00";"SC";280;51;"GUARAMIRIM";"Sinalização da via insuficiente ou inadequada";"Colisão com objeto estático";"Com Vítimas Feridas";"Plena Noite";"Crescente";"Nublado";"Simples";"Em Obras";"Não";1;0;1;0;0;0;1;1;-26,46538871;-48,95544449;"SPRF-SC";"DEL03-SC";"UOP03-DEL03-SC"
317126;2020-10-25;"domingo";"23:10:00";"MG";365;788,4;"GURINHATA";"Falta de Atenção à Condução";"Colisão com objeto estático";"Com Vítimas Feridas";"Plena Noite";"Decrescente";"Céu Claro";"Simples";"Ponte";"Não";1;0;1;0;0;0;1;1;-18,93535;-49,79941;"SPRF-MG";"DEL15-MG";"UOP03-DEL15-MG"
317128;2020-10-25;"domingo";"22:40:00";"SC";101;138,2;"BALNEARIO CAMBORIU";"Falta de Atenção à Condução";"Colisão com objeto estático";"Com Vítimas Feridas";"Plena Noite";"Decrescente";"Chuva";"Dupla";"Curva";"Sim";2;0;2;0;0;0;2;1;-27,02397426;-48,60761649;"SPRF-SC";"DEL04-SC";"UOP03-DEL04-SC"
317129;2020-10-25;"domingo";"23:50:00";"RJ";116;106;"GUAPIMIRIM";"Falta de Atenção do Pedestre";"Atropelamento de Pedestre";"Com Vítimas Feridas";"Plena Noite";"Crescente";"Céu Claro";"Múltipla";"Reta";"Sim";2;0;1;0;0;1;1;2;-22,521951;-43,00070097;"SPRF-RJ";"DEL04-RJ";"UOP02-DEL04-RJ"
317130;2020-10-25;"domingo";"22:40:00";"RJ";40;84,2;"PETROPOLIS";"Defeito na Via";"Colisão com objeto estático";"Com Vítimas Feridas";"Plena Noite";"Crescente";"Chuva";"Simples";"Declive;Curva";"Não";1;0;1;0;0;0;1;1;-22,52145512;-43,23707996;"SPRF-RJ";"DEL06-RJ";"UOP01-DEL06-RJ"
317131;2020-10-25;"domingo";"22:50:00";"SC";101;13;"GARUVA";"Falta de Atenção à Condução";"Saída de leito carroçável";"Com Vítimas Feridas";"Pleno dia";"Crescente";"Céu Claro";"Dupla";"Reta";"Não";1;0;1;0;0;0;1;1;-26,08986803;-48,86345096;"SPRF-SC";"DEL03-SC";"UOP01-DEL03-SC"
317132;2020-10-25;"domingo";"20:25:00";"BA";110;357,8;"CATU";"Ingestão de Álcool";"Saída de leito carroçável";"Com Vítimas Feridas";"Plena Noite";"Crescente";"Céu Claro";"Simples";"Curva";"Não";4;0;4;0;0;0;4;1;-12,34225607;-38,38638782;"SPRF-BA";"DEL01-BA";"UOP04-DEL01-BA"
317133;2020-10-25;"domingo";"23:00:00";"GO";153;505,6;"APARECIDA DE GOIANIA";"Falta de Atenção à Condução";"Queda de ocupante de veículo";"Com Vítimas Feridas";"Plena Noite";"Crescente";"Nublado";"Dupla";"Reta";"Sim";2;0;1;0;0;1;1;1;-16,7537;-49,2411;"SPRF-GO";"DEL01-GO";"UOP01-DEL01-GO"
317135;2020-10-25;"domingo";"20:40:00";"PR";153;105;"IBAITI";"Desobediência às normas de trânsito pelo condutor";"Colisão frontal";"Com Vítimas Feridas";"Plena Noite";"Crescente";"Céu Claro";"Simples";"Reta";"Não";4;0;2;0;1;1;2;3;-23,814184;-50,179108;"SPRF-PR";"DEL07-PR";"UOP04-DEL07-PR"
317136;2020-10-25;"domingo";"23:00:00";"AL";104;83;"RIO LARGO";"Falta de Atenção à Condução";"Saída de leito carroçável";"Com Vítimas Feridas";"Plena Noite";"Crescente";"Céu Claro";"Dupla";"Curva";"Não";2;0;2;0;0;0;2;1;-9,43720836;-35,83705902;"SPRF-AL";"DEL01-AL";"UOP01-DEL01-AL"
317138;2020-10-26;"segunda-feira";"00:30:00";"RJ";393;285;"VOLTA REDONDA";"Falta de Atenção à Condução";"Colisão transversal";"Com Vítimas Feridas";"Plena Noite";"Decrescente";"Nublado";"Simples";"Reta";"Sim";7;0;2;4;1;0;6;2;-22,50665963;-44,07764196;"SPRF-RJ";"DEL05-RJ";"UOP04-DEL05-RJ"
317139;2020-10-25;"domingo";"22:45:00";"MG";262;580;"CORREGO DANTA";"Pista Escorregadia";"Saída de leito carroçável";"Sem Vítimas";"Plena Noite";"Crescente";"Chuva";"Simples";"Rotatória";"Não";1;0;0;0;1;0;0;1;-19,64978178;-46,0697937;"SPRF-MG";"DEL08-MG";"UOP02-DEL08-MG"
317140;2020-10-26;"segunda-feira";"00:15:00";"BA";324;598;"SIMOES FILHO";"Condutor Dormindo";"Saída de leito carroçável";"Com Vítimas Feridas";"Plena Noite";"Crescente";"Céu Claro";"Dupla";"Reta";"Não";2;0;1;0;1;0;1;2;-12,73432323;-38,44227717;"SPRF-BA";"DEL01-BA";"UOP01-DEL01-BA"
317141;2020-10-26;"segunda-feira";"00:35:00";"SP";116;340;"JUQUITIBA";"Não guardar distância de segurança";"Colisão traseira";"Com Vítimas Feridas";"Plena Noite";"Decrescente";"Garoa/Chuvisco";"Dupla";"Aclive;Curva";"Não";5;0;2;0;2;1;2;2;-24,00328505;-47,15633198;"SPRF-SP";"DEL04-SP";"UOP02-DEL04-SP"
317144;2020-10-26;"segunda-feira";"01:35:00";"PE";101;46,6;"IGARASSU";"Ingestão de Álcool";"Colisão transversal";"Com Vítimas Feridas";"Plena Noite";"Crescente";"Céu Claro";"Múltipla";"Retorno Regulamentado;Reta";"Sim";6;0;1;1;3;1;2;2;-7,87406004;-34,90588126;"SPRF-PE";"DEL01-PE";"UOP02-DEL01-PE"
317145;2020-10-26;"segunda-feira";"00:45:00";"RS";386;180;"CARAZINHO";"Velocidade Incompatível";"Saída de leito carroçável";"Com Vítimas Feridas";"Plena Noite";"Crescente";"Céu Claro";"Simples";"Curva";"Sim";1;0;1;0;0;0;1;1;-28,30071992;-52,74493672;"SPRF-RS";"DEL08-RS";"UOP01-DEL08-RS"
317147;2020-10-26;"segunda-feira";"01:20:00";"PR";116;97;"SAO JOSE DOS PINHAIS";"Animais na Pista";"Atropelamento de Animal";"Com Vítimas Feridas";"Plena Noite";"Crescente";"Céu Claro";"Dupla";"Reta";"Sim";1;0;0;1;0;0;1;1;-25,54349188;-49,15082775;"SPRF-PR";"DEL01-PR";"UOP01-DEL01-PR"
317148;2020-10-25;"domingo";"19:30:00";"RS";471;165;"RIO PARDO";"Falta de Atenção à Condução";"Saída de leito carroçável";"Sem Vítimas";"Plena Noite";"Crescente";"Céu Claro";"Simples";"Declive";"Não";1;0;0;0;0;1;0;1;-29,89959139;-52,39208221;"SPRF-RS";"DEL02-RS";"UOP03-DEL02-RS"
317149;2020-10-26;"segunda-feira";"02:00:00";"AP";210;3;"MACAPA";"Falta de Atenção à Condução";"Colisão traseira";"Com Vítimas Feridas";"Plena Noite";"Crescente";"Céu Claro";"Dupla";"Retorno Regulamentado";"Sim";1;0;1;0;0;0;1;1;0,08723365;-51,08569007;"SPRF-AP";"DEL01-AP";"UOP01-DEL01-AP"
317150;2020-10-26;"segunda-feira";"01:30:00";"RN";304;307;"PARNAMIRIM";"Ingestão de Álcool";"Capotamento";"Com Vítimas Feridas";"Plena Noite";"Crescente";"Céu Claro";"Dupla";"Reta";"Sim";1;0;1;0;0;0;1;1;-5,8876927;-35,2721949;"SPRF-RN";"DEL01-RN";"UOP01-DEL01-RN"
317151;2020-10-25;"domingo";"20:50:00";"GO";452;84,9;"PORTEIRAO";"Restrição de Visibilidade";"Colisão traseira";"Com Vítimas Feridas";"Plena Noite";"Decrescente";"Nublado";"Simples";"Reta";"Não";3;0;0;1;2;0;1;2;-18,074144;-50,139633;"SPRF-GO";"DEL03-GO";"UOP02-DEL03-GO"
317153;2020-10-26;"segunda-feira";"00:45:00";"RS";290;174,3;"BUTIA";"Falta de Atenção à Condução";"Saída de leito carroçável";"Com Vítimas Feridas";"Plena Noite";"Crescente";"Céu Claro";"Simples";"Interseção de Vias";"Sim";4;0;1;1;2;0;2;1;-30,12903986;-51,95920251;"SPRF-RS";"DEL02-RS";"UOP03-DEL02-RS"
317154;2020-10-26;"segunda-feira";"03:05:00";"SC";101;125,5;"ITAJAI";"Desobediência às normas de trânsito pelo condutor";"Colisão com objeto estático";"Com Vítimas Feridas";"Plena Noite";"Decrescente";"Nublado";"Dupla";"Curva";"Não";2;0;2;0;0;0;2;1;-26,94802427;-48,68338515;"SPRF-SC";"DEL04-SC";"UOP04-DEL04-SC"
317155;2020-10-26;"segunda-feira";"01:55:00";"MG";153;239;"FRONTEIRA";"Animais na Pista";"Atropelamento de Animal";"Com Vítimas Feridas";"Plena Noite";"Decrescente";"Céu Claro";"Simples";"Reta";"Não";1;0;1;0;0;0;1;1;-20,29847332;-49,20614844;"SPRF-MG";"DEL13-MG";"UOP02-DEL13-MG"
317156;2020-10-26;"segunda-feira";"04:40:00";"RN";101;141;"ARES";"Desobediência às normas de trânsito pelo condutor";"Queda de ocupante de veículo";"Com Vítimas Feridas";"Amanhecer";"Decrescente";"Céu Claro";"Dupla";"Reta";"Não";1;0;0;1;0;0;1;1;-6,21554008;-35,21546521;"SPRF-RN";"DEL01-RN";"UOP01-DEL01-RN"
317157;2020-10-26;"segunda-feira";"02:00:00";"PB";104;87,3;"REMIGIO";"Desobediência às normas de trânsito pelo pedestre";"Colisão lateral";"Sem Vítimas";"Plena Noite";"Crescente";"Vento";"Simples";"Reta";"Sim";2;0;0;0;2;0;0;2;-6,96481008;-35,79803462;"SPRF-PB";"DEL02-PB";"UOP04-DEL02-PB"
317158;2020-10-26;"segunda-feira";"04:30:00";"MG";364;0,4;"PLANURA";"Falta de Atenção à Condução";"Colisão frontal";"Com Vítimas Feridas";"Plena Noite";"Crescente";"Céu Claro";"Simples";"Reta";"Não";3;0;2;0;1;0;2;2;-20,15156832;-48,68781611;"SPRF-MG";"DEL13-MG";"UOP02-DEL13-MG"
317159;2020-10-26;"segunda-feira";"05:05:00";"SC";470;67,8;"INDAIAL";"Ingestão de Álcool";"Colisão traseira";"Sem Vítimas";"Amanhecer";"Crescente";"Nublado";"Simples";"Desvio Temporário;Reta;Em Obras";"Sim";2;0;0;0;2;0;0;2;-26,872158;-49,23127;"SPRF-SC";"DEL04-SC";"UOP01-DEL04-SC"
317161;2020-10-25;"domingo";"13:40:00";"GO";153;357,3;"JARAGUA";"Falta de Atenção à Condução";"Colisão lateral";"Com Vítimas Feridas";"Pleno dia";"Crescente";"Nublado";"Simples";"Interseção de Vias";"Sim";3;0;1;0;2;0;1;2;-15,725415;-49,327385;"SPRF-GO";"DEL02-GO";"UOP02-DEL02-GO"