"id";"data_inversa";"dia_semana";"horario";"uf";"br";"km";"municipio";"causa_acidente";"tipo_acidente";"classificacao_acidente";"fase_dia";"sentido_via";"condicao_metereologica";"tipo_pista";"tracado_via";"uso_solo";"pessoas";"mortos";"feridos_leves";"feridos_graves";"ilesos";"ignorados";"feridos";"veiculos";"latitude";"longitude";"regional";"delegacia";"uop"
317162;2020-10-25;"domingo";"21:20:00";"RS";285;566;"SAO LUIZ GONZAGA";"Falta de Atenção à Condução";"Colisão transversal";"Com Vítimas Feridas";"Plena Noite";"Crescente";"Céu Claro";"Simples";"Reta";"Sim";3;0;1;0;1;1;1;2;-28,419132;-54,956936;"SPRF-RS";"DEL10-RS";"UOP01-DEL10-RS"
317164;2020-10-26;"segunda-feira";"05:25:00";"SC";101;247;"PAULO LOPES";"Falta de Atenção à Condução";"Capotamento";"Sem Vítimas";"Amanhecer";"Crescente";"Céu Claro";"Dupla";"Reta";"Não";1;0;0;0;1;0;0;1;-27,91824491;-48,65414317;"SPRF-SC";"DEL02-SC";"UOP03-DEL02-SC"
317167;2020-10-26;"segunda-feira";"01:30:00";"RS";116;95;"SAO MARCOS";"Defeito Mecânico no Veículo";"Incêndio";"Sem Vítimas";"Plena Noite";"Crescente";"Céu Claro";"Simples";"Curva";"Não";1;0;0;0;1;0;0;1;-28,88035499;-51,14594959;"SPRF-RS";"DEL05-RS";"UOP03-DEL05-RS"
317168;2020-06-17;"quarta-feira";"11:10:00";"RN";110;45;"MOSSORO";"Falta de Atenção à Condução";"Colisão transversal";"Com Vítimas Feridas";"Pleno dia";"Decrescente";"Sol";"Simples";"Reta";"Sim";5;0;0;1;0;4;1;3;-5,19676494;-37,31681228;"SPRF-RN";"DEL04-RN";"UOP01-DEL04-RN"
317169;2020-10-26;"segunda-feira";"06:20:00";"RJ";116;95;"GUAPIMIRIM";"Pista Escorregadia";"Colisão frontal";"Com Vítimas Feridas";"Pleno dia";"Crescente";"Céu Claro";"Simples";"Curva";"Não";2;0;1;0;1;0;1;2;-22,47374702;-43,00117923;"SPRF-RJ";"DEL04-RJ";"UOP02-DEL04-RJ"
317171;2020-10-26;"segunda-feira";"05:00:00";"MT";163;1035;"MATUPA";"Ingestão de Álcool";"Queda de ocupante de veículo";"Com Vítimas Feridas";"Amanhecer";"Crescente";"Céu Claro";"Simples";"Reta";"Não";1;0;1;0;0;0;1;1;-10,18396519;-54,9451635;"SPRF-MT";"DEL06-MT";"NPF/DEL06-MT"
317172;2020-10-26;"segunda-feira";"06:30:00";"GO";60;386;"RIO VERDE";"Desobediência às normas de trânsito pelo condutor";"Colisão lateral";"Com Vítimas Feridas";"Pleno dia";"Crescente";"Nublado";"Dupla";"Reta";"Sim";3;0;2;0;1;0;2;2;-17,8029;-50,9205;"SPRF-GO";"DEL04-GO";"UOP01-DEL04-GO"
317174;2020-10-26;"segunda-feira";"06:45:00";"SC";280;47,9;"GUARAMIRIM";"Falta de Atenção à Condução";"Colisão transversal";"Com Vítimas Feridas";"Pleno dia";"Decrescente";"Céu Claro";"Simples";"Reta;Em Obras";"Não";2;0;1;1;0;0;2;2;-26,45353692;-48,917876;"SPRF-SC";"DEL03-SC";"UOP03-DEL03-SC"
317175;2020-10-26;"segunda-feira";"07:00:00";"PB";104;116;"LAGOA SECA";"Falta de Atenção à Condução";"Tombamento";"Com Vítimas Feridas";"Pleno dia";"Decrescente";"Céu Claro";"Simples";"Reta";"Sim";1;0;0;1;0;0;1;1;-7,18022102;-35,86480593;"SPRF-PB";"DEL02-PB";"UOP04-DEL02-PB"
317176;2020-10-26;"segunda-feira";"05:10:00";"RJ";40;113;"DUQUE DE CAXIAS";"Falta de Atenção à Condução";"Capotamento";"Com Vítimas Feridas";"Amanhecer";"Crescente";"Chuva";"Múltipla";"Reta";"Não";1;0;1;0;0;0;1;1;-22,70948502;-43,29040354;"SPRF-RJ";"DEL01-RJ";"UOP01-DEL01-RJ"
317177;2020-10-25;"domingo";"23:00:00";"SP";381;57;"MAIRIPORA";"Velocidade Incompatível";"Saída de leito carroçável";"Com Vítimas Fatais";"Plena Noite";"Decrescente";"Céu Claro";"Dupla";"Retorno Regulamentado";"Não";3;2;1;0;0;0;1;1;-23,2658219;-46,5839857;"SPRF-SP";"DEL03-SP";"UOP01-DEL03-SP"
317179;2020-10-26;"segunda-feira";"00:25:00";"RJ";40;115;"DUQUE DE CAXIAS";"Agressão Externa";"Colisão com objeto estático";"Com Vítimas Feridas";"Plena Noite";"Decrescente";"Céu Claro";"Múltipla";"Reta";"Sim";2;0;1;0;1;0;1;1;-22,72836;-43,28881;"SPRF-RJ";"DEL01-RJ";"UOP01-DEL01-RJ"
317180;2020-10-26;"segunda-feira";"07:30:00";"MG";50;73;"UBERLANDIA";"Falta de Atenção à Condução";"Colisão traseira";"Com Vítimas Feridas";"Pleno dia";"Crescente";"Céu Claro";"Múltipla";"Reta";"Sim";3;0;2;0;1;0;2;2;-18,90121141;-48,23837042;"SPRF-MG";"DEL15-MG";"UOP01-DEL15-MG"
317181;2020-10-26;"segunda-feira";"07:00:00";"RJ";116;82;"TERESOPOLIS";"Pista Escorregadia";"Saída de leito carroçável";"Com Vítimas Feridas";"Pleno dia";"Decrescente";"Nublado";"Simples";"Viaduto";"Não";1;0;1;0;0;0;1;1;-22,4065491;-42,95136745;"SPRF-RJ";"DEL04-RJ";"UOP01-DEL04-RJ"
317182;2020-10-26;"segunda-feira";"07:15:00";"PI";316;30,4;"DEMERVAL LOBAO";"Falta de Atenção à Condução";"Saída de leito carroçável";"Com Vítimas Feridas";"Pleno dia";"Decrescente";"Céu Claro";"Simples";"Curva";"Não";2;0;2;0;0;0;2;1;-5,33309;-42,69755301;"SPRF-PI";"DEL01-PI";"UOP02-DEL01-PI"
317183;2020-10-26;"segunda-feira";"07:18:00";"SC";101;158,4;"PORTO BELO";"Falta de Atenção à Condução";"Colisão transversal";"Com Vítimas Feridas";"Pleno dia";"Crescente";"Nublado";"Dupla";"Reta";"Não";2;0;2;0;0;0;2;2;-27,19096301;-48,61259017;"SPRF-SC";"DEL04-SC";"UOP03-DEL04-SC"
317187;2020-10-26;"segunda-feira";"07:25:00";"SC";101;332,2;"TUBARAO";"Desobediência às normas de trânsito pelo condutor";"Colisão traseira";"Com Vítimas Feridas";"Pleno dia";"Crescente";"Sol";"Dupla";"Reta";"Sim";3;0;2;0;1;0;2;2;-28,467738;-49,001866;"SPRF-SC";"DEL02-SC";"UOP01-DEL02-SC"
317188;2020-10-25;"domingo";"19:00:00";"RO";364;601,4;"ITAPUA DO OESTE";"Sinalização da via insuficiente ou inadequada";"Colisão com objeto estático";"Com Vítimas Feridas";"Anoitecer";"Crescente";"Nublado";"Simples";"Rotatória";"Não";1;0;1;0;0;0;1;1;-9,213643;-63,17362;"SPRF-RO";"DEL01-RO";"UOP04-DEL01-RO"
317189;2020-10-26;"segunda-feira";"07:30:00";"ES";262;46,7;"MARECHAL FLORIANO";"Desobediência às normas de trânsito pelo condutor";"Colisão transversal";"Com Vítimas Feridas";"Pleno dia";"Decrescente";"Nublado";"Simples";"Interseção de Vias";"Sim";3;0;0;2;1;0;2;2;-20,40565705;-40,67280081;"SPRF-ES";"DEL01-ES";"UOP01-DEL01-ES"
317191;2020-10-26;"segunda-feira";"01:25:00";"RO";364;341;"JI-PARANA";"Falta de Atenção à Condução";"Queda de ocupante de veículo";"Com Vítimas Feridas";"Plena Noite";"Decrescente";"Céu Claro";"Simples";"Curva";"Sim";1;0;1;0;0;0;1;1;-10,88987987;-61,93126772;"SPRF-RO";"DEL02-RO";"UOP01-DEL02-RO"
317192;2020-10-26;"segunda-feira";"06:50:00";"RO";364;703;"PORTO VELHO";"Desobediência às normas de trânsito pelo condutor";"Colisão transversal";"Com Vítimas Feridas";"Pleno dia";"Decrescente";"Céu Claro";"Dupla";"Reta";"Não";2;0;1;0;1;0;1;2;-8,80050501;-63,80170584;"SPRF-RO";"DEL01-RO";"UOP01-DEL01-RO"
317194;2020-10-26;"segunda-feira";"07:10:00";"SC";101;212;"PALHOCA";"Falta de Atenção à Condução";"Tombamento";"Com Vítimas Feridas";"Pleno dia";"Decrescente";"Nublado";"Múltipla";"Reta";"Sim";1;0;1;0;0;0;1;1;-27,62996929;-48,65903871;"SPRF-SC";"DEL01-SC";"UOP02-DEL01-SC"
317195;2020-10-26;"segunda-feira";"08:15:00";"PR";277;107,2;"CAMPO LARGO";"Falta de Atenção à Condução";"Saída de leito carroçável";"Com Vítimas Feridas";"Pleno dia";"Decrescente";"Céu Claro";"Dupla";"Curva";"Sim";4;0;3;0;1;0;3;1;-25,47157895;-49,35341791;"SPRF-PR";"DEL01-PR";"UOP01-DEL01-PR"
317196;2020-10-26;"segunda-feira";"07:35:00";"SC";101;131;"BALNEARIO CAMBORIU";"Falta de Atenção à Condução";"Colisão traseira";"Com Vítimas Feridas";"Pleno dia";"Decrescente";"Nublado";"Dupla";"Reta";"Sim";2;0;0;1;1;0;1;2;-26,99064209;-48,66310912;"SPRF-SC";"DEL04-SC";"UOP03-DEL04-SC"
317197;2020-10-26;"segunda-feira";"07:10:00";"RJ";101;195;"CASIMIRO DE ABREU";"Avarias e/ou desgaste excessivo no pneu";"Colisão com objeto estático";"Com Vítimas Feridas";"Amanhecer";"Decrescente";"Chuva";"Dupla";"Curva";"Não";3;0;1;0;2;0;1;1;-22,49220783;-42,10020136;"SPRF-RJ";"DEL08-RJ";"UOP04-DEL08-RJ"
317199;2020-10-26;"segunda-feira";"07:53:00";"SP";116;134,4;"SAO JOSE DOS CAMPOS";"Falta de Atenção à Condução";"Colisão traseira";"Com Vítimas Feridas";"Pleno dia";"Crescente";"Nublado";"Dupla";"Aclive;Reta";"Não";2;0;0;1;1;0;1;2;-23,1402216;-45,7617252;"SPRF-SP";"DEL06-SP";"UOP01-DEL06-SP"
317201;2020-10-26;"segunda-feira";"09:00:00";"SC";101;210,5;"SAO JOSE";"Falta de Atenção à Condução";"Tombamento";"Com Vítimas Feridas";"Pleno dia";"Decrescente";"Nublado";"Dupla";"Reta";"Sim";2;0;0;1;0;1;1;2;-27,6167305;-48,6457265;"SPRF-SC";"DEL01-SC";"UOP01-DEL01-SC"
317202;2020-10-26;"segunda-feira";"08:45:00";"SC";101;216,3;"PALHOCA";"Falta de Atenção à Condução";"Colisão lateral";"Com Vítimas Feridas";"Pleno dia";"Decrescente";"Céu Claro";"Múltipla";"Reta";"Sim";2;0;1;0;1;0;1;2;-27,65981409;-48,67747798;"SPRF-SC";"DEL01-SC";"UOP02-DEL01-SC"
317203;2020-10-26;"segunda-feira";"08:00:00";"MG";381;496;"BETIM";"Agressão Externa";"Colisão lateral";"Com Vítimas Feridas";"Pleno dia";"Decrescente";"Céu Claro";"Dupla";"Reta";"Sim";2;0;1;0;1;0;1;2;-19,99676497;-44,20958506;"SPRF-MG";"DEL01-MG";"UOP03-DEL01-MG"
317204;2020-10-26;"segunda-feira";"09:15:00";"ES";101;459,7;"MIMOSO DO SUL";"Velocidade Incompatível";"Colisão com objeto estático";"Com Vítimas Feridas";"Pleno dia";"Crescente";"Céu Claro";"Simples";"Curva";"Não";2;0;2;0;0;0;2;1;-21,21085997;-41,29896489;"SPRF-ES";"DEL03-ES";"UOP02-DEL03-ES"
317208;2020-10-26;"segunda-feira";"07:10:00";"MG";381;456;"BELO HORIZONTE";"Falta de Atenção à Condução";"Tombamento";"Com Vítimas Feridas";"Pleno dia";"Crescente";"Céu Claro";"Dupla";"Reta";"Sim";2;0;1;0;1;0;1;2;-19,85862954;-43,91292495;"SPRF-MG";"DEL01-MG";"UOP01-DEL01-MG"
317210;2020-10-26;"segunda-feira";"09:30:00";"MG";40;752;"EWBANK DA CAMARA";"Ultrapassagem Indevida";"Saída de leito carroçável";"Com Vítimas Feridas";"Pleno dia";"Crescente";"Céu Claro";"Simples";"Reta";"Não";2;0;2;0;0;0;2;1;-21,54414285;-43,5117054;"SPRF-MG";"DEL05-MG";"UOP01-DEL05-MG"
317211;2020-10-26;"segunda-feira";"09:30:00";"SC";101;40,4;"JOINVILLE";"Falta de Atenção à Condução";"Colisão traseira";"Sem Vítimas";"Pleno dia";"Crescente";"Nublado";"Dupla";"Aclive";"Sim";2;0;0;0;2;0;0;2;-26,31126613;-48,87748718;"SPRF-SC";"DEL03-SC";"UOP01-DEL03-SC"
317214;2020-10-26;"segunda-feira";"10:20:00";"BA";101;479;"ITAJUIPE";"Velocidade Incompatível";"Capotamento";"Com Vítimas Feridas";"Pleno dia";"Crescente";"Chuva";"Simples";"Curva";"Não";2;0;1;0;1;0;1;1;-14,64471105;-39,33654785;"SPRF-BA";"DEL05-BA";"UOP01-DEL05-BA"
317215;2020-10-26;"segunda-feira";"10:00:00";"GO";153;515;"APARECIDA DE GOIANIA";"Defeito Mecânico no Veículo";"Tombamento";"Com Vítimas Feridas";"Pleno dia";"Decrescente";"Nublado";"Dupla";"Reta;Retorno Regulamentado";"Sim";1;0;1;0;0;0;1;1;-16,8413;-49,2454;"SPRF-GO";"DEL01-GO";"UOP03-DEL01-GO"
317216;2020-10-26;"segunda-feira";"08:30:00";"RS";285;356,3;"CARAZINHO";"Velocidade Incompatível";"Saída de leito carroçável";"Com Vítimas Feridas";"Pleno dia";"Crescente";"Chuva";"Simples";"Reta";"Não";3;0;1;0;2;0;1;1;-28,349371;-52,944382;"SPRF-RS";"DEL08-RS";"UOP03-DEL08-RS"
317217;2020-10-26;"segunda-feira";"09:40:00";"RS";290;204,8;"RIO PARDO";"Mal Súbito";"Tombamento";"Com Vítimas Feridas";"Pleno dia";"Crescente";"Chuva";"Simples";"Reta";"Não";1;0;1;0;0;0;1;1;-30,17125008;-52,27294922;"SPRF-RS";"DEL02-RS";"UOP03-DEL02-RS"
317219;2020-10-26;"segunda-feira";"10:15:00";"PR";163;254;"TOLEDO";"Velocidade Incompatível";"Capotamento";"Com Vítimas Feridas";"Pleno dia";"Crescente";"Céu Claro";"Dupla";"Curva";"Não";1;0;1;0;0;0;1;1;-24,6887364;-53,76846121;"SPRF-PR";"DEL06-PR";"UOP02-DEL06-PR"
317220;2020-10-26;"segunda-feira";"10:50:00";"PR";277;40;"MORRETES";"Defeito Mecânico no Veículo";"Incêndio";"Sem Vítimas";"Pleno dia";"Crescente";"Céu Claro";"Múltipla";"Curva";"Não";1;0;0;0;1;0;0;1;-25,57368831;-48,82659689;"SPRF-PR";"DEL01-PR";"UOP05-DEL01-PR"
317221;2020-10-26;"segunda-feira";"11:20:00";"RS";386;335,3;"LAJEADO";"Defeito Mecânico no Veículo";"Saída de leito carroçável";"Com Vítimas Feridas";"Pleno dia";"Decrescente";"Garoa/Chuvisco";"Simples";"Reta";"Não";1;0;1;0;0;0;1;1;-29,385532;-52,052769;"SPRF-RS";"DEL04-RS";"UOP01-DEL04-RS"
317222;2020-10-26;"segunda-feira";"11:30:00";"GO";40;11,5;"VALPARAISO DE GOIAS";"Falta de Atenção do Pedestre";"Atropelamento de Pedestre";"Com Vítimas Feridas";"Pleno dia";"Decrescente";"Céu Claro";"Dupla";"Reta";"Sim";3;0;0;1;1;1;1;2;-16,138336;-47,951644;"SPRF-DF";"DEL01-DF";"UOP01-DEL01-DF"
317224;2020-10-26;"segunda-feira";"11:00:00";"RJ";101;262;"RIO BONITO";"Pista Escorregadia";"Tombamento";"Com Vítimas Feridas";"Pleno dia";"Decrescente";"Chuva";"Dupla";"Curva";"Sim";1;0;1;0;0;0;1;1;-22,71367506;-42,62052996;"SPRF-RJ";"DEL02-RJ";"UOP03-DEL02-RJ"
317225;2020-10-26;"segunda-feira";"11:40:00";"PR";272;370;"CAMPO MOURAO";"Falta de Atenção à Condução";"Saída de leito carroçável";"Com Vítimas Feridas";"Pleno dia";"Decrescente";"Chuva";"Simples";"Curva";"Não";1;0;0;1;0;0;1;1;-24,06272964;-52,42813416;"SPRF-PR";"DEL09-PR";"UOP03-DEL09-PR"
317226;2020-10-26;"segunda-feira";"11:40:00";"DF";70;10;"BRASILIA";"Ingestão de Álcool";"Colisão lateral";"Sem Vítimas";"Pleno dia";"Crescente";"Céu Claro";"Dupla";"Reta";"Sim";3;0;0;0;3;0;0;2;-15,787066;-48,140709;"SPRF-DF";"DEL03-DF";"UOP02-DEL03-DF"
317228;2020-10-26;"segunda-feira";"11:45:00";"SC";101;117,3;"ITAJAI";"Desobediência às normas de trânsito pelo condutor";"Colisão transversal";"Com Vítimas Feridas";"Pleno dia";"Decrescente";"Nublado";"Simples";"Rotatória;Reta;Interseção de Vias";"Sim";2;0;1;0;1;0;1;2;-26,88747187;-48,72252969;"SPRF-SC";"DEL04-SC";"UOP04-DEL04-SC"
317233;2020-10-26;"segunda-feira";"12:30:00";"PE";101;41;"IGARASSU";"Falta de Atenção à Condução";"Colisão lateral";"Com Vítimas Feridas";"Pleno dia";"Crescente";"Sol";"Dupla";"Curva";"Sim";3;0;2;0;1;0;2;2;-7,83038346;-34,91426785;"SPRF-PE";"DEL01-PE";"UOP02-DEL01-PE"
317234;2020-10-26;"segunda-feira";"12:40:00";"PR";376;153,9;"PRESIDENTE CASTELO BRANCO";"Fenômenos da Natureza";"Saída de leito carroçável";"Com Vítimas Feridas";"Plena Noite";"Decrescente";"Chuva";"Dupla";"Reta";"Não";1;0;1;0;0;0;1;1;-23,32908302;-52,11162178;"SPRF-PR";"DEL09-PR";"UOP01-DEL09-PR"
317239;2020-10-26;"segunda-feira";"12:40:00";"SC";101;296;"IMBITUBA";"Desobediência às normas de trânsito pelo condutor";"Colisão traseira";"Com Vítimas Feridas";"Pleno dia";"Crescente";"Céu Claro";"Simples";"Interseção de Vias";"Não";2;0;2;0;0;0;2;2;-28,30563701;-48,72103898;"SPRF-SC";"DEL02-SC";"UOP03-DEL02-SC"
317240;2020-10-26;"segunda-feira";"07:30:00";"ES";101;69,9;"SAO MATEUS";"Animais na Pista";"Atropelamento de Animal";"Com Vítimas Feridas";"Pleno dia";"Crescente";"Nublado";"Simples";"Reta";"Não";1;0;1;0;0;0;1;1;-18,73556097;-39,86069526;"SPRF-ES";"DEL04-ES";"UOP02-DEL04-ES"
317242;2020-10-26;"segunda-feira";"10:35:00";"MT";70;520;"VARZEA GRANDE";"Desobediência às normas de trânsito pelo condutor";"Colisão transversal";"Com Vítimas Feridas";"Pleno dia";"Decrescente";"Céu Claro";"Simples";"Reta";"Sim";2;0;1;0;1;0;1;2;-15,68882331;-56,16991997;"SPRF-MT";"DEL01-MT";"UOP02-DEL01-MT"
317243;2020-10-06;"terça-feira";"18:30:00";"SC";101;114;"ITAJAI";"Falta de Atenção à Condução";"Colisão lateral";"Com Vítimas Feridas";"Anoitecer";"Crescente";"Ignorado";"Múltipla";"Reta";"Não";2;0;1;0;1;0;1;2;-26,86192886;-48,7286704;"SPRF-SC";"DEL04-SC";"UOP04-DEL04-SC"
317244;2020-10-26;"segunda-feira";"13:05:00";"PR";369;150;"LONDRINA";"Não guardar distância de segurança";"Colisão traseira";"Com Vítimas Feridas";"Pleno dia";"Crescente";"Nublado";"Dupla";"Reta";"Sim";2;0;1;0;1;0;1;2;-23,29279598;-51,16250396;"SPRF-PR";"DEL07-PR";"UOP01-DEL07-PR"
317245;2020-10-26;"segunda-feira";"12:40:00";"GO";414;436,9;"ANAPOLIS";"Ingestão de Álcool";"Colisão lateral";"Com Vítimas Feridas";"Pleno dia";"Decrescente";"Chuva";"Simples";"Reta";"Sim";2;0;1;0;1;0;1;2;-16,25482505;-48,9361188;"SPRF-GO";"DEL02-GO";"UOP01-DEL02-GO"
317246;2020-10-26;"segunda-feira";"12:00:00";"BA";101;908;"IBIRAPUA";"Falta de Atenção à Condução";"Colisão frontal";"Com Vítimas Feridas";"Pleno dia";"Crescente";"Sol";"Simples";"Reta";"Não";2;0;1;0;1;0;1;2;-17,79571568;-39,78096139;"SPRF-BA";"DEL09-BA";"UOP02-DEL09-BA"
317247;2020-10-26;"segunda-feira";"12:25:00";"RJ";101;306;"SAO GONCALO";"Falta de Atenção à Condução";"Colisão traseira";"Com Vítimas Feridas";"Pleno dia";"Crescente";"Céu Claro";"Dupla";"Reta";"Sim";2;0;1;0;1;0;1;2;-22,78913759;-43,00550909;"SPRF-RJ";"DEL02-RJ";"UOP02-DEL02-RJ"
317249;2020-09-28;"segunda-feira";"13:25:00";"PE";407;125;"PETROLINA";"Desobediência às normas de trânsito pelo condutor";"Colisão lateral";"Com Vítimas Feridas";"Pleno dia";"Crescente";"Céu Claro";"Dupla";"Reta";"Sim";2;0;1;0;0;1;1;2;-9,37846041;-40,53526547;"SPRF-PE";"DEL06-PE";"UOP01-DEL06-PE"
317250;2020-10-11;"domingo";"14:50:00";"ES";101;312;"VILA VELHA";"Falta de Atenção à Condução";"Queda de ocupante de veículo";"Com Vítimas Feridas";"Pleno dia";"Crescente";"Nublado";"Simples";"Reta";"Não";2;0;1;1;0;0;2;1;-20,443811;-40,460402;"SPRF-ES";"DEL01-ES";"UOP01-DEL01-ES"
317252;2020-10-25;"domingo";"19:40:00";"MT";70;6;"BARRA DO GARCAS";"Falta de Atenção à Condução";"Queda de ocupante de veículo";"Com Vítimas Feridas";"Plena Noite";"Decrescente";"Nublado";"Dupla";"Reta";"Sim";1;0;1;0;0;0;1;1;-15,878268;-52,306705;"SPRF-MT";"DEL07-MT";"UOP01-DEL07-MT"
317257;2020-10-10;"sábado";"14:00:00";"RJ";465;22;"RIO DE JANEIRO";"Desobediência às normas de trânsito pelo condutor";"Colisão transversal";"Com Vítimas Feridas";"Pleno dia";"Crescente";"Nublado";"Simples";"Reta";"Sim";4;0;3;0;1;0;3;2;-22,863579;-43,601479;"SPRF-RJ";"DEL03-RJ";"UOP01-DEL03-RJ"
317259;2020-10-26;"segunda-feira";"10:30:00";"ES";101;2,1;"ICONHA";"Avarias e/ou desgaste excessivo no pneu";"Tombamento";"Com Vítimas Feridas";"Pleno dia";"Decrescente";"Garoa/Chuvisco";"Dupla";"Curva";"Não";2;0;2;0;0;0;2;1;-20,79354;-40,811462;"SPRF-ES";"DEL03-ES";"UOP01-DEL03-ES"
317260;2020-10-03;"sábado";"14:50:00";"MA";135;98;"ITAPECURU MIRIM";"Desobediência às normas de trânsito pelo condutor";"Tombamento";"Com Vítimas Fatais";"Pleno dia";"Crescente";"Céu Claro";"Simples";"Reta";"Não";2;1;0;0;0;1;0;2;-3,348353;-44,46035;"SPRF-MA";"DEL01-MA";"UOP02-DEL01-MA"
317263;2020-10-26;"segunda-feira";"13:30:00";"RJ";493;97;"SEROPEDICA";"Defeito Mecânico no Veículo";"Incêndio";"Sem Vítimas";"Pleno dia";"Decrescente";"Céu Claro";"Dupla";"Reta";"Não";1;0;0;0;1;0;0;1;-22,71570671;-43,7053299;"SPRF-RJ";"DEL03-RJ";"UOP01-DEL03-RJ"
317264;2020-10-26;"segunda-feira";"14:50:00";"RN";101;84,9;"SAO GONCALO DO AMARANTE";"Falta de Atenção à Condução";"Colisão lateral";"Com Vítimas Feridas";"Pleno dia";"Crescente";"Céu Claro";"Simples";"Viaduto";"Sim";1;0;1;0;0;0;1;1;-5,774175;-35,2578;"SPRF-RN";"DEL02-RN";"UOP01-DEL02-RN"
317266;2020-10-26;"segunda-feira";"15:00:00";"BA";116;443;"ANTONIO CARDOSO";"Defeito Mecânico no Veículo";"Capotamento";"Com Vítimas Feridas";"Pleno dia";"Decrescente";"Nublado";"Dupla";"Reta";"Não";3;0;3;0;0;0;3;1;-12,33997417;-39,08151468;"SPRF-BA";"DEL02-BA";"UOP01-DEL02-BA"
317268;2020-10-26;"segunda-feira";"12:00:00";"RS";287;494;"SAO BORJA";"Pista Escorregadia";"Saída de leito carroçável";"Sem Vítimas";"Pleno dia";"Crescente";"Chuva";"Simples";"Reta";"Não";2;0;0;0;2;0;0;1;-28,88116793;-55,66847893;"SPRF-RS";"DEL12-RS";"UOP01-DEL12-RS"
317269;2020-10-26;"segunda-feira";"15:10:00";"SP";116;228;"SAO PAULO";"Falta de Atenção à Condução";"Colisão traseira";"Com Vítimas Feridas";"Pleno dia";"Crescente";"Nublado";"Múltipla";"Aclive";"Sim";3;0;1;0;2;0;1;2;-23,50343484;-46,56638712;"SPRF-SP";"DEL01-SP";"UOP01-DEL01-SP"
317271;2020-10-26;"segunda-feira";"15:40:00";"CE";222;56;"SAO GONCALO DO AMARANTE";"Defeito Mecânico no Veículo";"Tombamento";"Com Vítimas Feridas";"Pleno dia";"Decrescente";"Céu Claro";"Simples";"Reta";"Não";2;0;2;0;0;0;2;1;-3,6696788;-39,04523401;"SPRF-CE";"DEL01-CE";"UOP03-DEL01-CE"
317272;2020-10-26;"segunda-feira";"14:30:00";"RJ";101;214;"SILVA JARDIM";"Falta de Atenção à Condução";"Saída de leito carroçável";"Com Vítimas Feridas";"Pleno dia";"Crescente";"Nublado";"Dupla";"Reta";"Não";1;0;1;0;0;0;1;1;-22,49876081;-42,26744726;"SPRF-RJ";"DEL08-RJ";"UOP04-DEL08-RJ"
317273;2020-10-26;"segunda-feira";"15:40:00";"SP";116;327;"JUQUITIBA";"Falta de Atenção à Condução";"Colisão com objeto estático";"Com Vítimas Feridas";"Pleno dia";"Crescente";"Céu Claro";"Dupla";"Curva";"Não";3;0;1;1;1;0;2;2;-23,93596456;-47,07098892;"SPRF-SP";"DEL04-SP";"UOP01-DEL04-SP"
317276;2020-10-26;"segunda-feira";"15:00:00";"MS";158;140,7;"APARECIDA DO TABOADO";"Pista Escorregadia";"Saída de leito carroçável";"Com Vítimas Feridas";"Pleno dia";"Crescente";"Chuva";"Simples";"Curva";"Não";1;0;1;0;0;0;1;1;-20,03489795;-51,1155068;"SPRF-MS";"DEL08-MS";"UOP01-DEL08-MS"
317278;2020-10-26;"segunda-feira";"16:00:00";"PA";230;114;"MARABA";"Não guardar distância de segurança";"Engavetamento";"Sem Vítimas";"Anoitecer";"Crescente";"Céu Claro";"Simples";"Reta";"Sim";3;0;0;0;3;0;0;3;-5,36466678;-49,06623294;"SPRF-PA";"DEL03-PA";"UOP01-DEL03-PA"
317280;2020-10-26;"segunda-feira";"15:50:00";"PE";232;329,9;"CUSTODIA";"Falta de Atenção à Condução";"Queda de ocupante de veículo";"Com Vítimas Feridas";"Pleno dia";"Crescente";"Céu Claro";"Simples";"Reta";"Não";1;0;0;1;0;0;1;1;-8,0900018;-37,609485;"SPRF-PE";"DEL03-PE";"UOP02-DEL03-PE"
317281;2020-10-24;"sábado";"19:50:00";"RO";364;15;"VILHENA";"Falta de Atenção à Condução";"Saída de leito carroçável";"Com Vítimas Feridas";"Plena Noite";"Crescente";"Chuva";"Dupla";"Rotatória";"Sim";4;0;1;0;0;3;1;2;-12,73672751;-60,14804088;"SPRF-RO";"DEL04-RO";"UOP01-DEL04-RO"
317282;2020-10-26;"segunda-feira";"15:40:00";"PR";376;600,2;"CURITIBA";"Não guardar distância de segurança";"Colisão traseira";"Sem Vítimas";"Pleno dia";"Crescente";"Nublado";"Dupla";"Reta";"Sim";2;0;0;0;2;0;0;2;-25,53195602;-49,32205901;"SPRF-PR";"DEL01-PR";"UOP01-DEL01-PR"
317283;2020-08-19;"quarta-feira";"15:50:00";"MG";116;415,3;"GOVERNADOR VALADARES";"Não guardar distância de segurança";"Tombamento";"Com Vítimas Feridas";"Pleno dia";"Decrescente";"Céu Claro";"Simples";"Ponte;Reta";"Sim";3;0;0;1;2;0;1;2;-18,88395498;-41,94953442;"SPRF-MG";"DEL06-MG";"UOP01-DEL06-MG"