"id";"data_inversa";"dia_semana";"horario";"uf";"br";"km";"municipio";"causa_acidente";"tipo_acidente";"classificacao_acidente";"fase_dia";"sentido_via";"condicao_metereologica";"tipo_pista";"tracado_via";"uso_solo";"pessoas";"mortos";"feridos_leves";"feridos_graves";"ilesos";"ignorados";"feridos";"veiculos";"latitude";"longitude";"regional";"delegacia";"uop"
317416;2020-10-27;"terça-feira";"11:20:00";"SC";101;259,6;"PAULO LOPES";"Velocidade Incompatível";"Saída de leito carroçável";"Com Vítimas Feridas";"Pleno dia";"Decrescente";"Chuva";"Simples";"Aclive";"Não";2;0;1;1;0;0;2;1;-28,013062;-48,695152;"SPRF-SC";"DEL02-SC";"UOP03-DEL02-SC"
317417;2020-10-27;"terça-feira";"11:20:00";"MG";50;106,8;"UBERABA";"Velocidade Incompatível";"Saída de leito carroçável";"Com Vítimas Feridas";"Pleno dia";"Decrescente";"Céu Claro";"Dupla";"Reta";"Não";1;0;1;0;0;0;1;1;-19,18854094;-48,15509282;"SPRF-MG";"DEL13-MG";"UOP01-DEL13-MG"
317418;2020-06-21;"domingo";"19:10:00";"PA";230;120;"MARABA";"Falta de Atenção à Condução";"Colisão lateral";"Com Vítimas Feridas";"Plena Noite";"Decrescente";"Ignorado";"Dupla";"Ponte";"Sim";2;0;1;1;0;0;2;2;-5,35706422;-49,12299931;"SPRF-PA";"DEL03-PA";"UOP01-DEL03-PA"
317421;2020-10-27;"terça-feira";"12:50:00";"BA";116;16,6;"VITORIA DA CONQUISTA";"Desobediência às normas de trânsito pelo condutor";"Colisão transversal";"Com Vítimas Feridas";"Pleno dia";"Decrescente";"Nublado";"Simples";"Interseção de Vias";"Não";3;0;2;0;1;0;2;2;-14,851;-40,8485;"SPRF-BA";"DEL08-BA";"UOP01-DEL08-BA"
317423;2020-10-27;"terça-feira";"11:30:00";"MT";70;279;"PRIMAVERA DO LESTE";"Desobediência às normas de trânsito pelo condutor";"Colisão transversal";"Com Vítimas Feridas";"Pleno dia";"Decrescente";"Céu Claro";"Simples";"Reta";"Sim";2;0;0;1;0;1;1;2;-15,5590689;-54,28878402;"SPRF-MT";"DEL05-MT";"UOP01-DEL05-MT"
317424;2020-10-26;"segunda-feira";"15:30:00";"PI";135;418;"REDENCAO DO GURGUEIA";"Defeito na Via";"Saída de leito carroçável";"Com Vítimas Feridas";"Pleno dia";"Decrescente";"Céu Claro";"Simples";"Reta";"Não";2;0;1;1;0;0;2;1;-9,47013672;-44,68840703;"SPRF-PI";"DEL03-PI";"UOP02-DEL03-PI"
317426;2020-10-27;"terça-feira";"08:30:00";"PA";230;114;"MARABA";"Falta de Atenção à Condução";"Engavetamento";"Sem Vítimas";"Pleno dia";"Crescente";"Céu Claro";"Simples";"Reta";"Não";3;0;0;0;2;1;0;3;-5,36466678;-49,06623294;"SPRF-PA";"DEL03-PA";"UOP01-DEL03-PA"
317427;2020-10-27;"terça-feira";"12:30:00";"BA";101;525;"BUERAREMA";"Falta de Atenção à Condução";"Colisão traseira";"Sem Vítimas";"Pleno dia";"Decrescente";"Nublado";"Simples";"Interseção de Vias";"Sim";3;0;0;0;3;0;0;2;-14,95701633;-39,30663586;"SPRF-BA";"DEL05-BA";"UOP01-DEL05-BA"
317428;2020-10-27;"terça-feira";"06:15:00";"RS";290;198,5;"RIO PARDO";"Condutor Dormindo";"Saída de leito carroçável";"Sem Vítimas";"Amanhecer";"Crescente";"Nublado";"Simples";"Reta";"Não";1;0;0;0;0;1;0;1;-30,17050805;-52,21630096;"SPRF-RS";"DEL02-RS";"UOP03-DEL02-RS"
317429;2020-10-27;"terça-feira";"14:20:00";"BA";324;543;"AMELIA RODRIGUES";"Velocidade Incompatível";"Saída de leito carroçável";"Com Vítimas Feridas";"Pleno dia";"Decrescente";"Sol";"Dupla";"Reta";"Sim";2;0;1;1;0;0;2;1;-12,410451;-38,752144;"SPRF-BA";"DEL01-BA";"UOP03-DEL01-BA"
317431;2020-10-27;"terça-feira";"14:50:00";"PB";101;54;"SANTA RITA";"Defeito Mecânico no Veículo";"Saída de leito carroçável";"Com Vítimas Feridas";"Pleno dia";"Decrescente";"Céu Claro";"Dupla";"Reta";"Não";1;0;1;0;0;0;1;1;-6,95396379;-35,09058058;"SPRF-PB";"DEL01-PB";"UOP04-DEL01-PB"
317432;2020-10-27;"terça-feira";"14:00:00";"SP";116;273;"TABOAO DA SERRA";"Desobediência às normas de trânsito pelo condutor";"Colisão traseira";"Com Vítimas Feridas";"Pleno dia";"Decrescente";"Sol";"Dupla";"Reta";"Sim";3;0;2;0;1;0;2;2;-23,62809795;-46,81870306;"SPRF-SP";"DEL04-SP";"UOP01-DEL04-SP"
317435;2020-10-27;"terça-feira";"14:40:00";"MS";163;275;"DOURADOS";"Avarias e/ou desgaste excessivo no pneu";"Tombamento";"Com Vítimas Feridas";"Pleno dia";"Crescente";"Céu Claro";"Dupla";"Reta";"Não";2;0;2;0;0;0;2;1;-22,1666872;-54,65611485;"SPRF-MS";"DEL04-MS";"UOP01-DEL04-MS"
317437;2020-10-27;"terça-feira";"14:10:00";"BA";135;118,7;"RIACHAO DAS NEVES";"Ultrapassagem Indevida";"Colisão frontal";"Com Vítimas Feridas";"Pleno dia";"Crescente";"Chuva";"Simples";"Reta";"Não";3;0;1;0;1;1;1;3;-11,711474;-44,889376;"SPRF-BA";"DEL10-BA";"UOP01-DEL10-BA"
317438;2020-10-27;"terça-feira";"14:50:00";"MT";70;7,5;"BARRA DO GARCAS";"Falta de Atenção à Condução";"Colisão transversal";"Com Vítimas Feridas";"Pleno dia";"Decrescente";"Sol";"Simples";"Reta";"Sim";2;0;1;0;1;0;1;2;-15,878143;-52,316788;"SPRF-MT";"DEL07-MT";"UOP01-DEL07-MT"
317439;2020-10-22;"quinta-feira";"00:35:00";"MS";60;199;"CAMAPUA";"Falta de Atenção à Condução";"Saída de leito carroçável";"Com Vítimas Feridas";"Plena Noite";"Decrescente";"Céu Claro";"Simples";"Curva";"Sim";1;0;0;1;0;0;1;1;-19,54532315;-54,0428917;"SPRF-MS";"DEL06-MS";"UOP02-DEL06-MS"
317440;2020-10-17;"sábado";"18:30:00";"MT";163;754;"SORRISO";"Falta de Atenção à Condução";"Colisão transversal";"Com Vítimas Feridas";"Anoitecer";"Decrescente";"Nublado";"Dupla";"Reta";"Sim";3;0;1;0;2;0;1;2;-12,543338;-55,708676;"SPRF-MT";"DEL06-MT";"UOP01-DEL06-MT"
317441;2020-10-27;"terça-feira";"15:15:00";"BA";242;228;"ITABERABA";"Desobediência às normas de trânsito pelo condutor";"Colisão transversal";"Com Vítimas Feridas";"Pleno dia";"Decrescente";"Céu Claro";"Simples";"Reta";"Não";1;0;1;0;0;0;1;1;-12,50967497;-40,304176;"SPRF-BA";"DEL06-BA";"UOP02-DEL06-BA"
317443;2020-10-24;"sábado";"02:50:00";"MG";116;76,2;"MEDINA";"Pista Escorregadia";"Tombamento";"Com Vítimas Feridas";"Plena Noite";"Decrescente";"Chuva";"Simples";"Curva";"Não";4;0;2;1;1;0;3;1;-16,25247313;-41,47027228;"SPRF-MG";"DEL11-MG";"UOP02-DEL11-MG"
317444;2020-10-27;"terça-feira";"17:00:00";"RJ";40;68;"PETROPOLIS";"Falta de Atenção à Condução";"Saída de leito carroçável";"Com Vítimas Feridas";"Pleno dia";"Decrescente";"Céu Claro";"Dupla";"Curva";"Não";1;0;1;0;0;0;1;1;-22,4381808;-43,18488009;"SPRF-RJ";"DEL06-RJ";"UOP01-DEL06-RJ"
317445;2020-10-13;"terça-feira";"21:30:00";"SC";101;321;"PESCARIA BRAVA";"Falta de Atenção à Condução";"Colisão com objeto estático";"Com Vítimas Feridas";"Plena Noite";"Crescente";"Céu Claro";"Dupla";"Reta";"Não";1;0;0;1;0;0;1;1;-28,42532339;-48,8919091;"SPRF-SC";"DEL02-SC";"UOP01-DEL02-SC"
317447;2020-10-27;"terça-feira";"17:00:00";"RS";287;250;"SANTA MARIA";"Falta de Atenção à Condução";"Colisão transversal";"Com Vítimas Feridas";"Pleno dia";"Crescente";"Céu Claro";"Simples";"Reta";"Não";2;0;1;0;1;0;1;2;-29,69077137;-53,87064812;"SPRF-RS";"DEL09-RS";"UOP01-DEL09-RS"
317449;2020-10-19;"segunda-feira";"20:45:00";"SC";101;133,9;"BALNEARIO CAMBORIU";"Velocidade Incompatível";"Colisão traseira";"Com Vítimas Feridas";"Plena Noite";"Decrescente";"Céu Claro";"Múltipla";"Reta";"Sim";3;0;1;0;1;1;1;3;-26,99936;-48,64609;"SPRF-SC";"DEL04-SC";"UOP03-DEL04-SC"
317451;2020-10-27;"terça-feira";"17:00:00";"MG";40;658;"CARANDAI";"Velocidade Incompatível";"Colisão com objeto estático";"Com Vítimas Feridas";"Pleno dia";"Decrescente";"Chuva";"Simples";"Reta";"Não";2;0;1;0;1;0;1;1;-20,88864524;-43,81348729;"SPRF-MG";"DEL05-MG";"UOP02-DEL05-MG"
317452;2020-10-27;"terça-feira";"17:00:00";"SP";381;45;"ATIBAIA";"Falta de Atenção à Condução";"Tombamento";"Com Vítimas Feridas";"Pleno dia";"Crescente";"Céu Claro";"Dupla";"Declive;Interseção de Vias";"Sim";1;0;1;0;0;0;1;1;-23,17274184;-46,57748439;"SPRF-SP";"DEL03-SP";"UOP01-DEL03-SP"
317454;2020-10-27;"terça-feira";"17:00:00";"PE";232;104;"BEZERROS";"Desobediência às normas de trânsito pelo condutor";"Colisão transversal";"Com Vítimas Feridas";"Pleno dia";"Crescente";"Céu Claro";"Dupla";"Reta";"Não";2;0;1;0;1;0;1;2;-8,26020175;-35,78595942;"SPRF-PE";"DEL02-PE";"UOP03-DEL02-PE"
317455;2020-10-27;"terça-feira";"17:00:00";"RS";116;338,5;"BARRA DO RIBEIRO";"Defeito Mecânico no Veículo";"Saída de leito carroçável";"Com Vítimas Feridas";"Pleno dia";"Decrescente";"Chuva";"Simples";"Reta";"Não";2;0;1;0;1;0;1;1;-30,43867711;-51,47955282;"SPRF-RS";"DEL02-RS";"UOP02-DEL02-RS"
317456;2020-10-27;"terça-feira";"17:40:00";"SC";470;94,6;"APIUNA";"Desobediência às normas de trânsito pelo condutor";"Colisão transversal";"Com Vítimas Feridas";"Pleno dia";"Crescente";"Sol";"Simples";"Reta";"Não";2;0;0;1;1;0;1;2;-27,003345;-49,374668;"SPRF-SC";"DEL04-SC";"UOP01-DEL04-SC"
317458;2020-10-27;"terça-feira";"16:00:00";"MG";381;770,9;"CAMPANHA";"Defeito Mecânico no Veículo";"Saída de leito carroçável";"Com Vítimas Feridas";"Pleno dia";"Decrescente";"Céu Claro";"Dupla";"Reta";"Não";5;0;1;0;4;0;1;1;-21,76685326;-45,4174912;"SPRF-MG";"DEL16-MG";"UOP02-DEL16-MG"
317459;2020-10-27;"terça-feira";"17:50:00";"SP";116;150;"SAO JOSE DOS CAMPOS";"Não guardar distância de segurança";"Colisão traseira";"Com Vítimas Feridas";"Pleno dia";"Crescente";"Céu Claro";"Múltipla";"Reta";"Não";2;0;0;1;1;0;1;2;-23,21335525;-45,8930588;"SPRF-SP";"DEL02-SP";"UOP01-DEL02-SP"
317460;2020-10-27;"terça-feira";"17:30:00";"MG";40;511,1;"RIBEIRAO DAS NEVES";"Defeito Mecânico no Veículo";"Queda de ocupante de veículo";"Com Vítimas Feridas";"Pleno dia";"Crescente";"Céu Claro";"Dupla";"Reta";"Sim";1;0;0;1;0;0;1;1;-19,78164295;-44,11733194;"SPRF-MG";"DEL01-MG";"UOP02-DEL01-MG"
317461;2020-10-27;"terça-feira";"11:20:00";"PR";280;271,2;"FLOR DA SERRA DO SUL";"Velocidade Incompatível";"Saída de leito carroçável";"Com Vítimas Feridas";"Pleno dia";"Decrescente";"Céu Claro";"Simples";"Declive";"Não";1;0;1;0;0;0;1;1;-26,22290614;-53,14876102;"SPRF-PR";"DEL02-PR";"UOP01-DEL02-PR"
317462;2020-10-27;"terça-feira";"15:30:00";"RN";101;5,3;"TOUROS";"Falta de Atenção à Condução";"Colisão traseira";"Com Vítimas Fatais";"Pleno dia";"Decrescente";"Céu Claro";"Simples";"Reta";"Não";2;1;0;0;1;0;0;2;-5,19666804;-35,50302205;"SPRF-RN";"DEL02-RN";"UOP01-DEL02-RN"
317463;2020-10-27;"terça-feira";"18:20:00";"PI";343;342;"TERESINA";"Não guardar distância de segurança";"Colisão traseira";"Com Vítimas Feridas";"Plena Noite";"Decrescente";"Céu Claro";"Simples";"Reta";"Sim";3;0;2;0;0;1;2;2;-5,08284;-42,750385;"SPRF-PI";"DEL01-PI";"UOP01-DEL01-PI"
317464;2020-10-27;"terça-feira";"15:20:00";"MA";316;572,9;"CAXIAS";"Falta de Atenção à Condução";"Colisão transversal";"Com Vítimas Feridas";"Pleno dia";"Decrescente";"Céu Claro";"Dupla";"Reta";"Não";3;0;1;1;1;0;2;2;-4,929112;-43,184189;"SPRF-MA";"DEL03-MA";"UOP02-DEL03-MA"
317465;2020-10-16;"sexta-feira";"18:29:00";"SC";101;137;"ITAPEMA";"Falta de Atenção à Condução";"Colisão lateral";"Com Vítimas Feridas";"Plena Noite";"Decrescente";"Céu Claro";"Dupla";"Reta";"Sim";2;0;1;0;1;0;1;2;-27,0157238;-48,61192763;"SPRF-SC";"DEL04-SC";"UOP03-DEL04-SC"
317467;2020-10-27;"terça-feira";"17:40:00";"MG";262;832;"UBERABA";"Animais na Pista";"Colisão com objeto estático";"Com Vítimas Feridas";"Anoitecer";"Decrescente";"Céu Claro";"Dupla";"Reta";"Não";1;0;1;0;0;0;1;1;-19,74213602;-48,212724;"SPRF-MG";"DEL13-MG";"UOP01-DEL13-MG"
317468;2020-10-27;"terça-feira";"18:44:00";"SP";116;218,5;"GUARULHOS";"Falta de Atenção à Condução";"Colisão lateral";"Com Vítimas Feridas";"Plena Noite";"Decrescente";"Céu Claro";"Múltipla";"Aclive";"Sim";3;0;1;0;2;0;1;2;-23,457972;-46,479927;"SPRF-SP";"DEL01-SP";"UOP01-DEL01-SP"
317469;2020-10-27;"terça-feira";"19:00:00";"MG";365;623;"UBERLANDIA";"Defeito Mecânico no Veículo";"Colisão traseira";"Com Vítimas Feridas";"Anoitecer";"Crescente";"Céu Claro";"Múltipla";"Aclive";"Sim";3;0;1;0;2;0;1;2;-18,9100325;-48,30694985;"SPRF-MG";"DEL15-MG";"UOP01-DEL15-MG"
317470;2020-10-27;"terça-feira";"18:15:00";"GO";60;96;"ANAPOLIS";"Ingestão de álcool e/ou substâncias psicoativas pelo pedestre";"Atropelamento de Pedestre";"Com Vítimas Feridas";"Plena Noite";"Crescente";"Ignorado";"Dupla";"Reta";"Sim";2;0;1;1;0;0;2;2;-16,371;-48,9422;"SPRF-GO";"DEL02-GO";"UOP01-DEL02-GO"
317473;2020-10-27;"terça-feira";"06:58:00";"RJ";101;333;"RIO DE JANEIRO";"Falta de Atenção à Condução";"Colisão lateral";"Com Vítimas Feridas";"Pleno dia";"Crescente";"Céu Claro";"Dupla";"Reta";"Não";2;0;1;0;1;0;1;2;-22,87827816;-43,21053578;"SPRF-RJ";"DEL02-RJ";"UOP02-DEL02-RJ"
317474;2020-10-27;"terça-feira";"19:20:00";"RJ";116;166,5;"SAO JOAO DE MERITI";"Falta de Atenção à Condução";"Colisão traseira";"Com Vítimas Feridas";"Plena Noite";"Crescente";"Céu Claro";"Múltipla";"Reta";"Sim";2;0;1;0;1;0;1;2;-22,80093855;-43,35184921;"SPRF-RJ";"DEL01-RJ";"UOP01-DEL01-RJ"
317475;2020-09-22;"terça-feira";"12:30:00";"BA";101;934,4;"MUCURI";"Mal Súbito";"Saída de leito carroçável";"Com Vítimas Feridas";"Pleno dia";"Crescente";"Céu Claro";"Simples";"Reta";"Sim";4;0;3;1;0;0;4;1;-17,99048882;-39,86011505;"SPRF-BA";"DEL09-BA";"UOP02-DEL09-BA"
317476;2020-10-27;"terça-feira";"16:45:00";"MG";40;709,5;"BARBACENA";"Velocidade Incompatível";"Saída de leito carroçável";"Com Vítimas Feridas";"Pleno dia";"Decrescente";"Nublado";"Dupla";"Curva";"Não";1;0;1;0;0;0;1;1;-21,24249015;-43,72298753;"SPRF-MG";"DEL05-MG";"UOP02-DEL05-MG"
317478;2020-10-27;"terça-feira";"12:35:00";"MA";316;620;"TIMON";"Falta de Atenção à Condução";"Colisão transversal";"Com Vítimas Feridas";"Pleno dia";"Crescente";"Céu Claro";"Simples";"Reta";"Sim";2;0;1;0;1;0;1;2;-5,12834;-42,821602;"SPRF-MA";"DEL03-MA";"UOP02-DEL03-MA"
317480;2020-10-27;"terça-feira";"18:40:00";"MG";40;612,1;"CONGONHAS";"Falta de Atenção do Pedestre";"Atropelamento de Pedestre";"Com Vítimas Feridas";"Plena Noite";"Crescente";"Nublado";"Simples";"Reta;Aclive";"Sim";2;0;0;1;1;0;1;2;-20,51567059;-43,83890575;"SPRF-MG";"DEL05-MG";"UOP02-DEL05-MG"
317481;2020-10-27;"terça-feira";"19:00:00";"SP";116;162;"JACAREI";"Ingestão de Álcool";"Atropelamento de Pedestre";"Com Vítimas Feridas";"Plena Noite";"Crescente";"Céu Claro";"Dupla";"Reta";"Não";5;0;4;1;0;0;5;3;-23,28133317;-45,98394689;"SPRF-SP";"DEL02-SP";"UOP01-DEL02-SP"
317483;2020-10-27;"terça-feira";"19:20:00";"RO";364;711;"PORTO VELHO";"Falta de Atenção à Condução";"Colisão traseira";"Sem Vítimas";"Plena Noite";"Decrescente";"Céu Claro";"Dupla";"Reta";"Sim";3;0;0;0;3;0;0;3;-8,78153947;-63,86531369;"SPRF-RO";"DEL01-RO";"UOP01-DEL01-RO"
317484;2020-10-27;"terça-feira";"20:00:00";"SP";381;57;"MAIRIPORA";"Desobediência às normas de trânsito pelo pedestre";"Atropelamento de Pedestre";"Com Vítimas Fatais";"Plena Noite";"Decrescente";"Céu Claro";"Dupla";"Reta";"Sim";2;1;0;0;1;0;0;2;-23,2658219;-46,5839857;"SPRF-SP";"DEL03-SP";"UOP01-DEL03-SP"
317485;2020-10-27;"terça-feira";"19:00:00";"MG";262;877;"CAMPO FLORIDO";"Ingestão de Álcool";"Colisão frontal";"Com Vítimas Feridas";"Plena Noite";"Crescente";"Nublado";"Simples";"Reta";"Sim";2;0;1;0;1;0;1;2;-19,7835568;-48,51504105;"SPRF-MG";"DEL13-MG";"UOP01-DEL13-MG"
317487;2020-10-27;"terça-feira";"21:22:00";"PR";277;3,2;"PARANAGUA";"Falta de Atenção do Pedestre";"Atropelamento de Pedestre";"Com Vítimas Fatais";"Plena Noite";"Decrescente";"Céu Claro";"Simples";"Reta";"Sim";3;1;0;0;0;2;0;2;-25,543349;-48,559434;"SPRF-PR";"DEL01-PR";"UOP05-DEL01-PR"
317491;2020-10-27;"terça-feira";"18:30:00";"PE";407;129;"PETROLINA";"Falta de Atenção à Condução";"Colisão transversal";"Com Vítimas Feridas";"Plena Noite";"Crescente";"Céu Claro";"Dupla";"Rotatória";"Sim";3;0;1;1;0;1;2;2;-9,39958299;-40,50459298;"SPRF-PE";"DEL06-PE";"UOP01-DEL06-PE"
317495;2020-10-11;"domingo";"10:30:00";"SC";101;81;"BARRA VELHA";"Não guardar distância de segurança";"Colisão traseira";"Com Vítimas Feridas";"Pleno dia";"Crescente";"Sol";"Múltipla";"Reta";"Sim";5;0;2;0;3;0;2;3;-26,60256101;-48,72553524;"SPRF-SC";"DEL03-SC";"UOP02-DEL03-SC"
317497;2020-10-27;"terça-feira";"19:55:00";"BA";116;830,6;"VITORIA DA CONQUISTA";"Falta de Atenção do Pedestre";"Atropelamento de Pedestre";"Com Vítimas Fatais";"Plena Noite";"Crescente";"Garoa/Chuvisco";"Simples";"Reta";"Não";2;1;0;0;0;1;0;2;-14,915244;-40,877636;"SPRF-BA";"DEL08-BA";"UOP01-DEL08-BA"
317500;2020-10-27;"terça-feira";"22:30:00";"PB";230;23;"JOAO PESSOA";"Ingestão de Álcool";"Colisão traseira";"Com Vítimas Feridas";"Plena Noite";"Decrescente";"Céu Claro";"Dupla";"Interseção de Vias;Reta";"Sim";2;0;1;0;1;0;1;2;-7,1562;-34,8574;"SPRF-PB";"DEL01-PB";"UOP01-DEL01-PB"
317503;2020-10-27;"terça-feira";"14:00:00";"ES";484;108,5;"AFONSO CLAUDIO";"Falta de Atenção à Condução";"Tombamento";"Com Vítimas Feridas";"Pleno dia";"Crescente";"Nublado";"Simples";"Reta";"Não";1;0;1;0;0;0;1;1;-20,06833448;-41,08356308;"SPRF-ES";"DEL01-ES";"UOP02-DEL01-ES"
317506;2020-10-27;"terça-feira";"19:20:00";"RS";392;1,5;"RIO GRANDE";"Falta de Atenção à Condução";"Colisão transversal";"Com Vítimas Feridas";"Plena Noite";"Decrescente";"Céu Claro";"Simples";"Reta";"Sim";2;0;1;0;1;0;1;2;-32,046733;-52,085423;"SPRF-RS";"DEL07-RS";"UOP02-DEL07-RS"
317510;2020-10-28;"quarta-feira";"00:01:00";"GO";20;201,6;"POSSE";"Velocidade Incompatível";"Saída de leito carroçável";"Com Vítimas Feridas";"Plena Noite";"Decrescente";"Chuva";"Simples";"Curva";"Não";4;0;3;1;0;0;4;1;-14,306107;-46,449326;"SPRF-DF";"DEL02-DF";"UOP03-DEL02-DF"
317511;2020-08-24;"segunda-feira";"17:45:00";"RJ";40;116;"DUQUE DE CAXIAS";"Falta de Atenção à Condução";"Colisão com objeto estático";"Com Vítimas Feridas";"Plena Noite";"Crescente";"Nublado";"Múltipla";"Reta";"Sim";2;0;0;2;0;0;2;1;-22,74009;-43,28829;"SPRF-RJ";"DEL01-RJ";"UOP01-DEL01-RJ"
317512;2020-10-28;"quarta-feira";"00:05:00";"SP";116;284,5;"EMBU DAS ARTES";"Desobediência às normas de trânsito pelo condutor";"Colisão lateral";"Com Vítimas Feridas";"Plena Noite";"Crescente";"Céu Claro";"Dupla";"Curva";"Sim";7;0;1;0;6;0;1;2;-23,69998;-46,867767;"SPRF-SP";"DEL04-SP";"UOP01-DEL04-SP"
317515;2020-10-27;"terça-feira";"22:15:00";"PE";316;24,9;"ARARIPINA";"Desobediência às normas de trânsito pelo condutor";"Colisão traseira";"Com Vítimas Feridas";"Plena Noite";"Decrescente";"Céu Claro";"Simples";"Curva";"Não";3;0;0;1;2;0;1;2;-7,588004;-40,49662;"SPRF-PE";"DEL05-PE";"UOP02-DEL05-PE"
317516;2020-10-28;"quarta-feira";"00:51:00";"SC";116;105,9;"MONTE CASTELO";"Falta de Atenção à Condução";"Colisão com objeto estático";"Com Vítimas Feridas";"Plena Noite";"Decrescente";"Nublado";"Simples";"Curva;Declive";"Não";1;0;0;1;0;0;1;1;-26,75095005;-50,31749478;"SPRF-SC";"DEL06-SC";"UOP02-DEL06-SC"
317518;2020-10-28;"quarta-feira";"01:00:00";"PR";376;590;"CURITIBA";"Falta de Atenção à Condução";"Saída de leito carroçável";"Sem Vítimas";"Plena Noite";"Crescente";"Nublado";"Dupla";"Reta";"Não";1;0;0;0;1;0;0;1;-25,45155592;-49,36237578;"SPRF-PR";"DEL01-PR";"UOP01-DEL01-PR"
317522;2020-10-28;"quarta-feira";"00:45:00";"SC";101;340,3;"TUBARAO";"Ingestão de Álcool";"Colisão traseira";"Com Vítimas Fatais";"Plena Noite";"Decrescente";"Nublado";"Múltipla";"Reta";"Sim";4;1;0;1;1;1;1;3;-28,516;-49,053;"SPRF-SC";"DEL02-SC";"UOP01-DEL02-SC"
317525;2020-10-28;"quarta-feira";"05:10:00";"ES";101;293,6;"CARIACICA";"Falta de Atenção à Condução";"Colisão transversal";"Com Vítimas Feridas";"Amanhecer";"Decrescente";"Nublado";"Dupla";"Em Obras;Reta";"Sim";2;0;1;0;1;0;1;2;-20,31526144;-40,39567044;"SPRF-ES";"DEL01-ES";"UOP01-DEL01-ES"
317527;2020-10-28;"quarta-feira";"05:30:00";"SP";381;52;"ATIBAIA";"Falta de Atenção à Condução";"Colisão traseira";"Com Vítimas Feridas";"Amanhecer";"Crescente";"Céu Claro";"Dupla";"Reta";"Não";3;0;1;0;2;0;1;2;-23,2300622;-46,59963076;"SPRF-SP";"DEL03-SP";"UOP01-DEL03-SP"
317528;2020-10-28;"quarta-feira";"05:00:00";"PR";476;159;"ARAUCARIA";"Falta de Atenção à Condução";"Colisão transversal";"Com Vítimas Feridas";"Amanhecer";"Crescente";"Céu Claro";"Simples";"Reta";"Não";2;0;0;1;1;0;1;2;-25,617157;-49,43169;"SPRF-PR";"DEL01-PR";"UOP03-DEL01-PR"
317529;2020-10-28;"quarta-feira";"06:20:00";"SP";116;208;"GUARULHOS";"Não guardar distância de segurança";"Colisão traseira";"Com Vítimas Feridas";"Pleno dia";"Crescente";"Sol";"Dupla";"Reta";"Não";2;0;1;0;1;0;1;2;-23,42222263;-46,3932771;"SPRF-SP";"DEL01-SP";"UOP01-DEL01-SP"
317530;2020-10-28;"quarta-feira";"02:40:00";"PI";135;333;"SANTA LUZ";"Animais na Pista";"Atropelamento de Animal";"Sem Vítimas";"Plena Noite";"Decrescente";"Céu Claro";"Simples";"Reta";"Não";3;0;0;0;3;0;0;1;-8,9532709;-44,26482032;"SPRF-PI";"DEL03-PI";"UOP02-DEL03-PI"
317531;2020-10-27;"terça-feira";"21:40:00";"MG";381;225;"BELO ORIENTE";"Animais na Pista";"Atropelamento de Animal";"Com Vítimas Feridas";"Plena Noite";"Decrescente";"Céu Claro";"Simples";"Reta";"Não";5;0;1;0;4;0;1;1;-19,32412065;-42,41550504;"SPRF-MG";"DEL06-MG";"UOP01-DEL06-MG"
317532;2020-10-28;"quarta-feira";"06:35:00";"SC";480;130;"CHAPECO";"Velocidade Incompatível";"Colisão frontal";"Com Vítimas Feridas";"Pleno dia";"Decrescente";"Céu Claro";"Simples";"Curva";"Sim";2;0;0;1;1;0;1;2;-27,05534298;-52,63652069;"SPRF-SC";"DEL07-SC";"UOP01-DEL07-SC"
317533;2020-10-28;"quarta-feira";"06:40:00";"SP";116;167,7;"JACAREI";"Objeto estático sobre o leito carroçável";"Tombamento";"Com Vítimas Feridas";"Pleno dia";"Crescente";"Céu Claro";"Dupla";"Aclive";"Não";1;0;1;0;0;0;1;1;-23,30254924;-46,02640493;"SPRF-SP";"DEL02-SP";"UOP01-DEL02-SP"
317534;2020-10-28;"quarta-feira";"07:00:00";"RJ";40;65;"PETROPOLIS";"Falta de Atenção à Condução";"Colisão com objeto em movimento";"Com Vítimas Feridas";"Pleno dia";"Crescente";"Céu Claro";"Simples";"Reta";"Não";2;0;1;0;1;0;1;2;-22,427473;-43,16011;"SPRF-RJ";"DEL06-RJ";"UOP01-DEL06-RJ"
317535;2020-10-28;"quarta-feira";"07:20:00";"SP";116;219,7;"GUARULHOS";"Velocidade Incompatível";"Colisão traseira";"Com Vítimas Feridas";"Amanhecer";"Crescente";"Céu Claro";"Múltipla";"Reta";"Sim";2;0;1;0;1;0;1;2;-23,46143954;-46,48885316;"SPRF-SP";"DEL01-SP";"UOP01-DEL01-SP"
317536;2020-10-28;"quarta-feira";"06:30:00";"RN";110;45,5;"MOSSORO";"Falta de Atenção à Condução";"Colisão traseira";"Com Vítimas Feridas";"Amanhecer";"Decrescente";"Sol";"Simples";"Reta";"Sim";2;0;0;1;1;0;1;2;-5,19257993;-37,31114905;"SPRF-RN";"DEL04-RN";"UOP01-DEL04-RN"
317543;2020-10-28;"quarta-feira";"07:50:00";"SC";101;210;"SAO JOSE";"Não guardar distância de segurança";"Colisão traseira";"Com Vítimas Feridas";"Pleno dia";"Decrescente";"Sol";"Múltipla";"Reta";"Não";3;0;0;2;0;1;2;2;-27,6167305;-48,6457265;"SPRF-SC";"DEL01-SC";"UOP01-DEL01-SC"