"id";"data_inversa";"dia_semana";"horario";"uf";"br";"km";"municipio";"causa_acidente";"tipo_acidente";"classificacao_acidente";"fase_dia";"sentido_via";"condicao_metereologica";"tipo_pista";"tracado_via";"uso_solo";"pessoas";"mortos";"feridos_leves";"feridos_graves";"ilesos";"ignorados";"feridos";"veiculos";"latitude";"longitude";"regional";"delegacia";"uop"
317544;2020-10-28;"quarta-feira";"08:10:00";"PR";277;14,5;"PARANAGUA";"Defeito Mecânico no Veículo";"Tombamento";"Com Vítimas Feridas";"Pleno dia";"Decrescente";"Sol";"Dupla";"Reta";"Não";2;0;2;0;0;0;2;1;-25,56610574;-48,62495594;"SPRF-PR";"DEL01-PR";"UOP05-DEL01-PR"
317547;2020-10-28;"quarta-feira";"08:00:00";"SC";101;235,2;"PALHOCA";"Falta de Atenção à Condução";"Tombamento";"Com Vítimas Feridas";"Pleno dia";"Crescente";"Céu Claro";"Dupla";"Reta";"Não";1;0;0;1;0;0;1;1;-27,8177775;-48,6315025;"SPRF-SC";"DEL01-SC";"UOP02-DEL01-SC"
317549;2020-10-28;"quarta-feira";"08:30:00";"SC";101;209;"SAO JOSE";"Falta de Atenção à Condução";"Tombamento";"Com Vítimas Feridas";"Pleno dia";"Decrescente";"Céu Claro";"Dupla";"Aclive";"Sim";1;0;1;0;0;0;1;1;-27,61000542;-48,63895057;"SPRF-SC";"DEL01-SC";"UOP01-DEL01-SC"
317550;2020-10-28;"quarta-feira";"07:55:00";"SP";116;210;"GUARULHOS";"Falta de Atenção à Condução";"Colisão lateral";"Com Vítimas Feridas";"Pleno dia";"Crescente";"Sol";"Dupla";"Reta";"Sim";2;0;1;0;1;0;1;2;-23,42870023;-46,41085991;"SPRF-SP";"DEL01-SP";"UOP01-DEL01-SP"
317551;2020-10-28;"quarta-feira";"08:20:00";"SP";116;210;"GUARULHOS";"Falta de Atenção à Condução";"Colisão traseira";"Com Vítimas Feridas";"Pleno dia";"Decrescente";"Céu Claro";"Dupla";"Reta";"Não";2;0;1;0;1;0;1;2;-23,42870023;-46,41085991;"SPRF-SP";"DEL01-SP";"UOP01-DEL01-SP"
317552;2020-10-28;"quarta-feira";"07:00:00";"SP";116;437;"REGISTRO";"Falta de Atenção à Condução";"Saída de leito carroçável";"Com Vítimas Feridas";"Pleno dia";"Crescente";"Céu Claro";"Dupla";"Reta";"Não";4;0;1;1;0;2;2;2;-24,44201718;-47,79888683;"SPRF-SP";"DEL05-SP";"UOP01-DEL05-SP"
317555;2020-10-28;"quarta-feira";"07:10:00";"SP";116;205,3;"GUARULHOS";"Falta de Atenção à Condução";"Colisão lateral";"Com Vítimas Feridas";"Pleno dia";"Crescente";"Céu Claro";"Dupla";"Reta";"Sim";4;0;1;1;2;0;2;3;-23,41475243;-46,36600788;"SPRF-SP";"DEL01-SP";"UOP01-DEL01-SP"
317556;2020-10-28;"quarta-feira";"06:50:00";"RJ";101;318;"NITEROI";"Não guardar distância de segurança";"Engavetamento";"Com Vítimas Feridas";"Pleno dia";"Crescente";"Céu Claro";"Dupla";"Reta";"Sim";4;0;2;0;2;0;2;3;-22,84562994;-43,09841211;"SPRF-RJ";"DEL02-RJ";"UOP02-DEL02-RJ"
317557;2020-10-28;"quarta-feira";"07:55:00";"RJ";40;104;"DUQUE DE CAXIAS";"Desobediência às normas de trânsito pelo condutor";"Colisão traseira";"Sem Vítimas";"Pleno dia";"Decrescente";"Céu Claro";"Dupla";"Reta";"Sim";2;0;0;0;2;0;0;2;-22,62897902;-43,28579508;"SPRF-RJ";"DEL01-RJ";"UOP01-DEL01-RJ"
317559;2020-10-28;"quarta-feira";"05:30:00";"PB";230;123,4;"RIACHAO DO BACAMARTE";"Condutor Dormindo";"Saída de leito carroçável";"Com Vítimas Feridas";"Amanhecer";"Crescente";"Nublado";"Simples";"Reta;Aclive";"Não";2;0;1;0;1;0;1;1;-7,247601;-35,679116;"SPRF-PB";"DEL02-PB";"UOP01-DEL02-PB"
317560;2020-10-28;"quarta-feira";"07:40:00";"SC";282;23,7;"PALHOCA";"Desobediência às normas de trânsito pelo condutor";"Colisão lateral";"Com Vítimas Feridas";"Pleno dia";"Crescente";"Sol";"Simples";"Interseção de Vias";"Não";2;0;0;1;1;0;1;2;-27,687958;-48,736794;"SPRF-SC";"DEL01-SC";"UOP03-DEL01-SC"
317566;2020-10-12;"segunda-feira";"05:10:00";"SC";282;507;"XANXERE";"Desobediência às normas de trânsito pelo condutor";"Tombamento";"Com Vítimas Feridas";"Amanhecer";"Decrescente";"Céu Claro";"Dupla";"Reta";"Sim";2;0;1;1;0;0;2;1;-26,886171;-52,43911;"SPRF-SC";"DEL07-SC";"UOP01-DEL07-SC"
317567;2020-10-14;"quarta-feira";"09:50:00";"PR";277;723;"FOZ DO IGUACU";"Desobediência às normas de trânsito pelo condutor";"Colisão frontal";"Com Vítimas Feridas";"Pleno dia";"Crescente";"Ignorado";"Dupla";"Retorno Regulamentado";"Sim";2;0;1;0;1;0;1;2;-25,49878215;-54,52985294;"SPRF-PR";"DEL05-PR";"UOP03-DEL05-PR"
317570;2020-10-28;"quarta-feira";"10:50:00";"PR";476;137;"CURITIBA";"Desobediência às normas de trânsito pelo condutor";"Colisão lateral";"Com Vítimas Feridas";"Pleno dia";"Crescente";"Céu Claro";"Dupla";"Reta";"Sim";4;0;2;0;2;0;2;4;-25,498302;-49,277546;"SPRF-PR";"DEL01-PR";"UOP03-DEL01-PR"
317571;2020-10-28;"quarta-feira";"11:15:00";"BA";101;507;"ITABUNA";"Falta de Atenção à Condução";"Colisão transversal";"Com Vítimas Feridas";"Pleno dia";"Crescente";"Céu Claro";"Simples";"Reta";"Sim";2;0;1;0;1;0;1;2;-14,96379924;-39,31343385;"SPRF-BA";"DEL05-BA";"UOP01-DEL05-BA"
317572;2020-10-28;"quarta-feira";"07:19:00";"PI";135;308;"CRISTINO CASTRO";"Não guardar distância de segurança";"Colisão traseira";"Com Vítimas Feridas";"Pleno dia";"Crescente";"Nublado";"Simples";"Reta";"Não";6;0;5;0;1;0;5;2;-8,7604319;-44,16633808;"SPRF-PI";"DEL03-PI";"UOP02-DEL03-PI"
317573;2020-10-28;"quarta-feira";"11:25:00";"PR";376;221,5;"CAMBIRA";"Avarias e/ou desgaste excessivo no pneu";"Colisão com objeto estático";"Com Vítimas Feridas";"Pleno dia";"Crescente";"Céu Claro";"Dupla";"Curva";"Não";3;0;3;0;0;0;3;1;-23,6023108;-51,60101831;"SPRF-PR";"DEL09-PR";"UOP01-DEL09-PR"
317574;2020-10-28;"quarta-feira";"11:40:00";"SP";153;182,7;"LINS";"Desobediência às normas de trânsito pelo condutor";"Colisão transversal";"Com Vítimas Feridas";"Pleno dia";"Crescente";"Sol";"Simples";"Interseção de Vias";"Não";2;0;2;0;0;0;2;2;-21,70026655;-49,79639887;"SPRF-SP";"DEL07-SP";"UOP01-DEL07-SP"
317575;2020-10-28;"quarta-feira";"12:00:00";"SP";116;218;"GUARULHOS";"Falta de Atenção à Condução";"Colisão lateral";"Com Vítimas Fatais";"Pleno dia";"Crescente";"Sol";"Múltipla";"Reta";"Sim";3;1;1;0;1;0;1;2;-23,4614113;-46,4897185;"SPRF-SP";"DEL01-SP";"UOP01-DEL01-SP"
317576;2020-10-28;"quarta-feira";"11:45:00";"MG";40;548,9;"NOVA LIMA";"Desobediência às normas de trânsito pelo condutor";"Colisão lateral";"Com Vítimas Feridas";"Pleno dia";"Decrescente";"Céu Claro";"Dupla";"Reta";"Não";4;0;1;1;2;0;2;2;-20,03136499;-43,96967792;"SPRF-MG";"DEL01-MG";"UOP02-DEL01-MG"
317582;2020-10-04;"domingo";"20:00:00";"SP";116;142;"SAO JOSE DOS CAMPOS";"Falta de Atenção à Condução";"Colisão traseira";"Com Vítimas Feridas";"Plena Noite";"Decrescente";"Céu Claro";"Dupla";"Reta";"Sim";10;0;8;0;2;0;8;4;-23,17426078;-45,82940111;"SPRF-SP";"DEL06-SP";"UOP01-DEL06-SP"
317584;2020-10-28;"quarta-feira";"06:00:00";"MG";116;186;"CARAI";"Condutor Dormindo";"Colisão com objeto estático";"Com Vítimas Feridas";"Amanhecer";"Decrescente";"Nublado";"Simples";"Reta;Aclive";"Não";1;0;0;1;0;0;1;1;-17,12957799;-41,50185286;"SPRF-MG";"DEL11-MG";"UOP01-DEL11-MG"
317586;2020-10-28;"quarta-feira";"13:10:00";"PE";101;70,8;"RECIFE";"Desobediência às normas de trânsito pelo condutor";"Colisão transversal";"Com Vítimas Feridas";"Pleno dia";"Crescente";"Céu Claro";"Simples";"Reta";"Sim";2;0;1;0;1;0;1;2;-8,074799;-34,945782;"SPRF-PE";"DEL01-PE";"UOP01-DEL01-PE"
317587;2020-10-28;"quarta-feira";"13:25:00";"SP";101;51;"UBATUBA";"Falta de Atenção à Condução";"Colisão traseira";"Com Vítimas Feridas";"Pleno dia";"Decrescente";"Céu Claro";"Simples";"Reta";"Sim";2;0;0;1;1;0;1;2;-23,45627795;-45,07111896;"SPRF-SP";"DEL06-SP";"UOP01-DEL06-SP"
317589;2020-10-28;"quarta-feira";"12:42:00";"ES";101;282,5;"CARIACICA";"Falta de Atenção à Condução";"Colisão frontal";"Com Vítimas Feridas";"Pleno dia";"Decrescente";"Céu Claro";"Simples";"Curva";"Sim";2;0;2;0;0;0;2;2;-20,22694;-40,36458;"SPRF-ES";"DEL01-ES";"UOP01-DEL01-ES"
317590;2020-10-28;"quarta-feira";"12:15:00";"GO";50;178,1;"CAMPO ALEGRE DE GOIAS";"Condutor Dormindo";"Saída de leito carroçável";"Com Vítimas Feridas";"Pleno dia";"Decrescente";"Nublado";"Dupla";"Curva";"Não";2;0;2;0;0;0;2;1;-17,3972;-47,7778;"SPRF-GO";"DEL06-GO";"UOP01-DEL06-GO"
317591;2020-10-28;"quarta-feira";"12:30:00";"MT";364;279,1;"JACIARA";"Velocidade Incompatível";"Saída de leito carroçável";"Com Vítimas Feridas";"Pleno dia";"Decrescente";"Chuva";"Dupla";"Curva";"Não";2;0;0;1;1;0;1;1;-15,94251105;-55,01446001;"SPRF-MT";"DEL05-MT";"UOP02-DEL05-MT"
317594;2020-10-28;"quarta-feira";"13:30:00";"RS";158;265;"JULIO DE CASTILHOS";"Avarias e/ou desgaste excessivo no pneu";"Capotamento";"Com Vítimas Feridas";"Pleno dia";"Crescente";"Sol";"Simples";"Reta;Declive";"Não";1;0;1;0;0;0;1;1;-29,242346;-53,665486;"SPRF-RS";"DEL09-RS";"UOP01-DEL09-RS"
317595;2020-10-28;"quarta-feira";"14:15:00";"GO";60;203;"GUAPO";"Defeito Mecânico no Veículo";"Queda de ocupante de veículo";"Com Vítimas Feridas";"Pleno dia";"Crescente";"Céu Claro";"Dupla";"Declive";"Não";2;0;2;0;0;0;2;1;-16,8931;-49,6321;"SPRF-GO";"DEL01-GO";"UOP02-DEL01-GO"
317596;2020-10-28;"quarta-feira";"14:00:00";"SC";101;205;"SAO JOSE";"Falta de Atenção à Condução";"Colisão traseira";"Com Vítimas Feridas";"Pleno dia";"Decrescente";"Céu Claro";"Múltipla";"Reta";"Sim";2;0;1;0;1;0;1;2;-27,58313237;-48,61532885;"SPRF-SC";"DEL01-SC";"UOP01-DEL01-SC"
317597;2020-10-28;"quarta-feira";"14:10:00";"ES";101;269;"SERRA";"Falta de Atenção à Condução";"Tombamento";"Com Vítimas Feridas";"Pleno dia";"Crescente";"Céu Claro";"Dupla";"Reta";"Não";1;0;1;0;0;0;1;1;-20,21740496;-40,26990578;"SPRF-ES";"DEL02-ES";"UOP01-DEL02-ES"
317598;2020-10-28;"quarta-feira";"10:15:00";"PR";153;109;"IBAITI";"Falta de Atenção à Condução";"Colisão lateral";"Com Vítimas Feridas";"Pleno dia";"Decrescente";"Céu Claro";"Simples";"Interseção de Vias";"Sim";2;0;0;1;1;0;1;2;-23,85211649;-50,19164085;"SPRF-PR";"DEL07-PR";"UOP04-DEL07-PR"
317599;2020-10-28;"quarta-feira";"11:10:00";"MA";230;412;"BALSAS";"Defeito Mecânico no Veículo";"Saída de leito carroçável";"Com Vítimas Fatais";"Pleno dia";"Crescente";"Céu Claro";"Simples";"Declive;Reta";"Não";3;1;1;0;0;1;1;2;-7,50395783;-46,10998895;"SPRF-MA";"DEL05-MA";"UOP01-DEL05-MA"
317600;2020-10-28;"quarta-feira";"13:35:00";"SP";381;70;"MAIRIPORA";"Falta de Atenção à Condução";"Tombamento";"Sem Vítimas";"Pleno dia";"Decrescente";"Céu Claro";"Dupla";"Curva";"Não";1;0;0;0;0;1;0;1;-23,34972978;-46,56070474;"SPRF-SP";"DEL03-SP";"UOP01-DEL03-SP"
317602;2020-10-28;"quarta-feira";"11:00:00";"TO";230;17;"AGUIARNOPOLIS";"Falta de Atenção à Condução";"Saída de leito carroçável";"Com Vítimas Feridas";"Pleno dia";"Decrescente";"Céu Claro";"Simples";"Declive";"Não";1;0;1;0;0;0;1;1;-6,46098508;-47,53536737;"SPRF-TO";"DEL02-TO";"UOP03-DEL02-TO"
317603;2020-10-28;"quarta-feira";"13:20:00";"SC";101;37;"JOINVILLE";"Avarias e/ou desgaste excessivo no pneu";"Tombamento";"Com Vítimas Feridas";"Pleno dia";"Crescente";"Céu Claro";"Dupla";"Reta";"Sim";2;0;2;0;0;0;2;1;-26,29210684;-48,88497591;"SPRF-SC";"DEL03-SC";"UOP01-DEL03-SC"
317604;2020-10-28;"quarta-feira";"13:30:00";"MG";40;530,3;"BELO HORIZONTE";"Não guardar distância de segurança";"Colisão traseira";"Com Vítimas Feridas";"Pleno dia";"Crescente";"Céu Claro";"Dupla";"Aclive;Reta";"Sim";2;0;1;0;0;1;1;2;-19,92064782;-44,0335681;"SPRF-MG";"DEL01-MG";"UOP02-DEL01-MG"
317605;2020-10-28;"quarta-feira";"11:00:00";"PR";163;106,5;"CAPANEMA";"Ingestão de Álcool";"Colisão traseira";"Sem Vítimas";"Pleno dia";"Decrescente";"Sol";"Simples";"Aclive;Curva";"Não";6;0;0;0;6;0;0;2;-25,610777;-53,709531;"SPRF-PR";"DEL02-PR";"UOP02-DEL02-PR"
317606;2020-10-28;"quarta-feira";"12:15:00";"MT";163;832;"SINOP";"Falta de Atenção à Condução";"Colisão traseira";"Com Vítimas Feridas";"Pleno dia";"Crescente";"Nublado";"Dupla";"Reta";"Sim";2;0;1;0;1;0;1;2;-11,87518344;-55,49901366;"SPRF-MT";"DEL06-MT";"UOP01-DEL06-MT"
317607;2020-10-28;"quarta-feira";"15:00:00";"MG";381;485;"BETIM";"Desobediência às normas de trânsito pelo condutor";"Queda de ocupante de veículo";"Com Vítimas Feridas";"Pleno dia";"Crescente";"Céu Claro";"Múltipla";"Reta";"Sim";2;0;2;0;0;0;2;1;-19,95584283;-44,11190987;"SPRF-MG";"DEL01-MG";"UOP03-DEL01-MG"
317608;2020-10-28;"quarta-feira";"15:25:00";"PR";476;159,9;"ARAUCARIA";"Falta de Atenção à Condução";"Colisão transversal";"Com Vítimas Feridas";"Pleno dia";"Crescente";"Céu Claro";"Dupla";"Reta";"Não";3;0;1;0;1;1;1;2;-25,61711112;-49,43070889;"SPRF-PR";"DEL01-PR";"UOP03-DEL01-PR"
317609;2020-10-28;"quarta-feira";"15:00:00";"ES";101;333,5;"GUARAPARI";"Pista Escorregadia";"Tombamento";"Com Vítimas Feridas";"Pleno dia";"Crescente";"Chuva";"Dupla";"Reta";"Não";1;0;1;0;0;0;1;1;-20,61464111;-40,51385389;"SPRF-ES";"DEL03-ES";"UOP01-DEL03-ES"
317611;2020-10-28;"quarta-feira";"14:00:00";"SP";116;275;"TABOAO DA SERRA";"Defeito Mecânico no Veículo";"Tombamento";"Com Vítimas Feridas";"Pleno dia";"Decrescente";"Céu Claro";"Dupla";"Reta";"Sim";2;0;2;0;0;0;2;1;-23,63638826;-46,83251584;"SPRF-SP";"DEL04-SP";"UOP01-DEL04-SP"
317615;2020-10-28;"quarta-feira";"10:06:00";"PB";230;462,8;"SOUSA";"Desobediência às normas de trânsito pelo condutor";"Colisão transversal";"Com Vítimas Feridas";"Pleno dia";"Decrescente";"Céu Claro";"Simples";"Reta";"Sim";4;0;1;2;1;0;3;2;-6,778613;-38,236125;"SPRF-PB";"DEL03-PB";"UOP03-DEL03-PB"
317616;2020-10-28;"quarta-feira";"15:30:00";"RJ";116;178;"NOVA IGUACU";"Falta de Atenção à Condução";"Colisão traseira";"Com Vítimas Feridas";"Pleno dia";"Crescente";"Sol";"Múltipla";"Reta";"Sim";2;0;1;0;1;0;1;2;-22,77496393;-43,40081465;"SPRF-RJ";"DEL01-RJ";"UOP02-DEL01-RJ"
317617;2020-10-28;"quarta-feira";"16:10:00";"PR";376;182;"MARINGA";"Falta de Atenção à Condução";"Queda de ocupante de veículo";"Com Vítimas Feridas";"Pleno dia";"Decrescente";"Céu Claro";"Múltipla";"Rotatória";"Sim";2;0;2;0;0;0;2;1;-23,43174904;-51,88739777;"SPRF-PR";"DEL09-PR";"UOP01-DEL09-PR"
317618;2020-10-28;"quarta-feira";"16:30:00";"PR";277;83;"CURITIBA";"Falta de Atenção à Condução";"Colisão traseira";"Com Vítimas Feridas";"Pleno dia";"Crescente";"Céu Claro";"Simples";"Reta";"Não";2;0;1;0;0;1;1;2;-25,568939;-49,181978;"SPRF-PR";"DEL01-PR";"UOP01-DEL01-PR"
317619;2020-10-28;"quarta-feira";"15:20:00";"MS";163;483;"CAMPO GRANDE";"Falta de Atenção à Condução";"Tombamento";"Com Vítimas Feridas";"Pleno dia";"Crescente";"Céu Claro";"Simples";"Reta";"Sim";2;0;1;0;0;1;1;1;-20,45726263;-54,54671829;"SPRF-MS";"DEL01-MS";"UOP02-DEL01-MS"
317621;2020-05-02;"sábado";"19:15:00";"RN";405;86;"APODI";"Defeito na Via";"Queda de ocupante de veículo";"Com Vítimas Feridas";"Plena Noite";"Crescente";"Céu Claro";"Simples";"Reta";"Não";2;0;0;1;0;1;1;2;-5,71754777;-37,81582922;"SPRF-RN";"DEL04-RN";"UOP02-DEL04-RN"
317624;2020-10-28;"quarta-feira";"16:40:00";"SC";101;216;"PALHOCA";"Não guardar distância de segurança";"Colisão traseira";"Com Vítimas Feridas";"Pleno dia";"Decrescente";"Céu Claro";"Dupla";"Reta";"Sim";4;0;2;0;2;0;2;2;-27,65981409;-48,67747798;"SPRF-SC";"DEL01-SC";"UOP02-DEL01-SC"
317625;2020-10-28;"quarta-feira";"13:30:00";"SC";101;312,8;"LAGUNA";"Falta de Atenção à Condução";"Tombamento";"Com Vítimas Feridas";"Pleno dia";"Crescente";"Céu Claro";"Dupla";"Ponte";"Sim";1;0;1;0;0;0;1;1;-28,43879443;-48,8308543;"SPRF-SC";"DEL02-SC";"UOP01-DEL02-SC"
317627;2020-10-28;"quarta-feira";"16:55:00";"PR";376;653;"TIJUCAS DO SUL";"Falta de Atenção à Condução";"Queda de ocupante de veículo";"Com Vítimas Feridas";"Pleno dia";"Crescente";"Sol";"Dupla";"Curva";"Não";1;0;0;1;0;0;1;1;-25,84420191;-49,0604381;"SPRF-PR";"DEL01-PR";"UOP04-DEL01-PR"
317629;2020-08-18;"terça-feira";"06:10:00";"MG";365;8,7;"MONTES CLAROS";"Animais na Pista";"Atropelamento de Animal";"Com Vítimas Feridas";"Pleno dia";"Decrescente";"Ignorado";"Simples";"Reta";"Não";2;0;1;1;0;0;2;1;-16,82520841;-43,92266795;"SPRF-MG";"DEL12-MG";"UOP01-DEL12-MG"
317630;2020-10-28;"quarta-feira";"16:40:00";"ES";101;260,9;"SERRA";"Falta de Atenção à Condução";"Colisão lateral";"Com Vítimas Feridas";"Pleno dia";"Crescente";"Nublado";"Dupla";"Curva";"Não";4;0;2;0;2;0;2;3;-20,14616415;-40,28836206;"SPRF-ES";"DEL02-ES";"UOP01-DEL02-ES"
317631;2020-10-28;"quarta-feira";"16:00:00";"PE";408;85,5;"PAUDALHO";"Desobediência às normas de trânsito pelo condutor";"Saída de leito carroçável";"Com Vítimas Feridas";"Pleno dia";"Decrescente";"Sol";"Dupla";"Curva";"Não";1;0;0;1;0;0;1;1;-7,956804;-35,09932;"SPRF-PE";"DEL01-PE";"UOP01-DEL01-PE"
317633;2020-10-28;"quarta-feira";"17:10:00";"SC";101;204;"SAO JOSE";"Falta de Atenção à Condução";"Queda de ocupante de veículo";"Com Vítimas Feridas";"Pleno dia";"Decrescente";"Céu Claro";"Múltipla";"Reta";"Sim";1;0;1;0;0;0;1;1;-27,57413014;-48,61363083;"SPRF-SC";"DEL01-SC";"UOP01-DEL01-SC"
317638;2020-10-28;"quarta-feira";"17:50:00";"MG";381;494;"BETIM";"Falta de Atenção à Condução";"Tombamento";"Com Vítimas Feridas";"Anoitecer";"Decrescente";"Nublado";"Simples";"Rotatória";"Sim";1;0;1;0;0;0;1;1;-19,967238;-44,177676;"SPRF-MG";"DEL01-MG";"UOP03-DEL01-MG"
317639;2020-10-28;"quarta-feira";"17:45:00";"RS";290;87;"PORTO ALEGRE";"Falta de Atenção à Condução";"Colisão traseira";"Com Vítimas Feridas";"Pleno dia";"Decrescente";"Céu Claro";"Dupla";"Reta";"Não";3;0;1;0;2;0;1;3;-29,967838;-51,127197;"SPRF-RS";"DEL01-RS";"UOP01-DEL01-RS"
317640;2020-10-12;"segunda-feira";"20:00:00";"GO";60;234;"INDIARA";"Pista Escorregadia";"Saída de leito carroçável";"Com Vítimas Feridas";"Plena Noite";"Crescente";"Chuva";"Dupla";"Reta";"Não";1;0;0;1;0;0;1;1;-17,0757;-49,8215;"SPRF-GO";"DEL01-GO";"UOP02-DEL01-GO"
317641;2020-10-28;"quarta-feira";"18:00:00";"RN";101;95,5;"NATAL";"Não guardar distância de segurança";"Colisão traseira";"Com Vítimas Feridas";"Plena Noite";"Crescente";"Céu Claro";"Múltipla";"Reta";"Sim";2;0;1;0;1;0;1;2;-5,84185259;-35,21018386;"SPRF-RN";"DEL01-RN";"UOP01-DEL01-RN"
317642;2020-10-28;"quarta-feira";"18:05:00";"PE";408;95,9;"SAO LOURENCO DA MATA";"Falta de Atenção à Condução";"Colisão com objeto estático";"Com Vítimas Feridas";"Plena Noite";"Crescente";"Céu Claro";"Dupla";"Reta";"Não";1;0;1;0;0;0;1;1;-8,022055;-35,04066;"SPRF-PE";"DEL01-PE";"UOP01-DEL01-PE"
317643;2020-10-28;"quarta-feira";"17:20:00";"SP";116;174;"JACAREI";"Falta de Atenção à Condução";"Colisão traseira";"Com Vítimas Feridas";"Pleno dia";"Crescente";"Céu Claro";"Dupla";"Aclive";"Não";2;0;1;0;1;0;1;2;-23,32057287;-46,09074403;"SPRF-SP";"DEL02-SP";"UOP01-DEL02-SP"
317644;2020-10-28;"quarta-feira";"18:15:00";"PA";163;1003;"SANTAREM";"Falta de Atenção à Condução";"Colisão traseira";"Com Vítimas Feridas";"Anoitecer";"Crescente";"Céu Claro";"Simples";"Reta";"Sim";2;0;2;0;0;0;2;2;-2,44688525;-54,73048152;"SPRF-PA";"DEL05-PA";"UOP01-DEL05-PA"
317646;2020-10-28;"quarta-feira";"18:30:00";"PR";376;174,6;"MARINGA";"Não guardar distância de segurança";"Colisão lateral";"Com Vítimas Feridas";"Anoitecer";"Crescente";"Céu Claro";"Dupla";"Declive";"Sim";2;0;1;0;1;0;1;2;-23,41430102;-51,94984299;"SPRF-PR";"DEL09-PR";"UOP01-DEL09-PR"
317648;2020-10-28;"quarta-feira";"18:00:00";"MG";116;277,8;"TEOFILO OTONI";"Desobediência às normas de trânsito pelo condutor";"Colisão transversal";"Com Vítimas Feridas";"Anoitecer";"Decrescente";"Nublado";"Simples";"Retorno Regulamentado";"Sim";2;0;1;0;1;0;1;2;-17,859945;-41,515144;"SPRF-MG";"DEL11-MG";"UOP01-DEL11-MG"
317649;2020-10-28;"quarta-feira";"18:30:00";"MG";40;528;"CONTAGEM";"Falta de Atenção à Condução";"Tombamento";"Com Vítimas Feridas";"Plena Noite";"Crescente";"Ignorado";"Dupla";"Aclive";"Sim";1;0;1;0;0;0;1;1;-19,90883179;-44,04436577;"SPRF-MG";"DEL01-MG";"UOP02-DEL01-MG"
317651;2020-10-28;"quarta-feira";"18:50:00";"PE";101;63;"RECIFE";"Falta de Atenção à Condução";"Colisão traseira";"Sem Vítimas";"Plena Noite";"Decrescente";"Vento";"Múltipla";"Reta";"Sim";2;0;0;0;1;1;0;2;-8,00800604;-34,93756535;"SPRF-PE";"DEL01-PE";"UOP01-DEL01-PE"
317652;2020-10-28;"quarta-feira";"18:30:00";"RS";101;6;"TORRES";"Falta de Atenção à Condução";"Colisão com objeto estático";"Com Vítimas Feridas";"Anoitecer";"Crescente";"Céu Claro";"Dupla";"Reta;Em Obras";"Sim";2;0;1;1;0;0;2;1;-29,34755416;-49,79310885;"SPRF-RS";"DEL03-RS";"UOP02-DEL03-RS"
317653;2020-10-28;"quarta-feira";"18:44:00";"PB";230;2;"CABEDELO";"Falta de Atenção à Condução";"Colisão traseira";"Com Vítimas Feridas";"Plena Noite";"Decrescente";"Céu Claro";"Simples";"Reta";"Sim";3;0;2;0;1;0;2;3;-6,9837;-34,8295;"SPRF-PB";"DEL01-PB";"UOP01-DEL01-PB"
317654;2020-10-28;"quarta-feira";"17:35:00";"MT";163;668;"LUCAS DO RIO VERDE";"Falta de Atenção à Condução";"Saída de leito carroçável";"Com Vítimas Feridas";"Anoitecer";"Crescente";"Nublado";"Simples";"Reta";"Não";2;0;2;0;0;0;2;1;-13,3396959;-56,05511323;"SPRF-MT";"DEL06-MT";"UOP01-DEL06-MT"
317655;2020-10-28;"quarta-feira";"19:00:00";"PR";376;4,1;"APUCARANA";"Não guardar distância de segurança";"Colisão traseira";"Com Vítimas Feridas";"Plena Noite";"Decrescente";"Céu Claro";"Simples";"Reta";"Sim";3;0;1;0;1;1;1;3;-23,55596217;-51,44365311;"SPRF-PR";"DEL07-PR";"UOP03-DEL07-PR"
317656;2020-10-28;"quarta-feira";"17:45:00";"SP";116;65;"GUARATINGUETA";"Falta de Atenção à Condução";"Colisão transversal";"Com Vítimas Feridas";"Anoitecer";"Decrescente";"Nublado";"Dupla";"Rotatória";"Sim";2;0;0;1;1;0;1;2;-22,823273;-45,192806;"SPRF-SP";"DEL08-SP";"UOP01-DEL08-SP"
317657;2020-10-28;"quarta-feira";"19:10:00";"SC";470;64,8;"INDAIAL";"Desobediência às normas de trânsito pelo condutor";"Colisão transversal";"Com Vítimas Feridas";"Plena Noite";"Crescente";"Céu Claro";"Simples";"Reta";"Sim";3;0;0;2;1;0;2;2;-26,87024253;-49,21046675;"SPRF-SC";"DEL04-SC";"UOP01-DEL04-SC"
317658;2020-10-28;"quarta-feira";"18:00:00";"DF";70;8;"BRASILIA";"Desobediência às normas de trânsito pelo condutor";"Atropelamento de Pedestre";"Com Vítimas Feridas";"Anoitecer";"Crescente";"Nublado";"Dupla";"Reta";"Sim";2;0;1;0;1;0;1;2;-15,784966;-48,122108;"SPRF-DF";"DEL03-DF";"UOP02-DEL03-DF"
317659;2020-10-28;"quarta-feira";"16:20:00";"MS";163;256;"DOURADOS";"Falta de Atenção à Condução";"Tombamento";"Com Vítimas Feridas";"Pleno dia";"Decrescente";"Céu Claro";"Dupla";"Curva";"Sim";1;0;0;1;0;0;1;1;-22,25864018;-54,80290934;"SPRF-MS";"DEL04-MS";"UOP01-DEL04-MS"
317661;2020-10-28;"quarta-feira";"18:00:00";"RR";174;8;"BOA VISTA";"Pista Escorregadia";"Saída de leito carroçável";"Com Vítimas Feridas";"Plena Noite";"Decrescente";"Céu Claro";"Simples";"Curva";"Não";3;0;2;0;1;0;2;1;2,819364;-60,673775;"SPRF-RR";"DEL01-RR";"UOP01-DEL01-RR"