"id";"data_inversa";"dia_semana";"horario";"uf";"br";"km";"municipio";"causa_acidente";"tipo_acidente";"classificacao_acidente";"fase_dia";"sentido_via";"condicao_metereologica";"tipo_pista";"tracado_via";"uso_solo";"pessoas";"mortos";"feridos_leves";"feridos_graves";"ilesos";"ignorados";"feridos";"veiculos";"latitude";"longitude";"regional";"delegacia";"uop"
317664;2020-10-28;"quarta-feira";"19:35:00";"PB";230;24;"JOAO PESSOA";"Falta de Atenção do Pedestre";"Atropelamento de Pedestre";"Com Vítimas Feridas";"Plena Noite";"Decrescente";"Céu Claro";"Dupla";"Reta";"Sim";3;0;0;1;1;1;1;2;-7,1637;-34,8618;"SPRF-PB";"DEL01-PB";"UOP01-DEL01-PB"
317666;2020-10-28;"quarta-feira";"17:30:00";"MG";381;938;"EXTREMA";"Falta de Atenção à Condução";"Capotamento";"Com Vítimas Feridas";"Plena Noite";"Crescente";"Nublado";"Dupla";"Retorno Regulamentado";"Não";1;0;1;0;0;0;1;1;-22,83909203;-46,32850893;"SPRF-MG";"DEL16-MG";"UOP03-DEL16-MG"
317667;2020-10-28;"quarta-feira";"15:20:00";"MT";70;271;"PRIMAVERA DO LESTE";"Falta de Atenção à Condução";"Saída de leito carroçável";"Com Vítimas Feridas";"Pleno dia";"Decrescente";"Nublado";"Simples";"Reta";"Não";2;0;0;2;0;0;2;1;-15,53359132;-54,22132584;"SPRF-MT";"DEL05-MT";"UOP01-DEL05-MT"
317668;2020-10-28;"quarta-feira";"19:45:00";"SC";101;306,4;"LAGUNA";"Falta de Atenção à Condução";"Saída de leito carroçável";"Com Vítimas Feridas";"Plena Noite";"Decrescente";"Céu Claro";"Dupla";"Reta";"Sim";1;0;1;0;0;0;1;1;-28,38437001;-48,77113299;"SPRF-SC";"DEL02-SC";"UOP03-DEL02-SC"
317669;2020-10-28;"quarta-feira";"20:03:00";"ES";101;447,9;"MIMOSO DO SUL";"Velocidade Incompatível";"Colisão com objeto estático";"Com Vítimas Feridas";"Plena Noite";"Crescente";"Céu Claro";"Simples";"Curva";"Não";3;0;2;0;1;0;2;1;-21,12405791;-41,27538314;"SPRF-ES";"DEL03-ES";"UOP02-DEL03-ES"
317670;2020-10-28;"quarta-feira";"18:00:00";"CE";116;85,9;"CASCAVEL";"Defeito na Via";"Colisão com objeto estático";"Com Vítimas Feridas";"Plena Noite";"Decrescente";"Céu Claro";"Simples";"Reta;Em Obras";"Não";2;0;0;1;0;1;1;2;-4,42880125;-38,39808717;"SPRF-CE";"DEL03-CE";"UOP02-DEL03-CE"
317673;2020-10-28;"quarta-feira";"19:30:00";"SP";116;227;"GUARULHOS";"Falta de Atenção à Condução";"Colisão traseira";"Com Vítimas Feridas";"Plena Noite";"Decrescente";"Nublado";"Dupla";"Reta";"Sim";2;0;1;0;1;0;1;2;-23,49659264;-46,55648754;"SPRF-SP";"DEL01-SP";"UOP01-DEL01-SP"
317674;2020-10-28;"quarta-feira";"20:20:00";"PR";369;27,7;"CAMBARA";"Desobediência às normas de trânsito pelo condutor";"Colisão frontal";"Com Vítimas Feridas";"Plena Noite";"Crescente";"Céu Claro";"Simples";"Reta";"Não";7;0;6;0;1;0;6;2;-23,03654067;-50,1598835;"SPRF-PR";"DEL07-PR";"UOP01-DEL07-PR"
317675;2020-10-28;"quarta-feira";"20:20:00";"SC";101;207;"SAO JOSE";"Falta de Atenção à Condução";"Colisão transversal";"Com Vítimas Feridas";"Plena Noite";"Decrescente";"Céu Claro";"Múltipla";"Interseção de Vias";"Sim";2;0;1;0;1;0;1;2;-27,60001226;-48,6226467;"SPRF-SC";"DEL01-SC";"UOP01-DEL01-SC"
317676;2020-10-28;"quarta-feira";"17:45:00";"MA";316;553;"CAXIAS";"Ingestão de Álcool";"Colisão transversal";"Com Vítimas Feridas";"Plena Noite";"Crescente";"Céu Claro";"Simples";"Rotatória";"Sim";2;0;1;0;1;0;1;2;-4,877648;-43,338158;"SPRF-MA";"DEL03-MA";"UOP02-DEL03-MA"
317678;2020-10-28;"quarta-feira";"20:33:00";"RJ";40;104;"DUQUE DE CAXIAS";"Restrição de Visibilidade";"Colisão transversal";"Com Vítimas Feridas";"Plena Noite";"Crescente";"Nublado";"Dupla";"Curva";"Sim";3;0;1;0;2;0;1;2;-22,62897902;-43,28579508;"SPRF-RJ";"DEL01-RJ";"UOP01-DEL01-RJ"
317679;2020-10-28;"quarta-feira";"20:30:00";"SC";470;67,9;"INDAIAL";"Desobediência às normas de trânsito pelo condutor";"Colisão traseira";"Com Vítimas Feridas";"Plena Noite";"Crescente";"Céu Claro";"Simples";"Interseção de Vias;Declive;Reta";"Sim";2;0;1;0;1;0;1;2;-26,87843321;-49,24029442;"SPRF-SC";"DEL04-SC";"UOP01-DEL04-SC"
317681;2020-10-28;"quarta-feira";"20:05:00";"MT";364;204;"RONDONOPOLIS";"Desobediência às normas de trânsito pelo condutor";"Colisão transversal";"Com Vítimas Feridas";"Plena Noite";"Crescente";"Nublado";"Dupla";"Aclive;Rotatória";"Sim";3;0;2;0;1;0;2;2;-16,467325;-54,657196;"SPRF-MT";"DEL02-MT";"UOP01-DEL02-MT"
317684;2020-10-28;"quarta-feira";"21:10:00";"PE";101;47,4;"IGARASSU";"Falta de Atenção à Condução";"Colisão com objeto estático";"Sem Vítimas";"Plena Noite";"Crescente";"Nublado";"Dupla";"Reta";"Sim";2;0;0;0;1;1;0;1;-7,88290701;-34,90461208;"SPRF-PE";"DEL01-PE";"UOP02-DEL01-PE"
317687;2020-10-28;"quarta-feira";"22:25:00";"SP";116;323;"JUQUITIBA";"Falta de Atenção do Pedestre";"Atropelamento de Pedestre";"Com Vítimas Feridas";"Plena Noite";"Crescente";"Céu Claro";"Dupla";"Reta";"Não";2;0;0;1;1;0;1;2;-23,937651;-47,037926;"SPRF-SP";"DEL04-SP";"UOP01-DEL04-SP"
317688;2020-10-21;"quarta-feira";"07:15:00";"MG";381;443;"SANTA LUZIA";"Ultrapassagem Indevida";"Colisão frontal";"Com Vítimas Feridas";"Pleno dia";"Crescente";"Chuva";"Simples";"Declive;Reta";"Não";5;0;3;1;1;0;4;3;-19,8095288;-43,7908867;"SPRF-MG";"DEL01-MG";"UOP01-DEL01-MG"
317691;2020-10-28;"quarta-feira";"23:30:00";"PR";277;104,5;"CAMPO LARGO";"Falta de Atenção à Condução";"Tombamento";"Sem Vítimas";"Plena Noite";"Crescente";"Céu Claro";"Dupla";"Reta;Em Obras;Interseção de Vias";"Não";1;0;0;0;0;1;0;1;-25,49678798;-49,3426549;"SPRF-PR";"DEL01-PR";"UOP01-DEL01-PR"
317694;2020-10-28;"quarta-feira";"23:45:00";"SC";280;123,3;"RIO NEGRINHO";"Falta de Atenção à Condução";"Colisão transversal";"Com Vítimas Feridas";"Plena Noite";"Decrescente";"Céu Claro";"Simples";"Reta";"Sim";2;0;0;2;0;0;2;2;-26,24420169;-49,46557991;"SPRF-SC";"DEL06-SC";"UOP03-DEL06-SC"
317697;2020-10-29;"quinta-feira";"00:05:00";"DF";40;0,3;"BRASILIA";"Velocidade Incompatível";"Tombamento";"Com Vítimas Feridas";"Plena Noite";"Crescente";"Céu Claro";"Dupla";"Viaduto";"Não";2;0;2;0;0;0;2;1;-15,976897;-47,990129;"SPRF-DF";"DEL01-DF";"UOP01-DEL01-DF"
317698;2020-10-28;"quarta-feira";"21:00:00";"AM";174;910;"MANAUS";"Defeito Mecânico no Veículo";"Queda de ocupante de veículo";"Com Vítimas Feridas";"Plena Noite";"Decrescente";"Garoa/Chuvisco";"Simples";"Curva";"Não";2;0;2;0;0;0;2;1;-2,74460598;-60,04346489;"SPRF-AM";"DEL01-AM";"UOP01-DEL01-AM"
317699;2020-10-28;"quarta-feira";"21:20:00";"MG";381;420;"CAETE";"Defeito na Via";"Colisão com objeto estático";"Com Vítimas Feridas";"Plena Noite";"Crescente";"Nublado";"Simples";"Curva";"Não";1;0;1;0;0;0;1;1;-19,77712975;-43,65501412;"SPRF-MG";"DEL01-MG";"UOP01-DEL01-MG"
317704;2020-10-29;"quinta-feira";"01:00:00";"PB";101;87,8;"JOAO PESSOA";"Condutor Dormindo";"Saída de leito carroçável";"Com Vítimas Feridas";"Plena Noite";"Decrescente";"Céu Claro";"Dupla";"Curva";"Sim";2;0;2;0;0;0;2;1;-7,15886802;-34,90628504;"SPRF-PB";"DEL01-PB";"UOP01-DEL01-PB"
317706;2020-10-29;"quinta-feira";"00:15:00";"SC";153;13,8;"AGUA DOCE";"Falta de Atenção à Condução";"Saída de leito carroçável";"Com Vítimas Fatais";"Plena Noite";"Crescente";"Céu Claro";"Simples";"Reta";"Não";2;1;1;0;0;0;1;1;-26,700307;-51,577069;"SPRF-SC";"DEL07-SC";"UOP05-DEL07-SC"
317707;2020-10-29;"quinta-feira";"01:30:00";"PE";423;118,5;"PARANATAMA";"Ingestão de Álcool";"Colisão frontal";"Com Vítimas Fatais";"Plena Noite";"Decrescente";"Nublado";"Simples";"Reta";"Não";5;1;2;2;0;0;4;2;-8,91059049;-36,68432057;"SPRF-PE";"DEL03-PE";"UOP01-DEL03-PE"
317709;2020-10-29;"quinta-feira";"04:00:00";"RJ";116;135;"MAGE";"Animais na Pista";"Atropelamento de Animal";"Com Vítimas Feridas";"Plena Noite";"Crescente";"Céu Claro";"Dupla";"Reta";"Não";2;0;2;0;0;0;2;1;-22,65225773;-43,16309893;"SPRF-RJ";"DEL04-RJ";"UOP02-DEL04-RJ"
317712;2020-10-29;"quinta-feira";"00:30:00";"MG";40;800,1;"JUIZ DE FORA";"Velocidade Incompatível";"Saída de leito carroçável";"Sem Vítimas";"Plena Noite";"Decrescente";"Céu Claro";"Dupla";"Reta;Aclive";"Não";1;0;0;0;1;0;0;1;-21,82950113;-43,37323666;"SPRF-MG";"DEL05-MG";"UOP01-DEL05-MG"
317713;2020-10-29;"quinta-feira";"01:30:00";"PE";232;470;"MIRANDIBA";"Falta de Atenção à Condução";"Colisão frontal";"Com Vítimas Fatais";"Plena Noite";"Crescente";"Céu Claro";"Simples";"Reta";"Sim";3;1;0;2;0;0;2;2;-8,01983329;-38,80194613;"SPRF-PE";"DEL05-PE";"UOP01-DEL05-PE"
317716;2020-10-29;"quinta-feira";"05:00:00";"RJ";40;123;"DUQUE DE CAXIAS";"Falta de Atenção à Condução";"Colisão com objeto estático";"Sem Vítimas";"Amanhecer";"Crescente";"Nublado";"Múltipla";"Curva";"Sim";1;0;0;0;0;1;0;1;-22,79907687;-43,29015739;"SPRF-RJ";"DEL01-RJ";"UOP01-DEL01-RJ"
317718;2020-10-29;"quinta-feira";"06:20:00";"PE";101;71;"RECIFE";"Desobediência às normas de trânsito pelo condutor";"Colisão transversal";"Com Vítimas Feridas";"Pleno dia";"Decrescente";"Céu Claro";"Dupla";"Reta";"Sim";3;0;1;0;2;0;1;2;-8,07663102;-34,94277871;"SPRF-PE";"DEL01-PE";"UOP01-DEL01-PE"
317719;2020-10-29;"quinta-feira";"06:20:00";"PA";163;1003,3;"SANTAREM";"Desobediência às normas de trânsito pelo condutor";"Colisão transversal";"Com Vítimas Feridas";"Pleno dia";"Decrescente";"Céu Claro";"Simples";"Interseção de Vias";"Sim";3;0;0;1;1;1;1;2;-2,44688525;-54,73048152;"SPRF-PA";"DEL05-PA";"UOP01-DEL05-PA"
317720;2020-10-29;"quinta-feira";"06:25:00";"GO";153;491;"GOIANIA";"Animais na Pista";"Atropelamento de Animal";"Com Vítimas Feridas";"Pleno dia";"Decrescente";"Nublado";"Dupla";"Reta";"Sim";1;0;1;0;0;0;1;1;-16,639;-49,2063;"SPRF-GO";"DEL01-GO";"UOP01-DEL01-GO"
317721;2020-10-29;"quinta-feira";"05:40:00";"RJ";101;273;"TANGUA";"Falta de Atenção à Condução";"Saída de leito carroçável";"Com Vítimas Feridas";"Amanhecer";"Decrescente";"Nublado";"Dupla";"Reta";"Sim";1;0;1;0;0;0;1;1;-22,7316093;-42,71051285;"SPRF-RJ";"DEL02-RJ";"UOP03-DEL02-RJ"
317722;2020-10-29;"quinta-feira";"07:00:00";"DF";40;2,3;"BRASILIA";"Falta de Atenção à Condução";"Colisão lateral";"Com Vítimas Feridas";"Pleno dia";"Decrescente";"Sol";"Dupla";"Reta";"Sim";3;0;2;0;1;0;2;2;-15,99435;-47,985947;"SPRF-DF";"DEL01-DF";"UOP01-DEL01-DF"
317725;2020-05-10;"domingo";"05:40:00";"RN";110;46;"MOSSORO";"Falta de Atenção à Condução";"Colisão transversal";"Com Vítimas Feridas";"Pleno dia";"Decrescente";"Céu Claro";"Simples";"Reta";"Sim";2;0;1;1;0;0;2;2;-5,198084;-37,31860584;"SPRF-RN";"DEL04-RN";"UOP01-DEL04-RN"
317726;2020-10-29;"quinta-feira";"06:00:00";"MG";381;495,9;"BETIM";"Velocidade Incompatível";"Colisão com objeto estático";"Com Vítimas Feridas";"Amanhecer";"Decrescente";"Nublado";"Dupla";"Retorno Regulamentado";"Sim";1;0;1;0;0;0;1;1;-19,98890883;-44,20522016;"SPRF-MG";"DEL01-MG";"UOP03-DEL01-MG"
317727;2020-10-21;"quarta-feira";"13:20:00";"PR";369;22,5;"CAMBARA";"Falta de Atenção à Condução";"Tombamento";"Com Vítimas Feridas";"Pleno dia";"Crescente";"Céu Claro";"Simples";"Reta";"Não";1;0;0;1;0;0;1;1;-23,04290229;-50,10352492;"SPRF-PR";"DEL07-PR";"UOP01-DEL07-PR"
317728;2020-10-29;"quinta-feira";"07:30:00";"SP";116;275;"TABOAO DA SERRA";"Falta de Atenção à Condução";"Tombamento";"Com Vítimas Feridas";"Pleno dia";"Decrescente";"Céu Claro";"Dupla";"Reta";"Sim";1;0;1;0;0;0;1;1;-23,63638826;-46,83251584;"SPRF-SP";"DEL04-SP";"UOP01-DEL04-SP"
317729;2020-10-29;"quinta-feira";"06:30:00";"PB";230;333,4;"PATOS";"Falta de Atenção à Condução";"Colisão traseira";"Com Vítimas Fatais";"Pleno dia";"Crescente";"Céu Claro";"Simples";"Reta";"Sim";5;1;3;1;0;0;4;2;-7,0193;-37,2493;"SPRF-PB";"DEL03-PB";"UOP01-DEL03-PB"
317731;2020-10-29;"quinta-feira";"06:20:00";"MT";70;736,4;"CACERES";"Condutor Dormindo";"Saída de leito carroçável";"Com Vítimas Feridas";"Pleno dia";"Decrescente";"Céu Claro";"Simples";"Reta";"Não";3;0;1;0;2;0;1;1;-16,1275602;-57,65874627;"SPRF-MT";"DEL03-MT";"UOP01-DEL03-MT"
317732;2020-10-29;"quinta-feira";"07:15:00";"SC";101;145;"ITAPEMA";"Avarias e/ou desgaste excessivo no pneu";"Tombamento";"Com Vítimas Feridas";"Pleno dia";"Decrescente";"Céu Claro";"Dupla";"Reta";"Não";2;0;0;1;1;0;1;1;-27,08139206;-48,60130993;"SPRF-SC";"DEL04-SC";"UOP03-DEL04-SC"
317734;2020-10-29;"quinta-feira";"06:45:00";"PB";230;121;"RIACHAO DO BACAMARTE";"Condutor Dormindo";"Saída de leito carroçável";"Sem Vítimas";"Pleno dia";"Decrescente";"Céu Claro";"Dupla";"Curva";"Não";1;0;0;0;1;0;0;1;-7,2452;-35,649;"SPRF-PB";"DEL02-PB";"UOP01-DEL02-PB"
317735;2020-10-29;"quinta-feira";"06:50:00";"CE";20;206;"BOA VIAGEM";"Falta de Atenção à Condução";"Colisão traseira";"Com Vítimas Feridas";"Pleno dia";"Decrescente";"Céu Claro";"Simples";"Reta";"Não";2;0;1;0;0;1;1;2;-5,10980224;-39,71910555;"SPRF-CE";"DEL02-CE";"UOP02-DEL02-CE"
317736;2020-10-29;"quinta-feira";"07:50:00";"RN";101;104,5;"PARNAMIRIM";"Não guardar distância de segurança";"Colisão traseira";"Com Vítimas Feridas";"Pleno dia";"Decrescente";"Céu Claro";"Dupla";"Reta";"Sim";5;0;0;2;3;0;2;4;-5,892745;-35,257225;"SPRF-RN";"DEL01-RN";"UOP01-DEL01-RN"
317737;2020-10-29;"quinta-feira";"08:00:00";"MG";40;650,5;"CRISTIANO OTONI";"Falta de Atenção à Condução";"Saída de leito carroçável";"Com Vítimas Feridas";"Pleno dia";"Crescente";"Céu Claro";"Simples";"Reta";"Não";2;0;2;0;0;0;2;1;-20,82568197;-43,80917592;"SPRF-MG";"DEL05-MG";"UOP02-DEL05-MG"
317739;2020-10-29;"quinta-feira";"07:50:00";"SP";116;225;"GUARULHOS";"Falta de Atenção à Condução";"Queda de ocupante de veículo";"Com Vítimas Feridas";"Pleno dia";"Decrescente";"Céu Claro";"Múltipla";"Reta";"Sim";1;0;1;0;0;0;1;1;-23,48586772;-46,54075317;"SPRF-SP";"DEL01-SP";"UOP01-DEL01-SP"
317742;2020-10-29;"quinta-feira";"07:45:00";"SP";116;280;"EMBU DAS ARTES";"Falta de Atenção à Condução";"Engavetamento";"Sem Vítimas";"Pleno dia";"Crescente";"Céu Claro";"Dupla";"Reta";"Sim";3;0;0;0;3;0;0;3;-23,649285;-46,844983;"SPRF-SP";"DEL04-SP";"UOP01-DEL04-SP"
317744;2020-10-29;"quinta-feira";"07:25:00";"RO";364;357;"JI-PARANA";"Defeito Mecânico no Veículo";"Tombamento";"Com Vítimas Feridas";"Pleno dia";"Decrescente";"Chuva";"Simples";"Declive";"Não";7;0;5;0;2;0;5;1;-10,79554985;-62,03325391;"SPRF-RO";"DEL02-RO";"UOP01-DEL02-RO"
317745;2020-10-29;"quinta-feira";"07:40:00";"MG";40;510;"RIBEIRAO DAS NEVES";"Desobediência às normas de trânsito pelo condutor";"Colisão lateral";"Com Vítimas Feridas";"Pleno dia";"Crescente";"Céu Claro";"Dupla";"Reta;Aclive";"Sim";7;0;1;0;6;0;1;3;-19,77463885;-44,12321882;"SPRF-MG";"DEL01-MG";"UOP02-DEL01-MG"
317746;2020-10-25;"domingo";"22:25:00";"RJ";101;324,5;"NITEROI";"Velocidade Incompatível";"Colisão traseira";"Com Vítimas Feridas";"Plena Noite";"Decrescente";"Nublado";"Dupla";"Reta";"Sim";4;0;2;0;2;0;2;2;-22,87381074;-43,12640997;"SPRF-RJ";"DEL02-RJ";"UOP02-DEL02-RJ"
317747;2020-10-29;"quinta-feira";"08:45:00";"SP";116;292;"ITAPECERICA DA SERRA";"Falta de Atenção à Condução";"Queda de ocupante de veículo";"Sem Vítimas";"Pleno dia";"Decrescente";"Céu Claro";"Simples";"Curva";"Não";2;0;0;0;2;0;0;2;-23,74581995;-46,90003027;"SPRF-SP";"DEL04-SP";"UOP01-DEL04-SP"
317748;2020-10-29;"quinta-feira";"09:20:00";"SC";101;117,5;"ITAJAI";"Falta de Atenção à Condução";"Colisão traseira";"Com Vítimas Feridas";"Pleno dia";"Crescente";"Céu Claro";"Múltipla";"Reta";"Sim";2;0;1;0;1;0;1;2;-26,88747187;-48,72252969;"SPRF-SC";"DEL04-SC";"UOP04-DEL04-SC"
317749;2020-10-29;"quinta-feira";"07:48:00";"MS";163;462;"CAMPO GRANDE";"Desobediência às normas de trânsito pelo condutor";"Colisão lateral";"Com Vítimas Feridas";"Pleno dia";"Crescente";"Chuva";"Simples";"Reta";"Não";3;0;1;0;2;0;1;2;-20,62069293;-54,5742707;"SPRF-MS";"DEL01-MS";"UOP01-DEL01-MS"
317754;2020-10-29;"quinta-feira";"07:30:00";"PA";222;218;"BOM JESUS DO TOCANTINS";"Falta de Atenção à Condução";"Saída de leito carroçável";"Com Vítimas Feridas";"Pleno dia";"Decrescente";"Céu Claro";"Simples";"Reta";"Não";2;0;2;0;0;0;2;1;-5,180754;-48,979069;"SPRF-PA";"DEL03-PA";"UOP01-DEL03-PA"
317756;2020-10-29;"quinta-feira";"09:55:00";"SC";101;127,1;"ITAJAI";"Defeito Mecânico no Veículo";"Tombamento";"Com Vítimas Feridas";"Pleno dia";"Crescente";"Nublado";"Dupla";"Curva";"Não";2;0;2;0;0;0;2;1;-26,9639319;-48,68328024;"SPRF-SC";"DEL04-SC";"UOP04-DEL04-SC"
317759;2020-10-29;"quinta-feira";"08:10:00";"MT";70;668;"CACERES";"Velocidade Incompatível";"Saída de leito carroçável";"Com Vítimas Feridas";"Pleno dia";"Decrescente";"Nublado";"Simples";"Reta";"Sim";4;0;1;0;3;0;1;1;-16,03596274;-57,2517562;"SPRF-MT";"DEL03-MT";"UOP02-DEL03-MT"
317762;2020-10-29;"quinta-feira";"10:40:00";"SC";282;6,3;"SAO JOSE";"Falta de Atenção à Condução";"Colisão traseira";"Sem Vítimas";"Pleno dia";"Crescente";"Céu Claro";"Dupla";"Curva";"Sim";2;0;0;0;2;0;0;2;-27,591936;-48,618244;"SPRF-SC";"DEL01-SC";"UOP01-DEL01-SC"
317764;2020-10-29;"quinta-feira";"11:30:00";"MG";381;852,1;"POUSO ALEGRE";"Falta de Atenção à Condução";"Saída de leito carroçável";"Com Vítimas Feridas";"Pleno dia";"Crescente";"Céu Claro";"Dupla";"Reta";"Não";2;0;1;0;1;0;1;1;-22,25320894;-45,88799972;"SPRF-MG";"DEL16-MG";"UOP01-DEL16-MG"
317765;2020-10-29;"quinta-feira";"11:00:00";"CE";20;414,4;"MARACANAU";"Desobediência às normas de trânsito pelo condutor";"Colisão lateral";"Com Vítimas Feridas";"Pleno dia";"Decrescente";"Céu Claro";"Múltipla";"Retorno Regulamentado";"Sim";2;0;0;1;1;0;1;2;-3,82088496;-38,63028115;"SPRF-CE";"DEL01-CE";"UOP01-DEL01-CE"
317769;2020-10-29;"quinta-feira";"11:59:00";"ES";262;6,6;"CARIACICA";"Desobediência às normas de trânsito pelo pedestre";"Atropelamento de Pedestre";"Com Vítimas Feridas";"Pleno dia";"Decrescente";"Nublado";"Múltipla";"Reta";"Sim";2;0;1;0;1;0;1;2;-20,34274674;-40,40061604;"SPRF-ES";"DEL01-ES";"UOP01-DEL01-ES"
317770;2020-10-29;"quinta-feira";"11:00:00";"ES";101;266;"SERRA";"Falta de Atenção à Condução";"Tombamento";"Com Vítimas Feridas";"Pleno dia";"Crescente";"Nublado";"Múltipla";"Reta";"Sim";1;0;1;0;0;0;1;1;-20,190199;-40,26828891;"SPRF-ES";"DEL02-ES";"UOP01-DEL02-ES"
317771;2020-10-29;"quinta-feira";"09:10:00";"RJ";393;220;"VASSOURAS";"Objeto estático sobre o leito carroçável";"Colisão com objeto em movimento";"Com Vítimas Feridas";"Pleno dia";"Crescente";"Céu Claro";"Simples";"Aclive";"Não";1;0;1;0;0;0;1;1;-22,31476053;-43,52216514;"SPRF-RJ";"DEL05-RJ";"UOP03-DEL05-RJ"
317773;2020-10-29;"quinta-feira";"09:30:00";"MS";158;21,2;"PARANAIBA";"Velocidade Incompatível";"Saída de leito carroçável";"Com Vítimas Feridas";"Pleno dia";"Crescente";"Nublado";"Simples";"Reta";"Não";2;0;0;2;0;0;2;1;-19,18976295;-51,57850298;"SPRF-MS";"DEL08-MS";"UOP01-DEL08-MS"
317774;2020-10-29;"quinta-feira";"09:05:00";"MG";50;130;"UBERABA";"Velocidade Incompatível";"Saída de leito carroçável";"Com Vítimas Feridas";"Pleno dia";"Crescente";"Céu Claro";"Dupla";"Reta";"Não";2;0;2;0;0;0;2;1;-19,38989597;-48,07678044;"SPRF-MG";"DEL13-MG";"UOP01-DEL13-MG"
317776;2020-10-29;"quinta-feira";"08:50:00";"SC";101;137;"BALNEARIO CAMBORIU";"Falta de Atenção à Condução";"Colisão lateral";"Com Vítimas Feridas";"Pleno dia";"Decrescente";"Nublado";"Dupla";"Reta";"Sim";2;0;1;0;0;1;1;2;-27,0157238;-48,61192763;"SPRF-SC";"DEL04-SC";"UOP03-DEL04-SC"
317777;2020-10-29;"quinta-feira";"12:30:00";"RS";116;108;"ELDORADO DO SUL";"Desobediência às normas de trânsito pelo condutor";"Colisão transversal";"Com Vítimas Feridas";"Pleno dia";"Decrescente";"Céu Claro";"Simples";"Reta";"Não";4;0;1;0;3;0;1;2;-30,01171511;-51,31511668;"SPRF-RS";"DEL05-RS";"UOP01-DEL05-RS"
317781;2020-10-29;"quinta-feira";"09:40:00";"PE";428;71,3;"SANTA MARIA DA BOA VISTA";"Falta de Atenção à Condução";"Saída de leito carroçável";"Com Vítimas Feridas";"Pleno dia";"Crescente";"Sol";"Simples";"Reta";"Não";3;0;3;0;0;0;3;1;-8,70240405;-39,76912477;"SPRF-PE";"DEL06-PE";"UOP03-DEL06-PE"
317784;2020-10-29;"quinta-feira";"13:00:00";"RJ";101;321;"NITEROI";"Falta de Atenção à Condução";"Colisão com objeto estático";"Com Vítimas Fatais";"Pleno dia";"Decrescente";"Céu Claro";"Múltipla";"Reta";"Sim";3;1;2;0;0;0;2;1;-22,86981096;-43,11046465;"SPRF-RJ";"DEL02-RJ";"UOP02-DEL02-RJ"
317789;2020-10-29;"quinta-feira";"05:00:00";"PI";135;233;"COLONIA DO GURGUEIA";"Ingestão de Álcool";"Tombamento";"Com Vítimas Fatais";"Amanhecer";"Crescente";"Sol";"Simples";"Curva";"Não";2;1;0;1;0;0;1;1;-8,23087801;-43,78974869;"SPRF-PI";"DEL03-PI";"UOP02-DEL03-PI"
317792;2020-10-29;"quinta-feira";"14:30:00";"RN";226;111,8;"SANTA CRUZ";"Falta de Atenção à Condução";"Colisão transversal";"Com Vítimas Feridas";"Pleno dia";"Decrescente";"Sol";"Simples";"Interseção de Vias";"Sim";2;0;1;0;1;0;1;2;-6,22841881;-36,0177456;"SPRF-RN";"DEL03-RN";"UOP02-DEL03-RN"
317794;2020-10-29;"quinta-feira";"15:00:00";"SC";470;129;"LONTRAS";"Defeito Mecânico no Veículo";"Tombamento";"Com Vítimas Feridas";"Pleno dia";"Crescente";"Céu Claro";"Simples";"Curva";"Não";1;0;1;0;0;0;1;1;-27,16669522;-49,55863953;"SPRF-SC";"DEL04-SC";"UOP02-DEL04-SC"
317798;2020-10-29;"quinta-feira";"15:40:00";"MG";365;421;"PATOS DE MINAS";"Animais na Pista";"Saída de leito carroçável";"Com Vítimas Feridas";"Pleno dia";"Crescente";"Céu Claro";"Simples";"Reta";"Não";1;0;0;1;0;0;1;1;-18,71632023;-46,61125146;"SPRF-MG";"DEL10-MG";"UOP01-DEL10-MG"
317800;2020-10-29;"quinta-feira";"14:20:00";"MT";163;833;"SINOP";"Falta de Atenção à Condução";"Colisão traseira";"Com Vítimas Feridas";"Pleno dia";"Decrescente";"Céu Claro";"Simples";"Retorno Regulamentado";"Sim";3;0;1;0;2;0;1;2;-11,87874364;-55,49995076;"SPRF-MT";"DEL06-MT";"UOP01-DEL06-MT"
317801;2020-10-29;"quinta-feira";"15:30:00";"PR";277;591,5;"CASCAVEL";"Mal Súbito";"Colisão frontal";"Com Vítimas Feridas";"Pleno dia";"Crescente";"Nublado";"Simples";"Curva";"Sim";2;0;1;0;1;0;1;2;-24,98473242;-53,46501885;"SPRF-PR";"DEL04-PR";"UOP01-DEL04-PR"
317803;2020-10-29;"quinta-feira";"15:30:00";"PR";116;47;"CAMPINA GRANDE DO SUL";"Desobediência às normas de trânsito pelo condutor";"Saída de leito carroçável";"Com Vítimas Feridas";"Pleno dia";"Decrescente";"Chuva";"Dupla";"Curva";"Não";1;0;1;0;0;0;1;1;-25,21058799;-48,89720903;"SPRF-PR";"DEL01-PR";"UOP02-DEL01-PR"
317806;2020-10-29;"quinta-feira";"16:10:00";"SC";101;195;"BIGUACU";"Falta de Atenção à Condução";"Atropelamento de Pedestre";"Com Vítimas Feridas";"Pleno dia";"Crescente";"Céu Claro";"Múltipla";"Viaduto";"Sim";3;0;0;1;1;1;1;2;-27,5047092;-48,65010819;"SPRF-SC";"DEL01-SC";"UOP01-DEL01-SC"