"id";"data_inversa";"dia_semana";"horario";"uf";"br";"km";"municipio";"causa_acidente";"tipo_acidente";"classificacao_acidente";"fase_dia";"sentido_via";"condicao_metereologica";"tipo_pista";"tracado_via";"uso_solo";"pessoas";"mortos";"feridos_leves";"feridos_graves";"ilesos";"ignorados";"feridos";"veiculos";"latitude";"longitude";"regional";"delegacia";"uop"
317807;2020-10-29;"quinta-feira";"16:45:00";"RS";386;420;"MONTENEGRO";"Defeito Mecânico no Veículo";"Incêndio";"Sem Vítimas";"Pleno dia";"Crescente";"Céu Claro";"Dupla";"Reta";"Não";1;0;0;0;1;0;0;1;-29,817812;-51,422596;"SPRF-RS";"DEL04-RS";"UOP02-DEL04-RS"
317808;2020-10-29;"quinta-feira";"17:10:00";"MG";381;454;"BELO HORIZONTE";"Desobediência às normas de trânsito pelo condutor";"Atropelamento de Pedestre";"Com Vítimas Feridas";"Pleno dia";"Decrescente";"Céu Claro";"Simples";"Reta";"Sim";3;0;0;1;2;0;1;2;-19,85593827;-43,89662047;"SPRF-MG";"DEL01-MG";"UOP01-DEL01-MG"
317809;2020-10-10;"sábado";"11:30:00";"PA";10;310;"IRITUIA";"Desobediência às normas de trânsito pelo condutor";"Colisão traseira";"Com Vítimas Feridas";"Pleno dia";"Crescente";"Céu Claro";"Simples";"Reta";"Não";3;0;2;0;1;0;2;2;-1,720385;-47,50282289;"SPRF-PA";"DEL01-PA";"UOP02-DEL01-PA"
317810;2020-10-29;"quinta-feira";"17:00:00";"RS";285;455,5;"IJUI";"Desobediência às normas de trânsito pelo condutor";"Colisão transversal";"Com Vítimas Feridas";"Pleno dia";"Decrescente";"Sol";"Simples";"Reta";"Sim";3;0;0;1;2;0;1;2;-28,380919;-53,879509;"SPRF-RS";"DEL10-RS";"UOP01-DEL10-RS"
317811;2020-09-26;"sábado";"23:35:00";"RJ";393;280;"BARRA DO PIRAI";"Falta de Atenção à Condução";"Colisão traseira";"Sem Vítimas";"Plena Noite";"Crescente";"Nublado";"Simples";"Reta";"Sim";2;0;0;0;1;1;0;2;-22,47750785;-44,01954402;"SPRF-RJ";"DEL05-RJ";"UOP04-DEL05-RJ"
317812;2020-10-29;"quinta-feira";"17:20:00";"ES";101;293;"CARIACICA";"Pista Escorregadia";"Queda de ocupante de veículo";"Com Vítimas Feridas";"Anoitecer";"Crescente";"Nublado";"Múltipla";"Reta";"Sim";1;0;1;0;0;0;1;1;-20,31526144;-40,39567044;"SPRF-ES";"DEL01-ES";"UOP01-DEL01-ES"
317813;2020-10-29;"quinta-feira";"17:05:00";"RS";116;245;"SAO LEOPOLDO";"Falta de Atenção à Condução";"Colisão traseira";"Sem Vítimas";"Pleno dia";"Decrescente";"Nublado";"Dupla";"Reta";"Sim";2;0;0;0;2;0;0;2;-29,74858987;-51,15116358;"SPRF-RS";"DEL01-RS";"UOP02-DEL01-RS"
317814;2020-10-29;"quinta-feira";"17:25:00";"GO";40;2,3;"VALPARAISO DE GOIAS";"Falta de Atenção à Condução";"Colisão lateral";"Com Vítimas Feridas";"Pleno dia";"Crescente";"Nublado";"Dupla";"Reta";"Sim";1;0;1;0;0;0;1;1;-16,067129;-47,984235;"SPRF-DF";"DEL01-DF";"UOP01-DEL01-DF"
317815;2020-10-29;"quinta-feira";"09:10:00";"RJ";101;312;"SAO GONCALO";"Falta de Atenção à Condução";"Tombamento";"Com Vítimas Feridas";"Pleno dia";"Decrescente";"Céu Claro";"Dupla";"Reta";"Sim";1;0;1;0;0;0;1;1;-22,80546555;-43,06156967;"SPRF-RJ";"DEL02-RJ";"UOP02-DEL02-RJ"
317816;2020-10-29;"quinta-feira";"13:40:00";"SP";381;36;"ATIBAIA";"Defeito Mecânico no Veículo";"Tombamento";"Com Vítimas Feridas";"Pleno dia";"Crescente";"Céu Claro";"Dupla";"Reta";"Não";2;0;2;0;0;0;2;1;-23,09707232;-46,57180706;"SPRF-SP";"DEL03-SP";"UOP01-DEL03-SP"
317817;2020-10-14;"quarta-feira";"19:30:00";"PA";222;233;"MARABA";"Ingestão de Álcool";"Colisão lateral";"Com Vítimas Feridas";"Plena Noite";"Decrescente";"Céu Claro";"Simples";"Reta";"Sim";2;0;1;0;1;0;1;2;-5,260967;-49,068123;"SPRF-PA";"DEL03-PA";"UOP01-DEL03-PA"
317818;2020-10-29;"quinta-feira";"16:55:00";"PR";369;37;"ANDIRA";"Ultrapassagem Indevida";"Colisão lateral";"Com Vítimas Feridas";"Pleno dia";"Decrescente";"Céu Claro";"Dupla";"Reta";"Sim";2;0;1;0;1;0;1;2;-23,047858;-50,236114;"SPRF-PR";"DEL07-PR";"UOP01-DEL07-PR"
317820;2020-10-29;"quinta-feira";"15:45:00";"SC";101;41;"JOINVILLE";"Falta de Atenção à Condução";"Colisão traseira";"Com Vítimas Feridas";"Pleno dia";"Crescente";"Céu Claro";"Simples";"Reta";"Sim";2;0;1;0;1;0;1;2;-26,28215489;-48,88973081;"SPRF-SC";"DEL03-SC";"UOP01-DEL03-SC"
317821;2020-10-29;"quinta-feira";"17:10:00";"MG";116;706,8;"MURIAE";"Falta de Atenção à Condução";"Tombamento";"Com Vítimas Feridas";"Pleno dia";"Crescente";"Chuva";"Simples";"Reta";"Sim";1;0;1;0;0;0;1;1;-21,147048;-42,381522;"SPRF-MG";"DEL07-MG";"UOP02-DEL07-MG"
317822;2020-10-29;"quinta-feira";"17:45:00";"SC";101;325,6;"CAPIVARI DE BAIXO";"Falta de Atenção à Condução";"Tombamento";"Com Vítimas Feridas";"Pleno dia";"Crescente";"Nublado";"Dupla";"Reta";"Sim";2;0;2;0;0;0;2;1;-28,42625143;-48,94513249;"SPRF-SC";"DEL02-SC";"UOP01-DEL02-SC"
317824;2020-10-12;"segunda-feira";"15:55:00";"PA";316;76,6;"SAO FRANCISCO DO PARA";"Defeito Mecânico no Veículo";"Saída de leito carroçável";"Com Vítimas Feridas";"Pleno dia";"Crescente";"Sol";"Simples";"Reta";"Não";2;0;2;0;0;0;2;1;-1,29862919;-47,81449908;"SPRF-PA";"DEL01-PA";"UOP01-DEL01-PA"
317825;2020-10-09;"sexta-feira";"20:45:00";"PR";277;2;"PARANAGUA";"Ingestão de Álcool";"Colisão com objeto estático";"Com Vítimas Feridas";"Plena Noite";"Decrescente";"Garoa/Chuvisco";"Dupla";"Reta";"Não";1;0;1;0;0;0;1;1;-25,568198;-48,615292;"SPRF-PR";"DEL01-PR";"UOP05-DEL01-PR"
317826;2020-10-29;"quinta-feira";"15:50:00";"SC";163;88,7;"GUARACIABA";"Falta de Atenção à Condução";"Saída de leito carroçável";"Com Vítimas Feridas";"Pleno dia";"Decrescente";"Nublado";"Simples";"Em Obras;Curva";"Não";1;0;1;0;0;0;1;1;-26,58233094;-53,51749809;"SPRF-SC";"DEL07-SC";"UOP03-DEL07-SC"
317827;2020-10-29;"quinta-feira";"17:30:00";"ES";101;327,9;"GUARAPARI";"Falta de Atenção do Pedestre";"Atropelamento de Pedestre";"Com Vítimas Feridas";"Anoitecer";"Crescente";"Nublado";"Dupla";"Reta";"Não";2;0;0;1;1;0;1;2;-20,57231099;-40,48455601;"SPRF-ES";"DEL03-ES";"UOP01-DEL03-ES"
317828;2020-10-29;"quinta-feira";"16:30:00";"GO";158;272;"JATAI";"Falta de Atenção à Condução";"Colisão traseira";"Com Vítimas Feridas";"Pleno dia";"Crescente";"Garoa/Chuvisco";"Simples";"Reta";"Sim";3;0;1;0;2;0;1;3;-17,8897643;-51,73723698;"SPRF-GO";"DEL05-GO";"UOP01-DEL05-GO"
317829;2020-10-29;"quinta-feira";"17:15:00";"MG";381;485;"BETIM";"Defeito Mecânico no Veículo";"Colisão com objeto estático";"Com Vítimas Feridas";"Pleno dia";"Decrescente";"Céu Claro";"Dupla";"Reta";"Não";1;0;1;0;0;0;1;1;-19,9581959;-44,09205079;"SPRF-MG";"DEL01-MG";"UOP03-DEL01-MG"
317830;2020-10-29;"quinta-feira";"18:30:00";"RJ";101;61;"CAMPOS DOS GOYTACAZES";"Falta de Atenção à Condução";"Colisão lateral";"Com Vítimas Feridas";"Plena Noite";"Crescente";"Céu Claro";"Simples";"Reta";"Não";3;0;1;0;2;0;1;2;-21,72655788;-41,32133519;"SPRF-RJ";"DEL08-RJ";"UOP01-DEL08-RJ"
317833;2020-10-29;"quinta-feira";"15:10:00";"MT";70;408;"CAMPO VERDE";"Condutor Dormindo";"Saída de leito carroçável";"Com Vítimas Feridas";"Pleno dia";"Decrescente";"Chuva";"Simples";"Reta";"Não";5;0;4;0;1;0;4;1;-15,70174561;-55,32910477;"SPRF-MT";"DEL05-MT";"UOP02-DEL05-MT"
317834;2020-10-29;"quinta-feira";"17:40:00";"SP";116;271;"TABOAO DA SERRA";"Falta de Atenção à Condução";"Danos eventuais";"Com Vítimas Feridas";"Pleno dia";"Crescente";"Céu Claro";"Dupla";"Reta";"Sim";2;0;1;0;0;1;1;2;-23,61809286;-46,80556302;"SPRF-SP";"DEL04-SP";"UOP01-DEL04-SP"
317835;2020-10-29;"quinta-feira";"18:00:00";"SC";470;66,3;"INDAIAL";"Falta de Atenção à Condução";"Colisão transversal";"Com Vítimas Feridas";"Plena Noite";"Decrescente";"Céu Claro";"Simples";"Reta";"Não";2;0;1;0;1;0;1;2;-26,87085631;-49,22881549;"SPRF-SC";"DEL04-SC";"UOP01-DEL04-SC"
317836;2020-10-29;"quinta-feira";"18:30:00";"SP";116;162;"JACAREI";"Não guardar distância de segurança";"Colisão traseira";"Com Vítimas Feridas";"Anoitecer";"Decrescente";"Céu Claro";"Dupla";"Reta";"Sim";4;0;2;0;2;0;2;2;-23,28133317;-45,98394689;"SPRF-SP";"DEL02-SP";"UOP01-DEL02-SP"
317837;2020-10-29;"quinta-feira";"16:15:00";"RJ";40;120;"DUQUE DE CAXIAS";"Ultrapassagem Indevida";"Colisão com objeto estático";"Com Vítimas Feridas";"Pleno dia";"Decrescente";"Céu Claro";"Múltipla";"Reta";"Sim";2;0;2;0;0;0;2;1;-22,77280597;-43,28626763;"SPRF-RJ";"DEL01-RJ";"UOP01-DEL01-RJ"
317838;2020-10-29;"quinta-feira";"19:20:00";"PA";163;1002;"SANTAREM";"Restrição de Visibilidade";"Colisão transversal";"Com Vítimas Feridas";"Plena Noite";"Decrescente";"Céu Claro";"Simples";"Reta";"Sim";2;0;1;0;1;0;1;2;-2,45567004;-54,72854541;"SPRF-PA";"DEL05-PA";"UOP01-DEL05-PA"
317839;2020-10-29;"quinta-feira";"18:10:00";"PE";423;77,5;"JUCATI";"Defeito Mecânico no Veículo";"Incêndio";"Sem Vítimas";"Plena Noite";"Crescente";"Céu Claro";"Simples";"Reta";"Não";1;0;0;0;1;0;0;1;-8,74071255;-36,43087864;"SPRF-PE";"DEL03-PE";"UOP01-DEL03-PE"
317842;2020-10-29;"quinta-feira";"19:45:00";"DF";40;3,7;"BRASILIA";"Falta de Atenção à Condução";"Colisão transversal";"Com Vítimas Feridas";"Plena Noite";"Crescente";"Céu Claro";"Dupla";"Reta";"Sim";2;0;1;0;1;0;1;2;-16,003145;-47,983944;"SPRF-DF";"DEL01-DF";"UOP01-DEL01-DF"
317845;2020-10-29;"quinta-feira";"18:00:00";"SC";116;246,1;"LAGES";"Desobediência às normas de trânsito pelo condutor";"Colisão transversal";"Com Vítimas Feridas";"Anoitecer";"Crescente";"Nublado";"Simples";"Interseção de Vias";"Não";2;0;0;1;1;0;1;2;-27,80419942;-50,36509464;"SPRF-SC";"DEL05-SC";"UOP02-DEL05-SC"
317846;2020-10-29;"quinta-feira";"19:40:00";"PB";230;159;"CAMPINA GRANDE";"Falta de Atenção à Condução";"Colisão traseira";"Com Vítimas Feridas";"Plena Noite";"Decrescente";"Céu Claro";"Simples";"Reta";"Não";4;0;2;0;1;1;2;2;-7,252;-35,9334;"SPRF-PB";"DEL02-PB";"UOP01-DEL02-PB"
317847;2020-10-29;"quinta-feira";"18:50:00";"MS";267;474,3;"GUIA LOPES DA LAGUNA";"Falta de Atenção à Condução";"Colisão com objeto estático";"Com Vítimas Feridas";"Plena Noite";"Crescente";"Nublado";"Dupla";"Reta";"Sim";1;0;0;1;0;0;1;1;-21,43946119;-56,08963325;"SPRF-MS";"DEL05-MS";"UOP01-DEL05-MS"
317848;2020-10-29;"quinta-feira";"18:50:00";"MG";116;507,8;"INHAPIM";"Falta de Atenção à Condução";"Colisão traseira";"Com Vítimas Feridas";"Plena Noite";"Decrescente";"Ignorado";"Simples";"Reta";"Não";3;0;2;1;0;0;3;2;-19,61953715;-42,10872923;"SPRF-MG";"DEL06-MG";"UOP02-DEL06-MG"
317849;2020-10-29;"quinta-feira";"18:25:00";"PE";101;162;"GAMELEIRA";"Agressão Externa";"Queda de ocupante de veículo";"Com Vítimas Feridas";"Plena Noite";"Crescente";"Céu Claro";"Dupla";"Reta";"Não";1;0;0;1;0;0;1;1;-8,55169716;-35,43739509;"SPRF-PE";"DEL01-PE";"UOP03-DEL01-PE"
317850;2020-10-29;"quinta-feira";"19:30:00";"PR";369;150,7;"LONDRINA";"Falta de Atenção à Condução";"Colisão traseira";"Com Vítimas Feridas";"Plena Noite";"Decrescente";"Nublado";"Dupla";"Interseção de Vias";"Sim";3;0;2;0;1;0;2;2;-23,292942;-51,170199;"SPRF-PR";"DEL07-PR";"UOP01-DEL07-PR"
317852;2020-10-29;"quinta-feira";"20:45:00";"MG";262;33,8;"MANHUACU";"Falta de Atenção do Pedestre";"Atropelamento de Pedestre";"Com Vítimas Feridas";"Plena Noite";"Decrescente";"Nublado";"Simples";"Reta";"Sim";2;0;0;1;1;0;1;2;-20,25550548;-42,00465315;"SPRF-MG";"DEL06-MG";"UOP03-DEL06-MG"
317853;2020-10-29;"quinta-feira";"16:48:00";"RJ";40;71;"PETROPOLIS";"Falta de Atenção à Condução";"Colisão traseira";"Com Vítimas Feridas";"Pleno dia";"Decrescente";"Garoa/Chuvisco";"Dupla";"Reta";"Não";3;0;1;0;1;1;1;3;-22,45304974;-43,20832411;"SPRF-RJ";"DEL06-RJ";"UOP01-DEL06-RJ"
317855;2020-10-29;"quinta-feira";"19:10:00";"MS";163;465,5;"CAMPO GRANDE";"Restrição de Visibilidade";"Colisão traseira";"Com Vítimas Feridas";"Plena Noite";"Decrescente";"Nublado";"Simples";"Reta";"Não";3;0;1;0;2;0;1;2;-20,59436908;-54,5809341;"SPRF-MS";"DEL01-MS";"UOP01-DEL01-MS"
317856;2020-10-29;"quinta-feira";"18:10:00";"MT";174;101;"CACERES";"Ingestão de Álcool";"Colisão frontal";"Sem Vítimas";"Anoitecer";"Decrescente";"Chuva";"Simples";"Curva";"Não";2;0;0;0;2;0;0;2;-15,83767801;-57,877233;"SPRF-MT";"DEL03-MT";"UOP01-DEL03-MT"
317857;2020-10-29;"quinta-feira";"13:30:00";"BA";135;94;"RIACHAO DAS NEVES";"Falta de Atenção à Condução";"Saída de leito carroçável";"Com Vítimas Feridas";"Pleno dia";"Decrescente";"Céu Claro";"Simples";"Reta";"Não";5;0;1;1;3;0;2;1;-11,50149118;-44,85312038;"SPRF-BA";"DEL10-BA";"UOP01-DEL10-BA"
317858;2020-10-29;"quinta-feira";"18:50:00";"PR";277;596;"CASCAVEL";"Falta de Atenção à Condução";"Tombamento";"Com Vítimas Feridas";"Anoitecer";"Decrescente";"Chuva";"Dupla";"Reta";"Sim";1;0;1;0;0;0;1;1;-24,98837665;-53,50778641;"SPRF-PR";"DEL04-PR";"UOP01-DEL04-PR"
317859;2020-10-29;"quinta-feira";"19:55:00";"SC";101;84,9;"BARRA VELHA";"Falta de Atenção do Pedestre";"Atropelamento de Pedestre";"Com Vítimas Fatais";"Plena Noite";"Crescente";"Chuva";"Dupla";"Reta";"Sim";2;1;0;0;1;0;0;2;-26,631489;-48,70407;"SPRF-SC";"DEL03-SC";"UOP02-DEL03-SC"
317860;2020-10-29;"quinta-feira";"17:40:00";"PR";476;319,3;"PAULO FRONTIN";"Pista Escorregadia";"Queda de ocupante de veículo";"Com Vítimas Feridas";"Amanhecer";"Crescente";"Chuva";"Simples";"Reta";"Não";2;0;0;1;1;0;1;2;-26,061335;-50,72171;"SPRF-PR";"DEL02-PR";"UOP04-DEL02-PR"
317861;2020-10-29;"quinta-feira";"19:00:00";"RS";101;20,9;"TRES CACHOEIRAS";"Falta de Atenção à Condução";"Colisão transversal";"Com Vítimas Feridas";"Plena Noite";"Decrescente";"Nublado";"Dupla";"Curva";"Sim";2;0;2;0;0;0;2;2;-29,42953872;-49,88526025;"SPRF-RS";"DEL03-RS";"UOP02-DEL03-RS"
317863;2020-10-29;"quinta-feira";"21:30:00";"PR";116;14;"CAMPINA GRANDE DO SUL";"Desobediência às normas de trânsito pelo condutor";"Saída de leito carroçável";"Sem Vítimas";"Plena Noite";"Crescente";"Chuva";"Dupla";"Curva";"Não";4;0;0;0;4;0;0;1;-25,09836429;-48,67391969;"SPRF-PR";"DEL01-PR";"UOP02-DEL01-PR"
317864;2020-10-29;"quinta-feira";"18:00:00";"GO";153;71;"PORANGATU";"Falta de Atenção à Condução";"Colisão transversal";"Com Vítimas Feridas";"Pleno dia";"Crescente";"Céu Claro";"Simples";"Reta";"Sim";3;0;1;1;1;0;2;2;-13,45846;-49,135578;"SPRF-GO";"DEL07-GO";"UOP01-DEL07-GO"
317865;2020-09-19;"sábado";"09:00:00";"SC";470;109,6;"APIUNA";"Desobediência às normas de trânsito pelo condutor";"Colisão lateral";"Com Vítimas Feridas";"Pleno dia";"Crescente";"Céu Claro";"Simples";"Curva";"Não";3;0;1;1;1;0;2;2;-27,083876;-49,449543;"SPRF-SC";"DEL04-SC";"UOP02-DEL04-SC"
317868;2020-10-29;"quinta-feira";"22:15:00";"GO";153;512,2;"APARECIDA DE GOIANIA";"Restrição de Visibilidade";"Colisão traseira";"Com Vítimas Feridas";"Plena Noite";"Crescente";"Chuva";"Dupla";"Reta";"Sim";2;0;1;0;1;0;1;2;-16,8156;-49,2402;"SPRF-GO";"DEL01-GO";"UOP03-DEL01-GO"
317869;2020-10-29;"quinta-feira";"21:00:00";"BA";101;7;"RIO REAL";"Defeito Mecânico no Veículo";"Incêndio";"Sem Vítimas";"Plena Noite";"Decrescente";"Céu Claro";"Simples";"Reta";"Sim";1;0;0;0;1;0;0;1;-11,59666208;-37,87803974;"SPRF-SE";"DEL02-SE";"UOP03-DEL02-SE"
317871;2020-10-29;"quinta-feira";"22:20:00";"RJ";101;487;"ANGRA DOS REIS";"Desobediência às normas de trânsito pelo condutor";"Colisão lateral";"Com Vítimas Feridas";"Plena Noite";"Decrescente";"Chuva";"Simples";"Reta";"Sim";2;0;0;1;1;0;1;2;-22,96996204;-44,29829489;"SPRF-RJ";"DEL03-RJ";"UOP03-DEL03-RJ"
317875;2020-10-29;"quinta-feira";"15:30:00";"PR";476;61;"TUNAS DO PARANA";"Falta de Atenção à Condução";"Colisão frontal";"Com Vítimas Feridas";"Pleno dia";"Crescente";"Chuva";"Simples";"Curva";"Não";5;0;3;0;2;0;3;2;-25,012753;-49,079681;"SPRF-PR";"DEL01-PR";"UOP02-DEL01-PR"
317883;2020-10-30;"sexta-feira";"01:00:00";"MG";381;730,4;"CARMO DA CACHOEIRA";"Falta de Atenção à Condução";"Saída de leito carroçável";"Sem Vítimas";"Plena Noite";"Crescente";"Nublado";"Dupla";"Reta";"Não";1;0;0;0;1;0;0;1;-21,53836072;-45,23584446;"SPRF-MG";"DEL16-MG";"UOP02-DEL16-MG"
317884;2020-10-29;"quinta-feira";"23:40:00";"RO";364;349;"JI-PARANA";"Animais na Pista";"Atropelamento de Animal";"Sem Vítimas";"Plena Noite";"Decrescente";"Garoa/Chuvisco";"Simples";"Reta";"Não";2;0;0;0;2;0;0;1;-10,85051061;-61,99127474;"SPRF-RO";"DEL02-RO";"UOP01-DEL02-RO"
317887;2020-10-29;"quinta-feira";"23:00:00";"RO";425;133;"GUAJARA-MIRIM";"Desobediência às normas de trânsito pelo condutor";"Capotamento";"Com Vítimas Feridas";"Plena Noite";"Crescente";"Nublado";"Simples";"Reta";"Sim";3;0;2;0;1;0;2;1;-10,68574;-65,271133;"SPRF-RO";"DEL01-RO";"UOP03-DEL01-RO"
317891;2020-10-30;"sexta-feira";"01:00:00";"RS";116;331;"BARRA DO RIBEIRO";"Defeito Mecânico no Veículo";"Queda de ocupante de veículo";"Com Vítimas Feridas";"Plena Noite";"Crescente";"Nublado";"Simples";"Reta";"Não";2;0;0;1;1;0;1;1;-30,3899817;-51,43352143;"SPRF-RS";"DEL02-RS";"UOP02-DEL02-RS"
317892;2020-10-30;"sexta-feira";"01:40:00";"CE";222;4;"CAUCAIA";"Ingestão de Álcool";"Colisão traseira";"Com Vítimas Feridas";"Plena Noite";"Crescente";"Céu Claro";"Múltipla";"Reta";"Sim";3;0;2;0;1;0;2;2;-3,74164754;-38,60449792;"SPRF-CE";"DEL01-CE";"UOP01-DEL01-CE"
317894;2020-10-30;"sexta-feira";"03:00:00";"GO";60;100;"ANAPOLIS";"Ingestão de Álcool";"Colisão frontal";"Com Vítimas Fatais";"Plena Noite";"Crescente";"Céu Claro";"Dupla";"Aclive";"Sim";3;1;1;0;0;1;1;3;-16,400323;-48,970813;"SPRF-GO";"DEL02-GO";"UOP01-DEL02-GO"
317896;2020-10-30;"sexta-feira";"03:00:00";"PR";277;112;"CAMPO LARGO";"Não guardar distância de segurança";"Colisão traseira";"Sem Vítimas";"Plena Noite";"Decrescente";"Chuva";"Dupla";"Reta";"Sim";3;0;0;0;3;0;0;2;-25,44738236;-49,47675705;"SPRF-PR";"DEL01-PR";"UOP03-DEL03-PR"
317899;2020-10-30;"sexta-feira";"04:00:00";"RS";153;51;"ERECHIM";"Velocidade Incompatível";"Capotamento";"Sem Vítimas";"Plena Noite";"Decrescente";"Céu Claro";"Simples";"Reta";"Sim";1;0;0;0;0;1;0;1;-27,66024898;-52,28414106;"SPRF-RS";"DEL08-RS";"UOP04-DEL08-RS"
317900;2020-10-30;"sexta-feira";"04:00:00";"MG";50;102,5;"UBERABA";"Condutor Dormindo";"Saída de leito carroçável";"Com Vítimas Fatais";"Plena Noite";"Crescente";"Céu Claro";"Dupla";"Reta";"Não";1;1;0;0;0;0;0;1;-19,15357015;-48,16546551;"SPRF-MG";"DEL13-MG";"UOP01-DEL13-MG"
317901;2020-10-30;"sexta-feira";"05:00:00";"PI";316;100,3;"BARRO DURO";"Velocidade Incompatível";"Saída de leito carroçável";"Com Vítimas Feridas";"Amanhecer";"Crescente";"Céu Claro";"Simples";"Reta";"Não";1;0;1;0;0;0;1;1;-5,83871468;-42,47932434;"SPRF-PI";"DEL04-PI";"UOP02-DEL04-PI"
317904;2020-10-30;"sexta-feira";"05:10:00";"MG";381;498,5;"BETIM";"Ingestão de Álcool";"Colisão com objeto estático";"Com Vítimas Feridas";"Amanhecer";"Crescente";"Nublado";"Dupla";"Interseção de Vias;Curva";"Não";1;0;1;0;0;0;1;1;-20,01172662;-44,21976041;"SPRF-MG";"DEL01-MG";"UOP03-DEL01-MG"
317905;2020-10-29;"quinta-feira";"22:00:00";"PR";376;434;"TIBAGI";"Falta de Atenção à Condução";"Queda de ocupante de veículo";"Sem Vítimas";"Plena Noite";"Crescente";"Ignorado";"Dupla";"Reta";"Não";1;0;0;0;1;0;0;1;-24,82041516;-50,48309022;"SPRF-PR";"DEL03-PR";"UOP02-DEL03-PR"
317908;2020-10-30;"sexta-feira";"00:50:00";"GO";70;435;"ARAGARCAS";"Falta de Atenção à Condução";"Colisão traseira";"Com Vítimas Feridas";"Plena Noite";"Decrescente";"Ignorado";"Simples";"Reta";"Não";1;0;1;0;0;0;1;1;-15,886006;-51,875311;"SPRF-GO";"DEL04-GO";"UOP01-DEL04-GO"
317909;2020-10-30;"sexta-feira";"05:30:00";"RJ";116;183;"NOVA IGUACU";"Animais na Pista";"Atropelamento de Animal";"Sem Vítimas";"Pleno dia";"Crescente";"Nublado";"Dupla";"Reta";"Sim";1;0;0;0;1;0;0;1;-22,7516014;-43,43849831;"SPRF-RJ";"DEL01-RJ";"UOP02-DEL01-RJ"
317912;2020-10-27;"terça-feira";"06:40:00";"MA";10;302,6;"ACAILANDIA";"Falta de Atenção à Condução";"Saída de leito carroçável";"Com Vítimas Feridas";"Pleno dia";"Crescente";"Céu Claro";"Simples";"Curva";"Não";1;0;1;0;0;0;1;1;-5,096301;-47,554436;"SPRF-MA";"DEL04-MA";"UOP03-DEL04-MA"
317913;2020-10-30;"sexta-feira";"06:35:00";"DF";70;11;"BRASILIA";"Falta de Atenção à Condução";"Colisão lateral";"Com Vítimas Feridas";"Pleno dia";"Decrescente";"Céu Claro";"Dupla";"Reta";"Sim";3;0;1;0;2;0;1;3;-15,789762;-48,148727;"SPRF-DF";"DEL03-DF";"UOP02-DEL03-DF"
317918;2020-10-30;"sexta-feira";"06:30:00";"SC";101;54,9;"JOINVILLE";"Avarias e/ou desgaste excessivo no pneu";"Colisão com objeto estático";"Com Vítimas Feridas";"Pleno dia";"Crescente";"Chuva";"Dupla";"Aclive";"Não";1;0;1;0;0;0;1;1;-26,41319508;-48,83617332;"SPRF-SC";"DEL03-SC";"UOP01-DEL03-SC"
317919;2020-10-30;"sexta-feira";"06:00:00";"MT";163;833,9;"SINOP";"Falta de Atenção à Condução";"Queda de ocupante de veículo";"Com Vítimas Feridas";"Pleno dia";"Crescente";"Nublado";"Dupla";"Reta";"Não";1;0;1;0;0;0;1;1;-12,004832;-55,51713;"SPRF-MT";"DEL06-MT";"UOP01-DEL06-MT"
317924;2020-10-30;"sexta-feira";"08:00:00";"DF";70;19;"BRASILIA";"Desobediência às normas de trânsito pelo pedestre";"Atropelamento de Pedestre";"Com Vítimas Feridas";"Pleno dia";"Decrescente";"Céu Claro";"Dupla";"Reta";"Não";2;0;1;0;1;0;1;2;-15,788868;-48,220242;"SPRF-DF";"DEL03-DF";"UOP02-DEL03-DF"
317925;2020-10-30;"sexta-feira";"05:00:00";"RJ";40;112;"DUQUE DE CAXIAS";"Ingestão de Álcool";"Colisão traseira";"Com Vítimas Feridas";"Amanhecer";"Decrescente";"Nublado";"Múltipla";"Reta";"Não";2;0;1;0;1;0;1;2;-22,7004454;-43,29014851;"SPRF-RJ";"DEL01-RJ";"UOP01-DEL01-RJ"
317926;2020-10-30;"sexta-feira";"05:50:00";"BA";242;227;"ITABERABA";"Falta de Atenção à Condução";"Saída de leito carroçável";"Com Vítimas Feridas";"Amanhecer";"Crescente";"Céu Claro";"Simples";"Reta";"Sim";2;0;1;0;1;0;1;1;-12,51259728;-40,29557913;"SPRF-BA";"DEL06-BA";"UOP02-DEL06-BA"
317928;2020-10-30;"sexta-feira";"06:00:00";"RO";364;725;"PORTO VELHO";"Falta de Atenção à Condução";"Atropelamento de Animal";"Sem Vítimas";"Amanhecer";"Decrescente";"Nublado";"Simples";"Reta";"Não";2;0;0;0;1;1;0;2;-8,85112482;-63,93965083;"SPRF-RO";"DEL01-RO";"UOP01-DEL01-RO"
317931;2020-10-30;"sexta-feira";"08:30:00";"MG";262;136;"RIO CASCA";"Velocidade Incompatível";"Capotamento";"Com Vítimas Feridas";"Pleno dia";"Crescente";"Chuva";"Simples";"Curva";"Não";5;0;5;0;0;0;5;1;-20,1044888;-42,6979689;"SPRF-MG";"DEL03-MG";"UOP03-DEL03-MG"
317932;2020-10-30;"sexta-feira";"08:00:00";"PR";277;71,5;"SAO JOSE DOS PINHAIS";"Desobediência às normas de trânsito pelo condutor";"Colisão lateral";"Com Vítimas Feridas";"Pleno dia";"Decrescente";"Chuva";"Dupla";"Reta";"Sim";2;0;1;0;1;0;1;2;-25,52920381;-49,08862791;"SPRF-PR";"DEL01-PR";"UOP01-DEL01-PR"