"id";"data_inversa";"dia_semana";"horario";"uf";"br";"km";"municipio";"causa_acidente";"tipo_acidente";"classificacao_acidente";"fase_dia";"sentido_via";"condicao_metereologica";"tipo_pista";"tracado_via";"uso_solo";"pessoas";"mortos";"feridos_leves";"feridos_graves";"ilesos";"ignorados";"feridos";"veiculos";"latitude";"longitude";"regional";"delegacia";"uop"
317933;2020-10-30;"sexta-feira";"08:25:00";"SC";101;220,1;"PALHOCA";"Animais na Pista";"Atropelamento de Animal";"Com Vítimas Feridas";"Pleno dia";"Crescente";"Nublado";"Múltipla";"Reta";"Sim";1;0;0;1;0;0;1;1;-27,69198941;-48,66368358;"SPRF-SC";"DEL01-SC";"UOP02-DEL01-SC"
317934;2020-10-30;"sexta-feira";"07:30:00";"RJ";116;175,2;"NOVA IGUACU";"Avarias e/ou desgaste excessivo no pneu";"Queda de ocupante de veículo";"Com Vítimas Feridas";"Pleno dia";"Crescente";"Nublado";"Múltipla";"Reta";"Sim";2;0;2;0;0;0;2;1;-22,78923555;-43,37275272;"SPRF-RJ";"DEL01-RJ";"UOP02-DEL01-RJ"
317938;2020-10-30;"sexta-feira";"07:00:00";"PR";376;445,5;"TIBAGI";"Ingestão de Álcool";"Saída de leito carroçável";"Com Vítimas Feridas";"Amanhecer";"Crescente";"Nublado";"Dupla";"Curva";"Não";3;0;2;0;1;0;2;1;-24,89647103;-50,42823003;"SPRF-PR";"DEL03-PR";"UOP02-DEL03-PR"
317939;2020-10-30;"sexta-feira";"08:50:00";"SP";116;219;"GUARULHOS";"Desobediência às normas de trânsito pelo condutor";"Colisão traseira";"Com Vítimas Feridas";"Pleno dia";"Crescente";"Chuva";"Múltipla";"Reta";"Sim";3;0;2;0;1;0;2;2;-23,46143954;-46,48885316;"SPRF-SP";"DEL01-SP";"UOP01-DEL01-SP"
317944;2020-10-30;"sexta-feira";"08:15:00";"MG";381;686,6;"LAVRAS";"Velocidade Incompatível";"Colisão com objeto estático";"Com Vítimas Feridas";"Pleno dia";"Crescente";"Chuva";"Dupla";"Curva";"Não";1;0;1;0;0;0;1;1;-21,20030689;-45,11944438;"SPRF-MG";"DEL04-MG";"UOP02-DEL04-MG"
317945;2020-10-30;"sexta-feira";"09:25:00";"PR";467;100;"CASCAVEL";"Agressão Externa";"Queda de ocupante de veículo";"Com Vítimas Feridas";"Pleno dia";"Decrescente";"Céu Claro";"Dupla";"Reta";"Não";1;0;1;0;0;0;1;1;-24,8947;-53,5355;"SPRF-PR";"DEL04-PR";"UOP01-DEL04-PR"
317946;2020-09-19;"sábado";"00:30:00";"SC";282;257;"SAO JOSE DO CERRITO";"Velocidade Incompatível";"Saída de leito carroçável";"Com Vítimas Feridas";"Plena Noite";"Crescente";"Céu Claro";"Simples";"Curva";"Não";4;0;4;0;0;0;4;1;-27,664351;-50,584618;"SPRF-SC";"DEL05-SC";"UOP02-DEL05-SC"
317947;2020-10-30;"sexta-feira";"09:25:00";"MG";40;532;"BELO HORIZONTE";"Falta de Atenção do Pedestre";"Atropelamento de Pedestre";"Com Vítimas Feridas";"Pleno dia";"Crescente";"Nublado";"Dupla";"Aclive";"Sim";1;0;1;0;0;0;1;1;-19,92372561;-44,01700789;"SPRF-MG";"DEL01-MG";"UOP02-DEL01-MG"
317948;2020-10-30;"sexta-feira";"08:30:00";"RO";364;712;"PORTO VELHO";"Ingestão de Álcool";"Tombamento";"Com Vítimas Feridas";"Pleno dia";"Decrescente";"Chuva";"Dupla";"Curva";"Sim";2;0;2;0;0;0;2;1;-8,773411;-63,880191;"SPRF-RO";"DEL01-RO";"UOP01-DEL01-RO"
317952;2020-10-30;"sexta-feira";"09:40:00";"RS";290;96;"PORTO ALEGRE";"Desobediência às normas de trânsito pelo condutor";"Colisão traseira";"Sem Vítimas";"Pleno dia";"Crescente";"Céu Claro";"Dupla";"Reta";"Sim";6;0;0;0;6;0;0;3;-29,99397374;-51,2054426;"SPRF-RS";"DEL01-RS";"UOP01-DEL01-RS"
317953;2020-10-30;"sexta-feira";"08:50:00";"RR";174;502;"BOA VISTA";"Falta de Atenção à Condução";"Engavetamento";"Sem Vítimas";"Pleno dia";"Crescente";"Céu Claro";"Dupla";"Reta";"Sim";3;0;0;0;3;0;0;3;2,787376;-60,699524;"SPRF-RR";"DEL01-RR";"UOP01-DEL01-RR"
317955;2020-10-29;"quinta-feira";"21:30:00";"MG";40;744,1;"SANTOS DUMONT";"Falta de Atenção à Condução";"Colisão com objeto estático";"Com Vítimas Feridas";"Plena Noite";"Decrescente";"Nublado";"Simples";"Curva";"Não";2;0;1;0;1;0;1;1;-21,42030829;-43,56063309;"SPRF-MG";"DEL05-MG";"UOP01-DEL05-MG"
317956;2020-10-30;"sexta-feira";"09:40:00";"MG";459;105,8;"POUSO ALEGRE";"Velocidade Incompatível";"Colisão frontal";"Com Vítimas Feridas";"Pleno dia";"Crescente";"Nublado";"Dupla";"Viaduto";"Não";2;0;0;1;1;0;1;2;-22,24111997;-45,88135242;"SPRF-MG";"DEL16-MG";"UOP01-DEL16-MG"
317957;2020-10-30;"sexta-feira";"09:20:00";"RO";364;197,4;"PIMENTA BUENO";"Desobediência às normas de trânsito pelo condutor";"Colisão traseira";"Com Vítimas Feridas";"Pleno dia";"Decrescente";"Nublado";"Simples";"Reta";"Sim";2;0;1;0;1;0;1;2;-11,67880278;-61,1878925;"SPRF-RO";"DEL02-RO";"UOP02-DEL02-RO"
317959;2020-10-30;"sexta-feira";"10:00:00";"PR";476;137,5;"CURITIBA";"Desobediência às normas de trânsito pelo condutor";"Colisão traseira";"Com Vítimas Feridas";"Pleno dia";"Decrescente";"Céu Claro";"Simples";"Reta";"Sim";2;0;0;1;1;0;1;2;-25,498302;-49,277546;"SPRF-PR";"DEL01-PR";"UOP03-DEL01-PR"
317960;2020-10-30;"sexta-feira";"10:00:00";"RJ";493;0;"ITABORAI";"Desobediência às normas de trânsito pelo condutor";"Colisão transversal";"Com Vítimas Feridas";"Pleno dia";"Decrescente";"Nublado";"Simples";"Reta";"Sim";3;0;1;0;2;0;1;3;-22,76971846;-42,92266841;"SPRF-RJ";"DEL02-RJ";"UOP02-DEL02-RJ"
317961;2020-10-30;"sexta-feira";"10:20:00";"PR";376;175,6;"MARINGA";"Falta de Atenção à Condução";"Colisão lateral";"Sem Vítimas";"Pleno dia";"Crescente";"Nublado";"Dupla";"Reta";"Sim";2;0;0;0;2;0;0;2;-23,4113569;-51,9407767;"SPRF-PR";"DEL09-PR";"UOP01-DEL09-PR"
317962;2020-10-30;"sexta-feira";"09:50:00";"PR";369;76,3;"SANTA MARIANA";"Falta de Atenção à Condução";"Engavetamento";"Com Vítimas Feridas";"Pleno dia";"Decrescente";"Nublado";"Simples";"Aclive;Reta";"Não";6;0;2;0;4;0;2;4;-23,14789266;-50,54748952;"SPRF-PR";"DEL07-PR";"UOP01-DEL07-PR"
317964;2020-10-30;"sexta-feira";"10:17:00";"GO";70;6;"AGUAS LINDAS DE GOIAS";"Desobediência às normas de trânsito pelo condutor";"Colisão transversal";"Com Vítimas Feridas";"Pleno dia";"Decrescente";"Céu Claro";"Dupla";"Reta";"Sim";2;0;1;0;1;0;1;2;-15,75049381;-48,2612381;"SPRF-DF";"DEL03-DF";"UOP02-DEL03-DF"
317965;2020-10-30;"sexta-feira";"10:44:00";"BA";110;140;"CICERO DANTAS";"Pista Escorregadia";"Saída de leito carroçável";"Com Vítimas Feridas";"Pleno dia";"Crescente";"Garoa/Chuvisco";"Simples";"Reta";"Sim";7;0;1;0;6;0;1;1;-10,635602;-38,401222;"SPRF-BA";"DEL07-BA";"UOP02-DEL07-BA"
317966;2020-10-30;"sexta-feira";"10:55:00";"PR";116;14;"ANTONINA";"Falta de Atenção à Condução";"Capotamento";"Com Vítimas Feridas";"Pleno dia";"Crescente";"Chuva";"Dupla";"Curva";"Não";4;0;1;0;3;0;1;1;-25,09836429;-48,67391969;"SPRF-PR";"DEL01-PR";"UOP02-DEL01-PR"
317967;2020-10-30;"sexta-feira";"10:40:00";"RS";116;248;"SAO LEOPOLDO";"Falta de Atenção à Condução";"Colisão traseira";"Com Vítimas Feridas";"Pleno dia";"Decrescente";"Céu Claro";"Múltipla";"Viaduto";"Sim";2;0;1;0;1;0;1;2;-29,77605895;-51,15508618;"SPRF-RS";"DEL01-RS";"UOP02-DEL01-RS"
317972;2020-10-30;"sexta-feira";"11:30:00";"PR";376;652;"TIJUCAS DO SUL";"Falta de Atenção à Condução";"Colisão com objeto estático";"Com Vítimas Feridas";"Pleno dia";"Decrescente";"Garoa/Chuvisco";"Dupla";"Curva";"Não";1;0;0;1;0;0;1;1;-25,8461583;-49,068884;"SPRF-PR";"DEL01-PR";"UOP04-DEL01-PR"
317974;2020-10-30;"sexta-feira";"05:30:00";"MG";116;93,6;"MEDINA";"Defeito Mecânico no Veículo";"Saída de leito carroçável";"Com Vítimas Feridas";"Amanhecer";"Crescente";"Nublado";"Simples";"Declive";"Não";5;0;1;0;4;0;1;1;-16,37582396;-41,47226824;"SPRF-MG";"DEL11-MG";"UOP02-DEL11-MG"
317975;2020-10-30;"sexta-feira";"11:05:00";"SC";282;258,5;"SAO JOSE DO CERRITO";"Velocidade Incompatível";"Saída de leito carroçável";"Com Vítimas Feridas";"Pleno dia";"Decrescente";"Céu Claro";"Simples";"Curva";"Não";1;0;1;0;0;0;1;1;-27,659687;-50,591881;"SPRF-SC";"DEL05-SC";"UOP02-DEL05-SC"
317976;2020-10-30;"sexta-feira";"06:00:00";"PR";116;127;"FAZENDA RIO GRANDE";"Velocidade Incompatível";"Colisão com objeto estático";"Com Vítimas Feridas";"Amanhecer";"Crescente";"Nublado";"Dupla";"Curva";"Não";1;0;1;0;0;0;1;1;-25,612752;-49,31859701;"SPRF-PR";"DEL01-PR";"UOP03-DEL01-PR"
317977;2020-10-30;"sexta-feira";"12:00:00";"RS";116;145,1;"CAXIAS DO SUL";"Mal Súbito";"Saída de leito carroçável";"Com Vítimas Feridas";"Pleno dia";"Decrescente";"Céu Claro";"Dupla";"Curva";"Sim";1;0;1;0;0;0;1;1;-29,1350217;-51,1302779;"SPRF-RS";"DEL05-RS";"UOP01-DEL05-RS"
317978;2020-10-30;"sexta-feira";"11:20:00";"RS";470;168;"VILA FLORES";"Desobediência às normas de trânsito pelo condutor";"Colisão transversal";"Com Vítimas Feridas";"Pleno dia";"Crescente";"Céu Claro";"Simples";"Rotatória";"Sim";3;0;1;0;2;0;1;2;-28,85711814;-51,55698016;"SPRF-RS";"DEL06-RS";"UOP02-DEL06-RS"
317979;2020-10-29;"quinta-feira";"16:00:00";"GO";364;180,7;"JATAI";"Falta de Atenção à Condução";"Saída de leito carroçável";"Com Vítimas Feridas";"Pleno dia";"Decrescente";"Chuva";"Simples";"Curva";"Não";2;0;1;0;0;1;1;2;-17,971828;-51,611092;"SPRF-GO";"DEL05-GO";"UOP01-DEL05-GO"
317980;2020-10-30;"sexta-feira";"12:30:00";"RS";153;44,4;"ERECHIM";"Desobediência às normas de trânsito pelo condutor";"Colisão transversal";"Com Vítimas Feridas";"Pleno dia";"Decrescente";"Céu Claro";"Dupla";"Interseção de Vias";"Não";4;0;1;1;2;0;2;2;-27,62312752;-52,23687793;"SPRF-RS";"DEL08-RS";"UOP04-DEL08-RS"
317981;2020-10-30;"sexta-feira";"12:30:00";"RN";101;121;"SAO JOSE DE MIPIBU";"Falta de Atenção à Condução";"Capotamento";"Com Vítimas Feridas";"Pleno dia";"Decrescente";"Sol";"Dupla";"Reta";"Não";3;0;1;0;2;0;1;1;-6,04338592;-35,24621873;"SPRF-RN";"DEL01-RN";"UOP01-DEL01-RN"
317982;2020-10-30;"sexta-feira";"12:15:00";"PR";476;133,8;"CURITIBA";"Falta de Atenção à Condução";"Colisão traseira";"Sem Vítimas";"Pleno dia";"Decrescente";"Garoa/Chuvisco";"Múltipla";"Reta";"Sim";2;0;0;0;2;0;0;2;-25,469219;-49,254143;"SPRF-PR";"DEL01-PR";"UOP03-DEL01-PR"
317983;2020-10-30;"sexta-feira";"13:05:00";"MG";381;876,5;"ESTIVA";"Velocidade Incompatível";"Colisão com objeto estático";"Com Vítimas Feridas";"Pleno dia";"Decrescente";"Chuva";"Dupla";"Curva";"Não";1;0;1;0;0;0;1;1;-22,43904821;-45,98452183;"SPRF-MG";"DEL16-MG";"UOP01-DEL16-MG"
317984;2020-10-30;"sexta-feira";"12:10:00";"ES";101;230;"FUNDAO";"Falta de Atenção do Pedestre";"Atropelamento de Pedestre";"Com Vítimas Feridas";"Pleno dia";"Decrescente";"Chuva";"Dupla";"Reta";"Não";2;0;1;0;1;0;1;2;-19,93558165;-40,40603211;"SPRF-ES";"DEL02-ES";"UOP01-DEL02-ES"
317986;2020-10-30;"sexta-feira";"12:45:00";"RO";364;713;"PORTO VELHO";"Desobediência às normas de trânsito pelo condutor";"Colisão transversal";"Com Vítimas Feridas";"Pleno dia";"Decrescente";"Céu Claro";"Dupla";"Curva";"Sim";3;0;0;1;2;0;1;2;-8,77331583;-63,87969248;"SPRF-RO";"DEL01-RO";"UOP01-DEL01-RO"
317989;2020-10-30;"sexta-feira";"13:11:00";"PR";376;640,1;"TIJUCAS DO SUL";"Velocidade Incompatível";"Colisão com objeto estático";"Com Vítimas Feridas";"Pleno dia";"Crescente";"Chuva";"Dupla";"Curva";"Não";1;0;1;0;0;0;1;1;-25,78245804;-49,12098281;"SPRF-PR";"DEL01-PR";"UOP04-DEL01-PR"
317990;2020-10-30;"sexta-feira";"11:45:00";"PI";222;51,2;"BRASILEIRA";"Defeito na Via";"Saída de leito carroçável";"Com Vítimas Feridas";"Pleno dia";"Decrescente";"Céu Claro";"Simples";"Reta";"Não";5;0;5;0;0;0;5;1;-4,13332927;-41,61439285;"SPRF-PI";"DEL02-PI";"UOP01-DEL02-PI"
317991;2020-10-30;"sexta-feira";"12:30:00";"SP";116;208;"GUARULHOS";"Ingestão de Álcool";"Queda de ocupante de veículo";"Com Vítimas Feridas";"Pleno dia";"Crescente";"Chuva";"Dupla";"Reta";"Sim";1;0;1;0;0;0;1;1;-23,42222263;-46,3932771;"SPRF-SP";"DEL01-SP";"UOP01-DEL01-SP"
317992;2020-10-30;"sexta-feira";"11:45:00";"RN";101;176,1;"CANGUARETAMA";"Defeito Mecânico no Veículo";"Saída de leito carroçável";"Com Vítimas Feridas";"Pleno dia";"Decrescente";"Céu Claro";"Dupla";"Curva";"Não";3;0;1;2;0;0;3;1;-6,50166475;-35,11200246;"SPRF-RN";"DEL01-RN";"UOP01-DEL01-RN"
317993;2020-10-30;"sexta-feira";"09:30:00";"BA";101;446;"UBAITABA";"Falta de Atenção do Pedestre";"Atropelamento de Pedestre";"Com Vítimas Fatais";"Pleno dia";"Decrescente";"Sol";"Simples";"Reta";"Sim";2;1;0;0;0;1;0;2;-14,31062601;-39,31861326;"SPRF-BA";"DEL05-BA";"UOP01-DEL05-BA"
317994;2020-10-30;"sexta-feira";"12:30:00";"MA";222;675,5;"ACAILANDIA";"Não guardar distância de segurança";"Colisão traseira";"Com Vítimas Feridas";"Pleno dia";"Decrescente";"Nublado";"Simples";"Reta";"Sim";3;0;1;0;2;0;1;2;-4,93859094;-47,46131504;"SPRF-MA";"DEL04-MA";"UOP03-DEL04-MA"
317996;2020-10-19;"segunda-feira";"16:30:00";"ES";101;147,3;"LINHARES";"Falta de Atenção à Condução";"Colisão lateral";"Com Vítimas Feridas";"Pleno dia";"Decrescente";"Céu Claro";"Múltipla";"Reta";"Sim";3;0;1;0;2;0;1;3;-19,40436634;-40,06078896;"SPRF-ES";"DEL04-ES";"UOP01-DEL04-ES"
317997;2020-10-30;"sexta-feira";"12:45:00";"MG";381;507;"SAO JOAQUIM DE BICAS";"Falta de Atenção à Condução";"Queda de ocupante de veículo";"Com Vítimas Feridas";"Pleno dia";"Crescente";"Céu Claro";"Múltipla";"Rotatória";"Sim";1;0;1;0;0;0;1;1;-20,05643192;-44,28663308;"SPRF-MG";"DEL01-MG";"UOP03-DEL01-MG"
317999;2020-10-30;"sexta-feira";"14:00:00";"SC";101;411;"ARARANGUA";"Falta de Atenção à Condução";"Saída de leito carroçável";"Com Vítimas Feridas";"Pleno dia";"Decrescente";"Céu Claro";"Dupla";"Reta";"Não";4;0;4;0;0;0;4;1;-28,93522821;-49,51838493;"SPRF-SC";"DEL02-SC";"UOP02-DEL02-SC"
318000;2020-10-30;"sexta-feira";"13:30:00";"SC";101;139,2;"BALNEARIO CAMBORIU";"Não guardar distância de segurança";"Colisão traseira";"Com Vítimas Feridas";"Pleno dia";"Crescente";"Céu Claro";"Simples";"Aclive";"Não";3;0;1;1;1;0;2;2;-27,02982303;-48,60115006;"SPRF-SC";"DEL04-SC";"UOP03-DEL04-SC"
318001;2020-10-30;"sexta-feira";"11:10:00";"MA";135;1;"SAO LUIS";"Falta de Atenção à Condução";"Colisão transversal";"Com Vítimas Feridas";"Pleno dia";"Crescente";"Céu Claro";"Dupla";"Reta";"Sim";2;0;1;0;1;0;1;2;-2,58917895;-44,24423719;"SPRF-MA";"DEL01-MA";"UOP01-DEL01-MA"
318002;2020-10-30;"sexta-feira";"14:30:00";"GO";60;356;"RIO VERDE";"Falta de Atenção à Condução";"Colisão lateral";"Com Vítimas Feridas";"Pleno dia";"Crescente";"Nublado";"Dupla";"Curva";"Não";3;0;1;0;1;1;1;3;-17,6008;-50,7426;"SPRF-GO";"DEL04-GO";"UOP01-DEL04-GO"
318004;2020-10-30;"sexta-feira";"13:40:00";"MG";381;497;"BETIM";"Fenômenos da Natureza";"Colisão frontal";"Com Vítimas Feridas";"Pleno dia";"Crescente";"Chuva";"Dupla";"Reta";"Sim";2;0;1;0;1;0;1;2;-20,00483625;-44,21367172;"SPRF-MG";"DEL01-MG";"UOP03-DEL01-MG"
318006;2020-10-30;"sexta-feira";"14:30:00";"PR";277;3,6;"PARANAGUA";"Falta de Atenção à Condução";"Colisão transversal";"Com Vítimas Feridas";"Pleno dia";"Decrescente";"Nublado";"Simples";"Interseção de Vias";"Sim";5;0;2;0;3;0;2;2;-25,5461506;-48,5601565;"SPRF-PR";"DEL01-PR";"UOP05-DEL01-PR"
318007;2020-10-30;"sexta-feira";"11:00:00";"MG";116;498,6;"INHAPIM";"Condutor Dormindo";"Colisão lateral";"Com Vítimas Feridas";"Pleno dia";"Crescente";"Chuva";"Simples";"Curva";"Não";4;0;3;0;1;0;3;2;-19,54476495;-42,12568405;"SPRF-MG";"DEL06-MG";"UOP02-DEL06-MG"
318008;2020-10-30;"sexta-feira";"13:00:00";"SP";116;564,2;"BARRA DO TURVO";"Pista Escorregadia";"Saída de leito carroçável";"Com Vítimas Feridas";"Pleno dia";"Crescente";"Chuva";"Dupla";"Curva";"Não";2;0;1;0;1;0;1;1;-25,03583856;-48,53751183;"SPRF-SP";"DEL05-SP";"UOP02-DEL05-SP"
318011;2020-10-30;"sexta-feira";"14:00:00";"RJ";101;217;"SILVA JARDIM";"Pista Escorregadia";"Colisão frontal";"Com Vítimas Fatais";"Pleno dia";"Crescente";"Chuva";"Simples";"Reta";"Não";6;1;4;1;0;0;5;2;-22,50769291;-42,29165293;"SPRF-RJ";"DEL02-RJ";"UOP03-DEL02-RJ"
318013;2020-10-30;"sexta-feira";"14:10:00";"GO";20;96,5;"VILA BOA";"Pista Escorregadia";"Saída de leito carroçável";"Com Vítimas Feridas";"Pleno dia";"Decrescente";"Chuva";"Simples";"Reta";"Não";1;0;1;0;0;0;1;1;-14,975515;-47,014931;"SPRF-DF";"DEL02-DF";"UOP01-DEL02-DF"
318014;2020-10-30;"sexta-feira";"08:00:00";"PB";230;464,5;"SOUSA";"Desobediência às normas de trânsito pelo condutor";"Colisão transversal";"Com Vítimas Feridas";"Pleno dia";"Crescente";"Sol";"Simples";"Reta";"Sim";3;0;0;2;0;1;2;2;-6,78055602;-38,25071454;"SPRF-PB";"DEL03-PB";"UOP03-DEL03-PB"
318017;2020-10-30;"sexta-feira";"13:10:00";"PR";376;290;"MAUA DA SERRA";"Desobediência às normas de trânsito pelo condutor";"Colisão transversal";"Com Vítimas Feridas";"Pleno dia";"Crescente";"Nublado";"Dupla";"Reta";"Sim";2;0;1;0;1;0;1;2;-23,9054437;-51,20205298;"SPRF-PR";"DEL07-PR";"UOP03-DEL07-PR"
318019;2020-10-30;"sexta-feira";"15:20:00";"GO";60;225,4;"CEZARINA";"Pista Escorregadia";"Capotamento";"Com Vítimas Feridas";"Pleno dia";"Crescente";"Chuva";"Dupla";"Curva";"Não";2;0;2;0;0;0;2;1;-17,0148;-49,7762;"SPRF-GO";"DEL01-GO";"UOP02-DEL01-GO"
318022;2020-10-30;"sexta-feira";"15:00:00";"PB";230;18;"JOAO PESSOA";"Não guardar distância de segurança";"Colisão lateral";"Com Vítimas Feridas";"Pleno dia";"Decrescente";"Céu Claro";"Dupla";"Reta";"Sim";2;0;1;0;0;1;1;2;-7,1198;-34,8453;"SPRF-PB";"DEL01-PB";"UOP01-DEL01-PB"
318023;2020-10-30;"sexta-feira";"15:30:00";"TO";153;386;"RIO DOS BOIS";"Pista Escorregadia";"Saída de leito carroçável";"Com Vítimas Feridas";"Pleno dia";"Decrescente";"Chuva";"Simples";"Curva";"Não";2;0;2;0;0;0;2;1;-9,296131;-48,553452;"SPRF-TO";"DEL02-TO";"UOP02-DEL02-TO"
318024;2020-10-30;"sexta-feira";"15:55:00";"MG";459;83,7;"CONGONHAL";"Falta de Atenção à Condução";"Colisão transversal";"Sem Vítimas";"Pleno dia";"Decrescente";"Chuva";"Simples";"Reta";"Sim";2;0;0;0;2;0;0;2;-22,151142;-46,047684;"SPRF-MG";"DEL09-MG";"UOP01-DEL09-MG"
318025;2020-10-30;"sexta-feira";"16:20:00";"SC";470;54,1;"BLUMENAU";"Desobediência às normas de trânsito pelo condutor";"Tombamento";"Com Vítimas Feridas";"Pleno dia";"Decrescente";"Céu Claro";"Simples";"Reta";"Sim";1;0;1;0;0;0;1;1;-26,871065;-49,110374;"SPRF-SC";"DEL04-SC";"UOP01-DEL04-SC"
318026;2020-10-30;"sexta-feira";"16:10:00";"RJ";40;72;"PETROPOLIS";"Velocidade Incompatível";"Tombamento";"Com Vítimas Feridas";"Pleno dia";"Crescente";"Chuva";"Simples";"Curva;Declive";"Não";1;0;1;0;0;0;1;1;-22,4585308;-43,21600514;"SPRF-RJ";"DEL06-RJ";"UOP01-DEL06-RJ"
318027;2020-10-30;"sexta-feira";"16:20:00";"MG";381;336,8;"NOVA ERA";"Pista Escorregadia";"Colisão frontal";"Com Vítimas Fatais";"Pleno dia";"Decrescente";"Chuva";"Simples";"Aclive;Curva";"Não";8;1;7;0;0;0;7;2;-19,82119502;-43,07407899;"SPRF-MG";"DEL03-MG";"UOP01-DEL03-MG"
318028;2020-10-30;"sexta-feira";"16:00:00";"PE";101;71;"RECIFE";"Falta de Atenção à Condução";"Queda de ocupante de veículo";"Com Vítimas Feridas";"Pleno dia";"Decrescente";"Céu Claro";"Simples";"Retorno Regulamentado;Curva";"Não";2;0;2;0;0;0;2;1;-8,07663102;-34,94277871;"SPRF-PE";"DEL01-PE";"UOP01-DEL01-PE"
318030;2020-10-30;"sexta-feira";"16:30:00";"PE";101;61;"RECIFE";"Falta de Atenção à Condução";"Colisão traseira";"Com Vítimas Feridas";"Amanhecer";"Decrescente";"Céu Claro";"Dupla";"Reta";"Sim";3;0;0;1;2;0;1;2;-7,99097103;-34,93598295;"SPRF-PE";"DEL01-PE";"UOP02-DEL01-PE"
318032;2020-10-30;"sexta-feira";"15:10:00";"PR";116;1,7;"CAMPINA GRANDE DO SUL";"Velocidade Incompatível";"Saída de leito carroçável";"Com Vítimas Feridas";"Pleno dia";"Decrescente";"Chuva";"Dupla";"Curva";"Não";2;0;2;0;0;0;2;1;-25,06368403;-48,57051896;"SPRF-PR";"DEL01-PR";"UOP02-DEL01-PR"
318034;2020-10-30;"sexta-feira";"16:20:00";"SP";153;56,7;"SAO JOSE DO RIO PRETO";"Velocidade Incompatível";"Saída de leito carroçável";"Com Vítimas Feridas";"Pleno dia";"Decrescente";"Chuva";"Dupla";"Reta";"Não";1;0;1;0;0;0;1;1;-20,7615601;-49,34622278;"SPRF-SP";"DEL09-SP";"UOP01-DEL09-SP"
318035;2020-10-30;"sexta-feira";"17:00:00";"ES";101;269;"SERRA";"Não guardar distância de segurança";"Colisão traseira";"Com Vítimas Feridas";"Anoitecer";"Crescente";"Chuva";"Múltipla";"Reta";"Sim";2;0;1;0;0;1;1;2;-20,21740496;-40,26990578;"SPRF-ES";"DEL02-ES";"UOP01-DEL02-ES"
318036;2020-10-30;"sexta-feira";"16:40:00";"GO";153;562,5;"PROFESSOR JAMIL";"Velocidade Incompatível";"Saída de leito carroçável";"Com Vítimas Feridas";"Pleno dia";"Crescente";"Chuva";"Dupla";"Curva";"Não";2;0;2;0;0;0;2;1;-17,2316;-49,2328;"SPRF-GO";"DEL03-GO";"UOP01-DEL03-GO"
318037;2020-10-30;"sexta-feira";"17:10:00";"SC";282;5;"SAO JOSE";"Falta de Atenção à Condução";"Colisão traseira";"Com Vítimas Feridas";"Pleno dia";"Crescente";"Céu Claro";"Dupla";"Reta";"Sim";2;0;1;0;1;0;1;2;-27,588425;-48,612919;"SPRF-SC";"DEL01-SC";"UOP01-DEL01-SC"
318038;2020-10-30;"sexta-feira";"16:40:00";"PA";316;24;"BENEVIDES";"Avarias e/ou desgaste excessivo no pneu";"Tombamento";"Com Vítimas Feridas";"Pleno dia";"Decrescente";"Céu Claro";"Dupla";"Reta";"Sim";2;0;2;0;0;0;2;1;-1,34599732;-48,25152822;"SPRF-PA";"DEL01-PA";"UOP01-DEL01-PA"
318040;2020-10-30;"sexta-feira";"17:25:00";"PR";277;712;"SANTA TEREZINHA DE ITAIPU";"Defeito Mecânico no Veículo";"Saída de leito carroçável";"Com Vítimas Feridas";"Pleno dia";"Crescente";"Céu Claro";"Dupla";"Reta";"Não";1;0;1;0;0;0;1;1;-25,45780735;-54,43119986;"SPRF-PR";"DEL05-PR";"UOP01-DEL05-PR"
318041;2020-10-30;"sexta-feira";"16:30:00";"SC";101;421,3;"ARARANGUA";"Falta de Atenção à Condução";"Colisão com objeto estático";"Com Vítimas Feridas";"Pleno dia";"Decrescente";"Sol";"Dupla";"Reta";"Sim";3;0;3;0;0;0;3;1;-29,00048611;-49,5576719;"SPRF-SC";"DEL02-SC";"UOP02-DEL02-SC"
318042;2020-10-30;"sexta-feira";"17:20:00";"RS";386;388,2;"TRIUNFO";"Desobediência às normas de trânsito pelo condutor";"Colisão transversal";"Com Vítimas Feridas";"Pleno dia";"Decrescente";"Céu Claro";"Simples";"Retorno Regulamentado";"Sim";3;0;2;0;1;0;2;2;-29,694038;-51,695747;"SPRF-RS";"DEL04-RS";"UOP02-DEL04-RS"
318043;2020-10-30;"sexta-feira";"17:22:00";"MG";50;171;"UBERABA";"Pista Escorregadia";"Colisão com objeto estático";"Sem Vítimas";"Pleno dia";"Crescente";"Nublado";"Dupla";"Curva";"Sim";1;0;0;0;1;0;0;1;-19,75059856;-47,98230529;"SPRF-MG";"DEL13-MG";"UOP01-DEL13-MG"
318044;2020-10-30;"sexta-feira";"15:40:00";"MG";50;28;"ARAGUARI";"Velocidade Incompatível";"Saída de leito carroçável";"Sem Vítimas";"Pleno dia";"Crescente";"Céu Claro";"Dupla";"Curva";"Não";1;0;0;0;1;0;0;1;-18,61851284;-48,1028889;"SPRF-MG";"DEL15-MG";"UOP02-DEL15-MG"
318046;2020-10-30;"sexta-feira";"16:30:00";"MS";262;318;"CAMPO GRANDE";"Falta de Atenção à Condução";"Saída de leito carroçável";"Sem Vítimas";"Pleno dia";"Decrescente";"Céu Claro";"Simples";"Reta";"Sim";1;0;0;0;1;0;0;1;-20,47086159;-54,45819198;"SPRF-MS";"DEL01-MS";"UOP01-DEL01-MS"