"id";"data_inversa";"dia_semana";"horario";"uf";"br";"km";"municipio";"causa_acidente";"tipo_acidente";"classificacao_acidente";"fase_dia";"sentido_via";"condicao_metereologica";"tipo_pista";"tracado_via";"uso_solo";"pessoas";"mortos";"feridos_leves";"feridos_graves";"ilesos";"ignorados";"feridos";"veiculos";"latitude";"longitude";"regional";"delegacia";"uop"
318174;2020-10-30;"sexta-feira";"18:00:00";"MG";116;527;"CARATINGA";"Desobediência às normas de trânsito pelo condutor";"Colisão transversal";"Com Vítimas Feridas";"Plena Noite";"Decrescente";"Nublado";"Simples";"Curva";"Sim";2;0;1;0;1;0;1;2;-19,78510701;-42,13445297;"SPRF-MG";"DEL06-MG";"UOP02-DEL06-MG"
318175;2020-10-31;"sábado";"05:30:00";"PI";343;12;"PARNAIBA";"Ingestão de Álcool";"Saída de leito carroçável";"Sem Vítimas";"Amanhecer";"Decrescente";"Céu Claro";"Dupla";"Reta";"Sim";2;0;0;0;0;2;0;2;-2,910035;-41,753662;"SPRF-PI";"DEL05-PI";"UOP01-DEL05-PI"
318176;2020-10-31;"sábado";"05:45:00";"RN";110;58,9;"MOSSORO";"Defeito na Via";"Saída de leito carroçável";"Com Vítimas Feridas";"Amanhecer";"Decrescente";"Sol";"Simples";"Reta";"Não";2;0;2;0;0;0;2;1;-5,298125;-37,330564;"SPRF-RN";"DEL04-RN";"UOP01-DEL04-RN"
318177;2020-10-31;"sábado";"05:00:00";"SC";116;190;"SAO CRISTOVAO DO SUL";"Velocidade Incompatível";"Saída de leito carroçável";"Com Vítimas Feridas";"Amanhecer";"Decrescente";"Céu Claro";"Simples";"Curva";"Não";1;0;1;0;0;0;1;1;-27,34581721;-50,43271975;"SPRF-SC";"DEL05-SC";"UOP03-DEL05-SC"
318178;2020-10-30;"sexta-feira";"20:50:00";"BA";110;373;"CATU";"Condutor Dormindo";"Saída de leito carroçável";"Com Vítimas Feridas";"Plena Noite";"Decrescente";"Céu Claro";"Simples";"Curva";"Não";1;0;1;0;0;0;1;1;-12,41407659;-38,44906399;"SPRF-BA";"DEL01-BA";"UOP01-DEL01-BA"
318179;2020-10-31;"sábado";"05:30:00";"PR";153;5,5;"JACAREZINHO";"Falta de Atenção à Condução";"Saída de leito carroçável";"Com Vítimas Feridas";"Amanhecer";"Decrescente";"Céu Claro";"Simples";"Reta";"Não";1;0;1;0;0;0;1;1;-23,0345138;-49,91978231;"SPRF-PR";"DEL07-PR";"UOP04-DEL07-PR"
318180;2020-10-31;"sábado";"05:30:00";"PE";104;129,9;"QUIPAPA";"Condutor Dormindo";"Colisão com objeto estático";"Com Vítimas Feridas";"Amanhecer";"Crescente";"Céu Claro";"Simples";"Reta";"Não";6;0;5;1;0;0;6;1;-8,769944;-36,024506;"SPRF-PE";"DEL02-PE";"UOP01-DEL02-PE"
318183;2020-10-31;"sábado";"05:55:00";"MG";381;646;"SANTO ANTONIO DO AMPARO";"Velocidade Incompatível";"Capotamento";"Com Vítimas Feridas";"Amanhecer";"Crescente";"Chuva";"Dupla";"Curva";"Não";2;0;1;0;1;0;1;1;-20,95720609;-44,90296563;"SPRF-MG";"DEL04-MG";"UOP02-DEL04-MG"
318185;2020-10-31;"sábado";"05:00:00";"RS";158;288;"JULIO DE CASTILHOS";"Condutor Dormindo";"Saída de leito carroçável";"Com Vítimas Feridas";"Amanhecer";"Decrescente";"Céu Claro";"Simples";"Reta";"Não";1;0;1;0;0;0;1;1;-29,44958614;-53,68404575;"SPRF-RS";"DEL09-RS";"UOP01-DEL09-RS"
318186;2020-10-12;"segunda-feira";"01:30:00";"RS";116;248,4;"SAO LEOPOLDO";"Velocidade Incompatível";"Queda de ocupante de veículo";"Com Vítimas Feridas";"Plena Noite";"Decrescente";"Céu Claro";"Simples";"Curva";"Sim";1;0;0;1;0;0;1;1;-29,77605895;-51,15508618;"SPRF-RS";"DEL01-RS";"UOP02-DEL01-RS"
318189;2020-10-31;"sábado";"06:50:00";"CE";222;41,2;"CAUCAIA";"Desobediência às normas de trânsito pelo condutor";"Colisão transversal";"Sem Vítimas";"Pleno dia";"Crescente";"Céu Claro";"Simples";"Interseção de Vias";"Sim";2;0;0;0;2;0;0;2;-3,68442213;-38,91593973;"SPRF-CE";"DEL01-CE";"UOP03-DEL01-CE"
318190;2020-10-31;"sábado";"06:15:00";"RS";392;120,8;"CANGUCU";"Velocidade Incompatível";"Saída de leito carroçável";"Com Vítimas Feridas";"Amanhecer";"Crescente";"Céu Claro";"Simples";"Curva";"Não";1;0;1;0;0;0;1;1;-31,39139698;-52,6887662;"SPRF-RS";"DEL07-RS";"UOP01-DEL07-RS"
318191;2020-10-31;"sábado";"02:00:00";"RJ";101;229;"SILVA JARDIM";"Falta de Atenção à Condução";"Saída de leito carroçável";"Sem Vítimas";"Plena Noite";"Decrescente";"Nublado";"Dupla";"Reta";"Não";2;0;0;0;2;0;0;1;-22,5653276;-42,36847904;"SPRF-RJ";"DEL02-RJ";"UOP03-DEL02-RJ"
318193;2020-10-31;"sábado";"05:20:00";"MG";262;524,2;"CONTAGEM";"Falta de Atenção à Condução";"Queda de ocupante de veículo";"Com Vítimas Feridas";"Pleno dia";"Crescente";"Céu Claro";"Dupla";"Reta";"Não";2;0;1;0;1;0;1;1;-19,9482839;-44,0294269;"SPRF-MG";"DEL08-MG";"UOP03-DEL08-MG"
318194;2020-10-31;"sábado";"07:20:00";"SC";470;120,9;"IBIRAMA";"Defeito Mecânico no Veículo";"Capotamento";"Com Vítimas Feridas";"Pleno dia";"Decrescente";"Céu Claro";"Simples";"Curva";"Não";2;0;1;0;1;0;1;1;-27,089924;-49,520416;"SPRF-SC";"DEL04-SC";"UOP02-DEL04-SC"
318195;2020-10-10;"sábado";"04:40:00";"MG";262;791,1;"UBERABA";"Velocidade Incompatível";"Saída de leito carroçável";"Com Vítimas Fatais";"Amanhecer";"Decrescente";"Céu Claro";"Simples";"Curva";"Não";6;1;4;1;0;0;5;1;-19,763236;-47,806865;"SPRF-MG";"DEL13-MG";"UOP01-DEL13-MG"
318196;2020-10-31;"sábado";"06:20:00";"MG";262;380;"JUATUBA";"Pista Escorregadia";"Colisão com objeto estático";"Com Vítimas Feridas";"Pleno dia";"Decrescente";"Garoa/Chuvisco";"Dupla";"Curva;Aclive";"Não";2;0;2;0;0;0;2;1;-19,947864;-44,381226;"SPRF-MG";"DEL01-MG";"UOP03-DEL01-MG"
318197;2020-10-31;"sábado";"07:38:00";"SC";101;87;"BARRA VELHA";"Ingestão de Álcool";"Colisão com objeto estático";"Com Vítimas Feridas";"Pleno dia";"Decrescente";"Nublado";"Múltipla";"Rotatória";"Sim";1;0;1;0;0;0;1;1;-26,63713377;-48,69651057;"SPRF-SC";"DEL03-SC";"UOP02-DEL03-SC"
318199;2020-10-31;"sábado";"08:00:00";"RN";101;99;"NATAL";"Desobediência às normas de trânsito pelo condutor";"Colisão lateral";"Com Vítimas Feridas";"Pleno dia";"Crescente";"Sol";"Dupla";"Retorno Regulamentado";"Sim";2;0;1;0;1;0;1;2;-5,87359183;-35,22063023;"SPRF-RN";"DEL01-RN";"UOP01-DEL01-RN"
318200;2020-10-31;"sábado";"07:55:00";"RN";101;85;"SAO GONCALO DO AMARANTE";"Falta de Atenção à Condução";"Colisão lateral";"Com Vítimas Feridas";"Pleno dia";"Crescente";"Garoa/Chuvisco";"Dupla";"Reta";"Sim";2;0;1;0;1;0;1;2;-5,77426151;-35,25811141;"SPRF-RN";"DEL02-RN";"UOP01-DEL02-RN"
318202;2020-10-31;"sábado";"07:15:00";"RN";101;85,9;"NATAL";"Desobediência às normas de trânsito pelo condutor";"Colisão lateral";"Com Vítimas Feridas";"Pleno dia";"Crescente";"Nublado";"Dupla";"Ponte";"Sim";2;0;1;0;1;0;1;2;-5,777664;-35,24937;"SPRF-RN";"DEL02-RN";"UOP01-DEL02-RN"
318204;2020-10-31;"sábado";"08:15:00";"SP";116;283;"EMBU DAS ARTES";"Mal Súbito";"Atropelamento de Pedestre";"Com Vítimas Feridas";"Pleno dia";"Crescente";"Céu Claro";"Dupla";"Reta";"Sim";2;0;1;0;1;0;1;2;-23,69297005;-46,86352786;"SPRF-SP";"DEL04-SP";"UOP01-DEL04-SP"
318205;2020-10-31;"sábado";"05:45:00";"TO";153;784;"TALISMA";"Defeito Mecânico no Veículo";"Incêndio";"Sem Vítimas";"Pleno dia";"Crescente";"Chuva";"Simples";"Reta";"Não";1;0;0;0;1;0;0;1;-12,67547894;-49,06751926;"SPRF-TO";"DEL01-TO";"UOP02-DEL01-TO"
318206;2020-10-31;"sábado";"06:20:00";"RJ";116;295;"PORTO REAL";"Falta de Atenção à Condução";"Saída de leito carroçável";"Com Vítimas Feridas";"Amanhecer";"Crescente";"Garoa/Chuvisco";"Dupla";"Reta";"Não";1;0;1;0;0;0;1;1;-22,45013044;-44,3107408;"SPRF-RJ";"DEL07-RJ";"UOP02-DEL07-RJ"
318207;2020-10-31;"sábado";"08:10:00";"DF";60;3,2;"BRASILIA";"Ingestão de Álcool";"Colisão traseira";"Com Vítimas Feridas";"Pleno dia";"Crescente";"Chuva";"Dupla";"Reta";"Sim";2;0;1;0;1;0;1;2;-15,890521;-48,086864;"SPRF-DF";"DEL03-DF";"UOP01-DEL03-DF"
318208;2020-10-31;"sábado";"06:55:00";"MG";381;630,5;"OLIVEIRA";"Falta de Atenção à Condução";"Colisão traseira";"Com Vítimas Feridas";"Amanhecer";"Crescente";"Chuva";"Dupla";"Curva";"Não";3;0;1;0;2;0;1;2;-20,84702065;-44,83281432;"SPRF-MG";"DEL04-MG";"UOP01-DEL04-MG"
318209;2020-10-31;"sábado";"06:40:00";"MG";381;630,5;"OLIVEIRA";"Velocidade Incompatível";"Saída de leito carroçável";"Com Vítimas Feridas";"Pleno dia";"Crescente";"Chuva";"Dupla";"Curva";"Não";4;0;2;2;0;0;4;1;-20,84702065;-44,83281432;"SPRF-MG";"DEL04-MG";"UOP01-DEL04-MG"
318213;2020-10-31;"sábado";"06:29:00";"RJ";40;123;"RIO DE JANEIRO";"Desobediência às normas de trânsito pelo condutor";"Colisão transversal";"Com Vítimas Feridas";"Pleno dia";"Crescente";"Céu Claro";"Múltipla";"Reta";"Sim";2;0;1;0;0;1;1;2;-22,79907687;-43,29015739;"SPRF-RJ";"DEL01-RJ";"UOP01-DEL01-RJ"
318216;2020-10-31;"sábado";"09:00:00";"MG";381;485;"BETIM";"Não guardar distância de segurança";"Engavetamento";"Com Vítimas Feridas";"Pleno dia";"Crescente";"Nublado";"Dupla";"Curva";"Sim";5;0;1;0;4;0;1;3;-19,95659361;-44,12622893;"SPRF-MG";"DEL01-MG";"UOP03-DEL01-MG"
318217;2020-10-31;"sábado";"09:10:00";"PR";376;123,9;"ALTO PARANA";"Velocidade Incompatível";"Colisão traseira";"Sem Vítimas";"Pleno dia";"Crescente";"Céu Claro";"Múltipla";"Reta";"Não";2;0;0;0;2;0;0;2;-23,13828666;-52,28944077;"SPRF-PR";"DEL09-PR";"UOP02-DEL09-PR"
318219;2020-10-31;"sábado";"08:30:00";"PB";230;74,1;"SOBRADO";"Defeito na Via";"Colisão com objeto estático";"Com Vítimas Feridas";"Pleno dia";"Decrescente";"Chuva";"Dupla";"Curva";"Não";5;0;1;2;2;0;3;1;-7,1894;-35,2596;"SPRF-PB";"DEL01-PB";"UOP03-DEL01-PB"
318220;2020-10-31;"sábado";"08:50:00";"SC";470;65,2;"INDAIAL";"Falta de Atenção do Pedestre";"Atropelamento de Pedestre";"Com Vítimas Feridas";"Pleno dia";"Decrescente";"Céu Claro";"Simples";"Reta";"Não";2;0;1;0;1;0;1;2;-26,870411;-49,211864;"SPRF-SC";"DEL04-SC";"UOP01-DEL04-SC"
318221;2020-10-31;"sábado";"09:00:00";"SP";381;25;"BRAGANCA PAULISTA";"Não guardar distância de segurança";"Colisão traseira";"Com Vítimas Feridas";"Pleno dia";"Decrescente";"Nublado";"Dupla";"Aclive;Reta";"Não";3;0;1;0;2;0;1;2;-23,02018004;-46,52966596;"SPRF-SP";"DEL03-SP";"UOP01-DEL03-SP"
318223;2020-10-31;"sábado";"08:15:00";"SC";101;296,9;"IMBITUBA";"Falta de Atenção à Condução";"Colisão com objeto estático";"Com Vítimas Feridas";"Pleno dia";"Crescente";"Nublado";"Simples";"Viaduto";"Sim";1;0;1;0;0;0;1;1;-28,31353989;-48,7240982;"SPRF-SC";"DEL02-SC";"UOP03-DEL02-SC"
318225;2020-10-31;"sábado";"09:00:00";"CE";222;0,4;"FORTALEZA";"Falta de Atenção à Condução";"Colisão lateral";"Com Vítimas Feridas";"Pleno dia";"Crescente";"Nublado";"Múltipla";"Reta";"Sim";3;0;2;0;0;1;2;2;-3,7367737;-38,56923;"SPRF-CE";"DEL01-CE";"UOP01-DEL01-CE"
318227;2020-10-31;"sábado";"09:30:00";"SC";101;135;"BALNEARIO CAMBORIU";"Ingestão de Álcool";"Colisão traseira";"Com Vítimas Feridas";"Pleno dia";"Crescente";"Nublado";"Múltipla";"Reta";"Sim";2;0;1;0;1;0;1;2;-27,0050108;-48,62677494;"SPRF-SC";"DEL04-SC";"UOP03-DEL04-SC"
318228;2020-10-31;"sábado";"09:40:00";"CE";222;2,3;"FORTALEZA";"Falta de Atenção à Condução";"Colisão lateral";"Com Vítimas Feridas";"Pleno dia";"Decrescente";"Nublado";"Múltipla";"Reta";"Sim";5;0;4;0;1;0;4;3;-3,73941;-38,58941;"SPRF-CE";"DEL01-CE";"UOP01-DEL01-CE"
318230;2020-10-31;"sábado";"10:05:00";"SC";282;17;"PALHOCA";"Falta de Atenção à Condução";"Colisão transversal";"Com Vítimas Feridas";"Pleno dia";"Crescente";"Nublado";"Simples";"Reta";"Sim";3;0;2;0;1;0;2;2;-27,665707;-48,688065;"SPRF-SC";"DEL01-SC";"UOP02-DEL01-SC"
318233;2020-10-31;"sábado";"10:00:00";"RS";116;262,5;"CANOAS";"Falta de Atenção à Condução";"Colisão traseira";"Com Vítimas Feridas";"Pleno dia";"Decrescente";"Céu Claro";"Múltipla";"Reta";"Sim";2;0;1;0;1;0;1;2;-29,896475;-51,17593;"SPRF-RS";"DEL01-RS";"UOP01-DEL01-RS"
318236;2020-10-31;"sábado";"09:50:00";"SP";116;222;"GUARULHOS";"Falta de Atenção à Condução";"Colisão traseira";"Com Vítimas Feridas";"Pleno dia";"Crescente";"Chuva";"Múltipla";"Reta";"Não";2;0;1;0;1;0;1;2;-23,47093408;-46,51631097;"SPRF-SP";"DEL01-SP";"UOP01-DEL01-SP"
318237;2020-10-31;"sábado";"08:20:00";"RS";290;377,1;"VILA NOVA DO SUL";"Velocidade Incompatível";"Saída de leito carroçável";"Com Vítimas Feridas";"Pleno dia";"Crescente";"Céu Claro";"Simples";"Reta";"Sim";1;0;1;0;0;0;1;1;-30,347895;-53,927414;"SPRF-RS";"DEL09-RS";"UOP02-DEL09-RS"
318239;2020-10-31;"sábado";"10:30:00";"MG";262;445;"NOVA SERRANA";"Falta de Atenção à Condução";"Saída de leito carroçável";"Com Vítimas Feridas";"Pleno dia";"Decrescente";"Nublado";"Dupla";"Aclive";"Sim";1;0;1;0;0;0;1;1;-19,865177;-44,995103;"SPRF-MG";"DEL08-MG";"UOP03-DEL08-MG"
318240;2020-10-31;"sábado";"09:55:00";"SC";101;70,4;"ARAQUARI";"Falta de Atenção à Condução";"Colisão traseira";"Com Vítimas Feridas";"Pleno dia";"Crescente";"Céu Claro";"Dupla";"Reta";"Não";7;0;1;0;6;0;1;5;-26,51082007;-48,72345612;"SPRF-SC";"DEL03-SC";"UOP02-DEL03-SC"
318241;2020-10-31;"sábado";"10:10:00";"SC";101;127,9;"ITAJAI";"Falta de Atenção do Pedestre";"Atropelamento de Pedestre";"Com Vítimas Feridas";"Pleno dia";"Decrescente";"Sol";"Dupla";"Reta";"Não";2;0;1;1;0;0;2;2;-26,9639319;-48,68328024;"SPRF-SC";"DEL04-SC";"UOP04-DEL04-SC"
318242;2020-10-31;"sábado";"10:46:00";"SC";101;69,9;"ARAQUARI";"Não guardar distância de segurança";"Colisão traseira";"Com Vítimas Feridas";"Pleno dia";"Crescente";"Nublado";"Múltipla";"Reta";"Sim";2;0;1;0;1;0;1;2;-26,50298009;-48,72814515;"SPRF-SC";"DEL03-SC";"UOP02-DEL03-SC"
318243;2020-10-31;"sábado";"10:40:00";"RS";290;92;"PORTO ALEGRE";"Falta de Atenção à Condução";"Colisão traseira";"Com Vítimas Feridas";"Pleno dia";"Decrescente";"Céu Claro";"Múltipla";"Reta";"Sim";2;0;1;0;1;0;1;2;-29,971916;-51,176838;"SPRF-RS";"DEL01-RS";"UOP01-DEL01-RS"
318244;2020-10-31;"sábado";"10:30:00";"AL";104;83,7;"RIO LARGO";"Velocidade Incompatível";"Capotamento";"Com Vítimas Feridas";"Pleno dia";"Crescente";"Sol";"Dupla";"Curva";"Não";2;0;2;0;0;0;2;1;-9,44165773;-35,83538341;"SPRF-AL";"DEL01-AL";"UOP01-DEL01-AL"
318246;2020-10-31;"sábado";"09:15:00";"PR";376;240;"APUCARANA";"Velocidade Incompatível";"Tombamento";"Com Vítimas Feridas";"Pleno dia";"Crescente";"Céu Claro";"Simples";"Em Obras";"Não";1;0;1;0;0;0;1;1;-23,58054376;-51,43596583;"SPRF-PR";"DEL07-PR";"UOP03-DEL07-PR"
318247;2020-10-31;"sábado";"11:15:00";"BA";235;350;"JUAZEIRO";"Falta de Atenção à Condução";"Engavetamento";"Com Vítimas Feridas";"Pleno dia";"Crescente";"Sol";"Simples";"Reta";"Sim";4;0;0;1;0;3;1;4;-9,42503135;-40,50388907;"SPRF-PE";"DEL06-PE";"UOP01-DEL06-PE"
318249;2020-10-31;"sábado";"11:00:00";"PE";101;56;"PAULISTA";"Falta de Atenção à Condução";"Colisão traseira";"Com Vítimas Feridas";"Pleno dia";"Decrescente";"Sol";"Dupla";"Reta";"Não";3;0;0;1;1;1;1;3;-7,9554509;-34,91140727;"SPRF-PE";"DEL01-PE";"UOP02-DEL01-PE"
318250;2020-10-31;"sábado";"11:10:00";"SC";101;149,1;"ITAPEMA";"Falta de Atenção à Condução";"Colisão traseira";"Com Vítimas Feridas";"Pleno dia";"Decrescente";"Nublado";"Simples";"Interseção de Vias";"Sim";2;0;1;0;1;0;1;2;-27,1089649;-48,61277586;"SPRF-SC";"DEL04-SC";"UOP03-DEL04-SC"
318251;2020-10-31;"sábado";"09:45:00";"SC";470;69;"INDAIAL";"Falta de Atenção à Condução";"Colisão traseira";"Com Vítimas Feridas";"Pleno dia";"Decrescente";"Nublado";"Simples";"Reta;Em Obras";"Sim";7;0;5;0;2;0;5;4;-26,88801911;-49,25267458;"SPRF-SC";"DEL04-SC";"UOP01-DEL04-SC"
318254;2020-10-31;"sábado";"10:20:00";"PA";163;988;"SANTAREM";"Ingestão de Álcool";"Engavetamento";"Sem Vítimas";"Pleno dia";"Crescente";"Céu Claro";"Simples";"Reta";"Não";5;0;0;0;5;0;0;3;-2,574782;-54,720886;"SPRF-PA";"DEL05-PA";"UOP01-DEL05-PA"
318255;2020-10-31;"sábado";"11:30:00";"PE";101;34;"ITAPISSUMA";"Falta de Atenção à Condução";"Colisão lateral";"Com Vítimas Feridas";"Pleno dia";"Decrescente";"Céu Claro";"Múltipla";"Reta";"Não";3;0;2;0;1;0;2;2;-7,77092801;-34,93524623;"SPRF-PE";"DEL01-PE";"UOP02-DEL01-PE"
318256;2020-10-31;"sábado";"11:20:00";"SP";116;147;"SAO JOSE DOS CAMPOS";"Não guardar distância de segurança";"Colisão traseira";"Com Vítimas Feridas";"Pleno dia";"Decrescente";"Nublado";"Dupla";"Declive";"Sim";3;0;1;0;2;0;1;2;-23,19542994;-45,87176303;"SPRF-SP";"DEL02-SP";"UOP01-DEL02-SP"
318257;2020-10-31;"sábado";"11:50:00";"SC";101;227;"PALHOCA";"Falta de Atenção à Condução";"Colisão lateral";"Com Vítimas Feridas";"Pleno dia";"Crescente";"Céu Claro";"Dupla";"Reta";"Sim";2;0;0;1;1;0;1;2;-27,7509149;-48,63460277;"SPRF-SC";"DEL01-SC";"UOP02-DEL01-SC"
318258;2020-10-31;"sábado";"11:00:00";"PR";163;260;"TOLEDO";"Agressão Externa";"Saída de leito carroçável";"Com Vítimas Feridas";"Pleno dia";"Decrescente";"Céu Claro";"Dupla";"Reta";"Não";4;0;2;0;2;0;2;1;-24,6606297;-53,8185818;"SPRF-PR";"DEL06-PR";"UOP02-DEL06-PR"
318259;2020-10-31;"sábado";"11:30:00";"SC";101;210;"SAO JOSE";"Falta de Atenção à Condução";"Colisão lateral";"Com Vítimas Feridas";"Pleno dia";"Decrescente";"Nublado";"Dupla";"Reta";"Sim";2;0;1;0;1;0;1;2;-27,6167305;-48,6457265;"SPRF-SC";"DEL01-SC";"UOP01-DEL01-SC"
318260;2020-10-31;"sábado";"11:00:00";"RJ";101;430;"MANGARATIBA";"Avarias e/ou desgaste excessivo no pneu";"Colisão frontal";"Com Vítimas Feridas";"Pleno dia";"Crescente";"Nublado";"Simples";"Curva;Declive";"Sim";7;0;2;0;5;0;2;3;-22,93762609;-44,01274323;"SPRF-RJ";"DEL03-RJ";"UOP03-DEL03-RJ"
318261;2020-10-31;"sábado";"11:00:00";"MG";381;498;"BETIM";"Desobediência às normas de trânsito pelo condutor";"Colisão lateral";"Sem Vítimas";"Pleno dia";"Crescente";"Nublado";"Dupla";"Reta";"Sim";2;0;0;0;2;0;0;1;-20,01172662;-44,21976041;"SPRF-MG";"DEL01-MG";"UOP03-DEL01-MG"
318262;2020-10-31;"sábado";"11:30:00";"MG";50;126,3;"UBERABA";"Velocidade Incompatível";"Saída de leito carroçável";"Com Vítimas Feridas";"Pleno dia";"Decrescente";"Nublado";"Dupla";"Reta";"Não";4;0;1;1;2;0;2;1;-19,35661694;-48,08567397;"SPRF-MG";"DEL13-MG";"UOP01-DEL13-MG"
318263;2020-10-31;"sábado";"11:50:00";"PR";369;37,3;"ANDIRA";"Desobediência às normas de trânsito pelo condutor";"Colisão transversal";"Com Vítimas Feridas";"Pleno dia";"Crescente";"Céu Claro";"Simples";"Reta";"Sim";2;0;1;0;1;0;1;2;-23,0458824;-50,233157;"SPRF-PR";"DEL07-PR";"UOP01-DEL07-PR"
318268;2020-10-31;"sábado";"11:30:00";"RJ";393;138;"SAPUCAIA";"Falta de Atenção à Condução";"Saída de leito carroçável";"Com Vítimas Feridas";"Pleno dia";"Crescente";"Céu Claro";"Simples";"Reta";"Não";4;0;2;2;0;0;4;1;-22,00266194;-42,93093204;"SPRF-RJ";"DEL05-RJ";"UOP01-DEL05-RJ"
318269;2020-10-31;"sábado";"09:30:00";"PA";10;317,4;"SAO MIGUEL DO GUAMA";"Desobediência às normas de trânsito pelo condutor";"Colisão transversal";"Com Vítimas Feridas";"Pleno dia";"Decrescente";"Céu Claro";"Simples";"Reta";"Não";3;0;2;0;1;0;2;2;-1,65914611;-47,49362371;"SPRF-PA";"DEL01-PA";"UOP02-DEL01-PA"
318270;2020-10-31;"sábado";"12:00:00";"SE";235;73;"FREI PAULO";"Desobediência às normas de trânsito pelo condutor";"Colisão transversal";"Com Vítimas Feridas";"Pleno dia";"Decrescente";"Nublado";"Simples";"Reta";"Sim";3;0;2;0;1;0;2;2;-10,545807;-37,53688;"SPRF-SE";"DEL01-SE";"UOP02-DEL01-SE"
318271;2020-10-31;"sábado";"12:00:00";"RS";290;100;"PORTO ALEGRE";"Falta de Atenção à Condução";"Colisão traseira";"Sem Vítimas";"Pleno dia";"Crescente";"Céu Claro";"Dupla";"Reta";"Sim";3;0;0;0;3;0;0;3;-29,988646;-51,236553;"SPRF-RS";"DEL01-RS";"UOP01-DEL01-RS"
318272;2020-10-31;"sábado";"11:40:00";"PE";101;95,6;"CABO DE SANTO AGOSTINHO";"Falta de Atenção à Condução";"Colisão traseira";"Com Vítimas Feridas";"Pleno dia";"Crescente";"Sol";"Dupla";"Reta";"Sim";2;0;1;0;1;0;1;2;-8,25099;-35,01426;"SPRF-PE";"DEL01-PE";"UOP03-DEL01-PE"
318274;2020-10-31;"sábado";"12:40:00";"GO";251;3,9;"CRISTALINA";"Falta de Atenção à Condução";"Colisão transversal";"Com Vítimas Feridas";"Pleno dia";"Crescente";"Garoa/Chuvisco";"Simples";"Reta";"Não";5;0;0;2;3;0;2;2;-16,23450176;-47,35127812;"SPRF-DF";"DEL01-DF";"UOP01-DEL01-DF"
318276;2020-10-31;"sábado";"13:15:00";"SC";101;195;"BIGUACU";"Falta de Atenção à Condução";"Colisão com objeto estático";"Com Vítimas Feridas";"Pleno dia";"Decrescente";"Nublado";"Dupla";"Reta";"Sim";1;0;1;0;0;0;1;1;-27,5047092;-48,65010819;"SPRF-SC";"DEL01-SC";"UOP01-DEL01-SC"
318277;2020-10-31;"sábado";"12:55:00";"SP";381;59;"MAIRIPORA";"Falta de Atenção à Condução";"Colisão lateral";"Com Vítimas Feridas";"Pleno dia";"Decrescente";"Nublado";"Dupla";"Aclive;Reta";"Sim";2;0;1;0;1;0;1;2;-23,28270705;-46,58787791;"SPRF-SP";"DEL03-SP";"UOP01-DEL03-SP"
318278;2020-10-31;"sábado";"09:00:00";"PR";376;666;"GUARATUBA";"Pista Escorregadia";"Colisão com objeto estático";"Com Vítimas Feridas";"Pleno dia";"Decrescente";"Garoa/Chuvisco";"Dupla";"Reta";"Não";2;0;2;0;0;0;2;1;-25,86037408;-48,95087256;"SPRF-PR";"DEL01-PR";"UOP04-DEL01-PR"
318282;2020-10-31;"sábado";"13:40:00";"PR";376;594;"CURITIBA";"Não guardar distância de segurança";"Colisão traseira";"Com Vítimas Feridas";"Pleno dia";"Decrescente";"Nublado";"Dupla";"Reta";"Sim";2;0;1;0;1;0;1;2;-25,48479613;-49,34730331;"SPRF-PR";"DEL01-PR";"UOP01-DEL01-PR"
318283;2020-10-31;"sábado";"13:00:00";"MG";116;530,5;"CARATINGA";"Desobediência às normas de trânsito pelo condutor";"Colisão transversal";"Com Vítimas Feridas";"Pleno dia";"Crescente";"Chuva";"Simples";"Curva";"Sim";2;0;0;1;1;0;1;2;-19,81067298;-42,13539446;"SPRF-MG";"DEL06-MG";"UOP02-DEL06-MG"
318284;2020-10-31;"sábado";"11:50:00";"GO";60;10,3;"SANTO ANTONIO DO DESCOBERTO";"Pista Escorregadia";"Saída de leito carroçável";"Com Vítimas Feridas";"Pleno dia";"Decrescente";"Chuva";"Dupla";"Declive";"Não";1;0;1;0;0;0;1;1;-16,116999;-48,318546;"SPRF-DF";"DEL03-DF";"UOP01-DEL03-DF"
318286;2020-10-31;"sábado";"13:15:00";"GO";60;105,9;"GOIANAPOLIS";"Pista Escorregadia";"Saída de leito carroçável";"Com Vítimas Feridas";"Pleno dia";"Crescente";"Chuva";"Dupla";"Reta";"Não";1;0;1;0;0;0;1;1;-16,42061903;-49,01200902;"SPRF-GO";"DEL02-GO";"UOP01-DEL02-GO"
318287;2020-10-03;"sábado";"08:17:00";"PR";116;17;"ANTONINA";"Velocidade Incompatível";"Saída de leito carroçável";"Com Vítimas Feridas";"Pleno dia";"Decrescente";"Garoa/Chuvisco";"Dupla";"Curva";"Não";5;0;1;0;4;0;1;1;-25,10305915;-48,70103892;"SPRF-PR";"DEL01-PR";"UOP02-DEL01-PR"
318288;2020-10-31;"sábado";"14:10:00";"PE";232;147,2;"SAO CAITANO";"Falta de Atenção à Condução";"Colisão com objeto estático";"Com Vítimas Fatais";"Pleno dia";"Decrescente";"Céu Claro";"Simples";"Curva";"Sim";2;1;0;1;0;0;1;1;-8,33373137;-36,13751116;"SPRF-PE";"DEL02-PE";"UOP03-DEL02-PE"