"id";"data_inversa";"dia_semana";"horario";"uf";"br";"km";"municipio";"causa_acidente";"tipo_acidente";"classificacao_acidente";"fase_dia";"sentido_via";"condicao_metereologica";"tipo_pista";"tracado_via";"uso_solo";"pessoas";"mortos";"feridos_leves";"feridos_graves";"ilesos";"ignorados";"feridos";"veiculos";"latitude";"longitude";"regional";"delegacia";"uop"
318394;2020-10-31;"sábado";"21:40:00";"PE";101;55;"PAULISTA";"Ingestão de Álcool";"Colisão traseira";"Com Vítimas Feridas";"Plena Noite";"Crescente";"Céu Claro";"Dupla";"Reta";"Não";2;0;1;0;1;0;1;2;-7,93961103;-34,90356584;"SPRF-PE";"DEL01-PE";"UOP02-DEL01-PE"
318395;2020-10-31;"sábado";"22:05:00";"PI";343;343,4;"TERESINA";"Falta de Atenção à Condução";"Colisão traseira";"Sem Vítimas";"Plena Noite";"Crescente";"Céu Claro";"Simples";"Reta";"Sim";2;0;0;0;2;0;0;2;-5,087362;-42,757851;"SPRF-PI";"DEL01-PI";"UOP01-DEL01-PI"
318398;2020-10-31;"sábado";"21:55:00";"PR";277;547,8;"CATANDUVAS";"Falta de Atenção do Pedestre";"Atropelamento de Pedestre";"Com Vítimas Feridas";"Plena Noite";"Crescente";"Céu Claro";"Simples";"Reta";"Não";6;0;1;1;4;0;2;2;-25,10408;-53,115206;"SPRF-PR";"DEL04-PR";"UOP01-DEL04-PR"
318400;2020-10-31;"sábado";"22:50:00";"RS";470;153;"NOVA PRATA";"Ingestão de Álcool";"Saída de leito carroçável";"Com Vítimas Feridas";"Plena Noite";"Decrescente";"Céu Claro";"Simples";"Reta";"Sim";2;0;2;0;0;0;2;1;-28,77076987;-51,61831412;"SPRF-RS";"DEL06-RS";"UOP02-DEL06-RS"
318401;2020-10-31;"sábado";"22:30:00";"PE";232;182,9;"BELO JARDIM";"Falta de Atenção à Condução";"Colisão lateral";"Sem Vítimas";"Plena Noite";"Crescente";"Céu Claro";"Simples";"Reta";"Sim";2;0;0;0;1;1;0;2;-8,34804728;-36,44664994;"SPRF-PE";"DEL02-PE";"UOP03-DEL02-PE"
318403;2020-10-31;"sábado";"22:35:00";"RJ";116;163;"RIO DE JANEIRO";"Pista Escorregadia";"Colisão com objeto estático";"Com Vítimas Feridas";"Plena Noite";"Crescente";"Chuva";"Dupla";"Reta";"Não";1;0;1;0;0;0;1;1;-22,802729;-43,290424;"SPRF-RJ";"DEL01-RJ";"UOP01-DEL01-RJ"
318405;2020-11-01;"domingo";"00:01:00";"MG";381;390,9;"BARAO DE COCAIS";"Condutor Dormindo";"Colisão com objeto estático";"Com Vítimas Feridas";"Amanhecer";"Crescente";"Nublado";"Simples";"Reta";"Sim";3;0;3;0;0;0;3;1;-19,79743989;-43,42005014;"SPRF-MG";"DEL01-MG";"UOP01-DEL01-MG"
318406;2020-10-31;"sábado";"23:00:00";"PB";230;481;"MARIZOPOLIS";"Animais na Pista";"Atropelamento de Animal";"Com Vítimas Fatais";"Plena Noite";"Crescente";"Céu Claro";"Simples";"Reta";"Sim";2;1;0;1;0;0;1;1;-6,8451;-38,354;"SPRF-PB";"DEL03-PB";"UOP03-DEL03-PB"
318409;2020-11-01;"domingo";"00:05:00";"GO";60;169,2;"ABADIA DE GOIAS";"Velocidade Incompatível";"Capotamento";"Sem Vítimas";"Plena Noite";"Crescente";"Nublado";"Dupla";"Reta";"Sim";1;0;0;0;0;1;0;1;-16,7269;-49,3822;"SPRF-GO";"DEL01-GO";"UOP02-DEL01-GO"
318410;2020-10-31;"sábado";"21:00:00";"AC";317;100;"SENADOR GUIOMARD";"Ingestão de Álcool";"Saída de leito carroçável";"Com Vítimas Feridas";"Plena Noite";"Decrescente";"Nublado";"Simples";"Reta";"Não";1;0;1;0;0;0;1;1;-10,2212353;-67,70247852;"SPRF-AC";"DEL01-AC";"UOP01-DEL01-AC"
318411;2020-10-31;"sábado";"23:20:00";"PR";369;38;"ANDIRA";"Falta de Atenção à Condução";"Colisão traseira";"Com Vítimas Feridas";"Plena Noite";"Decrescente";"Céu Claro";"Simples";"Reta";"Não";3;0;0;1;2;0;1;2;-23,05604143;-50,246315;"SPRF-PR";"DEL07-PR";"UOP01-DEL07-PR"
318412;2020-10-31;"sábado";"22:50:00";"SC";280;182;"MAFRA";"Animais na Pista";"Queda de ocupante de veículo";"Com Vítimas Feridas";"Plena Noite";"Crescente";"Garoa/Chuvisco";"Simples";"Curva";"Não";1;0;1;0;0;0;1;1;-26,17387829;-49,90623301;"SPRF-SC";"DEL06-SC";"UOP01-DEL06-SC"
318413;2020-10-31;"sábado";"23:50:00";"PR";277;439;"VIRMOND";"Ingestão de Álcool";"Colisão traseira";"Com Vítimas Feridas";"Plena Noite";"Crescente";"Céu Claro";"Simples";"Reta";"Não";4;0;1;0;3;0;1;2;-25,37559322;-52,24733498;"SPRF-PR";"DEL04-PR";"UOP02-DEL04-PR"
318414;2020-11-01;"domingo";"00:02:00";"SC";470;58,9;"BLUMENAU";"Ingestão de Álcool";"Colisão frontal";"Sem Vítimas";"Plena Noite";"Decrescente";"Nublado";"Simples";"Curva";"Não";2;0;0;0;2;0;0;2;-26,883879;-49,145622;"SPRF-SC";"DEL04-SC";"UOP01-DEL04-SC"
318415;2020-11-01;"domingo";"00:00:00";"GO";70;3,6;"AGUAS LINDAS DE GOIAS";"Defeito Mecânico no Veículo";"Colisão traseira";"Com Vítimas Feridas";"Anoitecer";"Crescente";"Nublado";"Dupla";"Aclive";"Sim";2;0;1;0;1;0;1;2;-15,7728515;-48,2918644;"SPRF-DF";"DEL03-DF";"UOP02-DEL03-DF"
318417;2020-10-31;"sábado";"23:40:00";"PR";163;95,1;"CAPANEMA";"Ingestão de Álcool";"Saída de leito carroçável";"Com Vítimas Fatais";"Plena Noite";"Decrescente";"Céu Claro";"Simples";"Reta";"Não";2;1;1;0;0;0;1;1;-25,646987;-53,803146;"SPRF-PR";"DEL02-PR";"UOP02-DEL02-PR"
318418;2020-10-31;"sábado";"21:20:00";"AL";316;270,3;"SATUBA";"Ingestão de Álcool";"Colisão frontal";"Com Vítimas Fatais";"Plena Noite";"Decrescente";"Nublado";"Simples";"Curva";"Não";2;1;0;0;1;0;0;2;-9,5716559;-35,824111;"SPRF-AL";"DEL02-AL";"UOP01-DEL02-AL"
318419;2020-11-01;"domingo";"00:40:00";"GO";60;102,8;"ANAPOLIS";"Velocidade Incompatível";"Saída de leito carroçável";"Com Vítimas Feridas";"Plena Noite";"Crescente";"Céu Claro";"Dupla";"Reta";"Sim";4;0;0;2;2;0;2;1;-16,406;-48,9831;"SPRF-GO";"DEL02-GO";"UOP01-DEL02-GO"
318420;2020-10-31;"sábado";"23:50:00";"RJ";40;22;"TRES RIOS";"Falta de Atenção à Condução";"Saída de leito carroçável";"Sem Vítimas";"Plena Noite";"Decrescente";"Céu Claro";"Simples";"Reta";"Não";1;0;0;0;0;1;0;1;-22,12244792;-43,1568498;"SPRF-RJ";"DEL05-RJ";"UOP02-DEL05-RJ"
318421;2020-11-01;"domingo";"00:40:00";"RS";116;243,3;"SAO LEOPOLDO";"Falta de Atenção à Condução";"Colisão com objeto estático";"Com Vítimas Feridas";"Plena Noite";"Crescente";"Céu Claro";"Múltipla";"Reta";"Sim";5;0;1;4;0;0;5;1;-29,73024295;-51,1496312;"SPRF-RS";"DEL01-RS";"UOP02-DEL01-RS"
318423;2020-10-31;"sábado";"22:30:00";"MA";316;615,2;"TIMON";"Desobediência às normas de trânsito pelo condutor";"Colisão frontal";"Com Vítimas Feridas";"Plena Noite";"Crescente";"Céu Claro";"Simples";"Reta";"Sim";4;0;1;2;1;0;3;2;-5,086548;-42,837265;"SPRF-MA";"DEL03-MA";"UOP02-DEL03-MA"
318424;2020-10-31;"sábado";"23:45:00";"PR";376;186,7;"MARIALVA";"Falta de Atenção à Condução";"Capotamento";"Com Vítimas Feridas";"Plena Noite";"Crescente";"Céu Claro";"Dupla";"Declive";"Não";2;0;2;0;0;0;2;1;-23,45643624;-51,84510713;"SPRF-PR";"DEL09-PR";"UOP01-DEL09-PR"
318425;2020-10-31;"sábado";"23:17:00";"RN";405;1,9;"MOSSORO";"Falta de Atenção à Condução";"Colisão traseira";"Com Vítimas Feridas";"Plena Noite";"Crescente";"Céu Claro";"Dupla";"Reta";"Sim";3;0;1;0;1;1;1;2;-5,19170196;-37,361471;"SPRF-RN";"DEL04-RN";"UOP02-DEL04-RN"
318426;2020-11-01;"domingo";"00:15:00";"SC";101;290,1;"IMBITUBA";"Ingestão de Álcool";"Tombamento";"Com Vítimas Feridas";"Plena Noite";"Crescente";"Garoa/Chuvisco";"Dupla";"Reta;Aclive";"Sim";1;0;1;0;0;0;1;1;-28,28115993;-48,70198113;"SPRF-SC";"DEL02-SC";"UOP03-DEL02-SC"
318428;2020-11-01;"domingo";"00:45:00";"SC";101;413,2;"ARARANGUA";"Falta de Atenção à Condução";"Tombamento";"Com Vítimas Feridas";"Pleno dia";"Decrescente";"Chuva";"Simples";"Rotatória";"Sim";1;0;0;1;0;0;1;1;-28,96317793;-49,51921105;"SPRF-SC";"DEL02-SC";"UOP02-DEL02-SC"
318429;2020-10-31;"sábado";"22:30:00";"SC";470;126,2;"LONTRAS";"Falta de Atenção à Condução";"Colisão transversal";"Com Vítimas Feridas";"Plena Noite";"Decrescente";"Nublado";"Simples";"Em Obras;Interseção de Vias;Reta";"Não";2;0;2;0;0;0;2;2;-27,13278534;-49,53881264;"SPRF-SC";"DEL04-SC";"UOP02-DEL04-SC"
318430;2020-10-31;"sábado";"19:30:00";"SC";101;41,3;"JOINVILLE";"Desobediência às normas de trânsito pelo condutor";"Colisão transversal";"Com Vítimas Feridas";"Plena Noite";"Decrescente";"Chuva";"Dupla";"Rotatória";"Sim";2;0;1;0;1;0;1;2;-26,28215489;-48,88973081;"SPRF-SC";"DEL03-SC";"UOP01-DEL03-SC"
318431;2020-10-31;"sábado";"18:30:00";"RN";405;187;"MAJOR SALES";"Falta de Atenção à Condução";"Colisão transversal";"Com Vítimas Feridas";"Plena Noite";"Crescente";"Céu Claro";"Simples";"Reta";"Não";2;0;0;1;1;0;1;2;-6,40495897;-38,32241906;"SPRF-RN";"DEL04-RN";"UOP02-DEL04-RN"
318432;2020-11-01;"domingo";"01:20:00";"RS";101;21,5;"TRES CACHOEIRAS";"Ingestão de Álcool";"Colisão traseira";"Com Vítimas Feridas";"Plena Noite";"Crescente";"Chuva";"Dupla";"Curva";"Não";2;0;1;0;1;0;1;2;-29,4398072;-49,90113887;"SPRF-RS";"DEL03-RS";"UOP02-DEL03-RS"
318435;2020-10-31;"sábado";"23:00:00";"MG";251;495,8;"FRANCISCO SA";"Condutor Dormindo";"Saída de leito carroçável";"Com Vítimas Feridas";"Plena Noite";"Decrescente";"Chuva";"Simples";"Aclive;Reta";"Não";1;0;0;1;0;0;1;1;-16,56234794;-43,61612707;"SPRF-MG";"DEL12-MG";"UOP01-DEL12-MG"
318436;2020-11-01;"domingo";"01:40:00";"BA";116;808,8;"VITORIA DA CONQUISTA";"Desobediência às normas de trânsito pelo condutor";"Atropelamento de Pedestre";"Com Vítimas Fatais";"Plena Noite";"Decrescente";"Chuva";"Simples";"Reta";"Não";2;1;0;0;0;1;0;2;-14,7433918;-40,66503611;"SPRF-BA";"DEL08-BA";"UOP01-DEL08-BA"
318438;2020-10-31;"sábado";"20:40:00";"MG";116;353,2;"JAMPRUCA";"Velocidade Incompatível";"Colisão frontal";"Com Vítimas Feridas";"Plena Noite";"Decrescente";"Chuva";"Simples";"Curva";"Não";5;0;2;3;0;0;5;2;-18,40984621;-41,82022076;"SPRF-MG";"DEL11-MG";"UOP01-DEL11-MG"
318439;2020-11-01;"domingo";"02:15:00";"RJ";116;168;"SAO JOAO DE MERITI";"Falta de Atenção à Condução";"Engavetamento";"Sem Vítimas";"Pleno dia";"Crescente";"Garoa/Chuvisco";"Múltipla";"Reta";"Sim";3;0;0;0;3;0;0;3;-22,819969;-43,31499997;"SPRF-RJ";"DEL01-RJ";"UOP01-DEL01-RJ"
318441;2020-11-01;"domingo";"02:40:00";"RN";101;105,7;"PARNAMIRIM";"Ingestão de Álcool";"Colisão transversal";"Sem Vítimas";"Plena Noite";"Decrescente";"Céu Claro";"Múltipla";"Interseção de Vias";"Sim";2;0;0;0;2;0;0;2;-5,90165196;-35,25928517;"SPRF-RN";"DEL01-RN";"UOP01-DEL01-RN"
318442;2020-11-01;"domingo";"03:45:00";"RS";386;215;"TIO HUGO";"Velocidade Incompatível";"Saída de leito carroçável";"Com Vítimas Feridas";"Plena Noite";"Crescente";"Céu Claro";"Simples";"Declive;Curva;Interseção de Vias";"Sim";1;0;1;0;0;0;1;1;-28,57666;-52,596031;"SPRF-RS";"DEL04-RS";"UOP03-DEL04-RS"
318443;2020-11-01;"domingo";"02:10:00";"RJ";40;123;"DUQUE DE CAXIAS";"Desobediência às normas de trânsito pelo condutor";"Colisão transversal";"Com Vítimas Feridas";"Plena Noite";"Crescente";"Chuva";"Dupla";"Interseção de Vias";"Sim";2;0;1;0;1;0;1;2;-22,79959444;-43,2903707;"SPRF-RJ";"DEL01-RJ";"UOP01-DEL01-RJ"
318444;2020-11-01;"domingo";"03:45:00";"RS";386;346,2;"LAJEADO";"Falta de Atenção à Condução";"Saída de leito carroçável";"Com Vítimas Feridas";"Plena Noite";"Decrescente";"Céu Claro";"Dupla";"Reta";"Sim";1;0;1;0;0;0;1;1;-29,446793;-51,974564;"SPRF-RS";"DEL04-RS";"UOP01-DEL04-RS"
318446;2020-11-01;"domingo";"03:20:00";"GO";153;566,7;"PROFESSOR JAMIL";"Falta de Atenção à Condução";"Capotamento";"Com Vítimas Feridas";"Plena Noite";"Crescente";"Nublado";"Dupla";"Reta";"Não";4;0;1;0;3;0;1;1;-17,2668;-49,2409;"SPRF-GO";"DEL03-GO";"UOP01-DEL03-GO"
318448;2020-11-01;"domingo";"01:45:00";"MS";267;12,1;"BATAGUASSU";"Ingestão de Álcool";"Colisão lateral";"Sem Vítimas";"Plena Noite";"Decrescente";"Céu Claro";"Dupla";"Reta";"Sim";3;0;0;0;3;0;0;2;-21,72532;-52,256202;"SPRF-MS";"DEL02-MS";"UOP04-DEL02-MS"
318449;2020-11-01;"domingo";"03:50:00";"RN";101;50;"CEARA-MIRIM";"Ingestão de Álcool";"Queda de ocupante de veículo";"Com Vítimas Feridas";"Amanhecer";"Crescente";"Céu Claro";"Simples";"Interseção de Vias";"Sim";1;0;1;0;0;0;1;1;-5,58912394;-35,2756736;"SPRF-RN";"DEL02-RN";"UOP01-DEL02-RN"
318450;2020-11-01;"domingo";"04:40:00";"PR";369;166,2;"CAMBE";"Ingestão de Álcool";"Atropelamento de Pedestre";"Com Vítimas Fatais";"Plena Noite";"Crescente";"Céu Claro";"Dupla";"Reta";"Sim";3;1;1;0;1;0;1;2;-23,295198;-51,30888;"SPRF-PR";"DEL07-PR";"UOP01-DEL07-PR"
318451;2020-11-01;"domingo";"03:40:00";"RS";470;195;"BENTO GONCALVES";"Ingestão de Álcool";"Saída de leito carroçável";"Sem Vítimas";"Plena Noite";"Decrescente";"Céu Claro";"Simples";"Curva";"Não";3;0;0;0;3;0;0;1;-29,05097073;-51,58205288;"SPRF-RS";"DEL06-RS";"UOP02-DEL06-RS"
318452;2020-11-01;"domingo";"04:00:00";"MS";262;361,5;"CAMPO GRANDE";"Falta de Atenção à Condução";"Saída de leito carroçável";"Com Vítimas Feridas";"Plena Noite";"Decrescente";"Céu Claro";"Dupla";"Rotatória";"Não";1;0;1;0;0;0;1;1;-20,5189368;-54,71594677;"SPRF-MS";"DEL01-MS";"UOP03-DEL01-MS"
318453;2020-11-01;"domingo";"03:20:00";"BA";101;881;"TEIXEIRA DE FREITAS";"Falta de Atenção à Condução";"Colisão traseira";"Com Vítimas Fatais";"Plena Noite";"Crescente";"Chuva";"Simples";"Reta";"Não";2;1;0;0;0;1;0;2;-17,57422052;-39,73476671;"SPRF-BA";"DEL09-BA";"UOP02-DEL09-BA"
318454;2020-11-01;"domingo";"05:22:00";"SP";116;220,2;"GUARULHOS";"Falta de Atenção do Pedestre";"Atropelamento de Pedestre";"Com Vítimas Fatais";"Amanhecer";"Decrescente";"Garoa/Chuvisco";"Múltipla";"Reta";"Sim";2;1;0;0;0;1;0;2;-23,46472809;-46,49793962;"SPRF-SP";"DEL01-SP";"UOP01-DEL01-SP"
318455;2020-11-01;"domingo";"05:00:00";"PE";423;77;"JUCATI";"Agressão Externa";"Saída de leito carroçável";"Com Vítimas Fatais";"Amanhecer";"Crescente";"Céu Claro";"Simples";"Declive";"Não";6;1;1;0;0;4;1;1;-8,740482;-36,43069893;"SPRF-PE";"DEL03-PE";"UOP01-DEL03-PE"
318458;2020-11-01;"domingo";"05:40:00";"SP";101;51;"UBATUBA";"Ingestão de Álcool";"Colisão traseira";"Com Vítimas Feridas";"Amanhecer";"Crescente";"Nublado";"Simples";"Reta";"Sim";3;0;1;0;1;1;1;3;-23,46230152;-45,06523132;"SPRF-SP";"DEL06-SP";"UOP01-DEL06-SP"
318460;2020-11-01;"domingo";"06:00:00";"SP";381;73,5;"SAO PAULO";"Pista Escorregadia";"Colisão com objeto estático";"Com Vítimas Feridas";"Pleno dia";"Decrescente";"Chuva";"Dupla";"Curva";"Não";3;0;2;0;1;0;2;1;-23,36553404;-46,55253934;"SPRF-SP";"DEL03-SP";"UOP01-DEL03-SP"
318461;2020-11-01;"domingo";"05:20:00";"PB";230;76,1;"SOBRADO";"Condutor Dormindo";"Saída de leito carroçável";"Sem Vítimas";"Amanhecer";"Decrescente";"Céu Claro";"Dupla";"Reta";"Não";1;0;0;0;0;1;0;1;-7,186444;-35,288944;"SPRF-PB";"DEL01-PB";"UOP03-DEL01-PB"
318462;2020-11-01;"domingo";"06:30:00";"CE";222;2,5;"FORTALEZA";"Velocidade Incompatível";"Colisão com objeto estático";"Sem Vítimas";"Pleno dia";"Crescente";"Sol";"Múltipla";"Reta";"Sim";1;0;0;0;0;1;0;1;-3,73911117;-38,58687498;"SPRF-CE";"DEL01-CE";"UOP01-DEL01-CE"
318463;2020-11-01;"domingo";"00:50:00";"RS";116;151,4;"CAXIAS DO SUL";"Desobediência às normas de trânsito pelo condutor";"Colisão com objeto estático";"Com Vítimas Feridas";"Plena Noite";"Decrescente";"Céu Claro";"Dupla";"Curva";"Sim";4;0;3;0;1;0;3;1;-29,17694502;-51,16173896;"SPRF-RS";"DEL05-RS";"UOP01-DEL05-RS"
318465;2020-11-01;"domingo";"05:35:00";"PB";230;35,3;"BAYEUX";"Desobediência às normas de trânsito pelo condutor";"Colisão lateral";"Com Vítimas Feridas";"Pleno dia";"Decrescente";"Céu Claro";"Dupla";"Interseção de Vias";"Não";2;0;1;0;1;0;1;2;-7,12652884;-34,94228482;"SPRF-PB";"DEL01-PB";"UOP01-DEL01-PB"
318466;2020-11-01;"domingo";"05:20:00";"MS";163;659;"RIO VERDE DE MATO GROSSO";"Falta de Atenção à Condução";"Saída de leito carroçável";"Com Vítimas Feridas";"Pleno dia";"Crescente";"Céu Claro";"Simples";"Reta";"Não";1;0;0;1;0;0;1;1;-19,08777142;-54,77875471;"SPRF-MS";"DEL06-MS";"UOP02-DEL06-MS"
318467;2020-11-01;"domingo";"01:50:00";"RS";285;209,2;"LAGOA VERMELHA";"Mal Súbito";"Colisão frontal";"Com Vítimas Fatais";"Plena Noite";"Crescente";"Céu Claro";"Simples";"Reta";"Não";3;1;0;2;0;0;2;2;-28,23105365;-51,62853241;"SPRF-RS";"DEL08-RS";"UOP05-DEL08-RS"
318468;2020-11-01;"domingo";"04:00:00";"MS";163;207;"CAARAPO";"Ingestão de Álcool";"Saída de leito carroçável";"Sem Vítimas";"Plena Noite";"Crescente";"Céu Claro";"Simples";"Curva";"Sim";1;0;0;0;1;0;0;1;-22,64660094;-54,81213792;"SPRF-MS";"DEL04-MS";"UOP02-DEL04-MS"
318469;2020-11-01;"domingo";"06:20:00";"BA";116;13,2;"VITORIA DA CONQUISTA";"Falta de Atenção à Condução";"Colisão traseira";"Com Vítimas Feridas";"Pleno dia";"Decrescente";"Nublado";"Simples";"Reta";"Sim";2;0;1;0;0;1;1;2;-14,887722;-40,870412;"SPRF-BA";"DEL08-BA";"UOP01-DEL08-BA"
318472;2020-11-01;"domingo";"06:35:00";"PB";230;137,9;"CAMPINA GRANDE";"Falta de Atenção à Condução";"Saída de leito carroçável";"Com Vítimas Feridas";"Pleno dia";"Crescente";"Céu Claro";"Dupla";"Curva";"Não";1;0;1;0;0;0;1;1;-7,270451;-35,786894;"SPRF-PB";"DEL02-PB";"UOP01-DEL02-PB"
318473;2020-11-01;"domingo";"05:00:00";"RJ";101;297;"ITABORAI";"Falta de Atenção à Condução";"Colisão com objeto estático";"Com Vítimas Feridas";"Amanhecer";"Decrescente";"Chuva";"Dupla";"Curva";"Não";2;0;1;0;1;0;1;1;-22,76942037;-42,91873581;"SPRF-RJ";"DEL02-RJ";"UOP02-DEL02-RJ"
318475;2020-11-01;"domingo";"05:50:00";"DF";60;28;"BRASILIA";"Pista Escorregadia";"Capotamento";"Com Vítimas Feridas";"Amanhecer";"Crescente";"Chuva";"Dupla";"Curva";"Não";2;0;2;0;0;0;2;1;-16,020638;-48,250832;"SPRF-DF";"DEL03-DF";"UOP01-DEL03-DF"
318477;2020-11-01;"domingo";"07:35:00";"RN";226;111,7;"SANTA CRUZ";"Falta de Atenção à Condução";"Colisão com objeto estático";"Com Vítimas Feridas";"Pleno dia";"Decrescente";"Céu Claro";"Simples";"Curva";"Sim";2;0;1;0;1;0;1;2;-6,22448412;-36,02011627;"SPRF-RN";"DEL03-RN";"UOP02-DEL03-RN"
318478;2020-10-20;"terça-feira";"08:25:00";"PI";316;1,2;"TERESINA";"Desobediência às normas de trânsito pelo condutor";"Colisão frontal";"Com Vítimas Fatais";"Pleno dia";"Decrescente";"Sol";"Múltipla";"Reta";"Sim";2;1;0;0;1;0;0;2;-5,12861853;-42,80706778;"SPRF-PI";"DEL01-PI";"UOP02-DEL01-PI"
318480;2020-10-25;"domingo";"00:10:00";"PR";116;0,4;"CAMPINA GRANDE DO SUL";"Pista Escorregadia";"Saída de leito carroçável";"Com Vítimas Feridas";"Plena Noite";"Crescente";"Garoa/Chuvisco";"Dupla";"Curva";"Não";1;0;1;0;0;0;1;1;-25,0604;-48,562973;"SPRF-PR";"DEL01-PR";"UOP02-DEL01-PR"
318481;2020-11-01;"domingo";"07:40:00";"SP";116;129;"CACAPAVA";"Falta de Atenção à Condução";"Colisão com objeto estático";"Com Vítimas Feridas";"Pleno dia";"Decrescente";"Céu Claro";"Dupla";"Reta";"Sim";2;0;1;0;1;0;1;1;-23,11885593;-45,71948203;"SPRF-SP";"DEL06-SP";"UOP01-DEL06-SP"
318483;2020-11-01;"domingo";"07:45:00";"RS";158;317,8;"SANTA MARIA";"Falta de Atenção à Condução";"Tombamento";"Com Vítimas Feridas";"Pleno dia";"Crescente";"Céu Claro";"Simples";"Curva";"Não";2;0;0;2;0;0;2;1;-29,65588903;-53,77374238;"SPRF-RS";"DEL09-RS";"UOP01-DEL09-RS"
318485;2020-10-31;"sábado";"19:20:00";"AM";174;903;"MANAUS";"Ingestão de Álcool";"Colisão traseira";"Sem Vítimas";"Anoitecer";"Decrescente";"Céu Claro";"Simples";"Reta";"Não";3;0;0;0;2;1;0;2;-2,80739097;-60,03697567;"SPRF-AM";"DEL01-AM";"UOP01-DEL01-AM"
318486;2020-11-01;"domingo";"07:40:00";"SC";282;3,7;"FLORIANOPOLIS";"Ingestão de Álcool";"Colisão com objeto estático";"Sem Vítimas";"Pleno dia";"Decrescente";"Nublado";"Múltipla";"Curva";"Sim";1;0;0;0;1;0;0;1;-27,600384;-48,599705;"SPRF-SC";"DEL01-SC";"UOP01-DEL01-SC"
318488;2020-11-01;"domingo";"08:15:00";"MG";381;943;"EXTREMA";"Desobediência às normas de trânsito pelo condutor";"Saída de leito carroçável";"Sem Vítimas";"Pleno dia";"Crescente";"Céu Claro";"Dupla";"Reta";"Não";1;0;0;0;0;1;0;1;-22,87018424;-46,3581479;"SPRF-MG";"DEL16-MG";"UOP03-DEL16-MG"
318489;2020-11-01;"domingo";"03:40:00";"RJ";101;403;"ITAGUAI";"Falta de Atenção à Condução";"Saída de leito carroçável";"Com Vítimas Feridas";"Plena Noite";"Decrescente";"Chuva";"Dupla";"Reta";"Não";2;0;1;1;0;0;2;1;-22,85924449;-43,79010059;"SPRF-RJ";"DEL03-RJ";"UOP01-DEL03-RJ"
318490;2020-03-18;"quarta-feira";"10:50:00";"BA";101;108;"ALAGOINHAS";"Defeito na Via";"Tombamento";"Com Vítimas Feridas";"Pleno dia";"Crescente";"Ignorado";"Simples";"Reta";"Não";1;0;1;0;0;0;1;1;-12,16052753;-38,41291237;"SPRF-BA";"DEL01-BA";"UOP04-DEL01-BA"
318491;2020-11-01;"domingo";"08:20:00";"PB";101;88;"JOAO PESSOA";"Defeito na Via";"Tombamento";"Com Vítimas Feridas";"Pleno dia";"Decrescente";"Céu Claro";"Simples";"Curva";"Não";2;0;2;0;0;0;2;1;-7,16470016;-34,89993643;"SPRF-PB";"DEL01-PB";"UOP01-DEL01-PB"
318492;2020-11-01;"domingo";"07:20:00";"TO";153;361;"FORTALEZA DO TABOCAO";"Ingestão de Álcool";"Colisão lateral";"Sem Vítimas";"Pleno dia";"Crescente";"Céu Claro";"Simples";"Reta";"Não";3;0;0;0;3;0;0;2;-9,07314401;-48,52213697;"SPRF-TO";"DEL02-TO";"UOP02-DEL02-TO"
318494;2020-11-01;"domingo";"08:40:00";"ES";101;114,1;"SOORETAMA";"Defeito Mecânico no Veículo";"Tombamento";"Com Vítimas Feridas";"Pleno dia";"Decrescente";"Garoa/Chuvisco";"Simples";"Reta";"Não";2;0;1;0;1;0;1;1;-19,09484877;-40,05095848;"SPRF-ES";"DEL04-ES";"UOP01-DEL04-ES"
318498;2020-11-01;"domingo";"08:20:00";"MG";354;755,1;"ITAMONTE";"Velocidade Incompatível";"Colisão transversal";"Com Vítimas Feridas";"Pleno dia";"Decrescente";"Sol";"Simples";"Reta;Declive";"Sim";3;0;0;1;2;0;1;2;-22,2923505;-44,86421006;"SPRF-MG";"DEL17-MG";"UOP01-DEL17-MG"
318499;2020-11-01;"domingo";"06:50:00";"PR";277;67;"SAO JOSE DOS PINHAIS";"Desobediência às normas de trânsito pelo condutor";"Saída de leito carroçável";"Sem Vítimas";"Pleno dia";"Decrescente";"Nublado";"Dupla";"Reta";"Sim";1;0;0;0;0;1;0;1;-25,52285;-49,103078;"SPRF-PR";"DEL01-PR";"UOP01-DEL01-PR"
318500;2020-11-01;"domingo";"05:30:00";"GO";70;0;"AGUAS LINDAS DE GOIAS";"Falta de Atenção à Condução";"Colisão com objeto estático";"Sem Vítimas";"Amanhecer";"Decrescente";"Chuva";"Dupla";"Ponte";"Não";1;0;0;0;0;1;0;1;-15,783543;-48,2326;"SPRF-DF";"DEL03-DF";"UOP02-DEL03-DF"
318501;2020-11-01;"domingo";"08:45:00";"PB";230;15;"JOAO PESSOA";"Defeito Mecânico no Veículo";"Colisão com objeto estático";"Com Vítimas Feridas";"Pleno dia";"Crescente";"Sol";"Dupla";"Aclive;Curva";"Sim";3;0;2;0;1;0;2;1;-7,102635;-34,846958;"SPRF-PB";"DEL01-PB";"UOP01-DEL01-PB"
318502;2020-11-01;"domingo";"07:30:00";"MG";251;472,1;"FRANCISCO SA";"Velocidade Incompatível";"Saída de leito carroçável";"Com Vítimas Feridas";"Pleno dia";"Crescente";"Chuva";"Simples";"Curva";"Não";4;0;1;0;3;0;1;1;-16,4669101;-43,43947986;"SPRF-MG";"DEL12-MG";"UOP01-DEL12-MG"