"id";"data_inversa";"dia_semana";"horario";"uf";"br";"km";"municipio";"causa_acidente";"tipo_acidente";"classificacao_acidente";"fase_dia";"sentido_via";"condicao_metereologica";"tipo_pista";"tracado_via";"uso_solo";"pessoas";"mortos";"feridos_leves";"feridos_graves";"ilesos";"ignorados";"feridos";"veiculos";"latitude";"longitude";"regional";"delegacia";"uop"
318602;2020-11-01;"domingo";"16:05:00";"SC";282;535,2;"CHAPECO";"Não guardar distância de segurança";"Colisão traseira";"Sem Vítimas";"Pleno dia";"Crescente";"Sol";"Dupla";"Viaduto";"Não";2;0;0;0;2;0;0;2;-26,998245;-52,643768;"SPRF-SC";"DEL07-SC";"UOP01-DEL07-SC"
318603;2020-11-01;"domingo";"18:40:00";"RJ";101;330;"RIO DE JANEIRO";"Falta de Atenção à Condução";"Colisão lateral";"Sem Vítimas";"Plena Noite";"Crescente";"Céu Claro";"Múltipla";"Reta";"Não";2;0;0;0;2;0;0;2;-22,8684989;-43,18548699;"SPRF-RJ";"DEL02-RJ";"UOP02-DEL02-RJ"
318604;2020-11-01;"domingo";"19:30:00";"SC";470;85,1;"RODEIO";"Ingestão de Álcool";"Colisão transversal";"Com Vítimas Feridas";"Plena Noite";"Decrescente";"Céu Claro";"Simples";"Reta";"Não";3;0;1;0;2;0;1;2;-26,95397351;-49,35247606;"SPRF-SC";"DEL04-SC";"UOP01-DEL04-SC"
318606;2020-11-01;"domingo";"18:55:00";"SC";101;50;"JOINVILLE";"Falta de Atenção à Condução";"Colisão traseira";"Com Vítimas Feridas";"Plena Noite";"Decrescente";"Nublado";"Dupla";"Viaduto";"Não";2;0;1;0;1;0;1;2;-26,38602627;-48,84791851;"SPRF-SC";"DEL03-SC";"UOP01-DEL03-SC"
318607;2020-11-01;"domingo";"16:05:00";"SC";282;535,3;"CHAPECO";"Não guardar distância de segurança";"Colisão traseira";"Com Vítimas Feridas";"Pleno dia";"Crescente";"Céu Claro";"Simples";"Curva;Viaduto";"Não";3;0;1;0;2;0;1;2;-26,998245;-52,643768;"SPRF-SC";"DEL07-SC";"UOP01-DEL07-SC"
318608;2020-11-01;"domingo";"17:15:00";"SC";153;75,7;"IRANI";"Desobediência às normas de trânsito pelo condutor";"Colisão traseira";"Com Vítimas Feridas";"Pleno dia";"Decrescente";"Sol";"Simples";"Reta";"Não";4;0;2;0;1;1;2;3;-27,0849;-51,909855;"SPRF-SC";"DEL07-SC";"UOP04-DEL07-SC"
318609;2020-11-01;"domingo";"19:05:00";"MG";459;102,9;"POUSO ALEGRE";"Ingestão de Álcool";"Colisão com objeto estático";"Com Vítimas Feridas";"Plena Noite";"Decrescente";"Céu Claro";"Simples";"Curva";"Sim";1;0;1;0;0;0;1;1;-22,211775;-45,924671;"SPRF-MG";"DEL16-MG";"UOP01-DEL16-MG"
318611;2020-11-01;"domingo";"18:00:00";"RO";364;344,9;"JI-PARANA";"Desobediência às normas de trânsito pelo condutor";"Colisão lateral";"Com Vítimas Feridas";"Anoitecer";"Decrescente";"Céu Claro";"Múltipla";"Reta;Interseção de Vias";"Sim";2;0;0;1;1;0;1;2;-10,87376391;-61,95256893;"SPRF-RO";"DEL02-RO";"UOP01-DEL02-RO"
318612;2020-11-01;"domingo";"18:10:00";"MG";116;713,6;"MURIAE";"Velocidade Incompatível";"Queda de ocupante de veículo";"Com Vítimas Feridas";"Plena Noite";"Decrescente";"Garoa/Chuvisco";"Simples";"Declive;Curva";"Não";2;0;2;0;0;0;2;1;-21,19366225;-42,37694698;"SPRF-MG";"DEL07-MG";"UOP02-DEL07-MG"
318614;2020-11-01;"domingo";"21:10:00";"BA";324;571;"SAO SEBASTIAO DO PASSE";"Desobediência às normas de trânsito pelo condutor";"Colisão traseira";"Com Vítimas Feridas";"Plena Noite";"Crescente";"Nublado";"Dupla";"Reta";"Não";5;0;3;0;2;0;3;2;-12,55142914;-38,57416911;"SPRF-BA";"DEL01-BA";"UOP01-DEL01-BA"
318615;2020-11-01;"domingo";"20:21:00";"PR";369;439,8;"UBIRATA";"Avarias e/ou desgaste excessivo no pneu";"Saída de leito carroçável";"Com Vítimas Fatais";"Plena Noite";"Decrescente";"Céu Claro";"Simples";"Reta";"Não";4;1;1;0;0;2;1;1;-24,5074;-52,9186;"SPRF-PR";"DEL09-PR";"UOP03-DEL09-PR"
318616;2020-11-01;"domingo";"20:40:00";"RS";158;329,7;"SANTA MARIA";"Ingestão de Álcool";"Colisão com objeto estático";"Sem Vítimas";"Plena Noite";"Decrescente";"Céu Claro";"Simples";"Reta;Viaduto";"Sim";1;0;0;0;1;0;0;1;-29,701185;-53,839981;"SPRF-RS";"DEL09-RS";"UOP01-DEL09-RS"
318617;2020-11-01;"domingo";"19:10:00";"AC";364;135;"RIO BRANCO";"Falta de Atenção à Condução";"Colisão lateral";"Com Vítimas Feridas";"Plena Noite";"Crescente";"Céu Claro";"Simples";"Rotatória";"Sim";3;0;2;0;0;1;2;2;-9,98588117;-67,84523538;"SPRF-AC";"DEL01-AC";"UOP01-DEL01-AC"
318618;2020-11-01;"domingo";"21:00:00";"SP";116;62,2;"GUARATINGUETA";"Falta de Atenção à Condução";"Colisão traseira";"Com Vítimas Feridas";"Plena Noite";"Decrescente";"Nublado";"Dupla";"Aclive;Reta";"Sim";2;0;1;0;1;0;1;2;-22,80538606;-45,17236692;"SPRF-SP";"DEL08-SP";"UOP01-DEL08-SP"
318619;2020-11-01;"domingo";"20:40:00";"GO";414;439;"ANAPOLIS";"Falta de Atenção à Condução";"Colisão lateral";"Com Vítimas Feridas";"Plena Noite";"Crescente";"Céu Claro";"Simples";"Reta";"Sim";2;0;0;1;1;0;1;2;-16,28128823;-48,94258908;"SPRF-GO";"DEL02-GO";"UOP01-DEL02-GO"
318620;2020-11-01;"domingo";"20:50:00";"GO";153;425,5;"ANAPOLIS";"Velocidade Incompatível";"Colisão com objeto estático";"Com Vítimas Fatais";"Plena Noite";"Decrescente";"Céu Claro";"Dupla";"Declive;Reta";"Não";3;1;0;2;0;0;2;1;-16,224416;-49,011821;"SPRF-GO";"DEL02-GO";"UOP01-DEL02-GO"
318621;2020-11-01;"domingo";"21:40:00";"RN";101;99;"NATAL";"Ingestão de Álcool";"Colisão transversal";"Sem Vítimas";"Plena Noite";"Decrescente";"Céu Claro";"Dupla";"Reta";"Sim";2;0;0;0;2;0;0;2;-5,86567888;-35,21651625;"SPRF-RN";"DEL01-RN";"UOP01-DEL01-RN"
318622;2020-11-01;"domingo";"22:00:00";"PR";476;141;"CURITIBA";"Ingestão de Álcool";"Capotamento";"Com Vítimas Feridas";"Plena Noite";"Crescente";"Céu Claro";"Dupla";"Reta";"Sim";3;0;1;0;2;0;1;3;-25,528614;-49,298798;"SPRF-PR";"DEL01-PR";"UOP03-DEL01-PR"
318623;2020-11-01;"domingo";"21:45:00";"PR";116;126;"FAZENDA RIO GRANDE";"Falta de Atenção à Condução";"Colisão traseira";"Sem Vítimas";"Plena Noite";"Crescente";"Céu Claro";"Dupla";"Reta";"Não";3;0;0;0;3;0;0;3;-25,60389895;-49,31824423;"SPRF-PR";"DEL01-PR";"UOP03-DEL01-PR"
318624;2020-11-01;"domingo";"21:50:00";"SC";101;141;"BALNEARIO CAMBORIU";"Falta de Atenção à Condução";"Tombamento";"Com Vítimas Feridas";"Plena Noite";"Decrescente";"Céu Claro";"Simples";"Reta";"Não";2;0;2;0;0;0;2;2;-27,04761729;-48,59995855;"SPRF-SC";"DEL04-SC";"UOP03-DEL04-SC"
318625;2020-11-01;"domingo";"22:00:00";"RS";468;95,4;"TRES PASSOS";"Falta de Atenção à Condução";"Colisão traseira";"Com Vítimas Feridas";"Plena Noite";"Decrescente";"Céu Claro";"Simples";"Reta";"Não";2;0;1;0;0;1;1;2;-27,50437201;-53,88517025;"SPRF-RS";"DEL08-RS";"UOP02-DEL08-RS"
318628;2020-11-01;"domingo";"21:30:00";"PR";116;116;"CURITIBA";"Falta de Atenção à Condução";"Saída de leito carroçável";"Com Vítimas Feridas";"Plena Noite";"Crescente";"Nublado";"Dupla";"Curva";"Não";2;0;1;0;1;0;1;1;-25,56401;-49,30873;"SPRF-PR";"DEL01-PR";"UOP01-DEL01-PR"
318629;2020-11-01;"domingo";"22:00:00";"RN";226;333,6;"PATU";"Objeto estático sobre o leito carroçável";"Colisão com objeto estático";"Com Vítimas Fatais";"Plena Noite";"Crescente";"Céu Claro";"Simples";"Aclive";"Não";2;1;0;0;1;0;0;2;-6,09323875;-37,59723313;"SPRF-RN";"DEL04-RN";"UOP01-DEL04-RN"
318630;2020-11-01;"domingo";"21:15:00";"RS";386;353,8;"ESTRELA";"Ingestão de Álcool";"Saída de leito carroçável";"Com Vítimas Feridas";"Plena Noite";"Decrescente";"Céu Claro";"Dupla";"Reta";"Não";2;0;1;1;0;0;2;1;-29,500067;-51,949615;"SPRF-RS";"DEL04-RS";"UOP02-DEL04-RS"
318631;2020-11-01;"domingo";"22:50:00";"MG";153;239;"FRONTEIRA";"Falta de Atenção à Condução";"Saída de leito carroçável";"Com Vítimas Feridas";"Plena Noite";"Crescente";"Céu Claro";"Simples";"Interseção de Vias";"Não";3;0;3;0;0;0;3;1;-20,29847332;-49,20614844;"SPRF-MG";"DEL13-MG";"UOP02-DEL13-MG"
318633;2020-11-01;"domingo";"20:20:00";"MG";50;178,5;"UBERABA";"Velocidade Incompatível";"Saída de leito carroçável";"Com Vítimas Feridas";"Plena Noite";"Decrescente";"Nublado";"Simples";"Desvio Temporário";"Sim";2;0;1;0;1;0;1;1;-19,77896821;-47,94093599;"SPRF-MG";"DEL13-MG";"UOP01-DEL13-MG"
318634;2020-11-01;"domingo";"23:10:00";"PR";376;3;"APUCARANA";"Desobediência às normas de trânsito pelo condutor";"Colisão lateral";"Com Vítimas Feridas";"Plena Noite";"Crescente";"Céu Claro";"Simples";"Reta";"Sim";3;0;1;1;1;0;2;2;-23,5513;-51,461266;"SPRF-PR";"DEL07-PR";"UOP03-DEL07-PR"
318635;2020-11-01;"domingo";"23:20:00";"RN";101;114,4;"SAO JOSE DE MIPIBU";"Falta de Atenção à Condução";"Colisão traseira";"Com Vítimas Feridas";"Plena Noite";"Decrescente";"Céu Claro";"Dupla";"Reta";"Não";3;0;1;0;2;0;1;2;-5,982204;-35,264896;"SPRF-RN";"DEL01-RN";"UOP01-DEL01-RN"
318636;2020-11-01;"domingo";"22:15:00";"SP";116;65;"GUARATINGUETA";"Falta de Atenção à Condução";"Queda de ocupante de veículo";"Com Vítimas Feridas";"Plena Noite";"Decrescente";"Nublado";"Dupla";"Reta";"Sim";1;0;0;1;0;0;1;1;-22,823273;-45,192806;"SPRF-SP";"DEL08-SP";"UOP01-DEL08-SP"
318637;2020-11-01;"domingo";"23:30:00";"MG";40;823,9;"SIMAO PEREIRA";"Velocidade Incompatível";"Colisão com objeto estático";"Com Vítimas Fatais";"Plena Noite";"Crescente";"Nublado";"Simples";"Curva";"Não";1;1;0;0;0;0;0;1;-21,98187;-43,28244;"SPRF-MG";"DEL05-MG";"UOP01-DEL05-MG"
318639;2020-11-01;"domingo";"22:20:00";"MT";364;453,3;"VARZEA GRANDE";"Ultrapassagem Indevida";"Saída de leito carroçável";"Com Vítimas Fatais";"Plena Noite";"Crescente";"Céu Claro";"Simples";"Declive";"Não";2;1;1;0;0;0;1;1;-15,57469114;-56,24259707;"SPRF-MT";"DEL01-MT";"UOP02-DEL01-MT"
318640;2020-11-01;"domingo";"21:45:00";"SC";282;526,3;"XAXIM";"Ultrapassagem Indevida";"Colisão frontal";"Com Vítimas Feridas";"Plena Noite";"Decrescente";"Céu Claro";"Simples";"Reta";"Não";3;0;1;0;2;0;1;2;-26,969427;-52,57497;"SPRF-SC";"DEL07-SC";"UOP01-DEL07-SC"
318641;2020-11-01;"domingo";"21:50:00";"SC";470;45,7;"BLUMENAU";"Falta de Atenção à Condução";"Colisão lateral";"Sem Vítimas";"Plena Noite";"Decrescente";"Nublado";"Simples";"Curva";"Sim";2;0;0;0;2;0;0;2;-26,86406545;-49,04648781;"SPRF-SC";"DEL04-SC";"UOP01-DEL04-SC"
318642;2020-11-02;"segunda-feira";"00:10:00";"MG";381;497,5;"BETIM";"Desobediência às normas de trânsito pelo condutor";"Colisão traseira";"Com Vítimas Feridas";"Plena Noite";"Crescente";"Nublado";"Dupla";"Declive";"Não";3;0;2;0;1;0;2;2;-19,983303;-44,202095;"SPRF-MG";"DEL01-MG";"UOP03-DEL01-MG"
318643;2020-11-02;"segunda-feira";"00:00:00";"RS";472;177,9;"SANTA ROSA";"Ingestão de Álcool";"Colisão frontal";"Com Vítimas Feridas";"Plena Noite";"Decrescente";"Céu Claro";"Simples";"Curva";"Não";4;0;3;0;1;0;3;2;-27,85281256;-54,54008102;"SPRF-RS";"DEL10-RS";"UOP01-DEL10-RS"
318644;2020-11-01;"domingo";"23:30:00";"PR";376;591;"CURITIBA";"Falta de Atenção à Condução";"Saída de leito carroçável";"Sem Vítimas";"Pleno dia";"Crescente";"Céu Claro";"Dupla";"Reta";"Não";2;0;0;0;1;1;0;2;-25,45999605;-49,35895013;"SPRF-PR";"DEL01-PR";"UOP01-DEL01-PR"
318645;2020-11-01;"domingo";"21:50:00";"RO";364;514;"ARIQUEMES";"Desobediência às normas de trânsito pelo pedestre";"Atropelamento de Pedestre";"Com Vítimas Feridas";"Plena Noite";"Decrescente";"Céu Claro";"Simples";"Reta";"Não";4;0;0;1;0;3;1;2;-9,93398403;-63,05522959;"SPRF-RO";"DEL03-RO";"UOP01-DEL03-RO"
318647;2020-11-02;"segunda-feira";"00:05:00";"AL";316;268;"SATUBA";"Falta de Atenção à Condução";"Colisão com objeto estático";"Com Vítimas Fatais";"Plena Noite";"Crescente";"Céu Claro";"Simples";"Curva";"Não";1;1;0;0;0;0;0;1;-9,58021969;-35,83876014;"SPRF-AL";"DEL02-AL";"UOP01-DEL02-AL"
318648;2020-11-01;"domingo";"23:20:00";"RR";174;504;"BOA VISTA";"Não guardar distância de segurança";"Colisão lateral";"Sem Vítimas";"Plena Noite";"Crescente";"Céu Claro";"Dupla";"Reta";"Sim";3;0;0;0;3;0;0;1;2,801374;-60,694801;"SPRF-RR";"DEL01-RR";"UOP01-DEL01-RR"
318649;2020-11-01;"domingo";"23:55:00";"RJ";101;268;"RIO BONITO";"Falta de Atenção à Condução";"Colisão lateral";"Com Vítimas Fatais";"Plena Noite";"Decrescente";"Nublado";"Dupla";"Reta";"Não";2;1;0;0;1;0;0;2;-22,7112997;-42,66922613;"SPRF-RJ";"DEL02-RJ";"UOP03-DEL02-RJ"
318651;2020-11-02;"segunda-feira";"01:00:00";"MG";365;623,5;"UBERLANDIA";"Desobediência às normas de trânsito pelo condutor";"Colisão frontal";"Sem Vítimas";"Plena Noite";"Decrescente";"Céu Claro";"Múltipla";"Reta";"Sim";5;0;0;0;4;1;0;2;-18,90502789;-48,291049;"SPRF-MG";"DEL15-MG";"UOP01-DEL15-MG"
318652;2020-11-02;"segunda-feira";"00:05:00";"RS";116;2;"PORTO ALEGRE";"Condutor Dormindo";"Saída de leito carroçável";"Com Vítimas Feridas";"Pleno dia";"Crescente";"Céu Claro";"Dupla";"Reta";"Sim";1;0;0;1;0;0;1;1;-29,98905815;-51,1827833;"SPRF-RS";"DEL05-RS";"UOP03-DEL05-RS"
318653;2020-11-01;"domingo";"23:40:00";"PR";277;72;"SAO JOSE DOS PINHAIS";"Falta de Atenção à Condução";"Saída de leito carroçável";"Sem Vítimas";"Plena Noite";"Crescente";"Nublado";"Dupla";"Reta";"Sim";1;0;0;0;0;1;0;1;-25,52522628;-49,09755612;"SPRF-PR";"DEL01-PR";"UOP01-DEL01-PR"
318654;2020-11-02;"segunda-feira";"00:50:00";"RJ";116;181;"NOVA IGUACU";"Falta de Atenção à Condução";"Colisão traseira";"Sem Vítimas";"Plena Noite";"Crescente";"Chuva";"Dupla";"Reta";"Sim";2;0;0;0;2;0;0;2;-22,761312;-43,423492;"SPRF-RJ";"DEL01-RJ";"UOP02-DEL01-RJ"
318655;2020-11-01;"domingo";"22:30:00";"BA";110;67;"JEREMOABO";"Desobediência às normas de trânsito pelo condutor";"Colisão frontal";"Com Vítimas Fatais";"Plena Noite";"Crescente";"Céu Claro";"Simples";"Curva";"Não";9;3;1;2;3;0;3;2;-10,02788019;-38,32655569;"SPRF-BA";"DEL07-BA";"UOP01-DEL07-BA"
318656;2020-11-02;"segunda-feira";"01:15:00";"PE";316;25;"ARARIPINA";"Desobediência às normas de trânsito pelo condutor";"Colisão transversal";"Com Vítimas Fatais";"Plena Noite";"Decrescente";"Chuva";"Simples";"Reta";"Sim";3;1;0;1;0;1;1;2;-7,59595686;-40,49329368;"SPRF-PE";"DEL05-PE";"UOP02-DEL05-PE"
318658;2020-11-01;"domingo";"21:10:00";"SC";101;439,6;"SOMBRIO";"Ingestão de Álcool";"Saída de leito carroçável";"Sem Vítimas";"Plena Noite";"Decrescente";"Céu Claro";"Simples";"Curva";"Sim";1;0;0;0;1;0;0;1;-29,12381624;-49,65693799;"SPRF-SC";"DEL02-SC";"UOP02-DEL02-SC"
318661;2020-11-02;"segunda-feira";"03:50:00";"SC";101;144;"ITAPEMA";"Falta de Atenção à Condução";"Colisão com objeto estático";"Com Vítimas Feridas";"Plena Noite";"Decrescente";"Céu Claro";"Dupla";"Reta";"Sim";1;0;1;0;0;0;1;1;-27,0732659;-48,59672716;"SPRF-SC";"DEL04-SC";"UOP03-DEL04-SC"
318662;2020-11-01;"domingo";"22:40:00";"AL";104;87;"RIO LARGO";"Ingestão de Álcool";"Saída de leito carroçável";"Com Vítimas Feridas";"Plena Noite";"Crescente";"Céu Claro";"Dupla";"Reta";"Não";2;0;2;0;0;0;2;1;-9,47327069;-35,82261264;"SPRF-AL";"DEL01-AL";"UOP01-DEL01-AL"
318663;2020-11-02;"segunda-feira";"01:20:00";"SC";280;106,6;"SAO BENTO DO SUL";"Velocidade Incompatível";"Saída de leito carroçável";"Com Vítimas Feridas";"Plena Noite";"Decrescente";"Nublado";"Simples";"Curva";"Não";2;0;2;0;0;0;2;1;-26,34995976;-49,36775208;"SPRF-SC";"DEL06-SC";"UOP03-DEL06-SC"
318664;2020-11-01;"domingo";"21:06:00";"SP";381;0,1;"ATIBAIA";"Falta de Atenção à Condução";"Saída de leito carroçável";"Sem Vítimas";"Plena Noite";"Crescente";"Nublado";"Dupla";"Reta";"Não";1;0;0;0;0;1;0;1;-23,1910567;-46,5848486;"SPRF-SP";"DEL03-SP";"UOP01-DEL03-SP"
318665;2020-11-02;"segunda-feira";"04:30:00";"MG";381;483,6;"BETIM";"Condutor Dormindo";"Colisão com objeto estático";"Com Vítimas Feridas";"Amanhecer";"Crescente";"Céu Claro";"Dupla";"Reta";"Sim";5;0;2;0;3;0;2;1;-19,95973735;-44,08579588;"SPRF-MG";"DEL01-MG";"UOP03-DEL01-MG"
318666;2020-11-02;"segunda-feira";"04:00:00";"CE";222;3,1;"FORTALEZA";"Velocidade Incompatível";"Colisão com objeto estático";"Sem Vítimas";"Plena Noite";"Decrescente";"Céu Claro";"Dupla";"Reta";"Sim";1;0;0;0;1;0;0;1;-3,74065;-38,597519;"SPRF-CE";"DEL01-CE";"UOP01-DEL01-CE"
318667;2020-11-02;"segunda-feira";"02:40:00";"RJ";493;70;"NOVA IGUACU";"Animais na Pista";"Atropelamento de Animal";"Com Vítimas Feridas";"Plena Noite";"Decrescente";"Chuva";"Dupla";"Reta";"Não";2;0;1;1;0;0;2;1;-22,68710434;-43,48337911;"SPRF-RJ";"DEL01-RJ";"UOP03-DEL01-RJ"
318669;2020-11-01;"domingo";"20:30:00";"MG";262;810;"UBERABA";"Ingestão de Álcool";"Colisão com objeto estático";"Com Vítimas Feridas";"Plena Noite";"Crescente";"Nublado";"Dupla";"Reta";"Não";2;0;1;0;1;0;1;1;-19,76051836;-48,04440502;"SPRF-MG";"DEL13-MG";"UOP01-DEL13-MG"
318670;2020-11-02;"segunda-feira";"03:30:00";"MG";381;891,9;"CAMBUI";"Condutor Dormindo";"Colisão com objeto estático";"Com Vítimas Feridas";"Plena Noite";"Decrescente";"Céu Claro";"Dupla";"Curva";"Não";1;0;1;0;0;0;1;1;-22,55489404;-46,03918165;"SPRF-MG";"DEL16-MG";"UOP03-DEL16-MG"
318671;2020-11-02;"segunda-feira";"05:25:00";"RJ";393;258;"BARRA DO PIRAI";"Velocidade Incompatível";"Colisão com objeto estático";"Com Vítimas Feridas";"Pleno dia";"Decrescente";"Céu Claro";"Simples";"Curva";"Não";1;0;0;1;0;0;1;1;-22,4514837;-43,82691483;"SPRF-RJ";"DEL05-RJ";"UOP04-DEL05-RJ"
318673;2020-11-02;"segunda-feira";"05:10:00";"MG";40;516;"RIBEIRAO DAS NEVES";"Falta de Atenção à Condução";"Saída de leito carroçável";"Sem Vítimas";"Amanhecer";"Crescente";"Céu Claro";"Dupla";"Reta";"Não";1;0;0;0;0;1;0;1;-19,81628624;-44,08960124;"SPRF-MG";"DEL01-MG";"UOP02-DEL01-MG"
318674;2020-11-02;"segunda-feira";"05:25:00";"SC";470;0,2;"GASPAR";"Desobediência às normas de trânsito pelo condutor";"Atropelamento de Pedestre";"Com Vítimas Fatais";"Pleno dia";"Decrescente";"Sol";"Simples";"Reta";"Sim";3;1;0;0;0;2;0;2;-26,9152565;-48,96025571;"SPRF-SC";"DEL04-SC";"UOP01-DEL04-SC"
318675;2020-11-02;"segunda-feira";"03:30:00";"MT";163;830;"SINOP";"Falta de Atenção à Condução";"Saída de leito carroçável";"Sem Vítimas";"Plena Noite";"Crescente";"Garoa/Chuvisco";"Dupla";"Reta";"Sim";1;0;0;0;1;0;0;1;-11,908846;-55,507587;"SPRF-MT";"DEL06-MT";"UOP01-DEL06-MT"
318677;2020-11-02;"segunda-feira";"00:15:00";"RJ";116;301;"RESENDE";"Falta de Atenção à Condução";"Colisão traseira";"Sem Vítimas";"Plena Noite";"Decrescente";"Nublado";"Dupla";"Reta";"Sim";2;0;0;0;2;0;0;2;-22,4529399;-44,36236901;"SPRF-RJ";"DEL07-RJ";"UOP02-DEL07-RJ"
318678;2020-11-02;"segunda-feira";"04:30:00";"MG";267;41,5;"MARIPA DE MINAS";"Condutor Dormindo";"Saída de leito carroçável";"Com Vítimas Feridas";"Amanhecer";"Decrescente";"Céu Claro";"Simples";"Curva";"Não";2;0;1;0;1;0;1;1;-21,68128685;-42,91226426;"SPRF-MG";"DEL07-MG";"UOP01-DEL07-MG"
318679;2020-11-02;"segunda-feira";"07:00:00";"RJ";116;98;"TERESOPOLIS";"Pista Escorregadia";"Colisão frontal";"Com Vítimas Feridas";"Pleno dia";"Decrescente";"Garoa/Chuvisco";"Múltipla";"Curva";"Não";3;0;1;0;2;0;1;2;-22,48322645;-42,99693704;"SPRF-RJ";"DEL04-RJ";"UOP02-DEL04-RJ"
318682;2020-11-02;"segunda-feira";"07:45:00";"PB";101;81,8;"BAYEUX";"Defeito Mecânico no Veículo";"Tombamento";"Com Vítimas Feridas";"Pleno dia";"Crescente";"Céu Claro";"Dupla";"Reta";"Sim";2;0;1;1;0;0;2;1;-7,12508575;-34,94513217;"SPRF-PB";"DEL01-PB";"UOP01-DEL01-PB"
318683;2020-11-02;"segunda-feira";"06:50:00";"CE";20;270,2;"CANINDE";"Defeito na Via";"Queda de ocupante de veículo";"Com Vítimas Feridas";"Pleno dia";"Crescente";"Céu Claro";"Simples";"Reta";"Não";2;0;2;0;0;0;2;1;-4,65169;-39,392391;"SPRF-CE";"DEL02-CE";"UOP01-DEL02-CE"
318684;2020-11-02;"segunda-feira";"06:15:00";"PR";163;138,8;"CAPITAO LEONIDAS MARQUES";"Velocidade Incompatível";"Colisão traseira";"Com Vítimas Feridas";"Pleno dia";"Decrescente";"Céu Claro";"Dupla";"Em Obras;Reta";"Sim";4;0;1;0;3;0;1;2;-25,513192;-53,59102101;"SPRF-PR";"DEL05-PR";"UOP05-DEL05-PR"
318685;2020-11-02;"segunda-feira";"03:30:00";"PR";277;436,3;"VIRMOND";"Velocidade Incompatível";"Capotamento";"Com Vítimas Feridas";"Plena Noite";"Decrescente";"Céu Claro";"Simples";"Curva";"Não";1;0;1;0;0;0;1;1;-25,37374294;-52,22093399;"SPRF-PR";"DEL04-PR";"UOP02-DEL04-PR"
318686;2020-11-02;"segunda-feira";"07:30:00";"PR";369;138,7;"IBIPORA";"Desobediência às normas de trânsito pelo condutor";"Colisão transversal";"Com Vítimas Feridas";"Pleno dia";"Crescente";"Céu Claro";"Dupla";"Curva";"Sim";2;0;0;1;1;0;1;2;-23,27362333;-51,05613291;"SPRF-PR";"DEL07-PR";"UOP01-DEL07-PR"
318689;2020-11-02;"segunda-feira";"06:00:00";"MG";262;836;"UBERABA";"Condutor Dormindo";"Saída de leito carroçável";"Com Vítimas Feridas";"Amanhecer";"Crescente";"Céu Claro";"Simples";"Curva";"Não";1;0;1;0;0;0;1;1;-19,75218091;-48,23839106;"SPRF-MG";"DEL13-MG";"UOP01-DEL13-MG"
318690;2020-11-02;"segunda-feira";"08:34:00";"MG";381;450,5;"SABARA";"Desobediência às normas de trânsito pelo condutor";"Atropelamento de Pedestre";"Com Vítimas Fatais";"Pleno dia";"Decrescente";"Sol";"Simples";"Aclive;Curva";"Sim";3;1;0;0;0;2;0;2;-19,8324056;-43,8456084;"SPRF-MG";"DEL01-MG";"UOP01-DEL01-MG"
318691;2020-11-02;"segunda-feira";"07:20:00";"MG";381;705,2;"LAVRAS";"Condutor Dormindo";"Saída de leito carroçável";"Com Vítimas Feridas";"Pleno dia";"Crescente";"Céu Claro";"Dupla";"Curva;Aclive";"Não";1;0;1;0;0;0;1;1;-21,34965018;-45,17946289;"SPRF-MG";"DEL04-MG";"UOP02-DEL04-MG"
318692;2020-11-02;"segunda-feira";"08:05:00";"RS";392;72,2;"PELOTAS";"Falta de Atenção à Condução";"Saída de leito carroçável";"Com Vítimas Feridas";"Pleno dia";"Decrescente";"Céu Claro";"Simples";"Rotatória";"Não";2;0;2;0;0;0;2;1;-31,721104;-52,389843;"SPRF-RS";"DEL07-RS";"UOP01-DEL07-RS"
318693;2020-11-02;"segunda-feira";"09:15:00";"PI";343;23,7;"PARNAIBA";"Desobediência às normas de trânsito pelo condutor";"Colisão lateral";"Com Vítimas Feridas";"Pleno dia";"Crescente";"Céu Claro";"Simples";"Reta";"Não";3;0;1;0;0;2;1;3;-3,007861;-41,767223;"SPRF-PI";"DEL05-PI";"UOP01-DEL05-PI"
318694;2020-11-02;"segunda-feira";"08:45:00";"RS";392;344;"SANTA MARIA";"Ingestão de Álcool";"Saída de leito carroçável";"Sem Vítimas";"Pleno dia";"Crescente";"Céu Claro";"Dupla";"Reta";"Não";3;0;0;0;3;0;0;1;-29,7877691;-53,78226228;"SPRF-RS";"DEL09-RS";"UOP01-DEL09-RS"
318695;2020-11-02;"segunda-feira";"09:45:00";"RS";386;365,5;"FAZENDA VILANOVA";"Desobediência às normas de trânsito pelo condutor";"Colisão transversal";"Com Vítimas Feridas";"Pleno dia";"Crescente";"Sol";"Dupla";"Declive";"Não";2;0;0;1;1;0;1;2;-29,572111;-51,855782;"SPRF-RS";"DEL04-RS";"UOP02-DEL04-RS"
318697;2020-11-02;"segunda-feira";"09:30:00";"BA";324;472;"TANQUINHO";"Velocidade Incompatível";"Colisão com objeto estático";"Com Vítimas Feridas";"Pleno dia";"Decrescente";"Chuva";"Simples";"Curva";"Não";3;0;3;0;0;0;3;1;-11,97218784;-39,12780092;"SPRF-BA";"DEL02-BA";"UOP01-DEL02-BA"