"id";"data_inversa";"dia_semana";"horario";"uf";"br";"km";"municipio";"causa_acidente";"tipo_acidente";"classificacao_acidente";"fase_dia";"sentido_via";"condicao_metereologica";"tipo_pista";"tracado_via";"uso_solo";"pessoas";"mortos";"feridos_leves";"feridos_graves";"ilesos";"ignorados";"feridos";"veiculos";"latitude";"longitude";"regional";"delegacia";"uop"
318699;2020-06-29;"segunda-feira";"13:00:00";"PR";376;188;"MARIALVA";"Falta de Atenção à Condução";"Colisão lateral";"Com Vítimas Feridas";"Pleno dia";"Crescente";"Céu Claro";"Dupla";"Reta";"Sim";3;0;1;0;2;0;1;2;-23,46350406;-51,83324598;"SPRF-PR";"DEL09-PR";"UOP01-DEL09-PR"
318702;2020-11-02;"segunda-feira";"10:00:00";"RJ";40;83;"PETROPOLIS";"Defeito na Via";"Saída de leito carroçável";"Sem Vítimas";"Pleno dia";"Decrescente";"Céu Claro";"Dupla";"Curva";"Não";1;0;0;0;1;0;0;1;-22,51910302;-43,22873364;"SPRF-RJ";"DEL06-RJ";"UOP01-DEL06-RJ"
318703;2020-11-02;"segunda-feira";"03:30:00";"BA";330;804;"UBATA";"Falta de Atenção à Condução";"Saída de leito carroçável";"Com Vítimas Fatais";"Plena Noite";"Decrescente";"Garoa/Chuvisco";"Simples";"Curva";"Sim";6;1;0;4;1;0;4;2;-14,20818109;-39,52770189;"SPRF-BA";"DEL03-BA";"UOP01-DEL03-BA"
318704;2020-11-02;"segunda-feira";"09:50:00";"CE";20;187,4;"BOA VIAGEM";"Defeito Mecânico no Veículo";"Incêndio";"Sem Vítimas";"Pleno dia";"Decrescente";"Céu Claro";"Simples";"Reta";"Não";1;0;0;0;1;0;0;1;-5,24253398;-39,81947606;"SPRF-CE";"DEL02-CE";"UOP02-DEL02-CE"
318707;2020-11-02;"segunda-feira";"11:00:00";"MG";267;63;"BICAS";"Falta de Atenção à Condução";"Queda de ocupante de veículo";"Com Vítimas Feridas";"Pleno dia";"Crescente";"Ignorado";"Simples";"Reta";"Não";1;0;1;0;0;0;1;1;-21,73014728;-43,07352612;"SPRF-MG";"DEL05-MG";"UOP01-DEL05-MG"
318708;2020-11-02;"segunda-feira";"11:10:00";"SC";282;23,5;"SANTO AMARO DA IMPERATRIZ";"Falta de Atenção à Condução";"Colisão transversal";"Sem Vítimas";"Pleno dia";"Crescente";"Nublado";"Simples";"Interseção de Vias";"Não";2;0;0;0;2;0;0;2;-27,687958;-48,736794;"SPRF-SC";"DEL01-SC";"UOP03-DEL01-SC"
318710;2020-11-02;"segunda-feira";"08:20:00";"RO";364;378;"OURO PRETO DO OESTE";"Falta de Atenção à Condução";"Colisão traseira";"Com Vítimas Feridas";"Pleno dia";"Crescente";"Céu Claro";"Simples";"Reta";"Não";4;0;1;0;3;0;1;2;-10,74190976;-62,21634865;"SPRF-RO";"DEL02-RO";"UOP01-DEL02-RO"
318712;2020-11-02;"segunda-feira";"11:30:00";"RS";386;277,8;"SAO JOSE DO HERVAL";"Não guardar distância de segurança";"Colisão traseira";"Com Vítimas Feridas";"Pleno dia";"Crescente";"Sol";"Simples";"Reta";"Não";2;0;1;0;0;1;1;2;-29,012085;-52,331657;"SPRF-RS";"DEL04-RS";"UOP03-DEL04-RS"
318714;2020-11-02;"segunda-feira";"11:40:00";"CE";222;8;"CAUCAIA";"Falta de Atenção à Condução";"Colisão lateral";"Com Vítimas Feridas";"Pleno dia";"Crescente";"Céu Claro";"Dupla";"Reta";"Não";3;0;2;0;1;0;2;2;-3,75363558;-38,63803121;"SPRF-CE";"DEL01-CE";"UOP01-DEL01-CE"
318715;2020-11-02;"segunda-feira";"11:40:00";"PB";230;153;"CAMPINA GRANDE";"Não guardar distância de segurança";"Colisão traseira";"Sem Vítimas";"Pleno dia";"Decrescente";"Céu Claro";"Simples";"Reta";"Sim";4;0;0;0;3;1;0;4;-7,2763;-35,8887;"SPRF-PB";"DEL02-PB";"UOP01-DEL02-PB"
318716;2020-11-02;"segunda-feira";"11:30:00";"PR";376;630;"TUNAS DO PARANA";"Pista Escorregadia";"Tombamento";"Com Vítimas Feridas";"Pleno dia";"Crescente";"Céu Claro";"Dupla";"Reta";"Sim";1;0;1;0;0;0;1;1;-25;-49;"SPRF-PR";"DEL01-PR";"UOP04-DEL01-PR"
318719;2020-11-02;"segunda-feira";"10:45:00";"SC";282;610;"MARAVILHA";"Falta de Atenção à Condução";"Colisão transversal";"Com Vítimas Feridas";"Pleno dia";"Decrescente";"Céu Claro";"Simples";"Curva;Aclive";"Não";6;0;1;0;5;0;1;2;-26,756321;-53,230247;"SPRF-SC";"DEL07-SC";"UOP02-DEL07-SC"
318720;2020-11-02;"segunda-feira";"13:00:00";"DF";20;10,2;"BRASILIA";"Pista Escorregadia";"Saída de leito carroçável";"Sem Vítimas";"Pleno dia";"Decrescente";"Chuva";"Dupla";"Reta";"Sim";4;0;0;0;4;0;0;1;-15,650243;-47,773872;"SPRF-DF";"DEL02-DF";"UOP01-DEL02-DF"
318721;2020-11-02;"segunda-feira";"13:00:00";"RN";101;72;"SAO GONCALO DO AMARANTE";"Falta de Atenção à Condução";"Colisão transversal";"Com Vítimas Feridas";"Pleno dia";"Decrescente";"Céu Claro";"Simples";"Reta";"Não";3;0;2;0;1;0;2;2;-5,69866248;-35,26316835;"SPRF-RN";"DEL02-RN";"UOP01-DEL02-RN"
318722;2020-11-02;"segunda-feira";"13:15:00";"ES";393;8;"CACHOEIRO DE ITAPEMIRIM";"Velocidade Incompatível";"Saída de leito carroçável";"Com Vítimas Feridas";"Pleno dia";"Decrescente";"Nublado";"Simples";"Reta";"Não";1;0;1;0;0;0;1;1;-20,83131413;-41,22312386;"SPRF-ES";"DEL03-ES";"UOP02-DEL03-ES"
318723;2020-11-02;"segunda-feira";"09:00:00";"BA";410;21;"TUCANO";"Falta de Atenção à Condução";"Saída de leito carroçável";"Sem Vítimas";"Pleno dia";"Crescente";"Chuva";"Simples";"Reta";"Não";1;0;0;0;0;1;0;1;-10,916906;-38,69033;"SPRF-BA";"DEL07-BA";"UOP02-DEL07-BA"
318724;2020-11-02;"segunda-feira";"13:30:00";"SP";116;117;"TAUBATE";"Avarias e/ou desgaste excessivo no pneu";"Tombamento";"Com Vítimas Feridas";"Pleno dia";"Crescente";"Sol";"Dupla";"Reta";"Não";2;0;2;0;0;0;2;1;-23,0582298;-45,6176951;"SPRF-SP";"DEL06-SP";"UOP01-DEL06-SP"
318726;2020-11-02;"segunda-feira";"13:00:00";"RJ";116;227;"PIRAI";"Falta de Atenção à Condução";"Colisão com objeto estático";"Com Vítimas Feridas";"Pleno dia";"Crescente";"Céu Claro";"Dupla";"Curva";"Não";2;0;1;1;0;0;2;1;-22,66505586;-43,8208548;"SPRF-RJ";"DEL07-RJ";"UOP01-DEL07-RJ"
318727;2020-11-02;"segunda-feira";"12:50:00";"SC";101;86,7;"BARRA VELHA";"Ingestão de álcool e/ou substâncias psicoativas pelo pedestre";"Colisão com objeto estático";"Com Vítimas Feridas";"Pleno dia";"Decrescente";"Céu Claro";"Dupla";"Reta";"Não";2;0;0;2;0;0;2;1;-26,640518;-48,691627;"SPRF-SC";"DEL03-SC";"UOP02-DEL03-SC"
318728;2020-11-02;"segunda-feira";"13:50:00";"RN";101;95;"NATAL";"Falta de Atenção à Condução";"Colisão lateral";"Com Vítimas Feridas";"Pleno dia";"Crescente";"Céu Claro";"Dupla";"Aclive";"Sim";2;0;1;0;1;0;1;2;-5,84076841;-35,21035949;"SPRF-RN";"DEL01-RN";"UOP01-DEL01-RN"
318729;2020-11-02;"segunda-feira";"14:20:00";"CE";20;194,1;"BOA VIAGEM";"Defeito Mecânico no Veículo";"Incêndio";"Sem Vítimas";"Pleno dia";"Decrescente";"Céu Claro";"Simples";"Reta";"Não";2;0;0;0;2;0;0;1;-5,1934254;-39,78256884;"SPRF-CE";"DEL02-CE";"UOP02-DEL02-CE"
318732;2020-11-02;"segunda-feira";"13:08:00";"MG";381;519,2;"IGARAPE";"Defeito Mecânico no Veículo";"Saída de leito carroçável";"Com Vítimas Feridas";"Pleno dia";"Crescente";"Céu Claro";"Dupla";"Curva";"Não";3;0;1;0;2;0;1;1;-20,12834104;-44,30330781;"SPRF-MG";"DEL04-MG";"UOP03-DEL04-MG"
318733;2020-11-02;"segunda-feira";"13:40:00";"RS";101;63,2;"MAQUINE";"Velocidade Incompatível";"Saída de leito carroçável";"Com Vítimas Feridas";"Pleno dia";"Crescente";"Céu Claro";"Simples";"Curva";"Não";1;0;0;1;0;0;1;1;-29,69801588;-50,17184615;"SPRF-RS";"DEL03-RS";"UOP02-DEL03-RS"
318734;2020-11-02;"segunda-feira";"14:54:00";"SC";470;144;"RIO DO SUL";"Falta de Atenção à Condução";"Colisão transversal";"Com Vítimas Feridas";"Pleno dia";"Decrescente";"Céu Claro";"Simples";"Reta";"Não";3;0;1;0;2;0;1;2;-27,235138;-49,677608;"SPRF-SC";"DEL04-SC";"UOP02-DEL04-SC"
318735;2020-11-02;"segunda-feira";"11:50:00";"MG";381;747;"TRES CORACOES";"Falta de Atenção à Condução";"Colisão traseira";"Com Vítimas Feridas";"Pleno dia";"Crescente";"Céu Claro";"Dupla";"Reta";"Não";3;0;2;0;1;0;2;2;-21,64809074;-45,29856819;"SPRF-MG";"DEL16-MG";"UOP02-DEL16-MG"
318736;2020-11-02;"segunda-feira";"13:30:00";"RN";101;147;"GOIANINHA";"Não guardar distância de segurança";"Colisão traseira";"Sem Vítimas";"Pleno dia";"Crescente";"Céu Claro";"Dupla";"Reta";"Sim";2;0;0;0;2;0;0;2;-6,27145987;-35,20823975;"SPRF-RN";"DEL01-RN";"UOP01-DEL01-RN"
318738;2020-11-02;"segunda-feira";"14:50:00";"DF";40;7,1;"BRASILIA";"Velocidade Incompatível";"Saída de leito carroçável";"Com Vítimas Feridas";"Pleno dia";"Crescente";"Nublado";"Dupla";"Reta;Declive";"Sim";2;0;1;1;0;0;2;1;-16,039938;-47,980021;"SPRF-DF";"DEL01-DF";"UOP01-DEL01-DF"
318739;2020-11-02;"segunda-feira";"15:00:00";"MT";158;610,6;"AGUA BOA";"Falta de Atenção à Condução";"Colisão traseira";"Com Vítimas Fatais";"Pleno dia";"Decrescente";"Céu Claro";"Simples";"Reta";"Não";3;1;0;1;1;0;1;2;-14,39699431;-52,19614486;"SPRF-MT";"DEL07-MT";"UOP02-DEL07-MT"
318740;2020-11-02;"segunda-feira";"15:00:00";"BA";101;265,4;"SANTO ANTONIO DE JESUS";"Falta de Atenção à Condução";"Colisão traseira";"Com Vítimas Feridas";"Pleno dia";"Crescente";"Nublado";"Dupla";"Reta";"Não";2;0;1;0;1;0;1;2;-13,10710514;-39,28471362;"SPRF-BA";"DEL01-BA";"UOP02-DEL01-BA"
318742;2020-11-02;"segunda-feira";"15:30:00";"AL";316;196,8;"MARIBONDO";"Ultrapassagem Indevida";"Colisão frontal";"Com Vítimas Fatais";"Pleno dia";"Decrescente";"Céu Claro";"Simples";"Curva";"Não";10;3;7;0;0;0;7;2;-9,56795479;-36,35547638;"SPRF-AL";"DEL03-AL";"UOP01-DEL03-AL"
318743;2020-11-02;"segunda-feira";"15:20:00";"SP";116;101,2;"PINDAMONHANGABA";"Falta de Atenção à Condução";"Colisão traseira";"Com Vítimas Feridas";"Pleno dia";"Crescente";"Céu Claro";"Dupla";"Reta";"Não";2;0;2;0;0;0;2;1;-22,99074204;-45,48115098;"SPRF-SP";"DEL06-SP";"UOP01-DEL06-SP"
318744;2020-11-02;"segunda-feira";"15:30:00";"ES";262;73,9;"DOMINGOS MARTINS";"Desobediência às normas de trânsito pelo condutor";"Colisão frontal";"Com Vítimas Feridas";"Pleno dia";"Crescente";"Garoa/Chuvisco";"Simples";"Reta";"Não";2;0;2;0;0;0;2;2;-20,41066352;-40,88380166;"SPRF-ES";"DEL01-ES";"UOP02-DEL01-ES"
318745;2020-11-02;"segunda-feira";"14:55:00";"MS";163;335,3;"RIO BRILHANTE";"Falta de Atenção à Condução";"Saída de leito carroçável";"Com Vítimas Feridas";"Pleno dia";"Crescente";"Sol";"Dupla";"Reta";"Não";2;0;1;0;1;0;1;1;-21,685138;-54,481187;"SPRF-MS";"DEL02-MS";"UOP02-DEL02-MS"
318748;2020-11-02;"segunda-feira";"16:00:00";"DF";20;6,9;"BRASILIA";"Defeito Mecânico no Veículo";"Saída de leito carroçável";"Com Vítimas Feridas";"Pleno dia";"Crescente";"Chuva";"Dupla";"Reta;Aclive";"Sim";2;0;1;0;1;0;1;1;-15,665888;-47,808308;"SPRF-DF";"DEL02-DF";"UOP01-DEL02-DF"
318749;2020-11-02;"segunda-feira";"15:00:00";"SE";101;93;"NOSSA SENHORA DO SOCORRO";"Falta de Atenção à Condução";"Colisão transversal";"Sem Vítimas";"Pleno dia";"Crescente";"Chuva";"Dupla";"Retorno Regulamentado";"Sim";2;0;0;0;2;0;0;2;-10,90212319;-37,14494787;"SPRF-SE";"DEL01-SE";"UOP01-DEL01-SE"
318751;2020-11-02;"segunda-feira";"15:20:00";"MS";60;376;"CAMPO GRANDE";"Defeito Mecânico no Veículo";"Tombamento";"Com Vítimas Feridas";"Pleno dia";"Crescente";"Sol";"Simples";"Reta";"Não";2;0;2;0;0;0;2;1;-20,59681792;-54,72844509;"SPRF-MS";"DEL01-MS";"UOP04-DEL01-MS"
318752;2020-11-02;"segunda-feira";"14:30:00";"RO";364;699;"PORTO VELHO";"Falta de Atenção à Condução";"Queda de ocupante de veículo";"Com Vítimas Feridas";"Pleno dia";"Crescente";"Chuva";"Dupla";"Reta";"Não";1;0;0;1;0;0;1;1;-8,80042882;-63,760185;"SPRF-RO";"DEL01-RO";"UOP01-DEL01-RO"
318753;2020-11-02;"segunda-feira";"16:15:00";"BA";116;15;"VITORIA DA CONQUISTA";"Ingestão de Álcool";"Colisão traseira";"Sem Vítimas";"Pleno dia";"Decrescente";"Chuva";"Simples";"Reta";"Sim";3;0;0;0;3;0;0;3;-14,851;-40,8485;"SPRF-BA";"DEL08-BA";"UOP01-DEL08-BA"
318756;2020-11-02;"segunda-feira";"16:00:00";"MG";40;478,3;"SETE LAGOAS";"Desobediência às normas de trânsito pelo condutor";"Colisão lateral";"Com Vítimas Feridas";"Pleno dia";"Crescente";"Céu Claro";"Dupla";"Reta";"Não";3;0;1;0;2;0;1;2;-19,52964;-44,25878;"SPRF-MG";"DEL02-MG";"UOP01-DEL02-MG"
318757;2020-11-02;"segunda-feira";"15:45:00";"BA";324;527;"FEIRA DE SANTANA";"Falta de Atenção à Condução";"Tombamento";"Com Vítimas Feridas";"Pleno dia";"Decrescente";"Céu Claro";"Dupla";"Reta";"Não";2;0;2;0;0;0;2;1;-12,31183923;-38,88331817;"SPRF-BA";"DEL01-BA";"UOP03-DEL01-BA"
318758;2020-11-02;"segunda-feira";"16:45:00";"CE";116;65,2;"CHOROZINHO";"Desobediência às normas de trânsito pelo condutor";"Colisão transversal";"Sem Vítimas";"Pleno dia";"Crescente";"Céu Claro";"Simples";"Interseção de Vias";"Sim";2;0;0;0;2;0;0;2;-4,29936009;-38,50175858;"SPRF-CE";"DEL03-CE";"UOP02-DEL03-CE"
318760;2020-11-02;"segunda-feira";"16:30:00";"RS";116;307;"GUAIBA";"Desobediência às normas de trânsito pelo pedestre";"Colisão transversal";"Com Vítimas Feridas";"Pleno dia";"Crescente";"Céu Claro";"Simples";"Reta";"Sim";5;0;1;0;4;0;1;2;-30,1742985;-51,3923676;"SPRF-RS";"DEL02-RS";"UOP01-DEL02-RS"
318761;2020-11-02;"segunda-feira";"15:42:00";"MG";381;500;"BETIM";"Falta de Atenção à Condução";"Colisão traseira";"Sem Vítimas";"Pleno dia";"Decrescente";"Céu Claro";"Dupla";"Reta";"Não";2;0;0;0;2;0;0;2;-20,02513493;-44,23112709;"SPRF-MG";"DEL01-MG";"UOP03-DEL01-MG"
318762;2020-11-02;"segunda-feira";"16:50:00";"DF";20;15,6;"BRASILIA";"Falta de Atenção à Condução";"Colisão traseira";"Com Vítimas Feridas";"Pleno dia";"Crescente";"Chuva";"Dupla";"Reta";"Sim";6;0;3;0;3;0;3;2;-15,630189;-47,733288;"SPRF-DF";"DEL02-DF";"UOP01-DEL02-DF"
318763;2020-11-02;"segunda-feira";"16:10:00";"MG";354;712,3;"CAXAMBU";"Desobediência às normas de trânsito pelo condutor";"Colisão frontal";"Com Vítimas Feridas";"Pleno dia";"Crescente";"Céu Claro";"Simples";"Aclive";"Não";3;0;1;0;2;0;1;2;-22,04873198;-44,92665648;"SPRF-MG";"DEL17-MG";"UOP01-DEL17-MG"
318764;2020-11-02;"segunda-feira";"16:50:00";"PR";116;141,9;"MANDIRITUBA";"Falta de Atenção à Condução";"Saída de leito carroçável";"Sem Vítimas";"Pleno dia";"Decrescente";"Céu Claro";"Dupla";"Declive;Reta";"Sim";1;0;0;0;0;1;0;1;-25,77956784;-49,32471368;"SPRF-PR";"DEL01-PR";"UOP03-DEL01-PR"
318765;2020-11-02;"segunda-feira";"16:30:00";"SC";101;65;"ARAQUARI";"Não guardar distância de segurança";"Tombamento";"Com Vítimas Feridas";"Pleno dia";"Decrescente";"Sol";"Dupla";"Reta";"Sim";2;0;2;0;0;0;2;1;-26,4557506;-48,76994133;"SPRF-SC";"DEL03-SC";"UOP02-DEL03-SC"
318767;2020-11-02;"segunda-feira";"17:00:00";"DF";60;4,5;"BRASILIA";"Falta de Atenção à Condução";"Colisão traseira";"Com Vítimas Feridas";"Pleno dia";"Crescente";"Nublado";"Dupla";"Declive;Reta";"Sim";8;0;2;0;6;0;2;2;-15,89431349;-48,10085356;"SPRF-DF";"DEL03-DF";"UOP01-DEL03-DF"
318768;2020-11-02;"segunda-feira";"16:50:00";"GO";60;186,2;"GUAPO";"Velocidade Incompatível";"Saída de leito carroçável";"Com Vítimas Feridas";"Pleno dia";"Decrescente";"Céu Claro";"Dupla";"Reta";"Não";1;0;1;0;0;0;1;1;-16,814948;-49,529751;"SPRF-GO";"DEL01-GO";"UOP02-DEL01-GO"
318771;2020-11-02;"segunda-feira";"15:30:00";"MG";40;641,8;"CONSELHEIRO LAFAIETE";"Falta de Atenção à Condução";"Saída de leito carroçável";"Com Vítimas Feridas";"Pleno dia";"Decrescente";"Céu Claro";"Simples";"Reta;Declive";"Não";2;0;1;1;0;0;2;1;-20,74938509;-43,80105361;"SPRF-MG";"DEL05-MG";"UOP02-DEL05-MG"
318773;2020-11-02;"segunda-feira";"17:00:00";"RJ";116;326;"RESENDE";"Deficiência ou não Acionamento do Sistema de Iluminação/Sinalização do Veículo";"Saída de leito carroçável";"Com Vítimas Feridas";"Pleno dia";"Crescente";"Nublado";"Dupla";"Reta";"Não";2;0;1;0;1;0;1;1;-22,49890811;-44,57917891;"SPRF-RJ";"DEL07-RJ";"UOP02-DEL07-RJ"
318774;2020-11-02;"segunda-feira";"17:35:00";"PB";101;82;"BAYEUX";"Desobediência às normas de trânsito pelo condutor";"Engavetamento";"Sem Vítimas";"Anoitecer";"Crescente";"Céu Claro";"Dupla";"Reta";"Sim";5;0;0;0;4;1;0;3;-7,12911;-34,93714;"SPRF-PB";"DEL01-PB";"UOP01-DEL01-PB"
318775;2020-11-02;"segunda-feira";"16:50:00";"SC";470;7;"NAVEGANTES";"Velocidade Incompatível";"Saída de leito carroçável";"Com Vítimas Feridas";"Pleno dia";"Crescente";"Céu Claro";"Simples";"Interseção de Vias";"Não";1;0;0;1;0;0;1;1;-26,84499;-48,71505;"SPRF-SC";"DEL04-SC";"UOP04-DEL04-SC"
318778;2020-11-02;"segunda-feira";"17:00:00";"MG";381;943,5;"EXTREMA";"Falta de Atenção à Condução";"Colisão traseira";"Com Vítimas Feridas";"Pleno dia";"Crescente";"Céu Claro";"Dupla";"Interseção de Vias;Reta";"Sim";3;0;1;0;2;0;1;2;-22,86479809;-46,34664381;"SPRF-MG";"DEL16-MG";"UOP03-DEL16-MG"
318779;2020-11-02;"segunda-feira";"17:30:00";"CE";20;395,5;"CAUCAIA";"Não guardar distância de segurança";"Engavetamento";"Com Vítimas Feridas";"Anoitecer";"Crescente";"Céu Claro";"Simples";"Reta";"Não";5;0;1;0;4;0;1;4;-3,82645524;-38,7511478;"SPRF-CE";"DEL01-CE";"UOP01-DEL01-CE"
318780;2020-11-02;"segunda-feira";"16:20:00";"RS";116;617,8;"ARROIO GRANDE";"Animais na Pista";"Tombamento";"Com Vítimas Feridas";"Pleno dia";"Crescente";"Sol";"Simples";"Reta";"Não";1;0;1;0;0;0;1;1;-32,28610426;-53,11296276;"SPRF-RS";"DEL07-RS";"UOP03-DEL07-RS"
318781;2020-11-02;"segunda-feira";"17:50:00";"TO";153;136;"ARAGUAINA";"Desobediência às normas de trânsito pelo condutor";"Colisão frontal";"Com Vítimas Feridas";"Anoitecer";"Crescente";"Nublado";"Dupla";"Reta";"Sim";3;0;2;0;0;1;2;2;-7,137507;-48,200943;"SPRF-TO";"DEL02-TO";"UOP01-DEL02-TO"
318783;2020-11-02;"segunda-feira";"17:20:00";"MG";381;510;"IGARAPE";"Desobediência às normas de trânsito pelo condutor";"Colisão lateral";"Sem Vítimas";"Pleno dia";"Crescente";"Céu Claro";"Dupla";"Curva";"Sim";2;0;0;0;2;0;0;2;-20,07738209;-44,30434488;"SPRF-MG";"DEL01-MG";"UOP03-DEL01-MG"
318785;2020-11-02;"segunda-feira";"17:45:00";"SP";153;19,3;"NOVA GRANADA";"Não guardar distância de segurança";"Tombamento";"Com Vítimas Feridas";"Pleno dia";"Crescente";"Céu Claro";"Simples";"Reta";"Não";2;0;1;0;1;0;1;1;-20,45211107;-49,28473186;"SPRF-SP";"DEL09-SP";"UOP01-DEL09-SP"
318786;2020-11-02;"segunda-feira";"16:05:00";"RO";364;318;"PRESIDENTE MEDICI";"Falta de Atenção à Condução";"Colisão lateral";"Com Vítimas Feridas";"Pleno dia";"Crescente";"Céu Claro";"Simples";"Reta";"Não";2;0;0;1;1;0;1;2;-11,085351;-61,91477;"SPRF-RO";"DEL02-RO";"UOP01-DEL02-RO"
318787;2020-11-02;"segunda-feira";"17:20:00";"SC";101;210;"SAO JOSE";"Falta de Atenção à Condução";"Colisão transversal";"Com Vítimas Feridas";"Pleno dia";"Decrescente";"Céu Claro";"Simples";"Viaduto";"Sim";3;0;1;0;2;0;1;2;-27,6167305;-48,6457265;"SPRF-SC";"DEL01-SC";"UOP01-DEL01-SC"
318788;2020-11-02;"segunda-feira";"16:20:00";"MG";381;486,9;"BETIM";"Não guardar distância de segurança";"Colisão traseira";"Com Vítimas Feridas";"Pleno dia";"Decrescente";"Nublado";"Dupla";"Reta;Aclive";"Sim";2;0;1;0;1;0;1;2;-19,95644414;-44,13611598;"SPRF-MG";"DEL01-MG";"UOP03-DEL01-MG"
318789;2020-11-02;"segunda-feira";"17:45:00";"PR";153;500,5;"GENERAL CARNEIRO";"Desobediência às normas de trânsito pelo condutor";"Saída de leito carroçável";"Com Vítimas Fatais";"Pleno dia";"Crescente";"Céu Claro";"Simples";"Curva";"Não";4;1;1;2;0;0;3;1;-26,495572;-51,347369;"SPRF-PR";"DEL02-PR";"UOP03-DEL02-PR"
318790;2020-11-02;"segunda-feira";"17:00:00";"BA";101;538;"SAO JOSE DA VITORIA";"Pista Escorregadia";"Capotamento";"Com Vítimas Feridas";"Pleno dia";"Decrescente";"Chuva";"Simples";"Curva";"Não";2;0;1;0;1;0;1;1;-15,17534217;-39,42808462;"SPRF-BA";"DEL05-BA";"UOP01-DEL05-BA"
318791;2020-11-02;"segunda-feira";"18:00:00";"PR";272;388;"FAROL";"Ingestão de Álcool";"Saída de leito carroçável";"Com Vítimas Feridas";"Anoitecer";"Crescente";"Céu Claro";"Simples";"Reta";"Não";1;0;1;0;0;0;1;1;-24,0781901;-52,58755598;"SPRF-PR";"DEL09-PR";"UOP03-DEL09-PR"
318794;2020-11-02;"segunda-feira";"17:10:00";"SC";470;172;"POUSO REDONDO";"Não guardar distância de segurança";"Engavetamento";"Com Vítimas Feridas";"Pleno dia";"Decrescente";"Céu Claro";"Simples";"Aclive;Reta";"Não";4;0;3;0;1;0;3;3;-27,257526;-49,909592;"SPRF-SC";"DEL04-SC";"UOP02-DEL04-SC"
318795;2020-11-02;"segunda-feira";"18:20:00";"PE";232;45,6;"VITORIA DE SANTO ANTAO";"Não guardar distância de segurança";"Colisão traseira";"Com Vítimas Feridas";"Plena Noite";"Decrescente";"Céu Claro";"Dupla";"Reta";"Não";2;0;1;0;1;0;1;2;-8,131881;-35,28658;"SPRF-PE";"DEL02-PE";"UOP02-DEL02PE"
318796;2020-11-02;"segunda-feira";"17:20:00";"MG";40;522;"CONTAGEM";"Velocidade Incompatível";"Colisão traseira";"Sem Vítimas";"Anoitecer";"Crescente";"Nublado";"Dupla";"Curva";"Sim";2;0;0;0;2;0;0;2;-19,8638731;-44,06749809;"SPRF-MG";"DEL01-MG";"UOP02-DEL01-MG"
318797;2020-11-02;"segunda-feira";"17:15:00";"MS";262;385,5;"TERENOS";"Falta de Atenção à Condução";"Colisão traseira";"Sem Vítimas";"Pleno dia";"Decrescente";"Céu Claro";"Simples";"Reta";"Não";5;0;0;0;5;0;0;2;-20,43314091;-54,88175898;"SPRF-MS";"DEL01-MS";"UOP03-DEL01-MS"
318798;2020-11-02;"segunda-feira";"16:30:00";"SC";470;17,2;"ILHOTA";"Desobediência às normas de trânsito pelo condutor";"Saída de leito carroçável";"Com Vítimas Feridas";"Pleno dia";"Crescente";"Céu Claro";"Simples";"Reta";"Não";4;0;1;0;2;1;1;4;-26,86198613;-48,81297201;"SPRF-SC";"DEL04-SC";"UOP04-DEL04-SC"
318799;2020-11-02;"segunda-feira";"15:22:00";"GO";80;136;"BARRO ALTO";"Pista Escorregadia";"Capotamento";"Com Vítimas Feridas";"Pleno dia";"Decrescente";"Chuva";"Simples";"Reta";"Não";4;0;3;0;0;1;3;2;-15,11214987;-48,8369751;"SPRF-GO";"DEL07-GO";"UOP01-DEL07-GO"
318800;2020-11-02;"segunda-feira";"18:20:00";"DF";70;12;"BRASILIA";"Falta de Atenção à Condução";"Tombamento";"Com Vítimas Feridas";"Plena Noite";"Crescente";"Chuva";"Dupla";"Reta";"Sim";2;0;2;0;0;0;2;1;-15,792243;-48,158543;"SPRF-DF";"DEL03-DF";"UOP02-DEL03-DF"
318801;2020-11-02;"segunda-feira";"18:30:00";"GO";153;614,2;"MORRINHOS";"Animais na Pista";"Atropelamento de Animal";"Com Vítimas Feridas";"Plena Noite";"Crescente";"Céu Claro";"Dupla";"Reta";"Sim";1;0;1;0;0;0;1;1;-17,6693;-49,1651;"SPRF-GO";"DEL03-GO";"UOP01-DEL03-GO"
318803;2020-11-02;"segunda-feira";"18:40:00";"PR";376;472,9;"PONTA GROSSA";"Defeito Mecânico no Veículo";"Incêndio";"Sem Vítimas";"Anoitecer";"Crescente";"Céu Claro";"Dupla";"Reta";"Não";1;0;0;0;1;0;0;1;-25,04050891;-50,25140203;"SPRF-PR";"DEL03-PR";"UOP04-DEL03-PR"
318804;2020-11-02;"segunda-feira";"18:30:00";"RS";471;163,3;"RIO PARDO";"Falta de Atenção à Condução";"Colisão traseira";"Com Vítimas Feridas";"Pleno dia";"Decrescente";"Céu Claro";"Simples";"Reta";"Não";2;0;1;0;1;0;1;2;-29,931791;-52,389271;"SPRF-RS";"DEL02-RS";"UOP03-DEL02-RS"
318805;2020-11-02;"segunda-feira";"18:45:00";"RN";406;162,9;"CEARA-MIRIM";"Ingestão de Álcool";"Colisão lateral";"Com Vítimas Feridas";"Plena Noite";"Crescente";"Céu Claro";"Simples";"Reta";"Não";2;0;0;1;1;0;1;2;-5,7280941;-35,36099113;"SPRF-RN";"DEL02-RN";"UOP01-DEL02-RN"