"id";"data_inversa";"dia_semana";"horario";"uf";"br";"km";"municipio";"causa_acidente";"tipo_acidente";"classificacao_acidente";"fase_dia";"sentido_via";"condicao_metereologica";"tipo_pista";"tracado_via";"uso_solo";"pessoas";"mortos";"feridos_leves";"feridos_graves";"ilesos";"ignorados";"feridos";"veiculos";"latitude";"longitude";"regional";"delegacia";"uop"
318917;2020-11-03;"terça-feira";"08:00:00";"SP";116;150;"SAO JOSE DOS CAMPOS";"Falta de Atenção à Condução";"Colisão lateral";"Com Vítimas Feridas";"Pleno dia";"Crescente";"Céu Claro";"Dupla";"Reta";"Sim";2;0;1;0;1;0;1;2;-23,21335525;-45,8930588;"SPRF-SP";"DEL02-SP";"UOP01-DEL02-SP"
318919;2020-11-03;"terça-feira";"08:25:00";"MG";40;514;"RIBEIRAO DAS NEVES";"Falta de Atenção do Pedestre";"Atropelamento de Pedestre";"Com Vítimas Feridas";"Pleno dia";"Crescente";"Nublado";"Dupla";"Reta";"Sim";2;0;2;0;0;0;2;2;-19,80151928;-44,10000333;"SPRF-MG";"DEL01-MG";"UOP02-DEL01-MG"
318920;2020-11-03;"terça-feira";"08:50:00";"RN";226;81;"TANGARA";"Desobediência às normas de trânsito pelo condutor";"Colisão transversal";"Sem Vítimas";"Pleno dia";"Crescente";"Céu Claro";"Simples";"Declive";"Não";2;0;0;0;2;0;0;2;-6,18906331;-35,78272296;"SPRF-RN";"DEL03-RN";"UOP02-DEL03-RN"
318922;2020-11-03;"terça-feira";"09:50:00";"CE";20;408;"CAUCAIA";"Desobediência às normas de trânsito pelo condutor";"Colisão transversal";"Com Vítimas Feridas";"Pleno dia";"Decrescente";"Céu Claro";"Dupla";"Em Obras;Reta";"Sim";2;0;0;1;1;0;1;2;-3,76999035;-38,67006282;"SPRF-CE";"DEL01-CE";"UOP01-DEL01-CE"
318924;2020-11-03;"terça-feira";"09:50:00";"DF";20;18,1;"BRASILIA";"Falta de Atenção à Condução";"Colisão lateral";"Com Vítimas Feridas";"Pleno dia";"Decrescente";"Nublado";"Múltipla";"Reta";"Não";2;0;1;0;0;1;1;2;-15,616901;-47,708927;"SPRF-DF";"DEL02-DF";"UOP01-DEL02-DF"
318926;2020-11-03;"terça-feira";"08:00:00";"MG";40;338;"FELIXLANDIA";"Condutor Dormindo";"Colisão com objeto estático";"Com Vítimas Feridas";"Pleno dia";"Crescente";"Nublado";"Simples";"Reta";"Não";1;0;1;0;0;0;1;1;-18,64223194;-45,00156567;"SPRF-MG";"DEL14-MG";"UOP02-DEL14-MG"
318927;2020-11-03;"terça-feira";"10:00:00";"PR";376;632;"SAO JOSE DOS PINHAIS";"Falta de Atenção à Condução";"Queda de ocupante de veículo";"Com Vítimas Feridas";"Pleno dia";"Decrescente";"Céu Claro";"Dupla";"Reta";"Sim";3;0;2;0;0;1;2;2;-25,71305887;-49,13941456;"SPRF-PR";"DEL01-PR";"UOP04-DEL01-PR"
318928;2020-11-03;"terça-feira";"08:30:00";"SC";101;211,4;"PALHOCA";"Desobediência às normas de trânsito pelo condutor";"Colisão lateral";"Com Vítimas Feridas";"Pleno dia";"Decrescente";"Sol";"Múltipla";"Reta";"Sim";3;0;1;0;2;0;1;3;-27,62329313;-48,65245588;"SPRF-SC";"DEL01-SC";"UOP02-DEL01-SC"
318929;2020-11-03;"terça-feira";"10:10:00";"PE";232;7;"RECIFE";"Velocidade Incompatível";"Saída de leito carroçável";"Com Vítimas Feridas";"Pleno dia";"Crescente";"Céu Claro";"Dupla";"Reta";"Não";1;0;1;0;0;0;1;1;-8,07333497;-34,96184301;"SPRF-PE";"DEL01-PE";"UOP01-DEL01-PE"
318930;2020-11-03;"terça-feira";"10:50:00";"SC";101;210;"SAO JOSE";"Falta de Atenção à Condução";"Colisão lateral";"Com Vítimas Feridas";"Pleno dia";"Crescente";"Céu Claro";"Dupla";"Reta";"Sim";2;0;1;0;1;0;1;2;-27,6167305;-48,6457265;"SPRF-SC";"DEL01-SC";"UOP01-DEL01-SC"
318931;2020-11-03;"terça-feira";"10:37:00";"SP";116;207,3;"GUARULHOS";"Não guardar distância de segurança";"Colisão traseira";"Com Vítimas Feridas";"Pleno dia";"Crescente";"Sol";"Dupla";"Reta";"Sim";2;0;1;0;1;0;1;2;-23,41972188;-46,38419203;"SPRF-SP";"DEL01-SP";"UOP01-DEL01-SP"
318932;2020-10-28;"quarta-feira";"16:25:00";"PA";230;631;"ALTAMIRA";"Avarias e/ou desgaste excessivo no pneu";"Tombamento";"Sem Vítimas";"Pleno dia";"Crescente";"Chuva";"Simples";"Curva";"Sim";2;0;0;0;2;0;0;1;-3,17369255;-52,17226002;"SPRF-PA";"DEL04-PA";"UOP01-DEL04-PA"
318933;2020-11-03;"terça-feira";"10:20:00";"ES";101;204,1;"JOAO NEIVA";"Falta de Atenção à Condução";"Colisão transversal";"Com Vítimas Fatais";"Pleno dia";"Crescente";"Nublado";"Simples";"Reta";"Sim";3;1;0;1;1;0;1;2;-19,74948916;-40,37922678;"SPRF-ES";"DEL02-ES";"UOP01-DEL02-ES"
318934;2020-11-03;"terça-feira";"11:30:00";"RN";405;3,3;"MOSSORO";"Falta de Atenção à Condução";"Tombamento";"Com Vítimas Feridas";"Pleno dia";"Crescente";"Céu Claro";"Simples";"Reta";"Sim";1;0;1;0;0;0;1;1;-5,19386547;-37,38052995;"SPRF-RN";"DEL04-RN";"UOP02-DEL04-RN"
318936;2020-11-03;"terça-feira";"11:10:00";"SP";116;283;"EMBU DAS ARTES";"Agressão Externa";"Queda de ocupante de veículo";"Com Vítimas Feridas";"Pleno dia";"Crescente";"Céu Claro";"Dupla";"Reta";"Sim";4;0;1;0;1;2;1;3;-23,69297005;-46,86352786;"SPRF-SP";"DEL04-SP";"UOP01-DEL04-SP"
318937;2020-11-03;"terça-feira";"11:34:00";"MG";40;575,7;"ITABIRITO";"Mal Súbito";"Colisão frontal";"Com Vítimas Feridas";"Pleno dia";"Crescente";"Nublado";"Simples";"Reta";"Não";7;0;5;1;1;0;6;5;-20,25658707;-43,96098023;"SPRF-MG";"DEL01-MG";"UOP02-DEL01-MG"
318939;2020-11-03;"terça-feira";"11:55:00";"PE";232;9;"RECIFE";"Não guardar distância de segurança";"Colisão traseira";"Sem Vítimas";"Pleno dia";"Decrescente";"Céu Claro";"Dupla";"Reta";"Sim";2;0;0;0;2;0;0;2;-8,07764447;-34,97863609;"SPRF-PE";"DEL01-PE";"UOP01-DEL01-PE"
318940;2020-11-03;"terça-feira";"11:40:00";"PR";153;336;"IRATI";"Ultrapassagem Indevida";"Colisão lateral";"Com Vítimas Feridas";"Pleno dia";"Crescente";"Céu Claro";"Simples";"Reta";"Sim";2;0;1;0;1;0;1;2;-25,49753795;-50,64815515;"SPRF-PR";"DEL03-PR";"UOP03-DEL03-PR"
318943;2020-11-03;"terça-feira";"12:00:00";"SP";116;220,8;"GUARULHOS";"Não guardar distância de segurança";"Colisão traseira";"Com Vítimas Feridas";"Pleno dia";"Crescente";"Céu Claro";"Múltipla";"Reta";"Não";2;0;1;0;1;0;1;2;-23,46472809;-46,49793962;"SPRF-SP";"DEL01-SP";"UOP01-DEL01-SP"
318944;2020-10-22;"quinta-feira";"08:50:00";"RJ";101;81,9;"CAMPOS DOS GOYTACAZES";"Defeito Mecânico no Veículo";"Incêndio";"Sem Vítimas";"Pleno dia";"Decrescente";"Nublado";"Simples";"Reta";"Sim";1;0;0;0;1;0;0;1;-21,83221147;-41,44729712;"SPRF-RJ";"DEL08-RJ";"UOP02-DEL08-RJ"
318945;2020-11-03;"terça-feira";"12:20:00";"PE";101;24,6;"IGARASSU";"Condutor Dormindo";"Saída de leito carroçável";"Com Vítimas Feridas";"Pleno dia";"Crescente";"Céu Claro";"Dupla";"Curva";"Não";3;0;0;3;0;0;3;1;-7,69218298;-34,92211684;"SPRF-PE";"DEL01-PE";"UOP02-DEL01-PE"
318946;2020-11-03;"terça-feira";"12:30:00";"CE";116;12;"FORTALEZA";"Ingestão de Álcool";"Atropelamento de Pedestre";"Com Vítimas Feridas";"Pleno dia";"Decrescente";"Nublado";"Múltipla";"Curva";"Sim";2;0;0;1;1;0;1;2;-3,852077;-38,495525;"SPRF-CE";"DEL01-CE";"UOP02-DEL01-CE"
318947;2020-11-03;"terça-feira";"12:30:00";"GO";60;31;"ALEXANIA";"Desobediência às normas de trânsito pelo condutor";"Colisão transversal";"Sem Vítimas";"Pleno dia";"Crescente";"Sol";"Dupla";"Reta";"Sim";3;0;0;0;3;0;0;2;-16,0963;-48,5202;"SPRF-DF";"DEL03-DF";"UOP01-DEL03-DF"
318948;2020-11-03;"terça-feira";"11:15:00";"SC";280;56;"GUARAMIRIM";"Falta de Atenção à Condução";"Colisão lateral";"Com Vítimas Feridas";"Pleno dia";"Decrescente";"Céu Claro";"Simples";"Reta";"Não";2;0;0;1;1;0;1;2;-26,47947677;-49,00298702;"SPRF-SC";"DEL03-SC";"UOP03-DEL03-SC"
318950;2020-11-03;"terça-feira";"11:00:00";"RJ";116;139;"DUQUE DE CAXIAS";"Não guardar distância de segurança";"Engavetamento";"Com Vítimas Feridas";"Pleno dia";"Decrescente";"Nublado";"Dupla";"Reta";"Não";4;0;2;0;2;0;2;3;-22,64655224;-43,20138601;"SPRF-RJ";"DEL01-RJ";"UOP01-DEL01-RJ"
318953;2020-11-03;"terça-feira";"12:00:00";"PE";232;409;"SERRA TALHADA";"Desobediência às normas de trânsito pelo condutor";"Colisão transversal";"Com Vítimas Feridas";"Pleno dia";"Decrescente";"Nublado";"Múltipla";"Interseção de Vias";"Sim";2;0;1;0;1;0;1;2;-7,981944;-38,289467;"SPRF-PE";"DEL04-PE";"UOP01-DEL04-PE"
318954;2020-11-03;"terça-feira";"13:50:00";"RN";226;48;"BOM JESUS";"Falta de Atenção à Condução";"Tombamento";"Com Vítimas Feridas";"Pleno dia";"Crescente";"Céu Claro";"Simples";"Reta";"Sim";1;0;1;0;0;0;1;1;-5,98530442;-35,58427376;"SPRF-RN";"DEL03-RN";"UOP02-DEL03-RN"
318955;2020-11-03;"terça-feira";"13:45:00";"MG";381;365;"JOAO MONLEVADE";"Condutor Dormindo";"Saída de leito carroçável";"Com Vítimas Feridas";"Pleno dia";"Decrescente";"Céu Claro";"Simples";"Curva";"Não";2;0;1;0;1;0;1;1;-19,854651;-43,261071;"SPRF-MG";"DEL03-MG";"UOP01-DEL03-MG"
318956;2020-11-03;"terça-feira";"13:40:00";"AL";101;131,5;"SAO MIGUEL DOS CAMPOS";"Pista Escorregadia";"Tombamento";"Com Vítimas Feridas";"Pleno dia";"Crescente";"Céu Claro";"Simples";"Em Obras";"Sim";1;0;1;0;0;0;1;1;-9,7703999;-36,07676705;"SPRF-AL";"DEL02-AL";"UOP01-DEL02-AL"
318957;2020-11-03;"terça-feira";"13:35:00";"BA";324;605;"SIMOES FILHO";"Pista Escorregadia";"Colisão traseira";"Sem Vítimas";"Pleno dia";"Crescente";"Chuva";"Dupla";"Reta";"Não";2;0;0;0;2;0;0;2;-12,78605114;-38,40972508;"SPRF-BA";"DEL01-BA";"UOP01-DEL01-BA"
318959;2020-11-03;"terça-feira";"14:00:00";"RJ";40;123;"DUQUE DE CAXIAS";"Não guardar distância de segurança";"Colisão traseira";"Sem Vítimas";"Pleno dia";"Crescente";"Céu Claro";"Múltipla";"Reta";"Sim";2;0;0;0;2;0;0;2;-22,79907687;-43,29015739;"SPRF-RJ";"DEL01-RJ";"UOP01-DEL01-RJ"
318961;2020-11-03;"terça-feira";"14:10:00";"SP";101;29;"UBATUBA";"Falta de Atenção à Condução";"Colisão lateral";"Com Vítimas Feridas";"Pleno dia";"Crescente";"Nublado";"Simples";"Curva";"Sim";2;0;1;0;0;1;1;2;-23,37341522;-44,96219491;"SPRF-SP";"DEL06-SP";"UOP01-DEL06-SP"
318962;2020-11-03;"terça-feira";"14:47:00";"ES";101;405,7;"ITAPEMIRIM";"Falta de Atenção à Condução";"Tombamento";"Com Vítimas Feridas";"Pleno dia";"Crescente";"Céu Claro";"Simples";"Reta";"Não";1;0;0;1;0;0;1;1;-20,90045516;-41,01499799;"SPRF-ES";"DEL03-ES";"UOP02-DEL03-ES"
318963;2020-11-03;"terça-feira";"14:25:00";"RJ";116;292;"PORTO REAL";"Falta de Atenção à Condução";"Queda de ocupante de veículo";"Sem Vítimas";"Pleno dia";"Decrescente";"Céu Claro";"Dupla";"Viaduto";"Não";1;0;0;0;1;0;0;1;-22,46511993;-44,28491095;"SPRF-RJ";"DEL07-RJ";"UOP02-DEL07-RJ"
318964;2020-11-03;"terça-feira";"14:10:00";"PR";369;138;"IBIPORA";"Falta de Atenção à Condução";"Colisão transversal";"Com Vítimas Feridas";"Pleno dia";"Crescente";"Céu Claro";"Simples";"Curva;Interseção de Vias";"Sim";2;0;1;0;1;0;1;2;-23,27350953;-51,05343461;"SPRF-PR";"DEL07-PR";"UOP01-DEL07-PR"
318967;2020-11-03;"terça-feira";"13:30:00";"SC";101;33,4;"JOINVILLE";"Velocidade Incompatível";"Tombamento";"Com Vítimas Feridas";"Pleno dia";"Decrescente";"Sol";"Dupla";"Curva";"Não";1;0;1;0;0;0;1;1;-26,25596823;-48,90481889;"SPRF-SC";"DEL03-SC";"UOP01-DEL03-SC"
318968;2020-11-03;"terça-feira";"13:50:00";"SC";101;227;"PALHOCA";"Falta de Atenção à Condução";"Colisão com objeto estático";"Com Vítimas Feridas";"Pleno dia";"Crescente";"Chuva";"Dupla";"Curva";"Não";2;0;1;0;1;0;1;1;-27,7509149;-48,63460277;"SPRF-SC";"DEL01-SC";"UOP02-DEL01-SC"
318969;2020-11-03;"terça-feira";"14:00:00";"SC";101;239;"PALHOCA";"Ingestão de Álcool";"Tombamento";"Com Vítimas Feridas";"Pleno dia";"Decrescente";"Chuva";"Dupla";"Reta";"Não";1;0;1;0;0;0;1;1;-27,85046883;-48,63955216;"SPRF-SC";"DEL01-SC";"UOP02-DEL01-SC"
318970;2020-11-03;"terça-feira";"12:05:00";"MT";163;831;"SINOP";"Desobediência às normas de trânsito pelo condutor";"Colisão transversal";"Com Vítimas Feridas";"Pleno dia";"Decrescente";"Sol";"Dupla";"Rotatória";"Sim";3;0;3;0;0;0;3;2;-12,022768;-55,51723;"SPRF-MT";"DEL06-MT";"UOP01-DEL06-MT"
318974;2020-11-03;"terça-feira";"13:30:00";"MT";163;926;"ITAUBA";"Falta de Atenção à Condução";"Saída de leito carroçável";"Com Vítimas Feridas";"Pleno dia";"Crescente";"Céu Claro";"Simples";"Aclive;Reta";"Não";1;0;1;0;0;0;1;1;-11,207524;-55,30540603;"SPRF-MT";"DEL06-MT";"NPF/DEL06-MT"
318975;2020-11-03;"terça-feira";"15:00:00";"BA";116;827;"VITORIA DA CONQUISTA";"Desobediência às normas de trânsito pelo condutor";"Colisão lateral";"Com Vítimas Feridas";"Pleno dia";"Decrescente";"Chuva";"Simples";"Reta";"Sim";2;0;0;1;0;1;1;2;-14,82538058;-40,82217022;"SPRF-BA";"DEL08-BA";"UOP01-DEL08-BA"
318976;2020-11-03;"terça-feira";"15:15:00";"GO";60;84;"ANAPOLIS";"Falta de Atenção à Condução";"Saída de leito carroçável";"Com Vítimas Feridas";"Pleno dia";"Decrescente";"Nublado";"Dupla";"Aclive;Reta";"Não";2;0;1;1;0;0;2;1;-16,3162;-48,8552;"SPRF-GO";"DEL02-GO";"UOP01-DEL02-GO"
318978;2020-11-03;"terça-feira";"15:00:00";"RJ";493;21;"MAGE";"Falta de Atenção à Condução";"Colisão transversal";"Com Vítimas Feridas";"Pleno dia";"Decrescente";"Nublado";"Simples";"Reta";"Sim";2;0;1;0;1;0;1;2;-22,66151289;-43,04480692;"SPRF-RJ";"DEL04-RJ";"UOP02-DEL04-RJ"
318981;2020-11-03;"terça-feira";"09:30:00";"MS";359;105;"ALCINOPOLIS";"Falta de Atenção à Condução";"Saída de leito carroçável";"Com Vítimas Feridas";"Pleno dia";"Decrescente";"Céu Claro";"Simples";"Rotatória";"Não";2;0;0;2;0;0;2;1;-18,33131267;-53,71647286;"SPRF-MS";"DEL06-MS";"UOP01-DEL06-MS"
318982;2020-11-03;"terça-feira";"16:00:00";"MG";40;711,9;"BARBACENA";"Velocidade Incompatível";"Saída de leito carroçável";"Com Vítimas Feridas";"Pleno dia";"Decrescente";"Chuva";"Dupla";"Curva";"Não";1;0;1;0;0;0;1;1;-21,23767004;-43,706954;"SPRF-MG";"DEL05-MG";"UOP02-DEL05-MG"
318983;2020-11-03;"terça-feira";"16:30:00";"ES";262;46;"MARECHAL FLORIANO";"Falta de Atenção à Condução";"Colisão transversal";"Com Vítimas Feridas";"Pleno dia";"Crescente";"Céu Claro";"Simples";"Reta";"Sim";2;0;1;0;1;0;1;2;-20,40565705;-40,67280081;"SPRF-ES";"DEL01-ES";"UOP01-DEL01-ES"
318985;2020-11-03;"terça-feira";"15:20:00";"RR";174;503;"BOA VISTA";"Falta de Atenção à Condução";"Colisão traseira";"Sem Vítimas";"Pleno dia";"Decrescente";"Céu Claro";"Dupla";"Reta";"Sim";3;0;0;0;3;0;0;2;2,794901;-60,698441;"SPRF-RR";"DEL01-RR";"UOP01-DEL01-RR"
318986;2020-11-03;"terça-feira";"15:30:00";"PR";277;105,8;"CAMPO LARGO";"Falta de Atenção à Condução";"Colisão traseira";"Com Vítimas Feridas";"Pleno dia";"Decrescente";"Nublado";"Dupla";"Declive;Reta";"Não";5;0;1;0;4;0;1;2;-25,43152218;-49,42051649;"SPRF-PR";"DEL01-PR";"UOP01-DEL01-PR"
318989;2020-11-03;"terça-feira";"16:45:00";"RS";386;385,4;"TABAI";"Desobediência às normas de trânsito pelo condutor";"Colisão transversal";"Com Vítimas Feridas";"Pleno dia";"Decrescente";"Sol";"Simples";"Interseção de Vias";"Sim";2;0;0;2;0;0;2;2;-29,68715798;-51,71994209;"SPRF-RS";"DEL04-RS";"UOP02-DEL04-RS"
318990;2020-11-03;"terça-feira";"16:20:00";"GO";60;237;"INDIARA";"Falta de Atenção à Condução";"Colisão traseira";"Com Vítimas Feridas";"Pleno dia";"Crescente";"Céu Claro";"Dupla";"Reta";"Não";3;0;1;0;1;1;1;3;-17,087;-49,8474;"SPRF-GO";"DEL01-GO";"UOP02-DEL01-GO"
318993;2020-11-03;"terça-feira";"14:50:00";"ES";101;270,8;"SERRA";"Falta de Atenção à Condução";"Atropelamento de Pedestre";"Com Vítimas Feridas";"Pleno dia";"Crescente";"Nublado";"Múltipla";"Reta";"Sim";2;0;1;0;1;0;1;2;-20,22662056;-40,27075088;"SPRF-ES";"DEL02-ES";"UOP01-DEL02-ES"
318997;2020-11-03;"terça-feira";"15:13:00";"SC";282;37,3;"AGUAS MORNAS";"Velocidade Incompatível";"Saída de leito carroçável";"Com Vítimas Feridas";"Pleno dia";"Crescente";"Chuva";"Simples";"Curva";"Não";4;0;3;1;0;0;4;1;-27,707325;-48,842983;"SPRF-SC";"DEL01-SC";"UOP03-DEL01-SC"
318998;2020-11-03;"terça-feira";"17:15:00";"MG";381;513,6;"IGARAPE";"Não guardar distância de segurança";"Colisão traseira";"Com Vítimas Feridas";"Pleno dia";"Decrescente";"Nublado";"Dupla";"Reta";"Sim";2;0;1;0;1;0;1;2;-20,099993;-44,318903;"SPRF-MG";"DEL01-MG";"UOP03-DEL01-MG"
319004;2020-11-03;"terça-feira";"17:20:00";"PR";376;364,2;"ORTIGUEIRA";"Falta de Atenção à Condução";"Colisão transversal";"Com Vítimas Feridas";"Pleno dia";"Crescente";"Céu Claro";"Simples";"Reta";"Não";7;0;3;1;3;0;4;2;-24,33855503;-50,83188503;"SPRF-PR";"DEL07-PR";"UOP03-DEL07-PR"
319005;2020-11-03;"terça-feira";"17:25:00";"RN";304;297;"MACAIBA";"Desobediência às normas de trânsito pelo condutor";"Colisão lateral";"Com Vítimas Feridas";"Pleno dia";"Decrescente";"Céu Claro";"Dupla";"Curva";"Sim";2;0;1;0;1;0;1;2;-5,86534101;-35,340694;"SPRF-RN";"DEL01-RN";"UOP02-DEL01-RN"
319007;2020-11-03;"terça-feira";"17:40:00";"RJ";101;303;"SAO GONCALO";"Falta de Atenção à Condução";"Colisão lateral";"Com Vítimas Feridas";"Anoitecer";"Decrescente";"Céu Claro";"Dupla";"Ponte";"Sim";2;0;1;0;1;0;1;2;-22,7828205;-42,9766681;"SPRF-RJ";"DEL02-RJ";"UOP02-DEL02-RJ"
319008;2020-11-03;"terça-feira";"17:20:00";"PB";230;16,3;"JOAO PESSOA";"Não guardar distância de segurança";"Colisão lateral";"Com Vítimas Feridas";"Pleno dia";"Crescente";"Sol";"Dupla";"Reta;Declive";"Sim";3;0;1;0;1;1;1;2;-7,10914949;-34,84339178;"SPRF-PB";"DEL01-PB";"UOP01-DEL01-PB"
319010;2020-11-03;"terça-feira";"17:10:00";"PE";101;82;"JABOATAO DOS GUARARAPES";"Falta de Atenção do Pedestre";"Atropelamento de Pedestre";"Com Vítimas Feridas";"Anoitecer";"Crescente";"Céu Claro";"Múltipla";"Reta";"Sim";2;0;0;1;1;0;1;2;-8,168383;-34,9376;"SPRF-PE";"DEL01-PE";"UOP03-DEL01-PE"
319011;2020-11-03;"terça-feira";"18:00:00";"RS";468;104,5;"TRES PASSOS";"Avarias e/ou desgaste excessivo no pneu";"Saída de leito carroçável";"Com Vítimas Feridas";"Anoitecer";"Decrescente";"Céu Claro";"Simples";"Reta";"Sim";2;0;2;0;0;0;2;1;-27,45233977;-53,94666764;"SPRF-RS";"DEL08-RS";"UOP02-DEL08-RS"
319014;2020-10-22;"quinta-feira";"08:10:00";"MS";463;0,8;"DOURADOS";"Não guardar distância de segurança";"Colisão traseira";"Com Vítimas Feridas";"Pleno dia";"Crescente";"Sol";"Simples";"Reta";"Sim";2;0;1;0;1;0;1;2;-22,25897406;-54,81135964;"SPRF-MS";"DEL04-MS";"UOP01-DEL04-MS"
319015;2020-11-03;"terça-feira";"18:15:00";"RS";386;356;"ESTRELA";"Desobediência às normas de trânsito pelo condutor";"Colisão lateral";"Com Vítimas Feridas";"Pleno dia";"Decrescente";"Céu Claro";"Dupla";"Curva";"Não";2;0;1;0;1;0;1;2;-29,522612;-51,935017;"SPRF-RS";"DEL04-RS";"UOP02-DEL04-RS"
319016;2020-11-03;"terça-feira";"17:40:00";"RJ";116;96;"GUAPIMIRIM";"Ultrapassagem Indevida";"Colisão lateral";"Com Vítimas Feridas";"Anoitecer";"Crescente";"Garoa/Chuvisco";"Simples";"Reta";"Não";3;0;2;0;0;1;2;2;-22,48025217;-42,99744482;"SPRF-RJ";"DEL04-RJ";"UOP02-DEL04-RJ"
319017;2020-11-03;"terça-feira";"18:45:00";"PR";153;328;"IRATI";"Restrição de Visibilidade";"Atropelamento de Pedestre";"Com Vítimas Fatais";"Plena Noite";"Crescente";"Chuva";"Simples";"Reta";"Não";2;1;0;0;0;1;0;2;-25,44433812;-50,6146315;"SPRF-PR";"DEL03-PR";"UOP03-DEL03-PR"
319020;2020-11-03;"terça-feira";"18:30:00";"SE";101;87;"NOSSA SENHORA DO SOCORRO";"Falta de Atenção à Condução";"Colisão traseira";"Com Vítimas Feridas";"Plena Noite";"Crescente";"Céu Claro";"Dupla";"Reta";"Sim";3;0;3;0;0;0;3;2;-10,87745539;-37,13413239;"SPRF-SE";"DEL01-SE";"UOP01-DEL01-SE"
319023;2020-11-03;"terça-feira";"18:20:00";"AL";423;87,9;"DELMIRO GOUVEIA";"Animais na Pista";"Colisão traseira";"Com Vítimas Feridas";"Plena Noite";"Decrescente";"Céu Claro";"Simples";"Reta";"Não";3;0;0;1;2;0;1;2;-9,35203312;-38,04570696;"SPRF-BA";"DEL07-BA";"UOP01-DEL07-BA"
319025;2020-11-03;"terça-feira";"14:00:00";"RS";471;165,9;"RIO PARDO";"Defeito Mecânico no Veículo";"Saída de leito carroçável";"Com Vítimas Feridas";"Pleno dia";"Crescente";"Céu Claro";"Simples";"Reta;Aclive";"Não";1;0;1;0;0;0;1;1;-29,91532715;-52,39182472;"SPRF-RS";"DEL02-RS";"UOP03-DEL02-RS"
319027;2020-11-03;"terça-feira";"18:50:00";"RJ";116;238;"PIRAI";"Carga excessiva e/ou mal acondicionada";"Colisão com objeto em movimento";"Com Vítimas Feridas";"Pleno dia";"Decrescente";"Chuva";"Múltipla";"Reta";"Não";2;0;1;0;1;0;1;2;-22,62573667;-43,9151001;"SPRF-RJ";"DEL07-RJ";"UOP01-DEL07-RJ"
319028;2020-11-03;"terça-feira";"18:30:00";"PR";116;109;"CURITIBA";"Falta de Atenção à Condução";"Colisão traseira";"Sem Vítimas";"Plena Noite";"Decrescente";"Chuva";"Dupla";"Reta";"Não";2;0;0;0;2;0;0;2;-25,57140489;-49,20748999;"SPRF-PR";"DEL01-PR";"UOP01-DEL01-PR"
319029;2020-11-03;"terça-feira";"18:15:00";"PR";277;671,7;"MEDIANEIRA";"Falta de Atenção à Condução";"Colisão traseira";"Com Vítimas Feridas";"Anoitecer";"Crescente";"Céu Claro";"Dupla";"Reta";"Sim";2;0;1;0;1;0;1;2;-25,28490106;-54,08744898;"SPRF-PR";"DEL05-PR";"UOP02-DEL05-PR"
319030;2020-11-03;"terça-feira";"19:35:00";"RS";287;250;"SANTA MARIA";"Desobediência às normas de trânsito pelo condutor";"Colisão transversal";"Com Vítimas Feridas";"Plena Noite";"Crescente";"Céu Claro";"Dupla";"Reta";"Sim";4;0;1;0;3;0;1;2;-29,69002868;-53,87335896;"SPRF-RS";"DEL09-RS";"UOP01-DEL09-RS"
319033;2020-11-03;"terça-feira";"19:00:00";"CE";222;3,4;"CAUCAIA";"Desobediência às normas de trânsito pelo condutor";"Colisão lateral";"Com Vítimas Feridas";"Plena Noite";"Crescente";"Céu Claro";"Dupla";"Reta";"Sim";2;0;2;0;0;0;2;2;-3,7403769;-38,59569202;"SPRF-CE";"DEL01-CE";"UOP01-DEL01-CE"
319038;2020-11-03;"terça-feira";"19:20:00";"MG";50;7;"UBERLANDIA";"Defeito na Via";"Tombamento";"Com Vítimas Feridas";"Plena Noite";"Decrescente";"Céu Claro";"Dupla";"Declive";"Não";1;0;0;1;0;0;1;1;-18,85463526;-48,22380066;"SPRF-MG";"DEL15-MG";"UOP02-DEL15-MG"
319040;2020-11-03;"terça-feira";"20:50:00";"RJ";116;178;"NOVA IGUACU";"Falta de Atenção à Condução";"Colisão traseira";"Com Vítimas Feridas";"Plena Noite";"Crescente";"Chuva";"Dupla";"Reta";"Sim";4;0;1;0;3;0;1;3;-22,77496393;-43,40081465;"SPRF-RJ";"DEL01-RJ";"UOP02-DEL01-RJ"
319042;2020-11-03;"terça-feira";"21:15:00";"BA";324;617;"SALVADOR";"Falta de Atenção do Pedestre";"Atropelamento de Pedestre";"Com Vítimas Feridas";"Plena Noite";"Decrescente";"Céu Claro";"Múltipla";"Interseção de Vias;Reta";"Sim";2;0;1;0;1;0;1;2;-12,89537663;-38,447932;"SPRF-BA";"DEL01-BA";"UOP01-DEL01-BA"
319043;2020-11-03;"terça-feira";"19:40:00";"MG";262;113,5;"RIO CASCA";"Defeito Mecânico no Veículo";"Incêndio";"Sem Vítimas";"Plena Noite";"Decrescente";"Céu Claro";"Simples";"Reta";"Não";2;0;0;0;2;0;0;1;-20,25079502;-42,60286704;"SPRF-MG";"DEL03-MG";"UOP03-DEL03-MG"
319045;2020-11-03;"terça-feira";"22:00:00";"RS";472;115,1;"BOA VISTA DO BURICA";"Desobediência às normas de trânsito pelo condutor";"Colisão transversal";"Com Vítimas Feridas";"Plena Noite";"Decrescente";"Céu Claro";"Simples";"Curva";"Sim";5;0;2;1;2;0;3;2;-27,676343;-54,114999;"SPRF-RS";"DEL10-RS";"UOP01-DEL10-RS"