"id";"data_inversa";"dia_semana";"horario";"uf";"br";"km";"municipio";"causa_acidente";"tipo_acidente";"classificacao_acidente";"fase_dia";"sentido_via";"condicao_metereologica";"tipo_pista";"tracado_via";"uso_solo";"pessoas";"mortos";"feridos_leves";"feridos_graves";"ilesos";"ignorados";"feridos";"veiculos";"latitude";"longitude";"regional";"delegacia";"uop"
319046;2020-11-03;"terça-feira";"18:10:00";"SP";116;55;"LORENA";"Defeito Mecânico no Veículo";"Tombamento";"Com Vítimas Feridas";"Pleno dia";"Decrescente";"Chuva";"Dupla";"Reta";"Não";1;0;1;0;0;0;1;1;-22,76356421;-45,12272385;"SPRF-SP";"DEL08-SP";"UOP01-DEL08-SP"
319047;2020-11-03;"terça-feira";"20:50:00";"SP";116;421,6;"JUQUIA";"Falta de Atenção do Pedestre";"Atropelamento de Pedestre";"Com Vítimas Feridas";"Plena Noite";"Decrescente";"Céu Claro";"Dupla";"Reta";"Não";2;0;0;1;1;0;1;2;-24,35801488;-47,68588212;"SPRF-SP";"DEL05-SP";"UOP01-DEL05-SP"
319049;2020-11-03;"terça-feira";"19:15:00";"PR";476;241,3;"LAPA";"Pista Escorregadia";"Colisão frontal";"Com Vítimas Feridas";"Anoitecer";"Crescente";"Garoa/Chuvisco";"Simples";"Curva";"Não";2;0;0;2;0;0;2;2;-25,85941665;-50,07620931;"SPRF-PR";"DEL02-PR";"UOP04-DEL02-PR"
319051;2020-11-03;"terça-feira";"17:00:00";"RN";101;80,9;"SAO GONCALO DO AMARANTE";"Falta de Atenção do Pedestre";"Atropelamento de Pedestre";"Com Vítimas Feridas";"Pleno dia";"Crescente";"Céu Claro";"Dupla";"Reta";"Sim";2;0;1;0;1;0;1;2;-5,75852229;-35,28806121;"SPRF-RN";"DEL02-RN";"UOP01-DEL02-RN"
319054;2020-11-03;"terça-feira";"20:50:00";"MT";364;184;"PEDRA PRETA";"Objeto estático sobre o leito carroçável";"Queda de ocupante de veículo";"Com Vítimas Feridas";"Plena Noite";"Crescente";"Céu Claro";"Simples";"Reta";"Não";1;0;1;0;0;0;1;1;-16,58295105;-54,52328803;"SPRF-MT";"DEL02-MT";"UOP01-DEL02-MT"
319057;2020-11-03;"terça-feira";"17:15:00";"MG";116;527,6;"CARATINGA";"Desobediência às normas de trânsito pelo condutor";"Colisão transversal";"Com Vítimas Feridas";"Anoitecer";"Crescente";"Céu Claro";"Dupla";"Reta";"Sim";2;0;0;1;1;0;1;2;-19,78510701;-42,13445297;"SPRF-MG";"DEL06-MG";"UOP02-DEL06-MG"
319058;2020-11-03;"terça-feira";"23:15:00";"MS";376;171,1;"NOVA ANDRADINA";"Ingestão de Álcool";"Colisão frontal";"Com Vítimas Feridas";"Plena Noite";"Crescente";"Céu Claro";"Simples";"Reta";"Não";2;0;0;1;1;0;1;2;-22,30110569;-53,39167844;"SPRF-MS";"DEL04-MS";"UOP04-DEL04-MS"
319059;2020-11-03;"terça-feira";"22:00:00";"PI";135;368;"BOM JESUS";"Falta de Atenção à Condução";"Saída de leito carroçável";"Com Vítimas Feridas";"Plena Noite";"Decrescente";"Chuva";"Simples";"Reta";"Não";5;0;3;0;2;0;3;1;-9,18719426;-44,43224668;"SPRF-PI";"DEL03-PI";"UOP02-DEL03-PI"
319063;2020-11-03;"terça-feira";"21:40:00";"MA";402;156,7;"BARREIRINHAS";"Falta de Atenção do Pedestre";"Atropelamento de Pedestre";"Com Vítimas Fatais";"Plena Noite";"Decrescente";"Céu Claro";"Simples";"Curva";"Não";2;1;0;0;1;0;0;2;-2,831426;-43,110363;"SPRF-MA";"DEL01-MA";"UOP01-DEL01-MA"
319064;2020-11-04;"quarta-feira";"01:29:00";"ES";101;266,2;"SERRA";"Desobediência às normas de trânsito pelo condutor";"Colisão transversal";"Sem Vítimas";"Plena Noite";"Crescente";"Céu Claro";"Dupla";"Interseção de Vias";"Sim";2;0;0;0;2;0;0;2;-20,190199;-40,26828891;"SPRF-ES";"DEL02-ES";"UOP01-DEL02-ES"
319065;2020-11-04;"quarta-feira";"03:30:00";"RS";290;19;"SANTO ANTONIO DA PATRULHA";"Condutor Dormindo";"Saída de leito carroçável";"Com Vítimas Feridas";"Plena Noite";"Decrescente";"Céu Claro";"Dupla";"Reta";"Não";4;0;1;0;3;0;1;1;-29,884407;-50,444893;"SPRF-RS";"DEL03-RS";"UOP01-DEL03-RS"
319069;2020-11-04;"quarta-feira";"05:00:00";"PI";316;296,2;"PICOS";"Defeito na Via";"Colisão frontal";"Com Vítimas Feridas";"Amanhecer";"Decrescente";"Chuva";"Simples";"Reta";"Não";7;0;1;3;3;0;4;2;-7,02198451;-41,57160105;"SPRF-PI";"DEL04-PI";"UOP01-DEL04-PI"
319070;2020-11-04;"quarta-feira";"04:20:00";"RR";174;502;"BOA VISTA";"Ingestão de Álcool";"Colisão com objeto estático";"Com Vítimas Feridas";"Amanhecer";"Decrescente";"Céu Claro";"Dupla";"Reta";"Sim";1;0;0;1;0;0;1;1;2,787376;-60,699524;"SPRF-RR";"DEL01-RR";"UOP01-DEL01-RR"
319071;2020-11-03;"terça-feira";"15:10:00";"SC";282;499,9;"XANXERE";"Velocidade Incompatível";"Colisão traseira";"Com Vítimas Feridas";"Pleno dia";"Crescente";"Sol";"Dupla";"Reta";"Não";3;0;1;0;2;0;1;2;-26,880869;-52,363121;"SPRF-SC";"DEL07-SC";"UOP01-DEL07-SC"
319072;2020-11-04;"quarta-feira";"05:50:00";"MG";381;933;"EXTREMA";"Velocidade Incompatível";"Saída de leito carroçável";"Sem Vítimas";"Amanhecer";"Decrescente";"Nevoeiro/Neblina";"Dupla";"Declive;Reta";"Sim";1;0;0;0;1;0;0;1;-22,81492017;-46,2920647;"SPRF-MG";"DEL16-MG";"UOP03-DEL16-MG"
319073;2020-11-04;"quarta-feira";"06:15:00";"SP";153;72;"SAO JOSE DO RIO PRETO";"Velocidade Incompatível";"Tombamento";"Com Vítimas Feridas";"Pleno dia";"Decrescente";"Céu Claro";"Simples";"Rotatória";"Sim";2;0;2;0;0;0;2;1;-20,86715501;-49,41334398;"SPRF-SP";"DEL09-SP";"UOP01-DEL09-SP"
319075;2020-11-04;"quarta-feira";"06:40:00";"CE";116;21;"EUSEBIO";"Desobediência às normas de trânsito pelo condutor";"Queda de ocupante de veículo";"Com Vítimas Feridas";"Pleno dia";"Crescente";"Céu Claro";"Dupla";"Reta";"Não";2;0;2;0;0;0;2;1;-3,93175901;-38,50825087;"SPRF-CE";"DEL01-CE";"UOP02-DEL01-CE"
319076;2020-11-04;"quarta-feira";"06:45:00";"SP";116;219,5;"GUARULHOS";"Falta de Atenção à Condução";"Colisão lateral";"Com Vítimas Feridas";"Pleno dia";"Crescente";"Nublado";"Múltipla";"Reta";"Sim";2;0;1;0;1;0;1;2;-23,46143954;-46,48885316;"SPRF-SP";"DEL01-SP";"UOP01-DEL01-SP"
319077;2020-11-04;"quarta-feira";"07:00:00";"PR";163;283;"MARECHAL CANDIDO RONDON";"Defeito Mecânico no Veículo";"Queda de ocupante de veículo";"Com Vítimas Feridas";"Pleno dia";"Decrescente";"Céu Claro";"Simples";"Reta";"Sim";1;0;1;0;0;0;1;1;-24,59506566;-53,98447216;"SPRF-PR";"DEL06-PR";"UOP02-DEL06-PR"
319078;2020-11-04;"quarta-feira";"07:05:00";"GO";153;101;"ANAPOLIS";"Falta de Atenção à Condução";"Colisão transversal";"Com Vítimas Feridas";"Pleno dia";"Decrescente";"Céu Claro";"Dupla";"Interseção de Vias";"Sim";2;0;0;1;1;0;1;2;-16,4033584;-48,9774178;"SPRF-GO";"DEL07-GO";"UOP01-DEL07-GO"
319080;2020-11-04;"quarta-feira";"02:50:00";"MG";381;485;"BETIM";"Falta de Atenção à Condução";"Queda de ocupante de veículo";"Com Vítimas Feridas";"Plena Noite";"Decrescente";"Chuva";"Dupla";"Reta";"Não";1;0;1;0;0;0;1;1;-19,95659361;-44,12622893;"SPRF-MG";"DEL01-MG";"UOP03-DEL01-MG"
319082;2020-11-04;"quarta-feira";"07:10:00";"BA";324;615;"SALVADOR";"Desobediência às normas de trânsito pelo condutor";"Colisão traseira";"Com Vítimas Feridas";"Pleno dia";"Decrescente";"Nublado";"Dupla";"Reta";"Sim";2;0;1;0;1;0;1;2;-12,87206398;-38,42746403;"SPRF-BA";"DEL01-BA";"UOP01-DEL01-BA"
319083;2020-11-04;"quarta-feira";"07:30:00";"SP";116;284;"ITAPECERICA DA SERRA";"Falta de Atenção à Condução";"Tombamento";"Com Vítimas Feridas";"Pleno dia";"Decrescente";"Céu Claro";"Dupla";"Reta";"Sim";2;0;0;1;0;1;1;2;-23,69998;-46,867767;"SPRF-SP";"DEL04-SP";"UOP01-DEL04-SP"
319084;2020-11-04;"quarta-feira";"07:20:00";"CE";116;6;"FORTALEZA";"Falta de Atenção do Pedestre";"Colisão transversal";"Com Vítimas Feridas";"Pleno dia";"Decrescente";"Nublado";"Múltipla";"Curva";"Sim";3;0;3;0;0;0;3;2;-3,80985289;-38,50059986;"SPRF-CE";"DEL01-CE";"UOP02-DEL01-CE"
319086;2020-11-04;"quarta-feira";"07:40:00";"PR";163;283;"MARECHAL CANDIDO RONDON";"Não guardar distância de segurança";"Colisão traseira";"Com Vítimas Feridas";"Pleno dia";"Crescente";"Céu Claro";"Simples";"Reta";"Sim";2;0;0;1;1;0;1;2;-24,57864514;-53,99236214;"SPRF-PR";"DEL06-PR";"UOP02-DEL06-PR"
319087;2020-11-04;"quarta-feira";"07:45:00";"SE";101;92;"NOSSA SENHORA DO SOCORRO";"Falta de Atenção à Condução";"Colisão lateral";"Com Vítimas Feridas";"Pleno dia";"Crescente";"Céu Claro";"Dupla";"Reta";"Sim";4;0;0;3;0;1;3;3;-10,90169474;-37,13619222;"SPRF-SE";"DEL01-SE";"UOP01-DEL01-SE"
319088;2020-11-04;"quarta-feira";"08:05:00";"MG";50;68,4;"UBERLANDIA";"Falta de Atenção do Pedestre";"Atropelamento de Pedestre";"Com Vítimas Fatais";"Pleno dia";"Decrescente";"Sol";"Dupla";"Reta";"Não";2;1;0;0;1;0;0;2;-18,85140204;-48,25345932;"SPRF-MG";"DEL15-MG";"UOP02-DEL15-MG"
319089;2020-11-04;"quarta-feira";"08:40:00";"BA";116;428,1;"FEIRA DE SANTANA";"Animais na Pista";"Atropelamento de Animal";"Com Vítimas Feridas";"Pleno dia";"Crescente";"Sol";"Dupla";"Reta";"Não";1;0;1;0;0;0;1;1;-12,27752523;-38,99628067;"SPRF-BA";"DEL02-BA";"UOP01-DEL02-BA"
319092;2020-11-01;"domingo";"00:30:00";"SC";101;358;"SANGAO";"Falta de Atenção à Condução";"Saída de leito carroçável";"Sem Vítimas";"Plena Noite";"Crescente";"Garoa/Chuvisco";"Dupla";"Reta";"Sim";1;0;0;0;0;1;0;1;-28,642765;-49,100403;"SPRF-SC";"DEL02-SC";"UOP01-DEL02-SC"
319095;2020-11-04;"quarta-feira";"09:15:00";"PR";369;144;"LONDRINA";"Agressão Externa";"Colisão traseira";"Sem Vítimas";"Pleno dia";"Crescente";"Céu Claro";"Dupla";"Reta";"Não";2;0;0;0;2;0;0;2;-23,292541;-51,104803;"SPRF-PR";"DEL07-PR";"UOP01-DEL07-PR"
319096;2020-11-04;"quarta-feira";"10:00:00";"GO";153;303,9;"RIALMA";"Desobediência às normas de trânsito pelo condutor";"Colisão transversal";"Com Vítimas Feridas";"Pleno dia";"Decrescente";"Sol";"Simples";"Interseção de Vias";"Sim";4;0;1;0;3;0;1;2;-15,302937;-49,570522;"SPRF-GO";"DEL02-GO";"UOP02-DEL02-GO"
319097;2020-10-07;"quarta-feira";"16:35:00";"GO";452;133;"BOM JESUS DE GOIAS";"Falta de Atenção à Condução";"Colisão traseira";"Com Vítimas Feridas";"Pleno dia";"Crescente";"Céu Claro";"Simples";"Reta";"Sim";3;0;1;0;1;1;1;3;-18,23703512;-49,71736106;"SPRF-GO";"DEL03-GO";"UOP02-DEL03-GO"
319101;2020-11-04;"quarta-feira";"10:00:00";"SC";101;206;"SAO JOSE";"Objeto estático sobre o leito carroçável";"Queda de ocupante de veículo";"Com Vítimas Feridas";"Pleno dia";"Decrescente";"Céu Claro";"Dupla";"Reta";"Sim";1;0;1;0;0;0;1;1;-27,59193546;-48,61824557;"SPRF-SC";"DEL01-SC";"UOP01-DEL01-SC"
319102;2020-11-04;"quarta-feira";"09:10:00";"MG";381;797,7;"SAO GONCALO DO SAPUCAI";"Falta de Atenção à Condução";"Saída de leito carroçável";"Com Vítimas Feridas";"Pleno dia";"Decrescente";"Sol";"Dupla";"Reta";"Não";1;0;1;0;0;0;1;1;-21,95493798;-45,62329389;"SPRF-MG";"DEL16-MG";"UOP02-DEL16-MG"
319105;2020-11-04;"quarta-feira";"10:50:00";"SE";235;51,9;"ITABAIANA";"Desobediência às normas de trânsito pelo condutor";"Colisão transversal";"Com Vítimas Feridas";"Pleno dia";"Crescente";"Céu Claro";"Simples";"Reta";"Sim";2;0;1;0;1;0;1;2;-10,700226;-37,431423;"SPRF-SE";"DEL01-SE";"UOP02-DEL01-SE"
319106;2020-11-04;"quarta-feira";"11:00:00";"PB";412;74,9;"SERRA BRANCA";"Falta de Atenção à Condução";"Colisão transversal";"Com Vítimas Feridas";"Pleno dia";"Decrescente";"Sol";"Simples";"Reta";"Sim";2;0;0;1;1;0;1;2;-7,489012;-36,650635;"SPRF-PB";"DEL02-PB";"UOP02-DEL02-PB"
319109;2020-11-04;"quarta-feira";"12:45:00";"MG";116;137,5;"PONTO DOS VOLANTES";"Não guardar distância de segurança";"Colisão traseira";"Com Vítimas Feridas";"Pleno dia";"Crescente";"Nublado";"Simples";"Reta";"Não";2;0;0;1;1;0;1;2;-16,74953496;-41,50421089;"SPRF-MG";"DEL11-MG";"UOP02-DEL11-MG"
319110;2020-11-04;"quarta-feira";"12:00:00";"PR";277;210;"TEIXEIRA SOARES";"Falta de Atenção à Condução";"Colisão transversal";"Sem Vítimas";"Pleno dia";"Crescente";"Céu Claro";"Simples";"Reta";"Não";2;0;0;0;1;1;0;2;-25,464996;-50,356869;"SPRF-PR";"DEL03-PR";"UOP03-DEL03-PR"
319112;2020-11-04;"quarta-feira";"13:20:00";"PR";476;123;"CURITIBA";"Falta de Atenção à Condução";"Colisão lateral";"Com Vítimas Feridas";"Pleno dia";"Crescente";"Nublado";"Dupla";"Reta";"Sim";4;0;1;0;1;2;1;3;-25,392904;-49,209557;"SPRF-PR";"DEL01-PR";"UOP03-DEL01-PR"
319113;2020-11-04;"quarta-feira";"13:00:00";"SC";163;84,7;"GUARACIABA";"Ingestão de Álcool";"Colisão traseira";"Sem Vítimas";"Pleno dia";"Crescente";"Céu Claro";"Simples";"Curva";"Sim";3;0;0;0;3;0;0;2;-26,61594101;-53,51942819;"SPRF-SC";"DEL07-SC";"UOP03-DEL07-SC"
319116;2020-11-04;"quarta-feira";"10:30:00";"SC";101;128;"CAMBORIU";"Avarias e/ou desgaste excessivo no pneu";"Tombamento";"Com Vítimas Feridas";"Pleno dia";"Decrescente";"Sol";"Dupla";"Reta";"Não";1;0;1;0;0;0;1;1;-26,97284292;-48,68299451;"SPRF-SC";"DEL04-SC";"UOP03-DEL04-SC"
319117;2020-11-04;"quarta-feira";"13:40:00";"RS";116;239;"NOVO HAMBURGO";"Falta de Atenção à Condução";"Colisão lateral";"Com Vítimas Feridas";"Pleno dia";"Decrescente";"Céu Claro";"Simples";"Reta";"Sim";2;0;1;0;1;0;1;2;-29,6961491;-51,14455767;"SPRF-RS";"DEL01-RS";"UOP02-DEL01-RS"
319118;2020-11-04;"quarta-feira";"13:30:00";"PB";104;119;"CAMPINA GRANDE";"Falta de Atenção à Condução";"Colisão traseira";"Sem Vítimas";"Pleno dia";"Crescente";"Céu Claro";"Simples";"Reta";"Não";2;0;0;0;2;0;0;2;-7,20325615;-35,8752172;"SPRF-PB";"DEL02-PB";"UOP04-DEL02-PB"
319119;2020-11-04;"quarta-feira";"12:05:00";"RO";174;14;"VILHENA";"Falta de Atenção à Condução";"Colisão transversal";"Com Vítimas Feridas";"Pleno dia";"Crescente";"Céu Claro";"Dupla";"Interseção de Vias";"Sim";2;0;1;0;1;0;1;2;-12,73306632;-60,12981255;"SPRF-RO";"DEL04-RO";"UOP01-DEL04-RO"
319120;2020-11-04;"quarta-feira";"14:35:00";"PE";101;42,8;"IGARASSU";"Falta de Atenção à Condução";"Colisão traseira";"Com Vítimas Feridas";"Pleno dia";"Decrescente";"Céu Claro";"Múltipla";"Reta";"Sim";2;0;1;0;1;0;1;2;-7,83887431;-34,91196739;"SPRF-PE";"DEL01-PE";"UOP02-DEL01-PE"
319122;2020-11-04;"quarta-feira";"15:25:00";"MT";158;554,7;"AGUA BOA";"Falta de Atenção à Condução";"Saída de leito carroçável";"Com Vítimas Feridas";"Pleno dia";"Decrescente";"Céu Claro";"Simples";"Reta";"Não";2;0;2;0;0;0;2;1;-13,94446602;-52,10520498;"SPRF-MT";"DEL07-MT";"UOP02-DEL07-MT"
319123;2020-11-04;"quarta-feira";"12:15:00";"SC";116;106,4;"MONTE CASTELO";"Falta de Atenção à Condução";"Saída de leito carroçável";"Com Vítimas Feridas";"Pleno dia";"Crescente";"Nublado";"Simples";"Curva";"Não";1;0;1;0;0;0;1;1;-26,75604307;-50,31916109;"SPRF-SC";"DEL06-SC";"UOP02-DEL06-SC"
319125;2020-11-04;"quarta-feira";"14:25:00";"RJ";40;105;"DUQUE DE CAXIAS";"Desobediência às normas de trânsito pelo condutor";"Tombamento";"Com Vítimas Feridas";"Pleno dia";"Decrescente";"Nublado";"Múltipla";"Reta";"Sim";2;0;1;0;1;0;1;2;-22,63784806;-43,28428824;"SPRF-RJ";"DEL01-RJ";"UOP01-DEL01-RJ"
319126;2020-10-24;"sábado";"19:05:00";"PR";277;304;"PRUDENTOPOLIS";"Fenômenos da Natureza";"Saída de leito carroçável";"Com Vítimas Feridas";"Anoitecer";"Decrescente";"Chuva";"Simples";"Curva";"Não";3;0;2;0;1;0;2;1;-25,31285349;-51,18501842;"SPRF-PR";"DEL08-PR";"UOP01-DEL08-PR"
319127;2020-11-04;"quarta-feira";"15:00:00";"SP";116;284,7;"ITAPECERICA DA SERRA";"Desobediência às normas de trânsito pelo condutor";"Colisão lateral";"Com Vítimas Feridas";"Pleno dia";"Decrescente";"Céu Claro";"Dupla";"Reta";"Sim";2;0;1;0;1;0;1;2;-23,69998;-46,867767;"SPRF-SP";"DEL04-SP";"UOP01-DEL04-SP"
319128;2020-11-04;"quarta-feira";"15:20:00";"GO";50;280;"CATALAO";"Falta de Atenção à Condução";"Colisão transversal";"Com Vítimas Feridas";"Pleno dia";"Crescente";"Céu Claro";"Dupla";"Reta";"Sim";2;0;1;0;1;0;1;2;-18,1784;-47,9362;"SPRF-GO";"DEL06-GO";"UOP01-DEL06-GO"
319131;2020-11-04;"quarta-feira";"16:05:00";"GO";60;101;"ANAPOLIS";"Falta de Atenção à Condução";"Colisão lateral";"Com Vítimas Feridas";"Pleno dia";"Decrescente";"Céu Claro";"Múltipla";"Reta";"Sim";3;0;2;0;1;0;2;2;-16,403454;-48,97749294;"SPRF-GO";"DEL02-GO";"UOP01-DEL02-GO"
319132;2020-11-04;"quarta-feira";"12:20:00";"GO";153;196;"URUACU";"Não guardar distância de segurança";"Colisão traseira";"Com Vítimas Feridas";"Pleno dia";"Decrescente";"Nublado";"Simples";"Reta";"Não";3;0;1;0;2;0;1;2;-14,479928;-49,154346;"SPRF-GO";"DEL07-GO";"UOP02-DEL07-GO"
319136;2020-11-04;"quarta-feira";"15:30:00";"AL";316;76,6;"POCO DAS TRINCHEIRAS";"Falta de Atenção à Condução";"Colisão transversal";"Com Vítimas Feridas";"Pleno dia";"Decrescente";"Nublado";"Simples";"Reta";"Não";4;0;4;0;0;0;4;2;-9,3247218;-37,30774751;"SPRF-AL";"DEL03-AL";"UOP02-DEL03-AL"
319137;2020-11-04;"quarta-feira";"15:30:00";"PE";232;80,6;"GRAVATA";"Falta de Atenção à Condução";"Tombamento";"Com Vítimas Feridas";"Pleno dia";"Crescente";"Sol";"Simples";"Reta";"Sim";2;0;0;1;1;0;1;2;-8,19579864;-35,56962305;"SPRF-PE";"DEL02-PE";"UOP02-DEL02PE"
319138;2020-11-04;"quarta-feira";"15:45:00";"RS";386;276,2;"SAO JOSE DO HERVAL";"Desobediência às normas de trânsito pelo condutor";"Colisão frontal";"Com Vítimas Feridas";"Pleno dia";"Crescente";"Céu Claro";"Simples";"Reta";"Não";4;0;2;0;2;0;2;2;-29,0186541;-52,3222627;"SPRF-RS";"DEL04-RS";"UOP03-DEL04-RS"
319139;2020-11-04;"quarta-feira";"16:15:00";"PR";277;707,6;"SANTA TEREZINHA DE ITAIPU";"Ingestão de Álcool";"Colisão com objeto estático";"Com Vítimas Feridas";"Pleno dia";"Decrescente";"Céu Claro";"Dupla";"Interseção de Vias";"Sim";2;0;2;0;0;0;2;1;-25,44194731;-54,39274192;"SPRF-PR";"DEL05-PR";"UOP01-DEL05-PR"
319140;2020-11-04;"quarta-feira";"16:30:00";"PR";376;175,2;"MARINGA";"Falta de Atenção à Condução";"Colisão lateral";"Com Vítimas Feridas";"Pleno dia";"Decrescente";"Céu Claro";"Múltipla";"Reta";"Sim";2;0;1;0;1;0;1;2;-23,4113569;-51,9407767;"SPRF-PR";"DEL09-PR";"UOP01-DEL09-PR"
319141;2020-11-04;"quarta-feira";"16:10:00";"MT";163;104;"RONDONOPOLIS";"Falta de Atenção à Condução";"Saída de leito carroçável";"Com Vítimas Feridas";"Pleno dia";"Decrescente";"Céu Claro";"Dupla";"Reta";"Não";2;0;2;0;0;0;2;1;-16,6287819;-54,69729761;"SPRF-MT";"DEL02-MT";"UOP01-DEL02-MT"
319145;2020-11-04;"quarta-feira";"16:00:00";"MG";267;302,6;"CAXAMBU";"Mal Súbito";"Saída de leito carroçável";"Com Vítimas Feridas";"Pleno dia";"Decrescente";"Céu Claro";"Simples";"Curva";"Não";1;0;0;1;0;0;1;1;-21,95712221;-44,91126081;"SPRF-MG";"DEL17-MG";"UOP01-DEL17-MG"
319146;2020-11-04;"quarta-feira";"11:00:00";"RJ";101;329;"RIO DE JANEIRO";"Falta de Atenção à Condução";"Tombamento";"Com Vítimas Feridas";"Pleno dia";"Crescente";"Céu Claro";"Dupla";"Reta";"Não";1;0;1;0;0;0;1;1;-22,86939305;-43,175642;"SPRF-RJ";"DEL02-RJ";"UOP02-DEL02-RJ"
319147;2020-11-04;"quarta-feira";"16:15:00";"RJ";116;109,1;"DUQUE DE CAXIAS";"Agressão Externa";"Tombamento";"Com Vítimas Feridas";"Anoitecer";"Decrescente";"Nublado";"Dupla";"Reta";"Sim";3;0;0;1;1;1;1;3;-22,67995095;-43,28557676;"SPRF-RJ";"DEL04-RJ";"UOP02-DEL04-RJ"
319149;2020-11-04;"quarta-feira";"16:45:00";"MG";116;411;"GOVERNADOR VALADARES";"Desobediência às normas de trânsito pelo condutor";"Colisão traseira";"Com Vítimas Feridas";"Pleno dia";"Decrescente";"Sol";"Dupla";"Reta";"Não";2;0;0;1;1;0;1;2;-18,86244705;-41,97405237;"SPRF-MG";"DEL06-MG";"UOP01-DEL06-MG"
319151;2020-11-04;"quarta-feira";"10:40:00";"MG";116;412;"GOVERNADOR VALADARES";"Não guardar distância de segurança";"Colisão traseira";"Com Vítimas Feridas";"Pleno dia";"Decrescente";"Nublado";"Simples";"Interseção de Vias";"Sim";2;0;1;0;1;0;1;2;-18,86882342;-41,97144241;"SPRF-MG";"DEL06-MG";"UOP01-DEL06-MG"
319154;2020-11-04;"quarta-feira";"17:55:00";"MG";40;519,5;"CONTAGEM";"Falta de Atenção à Condução";"Colisão traseira";"Com Vítimas Feridas";"Anoitecer";"Decrescente";"Nublado";"Dupla";"Reta";"Não";3;0;2;0;1;0;2;2;-19,83957589;-44,07684485;"SPRF-MG";"DEL01-MG";"UOP02-DEL01-MG"
319158;2020-08-06;"quinta-feira";"18:30:00";"ES";101;294;"CARIACICA";"Falta de Atenção à Condução";"Colisão traseira";"Com Vítimas Feridas";"Plena Noite";"Decrescente";"Céu Claro";"Dupla";"Curva";"Sim";2;0;1;0;1;0;1;2;-20,32415948;-40,3952903;"SPRF-ES";"DEL01-ES";"UOP01-DEL01-ES"
319159;2020-11-04;"quarta-feira";"17:50:00";"CE";222;9;"CAUCAIA";"Não guardar distância de segurança";"Colisão traseira";"Com Vítimas Feridas";"Plena Noite";"Crescente";"Céu Claro";"Dupla";"Reta";"Sim";2;0;1;0;1;0;1;2;-3,75774612;-38,64611294;"SPRF-CE";"DEL01-CE";"UOP01-DEL01-CE"
319160;2020-11-04;"quarta-feira";"18:10:00";"GO";40;1,1;"VALPARAISO DE GOIAS";"Ingestão de Álcool";"Colisão traseira";"Com Vítimas Feridas";"Plena Noite";"Crescente";"Nublado";"Dupla";"Reta";"Sim";2;0;1;0;1;0;1;2;-16,058245;-47,982825;"SPRF-DF";"DEL01-DF";"UOP01-DEL01-DF"
319161;2020-11-04;"quarta-feira";"18:30:00";"BA";101;705;"EUNAPOLIS";"Pista Escorregadia";"Saída de leito carroçável";"Sem Vítimas";"Plena Noite";"Decrescente";"Chuva";"Simples";"Curva";"Não";4;0;0;0;4;0;0;1;-16,45188905;-39,57345679;"SPRF-BA";"DEL09-BA";"UOP01-DEL09-BA"
319162;2020-11-04;"quarta-feira";"18:20:00";"CE";222;7;"CAUCAIA";"Falta de Atenção à Condução";"Colisão lateral";"Com Vítimas Feridas";"Plena Noite";"Decrescente";"Céu Claro";"Dupla";"Reta";"Sim";3;0;2;0;0;1;2;2;-3,7495132;-38,6299559;"SPRF-CE";"DEL01-CE";"UOP01-DEL01-CE"
319163;2020-11-04;"quarta-feira";"16:35:00";"ES";101;424,3;"ATILIO VIVACQUA";"Velocidade Incompatível";"Saída de leito carroçável";"Com Vítimas Feridas";"Pleno dia";"Decrescente";"Nublado";"Simples";"Reta";"Não";1;0;1;0;0;0;1;1;-20,9947948;-41,12521918;"SPRF-ES";"DEL03-ES";"UOP02-DEL03-ES"
319164;2020-11-04;"quarta-feira";"19:00:00";"MG";251;517,1;"MONTES CLAROS";"Animais na Pista";"Atropelamento de Animal";"Com Vítimas Feridas";"Anoitecer";"Crescente";"Nublado";"Simples";"Reta";"Não";1;0;0;1;0;0;1;1;-16,66154421;-43,76055398;"SPRF-MG";"DEL12-MG";"UOP01-DEL12-MG"
319166;2020-11-04;"quarta-feira";"18:55:00";"RN";110;44,8;"MOSSORO";"Falta de Atenção à Condução";"Colisão frontal";"Com Vítimas Feridas";"Pleno dia";"Crescente";"Céu Claro";"Simples";"Reta";"Sim";2;0;1;0;1;0;1;2;-5,18717768;-37,30390524;"SPRF-RN";"DEL04-RN";"UOP01-DEL04-RN"
319168;2020-11-04;"quarta-feira";"18:45:00";"SP";116;219;"GUARULHOS";"Falta de Atenção à Condução";"Colisão traseira";"Sem Vítimas";"Plena Noite";"Crescente";"Nublado";"Múltipla";"Reta";"Não";4;0;0;0;2;2;0;4;-23,46143954;-46,48885316;"SPRF-SP";"DEL01-SP";"UOP01-DEL01-SP"
319169;2020-11-04;"quarta-feira";"18:20:00";"RN";101;73;"SAO GONCALO DO AMARANTE";"Desobediência às normas de trânsito pelo condutor";"Colisão transversal";"Com Vítimas Feridas";"Plena Noite";"Crescente";"Céu Claro";"Simples";"Interseção de Vias";"Não";2;0;0;1;1;0;1;2;-5,70687202;-35,26688397;"SPRF-RN";"DEL02-RN";"UOP01-DEL02-RN"