"id";"data_inversa";"dia_semana";"horario";"uf";"br";"km";"municipio";"causa_acidente";"tipo_acidente";"classificacao_acidente";"fase_dia";"sentido_via";"condicao_metereologica";"tipo_pista";"tracado_via";"uso_solo";"pessoas";"mortos";"feridos_leves";"feridos_graves";"ilesos";"ignorados";"feridos";"veiculos";"latitude";"longitude";"regional";"delegacia";"uop"
319170;2020-11-04;"quarta-feira";"19:30:00";"GO";40;10,3;"LUZIANIA";"Falta de Atenção do Pedestre";"Colisão traseira";"Com Vítimas Feridas";"Plena Noite";"Decrescente";"Céu Claro";"Dupla";"Reta";"Sim";2;0;1;0;1;0;1;2;-16,131285;-47,957923;"SPRF-DF";"DEL01-DF";"UOP01-DEL01-DF"
319174;2020-11-04;"quarta-feira";"17:20:00";"AC";364;124;"RIO BRANCO";"Falta de Atenção à Condução";"Atropelamento de Pedestre";"Com Vítimas Feridas";"Anoitecer";"Decrescente";"Céu Claro";"Dupla";"Reta";"Sim";3;0;2;1;0;0;3;2;-10,01152469;-67,79140099;"SPRF-AC";"DEL01-AC";"UOP01-DEL01-AC"
319175;2020-11-04;"quarta-feira";"19:43:00";"MG";146;509,9;"POCOS DE CALDAS";"Falta de Atenção à Condução";"Colisão com objeto estático";"Com Vítimas Feridas";"Plena Noite";"Decrescente";"Céu Claro";"Simples";"Curva;Declive";"Não";4;0;3;0;0;1;3;3;-21,7718161;-46,4215567;"SPRF-MG";"DEL09-MG";"UOP01-DEL09-MG"
319178;2020-11-04;"quarta-feira";"19:40:00";"SC";101;209;"SAO JOSE";"Falta de Atenção à Condução";"Colisão lateral";"Com Vítimas Feridas";"Plena Noite";"Decrescente";"Céu Claro";"Múltipla";"Reta";"Sim";2;0;1;0;1;0;1;2;-27,61000542;-48,63895057;"SPRF-SC";"DEL01-SC";"UOP01-DEL01-SC"
319180;2020-11-04;"quarta-feira";"19:55:00";"RS";386;351;"ESTRELA";"Defeito Mecânico no Veículo";"Tombamento";"Com Vítimas Feridas";"Plena Noite";"Decrescente";"Céu Claro";"Dupla";"Reta";"Sim";2;0;2;0;0;0;2;1;-29,483124;-51,954472;"SPRF-RS";"DEL04-RS";"UOP02-DEL04-RS"
319182;2020-11-04;"quarta-feira";"19:40:00";"CE";20;290;"CANINDE";"Defeito na Via";"Capotamento";"Com Vítimas Feridas";"Plena Noite";"Crescente";"Céu Claro";"Simples";"Reta";"Não";3;0;1;0;2;0;1;1;-4,49487133;-39,36238661;"SPRF-CE";"DEL02-CE";"UOP01-DEL02-CE"
319183;2020-11-04;"quarta-feira";"16:00:00";"MG";251;426,1;"GRAO MOGOL";"Pista Escorregadia";"Capotamento";"Com Vítimas Feridas";"Pleno dia";"Crescente";"Chuva";"Simples";"Curva";"Não";2;0;2;0;0;0;2;1;-16,33121221;-43,13080786;"SPRF-MG";"DEL12-MG";"UOP01-DEL12-MG"
319184;2020-11-04;"quarta-feira";"19:30:00";"DF";20;5;"BRASILIA";"Não guardar distância de segurança";"Colisão traseira";"Com Vítimas Feridas";"Plena Noite";"Crescente";"Nublado";"Dupla";"Rotatória";"Sim";3;0;1;0;2;0;1;2;-15,670546;-47,816044;"SPRF-DF";"DEL02-DF";"UOP01-DEL02-DF"
319185;2020-11-04;"quarta-feira";"20:40:00";"PR";116;152;"MANDIRITUBA";"Falta de Atenção à Condução";"Colisão transversal";"Com Vítimas Feridas";"Plena Noite";"Crescente";"Nublado";"Simples";"Reta";"Não";3;0;2;0;1;0;2;2;-25,83236296;-49,33609707;"SPRF-PR";"DEL01-PR";"UOP03-DEL01-PR"
319186;2020-11-04;"quarta-feira";"21:00:00";"GO";153;515,1;"APARECIDA DE GOIANIA";"Desobediência às normas de trânsito pelo condutor";"Colisão traseira";"Com Vítimas Fatais";"Plena Noite";"Crescente";"Céu Claro";"Dupla";"Reta";"Sim";6;1;1;1;3;0;2;2;-16,8413;-49,2454;"SPRF-GO";"DEL01-GO";"UOP03-DEL01-GO"
319188;2020-11-04;"quarta-feira";"20:15:00";"GO";364;301;"MINEIROS";"Desobediência às normas de trânsito pelo condutor";"Atropelamento de Pedestre";"Com Vítimas Fatais";"Plena Noite";"Decrescente";"Céu Claro";"Simples";"Reta";"Sim";2;1;0;0;0;1;0;2;-17,539215;-52,530573;"SPRF-GO";"DEL05-GO";"UOP01-DEL05-GO"
319191;2020-11-04;"quarta-feira";"21:00:00";"SP";381;40;"ATIBAIA";"Falta de Atenção à Condução";"Colisão com objeto estático";"Com Vítimas Feridas";"Plena Noite";"Crescente";"Céu Claro";"Dupla";"Reta";"Sim";2;0;1;0;1;0;1;1;-23,12997498;-46,5767598;"SPRF-SP";"DEL03-SP";"UOP01-DEL03-SP"
319192;2020-11-04;"quarta-feira";"21:15:00";"SC";101;213,8;"PALHOCA";"Não guardar distância de segurança";"Colisão traseira";"Com Vítimas Feridas";"Plena Noite";"Decrescente";"Garoa/Chuvisco";"Dupla";"Reta";"Sim";2;0;1;0;1;0;1;2;-27,63697369;-48,66514142;"SPRF-SC";"DEL01-SC";"UOP02-DEL01-SC"
319193;2020-11-04;"quarta-feira";"19:30:00";"RS";386;433;"NOVA SANTA RITA";"Desobediência às normas de trânsito pelo condutor";"Colisão transversal";"Com Vítimas Feridas";"Plena Noite";"Crescente";"Céu Claro";"Simples";"Retorno Regulamentado";"Não";2;0;0;1;1;0;1;2;-29,839973;-51,294933;"SPRF-RS";"DEL04-RS";"UOP02-DEL04-RS"
319194;2020-11-04;"quarta-feira";"20:20:00";"RR";174;499;"BOA VISTA";"Pista Escorregadia";"Queda de ocupante de veículo";"Com Vítimas Feridas";"Plena Noite";"Decrescente";"Chuva";"Dupla";"Aclive";"Sim";1;0;1;0;0;0;1;1;2,772157;-60,714409;"SPRF-RR";"DEL01-RR";"UOP01-DEL01-RR"
319197;2020-11-04;"quarta-feira";"17:20:00";"PA";222;245;"MARABA";"Ingestão de Álcool";"Colisão transversal";"Com Vítimas Feridas";"Anoitecer";"Decrescente";"Céu Claro";"Simples";"Reta";"Sim";2;0;0;1;1;0;1;2;-5,355886;-49,079418;"SPRF-PA";"DEL03-PA";"UOP01-DEL03-PA"
319199;2020-11-04;"quarta-feira";"22:00:00";"RS";290;65;"GRAVATAI";"Avarias e/ou desgaste excessivo no pneu";"Saída de leito carroçável";"Com Vítimas Feridas";"Plena Noite";"Crescente";"Céu Claro";"Dupla";"Reta";"Não";4;0;1;3;0;0;4;1;-29,943108;-50,905231;"SPRF-RS";"DEL03-RS";"UOP01-DEL03-RS"
319200;2020-11-04;"quarta-feira";"22:00:00";"PE";101;43;"IGARASSU";"Falta de Atenção à Condução";"Colisão traseira";"Com Vítimas Feridas";"Plena Noite";"Decrescente";"Vento";"Múltipla";"Reta";"Sim";2;0;0;1;1;0;1;2;-7,84753808;-34,90977038;"SPRF-PE";"DEL01-PE";"UOP02-DEL01-PE"
319204;2020-11-04;"quarta-feira";"20:40:00";"RR";174;516;"BOA VISTA";"Defeito na Via";"Queda de ocupante de veículo";"Com Vítimas Feridas";"Plena Noite";"Decrescente";"Chuva";"Simples";"Em Obras";"Não";1;0;0;1;0;0;1;1;2,905422;-60,70649;"SPRF-RR";"DEL01-RR";"UOP01-DEL01-RR"
319207;2020-11-04;"quarta-feira";"23:10:00";"GO";40;4,4;"VALPARAISO DE GOIAS";"Falta de Atenção à Condução";"Colisão traseira";"Sem Vítimas";"Plena Noite";"Crescente";"Céu Claro";"Dupla";"Reta";"Sim";2;0;0;0;2;0;0;2;-16,085241;-47,986752;"SPRF-DF";"DEL01-DF";"UOP01-DEL01-DF"
319208;2020-11-04;"quarta-feira";"20:10:00";"PE";101;50;"ABREU E LIMA";"Falta de Atenção à Condução";"Colisão traseira";"Com Vítimas Feridas";"Plena Noite";"Crescente";"Céu Claro";"Dupla";"Reta";"Sim";2;0;1;0;0;1;1;2;-7,90938602;-34,90123228;"SPRF-PE";"DEL01-PE";"UOP02-DEL01-PE"
319210;2020-11-05;"quinta-feira";"00:15:00";"GO";70;474;"ARAGARCAS";"Falta de Atenção à Condução";"Colisão com objeto estático";"Com Vítimas Feridas";"Plena Noite";"Crescente";"Céu Claro";"Dupla";"Rotatória";"Sim";5;0;1;0;3;1;1;3;-15,895756;-52,251794;"SPRF-GO";"DEL04-GO";"UOP01-DEL04-GO"
319211;2020-11-05;"quinta-feira";"01:30:00";"DF";70;12;"BRASILIA";"Condutor Dormindo";"Saída de leito carroçável";"Com Vítimas Feridas";"Plena Noite";"Crescente";"Nublado";"Dupla";"Reta";"Sim";1;0;1;0;0;0;1;1;-15,792243;-48,158543;"SPRF-DF";"DEL03-DF";"UOP02-DEL03-DF"
319212;2020-11-05;"quinta-feira";"02:29:00";"GO";153;507,7;"APARECIDA DE GOIANIA";"Falta de Atenção do Pedestre";"Atropelamento de Pedestre";"Com Vítimas Feridas";"Plena Noite";"Crescente";"Céu Claro";"Múltipla";"Reta";"Sim";2;0;0;1;1;0;1;2;-16,7715;-49,2387;"SPRF-GO";"DEL01-GO";"UOP03-DEL01-GO"
319214;2020-11-05;"quinta-feira";"02:35:00";"SC";470;34,5;"GASPAR";"Restrição de Visibilidade";"Colisão com objeto estático";"Sem Vítimas";"Plena Noite";"Decrescente";"Céu Claro";"Simples";"Em Obras";"Sim";1;0;0;0;1;0;0;1;-26,910646;-48,949341;"SPRF-SC";"DEL04-SC";"UOP01-DEL04-SC"
319216;2020-11-04;"quarta-feira";"07:50:00";"ES";101;54;"SAO MATEUS";"Desobediência às normas de trânsito pelo condutor";"Colisão frontal";"Com Vítimas Feridas";"Pleno dia";"Decrescente";"Garoa/Chuvisco";"Simples";"Reta";"Não";4;0;2;0;2;0;2;2;-18,62067908;-39,88189225;"SPRF-ES";"DEL04-ES";"UOP02-DEL04-ES"
319217;2020-11-05;"quinta-feira";"04:00:00";"DF";20;10;"BRASILIA";"Falta de Atenção do Pedestre";"Atropelamento de Pedestre";"Com Vítimas Fatais";"Amanhecer";"Decrescente";"Céu Claro";"Dupla";"Declive";"Sim";2;1;0;0;1;0;0;2;-15,650243;-47,773872;"SPRF-DF";"DEL02-DF";"UOP01-DEL02-DF"
319219;2020-11-04;"quarta-feira";"22:00:00";"MA";316;92,2;"PRESIDENTE MEDICI";"Falta de Atenção à Condução";"Colisão traseira";"Com Vítimas Feridas";"Plena Noite";"Crescente";"Céu Claro";"Simples";"Reta";"Não";3;0;0;1;0;2;1;3;-2,348262;-45,828148;"SPRF-MA";"DEL02-MA";"UOP02-DEL02-MA"
319220;2020-11-05;"quinta-feira";"04:40:00";"MG";381;671,5;"PERDOES";"Condutor Dormindo";"Colisão traseira";"Com Vítimas Feridas";"Plena Noite";"Decrescente";"Nublado";"Dupla";"Aclive";"Não";2;0;1;0;0;1;1;2;-21,066323;-45,052401;"SPRF-MG";"DEL04-MG";"UOP02-DEL04-MG"
319221;2020-11-05;"quinta-feira";"04:45:00";"MS";163;264,4;"DOURADOS";"Desobediência às normas de trânsito pelo condutor";"Colisão frontal";"Com Vítimas Feridas";"Plena Noite";"Crescente";"Céu Claro";"Dupla";"Rotatória";"Sim";2;0;1;1;0;0;2;2;-22,22742781;-54,7393301;"SPRF-MS";"DEL04-MS";"UOP01-DEL04-MS"
319222;2020-11-05;"quinta-feira";"04:13:00";"MG";381;779,7;"CAMPANHA";"Falta de Atenção à Condução";"Saída de leito carroçável";"Com Vítimas Feridas";"Amanhecer";"Crescente";"Céu Claro";"Dupla";"Curva";"Não";1;0;1;0;0;0;1;1;-21,83682863;-45,50981014;"SPRF-MG";"DEL16-MG";"UOP02-DEL16-MG"
319223;2020-11-05;"quinta-feira";"06:40:00";"MG";356;267;"MURIAE";"Desobediência às normas de trânsito pelo condutor";"Colisão lateral";"Com Vítimas Feridas";"Pleno dia";"Crescente";"Nublado";"Simples";"Reta;Interseção de Vias";"Sim";2;0;1;0;1;0;1;2;-21,12725696;-42,35052695;"SPRF-MG";"DEL07-MG";"UOP02-DEL07-MG"
319224;2020-11-05;"quinta-feira";"06:40:00";"MG";40;513,9;"RIBEIRAO DAS NEVES";"Desobediência às normas de trânsito pelo condutor";"Colisão lateral";"Com Vítimas Feridas";"Pleno dia";"Crescente";"Céu Claro";"Dupla";"Reta";"Sim";3;0;2;0;1;0;2;2;-19,7970544;-44,1080512;"SPRF-MG";"DEL01-MG";"UOP02-DEL01-MG"
319225;2020-11-05;"quinta-feira";"07:00:00";"DF";70;9;"BRASILIA";"Falta de Atenção à Condução";"Colisão transversal";"Com Vítimas Feridas";"Pleno dia";"Decrescente";"Céu Claro";"Dupla";"Reta";"Sim";2;0;1;0;1;0;1;2;-15,784615;-48,132023;"SPRF-DF";"DEL03-DF";"UOP02-DEL03-DF"
319227;2020-10-08;"quinta-feira";"10:20:00";"ES";101;268;"SERRA";"Falta de Atenção à Condução";"Queda de ocupante de veículo";"Com Vítimas Feridas";"Pleno dia";"Crescente";"Céu Claro";"Múltipla";"Reta";"Sim";3;0;1;0;2;0;1;1;-20,20842;-40,269405;"SPRF-ES";"DEL02-ES";"UOP01-DEL02-ES"
319228;2020-11-05;"quinta-feira";"06:55:00";"SC";101;216;"PALHOCA";"Falta de Atenção à Condução";"Colisão traseira";"Com Vítimas Feridas";"Pleno dia";"Decrescente";"Céu Claro";"Dupla";"Reta";"Sim";2;0;1;0;1;0;1;2;-27,65981409;-48,67747798;"SPRF-SC";"DEL01-SC";"UOP02-DEL01-SC"
319230;2020-11-05;"quinta-feira";"07:00:00";"RN";101;101,1;"PARNAMIRIM";"Falta de Atenção à Condução";"Colisão lateral";"Com Vítimas Feridas";"Pleno dia";"Crescente";"Sol";"Dupla";"Em Obras";"Sim";2;0;1;0;1;0;1;2;-5,88681084;-35,23143404;"SPRF-RN";"DEL01-RN";"UOP01-DEL01-RN"
319232;2020-11-05;"quinta-feira";"07:50:00";"GO";60;138,3;"GOIANIA";"Falta de Atenção à Condução";"Atropelamento de Animal";"Com Vítimas Feridas";"Pleno dia";"Crescente";"Sol";"Dupla";"Reta";"Sim";1;0;1;0;0;0;1;1;-16,6117;-49,2053;"SPRF-GO";"DEL01-GO";"UOP01-DEL01-GO"
319235;2020-11-05;"quinta-feira";"07:50:00";"SE";101;93,6;"NOSSA SENHORA DO SOCORRO";"Falta de Atenção do Pedestre";"Atropelamento de Pedestre";"Com Vítimas Feridas";"Pleno dia";"Decrescente";"Céu Claro";"Dupla";"Reta";"Sim";2;0;0;2;0;0;2;2;-10,90212319;-37,14494787;"SPRF-SE";"DEL01-SE";"UOP01-DEL01-SE"
319236;2020-11-05;"quinta-feira";"08:10:00";"ES";101;1;"SERRA";"Falta de Atenção à Condução";"Colisão lateral";"Com Vítimas Feridas";"Pleno dia";"Decrescente";"Céu Claro";"Dupla";"Reta";"Sim";2;0;1;0;1;0;1;2;-20,24057997;-40,27958438;"SPRF-ES";"DEL02-ES";"UOP01-DEL02-ES"
319237;2020-11-05;"quinta-feira";"02:00:00";"MG";116;410;"GOVERNADOR VALADARES";"Ingestão de Álcool";"Colisão com objeto estático";"Com Vítimas Feridas";"Plena Noite";"Decrescente";"Nublado";"Simples";"Reta";"Sim";1;0;1;0;0;0;1;1;-18,855625;-41,975623;"SPRF-MG";"DEL06-MG";"UOP01-DEL06-MG"
319238;2020-11-05;"quinta-feira";"06:45:00";"SP";153;341;"OURINHOS";"Defeito Mecânico no Veículo";"Queda de ocupante de veículo";"Com Vítimas Feridas";"Pleno dia";"Decrescente";"Sol";"Dupla";"Reta";"Não";1;0;1;0;0;0;1;1;-22,94496297;-49,91157362;"SPRF-SP";"DEL07-SP";"UOP03-DEL07-SP"
319240;2020-05-21;"quinta-feira";"18:15:00";"MG";40;544,5;"NOVA LIMA";"Falta de Atenção do Pedestre";"Atropelamento de Pedestre";"Com Vítimas Fatais";"Pleno dia";"Crescente";"Ignorado";"Dupla";"Declive";"Sim";4;1;0;0;3;0;0;4;-19,99848032;-43,96256558;"SPRF-MG";"DEL01-MG";"UOP02-DEL01-MG"
319241;2020-11-05;"quinta-feira";"08:00:00";"PR";277;81;"CURITIBA";"Falta de Atenção à Condução";"Colisão lateral";"Com Vítimas Feridas";"Pleno dia";"Crescente";"Céu Claro";"Dupla";"Reta";"Não";2;0;0;1;1;0;1;2;-25,469895;-49,21192646;"SPRF-PR";"DEL01-PR";"UOP01-DEL01-PR"
319242;2020-10-24;"sábado";"15:35:00";"GO";153;587,4;"PROFESSOR JAMIL";"Avarias e/ou desgaste excessivo no pneu";"Saída de leito carroçável";"Sem Vítimas";"Pleno dia";"Decrescente";"Garoa/Chuvisco";"Dupla";"Reta";"Não";1;0;0;0;1;0;0;1;-17,443;-49,2317;"SPRF-GO";"DEL03-GO";"UOP01-DEL03-GO"
319243;2020-11-05;"quinta-feira";"07:50:00";"BA";116;29;"VITORIA DA CONQUISTA";"Velocidade Incompatível";"Colisão com objeto estático";"Com Vítimas Feridas";"Pleno dia";"Crescente";"Chuva";"Simples";"Interseção de Vias";"Sim";1;0;1;0;0;0;1;1;-14,82943299;-40,82668662;"SPRF-BA";"DEL08-BA";"UOP01-DEL08-BA"
319248;2020-11-05;"quinta-feira";"08:00:00";"DF";60;13;"BRASILIA";"Desobediência às normas de trânsito pelo condutor";"Colisão lateral";"Com Vítimas Feridas";"Pleno dia";"Crescente";"Céu Claro";"Dupla";"Reta";"Sim";5;0;2;0;3;0;2;2;-15,926557;-48,166969;"SPRF-DF";"DEL03-DF";"UOP01-DEL03-DF"
319249;2020-11-05;"quinta-feira";"08:15:00";"SC";101;69,5;"ARAQUARI";"Falta de Atenção à Condução";"Colisão com objeto estático";"Com Vítimas Feridas";"Pleno dia";"Decrescente";"Sol";"Dupla";"Reta";"Não";2;0;2;0;0;0;2;1;-26,50298009;-48,72814515;"SPRF-SC";"DEL03-SC";"UOP02-DEL03-SC"
319250;2020-11-05;"quinta-feira";"08:50:00";"SC";101;213,9;"PALHOCA";"Falta de Atenção à Condução";"Tombamento";"Com Vítimas Feridas";"Pleno dia";"Decrescente";"Céu Claro";"Dupla";"Reta";"Sim";1;0;1;0;0;0;1;1;-27,63697369;-48,66514142;"SPRF-SC";"DEL01-SC";"UOP02-DEL01-SC"
319251;2020-11-05;"quinta-feira";"07:40:00";"DF";60;2,7;"BRASILIA";"Avarias e/ou desgaste excessivo no pneu";"Queda de ocupante de veículo";"Com Vítimas Feridas";"Pleno dia";"Decrescente";"Céu Claro";"Dupla";"Reta";"Sim";1;0;1;0;0;0;1;1;-15,887383;-48,077988;"SPRF-DF";"DEL03-DF";"UOP01-DEL03-DF"
319252;2020-10-31;"sábado";"20:30:00";"MG";116;774,1;"LEOPOLDINA";"Velocidade Incompatível";"Saída de leito carroçável";"Com Vítimas Feridas";"Plena Noite";"Decrescente";"Chuva";"Simples";"Curva;Declive";"Não";1;0;1;0;0;0;1;1;-21,57932128;-42,68264985;"SPRF-MG";"DEL07-MG";"UOP01-DEL07-MG"
319255;2020-11-05;"quinta-feira";"08:15:00";"SP";116;212,5;"GUARULHOS";"Falta de Atenção à Condução";"Atropelamento de Pedestre";"Com Vítimas Feridas";"Pleno dia";"Crescente";"Garoa/Chuvisco";"Múltipla";"Reta";"Sim";2;0;0;1;1;0;1;2;-23,43608315;-46,42805094;"SPRF-SP";"DEL01-SP";"UOP01-DEL01-SP"
319257;2020-11-05;"quinta-feira";"08:45:00";"SC";101;118,9;"ITAJAI";"Falta de Atenção à Condução";"Colisão lateral";"Com Vítimas Feridas";"Pleno dia";"Crescente";"Céu Claro";"Dupla";"Reta";"Não";5;0;1;0;4;0;1;2;-26,895859;-48,71903;"SPRF-SC";"DEL04-SC";"UOP04-DEL04-SC"
319258;2020-11-05;"quinta-feira";"09:00:00";"SC";101;202;"SAO JOSE";"Falta de Atenção à Condução";"Colisão transversal";"Com Vítimas Feridas";"Pleno dia";"Crescente";"Céu Claro";"Múltipla";"Reta";"Sim";2;0;0;1;1;0;1;2;-27,55711595;-48,61897889;"SPRF-SC";"DEL01-SC";"UOP01-DEL01-SC"
319259;2020-11-05;"quinta-feira";"06:00:00";"AC";317;100;"SENADOR GUIOMARD";"Defeito Mecânico no Veículo";"Tombamento";"Com Vítimas Feridas";"Pleno dia";"Decrescente";"Céu Claro";"Simples";"Reta";"Não";1;0;1;0;0;0;1;1;-10,2212353;-67,70247852;"SPRF-AC";"DEL01-AC";"UOP01-DEL01-AC"
319262;2020-11-05;"quinta-feira";"08:20:00";"MA";135;2;"SAO LUIS";"Não guardar distância de segurança";"Colisão traseira";"Sem Vítimas";"Pleno dia";"Crescente";"Céu Claro";"Dupla";"Reta";"Sim";2;0;0;0;2;0;0;2;-2,59806699;-44,24573511;"SPRF-MA";"DEL01-MA";"UOP01-DEL01-MA"
319264;2020-11-05;"quinta-feira";"09:20:00";"RS";158;328,5;"SANTA MARIA";"Falta de Atenção à Condução";"Colisão transversal";"Com Vítimas Feridas";"Pleno dia";"Decrescente";"Céu Claro";"Simples";"Reta";"Sim";2;0;1;0;1;0;1;2;-29,70694453;-53,82826935;"SPRF-RS";"DEL09-RS";"UOP01-DEL09-RS"
319266;2020-11-05;"quinta-feira";"09:40:00";"AP";210;12;"MACAPA";"Falta de Atenção à Condução";"Colisão frontal";"Com Vítimas Feridas";"Pleno dia";"Decrescente";"Céu Claro";"Simples";"Reta";"Sim";5;0;2;2;1;0;4;2;0,13413683;-51,13881224;"SPRF-AP";"DEL01-AP";"UOP01-DEL01-AP"
319267;2020-11-05;"quinta-feira";"09:10:00";"GO";40;2,5;"VALPARAISO DE GOIAS";"Agressão Externa";"Colisão lateral";"Sem Vítimas";"Pleno dia";"Decrescente";"Céu Claro";"Dupla";"Reta";"Sim";3;0;0;0;1;2;0;3;-16,067129;-47,984235;"SPRF-DF";"DEL01-DF";"UOP01-DEL01-DF"
319269;2020-10-12;"segunda-feira";"06:00:00";"GO";60;163,1;"GOIANIA";"Desobediência às normas de trânsito pelo condutor";"Colisão lateral";"Com Vítimas Feridas";"Amanhecer";"Decrescente";"Céu Claro";"Dupla";"Reta";"Sim";2;0;0;1;1;0;1;2;-16,7002;-49,3335;"SPRF-GO";"DEL01-GO";"UOP02-DEL01-GO"
319270;2020-11-05;"quinta-feira";"09:30:00";"PB";230;145;"CAMPINA GRANDE";"Falta de Atenção à Condução";"Colisão transversal";"Com Vítimas Feridas";"Pleno dia";"Crescente";"Céu Claro";"Dupla";"Reta";"Sim";2;0;1;0;1;0;1;2;-7,2512;-35,8399;"SPRF-PB";"DEL02-PB";"UOP01-DEL02-PB"
319271;2020-11-05;"quinta-feira";"10:00:00";"RN";101;108;"PARNAMIRIM";"Não guardar distância de segurança";"Colisão traseira";"Sem Vítimas";"Pleno dia";"Crescente";"Céu Claro";"Dupla";"Viaduto";"Não";1;0;0;0;1;0;0;1;-5,92825102;-35,26465683;"SPRF-RN";"DEL01-RN";"UOP01-DEL01-RN"
319272;2020-11-05;"quinta-feira";"09:50:00";"RJ";101;321;"NITEROI";"Falta de Atenção à Condução";"Colisão lateral";"Com Vítimas Feridas";"Pleno dia";"Crescente";"Céu Claro";"Múltipla";"Reta";"Sim";2;0;1;0;1;0;1;2;-22,86981096;-43,11046465;"SPRF-RJ";"DEL02-RJ";"UOP02-DEL02-RJ"
319273;2020-11-05;"quinta-feira";"10:15:00";"BA";415;29;"ILHEUS";"Desobediência às normas de trânsito pelo condutor";"Colisão traseira";"Sem Vítimas";"Pleno dia";"Crescente";"Céu Claro";"Simples";"Reta";"Não";4;0;0;0;2;2;0;4;-14,8482;-39,281986;"SPRF-BA";"DEL05-BA";"UOP01-DEL05-BA"
319274;2020-11-05;"quinta-feira";"10:00:00";"MS";163;483;"CAMPO GRANDE";"Mal Súbito";"Saída de leito carroçável";"Com Vítimas Feridas";"Pleno dia";"Decrescente";"Céu Claro";"Simples";"Reta";"Não";1;0;0;1;0;0;1;1;-20,45726263;-54,54671829;"SPRF-MS";"DEL01-MS";"UOP02-DEL01-MS"
319277;2020-11-05;"quinta-feira";"10:30:00";"GO";70;3;"AGUAS LINDAS DE GOIAS";"Falta de Atenção à Condução";"Colisão lateral";"Com Vítimas Feridas";"Pleno dia";"Decrescente";"Céu Claro";"Dupla";"Declive;Reta";"Sim";2;0;1;0;1;0;1;2;-15,76177302;-48,2368693;"SPRF-DF";"DEL03-DF";"UOP02-DEL03-DF"
319278;2020-11-05;"quinta-feira";"10:50:00";"PE";232;126,6;"CARUARU";"Falta de Atenção à Condução";"Colisão com objeto estático";"Sem Vítimas";"Pleno dia";"Decrescente";"Céu Claro";"Simples";"Curva";"Sim";1;0;0;0;1;0;0;1;-8,304105;-35,965436;"SPRF-PE";"DEL02-PE";"UOP03-DEL02-PE"
319280;2020-11-05;"quinta-feira";"08:40:00";"PR";272;547,7;"CATANDUVAS";"Ultrapassagem Indevida";"Colisão lateral";"Sem Vítimas";"Pleno dia";"Decrescente";"Céu Claro";"Simples";"Reta";"Não";2;0;0;0;2;0;0;2;-25,10319807;-53,11959028;"SPRF-PR";"DEL06-PR";"UOP01-DEL06-PR"
319284;2020-10-08;"quinta-feira";"07:30:00";"PR";277;591;"CURITIBA";"Desobediência às normas de trânsito pelo condutor";"Colisão frontal";"Com Vítimas Feridas";"Pleno dia";"Crescente";"Chuva";"Dupla";"Interseção de Vias";"Sim";2;0;1;0;0;1;1;2;-25,45638965;-49,36068237;"SPRF-PR";"DEL04-PR";"UOP01-DEL04-PR"
319286;2020-11-05;"quinta-feira";"12:30:00";"RS";392;352,1;"SANTA MARIA";"Não guardar distância de segurança";"Colisão traseira";"Com Vítimas Feridas";"Pleno dia";"Crescente";"Sol";"Simples";"Reta;Retorno Regulamentado;Declive";"Sim";2;0;1;0;1;0;1;2;-29,720404;-53,807632;"SPRF-RS";"DEL09-RS";"UOP01-DEL09-RS"
319290;2020-11-05;"quinta-feira";"06:50:00";"MA";222;429;"SANTA LUZIA";"Falta de Atenção à Condução";"Colisão frontal";"Com Vítimas Fatais";"Pleno dia";"Crescente";"Céu Claro";"Simples";"Aclive";"Não";3;2;0;0;0;1;0;2;-4,06550809;-45,81998298;"SPRF-MA";"DEL02-MA";"UOP01-DEL02-MA"
319291;2020-11-05;"quinta-feira";"10:50:00";"BA";242;250,2;"BOA VISTA DO TUPIM";"Velocidade Incompatível";"Colisão lateral";"Com Vítimas Feridas";"Pleno dia";"Decrescente";"Céu Claro";"Simples";"Curva;Declive;Interseção de Vias";"Não";2;0;0;1;0;1;1;2;-12,50998955;-40,47878265;"SPRF-BA";"DEL06-BA";"UOP02-DEL06-BA"
319294;2020-11-05;"quinta-feira";"12:00:00";"ES";101;295;"CARIACICA";"Falta de Atenção à Condução";"Colisão lateral";"Com Vítimas Feridas";"Pleno dia";"Crescente";"Nublado";"Múltipla";"Curva";"Sim";3;0;1;0;2;0;1;2;-20,33223667;-40,40004683;"SPRF-ES";"DEL01-ES";"UOP01-DEL01-ES"
319295;2020-11-05;"quinta-feira";"12:59:00";"ES";101;346,8;"GUARAPARI";"Falta de Atenção à Condução";"Tombamento";"Com Vítimas Feridas";"Pleno dia";"Crescente";"Nublado";"Simples";"Reta";"Não";1;0;1;0;0;0;1;1;-20,6572762;-40,6175371;"SPRF-ES";"DEL03-ES";"UOP01-DEL03-ES"
319296;2020-11-05;"quinta-feira";"12:50:00";"RS";287;253,9;"SANTA MARIA";"Defeito Mecânico no Veículo";"Tombamento";"Com Vítimas Feridas";"Pleno dia";"Decrescente";"Céu Claro";"Dupla";"Em Obras";"Não";1;0;1;0;0;0;1;1;-29,68806284;-53,90069397;"SPRF-RS";"DEL09-RS";"UOP01-DEL09-RS"
319297;2020-11-05;"quinta-feira";"12:35:00";"SC";101;140;"BALNEARIO CAMBORIU";"Pista Escorregadia";"Colisão com objeto estático";"Sem Vítimas";"Pleno dia";"Crescente";"Céu Claro";"Dupla";"Aclive";"Sim";2;0;0;0;2;0;0;2;-27,03881189;-48,60025148;"SPRF-SC";"DEL04-SC";"UOP03-DEL04-SC"