"id";"data_inversa";"dia_semana";"horario";"uf";"br";"km";"municipio";"causa_acidente";"tipo_acidente";"classificacao_acidente";"fase_dia";"sentido_via";"condicao_metereologica";"tipo_pista";"tracado_via";"uso_solo";"pessoas";"mortos";"feridos_leves";"feridos_graves";"ilesos";"ignorados";"feridos";"veiculos";"latitude";"longitude";"regional";"delegacia";"uop"
319554;2020-11-06;"sexta-feira";"19:40:00";"SC";101;217,1;"PALHOCA";"Velocidade Incompatível";"Colisão com objeto estático";"Com Vítimas Feridas";"Plena Noite";"Decrescente";"Céu Claro";"Múltipla";"Reta";"Não";1;0;1;0;0;0;1;1;-27,66788885;-48,67357492;"SPRF-SC";"DEL01-SC";"UOP02-DEL01-SC"
319555;2020-11-06;"sexta-feira";"18:40:00";"MG";381;516;"IGARAPE";"Falta de Atenção à Condução";"Queda de ocupante de veículo";"Com Vítimas Feridas";"Plena Noite";"Decrescente";"Céu Claro";"Dupla";"Curva";"Não";1;0;1;0;0;0;1;1;-20,10866993;-44,31488799;"SPRF-MG";"DEL01-MG";"UOP03-DEL01-MG"
319557;2020-11-06;"sexta-feira";"20:00:00";"PE";101;113,8;"IPOJUCA";"Velocidade Incompatível";"Colisão com objeto estático";"Com Vítimas Feridas";"Pleno dia";"Crescente";"Chuva";"Dupla";"Curva";"Não";2;0;1;0;1;0;1;2;-8,33107097;-35,12666499;"SPRF-PE";"DEL01-PE";"UOP03-DEL01-PE"
319558;2020-11-06;"sexta-feira";"20:55:00";"CE";116;42;"HORIZONTE";"Desobediência às normas de trânsito pelo condutor";"Colisão transversal";"Com Vítimas Feridas";"Plena Noite";"Crescente";"Céu Claro";"Dupla";"Reta";"Não";3;0;1;1;0;1;2;2;-4,10857928;-38,4942173;"SPRF-CE";"DEL01-CE";"UOP02-DEL01-CE"
319559;2020-11-06;"sexta-feira";"20:15:00";"SP";381;50;"ATIBAIA";"Desobediência às normas de trânsito pelo condutor";"Colisão traseira";"Sem Vítimas";"Plena Noite";"Decrescente";"Céu Claro";"Dupla";"Reta";"Não";2;0;0;0;2;0;0;2;-23,21359807;-46,59367981;"SPRF-SP";"DEL03-SP";"UOP01-DEL03-SP"
319560;2020-11-06;"sexta-feira";"20:30:00";"SC";280;24;"ARAQUARI";"Ingestão de Álcool";"Atropelamento de Pedestre";"Com Vítimas Feridas";"Plena Noite";"Crescente";"Céu Claro";"Simples";"Reta";"Sim";2;0;1;0;1;0;1;2;-26,37724921;-48,71953282;"SPRF-SC";"DEL03-SC";"UOP03-DEL03-SC"
319564;2020-11-06;"sexta-feira";"20:00:00";"PR";376;465,6;"PONTA GROSSA";"Ingestão de Álcool";"Colisão frontal";"Com Vítimas Feridas";"Plena Noite";"Crescente";"Nublado";"Dupla";"Reta";"Não";7;0;2;2;2;1;4;4;-25,0269399;-50,31345591;"SPRF-PR";"DEL03-PR";"UOP04-DEL03-PR"
319565;2020-11-06;"sexta-feira";"19:10:00";"PR";476;9;"COLOMBO";"Falta de Atenção à Condução";"Colisão traseira";"Com Vítimas Feridas";"Plena Noite";"Decrescente";"Céu Claro";"Dupla";"Reta";"Sim";2;0;2;0;0;0;2;2;-25,371198;-49,127288;"SPRF-PR";"DEL01-PR";"UOP02-DEL01-PR"
319566;2020-11-06;"sexta-feira";"19:00:00";"ES";262;100;"VENDA NOVA DO IMIGRANTE";"Falta de Atenção à Condução";"Tombamento";"Com Vítimas Feridas";"Plena Noite";"Decrescente";"Garoa/Chuvisco";"Simples";"Reta";"Não";1;0;1;0;0;0;1;1;-20,34889991;-41,102073;"SPRF-ES";"DEL01-ES";"UOP02-DEL01-ES"
319567;2020-11-06;"sexta-feira";"13:33:00";"SC";282;501,4;"XANXERE";"Falta de Atenção à Condução";"Colisão traseira";"Sem Vítimas";"Pleno dia";"Crescente";"Sol";"Dupla";"Rotatória";"Sim";2;0;0;0;2;0;0;2;-26,882715;-52,381729;"SPRF-SC";"DEL07-SC";"UOP01-DEL07-SC"
319568;2020-11-06;"sexta-feira";"19:35:00";"PR";369;57;"BANDEIRANTES";"Ingestão de Álcool";"Colisão transversal";"Com Vítimas Feridas";"Plena Noite";"Crescente";"Céu Claro";"Simples";"Reta";"Sim";2;0;1;0;1;0;1;2;-23,11827885;-50,37589788;"SPRF-PR";"DEL07-PR";"UOP01-DEL07-PR"
319569;2020-11-06;"sexta-feira";"21:15:00";"MG";40;615,4;"CONGONHAS";"Desobediência às normas de trânsito pelo condutor";"Colisão frontal";"Com Vítimas Feridas";"Plena Noite";"Decrescente";"Céu Claro";"Simples";"Curva;Declive";"Não";6;0;1;0;5;0;1;2;-20,53765999;-43,82077849;"SPRF-MG";"DEL05-MG";"UOP02-DEL05-MG"
319570;2020-11-06;"sexta-feira";"19:40:00";"SC";282;125,3;"CHAPECO";"Desobediência às normas de trânsito pelo condutor";"Colisão frontal";"Com Vítimas Feridas";"Plena Noite";"Crescente";"Céu Claro";"Simples";"Viaduto";"Não";3;0;0;2;1;0;2;2;-27,02773598;-52,6341499;"SPRF-SC";"DEL05-SC";"UOP01-DEL05-SC"
319571;2020-11-06;"sexta-feira";"20:00:00";"PR";163;57,1;"PEROLA DOESTE";"Falta de Atenção à Condução";"Saída de leito carroçável";"Com Vítimas Feridas";"Plena Noite";"Decrescente";"Nublado";"Simples";"Declive;Curva";"Não";1;0;1;0;0;0;1;1;-25,89315967;-53,75451749;"SPRF-PR";"DEL02-PR";"UOP02-DEL02-PR"
319573;2020-11-06;"sexta-feira";"22:30:00";"SP";116;64,7;"GUARATINGUETA";"Deficiência ou não Acionamento do Sistema de Iluminação/Sinalização do Veículo";"Colisão traseira";"Com Vítimas Feridas";"Plena Noite";"Decrescente";"Nublado";"Dupla";"Retorno Regulamentado;Aclive;Curva";"Sim";2;0;0;1;1;0;1;2;-22,82310225;-45,19129515;"SPRF-SP";"DEL08-SP";"UOP01-DEL08-SP"
319575;2020-11-06;"sexta-feira";"22:15:00";"SC";470;147;"RIO DO SUL";"Ingestão de Álcool";"Engavetamento";"Com Vítimas Feridas";"Plena Noite";"Crescente";"Nublado";"Simples";"Reta";"Sim";3;0;1;0;2;0;1;3;-27,24424773;-49,69140351;"SPRF-SC";"DEL04-SC";"UOP02-DEL04-SC"
319576;2020-11-06;"sexta-feira";"22:10:00";"RN";101;83,5;"NATAL";"Defeito Mecânico no Veículo";"Queda de ocupante de veículo";"Com Vítimas Feridas";"Plena Noite";"Decrescente";"Céu Claro";"Dupla";"Reta";"Sim";2;0;1;0;1;0;1;1;-5,7710445;-35,26616981;"SPRF-RN";"DEL02-RN";"UOP01-DEL02-RN"
319577;2020-11-06;"sexta-feira";"22:45:00";"ES";101;296,7;"CARIACICA";"Falta de Atenção à Condução";"Colisão com objeto estático";"Com Vítimas Feridas";"Plena Noite";"Decrescente";"Céu Claro";"Dupla";"Curva";"Sim";2;0;1;0;1;0;1;2;-20,34029997;-40,40405712;"SPRF-ES";"DEL01-ES";"UOP01-DEL01-ES"
319578;2020-11-06;"sexta-feira";"22:25:00";"SC";282;23,4;"SANTO AMARO DA IMPERATRIZ";"Desobediência às normas de trânsito pelo condutor";"Colisão transversal";"Com Vítimas Feridas";"Plena Noite";"Decrescente";"Céu Claro";"Simples";"Reta";"Sim";2;0;1;0;1;0;1;2;-27,687958;-48,736794;"SPRF-SC";"DEL01-SC";"UOP02-DEL01-SC"
319579;2020-11-06;"sexta-feira";"23:00:00";"BA";101;616,5;"MASCOTE";"Restrição de Visibilidade";"Colisão traseira";"Com Vítimas Feridas";"Plena Noite";"Decrescente";"Nublado";"Simples";"Curva";"Não";2;0;1;0;1;0;1;2;-15,75042705;-39,4801369;"SPRF-BA";"DEL05-BA";"UOP02-DEL05-BA"
319582;2020-11-06;"sexta-feira";"20:55:00";"MG";116;279,1;"TEOFILO OTONI";"Falta de Atenção à Condução";"Colisão frontal";"Com Vítimas Feridas";"Plena Noite";"Decrescente";"Ignorado";"Simples";"Reta";"Sim";5;0;0;1;4;0;1;2;-17,87634412;-41,52080762;"SPRF-MG";"DEL11-MG";"UOP01-DEL11-MG"
319584;2020-11-07;"sábado";"00:00:00";"PR";376;80,3;"GUAIRACA";"Ingestão de Álcool";"Colisão frontal";"Com Vítimas Fatais";"Plena Noite";"Decrescente";"Céu Claro";"Simples";"Curva";"Não";5;1;3;0;0;1;3;2;-22,957136;-52,657695;"SPRF-PR";"DEL09-PR";"UOP02-DEL09-PR"
319585;2020-11-06;"sexta-feira";"18:54:00";"PI";135;485;"MONTE ALEGRE DO PIAUI";"Pista Escorregadia";"Capotamento";"Com Vítimas Feridas";"Plena Noite";"Crescente";"Garoa/Chuvisco";"Simples";"Reta";"Não";5;0;4;0;1;0;4;1;-9,713868;-45,141532;"SPRF-PI";"DEL03-PI";"UOP02-DEL03-PI"
319588;2020-11-06;"sexta-feira";"18:40:00";"MG";116;221,4;"CATUJI";"Falta de Atenção à Condução";"Colisão com objeto estático";"Com Vítimas Feridas";"Plena Noite";"Decrescente";"Ignorado";"Simples";"Reta";"Não";1;0;0;1;0;0;1;1;-17,41543302;-41,51420574;"SPRF-MG";"DEL11-MG";"UOP01-DEL11-MG"
319591;2020-11-07;"sábado";"01:15:00";"SC";101;116;"ITAJAI";"Falta de Atenção à Condução";"Saída de leito carroçável";"Sem Vítimas";"Plena Noite";"Crescente";"Céu Claro";"Dupla";"Reta";"Sim";2;0;0;0;2;0;0;1;-26,87905605;-48,72603512;"SPRF-SC";"DEL04-SC";"UOP04-DEL04-SC"
319593;2020-11-06;"sexta-feira";"23:30:00";"BA";367;83;"EUNAPOLIS";"Desobediência às normas de trânsito pelo condutor";"Colisão transversal";"Com Vítimas Feridas";"Plena Noite";"Decrescente";"Garoa/Chuvisco";"Simples";"Reta";"Sim";2;0;1;0;1;0;1;2;-16,37256267;-39,57064408;"SPRF-BA";"DEL09-BA";"UOP01-DEL09-BA"
319594;2020-11-07;"sábado";"01:25:00";"DF";70;4,6;"BRASILIA";"Ingestão de Álcool";"Saída de leito carroçável";"Sem Vítimas";"Plena Noite";"Decrescente";"Nublado";"Dupla";"Reta";"Sim";2;0;0;0;2;0;0;2;-15,7961766;-48,09325218;"SPRF-DF";"DEL03-DF";"UOP02-DEL03-DF"
319595;2020-11-06;"sexta-feira";"21:50:00";"SE";235;53,9;"ITABAIANA";"Ingestão de Álcool";"Tombamento";"Com Vítimas Feridas";"Plena Noite";"Crescente";"Céu Claro";"Múltipla";"Reta";"Sim";1;0;1;0;0;0;1;1;-10,684707;-37,440544;"SPRF-SE";"DEL01-SE";"UOP02-DEL01-SE"
319596;2020-11-06;"sexta-feira";"23:00:00";"BA";367;25;"PORTO SEGURO";"Desobediência às normas de trânsito pelo condutor";"Colisão transversal";"Com Vítimas Feridas";"Plena Noite";"Decrescente";"Garoa/Chuvisco";"Simples";"Reta";"Não";3;0;0;2;1;0;2;2;-16,37661532;-39,31582784;"SPRF-BA";"DEL09-BA";"UOP01-DEL09-BA"
319597;2020-11-07;"sábado";"02:00:00";"PR";467;97,7;"CASCAVEL";"Velocidade Incompatível";"Saída de leito carroçável";"Com Vítimas Feridas";"Plena Noite";"Crescente";"Céu Claro";"Dupla";"Reta";"Não";1;0;1;0;0;0;1;1;-24,8822;-53,5588;"SPRF-PR";"DEL04-PR";"UOP01-DEL04-PR"
319598;2020-11-07;"sábado";"02:00:00";"PB";230;0;"CABEDELO";"Velocidade Incompatível";"Saída de leito carroçável";"Sem Vítimas";"Plena Noite";"Decrescente";"Céu Claro";"Simples";"Curva";"Sim";2;0;0;0;0;2;0;2;-6,9711;-34,8382;"SPRF-PB";"DEL01-PB";"UOP01-DEL01-PB"
319600;2020-11-07;"sábado";"02:20:00";"MG";50;175;"UBERABA";"Falta de Atenção à Condução";"Saída de leito carroçável";"Com Vítimas Feridas";"Plena Noite";"Decrescente";"Céu Claro";"Dupla";"Reta";"Sim";2;0;1;0;0;1;1;2;-19,77880359;-47,9695118;"SPRF-MG";"DEL13-MG";"UOP01-DEL13-MG"
319601;2020-11-07;"sábado";"04:40:00";"SC";101;115;"ITAJAI";"Condutor Dormindo";"Colisão traseira";"Com Vítimas Feridas";"Amanhecer";"Decrescente";"Céu Claro";"Dupla";"Aclive";"Sim";1;0;1;0;0;0;1;1;-26,87064015;-48,72954134;"SPRF-SC";"DEL04-SC";"UOP04-DEL04-SC"
319602;2020-11-07;"sábado";"03:00:00";"CE";116;476,8;"MILAGRES";"Ingestão de Álcool";"Saída de leito carroçável";"Com Vítimas Feridas";"Plena Noite";"Decrescente";"Céu Claro";"Simples";"Reta";"Não";1;0;1;0;0;0;1;1;-7,23800231;-38,84377498;"SPRF-CE";"DEL05-CE";"UOP03-DEL05-CE"
319603;2020-11-07;"sábado";"04:30:00";"SP";116;219;"GUARULHOS";"Falta de Atenção à Condução";"Saída de leito carroçável";"Com Vítimas Feridas";"Amanhecer";"Crescente";"Nublado";"Múltipla";"Reta";"Sim";2;0;1;1;0;0;2;1;-23,46143954;-46,48885316;"SPRF-SP";"DEL01-SP";"UOP01-DEL01-SP"
319605;2020-11-07;"sábado";"05:15:00";"SC";101;136,5;"BALNEARIO CAMBORIU";"Falta de Atenção à Condução";"Colisão com objeto estático";"Sem Vítimas";"Pleno dia";"Crescente";"Céu Claro";"Dupla";"Reta";"Sim";1;0;0;0;1;0;0;1;-27,008113;-48,617245;"SPRF-SC";"DEL04-SC";"UOP03-DEL04-SC"
319606;2020-11-07;"sábado";"05:30:00";"PR";376;628;"TUNAS DO PARANA";"Falta de Atenção à Condução";"Saída de leito carroçável";"Com Vítimas Feridas";"Amanhecer";"Decrescente";"Céu Claro";"Dupla";"Reta";"Não";4;0;4;0;0;0;4;1;-25;-49;"SPRF-PR";"DEL01-PR";"UOP04-DEL01-PR"
319607;2020-11-06;"sexta-feira";"21:45:00";"SP";381;75;"SAO PAULO";"Falta de Atenção à Condução";"Tombamento";"Com Vítimas Feridas";"Plena Noite";"Decrescente";"Céu Claro";"Dupla";"Curva";"Não";1;0;1;0;0;0;1;1;-23,37660089;-46,56409613;"SPRF-SP";"DEL03-SP";"UOP01-DEL03-SP"
319608;2020-11-06;"sexta-feira";"21:20:00";"PR";373;226;"IMBITUVA";"Desobediência às normas de trânsito pelo condutor";"Tombamento";"Com Vítimas Feridas";"Plena Noite";"Crescente";"Céu Claro";"Simples";"Reta";"Não";1;0;1;0;0;0;1;1;-25,17202656;-50,62984094;"SPRF-PR";"DEL03-PR";"UOP04-DEL03-PR"
319609;2020-11-07;"sábado";"05:25:00";"MS";163;374,7;"NOVA ALVORADA DO SUL";"Falta de Atenção à Condução";"Capotamento";"Com Vítimas Feridas";"Amanhecer";"Decrescente";"Céu Claro";"Simples";"Reta";"Não";1;0;1;0;0;0;1;1;-21,38712;-54,40965;"SPRF-MS";"DEL02-MS";"UOP01-DEL02-MS"
319610;2020-11-07;"sábado";"05:50:00";"PE";232;406,9;"SERRA TALHADA";"Falta de Atenção à Condução";"Queda de ocupante de veículo";"Com Vítimas Feridas";"Pleno dia";"Decrescente";"Céu Claro";"Simples";"Reta";"Sim";2;0;1;0;0;1;1;1;-7,98720861;-38,26249294;"SPRF-PE";"DEL04-PE";"UOP01-DEL04-PE"
319612;2020-11-07;"sábado";"06:30:00";"MG";365;430,7;"PATOS DE MINAS";"Desobediência às normas de trânsito pelo condutor";"Colisão frontal";"Com Vítimas Fatais";"Amanhecer";"Decrescente";"Nublado";"Simples";"Curva";"Não";2;1;0;1;0;0;1;2;-18,75811208;-46,65932178;"SPRF-MG";"DEL10-MG";"UOP01-DEL10-MG"
319613;2020-05-18;"segunda-feira";"18:00:00";"BA";101;107;"ALAGOINHAS";"Animais na Pista";"Atropelamento de Animal";"Com Vítimas Feridas";"Plena Noite";"Crescente";"Céu Claro";"Simples";"Reta";"Sim";1;0;1;0;0;0;1;1;-12,16492;-38,477026;"SPRF-BA";"DEL01-BA";"UOP04-DEL01-BA"
319615;2020-11-07;"sábado";"04:15:00";"SC";282;2;"FLORIANOPOLIS";"Falta de Atenção do Pedestre";"Atropelamento de Pedestre";"Com Vítimas Fatais";"Amanhecer";"Decrescente";"Céu Claro";"Dupla";"Reta";"Sim";2;1;1;0;0;0;1;2;-27,60376071;-48,58399283;"SPRF-SC";"DEL01-SC";"UOP01-DEL01-SC"
319617;2020-11-07;"sábado";"06:40:00";"MG";365;623,1;"UBERLANDIA";"Falta de Atenção à Condução";"Colisão com objeto estático";"Com Vítimas Feridas";"Pleno dia";"Crescente";"Céu Claro";"Dupla";"Reta";"Sim";1;0;0;1;0;0;1;1;-18,90494196;-48,2886403;"SPRF-MG";"DEL15-MG";"UOP01-DEL15-MG"
319620;2020-11-06;"sexta-feira";"19:45:00";"MG";40;214;"JOAO PINHEIRO";"Falta de Atenção à Condução";"Colisão com objeto estático";"Com Vítimas Feridas";"Plena Noite";"Crescente";"Céu Claro";"Simples";"Ponte";"Não";2;0;1;0;1;0;1;2;-17,96105836;-45,70494503;"SPRF-MG";"DEL14-MG";"UOP02-DEL14-MG"
319622;2020-11-07;"sábado";"06:50:00";"ES";101;68;"SAO MATEUS";"Desobediência às normas de trânsito pelo condutor";"Colisão transversal";"Com Vítimas Feridas";"Pleno dia";"Decrescente";"Céu Claro";"Dupla";"Reta";"Sim";2;0;1;0;1;0;1;2;-18,726597;-39,85975;"SPRF-ES";"DEL04-ES";"UOP02-DEL04-ES"
319623;2020-11-07;"sábado";"06:50:00";"PR";373;183,7;"PONTA GROSSA";"Falta de Atenção à Condução";"Saída de leito carroçável";"Sem Vítimas";"Pleno dia";"Crescente";"Céu Claro";"Dupla";"Reta";"Não";1;0;0;0;1;0;0;1;-25,03935712;-50,2767641;"SPRF-PR";"DEL03-PR";"UOP04-DEL03-PR"
319624;2020-11-07;"sábado";"07:40:00";"PE";101;82;"JABOATAO DOS GUARARAPES";"Desobediência às normas de trânsito pelo condutor";"Colisão transversal";"Com Vítimas Feridas";"Pleno dia";"Crescente";"Céu Claro";"Múltipla";"Reta";"Sim";2;0;1;0;1;0;1;2;-8,168383;-34,9376;"SPRF-PE";"DEL01-PE";"UOP03-DEL01-PE"
319625;2020-11-07;"sábado";"05:15:00";"RJ";40;122;"DUQUE DE CAXIAS";"Condutor Dormindo";"Saída de leito carroçável";"Com Vítimas Feridas";"Pleno dia";"Crescente";"Céu Claro";"Múltipla";"Reta";"Não";1;0;1;0;0;0;1;1;-22,79083113;-43,28611569;"SPRF-RJ";"DEL01-RJ";"UOP01-DEL01-RJ"
319626;2020-11-07;"sábado";"06:20:00";"RJ";40;116;"DUQUE DE CAXIAS";"Condutor Dormindo";"Saída de leito carroçável";"Com Vítimas Feridas";"Amanhecer";"Crescente";"Céu Claro";"Dupla";"Reta";"Não";1;0;0;1;0;0;1;1;-22,72489047;-43,28990936;"SPRF-RJ";"DEL01-RJ";"UOP01-DEL01-RJ"
319627;2020-11-07;"sábado";"01:00:00";"BA";101;343,1;"WENCESLAU GUIMARAES";"Desobediência às normas de trânsito pelo pedestre";"Atropelamento de Pedestre";"Com Vítimas Fatais";"Plena Noite";"Crescente";"Céu Claro";"Simples";"Reta";"Não";2;1;0;0;0;1;0;2;-13,68500096;-39,47921006;"SPRF-BA";"DEL05-BA";"UOP03-DEL05-BA"
319632;2020-11-07;"sábado";"05:00:00";"MT";70;383;"CAMPO VERDE";"Ultrapassagem Indevida";"Capotamento";"Com Vítimas Feridas";"Pleno dia";"Crescente";"Céu Claro";"Simples";"Reta";"Não";1;0;1;0;0;0;1;1;-15,53350226;-55,13710374;"SPRF-MT";"DEL05-MT";"UOP02-DEL05-MT"
319633;2020-11-07;"sábado";"07:00:00";"GO";40;1;"VALPARAISO DE GOIAS";"Não guardar distância de segurança";"Engavetamento";"Com Vítimas Feridas";"Pleno dia";"Decrescente";"Céu Claro";"Dupla";"Reta";"Sim";4;0;1;0;3;0;1;4;-16,058245;-47,982825;"SPRF-DF";"DEL01-DF";"UOP01-DEL01-DF"
319634;2020-11-07;"sábado";"06:59:00";"RN";101;97;"NATAL";"Falta de Atenção do Pedestre";"Atropelamento de Pedestre";"Com Vítimas Feridas";"Pleno dia";"Crescente";"Sol";"Múltipla";"Reta";"Sim";3;0;1;0;1;1;1;2;-5,85620774;-35,21228671;"SPRF-RN";"DEL01-RN";"UOP01-DEL01-RN"
319635;2020-11-07;"sábado";"08:23:00";"PE";101;7,3;"GOIANA";"Falta de Atenção à Condução";"Colisão transversal";"Com Vítimas Feridas";"Pleno dia";"Crescente";"Céu Claro";"Múltipla";"Reta";"Sim";2;0;1;0;0;1;1;2;-7,55997111;-34,99072674;"SPRF-PE";"DEL01-PE";"UOP02-DEL01-PE"
319636;2020-11-07;"sábado";"08:40:00";"SC";280;48,1;"GUARAMIRIM";"Falta de Atenção à Condução";"Colisão frontal";"Com Vítimas Feridas";"Pleno dia";"Decrescente";"Sol";"Simples";"Reta";"Sim";4;0;4;0;0;0;4;2;-26,45506795;-48,92766502;"SPRF-SC";"DEL03-SC";"UOP03-DEL03-SC"
319637;2020-11-07;"sábado";"08:30:00";"BA";116;812,7;"VITORIA DA CONQUISTA";"Falta de Atenção à Condução";"Colisão transversal";"Com Vítimas Feridas";"Pleno dia";"Decrescente";"Céu Claro";"Simples";"Reta";"Não";2;0;1;0;1;0;1;2;-14,801565;-40,776447;"SPRF-BA";"DEL08-BA";"UOP01-DEL08-BA"
319638;2020-11-07;"sábado";"08:20:00";"RJ";393;279;"BARRA DO PIRAI";"Desobediência às normas de trânsito pelo condutor";"Colisão transversal";"Com Vítimas Feridas";"Pleno dia";"Crescente";"Céu Claro";"Simples";"Reta";"Sim";3;0;2;0;1;0;2;2;-22,47615736;-44,00889998;"SPRF-RJ";"DEL05-RJ";"UOP04-DEL05-RJ"
319639;2020-11-07;"sábado";"09:15:00";"SE";101;117;"ITAPORANGA DAJUDA";"Falta de Atenção à Condução";"Colisão lateral";"Com Vítimas Feridas";"Pleno dia";"Crescente";"Céu Claro";"Simples";"Declive";"Não";3;0;2;0;1;0;2;2;-11,01647157;-37,32010446;"SPRF-SE";"DEL02-SE";"UOP01-DEL02-SE"
319642;2020-11-07;"sábado";"09:00:00";"RJ";101;297;"ITABORAI";"Desobediência às normas de trânsito pelo pedestre";"Atropelamento de Pedestre";"Com Vítimas Feridas";"Pleno dia";"Crescente";"Nublado";"Dupla";"Reta";"Sim";2;0;1;0;1;0;1;2;-22,76942037;-42,91873581;"SPRF-RJ";"DEL02-RJ";"UOP02-DEL02-RJ"
319643;2020-11-07;"sábado";"10:00:00";"RS";116;247;"SAO LEOPOLDO";"Não guardar distância de segurança";"Colisão lateral";"Com Vítimas Feridas";"Pleno dia";"Decrescente";"Céu Claro";"Múltipla";"Reta";"Sim";3;0;2;0;1;0;2;2;-29,76733091;-51,1535296;"SPRF-RS";"DEL01-RS";"UOP02-DEL01-RS"
319645;2020-11-07;"sábado";"10:30:00";"PE";104;23;"TAQUARITINGA DO NORTE";"Velocidade Incompatível";"Saída de leito carroçável";"Com Vítimas Feridas";"Pleno dia";"Crescente";"Céu Claro";"Simples";"Curva";"Não";2;0;2;0;0;0;2;1;-7,97610775;-36,10427141;"SPRF-PE";"DEL02-PE";"UOP01-DEL02-PE"
319646;2020-11-07;"sábado";"10:28:00";"GO";40;1,3;"VALPARAISO DE GOIAS";"Falta de Atenção do Pedestre";"Atropelamento de Pedestre";"Com Vítimas Feridas";"Pleno dia";"Crescente";"Nublado";"Dupla";"Reta";"Sim";2;0;0;1;1;0;1;2;-16,058245;-47,982825;"SPRF-DF";"DEL01-DF";"UOP01-DEL01-DF"
319649;2020-11-07;"sábado";"10:20:00";"PR";373;416;"CANDOI";"Velocidade Incompatível";"Saída de leito carroçável";"Com Vítimas Feridas";"Pleno dia";"Crescente";"Céu Claro";"Simples";"Curva";"Não";2;0;0;2;0;0;2;1;-25,67554429;-52,12920989;"SPRF-PR";"DEL08-PR";"UOP01-DEL08-PR"
319650;2020-11-07;"sábado";"10:00:00";"PR";369;232;"JANDAIA DO SUL";"Falta de Atenção à Condução";"Colisão transversal";"Com Vítimas Feridas";"Pleno dia";"Crescente";"Céu Claro";"Simples";"Interseção de Vias";"Não";2;0;1;0;1;0;1;2;-23,60273833;-51,6659385;"SPRF-PR";"DEL09-PR";"UOP01-DEL09-PR"
319653;2020-11-07;"sábado";"10:40:00";"PR";277;706;"SANTA TEREZINHA DE ITAIPU";"Avarias e/ou desgaste excessivo no pneu";"Queda de ocupante de veículo";"Com Vítimas Feridas";"Pleno dia";"Crescente";"Sol";"Dupla";"Reta";"Não";1;0;0;1;0;0;1;1;-25,4350489;-54,37780305;"SPRF-PR";"DEL05-PR";"UOP01-DEL05-PR"
319654;2020-11-07;"sábado";"11:35:00";"CE";222;4,5;"CAUCAIA";"Não guardar distância de segurança";"Colisão traseira";"Com Vítimas Feridas";"Pleno dia";"Decrescente";"Céu Claro";"Simples";"Reta";"Sim";3;0;1;0;2;0;1;3;-3,74164754;-38,60449792;"SPRF-CE";"DEL01-CE";"UOP01-DEL01-CE"
319657;2020-11-07;"sábado";"11:30:00";"RS";290;102;"PORTO ALEGRE";"Falta de Atenção à Condução";"Colisão traseira";"Com Vítimas Feridas";"Pleno dia";"Decrescente";"Sol";"Múltipla";"Reta";"Sim";3;0;1;0;2;0;1;2;-29,987228;-51,25613;"SPRF-RS";"DEL01-RS";"UOP01-DEL01-RS"
319658;2020-11-07;"sábado";"09:20:00";"RS";116;122,5;"SAO MARCOS";"Velocidade Incompatível";"Tombamento";"Com Vítimas Feridas";"Pleno dia";"Decrescente";"Céu Claro";"Múltipla";"Curva";"Não";1;0;0;1;0;0;1;1;-29,01040633;-51,07327877;"SPRF-RS";"DEL05-RS";"UOP01-DEL05-RS"
319660;2020-11-07;"sábado";"10:30:00";"RJ";40;33;"TRES RIOS";"Velocidade Incompatível";"Colisão com objeto estático";"Com Vítimas Feridas";"Pleno dia";"Decrescente";"Céu Claro";"Dupla";"Curva";"Não";1;0;1;0;0;0;1;1;-22,19361882;-43,10285747;"SPRF-RJ";"DEL05-RJ";"UOP02-DEL05-RJ"
319661;2020-11-07;"sábado";"11:50:00";"GO";40;5,4;"VALPARAISO DE GOIAS";"Não guardar distância de segurança";"Engavetamento";"Com Vítimas Feridas";"Pleno dia";"Crescente";"Céu Claro";"Dupla";"Reta";"Não";5;0;2;0;2;1;2;3;-16,093134;-47,982236;"SPRF-DF";"DEL01-DF";"UOP01-DEL01-DF"
319663;2020-11-07;"sábado";"10:15:00";"MG";40;611;"CONGONHAS";"Falta de Atenção à Condução";"Tombamento";"Com Vítimas Feridas";"Pleno dia";"Decrescente";"Céu Claro";"Simples";"Curva";"Sim";3;0;0;1;2;0;1;2;-20,51043545;-43,84039195;"SPRF-MG";"DEL05-MG";"UOP02-DEL05-MG"
319664;2020-11-07;"sábado";"10:00:00";"MG";262;597,5;"CAMPOS ALTOS";"Falta de Atenção à Condução";"Saída de leito carroçável";"Sem Vítimas";"Pleno dia";"Decrescente";"Céu Claro";"Simples";"Reta";"Não";2;0;0;0;2;0;0;1;-19,65499912;-46,18848896;"SPRF-MG";"DEL08-MG";"UOP02-DEL08-MG"
319666;2020-11-07;"sábado";"12:40:00";"MG";50;44;"ARAGUARI";"Defeito Mecânico no Veículo";"Saída de leito carroçável";"Com Vítimas Feridas";"Pleno dia";"Crescente";"Sol";"Dupla";"Reta";"Não";2;0;1;0;1;0;1;1;-18,70561658;-48,19108255;"SPRF-MG";"DEL15-MG";"UOP02-DEL15-MG"
319667;2020-11-07;"sábado";"13:45:00";"SC";280;29,5;"ARAQUARI";"Desobediência às normas de trânsito pelo condutor";"Colisão transversal";"Com Vítimas Feridas";"Pleno dia";"Crescente";"Sol";"Simples";"Reta";"Sim";3;0;2;0;1;0;2;2;-26,41066264;-48,75295628;"SPRF-SC";"DEL03-SC";"UOP03-DEL03-SC"