"id";"data_inversa";"dia_semana";"horario";"uf";"br";"km";"municipio";"causa_acidente";"tipo_acidente";"classificacao_acidente";"fase_dia";"sentido_via";"condicao_metereologica";"tipo_pista";"tracado_via";"uso_solo";"pessoas";"mortos";"feridos_leves";"feridos_graves";"ilesos";"ignorados";"feridos";"veiculos";"latitude";"longitude";"regional";"delegacia";"uop"
319787;2020-11-07;"sábado";"18:40:00";"MT";174;286;"PONTES E LACERDA";"Animais na Pista";"Atropelamento de Animal";"Com Vítimas Feridas";"Plena Noite";"Decrescente";"Céu Claro";"Simples";"Reta";"Não";2;0;2;0;0;0;2;1;-15,27026573;-59,2959417;"SPRF-MT";"DEL04-MT";"UOP01-DEL04-MT"
319789;2020-11-07;"sábado";"21:20:00";"RS";472;578,5;"URUGUAIANA";"Desobediência às normas de trânsito pelo condutor";"Colisão frontal";"Com Vítimas Feridas";"Plena Noite";"Crescente";"Céu Claro";"Simples";"Reta";"Sim";4;0;1;0;3;0;1;2;-29,78309139;-57,07035011;"SPRF-RS";"DEL13-RS";"UOP01-DEL13-RS"
319792;2020-11-07;"sábado";"22:00:00";"GO";153;442,3;"ANAPOLIS";"Falta de Atenção à Condução";"Colisão com objeto estático";"Com Vítimas Feridas";"Plena Noite";"Decrescente";"Céu Claro";"Dupla";"Reta;Viaduto";"Sim";2;0;0;1;0;1;1;2;-16,339772;-48,922825;"SPRF-GO";"DEL02-GO";"UOP01-DEL02-GO"
319793;2020-11-07;"sábado";"22:00:00";"ES";101;254,3;"SERRA";"Desobediência às normas de trânsito pelo condutor";"Colisão transversal";"Com Vítimas Feridas";"Plena Noite";"Decrescente";"Céu Claro";"Simples";"Interseção de Vias";"Sim";3;0;2;0;1;0;2;2;-20,1100364;-40,32740141;"SPRF-ES";"DEL02-ES";"UOP01-DEL02-ES"
319794;2020-11-07;"sábado";"22:15:00";"RS";470;177;"VERANOPOLIS";"Velocidade Incompatível";"Colisão com objeto estático";"Sem Vítimas";"Plena Noite";"Crescente";"Céu Claro";"Simples";"Curva";"Sim";1;0;0;0;1;0;0;1;-28,93915139;-51,54591976;"SPRF-RS";"DEL06-RS";"UOP02-DEL06-RS"
319795;2020-11-07;"sábado";"22:10:00";"RS";116;257;"ESTEIO";"Não guardar distância de segurança";"Colisão traseira";"Com Vítimas Feridas";"Plena Noite";"Decrescente";"Nublado";"Dupla";"Reta";"Sim";3;0;1;0;1;1;1;2;-29,84988709;-51,17912008;"SPRF-RS";"DEL01-RS";"UOP02-DEL01-RS"
319797;2020-11-07;"sábado";"22:20:00";"ES";482;103,5;"GUACUI";"Desobediência às normas de trânsito pelo condutor";"Colisão traseira";"Com Vítimas Feridas";"Plena Noite";"Decrescente";"Nublado";"Simples";"Reta";"Sim";4;0;2;0;2;0;2;3;-20,78612815;-41,65592909;"SPRF-ES";"DEL03-ES";"UOP02-DEL03-ES"
319800;2020-11-07;"sábado";"18:10:00";"CE";222;43,6;"SAO GONCALO DO AMARANTE";"Falta de Atenção à Condução";"Queda de ocupante de veículo";"Com Vítimas Feridas";"Plena Noite";"Decrescente";"Céu Claro";"Simples";"Reta";"Não";1;0;1;0;0;0;1;1;-3,67885144;-38,93266816;"SPRF-CE";"DEL01-CE";"UOP03-DEL01-CE"
319802;2020-11-07;"sábado";"21:20:00";"PA";316;151,4;"CAPANEMA";"Falta de Atenção do Pedestre";"Atropelamento de Pedestre";"Com Vítimas Feridas";"Plena Noite";"Decrescente";"Céu Claro";"Simples";"Reta";"Não";2;0;0;1;0;1;1;2;-1,21596964;-47,17673432;"SPRF-PA";"DEL01-PA";"UOP03-DEL01-PA"
319803;2020-11-07;"sábado";"21:40:00";"SC";470;57;"BLUMENAU";"Falta de Atenção à Condução";"Tombamento";"Com Vítimas Feridas";"Plena Noite";"Crescente";"Nublado";"Simples";"Rotatória";"Não";1;0;1;0;0;0;1;1;-26,870407;-49,221844;"SPRF-SC";"DEL04-SC";"UOP01-DEL04-SC"
319804;2020-11-07;"sábado";"23:00:00";"ES";101;68,5;"SAO MATEUS";"Desobediência às normas de trânsito pelo condutor";"Colisão transversal";"Com Vítimas Feridas";"Plena Noite";"Decrescente";"Céu Claro";"Simples";"Rotatória";"Sim";2;0;0;1;1;0;1;2;-18,73556097;-39,86069526;"SPRF-ES";"DEL04-ES";"UOP02-DEL04-ES"
319806;2020-11-07;"sábado";"22:30:00";"GO";414;384;"CORUMBA DE GOIAS";"Velocidade Incompatível";"Saída de leito carroçável";"Com Vítimas Feridas";"Plena Noite";"Crescente";"Céu Claro";"Simples";"Em Obras;Curva;Aclive";"Não";2;0;1;1;0;0;2;1;-15,86700306;-48,77386088;"SPRF-GO";"DEL02-GO";"UOP01-DEL02-GO"
319807;2020-11-07;"sábado";"21:50:00";"GO";153;506;"APARECIDA DE GOIANIA";"Falta de Atenção à Condução";"Queda de ocupante de veículo";"Com Vítimas Feridas";"Plena Noite";"Crescente";"Céu Claro";"Múltipla";"Reta";"Sim";1;0;0;1;0;0;1;1;-16,7633;-49,24;"SPRF-GO";"DEL01-GO";"UOP01-DEL01-GO"
319808;2020-11-07;"sábado";"22:15:00";"RS";153;6,9;"CACHOEIRA DO SUL";"Velocidade Incompatível";"Saída de leito carroçável";"Com Vítimas Feridas";"Plena Noite";"Crescente";"Céu Claro";"Simples";"Curva";"Sim";3;0;2;0;0;1;2;1;-30,01849653;-52,87054539;"SPRF-RS";"DEL02-RS";"UOP03-DEL02-RS"
319810;2020-11-07;"sábado";"23:00:00";"PI";343;590;"FLORIANO";"Ingestão de Álcool";"Tombamento";"Com Vítimas Feridas";"Plena Noite";"Crescente";"Céu Claro";"Dupla";"Reta";"Sim";2;0;2;0;0;0;2;1;-6,78325143;-43,01448941;"SPRF-PI";"DEL03-PI";"UOP01-DEL03-PI"
319814;2020-11-07;"sábado";"22:30:00";"MG";50;163;"UBERABA";"Condutor Dormindo";"Colisão lateral";"Com Vítimas Feridas";"Plena Noite";"Crescente";"Céu Claro";"Dupla";"Reta;Declive";"Não";3;0;1;0;2;0;1;2;-19,67626592;-47,99599279;"SPRF-MG";"DEL13-MG";"UOP01-DEL13-MG"
319816;2020-11-08;"domingo";"00:00:00";"ES";262;48,2;"MARECHAL FLORIANO";"Desobediência às normas de trânsito pelo condutor";"Colisão lateral";"Com Vítimas Feridas";"Pleno dia";"Decrescente";"Nublado";"Simples";"Declive";"Sim";2;0;0;1;1;0;1;2;-20,41192401;-40,68856;"SPRF-ES";"DEL01-ES";"UOP01-DEL01-ES"
319817;2020-11-08;"domingo";"01:00:00";"RN";101;103,4;"PARNAMIRIM";"Ingestão de Álcool";"Colisão lateral";"Com Vítimas Feridas";"Plena Noite";"Crescente";"Céu Claro";"Dupla";"Interseção de Vias";"Sim";2;0;0;1;1;0;1;2;-5,89034022;-35,24894996;"SPRF-RN";"DEL01-RN";"UOP01-DEL01-RN"
319821;2020-11-07;"sábado";"23:30:00";"PA";316;61,3;"CASTANHAL";"Falta de Atenção à Condução";"Colisão transversal";"Com Vítimas Feridas";"Plena Noite";"Crescente";"Céu Claro";"Dupla";"Interseção de Vias";"Sim";2;0;1;0;1;0;1;2;-1,29686015;-47,94639002;"SPRF-PA";"DEL01-PA";"UOP01-DEL01-PA"
319822;2020-11-08;"domingo";"01:00:00";"SP";116;6,5;"QUELUZ";"Defeito Mecânico no Veículo";"Incêndio";"Sem Vítimas";"Plena Noite";"Crescente";"Céu Claro";"Dupla";"Reta";"Não";1;0;0;0;0;1;0;1;-22,53158181;-44,75374706;"SPRF-SP";"DEL08-SP";"UOP02-DEL08-SP"
319834;2020-11-07;"sábado";"23:30:00";"CE";116;367,2;"ICO";"Desobediência às normas de trânsito pelo condutor";"Colisão lateral";"Com Vítimas Feridas";"Plena Noite";"Crescente";"Céu Claro";"Simples";"Reta";"Não";2;0;0;1;1;0;1;2;-6,35600812;-38,77214375;"SPRF-CE";"DEL05-CE";"UOP01-DEL05-CE"
319835;2020-11-08;"domingo";"00:45:00";"PR";476;169;"CONTENDA";"Velocidade Incompatível";"Capotamento";"Com Vítimas Feridas";"Plena Noite";"Crescente";"Nublado";"Simples";"Reta";"Não";2;0;2;0;0;0;2;1;-25,666254;-49,495918;"SPRF-PR";"DEL01-PR";"UOP03-DEL01-PR"
319836;2020-11-07;"sábado";"21:40:00";"RJ";116;142;"DUQUE DE CAXIAS";"Falta de Atenção à Condução";"Colisão com objeto estático";"Sem Vítimas";"Plena Noite";"Decrescente";"Céu Claro";"Dupla";"Reta";"Sim";1;0;0;0;0;1;0;1;-22,64876087;-43,23031638;"SPRF-RJ";"DEL01-RJ";"UOP01-DEL01-RJ"
319838;2020-11-08;"domingo";"01:15:00";"SC";101;219;"PALHOCA";"Ingestão de Álcool";"Colisão traseira";"Com Vítimas Feridas";"Plena Noite";"Decrescente";"Céu Claro";"Dupla";"Reta";"Não";3;0;1;0;2;0;1;2;-27,68392194;-48,66710085;"SPRF-SC";"DEL01-SC";"UOP02-DEL01-SC"
319839;2020-11-07;"sábado";"23:49:00";"SC";282;516,9;"XAXIM";"Ingestão de Álcool";"Colisão traseira";"Com Vítimas Feridas";"Plena Noite";"Crescente";"Céu Claro";"Simples";"Reta";"Não";3;0;1;0;2;0;1;3;-26,930862;-52,499157;"SPRF-SC";"DEL07-SC";"UOP01-DEL07-SC"
319841;2020-11-07;"sábado";"23:15:00";"SC";282;517;"XAXIM";"Ingestão de Álcool";"Colisão frontal";"Com Vítimas Feridas";"Plena Noite";"Decrescente";"Céu Claro";"Simples";"Curva";"Não";6;0;5;1;0;0;6;2;-26,93784328;-52,4993062;"SPRF-SC";"DEL07-SC";"UOP01-DEL07-SC"
319842;2020-11-08;"domingo";"01:40:00";"PE";232;106,2;"BEZERROS";"Ingestão de Álcool";"Colisão com objeto estático";"Com Vítimas Feridas";"Plena Noite";"Decrescente";"Céu Claro";"Dupla";"Reta";"Não";1;0;1;0;0;0;1;1;-8,26300269;-35,79029821;"SPRF-PE";"DEL02-PE";"UOP03-DEL02-PE"
319843;2020-11-08;"domingo";"00:40:00";"MT";163;790;"VERA";"Pista Escorregadia";"Tombamento";"Com Vítimas Feridas";"Plena Noite";"Crescente";"Céu Claro";"Simples";"Reta";"Não";2;0;2;0;0;0;2;1;-12,257387;-55,553001;"SPRF-MT";"DEL06-MT";"UOP01-DEL06-MT"
319844;2020-11-07;"sábado";"23:30:00";"RO";364;812;"PORTO VELHO";"Desobediência às normas de trânsito pelo condutor";"Colisão frontal";"Com Vítimas Feridas";"Plena Noite";"Crescente";"Céu Claro";"Simples";"Reta";"Não";4;0;2;0;2;0;2;2;-9,27302723;-64,50218195;"SPRF-RO";"DEL01-RO";"UOP02-DEL01-RO"
319845;2020-11-08;"domingo";"00:34:00";"PR";277;723;"FOZ DO IGUACU";"Falta de Atenção à Condução";"Colisão com objeto estático";"Com Vítimas Feridas";"Plena Noite";"Decrescente";"Céu Claro";"Dupla";"Retorno Regulamentado";"Sim";1;0;0;1;0;0;1;1;-25,49878215;-54,52985294;"SPRF-PR";"DEL05-PR";"UOP03-DEL05-PR"
319846;2020-11-08;"domingo";"01:20:00";"RS";392;314;"SAO SEPE";"Ingestão de Álcool";"Colisão frontal";"Com Vítimas Feridas";"Plena Noite";"Decrescente";"Céu Claro";"Simples";"Reta";"Não";2;0;0;1;0;1;1;2;-30,03826506;-53,67951814;"SPRF-RS";"DEL09-RS";"UOP01-DEL09-RS"
319847;2020-11-08;"domingo";"00:55:00";"SC";101;138;"BALNEARIO CAMBORIU";"Ingestão de álcool e/ou substâncias psicoativas pelo pedestre";"Colisão lateral";"Sem Vítimas";"Plena Noite";"Crescente";"Céu Claro";"Múltipla";"Reta";"Sim";2;0;0;0;2;0;0;2;-27,02397426;-48,60761649;"SPRF-SC";"DEL04-SC";"UOP03-DEL04-SC"
319848;2020-11-08;"domingo";"01:25:00";"RJ";101;56;"CAMPOS DOS GOYTACAZES";"Ingestão de Álcool";"Colisão com objeto estático";"Sem Vítimas";"Plena Noite";"Crescente";"Céu Claro";"Simples";"Reta";"Sim";1;0;0;0;0;1;0;1;-21,69634699;-41,31019771;"SPRF-RJ";"DEL08-RJ";"UOP01-DEL08-RJ"
319850;2020-11-08;"domingo";"01:10:00";"SC";101;426,8;"SOMBRIO";"Falta de Atenção à Condução";"Saída de leito carroçável";"Sem Vítimas";"Plena Noite";"Decrescente";"Ignorado";"Dupla";"Reta";"Sim";1;0;0;0;1;0;0;1;-29,0402251;-49,61223688;"SPRF-SC";"DEL02-SC";"UOP02-DEL02-SC"
319851;2020-11-08;"domingo";"01:29:00";"SC";470;68;"INDAIAL";"Falta de Atenção à Condução";"Colisão traseira";"Com Vítimas Feridas";"Plena Noite";"Crescente";"Céu Claro";"Simples";"Reta";"Não";3;0;1;0;2;0;1;2;-26,877615;-49,239231;"SPRF-SC";"DEL04-SC";"UOP01-DEL04-SC"
319852;2020-11-08;"domingo";"00:36:00";"SP";116;211,5;"GUARULHOS";"Desobediência às normas de trânsito pelo condutor";"Colisão com objeto estático";"Com Vítimas Fatais";"Plena Noite";"Decrescente";"Céu Claro";"Múltipla";"Reta";"Sim";7;2;2;3;0;0;5;2;-23,435194;-46,426134;"SPRF-SP";"DEL01-SP";"UOP01-DEL01-SP"
319854;2020-11-08;"domingo";"01:50:00";"RJ";116;78;"TERESOPOLIS";"Ingestão de Álcool";"Colisão lateral";"Sem Vítimas";"Plena Noite";"Crescente";"Nublado";"Simples";"Curva";"Sim";2;0;0;0;1;1;0;2;-22,37408687;-42,95260496;"SPRF-RJ";"DEL04-RJ";"UOP01-DEL04-RJ"
319857;2020-11-08;"domingo";"00:30:00";"PI";230;192,2;"OEIRAS";"Animais na Pista";"Atropelamento de Animal";"Com Vítimas Fatais";"Plena Noite";"Decrescente";"Céu Claro";"Simples";"Reta";"Sim";2;1;0;0;0;1;0;2;-6,9864;-42,089097;"SPRF-PI";"DEL04-PI";"UOP01-DEL04-PI"
319860;2020-11-08;"domingo";"00:00:00";"RJ";101;110;"CAMPOS DOS GOYTACAZES";"Defeito Mecânico no Veículo";"Colisão com objeto estático";"Sem Vítimas";"Plena Noite";"Decrescente";"Chuva";"Dupla";"Reta";"Não";1;0;0;0;1;0;0;1;-21,95485025;-41,64355074;"SPRF-RJ";"DEL08-RJ";"UOP02-DEL08-RJ"
319863;2020-11-08;"domingo";"04:23:00";"SP";116;157;"JACAREI";"Falta de Atenção à Condução";"Colisão traseira";"Com Vítimas Feridas";"Amanhecer";"Crescente";"Céu Claro";"Dupla";"Declive";"Sim";2;0;1;0;0;1;1;2;-23,25558031;-45,9437828;"SPRF-SP";"DEL02-SP";"UOP01-DEL02-SP"
319864;2020-11-08;"domingo";"04:00:00";"CE";20;302;"CANINDE";"Condutor Dormindo";"Saída de leito carroçável";"Com Vítimas Feridas";"Amanhecer";"Decrescente";"Céu Claro";"Simples";"Reta";"Não";4;0;1;0;3;0;1;1;-4,39920397;-39,31810503;"SPRF-CE";"DEL02-CE";"UOP01-DEL02-CE"
319871;2020-11-08;"domingo";"05:19:00";"SP";116;225;"GUARULHOS";"Falta de Atenção à Condução";"Atropelamento de Pedestre";"Com Vítimas Feridas";"Amanhecer";"Crescente";"Céu Claro";"Múltipla";"Reta";"Sim";2;0;0;1;1;0;1;2;-23,48586772;-46,54075317;"SPRF-SP";"DEL01-SP";"UOP01-DEL01-SP"
319872;2020-11-08;"domingo";"04:15:00";"RS";287;248;"SANTA MARIA";"Ingestão de Álcool";"Saída de leito carroçável";"Sem Vítimas";"Plena Noite";"Decrescente";"Céu Claro";"Simples";"Reta";"Não";2;0;0;0;1;1;0;2;-29,696018;-53,850956;"SPRF-RS";"DEL09-RS";"UOP01-DEL09-RS"
319873;2020-11-08;"domingo";"04:00:00";"PB";361;7,2;"PATOS";"Falta de Atenção à Condução";"Colisão com objeto estático";"Com Vítimas Feridas";"Plena Noite";"Decrescente";"Céu Claro";"Simples";"Curva";"Sim";1;0;0;1;0;0;1;1;-7,03750454;-37,3199449;"SPRF-PB";"DEL03-PB";"UOP01-DEL03-PB"
319874;2020-11-08;"domingo";"03:20:00";"SC";101;365;"SANGAO";"Condutor Dormindo";"Capotamento";"Com Vítimas Feridas";"Plena Noite";"Crescente";"Céu Claro";"Dupla";"Reta";"Não";4;0;4;0;0;0;4;1;-28,68290284;-49,14759308;"SPRF-SC";"DEL02-SC";"UOP01-DEL02-SC"
319875;2020-11-07;"sábado";"22:45:00";"SC";101;28;"JOINVILLE";"Ingestão de Álcool";"Saída de leito carroçável";"Sem Vítimas";"Plena Noite";"Crescente";"Céu Claro";"Dupla";"Reta";"Não";1;0;0;0;0;1;0;1;-26,20697505;-48,91482635;"SPRF-SC";"DEL03-SC";"UOP01-DEL03-SC"
319876;2020-11-08;"domingo";"04:10:00";"SC";101;155,2;"PORTO BELO";"Ingestão de Álcool";"Capotamento";"Sem Vítimas";"Amanhecer";"Crescente";"Céu Claro";"Múltipla";"Reta";"Não";1;0;0;0;1;0;0;1;-27,16292;-48,61129;"SPRF-SC";"DEL04-SC";"UOP03-DEL04-SC"
319877;2020-11-08;"domingo";"04:40:00";"MG";40;812,9;"MATIAS BARBOSA";"Mal Súbito";"Tombamento";"Com Vítimas Fatais";"Amanhecer";"Crescente";"Nevoeiro/Neblina";"Dupla";"Declive;Reta";"Não";2;1;0;0;0;1;0;2;-21,881958;-43,329433;"SPRF-MG";"DEL05-MG";"UOP01-DEL05-MG"
319878;2020-11-08;"domingo";"05:20:00";"SP";116;278;"ITAPECERICA DA SERRA";"Ingestão de Álcool";"Saída de leito carroçável";"Sem Vítimas";"Amanhecer";"Crescente";"Céu Claro";"Múltipla";"Reta";"Sim";1;0;0;0;0;1;0;1;-23,65508497;-46,84918605;"SPRF-SP";"DEL04-SP";"UOP01-DEL04-SP"
319879;2020-11-08;"domingo";"05:15:00";"AL";101;48,9;"FLEXEIRAS";"Condutor Dormindo";"Capotamento";"Com Vítimas Feridas";"Amanhecer";"Crescente";"Céu Claro";"Dupla";"Curva";"Não";10;0;5;0;5;0;5;1;-9,22279792;-35,77608338;"SPRF-AL";"DEL01-AL";"UOP02-DEL01-AL"
319883;2020-11-08;"domingo";"05:10:00";"SC";470;45;"BLUMENAU";"Falta de Atenção à Condução";"Tombamento";"Com Vítimas Feridas";"Amanhecer";"Crescente";"Nublado";"Simples";"Reta";"Não";1;0;1;0;0;0;1;1;-26,867064;-49,031109;"SPRF-SC";"DEL04-SC";"UOP01-DEL04-SC"
319884;2020-11-08;"domingo";"02:00:00";"AM";230;613;"HUMAITA";"Falta de Atenção à Condução";"Colisão traseira";"Com Vítimas Feridas";"Plena Noite";"Decrescente";"Céu Claro";"Dupla";"Reta";"Sim";2;0;0;1;1;0;1;2;-7;-63;"SPRF-AM";"DEL01-AM";"UOP05-DEL01-AM"
319885;2020-11-08;"domingo";"03:35:00";"MT";163;829;"SINOP";"Falta de Atenção à Condução";"Atropelamento de Pedestre";"Com Vítimas Feridas";"Plena Noite";"Crescente";"Céu Claro";"Dupla";"Reta";"Sim";2;0;1;0;0;1;1;2;-12,040704;-55,51732275;"SPRF-MT";"DEL06-MT";"UOP01-DEL06-MT"
319887;2020-11-08;"domingo";"02:00:00";"MA";10;375,6;"ITINGA DO MARANHAO";"Animais na Pista";"Atropelamento de Animal";"Com Vítimas Fatais";"Plena Noite";"Crescente";"Nevoeiro/Neblina";"Simples";"Reta";"Não";3;1;0;2;0;0;2;1;-4,471299;-47,516045;"SPRF-MA";"DEL04-MA";"UOP03-DEL04-MA"
319888;2020-11-08;"domingo";"02:30:00";"MA";10;375,6;"ITINGA DO MARANHAO";"Fenômenos da Natureza";"Colisão lateral";"Com Vítimas Feridas";"Plena Noite";"Crescente";"Nevoeiro/Neblina";"Simples";"Reta";"Não";3;0;0;1;2;0;1;2;-4,471299;-47,516045;"SPRF-MA";"DEL04-MA";"UOP03-DEL04-MA"
319890;2020-11-08;"domingo";"05:15:00";"PR";116;157;"QUITANDINHA";"Velocidade Incompatível";"Saída de leito carroçável";"Sem Vítimas";"Amanhecer";"Crescente";"Nublado";"Simples";"Reta";"Não";1;0;0;0;0;1;0;1;-25,86771116;-49,36469855;"SPRF-PR";"DEL01-PR";"UOP03-DEL01-PR"
319891;2020-11-08;"domingo";"06:00:00";"SP";381;30;"ATIBAIA";"Condutor Dormindo";"Colisão com objeto estático";"Com Vítimas Feridas";"Pleno dia";"Crescente";"Nevoeiro/Neblina";"Dupla";"Reta";"Sim";3;0;2;0;1;0;2;1;-23,04885102;-46,56482797;"SPRF-SP";"DEL03-SP";"UOP01-DEL03-SP"
319892;2020-11-08;"domingo";"05:00:00";"SC";470;129,3;"LONTRAS";"Falta de Atenção à Condução";"Colisão com objeto estático";"Com Vítimas Feridas";"Amanhecer";"Decrescente";"Céu Claro";"Simples";"Reta";"Não";3;0;3;0;0;0;3;1;-27,148499;-49,556137;"SPRF-SC";"DEL04-SC";"UOP02-DEL04-SC"
319893;2020-11-08;"domingo";"06:12:00";"RJ";101;272;"TANGUA";"Falta de Atenção à Condução";"Saída de leito carroçável";"Com Vítimas Feridas";"Pleno dia";"Decrescente";"Céu Claro";"Dupla";"Reta";"Não";1;0;1;0;0;0;1;1;-22,72935968;-42,70112512;"SPRF-RJ";"DEL02-RJ";"UOP03-DEL02-RJ"
319894;2020-11-08;"domingo";"05:30:00";"MA";222;672;"ACAILANDIA";"Falta de Atenção à Condução";"Tombamento";"Com Vítimas Feridas";"Amanhecer";"Crescente";"Céu Claro";"Simples";"Declive";"Não";1;0;0;1;0;0;1;1;-4,92508085;-47,43821808;"SPRF-MA";"DEL04-MA";"UOP03-DEL04-MA"
319895;2020-11-08;"domingo";"07:00:00";"DF";70;13;"BRASILIA";"Ingestão de Álcool";"Colisão traseira";"Com Vítimas Feridas";"Pleno dia";"Crescente";"Céu Claro";"Dupla";"Reta";"Não";5;0;2;0;3;0;2;2;-15,794558;-48,166584;"SPRF-DF";"DEL03-DF";"UOP02-DEL03-DF"
319897;2020-11-07;"sábado";"20:10:00";"AM";319;811;"CANUTAMA";"Animais na Pista";"Atropelamento de Animal";"Com Vítimas Feridas";"Plena Noite";"Crescente";"Céu Claro";"Simples";"Reta";"Não";2;0;1;0;1;0;1;1;-8,55157807;-63,9878906;"SPRF-RO";"DEL01-RO";"UOP01-DEL01-RO"
319899;2020-11-08;"domingo";"08:00:00";"SC";101;194;"BIGUACU";"Falta de Atenção à Condução";"Colisão traseira";"Com Vítimas Feridas";"Pleno dia";"Crescente";"Céu Claro";"Dupla";"Reta";"Sim";2;0;1;0;1;0;1;2;-27,49815117;-48,65661236;"SPRF-SC";"DEL01-SC";"UOP01-DEL01-SC"
319900;2020-11-08;"domingo";"05:30:00";"PR";153;490;"GENERAL CARNEIRO";"Ingestão de Álcool";"Colisão com objeto estático";"Com Vítimas Feridas";"Amanhecer";"Decrescente";"Céu Claro";"Simples";"Rotatória";"Sim";1;0;1;0;0;0;1;1;-26,42461802;-51,30739689;"SPRF-PR";"DEL02-PR";"UOP03-DEL02-PR"
319901;2020-10-02;"sexta-feira";"18:40:00";"MT";364;194;"RONDONOPOLIS";"Defeito Mecânico no Veículo";"Queda de ocupante de veículo";"Com Vítimas Feridas";"Plena Noite";"Crescente";"Ignorado";"Simples";"Reta";"Não";1;0;0;1;0;0;1;1;-16,52647302;-54,59191501;"SPRF-MT";"DEL02-MT";"UOP01-DEL02-MT"
319902;2020-11-08;"domingo";"07:30:00";"SP";153;63,2;"SAO JOSE DO RIO PRETO";"Ingestão de Álcool";"Colisão lateral";"Sem Vítimas";"Pleno dia";"Crescente";"Céu Claro";"Dupla";"Reta";"Sim";2;0;0;0;2;0;0;2;-20,82149698;-49,35764818;"SPRF-SP";"DEL09-SP";"UOP01-DEL09-SP"
319903;2020-11-08;"domingo";"04:45:00";"ES";262;6,5;"CARIACICA";"Desobediência às normas de trânsito pelo condutor";"Colisão traseira";"Com Vítimas Feridas";"Plena Noite";"Crescente";"Céu Claro";"Múltipla";"Retorno Regulamentado;Interseção de Vias;Reta";"Sim";6;0;1;0;4;1;1;3;-20,34007493;-40,39451305;"SPRF-ES";"DEL01-ES";"UOP01-DEL01-ES"
319905;2020-11-08;"domingo";"08:35:00";"PR";476;127,4;"CURITIBA";"Desobediência às normas de trânsito pelo condutor";"Colisão traseira";"Com Vítimas Feridas";"Pleno dia";"Decrescente";"Céu Claro";"Dupla";"Reta";"Sim";3;0;1;0;1;1;1;3;-25,425167;-49,227158;"SPRF-PR";"DEL01-PR";"UOP03-DEL01-PR"
319906;2020-11-08;"domingo";"06:30:00";"PR";277;332,1;"GUARAPUAVA";"Ingestão de Álcool";"Colisão lateral";"Sem Vítimas";"Pleno dia";"Decrescente";"Céu Claro";"Dupla";"Interseção de Vias";"Não";2;0;0;0;2;0;0;2;-25,36964786;-51,32653697;"SPRF-PR";"DEL08-PR";"UOP01-DEL08-PR"
319907;2020-11-08;"domingo";"01:40:00";"DF";60;12;"BRASILIA";"Desobediência às normas de trânsito pelo condutor";"Colisão frontal";"Com Vítimas Feridas";"Plena Noite";"Crescente";"Céu Claro";"Dupla";"Reta";"Sim";2;0;0;1;0;1;1;2;-15,916267;-48,164268;"SPRF-DF";"DEL03-DF";"UOP01-DEL03-DF"
319908;2020-11-08;"domingo";"06:00:00";"PR";153;380,5;"MALLET";"Falta de Atenção à Condução";"Saída de leito carroçável";"Sem Vítimas";"Amanhecer";"Crescente";"Nublado";"Simples";"Curva";"Não";1;0;0;0;0;1;0;1;-25,80501902;-50,85037484;"SPRF-PR";"DEL02-PR";"UOP04-DEL02-PR"
319909;2020-11-08;"domingo";"07:45:00";"MT";163;1034;"MATUPA";"Ultrapassagem Indevida";"Saída de leito carroçável";"Com Vítimas Feridas";"Pleno dia";"Decrescente";"Nublado";"Simples";"Reta";"Não";4;0;2;0;2;0;2;1;-10,212834;-54,965177;"SPRF-MT";"DEL06-MT";"NPF/DEL06-MT"
319911;2020-11-08;"domingo";"06:00:00";"BA";101;948;"MUCURI";"Defeito Mecânico no Veículo";"Incêndio";"Sem Vítimas";"Plena Noite";"Crescente";"Céu Claro";"Simples";"Reta";"Não";1;0;0;0;0;1;0;1;-18,16840196;-39,91873914;"SPRF-BA";"DEL09-BA";"UOP02-DEL09-BA"
319920;2020-11-08;"domingo";"09:00:00";"MG";262;378;"JUATUBA";"Velocidade Incompatível";"Saída de leito carroçável";"Com Vítimas Feridas";"Pleno dia";"Crescente";"Céu Claro";"Dupla";"Curva;Aclive";"Não";1;0;1;0;0;0;1;1;-19,95652262;-44,3648278;"SPRF-MG";"DEL01-MG";"UOP03-DEL01-MG"
319921;2020-11-08;"domingo";"09:00:00";"DF";70;19;"BRASILIA";"Falta de Atenção à Condução";"Queda de ocupante de veículo";"Com Vítimas Feridas";"Pleno dia";"Crescente";"Céu Claro";"Dupla";"Aclive";"Não";1;0;1;0;0;0;1;1;-15,788868;-48,220242;"SPRF-DF";"DEL03-DF";"UOP02-DEL03-DF"
319922;2020-11-08;"domingo";"09:30:00";"SE";101;114;"ITAPORANGA DAJUDA";"Falta de Atenção à Condução";"Colisão transversal";"Sem Vítimas";"Pleno dia";"Crescente";"Sol";"Dupla";"Aclive";"Sim";2;0;0;0;1;1;0;2;-10,997623;-37,302944;"SPRF-SE";"DEL02-SE";"UOP01-DEL02-SE"
319923;2020-11-08;"domingo";"08:10:00";"RS";116;530;"CAPAO DO LEAO";"Falta de Atenção à Condução";"Colisão transversal";"Com Vítimas Feridas";"Pleno dia";"Decrescente";"Céu Claro";"Simples";"Interseção de Vias";"Sim";5;0;2;0;3;0;2;3;-31,7590834;-52,43687971;"SPRF-RS";"DEL07-RS";"UOP01-DEL07-RS"