"id";"data_inversa";"dia_semana";"horario";"uf";"br";"km";"municipio";"causa_acidente";"tipo_acidente";"classificacao_acidente";"fase_dia";"sentido_via";"condicao_metereologica";"tipo_pista";"tracado_via";"uso_solo";"pessoas";"mortos";"feridos_leves";"feridos_graves";"ilesos";"ignorados";"feridos";"veiculos";"latitude";"longitude";"regional";"delegacia";"uop"
319924;2020-10-03;"sábado";"16:45:00";"MG";40;777;"JUIZ DE FORA";"Velocidade Incompatível";"Saída de leito carroçável";"Com Vítimas Feridas";"Pleno dia";"Crescente";"Céu Claro";"Dupla";"Curva";"Não";5;0;0;1;0;4;1;2;-21,65915396;-43,43351652;"SPRF-MG";"DEL05-MG";"UOP01-DEL05-MG"
319927;2020-11-08;"domingo";"01:00:00";"MG";381;855,5;"POUSO ALEGRE";"Condutor Dormindo";"Saída de leito carroçável";"Sem Vítimas";"Plena Noite";"Decrescente";"Céu Claro";"Dupla";"Reta";"Não";2;0;0;0;1;1;0;2;-22,32218405;-45,90735795;"SPRF-MG";"DEL16-MG";"UOP01-DEL16-MG"
319929;2020-11-08;"domingo";"10:00:00";"GO";153;512,5;"APARECIDA DE GOIANIA";"Falta de Atenção à Condução";"Colisão traseira";"Com Vítimas Feridas";"Pleno dia";"Crescente";"Nublado";"Múltipla";"Reta";"Sim";10;0;4;0;3;3;4;5;-16,8156;-49,2402;"SPRF-GO";"DEL01-GO";"UOP03-DEL01-GO"
319933;2020-11-08;"domingo";"09:40:00";"RS";101;39;"TRES FORQUILHAS";"Falta de Atenção à Condução";"Tombamento";"Com Vítimas Feridas";"Pleno dia";"Decrescente";"Nublado";"Dupla";"Reta";"Não";1;0;1;0;0;0;1;1;-29,53409619;-50,01717704;"SPRF-RS";"DEL03-RS";"UOP02-DEL03-RS"
319951;2020-11-08;"domingo";"10:45:00";"PR";476;141;"CURITIBA";"Velocidade Incompatível";"Colisão lateral";"Sem Vítimas";"Pleno dia";"Crescente";"Céu Claro";"Dupla";"Reta";"Sim";3;0;0;0;2;1;0;3;-25,528614;-49,298798;"SPRF-PR";"DEL01-PR";"UOP03-DEL01-PR"
319953;2020-11-08;"domingo";"10:15:00";"PE";232;411,9;"SERRA TALHADA";"Velocidade Incompatível";"Saída de leito carroçável";"Com Vítimas Feridas";"Pleno dia";"Decrescente";"Céu Claro";"Simples";"Reta";"Sim";1;0;0;1;0;0;1;1;-7,97976163;-38,31087404;"SPRF-PE";"DEL04-PE";"UOP01-DEL04-PE"
319955;2020-11-08;"domingo";"10:00:00";"SC";280;55,4;"GUARAMIRIM";"Não guardar distância de segurança";"Colisão traseira";"Com Vítimas Feridas";"Pleno dia";"Decrescente";"Céu Claro";"Simples";"Interseção de Vias";"Sim";3;0;1;0;2;0;1;2;-26,47584353;-48,9937858;"SPRF-SC";"DEL03-SC";"UOP03-DEL03-SC"
319956;2020-11-08;"domingo";"11:00:00";"SC";101;194;"BIGUACU";"Falta de Atenção à Condução";"Queda de ocupante de veículo";"Com Vítimas Feridas";"Pleno dia";"Decrescente";"Sol";"Dupla";"Reta";"Sim";2;0;1;0;0;1;1;2;-27,49815117;-48,65661236;"SPRF-SC";"DEL01-SC";"UOP01-DEL01-SC"
319957;2020-11-08;"domingo";"10:30:00";"RS";392;15,5;"RIO GRANDE";"Falta de Atenção à Condução";"Colisão lateral";"Com Vítimas Feridas";"Pleno dia";"Decrescente";"Céu Claro";"Dupla";"Reta";"Sim";4;0;2;0;1;1;2;3;-32,10814763;-52,16076994;"SPRF-RS";"DEL07-RS";"UOP02-DEL07-RS"
319958;2020-11-08;"domingo";"11:05:00";"MG";381;489,5;"BETIM";"Não guardar distância de segurança";"Colisão traseira";"Com Vítimas Feridas";"Pleno dia";"Crescente";"Céu Claro";"Múltipla";"Curva";"Sim";3;0;2;0;1;0;2;2;-19,96245618;-44,16455495;"SPRF-MG";"DEL01-MG";"UOP03-DEL01-MG"
319959;2020-11-08;"domingo";"11:20:00";"GO";153;630,4;"MORRINHOS";"Condutor Dormindo";"Capotamento";"Sem Vítimas";"Pleno dia";"Crescente";"Nublado";"Dupla";"Reta";"Não";2;0;0;0;2;0;0;1;-17,7942;-49,2016;"SPRF-GO";"DEL03-GO";"UOP01-DEL03-GO"
319960;2020-11-08;"domingo";"03:50:00";"RS";468;60;"CORONEL BICACO";"Desobediência às normas de trânsito pelo condutor";"Saída de leito carroçável";"Com Vítimas Feridas";"Plena Noite";"Crescente";"Céu Claro";"Simples";"Curva";"Não";2;0;2;0;0;0;2;1;-27,76073191;-53,78074491;"SPRF-RS";"DEL08-RS";"UOP02-DEL08-RS"
319961;2020-11-08;"domingo";"07:35:00";"SP";116;223;"GUARULHOS";"Falta de Atenção à Condução";"Colisão traseira";"Com Vítimas Feridas";"Pleno dia";"Crescente";"Céu Claro";"Múltipla";"Reta";"Sim";3;0;1;0;1;1;1;3;-23,47901184;-46,53052211;"SPRF-SP";"DEL01-SP";"UOP01-DEL01-SP"
319962;2020-11-08;"domingo";"11:20:00";"PE";423;188;"ITAIBA";"Defeito Mecânico no Veículo";"Colisão transversal";"Com Vítimas Fatais";"Pleno dia";"Crescente";"Céu Claro";"Simples";"Reta;Declive";"Não";7;3;0;4;0;0;4;2;-9,13359539;-37,21357599;"SPRF-AL";"DEL03-AL";"UOP02-DEL03-AL"
319963;2020-11-08;"domingo";"11:00:00";"SC";282;90,4;"ALFREDO WAGNER";"Falta de Atenção à Condução";"Saída de leito carroçável";"Com Vítimas Feridas";"Pleno dia";"Decrescente";"Céu Claro";"Simples";"Curva";"Não";1;0;1;0;0;0;1;1;-27,683796;-49,222366;"SPRF-SC";"DEL01-SC";"UOP03-DEL01-SC"
319965;2020-11-08;"domingo";"09:00:00";"SC";280;87;"CORUPA";"Velocidade Incompatível";"Queda de ocupante de veículo";"Com Vítimas Feridas";"Pleno dia";"Crescente";"Céu Claro";"Simples";"Curva";"Não";1;0;1;0;0;0;1;1;-26,41501369;-49,25741675;"SPRF-SC";"DEL06-SC";"UOP03-DEL06-SC"
319968;2020-11-08;"domingo";"07:25:00";"RS";116;242;"SAO LEOPOLDO";"Ingestão de Álcool";"Colisão traseira";"Com Vítimas Feridas";"Pleno dia";"Decrescente";"Céu Claro";"Dupla";"Reta";"Sim";3;0;0;1;1;1;1;3;-29,72297087;-51,14858729;"SPRF-RS";"DEL01-RS";"UOP02-DEL01-RS"
319970;2020-11-08;"domingo";"12:30:00";"SP";153;63,2;"SAO JOSE DO RIO PRETO";"Avarias e/ou desgaste excessivo no pneu";"Tombamento";"Com Vítimas Feridas";"Pleno dia";"Decrescente";"Sol";"Dupla";"Curva";"Sim";2;0;2;0;0;0;2;1;-20,82149698;-49,35764818;"SPRF-SP";"DEL09-SP";"UOP01-DEL09-SP"
319974;2020-11-08;"domingo";"11:50:00";"PR";277;727,9;"FOZ DO IGUACU";"Velocidade Incompatível";"Saída de leito carroçável";"Com Vítimas Feridas";"Pleno dia";"Crescente";"Céu Claro";"Dupla";"Viaduto";"Sim";1;0;0;1;0;0;1;1;-25,509605;-54,572291;"SPRF-PR";"DEL05-PR";"UOP03-DEL05-PR"
319975;2020-11-08;"domingo";"13:00:00";"PR";163;38,3;"PRANCHITA";"Velocidade Incompatível";"Saída de leito carroçável";"Com Vítimas Feridas";"Pleno dia";"Decrescente";"Nublado";"Simples";"Curva;Declive";"Não";1;0;1;0;0;0;1;1;-26,040644;-53,729053;"SPRF-PR";"DEL02-PR";"UOP02-DEL02-PR"
319976;2020-11-08;"domingo";"12:50:00";"PE";101;43;"IGARASSU";"Falta de Atenção à Condução";"Colisão traseira";"Com Vítimas Feridas";"Pleno dia";"Decrescente";"Céu Claro";"Múltipla";"Reta;Declive";"Sim";2;0;0;1;1;0;1;2;-7,84753808;-34,90977038;"SPRF-PE";"DEL01-PE";"UOP02-DEL01-PE"
319977;2020-11-08;"domingo";"12:20:00";"PE";232;15;"JABOATAO DOS GUARARAPES";"Defeito Mecânico no Veículo";"Incêndio";"Sem Vítimas";"Pleno dia";"Decrescente";"Céu Claro";"Dupla";"Reta";"Não";1;0;0;0;1;0;0;1;-8,09137732;-35,02917918;"SPRF-PE";"DEL01-PE";"UOP01-DEL01-PE"
319978;2020-11-04;"quarta-feira";"19:00:00";"AP";210;104;"PORTO GRANDE";"Não guardar distância de segurança";"Atropelamento de Pedestre";"Com Vítimas Feridas";"Plena Noite";"Crescente";"Céu Claro";"Simples";"Reta";"Sim";2;0;1;1;0;0;2;2;0,6985633;-51,39692189;"SPRF-AP";"DEL01-AP";"UOP01-DEL01-AP"
319979;2020-11-08;"domingo";"11:45:00";"SC";101;11;"GARUVA";"Defeito Mecânico no Veículo";"Tombamento";"Com Vítimas Feridas";"Pleno dia";"Decrescente";"Céu Claro";"Dupla";"Reta";"Não";2;0;2;0;0;0;2;1;-26,07202503;-48,86100853;"SPRF-SC";"DEL03-SC";"UOP01-DEL03-SC"
319980;2020-11-08;"domingo";"11:00:00";"MG";116;752,4;"LEOPOLDINA";"Desobediência às normas de trânsito pelo condutor";"Colisão frontal";"Com Vítimas Feridas";"Pleno dia";"Decrescente";"Céu Claro";"Simples";"Reta";"Não";2;0;1;0;1;0;1;2;-21,47033213;-42,55907489;"SPRF-MG";"DEL07-MG";"UOP01-DEL07-MG"
319981;2020-11-08;"domingo";"13:30:00";"ES";101;137;"LINHARES";"Falta de Atenção à Condução";"Queda de ocupante de veículo";"Com Vítimas Feridas";"Pleno dia";"Decrescente";"Céu Claro";"Simples";"Reta";"Não";1;0;1;0;0;0;1;1;-19,29308199;-40,08591691;"SPRF-ES";"DEL04-ES";"UOP01-DEL04-ES"
319982;2020-11-08;"domingo";"13:00:00";"AL";101;12;"NOVO LINO";"Falta de Atenção à Condução";"Queda de ocupante de veículo";"Com Vítimas Feridas";"Pleno dia";"Crescente";"Céu Claro";"Dupla";"Reta";"Não";2;0;1;1;0;0;2;1;-8,96488908;-35,6719997;"SPRF-AL";"DEL01-AL";"UOP02-DEL01-AL"
319985;2020-11-08;"domingo";"13:30:00";"ES";101;269;"SERRA";"Desobediência às normas de trânsito pelo condutor";"Colisão transversal";"Com Vítimas Feridas";"Pleno dia";"Decrescente";"Céu Claro";"Múltipla";"Reta";"Sim";3;0;0;2;1;0;2;2;-20,21740496;-40,26990578;"SPRF-ES";"DEL02-ES";"UOP01-DEL02-ES"
319986;2020-11-08;"domingo";"13:50:00";"RS";116;142,5;"CAXIAS DO SUL";"Velocidade Incompatível";"Colisão com objeto estático";"Com Vítimas Feridas";"Pleno dia";"Crescente";"Sol";"Dupla";"Curva";"Sim";1;0;1;0;0;0;1;1;-29,11727;-51,115208;"SPRF-RS";"DEL05-RS";"UOP01-DEL05-RS"
319987;2020-11-08;"domingo";"12:20:00";"RS";468;66;"CAMPO NOVO";"Defeito Mecânico no Veículo";"Saída de leito carroçável";"Com Vítimas Feridas";"Pleno dia";"Crescente";"Céu Claro";"Simples";"Reta";"Não";2;0;2;0;0;0;2;1;-27,74402797;-53,83268092;"SPRF-RS";"DEL08-RS";"UOP02-DEL08-RS"
319988;2020-11-08;"domingo";"09:00:00";"MG";381;720,9;"CARMO DA CACHOEIRA";"Falta de Atenção à Condução";"Saída de leito carroçável";"Com Vítimas Feridas";"Pleno dia";"Crescente";"Céu Claro";"Simples";"Curva";"Não";2;0;2;0;0;0;2;1;-21,46061202;-45,20743901;"SPRF-MG";"DEL04-MG";"UOP02-DEL04-MG"
319989;2020-11-08;"domingo";"14:00:00";"PR";116;8;"CAMPINA GRANDE DO SUL";"Velocidade Incompatível";"Saída de leito carroçável";"Com Vítimas Feridas";"Pleno dia";"Crescente";"Céu Claro";"Dupla";"Declive";"Sim";1;0;1;0;0;0;1;1;-25,3697;-49,1158;"SPRF-PR";"DEL01-PR";"UOP02-DEL01-PR"
319991;2020-11-08;"domingo";"14:12:00";"PB";230;514;"CACHOEIRA DOS INDIOS";"Falta de Atenção à Condução";"Saída de leito carroçável";"Sem Vítimas";"Pleno dia";"Crescente";"Céu Claro";"Simples";"Reta";"Não";1;0;0;0;1;0;0;1;-6,8847;-38,6229;"SPRF-PB";"DEL03-PB";"UOP03-DEL03-PB"
319993;2020-11-08;"domingo";"14:50:00";"MG";251;489,4;"FRANCISCO SA";"Pista Escorregadia";"Tombamento";"Com Vítimas Feridas";"Pleno dia";"Crescente";"Céu Claro";"Simples";"Reta";"Não";1;0;0;1;0;0;1;1;-16,52754522;-43,57481395;"SPRF-MG";"DEL12-MG";"UOP01-DEL12-MG"
319994;2020-11-08;"domingo";"15:00:00";"MG";381;513;"IGARAPE";"Animais na Pista";"Colisão com objeto estático";"Com Vítimas Feridas";"Pleno dia";"Crescente";"Sol";"Dupla";"Reta";"Sim";3;0;1;2;0;0;3;1;-20,075782;-44,303122;"SPRF-MG";"DEL01-MG";"UOP03-DEL01-MG"
319995;2020-11-08;"domingo";"15:00:00";"SE";101;54;"CARMOPOLIS";"Desobediência às normas de trânsito pelo condutor";"Colisão transversal";"Com Vítimas Feridas";"Pleno dia";"Decrescente";"Sol";"Simples";"Interseção de Vias";"Sim";3;0;2;0;1;0;2;2;-10,62656711;-36,99773792;"SPRF-SE";"DEL02-SE";"UOP02-DEL02-SE"
319996;2020-11-08;"domingo";"15:10:00";"GO";153;629,8;"MORRINHOS";"Falta de Atenção à Condução";"Saída de leito carroçável";"Com Vítimas Feridas";"Pleno dia";"Decrescente";"Céu Claro";"Dupla";"Reta";"Não";3;0;3;0;0;0;3;1;-17,7881;-49,1948;"SPRF-GO";"DEL03-GO";"UOP01-DEL03-GO"
319997;2020-11-08;"domingo";"15:15:00";"RJ";101;212;"CASIMIRO DE ABREU";"Condutor Dormindo";"Colisão traseira";"Com Vítimas Feridas";"Pleno dia";"Decrescente";"Chuva";"Dupla";"Reta";"Não";4;0;2;0;2;0;2;2;-22,486065;-42,254357;"SPRF-RJ";"DEL08-RJ";"UOP04-DEL08-RJ"
319998;2020-11-08;"domingo";"12:45:00";"RJ";101;555;"PARATY";"Falta de Atenção à Condução";"Saída de leito carroçável";"Com Vítimas Feridas";"Pleno dia";"Decrescente";"Nublado";"Simples";"Reta";"Não";2;0;1;1;0;0;2;1;-23,07564299;-44,69734406;"SPRF-RJ";"DEL03-RJ";"UOP04-DEL03-RJ"
319999;2020-11-07;"sábado";"23:01:00";"MA";316;1;"BOA VISTA DO GURUPI";"Desobediência às normas de trânsito pelo condutor";"Colisão frontal";"Sem Vítimas";"Plena Noite";"Crescente";"Céu Claro";"Simples";"Reta";"Sim";3;0;0;0;1;2;0;2;-1,796192;-46,309158;"SPRF-MA";"DEL02-MA";"UOP02-DEL02-MA"
320000;2020-11-08;"domingo";"15:50:00";"ES";101;265;"SERRA";"Desobediência às normas de trânsito pelo condutor";"Colisão transversal";"Com Vítimas Feridas";"Pleno dia";"Crescente";"Céu Claro";"Múltipla";"Retorno Regulamentado";"Sim";3;0;2;0;1;0;2;2;-20,17859107;-40,26540941;"SPRF-ES";"DEL02-ES";"UOP01-DEL02-ES"
320001;2020-11-08;"domingo";"15:50:00";"RJ";101;190;"CASIMIRO DE ABREU";"Desobediência às normas de trânsito pelo condutor";"Atropelamento de Pedestre";"Com Vítimas Feridas";"Pleno dia";"Decrescente";"Garoa/Chuvisco";"Dupla";"Reta";"Não";2;0;1;0;1;0;1;2;-22,46340846;-42,0658817;"SPRF-RJ";"DEL08-RJ";"UOP04-DEL08-RJ"
320002;2020-11-08;"domingo";"15:00:00";"MT";163;842;"SINOP";"Falta de Atenção à Condução";"Saída de leito carroçável";"Com Vítimas Feridas";"Pleno dia";"Crescente";"Nublado";"Simples";"Reta";"Sim";5;0;2;0;3;0;2;1;-11,92479503;-55,5117839;"SPRF-MT";"DEL06-MT";"NPF/DEL06-MT"
320003;2020-11-08;"domingo";"16:00:00";"ES";101;284,2;"CARIACICA";"Avarias e/ou desgaste excessivo no pneu";"Queda de ocupante de veículo";"Com Vítimas Feridas";"Pleno dia";"Crescente";"Céu Claro";"Dupla";"Curva;Aclive";"Sim";2;0;2;0;0;0;2;1;-20,24334991;-40,3696926;"SPRF-ES";"DEL01-ES";"UOP01-DEL01-ES"
320004;2020-11-08;"domingo";"15:30:00";"PR";277;34;"MORRETES";"Não guardar distância de segurança";"Engavetamento";"Sem Vítimas";"Pleno dia";"Crescente";"Sol";"Dupla";"Curva";"Não";3;0;0;0;3;0;0;3;-25,547373;-48,790559;"SPRF-PR";"DEL01-PR";"UOP05-DEL01-PR"
320005;2020-11-08;"domingo";"16:00:00";"CE";20;413,5;"MARACANAU";"Falta de Atenção à Condução";"Saída de leito carroçável";"Sem Vítimas";"Pleno dia";"Crescente";"Céu Claro";"Múltipla";"Reta";"Sim";1;0;0;0;0;1;0;1;-3,82169268;-38,62968922;"SPRF-CE";"DEL01-CE";"UOP01-DEL01-CE"
320006;2020-11-08;"domingo";"15:20:00";"RJ";101;411;"ITAGUAI";"Velocidade Incompatível";"Capotamento";"Com Vítimas Feridas";"Pleno dia";"Decrescente";"Nublado";"Dupla";"Reta";"Sim";2;0;2;0;0;0;2;1;-22,89484687;-43,84753204;"SPRF-RJ";"DEL03-RJ";"UOP01-DEL03-RJ"
320007;2020-11-08;"domingo";"15:20:00";"SC";101;85,5;"BARRA VELHA";"Avarias e/ou desgaste excessivo no pneu";"Capotamento";"Com Vítimas Feridas";"Pleno dia";"Crescente";"Sol";"Múltipla";"Reta";"Sim";1;0;1;0;0;0;1;1;-26,62840879;-48,70813584;"SPRF-SC";"DEL03-SC";"UOP02-DEL03-SC"
320008;2020-11-08;"domingo";"15:50:00";"PB";101;57;"SANTA RITA";"Defeito Mecânico no Veículo";"Queda de ocupante de veículo";"Com Vítimas Feridas";"Pleno dia";"Crescente";"Céu Claro";"Dupla";"Reta";"Não";2;0;2;0;0;0;2;1;-6,97775678;-35,0777086;"SPRF-PB";"DEL01-PB";"UOP04-DEL01-PB"
320010;2020-11-08;"domingo";"17:00:00";"ES";101;294,8;"CARIACICA";"Ingestão de Álcool";"Colisão traseira";"Com Vítimas Feridas";"Pleno dia";"Decrescente";"Céu Claro";"Dupla";"Reta";"Sim";5;0;3;0;2;0;3;2;-20,32415948;-40,3952903;"SPRF-ES";"DEL01-ES";"UOP01-DEL01-ES"
320011;2020-11-08;"domingo";"15:40:00";"SP";116;118;"TAUBATE";"Não guardar distância de segurança";"Colisão traseira";"Com Vítimas Feridas";"Pleno dia";"Crescente";"Céu Claro";"Simples";"Reta";"Sim";3;0;2;0;1;0;2;1;-23,06266296;-45,62665044;"SPRF-SP";"DEL06-SP";"UOP01-DEL06-SP"
320020;2020-11-08;"domingo";"15:30:00";"DF";0;0;"BRASILIA";"Ingestão de Álcool";"Atropelamento de Pedestre";"Com Vítimas Feridas";"Pleno dia";"Não Informado";"Nublado";"Dupla";"Reta";"Sim";2;0;0;1;0;1;1;2;-15,61365241;-48,19817752;"SPRF-DF";"DEL03-DF";"UOP02-DEL03-DF"
320021;2020-11-08;"domingo";"16:30:00";"SE";235;79,6;"FREI PAULO";"Defeito na Via";"Saída de leito carroçável";"Com Vítimas Feridas";"Pleno dia";"Decrescente";"Céu Claro";"Simples";"Reta;Declive";"Não";5;0;2;0;3;0;2;1;-10,540327;-37,590996;"SPRF-SE";"DEL01-SE";"UOP02-DEL01-SE"
320022;2020-11-08;"domingo";"17:20:00";"DF";20;31,5;"BRASILIA";"Avarias e/ou desgaste excessivo no pneu";"Saída de leito carroçável";"Com Vítimas Feridas";"Pleno dia";"Crescente";"Céu Claro";"Dupla";"Reta";"Não";4;0;2;2;0;0;4;1;-15,592531;-47,594936;"SPRF-DF";"DEL02-DF";"UOP01-DEL02-DF"
320024;2020-11-08;"domingo";"16:30:00";"MS";163;278;"DOURADOS";"Defeito Mecânico no Veículo";"Incêndio";"Sem Vítimas";"Pleno dia";"Crescente";"Céu Claro";"Dupla";"Reta";"Não";1;0;0;0;1;0;0;1;-22,14945463;-54,6341663;"SPRF-MS";"DEL04-MS";"UOP01-DEL04-MS"
320025;2020-11-08;"domingo";"10:00:00";"MG";116;454;"ENGENHEIRO CALDAS";"Ingestão de Álcool";"Saída de leito carroçável";"Com Vítimas Feridas";"Pleno dia";"Decrescente";"Céu Claro";"Simples";"Reta";"Não";1;0;1;0;0;0;1;1;-19,18425398;-42,04045306;"SPRF-MG";"DEL06-MG";"UOP02-DEL06-MG"
320027;2020-11-08;"domingo";"17:40:00";"PR";376;240;"APUCARANA";"Falta de Atenção à Condução";"Colisão traseira";"Com Vítimas Feridas";"Anoitecer";"Decrescente";"Céu Claro";"Simples";"Reta";"Não";4;0;1;0;3;0;1;2;-23,58054376;-51,43596583;"SPRF-PR";"DEL07-PR";"UOP03-DEL07-PR"
320028;2020-11-08;"domingo";"18:00:00";"RS";386;355,5;"ESTRELA";"Velocidade Incompatível";"Saída de leito carroçável";"Com Vítimas Feridas";"Pleno dia";"Decrescente";"Céu Claro";"Dupla";"Reta";"Não";1;0;1;0;0;0;1;1;-29,515066;-51,940083;"SPRF-RS";"DEL04-RS";"UOP02-DEL04-RS"
320029;2020-11-08;"domingo";"18:00:00";"SC";101;195,7;"BIGUACU";"Não guardar distância de segurança";"Colisão traseira";"Com Vítimas Feridas";"Anoitecer";"Decrescente";"Nublado";"Múltipla";"Reta;Aclive";"Sim";2;0;1;0;1;0;1;2;-27,50916114;-48,64503622;"SPRF-SC";"DEL01-SC";"UOP01-DEL01-SC"
320030;2020-11-08;"domingo";"17:45:00";"SC";101;214,7;"PALHOCA";"Não guardar distância de segurança";"Colisão traseira";"Com Vítimas Feridas";"Anoitecer";"Decrescente";"Céu Claro";"Múltipla";"Reta";"Não";3;0;1;2;0;0;3;2;-27,64443;-48,67057;"SPRF-SC";"DEL01-SC";"UOP02-DEL01-SC"
320032;2020-11-08;"domingo";"15:00:00";"BA";324;368;"SAO JOSE DO JACUIPE";"Falta de Atenção à Condução";"Queda de ocupante de veículo";"Com Vítimas Feridas";"Pleno dia";"Decrescente";"Céu Claro";"Simples";"Reta";"Sim";1;0;1;0;0;0;1;1;-11,42119337;-39,89927614;"SPRF-BA";"DEL04-BA";"UOP02-DEL04-BA"
320033;2020-11-08;"domingo";"17:30:00";"SP";116;175,1;"GUARAREMA";"Falta de Atenção à Condução";"Colisão traseira";"Com Vítimas Feridas";"Pleno dia";"Crescente";"Céu Claro";"Simples";"Declive";"Sim";2;0;1;0;1;0;1;1;-23,32173972;-46,100353;"SPRF-SP";"DEL02-SP";"UOP01-DEL02-SP"
320035;2020-11-08;"domingo";"18:30:00";"PB";230;36;"SANTA RITA";"Pista Escorregadia";"Queda de ocupante de veículo";"Com Vítimas Feridas";"Plena Noite";"Decrescente";"Chuva";"Simples";"Declive";"Não";2;0;2;0;0;0;2;1;-7,1246;-34,9473;"SPRF-PB";"DEL01-PB";"UOP03-DEL01-PB"
320036;2020-11-08;"domingo";"18:50:00";"CE";304;48,9;"ARACATI";"Desobediência às normas de trânsito pelo condutor";"Colisão traseira";"Com Vítimas Feridas";"Plena Noite";"Crescente";"Céu Claro";"Simples";"Curva";"Sim";2;0;1;0;1;0;1;2;-4,57863423;-37,77996807;"SPRF-CE";"DEL03-CE";"UOP03-DEL03-CE"
320037;2020-11-08;"domingo";"16:30:00";"PB";101;105,8;"ALHANDRA";"Velocidade Incompatível";"Capotamento";"Com Vítimas Feridas";"Anoitecer";"Crescente";"Nublado";"Dupla";"Curva";"Não";4;0;4;0;0;0;4;1;-7,31683857;-34,9464798;"SPRF-PB";"DEL01-PB";"UOP02-DEL01-PB"
320038;2020-11-08;"domingo";"18:20:00";"RS";116;259,7;"CANOAS";"Falta de Atenção à Condução";"Colisão com objeto estático";"Sem Vítimas";"Anoitecer";"Crescente";"Céu Claro";"Dupla";"Reta";"Sim";1;0;0;0;1;0;0;1;-29,870408;-51,179909;"SPRF-RS";"DEL01-RS";"UOP01-DEL01-RS"
320039;2020-11-08;"domingo";"18:30:00";"PR";272;369;"CAMPO MOURAO";"Falta de Atenção à Condução";"Colisão transversal";"Com Vítimas Fatais";"Plena Noite";"Decrescente";"Céu Claro";"Dupla";"Reta";"Sim";3;1;0;0;1;1;0;3;-24,05558092;-52,4128747;"SPRF-PR";"DEL09-PR";"UOP03-DEL09-PR"
320040;2020-11-08;"domingo";"13:00:00";"BA";101;525,5;"ITABUNA";"Ingestão de Álcool";"Colisão traseira";"Com Vítimas Fatais";"Pleno dia";"Decrescente";"Céu Claro";"Simples";"Reta";"Não";2;1;0;0;1;0;0;2;-14,961756;-39,310132;"SPRF-BA";"DEL05-BA";"UOP01-DEL05-BA"
320041;2020-11-08;"domingo";"18:30:00";"SP";116;114,8;"TAUBATE";"Animais na Pista";"Tombamento";"Com Vítimas Feridas";"Plena Noite";"Crescente";"Céu Claro";"Dupla";"Reta";"Sim";1;0;1;0;0;0;1;1;-23,04654177;-45,59018006;"SPRF-SP";"DEL06-SP";"UOP01-DEL06-SP"
320042;2020-11-08;"domingo";"17:45:00";"BA";101;942;"MUCURI";"Ingestão de Álcool";"Colisão frontal";"Com Vítimas Fatais";"Anoitecer";"Crescente";"Céu Claro";"Simples";"Reta";"Não";3;1;1;1;0;0;2;2;-18,063286;-39,877611;"SPRF-BA";"DEL09-BA";"UOP02-DEL09-BA"
320043;2020-11-08;"domingo";"19:00:00";"PB";230;8;"CABEDELO";"Ingestão de Álcool";"Saída de leito carroçável";"Com Vítimas Feridas";"Plena Noite";"Crescente";"Céu Claro";"Dupla";"Reta;Desvio Temporário";"Sim";1;0;1;0;0;0;1;1;-7,0355;-34,8429;"SPRF-PB";"DEL01-PB";"UOP01-DEL01-PB"
320044;2020-11-08;"domingo";"16:35:00";"RJ";40;114;"DUQUE DE CAXIAS";"Velocidade Incompatível";"Saída de leito carroçável";"Com Vítimas Feridas";"Pleno dia";"Decrescente";"Nublado";"Dupla";"Reta";"Sim";4;0;3;0;1;0;3;1;-22,71853604;-43,28993324;"SPRF-RJ";"DEL01-RJ";"UOP01-DEL01-RJ"
320045;2020-11-08;"domingo";"17:30:00";"GO";40;5,6;"VALPARAISO DE GOIAS";"Ingestão de Álcool";"Colisão traseira";"Sem Vítimas";"Anoitecer";"Crescente";"Nublado";"Dupla";"Reta";"Sim";2;0;0;0;2;0;0;2;-16,093134;-47,982236;"SPRF-DF";"DEL01-DF";"UOP01-DEL01-DF"
320046;2020-11-08;"domingo";"16:40:00";"RJ";40;119,1;"DUQUE DE CAXIAS";"Falta de Atenção à Condução";"Colisão traseira";"Com Vítimas Feridas";"Anoitecer";"Crescente";"Nublado";"Dupla";"Interseção de Vias";"Sim";2;0;1;0;1;0;1;2;-22,7675453;-43,28674436;"SPRF-RJ";"DEL01-RJ";"UOP01-DEL01-RJ"
320048;2020-11-08;"domingo";"18:05:00";"PB";230;158,4;"CAMPINA GRANDE";"Ingestão de Álcool";"Colisão transversal";"Com Vítimas Feridas";"Plena Noite";"Decrescente";"Céu Claro";"Simples";"Reta";"Sim";3;0;2;0;0;1;2;2;-7,2582;-35,9267;"SPRF-PB";"DEL02-PB";"UOP01-DEL02-PB"
320049;2020-11-08;"domingo";"18:30:00";"MG";50;58;"UBERLANDIA";"Ultrapassagem Indevida";"Colisão traseira";"Com Vítimas Feridas";"Anoitecer";"Crescente";"Nublado";"Dupla";"Reta";"Não";3;0;1;1;1;0;2;2;-18,79726021;-48,23648214;"SPRF-MG";"DEL15-MG";"UOP02-DEL15-MG"
320052;2020-11-08;"domingo";"18:30:00";"MS";163;475,5;"CAMPO GRANDE";"Não guardar distância de segurança";"Colisão traseira";"Com Vítimas Feridas";"Plena Noite";"Crescente";"Nublado";"Simples";"Reta";"Sim";3;0;2;0;0;1;2;2;-20,51838231;-54,56658567;"SPRF-MS";"DEL01-MS";"UOP01-DEL01-MS"