"id";"data_inversa";"dia_semana";"horario";"uf";"br";"km";"municipio";"causa_acidente";"tipo_acidente";"classificacao_acidente";"fase_dia";"sentido_via";"condicao_metereologica";"tipo_pista";"tracado_via";"uso_solo";"pessoas";"mortos";"feridos_leves";"feridos_graves";"ilesos";"ignorados";"feridos";"veiculos";"latitude";"longitude";"regional";"delegacia";"uop"
320053;2020-11-08;"domingo";"19:10:00";"GO";40;2,8;"VALPARAISO DE GOIAS";"Falta de Atenção à Condução";"Colisão lateral";"Com Vítimas Feridas";"Plena Noite";"Crescente";"Céu Claro";"Dupla";"Reta";"Sim";2;0;1;0;0;1;1;2;-16,067129;-47,984235;"SPRF-DF";"DEL01-DF";"UOP01-DEL01-DF"
320056;2020-11-08;"domingo";"19:20:00";"SE";101;81;"LARANJEIRAS";"Animais na Pista";"Atropelamento de Animal";"Sem Vítimas";"Plena Noite";"Crescente";"Céu Claro";"Dupla";"Reta";"Não";1;0;0;0;0;1;0;1;-10,80904288;-37,14002862;"SPRF-SE";"DEL01-SE";"UOP01-DEL01-SE"
320057;2020-11-08;"domingo";"18:10:00";"RO";364;515;"ARIQUEMES";"Falta de Atenção à Condução";"Colisão frontal";"Com Vítimas Fatais";"Anoitecer";"Crescente";"Céu Claro";"Simples";"Reta";"Sim";2;1;0;0;1;0;0;2;-9,92497302;-63,05491046;"SPRF-RO";"DEL03-RO";"UOP01-DEL03-RO"
320058;2020-11-08;"domingo";"17:30:00";"MA";10;125;"ESTREITO";"Ingestão de Álcool";"Saída de leito carroçável";"Com Vítimas Feridas";"Pleno dia";"Decrescente";"Céu Claro";"Simples";"Reta";"Não";1;0;0;1;0;0;1;1;-6,589784;-47,438171;"SPRF-MA";"DEL04-MA";"UOP02-DEL04-MA"
320059;2020-11-08;"domingo";"17:00:00";"MG";381;652,1;"SANTO ANTONIO DO AMPARO";"Ingestão de Álcool";"Colisão com objeto estático";"Com Vítimas Fatais";"Pleno dia";"Decrescente";"Nublado";"Dupla";"Curva";"Não";2;1;0;1;0;0;1;1;-20,962013;-44,928718;"SPRF-MG";"DEL04-MG";"UOP02-DEL04-MG"
320060;2020-11-08;"domingo";"20:15:00";"MG";381;456;"BELO HORIZONTE";"Falta de Atenção do Pedestre";"Atropelamento de Pedestre";"Com Vítimas Fatais";"Plena Noite";"Crescente";"Céu Claro";"Dupla";"Reta";"Sim";2;1;0;1;0;0;1;2;-19,85862954;-43,91292495;"SPRF-MG";"DEL01-MG";"UOP01-DEL01-MG"
320063;2020-11-08;"domingo";"15:40:00";"PR";476;225,9;"LAPA";"Falta de Atenção à Condução";"Queda de ocupante de veículo";"Com Vítimas Feridas";"Pleno dia";"Decrescente";"Sol";"Simples";"Reta";"Não";1;0;0;1;0;0;1;1;-25,852789;-49,949684;"SPRF-PR";"DEL02-PR";"UOP04-DEL02-PR"
320065;2020-11-08;"domingo";"19:45:00";"RJ";101;281;"ITABORAI";"Falta de Atenção à Condução";"Engavetamento";"Sem Vítimas";"Plena Noite";"Crescente";"Chuva";"Dupla";"Reta";"Não";5;0;0;0;5;0;0;4;-22,73786208;-42,78692501;"SPRF-RJ";"DEL02-RJ";"UOP03-DEL02-RJ"
320066;2020-11-08;"domingo";"17:30:00";"PE";423;161;"AGUAS BELAS";"Desobediência às normas de trânsito pelo condutor";"Colisão frontal";"Com Vítimas Fatais";"Plena Noite";"Crescente";"Céu Claro";"Simples";"Reta";"Não";2;1;0;0;0;1;0;2;-9,09475044;-36,98347867;"SPRF-PE";"DEL03-PE";"UOP01-DEL03-PE"
320067;2020-11-08;"domingo";"20:00:00";"RS";285;339;"CARAZINHO";"Não guardar distância de segurança";"Colisão traseira";"Sem Vítimas";"Plena Noite";"Decrescente";"Céu Claro";"Simples";"Rotatória";"Sim";2;0;0;0;2;0;0;2;-28,31212621;-52,79281497;"SPRF-RS";"DEL08-RS";"UOP03-DEL08-RS"
320071;2020-11-08;"domingo";"19:30:00";"MT";163;1037;"MATUPA";"Não guardar distância de segurança";"Colisão traseira";"Com Vítimas Feridas";"Plena Noite";"Decrescente";"Céu Claro";"Simples";"Rotatória";"Sim";3;0;2;0;1;0;2;2;-10,18552532;-54,94606018;"SPRF-MT";"DEL06-MT";"NPF/DEL06-MT"
320072;2020-11-08;"domingo";"20:40:00";"GO";153;436;"ANAPOLIS";"Ingestão de Álcool";"Colisão traseira";"Com Vítimas Feridas";"Plena Noite";"Decrescente";"Céu Claro";"Dupla";"Reta";"Sim";2;0;1;0;1;0;1;2;-16,283987;-48,951763;"SPRF-GO";"DEL02-GO";"UOP01-DEL02-GO"
320073;2020-11-08;"domingo";"18:00:00";"BA";242;239;"BOA VISTA DO TUPIM";"Desobediência às normas de trânsito pelo condutor";"Colisão lateral";"Com Vítimas Feridas";"Plena Noite";"Decrescente";"Céu Claro";"Simples";"Curva";"Não";2;0;1;1;0;0;2;1;-12,46436;-40,56495;"SPRF-BA";"DEL06-BA";"UOP02-DEL06-BA"
320075;2020-11-08;"domingo";"20:15:00";"MG";381;491;"BETIM";"Falta de Atenção à Condução";"Colisão lateral";"Sem Vítimas";"Plena Noite";"Crescente";"Céu Claro";"Dupla";"Reta";"Sim";2;0;0;0;1;1;0;2;-19,97018187;-44,18210416;"SPRF-MG";"DEL01-MG";"UOP03-DEL01-MG"
320076;2020-11-08;"domingo";"20:45:00";"GO";452;3;"RIO VERDE";"Defeito Mecânico no Veículo";"Incêndio";"Sem Vítimas";"Plena Noite";"Decrescente";"Céu Claro";"Dupla";"Reta";"Não";1;0;0;0;1;0;0;1;-17,80066089;-50,87743393;"SPRF-GO";"DEL04-GO";"UOP01-DEL04-GO"
320078;2020-11-08;"domingo";"20:39:00";"RS";448;16;"CANOAS";"Defeito Mecânico no Veículo";"Tombamento";"Com Vítimas Feridas";"Plena Noite";"Crescente";"Céu Claro";"Dupla";"Reta";"Sim";2;0;1;0;1;0;1;1;-29,93223;-51,211967;"SPRF-RS";"DEL01-RS";"UOP01-DEL01-RS"
320079;2020-11-08;"domingo";"20:40:00";"SP";381;12;"BRAGANCA PAULISTA";"Falta de Atenção do Pedestre";"Atropelamento de Pedestre";"Com Vítimas Feridas";"Plena Noite";"Crescente";"Céu Claro";"Dupla";"Reta";"Não";2;0;1;0;1;0;1;2;-22,92855105;-46,46168398;"SPRF-SP";"DEL03-SP";"UOP01-DEL03-SP"
320080;2020-11-08;"domingo";"21:00:00";"GO";20;185;"SIMOLANDIA";"Desobediência às normas de trânsito pelo condutor";"Capotamento";"Com Vítimas Feridas";"Plena Noite";"Crescente";"Nublado";"Dupla";"Retorno Regulamentado";"Não";1;0;1;0;0;0;1;1;-14,443042;-46,462242;"SPRF-DF";"DEL02-DF";"UOP03-DEL02-DF"
320081;2020-11-08;"domingo";"21:00:00";"SP";116;215;"GUARULHOS";"Ingestão de Álcool";"Colisão lateral";"Sem Vítimas";"Plena Noite";"Decrescente";"Nublado";"Múltipla";"Reta";"Não";3;0;0;0;2;1;0;3;-23,44695693;-46,45394103;"SPRF-SP";"DEL01-SP";"UOP01-DEL01-SP"
320083;2020-11-08;"domingo";"19:40:00";"AC";364;135;"RIO BRANCO";"Desobediência às normas de trânsito pelo condutor";"Colisão transversal";"Com Vítimas Feridas";"Plena Noite";"Crescente";"Chuva";"Dupla";"Rotatória";"Sim";3;0;2;0;1;0;2;2;-9,98588117;-67,84523538;"SPRF-AC";"DEL01-AC";"UOP01-DEL01-AC"
320086;2020-11-08;"domingo";"12:10:00";"PE";101;70;"RECIFE";"Pista Escorregadia";"Tombamento";"Com Vítimas Feridas";"Pleno dia";"Decrescente";"Céu Claro";"Dupla";"Curva";"Não";1;0;0;1;0;0;1;1;-8,06776119;-34,94265074;"SPRF-PE";"DEL01-PE";"UOP01-DEL01-PE"
320087;2020-11-08;"domingo";"20:55:00";"PE";316;51;"TRINDADE";"Falta de Atenção à Condução";"Queda de ocupante de veículo";"Com Vítimas Fatais";"Plena Noite";"Crescente";"Céu Claro";"Simples";"Reta";"Sim";1;1;0;0;0;0;0;1;-7,72294032;-40,31620626;"SPRF-PE";"DEL05-PE";"UOP02-DEL05-PE"
320088;2020-11-08;"domingo";"17:37:00";"SP";116;174;"JACAREI";"Não guardar distância de segurança";"Colisão com objeto estático";"Com Vítimas Feridas";"Pleno dia";"Crescente";"Céu Claro";"Dupla";"Reta";"Não";2;0;0;1;0;1;1;2;-23,32057287;-46,09074403;"SPRF-SP";"DEL02-SP";"UOP01-DEL02-SP"
320089;2020-11-08;"domingo";"21:05:00";"PB";101;51;"SANTA RITA";"Falta de Atenção à Condução";"Colisão com objeto estático";"Sem Vítimas";"Plena Noite";"Decrescente";"Céu Claro";"Dupla";"Reta";"Não";2;0;0;0;2;0;0;2;-6,93035382;-35,10376671;"SPRF-PB";"DEL01-PB";"UOP04-DEL01-PB"
320090;2020-11-08;"domingo";"20:10:00";"PE";101;46,6;"IGARASSU";"Não guardar distância de segurança";"Colisão traseira";"Com Vítimas Feridas";"Plena Noite";"Crescente";"Garoa/Chuvisco";"Múltipla";"Reta";"Sim";3;0;2;0;1;0;2;2;-7,88027509;-34,90532583;"SPRF-PE";"DEL01-PE";"UOP02-DEL01-PE"
320091;2020-11-08;"domingo";"20:45:00";"PE";232;408,5;"SERRA TALHADA";"Desobediência às normas de trânsito pelo condutor";"Colisão com objeto estático";"Com Vítimas Feridas";"Plena Noite";"Crescente";"Céu Claro";"Simples";"Reta";"Sim";2;0;0;2;0;0;2;1;-7,98371447;-38,28047709;"SPRF-PE";"DEL04-PE";"UOP01-DEL04-PE"
320093;2020-11-08;"domingo";"18:00:00";"MG";381;400;"BOM JESUS DO AMPARO";"Mal Súbito";"Colisão com objeto estático";"Com Vítimas Feridas";"Anoitecer";"Decrescente";"Céu Claro";"Dupla";"Curva";"Não";1;0;0;1;0;0;1;1;-19,74021885;-43,51724307;"SPRF-MG";"DEL01-MG";"UOP01-DEL01-MG"
320094;2020-11-08;"domingo";"21:30:00";"RJ";101;256;"RIO BONITO";"Pista Escorregadia";"Colisão com objeto estático";"Sem Vítimas";"Plena Noite";"Crescente";"Chuva";"Dupla";"Em Obras";"Não";1;0;0;0;1;0;0;1;-22,69621133;-42,56854493;"SPRF-RJ";"DEL02-RJ";"UOP03-DEL02-RJ"
320095;2020-11-08;"domingo";"19:00:00";"PE";232;514;"SALGUEIRO";"Falta de Atenção à Condução";"Capotamento";"Com Vítimas Feridas";"Plena Noite";"Decrescente";"Céu Claro";"Simples";"Reta";"Não";4;0;3;0;0;1;3;1;-8,07047961;-39,17138084;"SPRF-PE";"DEL05-PE";"UOP01-DEL05-PE"
320096;2020-11-08;"domingo";"20:25:00";"MT";163;543;"DIAMANTINO";"Pista Escorregadia";"Saída de leito carroçável";"Com Vítimas Feridas";"Plena Noite";"Crescente";"Nublado";"Simples";"Curva";"Não";3;0;2;0;1;0;2;1;-14,35054567;-56,15009308;"SPRF-MT";"DEL01-MT";"UOP01-DEL01-MT"
320098;2020-11-08;"domingo";"22:40:00";"PR";277;77,1;"SAO JOSE DOS PINHAIS";"Velocidade Incompatível";"Colisão traseira";"Com Vítimas Fatais";"Plena Noite";"Decrescente";"Nublado";"Dupla";"Reta";"Não";2;1;1;0;0;0;1;2;-25,51327981;-49,12433291;"SPRF-PR";"DEL01-PR";"UOP01-DEL01-PR"
320099;2020-11-08;"domingo";"22:30:00";"RS";290;97;"PORTO ALEGRE";"Falta de Atenção à Condução";"Colisão frontal";"Com Vítimas Feridas";"Plena Noite";"Decrescente";"Céu Claro";"Dupla";"Reta";"Sim";3;0;1;0;2;0;1;2;-29,997789;-51,20779;"SPRF-RS";"DEL01-RS";"UOP01-DEL01-RS"
320100;2020-11-08;"domingo";"22:30:00";"RJ";116;128;"MAGE";"Falta de Atenção à Condução";"Colisão traseira";"Com Vítimas Feridas";"Plena Noite";"Decrescente";"Garoa/Chuvisco";"Dupla";"Reta";"Sim";2;0;1;0;1;0;1;2;-22,655047;-43,140968;"SPRF-RJ";"DEL04-RJ";"UOP02-DEL04-RJ"
320102;2020-11-08;"domingo";"22:55:00";"RJ";116;175;"NOVA IGUACU";"Falta de Atenção à Condução";"Colisão traseira";"Sem Vítimas";"Plena Noite";"Decrescente";"Céu Claro";"Múltipla";"Reta";"Sim";3;0;0;0;2;1;0;3;-22,78923555;-43,37275272;"SPRF-RJ";"DEL01-RJ";"UOP02-DEL01-RJ"
320103;2020-11-08;"domingo";"19:30:00";"BA";101;7,5;"RIO REAL";"Falta de Atenção à Condução";"Colisão com objeto estático";"Sem Vítimas";"Plena Noite";"Decrescente";"Céu Claro";"Dupla";"Curva";"Não";1;0;0;0;1;0;0;1;-11,59666208;-37,87803974;"SPRF-SE";"DEL02-SE";"UOP03-DEL02-SE"
320104;2020-11-08;"domingo";"22:15:00";"MS";163;485,3;"CAMPO GRANDE";"Falta de Atenção à Condução";"Colisão lateral";"Com Vítimas Feridas";"Plena Noite";"Crescente";"Nublado";"Simples";"Interseção de Vias";"Sim";3;0;1;0;1;1;1;3;-20,438067;-54,542798;"SPRF-MS";"DEL01-MS";"UOP02-DEL01-MS"
320106;2020-11-08;"domingo";"22:00:00";"PE";101;51;"ABREU E LIMA";"Falta de Atenção à Condução";"Capotamento";"Sem Vítimas";"Plena Noite";"Decrescente";"Chuva";"Dupla";"Curva";"Sim";1;0;0;0;1;0;0;1;-7,9169968;-34,89689272;"SPRF-PE";"DEL01-PE";"UOP02-DEL01-PE"
320110;2020-11-08;"domingo";"23:05:00";"CE";222;5,5;"CAUCAIA";"Pista Escorregadia";"Tombamento";"Com Vítimas Feridas";"Plena Noite";"Crescente";"Céu Claro";"Dupla";"Viaduto";"Sim";1;0;1;0;0;0;1;1;-3,74356422;-38,61958265;"SPRF-CE";"DEL01-CE";"UOP01-DEL01-CE"
320111;2020-11-08;"domingo";"22:28:00";"SC";116;30;"ITAIOPOLIS";"Ingestão de Substâncias Psicoativas";"Colisão transversal";"Com Vítimas Feridas";"Plena Noite";"Crescente";"Céu Claro";"Simples";"Reta";"Não";5;0;4;0;1;0;4;2;-26,31187517;-49,96286886;"SPRF-SC";"DEL06-SC";"UOP01-DEL06-SC"
320112;2020-11-08;"domingo";"22:53:00";"SC";101;133,1;"BALNEARIO CAMBORIU";"Falta de Atenção à Condução";"Colisão lateral";"Com Vítimas Feridas";"Plena Noite";"Decrescente";"Nublado";"Múltipla";"Reta";"Sim";2;0;1;0;1;0;1;2;-26,99936;-48,64609;"SPRF-SC";"DEL04-SC";"UOP03-DEL04-SC"
320113;2020-11-08;"domingo";"22:00:00";"MT";163;692;"LUCAS DO RIO VERDE";"Ingestão de Álcool";"Saída de leito carroçável";"Sem Vítimas";"Plena Noite";"Decrescente";"Garoa/Chuvisco";"Simples";"Reta";"Não";3;0;0;0;3;0;0;1;-13,14258478;-55,96766551;"SPRF-MT";"DEL06-MT";"UOP01-DEL06-MT"
320114;2020-11-08;"domingo";"21:20:00";"MA";135;10;"SAO LUIS";"Ingestão de Álcool";"Colisão com objeto estático";"Sem Vítimas";"Plena Noite";"Decrescente";"Céu Claro";"Dupla";"Curva";"Sim";2;0;0;0;2;0;0;2;-2,655912;-44,28629098;"SPRF-MA";"DEL01-MA";"UOP01-DEL01-MA"
320115;2020-11-08;"domingo";"23:40:00";"PA";222;243,5;"MARABA";"Desobediência às normas de trânsito pelo condutor";"Colisão lateral";"Com Vítimas Feridas";"Plena Noite";"Crescente";"Céu Claro";"Simples";"Curva";"Sim";2;0;1;0;1;0;1;2;-5,339671;-49,08239;"SPRF-PA";"DEL03-PA";"UOP01-DEL03-PA"
320116;2020-11-08;"domingo";"21:50:00";"DF";70;3,4;"BRASILIA";"Falta de Atenção à Condução";"Queda de ocupante de veículo";"Com Vítimas Feridas";"Plena Noite";"Decrescente";"Céu Claro";"Dupla";"Reta";"Sim";1;0;1;0;0;0;1;1;-15,802453;-48,080387;"SPRF-DF";"DEL03-DF";"UOP02-DEL03-DF"
320117;2020-11-09;"segunda-feira";"00:15:00";"MG";40;584;"ITABIRITO";"Pista Escorregadia";"Saída de leito carroçável";"Com Vítimas Feridas";"Plena Noite";"Crescente";"Chuva";"Dupla";"Reta";"Não";1;0;1;0;0;0;1;1;-20,32543595;-43,92760693;"SPRF-MG";"DEL01-MG";"UOP02-DEL01-MG"
320118;2020-11-08;"domingo";"18:55:00";"DF";70;7;"BRASILIA";"Ingestão de Álcool";"Colisão lateral";"Sem Vítimas";"Plena Noite";"Decrescente";"Céu Claro";"Dupla";"Reta";"Sim";2;0;0;0;2;0;0;2;-15,787601;-48,114429;"SPRF-DF";"DEL03-DF";"UOP02-DEL03-DF"
320119;2020-11-08;"domingo";"21:00:00";"SP";116;215;"GUARULHOS";"Falta de Atenção à Condução";"Colisão traseira";"Sem Vítimas";"Plena Noite";"Decrescente";"Nublado";"Múltipla";"Reta";"Não";2;0;0;0;2;0;0;2;-23,44695693;-46,45394103;"SPRF-SP";"DEL01-SP";"UOP01-DEL01-SP"
320123;2020-11-09;"segunda-feira";"01:05:00";"GO";40;98;"CRISTALINA";"Falta de Atenção do Pedestre";"Atropelamento de Pedestre";"Com Vítimas Fatais";"Plena Noite";"Crescente";"Céu Claro";"Simples";"Reta";"Sim";2;1;0;0;0;1;0;2;-16,771633;-47,589856;"SPRF-DF";"DEL01-DF";"UOP02-DEL01-DF"
320124;2020-11-09;"segunda-feira";"01:45:00";"SC";101;203,1;"SAO JOSE";"Pista Escorregadia";"Colisão com objeto estático";"Sem Vítimas";"Plena Noite";"Crescente";"Chuva";"Dupla";"Curva";"Sim";1;0;0;0;0;1;0;1;-27,5650044;-48,61460082;"SPRF-SC";"DEL01-SC";"UOP01-DEL01-SC"
320125;2020-11-08;"domingo";"23:30:00";"PR";373;177,1;"PONTA GROSSA";"Ingestão de Álcool";"Colisão traseira";"Com Vítimas Feridas";"Plena Noite";"Crescente";"Nublado";"Dupla";"Reta";"Sim";2;0;1;0;1;0;1;2;-25,05596766;-50,22677884;"SPRF-PR";"DEL03-PR";"UOP04-DEL03-PR"
320126;2020-11-09;"segunda-feira";"02:00:00";"RJ";101;321;"NITEROI";"Pista Escorregadia";"Colisão com objeto estático";"Com Vítimas Feridas";"Plena Noite";"Decrescente";"Garoa/Chuvisco";"Dupla";"Curva";"Não";1;0;1;0;0;0;1;1;-22,86981096;-43,11046465;"SPRF-RJ";"DEL02-RJ";"UOP02-DEL02-RJ"
320128;2020-11-09;"segunda-feira";"02:40:00";"RJ";116;187;"NOVA IGUACU";"Falta de Atenção à Condução";"Colisão traseira";"Com Vítimas Feridas";"Plena Noite";"Crescente";"Garoa/Chuvisco";"Múltipla";"Reta";"Não";2;0;1;0;1;0;1;2;-22,73883756;-43,47245197;"SPRF-RJ";"DEL01-RJ";"UOP02-DEL01-RJ"
320129;2020-11-09;"segunda-feira";"01:50:00";"MA";135;3,3;"SAO LUIS";"Falta de Atenção à Condução";"Colisão traseira";"Com Vítimas Feridas";"Plena Noite";"Crescente";"Ignorado";"Dupla";"Reta";"Não";2;0;0;1;0;1;1;2;-2,606802;-44,247512;"SPRF-MA";"DEL01-MA";"UOP01-DEL01-MA"
320130;2020-11-09;"segunda-feira";"02:55:00";"RJ";116;165;"RIO DE JANEIRO";"Ingestão de álcool e/ou substâncias psicoativas pelo pedestre";"Colisão com objeto estático";"Com Vítimas Fatais";"Plena Noite";"Decrescente";"Céu Claro";"Múltipla";"Reta";"Sim";1;1;0;0;0;0;0;1;-22,81548519;-43,29087405;"SPRF-RJ";"DEL01-RJ";"UOP01-DEL01-RJ"
320132;2020-11-09;"segunda-feira";"03:40:00";"SC";101;414,1;"ARARANGUA";"Ingestão de Álcool";"Colisão com objeto estático";"Sem Vítimas";"Plena Noite";"Decrescente";"Nublado";"Dupla";"Curva";"Sim";1;0;0;0;1;0;0;1;-28,96040535;-49,51653267;"SPRF-SC";"DEL02-SC";"UOP02-DEL02-SC"
320133;2020-11-09;"segunda-feira";"03:35:00";"DF";70;0,8;"BRASILIA";"Ingestão de Álcool";"Colisão com objeto estático";"Sem Vítimas";"Plena Noite";"Decrescente";"Céu Claro";"Dupla";"Reta";"Sim";1;0;0;0;0;1;0;1;-15,792352;-48,054509;"SPRF-DF";"DEL03-DF";"UOP02-DEL03-DF"
320135;2020-11-09;"segunda-feira";"04:30:00";"SE";101;17,6;"SAO FRANCISCO";"Condutor Dormindo";"Colisão com objeto estático";"Com Vítimas Feridas";"Amanhecer";"Decrescente";"Céu Claro";"Dupla";"Reta";"Não";2;0;0;2;0;0;2;1;-10,33831807;-36,89396364;"SPRF-SE";"DEL02-SE";"UOP02-DEL02-SE"
320138;2020-11-09;"segunda-feira";"04:50:00";"PR";376;499;"PONTA GROSSA";"Ingestão de Álcool";"Saída de leito carroçável";"Sem Vítimas";"Plena Noite";"Crescente";"Céu Claro";"Dupla";"Reta";"Sim";1;0;0;0;1;0;0;1;-25,19475149;-50,07738945;"SPRF-PR";"DEL03-PR";"UOP04-DEL03-PR"
320141;2020-11-09;"segunda-feira";"02:05:00";"SC";282;504;"XANXERE";"Velocidade Incompatível";"Saída de leito carroçável";"Com Vítimas Feridas";"Plena Noite";"Decrescente";"Nublado";"Dupla";"Interseção de Vias;Curva";"Sim";2;0;1;0;0;1;1;1;-26,88376084;-52,40690947;"SPRF-SC";"DEL07-SC";"UOP01-DEL07-SC"
320142;2020-11-08;"domingo";"21:00:00";"SC";282;582,1;"PINHALZINHO";"Velocidade Incompatível";"Saída de leito carroçável";"Sem Vítimas";"Plena Noite";"Crescente";"Ignorado";"Simples";"Rotatória";"Sim";1;0;0;0;0;1;0;1;-26,82616755;-53,00376534;"SPRF-SC";"DEL07-SC";"UOP02-DEL07-SC"
320144;2020-11-09;"segunda-feira";"05:30:00";"DF";60;10,3;"BRASILIA";"Ingestão de Álcool";"Saída de leito carroçável";"Sem Vítimas";"Amanhecer";"Crescente";"Céu Claro";"Dupla";"Reta";"Não";1;0;0;0;1;0;0;1;-15,909476;-48,149597;"SPRF-DF";"DEL03-DF";"UOP01-DEL03-DF"
320146;2020-11-09;"segunda-feira";"03:40:00";"PR";476;210;"LAPA";"Ingestão de Álcool";"Colisão lateral";"Com Vítimas Feridas";"Amanhecer";"Decrescente";"Nublado";"Simples";"Curva";"Não";5;0;4;0;1;0;4;2;-25,784924;-49,848;"SPRF-PR";"DEL02-PR";"UOP04-DEL02-PR"
320148;2020-11-09;"segunda-feira";"06:10:00";"SP";116;208;"GUARULHOS";"Não guardar distância de segurança";"Colisão lateral";"Com Vítimas Feridas";"Amanhecer";"Crescente";"Nublado";"Múltipla";"Reta";"Sim";2;0;1;0;0;1;1;2;-23,42222263;-46,3932771;"SPRF-SP";"DEL01-SP";"UOP01-DEL01-SP"
320149;2020-11-09;"segunda-feira";"05:30:00";"AL";104;11,9;"SAO JOSE DA LAJE";"Falta de Atenção à Condução";"Engavetamento";"Com Vítimas Feridas";"Amanhecer";"Decrescente";"Chuva";"Simples";"Reta";"Não";4;0;1;0;3;0;1;3;-8,98214501;-36,02842324;"SPRF-AL";"DEL01-AL";"UOP02-DEL01-AL"
320152;2020-11-09;"segunda-feira";"06:50:00";"RN";101;98,3;"NATAL";"Não guardar distância de segurança";"Colisão traseira";"Com Vítimas Feridas";"Pleno dia";"Decrescente";"Garoa/Chuvisco";"Dupla";"Reta";"Sim";2;0;1;0;1;0;1;2;-5,86567888;-35,21651625;"SPRF-RN";"DEL01-RN";"UOP01-DEL01-RN"
320153;2020-11-09;"segunda-feira";"03:30:00";"SP";116;226;"GUARULHOS";"Ingestão de Álcool";"Capotamento";"Sem Vítimas";"Plena Noite";"Decrescente";"Nublado";"Múltipla";"Reta";"Sim";1;0;0;0;0;1;0;1;-23,49102507;-46,54878195;"SPRF-SP";"DEL01-SP";"UOP01-DEL01-SP"
320154;2020-11-09;"segunda-feira";"06:45:00";"CE";116;13;"FORTALEZA";"Não guardar distância de segurança";"Colisão traseira";"Com Vítimas Feridas";"Pleno dia";"Decrescente";"Nublado";"Dupla";"Reta";"Sim";2;0;1;1;0;0;2;2;-3,86088501;-38,49715296;"SPRF-CE";"DEL01-CE";"UOP02-DEL01-CE"
320155;2020-11-08;"domingo";"22:45:00";"MG";116;411;"GOVERNADOR VALADARES";"Desobediência às normas de trânsito pelo condutor";"Colisão lateral";"Com Vítimas Feridas";"Plena Noite";"Crescente";"Nublado";"Dupla";"Retorno Regulamentado";"Sim";3;0;2;0;1;0;2;2;-18,86244705;-41,97405237;"SPRF-MG";"DEL06-MG";"UOP01-DEL06-MG"
320156;2020-11-09;"segunda-feira";"06:35:00";"PB";101;85,4;"BAYEUX";"Avarias e/ou desgaste excessivo no pneu";"Colisão traseira";"Com Vítimas Feridas";"Pleno dia";"Crescente";"Nublado";"Dupla";"Reta";"Não";2;0;0;1;0;1;1;2;-7,14538184;-34,91662887;"SPRF-PB";"DEL01-PB";"UOP01-DEL01-PB"
320157;2020-11-09;"segunda-feira";"01:10:00";"SC";280;293;"PORTO UNIAO";"Condutor Dormindo";"Saída de leito carroçável";"Com Vítimas Feridas";"Plena Noite";"Decrescente";"Chuva";"Simples";"Reta";"Não";4;0;4;0;0;0;4;1;-26,29680504;-50,95533402;"SPRF-SC";"DEL06-SC";"UOP04-DEL06-SC"
320158;2020-11-08;"domingo";"23:30:00";"SC";280;91;"CORUPA";"Falta de Atenção à Condução";"Saída de leito carroçável";"Com Vítimas Feridas";"Plena Noite";"Decrescente";"Garoa/Chuvisco";"Simples";"Curva";"Não";1;0;1;0;0;0;1;1;-26,40198057;-49,29053774;"SPRF-SC";"DEL06-SC";"UOP03-DEL06-SC"
320160;2020-11-09;"segunda-feira";"07:15:00";"PR";158;526,8;"PATO BRANCO";"Desobediência às normas de trânsito pelo condutor";"Colisão traseira";"Com Vítimas Feridas";"Pleno dia";"Decrescente";"Nublado";"Simples";"Reta";"Não";2;0;1;0;1;0;1;2;-26,1596250787;-52,6628936656;"SPRF-PR";"DEL02-PR";"UOP01-DEL02-PR"
320165;2020-11-09;"segunda-feira";"05:15:00";"MG";381;935,8;"EXTREMA";"Falta de Atenção à Condução";"Atropelamento de Pedestre";"Com Vítimas Fatais";"Amanhecer";"Crescente";"Nublado";"Simples";"Reta;Declive";"Não";2;1;0;0;1;0;0;2;-22,82329661;-46,30805019;"SPRF-MG";"DEL16-MG";"UOP03-DEL16-MG"
320166;2020-09-30;"quarta-feira";"07:50:00";"RN";427;113,7;"TIMBAUBA DOS BATISTAS";"Falta de Atenção à Condução";"Colisão transversal";"Sem Vítimas";"Pleno dia";"Decrescente";"Sol";"Simples";"Interseção de Vias";"Não";2;0;0;0;2;0;0;2;-6,46676232;-37,20229969;"SPRF-RN";"DEL03-RN";"UOP01-DEL03-RN"
320167;2020-11-09;"segunda-feira";"07:50:00";"PR";116;99;"SAO JOSE DOS PINHAIS";"Falta de Atenção à Condução";"Colisão com objeto estático";"Com Vítimas Feridas";"Pleno dia";"Crescente";"Chuva";"Dupla";"Interseção de Vias;Reta;Retorno Regulamentado";"Sim";1;0;0;1;0;0;1;1;-25,52682231;-49,14038767;"SPRF-PR";"DEL01-PR";"UOP01-DEL01-PR"
320170;2020-11-09;"segunda-feira";"04:00:00";"GO";364;57,9;"CACHOEIRA ALTA";"Ingestão de Álcool";"Saída de leito carroçável";"Com Vítimas Feridas";"Plena Noite";"Decrescente";"Céu Claro";"Simples";"Reta";"Não";1;0;1;0;0;0;1;1;-18,758432;-50,931499;"SPRF-GO";"DEL05-GO";"UOP02-DEL05-GO"
320171;2020-11-09;"segunda-feira";"07:40:00";"RS";290;93;"PORTO ALEGRE";"Falta de Atenção à Condução";"Colisão lateral";"Sem Vítimas";"Pleno dia";"Decrescente";"Nublado";"Múltipla";"Reta";"Sim";2;0;0;0;2;0;0;2;-29,970839;-51,187725;"SPRF-RS";"DEL01-RS";"UOP01-DEL01-RS"