"id";"data_inversa";"dia_semana";"horario";"uf";"br";"km";"municipio";"causa_acidente";"tipo_acidente";"classificacao_acidente";"fase_dia";"sentido_via";"condicao_metereologica";"tipo_pista";"tracado_via";"uso_solo";"pessoas";"mortos";"feridos_leves";"feridos_graves";"ilesos";"ignorados";"feridos";"veiculos";"latitude";"longitude";"regional";"delegacia";"uop"
320292;2020-11-09;"segunda-feira";"17:45:00";"GO";153;357;"JARAGUA";"Falta de Atenção à Condução";"Colisão transversal";"Com Vítimas Feridas";"Pleno dia";"Decrescente";"Nublado";"Simples";"Declive";"Não";2;0;0;1;1;0;1;2;-15,725415;-49,327385;"SPRF-GO";"DEL02-GO";"UOP02-DEL02-GO"
320293;2020-11-09;"segunda-feira";"18:40:00";"MG";40;523;"CONTAGEM";"Não guardar distância de segurança";"Colisão traseira";"Com Vítimas Feridas";"Plena Noite";"Decrescente";"Nublado";"Dupla";"Reta";"Sim";2;0;1;0;1;0;1;2;-19,87059;-44,05721;"SPRF-MG";"DEL01-MG";"UOP02-DEL01-MG"
320295;2020-11-09;"segunda-feira";"18:00:00";"RR";174;503;"BOA VISTA";"Falta de Atenção à Condução";"Colisão lateral";"Sem Vítimas";"Anoitecer";"Crescente";"Céu Claro";"Dupla";"Curva";"Sim";2;0;0;0;2;0;0;2;2,80554172;-60,68950653;"SPRF-RR";"DEL01-RR";"UOP01-DEL01-RR"
320297;2020-11-09;"segunda-feira";"18:30:00";"RO";364;340;"JI-PARANA";"Sinalização da via insuficiente ou inadequada";"Colisão lateral";"Com Vítimas Feridas";"Anoitecer";"Decrescente";"Céu Claro";"Dupla";"Reta";"Sim";2;0;1;0;1;0;1;2;-10,898802;-61,93046;"SPRF-RO";"DEL02-RO";"UOP01-DEL02-RO"
320298;2020-11-09;"segunda-feira";"16:40:00";"MT";70;514;"VARZEA GRANDE";"Desobediência às normas de trânsito pelo condutor";"Colisão frontal";"Com Vítimas Feridas";"Pleno dia";"Decrescente";"Sol";"Simples";"Reta";"Sim";2;0;1;0;1;0;1;2;-15,70615829;-56,13253176;"SPRF-MT";"DEL01-MT";"UOP02-DEL01-MT"
320300;2020-11-09;"segunda-feira";"18:30:00";"SC";282;300;"VARGEM";"Pista Escorregadia";"Tombamento";"Com Vítimas Feridas";"Plena Noite";"Decrescente";"Chuva";"Simples";"Declive;Curva";"Não";1;0;1;0;0;0;1;1;-27,515957;-50,917877;"SPRF-SC";"DEL07-SC";"UOP06-DEL07-SC"
320302;2020-11-09;"segunda-feira";"19:15:00";"MG";50;178,5;"UBERABA";"Não guardar distância de segurança";"Colisão traseira";"Com Vítimas Feridas";"Plena Noite";"Crescente";"Nublado";"Dupla";"Declive;Curva;Desvio Temporário;Em Obras";"Sim";3;0;1;0;1;1;1;3;-19,77896821;-47,94093599;"SPRF-MG";"DEL13-MG";"UOP01-DEL13-MG"
320303;2020-11-09;"segunda-feira";"19:45:00";"RJ";101;575;"PARATY";"Falta de Atenção do Pedestre";"Atropelamento de Pedestre";"Com Vítimas Fatais";"Plena Noite";"Crescente";"Chuva";"Simples";"Reta";"Não";2;1;0;0;1;0;0;2;-23,21978585;-44,73466957;"SPRF-RJ";"DEL03-RJ";"UOP04-DEL03-RJ"
320305;2020-11-09;"segunda-feira";"19:45:00";"RS";386;283;"SAO JOSE DO HERVAL";"Animais na Pista";"Atropelamento de Animal";"Com Vítimas Feridas";"Plena Noite";"Crescente";"Chuva";"Simples";"Reta";"Não";7;0;3;0;4;0;3;3;-29,0436;-52,297913;"SPRF-RS";"DEL04-RS";"UOP03-DEL04-RS"
320306;2020-10-25;"domingo";"01:20:00";"SC";101;227;"PALHOCA";"Falta de Atenção do Pedestre";"Atropelamento de Pedestre";"Com Vítimas Fatais";"Plena Noite";"Decrescente";"Céu Claro";"Dupla";"Reta";"Não";4;1;0;0;1;2;0;3;-27,7509149;-48,63460277;"SPRF-SC";"DEL01-SC";"UOP02-DEL01-SC"
320307;2020-11-09;"segunda-feira";"19:50:00";"RS";472;560;"URUGUAIANA";"Ultrapassagem Indevida";"Colisão lateral";"Com Vítimas Feridas";"Anoitecer";"Crescente";"Céu Claro";"Simples";"Reta";"Não";3;0;1;0;2;0;1;2;-29,65690206;-56,8936369;"SPRF-RS";"DEL13-RS";"UOP01-DEL13-RS"
320308;2020-09-05;"sábado";"11:50:00";"ES";101;264,8;"SERRA";"Não guardar distância de segurança";"Colisão lateral";"Com Vítimas Feridas";"Pleno dia";"Crescente";"Sol";"Múltipla";"Reta";"Sim";4;0;1;1;2;0;2;4;-20,17292791;-40,26736384;"SPRF-ES";"DEL02-ES";"UOP01-DEL02-ES"
320311;2020-11-09;"segunda-feira";"19:30:00";"GO";251;18,7;"CRISTALINA";"Desobediência às normas de trânsito pelo condutor";"Colisão traseira";"Com Vítimas Fatais";"Plena Noite";"Decrescente";"Céu Claro";"Simples";"Reta";"Não";2;1;0;0;1;0;0;2;-16,17513289;-47,47277479;"SPRF-DF";"DEL01-DF";"UOP01-DEL01-DF"
320312;2020-11-09;"segunda-feira";"19:40:00";"BA";101;590;"CAMACAN";"Deficiência ou não Acionamento do Sistema de Iluminação/Sinalização do Veículo";"Colisão lateral";"Com Vítimas Feridas";"Plena Noite";"Crescente";"Céu Claro";"Simples";"Reta";"Não";3;0;1;1;0;1;2;2;-15,58315694;-39,4182061;"SPRF-BA";"DEL05-BA";"UOP02-DEL05-BA"
320313;2020-11-09;"segunda-feira";"19:20:00";"MA";316;415;"PERITORO";"Falta de Atenção à Condução";"Colisão lateral";"Com Vítimas Fatais";"Plena Noite";"Crescente";"Céu Claro";"Simples";"Reta";"Não";2;1;0;0;0;1;0;2;-4,323217;-44,404823;"SPRF-MA";"DEL03-MA";"UOP01-DEL03-MA"
320314;2020-11-09;"segunda-feira";"18:15:00";"PR";116;10;"QUATRO BARRAS";"Velocidade Incompatível";"Colisão traseira";"Com Vítimas Feridas";"Plena Noite";"Decrescente";"Nublado";"Dupla";"Reta";"Sim";3;0;0;1;2;0;1;3;-25,3719;-49,134;"SPRF-PR";"DEL01-PR";"UOP02-DEL01-PR"
320315;2020-11-09;"segunda-feira";"17:40:00";"MT";163;821;"SINOP";"Falta de Atenção à Condução";"Colisão frontal";"Com Vítimas Feridas";"Anoitecer";"Crescente";"Céu Claro";"Simples";"Reta";"Sim";3;0;1;1;1;0;2;2;-12,112411;-55,51673304;"SPRF-MT";"DEL06-MT";"UOP01-DEL06-MT"
320316;2020-11-09;"segunda-feira";"17:40:00";"SP";116;550;"BARRA DO TURVO";"Velocidade Incompatível";"Colisão com objeto estático";"Com Vítimas Feridas";"Anoitecer";"Decrescente";"Garoa/Chuvisco";"Simples";"Curva";"Não";2;0;1;0;1;0;1;1;-24,96746293;-48,46670151;"SPRF-SP";"DEL05-SP";"UOP02-DEL05-SP"
320317;2020-11-09;"segunda-feira";"20:20:00";"PE";428;184,2;"PETROLINA";"Desobediência às normas de trânsito pelo condutor";"Colisão transversal";"Com Vítimas Feridas";"Plena Noite";"Decrescente";"Céu Claro";"Simples";"Interseção de Vias";"Sim";2;0;2;0;0;0;2;2;-9,34644182;-40,47356844;"SPRF-PE";"DEL06-PE";"UOP01-DEL06-PE"
320318;2020-11-09;"segunda-feira";"21:30:00";"SP";116;206;"GUARULHOS";"Falta de Atenção à Condução";"Colisão frontal";"Com Vítimas Feridas";"Plena Noite";"Crescente";"Nublado";"Dupla";"Reta";"Sim";2;0;2;0;0;0;2;2;-23,41722629;-46,37510292;"SPRF-SP";"DEL01-SP";"UOP01-DEL01-SP"
320319;2020-11-09;"segunda-feira";"21:00:00";"MG";116;182,9;"CARAI";"Defeito na Via";"Capotamento";"Com Vítimas Feridas";"Plena Noite";"Decrescente";"Nublado";"Simples";"Curva";"Não";2;0;2;0;0;0;2;1;-17,1000871;-41,49594088;"SPRF-MG";"DEL11-MG";"UOP01-DEL11-MG"
320321;2020-11-09;"segunda-feira";"18:30:00";"MT";364;613;"DIAMANTINO";"Falta de Atenção à Condução";"Colisão traseira";"Com Vítimas Feridas";"Anoitecer";"Crescente";"Nublado";"Simples";"Reta";"Não";2;0;0;1;1;0;1;2;-14,43413898;-56,3033049;"SPRF-MT";"DEL01-MT";"UOP01-DEL01-MT"
320322;2020-11-09;"segunda-feira";"13:00:00";"BA";110;66,7;"JEREMOABO";"Velocidade Incompatível";"Saída de leito carroçável";"Com Vítimas Feridas";"Pleno dia";"Decrescente";"Céu Claro";"Simples";"Curva";"Não";1;0;1;0;0;0;1;1;-10,02015426;-38,32185556;"SPRF-BA";"DEL07-BA";"UOP01-DEL07-BA"
320323;2020-11-09;"segunda-feira";"21:40:00";"PR";116;124;"FAZENDA RIO GRANDE";"Falta de Atenção à Condução";"Colisão traseira";"Com Vítimas Feridas";"Plena Noite";"Decrescente";"Chuva";"Dupla";"Reta";"Não";2;0;1;0;1;0;1;2;-25,58620703;-49,31436887;"SPRF-PR";"DEL01-PR";"UOP03-DEL01-PR"
320324;2020-11-09;"segunda-feira";"22:00:00";"ES";262;108,2;"VENDA NOVA DO IMIGRANTE";"Condutor Dormindo";"Saída de leito carroçável";"Com Vítimas Feridas";"Plena Noite";"Decrescente";"Céu Claro";"Dupla";"Reta";"Não";1;0;1;0;0;0;1;1;-20,33360896;-41,16233002;"SPRF-ES";"DEL01-ES";"UOP02-DEL01-ES"
320328;2020-11-09;"segunda-feira";"21:30:00";"PI";316;8,7;"TERESINA";"Falta de Atenção à Condução";"Colisão com objeto estático";"Com Vítimas Fatais";"Plena Noite";"Decrescente";"Nublado";"Múltipla";"Reta";"Sim";1;1;0;0;0;0;0;1;-5,16483402;-42,76899508;"SPRF-PI";"DEL01-PI";"UOP02-DEL01-PI"
320331;2020-11-09;"segunda-feira";"23:00:00";"PR";369;137;"IBIPORA";"Falta de Atenção à Condução";"Colisão traseira";"Sem Vítimas";"Plena Noite";"Decrescente";"Céu Claro";"Simples";"Interseção de Vias";"Sim";2;0;0;0;2;0;0;2;-23,2704354;-51,03886485;"SPRF-PR";"DEL07-PR";"UOP01-DEL07-PR"
320334;2020-11-09;"segunda-feira";"22:30:00";"SP";381;5;"VARGEM";"Falta de Atenção à Condução";"Atropelamento de Pedestre";"Com Vítimas Fatais";"Plena Noite";"Decrescente";"Chuva";"Dupla";"Aclive;Curva";"Sim";5;1;0;0;0;4;0;2;-22,88993723;-46,41305958;"SPRF-SP";"DEL03-SP";"UOP01-DEL03-SP"
320335;2020-11-09;"segunda-feira";"22:20:00";"MS";262;327,6;"CAMPO GRANDE";"Falta de Atenção à Condução";"Saída de leito carroçável";"Com Vítimas Feridas";"Plena Noite";"Decrescente";"Céu Claro";"Dupla";"Curva";"Sim";1;0;1;0;0;0;1;1;-20,46657314;-54,54372903;"SPRF-MS";"DEL01-MS";"UOP01-DEL01-MS"
320337;2020-11-09;"segunda-feira";"19:40:00";"RJ";101;573;"PARATY";"Desobediência às normas de trânsito pelo condutor";"Atropelamento de Pedestre";"Com Vítimas Feridas";"Plena Noite";"Decrescente";"Chuva";"Simples";"Reta";"Não";4;0;1;0;2;1;1;3;-23,20276908;-44,72989482;"SPRF-RJ";"DEL03-RJ";"UOP04-DEL03-RJ"
320338;2020-11-09;"segunda-feira";"22:50:00";"GO";158;271,6;"JATAI";"Falta de Atenção à Condução";"Colisão frontal";"Com Vítimas Feridas";"Plena Noite";"Crescente";"Garoa/Chuvisco";"Simples";"Curva";"Sim";2;0;1;0;1;0;1;2;-17,87289539;-51,72987862;"SPRF-GO";"DEL05-GO";"UOP01-DEL05-GO"
320342;2020-11-10;"terça-feira";"00:50:00";"PR";476;130;"CURITIBA";"Velocidade Incompatível";"Colisão com objeto estático";"Com Vítimas Feridas";"Plena Noite";"Crescente";"Céu Claro";"Dupla";"Declive;Curva";"Sim";1;0;0;1;0;0;1;1;-25,44854007;-49,23586249;"SPRF-PR";"DEL01-PR";"UOP03-DEL01-PR"
320343;2020-11-09;"segunda-feira";"23:00:00";"MS";267;30,3;"BATAGUASSU";"Falta de Atenção à Condução";"Colisão transversal";"Com Vítimas Feridas";"Plena Noite";"Crescente";"Nublado";"Dupla";"Reta";"Sim";4;0;1;0;2;1;1;3;-21,72165451;-52,43258025;"SPRF-MS";"DEL02-MS";"UOP04-DEL02-MS"
320348;2020-11-10;"terça-feira";"02:15:00";"SP";116;230;"SAO PAULO";"Desobediência às normas de trânsito pelo pedestre";"Atropelamento de Pedestre";"Com Vítimas Fatais";"Plena Noite";"Crescente";"Nublado";"Múltipla";"Reta";"Não";2;1;0;0;0;1;0;2;-23,519383;-46,582969;"SPRF-SP";"DEL01-SP";"UOP01-DEL01-SP"
320351;2020-11-10;"terça-feira";"05:00:00";"GO";40;17;"LUZIANIA";"Agressão Externa";"Tombamento";"Com Vítimas Feridas";"Amanhecer";"Crescente";"Céu Claro";"Dupla";"Reta";"Sim";1;0;1;0;0;0;1;1;-16,18487;-47,928641;"SPRF-DF";"DEL01-DF";"UOP01-DEL01-DF"
320354;2020-11-10;"terça-feira";"04:00:00";"MG";381;497,3;"BETIM";"Ingestão de Álcool";"Colisão com objeto estático";"Sem Vítimas";"Plena Noite";"Crescente";"Nublado";"Múltipla";"Reta";"Sim";1;0;0;0;1;0;0;1;-20,00483625;-44,21367172;"SPRF-MG";"DEL01-MG";"UOP03-DEL01-MG"
320355;2020-11-10;"terça-feira";"05:40:00";"SC";101;198,5;"SAO JOSE";"Pista Escorregadia";"Saída de leito carroçável";"Com Vítimas Feridas";"Amanhecer";"Decrescente";"Chuva";"Múltipla";"Reta";"Não";1;0;1;0;0;0;1;1;-27,52658712;-48,63506019;"SPRF-SC";"DEL01-SC";"UOP01-DEL01-SC"
320356;2020-11-10;"terça-feira";"05:30:00";"MG";40;458,8;"CAETANOPOLIS";"Velocidade Incompatível";"Engavetamento";"Com Vítimas Feridas";"Amanhecer";"Crescente";"Céu Claro";"Dupla";"Aclive;Reta";"Não";3;0;2;0;1;0;2;3;-19,38289498;-44,33725834;"SPRF-MG";"DEL02-MG";"UOP01-DEL02-MG"
320358;2020-11-10;"terça-feira";"06:00:00";"CE";116;61,2;"CHOROZINHO";"Avarias e/ou desgaste excessivo no pneu";"Tombamento";"Com Vítimas Feridas";"Amanhecer";"Decrescente";"Céu Claro";"Simples";"Declive";"Não";2;0;2;0;0;0;2;1;-4,27131174;-38,49010035;"SPRF-CE";"DEL03-CE";"UOP02-DEL03-CE"
320360;2020-11-10;"terça-feira";"05:30:00";"PR";163;71,5;"PLANALTO";"Animais na Pista";"Atropelamento de Animal";"Sem Vítimas";"Amanhecer";"Crescente";"Céu Claro";"Simples";"Reta";"Não";1;0;0;0;1;0;0;1;-25,787081;-53,786097;"SPRF-PR";"DEL02-PR";"UOP02-DEL02-PR"
320361;2020-11-10;"terça-feira";"06:45:00";"RS";386;437,9;"NOVA SANTA RITA";"Avarias e/ou desgaste excessivo no pneu";"Tombamento";"Com Vítimas Feridas";"Pleno dia";"Crescente";"Céu Claro";"Dupla";"Reta";"Não";2;0;2;0;0;0;2;1;-29,85803;-51,261227;"SPRF-RS";"DEL04-RS";"UOP02-DEL04-RS"
320362;2020-11-09;"segunda-feira";"18:50:00";"PR";153;40,6;"SANTO ANTONIO DA PLATINA";"Defeito na Via";"Danos eventuais";"Sem Vítimas";"Plena Noite";"Crescente";"Chuva";"Simples";"Interseção de Vias";"Sim";3;0;0;0;3;0;0;3;-23,28047798;-50,0559307;"SPRF-PR";"DEL07-PR";"UOP04-DEL07-PR"
320363;2020-11-09;"segunda-feira";"16:10:00";"MG";116;519,2;"UBAPORANGA";"Falta de Atenção à Condução";"Tombamento";"Com Vítimas Feridas";"Pleno dia";"Decrescente";"Céu Claro";"Simples";"Curva";"Não";1;0;0;1;0;0;1;1;-19,71798497;-42,12830605;"SPRF-MG";"DEL06-MG";"UOP02-DEL06-MG"
320364;2020-11-10;"terça-feira";"07:00:00";"MG";262;116;"RIO CASCA";"Falta de Atenção do Pedestre";"Atropelamento de Pedestre";"Com Vítimas Feridas";"Pleno dia";"Crescente";"Céu Claro";"Simples";"Curva";"Sim";5;0;1;0;4;0;1;2;-20,23385336;-42,6212197;"SPRF-MG";"DEL03-MG";"UOP03-DEL03-MG"
320365;2020-11-10;"terça-feira";"07:00:00";"RJ";40;120;"DUQUE DE CAXIAS";"Desobediência às normas de trânsito pelo condutor";"Colisão traseira";"Com Vítimas Feridas";"Pleno dia";"Crescente";"Nublado";"Múltipla";"Reta";"Sim";1;0;1;0;0;0;1;1;-22,77280597;-43,28626763;"SPRF-RJ";"DEL01-RJ";"UOP01-DEL01-RJ"
320367;2020-11-10;"terça-feira";"06:35:00";"PR";277;40;"MORRETES";"Falta de Atenção à Condução";"Saída de leito carroçável";"Sem Vítimas";"Amanhecer";"Crescente";"Nublado";"Dupla";"Curva";"Não";1;0;0;0;1;0;0;1;-25,57163029;-48,81831245;"SPRF-PR";"DEL01-PR";"UOP05-DEL01-PR"
320368;2020-11-10;"terça-feira";"07:00:00";"SP";116;317,1;"JUQUITIBA";"Defeito Mecânico no Veículo";"Tombamento";"Com Vítimas Feridas";"Pleno dia";"Decrescente";"Nublado";"Dupla";"Reta";"Não";2;0;1;0;1;0;1;1;-23,91248247;-46,99034259;"SPRF-SP";"DEL04-SP";"UOP01-DEL04-SP"
320369;2020-11-10;"terça-feira";"07:50:00";"SC";101;186;"BIGUACU";"Falta de Atenção à Condução";"Colisão com objeto estático";"Com Vítimas Feridas";"Pleno dia";"Crescente";"Chuva";"Múltipla";"Curva";"Não";1;0;1;0;0;0;1;1;-27,4341098;-48,62567129;"SPRF-SC";"DEL01-SC";"UOP01-DEL01-SC"
320370;2020-10-19;"segunda-feira";"16:35:00";"MG";40;549,2;"NOVA LIMA";"Falta de Atenção à Condução";"Colisão lateral";"Com Vítimas Feridas";"Pleno dia";"Crescente";"Nublado";"Dupla";"Curva";"Não";3;0;2;0;1;0;2;2;-20,03972326;-43,96703232;"SPRF-MG";"DEL01-MG";"UOP02-DEL01-MG"
320371;2020-10-06;"terça-feira";"01:10:00";"PR";376;599;"CURITIBA";"Falta de Atenção do Pedestre";"Atropelamento de Pedestre";"Com Vítimas Feridas";"Plena Noite";"Crescente";"Céu Claro";"Dupla";"Curva";"Sim";2;0;0;1;1;0;1;2;-25,52836554;-49,32778716;"SPRF-PR";"DEL01-PR";"UOP01-DEL01-PR"
320373;2020-11-10;"terça-feira";"06:30:00";"BA";242;405;"SEABRA";"Defeito Mecânico no Veículo";"Capotamento";"Com Vítimas Feridas";"Pleno dia";"Decrescente";"Céu Claro";"Simples";"Reta";"Não";3;0;2;0;1;0;2;1;-12,48811867;-41,73336983;"SPRF-BA";"DEL06-BA";"UOP01-DEL06-BA"
320376;2020-11-10;"terça-feira";"08:25:00";"SE";101;91;"NOSSA SENHORA DO SOCORRO";"Animais na Pista";"Atropelamento de Animal";"Com Vítimas Feridas";"Pleno dia";"Decrescente";"Céu Claro";"Múltipla";"Reta;Viaduto";"Não";2;0;0;2;0;0;2;1;-10,90295159;-37,13198662;"SPRF-SE";"DEL01-SE";"UOP01-DEL01-SE"
320377;2020-11-10;"terça-feira";"07:50:00";"AL";101;132;"SAO MIGUEL DOS CAMPOS";"Falta de Atenção à Condução";"Colisão frontal";"Com Vítimas Feridas";"Pleno dia";"Crescente";"Céu Claro";"Simples";"Curva";"Não";2;0;1;0;1;0;1;2;-9,77047189;-36,08833407;"SPRF-AL";"DEL02-AL";"UOP01-DEL02-AL"
320378;2020-11-10;"terça-feira";"08:00:00";"ES";262;1;"CARIACICA";"Falta de Atenção à Condução";"Queda de ocupante de veículo";"Com Vítimas Feridas";"Pleno dia";"Decrescente";"Céu Claro";"Dupla";"Ponte";"Sim";1;0;1;0;0;0;1;1;-20,32955204;-40,35492602;"SPRF-ES";"DEL01-ES";"UOP01-DEL01-ES"
320381;2020-11-10;"terça-feira";"08:00:00";"CE";222;150,7;"IRAUCUBA";"Não guardar distância de segurança";"Colisão traseira";"Sem Vítimas";"Pleno dia";"Crescente";"Céu Claro";"Simples";"Reta";"Sim";2;0;0;0;2;0;0;2;-3,74733622;-39,79027813;"SPRF-CE";"DEL04-CE";"UOP03-DEL04-CE"
320382;2020-11-10;"terça-feira";"07:50:00";"SC";280;50,4;"GUARAMIRIM";"Falta de Atenção à Condução";"Colisão transversal";"Com Vítimas Feridas";"Pleno dia";"Decrescente";"Céu Claro";"Simples";"Reta";"Sim";4;0;2;0;2;0;2;4;-26,46396;-48,951287;"SPRF-SC";"DEL03-SC";"UOP03-DEL03-SC"
320383;2020-11-10;"terça-feira";"08:20:00";"MG";40;660;"CARANDAI";"Velocidade Incompatível";"Colisão transversal";"Com Vítimas Feridas";"Pleno dia";"Crescente";"Chuva";"Simples";"Curva";"Não";2;0;1;0;1;0;1;2;-20,89806015;-43,8232099;"SPRF-MG";"DEL05-MG";"UOP02-DEL05-MG"
320384;2020-11-10;"terça-feira";"07:35:00";"PI";135;45;"JERUMENHA";"Falta de Atenção à Condução";"Saída de leito carroçável";"Com Vítimas Feridas";"Pleno dia";"Decrescente";"Céu Claro";"Simples";"Reta";"Não";5;0;2;2;1;0;4;1;-7,12118885;-43,52561312;"SPRF-PI";"DEL03-PI";"UOP01-DEL03-PI"
320388;2020-11-10;"terça-feira";"08:30:00";"BA";116;824;"VITORIA DA CONQUISTA";"Falta de Atenção à Condução";"Colisão traseira";"Com Vítimas Feridas";"Pleno dia";"Decrescente";"Céu Claro";"Dupla";"Retorno Regulamentado";"Sim";2;0;1;0;1;0;1;2;-14,8279706;-40,82263327;"SPRF-BA";"DEL08-BA";"UOP01-DEL08-BA"
320390;2020-11-10;"terça-feira";"08:50:00";"RJ";493;19;"MAGE";"Desobediência às normas de trânsito pelo condutor";"Colisão frontal";"Com Vítimas Feridas";"Pleno dia";"Decrescente";"Nublado";"Simples";"Reta";"Sim";2;0;1;0;1;0;1;2;-22,6663848;-43,02770248;"SPRF-RJ";"DEL04-RJ";"UOP02-DEL04-RJ"
320392;2020-11-10;"terça-feira";"09:20:00";"RJ";116;18;"SAPUCAIA";"Pista Escorregadia";"Queda de ocupante de veículo";"Com Vítimas Feridas";"Pleno dia";"Decrescente";"Nublado";"Simples";"Curva";"Não";2;0;2;0;0;0;2;1;-21,98843778;-42,7572571;"SPRF-RJ";"DEL04-RJ";"UOP01-DEL04-RJ"
320393;2020-11-10;"terça-feira";"08:45:00";"CE";222;7,5;"CAUCAIA";"Velocidade Incompatível";"Saída de leito carroçável";"Sem Vítimas";"Pleno dia";"Crescente";"Nublado";"Dupla";"Reta";"Sim";1;0;0;0;1;0;0;1;-3,7495132;-38,6299559;"SPRF-CE";"DEL01-CE";"UOP01-DEL01-CE"
320399;2020-11-10;"terça-feira";"09:44:00";"SP";116;227;"SAO PAULO";"Não guardar distância de segurança";"Colisão traseira";"Com Vítimas Feridas";"Pleno dia";"Crescente";"Céu Claro";"Múltipla";"Reta";"Sim";4;0;2;0;2;0;2;4;-23,49659264;-46,55648754;"SPRF-SP";"DEL01-SP";"UOP01-DEL01-SP"
320401;2020-11-10;"terça-feira";"10:15:00";"PE";101;50,4;"ABREU E LIMA";"Falta de Atenção à Condução";"Colisão transversal";"Com Vítimas Feridas";"Pleno dia";"Crescente";"Nublado";"Múltipla";"Reta";"Sim";3;0;1;0;2;0;1;2;-7,90938602;-34,90123228;"SPRF-PE";"DEL01-PE";"UOP02-DEL01-PE"
320403;2020-11-10;"terça-feira";"09:30:00";"MG";381;296,9;"ANTONIO DIAS";"Desobediência às normas de trânsito pelo condutor";"Colisão frontal";"Com Vítimas Feridas";"Pleno dia";"Crescente";"Nublado";"Simples";"Reta";"Não";2;0;1;0;1;0;1;2;-19,62698434;-42,8708198;"SPRF-MG";"DEL03-MG";"UOP02-DEL03-MG"
320404;2020-10-09;"sexta-feira";"11:00:00";"ES";101;270;"SERRA";"Falta de Atenção à Condução";"Colisão lateral";"Com Vítimas Feridas";"Pleno dia";"Decrescente";"Céu Claro";"Dupla";"Reta";"Sim";2;0;0;1;1;0;1;2;-20,22662056;-40,27075088;"SPRF-ES";"DEL02-ES";"UOP01-DEL02-ES"
320405;2020-11-10;"terça-feira";"09:10:00";"RJ";393;285;"VOLTA REDONDA";"Não guardar distância de segurança";"Colisão traseira";"Sem Vítimas";"Pleno dia";"Crescente";"Nublado";"Simples";"Reta";"Sim";4;0;0;0;3;1;0;3;-22,481726;-44,06308602;"SPRF-RJ";"DEL05-RJ";"UOP04-DEL05-RJ"
320406;2020-11-10;"terça-feira";"09:50:00";"PR";116;105;"SAO JOSE DOS PINHAIS";"Falta de Atenção à Condução";"Tombamento";"Com Vítimas Feridas";"Pleno dia";"Crescente";"Sol";"Dupla";"Reta";"Não";1;0;0;1;0;0;1;1;-25,56635207;-49,16833598;"SPRF-PR";"DEL01-PR";"UOP01-DEL01-PR"
320408;2020-11-10;"terça-feira";"10:30:00";"PR";476;112;"COLOMBO";"Não guardar distância de segurança";"Colisão traseira";"Sem Vítimas";"Pleno dia";"Crescente";"Céu Claro";"Simples";"Declive";"Não";3;0;0;0;3;0;0;3;-25,318485;-49,159;"SPRF-PR";"DEL01-PR";"UOP02-DEL01-PR"
320409;2020-11-10;"terça-feira";"11:00:00";"DF";40;0;"BRASILIA";"Não guardar distância de segurança";"Colisão traseira";"Com Vítimas Feridas";"Pleno dia";"Decrescente";"Nublado";"Múltipla";"Reta";"Sim";3;0;1;0;2;0;1;2;-15,976897;-47,990129;"SPRF-DF";"DEL01-DF";"UOP01-DEL01-DF"
320413;2020-11-10;"terça-feira";"10:40:00";"PE";101;41;"IGARASSU";"Falta de Atenção à Condução";"Colisão traseira";"Sem Vítimas";"Pleno dia";"Decrescente";"Céu Claro";"Múltipla";"Interseção de Vias";"Sim";3;0;0;0;3;0;0;2;-7,83823531;-34,91215825;"SPRF-PE";"DEL01-PE";"UOP02-DEL01-PE"
320414;2020-11-10;"terça-feira";"11:20:00";"BA";324;388;"GAVIAO";"Defeito na Via";"Capotamento";"Sem Vítimas";"Pleno dia";"Decrescente";"Céu Claro";"Simples";"Reta";"Não";1;0;0;0;1;0;0;1;-11,50618276;-39,73663378;"SPRF-BA";"DEL04-BA";"UOP02-DEL04-BA"
320417;2020-11-07;"sábado";"14:30:00";"PE";116;46;"SALGUEIRO";"Agressão Externa";"Danos eventuais";"Sem Vítimas";"Pleno dia";"Crescente";"Céu Claro";"Simples";"Reta";"Não";1;0;0;0;1;0;0;1;-8,240053;-39,112076;"SPRF-PE";"DEL05-PE";"UOP01-DEL05-PE"
320420;2020-11-10;"terça-feira";"11:55:00";"RS";116;39,7;"VACARIA";"Não guardar distância de segurança";"Colisão com objeto estático";"Sem Vítimas";"Pleno dia";"Crescente";"Céu Claro";"Simples";"Rotatória";"Sim";1;0;0;0;1;0;0;1;-28,5120121;-50,93237991;"SPRF-RS";"DEL05-RS";"UOP03-DEL05-RS"
320421;2020-11-10;"terça-feira";"10:00:00";"MA";222;373,1;"PINDARE-MIRIM";"Falta de Atenção à Condução";"Saída de leito carroçável";"Com Vítimas Feridas";"Pleno dia";"Decrescente";"Sol";"Simples";"Reta";"Não";5;0;4;0;1;0;4;1;-3,75121582;-45,44293925;"SPRF-MA";"DEL02-MA";"UOP01-DEL02-MA"
320422;2020-11-10;"terça-feira";"12:53:00";"RJ";101;73;"CAMPOS DOS GOYTACAZES";"Falta de Atenção à Condução";"Colisão traseira";"Com Vítimas Feridas";"Pleno dia";"Decrescente";"Céu Claro";"Simples";"Reta";"Não";3;0;1;0;2;0;1;2;-21,798874;-41,393955;"SPRF-RJ";"DEL08-RJ";"UOP02-DEL08-RJ"