"id";"data_inversa";"dia_semana";"horario";"uf";"br";"km";"municipio";"causa_acidente";"tipo_acidente";"classificacao_acidente";"fase_dia";"sentido_via";"condicao_metereologica";"tipo_pista";"tracado_via";"uso_solo";"pessoas";"mortos";"feridos_leves";"feridos_graves";"ilesos";"ignorados";"feridos";"veiculos";"latitude";"longitude";"regional";"delegacia";"uop"
320564;2020-11-11;"quarta-feira";"07:30:00";"CE";222;123,5;"ITAPAJE";"Pista Escorregadia";"Saída de leito carroçável";"Sem Vítimas";"Pleno dia";"Decrescente";"Chuva";"Simples";"Reta";"Sim";2;0;0;0;2;0;0;1;-3,69455322;-39,58167619;"SPRF-CE";"DEL04-CE";"UOP03-DEL04-CE"
320565;2020-11-11;"quarta-feira";"07:30:00";"PR";476;147;"CURITIBA";"Velocidade Incompatível";"Saída de leito carroçável";"Com Vítimas Feridas";"Pleno dia";"Decrescente";"Céu Claro";"Dupla";"Reta";"Não";5;0;1;0;4;0;1;2;-25,554628;-49,339268;"SPRF-PR";"DEL01-PR";"UOP03-DEL01-PR"
320566;2020-11-11;"quarta-feira";"05:30:00";"MT";364;556,3;"NOBRES";"Falta de Atenção à Condução";"Saída de leito carroçável";"Com Vítimas Feridas";"Amanhecer";"Decrescente";"Céu Claro";"Dupla";"Reta";"Não";1;0;1;0;0;0;1;1;-14,7564729;-56,33863628;"SPRF-MT";"DEL01-MT";"UOP01-DEL01-MT"
320567;2020-11-11;"quarta-feira";"07:28:00";"RJ";393;178;"PARAIBA DO SUL";"Falta de Atenção à Condução";"Colisão lateral";"Com Vítimas Feridas";"Pleno dia";"Decrescente";"Sol";"Simples";"Reta;Aclive";"Sim";8;0;7;0;1;0;7;3;-22,12634272;-43,22811953;"SPRF-RJ";"DEL05-RJ";"UOP03-DEL05-RJ"
320568;2020-11-11;"quarta-feira";"07:20:00";"RS";116;151,7;"CAXIAS DO SUL";"Desobediência às normas de trânsito pelo condutor";"Colisão transversal";"Com Vítimas Feridas";"Pleno dia";"Crescente";"Céu Claro";"Dupla";"Interseção de Vias";"Sim";2;0;1;0;1;0;1;2;-29,17694502;-51,16173896;"SPRF-RS";"DEL05-RS";"UOP01-DEL05-RS"
320569;2020-11-07;"sábado";"20:40:00";"RS";290;100;"PORTO ALEGRE";"Falta de Atenção à Condução";"Colisão com objeto estático";"Com Vítimas Feridas";"Plena Noite";"Decrescente";"Céu Claro";"Dupla";"Reta";"Não";1;0;1;0;0;0;1;1;-29,988646;-51,236553;"SPRF-RS";"DEL01-RS";"UOP01-DEL01-RS"
320571;2020-11-10;"terça-feira";"18:30:00";"RJ";116;176,5;"NOVA IGUACU";"Falta de Atenção à Condução";"Queda de ocupante de veículo";"Com Vítimas Feridas";"Plena Noite";"Decrescente";"Nublado";"Dupla";"Reta";"Sim";1;0;1;0;0;0;1;1;-22,75459492;-43,43445897;"SPRF-RJ";"DEL01-RJ";"UOP02-DEL01-RJ"
320572;2020-11-11;"quarta-feira";"07:15:00";"DF";70;8,2;"BRASILIA";"Falta de Atenção do Pedestre";"Atropelamento de Pedestre";"Com Vítimas Feridas";"Pleno dia";"Decrescente";"Céu Claro";"Dupla";"Reta";"Sim";3;0;3;0;0;0;3;2;-15,784966;-48,122108;"SPRF-DF";"DEL03-DF";"UOP02-DEL03-DF"
320574;2020-11-07;"sábado";"18:50:00";"RS";290;92;"PORTO ALEGRE";"Desobediência às normas de trânsito pelo condutor";"Colisão transversal";"Com Vítimas Feridas";"Anoitecer";"Decrescente";"Céu Claro";"Múltipla";"Reta";"Não";2;0;1;0;1;0;1;2;-29,971916;-51,176838;"SPRF-RS";"DEL01-RS";"UOP01-DEL01-RS"
320575;2020-11-11;"quarta-feira";"08:30:00";"CE";222;3;"CAUCAIA";"Pista Escorregadia";"Tombamento";"Com Vítimas Feridas";"Pleno dia";"Decrescente";"Garoa/Chuvisco";"Dupla";"Reta";"Sim";1;0;1;0;0;0;1;1;-3,73784722;-38,64463449;"SPRF-CE";"DEL01-CE";"UOP01-DEL01-CE"
320577;2020-11-11;"quarta-feira";"07:45:00";"PB";230;18,9;"JOAO PESSOA";"Não guardar distância de segurança";"Colisão traseira";"Com Vítimas Feridas";"Pleno dia";"Decrescente";"Céu Claro";"Dupla";"Reta";"Sim";4;0;1;1;0;2;2;3;-7,128733;-34,848294;"SPRF-PB";"DEL01-PB";"UOP01-DEL01-PB"
320582;2020-11-11;"quarta-feira";"07:40:00";"PR";277;726,1;"FOZ DO IGUACU";"Falta de Atenção à Condução";"Tombamento";"Com Vítimas Feridas";"Pleno dia";"Crescente";"Nublado";"Dupla";"Reta";"Sim";1;0;1;0;0;0;1;1;-25,5106015;-54,55481999;"SPRF-PR";"DEL05-PR";"UOP03-DEL05-PR"
320583;2020-11-11;"quarta-feira";"07:45:00";"SC";470;247,2;"CURITIBANOS";"Desobediência às normas de trânsito pelo condutor";"Colisão transversal";"Com Vítimas Feridas";"Pleno dia";"Crescente";"Chuva";"Simples";"Reta";"Sim";2;0;1;0;1;0;1;2;-27,31293745;-50,55876017;"SPRF-SC";"DEL05-SC";"UOP03-DEL05-SC"
320585;2020-11-11;"quarta-feira";"09:10:00";"DF";20;20;"BRASILIA";"Desobediência às normas de trânsito pelo condutor";"Colisão traseira";"Com Vítimas Feridas";"Pleno dia";"Decrescente";"Céu Claro";"Dupla";"Aclive";"Sim";3;0;1;0;2;0;1;2;-15,607905;-47,692791;"SPRF-DF";"DEL02-DF";"UOP01-DEL02-DF"
320587;2020-11-11;"quarta-feira";"08:30:00";"ES";482;65;"JERONIMO MONTEIRO";"Falta de Atenção à Condução";"Colisão lateral";"Com Vítimas Feridas";"Pleno dia";"Crescente";"Céu Claro";"Simples";"Reta";"Sim";3;0;1;1;1;0;2;2;-20,79537324;-41,40497918;"SPRF-ES";"DEL03-ES";"UOP02-DEL03-ES"
320588;2020-11-07;"sábado";"20:30:00";"RS";290;104;"ELDORADO DO SUL";"Defeito Mecânico no Veículo";"Tombamento";"Com Vítimas Feridas";"Plena Noite";"Decrescente";"Céu Claro";"Dupla";"Ponte";"Sim";1;0;1;0;0;0;1;1;-29,993122;-51,275398;"SPRF-RS";"DEL02-RS";"UOP01-DEL02-RS"
320589;2020-11-11;"quarta-feira";"08:15:00";"RR";174;502;"BOA VISTA";"Falta de Atenção à Condução";"Atropelamento de Pedestre";"Com Vítimas Feridas";"Pleno dia";"Crescente";"Céu Claro";"Dupla";"Reta";"Sim";3;0;2;0;0;1;2;2;2,787376;-60,699524;"SPRF-RR";"DEL01-RR";"UOP01-DEL01-RR"
320590;2020-11-11;"quarta-feira";"08:40:00";"RJ";116;168;"SAO JOAO DE MERITI";"Desobediência às normas de trânsito pelo condutor";"Engavetamento";"Com Vítimas Feridas";"Pleno dia";"Decrescente";"Nublado";"Múltipla";"Reta";"Sim";3;0;2;0;1;0;2;3;-22,79518319;-43,36299419;"SPRF-RJ";"DEL01-RJ";"UOP01-DEL01-RJ"
320592;2020-11-10;"terça-feira";"11:10:00";"AC";0;0;"RIO BRANCO";"Desobediência às normas de trânsito pelo condutor";"Colisão lateral";"Sem Vítimas";"Pleno dia";"Não Informado";"Céu Claro";"Simples";"Reta";"Sim";2;0;0;0;2;0;0;2;-9,97025952;-67,81821728;"SPRF-AC";"DEL01-AC";"UOP01-DEL01-AC"
320594;2020-11-11;"quarta-feira";"06:30:00";"PR";467;101;"CASCAVEL";"Velocidade Incompatível";"Saída de leito carroçável";"Com Vítimas Feridas";"Pleno dia";"Crescente";"Céu Claro";"Dupla";"Curva";"Não";1;0;1;0;0;0;1;1;-24,8999;-53,5272;"SPRF-PR";"DEL04-PR";"UOP01-DEL04-PR"
320595;2020-11-11;"quarta-feira";"07:23:00";"SC";282;520,6;"XAXIM";"Desobediência às normas de trânsito pelo condutor";"Colisão lateral";"Com Vítimas Feridas";"Pleno dia";"Crescente";"Nublado";"Simples";"Rotatória";"Não";2;0;1;0;1;0;1;2;-26,950415;-52,526096;"SPRF-SC";"DEL07-SC";"UOP01-DEL07-SC"
320596;2020-09-02;"quarta-feira";"17:05:00";"PI";343;340;"TERESINA";"Falta de Atenção à Condução";"Queda de ocupante de veículo";"Com Vítimas Feridas";"Pleno dia";"Crescente";"Céu Claro";"Simples";"Reta";"Sim";2;0;0;1;0;1;1;2;-5,06445711;-42,72726238;"SPRF-PI";"DEL01-PI";"UOP01-DEL01-PI"
320597;2020-11-11;"quarta-feira";"09:00:00";"PR";277;83;"CURITIBA";"Mal Súbito";"Colisão com objeto estático";"Com Vítimas Feridas";"Pleno dia";"Decrescente";"Chuva";"Dupla";"Reta";"Sim";1;0;0;1;0;0;1;1;-25,568939;-49,181978;"SPRF-PR";"DEL01-PR";"UOP01-DEL01-PR"
320598;2020-11-11;"quarta-feira";"07:50:00";"AC";364;112;"RIO BRANCO";"Falta de Atenção à Condução";"Colisão traseira";"Com Vítimas Feridas";"Pleno dia";"Crescente";"Céu Claro";"Simples";"Reta";"Não";2;0;0;1;1;0;1;2;-10,0136782;-67,683134;"SPRF-AC";"DEL01-AC";"UOP01-DEL01-AC"
320600;2020-10-18;"domingo";"21:10:00";"PR";116;16;"COLOMBO";"Desobediência às normas de trânsito pelo pedestre";"Atropelamento de Pedestre";"Com Vítimas Fatais";"Plena Noite";"Crescente";"Nublado";"Dupla";"Reta";"Sim";2;1;0;0;1;0;0;2;-25,387017;-49,176526;"SPRF-PR";"DEL01-PR";"UOP02-DEL01-PR"
320602;2020-11-11;"quarta-feira";"08:10:00";"MA";135;1;"SAO LUIS";"Falta de Atenção à Condução";"Colisão lateral";"Com Vítimas Feridas";"Pleno dia";"Crescente";"Nublado";"Dupla";"Reta";"Sim";2;0;1;0;1;0;1;2;-2,58917895;-44,24423719;"SPRF-MA";"DEL01-MA";"UOP01-DEL01-MA"
320604;2020-11-11;"quarta-feira";"11:00:00";"ES";101;262;"SERRA";"Não guardar distância de segurança";"Colisão traseira";"Com Vítimas Feridas";"Pleno dia";"Decrescente";"Céu Claro";"Dupla";"Interseção de Vias";"Sim";2;0;1;0;1;0;1;2;-20,1572331;-40,27678329;"SPRF-ES";"DEL02-ES";"UOP01-DEL02-ES"
320606;2020-11-11;"quarta-feira";"11:00:00";"RJ";101;297;"ITABORAI";"Animais na Pista";"Atropelamento de Animal";"Com Vítimas Feridas";"Pleno dia";"Crescente";"Céu Claro";"Dupla";"Declive";"Sim";2;0;1;0;1;0;1;1;-22,77112647;-42,92325139;"SPRF-RJ";"DEL02-RJ";"UOP02-DEL02-RJ"
320609;2020-11-11;"quarta-feira";"11:00:00";"TO";226;4;"AGUIARNOPOLIS";"Falta de Atenção à Condução";"Saída de leito carroçável";"Com Vítimas Feridas";"Pleno dia";"Crescente";"Céu Claro";"Simples";"Reta";"Não";1;0;1;0;0;0;1;1;-6,567883;-47,492516;"SPRF-TO";"DEL02-TO";"UOP03-DEL02-TO"
320610;2020-11-11;"quarta-feira";"10:00:00";"MS";262;562,8;"MIRANDA";"Falta de Atenção à Condução";"Saída de leito carroçável";"Com Vítimas Feridas";"Pleno dia";"Crescente";"Chuva";"Simples";"Reta";"Não";2;0;2;0;0;0;2;1;-20,21854602;-56,40954601;"SPRF-MS";"DEL03-MS";"UOP02-DEL03-MS"
320611;2020-11-11;"quarta-feira";"12:00:00";"BA";242;797;"BARREIRAS";"Falta de Atenção à Condução";"Colisão transversal";"Com Vítimas Feridas";"Pleno dia";"Decrescente";"Sol";"Simples";"Rotatória;Reta";"Sim";3;0;1;0;2;0;1;2;-12,12575247;-45,02751058;"SPRF-BA";"DEL10-BA";"UOP01-DEL10-BA"
320612;2020-10-16;"sexta-feira";"11:14:00";"PA";316;62;"CASTANHAL";"Desobediência às normas de trânsito pelo condutor";"Colisão transversal";"Com Vítimas Feridas";"Pleno dia";"Decrescente";"Céu Claro";"Simples";"Interseção de Vias";"Sim";3;0;0;1;1;1;1;3;-1,29786885;-47,93764104;"SPRF-PA";"DEL01-PA";"UOP01-DEL01-PA"
320615;2020-11-11;"quarta-feira";"12:30:00";"MG";381;857,8;"POUSO ALEGRE";"Pista Escorregadia";"Tombamento";"Com Vítimas Feridas";"Pleno dia";"Decrescente";"Céu Claro";"Dupla";"Declive;Retorno Regulamentado";"Não";1;0;1;0;0;0;1;1;-22,30134155;-45,90033358;"SPRF-MG";"DEL16-MG";"UOP01-DEL16-MG"
320617;2020-11-11;"quarta-feira";"12:00:00";"GO";20;6;"FORMOSA";"Desobediência às normas de trânsito pelo condutor";"Colisão transversal";"Com Vítimas Feridas";"Pleno dia";"Crescente";"Céu Claro";"Simples";"Curva";"Sim";2;0;1;0;1;0;1;2;-15,54921;-47,300228;"SPRF-DF";"DEL02-DF";"UOP01-DEL02-DF"
320620;2020-11-11;"quarta-feira";"13:12:00";"PR";277;707;"SANTA TEREZINHA DE ITAIPU";"Falta de Atenção à Condução";"Saída de leito carroçável";"Com Vítimas Feridas";"Pleno dia";"Decrescente";"Céu Claro";"Dupla";"Reta";"Sim";2;0;0;2;0;0;2;1;-25,4390402;-54,38645591;"SPRF-PR";"DEL05-PR";"UOP01-DEL05-PR"
320621;2020-11-11;"quarta-feira";"12:40:00";"PA";316;21;"BENEVIDES";"Falta de Atenção à Condução";"Queda de ocupante de veículo";"Com Vítimas Feridas";"Pleno dia";"Crescente";"Chuva";"Dupla";"Reta";"Sim";1;0;1;0;0;0;1;1;-1,36097138;-48,26241527;"SPRF-PA";"DEL01-PA";"UOP01-DEL01-PA"
320622;2020-11-11;"quarta-feira";"13:15:00";"SC";101;192,4;"BIGUACU";"Falta de Atenção à Condução";"Colisão com objeto estático";"Com Vítimas Feridas";"Pleno dia";"Crescente";"Chuva";"Dupla";"Curva";"Não";1;0;1;0;0;0;1;1;-27,48443781;-48,64765238;"SPRF-SC";"DEL01-SC";"UOP01-DEL01-SC"
320624;2020-11-11;"quarta-feira";"11:40:00";"MG";116;550,1;"SANTA BARBARA DO LESTE";"Desobediência às normas de trânsito pelo condutor";"Colisão transversal";"Com Vítimas Feridas";"Pleno dia";"Crescente";"Céu Claro";"Simples";"Declive";"Não";2;0;2;0;0;0;2;2;-19,96878195;-42,1364542;"SPRF-MG";"DEL06-MG";"UOP02-DEL06-MG"
320629;2020-11-11;"quarta-feira";"12:00:00";"BA";367;82,5;"EUNAPOLIS";"Falta de Atenção à Condução";"Colisão lateral";"Com Vítimas Feridas";"Pleno dia";"Crescente";"Sol";"Simples";"Rotatória";"Sim";2;0;1;0;1;0;1;2;-16,37205962;-39,56163401;"SPRF-BA";"DEL09-BA";"UOP01-DEL09-BA"
320630;2020-10-10;"sábado";"23:20:00";"ES";262;137,7;"MUNIZ FREIRE";"Velocidade Incompatível";"Saída de leito carroçável";"Com Vítimas Feridas";"Plena Noite";"Decrescente";"Garoa/Chuvisco";"Simples";"Curva;Declive";"Não";2;0;1;1;0;0;2;1;-20,23526078;-41,34327555;"SPRF-ES";"DEL01-ES";"UOP02-DEL01-ES"
320632;2020-11-11;"quarta-feira";"13:30:00";"SC";101;437;"SOMBRIO";"Falta de Atenção à Condução";"Colisão frontal";"Com Vítimas Feridas";"Pleno dia";"Crescente";"Céu Claro";"Dupla";"Reta";"Sim";2;0;1;0;1;0;1;2;-29,123;-49,649;"SPRF-SC";"DEL02-SC";"UOP02-DEL02-SC"
320634;2020-11-11;"quarta-feira";"14:30:00";"SP";116;273;"TABOAO DA SERRA";"Não guardar distância de segurança";"Colisão traseira";"Com Vítimas Feridas";"Pleno dia";"Decrescente";"Céu Claro";"Dupla";"Reta";"Sim";2;0;1;0;1;0;1;2;-23,62809795;-46,81870306;"SPRF-SP";"DEL04-SP";"UOP01-DEL04-SP"
320635;2020-11-11;"quarta-feira";"14:30:00";"PR";376;295,1;"MAUA DA SERRA";"Desobediência às normas de trânsito pelo condutor";"Saída de leito carroçável";"Com Vítimas Feridas";"Pleno dia";"Crescente";"Nublado";"Simples";"Em Obras;Curva;Declive;Retorno Regulamentado;Interseção de Vias";"Não";1;0;1;0;0;0;1;1;-23,9105919;-51,1874627;"SPRF-PR";"DEL07-PR";"UOP03-DEL07-PR"
320636;2020-11-11;"quarta-feira";"12:20:00";"MG";50;87;"UBERLANDIA";"Defeito Mecânico no Veículo";"Saída de leito carroçável";"Com Vítimas Feridas";"Pleno dia";"Decrescente";"Chuva";"Dupla";"Reta";"Não";2;0;1;0;1;0;1;1;-19,02250908;-48,20461726;"SPRF-MG";"DEL15-MG";"UOP01-DEL15-MG"
320637;2020-11-11;"quarta-feira";"11:50:00";"RS";116;44,9;"VACARIA";"Velocidade Incompatível";"Capotamento";"Com Vítimas Feridas";"Pleno dia";"Crescente";"Chuva";"Simples";"Curva;Declive";"Não";3;0;2;0;1;0;2;1;-28,53962512;-50,96996084;"SPRF-RS";"DEL05-RS";"UOP03-DEL05-RS"
320639;2020-11-11;"quarta-feira";"13:50:00";"RS";116;358,5;"SENTINELA DO SUL";"Condutor Dormindo";"Saída de leito carroçável";"Com Vítimas Feridas";"Pleno dia";"Crescente";"Sol";"Dupla";"Reta;Declive";"Não";4;0;0;1;3;0;1;1;-30,60712596;-51,54060211;"SPRF-RS";"DEL02-RS";"UOP02-DEL02-RS"
320643;2020-11-11;"quarta-feira";"15:00:00";"GO";60;93,3;"ANAPOLIS";"Falta de Atenção à Condução";"Colisão traseira";"Sem Vítimas";"Pleno dia";"Decrescente";"Céu Claro";"Dupla";"Rotatória";"Sim";2;0;0;0;2;0;0;2;-16,3538;-48,9268;"SPRF-GO";"DEL02-GO";"UOP01-DEL02-GO"
320644;2020-11-11;"quarta-feira";"15:00:00";"MG";40;479,6;"SETE LAGOAS";"Velocidade Incompatível";"Saída de leito carroçável";"Com Vítimas Feridas";"Pleno dia";"Decrescente";"Chuva";"Dupla";"Reta";"Não";2;0;2;0;0;0;2;1;-19,53622599;-44,25468498;"SPRF-MG";"DEL02-MG";"UOP01-DEL02-MG"
320645;2020-11-11;"quarta-feira";"14:00:00";"MG";40;618;"CONGONHAS";"Falta de Atenção à Condução";"Colisão traseira";"Com Vítimas Feridas";"Pleno dia";"Decrescente";"Céu Claro";"Simples";"Reta";"Não";2;0;1;0;0;1;1;2;-20,5615888;-43,81227278;"SPRF-MG";"DEL05-MG";"UOP02-DEL05-MG"
320646;2020-11-11;"quarta-feira";"15:00:00";"SP";381;61;"MAIRIPORA";"Falta de Atenção à Condução";"Tombamento";"Com Vítimas Feridas";"Pleno dia";"Crescente";"Chuva";"Dupla";"Curva";"Não";1;0;1;0;0;0;1;1;-23,29011611;-46,5800681;"SPRF-SP";"DEL03-SP";"UOP01-DEL03-SP"
320647;2020-10-17;"sábado";"18:00:00";"PE";232;82;"GRAVATA";"Defeito Mecânico no Veículo";"Tombamento";"Com Vítimas Feridas";"Anoitecer";"Crescente";"Céu Claro";"Dupla";"Reta";"Não";2;0;1;1;0;0;2;1;-8,19905415;-35,58715194;"SPRF-PE";"DEL02-PE";"UOP02-DEL02PE"
320649;2020-11-11;"quarta-feira";"15:00:00";"DF";60;4;"BRASILIA";"Desobediência às normas de trânsito pelo condutor";"Colisão lateral";"Com Vítimas Feridas";"Pleno dia";"Crescente";"Céu Claro";"Dupla";"Reta";"Sim";10;0;1;0;9;0;1;3;-15,892721;-48,095741;"SPRF-DF";"DEL03-DF";"UOP01-DEL03-DF"
320652;2020-11-11;"quarta-feira";"14:55:00";"MG";116;721,9;"MURIAE";"Pista Escorregadia";"Colisão com objeto estático";"Com Vítimas Feridas";"Pleno dia";"Crescente";"Chuva";"Simples";"Curva";"Não";1;0;1;0;0;0;1;1;-21,25250964;-42,40031915;"SPRF-MG";"DEL07-MG";"UOP02-DEL07-MG"
320653;2020-11-11;"quarta-feira";"15:15:00";"SP";116;276;"EMBU DAS ARTES";"Não guardar distância de segurança";"Colisão traseira";"Com Vítimas Feridas";"Pleno dia";"Decrescente";"Nublado";"Dupla";"Reta";"Sim";3;0;0;1;2;0;1;3;-23,64262417;-46,83811382;"SPRF-SP";"DEL04-SP";"UOP01-DEL04-SP"
320654;2020-11-11;"quarta-feira";"15:20:00";"RJ";493;23;"MAGE";"Desobediência às normas de trânsito pelo condutor";"Colisão frontal";"Com Vítimas Feridas";"Pleno dia";"Decrescente";"Nublado";"Simples";"Reta";"Não";22;0;20;1;1;0;21;2;-22,65705297;-43,061742;"SPRF-RJ";"DEL04-RJ";"UOP02-DEL04-RJ"
320657;2020-11-11;"quarta-feira";"15:55:00";"SC";101;203,1;"SAO JOSE";"Desobediência às normas de trânsito pelo condutor";"Colisão traseira";"Com Vítimas Feridas";"Pleno dia";"Decrescente";"Sol";"Múltipla";"Reta";"Sim";2;0;1;0;1;0;1;2;-27,5650044;-48,61460082;"SPRF-SC";"DEL01-SC";"UOP01-DEL01-SC"
320658;2020-11-11;"quarta-feira";"14:20:00";"RO";364;426;"JARU";"Pista Escorregadia";"Tombamento";"Com Vítimas Feridas";"Pleno dia";"Decrescente";"Chuva";"Simples";"Interseção de Vias";"Sim";2;0;1;0;1;0;1;1;-10,432443;-62,479584;"SPRF-RO";"DEL03-RO";"UOP02-DEL03-RO"
320659;2020-11-11;"quarta-feira";"16:00:00";"MG";381;889;"CAMBUI";"Velocidade Incompatível";"Colisão com objeto estático";"Com Vítimas Feridas";"Pleno dia";"Crescente";"Chuva";"Dupla";"Curva";"Não";3;0;1;0;2;0;1;1;-22,53286592;-46,02924097;"SPRF-MG";"DEL16-MG";"UOP03-DEL16-MG"
320660;2020-11-11;"quarta-feira";"14:50:00";"SC";101;283;"IMBITUBA";"Velocidade Incompatível";"Colisão com objeto estático";"Com Vítimas Feridas";"Pleno dia";"Decrescente";"Céu Claro";"Dupla";"Aclive";"Não";1;0;0;1;0;0;1;1;-28,23283072;-48,70196342;"SPRF-SC";"DEL02-SC";"UOP03-DEL02-SC"
320661;2020-11-11;"quarta-feira";"13:30:00";"PR";277;71;"SAO JOSE DOS PINHAIS";"Pista Escorregadia";"Queda de ocupante de veículo";"Com Vítimas Feridas";"Pleno dia";"Crescente";"Chuva";"Dupla";"Reta";"Sim";1;0;1;0;0;0;1;1;-25,52920381;-49,08862791;"SPRF-PR";"DEL01-PR";"UOP01-DEL01-PR"
320663;2020-11-11;"quarta-feira";"16:05:00";"RN";427;0,1;"CURRAIS NOVOS";"Falta de Atenção à Condução";"Colisão transversal";"Com Vítimas Feridas";"Pleno dia";"Decrescente";"Céu Claro";"Simples";"Interseção de Vias";"Sim";2;0;1;0;1;0;1;2;-6,268149;-36,52254;"SPRF-RN";"DEL03-RN";"UOP02-DEL03-RN"
320664;2020-10-19;"segunda-feira";"06:15:00";"RN";304;50,3;"MOSSORO";"Falta de Atenção à Condução";"Colisão traseira";"Com Vítimas Feridas";"Amanhecer";"Crescente";"Ignorado";"Simples";"Reta";"Não";2;0;0;1;0;1;1;2;-5,24495024;-37,31288552;"SPRF-RN";"DEL04-RN";"UOP01-DEL04-RN"
320665;2020-11-11;"quarta-feira";"14:00:00";"AC";364;199;"BUJARI";"Defeito Mecânico no Veículo";"Saída de leito carroçável";"Com Vítimas Fatais";"Pleno dia";"Decrescente";"Céu Claro";"Simples";"Reta";"Não";3;1;0;0;1;1;0;1;-9,59796903;-68,25785703;"SPRF-AC";"DEL01-AC";"UOP01-DEL01-AC"
320668;2020-11-11;"quarta-feira";"15:40:00";"SC";282;29,6;"SANTO AMARO DA IMPERATRIZ";"Não guardar distância de segurança";"Colisão traseira";"Com Vítimas Feridas";"Pleno dia";"Crescente";"Nublado";"Simples";"Reta";"Não";2;0;1;0;1;0;1;2;-27,679737;-48,786785;"SPRF-SC";"DEL01-SC";"UOP03-DEL01-SC"
320669;2020-11-11;"quarta-feira";"16:30:00";"RS";386;349,1;"LAJEADO";"Desobediência às normas de trânsito pelo condutor";"Colisão transversal";"Com Vítimas Feridas";"Pleno dia";"Decrescente";"Sol";"Simples";"Interseção de Vias";"Sim";2;0;1;0;1;0;1;2;-29,46658302;-51,95445836;"SPRF-RS";"DEL04-RS";"UOP02-DEL04-RS"
320671;2020-11-11;"quarta-feira";"16:00:00";"SP";116;190,4;"SANTA ISABEL";"Falta de Atenção à Condução";"Queda de ocupante de veículo";"Com Vítimas Feridas";"Pleno dia";"Decrescente";"Chuva";"Dupla";"Curva";"Não";1;0;0;1;0;0;1;1;-23,36821879;-46,23367409;"SPRF-SP";"DEL02-SP";"UOP01-DEL02-SP"
320673;2020-11-11;"quarta-feira";"16:45:00";"RS";386;354,5;"ESTRELA";"Velocidade Incompatível";"Colisão com objeto estático";"Com Vítimas Feridas";"Pleno dia";"Crescente";"Sol";"Dupla";"Reta";"Não";3;0;1;1;0;1;2;2;-29,50671751;-51,94310188;"SPRF-RS";"DEL04-RS";"UOP02-DEL04-RS"
320679;2020-11-11;"quarta-feira";"14:45:00";"PR";116;17;"CAMPINA GRANDE DO SUL";"Pista Escorregadia";"Capotamento";"Com Vítimas Feridas";"Pleno dia";"Decrescente";"Chuva";"Dupla";"Reta";"Não";2;0;1;0;1;0;1;1;-25,10305915;-48,70103892;"SPRF-PR";"DEL01-PR";"UOP02-DEL01-PR"
320681;2020-11-07;"sábado";"22:00:00";"RJ";40;118;"DUQUE DE CAXIAS";"Falta de Atenção à Condução";"Colisão transversal";"Sem Vítimas";"Plena Noite";"Decrescente";"Céu Claro";"Múltipla";"Reta";"Sim";2;0;0;0;2;0;0;2;-22,76573489;-43,28669071;"SPRF-RJ";"DEL01-RJ";"UOP01-DEL01-RJ"
320684;2020-11-11;"quarta-feira";"16:30:00";"RO";364;709;"PORTO VELHO";"Não guardar distância de segurança";"Colisão traseira";"Com Vítimas Feridas";"Pleno dia";"Decrescente";"Chuva";"Múltipla";"Reta";"Sim";2;0;0;1;1;0;1;2;-8,789451;-63,851881;"SPRF-RO";"DEL01-RO";"UOP01-DEL01-RO"
320686;2020-11-11;"quarta-feira";"17:40:00";"RS";116;249;"SAO LEOPOLDO";"Falta de Atenção à Condução";"Colisão com objeto estático";"Com Vítimas Feridas";"Pleno dia";"Crescente";"Céu Claro";"Múltipla";"Reta";"Sim";1;0;1;0;0;0;1;1;-29,7831804;-51,16099063;"SPRF-RS";"DEL01-RS";"UOP02-DEL01-RS"
320688;2020-11-11;"quarta-feira";"17:20:00";"RJ";465;20;"NOVA IGUACU";"Falta de Atenção à Condução";"Atropelamento de Pedestre";"Com Vítimas Feridas";"Pleno dia";"Decrescente";"Nublado";"Simples";"Reta";"Sim";2;0;1;0;1;0;1;2;-22,846828;-43,605339;"SPRF-RJ";"DEL03-RJ";"UOP01-DEL03-RJ"
320690;2020-11-11;"quarta-feira";"16:00:00";"RJ";101;297;"ITABORAI";"Falta de Atenção à Condução";"Colisão lateral";"Com Vítimas Feridas";"Anoitecer";"Decrescente";"Céu Claro";"Múltipla";"Reta";"Sim";3;0;3;0;0;0;3;2;-22,76942037;-42,91873581;"SPRF-RJ";"DEL02-RJ";"UOP02-DEL02-RJ"
320692;2020-07-23;"quinta-feira";"15:00:00";"CE";116;355;"ICO";"Desobediência às normas de trânsito pelo condutor";"Danos eventuais";"Sem Vítimas";"Pleno dia";"Decrescente";"Céu Claro";"Simples";"Reta";"Não";4;0;0;0;3;1;0;2;-6,27633712;-38,71364586;"SPRF-CE";"DEL05-CE";"UOP02-DEL05-CE"