"id";"data_inversa";"dia_semana";"horario";"uf";"br";"km";"municipio";"causa_acidente";"tipo_acidente";"classificacao_acidente";"fase_dia";"sentido_via";"condicao_metereologica";"tipo_pista";"tracado_via";"uso_solo";"pessoas";"mortos";"feridos_leves";"feridos_graves";"ilesos";"ignorados";"feridos";"veiculos";"latitude";"longitude";"regional";"delegacia";"uop"
320693;2020-11-11;"quarta-feira";"17:15:00";"SC";101;324,2;"CAPIVARI DE BAIXO";"Falta de Atenção à Condução";"Colisão com objeto estático";"Com Vítimas Feridas";"Pleno dia";"Decrescente";"Nublado";"Múltipla";"Reta";"Não";1;0;1;0;0;0;1;1;-28,42890047;-48,92285509;"SPRF-SC";"DEL02-SC";"UOP01-DEL02-SC"
320695;2020-11-11;"quarta-feira";"18:30:00";"BA";324;623;"SALVADOR";"Desobediência às normas de trânsito pelo condutor";"Colisão lateral";"Com Vítimas Feridas";"Plena Noite";"Decrescente";"Céu Claro";"Dupla";"Reta";"Sim";2;0;1;0;1;0;1;2;-12,92628699;-38,46838679;"SPRF-BA";"DEL01-BA";"UOP01-DEL01-BA"
320697;2020-11-11;"quarta-feira";"19:00:00";"MG";251;352,7;"PADRE CARVALHO";"Falta de Atenção à Condução";"Colisão frontal";"Com Vítimas Feridas";"Plena Noite";"Crescente";"Céu Claro";"Simples";"Reta;Aclive";"Não";3;0;0;1;1;1;1;3;-16,28139497;-42,54580197;"SPRF-MG";"DEL12-MG";"UOP01-DEL12-MG"
320698;2020-11-11;"quarta-feira";"18:20:00";"MS";163;486,3;"CAMPO GRANDE";"Falta de Atenção à Condução";"Colisão traseira";"Com Vítimas Feridas";"Anoitecer";"Decrescente";"Nublado";"Simples";"Reta";"Sim";3;0;1;0;0;2;1;3;-20,4336361;-54,54376745;"SPRF-MS";"DEL01-MS";"UOP02-DEL01-MS"
320699;2020-11-11;"quarta-feira";"14:00:00";"MG";365;624;"UBERLANDIA";"Pista Escorregadia";"Queda de ocupante de veículo";"Com Vítimas Feridas";"Pleno dia";"Decrescente";"Garoa/Chuvisco";"Dupla";"Reta";"Sim";1;0;1;0;0;0;1;1;-18,90754763;-48,3160669;"SPRF-MG";"DEL15-MG";"UOP01-DEL15-MG"
320701;2020-11-11;"quarta-feira";"18:30:00";"MG";116;277,8;"TEOFILO OTONI";"Falta de Atenção à Condução";"Colisão transversal";"Com Vítimas Feridas";"Plena Noite";"Crescente";"Céu Claro";"Simples";"Interseção de Vias";"Sim";2;0;1;0;1;0;1;2;-17,859945;-41,515144;"SPRF-MG";"DEL11-MG";"UOP01-DEL11-MG"
320702;2020-11-11;"quarta-feira";"19:25:00";"PR";376;181;"MARINGA";"Falta de Atenção à Condução";"Colisão lateral";"Com Vítimas Feridas";"Plena Noite";"Crescente";"Nublado";"Dupla";"Reta";"Sim";2;0;1;0;1;0;1;2;-23,43197477;-51,88671852;"SPRF-PR";"DEL09-PR";"UOP01-DEL09-PR"
320703;2020-11-11;"quarta-feira";"19:20:00";"RJ";116;169;"SAO JOAO DE MERITI";"Falta de Atenção à Condução";"Queda de ocupante de veículo";"Com Vítimas Feridas";"Plena Noite";"Crescente";"Chuva";"Dupla";"Reta";"Sim";2;0;1;0;1;0;1;2;-22,816206;-43,324463;"SPRF-RJ";"DEL01-RJ";"UOP02-DEL01-RJ"
320704;2020-11-11;"quarta-feira";"19:35:00";"RS";386;438;"NOVA SANTA RITA";"Animais na Pista";"Atropelamento de Animal";"Com Vítimas Feridas";"Plena Noite";"Crescente";"Céu Claro";"Simples";"Reta";"Não";1;0;1;0;0;0;1;1;-29,863266;-51,252903;"SPRF-RS";"DEL04-RS";"UOP02-DEL04-RS"
320707;2020-11-11;"quarta-feira";"19:20:00";"SP";116;227;"SAO PAULO";"Não guardar distância de segurança";"Colisão com objeto estático";"Com Vítimas Feridas";"Plena Noite";"Decrescente";"Chuva";"Múltipla";"Reta";"Não";2;0;1;0;1;0;1;2;-23,49659264;-46,55648754;"SPRF-SP";"DEL01-SP";"UOP01-DEL01-SP"
320708;2020-11-11;"quarta-feira";"20:00:00";"RS";116;251;"SAPUCAIA DO SUL";"Falta de Atenção à Condução";"Colisão traseira";"Sem Vítimas";"Plena Noite";"Decrescente";"Nublado";"Dupla";"Reta";"Sim";2;0;0;0;2;0;0;2;-29,80157575;-51,16552169;"SPRF-RS";"DEL01-RS";"UOP02-DEL01-RS"
320709;2020-11-11;"quarta-feira";"16:05:00";"PI";135;411;"REDENCAO DO GURGUEIA";"Desobediência às normas de trânsito pelo condutor";"Colisão lateral";"Com Vítimas Feridas";"Pleno dia";"Decrescente";"Céu Claro";"Simples";"Curva";"Não";4;0;2;0;2;0;2;2;-9,47095463;-44,62639289;"SPRF-PI";"DEL03-PI";"UOP02-DEL03-PI"
320710;2020-11-11;"quarta-feira";"20:00:00";"PR";153;41,6;"SANTO ANTONIO DA PLATINA";"Desobediência às normas de trânsito pelo condutor";"Colisão transversal";"Com Vítimas Feridas";"Plena Noite";"Decrescente";"Nublado";"Simples";"Interseção de Vias";"Sim";3;0;2;0;1;0;2;2;-23,287931;-50,059216;"SPRF-PR";"DEL07-PR";"UOP04-DEL07-PR"
320711;2020-11-11;"quarta-feira";"20:35:00";"CE";116;42,9;"HORIZONTE";"Desobediência às normas de trânsito pelo condutor";"Colisão transversal";"Com Vítimas Feridas";"Plena Noite";"Crescente";"Céu Claro";"Dupla";"Reta";"Sim";2;0;0;2;0;0;2;2;-4,11753764;-38,48841559;"SPRF-CE";"DEL01-CE";"UOP02-DEL01-CE"
320713;2020-11-11;"quarta-feira";"18:05:00";"ES";101;269,2;"SERRA";"Falta de Atenção à Condução";"Atropelamento de Pedestre";"Com Vítimas Feridas";"Plena Noite";"Crescente";"Céu Claro";"Múltipla";"Reta";"Sim";2;0;1;0;0;1;1;2;-20,21740496;-40,26990578;"SPRF-ES";"DEL02-ES";"UOP01-DEL02-ES"
320715;2020-11-11;"quarta-feira";"21:15:00";"RN";101;83,2;"NATAL";"Não guardar distância de segurança";"Colisão traseira";"Com Vítimas Feridas";"Plena Noite";"Decrescente";"Céu Claro";"Dupla";"Reta";"Sim";2;0;0;1;1;0;1;2;-5,7710445;-35,26616981;"SPRF-RN";"DEL02-RN";"UOP01-DEL02-RN"
320716;2020-11-11;"quarta-feira";"19:05:00";"RJ";116;132;"MAGE";"Falta de Atenção à Condução";"Tombamento";"Com Vítimas Feridas";"Plena Noite";"Decrescente";"Chuva";"Simples";"Reta";"Sim";1;0;1;0;0;0;1;1;-22,65703272;-43,13458092;"SPRF-RJ";"DEL04-RJ";"UOP02-DEL04-RJ"
320717;2020-11-11;"quarta-feira";"21:40:00";"RJ";116;121;"MAGE";"Falta de Atenção à Condução";"Saída de leito carroçável";"Com Vítimas Feridas";"Plena Noite";"Crescente";"Chuva";"Dupla";"Reta";"Não";1;0;1;0;0;0;1;1;-22,62881711;-43,04922889;"SPRF-RJ";"DEL04-RJ";"UOP02-DEL04-RJ"
320719;2020-11-11;"quarta-feira";"18:30:00";"RN";304;148,1;"ANGICOS";"Falta de Atenção à Condução";"Colisão traseira";"Com Vítimas Feridas";"Anoitecer";"Crescente";"Céu Claro";"Simples";"Reta";"Sim";2;0;0;1;0;1;1;2;-5,67859436;-36,60959959;"SPRF-RN";"DEL04-RN";"UOP01-DEL04-RN"
320723;2020-11-11;"quarta-feira";"19:00:00";"MG";267;126;"JUIZ DE FORA";"Ingestão de Álcool";"Colisão frontal";"Sem Vítimas";"Plena Noite";"Crescente";"Chuva";"Simples";"Aclive;Reta";"Não";2;0;0;0;2;0;0;2;-21,72381566;-43,53970826;"SPRF-MG";"DEL05-MG";"UOP01-DEL05-MG"
320724;2020-11-11;"quarta-feira";"20:30:00";"RO";364;423;"JARU";"Falta de Atenção à Condução";"Colisão lateral";"Com Vítimas Feridas";"Plena Noite";"Decrescente";"Nublado";"Simples";"Ponte";"Sim";2;0;2;0;0;0;2;2;-10,45220802;-62,46072003;"SPRF-RO";"DEL03-RO";"UOP02-DEL03-RO"
320729;2020-11-11;"quarta-feira";"23:10:00";"ES";101;268,5;"SERRA";"Falta de Atenção à Condução";"Tombamento";"Com Vítimas Feridas";"Plena Noite";"Crescente";"Nublado";"Dupla";"Reta";"Sim";1;0;1;0;0;0;1;1;-20,20842;-40,269405;"SPRF-ES";"DEL02-ES";"UOP01-DEL02-ES"
320731;2020-11-11;"quarta-feira";"20:15:00";"SP";116;272;"TABOAO DA SERRA";"Não guardar distância de segurança";"Colisão traseira";"Com Vítimas Feridas";"Plena Noite";"Crescente";"Garoa/Chuvisco";"Múltipla";"Reta";"Sim";3;0;1;0;2;0;1;2;-23,621691;-46,813288;"SPRF-SP";"DEL04-SP";"UOP01-DEL04-SP"
320732;2020-11-11;"quarta-feira";"23:00:00";"SP";116;229;"SAO PAULO";"Falta de Atenção à Condução";"Atropelamento de Pedestre";"Com Vítimas Feridas";"Plena Noite";"Crescente";"Céu Claro";"Múltipla";"Reta";"Não";2;0;1;0;1;0;1;2;-23,51291902;-46,57604698;"SPRF-SP";"DEL01-SP";"UOP01-DEL01-SP"
320733;2020-11-11;"quarta-feira";"20:15:00";"SP";116;272;"TABOAO DA SERRA";"Falta de Atenção à Condução";"Colisão traseira";"Sem Vítimas";"Plena Noite";"Crescente";"Garoa/Chuvisco";"Dupla";"Reta";"Sim";3;0;0;0;2;1;0;3;-23,621691;-46,813288;"SPRF-SP";"DEL04-SP";"UOP01-DEL04-SP"
320734;2020-11-11;"quarta-feira";"20:55:00";"AC";364;142;"RIO BRANCO";"Animais na Pista";"Atropelamento de Animal";"Com Vítimas Feridas";"Plena Noite";"Crescente";"Céu Claro";"Dupla";"Curva";"Não";2;0;2;0;0;0;2;1;-9,93629479;-67,88193482;"SPRF-AC";"DEL01-AC";"UOP01-DEL01-AC"
320735;2020-11-11;"quarta-feira";"20:40:00";"SP";116;274;"TABOAO DA SERRA";"Ingestão de Álcool";"Colisão traseira";"Sem Vítimas";"Plena Noite";"Crescente";"Garoa/Chuvisco";"Dupla";"Reta";"Sim";2;0;0;0;2;0;0;2;-23,63445084;-46,82418514;"SPRF-SP";"DEL04-SP";"UOP01-DEL04-SP"
320736;2020-11-11;"quarta-feira";"23:00:00";"SP";116;307;"SAO LOURENCO DA SERRA";"Animais na Pista";"Atropelamento de Animal";"Com Vítimas Feridas";"Plena Noite";"Crescente";"Céu Claro";"Dupla";"Reta";"Não";1;0;1;0;0;0;1;1;-23,85630016;-46,94096988;"SPRF-SP";"DEL04-SP";"UOP01-DEL04-SP"
320741;2020-11-12;"quinta-feira";"01:00:00";"PE";101;55;"PAULISTA";"Condutor Dormindo";"Colisão com objeto estático";"Sem Vítimas";"Plena Noite";"Decrescente";"Céu Claro";"Dupla";"Reta";"Sim";1;0;0;0;1;0;0;1;-7,9554509;-34,91140727;"SPRF-PE";"DEL01-PE";"UOP02-DEL01-PE"
320742;2020-11-12;"quinta-feira";"00:30:00";"GO";40;1,3;"VALPARAISO DE GOIAS";"Pista Escorregadia";"Engavetamento";"Sem Vítimas";"Plena Noite";"Crescente";"Chuva";"Dupla";"Reta";"Sim";3;0;0;0;2;1;0;3;-16,058245;-47,982825;"SPRF-DF";"DEL01-DF";"UOP01-DEL01-DF"
320743;2020-11-11;"quarta-feira";"19:30:00";"MS";163;819;"SONORA";"Falta de Atenção à Condução";"Saída de leito carroçável";"Com Vítimas Feridas";"Plena Noite";"Crescente";"Céu Claro";"Simples";"Reta";"Não";2;0;2;0;0;0;2;1;-17,76094593;-54,75196267;"SPRF-MS";"DEL06-MS";"UOP01-DEL06-MS"
320744;2020-11-11;"quarta-feira";"22:30:00";"RR";174;505;"BOA VISTA";"Falta de Atenção à Condução";"Colisão transversal";"Com Vítimas Feridas";"Plena Noite";"Crescente";"Céu Claro";"Dupla";"Curva";"Sim";3;0;2;0;1;0;2;2;2,805917;-60,690617;"SPRF-RR";"DEL01-RR";"UOP01-DEL01-RR"
320746;2020-11-12;"quinta-feira";"02:00:00";"SC";101;112,5;"ITAJAI";"Fenômenos da Natureza";"Colisão traseira";"Com Vítimas Feridas";"Plena Noite";"Crescente";"Chuva";"Múltipla";"Reta";"Não";2;0;2;0;0;0;2;2;-26,84589005;-48,72131295;"SPRF-SC";"DEL04-SC";"UOP04-DEL04-SC"
320747;2020-11-12;"quinta-feira";"02:20:00";"RJ";101;78;"CAMPOS DOS GOYTACAZES";"Falta de Atenção à Condução";"Colisão com objeto estático";"Sem Vítimas";"Plena Noite";"Decrescente";"Chuva";"Simples";"Reta";"Não";1;0;0;0;0;1;0;1;-21,83525792;-41,41878002;"SPRF-RJ";"DEL08-RJ";"UOP02-DEL08-RJ"
320748;2020-11-11;"quarta-feira";"13:30:00";"PR";153;168,8;"VENTANIA";"Avarias e/ou desgaste excessivo no pneu";"Saída de leito carroçável";"Com Vítimas Feridas";"Pleno dia";"Decrescente";"Chuva";"Simples";"Curva";"Não";2;0;2;0;0;0;2;1;-24,28452334;-50,26232243;"SPRF-PR";"DEL03-PR";"UOP02-DEL03-PR"
320749;2020-11-12;"quinta-feira";"03:03:00";"RS";392;106,4;"CANGUCU";"Falta de Atenção à Condução";"Saída de leito carroçável";"Sem Vítimas";"Plena Noite";"Decrescente";"Garoa/Chuvisco";"Simples";"Reta";"Não";1;0;0;0;0;1;0;1;-31,49412999;-52,61460596;"SPRF-RS";"DEL07-RS";"UOP01-DEL07-RS"
320750;2020-11-12;"quinta-feira";"02:45:00";"RS";470;162;"NOVA PRATA";"Ingestão de Álcool";"Colisão lateral";"Sem Vítimas";"Plena Noite";"Crescente";"Céu Claro";"Simples";"Curva";"Não";5;0;0;0;4;1;0;2;-28,82338567;-51,58613205;"SPRF-RS";"DEL06-RS";"UOP02-DEL06-RS"
320751;2020-11-12;"quinta-feira";"02:00:00";"PR";373;182,8;"PONTA GROSSA";"Desobediência às normas de trânsito pelo condutor";"Colisão traseira";"Com Vítimas Feridas";"Plena Noite";"Crescente";"Nevoeiro/Neblina";"Simples";"Reta";"Sim";2;0;1;0;1;0;1;2;-25,04193864;-50,26741587;"SPRF-PR";"DEL03-PR";"UOP04-DEL03-PR"
320752;2020-11-12;"quinta-feira";"03:55:00";"ES";101;342,1;"GUARAPARI";"Condutor Dormindo";"Colisão com objeto estático";"Com Vítimas Feridas";"Amanhecer";"Decrescente";"Céu Claro";"Simples";"Curva";"Não";1;0;1;0;0;0;1;1;-20,65737321;-40,5823519;"SPRF-ES";"DEL03-ES";"UOP01-DEL03-ES"
320753;2020-11-11;"quarta-feira";"17:50:00";"BA";367;82,5;"EUNAPOLIS";"Falta de Atenção do Pedestre";"Atropelamento de Pedestre";"Com Vítimas Feridas";"Anoitecer";"Crescente";"Céu Claro";"Simples";"Reta";"Sim";2;0;2;0;0;0;2;2;-16,37205962;-39,56163401;"SPRF-BA";"DEL09-BA";"UOP01-DEL09-BA"
320755;2020-11-12;"quinta-feira";"02:40:00";"MG";365;279,8;"EUGENOPOLIS";"Fenômenos da Natureza";"Colisão com objeto estático";"Com Vítimas Feridas";"Plena Noite";"Decrescente";"Chuva";"Simples";"Curva;Declive";"Não";1;0;1;0;0;0;1;1;-21,12559771;-42,25213051;"SPRF-MG";"DEL10-MG";"UOP01-DEL10-MG"
320756;2020-11-12;"quinta-feira";"04:50:00";"RJ";101;57;"CAMPOS DOS GOYTACAZES";"Falta de Atenção à Condução";"Colisão com objeto estático";"Com Vítimas Feridas";"Amanhecer";"Crescente";"Chuva";"Simples";"Reta";"Sim";3;0;2;0;1;0;2;1;-21,69917217;-41,31020822;"SPRF-RJ";"DEL08-RJ";"UOP01-DEL08-RJ"
320757;2020-11-11;"quarta-feira";"23:45:00";"SP";153;257,5;"MARILIA";"Desobediência às normas de trânsito pelo condutor";"Saída de leito carroçável";"Com Vítimas Feridas";"Plena Noite";"Decrescente";"Garoa/Chuvisco";"Dupla";"Reta";"Sim";2;0;2;0;0;0;2;1;-22,23982103;-49,91965379;"SPRF-SP";"DEL07-SP";"UOP02-DEL07-SP"
320759;2020-11-12;"quinta-feira";"05:30:00";"PE";408;54,2;"NAZARE DA MATA";"Falta de Atenção à Condução";"Colisão lateral";"Com Vítimas Feridas";"Pleno dia";"Decrescente";"Sol";"Simples";"Reta;Aclive";"Não";2;0;0;1;1;0;1;2;-7,76320699;-35,23429891;"SPRF-PE";"DEL01-PE";"UOP01-DEL01-PE"
320761;2020-11-12;"quinta-feira";"05:30:00";"RN";405;162,5;"RAFAEL FERNANDES";"Ingestão de Álcool";"Colisão frontal";"Com Vítimas Feridas";"Amanhecer";"Decrescente";"Céu Claro";"Simples";"Reta";"Não";2;0;1;1;0;0;2;2;-6,20761005;-38,22695282;"SPRF-RN";"DEL04-RN";"UOP02-DEL04-RN"
320763;2020-11-12;"quinta-feira";"05:30:00";"RJ";101;297;"ITABORAI";"Falta de Atenção à Condução";"Colisão lateral";"Com Vítimas Feridas";"Amanhecer";"Crescente";"Nublado";"Dupla";"Reta;Declive";"Sim";3;0;1;0;2;0;1;2;-22,76942037;-42,91873581;"SPRF-RJ";"DEL02-RJ";"UOP02-DEL02-RJ"
320765;2020-11-12;"quinta-feira";"05:35:00";"PR";277;319,5;"GUARAPUAVA";"Condutor Dormindo";"Capotamento";"Com Vítimas Feridas";"Pleno dia";"Decrescente";"Céu Claro";"Simples";"Reta";"Não";1;0;0;1;0;0;1;1;-25,33982216;-51,21601848;"SPRF-PR";"DEL08-PR";"UOP01-DEL08-PR"
320766;2020-11-11;"quarta-feira";"22:00:00";"SC";101;171;"TIJUCAS";"Não guardar distância de segurança";"Colisão traseira";"Com Vítimas Feridas";"Plena Noite";"Decrescente";"Nublado";"Dupla";"Reta";"Não";3;0;1;0;1;1;1;2;-27,30546499;-48,63258412;"SPRF-SC";"DEL04-SC";"UOP03-DEL04-SC"
320769;2020-11-12;"quinta-feira";"07:05:00";"PR";116;52,8;"CAMPINA GRANDE DO SUL";"Condutor Dormindo";"Saída de leito carroçável";"Com Vítimas Feridas";"Amanhecer";"Crescente";"Nublado";"Dupla";"Reta";"Sim";3;0;2;0;1;0;2;1;-25,2577977;-48,91360044;"SPRF-PR";"DEL01-PR";"UOP02-DEL01-PR"
320770;2020-11-12;"quinta-feira";"06:50:00";"DF";70;16,3;"BRASILIA";"Condutor Dormindo";"Saída de leito carroçável";"Com Vítimas Feridas";"Pleno dia";"Decrescente";"Garoa/Chuvisco";"Dupla";"Reta";"Não";2;0;1;0;1;0;1;1;-15,79547459;-48,19760084;"SPRF-DF";"DEL03-DF";"UOP02-DEL03-DF"
320771;2020-11-12;"quinta-feira";"07:21:00";"DF";20;57;"BRASILIA";"Falta de Atenção à Condução";"Saída de leito carroçável";"Com Vítimas Feridas";"Pleno dia";"Crescente";"Garoa/Chuvisco";"Dupla";"Curva";"Não";3;0;2;0;1;0;2;1;-15,583027;-47,367081;"SPRF-DF";"DEL02-DF";"UOP01-DEL02-DF"
320772;2020-11-12;"quinta-feira";"01:45:00";"MG";50;80;"UBERLANDIA";"Defeito Mecânico no Veículo";"Saída de leito carroçável";"Com Vítimas Feridas";"Plena Noite";"Decrescente";"Chuva";"Dupla";"Reta";"Sim";1;0;1;0;0;0;1;1;-18,986906;-48,211853;"SPRF-MG";"DEL15-MG";"UOP01-DEL15-MG"
320773;2020-11-12;"quinta-feira";"06:40:00";"RJ";101;317;"SAO GONCALO";"Não guardar distância de segurança";"Queda de ocupante de veículo";"Com Vítimas Feridas";"Pleno dia";"Crescente";"Nublado";"Dupla";"Reta";"Não";1;0;1;0;0;0;1;1;-22,83707798;-43,09492006;"SPRF-RJ";"DEL02-RJ";"UOP02-DEL02-RJ"
320774;2020-11-12;"quinta-feira";"07:35:00";"PE";232;20;"MORENO";"Objeto estático sobre o leito carroçável";"Tombamento";"Com Vítimas Feridas";"Pleno dia";"Decrescente";"Sol";"Dupla";"Reta";"Sim";1;0;1;0;0;0;1;1;-8,09543537;-35,07136107;"SPRF-PE";"DEL01-PE";"UOP01-DEL01-PE"
320775;2020-11-11;"quarta-feira";"20:00:00";"GO";60;135;"GOIANIA";"Falta de Atenção à Condução";"Colisão lateral";"Sem Vítimas";"Plena Noite";"Crescente";"Chuva";"Dupla";"Reta";"Não";1;0;0;0;1;0;0;1;-16,589;-49,1945;"SPRF-GO";"DEL01-GO";"UOP01-DEL01-GO"
320777;2020-11-12;"quinta-feira";"07:45:00";"RS";290;92;"PORTO ALEGRE";"Falta de Atenção à Condução";"Colisão traseira";"Com Vítimas Feridas";"Pleno dia";"Crescente";"Nublado";"Dupla";"Reta";"Sim";2;0;1;0;1;0;1;2;-29,971916;-51,176838;"SPRF-RS";"DEL01-RS";"UOP01-DEL01-RS"
320780;2020-11-12;"quinta-feira";"07:00:00";"PR";116;210,8;"RIO NEGRO";"Desobediência às normas de trânsito pelo condutor";"Colisão transversal";"Com Vítimas Feridas";"Pleno dia";"Decrescente";"Nublado";"Simples";"Interseção de Vias";"Sim";2;0;1;0;1;0;1;2;-26,07479435;-49,76117178;"SPRF-SC";"DEL06-SC";"UOP01-DEL06-SC"
320781;2020-11-12;"quinta-feira";"08:00:00";"MG";381;491,5;"BETIM";"Falta de Atenção à Condução";"Colisão traseira";"Com Vítimas Feridas";"Pleno dia";"Decrescente";"Chuva";"Dupla";"Reta";"Sim";2;0;1;0;0;1;1;2;-19,97018187;-44,18210416;"SPRF-MG";"DEL01-MG";"UOP03-DEL01-MG"
320782;2020-11-12;"quinta-feira";"07:50:00";"SP";116;147;"SAO JOSE DOS CAMPOS";"Pista Escorregadia";"Tombamento";"Com Vítimas Feridas";"Pleno dia";"Crescente";"Nublado";"Múltipla";"Reta";"Não";1;0;1;0;0;0;1;1;-23,19542994;-45,87176303;"SPRF-SP";"DEL02-SP";"UOP01-DEL02-SP"
320784;2020-11-12;"quinta-feira";"06:50:00";"SC";101;119;"ITAJAI";"Velocidade Incompatível";"Saída de leito carroçável";"Com Vítimas Feridas";"Pleno dia";"Crescente";"Nublado";"Múltipla";"Reta";"Sim";2;0;1;0;1;0;1;1;-26,9043179;-48,71555481;"SPRF-SC";"DEL04-SC";"UOP04-DEL04-SC"
320785;2020-11-11;"quarta-feira";"11:15:00";"RJ";40;62;"PETROPOLIS";"Falta de Atenção à Condução";"Saída de leito carroçável";"Com Vítimas Feridas";"Pleno dia";"Crescente";"Céu Claro";"Dupla";"Reta";"Não";1;0;1;0;0;0;1;1;-22,40542358;-43,14664526;"SPRF-RJ";"DEL05-RJ";"UOP02-DEL05-RJ"
320786;2020-11-12;"quinta-feira";"08:10:00";"PE";407;125;"PETROLINA";"Falta de Atenção à Condução";"Colisão transversal";"Sem Vítimas";"Pleno dia";"Crescente";"Céu Claro";"Dupla";"Reta";"Sim";3;0;0;0;3;0;0;2;-9,37739336;-40,53595733;"SPRF-PE";"DEL06-PE";"UOP01-DEL06-PE"
320787;2020-11-12;"quinta-feira";"07:15:00";"PE";232;20,3;"MORENO";"Pista Escorregadia";"Colisão traseira";"Sem Vítimas";"Pleno dia";"Decrescente";"Sol";"Dupla";"Retorno Regulamentado";"Não";2;0;0;0;2;0;0;2;-8,09543537;-35,07136107;"SPRF-PE";"DEL01-PE";"UOP01-DEL01-PE"
320791;2020-11-12;"quinta-feira";"08:10:00";"MA";135;4;"SAO LUIS";"Não guardar distância de segurança";"Colisão traseira";"Sem Vítimas";"Pleno dia";"Decrescente";"Céu Claro";"Dupla";"Reta";"Sim";2;0;0;0;1;1;0;2;-2,61424881;-44,25257023;"SPRF-MA";"DEL01-MA";"UOP01-DEL01-MA"
320793;2020-11-12;"quinta-feira";"08:05:00";"MT";70;4;"BARRA DO GARCAS";"Falta de Atenção à Condução";"Colisão traseira";"Com Vítimas Feridas";"Pleno dia";"Crescente";"Céu Claro";"Dupla";"Reta";"Sim";3;0;1;0;2;0;1;2;-15,87907036;-52,28563311;"SPRF-MT";"DEL07-MT";"UOP01-DEL07-MT"
320794;2020-11-12;"quinta-feira";"07:50:00";"MG";381;481;"BETIM";"Pista Escorregadia";"Queda de ocupante de veículo";"Com Vítimas Feridas";"Pleno dia";"Crescente";"Garoa/Chuvisco";"Dupla";"Reta";"Sim";1;0;1;0;0;0;1;1;-19,95931561;-44,08825597;"SPRF-MG";"DEL01-MG";"UOP03-DEL01-MG"
320795;2020-11-12;"quinta-feira";"09:15:00";"SC";101;212,3;"PALHOCA";"Falta de Atenção à Condução";"Atropelamento de Pedestre";"Com Vítimas Feridas";"Pleno dia";"Decrescente";"Nublado";"Simples";"Reta";"Sim";2;0;0;2;0;0;2;2;-27,62996929;-48,65903871;"SPRF-SC";"DEL01-SC";"UOP02-DEL01-SC"
320796;2020-11-12;"quinta-feira";"08:30:00";"AL";101;37;"JOAQUIM GOMES";"Falta de Atenção à Condução";"Colisão traseira";"Com Vítimas Feridas";"Pleno dia";"Decrescente";"Céu Claro";"Dupla";"Reta";"Não";4;0;2;0;0;2;2;3;-9,1393861;-35,77035538;"SPRF-AL";"DEL01-AL";"UOP02-DEL01-AL"
320798;2020-11-12;"quinta-feira";"07:50:00";"RJ";40;118;"DUQUE DE CAXIAS";"Não guardar distância de segurança";"Colisão lateral";"Com Vítimas Feridas";"Pleno dia";"Crescente";"Céu Claro";"Múltipla";"Reta";"Sim";3;0;1;0;2;0;1;3;-22,75470802;-43,28737838;"SPRF-RJ";"DEL01-RJ";"UOP01-DEL01-RJ"
320801;2020-11-12;"quinta-feira";"05:55:00";"PR";476;182;"LAPA";"Condutor Dormindo";"Saída de leito carroçável";"Com Vítimas Feridas";"Amanhecer";"Decrescente";"Nublado";"Múltipla";"Curva";"Não";1;0;1;0;0;0;1;1;-25,714262;-49,608009;"SPRF-PR";"DEL02-PR";"UOP04-DEL02-PR"
320802;2020-11-12;"quinta-feira";"07:00:00";"CE";116;426,1;"IPAUMIRIM";"Velocidade Incompatível";"Saída de leito carroçável";"Com Vítimas Feridas";"Pleno dia";"Decrescente";"Céu Claro";"Simples";"Declive;Reta";"Não";1;0;1;0;0;0;1;1;-6,825801;-38,749223;"SPRF-CE";"DEL05-CE";"UOP01-DEL05-CE"
320804;2020-11-12;"quinta-feira";"07:55:00";"MS";163;308,3;"RIO BRILHANTE";"Mal Súbito";"Saída de leito carroçável";"Com Vítimas Feridas";"Pleno dia";"Crescente";"Nublado";"Simples";"Reta";"Não";1;0;1;0;0;0;1;1;-21,908314;-54,533019;"SPRF-MS";"DEL02-MS";"UOP02-DEL02-MS"
320805;2020-11-12;"quinta-feira";"07:20:00";"PR";277;348,7;"GUARAPUAVA";"Falta de Atenção à Condução";"Colisão transversal";"Com Vítimas Feridas";"Amanhecer";"Decrescente";"Céu Claro";"Simples";"Interseção de Vias;Reta";"Sim";2;0;1;0;1;0;1;2;-25,33928412;-51,42880296;"SPRF-PR";"DEL08-PR";"UOP01-DEL08-PR"
320806;2020-11-12;"quinta-feira";"08:40:00";"MA";230;404,4;"BALSAS";"Falta de Atenção à Condução";"Colisão transversal";"Com Vítimas Feridas";"Pleno dia";"Decrescente";"Céu Claro";"Simples";"Rotatória";"Sim";2;0;1;0;1;0;1;2;-7,52339895;-46,04122203;"SPRF-MA";"DEL05-MA";"UOP01-DEL05-MA"
320808;2020-11-12;"quinta-feira";"10:00:00";"RN";101;99;"NATAL";"Falta de Atenção à Condução";"Colisão traseira";"Sem Vítimas";"Pleno dia";"Crescente";"Céu Claro";"Dupla";"Reta";"Sim";2;0;0;0;2;0;0;2;-5,87228081;-35,22015095;"SPRF-RN";"DEL01-RN";"UOP01-DEL01-RN"
320810;2020-11-12;"quinta-feira";"06:55:00";"BA";324;616;"SALVADOR";"Não guardar distância de segurança";"Colisão lateral";"Com Vítimas Feridas";"Pleno dia";"Decrescente";"Sol";"Dupla";"Interseção de Vias;Reta";"Sim";3;0;1;0;2;0;1;3;-12,88691345;-38,43905599;"SPRF-BA";"DEL01-BA";"UOP01-DEL01-BA"