"id";"data_inversa";"dia_semana";"horario";"uf";"br";"km";"municipio";"causa_acidente";"tipo_acidente";"classificacao_acidente";"fase_dia";"sentido_via";"condicao_metereologica";"tipo_pista";"tracado_via";"uso_solo";"pessoas";"mortos";"feridos_leves";"feridos_graves";"ilesos";"ignorados";"feridos";"veiculos";"latitude";"longitude";"regional";"delegacia";"uop"
320945;2020-11-13;"sexta-feira";"00:45:00";"SC";101;117,5;"ITAJAI";"Animais na Pista";"Atropelamento de Animal";"Com Vítimas Feridas";"Plena Noite";"Decrescente";"Chuva";"Múltipla";"Reta";"Sim";1;0;1;0;0;0;1;1;-26,88747187;-48,72252969;"SPRF-SC";"DEL04-SC";"UOP04-DEL04-SC"
320948;2020-11-13;"sexta-feira";"03:00:00";"RJ";101;391,6;"ITAGUAI";"Falta de Atenção à Condução";"Colisão frontal";"Com Vítimas Fatais";"Pleno dia";"Crescente";"Céu Claro";"Dupla";"Reta";"Não";2;1;1;0;0;0;1;2;-22,894827;-43,68492;"SPRF-RJ";"DEL03-RJ";"UOP01-DEL03-RJ"
320950;2020-11-13;"sexta-feira";"03:10:00";"MT";364;228;"RONDONOPOLIS";"Falta de Atenção à Condução";"Queda de ocupante de veículo";"Com Vítimas Feridas";"Plena Noite";"Decrescente";"Céu Claro";"Dupla";"Reta";"Não";1;0;1;0;0;0;1;1;-16,28204993;-54,76703083;"SPRF-MT";"DEL02-MT";"UOP01-DEL02-MT"
320953;2020-11-13;"sexta-feira";"04:10:00";"SC";101;150,8;"ITAPEMA";"Ingestão de Álcool";"Colisão com objeto estático";"Com Vítimas Feridas";"Amanhecer";"Crescente";"Nublado";"Dupla";"Reta";"Sim";2;0;1;0;1;0;1;1;-27,11744799;-48,60940987;"SPRF-SC";"DEL04-SC";"UOP03-DEL04-SC"
320955;2020-11-13;"sexta-feira";"05:00:00";"MG";267;155,8;"LIMA DUARTE";"Animais na Pista";"Atropelamento de Animal";"Com Vítimas Fatais";"Amanhecer";"Decrescente";"Nevoeiro/Neblina";"Simples";"Reta";"Não";1;1;0;0;0;0;0;1;-21,83547518;-43,76759901;"SPRF-MG";"DEL05-MG";"UOP01-DEL05-MG"
320956;2020-11-13;"sexta-feira";"05:20:00";"RS";285;123,9;"VACARIA";"Ingestão de Álcool";"Saída de leito carroçável";"Com Vítimas Feridas";"Amanhecer";"Decrescente";"Nevoeiro/Neblina";"Simples";"Reta";"Sim";4;0;2;0;2;0;2;3;-28,49101414;-50,95623136;"SPRF-RS";"DEL05-RS";"UOP03-DEL05-RS"
320962;2020-11-12;"quinta-feira";"23:45:00";"SP";381;85;"SAO PAULO";"Falta de Atenção do Pedestre";"Atropelamento de Pedestre";"Com Vítimas Feridas";"Plena Noite";"Decrescente";"Céu Claro";"Dupla";"Reta";"Sim";2;0;0;1;1;0;1;2;-23,449343;-46,56983501;"SPRF-SP";"DEL03-SP";"UOP01-DEL03-SP"
320963;2020-11-13;"sexta-feira";"06:15:00";"PR";369;121,9;"JATAIZINHO";"Condutor Dormindo";"Capotamento";"Com Vítimas Feridas";"Amanhecer";"Crescente";"Céu Claro";"Simples";"Reta";"Não";4;0;4;0;0;0;4;1;-23,28482025;-50,93622208;"SPRF-PR";"DEL07-PR";"UOP01-DEL07-PR"
320964;2020-11-13;"sexta-feira";"06:25:00";"RN";304;45,7;"MOSSORO";"Falta de Atenção à Condução";"Colisão traseira";"Com Vítimas Feridas";"Pleno dia";"Crescente";"Sol";"Dupla";"Reta";"Sim";2;0;1;0;1;0;1;2;-5,2250698;-37,3490001;"SPRF-RN";"DEL04-RN";"UOP01-DEL04-RN"
320965;2020-11-13;"sexta-feira";"06:45:00";"SC";101;212,5;"PALHOCA";"Não guardar distância de segurança";"Colisão traseira";"Com Vítimas Feridas";"Pleno dia";"Crescente";"Nublado";"Múltipla";"Reta";"Sim";3;0;1;1;1;0;2;2;-27,63483577;-48,66325378;"SPRF-SC";"DEL01-SC";"UOP02-DEL01-SC"
320966;2020-11-13;"sexta-feira";"06:40:00";"SC";282;533;"CORDILHEIRA ALTA";"Falta de Atenção à Condução";"Engavetamento";"Com Vítimas Feridas";"Pleno dia";"Crescente";"Céu Claro";"Simples";"Curva";"Não";3;0;1;0;2;0;1;3;-26,99499724;-52,62745142;"SPRF-SC";"DEL07-SC";"UOP01-DEL07-SC"
320967;2020-11-13;"sexta-feira";"06:35:00";"RN";304;287;"MACAIBA";"Não guardar distância de segurança";"Colisão com objeto estático";"Com Vítimas Feridas";"Pleno dia";"Crescente";"Céu Claro";"Dupla";"Reta";"Sim";3;0;2;0;0;1;2;2;-5,8711714;-35,42930088;"SPRF-RN";"DEL01-RN";"UOP02-DEL01-RN"
320968;2020-11-13;"sexta-feira";"07:10:00";"AL";423;8;"OURO BRANCO";"Desobediência às normas de trânsito pelo condutor";"Colisão transversal";"Com Vítimas Feridas";"Pleno dia";"Decrescente";"Céu Claro";"Simples";"Reta";"Sim";4;0;2;0;2;0;2;2;-9,14285263;-37,35969012;"SPRF-AL";"DEL03-AL";"UOP02-DEL03-AL"
320970;2020-11-13;"sexta-feira";"00:30:00";"BA";101;688,2;"EUNAPOLIS";"Pista Escorregadia";"Saída de leito carroçável";"Com Vítimas Feridas";"Plena Noite";"Decrescente";"Céu Claro";"Simples";"Curva";"Não";5;0;1;0;4;0;1;1;-16,32428911;-39,59284407;"SPRF-BA";"DEL09-BA";"UOP01-DEL09-BA"
320971;2020-11-12;"quinta-feira";"18:50:00";"PR";376;450,9;"TIBAGI";"Velocidade Incompatível";"Saída de leito carroçável";"Com Vítimas Feridas";"Plena Noite";"Crescente";"Chuva";"Dupla";"Curva";"Não";1;0;1;0;0;0;1;1;-24,87646991;-50,44338226;"SPRF-PR";"DEL03-PR";"UOP02-DEL03-PR"
320973;2020-11-13;"sexta-feira";"07:30:00";"SC";101;218;"PALHOCA";"Falta de Atenção à Condução";"Colisão traseira";"Com Vítimas Feridas";"Pleno dia";"Decrescente";"Céu Claro";"Múltipla";"Reta";"Não";1;0;0;1;0;0;1;1;-27,69198941;-48,66368358;"SPRF-SC";"DEL01-SC";"UOP02-DEL01-SC"
320974;2020-11-13;"sexta-feira";"07:40:00";"PR";476;140,5;"CURITIBA";"Falta de Atenção do Pedestre";"Atropelamento de Pedestre";"Sem Vítimas";"Pleno dia";"Crescente";"Nublado";"Dupla";"Reta";"Sim";2;0;0;0;1;1;0;2;-25,520693;-49,294121;"SPRF-PR";"DEL01-PR";"UOP03-DEL01-PR"
320975;2020-11-01;"domingo";"20:55:00";"PR";369;170,5;"ROLANDIA";"Falta de Atenção à Condução";"Colisão lateral";"Com Vítimas Feridas";"Plena Noite";"Crescente";"Céu Claro";"Simples";"Reta";"Sim";3;0;0;2;0;1;2;2;-23,30089158;-51,34680927;"SPRF-PR";"DEL07-PR";"UOP01-DEL07-PR"
320976;2020-11-13;"sexta-feira";"04:30:00";"MG";116;113;"ITAOBIM";"Animais na Pista";"Atropelamento de Animal";"Com Vítimas Feridas";"Amanhecer";"Crescente";"Nublado";"Simples";"Reta";"Sim";1;0;1;0;0;0;1;1;-16,53940705;-41,50576515;"SPRF-MG";"DEL11-MG";"UOP02-DEL11-MG"
320977;2020-11-13;"sexta-feira";"07:15:00";"PB";230;18,4;"JOAO PESSOA";"Falta de Atenção à Condução";"Colisão lateral";"Com Vítimas Feridas";"Pleno dia";"Decrescente";"Céu Claro";"Dupla";"Reta";"Não";3;0;1;1;1;0;2;2;-7,1198;-34,8453;"SPRF-PB";"DEL01-PB";"UOP01-DEL01-PB"
320978;2020-11-13;"sexta-feira";"07:55:00";"PB";230;18;"JOAO PESSOA";"Não guardar distância de segurança";"Colisão traseira";"Com Vítimas Feridas";"Pleno dia";"Decrescente";"Céu Claro";"Dupla";"Curva";"Sim";4;0;1;0;3;0;1;2;-7,1198;-34,8453;"SPRF-PB";"DEL01-PB";"UOP01-DEL01-PB"
320979;2020-11-13;"sexta-feira";"07:45:00";"CE";116;3;"FORTALEZA";"Falta de Atenção à Condução";"Colisão traseira";"Sem Vítimas";"Pleno dia";"Decrescente";"Céu Claro";"Dupla";"Reta";"Sim";4;0;0;0;4;0;0;4;-3,77866493;-38,5149017105;"SPRF-CE";"DEL01-CE";"UOP02-DEL01-CE"
320980;2020-11-13;"sexta-feira";"07:50:00";"CE";116;11;"FORTALEZA";"Falta de Atenção à Condução";"Colisão lateral";"Com Vítimas Feridas";"Pleno dia";"Crescente";"Céu Claro";"Dupla";"Reta";"Sim";3;0;2;0;1;0;2;3;-3,84394724;-38,49891546;"SPRF-CE";"DEL01-CE";"UOP02-DEL01-CE"
320983;2020-11-13;"sexta-feira";"08:05:00";"PE";101;42;"IGARASSU";"Mal Súbito";"Colisão lateral";"Sem Vítimas";"Pleno dia";"Crescente";"Nublado";"Múltipla";"Reta;Aclive";"Sim";3;0;0;0;3;0;0;2;-7,83887431;-34,91196739;"SPRF-PE";"DEL01-PE";"UOP02-DEL01-PE"
320985;2020-11-13;"sexta-feira";"07:35:00";"MG";262;367;"JUATUBA";"Condutor Dormindo";"Saída de leito carroçável";"Com Vítimas Feridas";"Pleno dia";"Crescente";"Nublado";"Dupla";"Reta";"Não";1;0;1;0;0;0;1;1;-19,97391261;-44,27096197;"SPRF-MG";"DEL01-MG";"UOP03-DEL01-MG"
320986;2020-11-13;"sexta-feira";"07:30:00";"SP";116;212;"GUARULHOS";"Falta de Atenção à Condução";"Colisão traseira";"Com Vítimas Feridas";"Pleno dia";"Decrescente";"Céu Claro";"Dupla";"Reta";"Sim";5;0;2;1;2;0;3;2;-23,439164;-46,435358;"SPRF-SP";"DEL01-SP";"UOP01-DEL01-SP"
320988;2020-09-29;"terça-feira";"10:05:00";"MG";116;708;"MURIAE";"Ultrapassagem Indevida";"Colisão lateral";"Com Vítimas Feridas";"Pleno dia";"Crescente";"Sol";"Simples";"Reta";"Não";2;0;1;0;1;0;1;2;-21,16328873;-42,37968988;"SPRF-MG";"DEL07-MG";"UOP02-DEL07-MG"
320989;2020-11-13;"sexta-feira";"08:00:00";"PR";369;167,3;"CAMBE";"Desobediência às normas de trânsito pelo condutor";"Colisão traseira";"Com Vítimas Feridas";"Pleno dia";"Crescente";"Céu Claro";"Dupla";"Reta";"Não";2;0;1;0;1;0;1;2;-23,29682636;-51,31773949;"SPRF-PR";"DEL07-PR";"UOP01-DEL07-PR"
320992;2020-11-13;"sexta-feira";"07:50:00";"CE";116;2;"FORTALEZA";"Não guardar distância de segurança";"Colisão traseira";"Com Vítimas Feridas";"Pleno dia";"Decrescente";"Céu Claro";"Múltipla";"Reta";"Sim";2;0;1;0;1;0;1;2;-3,77019802;-38,51724508;"SPRF-CE";"DEL01-CE";"UOP02-DEL01-CE"
320994;2020-11-13;"sexta-feira";"07:15:00";"BA";101;715;"EUNAPOLIS";"Desobediência às normas de trânsito pelo condutor";"Colisão lateral";"Com Vítimas Feridas";"Pleno dia";"Decrescente";"Céu Claro";"Simples";"Reta";"Sim";3;0;2;0;0;1;2;2;-16,35627228;-39,57935398;"SPRF-BA";"DEL09-BA";"UOP01-DEL09-BA"
320996;2020-11-13;"sexta-feira";"07:45:00";"PR";272;368,2;"CAMPO MOURAO";"Falta de Atenção à Condução";"Colisão transversal";"Com Vítimas Feridas";"Pleno dia";"Decrescente";"Sol";"Dupla";"Interseção de Vias";"Sim";2;0;0;1;1;0;1;2;-24,05475193;-52,41061403;"SPRF-PR";"DEL09-PR";"UOP03-DEL09-PR"
320997;2020-11-13;"sexta-feira";"07:50:00";"CE";20;429;"FORTALEZA";"Falta de Atenção à Condução";"Colisão traseira";"Com Vítimas Feridas";"Pleno dia";"Crescente";"Céu Claro";"Dupla";"Reta";"Sim";2;0;1;0;1;0;1;2;-3,86892763;-38,50714606;"SPRF-CE";"DEL01-CE";"UOP02-DEL01-CE"
320998;2020-11-13;"sexta-feira";"07:40:00";"CE";116;11,5;"FORTALEZA";"Não guardar distância de segurança";"Engavetamento";"Sem Vítimas";"Pleno dia";"Crescente";"Nublado";"Dupla";"Reta";"Sim";5;0;0;0;5;0;0;5;-3,84394724;-38,49891546;"SPRF-CE";"DEL01-CE";"UOP02-DEL01-CE"
320999;2020-11-13;"sexta-feira";"07:10:00";"MG";381;333,5;"NOVA ERA";"Velocidade Incompatível";"Saída de leito carroçável";"Com Vítimas Feridas";"Pleno dia";"Decrescente";"Chuva";"Simples";"Curva";"Não";2;0;2;0;0;0;2;1;-19,78240309;-43,04383278;"SPRF-MG";"DEL03-MG";"UOP01-DEL03-MG"
321000;2020-09-07;"segunda-feira";"08:30:00";"SP";101;42;"UBATUBA";"Falta de Atenção à Condução";"Colisão lateral";"Com Vítimas Feridas";"Pleno dia";"Decrescente";"Ignorado";"Simples";"Curva";"Sim";3;0;0;1;0;2;1;3;-23,3874063;-44,9800866;"SPRF-SP";"DEL06-SP";"UOP01-DEL06-SP"
321001;2020-11-13;"sexta-feira";"08:35:00";"SP";116;208,2;"GUARULHOS";"Defeito Mecânico no Veículo";"Capotamento";"Com Vítimas Feridas";"Pleno dia";"Decrescente";"Céu Claro";"Múltipla";"Reta";"Sim";1;0;1;0;0;0;1;1;-23,42222263;-46,3932771;"SPRF-SP";"DEL01-SP";"UOP01-DEL01-SP"
321003;2020-11-13;"sexta-feira";"08:50:00";"SP";101;46,8;"UBATUBA";"Falta de Atenção à Condução";"Colisão transversal";"Com Vítimas Feridas";"Pleno dia";"Crescente";"Nublado";"Simples";"Reta";"Sim";3;0;1;0;0;2;1;3;-23,42403383;-45,07492113;"SPRF-SP";"DEL06-SP";"UOP01-DEL06-SP"
321006;2020-11-13;"sexta-feira";"09:00:00";"RN";304;98,7;"ACU";"Ultrapassagem Indevida";"Colisão frontal";"Com Vítimas Fatais";"Pleno dia";"Decrescente";"Céu Claro";"Simples";"Reta";"Não";2;1;0;1;0;0;1;2;-5,56927285;-37,04067393;"SPRF-RN";"DEL04-RN";"UOP01-DEL04-RN"
321007;2020-11-13;"sexta-feira";"08:35:00";"PR";476;133;"CURITIBA";"Velocidade Incompatível";"Colisão traseira";"Com Vítimas Feridas";"Pleno dia";"Decrescente";"Nublado";"Múltipla";"Reta";"Sim";2;0;1;0;1;0;1;2;-25,469219;-49,254143;"SPRF-PR";"DEL01-PR";"UOP03-DEL01-PR"
321008;2020-11-12;"quinta-feira";"22:30:00";"MT";70;591;"POCONE";"Defeito Mecânico no Veículo";"Incêndio";"Sem Vítimas";"Plena Noite";"Crescente";"Céu Claro";"Simples";"Aclive";"Não";1;0;0;0;1;0;0;1;-15,79168191;-56,65677806;"SPRF-MT";"DEL03-MT";"UOP02-DEL03-MT"
321009;2020-11-13;"sexta-feira";"08:50:00";"AP";210;1;"MACAPA";"Não guardar distância de segurança";"Colisão traseira";"Sem Vítimas";"Pleno dia";"Decrescente";"Céu Claro";"Dupla";"Reta";"Sim";2;0;0;0;2;0;0;2;0,07816717;-51,06998693;"SPRF-AP";"DEL01-AP";"UOP01-DEL01-AP"
321011;2020-11-13;"sexta-feira";"08:20:00";"ES";101;144;"LINHARES";"Falta de Atenção à Condução";"Colisão lateral";"Com Vítimas Feridas";"Pleno dia";"Decrescente";"Céu Claro";"Múltipla";"Reta";"Sim";2;0;1;0;1;0;1;2;-19,35188295;-40,0636685;"SPRF-ES";"DEL04-ES";"UOP01-DEL04-ES"
321012;2020-11-13;"sexta-feira";"08:20:00";"RJ";40;123;"DUQUE DE CAXIAS";"Agressão Externa";"Engavetamento";"Sem Vítimas";"Pleno dia";"Decrescente";"Céu Claro";"Dupla";"Reta";"Sim";3;0;0;0;3;0;0;3;-22,79907687;-43,29015739;"SPRF-RJ";"DEL01-RJ";"UOP01-DEL01-RJ"
321013;2020-11-13;"sexta-feira";"09:30:00";"PR";376;176;"MARINGA";"Falta de Atenção à Condução";"Tombamento";"Com Vítimas Feridas";"Pleno dia";"Crescente";"Céu Claro";"Dupla";"Reta";"Sim";1;0;1;0;0;0;1;1;-23,41269173;-51,93158327;"SPRF-PR";"DEL09-PR";"UOP01-DEL09-PR"
321018;2020-11-13;"sexta-feira";"09:20:00";"SP";153;61;"SAO JOSE DO RIO PRETO";"Falta de Atenção à Condução";"Colisão traseira";"Com Vítimas Feridas";"Pleno dia";"Decrescente";"Nublado";"Dupla";"Reta";"Sim";2;0;1;0;1;0;1;2;-20,80502876;-49,35574909;"SPRF-SP";"DEL09-SP";"UOP01-DEL09-SP"
321019;2020-11-13;"sexta-feira";"08:00:00";"SC";282;379,5;"HERVAL DOESTE";"Desobediência às normas de trânsito pelo condutor";"Colisão transversal";"Com Vítimas Feridas";"Pleno dia";"Crescente";"Céu Claro";"Simples";"Rotatória";"Não";3;0;2;0;1;0;2;2;-27,214668;-51,489677;"SPRF-SC";"DEL07-SC";"UOP05-DEL07-SC"
321020;2020-11-13;"sexta-feira";"09:40:00";"ES";262;54;"MARECHAL FLORIANO";"Desobediência às normas de trânsito pelo condutor";"Colisão frontal";"Com Vítimas Feridas";"Pleno dia";"Decrescente";"Chuva";"Simples";"Curva";"Não";3;0;2;0;1;0;2;2;-20,41495529;-40,74098587;"SPRF-ES";"DEL01-ES";"UOP01-DEL01-ES"
321022;2020-11-13;"sexta-feira";"07:30:00";"MG";50;69;"UBERLANDIA";"Não guardar distância de segurança";"Colisão traseira";"Com Vítimas Feridas";"Pleno dia";"Decrescente";"Nublado";"Dupla";"Reta";"Sim";2;0;1;0;1;0;1;2;-18,88531525;-48,26446295;"SPRF-MG";"DEL15-MG";"UOP01-DEL15-MG"
321023;2020-11-13;"sexta-feira";"09:35:00";"PR";373;172;"PONTA GROSSA";"Falta de Atenção à Condução";"Colisão com objeto estático";"Sem Vítimas";"Pleno dia";"Decrescente";"Céu Claro";"Dupla";"Reta";"Sim";1;0;0;0;1;0;0;1;-25,08139932;-50,19200981;"SPRF-PR";"DEL03-PR";"UOP04-DEL03-PR"
321024;2020-11-13;"sexta-feira";"10:00:00";"GO";60;104;"ANAPOLIS";"Defeito Mecânico no Veículo";"Tombamento";"Com Vítimas Feridas";"Pleno dia";"Crescente";"Céu Claro";"Dupla";"Declive;Curva";"Não";2;0;2;0;0;0;2;1;-16,4118;-49,0004;"SPRF-GO";"DEL02-GO";"UOP01-DEL02-GO"
321029;2020-11-13;"sexta-feira";"10:30:00";"RN";101;85,6;"NATAL";"Defeito Mecânico no Veículo";"Colisão traseira";"Sem Vítimas";"Pleno dia";"Decrescente";"Sol";"Dupla";"Ponte";"Sim";2;0;0;0;2;0;0;2;-5,777664;-35,24937;"SPRF-RN";"DEL02-RN";"UOP01-DEL02-RN"
321030;2020-11-13;"sexta-feira";"10:35:00";"MG";381;627,2;"OLIVEIRA";"Velocidade Incompatível";"Saída de leito carroçável";"Com Vítimas Feridas";"Pleno dia";"Decrescente";"Nublado";"Dupla";"Declive;Curva";"Não";1;0;1;0;0;0;1;1;-20,82916917;-44,81714594;"SPRF-MG";"DEL04-MG";"UOP01-DEL04-MG"
321036;2020-11-13;"sexta-feira";"10:55:00";"RJ";101;478;"ANGRA DOS REIS";"Falta de Atenção à Condução";"Colisão traseira";"Com Vítimas Feridas";"Pleno dia";"Crescente";"Chuva";"Simples";"Declive";"Sim";2;0;1;0;1;0;1;2;-23,00246527;-44,27270594;"SPRF-RJ";"DEL03-RJ";"UOP03-DEL03-RJ"
321037;2020-11-13;"sexta-feira";"06:45:00";"RO";364;515;"ARIQUEMES";"Falta de Atenção à Condução";"Colisão transversal";"Com Vítimas Feridas";"Amanhecer";"Decrescente";"Céu Claro";"Simples";"Reta";"Não";4;0;3;0;1;0;3;2;-9,92497302;-63,05491046;"SPRF-RO";"DEL03-RO";"UOP01-DEL03-RO"
321038;2020-11-13;"sexta-feira";"10:40:00";"MG";262;384;"MATEUS LEME";"Falta de Atenção à Condução";"Capotamento";"Com Vítimas Feridas";"Pleno dia";"Crescente";"Chuva";"Múltipla";"Curva";"Não";1;0;1;0;0;0;1;1;-19,93073825;-44,41148997;"SPRF-MG";"DEL01-MG";"UOP03-DEL01-MG"
321039;2020-10-12;"segunda-feira";"16:30:00";"SP";116;314;"JUQUITIBA";"Falta de Atenção à Condução";"Queda de ocupante de veículo";"Com Vítimas Feridas";"Pleno dia";"Decrescente";"Ignorado";"Dupla";"Reta";"Não";2;0;1;0;1;0;1;2;-23,89904306;-46,98784612;"SPRF-SP";"DEL04-SP";"UOP01-DEL04-SP"
321041;2020-11-13;"sexta-feira";"11:25:00";"MS";163;106;"ITAQUIRAI";"Avarias e/ou desgaste excessivo no pneu";"Tombamento";"Com Vítimas Feridas";"Pleno dia";"Crescente";"Céu Claro";"Dupla";"Reta";"Não";2;0;2;0;0;0;2;1;-23,22825489;-54,21969336;"SPRF-MS";"DEL09-MS";"UOP01-DEL09-MS"
321042;2020-11-13;"sexta-feira";"09:50:00";"MG";116;526,7;"CARATINGA";"Falta de Atenção à Condução";"Colisão transversal";"Com Vítimas Feridas";"Pleno dia";"Crescente";"Nublado";"Simples";"Reta";"Sim";2;0;0;1;1;0;1;2;-19,77654011;-42,13327989;"SPRF-MG";"DEL06-MG";"UOP02-DEL06-MG"
321043;2020-11-13;"sexta-feira";"08:30:00";"PE";232;23,3;"MORENO";"Defeito Mecânico no Veículo";"Incêndio";"Sem Vítimas";"Pleno dia";"Decrescente";"Sol";"Dupla";"Reta";"Não";1;0;0;0;1;0;0;1;-8,10001941;-35,09867907;"SPRF-PE";"DEL02-PE";"UOP02-DEL02PE"
321044;2020-11-13;"sexta-feira";"12:35:00";"PE";101;208;"XEXEU";"Defeito Mecânico no Veículo";"Incêndio";"Sem Vítimas";"Pleno dia";"Decrescente";"Céu Claro";"Dupla";"Reta";"Não";1;0;0;0;1;0;0;1;-8,8339084;-35,64489217;"SPRF-PE";"DEL01-PE";"UOP03-DEL01-PE"
321046;2020-11-13;"sexta-feira";"12:30:00";"PE";232;133;"CARUARU";"Sinalização da via insuficiente ou inadequada";"Colisão traseira";"Sem Vítimas";"Pleno dia";"Decrescente";"Céu Claro";"Dupla";"Reta";"Sim";2;0;0;0;2;0;0;2;-8,30853497;-36,02442101;"SPRF-PE";"DEL02-PE";"UOP03-DEL02-PE"
321047;2020-11-13;"sexta-feira";"13:15:00";"RN";226;338,9;"PATU";"Desobediência às normas de trânsito pelo condutor";"Colisão frontal";"Com Vítimas Feridas";"Pleno dia";"Decrescente";"Nublado";"Simples";"Interseção de Vias";"Sim";6;0;4;1;1;0;5;2;-6,091275;-37,640396;"SPRF-RN";"DEL04-RN";"UOP01-DEL04-RN"
321049;2020-11-13;"sexta-feira";"13:00:00";"PE";232;41;"VITORIA DE SANTO ANTAO";"Falta de Atenção à Condução";"Colisão lateral";"Com Vítimas Feridas";"Pleno dia";"Decrescente";"Céu Claro";"Dupla";"Declive;Reta";"Não";2;0;1;0;1;0;1;2;-8,11394893;-35,243303;"SPRF-PE";"DEL02-PE";"UOP02-DEL02PE"
321051;2020-10-31;"sábado";"01:40:00";"SC";282;53,9;"RANCHO QUEIMADO";"Ingestão de álcool e/ou substâncias psicoativas pelo pedestre";"Colisão frontal";"Com Vítimas Feridas";"Plena Noite";"Crescente";"Chuva";"Simples";"Curva";"Não";5;0;1;2;2;0;3;4;-27,68556121;-48,97417545;"SPRF-SC";"DEL01-SC";"UOP03-DEL01-SC"
321052;2020-11-13;"sexta-feira";"12:10:00";"MS";163;260;"DOURADOS";"Falta de Atenção à Condução";"Queda de ocupante de veículo";"Com Vítimas Feridas";"Pleno dia";"Decrescente";"Nublado";"Dupla";"Reta";"Não";1;0;1;0;0;0;1;1;-22,24489388;-54,77203018;"SPRF-MS";"DEL04-MS";"UOP01-DEL04-MS"
321054;2020-11-13;"sexta-feira";"13:00:00";"PE";101;124,8;"ESCADA";"Desobediência às normas de trânsito pelo condutor";"Colisão transversal";"Com Vítimas Feridas";"Pleno dia";"Crescente";"Céu Claro";"Múltipla";"Reta";"Sim";2;0;1;0;0;1;1;2;-8,361745;-35,213108;"SPRF-PE";"DEL01-PE";"UOP03-DEL01-PE"
321055;2020-11-13;"sexta-feira";"14:00:00";"PR";369;72;"SANTA MARIANA";"Desobediência às normas de trânsito pelo condutor";"Colisão frontal";"Com Vítimas Feridas";"Pleno dia";"Crescente";"Céu Claro";"Simples";"Em Obras;Curva";"Não";2;0;1;0;1;0;1;2;-23,155811;-50,5077471;"SPRF-PR";"DEL07-PR";"UOP01-DEL07-PR"
321065;2020-11-13;"sexta-feira";"14:00:00";"MT";70;2;"BARRA DO GARCAS";"Ingestão de Álcool";"Colisão lateral";"Sem Vítimas";"Pleno dia";"Crescente";"Céu Claro";"Simples";"Reta";"Sim";2;0;0;0;2;0;0;2;-15,87933551;-52,36195898;"SPRF-MT";"DEL07-MT";"UOP01-DEL07-MT"
321068;2020-11-13;"sexta-feira";"10:55:00";"MG";356;264;"MURIAE";"Falta de Atenção à Condução";"Colisão traseira";"Com Vítimas Feridas";"Pleno dia";"Decrescente";"Céu Claro";"Simples";"Curva";"Sim";2;0;1;0;1;0;1;2;-21,12552649;-42,37547729;"SPRF-MG";"DEL07-MG";"UOP02-DEL07-MG"
321069;2020-11-13;"sexta-feira";"14:30:00";"MG";365;620;"UBERLANDIA";"Defeito Mecânico no Veículo";"Colisão lateral";"Com Vítimas Feridas";"Pleno dia";"Decrescente";"Céu Claro";"Dupla";"Reta";"Não";3;0;0;1;0;2;1;3;-18,88546752;-48,26660872;"SPRF-MG";"DEL15-MG";"UOP01-DEL15-MG"
321070;2020-11-13;"sexta-feira";"14:40:00";"SC";101;189;"BIGUACU";"Animais na Pista";"Atropelamento de Animal";"Com Vítimas Feridas";"Pleno dia";"Crescente";"Céu Claro";"Dupla";"Reta";"Não";3;0;0;1;2;0;1;3;-27,459393;-48,638914;"SPRF-SC";"DEL01-SC";"UOP01-DEL01-SC"
321072;2020-11-13;"sexta-feira";"14:40:00";"MG";381;478,4;"CONTAGEM";"Não guardar distância de segurança";"Colisão traseira";"Com Vítimas Feridas";"Pleno dia";"Decrescente";"Nublado";"Dupla";"Reta";"Sim";2;0;1;0;1;0;1;2;-19,962353;-44,039578;"SPRF-MG";"DEL01-MG";"UOP03-DEL01-MG"
321073;2020-11-13;"sexta-feira";"10:40:00";"BA";116;799,1;"VITORIA DA CONQUISTA";"Falta de Atenção à Condução";"Capotamento";"Com Vítimas Feridas";"Pleno dia";"Crescente";"Céu Claro";"Simples";"Reta";"Não";2;0;2;0;0;0;2;1;-14,70513312;-40,59188194;"SPRF-BA";"DEL08-BA";"UOP02-DEL08-BA"
321074;2020-11-13;"sexta-feira";"14:58:00";"CE";116;10,9;"FORTALEZA";"Não guardar distância de segurança";"Colisão traseira";"Com Vítimas Feridas";"Pleno dia";"Crescente";"Céu Claro";"Dupla";"Reta";"Sim";6;0;2;0;4;0;2;3;-3,83603805;-38,5027281;"SPRF-CE";"DEL01-CE";"UOP02-DEL01-CE"
321078;2020-11-13;"sexta-feira";"14:20:00";"PR";277;726,4;"FOZ DO IGUACU";"Desobediência às normas de trânsito pelo condutor";"Colisão transversal";"Com Vítimas Feridas";"Pleno dia";"Crescente";"Sol";"Dupla";"Curva";"Sim";2;0;2;0;0;0;2;2;-25,5106015;-54,55481999;"SPRF-PR";"DEL05-PR";"UOP03-DEL05-PR"
321079;2020-11-13;"sexta-feira";"14:50:00";"SC";470;147,3;"AGRONOMICA";"Não guardar distância de segurança";"Colisão traseira";"Com Vítimas Feridas";"Pleno dia";"Crescente";"Céu Claro";"Simples";"Reta";"Não";4;0;1;0;3;0;1;2;-27,243439;-49,690025;"SPRF-SC";"DEL04-SC";"UOP02-DEL04-SC"