"id";"data_inversa";"dia_semana";"horario";"uf";"br";"km";"municipio";"causa_acidente";"tipo_acidente";"classificacao_acidente";"fase_dia";"sentido_via";"condicao_metereologica";"tipo_pista";"tracado_via";"uso_solo";"pessoas";"mortos";"feridos_leves";"feridos_graves";"ilesos";"ignorados";"feridos";"veiculos";"latitude";"longitude";"regional";"delegacia";"uop"
321206;2020-11-13;"sexta-feira";"21:40:00";"MA";135;26,7;"BACABEIRA";"Falta de Atenção à Condução";"Capotamento";"Com Vítimas Feridas";"Plena Noite";"Decrescente";"Céu Claro";"Dupla";"Curva";"Não";1;0;1;0;0;0;1;1;-2,77023451;-44,36931635;"SPRF-MA";"DEL01-MA";"UOP01-DEL01-MA"
321208;2020-11-13;"sexta-feira";"21:50:00";"SC";282;245,1;"LAGES";"Desobediência às normas de trânsito pelo condutor";"Colisão transversal";"Com Vítimas Feridas";"Plena Noite";"Crescente";"Céu Claro";"Simples";"Rotatória";"Sim";2;0;1;0;1;0;1;2;-27,79971643;-50,36364555;"SPRF-SC";"DEL05-SC";"UOP02-DEL05-SC"
321209;2020-11-13;"sexta-feira";"22:00:00";"MT";70;26;"BARRA DO GARCAS";"Pista Escorregadia";"Tombamento";"Com Vítimas Feridas";"Plena Noite";"Decrescente";"Nublado";"Simples";"Curva";"Não";1;0;1;0;0;0;1;1;-15,82388202;-52,46573868;"SPRF-MT";"DEL07-MT";"UOP01-DEL07-MT"
321210;2020-11-13;"sexta-feira";"23:00:00";"RJ";465;5;"SEROPEDICA";"Falta de Atenção à Condução";"Colisão transversal";"Com Vítimas Feridas";"Plena Noite";"Crescente";"Ignorado";"Simples";"Reta";"Sim";2;0;1;0;1;0;1;2;-22,747673;-43,699196;"SPRF-RJ";"DEL01-RJ";"UOP03-DEL01-RJ"
321213;2020-11-13;"sexta-feira";"23:40:00";"PR";369;94;"CORNELIO PROCOPIO";"Falta de Atenção à Condução";"Colisão com objeto estático";"Com Vítimas Feridas";"Plena Noite";"Crescente";"Céu Claro";"Simples";"Interseção de Vias";"Não";1;0;0;1;0;0;1;1;-23,212976;-50,670018;"SPRF-PR";"DEL07-PR";"UOP01-DEL07-PR"
321214;2020-11-13;"sexta-feira";"20:10:00";"MG";262;33,5;"MANHUACU";"Animais na Pista";"Atropelamento de Animal";"Com Vítimas Feridas";"Plena Noite";"Crescente";"Nublado";"Simples";"Reta";"Não";2;0;2;0;0;0;2;2;-20,25550548;-42,00465315;"SPRF-MG";"DEL06-MG";"UOP03-DEL06-MG"
321216;2020-11-13;"sexta-feira";"23:20:00";"MS";163;120;"NAVIRAI";"Ingestão de Álcool";"Saída de leito carroçável";"Sem Vítimas";"Plena Noite";"Decrescente";"Céu Claro";"Simples";"Reta";"Não";1;0;0;0;1;0;0;1;-23,11567892;-54,21774791;"SPRF-MS";"DEL09-MS";"UOP01-DEL09-MS"
321217;2020-11-13;"sexta-feira";"23:40:00";"SC";470;135;"RIO DO SUL";"Condutor Dormindo";"Saída de leito carroçável";"Com Vítimas Feridas";"Plena Noite";"Decrescente";"Nublado";"Simples";"Reta";"Não";1;0;1;0;0;0;1;1;-27,188492;-49,61232;"SPRF-SC";"DEL04-SC";"UOP02-DEL04-SC"
321218;2020-11-14;"sábado";"00:28:00";"PI";316;25,4;"DEMERVAL LOBAO";"Deficiência ou não Acionamento do Sistema de Iluminação/Sinalização do Veículo";"Colisão traseira";"Com Vítimas Fatais";"Plena Noite";"Crescente";"Céu Claro";"Simples";"Reta";"Não";2;1;0;0;1;0;0;2;-5,304635;-42,706863;"SPRF-PI";"DEL01-PI";"UOP02-DEL01-PI"
321219;2020-11-14;"sábado";"00:10:00";"CE";20;379,5;"CAUCAIA";"Ingestão de Álcool";"Colisão traseira";"Com Vítimas Fatais";"Plena Noite";"Crescente";"Céu Claro";"Simples";"Reta";"Não";2;1;0;0;1;0;0;2;-3,919009;-38,852852;"SPRF-CE";"DEL01-CE";"UOP01-DEL01-CE"
321220;2020-11-14;"sábado";"00:00:00";"SP";116;219;"GUARULHOS";"Defeito Mecânico no Veículo";"Incêndio";"Sem Vítimas";"Plena Noite";"Crescente";"Nublado";"Simples";"Curva";"Não";1;0;0;0;1;0;0;1;-23,46143954;-46,48885316;"SPRF-SP";"DEL01-SP";"UOP01-DEL01-SP"
321221;2020-11-14;"sábado";"00:15:00";"RO";364;201,4;"PIMENTA BUENO";"Animais na Pista";"Atropelamento de Animal";"Com Vítimas Feridas";"Pleno dia";"Decrescente";"Nublado";"Simples";"Reta";"Sim";1;0;1;0;0;0;1;1;-11,64409593;-61,19495886;"SPRF-RO";"DEL02-RO";"UOP02-DEL02-RO"
321222;2020-11-14;"sábado";"00:00:00";"MG";381;322;"NOVA ERA";"Restrição de Visibilidade";"Atropelamento de Pedestre";"Com Vítimas Feridas";"Plena Noite";"Decrescente";"Nublado";"Simples";"Reta;Aclive";"Não";2;0;1;0;1;0;1;2;-19,73629395;-43,01849326;"SPRF-MG";"DEL03-MG";"UOP02-DEL03-MG"
321224;2020-11-13;"sexta-feira";"20:10:00";"MS";262;328;"CAMPO GRANDE";"Falta de Atenção à Condução";"Colisão transversal";"Com Vítimas Feridas";"Plena Noite";"Crescente";"Nublado";"Múltipla";"Reta";"Sim";2;0;1;0;1;0;1;2;-20,46452794;-54,55291421;"SPRF-MS";"DEL01-MS";"UOP01-DEL01-MS"
321225;2020-11-14;"sábado";"00:00:00";"PR";116;160;"QUITANDINHA";"Condutor Dormindo";"Saída de leito carroçável";"Com Vítimas Feridas";"Plena Noite";"Decrescente";"Nublado";"Dupla";"Reta";"Sim";1;0;1;0;0;0;1;1;-25,865739;-49,437096;"SPRF-PR";"DEL01-PR";"UOP03-DEL01-PR"
321227;2020-11-14;"sábado";"00:05:00";"MS";163;259,3;"DOURADOS";"Falta de Atenção à Condução";"Colisão traseira";"Com Vítimas Fatais";"Plena Noite";"Crescente";"Céu Claro";"Dupla";"Reta";"Sim";2;1;0;0;0;1;0;2;-22,25173826;-54,77621141;"SPRF-MS";"DEL04-MS";"UOP01-DEL04-MS"
321228;2020-11-13;"sexta-feira";"23:40:00";"MG";381;176;"GOVERNADOR VALADARES";"Animais na Pista";"Atropelamento de Animal";"Com Vítimas Feridas";"Plena Noite";"Crescente";"Nublado";"Simples";"Reta";"Não";4;0;4;0;0;0;4;1;-19,00964517;-42,13648886;"SPRF-MG";"DEL06-MG";"UOP01-DEL06-MG"
321229;2020-11-14;"sábado";"01:34:00";"SC";101;364,3;"SANGAO";"Falta de Atenção à Condução";"Tombamento";"Com Vítimas Fatais";"Plena Noite";"Decrescente";"Céu Claro";"Dupla";"Reta";"Não";1;1;0;0;0;0;0;1;-28,67821759;-49,13926425;"SPRF-SC";"DEL02-SC";"UOP01-DEL02-SC"
321231;2020-11-14;"sábado";"01:25:00";"SP";153;93,7;"JACI";"Condutor Dormindo";"Saída de leito carroçável";"Sem Vítimas";"Plena Noite";"Crescente";"Nublado";"Simples";"Reta";"Não";1;0;0;0;1;0;0;1;-20,96623155;-49,58692007;"SPRF-SP";"DEL09-SP";"UOP01-DEL09-SP"
321232;2020-11-14;"sábado";"02:05:00";"SP";116;218;"GUARULHOS";"Falta de Atenção à Condução";"Capotamento";"Com Vítimas Feridas";"Plena Noite";"Crescente";"Nublado";"Dupla";"Reta";"Sim";1;0;1;0;0;0;1;1;-23,459722;-46,485263;"SPRF-SP";"DEL01-SP";"UOP01-DEL01-SP"
321233;2020-11-14;"sábado";"01:45:00";"BA";101;748,2;"ITABELA";"Velocidade Incompatível";"Colisão frontal";"Com Vítimas Feridas";"Plena Noite";"Crescente";"Céu Claro";"Simples";"Curva";"Não";3;0;0;1;2;0;1;2;-16,75062719;-39,45294486;"SPRF-BA";"DEL09-BA";"UOP01-DEL09-BA"
321238;2020-11-14;"sábado";"02:45:00";"GO";60;92;"ANAPOLIS";"Falta de Atenção à Condução";"Colisão com objeto estático";"Sem Vítimas";"Plena Noite";"Crescente";"Nublado";"Dupla";"Reta";"Sim";1;0;0;0;1;0;0;1;-16,353;-48,9178;"SPRF-GO";"DEL02-GO";"UOP01-DEL02-GO"
321240;2020-11-14;"sábado";"02:40:00";"RJ";493;23;"MAGE";"Ingestão de Álcool";"Colisão transversal";"Com Vítimas Feridas";"Plena Noite";"Crescente";"Céu Claro";"Simples";"Reta";"Não";4;0;1;1;2;0;2;2;-22,65705297;-43,061742;"SPRF-RJ";"DEL04-RJ";"UOP02-DEL04-RJ"
321241;2020-11-14;"sábado";"03:15:00";"GO";60;388,9;"RIO VERDE";"Fenômenos da Natureza";"Colisão com objeto estático";"Com Vítimas Feridas";"Plena Noite";"Crescente";"Chuva";"Dupla";"Reta";"Sim";2;0;1;0;0;1;1;2;-17,82438728;-50,95673561;"SPRF-GO";"DEL04-GO";"UOP01-DEL04-GO"
321243;2020-11-14;"sábado";"02:20:00";"GO";70;18;"AGUAS LINDAS DE GOIAS";"Ingestão de Álcool";"Colisão lateral";"Sem Vítimas";"Plena Noite";"Decrescente";"Nevoeiro/Neblina";"Simples";"Curva;Declive";"Não";2;0;0;0;0;2;0;2;-15,74474129;-48,35593378;"SPRF-DF";"DEL03-DF";"UOP02-DEL03-DF"
321244;2020-11-14;"sábado";"02:30:00";"RS";386;71,9;"BOA VISTA DAS MISSOES";"Ingestão de Álcool";"Colisão frontal";"Com Vítimas Feridas";"Plena Noite";"Decrescente";"Céu Claro";"Simples";"Reta;Interseção de Vias";"Sim";7;0;4;0;3;0;4;2;-27,66254858;-53,31424713;"SPRF-RS";"DEL08-RS";"UOP02-DEL08-RS"
321248;2020-11-14;"sábado";"01:25:00";"SC";101;310,4;"LAGUNA";"Desobediência às normas de trânsito pelo condutor";"Colisão frontal";"Com Vítimas Feridas";"Plena Noite";"Decrescente";"Céu Claro";"Simples";"Reta";"Sim";5;0;0;1;4;0;1;2;-28,41679416;-48,79529064;"SPRF-SC";"DEL02-SC";"UOP01-DEL02-SC"
321249;2020-11-14;"sábado";"03:30:00";"TO";242;453,4;"FORMOSO DO ARAGUAIA";"Falta de Atenção à Condução";"Colisão traseira";"Com Vítimas Feridas";"Plena Noite";"Crescente";"Céu Claro";"Dupla";"Reta";"Não";2;0;1;0;1;0;1;2;-11,8117766;-49,5289078;"SPRF-TO";"DEL01-TO";"UOP02-DEL01-TO"
321250;2020-11-14;"sábado";"01:30:00";"PR";158;533,9;"PATO BRANCO";"Restrição de Visibilidade";"Atropelamento de Pedestre";"Com Vítimas Fatais";"Plena Noite";"Decrescente";"Céu Claro";"Simples";"Curva";"Não";3;1;1;0;0;1;1;2;-26,2243122;-52,68785477;"SPRF-PR";"DEL02-PR";"UOP01-DEL02-PR"
321251;2020-11-14;"sábado";"04:30:00";"BA";407;7,9;"JUAZEIRO";"Ingestão de Álcool";"Colisão traseira";"Com Vítimas Feridas";"Amanhecer";"Crescente";"Sol";"Simples";"Reta";"Sim";3;0;2;0;0;1;2;2;-9,46406081;-40,48272061;"SPRF-PE";"DEL06-PE";"UOP01-DEL06-PE"
321252;2020-11-14;"sábado";"04:10:00";"RJ";356;155,8;"SAO JOAO DA BARRA";"Ingestão de Álcool";"Saída de leito carroçável";"Com Vítimas Feridas";"Plena Noite";"Decrescente";"Céu Claro";"Simples";"Reta";"Não";1;0;1;0;0;0;1;1;-21,74815;-41,22062;"SPRF-RJ";"DEL08-RJ";"UOP02-DEL08-RJ"
321253;2020-11-14;"sábado";"04:20:00";"PR";376;161,8;"MARINGA";"Falta de Atenção à Condução";"Saída de leito carroçável";"Com Vítimas Feridas";"Amanhecer";"Decrescente";"Céu Claro";"Dupla";"Reta";"Sim";1;0;1;0;0;0;1;1;-23,37281665;-52,05547485;"SPRF-PR";"DEL09-PR";"UOP01-DEL09-PR"
321254;2020-11-14;"sábado";"02:45:00";"RS";153;48;"ERECHIM";"Velocidade Incompatível";"Saída de leito carroçável";"Com Vítimas Fatais";"Plena Noite";"Decrescente";"Céu Claro";"Simples";"Reta";"Sim";1;1;0;0;0;0;0;1;-27,65118001;-52,257248;"SPRF-RS";"DEL08-RS";"UOP04-DEL08-RS"
321255;2020-11-13;"sexta-feira";"23:10:00";"SP";116;490;"CAJATI";"Falta de Atenção à Condução";"Saída de leito carroçável";"Sem Vítimas";"Plena Noite";"Crescente";"Céu Claro";"Dupla";"Reta";"Não";1;0;0;0;1;0;0;1;-24,73464809;-48,11602794;"SPRF-SP";"DEL05-SP";"UOP01-DEL05-SP"
321257;2020-11-13;"sexta-feira";"20:40:00";"RO";174;14,7;"VILHENA";"Falta de Atenção à Condução";"Colisão lateral";"Com Vítimas Feridas";"Plena Noite";"Decrescente";"Céu Claro";"Dupla";"Reta";"Sim";2;0;1;0;1;0;1;2;-12,73306632;-60,12981255;"SPRF-RO";"DEL04-RO";"UOP01-DEL04-RO"
321258;2020-11-14;"sábado";"05:20:00";"BA";116;517;"ITATIM";"Defeito Mecânico no Veículo";"Incêndio";"Sem Vítimas";"Amanhecer";"Crescente";"Céu Claro";"Simples";"Reta";"Não";1;0;0;0;1;0;0;1;-12,67277456;-39,65472774;"SPRF-BA";"DEL03-BA";"UOP02-DEL03-BA"
321260;2020-11-14;"sábado";"05:10:00";"TO";153;570;"FATIMA";"Restrição de Visibilidade";"Capotamento";"Com Vítimas Feridas";"Amanhecer";"Decrescente";"Céu Claro";"Simples";"Reta";"Não";1;0;1;0;0;0;1;1;-10,82855598;-48,90383333;"SPRF-TO";"DEL01-TO";"UOP01-DEL01-TO"
321261;2020-11-14;"sábado";"03:15:00";"SC";101;402,9;"MARACAJA";"Ingestão de Álcool";"Saída de leito carroçável";"Com Vítimas Feridas";"Plena Noite";"Decrescente";"Nevoeiro/Neblina";"Dupla";"Reta";"Não";1;0;1;0;0;0;1;1;-28,86330994;-49,44595308;"SPRF-SC";"DEL02-SC";"UOP02-DEL02-SC"
321262;2020-11-14;"sábado";"05:00:00";"SP";381;63;"MAIRIPORA";"Velocidade Incompatível";"Colisão com objeto estático";"Com Vítimas Feridas";"Amanhecer";"Crescente";"Céu Claro";"Dupla";"Declive";"Não";1;0;1;0;0;0;1;1;-23,302805;-46,572767;"SPRF-SP";"DEL03-SP";"UOP01-DEL03-SP"
321263;2020-11-14;"sábado";"02:30:00";"RJ";101;419;"MANGARATIBA";"Ingestão de Álcool";"Colisão frontal";"Com Vítimas Feridas";"Plena Noite";"Crescente";"Nublado";"Simples";"Declive";"Não";2;0;0;2;0;0;2;2;-22,919257;-43,924148;"SPRF-RJ";"DEL03-RJ";"UOP03-DEL03-RJ"
321264;2020-11-14;"sábado";"04:30:00";"RJ";101;418;"MANGARATIBA";"Falta de Atenção à Condução";"Colisão com objeto estático";"Sem Vítimas";"Plena Noite";"Crescente";"Céu Claro";"Simples";"Curva";"Não";1;0;0;0;0;1;0;1;-22,9178274;-43,90471593;"SPRF-RJ";"DEL03-RJ";"UOP03-DEL03-RJ"
321266;2020-11-14;"sábado";"05:45:00";"PR";376;509,6;"PONTA GROSSA";"Condutor Dormindo";"Saída de leito carroçável";"Com Vítimas Feridas";"Amanhecer";"Decrescente";"Céu Claro";"Dupla";"Reta";"Sim";2;0;2;0;0;0;2;1;-25,26070227;-50,00958008;"SPRF-PR";"DEL03-PR";"UOP04-DEL03-PR"
321268;2020-11-14;"sábado";"04:00:00";"MS";436;7;"APARECIDA DO TABOADO";"Ingestão de Álcool";"Colisão com objeto estático";"Com Vítimas Feridas";"Amanhecer";"Decrescente";"Céu Claro";"Simples";"Rotatória";"Não";1;0;0;1;0;0;1;1;-20,10697922;-51,08767033;"SPRF-MS";"DEL08-MS";"UOP01-DEL08-MS"
321269;2020-11-14;"sábado";"03:10:00";"RJ";101;50;"CAMPOS DOS GOYTACAZES";"Ingestão de Álcool";"Tombamento";"Com Vítimas Feridas";"Plena Noite";"Decrescente";"Céu Claro";"Simples";"Reta";"Não";2;0;1;1;0;0;2;1;-21,63390905;-41,31292839;"SPRF-RJ";"DEL08-RJ";"UOP01-DEL08-RJ"
321270;2020-11-14;"sábado";"05:20:00";"PB";101;115;"CAAPORA";"Defeito na Via";"Saída de leito carroçável";"Com Vítimas Feridas";"Pleno dia";"Decrescente";"Chuva";"Simples";"Reta";"Não";4;0;1;0;0;3;1;2;-7,396321;-34,95577703;"SPRF-PB";"DEL01-PB";"UOP02-DEL01-PB"
321271;2020-11-14;"sábado";"01:10:00";"SC";470;204,9;"PONTE ALTA";"Velocidade Incompatível";"Saída de leito carroçável";"Com Vítimas Fatais";"Plena Noite";"Decrescente";"Nublado";"Simples";"Curva";"Não";1;1;0;0;0;0;0;1;-27,289373;-50,166328;"SPRF-SC";"DEL05-SC";"UOP03-DEL05-SC"
321272;2020-11-14;"sábado";"05:30:00";"MG";381;856;"POUSO ALEGRE";"Ingestão de Álcool";"Colisão com objeto estático";"Com Vítimas Feridas";"Amanhecer";"Crescente";"Céu Claro";"Dupla";"Ponte";"Não";3;0;1;0;2;0;1;1;-22,29074432;-45,89792848;"SPRF-MG";"DEL16-MG";"UOP01-DEL16-MG"
321274;2020-11-14;"sábado";"02:30:00";"SC";282;641,5;"SAO MIGUEL DO OESTE";"Ingestão de Álcool";"Saída de leito carroçável";"Com Vítimas Feridas";"Plena Noite";"Crescente";"Céu Claro";"Simples";"Curva;Aclive;Em Obras";"Não";4;0;4;0;0;0;4;1;-26,77588229;-53,45878601;"SPRF-SC";"DEL07-SC";"UOP03-DEL07-SC"
321275;2020-11-14;"sábado";"00:30:00";"SC";163;74,1;"SAO MIGUEL DO OESTE";"Falta de Atenção à Condução";"Saída de leito carroçável";"Com Vítimas Feridas";"Plena Noite";"Decrescente";"Céu Claro";"Simples";"Curva";"Não";4;0;0;2;0;2;2;2;-26,70200479;-53,51350653;"SPRF-SC";"DEL07-SC";"UOP03-DEL07-SC"
321276;2020-11-14;"sábado";"05:15:00";"RS";285;288,4;"PASSO FUNDO";"Desobediência às normas de trânsito pelo condutor";"Saída de leito carroçável";"Com Vítimas Feridas";"Amanhecer";"Crescente";"Céu Claro";"Simples";"Reta";"Não";2;0;0;2;0;0;2;1;-28,236942;-52,326725;"SPRF-RS";"DEL08-RS";"UOP03-DEL08-RS"
321279;2020-11-14;"sábado";"05:20:00";"MT";174;289,4;"PONTES E LACERDA";"Falta de Atenção à Condução";"Atropelamento de Pedestre";"Com Vítimas Fatais";"Amanhecer";"Crescente";"Céu Claro";"Simples";"Reta";"Sim";2;1;0;0;0;1;0;2;-15,22419218;-59,31889821;"SPRF-MT";"DEL04-MT";"UOP01-DEL04-MT"
321280;2020-11-14;"sábado";"05:00:00";"SC";280;24,8;"ARAQUARI";"Falta de Atenção à Condução";"Colisão transversal";"Com Vítimas Feridas";"Amanhecer";"Crescente";"Nublado";"Simples";"Reta";"Não";2;0;0;1;1;0;1;2;-26,37724921;-48,71953282;"SPRF-SC";"DEL03-SC";"UOP03-DEL03-SC"
321281;2020-11-14;"sábado";"05:40:00";"MS";163;185,5;"JUTI";"Falta de Atenção à Condução";"Saída de leito carroçável";"Com Vítimas Feridas";"Amanhecer";"Crescente";"Céu Claro";"Simples";"Reta";"Não";1;0;1;0;0;0;1;1;-22,807358;-54,724635;"SPRF-MS";"DEL09-MS";"UOP01-DEL09-MS"
321282;2020-11-14;"sábado";"04:00:00";"SC";116;4,5;"MAFRA";"Ingestão de Álcool";"Colisão com objeto estático";"Sem Vítimas";"Plena Noite";"Crescente";"Céu Claro";"Simples";"Interseção de Vias";"Sim";1;0;0;0;1;0;0;1;-26,13554917;-49,8072652;"SPRF-SC";"DEL06-SC";"UOP01-DEL06-SC"
321283;2020-11-14;"sábado";"04:50:00";"RJ";116;187;"NOVA IGUACU";"Falta de Atenção à Condução";"Colisão traseira";"Com Vítimas Feridas";"Amanhecer";"Crescente";"Céu Claro";"Múltipla";"Reta";"Sim";2;0;1;0;1;0;1;2;-22,73883756;-43,47245197;"SPRF-RJ";"DEL01-RJ";"UOP02-DEL01-RJ"
321285;2020-11-14;"sábado";"01:10:00";"RJ";101;405;"ITAGUAI";"Falta de Atenção à Condução";"Colisão traseira";"Com Vítimas Fatais";"Plena Noite";"Decrescente";"Nublado";"Dupla";"Reta";"Sim";3;1;0;1;1;0;1;2;-22,867606;-43,802743;"SPRF-RJ";"DEL03-RJ";"UOP01-DEL03-RJ"
321286;2020-11-14;"sábado";"05:30:00";"RJ";101;300;"SAO GONCALO";"Falta de Atenção à Condução";"Colisão com objeto estático";"Com Vítimas Feridas";"Amanhecer";"Crescente";"Nublado";"Dupla";"Em Obras";"Sim";1;0;1;0;0;0;1;1;-22,8000708;-43,0139005;"SPRF-RJ";"DEL02-RJ";"UOP02-DEL02-RJ"
321287;2020-11-14;"sábado";"07:00:00";"RJ";101;331;"RIO DE JANEIRO";"Condutor Dormindo";"Queda de ocupante de veículo";"Com Vítimas Feridas";"Pleno dia";"Decrescente";"Nublado";"Múltipla";"Reta";"Não";1;0;1;0;0;0;1;1;-22,87083188;-43,1592208;"SPRF-RJ";"DEL02-RJ";"UOP02-DEL02-RJ"
321288;2020-11-14;"sábado";"07:00:00";"PR";476;138;"CURITIBA";"Falta de Atenção à Condução";"Colisão transversal";"Com Vítimas Feridas";"Pleno dia";"Crescente";"Céu Claro";"Dupla";"Interseção de Vias";"Sim";4;0;2;0;1;1;2;3;-25,505564;-49,283417;"SPRF-PR";"DEL01-PR";"UOP03-DEL01-PR"
321291;2020-11-14;"sábado";"07:45:00";"PB";101;63;"SANTA RITA";"Pista Escorregadia";"Colisão com objeto estático";"Com Vítimas Feridas";"Pleno dia";"Decrescente";"Nublado";"Dupla";"Curva";"Não";1;0;1;0;0;0;1;1;-7,02710902;-35,05990203;"SPRF-PB";"DEL01-PB";"UOP04-DEL01-PB"
321292;2020-11-14;"sábado";"05:20:00";"RJ";356;147;"CAMPOS DOS GOYTACAZES";"Ingestão de Álcool";"Colisão com objeto estático";"Com Vítimas Feridas";"Amanhecer";"Decrescente";"Céu Claro";"Dupla";"Reta";"Sim";1;0;0;1;0;0;1;1;-21,780165;-41,292775;"SPRF-RJ";"DEL08-RJ";"UOP02-DEL08-RJ"
321293;2020-10-28;"quarta-feira";"18:30:00";"BA";367;83,9;"EUNAPOLIS";"Desobediência às normas de trânsito pelo condutor";"Colisão transversal";"Com Vítimas Feridas";"Plena Noite";"Crescente";"Nublado";"Simples";"Reta";"Sim";3;0;1;1;1;0;2;2;-16,37256267;-39,57064408;"SPRF-BA";"DEL09-BA";"UOP01-DEL09-BA"
321294;2020-11-14;"sábado";"07:20:00";"PB";230;105;"INGA";"Falta de Atenção à Condução";"Colisão com objeto estático";"Com Vítimas Feridas";"Pleno dia";"Decrescente";"Nublado";"Dupla";"Declive;Retorno Regulamentado";"Não";1;0;1;0;0;0;1;1;-7,2075;-35,5248;"SPRF-PB";"DEL01-PB";"UOP03-DEL01-PB"
321296;2020-11-14;"sábado";"08:20:00";"ES";101;270,8;"SERRA";"Falta de Atenção à Condução";"Colisão lateral";"Com Vítimas Feridas";"Pleno dia";"Decrescente";"Céu Claro";"Dupla";"Reta";"Sim";2;0;0;2;0;0;2;2;-20,22662056;-40,27075088;"SPRF-ES";"DEL02-ES";"UOP01-DEL02-ES"
321297;2020-11-11;"quarta-feira";"23:40:00";"MG";40;43;"PARACATU";"Falta de Atenção do Pedestre";"Atropelamento de Pedestre";"Com Vítimas Feridas";"Plena Noite";"Decrescente";"Nublado";"Simples";"Reta";"Sim";2;0;2;0;0;0;2;2;-17,22598002;-46,86163701;"SPRF-MG";"DEL14-MG";"UOP01-DEL14-MG"
321298;2020-11-14;"sábado";"08:40:00";"RS";116;243;"SAO LEOPOLDO";"Falta de Atenção à Condução";"Colisão lateral";"Com Vítimas Feridas";"Pleno dia";"Crescente";"Sol";"Dupla";"Interseção de Vias;Rotatória";"Sim";2;0;1;0;1;0;1;2;-29,7314541;-51,1497814;"SPRF-RS";"DEL01-RS";"UOP02-DEL01-RS"
321299;2020-11-14;"sábado";"08:50:00";"MG";381;495;"BETIM";"Falta de Atenção à Condução";"Colisão lateral";"Com Vítimas Feridas";"Pleno dia";"Decrescente";"Nublado";"Dupla";"Reta";"Sim";4;0;3;0;0;1;3;3;-19,98890883;-44,20522016;"SPRF-MG";"DEL01-MG";"UOP03-DEL01-MG"
321301;2020-11-14;"sábado";"09:00:00";"MG";381;454,6;"BELO HORIZONTE";"Desobediência às normas de trânsito pelo condutor";"Colisão lateral";"Com Vítimas Feridas";"Pleno dia";"Decrescente";"Nublado";"Simples";"Reta";"Sim";2;0;1;0;1;0;1;2;-19,839331;-43,878058;"SPRF-MG";"DEL01-MG";"UOP01-DEL01-MG"
321302;2020-11-14;"sábado";"09:00:00";"SC";470;61,1;"BLUMENAU";"Falta de Atenção à Condução";"Colisão lateral";"Com Vítimas Feridas";"Pleno dia";"Crescente";"Sol";"Dupla";"Aclive";"Não";3;0;2;0;1;0;2;2;-26,878952;-49,17421;"SPRF-SC";"DEL04-SC";"UOP01-DEL04-SC"
321307;2020-11-14;"sábado";"09:50:00";"SP";381;57;"MAIRIPORA";"Falta de Atenção à Condução";"Colisão traseira";"Com Vítimas Feridas";"Pleno dia";"Decrescente";"Céu Claro";"Dupla";"Reta";"Não";4;0;1;0;3;0;1;2;-23,2658219;-46,5839857;"SPRF-SP";"DEL03-SP";"UOP01-DEL03-SP"
321309;2020-11-14;"sábado";"05:20:00";"MA";135;12,8;"SAO LUIS";"Falta de Atenção à Condução";"Saída de leito carroçável";"Com Vítimas Feridas";"Amanhecer";"Decrescente";"Céu Claro";"Dupla";"Curva;Declive";"Não";3;0;2;1;0;0;3;1;-2,581349;-44,3469;"SPRF-MA";"DEL01-MA";"UOP01-DEL01-MA"
321311;2020-11-14;"sábado";"05:00:00";"MG";381;360;"JOAO MONLEVADE";"Condutor Dormindo";"Colisão com objeto estático";"Sem Vítimas";"Amanhecer";"Crescente";"Nublado";"Simples";"Curva";"Sim";1;0;0;0;1;0;0;1;-19,85985912;-43,22566968;"SPRF-MG";"DEL03-MG";"UOP01-DEL03-MG"
321312;2020-11-14;"sábado";"08:25:00";"MG";262;519;"LUZ";"Velocidade Incompatível";"Capotamento";"Com Vítimas Feridas";"Pleno dia";"Decrescente";"Nublado";"Simples";"Reta";"Não";1;0;1;0;0;0;1;1;-19,79063188;-45,61029998;"SPRF-MG";"DEL08-MG";"UOP03-DEL08-MG"
321313;2020-11-14;"sábado";"10:10:00";"SC";101;29;"JOINVILLE";"Desobediência às normas de trânsito pelo condutor";"Tombamento";"Com Vítimas Feridas";"Pleno dia";"Decrescente";"Céu Claro";"Dupla";"Interseção de Vias";"Sim";1;0;1;0;0;0;1;1;-26,211903;-48,91589904;"SPRF-SC";"DEL03-SC";"UOP01-DEL03-SC"
321314;2020-11-14;"sábado";"09:00:00";"MG";116;527,9;"CARATINGA";"Falta de Atenção à Condução";"Colisão lateral";"Com Vítimas Feridas";"Pleno dia";"Crescente";"Garoa/Chuvisco";"Simples";"Reta";"Sim";2;0;1;0;1;0;1;2;-19,78510701;-42,13445297;"SPRF-MG";"DEL06-MG";"UOP02-DEL06-MG"
321315;2020-11-14;"sábado";"10:50:00";"MG";381;814,5;"CAREACU";"Objeto estático sobre o leito carroçável";"Colisão com objeto estático";"Sem Vítimas";"Pleno dia";"Crescente";"Nublado";"Dupla";"Reta";"Não";1;0;0;0;0;1;0;1;-22,08082995;-45,70131507;"SPRF-MG";"DEL16-MG";"UOP02-DEL16-MG"
321316;2020-11-14;"sábado";"10:50:00";"RN";101;79,6;"SAO GONCALO DO AMARANTE";"Ingestão de Álcool";"Colisão transversal";"Com Vítimas Feridas";"Pleno dia";"Decrescente";"Céu Claro";"Dupla";"Reta";"Não";3;0;0;1;2;0;1;3;-5,74962896;-35,28918369;"SPRF-RN";"DEL02-RN";"UOP01-DEL02-RN"