"id";"data_inversa";"dia_semana";"horario";"uf";"br";"km";"municipio";"causa_acidente";"tipo_acidente";"classificacao_acidente";"fase_dia";"sentido_via";"condicao_metereologica";"tipo_pista";"tracado_via";"uso_solo";"pessoas";"mortos";"feridos_leves";"feridos_graves";"ilesos";"ignorados";"feridos";"veiculos";"latitude";"longitude";"regional";"delegacia";"uop"
321320;2020-11-14;"sábado";"10:50:00";"PE";101;69;"RECIFE";"Não guardar distância de segurança";"Colisão traseira";"Sem Vítimas";"Pleno dia";"Decrescente";"Céu Claro";"Dupla";"Viaduto";"Sim";2;0;0;0;2;0;0;2;-8,05951606;-34,94581024;"SPRF-PE";"DEL01-PE";"UOP01-DEL01-PE"
321321;2020-11-14;"sábado";"10:45:00";"DF";20;26;"BRASILIA";"Velocidade Incompatível";"Colisão traseira";"Com Vítimas Feridas";"Pleno dia";"Crescente";"Céu Claro";"Simples";"Reta";"Sim";1;0;1;0;0;0;1;1;-15,596223;-47,640285;"SPRF-DF";"DEL02-DF";"UOP01-DEL02-DF"
321324;2020-11-14;"sábado";"10:20:00";"RJ";116;168,9;"SAO JOAO DE MERITI";"Desobediência às normas de trânsito pelo condutor";"Colisão lateral";"Com Vítimas Feridas";"Pleno dia";"Decrescente";"Nublado";"Múltipla";"Reta";"Sim";2;0;1;0;1;0;1;2;-22,79159275;-43,36930275;"SPRF-RJ";"DEL01-RJ";"UOP02-DEL01-RJ"
321327;2020-11-14;"sábado";"11:00:00";"PR";116;115;"CURITIBA";"Falta de Atenção à Condução";"Colisão traseira";"Com Vítimas Feridas";"Pleno dia";"Decrescente";"Sol";"Dupla";"Reta";"Sim";3;0;0;1;2;0;1;3;-25,55187613;-49,30510998;"SPRF-PR";"DEL01-PR";"UOP01-DEL01-PR"
321328;2020-11-14;"sábado";"12:00:00";"BA";324;582;"CANDEIAS";"Falta de Atenção à Condução";"Capotamento";"Com Vítimas Feridas";"Pleno dia";"Crescente";"Céu Claro";"Dupla";"Reta";"Não";1;0;1;0;0;0;1;1;-12,60856603;-38,49390902;"SPRF-BA";"DEL01-BA";"UOP01-DEL01-BA"
321331;2020-11-14;"sábado";"11:40:00";"SC";280;70,1;"JARAGUA DO SUL";"Falta de Atenção à Condução";"Colisão transversal";"Com Vítimas Feridas";"Pleno dia";"Decrescente";"Sol";"Simples";"Reta";"Sim";5;0;2;3;0;0;5;2;-26,46522052;-49,12675918;"SPRF-SC";"DEL03-SC";"UOP03-DEL03-SC"
321332;2020-11-14;"sábado";"12:35:00";"MG";50;62,5;"UBERLANDIA";"Velocidade Incompatível";"Saída de leito carroçável";"Com Vítimas Feridas";"Pleno dia";"Crescente";"Nublado";"Dupla";"Reta;Aclive";"Não";2;0;2;0;0;0;2;1;-18,82501599;-48,24975071;"SPRF-MG";"DEL15-MG";"UOP02-DEL15-MG"
321333;2020-11-14;"sábado";"12:20:00";"RS";116;248;"SAO LEOPOLDO";"Desobediência às normas de trânsito pelo condutor";"Colisão transversal";"Com Vítimas Feridas";"Pleno dia";"Crescente";"Sol";"Dupla";"Interseção de Vias";"Sim";2;0;1;0;1;0;1;2;-29,77258726;-51,15435189;"SPRF-RS";"DEL01-RS";"UOP02-DEL01-RS"
321335;2020-11-14;"sábado";"11:30:00";"MG";381;327;"NOVA ERA";"Desobediência às normas de trânsito pelo condutor";"Colisão lateral";"Com Vítimas Feridas";"Pleno dia";"Decrescente";"Céu Claro";"Dupla";"Curva";"Não";2;0;1;0;1;0;1;2;-19,76723696;-43,04699067;"SPRF-MG";"DEL03-MG";"UOP02-DEL03-MG"
321337;2020-11-14;"sábado";"12:45:00";"RN";226;4;"NATAL";"Falta de Atenção à Condução";"Colisão lateral";"Com Vítimas Feridas";"Pleno dia";"Crescente";"Céu Claro";"Simples";"Curva";"Sim";3;0;1;0;2;0;1;2;-5,81913973;-35,26201487;"SPRF-RN";"DEL01-RN";"UOP02-DEL01-RN"
321338;2020-11-14;"sábado";"13:00:00";"RJ";393;106;"SAPUCAIA";"Desobediência às normas de trânsito pelo condutor";"Colisão transversal";"Com Vítimas Feridas";"Pleno dia";"Crescente";"Sol";"Simples";"Reta";"Sim";2;0;0;1;1;0;1;2;-21,89024254;-42,704705;"SPRF-RJ";"DEL05-RJ";"UOP01-DEL05-RJ"
321339;2020-11-14;"sábado";"08:50:00";"MG";381;155,1;"GOVERNADOR VALADARES";"Falta de Atenção à Condução";"Colisão frontal";"Com Vítimas Feridas";"Pleno dia";"Crescente";"Chuva";"Simples";"Reta";"Não";2;0;0;1;1;0;1;2;-18,89429705;-42,00463136;"SPRF-MG";"DEL06-MG";"UOP01-DEL06-MG"
321340;2020-11-14;"sábado";"13:40:00";"RS";116;427,3;"CRISTAL";"Falta de Atenção à Condução";"Colisão transversal";"Com Vítimas Feridas";"Pleno dia";"Crescente";"Sol";"Simples";"Curva";"Sim";3;0;1;0;2;0;1;2;-30,99035;-52,038357;"SPRF-RS";"DEL02-RS";"UOP02-DEL02-RS"
321341;2020-11-14;"sábado";"11:40:00";"PR";163;9,1;"BARRACAO";"Desobediência às normas de trânsito pelo condutor";"Colisão frontal";"Com Vítimas Feridas";"Pleno dia";"Crescente";"Sol";"Simples";"Interseção de Vias;Curva;Declive";"Sim";2;0;1;0;1;0;1;2;-26,25066;-53,635523;"SPRF-PR";"DEL02-PR";"UOP02-DEL02-PR"
321342;2020-11-14;"sábado";"13:50:00";"GO";70;23;"COCALZINHO DE GOIAS";"Falta de Atenção à Condução";"Colisão traseira";"Sem Vítimas";"Pleno dia";"Decrescente";"Nublado";"Dupla";"Retorno Regulamentado;Reta";"Sim";2;0;0;0;2;0;0;2;-15,7366224;-48,40222058;"SPRF-DF";"DEL03-DF";"UOP02-DEL03-DF"
321343;2020-11-14;"sábado";"13:20:00";"ES";101;332,6;"GUARAPARI";"Velocidade Incompatível";"Saída de leito carroçável";"Com Vítimas Feridas";"Pleno dia";"Crescente";"Chuva";"Dupla";"Curva";"Não";2;0;2;0;0;0;2;1;-20,60724162;-40,50889326;"SPRF-ES";"DEL03-ES";"UOP01-DEL03-ES"
321344;2020-11-14;"sábado";"11:15:00";"ES";262;134;"BREJETUBA";"Desobediência às normas de trânsito pelo condutor";"Colisão com objeto estático";"Com Vítimas Feridas";"Pleno dia";"Decrescente";"Chuva";"Simples";"Curva";"Não";1;0;0;1;0;0;1;1;-20,24029105;-41,32539293;"SPRF-ES";"DEL01-ES";"UOP02-DEL01-ES"
321345;2020-11-14;"sábado";"13:50:00";"MG";40;790,8;"JUIZ DE FORA";"Desobediência às normas de trânsito pelo condutor";"Colisão lateral";"Com Vítimas Feridas";"Pleno dia";"Decrescente";"Céu Claro";"Dupla";"Curva";"Não";5;0;1;0;4;0;1;2;-21,77130707;-43,43618608;"SPRF-MG";"DEL05-MG";"UOP01-DEL05-MG"
321347;2020-11-14;"sábado";"11:00:00";"MT";364;243,1;"JUSCIMEIRA";"Mal Súbito";"Saída de leito carroçável";"Com Vítimas Feridas";"Pleno dia";"Decrescente";"Céu Claro";"Dupla";"Reta";"Não";1;0;0;1;0;0;1;1;-16,15552902;-54,80054001;"SPRF-MT";"DEL02-MT";"UOP01-DEL02-MT"
321351;2020-11-14;"sábado";"14:38:00";"BA";101;173;"FEIRA DE SANTANA";"Falta de Atenção à Condução";"Colisão traseira";"Com Vítimas Feridas";"Pleno dia";"Decrescente";"Céu Claro";"Simples";"Reta";"Não";1;0;0;1;0;0;1;1;-12,371359;-38,87529373;"SPRF-BA";"DEL01-BA";"UOP03-DEL01-BA"
321352;2020-11-14;"sábado";"09:40:00";"PB";104;56;"BARRA DE SANTA ROSA";"Defeito Mecânico no Veículo";"Incêndio";"Sem Vítimas";"Pleno dia";"Decrescente";"Céu Claro";"Simples";"Reta";"Não";1;0;0;0;1;0;0;1;-6,78237255;-35,97482701;"SPRF-PB";"DEL02-PB";"UOP04-DEL02-PB"
321353;2020-11-14;"sábado";"13:00:00";"MS";163;120;"NAVIRAI";"Falta de Atenção à Condução";"Colisão frontal";"Com Vítimas Fatais";"Pleno dia";"Crescente";"Sol";"Simples";"Reta";"Não";3;1;0;2;0;0;2;2;-23,11567892;-54,21774791;"SPRF-MS";"DEL09-MS";"UOP01-DEL09-MS"
321354;2020-11-14;"sábado";"15:00:00";"RS";290;64,7;"GRAVATAI";"Defeito Mecânico no Veículo";"Tombamento";"Com Vítimas Feridas";"Pleno dia";"Decrescente";"Sol";"Dupla";"Reta";"Não";2;0;2;0;0;0;2;1;-29,943237;-50,901821;"SPRF-RS";"DEL03-RS";"UOP01-DEL03-RS"
321355;2020-11-14;"sábado";"14:35:00";"CE";222;313;"TIANGUA";"Velocidade Incompatível";"Colisão traseira";"Sem Vítimas";"Pleno dia";"Crescente";"Céu Claro";"Simples";"Reta";"Sim";2;0;0;0;2;0;0;2;-3,7236142;-40,99670064;"SPRF-CE";"DEL04-CE";"UOP02-DEL04-CE"
321357;2020-11-14;"sábado";"15:10:00";"RS";470;217;"BENTO GONCALVES";"Desobediência às normas de trânsito pelo condutor";"Colisão transversal";"Sem Vítimas";"Pleno dia";"Decrescente";"Céu Claro";"Simples";"Rotatória";"Sim";3;0;0;0;3;0;0;2;-29,16462512;-51,52551964;"SPRF-RS";"DEL06-RS";"UOP01-DEL06-RS"
321358;2020-11-14;"sábado";"14:50:00";"SP";116;224;"GUARULHOS";"Falta de Atenção à Condução";"Colisão lateral";"Com Vítimas Feridas";"Pleno dia";"Decrescente";"Nublado";"Múltipla";"Reta";"Sim";3;0;1;0;1;1;1;2;-23,48071896;-46,53271603;"SPRF-SP";"DEL01-SP";"UOP01-DEL01-SP"
321359;2020-11-14;"sábado";"15:15:00";"RN";110;48,1;"MOSSORO";"Falta de Atenção à Condução";"Colisão com objeto estático";"Sem Vítimas";"Pleno dia";"Crescente";"Sol";"Dupla";"Retorno Regulamentado";"Sim";1;0;0;0;0;1;0;1;-5,22868577;-37,32203081;"SPRF-RN";"DEL04-RN";"UOP01-DEL04-RN"
321360;2020-11-14;"sábado";"14:20:00";"BA";101;206;"GOVERNADOR MANGABEIRA";"Falta de Atenção à Condução";"Colisão frontal";"Com Vítimas Feridas";"Pleno dia";"Decrescente";"Céu Claro";"Simples";"Curva";"Não";3;0;1;1;1;0;2;2;-12,6452477;-39,1065851;"SPRF-BA";"DEL01-BA";"UOP02-DEL01-BA"
321362;2020-11-14;"sábado";"14:50:00";"RJ";116;296;"RESENDE";"Falta de Atenção à Condução";"Colisão frontal";"Com Vítimas Feridas";"Pleno dia";"Crescente";"Céu Claro";"Simples";"Interseção de Vias";"Sim";2;0;1;0;1;0;1;2;-22,44937197;-44,32171194;"SPRF-RJ";"DEL07-RJ";"UOP02-DEL07-RJ"
321363;2020-11-14;"sábado";"15:00:00";"RJ";101;275;"TANGUA";"Falta de Atenção à Condução";"Colisão lateral";"Sem Vítimas";"Pleno dia";"Decrescente";"Nublado";"Dupla";"Reta";"Sim";2;0;0;0;2;0;0;2;-22,73653355;-42,72909106;"SPRF-RJ";"DEL02-RJ";"UOP03-DEL02-RJ"
321364;2020-11-14;"sábado";"14:45:00";"CE";116;374,9;"ICO";"Falta de Atenção à Condução";"Queda de ocupante de veículo";"Com Vítimas Feridas";"Pleno dia";"Decrescente";"Sol";"Simples";"Reta";"Sim";1;0;0;1;0;0;1;1;-6,38981779;-38,82378617;"SPRF-CE";"DEL05-CE";"UOP01-DEL05-CE"
321365;2020-11-14;"sábado";"15:40:00";"PR";369;523,9;"CASCAVEL";"Ingestão de Álcool";"Colisão frontal";"Com Vítimas Feridas";"Pleno dia";"Decrescente";"Sol";"Simples";"Curva";"Não";3;0;2;1;0;0;3;2;-24,9502;-53,3984;"SPRF-PR";"DEL09-PR";"UOP03-DEL09-PR"
321366;2020-11-13;"sexta-feira";"20:30:00";"PE";407;79;"PETROLINA";"Ingestão de Álcool";"Colisão com objeto estático";"Com Vítimas Fatais";"Plena Noite";"Decrescente";"Céu Claro";"Simples";"Reta";"Não";1;1;0;0;0;0;0;1;-9,01251285;-40,69424719;"SPRF-PE";"DEL06-PE";"UOP02-DEL06-PE"
321367;2020-11-14;"sábado";"15:40:00";"SC";282;132;"BOM RETIRO";"Velocidade Incompatível";"Colisão traseira";"Com Vítimas Feridas";"Pleno dia";"Decrescente";"Céu Claro";"Simples";"Reta";"Não";2;0;1;0;1;0;1;2;-27,8097;-49,522575;"SPRF-SC";"DEL05-SC";"UOP01-DEL05-SC"
321368;2020-11-14;"sábado";"13:40:00";"RO";429;90,2;"ALVORADA DOESTE";"Deficiência ou não Acionamento do Sistema de Iluminação/Sinalização do Veículo";"Colisão traseira";"Com Vítimas Feridas";"Pleno dia";"Decrescente";"Céu Claro";"Dupla";"Retorno Regulamentado";"Não";4;0;2;1;1;0;3;2;-11,33221959;-62,27220297;"SPRF-RO";"DEL02-RO";"UOP03-DEL02-RO"
321369;2020-11-14;"sábado";"16:30:00";"ES";101;70;"SAO MATEUS";"Falta de Atenção à Condução";"Colisão transversal";"Com Vítimas Feridas";"Pleno dia";"Crescente";"Nublado";"Simples";"Reta;Aclive";"Não";3;0;1;0;1;1;1;3;-18,74453703;-39,86164665;"SPRF-ES";"DEL04-ES";"UOP02-DEL04-ES"
321370;2020-11-14;"sábado";"16:38:00";"BA";324;312;"JACOBINA";"Falta de Atenção à Condução";"Colisão lateral";"Com Vítimas Feridas";"Pleno dia";"Decrescente";"Céu Claro";"Simples";"Reta";"Não";2;0;1;0;1;0;1;2;-11,21218258;-40,37184119;"SPRF-BA";"DEL04-BA";"UOP02-DEL04-BA"
321371;2020-11-14;"sábado";"15:30:00";"RJ";101;486;"ANGRA DOS REIS";"Ingestão de Álcool";"Saída de leito carroçável";"Sem Vítimas";"Pleno dia";"Crescente";"Nublado";"Simples";"Curva";"Não";1;0;0;0;1;0;0;1;-22,9803624;-44,29550171;"SPRF-RJ";"DEL03-RJ";"UOP03-DEL03-RJ"
321372;2020-11-14;"sábado";"15:50:00";"RJ";0;0;"ITABORAI";"Fenômenos da Natureza";"Queda de ocupante de veículo";"Com Vítimas Feridas";"Pleno dia";"Não Informado";"Nublado";"Dupla";"Reta";"Sim";1;0;1;0;0;0;1;1;-22,75567382;-42,89189328;"SPRF-RJ";"DEL02-RJ";"UOP02-DEL02-RJ"
321376;2020-11-14;"sábado";"17:05:00";"BA";116;819;"VITORIA DA CONQUISTA";"Falta de Atenção à Condução";"Colisão traseira";"Com Vítimas Feridas";"Pleno dia";"Crescente";"Céu Claro";"Simples";"Curva;Aclive";"Não";2;0;1;0;1;0;1;2;-14,79057315;-40,75539592;"SPRF-BA";"DEL08-BA";"UOP01-DEL08-BA"
321377;2020-11-14;"sábado";"15:40:00";"MT";174;289;"PONTES E LACERDA";"Desobediência às normas de trânsito pelo condutor";"Colisão lateral";"Com Vítimas Feridas";"Pleno dia";"Decrescente";"Céu Claro";"Dupla";"Reta";"Sim";2;0;0;1;0;1;1;2;-15,24460074;-59,31344932;"SPRF-MT";"DEL04-MT";"UOP01-DEL04-MT"
321378;2020-11-14;"sábado";"16:10:00";"RS";290;315,5;"CACAPAVA DO SUL";"Falta de Atenção à Condução";"Colisão transversal";"Sem Vítimas";"Pleno dia";"Decrescente";"Céu Claro";"Simples";"Interseção de Vias";"Não";7;0;0;0;7;0;0;2;-30,361805;-53,339279;"SPRF-RS";"DEL09-RS";"UOP02-DEL09-RS"
321379;2020-11-14;"sábado";"16:40:00";"AL";101;94,1;"RIO LARGO";"Ultrapassagem Indevida";"Colisão transversal";"Com Vítimas Feridas";"Pleno dia";"Crescente";"Nublado";"Simples";"Reta";"Não";6;0;1;0;5;0;1;5;-9,51430213;-35,93324583;"SPRF-AL";"DEL01-AL";"UOP01-DEL01-AL"
321380;2020-11-14;"sábado";"16:50:00";"SC";470;134;"RIO DO SUL";"Falta de Atenção à Condução";"Colisão lateral";"Com Vítimas Feridas";"Pleno dia";"Decrescente";"Céu Claro";"Simples";"Reta";"Sim";1;0;1;0;0;0;1;1;-27,181854;-49,600128;"SPRF-SC";"DEL04-SC";"UOP02-DEL04-SC"
321381;2020-11-14;"sábado";"17:30:00";"SC";280;23,3;"ARAQUARI";"Falta de Atenção à Condução";"Colisão transversal";"Com Vítimas Feridas";"Pleno dia";"Crescente";"Céu Claro";"Simples";"Reta";"Sim";2;0;1;0;1;0;1;2;-26,373235;-48,714737;"SPRF-SC";"DEL03-SC";"UOP03-DEL03-SC"
321382;2020-05-06;"quarta-feira";"18:20:00";"ES";101;296;"CARIACICA";"Falta de Atenção do Pedestre";"Atropelamento de Pedestre";"Com Vítimas Fatais";"Plena Noite";"Crescente";"Céu Claro";"Dupla";"Declive";"Sim";4;1;0;2;0;1;2;3;-20,34029997;-40,40405712;"SPRF-ES";"DEL01-ES";"UOP01-DEL01-ES"
321383;2020-11-14;"sábado";"15:50:00";"RS";471;174;"RIO PARDO";"Desobediência às normas de trânsito pelo condutor";"Colisão transversal";"Com Vítimas Feridas";"Pleno dia";"Crescente";"Céu Claro";"Dupla";"Rotatória";"Não";2;0;1;0;1;0;1;2;-29,98179712;-52,36964487;"SPRF-RS";"DEL02-RS";"UOP03-DEL02-RS"
321384;2020-11-14;"sábado";"17:20:00";"RJ";493;22;"MAGE";"Falta de Atenção à Condução";"Colisão transversal";"Com Vítimas Feridas";"Pleno dia";"Crescente";"Céu Claro";"Simples";"Reta";"Não";2;0;1;0;1;0;1;2;-22,659311;-43,053303;"SPRF-RJ";"DEL04-RJ";"UOP02-DEL04-RJ"
321385;2020-11-14;"sábado";"16:30:00";"ES";101;69,9;"SAO MATEUS";"Ingestão de Álcool";"Queda de ocupante de veículo";"Com Vítimas Feridas";"Pleno dia";"Crescente";"Céu Claro";"Simples";"Reta";"Não";1;0;1;0;0;0;1;1;-18,73556097;-39,86069526;"SPRF-ES";"DEL04-ES";"UOP02-DEL04-ES"
321386;2020-11-14;"sábado";"17:20:00";"RJ";116;107;"GUAPIMIRIM";"Desobediência às normas de trânsito pelo condutor";"Colisão transversal";"Com Vítimas Feridas";"Pleno dia";"Crescente";"Nublado";"Dupla";"Reta";"Sim";2;0;1;0;1;0;1;2;-22,55726929;-42,99465179;"SPRF-RJ";"DEL04-RJ";"UOP02-DEL04-RJ"
321387;2020-11-14;"sábado";"16:10:00";"MS";158;285;"TRES LAGOAS";"Agressão Externa";"Saída de leito carroçável";"Com Vítimas Feridas";"Pleno dia";"Decrescente";"Sol";"Simples";"Reta";"Não";1;0;1;0;0;0;1;1;-20,86906298;-51,74671504;"SPRF-MS";"DEL07-MS";"UOP01-DEL07-MS"
321389;2020-11-14;"sábado";"17:45:00";"CE";222;3,8;"CAUCAIA";"Desobediência às normas de trânsito pelo condutor";"Colisão transversal";"Sem Vítimas";"Plena Noite";"Crescente";"Céu Claro";"Simples";"Reta";"Sim";2;0;0;0;2;0;0;2;-3,7403769;-38,59569202;"SPRF-CE";"DEL01-CE";"UOP01-DEL01-CE"
321390;2020-11-14;"sábado";"17:00:00";"SC";101;211;"PALHOCA";"Velocidade Incompatível";"Colisão traseira";"Sem Vítimas";"Pleno dia";"Crescente";"Céu Claro";"Múltipla";"Reta";"Sim";2;0;0;0;2;0;0;2;-27,62329313;-48,65245588;"SPRF-SC";"DEL01-SC";"UOP02-DEL01-SC"
321392;2020-11-14;"sábado";"17:20:00";"PR";277;578,1;"CASCAVEL";"Velocidade Incompatível";"Colisão traseira";"Com Vítimas Feridas";"Pleno dia";"Crescente";"Sol";"Simples";"Reta";"Não";2;0;1;0;0;1;1;2;-24,98385591;-53,34955899;"SPRF-PR";"DEL04-PR";"UOP01-DEL04-PR"
321393;2020-11-14;"sábado";"17:00:00";"BA";110;4;"PAULO AFONSO";"Ultrapassagem Indevida";"Saída de leito carroçável";"Com Vítimas Feridas";"Anoitecer";"Decrescente";"Céu Claro";"Simples";"Ponte";"Não";4;0;1;0;3;0;1;1;-9,48807313;-38,21260176;"SPRF-BA";"DEL07-BA";"UOP01-DEL07-BA"
321395;2020-11-14;"sábado";"17:30:00";"SP";116;273;"EMBU DAS ARTES";"Falta de Atenção à Condução";"Queda de ocupante de veículo";"Com Vítimas Feridas";"Anoitecer";"Decrescente";"Céu Claro";"Dupla";"Reta";"Sim";1;0;1;0;0;0;1;1;-23,62809795;-46,81870306;"SPRF-SP";"DEL04-SP";"UOP01-DEL04-SP"
321396;2020-11-14;"sábado";"17:10:00";"SC";470;177;"POUSO REDONDO";"Não guardar distância de segurança";"Colisão lateral";"Com Vítimas Feridas";"Pleno dia";"Crescente";"Céu Claro";"Simples";"Curva";"Sim";3;0;0;1;2;0;1;3;-27,251858;-49,958;"SPRF-SC";"DEL04-SC";"UOP02-DEL04-SC"
321397;2020-11-14;"sábado";"18:20:00";"PE";408;79,7;"PAUDALHO";"Falta de Atenção à Condução";"Colisão com objeto estático";"Sem Vítimas";"Plena Noite";"Crescente";"Céu Claro";"Dupla";"Reta";"Sim";1;0;0;0;0;1;0;1;-7,93058;-35,139948;"SPRF-PE";"DEL01-PE";"UOP01-DEL01-PE"
321398;2020-11-14;"sábado";"17:50:00";"PR";153;336;"IRATI";"Desobediência às normas de trânsito pelo condutor";"Colisão frontal";"Com Vítimas Feridas";"Pleno dia";"Crescente";"Céu Claro";"Simples";"Reta";"Sim";2;0;1;0;1;0;1;2;-25,49753795;-50,64815515;"SPRF-PR";"DEL03-PR";"UOP03-DEL03-PR"
321400;2020-11-14;"sábado";"17:20:00";"PE";232;41,3;"VITORIA DE SANTO ANTAO";"Falta de Atenção à Condução";"Saída de leito carroçável";"Com Vítimas Feridas";"Anoitecer";"Crescente";"Céu Claro";"Dupla";"Reta;Aclive";"Não";2;0;0;1;1;0;1;1;-8,11394893;-35,243303;"SPRF-PE";"DEL02-PE";"UOP02-DEL02PE"
321401;2020-11-14;"sábado";"18:25:00";"ES";101;298,8;"VIANA";"Falta de Atenção à Condução";"Colisão lateral";"Com Vítimas Feridas";"Plena Noite";"Crescente";"Nublado";"Dupla";"Reta";"Sim";2;0;0;1;1;0;1;2;-20,35374444;-40,4156433;"SPRF-ES";"DEL01-ES";"UOP01-DEL01-ES"
321402;2020-11-14;"sábado";"12:30:00";"GO";60;48,1;"ABADIANIA";"Pista Escorregadia";"Saída de leito carroçável";"Com Vítimas Feridas";"Pleno dia";"Decrescente";"Chuva";"Dupla";"Declive";"Não";2;0;1;0;1;0;1;1;-16,1529;-48,6109;"SPRF-GO";"DEL02-GO";"UOP01-DEL02-GO"
321404;2020-11-14;"sábado";"16:40:00";"AC";364;127;"RIO BRANCO";"Falta de Atenção à Condução";"Colisão transversal";"Com Vítimas Feridas";"Pleno dia";"Crescente";"Sol";"Simples";"Reta";"Sim";3;0;0;1;1;1;1;3;-10,01980906;-67,81433091;"SPRF-AC";"DEL01-AC";"UOP01-DEL01-AC"
321406;2020-11-14;"sábado";"18:29:00";"CE";20;203;"BOA VIAGEM";"Ingestão de Álcool";"Queda de ocupante de veículo";"Com Vítimas Feridas";"Plena Noite";"Crescente";"Céu Claro";"Dupla";"Interseção de Vias";"Sim";1;0;1;0;0;0;1;1;-5,128491;-39,738;"SPRF-CE";"DEL02-CE";"UOP02-DEL02-CE"
321407;2020-11-14;"sábado";"19:00:00";"RS";293;14,9;"CAPAO DO LEAO";"Desobediência às normas de trânsito pelo condutor";"Colisão traseira";"Com Vítimas Feridas";"Anoitecer";"Crescente";"Céu Claro";"Simples";"Reta";"Sim";3;0;1;1;1;0;2;2;-31,75233352;-52,4609969;"SPRF-RS";"DEL07-RS";"UOP01-DEL07-RS"
321408;2020-11-14;"sábado";"16:50:00";"RS";101;26,8;"TRES CACHOEIRAS";"Falta de Atenção à Condução";"Saída de leito carroçável";"Com Vítimas Feridas";"Pleno dia";"Crescente";"Nublado";"Dupla";"Curva";"Não";3;0;1;0;2;0;1;1;-29,463184;-49,947732;"SPRF-RS";"DEL03-RS";"UOP02-DEL03-RS"
321411;2020-11-14;"sábado";"19:20:00";"SP";116;208;"GUARULHOS";"Falta de Atenção à Condução";"Queda de ocupante de veículo";"Com Vítimas Feridas";"Plena Noite";"Decrescente";"Céu Claro";"Dupla";"Reta";"Sim";1;0;0;1;0;0;1;1;-23,42222263;-46,3932771;"SPRF-SP";"DEL01-SP";"UOP01-DEL01-SP"
321412;2020-11-14;"sábado";"17:55:00";"MT";163;834;"SINOP";"Falta de Atenção à Condução";"Colisão traseira";"Com Vítimas Feridas";"Anoitecer";"Decrescente";"Céu Claro";"Dupla";"Curva";"Sim";1;0;1;0;0;0;1;1;-11,995863;-55,51709;"SPRF-MT";"DEL06-MT";"UOP01-DEL06-MT"
321414;2020-11-14;"sábado";"16:50:00";"MG";40;462,6;"SETE LAGOAS";"Ingestão de Álcool";"Saída de leito carroçável";"Com Vítimas Feridas";"Pleno dia";"Crescente";"Chuva";"Múltipla";"Curva;Declive";"Não";1;0;1;0;0;0;1;1;-19,41828;-44,33967;"SPRF-MG";"DEL02-MG";"UOP01-DEL02-MG"
321415;2020-11-14;"sábado";"19:23:00";"GO";50;311;"CUMARI";"Ingestão de Álcool";"Tombamento";"Com Vítimas Fatais";"Plena Noite";"Decrescente";"Céu Claro";"Simples";"Declive;Curva";"Não";1;1;0;0;0;0;0;1;-18,4065;-48,08;"SPRF-GO";"DEL06-GO";"UOP01-DEL06-GO"
321416;2020-11-14;"sábado";"19:30:00";"RS";116;241;"NOVO HAMBURGO";"Desobediência às normas de trânsito pelo condutor";"Colisão lateral";"Com Vítimas Feridas";"Plena Noite";"Decrescente";"Céu Claro";"Dupla";"Reta";"Sim";3;0;0;1;1;1;1;3;-29,71161224;-51,14736557;"SPRF-RS";"DEL01-RS";"UOP02-DEL01-RS"
321418;2020-11-14;"sábado";"19:18:00";"ES";101;298,8;"VIANA";"Desobediência às normas de trânsito pelo condutor";"Colisão com objeto estático";"Com Vítimas Fatais";"Plena Noite";"Decrescente";"Céu Claro";"Simples";"Retorno Regulamentado";"Sim";2;1;0;0;0;1;0;2;-20,357407;-40,419212;"SPRF-ES";"DEL01-ES";"UOP01-DEL01-ES"
321422;2020-11-14;"sábado";"19:30:00";"ES";259;56;"COLATINA";"Desobediência às normas de trânsito pelo condutor";"Colisão frontal";"Com Vítimas Feridas";"Plena Noite";"Crescente";"Céu Claro";"Simples";"Reta";"Não";8;0;7;0;1;0;7;2;-19,50128488;-40,65265414;"SPRF-ES";"DEL02-ES";"UOP01-DEL02-ES"
321423;2020-11-14;"sábado";"19:00:00";"RN";304;133,7;"ITAJA";"Animais na Pista";"Atropelamento de Animal";"Com Vítimas Feridas";"Plena Noite";"Decrescente";"Céu Claro";"Simples";"Aclive";"Não";2;0;2;0;0;0;2;1;-5,66041541;-36,74426003;"SPRF-RN";"DEL04-RN";"UOP01-DEL04-RN"
321424;2020-11-14;"sábado";"20:15:00";"RS";470;210;"BENTO GONCALVES";"Carga excessiva e/ou mal acondicionada";"Colisão traseira";"Com Vítimas Feridas";"Plena Noite";"Crescente";"Céu Claro";"Simples";"Declive";"Não";3;0;1;0;2;0;1;3;-29,17909489;-51,51855675;"SPRF-RS";"DEL06-RS";"UOP01-DEL06-RS"
321426;2020-11-14;"sábado";"20:00:00";"BA";116;362,6;"SERRINHA";"Desobediência às normas de trânsito pelo condutor";"Colisão frontal";"Com Vítimas Feridas";"Plena Noite";"Decrescente";"Céu Claro";"Simples";"Reta";"Não";4;0;3;1;0;0;4;2;-11,6986641;-38,985798;"SPRF-BA";"DEL02-BA";"UOP01-DEL02-BA"
321427;2020-11-14;"sábado";"17:10:00";"PR";158;530;"PATO BRANCO";"Ingestão de Álcool";"Saída de leito carroçável";"Com Vítimas Feridas";"Pleno dia";"Decrescente";"Céu Claro";"Simples";"Aclive";"Não";1;0;1;0;0;0;1;1;-26,19442709;-52,67299292;"SPRF-PR";"DEL02-PR";"UOP01-DEL02-PR"