"id";"data_inversa";"dia_semana";"horario";"uf";"br";"km";"municipio";"causa_acidente";"tipo_acidente";"classificacao_acidente";"fase_dia";"sentido_via";"condicao_metereologica";"tipo_pista";"tracado_via";"uso_solo";"pessoas";"mortos";"feridos_leves";"feridos_graves";"ilesos";"ignorados";"feridos";"veiculos";"latitude";"longitude";"regional";"delegacia";"uop"
321520;2020-11-14;"sábado";"21:40:00";"GO";80;128;"BARRO ALTO";"Ultrapassagem Indevida";"Colisão frontal";"Com Vítimas Feridas";"Plena Noite";"Decrescente";"Nublado";"Simples";"Reta";"Não";2;0;1;0;1;0;1;2;-15,01509582;-48,89911652;"SPRF-GO";"DEL07-GO";"UOP01-DEL07-GO"
321521;2020-11-15;"domingo";"04:30:00";"AC";364;131;"RIO BRANCO";"Falta de Atenção à Condução";"Capotamento";"Sem Vítimas";"Amanhecer";"Decrescente";"Céu Claro";"Simples";"Reta";"Sim";1;0;0;0;1;0;0;1;-10,01594689;-67,84093848;"SPRF-AC";"DEL01-AC";"UOP01-DEL01-AC"
321522;2020-11-15;"domingo";"06:50:00";"SP";116;151,7;"SAO JOSE DOS CAMPOS";"Ingestão de Álcool";"Colisão com objeto estático";"Sem Vítimas";"Pleno dia";"Decrescente";"Céu Claro";"Múltipla";"Reta";"Sim";2;0;0;0;2;0;0;1;-23,21980694;-45,89991605;"SPRF-SP";"DEL02-SP";"UOP01-DEL02-SP"
321524;2020-11-14;"sábado";"21:00:00";"BA";101;711;"EUNAPOLIS";"Animais na Pista";"Atropelamento de Animal";"Com Vítimas Feridas";"Plena Noite";"Decrescente";"Céu Claro";"Simples";"Curva";"Não";2;0;1;1;0;0;2;1;-16,49374594;-39,57503506;"SPRF-BA";"DEL09-BA";"UOP01-DEL09-BA"
321525;2020-11-15;"domingo";"05:00:00";"MS";60;60;"PARAISO DAS AGUAS";"Falta de Atenção à Condução";"Saída de leito carroçável";"Com Vítimas Feridas";"Amanhecer";"Crescente";"Céu Claro";"Simples";"Reta";"Não";1;0;1;0;0;0;1;1;-19,01662494;-52,99794505;"SPRF-MS";"DEL08-MS";"UOP01-DEL08-MS"
321526;2020-11-15;"domingo";"06:50:00";"RJ";101;284,6;"ITABORAI";"Condutor Dormindo";"Saída de leito carroçável";"Com Vítimas Feridas";"Pleno dia";"Crescente";"Céu Claro";"Dupla";"Reta";"Não";1;0;1;0;0;0;1;1;-22,74431564;-42,80870139;"SPRF-RJ";"DEL02-RJ";"UOP03-DEL02-RJ"
321527;2020-11-15;"domingo";"07:15:00";"SC";116;217,2;"CORREIA PINTO";"Falta de Atenção à Condução";"Colisão frontal";"Com Vítimas Feridas";"Pleno dia";"Crescente";"Nublado";"Simples";"Curva";"Sim";3;0;2;0;1;0;2;2;-27,56351624;-50,3757906;"SPRF-SC";"DEL05-SC";"UOP03-DEL05-SC"
321528;2020-11-15;"domingo";"06:50:00";"PR";376;185;"SARANDI";"Falta de Atenção à Condução";"Tombamento";"Com Vítimas Feridas";"Pleno dia";"Crescente";"Céu Claro";"Dupla";"Reta";"Sim";1;0;1;0;0;0;1;1;-23,44895;-51,858274;"SPRF-PR";"DEL09-PR";"UOP01-DEL09-PR"
321530;2020-11-15;"domingo";"07:20:00";"GO";20;22,8;"FORMOSA";"Condutor Dormindo";"Saída de leito carroçável";"Com Vítimas Feridas";"Pleno dia";"Crescente";"Nublado";"Simples";"Reta";"Não";1;0;1;0;0;0;1;1;-15,545656;-47,1605;"SPRF-DF";"DEL02-DF";"UOP01-DEL02-DF"
321531;2020-11-15;"domingo";"07:48:00";"DF";70;16;"BRASILIA";"Ingestão de álcool e/ou substâncias psicoativas pelo pedestre";"Capotamento";"Sem Vítimas";"Pleno dia";"Crescente";"Nublado";"Dupla";"Rotatória";"Não";1;0;0;0;1;0;0;1;-15,796144;-48,194225;"SPRF-DF";"DEL03-DF";"UOP02-DEL03-DF"
321532;2020-11-15;"domingo";"07:30:00";"RN";101;100,5;"PARNAMIRIM";"Ingestão de Álcool";"Colisão com objeto estático";"Com Vítimas Feridas";"Pleno dia";"Decrescente";"Sol";"Múltipla";"Curva";"Sim";1;0;1;0;0;0;1;1;-5,88106901;-35,22542396;"SPRF-RN";"DEL01-RN";"UOP01-DEL01-RN"
321533;2020-11-15;"domingo";"08:20:00";"SP";116;219;"GUARULHOS";"Ingestão de Álcool";"Colisão traseira";"Com Vítimas Feridas";"Pleno dia";"Decrescente";"Nublado";"Múltipla";"Reta";"Sim";3;0;0;1;2;0;1;2;-23,46143954;-46,48885316;"SPRF-SP";"DEL01-SP";"UOP01-DEL01-SP"
321535;2020-11-15;"domingo";"08:20:00";"RJ";116;74;"TERESOPOLIS";"Falta de Atenção à Condução";"Colisão traseira";"Com Vítimas Feridas";"Pleno dia";"Decrescente";"Céu Claro";"Simples";"Reta";"Não";3;0;1;0;1;1;1;2;-22,35343905;-42,94244164;"SPRF-RJ";"DEL04-RJ";"UOP01-DEL04-RJ"
321536;2020-11-15;"domingo";"07:20:00";"MG";381;491;"BETIM";"Defeito Mecânico no Veículo";"Queda de ocupante de veículo";"Com Vítimas Feridas";"Pleno dia";"Crescente";"Céu Claro";"Dupla";"Reta;Aclive";"Sim";1;0;1;0;0;0;1;1;-19,97018187;-44,18210416;"SPRF-MG";"DEL01-MG";"UOP03-DEL01-MG"
321538;2020-11-15;"domingo";"08:55:00";"SP";116;61;"GUARATINGUETA";"Falta de Atenção à Condução";"Tombamento";"Com Vítimas Feridas";"Pleno dia";"Crescente";"Sol";"Dupla";"Reta";"Não";1;0;1;0;0;0;1;1;-22,79763613;-45,1674588;"SPRF-SP";"DEL08-SP";"UOP01-DEL08-SP"
321539;2020-11-15;"domingo";"08:30:00";"PE";428;167;"PETROLINA";"Avarias e/ou desgaste excessivo no pneu";"Saída de leito carroçável";"Com Vítimas Feridas";"Pleno dia";"Crescente";"Céu Claro";"Simples";"Reta";"Não";2;0;2;0;0;0;2;1;-9,19981284;-40,39111419;"SPRF-PE";"DEL06-PE";"UOP01-DEL06-PE"
321541;2020-11-15;"domingo";"00:40:00";"RJ";40;118;"DUQUE DE CAXIAS";"Falta de Atenção à Condução";"Colisão com objeto estático";"Com Vítimas Fatais";"Plena Noite";"Decrescente";"Ignorado";"Múltipla";"Reta";"Não";2;1;0;0;1;0;0;1;-22,75470802;-43,28737838;"SPRF-RJ";"DEL01-RJ";"UOP01-DEL01-RJ"
321544;2020-11-15;"domingo";"08:45:00";"ES";101;139,1;"LINHARES";"Ingestão de Álcool";"Colisão traseira";"Com Vítimas Feridas";"Pleno dia";"Decrescente";"Nublado";"Múltipla";"Reta";"Não";2;0;0;1;1;0;1;2;-19,3101728;-40,0799666;"SPRF-ES";"DEL04-ES";"UOP01-DEL04-ES"
321545;2020-11-15;"domingo";"09:05:00";"BA";101;443,8;"UBAITABA";"Falta de Atenção à Condução";"Colisão lateral";"Com Vítimas Feridas";"Pleno dia";"Decrescente";"Céu Claro";"Simples";"Reta";"Sim";2;0;1;0;1;0;1;2;-14,30682395;-39,32280421;"SPRF-BA";"DEL05-BA";"UOP01-DEL05-BA"
321546;2020-11-15;"domingo";"07:15:00";"SC";101;263;"GAROPABA";"Ingestão de Substâncias Psicoativas";"Queda de ocupante de veículo";"Com Vítimas Feridas";"Pleno dia";"Crescente";"Céu Claro";"Dupla";"Reta";"Não";2;0;1;0;1;0;1;1;-28,0431009;-48,71350524;"SPRF-SC";"DEL02-SC";"UOP03-DEL02-SC"
321547;2020-11-15;"domingo";"09:05:00";"PB";104;129,6;"CAMPINA GRANDE";"Falta de Atenção à Condução";"Colisão lateral";"Com Vítimas Feridas";"Pleno dia";"Crescente";"Garoa/Chuvisco";"Dupla";"Reta";"Não";2;0;1;0;1;0;1;2;-7,27854;-35,888838;"SPRF-PB";"DEL02-PB";"UOP03-DEL02-PB"
321548;2020-11-15;"domingo";"08:00:00";"RJ";101;281;"ITABORAI";"Falta de Atenção à Condução";"Tombamento";"Com Vítimas Feridas";"Pleno dia";"Decrescente";"Céu Claro";"Dupla";"Reta";"Não";1;0;1;0;0;0;1;1;-22,73786208;-42,78692501;"SPRF-RJ";"DEL02-RJ";"UOP03-DEL02-RJ"
321549;2020-11-15;"domingo";"09:50:00";"ES";101;147;"LINHARES";"Falta de Atenção à Condução";"Colisão transversal";"Com Vítimas Feridas";"Pleno dia";"Crescente";"Nublado";"Simples";"Retorno Regulamentado";"Sim";3;0;2;1;0;0;3;2;-19,37887202;-40,06657892;"SPRF-ES";"DEL04-ES";"UOP01-DEL04-ES"
321550;2020-11-15;"domingo";"07:00:00";"DF";40;0;"BRASILIA";"Velocidade Incompatível";"Saída de leito carroçável";"Sem Vítimas";"Pleno dia";"Crescente";"Céu Claro";"Dupla";"Reta";"Não";1;0;0;0;0;1;0;1;-15,976897;-47,990129;"SPRF-DF";"DEL01-DF";"UOP01-DEL01-DF"
321553;2020-08-04;"terça-feira";"05:13:00";"RJ";101;286;"ITABORAI";"Animais na Pista";"Atropelamento de Animal";"Com Vítimas Feridas";"Amanhecer";"Decrescente";"Nevoeiro/Neblina";"Dupla";"Reta";"Não";7;0;2;0;5;0;2;4;-22,75409331;-42,82491696;"SPRF-RJ";"DEL02-RJ";"UOP03-DEL02-RJ"
321554;2020-11-15;"domingo";"10:05:00";"PR";277;84;"CURITIBA";"Velocidade Incompatível";"Colisão com objeto estático";"Com Vítimas Feridas";"Pleno dia";"Crescente";"Céu Claro";"Dupla";"Viaduto;Curva";"Sim";1;0;1;0;0;0;1;1;-25,568939;-49,181978;"SPRF-PR";"DEL01-PR";"UOP01-DEL01-PR"
321555;2020-11-15;"domingo";"06:00:00";"RS";392;343,2;"SANTA MARIA";"Ingestão de Álcool";"Saída de leito carroçável";"Sem Vítimas";"Amanhecer";"Decrescente";"Céu Claro";"Simples";"Reta";"Não";1;0;0;0;0;1;0;1;-29,79975908;-53,77794922;"SPRF-RS";"DEL09-RS";"UOP01-DEL09-RS"
321558;2020-11-14;"sábado";"16:15:00";"AC";317;18;"SENADOR GUIOMARD";"Falta de Atenção à Condução";"Colisão frontal";"Com Vítimas Feridas";"Pleno dia";"Decrescente";"Céu Claro";"Simples";"Reta";"Não";2;0;0;1;1;0;1;2;-9,74107378;-67,34493833;"SPRF-AC";"DEL01-AC";"UOP01-DEL01-AC"
321559;2020-11-15;"domingo";"10:00:00";"PB";230;10;"CABEDELO";"Desobediência às normas de trânsito pelo condutor";"Colisão lateral";"Com Vítimas Feridas";"Pleno dia";"Decrescente";"Céu Claro";"Dupla";"Retorno Regulamentado";"Sim";3;0;1;0;2;0;1;2;-7,0514;-34,8499;"SPRF-PB";"DEL01-PB";"UOP01-DEL01-PB"
321560;2020-11-15;"domingo";"05:00:00";"MG";251;319,6;"SALINAS";"Falta de Atenção à Condução";"Saída de leito carroçável";"Com Vítimas Feridas";"Amanhecer";"Decrescente";"Ignorado";"Simples";"Curva";"Não";1;0;1;0;0;0;1;1;-16,20516705;-42,35675025;"SPRF-MG";"DEL12-MG";"UOP01-DEL12-MG"
321561;2020-11-15;"domingo";"10:26:00";"SP";116;186;"SANTA ISABEL";"Falta de Atenção à Condução";"Colisão lateral";"Com Vítimas Feridas";"Pleno dia";"Decrescente";"Céu Claro";"Dupla";"Reta";"Não";3;0;1;0;2;0;1;2;-23,35220682;-46,19934905;"SPRF-SP";"DEL02-SP";"UOP01-DEL02-SP"
321563;2020-11-15;"domingo";"10:40:00";"PR";369;55;"BANDEIRANTES";"Desobediência às normas de trânsito pelo condutor";"Colisão transversal";"Com Vítimas Feridas";"Pleno dia";"Decrescente";"Céu Claro";"Simples";"Interseção de Vias";"Sim";3;0;2;0;1;0;2;2;-23,10973892;-50,37097871;"SPRF-PR";"DEL07-PR";"UOP01-DEL07-PR"
321564;2020-11-15;"domingo";"09:50:00";"SC";470;25,3;"ILHOTA";"Defeito Mecânico no Veículo";"Saída de leito carroçável";"Com Vítimas Feridas";"Pleno dia";"Decrescente";"Céu Claro";"Dupla";"Reta";"Não";2;0;1;0;1;0;1;1;-26,883764;-48,865986;"SPRF-SC";"DEL04-SC";"UOP04-DEL04-SC"
321565;2020-11-15;"domingo";"11:15:00";"CE";20;398;"CAUCAIA";"Desobediência às normas de trânsito pelo condutor";"Colisão frontal";"Com Vítimas Fatais";"Pleno dia";"Decrescente";"Céu Claro";"Simples";"Reta";"Não";3;2;0;0;1;0;0;2;-3,78838214;-38,7009529;"SPRF-CE";"DEL01-CE";"UOP01-DEL01-CE"
321566;2020-11-15;"domingo";"11:00:00";"MG";251;478;"FRANCISCO SA";"Falta de Atenção à Condução";"Colisão transversal";"Com Vítimas Feridas";"Pleno dia";"Decrescente";"Chuva";"Simples";"Reta";"Sim";3;0;1;1;0;1;2;2;-16,46906162;-43,49357156;"SPRF-MG";"DEL12-MG";"UOP01-DEL12-MG"
321567;2020-11-15;"domingo";"08:05:00";"RO";364;569;"ITAPUA DO OESTE";"Defeito Mecânico no Veículo";"Queda de ocupante de veículo";"Com Vítimas Feridas";"Pleno dia";"Crescente";"Céu Claro";"Simples";"Reta";"Não";2;0;2;0;0;0;2;1;-9,48656987;-63,09585109;"SPRF-RO";"DEL01-RO";"UOP04-DEL01-RO"
321569;2020-11-15;"domingo";"12:15:00";"ES";262;41;"DOMINGOS MARTINS";"Pista Escorregadia";"Saída de leito carroçável";"Com Vítimas Feridas";"Pleno dia";"Decrescente";"Garoa/Chuvisco";"Simples";"Declive";"Não";2;0;1;0;1;0;1;1;-20,38521335;-40,64485887;"SPRF-ES";"DEL01-ES";"UOP01-DEL01-ES"
321570;2020-11-15;"domingo";"11:40:00";"PB";104;114;"SAO SEBASTIAO DE LAGOA DE  ROCA";"Falta de Atenção à Condução";"Colisão transversal";"Com Vítimas Feridas";"Pleno dia";"Decrescente";"Céu Claro";"Simples";"Reta";"Não";3;0;0;2;1;0;2;2;-7,1620139;-35,85712429;"SPRF-PB";"DEL02-PB";"UOP04-DEL02-PB"
321571;2020-11-15;"domingo";"12:00:00";"BA";116;430;"FEIRA DE SANTANA";"Desobediência às normas de trânsito pelo condutor";"Colisão transversal";"Com Vítimas Feridas";"Pleno dia";"Crescente";"Sol";"Dupla";"Reta";"Sim";2;0;0;1;1;0;1;2;-12,27486306;-38,99568479;"SPRF-BA";"DEL02-BA";"UOP01-DEL02-BA"
321572;2020-10-30;"sexta-feira";"23:15:00";"ES";101;86,7;"SAO MATEUS";"Defeito Mecânico no Veículo";"Colisão traseira";"Com Vítimas Feridas";"Plena Noite";"Decrescente";"Céu Claro";"Simples";"Reta";"Não";3;0;0;1;2;0;1;2;-18,86552104;-39,93978995;"SPRF-ES";"DEL04-ES";"UOP02-DEL04-ES"
321573;2020-11-15;"domingo";"10:15:00";"AP";156;400;"FERREIRA GOMES";"Velocidade Incompatível";"Capotamento";"Com Vítimas Feridas";"Pleno dia";"Crescente";"Céu Claro";"Simples";"Reta";"Não";3;0;2;1;0;0;3;1;0,85621508;-51,19216919;"SPRF-AP";"DEL01-AP";"UOP01-DEL01-AP"
321575;2020-11-15;"domingo";"12:30:00";"AL";316;254;"PILAR";"Desobediência às normas de trânsito pelo condutor";"Colisão transversal";"Com Vítimas Feridas";"Pleno dia";"Decrescente";"Céu Claro";"Simples";"Interseção de Vias";"Não";4;0;2;0;2;0;2;2;-9,58657444;-35,9567722;"SPRF-AL";"DEL02-AL";"UOP01-DEL02-AL"
321576;2020-11-15;"domingo";"02:30:00";"CE";20;48;"PARAMBU";"Falta de Atenção à Condução";"Saída de leito carroçável";"Com Vítimas Fatais";"Plena Noite";"Decrescente";"Céu Claro";"Simples";"Curva";"Não";3;1;2;0;0;0;2;1;-6,21090923;-40,51735185;"SPRF-CE";"DEL02-CE";"UOP02-DEL02-CE"
321578;2020-11-15;"domingo";"11:50:00";"RS";293;236,4;"DOM PEDRITO";"Falta de Atenção à Condução";"Saída de leito carroçável";"Com Vítimas Feridas";"Pleno dia";"Decrescente";"Sol";"Simples";"Reta";"Não";2;0;0;1;1;0;1;1;-31,0416614;-54,5424691;"SPRF-RS";"DEL11-RS";"UOP03-DEL11-RS"
321579;2020-11-15;"domingo";"14:05:00";"SP";153;257,7;"MARILIA";"Pista Escorregadia";"Tombamento";"Com Vítimas Feridas";"Pleno dia";"Crescente";"Nublado";"Dupla";"Rotatória";"Sim";1;0;1;0;0;0;1;1;-22,23982103;-49,91965379;"SPRF-SP";"DEL07-SP";"UOP02-DEL07-SP"
321582;2020-11-15;"domingo";"14:00:00";"ES";101;283;"CARIACICA";"Falta de Atenção à Condução";"Tombamento";"Sem Vítimas";"Pleno dia";"Crescente";"Céu Claro";"Múltipla";"Reta";"Não";2;0;0;0;0;2;0;1;-20,23438373;-40,3693577;"SPRF-ES";"DEL01-ES";"UOP01-DEL01-ES"
321583;2020-11-15;"domingo";"13:50:00";"RJ";101;269;"RIO BONITO";"Condutor Dormindo";"Colisão traseira";"Com Vítimas Feridas";"Pleno dia";"Crescente";"Céu Claro";"Dupla";"Reta";"Não";4;0;2;0;2;0;2;2;-22,71495082;-42,67804708;"SPRF-RJ";"DEL02-RJ";"UOP03-DEL02-RJ"
321585;2020-11-15;"domingo";"13:40:00";"PE";104;34;"CARUARU";"Defeito Mecânico no Veículo";"Capotamento";"Com Vítimas Feridas";"Pleno dia";"Decrescente";"Céu Claro";"Dupla";"Reta";"Não";1;0;0;1;0;0;1;1;-8,035022;-36,052402;"SPRF-PE";"DEL02-PE";"UOP01-DEL02-PE"
321588;2020-11-15;"domingo";"13:45:00";"RJ";116;181;"NOVA IGUACU";"Falta de Atenção à Condução";"Colisão lateral";"Com Vítimas Feridas";"Pleno dia";"Crescente";"Sol";"Dupla";"Reta";"Sim";2;0;1;0;1;0;1;2;-22,761312;-43,423492;"SPRF-RJ";"DEL01-RJ";"UOP02-DEL01-RJ"
321589;2020-11-15;"domingo";"09:19:00";"RJ";116;317;"ITATIAIA";"Desobediência às normas de trânsito pelo condutor";"Tombamento";"Com Vítimas Feridas";"Pleno dia";"Crescente";"Céu Claro";"Simples";"Rotatória";"Sim";1;0;1;0;0;0;1;1;-22,46708478;-44,50067002;"SPRF-RJ";"DEL07-RJ";"UOP02-DEL07-RJ"
321590;2020-11-15;"domingo";"14:20:00";"PR";476;124;"CURITIBA";"Falta de Atenção à Condução";"Colisão traseira";"Com Vítimas Feridas";"Pleno dia";"Decrescente";"Céu Claro";"Múltipla";"Reta";"Sim";3;0;2;0;1;0;2;2;-25,399845;-49,215855;"SPRF-PR";"DEL01-PR";"UOP03-DEL01-PR"
321591;2020-11-15;"domingo";"14:40:00";"BA";101;877,3;"TEIXEIRA DE FREITAS";"Velocidade Incompatível";"Colisão transversal";"Com Vítimas Feridas";"Pleno dia";"Decrescente";"Chuva";"Simples";"Interseção de Vias";"Sim";2;0;1;0;1;0;1;2;-17,54715587;-39,71954676;"SPRF-BA";"DEL09-BA";"UOP02-DEL09-BA"
321592;2020-11-15;"domingo";"13:00:00";"SC";280;71,3;"JARAGUA DO SUL";"Desobediência às normas de trânsito pelo condutor";"Colisão lateral";"Com Vítimas Feridas";"Pleno dia";"Decrescente";"Sol";"Simples";"Reta";"Não";2;0;0;1;0;1;1;2;-26,45963348;-49,14349794;"SPRF-SC";"DEL03-SC";"UOP03-DEL03-SC"
321593;2020-10-14;"quarta-feira";"18:00:00";"SP";116;276;"EMBU DAS ARTES";"Falta de Atenção à Condução";"Colisão lateral";"Com Vítimas Feridas";"Plena Noite";"Decrescente";"Céu Claro";"Múltipla";"Reta";"Sim";2;0;1;0;1;0;1;2;-23,64262417;-46,83811382;"SPRF-SP";"DEL04-SP";"UOP01-DEL04-SP"
321594;2020-11-15;"domingo";"11:00:00";"RJ";393;247;"BARRA DO PIRAI";"Defeito Mecânico no Veículo";"Tombamento";"Com Vítimas Feridas";"Pleno dia";"Decrescente";"Céu Claro";"Simples";"Reta";"Não";2;0;2;0;0;0;2;1;-22,43116913;-43,77153208;"SPRF-RJ";"DEL05-RJ";"UOP04-DEL05-RJ"
321595;2020-11-15;"domingo";"14:55:00";"CE";20;420;"MARACANAU";"Desobediência às normas de trânsito pelo condutor";"Colisão traseira";"Com Vítimas Feridas";"Pleno dia";"Decrescente";"Céu Claro";"Dupla";"Reta";"Sim";3;0;1;0;2;0;1;2;-3,84448533;-38,57975105;"SPRF-CE";"DEL01-CE";"UOP02-DEL01-CE"
321596;2020-11-15;"domingo";"11:00:00";"RR";174;503;"BOA VISTA";"Falta de Atenção à Condução";"Colisão transversal";"Sem Vítimas";"Pleno dia";"Decrescente";"Nublado";"Dupla";"Reta";"Sim";2;0;0;0;2;0;0;2;2,787376;-60,699524;"SPRF-RR";"DEL01-RR";"UOP01-DEL01-RR"
321598;2020-10-25;"domingo";"00:24:00";"PR";163;18;"BOM JESUS DO SUL";"Velocidade Incompatível";"Saída de leito carroçável";"Com Vítimas Feridas";"Plena Noite";"Decrescente";"Céu Claro";"Simples";"Curva";"Não";2;0;2;0;0;0;2;1;-26,19102583;-53,65533829;"SPRF-PR";"DEL02-PR";"UOP02-DEL02-PR"
321599;2020-11-15;"domingo";"15:00:00";"RS";116;186,3;"NOVA PETROPOLIS";"Condutor Dormindo";"Colisão frontal";"Com Vítimas Feridas";"Pleno dia";"Crescente";"Nublado";"Simples";"Reta;Declive";"Não";5;0;3;1;0;1;4;3;-29,39850319;-51,12755022;"SPRF-RS";"DEL05-RS";"UOP02-DEL05-RS"
321601;2020-11-15;"domingo";"14:30:00";"MG";381;451;"SABARA";"Desobediência às normas de trânsito pelo condutor";"Colisão lateral";"Sem Vítimas";"Pleno dia";"Decrescente";"Céu Claro";"Simples";"Curva";"Não";2;0;0;0;1;1;0;2;-19,83832024;-43,8806931;"SPRF-MG";"DEL01-MG";"UOP01-DEL01-MG"
321603;2020-11-15;"domingo";"14:44:00";"DF";60;4;"BRASILIA";"Desobediência às normas de trânsito pelo condutor";"Colisão transversal";"Com Vítimas Feridas";"Pleno dia";"Decrescente";"Céu Claro";"Dupla";"Aclive;Reta";"Sim";3;0;1;0;2;0;1;2;-15,892721;-48,095741;"SPRF-DF";"DEL03-DF";"UOP01-DEL03-DF"
321604;2020-11-15;"domingo";"15:00:00";"DF";60;19;"BRASILIA";"Falta de Atenção à Condução";"Tombamento";"Com Vítimas Feridas";"Pleno dia";"Decrescente";"Nublado";"Dupla";"Aclive";"Não";1;0;1;0;0;0;1;1;-15,974583;-48,189411;"SPRF-DF";"DEL03-DF";"UOP01-DEL03-DF"
321605;2020-11-15;"domingo";"14:30:00";"RJ";40;62;"PETROPOLIS";"Velocidade Incompatível";"Colisão com objeto estático";"Com Vítimas Feridas";"Pleno dia";"Decrescente";"Céu Claro";"Dupla";"Curva";"Sim";2;0;1;0;1;0;1;1;-22,411822;-43,14924359;"SPRF-RJ";"DEL05-RJ";"UOP02-DEL05-RJ"
321606;2020-11-15;"domingo";"15:25:00";"SC";282;201,8;"LAGES";"Falta de Atenção à Condução";"Colisão transversal";"Com Vítimas Feridas";"Pleno dia";"Crescente";"Nublado";"Simples";"Reta;Aclive";"Não";3;0;1;0;2;0;1;2;-27,763393;-50,152874;"SPRF-SC";"DEL05-SC";"UOP01-DEL05-SC"
321607;2020-11-15;"domingo";"16:10:00";"SP";116;282;"EMBU DAS ARTES";"Desobediência às normas de trânsito pelo condutor";"Colisão frontal";"Com Vítimas Feridas";"Pleno dia";"Decrescente";"Céu Claro";"Simples";"Curva";"Sim";3;0;2;0;0;1;2;2;-23,68570216;-46,85970975;"SPRF-SP";"DEL04-SP";"UOP01-DEL04-SP"
321608;2020-11-15;"domingo";"09:40:00";"PB";230;126,3;"RIACHAO DO BACAMARTE";"Desobediência às normas de trânsito pelo condutor";"Colisão lateral";"Sem Vítimas";"Pleno dia";"Decrescente";"Céu Claro";"Dupla";"Declive;Reta";"Não";2;0;0;0;2;0;0;2;-7,26081836;-35,69801331;"SPRF-PB";"DEL02-PB";"UOP01-DEL02-PB"
321609;2020-11-15;"domingo";"15:35:00";"CE";222;21;"CAUCAIA";"Falta de Atenção à Condução";"Queda de ocupante de veículo";"Com Vítimas Feridas";"Pleno dia";"Decrescente";"Céu Claro";"Simples";"Reta";"Não";2;0;2;0;0;0;2;1;-3,73715313;-38,74293507;"SPRF-CE";"DEL01-CE";"UOP01-DEL01-CE"
321610;2020-11-15;"domingo";"15:00:00";"MG";381;399;"BOM JESUS DO AMPARO";"Falta de Atenção à Condução";"Colisão frontal";"Com Vítimas Feridas";"Pleno dia";"Crescente";"Céu Claro";"Dupla";"Reta";"Não";2;0;0;1;1;0;1;2;-19,73681212;-43,51276109;"SPRF-MG";"DEL01-MG";"UOP01-DEL01-MG"
321611;2020-11-15;"domingo";"15:30:00";"ES";101;254,3;"SERRA";"Não guardar distância de segurança";"Engavetamento";"Com Vítimas Feridas";"Pleno dia";"Crescente";"Chuva";"Simples";"Reta";"Não";5;0;1;0;3;1;1;5;-20,1100364;-40,32740141;"SPRF-ES";"DEL02-ES";"UOP01-DEL02-ES"
321613;2020-11-15;"domingo";"15:20:00";"PR";376;339;"ORTIGUEIRA";"Avarias e/ou desgaste excessivo no pneu";"Saída de leito carroçável";"Sem Vítimas";"Pleno dia";"Crescente";"Chuva";"Dupla";"Declive;Curva";"Não";1;0;0;0;1;0;0;1;-24,16423688;-50,96922472;"SPRF-PR";"DEL07-PR";"UOP03-DEL07-PR"
321615;2020-11-15;"domingo";"16:00:00";"MG";381;316;"NOVA ERA";"Velocidade Incompatível";"Saída de leito carroçável";"Com Vítimas Feridas";"Pleno dia";"Decrescente";"Garoa/Chuvisco";"Simples";"Curva";"Não";1;0;1;0;0;0;1;1;-19,69896406;-42,99486928;"SPRF-MG";"DEL03-MG";"UOP02-DEL03-MG"
321617;2020-11-15;"domingo";"16:30:00";"SP";101;49,4;"UBATUBA";"Falta de Atenção à Condução";"Colisão lateral";"Com Vítimas Feridas";"Pleno dia";"Decrescente";"Nublado";"Simples";"Reta";"Não";2;0;1;0;0;1;1;2;-23,44856165;-45,07913589;"SPRF-SP";"DEL06-SP";"UOP01-DEL06-SP"
321618;2020-11-15;"domingo";"14:30:00";"PR";153;29,2;"JACAREZINHO";"Defeito Mecânico no Veículo";"Incêndio";"Sem Vítimas";"Pleno dia";"Decrescente";"Nublado";"Simples";"Ponte";"Não";1;0;0;0;1;0;0;1;-23,21844118;-50,00194402;"SPRF-PR";"DEL07-PR";"UOP04-DEL07-PR"
321619;2020-11-15;"domingo";"10:40:00";"MG";262;25,3;"REDUTO";"Defeito Mecânico no Veículo";"Incêndio";"Sem Vítimas";"Pleno dia";"Decrescente";"Céu Claro";"Simples";"Aclive;Reta";"Não";1;0;0;0;1;0;0;1;-20,24682025;-41,94929213;"SPRF-MG";"DEL06-MG";"UOP03-DEL06-MG"
321620;2020-11-15;"domingo";"15:45:00";"ES";101;339,7;"GUARAPARI";"Desobediência às normas de trânsito pelo condutor";"Colisão transversal";"Com Vítimas Feridas";"Pleno dia";"Crescente";"Céu Claro";"Simples";"Aclive";"Não";3;0;2;0;1;0;2;2;-20,64347205;-40,55826601;"SPRF-ES";"DEL03-ES";"UOP01-DEL03-ES"
321621;2020-11-15;"domingo";"14:40:00";"AM";174;939;"MANAUS";"Falta de Atenção do Pedestre";"Atropelamento de Pedestre";"Com Vítimas Feridas";"Pleno dia";"Crescente";"Céu Claro";"Simples";"Reta";"Não";2;0;1;0;1;0;1;2;-2,49599994;-60,0348663;"SPRF-AM";"DEL01-AM";"UOP01-DEL01-AM"