"id";"data_inversa";"dia_semana";"horario";"uf";"br";"km";"municipio";"causa_acidente";"tipo_acidente";"classificacao_acidente";"fase_dia";"sentido_via";"condicao_metereologica";"tipo_pista";"tracado_via";"uso_solo";"pessoas";"mortos";"feridos_leves";"feridos_graves";"ilesos";"ignorados";"feridos";"veiculos";"latitude";"longitude";"regional";"delegacia";"uop"
321622;2020-11-15;"domingo";"15:15:00";"AL";101;34;"JOAQUIM GOMES";"Falta de Atenção à Condução";"Colisão com objeto estático";"Sem Vítimas";"Pleno dia";"Crescente";"Céu Claro";"Dupla";"Curva";"Não";2;0;0;0;1;1;0;1;-9,11439602;-35,76425074;"SPRF-AL";"DEL01-AL";"UOP02-DEL01-AL"
321624;2020-11-15;"domingo";"17:10:00";"AL";316;268,8;"SATUBA";"Falta de Atenção do Pedestre";"Atropelamento de Pedestre";"Com Vítimas Feridas";"Anoitecer";"Decrescente";"Céu Claro";"Simples";"Reta";"Sim";2;0;0;1;1;0;1;2;-9,58021969;-35,83876014;"SPRF-AL";"DEL02-AL";"UOP01-DEL02-AL"
321625;2020-11-15;"domingo";"15:35:00";"SP";116;8;"QUELUZ";"Falta de Atenção à Condução";"Colisão lateral";"Com Vítimas Feridas";"Pleno dia";"Decrescente";"Sol";"Dupla";"Reta";"Sim";3;0;2;0;0;1;2;2;-22,536327;-44,7714;"SPRF-SP";"DEL08-SP";"UOP02-DEL08-SP"
321626;2020-11-15;"domingo";"15:30:00";"RJ";465;7;"SEROPEDICA";"Falta de Atenção à Condução";"Colisão com objeto estático";"Com Vítimas Feridas";"Pleno dia";"Crescente";"Céu Claro";"Dupla";"Reta";"Sim";3;0;3;0;0;0;3;1;-22,761377;-43,686352;"SPRF-RJ";"DEL01-RJ";"UOP03-DEL01-RJ"
321627;2020-10-30;"sexta-feira";"23:35:00";"ES";262;4,4;"CARIACICA";"Ingestão de Álcool";"Colisão com objeto estático";"Com Vítimas Feridas";"Plena Noite";"Crescente";"Chuva";"Múltipla";"Reta";"Sim";4;0;1;2;0;1;3;2;-20,33609327;-40,37812784;"SPRF-ES";"DEL01-ES";"UOP01-DEL01-ES"
321628;2020-11-15;"domingo";"15:15:00";"PE";428;27;"CABROBO";"Desobediência às normas de trânsito pelo condutor";"Colisão frontal";"Com Vítimas Feridas";"Pleno dia";"Decrescente";"Céu Claro";"Simples";"Reta";"Não";2;0;1;0;1;0;1;2;-8,50053191;-39,45543905;"SPRF-PE";"DEL05-PE";"UOP03-DEL05-PE"
321629;2020-11-15;"domingo";"15:45:00";"PI";343;264;"CAMPO MAIOR";"Falta de Atenção à Condução";"Colisão com objeto estático";"Com Vítimas Feridas";"Pleno dia";"Decrescente";"Sol";"Simples";"Reta";"Sim";5;0;3;1;1;0;4;3;-4,827662;-42,162594;"SPRF-PI";"DEL01-PI";"UOP03-DEL01-PI"
321630;2020-11-15;"domingo";"17:20:00";"CE";116;5;"FORTALEZA";"Ingestão de Álcool";"Tombamento";"Com Vítimas Feridas";"Anoitecer";"Crescente";"Céu Claro";"Múltipla";"Reta";"Sim";1;0;1;0;0;0;1;1;-3,79467116;-38,50772734;"SPRF-CE";"DEL01-CE";"UOP02-DEL01-CE"
321631;2020-11-15;"domingo";"17:00:00";"RS";116;265;"CANOAS";"Desobediência às normas de trânsito pelo condutor";"Colisão lateral";"Com Vítimas Feridas";"Pleno dia";"Crescente";"Céu Claro";"Dupla";"Reta";"Sim";2;0;1;0;1;0;1;2;-29,92263618;-51,17816806;"SPRF-RS";"DEL01-RS";"UOP01-DEL01-RS"
321632;2020-11-15;"domingo";"17:00:00";"PB";361;5;"PATOS";"Falta de Atenção à Condução";"Tombamento";"Com Vítimas Feridas";"Pleno dia";"Decrescente";"Sol";"Simples";"Reta";"Sim";1;0;0;1;0;0;1;1;-7,0342983;-37,30232718;"SPRF-PB";"DEL03-PB";"UOP01-DEL03-PB"
321637;2020-11-15;"domingo";"15:00:00";"SC";280;97,9;"CORUPA";"Desobediência às normas de trânsito pelo condutor";"Colisão transversal";"Com Vítimas Feridas";"Pleno dia";"Crescente";"Sol";"Simples";"Curva";"Não";3;0;1;0;2;0;1;2;-26,37833107;-49,31732124;"SPRF-SC";"DEL06-SC";"UOP03-DEL06-SC"
321638;2020-11-15;"domingo";"17:15:00";"RS";153;663;"ACEGUA";"Mal Súbito";"Saída de leito carroçável";"Com Vítimas Feridas";"Pleno dia";"Crescente";"Céu Claro";"Simples";"Reta";"Não";4;0;3;1;0;0;4;1;-31,60047296;-54,14210918;"SPRF-RS";"DEL11-RS";"UOP03-DEL11-RS"
321639;2020-11-15;"domingo";"18:10:00";"GO";153;554;"PROFESSOR JAMIL";"Desobediência às normas de trânsito pelo condutor";"Colisão lateral";"Com Vítimas Feridas";"Anoitecer";"Decrescente";"Ignorado";"Dupla";"Reta";"Sim";2;0;1;0;1;0;1;2;-17,1765;-49,2104;"SPRF-GO";"DEL03-GO";"UOP01-DEL03-GO"
321640;2020-11-15;"domingo";"17:20:00";"RJ";101;297;"ITABORAI";"Mal Súbito";"Colisão com objeto estático";"Com Vítimas Feridas";"Anoitecer";"Decrescente";"Céu Claro";"Dupla";"Curva";"Sim";1;0;1;0;0;0;1;1;-22,76942037;-42,91873581;"SPRF-RJ";"DEL02-RJ";"UOP02-DEL02-RJ"
321641;2020-11-15;"domingo";"18:25:00";"SP";0;0;"BRAGANCA PAULISTA";"Não guardar distância de segurança";"Saída de leito carroçável";"Com Vítimas Feridas";"Anoitecer";"Não Informado";"Céu Claro";"Dupla";"Curva";"Não";2;0;2;0;0;0;2;1;-22,99697186;-46,5163051;"SPRF-SP";"DEL03-SP";"UOP01-DEL03-SP"
321643;2020-11-15;"domingo";"18:15:00";"CE";222;22;"CAUCAIA";"Desobediência às normas de trânsito pelo condutor";"Colisão frontal";"Com Vítimas Feridas";"Plena Noite";"Decrescente";"Céu Claro";"Simples";"Curva;Aclive;Em Obras";"Não";2;0;0;1;1;0;1;2;-3,7334234;-38,75084288;"SPRF-CE";"DEL01-CE";"UOP01-DEL01-CE"
321644;2020-11-15;"domingo";"18:30:00";"PB";104;98,8;"ESPERANCA";"Ingestão de Álcool";"Colisão frontal";"Com Vítimas Fatais";"Plena Noite";"Decrescente";"Céu Claro";"Simples";"Reta;Declive";"Não";5;1;0;1;1;2;1;4;-7,02803215;-35,85657159;"SPRF-PB";"DEL02-PB";"UOP04-DEL02-PB"
321645;2020-11-15;"domingo";"18:10:00";"PR";277;8;"PARANAGUA";"Desobediência às normas de trânsito pelo condutor";"Saída de leito carroçável";"Sem Vítimas";"Pleno dia";"Decrescente";"Céu Claro";"Dupla";"Reta";"Não";1;0;0;0;1;0;0;1;-25,568198;-48,615292;"SPRF-PR";"DEL01-PR";"UOP05-DEL01-PR"
321646;2020-11-15;"domingo";"18:20:00";"PR";277;672,1;"MEDIANEIRA";"Ingestão de Álcool";"Colisão com objeto estático";"Com Vítimas Feridas";"Pleno dia";"Decrescente";"Céu Claro";"Dupla";"Reta";"Sim";1;0;1;0;0;0;1;1;-25,28740438;-54,09701091;"SPRF-PR";"DEL05-PR";"UOP02-DEL05-PR"
321647;2020-11-15;"domingo";"16:30:00";"SC";470;190,1;"POUSO REDONDO";"Falta de Atenção à Condução";"Capotamento";"Com Vítimas Feridas";"Pleno dia";"Decrescente";"Chuva";"Simples";"Curva";"Não";3;0;3;0;0;0;3;1;-27,281504;-50,069775;"SPRF-SC";"DEL04-SC";"UOP02-DEL04-SC"
321648;2020-11-15;"domingo";"17:50:00";"RS";290;422;"SAO GABRIEL";"Falta de Atenção à Condução";"Saída de leito carroçável";"Com Vítimas Feridas";"Pleno dia";"Crescente";"Nublado";"Dupla";"Rotatória";"Não";3;0;1;0;2;0;1;2;-30,331028;-54,357944;"SPRF-RS";"DEL11-RS";"UOP02-DEL11-RS"
321649;2020-11-15;"domingo";"18:35:00";"RS";116;246;"SAO LEOPOLDO";"Falta de Atenção à Condução";"Colisão com objeto estático";"Sem Vítimas";"Pleno dia";"Crescente";"Céu Claro";"Múltipla";"Aclive;Viaduto;Curva";"Sim";1;0;0;0;1;0;0;1;-29,758751;-51,15186806;"SPRF-RS";"DEL01-RS";"UOP02-DEL01-RS"
321651;2020-11-15;"domingo";"18:20:00";"RN";427;127,4;"SERRA NEGRA DO NORTE";"Defeito na Via";"Capotamento";"Com Vítimas Feridas";"Anoitecer";"Decrescente";"Céu Claro";"Simples";"Reta";"Não";2;0;0;1;1;0;1;1;-6,56394836;-37,27626664;"SPRF-RN";"DEL03-RN";"UOP01-DEL03-RN"
321652;2020-11-15;"domingo";"18:05:00";"SC";282;38,6;"AGUAS MORNAS";"Ingestão de Álcool";"Colisão frontal";"Com Vítimas Feridas";"Plena Noite";"Decrescente";"Céu Claro";"Simples";"Curva";"Não";4;0;1;1;1;1;2;3;-27,71339412;-48,85821819;"SPRF-SC";"DEL01-SC";"UOP03-DEL01-SC"
321653;2020-11-15;"domingo";"18:15:00";"SE";101;97,9;"SAO CRISTOVAO";"Falta de Atenção à Condução";"Colisão traseira";"Sem Vítimas";"Plena Noite";"Decrescente";"Céu Claro";"Dupla";"Retorno Regulamentado";"Não";2;0;0;0;2;0;0;2;-10,92400011;-37,17610359;"SPRF-SE";"DEL02-SE";"UOP01-DEL02-SE"
321655;2020-11-15;"domingo";"17:18:00";"AC";364;136;"RIO BRANCO";"Desobediência às normas de trânsito pelo condutor";"Colisão transversal";"Com Vítimas Feridas";"Anoitecer";"Decrescente";"Céu Claro";"Dupla";"Reta";"Sim";3;0;1;0;2;0;1;2;-9,977578;-67,8489;"SPRF-AC";"DEL01-AC";"UOP01-DEL01-AC"
321657;2020-11-15;"domingo";"16:30:00";"MT";70;732,8;"CACERES";"Ingestão de Álcool";"Colisão lateral";"Com Vítimas Feridas";"Pleno dia";"Decrescente";"Céu Claro";"Simples";"Reta";"Sim";2;0;1;0;1;0;1;2;-16,14892769;-57,63505293;"SPRF-MT";"DEL03-MT";"UOP01-DEL03-MT"
321658;2020-11-15;"domingo";"19:30:00";"RS";448;10;"CANOAS";"Não guardar distância de segurança";"Colisão traseira";"Com Vítimas Feridas";"Plena Noite";"Decrescente";"Nublado";"Dupla";"Reta";"Não";2;0;1;0;1;0;1;2;-29,88482057;-51,2379384;"SPRF-RS";"DEL01-RS";"UOP01-DEL01-RS"
321659;2020-11-15;"domingo";"16:30:00";"PE";428;41,8;"OROCO";"Falta de Atenção à Condução";"Colisão transversal";"Com Vítimas Feridas";"Pleno dia";"Crescente";"Céu Claro";"Simples";"Reta";"Não";5;0;2;0;3;0;2;2;-8,5660525;-39,57182642;"SPRF-PE";"DEL05-PE";"UOP03-DEL05-PE"
321662;2020-11-15;"domingo";"17:30:00";"MG";381;457;"BELO HORIZONTE";"Falta de Atenção à Condução";"Colisão traseira";"Com Vítimas Feridas";"Pleno dia";"Crescente";"Nublado";"Dupla";"Reta";"Não";2;0;1;0;1;0;1;2;-19,86134886;-43,92063055;"SPRF-MG";"DEL01-MG";"UOP01-DEL01-MG"
321663;2020-11-15;"domingo";"19:20:00";"MS";262;367;"CAMPO GRANDE";"Falta de Atenção à Condução";"Colisão traseira";"Com Vítimas Feridas";"Plena Noite";"Crescente";"Nublado";"Simples";"Reta";"Sim";2;0;0;1;1;0;1;2;-20,49132429;-54,74025306;"SPRF-MS";"DEL01-MS";"UOP03-DEL01-MS"
321664;2020-11-15;"domingo";"19:30:00";"PE";104;66;"CARUARU";"Falta de Atenção à Condução";"Colisão traseira";"Com Vítimas Feridas";"Plena Noite";"Decrescente";"Céu Claro";"Simples";"Viaduto";"Sim";3;0;2;0;1;0;2;2;-8,2937;-35,9864;"SPRF-PE";"DEL02-PE";"UOP01-DEL02-PE"
321665;2020-11-15;"domingo";"19:20:00";"PR";116;37;"CAMPINA GRANDE DO SUL";"Falta de Atenção do Pedestre";"Capotamento";"Sem Vítimas";"Plena Noite";"Crescente";"Chuva";"Dupla";"Curva";"Não";1;0;0;0;1;0;0;1;-25,13988802;-48,85618719;"SPRF-PR";"DEL01-PR";"UOP02-DEL01-PR"
321666;2020-11-15;"domingo";"20:00:00";"PR";376;3,3;"APUCARANA";"Desobediência às normas de trânsito pelo condutor";"Colisão traseira";"Com Vítimas Feridas";"Plena Noite";"Crescente";"Nublado";"Simples";"Aclive;Reta";"Sim";6;0;1;1;4;0;2;3;-23,5592901;-51,4375161;"SPRF-PR";"DEL07-PR";"UOP03-DEL07-PR"
321667;2020-11-15;"domingo";"20:10:00";"BA";407;8,3;"JUAZEIRO";"Desobediência às normas de trânsito pelo condutor";"Atropelamento de Pedestre";"Com Vítimas Feridas";"Plena Noite";"Crescente";"Céu Claro";"Simples";"Reta";"Sim";2;0;1;1;0;0;2;2;-9,47216396;-40,47887593;"SPRF-PE";"DEL06-PE";"UOP01-DEL06-PE"
321668;2020-11-15;"domingo";"20:20:00";"BA";324;622;"SALVADOR";"Falta de Atenção do Pedestre";"Atropelamento de Pedestre";"Com Vítimas Feridas";"Plena Noite";"Crescente";"Céu Claro";"Dupla";"Curva";"Sim";2;0;0;1;1;0;1;2;-12,91888605;-38,46502095;"SPRF-BA";"DEL01-BA";"UOP01-DEL01-BA"
321669;2020-11-15;"domingo";"14:30:00";"MG";50;35,8;"ARAGUARI";"Velocidade Incompatível";"Saída de leito carroçável";"Com Vítimas Feridas";"Pleno dia";"Crescente";"Céu Claro";"Dupla";"Reta";"Sim";1;0;0;1;0;0;1;1;-18,65075062;-48,13867716;"SPRF-MG";"DEL15-MG";"UOP02-DEL15-MG"
321670;2020-11-15;"domingo";"16:00:00";"SC";280;26;"ARAQUARI";"Condutor Dormindo";"Colisão com objeto estático";"Sem Vítimas";"Pleno dia";"Crescente";"Céu Claro";"Simples";"Reta";"Sim";2;0;0;0;2;0;0;2;-26,38972308;-48,73411593;"SPRF-SC";"DEL03-SC";"UOP03-DEL03-SC"
321671;2020-11-15;"domingo";"15:30:00";"MG";262;802;"UBERABA";"Desobediência às normas de trânsito pelo condutor";"Colisão traseira";"Sem Vítimas";"Pleno dia";"Decrescente";"Chuva";"Dupla";"Reta";"Não";2;0;0;0;1;1;0;2;-19,779234;-47,964844;"SPRF-MG";"DEL13-MG";"UOP01-DEL13-MG"
321672;2020-11-15;"domingo";"20:30:00";"RJ";356;146,5;"CAMPOS DOS GOYTACAZES";"Falta de Atenção à Condução";"Colisão transversal";"Com Vítimas Feridas";"Plena Noite";"Decrescente";"Céu Claro";"Dupla";"Reta";"Sim";3;0;0;1;2;0;1;2;-21,777777;-41,306713;"SPRF-RJ";"DEL08-RJ";"UOP02-DEL08-RJ"
321674;2020-11-15;"domingo";"20:00:00";"RS";116;37,6;"VACARIA";"Ingestão de Álcool";"Colisão traseira";"Sem Vítimas";"Plena Noite";"Crescente";"Céu Claro";"Simples";"Reta";"Sim";5;0;0;0;5;0;0;2;-28,49871957;-50,9176864;"SPRF-RS";"DEL05-RS";"UOP03-DEL05-RS"
321675;2020-11-15;"domingo";"20:50:00";"SP";116;272;"TABOAO DA SERRA";"Desobediência às normas de trânsito pelo condutor";"Colisão lateral";"Com Vítimas Feridas";"Plena Noite";"Decrescente";"Céu Claro";"Dupla";"Reta";"Sim";2;0;1;0;0;1;1;2;-23,621691;-46,813288;"SPRF-SP";"DEL04-SP";"UOP01-DEL04-SP"
321676;2020-11-15;"domingo";"21:05:00";"SC";101;117,4;"ITAJAI";"Ingestão de Álcool";"Colisão traseira";"Sem Vítimas";"Plena Noite";"Decrescente";"Céu Claro";"Múltipla";"Ponte";"Sim";2;0;0;0;2;0;0;2;-26,890813;-48,720922;"SPRF-SC";"DEL04-SC";"UOP04-DEL04-SC"
321678;2020-11-15;"domingo";"20:30:00";"RO";364;196,1;"PIMENTA BUENO";"Desobediência às normas de trânsito pelo condutor";"Colisão transversal";"Com Vítimas Feridas";"Plena Noite";"Crescente";"Nublado";"Simples";"Reta";"Sim";2;0;0;1;1;0;1;2;-11,68671732;-61,18347731;"SPRF-RO";"DEL02-RO";"UOP02-DEL02-RO"
321679;2020-11-15;"domingo";"19:45:00";"ES";101;143;"LINHARES";"Ingestão de Álcool";"Atropelamento de Pedestre";"Com Vítimas Feridas";"Plena Noite";"Decrescente";"Nublado";"Múltipla";"Reta";"Sim";2;0;0;1;0;1;1;2;-19,34286596;-40,0638568;"SPRF-ES";"DEL04-ES";"UOP01-DEL04-ES"
321681;2020-11-15;"domingo";"15:30:00";"MG";262;802;"UBERABA";"Desobediência às normas de trânsito pelo condutor";"Colisão traseira";"Com Vítimas Feridas";"Pleno dia";"Decrescente";"Chuva";"Dupla";"Reta";"Não";3;0;1;0;1;1;1;3;-19,779234;-47,964844;"SPRF-MG";"DEL13-MG";"UOP01-DEL13-MG"
321683;2020-11-15;"domingo";"21:00:00";"RS";101;13,2;"DOM PEDRO DE ALCANTARA";"Ingestão de Álcool";"Atropelamento de Pedestre";"Com Vítimas Feridas";"Plena Noite";"Crescente";"Nublado";"Simples";"Reta";"Não";2;0;1;1;0;0;2;2;-29,3930518;-49,84373839;"SPRF-RS";"DEL03-RS";"UOP02-DEL03-RS"
321685;2020-11-15;"domingo";"20:15:00";"SC";280;52,3;"GUARAMIRIM";"Falta de Atenção à Condução";"Colisão transversal";"Com Vítimas Feridas";"Plena Noite";"Crescente";"Garoa/Chuvisco";"Simples";"Reta";"Não";2;0;0;2;0;0;2;2;-26,47145659;-48,97176147;"SPRF-SC";"DEL03-SC";"UOP03-DEL03-SC"
321686;2020-11-15;"domingo";"09:15:00";"MG";262;473;"BOM DESPACHO";"Velocidade Incompatível";"Saída de leito carroçável";"Sem Vítimas";"Pleno dia";"Decrescente";"Céu Claro";"Simples";"Curva";"Não";1;0;0;0;0;1;0;1;-19,79019148;-45,18399783;"SPRF-MG";"DEL08-MG";"UOP03-DEL08-MG"
321688;2020-11-15;"domingo";"18:05:00";"MG";356;275,1;"EUGENOPOLIS";"Falta de Atenção à Condução";"Colisão lateral";"Com Vítimas Feridas";"Plena Noite";"Crescente";"Nublado";"Simples";"Reta";"Não";2;0;2;0;0;0;2;2;-21,12733123;-42,28674468;"SPRF-MG";"DEL07-MG";"UOP02-DEL07-MG"
321690;2020-11-15;"domingo";"21:45:00";"CE";222;10;"CAUCAIA";"Ingestão de Álcool";"Colisão lateral";"Sem Vítimas";"Plena Noite";"Crescente";"Céu Claro";"Simples";"Reta";"Sim";3;0;0;0;2;1;0;3;-3,736507;-38,65337;"SPRF-CE";"DEL01-CE";"UOP01-DEL01-CE"
321691;2020-11-15;"domingo";"21:30:00";"PE";104;39;"CARUARU";"Agressão Externa";"Queda de ocupante de veículo";"Com Vítimas Fatais";"Plena Noite";"Crescente";"Céu Claro";"Dupla";"Reta";"Sim";1;1;0;0;0;0;0;1;-8,0861;-36,0377;"SPRF-PE";"DEL02-PE";"UOP01-DEL02-PE"
321692;2020-11-15;"domingo";"21:40:00";"RJ";101;316;"SAO GONCALO";"Falta de Atenção à Condução";"Colisão lateral";"Com Vítimas Feridas";"Plena Noite";"Decrescente";"Céu Claro";"Dupla";"Reta";"Sim";3;0;2;0;1;0;2;2;-22,82835879;-43,09208739;"SPRF-RJ";"DEL02-RJ";"UOP02-DEL02-RJ"
321694;2020-11-15;"domingo";"17:35:00";"MG";262;435,1;"NOVA SERRANA";"Falta de Atenção à Condução";"Tombamento";"Com Vítimas Feridas";"Pleno dia";"Decrescente";"Céu Claro";"Dupla";"Reta";"Não";1;0;1;0;0;0;1;1;-19,89666118;-44,85116191;"SPRF-MG";"DEL08-MG";"UOP03-DEL08-MG"
321695;2020-11-15;"domingo";"21:45:00";"RJ";493;0,1;"ITABORAI";"Falta de Atenção à Condução";"Colisão lateral";"Sem Vítimas";"Plena Noite";"Crescente";"Céu Claro";"Simples";"Reta";"Sim";3;0;0;0;2;1;0;2;-22,76398788;-42,92731895;"SPRF-RJ";"DEL02-RJ";"UOP02-DEL02-RJ"
321698;2020-11-15;"domingo";"17:10:00";"MG";262;438;"NOVA SERRANA";"Velocidade Incompatível";"Tombamento";"Com Vítimas Feridas";"Pleno dia";"Decrescente";"Nublado";"Dupla";"Reta";"Não";1;0;0;1;0;0;1;1;-19,88013827;-44,93528053;"SPRF-MG";"DEL08-MG";"UOP03-DEL08-MG"
321699;2020-11-15;"domingo";"18:30:00";"MG";262;412,1;"IGARATINGA";"Velocidade Incompatível";"Saída de leito carroçável";"Com Vítimas Feridas";"Anoitecer";"Decrescente";"Nublado";"Dupla";"Curva;Interseção de Vias";"Não";1;0;1;0;0;0;1;1;-19,89786096;-44,69877094;"SPRF-MG";"DEL08-MG";"UOP03-DEL08-MG"
321701;2020-11-15;"domingo";"22:30:00";"RJ";101;317;"SAO GONCALO";"Ingestão de Álcool";"Colisão com objeto estático";"Com Vítimas Feridas";"Plena Noite";"Decrescente";"Céu Claro";"Dupla";"Reta";"Sim";5;0;5;0;0;0;5;1;-22,83707798;-43,09492006;"SPRF-RJ";"DEL02-RJ";"UOP02-DEL02-RJ"
321702;2020-11-15;"domingo";"21:50:00";"RJ";465;12;"SEROPEDICA";"Falta de Atenção à Condução";"Colisão lateral";"Com Vítimas Feridas";"Plena Noite";"Crescente";"Céu Claro";"Simples";"Reta";"Sim";2;0;0;1;0;1;1;2;-22,791252;-43,651257;"SPRF-RJ";"DEL01-RJ";"UOP03-DEL01-RJ"
321703;2020-11-15;"domingo";"21:00:00";"RS";290;139;"ELDORADO DO SUL";"Falta de Atenção à Condução";"Saída de leito carroçável";"Sem Vítimas";"Plena Noite";"Decrescente";"Chuva";"Simples";"Reta";"Não";1;0;0;0;0;1;0;1;-30,078781;-51,59985;"SPRF-RS";"DEL02-RS";"UOP01-DEL02-RS"
321704;2020-11-15;"domingo";"22:20:00";"SC";101;105,8;"PENHA";"Falta de Atenção à Condução";"Tombamento";"Com Vítimas Feridas";"Plena Noite";"Crescente";"Nublado";"Dupla";"Reta";"Não";1;0;1;0;0;0;1;1;-26,80215497;-48,67891041;"SPRF-SC";"DEL03-SC";"UOP02-DEL03-SC"
321705;2020-11-15;"domingo";"22:15:00";"BA";242;720;"CRISTOPOLIS";"Falta de Atenção do Pedestre";"Atropelamento de Pedestre";"Com Vítimas Fatais";"Plena Noite";"Crescente";"Nublado";"Simples";"Reta";"Não";3;1;1;0;0;1;1;2;-12,233206;-44,395799;"SPRF-BA";"DEL06-BA";"UOP03-DEL06-BA"
321707;2020-11-15;"domingo";"23:00:00";"SC";282;21;"PALHOCA";"Desobediência às normas de trânsito pelo condutor";"Colisão traseira";"Sem Vítimas";"Plena Noite";"Crescente";"Nublado";"Simples";"Reta";"Sim";2;0;0;0;2;0;0;2;-27,68907;-48,717541;"SPRF-SC";"DEL01-SC";"UOP02-DEL01-SC"
321709;2020-11-15;"domingo";"22:45:00";"RJ";101;415;"ITAGUAI";"Defeito Mecânico no Veículo";"Capotamento";"Com Vítimas Feridas";"Plena Noite";"Decrescente";"Garoa/Chuvisco";"Simples";"Reta";"Não";2;0;1;0;1;0;1;1;-22,90433243;-43,88181398;"SPRF-RJ";"DEL03-RJ";"UOP01-DEL03-RJ"
321711;2020-11-15;"domingo";"19:20:00";"SC";0;0;"CHAPECO";"Ingestão de Álcool";"Colisão frontal";"Com Vítimas Feridas";"Pleno dia";"Não Informado";"Céu Claro";"Simples";"Reta";"Não";2;0;2;0;0;0;2;2;-26,98266431;-52,67858505;"SPRF-SC";"DEL07-SC";"UOP01-DEL07-SC"
321712;2020-11-15;"domingo";"23:20:00";"MG";116;411,5;"GOVERNADOR VALADARES";"Desobediência às normas de trânsito pelo condutor";"Colisão transversal";"Com Vítimas Feridas";"Plena Noite";"Crescente";"Céu Claro";"Dupla";"Reta;Retorno Regulamentado";"Sim";2;0;1;0;1;0;1;2;-18,86244705;-41,97405237;"SPRF-MG";"DEL06-MG";"UOP01-DEL06-MG"
321713;2020-11-15;"domingo";"23:40:00";"MG";365;754,1;"ITUIUTABA";"Falta de Atenção à Condução";"Colisão traseira";"Com Vítimas Feridas";"Plena Noite";"Crescente";"Céu Claro";"Simples";"Aclive";"Não";2;0;1;0;1;0;1;2;-18,947495;-49,45934;"SPRF-MG";"DEL15-MG";"UOP03-DEL15-MG"
321714;2020-11-15;"domingo";"18:30:00";"MG";50;130;"UBERABA";"Velocidade Incompatível";"Saída de leito carroçável";"Com Vítimas Feridas";"Plena Noite";"Crescente";"Céu Claro";"Dupla";"Retorno Regulamentado";"Não";1;0;1;0;0;0;1;1;-19,38989597;-48,07678044;"SPRF-MG";"DEL13-MG";"UOP01-DEL13-MG"
321715;2020-11-15;"domingo";"23:50:00";"ES";262;113,9;"CONCEICAO DO CASTELO";"Falta de Atenção do Pedestre";"Atropelamento de Pedestre";"Com Vítimas Fatais";"Plena Noite";"Crescente";"Céu Claro";"Simples";"Declive;Reta";"Sim";2;1;0;0;0;1;0;2;-20,33171889;-41,20453016;"SPRF-ES";"DEL01-ES";"UOP02-DEL01-ES"
321716;2020-11-15;"domingo";"22:35:00";"SC";282;229,7;"LAGES";"Ingestão de Álcool";"Saída de leito carroçável";"Com Vítimas Feridas";"Plena Noite";"Decrescente";"Nublado";"Simples";"Declive;Curva";"Não";8;0;6;2;0;0;8;1;-27,79125053;-50,41531563;"SPRF-SC";"DEL05-SC";"UOP02-DEL05-SC"
321717;2020-11-16;"segunda-feira";"00:30:00";"SP";116;145,5;"SAO JOSE DOS CAMPOS";"Velocidade Incompatível";"Colisão com objeto estático";"Com Vítimas Feridas";"Plena Noite";"Decrescente";"Céu Claro";"Múltipla";"Declive";"Sim";1;0;0;1;0;0;1;1;-23,1869844;-45,8548078;"SPRF-SP";"DEL02-SP";"UOP01-DEL02-SP"
321718;2020-11-15;"domingo";"23:59:00";"PR";116;156,6;"MANDIRITUBA";"Desobediência às normas de trânsito pelo condutor";"Colisão frontal";"Com Vítimas Fatais";"Plena Noite";"Decrescente";"Céu Claro";"Simples";"Interseção de Vias";"Não";4;1;0;0;3;0;0;2;-25,863102;-49,399214;"SPRF-PR";"DEL01-PR";"UOP03-DEL01-PR"
321719;2020-11-15;"domingo";"19:00:00";"BA";324;304;"JACOBINA";"Falta de Atenção à Condução";"Saída de leito carroçável";"Com Vítimas Feridas";"Plena Noite";"Crescente";"Ignorado";"Simples";"Declive;Reta";"Não";1;0;1;0;0;0;1;1;-11,20903223;-40,445443;"SPRF-BA";"DEL04-BA";"UOP02-DEL04-BA"
321720;2020-11-16;"segunda-feira";"00:55:00";"SC";101;196,7;"BIGUACU";"Ingestão de Álcool";"Colisão com objeto estático";"Com Vítimas Feridas";"Plena Noite";"Crescente";"Céu Claro";"Dupla";"Curva";"Sim";1;0;1;0;0;0;1;1;-27,51101091;-48,64322292;"SPRF-SC";"DEL01-SC";"UOP01-DEL01-SC"
321721;2020-11-15;"domingo";"22:05:00";"SC";101;258,4;"PAULO LOPES";"Condutor Dormindo";"Saída de leito carroçável";"Com Vítimas Feridas";"Plena Noite";"Decrescente";"Nublado";"Simples";"Aclive;Reta";"Não";1;0;1;0;0;0;1;1;-28,00482282;-48,69190437;"SPRF-SC";"DEL02-SC";"UOP03-DEL02-SC"
321722;2020-11-15;"domingo";"22:25:00";"GO";364;385;"SANTA RITA DO ARAGUAIA";"Ingestão de álcool e/ou substâncias psicoativas pelo pedestre";"Colisão traseira";"Sem Vítimas";"Plena Noite";"Decrescente";"Céu Claro";"Dupla";"Reta";"Sim";3;0;0;0;2;1;0;2;-17,33310555;-53,19562912;"SPRF-GO";"DEL05-GO";"UOP01-DEL05-GO"
321724;2020-11-16;"segunda-feira";"00:00:00";"MT";174;382;"CONQUISTA DOESTE";"Falta de Atenção à Condução";"Tombamento";"Com Vítimas Feridas";"Plena Noite";"Decrescente";"Céu Claro";"Simples";"Reta";"Não";3;0;2;1;0;0;3;2;-14,52689853;-59,56019353;"SPRF-MT";"DEL04-MT";"UOP01-DEL04-MT"