"id";"data_inversa";"dia_semana";"horario";"uf";"br";"km";"municipio";"causa_acidente";"tipo_acidente";"classificacao_acidente";"fase_dia";"sentido_via";"condicao_metereologica";"tipo_pista";"tracado_via";"uso_solo";"pessoas";"mortos";"feridos_leves";"feridos_graves";"ilesos";"ignorados";"feridos";"veiculos";"latitude";"longitude";"regional";"delegacia";"uop"
321726;2020-11-16;"segunda-feira";"01:00:00";"SC";101;158;"PORTO BELO";"Falta de Atenção à Condução";"Tombamento";"Com Vítimas Feridas";"Plena Noite";"Decrescente";"Céu Claro";"Dupla";"Reta";"Não";1;0;0;1;0;0;1;1;-27,19096301;-48,61259017;"SPRF-SC";"DEL04-SC";"UOP03-DEL04-SC"
321727;2020-11-16;"segunda-feira";"01:00:00";"RJ";116;163;"RIO DE JANEIRO";"Falta de Atenção à Condução";"Colisão traseira";"Com Vítimas Feridas";"Plena Noite";"Decrescente";"Céu Claro";"Dupla";"Reta";"Sim";3;0;2;0;1;0;2;2;-22,802729;-43,290424;"SPRF-RJ";"DEL01-RJ";"UOP01-DEL01-RJ"
321728;2020-11-16;"segunda-feira";"01:40:00";"CE";222;5;"CAUCAIA";"Desobediência às normas de trânsito pelo condutor";"Colisão com objeto estático";"Com Vítimas Feridas";"Plena Noite";"Crescente";"Céu Claro";"Dupla";"Reta";"Não";2;0;2;0;0;0;2;1;-3,74296918;-38,61330997;"SPRF-CE";"DEL01-CE";"UOP01-DEL01-CE"
321729;2020-11-16;"segunda-feira";"00:20:00";"MT";163;832,5;"SINOP";"Falta de Atenção à Condução";"Saída de leito carroçável";"Com Vítimas Feridas";"Plena Noite";"Crescente";"Céu Claro";"Simples";"Retorno Regulamentado";"Sim";1;0;1;0;0;0;1;1;-11,881743;-55,500635;"SPRF-MT";"DEL06-MT";"UOP01-DEL06-MT"
321730;2020-11-16;"segunda-feira";"02:30:00";"RS";285;34,3;"BOM JESUS";"Ingestão de Álcool";"Saída de leito carroçável";"Com Vítimas Feridas";"Plena Noite";"Crescente";"Céu Claro";"Simples";"Curva";"Não";1;0;1;0;0;0;1;1;-28,70557;-50,207253;"SPRF-RS";"DEL05-RS";"UOP03-DEL05-RS"
321731;2020-11-16;"segunda-feira";"00:40:00";"SC";282;503;"XANXERE";"Defeito Mecânico no Veículo";"Saída de leito carroçável";"Com Vítimas Feridas";"Plena Noite";"Decrescente";"Céu Claro";"Dupla";"Curva";"Sim";1;0;1;0;0;0;1;1;-26,88492;-52,399788;"SPRF-SC";"DEL07-SC";"UOP01-DEL07-SC"
321732;2020-11-16;"segunda-feira";"02:00:00";"SP";381;18;"BRAGANCA PAULISTA";"Condutor Dormindo";"Capotamento";"Com Vítimas Feridas";"Plena Noite";"Crescente";"Nublado";"Dupla";"Reta";"Sim";4;0;2;0;2;0;2;2;-22,9746091;-46,48838277;"SPRF-SP";"DEL03-SP";"UOP01-DEL03-SP"
321733;2020-11-16;"segunda-feira";"01:30:00";"SC";282;503,8;"XANXERE";"Ingestão de Álcool";"Colisão traseira";"Sem Vítimas";"Plena Noite";"Decrescente";"Céu Claro";"Dupla";"Curva";"Sim";3;0;0;0;3;0;0;3;-26,88492;-52,399788;"SPRF-SC";"DEL07-SC";"UOP01-DEL07-SC"
321734;2020-11-15;"domingo";"14:00:00";"ES";101;34;"CONCEICAO DA BARRA";"Ingestão de Álcool";"Saída de leito carroçável";"Com Vítimas Feridas";"Pleno dia";"Decrescente";"Céu Claro";"Simples";"Reta";"Não";1;0;1;0;0;0;1;1;-18,444455;-39,93215002;"SPRF-ES";"DEL04-ES";"UOP02-DEL04-ES"
321735;2020-11-16;"segunda-feira";"00:20:00";"RJ";101;490,1;"ANGRA DOS REIS";"Desobediência às normas de trânsito pelo condutor";"Colisão transversal";"Com Vítimas Feridas";"Plena Noite";"Decrescente";"Chuva";"Dupla";"Curva";"Não";3;0;2;0;1;0;2;2;-22,95640053;-44,31282898;"SPRF-RJ";"DEL03-RJ";"UOP03-DEL03-RJ"
321738;2020-11-16;"segunda-feira";"01:30:00";"RS";386;393;"TRIUNFO";"Condutor Dormindo";"Saída de leito carroçável";"Com Vítimas Feridas";"Plena Noite";"Crescente";"Céu Claro";"Dupla";"Reta";"Não";1;0;1;0;0;0;1;1;-29,71176;-51,64938;"SPRF-RS";"DEL04-RS";"UOP02-DEL04-RS"
321740;2020-10-14;"quarta-feira";"07:40:00";"SE";101;143,7;"ESTANCIA";"Falta de Atenção à Condução";"Colisão lateral";"Com Vítimas Feridas";"Pleno dia";"Crescente";"Céu Claro";"Dupla";"Reta";"Sim";2;0;1;0;0;1;1;2;-11,19424581;-37,40698243;"SPRF-SE";"DEL02-SE";"UOP01-DEL02-SE"
321741;2020-11-16;"segunda-feira";"03:30:00";"MS";262;554,9;"MIRANDA";"Animais na Pista";"Saída de leito carroçável";"Com Vítimas Feridas";"Plena Noite";"Crescente";"Nublado";"Simples";"Reta";"Não";1;0;1;0;0;0;1;1;-20,25792613;-56,34666314;"SPRF-MS";"DEL03-MS";"UOP02-DEL03-MS"
321742;2020-11-16;"segunda-feira";"03:00:00";"SC";101;254,9;"PAULO LOPES";"Falta de Atenção à Condução";"Saída de leito carroçável";"Sem Vítimas";"Plena Noite";"Decrescente";"Céu Claro";"Dupla";"Reta";"Não";1;0;0;0;1;0;0;1;-27,97742358;-48,67947578;"SPRF-SC";"DEL02-SC";"UOP03-DEL02-SC"
321743;2020-11-16;"segunda-feira";"04:44:00";"CE";116;372;"ICO";"Condutor Dormindo";"Saída de leito carroçável";"Com Vítimas Feridas";"Amanhecer";"Crescente";"Céu Claro";"Simples";"Reta";"Sim";1;0;1;0;0;0;1;1;-6,37861604;-38,80975697;"SPRF-CE";"DEL05-CE";"UOP01-DEL05-CE"
321744;2020-11-15;"domingo";"20:00:00";"BA";324;592;"CANDEIAS";"Velocidade Incompatível";"Saída de leito carroçável";"Sem Vítimas";"Plena Noite";"Crescente";"Céu Claro";"Simples";"Curva";"Não";1;0;0;0;0;1;0;1;-12,71005099;-38,45927238;"SPRF-BA";"DEL01-BA";"UOP01-DEL01-BA"
321745;2020-11-16;"segunda-feira";"04:30:00";"SP";116;105;"TAUBATE";"Defeito Mecânico no Veículo";"Queda de ocupante de veículo";"Com Vítimas Feridas";"Amanhecer";"Crescente";"Céu Claro";"Dupla";"Aclive";"Sim";1;0;1;0;0;0;1;1;-23,00757973;-45,51466613;"SPRF-SP";"DEL06-SP";"UOP01-DEL06-SP"
321746;2020-11-16;"segunda-feira";"02:30:00";"SC";282;140,6;"BOM RETIRO";"Falta de Atenção à Condução";"Saída de leito carroçável";"Com Vítimas Feridas";"Plena Noite";"Crescente";"Nevoeiro/Neblina";"Simples";"Reta";"Não";5;0;2;3;0;0;5;1;-27,818821;-49,590221;"SPRF-SC";"DEL05-SC";"UOP01-DEL05-SC"
321749;2020-11-16;"segunda-feira";"05:00:00";"GO";70;3;"AGUAS LINDAS DE GOIAS";"Ingestão de Álcool";"Saída de leito carroçável";"Sem Vítimas";"Pleno dia";"Crescente";"Céu Claro";"Dupla";"Reta";"Sim";1;0;0;0;1;0;0;1;-15,76177302;-48,2368693;"SPRF-DF";"DEL03-DF";"UOP02-DEL03-DF"
321751;2020-11-16;"segunda-feira";"04:45:00";"SC";282;322,7;"CAMPOS NOVOS";"Velocidade Incompatível";"Capotamento";"Com Vítimas Feridas";"Plena Noite";"Crescente";"Nublado";"Simples";"Interseção de Vias";"Não";1;0;1;0;0;0;1;1;-27,37501187;-51,06675094;"SPRF-SC";"DEL07-SC";"UOP06-DEL07-SC"
321756;2020-11-15;"domingo";"22:10:00";"MG";262;489,9;"BOM DESPACHO";"Velocidade Incompatível";"Saída de leito carroçável";"Com Vítimas Feridas";"Pleno dia";"Crescente";"Céu Claro";"Simples";"Reta";"Não";1;0;1;0;0;0;1;1;-19,78355236;-45,33245703;"SPRF-MG";"DEL08-MG";"UOP03-DEL08-MG"
321757;2020-11-16;"segunda-feira";"04:00:00";"MT";163;692;"LUCAS DO RIO VERDE";"Ingestão de Álcool";"Saída de leito carroçável";"Sem Vítimas";"Plena Noite";"Crescente";"Céu Claro";"Simples";"Curva";"Não";1;0;0;0;1;0;0;1;-13,14258478;-55,96766551;"SPRF-MT";"DEL06-MT";"UOP01-DEL06-MT"
321758;2020-11-16;"segunda-feira";"02:00:00";"MG";354;754;"ITAMONTE";"Ingestão de Álcool";"Colisão com objeto estático";"Sem Vítimas";"Plena Noite";"Crescente";"Céu Claro";"Simples";"Ponte";"Não";1;0;0;0;1;0;0;1;-22,30074263;-44,86208652;"SPRF-MG";"DEL17-MG";"UOP01-DEL17-MG"
321760;2020-11-16;"segunda-feira";"05:40:00";"SC";470;118,3;"IBIRAMA";"Condutor Dormindo";"Saída de leito carroçável";"Sem Vítimas";"Amanhecer";"Decrescente";"Nublado";"Simples";"Curva";"Não";1;0;0;0;1;0;0;1;-27,082176;-49,511818;"SPRF-SC";"DEL04-SC";"UOP02-DEL04-SC"
321761;2020-11-16;"segunda-feira";"06:40:00";"RN";304;254;"SANTA MARIA";"Não guardar distância de segurança";"Colisão traseira";"Sem Vítimas";"Pleno dia";"Crescente";"Céu Claro";"Simples";"Reta";"Sim";2;0;0;0;2;0;0;2;-5,83683576;-35,71822196;"SPRF-RN";"DEL01-RN";"UOP02-DEL01-RN"
321762;2020-11-16;"segunda-feira";"06:45:00";"RS";285;455,2;"IJUI";"Desobediência às normas de trânsito pelo condutor";"Colisão transversal";"Com Vítimas Feridas";"Pleno dia";"Crescente";"Sol";"Simples";"Interseção de Vias";"Não";2;0;1;0;1;0;1;2;-28,38457621;-53,8874352;"SPRF-RS";"DEL10-RS";"UOP01-DEL10-RS"
321763;2020-11-16;"segunda-feira";"06:15:00";"RS";290;86;"PORTO ALEGRE";"Falta de Atenção à Condução";"Tombamento";"Com Vítimas Feridas";"Pleno dia";"Crescente";"Nublado";"Dupla";"Reta";"Sim";1;0;1;0;0;0;1;1;-29,968412;-51,117138;"SPRF-RS";"DEL01-RS";"UOP01-DEL01-RS"
321764;2020-11-16;"segunda-feira";"06:40:00";"ES";101;170,1;"ARACRUZ";"Defeito Mecânico no Veículo";"Queda de ocupante de veículo";"Com Vítimas Feridas";"Pleno dia";"Decrescente";"Céu Claro";"Simples";"Reta";"Não";2;0;1;1;0;0;2;1;-19,54971588;-40,16824317;"SPRF-ES";"DEL04-ES";"UOP01-DEL04-ES"
321766;2020-11-16;"segunda-feira";"07:00:00";"PE";101;68,2;"RECIFE";"Falta de Atenção à Condução";"Colisão lateral";"Com Vítimas Feridas";"Pleno dia";"Decrescente";"Céu Claro";"Dupla";"Aclive;Viaduto";"Sim";2;0;1;0;1;0;1;2;-8,053123;-34,946241;"SPRF-PE";"DEL01-PE";"UOP01-DEL01-PE"
321767;2020-11-16;"segunda-feira";"06:00:00";"SP";116;218,5;"GUARULHOS";"Falta de Atenção à Condução";"Colisão com objeto estático";"Sem Vítimas";"Pleno dia";"Decrescente";"Nublado";"Múltipla";"Reta";"Sim";1;0;0;0;0;1;0;1;-23,457972;-46,479927;"SPRF-SP";"DEL01-SP";"UOP01-DEL01-SP"
321770;2020-11-16;"segunda-feira";"07:35:00";"DF";40;2,8;"BRASILIA";"Falta de Atenção à Condução";"Tombamento";"Com Vítimas Feridas";"Pleno dia";"Decrescente";"Céu Claro";"Dupla";"Viaduto";"Não";2;0;1;0;1;0;1;2;-15,99435;-47,985947;"SPRF-DF";"DEL01-DF";"UOP01-DEL01-DF"
321771;2020-11-16;"segunda-feira";"07:20:00";"RN";406;171;"SAO GONCALO DO AMARANTE";"Desobediência às normas de trânsito pelo condutor";"Colisão traseira";"Com Vítimas Feridas";"Pleno dia";"Crescente";"Céu Claro";"Dupla";"Reta";"Não";2;0;0;1;1;0;1;2;-5,76167625;-35,29127425;"SPRF-RN";"DEL02-RN";"UOP01-DEL02-RN"
321772;2020-11-15;"domingo";"21:00:00";"GO";153;360,3;"JARAGUA";"Falta de Atenção à Condução";"Saída de leito carroçável";"Sem Vítimas";"Plena Noite";"Decrescente";"Nublado";"Simples";"Interseção de Vias";"Sim";1;0;0;0;0;1;0;1;-15,759041;-49,313061;"SPRF-GO";"DEL02-GO";"UOP02-DEL02-GO"
321774;2020-11-16;"segunda-feira";"04:00:00";"MS";267;645;"PORTO MURTINHO";"Animais na Pista";"Atropelamento de Animal";"Com Vítimas Feridas";"Plena Noite";"Crescente";"Céu Claro";"Simples";"Reta";"Não";4;0;1;0;3;0;1;2;-21,74685309;-57,526559;"SPRF-MS";"DEL05-MS";"UOP01-DEL05-MS"
321776;2020-11-16;"segunda-feira";"08:00:00";"PB";230;22;"JOAO PESSOA";"Falta de Atenção à Condução";"Colisão traseira";"Com Vítimas Feridas";"Pleno dia";"Decrescente";"Céu Claro";"Dupla";"Reta";"Sim";4;0;2;0;2;0;2;3;-7,1495;-34,8517;"SPRF-PB";"DEL01-PB";"UOP01-DEL01-PB"
321778;2020-11-16;"segunda-feira";"08:50:00";"GO";153;209;"URUACU";"Falta de Atenção à Condução";"Tombamento";"Com Vítimas Feridas";"Pleno dia";"Decrescente";"Céu Claro";"Simples";"Reta;Declive";"Não";1;0;1;0;0;0;1;1;-14,596173;-49,163906;"SPRF-GO";"DEL07-GO";"UOP02-DEL07-GO"
321780;2020-11-16;"segunda-feira";"07:00:00";"RJ";101;317;"SAO GONCALO";"Falta de Atenção à Condução";"Colisão traseira";"Com Vítimas Feridas";"Pleno dia";"Crescente";"Sol";"Dupla";"Reta";"Não";3;0;3;0;0;0;3;2;-22,83707798;-43,09492006;"SPRF-RJ";"DEL02-RJ";"UOP02-DEL02-RJ"
321781;2020-11-16;"segunda-feira";"08:10:00";"CE";222;4,9;"CAUCAIA";"Não guardar distância de segurança";"Colisão traseira";"Com Vítimas Feridas";"Pleno dia";"Crescente";"Céu Claro";"Simples";"Reta";"Sim";2;0;1;0;1;0;1;2;-3,74164754;-38,60449792;"SPRF-CE";"DEL01-CE";"UOP01-DEL01-CE"
321782;2020-11-16;"segunda-feira";"07:59:00";"PA";10;64;"CASTANHAL";"Desobediência às normas de trânsito pelo condutor";"Colisão transversal";"Com Vítimas Feridas";"Pleno dia";"Decrescente";"Céu Claro";"Dupla";"Reta";"Sim";2;0;0;1;1;0;1;2;-1,295975;-47,915425;"SPRF-PA";"DEL02-PA";"UOP02-DEL02-PA"
321784;2020-11-16;"segunda-feira";"08:35:00";"MG";381;479;"CONTAGEM";"Falta de Atenção à Condução";"Danos eventuais";"Com Vítimas Feridas";"Pleno dia";"Decrescente";"Céu Claro";"Dupla";"Reta";"Sim";1;0;1;0;0;0;1;1;-19,95889605;-44,069202;"SPRF-MG";"DEL01-MG";"UOP03-DEL01-MG"
321785;2020-11-16;"segunda-feira";"08:20:00";"PB";230;328;"QUIXABA";"Condutor Dormindo";"Colisão com objeto estático";"Com Vítimas Feridas";"Pleno dia";"Decrescente";"Céu Claro";"Simples";"Reta";"Não";3;0;3;0;0;0;3;1;-7,0062;-37,2108;"SPRF-PB";"DEL03-PB";"UOP01-DEL03-PB"
321787;2020-11-16;"segunda-feira";"07:35:00";"PR";277;592,7;"CASCAVEL";"Falta de Atenção à Condução";"Colisão com objeto estático";"Com Vítimas Feridas";"Pleno dia";"Crescente";"Céu Claro";"Múltipla";"Aclive";"Sim";1;0;1;0;0;0;1;1;-24,98285697;-53,47319399;"SPRF-PR";"DEL04-PR";"UOP01-DEL04-PR"
321789;2020-11-16;"segunda-feira";"09:00:00";"SC";101;282,4;"IMBITUBA";"Desobediência às normas de trânsito pelo condutor";"Colisão lateral";"Com Vítimas Feridas";"Pleno dia";"Crescente";"Nublado";"Múltipla";"Interseção de Vias";"Sim";3;0;2;0;1;0;2;2;-28,214847;-48,7002;"SPRF-SC";"DEL02-SC";"UOP03-DEL02-SC"
321790;2020-11-16;"segunda-feira";"07:50:00";"SC";282;540;"CHAPECO";"Pista Escorregadia";"Tombamento";"Com Vítimas Feridas";"Pleno dia";"Crescente";"Céu Claro";"Simples";"Reta";"Não";1;0;0;1;0;0;1;1;-26,994461;-52,690178;"SPRF-SC";"DEL07-SC";"UOP01-DEL07-SC"
321791;2020-11-16;"segunda-feira";"07:20:00";"SP";116;446,2;"REGISTRO";"Falta de Atenção à Condução";"Queda de ocupante de veículo";"Com Vítimas Feridas";"Pleno dia";"Crescente";"Céu Claro";"Dupla";"Reta";"Sim";2;0;2;0;0;0;2;1;-24,50467087;-47,84772743;"SPRF-SP";"DEL05-SP";"UOP01-DEL05-SP"
321792;2020-11-16;"segunda-feira";"09:30:00";"PE";101;46;"IGARASSU";"Defeito Mecânico no Veículo";"Incêndio";"Sem Vítimas";"Pleno dia";"Decrescente";"Céu Claro";"Múltipla";"Reta";"Sim";1;0;0;0;1;0;0;1;-7,87406004;-34,90588126;"SPRF-PE";"DEL01-PE";"UOP02-DEL01-PE"
321793;2020-11-01;"domingo";"10:00:00";"PA";316;24,8;"BENEVIDES";"Falta de Atenção à Condução";"Saída de leito carroçável";"Com Vítimas Feridas";"Pleno dia";"Crescente";"Nublado";"Dupla";"Reta";"Não";1;0;1;0;0;0;1;1;-1,34599732;-48,25152822;"SPRF-PA";"DEL01-PA";"UOP01-DEL01-PA"
321797;2020-11-16;"segunda-feira";"10:15:00";"SC";470;56,7;"BLUMENAU";"Falta de Atenção à Condução";"Colisão frontal";"Com Vítimas Feridas";"Pleno dia";"Crescente";"Céu Claro";"Simples";"Curva";"Não";2;0;1;0;1;0;1;2;-26,87674;-49,127743;"SPRF-SC";"DEL04-SC";"UOP01-DEL04-SC"
321798;2020-11-16;"segunda-feira";"11:15:00";"RJ";116;113;"MAGE";"Defeito Mecânico no Veículo";"Incêndio";"Sem Vítimas";"Pleno dia";"Decrescente";"Céu Claro";"Dupla";"Reta";"Não";1;0;0;0;1;0;0;1;-22,57214;-43,007291;"SPRF-RJ";"DEL04-RJ";"UOP02-DEL04-RJ"
321799;2020-11-16;"segunda-feira";"11:00:00";"SP";116;1;"GUARULHOS";"Falta de Atenção à Condução";"Saída de leito carroçável";"Com Vítimas Feridas";"Pleno dia";"Crescente";"Sol";"Dupla";"Reta";"Sim";1;0;1;0;0;0;1;1;-23,463257;-46,53373;"SPRF-SP";"DEL04-SP";"UOP02-DEL04-SP"
321804;2020-11-16;"segunda-feira";"10:50:00";"MG";153;106;"PRATA";"Desobediência às normas de trânsito pelo condutor";"Colisão frontal";"Com Vítimas Fatais";"Pleno dia";"Crescente";"Céu Claro";"Simples";"Reta";"Sim";4;1;2;1;0;0;3;2;-19,28004595;-48,9151339;"SPRF-MG";"DEL15-MG";"UOP03-DEL15-MG"
321805;2020-11-16;"segunda-feira";"10:25:00";"RJ";101;520;"ANGRA DOS REIS";"Velocidade Incompatível";"Colisão frontal";"Com Vítimas Feridas";"Pleno dia";"Crescente";"Nublado";"Simples";"Curva";"Não";3;0;1;0;2;0;1;2;-23,00519997;-44,45275661;"SPRF-RJ";"DEL03-RJ";"UOP02-DEL03-RJ"
321806;2020-11-16;"segunda-feira";"11:55:00";"RS";386;35;"FREDERICO WESTPHALEN";"Desobediência às normas de trânsito pelo condutor";"Colisão transversal";"Com Vítimas Feridas";"Pleno dia";"Decrescente";"Céu Claro";"Simples";"Reta";"Sim";2;0;1;0;1;0;1;2;-27,365112;-53,394897;"SPRF-RS";"DEL08-RS";"UOP02-DEL08-RS"
321808;2020-11-16;"segunda-feira";"10:45:00";"SP";381;69;"SAO PAULO";"Pista Escorregadia";"Capotamento";"Com Vítimas Feridas";"Pleno dia";"Decrescente";"Chuva";"Dupla";"Curva;Declive";"Não";1;0;1;0;0;0;1;1;-23,34553108;-46,56787903;"SPRF-SP";"DEL03-SP";"UOP01-DEL03-SP"
321809;2020-11-16;"segunda-feira";"08:50:00";"SC";101;122;"ITAJAI";"Carga excessiva e/ou mal acondicionada";"Tombamento";"Com Vítimas Feridas";"Pleno dia";"Crescente";"Céu Claro";"Múltipla";"Reta";"Não";1;0;1;0;0;0;1;1;-26,92955916;-48,70499836;"SPRF-SC";"DEL04-SC";"UOP04-DEL04-SC"
321813;2020-11-16;"segunda-feira";"12:45:00";"MG";381;686;"LAVRAS";"Velocidade Incompatível";"Capotamento";"Sem Vítimas";"Pleno dia";"Decrescente";"Chuva";"Dupla";"Curva";"Não";1;0;0;0;1;0;0;1;-21,20030689;-45,11944438;"SPRF-MG";"DEL04-MG";"UOP02-DEL04-MG"
321814;2020-11-16;"segunda-feira";"11:50:00";"PR";476;124;"CURITIBA";"Falta de Atenção à Condução";"Colisão lateral";"Com Vítimas Feridas";"Pleno dia";"Crescente";"Céu Claro";"Dupla";"Reta";"Sim";2;0;1;0;1;0;1;2;-25,399845;-49,215855;"SPRF-PR";"DEL01-PR";"UOP03-DEL01-PR"
321816;2020-11-16;"segunda-feira";"12:45:00";"MG";40;510;"RIBEIRAO DAS NEVES";"Avarias e/ou desgaste excessivo no pneu";"Saída de leito carroçável";"Com Vítimas Feridas";"Pleno dia";"Decrescente";"Céu Claro";"Dupla";"Reta";"Sim";2;0;0;1;1;0;1;1;-19,77463885;-44,12321882;"SPRF-MG";"DEL01-MG";"UOP02-DEL01-MG"
321817;2020-11-16;"segunda-feira";"13:07:00";"RS";472;577;"URUGUAIANA";"Desobediência às normas de trânsito pelo condutor";"Colisão transversal";"Com Vítimas Feridas";"Pleno dia";"Crescente";"Céu Claro";"Simples";"Rotatória";"Sim";3;0;1;0;2;0;1;2;-29,78015308;-57,06395388;"SPRF-RS";"DEL13-RS";"UOP01-DEL13-RS"
321818;2020-11-16;"segunda-feira";"11:30:00";"MG";381;548,2;"RIO MANSO";"Velocidade Incompatível";"Colisão com objeto estático";"Com Vítimas Feridas";"Pleno dia";"Crescente";"Nublado";"Dupla";"Curva";"Não";1;0;1;0;0;0;1;1;-20,3102109;-44,44993116;"SPRF-MG";"DEL04-MG";"UOP03-DEL04-MG"
321820;2020-11-16;"segunda-feira";"12:40:00";"PE";101;99;"CABO DE SANTO AGOSTINHO";"Falta de Atenção à Condução";"Colisão transversal";"Com Vítimas Feridas";"Pleno dia";"Crescente";"Céu Claro";"Dupla";"Reta";"Não";2;0;1;0;1;0;1;2;-8,26025316;-35,04629883;"SPRF-PE";"DEL01-PE";"UOP03-DEL01-PE"
321826;2020-11-17;"terça-feira";"01:00:00";"MG";40;775,1;"JUIZ DE FORA";"Animais na Pista";"Atropelamento de Animal";"Sem Vítimas";"Plena Noite";"Decrescente";"Nublado";"Dupla";"Reta";"Sim";3;0;0;0;3;0;0;1;-21,64107725;-43,4377144;"SPRF-MG";"DEL05-MG";"UOP01-DEL05-MG"
321827;2020-11-13;"sexta-feira";"18:40:00";"BA";235;347,3;"JUAZEIRO";"Desobediência às normas de trânsito pelo condutor";"Colisão frontal";"Com Vítimas Fatais";"Plena Noite";"Crescente";"Céu Claro";"Simples";"Reta";"Não";2;1;0;0;0;1;0;2;-9,44825774;-40,48922661;"SPRF-PE";"DEL06-PE";"UOP01-DEL06-PE"
321833;2020-11-16;"segunda-feira";"12:00:00";"PR";369;133,6;"IBIPORA";"Falta de Atenção à Condução";"Saída de leito carroçável";"Com Vítimas Fatais";"Pleno dia";"Decrescente";"Sol";"Simples";"Reta;Declive";"Não";1;1;0;0;0;0;0;1;-23,26159331;-51,01880193;"SPRF-PR";"DEL07-PR";"UOP01-DEL07-PR"
321834;2020-11-16;"segunda-feira";"14:15:00";"SC";101;235,2;"PALHOCA";"Velocidade Incompatível";"Colisão traseira";"Com Vítimas Feridas";"Pleno dia";"Decrescente";"Chuva";"Dupla";"Curva";"Não";4;0;2;0;2;0;2;2;-27,8177775;-48,6315025;"SPRF-SC";"DEL01-SC";"UOP02-DEL01-SC"
321835;2020-11-16;"segunda-feira";"13:30:00";"MG";116;301,1;"ITAMBACURI";"Desobediência às normas de trânsito pelo condutor";"Colisão transversal";"Com Vítimas Feridas";"Pleno dia";"Crescente";"Chuva";"Dupla";"Interseção de Vias";"Não";2;0;1;0;1;0;1;2;-18,01629216;-41,62522898;"SPRF-MG";"DEL11-MG";"UOP01-DEL11-MG"
321836;2020-11-16;"segunda-feira";"14:40:00";"RN";406;150;"CEARA-MIRIM";"Defeito Mecânico no Veículo";"Queda de ocupante de veículo";"Com Vítimas Feridas";"Pleno dia";"Decrescente";"Céu Claro";"Simples";"Reta";"Não";2;0;2;0;0;0;2;1;-5,66089497;-35,4133632;"SPRF-RN";"DEL02-RN";"UOP01-DEL02-RN"
321838;2020-11-16;"segunda-feira";"13:30:00";"MG";40;637,7;"CONSELHEIRO LAFAIETE";"Falta de Atenção à Condução";"Tombamento";"Com Vítimas Feridas";"Pleno dia";"Crescente";"Nublado";"Simples";"Reta";"Não";1;0;1;0;0;0;1;1;-20,7152208;-43,79625842;"SPRF-MG";"DEL05-MG";"UOP02-DEL05-MG"
321839;2020-11-16;"segunda-feira";"12:50:00";"MG";381;637;"SANTO ANTONIO DO AMPARO";"Velocidade Incompatível";"Saída de leito carroçável";"Com Vítimas Feridas";"Pleno dia";"Decrescente";"Chuva";"Dupla";"Curva";"Não";2;0;2;0;0;0;2;1;-20,89963404;-44,85537595;"SPRF-MG";"DEL04-MG";"UOP01-DEL04-MG"
321840;2020-11-16;"segunda-feira";"15:20:00";"SC";282;16;"PALHOCA";"Desobediência às normas de trânsito pelo condutor";"Colisão transversal";"Com Vítimas Feridas";"Pleno dia";"Crescente";"Céu Claro";"Simples";"Reta";"Não";2;0;1;0;1;0;1;2;-27,658611;-48,681847;"SPRF-SC";"DEL01-SC";"UOP02-DEL01-SC"
321841;2020-11-16;"segunda-feira";"15:30:00";"PE";316;59;"TRINDADE";"Ingestão de Álcool";"Atropelamento de Pedestre";"Com Vítimas Fatais";"Pleno dia";"Crescente";"Céu Claro";"Simples";"Reta";"Não";2;1;0;0;0;1;0;2;-7,76160912;-40,26138334;"SPRF-PE";"DEL05-PE";"UOP02-DEL05-PE"
321842;2020-11-16;"segunda-feira";"14:45:00";"PR";277;107,3;"CAMPO LARGO";"Animais na Pista";"Saída de leito carroçável";"Com Vítimas Feridas";"Pleno dia";"Decrescente";"Sol";"Dupla";"Declive";"Não";6;0;3;0;3;0;3;4;-25,47157895;-49,35341791;"SPRF-PR";"DEL01-PR";"UOP03-DEL03-PR"
321843;2020-11-16;"segunda-feira";"14:10:00";"MA";10;257,4;"IMPERATRIZ";"Falta de Atenção à Condução";"Colisão transversal";"Com Vítimas Feridas";"Pleno dia";"Decrescente";"Nublado";"Simples";"Reta;Interseção de Vias";"Sim";2;0;2;0;0;0;2;2;-5,490634;-47,471973;"SPRF-MA";"DEL04-MA";"UOP01-DEL04-MA"
321844;2020-11-16;"segunda-feira";"15:20:00";"RJ";101;56;"CAMPOS DOS GOYTACAZES";"Falta de Atenção à Condução";"Colisão lateral";"Com Vítimas Feridas";"Pleno dia";"Decrescente";"Céu Claro";"Simples";"Reta";"Sim";3;0;2;0;0;1;2;2;-21,68714199;-41,31063697;"SPRF-RJ";"DEL08-RJ";"UOP01-DEL08-RJ"
321846;2020-11-16;"segunda-feira";"14:45:00";"RS";290;13,4;"SANTO ANTONIO DA PATRULHA";"Pista Escorregadia";"Saída de leito carroçável";"Com Vítimas Feridas";"Pleno dia";"Crescente";"Chuva";"Dupla";"Reta";"Não";4;0;2;0;2;0;2;1;-29,875334;-50,396614;"SPRF-RS";"DEL03-RS";"UOP01-DEL03-RS"
321849;2020-10-31;"sábado";"09:00:00";"ES";101;217;"IBIRACU";"Defeito Mecânico no Veículo";"Capotamento";"Com Vítimas Feridas";"Pleno dia";"Decrescente";"Chuva";"Simples";"Curva";"Não";5;0;2;2;1;0;4;1;-19,847186;-40,384266;"SPRF-ES";"DEL02-ES";"UOP01-DEL02-ES"