"id";"data_inversa";"dia_semana";"horario";"uf";"br";"km";"municipio";"causa_acidente";"tipo_acidente";"classificacao_acidente";"fase_dia";"sentido_via";"condicao_metereologica";"tipo_pista";"tracado_via";"uso_solo";"pessoas";"mortos";"feridos_leves";"feridos_graves";"ilesos";"ignorados";"feridos";"veiculos";"latitude";"longitude";"regional";"delegacia";"uop"
321851;2020-11-16;"segunda-feira";"15:10:00";"SC";280;67;"JARAGUA DO SUL";"Desobediência às normas de trânsito pelo condutor";"Colisão traseira";"Com Vítimas Feridas";"Pleno dia";"Crescente";"Céu Claro";"Simples";"Reta";"Não";2;0;1;0;1;0;1;2;-26,4775146;-49,10363575;"SPRF-SC";"DEL03-SC";"UOP03-DEL03-SC"
321854;2020-11-16;"segunda-feira";"15:30:00";"CE";222;90;"UMIRIM";"Desobediência às normas de trânsito pelo condutor";"Colisão transversal";"Com Vítimas Feridas";"Pleno dia";"Crescente";"Sol";"Simples";"Curva";"Não";2;0;1;0;1;0;1;2;-3,67800158;-39,34754409;"SPRF-CE";"DEL04-CE";"UOP03-DEL04-CE"
321855;2020-11-16;"segunda-feira";"15:00:00";"RS";158;560;"SANTANA DO LIVRAMENTO";"Falta de Atenção à Condução";"Saída de leito carroçável";"Com Vítimas Feridas";"Pleno dia";"Crescente";"Céu Claro";"Simples";"Curva";"Não";1;0;0;1;0;0;1;1;-30,84635253;-55,46675601;"SPRF-RS";"DEL11-RS";"UOP01-DEL11-RS"
321856;2020-11-16;"segunda-feira";"16:10:00";"SP";381;25,2;"BRAGANCA PAULISTA";"Falta de Atenção à Condução";"Saída de leito carroçável";"Com Vítimas Feridas";"Pleno dia";"Crescente";"Céu Claro";"Dupla";"Reta";"Não";2;0;1;0;1;0;1;1;-23,02018004;-46,52966596;"SPRF-SP";"DEL03-SP";"UOP01-DEL03-SP"
321857;2020-11-16;"segunda-feira";"15:50:00";"PR";277;11,8;"PARANAGUA";"Falta de Atenção à Condução";"Colisão lateral";"Sem Vítimas";"Pleno dia";"Decrescente";"Céu Claro";"Dupla";"Reta";"Não";2;0;0;0;2;0;0;1;-25,56387695;-48,63366902;"SPRF-PR";"DEL01-PR";"UOP05-DEL01-PR"
321859;2020-11-16;"segunda-feira";"14:35:00";"RS";470;194,1;"BENTO GONCALVES";"Pista Escorregadia";"Colisão frontal";"Sem Vítimas";"Pleno dia";"Crescente";"Chuva";"Simples";"Curva";"Não";2;0;0;0;2;0;0;2;-29,05030203;-51,57387285;"SPRF-RS";"DEL06-RS";"UOP02-DEL06-RS"
321860;2020-11-16;"segunda-feira";"16:15:00";"CE";20;349;"CARIDADE";"Desobediência às normas de trânsito pelo condutor";"Colisão transversal";"Com Vítimas Feridas";"Pleno dia";"Crescente";"Céu Claro";"Simples";"Declive";"Sim";3;0;2;0;0;1;2;2;-4,09824225;-39,05738354;"SPRF-CE";"DEL02-CE";"UOP01-DEL02-CE"
321861;2020-11-16;"segunda-feira";"15:40:00";"SC";101;144;"ITAPEMA";"Não guardar distância de segurança";"Colisão lateral";"Com Vítimas Feridas";"Pleno dia";"Decrescente";"Nublado";"Dupla";"Reta";"Sim";2;0;1;0;1;0;1;2;-27,0732659;-48,59672716;"SPRF-SC";"DEL04-SC";"UOP03-DEL04-SC"
321862;2020-11-16;"segunda-feira";"16:00:00";"MG";50;10;"UBERLANDIA";"Avarias e/ou desgaste excessivo no pneu";"Saída de leito carroçável";"Com Vítimas Feridas";"Pleno dia";"Crescente";"Chuva";"Dupla";"Declive;Curva";"Não";1;0;1;0;0;0;1;1;-18,9113;-48,2622;"SPRF-MG";"DEL15-MG";"UOP01-DEL15-MG"
321864;2020-11-16;"segunda-feira";"14:00:00";"PE";101;92;"CABO DE SANTO AGOSTINHO";"Defeito Mecânico no Veículo";"Capotamento";"Com Vítimas Feridas";"Pleno dia";"Crescente";"Céu Claro";"Dupla";"Reta";"Sim";2;0;0;2;0;0;2;1;-8,23201792;-34,99778611;"SPRF-PE";"DEL01-PE";"UOP03-DEL01-PE"
321865;2020-11-16;"segunda-feira";"16:00:00";"AP";156;205;"MAZAGAO";"Pista Escorregadia";"Saída de leito carroçável";"Sem Vítimas";"Pleno dia";"Decrescente";"Céu Claro";"Simples";"Declive";"Não";1;0;0;0;1;0;0;1;0,11599423;-51,62000483;"SPRF-AP";"DEL01-AP";"UOP01-DEL01-AP"
321867;2020-11-16;"segunda-feira";"17:20:00";"MT";158;667,7;"NOVA XAVANTINA";"Velocidade Incompatível";"Capotamento";"Com Vítimas Feridas";"Pleno dia";"Decrescente";"Nublado";"Simples";"Curva";"Não";3;0;3;0;0;0;3;1;-14,78128582;-52,32029658;"SPRF-MT";"DEL07-MT";"UOP01-DEL07-MT"
321868;2020-11-16;"segunda-feira";"17:25:00";"RS";158;301;"ITAARA";"Ingestão de Álcool";"Colisão transversal";"Com Vítimas Feridas";"Pleno dia";"Crescente";"Garoa/Chuvisco";"Simples";"Reta";"Não";4;0;1;2;1;0;3;2;-29,53984939;-53,74689767;"SPRF-RS";"DEL09-RS";"UOP01-DEL09-RS"
321869;2020-11-16;"segunda-feira";"17:15:00";"RJ";116;168;"SAO JOAO DE MERITI";"Falta de Atenção à Condução";"Queda de ocupante de veículo";"Com Vítimas Feridas";"Pleno dia";"Crescente";"Nublado";"Múltipla";"Reta";"Sim";2;0;1;0;1;0;1;2;-22,819969;-43,31499997;"SPRF-RJ";"DEL01-RJ";"UOP01-DEL01-RJ"
321870;2020-11-16;"segunda-feira";"13:50:00";"CE";116;167,5;"RUSSAS";"Desobediência às normas de trânsito pelo condutor";"Colisão transversal";"Com Vítimas Fatais";"Pleno dia";"Crescente";"Céu Claro";"Simples";"Reta";"Sim";3;1;2;0;0;0;2;2;-4,976073;-38,014575;"SPRF-CE";"DEL03-CE";"UOP01-DEL03-CE"
321871;2020-11-14;"sábado";"10:10:00";"SC";470;12,2;"NAVEGANTES";"Falta de Atenção à Condução";"Colisão transversal";"Com Vítimas Feridas";"Pleno dia";"Crescente";"Céu Claro";"Simples";"Em Obras;Reta";"Não";3;0;3;0;0;0;3;2;-26,833693;-48,73724;"SPRF-SC";"DEL04-SC";"UOP04-DEL04-SC"
321872;2020-11-16;"segunda-feira";"17:00:00";"BA";116;825;"VITORIA DA CONQUISTA";"Falta de Atenção à Condução";"Colisão lateral";"Com Vítimas Feridas";"Pleno dia";"Crescente";"Céu Claro";"Dupla";"Interseção de Vias";"Sim";2;0;1;0;1;0;1;2;-14,8166973;-40,80546484;"SPRF-BA";"DEL08-BA";"UOP01-DEL08-BA"
321874;2020-11-16;"segunda-feira";"17:50:00";"PE";101;45,3;"IGARASSU";"Falta de Atenção à Condução";"Colisão traseira";"Com Vítimas Feridas";"Plena Noite";"Decrescente";"Nublado";"Dupla";"Reta";"Sim";5;0;2;0;2;1;2;4;-7,86521297;-34,90715176;"SPRF-PE";"DEL01-PE";"UOP02-DEL01-PE"
321875;2020-11-16;"segunda-feira";"17:55:00";"PI";343;7,9;"PARNAIBA";"Sinalização da via insuficiente ou inadequada";"Saída de leito carroçável";"Com Vítimas Feridas";"Anoitecer";"Crescente";"Céu Claro";"Simples";"Reta";"Não";1;0;1;0;0;0;1;1;-2,898051;-41,714767;"SPRF-PI";"DEL05-PI";"UOP01-DEL05-PI"
321876;2020-11-16;"segunda-feira";"17:30:00";"DF";60;16;"BRASILIA";"Não guardar distância de segurança";"Colisão lateral";"Com Vítimas Feridas";"Pleno dia";"Decrescente";"Céu Claro";"Dupla";"Reta";"Não";7;0;4;0;3;0;4;2;-15,952254;-48,174343;"SPRF-DF";"DEL03-DF";"UOP01-DEL03-DF"
321877;2020-11-16;"segunda-feira";"18:00:00";"SP";116;230,5;"SAO PAULO";"Desobediência às normas de trânsito pelo pedestre";"Atropelamento de Pedestre";"Com Vítimas Fatais";"Anoitecer";"Crescente";"Nublado";"Múltipla";"Reta";"Sim";2;1;0;0;1;0;0;2;-23,52251783;-46,5855702;"SPRF-SP";"DEL01-SP";"UOP01-DEL01-SP"
321878;2020-11-16;"segunda-feira";"17:45:00";"RS";116;261;"CANOAS";"Desobediência às normas de trânsito pelo condutor";"Colisão traseira";"Com Vítimas Feridas";"Anoitecer";"Decrescente";"Chuva";"Simples";"Reta";"Sim";2;0;1;0;1;0;1;2;-29,887983;-51,17901;"SPRF-RS";"DEL01-RS";"UOP01-DEL01-RS"
321879;2020-11-16;"segunda-feira";"16:40:00";"RJ";101;466;"ANGRA DOS REIS";"Falta de Atenção à Condução";"Saída de leito carroçável";"Sem Vítimas";"Anoitecer";"Crescente";"Céu Claro";"Simples";"Reta";"Sim";1;0;0;0;1;0;0;1;-23,01496831;-44,21104431;"SPRF-RJ";"DEL03-RJ";"UOP03-DEL03-RJ"
321880;2020-11-16;"segunda-feira";"05:00:00";"AC";317;340;"BRASILEIA";"Condutor Dormindo";"Saída de leito carroçável";"Sem Vítimas";"Amanhecer";"Crescente";"Sol";"Simples";"Curva";"Não";1;0;0;0;1;0;0;1;-10,89032788;-69,04106677;"SPRF-AC";"DEL01-AC";"UOP02-DEL01-AC"
321881;2020-11-16;"segunda-feira";"17:45:00";"MG";116;712,3;"MURIAE";"Velocidade Incompatível";"Colisão lateral";"Com Vítimas Feridas";"Pleno dia";"Decrescente";"Chuva";"Simples";"Declive;Curva";"Não";7;0;3;0;3;1;3;3;-21,17954757;-42,37338874;"SPRF-MG";"DEL07-MG";"UOP02-DEL07-MG"
321882;2020-11-16;"segunda-feira";"16:07:00";"SP";488;0,3;"APARECIDA";"Não guardar distância de segurança";"Colisão traseira";"Com Vítimas Feridas";"Pleno dia";"Decrescente";"Céu Claro";"Dupla";"Reta";"Sim";2;0;1;0;1;0;1;2;-22,85856;-45,233116;"SPRF-SP";"DEL08-SP";"UOP01-DEL08-SP"
321883;2020-11-16;"segunda-feira";"18:25:00";"SC";282;5;"SAO JOSE";"Falta de Atenção à Condução";"Colisão lateral";"Com Vítimas Feridas";"Anoitecer";"Decrescente";"Chuva";"Múltipla";"Interseção de Vias";"Sim";2;0;1;0;1;0;1;2;-27,588425;-48,612919;"SPRF-SC";"DEL01-SC";"UOP01-DEL01-SC"
321884;2020-11-16;"segunda-feira";"18:10:00";"SP";116;310;"SAO LOURENCO DA SERRA";"Defeito Mecânico no Veículo";"Tombamento";"Com Vítimas Feridas";"Anoitecer";"Crescente";"Céu Claro";"Dupla";"Reta";"Não";1;0;1;0;0;0;1;1;-23,8717102;-46,96137189;"SPRF-SP";"DEL04-SP";"UOP01-DEL04-SP"
321887;2020-11-16;"segunda-feira";"18:06:00";"RS";116;38;"VACARIA";"Falta de Atenção à Condução";"Atropelamento de Pedestre";"Com Vítimas Feridas";"Anoitecer";"Crescente";"Céu Claro";"Simples";"Reta";"Sim";3;0;2;0;0;1;2;2;-28,50548;-50,92516;"SPRF-RS";"DEL05-RS";"UOP03-DEL05-RS"
321889;2020-11-16;"segunda-feira";"18:40:00";"ES";101;266,4;"SERRA";"Falta de Atenção do Pedestre";"Colisão traseira";"Com Vítimas Feridas";"Plena Noite";"Crescente";"Céu Claro";"Múltipla";"Reta";"Sim";4;0;0;1;3;0;1;4;-20,19740129;-40,26900357;"SPRF-ES";"DEL02-ES";"UOP01-DEL02-ES"
321892;2020-11-01;"domingo";"00:30:00";"PA";230;119;"MARABA";"Velocidade Incompatível";"Colisão com objeto estático";"Sem Vítimas";"Plena Noite";"Crescente";"Céu Claro";"Dupla";"Curva";"Sim";1;0;0;0;0;1;0;1;-5,35138494;-49,12081718;"SPRF-PA";"DEL03-PA";"UOP01-DEL03-PA"
321894;2020-11-16;"segunda-feira";"18:40:00";"CE";116;64,2;"CHOROZINHO";"Desobediência às normas de trânsito pelo condutor";"Colisão transversal";"Com Vítimas Feridas";"Plena Noite";"Decrescente";"Céu Claro";"Simples";"Curva";"Não";3;0;2;0;0;1;2;2;-4,28125187;-38,49423541;"SPRF-CE";"DEL03-CE";"UOP02-DEL03-CE"
321895;2020-11-16;"segunda-feira";"19:00:00";"DF";70;10;"BRASILIA";"Falta de Atenção à Condução";"Colisão lateral";"Com Vítimas Feridas";"Plena Noite";"Crescente";"Chuva";"Dupla";"Reta";"Sim";5;0;1;0;4;0;1;2;-15,787066;-48,140709;"SPRF-DF";"DEL03-DF";"UOP02-DEL03-DF"
321897;2020-11-16;"segunda-feira";"09:00:00";"MG";365;749;"ITUIUTABA";"Falta de Atenção à Condução";"Colisão lateral";"Com Vítimas Feridas";"Pleno dia";"Crescente";"Céu Claro";"Simples";"Reta";"Não";2;0;1;0;1;0;1;2;-18,93793339;-49,43876589;"SPRF-MG";"DEL15-MG";"UOP03-DEL15-MG"
321898;2020-11-16;"segunda-feira";"19:30:00";"BA";324;613;"SALVADOR";"Não guardar distância de segurança";"Colisão traseira";"Com Vítimas Feridas";"Plena Noite";"Crescente";"Céu Claro";"Dupla";"Reta";"Sim";4;0;1;0;3;0;1;2;-12,85531601;-38,42055197;"SPRF-BA";"DEL01-BA";"UOP01-DEL01-BA"
321899;2020-11-16;"segunda-feira";"20:10:00";"SP";101;50,9;"UBATUBA";"Velocidade Incompatível";"Colisão traseira";"Com Vítimas Feridas";"Plena Noite";"Crescente";"Céu Claro";"Simples";"Reta";"Sim";4;0;2;1;0;1;3;3;-23,45018939;-45,07743735;"SPRF-SP";"DEL06-SP";"UOP01-DEL06-SP"
321900;2020-11-16;"segunda-feira";"19:15:00";"RN";405;123;"TABOLEIRO GRANDE";"Falta de Atenção à Condução";"Saída de leito carroçável";"Sem Vítimas";"Plena Noite";"Decrescente";"Céu Claro";"Simples";"Reta";"Não";1;0;0;0;1;0;0;1;-5,91358845;-38,08638977;"SPRF-RN";"DEL04-RN";"UOP02-DEL04-RN"
321901;2020-11-16;"segunda-feira";"16:15:00";"PE";232;352,4;"FLORES";"Falta de Atenção à Condução";"Saída de leito carroçável";"Com Vítimas Feridas";"Pleno dia";"Crescente";"Céu Claro";"Simples";"Reta";"Não";1;0;0;1;0;0;1;1;-8,06560111;-37,80504513;"SPRF-PE";"DEL03-PE";"UOP02-DEL03-PE"
321903;2020-11-16;"segunda-feira";"17:00:00";"RO";174;15;"VILHENA";"Sinalização da via insuficiente ou inadequada";"Queda de ocupante de veículo";"Com Vítimas Feridas";"Pleno dia";"Crescente";"Céu Claro";"Simples";"Reta";"Sim";1;0;0;1;0;0;1;1;-12,723321;-60,12801;"SPRF-RO";"DEL04-RO";"UOP01-DEL04-RO"
321904;2020-11-16;"segunda-feira";"18:20:00";"RO";435;84;"COLORADO DO OESTE";"Falta de Atenção à Condução";"Colisão transversal";"Com Vítimas Feridas";"Anoitecer";"Crescente";"Céu Claro";"Simples";"Reta";"Sim";2;0;1;0;1;0;1;2;-13,12704435;-60,54409862;"SPRF-RO";"DEL04-RO";"UOP02-DEL04-RO"
321905;2020-11-16;"segunda-feira";"19:30:00";"BA";116;716;"MANOEL VITORINO";"Velocidade Incompatível";"Saída de leito carroçável";"Com Vítimas Feridas";"Plena Noite";"Crescente";"Céu Claro";"Simples";"Reta";"Não";2;0;1;0;1;0;1;1;-14,1652421;-40,25368181;"SPRF-BA";"DEL08-BA";"UOP02-DEL08-BA"
321907;2020-11-16;"segunda-feira";"20:45:00";"SC";101;203;"SAO JOSE";"Pista Escorregadia";"Queda de ocupante de veículo";"Com Vítimas Feridas";"Plena Noite";"Decrescente";"Garoa/Chuvisco";"Múltipla";"Reta";"Não";2;0;2;0;0;0;2;1;-27,5650044;-48,61460082;"SPRF-SC";"DEL01-SC";"UOP01-DEL01-SC"
321909;2020-11-16;"segunda-feira";"17:05:00";"RS";470;210;"BENTO GONCALVES";"Velocidade Incompatível";"Saída de leito carroçável";"Com Vítimas Feridas";"Pleno dia";"Decrescente";"Garoa/Chuvisco";"Simples";"Curva";"Sim";1;0;1;0;0;0;1;1;-29,12739903;-51,54105132;"SPRF-RS";"DEL06-RS";"UOP01-DEL06-RS"
321910;2020-11-16;"segunda-feira";"19:35:00";"MT";163;831;"SINOP";"Falta de Atenção à Condução";"Queda de ocupante de veículo";"Com Vítimas Feridas";"Plena Noite";"Crescente";"Chuva";"Dupla";"Reta";"Sim";1;0;1;0;0;0;1;1;-12,022768;-55,51723;"SPRF-MT";"DEL06-MT";"UOP01-DEL06-MT"
321912;2020-11-16;"segunda-feira";"19:40:00";"BA";324;350;"CAPIM GROSSO";"Desobediência às normas de trânsito pelo condutor";"Colisão frontal";"Com Vítimas Feridas";"Plena Noite";"Decrescente";"Céu Claro";"Simples";"Reta";"Sim";2;0;1;0;0;1;1;2;-11,37503144;-40,02628326;"SPRF-BA";"DEL04-BA";"UOP02-DEL04-BA"
321914;2020-11-16;"segunda-feira";"20:45:00";"PR";476;130;"CURITIBA";"Velocidade Incompatível";"Saída de leito carroçável";"Com Vítimas Feridas";"Plena Noite";"Crescente";"Chuva";"Múltipla";"Reta";"Sim";1;0;0;1;0;0;1;1;-25,449564;-49,236427;"SPRF-PR";"DEL01-PR";"UOP03-DEL01-PR"
321917;2020-11-16;"segunda-feira";"19:40:00";"BA";101;345,3;"TEOLANDIA";"Animais na Pista";"Atropelamento de Animal";"Com Vítimas Feridas";"Plena Noite";"Crescente";"Nublado";"Simples";"Reta";"Não";3;0;2;0;1;0;2;2;-13,591638;-39,480362;"SPRF-BA";"DEL05-BA";"UOP03-DEL05-BA"
321919;2020-11-16;"segunda-feira";"21:40:00";"BA";116;11,4;"VITORIA DA CONQUISTA";"Desobediência às normas de trânsito pelo condutor";"Colisão frontal";"Com Vítimas Fatais";"Plena Noite";"Crescente";"Céu Claro";"Simples";"Reta";"Não";2;1;0;0;1;0;0;2;-14,870139;-40,87163;"SPRF-BA";"DEL08-BA";"UOP01-DEL08-BA"
321921;2020-11-16;"segunda-feira";"22:35:00";"DF";20;16,7;"BRASILIA";"Falta de Atenção à Condução";"Saída de leito carroçável";"Com Vítimas Feridas";"Plena Noite";"Crescente";"Chuva";"Dupla";"Declive";"Não";1;0;1;0;0;0;1;1;-15,625675;-47,725159;"SPRF-DF";"DEL02-DF";"UOP01-DEL02-DF"
321922;2020-11-16;"segunda-feira";"22:15:00";"PR";476;125;"CURITIBA";"Falta de Atenção à Condução";"Queda de ocupante de veículo";"Com Vítimas Feridas";"Plena Noite";"Crescente";"Garoa/Chuvisco";"Dupla";"Curva";"Sim";1;0;1;0;0;0;1;1;-25,4083;-49,219658;"SPRF-PR";"DEL01-PR";"UOP03-DEL01-PR"
321924;2020-11-16;"segunda-feira";"21:30:00";"PR";476;270,9;"SAO MATEUS DO SUL";"Ingestão de Álcool";"Saída de leito carroçável";"Com Vítimas Feridas";"Plena Noite";"Crescente";"Nublado";"Simples";"Reta";"Não";1;0;0;1;0;0;1;1;-25,8914605;-50,29139221;"SPRF-PR";"DEL02-PR";"UOP04-DEL02-PR"
321927;2020-11-16;"segunda-feira";"21:30:00";"PI";343;316;"ALTOS";"Desobediência às normas de trânsito pelo pedestre";"Atropelamento de Pedestre";"Com Vítimas Fatais";"Plena Noite";"Decrescente";"Céu Claro";"Simples";"Reta";"Não";2;1;0;0;1;0;0;2;-5,04605926;-42,53670216;"SPRF-PI";"DEL01-PI";"UOP01-DEL01-PI"
321928;2020-11-16;"segunda-feira";"22:30:00";"CE";116;24,5;"AQUIRAZ";"Velocidade Incompatível";"Colisão lateral";"Com Vítimas Feridas";"Plena Noite";"Decrescente";"Céu Claro";"Dupla";"Aclive;Reta";"Não";6;0;2;0;4;0;2;2;-3,96427099;-38,51536274;"SPRF-CE";"DEL01-CE";"UOP02-DEL01-CE"
321929;2020-11-16;"segunda-feira";"21:20:00";"PE";116;70;"CABROBO";"Ingestão de Álcool";"Colisão frontal";"Com Vítimas Feridas";"Plena Noite";"Decrescente";"Céu Claro";"Simples";"Reta";"Não";2;0;0;1;1;0;1;2;-8,446361;-39,186507;"SPRF-PE";"DEL05-PE";"UOP03-DEL05-PE"
321932;2020-11-16;"segunda-feira";"20:55:00";"SC";101;43,5;"JOINVILLE";"Falta de Atenção à Condução";"Colisão transversal";"Com Vítimas Feridas";"Plena Noite";"Crescente";"Chuva";"Simples";"Interseção de Vias";"Sim";2;0;1;0;1;0;1;2;-26,30357106;-48,88225609;"SPRF-SC";"DEL03-SC";"UOP01-DEL03-SC"
321933;2020-11-17;"terça-feira";"01:00:00";"PB";230;245,7;"JUAZEIRINHO";"Ingestão de Álcool";"Atropelamento de Animal";"Com Vítimas Feridas";"Plena Noite";"Crescente";"Céu Claro";"Simples";"Curva";"Não";2;0;1;1;0;0;2;1;-7,0711;-36,609;"SPRF-PB";"DEL02-PB";"UOP02-DEL02-PB"
321934;2020-10-31;"sábado";"22:10:00";"RS";101;0;"TORRES";"Falta de Atenção do Pedestre";"Atropelamento de Pedestre";"Com Vítimas Feridas";"Plena Noite";"Decrescente";"Chuva";"Dupla";"Ponte";"Não";3;0;0;1;2;0;1;2;-29,30762999;-49,77275507;"SPRF-RS";"DEL03-RS";"UOP02-DEL03-RS"
321935;2020-11-17;"terça-feira";"00:05:00";"SC";101;375,4;"ICARA";"Ingestão de Álcool";"Colisão com objeto estático";"Com Vítimas Feridas";"Plena Noite";"Decrescente";"Nublado";"Dupla";"Reta";"Não";2;0;2;0;0;0;2;1;-28,73328453;-49,2446655;"SPRF-SC";"DEL02-SC";"UOP01-DEL02-SC"
321937;2020-11-17;"terça-feira";"00:01:00";"MS";262;322;"CAMPO GRANDE";"Defeito Mecânico no Veículo";"Incêndio";"Sem Vítimas";"Plena Noite";"Crescente";"Céu Claro";"Simples";"Reta";"Sim";1;0;0;0;0;1;0;1;-20,46939065;-54,49645699;"SPRF-MS";"DEL01-MS";"UOP01-DEL01-MS"
321938;2020-11-17;"terça-feira";"03:20:00";"RN";406;157;"CEARA-MIRIM";"Ingestão de álcool e/ou substâncias psicoativas pelo pedestre";"Saída de leito carroçável";"Com Vítimas Feridas";"Plena Noite";"Crescente";"Garoa/Chuvisco";"Simples";"Reta";"Não";1;0;1;0;0;0;1;1;-5,69226503;-35,38879603;"SPRF-RN";"DEL02-RN";"UOP01-DEL02-RN"
321941;2020-11-17;"terça-feira";"01:15:00";"PR";467;100,2;"CASCAVEL";"Falta de Atenção à Condução";"Saída de leito carroçável";"Com Vítimas Feridas";"Plena Noite";"Decrescente";"Nublado";"Dupla";"Interseção de Vias";"Não";1;0;1;0;0;0;1;1;-24,89674288;-53,53388786;"SPRF-PR";"DEL04-PR";"UOP01-DEL04-PR"
321942;2020-11-17;"terça-feira";"05:00:00";"MG";40;522,9;"CONTAGEM";"Falta de Atenção à Condução";"Tombamento";"Com Vítimas Feridas";"Amanhecer";"Crescente";"Nublado";"Dupla";"Reta";"Não";1;0;1;0;0;0;1;1;-19,8638731;-44,06749809;"SPRF-MG";"DEL01-MG";"UOP02-DEL01-MG"
321943;2020-11-17;"terça-feira";"05:22:00";"SP";116;229;"SAO PAULO";"Defeito na Via";"Queda de ocupante de veículo";"Com Vítimas Feridas";"Amanhecer";"Crescente";"Garoa/Chuvisco";"Múltipla";"Declive";"Sim";1;0;1;0;0;0;1;1;-23,51291902;-46,57604698;"SPRF-SP";"DEL01-SP";"UOP01-DEL01-SP"
321946;2020-11-17;"terça-feira";"04:30:00";"CE";222;202,4;"FORQUILHA";"Ingestão de Álcool";"Colisão frontal";"Com Vítimas Feridas";"Amanhecer";"Crescente";"Nublado";"Simples";"Reta";"Não";3;0;0;2;1;0;2;2;-3,795871;-40,216844;"SPRF-CE";"DEL04-CE";"UOP01-DEL04-CE"
321947;2020-11-17;"terça-feira";"06:30:00";"DF";70;9,9;"BRASILIA";"Desobediência às normas de trânsito pelo condutor";"Colisão lateral";"Com Vítimas Feridas";"Pleno dia";"Decrescente";"Garoa/Chuvisco";"Dupla";"Reta";"Sim";3;0;2;0;1;0;2;2;-15,784615;-48,132023;"SPRF-DF";"DEL03-DF";"UOP02-DEL03-DF"
321951;2020-11-17;"terça-feira";"06:20:00";"MG";40;517,8;"RIBEIRAO DAS NEVES";"Não guardar distância de segurança";"Colisão lateral";"Com Vítimas Feridas";"Pleno dia";"Crescente";"Céu Claro";"Dupla";"Reta";"Sim";2;0;0;1;1;0;1;2;-19,82351202;-44,08438913;"SPRF-MG";"DEL01-MG";"UOP02-DEL01-MG"
321952;2020-11-17;"terça-feira";"06:45:00";"PE";423;132,5;"SALOA";"Falta de Atenção à Condução";"Colisão lateral";"Com Vítimas Feridas";"Pleno dia";"Decrescente";"Céu Claro";"Simples";"Aclive";"Não";3;0;1;1;1;0;2;2;-8,95943517;-36,76461912;"SPRF-PE";"DEL03-PE";"UOP01-DEL03-PE"
321953;2020-11-17;"terça-feira";"03:50:00";"RJ";393;280,9;"VOLTA REDONDA";"Falta de Atenção à Condução";"Saída de leito carroçável";"Com Vítimas Feridas";"Plena Noite";"Decrescente";"Céu Claro";"Simples";"Reta";"Sim";3;0;3;0;0;0;3;1;-22,47750785;-44,01954402;"SPRF-RJ";"DEL05-RJ";"UOP04-DEL05-RJ"
321954;2020-11-17;"terça-feira";"07:00:00";"SP";381;49;"ATIBAIA";"Animais na Pista";"Atropelamento de Animal";"Com Vítimas Feridas";"Pleno dia";"Decrescente";"Nublado";"Dupla";"Reta";"Sim";1;0;1;0;0;0;1;1;-23,20535293;-46,59066516;"SPRF-SP";"DEL03-SP";"UOP01-DEL03-SP"
321955;2020-11-17;"terça-feira";"07:00:00";"DF";20;17;"BRASILIA";"Falta de Atenção à Condução";"Colisão lateral";"Com Vítimas Feridas";"Pleno dia";"Decrescente";"Nublado";"Dupla";"Reta";"Sim";2;0;1;0;1;0;1;2;-15,621374;-47,71698;"SPRF-DF";"DEL02-DF";"UOP01-DEL02-DF"
321957;2020-11-17;"terça-feira";"07:00:00";"MG";40;522;"CONTAGEM";"Falta de Atenção à Condução";"Colisão traseira";"Com Vítimas Feridas";"Pleno dia";"Crescente";"Nublado";"Dupla";"Reta";"Não";2;0;1;0;1;0;1;2;-19,8638731;-44,06749809;"SPRF-MG";"DEL01-MG";"UOP02-DEL01-MG"
321959;2020-11-17;"terça-feira";"06:45:00";"RS";116;373;"TAPES";"Desobediência às normas de trânsito pelo condutor";"Colisão transversal";"Com Vítimas Feridas";"Pleno dia";"Crescente";"Nublado";"Simples";"Declive";"Não";2;0;0;2;0;0;2;2;-30,715917;-51,596139;"SPRF-RS";"DEL02-RS";"UOP02-DEL02-RS"
321960;2020-11-16;"segunda-feira";"11:30:00";"SC";101;124;"ITAJAI";"Não guardar distância de segurança";"Colisão traseira";"Com Vítimas Feridas";"Pleno dia";"Crescente";"Céu Claro";"Dupla";"Reta";"Não";2;0;1;0;1;0;1;2;-26,94335064;-48,69198648;"SPRF-SC";"DEL04-SC";"UOP04-DEL04-SC"
321961;2020-11-16;"segunda-feira";"22:00:00";"RR";174;213;"RORAINOPOLIS";"Defeito Mecânico no Veículo";"Queda de ocupante de veículo";"Com Vítimas Fatais";"Plena Noite";"Decrescente";"Nublado";"Simples";"Reta";"Sim";1;1;0;0;0;0;0;1;0,95291;-60,420345;"SPRF-RR";"DEL01-RR";"UOP01-DEL01-RR"
321963;2020-11-01;"domingo";"16:50:00";"PA";316;77;"SAO FRANCISCO DO PARA";"Desobediência às normas de trânsito pelo condutor";"Colisão frontal";"Com Vítimas Feridas";"Pleno dia";"Decrescente";"Céu Claro";"Simples";"Reta";"Não";4;0;2;0;2;0;2;3;-1,30223447;-47,80628622;"SPRF-PA";"DEL01-PA";"UOP01-DEL01-PA"