"id";"data_inversa";"dia_semana";"horario";"uf";"br";"km";"municipio";"causa_acidente";"tipo_acidente";"classificacao_acidente";"fase_dia";"sentido_via";"condicao_metereologica";"tipo_pista";"tracado_via";"uso_solo";"pessoas";"mortos";"feridos_leves";"feridos_graves";"ilesos";"ignorados";"feridos";"veiculos";"latitude";"longitude";"regional";"delegacia";"uop"
321964;2020-11-17;"terça-feira";"05:20:00";"SC";282;345;"CAMPOS NOVOS";"Desobediência às normas de trânsito pelo condutor";"Colisão frontal";"Com Vítimas Feridas";"Amanhecer";"Decrescente";"Chuva";"Simples";"Reta";"Não";6;0;4;1;0;1;5;3;-27,374619;-51,247044;"SPRF-SC";"DEL07-SC";"UOP06-DEL07-SC"
321966;2020-11-17;"terça-feira";"08:00:00";"PR";116;116;"CURITIBA";"Falta de Atenção à Condução";"Colisão traseira";"Sem Vítimas";"Pleno dia";"Decrescente";"Céu Claro";"Dupla";"Reta";"Sim";3;0;0;0;3;0;0;3;-25,55468195;-49,27402397;"SPRF-PR";"DEL01-PR";"UOP01-DEL01-PR"
321967;2020-11-16;"segunda-feira";"14:15:00";"MG";40;756,5;"EWBANK DA CAMARA";"Velocidade Incompatível";"Saída de leito carroçável";"Com Vítimas Feridas";"Pleno dia";"Crescente";"Nublado";"Simples";"Aclive;Curva";"Não";2;0;0;1;1;0;1;1;-21,49531809;-43,53514132;"SPRF-MG";"DEL05-MG";"UOP01-DEL05-MG"
321970;2020-11-17;"terça-feira";"07:15:00";"RO";319;64,1;"PORTO VELHO";"Desobediência às normas de trânsito pelo condutor";"Colisão transversal";"Com Vítimas Feridas";"Pleno dia";"Crescente";"Sol";"Dupla";"Interseção de Vias";"Sim";2;0;0;1;1;0;1;2;-8,766685;-63,884052;"SPRF-RO";"DEL01-RO";"UOP01-DEL01-RO"
321971;2020-11-17;"terça-feira";"08:30:00";"RJ";116;184;"NOVA IGUACU";"Falta de Atenção à Condução";"Colisão lateral";"Com Vítimas Feridas";"Pleno dia";"Decrescente";"Céu Claro";"Dupla";"Reta";"Não";2;0;1;0;1;0;1;2;-22,74647215;-43,44594311;"SPRF-RJ";"DEL01-RJ";"UOP02-DEL01-RJ"
321972;2020-11-17;"terça-feira";"07:30:00";"PR";163;33,8;"SANTO ANTONIO DO SUDOESTE";"Falta de Atenção à Condução";"Colisão transversal";"Com Vítimas Feridas";"Pleno dia";"Crescente";"Céu Claro";"Simples";"Reta";"Não";2;0;1;1;0;0;2;2;-26,11742426;-53,68960404;"SPRF-PR";"DEL02-PR";"UOP02-DEL02-PR"
321973;2020-11-17;"terça-feira";"08:00:00";"RS";285;421;"PANAMBI";"Desobediência às normas de trânsito pelo condutor";"Colisão traseira";"Com Vítimas Feridas";"Pleno dia";"Decrescente";"Céu Claro";"Simples";"Reta;Declive";"Não";4;0;1;1;2;0;2;2;-28,338804;-53,561169;"SPRF-RS";"DEL10-RS";"UOP01-DEL10-RS"
321974;2020-11-17;"terça-feira";"09:00:00";"PR";116;142;"CURITIBA";"Falta de Atenção à Condução";"Colisão traseira";"Com Vítimas Feridas";"Pleno dia";"Decrescente";"Céu Claro";"Dupla";"Reta";"Sim";2;0;1;0;1;0;1;2;-25,541745;-49,302503;"SPRF-PR";"DEL01-PR";"UOP03-DEL01-PR"
321976;2020-11-17;"terça-feira";"08:45:00";"CE";304;52,9;"ARACATI";"Falta de Atenção à Condução";"Colisão traseira";"Com Vítimas Feridas";"Pleno dia";"Decrescente";"Céu Claro";"Simples";"Reta";"Não";4;0;1;0;3;0;1;4;-4,57080706;-37,74473041;"SPRF-CE";"DEL03-CE";"UOP03-DEL03-CE"
321977;2020-11-17;"terça-feira";"09:00:00";"RJ";116;131;"MAGE";"Não guardar distância de segurança";"Colisão traseira";"Com Vítimas Feridas";"Pleno dia";"Crescente";"Céu Claro";"Dupla";"Reta";"Não";3;0;2;0;1;0;2;2;-22,65608024;-43,12511494;"SPRF-RJ";"DEL04-RJ";"UOP02-DEL04-RJ"
321981;2020-11-13;"sexta-feira";"15:15:00";"MS";163;395,8;"NOVA ALVORADA DO SUL";"Falta de Atenção à Condução";"Colisão traseira";"Sem Vítimas";"Pleno dia";"Crescente";"Chuva";"Simples";"Reta";"Não";2;0;0;0;1;1;0;2;-21,21082806;-54,46063927;"SPRF-MS";"DEL02-MS";"UOP01-DEL02-MS"
321983;2020-11-17;"terça-feira";"08:30:00";"SP";0;0;"CAJATI";"Falta de Atenção à Condução";"Queda de ocupante de veículo";"Com Vítimas Feridas";"Pleno dia";"Não Informado";"Nublado";"Simples";"Rotatória";"Sim";1;0;1;0;0;0;1;1;-24,73097634;-48,09815591;"SPRF-SP";"DEL05-SP";"UOP01-DEL05-SP"
321987;2020-11-17;"terça-feira";"09:20:00";"CE";222;11;"CAUCAIA";"Condutor Dormindo";"Colisão traseira";"Sem Vítimas";"Pleno dia";"Crescente";"Céu Claro";"Simples";"Reta";"Sim";3;0;0;0;1;2;0;3;-3,7356948976;-38,7426435362;"SPRF-CE";"DEL01-CE";"UOP01-DEL01-CE"
321988;2020-11-14;"sábado";"18:00:00";"RS";285;289,9;"PASSO FUNDO";"Defeito Mecânico no Veículo";"Tombamento";"Com Vítimas Feridas";"Pleno dia";"Decrescente";"Céu Claro";"Simples";"Reta";"Não";2;0;2;0;0;0;2;1;-28,23785931;-52,34951019;"SPRF-RS";"DEL08-RS";"UOP03-DEL08-RS"
321990;2020-11-17;"terça-feira";"08:50:00";"MS";163;224,7;"CAARAPO";"Falta de Atenção à Condução";"Tombamento";"Com Vítimas Feridas";"Pleno dia";"Crescente";"Céu Claro";"Simples";"Reta";"Não";1;0;1;0;0;0;1;1;-22,50919504;-54,86355345;"SPRF-MS";"DEL04-MS";"UOP02-DEL04-MS"
321991;2020-11-16;"segunda-feira";"10:00:00";"RO";425;59;"NOVA MAMORE";"Falta de Atenção à Condução";"Colisão lateral";"Com Vítimas Feridas";"Pleno dia";"Decrescente";"Céu Claro";"Simples";"Declive";"Não";4;0;0;1;3;0;1;2;-10,067984;-65,308105;"SPRF-RO";"DEL01-RO";"UOP03-DEL01-RO"
321992;2020-11-17;"terça-feira";"09:15:00";"PB";101;8;"MAMANGUAPE";"Falta de Atenção à Condução";"Colisão com objeto estático";"Com Vítimas Feridas";"Pleno dia";"Decrescente";"Céu Claro";"Dupla";"Curva";"Não";3;0;3;0;0;0;3;1;-6,56597091;-35,14256709;"SPRF-PB";"DEL01-PB";"UOP04-DEL01-PB"
321994;2020-11-17;"terça-feira";"00:25:00";"BA";242;730;"CRISTOPOLIS";"Velocidade Incompatível";"Saída de leito carroçável";"Com Vítimas Fatais";"Pleno dia";"Crescente";"Chuva";"Simples";"Reta";"Não";1;1;0;0;0;0;0;1;-12,21889784;-44,44450378;"SPRF-BA";"DEL10-BA";"UOP01-DEL10-BA"
321995;2020-11-17;"terça-feira";"10:55:00";"MG";381;359,5;"JOAO MONLEVADE";"Desobediência às normas de trânsito pelo condutor";"Colisão transversal";"Com Vítimas Feridas";"Pleno dia";"Decrescente";"Sol";"Simples";"Reta";"Sim";2;0;1;0;1;0;1;2;-19,8551458;-43,22402296;"SPRF-MG";"DEL03-MG";"UOP01-DEL03-MG"
321997;2020-11-17;"terça-feira";"11:05:00";"MA";10;250;"IMPERATRIZ";"Não guardar distância de segurança";"Colisão traseira";"Com Vítimas Feridas";"Pleno dia";"Crescente";"Céu Claro";"Simples";"Rotatória";"Sim";2;0;1;0;1;0;1;2;-5,55020971;-47,4598217;"SPRF-MA";"DEL04-MA";"UOP01-DEL04-MA"
322000;2020-11-17;"terça-feira";"11:00:00";"PB";230;143;"CAMPINA GRANDE";"Falta de Atenção do Pedestre";"Atropelamento de Pedestre";"Com Vítimas Feridas";"Pleno dia";"Decrescente";"Céu Claro";"Dupla";"Reta";"Sim";2;0;1;0;1;0;1;2;-7,2557;-35,8223;"SPRF-PB";"DEL02-PB";"UOP01-DEL02-PB"
322001;2020-11-17;"terça-feira";"11:35:00";"GO";153;75,4;"PORANGATU";"Defeito na Via";"Saída de leito carroçável";"Com Vítimas Feridas";"Pleno dia";"Decrescente";"Nublado";"Múltipla";"Declive";"Não";5;0;3;1;1;0;4;1;-13,491837;-49,134628;"SPRF-GO";"DEL07-GO";"UOP01-DEL07-GO"
322003;2020-11-17;"terça-feira";"09:35:00";"ES";101;380,8;"ICONHA";"Ingestão de Substâncias Psicoativas";"Saída de leito carroçável";"Sem Vítimas";"Pleno dia";"Decrescente";"Céu Claro";"Simples";"Curva";"Não";1;0;0;0;1;0;0;1;-20,80767317;-40,83488482;"SPRF-ES";"DEL03-ES";"UOP01-DEL03-ES"
322006;2020-11-17;"terça-feira";"06:55:00";"PR";369;153,9;"LONDRINA";"Desobediência às normas de trânsito pelo pedestre";"Atropelamento de Pedestre";"Sem Vítimas";"Pleno dia";"Crescente";"Céu Claro";"Dupla";"Reta";"Sim";2;0;0;0;1;1;0;2;-23,29788344;-51,19701058;"SPRF-PR";"DEL07-PR";"UOP01-DEL07-PR"
322008;2020-11-12;"quinta-feira";"15:00:00";"AL";104;85;"RIO LARGO";"Defeito na Via";"Queda de ocupante de veículo";"Com Vítimas Feridas";"Pleno dia";"Decrescente";"Sol";"Dupla";"Reta";"Não";1;0;0;1;0;0;1;1;-9,45849606;-35,82849117;"SPRF-AL";"DEL01-AL";"UOP01-DEL01-AL"
322010;2020-11-17;"terça-feira";"12:20:00";"SP";116;6,3;"QUELUZ";"Não guardar distância de segurança";"Colisão com objeto estático";"Com Vítimas Feridas";"Pleno dia";"Decrescente";"Nublado";"Dupla";"Reta";"Não";2;0;2;0;0;0;2;1;-22,53158181;-44,75374706;"SPRF-SP";"DEL08-SP";"UOP02-DEL08-SP"
322011;2020-11-17;"terça-feira";"11:20:00";"BA";101;497;"ITABUNA";"Velocidade Incompatível";"Colisão frontal";"Com Vítimas Fatais";"Pleno dia";"Decrescente";"Céu Claro";"Simples";"Reta;Aclive";"Não";6;4;0;2;0;0;2;2;-14,76093928;-39,30702209;"SPRF-BA";"DEL05-BA";"UOP01-DEL05-BA"
322012;2020-11-17;"terça-feira";"12:30:00";"PE";101;67,7;"RECIFE";"Não guardar distância de segurança";"Engavetamento";"Sem Vítimas";"Pleno dia";"Crescente";"Nublado";"Simples";"Reta";"Sim";3;0;0;0;3;0;0;3;-8,048936;-34,945339;"SPRF-PE";"DEL01-PE";"UOP01-DEL01-PE"
322013;2020-11-17;"terça-feira";"12:30:00";"PR";277;40,1;"MORRETES";"Falta de Atenção à Condução";"Saída de leito carroçável";"Com Vítimas Feridas";"Pleno dia";"Crescente";"Chuva";"Dupla";"Curva";"Não";1;0;1;0;0;0;1;1;-25,57368831;-48,82659689;"SPRF-PR";"DEL01-PR";"UOP05-DEL01-PR"
322015;2020-11-17;"terça-feira";"11:25:00";"MG";116;502,6;"INHAPIM";"Falta de Atenção à Condução";"Tombamento";"Com Vítimas Feridas";"Pleno dia";"Decrescente";"Céu Claro";"Simples";"Curva";"Não";1;0;1;0;0;0;1;1;-19,577398;-42,115808;"SPRF-MG";"DEL06-MG";"UOP02-DEL06-MG"
322018;2020-11-17;"terça-feira";"13:35:00";"PR";153;335,4;"IRATI";"Falta de Atenção à Condução";"Colisão transversal";"Com Vítimas Feridas";"Pleno dia";"Crescente";"Sol";"Simples";"Aclive;Interseção de Vias;Reta";"Sim";3;0;0;1;2;0;1;2;-25,4934482;-50,6467082;"SPRF-PR";"DEL03-PR";"UOP03-DEL03-PR"
322019;2020-11-17;"terça-feira";"12:05:00";"PR";376;5,2;"APUCARANA";"Ingestão de Álcool";"Colisão frontal";"Com Vítimas Feridas";"Pleno dia";"Decrescente";"Céu Claro";"Dupla";"Reta";"Sim";4;0;1;0;3;0;1;2;-23,5513;-51,461266;"SPRF-PR";"DEL07-PR";"UOP03-DEL07-PR"
322021;2020-11-17;"terça-feira";"13:35:00";"MG";262;36,4;"MANHUACU";"Falta de Atenção à Condução";"Colisão lateral";"Com Vítimas Feridas";"Pleno dia";"Decrescente";"Céu Claro";"Simples";"Reta";"Sim";3;0;2;0;1;0;2;2;-20,25932046;-42,02298331;"SPRF-MG";"DEL06-MG";"UOP03-DEL06-MG"
322023;2020-11-17;"terça-feira";"13:10:00";"MG";40;549,5;"NOVA LIMA";"Defeito Mecânico no Veículo";"Saída de leito carroçável";"Com Vítimas Feridas";"Pleno dia";"Decrescente";"Sol";"Dupla";"Curva;Declive";"Sim";1;0;1;0;0;0;1;1;-20,03972326;-43,96703232;"SPRF-MG";"DEL01-MG";"UOP02-DEL01-MG"
322026;2020-11-17;"terça-feira";"14:00:00";"RJ";116;168;"SAO JOAO DE MERITI";"Falta de Atenção à Condução";"Capotamento";"Com Vítimas Feridas";"Pleno dia";"Crescente";"Céu Claro";"Dupla";"Reta";"Sim";3;0;3;0;0;0;3;1;-22,819969;-43,31499997;"SPRF-RJ";"DEL01-RJ";"UOP01-DEL01-RJ"
322029;2020-11-17;"terça-feira";"13:20:00";"PR";376;635;"TIJUCAS DO SUL";"Ingestão de Álcool";"Saída de leito carroçável";"Sem Vítimas";"Pleno dia";"Decrescente";"Céu Claro";"Dupla";"Reta";"Não";1;0;0;0;1;0;0;1;-25,73890105;-49,13059434;"SPRF-PR";"DEL01-PR";"UOP04-DEL01-PR"
322030;2020-11-17;"terça-feira";"11:40:00";"BA";135;172;"BARREIRAS";"Falta de Atenção à Condução";"Colisão transversal";"Com Vítimas Feridas";"Pleno dia";"Crescente";"Céu Claro";"Simples";"Reta";"Não";3;0;1;1;1;0;2;2;-12,13056263;-45,01164211;"SPRF-BA";"DEL10-BA";"UOP01-DEL10-BA"
322031;2020-11-05;"quinta-feira";"13:00:00";"MA";316;371;"BACABAL";"Objeto estático sobre o leito carroçável";"Colisão traseira";"Com Vítimas Feridas";"Pleno dia";"Decrescente";"Chuva";"Simples";"Reta";"Não";2;0;0;1;1;0;1;2;-4,21021;-44,699265;"SPRF-MA";"DEL03-MA";"UOP01-DEL03-MA"
322032;2020-11-17;"terça-feira";"13:30:00";"ES";101;264,2;"SERRA";"Desobediência às normas de trânsito pelo condutor";"Colisão transversal";"Sem Vítimas";"Pleno dia";"Decrescente";"Sol";"Dupla";"Reta;Interseção de Vias";"Não";2;0;0;0;2;0;0;2;-20,17865605;-40,26525736;"SPRF-ES";"DEL02-ES";"UOP01-DEL02-ES"
322037;2020-11-17;"terça-feira";"15:00:00";"SP";116;79;"ROSEIRA";"Mal Súbito";"Tombamento";"Com Vítimas Feridas";"Pleno dia";"Crescente";"Nublado";"Dupla";"Reta";"Não";1;0;0;1;0;0;1;1;-22,89420903;-45,29471098;"SPRF-SP";"DEL06-SP";"UOP01-DEL06-SP"
322038;2020-11-17;"terça-feira";"15:00:00";"BA";116;335;"TEOFILANDIA";"Falta de Atenção à Condução";"Queda de ocupante de veículo";"Com Vítimas Feridas";"Pleno dia";"Crescente";"Céu Claro";"Simples";"Reta";"Não";1;0;1;0;0;0;1;1;-11,45966995;-38,98723712;"SPRF-BA";"DEL02-BA";"UOP01-DEL02-BA"
322039;2020-11-17;"terça-feira";"15:30:00";"DF";40;4,4;"BRASILIA";"Falta de Atenção à Condução";"Queda de ocupante de veículo";"Com Vítimas Feridas";"Pleno dia";"Decrescente";"Nublado";"Dupla";"Reta";"Não";1;0;1;0;0;0;1;1;-16,012033;-47,982124;"SPRF-DF";"DEL01-DF";"UOP01-DEL01-DF"
322040;2020-11-17;"terça-feira";"14:10:00";"MT";174;11;"PONTES E LACERDA";"Falta de Atenção à Condução";"Capotamento";"Com Vítimas Feridas";"Pleno dia";"Decrescente";"Céu Claro";"Simples";"Reta";"Não";2;0;1;0;1;0;1;1;-15,20263703;-59,37511683;"SPRF-MT";"DEL03-MT";"UOP01-DEL03-MT"
322041;2020-11-17;"terça-feira";"15:45:00";"RS";116;37,8;"VACARIA";"Falta de Atenção à Condução";"Colisão transversal";"Com Vítimas Feridas";"Pleno dia";"Crescente";"Céu Claro";"Simples";"Interseção de Vias;Reta";"Sim";2;0;2;0;0;0;2;2;-28,49871957;-50,9176864;"SPRF-RS";"DEL05-RS";"UOP03-DEL05-RS"
322042;2020-11-17;"terça-feira";"16:00:00";"SP";116;229,7;"SAO PAULO";"Não guardar distância de segurança";"Colisão traseira";"Com Vítimas Feridas";"Pleno dia";"Crescente";"Nublado";"Múltipla";"Reta";"Sim";2;0;1;0;0;1;1;2;-23,51291902;-46,57604698;"SPRF-SP";"DEL01-SP";"UOP01-DEL01-SP"
322043;2020-11-17;"terça-feira";"15:05:00";"SP";116;409,8;"JUQUIA";"Falta de Atenção à Condução";"Colisão traseira";"Com Vítimas Fatais";"Pleno dia";"Crescente";"Nublado";"Dupla";"Reta";"Não";3;1;0;0;2;0;0;2;-24,331595;-47,584785;"SPRF-SP";"DEL05-SP";"UOP01-DEL05-SP"
322044;2020-11-17;"terça-feira";"16:20:00";"GO";40;11,3;"LUZIANIA";"Falta de Atenção à Condução";"Colisão transversal";"Com Vítimas Feridas";"Pleno dia";"Crescente";"Nublado";"Dupla";"Reta";"Sim";2;0;1;0;1;0;1;2;-16,138336;-47,951644;"SPRF-DF";"DEL01-DF";"UOP01-DEL01-DF"
322045;2020-11-17;"terça-feira";"16:10:00";"ES";262;18;"VIANA";"Desobediência às normas de trânsito pelo condutor";"Colisão transversal";"Com Vítimas Feridas";"Pleno dia";"Decrescente";"Céu Claro";"Simples";"Reta";"Sim";2;0;1;0;1;0;1;2;-20,39137228;-40,48080285;"SPRF-ES";"DEL01-ES";"UOP01-DEL01-ES"
322046;2020-11-17;"terça-feira";"13:40:00";"RJ";40;82;"PETROPOLIS";"Não guardar distância de segurança";"Colisão lateral";"Com Vítimas Feridas";"Pleno dia";"Decrescente";"Nublado";"Dupla";"Reta";"Não";2;0;1;0;1;0;1;2;-22,51183137;-43,23076171;"SPRF-RJ";"DEL06-RJ";"UOP01-DEL06-RJ"
322049;2020-11-17;"terça-feira";"16:20:00";"MG";381;511,6;"IGARAPE";"Falta de Atenção à Condução";"Colisão traseira";"Com Vítimas Feridas";"Pleno dia";"Crescente";"Céu Claro";"Múltipla";"Reta";"Sim";1;0;1;0;0;0;1;1;-20,08108449;-44,30717468;"SPRF-MG";"DEL01-MG";"UOP03-DEL01-MG"
322050;2020-11-17;"terça-feira";"16:10:00";"MG";116;276,1;"TEOFILO OTONI";"Desobediência às normas de trânsito pelo condutor";"Colisão transversal";"Com Vítimas Feridas";"Pleno dia";"Decrescente";"Nublado";"Dupla";"Rotatória;Interseção de Vias";"Sim";2;0;1;0;1;0;1;2;-17,85214635;-41,51406169;"SPRF-MG";"DEL11-MG";"UOP01-DEL11-MG"
322051;2020-11-17;"terça-feira";"16:40:00";"PR";369;101,2;"CORNELIO PROCOPIO";"Desobediência às normas de trânsito pelo condutor";"Colisão transversal";"Com Vítimas Feridas";"Pleno dia";"Crescente";"Céu Claro";"Simples";"Interseção de Vias";"Não";2;0;0;1;1;0;1;2;-23,2469;-50,7271;"SPRF-PR";"DEL07-PR";"UOP01-DEL07-PR"
322053;2020-11-17;"terça-feira";"13:20:00";"ES";101;266,2;"SERRA";"Não guardar distância de segurança";"Colisão traseira";"Sem Vítimas";"Pleno dia";"Crescente";"Sol";"Dupla";"Reta";"Sim";2;0;0;0;2;0;0;2;-20,190199;-40,26828891;"SPRF-ES";"DEL02-ES";"UOP01-DEL02-ES"
322054;2020-11-17;"terça-feira";"16:30:00";"PR";116;116;"CURITIBA";"Falta de Atenção à Condução";"Saída de leito carroçável";"Com Vítimas Feridas";"Pleno dia";"Crescente";"Céu Claro";"Dupla";"Reta";"Sim";2;0;2;0;0;0;2;1;-25,55157929;-49,30440903;"SPRF-PR";"DEL01-PR";"UOP01-DEL01-PR"
322056;2020-11-17;"terça-feira";"16:20:00";"RJ";101;323;"NITEROI";"Mal Súbito";"Tombamento";"Com Vítimas Feridas";"Pleno dia";"Decrescente";"Nublado";"Dupla";"Reta";"Sim";1;0;1;0;0;0;1;1;-22,87684786;-43,11728689;"SPRF-RJ";"DEL02-RJ";"UOP02-DEL02-RJ"
322057;2020-11-17;"terça-feira";"15:10:00";"AC";317;150;"CAPIXABA";"Avarias e/ou desgaste excessivo no pneu";"Tombamento";"Com Vítimas Feridas";"Pleno dia";"Crescente";"Nublado";"Simples";"Reta";"Não";2;0;2;0;0;0;2;1;-10,59168816;-67,70585888;"SPRF-AC";"DEL01-AC";"UOP02-DEL01-AC"
322058;2020-11-17;"terça-feira";"17:05:00";"DF";70;10,7;"BRASILIA";"Ingestão de Álcool";"Saída de leito carroçável";"Sem Vítimas";"Pleno dia";"Crescente";"Nublado";"Dupla";"Reta";"Não";1;0;0;0;1;0;0;1;-15,787066;-48,140709;"SPRF-DF";"DEL03-DF";"UOP02-DEL03-DF"
322061;2020-11-17;"terça-feira";"15:45:00";"MG";251;472;"FRANCISCO SA";"Falta de Atenção à Condução";"Colisão transversal";"Com Vítimas Feridas";"Pleno dia";"Crescente";"Céu Claro";"Simples";"Curva";"Não";2;0;0;1;1;0;1;2;-16,4669101;-43,43947986;"SPRF-MG";"DEL12-MG";"UOP01-DEL12-MG"
322063;2020-11-17;"terça-feira";"17:30:00";"DF";20;9;"BRASILIA";"Falta de Atenção à Condução";"Colisão lateral";"Sem Vítimas";"Anoitecer";"Crescente";"Céu Claro";"Dupla";"Aclive";"Sim";2;0;0;0;2;0;0;2;-15,654671;-47,782917;"SPRF-DF";"DEL02-DF";"UOP01-DEL02-DF"
322064;2020-11-17;"terça-feira";"15:00:00";"MG";381;838;"SAO SEBASTIAO DA BELA VISTA";"Velocidade Incompatível";"Saída de leito carroçável";"Com Vítimas Feridas";"Pleno dia";"Crescente";"Chuva";"Dupla";"Curva";"Não";2;0;2;0;0;0;2;1;-22,19252695;-45,84775906;"SPRF-MG";"DEL16-MG";"UOP01-DEL16-MG"
322065;2020-11-17;"terça-feira";"18:20:00";"RN";427;98;"CAICO";"Ingestão de Álcool";"Colisão traseira";"Com Vítimas Feridas";"Plena Noite";"Decrescente";"Céu Claro";"Simples";"Interseção de Vias";"Sim";4;0;1;0;2;1;1;3;-6,4639614;-37,09267616;"SPRF-RN";"DEL03-RN";"UOP01-DEL03-RN"
322066;2020-11-17;"terça-feira";"16:40:00";"AL";423;102;"DELMIRO GOUVEIA";"Animais na Pista";"Atropelamento de Animal";"Com Vítimas Feridas";"Pleno dia";"Crescente";"Céu Claro";"Simples";"Reta";"Não";2;0;0;1;1;0;1;1;-9,39859232;-38,17365983;"SPRF-BA";"DEL07-BA";"UOP01-DEL07-BA"
322069;2020-11-17;"terça-feira";"15:45:00";"SC";101;333,9;"TUBARAO";"Desobediência às normas de trânsito pelo condutor";"Colisão traseira";"Com Vítimas Feridas";"Pleno dia";"Crescente";"Sol";"Simples";"Reta";"Sim";3;0;1;0;2;0;1;2;-28,46989852;-49,01687622;"SPRF-SC";"DEL02-SC";"UOP01-DEL02-SC"
322070;2020-11-17;"terça-feira";"17:45:00";"SP";116;109,5;"TAUBATE";"Falta de Atenção à Condução";"Colisão traseira";"Com Vítimas Feridas";"Pleno dia";"Decrescente";"Céu Claro";"Dupla";"Reta";"Sim";2;0;1;0;1;0;1;2;-23,02871304;-45,54517097;"SPRF-SP";"DEL06-SP";"UOP01-DEL06-SP"
322071;2020-11-17;"terça-feira";"19:00:00";"SC";101;219,5;"PALHOCA";"Falta de Atenção à Condução";"Queda de ocupante de veículo";"Com Vítimas Feridas";"Anoitecer";"Crescente";"Céu Claro";"Simples";"Curva";"Não";1;0;0;1;0;0;1;1;-27,68392194;-48,66710085;"SPRF-SC";"DEL01-SC";"UOP02-DEL01-SC"
322072;2020-11-17;"terça-feira";"19:10:00";"DF";40;3;"BRASILIA";"Agressão Externa";"Queda de ocupante de veículo";"Com Vítimas Feridas";"Plena Noite";"Crescente";"Nublado";"Dupla";"Reta";"Sim";1;0;1;0;0;0;1;1;-16,003145;-47,983944;"SPRF-DF";"DEL01-DF";"UOP01-DEL01-DF"
322073;2020-11-17;"terça-feira";"19:25:00";"GO";414;438;"ANAPOLIS";"Desobediência às normas de trânsito pelo condutor";"Colisão transversal";"Com Vítimas Feridas";"Plena Noite";"Crescente";"Ignorado";"Simples";"Reta";"Sim";5;0;2;0;3;0;2;2;-16,27247393;-48,94040427;"SPRF-GO";"DEL02-GO";"UOP01-DEL02-GO"
322074;2020-11-17;"terça-feira";"19:20:00";"RN";304;35,1;"MOSSORO";"Falta de Atenção à Condução";"Colisão traseira";"Com Vítimas Feridas";"Plena Noite";"Decrescente";"Céu Claro";"Dupla";"Reta";"Sim";2;0;1;1;0;0;2;2;-5,16149497;-37,35068212;"SPRF-RN";"DEL04-RN";"UOP02-DEL04-RN"
322075;2020-11-17;"terça-feira";"19:30:00";"SP";381;31;"ATIBAIA";"Defeito na Via";"Tombamento";"Com Vítimas Feridas";"Plena Noite";"Decrescente";"Céu Claro";"Dupla";"Reta";"Sim";2;0;2;0;0;0;2;1;-23,04885102;-46,56482797;"SPRF-SP";"DEL03-SP";"UOP01-DEL03-SP"
322078;2020-11-17;"terça-feira";"18:30:00";"RR";401;0,2;"BOA VISTA";"Desobediência às normas de trânsito pelo condutor";"Colisão transversal";"Com Vítimas Feridas";"Plena Noite";"Crescente";"Céu Claro";"Múltipla";"Reta";"Sim";2;0;1;0;1;0;1;2;2,8061678;-60,68998;"SPRF-RR";"DEL01-RR";"UOP01-DEL01-RR"
322079;2020-11-17;"terça-feira";"14:00:00";"TO";226;21;"PALMEIRAS DO TOCANTINS";"Falta de Atenção à Condução";"Saída de leito carroçável";"Sem Vítimas";"Pleno dia";"Crescente";"Garoa/Chuvisco";"Simples";"Reta";"Não";1;0;0;0;0;1;0;1;-6,632562;-47,62323;"SPRF-TO";"DEL02-TO";"UOP03-DEL02-TO"
322082;2020-11-17;"terça-feira";"12:01:00";"MA";316;536,8;"CAXIAS";"Não guardar distância de segurança";"Colisão traseira";"Sem Vítimas";"Pleno dia";"Decrescente";"Céu Claro";"Simples";"Declive";"Não";4;0;0;0;4;0;0;2;-4,837838;-43,477325;"SPRF-MA";"DEL03-MA";"UOP02-DEL03-MA"
322083;2020-11-17;"terça-feira";"20:25:00";"GO";153;492;"GOIANIA";"Falta de Atenção à Condução";"Colisão lateral";"Com Vítimas Feridas";"Plena Noite";"Decrescente";"Céu Claro";"Dupla";"Reta";"Não";2;0;1;0;1;0;1;2;-16,6461;-49,2114;"SPRF-GO";"DEL01-GO";"UOP01-DEL01-GO"
322085;2020-11-17;"terça-feira";"20:15:00";"MG";251;425;"GRAO MOGOL";"Falta de Atenção à Condução";"Colisão transversal";"Com Vítimas Feridas";"Plena Noite";"Crescente";"Nublado";"Simples";"Reta";"Não";7;0;2;0;5;0;2;2;-16,32542814;-43,12377194;"SPRF-MG";"DEL12-MG";"UOP01-DEL12-MG"
322086;2020-11-17;"terça-feira";"20:20:00";"BA";410;5;"TUCANO";"Agressão Externa";"Queda de ocupante de veículo";"Com Vítimas Feridas";"Plena Noite";"Decrescente";"Céu Claro";"Simples";"Reta";"Sim";2;0;1;1;0;0;2;1;-10,83904026;-38,56813884;"SPRF-BA";"DEL07-BA";"UOP02-DEL07-BA"
322087;2020-11-17;"terça-feira";"20:55:00";"MG";365;706;"MONTE ALEGRE DE MINAS";"Pista Escorregadia";"Saída de leito carroçável";"Com Vítimas Feridas";"Plena Noite";"Crescente";"Nublado";"Dupla";"Interseção de Vias";"Não";2;0;1;0;1;0;1;1;-18,8789182;-49,05482003;"SPRF-MG";"DEL15-MG";"UOP03-DEL15-MG"