"id";"data_inversa";"dia_semana";"horario";"uf";"br";"km";"municipio";"causa_acidente";"tipo_acidente";"classificacao_acidente";"fase_dia";"sentido_via";"condicao_metereologica";"tipo_pista";"tracado_via";"uso_solo";"pessoas";"mortos";"feridos_leves";"feridos_graves";"ilesos";"ignorados";"feridos";"veiculos";"latitude";"longitude";"regional";"delegacia";"uop"
322088;2020-11-17;"terça-feira";"16:40:00";"GO";70;448;"ARAGARCAS";"Defeito Mecânico no Veículo";"Capotamento";"Sem Vítimas";"Pleno dia";"Decrescente";"Céu Claro";"Simples";"Reta";"Não";5;0;0;0;5;0;0;1;-15,916787;-52,005362;"SPRF-GO";"DEL04-GO";"UOP01-DEL04-GO"
322092;2020-11-17;"terça-feira";"20:20:00";"RJ";465;14;"SEROPEDICA";"Desobediência às normas de trânsito pelo condutor";"Colisão frontal";"Com Vítimas Feridas";"Plena Noite";"Crescente";"Garoa/Chuvisco";"Simples";"Reta";"Sim";3;0;2;0;1;0;2;2;-22,804979;-43,638828;"SPRF-RJ";"DEL01-RJ";"UOP03-DEL01-RJ"
322093;2020-11-17;"terça-feira";"20:45:00";"AL";101;189;"JUNQUEIRO";"Falta de Atenção à Condução";"Colisão traseira";"Com Vítimas Feridas";"Plena Noite";"Decrescente";"Céu Claro";"Dupla";"Reta";"Não";3;0;0;1;0;2;1;2;-9,91622613;-36,47311473;"SPRF-AL";"DEL02-AL";"UOP02-DEL02-AL"
322094;2020-11-17;"terça-feira";"21:00:00";"PE";101;79;"JABOATAO DOS GUARARAPES";"Agressão Externa";"Incêndio";"Sem Vítimas";"Plena Noite";"Crescente";"Céu Claro";"Dupla";"Curva";"Não";1;0;0;0;0;1;0;1;-8,14366112;-34,94723453;"SPRF-PE";"DEL01-PE";"UOP01-DEL01-PE"
322098;2020-11-17;"terça-feira";"22:05:00";"SC";101;135;"BALNEARIO CAMBORIU";"Ingestão de Álcool";"Colisão com objeto estático";"Com Vítimas Feridas";"Plena Noite";"Crescente";"Céu Claro";"Múltipla";"Interseção de Vias";"Sim";1;0;1;0;0;0;1;1;-27,0050108;-48,62677494;"SPRF-SC";"DEL04-SC";"UOP03-DEL04-SC"
322099;2020-11-17;"terça-feira";"18:30:00";"MG";116;274,3;"TEOFILO OTONI";"Desobediência às normas de trânsito pelo condutor";"Colisão lateral";"Com Vítimas Feridas";"Anoitecer";"Decrescente";"Nublado";"Simples";"Reta";"Sim";3;0;2;0;1;0;2;2;-17,83421273;-41,51099324;"SPRF-MG";"DEL11-MG";"UOP01-DEL11-MG"
322101;2020-11-17;"terça-feira";"21:00:00";"MS";262;187,1;"RIBAS DO RIO PARDO";"Objeto estático sobre o leito carroçável";"Colisão com objeto estático";"Com Vítimas Feridas";"Plena Noite";"Crescente";"Nublado";"Simples";"Reta";"Não";2;0;2;0;0;0;2;1;-20,43859011;-53,26376698;"SPRF-MS";"DEL07-MS";"UOP02-DEL07-MS"
322102;2020-11-17;"terça-feira";"23:00:00";"SC";101;208,4;"SAO JOSE";"Defeito Mecânico no Veículo";"Queda de ocupante de veículo";"Com Vítimas Feridas";"Plena Noite";"Crescente";"Nublado";"Múltipla";"Reta";"Sim";2;0;2;0;0;0;2;1;-27,60327979;-48,63201818;"SPRF-SC";"DEL01-SC";"UOP01-DEL01-SC"
322103;2020-11-17;"terça-feira";"22:50:00";"RS";290;93,8;"PORTO ALEGRE";"Falta de Atenção à Condução";"Colisão com objeto estático";"Com Vítimas Feridas";"Plena Noite";"Crescente";"Céu Claro";"Dupla";"Reta";"Não";1;0;1;0;0;0;1;1;-29,970839;-51,187725;"SPRF-RS";"DEL01-RS";"UOP01-DEL01-RS"
322106;2020-11-17;"terça-feira";"22:45:00";"SC";280;145;"MAFRA";"Animais na Pista";"Atropelamento de Animal";"Com Vítimas Feridas";"Plena Noite";"Crescente";"Nublado";"Simples";"Curva";"Não";1;0;1;0;0;0;1;1;-26,24950759;-49,65448427;"SPRF-SC";"DEL06-SC";"UOP03-DEL06-SC"
322107;2020-11-17;"terça-feira";"23:30:00";"RJ";393;251,5;"BARRA DO PIRAI";"Falta de Atenção à Condução";"Colisão traseira";"Com Vítimas Feridas";"Plena Noite";"Crescente";"Nublado";"Simples";"Curva";"Sim";2;0;1;0;1;0;1;2;-22,42817793;-43,76843108;"SPRF-RJ";"DEL05-RJ";"UOP04-DEL05-RJ"
322110;2020-11-17;"terça-feira";"22:20:00";"RO";174;14;"VILHENA";"Falta de Atenção à Condução";"Queda de ocupante de veículo";"Com Vítimas Feridas";"Plena Noite";"Crescente";"Nublado";"Simples";"Reta";"Sim";1;0;0;1;0;0;1;1;-12,73306632;-60,12981255;"SPRF-RO";"DEL04-RO";"UOP01-DEL04-RO"
322114;2020-11-18;"quarta-feira";"01:00:00";"RJ";101;327;"NITEROI";"Falta de Atenção à Condução";"Colisão traseira";"Com Vítimas Feridas";"Plena Noite";"Decrescente";"Garoa/Chuvisco";"Múltipla";"Declive";"Não";2;0;1;0;1;0;1;2;-22,87117393;-43,15595099;"SPRF-RJ";"DEL02-RJ";"UOP02-DEL02-RJ"
322115;2020-11-18;"quarta-feira";"02:25:00";"PR";277;454,3;"LARANJEIRAS DO SUL";"Velocidade Incompatível";"Colisão com objeto estático";"Com Vítimas Feridas";"Plena Noite";"Crescente";"Céu Claro";"Simples";"Curva";"Sim";1;0;0;1;0;0;1;1;-25,38603689;-52,4134482;"SPRF-PR";"DEL04-PR";"UOP02-DEL04-PR"
322120;2020-11-17;"terça-feira";"22:30:00";"PB";230;463,8;"SOUSA";"Desobediência às normas de trânsito pelo condutor";"Colisão com objeto estático";"Com Vítimas Feridas";"Plena Noite";"Crescente";"Céu Claro";"Simples";"Interseção de Vias";"Sim";1;0;1;0;0;0;1;1;-6,779657;-38,245979;"SPRF-PB";"DEL03-PB";"UOP03-DEL03-PB"
322122;2020-11-18;"quarta-feira";"04:05:00";"PE";101;175;"JOAQUIM NABUCO";"Animais na Pista";"Saída de leito carroçável";"Com Vítimas Feridas";"Amanhecer";"Decrescente";"Céu Claro";"Dupla";"Curva";"Não";2;0;2;0;0;0;2;1;-8,60296585;-35,535297;"SPRF-PE";"DEL01-PE";"UOP03-DEL01-PE"
322128;2020-11-18;"quarta-feira";"07:20:00";"ES";101;255,7;"SERRA";"Falta de Atenção à Condução";"Colisão traseira";"Com Vítimas Feridas";"Pleno dia";"Decrescente";"Céu Claro";"Simples";"Reta";"Sim";4;0;0;1;3;0;1;3;-20,11487935;-40,31943619;"SPRF-ES";"DEL02-ES";"UOP01-DEL02-ES"
322129;2020-11-18;"quarta-feira";"05:10:00";"MG";40;53,8;"PARACATU";"Condutor Dormindo";"Saída de leito carroçável";"Com Vítimas Feridas";"Amanhecer";"Decrescente";"Nevoeiro/Neblina";"Simples";"Reta";"Não";4;0;4;0;0;0;4;1;-17,26056204;-46,78659008;"SPRF-MG";"DEL14-MG";"UOP01-DEL14-MG"
322130;2020-11-18;"quarta-feira";"07:40:00";"DF";40;7;"BRASILIA";"Falta de Atenção à Condução";"Colisão lateral";"Com Vítimas Feridas";"Pleno dia";"Decrescente";"Céu Claro";"Dupla";"Reta";"Não";2;0;1;0;1;0;1;2;-16,03879728;-47,97937816;"SPRF-DF";"DEL01-DF";"UOP01-DEL01-DF"
322131;2020-11-18;"quarta-feira";"07:40:00";"PR";376;182;"MARINGA";"Falta de Atenção à Condução";"Tombamento";"Com Vítimas Feridas";"Pleno dia";"Crescente";"Chuva";"Múltipla";"Rotatória";"Sim";1;0;1;0;0;0;1;1;-23,43219202;-51,8875587;"SPRF-PR";"DEL09-PR";"UOP01-DEL09-PR"
322132;2020-11-18;"quarta-feira";"07:10:00";"PB";230;130;"CAMPINA GRANDE";"Desobediência às normas de trânsito pelo condutor";"Colisão transversal";"Com Vítimas Feridas";"Pleno dia";"Crescente";"Céu Claro";"Simples";"Reta";"Sim";2;0;0;1;1;0;1;2;-7,2685;-35,7213;"SPRF-PB";"DEL02-PB";"UOP01-DEL02-PB"
322134;2020-11-18;"quarta-feira";"07:45:00";"SP";381;43,4;"ATIBAIA";"Falta de Atenção à Condução";"Colisão lateral";"Com Vítimas Feridas";"Pleno dia";"Crescente";"Céu Claro";"Dupla";"Rotatória";"Sim";3;0;2;0;1;0;2;2;-23,15597105;-46,5740155;"SPRF-SP";"DEL03-SP";"UOP01-DEL03-SP"
322136;2020-11-18;"quarta-feira";"07:30:00";"RS";116;231;"IVOTI";"Falta de Atenção à Condução";"Colisão lateral";"Com Vítimas Feridas";"Pleno dia";"Crescente";"Sol";"Dupla";"Declive;Interseção de Vias;Reta";"Sim";2;0;1;0;1;0;1;2;-29,62556739;-51,1368063;"SPRF-RS";"DEL01-RS";"UOP02-DEL01-RS"
322138;2020-11-16;"segunda-feira";"16:00:00";"TO";226;44;"DARCINOPOLIS";"Pista Escorregadia";"Queda de ocupante de veículo";"Com Vítimas Feridas";"Pleno dia";"Decrescente";"Chuva";"Simples";"Reta";"Não";1;0;1;0;0;0;1;1;-6,741694;-47,779888;"SPRF-TO";"DEL02-TO";"UOP03-DEL02-TO"
322139;2020-11-18;"quarta-feira";"07:50:00";"SC";101;214,5;"PALHOCA";"Falta de Atenção à Condução";"Colisão lateral";"Com Vítimas Feridas";"Pleno dia";"Decrescente";"Nublado";"Múltipla";"Reta";"Sim";2;0;1;0;1;0;1;2;-27,64794485;-48,6727944;"SPRF-SC";"DEL01-SC";"UOP02-DEL01-SC"
322140;2020-11-18;"quarta-feira";"07:50:00";"PR";373;174,5;"PONTA GROSSA";"Velocidade Incompatível";"Colisão transversal";"Com Vítimas Feridas";"Pleno dia";"Decrescente";"Nublado";"Dupla";"Reta";"Sim";3;0;0;1;1;1;1;3;-25,071083;-50,211674;"SPRF-PR";"DEL03-PR";"UOP04-DEL03-PR"
322142;2020-11-18;"quarta-feira";"08:00:00";"PR";116;115;"CURITIBA";"Falta de Atenção à Condução";"Colisão lateral";"Com Vítimas Feridas";"Pleno dia";"Crescente";"Céu Claro";"Dupla";"Interseção de Vias";"Não";2;0;1;0;1;0;1;2;-25,55953326;-49,26560414;"SPRF-PR";"DEL01-PR";"UOP01-DEL01-PR"
322143;2020-11-18;"quarta-feira";"03:30:00";"MG";365;138;"VARZEA DA PALMA";"Animais na Pista";"Saída de leito carroçável";"Com Vítimas Feridas";"Plena Noite";"Decrescente";"Céu Claro";"Simples";"Reta";"Não";2;0;2;0;0;0;2;1;-17,20076577;-44,81698985;"SPRF-MG";"DEL12-MG";"UOP01-DEL12-MG"
322145;2020-11-18;"quarta-feira";"08:40:00";"GO";153;502;"GOIANIA";"Falta de Atenção à Condução";"Colisão traseira";"Com Vítimas Feridas";"Pleno dia";"Decrescente";"Céu Claro";"Múltipla";"Reta";"Sim";4;0;3;0;1;0;3;3;-16,7287;-49,2424;"SPRF-GO";"DEL01-GO";"UOP01-DEL01-GO"
322146;2020-11-18;"quarta-feira";"07:05:00";"MS";163;18;"MUNDO NOVO";"Falta de Atenção à Condução";"Colisão lateral";"Com Vítimas Feridas";"Pleno dia";"Decrescente";"Chuva";"Simples";"Reta";"Sim";3;0;1;0;2;0;1;2;-23,94186304;-54,28068144;"SPRF-MS";"DEL09-MS";"UOP02-DEL09-MS"
322149;2020-11-18;"quarta-feira";"08:20:00";"ES";101;176;"ARACRUZ";"Falta de Atenção à Condução";"Colisão transversal";"Com Vítimas Feridas";"Pleno dia";"Decrescente";"Céu Claro";"Simples";"Reta";"Sim";2;0;1;0;1;0;1;2;-19,59523801;-40,19835299;"SPRF-ES";"DEL04-ES";"UOP01-DEL04-ES"
322150;2020-11-18;"quarta-feira";"07:50:00";"SP";116;131;"CACAPAVA";"Falta de Atenção à Condução";"Colisão lateral";"Com Vítimas Feridas";"Pleno dia";"Crescente";"Céu Claro";"Dupla";"Reta";"Não";2;0;1;0;0;1;1;2;-23,12742083;-45,73636609;"SPRF-SP";"DEL06-SP";"UOP01-DEL06-SP"
322151;2020-11-18;"quarta-feira";"08:25:00";"SP";116;136;"SAO JOSE DOS CAMPOS";"Falta de Atenção à Condução";"Colisão traseira";"Sem Vítimas";"Pleno dia";"Crescente";"Nublado";"Dupla";"Reta";"Sim";2;0;0;0;2;0;0;2;-23,14874471;-45,77863714;"SPRF-SP";"DEL06-SP";"UOP01-DEL06-SP"
322154;2020-11-18;"quarta-feira";"09:05:00";"RS";386;239,8;"SOLEDADE";"Objeto estático sobre o leito carroçável";"Colisão com objeto estático";"Com Vítimas Feridas";"Pleno dia";"Crescente";"Céu Claro";"Simples";"Aclive;Curva";"Não";1;0;1;0;0;0;1;1;-28,76229831;-52,53114939;"SPRF-RS";"DEL04-RS";"UOP03-DEL04-RS"
322155;2020-11-17;"terça-feira";"17:40:00";"PE";0;0;"PAULISTA";"Mal Súbito";"Saída de leito carroçável";"Sem Vítimas";"Pleno dia";"Não Informado";"Céu Claro";"Simples";"Curva";"Não";2;0;0;0;2;0;0;1;-7,931371;-34,9409637;"SPRF-PE";"DEL01-PE";"UOP02-DEL01-PE"
322156;2020-11-18;"quarta-feira";"09:20:00";"RS";116;35;"VACARIA";"Falta de Atenção à Condução";"Colisão transversal";"Com Vítimas Feridas";"Pleno dia";"Crescente";"Céu Claro";"Simples";"Em Obras";"Não";2;0;0;1;1;0;1;2;-28,48584707;-50,90345093;"SPRF-RS";"DEL05-RS";"UOP03-DEL05-RS"
322158;2020-11-08;"domingo";"10:10:00";"GO";251;27;"CRISTALINA";"Falta de Atenção à Condução";"Colisão transversal";"Com Vítimas Feridas";"Pleno dia";"Crescente";"Céu Claro";"Simples";"Reta";"Sim";3;0;0;2;1;0;2;2;-16,10012382;-47,50171815;"SPRF-DF";"DEL01-DF";"UOP01-DEL01-DF"
322159;2020-11-04;"quarta-feira";"19:10:00";"GO";40;96,8;"CRISTALINA";"Desobediência às normas de trânsito pelo condutor";"Colisão transversal";"Com Vítimas Feridas";"Plena Noite";"Crescente";"Céu Claro";"Simples";"Reta";"Sim";2;0;1;0;0;1;1;2;-16,75768;-47,601613;"SPRF-DF";"DEL01-DF";"UOP02-DEL01-DF"
322160;2020-11-15;"domingo";"05:30:00";"RJ";116;127;"MAGE";"Pista Escorregadia";"Saída de leito carroçável";"Sem Vítimas";"Amanhecer";"Crescente";"Chuva";"Dupla";"Viaduto";"Sim";1;0;0;0;1;0;0;1;-22,66137035;-43,09295957;"SPRF-RJ";"DEL04-RJ";"UOP02-DEL04-RJ"
322161;2020-11-18;"quarta-feira";"10:00:00";"SP";116;219;"GUARULHOS";"Falta de Atenção à Condução";"Colisão lateral";"Com Vítimas Feridas";"Pleno dia";"Crescente";"Nublado";"Múltipla";"Reta";"Sim";3;0;1;0;2;0;1;3;-23,46314791;-46,49449468;"SPRF-SP";"DEL01-SP";"UOP01-DEL01-SP"
322163;2020-10-30;"sexta-feira";"20:30:00";"MA";230;405;"BALSAS";"Desobediência às normas de trânsito pelo condutor";"Colisão transversal";"Com Vítimas Feridas";"Plena Noite";"Decrescente";"Céu Claro";"Simples";"Interseção de Vias";"Sim";2;0;1;1;0;0;2;2;-7,52133442;-46,04968976;"SPRF-MA";"DEL05-MA";"UOP01-DEL05-MA"
322164;2020-11-18;"quarta-feira";"09:51:00";"BA";324;537;"SANTO AMARO";"Defeito Mecânico no Veículo";"Capotamento";"Com Vítimas Feridas";"Pleno dia";"Crescente";"Nublado";"Dupla";"Reta";"Não";4;0;1;0;3;0;1;1;-12,36902201;-38,81384601;"SPRF-BA";"DEL01-BA";"UOP03-DEL01-BA"
322167;2020-11-18;"quarta-feira";"10:40:00";"ES";262;105,9;"VENDA NOVA DO IMIGRANTE";"Desobediência às normas de trânsito pelo condutor";"Colisão lateral";"Com Vítimas Feridas";"Pleno dia";"Crescente";"Nublado";"Simples";"Reta";"Sim";2;0;0;1;1;0;1;2;-20,32620639;-41,14442285;"SPRF-ES";"DEL01-ES";"UOP02-DEL01-ES"
322169;2020-11-18;"quarta-feira";"08:00:00";"MS";262;206,7;"RIBAS DO RIO PARDO";"Avarias e/ou desgaste excessivo no pneu";"Saída de leito carroçável";"Com Vítimas Feridas";"Pleno dia";"Crescente";"Chuva";"Simples";"Reta";"Não";1;0;1;0;0;0;1;1;-20,46663531;-53,44262101;"SPRF-MS";"DEL07-MS";"UOP02-DEL07-MS"
322171;2020-11-18;"quarta-feira";"10:30:00";"PB";116;8;"CACHOEIRA DOS INDIOS";"Avarias e/ou desgaste excessivo no pneu";"Queda de ocupante de veículo";"Com Vítimas Feridas";"Pleno dia";"Crescente";"Céu Claro";"Simples";"Curva";"Não";1;0;0;1;0;0;1;1;-6,964668;-38,727608;"SPRF-CE";"DEL05-CE";"UOP03-DEL05-CE"
322172;2020-11-18;"quarta-feira";"11:10:00";"GO";40;48,7;"LUZIANIA";"Velocidade Incompatível";"Saída de leito carroçável";"Com Vítimas Feridas";"Pleno dia";"Crescente";"Nublado";"Simples";"Curva";"Não";5;0;5;0;0;0;5;1;-16,427776;-47,821183;"SPRF-DF";"DEL01-DF";"UOP02-DEL01-DF"
322174;2020-11-18;"quarta-feira";"08:50:00";"AC";364;48;"ACRELANDIA";"Falta de Atenção à Condução";"Colisão transversal";"Com Vítimas Feridas";"Pleno dia";"Crescente";"Sol";"Simples";"Reta;Aclive";"Não";2;0;1;0;1;0;1;2;-9,98334098;-67,16174101;"SPRF-AC";"DEL01-AC";"UOP01-DEL01-AC"
322175;2020-11-18;"quarta-feira";"11:40:00";"BA";324;584;"CANDEIAS";"Não guardar distância de segurança";"Saída de leito carroçável";"Com Vítimas Feridas";"Pleno dia";"Decrescente";"Céu Claro";"Dupla";"Reta";"Não";3;0;2;0;1;0;2;1;-12,62182288;-38,48260875;"SPRF-BA";"DEL01-BA";"UOP01-DEL01-BA"
322176;2020-11-18;"quarta-feira";"12:50:00";"CE";20;417;"MARACANAU";"Falta de Atenção à Condução";"Colisão traseira";"Com Vítimas Feridas";"Pleno dia";"Crescente";"Céu Claro";"Simples";"Reta";"Não";2;0;1;0;1;0;1;2;-3,83599;-38,607941;"SPRF-CE";"DEL01-CE";"UOP02-DEL01-CE"
322177;2020-11-18;"quarta-feira";"12:10:00";"RJ";116;169;"SAO JOAO DE MERITI";"Defeito Mecânico no Veículo";"Queda de ocupante de veículo";"Com Vítimas Feridas";"Pleno dia";"Decrescente";"Nublado";"Múltipla";"Reta";"Sim";2;0;1;0;1;0;1;1;-22,816206;-43,324463;"SPRF-RJ";"DEL01-RJ";"UOP02-DEL01-RJ"
322180;2020-11-18;"quarta-feira";"12:45:00";"SC";101;206,9;"SAO JOSE";"Falta de Atenção à Condução";"Colisão transversal";"Com Vítimas Feridas";"Pleno dia";"Crescente";"Nublado";"Múltipla";"Interseção de Vias";"Sim";2;0;0;1;1;0;1;2;-27,59912;-48,62204432;"SPRF-SC";"DEL01-SC";"UOP01-DEL01-SC"
322181;2020-11-18;"quarta-feira";"12:30:00";"RS";285;520;"VITORIA DAS MISSOES";"Condutor Dormindo";"Colisão com objeto estático";"Com Vítimas Feridas";"Pleno dia";"Crescente";"Céu Claro";"Simples";"Curva";"Não";1;0;1;0;0;0;1;1;-28,40004911;-54,47085857;"SPRF-RS";"DEL10-RS";"UOP01-DEL10-RS"
322182;2020-11-18;"quarta-feira";"11:35:00";"RO";364;703;"PORTO VELHO";"Pista Escorregadia";"Saída de leito carroçável";"Com Vítimas Feridas";"Pleno dia";"Crescente";"Chuva";"Dupla";"Reta";"Não";2;0;0;1;1;0;1;1;-8,80021874;-63,79531145;"SPRF-RO";"DEL01-RO";"UOP01-DEL01-RO"
322183;2020-11-18;"quarta-feira";"13:20:00";"GO";60;53;"ABADIANIA";"Avarias e/ou desgaste excessivo no pneu";"Colisão com objeto estático";"Com Vítimas Fatais";"Pleno dia";"Decrescente";"Chuva";"Dupla";"Curva";"Não";10;2;5;0;3;0;5;1;-16,1737;-48,6483;"SPRF-GO";"DEL02-GO";"UOP01-DEL02-GO"
322184;2020-11-18;"quarta-feira";"11:00:00";"RJ";40;93,7;"DUQUE DE CAXIAS";"Falta de Atenção à Condução";"Saída de leito carroçável";"Com Vítimas Feridas";"Pleno dia";"Crescente";"Nevoeiro/Neblina";"Simples";"Curva";"Não";2;0;1;0;1;0;1;1;-22,5554282;-43,25829998;"SPRF-RJ";"DEL01-RJ";"UOP01-DEL01-RJ"
322185;2020-11-18;"quarta-feira";"08:55:00";"RS";285;220;"CASEIROS";"Falta de Atenção à Condução";"Colisão transversal";"Com Vítimas Feridas";"Pleno dia";"Crescente";"Céu Claro";"Simples";"Reta";"Não";2;0;1;0;1;0;1;2;-28,26045;-51,702541;"SPRF-RS";"DEL08-RS";"UOP05-DEL08-RS"
322186;2020-11-18;"quarta-feira";"09:30:00";"PI";135;525;"GILBUES";"Desobediência às normas de trânsito pelo condutor";"Colisão transversal";"Com Vítimas Fatais";"Pleno dia";"Decrescente";"Nublado";"Simples";"Reta";"Não";3;1;1;0;1;0;1;2;-9,91930585;-45,3382216;"SPRF-PI";"DEL03-PI";"UOP02-DEL03-PI"
322187;2020-11-18;"quarta-feira";"13:30:00";"SP";101;48,9;"UBATUBA";"Falta de Atenção à Condução";"Colisão traseira";"Com Vítimas Feridas";"Pleno dia";"Decrescente";"Nublado";"Simples";"Reta";"Sim";2;0;1;0;0;1;1;2;-23,44651971;-45,08116549;"SPRF-SP";"DEL06-SP";"UOP01-DEL06-SP"
322188;2020-11-18;"quarta-feira";"13:00:00";"TO";153;401,9;"MIRANORTE";"Fenômenos da Natureza";"Colisão frontal";"Com Vítimas Fatais";"Pleno dia";"Decrescente";"Chuva";"Simples";"Aclive";"Não";2;1;0;0;1;0;0;2;-9,41877102;-48,57151689;"SPRF-TO";"DEL02-TO";"UOP02-DEL02-TO"
322189;2020-11-18;"quarta-feira";"13:30:00";"AL";316;58,9;"MARAVILHA";"Defeito Mecânico no Veículo";"Queda de ocupante de veículo";"Com Vítimas Feridas";"Pleno dia";"Crescente";"Céu Claro";"Simples";"Reta";"Não";1;0;1;0;0;0;1;1;-9,23752816;-37,4460221;"SPRF-AL";"DEL03-AL";"UOP02-DEL03-AL"
322190;2020-11-18;"quarta-feira";"13:30:00";"PR";277;54;"SAO JOSE DOS PINHAIS";"Defeito Mecânico no Veículo";"Saída de leito carroçável";"Sem Vítimas";"Pleno dia";"Crescente";"Chuva";"Dupla";"Reta";"Não";1;0;0;0;1;0;0;1;-25,58964707;-48,93537801;"SPRF-PR";"DEL01-PR";"UOP05-DEL01-PR"
322191;2020-11-18;"quarta-feira";"13:30:00";"PE";101;66;"RECIFE";"Falta de Atenção à Condução";"Tombamento";"Com Vítimas Feridas";"Pleno dia";"Decrescente";"Céu Claro";"Dupla";"Reta";"Sim";3;0;2;0;1;0;2;2;-8,03368534;-34,94184125;"SPRF-PE";"DEL01-PE";"UOP01-DEL01-PE"
322194;2020-11-18;"quarta-feira";"12:10:00";"SC";282;293,5;"VARGEM";"Velocidade Incompatível";"Saída de leito carroçável";"Com Vítimas Feridas";"Pleno dia";"Decrescente";"Nublado";"Simples";"Curva";"Não";1;0;1;0;0;0;1;1;-27,538227;-50,860825;"SPRF-SC";"DEL07-SC";"UOP06-DEL07-SC"
322195;2020-11-18;"quarta-feira";"14:10:00";"RN";101;82;"SAO GONCALO DO AMARANTE";"Não guardar distância de segurança";"Colisão traseira";"Com Vítimas Feridas";"Pleno dia";"Decrescente";"Céu Claro";"Simples";"Reta";"Sim";2;0;0;1;1;0;1;2;-5,76791511;-35,27456305;"SPRF-RN";"DEL02-RN";"UOP01-DEL02-RN"
322196;2020-11-18;"quarta-feira";"13:20:00";"PR";163;38,2;"PRANCHITA";"Falta de Atenção à Condução";"Colisão transversal";"Com Vítimas Feridas";"Pleno dia";"Decrescente";"Céu Claro";"Simples";"Declive;Reta";"Sim";2;0;2;0;0;0;2;2;-26,04208439;-53,72887742;"SPRF-PR";"DEL02-PR";"UOP02-DEL02-PR"
322197;2020-11-11;"quarta-feira";"07:50:00";"MS";163;486;"CAMPO GRANDE";"Falta de Atenção à Condução";"Colisão transversal";"Com Vítimas Feridas";"Pleno dia";"Crescente";"Nublado";"Simples";"Reta";"Não";2;0;2;0;0;0;2;2;-20,4336361;-54,54376745;"SPRF-MS";"DEL01-MS";"UOP02-DEL01-MS"
322198;2020-11-18;"quarta-feira";"11:10:00";"RS";116;35,9;"VACARIA";"Falta de Atenção à Condução";"Engavetamento";"Com Vítimas Feridas";"Pleno dia";"Decrescente";"Céu Claro";"Simples";"Declive;Reta;Em Obras";"Não";4;0;1;0;3;0;1;4;-28,48584707;-50,90345093;"SPRF-RS";"DEL05-RS";"UOP03-DEL05-RS"
322199;2020-11-18;"quarta-feira";"13:30:00";"PR";153;45;"SANTO ANTONIO DA PLATINA";"Defeito Mecânico no Veículo";"Colisão lateral";"Sem Vítimas";"Pleno dia";"Decrescente";"Chuva";"Simples";"Reta";"Não";2;0;0;0;2;0;0;2;-23,31948992;-50,06836564;"SPRF-PR";"DEL07-PR";"UOP04-DEL07-PR"
322200;2020-11-18;"quarta-feira";"14:30:00";"SP";153;62,1;"SAO JOSE DO RIO PRETO";"Falta de Atenção à Condução";"Colisão traseira";"Com Vítimas Feridas";"Pleno dia";"Crescente";"Chuva";"Dupla";"Reta";"Sim";2;0;1;0;1;0;1;2;-20,81325404;-49,35675563;"SPRF-SP";"DEL09-SP";"UOP01-DEL09-SP"
322202;2020-10-20;"terça-feira";"18:10:00";"PR";163;289;"MARECHAL CANDIDO RONDON";"Defeito na Via";"Queda de ocupante de veículo";"Com Vítimas Feridas";"Anoitecer";"Decrescente";"Ignorado";"Simples";"Reta";"Sim";1;0;0;1;0;0;1;1;-24,54325405;-54,04536607;"SPRF-PR";"DEL06-PR";"UOP02-DEL06-PR"
322204;2020-11-18;"quarta-feira";"14:00:00";"PR";376;602;"CURITIBA";"Não guardar distância de segurança";"Tombamento";"Com Vítimas Feridas";"Pleno dia";"Decrescente";"Chuva";"Dupla";"Curva";"Sim";1;0;1;0;0;0;1;1;-25,54228983;-49,30922446;"SPRF-PR";"DEL01-PR";"UOP01-DEL01-PR"
322205;2020-11-18;"quarta-feira";"14:50:00";"RS";386;349,2;"LAJEADO";"Falta de Atenção à Condução";"Tombamento";"Com Vítimas Feridas";"Pleno dia";"Crescente";"Céu Claro";"Dupla";"Reta";"Sim";1;0;1;0;0;0;1;1;-29,456644;-51,957329;"SPRF-RS";"DEL04-RS";"UOP02-DEL04-RS"
322207;2020-11-18;"quarta-feira";"14:20:00";"GO";60;112,9;"GOIANAPOLIS";"Falta de Atenção à Condução";"Saída de leito carroçável";"Com Vítimas Feridas";"Pleno dia";"Crescente";"Nublado";"Dupla";"Reta";"Não";2;0;2;0;0;0;2;1;-16,4511;-49,0498;"SPRF-GO";"DEL01-GO";"UOP01-DEL01-GO"
322208;2020-11-18;"quarta-feira";"14:40:00";"SC";470;38;"GASPAR";"Pista Escorregadia";"Tombamento";"Com Vítimas Feridas";"Pleno dia";"Crescente";"Chuva";"Simples";"Reta";"Não";1;0;1;0;0;0;1;1;-26,904108;-48,980164;"SPRF-SC";"DEL04-SC";"UOP01-DEL04-SC"
322209;2020-11-12;"quinta-feira";"07:40:00";"MS";262;345,5;"CAMPO GRANDE";"Falta de Atenção à Condução";"Colisão transversal";"Sem Vítimas";"Pleno dia";"Decrescente";"Céu Claro";"Simples";"Interseção de Vias";"Sim";2;0;0;0;2;0;0;2;-20,57515545;-54,59385579;"SPRF-MS";"DEL01-MS";"UOP03-DEL01-MS"