"id";"data_inversa";"dia_semana";"horario";"uf";"br";"km";"municipio";"causa_acidente";"tipo_acidente";"classificacao_acidente";"fase_dia";"sentido_via";"condicao_metereologica";"tipo_pista";"tracado_via";"uso_solo";"pessoas";"mortos";"feridos_leves";"feridos_graves";"ilesos";"ignorados";"feridos";"veiculos";"latitude";"longitude";"regional";"delegacia";"uop"
322211;2020-11-18;"quarta-feira";"15:45:00";"MG";365;628,9;"UBERLANDIA";"Condutor Dormindo";"Colisão com objeto estático";"Com Vítimas Feridas";"Pleno dia";"Decrescente";"Nublado";"Dupla";"Reta";"Sim";1;0;1;0;0;0;1;1;-18,908088;-48,313879;"SPRF-MG";"DEL15-MG";"UOP01-DEL15-MG"
322213;2020-11-18;"quarta-feira";"14:20:00";"ES";101;269,9;"SERRA";"Falta de Atenção à Condução";"Colisão traseira";"Sem Vítimas";"Pleno dia";"Decrescente";"Sol";"Múltipla";"Reta";"Sim";2;0;0;0;2;0;0;2;-20,21740496;-40,26990578;"SPRF-ES";"DEL02-ES";"UOP01-DEL02-ES"
322214;2020-11-18;"quarta-feira";"15:25:00";"MG";50;135;"UBERABA";"Pista Escorregadia";"Saída de leito carroçável";"Sem Vítimas";"Pleno dia";"Crescente";"Chuva";"Dupla";"Declive";"Não";3;0;0;0;3;0;0;1;-19,43322605;-48,06684615;"SPRF-MG";"DEL13-MG";"UOP01-DEL13-MG"
322215;2020-11-18;"quarta-feira";"14:30:00";"MG";40;15;"PARACATU";"Avarias e/ou desgaste excessivo no pneu";"Queda de ocupante de veículo";"Com Vítimas Feridas";"Pleno dia";"Crescente";"Nublado";"Simples";"Reta";"Não";2;0;1;0;1;0;1;1;-17,07769216;-47,03616232;"SPRF-MG";"DEL14-MG";"UOP01-DEL14-MG"
322216;2020-11-18;"quarta-feira";"16:00:00";"SC";101;212;"PALHOCA";"Não guardar distância de segurança";"Colisão traseira";"Sem Vítimas";"Pleno dia";"Decrescente";"Chuva";"Dupla";"Reta";"Sim";2;0;0;0;2;0;0;2;-27,62996929;-48,65903871;"SPRF-SC";"DEL01-SC";"UOP02-DEL01-SC"
322217;2020-10-17;"sábado";"22:50:00";"PR";476;119;"COLOMBO";"Ingestão de álcool e/ou substâncias psicoativas pelo pedestre";"Colisão transversal";"Com Vítimas Feridas";"Plena Noite";"Crescente";"Céu Claro";"Dupla";"Interseção de Vias";"Sim";2;0;0;1;1;0;1;2;-25,364202;-49,185825;"SPRF-PR";"DEL01-PR";"UOP02-DEL01-PR"
322220;2020-10-12;"segunda-feira";"07:00:00";"PR";116;117;"CURITIBA";"Ingestão de Álcool";"Colisão com objeto estático";"Sem Vítimas";"Pleno dia";"Decrescente";"Nublado";"Dupla";"Curva";"Sim";1;0;0;0;1;0;0;1;-25,54988723;-49,28248211;"SPRF-PR";"DEL01-PR";"UOP01-DEL01-PR"
322222;2020-10-29;"quinta-feira";"14:00:00";"MT";364;626;"DIAMANTINO";"Pista Escorregadia";"Saída de leito carroçável";"Com Vítimas Feridas";"Pleno dia";"Decrescente";"Chuva";"Simples";"Reta";"Não";2;0;0;1;1;0;1;1;-14,37879592;-56,37227995;"SPRF-MT";"DEL01-MT";"UOP01-DEL01-MT"
322223;2020-11-18;"quarta-feira";"14:00:00";"MA";222;656;"ACAILANDIA";"Falta de Atenção à Condução";"Saída de leito carroçável";"Com Vítimas Fatais";"Pleno dia";"Crescente";"Nublado";"Simples";"Reta";"Não";4;1;1;1;0;1;2;1;-4,875393;-47,352804;"SPRF-MA";"DEL04-MA";"UOP03-DEL04-MA"
322224;2020-11-18;"quarta-feira";"12:25:00";"RJ";393;112;"SAPUCAIA";"Falta de Atenção à Condução";"Saída de leito carroçável";"Com Vítimas Feridas";"Pleno dia";"Decrescente";"Céu Claro";"Simples";"Curva";"Não";1;0;1;0;0;0;1;1;-21,89875818;-42,72027789;"SPRF-RJ";"DEL05-RJ";"UOP01-DEL05-RJ"
322225;2020-11-18;"quarta-feira";"16:30:00";"BA";324;475;"TANQUINHO";"Falta de Atenção à Condução";"Colisão transversal";"Com Vítimas Feridas";"Pleno dia";"Crescente";"Nublado";"Simples";"Reta";"Sim";2;0;1;0;1;0;1;2;-11,97820325;-39,10205841;"SPRF-BA";"DEL02-BA";"UOP01-DEL02-BA"
322228;2020-11-18;"quarta-feira";"17:00:00";"RJ";101;283;"ITABORAI";"Falta de Atenção à Condução";"Queda de ocupante de veículo";"Com Vítimas Feridas";"Pleno dia";"Decrescente";"Nublado";"Simples";"Curva";"Não";1;0;1;0;0;0;1;1;-22,73591014;-42,80592689;"SPRF-RJ";"DEL02-RJ";"UOP03-DEL02-RJ"
322230;2020-11-18;"quarta-feira";"17:00:00";"PE";104;35,6;"CARUARU";"Animais na Pista";"Atropelamento de Animal";"Com Vítimas Feridas";"Anoitecer";"Crescente";"Céu Claro";"Dupla";"Declive";"Não";2;0;1;0;1;0;1;1;-8,0567;-36,0485;"SPRF-PE";"DEL02-PE";"UOP01-DEL02-PE"
322232;2020-11-18;"quarta-feira";"17:50:00";"CE";116;23,2;"AQUIRAZ";"Velocidade Incompatível";"Saída de leito carroçável";"Com Vítimas Fatais";"Anoitecer";"Decrescente";"Nublado";"Dupla";"Declive;Curva";"Não";1;1;0;0;0;0;0;1;-3,94905489;-38,51212845;"SPRF-CE";"DEL01-CE";"UOP02-DEL01-CE"
322233;2020-11-18;"quarta-feira";"15:05:00";"MG";262;832;"UBERABA";"Defeito na Via";"Saída de leito carroçável";"Sem Vítimas";"Pleno dia";"Crescente";"Chuva";"Dupla";"Declive;Reta";"Não";4;0;0;0;4;0;0;1;-19,74213602;-48,212724;"SPRF-MG";"DEL13-MG";"UOP01-DEL13-MG"
322234;2020-11-18;"quarta-feira";"17:50:00";"PB";230;158,7;"CAMPINA GRANDE";"Desobediência às normas de trânsito pelo condutor";"Colisão transversal";"Com Vítimas Feridas";"Anoitecer";"Crescente";"Céu Claro";"Simples";"Reta";"Sim";3;0;2;0;1;0;2;2;-7,2582;-35,9267;"SPRF-PB";"DEL02-PB";"UOP01-DEL02-PB"
322235;2020-11-18;"quarta-feira";"18:20:00";"PR";116;4;"CAMPINA GRANDE DO SUL";"Não guardar distância de segurança";"Colisão lateral";"Com Vítimas Feridas";"Plena Noite";"Crescente";"Céu Claro";"Dupla";"Reta";"Não";3;0;1;1;1;0;2;2;-25,07606967;-48,5937452;"SPRF-PR";"DEL01-PR";"UOP02-DEL01-PR"
322236;2020-10-31;"sábado";"10:25:00";"ES";262;5,7;"CARIACICA";"Desobediência às normas de trânsito pelo condutor";"Colisão transversal";"Com Vítimas Feridas";"Pleno dia";"Crescente";"Chuva";"Simples";"Interseção de Vias";"Sim";2;0;0;1;1;0;1;2;-20,33707281;-40,38649924;"SPRF-ES";"DEL01-ES";"UOP01-DEL01-ES"
322237;2020-11-18;"quarta-feira";"16:40:00";"MG";381;483,7;"BETIM";"Não guardar distância de segurança";"Colisão traseira";"Com Vítimas Feridas";"Pleno dia";"Decrescente";"Chuva";"Dupla";"Reta";"Não";3;0;2;0;1;0;2;2;-19,95594491;-44,10721699;"SPRF-MG";"DEL01-MG";"UOP03-DEL01-MG"
322239;2020-11-18;"quarta-feira";"18:05:00";"CE";116;89,2;"CASCAVEL";"Condutor Dormindo";"Queda de ocupante de veículo";"Com Vítimas Feridas";"Anoitecer";"Decrescente";"Céu Claro";"Simples";"Reta";"Não";1;0;1;0;0;0;1;1;-4,457229;-38,37375;"SPRF-CE";"DEL03-CE";"UOP02-DEL03-CE"
322240;2020-11-18;"quarta-feira";"17:50:00";"RS";386;447;"CANOAS";"Defeito Mecânico no Veículo";"Colisão com objeto estático";"Com Vítimas Feridas";"Pleno dia";"Crescente";"Céu Claro";"Simples";"Viaduto";"Sim";1;0;1;0;0;0;1;1;-29,897236;-51,175995;"SPRF-RS";"DEL01-RS";"UOP01-DEL01-RS"
322241;2020-11-18;"quarta-feira";"18:00:00";"MG";365;313;"JOAO PINHEIRO";"Fenômenos da Natureza";"Capotamento";"Com Vítimas Feridas";"Plena Noite";"Crescente";"Chuva";"Simples";"Curva";"Não";2;0;0;2;0;0;2;1;-18,2135;-45,8403;"SPRF-MG";"DEL10-MG";"UOP01-DEL10-MG"
322244;2020-11-18;"quarta-feira";"17:40:00";"PR";369;154,9;"LONDRINA";"Objeto estático sobre o leito carroçável";"Colisão com objeto estático";"Com Vítimas Feridas";"Pleno dia";"Decrescente";"Chuva";"Dupla";"Reta";"Sim";1;0;0;1;0;0;1;1;-23,29616167;-51,20728076;"SPRF-PR";"DEL07-PR";"UOP01-DEL07-PR"
322245;2020-11-18;"quarta-feira";"18:00:00";"RJ";101;437;"MANGARATIBA";"Ultrapassagem Indevida";"Colisão frontal";"Sem Vítimas";"Anoitecer";"Crescente";"Chuva";"Simples";"Reta";"Não";2;0;0;0;2;0;0;2;-22,94811517;-44,06549304;"SPRF-RJ";"DEL03-RJ";"UOP03-DEL03-RJ"
322247;2020-11-18;"quarta-feira";"15:50:00";"PE";316;80,7;"OURICURI";"Falta de Atenção à Condução";"Saída de leito carroçável";"Com Vítimas Feridas";"Pleno dia";"Decrescente";"Nublado";"Simples";"Reta";"Sim";4;0;4;0;0;0;4;1;-7,86203027;-40,10893727;"SPRF-PE";"DEL05-PE";"UOP02-DEL05-PE"
322248;2020-11-18;"quarta-feira";"17:15:00";"BA";242;715;"CRISTOPOLIS";"Falta de Atenção à Condução";"Saída de leito carroçável";"Com Vítimas Feridas";"Pleno dia";"Crescente";"Chuva";"Simples";"Curva";"Não";3;0;1;0;2;0;1;1;-12,224375;-44,349367;"SPRF-BA";"DEL06-BA";"UOP03-DEL06-BA"
322250;2020-11-18;"quarta-feira";"18:50:00";"GO";153;504;"APARECIDA DE GOIANIA";"Falta de Atenção à Condução";"Queda de ocupante de veículo";"Com Vítimas Feridas";"Plena Noite";"Crescente";"Céu Claro";"Dupla";"Reta";"Sim";1;0;0;1;0;0;1;1;-16,7451;-49,2408;"SPRF-GO";"DEL01-GO";"UOP01-DEL01-GO"
322251;2020-11-18;"quarta-feira";"15:00:00";"AL";101;68;"MESSIAS";"Condutor Dormindo";"Capotamento";"Com Vítimas Feridas";"Pleno dia";"Crescente";"Céu Claro";"Dupla";"Reta";"Não";3;0;3;0;0;0;3;1;-9,34924699;-35,83289449;"SPRF-AL";"DEL01-AL";"UOP02-DEL01-AL"
322253;2020-11-18;"quarta-feira";"18:55:00";"RJ";116;48;"TERESOPOLIS";"Falta de Atenção à Condução";"Colisão lateral";"Com Vítimas Feridas";"Plena Noite";"Decrescente";"Chuva";"Simples";"Reta";"Sim";3;0;2;0;1;0;2;2;-22,17604324;-42,83938289;"SPRF-RJ";"DEL04-RJ";"UOP01-DEL04-RJ"
322254;2020-11-18;"quarta-feira";"18:37:00";"BA";324;623,2;"SALVADOR";"Velocidade Incompatível";"Colisão traseira";"Com Vítimas Feridas";"Plena Noite";"Crescente";"Céu Claro";"Dupla";"Reta";"Sim";2;0;1;0;0;1;1;2;-12,92628699;-38,46838679;"SPRF-BA";"DEL01-BA";"UOP01-DEL01-BA"
322257;2020-11-18;"quarta-feira";"18:30:00";"MG";381;493;"BETIM";"Não guardar distância de segurança";"Engavetamento";"Com Vítimas Feridas";"Plena Noite";"Decrescente";"Chuva";"Dupla";"Reta";"Sim";7;0;1;0;6;0;1;6;-19,97670801;-44,19962698;"SPRF-MG";"DEL01-MG";"UOP03-DEL01-MG"
322258;2020-11-18;"quarta-feira";"18:54:00";"SP";116;103,4;"PINDAMONHANGABA";"Falta de Atenção à Condução";"Colisão com objeto estático";"Com Vítimas Feridas";"Plena Noite";"Crescente";"Chuva";"Dupla";"Reta";"Não";2;0;1;0;1;0;1;1;-22,99919465;-45,49788917;"SPRF-SP";"DEL06-SP";"UOP01-DEL06-SP"
322259;2020-11-18;"quarta-feira";"17:00:00";"PA";316;55,8;"CASTANHAL";"Pista Escorregadia";"Saída de leito carroçável";"Com Vítimas Feridas";"Pleno dia";"Decrescente";"Chuva";"Dupla";"Reta;Declive";"Não";3;0;2;1;0;0;3;1;-1,30561339;-47,99919919;"SPRF-PA";"DEL01-PA";"UOP01-DEL01-PA"
322260;2020-11-18;"quarta-feira";"19:30:00";"GO";40;1,8;"VALPARAISO DE GOIAS";"Falta de Atenção à Condução";"Colisão lateral";"Com Vítimas Feridas";"Plena Noite";"Crescente";"Céu Claro";"Dupla";"Declive;Reta";"Sim";4;0;1;0;3;0;1;2;-16,064706;-47,983925;"SPRF-DF";"DEL01-DF";"UOP01-DEL01-DF"
322263;2020-11-18;"quarta-feira";"19:15:00";"RS";392;2,1;"CAPAO DO LEAO";"Falta de Atenção à Condução";"Colisão lateral";"Com Vítimas Feridas";"Plena Noite";"Decrescente";"Nublado";"Simples";"Rotatória";"Sim";2;0;1;0;1;0;1;2;-31,7602;-52,4381;"SPRF-RS";"DEL07-RS";"UOP02-DEL07-RS"
322264;2020-11-18;"quarta-feira";"19:30:00";"RJ";101;48,3;"CAMPOS DOS GOYTACAZES";"Restrição de Visibilidade";"Atropelamento de Pedestre";"Com Vítimas Fatais";"Plena Noite";"Decrescente";"Céu Claro";"Simples";"Reta";"Sim";2;1;0;0;1;0;0;2;-21,61625895;-41,31535762;"SPRF-RJ";"DEL08-RJ";"UOP01-DEL08-RJ"
322265;2020-11-18;"quarta-feira";"19:10:00";"PB";101;87;"JOAO PESSOA";"Ingestão de álcool e/ou substâncias psicoativas pelo pedestre";"Colisão traseira";"Sem Vítimas";"Plena Noite";"Crescente";"Céu Claro";"Dupla";"Curva";"Sim";2;0;0;0;1;1;0;2;-7,15886802;-34,90628504;"SPRF-PB";"DEL01-PB";"UOP01-DEL01-PB"
322268;2020-11-18;"quarta-feira";"18:40:00";"MG";381;521;"BRUMADINHO";"Falta de Atenção à Condução";"Colisão com objeto estático";"Com Vítimas Feridas";"Plena Noite";"Decrescente";"Nublado";"Dupla";"Aclive;Curva";"Não";1;0;1;0;0;0;1;1;-20,13846621;-44,31715274;"SPRF-MG";"DEL04-MG";"UOP03-DEL04-MG"
322269;2020-11-18;"quarta-feira";"20:15:00";"CE";116;7,6;"FORTALEZA";"Desobediência às normas de trânsito pelo condutor";"Colisão traseira";"Com Vítimas Feridas";"Plena Noite";"Crescente";"Céu Claro";"Múltipla";"Reta";"Sim";3;0;1;0;2;0;1;2;-3,81073099;-38,50074867;"SPRF-CE";"DEL01-CE";"UOP02-DEL01-CE"
322270;2020-11-18;"quarta-feira";"19:38:00";"RS";386;444,6;"CANOAS";"Defeito Mecânico no Veículo";"Colisão traseira";"Com Vítimas Feridas";"Plena Noite";"Decrescente";"Céu Claro";"Dupla";"Reta";"Sim";3;0;0;1;2;0;1;3;-29,89219782;-51,19682919;"SPRF-RS";"DEL01-RS";"UOP01-DEL01-RS"
322272;2020-11-18;"quarta-feira";"16:45:00";"MG";116;522,8;"CARATINGA";"Desobediência às normas de trânsito pelo condutor";"Colisão transversal";"Com Vítimas Feridas";"Pleno dia";"Crescente";"Nublado";"Simples";"Reta";"Não";3;0;0;1;1;1;1;3;-19,74300101;-42,13231969;"SPRF-MG";"DEL06-MG";"UOP02-DEL06-MG"
322273;2020-11-18;"quarta-feira";"19:20:00";"RO";364;708;"PORTO VELHO";"Falta de Atenção à Condução";"Tombamento";"Com Vítimas Feridas";"Plena Noite";"Decrescente";"Céu Claro";"Simples";"Reta";"Sim";1;0;1;0;0;0;1;1;-8,79554083;-63,84072487;"SPRF-RO";"DEL01-RO";"UOP01-DEL01-RO"
322274;2020-11-18;"quarta-feira";"03:00:00";"PI";316;113;"PASSAGEM FRANCA DO PIAUI";"Falta de Atenção à Condução";"Capotamento";"Sem Vítimas";"Plena Noite";"Decrescente";"Céu Claro";"Simples";"Curva";"Não";1;0;0;0;0;1;0;1;-5,90627199;-42,40355098;"SPRF-PI";"DEL04-PI";"UOP02-DEL04-PI"
322275;2020-11-18;"quarta-feira";"20:05:00";"SC";116;62,8;"PAPANDUVA";"Desobediência às normas de trânsito pelo condutor";"Colisão frontal";"Com Vítimas Feridas";"Plena Noite";"Crescente";"Céu Claro";"Simples";"Reta";"Não";3;0;1;0;2;0;1;2;-26,39743503;-50,22573664;"SPRF-SC";"DEL06-SC";"UOP02-DEL06-SC"
322276;2020-11-18;"quarta-feira";"19:50:00";"PE";101;50,2;"ABREU E LIMA";"Falta de Atenção à Condução";"Queda de ocupante de veículo";"Sem Vítimas";"Plena Noite";"Crescente";"Céu Claro";"Múltipla";"Reta";"Sim";1;0;0;0;0;1;0;1;-7,90938602;-34,90123228;"SPRF-PE";"DEL01-PE";"UOP02-DEL01-PE"
322277;2020-11-18;"quarta-feira";"21:10:00";"MG";40;523;"CONTAGEM";"Falta de Atenção à Condução";"Capotamento";"Sem Vítimas";"Plena Noite";"Decrescente";"Chuva";"Dupla";"Reta";"Sim";1;0;0;0;0;1;0;1;-19,86874894;-44,05962197;"SPRF-MG";"DEL01-MG";"UOP02-DEL01-MG"
322279;2020-11-18;"quarta-feira";"21:15:00";"GO";158;269;"JATAI";"Ingestão de Álcool";"Colisão com objeto estático";"Com Vítimas Fatais";"Plena Noite";"Crescente";"Céu Claro";"Dupla";"Reta";"Sim";1;1;0;0;0;0;0;1;-17,85473041;-51,73125121;"SPRF-GO";"DEL05-GO";"UOP01-DEL05-GO"
322280;2020-11-18;"quarta-feira";"21:00:00";"PR";369;144,6;"LONDRINA";"Ingestão de Álcool";"Colisão transversal";"Com Vítimas Feridas";"Plena Noite";"Decrescente";"Garoa/Chuvisco";"Dupla";"Reta";"Sim";3;0;2;1;0;0;3;2;-23,29314627;-51,10053957;"SPRF-PR";"DEL07-PR";"UOP01-DEL07-PR"
322281;2020-11-18;"quarta-feira";"21:45:00";"ES";101;154;"LINHARES";"Desobediência às normas de trânsito pelo condutor";"Colisão frontal";"Com Vítimas Fatais";"Plena Noite";"Decrescente";"Chuva";"Simples";"Reta";"Não";5;1;0;0;4;0;0;2;-19,43087618;-40,08393774;"SPRF-ES";"DEL04-ES";"UOP01-DEL04-ES"
322283;2020-11-18;"quarta-feira";"21:45:00";"RS";293;13;"CAPAO DO LEAO";"Falta de Atenção à Condução";"Tombamento";"Com Vítimas Feridas";"Pleno dia";"Decrescente";"Céu Claro";"Simples";"Reta";"Sim";1;0;1;0;0;0;1;1;-31,74948172;-52,47928619;"SPRF-RS";"DEL07-RS";"UOP01-DEL07-RS"
322284;2020-11-18;"quarta-feira";"21:10:00";"MG";381;487;"BETIM";"Defeito Mecânico no Veículo";"Queda de ocupante de veículo";"Com Vítimas Feridas";"Plena Noite";"Crescente";"Chuva";"Simples";"Reta";"Não";2;0;2;0;0;0;2;1;-19,95586853;-44,14609501;"SPRF-MG";"DEL01-MG";"UOP03-DEL01-MG"
322302;2020-11-18;"quarta-feira";"22:25:00";"SC";101;215,5;"PALHOCA";"Falta de Atenção à Condução";"Colisão transversal";"Com Vítimas Feridas";"Plena Noite";"Decrescente";"Nublado";"Múltipla";"Interseção de Vias";"Sim";2;0;2;0;0;0;2;2;-27,65184843;-48,67604941;"SPRF-SC";"DEL01-SC";"UOP02-DEL01-SC"
322304;2020-11-18;"quarta-feira";"21:40:00";"BA";101;359;"WENCESLAU GUIMARAES";"Falta de Atenção à Condução";"Saída de leito carroçável";"Com Vítimas Feridas";"Plena Noite";"Decrescente";"Céu Claro";"Simples";"Reta";"Sim";2;0;2;0;0;0;2;1;-13,68877;-39,480994;"SPRF-BA";"DEL05-BA";"UOP03-DEL05-BA"
322306;2020-11-18;"quarta-feira";"21:25:00";"RJ";116;279;"BARRA MANSA";"Pista Escorregadia";"Colisão com objeto estático";"Sem Vítimas";"Plena Noite";"Crescente";"Chuva";"Dupla";"Curva";"Não";1;0;0;0;1;0;0;1;-22,54744306;-44,1836602;"SPRF-RJ";"DEL07-RJ";"UOP02-DEL07-RJ"
322307;2020-11-18;"quarta-feira";"21:00:00";"MS";163;501,1;"CAMPO GRANDE";"Animais na Pista";"Saída de leito carroçável";"Com Vítimas Feridas";"Plena Noite";"Decrescente";"Nublado";"Simples";"Reta";"Não";1;0;1;0;0;0;1;1;-20,3155521;-54,51282978;"SPRF-MS";"DEL01-MS";"UOP02-DEL01-MS"
322308;2020-11-18;"quarta-feira";"23:20:00";"GO";20;30;"FORMOSA";"Não guardar distância de segurança";"Colisão traseira";"Sem Vítimas";"Plena Noite";"Crescente";"Céu Claro";"Simples";"Declive";"Sim";6;0;0;0;6;0;0;2;-15,498156;-47,109814;"SPRF-DF";"DEL02-DF";"UOP01-DEL02-DF"
322310;2020-11-18;"quarta-feira";"21:10:00";"SC";280;9;"SAO FRANCISCO DO SUL";"Falta de Atenção à Condução";"Colisão transversal";"Sem Vítimas";"Plena Noite";"Crescente";"Chuva";"Simples";"Reta";"Sim";2;0;0;0;2;0;0;2;-26,28788296;-48,64601559;"SPRF-SC";"DEL03-SC";"UOP03-DEL03-SC"
322311;2020-11-18;"quarta-feira";"18:40:00";"RJ";493;109;"DUQUE DE CAXIAS";"Falta de Atenção à Condução";"Colisão traseira";"Com Vítimas Feridas";"Plena Noite";"Decrescente";"Chuva";"Múltipla";"Viaduto";"Não";3;0;1;0;2;0;1;2;-22,672089;-43,285053;"SPRF-RJ";"DEL03-RJ";"UOP01-DEL03-RJ"
322312;2020-11-18;"quarta-feira";"23:40:00";"PR";376;175;"MARINGA";"Falta de Atenção à Condução";"Colisão lateral";"Com Vítimas Feridas";"Plena Noite";"Decrescente";"Céu Claro";"Dupla";"Reta";"Sim";4;0;0;1;3;0;1;2;-23,4113569;-51,9407767;"SPRF-PR";"DEL09-PR";"UOP01-DEL09-PR"
322313;2020-11-18;"quarta-feira";"22:00:00";"MS";163;209,7;"CAARAPO";"Desobediência às normas de trânsito pelo condutor";"Colisão transversal";"Com Vítimas Feridas";"Plena Noite";"Crescente";"Céu Claro";"Simples";"Reta";"Não";3;0;1;0;1;1;1;2;-22,624217;-54,817613;"SPRF-MS";"DEL04-MS";"UOP02-DEL04-MS"
322314;2020-11-19;"quinta-feira";"00:05:00";"AL";104;19,9;"SAO JOSE DA LAJE";"Ingestão de Álcool";"Queda de ocupante de veículo";"Com Vítimas Feridas";"Plena Noite";"Crescente";"Céu Claro";"Simples";"Curva";"Não";1;0;1;0;0;0;1;1;-9,05726702;-36,03365958;"SPRF-AL";"DEL01-AL";"UOP02-DEL01-AL"
322315;2020-11-18;"quarta-feira";"23:40:00";"MG";262;36,2;"MANHUACU";"Ingestão de Álcool";"Atropelamento de Pedestre";"Com Vítimas Feridas";"Plena Noite";"Decrescente";"Chuva";"Simples";"Reta";"Sim";2;0;0;1;1;0;1;2;-20,25932046;-42,02298331;"SPRF-MG";"DEL06-MG";"UOP03-DEL06-MG"
322317;2020-11-19;"quinta-feira";"01:00:00";"MG";251;267,3;"SALINAS";"Velocidade Incompatível";"Atropelamento de Animal";"Com Vítimas Feridas";"Plena Noite";"Crescente";"Chuva";"Simples";"Reta";"Não";3;0;3;0;0;0;3;1;-15,9955822;-42,00860101;"SPRF-MG";"DEL11-MG";"UOP02-DEL11-MG"
322319;2020-11-19;"quinta-feira";"01:00:00";"DF";20;19,1;"BRASILIA";"Falta de Atenção à Condução";"Colisão traseira";"Sem Vítimas";"Plena Noite";"Crescente";"Céu Claro";"Dupla";"Reta;Declive";"Não";2;0;0;0;2;0;0;2;-15,612175;-47,700928;"SPRF-DF";"DEL02-DF";"UOP01-DEL02-DF"
322320;2020-11-19;"quinta-feira";"01:00:00";"RJ";493;108;"ITAGUAI";"Desobediência às normas de trânsito pelo condutor";"Colisão frontal";"Com Vítimas Feridas";"Plena Noite";"Decrescente";"Chuva";"Dupla";"Reta";"Não";7;0;4;1;2;0;5;2;-22,790246;-43,777997;"SPRF-RJ";"DEL03-RJ";"UOP01-DEL03-RJ"
322324;2020-11-19;"quinta-feira";"01:10:00";"RO";174;15,4;"VILHENA";"Falta de Atenção à Condução";"Tombamento";"Com Vítimas Feridas";"Plena Noite";"Crescente";"Chuva";"Dupla";"Reta";"Sim";2;0;1;1;0;0;2;1;-12,723321;-60,12801;"SPRF-RO";"DEL04-RO";"UOP01-DEL04-RO"
322328;2020-11-18;"quarta-feira";"17:45:00";"SP";116;521;"CAJATI";"Pista Escorregadia";"Colisão com objeto estático";"Com Vítimas Feridas";"Pleno dia";"Decrescente";"Garoa/Chuvisco";"Dupla";"Declive";"Não";1;0;1;0;0;0;1;1;-24,8997218;-48,24745938;"SPRF-SP";"DEL05-SP";"UOP02-DEL05-SP"
322329;2020-11-19;"quinta-feira";"03:40:00";"RS";386;363,2;"BOM RETIRO DO SUL";"Ingestão de Álcool";"Saída de leito carroçável";"Com Vítimas Fatais";"Plena Noite";"Crescente";"Céu Claro";"Dupla";"Reta";"Não";1;1;0;0;0;0;0;1;-29,56018909;-51,88204072;"SPRF-RS";"DEL04-RS";"UOP02-DEL04-RS"
322336;2020-11-18;"quarta-feira";"23:59:00";"MG";381;500;"BETIM";"Pista Escorregadia";"Queda de ocupante de veículo";"Com Vítimas Feridas";"Plena Noite";"Decrescente";"Garoa/Chuvisco";"Dupla";"Reta";"Não";1;0;1;0;0;0;1;1;-20,00268782;-44,21231166;"SPRF-MG";"DEL01-MG";"UOP03-DEL01-MG"
322337;2020-11-19;"quinta-feira";"05:10:00";"RS";290;112;"ELDORADO DO SUL";"Ingestão de Álcool";"Saída de leito carroçável";"Com Vítimas Feridas";"Amanhecer";"Crescente";"Céu Claro";"Dupla";"Reta";"Não";5;0;1;0;4;0;1;1;-30,040455;-51,329193;"SPRF-RS";"DEL02-RS";"UOP01-DEL02-RS"
322338;2020-11-19;"quinta-feira";"05:00:00";"PR";277;696;"SAO MIGUEL DO IGUACU";"Condutor Dormindo";"Saída de leito carroçável";"Com Vítimas Feridas";"Amanhecer";"Crescente";"Nevoeiro/Neblina";"Dupla";"Reta";"Não";3;0;2;0;1;0;2;1;-25,38683788;-54,29509407;"SPRF-PR";"DEL05-PR";"UOP01-DEL05-PR"
322343;2020-11-19;"quinta-feira";"06:50:00";"RN";304;304;"MACAIBA";"Não guardar distância de segurança";"Tombamento";"Com Vítimas Feridas";"Pleno dia";"Crescente";"Céu Claro";"Dupla";"Reta";"Sim";1;0;1;0;0;0;1;1;-5,88497076;-35,28078192;"SPRF-RN";"DEL01-RN";"UOP02-DEL01-RN"
322345;2020-11-19;"quinta-feira";"05:30:00";"RJ";116;43;"TERESOPOLIS";"Falta de Atenção à Condução";"Saída de leito carroçável";"Com Vítimas Feridas";"Amanhecer";"Crescente";"Chuva";"Simples";"Reta";"Não";1;0;1;0;0;0;1;1;-22,15063486;-42,80150917;"SPRF-RJ";"DEL04-RJ";"UOP01-DEL04-RJ"
322346;2020-11-19;"quinta-feira";"05:00:00";"GO";60;395;"RIO VERDE";"Falta de Atenção à Condução";"Saída de leito carroçável";"Com Vítimas Feridas";"Plena Noite";"Decrescente";"Chuva";"Dupla";"Curva;Declive";"Não";1;0;1;0;0;0;1;1;-17,8224;-51,0075;"SPRF-GO";"DEL04-GO";"UOP01-DEL04-GO"
322347;2020-11-19;"quinta-feira";"00:50:00";"BA";407;83,6;"JAGUARARI";"Ingestão de Substâncias Psicoativas";"Colisão frontal";"Com Vítimas Fatais";"Plena Noite";"Crescente";"Céu Claro";"Simples";"Reta";"Não";3;1;1;0;1;0;1;2;-10,08726101;-40,23298207;"SPRF-BA";"DEL04-BA";"UOP01-DEL04-BA"
322349;2020-11-19;"quinta-feira";"06:30:00";"SP";116;221,5;"GUARULHOS";"Não guardar distância de segurança";"Colisão lateral";"Com Vítimas Feridas";"Pleno dia";"Crescente";"Sol";"Múltipla";"Reta";"Sim";3;0;2;0;0;1;2;2;-23,4065458;-46,46289825;"SPRF-SP";"DEL01-SP";"UOP01-DEL01-SP"