"id";"data_inversa";"dia_semana";"horario";"uf";"br";"km";"municipio";"causa_acidente";"tipo_acidente";"classificacao_acidente";"fase_dia";"sentido_via";"condicao_metereologica";"tipo_pista";"tracado_via";"uso_solo";"pessoas";"mortos";"feridos_leves";"feridos_graves";"ilesos";"ignorados";"feridos";"veiculos";"latitude";"longitude";"regional";"delegacia";"uop"
322608;2020-11-20;"sexta-feira";"11:44:00";"MG";381;722,1;"CARMO DA CACHOEIRA";"Velocidade Incompatível";"Queda de ocupante de veículo";"Com Vítimas Feridas";"Pleno dia";"Crescente";"Céu Claro";"Dupla";"Reta";"Não";1;0;1;0;0;0;1;1;-21,44202424;-45,20904064;"SPRF-MG";"DEL04-MG";"UOP02-DEL04-MG"
322613;2020-11-20;"sexta-feira";"13:20:00";"AP";210;2;"MACAPA";"Desobediência às normas de trânsito pelo condutor";"Colisão transversal";"Sem Vítimas";"Pleno dia";"Crescente";"Céu Claro";"Dupla";"Reta";"Sim";2;0;0;0;2;0;0;2;0,08282017;-51,07776189;"SPRF-AP";"DEL01-AP";"UOP01-DEL01-AP"
322615;2020-11-20;"sexta-feira";"13:15:00";"MS";163;475,8;"CAMPO GRANDE";"Falta de Atenção à Condução";"Tombamento";"Com Vítimas Feridas";"Pleno dia";"Crescente";"Céu Claro";"Simples";"Rotatória";"Sim";2;0;1;0;0;1;1;1;-20,51838231;-54,56658567;"SPRF-MS";"DEL01-MS";"UOP01-DEL01-MS"
322616;2020-11-20;"sexta-feira";"14:00:00";"MS";163;484,5;"CAMPO GRANDE";"Desobediência às normas de trânsito pelo condutor";"Colisão transversal";"Sem Vítimas";"Pleno dia";"Decrescente";"Sol";"Simples";"Interseção de Vias";"Não";4;0;0;0;3;1;0;3;-20,45104898;-54,5403266;"SPRF-MS";"DEL01-MS";"UOP02-DEL01-MS"
322617;2020-11-20;"sexta-feira";"14:55:00";"PE";104;29,2;"TORITAMA";"Falta de Atenção à Condução";"Colisão lateral";"Sem Vítimas";"Pleno dia";"Crescente";"Sol";"Simples";"Reta";"Sim";2;0;0;0;2;0;0;2;-8,0078;-36,0621;"SPRF-PE";"DEL02-PE";"UOP01-DEL02-PE"
322619;2020-11-19;"quinta-feira";"21:00:00";"PR";153;117,6;"IBAITI";"Falta de Atenção à Condução";"Saída de leito carroçável";"Com Vítimas Feridas";"Plena Noite";"Crescente";"Ignorado";"Simples";"Curva";"Não";1;0;0;1;0;0;1;1;-23,91126713;-50,21127388;"SPRF-PR";"DEL07-PR";"UOP04-DEL07-PR"
322623;2020-11-20;"sexta-feira";"15:05:00";"SC";101;138;"BALNEARIO CAMBORIU";"Não guardar distância de segurança";"Colisão traseira";"Com Vítimas Feridas";"Pleno dia";"Crescente";"Céu Claro";"Simples";"Curva";"Não";2;0;1;0;1;0;1;2;-27,02397426;-48,60761649;"SPRF-SC";"DEL04-SC";"UOP03-DEL04-SC"
322624;2020-10-21;"quarta-feira";"15:07:00";"MG";356;265,1;"MURIAE";"Falta de Atenção à Condução";"Colisão lateral";"Com Vítimas Feridas";"Pleno dia";"Crescente";"Ignorado";"Simples";"Reta";"Sim";3;0;1;1;1;0;2;2;-21,12662624;-42,37361404;"SPRF-MG";"DEL07-MG";"UOP02-DEL07-MG"
322626;2020-11-20;"sexta-feira";"14:10:00";"MG";356;267,5;"MURIAE";"Falta de Atenção à Condução";"Colisão transversal";"Com Vítimas Feridas";"Pleno dia";"Decrescente";"Céu Claro";"Simples";"Rotatória";"Sim";2;0;1;0;1;0;1;2;-21,12725696;-42,35052695;"SPRF-MG";"DEL07-MG";"UOP02-DEL07-MG"
322628;2020-11-20;"sexta-feira";"13:00:00";"BA";116;838,9;"VITORIA DA CONQUISTA";"Defeito Mecânico no Veículo";"Tombamento";"Com Vítimas Feridas";"Pleno dia";"Crescente";"Sol";"Simples";"Reta";"Não";2;0;2;0;0;0;2;1;-14,90016239;-40,86823079;"SPRF-BA";"DEL08-BA";"UOP01-DEL08-BA"
322629;2020-11-17;"terça-feira";"07:00:00";"MG";50;202;"UBERABA";"Animais na Pista";"Saída de leito carroçável";"Com Vítimas Feridas";"Pleno dia";"Crescente";"Nublado";"Dupla";"Reta";"Não";1;0;1;0;0;0;1;1;-19,92627147;-47,82191068;"SPRF-MG";"DEL13-MG";"UOP01-DEL13-MG"
322630;2020-11-20;"sexta-feira";"15:10:00";"RS";116;149,1;"CAXIAS DO SUL";"Desobediência às normas de trânsito pelo condutor";"Atropelamento de Pedestre";"Com Vítimas Feridas";"Pleno dia";"Decrescente";"Céu Claro";"Múltipla";"Curva";"Sim";3;0;0;1;1;1;1;2;-29,15996905;-51,15645292;"SPRF-RS";"DEL05-RS";"UOP01-DEL05-RS"
322631;2020-11-20;"sexta-feira";"15:50:00";"SC";470;5,6;"NAVEGANTES";"Desobediência às normas de trânsito pelo condutor";"Colisão traseira";"Com Vítimas Feridas";"Pleno dia";"Decrescente";"Céu Claro";"Dupla";"Reta";"Não";2;0;1;0;1;0;1;2;-26,855688;-48,700333;"SPRF-SC";"DEL04-SC";"UOP04-DEL04-SC"
322632;2020-11-20;"sexta-feira";"15:25:00";"PR";476;267,8;"SAO MATEUS DO SUL";"Ultrapassagem Indevida";"Colisão frontal";"Com Vítimas Feridas";"Pleno dia";"Crescente";"Céu Claro";"Simples";"Reta";"Não";3;0;0;1;1;1;1;3;-25,892023;-50,31163;"SPRF-PR";"DEL02-PR";"UOP04-DEL02-PR"
322637;2020-11-18;"quarta-feira";"05:00:00";"RJ";40;123;"DUQUE DE CAXIAS";"Defeito Mecânico no Veículo";"Incêndio";"Sem Vítimas";"Amanhecer";"Crescente";"Chuva";"Múltipla";"Reta";"Sim";1;0;0;0;0;1;0;1;-22,79907687;-43,29015739;"SPRF-RJ";"DEL01-RJ";"UOP01-DEL01-RJ"
322639;2020-11-20;"sexta-feira";"10:25:00";"MA";135;26,6;"BACABEIRA";"Falta de Atenção à Condução";"Saída de leito carroçável";"Com Vítimas Feridas";"Pleno dia";"Decrescente";"Céu Claro";"Dupla";"Curva";"Não";1;0;0;1;0;0;1;1;-2,77023451;-44,36931635;"SPRF-MA";"DEL01-MA";"UOP01-DEL01-MA"
322640;2020-11-20;"sexta-feira";"15:30:00";"GO";20;15,4;"FORMOSA";"Falta de Atenção à Condução";"Colisão transversal";"Com Vítimas Feridas";"Pleno dia";"Decrescente";"Nublado";"Simples";"Reta";"Não";4;0;0;2;2;0;2;2;-15,564807;-47,222622;"SPRF-DF";"DEL02-DF";"UOP01-DEL02-DF"
322641;2020-11-20;"sexta-feira";"16:10:00";"ES";101;267,8;"SERRA";"Falta de Atenção à Condução";"Colisão lateral";"Com Vítimas Feridas";"Pleno dia";"Decrescente";"Nublado";"Múltipla";"Retorno Regulamentado";"Sim";3;0;1;0;2;0;1;3;-20,19930999;-40,26884609;"SPRF-ES";"DEL02-ES";"UOP01-DEL02-ES"
322643;2020-11-20;"sexta-feira";"16:30:00";"SE";101;86,1;"NOSSA SENHORA DO SOCORRO";"Não guardar distância de segurança";"Colisão lateral";"Com Vítimas Feridas";"Pleno dia";"Decrescente";"Céu Claro";"Dupla";"Reta";"Não";1;0;1;0;0;0;1;1;-10,85236473;-37,13618222;"SPRF-SE";"DEL01-SE";"UOP01-DEL01-SE"
322645;2020-11-20;"sexta-feira";"16:30:00";"TO";153;138;"ARAGUAINA";"Falta de Atenção à Condução";"Colisão lateral";"Com Vítimas Feridas";"Anoitecer";"Decrescente";"Céu Claro";"Dupla";"Curva";"Não";3;0;2;0;1;0;2;2;-7,15509994;-48,20416232;"SPRF-TO";"DEL02-TO";"UOP01-DEL02-TO"
322646;2020-11-13;"sexta-feira";"16:30:00";"MS";262;559;"MIRANDA";"Desobediência às normas de trânsito pelo condutor";"Colisão transversal";"Com Vítimas Feridas";"Pleno dia";"Crescente";"Nublado";"Simples";"Interseção de Vias";"Não";6;0;4;0;2;0;4;2;-20,2309525;-56,39247894;"SPRF-MS";"DEL03-MS";"UOP02-DEL03-MS"
322648;2020-11-20;"sexta-feira";"17:20:00";"CE";222;28;"CAUCAIA";"Sinalização da via insuficiente ou inadequada";"Saída de leito carroçável";"Com Vítimas Feridas";"Anoitecer";"Decrescente";"Nublado";"Simples";"Em Obras";"Não";1;0;1;0;0;0;1;1;-3,71408;-38,81073;"SPRF-CE";"DEL01-CE";"UOP01-DEL01-CE"
322649;2020-11-20;"sexta-feira";"17:20:00";"SC";101;216;"PALHOCA";"Não guardar distância de segurança";"Tombamento";"Com Vítimas Feridas";"Pleno dia";"Crescente";"Garoa/Chuvisco";"Dupla";"Reta";"Sim";1;0;1;0;0;0;1;1;-27,65981409;-48,67747798;"SPRF-SC";"DEL01-SC";"UOP02-DEL01-SC"
322651;2020-11-20;"sexta-feira";"17:25:00";"SC";282;3;"SAO JOSE";"Não guardar distância de segurança";"Colisão lateral";"Com Vítimas Feridas";"Pleno dia";"Crescente";"Nublado";"Dupla";"Reta";"Sim";2;0;1;0;1;0;1;2;-27,600384;-48,599705;"SPRF-SC";"DEL01-SC";"UOP01-DEL01-SC"
322652;2020-11-20;"sexta-feira";"14:45:00";"SC";101;95;"BARRA VELHA";"Falta de Atenção à Condução";"Tombamento";"Com Vítimas Feridas";"Pleno dia";"Crescente";"Céu Claro";"Dupla";"Reta";"Não";1;0;1;0;0;0;1;1;-26,70876413;-48,70221065;"SPRF-SC";"DEL03-SC";"UOP02-DEL03-SC"
322654;2020-11-20;"sexta-feira";"17:10:00";"RS";158;334;"SANTA MARIA";"Não guardar distância de segurança";"Colisão traseira";"Com Vítimas Feridas";"Pleno dia";"Crescente";"Céu Claro";"Simples";"Reta";"Sim";4;0;1;0;3;0;1;2;-29,70834146;-53,86592388;"SPRF-RS";"DEL09-RS";"UOP01-DEL09-RS"
322659;2020-11-20;"sexta-feira";"17:00:00";"SC";101;135;"BALNEARIO CAMBORIU";"Falta de Atenção à Condução";"Tombamento";"Com Vítimas Feridas";"Pleno dia";"Crescente";"Céu Claro";"Dupla";"Reta";"Sim";1;0;1;0;0;0;1;1;-27,0050108;-48,62677494;"SPRF-SC";"DEL04-SC";"UOP03-DEL04-SC"
322660;2020-11-20;"sexta-feira";"17:50:00";"MG";267;63,1;"BICAS";"Velocidade Incompatível";"Capotamento";"Com Vítimas Feridas";"Anoitecer";"Decrescente";"Nublado";"Simples";"Reta";"Não";5;0;3;2;0;0;5;1;-21,73014728;-43,07352612;"SPRF-MG";"DEL05-MG";"UOP01-DEL05-MG"
322661;2020-11-20;"sexta-feira";"16:45:00";"MG";356;266;"MURIAE";"Não guardar distância de segurança";"Colisão traseira";"Sem Vítimas";"Pleno dia";"Decrescente";"Nublado";"Simples";"Curva";"Sim";2;0;0;0;2;0;0;2;-21,12823134;-42,35802453;"SPRF-MG";"DEL07-MG";"UOP02-DEL07-MG"
322663;2020-11-20;"sexta-feira";"17:10:00";"PR";376;176,5;"MARINGA";"Desobediência às normas de trânsito pelo condutor";"Colisão traseira";"Com Vítimas Feridas";"Pleno dia";"Decrescente";"Céu Claro";"Dupla";"Reta";"Sim";3;0;1;0;1;1;1;3;-23,4116316;-51,9346422;"SPRF-PR";"DEL09-PR";"UOP01-DEL09-PR"
322664;2020-11-20;"sexta-feira";"17:45:00";"PR";376;175;"MARINGA";"Não guardar distância de segurança";"Colisão transversal";"Com Vítimas Feridas";"Pleno dia";"Crescente";"Céu Claro";"Múltipla";"Reta";"Sim";2;0;1;0;1;0;1;2;-23,4113569;-51,9407767;"SPRF-PR";"DEL09-PR";"UOP01-DEL09-PR"
322665;2020-11-20;"sexta-feira";"17:20:00";"MG";40;523;"CONTAGEM";"Falta de Atenção à Condução";"Colisão traseira";"Sem Vítimas";"Anoitecer";"Decrescente";"Céu Claro";"Dupla";"Reta";"Sim";3;0;0;0;3;0;0;3;-19,86874894;-44,05962197;"SPRF-MG";"DEL01-MG";"UOP02-DEL01-MG"
322666;2020-11-20;"sexta-feira";"18:05:00";"PB";230;87,1;"GURINHEM";"Desobediência às normas de trânsito pelo condutor";"Colisão transversal";"Com Vítimas Feridas";"Plena Noite";"Decrescente";"Céu Claro";"Dupla";"Reta";"Não";2;0;1;0;1;0;1;2;-7,1673;-35,3656;"SPRF-PB";"DEL01-PB";"UOP03-DEL01-PB"
322668;2020-11-20;"sexta-feira";"17:10:00";"SC";101;29,6;"JOINVILLE";"Não guardar distância de segurança";"Colisão traseira";"Com Vítimas Feridas";"Pleno dia";"Crescente";"Nublado";"Dupla";"Aclive;Reta";"Sim";3;0;2;0;1;0;2;3;-26,211903;-48,91589904;"SPRF-SC";"DEL03-SC";"UOP01-DEL03-SC"
322670;2020-11-20;"sexta-feira";"18:36:00";"ES";101;263,7;"SERRA";"Não guardar distância de segurança";"Colisão lateral";"Com Vítimas Feridas";"Plena Noite";"Decrescente";"Nublado";"Dupla";"Reta";"Não";2;0;1;0;1;0;1;2;-20,16554736;-40,27301648;"SPRF-ES";"DEL02-ES";"UOP01-DEL02-ES"
322671;2020-11-20;"sexta-feira";"18:30:00";"TO";153;112;"WANDERLANDIA";"Ingestão de Álcool";"Colisão transversal";"Com Vítimas Feridas";"Anoitecer";"Decrescente";"Nublado";"Simples";"Curva";"Não";4;0;1;0;3;0;1;2;-6,96704902;-48,09875697;"SPRF-TO";"DEL02-TO";"UOP01-DEL02-TO"
322672;2020-11-20;"sexta-feira";"18:40:00";"RN";101;106,2;"PARNAMIRIM";"Defeito Mecânico no Veículo";"Incêndio";"Sem Vítimas";"Plena Noite";"Crescente";"Céu Claro";"Dupla";"Aclive";"Não";1;0;0;0;1;0;0;1;-5,91056401;-35,26130795;"SPRF-RN";"DEL01-RN";"UOP01-DEL01-RN"
322674;2020-11-20;"sexta-feira";"19:00:00";"PR";369;155;"LONDRINA";"Velocidade Incompatível";"Colisão traseira";"Com Vítimas Feridas";"Anoitecer";"Decrescente";"Céu Claro";"Dupla";"Reta";"Não";2;0;1;0;1;0;1;2;-23,29560537;-51,20865941;"SPRF-PR";"DEL07-PR";"UOP01-DEL07-PR"
322676;2020-11-20;"sexta-feira";"19:30:00";"MG";381;363;"SAO GONCALO DO RIO ABAIXO";"Velocidade Incompatível";"Colisão frontal";"Com Vítimas Feridas";"Plena Noite";"Crescente";"Céu Claro";"Simples";"Curva";"Não";2;0;1;0;1;0;1;2;-19,85719995;-43,21956223;"SPRF-MG";"DEL03-MG";"UOP01-DEL03-MG"
322677;2020-11-20;"sexta-feira";"17:30:00";"MS";158;286;"TRES LAGOAS";"Avarias e/ou desgaste excessivo no pneu";"Queda de ocupante de veículo";"Com Vítimas Feridas";"Anoitecer";"Decrescente";"Céu Claro";"Dupla";"Curva";"Não";2;0;2;0;0;0;2;1;-20,87729315;-51,75018767;"SPRF-MS";"DEL07-MS";"UOP01-DEL07-MS"
322679;2020-11-20;"sexta-feira";"18:10:00";"SP";116;104,9;"TAUBATE";"Falta de Atenção à Condução";"Colisão traseira";"Com Vítimas Feridas";"Anoitecer";"Crescente";"Céu Claro";"Dupla";"Aclive";"Não";2;0;0;1;1;0;1;2;-23,00340176;-45,50626912;"SPRF-SP";"DEL06-SP";"UOP01-DEL06-SP"
322680;2020-11-20;"sexta-feira";"19:15:00";"RS";158;143,1;"CONDOR";"Falta de Atenção à Condução";"Saída de leito carroçável";"Com Vítimas Feridas";"Plena Noite";"Decrescente";"Céu Claro";"Simples";"Curva";"Não";1;0;0;1;0;0;1;1;-28,22688196;-53,4706314;"SPRF-RS";"DEL10-RS";"UOP02-DEL10-RS"
322682;2020-11-20;"sexta-feira";"18:30:00";"MS";359;213,6;"COXIM";"Falta de Atenção à Condução";"Colisão traseira";"Com Vítimas Feridas";"Plena Noite";"Crescente";"Céu Claro";"Simples";"Reta";"Não";2;0;0;2;0;0;2;2;-18,47887556;-54,58952683;"SPRF-MS";"DEL06-MS";"UOP01-DEL06-MS"
322683;2020-11-20;"sexta-feira";"19:45:00";"GO";153;406,8;"PIRENOPOLIS";"Falta de Atenção à Condução";"Saída de leito carroçável";"Com Vítimas Feridas";"Plena Noite";"Decrescente";"Nublado";"Simples";"Reta";"Não";3;0;0;3;0;0;3;1;-16,08058425;-49,04625362;"SPRF-GO";"DEL02-GO";"UOP01-DEL02-GO"
322685;2020-11-20;"sexta-feira";"19:05:00";"SC";101;198;"BIGUACU";"Desobediência às normas de trânsito pelo condutor";"Colisão lateral";"Com Vítimas Feridas";"Plena Noite";"Crescente";"Céu Claro";"Dupla";"Reta";"Sim";2;0;1;0;1;0;1;2;-27,52658712;-48,63506019;"SPRF-SC";"DEL01-SC";"UOP01-DEL01-SC"
322686;2020-11-20;"sexta-feira";"19:10:00";"PE";101;61;"RECIFE";"Falta de Atenção à Condução";"Tombamento";"Com Vítimas Feridas";"Plena Noite";"Decrescente";"Céu Claro";"Dupla";"Reta";"Sim";1;0;1;0;0;0;1;1;-7,99097103;-34,93598295;"SPRF-PE";"DEL01-PE";"UOP02-DEL01-PE"
322689;2020-11-20;"sexta-feira";"18:10:00";"AL";104;33,9;"UNIAO DOS PALMARES";"Ingestão de Álcool";"Colisão traseira";"Com Vítimas Feridas";"Plena Noite";"Crescente";"Céu Claro";"Simples";"Reta";"Sim";3;0;0;1;1;1;1;2;-9,14513114;-36,01536439;"SPRF-AL";"DEL01-AL";"UOP02-DEL01-AL"
322691;2020-11-20;"sexta-feira";"19:30:00";"MG";381;338;"BELA VISTA DE MINAS";"Ingestão de álcool e/ou substâncias psicoativas pelo pedestre";"Atropelamento de Pedestre";"Com Vítimas Feridas";"Plena Noite";"Crescente";"Nublado";"Simples";"Reta";"Não";2;0;0;1;1;0;1;2;-19,82924241;-43,0894489;"SPRF-MG";"DEL03-MG";"UOP01-DEL03-MG"
322692;2020-11-20;"sexta-feira";"20:10:00";"RJ";101;45;"CAMPOS DOS GOYTACAZES";"Falta de Atenção à Condução";"Atropelamento de Pedestre";"Com Vítimas Feridas";"Plena Noite";"Crescente";"Nublado";"Simples";"Reta";"Não";2;0;1;0;1;0;1;2;-21,58933207;-41,31689933;"SPRF-RJ";"DEL08-RJ";"UOP01-DEL08-RJ"
322694;2020-11-20;"sexta-feira";"20:00:00";"ES";393;1,5;"CACHOEIRO DE ITAPEMIRIM";"Desobediência às normas de trânsito pelo condutor";"Colisão traseira";"Sem Vítimas";"Plena Noite";"Crescente";"Nublado";"Simples";"Reta";"Não";3;0;0;0;1;2;0;2;-20,83723289;-41,16733095;"SPRF-ES";"DEL03-ES";"UOP02-DEL03-ES"
322695;2020-11-20;"sexta-feira";"19:25:00";"MS";262;365,2;"CAMPO GRANDE";"Ingestão de Álcool";"Colisão traseira";"Com Vítimas Fatais";"Plena Noite";"Decrescente";"Céu Claro";"Simples";"Reta";"Sim";2;1;0;0;0;1;0;2;-20,489832;-54,741963;"SPRF-MS";"DEL01-MS";"UOP03-DEL01-MS"
322696;2020-11-20;"sexta-feira";"19:40:00";"MS";163;256;"DOURADOS";"Desobediência às normas de trânsito pelo condutor";"Colisão transversal";"Sem Vítimas";"Plena Noite";"Crescente";"Céu Claro";"Dupla";"Rotatória";"Sim";2;0;0;0;2;0;0;2;-22,25859;-54,783592;"SPRF-MS";"DEL04-MS";"UOP01-DEL04-MS"
322701;2020-11-20;"sexta-feira";"20:00:00";"PR";277;598,6;"CASCAVEL";"Falta de Atenção do Pedestre";"Atropelamento de Pedestre";"Com Vítimas Fatais";"Plena Noite";"Crescente";"Nublado";"Dupla";"Reta";"Não";3;1;0;0;2;0;0;2;-25,0047641;-53,5286197;"SPRF-PR";"DEL04-PR";"UOP01-DEL04-PR"
322702;2020-11-20;"sexta-feira";"20:00:00";"SC";282;507;"XANXERE";"Falta de Atenção à Condução";"Colisão frontal";"Com Vítimas Feridas";"Plena Noite";"Decrescente";"Céu Claro";"Simples";"Reta";"Sim";2;0;1;0;1;0;1;2;-26,886171;-52,43911;"SPRF-SC";"DEL07-SC";"UOP01-DEL07-SC"
322705;2020-11-20;"sexta-feira";"20:15:00";"RS";290;594,7;"ALEGRETE";"Restrição de Visibilidade";"Saída de leito carroçável";"Com Vítimas Feridas";"Plena Noite";"Crescente";"Céu Claro";"Simples";"Reta";"Não";2;0;2;0;0;0;2;1;-29,842123;-55,909243;"SPRF-RS";"DEL13-RS";"UOP02-DEL13-RS"
322707;2020-10-08;"quinta-feira";"06:40:00";"PR";158;537,5;"PATO BRANCO";"Falta de Atenção à Condução";"Queda de ocupante de veículo";"Com Vítimas Feridas";"Pleno dia";"Decrescente";"Chuva";"Simples";"Reta";"Não";1;0;0;1;0;0;1;1;-26,24774787;-52,70513312;"SPRF-PR";"DEL02-PR";"UOP01-DEL02-PR"
322708;2020-11-20;"sexta-feira";"16:40:00";"SC";282;111;"ALFREDO WAGNER";"Pista Escorregadia";"Saída de leito carroçável";"Com Vítimas Feridas";"Pleno dia";"Decrescente";"Chuva";"Simples";"Curva";"Não";2;0;0;2;0;0;2;1;-27,733616;-49,367538;"SPRF-SC";"DEL01-SC";"UOP03-DEL01-SC"
322711;2020-11-20;"sexta-feira";"19:50:00";"MS";163;225,6;"CAARAPO";"Não guardar distância de segurança";"Colisão lateral";"Com Vítimas Feridas";"Plena Noite";"Crescente";"Céu Claro";"Simples";"Curva";"Sim";2;0;1;0;0;1;1;2;-22,500217;-54,864506;"SPRF-MS";"DEL04-MS";"UOP02-DEL04-MS"
322712;2020-11-20;"sexta-feira";"21:00:00";"SC";101;205,4;"SAO JOSE";"Ingestão de Álcool";"Saída de leito carroçável";"Com Vítimas Feridas";"Plena Noite";"Crescente";"Garoa/Chuvisco";"Simples";"Curva";"Sim";1;0;1;0;0;0;1;1;-27,58313237;-48,61532885;"SPRF-SC";"DEL01-SC";"UOP01-DEL01-SC"
322713;2020-11-20;"sexta-feira";"20:00:00";"RJ";101;306;"SAO GONCALO";"Falta de Atenção à Condução";"Colisão traseira";"Com Vítimas Feridas";"Plena Noite";"Decrescente";"Céu Claro";"Dupla";"Reta";"Sim";2;0;1;0;1;0;1;2;-22,78913759;-43,00550909;"SPRF-RJ";"DEL02-RJ";"UOP02-DEL02-RJ"
322714;2020-11-20;"sexta-feira";"19:50:00";"PR";376;11,4;"MARINGA";"Não guardar distância de segurança";"Colisão traseira";"Com Vítimas Feridas";"Plena Noite";"Decrescente";"Céu Claro";"Dupla";"Curva;Aclive";"Sim";4;0;4;0;0;0;4;2;-23,38704492;-51,89842165;"SPRF-PR";"DEL09-PR";"UOP01-DEL09-PR"
322715;2020-11-20;"sexta-feira";"21:16:00";"MG";40;516;"RIBEIRAO DAS NEVES";"Falta de Atenção do Pedestre";"Atropelamento de Pedestre";"Com Vítimas Feridas";"Plena Noite";"Crescente";"Céu Claro";"Dupla";"Reta";"Sim";2;0;0;1;1;0;1;2;-19,81628624;-44,08960124;"SPRF-MG";"DEL01-MG";"UOP02-DEL01-MG"
322716;2020-11-20;"sexta-feira";"21:40:00";"SP";116;210,3;"GUARULHOS";"Ingestão de Álcool";"Colisão lateral";"Sem Vítimas";"Plena Noite";"Crescente";"Nublado";"Múltipla";"Reta";"Não";2;0;0;0;2;0;0;2;-23,42870023;-46,41085991;"SPRF-SP";"DEL01-SP";"UOP01-DEL01-SP"
322718;2020-11-20;"sexta-feira";"21:45:00";"PI";343;3,4;"TERESINA";"Desobediência às normas de trânsito pelo condutor";"Colisão transversal";"Sem Vítimas";"Plena Noite";"Crescente";"Céu Claro";"Múltipla";"Reta";"Sim";2;0;0;0;2;0;0;2;-5,08092015;-42,78011799;"SPRF-PI";"DEL01-PI";"UOP01-DEL01-PI"
322719;2020-11-20;"sexta-feira";"21:30:00";"CE";222;5;"CAUCAIA";"Animais na Pista";"Atropelamento de Animal";"Com Vítimas Feridas";"Plena Noite";"Crescente";"Céu Claro";"Dupla";"Reta";"Sim";1;0;1;0;0;0;1;1;-3,74296918;-38,61330997;"SPRF-CE";"DEL01-CE";"UOP01-DEL01-CE"
322720;2020-11-20;"sexta-feira";"21:00:00";"RJ";393;285,9;"VOLTA REDONDA";"Desobediência às normas de trânsito pelo condutor";"Colisão transversal";"Com Vítimas Feridas";"Plena Noite";"Decrescente";"Nublado";"Simples";"Reta";"Sim";2;0;0;1;1;0;1;2;-22,481726;-44,06308602;"SPRF-RJ";"DEL05-RJ";"UOP04-DEL05-RJ"
322721;2020-11-20;"sexta-feira";"19:20:00";"PR";376;354;"ORTIGUEIRA";"Ingestão de Álcool";"Colisão transversal";"Com Vítimas Feridas";"Plena Noite";"Decrescente";"Céu Claro";"Simples";"Reta";"Não";6;0;2;1;2;1;3;2;-24,2708266;-50,88943166;"SPRF-PR";"DEL07-PR";"UOP03-DEL07-PR"
322722;2020-11-20;"sexta-feira";"22:00:00";"MG";364;28,7;"FRUTAL";"Ingestão de álcool e/ou substâncias psicoativas pelo pedestre";"Atropelamento de Pedestre";"Com Vítimas Feridas";"Plena Noite";"Decrescente";"Céu Claro";"Simples";"Reta";"Sim";2;0;1;1;0;0;2;2;-20,025185;-48,94096;"SPRF-MG";"DEL13-MG";"UOP02-DEL13-MG"
322724;2020-11-20;"sexta-feira";"22:00:00";"RJ";40;74;"PETROPOLIS";"Pista Escorregadia";"Saída de leito carroçável";"Com Vítimas Feridas";"Plena Noite";"Decrescente";"Chuva";"Simples";"Reta";"Não";1;0;1;0;0;0;1;1;-22,47224973;-43,22332717;"SPRF-RJ";"DEL06-RJ";"UOP01-DEL06-RJ"
322725;2020-11-20;"sexta-feira";"18:00:00";"RO";364;343,6;"JI-PARANA";"Falta de Atenção à Condução";"Colisão transversal";"Com Vítimas Feridas";"Anoitecer";"Decrescente";"Céu Claro";"Dupla";"Reta";"Sim";4;0;2;0;2;0;2;3;-10,87878519;-61,94499012;"SPRF-RO";"DEL02-RO";"UOP01-DEL02-RO"
322726;2020-11-20;"sexta-feira";"12:40:00";"PA";230;332;"NOVO REPARTIMENTO";"Desobediência às normas de trânsito pelo condutor";"Colisão lateral";"Com Vítimas Feridas";"Pleno dia";"Crescente";"Céu Claro";"Simples";"Reta";"Não";2;0;0;1;1;0;1;2;-4,107424;-50,27412415;"SPRF-PA";"DEL03-PA";"UOP01-DEL03-PA"
322727;2020-11-20;"sexta-feira";"22:50:00";"CE";116;6;"FORTALEZA";"Condutor Dormindo";"Colisão com objeto estático";"Com Vítimas Feridas";"Plena Noite";"Decrescente";"Céu Claro";"Simples";"Reta";"Sim";2;0;0;1;1;0;1;2;-3,802624;-38,50400499;"SPRF-CE";"DEL01-CE";"UOP02-DEL01-CE"
322728;2020-11-20;"sexta-feira";"20:55:00";"MG";381;164;"GOVERNADOR VALADARES";"Animais na Pista";"Atropelamento de Animal";"Com Vítimas Feridas";"Plena Noite";"Crescente";"Nublado";"Simples";"Curva";"Não";1;0;1;0;0;0;1;1;-18,94120195;-42,05863304;"SPRF-MG";"DEL06-MG";"UOP01-DEL06-MG"
322729;2020-11-20;"sexta-feira";"22:05:00";"MG";262;803,1;"UBERABA";"Desobediência às normas de trânsito pelo condutor";"Colisão traseira";"Com Vítimas Feridas";"Plena Noite";"Crescente";"Nublado";"Dupla";"Reta";"Sim";1;0;1;0;0;0;1;1;-19,77509606;-47,97201785;"SPRF-MG";"DEL13-MG";"UOP01-DEL13-MG"
322731;2020-11-20;"sexta-feira";"21:30:00";"PR";116;118;"CURITIBA";"Falta de Atenção à Condução";"Colisão traseira";"Com Vítimas Feridas";"Plena Noite";"Decrescente";"Nublado";"Dupla";"Reta";"Sim";2;0;1;0;0;1;1;2;-25,54657438;-49,29173608;"SPRF-PR";"DEL01-PR";"UOP01-DEL01-PR"