"id";"data_inversa";"dia_semana";"horario";"uf";"br";"km";"municipio";"causa_acidente";"tipo_acidente";"classificacao_acidente";"fase_dia";"sentido_via";"condicao_metereologica";"tipo_pista";"tracado_via";"uso_solo";"pessoas";"mortos";"feridos_leves";"feridos_graves";"ilesos";"ignorados";"feridos";"veiculos";"latitude";"longitude";"regional";"delegacia";"uop"
322732;2020-11-20;"sexta-feira";"07:45:00";"MG";116;412;"GOVERNADOR VALADARES";"Não guardar distância de segurança";"Colisão lateral";"Com Vítimas Feridas";"Pleno dia";"Crescente";"Céu Claro";"Dupla";"Reta";"Sim";2;0;2;0;0;0;2;2;-18,86882342;-41,97144241;"SPRF-MG";"DEL06-MG";"UOP01-DEL06-MG"
322733;2020-11-20;"sexta-feira";"19:20:00";"MT";163;833;"SINOP";"Falta de Atenção à Condução";"Queda de ocupante de veículo";"Com Vítimas Feridas";"Plena Noite";"Decrescente";"Céu Claro";"Dupla";"Reta";"Sim";2;0;1;0;0;1;1;1;-12,004832;-55,51713;"SPRF-MT";"DEL06-MT";"UOP01-DEL06-MT"
322736;2020-11-20;"sexta-feira";"20:00:00";"MG";365;815,9;"SANTA VITORIA";"Falta de Atenção à Condução";"Saída de leito carroçável";"Com Vítimas Feridas";"Plena Noite";"Decrescente";"Céu Claro";"Simples";"Reta";"Não";1;0;1;0;0;0;1;1;-18,88376516;-50,04859802;"SPRF-MG";"DEL15-MG";"UOP03-DEL15-MG"
322738;2020-11-20;"sexta-feira";"21:50:00";"AL";101;159;"CAMPO ALEGRE";"Objeto estático sobre o leito carroçável";"Capotamento";"Com Vítimas Feridas";"Plena Noite";"Decrescente";"Céu Claro";"Dupla";"Reta";"Não";5;0;3;0;2;0;3;1;-9,90328408;-36,22849501;"SPRF-AL";"DEL02-AL";"UOP02-DEL02-AL"
322740;2020-11-21;"sábado";"00:50:00";"SC";101;402;"MARACAJA";"Condutor Dormindo";"Saída de leito carroçável";"Com Vítimas Feridas";"Plena Noite";"Decrescente";"Nublado";"Dupla";"Reta";"Sim";2;0;2;0;0;0;2;1;-28,87992794;-49,45882916;"SPRF-SC";"DEL02-SC";"UOP02-DEL02-SC"
322741;2020-11-21;"sábado";"00:45:00";"RS";470;221,6;"GARIBALDI";"Velocidade Incompatível";"Tombamento";"Com Vítimas Feridas";"Plena Noite";"Decrescente";"Céu Claro";"Simples";"Rotatória";"Não";2;0;1;1;0;0;2;2;-29,20866592;-51,51771877;"SPRF-RS";"DEL06-RS";"UOP01-DEL06-RS"
322742;2020-11-21;"sábado";"01:15:00";"SC";282;18;"PALHOCA";"Ingestão de Álcool";"Colisão frontal";"Com Vítimas Feridas";"Plena Noite";"Crescente";"Céu Claro";"Simples";"Reta";"Não";1;0;1;0;0;0;1;1;-27,672798;-48,694286;"SPRF-SC";"DEL01-SC";"UOP02-DEL01-SC"
322743;2020-11-20;"sexta-feira";"23:50:00";"RS";386;45,7;"SEBERI";"Desobediência às normas de trânsito pelo condutor";"Colisão frontal";"Com Vítimas Fatais";"Plena Noite";"Decrescente";"Céu Claro";"Simples";"Curva";"Não";5;1;3;0;0;1;3;3;-27,439693;-53,417526;"SPRF-RS";"DEL08-RS";"UOP02-DEL08-RS"
322744;2020-11-21;"sábado";"01:30:00";"SP";116;270,8;"TABOAO DA SERRA";"Velocidade Incompatível";"Colisão com objeto estático";"Com Vítimas Feridas";"Plena Noite";"Crescente";"Nublado";"Dupla";"Reta";"Sim";1;0;1;0;0;0;1;1;-23,61799728;-46,79677694;"SPRF-SP";"DEL04-SP";"UOP01-DEL04-SP"
322745;2020-11-21;"sábado";"00:50:00";"RN";427;95,9;"CAICO";"Falta de Atenção à Condução";"Colisão com objeto estático";"Sem Vítimas";"Plena Noite";"Decrescente";"Céu Claro";"Simples";"Curva";"Não";1;0;0;0;0;1;0;1;-6,47447801;-37,05969036;"SPRF-RN";"DEL03-RN";"UOP01-DEL03-RN"
322746;2020-11-20;"sexta-feira";"22:40:00";"GO";20;104;"FLORES DE GOIAS";"Falta de Atenção à Condução";"Colisão lateral";"Com Vítimas Feridas";"Plena Noite";"Decrescente";"Chuva";"Simples";"Reta";"Não";2;0;0;1;1;0;1;2;-14,921622;-46,966019;"SPRF-DF";"DEL02-DF";"UOP01-DEL02-DF"
322747;2020-11-21;"sábado";"01:20:00";"SP";116;478,8;"JACUPIRANGA";"Falta de Atenção à Condução";"Colisão traseira";"Sem Vítimas";"Plena Noite";"Crescente";"Nublado";"Múltipla";"Reta";"Sim";2;0;0;0;1;1;0;2;-24,70388258;-48,01063531;"SPRF-SP";"DEL05-SP";"UOP01-DEL05-SP"
322748;2020-11-21;"sábado";"00:50:00";"BA";101;30,8;"ESPLANADA";"Condutor Dormindo";"Saída de leito carroçável";"Com Vítimas Feridas";"Plena Noite";"Decrescente";"Céu Claro";"Dupla";"Reta";"Não";2;0;1;0;1;0;1;1;-11,735064;-37,93461;"SPRF-SE";"DEL02-SE";"UOP03-DEL02-SE"
322749;2020-11-21;"sábado";"01:40:00";"PB";230;9;"CABEDELO";"Falta de Atenção à Condução";"Saída de leito carroçável";"Com Vítimas Feridas";"Plena Noite";"Crescente";"Céu Claro";"Dupla";"Em Obras";"Sim";2;0;0;1;0;1;1;2;-7,0433;-34,8466;"SPRF-PB";"DEL01-PB";"UOP01-DEL01-PB"
322750;2020-11-20;"sexta-feira";"22:30:00";"BA";101;519;"ITABUNA";"Velocidade Incompatível";"Capotamento";"Com Vítimas Feridas";"Plena Noite";"Decrescente";"Chuva";"Simples";"Curva";"Não";1;0;1;0;0;0;1;1;-14,7763823;-39,2894742;"SPRF-BA";"DEL05-BA";"UOP01-DEL05-BA"
322751;2020-11-21;"sábado";"03:00:00";"SC";282;21,3;"PALHOCA";"Ingestão de Álcool";"Colisão frontal";"Com Vítimas Feridas";"Plena Noite";"Crescente";"Nublado";"Simples";"Curva";"Sim";3;0;2;0;1;0;2;2;-27,68907;-48,717541;"SPRF-SC";"DEL01-SC";"UOP02-DEL01-SC"
322754;2020-11-21;"sábado";"02:50:00";"PA";10;48;"SANTA IZABEL DO PARA";"Animais na Pista";"Atropelamento de Animal";"Com Vítimas Feridas";"Plena Noite";"Decrescente";"Céu Claro";"Dupla";"Aclive";"Não";1;0;1;0;0;0;1;1;-1,300038;-48,046893;"SPRF-PA";"DEL02-PA";"UOP02-DEL02-PA"
322756;2020-11-21;"sábado";"03:20:00";"SP";116;229;"SAO PAULO";"Desobediência às normas de trânsito pelo pedestre";"Atropelamento de Pedestre";"Com Vítimas Fatais";"Amanhecer";"Crescente";"Nublado";"Múltipla";"Reta";"Não";2;1;0;0;1;0;0;2;-23,51291902;-46,57604698;"SPRF-SP";"DEL01-SP";"UOP01-DEL01-SP"
322759;2020-11-21;"sábado";"02:45:00";"PR";116;13;"COLOMBO";"Falta de Atenção à Condução";"Saída de leito carroçável";"Com Vítimas Feridas";"Plena Noite";"Crescente";"Nublado";"Dupla";"Reta";"Sim";1;0;0;1;0;0;1;1;-25,3785;-49,1564;"SPRF-PR";"DEL01-PR";"UOP02-DEL01-PR"
322760;2020-11-21;"sábado";"01:30:00";"PR";163;142,5;"CAPITAO LEONIDAS MARQUES";"Ingestão de Álcool";"Colisão frontal";"Sem Vítimas";"Plena Noite";"Crescente";"Céu Claro";"Simples";"Reta";"Não";4;0;0;0;4;0;0;2;-25,48284277;-53,59229524;"SPRF-PR";"DEL05-PR";"UOP05-DEL05-PR"
322761;2020-11-21;"sábado";"03:00:00";"CE";222;219,5;"SOBRAL";"Restrição de Visibilidade";"Atropelamento de Pedestre";"Com Vítimas Fatais";"Plena Noite";"Decrescente";"Céu Claro";"Simples";"Reta";"Não";2;1;0;0;1;0;0;2;-3,74276592;-40,31365787;"SPRF-CE";"DEL04-CE";"UOP01-DEL04-CE"
322763;2020-11-21;"sábado";"03:50:00";"SC";470;145;"RIO DO SUL";"Ingestão de Álcool";"Colisão frontal";"Com Vítimas Feridas";"Plena Noite";"Crescente";"Garoa/Chuvisco";"Simples";"Reta";"Não";2;0;0;1;1;0;1;2;-27,23244784;-49,67176622;"SPRF-SC";"DEL04-SC";"UOP02-DEL04-SC"
322765;2020-11-21;"sábado";"03:25:00";"PR";277;711;"SANTA TEREZINHA DE ITAIPU";"Ingestão de Álcool";"Saída de leito carroçável";"Sem Vítimas";"Plena Noite";"Crescente";"Céu Claro";"Dupla";"Reta;Retorno Regulamentado";"Não";3;0;0;0;3;0;0;1;-25,45408037;-54,42224885;"SPRF-PR";"DEL05-PR";"UOP01-DEL05-PR"
322766;2020-11-21;"sábado";"03:40:00";"PI";343;325;"TERESINA";"Ultrapassagem Indevida";"Colisão frontal";"Com Vítimas Feridas";"Plena Noite";"Decrescente";"Céu Claro";"Simples";"Em Obras;Reta";"Não";2;0;0;1;0;1;1;2;-5,065521;-42,609653;"SPRF-PI";"DEL01-PI";"UOP01-DEL01-PI"
322768;2020-11-21;"sábado";"03:45:00";"PR";277;660,3;"MATELANDIA";"Falta de Atenção à Condução";"Saída de leito carroçável";"Com Vítimas Feridas";"Plena Noite";"Decrescente";"Céu Claro";"Simples";"Curva";"Não";1;0;1;0;0;0;1;1;-25,25136237;-53,99027796;"SPRF-PR";"DEL05-PR";"UOP02-DEL05-PR"
322769;2020-11-21;"sábado";"04:00:00";"SC";101;119,9;"ITAJAI";"Ingestão de Álcool";"Colisão com objeto estático";"Com Vítimas Feridas";"Amanhecer";"Crescente";"Céu Claro";"Dupla";"Reta";"Não";1;0;1;0;0;0;1;1;-26,9043179;-48,71555481;"SPRF-SC";"DEL04-SC";"UOP04-DEL04-SC"
322770;2020-11-21;"sábado";"00:00:00";"MA";10;364,5;"ITINGA DO MARANHAO";"Ingestão de Álcool";"Colisão traseira";"Com Vítimas Fatais";"Plena Noite";"Crescente";"Céu Claro";"Simples";"Reta";"Sim";3;1;0;1;1;0;1;2;-4,566338;-47,491867;"SPRF-MA";"DEL04-MA";"UOP03-DEL04-MA"
322771;2020-11-21;"sábado";"05:00:00";"PE";408;64,5;"CARPINA";"Falta de Atenção à Condução";"Queda de ocupante de veículo";"Com Vítimas Fatais";"Amanhecer";"Crescente";"Céu Claro";"Simples";"Reta";"Sim";1;1;0;0;0;0;0;1;-7,849457;-35,234696;"SPRF-PE";"DEL01-PE";"UOP01-DEL01-PE"
322772;2020-11-21;"sábado";"03:30:00";"MG";381;809,8;"CAREACU";"Objeto estático sobre o leito carroçável";"Colisão com objeto estático";"Com Vítimas Feridas";"Plena Noite";"Crescente";"Céu Claro";"Dupla";"Reta";"Não";2;0;2;0;0;0;2;1;-21,99294282;-45,67044728;"SPRF-MG";"DEL16-MG";"UOP02-DEL16-MG"
322774;2020-11-21;"sábado";"05:10:00";"RS";290;86;"CACHOEIRINHA";"Falta de Atenção à Condução";"Tombamento";"Com Vítimas Feridas";"Amanhecer";"Decrescente";"Céu Claro";"Dupla";"Curva";"Sim";2;0;2;0;0;0;2;1;-29,968412;-51,117138;"SPRF-RS";"DEL01-RS";"UOP01-DEL01-RS"
322779;2020-11-21;"sábado";"04:40:00";"MT";163;827;"SINOP";"Falta de Atenção à Condução";"Colisão com objeto estático";"Sem Vítimas";"Amanhecer";"Decrescente";"Céu Claro";"Simples";"Rotatória";"Sim";1;0;0;0;1;0;0;1;-12,05864;-55,51743619;"SPRF-MT";"DEL06-MT";"UOP01-DEL06-MT"
322780;2020-11-21;"sábado";"05:45:00";"BA";101;119;"ALAGOINHAS";"Defeito Mecânico no Veículo";"Incêndio";"Sem Vítimas";"Amanhecer";"Decrescente";"Céu Claro";"Simples";"Reta";"Não";1;0;0;0;1;0;0;1;-12,15909821;-38,55596797;"SPRF-BA";"DEL01-BA";"UOP04-DEL01-BA"
322781;2020-11-21;"sábado";"04:55:00";"PI";343;593;"FLORIANO";"Fenômenos da Natureza";"Colisão com objeto estático";"Com Vítimas Feridas";"Amanhecer";"Crescente";"Chuva";"Simples";"Ponte";"Sim";2;0;0;2;0;0;2;1;-6,781913;-43,038273;"SPRF-PI";"DEL03-PI";"UOP01-DEL03-PI"
322784;2020-11-21;"sábado";"06:20:00";"RN";101;116;"SAO JOSE DE MIPIBU";"Falta de Atenção à Condução";"Colisão transversal";"Com Vítimas Feridas";"Pleno dia";"Decrescente";"Céu Claro";"Dupla";"Reta";"Sim";2;0;1;0;1;0;1;2;-5,99923408;-35,26039018;"SPRF-RN";"DEL01-RN";"UOP01-DEL01-RN"
322786;2020-11-21;"sábado";"06:40:00";"PR";376;631;"SAO JOSE DOS PINHAIS";"Falta de Atenção à Condução";"Saída de leito carroçável";"Com Vítimas Feridas";"Pleno dia";"Decrescente";"Nublado";"Dupla";"Reta";"Não";2;0;1;0;1;0;1;1;-25,70434399;-49,14198595;"SPRF-PR";"DEL01-PR";"UOP04-DEL01-PR"
322787;2020-11-21;"sábado";"07:00:00";"MG";381;357;"JOAO MONLEVADE";"Ultrapassagem Indevida";"Colisão frontal";"Com Vítimas Feridas";"Pleno dia";"Crescente";"Nublado";"Simples";"Curva";"Sim";4;0;4;0;0;0;4;2;-19,84221422;-43,17248041;"SPRF-MG";"DEL03-MG";"UOP01-DEL03-MG"
322788;2020-11-21;"sábado";"06:40:00";"PE";232;130;"CARUARU";"Animais na Pista";"Atropelamento de Animal";"Com Vítimas Feridas";"Pleno dia";"Decrescente";"Sol";"Dupla";"Reta";"Sim";1;0;1;0;0;0;1;1;-8,29983303;-35,989662;"SPRF-PE";"DEL02-PE";"UOP03-DEL02-PE"
322789;2020-11-21;"sábado";"06:05:00";"PR";163;349,8;"GUAIRA";"Falta de Atenção à Condução";"Colisão com objeto estático";"Sem Vítimas";"Pleno dia";"Decrescente";"Céu Claro";"Simples";"Reta";"Sim";1;0;0;0;1;0;0;1;-24,07474787;-54,24356114;"SPRF-PR";"DEL06-PR";"UOP01-DEL06-PR"
322790;2020-11-01;"domingo";"16:00:00";"ES";101;243;"SERRA";"Pista Escorregadia";"Queda de ocupante de veículo";"Com Vítimas Feridas";"Pleno dia";"Crescente";"Chuva";"Simples";"Reta";"Não";1;0;0;1;0;0;1;1;-20,04007795;-40,39273658;"SPRF-ES";"DEL02-ES";"UOP01-DEL02-ES"
322791;2020-11-21;"sábado";"04:30:00";"MG";365;453,8;"PATROCINIO";"Condutor Dormindo";"Capotamento";"Com Vítimas Feridas";"Amanhecer";"Decrescente";"Céu Claro";"Simples";"Reta";"Não";1;0;1;0;0;0;1;1;-18,84138673;-46,85468408;"SPRF-MG";"DEL10-MG";"UOP01-DEL10-MG"
322792;2020-11-21;"sábado";"07:35:00";"PE";424;94,3;"GARANHUNS";"Falta de Atenção à Condução";"Colisão traseira";"Com Vítimas Feridas";"Pleno dia";"Decrescente";"Céu Claro";"Simples";"Aclive";"Não";2;0;1;0;1;0;1;2;-8,91590392;-36,48883344;"SPRF-PE";"DEL03-PE";"UOP01-DEL03-PE"
322795;2020-11-21;"sábado";"07:00:00";"MG";116;701,5;"MURIAE";"Falta de Atenção à Condução";"Colisão lateral";"Com Vítimas Feridas";"Pleno dia";"Crescente";"Nublado";"Simples";"Reta";"Sim";2;0;1;0;1;0;1;2;-21,11084891;-42,3806104;"SPRF-MG";"DEL07-MG";"UOP02-DEL07-MG"
322796;2020-11-21;"sábado";"08:00:00";"MG";40;447;"PARAOPEBA";"Mal Súbito";"Queda de ocupante de veículo";"Com Vítimas Feridas";"Pleno dia";"Crescente";"Sol";"Dupla";"Reta";"Não";1;0;1;0;0;0;1;1;-19,29359592;-44,38358492;"SPRF-MG";"DEL02-MG";"UOP01-DEL02-MG"
322797;2020-11-21;"sábado";"06:00:00";"RJ";101;407;"ITAGUAI";"Falta de Atenção à Condução";"Colisão traseira";"Com Vítimas Feridas";"Pleno dia";"Crescente";"Sol";"Dupla";"Reta";"Sim";2;0;0;1;1;0;1;2;-22,87672058;-43,81631971;"SPRF-RJ";"DEL03-RJ";"UOP01-DEL03-RJ"
322800;2020-11-21;"sábado";"07:40:00";"PR";163;76,2;"PLANALTO";"Velocidade Incompatível";"Saída de leito carroçável";"Com Vítimas Feridas";"Pleno dia";"Decrescente";"Sol";"Simples";"Curva";"Não";1;0;1;0;0;0;1;1;-25,748331;-53,797973;"SPRF-PR";"DEL02-PR";"UOP02-DEL02-PR"
322801;2020-11-21;"sábado";"07:00:00";"RO";364;344;"JI-PARANA";"Falta de Atenção à Condução";"Colisão transversal";"Com Vítimas Feridas";"Pleno dia";"Decrescente";"Sol";"Dupla";"Retorno Regulamentado";"Não";2;0;2;0;0;0;2;2;-10,87376391;-61,95256893;"SPRF-RO";"DEL02-RO";"UOP01-DEL02-RO"
322802;2020-11-21;"sábado";"06:30:00";"MG";116;546,1;"SANTA BARBARA DO LESTE";"Condutor Dormindo";"Colisão lateral";"Com Vítimas Feridas";"Amanhecer";"Decrescente";"Nublado";"Simples";"Reta";"Não";2;0;1;0;1;0;1;2;-19,93628201;-42,13101771;"SPRF-MG";"DEL06-MG";"UOP02-DEL06-MG"
322806;2020-11-21;"sábado";"08:30:00";"GO";414;349,2;"COCALZINHO DE GOIAS";"Velocidade Incompatível";"Saída de leito carroçável";"Com Vítimas Feridas";"Pleno dia";"Crescente";"Céu Claro";"Simples";"Curva";"Não";4;0;2;2;0;0;4;1;-15,62428797;-48,66629611;"SPRF-GO";"DEL02-GO";"UOP01-DEL02-GO"
322807;2020-11-21;"sábado";"08:40:00";"SC";470;95,5;"APIUNA";"Condutor Dormindo";"Atropelamento de Pedestre";"Com Vítimas Feridas";"Pleno dia";"Crescente";"Céu Claro";"Simples";"Reta";"Não";2;0;1;0;1;0;1;2;-27,011988;-49,372101;"SPRF-SC";"DEL04-SC";"UOP01-DEL04-SC"
322808;2020-11-21;"sábado";"09:00:00";"RN";101;84;"NATAL";"Não guardar distância de segurança";"Colisão traseira";"Com Vítimas Feridas";"Pleno dia";"Decrescente";"Céu Claro";"Dupla";"Reta";"Sim";3;0;2;0;1;0;2;2;-5,774175;-35,2578;"SPRF-RN";"DEL02-RN";"UOP01-DEL02-RN"
322810;2020-11-21;"sábado";"09:00:00";"RS";158;309,3;"ITAARA";"Falta de Atenção à Condução";"Colisão frontal";"Com Vítimas Feridas";"Pleno dia";"Crescente";"Céu Claro";"Simples";"Curva";"Não";2;0;2;0;0;0;2;2;-29,60389692;-53,76635275;"SPRF-RS";"DEL09-RS";"UOP01-DEL09-RS"
322811;2020-11-21;"sábado";"08:40:00";"SC";280;125;"RIO NEGRINHO";"Desobediência às normas de trânsito pelo condutor";"Colisão transversal";"Com Vítimas Feridas";"Pleno dia";"Decrescente";"Céu Claro";"Simples";"Reta";"Sim";2;0;0;1;1;0;1;2;-26,23763684;-49,48434497;"SPRF-SC";"DEL06-SC";"UOP03-DEL06-SC"
322813;2020-11-19;"quinta-feira";"14:35:00";"SC";480;125;"CHAPECO";"Falta de Atenção à Condução";"Tombamento";"Com Vítimas Feridas";"Pleno dia";"Decrescente";"Céu Claro";"Dupla";"Reta";"Sim";1;0;0;1;0;0;1;1;-27,012861;-52,638955;"SPRF-SC";"DEL07-SC";"UOP01-DEL07-SC"
322815;2020-11-21;"sábado";"09:00:00";"RJ";101;412;"ITAGUAI";"Falta de Atenção à Condução";"Capotamento";"Com Vítimas Feridas";"Pleno dia";"Decrescente";"Céu Claro";"Dupla";"Reta";"Sim";3;0;0;2;1;0;2;1;-22,89720365;-43,85639217;"SPRF-RJ";"DEL03-RJ";"UOP01-DEL03-RJ"
322816;2020-11-21;"sábado";"08:30:00";"ES";101;296,3;"CARIACICA";"Falta de Atenção à Condução";"Capotamento";"Com Vítimas Feridas";"Pleno dia";"Decrescente";"Céu Claro";"Dupla";"Declive";"Não";1;0;0;1;0;0;1;1;-20,34029997;-40,40405712;"SPRF-ES";"DEL01-ES";"UOP01-DEL01-ES"
322819;2020-11-21;"sábado";"09:52:00";"RS";386;343,4;"LAJEADO";"Velocidade Incompatível";"Capotamento";"Com Vítimas Feridas";"Pleno dia";"Crescente";"Céu Claro";"Simples";"Reta";"Sim";2;0;1;0;0;1;1;2;-29,434835;-52,002365;"SPRF-RS";"DEL04-RS";"UOP01-DEL04-RS"
322820;2020-11-21;"sábado";"09:20:00";"SP";116;145,8;"SAO JOSE DOS CAMPOS";"Falta de Atenção à Condução";"Saída de leito carroçável";"Com Vítimas Feridas";"Pleno dia";"Crescente";"Céu Claro";"Simples";"Declive";"Não";1;0;0;1;0;0;1;1;-23,1869844;-45,8548078;"SPRF-SP";"DEL02-SP";"UOP01-DEL02-SP"
322821;2020-11-21;"sábado";"10:00:00";"PE";424;93,7;"GARANHUNS";"Mal Súbito";"Queda de ocupante de veículo";"Com Vítimas Feridas";"Pleno dia";"Crescente";"Céu Claro";"Simples";"Declive";"Não";1;0;1;0;0;0;1;1;-8,907125;-36,487206;"SPRF-PE";"DEL03-PE";"UOP01-DEL03-PE"
322822;2020-11-21;"sábado";"07:15:00";"AP";156;411;"TARTARUGALZINHO";"Condutor Dormindo";"Saída de leito carroçável";"Com Vítimas Feridas";"Amanhecer";"Decrescente";"Céu Claro";"Simples";"Curva";"Não";3;0;3;0;0;0;3;1;1,06193797;-51,07686898;"SPRF-AP";"DEL01-AP";"UOP01-DEL01-AP"
322823;2020-11-21;"sábado";"10:20:00";"GO";60;133;"GOIANIA";"Falta de Atenção à Condução";"Colisão traseira";"Com Vítimas Feridas";"Pleno dia";"Decrescente";"Céu Claro";"Dupla";"Reta";"Não";3;0;1;0;2;0;1;2;-16,5815;-49,1772;"SPRF-GO";"DEL01-GO";"UOP01-DEL01-GO"
322825;2020-11-21;"sábado";"09:40:00";"RS";290;62,3;"GRAVATAI";"Desobediência às normas de trânsito pelo condutor";"Colisão transversal";"Com Vítimas Feridas";"Pleno dia";"Decrescente";"Céu Claro";"Múltipla";"Reta";"Não";9;0;4;0;5;0;4;2;-29,932089;-50,877304;"SPRF-RS";"DEL03-RS";"UOP01-DEL03-RS"
322826;2020-11-21;"sábado";"08:20:00";"PB";230;38;"SANTA RITA";"Falta de Atenção à Condução";"Queda de ocupante de veículo";"Com Vítimas Feridas";"Pleno dia";"Crescente";"Céu Claro";"Dupla";"Reta";"Sim";1;0;0;1;0;0;1;1;-7,1341;-34,962;"SPRF-PB";"DEL01-PB";"UOP03-DEL01-PB"
322827;2020-11-21;"sábado";"07:50:00";"GO";0;0;"ITUMBIARA";"Falta de Atenção à Condução";"Queda de ocupante de veículo";"Com Vítimas Feridas";"Pleno dia";"Não Informado";"Céu Claro";"Simples";"Reta";"Não";1;0;0;1;0;0;1;1;-18,35040136;-49,21952432;"SPRF-GO";"DEL03-GO";"UOP02-DEL03-GO"
322828;2020-11-21;"sábado";"10:20:00";"SP";116;203;"ARUJA";"Falta de Atenção à Condução";"Tombamento";"Com Vítimas Feridas";"Pleno dia";"Crescente";"Céu Claro";"Dupla";"Reta";"Sim";1;0;0;1;0;0;1;1;-23,41105;-46,35117;"SPRF-SP";"DEL01-SP";"UOP01-DEL01-SP"
322829;2020-11-21;"sábado";"10:15:00";"SC";101;401;"MARACAJA";"Falta de Atenção à Condução";"Colisão traseira";"Com Vítimas Feridas";"Pleno dia";"Crescente";"Nublado";"Dupla";"Reta";"Não";3;0;2;0;1;0;2;2;-28,85594274;-49,44019434;"SPRF-SC";"DEL02-SC";"UOP02-DEL02-SC"
322830;2020-11-21;"sábado";"10:45:00";"SC";153;98,7;"CONCORDIA";"Falta de Atenção à Condução";"Colisão transversal";"Com Vítimas Feridas";"Pleno dia";"Decrescente";"Céu Claro";"Simples";"Curva";"Não";3;0;1;0;2;0;1;3;-27,228394;-51,952316;"SPRF-SC";"DEL07-SC";"UOP04-DEL07-SC"
322832;2020-11-21;"sábado";"10:45:00";"PR";376;532;"PALMEIRA";"Falta de Atenção à Condução";"Saída de leito carroçável";"Com Vítimas Feridas";"Pleno dia";"Decrescente";"Céu Claro";"Dupla";"Declive";"Sim";3;0;1;0;2;0;1;1;-25,36061098;-49,82934198;"SPRF-PR";"DEL01-PR";"UOP03-DEL03-PR"
322833;2020-11-21;"sábado";"11:25:00";"RS";290;91,2;"PORTO ALEGRE";"Não guardar distância de segurança";"Colisão com objeto estático";"Sem Vítimas";"Pleno dia";"Decrescente";"Céu Claro";"Dupla";"Reta";"Sim";2;0;0;0;2;0;0;2;-29,969055;-51,167439;"SPRF-RS";"DEL01-RS";"UOP01-DEL01-RS"
322834;2020-11-21;"sábado";"10:35:00";"RS";386;346,5;"LAJEADO";"Falta de Atenção à Condução";"Colisão lateral";"Com Vítimas Feridas";"Pleno dia";"Crescente";"Céu Claro";"Dupla";"Reta";"Não";3;0;2;0;1;0;2;2;-29,446793;-51,974564;"SPRF-RS";"DEL04-RS";"UOP01-DEL04-RS"
322835;2020-11-21;"sábado";"10:40:00";"SP";116;112,6;"TAUBATE";"Não guardar distância de segurança";"Colisão traseira";"Com Vítimas Feridas";"Pleno dia";"Decrescente";"Sol";"Dupla";"Reta";"Não";3;0;1;0;2;0;1;2;-23,04159343;-45,57065616;"SPRF-SP";"DEL06-SP";"UOP01-DEL06-SP"
322836;2020-11-21;"sábado";"12:00:00";"DF";70;2,5;"BRASILIA";"Falta de Atenção à Condução";"Colisão traseira";"Com Vítimas Feridas";"Pleno dia";"Decrescente";"Céu Claro";"Dupla";"Reta";"Sim";5;0;2;0;2;1;2;3;-15,798048;-48,073235;"SPRF-DF";"DEL03-DF";"UOP02-DEL03-DF"
322839;2020-11-21;"sábado";"05:30:00";"MG";365;261,5;"JOAO PINHEIRO";"Falta de Atenção à Condução";"Colisão com objeto estático";"Com Vítimas Feridas";"Amanhecer";"Crescente";"Céu Claro";"Simples";"Curva";"Não";2;0;1;0;1;0;1;1;-17,87424667;-45,52798722;"SPRF-MG";"DEL14-MG";"UOP02-DEL14-MG"
322840;2020-10-13;"terça-feira";"05:50:00";"BA";330;797,8;"JEQUIE";"Falta de Atenção à Condução";"Colisão frontal";"Com Vítimas Feridas";"Pleno dia";"Crescente";"Sol";"Simples";"Curva";"Não";3;0;0;2;1;0;2;2;-13,9254033;-40,00293732;"SPRF-BA";"DEL03-BA";"UOP01-DEL03-BA"
322842;2020-11-21;"sábado";"09:10:00";"SC";101;26,4;"JOINVILLE";"Defeito Mecânico no Veículo";"Colisão com objeto estático";"Com Vítimas Feridas";"Pleno dia";"Crescente";"Nublado";"Dupla";"Reta";"Sim";2;0;2;0;0;0;2;1;-26,19234802;-48,91210384;"SPRF-SC";"DEL03-SC";"UOP01-DEL03-SC"
322843;2020-11-21;"sábado";"12:15:00";"SC";280;34;"ARAQUARI";"Falta de Atenção à Condução";"Colisão traseira";"Com Vítimas Feridas";"Pleno dia";"Decrescente";"Nublado";"Simples";"Reta";"Sim";4;0;2;0;2;0;2;2;-26,42993971;-48,79615614;"SPRF-SC";"DEL03-SC";"UOP03-DEL03-SC"
322845;2020-11-21;"sábado";"13:10:00";"PE";101;72,8;"RECIFE";"Não guardar distância de segurança";"Colisão traseira";"Com Vítimas Feridas";"Pleno dia";"Crescente";"Céu Claro";"Dupla";"Reta";"Não";4;0;1;0;3;0;1;2;-8,093122;-34,947586;"SPRF-PE";"DEL01-PE";"UOP01-DEL01-PE"
322846;2020-11-21;"sábado";"12:50:00";"ES";262;4;"CARIACICA";"Desobediência às normas de trânsito pelo condutor";"Colisão lateral";"Com Vítimas Feridas";"Pleno dia";"Crescente";"Céu Claro";"Dupla";"Reta";"Sim";2;0;1;0;1;0;1;2;-20,33609327;-40,37812784;"SPRF-ES";"DEL01-ES";"UOP01-DEL01-ES"
322847;2020-11-21;"sábado";"11:25:00";"MG";262;39,2;"MANHUACU";"Falta de Atenção à Condução";"Colisão lateral";"Com Vítimas Feridas";"Pleno dia";"Crescente";"Céu Claro";"Simples";"Reta";"Sim";2;0;1;0;1;0;1;2;-20,27165802;-42,03950458;"SPRF-MG";"DEL06-MG";"UOP03-DEL06-MG"