"id";"data_inversa";"dia_semana";"horario";"uf";"br";"km";"municipio";"causa_acidente";"tipo_acidente";"classificacao_acidente";"fase_dia";"sentido_via";"condicao_metereologica";"tipo_pista";"tracado_via";"uso_solo";"pessoas";"mortos";"feridos_leves";"feridos_graves";"ilesos";"ignorados";"feridos";"veiculos";"latitude";"longitude";"regional";"delegacia";"uop"
322967;2020-11-21;"sábado";"23:40:00";"RJ";116;138;"MAGE";"Falta de Atenção à Condução";"Colisão traseira";"Com Vítimas Feridas";"Plena Noite";"Crescente";"Chuva";"Dupla";"Reta";"Sim";4;0;2;0;1;1;2;2;-22,64697319;-43,19165101;"SPRF-RJ";"DEL04-RJ";"UOP02-DEL04-RJ"
322970;2020-11-22;"domingo";"00:20:00";"SP";116;156,5;"SAO JOSE DOS CAMPOS";"Restrição de Visibilidade";"Colisão traseira";"Com Vítimas Feridas";"Plena Noite";"Crescente";"Nublado";"Múltipla";"Reta";"Sim";2;0;1;0;1;0;1;2;-23,25044084;-45,93572909;"SPRF-SP";"DEL02-SP";"UOP01-DEL02-SP"
322971;2020-11-22;"domingo";"00:15:00";"SE";101;95,7;"NOSSA SENHORA DO SOCORRO";"Velocidade Incompatível";"Saída de leito carroçável";"Com Vítimas Feridas";"Plena Noite";"Decrescente";"Céu Claro";"Dupla";"Reta";"Sim";2;0;2;0;0;0;2;1;-10,91506679;-37,1629715;"SPRF-SE";"DEL02-SE";"UOP01-DEL02-SE"
322973;2020-11-21;"sábado";"23:40:00";"MG";365;464;"PATROCINIO";"Animais na Pista";"Capotamento";"Com Vítimas Feridas";"Plena Noite";"Crescente";"Ignorado";"Simples";"Reta";"Não";3;0;1;1;1;0;2;1;-18,884;-46,925;"SPRF-MG";"DEL10-MG";"UOP01-DEL10-MG"
322974;2020-11-21;"sábado";"00:20:00";"PR";369;182;"ARAPONGAS";"Falta de Atenção à Condução";"Colisão transversal";"Com Vítimas Feridas";"Plena Noite";"Decrescente";"Céu Claro";"Dupla";"Interseção de Vias";"Sim";6;0;4;2;0;0;6;2;-23,38536639;-51,41958833;"SPRF-PR";"DEL07-PR";"UOP03-DEL07-PR"
322975;2020-11-22;"domingo";"00:40:00";"MG";365;612,5;"UBERLANDIA";"Ingestão de Álcool";"Colisão lateral";"Com Vítimas Feridas";"Plena Noite";"Crescente";"Céu Claro";"Dupla";"Reta;Viaduto";"Sim";3;0;1;0;0;2;1;3;-18,937444;-48,212588;"SPRF-MG";"DEL15-MG";"UOP01-DEL15-MG"
322976;2020-11-21;"sábado";"22:00:00";"AC";364;130;"RIO BRANCO";"Falta de Atenção à Condução";"Saída de leito carroçável";"Sem Vítimas";"Plena Noite";"Crescente";"Céu Claro";"Dupla";"Reta";"Não";1;0;0;0;0;1;0;1;-10,0240943;-67,8369574;"SPRF-AC";"DEL01-AC";"UOP01-DEL01-AC"
322978;2020-11-21;"sábado";"23:35:00";"SE";235;53,5;"ITABAIANA";"Ingestão de Álcool";"Tombamento";"Com Vítimas Feridas";"Plena Noite";"Decrescente";"Céu Claro";"Simples";"Reta";"Não";1;0;0;1;0;0;1;1;-10,684707;-37,440544;"SPRF-SE";"DEL01-SE";"UOP02-DEL01-SE"
322979;2020-11-21;"sábado";"19:30:00";"MA";316;344,5;"BACABAL";"Falta de Atenção à Condução";"Colisão frontal";"Com Vítimas Fatais";"Plena Noite";"Crescente";"Ignorado";"Simples";"Reta";"Não";2;1;0;0;0;1;0;2;-4,206456;-44,922348;"SPRF-MA";"DEL02-MA";"UOP01-DEL02-MA"
322980;2020-11-22;"domingo";"00:15:00";"SC";470;2;"NAVEGANTES";"Falta de Atenção à Condução";"Tombamento";"Com Vítimas Feridas";"Plena Noite";"Crescente";"Nublado";"Dupla";"Reta";"Não";1;0;1;0;0;0;1;1;-26,868551;-48,674831;"SPRF-SC";"DEL04-SC";"UOP04-DEL04-SC"
322981;2020-11-22;"domingo";"02:00:00";"PR";277;75;"SAO JOSE DOS PINHAIS";"Desobediência às normas de trânsito pelo condutor";"Colisão lateral";"Com Vítimas Feridas";"Plena Noite";"Decrescente";"Céu Claro";"Dupla";"Reta";"Sim";2;0;0;1;1;0;1;2;-25,49283922;-49,17026639;"SPRF-PR";"DEL01-PR";"UOP01-DEL01-PR"
322983;2020-11-22;"domingo";"01:40:00";"SC";470;120,9;"IBIRAMA";"Desobediência às normas de trânsito pelo condutor";"Colisão frontal";"Com Vítimas Fatais";"Plena Noite";"Crescente";"Céu Claro";"Simples";"Curva;Aclive";"Não";4;1;0;3;0;0;3;2;-27,0898218;-49,5262966;"SPRF-SC";"DEL04-SC";"UOP02-DEL04-SC"
322984;2020-11-22;"domingo";"02:40:00";"PB";230;12,1;"CABEDELO";"Velocidade Incompatível";"Colisão traseira";"Com Vítimas Feridas";"Plena Noite";"Crescente";"Nublado";"Dupla";"Reta";"Sim";2;0;0;1;1;0;1;2;-7,068;-34,85;"SPRF-PB";"DEL01-PB";"UOP01-DEL01-PB"
322986;2020-11-22;"domingo";"01:30:00";"BA";101;54;"ENTRE RIOS";"Falta de Atenção à Condução";"Queda de ocupante de veículo";"Com Vítimas Fatais";"Plena Noite";"Decrescente";"Céu Claro";"Simples";"Curva";"Não";1;1;0;0;0;0;0;1;-11,89183;-38,03705167;"SPRF-BA";"DEL01-BA";"UOP04-DEL01-BA"
322987;2020-11-22;"domingo";"02:15:00";"SC";280;15,6;"SAO FRANCISCO DO SUL";"Ingestão de Álcool";"Colisão frontal";"Com Vítimas Fatais";"Plena Noite";"Decrescente";"Nublado";"Simples";"Reta";"Não";4;1;1;1;0;1;2;3;-26,34342679;-48,65659654;"SPRF-SC";"DEL03-SC";"UOP03-DEL03-SC"
322988;2020-11-22;"domingo";"03:40:00";"PR";116;124;"CURITIBA";"Falta de Atenção à Condução";"Saída de leito carroçável";"Com Vítimas Feridas";"Plena Noite";"Crescente";"Céu Claro";"Dupla";"Curva";"Não";1;0;1;0;0;0;1;1;-25,58620703;-49,31436887;"SPRF-PR";"DEL01-PR";"UOP03-DEL01-PR"
322989;2020-11-22;"domingo";"01:50:00";"RS";153;398,8;"CACHOEIRA DO SUL";"Velocidade Incompatível";"Saída de leito carroçável";"Com Vítimas Fatais";"Plena Noite";"Decrescente";"Céu Claro";"Simples";"Reta";"Não";1;1;0;0;0;0;0;1;-29,99430406;-52,92445513;"SPRF-RS";"DEL02-RS";"UOP03-DEL02-RS"
322992;2020-11-22;"domingo";"03:00:00";"MG";50;81;"UBERLANDIA";"Falta de Atenção à Condução";"Saída de leito carroçável";"Com Vítimas Feridas";"Plena Noite";"Decrescente";"Céu Claro";"Simples";"Viaduto;Reta";"Não";4;0;2;1;1;0;3;1;-18,986906;-48,211853;"SPRF-MG";"DEL15-MG";"UOP01-DEL15-MG"
322993;2020-11-22;"domingo";"04:30:00";"SC";101;120,9;"ITAJAI";"Velocidade Incompatível";"Colisão com objeto estático";"Com Vítimas Fatais";"Amanhecer";"Crescente";"Céu Claro";"Dupla";"Reta";"Sim";1;1;0;0;0;0;0;1;-26,912758;-48,711998;"SPRF-SC";"DEL04-SC";"UOP04-DEL04-SC"
322994;2020-11-22;"domingo";"04:10:00";"RJ";40;112,5;"DUQUE DE CAXIAS";"Ingestão de Álcool";"Colisão traseira";"Com Vítimas Feridas";"Plena Noite";"Crescente";"Céu Claro";"Múltipla";"Reta";"Não";3;0;0;2;1;0;2;2;-22,7004454;-43,29014851;"SPRF-RJ";"DEL01-RJ";"UOP01-DEL01-RJ"
322995;2020-11-22;"domingo";"04:45:00";"PR";376;248,2;"APUCARANA";"Condutor Dormindo";"Colisão traseira";"Com Vítimas Feridas";"Amanhecer";"Decrescente";"Céu Claro";"Dupla";"Em Obras";"Não";4;0;1;0;3;0;1;2;-23,60720927;-51,40726997;"SPRF-PR";"DEL07-PR";"UOP03-DEL07-PR"
322997;2020-11-22;"domingo";"05:00:00";"SC";101;197;"BIGUACU";"Não guardar distância de segurança";"Colisão traseira";"Com Vítimas Feridas";"Amanhecer";"Decrescente";"Nublado";"Simples";"Reta";"Não";3;0;1;0;1;1;1;2;-27,51844497;-48,63848496;"SPRF-SC";"DEL01-SC";"UOP01-DEL01-SC"
322998;2020-11-22;"domingo";"04:45:00";"RN";304;142,9;"ANGICOS";"Condutor Dormindo";"Saída de leito carroçável";"Com Vítimas Fatais";"Amanhecer";"Decrescente";"Céu Claro";"Simples";"Reta";"Não";1;1;0;0;0;0;0;1;-5,67090366;-36,65469611;"SPRF-RN";"DEL04-RN";"UOP01-DEL04-RN"
322999;2020-11-22;"domingo";"05:20:00";"GO";153;518,7;"APARECIDA DE GOIANIA";"Falta de Atenção à Condução";"Colisão traseira";"Com Vítimas Feridas";"Plena Noite";"Crescente";"Chuva";"Dupla";"Reta";"Não";5;0;1;0;4;0;1;2;-16,867;-49,2505;"SPRF-GO";"DEL01-GO";"UOP03-DEL01-GO"
323001;2020-11-22;"domingo";"05:20:00";"SC";101;207,6;"SAO JOSE";"Ingestão de Álcool";"Saída de leito carroçável";"Com Vítimas Feridas";"Plena Noite";"Crescente";"Céu Claro";"Múltipla";"Declive";"Sim";1;0;1;0;0;0;1;1;-27,60001226;-48,6226467;"SPRF-SC";"DEL01-SC";"UOP01-DEL01-SC"
323002;2020-11-22;"domingo";"05:40:00";"RJ";101;73;"CAMPOS DOS GOYTACAZES";"Ingestão de Álcool";"Colisão com objeto estático";"Com Vítimas Feridas";"Pleno dia";"Crescente";"Céu Claro";"Simples";"Reta";"Sim";1;0;0;1;0;0;1;1;-21,798874;-41,393955;"SPRF-RJ";"DEL08-RJ";"UOP02-DEL08-RJ"
323003;2020-11-22;"domingo";"06:15:00";"PR";376;679;"GUARATUBA";"Falta de Atenção à Condução";"Saída de leito carroçável";"Com Vítimas Feridas";"Pleno dia";"Crescente";"Sol";"Dupla";"Curva";"Não";1;0;1;0;0;0;1;1;-25,95050276;-48,90514477;"SPRF-PR";"DEL01-PR";"UOP04-DEL01-PR"
323004;2020-11-22;"domingo";"05:50:00";"RJ";116;182;"NOVA IGUACU";"Defeito Mecânico no Veículo";"Incêndio";"Sem Vítimas";"Amanhecer";"Crescente";"Nublado";"Dupla";"Reta";"Sim";1;0;0;0;1;0;0;1;-22,73819;-43,47877979;"SPRF-RJ";"DEL01-RJ";"UOP02-DEL01-RJ"
323005;2020-11-22;"domingo";"03:45:00";"PR";369;176;"ROLANDIA";"Ingestão de Álcool";"Colisão com objeto estático";"Com Vítimas Feridas";"Plena Noite";"Decrescente";"Céu Claro";"Simples";"Reta";"Sim";1;0;1;0;0;0;1;1;-23,32359;-51,38473;"SPRF-PR";"DEL07-PR";"UOP01-DEL07-PR"
323006;2020-11-22;"domingo";"05:00:00";"RJ";101;258;"RIO BONITO";"Condutor Dormindo";"Colisão traseira";"Com Vítimas Fatais";"Amanhecer";"Decrescente";"Nublado";"Dupla";"Reta";"Não";2;1;1;0;0;0;1;2;-22,7015937;-42,58693809;"SPRF-RJ";"DEL02-RJ";"UOP03-DEL02-RJ"
323007;2020-11-22;"domingo";"02:55:00";"BA";116;442;"FEIRA DE SANTANA";"Falta de Atenção à Condução";"Colisão com objeto estático";"Sem Vítimas";"Plena Noite";"Crescente";"Nublado";"Dupla";"Rotatória";"Sim";1;0;0;0;0;1;0;1;-12,22782044;-38,96476364;"SPRF-BA";"DEL02-BA";"UOP01-DEL02-BA"
323009;2020-11-22;"domingo";"06:10:00";"PR";373;274;"PRUDENTOPOLIS";"Velocidade Incompatível";"Capotamento";"Com Vítimas Feridas";"Pleno dia";"Crescente";"Céu Claro";"Simples";"Reta";"Não";1;0;1;0;0;0;1;1;-25,25190132;-51,05917383;"SPRF-PR";"DEL08-PR";"UOP01-DEL08-PR"
323010;2020-11-22;"domingo";"06:45:00";"PR";277;33,3;"MORRETES";"Falta de Atenção à Condução";"Colisão com objeto estático";"Com Vítimas Feridas";"Pleno dia";"Decrescente";"Céu Claro";"Dupla";"Curva";"Não";1;0;0;1;0;0;1;1;-25,547373;-48,790559;"SPRF-PR";"DEL01-PR";"UOP05-DEL01-PR"
323011;2020-11-22;"domingo";"00:10:00";"MG";116;501,5;"INHAPIM";"Ingestão de Álcool";"Colisão frontal";"Com Vítimas Fatais";"Plena Noite";"Decrescente";"Céu Claro";"Simples";"Reta";"Não";2;1;0;0;1;0;0;2;-19,57017905;-42,12132627;"SPRF-MG";"DEL06-MG";"UOP02-DEL06-MG"
323012;2020-11-22;"domingo";"01:30:00";"MG";262;8,1;"MARTINS SOARES";"Falta de Atenção à Condução";"Atropelamento de Pedestre";"Com Vítimas Fatais";"Plena Noite";"Decrescente";"Nublado";"Simples";"Reta";"Não";2;2;0;0;0;0;0;2;-20,25369605;-41,82611703;"SPRF-MG";"DEL06-MG";"UOP03-DEL06-MG"
323013;2020-11-22;"domingo";"07:25:00";"RN";406;154;"CEARA-MIRIM";"Não guardar distância de segurança";"Colisão traseira";"Com Vítimas Feridas";"Pleno dia";"Crescente";"Céu Claro";"Simples";"Reta";"Não";2;0;0;1;1;0;1;2;-5,67079426;-35,40552534;"SPRF-RN";"DEL02-RN";"UOP01-DEL02-RN"
323014;2020-11-22;"domingo";"06:00:00";"RJ";40;121;"DUQUE DE CAXIAS";"Velocidade Incompatível";"Colisão com objeto estático";"Sem Vítimas";"Pleno dia";"Crescente";"Nublado";"Múltipla";"Reta";"Sim";1;0;0;0;0;1;0;1;-22,78185499;-43,28571273;"SPRF-RJ";"DEL01-RJ";"UOP01-DEL01-RJ"
323016;2020-11-22;"domingo";"07:00:00";"ES";447;13;"VILA VELHA";"Ingestão de Álcool";"Colisão com objeto estático";"Com Vítimas Feridas";"Pleno dia";"Crescente";"Sol";"Dupla";"Reta";"Sim";1;0;1;0;0;0;1;1;-20,35784325;-40,3328294;"SPRF-ES";"DEL01-ES";"UOP01-DEL01-ES"
323017;2020-11-22;"domingo";"06:45:00";"SC";101;49;"JOINVILLE";"Falta de Atenção à Condução";"Tombamento";"Com Vítimas Feridas";"Pleno dia";"Decrescente";"Céu Claro";"Simples";"Curva";"Não";1;0;0;1;0;0;1;1;-26,38464226;-48,84667397;"SPRF-SC";"DEL03-SC";"UOP01-DEL03-SC"
323018;2020-11-22;"domingo";"02:00:00";"PR";153;503,6;"GENERAL CARNEIRO";"Velocidade Incompatível";"Colisão com objeto estático";"Sem Vítimas";"Plena Noite";"Crescente";"Céu Claro";"Simples";"Curva";"Não";1;0;0;0;1;0;0;1;-26,312162;-51,214244;"SPRF-PR";"DEL02-PR";"UOP03-DEL02-PR"
323020;2020-11-22;"domingo";"07:50:00";"PR";277;79;"CURITIBA";"Falta de Atenção à Condução";"Tombamento";"Com Vítimas Feridas";"Pleno dia";"Crescente";"Céu Claro";"Dupla";"Reta";"Sim";1;0;0;1;0;0;1;1;-25,47629718;-49,20649719;"SPRF-PR";"DEL01-PR";"UOP01-DEL01-PR"
323021;2020-11-22;"domingo";"07:30:00";"SP";116;347,6;"MIRACATU";"Falta de Atenção à Condução";"Colisão lateral";"Com Vítimas Feridas";"Pleno dia";"Decrescente";"Céu Claro";"Dupla";"Curva";"Não";1;0;1;0;0;0;1;1;-24,04699491;-47,19706111;"SPRF-SP";"DEL04-SP";"UOP02-DEL04-SP"
323023;2020-11-22;"domingo";"06:00:00";"ES";101;266;"SERRA";"Ingestão de Álcool";"Saída de leito carroçável";"Com Vítimas Feridas";"Pleno dia";"Crescente";"Céu Claro";"Múltipla";"Reta";"Sim";1;0;1;0;0;0;1;1;-20,190199;-40,26828891;"SPRF-ES";"DEL02-ES";"UOP01-DEL02-ES"
323025;2020-11-22;"domingo";"04:00:00";"SC";116;137;"SANTA CECILIA";"Ingestão de Álcool";"Tombamento";"Com Vítimas Feridas";"Plena Noite";"Crescente";"Céu Claro";"Simples";"Reta;Aclive";"Não";3;0;2;0;1;0;2;1;-26,946361;-50,42928293;"SPRF-SC";"DEL06-SC";"UOP02-DEL06-SC"
323027;2020-11-18;"quarta-feira";"07:30:00";"RO";364;587;"ITAPUA DO OESTE";"Velocidade Incompatível";"Saída de leito carroçável";"Com Vítimas Feridas";"Pleno dia";"Crescente";"Céu Claro";"Simples";"Reta";"Não";1;0;1;0;0;0;1;1;-9,33624397;-63,14204786;"SPRF-RO";"DEL01-RO";"UOP04-DEL01-RO"
323029;2020-11-22;"domingo";"01:00:00";"PR";277;196,5;"PALMEIRA";"Falta de Atenção à Condução";"Saída de leito carroçável";"Com Vítimas Feridas";"Plena Noite";"Crescente";"Céu Claro";"Simples";"Aclive";"Não";1;0;0;1;0;0;1;1;-25,43726675;-50,16777812;"SPRF-PR";"DEL03-PR";"UOP03-DEL03-PR"
323030;2020-11-22;"domingo";"08:50:00";"SP";116;284,8;"ITAPECERICA DA SERRA";"Não guardar distância de segurança";"Colisão traseira";"Com Vítimas Feridas";"Pleno dia";"Crescente";"Céu Claro";"Dupla";"Reta";"Não";2;0;0;1;1;0;1;2;-23,69998;-46,867767;"SPRF-SP";"DEL04-SP";"UOP01-DEL04-SP"
323031;2020-11-22;"domingo";"07:32:00";"RS";116;523,4;"PELOTAS";"Falta de Atenção à Condução";"Saída de leito carroçável";"Sem Vítimas";"Pleno dia";"Decrescente";"Céu Claro";"Dupla";"Reta";"Não";1;0;0;0;0;1;0;1;-31,72136584;-52,38140629;"SPRF-RS";"DEL07-RS";"UOP01-DEL07-RS"
323034;2020-11-22;"domingo";"08:40:00";"PE";101;103;"CABO DE SANTO AGOSTINHO";"Falta de Atenção à Condução";"Colisão com objeto estático";"Sem Vítimas";"Pleno dia";"Crescente";"Céu Claro";"Simples";"Curva";"Sim";1;0;0;0;0;1;0;1;-8,29241321;-35,05598304;"SPRF-PE";"DEL01-PE";"UOP03-DEL01-PE"
323035;2020-11-22;"domingo";"09:20:00";"PB";230;35,6;"SANTA RITA";"Pista Escorregadia";"Tombamento";"Com Vítimas Feridas";"Pleno dia";"Crescente";"Céu Claro";"Dupla";"Aclive;Curva";"Sim";1;0;1;0;0;0;1;1;-7,1268;-34,9412;"SPRF-PB";"DEL01-PB";"UOP01-DEL01-PB"
323036;2020-11-22;"domingo";"09:00:00";"MG";262;42,1;"MANHUACU";"Falta de Atenção à Condução";"Saída de leito carroçável";"Com Vítimas Feridas";"Pleno dia";"Crescente";"Nublado";"Simples";"Curva";"Não";2;0;1;0;0;1;1;2;-20,26976316;-42,06894006;"SPRF-MG";"DEL06-MG";"UOP03-DEL06-MG"
323038;2020-11-22;"domingo";"04:30:00";"GO";158;268;"JATAI";"Falta de Atenção à Condução";"Colisão com objeto estático";"Sem Vítimas";"Pleno dia";"Decrescente";"Céu Claro";"Dupla";"Reta;Rotatória";"Sim";1;0;0;0;1;0;0;1;-17,846682;-51,73598;"SPRF-GO";"DEL05-GO";"UOP01-DEL05-GO"
323039;2020-11-22;"domingo";"08:31:00";"GO";153;382;"SAO FRANCISCO DE GOIAS";"Defeito Mecânico no Veículo";"Colisão com objeto em movimento";"Com Vítimas Feridas";"Pleno dia";"Decrescente";"Céu Claro";"Simples";"Aclive;Reta";"Não";1;0;0;1;0;0;1;1;-15,920871;-49,215954;"SPRF-GO";"DEL02-GO";"UOP02-DEL02-GO"
323040;2020-11-22;"domingo";"09:20:00";"PB";230;35,6;"SANTA RITA";"Pista Escorregadia";"Tombamento";"Com Vítimas Feridas";"Pleno dia";"Crescente";"Céu Claro";"Dupla";"Curva";"Sim";2;0;1;0;1;0;1;1;-7,1268;-34,9412;"SPRF-PB";"DEL01-PB";"UOP01-DEL01-PB"
323041;2020-11-22;"domingo";"10:10:00";"SC";101;139;"BALNEARIO CAMBORIU";"Falta de Atenção à Condução";"Tombamento";"Com Vítimas Feridas";"Pleno dia";"Crescente";"Sol";"Dupla";"Reta;Aclive";"Não";1;0;1;0;0;0;1;1;-27,02982303;-48,60115006;"SPRF-SC";"DEL04-SC";"UOP03-DEL04-SC"
323044;2020-11-22;"domingo";"10:00:00";"PR";369;129,5;"JATAIZINHO";"Defeito Mecânico no Veículo";"Incêndio";"Sem Vítimas";"Pleno dia";"Decrescente";"Sol";"Simples";"Reta";"Sim";1;0;0;0;1;0;0;1;-23,25960763;-50,9805268;"SPRF-PR";"DEL07-PR";"UOP01-DEL07-PR"
323045;2020-11-22;"domingo";"09:15:00";"SP";381;44;"ATIBAIA";"Mal Súbito";"Tombamento";"Com Vítimas Feridas";"Pleno dia";"Decrescente";"Céu Claro";"Dupla";"Reta";"Não";1;0;1;0;0;0;1;1;-23,16458615;-46,57418959;"SPRF-SP";"DEL03-SP";"UOP01-DEL03-SP"
323046;2020-11-22;"domingo";"10:30:00";"BA";116;388;"SANTA BARBARA";"Ultrapassagem Indevida";"Capotamento";"Com Vítimas Feridas";"Pleno dia";"Decrescente";"Céu Claro";"Simples";"Curva";"Não";2;0;2;0;0;0;2;1;-11,91313285;-38,98381323;"SPRF-BA";"DEL02-BA";"UOP01-DEL02-BA"
323048;2020-11-22;"domingo";"09:50:00";"MS";163;258,3;"DOURADOS";"Ingestão de Álcool";"Colisão transversal";"Sem Vítimas";"Pleno dia";"Crescente";"Céu Claro";"Dupla";"Rotatória";"Não";3;0;0;0;3;0;0;2;-22,2577308;-54,78159192;"SPRF-MS";"DEL04-MS";"UOP01-DEL04-MS"
323050;2020-11-22;"domingo";"07:30:00";"MG";251;298,9;"SALINAS";"Falta de Atenção à Condução";"Colisão com objeto estático";"Com Vítimas Feridas";"Pleno dia";"Crescente";"Nublado";"Simples";"Aclive";"Não";2;0;1;1;0;0;2;1;-16,12160476;-42,2187392;"SPRF-MG";"DEL11-MG";"UOP02-DEL11-MG"
323051;2020-11-22;"domingo";"10:15:00";"PR";376;639,9;"TIJUCAS DO SUL";"Velocidade Incompatível";"Tombamento";"Com Vítimas Feridas";"Pleno dia";"Crescente";"Céu Claro";"Dupla";"Reta";"Não";1;0;1;0;0;0;1;1;-25,77360113;-49,12143434;"SPRF-PR";"DEL01-PR";"UOP04-DEL01-PR"
323052;2020-11-22;"domingo";"10:40:00";"MG";381;512,3;"IGARAPE";"Falta de Atenção à Condução";"Queda de ocupante de veículo";"Com Vítimas Feridas";"Pleno dia";"Crescente";"Céu Claro";"Dupla";"Reta";"Não";1;0;1;0;0;0;1;1;-20,09239724;-44,31458341;"SPRF-MG";"DEL01-MG";"UOP03-DEL01-MG"
323053;2020-11-22;"domingo";"11:10:00";"MG";381;510;"SAO JOAQUIM DE BICAS";"Falta de Atenção à Condução";"Colisão traseira";"Com Vítimas Feridas";"Pleno dia";"Crescente";"Céu Claro";"Dupla";"Reta";"Não";3;0;2;0;1;0;2;2;-20,05710172;-44,28790636;"SPRF-MG";"DEL01-MG";"UOP03-DEL01-MG"
323054;2020-11-22;"domingo";"11:45:00";"PB";101;100;"ALHANDRA";"Falta de Atenção à Condução";"Colisão com objeto estático";"Com Vítimas Feridas";"Pleno dia";"Crescente";"Céu Claro";"Dupla";"Reta";"Não";3;0;1;0;2;0;1;1;-7,26469806;-34,93677965;"SPRF-PB";"DEL01-PB";"UOP02-DEL01-PB"
323055;2020-11-22;"domingo";"11:45:00";"PR";376;140;"BALSA NOVA";"Falta de Atenção à Condução";"Queda de ocupante de veículo";"Com Vítimas Feridas";"Pleno dia";"Decrescente";"Céu Claro";"Simples";"Curva";"Não";2;0;2;0;0;0;2;1;-25,46650437;-49,72616872;"SPRF-PR";"DEL09-PR";"UOP02-DEL09-PR"
323056;2020-11-22;"domingo";"08:20:00";"SC";101;53;"JOINVILLE";"Falta de Atenção à Condução";"Tombamento";"Com Vítimas Feridas";"Pleno dia";"Crescente";"Céu Claro";"Dupla";"Reta";"Não";1;0;0;1;0;0;1;1;-26,40231201;-48,83969703;"SPRF-SC";"DEL03-SC";"UOP01-DEL03-SC"
323057;2020-11-22;"domingo";"11:30:00";"RJ";101;67;"CAMPOS DOS GOYTACAZES";"Falta de Atenção à Condução";"Danos eventuais";"Com Vítimas Feridas";"Pleno dia";"Crescente";"Céu Claro";"Simples";"Reta";"Sim";2;0;1;0;1;0;1;2;-21,76751094;-41,34876249;"SPRF-RJ";"DEL08-RJ";"UOP02-DEL08-RJ"
323059;2020-11-22;"domingo";"12:30:00";"GO";60;119;"TEREZOPOLIS DE GOIAS";"Falta de Atenção à Condução";"Capotamento";"Com Vítimas Feridas";"Pleno dia";"Decrescente";"Céu Claro";"Dupla";"Aclive";"Sim";1;0;1;0;0;0;1;1;-16,4914;-49,0999;"SPRF-GO";"DEL01-GO";"UOP01-DEL01-GO"
323060;2020-11-22;"domingo";"12:00:00";"ES";101;149,3;"LINHARES";"Desobediência às normas de trânsito pelo condutor";"Colisão lateral";"Com Vítimas Feridas";"Pleno dia";"Crescente";"Céu Claro";"Simples";"Interseção de Vias";"Sim";2;0;1;0;1;0;1;1;-19,39619083;-40,06435871;"SPRF-ES";"DEL04-ES";"UOP01-DEL04-ES"
323061;2020-11-22;"domingo";"11:10:00";"RJ";101;428;"MANGARATIBA";"Falta de Atenção à Condução";"Colisão lateral";"Com Vítimas Feridas";"Pleno dia";"Crescente";"Nublado";"Dupla";"Reta";"Sim";2;0;1;0;1;0;1;2;-22,93391858;-43,9899979;"SPRF-RJ";"DEL03-RJ";"UOP03-DEL03-RJ"
323063;2020-11-22;"domingo";"10:00:00";"MT";364;269;"JACIARA";"Desobediência às normas de trânsito pelo condutor";"Colisão transversal";"Com Vítimas Feridas";"Pleno dia";"Crescente";"Céu Claro";"Dupla";"Aclive";"Não";4;0;1;0;3;0;1;2;-15,974228;-54,938;"SPRF-MT";"DEL02-MT";"UOP01-DEL02-MT"
323065;2020-11-22;"domingo";"12:25:00";"PR";277;589;"CASCAVEL";"Não guardar distância de segurança";"Colisão lateral";"Com Vítimas Feridas";"Pleno dia";"Decrescente";"Céu Claro";"Simples";"Reta";"Sim";2;0;1;0;1;0;1;2;-24,97777319;-53,44688591;"SPRF-PR";"DEL04-PR";"UOP01-DEL04-PR"
323066;2020-11-22;"domingo";"10:00:00";"SC";282;91;"ALFREDO WAGNER";"Falta de Atenção à Condução";"Queda de ocupante de veículo";"Com Vítimas Feridas";"Pleno dia";"Crescente";"Céu Claro";"Simples";"Curva";"Não";1;0;1;0;0;0;1;1;-27,690374;-49,229061;"SPRF-SC";"DEL01-SC";"UOP03-DEL01-SC"
323067;2020-11-22;"domingo";"11:00:00";"MG";381;885,9;"ESTIVA";"Ingestão de Álcool";"Capotamento";"Sem Vítimas";"Pleno dia";"Crescente";"Nublado";"Dupla";"Reta";"Não";1;0;0;0;1;0;0;1;-22,50590727;-46,01606738;"SPRF-MG";"DEL16-MG";"UOP03-DEL16-MG"
323070;2020-11-22;"domingo";"12:30:00";"SP";381;70;"MAIRIPORA";"Falta de Atenção à Condução";"Saída de leito carroçável";"Com Vítimas Feridas";"Pleno dia";"Crescente";"Céu Claro";"Dupla";"Curva";"Não";1;0;1;0;0;0;1;1;-23,34972978;-46,56070474;"SPRF-SP";"DEL03-SP";"UOP01-DEL03-SP"
323071;2020-11-22;"domingo";"10:20:00";"RJ";101;293;"ITABORAI";"Não guardar distância de segurança";"Colisão lateral";"Com Vítimas Feridas";"Pleno dia";"Decrescente";"Nublado";"Dupla";"Curva";"Sim";2;0;1;0;1;0;1;2;-22,756203;-42,88724;"SPRF-RJ";"DEL02-RJ";"UOP02-DEL02-RJ"
323072;2020-11-22;"domingo";"13:00:00";"AL";316;243,1;"ATALAIA";"Velocidade Incompatível";"Tombamento";"Com Vítimas Fatais";"Pleno dia";"Decrescente";"Sol";"Simples";"Curva";"Não";3;1;2;0;0;0;2;2;-9,50948818;-36,01302293;"SPRF-AL";"DEL01-AL";"UOP01-DEL01-AL"