"id";"data_inversa";"dia_semana";"horario";"uf";"br";"km";"municipio";"causa_acidente";"tipo_acidente";"classificacao_acidente";"fase_dia";"sentido_via";"condicao_metereologica";"tipo_pista";"tracado_via";"uso_solo";"pessoas";"mortos";"feridos_leves";"feridos_graves";"ilesos";"ignorados";"feridos";"veiculos";"latitude";"longitude";"regional";"delegacia";"uop"
323172;2020-11-22;"domingo";"20:05:00";"SC";116;1,7;"MAFRA";"Animais na Pista";"Atropelamento de Animal";"Com Vítimas Feridas";"Plena Noite";"Decrescente";"Nublado";"Simples";"Reta";"Sim";2;0;1;1;0;0;2;1;-26,1170929;-49,78694917;"SPRF-SC";"DEL06-SC";"UOP01-DEL06-SC"
323174;2020-11-22;"domingo";"20:50:00";"SE";235;53;"ITABAIANA";"Falta de Atenção à Condução";"Colisão com objeto estático";"Sem Vítimas";"Plena Noite";"Crescente";"Céu Claro";"Múltipla";"Em Obras;Reta";"Sim";2;0;0;0;1;1;0;2;-10,684707;-37,440544;"SPRF-SE";"DEL01-SE";"UOP02-DEL01-SE"
323175;2020-11-22;"domingo";"20:50:00";"RS";116;529,8;"CAPAO DO LEAO";"Falta de Atenção à Condução";"Saída de leito carroçável";"Sem Vítimas";"Plena Noite";"Decrescente";"Céu Claro";"Simples";"Reta";"Sim";1;0;0;0;1;0;0;1;-31,75446042;-52,42803583;"SPRF-RS";"DEL07-RS";"UOP01-DEL07-RS"
323177;2020-11-22;"domingo";"20:30:00";"RJ";116;182;"NOVA IGUACU";"Falta de Atenção à Condução";"Colisão lateral";"Com Vítimas Feridas";"Plena Noite";"Decrescente";"Chuva";"Dupla";"Reta";"Sim";4;0;2;0;2;0;2;3;-22,73850663;-43,48526001;"SPRF-RJ";"DEL01-RJ";"UOP02-DEL01-RJ"
323178;2020-11-22;"domingo";"19:50:00";"MA";222;660;"ACAILANDIA";"Ingestão de Álcool";"Colisão frontal";"Com Vítimas Feridas";"Plena Noite";"Decrescente";"Nublado";"Simples";"Reta;Declive";"Sim";2;0;0;1;1;0;1;2;-4,894973;-47,386505;"SPRF-MA";"DEL04-MA";"UOP03-DEL04-MA"
323179;2020-11-22;"domingo";"21:20:00";"RS";386;37,8;"FREDERICO WESTPHALEN";"Falta de Atenção à Condução";"Colisão traseira";"Com Vítimas Feridas";"Plena Noite";"Decrescente";"Céu Claro";"Simples";"Reta";"Sim";3;0;1;1;1;0;2;2;-27,373381;-53,39772;"SPRF-RS";"DEL08-RS";"UOP02-DEL08-RS"
323181;2020-11-22;"domingo";"21:40:00";"RN";101;17,3;"TOUROS";"Animais na Pista";"Atropelamento de Animal";"Com Vítimas Feridas";"Plena Noite";"Decrescente";"Nublado";"Simples";"Reta";"Não";3;0;3;0;0;0;3;2;-5,28301397;-35,45326799;"SPRF-RN";"DEL02-RN";"UOP01-DEL02-RN"
323182;2020-11-22;"domingo";"21:00:00";"PE";316;62,1;"OURICURI";"Ingestão de Álcool";"Colisão lateral";"Sem Vítimas";"Plena Noite";"Decrescente";"Nublado";"Simples";"Reta";"Não";2;0;0;0;2;0;0;2;-7,77941812;-40,24368806;"SPRF-PE";"DEL05-PE";"UOP02-DEL05-PE"
323183;2020-11-22;"domingo";"21:20:00";"SP";116;48,2;"LORENA";"Velocidade Incompatível";"Colisão traseira";"Com Vítimas Feridas";"Plena Noite";"Crescente";"Céu Claro";"Dupla";"Reta";"Não";4;0;1;1;2;0;2;2;-22,72498915;-45,06884189;"SPRF-SP";"DEL08-SP";"UOP01-DEL08-SP"
323185;2020-11-22;"domingo";"20:30:00";"PE";408;54,7;"NAZARE DA MATA";"Falta de Atenção do Pedestre";"Atropelamento de Pedestre";"Com Vítimas Fatais";"Plena Noite";"Decrescente";"Céu Claro";"Simples";"Aclive";"Não";2;1;0;0;1;0;0;2;-7,77176315;-35,23566726;"SPRF-PE";"DEL01-PE";"UOP01-DEL01-PE"
323186;2020-11-22;"domingo";"21:20:00";"PR";369;91,5;"CORNELIO PROCOPIO";"Falta de Atenção à Condução";"Colisão com objeto estático";"Com Vítimas Feridas";"Plena Noite";"Decrescente";"Céu Claro";"Simples";"Aclive";"Não";2;0;2;0;0;0;2;1;-23,20000519;-50,65382838;"SPRF-PR";"DEL07-PR";"UOP01-DEL07-PR"
323187;2020-11-22;"domingo";"20:50:00";"MG";262;420;"IGARATINGA";"Ingestão de Álcool";"Queda de ocupante de veículo";"Com Vítimas Feridas";"Plena Noite";"Crescente";"Céu Claro";"Dupla";"Reta";"Não";1;0;1;0;0;0;1;1;-19,88933622;-44,71181914;"SPRF-MG";"DEL08-MG";"UOP03-DEL08-MG"
323188;2020-11-22;"domingo";"19:10:00";"TO";230;143,9;"ARAGUATINS";"Falta de Atenção à Condução";"Colisão transversal";"Com Vítimas Fatais";"Plena Noite";"Decrescente";"Nublado";"Simples";"Reta;Interseção de Vias";"Sim";2;1;0;0;0;1;0;2;-5,71999512;-48,14773321;"SPRF-TO";"DEL02-TO";"UOP03-DEL02-TO"
323189;2020-11-22;"domingo";"22:30:00";"PR";476;190,9;"ARAPONGAS";"Ingestão de Álcool";"Saída de leito carroçável";"Com Vítimas Feridas";"Plena Noite";"Decrescente";"Céu Claro";"Dupla";"Reta";"Não";1;0;1;0;0;0;1;1;-23,47500421;-51,42377078;"SPRF-PR";"DEL02-PR";"UOP04-DEL02-PR"
323190;2020-11-22;"domingo";"19:40:00";"RJ";116;57;"TERESOPOLIS";"Falta de Atenção à Condução";"Colisão com objeto estático";"Com Vítimas Feridas";"Plena Noite";"Decrescente";"Chuva";"Simples";"Ponte";"Sim";2;0;1;1;0;0;2;1;-22,21208668;-42,90068849;"SPRF-RJ";"DEL04-RJ";"UOP01-DEL04-RJ"
323192;2020-11-22;"domingo";"20:40:00";"PE";110;220,8;"PETROLANDIA";"Ingestão de Álcool";"Tombamento";"Com Vítimas Fatais";"Plena Noite";"Decrescente";"Céu Claro";"Simples";"Reta";"Não";1;1;0;0;0;0;0;1;-9,00341169;-38,21749439;"SPRF-BA";"DEL07-BA";"UOP01-DEL07-BA"
323193;2020-11-22;"domingo";"21:00:00";"RS";472;480,7;"ITAQUI";"Falta de Atenção à Condução";"Colisão lateral";"Com Vítimas Feridas";"Plena Noite";"Crescente";"Céu Claro";"Simples";"Reta";"Não";3;0;1;0;2;0;1;2;-29,1642119;-56,4970281;"SPRF-RS";"DEL13-RS";"UOP01-DEL13-RS"
323194;2020-11-22;"domingo";"22:25:00";"GO";40;6,9;"VALPARAISO DE GOIAS";"Mal Súbito";"Colisão traseira";"Com Vítimas Feridas";"Plena Noite";"Crescente";"Céu Claro";"Dupla";"Reta";"Sim";6;0;1;0;5;0;1;5;-16,100814;-47,977351;"SPRF-DF";"DEL01-DF";"UOP01-DEL01-DF"
323196;2020-11-22;"domingo";"18:45:00";"PR";116;32;"CAMPINA GRANDE DO SUL";"Desobediência às normas de trânsito pelo condutor";"Tombamento";"Com Vítimas Feridas";"Plena Noite";"Decrescente";"Céu Claro";"Simples";"Curva";"Não";1;0;1;0;0;0;1;1;-25,10497579;-48,83973903;"SPRF-PR";"DEL01-PR";"UOP02-DEL01-PR"
323197;2020-11-20;"sexta-feira";"17:26:00";"PI";316;238;"INHUMA";"Desobediência às normas de trânsito pelo condutor";"Colisão frontal";"Com Vítimas Feridas";"Anoitecer";"Decrescente";"Céu Claro";"Simples";"Reta";"Não";2;0;0;1;0;1;1;2;-6,63414305;-41,72109548;"SPRF-PI";"DEL04-PI";"UOP02-DEL04-PI"
323200;2020-11-22;"domingo";"22:30:00";"PR";373;248,1;"GUAMIRANGA";"Ingestão de Álcool";"Colisão com objeto estático";"Com Vítimas Fatais";"Plena Noite";"Crescente";"Ignorado";"Simples";"Reta";"Não";2;1;0;1;0;0;1;1;-25,19042059;-50,83313898;"SPRF-PR";"DEL03-PR";"UOP04-DEL03-PR"
323201;2020-11-22;"domingo";"23:10:00";"SP";116;223;"GUARULHOS";"Ingestão de Álcool";"Colisão com objeto estático";"Com Vítimas Feridas";"Plena Noite";"Crescente";"Céu Claro";"Múltipla";"Reta";"Sim";1;0;1;0;0;0;1;1;-23,47559815;-46,5246609;"SPRF-SP";"DEL01-SP";"UOP01-DEL01-SP"
323203;2020-11-22;"domingo";"22:35:00";"CE";116;404,8;"UMARI";"Desobediência às normas de trânsito pelo condutor";"Colisão frontal";"Com Vítimas Fatais";"Plena Noite";"Crescente";"Céu Claro";"Simples";"Reta";"Não";2;1;0;0;1;0;0;2;-6,62891188;-38,82970868;"SPRF-CE";"DEL05-CE";"UOP01-DEL05-CE"
323204;2020-11-22;"domingo";"18:00:00";"MA";10;256;"IMPERATRIZ";"Desobediência às normas de trânsito pelo condutor";"Colisão frontal";"Com Vítimas Feridas";"Plena Noite";"Decrescente";"Céu Claro";"Simples";"Interseção de Vias";"Sim";3;0;2;0;0;1;2;2;-5,49059911;-47,47192383;"SPRF-MA";"DEL04-MA";"UOP01-DEL04-MA"
323205;2020-11-22;"domingo";"21:20:00";"CE";222;81,3;"SAO LUIS DO CURU";"Desobediência às normas de trânsito pelo condutor";"Colisão frontal";"Com Vítimas Feridas";"Plena Noite";"Decrescente";"Céu Claro";"Simples";"Curva;Desvio Temporário";"Não";2;0;0;1;1;0;1;2;-3,675722;-39,268305;"SPRF-CE";"DEL04-CE";"UOP03-DEL04-CE"
323206;2020-11-23;"segunda-feira";"00:15:00";"MG";40;561;"NOVA LIMA";"Defeito Mecânico no Veículo";"Saída de leito carroçável";"Com Vítimas Feridas";"Plena Noite";"Crescente";"Nublado";"Dupla";"Reta";"Sim";2;0;1;0;1;0;1;1;-20,13588082;-43,96237943;"SPRF-MG";"DEL01-MG";"UOP02-DEL01-MG"
323208;2020-11-22;"domingo";"23:30:00";"RJ";40;75;"PETROPOLIS";"Velocidade Incompatível";"Capotamento";"Com Vítimas Feridas";"Plena Noite";"Decrescente";"Chuva";"Simples";"Curva";"Não";1;0;1;0;0;0;1;1;-22,46857126;-43,22958698;"SPRF-RJ";"DEL06-RJ";"UOP01-DEL06-RJ"
323209;2020-11-22;"domingo";"22:45:00";"PR";376;333,6;"ORTIGUEIRA";"Ingestão de Álcool";"Colisão frontal";"Com Vítimas Feridas";"Plena Noite";"Crescente";"Céu Claro";"Simples";"Curva";"Não";2;0;0;1;0;1;1;2;-24,10072763;-51,04319483;"SPRF-PR";"DEL07-PR";"UOP03-DEL07-PR"
323210;2020-11-23;"segunda-feira";"01:10:00";"DF";40;6,5;"BRASILIA";"Falta de Atenção à Condução";"Capotamento";"Com Vítimas Feridas";"Plena Noite";"Crescente";"Céu Claro";"Dupla";"Reta";"Sim";3;0;2;1;0;0;3;1;-16,029741;-47,978867;"SPRF-DF";"DEL01-DF";"UOP01-DEL01-DF"
323212;2020-11-23;"segunda-feira";"00:15:00";"ES";101;328;"GUARAPARI";"Velocidade Incompatível";"Saída de leito carroçável";"Com Vítimas Feridas";"Plena Noite";"Decrescente";"Chuva";"Dupla";"Reta";"Não";1;0;1;0;0;0;1;1;-20,57963019;-40,4901487;"SPRF-ES";"DEL03-ES";"UOP01-DEL03-ES"
323213;2020-11-23;"segunda-feira";"00:20:00";"MS";163;451,3;"CAMPO GRANDE";"Animais na Pista";"Atropelamento de Animal";"Sem Vítimas";"Plena Noite";"Crescente";"Céu Claro";"Simples";"Reta";"Não";1;0;0;0;0;1;0;1;-20,713465;-54,545432;"SPRF-MS";"DEL01-MS";"UOP01-DEL01-MS"
323217;2020-11-23;"segunda-feira";"03:00:00";"SC";101;216,2;"PALHOCA";"Ingestão de Álcool";"Saída de leito carroçável";"Com Vítimas Feridas";"Plena Noite";"Crescente";"Nublado";"Múltipla";"Reta";"Sim";1;0;1;0;0;0;1;1;-27,65981409;-48,67747798;"SPRF-SC";"DEL01-SC";"UOP02-DEL01-SC"
323223;2020-11-23;"segunda-feira";"05:50:00";"MG";251;522,5;"MONTES CLAROS";"Velocidade Incompatível";"Saída de leito carroçável";"Com Vítimas Feridas";"Amanhecer";"Crescente";"Nublado";"Simples";"Reta";"Não";1;0;0;1;0;0;1;1;-16,6754567;-43,7987724;"SPRF-MG";"DEL12-MG";"UOP01-DEL12-MG"
323249;2020-11-23;"segunda-feira";"06:20:00";"GO";60;97;"ANAPOLIS";"Falta de Atenção à Condução";"Colisão traseira";"Com Vítimas Feridas";"Pleno dia";"Decrescente";"Céu Claro";"Múltipla";"Retorno Regulamentado";"Sim";2;0;1;0;1;0;1;2;-16,3774;-48,9483;"SPRF-GO";"DEL02-GO";"UOP01-DEL02-GO"
323251;2020-11-23;"segunda-feira";"06:45:00";"SC";470;56,6;"BLUMENAU";"Desobediência às normas de trânsito pelo condutor";"Colisão lateral";"Com Vítimas Feridas";"Pleno dia";"Decrescente";"Céu Claro";"Simples";"Aclive;Curva";"Sim";2;0;0;1;1;0;1;2;-26,87674;-49,127743;"SPRF-SC";"DEL04-SC";"UOP01-DEL04-SC"
323252;2020-11-23;"segunda-feira";"06:45:00";"DF";70;9,4;"BRASILIA";"Falta de Atenção à Condução";"Colisão traseira";"Com Vítimas Feridas";"Pleno dia";"Decrescente";"Nublado";"Dupla";"Reta";"Não";2;0;1;0;1;0;1;2;-15,784615;-48,132023;"SPRF-DF";"DEL03-DF";"UOP02-DEL03-DF"
323253;2020-11-23;"segunda-feira";"07:00:00";"TO";153;138;"ARAGUAINA";"Falta de Atenção à Condução";"Colisão transversal";"Com Vítimas Feridas";"Pleno dia";"Crescente";"Céu Claro";"Dupla";"Interseção de Vias";"Sim";2;0;2;0;0;0;2;2;-7,15509994;-48,20416232;"SPRF-TO";"DEL02-TO";"UOP01-DEL02-TO"
323255;2020-11-23;"segunda-feira";"06:50:00";"RS";290;95;"PORTO ALEGRE";"Falta de Atenção à Condução";"Colisão com objeto estático";"Com Vítimas Feridas";"Pleno dia";"Crescente";"Sol";"Dupla";"Reta";"Sim";1;0;1;0;0;0;1;1;-29,982832;-51,201572;"SPRF-RS";"DEL01-RS";"UOP01-DEL01-RS"
323256;2020-11-23;"segunda-feira";"06:50:00";"PE";104;65,3;"CARUARU";"Desobediência às normas de trânsito pelo condutor";"Colisão lateral";"Com Vítimas Feridas";"Amanhecer";"Crescente";"Céu Claro";"Dupla";"Reta";"Sim";2;0;0;1;1;0;1;2;-8,2867;-35,9838;"SPRF-PE";"DEL02-PE";"UOP01-DEL02-PE"
323257;2020-11-23;"segunda-feira";"07:15:00";"MG";381;502;"BETIM";"Velocidade Incompatível";"Colisão lateral";"Com Vítimas Feridas";"Pleno dia";"Decrescente";"Céu Claro";"Dupla";"Reta";"Sim";3;0;1;0;2;0;1;2;-20,03619694;-44,24586303;"SPRF-MG";"DEL01-MG";"UOP03-DEL01-MG"
323258;2020-11-23;"segunda-feira";"07:05:00";"MG";365;600,2;"UBERLANDIA";"Ultrapassagem Indevida";"Colisão frontal";"Com Vítimas Fatais";"Pleno dia";"Crescente";"Céu Claro";"Simples";"Reta";"Não";5;1;2;1;0;1;3;3;-18,89471474;-48,12996205;"SPRF-MG";"DEL15-MG";"UOP01-DEL15-MG"
323262;2020-11-23;"segunda-feira";"03:00:00";"RS";116;154,4;"CAXIAS DO SUL";"Condutor Dormindo";"Saída de leito carroçável";"Com Vítimas Feridas";"Plena Noite";"Crescente";"Céu Claro";"Simples";"Curva";"Sim";2;0;1;1;0;0;2;1;-29,19517417;-51,1785776;"SPRF-RS";"DEL05-RS";"UOP01-DEL05-RS"
323263;2020-11-23;"segunda-feira";"07:55:00";"SC";101;200,9;"SAO JOSE";"Falta de Atenção à Condução";"Colisão traseira";"Com Vítimas Feridas";"Pleno dia";"Crescente";"Céu Claro";"Dupla";"Reta";"Sim";2;0;1;0;1;0;1;2;-27,5478331;-48,619802;"SPRF-SC";"DEL01-SC";"UOP01-DEL01-SC"
323267;2020-11-23;"segunda-feira";"07:15:00";"PR";369;161,7;"CAMBE";"Falta de Atenção à Condução";"Colisão traseira";"Com Vítimas Feridas";"Pleno dia";"Decrescente";"Céu Claro";"Dupla";"Reta";"Sim";2;0;1;0;1;0;1;2;-23,2919682;-51,26606941;"SPRF-PR";"DEL07-PR";"UOP01-DEL07-PR"
323269;2020-11-23;"segunda-feira";"07:30:00";"PR";476;127,8;"CURITIBA";"Falta de Atenção à Condução";"Colisão frontal";"Com Vítimas Feridas";"Pleno dia";"Decrescente";"Céu Claro";"Múltipla";"Reta";"Sim";6;0;0;6;0;0;6;4;-25,425167;-49,227158;"SPRF-PR";"DEL01-PR";"UOP03-DEL01-PR"
323271;2020-11-23;"segunda-feira";"04:00:00";"PR";476;295,1;"SAO MATEUS DO SUL";"Condutor Dormindo";"Saída de leito carroçável";"Com Vítimas Feridas";"Plena Noite";"Decrescente";"Céu Claro";"Simples";"Reta";"Não";1;0;1;0;0;0;1;1;-25,960152;-50,522354;"SPRF-PR";"DEL02-PR";"UOP04-DEL02-PR"
323272;2020-11-23;"segunda-feira";"07:06:00";"RS";116;147;"CAXIAS DO SUL";"Desobediência às normas de trânsito pelo condutor";"Colisão lateral";"Com Vítimas Feridas";"Pleno dia";"Crescente";"Céu Claro";"Dupla";"Reta";"Sim";3;0;1;0;2;0;1;2;-29,14908014;-51,1429969;"SPRF-RS";"DEL05-RS";"UOP01-DEL05-RS"
323274;2020-11-23;"segunda-feira";"08:35:00";"RS";116;143;"CAXIAS DO SUL";"Desobediência às normas de trânsito pelo condutor";"Colisão lateral";"Com Vítimas Feridas";"Pleno dia";"Crescente";"Sol";"Dupla";"Curva";"Sim";2;0;1;0;1;0;1;2;-29,1201739;-51,12260651;"SPRF-RS";"DEL05-RS";"UOP01-DEL05-RS"
323276;2020-11-23;"segunda-feira";"09:20:00";"PR";476;124;"CURITIBA";"Falta de Atenção à Condução";"Colisão lateral";"Com Vítimas Feridas";"Pleno dia";"Crescente";"Céu Claro";"Dupla";"Em Obras";"Sim";3;0;1;0;0;2;1;3;-25,399845;-49,215855;"SPRF-PR";"DEL01-PR";"UOP03-DEL01-PR"
323277;2020-11-23;"segunda-feira";"07:30:00";"RJ";116;141;"DUQUE DE CAXIAS";"Não guardar distância de segurança";"Colisão traseira";"Com Vítimas Feridas";"Pleno dia";"Crescente";"Céu Claro";"Múltipla";"Reta";"Não";2;0;1;0;1;0;1;2;-22,64724486;-43,22083001;"SPRF-RJ";"DEL01-RJ";"UOP01-DEL01-RJ"
323278;2020-11-23;"segunda-feira";"06:55:00";"RJ";40;111;"DUQUE DE CAXIAS";"Falta de Atenção à Condução";"Colisão traseira";"Com Vítimas Feridas";"Amanhecer";"Crescente";"Sol";"Múltipla";"Reta";"Não";2;0;1;0;1;0;1;2;-22,691868;-43,287453;"SPRF-RJ";"DEL01-RJ";"UOP01-DEL01-RJ"
323281;2020-11-23;"segunda-feira";"08:00:00";"AL";316;83;"SANTANA DO IPANEMA";"Falta de Atenção do Pedestre";"Atropelamento de Pedestre";"Com Vítimas Feridas";"Pleno dia";"Decrescente";"Céu Claro";"Simples";"Reta";"Sim";2;0;0;2;0;0;2;2;-9,366476;-37,260963;"SPRF-AL";"DEL03-AL";"UOP02-DEL03-AL"
323285;2020-11-10;"terça-feira";"14:00:00";"MT";364;265;"SAO PEDRO DA CIPA";"Desobediência às normas de trânsito pelo condutor";"Colisão transversal";"Com Vítimas Feridas";"Pleno dia";"Crescente";"Céu Claro";"Simples";"Reta";"Sim";2;0;0;1;1;0;1;2;-16,001967;-54,921103;"SPRF-MT";"DEL02-MT";"UOP01-DEL02-MT"
323286;2020-11-23;"segunda-feira";"10:00:00";"RS";158;328;"SANTA MARIA";"Desobediência às normas de trânsito pelo condutor";"Colisão transversal";"Sem Vítimas";"Pleno dia";"Decrescente";"Céu Claro";"Simples";"Reta";"Não";5;0;0;0;5;0;0;2;-29,71112906;-53,81968204;"SPRF-RS";"DEL09-RS";"UOP01-DEL09-RS"
323287;2020-11-23;"segunda-feira";"10:00:00";"PR";476;117,7;"COLOMBO";"Falta de Atenção à Condução";"Colisão traseira";"Com Vítimas Feridas";"Pleno dia";"Decrescente";"Céu Claro";"Dupla";"Declive;Reta";"Sim";2;0;1;0;1;0;1;2;-25,348623;-49,175663;"SPRF-PR";"DEL01-PR";"UOP02-DEL01-PR"
323289;2020-11-23;"segunda-feira";"07:30:00";"MG";116;117;"ITAOBIM";"Velocidade Incompatível";"Saída de leito carroçável";"Com Vítimas Feridas";"Amanhecer";"Decrescente";"Nublado";"Simples";"Declive";"Não";1;0;1;0;0;0;1;1;-16,57411225;-41,50497449;"SPRF-MG";"DEL11-MG";"UOP02-DEL11-MG"
323290;2020-11-23;"segunda-feira";"10:10:00";"PR";376;182;"MARINGA";"Velocidade Incompatível";"Colisão traseira";"Com Vítimas Feridas";"Pleno dia";"Decrescente";"Céu Claro";"Múltipla";"Reta";"Sim";7;0;1;0;6;0;1;7;-23,43684112;-51,87880764;"SPRF-PR";"DEL09-PR";"UOP01-DEL09-PR"
323292;2020-11-23;"segunda-feira";"07:40:00";"MG";381;482;"CONTAGEM";"Ingestão de Álcool";"Colisão traseira";"Sem Vítimas";"Pleno dia";"Crescente";"Céu Claro";"Dupla";"Reta";"Sim";2;0;0;0;2;0;0;2;-19,955532;-44,097209;"SPRF-MG";"DEL01-MG";"UOP03-DEL01-MG"
323293;2020-11-23;"segunda-feira";"10:50:00";"RN";101;83;"NATAL";"Desobediência às normas de trânsito pelo condutor";"Colisão transversal";"Com Vítimas Feridas";"Pleno dia";"Decrescente";"Céu Claro";"Dupla";"Reta";"Sim";2;0;1;0;1;0;1;2;-5,7710445;-35,26616981;"SPRF-RN";"DEL02-RN";"UOP01-DEL02-RN"
323295;2020-11-23;"segunda-feira";"09:25:00";"PI";343;313,5;"ALTOS";"Não guardar distância de segurança";"Colisão traseira";"Com Vítimas Feridas";"Pleno dia";"Crescente";"Sol";"Simples";"Reta";"Não";3;0;1;0;2;0;1;2;-5,046057;-42,509869;"SPRF-PI";"DEL01-PI";"UOP01-DEL01-PI"
323296;2020-11-23;"segunda-feira";"09:40:00";"MG";116;776,6;"LEOPOLDINA";"Falta de Atenção à Condução";"Colisão com objeto estático";"Com Vítimas Feridas";"Pleno dia";"Crescente";"Céu Claro";"Simples";"Curva;Declive";"Não";4;0;4;0;0;0;4;1;-21,59023796;-42,68715187;"SPRF-MG";"DEL07-MG";"UOP01-DEL07-MG"
323297;2020-11-23;"segunda-feira";"07:30:00";"MG";381;189,1;"PERIQUITO";"Ingestão de Álcool";"Colisão transversal";"Sem Vítimas";"Pleno dia";"Crescente";"Nublado";"Simples";"Interseção de Vias";"Não";2;0;0;0;2;0;0;2;-19,07014898;-42,17531204;"SPRF-MG";"DEL06-MG";"UOP01-DEL06-MG"
323301;2020-11-23;"segunda-feira";"10:30:00";"RO";364;197,1;"PIMENTA BUENO";"Desobediência às normas de trânsito pelo pedestre";"Atropelamento de Pedestre";"Com Vítimas Feridas";"Pleno dia";"Crescente";"Céu Claro";"Simples";"Reta";"Sim";2;0;1;0;1;0;1;2;-11,67880278;-61,1878925;"SPRF-RO";"DEL02-RO";"UOP02-DEL02-RO"
323303;2020-11-22;"domingo";"19:00:00";"AP";0;0;"PORTO GRANDE";"Restrição de Visibilidade";"Danos eventuais";"Sem Vítimas";"Plena Noite";"Não Informado";"Chuva";"Simples";"Curva";"Sim";3;0;0;0;3;0;0;1;0,7137187;-51,41219493;"SPRF-AP";"DEL01-AP";"UOP01-DEL01-AP"
323304;2020-11-23;"segunda-feira";"10:30:00";"AL";101;16;"NOVO LINO";"Agressão Externa";"Saída de leito carroçável";"Com Vítimas Feridas";"Pleno dia";"Crescente";"Nublado";"Dupla";"Curva";"Não";2;0;2;0;0;0;2;1;-8,99938634;-35,67550421;"SPRF-AL";"DEL01-AL";"UOP02-DEL01-AL"
323305;2020-11-23;"segunda-feira";"10:49:00";"MG";381;335;"NOVA ERA";"Velocidade Incompatível";"Colisão traseira";"Com Vítimas Feridas";"Pleno dia";"Crescente";"Céu Claro";"Simples";"Curva";"Não";2;0;2;0;0;0;2;2;-19,81700707;-43,06661887;"SPRF-MG";"DEL03-MG";"UOP01-DEL03-MG"
323308;2020-11-23;"segunda-feira";"12:15:00";"PR";116;128;"FAZENDA RIO GRANDE";"Velocidade Incompatível";"Colisão com objeto estático";"Com Vítimas Feridas";"Pleno dia";"Decrescente";"Céu Claro";"Simples";"Curva";"Sim";1;0;1;0;0;0;1;1;-25,62150831;-49,31621728;"SPRF-PR";"DEL01-PR";"UOP03-DEL01-PR"
323309;2020-11-23;"segunda-feira";"10:15:00";"SC";101;126;"ITAJAI";"Falta de Atenção à Condução";"Queda de ocupante de veículo";"Com Vítimas Feridas";"Pleno dia";"Decrescente";"Céu Claro";"Dupla";"Reta";"Não";1;0;1;0;0;0;1;1;-26,95564404;-48,67978366;"SPRF-SC";"DEL04-SC";"UOP04-DEL04-SC"
323310;2020-11-23;"segunda-feira";"10:50:00";"RO";319;63;"PORTO VELHO";"Não guardar distância de segurança";"Colisão traseira";"Sem Vítimas";"Pleno dia";"Decrescente";"Céu Claro";"Dupla";"Reta";"Sim";2;0;0;0;2;0;0;2;-8,766685;-63,884052;"SPRF-RO";"DEL01-RO";"UOP01-DEL01-RO"
323312;2020-11-23;"segunda-feira";"12:25:00";"PA";10;354,9;"SANTA MARIA DO PARA";"Desobediência às normas de trânsito pelo condutor";"Colisão transversal";"Com Vítimas Feridas";"Pleno dia";"Crescente";"Nublado";"Simples";"Reta";"Sim";2;0;0;1;1;0;1;2;-1,34759789;-47,57735696;"SPRF-PA";"DEL01-PA";"UOP02-DEL01-PA"
323313;2020-11-23;"segunda-feira";"13:00:00";"ES";101;165,7;"LINHARES";"Desobediência às normas de trânsito pelo condutor";"Queda de ocupante de veículo";"Com Vítimas Feridas";"Pleno dia";"Crescente";"Céu Claro";"Simples";"Reta";"Sim";1;0;0;1;0;0;1;1;-19,51360307;-40,1399459;"SPRF-ES";"DEL04-ES";"UOP01-DEL04-ES"
323315;2020-11-22;"domingo";"21:10:00";"MA";316;114;"SANTA LUZIA DO PARUA";"Desobediência às normas de trânsito pelo condutor";"Colisão frontal";"Com Vítimas Feridas";"Plena Noite";"Decrescente";"Céu Claro";"Simples";"Reta";"Sim";4;0;3;0;1;0;3;2;-2,538882;-45,776779;"SPRF-MA";"DEL02-MA";"UOP02-DEL02-MA"
323316;2020-11-23;"segunda-feira";"13:20:00";"SC";101;136;"BALNEARIO CAMBORIU";"Falta de Atenção à Condução";"Colisão traseira";"Com Vítimas Feridas";"Pleno dia";"Decrescente";"Nublado";"Dupla";"Reta";"Não";3;0;2;0;1;0;2;2;-27,008113;-48,617245;"SPRF-SC";"DEL04-SC";"UOP03-DEL04-SC"
323318;2020-11-23;"segunda-feira";"12:10:00";"SC";280;113,5;"SAO BENTO DO SUL";"Falta de Atenção à Condução";"Colisão transversal";"Sem Vítimas";"Pleno dia";"Crescente";"Céu Claro";"Simples";"Interseção de Vias";"Não";2;0;0;0;2;0;0;2;-26,29873518;-49,39799743;"SPRF-SC";"DEL06-SC";"UOP03-DEL06-SC"
323319;2020-11-23;"segunda-feira";"12:00:00";"BA";116;580;"NOVA ITARANA";"Desobediência às normas de trânsito pelo condutor";"Saída de leito carroçável";"Com Vítimas Feridas";"Pleno dia";"Crescente";"Céu Claro";"Simples";"Curva";"Não";1;0;1;0;0;0;1;1;-13,08915503;-39,9629037;"SPRF-BA";"DEL03-BA";"UOP02-DEL03-BA"
323320;2020-11-23;"segunda-feira";"13:45:00";"RJ";101;305;"SAO GONCALO";"Não guardar distância de segurança";"Engavetamento";"Sem Vítimas";"Pleno dia";"Crescente";"Nublado";"Dupla";"Reta";"Sim";4;0;0;0;4;0;0;4;-22,78702832;-42,99589293;"SPRF-RJ";"DEL02-RJ";"UOP02-DEL02-RJ"