"id";"data_inversa";"dia_semana";"horario";"uf";"br";"km";"municipio";"causa_acidente";"tipo_acidente";"classificacao_acidente";"fase_dia";"sentido_via";"condicao_metereologica";"tipo_pista";"tracado_via";"uso_solo";"pessoas";"mortos";"feridos_leves";"feridos_graves";"ilesos";"ignorados";"feridos";"veiculos";"latitude";"longitude";"regional";"delegacia";"uop"
323580;2020-11-24;"terça-feira";"18:45:00";"MS";60;431;"SIDROLANDIA";"Falta de Atenção à Condução";"Saída de leito carroçável";"Com Vítimas Feridas";"Plena Noite";"Decrescente";"Céu Claro";"Simples";"Rotatória";"Não";1;0;1;0;0;0;1;1;-20,9765102;-54,9703413;"SPRF-MS";"DEL01-MS";"UOP04-DEL01-MS"
323583;2020-11-24;"terça-feira";"19:00:00";"BA";116;10;"VITORIA DA CONQUISTA";"Falta de Atenção à Condução";"Colisão transversal";"Com Vítimas Feridas";"Plena Noite";"Crescente";"Nublado";"Simples";"Reta;Interseção de Vias";"Sim";2;0;1;0;1;0;1;2;-14,851;-40,8485;"SPRF-BA";"DEL08-BA";"UOP01-DEL08-BA"
323585;2020-11-24;"terça-feira";"19:30:00";"MG";40;786,7;"JUIZ DE FORA";"Ingestão de Álcool";"Colisão traseira";"Com Vítimas Feridas";"Plena Noite";"Decrescente";"Céu Claro";"Dupla";"Curva";"Não";2;0;1;0;1;0;1;2;-21,72733544;-43,4385309;"SPRF-MG";"DEL05-MG";"UOP01-DEL05-MG"
323586;2020-11-24;"terça-feira";"18:40:00";"MT";163;837;"SINOP";"Desobediência às normas de trânsito pelo condutor";"Colisão transversal";"Com Vítimas Feridas";"Plena Noite";"Crescente";"Céu Claro";"Dupla";"Reta";"Sim";4;0;2;1;1;0;3;2;-11,968963;-55,51695578;"SPRF-MT";"DEL06-MT";"NPF/DEL06-MT"
323587;2020-11-24;"terça-feira";"19:40:00";"RN";101;101;"PARNAMIRIM";"Não guardar distância de segurança";"Colisão traseira";"Sem Vítimas";"Plena Noite";"Decrescente";"Céu Claro";"Simples";"Reta";"Sim";2;0;0;0;2;0;0;2;-5,88106901;-35,22542396;"SPRF-RN";"DEL01-RN";"UOP01-DEL01-RN"
323589;2020-10-19;"segunda-feira";"08:00:00";"GO";414;352;"COCALZINHO DE GOIAS";"Pista Escorregadia";"Capotamento";"Com Vítimas Feridas";"Pleno dia";"Crescente";"Chuva";"Simples";"Reta";"Não";1;0;1;0;0;0;1;1;-15,64746993;-48,67949609;"SPRF-GO";"DEL02-GO";"UOP01-DEL02-GO"
323590;2020-11-24;"terça-feira";"20:00:00";"MG";116;410;"GOVERNADOR VALADARES";"Falta de Atenção à Condução";"Tombamento";"Com Vítimas Feridas";"Plena Noite";"Decrescente";"Nublado";"Simples";"Reta";"Sim";1;0;1;0;0;0;1;1;-18,855625;-41,975623;"SPRF-MG";"DEL06-MG";"UOP01-DEL06-MG"
323592;2020-11-24;"terça-feira";"18:00:00";"BA";324;230;"CAPIM GROSSO";"Desobediência às normas de trânsito pelo condutor";"Colisão frontal";"Com Vítimas Feridas";"Anoitecer";"Decrescente";"Sol";"Simples";"Curva";"Sim";4;0;3;1;0;0;4;2;-11,37309;-40,00776;"SPRF-BA";"DEL04-BA";"UOP02-DEL04-BA"
323593;2020-11-24;"terça-feira";"20:00:00";"BA";407;153;"FILADELFIA";"Falta de Atenção à Condução";"Saída de leito carroçável";"Com Vítimas Feridas";"Plena Noite";"Crescente";"Céu Claro";"Simples";"Reta";"Não";1;0;1;0;0;0;1;1;-10,68635798;-40,12590379;"SPRF-BA";"DEL04-BA";"UOP01-DEL04-BA"
323594;2020-11-24;"terça-feira";"20:50:00";"DF";70;15;"BRASILIA";"Falta de Atenção à Condução";"Colisão com objeto estático";"Com Vítimas Feridas";"Plena Noite";"Crescente";"Céu Claro";"Dupla";"Declive;Reta";"Sim";1;0;0;1;0;0;1;1;-15,798888;-48,185043;"SPRF-DF";"DEL03-DF";"UOP02-DEL03-DF"
323596;2020-11-24;"terça-feira";"12:30:00";"PR";277;503,9;"GUARANIACU";"Desobediência às normas de trânsito pelo condutor";"Tombamento";"Sem Vítimas";"Pleno dia";"Decrescente";"Sol";"Simples";"Reta";"Não";1;0;0;0;0;1;0;1;-25,14896801;-52,70105018;"SPRF-PR";"DEL04-PR";"UOP01-DEL04-PR"
323597;2020-11-24;"terça-feira";"20:30:00";"RJ";101;333;"RIO DE JANEIRO";"Falta de Atenção à Condução";"Capotamento";"Com Vítimas Feridas";"Plena Noite";"Crescente";"Vento";"Múltipla";"Reta";"Não";2;0;1;0;1;0;1;2;-22,87827816;-43,21053578;"SPRF-RJ";"DEL02-RJ";"UOP02-DEL02-RJ"
323598;2020-11-24;"terça-feira";"20:55:00";"MA";10;259,2;"IMPERATRIZ";"Desobediência às normas de trânsito pelo condutor";"Colisão traseira";"Com Vítimas Feridas";"Plena Noite";"Decrescente";"Céu Claro";"Simples";"Reta";"Não";2;0;1;1;0;0;2;2;-5,472474;-47,472221;"SPRF-MA";"DEL04-MA";"UOP01-DEL04-MA"
323599;2020-11-24;"terça-feira";"19:15:00";"PE";101;86;"CABO DE SANTO AGOSTINHO";"Desobediência às normas de trânsito pelo condutor";"Colisão transversal";"Sem Vítimas";"Plena Noite";"Crescente";"Nublado";"Simples";"Reta";"Sim";2;0;0;0;1;1;0;2;-8,18470013;-34,96816895;"SPRF-PE";"DEL01-PE";"UOP03-DEL01-PE"
323601;2020-08-08;"sábado";"06:30:00";"RN";304;42,2;"MOSSORO";"Falta de Atenção à Condução";"Colisão traseira";"Com Vítimas Feridas";"Pleno dia";"Decrescente";"Céu Claro";"Dupla";"Reta";"Não";3;0;1;1;1;0;2;2;-5,21278093;-37,37221494;"SPRF-RN";"DEL04-RN";"UOP01-DEL04-RN"
323604;2020-11-24;"terça-feira";"21:00:00";"MS";60;66;"PARAISO DAS AGUAS";"Falta de Atenção à Condução";"Colisão lateral";"Sem Vítimas";"Plena Noite";"Crescente";"Céu Claro";"Simples";"Ponte";"Não";2;0;0;0;2;0;0;2;-19,05941498;-53,02203502;"SPRF-MS";"DEL06-MS";"UOP02-DEL06-MS"
323606;2020-11-24;"terça-feira";"22:50:00";"SC";101;211,9;"PALHOCA";"Desobediência às normas de trânsito pelo condutor";"Colisão lateral";"Com Vítimas Feridas";"Plena Noite";"Crescente";"Céu Claro";"Dupla";"Reta";"Sim";3;0;2;0;1;0;2;2;-27,62329313;-48,65245588;"SPRF-SC";"DEL01-SC";"UOP02-DEL01-SC"
323607;2020-11-24;"terça-feira";"23:05:00";"PR";369;52;"BANDEIRANTES";"Ingestão de Álcool";"Saída de leito carroçável";"Com Vítimas Feridas";"Plena Noite";"Decrescente";"Céu Claro";"Simples";"Interseção de Vias";"Não";2;0;2;0;0;0;2;1;-23,11075084;-50,33430219;"SPRF-PR";"DEL07-PR";"UOP01-DEL07-PR"
323609;2020-11-24;"terça-feira";"19:50:00";"GO";153;191,4;"URUACU";"Ingestão de Álcool";"Colisão traseira";"Com Vítimas Feridas";"Plena Noite";"Decrescente";"Céu Claro";"Simples";"Reta";"Não";2;0;1;0;1;0;1;2;-14,437541;-49,156738;"SPRF-GO";"DEL07-GO";"UOP02-DEL07-GO"
323611;2020-11-24;"terça-feira";"22:40:00";"RO";364;343;"JI-PARANA";"Desobediência às normas de trânsito pelo condutor";"Colisão frontal";"Sem Vítimas";"Plena Noite";"Crescente";"Céu Claro";"Dupla";"Interseção de Vias";"Sim";3;0;0;0;3;0;0;2;-10,87878519;-61,94499012;"SPRF-RO";"DEL02-RO";"UOP01-DEL02-RO"
323612;2020-11-25;"quarta-feira";"01:00:00";"PI";402;91;"CAJUEIRO DA PRAIA";"Falta de Atenção à Condução";"Queda de ocupante de veículo";"Com Vítimas Fatais";"Plena Noite";"Crescente";"Céu Claro";"Simples";"Reta";"Não";2;1;0;0;0;1;0;2;-3,04983986;-41,32372202;"SPRF-PI";"DEL05-PI";"UOP01-DEL05-PI"
323616;2020-11-25;"quarta-feira";"04:00:00";"PR";277;99;"CURITIBA";"Condutor Dormindo";"Colisão com objeto estático";"Com Vítimas Feridas";"Plena Noite";"Crescente";"Céu Claro";"Dupla";"Retorno Regulamentado";"Sim";1;0;1;0;0;0;1;1;-25,431927;-49,366759;"SPRF-PR";"DEL01-PR";"UOP01-DEL01-PR"
323617;2020-11-25;"quarta-feira";"04:35:00";"RS";116;253;"SAPUCAIA DO SUL";"Falta de Atenção à Condução";"Atropelamento de Pedestre";"Com Vítimas Feridas";"Amanhecer";"Decrescente";"Céu Claro";"Dupla";"Reta";"Não";2;0;2;0;0;0;2;2;-29,81784209;-51,16996166;"SPRF-RS";"DEL01-RS";"UOP02-DEL01-RS"
323618;2020-10-04;"domingo";"00:20:00";"PB";101;83;"BAYEUX";"Desobediência às normas de trânsito pelo condutor";"Colisão frontal";"Com Vítimas Feridas";"Plena Noite";"Decrescente";"Céu Claro";"Dupla";"Declive";"Sim";2;0;0;1;1;0;1;2;-7,1337703;-34,92963914;"SPRF-PB";"DEL01-PB";"UOP01-DEL01-PB"
323619;2020-11-01;"domingo";"03:30:00";"SC";101;211;"SAO JOSE";"Falta de Atenção à Condução";"Capotamento";"Com Vítimas Feridas";"Plena Noite";"Decrescente";"Nublado";"Dupla";"Reta";"Sim";1;0;1;0;0;0;1;1;-27,62329313;-48,65245588;"SPRF-SC";"DEL01-SC";"UOP02-DEL01-SC"
323621;2020-11-25;"quarta-feira";"04:20:00";"MS";163;587,9;"BANDEIRANTES";"Animais na Pista";"Saída de leito carroçável";"Sem Vítimas";"Plena Noite";"Crescente";"Céu Claro";"Dupla";"Reta";"Não";2;0;0;0;2;0;0;1;-19,58315487;-54,40789639;"SPRF-MS";"DEL06-MS";"UOP02-DEL06-MS"
323622;2020-11-25;"quarta-feira";"03:14:00";"SP";116;18;"LAVRINHAS";"Velocidade Incompatível";"Tombamento";"Com Vítimas Feridas";"Plena Noite";"Decrescente";"Céu Claro";"Dupla";"Reta";"Não";1;0;1;0;0;0;1;1;-22,5584158;-44,85667011;"SPRF-SP";"DEL08-SP";"UOP02-DEL08-SP"
323623;2020-11-25;"quarta-feira";"04:30:00";"BA";116;828;"VITORIA DA CONQUISTA";"Falta de Atenção à Condução";"Tombamento";"Sem Vítimas";"Amanhecer";"Crescente";"Nublado";"Simples";"Reta";"Sim";1;0;0;0;0;1;0;1;-14,8976768;-40,8673184;"SPRF-BA";"DEL08-BA";"UOP01-DEL08-BA"
323625;2020-11-25;"quarta-feira";"05:50:00";"SP";153;71,3;"SAO JOSE DO RIO PRETO";"Avarias e/ou desgaste excessivo no pneu";"Tombamento";"Com Vítimas Feridas";"Pleno dia";"Decrescente";"Céu Claro";"Dupla";"Reta";"Sim";2;0;2;0;0;0;2;1;-20,8580187;-49,40666241;"SPRF-SP";"DEL09-SP";"UOP01-DEL09-SP"
323628;2020-11-25;"quarta-feira";"06:40:00";"PR";376;159,8;"MANDAGUACU";"Restrição de Visibilidade";"Queda de ocupante de veículo";"Com Vítimas Feridas";"Amanhecer";"Crescente";"Sol";"Dupla";"Aclive;Curva";"Não";1;0;1;0;0;0;1;1;-23,36517204;-52,07768625;"SPRF-PR";"DEL09-PR";"UOP01-DEL09-PR"
323629;2020-11-25;"quarta-feira";"05:45:00";"MG";116;413;"GOVERNADOR VALADARES";"Falta de Atenção à Condução";"Colisão transversal";"Com Vítimas Feridas";"Pleno dia";"Decrescente";"Céu Claro";"Simples";"Rotatória";"Não";3;0;3;0;0;0;3;2;-18,873907;-41,966366;"SPRF-MG";"DEL06-MG";"UOP01-DEL06-MG"
323633;2020-11-25;"quarta-feira";"06:30:00";"CE";116;67,2;"CHOROZINHO";"Desobediência às normas de trânsito pelo condutor";"Colisão transversal";"Com Vítimas Feridas";"Pleno dia";"Crescente";"Céu Claro";"Simples";"Reta";"Sim";2;0;1;0;1;0;1;2;-4,3061949;-38,50142278;"SPRF-CE";"DEL03-CE";"UOP02-DEL03-CE"
323636;2020-11-25;"quarta-feira";"06:00:00";"MT";364;251;"JUSCIMEIRA";"Defeito na Via";"Saída de leito carroçável";"Sem Vítimas";"Pleno dia";"Crescente";"Céu Claro";"Dupla";"Reta";"Não";1;0;0;0;1;0;0;1;-16,11396214;-54,85939336;"SPRF-MT";"DEL02-MT";"UOP01-DEL02-MT"
323638;2020-11-24;"terça-feira";"21:50:00";"MT";163;1060;"MATUPA";"Agressão Externa";"Saída de leito carroçável";"Com Vítimas Feridas";"Plena Noite";"Crescente";"Céu Claro";"Simples";"Reta";"Não";1;0;1;0;0;0;1;1;-10,12527002;-54,93236013;"SPRF-MT";"DEL06-MT";"NPF/DEL06-MT"
323639;2020-11-25;"quarta-feira";"07:00:00";"SE";235;11,1;"NOSSA SENHORA DO SOCORRO";"Desobediência às normas de trânsito pelo condutor";"Colisão transversal";"Com Vítimas Feridas";"Pleno dia";"Crescente";"Céu Claro";"Dupla";"Aclive";"Não";3;0;1;0;2;0;1;3;-10,877883;-37,156052;"SPRF-SE";"DEL01-SE";"UOP01-DEL01-SE"
323640;2020-11-25;"quarta-feira";"07:40:00";"DF";40;7;"BRASILIA";"Não guardar distância de segurança";"Colisão traseira";"Com Vítimas Feridas";"Pleno dia";"Decrescente";"Céu Claro";"Dupla";"Reta";"Sim";2;0;1;0;1;0;1;2;-16,038666;-47,979691;"SPRF-DF";"DEL01-DF";"UOP01-DEL01-DF"
323641;2020-11-25;"quarta-feira";"07:45:00";"PE";101;72;"RECIFE";"Falta de Atenção à Condução";"Colisão lateral";"Com Vítimas Feridas";"Pleno dia";"Decrescente";"Céu Claro";"Dupla";"Reta";"Sim";5;0;2;0;3;0;2;2;-8,08487243;-34,9449563;"SPRF-PE";"DEL01-PE";"UOP01-DEL01-PE"
323642;2020-11-25;"quarta-feira";"08:00:00";"GO";153;505,8;"APARECIDA DE GOIANIA";"Não guardar distância de segurança";"Colisão traseira";"Com Vítimas Feridas";"Pleno dia";"Decrescente";"Céu Claro";"Dupla";"Reta";"Sim";2;0;1;0;1;0;1;2;-16,7537;-49,2411;"SPRF-GO";"DEL01-GO";"UOP01-DEL01-GO"
323643;2020-11-25;"quarta-feira";"07:50:00";"SP";116;218,7;"GUARULHOS";"Não guardar distância de segurança";"Colisão lateral";"Com Vítimas Feridas";"Pleno dia";"Crescente";"Céu Claro";"Múltipla";"Reta";"Sim";3;0;1;0;2;0;1;3;-23,457972;-46,479927;"SPRF-SP";"DEL01-SP";"UOP01-DEL01-SP"
323644;2020-11-25;"quarta-feira";"07:10:00";"PR";277;453,9;"LARANJEIRAS DO SUL";"Falta de Atenção à Condução";"Colisão transversal";"Com Vítimas Feridas";"Pleno dia";"Crescente";"Céu Claro";"Simples";"Interseção de Vias";"Sim";4;0;2;0;2;0;2;2;-25,36980336;-52,37913399;"SPRF-PR";"DEL04-PR";"UOP02-DEL04-PR"
323645;2020-11-25;"quarta-feira";"00:30:00";"PA";230;609;"VITORIA DO XINGU";"Falta de Atenção à Condução";"Queda de ocupante de veículo";"Com Vítimas Feridas";"Plena Noite";"Decrescente";"Céu Claro";"Simples";"Reta";"Não";1;0;0;1;0;0;1;1;-3,154873;-51,986583;"SPRF-PA";"DEL04-PA";"UOP01-DEL04-PA"
323647;2020-11-25;"quarta-feira";"06:20:00";"GO";60;408,3;"RIO VERDE";"Avarias e/ou desgaste excessivo no pneu";"Saída de leito carroçável";"Com Vítimas Feridas";"Amanhecer";"Decrescente";"Céu Claro";"Dupla";"Declive";"Não";3;0;3;0;0;0;3;1;-17,8163;-51,1282;"SPRF-GO";"DEL04-GO";"UOP01-DEL04-GO"
323649;2020-11-25;"quarta-feira";"07:00:00";"MG";365;595;"ARAGUARI";"Falta de Atenção à Condução";"Colisão lateral";"Com Vítimas Feridas";"Amanhecer";"Crescente";"Céu Claro";"Simples";"Reta";"Não";3;0;2;0;1;0;2;2;-18,87365352;-48,08880176;"SPRF-MG";"DEL15-MG";"UOP02-DEL15-MG"
323650;2020-11-25;"quarta-feira";"08:19:00";"PB";101;82;"BAYEUX";"Não guardar distância de segurança";"Colisão traseira";"Com Vítimas Feridas";"Pleno dia";"Crescente";"Sol";"Dupla";"Aclive;Reta";"Sim";3;0;1;0;2;0;1;3;-7,12911;-34,93714;"SPRF-PB";"DEL01-PB";"UOP01-DEL01-PB"
323652;2020-11-22;"domingo";"12:22:00";"RN";226;246;"JUCURUTU";"Desobediência às normas de trânsito pelo condutor";"Colisão com objeto estático";"Com Vítimas Feridas";"Pleno dia";"Crescente";"Céu Claro";"Simples";"Reta";"Sim";3;0;1;0;2;0;1;2;-6,02803988;-37,0211299;"SPRF-RN";"DEL03-RN";"UOP01-DEL03-RN"
323655;2020-08-05;"quarta-feira";"16:50:00";"SC";280;234;"CANOINHAS";"Defeito Mecânico no Veículo";"Queda de ocupante de veículo";"Com Vítimas Feridas";"Pleno dia";"Crescente";"Céu Claro";"Simples";"Reta";"Não";2;0;1;1;0;0;2;1;-26,19130591;-50,40255601;"SPRF-SC";"DEL06-SC";"UOP04-DEL06-SC"
323657;2020-11-25;"quarta-feira";"06:40:00";"PE";101;88;"JABOATAO DOS GUARARAPES";"Falta de Atenção à Condução";"Colisão lateral";"Sem Vítimas";"Pleno dia";"Decrescente";"Céu Claro";"Dupla";"Reta";"Não";2;0;0;0;2;0;0;2;-8,19971387;-34,9785382;"SPRF-PE";"DEL01-PE";"UOP03-DEL01-PE"
323659;2020-11-25;"quarta-feira";"08:20:00";"ES";262;104;"VENDA NOVA DO IMIGRANTE";"Falta de Atenção do Pedestre";"Atropelamento de Pedestre";"Com Vítimas Feridas";"Pleno dia";"Crescente";"Nublado";"Múltipla";"Rotatória";"Sim";2;0;0;1;1;0;1;2;-20,33229344;-41,12958312;"SPRF-ES";"DEL01-ES";"UOP02-DEL01-ES"
323660;2020-11-25;"quarta-feira";"07:25:00";"RO";435;85;"COLORADO DO OESTE";"Falta de Atenção à Condução";"Colisão traseira";"Com Vítimas Feridas";"Pleno dia";"Crescente";"Céu Claro";"Simples";"Reta";"Sim";2;0;1;0;1;0;1;2;-13,11884911;-60,53173398;"SPRF-RO";"DEL04-RO";"UOP02-DEL04-RO"
323662;2020-11-25;"quarta-feira";"07:15:00";"RS";471;148,6;"SANTA CRUZ DO SUL";"Desobediência às normas de trânsito pelo condutor";"Colisão transversal";"Com Vítimas Feridas";"Pleno dia";"Decrescente";"Sol";"Dupla";"Reta";"Não";3;0;0;1;2;0;1;2;-29,76326;-52,4238;"SPRF-RS";"DEL02-RS";"UOP03-DEL02-RS"
323663;2020-11-25;"quarta-feira";"08:00:00";"DF";20;11,2;"BRASILIA";"Falta de Atenção do Pedestre";"Atropelamento de Pedestre";"Com Vítimas Feridas";"Pleno dia";"Crescente";"Nublado";"Dupla";"Interseção de Vias";"Sim";2;0;0;1;1;0;1;2;-15,64654;-47,766422;"SPRF-DF";"DEL02-DF";"UOP01-DEL02-DF"
323664;2020-11-25;"quarta-feira";"09:00:00";"PR";277;80;"CURITIBA";"Defeito Mecânico no Veículo";"Queda de ocupante de veículo";"Com Vítimas Feridas";"Pleno dia";"Crescente";"Céu Claro";"Dupla";"Reta";"Sim";2;0;1;0;1;0;1;1;-25,467611;-49,214278;"SPRF-PR";"DEL01-PR";"UOP01-DEL01-PR"
323669;2020-11-25;"quarta-feira";"08:30:00";"RO";364;713;"PORTO VELHO";"Falta de Atenção à Condução";"Tombamento";"Com Vítimas Feridas";"Pleno dia";"Crescente";"Nublado";"Dupla";"Reta";"Sim";1;0;1;0;0;0;1;1;-8,77331583;-63,87969248;"SPRF-RO";"DEL01-RO";"UOP01-DEL01-RO"
323671;2020-11-14;"sábado";"17:20:00";"MS";163;261,1;"DOURADOS";"Falta de Atenção à Condução";"Colisão lateral";"Com Vítimas Feridas";"Pleno dia";"Crescente";"Céu Claro";"Dupla";"Reta";"Não";2;0;0;1;1;0;1;2;-22,23864271;-54,76552912;"SPRF-MS";"DEL04-MS";"UOP01-DEL04-MS"
323674;2020-10-31;"sábado";"14:00:00";"RS";116;107;"SAO MARCOS";"Falta de Atenção à Condução";"Saída de leito carroçável";"Com Vítimas Feridas";"Pleno dia";"Decrescente";"Céu Claro";"Simples";"Reta";"Sim";4;0;2;2;0;0;4;1;-28,924318;-51,10364;"SPRF-RS";"DEL05-RS";"UOP01-DEL05-RS"
323675;2020-11-25;"quarta-feira";"09:30:00";"ES";101;125,7;"SOORETAMA";"Falta de Atenção à Condução";"Queda de ocupante de veículo";"Com Vítimas Feridas";"Pleno dia";"Crescente";"Céu Claro";"Dupla";"Reta";"Sim";2;0;0;1;1;0;1;2;-19,18496498;-40,09429827;"SPRF-ES";"DEL04-ES";"UOP01-DEL04-ES"
323676;2020-10-16;"sexta-feira";"07:30:00";"SP";153;144,6;"PROMISSAO";"Condutor Dormindo";"Colisão lateral";"Com Vítimas Feridas";"Amanhecer";"Crescente";"Chuva";"Simples";"Aclive";"Não";2;0;1;0;1;0;1;2;-21,36348699;-49,79237864;"SPRF-SP";"DEL07-SP";"UOP01-DEL07-SP"
323678;2020-11-25;"quarta-feira";"09:00:00";"MA";10;251,1;"IMPERATRIZ";"Desobediência às normas de trânsito pelo condutor";"Colisão transversal";"Com Vítimas Feridas";"Pleno dia";"Decrescente";"Céu Claro";"Simples";"Interseção de Vias";"Sim";2;0;0;1;1;0;1;2;-5,543249;-47,464447;"SPRF-MA";"DEL04-MA";"UOP01-DEL04-MA"
323679;2020-11-25;"quarta-feira";"07:30:00";"GO";414;421;"ABADIANIA";"Desobediência às normas de trânsito pelo condutor";"Saída de leito carroçável";"Com Vítimas Feridas";"Pleno dia";"Crescente";"Céu Claro";"Simples";"Curva";"Não";1;0;1;0;0;0;1;1;-16,13214805;-48,89319713;"SPRF-GO";"DEL02-GO";"UOP01-DEL02-GO"
323682;2020-11-25;"quarta-feira";"10:12:00";"TO";153;254;"COLINAS DO TOCANTINS";"Falta de Atenção do Pedestre";"Atropelamento de Pedestre";"Com Vítimas Feridas";"Pleno dia";"Crescente";"Céu Claro";"Simples";"Reta";"Não";3;0;2;0;0;1;2;2;-8,11684601;-48,47068692;"SPRF-TO";"DEL02-TO";"UOP02-DEL02-TO"
323687;2020-11-25;"quarta-feira";"12:00:00";"CE";222;2,6;"FORTALEZA";"Falta de Atenção à Condução";"Colisão lateral";"Com Vítimas Feridas";"Pleno dia";"Decrescente";"Céu Claro";"Múltipla";"Interseção de Vias";"Sim";2;0;1;0;0;1;1;2;-3,73911117;-38,58687498;"SPRF-CE";"DEL01-CE";"UOP01-DEL01-CE"
323688;2020-11-25;"quarta-feira";"12:15:00";"ES";101;266;"SERRA";"Falta de Atenção à Condução";"Queda de ocupante de veículo";"Com Vítimas Feridas";"Pleno dia";"Crescente";"Sol";"Múltipla";"Reta";"Sim";1;0;0;1;0;0;1;1;-20,190199;-40,26828891;"SPRF-ES";"DEL02-ES";"UOP01-DEL02-ES"
323691;2020-11-25;"quarta-feira";"12:30:00";"RN";101;107;"PARNAMIRIM";"Não guardar distância de segurança";"Engavetamento";"Sem Vítimas";"Pleno dia";"Crescente";"Céu Claro";"Dupla";"Reta";"Sim";3;0;0;0;3;0;0;3;-5,91920796;-35,26412409;"SPRF-RN";"DEL01-RN";"UOP01-DEL01-RN"
323694;2020-11-25;"quarta-feira";"12:35:00";"MG";354;752,9;"ITAMONTE";"Desobediência às normas de trânsito pelo condutor";"Colisão transversal";"Com Vítimas Feridas";"Pleno dia";"Crescente";"Sol";"Simples";"Reta";"Sim";2;0;1;0;1;0;1;2;-22,29340799;-44,86366398;"SPRF-MG";"DEL17-MG";"UOP01-DEL17-MG"
323695;2020-11-25;"quarta-feira";"12:20:00";"MT";163;548,4;"DIAMANTINO";"Falta de Atenção à Condução";"Colisão transversal";"Com Vítimas Feridas";"Pleno dia";"Decrescente";"Céu Claro";"Simples";"Reta";"Não";2;0;1;0;1;0;1;2;-14,3250221;-56,14341464;"SPRF-MT";"DEL01-MT";"UOP01-DEL01-MT"
323697;2020-11-25;"quarta-feira";"13:00:00";"MG";40;530,8;"BELO HORIZONTE";"Desobediência às normas de trânsito pelo condutor";"Colisão transversal";"Com Vítimas Feridas";"Pleno dia";"Crescente";"Céu Claro";"Dupla";"Reta";"Sim";2;0;1;0;1;0;1;2;-19,92064782;-44,0335681;"SPRF-MG";"DEL01-MG";"UOP02-DEL01-MG"
323698;2020-11-25;"quarta-feira";"13:20:00";"GO";60;93,2;"ANAPOLIS";"Carga excessiva e/ou mal acondicionada";"Colisão com objeto estático";"Com Vítimas Feridas";"Pleno dia";"Decrescente";"Céu Claro";"Dupla";"Reta";"Sim";1;0;1;0;0;0;1;1;-16,3538;-48,9268;"SPRF-GO";"DEL02-GO";"UOP01-DEL02-GO"
323701;2020-11-25;"quarta-feira";"14:35:00";"MG";262;360;"BETIM";"Objeto estático sobre o leito carroçável";"Tombamento";"Com Vítimas Feridas";"Pleno dia";"Crescente";"Céu Claro";"Dupla";"Reta";"Não";1;0;1;0;0;0;1;1;-19,97398405;-44,26392674;"SPRF-MG";"DEL01-MG";"UOP03-DEL01-MG"
323702;2020-11-25;"quarta-feira";"14:15:00";"ES";101;19,9;"PEDRO CANARIO";"Desobediência às normas de trânsito pelo condutor";"Colisão frontal";"Com Vítimas Feridas";"Pleno dia";"Crescente";"Céu Claro";"Simples";"Curva";"Não";3;0;1;0;2;0;1;2;-18,31846928;-39,95435579;"SPRF-ES";"DEL04-ES";"UOP02-DEL04-ES"
323704;2020-11-25;"quarta-feira";"13:40:00";"BA";324;296;"JACOBINA";"Desobediência às normas de trânsito pelo condutor";"Colisão frontal";"Com Vítimas Fatais";"Pleno dia";"Crescente";"Céu Claro";"Dupla";"Reta";"Sim";3;1;0;1;1;0;1;2;-11,18674981;-40,50938394;"SPRF-BA";"DEL04-BA";"UOP02-DEL04-BA"
323705;2020-11-25;"quarta-feira";"15:00:00";"RN";304;290;"MACAIBA";"Não guardar distância de segurança";"Engavetamento";"Com Vítimas Feridas";"Pleno dia";"Crescente";"Céu Claro";"Simples";"Reta;Aclive;Em Obras";"Não";5;0;1;0;4;0;1;3;-5,86659018;-35,40283899;"SPRF-RN";"DEL01-RN";"UOP02-DEL01-RN"
323706;2020-11-25;"quarta-feira";"14:50:00";"SC";101;151,6;"ITAPEMA";"Falta de Atenção à Condução";"Colisão transversal";"Com Vítimas Feridas";"Pleno dia";"Crescente";"Céu Claro";"Simples";"Reta";"Sim";2;0;2;0;0;0;2;2;-27,12988267;-48,61021042;"SPRF-SC";"DEL04-SC";"UOP03-DEL04-SC"
323707;2020-11-25;"quarta-feira";"13:50:00";"SC";101;36,5;"JOINVILLE";"Falta de Atenção à Condução";"Colisão traseira";"Com Vítimas Feridas";"Pleno dia";"Decrescente";"Nublado";"Dupla";"Reta";"Sim";2;0;1;0;1;0;1;2;-26,24573198;-48,9101069;"SPRF-SC";"DEL03-SC";"UOP01-DEL03-SC"
323708;2020-11-25;"quarta-feira";"15:05:00";"SE";101;22,5;"MALHADA DOS BOIS";"Falta de Atenção à Condução";"Capotamento";"Com Vítimas Feridas";"Pleno dia";"Crescente";"Céu Claro";"Dupla";"Curva";"Não";2;0;1;1;0;0;2;1;-10,37817499;-36,91419305;"SPRF-SE";"DEL02-SE";"UOP02-DEL02-SE"
323709;2020-11-25;"quarta-feira";"12:35:00";"PB";230;123,5;"RIACHAO DO BACAMARTE";"Velocidade Incompatível";"Colisão com objeto estático";"Com Vítimas Feridas";"Pleno dia";"Crescente";"Nublado";"Simples";"Aclive;Curva";"Não";1;0;1;0;0;0;1;1;-7,247601;-35,679116;"SPRF-PB";"DEL02-PB";"UOP01-DEL02-PB"