"id";"data_inversa";"dia_semana";"horario";"uf";"br";"km";"municipio";"causa_acidente";"tipo_acidente";"classificacao_acidente";"fase_dia";"sentido_via";"condicao_metereologica";"tipo_pista";"tracado_via";"uso_solo";"pessoas";"mortos";"feridos_leves";"feridos_graves";"ilesos";"ignorados";"feridos";"veiculos";"latitude";"longitude";"regional";"delegacia";"uop"
324091;2020-11-27;"sexta-feira";"13:50:00";"RJ";116;175;"NOVA IGUACU";"Mal Súbito";"Queda de ocupante de veículo";"Com Vítimas Feridas";"Pleno dia";"Decrescente";"Céu Claro";"Dupla";"Reta";"Sim";1;0;1;0;0;0;1;1;-22,78923555;-43,37275272;"SPRF-RJ";"DEL01-RJ";"UOP02-DEL01-RJ"
324092;2020-11-27;"sexta-feira";"14:50:00";"CE";116;73,2;"CHOROZINHO";"Não guardar distância de segurança";"Colisão traseira";"Com Vítimas Feridas";"Pleno dia";"Crescente";"Céu Claro";"Simples";"Reta";"Sim";3;0;1;1;1;0;2;2;-4,34762481;-38,46792477;"SPRF-CE";"DEL03-CE";"UOP02-DEL03-CE"
324093;2020-11-27;"sexta-feira";"15:00:00";"MG";50;75;"UBERLANDIA";"Falta de Atenção à Condução";"Queda de ocupante de veículo";"Com Vítimas Feridas";"Pleno dia";"Crescente";"Céu Claro";"Dupla";"Aclive;Reta";"Sim";1;0;1;0;0;0;1;1;-18,986906;-48,211853;"SPRF-MG";"DEL15-MG";"UOP01-DEL15-MG"
324094;2020-11-07;"sábado";"11:30:00";"SC";280;57;"GUARAMIRIM";"Falta de Atenção à Condução";"Colisão transversal";"Com Vítimas Feridas";"Pleno dia";"Decrescente";"Céu Claro";"Simples";"Reta";"Não";2;0;1;0;1;0;1;2;-26,47811421;-49,01259213;"SPRF-SC";"DEL03-SC";"UOP03-DEL03-SC"
324095;2020-11-27;"sexta-feira";"14:55:00";"PR";376;181,5;"MARINGA";"Falta de Atenção à Condução";"Colisão lateral";"Com Vítimas Feridas";"Pleno dia";"Crescente";"Sol";"Dupla";"Reta";"Sim";2;0;1;0;1;0;1;2;-23,43011491;-51,89068079;"SPRF-PR";"DEL09-PR";"UOP01-DEL09-PR"
324098;2020-11-27;"sexta-feira";"15:15:00";"SE";101;68,4;"MARUIM";"Defeito na Via";"Tombamento";"Com Vítimas Feridas";"Pleno dia";"Decrescente";"Céu Claro";"Simples";"Reta";"Não";2;0;2;0;0;0;2;1;-10,72409501;-37,07334069;"SPRF-SE";"DEL01-SE";"UOP01-DEL01-SE"
324099;2020-11-27;"sexta-feira";"15:10:00";"SP";153;51,7;"SAO JOSE DO RIO PRETO";"Desobediência às normas de trânsito pelo condutor";"Colisão transversal";"Com Vítimas Feridas";"Pleno dia";"Crescente";"Sol";"Simples";"Reta";"Não";3;0;2;0;0;1;2;3;-20,71801801;-49,33874223;"SPRF-SP";"DEL09-SP";"UOP01-DEL09-SP"
324101;2020-11-27;"sexta-feira";"15:00:00";"SP";116;503;"CAJATI";"Pista Escorregadia";"Tombamento";"Com Vítimas Feridas";"Pleno dia";"Crescente";"Chuva";"Dupla";"Curva";"Não";4;0;2;1;0;1;3;3;-24,779676;-48,210717;"SPRF-SP";"DEL05-SP";"UOP02-DEL05-SP"
324103;2020-11-27;"sexta-feira";"08:10:00";"MA";316;595,3;"TIMON";"Falta de Atenção à Condução";"Colisão transversal";"Com Vítimas Fatais";"Pleno dia";"Crescente";"Céu Claro";"Simples";"Aclive";"Sim";2;1;0;0;1;0;0;2;-5,014564;-42,997887;"SPRF-MA";"DEL03-MA";"UOP02-DEL03-MA"
324106;2020-11-07;"sábado";"22:20:00";"PA";163;1001;"SANTAREM";"Falta de Atenção à Condução";"Colisão transversal";"Com Vítimas Feridas";"Plena Noite";"Crescente";"Ignorado";"Simples";"Interseção de Vias";"Não";3;0;1;0;0;2;1;3;-2,464507;-54,72745295;"SPRF-PA";"DEL05-PA";"UOP01-DEL05-PA"
324107;2020-11-27;"sexta-feira";"07:40:00";"ES";101;120;"SOORETAMA";"Não guardar distância de segurança";"Colisão traseira";"Com Vítimas Feridas";"Pleno dia";"Decrescente";"Céu Claro";"Simples";"Reta";"Não";2;0;0;1;0;1;1;2;-19,1438532;-40,0751016;"SPRF-ES";"DEL04-ES";"UOP01-DEL04-ES"
324109;2020-11-27;"sexta-feira";"15:25:00";"SC";101;203,5;"SAO JOSE";"Não guardar distância de segurança";"Colisão traseira";"Com Vítimas Feridas";"Pleno dia";"Decrescente";"Nublado";"Dupla";"Reta";"Sim";2;0;1;0;1;0;1;2;-27,5650044;-48,61460082;"SPRF-SC";"DEL01-SC";"UOP01-DEL01-SC"
324110;2020-11-27;"sexta-feira";"14:30:00";"MA";316;136;"NOVA OLINDA DO MARANHAO";"Velocidade Incompatível";"Capotamento";"Com Vítimas Fatais";"Pleno dia";"Decrescente";"Nublado";"Simples";"Declive";"Não";1;1;0;0;0;0;0;1;-2,730181;-45,725346;"SPRF-MA";"DEL02-MA";"UOP02-DEL02-MA"
324111;2020-08-17;"segunda-feira";"17:40:00";"MG";40;44,5;"PARACATU";"Desobediência às normas de trânsito pelo condutor";"Tombamento";"Com Vítimas Feridas";"Pleno dia";"Crescente";"Céu Claro";"Simples";"Reta";"Não";3;0;0;2;1;0;2;2;-17,23101648;-46,85390396;"SPRF-MG";"DEL14-MG";"UOP01-DEL14-MG"
324113;2020-11-27;"sexta-feira";"16:00:00";"GO";60;52,7;"ALEXANIA";"Defeito Mecânico no Veículo";"Tombamento";"Com Vítimas Feridas";"Pleno dia";"Crescente";"Céu Claro";"Dupla";"Curva";"Não";2;0;1;0;1;0;1;1;-16,1702;-48,6402;"SPRF-GO";"DEL02-GO";"UOP01-DEL02-GO"
324114;2020-11-27;"sexta-feira";"16:15:00";"CE";116;23;"ITAITINGA";"Falta de Atenção à Condução";"Tombamento";"Com Vítimas Feridas";"Pleno dia";"Decrescente";"Céu Claro";"Dupla";"Retorno Regulamentado;Reta";"Sim";1;0;1;0;0;0;1;1;-3,94905489;-38,51212845;"SPRF-CE";"DEL01-CE";"UOP02-DEL01-CE"
324115;2020-11-27;"sexta-feira";"16:15:00";"RJ";40;105;"DUQUE DE CAXIAS";"Não guardar distância de segurança";"Colisão traseira";"Com Vítimas Feridas";"Pleno dia";"Decrescente";"Céu Claro";"Simples";"Reta";"Sim";2;0;1;0;1;0;1;2;-22,63784806;-43,28428824;"SPRF-RJ";"DEL01-RJ";"UOP01-DEL01-RJ"
324118;2020-11-27;"sexta-feira";"16:40:00";"SC";101;202,5;"SAO JOSE";"Falta de Atenção à Condução";"Colisão lateral";"Com Vítimas Feridas";"Pleno dia";"Decrescente";"Nublado";"Dupla";"Reta";"Sim";3;0;2;0;0;1;2;2;-27,55711595;-48,61897889;"SPRF-SC";"DEL01-SC";"UOP01-DEL01-SC"
324120;2020-11-27;"sexta-feira";"17:00:00";"RS";285;563,7;"SAO LUIZ GONZAGA";"Desobediência às normas de trânsito pelo condutor";"Colisão transversal";"Com Vítimas Feridas";"Pleno dia";"Crescente";"Sol";"Simples";"Interseção de Vias";"Sim";4;0;1;0;3;0;1;2;-28,41712625;-54,93834615;"SPRF-RS";"DEL10-RS";"UOP01-DEL10-RS"
324121;2020-11-27;"sexta-feira";"15:05:00";"SC";282;49;"AGUAS MORNAS";"Desobediência às normas de trânsito pelo condutor";"Colisão transversal";"Com Vítimas Feridas";"Pleno dia";"Crescente";"Chuva";"Simples";"Curva";"Não";3;0;1;0;2;0;1;2;-27,712931;-48,943741;"SPRF-SC";"DEL01-SC";"UOP03-DEL01-SC"
324123;2020-11-27;"sexta-feira";"17:15:00";"PE";101;42,6;"IGARASSU";"Desobediência às normas de trânsito pelo condutor";"Colisão lateral";"Com Vítimas Feridas";"Anoitecer";"Decrescente";"Céu Claro";"Múltipla";"Retorno Regulamentado";"Sim";3;0;1;0;2;0;1;2;-7,83887431;-34,91196739;"SPRF-PE";"DEL01-PE";"UOP02-DEL01-PE"
324124;2020-11-27;"sexta-feira";"17:00:00";"ES";259;37,3;"COLATINA";"Desobediência às normas de trânsito pelo condutor";"Colisão frontal";"Com Vítimas Feridas";"Pleno dia";"Crescente";"Céu Claro";"Simples";"Curva";"Não";5;0;4;0;1;0;4;2;-19,55632225;-40,51127191;"SPRF-ES";"DEL02-ES";"UOP01-DEL02-ES"
324125;2020-11-27;"sexta-feira";"17:10:00";"PR";369;159;"CAMBE";"Avarias e/ou desgaste excessivo no pneu";"Colisão traseira";"Sem Vítimas";"Pleno dia";"Crescente";"Chuva";"Dupla";"Reta";"Sim";3;0;0;0;3;0;0;3;-23,283;-51,25;"SPRF-PR";"DEL07-PR";"UOP01-DEL07-PR"
324129;2020-11-27;"sexta-feira";"16:10:00";"SP";116;143;"SAO JOSE DOS CAMPOS";"Velocidade Incompatível";"Colisão traseira";"Com Vítimas Feridas";"Pleno dia";"Decrescente";"Céu Claro";"Dupla";"Reta";"Sim";4;0;2;0;2;0;2;3;-23,17849879;-45,83787411;"SPRF-SP";"DEL06-SP";"UOP01-DEL06-SP"
324130;2020-11-27;"sexta-feira";"16:50:00";"GO";40;3,7;"VALPARAISO DE GOIAS";"Não guardar distância de segurança";"Colisão traseira";"Com Vítimas Feridas";"Pleno dia";"Decrescente";"Céu Claro";"Dupla";"Curva";"Sim";4;0;0;1;2;1;1;4;-16,076081;-47,985671;"SPRF-DF";"DEL01-DF";"UOP01-DEL01-DF"
324131;2020-11-27;"sexta-feira";"17:35:00";"PE";232;114,2;"BEZERROS";"Ingestão de Álcool";"Colisão frontal";"Sem Vítimas";"Anoitecer";"Crescente";"Céu Claro";"Dupla";"Reta";"Sim";3;0;0;0;3;0;0;2;-8,30028529;-35,84905306;"SPRF-PE";"DEL02-PE";"UOP03-DEL02-PE"
324132;2020-11-27;"sexta-feira";"17:38:00";"SC";282;3,3;"FLORIANOPOLIS";"Desobediência às normas de trânsito pelo condutor";"Colisão lateral";"Com Vítimas Feridas";"Pleno dia";"Crescente";"Chuva";"Múltipla";"Reta";"Sim";2;0;1;0;1;0;1;2;-27,600384;-48,599705;"SPRF-SC";"DEL01-SC";"UOP01-DEL01-SC"
324133;2020-11-27;"sexta-feira";"17:25:00";"DF";70;7;"BRASILIA";"Ingestão de Álcool";"Colisão transversal";"Sem Vítimas";"Pleno dia";"Decrescente";"Céu Claro";"Dupla";"Reta";"Sim";2;0;0;0;2;0;0;2;-15,787601;-48,114429;"SPRF-DF";"DEL03-DF";"UOP02-DEL03-DF"
324134;2020-10-22;"quinta-feira";"08:50:00";"RJ";116;290;"BARRA MANSA";"Falta de Atenção à Condução";"Colisão com objeto estático";"Com Vítimas Feridas";"Pleno dia";"Decrescente";"Céu Claro";"Simples";"Curva";"Não";3;0;2;0;1;0;2;2;-22,47546917;-44,26675004;"SPRF-RJ";"DEL07-RJ";"UOP02-DEL07-RJ"
324135;2020-11-27;"sexta-feira";"17:30:00";"GO";153;570,1;"PROFESSOR JAMIL";"Condutor Dormindo";"Saída de leito carroçável";"Sem Vítimas";"Pleno dia";"Decrescente";"Céu Claro";"Dupla";"Reta";"Não";1;0;0;0;1;0;0;1;-17,3032;-49,2355;"SPRF-GO";"DEL03-GO";"UOP01-DEL03-GO"
324138;2020-11-27;"sexta-feira";"17:30:00";"SP";116;201,8;"ARUJA";"Falta de Atenção à Condução";"Colisão lateral";"Com Vítimas Feridas";"Anoitecer";"Decrescente";"Céu Claro";"Múltipla";"Reta";"Não";2;0;1;0;1;0;1;2;-23,40362877;-46,33050107;"SPRF-SP";"DEL01-SP";"UOP01-DEL01-SP"
324139;2020-11-27;"sexta-feira";"16:00:00";"RJ";40;10;"TRES RIOS";"Ingestão de Álcool";"Capotamento";"Com Vítimas Feridas";"Pleno dia";"Crescente";"Céu Claro";"Dupla";"Reta";"Não";1;0;1;0;0;0;1;1;-22,044804;-43,20572;"SPRF-RJ";"DEL05-RJ";"UOP02-DEL05-RJ"
324140;2020-11-27;"sexta-feira";"17:30:00";"GO";158;267;"JATAI";"Desobediência às normas de trânsito pelo condutor";"Colisão transversal";"Com Vítimas Feridas";"Pleno dia";"Decrescente";"Sol";"Dupla";"Reta";"Sim";4;0;0;1;1;2;1;3;-17,84375902;-51,744951;"SPRF-GO";"DEL05-GO";"UOP01-DEL05-GO"
324141;2020-11-27;"sexta-feira";"18:10:00";"SP";101;18,7;"UBATUBA";"Falta de Atenção à Condução";"Colisão transversal";"Com Vítimas Feridas";"Pleno dia";"Crescente";"Céu Claro";"Simples";"Rotatória";"Não";5;0;1;0;4;0;1;2;-23,32238635;-44,90865838;"SPRF-SP";"DEL06-SP";"UOP01-DEL06-SP"
324142;2020-11-27;"sexta-feira";"16:30:00";"RJ";101;295;"ITABORAI";"Falta de Atenção à Condução";"Colisão traseira";"Com Vítimas Feridas";"Pleno dia";"Decrescente";"Céu Claro";"Dupla";"Reta";"Sim";3;0;1;0;2;0;1;2;-22,76715948;-42,90856361;"SPRF-RJ";"DEL02-RJ";"UOP02-DEL02-RJ"
324144;2020-11-27;"sexta-feira";"17:20:00";"PR";369;164;"CAMBE";"Não guardar distância de segurança";"Colisão traseira";"Com Vítimas Feridas";"Pleno dia";"Decrescente";"Chuva";"Dupla";"Declive;Reta";"Não";4;0;1;0;2;1;1;3;-23,29555887;-51,28920078;"SPRF-PR";"DEL07-PR";"UOP01-DEL07-PR"
324145;2020-11-27;"sexta-feira";"18:00:00";"MG";40;551,9;"NOVA LIMA";"Falta de Atenção à Condução";"Colisão traseira";"Com Vítimas Feridas";"Plena Noite";"Decrescente";"Nublado";"Dupla";"Declive;Reta";"Sim";3;0;0;1;1;1;1;3;-20,05411435;-43,97101875;"SPRF-MG";"DEL01-MG";"UOP02-DEL01-MG"
324146;2020-11-27;"sexta-feira";"18:20:00";"SE";235;1;"ARACAJU";"Ingestão de Álcool";"Atropelamento de Pedestre";"Com Vítimas Feridas";"Plena Noite";"Crescente";"Nublado";"Dupla";"Reta";"Sim";2;0;1;0;1;0;1;2;-10,9073;-37,0947;"SPRF-SE";"DEL01-SE";"UOP01-DEL01-SE"
324148;2020-11-27;"sexta-feira";"17:45:00";"SC";470;56;"BLUMENAU";"Desobediência às normas de trânsito pelo condutor";"Colisão transversal";"Com Vítimas Feridas";"Pleno dia";"Decrescente";"Céu Claro";"Simples";"Reta";"Não";2;0;1;0;1;0;1;2;-26,87674;-49,127743;"SPRF-SC";"DEL04-SC";"UOP01-DEL04-SC"
324149;2020-11-27;"sexta-feira";"17:00:00";"SC";101;214;"PALHOCA";"Desobediência às normas de trânsito pelo condutor";"Colisão lateral";"Com Vítimas Feridas";"Pleno dia";"Decrescente";"Garoa/Chuvisco";"Múltipla";"Reta";"Sim";2;0;1;0;1;0;1;2;-27,64443;-48,67057;"SPRF-SC";"DEL01-SC";"UOP02-DEL01-SC"
324152;2020-11-27;"sexta-feira";"18:45:00";"RN";304;140;"ANGICOS";"Ingestão de álcool e/ou substâncias psicoativas pelo pedestre";"Atropelamento de Pedestre";"Com Vítimas Fatais";"Plena Noite";"Crescente";"Céu Claro";"Simples";"Reta";"Não";2;1;0;0;1;0;0;2;-5,66657204;-36,68142801;"SPRF-RN";"DEL04-RN";"UOP01-DEL04-RN"
324154;2020-11-27;"sexta-feira";"18:50:00";"SC";101;214;"PALHOCA";"Falta de Atenção à Condução";"Colisão lateral";"Com Vítimas Feridas";"Plena Noite";"Decrescente";"Garoa/Chuvisco";"Múltipla";"Reta";"Sim";2;0;1;0;1;0;1;2;-27,64443;-48,67057;"SPRF-SC";"DEL01-SC";"UOP02-DEL01-SC"
324159;2020-11-27;"sexta-feira";"16:20:00";"SC";280;91,2;"CORUPA";"Falta de Atenção à Condução";"Saída de leito carroçável";"Com Vítimas Feridas";"Pleno dia";"Decrescente";"Garoa/Chuvisco";"Simples";"Curva";"Não";1;0;1;0;0;0;1;1;-26,39617515;-49,29442048;"SPRF-SC";"DEL06-SC";"UOP03-DEL06-SC"
324160;2020-11-27;"sexta-feira";"19:00:00";"PE";428;77,4;"SANTA MARIA DA BOA VISTA";"Desobediência às normas de trânsito pelo condutor";"Saída de leito carroçável";"Com Vítimas Feridas";"Plena Noite";"Decrescente";"Céu Claro";"Simples";"Reta";"Não";3;0;3;0;0;0;3;1;-8,74794993;-39,79718807;"SPRF-PE";"DEL06-PE";"UOP03-DEL06-PE"
324161;2020-11-27;"sexta-feira";"19:05:00";"SC";101;199,6;"SAO JOSE";"Velocidade Incompatível";"Colisão traseira";"Com Vítimas Feridas";"Anoitecer";"Crescente";"Nublado";"Múltipla";"Reta";"Sim";4;0;1;0;3;0;1;3;-27,53413705;-48,63003205;"SPRF-SC";"DEL01-SC";"UOP01-DEL01-SC"
324164;2020-11-27;"sexta-feira";"19:25:00";"SC";101;212,1;"PALHOCA";"Falta de Atenção à Condução";"Colisão traseira";"Com Vítimas Feridas";"Anoitecer";"Crescente";"Garoa/Chuvisco";"Múltipla";"Reta";"Sim";3;0;1;0;1;1;1;3;-27,62996929;-48,65903871;"SPRF-SC";"DEL01-SC";"UOP02-DEL01-SC"
324167;2020-11-27;"sexta-feira";"18:36:00";"ES";262;100;"VENDA NOVA DO IMIGRANTE";"Falta de Atenção à Condução";"Colisão com objeto estático";"Com Vítimas Feridas";"Plena Noite";"Crescente";"Céu Claro";"Simples";"Curva;Declive";"Não";1;0;0;1;0;0;1;1;-20,34889991;-41,102073;"SPRF-ES";"DEL01-ES";"UOP02-DEL01-ES"
324168;2020-10-14;"quarta-feira";"18:00:00";"ES";101;268;"SERRA";"Falta de Atenção à Condução";"Colisão lateral";"Com Vítimas Feridas";"Plena Noite";"Decrescente";"Nublado";"Múltipla";"Reta";"Sim";4;0;2;0;2;0;2;3;-20,20842;-40,269405;"SPRF-ES";"DEL02-ES";"UOP01-DEL02-ES"
324169;2020-11-27;"sexta-feira";"18:20:00";"MS";163;208,4;"CAARAPO";"Velocidade Incompatível";"Colisão transversal";"Com Vítimas Feridas";"Anoitecer";"Decrescente";"Céu Claro";"Simples";"Interseção de Vias";"Sim";2;0;1;1;0;0;2;2;-22,63652856;-54,81642845;"SPRF-MS";"DEL04-MS";"UOP02-DEL04-MS"
324170;2020-11-27;"sexta-feira";"16:20:00";"SC";158;135,7;"CAMPO ERE";"Falta de Atenção à Condução";"Colisão lateral";"Com Vítimas Feridas";"Pleno dia";"Decrescente";"Céu Claro";"Simples";"Reta";"Não";2;0;1;0;1;0;1;2;-26,39280783;-53,03485795;"SPRF-SC";"DEL07-SC";"UOP02-DEL07-SC"
324171;2020-11-27;"sexta-feira";"18:30:00";"MG";262;822;"UBERABA";"Falta de Atenção à Condução";"Tombamento";"Com Vítimas Feridas";"Anoitecer";"Crescente";"Nublado";"Dupla";"Reta";"Não";2;0;2;0;0;0;2;1;-19,76063273;-48,14580492;"SPRF-MG";"DEL13-MG";"UOP01-DEL13-MG"
324173;2020-11-27;"sexta-feira";"20:15:00";"PR";277;252;"IRATI";"Velocidade Incompatível";"Saída de leito carroçável";"Com Vítimas Feridas";"Plena Noite";"Crescente";"Chuva";"Simples";"Reta";"Não";1;0;1;0;0;0;1;1;-25,44787918;-50,67017111;"SPRF-PR";"DEL03-PR";"UOP03-DEL03-PR"
324175;2020-11-27;"sexta-feira";"20:20:00";"PE";101;69;"RECIFE";"Falta de Atenção à Condução";"Tombamento";"Com Vítimas Feridas";"Plena Noite";"Decrescente";"Céu Claro";"Múltipla";"Reta";"Sim";1;0;1;0;0;0;1;1;-8,05951606;-34,94581024;"SPRF-PE";"DEL01-PE";"UOP01-DEL01-PE"
324176;2020-11-27;"sexta-feira";"19:00:00";"BA";101;215;"CRUZ DAS ALMAS";"Ultrapassagem Indevida";"Colisão com objeto estático";"Com Vítimas Feridas";"Plena Noite";"Crescente";"Céu Claro";"Simples";"Reta";"Não";1;0;1;0;0;0;1;1;-12,65351724;-39,12236761;"SPRF-BA";"DEL01-BA";"UOP02-DEL01-BA"
324177;2020-11-27;"sexta-feira";"19:00:00";"PR";277;595;"CASCAVEL";"Desobediência às normas de trânsito pelo condutor";"Colisão frontal";"Sem Vítimas";"Plena Noite";"Decrescente";"Céu Claro";"Simples";"Interseção de Vias";"Sim";4;0;0;0;4;0;0;2;-24,98154632;-53,50141969;"SPRF-PR";"DEL04-PR";"UOP01-DEL04-PR"
324179;2020-11-27;"sexta-feira";"19:00:00";"RR";174;500;"BOA VISTA";"Falta de Atenção à Condução";"Atropelamento de Pedestre";"Com Vítimas Feridas";"Plena Noite";"Crescente";"Nublado";"Dupla";"Reta";"Sim";2;0;1;0;0;1;1;2;2,776633;-60,708858;"SPRF-RR";"DEL01-RR";"UOP01-DEL01-RR"
324184;2020-11-27;"sexta-feira";"20:00:00";"MG";40;668,3;"CARANDAI";"Velocidade Incompatível";"Atropelamento de Animal";"Com Vítimas Fatais";"Plena Noite";"Decrescente";"Céu Claro";"Simples";"Reta";"Sim";4;1;0;0;3;0;0;2;-20,95232841;-43,79297337;"SPRF-MG";"DEL05-MG";"UOP02-DEL05-MG"
324185;2020-11-27;"sexta-feira";"18:40:00";"MA";135;153;"MATOES DO NORTE";"Falta de Atenção à Condução";"Colisão transversal";"Com Vítimas Feridas";"Plena Noite";"Decrescente";"Céu Claro";"Simples";"Reta";"Não";2;0;1;0;1;0;1;2;-3,787492;-44,50930302;"SPRF-MA";"DEL01-MA";"UOP02-DEL01-MA"
324191;2020-11-27;"sexta-feira";"20:50:00";"PB";101;56;"SANTA RITA";"Objeto estático sobre o leito carroçável";"Saída de leito carroçável";"Com Vítimas Feridas";"Plena Noite";"Crescente";"Céu Claro";"Dupla";"Reta";"Não";2;0;2;0;0;0;2;1;-6,96986418;-35,08206934;"SPRF-PB";"DEL01-PB";"UOP04-DEL01-PB"
324192;2020-11-27;"sexta-feira";"19:15:00";"RJ";116;81;"TERESOPOLIS";"Falta de Atenção do Pedestre";"Atropelamento de Pedestre";"Com Vítimas Feridas";"Plena Noite";"Decrescente";"Nublado";"Simples";"Curva";"Não";3;0;0;1;1;1;1;2;-22,327388;-42,93858185;"SPRF-RJ";"DEL04-RJ";"UOP01-DEL04-RJ"
324193;2020-09-22;"terça-feira";"07:00:00";"SP";116;446;"REGISTRO";"Pista Escorregadia";"Queda de ocupante de veículo";"Com Vítimas Feridas";"Pleno dia";"Decrescente";"Céu Claro";"Simples";"Curva";"Sim";1;0;1;0;0;0;1;1;-24,50467087;-47,84772743;"SPRF-SP";"DEL05-SP";"UOP01-DEL05-SP"
324194;2020-11-27;"sexta-feira";"16:11:00";"MG";40;46,1;"PARACATU";"Falta de Atenção à Condução";"Colisão frontal";"Com Vítimas Feridas";"Pleno dia";"Decrescente";"Céu Claro";"Simples";"Reta;Em Obras";"Não";9;0;4;1;2;2;5;3;-17,23875763;-46,83697693;"SPRF-MG";"DEL14-MG";"UOP01-DEL14-MG"
324196;2020-11-27;"sexta-feira";"18:42:00";"PE";424;87,7;"GARANHUNS";"Velocidade Incompatível";"Capotamento";"Com Vítimas Feridas";"Plena Noite";"Crescente";"Céu Claro";"Simples";"Curva";"Não";2;0;0;1;0;1;1;1;-8,883999;-36,508494;"SPRF-PE";"DEL03-PE";"UOP01-DEL03-PE"
324197;2020-11-27;"sexta-feira";"21:30:00";"PE";408;96,1;"SAO LOURENCO DA MATA";"Animais na Pista";"Atropelamento de Animal";"Com Vítimas Feridas";"Plena Noite";"Crescente";"Céu Claro";"Dupla";"Reta";"Não";2;0;1;0;1;0;1;1;-8,023035;-35,040106;"SPRF-PE";"DEL01-PE";"UOP01-DEL01-PE"
324198;2020-11-27;"sexta-feira";"21:25:00";"SC";101;201;"SAO JOSE";"Falta de Atenção à Condução";"Colisão transversal";"Com Vítimas Feridas";"Plena Noite";"Decrescente";"Chuva";"Dupla";"Interseção de Vias";"Sim";2;0;1;0;1;0;1;2;-27,54836599;-48,61977975;"SPRF-SC";"DEL01-SC";"UOP01-DEL01-SC"
324199;2020-11-27;"sexta-feira";"20:10:00";"PR";116;26;"CAMPINA GRANDE DO SUL";"Velocidade Incompatível";"Saída de leito carroçável";"Com Vítimas Feridas";"Plena Noite";"Crescente";"Garoa/Chuvisco";"Dupla";"Curva";"Não";2;0;1;0;1;0;1;1;-25,10683694;-48,785333;"SPRF-PR";"DEL01-PR";"UOP02-DEL01-PR"
324200;2020-11-27;"sexta-feira";"15:40:00";"RJ";116;15;"SAPUCAIA";"Falta de Atenção à Condução";"Colisão com objeto estático";"Com Vítimas Feridas";"Pleno dia";"Decrescente";"Sol";"Simples";"Curva";"Não";5;0;4;1;0;0;5;1;-21,96702714;-42,74241677;"SPRF-RJ";"DEL04-RJ";"UOP01-DEL04-RJ"
324201;2020-11-27;"sexta-feira";"20:45:00";"RJ";101;61;"CAMPOS DOS GOYTACAZES";"Falta de Atenção à Condução";"Colisão transversal";"Com Vítimas Feridas";"Plena Noite";"Crescente";"Céu Claro";"Simples";"Reta";"Não";2;0;1;0;1;0;1;2;-21,72655788;-41,32133519;"SPRF-RJ";"DEL08-RJ";"UOP01-DEL08-RJ"
324203;2020-11-27;"sexta-feira";"20:30:00";"MT";70;539,5;"NOSSA SENHORA DO LIVRAMENTO";"Desobediência às normas de trânsito pelo condutor";"Colisão frontal";"Com Vítimas Fatais";"Plena Noite";"Decrescente";"Céu Claro";"Simples";"Reta";"Sim";5;1;1;2;1;0;3;2;-15,67927897;-56,29323721;"SPRF-MT";"DEL01-MT";"UOP02-DEL01-MT"
324205;2020-11-27;"sexta-feira";"22:10:00";"GO";50;276,5;"CATALAO";"Falta de Atenção à Condução";"Colisão com objeto estático";"Com Vítimas Feridas";"Plena Noite";"Crescente";"Céu Claro";"Simples";"Aclive;Curva";"Sim";2;0;2;0;0;0;2;1;-18,1572;-47,9081;"SPRF-GO";"DEL06-GO";"UOP01-DEL06-GO"
324207;2020-11-27;"sexta-feira";"22:15:00";"PR";116;11;"CAMPINA GRANDE DO SUL";"Falta de Atenção à Condução";"Saída de leito carroçável";"Sem Vítimas";"Plena Noite";"Crescente";"Nublado";"Dupla";"Reta";"Não";2;0;0;0;2;0;0;1;-25,09123278;-48,6477702;"SPRF-PR";"DEL01-PR";"UOP02-DEL01-PR"
324208;2020-11-27;"sexta-feira";"21:30:00";"RS";116;245;"SAO LEOPOLDO";"Falta de Atenção à Condução";"Colisão lateral";"Com Vítimas Feridas";"Plena Noite";"Crescente";"Nublado";"Múltipla";"Rotatória";"Sim";2;0;0;1;1;0;1;2;-29,74980902;-51,15125361;"SPRF-RS";"DEL01-RS";"UOP02-DEL01-RS"
324209;2020-11-27;"sexta-feira";"21:20:00";"SC";101;217,7;"PALHOCA";"Falta de Atenção à Condução";"Colisão transversal";"Com Vítimas Fatais";"Plena Noite";"Crescente";"Chuva";"Múltipla";"Reta";"Não";2;1;0;0;1;0;0;2;-27,66779034;-48,67393586;"SPRF-SC";"DEL01-SC";"UOP02-DEL01-SC"
324211;2020-11-27;"sexta-feira";"22:00:00";"ES";482;84,6;"ALEGRE";"Desobediência às normas de trânsito pelo condutor";"Colisão lateral";"Com Vítimas Feridas";"Plena Noite";"Crescente";"Céu Claro";"Simples";"Reta";"Sim";3;0;0;1;2;0;1;2;-20,765701;-41,538303;"SPRF-ES";"DEL03-ES";"UOP02-DEL03-ES"
324212;2020-11-23;"segunda-feira";"11:09:00";"SP";101;41,2;"UBATUBA";"Ingestão de Álcool";"Colisão lateral";"Com Vítimas Feridas";"Pleno dia";"Crescente";"Céu Claro";"Simples";"Reta";"Não";2;0;1;0;1;0;1;2;-23,41615511;-45,0458765;"SPRF-SP";"DEL06-SP";"UOP01-DEL06-SP"