"id";"data_inversa";"dia_semana";"horario";"uf";"br";"km";"municipio";"causa_acidente";"tipo_acidente";"classificacao_acidente";"fase_dia";"sentido_via";"condicao_metereologica";"tipo_pista";"tracado_via";"uso_solo";"pessoas";"mortos";"feridos_leves";"feridos_graves";"ilesos";"ignorados";"feridos";"veiculos";"latitude";"longitude";"regional";"delegacia";"uop"
324214;2020-11-27;"sexta-feira";"22:10:00";"CE";222;226,7;"SOBRAL";"Ingestão de álcool e/ou substâncias psicoativas pelo pedestre";"Atropelamento de Pedestre";"Com Vítimas Feridas";"Plena Noite";"Decrescente";"Céu Claro";"Simples";"Reta;Declive";"Sim";2;0;0;1;0;1;1;2;-3,69876456;-40,37182873;"SPRF-CE";"DEL04-CE";"UOP01-DEL04-CE"
324215;2020-11-27;"sexta-feira";"20:40:00";"SC";101;207;"SAO JOSE";"Desobediência às normas de trânsito pelo condutor";"Colisão lateral";"Com Vítimas Feridas";"Plena Noite";"Crescente";"Garoa/Chuvisco";"Múltipla";"Reta";"Sim";2;0;1;0;1;0;1;2;-27,60001226;-48,6226467;"SPRF-SC";"DEL01-SC";"UOP01-DEL01-SC"
324218;2020-11-27;"sexta-feira";"22:40:00";"TO";153;767;"ALVORADA";"Desobediência às normas de trânsito pelo condutor";"Colisão com objeto estático";"Com Vítimas Feridas";"Plena Noite";"Decrescente";"Céu Claro";"Simples";"Reta";"Não";1;0;0;1;0;0;1;1;-12,53201395;-49,10193689;"SPRF-TO";"DEL01-TO";"UOP02-DEL01-TO"
324219;2020-11-27;"sexta-feira";"22:07:00";"RO";174;13,6;"VILHENA";"Não guardar distância de segurança";"Colisão traseira";"Com Vítimas Feridas";"Plena Noite";"Crescente";"Chuva";"Dupla";"Reta";"Sim";3;0;2;1;0;0;3;2;-12,74140004;-60,13026401;"SPRF-RO";"DEL04-RO";"UOP01-DEL04-RO"
324220;2020-11-27;"sexta-feira";"22:00:00";"MS";376;18,2;"FATIMA DO SUL";"Condutor Dormindo";"Saída de leito carroçável";"Com Vítimas Feridas";"Plena Noite";"Crescente";"Céu Claro";"Simples";"Reta";"Não";2;0;2;0;0;0;2;1;-22,31650221;-54,58420923;"SPRF-MS";"DEL04-MS";"UOP04-DEL04-MS"
324221;2020-11-27;"sexta-feira";"17:30:00";"MG";381;218;"BELO ORIENTE";"Falta de Atenção à Condução";"Tombamento";"Com Vítimas Feridas";"Anoitecer";"Decrescente";"Céu Claro";"Simples";"Reta";"Não";1;0;0;1;0;0;1;1;-19,29459894;-42,35751901;"SPRF-MG";"DEL06-MG";"UOP01-DEL06-MG"
324222;2020-11-27;"sexta-feira";"21:30:00";"MG";262;817,8;"UBERABA";"Falta de Atenção à Condução";"Saída de leito carroçável";"Com Vítimas Feridas";"Plena Noite";"Decrescente";"Céu Claro";"Dupla";"Reta";"Não";1;0;0;1;0;0;1;1;-19,76384526;-48,12927805;"SPRF-MG";"DEL13-MG";"UOP01-DEL13-MG"
324223;2020-11-27;"sexta-feira";"22:00:00";"MS";463;2,8;"DOURADOS";"Ingestão de Álcool";"Colisão frontal";"Com Vítimas Feridas";"Plena Noite";"Crescente";"Céu Claro";"Simples";"Reta";"Não";2;0;0;1;0;1;1;2;-22,25921811;-54,82966191;"SPRF-MS";"DEL04-MS";"UOP01-DEL04-MS"
324224;2020-11-27;"sexta-feira";"22:50:00";"MG";364;17;"FRUTAL";"Defeito Mecânico no Veículo";"Incêndio";"Sem Vítimas";"Pleno dia";"Decrescente";"Nublado";"Simples";"Reta";"Não";1;0;0;0;1;0;0;1;-20,063235;-48,805923;"SPRF-MG";"DEL13-MG";"UOP02-DEL13-MG"
324226;2020-11-27;"sexta-feira";"22:30:00";"SC";280;122;"RIO NEGRINHO";"Falta de Atenção à Condução";"Colisão lateral";"Sem Vítimas";"Plena Noite";"Decrescente";"Chuva";"Simples";"Curva";"Não";2;0;0;0;2;0;0;2;-26,23947947;-49,47946072;"SPRF-SC";"DEL06-SC";"UOP03-DEL06-SC"
324227;2020-11-27;"sexta-feira";"23:50:00";"RJ";116;172;"SAO JOAO DE MERITI";"Ingestão de Álcool";"Queda de ocupante de veículo";"Com Vítimas Feridas";"Plena Noite";"Crescente";"Céu Claro";"Múltipla";"Reta";"Sim";1;0;1;0;0;0;1;1;-22,80188151;-43,35043673;"SPRF-RJ";"DEL01-RJ";"UOP02-DEL01-RJ"
324228;2020-11-27;"sexta-feira";"20:45:00";"SC";470;323;"CAMPOS NOVOS";"Ingestão de Álcool";"Colisão frontal";"Com Vítimas Feridas";"Plena Noite";"Decrescente";"Céu Claro";"Simples";"Reta";"Não";2;0;1;0;1;0;1;2;-27,438557;-51,244228;"SPRF-SC";"DEL07-SC";"UOP06-DEL07-SC"
324229;2020-11-27;"sexta-feira";"23:00:00";"RO";364;13,7;"VILHENA";"Velocidade Incompatível";"Queda de ocupante de veículo";"Com Vítimas Feridas";"Plena Noite";"Decrescente";"Chuva";"Dupla";"Reta";"Sim";1;0;0;1;0;0;1;1;-12,74140004;-60,13026401;"SPRF-RO";"DEL04-RO";"UOP01-DEL04-RO"
324231;2020-11-27;"sexta-feira";"21:30:00";"MT";70;337,8;"PRIMAVERA DO LESTE";"Pista Escorregadia";"Capotamento";"Com Vítimas Feridas";"Plena Noite";"Decrescente";"Chuva";"Simples";"Curva";"Não";2;0;2;0;0;0;2;1;-15,57517133;-54,34035301;"SPRF-MT";"DEL05-MT";"UOP01-DEL05-MT"
324235;2020-11-28;"sábado";"01:00:00";"MG";262;165;"SAO DOMINGOS DO PRATA";"Desobediência às normas de trânsito pelo condutor";"Colisão transversal";"Com Vítimas Feridas";"Plena Noite";"Crescente";"Céu Claro";"Simples";"Aclive;Reta";"Não";3;0;0;2;1;0;2;2;-19,95458968;-42,87876305;"SPRF-MG";"DEL03-MG";"UOP03-DEL03-MG"
324236;2020-11-28;"sábado";"01:00:00";"PR";153;349,8;"REBOUCAS";"Ingestão de álcool e/ou substâncias psicoativas pelo pedestre";"Atropelamento de Pedestre";"Com Vítimas Feridas";"Plena Noite";"Decrescente";"Nublado";"Simples";"Aclive;Reta";"Não";2;0;0;1;1;0;1;2;-25,60633618;-50,69573614;"SPRF-PR";"DEL03-PR";"UOP03-DEL03-PR"
324237;2020-11-27;"sexta-feira";"17:30:00";"RJ";101;296;"ITABORAI";"Falta de Atenção à Condução";"Tombamento";"Com Vítimas Feridas";"Plena Noite";"Decrescente";"Céu Claro";"Simples";"Curva";"Sim";1;0;1;0;0;0;1;1;-22,7670498;-42,91019601;"SPRF-RJ";"DEL02-RJ";"UOP02-DEL02-RJ"
324240;2020-11-27;"sexta-feira";"23:00:00";"SC";101;339;"TUBARAO";"Desobediência às normas de trânsito pelo condutor";"Capotamento";"Com Vítimas Feridas";"Plena Noite";"Crescente";"Chuva";"Múltipla";"Reta";"Sim";2;0;1;0;1;0;1;1;-28,49351117;-49,04178985;"SPRF-SC";"DEL02-SC";"UOP01-DEL02-SC"
324241;2020-11-27;"sexta-feira";"22:30:00";"MG";50;206;"DELTA";"Não guardar distância de segurança";"Colisão com objeto estático";"Com Vítimas Feridas";"Plena Noite";"Decrescente";"Céu Claro";"Dupla";"Reta";"Não";2;0;1;0;1;0;1;1;-19,98560986;-47,78778076;"SPRF-MG";"DEL13-MG";"UOP01-DEL13-MG"
324242;2020-11-28;"sábado";"01:40:00";"PI";343;283,3;"CAMPO MAIOR";"Condutor Dormindo";"Colisão com objeto estático";"Com Vítimas Fatais";"Plena Noite";"Crescente";"Céu Claro";"Simples";"Ponte";"Não";1;1;0;0;0;0;0;1;-4,92738791;-42,28633404;"SPRF-PI";"DEL01-PI";"UOP03-DEL01-PI"
324246;2020-11-27;"sexta-feira";"23:00:00";"MA";135;257,9;"CAPINZAL DO NORTE";"Falta de Atenção do Pedestre";"Atropelamento de Pedestre";"Com Vítimas Fatais";"Plena Noite";"Decrescente";"Nublado";"Simples";"Reta";"Não";2;1;0;0;0;1;0;2;-4,63152092;-44,33838674;"SPRF-MA";"DEL03-MA";"UOP01-DEL03-MA"
324248;2020-11-28;"sábado";"00:50:00";"SC";470;246,6;"CURITIBANOS";"Velocidade Incompatível";"Colisão com objeto estático";"Sem Vítimas";"Plena Noite";"Crescente";"Nublado";"Simples";"Reta";"Sim";1;0;0;0;1;0;0;1;-27,31393838;-50,55157185;"SPRF-SC";"DEL05-SC";"UOP03-DEL05-SC"
324250;2020-11-28;"sábado";"02:20:00";"ES";101;296;"CARIACICA";"Falta de Atenção à Condução";"Saída de leito carroçável";"Com Vítimas Feridas";"Plena Noite";"Crescente";"Chuva";"Múltipla";"Curva";"Sim";1;0;1;0;0;0;1;1;-20,34029997;-40,40405712;"SPRF-ES";"DEL01-ES";"UOP01-DEL01-ES"
324252;2020-11-28;"sábado";"02:05:00";"SP";153;131,5;"UBARANA";"Animais na Pista";"Saída de leito carroçável";"Com Vítimas Feridas";"Plena Noite";"Crescente";"Nublado";"Simples";"Reta";"Não";2;0;1;0;1;0;1;1;-21,25934683;-49,76149419;"SPRF-SP";"DEL09-SP";"UOP01-DEL09-SP"
324253;2020-11-28;"sábado";"02:50:00";"PR";369;188,9;"ARAPONGAS";"Animais na Pista";"Atropelamento de Animal";"Com Vítimas Feridas";"Plena Noite";"Crescente";"Nublado";"Dupla";"Reta";"Não";4;0;2;2;0;0;4;2;-23,441882;-51,422775;"SPRF-PR";"DEL07-PR";"UOP03-DEL07-PR"
324254;2020-11-28;"sábado";"02:39:00";"PR";476;132,6;"CURITIBA";"Falta de Atenção à Condução";"Colisão lateral";"Sem Vítimas";"Plena Noite";"Crescente";"Céu Claro";"Múltipla";"Reta";"Sim";3;0;0;0;3;0;0;2;-25,460718;-49,250488;"SPRF-PR";"DEL01-PR";"UOP03-DEL01-PR"
324255;2020-11-28;"sábado";"00:20:00";"MT";70;534;"VARZEA GRANDE";"Falta de Atenção à Condução";"Colisão traseira";"Com Vítimas Feridas";"Plena Noite";"Crescente";"Céu Claro";"Simples";"Reta";"Não";3;0;1;1;0;1;2;2;-15,6718002;-56,24716759;"SPRF-MT";"DEL01-MT";"UOP02-DEL01-MT"
324256;2020-11-28;"sábado";"02:15:00";"PR";476;124,5;"CURITIBA";"Velocidade Incompatível";"Saída de leito carroçável";"Sem Vítimas";"Plena Noite";"Crescente";"Céu Claro";"Dupla";"Em Obras";"Sim";1;0;0;0;0;1;0;1;-25,40874071;-49,22003746;"SPRF-PR";"DEL01-PR";"UOP03-DEL01-PR"
324257;2020-11-28;"sábado";"02:50:00";"RS";471;171,5;"RIO PARDO";"Ingestão de Álcool";"Colisão lateral";"Sem Vítimas";"Plena Noite";"Decrescente";"Céu Claro";"Simples";"Declive;Reta";"Não";2;0;0;0;2;0;0;2;-29,96073487;-52,3707962;"SPRF-RS";"DEL02-RS";"UOP03-DEL02-RS"
324260;2020-11-28;"sábado";"04:45:00";"PE";316;55,6;"TRINDADE";"Falta de Atenção do Pedestre";"Atropelamento de Pedestre";"Com Vítimas Feridas";"Amanhecer";"Decrescente";"Ignorado";"Simples";"Reta";"Não";2;0;1;1;0;0;2;2;-7,74026268;-40,28663631;"SPRF-PE";"DEL05-PE";"UOP02-DEL05-PE"
324261;2020-11-28;"sábado";"05:30:00";"PB";230;57;"CRUZ DO ESPIRITO SANTO";"Falta de Atenção à Condução";"Tombamento";"Com Vítimas Feridas";"Amanhecer";"Decrescente";"Nublado";"Dupla";"Aclive;Reta";"Não";2;0;1;1;0;0;2;1;-7,2028;-35,1125;"SPRF-PB";"DEL01-PB";"UOP03-DEL01-PB"
324263;2020-11-28;"sábado";"04:40:00";"GO";60;395;"RIO VERDE";"Falta de Atenção à Condução";"Colisão com objeto estático";"Com Vítimas Feridas";"Amanhecer";"Crescente";"Céu Claro";"Dupla";"Declive";"Não";1;0;1;0;0;0;1;1;-17,8224;-51,0075;"SPRF-GO";"DEL04-GO";"UOP01-DEL04-GO"
324269;2020-11-28;"sábado";"06:00:00";"RS";116;92,8;"CAMPESTRE DA SERRA";"Falta de Atenção à Condução";"Colisão frontal";"Com Vítimas Feridas";"Amanhecer";"Crescente";"Céu Claro";"Simples";"Curva";"Não";2;0;1;0;1;0;1;2;-28,87036611;-51,1251221;"SPRF-RS";"DEL05-RS";"UOP03-DEL05-RS"
324270;2020-11-28;"sábado";"05:00:00";"SC";470;166;"POUSO REDONDO";"Falta de Atenção à Condução";"Capotamento";"Sem Vítimas";"Amanhecer";"Decrescente";"Céu Claro";"Simples";"Reta";"Não";1;0;0;0;1;0;0;1;-27,275208;-49,855125;"SPRF-SC";"DEL04-SC";"UOP02-DEL04-SC"
324271;2020-11-28;"sábado";"06:00:00";"MG";356;282,1;"EUGENOPOLIS";"Ingestão de Álcool";"Saída de leito carroçável";"Com Vítimas Feridas";"Pleno dia";"Decrescente";"Céu Claro";"Simples";"Curva;Aclive";"Não";1;0;0;1;0;0;1;1;-21,12328604;-42,227459;"SPRF-MG";"DEL07-MG";"UOP02-DEL07-MG"
324272;2020-11-28;"sábado";"06:40:00";"PB";230;153,3;"CAMPINA GRANDE";"Desobediência às normas de trânsito pelo condutor";"Colisão transversal";"Com Vítimas Feridas";"Pleno dia";"Crescente";"Nublado";"Dupla";"Retorno Regulamentado";"Não";2;0;1;0;1;0;1;2;-7,27472346;-35,88823741;"SPRF-PB";"DEL02-PB";"UOP01-DEL02-PB"
324273;2020-11-27;"sexta-feira";"16:00:00";"RJ";101;390;"RIO DE JANEIRO";"Falta de Atenção à Condução";"Colisão lateral";"Com Vítimas Feridas";"Pleno dia";"Decrescente";"Céu Claro";"Dupla";"Reta";"Sim";3;0;2;0;0;1;2;2;-22,89346927;-43,67542992;"SPRF-RJ";"DEL01-RJ";"UOP01-DEL01-RJ"
324274;2020-11-24;"terça-feira";"21:15:00";"RS";285;314,8;"PASSO FUNDO";"Desobediência às normas de trânsito pelo condutor";"Colisão frontal";"Com Vítimas Feridas";"Plena Noite";"Decrescente";"Céu Claro";"Simples";"Curva";"Não";4;0;0;1;3;0;1;2;-28,245794;-52,572262;"SPRF-RS";"DEL08-RS";"UOP03-DEL08-RS"
324275;2020-11-28;"sábado";"07:00:00";"SC";470;32;"GASPAR";"Desobediência às normas de trânsito pelo condutor";"Colisão transversal";"Com Vítimas Feridas";"Pleno dia";"Crescente";"Nublado";"Simples";"Em Obras";"Não";2;0;1;0;1;0;1;2;-26,901793;-48,931812;"SPRF-SC";"DEL04-SC";"UOP01-DEL04-SC"
324276;2020-11-28;"sábado";"06:30:00";"RO";364;10;"VILHENA";"Desobediência às normas de trânsito pelo condutor";"Colisão frontal";"Com Vítimas Feridas";"Pleno dia";"Decrescente";"Céu Claro";"Dupla";"Reta";"Sim";2;0;0;1;1;0;1;2;-12,75194006;-60,10600907;"SPRF-RO";"DEL04-RO";"UOP01-DEL04-RO"
324277;2020-11-28;"sábado";"06:30:00";"MA";135;13,9;"SAO LUIS";"Não guardar distância de segurança";"Colisão traseira";"Sem Vítimas";"Pleno dia";"Crescente";"Céu Claro";"Dupla";"Declive";"Sim";3;0;0;0;3;0;0;2;-2,68053538;-44,29512283;"SPRF-MA";"DEL01-MA";"UOP01-DEL01-MA"
324278;2020-11-28;"sábado";"06:40:00";"MA";222;671;"ACAILANDIA";"Ingestão de Álcool";"Colisão com objeto estático";"Sem Vítimas";"Pleno dia";"Decrescente";"Céu Claro";"Simples";"Declive";"Sim";1;0;0;0;1;0;0;1;-4,92058223;-47,43051387;"SPRF-MA";"DEL04-MA";"UOP03-DEL04-MA"
324281;2020-11-28;"sábado";"07:00:00";"MG";459;85,5;"CONGONHAL";"Velocidade Incompatível";"Saída de leito carroçável";"Com Vítimas Feridas";"Pleno dia";"Decrescente";"Céu Claro";"Simples";"Reta";"Sim";1;0;1;0;0;0;1;1;-22,15036465;-46,02722168;"SPRF-MG";"DEL09-MG";"UOP01-DEL09-MG"
324283;2020-11-28;"sábado";"07:30:00";"RJ";40;105;"DUQUE DE CAXIAS";"Falta de Atenção à Condução";"Colisão transversal";"Com Vítimas Feridas";"Amanhecer";"Decrescente";"Céu Claro";"Simples";"Reta";"Sim";7;0;0;1;3;3;1;3;-22,63784806;-43,28428824;"SPRF-RJ";"DEL01-RJ";"UOP01-DEL01-RJ"
324286;2020-06-30;"terça-feira";"07:00:00";"PI";316;3,8;"TERESINA";"Animais na Pista";"Colisão lateral";"Com Vítimas Feridas";"Pleno dia";"Decrescente";"Céu Claro";"Múltipla";"Reta";"Sim";3;0;3;0;0;0;3;2;-5,12826443;-42,79292384;"SPRF-PI";"DEL01-PI";"UOP02-DEL01-PI"
324287;2020-11-28;"sábado";"08:45:00";"MG";116;276,8;"TEOFILO OTONI";"Falta de Atenção à Condução";"Colisão transversal";"Com Vítimas Feridas";"Pleno dia";"Crescente";"Garoa/Chuvisco";"Simples";"Reta";"Sim";3;0;1;1;0;1;2;3;-17,85105696;-41,51454492;"SPRF-MG";"DEL11-MG";"UOP01-DEL11-MG"
324288;2020-11-28;"sábado";"08:25:00";"ES";101;15;"PEDRO CANARIO";"Falta de Atenção à Condução";"Colisão lateral";"Com Vítimas Feridas";"Pleno dia";"Crescente";"Céu Claro";"Dupla";"Reta";"Sim";3;0;0;1;2;0;1;2;-18,29320269;-39,955827;"SPRF-ES";"DEL04-ES";"UOP02-DEL04-ES"
324289;2020-09-16;"quarta-feira";"15:55:00";"PR";376;1,2;"MANDAGUARI";"Falta de Atenção à Condução";"Tombamento";"Com Vítimas Feridas";"Pleno dia";"Decrescente";"Ignorado";"Simples";"Reta";"Sim";1;0;1;0;0;0;1;1;-23,51820586;-51,69633865;"SPRF-PR";"DEL09-PR";"UOP01-DEL09-PR"
324291;2020-11-28;"sábado";"08:40:00";"PE";101;66;"RECIFE";"Agressão Externa";"Colisão lateral";"Com Vítimas Feridas";"Pleno dia";"Decrescente";"Céu Claro";"Múltipla";"Reta";"Sim";4;0;1;0;2;1;1;2;-8,034998;-34,941472;"SPRF-PE";"DEL01-PE";"UOP01-DEL01-PE"
324293;2020-11-28;"sábado";"07:40:00";"PI";230;38;"SAO JULIAO";"Animais na Pista";"Atropelamento de Animal";"Sem Vítimas";"Pleno dia";"Decrescente";"Sol";"Simples";"Declive";"Não";2;0;0;0;0;2;0;2;-7,11732872;-40,79399806;"SPRF-PI";"DEL04-PI";"UOP03-DEL04-PI"
324294;2020-11-28;"sábado";"06:55:00";"MG";40;74;"PARACATU";"Desobediência às normas de trânsito pelo condutor";"Colisão frontal";"Com Vítimas Feridas";"Pleno dia";"Crescente";"Céu Claro";"Simples";"Curva";"Não";5;0;2;1;2;0;3;2;-17,42909083;-46,70441983;"SPRF-MG";"DEL14-MG";"UOP01-DEL14-MG"
324295;2020-11-28;"sábado";"08:50:00";"PR";376;593;"CURITIBA";"Velocidade Incompatível";"Queda de ocupante de veículo";"Com Vítimas Feridas";"Pleno dia";"Crescente";"Sol";"Dupla";"Reta";"Não";1;0;1;0;0;0;1;1;-25,47642706;-49,35092413;"SPRF-PR";"DEL01-PR";"UOP01-DEL01-PR"
324296;2020-11-28;"sábado";"07:20:00";"BA";324;417;"RIACHAO DO JACUIPE";"Velocidade Incompatível";"Colisão traseira";"Com Vítimas Feridas";"Amanhecer";"Crescente";"Garoa/Chuvisco";"Simples";"Reta";"Não";3;0;2;0;0;1;2;3;-11,69369;-39,53802;"SPRF-BA";"DEL04-BA";"UOP02-DEL04-BA"
324298;2020-11-28;"sábado";"09:30:00";"PR";277;81,5;"CURITIBA";"Falta de Atenção à Condução";"Colisão traseira";"Com Vítimas Feridas";"Pleno dia";"Crescente";"Sol";"Dupla";"Reta";"Sim";3;0;1;0;2;0;1;3;-25,568939;-49,181978;"SPRF-PR";"DEL01-PR";"UOP01-DEL01-PR"
324303;2020-11-28;"sábado";"07:25:00";"RO";364;200;"PIMENTA BUENO";"Desobediência às normas de trânsito pelo condutor";"Colisão transversal";"Com Vítimas Feridas";"Pleno dia";"Crescente";"Céu Claro";"Simples";"Reta";"Sim";2;0;2;0;0;0;2;2;-11,64364011;-61,34177169;"SPRF-RO";"DEL02-RO";"UOP02-DEL02-RO"
324305;2020-11-28;"sábado";"09:30:00";"RJ";101;180,5;"RIO DAS OSTRAS";"Falta de Atenção à Condução";"Colisão traseira";"Com Vítimas Feridas";"Pleno dia";"Crescente";"Céu Claro";"Simples";"Curva";"Não";3;0;1;0;2;0;1;2;-22,40868134;-41,99838761;"SPRF-RJ";"DEL08-RJ";"UOP04-DEL08-RJ"
324308;2020-11-28;"sábado";"11:00:00";"MG";364;3;"PLANURA";"Velocidade Incompatível";"Saída de leito carroçável";"Com Vítimas Feridas";"Pleno dia";"Decrescente";"Céu Claro";"Simples";"Reta";"Não";8;0;1;7;0;0;8;1;-20,13824;-48,702347;"SPRF-MG";"DEL13-MG";"UOP02-DEL13-MG"
324309;2020-11-28;"sábado";"11:00:00";"PE";407;122;"PETROLINA";"Falta de Atenção à Condução";"Colisão transversal";"Com Vítimas Feridas";"Pleno dia";"Decrescente";"Céu Claro";"Simples";"Reta";"Sim";2;0;0;1;1;0;1;2;-9,35368726;-40,55051642;"SPRF-PE";"DEL06-PE";"UOP01-DEL06-PE"
324310;2020-10-27;"terça-feira";"19:40:00";"RJ";465;20;"RIO DE JANEIRO";"Falta de Atenção à Condução";"Colisão transversal";"Com Vítimas Feridas";"Plena Noite";"Decrescente";"Céu Claro";"Simples";"Reta";"Sim";2;0;0;1;1;0;1;2;-22,846828;-43,605339;"SPRF-RJ";"DEL03-RJ";"UOP01-DEL03-RJ"
324311;2020-11-28;"sábado";"11:25:00";"SE";235;41;"ITABAIANA";"Falta de Atenção à Condução";"Colisão traseira";"Com Vítimas Feridas";"Pleno dia";"Crescente";"Sol";"Simples";"Aclive";"Não";2;0;1;0;1;0;1;2;-10,769856;-37,373135;"SPRF-SE";"DEL01-SE";"UOP02-DEL01-SE"
324312;2020-11-28;"sábado";"10:40:00";"MT";70;51,1;"BARRA DO GARCAS";"Defeito Mecânico no Veículo";"Incêndio";"Sem Vítimas";"Pleno dia";"Decrescente";"Sol";"Simples";"Reta";"Não";4;0;0;0;4;0;0;1;-15,716579;-52,631769;"SPRF-MT";"DEL07-MT";"UOP01-DEL07-MT"
324314;2020-11-28;"sábado";"11:20:00";"SP";116;335;"JUQUITIBA";"Falta de Atenção à Condução";"Saída de leito carroçável";"Com Vítimas Feridas";"Pleno dia";"Decrescente";"Céu Claro";"Dupla";"Reta";"Não";1;0;1;0;0;0;1;1;-23,96963408;-47,1337469;"SPRF-SP";"DEL04-SP";"UOP01-DEL04-SP"
324316;2020-11-28;"sábado";"12:00:00";"GO";153;438;"ANAPOLIS";"Defeito Mecânico no Veículo";"Colisão traseira";"Com Vítimas Feridas";"Pleno dia";"Decrescente";"Céu Claro";"Dupla";"Reta";"Sim";3;0;2;0;1;0;2;2;-16,291595;-48,934811;"SPRF-GO";"DEL02-GO";"UOP01-DEL02-GO"
324317;2020-11-28;"sábado";"09:34:00";"MT";364;403;"CUIABA";"Falta de Atenção à Condução";"Colisão traseira";"Com Vítimas Feridas";"Pleno dia";"Crescente";"Céu Claro";"Múltipla";"Reta";"Sim";2;0;1;0;1;0;1;2;-15,66507402;-55,96307764;"SPRF-MT";"DEL01-MT";"UOP02-DEL01-MT"
324320;2020-10-01;"quinta-feira";"10:30:00";"PE";232;96,3;"SAIRE";"Condutor Dormindo";"Saída de leito carroçável";"Com Vítimas Feridas";"Pleno dia";"Decrescente";"Céu Claro";"Dupla";"Reta";"Não";2;0;0;1;0;1;1;2;-8,23076854;-35,70778281;"SPRF-PE";"DEL02-PE";"UOP02-DEL02PE"
324321;2020-11-28;"sábado";"12:00:00";"DF";70;9,9;"BRASILIA";"Falta de Atenção à Condução";"Saída de leito carroçável";"Com Vítimas Feridas";"Pleno dia";"Crescente";"Céu Claro";"Dupla";"Interseção de Vias;Reta";"Sim";2;0;1;0;1;0;1;1;-15,784615;-48,132023;"SPRF-DF";"DEL03-DF";"UOP02-DEL03-DF"
324322;2020-11-28;"sábado";"12:30:00";"MG";40;513;"RIBEIRAO DAS NEVES";"Falta de Atenção à Condução";"Colisão traseira";"Com Vítimas Feridas";"Pleno dia";"Decrescente";"Céu Claro";"Dupla";"Curva";"Não";2;0;1;0;1;0;1;2;-19,7970544;-44,1080512;"SPRF-MG";"DEL01-MG";"UOP02-DEL01-MG"
324325;2020-11-28;"sábado";"12:40:00";"SC";101;213,5;"PALHOCA";"Desobediência às normas de trânsito pelo condutor";"Colisão lateral";"Com Vítimas Feridas";"Pleno dia";"Decrescente";"Céu Claro";"Simples";"Reta";"Sim";2;0;1;0;1;0;1;2;-27,63697369;-48,66514142;"SPRF-SC";"DEL01-SC";"UOP02-DEL01-SC"
324327;2020-11-28;"sábado";"11:50:00";"SP";116;104;"TAUBATE";"Falta de Atenção à Condução";"Colisão traseira";"Sem Vítimas";"Pleno dia";"Crescente";"Céu Claro";"Dupla";"Reta";"Sim";3;0;0;0;3;0;0;3;-23,00340176;-45,50626912;"SPRF-SP";"DEL06-SP";"UOP01-DEL06-SP"
324331;2020-11-28;"sábado";"11:10:00";"MG";40;747,8;"SANTOS DUMONT";"Desobediência às normas de trânsito pelo condutor";"Colisão frontal";"Com Vítimas Feridas";"Pleno dia";"Decrescente";"Nublado";"Simples";"Reta";"Não";2;0;0;2;0;0;2;2;-21,4328731;-43,55221915;"SPRF-MG";"DEL05-MG";"UOP01-DEL05-MG"
324332;2020-11-28;"sábado";"12:20:00";"MA";135;11;"SAO LUIS";"Desobediência às normas de trânsito pelo condutor";"Colisão transversal";"Com Vítimas Feridas";"Pleno dia";"Decrescente";"Céu Claro";"Dupla";"Reta";"Sim";2;0;1;0;1;0;1;2;-2,66470782;-44,28673431;"SPRF-MA";"DEL01-MA";"UOP01-DEL01-MA"
324333;2020-11-27;"sexta-feira";"22:40:00";"MG";381;759,2;"TRES CORACOES";"Velocidade Incompatível";"Saída de leito carroçável";"Com Vítimas Feridas";"Plena Noite";"Decrescente";"Nublado";"Dupla";"Declive;Curva";"Não";2;0;2;0;0;0;2;1;-21,69403874;-45,35349369;"SPRF-MG";"DEL16-MG";"UOP02-DEL16-MG"
324334;2020-11-28;"sábado";"13:40:00";"PR";376;663;"GUARATUBA";"Velocidade Incompatível";"Saída de leito carroçável";"Com Vítimas Feridas";"Pleno dia";"Decrescente";"Sol";"Dupla";"Retorno Regulamentado";"Não";1;0;1;0;0;0;1;1;-25,85276631;-48,97556799;"SPRF-PR";"DEL01-PR";"UOP04-DEL01-PR"
324337;2020-11-28;"sábado";"12:30:00";"RS";153;612;"HULHA NEGRA";"Ingestão de Álcool";"Capotamento";"Sem Vítimas";"Amanhecer";"Decrescente";"Céu Claro";"Simples";"Reta";"Não";1;0;0;0;0;1;0;1;-31,26665803;-53,90722518;"SPRF-RS";"DEL11-RS";"UOP03-DEL11-RS"
324338;2020-11-28;"sábado";"12:40:00";"RN";226;60;"SENADOR ELOI DE SOUZA";"Desobediência às normas de trânsito pelo condutor";"Colisão frontal";"Com Vítimas Feridas";"Pleno dia";"Crescente";"Céu Claro";"Simples";"Reta";"Sim";6;0;5;0;0;1;5;3;-6,04174716;-35,67141956;"SPRF-RN";"DEL03-RN";"UOP02-DEL03-RN"
324339;2020-11-28;"sábado";"13:55:00";"CE";222;10,5;"CAUCAIA";"Condutor Dormindo";"Saída de leito carroçável";"Com Vítimas Feridas";"Pleno dia";"Decrescente";"Céu Claro";"Dupla";"Reta";"Sim";1;0;1;0;0;0;1;1;-3,76186908;-38,65413796;"SPRF-CE";"DEL01-CE";"UOP01-DEL01-CE"