"id";"data_inversa";"dia_semana";"horario";"uf";"br";"km";"municipio";"causa_acidente";"tipo_acidente";"classificacao_acidente";"fase_dia";"sentido_via";"condicao_metereologica";"tipo_pista";"tracado_via";"uso_solo";"pessoas";"mortos";"feridos_leves";"feridos_graves";"ilesos";"ignorados";"feridos";"veiculos";"latitude";"longitude";"regional";"delegacia";"uop"
324340;2020-08-12;"quarta-feira";"23:00:00";"RJ";101;80;"CAMPOS DOS GOYTACAZES";"Velocidade Incompatível";"Atropelamento de Pedestre";"Com Vítimas Feridas";"Plena Noite";"Decrescente";"Céu Claro";"Simples";"Reta";"Sim";2;0;1;0;1;0;1;2;-21,83453437;-41,43797909;"SPRF-RJ";"DEL08-RJ";"UOP02-DEL08-RJ"
324341;2020-11-28;"sábado";"13:00:00";"ES";259;49;"COLATINA";"Falta de Atenção à Condução";"Queda de ocupante de veículo";"Com Vítimas Feridas";"Pleno dia";"Crescente";"Sol";"Simples";"Curva";"Não";1;0;1;0;0;0;1;1;-19,51873313;-40,60040662;"SPRF-ES";"DEL02-ES";"UOP01-DEL02-ES"
324342;2020-11-28;"sábado";"14:00:00";"PR";476;142;"CURITIBA";"Pista Escorregadia";"Tombamento";"Com Vítimas Feridas";"Pleno dia";"Decrescente";"Nublado";"Dupla";"Retorno Regulamentado";"Não";2;0;2;0;0;0;2;1;-25,537161;-49,301632;"SPRF-PR";"DEL01-PR";"UOP03-DEL01-PR"
324343;2020-11-28;"sábado";"14:08:00";"CE";222;3,8;"CAUCAIA";"Ingestão de Álcool";"Colisão lateral";"Com Vítimas Feridas";"Pleno dia";"Crescente";"Céu Claro";"Dupla";"Reta";"Sim";4;0;0;1;3;0;1;2;-3,7403769;-38,59569202;"SPRF-CE";"DEL01-CE";"UOP01-DEL01-CE"
324344;2020-11-28;"sábado";"13:45:00";"PR";116;1;"CAMPINA GRANDE DO SUL";"Velocidade Incompatível";"Saída de leito carroçável";"Com Vítimas Feridas";"Pleno dia";"Crescente";"Céu Claro";"Dupla";"Curva";"Não";1;0;1;0;0;0;1;1;-25,06368403;-48,57051896;"SPRF-PR";"DEL01-PR";"UOP02-DEL01-PR"
324347;2020-11-04;"quarta-feira";"07:43:00";"PA";163;1003;"SANTAREM";"Desobediência às normas de trânsito pelo condutor";"Colisão transversal";"Com Vítimas Feridas";"Amanhecer";"Crescente";"Céu Claro";"Simples";"Reta";"Sim";2;0;2;0;0;0;2;2;-2,44688525;-54,73048152;"SPRF-PA";"DEL05-PA";"UOP01-DEL05-PA"
324348;2020-11-28;"sábado";"13:00:00";"RJ";116;280,8;"BARRA MANSA";"Falta de Atenção à Condução";"Colisão com objeto estático";"Com Vítimas Feridas";"Pleno dia";"Decrescente";"Sol";"Dupla";"Curva";"Não";3;0;1;2;0;0;3;1;-22,54134895;-44,19176093;"SPRF-RJ";"DEL07-RJ";"UOP02-DEL07-RJ"
324349;2020-11-21;"sábado";"01:00:00";"RJ";116;277;"BARRA MANSA";"Falta de Atenção à Condução";"Capotamento";"Com Vítimas Feridas";"Plena Noite";"Decrescente";"Nublado";"Dupla";"Curva";"Não";1;0;1;0;0;0;1;1;-22,55905501;-44,17284006;"SPRF-RJ";"DEL07-RJ";"UOP02-DEL07-RJ"
324350;2020-11-28;"sábado";"09:30:00";"RS";290;330,2;"CACAPAVA DO SUL";"Pista Escorregadia";"Saída de leito carroçável";"Com Vítimas Feridas";"Pleno dia";"Crescente";"Chuva";"Simples";"Curva";"Não";3;0;3;0;0;0;3;1;-30,360876;-53,484314;"SPRF-RS";"DEL09-RS";"UOP02-DEL09-RS"
324351;2020-11-28;"sábado";"14:30:00";"RJ";101;472;"ANGRA DOS REIS";"Falta de Atenção à Condução";"Colisão transversal";"Com Vítimas Feridas";"Pleno dia";"Crescente";"Céu Claro";"Simples";"Curva";"Não";3;0;1;0;2;0;1;2;-22,988676;-44,23305893;"SPRF-RJ";"DEL03-RJ";"UOP03-DEL03-RJ"
324352;2020-11-28;"sábado";"14:25:00";"RS";470;224;"GARIBALDI";"Falta de Atenção à Condução";"Colisão lateral";"Com Vítimas Feridas";"Pleno dia";"Crescente";"Nublado";"Simples";"Reta";"Não";4;0;2;0;2;0;2;3;-29,2324155;-51,51598876;"SPRF-RS";"DEL06-RS";"UOP01-DEL06-RS"
324354;2020-11-28;"sábado";"14:50:00";"SC";280;30;"ARAQUARI";"Falta de Atenção à Condução";"Colisão traseira";"Com Vítimas Feridas";"Pleno dia";"Decrescente";"Céu Claro";"Simples";"Reta";"Não";5;0;0;2;3;0;2;2;-26,4141523;-48,76209493;"SPRF-SC";"DEL03-SC";"UOP03-DEL03-SC"
324356;2020-11-16;"segunda-feira";"18:45:00";"PA";163;1000;"SANTAREM";"Ingestão de Álcool";"Colisão frontal";"Sem Vítimas";"Plena Noite";"Crescente";"Céu Claro";"Simples";"Reta";"Sim";2;0;0;0;2;0;0;2;-2,47328397;-54,7293664;"SPRF-PA";"DEL05-PA";"UOP01-DEL05-PA"
324357;2020-11-28;"sábado";"14:40:00";"GO";60;92;"ANAPOLIS";"Falta de Atenção à Condução";"Colisão lateral";"Com Vítimas Feridas";"Pleno dia";"Crescente";"Céu Claro";"Dupla";"Retorno Regulamentado";"Sim";2;0;2;0;0;0;2;2;-16,35241642;-48,91601443;"SPRF-GO";"DEL02-GO";"UOP01-DEL02-GO"
324359;2020-11-28;"sábado";"15:10:00";"GO";414;432;"ANAPOLIS";"Falta de Atenção à Condução";"Colisão lateral";"Com Vítimas Feridas";"Pleno dia";"Decrescente";"Céu Claro";"Simples";"Reta";"Não";3;0;1;0;2;0;1;2;-16,22185914;-48,92314777;"SPRF-GO";"DEL02-GO";"UOP01-DEL02-GO"
324360;2020-11-28;"sábado";"13:15:00";"SP";116;204,7;"GUARULHOS";"Falta de Atenção à Condução";"Colisão lateral";"Com Vítimas Feridas";"Pleno dia";"Decrescente";"Sol";"Dupla";"Reta";"Não";3;0;2;0;1;0;2;2;-23,41236123;-46,35692496;"SPRF-SP";"DEL01-SP";"UOP01-DEL01-SP"
324363;2020-11-28;"sábado";"15:44:00";"ES";101;270,3;"SERRA";"Falta de Atenção à Condução";"Queda de ocupante de veículo";"Com Vítimas Feridas";"Pleno dia";"Decrescente";"Sol";"Múltipla";"Reta";"Sim";1;0;0;1;0;0;1;1;-20,22662056;-40,27075088;"SPRF-ES";"DEL02-ES";"UOP01-DEL02-ES"
324364;2020-11-28;"sábado";"15:20:00";"BA";101;811;"ITAMARAJU";"Falta de Atenção à Condução";"Capotamento";"Sem Vítimas";"Pleno dia";"Decrescente";"Céu Claro";"Simples";"Curva";"Sim";1;0;0;0;1;0;0;1;-17,21763389;-39,60728705;"SPRF-BA";"DEL09-BA";"UOP02-DEL09-BA"
324366;2020-11-28;"sábado";"14:30:00";"MG";116;612,7;"SAO JOAO DO MANHUACU";"Falta de Atenção à Condução";"Colisão lateral";"Com Vítimas Feridas";"Pleno dia";"Decrescente";"Sol";"Simples";"Reta";"Não";4;0;3;1;0;0;4;2;-20,4210314;-42,15703379;"SPRF-MG";"DEL07-MG";"UOP03-DEL07-MG"
324367;2020-11-28;"sábado";"15:40:00";"PR";476;130,5;"CURITIBA";"Falta de Atenção à Condução";"Colisão traseira";"Com Vítimas Feridas";"Pleno dia";"Crescente";"Céu Claro";"Múltipla";"Reta";"Sim";2;0;1;0;1;0;1;2;-25,449564;-49,236427;"SPRF-PR";"DEL01-PR";"UOP03-DEL01-PR"
324368;2020-11-28;"sábado";"11:30:00";"MG";381;524,2;"BRUMADINHO";"Velocidade Incompatível";"Colisão traseira";"Com Vítimas Feridas";"Pleno dia";"Crescente";"Sol";"Dupla";"Declive;Curva";"Não";2;0;2;0;0;0;2;2;-20,160736;-44,329843;"SPRF-MG";"DEL04-MG";"UOP03-DEL04-MG"
324369;2020-11-28;"sábado";"15:40:00";"ES";101;375,8;"ICONHA";"Falta de Atenção à Condução";"Colisão transversal";"Com Vítimas Feridas";"Pleno dia";"Crescente";"Céu Claro";"Simples";"Curva";"Sim";3;0;1;0;2;0;1;2;-20,78751784;-40,80083197;"SPRF-ES";"DEL03-ES";"UOP01-DEL03-ES"
324372;2020-11-28;"sábado";"15:30:00";"ES";393;0,2;"CACHOEIRO DE ITAPEMIRIM";"Desobediência às normas de trânsito pelo condutor";"Colisão transversal";"Com Vítimas Feridas";"Pleno dia";"Crescente";"Céu Claro";"Simples";"Declive;Reta";"Sim";2;0;1;0;1;0;1;2;-20,84009042;-41,16088006;"SPRF-ES";"DEL03-ES";"UOP02-DEL03-ES"
324373;2020-11-28;"sábado";"12:45:00";"RS";470;261,9;"SALVADOR DO SUL";"Velocidade Incompatível";"Saída de leito carroçável";"Com Vítimas Feridas";"Pleno dia";"Decrescente";"Céu Claro";"Simples";"Curva";"Não";1;0;1;0;0;0;1;1;-29,48158018;-51,48215555;"SPRF-RS";"DEL06-RS";"UOP01-DEL06-RS"
324374;2020-11-28;"sábado";"14:30:00";"BA";324;281;"JACOBINA";"Falta de Atenção à Condução";"Saída de leito carroçável";"Com Vítimas Feridas";"Pleno dia";"Decrescente";"Céu Claro";"Simples";"Reta";"Não";1;0;1;0;0;0;1;1;-11,139059;-40,593475;"SPRF-BA";"DEL04-BA";"UOP02-DEL04-BA"
324375;2020-11-28;"sábado";"16:00:00";"SC";280;27;"ARAQUARI";"Falta de Atenção à Condução";"Colisão transversal";"Com Vítimas Feridas";"Pleno dia";"Crescente";"Nublado";"Simples";"Interseção de Vias";"Sim";2;0;0;1;1;0;1;2;-26,39685622;-48,74021969;"SPRF-SC";"DEL03-SC";"UOP03-DEL03-SC"
324376;2020-11-28;"sábado";"16:28:00";"RN";226;14;"MACAIBA";"Desobediência às normas de trânsito pelo condutor";"Tombamento";"Com Vítimas Fatais";"Pleno dia";"Crescente";"Céu Claro";"Simples";"Interseção de Vias";"Sim";5;2;0;0;1;2;0;3;-5,85414788;-35,32868385;"SPRF-RN";"DEL01-RN";"UOP02-DEL01-RN"
324377;2020-11-28;"sábado";"16:30:00";"RJ";40;62;"PETROPOLIS";"Falta de Atenção à Condução";"Colisão traseira";"Com Vítimas Feridas";"Pleno dia";"Decrescente";"Céu Claro";"Simples";"Curva";"Não";4;0;2;0;2;0;2;2;-22,40542358;-43,14664526;"SPRF-RJ";"DEL05-RJ";"UOP02-DEL05-RJ"
324378;2020-11-28;"sábado";"16:32:00";"SP";116;114,6;"TAUBATE";"Defeito Mecânico no Veículo";"Queda de ocupante de veículo";"Com Vítimas Feridas";"Pleno dia";"Crescente";"Céu Claro";"Dupla";"Reta";"Sim";2;0;0;2;0;0;2;1;-23,04654177;-45,59018006;"SPRF-SP";"DEL06-SP";"UOP01-DEL06-SP"
324379;2020-11-28;"sábado";"11:40:00";"RS";392;254;"CACAPAVA DO SUL";"Velocidade Incompatível";"Tombamento";"Com Vítimas Feridas";"Pleno dia";"Decrescente";"Chuva";"Simples";"Curva";"Não";2;0;2;0;0;0;2;1;-30,51971423;-53,45352527;"SPRF-RS";"DEL09-RS";"UOP02-DEL09-RS"
324380;2020-11-19;"quinta-feira";"03:50:00";"PB";230;190,8;"POCINHOS";"Ultrapassagem Indevida";"Colisão frontal";"Com Vítimas Feridas";"Plena Noite";"Decrescente";"Céu Claro";"Simples";"Reta";"Não";3;0;3;0;0;0;3;2;-7,1362059;-36,15314126;"SPRF-PB";"DEL02-PB";"UOP02-DEL02-PB"
324382;2020-11-28;"sábado";"17:29:00";"RJ";101;313;"SAO GONCALO";"Desobediência às normas de trânsito pelo condutor";"Colisão lateral";"Com Vítimas Feridas";"Pleno dia";"Decrescente";"Céu Claro";"Dupla";"Reta";"Sim";3;0;2;0;1;0;2;2;-22,81049093;-43,06983304;"SPRF-RJ";"DEL02-RJ";"UOP02-DEL02-RJ"
324385;2020-11-28;"sábado";"16:20:00";"BA";110;26;"PAULO AFONSO";"Desobediência às normas de trânsito pelo condutor";"Colisão transversal";"Com Vítimas Fatais";"Pleno dia";"Decrescente";"Céu Claro";"Simples";"Reta";"Não";2;1;0;0;1;0;0;2;-9,683525;-38,22591696;"SPRF-BA";"DEL07-BA";"UOP01-DEL07-BA"
324386;2020-11-28;"sábado";"17:30:00";"SC";101;207;"SAO JOSE";"Desobediência às normas de trânsito pelo condutor";"Colisão transversal";"Com Vítimas Feridas";"Pleno dia";"Crescente";"Céu Claro";"Dupla";"Túnel";"Sim";2;0;1;0;1;0;1;2;-27,60001226;-48,6226467;"SPRF-SC";"DEL01-SC";"UOP01-DEL01-SC"
324387;2020-11-28;"sábado";"17:30:00";"PE";101;77,8;"RECIFE";"Ingestão de Álcool";"Atropelamento de Pedestre";"Com Vítimas Feridas";"Anoitecer";"Decrescente";"Céu Claro";"Dupla";"Reta";"Sim";2;0;2;0;0;0;2;2;-8,130041;-34,944329;"SPRF-PE";"DEL01-PE";"UOP01-DEL01-PE"
324388;2020-11-28;"sábado";"16:50:00";"RS";116;203,1;"PICADA CAFE";"Falta de Atenção à Condução";"Colisão com objeto estático";"Com Vítimas Feridas";"Pleno dia";"Crescente";"Nublado";"Simples";"Curva";"Não";2;0;1;1;0;0;2;1;-29,5026277;-51,13358974;"SPRF-RS";"DEL05-RS";"UOP02-DEL05-RS"
324390;2020-11-28;"sábado";"15:09:00";"SC";153;101,9;"CONCORDIA";"Mal Súbito";"Colisão frontal";"Com Vítimas Feridas";"Pleno dia";"Crescente";"Nublado";"Simples";"Curva";"Não";4;0;2;1;1;0;3;2;-27,251516;-51,952919;"SPRF-SC";"DEL07-SC";"UOP04-DEL07-SC"
324391;2020-11-28;"sábado";"17:45:00";"SC";101;205;"SAO JOSE";"Falta de Atenção à Condução";"Colisão traseira";"Sem Vítimas";"Pleno dia";"Decrescente";"Nublado";"Dupla";"Reta";"Sim";2;0;0;0;2;0;0;2;-27,58313237;-48,61532885;"SPRF-SC";"DEL01-SC";"UOP01-DEL01-SC"
324392;2020-11-28;"sábado";"11:10:00";"PR";467;91,1;"CASCAVEL";"Falta de Atenção à Condução";"Colisão traseira";"Com Vítimas Feridas";"Pleno dia";"Crescente";"Céu Claro";"Dupla";"Curva";"Não";2;0;1;0;1;0;1;2;-24,85121894;-53,60365748;"SPRF-PR";"DEL04-PR";"UOP01-DEL04-PR"
324393;2020-11-28;"sábado";"17:45:00";"MG";381;490,8;"BETIM";"Velocidade Incompatível";"Saída de leito carroçável";"Com Vítimas Feridas";"Pleno dia";"Crescente";"Céu Claro";"Múltipla";"Reta";"Sim";1;0;1;0;0;0;1;1;-19,95656893;-44,14993286;"SPRF-MG";"DEL01-MG";"UOP03-DEL01-MG"
324394;2020-11-28;"sábado";"14:00:00";"PE";316;89,1;"OURICURI";"Condutor Dormindo";"Saída de leito carroçável";"Com Vítimas Feridas";"Pleno dia";"Decrescente";"Céu Claro";"Simples";"Reta";"Não";3;0;2;0;1;0;2;1;-7,8999264;-40,03811616;"SPRF-PE";"DEL05-PE";"UOP02-DEL05-PE"
324395;2020-11-28;"sábado";"17:50:00";"PI";343;5,8;"PARNAIBA";"Desobediência às normas de trânsito pelo condutor";"Colisão transversal";"Com Vítimas Fatais";"Anoitecer";"Decrescente";"Céu Claro";"Simples";"Reta";"Sim";4;1;0;1;1;1;1;3;-2,8956;-41,696838;"SPRF-PI";"DEL05-PI";"UOP01-DEL05-PI"
324397;2020-11-28;"sábado";"17:25:00";"MS";163;620;"SAO GABRIEL DO OESTE";"Falta de Atenção à Condução";"Saída de leito carroçável";"Sem Vítimas";"Pleno dia";"Crescente";"Céu Claro";"Simples";"Reta";"Não";1;0;0;0;1;0;0;1;-19,35975019;-54,58968631;"SPRF-MS";"DEL06-MS";"UOP02-DEL06-MS"
324400;2020-11-28;"sábado";"18:35:00";"PB";230;5;"CABEDELO";"Falta de Atenção à Condução";"Saída de leito carroçável";"Com Vítimas Feridas";"Plena Noite";"Crescente";"Céu Claro";"Dupla";"Viaduto;Interseção de Vias;Curva";"Sim";1;0;1;0;0;0;1;1;-7,01;-34,8312;"SPRF-PB";"DEL01-PB";"UOP01-DEL01-PB"
324404;2020-11-28;"sábado";"17:30:00";"RJ";101;285;"ITABORAI";"Falta de Atenção à Condução";"Colisão com objeto estático";"Com Vítimas Feridas";"Pleno dia";"Crescente";"Céu Claro";"Dupla";"Reta";"Não";2;0;2;0;0;0;2;1;-22,7498742;-42,81644087;"SPRF-RJ";"DEL02-RJ";"UOP03-DEL02-RJ"
324405;2020-11-28;"sábado";"14:00:00";"SP";116;161;"JACAREI";"Desobediência às normas de trânsito pelo condutor";"Colisão lateral";"Com Vítimas Feridas";"Pleno dia";"Crescente";"Céu Claro";"Dupla";"Reta";"Sim";4;0;2;0;0;2;2;3;-23,27617003;-45,97592098;"SPRF-SP";"DEL02-SP";"UOP01-DEL02-SP"
324407;2020-11-28;"sábado";"18:40:00";"SE";235;51,9;"ITABAIANA";"Desobediência às normas de trânsito pelo condutor";"Colisão transversal";"Com Vítimas Feridas";"Plena Noite";"Crescente";"Céu Claro";"Simples";"Reta";"Não";2;0;1;0;0;1;1;2;-10,700226;-37,431423;"SPRF-SE";"DEL01-SE";"UOP02-DEL01-SE"
324408;2020-11-28;"sábado";"19:15:00";"MG";365;611;"UBERLANDIA";"Falta de Atenção à Condução";"Colisão frontal";"Com Vítimas Feridas";"Plena Noite";"Decrescente";"Céu Claro";"Simples";"Reta";"Sim";2;0;1;0;1;0;1;2;-18,92793854;-48,19198317;"SPRF-MG";"DEL15-MG";"UOP01-DEL15-MG"
324409;2020-11-28;"sábado";"18:25:00";"RJ";116;95;"GUAPIMIRIM";"Falta de Atenção à Condução";"Tombamento";"Com Vítimas Feridas";"Pleno dia";"Crescente";"Céu Claro";"Simples";"Reta";"Não";1;0;1;0;0;0;1;1;-22,47374702;-43,00117923;"SPRF-RJ";"DEL04-RJ";"UOP02-DEL04-RJ"
324410;2020-11-28;"sábado";"19:10:00";"PB";230;4;"CABEDELO";"Falta de Atenção à Condução";"Colisão transversal";"Com Vítimas Feridas";"Plena Noite";"Crescente";"Céu Claro";"Simples";"Em Obras;Reta;Desvio Temporário;Interseção de Vias";"Sim";4;0;1;0;3;0;1;2;-7,0004;-34,8284;"SPRF-PB";"DEL01-PB";"UOP01-DEL01-PB"
324411;2020-11-28;"sábado";"16:30:00";"SC";101;313,1;"LAGUNA";"Falta de Atenção à Condução";"Colisão lateral";"Com Vítimas Feridas";"Pleno dia";"Decrescente";"Céu Claro";"Dupla";"Reta";"Não";4;0;2;0;2;0;2;2;-28,4404376;-48,81403409;"SPRF-SC";"DEL02-SC";"UOP01-DEL02-SC"
324412;2020-11-28;"sábado";"19:30:00";"MG";146;517,4;"POCOS DE CALDAS";"Falta de Atenção do Pedestre";"Atropelamento de Pedestre";"Com Vítimas Feridas";"Plena Noite";"Crescente";"Céu Claro";"Simples";"Reta";"Não";3;0;0;1;1;1;1;2;-21,807056;-46,469334;"SPRF-MG";"DEL09-MG";"UOP01-DEL09-MG"
324413;2020-11-28;"sábado";"19:25:00";"PE";232;251;"ARCOVERDE";"Ingestão de Álcool";"Colisão transversal";"Com Vítimas Feridas";"Plena Noite";"Crescente";"Céu Claro";"Simples";"Reta";"Sim";2;0;0;1;0;1;1;2;-8,429241;-37,060127;"SPRF-PE";"DEL03-PE";"UOP02-DEL03-PE"
324416;2020-11-28;"sábado";"18:30:00";"PB";230;35,6;"SANTA RITA";"Pista Escorregadia";"Tombamento";"Com Vítimas Feridas";"Plena Noite";"Crescente";"Céu Claro";"Dupla";"Curva";"Sim";2;0;1;1;0;0;2;1;-7,1268;-34,9412;"SPRF-PB";"DEL01-PB";"UOP01-DEL01-PB"
324417;2020-11-28;"sábado";"19:50:00";"GO";414;437;"ANAPOLIS";"Falta de Atenção à Condução";"Colisão lateral";"Com Vítimas Feridas";"Plena Noite";"Decrescente";"Céu Claro";"Simples";"Interseção de Vias";"Sim";2;0;1;0;1;0;1;2;-16,25050192;-48,93512249;"SPRF-GO";"DEL02-GO";"UOP01-DEL02-GO"
324418;2020-11-28;"sábado";"11:20:00";"RO";364;584;"ITAPUA DO OESTE";"Falta de Atenção à Condução";"Saída de leito carroçável";"Com Vítimas Feridas";"Pleno dia";"Crescente";"Céu Claro";"Simples";"Reta";"Não";1;0;1;0;0;0;1;1;-9,36251696;-63,13528483;"SPRF-RO";"DEL01-RO";"UOP04-DEL01-RO"
324419;2020-11-28;"sábado";"19:45:00";"BA";135;161;"BARREIRAS";"Falta de Atenção à Condução";"Colisão traseira";"Com Vítimas Feridas";"Plena Noite";"Crescente";"Céu Claro";"Simples";"Reta";"Não";2;0;0;1;0;1;1;2;-12,01667194;-44,94846507;"SPRF-BA";"DEL10-BA";"UOP01-DEL10-BA"
324420;2020-11-28;"sábado";"19:30:00";"ES";447;13,6;"VILA VELHA";"Falta de Atenção do Pedestre";"Atropelamento de Pedestre";"Com Vítimas Feridas";"Plena Noite";"Decrescente";"Garoa/Chuvisco";"Simples";"Rotatória";"Sim";2;0;1;0;1;0;1;2;-20,35784325;-40,3328294;"SPRF-ES";"DEL01-ES";"UOP01-DEL01-ES"
324421;2020-11-28;"sábado";"20:20:00";"SC";282;23,3;"PALHOCA";"Desobediência às normas de trânsito pelo condutor";"Colisão transversal";"Com Vítimas Feridas";"Plena Noite";"Crescente";"Céu Claro";"Simples";"Reta";"Sim";2;0;2;0;0;0;2;2;-27,687958;-48,736794;"SPRF-SC";"DEL01-SC";"UOP02-DEL01-SC"
324422;2020-11-28;"sábado";"20:00:00";"PR";116;126;"FAZENDA RIO GRANDE";"Falta de Atenção à Condução";"Engavetamento";"Com Vítimas Feridas";"Plena Noite";"Decrescente";"Céu Claro";"Dupla";"Reta";"Sim";5;0;1;0;4;0;1;4;-25,60389895;-49,31824423;"SPRF-PR";"DEL01-PR";"UOP03-DEL01-PR"
324423;2020-11-28;"sábado";"17:30:00";"PR";280;282;"FLOR DA SERRA DO SUL";"Desobediência às normas de trânsito pelo condutor";"Colisão transversal";"Com Vítimas Fatais";"Pleno dia";"Decrescente";"Céu Claro";"Simples";"Reta";"Não";2;1;0;0;0;1;0;2;-26,23960016;-53,24050599;"SPRF-PR";"DEL02-PR";"UOP01-DEL02-PR"
324424;2020-11-28;"sábado";"20:20:00";"SC";280;73;"JARAGUA DO SUL";"Desobediência às normas de trânsito pelo condutor";"Colisão transversal";"Com Vítimas Feridas";"Plena Noite";"Crescente";"Céu Claro";"Simples";"Rotatória";"Sim";3;0;1;0;2;0;1;2;-26,45917102;-49,15245;"SPRF-SC";"DEL03-SC";"UOP03-DEL03-SC"
324425;2020-11-28;"sábado";"20:30:00";"PR";369;201,8;"APUCARANA";"Ingestão de Álcool";"Atropelamento de Pedestre";"Com Vítimas Feridas";"Plena Noite";"Crescente";"Céu Claro";"Simples";"Interseção de Vias";"Sim";2;0;1;0;0;1;1;2;-23,53975342;-51,45731091;"SPRF-PR";"DEL07-PR";"UOP03-DEL07-PR"
324426;2020-11-28;"sábado";"19:40:00";"SC";101;2,1;"GARUVA";"Objeto estático sobre o leito carroçável";"Colisão com objeto em movimento";"Com Vítimas Feridas";"Plena Noite";"Crescente";"Nublado";"Dupla";"Reta";"Sim";3;0;1;1;0;1;2;2;-25,99699834;-48,87891655;"SPRF-SC";"DEL03-SC";"UOP01-DEL03-SC"
324427;2020-11-28;"sábado";"18:30:00";"AL";101;77;"RIO LARGO";"Ingestão de Álcool";"Saída de leito carroçável";"Sem Vítimas";"Plena Noite";"Crescente";"Céu Claro";"Dupla";"Curva";"Não";1;0;0;0;1;0;0;1;-9,42231892;-35,83907761;"SPRF-AL";"DEL01-AL";"UOP01-DEL01-AL"
324428;2020-11-28;"sábado";"20:30:00";"BA";110;281;"INHAMBUPE";"Desobediência às normas de trânsito pelo condutor";"Colisão frontal";"Com Vítimas Feridas";"Plena Noite";"Decrescente";"Céu Claro";"Simples";"Reta";"Não";2;0;1;0;1;0;1;2;-11,78646;-38,348278;"SPRF-BA";"DEL01-BA";"UOP04-DEL01-BA"
324429;2020-11-28;"sábado";"19:50:00";"SC";470;115;"IBIRAMA";"Falta de Atenção à Condução";"Saída de leito carroçável";"Sem Vítimas";"Plena Noite";"Crescente";"Céu Claro";"Simples";"Curva";"Não";1;0;0;0;0;1;0;1;-27,07899724;-49,48675632;"SPRF-SC";"DEL04-SC";"UOP02-DEL04-SC"
324431;2020-11-28;"sábado";"20:00:00";"PR";476;118;"CURITIBA";"Falta de Atenção à Condução";"Colisão traseira";"Com Vítimas Feridas";"Plena Noite";"Crescente";"Céu Claro";"Dupla";"Reta";"Sim";2;0;2;0;0;0;2;2;-25,37411594;-49,17358629;"SPRF-PR";"DEL01-PR";"UOP02-DEL01-PR"
324433;2020-11-28;"sábado";"18:35:00";"RJ";101;597;"PARATY";"Falta de Atenção à Condução";"Tombamento";"Com Vítimas Feridas";"Pleno dia";"Crescente";"Céu Claro";"Simples";"Curva";"Não";4;0;1;0;3;0;1;2;-23,34025796;-44,74508227;"SPRF-RJ";"DEL03-RJ";"UOP04-DEL03-RJ"
324434;2020-11-28;"sábado";"19:45:00";"TO";153;146;"ARAGUAINA";"Ingestão de álcool e/ou substâncias psicoativas pelo pedestre";"Atropelamento de Pedestre";"Com Vítimas Fatais";"Plena Noite";"Decrescente";"Céu Claro";"Dupla";"Reta";"Sim";2;1;0;0;1;0;0;2;-7,21337786;-48,24431331;"SPRF-TO";"DEL02-TO";"UOP01-DEL02-TO"
324435;2020-11-28;"sábado";"20:00:00";"TO";153;89;"WANDERLANDIA";"Desobediência às normas de trânsito pelo condutor";"Colisão frontal";"Com Vítimas Feridas";"Plena Noite";"Decrescente";"Nublado";"Simples";"Interseção de Vias";"Não";5;0;2;2;0;1;4;2;-6,82820326;-47,97621315;"SPRF-TO";"DEL02-TO";"UOP01-DEL02-TO"
324436;2020-11-28;"sábado";"19:30:00";"PB";230;369,1;"MALTA";"Falta de Atenção à Condução";"Tombamento";"Com Vítimas Feridas";"Plena Noite";"Crescente";"Céu Claro";"Simples";"Reta";"Não";2;0;2;0;0;0;2;1;-6,9068;-37,5407;"SPRF-PB";"DEL03-PB";"UOP02-DEL03-PB"
324437;2020-11-28;"sábado";"18:15:00";"BA";242;581;"IBOTIRAMA";"Animais na Pista";"Atropelamento de Animal";"Com Vítimas Feridas";"Plena Noite";"Decrescente";"Céu Claro";"Simples";"Curva";"Não";2;0;1;0;1;0;1;1;-12,0397231;-43,07212092;"SPRF-BA";"DEL06-BA";"UOP03-DEL06-BA"
324438;2020-11-28;"sábado";"18:05:00";"PB";434;7,6;"UIRAUNA";"Desobediência às normas de trânsito pelo condutor";"Colisão frontal";"Com Vítimas Feridas";"Anoitecer";"Crescente";"Céu Claro";"Simples";"Reta";"Não";2;0;0;2;0;0;2;2;-6,46025679;-38,43712964;"SPRF-PB";"DEL03-PB";"UOP03-DEL03-PB"
324439;2020-11-28;"sábado";"12:50:00";"RS";290;721;"URUGUAIANA";"Falta de Atenção à Condução";"Saída de leito carroçável";"Com Vítimas Feridas";"Pleno dia";"Crescente";"Céu Claro";"Simples";"Reta";"Não";1;0;1;0;0;0;1;1;-29,758587;-57,060295;"SPRF-RS";"DEL13-RS";"UOP01-DEL13-RS"
324440;2020-11-28;"sábado";"20:40:00";"GO";153;513;"APARECIDA DE GOIANIA";"Restrição de Visibilidade";"Atropelamento de Pedestre";"Com Vítimas Feridas";"Pleno dia";"Decrescente";"Céu Claro";"Dupla";"Reta";"Sim";3;0;1;0;2;0;1;2;-16,8244;-49,2421;"SPRF-GO";"DEL01-GO";"UOP03-DEL01-GO"
324442;2020-11-28;"sábado";"20:40:00";"PR";277;421;"CANTAGALO";"Desobediência às normas de trânsito pelo pedestre";"Atropelamento de Pedestre";"Com Vítimas Feridas";"Plena Noite";"Crescente";"Céu Claro";"Simples";"Declive";"Sim";2;0;1;0;1;0;1;2;-25,40516876;-52,09591501;"SPRF-PR";"DEL04-PR";"UOP02-DEL04-PR"