"id";"data_inversa";"dia_semana";"horario";"uf";"br";"km";"municipio";"causa_acidente";"tipo_acidente";"classificacao_acidente";"fase_dia";"sentido_via";"condicao_metereologica";"tipo_pista";"tracado_via";"uso_solo";"pessoas";"mortos";"feridos_leves";"feridos_graves";"ilesos";"ignorados";"feridos";"veiculos";"latitude";"longitude";"regional";"delegacia";"uop"
324553;2020-11-29;"domingo";"08:30:00";"MT";70;161;"GENERAL CARNEIRO";"Velocidade Incompatível";"Tombamento";"Com Vítimas Feridas";"Pleno dia";"Decrescente";"Céu Claro";"Simples";"Curva";"Não";1;0;0;1;0;0;1;1;-15,55785175;-53,46437545;"SPRF-MT";"DEL05-MT";"UOP01-DEL05-MT"
324554;2020-11-29;"domingo";"10:30:00";"GO";60;350;"SANTO ANTONIO DA BARRA";"Falta de Atenção à Condução";"Saída de leito carroçável";"Com Vítimas Feridas";"Pleno dia";"Crescente";"Céu Claro";"Dupla";"Reta;Aclive";"Não";3;0;2;1;0;0;3;1;-17,5808;-50,6926;"SPRF-GO";"DEL04-GO";"UOP01-DEL04-GO"
324556;2020-11-29;"domingo";"11:00:00";"BA";324;589;"CANDEIAS";"Falta de Atenção à Condução";"Queda de ocupante de veículo";"Com Vítimas Fatais";"Pleno dia";"Crescente";"Nublado";"Dupla";"Reta";"Sim";1;1;0;0;0;0;0;1;-12,66425409;-38,4707655;"SPRF-BA";"DEL01-BA";"UOP01-DEL01-BA"
324559;2020-11-29;"domingo";"10:30:00";"RJ";116;167;"RIO DE JANEIRO";"Falta de Atenção à Condução";"Colisão traseira";"Com Vítimas Feridas";"Pleno dia";"Decrescente";"Céu Claro";"Dupla";"Reta";"Sim";2;0;1;0;1;0;1;2;-22,81803977;-43,30787252;"SPRF-RJ";"DEL01-RJ";"UOP01-DEL01-RJ"
324562;2020-11-29;"domingo";"11:27:00";"GO";153;505,2;"APARECIDA DE GOIANIA";"Não guardar distância de segurança";"Colisão traseira";"Sem Vítimas";"Pleno dia";"Crescente";"Sol";"Dupla";"Reta";"Sim";6;0;0;0;6;0;0;2;-16,7537;-49,2411;"SPRF-GO";"DEL01-GO";"UOP01-DEL01-GO"
324566;2020-11-29;"domingo";"11:30:00";"GO";153;505,2;"APARECIDA DE GOIANIA";"Falta de Atenção à Condução";"Colisão traseira";"Sem Vítimas";"Pleno dia";"Crescente";"Céu Claro";"Dupla";"Reta";"Sim";3;0;0;0;3;0;0;2;-16,74573796;-49,24081385;"SPRF-GO";"DEL01-GO";"UOP01-DEL01-GO"
324567;2020-11-29;"domingo";"11:30:00";"MG";381;927,9;"ITAPEVA";"Ingestão de Álcool";"Capotamento";"Com Vítimas Feridas";"Pleno dia";"Decrescente";"Céu Claro";"Dupla";"Curva";"Não";3;0;3;0;0;0;3;1;-22,77111658;-46,23767853;"SPRF-MG";"DEL16-MG";"UOP03-DEL16-MG"
324568;2020-11-29;"domingo";"11:15:00";"RS";116;455,1;"SAO LOURENCO DO SUL";"Animais na Pista";"Saída de leito carroçável";"Com Vítimas Feridas";"Pleno dia";"Decrescente";"Sol";"Dupla";"Reta";"Sim";2;0;1;0;0;1;1;2;-31,23670681;-51,9985687;"SPRF-RS";"DEL02-RS";"UOP02-DEL02-RS"
324570;2020-11-29;"domingo";"11:00:00";"PR";277;44;"MORRETES";"Velocidade Incompatível";"Queda de ocupante de veículo";"Com Vítimas Fatais";"Pleno dia";"Crescente";"Céu Claro";"Dupla";"Curva";"Não";1;1;0;0;0;0;0;1;-25,57846682;-48,86174512;"SPRF-PR";"DEL01-PR";"UOP05-DEL01-PR"
324571;2020-11-29;"domingo";"08:45:00";"RO";364;713;"PORTO VELHO";"Velocidade Incompatível";"Saída de leito carroçável";"Sem Vítimas";"Pleno dia";"Crescente";"Céu Claro";"Dupla";"Interseção de Vias;Viaduto;Curva";"Sim";1;0;0;0;0;1;0;1;-8,77331583;-63,87969248;"SPRF-RO";"DEL01-RO";"UOP01-DEL01-RO"
324573;2020-11-05;"quinta-feira";"19:40:00";"GO";40;20,9;"LUZIANIA";"Falta de Atenção do Pedestre";"Atropelamento de Pedestre";"Com Vítimas Fatais";"Plena Noite";"Crescente";"Céu Claro";"Dupla";"Reta";"Sim";2;1;0;0;0;1;0;2;-16,21849;-47,915478;"SPRF-DF";"DEL01-DF";"UOP01-DEL01-DF"
324574;2020-11-29;"domingo";"10:50:00";"MG";262;432,9;"NOVA SERRANA";"Defeito Mecânico no Veículo";"Saída de leito carroçável";"Com Vítimas Feridas";"Pleno dia";"Crescente";"Céu Claro";"Dupla";"Reta";"Não";3;0;2;0;1;0;2;1;-19,88943165;-44,82936859;"SPRF-MG";"DEL08-MG";"UOP03-DEL08-MG"
324575;2020-11-29;"domingo";"12:15:00";"RJ";101;49;"CAMPOS DOS GOYTACAZES";"Falta de Atenção à Condução";"Queda de ocupante de veículo";"Com Vítimas Feridas";"Pleno dia";"Crescente";"Céu Claro";"Simples";"Reta";"Sim";1;0;1;0;0;0;1;1;-21,62508006;-41,31411242;"SPRF-RJ";"DEL08-RJ";"UOP01-DEL08-RJ"
324576;2020-11-29;"domingo";"11:50:00";"PR";376;306;"MAUA DA SERRA";"Velocidade Incompatível";"Colisão com objeto estático";"Com Vítimas Feridas";"Pleno dia";"Crescente";"Céu Claro";"Dupla";"Curva";"Não";1;0;0;1;0;0;1;1;-23,96994112;-51,11168414;"SPRF-PR";"DEL07-PR";"UOP03-DEL07-PR"
324577;2020-11-29;"domingo";"11:00:00";"PR";373;412,7;"CANDOI";"Mal Súbito";"Saída de leito carroçável";"Com Vítimas Fatais";"Pleno dia";"Crescente";"Céu Claro";"Simples";"Reta";"Não";1;1;0;0;0;0;0;1;-25,6468871026;-52,1074077844;"SPRF-PR";"DEL08-PR";"UOP01-DEL08-PR"
324578;2020-11-29;"domingo";"11:10:00";"RJ";101;323;"NITEROI";"Não guardar distância de segurança";"Colisão traseira";"Com Vítimas Feridas";"Pleno dia";"Decrescente";"Céu Claro";"Múltipla";"Reta";"Não";2;0;1;0;1;0;1;2;-22,87684786;-43,11728689;"SPRF-RJ";"DEL02-RJ";"UOP02-DEL02-RJ"
324579;2020-11-29;"domingo";"10:50:00";"SC";280;96,7;"CORUPA";"Desobediência às normas de trânsito pelo condutor";"Colisão lateral";"Com Vítimas Feridas";"Pleno dia";"Decrescente";"Céu Claro";"Dupla";"Curva";"Não";2;0;0;1;1;0;1;2;-26,3833143;-49,31223107;"SPRF-SC";"DEL06-SC";"UOP03-DEL06-SC"
324581;2020-11-29;"domingo";"12:30:00";"SC";101;128;"BALNEARIO CAMBORIU";"Não guardar distância de segurança";"Saída de leito carroçável";"Com Vítimas Feridas";"Pleno dia";"Decrescente";"Céu Claro";"Dupla";"Reta";"Não";1;0;1;0;0;0;1;1;-26,97284292;-48,68299451;"SPRF-SC";"DEL04-SC";"UOP03-DEL04-SC"
324585;2020-11-29;"domingo";"12:30:00";"PE";101;54,8;"PAULISTA";"Defeito Mecânico no Veículo";"Colisão com objeto estático";"Sem Vítimas";"Pleno dia";"Decrescente";"Céu Claro";"Múltipla";"Reta;Declive";"Não";1;0;0;0;1;0;0;1;-7,93961103;-34,90356584;"SPRF-PE";"DEL01-PE";"UOP02-DEL01-PE"
324586;2020-11-29;"domingo";"12:10:00";"RJ";393;236;"VASSOURAS";"Desobediência às normas de trânsito pelo condutor";"Colisão frontal";"Com Vítimas Feridas";"Pleno dia";"Crescente";"Sol";"Simples";"Interseção de Vias";"Sim";3;0;1;1;1;0;2;3;-22,38996804;-43,64928296;"SPRF-RJ";"DEL05-RJ";"UOP03-DEL05-RJ"
324587;2020-11-29;"domingo";"13:00:00";"SC";470;26;"ILHOTA";"Defeito Mecânico no Veículo";"Tombamento";"Com Vítimas Feridas";"Pleno dia";"Decrescente";"Sol";"Dupla";"Reta";"Não";2;0;2;0;0;0;2;1;-26,887402;-48,875191;"SPRF-SC";"DEL04-SC";"UOP04-DEL04-SC"
324588;2020-11-29;"domingo";"11:50:00";"SC";282;378,2;"HERVAL DOESTE";"Velocidade Incompatível";"Colisão com objeto estático";"Com Vítimas Feridas";"Pleno dia";"Crescente";"Chuva";"Simples";"Curva";"Não";1;0;1;0;0;0;1;1;-27,214546;-51,47958;"SPRF-SC";"DEL07-SC";"UOP05-DEL07-SC"
324589;2020-11-29;"domingo";"13:30:00";"RS";471;576;"SANTA VITORIA DO PALMAR";"Não guardar distância de segurança";"Colisão traseira";"Com Vítimas Feridas";"Pleno dia";"Decrescente";"Sol";"Simples";"Reta";"Sim";8;0;7;0;1;0;7;2;-33,03057734;-52,85330583;"SPRF-RS";"DEL07-RS";"UOP04-DEL07-RS"
324590;2020-10-30;"sexta-feira";"13:40:00";"PE";101;87;"JABOATAO DOS GUARARAPES";"Ultrapassagem Indevida";"Colisão transversal";"Com Vítimas Feridas";"Pleno dia";"Crescente";"Céu Claro";"Simples";"Reta";"Não";2;0;0;1;1;0;1;2;-8,19120206;-34,97449985;"SPRF-PE";"DEL01-PE";"UOP03-DEL01-PE"
324591;2020-11-29;"domingo";"13:35:00";"MG";153;239;"FRONTEIRA";"Desobediência às normas de trânsito pelo condutor";"Colisão transversal";"Com Vítimas Feridas";"Pleno dia";"Decrescente";"Céu Claro";"Simples";"Retorno Regulamentado";"Sim";4;0;4;0;0;0;4;2;-20,29847332;-49,20614844;"SPRF-MG";"DEL13-MG";"UOP02-DEL13-MG"
324592;2020-11-29;"domingo";"13:50:00";"ES";101;151;"LINHARES";"Falta de Atenção à Condução";"Tombamento";"Com Vítimas Feridas";"Pleno dia";"Crescente";"Sol";"Simples";"Ponte";"Sim";1;0;1;0;0;0;1;1;-19,41156656;-40,06592463;"SPRF-ES";"DEL04-ES";"UOP01-DEL04-ES"
324594;2020-11-29;"domingo";"10:32:00";"MS";163;595,4;"SAO GABRIEL DO OESTE";"Falta de Atenção à Condução";"Saída de leito carroçável";"Com Vítimas Feridas";"Pleno dia";"Crescente";"Sol";"Dupla";"Reta";"Não";3;0;1;2;0;0;3;1;-19,53793591;-54,44797094;"SPRF-MS";"DEL06-MS";"UOP02-DEL06-MS"
324595;2020-11-29;"domingo";"10:40:00";"MA";135;0,9;"SAO LUIS";"Falta de Atenção à Condução";"Colisão traseira";"Com Vítimas Fatais";"Pleno dia";"Crescente";"Céu Claro";"Dupla";"Reta";"Sim";4;1;0;1;2;0;1;2;-2,5804565;-44,241947;"SPRF-MA";"DEL01-MA";"UOP01-DEL01-MA"
324596;2020-11-29;"domingo";"12:25:00";"MT";364;276,5;"JACIARA";"Falta de Atenção à Condução";"Colisão lateral";"Com Vítimas Feridas";"Pleno dia";"Crescente";"Céu Claro";"Simples";"Aclive";"Não";3;0;2;1;0;0;3;2;-15,95344474;-54,99098104;"SPRF-MT";"DEL02-MT";"UOP01-DEL02-MT"
324598;2020-11-29;"domingo";"14:35:00";"RS";386;38,7;"FREDERICO WESTPHALEN";"Ingestão de Álcool";"Saída de leito carroçável";"Com Vítimas Feridas";"Pleno dia";"Decrescente";"Chuva";"Simples";"Reta";"Não";1;0;1;0;0;0;1;1;-27,391367;-53,400776;"SPRF-RS";"DEL08-RS";"UOP02-DEL08-RS"
324599;2020-11-29;"domingo";"14:00:00";"PE";232;352;"CUSTODIA";"Ingestão de Álcool";"Colisão transversal";"Com Vítimas Feridas";"Pleno dia";"Decrescente";"Céu Claro";"Simples";"Reta";"Não";2;0;0;1;1;0;1;2;-8,06560111;-37,80504513;"SPRF-PE";"DEL03-PE";"UOP02-DEL03-PE"
324600;2020-11-29;"domingo";"12:30:00";"RJ";116;182;"NOVA IGUACU";"Falta de Atenção à Condução";"Colisão traseira";"Com Vítimas Feridas";"Pleno dia";"Crescente";"Céu Claro";"Múltipla";"Reta";"Sim";2;0;1;0;1;0;1;2;-22,7567755;-43,43107234;"SPRF-RJ";"DEL01-RJ";"UOP02-DEL01-RJ"
324602;2020-11-29;"domingo";"15:00:00";"RJ";116;42,8;"TERESOPOLIS";"Mal Súbito";"Saída de leito carroçável";"Com Vítimas Feridas";"Pleno dia";"Decrescente";"Céu Claro";"Simples";"Reta";"Não";2;0;1;0;1;0;1;1;-22,14560636;-42,79362881;"SPRF-RJ";"DEL04-RJ";"UOP01-DEL04-RJ"
324604;2020-11-29;"domingo";"15:10:00";"RS";470;215;"BENTO GONCALVES";"Desobediência às normas de trânsito pelo condutor";"Colisão transversal";"Com Vítimas Feridas";"Pleno dia";"Decrescente";"Céu Claro";"Simples";"Reta";"Sim";6;0;1;0;4;1;1;3;-29,150635;-51,530241;"SPRF-RS";"DEL06-RS";"UOP01-DEL06-RS"
324605;2020-11-29;"domingo";"14:39:00";"SP";116;271;"TABOAO DA SERRA";"Não guardar distância de segurança";"Tombamento";"Com Vítimas Feridas";"Pleno dia";"Decrescente";"Céu Claro";"Múltipla";"Reta";"Sim";2;0;2;0;0;0;2;1;-23,61809286;-46,80556302;"SPRF-SP";"DEL04-SP";"UOP01-DEL04-SP"
324607;2020-11-29;"domingo";"15:05:00";"SC";101;266;"PAULO LOPES";"Ingestão de Álcool";"Colisão com objeto estático";"Sem Vítimas";"Pleno dia";"Crescente";"Céu Claro";"Múltipla";"Reta;Declive";"Sim";1;0;0;0;1;0;0;1;-28,072966;-48,713493;"SPRF-SC";"DEL02-SC";"UOP03-DEL02-SC"
324608;2020-11-29;"domingo";"15:30:00";"RJ";116;49,6;"TERESOPOLIS";"Pista Escorregadia";"Queda de ocupante de veículo";"Com Vítimas Feridas";"Pleno dia";"Crescente";"Céu Claro";"Simples";"Curva";"Não";1;0;1;0;0;0;1;1;-22,17771398;-42,84707003;"SPRF-RJ";"DEL04-RJ";"UOP01-DEL04-RJ"
324609;2020-11-29;"domingo";"07:00:00";"RJ";101;416;"MANGARATIBA";"Condutor Dormindo";"Saída de leito carroçável";"Com Vítimas Feridas";"Pleno dia";"Decrescente";"Céu Claro";"Simples";"Curva";"Não";2;0;1;0;1;0;1;1;-22,90729503;-43,89024997;"SPRF-RJ";"DEL03-RJ";"UOP03-DEL03-RJ"
324611;2020-11-29;"domingo";"08:00:00";"MA";10;130;"ESTREITO";"Desobediência às normas de trânsito pelo condutor";"Colisão transversal";"Com Vítimas Feridas";"Pleno dia";"Decrescente";"Céu Claro";"Simples";"Interseção de Vias";"Sim";2;0;1;0;1;0;1;2;-6,553709;-47,440681;"SPRF-MA";"DEL04-MA";"UOP02-DEL04-MA"
324612;2020-11-29;"domingo";"15:50:00";"PR";476;121;"CURITIBA";"Falta de Atenção à Condução";"Colisão lateral";"Com Vítimas Feridas";"Pleno dia";"Crescente";"Nublado";"Dupla";"Aclive;Reta";"Sim";2;0;0;1;1;0;1;2;-25,379221;-49,197685;"SPRF-PR";"DEL01-PR";"UOP02-DEL01-PR"
324613;2020-11-29;"domingo";"15:25:00";"PA";155;320;"MARABA";"Não guardar distância de segurança";"Colisão traseira";"Com Vítimas Feridas";"Pleno dia";"Decrescente";"Céu Claro";"Simples";"Declive";"Não";3;0;2;0;1;0;2;2;-5,574905;-49,08032;"SPRF-PA";"DEL03-PA";"UOP01-DEL03-PA"
324614;2020-11-29;"domingo";"15:40:00";"PE";408;96;"SAO LOURENCO DA MATA";"Falta de Atenção à Condução";"Capotamento";"Com Vítimas Feridas";"Pleno dia";"Crescente";"Céu Claro";"Dupla";"Declive";"Não";2;0;0;1;1;0;1;1;-8,02062;-35,041045;"SPRF-PE";"DEL01-PE";"UOP01-DEL01-PE"
324616;2020-11-29;"domingo";"16:25:00";"PB";101;89,8;"JOAO PESSOA";"Desobediência às normas de trânsito pelo condutor";"Colisão transversal";"Com Vítimas Feridas";"Pleno dia";"Crescente";"Céu Claro";"Dupla";"Reta";"Sim";3;0;1;1;1;0;2;2;-7,18225217;-34,90121668;"SPRF-PB";"DEL01-PB";"UOP02-DEL01-PB"
324617;2020-11-29;"domingo";"16:40:00";"MG";381;348;"JOAO MONLEVADE";"Desobediência às normas de trânsito pelo condutor";"Colisão frontal";"Com Vítimas Feridas";"Pleno dia";"Crescente";"Céu Claro";"Dupla";"Curva";"Não";2;0;2;0;0;0;2;2;-19,85243846;-43,14084419;"SPRF-MG";"DEL03-MG";"UOP01-DEL03-MG"
324619;2020-11-29;"domingo";"16:25:00";"ES";101;314;"VILA VELHA";"Defeito Mecânico no Veículo";"Colisão com objeto estático";"Com Vítimas Feridas";"Pleno dia";"Decrescente";"Sol";"Dupla";"Curva";"Não";1;0;0;1;0;0;1;1;-20,461157;-40,46533;"SPRF-ES";"DEL01-ES";"UOP01-DEL01-ES"
324620;2020-11-29;"domingo";"10:40:00";"GO";50;250;"CATALAO";"Defeito Mecânico no Veículo";"Tombamento";"Com Vítimas Feridas";"Pleno dia";"Decrescente";"Céu Claro";"Dupla";"Reta";"Não";2;0;1;1;0;0;2;1;-17,9676;-47,7962;"SPRF-GO";"DEL06-GO";"UOP01-DEL06-GO"
324621;2020-11-29;"domingo";"05:10:00";"PI";135;561,9;"CORRENTE";"Desobediência às normas de trânsito pelo pedestre";"Atropelamento de Pedestre";"Com Vítimas Fatais";"Amanhecer";"Crescente";"Céu Claro";"Simples";"Reta";"Não";2;1;0;0;0;1;0;2;-10,176733;-45,18181098;"SPRF-PI";"DEL03-PI";"UOP02-DEL03-PI"
324622;2020-11-29;"domingo";"15:00:00";"MG";40;523;"CONTAGEM";"Falta de Atenção à Condução";"Capotamento";"Com Vítimas Feridas";"Pleno dia";"Crescente";"Céu Claro";"Dupla";"Reta";"Não";3;0;0;2;0;1;2;2;-19,86874894;-44,05962197;"SPRF-MG";"DEL01-MG";"UOP02-DEL01-MG"
324623;2020-11-29;"domingo";"17:00:00";"GO";60;11,5;"ALEXANIA";"Falta de Atenção à Condução";"Colisão traseira";"Com Vítimas Feridas";"Pleno dia";"Decrescente";"Céu Claro";"Dupla";"Retorno Regulamentado";"Não";3;0;1;0;2;0;1;2;-16,094168;-48,517212;"SPRF-DF";"DEL03-DF";"UOP01-DEL03-DF"
324624;2020-11-29;"domingo";"15:30:00";"RJ";101;283;"ITABORAI";"Falta de Atenção à Condução";"Queda de ocupante de veículo";"Com Vítimas Feridas";"Pleno dia";"Decrescente";"Sol";"Simples";"Retorno Regulamentado";"Não";2;0;2;0;0;0;2;1;-22,73591014;-42,80592689;"SPRF-RJ";"DEL02-RJ";"UOP03-DEL02-RJ"
324625;2020-11-29;"domingo";"05:45:00";"PI";135;557;"CORRENTE";"Falta de Atenção à Condução";"Saída de leito carroçável";"Com Vítimas Feridas";"Amanhecer";"Crescente";"Céu Claro";"Simples";"Reta";"Não";1;0;0;1;0;0;1;1;-10,14559434;-45,19422894;"SPRF-PI";"DEL03-PI";"UOP02-DEL03-PI"
324626;2020-11-29;"domingo";"16:25:00";"RJ";101;272;"TANGUA";"Falta de Atenção à Condução";"Saída de leito carroçável";"Com Vítimas Feridas";"Pleno dia";"Decrescente";"Céu Claro";"Dupla";"Curva";"Sim";1;0;1;0;0;0;1;1;-22,72935968;-42,70112512;"SPRF-RJ";"DEL02-RJ";"UOP03-DEL02-RJ"
324627;2020-11-29;"domingo";"15:15:00";"RJ";40;84;"PETROPOLIS";"Pista Escorregadia";"Tombamento";"Com Vítimas Feridas";"Pleno dia";"Crescente";"Sol";"Dupla";"Curva";"Não";2;0;2;0;0;0;2;1;-22,52145512;-43,23707996;"SPRF-RJ";"DEL06-RJ";"UOP01-DEL06-RJ"
324629;2020-11-29;"domingo";"16:10:00";"RJ";116;263,3;"BARRA MANSA";"Falta de Atenção à Condução";"Colisão com objeto estático";"Com Vítimas Feridas";"Pleno dia";"Decrescente";"Céu Claro";"Dupla";"Aclive;Curva";"Não";2;0;1;0;1;0;1;1;-22,59220328;-44,06782285;"SPRF-RJ";"DEL07-RJ";"UOP02-DEL07-RJ"
324631;2020-11-29;"domingo";"17:20:00";"GO";40;7,5;"LUZIANIA";"Ingestão de Álcool";"Colisão lateral";"Com Vítimas Feridas";"Pleno dia";"Decrescente";"Céu Claro";"Dupla";"Reta";"Sim";2;0;1;0;1;0;1;2;-16,108482;-47,972524;"SPRF-DF";"DEL01-DF";"UOP01-DEL01-DF"
324632;2020-11-29;"domingo";"18:20:00";"AL";104;36,5;"UNIAO DOS PALMARES";"Animais na Pista";"Atropelamento de Animal";"Com Vítimas Feridas";"Plena Noite";"Crescente";"Céu Claro";"Simples";"Reta";"Não";3;0;2;0;1;0;2;2;-9,16859247;-36,02287647;"SPRF-AL";"DEL01-AL";"UOP02-DEL01-AL"
324633;2020-11-29;"domingo";"04:00:00";"MG";251;317;"SALINAS";"Ingestão de Álcool";"Colisão frontal";"Com Vítimas Feridas";"Plena Noite";"Crescente";"Céu Claro";"Simples";"Rotatória";"Não";2;0;1;1;0;0;2;2;-16,19375657;-42,34649819;"SPRF-MG";"DEL12-MG";"UOP01-DEL12-MG"
324634;2020-11-29;"domingo";"18:05:00";"PE";423;80,9;"JUCATI";"Ingestão de Álcool";"Colisão transversal";"Com Vítimas Feridas";"Plena Noite";"Crescente";"Céu Claro";"Simples";"Reta";"Não";7;0;4;0;2;1;4;3;-8,76622817;-36,42895847;"SPRF-PE";"DEL03-PE";"UOP01-DEL03-PE"
324635;2020-11-29;"domingo";"18:10:00";"SP";116;213;"GUARULHOS";"Falta de Atenção à Condução";"Colisão traseira";"Com Vítimas Feridas";"Anoitecer";"Crescente";"Nublado";"Dupla";"Reta";"Não";2;0;1;0;0;1;1;2;-23,44333014;-46,44531294;"SPRF-SP";"DEL01-SP";"UOP01-DEL01-SP"
324636;2020-11-29;"domingo";"17:50:00";"BA";324;476,5;"TANQUINHO";"Ultrapassagem Indevida";"Colisão frontal";"Com Vítimas Feridas";"Anoitecer";"Crescente";"Ignorado";"Simples";"Curva";"Não";5;0;1;2;1;1;3;4;-11,98125234;-39,0929941;"SPRF-BA";"DEL02-BA";"UOP01-DEL02-BA"
324637;2020-11-29;"domingo";"15:00:00";"MT";364;355;"SANTO ANTONIO DO LEVERGER";"Pista Escorregadia";"Saída de leito carroçável";"Sem Vítimas";"Pleno dia";"Crescente";"Chuva";"Dupla";"Curva";"Não";1;0;0;0;1;0;0;1;-15,79702449;-55,60063602;"SPRF-MT";"DEL05-MT";"UOP02-DEL05-MT"
324638;2020-11-29;"domingo";"16:30:00";"PR";277;111;"CURITIBA";"Falta de Atenção à Condução";"Saída de leito carroçável";"Com Vítimas Feridas";"Pleno dia";"Decrescente";"Chuva";"Dupla";"Curva";"Sim";3;0;1;0;2;0;1;1;-25,43730706;-49,36497042;"SPRF-PR";"DEL01-PR";"UOP03-DEL03-PR"
324639;2020-11-29;"domingo";"17:28:00";"CE";222;3,5;"CAUCAIA";"Pista Escorregadia";"Colisão com objeto estático";"Sem Vítimas";"Pleno dia";"Decrescente";"Céu Claro";"Dupla";"Interseção de Vias";"Sim";2;0;0;0;2;0;0;1;-3,736507;-38,65337;"SPRF-CE";"DEL01-CE";"UOP01-DEL01-CE"
324644;2020-11-29;"domingo";"16:50:00";"SC";101;398,8;"MARACAJA";"Desobediência às normas de trânsito pelo condutor";"Colisão com objeto estático";"Com Vítimas Feridas";"Pleno dia";"Decrescente";"Sol";"Dupla";"Reta";"Sim";2;0;2;0;0;0;2;1;-28,855484;-49,4396338;"SPRF-SC";"DEL02-SC";"UOP02-DEL02-SC"
324646;2020-11-29;"domingo";"18:10:00";"PB";101;85;"BAYEUX";"Falta de Atenção à Condução";"Colisão frontal";"Com Vítimas Feridas";"Plena Noite";"Crescente";"Céu Claro";"Dupla";"Reta";"Sim";1;0;0;1;0;0;1;1;-7,14213021;-34,92041945;"SPRF-PB";"DEL01-PB";"UOP01-DEL01-PB"
324647;2020-11-29;"domingo";"18:30:00";"PR";376;186,6;"MARIALVA";"Velocidade Incompatível";"Queda de ocupante de veículo";"Com Vítimas Feridas";"Anoitecer";"Crescente";"Nublado";"Dupla";"Reta;Declive";"Não";2;0;2;0;0;0;2;1;-23,45643624;-51,84510713;"SPRF-PR";"DEL09-PR";"UOP01-DEL09-PR"
324648;2020-11-29;"domingo";"17:30:00";"PI";343;342,8;"TERESINA";"Ingestão de Substâncias Psicoativas";"Colisão frontal";"Com Vítimas Feridas";"Pleno dia";"Crescente";"Céu Claro";"Simples";"Declive";"Sim";6;0;2;3;1;0;5;2;-5,08284;-42,750385;"SPRF-PI";"DEL01-PI";"UOP01-DEL01-PI"
324649;2020-11-29;"domingo";"17:40:00";"SP";116;75,5;"APARECIDA";"Falta de Atenção à Condução";"Saída de leito carroçável";"Com Vítimas Feridas";"Pleno dia";"Crescente";"Sol";"Dupla";"Aclive";"Não";2;0;0;1;0;1;1;2;-22,87521876;-45,26277018;"SPRF-SP";"DEL06-SP";"UOP01-DEL06-SP"
324650;2020-11-29;"domingo";"18:50:00";"SC";470;56;"BLUMENAU";"Ingestão de Álcool";"Colisão traseira";"Com Vítimas Feridas";"Anoitecer";"Decrescente";"Céu Claro";"Simples";"Reta";"Não";3;0;2;0;1;0;2;2;-26,87674;-49,127743;"SPRF-SC";"DEL04-SC";"UOP01-DEL04-SC"
324651;2020-11-29;"domingo";"18:40:00";"MG";40;661,5;"CARANDAI";"Falta de Atenção à Condução";"Colisão lateral";"Com Vítimas Feridas";"Plena Noite";"Crescente";"Céu Claro";"Simples";"Reta";"Não";6;0;2;1;1;2;3;3;-20,914939;-43,826121;"SPRF-MG";"DEL05-MG";"UOP02-DEL05-MG"
324652;2020-11-29;"domingo";"18:00:00";"ES";101;261,9;"SERRA";"Desobediência às normas de trânsito pelo condutor";"Colisão traseira";"Com Vítimas Feridas";"Plena Noite";"Crescente";"Céu Claro";"Múltipla";"Reta";"Sim";3;0;2;0;1;0;2;2;-20,14854215;-40,27970926;"SPRF-ES";"DEL02-ES";"UOP01-DEL02-ES"
324653;2020-11-29;"domingo";"18:25:00";"CE";116;22;"AQUIRAZ";"Ingestão de Álcool";"Atropelamento de Pedestre";"Com Vítimas Feridas";"Plena Noite";"Decrescente";"Nublado";"Dupla";"Reta";"Não";2;0;1;0;0;1;1;2;-3,94070798;-38,50918633;"SPRF-CE";"DEL01-CE";"UOP02-DEL01-CE"
324654;2020-11-29;"domingo";"18:20:00";"ES";262;4,5;"CARIACICA";"Falta de Atenção à Condução";"Capotamento";"Com Vítimas Feridas";"Anoitecer";"Decrescente";"Céu Claro";"Dupla";"Declive";"Sim";3;0;1;0;2;0;1;3;-20,33609327;-40,37812784;"SPRF-ES";"DEL01-ES";"UOP01-DEL01-ES"
324655;2020-11-29;"domingo";"18:40:00";"BA";116;15;"VITORIA DA CONQUISTA";"Ingestão de Álcool";"Colisão traseira";"Com Vítimas Feridas";"Plena Noite";"Crescente";"Céu Claro";"Simples";"Reta";"Sim";2;0;0;1;1;0;1;2;-14,89902478;-40,85595489;"SPRF-BA";"DEL08-BA";"UOP01-DEL08-BA"
324657;2020-11-29;"domingo";"18:05:00";"CE";20;428;"FORTALEZA";"Desobediência às normas de trânsito pelo condutor";"Tombamento";"Sem Vítimas";"Plena Noite";"Crescente";"Céu Claro";"Dupla";"Reta";"Não";2;0;0;0;2;0;0;1;-3,76999035;-38,67006282;"SPRF-CE";"DEL01-CE";"UOP02-DEL01-CE"
324658;2020-11-29;"domingo";"18:50:00";"SC";101;213,5;"SAO JOSE";"Falta de Atenção à Condução";"Queda de ocupante de veículo";"Com Vítimas Feridas";"Plena Noite";"Decrescente";"Céu Claro";"Múltipla";"Reta";"Sim";2;0;1;0;1;0;1;2;-27,63697369;-48,66514142;"SPRF-SC";"DEL01-SC";"UOP02-DEL01-SC"