"id";"data_inversa";"dia_semana";"horario";"uf";"br";"km";"municipio";"causa_acidente";"tipo_acidente";"classificacao_acidente";"fase_dia";"sentido_via";"condicao_metereologica";"tipo_pista";"tracado_via";"uso_solo";"pessoas";"mortos";"feridos_leves";"feridos_graves";"ilesos";"ignorados";"feridos";"veiculos";"latitude";"longitude";"regional";"delegacia";"uop"
324659;2020-11-29;"domingo";"16:55:00";"MG";381;943;"EXTREMA";"Velocidade Incompatível";"Queda de ocupante de veículo";"Com Vítimas Feridas";"Pleno dia";"Crescente";"Céu Claro";"Dupla";"Reta;Aclive";"Não";1;0;1;0;0;0;1;1;-22,85086728;-46,33792877;"SPRF-MG";"DEL16-MG";"UOP03-DEL16-MG"
324660;2020-10-05;"segunda-feira";"00:45:00";"SC";470;212,4;"SAO CRISTOVAO DO SUL";"Falta de Atenção à Condução";"Colisão frontal";"Com Vítimas Fatais";"Plena Noite";"Crescente";"Garoa/Chuvisco";"Simples";"Reta";"Não";16;4;3;0;9;0;3;2;-27,309645;-50,237347;"SPRF-SC";"DEL05-SC";"UOP03-DEL05-SC"
324661;2020-11-29;"domingo";"18:40:00";"RJ";354;25;"RESENDE";"Desobediência às normas de trânsito pelo condutor";"Colisão frontal";"Com Vítimas Feridas";"Plena Noite";"Crescente";"Céu Claro";"Simples";"Curva";"Não";2;0;0;1;1;0;1;2;-22,49929;-44,678528;"SPRF-RJ";"DEL07-RJ";"UOP02-DEL07-RJ"
324662;2020-11-29;"domingo";"17:50:00";"GO";60;0,5;"ALEXANIA";"Ingestão de Álcool";"Colisão transversal";"Com Vítimas Feridas";"Anoitecer";"Crescente";"Céu Claro";"Dupla";"Reta";"Sim";2;0;1;0;1;0;1;2;-16,094168;-48,517212;"SPRF-DF";"DEL03-DF";"UOP01-DEL03-DF"
324663;2020-11-29;"domingo";"19:25:00";"GO";153;502;"GOIANIA";"Defeito Mecânico no Veículo";"Colisão traseira";"Com Vítimas Feridas";"Plena Noite";"Decrescente";"Céu Claro";"Dupla";"Reta";"Não";2;0;1;1;0;0;2;2;-16,7287;-49,2424;"SPRF-GO";"DEL01-GO";"UOP01-DEL01-GO"
324664;2020-11-29;"domingo";"18:15:00";"PE";424;97,2;"GARANHUNS";"Desobediência às normas de trânsito pelo condutor";"Colisão frontal";"Com Vítimas Feridas";"Plena Noite";"Decrescente";"Céu Claro";"Simples";"Reta";"Não";2;0;0;1;0;1;1;2;-8,93478014;-36,50438092;"SPRF-PE";"DEL03-PE";"UOP01-DEL03-PE"
324665;2020-11-29;"domingo";"19:30:00";"SC";101;207,5;"SAO JOSE";"Ingestão de Álcool";"Colisão traseira";"Com Vítimas Feridas";"Plena Noite";"Crescente";"Nublado";"Múltipla";"Reta";"Sim";2;0;1;0;1;0;1;2;-27,60001226;-48,6226467;"SPRF-SC";"DEL01-SC";"UOP01-DEL01-SC"
324666;2020-11-29;"domingo";"19:20:00";"GO";40;7,2;"VALPARAISO DE GOIAS";"Velocidade Incompatível";"Saída de leito carroçável";"Com Vítimas Feridas";"Plena Noite";"Decrescente";"Céu Claro";"Dupla";"Reta";"Sim";1;0;1;0;0;0;1;1;-16,108482;-47,972524;"SPRF-DF";"DEL01-DF";"UOP01-DEL01-DF"
324667;2020-11-29;"domingo";"19:30:00";"MG";262;363,3;"JUATUBA";"Falta de Atenção à Condução";"Colisão traseira";"Com Vítimas Feridas";"Plena Noite";"Decrescente";"Céu Claro";"Dupla";"Reta";"Sim";2;0;1;0;0;1;1;2;-19,9724211;-44,29895639;"SPRF-MG";"DEL01-MG";"UOP03-DEL01-MG"
324668;2020-11-29;"domingo";"19:00:00";"CE";222;7;"CAUCAIA";"Ingestão de Álcool";"Colisão lateral";"Com Vítimas Feridas";"Plena Noite";"Crescente";"Céu Claro";"Dupla";"Reta";"Sim";2;0;2;0;0;0;2;2;-3,7495132;-38,6299559;"SPRF-CE";"DEL01-CE";"UOP01-DEL01-CE"
324669;2020-11-29;"domingo";"19:15:00";"DF";70;9;"BRASILIA";"Falta de Atenção do Pedestre";"Atropelamento de Pedestre";"Com Vítimas Fatais";"Plena Noite";"Decrescente";"Céu Claro";"Dupla";"Reta";"Sim";2;1;1;0;0;0;1;2;-15,784615;-48,132023;"SPRF-DF";"DEL03-DF";"UOP02-DEL03-DF"
324670;2020-11-29;"domingo";"14:00:00";"SC";280;235,8;"CANOINHAS";"Ultrapassagem Indevida";"Colisão frontal";"Com Vítimas Feridas";"Pleno dia";"Crescente";"Chuva";"Simples";"Declive";"Sim";3;0;0;3;0;0;3;2;-26,19206283;-50,41295701;"SPRF-SC";"DEL06-SC";"UOP04-DEL06-SC"
324671;2020-11-29;"domingo";"17:10:00";"BA";116;909;"CANDIDO SALES";"Falta de Atenção à Condução";"Colisão transversal";"Com Vítimas Feridas";"Pleno dia";"Decrescente";"Céu Claro";"Simples";"Reta";"Sim";4;0;1;0;0;3;1;3;-15,42964301;-41,21952898;"SPRF-BA";"DEL08-BA";"UOP03-DEL08-BA"
324673;2020-11-29;"domingo";"20:10:00";"PR";116;110;"CURITIBA";"Objeto estático sobre o leito carroçável";"Colisão com objeto estático";"Sem Vítimas";"Plena Noite";"Decrescente";"Céu Claro";"Dupla";"Reta";"Sim";1;0;0;0;1;0;0;1;-25,57012941;-49,21736805;"SPRF-PR";"DEL01-PR";"UOP01-DEL01-PR"
324674;2020-11-29;"domingo";"20:00:00";"PE";101;83;"JABOATAO DOS GUARARAPES";"Ingestão de álcool e/ou substâncias psicoativas pelo pedestre";"Colisão lateral";"Com Vítimas Feridas";"Plena Noite";"Decrescente";"Nublado";"Dupla";"Reta";"Sim";3;0;1;0;1;1;1;3;-8,175172;-34,942642;"SPRF-PE";"DEL01-PE";"UOP03-DEL01-PE"
324675;2020-11-29;"domingo";"18:50:00";"RJ";101;267;"RIO BONITO";"Defeito Mecânico no Veículo";"Tombamento";"Com Vítimas Feridas";"Plena Noite";"Decrescente";"Céu Claro";"Dupla";"Reta";"Não";2;0;2;0;0;0;2;1;-22,70728329;-42,66059086;"SPRF-RJ";"DEL02-RJ";"UOP03-DEL02-RJ"
324676;2020-09-22;"terça-feira";"17:50:00";"SC";282;533;"CORDILHEIRA ALTA";"Falta de Atenção à Condução";"Colisão transversal";"Com Vítimas Feridas";"Pleno dia";"Crescente";"Céu Claro";"Simples";"Reta";"Sim";2;0;0;2;0;0;2;1;-26,995323;-52,625305;"SPRF-SC";"DEL07-SC";"UOP01-DEL07-SC"
324677;2020-11-29;"domingo";"16:30:00";"MG";381;199,3;"PERIQUITO";"Desobediência às normas de trânsito pelo condutor";"Colisão frontal";"Com Vítimas Feridas";"Pleno dia";"Crescente";"Nublado";"Simples";"Reta";"Não";5;0;3;2;0;0;5;2;-19,16696108;-42,24582388;"SPRF-MG";"DEL06-MG";"UOP01-DEL06-MG"
324679;2020-11-29;"domingo";"20:15:00";"CE";116;5,2;"FORTALEZA";"Ingestão de Álcool";"Atropelamento de Pedestre";"Com Vítimas Fatais";"Plena Noite";"Decrescente";"Céu Claro";"Múltipla";"Reta";"Sim";2;1;0;0;1;0;0;2;-3,79467116;-38,50772734;"SPRF-CE";"DEL01-CE";"UOP02-DEL01-CE"
324680;2020-11-29;"domingo";"19:00:00";"PI";343;590;"FLORIANO";"Desobediência às normas de trânsito pelo condutor";"Colisão com objeto estático";"Com Vítimas Feridas";"Plena Noite";"Crescente";"Céu Claro";"Dupla";"Rotatória";"Sim";1;0;0;1;0;0;1;1;-6,783895;-43,015095;"SPRF-PI";"DEL03-PI";"UOP01-DEL03-PI"
324685;2020-11-29;"domingo";"21:05:00";"PR";277;3;"PARANAGUA";"Velocidade Incompatível";"Atropelamento de Pedestre";"Com Vítimas Feridas";"Plena Noite";"Decrescente";"Céu Claro";"Dupla";"Reta";"Sim";2;0;0;1;0;1;1;2;-25,55266339;-48,5533905;"SPRF-PR";"DEL01-PR";"UOP05-DEL01-PR"
324686;2020-11-29;"domingo";"19:45:00";"GO";153;541;"HIDROLANDIA";"Avarias e/ou desgaste excessivo no pneu";"Saída de leito carroçável";"Com Vítimas Feridas";"Plena Noite";"Crescente";"Céu Claro";"Dupla";"Curva";"Não";2;0;1;0;1;0;1;1;-17,0648;-49,2252;"SPRF-GO";"DEL01-GO";"UOP03-DEL01-GO"
324688;2020-11-29;"domingo";"19:30:00";"MS";163;39,4;"ELDORADO";"Falta de Atenção à Condução";"Colisão traseira";"Sem Vítimas";"Anoitecer";"Crescente";"Céu Claro";"Simples";"Reta";"Sim";2;0;0;0;1;1;0;2;-23,7948851;-54,28686992;"SPRF-MS";"DEL09-MS";"UOP02-DEL09-MS"
324689;2020-11-29;"domingo";"19:05:00";"MS";163;365,4;"NOVA ALVORADA DO SUL";"Desobediência às normas de trânsito pelo condutor";"Colisão transversal";"Com Vítimas Feridas";"Plena Noite";"Crescente";"Céu Claro";"Dupla";"Rotatória";"Sim";2;0;2;0;0;0;2;2;-21,45978873;-54,38096166;"SPRF-MS";"DEL02-MS";"UOP01-DEL02-MS"
324690;2020-11-29;"domingo";"12:35:00";"MG";381;833;"SAO SEBASTIAO DA BELA VISTA";"Velocidade Incompatível";"Saída de leito carroçável";"Com Vítimas Feridas";"Pleno dia";"Crescente";"Nublado";"Dupla";"Reta";"Não";1;0;1;0;0;0;1;1;-22,15829896;-45,82738805;"SPRF-MG";"DEL16-MG";"UOP01-DEL16-MG"
324691;2020-11-29;"domingo";"14:00:00";"TO";153;102;"WANDERLANDIA";"Falta de Atenção à Condução";"Tombamento";"Com Vítimas Feridas";"Pleno dia";"Crescente";"Céu Claro";"Simples";"Declive";"Não";1;0;0;1;0;0;1;1;-6,90546032;-48,03457736;"SPRF-TO";"DEL02-TO";"UOP01-DEL02-TO"
324693;2020-11-29;"domingo";"21:50:00";"ES";101;269;"SERRA";"Falta de Atenção do Pedestre";"Atropelamento de Pedestre";"Com Vítimas Feridas";"Plena Noite";"Crescente";"Céu Claro";"Dupla";"Reta";"Não";3;0;0;3;0;0;3;2;-20,21740496;-40,26990578;"SPRF-ES";"DEL02-ES";"UOP01-DEL02-ES"
324694;2020-11-29;"domingo";"20:20:00";"DF";60;23;"BRASILIA";"Desobediência às normas de trânsito pelo condutor";"Colisão transversal";"Com Vítimas Feridas";"Plena Noite";"Decrescente";"Céu Claro";"Dupla";"Retorno Regulamentado";"Não";6;0;4;0;2;0;4;2;-15,987903;-48,223103;"SPRF-DF";"DEL03-DF";"UOP01-DEL03-DF"
324695;2020-11-29;"domingo";"21:00:00";"MG";381;932,6;"EXTREMA";"Velocidade Incompatível";"Capotamento";"Sem Vítimas";"Plena Noite";"Crescente";"Chuva";"Dupla";"Reta";"Não";1;0;0;0;1;0;0;1;-22,81198015;-46,28431295;"SPRF-MG";"DEL16-MG";"UOP03-DEL16-MG"
324697;2020-11-29;"domingo";"21:00:00";"MS";163;580;"BANDEIRANTES";"Falta de Atenção à Condução";"Saída de leito carroçável";"Com Vítimas Feridas";"Plena Noite";"Crescente";"Céu Claro";"Simples";"Reta";"Não";4;0;2;0;2;0;2;1;-19,66014917;-54,35201623;"SPRF-MS";"DEL06-MS";"UOP02-DEL06-MS"
324698;2020-11-29;"domingo";"18:00:00";"SC";101;60,6;"ARAQUARI";"Não guardar distância de segurança";"Colisão traseira";"Com Vítimas Feridas";"Anoitecer";"Decrescente";"Céu Claro";"Dupla";"Reta";"Não";3;0;0;2;1;0;2;2;-26,45072823;-48,78570317;"SPRF-SC";"DEL03-SC";"UOP02-DEL03-SC"
324699;2020-11-29;"domingo";"19:25:00";"MS";376;16,8;"DOURADOS";"Desobediência às normas de trânsito pelo condutor";"Colisão frontal";"Com Vítimas Fatais";"Plena Noite";"Decrescente";"Céu Claro";"Simples";"Reta";"Não";3;1;0;2;0;0;2;2;-22,31157199;-54,58827883;"SPRF-MS";"DEL04-MS";"UOP04-DEL04-MS"
324704;2020-11-29;"domingo";"20:30:00";"RJ";40;77;"PETROPOLIS";"Desobediência às normas de trânsito pelo condutor";"Colisão transversal";"Com Vítimas Feridas";"Plena Noite";"Decrescente";"Céu Claro";"Dupla";"Aclive;Retorno Regulamentado;Reta";"Não";50;0;1;1;48;0;2;2;-22,49889408;-43,22893923;"SPRF-RJ";"DEL06-RJ";"UOP01-DEL06-RJ"
324705;2020-11-29;"domingo";"22:20:00";"MG";116;814,6;"ALEM PARAIBA";"Ingestão de Álcool";"Colisão traseira";"Com Vítimas Feridas";"Plena Noite";"Decrescente";"Céu Claro";"Simples";"Reta;Declive";"Não";2;0;1;0;1;0;1;2;-21,85629;-42,66083;"SPRF-MG";"DEL07-MG";"UOP01-DEL07-MG"
324706;2020-11-29;"domingo";"21:00:00";"SC";101;281,6;"IMBITUBA";"Defeito na Via";"Colisão com objeto estático";"Sem Vítimas";"Plena Noite";"Crescente";"Céu Claro";"Simples";"Reta";"Sim";1;0;0;0;1;0;0;1;-28,2078166;-48,69932413;"SPRF-SC";"DEL02-SC";"UOP03-DEL02-SC"
324707;2020-11-29;"domingo";"20:35:00";"RS";470;228,2;"GARIBALDI";"Ingestão de Álcool";"Saída de leito carroçável";"Sem Vítimas";"Plena Noite";"Decrescente";"Céu Claro";"Simples";"Interseção de Vias";"Não";1;0;0;0;1;0;0;1;-29,26382179;-51,50251335;"SPRF-RS";"DEL06-RS";"UOP01-DEL06-RS"
324708;2020-11-29;"domingo";"20:55:00";"SC";101;278,3;"IMBITUBA";"Desobediência às normas de trânsito pelo condutor";"Atropelamento de Pedestre";"Com Vítimas Feridas";"Plena Noite";"Crescente";"Céu Claro";"Dupla";"Reta";"Não";3;0;0;1;1;1;1;2;-28,16300604;-48,6939345;"SPRF-SC";"DEL02-SC";"UOP03-DEL02-SC"
324710;2020-11-29;"domingo";"22:00:00";"GO";40;24,8;"LUZIANIA";"Falta de Atenção à Condução";"Saída de leito carroçável";"Com Vítimas Feridas";"Plena Noite";"Crescente";"Céu Claro";"Dupla";"Em Obras";"Sim";2;0;1;0;1;0;1;1;-16,252738;-47,900437;"SPRF-DF";"DEL01-DF";"UOP01-DEL01-DF"
324711;2020-11-29;"domingo";"22:30:00";"ES";262;3,8;"CARIACICA";"Ingestão de Álcool";"Colisão traseira";"Sem Vítimas";"Plena Noite";"Crescente";"Céu Claro";"Simples";"Rotatória";"Sim";2;0;0;0;2;0;0;2;-20,33374432;-40,36910933;"SPRF-ES";"DEL01-ES";"UOP01-DEL01-ES"
324712;2020-11-29;"domingo";"19:10:00";"AP";156;819;"OIAPOQUE";"Ingestão de Álcool";"Colisão traseira";"Com Vítimas Feridas";"Plena Noite";"Crescente";"Céu Claro";"Simples";"Reta";"Sim";3;0;3;0;0;0;3;2;3,7766369;-51,7908408;"SPRF-AP";"DEL01-AP";"UOP03-DEL01-AP"
324713;2020-11-29;"domingo";"23:30:00";"ES";101;232,5;"FUNDAO";"Condutor Dormindo";"Colisão lateral";"Sem Vítimas";"Plena Noite";"Decrescente";"Nublado";"Simples";"Reta";"Não";3;0;0;0;1;2;0;3;-19,95224103;-40,40879816;"SPRF-ES";"DEL02-ES";"UOP01-DEL02-ES"
324714;2020-11-29;"domingo";"22:40:00";"RS";285;475;"CORONEL BARROS";"Defeito Mecânico no Veículo";"Saída de leito carroçável";"Com Vítimas Feridas";"Plena Noite";"Decrescente";"Nublado";"Simples";"Declive";"Sim";5;0;1;0;4;0;1;1;-28,382809;-54,051552;"SPRF-RS";"DEL10-RS";"UOP01-DEL10-RS"
324715;2020-11-29;"domingo";"20:00:00";"RS";293;427,7;"QUARAI";"Ingestão de Álcool";"Colisão com objeto estático";"Com Vítimas Feridas";"Plena Noite";"Crescente";"Céu Claro";"Simples";"Ponte";"Não";2;0;2;0;0;0;2;1;-30,45360696;-56,29751299;"SPRF-RS";"DEL11-RS";"UOP01-DEL11-RS"
324719;2020-11-30;"segunda-feira";"00:10:00";"GO";153;493;"GOIANIA";"Defeito Mecânico no Veículo";"Incêndio";"Sem Vítimas";"Plena Noite";"Decrescente";"Céu Claro";"Dupla";"Reta";"Sim";1;0;0;0;1;0;0;1;-16,6537;-49,2172;"SPRF-GO";"DEL01-GO";"UOP01-DEL01-GO"
324720;2020-11-30;"segunda-feira";"00:15:00";"CE";116;8;"FORTALEZA";"Falta de Atenção à Condução";"Colisão traseira";"Com Vítimas Feridas";"Plena Noite";"Crescente";"Garoa/Chuvisco";"Dupla";"Reta";"Sim";2;0;1;0;1;0;1;2;-3,8192799;-38,50268337;"SPRF-CE";"DEL01-CE";"UOP02-DEL01-CE"
324721;2020-11-30;"segunda-feira";"00:35:00";"ES";101;67,7;"SAO MATEUS";"Ingestão de Álcool";"Saída de leito carroçável";"Com Vítimas Feridas";"Plena Noite";"Crescente";"Céu Claro";"Múltipla";"Curva";"Sim";1;0;1;0;0;0;1;1;-18,72054021;-39,8658931;"SPRF-ES";"DEL04-ES";"UOP02-DEL04-ES"
324722;2020-11-30;"segunda-feira";"00:20:00";"MS";163;586;"BANDEIRANTES";"Animais na Pista";"Atropelamento de Animal";"Sem Vítimas";"Plena Noite";"Crescente";"Céu Claro";"Dupla";"Reta";"Não";5;0;0;0;5;0;0;1;-19,60097438;-54,39540752;"SPRF-MS";"DEL06-MS";"UOP02-DEL06-MS"
324724;2020-11-29;"domingo";"23:55:00";"ES";101;31;"CONCEICAO DA BARRA";"Falta de Atenção à Condução";"Queda de ocupante de veículo";"Com Vítimas Feridas";"Plena Noite";"Crescente";"Céu Claro";"Simples";"Reta";"Não";1;0;0;1;0;0;1;1;-18,41695394;-39,93608555;"SPRF-ES";"DEL04-ES";"UOP02-DEL04-ES"
324725;2020-11-29;"domingo";"21:30:00";"BA";420;333,8;"ITAQUARA";"Ingestão de Álcool";"Saída de leito carroçável";"Com Vítimas Feridas";"Plena Noite";"Crescente";"Céu Claro";"Simples";"Curva";"Não";2;0;0;1;1;0;1;1;-13,48418493;-39,9513203;"SPRF-BA";"DEL03-BA";"UOP01-DEL03-BA"
324726;2020-11-30;"segunda-feira";"01:33:00";"SP";116;129;"CACAPAVA";"Falta de Atenção à Condução";"Colisão traseira";"Com Vítimas Feridas";"Plena Noite";"Crescente";"Céu Claro";"Dupla";"Reta";"Sim";2;0;2;0;0;0;2;2;-23,11885593;-45,71948203;"SPRF-SP";"DEL06-SP";"UOP01-DEL06-SP"
324727;2020-11-30;"segunda-feira";"01:20:00";"RS";116;152,7;"CAXIAS DO SUL";"Ingestão de Álcool";"Colisão com objeto estático";"Sem Vítimas";"Plena Noite";"Crescente";"Céu Claro";"Dupla";"Curva";"Sim";1;0;0;0;1;0;0;1;-29,1829343;-51,16801501;"SPRF-RS";"DEL05-RS";"UOP01-DEL05-RS"
324728;2020-11-30;"segunda-feira";"02:00:00";"MG";262;811;"UBERABA";"Falta de Atenção à Condução";"Colisão com objeto estático";"Com Vítimas Feridas";"Plena Noite";"Crescente";"Nublado";"Dupla";"Curva";"Não";1;0;0;1;0;0;1;1;-19,76527861;-48,11638905;"SPRF-MG";"DEL13-MG";"UOP01-DEL13-MG"
324729;2020-11-30;"segunda-feira";"01:10:00";"MG";40;632,1;"CONSELHEIRO LAFAIETE";"Falta de Atenção à Condução";"Colisão com objeto estático";"Com Vítimas Feridas";"Plena Noite";"Decrescente";"Céu Claro";"Dupla";"Interseção de Vias;Curva;Aclive";"Não";2;0;2;0;0;0;2;1;-20,67831;-43,794143;"SPRF-MG";"DEL05-MG";"UOP02-DEL05-MG"
324730;2020-11-30;"segunda-feira";"00:50:00";"TO";153;144;"ARAGUAINA";"Ingestão de Álcool";"Danos eventuais";"Sem Vítimas";"Plena Noite";"Decrescente";"Céu Claro";"Dupla";"Reta";"Sim";2;0;0;0;2;0;0;1;-7,19662811;-48,23636977;"SPRF-TO";"DEL02-TO";"UOP01-DEL02-TO"
324731;2020-11-30;"segunda-feira";"02:15:00";"SP";116;206,1;"GUARULHOS";"Desobediência às normas de trânsito pelo pedestre";"Atropelamento de Pedestre";"Com Vítimas Fatais";"Plena Noite";"Crescente";"Céu Claro";"Dupla";"Reta";"Sim";3;1;0;0;2;0;0;2;-23,417488;-46,376868;"SPRF-SP";"DEL01-SP";"UOP01-DEL01-SP"
324732;2020-11-30;"segunda-feira";"01:40:00";"TO";153;499,4;"PARAISO DO TOCANTINS";"Ingestão de Álcool";"Saída de leito carroçável";"Sem Vítimas";"Plena Noite";"Crescente";"Céu Claro";"Simples";"Declive";"Não";1;0;0;0;1;0;0;1;-10,20947394;-48,87422562;"SPRF-TO";"DEL01-TO";"UOP01-DEL01-TO"
324733;2020-11-30;"segunda-feira";"02:15:00";"SC";101;205;"SAO JOSE";"Não guardar distância de segurança";"Engavetamento";"Com Vítimas Feridas";"Plena Noite";"Crescente";"Céu Claro";"Múltipla";"Em Obras";"Não";4;0;1;0;3;0;1;3;-27,58313237;-48,61532885;"SPRF-SC";"DEL01-SC";"UOP01-DEL01-SC"
324736;2020-11-30;"segunda-feira";"03:25:00";"MS";163;613;"SAO GABRIEL DO OESTE";"Animais na Pista";"Atropelamento de Animal";"Com Vítimas Feridas";"Plena Noite";"Decrescente";"Céu Claro";"Simples";"Reta";"Sim";1;0;0;1;0;0;1;1;-19,41385532;-54,55587234;"SPRF-MS";"DEL06-MS";"UOP02-DEL06-MS"
324738;2020-11-30;"segunda-feira";"03:45:00";"RS";153;581;"BAGE";"Animais na Pista";"Atropelamento de Animal";"Com Vítimas Feridas";"Plena Noite";"Crescente";"Nublado";"Simples";"Reta";"Não";4;0;1;0;3;0;1;1;-31,08043931;-53,69475585;"SPRF-RS";"DEL11-RS";"UOP03-DEL11-RS"
324739;2020-11-30;"segunda-feira";"05:15:00";"SC";101;208,2;"SAO JOSE";"Desobediência às normas de trânsito pelo condutor";"Colisão transversal";"Com Vítimas Feridas";"Pleno dia";"Crescente";"Céu Claro";"Múltipla";"Reta";"Sim";2;0;0;1;0;1;1;2;-27,60327979;-48,63201818;"SPRF-SC";"DEL01-SC";"UOP01-DEL01-SC"
324740;2020-11-30;"segunda-feira";"04:50:00";"MG";262;421,4;"IGARATINGA";"Velocidade Incompatível";"Capotamento";"Com Vítimas Feridas";"Plena Noite";"Crescente";"Vento";"Dupla";"Reta";"Não";1;0;0;1;0;0;1;1;-19,88573008;-44,72054503;"SPRF-MG";"DEL08-MG";"UOP03-DEL08-MG"
324741;2020-11-30;"segunda-feira";"05:30:00";"PR";369;191,1;"ARAPONGAS";"Ingestão de Álcool";"Colisão traseira";"Com Vítimas Fatais";"Amanhecer";"Decrescente";"Céu Claro";"Dupla";"Reta";"Não";2;1;0;0;1;0;0;2;-23,461645;-51,42344;"SPRF-PR";"DEL07-PR";"UOP03-DEL07-PR"
324742;2020-11-30;"segunda-feira";"02:00:00";"SC";280;181,1;"MAFRA";"Velocidade Incompatível";"Saída de leito carroçável";"Com Vítimas Feridas";"Plena Noite";"Decrescente";"Garoa/Chuvisco";"Simples";"Curva";"Não";2;0;1;0;1;0;1;1;-26,17201114;-49,89655396;"SPRF-SC";"DEL06-SC";"UOP01-DEL06-SC"
324743;2020-11-30;"segunda-feira";"04:45:00";"TO";153;164,2;"ARAGUAINA";"Falta de Atenção à Condução";"Colisão frontal";"Com Vítimas Feridas";"Plena Noite";"Decrescente";"Céu Claro";"Simples";"Reta";"Não";2;0;0;2;0;0;2;2;-7,34997193;-48,32704408;"SPRF-TO";"DEL02-TO";"UOP01-DEL02-TO"
324744;2020-11-29;"domingo";"21:10:00";"PI";343;214;"CAPITAO DE CAMPOS";"Falta de Atenção à Condução";"Colisão lateral";"Com Vítimas Feridas";"Plena Noite";"Crescente";"Céu Claro";"Dupla";"Reta";"Sim";3;0;0;3;0;0;3;2;-4,462317;-41,943611;"SPRF-PI";"DEL02-PI";"UOP01-DEL02-PI"
324746;2020-11-30;"segunda-feira";"05:30:00";"SC";101;430;"SOMBRIO";"Falta de Atenção à Condução";"Colisão traseira";"Com Vítimas Feridas";"Plena Noite";"Crescente";"Céu Claro";"Dupla";"Reta";"Não";2;0;0;1;1;0;1;2;-29,05578387;-49,62209542;"SPRF-SC";"DEL02-SC";"UOP02-DEL02-SC"
324747;2020-11-29;"domingo";"17:30:00";"MT";364;185,7;"PEDRA PRETA";"Falta de Atenção à Condução";"Saída de leito carroçável";"Com Vítimas Fatais";"Pleno dia";"Crescente";"Céu Claro";"Simples";"Reta";"Não";1;1;0;0;0;0;0;1;-16,58138368;-54,52538621;"SPRF-MT";"DEL02-MT";"UOP01-DEL02-MT"
324748;2020-11-30;"segunda-feira";"06:50:00";"ES";101;287,5;"CARIACICA";"Falta de Atenção à Condução";"Colisão lateral";"Com Vítimas Feridas";"Pleno dia";"Crescente";"Sol";"Dupla";"Reta";"Sim";2;0;1;0;1;0;1;2;-20,26834666;-40,38848877;"SPRF-ES";"DEL01-ES";"UOP01-DEL01-ES"
324749;2020-11-30;"segunda-feira";"07:00:00";"RJ";101;471;"ANGRA DOS REIS";"Falta de Atenção à Condução";"Colisão transversal";"Com Vítimas Feridas";"Pleno dia";"Crescente";"Céu Claro";"Simples";"Interseção de Vias";"Sim";3;0;2;0;1;0;2;2;-22,99649604;-44,22906307;"SPRF-RJ";"DEL03-RJ";"UOP03-DEL03-RJ"
324752;2020-11-30;"segunda-feira";"07:30:00";"PB";101;89,8;"JOAO PESSOA";"Não guardar distância de segurança";"Colisão traseira";"Com Vítimas Feridas";"Pleno dia";"Crescente";"Sol";"Dupla";"Reta";"Sim";2;0;1;0;1;0;1;2;-7,1710694;-34,89765372;"SPRF-PB";"DEL01-PB";"UOP02-DEL01-PB"
324753;2020-11-30;"segunda-feira";"07:30:00";"SC";280;23,8;"ARAQUARI";"Falta de Atenção à Condução";"Colisão transversal";"Com Vítimas Feridas";"Pleno dia";"Decrescente";"Céu Claro";"Simples";"Interseção de Vias";"Sim";2;0;0;1;1;0;1;2;-26,37146;-48,711887;"SPRF-SC";"DEL03-SC";"UOP03-DEL03-SC"
324755;2020-11-30;"segunda-feira";"08:05:00";"SC";101;120;"ITAJAI";"Desobediência às normas de trânsito pelo condutor";"Colisão traseira";"Com Vítimas Feridas";"Pleno dia";"Crescente";"Céu Claro";"Dupla";"Reta";"Não";1;0;1;0;0;0;1;1;-26,912758;-48,711998;"SPRF-SC";"DEL04-SC";"UOP04-DEL04-SC"
324757;2020-11-30;"segunda-feira";"07:50:00";"PR";376;182;"MARINGA";"Falta de Atenção à Condução";"Colisão lateral";"Com Vítimas Feridas";"Pleno dia";"Decrescente";"Céu Claro";"Dupla";"Rotatória";"Sim";5;0;3;0;2;0;3;5;-23,43135528;-51,88765526;"SPRF-PR";"DEL09-PR";"UOP01-DEL09-PR"
324759;2020-11-30;"segunda-feira";"08:10:00";"MG";262;484;"BETIM";"Falta de Atenção à Condução";"Colisão traseira";"Sem Vítimas";"Pleno dia";"Decrescente";"Céu Claro";"Dupla";"Reta";"Sim";2;0;0;0;2;0;0;2;-19,95867754;-44,0914141;"SPRF-MG";"DEL08-MG";"UOP03-DEL08-MG"
324761;2020-11-30;"segunda-feira";"06:20:00";"SP";459;16;"PIQUETE";"Falta de Atenção à Condução";"Colisão transversal";"Com Vítimas Feridas";"Pleno dia";"Decrescente";"Céu Claro";"Simples";"Rotatória";"Sim";2;0;0;1;1;0;1;2;-22,62031;-45,164268;"SPRF-SP";"DEL08-SP";"UOP01-DEL08-SP"
324762;2020-11-30;"segunda-feira";"07:00:00";"CE";20;422;"MARACANAU";"Desobediência às normas de trânsito pelo condutor";"Colisão com objeto estático";"Com Vítimas Feridas";"Pleno dia";"Crescente";"Céu Claro";"Dupla";"Reta;Em Obras";"Sim";2;0;0;1;1;0;1;2;-3,852641;-38,560231;"SPRF-CE";"DEL01-CE";"UOP02-DEL01-CE"