"id";"data_inversa";"dia_semana";"horario";"uf";"br";"km";"municipio";"causa_acidente";"tipo_acidente";"classificacao_acidente";"fase_dia";"sentido_via";"condicao_metereologica";"tipo_pista";"tracado_via";"uso_solo";"pessoas";"mortos";"feridos_leves";"feridos_graves";"ilesos";"ignorados";"feridos";"veiculos";"latitude";"longitude";"regional";"delegacia";"uop"
324764;2020-11-30;"segunda-feira";"07:15:00";"MT";364;398,6;"CUIABA";"Desobediência às normas de trânsito pelo condutor";"Colisão transversal";"Com Vítimas Feridas";"Pleno dia";"Decrescente";"Céu Claro";"Simples";"Desvio Temporário";"Sim";2;0;1;0;1;0;1;2;-15,661942;-55,970539;"SPRF-MT";"DEL01-MT";"UOP02-DEL01-MT"
324765;2020-11-30;"segunda-feira";"08:40:00";"MG";116;525;"CARATINGA";"Ingestão de Álcool";"Colisão lateral";"Com Vítimas Feridas";"Pleno dia";"Decrescente";"Céu Claro";"Simples";"Interseção de Vias";"Não";3;0;1;1;1;0;2;2;-19,76833785;-42,13105238;"SPRF-MG";"DEL06-MG";"UOP02-DEL06-MG"
324770;2020-11-30;"segunda-feira";"07:40:00";"RO";364;709;"PORTO VELHO";"Falta de Atenção à Condução";"Colisão transversal";"Com Vítimas Feridas";"Pleno dia";"Crescente";"Chuva";"Dupla";"Reta";"Sim";3;0;1;0;2;0;1;3;-8,78972208;-63,85077953;"SPRF-RO";"DEL01-RO";"UOP01-DEL01-RO"
324771;2020-11-30;"segunda-feira";"09:45:00";"SC";470;80,2;"RODEIO";"Defeito Mecânico no Veículo";"Tombamento";"Com Vítimas Feridas";"Pleno dia";"Decrescente";"Sol";"Simples";"Reta";"Não";2;0;2;0;0;0;2;1;-26,948805;-49,316097;"SPRF-SC";"DEL04-SC";"UOP01-DEL04-SC"
324772;2020-11-30;"segunda-feira";"09:55:00";"ES";101;298,2;"CARIACICA";"Não guardar distância de segurança";"Colisão traseira";"Sem Vítimas";"Pleno dia";"Crescente";"Céu Claro";"Dupla";"Reta";"Sim";6;0;0;0;6;0;0;6;-20,27000227;-40,37422861;"SPRF-ES";"DEL01-ES";"UOP01-DEL01-ES"
324774;2020-11-30;"segunda-feira";"09:45:00";"SC";101;25;"JOINVILLE";"Falta de Atenção à Condução";"Colisão transversal";"Com Vítimas Feridas";"Pleno dia";"Decrescente";"Céu Claro";"Simples";"Reta";"Sim";2;0;0;1;1;0;1;2;-26,1834739;-48,9105912;"SPRF-SC";"DEL03-SC";"UOP01-DEL03-SC"
324775;2020-11-30;"segunda-feira";"09:00:00";"RO";319;58;"PORTO VELHO";"Falta de Atenção à Condução";"Colisão transversal";"Com Vítimas Feridas";"Pleno dia";"Decrescente";"Garoa/Chuvisco";"Simples";"Curva";"Não";2;0;1;0;1;0;1;2;-8,739714;-63,93214024;"SPRF-RO";"DEL01-RO";"UOP01-DEL01-RO"
324777;2020-11-27;"sexta-feira";"17:55:00";"MA";135;1;"SAO LUIS";"Desobediência às normas de trânsito pelo condutor";"Colisão transversal";"Com Vítimas Feridas";"Anoitecer";"Crescente";"Céu Claro";"Dupla";"Reta";"Sim";2;0;0;1;1;0;1;2;-2,67216014;-44,29749073;"SPRF-MA";"DEL01-MA";"UOP01-DEL01-MA"
324779;2020-11-21;"sábado";"03:00:00";"RS";285;338;"CARAZINHO";"Falta de Atenção à Condução";"Saída de leito carroçável";"Com Vítimas Feridas";"Plena Noite";"Crescente";"Céu Claro";"Simples";"Em Obras";"Sim";3;0;0;3;0;0;3;2;-28,31529467;-52,79862154;"SPRF-RS";"DEL08-RS";"UOP03-DEL08-RS"
324780;2020-11-03;"terça-feira";"14:40:00";"PA";155;306;"MARABA";"Desobediência às normas de trânsito pelo condutor";"Colisão traseira";"Com Vítimas Feridas";"Pleno dia";"Crescente";"Garoa/Chuvisco";"Simples";"Reta";"Sim";2;0;1;0;1;0;1;2;-5,68730699;-49,11611506;"SPRF-PA";"DEL03-PA";"UOP01-DEL03-PA"
324781;2020-11-30;"segunda-feira";"03:00:00";"SP";116;387,8;"MIRACATU";"Falta de Atenção do Pedestre";"Atropelamento de Pedestre";"Com Vítimas Fatais";"Plena Noite";"Crescente";"Chuva";"Dupla";"Reta";"Não";2;1;0;0;0;1;0;2;-24,26558971;-47,38858809;"SPRF-SP";"DEL04-SP";"UOP02-DEL04-SP"
324783;2020-11-30;"segunda-feira";"10:27:00";"RS";116;38;"VACARIA";"Desobediência às normas de trânsito pelo condutor";"Colisão frontal";"Com Vítimas Feridas";"Pleno dia";"Decrescente";"Céu Claro";"Simples";"Reta";"Sim";4;0;0;1;3;0;1;3;-28,50548;-50,92516;"SPRF-RS";"DEL05-RS";"UOP03-DEL05-RS"
324785;2020-11-30;"segunda-feira";"11:15:00";"MG";262;394;"FLORESTAL";"Condutor Dormindo";"Saída de leito carroçável";"Com Vítimas Feridas";"Pleno dia";"Decrescente";"Céu Claro";"Dupla";"Reta";"Não";3;0;2;1;0;0;3;1;-19,91870373;-44,49079292;"SPRF-MG";"DEL01-MG";"UOP03-DEL01-MG"
324787;2020-11-23;"segunda-feira";"19:30:00";"PA";222;237;"MARABA";"Não guardar distância de segurança";"Engavetamento";"Sem Vítimas";"Plena Noite";"Decrescente";"Céu Claro";"Simples";"Reta";"Sim";3;0;0;0;3;0;0;3;-5,294009;-49,075771;"SPRF-PA";"DEL03-PA";"UOP01-DEL03-PA"
324788;2020-11-30;"segunda-feira";"10:20:00";"RJ";101;507;"ANGRA DOS REIS";"Desobediência às normas de trânsito pelo condutor";"Colisão transversal";"Com Vítimas Feridas";"Pleno dia";"Decrescente";"Céu Claro";"Simples";"Reta";"Não";4;0;0;1;2;1;1;4;-22,93582;-44,40832;"SPRF-RJ";"DEL03-RJ";"UOP02-DEL03-RJ"
324789;2020-11-30;"segunda-feira";"11:55:00";"MG";116;521,9;"CARATINGA";"Não guardar distância de segurança";"Colisão traseira";"Com Vítimas Feridas";"Pleno dia";"Decrescente";"Céu Claro";"Simples";"Reta";"Não";3;0;1;0;2;0;1;2;-19,74300101;-42,13231969;"SPRF-MG";"DEL06-MG";"UOP02-DEL06-MG"
324792;2020-11-30;"segunda-feira";"12:50:00";"SC";101;207;"SAO JOSE";"Desobediência às normas de trânsito pelo condutor";"Colisão transversal";"Com Vítimas Feridas";"Pleno dia";"Crescente";"Céu Claro";"Múltipla";"Interseção de Vias";"Sim";3;0;1;0;2;0;1;2;-27,60001226;-48,6226467;"SPRF-SC";"DEL01-SC";"UOP01-DEL01-SC"
324793;2020-11-30;"segunda-feira";"11:30:00";"BA";116;834;"VITORIA DA CONQUISTA";"Falta de Atenção à Condução";"Colisão traseira";"Com Vítimas Feridas";"Pleno dia";"Decrescente";"Céu Claro";"Simples";"Declive";"Não";3;0;2;0;1;0;2;2;-14,87021907;-40,85114182;"SPRF-BA";"DEL08-BA";"UOP01-DEL08-BA"
324794;2020-11-30;"segunda-feira";"11:00:00";"SC";101;44,9;"JOINVILLE";"Desobediência às normas de trânsito pelo condutor";"Colisão transversal";"Com Vítimas Feridas";"Pleno dia";"Decrescente";"Nublado";"Dupla";"Interseção de Vias;Curva";"Sim";2;0;0;1;1;0;1;2;-26,34862429;-48,85702729;"SPRF-SC";"DEL03-SC";"UOP01-DEL03-SC"
324796;2020-11-30;"segunda-feira";"11:40:00";"PR";369;51;"BANDEIRANTES";"Falta de Atenção à Condução";"Saída de leito carroçável";"Com Vítimas Feridas";"Pleno dia";"Crescente";"Céu Claro";"Simples";"Reta";"Não";2;0;1;1;0;0;2;1;-23,11235389;-50,33243001;"SPRF-PR";"DEL07-PR";"UOP01-DEL07-PR"
324797;2020-11-30;"segunda-feira";"13:05:00";"GO";153;438,2;"ANAPOLIS";"Ingestão de Álcool";"Saída de leito carroçável";"Com Vítimas Feridas";"Pleno dia";"Decrescente";"Céu Claro";"Múltipla";"Reta";"Sim";1;0;1;0;0;0;1;1;-16,291595;-48,934811;"SPRF-GO";"DEL02-GO";"UOP01-DEL02-GO"
324800;2020-11-30;"segunda-feira";"13:54:00";"PR";376;184;"SARANDI";"Não guardar distância de segurança";"Queda de ocupante de veículo";"Com Vítimas Feridas";"Pleno dia";"Crescente";"Céu Claro";"Múltipla";"Reta";"Sim";1;0;1;0;0;0;1;1;-23,4465611;-51,86216706;"SPRF-PR";"DEL09-PR";"UOP01-DEL09-PR"
324801;2020-11-30;"segunda-feira";"13:50:00";"GO";153;219;"URUACU";"Desobediência às normas de trânsito pelo condutor";"Colisão frontal";"Com Vítimas Fatais";"Pleno dia";"Crescente";"Céu Claro";"Simples";"Reta";"Não";3;1;2;0;0;0;2;2;-14,679303;-49,205006;"SPRF-GO";"DEL07-GO";"UOP02-DEL07-GO"
324802;2020-11-30;"segunda-feira";"11:00:00";"SC";282;353,9;"CAMPOS NOVOS";"Falta de Atenção à Condução";"Colisão lateral";"Com Vítimas Feridas";"Pleno dia";"Decrescente";"Nublado";"Simples";"Curva";"Não";2;0;1;0;1;0;1;2;-27,359234;-51,320999;"SPRF-SC";"DEL07-SC";"UOP06-DEL07-SC"
324803;2020-11-30;"segunda-feira";"13:45:00";"BA";20;106;"SAO DESIDERIO";"Condutor Dormindo";"Capotamento";"Com Vítimas Feridas";"Pleno dia";"Decrescente";"Céu Claro";"Simples";"Reta";"Não";3;0;1;0;2;0;1;1;-13;-45;"SPRF-BA";"DEL10-BA";"UOP01-DEL10-BA"
324804;2020-11-30;"segunda-feira";"12:38:00";"RN";110;48;"MOSSORO";"Desobediência às normas de trânsito pelo condutor";"Colisão transversal";"Com Vítimas Feridas";"Pleno dia";"Crescente";"Sol";"Dupla";"Retorno Regulamentado";"Sim";3;0;3;0;0;0;3;2;-5,20881178;-37,33285083;"SPRF-RN";"DEL04-RN";"UOP01-DEL04-RN"
324807;2020-11-30;"segunda-feira";"14:50:00";"MG";116;704,8;"MURIAE";"Falta de Atenção do Pedestre";"Atropelamento de Pedestre";"Com Vítimas Feridas";"Pleno dia";"Decrescente";"Sol";"Simples";"Curva";"Sim";2;0;0;1;1;0;1;2;-21,13416858;-42,38722798;"SPRF-MG";"DEL07-MG";"UOP02-DEL07-MG"
324808;2020-11-29;"domingo";"02:00:00";"MS";262;770;"CORUMBA";"Animais na Pista";"Saída de leito carroçável";"Com Vítimas Feridas";"Plena Noite";"Decrescente";"Céu Claro";"Simples";"Reta";"Não";1;0;1;0;0;0;1;1;-19,08285699;-57,62168025;"SPRF-MS";"DEL03-MS";"UOP03-DEL03-MS"
324809;2020-11-19;"quinta-feira";"15:30:00";"MA";135;286;"SANTO ANTONIO DOS LOPES";"Desobediência às normas de trânsito pelo condutor";"Colisão transversal";"Com Vítimas Feridas";"Pleno dia";"Decrescente";"Céu Claro";"Simples";"Reta";"Sim";4;0;2;0;2;0;2;2;-4,86678417;-44,35505563;"SPRF-MA";"DEL03-MA";"UOP01-DEL03-MA"
324812;2020-11-30;"segunda-feira";"13:20:00";"SP";153;75,7;"BADY BASSITT";"Falta de Atenção à Condução";"Colisão traseira";"Sem Vítimas";"Pleno dia";"Crescente";"Céu Claro";"Dupla";"Curva;Declive";"Sim";2;0;0;0;2;0;0;2;-20,89766629;-49,44002151;"SPRF-SP";"DEL09-SP";"UOP01-DEL09-SP"
324813;2020-11-30;"segunda-feira";"12:55:00";"PR";277;722,8;"FOZ DO IGUACU";"Falta de Atenção à Condução";"Saída de leito carroçável";"Sem Vítimas";"Pleno dia";"Crescente";"Nublado";"Dupla";"Reta";"Sim";1;0;0;0;1;0;0;1;-25,49494908;-54,52095097;"SPRF-PR";"DEL05-PR";"UOP03-DEL05-PR"
324814;2020-11-30;"segunda-feira";"14:00:00";"PE";316;272,9;"BELEM DE SAO FRANCISCO";"Defeito Mecânico no Veículo";"Saída de leito carroçável";"Com Vítimas Feridas";"Pleno dia";"Decrescente";"Céu Claro";"Simples";"Reta";"Não";4;0;3;1;0;0;4;1;-8,69563604;-38,84408298;"SPRF-PE";"DEL04-PE";"UOP03-DEL04-PE"
324815;2020-11-30;"segunda-feira";"14:30:00";"PR";476;132;"CURITIBA";"Não guardar distância de segurança";"Colisão com objeto estático";"Com Vítimas Feridas";"Pleno dia";"Decrescente";"Céu Claro";"Dupla";"Reta";"Sim";1;0;0;1;0;0;1;1;-25,47363479;-49,25719025;"SPRF-PR";"DEL01-PR";"UOP03-DEL01-PR"
324816;2020-11-30;"segunda-feira";"14:20:00";"MG";116;522,3;"CARATINGA";"Desobediência às normas de trânsito pelo condutor";"Colisão transversal";"Com Vítimas Feridas";"Pleno dia";"Decrescente";"Céu Claro";"Simples";"Interseção de Vias";"Não";3;0;1;1;1;0;2;2;-19,74300101;-42,13231969;"SPRF-MG";"DEL06-MG";"UOP02-DEL06-MG"
324817;2020-11-30;"segunda-feira";"15:00:00";"SP";116;158,8;"JACAREI";"Não guardar distância de segurança";"Colisão traseira";"Com Vítimas Feridas";"Pleno dia";"Crescente";"Chuva";"Dupla";"Reta";"Não";2;0;1;0;1;0;1;2;-23,26072137;-45,95179176;"SPRF-SP";"DEL02-SP";"UOP01-DEL02-SP"
324818;2020-11-30;"segunda-feira";"14:40:00";"PR";116;0;"CAMPINA GRANDE DO SUL";"Objeto estático sobre o leito carroçável";"Saída de leito carroçável";"Sem Vítimas";"Pleno dia";"Crescente";"Nublado";"Dupla";"Curva";"Não";2;0;0;0;2;0;0;1;-25,0604;-48,562973;"SPRF-PR";"DEL01-PR";"UOP02-DEL01-PR"
324822;2020-11-30;"segunda-feira";"15:30:00";"ES";262;102,8;"VENDA NOVA DO IMIGRANTE";"Falta de Atenção à Condução";"Colisão traseira";"Com Vítimas Feridas";"Pleno dia";"Decrescente";"Céu Claro";"Simples";"Reta;Em Obras";"Sim";4;0;1;0;3;0;1;2;-20,34280199;-41,11627383;"SPRF-ES";"DEL01-ES";"UOP02-DEL01-ES"
324824;2020-11-30;"segunda-feira";"07:40:00";"BA";242;414;"SEABRA";"Falta de Atenção à Condução";"Colisão transversal";"Com Vítimas Feridas";"Pleno dia";"Crescente";"Céu Claro";"Simples";"Retorno Regulamentado";"Sim";2;0;1;0;1;0;1;2;-12,427427;-41,77020288;"SPRF-BA";"DEL06-BA";"UOP01-DEL06-BA"
324825;2020-11-30;"segunda-feira";"11:05:00";"PB";104;113;"LAGOA SECA";"Desobediência às normas de trânsito pelo condutor";"Colisão transversal";"Com Vítimas Feridas";"Pleno dia";"Decrescente";"Céu Claro";"Simples";"Reta";"Não";2;0;1;0;1;0;1;2;-7,15342626;-35,85241772;"SPRF-PB";"DEL02-PB";"UOP04-DEL02-PB"
324826;2020-11-30;"segunda-feira";"16:00:00";"RS";158;145,9;"PANAMBI";"Defeito Mecânico no Veículo";"Saída de leito carroçável";"Com Vítimas Feridas";"Pleno dia";"Decrescente";"Nublado";"Múltipla";"Curva";"Não";2;0;2;0;0;0;2;1;-28,24134706;-53,48065714;"SPRF-RS";"DEL10-RS";"UOP02-DEL10-RS"
324827;2020-11-30;"segunda-feira";"14:15:00";"PB";104;117;"LAGOA SECA";"Falta de Atenção à Condução";"Colisão traseira";"Com Vítimas Feridas";"Pleno dia";"Crescente";"Céu Claro";"Simples";"Reta";"Não";2;0;1;0;1;0;1;2;-7,19030697;-35,86736609;"SPRF-PB";"DEL02-PB";"UOP04-DEL02-PB"
324830;2020-11-30;"segunda-feira";"16:20:00";"CE";20;422,3;"MARACANAU";"Não guardar distância de segurança";"Colisão lateral";"Com Vítimas Feridas";"Pleno dia";"Decrescente";"Sol";"Dupla";"Reta;Em Obras";"Sim";2;0;1;1;0;0;2;2;-3,85358807;-38,558119;"SPRF-CE";"DEL01-CE";"UOP02-DEL01-CE"
324833;2020-11-30;"segunda-feira";"13:10:00";"MT";70;278;"PRIMAVERA DO LESTE";"Desobediência às normas de trânsito pelo condutor";"Colisão transversal";"Com Vítimas Feridas";"Pleno dia";"Crescente";"Sol";"Simples";"Interseção de Vias";"Sim";2;0;1;0;1;0;1;2;-15,56634517;-54,30402517;"SPRF-MT";"DEL05-MT";"UOP01-DEL05-MT"
324834;2020-11-30;"segunda-feira";"17:00:00";"ES";101;142,5;"LINHARES";"Falta de Atenção à Condução";"Colisão transversal";"Com Vítimas Feridas";"Pleno dia";"Decrescente";"Céu Claro";"Múltipla";"Reta";"Não";2;0;1;0;1;0;1;2;-19,33458987;-40,06755477;"SPRF-ES";"DEL04-ES";"UOP01-DEL04-ES"
324836;2020-11-30;"segunda-feira";"08:45:00";"RJ";101;508;"ANGRA DOS REIS";"Ultrapassagem Indevida";"Colisão frontal";"Com Vítimas Fatais";"Pleno dia";"Decrescente";"Sol";"Simples";"Reta";"Sim";6;1;1;4;0;0;5;2;-22,94448299;-44,42819595;"SPRF-RJ";"DEL03-RJ";"UOP02-DEL03-RJ"
324837;2020-11-30;"segunda-feira";"17:05:00";"PR";163;36,1;"SANTO ANTONIO DO SUDOESTE";"Falta de Atenção à Condução";"Colisão frontal";"Com Vítimas Feridas";"Pleno dia";"Crescente";"Céu Claro";"Simples";"Reta;Declive";"Sim";2;0;1;0;1;0;1;2;-26,05047442;-53,68406475;"SPRF-PR";"DEL02-PR";"UOP02-DEL02-PR"
324839;2020-11-30;"segunda-feira";"16:30:00";"SC";282;72;"RANCHO QUEIMADO";"Velocidade Incompatível";"Colisão transversal";"Com Vítimas Feridas";"Pleno dia";"Crescente";"Chuva";"Simples";"Curva";"Não";3;0;2;1;0;0;3;2;-27,683439;-49,105259;"SPRF-SC";"DEL01-SC";"UOP03-DEL01-SC"
324841;2020-11-30;"segunda-feira";"17:50:00";"RS";158;335;"SANTA MARIA";"Defeito na Via";"Danos eventuais";"Com Vítimas Feridas";"Pleno dia";"Decrescente";"Céu Claro";"Simples";"Em Obras";"Sim";2;0;1;0;0;1;1;2;-29,70824329;-53,86843897;"SPRF-RS";"DEL09-RS";"UOP01-DEL09-RS"
324842;2020-11-30;"segunda-feira";"17:20:00";"RN";101;98;"NATAL";"Falta de Atenção à Condução";"Colisão traseira";"Sem Vítimas";"Anoitecer";"Crescente";"Céu Claro";"Múltipla";"Reta";"Sim";2;0;0;0;1;1;0;2;-5,86567888;-35,21651625;"SPRF-RN";"DEL01-RN";"UOP01-DEL01-RN"
324843;2020-11-30;"segunda-feira";"17:00:00";"MG";262;416;"PARA DE MINAS";"Desobediência às normas de trânsito pelo condutor";"Colisão traseira";"Com Vítimas Feridas";"Pleno dia";"Crescente";"Céu Claro";"Dupla";"Curva";"Não";4;0;2;0;2;0;2;2;-19,90954709;-44,680489;"SPRF-MG";"DEL08-MG";"UOP03-DEL08-MG"
324846;2020-11-30;"segunda-feira";"17:30:00";"PE";232;181;"BELO JARDIM";"Falta de Atenção à Condução";"Colisão traseira";"Sem Vítimas";"Anoitecer";"Decrescente";"Céu Claro";"Simples";"Interseção de Vias";"Não";2;0;0;0;1;1;0;2;-8,34751945;-36,44312426;"SPRF-PE";"DEL02-PE";"UOP03-DEL02-PE"
324849;2020-11-30;"segunda-feira";"17:45:00";"PA";308;151;"CAPANEMA";"Não guardar distância de segurança";"Colisão traseira";"Com Vítimas Feridas";"Anoitecer";"Decrescente";"Céu Claro";"Simples";"Reta";"Sim";2;0;1;0;1;0;1;2;-1,21064;-47,182743;"SPRF-PA";"DEL01-PA";"UOP03-DEL01-PA"
324850;2020-11-30;"segunda-feira";"18:00:00";"CE";222;2;"CAUCAIA";"Desobediência às normas de trânsito pelo condutor";"Colisão traseira";"Com Vítimas Feridas";"Plena Noite";"Decrescente";"Céu Claro";"Múltipla";"Reta";"Sim";2;0;0;1;1;0;1;2;-3,736507;-38,65337;"SPRF-CE";"DEL01-CE";"UOP01-DEL01-CE"
324851;2020-11-30;"segunda-feira";"17:45:00";"MA";135;7,5;"SAO LUIS";"Desobediência às normas de trânsito pelo pedestre";"Atropelamento de Pedestre";"Com Vítimas Feridas";"Anoitecer";"Decrescente";"Céu Claro";"Dupla";"Reta";"Sim";2;0;1;0;1;0;1;2;-2,63608835;-44,26848552;"SPRF-MA";"DEL01-MA";"UOP01-DEL01-MA"
324852;2020-11-30;"segunda-feira";"18:01:00";"RS";470;179;"VERANOPOLIS";"Falta de Atenção à Condução";"Colisão transversal";"Com Vítimas Feridas";"Pleno dia";"Crescente";"Céu Claro";"Simples";"Reta";"Não";4;0;4;0;0;0;4;2;-28,95614928;-51,56242466;"SPRF-RS";"DEL06-RS";"UOP02-DEL06-RS"
324853;2020-11-30;"segunda-feira";"17:10:00";"SC";470;65,7;"INDAIAL";"Ultrapassagem Indevida";"Colisão transversal";"Com Vítimas Feridas";"Pleno dia";"Crescente";"Nublado";"Simples";"Reta";"Sim";2;0;1;0;1;0;1;2;-26,870411;-49,211864;"SPRF-SC";"DEL04-SC";"UOP01-DEL04-SC"
324854;2020-11-30;"segunda-feira";"18:35:00";"PB";230;85;"CALDAS BRANDAO";"Falta de Atenção à Condução";"Queda de ocupante de veículo";"Com Vítimas Feridas";"Plena Noite";"Crescente";"Céu Claro";"Simples";"Reta";"Não";1;0;0;1;0;0;1;1;-7,1652;-35,3534;"SPRF-PB";"DEL01-PB";"UOP03-DEL01-PB"
324857;2020-11-30;"segunda-feira";"16:48:00";"PA";316;60,5;"CASTANHAL";"Falta de Atenção à Condução";"Atropelamento de Pedestre";"Com Vítimas Feridas";"Pleno dia";"Crescente";"Nublado";"Dupla";"Reta";"Sim";2;0;1;0;1;0;1;2;-1,29772957;-47,95528793;"SPRF-PA";"DEL01-PA";"UOP01-DEL01-PA"
324858;2020-11-30;"segunda-feira";"17:40:00";"RS";101;7;"TORRES";"Falta de Atenção à Condução";"Colisão traseira";"Com Vítimas Feridas";"Pleno dia";"Crescente";"Nublado";"Dupla";"Reta";"Sim";2;0;1;0;1;0;1;2;-29,35327;-49,799891;"SPRF-RS";"DEL03-RS";"UOP02-DEL03-RS"
324859;2020-11-30;"segunda-feira";"19:15:00";"PE";408;96;"SAO LOURENCO DA MATA";"Falta de Atenção do Pedestre";"Atropelamento de Pedestre";"Com Vítimas Feridas";"Plena Noite";"Crescente";"Céu Claro";"Dupla";"Reta";"Sim";2;0;1;0;1;0;1;2;-8,026845;-35,03802007;"SPRF-PE";"DEL01-PE";"UOP01-DEL01-PE"
324860;2020-11-30;"segunda-feira";"19:20:00";"DF";70;8;"BRASILIA";"Ingestão de Álcool";"Colisão traseira";"Sem Vítimas";"Plena Noite";"Decrescente";"Céu Claro";"Dupla";"Reta";"Sim";4;0;0;0;4;0;0;2;-15,784966;-48,122108;"SPRF-DF";"DEL03-DF";"UOP02-DEL03-DF"
324861;2020-11-30;"segunda-feira";"19:30:00";"PR";277;1;"PARANAGUA";"Falta de Atenção à Condução";"Colisão transversal";"Com Vítimas Feridas";"Plena Noite";"Decrescente";"Céu Claro";"Dupla";"Reta";"Sim";2;0;0;1;1;0;1;2;-25,568198;-48,615292;"SPRF-PR";"DEL01-PR";"UOP05-DEL01-PR"
324862;2020-11-30;"segunda-feira";"18:15:00";"SC";101;264,1;"PAULO LOPES";"Falta de Atenção à Condução";"Saída de leito carroçável";"Com Vítimas Feridas";"Plena Noite";"Decrescente";"Chuva";"Dupla";"Curva";"Não";1;0;1;0;0;0;1;1;-28,05149404;-48,71632789;"SPRF-SC";"DEL02-SC";"UOP03-DEL02-SC"
324867;2020-11-30;"segunda-feira";"19:30:00";"PB";230;35;"BAYEUX";"Não guardar distância de segurança";"Colisão lateral";"Com Vítimas Feridas";"Plena Noite";"Decrescente";"Céu Claro";"Dupla";"Reta;Retorno Regulamentado";"Sim";2;0;1;0;1;0;1;2;-7,1268;-34,9412;"SPRF-PB";"DEL01-PB";"UOP01-DEL01-PB"
324870;2020-11-30;"segunda-feira";"18:30:00";"MS";463;1;"DOURADOS";"Falta de Atenção à Condução";"Colisão transversal";"Com Vítimas Feridas";"Plena Noite";"Crescente";"Céu Claro";"Simples";"Reta";"Sim";2;0;1;0;0;1;1;2;-22,259064;-54,8137;"SPRF-MS";"DEL04-MS";"UOP01-DEL04-MS"
324871;2020-11-12;"quinta-feira";"20:40:00";"PB";412;74;"SERRA BRANCA";"Deficiência ou não Acionamento do Sistema de Iluminação/Sinalização do Veículo";"Colisão transversal";"Com Vítimas Fatais";"Plena Noite";"Crescente";"Céu Claro";"Simples";"Interseção de Vias";"Não";2;1;0;0;1;0;0;2;-7,489012;-36,650635;"SPRF-PB";"DEL02-PB";"UOP02-DEL02-PB"
324872;2020-11-30;"segunda-feira";"20:15:00";"RJ";116;100;"GUAPIMIRIM";"Defeito Mecânico no Veículo";"Incêndio";"Com Vítimas Feridas";"Plena Noite";"Crescente";"Céu Claro";"Simples";"Curva";"Não";2;0;1;0;1;0;1;1;-22,48909312;-43,00437599;"SPRF-RJ";"DEL04-RJ";"UOP02-DEL04-RJ"
324873;2020-11-30;"segunda-feira";"18:10:00";"BA";367;23,6;"PORTO SEGURO";"Velocidade Incompatível";"Tombamento";"Com Vítimas Feridas";"Anoitecer";"Decrescente";"Céu Claro";"Simples";"Reta";"Sim";1;0;1;0;0;0;1;1;-16,43712039;-39,07901788;"SPRF-BA";"DEL09-BA";"UOP01-DEL09-BA"
324875;2020-11-30;"segunda-feira";"17:15:00";"PE";232;142;"SAO CAITANO";"Ingestão de Álcool";"Colisão lateral";"Sem Vítimas";"Pleno dia";"Crescente";"Céu Claro";"Dupla";"Reta";"Não";2;0;0;0;2;0;0;2;-8,32242118;-36,09480698;"SPRF-PE";"DEL02-PE";"UOP03-DEL02-PE"
324876;2020-11-30;"segunda-feira";"20:45:00";"BA";407;8;"JUAZEIRO";"Ingestão de Álcool";"Colisão lateral";"Com Vítimas Feridas";"Plena Noite";"Decrescente";"Céu Claro";"Simples";"Reta";"Sim";2;0;2;0;0;0;2;2;-9,46883369;-40,480468;"SPRF-PE";"DEL06-PE";"UOP01-DEL06-PE"
324877;2020-11-30;"segunda-feira";"20:00:00";"RS";480;65,7;"BARAO DE COTEGIPE";"Sinalização da via insuficiente ou inadequada";"Colisão com objeto estático";"Com Vítimas Feridas";"Plena Noite";"Crescente";"Céu Claro";"Dupla";"Curva";"Não";4;0;1;2;0;1;3;3;-27,6311478;-52,36049652;"SPRF-RS";"DEL08-RS";"UOP04-DEL08-RS"
324878;2020-11-30;"segunda-feira";"19:20:00";"MA";10;320;"ACAILANDIA";"Desobediência às normas de trânsito pelo condutor";"Colisão lateral";"Com Vítimas Feridas";"Plena Noite";"Crescente";"Céu Claro";"Simples";"Reta";"Sim";3;0;0;2;0;1;2;2;-4,952405;-47,503384;"SPRF-MA";"DEL04-MA";"UOP03-DEL04-MA"
324879;2020-11-30;"segunda-feira";"20:15:00";"MG";381;326,5;"NOVA ERA";"Falta de Atenção à Condução";"Colisão transversal";"Com Vítimas Feridas";"Plena Noite";"Crescente";"Céu Claro";"Simples";"Interseção de Vias";"Sim";6;0;1;1;4;0;2;3;-19,74764496;-43,02383959;"SPRF-MG";"DEL03-MG";"UOP02-DEL03-MG"
324880;2020-11-30;"segunda-feira";"15:00:00";"RS";290;227,9;"PANTANO GRANDE";"Ingestão de Álcool";"Saída de leito carroçável";"Sem Vítimas";"Pleno dia";"Decrescente";"Nublado";"Simples";"Reta";"Não";1;0;0;0;0;1;0;1;-30,206095;-52,489033;"SPRF-RS";"DEL02-RS";"UOP03-DEL02-RS"