"id";"data_inversa";"dia_semana";"horario";"uf";"br";"km";"municipio";"causa_acidente";"tipo_acidente";"classificacao_acidente";"fase_dia";"sentido_via";"condicao_metereologica";"tipo_pista";"tracado_via";"uso_solo";"pessoas";"mortos";"feridos_leves";"feridos_graves";"ilesos";"ignorados";"feridos";"veiculos";"latitude";"longitude";"regional";"delegacia";"uop"
325385;2020-12-03;"quinta-feira";"19:56:00";"ES";101;62;"COLATINA";"Falta de Atenção do Pedestre";"Atropelamento de Pedestre";"Com Vítimas Feridas";"Plena Noite";"Crescente";"Chuva";"Simples";"Reta";"Sim";2;0;1;1;0;0;2;2;-19,52502418;-40,70612133;"SPRF-ES";"DEL04-ES";"UOP02-DEL04-ES"
325387;2020-12-03;"quinta-feira";"19:35:00";"GO";60;38;"GOIANIA";"Falta de Atenção à Condução";"Colisão traseira";"Com Vítimas Feridas";"Plena Noite";"Decrescente";"Céu Claro";"Dupla";"Reta";"Não";2;0;1;0;1;0;1;2;-16,6777;-49,2676;"SPRF-GO";"DEL01-GO";"UOP02-DEL01-GO"
325388;2020-12-03;"quinta-feira";"18:22:00";"MG";50;191;"UBERABA";"Defeito Mecânico no Veículo";"Incêndio";"Sem Vítimas";"Plena Noite";"Crescente";"Nublado";"Dupla";"Reta";"Não";1;0;0;0;1;0;0;1;-19,8640909;-47,86418486;"SPRF-MG";"DEL13-MG";"UOP01-DEL13-MG"
325389;2020-12-03;"quinta-feira";"19:00:00";"PE";104;66;"CARUARU";"Falta de Atenção à Condução";"Colisão lateral";"Sem Vítimas";"Plena Noite";"Decrescente";"Nublado";"Dupla";"Reta";"Não";2;0;0;0;2;0;0;2;-8,2937;-35,9864;"SPRF-PE";"DEL02-PE";"UOP01-DEL02-PE"
325390;2020-12-03;"quinta-feira";"19:55:00";"MG";40;631,1;"CONSELHEIRO LAFAIETE";"Desobediência às normas de trânsito pelo condutor";"Colisão frontal";"Com Vítimas Feridas";"Plena Noite";"Crescente";"Chuva";"Simples";"Reta";"Sim";2;0;0;1;1;0;1;2;-20,670299;-43,800631;"SPRF-MG";"DEL05-MG";"UOP02-DEL05-MG"
325391;2020-12-03;"quinta-feira";"19:00:00";"MA";10;322;"ACAILANDIA";"Desobediência às normas de trânsito pelo condutor";"Colisão lateral";"Com Vítimas Feridas";"Plena Noite";"Decrescente";"Nublado";"Simples";"Declive";"Sim";6;0;0;1;5;0;1;2;-4,70235372;-47,47467041;"SPRF-MA";"DEL04-MA";"UOP03-DEL04-MA"
325394;2020-12-03;"quinta-feira";"14:00:00";"RJ";116;292,2;"PORTO REAL";"Defeito Mecânico no Veículo";"Incêndio";"Sem Vítimas";"Pleno dia";"Decrescente";"Céu Claro";"Dupla";"Declive";"Não";1;0;0;0;1;0;0;1;-22,46511993;-44,28491095;"SPRF-RJ";"DEL07-RJ";"UOP02-DEL07-RJ"
325395;2020-12-03;"quinta-feira";"20:20:00";"RJ";40;115;"DUQUE DE CAXIAS";"Falta de Atenção à Condução";"Capotamento";"Com Vítimas Feridas";"Plena Noite";"Crescente";"Céu Claro";"Múltipla";"Reta";"Sim";1;0;1;0;0;0;1;1;-22,72756999;-43,2891609;"SPRF-RJ";"DEL01-RJ";"UOP01-DEL01-RJ"
325396;2020-12-03;"quinta-feira";"16:55:00";"BA";20;4,9;"CORRENTINA";"Velocidade Incompatível";"Queda de ocupante de veículo";"Com Vítimas Fatais";"Pleno dia";"Crescente";"Céu Claro";"Simples";"Reta";"Não";3;1;0;1;1;0;1;2;-13,914298;-46,18725;"SPRF-BA";"DEL10-BA";"UOP01-DEL10-BA"
325398;2020-12-03;"quinta-feira";"20:30:00";"RJ";116;167,7;"SAO JOAO DE MERITI";"Falta de Atenção à Condução";"Colisão lateral";"Com Vítimas Feridas";"Plena Noite";"Crescente";"Nublado";"Múltipla";"Reta";"Sim";3;0;2;0;1;0;2;2;-22,79648383;-43,35955024;"SPRF-RJ";"DEL01-RJ";"UOP01-DEL01-RJ"
325400;2020-12-03;"quinta-feira";"20:40:00";"PR";376;622,9;"SAO JOSE DOS PINHAIS";"Falta de Atenção à Condução";"Tombamento";"Com Vítimas Feridas";"Plena Noite";"Crescente";"Nublado";"Dupla";"Reta";"Não";1;0;1;0;0;0;1;1;-25,62623389;-49,16547575;"SPRF-PR";"DEL01-PR";"UOP04-DEL01-PR"
325402;2020-12-03;"quinta-feira";"19:00:00";"DF";20;5;"BRASILIA";"Ingestão de Álcool";"Colisão lateral";"Sem Vítimas";"Anoitecer";"Crescente";"Céu Claro";"Dupla";"Reta";"Sim";2;0;0;0;2;0;0;2;-15,670546;-47,816044;"SPRF-DF";"DEL02-DF";"UOP01-DEL02-DF"
325403;2020-12-03;"quinta-feira";"21:25:00";"DF";60;21;"BRASILIA";"Falta de Atenção à Condução";"Saída de leito carroçável";"Com Vítimas Feridas";"Plena Noite";"Crescente";"Céu Claro";"Dupla";"Reta";"Não";1;0;1;0;0;0;1;1;-15,979909;-48,206978;"SPRF-DF";"DEL03-DF";"UOP01-DEL03-DF"
325404;2020-12-03;"quinta-feira";"21:10:00";"SP";116;213,7;"GUARULHOS";"Velocidade Incompatível";"Colisão com objeto estático";"Com Vítimas Feridas";"Plena Noite";"Crescente";"Nublado";"Dupla";"Reta";"Não";2;0;1;1;0;0;2;2;-23,43971486;-46,43667806;"SPRF-SP";"DEL01-SP";"UOP01-DEL01-SP"
325407;2020-12-03;"quinta-feira";"20:28:00";"GO";60;34,8;"GOIANIA";"Desobediência às normas de trânsito pelo condutor";"Colisão traseira";"Sem Vítimas";"Plena Noite";"Decrescente";"Céu Claro";"Dupla";"Aclive;Reta";"Sim";2;0;0;0;2;0;0;2;-16,6777;-49,2676;"SPRF-GO";"DEL01-GO";"UOP02-DEL01-GO"
325408;2020-12-03;"quinta-feira";"20:45:00";"SC";101;405,9;"MARACAJA";"Defeito Mecânico no Veículo";"Incêndio";"Sem Vítimas";"Plena Noite";"Decrescente";"Garoa/Chuvisco";"Dupla";"Reta";"Não";1;0;0;0;1;0;0;1;-28,88548916;-49,4630158;"SPRF-SC";"DEL02-SC";"UOP02-DEL02-SC"
325409;2020-12-03;"quinta-feira";"18:30:00";"ES";101;25;"PINHEIROS";"Desobediência às normas de trânsito pelo condutor";"Colisão transversal";"Com Vítimas Feridas";"Anoitecer";"Decrescente";"Céu Claro";"Simples";"Reta";"Sim";2;0;0;1;1;0;1;2;-18,36739611;-39,95084729;"SPRF-ES";"DEL04-ES";"UOP02-DEL04-ES"
325410;2020-12-03;"quinta-feira";"21:00:00";"PR";277;713;"SANTA TEREZINHA DE ITAIPU";"Desobediência às normas de trânsito pelo condutor";"Colisão traseira";"Sem Vítimas";"Plena Noite";"Decrescente";"Céu Claro";"Dupla";"Aclive";"Não";2;0;0;0;2;0;0;2;-25,46144154;-54,44010119;"SPRF-PR";"DEL05-PR";"UOP01-DEL05-PR"
325412;2020-12-03;"quinta-feira";"19:15:00";"BA";116;674;"JEQUIE";"Falta de Atenção à Condução";"Atropelamento de Pedestre";"Com Vítimas Fatais";"Plena Noite";"Decrescente";"Céu Claro";"Simples";"Ponte";"Não";4;1;0;1;1;1;1;2;-13,87161222;-40,11709582;"SPRF-BA";"DEL03-BA";"UOP01-DEL03-BA"
325414;2020-12-03;"quinta-feira";"21:20:00";"MG";116;275,3;"TEOFILO OTONI";"Velocidade Incompatível";"Colisão traseira";"Com Vítimas Feridas";"Plena Noite";"Crescente";"Nublado";"Simples";"Reta";"Sim";2;0;1;0;1;0;1;2;-17,84235093;-41,51410418;"SPRF-MG";"DEL11-MG";"UOP01-DEL11-MG"
325419;2020-12-03;"quinta-feira";"19:40:00";"MA";222;646,6;"ACAILANDIA";"Desobediência às normas de trânsito pelo condutor";"Colisão transversal";"Com Vítimas Fatais";"Plena Noite";"Crescente";"Céu Claro";"Simples";"Reta";"Sim";2;1;0;0;1;0;0;2;-4,81099339;-47,24043779;"SPRF-MA";"DEL04-MA";"UOP03-DEL04-MA"
325421;2020-12-03;"quinta-feira";"19:00:00";"MS";163;113,8;"ITAQUIRAI";"Falta de Atenção à Condução";"Saída de leito carroçável";"Com Vítimas Feridas";"Plena Noite";"Crescente";"Garoa/Chuvisco";"Simples";"Reta";"Não";2;0;2;0;0;0;2;1;-23,17022102;-54,19924375;"SPRF-MS";"DEL09-MS";"UOP01-DEL09-MS"
325422;2020-12-03;"quinta-feira";"23:20:00";"SP";116;229,7;"SAO PAULO";"Falta de Atenção à Condução";"Colisão traseira";"Com Vítimas Feridas";"Plena Noite";"Decrescente";"Nublado";"Múltipla";"Reta";"Sim";2;0;0;1;1;0;1;2;-23,51674765;-46,57975581;"SPRF-SP";"DEL01-SP";"UOP01-DEL01-SP"
325424;2020-12-03;"quinta-feira";"20:15:00";"PR";487;112,7;"CRUZEIRO DO OESTE";"Animais na Pista";"Saída de leito carroçável";"Com Vítimas Feridas";"Plena Noite";"Crescente";"Céu Claro";"Dupla";"Reta";"Não";2;0;2;0;0;0;2;1;-23,81729072;-52,99349686;"SPRF-PR";"DEL09-PR";"UOP03-DEL09-PR"
325427;2020-12-03;"quinta-feira";"20:30:00";"MT";70;378;"CAMPO VERDE";"Deficiência ou não Acionamento do Sistema de Iluminação/Sinalização do Veículo";"Colisão traseira";"Com Vítimas Feridas";"Plena Noite";"Crescente";"Nublado";"Simples";"Reta";"Não";3;0;2;0;1;0;2;2;-15,50286015;-55,1046459;"SPRF-MT";"DEL05-MT";"UOP02-DEL05-MT"
325428;2020-12-03;"quinta-feira";"22:15:00";"GO";20;230,5;"POSSE";"Falta de Atenção à Condução";"Saída de leito carroçável";"Com Vítimas Feridas";"Plena Noite";"Decrescente";"Nublado";"Simples";"Reta";"Não";2;0;1;1;0;0;2;1;-14,111095;-46,307556;"SPRF-DF";"DEL02-DF";"UOP03-DEL02-DF"
325429;2020-12-03;"quinta-feira";"23:50:00";"RJ";116;185;"NOVA IGUACU";"Desobediência às normas de trânsito pelo pedestre";"Atropelamento de Pedestre";"Com Vítimas Feridas";"Plena Noite";"Decrescente";"Céu Claro";"Dupla";"Reta";"Não";2;0;0;1;1;0;1;2;-22,74151051;-43,45351823;"SPRF-RJ";"DEL01-RJ";"UOP02-DEL01-RJ"
325430;2020-12-03;"quinta-feira";"23:30:00";"ES";262;4,6;"CARIACICA";"Falta de Atenção à Condução";"Capotamento";"Sem Vítimas";"Pleno dia";"Decrescente";"Céu Claro";"Múltipla";"Reta";"Não";1;0;0;0;0;1;0;1;-20,33609327;-40,37812784;"SPRF-ES";"DEL01-ES";"UOP01-DEL01-ES"
325431;2020-12-04;"sexta-feira";"00:25:00";"SP";116;186,4;"SANTA ISABEL";"Não guardar distância de segurança";"Colisão traseira";"Com Vítimas Feridas";"Plena Noite";"Crescente";"Nublado";"Simples";"Interseção de Vias";"Não";2;0;0;1;1;0;1;2;-23,35235168;-46,20124541;"SPRF-SP";"DEL02-SP";"UOP01-DEL02-SP"
325432;2020-12-04;"sexta-feira";"00:20:00";"SP";116;139,4;"SAO JOSE DOS CAMPOS";"Velocidade Incompatível";"Colisão com objeto estático";"Com Vítimas Feridas";"Plena Noite";"Decrescente";"Garoa/Chuvisco";"Dupla";"Retorno Regulamentado";"Sim";2;0;1;1;0;0;2;1;-23,16153216;-45,80400592;"SPRF-SP";"DEL06-SP";"UOP01-DEL06-SP"
325433;2020-12-03;"quinta-feira";"19:30:00";"PI";407;570;"PAULISTANA";"Desobediência às normas de trânsito pelo condutor";"Colisão frontal";"Com Vítimas Feridas";"Plena Noite";"Decrescente";"Céu Claro";"Simples";"Reta";"Sim";2;0;0;1;1;0;1;2;-8,11123084;-41,15819955;"SPRF-PI";"DEL04-PI";"UOP01-DEL04-PI"
325434;2020-12-03;"quinta-feira";"22:20:00";"BA";101;116;"ALAGOINHAS";"Animais na Pista";"Atropelamento de Animal";"Sem Vítimas";"Plena Noite";"Crescente";"Céu Claro";"Simples";"Reta";"Não";1;0;0;0;1;0;0;1;-12,16830958;-38,45970154;"SPRF-BA";"DEL01-BA";"UOP04-DEL01-BA"
325435;2020-12-03;"quinta-feira";"22:00:00";"RJ";116;265,4;"BARRA MANSA";"Ingestão de Álcool";"Colisão com objeto estático";"Sem Vítimas";"Plena Noite";"Decrescente";"Nublado";"Dupla";"Reta";"Não";1;0;0;0;0;1;0;1;-22,5587753;-44,12538528;"SPRF-RJ";"DEL07-RJ";"UOP02-DEL07-RJ"
325436;2020-12-04;"sexta-feira";"00:20:00";"SC";470;128,6;"LONTRAS";"Ingestão de Álcool";"Saída de leito carroçável";"Sem Vítimas";"Plena Noite";"Crescente";"Céu Claro";"Simples";"Aclive;Curva";"Não";3;0;0;0;1;2;0;2;-27,143742;-49,548897;"SPRF-SC";"DEL04-SC";"UOP02-DEL04-SC"
325437;2020-12-03;"quinta-feira";"20:00:00";"MT";364;524;"ROSARIO OESTE";"Carga excessiva e/ou mal acondicionada";"Colisão com objeto em movimento";"Sem Vítimas";"Plena Noite";"Crescente";"Nublado";"Simples";"Reta";"Não";3;0;0;0;3;0;0;1;-15,05826498;-56,51689234;"SPRF-MT";"DEL01-MT";"UOP01-DEL01-MT"
325438;2020-12-03;"quinta-feira";"22:45:00";"RS";285;567,5;"SAO LUIZ GONZAGA";"Ingestão de Álcool";"Colisão transversal";"Sem Vítimas";"Plena Noite";"Crescente";"Céu Claro";"Simples";"Interseção de Vias";"Sim";3;0;0;0;3;0;0;2;-28,41465397;-54,97496367;"SPRF-RS";"DEL12-RS";"UOP01-DEL12-RS"
325439;2020-12-04;"sexta-feira";"00:45:00";"PI";316;6,6;"TERESINA";"Sinalização da via insuficiente ou inadequada";"Colisão com objeto estático";"Com Vítimas Feridas";"Plena Noite";"Decrescente";"Nublado";"Simples";"Reta";"Sim";1;0;1;0;0;0;1;1;-5,14702095;-42,77438982;"SPRF-PI";"DEL01-PI";"UOP02-DEL01-PI"
325440;2020-12-04;"sexta-feira";"00:45:00";"MG";381;489;"BETIM";"Falta de Atenção à Condução";"Colisão traseira";"Sem Vítimas";"Plena Noite";"Decrescente";"Céu Claro";"Múltipla";"Reta";"Sim";2;0;0;0;1;1;0;2;-19,95673028;-44,13508415;"SPRF-MG";"DEL01-MG";"UOP03-DEL01-MG"
325441;2020-12-04;"sexta-feira";"00:20:00";"MG";365;623;"UBERLANDIA";"Ingestão de Álcool";"Capotamento";"Sem Vítimas";"Plena Noite";"Decrescente";"Céu Claro";"Múltipla";"Reta";"Sim";1;0;0;0;1;0;0;1;-18,90476399;-48,28639269;"SPRF-MG";"DEL15-MG";"UOP01-DEL15-MG"
325445;2020-12-04;"sexta-feira";"03:50:00";"SC";101;213,2;"PALHOCA";"Falta de Atenção do Pedestre";"Atropelamento de Pedestre";"Com Vítimas Feridas";"Amanhecer";"Crescente";"Céu Claro";"Múltipla";"Reta";"Sim";2;0;0;1;0;1;1;2;-27,63697369;-48,66514142;"SPRF-SC";"DEL01-SC";"UOP02-DEL01-SC"
325447;2020-12-04;"sexta-feira";"03:50:00";"MT";163;582;"NOVA MUTUM";"Mal Súbito";"Saída de leito carroçável";"Com Vítimas Feridas";"Plena Noite";"Crescente";"Céu Claro";"Simples";"Reta";"Não";1;0;1;0;0;0;1;1;-14,06590909;-56,10266283;"SPRF-MT";"DEL01-MT";"UOP01-DEL01-MT"
325448;2020-12-04;"sexta-feira";"05:00:00";"PR";163;151,3;"SANTA LUCIA";"Falta de Atenção à Condução";"Colisão com objeto estático";"Com Vítimas Feridas";"Amanhecer";"Decrescente";"Nevoeiro/Neblina";"Simples";"Reta;Em Obras;Declive";"Não";1;0;0;1;0;0;1;1;-25,37809862;-53,57551575;"SPRF-PR";"DEL05-PR";"UOP05-DEL05-PR"
325449;2020-12-04;"sexta-feira";"01:00:00";"RN";226;248;"JUCURUTU";"Ingestão de Álcool";"Colisão com objeto estático";"Com Vítimas Fatais";"Plena Noite";"Crescente";"Céu Claro";"Simples";"Reta";"Não";2;1;0;0;0;1;0;2;-6,02072651;-37,03285217;"SPRF-RN";"DEL03-RN";"UOP01-DEL03-RN"
325450;2020-12-04;"sexta-feira";"06:00:00";"SC";470;69;"INDAIAL";"Falta de Atenção à Condução";"Colisão lateral";"Com Vítimas Feridas";"Pleno dia";"Crescente";"Céu Claro";"Simples";"Reta";"Não";2;0;1;0;1;0;1;2;-26,883745;-49,246704;"SPRF-SC";"DEL04-SC";"UOP01-DEL04-SC"
325453;2020-12-04;"sexta-feira";"06:50:00";"DF";60;4;"BRASILIA";"Falta de Atenção à Condução";"Colisão lateral";"Com Vítimas Feridas";"Pleno dia";"Decrescente";"Céu Claro";"Dupla";"Reta";"Não";5;0;3;0;2;0;3;2;-15,892721;-48,095741;"SPRF-DF";"DEL03-DF";"UOP01-DEL03-DF"
325454;2020-12-04;"sexta-feira";"05:50:00";"PB";230;248,1;"JUAZEIRINHO";"Condutor Dormindo";"Capotamento";"Com Vítimas Feridas";"Amanhecer";"Crescente";"Céu Claro";"Simples";"Declive";"Não";1;0;0;1;0;0;1;1;-7,0686;-36,6346;"SPRF-PB";"DEL02-PB";"UOP02-DEL02-PB"
325456;2020-12-04;"sexta-feira";"07:15:00";"RN";304;31,7;"MOSSORO";"Desobediência às normas de trânsito pelo condutor";"Colisão lateral";"Com Vítimas Feridas";"Pleno dia";"Decrescente";"Céu Claro";"Simples";"Reta";"Sim";2;0;1;0;1;0;1;2;-5,12587296;-37,34293919;"SPRF-RN";"DEL04-RN";"UOP02-DEL04-RN"
325457;2020-12-04;"sexta-feira";"06:30:00";"PB";101;68;"SANTA RITA";"Falta de Atenção à Condução";"Colisão lateral";"Com Vítimas Feridas";"Pleno dia";"Decrescente";"Céu Claro";"Dupla";"Retorno Regulamentado";"Não";3;0;1;0;1;1;1;2;-7,05686225;-35,02780412;"SPRF-PB";"DEL01-PB";"UOP04-DEL01-PB"
325459;2020-12-04;"sexta-feira";"07:45:00";"GO";153;505,9;"APARECIDA DE GOIANIA";"Falta de Atenção à Condução";"Engavetamento";"Com Vítimas Feridas";"Pleno dia";"Decrescente";"Céu Claro";"Dupla";"Reta";"Sim";5;0;1;0;4;0;1;4;-16,7537;-49,2411;"SPRF-GO";"DEL01-GO";"UOP01-DEL01-GO"
325460;2020-12-04;"sexta-feira";"07:50:00";"GO";60;97,1;"ANAPOLIS";"Falta de Atenção à Condução";"Colisão lateral";"Com Vítimas Feridas";"Pleno dia";"Crescente";"Céu Claro";"Dupla";"Reta";"Sim";2;0;1;0;1;0;1;2;-16,3774;-48,9483;"SPRF-GO";"DEL02-GO";"UOP01-DEL02-GO"
325461;2020-12-04;"sexta-feira";"07:45:00";"CE";222;306,6;"TIANGUA";"Desobediência às normas de trânsito pelo pedestre";"Atropelamento de Pedestre";"Com Vítimas Feridas";"Pleno dia";"Decrescente";"Céu Claro";"Simples";"Curva";"Não";1;0;1;0;0;0;1;1;-3,67476286;-40,96798113;"SPRF-CE";"DEL04-CE";"UOP02-DEL04-CE"
325464;2020-12-04;"sexta-feira";"07:00:00";"PB";101;88,2;"JOAO PESSOA";"Não guardar distância de segurança";"Colisão traseira";"Com Vítimas Feridas";"Pleno dia";"Crescente";"Sol";"Dupla";"Interseção de Vias";"Sim";2;0;1;0;1;0;1;2;-7,16813531;-34,89731357;"SPRF-PB";"DEL01-PB";"UOP01-DEL01-PB"
325467;2020-12-04;"sexta-feira";"07:50:00";"MG";50;2,4;"UBERLANDIA";"Avarias e/ou desgaste excessivo no pneu";"Saída de leito carroçável";"Sem Vítimas";"Pleno dia";"Decrescente";"Céu Claro";"Dupla";"Aclive;Reta";"Não";1;0;0;0;1;0;0;1;-18,85496016;-48,2409668;"SPRF-MG";"DEL15-MG";"UOP01-DEL15-MG"
325468;2020-12-04;"sexta-feira";"08:05:00";"PE";423;97;"GARANHUNS";"Não guardar distância de segurança";"Colisão traseira";"Com Vítimas Feridas";"Pleno dia";"Crescente";"Céu Claro";"Simples";"Reta";"Não";2;0;1;0;1;0;1;2;-8,8796227;-36,49484286;"SPRF-PE";"DEL03-PE";"UOP01-DEL03-PE"
325471;2020-12-04;"sexta-feira";"08:25:00";"PR";476;132;"CURITIBA";"Falta de Atenção à Condução";"Colisão traseira";"Com Vítimas Feridas";"Pleno dia";"Decrescente";"Céu Claro";"Múltipla";"Reta";"Sim";2;0;1;0;1;0;1;2;-25,460718;-49,250488;"SPRF-PR";"DEL01-PR";"UOP03-DEL01-PR"
325473;2020-12-04;"sexta-feira";"08:30:00";"CE";116;4;"FORTALEZA";"Não guardar distância de segurança";"Colisão traseira";"Com Vítimas Feridas";"Pleno dia";"Decrescente";"Céu Claro";"Múltipla";"Reta";"Sim";3;0;2;0;1;0;2;2;-3,7867209;-38,5114568;"SPRF-CE";"DEL01-CE";"UOP02-DEL01-CE"
325475;2020-12-04;"sexta-feira";"07:10:00";"RJ";116;190;"QUEIMADOS";"Falta de Atenção à Condução";"Queda de ocupante de veículo";"Com Vítimas Feridas";"Pleno dia";"Decrescente";"Céu Claro";"Dupla";"Reta";"Sim";1;0;1;0;0;0;1;1;-22,74123776;-43,5007311;"SPRF-RJ";"DEL01-RJ";"UOP02-DEL01-RJ"
325479;2020-12-04;"sexta-feira";"08:50:00";"PB";230;403;"POMBAL";"Velocidade Incompatível";"Saída de leito carroçável";"Com Vítimas Feridas";"Pleno dia";"Crescente";"Sol";"Simples";"Reta";"Não";2;0;0;2;0;0;2;1;-6,7942;-37,7839;"SPRF-PB";"DEL03-PB";"UOP02-DEL03-PB"
325481;2020-12-04;"sexta-feira";"09:38:00";"GO";153;569,7;"PROFESSOR JAMIL";"Mal Súbito";"Saída de leito carroçável";"Com Vítimas Feridas";"Pleno dia";"Decrescente";"Céu Claro";"Dupla";"Declive;Reta";"Não";2;0;0;2;0;0;2;1;-17,2943;-49,2347;"SPRF-GO";"DEL03-GO";"UOP01-DEL03-GO"
325482;2020-12-04;"sexta-feira";"09:40:00";"CE";116;3;"FORTALEZA";"Pista Escorregadia";"Queda de ocupante de veículo";"Com Vítimas Feridas";"Pleno dia";"Crescente";"Garoa/Chuvisco";"Múltipla";"Reta";"Sim";1;0;1;0;0;0;1;1;-3,77866493;-38,51490171;"SPRF-CE";"DEL01-CE";"UOP02-DEL01-CE"
325483;2020-12-04;"sexta-feira";"07:00:00";"CE";116;499;"BREJO SANTO";"Falta de Atenção à Condução";"Saída de leito carroçável";"Com Vítimas Feridas";"Pleno dia";"Decrescente";"Céu Claro";"Simples";"Reta";"Não";4;0;0;4;0;0;4;1;-7,43580996;-38,97316442;"SPRF-CE";"DEL05-CE";"UOP03-DEL05-CE"
325485;2020-12-04;"sexta-feira";"09:00:00";"RS";392;351,5;"SANTA MARIA";"Falta de Atenção à Condução";"Atropelamento de Pedestre";"Com Vítimas Feridas";"Pleno dia";"Decrescente";"Céu Claro";"Simples";"Reta";"Sim";2;0;1;0;1;0;1;2;-29,7284269;-53,80323691;"SPRF-RS";"DEL09-RS";"UOP01-DEL09-RS"
325487;2020-12-04;"sexta-feira";"10:00:00";"ES";262;5,9;"CARIACICA";"Falta de Atenção do Pedestre";"Atropelamento de Pedestre";"Com Vítimas Feridas";"Pleno dia";"Decrescente";"Céu Claro";"Múltipla";"Reta";"Sim";2;0;1;0;1;0;1;2;-20,33707281;-40,38649924;"SPRF-ES";"DEL01-ES";"UOP01-DEL01-ES"
325490;2020-12-04;"sexta-feira";"10:30:00";"SC";101;48,9;"JOINVILLE";"Falta de Atenção à Condução";"Saída de leito carroçável";"Com Vítimas Feridas";"Pleno dia";"Decrescente";"Nublado";"Dupla";"Reta;Declive";"Não";4;0;2;0;2;0;2;1;-26,38285636;-48,8508153;"SPRF-SC";"DEL03-SC";"UOP01-DEL03-SC"
325491;2020-12-04;"sexta-feira";"10:00:00";"SC";101;208;"SAO JOSE";"Falta de Atenção à Condução";"Colisão traseira";"Com Vítimas Feridas";"Pleno dia";"Decrescente";"Céu Claro";"Dupla";"Reta";"Sim";2;0;1;0;1;0;1;2;-27,60327979;-48,63201818;"SPRF-SC";"DEL01-SC";"UOP01-DEL01-SC"
325493;2020-12-04;"sexta-feira";"10:30:00";"RS";290;102,8;"PORTO ALEGRE";"Falta de Atenção à Condução";"Colisão transversal";"Com Vítimas Feridas";"Pleno dia";"Decrescente";"Sol";"Dupla";"Reta;Declive;Ponte";"Sim";4;0;1;1;2;0;2;2;-29,987228;-51,25613;"SPRF-RS";"DEL01-RS";"UOP01-DEL01-RS"
325494;2020-12-04;"sexta-feira";"10:45:00";"SP";153;52,9;"SAO JOSE DO RIO PRETO";"Pista Escorregadia";"Tombamento";"Com Vítimas Feridas";"Pleno dia";"Crescente";"Sol";"Simples";"Curva";"Não";1;0;1;0;0;0;1;1;-20,73556591;-49,33841944;"SPRF-SP";"DEL09-SP";"UOP01-DEL09-SP"
325497;2020-12-04;"sexta-feira";"10:40:00";"PR";277;109;"CAMPO LARGO";"Falta de Atenção à Condução";"Colisão traseira";"Com Vítimas Feridas";"Pleno dia";"Decrescente";"Céu Claro";"Dupla";"Curva";"Não";2;0;1;0;1;0;1;2;-25,45492411;-49,36103728;"SPRF-PR";"DEL01-PR";"UOP03-DEL03-PR"
325499;2020-12-04;"sexta-feira";"11:00:00";"RS";285;225,8;"CASEIROS";"Falta de Atenção à Condução";"Colisão traseira";"Com Vítimas Feridas";"Pleno dia";"Crescente";"Sol";"Simples";"Reta";"Não";4;0;4;0;0;0;4;2;-28,249611;-51,744694;"SPRF-RS";"DEL08-RS";"UOP05-DEL08-RS"
325502;2020-12-04;"sexta-feira";"09:40:00";"TO";242;437,9;"FORMOSO DO ARAGUAIA";"Pista Escorregadia";"Saída de leito carroçável";"Com Vítimas Feridas";"Pleno dia";"Crescente";"Chuva";"Simples";"Curva;Declive";"Não";1;0;1;0;0;0;1;1;-11,86608514;-49,40861608;"SPRF-TO";"DEL01-TO";"UOP02-DEL01-TO"
325503;2020-09-30;"quarta-feira";"19:00:00";"BA";101;209;"GOVERNADOR MANGABEIRA";"Falta de Atenção à Condução";"Colisão transversal";"Com Vítimas Feridas";"Plena Noite";"Decrescente";"Ignorado";"Simples";"Reta";"Sim";2;0;0;1;1;0;1;2;-12,60154371;-39,0505833;"SPRF-BA";"DEL01-BA";"UOP02-DEL01-BA"
325506;2020-12-04;"sexta-feira";"12:00:00";"SC";101;202;"SAO JOSE";"Falta de Atenção à Condução";"Queda de ocupante de veículo";"Com Vítimas Feridas";"Pleno dia";"Crescente";"Céu Claro";"Dupla";"Reta";"Sim";2;0;1;0;0;1;1;2;-27,55711595;-48,61897889;"SPRF-SC";"DEL01-SC";"UOP01-DEL01-SC"
325510;2020-12-04;"sexta-feira";"12:15:00";"RS";290;92;"PORTO ALEGRE";"Falta de Atenção à Condução";"Queda de ocupante de veículo";"Com Vítimas Feridas";"Pleno dia";"Crescente";"Céu Claro";"Simples";"Curva";"Sim";1;0;1;0;0;0;1;1;-29,971916;-51,176838;"SPRF-RS";"DEL01-RS";"UOP01-DEL01-RS"
325511;2020-12-04;"sexta-feira";"12:15:00";"SC";101;199;"SAO JOSE";"Falta de Atenção à Condução";"Colisão lateral";"Com Vítimas Feridas";"Pleno dia";"Crescente";"Sol";"Múltipla";"Reta";"Sim";2;0;0;1;1;0;1;2;-27,53413705;-48,63003205;"SPRF-SC";"DEL01-SC";"UOP01-DEL01-SC"
325513;2020-12-04;"sexta-feira";"12:35:00";"SP";116;228;"SAO PAULO";"Falta de Atenção à Condução";"Colisão lateral";"Com Vítimas Feridas";"Pleno dia";"Decrescente";"Sol";"Múltipla";"Reta";"Sim";2;0;1;0;1;0;1;2;-23,50343484;-46,56638712;"SPRF-SP";"DEL01-SP";"UOP01-DEL01-SP"