"id";"data_inversa";"dia_semana";"horario";"uf";"br";"km";"municipio";"causa_acidente";"tipo_acidente";"classificacao_acidente";"fase_dia";"sentido_via";"condicao_metereologica";"tipo_pista";"tracado_via";"uso_solo";"pessoas";"mortos";"feridos_leves";"feridos_graves";"ilesos";"ignorados";"feridos";"veiculos";"latitude";"longitude";"regional";"delegacia";"uop"
325735;2020-12-05;"sábado";"08:30:00";"SC";470;105;"APIUNA";"Velocidade Incompatível";"Saída de leito carroçável";"Com Vítimas Feridas";"Pleno dia";"Crescente";"Garoa/Chuvisco";"Simples";"Curva";"Não";1;0;1;0;0;0;1;1;-27,066006;-49,417019;"SPRF-SC";"DEL04-SC";"UOP02-DEL04-SC"
325736;2020-12-05;"sábado";"09:40:00";"BA";418;34,5;"CARAVELAS";"Falta de Atenção à Condução";"Colisão transversal";"Com Vítimas Fatais";"Pleno dia";"Decrescente";"Céu Claro";"Simples";"Reta";"Não";9;1;5;0;3;0;5;2;-17,6684605;-39,41655291;"SPRF-BA";"DEL09-BA";"UOP02-DEL09-BA"
325737;2020-12-05;"sábado";"09:30:00";"BA";242;833;"BARREIRAS";"Falta de Atenção à Condução";"Queda de ocupante de veículo";"Com Vítimas Fatais";"Pleno dia";"Crescente";"Céu Claro";"Simples";"Reta";"Não";2;1;1;0;0;0;1;1;-12,12608193;-45,13998897;"SPRF-BA";"DEL10-BA";"UOP01-DEL10-BA"
325738;2020-12-04;"sexta-feira";"04:00:00";"MA";135;15;"SAO LUIS";"Sinalização da via insuficiente ou inadequada";"Colisão com objeto estático";"Sem Vítimas";"Plena Noite";"Decrescente";"Céu Claro";"Simples";"Ponte";"Sim";1;0;0;0;1;0;0;1;-2,56424247;-44,36205452;"SPRF-MA";"DEL01-MA";"UOP01-DEL01-MA"
325740;2020-12-05;"sábado";"09:50:00";"MG";262;499,6;"MOEMA";"Desobediência às normas de trânsito pelo condutor";"Saída de leito carroçável";"Com Vítimas Feridas";"Pleno dia";"Crescente";"Céu Claro";"Simples";"Reta";"Não";1;0;1;0;0;0;1;1;-19,78393207;-45,42733;"SPRF-MG";"DEL08-MG";"UOP03-DEL08-MG"
325741;2020-12-05;"sábado";"11:15:00";"GO";153;646,9;"MORRINHOS";"Condutor Dormindo";"Saída de leito carroçável";"Com Vítimas Feridas";"Pleno dia";"Decrescente";"Céu Claro";"Dupla";"Reta";"Não";1;0;1;0;0;0;1;1;-17,932;-49,2444;"SPRF-GO";"DEL03-GO";"UOP01-DEL03-GO"
325742;2020-12-05;"sábado";"10:00:00";"BA";101;200;"GOVERNADOR MANGABEIRA";"Falta de Atenção à Condução";"Colisão traseira";"Com Vítimas Feridas";"Pleno dia";"Decrescente";"Céu Claro";"Simples";"Reta";"Não";2;0;1;0;1;0;1;2;-12,6073836;-39,07198998;"SPRF-BA";"DEL01-BA";"UOP03-DEL01-BA"
325743;2020-12-05;"sábado";"10:15:00";"MG";365;601,4;"UBERLANDIA";"Condutor Dormindo";"Saída de leito carroçável";"Com Vítimas Feridas";"Pleno dia";"Decrescente";"Céu Claro";"Simples";"Reta";"Não";2;0;1;1;0;0;2;1;-18,887948;-48,118439;"SPRF-MG";"DEL15-MG";"UOP01-DEL15-MG"
325745;2020-12-05;"sábado";"11:50:00";"ES";101;306;"VIANA";"Agressão Externa";"Tombamento";"Com Vítimas Feridas";"Pleno dia";"Crescente";"Nublado";"Dupla";"Reta";"Não";1;0;1;0;0;0;1;1;-20,39178539;-40,46264806;"SPRF-ES";"DEL01-ES";"UOP01-DEL01-ES"
325748;2020-12-05;"sábado";"11:44:00";"RJ";116;144;"DUQUE DE CAXIAS";"Defeito Mecânico no Veículo";"Incêndio";"Sem Vítimas";"Pleno dia";"Crescente";"Nublado";"Dupla";"Reta";"Não";1;0;0;0;1;0;0;1;-22,65737709;-43,24724694;"SPRF-RJ";"DEL01-RJ";"UOP01-DEL01-RJ"
325749;2020-12-05;"sábado";"08:00:00";"AP";156;472;"TARTARUGALZINHO";"Avarias e/ou desgaste excessivo no pneu";"Saída de leito carroçável";"Com Vítimas Feridas";"Pleno dia";"Crescente";"Céu Claro";"Simples";"Curva";"Não";5;0;2;0;0;3;2;1;1,53189524;-50,91991425;"SPRF-AP";"DEL01-AP";"UOP01-DEL01-AP"
325750;2020-12-05;"sábado";"11:15:00";"PI";343;312;"ALTOS";"Falta de Atenção à Condução";"Colisão traseira";"Sem Vítimas";"Pleno dia";"Crescente";"Céu Claro";"Dupla";"Reta";"Não";3;0;0;0;3;0;0;3;-5,041864;-42,502338;"SPRF-PI";"DEL01-PI";"UOP01-DEL01-PI"
325753;2020-11-22;"domingo";"11:35:00";"PE";407;61,8;"PETROLINA";"Desobediência às normas de trânsito pelo condutor";"Colisão transversal";"Com Vítimas Feridas";"Pleno dia";"Crescente";"Céu Claro";"Simples";"Reta";"Não";2;0;0;1;1;0;1;2;-8,86114469;-40,7759038;"SPRF-PE";"DEL06-PE";"UOP02-DEL06-PE"
325755;2020-12-05;"sábado";"12:30:00";"PR";277;215;"TEIXEIRA SOARES";"Avarias e/ou desgaste excessivo no pneu";"Colisão com objeto estático";"Com Vítimas Feridas";"Pleno dia";"Crescente";"Chuva";"Simples";"Reta;Declive";"Não";4;0;3;0;1;0;3;1;-25,45868712;-50,33540609;"SPRF-PR";"DEL03-PR";"UOP03-DEL03-PR"
325756;2020-12-05;"sábado";"11:20:00";"RJ";101;514;"ANGRA DOS REIS";"Desobediência às normas de trânsito pelo condutor";"Colisão frontal";"Com Vítimas Feridas";"Pleno dia";"Crescente";"Chuva";"Simples";"Curva";"Não";5;0;3;2;0;0;5;2;-22,97997014;-44,44098498;"SPRF-RJ";"DEL03-RJ";"UOP02-DEL03-RJ"
325757;2020-12-05;"sábado";"11:30:00";"RJ";116;199,5;"SEROPEDICA";"Falta de Atenção à Condução";"Colisão lateral";"Com Vítimas Feridas";"Pleno dia";"Decrescente";"Chuva";"Dupla";"Reta";"Não";3;0;1;0;2;0;1;2;-22,72964045;-43,61297607;"SPRF-RJ";"DEL01-RJ";"UOP03-DEL01-RJ"
325758;2020-12-05;"sábado";"10:30:00";"MG";116;228,1;"TEOFILO OTONI";"Velocidade Incompatível";"Capotamento";"Com Vítimas Feridas";"Pleno dia";"Decrescente";"Nublado";"Simples";"Aclive;Reta";"Não";1;0;1;0;0;0;1;1;-17,469626;-41,49480194;"SPRF-MG";"DEL11-MG";"UOP01-DEL11-MG"
325759;2020-12-05;"sábado";"12:25:00";"GO";40;5,9;"VALPARAISO DE GOIAS";"Não guardar distância de segurança";"Colisão lateral";"Com Vítimas Feridas";"Pleno dia";"Crescente";"Nublado";"Dupla";"Reta";"Sim";4;0;1;0;3;0;1;3;-16,09971128;-47,97808886;"SPRF-DF";"DEL01-DF";"UOP01-DEL01-DF"
325761;2020-12-05;"sábado";"12:20:00";"PE";232;194;"SANHARO";"Ingestão de Álcool";"Colisão transversal";"Sem Vítimas";"Pleno dia";"Crescente";"Sol";"Simples";"Reta";"Sim";3;0;0;0;3;0;0;2;-8,36209062;-36,55441109;"SPRF-PE";"DEL02-PE";"UOP03-DEL02-PE"
325762;2020-12-05;"sábado";"10:10:00";"MG";116;527,6;"CARATINGA";"Desobediência às normas de trânsito pelo condutor";"Colisão transversal";"Com Vítimas Feridas";"Pleno dia";"Crescente";"Nublado";"Dupla";"Interseção de Vias";"Sim";2;0;1;0;0;1;1;2;-19,78510701;-42,13445297;"SPRF-MG";"DEL06-MG";"UOP02-DEL06-MG"
325763;2020-12-05;"sábado";"13:15:00";"MG";381;521,5;"BRUMADINHO";"Velocidade Incompatível";"Saída de leito carroçável";"Com Vítimas Feridas";"Pleno dia";"Decrescente";"Chuva";"Dupla";"Curva";"Não";4;0;1;0;3;0;1;3;-20,13846621;-44,31715274;"SPRF-MG";"DEL04-MG";"UOP03-DEL04-MG"
325764;2020-12-05;"sábado";"13:10:00";"PR";476;156;"ARAUCARIA";"Não guardar distância de segurança";"Colisão traseira";"Com Vítimas Feridas";"Pleno dia";"Crescente";"Chuva";"Dupla";"Reta";"Sim";2;0;1;0;0;1;1;2;-25,599157;-49,417736;"SPRF-PR";"DEL01-PR";"UOP03-DEL01-PR"
325765;2020-12-05;"sábado";"11:30:00";"BA";101;561;"ARATACA";"Pista Escorregadia";"Saída de leito carroçável";"Com Vítimas Feridas";"Pleno dia";"Crescente";"Chuva";"Simples";"Curva";"Não";3;0;3;0;0;0;3;1;-15,36227805;-39,49889917;"SPRF-BA";"DEL05-BA";"UOP02-DEL05-BA"
325767;2020-12-05;"sábado";"13:15:00";"ES";101;239;"FUNDAO";"Falta de Atenção à Condução";"Colisão transversal";"Com Vítimas Feridas";"Pleno dia";"Decrescente";"Nublado";"Simples";"Reta";"Não";2;0;0;1;1;0;1;2;-20,00782494;-40,40790907;"SPRF-ES";"DEL02-ES";"UOP01-DEL02-ES"
325769;2020-11-25;"quarta-feira";"06:45:00";"PE";407;126,3;"PETROLINA";"Desobediência às normas de trânsito pelo condutor";"Colisão lateral";"Com Vítimas Feridas";"Pleno dia";"Decrescente";"Céu Claro";"Dupla";"Interseção de Vias";"Não";2;0;0;1;1;0;1;2;-9,38491309;-40,52809509;"SPRF-PE";"DEL06-PE";"UOP01-DEL06-PE"
325772;2020-12-05;"sábado";"13:15:00";"PE";101;68;"RECIFE";"Falta de Atenção à Condução";"Colisão com objeto estático";"Com Vítimas Feridas";"Pleno dia";"Crescente";"Céu Claro";"Dupla";"Reta";"Sim";2;0;2;0;0;0;2;1;-8,053933;-34,946546;"SPRF-PE";"DEL01-PE";"UOP01-DEL01-PE"
325773;2020-12-05;"sábado";"10:40:00";"RJ";393;255;"BARRA DO PIRAI";"Falta de Atenção à Condução";"Colisão transversal";"Com Vítimas Feridas";"Pleno dia";"Crescente";"Nublado";"Dupla";"Reta";"Não";2;0;1;0;1;0;1;2;-22,45028541;-43,7987758;"SPRF-RJ";"DEL05-RJ";"UOP04-DEL05-RJ"
325774;2020-12-05;"sábado";"06:00:00";"RO";364;718;"PORTO VELHO";"Velocidade Incompatível";"Saída de leito carroçável";"Sem Vítimas";"Amanhecer";"Crescente";"Céu Claro";"Dupla";"Curva";"Não";1;0;0;0;0;1;0;1;-8,798451;-63,911437;"SPRF-RO";"DEL01-RO";"UOP01-DEL01-RO"
325776;2020-12-05;"sábado";"11:00:00";"BA";101;623,2;"MASCOTE";"Velocidade Incompatível";"Capotamento";"Com Vítimas Feridas";"Pleno dia";"Crescente";"Nublado";"Simples";"Curva";"Não";2;0;1;1;0;0;2;1;-15,858785;-39,520394;"SPRF-BA";"DEL05-BA";"UOP02-DEL05-BA"
325777;2020-12-05;"sábado";"12:45:00";"MG";262;383;"MATEUS LEME";"Velocidade Incompatível";"Capotamento";"Com Vítimas Feridas";"Pleno dia";"Crescente";"Chuva";"Dupla";"Curva";"Não";4;0;3;1;0;0;4;1;-19,93049825;-44,40182;"SPRF-MG";"DEL01-MG";"UOP03-DEL01-MG"
325778;2020-12-05;"sábado";"14:05:00";"MG";262;363,8;"JUATUBA";"Velocidade Incompatível";"Colisão traseira";"Com Vítimas Feridas";"Pleno dia";"Crescente";"Nublado";"Dupla";"Reta;Declive";"Não";2;0;1;0;1;0;1;2;-19,98332997;-44,23572401;"SPRF-MG";"DEL01-MG";"UOP03-DEL01-MG"
325779;2020-12-05;"sábado";"14:15:00";"GO";364;248;"JATAI";"Falta de Atenção do Pedestre";"Atropelamento de Pedestre";"Com Vítimas Feridas";"Pleno dia";"Crescente";"Nublado";"Simples";"Reta";"Não";3;0;0;1;1;1;1;2;-17,734665;-52,137199;"SPRF-GO";"DEL05-GO";"UOP01-DEL05-GO"
325780;2020-12-05;"sábado";"14:25:00";"SC";101;41;"JOINVILLE";"Falta de Atenção à Condução";"Colisão com objeto estático";"Com Vítimas Feridas";"Pleno dia";"Crescente";"Chuva";"Dupla";"Aclive";"Sim";2;0;1;0;1;0;1;1;-26,28215489;-48,88973081;"SPRF-SC";"DEL03-SC";"UOP01-DEL03-SC"
325781;2020-12-05;"sábado";"06:58:00";"MA";135;114;"MIRANDA DO NORTE";"Desobediência às normas de trânsito pelo condutor";"Colisão transversal";"Com Vítimas Feridas";"Pleno dia";"Crescente";"Céu Claro";"Simples";"Reta";"Não";4;0;3;0;1;0;3;2;-3,46935179;-44,53251161;"SPRF-MA";"DEL01-MA";"UOP02-DEL01-MA"
325786;2020-12-05;"sábado";"14:00:00";"RN";101;30,2;"RIO DO FOGO";"Falta de Atenção à Condução";"Colisão transversal";"Com Vítimas Feridas";"Pleno dia";"Decrescente";"Céu Claro";"Simples";"Rotatória";"Não";2;0;1;0;1;0;1;2;-5,36915407;-35,37742011;"SPRF-RN";"DEL02-RN";"UOP01-DEL02-RN"
325787;2020-12-05;"sábado";"11:55:00";"SC";282;63,8;"RANCHO QUEIMADO";"Velocidade Incompatível";"Saída de leito carroçável";"Com Vítimas Feridas";"Pleno dia";"Crescente";"Chuva";"Simples";"Declive;Curva";"Não";3;0;3;0;0;0;3;1;-27,69579752;-49,04336572;"SPRF-SC";"DEL01-SC";"UOP03-DEL01-SC"
325788;2020-12-05;"sábado";"13:50:00";"PB";104;141,3;"QUEIMADAS";"Desobediência às normas de trânsito pelo condutor";"Colisão transversal";"Com Vítimas Feridas";"Pleno dia";"Decrescente";"Nublado";"Simples";"Reta";"Sim";3;0;2;0;0;1;2;2;-7,38695208;-35,89595074;"SPRF-PB";"DEL02-PB";"UOP03-DEL02-PB"
325789;2020-12-05;"sábado";"09:50:00";"SC";280;263;"CANOINHAS";"Falta de Atenção à Condução";"Saída de leito carroçável";"Com Vítimas Feridas";"Pleno dia";"Crescente";"Chuva";"Simples";"Reta";"Não";1;0;1;0;0;0;1;1;-26,262463;-50,668205;"SPRF-SC";"DEL06-SC";"UOP04-DEL06-SC"
325790;2020-12-05;"sábado";"14:10:00";"PR";376;650,7;"TIJUCAS DO SUL";"Velocidade Incompatível";"Saída de leito carroçável";"Com Vítimas Feridas";"Pleno dia";"Crescente";"Chuva";"Dupla";"Aclive;Curva";"Não";2;0;2;0;0;0;2;1;-25,84564757;-49,08816197;"SPRF-PR";"DEL01-PR";"UOP04-DEL01-PR"
325791;2020-12-05;"sábado";"12:45:00";"SP";116;362;"MIRACATU";"Pista Escorregadia";"Saída de leito carroçável";"Com Vítimas Feridas";"Pleno dia";"Crescente";"Chuva";"Dupla";"Reta";"Não";4;0;2;0;2;0;2;1;-24,1220177;-47,27047772;"SPRF-SP";"DEL04-SP";"UOP02-DEL04-SP"
325793;2020-12-05;"sábado";"14:30:00";"SC";101;290,2;"IMBITUBA";"Mal Súbito";"Saída de leito carroçável";"Com Vítimas Fatais";"Pleno dia";"Decrescente";"Chuva";"Dupla";"Reta;Declive";"Sim";2;1;0;1;0;0;1;1;-28,28041837;-48,70141089;"SPRF-SC";"DEL02-SC";"UOP03-DEL02-SC"
325794;2020-12-05;"sábado";"13:50:00";"SC";282;47,8;"AGUAS MORNAS";"Pista Escorregadia";"Saída de leito carroçável";"Com Vítimas Feridas";"Pleno dia";"Decrescente";"Chuva";"Simples";"Declive;Curva";"Não";3;0;2;1;0;0;3;1;-27,721771;-48,934837;"SPRF-SC";"DEL01-SC";"UOP03-DEL01-SC"
325796;2020-12-03;"quinta-feira";"19:45:00";"BA";242;775;"BARREIRAS";"Falta de Atenção à Condução";"Tombamento";"Com Vítimas Feridas";"Plena Noite";"Crescente";"Céu Claro";"Simples";"Reta";"Não";1;0;1;0;0;0;1;1;-12,15762707;-44,665503;"SPRF-BA";"DEL10-BA";"UOP01-DEL10-BA"
325798;2020-12-05;"sábado";"14:35:00";"GO";40;0,5;"VALPARAISO DE GOIAS";"Velocidade Incompatível";"Engavetamento";"Com Vítimas Feridas";"Pleno dia";"Crescente";"Céu Claro";"Dupla";"Reta";"Sim";3;0;1;0;2;0;1;3;-16,058273;-47,982655;"SPRF-DF";"DEL01-DF";"UOP01-DEL01-DF"
325800;2020-12-05;"sábado";"15:00:00";"RS";116;264,5;"CANOAS";"Não guardar distância de segurança";"Colisão traseira";"Com Vítimas Feridas";"Pleno dia";"Crescente";"Nublado";"Múltipla";"Reta";"Sim";2;0;1;0;1;0;1;2;-29,91477849;-51,17784619;"SPRF-RS";"DEL01-RS";"UOP01-DEL01-RS"
325801;2020-12-05;"sábado";"15:15:00";"MG";381;940,8;"EXTREMA";"Avarias e/ou desgaste excessivo no pneu";"Saída de leito carroçável";"Com Vítimas Feridas";"Pleno dia";"Crescente";"Chuva";"Dupla";"Curva";"Não";2;0;1;1;0;0;2;1;-22,8263853;-46,31355286;"SPRF-MG";"DEL16-MG";"UOP03-DEL16-MG"
325803;2020-12-05;"sábado";"12:45:00";"MG";365;426;"PATOS DE MINAS";"Desobediência às normas de trânsito pelo condutor";"Colisão frontal";"Com Vítimas Fatais";"Pleno dia";"Decrescente";"Nublado";"Simples";"Curva";"Não";3;2;1;0;0;0;1;2;-18,74513579;-46,63283911;"SPRF-MG";"DEL10-MG";"UOP01-DEL10-MG"
325804;2020-12-05;"sábado";"14:30:00";"MG";365;473;"PATROCINIO";"Ingestão de Álcool";"Colisão traseira";"Com Vítimas Feridas";"Pleno dia";"Decrescente";"Garoa/Chuvisco";"Simples";"Rotatória";"Não";3;0;0;2;1;0;2;2;-18,92467271;-46,99900931;"SPRF-MG";"DEL10-MG";"UOP01-DEL10-MG"
325805;2020-12-05;"sábado";"15:40:00";"PR";116;46,3;"CAMPINA GRANDE DO SUL";"Velocidade Incompatível";"Saída de leito carroçável";"Com Vítimas Feridas";"Pleno dia";"Decrescente";"Chuva";"Dupla";"Curva";"Não";1;0;1;0;0;0;1;1;-25,20185401;-48,8962139;"SPRF-PR";"DEL01-PR";"UOP02-DEL01-PR"
325806;2020-12-05;"sábado";"13:25:00";"SC";470;164,1;"POUSO REDONDO";"Pista Escorregadia";"Saída de leito carroçável";"Com Vítimas Feridas";"Pleno dia";"Crescente";"Chuva";"Simples";"Curva";"Não";4;0;3;0;1;0;3;1;-27,278645;-49,836048;"SPRF-SC";"DEL04-SC";"UOP02-DEL04-SC"
325807;2020-12-05;"sábado";"16:35:00";"PR";116;157,1;"MANDIRITUBA";"Desobediência às normas de trânsito pelo condutor";"Colisão transversal";"Com Vítimas Feridas";"Pleno dia";"Crescente";"Chuva";"Simples";"Interseção de Vias";"Não";4;0;1;1;1;1;2;2;-25,862841;-49,399574;"SPRF-PR";"DEL01-PR";"UOP03-DEL01-PR"
325809;2020-12-05;"sábado";"16:05:00";"ES";262;61;"MARECHAL FLORIANO";"Pista Escorregadia";"Saída de leito carroçável";"Com Vítimas Feridas";"Pleno dia";"Crescente";"Chuva";"Simples";"Curva";"Não";1;0;0;1;0;0;1;1;-20,42818717;-40,79167114;"SPRF-ES";"DEL01-ES";"UOP02-DEL01-ES"
325810;2020-12-05;"sábado";"15:30:00";"PB";101;85,4;"BAYEUX";"Não guardar distância de segurança";"Colisão com objeto estático";"Com Vítimas Feridas";"Pleno dia";"Crescente";"Sol";"Dupla";"Reta";"Não";1;0;0;1;0;0;1;1;-7,14538184;-34,91662887;"SPRF-PB";"DEL01-PB";"UOP01-DEL01-PB"
325811;2020-12-05;"sábado";"14:50:00";"PR";376;602;"CURITIBA";"Falta de Atenção à Condução";"Colisão lateral";"Sem Vítimas";"Pleno dia";"Decrescente";"Chuva";"Dupla";"Curva";"Sim";2;0;0;0;2;0;0;2;-25,54329052;-49,30719981;"SPRF-PR";"DEL01-PR";"UOP01-DEL01-PR"
325812;2020-12-05;"sábado";"15:45:00";"RJ";101;489;"ANGRA DOS REIS";"Falta de Atenção à Condução";"Colisão traseira";"Com Vítimas Feridas";"Pleno dia";"Crescente";"Chuva";"Simples";"Reta";"Sim";3;0;1;0;2;0;1;2;-22,95605138;-44,30404997;"SPRF-RJ";"DEL03-RJ";"UOP03-DEL03-RJ"
325813;2020-12-05;"sábado";"16:09:00";"SP";116;69,8;"APARECIDA";"Falta de Atenção à Condução";"Saída de leito carroçável";"Com Vítimas Feridas";"Pleno dia";"Decrescente";"Chuva";"Dupla";"Curva";"Sim";1;0;1;0;0;0;1;1;-22,84017188;-45,22364349;"SPRF-SP";"DEL08-SP";"UOP01-DEL08-SP"
325815;2020-12-05;"sábado";"16:10:00";"BA";324;623;"SALVADOR";"Falta de Atenção à Condução";"Colisão lateral";"Com Vítimas Feridas";"Pleno dia";"Crescente";"Céu Claro";"Dupla";"Reta";"Sim";4;0;4;0;0;0;4;2;-12,92628699;-38,46838679;"SPRF-BA";"DEL01-BA";"UOP01-DEL01-BA"
325816;2020-12-05;"sábado";"15:55:00";"TO";153;733;"FIGUEIROPOLIS";"Ultrapassagem Indevida";"Colisão frontal";"Com Vítimas Feridas";"Pleno dia";"Crescente";"Sol";"Simples";"Reta";"Não";10;0;5;0;4;1;5;3;-12,23506398;-49,15809246;"SPRF-TO";"DEL01-TO";"UOP02-DEL01-TO"
325818;2020-12-05;"sábado";"11:00:00";"MT";163;843;"SINOP";"Defeito Mecânico no Veículo";"Queda de ocupante de veículo";"Com Vítimas Feridas";"Pleno dia";"Decrescente";"Nublado";"Simples";"Declive;Reta";"Sim";1;0;1;0;0;0;1;1;-11,91612191;-55,50952235;"SPRF-MT";"DEL06-MT";"NPF/DEL06-MT"
325820;2020-12-05;"sábado";"16:00:00";"MG";381;913;"CAMANDUCAIA";"Velocidade Incompatível";"Colisão com objeto estático";"Com Vítimas Feridas";"Pleno dia";"Decrescente";"Chuva";"Dupla";"Curva";"Não";5;0;5;0;0;0;5;1;-22,71248579;-46,12200206;"SPRF-MG";"DEL16-MG";"UOP03-DEL16-MG"
325821;2020-12-05;"sábado";"15:05:00";"SC";153;94;"CONCORDIA";"Pista Escorregadia";"Colisão lateral";"Com Vítimas Feridas";"Pleno dia";"Crescente";"Chuva";"Simples";"Curva";"Não";5;0;4;1;0;0;5;2;-27,200716;-51,940483;"SPRF-SC";"DEL07-SC";"UOP04-DEL07-SC"
325824;2020-12-05;"sábado";"14:30:00";"MG";50;81;"UBERLANDIA";"Falta de Atenção à Condução";"Saída de leito carroçável";"Sem Vítimas";"Pleno dia";"Decrescente";"Sol";"Dupla";"Retorno Regulamentado";"Sim";1;0;0;0;1;0;0;1;-18,986906;-48,211853;"SPRF-MG";"DEL15-MG";"UOP01-DEL15-MG"
325827;2020-12-05;"sábado";"16:40:00";"ES";262;78;"MARECHAL FLORIANO";"Velocidade Incompatível";"Capotamento";"Sem Vítimas";"Pleno dia";"Crescente";"Chuva";"Simples";"Curva";"Não";1;0;0;0;0;1;0;1;-20,41115651;-40,92351223;"SPRF-ES";"DEL01-ES";"UOP02-DEL01-ES"
325830;2020-12-05;"sábado";"14:25:00";"SP";116;545;"BARRA DO TURVO";"Pista Escorregadia";"Saída de leito carroçável";"Com Vítimas Feridas";"Pleno dia";"Crescente";"Chuva";"Dupla";"Curva";"Não";4;0;1;0;3;0;1;1;-24,94746424;-48,43013763;"SPRF-SP";"DEL05-SP";"UOP02-DEL05-SP"
325831;2020-12-05;"sábado";"16:20:00";"MT";70;6,6;"BARRA DO GARCAS";"Falta de Atenção à Condução";"Colisão com objeto estático";"Com Vítimas Feridas";"Pleno dia";"Crescente";"Céu Claro";"Dupla";"Rotatória";"Sim";1;0;0;1;0;0;1;1;-15,878268;-52,306705;"SPRF-MT";"DEL07-MT";"UOP01-DEL07-MT"
325832;2020-12-05;"sábado";"16:30:00";"PR";116;5;"CAMPINA GRANDE DO SUL";"Falta de Atenção à Condução";"Saída de leito carroçável";"Com Vítimas Feridas";"Pleno dia";"Decrescente";"Garoa/Chuvisco";"Dupla";"Reta";"Não";2;0;1;0;1;0;1;1;-25,08301297;-48,59994703;"SPRF-PR";"DEL01-PR";"UOP02-DEL01-PR"
325833;2020-12-05;"sábado";"17:00:00";"RS";116;262;"CANOAS";"Desobediência às normas de trânsito pelo condutor";"Colisão traseira";"Sem Vítimas";"Pleno dia";"Decrescente";"Nublado";"Simples";"Reta";"Sim";2;0;0;0;2;0;0;2;-29,896475;-51,17593;"SPRF-RS";"DEL01-RS";"UOP01-DEL01-RS"
325835;2020-12-05;"sábado";"16:30:00";"SC";470;157,9;"TROMBUDO CENTRAL";"Velocidade Incompatível";"Saída de leito carroçável";"Sem Vítimas";"Pleno dia";"Decrescente";"Garoa/Chuvisco";"Simples";"Curva";"Não";1;0;0;0;1;0;0;1;-27,2851461;-49,7649765;"SPRF-SC";"DEL04-SC";"UOP02-DEL04-SC"
325837;2020-12-05;"sábado";"16:42:00";"RS";392;26,6;"RIO GRANDE";"Desobediência às normas de trânsito pelo condutor";"Colisão transversal";"Com Vítimas Feridas";"Pleno dia";"Crescente";"Sol";"Dupla";"Curva";"Sim";2;0;1;0;1;0;1;2;-32,07835445;-52,25665029;"SPRF-RS";"DEL07-RS";"UOP02-DEL07-RS"
325838;2020-12-05;"sábado";"17:30:00";"RJ";393;106;"SAPUCAIA";"Desobediência às normas de trânsito pelo condutor";"Atropelamento de Pedestre";"Com Vítimas Feridas";"Anoitecer";"Crescente";"Nublado";"Simples";"Reta";"Não";3;0;1;1;1;0;2;2;-21,87764485;-42,67025797;"SPRF-RJ";"DEL05-RJ";"UOP01-DEL05-RJ"
325840;2020-12-05;"sábado";"16:54:00";"MG";50;59,9;"UBERLANDIA";"Pista Escorregadia";"Saída de leito carroçável";"Com Vítimas Feridas";"Pleno dia";"Crescente";"Chuva";"Dupla";"Curva";"Não";2;0;1;0;1;0;1;1;-18,80182592;-48,23899615;"SPRF-MG";"DEL15-MG";"UOP02-DEL15-MG"
325841;2020-12-05;"sábado";"17:30:00";"BA";135;117;"RIACHAO DAS NEVES";"Falta de Atenção à Condução";"Queda de ocupante de veículo";"Com Vítimas Feridas";"Pleno dia";"Crescente";"Céu Claro";"Simples";"Reta";"Não";2;0;1;1;0;0;2;1;-11,69731413;-44,88255578;"SPRF-BA";"DEL10-BA";"UOP01-DEL10-BA"
325842;2020-12-05;"sábado";"15:40:00";"MG";40;516,6;"RIBEIRAO DAS NEVES";"Falta de Atenção à Condução";"Saída de leito carroçável";"Com Vítimas Feridas";"Pleno dia";"Decrescente";"Chuva";"Dupla";"Curva";"Sim";1;0;1;0;0;0;1;1;-19,81628624;-44,08960124;"SPRF-MG";"DEL01-MG";"UOP02-DEL01-MG"
325844;2020-12-05;"sábado";"18:02:00";"PR";277;729;"FOZ DO IGUACU";"Ingestão de Álcool";"Tombamento";"Com Vítimas Feridas";"Anoitecer";"Crescente";"Nublado";"Dupla";"Reta";"Sim";1;0;1;0;0;0;1;1;-25,50749887;-54,58379896;"SPRF-PR";"DEL05-PR";"UOP03-DEL05-PR"
325847;2020-12-05;"sábado";"14:10:00";"SC";282;621;"IRACEMINHA";"Falta de Atenção à Condução";"Capotamento";"Sem Vítimas";"Pleno dia";"Crescente";"Céu Claro";"Simples";"Curva";"Não";1;0;0;0;1;0;0;1;-26,8032;-53,316132;"SPRF-SC";"DEL07-SC";"UOP02-DEL07-SC"
325848;2020-12-05;"sábado";"17:40:00";"GO";153;608;"MORRINHOS";"Desobediência às normas de trânsito pelo condutor";"Queda de ocupante de veículo";"Com Vítimas Feridas";"Pleno dia";"Crescente";"Nublado";"Dupla";"Curva";"Não";1;0;1;0;0;0;1;1;-17,6202;-49,1797;"SPRF-GO";"DEL03-GO";"UOP01-DEL03-GO"
325850;2020-12-05;"sábado";"17:45:00";"RS";290;104;"ELDORADO DO SUL";"Falta de Atenção à Condução";"Colisão lateral";"Com Vítimas Feridas";"Pleno dia";"Decrescente";"Nublado";"Dupla";"Reta";"Não";2;0;1;0;1;0;1;2;-29,993122;-51,275398;"SPRF-RS";"DEL02-RS";"UOP01-DEL02-RS"