"id";"data_inversa";"dia_semana";"horario";"uf";"br";"km";"municipio";"causa_acidente";"tipo_acidente";"classificacao_acidente";"fase_dia";"sentido_via";"condicao_metereologica";"tipo_pista";"tracado_via";"uso_solo";"pessoas";"mortos";"feridos_leves";"feridos_graves";"ilesos";"ignorados";"feridos";"veiculos";"latitude";"longitude";"regional";"delegacia";"uop"
325958;2020-12-05;"sábado";"23:20:00";"MG";381;713,3;"CARMO DA CACHOEIRA";"Objeto estático sobre o leito carroçável";"Saída de leito carroçável";"Sem Vítimas";"Plena Noite";"Crescente";"Chuva";"Dupla";"Curva";"Não";1;0;0;0;1;0;0;1;-21,37280235;-45,19045334;"SPRF-MG";"DEL04-MG";"UOP02-DEL04-MG"
325959;2020-12-06;"domingo";"00:50:00";"PR";369;163;"CAMBE";"Ingestão de Álcool";"Colisão transversal";"Com Vítimas Feridas";"Plena Noite";"Decrescente";"Céu Claro";"Dupla";"Interseção de Vias";"Não";3;0;1;0;2;0;1;2;-23,29559459;-51,2858963;"SPRF-PR";"DEL07-PR";"UOP01-DEL07-PR"
325960;2020-12-06;"domingo";"00:10:00";"GO";153;636;"MORRINHOS";"Ingestão de Álcool";"Saída de leito carroçável";"Sem Vítimas";"Plena Noite";"Decrescente";"Chuva";"Dupla";"Reta";"Não";1;0;0;0;1;0;0;1;-17,8453;-49,2191;"SPRF-GO";"DEL03-GO";"UOP01-DEL03-GO"
325961;2020-12-06;"domingo";"00:00:00";"SP";116;102;"PINDAMONHANGABA";"Velocidade Incompatível";"Colisão com objeto estático";"Com Vítimas Feridas";"Plena Noite";"Crescente";"Chuva";"Dupla";"Declive;Reta";"Não";1;0;1;0;0;0;1;1;-22,99497994;-45,48951403;"SPRF-SP";"DEL06-SP";"UOP01-DEL06-SP"
325962;2020-12-05;"sábado";"23:00:00";"SC";280;227,5;"TRES BARRAS";"Animais na Pista";"Atropelamento de Animal";"Com Vítimas Feridas";"Plena Noite";"Crescente";"Garoa/Chuvisco";"Simples";"Reta";"Não";2;0;0;1;1;0;1;1;-26,18271156;-50,33250707;"SPRF-SC";"DEL06-SC";"UOP04-DEL06-SC"
325963;2020-12-06;"domingo";"01:39:00";"DF";70;9;"BRASILIA";"Falta de Atenção à Condução";"Colisão traseira";"Com Vítimas Feridas";"Plena Noite";"Crescente";"Chuva";"Dupla";"Reta";"Sim";2;0;1;0;1;0;1;2;-15,784615;-48,132023;"SPRF-DF";"DEL03-DF";"UOP02-DEL03-DF"
325965;2020-12-06;"domingo";"02:00:00";"PE";101;135;"ESCADA";"Condutor Dormindo";"Colisão com objeto estático";"Com Vítimas Feridas";"Plena Noite";"Crescente";"Céu Claro";"Dupla";"Reta";"Não";1;0;1;0;0;0;1;1;-8,41147616;-35,29599797;"SPRF-PE";"DEL01-PE";"UOP03-DEL01-PE"
325966;2020-12-06;"domingo";"02:50:00";"PR";277;0,5;"PARANAGUA";"Velocidade Incompatível";"Queda de ocupante de veículo";"Com Vítimas Feridas";"Plena Noite";"Crescente";"Chuva";"Dupla";"Reta";"Sim";2;0;1;1;0;0;2;1;-25,5205;-48,5095;"SPRF-PR";"DEL01-PR";"UOP05-DEL01-PR"
325967;2020-12-05;"sábado";"20:40:00";"PI";230;189,1;"OEIRAS";"Desobediência às normas de trânsito pelo condutor";"Colisão frontal";"Com Vítimas Fatais";"Plena Noite";"Crescente";"Céu Claro";"Simples";"Curva";"Sim";2;1;0;0;1;0;0;2;-6,98161923;-42,06348989;"SPRF-PI";"DEL04-PI";"UOP01-DEL04-PI"
325969;2020-12-06;"domingo";"02:40:00";"MG";40;284;"TRES MARIAS";"Condutor Dormindo";"Queda de ocupante de veículo";"Com Vítimas Feridas";"Plena Noite";"Crescente";"Nublado";"Simples";"Reta";"Não";1;0;1;0;0;0;1;1;-18,24992024;-45,18395297;"SPRF-MG";"DEL14-MG";"UOP02-DEL14-MG"
325970;2020-12-06;"domingo";"03:30:00";"PE";101;3,5;"GOIANA";"Falta de Atenção à Condução";"Tombamento";"Com Vítimas Feridas";"Plena Noite";"Crescente";"Céu Claro";"Múltipla";"Reta";"Não";1;0;1;0;0;0;1;1;-7,52387351;-34,99333161;"SPRF-PE";"DEL01-PE";"UOP02-DEL01-PE"
325971;2020-12-06;"domingo";"02:50:00";"MT";163;860;"SINOP";"Falta de Atenção à Condução";"Queda de ocupante de veículo";"Com Vítimas Fatais";"Plena Noite";"Crescente";"Céu Claro";"Simples";"Reta";"Não";1;1;0;0;0;0;0;1;-11,64149985;-55,43804623;"SPRF-MT";"DEL06-MT";"NPF/DEL06-MT"
325972;2020-12-06;"domingo";"01:50:00";"RJ";40;120;"DUQUE DE CAXIAS";"Velocidade Incompatível";"Saída de leito carroçável";"Com Vítimas Feridas";"Plena Noite";"Decrescente";"Nublado";"Dupla";"Reta";"Sim";1;0;0;1;0;0;1;1;-22,77280597;-43,28626763;"SPRF-RJ";"DEL01-RJ";"UOP01-DEL01-RJ"
325974;2020-12-06;"domingo";"03:30:00";"ES";101;291,3;"CARIACICA";"Condutor Dormindo";"Tombamento";"Com Vítimas Fatais";"Plena Noite";"Decrescente";"Céu Claro";"Dupla";"Reta";"Não";2;1;0;1;0;0;1;1;-20,29755744;-40,39445616;"SPRF-ES";"DEL01-ES";"UOP01-DEL01-ES"
325976;2020-12-06;"domingo";"04:30:00";"SE";235;56;"ITABAIANA";"Falta de Atenção à Condução";"Colisão com objeto estático";"Com Vítimas Fatais";"Amanhecer";"Crescente";"Céu Claro";"Simples";"Reta";"Não";1;1;0;0;0;0;0;1;-10,658644;-37,448425;"SPRF-SE";"DEL01-SE";"UOP02-DEL01-SE"
325977;2020-12-06;"domingo";"05:00:00";"PE";232;128,2;"CARUARU";"Ingestão de Álcool";"Colisão frontal";"Com Vítimas Feridas";"Pleno dia";"Decrescente";"Céu Claro";"Múltipla";"Reta";"Sim";3;0;0;1;2;0;1;2;-8,30399306;-35,97216301;"SPRF-PE";"DEL02-PE";"UOP03-DEL02-PE"
325979;2020-12-06;"domingo";"03:30:00";"RS";470;168;"VILA FLORES";"Ingestão de álcool e/ou substâncias psicoativas pelo pedestre";"Atropelamento de Pedestre";"Com Vítimas Feridas";"Plena Noite";"Crescente";"Nublado";"Dupla";"Reta;Aclive;Retorno Regulamentado";"Sim";4;0;0;1;2;1;1;2;-28,85711814;-51,55698016;"SPRF-RS";"DEL06-RS";"UOP02-DEL06-RS"
325980;2020-12-05;"sábado";"19:45:00";"BA";101;475;"URUCUCA";"Falta de Atenção à Condução";"Saída de leito carroçável";"Com Vítimas Feridas";"Plena Noite";"Crescente";"Céu Claro";"Simples";"Interseção de Vias";"Não";2;0;2;0;0;0;2;1;-14,56577177;-39,33469633;"SPRF-BA";"DEL05-BA";"UOP01-DEL05-BA"
325981;2020-12-06;"domingo";"05:10:00";"GO";40;3,7;"VALPARAISO DE GOIAS";"Não guardar distância de segurança";"Colisão traseira";"Sem Vítimas";"Amanhecer";"Crescente";"Céu Claro";"Dupla";"Reta";"Sim";2;0;0;0;1;1;0;2;-16,076081;-47,985671;"SPRF-DF";"DEL01-DF";"UOP01-DEL01-DF"
325982;2020-12-06;"domingo";"04:00:00";"RJ";40;68;"PETROPOLIS";"Ingestão de álcool e/ou substâncias psicoativas pelo pedestre";"Colisão com objeto estático";"Com Vítimas Fatais";"Plena Noite";"Decrescente";"Nublado";"Dupla";"Reta";"Não";2;1;1;0;0;0;1;1;-22,44047347;-43,18659067;"SPRF-RJ";"DEL06-RJ";"UOP01-DEL06-RJ"
325985;2020-12-06;"domingo";"03:00:00";"MG";153;93;"PRATA";"Falta de Atenção à Condução";"Saída de leito carroçável";"Sem Vítimas";"Plena Noite";"Crescente";"Céu Claro";"Simples";"Declive";"Não";1;0;0;0;1;0;0;1;-19,16917702;-48,95473704;"SPRF-MG";"DEL15-MG";"UOP03-DEL15-MG"
325986;2020-12-05;"sábado";"20:40:00";"PR";369;121;"JATAIZINHO";"Restrição de Visibilidade";"Tombamento";"Com Vítimas Feridas";"Plena Noite";"Crescente";"Nublado";"Simples";"Em Obras";"Não";1;0;1;0;0;0;1;1;-23,28558236;-50,91905594;"SPRF-PR";"DEL07-PR";"UOP01-DEL07-PR"
325988;2020-12-06;"domingo";"03:45:00";"SC";470;200,6;"PONTE ALTA";"Fenômenos da Natureza";"Colisão com objeto estático";"Sem Vítimas";"Plena Noite";"Decrescente";"Chuva";"Simples";"Reta";"Não";2;0;0;0;2;0;0;2;-27,30029039;-50,14130116;"SPRF-SC";"DEL05-SC";"UOP03-DEL05-SC"
325989;2020-12-06;"domingo";"05:00:00";"PR";376;339;"ORTIGUEIRA";"Ingestão de Álcool";"Saída de leito carroçável";"Sem Vítimas";"Amanhecer";"Crescente";"Nevoeiro/Neblina";"Simples";"Curva";"Não";1;0;0;0;1;0;0;1;-23,96778761;-51,11288309;"SPRF-PR";"DEL07-PR";"UOP03-DEL07-PR"
325990;2020-12-06;"domingo";"04:50:00";"SP";116;140,7;"SAO JOSE DOS CAMPOS";"Pista Escorregadia";"Saída de leito carroçável";"Com Vítimas Feridas";"Plena Noite";"Crescente";"Garoa/Chuvisco";"Dupla";"Declive";"Sim";4;0;1;0;2;1;1;4;-23,1675918;-45,81633752;"SPRF-SP";"DEL06-SP";"UOP01-DEL06-SP"
325991;2020-12-06;"domingo";"05:30:00";"SC";470;144,2;"RIO DO SUL";"Velocidade Incompatível";"Capotamento";"Com Vítimas Feridas";"Amanhecer";"Decrescente";"Chuva";"Simples";"Reta";"Não";4;0;0;4;0;0;4;1;-27,235138;-49,677608;"SPRF-SC";"DEL04-SC";"UOP02-DEL04-SC"
325992;2020-12-06;"domingo";"07:00:00";"RJ";116;170;"RIO DE JANEIRO";"Pista Escorregadia";"Colisão com objeto estático";"Com Vítimas Feridas";"Pleno dia";"Decrescente";"Garoa/Chuvisco";"Múltipla";"Reta";"Sim";1;0;1;0;0;0;1;1;-22,81113183;-43,3336729;"SPRF-RJ";"DEL01-RJ";"UOP02-DEL01-RJ"
325993;2020-12-06;"domingo";"07:00:00";"SP";116;228,6;"SAO PAULO";"Ingestão de Álcool";"Saída de leito carroçável";"Sem Vítimas";"Amanhecer";"Crescente";"Nublado";"Múltipla";"Reta";"Sim";1;0;0;0;0;1;0;1;-23,50343484;-46,56638712;"SPRF-SP";"DEL01-SP";"UOP01-DEL01-SP"
325994;2020-12-05;"sábado";"22:45:00";"SP";116;168,5;"JACAREI";"Falta de Atenção do Pedestre";"Atropelamento de Pedestre";"Com Vítimas Feridas";"Plena Noite";"Decrescente";"Nublado";"Dupla";"Declive;Reta";"Não";2;0;1;0;0;1;1;2;-23,30545902;-46,03567599;"SPRF-SP";"DEL02-SP";"UOP01-DEL02-SP"
325995;2020-12-06;"domingo";"06:30:00";"PE";101;72,2;"RECIFE";"Desobediência às normas de trânsito pelo condutor";"Colisão transversal";"Com Vítimas Feridas";"Pleno dia";"Crescente";"Sol";"Dupla";"Interseção de Vias";"Sim";2;0;0;1;1;0;1;2;-8,10146485;-34,94901577;"SPRF-PE";"DEL01-PE";"UOP01-DEL01-PE"
325996;2020-12-05;"sábado";"21:00:00";"RJ";116;313;"ITATIAIA";"Falta de Atenção à Condução";"Saída de leito carroçável";"Sem Vítimas";"Plena Noite";"Decrescente";"Céu Claro";"Múltipla";"Reta";"Não";1;0;0;0;0;1;0;1;-22,45998766;-44,46237202;"SPRF-RJ";"DEL07-RJ";"UOP02-DEL07-RJ"
325997;2020-12-06;"domingo";"07:20:00";"MG";262;440,1;"NOVA SERRANA";"Ingestão de Álcool";"Saída de leito carroçável";"Com Vítimas Feridas";"Pleno dia";"Crescente";"Chuva";"Dupla";"Reta;Aclive";"Não";5;0;4;0;1;0;4;1;-19,875152;-44,951218;"SPRF-MG";"DEL08-MG";"UOP03-DEL08-MG"
325999;2020-12-06;"domingo";"08:00:00";"RS";116;165,2;"CAXIAS DO SUL";"Velocidade Incompatível";"Colisão com objeto estático";"Com Vítimas Feridas";"Pleno dia";"Crescente";"Chuva";"Simples";"Curva;Declive";"Não";1;0;1;0;0;0;1;1;-29,2596449;-51,1574433;"SPRF-RS";"DEL05-RS";"UOP02-DEL05-RS"
326000;2020-12-06;"domingo";"07:25:00";"RJ";116;228;"PIRAI";"Pista Escorregadia";"Capotamento";"Com Vítimas Feridas";"Pleno dia";"Decrescente";"Chuva";"Dupla";"Curva";"Não";4;0;4;0;0;0;4;1;-22,660623;-43,82667;"SPRF-RJ";"DEL07-RJ";"UOP01-DEL07-RJ"
326001;2020-12-06;"domingo";"03:09:00";"SP";116;340;"MIRACATU";"Pista Escorregadia";"Saída de leito carroçável";"Com Vítimas Feridas";"Pleno dia";"Decrescente";"Chuva";"Múltipla";"Declive";"Sim";2;0;1;0;1;0;1;1;-24,00328505;-47,15633198;"SPRF-SP";"DEL04-SP";"UOP02-DEL04-SP"
326002;2020-12-06;"domingo";"05:45:00";"SC";280;92;"CORUPA";"Pista Escorregadia";"Saída de leito carroçável";"Com Vítimas Feridas";"Amanhecer";"Decrescente";"Chuva";"Simples";"Curva";"Não";4;0;4;0;0;0;4;1;-26,39448258;-49,2950379;"SPRF-SC";"DEL06-SC";"UOP03-DEL06-SC"
326003;2020-12-06;"domingo";"03:50:00";"RJ";101;582;"PARATY";"Ingestão de Álcool";"Colisão com objeto estático";"Sem Vítimas";"Plena Noite";"Crescente";"Chuva";"Simples";"Reta";"Não";1;0;0;0;1;0;0;1;-23,25631092;-44,69897659;"SPRF-RJ";"DEL03-RJ";"UOP04-DEL03-RJ"
326004;2020-12-06;"domingo";"07:20:00";"MG";40;809,4;"MATIAS BARBOSA";"Falta de Atenção à Condução";"Colisão com objeto estático";"Com Vítimas Feridas";"Pleno dia";"Decrescente";"Garoa/Chuvisco";"Dupla";"Aclive;Reta";"Não";2;0;2;0;0;0;2;1;-21,87077676;-43,34388381;"SPRF-MG";"DEL05-MG";"UOP01-DEL05-MG"
326005;2020-12-05;"sábado";"22:00:00";"PI";20;396;"PIO IX";"Ingestão de Álcool";"Saída de leito carroçável";"Com Vítimas Fatais";"Plena Noite";"Decrescente";"Céu Claro";"Simples";"Reta";"Não";1;1;0;0;0;0;0;1;-6,59101588;-40,83800614;"SPRF-PI";"DEL04-PI";"UOP01-DEL04-PI"
326006;2020-12-06;"domingo";"06:30:00";"BA";20;169,3;"SAO DESIDERIO";"Falta de Atenção à Condução";"Saída de leito carroçável";"Com Vítimas Feridas";"Pleno dia";"Crescente";"Nublado";"Simples";"Reta";"Não";1;0;1;0;0;0;1;1;-12,54115863;-45,90087891;"SPRF-BA";"DEL10-BA";"UOP01-DEL10-BA"
326007;2020-12-05;"sábado";"21:40:00";"MT";163;597;"NOVA MUTUM";"Falta de Atenção à Condução";"Queda de ocupante de veículo";"Com Vítimas Feridas";"Plena Noite";"Crescente";"Céu Claro";"Dupla";"Reta";"Não";1;0;1;0;0;0;1;1;-13,93434794;-56,09529344;"SPRF-MT";"DEL01-MT";"UOP01-DEL01-MT"
326008;2020-12-05;"sábado";"23:00:00";"MT";163;586;"NOVA MUTUM";"Desobediência às normas de trânsito pelo condutor";"Colisão lateral";"Sem Vítimas";"Plena Noite";"Crescente";"Céu Claro";"Dupla";"Reta";"Não";2;0;0;0;2;0;0;2;-14,031449;-56,09551801;"SPRF-MT";"DEL01-MT";"UOP01-DEL01-MT"
326009;2020-12-06;"domingo";"07:15:00";"MT";163;841;"SINOP";"Velocidade Incompatível";"Colisão transversal";"Com Vítimas Fatais";"Pleno dia";"Crescente";"Céu Claro";"Simples";"Reta";"Sim";2;1;0;0;1;0;0;2;-11,80062821;-55,47941973;"SPRF-MT";"DEL06-MT";"NPF/DEL06-MT"
326011;2020-12-06;"domingo";"08:28:00";"DF";70;5;"BRASILIA";"Ingestão de Álcool";"Colisão transversal";"Com Vítimas Feridas";"Pleno dia";"Decrescente";"Céu Claro";"Dupla";"Reta";"Não";2;0;1;0;1;0;1;2;-15,794656;-48,096779;"SPRF-DF";"DEL03-DF";"UOP02-DEL03-DF"
326013;2020-12-06;"domingo";"08:04:00";"GO";60;4,4;"SANTO ANTONIO DO DESCOBERTO";"Velocidade Incompatível";"Saída de leito carroçável";"Com Vítimas Fatais";"Pleno dia";"Crescente";"Céu Claro";"Dupla";"Curva";"Não";3;1;2;0;0;0;2;3;-16,089252;-48,273784;"SPRF-DF";"DEL03-DF";"UOP01-DEL03-DF"
326014;2020-12-06;"domingo";"08:15:00";"MT";364;215;"RONDONOPOLIS";"Falta de Atenção à Condução";"Saída de leito carroçável";"Com Vítimas Feridas";"Pleno dia";"Decrescente";"Céu Claro";"Dupla";"Reta";"Não";1;0;1;0;0;0;1;1;-16,38370997;-54,71277716;"SPRF-MT";"DEL02-MT";"UOP01-DEL02-MT"
326015;2020-12-06;"domingo";"09:38:00";"CE";222;54,1;"SAO GONCALO DO AMARANTE";"Ingestão de Álcool";"Colisão lateral";"Com Vítimas Feridas";"Pleno dia";"Crescente";"Céu Claro";"Simples";"Reta";"Não";2;0;0;1;1;0;1;2;-3,6691296;-39,02750601;"SPRF-CE";"DEL01-CE";"UOP03-DEL01-CE"
326016;2020-12-06;"domingo";"09:25:00";"MG";381;750;"TRES CORACOES";"Falta de Atenção à Condução";"Saída de leito carroçável";"Com Vítimas Fatais";"Pleno dia";"Crescente";"Céu Claro";"Dupla";"Curva";"Não";1;1;0;0;0;0;0;1;-21,64286914;-45,28847158;"SPRF-MG";"DEL16-MG";"UOP02-DEL16-MG"
326021;2020-12-06;"domingo";"09:45:00";"PR";376;656,8;"TIJUCAS DO SUL";"Velocidade Incompatível";"Saída de leito carroçável";"Com Vítimas Feridas";"Pleno dia";"Crescente";"Chuva";"Simples";"Curva";"Não";4;0;1;0;3;0;1;1;-25,84642894;-49,03607349;"SPRF-PR";"DEL01-PR";"UOP04-DEL01-PR"
326022;2020-12-06;"domingo";"09:50:00";"PR";376;659;"TIJUCAS DO SUL";"Pista Escorregadia";"Queda de ocupante de veículo";"Com Vítimas Feridas";"Pleno dia";"Crescente";"Chuva";"Dupla";"Curva";"Não";1;0;1;0;0;0;1;1;-25,8497383;-49,01288607;"SPRF-PR";"DEL01-PR";"UOP04-DEL01-PR"
326023;2020-12-06;"domingo";"10:10:00";"ES";101;3,2;"ICONHA";"Velocidade Incompatível";"Saída de leito carroçável";"Com Vítimas Feridas";"Pleno dia";"Decrescente";"Sol";"Dupla";"Curva";"Não";4;0;0;4;0;0;4;1;-20,80921937;-40,79954895;"SPRF-ES";"DEL03-ES";"UOP01-DEL03-ES"
326024;2020-12-06;"domingo";"10:40:00";"SC";101;170;"TIJUCAS";"Não guardar distância de segurança";"Colisão traseira";"Sem Vítimas";"Pleno dia";"Decrescente";"Chuva";"Dupla";"Reta";"Não";2;0;0;0;2;0;0;2;-27,29669601;-48,63147594;"SPRF-SC";"DEL04-SC";"UOP03-DEL04-SC"
326025;2020-12-06;"domingo";"10:20:00";"ES";101;265;"SERRA";"Falta de Atenção à Condução";"Queda de ocupante de veículo";"Com Vítimas Feridas";"Pleno dia";"Crescente";"Céu Claro";"Dupla";"Reta";"Sim";2;0;2;0;0;0;2;1;-20,1816849;-40,26536036;"SPRF-ES";"DEL02-ES";"UOP01-DEL02-ES"
326027;2020-12-06;"domingo";"11:05:00";"ES";101;239,7;"FUNDAO";"Desobediência às normas de trânsito pelo pedestre";"Atropelamento de Pedestre";"Com Vítimas Feridas";"Pleno dia";"Decrescente";"Sol";"Simples";"Curva";"Não";2;0;0;1;0;1;1;2;-20,00782494;-40,40790907;"SPRF-ES";"DEL02-ES";"UOP01-DEL02-ES"
326028;2020-12-06;"domingo";"10:50:00";"ES";101;239,5;"FUNDAO";"Falta de Atenção à Condução";"Queda de ocupante de veículo";"Com Vítimas Feridas";"Pleno dia";"Crescente";"Sol";"Simples";"Reta";"Não";1;0;0;1;0;0;1;1;-20,00782494;-40,40790907;"SPRF-ES";"DEL02-ES";"UOP01-DEL02-ES"
326029;2020-12-06;"domingo";"10:35:00";"MG";50;27,7;"ARAGUARI";"Velocidade Incompatível";"Saída de leito carroçável";"Com Vítimas Feridas";"Pleno dia";"Crescente";"Nublado";"Dupla";"Aclive;Curva";"Não";1;0;1;0;0;0;1;1;-18,61946661;-48,09117079;"SPRF-MG";"DEL15-MG";"UOP02-DEL15-MG"
326030;2020-12-06;"domingo";"11:20:00";"MG";381;828,3;"SAO SEBASTIAO DA BELA VISTA";"Falta de Atenção à Condução";"Colisão transversal";"Com Vítimas Feridas";"Pleno dia";"Crescente";"Nublado";"Dupla";"Reta;Retorno Regulamentado";"Não";5;0;4;0;0;1;4;3;-22,12802668;-45,80183626;"SPRF-MG";"DEL16-MG";"UOP01-DEL16-MG"
326035;2020-12-06;"domingo";"11:20:00";"CE";222;121,9;"ITAPAJE";"Ingestão de Álcool";"Colisão traseira";"Com Vítimas Feridas";"Pleno dia";"Crescente";"Céu Claro";"Simples";"Reta";"Não";1;0;1;0;0;0;1;1;-3,70701491;-39,56968688;"SPRF-CE";"DEL04-CE";"UOP03-DEL04-CE"
326036;2020-12-06;"domingo";"06:10:00";"MG";116;61,5;"MEDINA";"Agressão Externa";"Saída de leito carroçável";"Com Vítimas Feridas";"Pleno dia";"Crescente";"Céu Claro";"Simples";"Reta";"Não";3;0;3;0;0;0;3;1;-16,14153089;-41,42765618;"SPRF-MG";"DEL11-MG";"UOP02-DEL11-MG"
326037;2020-12-06;"domingo";"08:30:00";"MG";381;431;"CAETE";"Velocidade Incompatível";"Colisão frontal";"Com Vítimas Feridas";"Pleno dia";"Crescente";"Garoa/Chuvisco";"Simples";"Curva";"Não";7;0;7;0;0;0;7;2;-19,78831547;-43,73175712;"SPRF-MG";"DEL01-MG";"UOP01-DEL01-MG"
326040;2020-12-06;"domingo";"12:20:00";"PR";277;10,2;"PARANAGUA";"Falta de Atenção à Condução";"Saída de leito carroçável";"Com Vítimas Feridas";"Pleno dia";"Decrescente";"Chuva";"Dupla";"Curva";"Não";2;0;1;0;1;0;1;1;-25,56802;-48,616883;"SPRF-PR";"DEL01-PR";"UOP05-DEL01-PR"
326041;2020-12-06;"domingo";"12:10:00";"SC";282;30,4;"AGUAS MORNAS";"Falta de Atenção à Condução";"Capotamento";"Com Vítimas Feridas";"Pleno dia";"Crescente";"Chuva";"Simples";"Reta";"Não";1;0;0;1;0;0;1;1;-27,687376;-48,79071;"SPRF-SC";"DEL01-SC";"UOP03-DEL01-SC"
326042;2020-12-06;"domingo";"12:45:00";"PR";376;595;"CURITIBA";"Velocidade Incompatível";"Saída de leito carroçável";"Com Vítimas Feridas";"Pleno dia";"Decrescente";"Chuva";"Dupla";"Reta";"Não";3;0;2;0;1;0;2;1;-25,49317991;-49,34370776;"SPRF-PR";"DEL01-PR";"UOP01-DEL01-PR"
326043;2020-12-06;"domingo";"12:40:00";"PR";376;1;"APUCARANA";"Não guardar distância de segurança";"Colisão traseira";"Com Vítimas Feridas";"Pleno dia";"Decrescente";"Nublado";"Simples";"Declive";"Não";10;0;1;0;9;0;1;2;-23,5513;-51,461266;"SPRF-PR";"DEL07-PR";"UOP03-DEL07-PR"
326044;2020-12-06;"domingo";"12:30:00";"SP";116;100;"PINDAMONHANGABA";"Não guardar distância de segurança";"Colisão traseira";"Com Vítimas Feridas";"Pleno dia";"Decrescente";"Céu Claro";"Dupla";"Reta";"Sim";2;0;1;0;1;0;1;2;-22,986552;-45,47276;"SPRF-SP";"DEL06-SP";"UOP01-DEL06-SP"
326045;2020-12-06;"domingo";"09:20:00";"MT";364;1165;"CAMPOS DE JULIO";"Ingestão de Álcool";"Colisão traseira";"Com Vítimas Fatais";"Pleno dia";"Decrescente";"Céu Claro";"Simples";"Reta";"Não";3;1;1;0;1;0;1;2;-13,60669094;-59,10027405;"SPRF-MT";"DEL04-MT";"UOP01-DEL04-MT"
326046;2020-12-06;"domingo";"12:20:00";"PR";376;653;"TIJUCAS DO SUL";"Velocidade Incompatível";"Saída de leito carroçável";"Com Vítimas Feridas";"Pleno dia";"Decrescente";"Chuva";"Dupla";"Curva";"Não";6;0;1;1;4;0;2;1;-25,84420191;-49,0604381;"SPRF-PR";"DEL01-PR";"UOP04-DEL01-PR"
326047;2020-12-06;"domingo";"12:50:00";"RJ";101;242;"SILVA JARDIM";"Velocidade Incompatível";"Colisão com objeto estático";"Com Vítimas Feridas";"Pleno dia";"Crescente";"Chuva";"Dupla";"Reta";"Sim";1;0;0;1;0;0;1;1;-22,63576311;-42,45483297;"SPRF-RJ";"DEL02-RJ";"UOP03-DEL02-RJ"
326048;2020-12-06;"domingo";"13:10:00";"SP";116;276;"EMBU DAS ARTES";"Defeito Mecânico no Veículo";"Incêndio";"Sem Vítimas";"Pleno dia";"Decrescente";"Nublado";"Dupla";"Reta";"Sim";1;0;0;0;1;0;0;1;-23,64262417;-46,83811382;"SPRF-SP";"DEL04-SP";"UOP01-DEL04-SP"
326049;2020-12-06;"domingo";"11:40:00";"MG";116;773;"LEOPOLDINA";"Falta de Atenção à Condução";"Colisão transversal";"Com Vítimas Feridas";"Pleno dia";"Crescente";"Céu Claro";"Simples";"Interseção de Vias";"Não";2;0;1;0;1;0;1;2;-21,57227131;-42,67920724;"SPRF-MG";"DEL07-MG";"UOP01-DEL07-MG"
326050;2020-12-06;"domingo";"13:00:00";"CE";20;59,9;"TAUA";"Condutor Dormindo";"Saída de leito carroçável";"Com Vítimas Feridas";"Pleno dia";"Decrescente";"Céu Claro";"Simples";"Aclive;Reta";"Não";1;0;1;0;0;0;1;1;-6,12992495;-40,46153506;"SPRF-CE";"DEL02-CE";"UOP02-DEL02-CE"
326051;2020-12-06;"domingo";"10:10:00";"PR";116;125;"FAZENDA RIO GRANDE";"Avarias e/ou desgaste excessivo no pneu";"Colisão com objeto estático";"Sem Vítimas";"Pleno dia";"Crescente";"Chuva";"Dupla";"Reta";"Sim";1;0;0;0;1;0;0;1;-25,59505309;-49,31630659;"SPRF-PR";"DEL01-PR";"UOP03-DEL01-PR"
326052;2020-12-06;"domingo";"12:30:00";"RN";101;30,2;"RIO DO FOGO";"Falta de Atenção à Condução";"Colisão transversal";"Com Vítimas Feridas";"Pleno dia";"Decrescente";"Sol";"Simples";"Rotatória";"Não";2;0;2;0;0;0;2;2;-5,36915407;-35,37742011;"SPRF-RN";"DEL02-RN";"UOP01-DEL02-RN"
326054;2020-12-06;"domingo";"12:40:00";"PB";101;85,8;"BAYEUX";"Desobediência às normas de trânsito pelo condutor";"Colisão transversal";"Sem Vítimas";"Pleno dia";"Decrescente";"Céu Claro";"Dupla";"Reta";"Sim";2;0;0;0;2;0;0;2;-7,14538184;-34,91662887;"SPRF-PB";"DEL01-PB";"UOP01-DEL01-PB"
326055;2020-12-06;"domingo";"09:40:00";"RN";406;144;"CEARA-MIRIM";"Desobediência às normas de trânsito pelo pedestre";"Capotamento";"Com Vítimas Feridas";"Pleno dia";"Decrescente";"Céu Claro";"Simples";"Reta";"Não";5;0;2;2;0;1;4;1;-5,64709081;-35,48593402;"SPRF-RN";"DEL02-RN";"UOP01-DEL02-RN"
326056;2020-12-06;"domingo";"12:00:00";"BA";101;763,5;"ITABELA";"Falta de Atenção à Condução";"Saída de leito carroçável";"Com Vítimas Feridas";"Pleno dia";"Crescente";"Nublado";"Simples";"Reta";"Não";4;0;2;0;2;0;2;1;-16,695639;-39,473586;"SPRF-BA";"DEL09-BA";"UOP01-DEL09-BA"
326057;2020-12-06;"domingo";"12:40:00";"MG";153;183;"FRUTAL";"Defeito na Via";"Queda de ocupante de veículo";"Com Vítimas Feridas";"Pleno dia";"Crescente";"Céu Claro";"Simples";"Reta";"Não";2;0;2;0;0;0;2;1;-19,88094003;-48,97505084;"SPRF-MG";"DEL13-MG";"UOP02-DEL13-MG"