"id";"data_inversa";"dia_semana";"horario";"uf";"br";"km";"municipio";"causa_acidente";"tipo_acidente";"classificacao_acidente";"fase_dia";"sentido_via";"condicao_metereologica";"tipo_pista";"tracado_via";"uso_solo";"pessoas";"mortos";"feridos_leves";"feridos_graves";"ilesos";"ignorados";"feridos";"veiculos";"latitude";"longitude";"regional";"delegacia";"uop"
326058;2020-12-06;"domingo";"12:19:00";"PR";376;653,5;"TIJUCAS DO SUL";"Pista Escorregadia";"Colisão com objeto estático";"Com Vítimas Feridas";"Pleno dia";"Decrescente";"Chuva";"Dupla";"Curva";"Não";4;0;3;0;1;0;3;1;-25,84420191;-49,0604381;"SPRF-PR";"DEL01-PR";"UOP04-DEL01-PR"
326059;2020-12-06;"domingo";"13:40:00";"MG";381;533,5;"ITATIAIUCU";"Velocidade Incompatível";"Colisão com objeto estático";"Sem Vítimas";"Pleno dia";"Crescente";"Garoa/Chuvisco";"Dupla";"Curva";"Sim";1;0;0;0;1;0;0;1;-20,17405731;-44,37592209;"SPRF-MG";"DEL04-MG";"UOP03-DEL04-MG"
326060;2020-12-06;"domingo";"13:30:00";"SC";282;52,5;"AGUAS MORNAS";"Pista Escorregadia";"Saída de leito carroçável";"Com Vítimas Feridas";"Pleno dia";"Crescente";"Chuva";"Simples";"Curva";"Não";2;0;2;0;0;0;2;1;-27,696936;-48,964138;"SPRF-SC";"DEL01-SC";"UOP03-DEL01-SC"
326061;2020-12-06;"domingo";"12:30:00";"SC";470;120,4;"IBIRAMA";"Falta de Atenção à Condução";"Saída de leito carroçável";"Com Vítimas Feridas";"Pleno dia";"Crescente";"Chuva";"Simples";"Aclive;Reta";"Não";1;0;1;0;0;0;1;1;-27,09366929;-49,52495098;"SPRF-SC";"DEL04-SC";"UOP02-DEL04-SC"
326062;2020-12-06;"domingo";"08:10:00";"AL";104;19,9;"UNIAO DOS PALMARES";"Condutor Dormindo";"Saída de leito carroçável";"Com Vítimas Feridas";"Pleno dia";"Crescente";"Céu Claro";"Simples";"Curva";"Não";4;0;4;0;0;0;4;1;-9,05098097;-36,03735887;"SPRF-AL";"DEL01-AL";"UOP02-DEL01-AL"
326063;2020-12-06;"domingo";"14:15:00";"RJ";101;11;"CAMPOS DOS GOYTACAZES";"Defeito Mecânico no Veículo";"Tombamento";"Com Vítimas Feridas";"Pleno dia";"Crescente";"Céu Claro";"Simples";"Curva";"Não";2;0;2;0;0;0;2;1;-21,30766784;-41,3253282;"SPRF-RJ";"DEL08-RJ";"UOP01-DEL08-RJ"
326064;2020-12-06;"domingo";"14:00:00";"PR";163;175;"LINDOESTE";"Velocidade Incompatível";"Capotamento";"Sem Vítimas";"Pleno dia";"Crescente";"Garoa/Chuvisco";"Dupla";"Curva";"Não";1;0;0;0;1;0;0;1;-25,21734703;-53,59537645;"SPRF-PR";"DEL05-PR";"UOP05-DEL05-PR"
326065;2020-12-06;"domingo";"13:50:00";"RS";470;214,5;"BENTO GONCALVES";"Desobediência às normas de trânsito pelo condutor";"Colisão traseira";"Com Vítimas Feridas";"Pleno dia";"Crescente";"Garoa/Chuvisco";"Simples";"Curva";"Sim";5;0;2;0;3;0;2;2;-29,14408811;-51,53555411;"SPRF-RS";"DEL06-RS";"UOP01-DEL06-RS"
326066;2020-12-06;"domingo";"14:10:00";"RJ";101;295;"ITABORAI";"Falta de Atenção à Condução";"Colisão com objeto estático";"Com Vítimas Feridas";"Pleno dia";"Crescente";"Chuva";"Dupla";"Curva";"Sim";5;0;1;0;4;0;1;2;-22,76365068;-42,90223623;"SPRF-RJ";"DEL02-RJ";"UOP02-DEL02-RJ"
326067;2020-12-06;"domingo";"14:50:00";"MG";40;462;"SETE LAGOAS";"Pista Escorregadia";"Saída de leito carroçável";"Com Vítimas Feridas";"Pleno dia";"Crescente";"Chuva";"Dupla";"Declive";"Não";2;0;1;0;1;0;1;1;-19,4136917;-44,33879427;"SPRF-MG";"DEL02-MG";"UOP01-DEL02-MG"
326068;2020-12-06;"domingo";"09:00:00";"MG";40;490,5;"ESMERALDAS";"Condutor Dormindo";"Saída de leito carroçável";"Sem Vítimas";"Pleno dia";"Decrescente";"Céu Claro";"Dupla";"Curva";"Não";1;0;0;0;1;0;0;1;-19,61998768;-44,20673771;"SPRF-MG";"DEL02-MG";"UOP01-DEL02-MG"
326069;2020-12-06;"domingo";"12:00:00";"RS";285;166;"MUITOS CAPOES";"Defeito Mecânico no Veículo";"Incêndio";"Sem Vítimas";"Pleno dia";"Crescente";"Chuva";"Simples";"Reta";"Não";2;0;0;0;2;0;0;1;-28,329662;-51,283569;"SPRF-RS";"DEL05-RS";"UOP03-DEL05-RS"
326070;2020-11-30;"segunda-feira";"01:25:00";"BA";324;617;"SALVADOR";"Falta de Atenção à Condução";"Queda de ocupante de veículo";"Com Vítimas Feridas";"Plena Noite";"Crescente";"Céu Claro";"Dupla";"Reta";"Não";1;0;0;1;0;0;1;1;-12,8860325;-38,43806469;"SPRF-BA";"DEL01-BA";"UOP01-DEL01-BA"
326071;2020-12-06;"domingo";"14:20:00";"ES";101;304,3;"VIANA";"Condutor Dormindo";"Colisão com objeto estático";"Com Vítimas Feridas";"Pleno dia";"Crescente";"Sol";"Dupla";"Reta";"Sim";3;0;2;0;1;0;2;1;-20,3800645;-40,45431391;"SPRF-ES";"DEL01-ES";"UOP01-DEL01-ES"
326072;2020-12-06;"domingo";"14:00:00";"MG";365;628;"UBERLANDIA";"Fenômenos da Natureza";"Saída de leito carroçável";"Sem Vítimas";"Pleno dia";"Crescente";"Chuva";"Dupla";"Declive";"Não";1;0;0;0;1;0;0;1;-18,90175741;-48,35287106;"SPRF-MG";"DEL15-MG";"UOP01-DEL15-MG"
326077;2020-12-06;"domingo";"11:40:00";"RJ";101;514;"ANGRA DOS REIS";"Velocidade Incompatível";"Colisão com objeto estático";"Com Vítimas Feridas";"Pleno dia";"Decrescente";"Chuva";"Simples";"Curva";"Não";2;0;1;0;1;0;1;1;-22,97997014;-44,44098498;"SPRF-RJ";"DEL03-RJ";"UOP02-DEL03-RJ"
326078;2020-12-06;"domingo";"15:15:00";"RJ";116;135;"MAGE";"Pista Escorregadia";"Capotamento";"Com Vítimas Feridas";"Pleno dia";"Decrescente";"Chuva";"Dupla";"Reta";"Não";1;0;1;0;0;0;1;1;-22,64661085;-43,20120335;"SPRF-RJ";"DEL04-RJ";"UOP02-DEL04-RJ"
326079;2020-12-06;"domingo";"10:00:00";"MG";262;420,9;"IGARATINGA";"Falta de Atenção à Condução";"Saída de leito carroçável";"Com Vítimas Feridas";"Pleno dia";"Decrescente";"Chuva";"Dupla";"Reta";"Não";1;0;1;0;0;0;1;1;-19,88933622;-44,71181914;"SPRF-MG";"DEL08-MG";"UOP03-DEL08-MG"
326080;2020-12-06;"domingo";"15:30:00";"RJ";116;134;"MAGE";"Não guardar distância de segurança";"Colisão traseira";"Com Vítimas Feridas";"Pleno dia";"Crescente";"Chuva";"Dupla";"Reta";"Sim";2;0;1;0;1;0;1;2;-22,65368834;-43,153534;"SPRF-RJ";"DEL04-RJ";"UOP02-DEL04-RJ"
326081;2020-12-06;"domingo";"10:00:00";"MA";230;99;"SAO JOAO DOS PATOS";"Falta de Atenção à Condução";"Saída de leito carroçável";"Com Vítimas Feridas";"Pleno dia";"Crescente";"Garoa/Chuvisco";"Simples";"Curva";"Não";4;0;3;0;0;1;3;1;-6,49501281;-43,7576149;"SPRF-PI";"DEL03-PI";"UOP01-DEL03-PI"
326082;2020-12-06;"domingo";"14:00:00";"PB";405;5;"UIRAUNA";"Falta de Atenção à Condução";"Colisão com objeto estático";"Com Vítimas Feridas";"Pleno dia";"Decrescente";"Céu Claro";"Simples";"Reta";"Não";1;0;0;1;0;0;1;1;-6,494732;-38,394413;"SPRF-PB";"DEL03-PB";"UOP03-DEL03-PB"
326083;2020-12-06;"domingo";"15:20:00";"RJ";40;72;"PETROPOLIS";"Falta de Atenção à Condução";"Saída de leito carroçável";"Com Vítimas Feridas";"Pleno dia";"Decrescente";"Chuva";"Dupla";"Curva";"Não";1;0;1;0;0;0;1;1;-22,4585308;-43,21600514;"SPRF-RJ";"DEL06-RJ";"UOP01-DEL06-RJ"
326084;2020-12-06;"domingo";"14:15:00";"PR";116;14;"CAMPINA GRANDE DO SUL";"Velocidade Incompatível";"Saída de leito carroçável";"Sem Vítimas";"Pleno dia";"Decrescente";"Chuva";"Dupla";"Curva";"Não";1;0;0;0;1;0;0;1;-25,09836429;-48,67391969;"SPRF-PR";"DEL01-PR";"UOP02-DEL01-PR"
326085;2020-12-06;"domingo";"15:40:00";"SC";101;385;"ICARA";"Velocidade Incompatível";"Saída de leito carroçável";"Com Vítimas Feridas";"Pleno dia";"Crescente";"Chuva";"Dupla";"Reta";"Sim";2;0;2;0;0;0;2;1;-28,777197;-49,32187;"SPRF-SC";"DEL02-SC";"UOP02-DEL02-SC"
326086;2020-12-06;"domingo";"15:00:00";"PB";230;407,4;"POMBAL";"Falta de Atenção à Condução";"Saída de leito carroçável";"Com Vítimas Feridas";"Pleno dia";"Crescente";"Céu Claro";"Simples";"Reta";"Sim";1;0;0;1;0;0;1;1;-6,7733;-37,798;"SPRF-PB";"DEL03-PB";"UOP02-DEL03-PB"
326087;2020-12-06;"domingo";"11:40:00";"RJ";101;433;"MANGARATIBA";"Falta de Atenção à Condução";"Colisão lateral";"Com Vítimas Feridas";"Pleno dia";"Crescente";"Chuva";"Simples";"Curva";"Sim";2;0;0;1;1;0;1;2;-22,93842518;-44,03644001;"SPRF-RJ";"DEL03-RJ";"UOP03-DEL03-RJ"
326088;2020-12-06;"domingo";"14:10:00";"GO";50;252;"CATALAO";"Ingestão de Álcool";"Saída de leito carroçável";"Com Vítimas Feridas";"Pleno dia";"Decrescente";"Nublado";"Dupla";"Curva";"Não";1;0;0;1;0;0;1;1;-17,986;-47,7967;"SPRF-GO";"DEL06-GO";"UOP01-DEL06-GO"
326089;2020-12-06;"domingo";"12:15:00";"SC";470;86;"RODEIO";"Velocidade Incompatível";"Colisão com objeto estático";"Com Vítimas Feridas";"Pleno dia";"Crescente";"Garoa/Chuvisco";"Simples";"Curva;Ponte";"Não";1;0;0;1;0;0;1;1;-26,949951;-49,357296;"SPRF-SC";"DEL04-SC";"UOP01-DEL04-SC"
326090;2020-12-06;"domingo";"11:30:00";"SC";280;92;"CORUPA";"Velocidade Incompatível";"Colisão com objeto estático";"Com Vítimas Feridas";"Pleno dia";"Decrescente";"Chuva";"Simples";"Curva";"Não";5;0;5;0;0;0;5;1;-26,39448258;-49,2950379;"SPRF-SC";"DEL06-SC";"UOP03-DEL06-SC"
326091;2020-12-06;"domingo";"16:00:00";"CE";222;92;"UMIRIM";"Desobediência às normas de trânsito pelo condutor";"Colisão frontal";"Com Vítimas Fatais";"Pleno dia";"Decrescente";"Céu Claro";"Simples";"Reta";"Não";2;1;0;0;1;0;0;2;-3,6766884;-39,27707004;"SPRF-CE";"DEL04-CE";"UOP03-DEL04-CE"
326092;2020-12-06;"domingo";"16:00:00";"SC";282;95,7;"ALFREDO WAGNER";"Pista Escorregadia";"Colisão com objeto estático";"Sem Vítimas";"Pleno dia";"Crescente";"Chuva";"Simples";"Reta";"Não";1;0;0;0;0;1;0;1;-27,71188;-49,255035;"SPRF-SC";"DEL01-SC";"UOP03-DEL01-SC"
326093;2020-12-06;"domingo";"14:50:00";"MG";116;517,6;"UBAPORANGA";"Falta de Atenção à Condução";"Colisão transversal";"Com Vítimas Feridas";"Pleno dia";"Decrescente";"Chuva";"Simples";"Reta";"Não";2;0;2;0;0;0;2;2;-19,70492713;-42,11720373;"SPRF-MG";"DEL06-MG";"UOP02-DEL06-MG"
326094;2020-12-06;"domingo";"15:45:00";"BA";324;541;"AMELIA RODRIGUES";"Falta de Atenção do Pedestre";"Atropelamento de Pedestre";"Com Vítimas Feridas";"Pleno dia";"Crescente";"Céu Claro";"Dupla";"Reta";"Não";3;0;0;1;2;0;1;2;-12,39033367;-38,78485688;"SPRF-BA";"DEL01-BA";"UOP03-DEL01-BA"
326095;2020-12-06;"domingo";"11:30:00";"RS";471;594,9;"SANTA VITORIA DO PALMAR";"Condutor Dormindo";"Saída de leito carroçável";"Sem Vítimas";"Pleno dia";"Crescente";"Céu Claro";"Simples";"Reta";"Não";1;0;0;0;0;1;0;1;-33,138515;-52,960262;"SPRF-RS";"DEL07-RS";"UOP04-DEL07-RS"
326097;2020-12-06;"domingo";"15:35:00";"PE";101;50;"ABREU E LIMA";"Falta de Atenção à Condução";"Colisão traseira";"Com Vítimas Feridas";"Pleno dia";"Decrescente";"Sol";"Múltipla";"Reta";"Sim";2;0;1;0;1;0;1;2;-7,90938602;-34,90123228;"SPRF-PE";"DEL01-PE";"UOP02-DEL01-PE"
326098;2020-12-06;"domingo";"15:00:00";"PE";104;35;"CARUARU";"Falta de Atenção à Condução";"Colisão com objeto estático";"Com Vítimas Feridas";"Pleno dia";"Crescente";"Sol";"Dupla";"Reta";"Não";3;0;2;0;1;0;2;1;-8,0567;-36,0485;"SPRF-PE";"DEL02-PE";"UOP01-DEL02-PE"
326099;2020-12-06;"domingo";"16:45:00";"RN";304;294;"MACAIBA";"Falta de Atenção à Condução";"Colisão traseira";"Sem Vítimas";"Pleno dia";"Crescente";"Céu Claro";"Simples";"Reta";"Sim";3;0;0;0;3;0;0;3;-5,86726977;-35,36713102;"SPRF-RN";"DEL01-RN";"UOP02-DEL01-RN"
326100;2020-12-06;"domingo";"15:00:00";"RJ";101;467;"ANGRA DOS REIS";"Pista Escorregadia";"Colisão frontal";"Com Vítimas Feridas";"Pleno dia";"Decrescente";"Chuva";"Simples";"Curva";"Não";9;0;2;0;7;0;2;2;-23,00696998;-44,2149953;"SPRF-RJ";"DEL03-RJ";"UOP03-DEL03-RJ"
326101;2020-12-06;"domingo";"16:50:00";"PR";116;17;"ANTONINA";"Velocidade Incompatível";"Saída de leito carroçável";"Com Vítimas Feridas";"Pleno dia";"Decrescente";"Chuva";"Dupla";"Curva";"Não";2;0;1;0;1;0;1;1;-25,10305915;-48,70103892;"SPRF-PR";"DEL01-PR";"UOP02-DEL01-PR"
326102;2020-12-06;"domingo";"16:45:00";"PR";277;32,5;"MORRETES";"Pista Escorregadia";"Saída de leito carroçável";"Sem Vítimas";"Pleno dia";"Crescente";"Chuva";"Dupla";"Curva";"Não";1;0;0;0;1;0;0;1;-25,547373;-48,790559;"SPRF-PR";"DEL01-PR";"UOP05-DEL01-PR"
326103;2020-12-06;"domingo";"10:20:00";"SC";280;114;"SAO BENTO DO SUL";"Pista Escorregadia";"Saída de leito carroçável";"Com Vítimas Feridas";"Pleno dia";"Decrescente";"Chuva";"Simples";"Curva;Declive";"Sim";4;0;4;0;0;0;4;1;-26,29151133;-49,40301807;"SPRF-SC";"DEL06-SC";"UOP03-DEL06-SC"
326104;2020-12-06;"domingo";"17:15:00";"PE";232;9,5;"RECIFE";"Desobediência às normas de trânsito pelo condutor";"Colisão traseira";"Com Vítimas Feridas";"Anoitecer";"Decrescente";"Sol";"Dupla";"Reta";"Sim";4;0;1;0;3;0;1;3;-8,07764447;-34,97863609;"SPRF-PE";"DEL01-PE";"UOP01-DEL01-PE"
326105;2020-12-06;"domingo";"16:00:00";"RJ";116;201;"SEROPEDICA";"Condutor Dormindo";"Colisão com objeto estático";"Com Vítimas Feridas";"Pleno dia";"Crescente";"Nublado";"Múltipla";"Reta";"Sim";1;0;1;0;0;0;1;1;-22,72307702;-43,67005348;"SPRF-RJ";"DEL01-RJ";"UOP03-DEL01-RJ"
326106;2020-12-06;"domingo";"15:30:00";"MG";40;467,3;"SETE LAGOAS";"Não guardar distância de segurança";"Colisão traseira";"Sem Vítimas";"Pleno dia";"Crescente";"Céu Claro";"Dupla";"Reta";"Não";2;0;0;0;2;0;0;2;-19,45038924;-44,3166822;"SPRF-MG";"DEL02-MG";"UOP01-DEL02-MG"
326107;2020-12-06;"domingo";"16:10:00";"SC";101;251,5;"PAULO LOPES";"Pista Escorregadia";"Saída de leito carroçável";"Com Vítimas Feridas";"Pleno dia";"Decrescente";"Chuva";"Dupla";"Reta";"Não";2;0;1;0;1;0;1;1;-27,9490242;-48,67206568;"SPRF-SC";"DEL02-SC";"UOP03-DEL02-SC"
326109;2020-12-06;"domingo";"16:30:00";"SP";116;488;"CAJATI";"Falta de Atenção à Condução";"Colisão com objeto estático";"Com Vítimas Feridas";"Pleno dia";"Crescente";"Chuva";"Dupla";"Curva";"Sim";2;0;1;0;1;0;1;1;-24,73097634;-48,09815591;"SPRF-SP";"DEL05-SP";"UOP01-DEL05-SP"
326110;2020-12-06;"domingo";"17:40:00";"RJ";101;431;"MANGARATIBA";"Falta de Atenção à Condução";"Colisão lateral";"Sem Vítimas";"Anoitecer";"Decrescente";"Chuva";"Simples";"Curva";"Não";2;0;0;0;2;0;0;2;-22,93294782;-44,02006891;"SPRF-RJ";"DEL03-RJ";"UOP03-DEL03-RJ"
326111;2020-12-06;"domingo";"17:20:00";"SC";282;70,3;"RANCHO QUEIMADO";"Pista Escorregadia";"Colisão lateral";"Com Vítimas Feridas";"Pleno dia";"Decrescente";"Chuva";"Simples";"Curva";"Não";6;0;3;0;3;0;3;3;-27,692705;-49,091351;"SPRF-SC";"DEL01-SC";"UOP03-DEL01-SC"
326112;2020-12-06;"domingo";"17:20:00";"MG";381;908,4;"CAMBUI";"Velocidade Incompatível";"Capotamento";"Com Vítimas Feridas";"Plena Noite";"Crescente";"Chuva";"Dupla";"Curva";"Não";3;0;3;0;0;0;3;1;-22,71744092;-46,12652111;"SPRF-MG";"DEL16-MG";"UOP03-DEL16-MG"
326113;2020-12-06;"domingo";"16:40:00";"PI";316;30;"DEMERVAL LOBAO";"Falta de Atenção à Condução";"Colisão transversal";"Com Vítimas Feridas";"Pleno dia";"Decrescente";"Céu Claro";"Simples";"Reta";"Não";6;0;3;0;3;0;3;2;-5,33309;-42,69755301;"SPRF-PI";"DEL01-PI";"UOP02-DEL01-PI"
326114;2020-12-06;"domingo";"17:25:00";"MG";381;503,7;"BETIM";"Não guardar distância de segurança";"Colisão traseira";"Com Vítimas Feridas";"Pleno dia";"Decrescente";"Nublado";"Dupla";"Curva";"Sim";6;0;2;0;4;0;2;2;-20,03855134;-44,25495493;"SPRF-MG";"DEL01-MG";"UOP03-DEL01-MG"
326115;2020-12-06;"domingo";"16:20:00";"SP";459;31,5;"LORENA";"Falta de Atenção à Condução";"Colisão traseira";"Com Vítimas Feridas";"Pleno dia";"Decrescente";"Chuva";"Simples";"Reta";"Sim";3;0;1;0;2;0;1;2;-22,73779419;-45,09557247;"SPRF-SP";"DEL08-SP";"UOP01-DEL08-SP"
326116;2020-12-06;"domingo";"17:40:00";"BA";116;9,5;"VITORIA DA CONQUISTA";"Ingestão de Álcool";"Colisão transversal";"Com Vítimas Feridas";"Anoitecer";"Decrescente";"Céu Claro";"Simples";"Reta";"Sim";3;0;1;1;1;0;2;2;-14,85792;-40,87754;"SPRF-BA";"DEL08-BA";"UOP01-DEL08-BA"
326117;2020-12-06;"domingo";"15:35:00";"AL";101;204,6;"SAO SEBASTIAO";"Falta de Atenção à Condução";"Colisão traseira";"Com Vítimas Feridas";"Pleno dia";"Decrescente";"Céu Claro";"Dupla";"Declive";"Não";4;0;1;0;2;1;1;3;-9,9814749;-36,56002124;"SPRF-AL";"DEL02-AL";"UOP02-DEL02-AL"
326118;2020-12-06;"domingo";"18:25:00";"RN";101;97;"NATAL";"Desobediência às normas de trânsito pelo condutor";"Colisão traseira";"Sem Vítimas";"Plena Noite";"Crescente";"Céu Claro";"Dupla";"Viaduto";"Sim";3;0;0;0;1;2;0;2;-5,85758898;-35,21271205;"SPRF-RN";"DEL01-RN";"UOP01-DEL01-RN"
326119;2020-12-06;"domingo";"18:00:00";"SC";470;121;"IBIRAMA";"Falta de Atenção à Condução";"Colisão com objeto estático";"Com Vítimas Feridas";"Pleno dia";"Crescente";"Chuva";"Simples";"Aclive;Curva";"Não";2;0;1;0;1;0;1;2;-27,09519751;-49,52962875;"SPRF-SC";"DEL04-SC";"UOP02-DEL04-SC"
326120;2020-12-06;"domingo";"17:50:00";"SP";381;71;"MAIRIPORA";"Falta de Atenção à Condução";"Capotamento";"Com Vítimas Feridas";"Anoitecer";"Decrescente";"Chuva";"Dupla";"Curva";"Não";2;0;2;0;0;0;2;2;-23,35047979;-46,55267274;"SPRF-SP";"DEL03-SP";"UOP01-DEL03-SP"
326121;2020-12-06;"domingo";"17:15:00";"MG";356;267,5;"MURIAE";"Falta de Atenção à Condução";"Colisão transversal";"Com Vítimas Feridas";"Pleno dia";"Decrescente";"Nublado";"Simples";"Interseção de Vias";"Sim";2;0;1;0;0;1;1;2;-21,12546535;-42,35312196;"SPRF-MG";"DEL07-MG";"UOP02-DEL07-MG"
326124;2020-12-06;"domingo";"18:40:00";"ES";101;270;"SERRA";"Desobediência às normas de trânsito pelo condutor";"Colisão traseira";"Com Vítimas Feridas";"Plena Noite";"Decrescente";"Céu Claro";"Múltipla";"Reta";"Sim";2;0;1;0;1;0;1;2;-20,22662056;-40,27075088;"SPRF-ES";"DEL02-ES";"UOP01-DEL02-ES"
326125;2020-12-06;"domingo";"17:30:00";"BA";116;393;"SANTA BARBARA";"Ingestão de Álcool";"Colisão lateral";"Com Vítimas Feridas";"Anoitecer";"Crescente";"Céu Claro";"Simples";"Em Obras";"Não";3;0;1;0;2;0;1;3;-11,96552297;-38,97397182;"SPRF-BA";"DEL02-BA";"UOP01-DEL02-BA"
326126;2020-12-06;"domingo";"18:30:00";"SP";381;33;"ATIBAIA";"Falta de Atenção à Condução";"Queda de ocupante de veículo";"Com Vítimas Feridas";"Anoitecer";"Decrescente";"Chuva";"Dupla";"Reta";"Sim";2;0;1;0;1;0;1;1;-23,0728028;-46,56673562;"SPRF-SP";"DEL03-SP";"UOP01-DEL03-SP"
326127;2020-12-06;"domingo";"16:00:00";"ES";101;31;"CONCEICAO DA BARRA";"Desobediência às normas de trânsito pelo condutor";"Colisão frontal";"Com Vítimas Feridas";"Pleno dia";"Decrescente";"Céu Claro";"Simples";"Declive";"Não";4;0;0;3;0;1;3;3;-18,41695394;-39,93608555;"SPRF-ES";"DEL04-ES";"UOP02-DEL04-ES"
326128;2020-12-06;"domingo";"16:20:00";"MG";267;11;"LEOPOLDINA";"Velocidade Incompatível";"Saída de leito carroçável";"Com Vítimas Feridas";"Pleno dia";"Crescente";"Sol";"Simples";"Reta";"Não";4;0;4;0;0;0;4;1;-21,56999426;-42,70830382;"SPRF-MG";"DEL07-MG";"UOP01-DEL07-MG"
326132;2020-12-06;"domingo";"18:20:00";"AL";101;177;"TEOTONIO VILELA";"Falta de Atenção à Condução";"Colisão lateral";"Com Vítimas Feridas";"Plena Noite";"Crescente";"Céu Claro";"Simples";"Reta";"Sim";2;0;0;1;1;0;1;2;-9,88962;-36,382435;"SPRF-AL";"DEL02-AL";"UOP02-DEL02-AL"
326133;2020-12-06;"domingo";"18:10:00";"PB";104;142,4;"QUEIMADAS";"Sinalização da via insuficiente ou inadequada";"Colisão transversal";"Com Vítimas Feridas";"Plena Noite";"Crescente";"Céu Claro";"Simples";"Curva";"Não";8;0;3;0;4;1;3;2;-7,39577502;-35,89744631;"SPRF-PB";"DEL02-PB";"UOP03-DEL02-PB"
326134;2020-12-06;"domingo";"18:30:00";"BA";101;527;"BUERAREMA";"Ultrapassagem Indevida";"Colisão com objeto estático";"Com Vítimas Fatais";"Plena Noite";"Decrescente";"Céu Claro";"Simples";"Reta";"Não";6;1;3;1;1;0;4;1;-14,974603;-39,326099;"SPRF-BA";"DEL05-BA";"UOP01-DEL05-BA"
326135;2020-12-06;"domingo";"18:45:00";"DF";20;30;"BRASILIA";"Pista Escorregadia";"Tombamento";"Com Vítimas Feridas";"Plena Noite";"Decrescente";"Nublado";"Dupla";"Reta";"Não";2;0;1;0;1;0;1;1;-15,595327;-47,603848;"SPRF-DF";"DEL02-DF";"UOP01-DEL02-DF"
326136;2020-12-06;"domingo";"16:30:00";"MG";381;501;"BETIM";"Velocidade Incompatível";"Colisão traseira";"Sem Vítimas";"Pleno dia";"Decrescente";"Céu Claro";"Dupla";"Reta";"Sim";3;0;0;0;3;0;0;2;-20,03146447;-44,2377893;"SPRF-MG";"DEL01-MG";"UOP03-DEL01-MG"
326138;2020-12-06;"domingo";"18:40:00";"BA";101;719,1;"EUNAPOLIS";"Falta de Atenção à Condução";"Tombamento";"Com Vítimas Feridas";"Plena Noite";"Crescente";"Céu Claro";"Simples";"Declive;Reta";"Sim";1;0;0;1;0;0;1;1;-16,3817442;-39,5839119;"SPRF-BA";"DEL09-BA";"UOP01-DEL09-BA"
326139;2020-12-06;"domingo";"19:45:00";"PR";277;32,5;"MORRETES";"Falta de Atenção à Condução";"Saída de leito carroçável";"Sem Vítimas";"Plena Noite";"Crescente";"Chuva";"Dupla";"Aclive;Curva";"Não";1;0;0;0;1;0;0;1;-25,5611405;-48,8120062;"SPRF-PR";"DEL01-PR";"UOP05-DEL01-PR"
326140;2020-12-06;"domingo";"18:00:00";"RS";116;243;"SAO LEOPOLDO";"Pista Escorregadia";"Atropelamento de Pedestre";"Com Vítimas Feridas";"Pleno dia";"Crescente";"Sol";"Simples";"Curva";"Sim";2;0;1;0;0;1;1;2;-29,73196199;-51,14952004;"SPRF-RS";"DEL01-RS";"UOP02-DEL01-RS"
326142;2020-12-06;"domingo";"16:00:00";"SC";282;398,5;"JOACABA";"Falta de Atenção à Condução";"Colisão traseira";"Com Vítimas Feridas";"Pleno dia";"Crescente";"Garoa/Chuvisco";"Simples";"Reta";"Não";5;0;2;0;2;1;2;3;-27,143419;-51,613823;"SPRF-SC";"DEL07-SC";"UOP05-DEL07-SC"
326145;2020-12-06;"domingo";"18:00:00";"MT";364;214;"RONDONOPOLIS";"Ingestão de Álcool";"Colisão traseira";"Sem Vítimas";"Plena Noite";"Decrescente";"Céu Claro";"Dupla";"Reta";"Não";2;0;0;0;2;0;0;2;-16,39255604;-54,71407876;"SPRF-MT";"DEL02-MT";"UOP01-DEL02-MT"
326146;2020-12-06;"domingo";"18:30:00";"MT";364;201,1;"RONDONOPOLIS";"Ingestão de Álcool";"Tombamento";"Com Vítimas Feridas";"Plena Noite";"Decrescente";"Céu Claro";"Dupla";"Reta";"Sim";1;0;1;0;0;0;1;1;-16,491405;-54,646378;"SPRF-MT";"DEL02-MT";"UOP01-DEL02-MT"
326147;2020-12-06;"domingo";"18:30:00";"MS";163;113;"ITAQUIRAI";"Defeito Mecânico no Veículo";"Colisão com objeto estático";"Com Vítimas Feridas";"Plena Noite";"Crescente";"Nublado";"Múltipla";"Reta";"Não";1;0;1;0;0;0;1;1;-23,17022102;-54,19924375;"SPRF-MS";"DEL09-MS";"UOP01-DEL09-MS"
326148;2020-12-06;"domingo";"18:40:00";"RN";110;94,1;"UPANEMA";"Defeito Mecânico no Veículo";"Colisão traseira";"Com Vítimas Fatais";"Plena Noite";"Decrescente";"Céu Claro";"Simples";"Declive";"Não";3;2;0;0;1;0;0;2;-5,60233279;-37,28876673;"SPRF-RN";"DEL04-RN";"UOP01-DEL04-RN"
326149;2020-12-06;"domingo";"17:10:00";"SC";280;99;"CORUPA";"Pista Escorregadia";"Colisão transversal";"Com Vítimas Feridas";"Pleno dia";"Decrescente";"Chuva";"Simples";"Declive;Curva";"Não";4;0;3;0;1;0;3;2;-26,37531616;-49,32563746;"SPRF-SC";"DEL06-SC";"UOP03-DEL06-SC"
326150;2020-12-06;"domingo";"18:20:00";"MA";316;585,5;"CAXIAS";"Falta de Atenção à Condução";"Colisão traseira";"Com Vítimas Feridas";"Anoitecer";"Crescente";"Céu Claro";"Simples";"Reta";"Sim";2;0;0;1;0;1;1;2;-4,981047;-43,080875;"SPRF-MA";"DEL03-MA";"UOP02-DEL03-MA"