"id";"data_inversa";"dia_semana";"horario";"uf";"br";"km";"municipio";"causa_acidente";"tipo_acidente";"classificacao_acidente";"fase_dia";"sentido_via";"condicao_metereologica";"tipo_pista";"tracado_via";"uso_solo";"pessoas";"mortos";"feridos_leves";"feridos_graves";"ilesos";"ignorados";"feridos";"veiculos";"latitude";"longitude";"regional";"delegacia";"uop"
326390;2020-12-07;"segunda-feira";"16:25:00";"RS";470;212,9;"BENTO GONCALVES";"Falta de Atenção à Condução";"Colisão lateral";"Com Vítimas Feridas";"Pleno dia";"Crescente";"Céu Claro";"Simples";"Curva";"Não";2;0;1;0;1;0;1;2;-29,1311721;-51,54412793;"SPRF-RS";"DEL06-RS";"UOP01-DEL06-RS"
326391;2020-12-07;"segunda-feira";"18:00:00";"MT";163;831;"SINOP";"Falta de Atenção à Condução";"Colisão transversal";"Com Vítimas Feridas";"Plena Noite";"Decrescente";"Céu Claro";"Simples";"Reta";"Sim";3;0;1;1;1;0;2;2;-11,89538319;-55,50415277;"SPRF-MT";"DEL06-MT";"UOP01-DEL06-MT"
326392;2020-12-07;"segunda-feira";"16:50:00";"BA";116;828,2;"VITORIA DA CONQUISTA";"Pista Escorregadia";"Tombamento";"Com Vítimas Feridas";"Pleno dia";"Crescente";"Céu Claro";"Simples";"Reta";"Sim";2;0;1;0;1;0;1;2;-14,89569756;-40,86541068;"SPRF-BA";"DEL08-BA";"UOP01-DEL08-BA"
326393;2020-12-07;"segunda-feira";"16:00:00";"BA";116;828;"VITORIA DA CONQUISTA";"Pista Escorregadia";"Tombamento";"Com Vítimas Feridas";"Pleno dia";"Crescente";"Céu Claro";"Simples";"Viaduto";"Sim";2;0;1;0;1;0;1;2;-14,89334491;-40,86386941;"SPRF-BA";"DEL08-BA";"UOP01-DEL08-BA"
326395;2020-12-07;"segunda-feira";"16:40:00";"SC";480;129,6;"CHAPECO";"Mal Súbito";"Tombamento";"Com Vítimas Feridas";"Pleno dia";"Crescente";"Céu Claro";"Dupla";"Aclive";"Sim";1;0;1;0;0;0;1;1;-27,04656607;-52,63577131;"SPRF-SC";"DEL07-SC";"UOP01-DEL07-SC"
326396;2020-12-07;"segunda-feira";"18:00:00";"RJ";116;279;"BARRA MANSA";"Pista Escorregadia";"Colisão com objeto estático";"Com Vítimas Feridas";"Plena Noite";"Decrescente";"Chuva";"Dupla";"Curva";"Não";1;0;1;0;0;0;1;1;-22,54744306;-44,1836602;"SPRF-RJ";"DEL07-RJ";"UOP02-DEL07-RJ"
326397;2020-12-07;"segunda-feira";"19:00:00";"MG";116;528,1;"CARATINGA";"Falta de Atenção à Condução";"Colisão traseira";"Com Vítimas Feridas";"Pleno dia";"Decrescente";"Céu Claro";"Dupla";"Declive";"Sim";3;0;1;0;1;1;1;3;-19,794033;-42,13731414;"SPRF-MG";"DEL06-MG";"UOP02-DEL06-MG"
326398;2020-12-07;"segunda-feira";"18:40:00";"PE";116;39,5;"SALGUEIRO";"Desobediência às normas de trânsito pelo condutor";"Saída de leito carroçável";"Com Vítimas Feridas";"Plena Noite";"Decrescente";"Céu Claro";"Simples";"Reta";"Não";1;0;1;0;0;0;1;1;-8,179874;-39,102428;"SPRF-PE";"DEL05-PE";"UOP01-DEL05-PE"
326399;2020-12-07;"segunda-feira";"20:30:00";"PR";487;121,6;"TUNEIRAS DO OESTE";"Objeto estático sobre o leito carroçável";"Saída de leito carroçável";"Com Vítimas Feridas";"Plena Noite";"Crescente";"Nublado";"Simples";"Reta";"Não";3;0;2;0;1;0;2;1;-23,85338935;-52,91422613;"SPRF-PR";"DEL09-PR";"UOP03-DEL09-PR"
326400;2020-12-07;"segunda-feira";"18:15:00";"BA";242;401;"SEABRA";"Velocidade Incompatível";"Saída de leito carroçável";"Com Vítimas Feridas";"Plena Noite";"Crescente";"Nublado";"Simples";"Curva";"Não";2;0;1;0;1;0;1;1;-12,46910759;-41,69945721;"SPRF-BA";"DEL06-BA";"UOP01-DEL06-BA"
326401;2020-12-07;"segunda-feira";"19:00:00";"PI";343;309,7;"ALTOS";"Ingestão de Álcool";"Atropelamento de Pedestre";"Com Vítimas Feridas";"Plena Noite";"Crescente";"Céu Claro";"Simples";"Reta";"Sim";2;0;0;1;1;0;1;2;-5,04012;-42,476742;"SPRF-PI";"DEL01-PI";"UOP01-DEL01-PI"
326402;2020-12-07;"segunda-feira";"19:50:00";"SC";101;205,8;"SAO JOSE";"Pista Escorregadia";"Capotamento";"Com Vítimas Feridas";"Plena Noite";"Decrescente";"Chuva";"Múltipla";"Curva";"Não";1;0;1;0;0;0;1;1;-27,58313237;-48,61532885;"SPRF-SC";"DEL01-SC";"UOP01-DEL01-SC"
326403;2020-12-07;"segunda-feira";"17:30:00";"BA";324;291;"JACOBINA";"Falta de Atenção à Condução";"Colisão transversal";"Com Vítimas Fatais";"Plena Noite";"Decrescente";"Céu Claro";"Simples";"Reta";"Sim";3;1;1;1;0;0;2;2;-11,16786992;-40,54549381;"SPRF-BA";"DEL04-BA";"UOP02-DEL04-BA"
326404;2020-12-07;"segunda-feira";"20:45:00";"RS";386;345,5;"LAJEADO";"Defeito Mecânico no Veículo";"Queda de ocupante de veículo";"Com Vítimas Feridas";"Plena Noite";"Crescente";"Céu Claro";"Dupla";"Reta";"Sim";2;0;2;0;0;0;2;1;-29,443069;-51,984135;"SPRF-RS";"DEL04-RS";"UOP01-DEL04-RS"
326405;2020-12-07;"segunda-feira";"18:40:00";"RO";429;167,4;"SAO MIGUEL DO GUAPORE";"Deficiência ou não Acionamento do Sistema de Iluminação/Sinalização do Veículo";"Colisão traseira";"Com Vítimas Feridas";"Pleno dia";"Decrescente";"Céu Claro";"Simples";"Reta";"Não";2;0;0;1;1;0;1;2;-11,71748194;-62,77305205;"SPRF-RO";"DEL02-RO";"UOP03-DEL02-RO"
326406;2020-12-07;"segunda-feira";"21:20:00";"PB";101;44,4;"MAMANGUAPE";"Animais na Pista";"Atropelamento de Animal";"Com Vítimas Feridas";"Plena Noite";"Crescente";"Céu Claro";"Dupla";"Aclive";"Não";1;0;1;0;0;0;1;1;-6,87451305;-35,13232736;"SPRF-PB";"DEL01-PB";"UOP04-DEL01-PB"
326409;2020-12-07;"segunda-feira";"21:30:00";"PA";163;1004,9;"SANTAREM";"Falta de Atenção do Pedestre";"Atropelamento de Pedestre";"Com Vítimas Feridas";"Plena Noite";"Crescente";"Céu Claro";"Dupla";"Reta";"Sim";2;0;1;0;1;0;1;2;-2,42986766;-54,73463774;"SPRF-PA";"DEL05-PA";"UOP01-DEL05-PA"
326410;2020-12-07;"segunda-feira";"20:10:00";"MG";40;523;"CONTAGEM";"Falta de Atenção à Condução";"Colisão traseira";"Com Vítimas Feridas";"Plena Noite";"Decrescente";"Céu Claro";"Dupla";"Reta";"Não";2;0;0;1;1;0;1;2;-19,8668222269;-44,0636117477;"SPRF-MG";"DEL01-MG";"UOP02-DEL01-MG"
326411;2020-12-07;"segunda-feira";"21:15:00";"DF";40;0;"BRASILIA";"Falta de Atenção à Condução";"Colisão lateral";"Com Vítimas Feridas";"Plena Noite";"Crescente";"Céu Claro";"Dupla";"Reta";"Sim";3;0;2;0;1;0;2;2;-15,976897;-47,990129;"SPRF-DF";"DEL01-DF";"UOP01-DEL01-DF"
326412;2020-12-07;"segunda-feira";"21:40:00";"SC";101;133;"BALNEARIO CAMBORIU";"Falta de Atenção à Condução";"Colisão transversal";"Com Vítimas Feridas";"Plena Noite";"Crescente";"Nublado";"Múltipla";"Interseção de Vias";"Sim";2;0;1;0;1;0;1;2;-26,99936;-48,64609;"SPRF-SC";"DEL04-SC";"UOP03-DEL04-SC"
326414;2020-12-07;"segunda-feira";"21:50:00";"GO";60;172;"ABADIA DE GOIAS";"Falta de Atenção à Condução";"Queda de ocupante de veículo";"Com Vítimas Feridas";"Plena Noite";"Crescente";"Ignorado";"Simples";"Interseção de Vias";"Não";2;0;1;1;0;0;2;1;-16,738;-49,4076;"SPRF-GO";"DEL01-GO";"UOP02-DEL01-GO"
326415;2020-12-07;"segunda-feira";"19:15:00";"MG";116;303,8;"ITAMBACURI";"Mal Súbito";"Colisão lateral";"Com Vítimas Feridas";"Plena Noite";"Crescente";"Céu Claro";"Simples";"Declive;Curva";"Não";3;0;1;0;2;0;1;2;-18,01747727;-41,64325495;"SPRF-MG";"DEL11-MG";"UOP01-DEL11-MG"
326418;2020-12-07;"segunda-feira";"22:30:00";"RJ";393;172;"TRES RIOS";"Pista Escorregadia";"Colisão frontal";"Com Vítimas Feridas";"Plena Noite";"Crescente";"Chuva";"Simples";"Curva";"Não";2;0;0;1;1;0;1;2;-22,12463126;-43,17771104;"SPRF-RJ";"DEL05-RJ";"UOP02-DEL05-RJ"
326419;2020-12-07;"segunda-feira";"22:20:00";"RN";101;82;"NATAL";"Desobediência às normas de trânsito pelo condutor";"Colisão transversal";"Com Vítimas Feridas";"Plena Noite";"Decrescente";"Céu Claro";"Dupla";"Reta";"Sim";3;0;2;0;1;0;2;2;-5,76791511;-35,27456305;"SPRF-RN";"DEL02-RN";"UOP01-DEL02-RN"
326420;2020-12-07;"segunda-feira";"20:30:00";"PR";376;682;"GUARATUBA";"Ingestão de Álcool";"Colisão com objeto estático";"Com Vítimas Feridas";"Plena Noite";"Crescente";"Nublado";"Dupla";"Reta";"Não";1;0;1;0;0;0;1;1;-25,98105404;-48,8876152;"SPRF-PR";"DEL01-PR";"UOP04-DEL01-PR"
326421;2020-12-07;"segunda-feira";"23:30:00";"PR";116;166;"QUITANDINHA";"Ingestão de Álcool";"Colisão frontal";"Com Vítimas Feridas";"Plena Noite";"Decrescente";"Nublado";"Simples";"Reta";"Não";3;0;3;0;0;0;3;2;-25,86521941;-49,44583693;"SPRF-PR";"DEL01-PR";"UOP03-DEL01-PR"
326422;2020-12-07;"segunda-feira";"20:05:00";"RO";364;426;"JARU";"Desobediência às normas de trânsito pelo condutor";"Colisão transversal";"Com Vítimas Feridas";"Plena Noite";"Crescente";"Céu Claro";"Dupla";"Retorno Regulamentado";"Sim";2;0;0;1;1;0;1;2;-10,4313031;-62,48143673;"SPRF-RO";"DEL03-RO";"UOP02-DEL03-RO"
326424;2020-12-07;"segunda-feira";"23:50:00";"PR";116;105;"SAO JOSE DOS PINHAIS";"Desobediência às normas de trânsito pelo condutor";"Colisão frontal";"Com Vítimas Feridas";"Plena Noite";"Crescente";"Nublado";"Dupla";"Reta";"Não";2;0;1;1;0;0;2;2;-25,571728;-49,20655;"SPRF-PR";"DEL01-PR";"UOP01-DEL01-PR"
326425;2020-12-07;"segunda-feira";"23:25:00";"MG";381;908;"CAMBUI";"Velocidade Incompatível";"Capotamento";"Com Vítimas Feridas";"Plena Noite";"Crescente";"Chuva";"Dupla";"Curva";"Não";2;0;2;0;0;0;2;1;-22,71744092;-46,12652111;"SPRF-MG";"DEL16-MG";"UOP03-DEL16-MG"
326426;2020-12-07;"segunda-feira";"23:20:00";"RR";401;0;"BOA VISTA";"Falta de Atenção à Condução";"Colisão lateral";"Sem Vítimas";"Plena Noite";"Decrescente";"Céu Claro";"Simples";"Interseção de Vias";"Sim";3;0;0;0;3;0;0;2;2,8061678;-60,68998;"SPRF-RR";"DEL01-RR";"UOP01-DEL01-RR"
326431;2020-12-08;"terça-feira";"01:20:00";"GO";40;2,2;"VALPARAISO DE GOIAS";"Falta de Atenção à Condução";"Saída de leito carroçável";"Com Vítimas Feridas";"Plena Noite";"Decrescente";"Céu Claro";"Dupla";"Reta";"Sim";1;0;1;0;0;0;1;1;-16,067129;-47,984235;"SPRF-DF";"DEL01-DF";"UOP01-DEL01-DF"
326432;2020-12-07;"segunda-feira";"23:20:00";"RO";364;344,1;"JI-PARANA";"Deficiência ou não Acionamento do Sistema de Iluminação/Sinalização do Veículo";"Colisão traseira";"Com Vítimas Feridas";"Plena Noite";"Decrescente";"Céu Claro";"Dupla";"Reta";"Sim";3;0;1;0;2;0;1;2;-10,87376391;-61,95256893;"SPRF-RO";"DEL02-RO";"UOP01-DEL02-RO"
326433;2020-12-07;"segunda-feira";"19:00:00";"SP";116;495;"CAJATI";"Falta de Atenção à Condução";"Saída de leito carroçável";"Com Vítimas Feridas";"Plena Noite";"Crescente";"Garoa/Chuvisco";"Dupla";"Reta";"Não";3;0;1;0;2;0;1;1;-24,7531624;-48,1580848;"SPRF-SP";"DEL05-SP";"UOP01-DEL05-SP"
326434;2020-12-08;"terça-feira";"01:30:00";"PE";232;59,9;"POMBOS";"Falta de Atenção à Condução";"Tombamento";"Com Vítimas Feridas";"Plena Noite";"Decrescente";"Céu Claro";"Dupla";"Reta;Declive";"Sim";1;0;0;1;0;0;1;1;-8,1471233;-35,39890998;"SPRF-PE";"DEL02-PE";"UOP02-DEL02PE"
326435;2020-12-08;"terça-feira";"00:40:00";"RS";290;29,4;"SANTO ANTONIO DA PATRULHA";"Animais na Pista";"Saída de leito carroçável";"Com Vítimas Feridas";"Plena Noite";"Decrescente";"Nublado";"Múltipla";"Reta";"Não";1;0;1;0;0;0;1;1;-29,88396476;-50,55101395;"SPRF-RS";"DEL03-RS";"UOP01-DEL03-RS"
326436;2020-12-08;"terça-feira";"02:10:00";"MG";381;842,7;"SAO SEBASTIAO DA BELA VISTA";"Mal Súbito";"Colisão traseira";"Com Vítimas Feridas";"Plena Noite";"Crescente";"Nublado";"Dupla";"Reta";"Sim";5;0;4;0;1;0;4;2;-22,21565425;-45,86960261;"SPRF-MG";"DEL16-MG";"UOP01-DEL16-MG"
326438;2020-12-08;"terça-feira";"04:30:00";"PA";163;992;"SANTAREM";"Objeto estático sobre o leito carroçável";"Colisão com objeto estático";"Sem Vítimas";"Plena Noite";"Crescente";"Chuva";"Simples";"Reta";"Não";2;0;0;0;2;0;0;2;-2,538837;-54,722717;"SPRF-PA";"DEL05-PA";"UOP01-DEL05-PA"
326439;2020-12-08;"terça-feira";"04:50:00";"PB";101;64,4;"SANTA RITA";"Mal Súbito";"Colisão com objeto estático";"Com Vítimas Feridas";"Amanhecer";"Crescente";"Céu Claro";"Dupla";"Reta";"Não";2;0;2;0;0;0;2;1;-7,03485287;-35,05528078;"SPRF-PB";"DEL01-PB";"UOP04-DEL01-PB"
326442;2020-12-08;"terça-feira";"04:25:00";"RJ";116;57,6;"TERESOPOLIS";"Defeito na Via";"Capotamento";"Com Vítimas Feridas";"Plena Noite";"Crescente";"Chuva";"Simples";"Reta";"Não";2;0;1;0;1;0;1;1;-22,21208668;-42,90068849;"SPRF-RJ";"DEL04-RJ";"UOP01-DEL04-RJ"
326444;2020-12-08;"terça-feira";"05:10:00";"ES";101;265,5;"SERRA";"Falta de Atenção à Condução";"Colisão com objeto estático";"Com Vítimas Feridas";"Amanhecer";"Crescente";"Ignorado";"Múltipla";"Reta";"Sim";2;0;0;2;0;0;2;1;-20,1816849;-40,26536036;"SPRF-ES";"DEL02-ES";"UOP01-DEL02-ES"
326446;2020-12-08;"terça-feira";"01:50:00";"SP";116;499;"CAJATI";"Pista Escorregadia";"Saída de leito carroçável";"Com Vítimas Feridas";"Plena Noite";"Crescente";"Chuva";"Simples";"Curva";"Não";6;0;2;0;4;0;2;1;-24,78228753;-48,17695233;"SPRF-SP";"DEL05-SP";"UOP02-DEL05-SP"
326451;2020-12-08;"terça-feira";"05:09:00";"GO";50;287;"CATALAO";"Condutor Dormindo";"Colisão com objeto estático";"Com Vítimas Feridas";"Amanhecer";"Decrescente";"Céu Claro";"Simples";"Em Obras;Desvio Temporário";"Não";2;0;1;0;1;0;1;1;-18,2261;-47,9777;"SPRF-GO";"DEL06-GO";"UOP01-DEL06-GO"
326452;2020-12-08;"terça-feira";"06:45:00";"SC";101;140;"BALNEARIO CAMBORIU";"Velocidade Incompatível";"Colisão com objeto estático";"Com Vítimas Feridas";"Amanhecer";"Crescente";"Céu Claro";"Simples";"Declive";"Não";1;0;1;0;0;0;1;1;-27,03881189;-48,60025148;"SPRF-SC";"DEL04-SC";"UOP03-DEL04-SC"
326454;2020-12-08;"terça-feira";"07:00:00";"GO";153;508;"APARECIDA DE GOIANIA";"Falta de Atenção à Condução";"Colisão lateral";"Com Vítimas Feridas";"Amanhecer";"Decrescente";"Céu Claro";"Dupla";"Reta";"Sim";2;0;1;0;1;0;1;2;-16,7804;-49,2371;"SPRF-GO";"DEL01-GO";"UOP03-DEL01-GO"
326455;2020-12-08;"terça-feira";"06:54:00";"SC";101;85,8;"BARRA VELHA";"Falta de Atenção à Condução";"Tombamento";"Com Vítimas Feridas";"Amanhecer";"Decrescente";"Nublado";"Dupla";"Reta";"Sim";1;0;1;0;0;0;1;1;-26,62840879;-48,70813584;"SPRF-SC";"DEL03-SC";"UOP02-DEL03-SC"
326456;2020-12-08;"terça-feira";"04:20:00";"RJ";116;223;"PIRAI";"Defeito Mecânico no Veículo";"Incêndio";"Sem Vítimas";"Plena Noite";"Crescente";"Chuva";"Simples";"Curva";"Não";1;0;0;0;1;0;0;1;-22,68972504;-43,801317;"SPRF-RJ";"DEL07-RJ";"UOP01-DEL07-RJ"
326457;2020-12-08;"terça-feira";"07:30:00";"SC";116;8;"MAFRA";"Falta de Atenção à Condução";"Atropelamento de Animal";"Com Vítimas Feridas";"Pleno dia";"Crescente";"Céu Claro";"Simples";"Interseção de Vias";"Sim";1;0;1;0;0;0;1;1;-26,15748603;-49,83898198;"SPRF-SC";"DEL06-SC";"UOP01-DEL06-SC"
326458;2020-12-08;"terça-feira";"07:15:00";"PR";376;1;"MANDAGUARI";"Desobediência às normas de trânsito pelo condutor";"Colisão lateral";"Sem Vítimas";"Pleno dia";"Crescente";"Céu Claro";"Simples";"Reta";"Não";3;0;0;0;3;0;0;2;-23,547966;-51,671265;"SPRF-PR";"DEL09-PR";"UOP01-DEL09-PR"
326459;2020-12-08;"terça-feira";"07:00:00";"RN";304;300;"MACAIBA";"Desobediência às normas de trânsito pelo condutor";"Colisão transversal";"Sem Vítimas";"Pleno dia";"Decrescente";"Nublado";"Dupla";"Reta";"Sim";2;0;0;0;1;1;0;2;-5,8737673;-35,3150361;"SPRF-RN";"DEL01-RN";"UOP02-DEL01-RN"
326460;2020-12-08;"terça-feira";"06:15:00";"ES";262;2,2;"CARIACICA";"Desobediência às normas de trânsito pelo condutor";"Colisão transversal";"Sem Vítimas";"Amanhecer";"Decrescente";"Céu Claro";"Múltipla";"Interseção de Vias";"Não";3;0;0;0;1;2;0;2;-20,33275688;-40,36077696;"SPRF-ES";"DEL01-ES";"UOP01-DEL01-ES"
326461;2020-12-08;"terça-feira";"07:45:00";"RS";290;104,8;"ELDORADO DO SUL";"Falta de Atenção à Condução";"Colisão lateral";"Com Vítimas Feridas";"Pleno dia";"Decrescente";"Sol";"Dupla";"Reta";"Não";2;0;0;1;1;0;1;2;-29,993122;-51,275398;"SPRF-RS";"DEL02-RS";"UOP01-DEL02-RS"
326462;2020-12-08;"terça-feira";"07:50:00";"RS";116;257;"ESTEIO";"Falta de Atenção à Condução";"Tombamento";"Com Vítimas Feridas";"Pleno dia";"Crescente";"Céu Claro";"Simples";"Reta";"Sim";2;0;2;0;0;0;2;1;-29,8515131;-51,1800456;"SPRF-RS";"DEL01-RS";"UOP02-DEL01-RS"
326463;2020-12-08;"terça-feira";"07:50:00";"ES";101;20;"PEDRO CANARIO";"Falta de Atenção à Condução";"Colisão traseira";"Com Vítimas Feridas";"Pleno dia";"Crescente";"Sol";"Simples";"Curva";"Não";2;0;1;0;1;0;1;2;-18,32561;-39,9584401;"SPRF-ES";"DEL04-ES";"UOP02-DEL04-ES"
326465;2020-12-08;"terça-feira";"08:00:00";"PR";376;503;"PONTA GROSSA";"Mal Súbito";"Colisão com objeto estático";"Com Vítimas Feridas";"Pleno dia";"Decrescente";"Nublado";"Dupla";"Reta";"Sim";1;0;1;0;0;0;1;1;-25,22314697;-50,05150696;"SPRF-PR";"DEL03-PR";"UOP04-DEL03-PR"
326466;2020-12-08;"terça-feira";"07:40:00";"GO";153;500;"GOIANIA";"Falta de Atenção à Condução";"Colisão traseira";"Sem Vítimas";"Pleno dia";"Decrescente";"Céu Claro";"Dupla";"Reta";"Sim";2;0;0;0;2;0;0;2;-16,7118;-49,2324;"SPRF-GO";"DEL01-GO";"UOP01-DEL01-GO"
326467;2020-12-08;"terça-feira";"08:10:00";"SC";101;35,8;"JOINVILLE";"Desobediência às normas de trânsito pelo condutor";"Colisão traseira";"Com Vítimas Feridas";"Pleno dia";"Crescente";"Nublado";"Dupla";"Viaduto;Interseção de Vias";"Sim";2;0;1;0;1;0;1;2;-26,2735601;-48,89421344;"SPRF-SC";"DEL03-SC";"UOP01-DEL03-SC"
326470;2020-12-08;"terça-feira";"08:10:00";"CE";222;5,4;"CAUCAIA";"Desobediência às normas de trânsito pelo condutor";"Colisão transversal";"Com Vítimas Feridas";"Pleno dia";"Decrescente";"Céu Claro";"Múltipla";"Reta";"Sim";2;0;1;0;1;0;1;2;-3,74296918;-38,61330997;"SPRF-CE";"DEL01-CE";"UOP01-DEL01-CE"
326471;2020-12-08;"terça-feira";"07:50:00";"PI";230;307;"FLORIANO";"Desobediência às normas de trânsito pelo condutor";"Colisão transversal";"Com Vítimas Feridas";"Pleno dia";"Crescente";"Céu Claro";"Simples";"Interseção de Vias";"Sim";3;0;0;1;2;0;1;2;-6,78667452;-42,99358035;"SPRF-PI";"DEL03-PI";"UOP01-DEL03-PI"
326472;2020-12-08;"terça-feira";"08:10:00";"BA";324;611;"SIMOES FILHO";"Não guardar distância de segurança";"Colisão traseira";"Sem Vítimas";"Pleno dia";"Decrescente";"Céu Claro";"Dupla";"Reta";"Não";2;0;0;0;2;0;0;2;-12,83798396;-38,41427011;"SPRF-BA";"DEL01-BA";"UOP01-DEL01-BA"
326473;2020-12-08;"terça-feira";"08:40:00";"MG";40;520;"RIBEIRAO DAS NEVES";"Ingestão de Álcool";"Colisão transversal";"Com Vítimas Feridas";"Pleno dia";"Crescente";"Céu Claro";"Dupla";"Reta;Retorno Regulamentado";"Sim";4;0;1;0;1;2;1;3;-19,84761911;-44,07276144;"SPRF-MG";"DEL01-MG";"UOP02-DEL01-MG"
326475;2020-12-08;"terça-feira";"07:45:00";"GO";40;15,5;"LUZIANIA";"Defeito Mecânico no Veículo";"Incêndio";"Sem Vítimas";"Pleno dia";"Crescente";"Céu Claro";"Dupla";"Reta";"Sim";1;0;0;0;1;0;0;1;-16,158753;-47,933136;"SPRF-DF";"DEL01-DF";"UOP01-DEL01-DF"
326476;2020-12-08;"terça-feira";"07:50:00";"SC";101;130,4;"BALNEARIO CAMBORIU";"Falta de Atenção à Condução";"Colisão traseira";"Com Vítimas Feridas";"Pleno dia";"Crescente";"Céu Claro";"Simples";"Reta";"Sim";2;0;1;1;0;0;2;2;-26,98407618;-48,66977107;"SPRF-SC";"DEL04-SC";"UOP03-DEL04-SC"
326477;2020-12-08;"terça-feira";"07:30:00";"PB";104;176,6;"ALCANTIL";"Velocidade Incompatível";"Atropelamento de Pedestre";"Com Vítimas Fatais";"Pleno dia";"Decrescente";"Céu Claro";"Simples";"Reta;Declive";"Não";2;1;1;0;0;0;1;2;-7,61618189;-36,07162605;"SPRF-PB";"DEL02-PB";"UOP03-DEL02-PB"
326480;2020-12-08;"terça-feira";"09:30:00";"MG";365;693;"MONTE ALEGRE DE MINAS";"Falta de Atenção à Condução";"Queda de ocupante de veículo";"Com Vítimas Feridas";"Pleno dia";"Crescente";"Céu Claro";"Dupla";"Reta";"Não";1;0;0;1;0;0;1;1;-18,87764372;-48,93155701;"SPRF-MG";"DEL15-MG";"UOP03-DEL15-MG"
326481;2020-12-08;"terça-feira";"09:30:00";"SC";101;383;"ICARA";"Falta de Atenção à Condução";"Colisão traseira";"Com Vítimas Feridas";"Pleno dia";"Decrescente";"Céu Claro";"Múltipla";"Declive;Reta";"Não";2;0;1;0;1;0;1;2;-28,7644284;-49,29379981;"SPRF-SC";"DEL02-SC";"UOP02-DEL02-SC"
326482;2020-12-08;"terça-feira";"07:55:00";"RO";364;342,5;"JI-PARANA";"Falta de Atenção do Pedestre";"Atropelamento de Pedestre";"Com Vítimas Feridas";"Pleno dia";"Decrescente";"Sol";"Simples";"Reta";"Sim";2;0;1;0;1;0;1;2;-10,87976377;-61,94326758;"SPRF-RO";"DEL02-RO";"UOP01-DEL02-RO"
326483;2020-12-08;"terça-feira";"09:40:00";"SP";153;75,9;"BADY BASSITT";"Defeito Mecânico no Veículo";"Incêndio";"Sem Vítimas";"Pleno dia";"Crescente";"Nublado";"Dupla";"Reta";"Sim";2;0;0;0;2;0;0;1;-20,89418221;-49,43387582;"SPRF-SP";"DEL09-SP";"UOP01-DEL09-SP"
326485;2020-12-08;"terça-feira";"09:50:00";"PE";232;69;"GRAVATA";"Defeito Mecânico no Veículo";"Queda de ocupante de veículo";"Com Vítimas Feridas";"Pleno dia";"Decrescente";"Céu Claro";"Múltipla";"Curva";"Não";2;0;2;0;0;0;2;1;-8,17240309;-35,47993595;"SPRF-PE";"DEL02-PE";"UOP02-DEL02PE"
326487;2020-12-08;"terça-feira";"08:50:00";"SC";101;153,6;"PORTO BELO";"Falta de Atenção à Condução";"Saída de leito carroçável";"Com Vítimas Feridas";"Pleno dia";"Decrescente";"Sol";"Simples";"Reta";"Não";2;0;1;0;1;0;1;1;-27,144717;-48,61063935;"SPRF-SC";"DEL04-SC";"UOP03-DEL04-SC"
326489;2020-12-08;"terça-feira";"08:45:00";"MG";40;801;"JUIZ DE FORA";"Velocidade Incompatível";"Colisão com objeto estático";"Com Vítimas Feridas";"Pleno dia";"Crescente";"Chuva";"Dupla";"Reta";"Não";1;0;1;0;0;0;1;1;-21,84672919;-43,37899486;"SPRF-MG";"DEL05-MG";"UOP01-DEL05-MG"
326490;2020-12-08;"terça-feira";"10:00:00";"SP";488;4,8;"APARECIDA";"Falta de Atenção à Condução";"Colisão transversal";"Com Vítimas Feridas";"Pleno dia";"Crescente";"Céu Claro";"Dupla";"Interseção de Vias";"Sim";2;0;1;0;1;0;1;2;-22,858398;-45,251377;"SPRF-SP";"DEL08-SP";"UOP01-DEL08-SP"
326491;2020-12-08;"terça-feira";"08:15:00";"RO";364;306;"PRESIDENTE MEDICI";"Falta de Atenção à Condução";"Colisão transversal";"Sem Vítimas";"Pleno dia";"Crescente";"Céu Claro";"Simples";"Reta;Interseção de Vias";"Sim";2;0;0;0;2;0;0;2;-11,190471;-61,90149;"SPRF-RO";"DEL02-RO";"UOP01-DEL02-RO"
326492;2020-12-08;"terça-feira";"07:50:00";"MT";70;736;"CACERES";"Falta de Atenção à Condução";"Colisão traseira";"Com Vítimas Feridas";"Pleno dia";"Crescente";"Céu Claro";"Simples";"Reta";"Não";6;0;4;0;2;0;4;2;-16,1275602;-57,65874627;"SPRF-MT";"DEL03-MT";"UOP01-DEL03-MT"
326493;2020-12-08;"terça-feira";"09:40:00";"TO";153;136;"ARAGUAINA";"Não guardar distância de segurança";"Colisão traseira";"Sem Vítimas";"Pleno dia";"Crescente";"Garoa/Chuvisco";"Simples";"Reta";"Sim";2;0;0;0;2;0;0;2;-7,137507;-48,200943;"SPRF-TO";"DEL02-TO";"UOP01-DEL02-TO"
326494;2020-12-08;"terça-feira";"10:30:00";"ES";101;270;"SERRA";"Falta de Atenção do Pedestre";"Atropelamento de Pedestre";"Com Vítimas Feridas";"Pleno dia";"Crescente";"Céu Claro";"Dupla";"Reta";"Sim";2;0;0;1;1;0;1;2;-20,22662056;-40,27075088;"SPRF-ES";"DEL02-ES";"UOP01-DEL02-ES"