"id";"data_inversa";"dia_semana";"horario";"uf";"br";"km";"municipio";"causa_acidente";"tipo_acidente";"classificacao_acidente";"fase_dia";"sentido_via";"condicao_metereologica";"tipo_pista";"tracado_via";"uso_solo";"pessoas";"mortos";"feridos_leves";"feridos_graves";"ilesos";"ignorados";"feridos";"veiculos";"latitude";"longitude";"regional";"delegacia";"uop"
326640;2020-12-09;"quarta-feira";"00:05:00";"RJ";101;277;"TANGUA";"Falta de Atenção à Condução";"Colisão lateral";"Com Vítimas Feridas";"Plena Noite";"Crescente";"Nublado";"Dupla";"Reta";"Sim";3;0;0;1;2;0;1;2;-22,73943906;-42,748279;"SPRF-RJ";"DEL02-RJ";"UOP03-DEL02-RJ"
326641;2020-12-08;"terça-feira";"23:38:00";"SC";116;107,7;"MONTE CASTELO";"Falta de Atenção à Condução";"Saída de leito carroçável";"Com Vítimas Feridas";"Plena Noite";"Decrescente";"Nublado";"Simples";"Curva";"Não";1;0;1;0;0;0;1;1;-26,75430959;-50,33257484;"SPRF-SC";"DEL06-SC";"UOP02-DEL06-SC"
326642;2020-12-08;"terça-feira";"22:00:00";"MA";135;21,1;"SAO LUIS";"Falta de Atenção à Condução";"Colisão traseira";"Com Vítimas Feridas";"Plena Noite";"Decrescente";"Céu Claro";"Dupla";"Reta";"Sim";4;0;1;0;2;1;1;3;-2,53073;-44,3068;"SPRF-MA";"DEL01-MA";"UOP01-DEL01-MA"
326643;2020-12-08;"terça-feira";"21:50:00";"SC";101;320;"LAGUNA";"Ingestão de Álcool";"Colisão lateral";"Sem Vítimas";"Plena Noite";"Decrescente";"Céu Claro";"Dupla";"Reta";"Não";2;0;0;0;2;0;0;2;-28,42800492;-48,88171497;"SPRF-SC";"DEL02-SC";"UOP01-DEL02-SC"
326644;2020-12-09;"quarta-feira";"00:45:00";"MG";365;344,8;"VARJAO DE MINAS";"Desobediência às normas de trânsito pelo condutor";"Colisão frontal";"Com Vítimas Fatais";"Plena Noite";"Decrescente";"Chuva";"Simples";"Reta";"Sim";14;1;0;0;13;0;0;2;-18,31606807;-45,981434;"SPRF-MG";"DEL10-MG";"UOP01-DEL10-MG"
326645;2020-12-08;"terça-feira";"23:50:00";"MG";116;277;"TEOFILO OTONI";"Desobediência às normas de trânsito pelo condutor";"Tombamento";"Com Vítimas Feridas";"Plena Noite";"Decrescente";"Nublado";"Simples";"Interseção de Vias";"Sim";1;0;0;1;0;0;1;1;-17,859945;-41,515144;"SPRF-MG";"DEL11-MG";"UOP01-DEL11-MG"
326646;2020-12-09;"quarta-feira";"01:30:00";"PR";153;9,4;"JACAREZINHO";"Animais na Pista";"Colisão frontal";"Com Vítimas Feridas";"Plena Noite";"Crescente";"Céu Claro";"Simples";"Reta";"Não";4;0;4;0;0;0;4;2;-23,068552;-49,932846;"SPRF-PR";"DEL07-PR";"UOP04-DEL07-PR"
326647;2020-12-09;"quarta-feira";"00:10:00";"RO";364;715;"PORTO VELHO";"Falta de Atenção à Condução";"Tombamento";"Com Vítimas Feridas";"Plena Noite";"Crescente";"Nublado";"Simples";"Reta;Aclive";"Sim";1;0;0;1;0;0;1;1;-8,77957291;-63,89174213;"SPRF-RO";"DEL01-RO";"UOP01-DEL01-RO"
326649;2020-12-08;"terça-feira";"19:35:00";"MS";463;110,2;"PONTA PORA";"Falta de Atenção à Condução";"Tombamento";"Com Vítimas Feridas";"Plena Noite";"Crescente";"Céu Claro";"Dupla";"Reta";"Sim";2;0;2;0;0;0;2;1;-22,57302287;-55,69391958;"SPRF-MS";"DEL04-MS";"UOP03-DEL04-MS"
326653;2020-12-09;"quarta-feira";"03:19:00";"SP";116;152,7;"SAO JOSE DOS CAMPOS";"Velocidade Incompatível";"Colisão traseira";"Com Vítimas Feridas";"Plena Noite";"Crescente";"Nublado";"Dupla";"Reta";"Não";3;0;0;1;2;0;1;2;-23,22620401;-45,90682999;"SPRF-SP";"DEL02-SP";"UOP01-DEL02-SP"
326654;2020-12-09;"quarta-feira";"02:30:00";"PI";316;3;"TERESINA";"Ingestão de Álcool";"Tombamento";"Com Vítimas Feridas";"Plena Noite";"Decrescente";"Ignorado";"Múltipla";"Reta";"Sim";1;0;0;1;0;0;1;1;-5,12826443;-42,79292384;"SPRF-PI";"DEL01-PI";"UOP02-DEL01-PI"
326655;2020-12-08;"terça-feira";"21:50:00";"DF";60;4;"BRASILIA";"Não guardar distância de segurança";"Queda de ocupante de veículo";"Com Vítimas Feridas";"Plena Noite";"Crescente";"Chuva";"Dupla";"Reta";"Sim";1;0;1;0;0;0;1;1;-15,892721;-48,095741;"SPRF-DF";"DEL03-DF";"UOP01-DEL03-DF"
326657;2020-12-09;"quarta-feira";"04:40:00";"SC";101;116;"ITAJAI";"Ingestão de Álcool";"Colisão traseira";"Sem Vítimas";"Plena Noite";"Decrescente";"Nublado";"Dupla";"Reta";"Não";2;0;0;0;2;0;0;2;-26,87905605;-48,72603512;"SPRF-SC";"DEL04-SC";"UOP04-DEL04-SC"
326664;2020-12-09;"quarta-feira";"06:20:00";"PB";230;207,5;"SOLEDADE";"Falta de Atenção à Condução";"Tombamento";"Com Vítimas Feridas";"Pleno dia";"Decrescente";"Céu Claro";"Simples";"Reta";"Não";2;0;2;0;0;0;2;1;-7,0882;-36,298;"SPRF-PB";"DEL02-PB";"UOP02-DEL02-PB"
326665;2020-12-09;"quarta-feira";"06:00:00";"MG";262;380;"JUATUBA";"Pista Escorregadia";"Saída de leito carroçável";"Com Vítimas Feridas";"Amanhecer";"Decrescente";"Chuva";"Dupla";"Curva";"Sim";1;0;1;0;0;0;1;1;-19,947864;-44,381226;"SPRF-MG";"DEL01-MG";"UOP03-DEL01-MG"
326666;2020-11-14;"sábado";"19:25:00";"PI";316;46,2;"LAGOA DO PIAUI";"Falta de Atenção à Condução";"Saída de leito carroçável";"Com Vítimas Feridas";"Plena Noite";"Crescente";"Céu Claro";"Simples";"Aclive";"Não";5;0;2;0;2;1;2;2;-5,45656405;-42,6347776;"SPRF-PI";"DEL01-PI";"UOP02-DEL01-PI"
326668;2020-12-09;"quarta-feira";"07:50:00";"GO";153;501;"GOIANIA";"Falta de Atenção à Condução";"Colisão lateral";"Com Vítimas Feridas";"Pleno dia";"Decrescente";"Céu Claro";"Dupla";"Reta";"Sim";2;0;1;0;1;0;1;2;-16,7189;-49,2382;"SPRF-GO";"DEL01-GO";"UOP01-DEL01-GO"
326669;2020-12-09;"quarta-feira";"07:00:00";"PI";316;10;"TERESINA";"Desobediência às normas de trânsito pelo condutor";"Colisão lateral";"Com Vítimas Feridas";"Pleno dia";"Crescente";"Sol";"Dupla";"Reta";"Sim";2;0;1;0;1;0;1;2;-5,18280197;-42,76350291;"SPRF-PI";"DEL01-PI";"UOP02-DEL01-PI"
326670;2020-09-05;"sábado";"00:45:00";"MG";50;68;"UBERLANDIA";"Velocidade Incompatível";"Saída de leito carroçável";"Com Vítimas Feridas";"Plena Noite";"Decrescente";"Nublado";"Dupla";"Reta";"Sim";1;0;0;1;0;0;1;1;-18,85140204;-48,25345932;"SPRF-MG";"DEL15-MG";"UOP02-DEL15-MG"
326672;2020-12-09;"quarta-feira";"08:15:00";"SC";101;216;"PALHOCA";"Desobediência às normas de trânsito pelo condutor";"Colisão lateral";"Com Vítimas Feridas";"Pleno dia";"Decrescente";"Céu Claro";"Múltipla";"Reta";"Sim";2;0;2;0;0;0;2;2;-27,65981409;-48,67747798;"SPRF-SC";"DEL01-SC";"UOP02-DEL01-SC"
326673;2020-12-09;"quarta-feira";"06:44:00";"PE";101;43,7;"IGARASSU";"Falta de Atenção à Condução";"Engavetamento";"Sem Vítimas";"Pleno dia";"Decrescente";"Garoa/Chuvisco";"Múltipla";"Reta";"Sim";3;0;0;0;2;1;0;3;-7,84753808;-34,90977038;"SPRF-PE";"DEL01-PE";"UOP02-DEL01-PE"
326675;2020-12-09;"quarta-feira";"09:05:00";"MG";40;510,5;"RIBEIRAO DAS NEVES";"Falta de Atenção à Condução";"Colisão lateral";"Com Vítimas Feridas";"Pleno dia";"Crescente";"Nublado";"Dupla";"Reta;Aclive";"Não";2;0;1;0;1;0;1;2;-19,77463885;-44,12321882;"SPRF-MG";"DEL01-MG";"UOP02-DEL01-MG"
326677;2020-12-09;"quarta-feira";"09:25:00";"CE";222;7;"CAUCAIA";"Desobediência às normas de trânsito pelo condutor";"Saída de leito carroçável";"Sem Vítimas";"Pleno dia";"Decrescente";"Céu Claro";"Dupla";"Reta";"Sim";2;0;0;0;1;1;0;2;-3,7495132;-38,6299559;"SPRF-CE";"DEL01-CE";"UOP01-DEL01-CE"
326683;2020-12-09;"quarta-feira";"06:00:00";"RJ";40;105;"DUQUE DE CAXIAS";"Falta de Atenção à Condução";"Colisão lateral";"Com Vítimas Feridas";"Amanhecer";"Crescente";"Céu Claro";"Múltipla";"Reta";"Não";3;0;2;0;1;0;2;2;-22,63886943;-43,28443766;"SPRF-RJ";"DEL01-RJ";"UOP01-DEL01-RJ"
326684;2020-12-09;"quarta-feira";"08:30:00";"MT";163;844;"SINOP";"Desobediência às normas de trânsito pelo condutor";"Colisão transversal";"Com Vítimas Feridas";"Pleno dia";"Crescente";"Céu Claro";"Simples";"Reta";"Não";2;0;1;0;1;0;1;2;-11,783173;-55,474977;"SPRF-MT";"DEL06-MT";"NPF/DEL06-MT"
326687;2020-12-09;"quarta-feira";"09:20:00";"RS";158;329;"SANTA MARIA";"Desobediência às normas de trânsito pelo condutor";"Colisão lateral";"Com Vítimas Feridas";"Pleno dia";"Decrescente";"Céu Claro";"Dupla";"Rotatória";"Sim";2;0;1;0;1;0;1;2;-29,70035507;-53,84090424;"SPRF-RS";"DEL09-RS";"UOP01-DEL09-RS"
326690;2020-12-08;"terça-feira";"10:30:00";"MA";135;180;"SAO MATEUS DO MARANHAO";"Pista Escorregadia";"Queda de ocupante de veículo";"Com Vítimas Feridas";"Pleno dia";"Decrescente";"Sol";"Simples";"Reta";"Sim";1;0;1;0;0;0;1;1;-4,02061306;-44,46649723;"SPRF-MA";"DEL01-MA";"UOP02-DEL01-MA"
326692;2020-12-09;"quarta-feira";"09:40:00";"MG";262;36,8;"MANHUACU";"Falta de Atenção à Condução";"Colisão transversal";"Com Vítimas Feridas";"Pleno dia";"Crescente";"Garoa/Chuvisco";"Simples";"Rotatória;Interseção de Vias";"Sim";2;0;1;0;1;0;1;2;-20,26673633;-42,03636289;"SPRF-MG";"DEL06-MG";"UOP03-DEL06-MG"
326693;2020-12-09;"quarta-feira";"09:15:00";"MT";163;1022;"PEIXOTO DE AZEVEDO";"Falta de Atenção do Pedestre";"Atropelamento de Pedestre";"Com Vítimas Feridas";"Pleno dia";"Decrescente";"Céu Claro";"Simples";"Reta";"Não";3;0;0;1;1;1;1;2;-10,300422;-55,032398;"SPRF-MT";"DEL06-MT";"NPF/DEL06-MT"
326694;2020-10-22;"quinta-feira";"12:00:00";"TO";235;197;"GUARAI";"Velocidade Incompatível";"Saída de leito carroçável";"Com Vítimas Feridas";"Pleno dia";"Decrescente";"Céu Claro";"Simples";"Reta";"Não";1;0;1;0;0;0;1;1;-8,94701976;-48,43550884;"SPRF-TO";"DEL02-TO";"UOP02-DEL02-TO"
326695;2020-12-09;"quarta-feira";"10:45:00";"MG";459;102,9;"POUSO ALEGRE";"Falta de Atenção à Condução";"Saída de leito carroçável";"Com Vítimas Feridas";"Pleno dia";"Decrescente";"Nublado";"Dupla";"Curva;Declive";"Não";3;0;3;0;0;0;3;1;-22,22842809;-45,90196252;"SPRF-MG";"DEL16-MG";"UOP01-DEL16-MG"
326696;2020-12-09;"quarta-feira";"08:30:00";"RJ";101;328;"NITEROI";"Defeito Mecânico no Veículo";"Tombamento";"Com Vítimas Feridas";"Pleno dia";"Decrescente";"Nublado";"Múltipla";"Reta";"Não";1;0;1;0;0;0;1;1;-22,87028692;-43,16579699;"SPRF-RJ";"DEL02-RJ";"UOP02-DEL02-RJ"
326697;2020-12-09;"quarta-feira";"08:00:00";"SC";470;140,8;"RIO DO SUL";"Desobediência às normas de trânsito pelo condutor";"Colisão traseira";"Com Vítimas Feridas";"Pleno dia";"Decrescente";"Sol";"Simples";"Reta";"Sim";2;0;0;1;1;0;1;2;-27,20612059;-49,64686275;"SPRF-SC";"DEL04-SC";"UOP02-DEL04-SC"
326698;2020-12-09;"quarta-feira";"11:05:00";"SC";101;206,2;"SAO JOSE";"Falta de Atenção à Condução";"Colisão lateral";"Com Vítimas Feridas";"Pleno dia";"Crescente";"Céu Claro";"Dupla";"Reta";"Sim";2;0;1;0;1;0;1;2;-27,59193546;-48,61824557;"SPRF-SC";"DEL01-SC";"UOP01-DEL01-SC"
326700;2020-12-09;"quarta-feira";"09:30:00";"SC";101;119,4;"ITAJAI";"Falta de Atenção à Condução";"Tombamento";"Com Vítimas Feridas";"Pleno dia";"Crescente";"Céu Claro";"Múltipla";"Reta";"Não";2;0;0;1;0;1;1;2;-26,90854267;-48,71376514;"SPRF-SC";"DEL04-SC";"UOP04-DEL04-SC"
326701;2020-12-09;"quarta-feira";"11:20:00";"CE";116;5,8;"FORTALEZA";"Desobediência às normas de trânsito pelo pedestre";"Atropelamento de Pedestre";"Com Vítimas Feridas";"Pleno dia";"Crescente";"Céu Claro";"Dupla";"Viaduto";"Sim";2;0;1;0;1;0;1;2;-3,79467116;-38,50772734;"SPRF-CE";"DEL01-CE";"UOP02-DEL01-CE"
326703;2020-12-09;"quarta-feira";"12:00:00";"PE";101;45,2;"IGARASSU";"Não guardar distância de segurança";"Colisão traseira";"Com Vítimas Feridas";"Pleno dia";"Decrescente";"Céu Claro";"Múltipla";"Reta";"Sim";2;0;0;1;1;0;1;2;-7,86521297;-34,90715176;"SPRF-PE";"DEL01-PE";"UOP02-DEL01-PE"
326704;2020-12-09;"quarta-feira";"10:00:00";"BA";415;17,5;"ILHEUS";"Sinalização da via insuficiente ou inadequada";"Engavetamento";"Sem Vítimas";"Pleno dia";"Crescente";"Céu Claro";"Simples";"Reta;Aclive";"Não";7;0;0;0;7;0;0;6;-14,8482;-39,281986;"SPRF-BA";"DEL05-BA";"UOP01-DEL05-BA"
326707;2020-12-09;"quarta-feira";"10:40:00";"MG";381;423,4;"CAETE";"Desobediência às normas de trânsito pelo pedestre";"Atropelamento de Pedestre";"Com Vítimas Feridas";"Pleno dia";"Crescente";"Chuva";"Dupla";"Curva;Declive";"Não";2;0;0;1;1;0;1;2;-19,78973406;-43,67222724;"SPRF-MG";"DEL01-MG";"UOP01-DEL01-MG"
326709;2020-12-09;"quarta-feira";"12:00:00";"ES";101;299,8;"VIANA";"Falta de Atenção à Condução";"Tombamento";"Com Vítimas Feridas";"Pleno dia";"Crescente";"Nublado";"Dupla";"Reta";"Sim";1;0;1;0;0;0;1;1;-20,35860628;-40,42327504;"SPRF-ES";"DEL01-ES";"UOP01-DEL01-ES"
326711;2020-12-09;"quarta-feira";"12:30:00";"PR";476;180,7;"LAPA";"Velocidade Incompatível";"Saída de leito carroçável";"Com Vítimas Feridas";"Pleno dia";"Crescente";"Céu Claro";"Simples";"Curva";"Sim";1;0;1;0;0;0;1;1;-25,706665;-49,591278;"SPRF-PR";"DEL02-PR";"UOP04-DEL02-PR"
326712;2020-12-09;"quarta-feira";"12:30:00";"SC";101;151;"ITAPEMA";"Falta de Atenção à Condução";"Colisão transversal";"Com Vítimas Feridas";"Pleno dia";"Crescente";"Sol";"Simples";"Reta";"Sim";2;0;1;0;1;0;1;2;-27,126536;-48,609642;"SPRF-SC";"DEL04-SC";"UOP03-DEL04-SC"
326714;2020-11-23;"segunda-feira";"06:30:00";"ES";101;65;"SAO MATEUS";"Desobediência às normas de trânsito pelo condutor";"Colisão transversal";"Com Vítimas Feridas";"Pleno dia";"Decrescente";"Chuva";"Dupla";"Retorno Regulamentado";"Sim";3;0;0;1;0;2;1;3;-18,70935945;-39,87762087;"SPRF-ES";"DEL04-ES";"UOP02-DEL04-ES"
326715;2020-12-09;"quarta-feira";"12:20:00";"MS";376;118,8;"IVINHEMA";"Falta de Atenção à Condução";"Colisão transversal";"Com Vítimas Feridas";"Pleno dia";"Decrescente";"Sol";"Simples";"Reta";"Não";4;0;2;0;2;0;2;2;-22,32198632;-53,80354106;"SPRF-MS";"DEL04-MS";"UOP04-DEL04-MS"
326716;2020-10-18;"domingo";"15:00:00";"PR";116;16;"CAMPINA GRANDE DO SUL";"Pista Escorregadia";"Saída de leito carroçável";"Com Vítimas Feridas";"Pleno dia";"Decrescente";"Garoa/Chuvisco";"Múltipla";"Curva";"Sim";3;0;1;0;2;0;1;1;-25,09969807;-48,692225;"SPRF-PR";"DEL01-PR";"UOP02-DEL01-PR"
326717;2020-12-09;"quarta-feira";"12:58:00";"RO";319;62;"PORTO VELHO";"Não guardar distância de segurança";"Colisão traseira";"Com Vítimas Feridas";"Pleno dia";"Decrescente";"Céu Claro";"Dupla";"Reta";"Sim";2;0;1;0;1;0;1;2;-8,766685;-63,884052;"SPRF-RO";"DEL01-RO";"UOP01-DEL01-RO"
326718;2020-12-09;"quarta-feira";"13:45:00";"MG";365;621;"UBERLANDIA";"Não guardar distância de segurança";"Colisão traseira";"Sem Vítimas";"Pleno dia";"Crescente";"Nublado";"Dupla";"Declive";"Sim";2;0;0;0;2;0;0;2;-18,9048022;-48,29052803;"SPRF-MG";"DEL15-MG";"UOP01-DEL15-MG"
326720;2020-12-09;"quarta-feira";"13:30:00";"PR";277;0,5;"PARANAGUA";"Não guardar distância de segurança";"Colisão lateral";"Com Vítimas Feridas";"Pleno dia";"Decrescente";"Sol";"Simples";"Curva";"Sim";2;0;2;0;0;0;2;2;-25,5233316;-48,5474426;"SPRF-PR";"DEL01-PR";"UOP05-DEL01-PR"
326721;2020-12-09;"quarta-feira";"14:00:00";"PE";101;153,2;"RIBEIRAO";"Defeito Mecânico no Veículo";"Incêndio";"Sem Vítimas";"Pleno dia";"Decrescente";"Céu Claro";"Dupla";"Reta";"Não";1;0;0;0;0;1;0;1;-8,51960799;-35,38997595;"SPRF-PE";"DEL01-PE";"UOP03-DEL01-PE"
326723;2020-12-09;"quarta-feira";"13:55:00";"RS";116;234,5;"NOVO HAMBURGO";"Falta de Atenção à Condução";"Colisão traseira";"Com Vítimas Feridas";"Pleno dia";"Decrescente";"Sol";"Simples";"Reta";"Sim";2;0;1;0;1;0;1;2;-29,6532719;-51,14462972;"SPRF-RS";"DEL01-RS";"UOP02-DEL01-RS"
326724;2020-12-05;"sábado";"02:00:00";"PI";230;307;"FLORIANO";"Condutor Dormindo";"Saída de leito carroçável";"Sem Vítimas";"Plena Noite";"Decrescente";"Céu Claro";"Simples";"Reta";"Sim";1;0;0;0;1;0;0;1;-6,78667452;-42,99358035;"SPRF-PI";"DEL03-PI";"UOP01-DEL03-PI"
326725;2020-12-09;"quarta-feira";"14:30:00";"MG";40;477,5;"SETE LAGOAS";"Falta de Atenção à Condução";"Saída de leito carroçável";"Com Vítimas Feridas";"Pleno dia";"Decrescente";"Nublado";"Dupla";"Reta";"Não";2;0;0;1;1;0;1;1;-19,52130888;-44,26525586;"SPRF-MG";"DEL02-MG";"UOP01-DEL02-MG"
326726;2020-12-09;"quarta-feira";"14:30:00";"ES";101;296,8;"CARIACICA";"Defeito Mecânico no Veículo";"Saída de leito carroçável";"Sem Vítimas";"Pleno dia";"Decrescente";"Chuva";"Múltipla";"Curva;Aclive;Viaduto";"Sim";1;0;0;0;1;0;0;1;-20,34029997;-40,40405712;"SPRF-ES";"DEL01-ES";"UOP01-DEL01-ES"
326728;2020-12-09;"quarta-feira";"14:15:00";"ES";101;242,9;"SERRA";"Falta de Atenção à Condução";"Capotamento";"Com Vítimas Feridas";"Pleno dia";"Decrescente";"Céu Claro";"Simples";"Reta";"Não";1;0;1;0;0;0;1;1;-20,0321348;-40,39675773;"SPRF-ES";"DEL02-ES";"UOP01-DEL02-ES"
326729;2020-12-09;"quarta-feira";"13:40:00";"PR";476;115,9;"COLOMBO";"Desobediência às normas de trânsito pelo condutor";"Colisão frontal";"Com Vítimas Feridas";"Pleno dia";"Crescente";"Chuva";"Dupla";"Reta";"Sim";2;0;1;0;1;0;1;2;-25,344196;-49,159679;"SPRF-PR";"DEL01-PR";"UOP02-DEL01-PR"
326732;2020-12-09;"quarta-feira";"14:25:00";"SC";101;121,5;"ITAJAI";"Falta de Atenção à Condução";"Colisão traseira";"Com Vítimas Feridas";"Pleno dia";"Crescente";"Sol";"Dupla";"Reta";"Não";3;0;1;0;2;0;1;2;-26,92103178;-48,70856446;"SPRF-SC";"DEL04-SC";"UOP04-DEL04-SC"
326733;2020-12-09;"quarta-feira";"14:15:00";"SP";116;54;"LORENA";"Objeto estático sobre o leito carroçável";"Colisão com objeto estático";"Com Vítimas Feridas";"Pleno dia";"Crescente";"Nublado";"Dupla";"Reta";"Não";3;0;1;0;0;2;1;2;-22,75803895;-45,11508003;"SPRF-SP";"DEL08-SP";"UOP01-DEL08-SP"
326734;2020-12-09;"quarta-feira";"14:30:00";"SP";116;227,6;"SAO PAULO";"Falta de Atenção à Condução";"Colisão lateral";"Com Vítimas Feridas";"Pleno dia";"Crescente";"Céu Claro";"Múltipla";"Reta";"Sim";2;0;1;0;1;0;1;2;-23,49659264;-46,55648754;"SPRF-SP";"DEL01-SP";"UOP01-DEL01-SP"
326735;2020-12-09;"quarta-feira";"15:00:00";"PE";101;70,3;"RECIFE";"Não guardar distância de segurança";"Colisão traseira";"Com Vítimas Feridas";"Pleno dia";"Crescente";"Sol";"Múltipla";"Reta";"Sim";2;0;1;0;0;1;1;2;-8,06776119;-34,94265074;"SPRF-PE";"DEL01-PE";"UOP01-DEL01-PE"
326736;2020-12-09;"quarta-feira";"15:10:00";"RN";110;46;"MOSSORO";"Falta de Atenção à Condução";"Colisão traseira";"Com Vítimas Feridas";"Pleno dia";"Decrescente";"Céu Claro";"Simples";"Reta";"Sim";2;0;1;0;1;0;1;2;-5,19797675;-37,31839819;"SPRF-RN";"DEL04-RN";"UOP01-DEL04-RN"
326737;2020-03-12;"quinta-feira";"20:00:00";"SC";280;276;"IRINEOPOLIS";"Desobediência às normas de trânsito pelo condutor";"Tombamento";"Com Vítimas Feridas";"Plena Noite";"Crescente";"Chuva";"Simples";"Curva";"Não";1;0;1;0;0;0;1;1;-26,29094385;-50,78951966;"SPRF-SC";"DEL06-SC";"UOP04-DEL06-SC"
326739;2020-12-09;"quarta-feira";"12:00:00";"PI";343;279;"CAMPO MAIOR";"Desobediência às normas de trânsito pelo condutor";"Colisão frontal";"Com Vítimas Fatais";"Pleno dia";"Decrescente";"Nublado";"Simples";"Reta";"Não";5;1;4;0;0;0;4;2;-4,913158;-42,253706;"SPRF-PI";"DEL01-PI";"UOP03-DEL01-PI"
326742;2020-12-09;"quarta-feira";"13:00:00";"RS";290;363,7;"VILA NOVA DO SUL";"Falta de Atenção à Condução";"Saída de leito carroçável";"Com Vítimas Feridas";"Pleno dia";"Decrescente";"Céu Claro";"Simples";"Reta";"Não";4;0;1;0;3;0;1;1;-30,373426;-53,80323;"SPRF-RS";"DEL09-RS";"UOP02-DEL09-RS"
326743;2020-12-09;"quarta-feira";"15:30:00";"PR";376;188;"MARIALVA";"Avarias e/ou desgaste excessivo no pneu";"Queda de ocupante de veículo";"Com Vítimas Feridas";"Pleno dia";"Crescente";"Céu Claro";"Dupla";"Reta";"Sim";1;0;1;0;0;0;1;1;-23,46634923;-51,82808011;"SPRF-PR";"DEL09-PR";"UOP01-DEL09-PR"
326744;2020-12-03;"quinta-feira";"12:15:00";"MG";381;637;"SANTO ANTONIO DO AMPARO";"Avarias e/ou desgaste excessivo no pneu";"Capotamento";"Com Vítimas Feridas";"Pleno dia";"Decrescente";"Ignorado";"Dupla";"Curva";"Não";1;0;1;0;0;0;1;1;-20,96264187;-44,929533;"SPRF-MG";"DEL04-MG";"UOP01-DEL04-MG"
326745;2020-12-09;"quarta-feira";"12:00:00";"PE";316;353;"PETROLANDIA";"Defeito Mecânico no Veículo";"Incêndio";"Sem Vítimas";"Pleno dia";"Crescente";"Sol";"Simples";"Reta";"Não";1;0;0;0;1;0;0;1;-8,88336709;-38,27402105;"SPRF-PE";"DEL04-PE";"UOP03-DEL04-PE"
326746;2020-12-09;"quarta-feira";"16:00:00";"RJ";116;175;"NOVA IGUACU";"Falta de Atenção à Condução";"Queda de ocupante de veículo";"Com Vítimas Feridas";"Pleno dia";"Crescente";"Nublado";"Múltipla";"Reta";"Sim";1;0;1;0;0;0;1;1;-22,78923555;-43,37275272;"SPRF-RJ";"DEL01-RJ";"UOP02-DEL01-RJ"
326750;2020-12-09;"quarta-feira";"15:00:00";"GO";153;625;"MORRINHOS";"Condutor Dormindo";"Saída de leito carroçável";"Com Vítimas Feridas";"Pleno dia";"Decrescente";"Nublado";"Dupla";"Reta";"Não";5;0;2;0;3;0;2;1;-17,7647;-49,1676;"SPRF-GO";"DEL03-GO";"UOP01-DEL03-GO"
326751;2020-12-09;"quarta-feira";"16:20:00";"RJ";101;60;"CAMPOS DOS GOYTACAZES";"Ultrapassagem Indevida";"Queda de ocupante de veículo";"Com Vítimas Feridas";"Pleno dia";"Decrescente";"Chuva";"Simples";"Reta";"Sim";1;0;1;0;0;0;1;1;-21,72048414;-41,31448591;"SPRF-RJ";"DEL08-RJ";"UOP01-DEL08-RJ"
326753;2020-12-09;"quarta-feira";"14:42:00";"MG";50;129;"UBERABA";"Velocidade Incompatível";"Saída de leito carroçável";"Sem Vítimas";"Pleno dia";"Decrescente";"Nublado";"Dupla";"Reta";"Não";1;0;0;0;1;0;0;1;-19,37184398;-48,07827086;"SPRF-MG";"DEL13-MG";"UOP01-DEL13-MG"
326755;2020-12-09;"quarta-feira";"16:30:00";"SP";381;75;"SAO PAULO";"Avarias e/ou desgaste excessivo no pneu";"Saída de leito carroçável";"Com Vítimas Feridas";"Pleno dia";"Decrescente";"Garoa/Chuvisco";"Múltipla";"Curva;Declive";"Não";2;0;2;0;0;0;2;1;-23,37660089;-46,56409613;"SPRF-SP";"DEL03-SP";"UOP01-DEL03-SP"
326756;2020-12-09;"quarta-feira";"16:35:00";"RS";116;270;"CANOAS";"Falta de Atenção à Condução";"Queda de ocupante de veículo";"Com Vítimas Feridas";"Pleno dia";"Decrescente";"Céu Claro";"Múltipla";"Reta";"Não";1;0;1;0;0;0;1;1;-29,96839095;-51,17623895;"SPRF-RS";"DEL01-RS";"UOP01-DEL01-RS"
326757;2020-12-09;"quarta-feira";"16:50:00";"DF";20;46;"BRASILIA";"Velocidade Incompatível";"Capotamento";"Com Vítimas Feridas";"Pleno dia";"Crescente";"Sol";"Dupla";"Declive";"Não";1;0;0;1;0;0;1;1;-15,580584;-47,458492;"SPRF-DF";"DEL02-DF";"UOP01-DEL02-DF"
326758;2020-12-09;"quarta-feira";"16:45:00";"SP";116;565;"BARRA DO TURVO";"Falta de Atenção à Condução";"Saída de leito carroçável";"Com Vítimas Feridas";"Pleno dia";"Crescente";"Céu Claro";"Simples";"Curva";"Não";2;0;2;0;0;0;2;1;-25,03601535;-48,54577303;"SPRF-SP";"DEL05-SP";"UOP02-DEL05-SP"
326759;2020-12-09;"quarta-feira";"15:10:00";"PB";230;170,3;"CAMPINA GRANDE";"Não guardar distância de segurança";"Colisão traseira";"Sem Vítimas";"Pleno dia";"Crescente";"Sol";"Simples";"Reta";"Sim";2;0;0;0;2;0;0;2;-7,18237409;-35,98426938;"SPRF-PB";"DEL02-PB";"UOP02-DEL02-PB"
326761;2020-12-09;"quarta-feira";"16:50:00";"PB";230;17,3;"JOAO PESSOA";"Falta de Atenção à Condução";"Colisão traseira";"Com Vítimas Feridas";"Anoitecer";"Crescente";"Céu Claro";"Dupla";"Curva";"Sim";3;0;0;1;1;1;1;2;-7,11677222;-34,84231537;"SPRF-PB";"DEL01-PB";"UOP01-DEL01-PB"