"id";"data_inversa";"dia_semana";"horario";"uf";"br";"km";"municipio";"causa_acidente";"tipo_acidente";"classificacao_acidente";"fase_dia";"sentido_via";"condicao_metereologica";"tipo_pista";"tracado_via";"uso_solo";"pessoas";"mortos";"feridos_leves";"feridos_graves";"ilesos";"ignorados";"feridos";"veiculos";"latitude";"longitude";"regional";"delegacia";"uop"
326910;2020-12-10;"quinta-feira";"13:22:00";"SC";282;16,4;"PALHOCA";"Desobediência às normas de trânsito pelo condutor";"Colisão transversal";"Com Vítimas Feridas";"Pleno dia";"Crescente";"Céu Claro";"Simples";"Reta";"Sim";4;0;2;0;2;0;2;2;-27,66180738;-48,68466854;"SPRF-SC";"DEL01-SC";"UOP02-DEL01-SC"
326912;2020-12-10;"quinta-feira";"14:00:00";"PR";376;5;"APUCARANA";"Mal Súbito";"Colisão transversal";"Com Vítimas Feridas";"Pleno dia";"Decrescente";"Céu Claro";"Simples";"Interseção de Vias";"Sim";2;0;1;0;1;0;1;2;-23,5513;-51,461266;"SPRF-PR";"DEL07-PR";"UOP03-DEL07-PR"
326913;2020-12-10;"quinta-feira";"14:15:00";"PR";369;155;"LONDRINA";"Desobediência às normas de trânsito pelo condutor";"Colisão transversal";"Com Vítimas Feridas";"Pleno dia";"Crescente";"Sol";"Dupla";"Reta;Interseção de Vias";"Não";2;0;0;1;1;0;1;2;-23,29555518;-51,20839119;"SPRF-PR";"DEL07-PR";"UOP01-DEL07-PR"
326914;2020-12-10;"quinta-feira";"14:20:00";"PR";376;215,9;"JANDAIA DO SUL";"Falta de Atenção à Condução";"Colisão transversal";"Com Vítimas Feridas";"Pleno dia";"Crescente";"Céu Claro";"Simples";"Interseção de Vias";"Não";2;0;0;1;1;0;1;2;-23,58845388;-51,64569844;"SPRF-PR";"DEL09-PR";"UOP01-DEL09-PR"
326917;2020-12-10;"quinta-feira";"07:00:00";"MA";135;138;"MATOES DO NORTE";"Defeito na Via";"Saída de leito carroçável";"Com Vítimas Feridas";"Pleno dia";"Decrescente";"Céu Claro";"Simples";"Reta";"Não";3;0;0;1;1;1;1;2;-3,65746779;-44,53946857;"SPRF-MA";"DEL01-MA";"UOP02-DEL01-MA"
326918;2020-06-30;"terça-feira";"08:05:00";"PI";316;6,1;"TERESINA";"Não guardar distância de segurança";"Colisão lateral";"Com Vítimas Feridas";"Pleno dia";"Crescente";"Céu Claro";"Dupla";"Reta";"Sim";2;0;0;1;1;0;1;2;-5,15186508;-42,77314425;"SPRF-PI";"DEL01-PI";"UOP02-DEL01-PI"
326922;2020-12-10;"quinta-feira";"15:03:00";"SC";101;44,9;"JOINVILLE";"Desobediência às normas de trânsito pelo condutor";"Colisão transversal";"Com Vítimas Fatais";"Pleno dia";"Decrescente";"Céu Claro";"Múltipla";"Interseção de Vias";"Sim";2;1;0;0;1;0;0;2;-26,34865704;-48,85700583;"SPRF-SC";"DEL03-SC";"UOP01-DEL03-SC"
326925;2020-10-16;"sexta-feira";"18:13:00";"MG";365;624;"UBERLANDIA";"Falta de Atenção à Condução";"Colisão traseira";"Com Vítimas Feridas";"Anoitecer";"Crescente";"Céu Claro";"Dupla";"Reta";"Não";3;0;0;2;0;1;2;3;-18,9064083;-48,3187294;"SPRF-MG";"DEL15-MG";"UOP01-DEL15-MG"
326926;2020-12-10;"quinta-feira";"15:40:00";"RJ";116;137;"DUQUE DE CAXIAS";"Desobediência às normas de trânsito pelo condutor";"Colisão lateral";"Com Vítimas Feridas";"Pleno dia";"Crescente";"Céu Claro";"Dupla";"Reta";"Sim";2;0;1;0;1;0;1;2;-22,6472;-43,226205;"SPRF-RJ";"DEL04-RJ";"UOP02-DEL04-RJ"
326927;2020-12-10;"quinta-feira";"14:35:00";"SP";153;53,5;"SAO JOSE DO RIO PRETO";"Falta de Atenção à Condução";"Saída de leito carroçável";"Sem Vítimas";"Pleno dia";"Crescente";"Nublado";"Dupla";"Reta";"Sim";1;0;0;0;1;0;0;1;-20,73603199;-49,33803779;"SPRF-SP";"DEL09-SP";"UOP01-DEL09-SP"
326930;2020-12-10;"quinta-feira";"15:30:00";"RS";116;231,5;"ESTANCIA VELHA";"Ingestão de Álcool";"Colisão frontal";"Com Vítimas Feridas";"Pleno dia";"Crescente";"Céu Claro";"Simples";"Curva";"Não";3;0;1;0;2;0;1;2;-29,62743221;-51,13858608;"SPRF-RS";"DEL01-RS";"UOP02-DEL01-RS"
326933;2020-12-10;"quinta-feira";"15:00:00";"MT";163;816;"SINOP";"Falta de Atenção à Condução";"Colisão transversal";"Com Vítimas Feridas";"Pleno dia";"Decrescente";"Nublado";"Simples";"Rotatória";"Não";3;0;2;0;1;0;2;2;-12,02571853;-55,51729501;"SPRF-MT";"DEL06-MT";"UOP01-DEL06-MT"
326934;2020-12-10;"quinta-feira";"16:20:00";"SP";116;337;"MIRACATU";"Desobediência às normas de trânsito pelo condutor";"Colisão lateral";"Com Vítimas Feridas";"Pleno dia";"Decrescente";"Céu Claro";"Simples";"Interseção de Vias";"Sim";3;0;2;0;1;0;2;2;-23,9818403;-47,14564419;"SPRF-SP";"DEL04-SP";"UOP01-DEL04-SP"
326935;2020-12-10;"quinta-feira";"15:40:00";"SC";101;62,4;"ARAQUARI";"Falta de Atenção à Condução";"Colisão traseira";"Com Vítimas Feridas";"Pleno dia";"Crescente";"Céu Claro";"Dupla";"Reta";"Não";3;0;1;0;2;0;1;2;-26,45504246;-48,76711901;"SPRF-SC";"DEL03-SC";"UOP02-DEL03-SC"
326936;2020-12-10;"quinta-feira";"16:30:00";"RN";304;282;"MACAIBA";"Falta de Atenção à Condução";"Engavetamento";"Com Vítimas Feridas";"Pleno dia";"Decrescente";"Céu Claro";"Simples";"Reta";"Não";5;0;1;0;4;0;1;4;-5,88438109;-35,47231297;"SPRF-RN";"DEL01-RN";"UOP02-DEL01-RN"
326938;2020-12-10;"quinta-feira";"15:50:00";"CE";222;0,5;"FORTALEZA";"Não guardar distância de segurança";"Engavetamento";"Com Vítimas Feridas";"Pleno dia";"Crescente";"Céu Claro";"Múltipla";"Reta";"Sim";5;0;1;0;4;0;1;4;-3,7367737;-38,56923;"SPRF-CE";"DEL01-CE";"UOP01-DEL01-CE"
326939;2020-12-10;"quinta-feira";"16:35:00";"RS";290;91;"PORTO ALEGRE";"Avarias e/ou desgaste excessivo no pneu";"Colisão com objeto estático";"Com Vítimas Feridas";"Pleno dia";"Crescente";"Céu Claro";"Dupla";"Reta";"Sim";3;0;1;0;2;0;1;1;-29,969055;-51,167439;"SPRF-RS";"DEL01-RS";"UOP01-DEL01-RS"
326940;2020-12-10;"quinta-feira";"14:40:00";"SP";116;155,2;"SAO JOSE DOS CAMPOS";"Desobediência às normas de trânsito pelo condutor";"Colisão lateral";"Com Vítimas Feridas";"Pleno dia";"Decrescente";"Nublado";"Dupla";"Declive";"Não";2;0;1;0;0;1;1;2;-23,24524337;-45,92772774;"SPRF-SP";"DEL02-SP";"UOP01-DEL02-SP"
326941;2020-12-10;"quinta-feira";"16:30:00";"SP";381;85;"SAO PAULO";"Falta de Atenção à Condução";"Atropelamento de Pedestre";"Sem Vítimas";"Pleno dia";"Decrescente";"Céu Claro";"Dupla";"Reta";"Não";1;0;0;0;0;1;0;1;-23,449343;-46,56983501;"SPRF-SP";"DEL03-SP";"UOP01-DEL03-SP"
326942;2020-12-10;"quinta-feira";"13:00:00";"SP";116;443;"REGISTRO";"Falta de Atenção à Condução";"Queda de ocupante de veículo";"Sem Vítimas";"Pleno dia";"Crescente";"Céu Claro";"Dupla";"Reta";"Sim";1;0;0;0;0;1;0;1;-24,48336513;-47,8324358;"SPRF-SP";"DEL05-SP";"UOP01-DEL05-SP"
326943;2020-12-10;"quinta-feira";"14:10:00";"MA";135;95,1;"ITAPECURU MIRIM";"Falta de Atenção à Condução";"Colisão traseira";"Com Vítimas Feridas";"Pleno dia";"Decrescente";"Céu Claro";"Simples";"Reta";"Sim";2;0;0;1;1;0;1;2;-3,3279719;-44,44236412;"SPRF-MA";"DEL01-MA";"UOP02-DEL01-MA"
326944;2020-12-10;"quinta-feira";"16:30:00";"BA";116;828;"VITORIA DA CONQUISTA";"Falta de Atenção à Condução";"Colisão transversal";"Com Vítimas Feridas";"Pleno dia";"Decrescente";"Céu Claro";"Simples";"Rotatória;Reta";"Sim";4;0;1;0;3;0;1;3;-14,82955364;-40,83059006;"SPRF-BA";"DEL08-BA";"UOP01-DEL08-BA"
326945;2020-12-10;"quinta-feira";"17:00:00";"BA";116;823;"VITORIA DA CONQUISTA";"Desobediência às normas de trânsito pelo condutor";"Colisão transversal";"Sem Vítimas";"Pleno dia";"Crescente";"Céu Claro";"Dupla";"Interseção de Vias";"Sim";2;0;0;0;2;0;0;2;-14,85805638;-40,8495605;"SPRF-BA";"DEL08-BA";"UOP01-DEL08-BA"
326947;2020-12-10;"quinta-feira";"16:30:00";"PR";369;190;"ARAPONGAS";"Falta de Atenção à Condução";"Colisão traseira";"Com Vítimas Feridas";"Pleno dia";"Crescente";"Céu Claro";"Dupla";"Reta";"Não";2;0;1;0;1;0;1;2;-23,4559269;-51,4234886;"SPRF-PR";"DEL07-PR";"UOP03-DEL07-PR"
326949;2020-12-10;"quinta-feira";"17:00:00";"BA";101;102,9;"ALAGOINHAS";"Desobediência às normas de trânsito pelo condutor";"Colisão traseira";"Com Vítimas Feridas";"Anoitecer";"Crescente";"Céu Claro";"Simples";"Reta";"Não";2;0;1;0;1;0;1;2;-12,15440191;-38,40413906;"SPRF-BA";"DEL01-BA";"UOP04-DEL01-BA"
326951;2020-12-10;"quinta-feira";"15:00:00";"MT";163;45,5;"ITIQUIRA";"Pista Escorregadia";"Saída de leito carroçável";"Com Vítimas Feridas";"Pleno dia";"Decrescente";"Chuva";"Dupla";"Declive";"Não";1;0;1;0;0;0;1;1;-17,11943901;-54,75996707;"SPRF-MT";"DEL02-MT";"UOP01-DEL02-MT"
326952;2020-12-10;"quinta-feira";"17:20:00";"BA";367;84;"EUNAPOLIS";"Falta de Atenção à Condução";"Colisão transversal";"Com Vítimas Feridas";"Pleno dia";"Decrescente";"Céu Claro";"Múltipla";"Interseção de Vias";"Sim";2;0;1;1;0;0;2;2;-16,37465;-39,579426;"SPRF-BA";"DEL09-BA";"UOP01-DEL09-BA"
326955;2020-12-10;"quinta-feira";"15:50:00";"SC";101;209;"SAO JOSE";"Falta de Atenção à Condução";"Colisão traseira";"Com Vítimas Feridas";"Pleno dia";"Decrescente";"Nublado";"Dupla";"Reta";"Sim";2;0;1;0;1;0;1;2;-27,61000542;-48,63895057;"SPRF-SC";"DEL01-SC";"UOP01-DEL01-SC"
326957;2020-12-10;"quinta-feira";"17:20:00";"GO";60;8,5;"ALEXANIA";"Avarias e/ou desgaste excessivo no pneu";"Capotamento";"Com Vítimas Feridas";"Pleno dia";"Decrescente";"Céu Claro";"Dupla";"Reta";"Não";4;0;2;0;2;0;2;1;-16,094168;-48,517212;"SPRF-DF";"DEL03-DF";"UOP01-DEL03-DF"
326960;2020-12-10;"quinta-feira";"11:45:00";"MG";381;481;"CONTAGEM";"Ultrapassagem Indevida";"Colisão traseira";"Com Vítimas Feridas";"Pleno dia";"Decrescente";"Chuva";"Múltipla";"Reta";"Sim";2;0;1;0;1;0;1;2;-19,9593156112;-44,088255969;"SPRF-MG";"DEL01-MG";"UOP03-DEL01-MG"
326966;2020-12-10;"quinta-feira";"17:30:00";"RN";304;36;"MOSSORO";"Falta de Atenção à Condução";"Colisão traseira";"Com Vítimas Feridas";"Anoitecer";"Decrescente";"Céu Claro";"Dupla";"Viaduto";"Sim";2;0;0;1;1;0;1;2;-5,16853634;-37,35540171;"SPRF-RN";"DEL04-RN";"UOP02-DEL04-RN"
326967;2020-12-10;"quinta-feira";"17:50:00";"SP";153;27,5;"NOVA GRANADA";"Objeto estático sobre o leito carroçável";"Tombamento";"Com Vítimas Feridas";"Pleno dia";"Decrescente";"Chuva";"Simples";"Reta";"Não";1;0;0;1;0;0;1;1;-20,51309795;-49,32308726;"SPRF-SP";"DEL09-SP";"UOP01-DEL09-SP"
326968;2020-12-10;"quinta-feira";"16:20:00";"GO";60;438;"JATAI";"Falta de Atenção à Condução";"Saída de leito carroçável";"Com Vítimas Feridas";"Pleno dia";"Decrescente";"Nublado";"Dupla";"Declive";"Não";3;0;0;3;0;0;3;1;-17,83778734;-51,41786098;"SPRF-GO";"DEL04-GO";"UOP01-DEL04-GO"
326969;2020-12-10;"quinta-feira";"17:40:00";"PR";153;18,4;"JACAREZINHO";"Desobediência às normas de trânsito pelo condutor";"Colisão traseira";"Com Vítimas Feridas";"Pleno dia";"Decrescente";"Céu Claro";"Dupla";"Reta";"Sim";2;0;1;0;1;0;1;2;-23,14321582;-49,94911225;"SPRF-PR";"DEL07-PR";"UOP04-DEL07-PR"
326973;2020-12-10;"quinta-feira";"18:40:00";"AL";316;244;"ATALAIA";"Falta de Atenção do Pedestre";"Atropelamento de Pedestre";"Com Vítimas Feridas";"Plena Noite";"Decrescente";"Céu Claro";"Simples";"Reta;Interseção de Vias";"Sim";2;0;1;0;1;0;1;2;-9,51022028;-36,00471385;"SPRF-AL";"DEL01-AL";"UOP01-DEL01-AL"
326974;2020-12-10;"quinta-feira";"16:20:00";"RJ";101;596,6;"PARATY";"Pista Escorregadia";"Colisão frontal";"Com Vítimas Fatais";"Pleno dia";"Crescente";"Chuva";"Simples";"Curva;Declive";"Não";4;1;0;0;3;0;0;2;-23,34188139;-44,74117913;"SPRF-RJ";"DEL03-RJ";"UOP04-DEL03-RJ"
326975;2020-12-10;"quinta-feira";"08:30:00";"PB";110;189;"MONTEIRO";"Defeito Mecânico no Veículo";"Colisão com objeto estático";"Com Vítimas Feridas";"Pleno dia";"Crescente";"Céu Claro";"Simples";"Reta";"Não";2;0;2;0;0;0;2;1;-7,93258681;-37,18436713;"SPRF-PB";"DEL02-PB";"UOP02-DEL02-PB"
326977;2020-12-10;"quinta-feira";"18:00:00";"PR";116;117;"CURITIBA";"Falta de Atenção à Condução";"Queda de ocupante de veículo";"Com Vítimas Feridas";"Anoitecer";"Decrescente";"Céu Claro";"Dupla";"Reta";"Sim";1;0;1;0;0;0;1;1;-25,53393706;-49,23843205;"SPRF-PR";"DEL01-PR";"UOP01-DEL01-PR"
326978;2020-12-10;"quinta-feira";"18:50:00";"RJ";101;313;"SAO GONCALO";"Não guardar distância de segurança";"Colisão traseira";"Com Vítimas Feridas";"Plena Noite";"Decrescente";"Céu Claro";"Dupla";"Reta";"Sim";4;0;1;0;3;0;1;2;-22,81049093;-43,06983304;"SPRF-RJ";"DEL02-RJ";"UOP02-DEL02-RJ"
326979;2020-12-10;"quinta-feira";"18:30:00";"SC";101;32,3;"JOINVILLE";"Avarias e/ou desgaste excessivo no pneu";"Tombamento";"Com Vítimas Feridas";"Anoitecer";"Crescente";"Nublado";"Dupla";"Reta";"Não";2;0;2;0;0;0;2;1;-26,226987;-48,91657;"SPRF-SC";"DEL03-SC";"UOP01-DEL03-SC"
326980;2020-12-10;"quinta-feira";"19:00:00";"RS";392;18;"RIO GRANDE";"Falta de Atenção à Condução";"Colisão lateral";"Com Vítimas Feridas";"Anoitecer";"Crescente";"Céu Claro";"Dupla";"Reta";"Não";2;0;1;0;1;0;1;2;-32,09017991;-52,17651198;"SPRF-RS";"DEL07-RS";"UOP02-DEL07-RS"
326982;2020-12-10;"quinta-feira";"18:55:00";"CE";20;405,5;"CAUCAIA";"Falta de Atenção do Pedestre";"Atropelamento de Pedestre";"Com Vítimas Feridas";"Plena Noite";"Decrescente";"Céu Claro";"Simples";"Reta";"Sim";2;0;0;1;1;0;1;2;-3,77297;-38,67604;"SPRF-CE";"DEL01-CE";"UOP01-DEL01-CE"
326983;2020-12-10;"quinta-feira";"19:15:00";"RS";290;102,9;"PORTO ALEGRE";"Falta de Atenção à Condução";"Colisão traseira";"Com Vítimas Feridas";"Anoitecer";"Crescente";"Céu Claro";"Dupla";"Reta";"Não";5;0;2;0;3;0;2;4;-29,987228;-51,25613;"SPRF-RS";"DEL01-RS";"UOP01-DEL01-RS"
326984;2020-12-10;"quinta-feira";"19:30:00";"SC";280;2;"SAO FRANCISCO DO SUL";"Falta de Atenção à Condução";"Colisão traseira";"Com Vítimas Feridas";"Plena Noite";"Decrescente";"Nublado";"Simples";"Curva";"Não";4;0;2;0;0;2;2;3;-26,23700996;-48,61979093;"SPRF-SC";"DEL03-SC";"UOP03-DEL03-SC"
326985;2020-12-10;"quinta-feira";"19:00:00";"BA";110;172,5;"RIBEIRA DO POMBAL";"Falta de Atenção à Condução";"Colisão transversal";"Com Vítimas Feridas";"Plena Noite";"Decrescente";"Céu Claro";"Simples";"Reta";"Sim";1;0;1;0;0;0;1;1;-10,85155593;-38,52993354;"SPRF-BA";"DEL07-BA";"UOP02-DEL07-BA"
326986;2020-12-10;"quinta-feira";"19:00:00";"MG";356;280,2;"EUGENOPOLIS";"Falta de Atenção do Pedestre";"Atropelamento de Pedestre";"Com Vítimas Feridas";"Plena Noite";"Crescente";"Chuva";"Simples";"Declive;Reta";"Não";2;0;1;0;1;0;1;2;-21,12697007;-42,24532702;"SPRF-MG";"DEL07-MG";"UOP02-DEL07-MG"
326991;2020-12-10;"quinta-feira";"11:10:00";"RJ";116;234;"PIRAI";"Falta de Atenção à Condução";"Colisão traseira";"Com Vítimas Feridas";"Pleno dia";"Crescente";"Nublado";"Simples";"Aclive";"Não";3;0;1;0;2;0;1;2;-22,66632663;-43,84704988;"SPRF-RJ";"DEL07-RJ";"UOP01-DEL07-RJ"
326992;2020-12-10;"quinta-feira";"19:55:00";"BA";330;816,1;"JITAUNA";"Falta de Atenção à Condução";"Colisão frontal";"Com Vítimas Fatais";"Plena Noite";"Crescente";"Céu Claro";"Simples";"Reta";"Não";2;2;0;0;0;0;0;2;-14,00755194;-39,87504404;"SPRF-BA";"DEL03-BA";"UOP01-DEL03-BA"
326994;2020-12-10;"quinta-feira";"20:50:00";"GO";40;9;"LUZIANIA";"Desobediência às normas de trânsito pelo condutor";"Colisão lateral";"Com Vítimas Feridas";"Plena Noite";"Crescente";"Céu Claro";"Dupla";"Reta";"Não";3;0;1;0;2;0;1;3;-16,131158;-47,957739;"SPRF-DF";"DEL01-DF";"UOP01-DEL01-DF"
326995;2020-12-10;"quinta-feira";"20:55:00";"RJ";101;312;"SAO GONCALO";"Falta de Atenção à Condução";"Colisão traseira";"Com Vítimas Feridas";"Plena Noite";"Decrescente";"Céu Claro";"Dupla";"Reta";"Sim";2;0;1;0;1;0;1;2;-22,80546555;-43,06156967;"SPRF-RJ";"DEL02-RJ";"UOP02-DEL02-RJ"
326996;2020-12-10;"quinta-feira";"20:00:00";"ES";482;105,9;"GUACUI";"Falta de Atenção à Condução";"Colisão traseira";"Com Vítimas Feridas";"Plena Noite";"Decrescente";"Céu Claro";"Simples";"Reta";"Sim";2;0;1;0;0;1;1;2;-20,777433;-41,66744;"SPRF-ES";"DEL03-ES";"UOP02-DEL03-ES"
326997;2020-12-10;"quinta-feira";"19:34:00";"RR";401;17;"CANTA";"Restrição de Visibilidade";"Colisão traseira";"Com Vítimas Feridas";"Plena Noite";"Decrescente";"Céu Claro";"Simples";"Reta";"Não";3;0;0;2;1;0;2;2;2,85397776;-60,56702974;"SPRF-RR";"DEL01-RR";"UOP01-DEL01-RR"
326998;2020-12-10;"quinta-feira";"20:15:00";"CE";116;7;"FORTALEZA";"Falta de Atenção à Condução";"Colisão lateral";"Com Vítimas Feridas";"Plena Noite";"Decrescente";"Céu Claro";"Dupla";"Reta";"Sim";2;0;1;0;1;0;1;2;-3,81073099;-38,50074867;"SPRF-CE";"DEL01-CE";"UOP02-DEL01-CE"
327000;2020-12-10;"quinta-feira";"20:40:00";"PE";407;124,3;"PETROLINA";"Avarias e/ou desgaste excessivo no pneu";"Queda de ocupante de veículo";"Com Vítimas Feridas";"Plena Noite";"Decrescente";"Céu Claro";"Dupla";"Reta";"Sim";1;0;1;0;0;0;1;1;-9,37555738;-40,5377309;"SPRF-PE";"DEL06-PE";"UOP01-DEL06-PE"
327001;2020-12-10;"quinta-feira";"21:29:00";"MG";381;868,2;"POUSO ALEGRE";"Mal Súbito";"Queda de ocupante de veículo";"Com Vítimas Feridas";"Plena Noite";"Crescente";"Nublado";"Dupla";"Reta";"Não";1;0;1;0;0;0;1;1;-22,42008488;-45,96507626;"SPRF-MG";"DEL16-MG";"UOP01-DEL16-MG"
327002;2020-12-10;"quinta-feira";"20:40:00";"MS";163;259;"DOURADOS";"Ingestão de Álcool";"Colisão traseira";"Com Vítimas Feridas";"Plena Noite";"Decrescente";"Céu Claro";"Dupla";"Reta";"Sim";2;0;0;1;0;1;1;2;-22,25258409;-54,77697385;"SPRF-MS";"DEL04-MS";"UOP01-DEL04-MS"
327003;2020-12-10;"quinta-feira";"21:35:00";"CE";116;9,8;"FORTALEZA";"Falta de Atenção à Condução";"Colisão lateral";"Sem Vítimas";"Plena Noite";"Crescente";"Céu Claro";"Dupla";"Reta";"Sim";2;0;0;0;2;0;0;2;-3,83452607;-38,50345552;"SPRF-CE";"DEL01-CE";"UOP02-DEL01-CE"
327004;2020-12-10;"quinta-feira";"21:30:00";"BA";116;15;"VITORIA DA CONQUISTA";"Deficiência ou não Acionamento do Sistema de Iluminação/Sinalização do Veículo";"Colisão traseira";"Com Vítimas Feridas";"Plena Noite";"Crescente";"Céu Claro";"Simples";"Reta";"Sim";2;0;0;1;1;0;1;2;-14,89788;-40,85786;"SPRF-BA";"DEL08-BA";"UOP01-DEL08-BA"
327005;2020-12-10;"quinta-feira";"19:45:00";"PR";369;56;"BANDEIRANTES";"Falta de Atenção à Condução";"Colisão transversal";"Com Vítimas Feridas";"Plena Noite";"Crescente";"Vento";"Simples";"Reta;Declive";"Não";2;0;0;1;1;0;1;2;-23,10947696;-50,37015796;"SPRF-PR";"DEL07-PR";"UOP01-DEL07-PR"
327006;2020-12-10;"quinta-feira";"20:00:00";"SP";116;63;"GUARATINGUETA";"Ingestão de Álcool";"Colisão traseira";"Sem Vítimas";"Plena Noite";"Crescente";"Nublado";"Dupla";"Reta";"Sim";2;0;0;0;2;0;0;2;-22,81269631;-45,1780086;"SPRF-SP";"DEL08-SP";"UOP01-DEL08-SP"
327007;2020-12-10;"quinta-feira";"22:30:00";"SC";280;50,6;"GUARAMIRIM";"Defeito na Via";"Queda de ocupante de veículo";"Com Vítimas Feridas";"Plena Noite";"Crescente";"Nublado";"Simples";"Em Obras";"Sim";1;0;1;0;0;0;1;1;-26,46538871;-48,95544449;"SPRF-SC";"DEL03-SC";"UOP03-DEL03-SC"
327009;2020-12-10;"quinta-feira";"21:30:00";"PB";230;15,2;"JOAO PESSOA";"Falta de Atenção à Condução";"Colisão traseira";"Com Vítimas Feridas";"Plena Noite";"Crescente";"Céu Claro";"Dupla";"Curva;Aclive";"Sim";4;0;1;0;2;1;1;2;-7,093;-34,8482;"SPRF-PB";"DEL01-PB";"UOP01-DEL01-PB"
327010;2020-12-10;"quinta-feira";"22:35:00";"RS";116;255,2;"SAPUCAIA DO SUL";"Velocidade Incompatível";"Saída de leito carroçável";"Com Vítimas Feridas";"Plena Noite";"Crescente";"Céu Claro";"Simples";"Reta";"Sim";1;0;0;1;0;0;1;1;-29,83522986;-51,17484349;"SPRF-RS";"DEL01-RS";"UOP02-DEL01-RS"
327011;2020-12-10;"quinta-feira";"20:00:00";"AL";104;92,9;"RIO LARGO";"Falta de Atenção à Condução";"Colisão com objeto estático";"Com Vítimas Feridas";"Plena Noite";"Decrescente";"Céu Claro";"Dupla";"Reta";"Não";5;0;5;0;0;0;5;1;-9,51818474;-35,80329441;"SPRF-AL";"DEL01-AL";"UOP01-DEL01-AL"
327012;2020-12-10;"quinta-feira";"19:14:00";"MG";381;853,1;"POUSO ALEGRE";"Defeito Mecânico no Veículo";"Incêndio";"Sem Vítimas";"Plena Noite";"Crescente";"Nublado";"Dupla";"Reta";"Não";1;0;0;0;1;0;0;1;-22,30499294;-45,90167524;"SPRF-MG";"DEL16-MG";"UOP01-DEL16-MG"
327013;2020-12-10;"quinta-feira";"22:10:00";"GO";70;6,6;"AGUAS LINDAS DE GOIAS";"Ingestão de Álcool";"Colisão lateral";"Sem Vítimas";"Plena Noite";"Decrescente";"Céu Claro";"Múltipla";"Reta";"Sim";2;0;0;0;2;0;0;2;-15,75049381;-48,2612381;"SPRF-DF";"DEL03-DF";"UOP02-DEL03-DF"
327014;2020-12-10;"quinta-feira";"22:40:00";"PR";476;120;"COLOMBO";"Falta de Atenção à Condução";"Colisão transversal";"Com Vítimas Feridas";"Plena Noite";"Decrescente";"Nublado";"Dupla";"Interseção de Vias";"Não";2;0;1;0;1;0;1;2;-25,37191;-49,19146;"SPRF-PR";"DEL01-PR";"UOP02-DEL01-PR"
327015;2020-12-10;"quinta-feira";"21:20:00";"RJ";116;275,9;"BARRA MANSA";"Falta de Atenção à Condução";"Colisão transversal";"Com Vítimas Feridas";"Plena Noite";"Decrescente";"Nublado";"Simples";"Reta";"Sim";2;0;0;1;1;0;1;2;-22,56207185;-44,15671311;"SPRF-RJ";"DEL07-RJ";"UOP02-DEL07-RJ"
327016;2020-12-10;"quinta-feira";"23:20:00";"PE";232;149;"SAO CAITANO";"Restrição de Visibilidade";"Saída de leito carroçável";"Sem Vítimas";"Plena Noite";"Decrescente";"Céu Claro";"Dupla";"Reta";"Não";1;0;0;0;1;0;0;1;-8,32744699;-36,15405;"SPRF-PE";"DEL02-PE";"UOP03-DEL02-PE"
327018;2020-12-10;"quinta-feira";"22:50:00";"PE";407;128,5;"PETROLINA";"Desobediência às normas de trânsito pelo condutor";"Colisão traseira";"Com Vítimas Fatais";"Plena Noite";"Decrescente";"Céu Claro";"Simples";"Viaduto";"Sim";3;1;1;0;0;1;1;2;-9,39656864;-40,50627201;"SPRF-PE";"DEL06-PE";"UOP01-DEL06-PE"
327019;2020-12-10;"quinta-feira";"23:15:00";"PI";316;41,6;"LAGOA DO PIAUI";"Animais na Pista";"Atropelamento de Animal";"Com Vítimas Fatais";"Plena Noite";"Decrescente";"Céu Claro";"Simples";"Aclive;Reta";"Não";1;1;0;0;0;0;0;1;-5,424467;-42,638462;"SPRF-PI";"DEL01-PI";"UOP02-DEL01-PI"
327020;2020-11-27;"sexta-feira";"16:30:00";"SC";470;247;"CURITIBANOS";"Falta de Atenção à Condução";"Colisão transversal";"Com Vítimas Feridas";"Pleno dia";"Crescente";"Garoa/Chuvisco";"Simples";"Reta";"Sim";2;0;0;1;1;0;1;2;-27,31296605;-50,55807352;"SPRF-SC";"DEL05-SC";"UOP03-DEL05-SC"
327021;2020-12-10;"quinta-feira";"23:55:00";"SP";116;228;"GUARULHOS";"Falta de Atenção do Pedestre";"Atropelamento de Pedestre";"Sem Vítimas";"Plena Noite";"Crescente";"Nublado";"Múltipla";"Aclive";"Sim";3;0;0;0;2;1;0;2;-23,50343484;-46,56638712;"SPRF-SP";"DEL01-SP";"UOP01-DEL01-SP"
327023;2020-12-11;"sexta-feira";"00:00:00";"PR";476;137;"CURITIBA";"Desobediência às normas de trânsito pelo condutor";"Colisão transversal";"Sem Vítimas";"Plena Noite";"Decrescente";"Nublado";"Múltipla";"Reta";"Sim";2;0;0;0;2;0;0;2;-25,498302;-49,277546;"SPRF-PR";"DEL01-PR";"UOP03-DEL01-PR"
327025;2020-12-11;"sexta-feira";"00:30:00";"MG";40;736;"OLIVEIRA FORTES";"Falta de Atenção à Condução";"Colisão lateral";"Com Vítimas Feridas";"Pleno dia";"Crescente";"Céu Claro";"Simples";"Reta";"Não";2;0;1;0;0;1;1;2;-21,37609516;-43,56993701;"SPRF-MG";"DEL05-MG";"UOP01-DEL05-MG"