"id";"data_inversa";"dia_semana";"horario";"uf";"br";"km";"municipio";"causa_acidente";"tipo_acidente";"classificacao_acidente";"fase_dia";"sentido_via";"condicao_metereologica";"tipo_pista";"tracado_via";"uso_solo";"pessoas";"mortos";"feridos_leves";"feridos_graves";"ilesos";"ignorados";"feridos";"veiculos";"latitude";"longitude";"regional";"delegacia";"uop"
327170;2020-12-11;"sexta-feira";"16:30:00";"SC";282;72;"RANCHO QUEIMADO";"Velocidade Incompatível";"Colisão lateral";"Com Vítimas Feridas";"Pleno dia";"Decrescente";"Céu Claro";"Simples";"Curva";"Não";2;0;2;0;0;0;2;1;-27,683439;-49,105259;"SPRF-SC";"DEL01-SC";"UOP03-DEL01-SC"
327171;2020-12-11;"sexta-feira";"17:00:00";"SP";116;448;"REGISTRO";"Falta de Atenção à Condução";"Colisão traseira";"Com Vítimas Feridas";"Pleno dia";"Decrescente";"Céu Claro";"Simples";"Reta";"Não";2;0;1;0;1;0;1;2;-24,52099699;-47,85336602;"SPRF-SP";"DEL05-SP";"UOP01-DEL05-SP"
327172;2020-03-11;"quarta-feira";"15:50:00";"MT";163;756;"SORRISO";"Avarias e/ou desgaste excessivo no pneu";"Saída de leito carroçável";"Sem Vítimas";"Pleno dia";"Decrescente";"Céu Claro";"Simples";"Reta";"Não";1;0;0;0;1;0;0;1;-12,62504399;-55,76969001;"SPRF-MT";"DEL06-MT";"UOP01-DEL06-MT"
327173;2020-12-11;"sexta-feira";"15:30:00";"ES";101;144;"LINHARES";"Mal Súbito";"Queda de ocupante de veículo";"Com Vítimas Feridas";"Pleno dia";"Crescente";"Sol";"Simples";"Reta";"Sim";1;0;1;0;0;0;1;1;-19,35188295;-40,0636685;"SPRF-ES";"DEL04-ES";"UOP01-DEL04-ES"
327175;2020-12-11;"sexta-feira";"15:55:00";"RO";364;235,3;"CACOAL";"Desobediência às normas de trânsito pelo condutor";"Colisão transversal";"Com Vítimas Feridas";"Pleno dia";"Decrescente";"Céu Claro";"Simples";"Reta;Interseção de Vias";"Sim";3;0;3;0;0;0;3;2;-11,4506169;-61,4302469;"SPRF-RO";"DEL02-RO";"UOP02-DEL02-RO"
327176;2020-12-11;"sexta-feira";"16:50:00";"RJ";101;582;"PARATY";"Ultrapassagem Indevida";"Colisão frontal";"Com Vítimas Feridas";"Pleno dia";"Crescente";"Chuva";"Simples";"Curva";"Não";5;0;1;4;0;0;5;2;-23,25818736;-44,69848216;"SPRF-RJ";"DEL03-RJ";"UOP04-DEL03-RJ"
327177;2020-12-11;"sexta-feira";"16:20:00";"GO";153;517,1;"HIDROLANDIA";"Pista Escorregadia";"Saída de leito carroçável";"Com Vítimas Feridas";"Pleno dia";"Crescente";"Chuva";"Dupla";"Reta";"Não";1;0;0;1;0;0;1;1;-16,8581;-49,2488;"SPRF-GO";"DEL01-GO";"UOP03-DEL01-GO"
327181;2020-12-11;"sexta-feira";"17:30:00";"PB";230;12;"CABEDELO";"Falta de Atenção à Condução";"Colisão traseira";"Com Vítimas Feridas";"Plena Noite";"Crescente";"Céu Claro";"Dupla";"Reta";"Sim";2;0;1;0;1;0;1;2;-7,068;-34,85;"SPRF-PB";"DEL01-PB";"UOP01-DEL01-PB"
327182;2020-12-11;"sexta-feira";"17:50:00";"SC";101;203;"SAO JOSE";"Falta de Atenção à Condução";"Colisão lateral";"Com Vítimas Feridas";"Anoitecer";"Crescente";"Céu Claro";"Simples";"Interseção de Vias";"Não";2;0;0;1;1;0;1;2;-27,5650044;-48,61460082;"SPRF-SC";"DEL01-SC";"UOP01-DEL01-SC"
327183;2020-12-11;"sexta-feira";"17:30:00";"RJ";465;14;"SEROPEDICA";"Falta de Atenção à Condução";"Colisão lateral";"Com Vítimas Feridas";"Anoitecer";"Decrescente";"Nublado";"Simples";"Reta";"Sim";2;0;1;0;1;0;1;2;-22,804979;-43,638828;"SPRF-RJ";"DEL01-RJ";"UOP03-DEL01-RJ"
327184;2020-12-11;"sexta-feira";"18:00:00";"SC";101;205,2;"SAO JOSE";"Falta de Atenção à Condução";"Colisão transversal";"Com Vítimas Feridas";"Pleno dia";"Crescente";"Sol";"Múltipla";"Reta";"Sim";2;0;1;0;1;0;1;2;-27,58313237;-48,61532885;"SPRF-SC";"DEL01-SC";"UOP01-DEL01-SC"
327186;2020-12-11;"sexta-feira";"18:00:00";"BA";324;614;"SIMOES FILHO";"Falta de Atenção à Condução";"Colisão traseira";"Com Vítimas Feridas";"Anoitecer";"Crescente";"Céu Claro";"Dupla";"Reta";"Não";5;0;2;0;3;0;2;2;-12,8525672;-38,4196649;"SPRF-BA";"DEL01-BA";"UOP01-DEL01-BA"
327187;2020-12-11;"sexta-feira";"16:35:00";"GO";153;504,8;"GOIANIA";"Não guardar distância de segurança";"Colisão traseira";"Sem Vítimas";"Anoitecer";"Decrescente";"Nublado";"Múltipla";"Reta";"Sim";3;0;0;0;3;0;0;3;-16,7451;-49,2408;"SPRF-GO";"DEL01-GO";"UOP01-DEL01-GO"
327189;2020-12-11;"sexta-feira";"15:40:00";"MG";40;516;"RIBEIRAO DAS NEVES";"Não guardar distância de segurança";"Colisão lateral";"Com Vítimas Feridas";"Pleno dia";"Decrescente";"Nublado";"Dupla";"Curva";"Sim";3;0;1;0;0;2;1;2;-19,81628624;-44,08960124;"SPRF-MG";"DEL01-MG";"UOP02-DEL01-MG"
327190;2020-12-11;"sexta-feira";"16:05:00";"SC";101;413,4;"ARARANGUA";"Ingestão de Álcool";"Saída de leito carroçável";"Com Vítimas Feridas";"Pleno dia";"Decrescente";"Céu Claro";"Simples";"Interseção de Vias";"Sim";2;0;1;0;1;0;1;1;-28,96399372;-49,52018738;"SPRF-SC";"DEL02-SC";"UOP02-DEL02-SC"
327192;2020-12-11;"sexta-feira";"18:50:00";"PR";116;117;"CURITIBA";"Falta de Atenção à Condução";"Colisão traseira";"Com Vítimas Feridas";"Plena Noite";"Crescente";"Nublado";"Simples";"Reta";"Não";2;0;2;0;0;0;2;2;-25,56346516;-49,30861473;"SPRF-PR";"DEL01-PR";"UOP01-DEL01-PR"
327193;2020-12-11;"sexta-feira";"18:30:00";"RS";290;88;"PORTO ALEGRE";"Falta de Atenção à Condução";"Colisão traseira";"Com Vítimas Feridas";"Pleno dia";"Decrescente";"Céu Claro";"Simples";"Reta";"Não";2;0;1;0;1;0;1;2;-29,967531;-51,137264;"SPRF-RS";"DEL01-RS";"UOP01-DEL01-RS"
327194;2020-12-11;"sexta-feira";"17:40:00";"RS";158;155;"PANAMBI";"Ingestão de Álcool";"Colisão com objeto estático";"Sem Vítimas";"Pleno dia";"Decrescente";"Céu Claro";"Simples";"Interseção de Vias";"Sim";1;0;0;0;1;0;0;1;-28,31804718;-53,4953949;"SPRF-RS";"DEL10-RS";"UOP02-DEL10-RS"
327195;2020-12-11;"sexta-feira";"18:50:00";"ES";262;160,2;"IBATIBA";"Ingestão de Álcool";"Colisão traseira";"Sem Vítimas";"Plena Noite";"Decrescente";"Nublado";"Simples";"Reta";"Sim";2;0;0;0;2;0;0;2;-20,23736307;-41,51380101;"SPRF-ES";"DEL01-ES";"UOP02-DEL01-ES"
327196;2020-12-11;"sexta-feira";"18:00:00";"CE";116;12;"FORTALEZA";"Não guardar distância de segurança";"Colisão traseira";"Com Vítimas Feridas";"Plena Noite";"Decrescente";"Céu Claro";"Dupla";"Curva";"Sim";2;0;1;0;1;0;1;2;-3,852077;-38,495525;"SPRF-CE";"DEL01-CE";"UOP02-DEL01-CE"
327197;2020-12-11;"sexta-feira";"18:25:00";"BA";415;47;"ITABUNA";"Desobediência às normas de trânsito pelo condutor";"Colisão frontal";"Com Vítimas Feridas";"Anoitecer";"Decrescente";"Céu Claro";"Simples";"Reta";"Sim";2;0;1;0;1;0;1;2;-14,815511;-39,298574;"SPRF-BA";"DEL05-BA";"UOP01-DEL05-BA"
327198;2020-12-11;"sexta-feira";"18:50:00";"RN";101;85;"NATAL";"Não guardar distância de segurança";"Colisão lateral";"Com Vítimas Feridas";"Plena Noite";"Decrescente";"Céu Claro";"Dupla";"Reta;Ponte";"Sim";2;0;1;0;0;1;1;2;-5,777664;-35,24937;"SPRF-RN";"DEL02-RN";"UOP01-DEL02-RN"
327200;2020-12-11;"sexta-feira";"18:10:00";"SP";116;315,2;"JUQUITIBA";"Falta de Atenção à Condução";"Saída de leito carroçável";"Com Vítimas Feridas";"Pleno dia";"Decrescente";"Chuva";"Dupla";"Reta;Aclive";"Não";1;0;1;0;0;0;1;1;-23,90251888;-46,99049317;"SPRF-SP";"DEL04-SP";"UOP01-DEL04-SP"
327201;2020-12-11;"sexta-feira";"19:20:00";"RS";287;250;"SANTA MARIA";"Falta de Atenção à Condução";"Colisão traseira";"Sem Vítimas";"Anoitecer";"Decrescente";"Céu Claro";"Simples";"Em Obras;Reta";"Sim";2;0;0;0;2;0;0;2;-29,69229055;-53,86639822;"SPRF-RS";"DEL09-RS";"UOP01-DEL09-RS"
327204;2020-12-11;"sexta-feira";"19:30:00";"PR";476;142;"CURITIBA";"Falta de Atenção à Condução";"Colisão traseira";"Com Vítimas Feridas";"Pleno dia";"Crescente";"Nublado";"Dupla";"Reta";"Sim";4;0;1;0;3;0;1;3;-25,537161;-49,301632;"SPRF-PR";"DEL01-PR";"UOP03-DEL01-PR"
327206;2020-12-11;"sexta-feira";"05:00:00";"BA";242;298;"LAJEDINHO";"Pista Escorregadia";"Saída de leito carroçável";"Com Vítimas Feridas";"Amanhecer";"Crescente";"Nevoeiro/Neblina";"Simples";"Curva";"Não";3;0;1;0;0;2;1;1;-12,445042;-40,875652;"SPRF-BA";"DEL06-BA";"UOP02-DEL06-BA"
327208;2020-12-11;"sexta-feira";"19:45:00";"SC";101;213,5;"PALHOCA";"Desobediência às normas de trânsito pelo pedestre";"Atropelamento de Pedestre";"Com Vítimas Feridas";"Pleno dia";"Crescente";"Céu Claro";"Múltipla";"Reta";"Sim";2;0;1;0;1;0;1;2;-27,63697369;-48,66514142;"SPRF-SC";"DEL01-SC";"UOP02-DEL01-SC"
327210;2020-12-11;"sexta-feira";"20:08:00";"SP";116;144,3;"SAO JOSE DOS CAMPOS";"Velocidade Incompatível";"Capotamento";"Com Vítimas Feridas";"Plena Noite";"Decrescente";"Chuva";"Simples";"Declive";"Sim";1;0;0;1;0;0;1;1;-23,18274416;-45,84633592;"SPRF-SP";"DEL02-SP";"UOP01-DEL02-SP"
327212;2020-12-11;"sexta-feira";"16:50:00";"MG";262;701,6;"ARAXA";"Ultrapassagem Indevida";"Colisão frontal";"Com Vítimas Feridas";"Pleno dia";"Crescente";"Céu Claro";"Simples";"Aclive;Curva";"Não";2;0;1;1;0;0;2;2;-19,58240829;-47,06431085;"SPRF-MG";"DEL08-MG";"UOP01-DEL08-MG"
327214;2020-12-11;"sexta-feira";"20:00:00";"PE";101;83;"JABOATAO DOS GUARARAPES";"Falta de Atenção à Condução";"Colisão traseira";"Com Vítimas Feridas";"Plena Noite";"Crescente";"Céu Claro";"Simples";"Reta";"Sim";3;0;2;0;1;0;2;2;-8,180698;-34,947988;"SPRF-PE";"DEL01-PE";"UOP03-DEL01-PE"
327215;2020-12-11;"sexta-feira";"19:40:00";"PB";230;80;"RIACHAO DO POCO";"Velocidade Incompatível";"Saída de leito carroçável";"Sem Vítimas";"Plena Noite";"Decrescente";"Céu Claro";"Dupla";"Reta";"Não";1;0;0;0;0;1;0;1;-7,17617886;-35,32997131;"SPRF-PB";"DEL01-PB";"UOP03-DEL01-PB"
327216;2020-12-11;"sexta-feira";"18:50:00";"SC";470;253,1;"CURITIBANOS";"Velocidade Incompatível";"Saída de leito carroçável";"Com Vítimas Feridas";"Anoitecer";"Decrescente";"Chuva";"Simples";"Reta";"Não";3;0;2;1;0;0;3;1;-27,30924823;-50,62414169;"SPRF-SC";"DEL05-SC";"UOP03-DEL05-SC"
327217;2020-12-11;"sexta-feira";"19:50:00";"RJ";40;85;"PETROPOLIS";"Pista Escorregadia";"Colisão com objeto estático";"Com Vítimas Feridas";"Plena Noite";"Decrescente";"Chuva";"Simples";"Curva";"Não";1;0;1;0;0;0;1;1;-22,52425174;-43,23605061;"SPRF-RJ";"DEL06-RJ";"UOP01-DEL06-RJ"
327218;2020-12-11;"sexta-feira";"21:00:00";"PR";116;130;"FAZENDA RIO GRANDE";"Falta de Atenção à Condução";"Colisão traseira";"Com Vítimas Feridas";"Plena Noite";"Crescente";"Nublado";"Dupla";"Reta";"Não";1;0;1;0;0;0;1;1;-25,63927799;-49,31302988;"SPRF-PR";"DEL01-PR";"UOP03-DEL01-PR"
327219;2020-12-11;"sexta-feira";"19:25:00";"MG";364;34;"FRUTAL";"Defeito na Via";"Saída de leito carroçável";"Com Vítimas Feridas";"Plena Noite";"Decrescente";"Nublado";"Simples";"Reta";"Não";2;0;2;0;0;0;2;1;-19,99962;-48,951254;"SPRF-MG";"DEL13-MG";"UOP02-DEL13-MG"
327221;2020-12-11;"sexta-feira";"20:45:00";"GO";70;314;"JUSSARA";"Pista Escorregadia";"Saída de leito carroçável";"Com Vítimas Feridas";"Plena Noite";"Crescente";"Chuva";"Dupla";"Reta";"Sim";1;0;1;0;0;0;1;1;-15,87383701;-50,8498764;"SPRF-GO";"DEL04-GO";"UOP01-DEL04-GO"
327222;2020-12-11;"sexta-feira";"21:10:00";"PE";232;45,1;"VITORIA DE SANTO ANTAO";"Falta de Atenção do Pedestre";"Atropelamento de Pedestre";"Com Vítimas Fatais";"Plena Noite";"Crescente";"Céu Claro";"Dupla";"Reta";"Sim";2;1;0;0;1;0;0;2;-8,128181;-35,281677;"SPRF-PE";"DEL02-PE";"UOP02-DEL02PE"
327223;2020-12-11;"sexta-feira";"20:10:00";"PR";272;366;"CAMPO MOURAO";"Falta de Atenção à Condução";"Colisão transversal";"Com Vítimas Feridas";"Plena Noite";"Decrescente";"Céu Claro";"Dupla";"Reta";"Sim";2;0;2;0;0;0;2;2;-24,04638081;-52,39456989;"SPRF-PR";"DEL09-PR";"UOP03-DEL09-PR"
327226;2020-12-11;"sexta-feira";"19:25:00";"MG";262;479,5;"BOM DESPACHO";"Velocidade Incompatível";"Capotamento";"Com Vítimas Feridas";"Plena Noite";"Decrescente";"Chuva";"Simples";"Reta";"Sim";1;0;1;0;0;0;1;1;-19,78628062;-45,23887303;"SPRF-MG";"DEL08-MG";"UOP03-DEL08-MG"
327227;2020-12-11;"sexta-feira";"19:10:00";"PB";230;154,7;"CAMPINA GRANDE";"Restrição de Visibilidade";"Tombamento";"Com Vítimas Feridas";"Plena Noite";"Decrescente";"Céu Claro";"Simples";"Reta";"Não";1;0;0;1;0;0;1;1;-7,2777;-35,8985;"SPRF-PB";"DEL02-PB";"UOP01-DEL02-PB"
327228;2020-12-11;"sexta-feira";"21:00:00";"RS";290;146,9;"ELDORADO DO SUL";"Defeito na Via";"Tombamento";"Com Vítimas Feridas";"Plena Noite";"Decrescente";"Nublado";"Simples";"Aclive;Reta";"Não";1;0;0;1;0;0;1;1;-30,104191;-51,66626;"SPRF-RS";"DEL02-RS";"UOP01-DEL02-RS"
327229;2020-12-11;"sexta-feira";"21:05:00";"SC";101;123,1;"ITAJAI";"Desobediência às normas de trânsito pelo pedestre";"Tombamento";"Com Vítimas Feridas";"Plena Noite";"Crescente";"Céu Claro";"Simples";"Interseção de Vias";"Não";1;0;1;0;0;0;1;1;-26,93790067;-48,6978972;"SPRF-SC";"DEL04-SC";"UOP04-DEL04-SC"
327230;2020-12-11;"sexta-feira";"21:10:00";"MS";463;110,1;"PONTA PORA";"Desobediência às normas de trânsito pelo pedestre";"Atropelamento de Pedestre";"Com Vítimas Feridas";"Plena Noite";"Crescente";"Céu Claro";"Dupla";"Reta";"Sim";2;0;1;1;0;0;2;2;-22,57302287;-55,69391958;"SPRF-MS";"DEL04-MS";"UOP03-DEL04-MS"
327231;2020-12-11;"sexta-feira";"22:00:00";"SC";101;207;"SAO JOSE";"Falta de Atenção à Condução";"Colisão traseira";"Com Vítimas Feridas";"Plena Noite";"Crescente";"Céu Claro";"Múltipla";"Desvio Temporário";"Sim";2;0;1;0;1;0;1;2;-27,60001226;-48,6226467;"SPRF-SC";"DEL01-SC";"UOP01-DEL01-SC"
327232;2020-12-11;"sexta-feira";"22:00:00";"TO";153;498,5;"PARAISO DO TOCANTINS";"Pista Escorregadia";"Colisão lateral";"Com Vítimas Fatais";"Plena Noite";"Decrescente";"Chuva";"Simples";"Curva;Aclive";"Não";3;1;1;1;0;0;2;1;-10,20348795;-48,87341391;"SPRF-TO";"DEL01-TO";"UOP01-DEL01-TO"
327233;2020-12-11;"sexta-feira";"20:30:00";"MG";116;277;"TEOFILO OTONI";"Desobediência às normas de trânsito pelo condutor";"Colisão transversal";"Com Vítimas Feridas";"Plena Noite";"Crescente";"Céu Claro";"Simples";"Interseção de Vias";"Sim";1;0;1;0;0;0;1;1;-17,859945;-41,515144;"SPRF-MG";"DEL11-MG";"UOP01-DEL11-MG"
327234;2020-12-11;"sexta-feira";"22:30:00";"MG";381;481;"CONTAGEM";"Falta de Atenção à Condução";"Colisão traseira";"Sem Vítimas";"Plena Noite";"Crescente";"Nublado";"Dupla";"Aclive";"Sim";2;0;0;0;1;1;0;2;-19,958391;-44,060724;"SPRF-MG";"DEL01-MG";"UOP03-DEL01-MG"
327235;2020-12-11;"sexta-feira";"22:20:00";"GO";153;506,6;"APARECIDA DE GOIANIA";"Falta de Atenção à Condução";"Colisão frontal";"Com Vítimas Feridas";"Plena Noite";"Decrescente";"Chuva";"Múltipla";"Curva";"Sim";5;0;4;0;0;1;4;2;-16,7633;-49,24;"SPRF-GO";"DEL01-GO";"UOP01-DEL01-GO"
327236;2020-12-11;"sexta-feira";"22:30:00";"MG";381;495,5;"BETIM";"Falta de Atenção à Condução";"Colisão lateral";"Com Vítimas Feridas";"Plena Noite";"Decrescente";"Nublado";"Múltipla";"Reta;Declive";"Sim";4;0;2;0;2;0;2;3;-19,97216901;-44,18357849;"SPRF-MG";"DEL01-MG";"UOP03-DEL01-MG"
327237;2020-12-11;"sexta-feira";"21:55:00";"RO";319;63,4;"PORTO VELHO";"Desobediência às normas de trânsito pelo condutor";"Colisão transversal";"Com Vítimas Feridas";"Plena Noite";"Crescente";"Céu Claro";"Dupla";"Interseção de Vias";"Sim";2;0;1;0;1;0;1;2;-8,766685;-63,884052;"SPRF-RO";"DEL01-RO";"UOP01-DEL01-RO"
327239;2020-12-11;"sexta-feira";"23:00:00";"GO";153;519;"APARECIDA DE GOIANIA";"Velocidade Incompatível";"Saída de leito carroçável";"Com Vítimas Feridas";"Plena Noite";"Decrescente";"Nublado";"Dupla";"Reta";"Não";2;0;1;0;1;0;1;1;-16,8755;-49,2523;"SPRF-GO";"DEL01-GO";"UOP03-DEL01-GO"
327242;2020-12-11;"sexta-feira";"23:20:00";"SP";101;44,8;"UBATUBA";"Falta de Atenção à Condução";"Colisão lateral";"Com Vítimas Feridas";"Plena Noite";"Decrescente";"Chuva";"Simples";"Reta";"Sim";2;0;1;0;0;1;1;2;-23,41014346;-45,06455371;"SPRF-SP";"DEL06-SP";"UOP01-DEL06-SP"
327244;2020-12-11;"sexta-feira";"20:30:00";"PR";369;37;"ANDIRA";"Falta de Atenção do Pedestre";"Atropelamento de Pedestre";"Com Vítimas Feridas";"Plena Noite";"Decrescente";"Nublado";"Dupla";"Reta;Aclive";"Sim";2;0;0;1;0;1;1;2;-23,04623679;-50,23380898;"SPRF-PR";"DEL07-PR";"UOP01-DEL07-PR"
327245;2020-12-11;"sexta-feira";"23:00:00";"DF";70;9;"BRASILIA";"Ingestão de Álcool";"Colisão lateral";"Sem Vítimas";"Plena Noite";"Decrescente";"Nublado";"Dupla";"Retorno Regulamentado";"Sim";2;0;0;0;2;0;0;2;-15,784615;-48,132023;"SPRF-DF";"DEL03-DF";"UOP02-DEL03-DF"
327246;2020-12-11;"sexta-feira";"23:50:00";"ES";101;0,3;"PEDRO CANARIO";"Falta de Atenção à Condução";"Tombamento";"Com Vítimas Feridas";"Plena Noite";"Decrescente";"Céu Claro";"Simples";"Reta";"Não";1;0;1;0;0;0;1;1;-18,17783694;-39,91993368;"SPRF-ES";"DEL04-ES";"UOP02-DEL04-ES"
327247;2020-12-12;"sábado";"00:10:00";"ES";259;55,9;"COLATINA";"Desobediência às normas de trânsito pelo condutor";"Atropelamento de Pedestre";"Com Vítimas Feridas";"Pleno dia";"Decrescente";"Céu Claro";"Simples";"Declive";"Não";3;0;0;3;0;0;3;2;-19,49728877;-40,64565003;"SPRF-ES";"DEL02-ES";"UOP01-DEL02-ES"
327248;2020-12-11;"sexta-feira";"23:40:00";"SP";381;54;"MAIRIPORA";"Falta de Atenção à Condução";"Colisão com objeto estático";"Com Vítimas Feridas";"Plena Noite";"Crescente";"Céu Claro";"Múltipla";"Curva;Aclive";"Sim";2;0;2;0;0;0;2;1;-23,2449074;-46,59562343;"SPRF-SP";"DEL03-SP";"UOP01-DEL03-SP"
327249;2020-12-11;"sexta-feira";"19:40:00";"MT";163;964,7;"NOVA SANTA HELENA";"Desobediência às normas de trânsito pelo condutor";"Colisão lateral";"Com Vítimas Feridas";"Plena Noite";"Crescente";"Nublado";"Simples";"Declive";"Não";3;0;1;0;2;0;1;2;-10,773802;-55,155265;"SPRF-MT";"DEL06-MT";"NPF/DEL06-MT"
327250;2020-12-11;"sexta-feira";"23:25:00";"MG";356;265,6;"MURIAE";"Falta de Atenção à Condução";"Colisão traseira";"Com Vítimas Feridas";"Plena Noite";"Decrescente";"Nublado";"Simples";"Reta";"Sim";3;0;1;0;2;0;1;2;-21,12716439;-42,36919468;"SPRF-MG";"DEL07-MG";"UOP02-DEL07-MG"
327252;2020-12-11;"sexta-feira";"22:15:00";"RJ";116;173;"BELFORD ROXO";"Defeito Mecânico no Veículo";"Colisão traseira";"Com Vítimas Feridas";"Plena Noite";"Decrescente";"Nublado";"Múltipla";"Reta";"Sim";3;0;1;0;2;0;1;2;-22,79810324;-43,35726614;"SPRF-RJ";"DEL01-RJ";"UOP02-DEL01-RJ"
327254;2020-12-12;"sábado";"00:10:00";"RS";116;261,5;"CANOAS";"Falta de Atenção à Condução";"Colisão traseira";"Com Vítimas Feridas";"Plena Noite";"Decrescente";"Céu Claro";"Múltipla";"Reta";"Sim";2;0;1;0;1;0;1;2;-29,88880713;-51,17857269;"SPRF-RS";"DEL01-RS";"UOP01-DEL01-RS"
327255;2020-12-11;"sexta-feira";"23:45:00";"SC";101;39,4;"JOINVILLE";"Falta de Atenção à Condução";"Capotamento";"Com Vítimas Feridas";"Plena Noite";"Crescente";"Céu Claro";"Dupla";"Reta";"Sim";2;0;2;0;0;0;2;1;-26,2628107;-48,90192257;"SPRF-SC";"DEL03-SC";"UOP01-DEL03-SC"
327256;2020-12-11;"sexta-feira";"23:40:00";"MG";381;158,2;"GOVERNADOR VALADARES";"Animais na Pista";"Atropelamento de Animal";"Com Vítimas Fatais";"Plena Noite";"Crescente";"Nublado";"Simples";"Reta";"Não";4;1;2;1;0;0;3;1;-18,91795246;-42,01337465;"SPRF-MG";"DEL06-MG";"UOP01-DEL06-MG"
327259;2020-12-12;"sábado";"00:50:00";"CE";222;7;"CAUCAIA";"Não guardar distância de segurança";"Colisão traseira";"Com Vítimas Feridas";"Plena Noite";"Decrescente";"Céu Claro";"Dupla";"Reta;Retorno Regulamentado";"Sim";5;0;0;1;3;1;1;3;-3,7495132;-38,6299559;"SPRF-CE";"DEL01-CE";"UOP01-DEL01-CE"
327260;2020-12-11;"sexta-feira";"11:30:00";"PR";369;102;"URAI";"Falta de Atenção à Condução";"Queda de ocupante de veículo";"Com Vítimas Feridas";"Plena Noite";"Decrescente";"Céu Claro";"Simples";"Declive;Reta;Em Obras";"Não";1;0;1;0;0;0;1;1;-23,24775563;-50,73406935;"SPRF-PR";"DEL07-PR";"UOP01-DEL07-PR"
327261;2020-12-11;"sexta-feira";"23:15:00";"MG";262;36,5;"MANHUACU";"Velocidade Incompatível";"Tombamento";"Com Vítimas Feridas";"Plena Noite";"Crescente";"Nublado";"Simples";"Curva";"Sim";1;0;0;1;0;0;1;1;-20,25932046;-42,02298331;"SPRF-MG";"DEL06-MG";"UOP03-DEL06-MG"
327262;2020-12-11;"sexta-feira";"23:10:00";"MG";262;36,5;"MANHUACU";"Desobediência às normas de trânsito pelo condutor";"Tombamento";"Com Vítimas Feridas";"Plena Noite";"Crescente";"Nublado";"Simples";"Rotatória";"Sim";2;0;1;0;0;1;1;2;-20,2592562;-42,01698194;"SPRF-MG";"DEL06-MG";"UOP03-DEL06-MG"
327263;2020-12-12;"sábado";"00:25:00";"RO";364;711;"PORTO VELHO";"Desobediência às normas de trânsito pelo condutor";"Colisão transversal";"Com Vítimas Feridas";"Plena Noite";"Crescente";"Céu Claro";"Múltipla";"Rotatória";"Sim";5;0;4;0;0;1;4;3;-8,78153947;-63,86531369;"SPRF-RO";"DEL01-RO";"UOP01-DEL01-RO"
327264;2020-12-12;"sábado";"00:30:00";"PI";316;6,8;"TERESINA";"Falta de Atenção à Condução";"Colisão traseira";"Sem Vítimas";"Plena Noite";"Crescente";"Céu Claro";"Múltipla";"Rotatória";"Sim";3;0;0;0;3;0;0;3;-5,14702095;-42,77438982;"SPRF-PI";"DEL01-PI";"UOP02-DEL01-PI"
327267;2020-12-12;"sábado";"02:45:00";"SC";101;111;"ITAJAI";"Falta de Atenção à Condução";"Capotamento";"Sem Vítimas";"Plena Noite";"Decrescente";"Céu Claro";"Simples";"Reta;Viaduto";"Não";1;0;0;0;0;1;0;1;-26,83955734;-48,71418074;"SPRF-SC";"DEL04-SC";"UOP04-DEL04-SC"
327268;2020-12-12;"sábado";"03:34:00";"GO";70;0,2;"AGUAS LINDAS DE GOIAS";"Falta de Atenção à Condução";"Saída de leito carroçável";"Com Vítimas Feridas";"Plena Noite";"Crescente";"Chuva";"Múltipla";"Curva";"Sim";5;0;4;0;1;0;4;1;-15,783543;-48,2326;"SPRF-DF";"DEL03-DF";"UOP02-DEL03-DF"
327269;2020-12-12;"sábado";"03:50:00";"RJ";116;166;"RIO DE JANEIRO";"Ingestão de Álcool";"Colisão com objeto estático";"Com Vítimas Feridas";"Plena Noite";"Crescente";"Nublado";"Múltipla";"Reta";"Sim";1;0;1;0;0;0;1;1;-22,81560263;-43,30051808;"SPRF-RJ";"DEL01-RJ";"UOP01-DEL01-RJ"
327270;2020-12-12;"sábado";"02:40:00";"RS";470;246;"BARAO";"Falta de Atenção à Condução";"Saída de leito carroçável";"Com Vítimas Feridas";"Plena Noite";"Crescente";"Céu Claro";"Simples";"Curva";"Não";1;0;1;0;0;0;1;1;-29,3742;-51,50585;"SPRF-RS";"DEL06-RS";"UOP01-DEL06-RS"
327273;2020-12-12;"sábado";"03:28:00";"PR";116;143;"MANDIRITUBA";"Falta de Atenção do Pedestre";"Atropelamento de Pedestre";"Com Vítimas Fatais";"Pleno dia";"Crescente";"Céu Claro";"Múltipla";"Reta";"Não";3;1;0;0;1;1;0;2;-25,75533595;-49,31864209;"SPRF-PR";"DEL01-PR";"UOP03-DEL01-PR"
327274;2020-12-12;"sábado";"01:30:00";"SC";101;48;"JOINVILLE";"Falta de Atenção à Condução";"Saída de leito carroçável";"Sem Vítimas";"Plena Noite";"Crescente";"Céu Claro";"Dupla";"Reta";"Não";1;0;0;0;0;1;0;1;-26,35345909;-48,85867862;"SPRF-SC";"DEL03-SC";"UOP01-DEL03-SC"