"id";"data_inversa";"dia_semana";"horario";"uf";"br";"km";"municipio";"causa_acidente";"tipo_acidente";"classificacao_acidente";"fase_dia";"sentido_via";"condicao_metereologica";"tipo_pista";"tracado_via";"uso_solo";"pessoas";"mortos";"feridos_leves";"feridos_graves";"ilesos";"ignorados";"feridos";"veiculos";"latitude";"longitude";"regional";"delegacia";"uop"
327275;2020-12-12;"sábado";"03:10:00";"TO";153;671;"GURUPI";"Falta de Atenção à Condução";"Colisão transversal";"Sem Vítimas";"Plena Noite";"Decrescente";"Garoa/Chuvisco";"Dupla";"Retorno Regulamentado";"Sim";3;0;0;0;2;1;0;3;-11,72075725;-49,07713594;"SPRF-TO";"DEL01-TO";"UOP02-DEL01-TO"
327276;2020-12-12;"sábado";"04:35:00";"MG";381;929,2;"ITAPEVA";"Ingestão de Álcool";"Colisão frontal";"Com Vítimas Feridas";"Plena Noite";"Decrescente";"Chuva";"Dupla";"Curva;Declive";"Não";4;0;4;0;0;0;4;2;-22,79564412;-46,25379582;"SPRF-MG";"DEL16-MG";"UOP03-DEL16-MG"
327280;2020-12-12;"sábado";"05:00:00";"RJ";40;117;"DUQUE DE CAXIAS";"Falta de Atenção à Condução";"Colisão com objeto estático";"Com Vítimas Feridas";"Pleno dia";"Decrescente";"Céu Claro";"Múltipla";"Reta";"Não";1;0;1;0;0;0;1;1;-22,745676;-43,2881;"SPRF-RJ";"DEL01-RJ";"UOP01-DEL01-RJ"
327281;2020-12-12;"sábado";"06:00:00";"ES";101;222;"IBIRACU";"Desobediência às normas de trânsito pelo condutor";"Saída de leito carroçável";"Com Vítimas Feridas";"Pleno dia";"Crescente";"Céu Claro";"Simples";"Curva";"Não";1;0;0;1;0;0;1;1;-19,86967622;-40,40915873;"SPRF-ES";"DEL02-ES";"UOP01-DEL02-ES"
327282;2020-12-12;"sábado";"05:50:00";"SC";101;192;"BIGUACU";"Ingestão de álcool e/ou substâncias psicoativas pelo pedestre";"Queda de ocupante de veículo";"Com Vítimas Feridas";"Amanhecer";"Crescente";"Céu Claro";"Dupla";"Reta";"Sim";1;0;1;0;0;0;1;1;-27,48443781;-48,64765238;"SPRF-SC";"DEL01-SC";"UOP01-DEL01-SC"
327284;2020-12-12;"sábado";"05:00:00";"MG";381;555,9;"ITAGUARA";"Velocidade Incompatível";"Colisão lateral";"Com Vítimas Feridas";"Amanhecer";"Decrescente";"Nublado";"Dupla";"Curva;Declive";"Não";3;0;1;0;2;0;1;2;-20,35651781;-44,45838506;"SPRF-MG";"DEL04-MG";"UOP03-DEL04-MG"
327285;2020-12-12;"sábado";"05:15:00";"RJ";101;278;"TANGUA";"Condutor Dormindo";"Saída de leito carroçável";"Com Vítimas Feridas";"Amanhecer";"Crescente";"Nublado";"Dupla";"Reta";"Sim";1;0;1;0;0;0;1;1;-22,74024136;-42,75799897;"SPRF-RJ";"DEL02-RJ";"UOP03-DEL02-RJ"
327287;2020-12-12;"sábado";"05:00:00";"MG";40;661,1;"CARANDAI";"Falta de Atenção à Condução";"Saída de leito carroçável";"Com Vítimas Feridas";"Amanhecer";"Decrescente";"Chuva";"Simples";"Curva";"Não";1;0;1;0;0;0;1;1;-20,90511396;-43,82787922;"SPRF-MG";"DEL05-MG";"UOP02-DEL05-MG"
327289;2020-12-11;"sexta-feira";"21:10:00";"MA";316;134;"NOVA OLINDA DO MARANHAO";"Falta de Atenção à Condução";"Queda de ocupante de veículo";"Com Vítimas Fatais";"Plena Noite";"Decrescente";"Céu Claro";"Simples";"Reta";"Não";2;1;1;0;0;0;1;1;-2,712786;-45,730011;"SPRF-MA";"DEL02-MA";"UOP02-DEL02-MA"
327293;2020-12-12;"sábado";"05:50:00";"SC";282;301,8;"VARGEM";"Condutor Dormindo";"Capotamento";"Com Vítimas Feridas";"Amanhecer";"Decrescente";"Céu Claro";"Simples";"Curva";"Não";3;0;2;0;1;0;2;1;-27,5111576;-50,9245108;"SPRF-SC";"DEL07-SC";"UOP06-DEL07-SC"
327294;2020-12-12;"sábado";"06:30:00";"MG";262;439,9;"NOVA SERRANA";"Falta de Atenção do Pedestre";"Atropelamento de Pedestre";"Com Vítimas Feridas";"Pleno dia";"Decrescente";"Sol";"Dupla";"Reta";"Sim";2;0;1;0;1;0;1;2;-19,87587163;-44,94953156;"SPRF-MG";"DEL08-MG";"UOP03-DEL08-MG"
327295;2020-12-12;"sábado";"04:10:00";"SC";101;149;"ITAPEMA";"Ingestão de Álcool";"Saída de leito carroçável";"Sem Vítimas";"Plena Noite";"Crescente";"Nublado";"Múltipla";"Reta";"Não";1;0;0;0;0;1;0;1;-27,1089649;-48,61277586;"SPRF-SC";"DEL04-SC";"UOP03-DEL04-SC"
327296;2020-12-12;"sábado";"07:00:00";"SC";101;123;"ITAJAI";"Falta de Atenção à Condução";"Colisão transversal";"Com Vítimas Feridas";"Pleno dia";"Crescente";"Nublado";"Múltipla";"Interseção de Vias";"Não";2;0;1;0;1;0;1;2;-26,93668609;-48,69876905;"SPRF-SC";"DEL04-SC";"UOP04-DEL04-SC"
327298;2020-12-12;"sábado";"05:35:00";"PA";316;63,3;"CASTANHAL";"Falta de Atenção à Condução";"Queda de ocupante de veículo";"Com Vítimas Feridas";"Amanhecer";"Crescente";"Céu Claro";"Dupla";"Reta";"Sim";3;0;0;2;0;1;2;2;-1,29679363;-47,92878096;"SPRF-PA";"DEL01-PA";"UOP01-DEL01-PA"
327299;2020-12-12;"sábado";"06:35:00";"PR";277;34;"MORRETES";"Ingestão de Álcool";"Colisão com objeto estático";"Sem Vítimas";"Pleno dia";"Decrescente";"Céu Claro";"Dupla";"Reta";"Não";1;0;0;0;1;0;0;1;-25,56827855;-48,81225586;"SPRF-PR";"DEL01-PR";"UOP05-DEL01-PR"
327300;2020-12-12;"sábado";"06:40:00";"MG";40;527;"BELO HORIZONTE";"Falta de Atenção à Condução";"Colisão lateral";"Com Vítimas Feridas";"Pleno dia";"Crescente";"Céu Claro";"Dupla";"Reta";"Sim";3;0;2;0;1;0;2;2;-19,90149502;-44,04938939;"SPRF-MG";"DEL01-MG";"UOP02-DEL01-MG"
327301;2020-12-12;"sábado";"07:20:00";"DF";20;40,5;"BRASILIA";"Pista Escorregadia";"Saída de leito carroçável";"Com Vítimas Feridas";"Pleno dia";"Decrescente";"Chuva";"Dupla";"Curva";"Não";5;0;0;2;3;0;2;1;-15,581853;-47,512711;"SPRF-DF";"DEL02-DF";"UOP01-DEL02-DF"
327303;2020-12-12;"sábado";"04:30:00";"RR";174;211;"RORAINOPOLIS";"Ingestão de Álcool";"Saída de leito carroçável";"Com Vítimas Feridas";"Amanhecer";"Crescente";"Céu Claro";"Simples";"Reta";"Sim";1;0;1;0;0;0;1;1;0,936114;-60,426502;"SPRF-RR";"DEL01-RR";"UOP01-DEL01-RR"
327304;2020-12-12;"sábado";"07:00:00";"SC";282;3,5;"FLORIANOPOLIS";"Condutor Dormindo";"Colisão com objeto estático";"Com Vítimas Feridas";"Pleno dia";"Decrescente";"Céu Claro";"Múltipla";"Reta";"Sim";1;0;1;0;0;0;1;1;-27,600384;-48,599705;"SPRF-SC";"DEL01-SC";"UOP01-DEL01-SC"
327307;2020-12-12;"sábado";"07:40:00";"PR";277;5;"PARANAGUA";"Falta de Atenção à Condução";"Colisão transversal";"Com Vítimas Feridas";"Pleno dia";"Crescente";"Céu Claro";"Simples";"Curva";"Sim";2;0;2;0;0;0;2;2;-25,568198;-48,615292;"SPRF-PR";"DEL01-PR";"UOP05-DEL01-PR"
327309;2020-12-12;"sábado";"08:05:00";"CE";116;8;"FORTALEZA";"Falta de Atenção do Pedestre";"Atropelamento de Pedestre";"Com Vítimas Feridas";"Pleno dia";"Crescente";"Céu Claro";"Dupla";"Reta";"Não";2;0;0;2;0;0;2;2;-3,8192799;-38,50268337;"SPRF-CE";"DEL01-CE";"UOP02-DEL01-CE"
327310;2020-12-12;"sábado";"07:15:00";"CE";222;3,8;"CAUCAIA";"Desobediência às normas de trânsito pelo condutor";"Colisão lateral";"Com Vítimas Feridas";"Pleno dia";"Crescente";"Sol";"Dupla";"Reta";"Sim";2;0;1;0;1;0;1;1;-3,7403769;-38,59569202;"SPRF-CE";"DEL01-CE";"UOP01-DEL01-CE"
327311;2020-12-12;"sábado";"05:30:00";"PI";343;178;"PIRIPIRI";"Velocidade Incompatível";"Saída de leito carroçável";"Com Vítimas Feridas";"Amanhecer";"Decrescente";"Céu Claro";"Simples";"Curva";"Não";1;0;0;1;0;0;1;1;-4,22699;-41,771355;"SPRF-PI";"DEL02-PI";"UOP01-DEL02-PI"
327313;2020-12-12;"sábado";"07:00:00";"PR";373;182;"PONTA GROSSA";"Desobediência às normas de trânsito pelo condutor";"Colisão transversal";"Com Vítimas Feridas";"Pleno dia";"Crescente";"Céu Claro";"Dupla";"Reta";"Sim";2;0;2;0;0;0;2;2;-25,04193864;-50,26741587;"SPRF-PR";"DEL03-PR";"UOP04-DEL03-PR"
327314;2020-12-12;"sábado";"07:15:00";"BA";101;350;"WENCESLAU GUIMARAES";"Fenômenos da Natureza";"Colisão com objeto estático";"Com Vítimas Feridas";"Pleno dia";"Crescente";"Céu Claro";"Simples";"Curva";"Não";4;0;4;0;0;0;4;1;-13,616389;-39,497501;"SPRF-BA";"DEL05-BA";"UOP03-DEL05-BA"
327317;2020-12-12;"sábado";"08:30:00";"SP";116;219;"GUARULHOS";"Falta de Atenção à Condução";"Colisão traseira";"Com Vítimas Feridas";"Pleno dia";"Crescente";"Nublado";"Múltipla";"Reta";"Sim";2;0;1;0;1;0;1;2;-23,46318728;-46,49490237;"SPRF-SP";"DEL01-SP";"UOP01-DEL01-SP"
327320;2020-12-12;"sábado";"09:00:00";"RJ";116;307;"RESENDE";"Falta de Atenção do Pedestre";"Atropelamento de Pedestre";"Com Vítimas Feridas";"Pleno dia";"Crescente";"Céu Claro";"Simples";"Reta";"Sim";2;0;1;0;1;0;1;2;-22,45713262;-44,41063703;"SPRF-RJ";"DEL07-RJ";"UOP02-DEL07-RJ"
327321;2020-12-12;"sábado";"06:40:00";"MT";70;275;"PRIMAVERA DO LESTE";"Ingestão de Álcool";"Colisão lateral";"Sem Vítimas";"Pleno dia";"Crescente";"Garoa/Chuvisco";"Simples";"Reta";"Sim";3;0;0;0;3;0;0;3;-15,54957476;-54,25390412;"SPRF-MT";"DEL05-MT";"UOP01-DEL05-MT"
327323;2020-12-12;"sábado";"09:00:00";"MG";381;580;"CARMOPOLIS DE MINAS";"Falta de Atenção à Condução";"Saída de leito carroçável";"Com Vítimas Fatais";"Pleno dia";"Decrescente";"Nublado";"Dupla";"Reta";"Não";4;1;2;1;0;0;3;1;-20,50796117;-44,61144676;"SPRF-MG";"DEL04-MG";"UOP01-DEL04-MG"
327324;2020-12-12;"sábado";"09:00:00";"GO";153;496;"GOIANIA";"Falta de Atenção à Condução";"Colisão lateral";"Com Vítimas Feridas";"Pleno dia";"Crescente";"Nublado";"Dupla";"Reta";"Sim";3;0;2;0;1;0;2;2;-16,6776;-49,2314;"SPRF-GO";"DEL01-GO";"UOP01-DEL01-GO"
327325;2020-12-12;"sábado";"09:50:00";"RN";226;407;"PAU DOS FERROS";"Falta de Atenção à Condução";"Colisão transversal";"Com Vítimas Feridas";"Pleno dia";"Crescente";"Céu Claro";"Simples";"Reta";"Não";3;0;3;0;0;0;3;2;-6,1045009;-38,1838107;"SPRF-RN";"DEL04-RN";"UOP02-DEL04-RN"
327326;2020-12-12;"sábado";"08:00:00";"MA";10;281;"IMPERATRIZ";"Falta de Atenção à Condução";"Colisão frontal";"Com Vítimas Feridas";"Pleno dia";"Crescente";"Céu Claro";"Simples";"Reta;Interseção de Vias";"Não";4;0;2;2;0;0;4;2;-5,277627;-47,504314;"SPRF-MA";"DEL04-MA";"UOP01-DEL04-MA"
327327;2020-11-15;"domingo";"02:30:00";"BA";101;51;"ITABUNA";"Falta de Atenção à Condução";"Queda de ocupante de veículo";"Com Vítimas Feridas";"Plena Noite";"Decrescente";"Ignorado";"Simples";"Reta";"Sim";2;0;2;0;0;0;2;1;-14,97000197;-39,31996203;"SPRF-BA";"DEL01-BA";"UOP04-DEL01-BA"
327328;2020-12-12;"sábado";"10:00:00";"PE";104;80,7;"AGRESTINA";"Falta de Atenção à Condução";"Colisão lateral";"Com Vítimas Feridas";"Pleno dia";"Crescente";"Sol";"Simples";"Reta";"Não";2;0;1;0;0;1;1;2;-8,397874;-35,973396;"SPRF-PE";"DEL02-PE";"UOP01-DEL02-PE"
327329;2020-12-12;"sábado";"08:40:00";"MG";381;908,3;"CAMBUI";"Falta de Atenção à Condução";"Saída de leito carroçável";"Com Vítimas Feridas";"Pleno dia";"Crescente";"Garoa/Chuvisco";"Dupla";"Curva";"Não";1;0;1;0;0;0;1;1;-22,71744092;-46,12652111;"SPRF-MG";"DEL16-MG";"UOP03-DEL16-MG"
327330;2020-12-12;"sábado";"08:00:00";"MG";381;925,5;"ITAPEVA";"Velocidade Incompatível";"Colisão com objeto estático";"Com Vítimas Feridas";"Pleno dia";"Decrescente";"Chuva";"Dupla";"Curva;Declive";"Não";4;0;2;0;2;0;2;2;-22,777207;-46,23911301;"SPRF-MG";"DEL16-MG";"UOP03-DEL16-MG"
327331;2020-12-12;"sábado";"10:10:00";"PI";407;422,5;"PICOS";"Falta de Atenção do Pedestre";"Atropelamento de Pedestre";"Com Vítimas Feridas";"Pleno dia";"Crescente";"Céu Claro";"Simples";"Reta";"Não";2;0;0;1;1;0;1;2;-7,11928953;-41,40476704;"SPRF-PI";"DEL04-PI";"UOP01-DEL04-PI"
327332;2020-12-12;"sábado";"10:00:00";"SP";116;282,2;"EMBU DAS ARTES";"Falta de Atenção à Condução";"Colisão traseira";"Com Vítimas Feridas";"Pleno dia";"Crescente";"Céu Claro";"Dupla";"Reta";"Sim";2;0;1;0;1;0;1;2;-23,68570216;-46,85970975;"SPRF-SP";"DEL04-SP";"UOP01-DEL04-SP"
327333;2020-12-12;"sábado";"10:35:00";"SP";116;154,4;"SAO JOSE DOS CAMPOS";"Velocidade Incompatível";"Colisão com objeto estático";"Com Vítimas Feridas";"Pleno dia";"Decrescente";"Nublado";"Dupla";"Interseção de Vias";"Não";3;0;0;1;0;2;1;2;-23,23903999;-45,92061901;"SPRF-SP";"DEL02-SP";"UOP01-DEL02-SP"
327335;2020-12-12;"sábado";"09:50:00";"MG";381;518;"IGARAPE";"Falta de Atenção à Condução";"Queda de ocupante de veículo";"Com Vítimas Feridas";"Pleno dia";"Crescente";"Céu Claro";"Dupla";"Curva";"Sim";1;0;1;0;0;0;1;1;-20,12065395;-44,30242562;"SPRF-MG";"DEL04-MG";"UOP03-DEL04-MG"
327336;2020-12-12;"sábado";"07:10:00";"BA";324;565,8;"SAO SEBASTIAO DO PASSE";"Falta de Atenção à Condução";"Tombamento";"Com Vítimas Feridas";"Pleno dia";"Crescente";"Céu Claro";"Simples";"Reta";"Não";2;0;1;0;1;0;1;1;-12,53095984;-38,60248826;"SPRF-BA";"DEL01-BA";"UOP01-DEL01-BA"
327338;2020-12-12;"sábado";"10:40:00";"MG";381;263;"CORONEL FABRICIANO";"Desobediência às normas de trânsito pelo condutor";"Colisão frontal";"Com Vítimas Feridas";"Pleno dia";"Decrescente";"Nublado";"Simples";"Reta";"Não";2;0;2;0;0;0;2;2;-19,52523097;-42,645528;"SPRF-MG";"DEL03-MG";"UOP02-DEL03-MG"
327339;2020-12-12;"sábado";"09:50:00";"RJ";116;217;"PARACAMBI";"Defeito Mecânico no Veículo";"Incêndio";"Sem Vítimas";"Pleno dia";"Crescente";"Céu Claro";"Dupla";"Reta";"Sim";2;0;0;0;2;0;0;1;-22,70206801;-43,74864201;"SPRF-RJ";"DEL01-RJ";"UOP03-DEL01-RJ"
327340;2020-12-12;"sábado";"12:00:00";"SP";116;111,7;"TAUBATE";"Desobediência às normas de trânsito pelo condutor";"Colisão traseira";"Com Vítimas Feridas";"Pleno dia";"Decrescente";"Céu Claro";"Dupla";"Reta";"Sim";2;0;1;0;1;0;1;2;-23,03887149;-45,56097419;"SPRF-SP";"DEL06-SP";"UOP01-DEL06-SP"
327341;2020-12-12;"sábado";"11:50:00";"ES";262;77,9;"DOMINGOS MARTINS";"Defeito Mecânico no Veículo";"Tombamento";"Com Vítimas Feridas";"Pleno dia";"Crescente";"Céu Claro";"Simples";"Curva";"Não";1;0;1;0;0;0;1;1;-20,40871689;-40,91464564;"SPRF-ES";"DEL01-ES";"UOP02-DEL01-ES"
327342;2020-12-12;"sábado";"11:40:00";"PA";163;1002;"SANTAREM";"Desobediência às normas de trânsito pelo condutor";"Colisão transversal";"Com Vítimas Feridas";"Pleno dia";"Crescente";"Sol";"Simples";"Reta";"Sim";2;0;1;0;1;0;1;2;-2,45567004;-54,72854541;"SPRF-PA";"DEL05-PA";"UOP01-DEL05-PA"
327344;2020-12-12;"sábado";"11:30:00";"RJ";393;258;"BARRA DO PIRAI";"Falta de Atenção à Condução";"Queda de ocupante de veículo";"Com Vítimas Feridas";"Pleno dia";"Decrescente";"Céu Claro";"Simples";"Aclive;Curva;Rotatória";"Não";2;0;1;0;1;0;1;2;-22,4514837;-43,82691483;"SPRF-RJ";"DEL05-RJ";"UOP04-DEL05-RJ"
327345;2020-12-12;"sábado";"10:10:00";"AC";364;124;"RIO BRANCO";"Falta de Atenção à Condução";"Colisão traseira";"Sem Vítimas";"Pleno dia";"Crescente";"Céu Claro";"Dupla";"Reta";"Sim";2;0;0;0;2;0;0;2;-10,01152469;-67,79140099;"SPRF-AC";"DEL01-AC";"UOP01-DEL01-AC"
327346;2020-12-12;"sábado";"10:16:00";"SP";116;152,3;"SAO JOSE DOS CAMPOS";"Falta de Atenção à Condução";"Colisão com objeto estático";"Com Vítimas Feridas";"Pleno dia";"Crescente";"Céu Claro";"Múltipla";"Reta";"Sim";1;0;1;0;0;0;1;1;-23,22620401;-45,90682999;"SPRF-SP";"DEL02-SP";"UOP01-DEL02-SP"
327347;2020-12-12;"sábado";"05:00:00";"ES";101;271,8;"SERRA";"Falta de Atenção à Condução";"Colisão com objeto estático";"Sem Vítimas";"Amanhecer";"Decrescente";"Céu Claro";"Simples";"Reta";"Não";1;0;0;0;1;0;0;1;-20,23267;-40,27658;"SPRF-ES";"DEL02-ES";"UOP01-DEL02-ES"
327348;2020-12-12;"sábado";"13:10:00";"MG";365;0,3;"MONTES CLAROS";"Falta de Atenção à Condução";"Colisão transversal";"Com Vítimas Feridas";"Pleno dia";"Crescente";"Céu Claro";"Simples";"Reta";"Não";2;0;1;0;1;0;1;2;-16,716154;-43,863327;"SPRF-MG";"DEL12-MG";"UOP01-DEL12-MG"
327350;2020-12-12;"sábado";"13:00:00";"ES";262;5;"CARIACICA";"Não guardar distância de segurança";"Colisão traseira";"Com Vítimas Feridas";"Pleno dia";"Decrescente";"Céu Claro";"Dupla";"Reta";"Sim";3;0;2;0;1;0;2;2;-20,33707281;-40,38649924;"SPRF-ES";"DEL01-ES";"UOP01-DEL01-ES"
327351;2020-12-12;"sábado";"12:30:00";"SC";101;227;"PALHOCA";"Defeito Mecânico no Veículo";"Queda de ocupante de veículo";"Com Vítimas Feridas";"Pleno dia";"Decrescente";"Céu Claro";"Simples";"Viaduto";"Não";1;0;1;0;0;0;1;1;-27,7509149;-48,63460277;"SPRF-SC";"DEL01-SC";"UOP02-DEL01-SC"
327352;2020-12-12;"sábado";"11:37:00";"PE";316;223;"BELEM DE SAO FRANCISCO";"Agressão Externa";"Colisão com objeto em movimento";"Sem Vítimas";"Pleno dia";"Crescente";"Céu Claro";"Simples";"Reta";"Não";1;0;0;0;1;0;0;1;-8,56749083;-39,18827592;"SPRF-PE";"DEL05-PE";"UOP03-DEL05-PE"
327353;2020-12-12;"sábado";"13:00:00";"MG";50;18;"UBERLANDIA";"Falta de Atenção à Condução";"Saída de leito carroçável";"Sem Vítimas";"Pleno dia";"Crescente";"Sol";"Dupla";"Curva";"Não";1;0;0;0;0;1;0;1;-18,9293;-48,19398;"SPRF-MG";"DEL15-MG";"UOP02-DEL15-MG"
327355;2020-12-12;"sábado";"12:50:00";"RS";386;443;"CANOAS";"Desobediência às normas de trânsito pelo condutor";"Colisão transversal";"Com Vítimas Feridas";"Pleno dia";"Crescente";"Nublado";"Simples";"Reta";"Não";3;0;3;0;0;0;3;2;-29,889194;-51,213398;"SPRF-RS";"DEL01-RS";"UOP01-DEL01-RS"
327356;2020-12-12;"sábado";"10:15:00";"BA";101;742,4;"ITABELA";"Velocidade Incompatível";"Colisão traseira";"Com Vítimas Feridas";"Pleno dia";"Crescente";"Céu Claro";"Simples";"Reta";"Não";2;0;1;0;1;0;1;2;-16,70807721;-39,4602152;"SPRF-BA";"DEL09-BA";"UOP01-DEL09-BA"
327357;2020-12-12;"sábado";"13:40:00";"GO";40;53;"LUZIANIA";"Velocidade Incompatível";"Colisão com objeto estático";"Com Vítimas Feridas";"Pleno dia";"Decrescente";"Chuva";"Dupla";"Reta;Aclive";"Não";3;0;2;0;1;0;2;1;-16,468106;-47,807867;"SPRF-DF";"DEL01-DF";"UOP02-DEL01-DF"
327358;2020-12-12;"sábado";"13:00:00";"PR";272;376;"CAMPO MOURAO";"Falta de Atenção à Condução";"Saída de leito carroçável";"Com Vítimas Feridas";"Pleno dia";"Decrescente";"Céu Claro";"Simples";"Reta";"Não";1;0;0;1;0;0;1;1;-24,06221556;-52,48333492;"SPRF-PR";"DEL09-PR";"UOP03-DEL09-PR"
327359;2020-12-12;"sábado";"11:30:00";"SC";282;350;"CAMPOS NOVOS";"Falta de Atenção à Condução";"Saída de leito carroçável";"Com Vítimas Feridas";"Pleno dia";"Crescente";"Nublado";"Simples";"Aclive;Curva";"Não";1;0;0;1;0;0;1;1;-27,358767;-51,29229;"SPRF-SC";"DEL07-SC";"UOP06-DEL07-SC"
327361;2020-12-12;"sábado";"14:20:00";"SP";153;66;"SAO JOSE DO RIO PRETO";"Avarias e/ou desgaste excessivo no pneu";"Saída de leito carroçável";"Com Vítimas Feridas";"Pleno dia";"Decrescente";"Chuva";"Dupla";"Curva";"Sim";1;0;1;0;0;0;1;1;-20,84208514;-49,37074279;"SPRF-SP";"DEL09-SP";"UOP01-DEL09-SP"
327362;2020-12-12;"sábado";"13:55:00";"PR";116;133;"MANDIRITUBA";"Desobediência às normas de trânsito pelo condutor";"Saída de leito carroçável";"Sem Vítimas";"Pleno dia";"Crescente";"Céu Claro";"Dupla";"Reta";"Não";1;0;0;0;1;0;0;1;-25,6963933;-49,3183514;"SPRF-PR";"DEL01-PR";"UOP03-DEL01-PR"
327363;2020-12-12;"sábado";"13:20:00";"RS";285;512,1;"VITORIA DAS MISSOES";"Ingestão de Álcool";"Saída de leito carroçável";"Com Vítimas Feridas";"Pleno dia";"Crescente";"Chuva";"Simples";"Reta";"Não";1;0;1;0;0;0;1;1;-28,403116;-54,413624;"SPRF-RS";"DEL10-RS";"UOP01-DEL10-RS"
327364;2020-12-12;"sábado";"14:20:00";"RN";406;160;"CEARA-MIRIM";"Não guardar distância de segurança";"Colisão traseira";"Com Vítimas Feridas";"Pleno dia";"Crescente";"Sol";"Simples";"Reta";"Sim";3;0;1;0;2;0;1;2;-5,71375666;-35,37210457;"SPRF-RN";"DEL02-RN";"UOP01-DEL02-RN"
327365;2020-12-12;"sábado";"14:45:00";"ES";262;5,5;"CARIACICA";"Desobediência às normas de trânsito pelo condutor";"Colisão transversal";"Com Vítimas Feridas";"Pleno dia";"Decrescente";"Céu Claro";"Múltipla";"Interseção de Vias";"Sim";2;0;1;0;1;0;1;2;-20,33707281;-40,38649924;"SPRF-ES";"DEL01-ES";"UOP01-DEL01-ES"
327366;2020-12-12;"sábado";"13:20:00";"PR";272;415;"JANIOPOLIS";"Defeito Mecânico no Veículo";"Incêndio";"Sem Vítimas";"Pleno dia";"Decrescente";"Céu Claro";"Simples";"Reta";"Não";2;0;0;0;0;2;0;2;-24,13239209;-52,82651497;"SPRF-PR";"DEL09-PR";"UOP03-DEL09-PR"
327367;2020-12-12;"sábado";"13:50:00";"MS";163;77;"ITAQUIRAI";"Falta de Atenção à Condução";"Colisão transversal";"Com Vítimas Feridas";"Pleno dia";"Crescente";"Sol";"Dupla";"Reta";"Sim";2;0;2;0;0;0;2;2;-23,475848;-54,187766;"SPRF-MS";"DEL09-MS";"UOP01-DEL09-MS"
327368;2020-12-12;"sábado";"13:15:00";"RO";364;13;"VILHENA";"Desobediência às normas de trânsito pelo condutor";"Queda de ocupante de veículo";"Com Vítimas Feridas";"Pleno dia";"Decrescente";"Nublado";"Simples";"Interseção de Vias";"Sim";1;0;1;0;0;0;1;1;-12,74140004;-60,13026401;"SPRF-RO";"DEL04-RO";"UOP01-DEL04-RO"
327369;2020-12-12;"sábado";"14:50:00";"PE";408;74;"PAUDALHO";"Ingestão de Álcool";"Colisão lateral";"Com Vítimas Feridas";"Pleno dia";"Decrescente";"Céu Claro";"Múltipla";"Reta";"Sim";5;0;2;0;3;0;2;2;-7,89701706;-35,17300548;"SPRF-PE";"DEL01-PE";"UOP01-DEL01-PE"
327370;2020-12-12;"sábado";"15:00:00";"CE";20;244,8;"MADALENA";"Ingestão de Álcool";"Colisão frontal";"Com Vítimas Feridas";"Pleno dia";"Crescente";"Céu Claro";"Simples";"Reta";"Não";3;0;0;3;0;0;3;2;-4,8181745;-39,5495635;"SPRF-CE";"DEL02-CE";"UOP02-DEL02-CE"
327372;2020-12-12;"sábado";"13:40:00";"MG";356;268,3;"MURIAE";"Falta de Atenção à Condução";"Colisão transversal";"Sem Vítimas";"Pleno dia";"Decrescente";"Nublado";"Simples";"Aclive;Reta;Interseção de Vias";"Sim";2;0;0;0;2;0;0;2;-21,12806508;-42,34625643;"SPRF-MG";"DEL07-MG";"UOP02-DEL07-MG"
327374;2020-12-12;"sábado";"14:30:00";"PR";376;670;"GUARATUBA";"Falta de Atenção à Condução";"Colisão com objeto estático";"Com Vítimas Fatais";"Pleno dia";"Crescente";"Céu Claro";"Dupla";"Curva";"Não";1;1;0;0;0;0;0;1;-25,87689214;-48,93585725;"SPRF-PR";"DEL01-PR";"UOP04-DEL01-PR"
327375;2020-12-12;"sábado";"14:20:00";"PB";230;203;"OLIVEDOS";"Falta de Atenção à Condução";"Saída de leito carroçável";"Com Vítimas Feridas";"Pleno dia";"Crescente";"Céu Claro";"Simples";"Reta";"Não";3;0;1;0;0;2;1;3;-7,0962;-36,2621;"SPRF-PB";"DEL02-PB";"UOP02-DEL02-PB"
327376;2020-12-12;"sábado";"15:40:00";"MG";40;579;"ITABIRITO";"Sinalização da via insuficiente ou inadequada";"Colisão traseira";"Com Vítimas Feridas";"Pleno dia";"Decrescente";"Chuva";"Dupla";"Declive;Curva";"Não";5;0;2;0;3;0;2;2;-20,28116926;-43,94633174;"SPRF-MG";"DEL01-MG";"UOP02-DEL01-MG"
327377;2020-12-12;"sábado";"15:30:00";"MA";222;405;"SANTA LUZIA";"Desobediência às normas de trânsito pelo condutor";"Queda de ocupante de veículo";"Com Vítimas Fatais";"Pleno dia";"Decrescente";"Nublado";"Dupla";"Reta";"Sim";2;1;1;0;0;0;1;1;-3,94690724;-45,64889085;"SPRF-MA";"DEL02-MA";"UOP01-DEL02-MA"
327379;2020-12-12;"sábado";"14:20:00";"RO";364;710;"PORTO VELHO";"Falta de Atenção à Condução";"Colisão traseira";"Com Vítimas Feridas";"Pleno dia";"Crescente";"Céu Claro";"Dupla";"Reta";"Sim";3;0;1;0;2;0;1;2;-8,78078379;-63,8662076;"SPRF-RO";"DEL01-RO";"UOP01-DEL01-RO"
327380;2020-12-12;"sábado";"15:35:00";"SC";470;13;"NAVEGANTES";"Condutor Dormindo";"Colisão frontal";"Com Vítimas Feridas";"Pleno dia";"Decrescente";"Céu Claro";"Simples";"Reta";"Não";6;0;3;0;3;0;3;4;-26,839108;-48,766262;"SPRF-SC";"DEL04-SC";"UOP04-DEL04-SC"