"id";"data_inversa";"dia_semana";"horario";"uf";"br";"km";"municipio";"causa_acidente";"tipo_acidente";"classificacao_acidente";"fase_dia";"sentido_via";"condicao_metereologica";"tipo_pista";"tracado_via";"uso_solo";"pessoas";"mortos";"feridos_leves";"feridos_graves";"ilesos";"ignorados";"feridos";"veiculos";"latitude";"longitude";"regional";"delegacia";"uop"
327599;2020-12-13;"domingo";"09:49:00";"PR";369;133;"IBIPORA";"Velocidade Incompatível";"Colisão com objeto estático";"Com Vítimas Feridas";"Pleno dia";"Decrescente";"Céu Claro";"Dupla";"Curva";"Não";1;0;0;1;0;0;1;1;-23,26089348;-51,01183891;"SPRF-PR";"DEL07-PR";"UOP01-DEL07-PR"
327600;2020-12-13;"domingo";"10:50:00";"PB";101;41,5;"MAMANGUAPE";"Defeito na Via";"Tombamento";"Com Vítimas Feridas";"Pleno dia";"Crescente";"Céu Claro";"Dupla";"Declive;Interseção de Vias";"Sim";2;0;2;0;0;0;2;1;-6,84766595;-35,13549958;"SPRF-PB";"DEL01-PB";"UOP04-DEL01-PB"
327602;2020-12-13;"domingo";"10:42:00";"RJ";101;402;"ITAGUAI";"Velocidade Incompatível";"Colisão com objeto estático";"Sem Vítimas";"Pleno dia";"Decrescente";"Chuva";"Dupla";"Reta";"Não";1;0;0;0;0;1;0;1;-22,85437433;-43,78440169;"SPRF-RJ";"DEL03-RJ";"UOP01-DEL03-RJ"
327605;2020-12-13;"domingo";"04:20:00";"CE";222;7,7;"CAUCAIA";"Condutor Dormindo";"Saída de leito carroçável";"Com Vítimas Feridas";"Plena Noite";"Decrescente";"Céu Claro";"Dupla";"Reta";"Sim";2;0;1;1;0;0;2;1;-3,7495132;-38,6299559;"SPRF-CE";"DEL01-CE";"UOP01-DEL01-CE"
327607;2020-12-13;"domingo";"07:50:00";"SC";101;120,2;"ITAJAI";"Mal Súbito";"Saída de leito carroçável";"Com Vítimas Feridas";"Pleno dia";"Decrescente";"Céu Claro";"Múltipla";"Reta";"Sim";1;0;0;1;0;0;1;1;-26,914566;-48,70999;"SPRF-SC";"DEL04-SC";"UOP04-DEL04-SC"
327608;2020-12-13;"domingo";"11:35:00";"RS";392;1,7;"CAPAO DO LEAO";"Velocidade Incompatível";"Saída de leito carroçável";"Com Vítimas Feridas";"Pleno dia";"Crescente";"Céu Claro";"Simples";"Reta";"Não";1;0;1;0;0;0;1;1;-31,7602;-52,4381;"SPRF-RS";"DEL07-RS";"UOP01-DEL07-RS"
327609;2020-12-13;"domingo";"11:05:00";"SC";101;123;"ITAJAI";"Desobediência às normas de trânsito pelo condutor";"Colisão transversal";"Com Vítimas Feridas";"Pleno dia";"Crescente";"Chuva";"Simples";"Viaduto";"Sim";2;0;0;1;1;0;1;2;-26,93668609;-48,69876905;"SPRF-SC";"DEL04-SC";"UOP04-DEL04-SC"
327610;2020-12-12;"sábado";"03:30:00";"MS";163;192;"CAARAPO";"Falta de Atenção à Condução";"Capotamento";"Com Vítimas Fatais";"Plena Noite";"Decrescente";"Céu Claro";"Simples";"Reta";"Não";3;1;1;1;0;0;2;1;-22,77004883;-54,77214378;"SPRF-MS";"DEL04-MS";"UOP02-DEL04-MS"
327611;2020-12-13;"domingo";"10:20:00";"SP";381;6;"VARGEM";"Não guardar distância de segurança";"Colisão com objeto estático";"Com Vítimas Fatais";"Pleno dia";"Crescente";"Céu Claro";"Dupla";"Reta";"Sim";2;1;1;0;0;0;1;1;-22,89713196;-46,41863707;"SPRF-SP";"DEL03-SP";"UOP01-DEL03-SP"
327612;2020-12-13;"domingo";"12:40:00";"AL";101;136;"SAO MIGUEL DOS CAMPOS";"Falta de Atenção à Condução";"Colisão com objeto estático";"Com Vítimas Feridas";"Pleno dia";"Crescente";"Céu Claro";"Simples";"Aclive";"Sim";1;0;1;0;0;0;1;1;-9,79561892;-36,10861314;"SPRF-AL";"DEL02-AL";"UOP01-DEL02-AL"
327613;2020-12-13;"domingo";"12:30:00";"MG";365;747,4;"ITUIUTABA";"Desobediência às normas de trânsito pelo condutor";"Colisão frontal";"Com Vítimas Feridas";"Pleno dia";"Crescente";"Céu Claro";"Simples";"Aclive";"Não";5;0;1;1;2;1;2;3;-18,93385166;-49,42824125;"SPRF-MG";"DEL15-MG";"UOP03-DEL15-MG"
327614;2020-12-13;"domingo";"09:00:00";"PE";424;91,9;"GARANHUNS";"Falta de Atenção à Condução";"Capotamento";"Com Vítimas Feridas";"Pleno dia";"Crescente";"Nublado";"Simples";"Curva";"Sim";2;0;1;0;1;0;1;1;-8,91182532;-36,49327755;"SPRF-PE";"DEL03-PE";"UOP01-DEL03-PE"
327615;2020-12-13;"domingo";"11:00:00";"ES";262;95,5;"VENDA NOVA DO IMIGRANTE";"Desobediência às normas de trânsito pelo condutor";"Colisão transversal";"Com Vítimas Feridas";"Pleno dia";"Crescente";"Céu Claro";"Simples";"Interseção de Vias";"Sim";4;0;2;0;2;0;2;2;-20,3659225;-41,06040133;"SPRF-ES";"DEL01-ES";"UOP02-DEL01-ES"
327616;2020-12-13;"domingo";"07:50:00";"GO";153;506,7;"APARECIDA DE GOIANIA";"Falta de Atenção à Condução";"Saída de leito carroçável";"Com Vítimas Feridas";"Pleno dia";"Crescente";"Nublado";"Dupla";"Declive";"Sim";1;0;1;0;0;0;1;1;-16,7633;-49,24;"SPRF-GO";"DEL01-GO";"UOP01-DEL01-GO"
327618;2020-12-13;"domingo";"09:55:00";"MG";116;725,4;"LARANJAL";"Ingestão de Álcool";"Colisão com objeto estático";"Com Vítimas Feridas";"Pleno dia";"Crescente";"Céu Claro";"Simples";"Curva;Declive";"Não";1;0;0;1;0;0;1;1;-21,27907741;-42,41440415;"SPRF-MG";"DEL07-MG";"UOP02-DEL07-MG"
327619;2020-12-13;"domingo";"13:00:00";"MG";153;4,3;"ARAPORA";"Falta de Atenção à Condução";"Saída de leito carroçável";"Sem Vítimas";"Pleno dia";"Crescente";"Céu Claro";"Dupla";"Reta";"Não";1;0;0;0;0;1;0;1;-18,45132998;-49,18791489;"SPRF-MG";"DEL15-MG";"UOP03-DEL15-MG"
327620;2020-12-13;"domingo";"13:00:00";"PE";0;0;"PETROLINA";"Velocidade Incompatível";"Colisão lateral";"Com Vítimas Feridas";"Pleno dia";"Não Informado";"Céu Claro";"Simples";"Reta";"Sim";2;0;1;0;1;0;1;2;-9,35896531;-40,48041344;"SPRF-PE";"DEL06-PE";"UOP01-DEL06-PE"
327622;2020-12-13;"domingo";"08:15:00";"RJ";116;40;"TERESOPOLIS";"Desobediência às normas de trânsito pelo condutor";"Colisão transversal";"Com Vítimas Feridas";"Pleno dia";"Decrescente";"Céu Claro";"Simples";"Reta";"Sim";4;0;1;0;2;1;1;3;-22,133427;-42,779522;"SPRF-RJ";"DEL04-RJ";"UOP01-DEL04-RJ"
327626;2020-12-13;"domingo";"13:45:00";"PB";230;70,4;"SOBRADO";"Condutor Dormindo";"Saída de leito carroçável";"Com Vítimas Feridas";"Pleno dia";"Crescente";"Sol";"Dupla";"Em Obras";"Não";2;0;1;1;0;0;2;1;-7,1919;-35,2261;"SPRF-PB";"DEL01-PB";"UOP03-DEL01-PB"
327627;2020-12-13;"domingo";"12:10:00";"PE";423;63,3;"LAJEDO";"Falta de Atenção à Condução";"Capotamento";"Com Vítimas Feridas";"Pleno dia";"Decrescente";"Nublado";"Simples";"Reta";"Não";4;0;3;0;1;0;3;1;-8,66219547;-36,34708912;"SPRF-PE";"DEL03-PE";"UOP01-DEL03-PE"
327628;2020-12-13;"domingo";"13:30:00";"PE";428;54,9;"SANTA MARIA DA BOA VISTA";"Velocidade Incompatível";"Saída de leito carroçável";"Com Vítimas Fatais";"Pleno dia";"Decrescente";"Sol";"Simples";"Curva";"Não";1;1;0;0;0;0;0;1;-8,61293109;-39,65428303;"SPRF-PE";"DEL06-PE";"UOP03-DEL06-PE"
327630;2020-12-13;"domingo";"13:12:00";"PR";116;205,9;"RIO NEGRO";"Desobediência às normas de trânsito pelo condutor";"Colisão traseira";"Com Vítimas Feridas";"Pleno dia";"Decrescente";"Céu Claro";"Simples";"Interseção de Vias;Reta;Aclive";"Não";2;0;1;0;0;1;1;2;-26,07490685;-49,75504696;"SPRF-SC";"DEL06-SC";"UOP01-DEL06-SC"
327631;2020-12-13;"domingo";"11:45:00";"SC";280;3,8;"SAO FRANCISCO DO SUL";"Desobediência às normas de trânsito pelo condutor";"Colisão transversal";"Com Vítimas Feridas";"Pleno dia";"Crescente";"Céu Claro";"Simples";"Rotatória";"Sim";2;0;1;0;1;0;1;2;-26,25155;-48,617683;"SPRF-SC";"DEL03-SC";"UOP03-DEL03-SC"
327632;2020-12-13;"domingo";"14:05:00";"RJ";101;403;"ITAGUAI";"Defeito Mecânico no Veículo";"Colisão com objeto estático";"Com Vítimas Feridas";"Pleno dia";"Crescente";"Nublado";"Dupla";"Reta";"Sim";2;0;1;0;1;0;1;1;-22,85924449;-43,79010059;"SPRF-RJ";"DEL03-RJ";"UOP01-DEL03-RJ"
327634;2020-12-13;"domingo";"14:30:00";"PR";376;259,2;"CALIFORNIA";"Velocidade Incompatível";"Saída de leito carroçável";"Com Vítimas Feridas";"Pleno dia";"Decrescente";"Chuva";"Simples";"Declive;Curva";"Não";1;0;0;1;0;0;1;1;-23,682886;-51,350251;"SPRF-PR";"DEL07-PR";"UOP03-DEL07-PR"
327635;2020-12-13;"domingo";"14:00:00";"RS";470;203,1;"BENTO GONCALVES";"Ingestão de Álcool";"Colisão frontal";"Com Vítimas Feridas";"Pleno dia";"Crescente";"Chuva";"Simples";"Declive;Curva";"Não";3;0;1;0;2;0;1;3;-29,07601095;-51,57545102;"SPRF-RS";"DEL06-RS";"UOP02-DEL06-RS"
327637;2020-12-13;"domingo";"15:10:00";"DF";60;23,5;"BRASILIA";"Defeito Mecânico no Veículo";"Queda de ocupante de veículo";"Com Vítimas Feridas";"Pleno dia";"Decrescente";"Céu Claro";"Dupla";"Reta";"Não";2;0;2;0;0;0;2;1;-15,987903;-48,223103;"SPRF-DF";"DEL03-DF";"UOP01-DEL03-DF"
327638;2020-12-13;"domingo";"15:30:00";"MG";40;761,9;"JUIZ DE FORA";"Fenômenos da Natureza";"Danos eventuais";"Com Vítimas Feridas";"Pleno dia";"Decrescente";"Céu Claro";"Simples";"Reta";"Não";4;0;2;0;2;0;2;1;-21,53704503;-43,51126405;"SPRF-MG";"DEL05-MG";"UOP01-DEL05-MG"
327639;2020-12-13;"domingo";"13:45:00";"PB";230;136;"CAMPINA GRANDE";"Condutor Dormindo";"Saída de leito carroçável";"Com Vítimas Feridas";"Pleno dia";"Decrescente";"Céu Claro";"Dupla";"Curva";"Não";1;0;0;1;0;0;1;1;-7,2818;-35,7675;"SPRF-PB";"DEL02-PB";"UOP01-DEL02-PB"
327640;2020-12-13;"domingo";"10:40:00";"SC";101;46,8;"JOINVILLE";"Não guardar distância de segurança";"Colisão traseira";"Com Vítimas Feridas";"Pleno dia";"Crescente";"Sol";"Múltipla";"Reta";"Não";5;0;2;0;3;0;2;3;-26,33150083;-48,86187762;"SPRF-SC";"DEL03-SC";"UOP01-DEL03-SC"
327641;2020-12-13;"domingo";"15:30:00";"AL";104;25;"UNIAO DOS PALMARES";"Falta de Atenção à Condução";"Colisão traseira";"Com Vítimas Feridas";"Pleno dia";"Crescente";"Nublado";"Simples";"Reta";"Não";4;0;2;0;1;1;2;3;-9,0901211;-36,05202248;"SPRF-AL";"DEL01-AL";"UOP02-DEL01-AL"
327642;2020-12-13;"domingo";"14:20:00";"SC";282;633;"DESCANSO";"Velocidade Incompatível";"Saída de leito carroçável";"Com Vítimas Feridas";"Pleno dia";"Decrescente";"Céu Claro";"Simples";"Curva";"Não";1;0;0;1;0;0;1;1;-26,824224;-53,412407;"SPRF-SC";"DEL07-SC";"UOP03-DEL07-SC"
327643;2020-12-13;"domingo";"13:35:00";"RJ";116;192;"QUEIMADOS";"Ingestão de Álcool";"Atropelamento de Pedestre";"Com Vítimas Feridas";"Pleno dia";"Decrescente";"Céu Claro";"Dupla";"Reta";"Sim";3;0;1;2;0;0;3;2;-22,74207737;-43,5192401;"SPRF-RJ";"DEL01-RJ";"UOP02-DEL01-RJ"
327644;2020-12-13;"domingo";"15:00:00";"BA";101;576;"CAMACAN";"Falta de Atenção à Condução";"Colisão lateral";"Com Vítimas Feridas";"Pleno dia";"Crescente";"Céu Claro";"Simples";"Reta";"Não";2;0;1;0;1;0;1;2;-15,3606736;-39,49962616;"SPRF-BA";"DEL05-BA";"UOP02-DEL05-BA"
327645;2020-12-13;"domingo";"14:40:00";"SP";116;344;"MIRACATU";"Falta de Atenção à Condução";"Saída de leito carroçável";"Com Vítimas Fatais";"Pleno dia";"Decrescente";"Céu Claro";"Dupla";"Reta";"Não";4;1;1;0;0;2;1;1;-24,04699491;-47,19706111;"SPRF-SP";"DEL04-SP";"UOP02-DEL04-SP"
327648;2020-12-13;"domingo";"09:40:00";"MA";316;610;"TIMON";"Desobediência às normas de trânsito pelo condutor";"Colisão frontal";"Com Vítimas Fatais";"Pleno dia";"Crescente";"Céu Claro";"Simples";"Reta";"Não";2;1;0;0;1;0;0;2;-5,069847;-42,876633;"SPRF-MA";"DEL03-MA";"UOP02-DEL03-MA"
327650;2020-12-13;"domingo";"14:30:00";"PB";104;146;"QUEIMADAS";"Falta de Atenção à Condução";"Colisão transversal";"Com Vítimas Feridas";"Pleno dia";"Crescente";"Céu Claro";"Simples";"Reta";"Não";6;0;3;0;3;0;3;3;-7,43125373;-35,89767245;"SPRF-PB";"DEL02-PB";"UOP03-DEL02-PB"
327651;2020-12-13;"domingo";"14:50:00";"ES";101;398,9;"ITAPEMIRIM";"Fenômenos da Natureza";"Tombamento";"Com Vítimas Feridas";"Pleno dia";"Decrescente";"Sol";"Múltipla";"Reta";"Não";1;0;0;1;0;0;1;1;-20,87530245;-40,95792915;"SPRF-ES";"DEL03-ES";"UOP02-DEL03-ES"
327652;2020-12-13;"domingo";"16:00:00";"RS";158;323;"SANTA MARIA";"Velocidade Incompatível";"Saída de leito carroçável";"Com Vítimas Feridas";"Pleno dia";"Decrescente";"Chuva";"Simples";"Curva";"Não";3;0;1;0;2;0;1;1;-29,702513;-53,791935;"SPRF-RS";"DEL09-RS";"UOP01-DEL09-RS"
327653;2020-12-13;"domingo";"15:50:00";"PR";116;0;"CAMPINA GRANDE DO SUL";"Velocidade Incompatível";"Capotamento";"Com Vítimas Feridas";"Pleno dia";"Crescente";"Céu Claro";"Dupla";"Retorno Regulamentado";"Não";2;0;1;0;1;0;1;1;-25,3478;-49,0493;"SPRF-PR";"DEL01-PR";"UOP02-DEL01-PR"
327654;2020-12-13;"domingo";"16:20:00";"MG";267;49;"MARIPA DE MINAS";"Falta de Atenção à Condução";"Colisão transversal";"Com Vítimas Feridas";"Pleno dia";"Crescente";"Céu Claro";"Simples";"Interseção de Vias";"Não";2;0;1;0;1;0;1;2;-21,6942842;-42,97375202;"SPRF-MG";"DEL07-MG";"UOP01-DEL07-MG"
327655;2020-12-13;"domingo";"15:00:00";"BA";407;1;"JUAZEIRO";"Ingestão de Álcool";"Colisão transversal";"Com Vítimas Feridas";"Pleno dia";"Decrescente";"Céu Claro";"Simples";"Curva";"Sim";2;0;0;1;1;0;1;2;-9,42443947;-40,50608939;"SPRF-PE";"DEL06-PE";"UOP01-DEL06-PE"
327656;2020-12-13;"domingo";"16:10:00";"SC";101;138;"BALNEARIO CAMBORIU";"Não guardar distância de segurança";"Colisão traseira";"Com Vítimas Feridas";"Pleno dia";"Decrescente";"Céu Claro";"Dupla";"Curva";"Sim";2;0;1;0;1;0;1;2;-27,02397426;-48,60761649;"SPRF-SC";"DEL04-SC";"UOP03-DEL04-SC"
327657;2020-12-13;"domingo";"16:00:00";"PR";476;271,1;"SAO MATEUS DO SUL";"Falta de Atenção à Condução";"Queda de ocupante de veículo";"Com Vítimas Feridas";"Pleno dia";"Crescente";"Sol";"Simples";"Reta";"Sim";1;0;1;0;0;0;1;1;-25,89579;-50,348907;"SPRF-PR";"DEL02-PR";"UOP04-DEL02-PR"
327658;2020-12-13;"domingo";"14:30:00";"MG";262;417,9;"PARA DE MINAS";"Condutor Dormindo";"Saída de leito carroçável";"Sem Vítimas";"Pleno dia";"Crescente";"Céu Claro";"Dupla";"Curva";"Não";1;0;0;0;1;0;0;1;-19,8829242;-44,75129485;"SPRF-MG";"DEL08-MG";"UOP03-DEL08-MG"
327659;2020-12-13;"domingo";"15:10:00";"PE";424;96,1;"GARANHUNS";"Falta de Atenção à Condução";"Colisão transversal";"Com Vítimas Fatais";"Pleno dia";"Crescente";"Céu Claro";"Simples";"Aclive";"Não";2;1;0;0;0;1;0;2;-8,93022089;-36,49644306;"SPRF-PE";"DEL03-PE";"UOP01-DEL03-PE"
327660;2020-12-13;"domingo";"14:30:00";"PE";104;22;"TAQUARITINGA DO NORTE";"Ingestão de Álcool";"Colisão traseira";"Sem Vítimas";"Pleno dia";"Decrescente";"Céu Claro";"Simples";"Reta";"Não";2;0;0;0;1;1;0;2;-7,967257;-36,116974;"SPRF-PE";"DEL02-PE";"UOP01-DEL02-PE"
327662;2020-12-13;"domingo";"17:00:00";"RS";116;264;"CANOAS";"Defeito Mecânico no Veículo";"Colisão com objeto estático";"Com Vítimas Feridas";"Pleno dia";"Decrescente";"Nublado";"Dupla";"Reta";"Sim";1;0;1;0;0;0;1;1;-29,9170247;-51,17756188;"SPRF-RS";"DEL01-RS";"UOP01-DEL01-RS"
327663;2020-12-13;"domingo";"15:00:00";"MS";60;340;"CAMPO GRANDE";"Velocidade Incompatível";"Saída de leito carroçável";"Com Vítimas Feridas";"Pleno dia";"Crescente";"Céu Claro";"Simples";"Curva";"Não";1;0;1;0;0;0;1;1;-20,36682157;-54,64933387;"SPRF-MS";"DEL01-MS";"UOP02-DEL01-MS"
327664;2020-12-13;"domingo";"17:00:00";"RJ";101;61;"CAMPOS DOS GOYTACAZES";"Velocidade Incompatível";"Colisão transversal";"Com Vítimas Feridas";"Pleno dia";"Crescente";"Céu Claro";"Simples";"Reta";"Sim";3;0;1;1;1;0;2;2;-21,72655788;-41,32133519;"SPRF-RJ";"DEL08-RJ";"UOP01-DEL08-RJ"
327665;2020-12-13;"domingo";"15:50:00";"RS";116;305;"GUAIBA";"Falta de Atenção à Condução";"Colisão transversal";"Com Vítimas Feridas";"Pleno dia";"Decrescente";"Chuva";"Simples";"Reta";"Não";3;0;1;0;1;1;1;2;-30,16312811;-51,37606884;"SPRF-RS";"DEL02-RS";"UOP01-DEL02-RS"
327666;2020-12-13;"domingo";"17:02:00";"AL";316;258,3;"PILAR";"Defeito Mecânico no Veículo";"Queda de ocupante de veículo";"Com Vítimas Feridas";"Pleno dia";"Crescente";"Céu Claro";"Simples";"Reta";"Não";1;0;0;1;0;0;1;1;-9,59138313;-35,923087;"SPRF-AL";"DEL02-AL";"UOP01-DEL02-AL"
327667;2020-12-13;"domingo";"16:35:00";"SP";381;87;"SAO PAULO";"Falta de Atenção à Condução";"Saída de leito carroçável";"Com Vítimas Feridas";"Pleno dia";"Decrescente";"Nublado";"Dupla";"Curva";"Sim";1;0;1;0;0;0;1;1;-23,46885001;-46,56996601;"SPRF-SP";"DEL03-SP";"UOP01-DEL03-SP"
327668;2020-12-13;"domingo";"14:40:00";"AL";104;60;"MURICI";"Falta de Atenção à Condução";"Colisão traseira";"Com Vítimas Feridas";"Pleno dia";"Crescente";"Céu Claro";"Simples";"Reta";"Não";2;0;1;0;0;1;1;2;-9,31312007;-35,93329509;"SPRF-AL";"DEL01-AL";"UOP02-DEL01-AL"
327669;2020-12-13;"domingo";"17:30:00";"RN";101;77,7;"NATAL";"Falta de Atenção à Condução";"Colisão transversal";"Com Vítimas Feridas";"Anoitecer";"Crescente";"Céu Claro";"Dupla";"Retorno Regulamentado";"Sim";2;0;0;1;1;0;1;2;-5,73180495;-35,29112135;"SPRF-RN";"DEL02-RN";"UOP01-DEL02-RN"
327670;2020-12-13;"domingo";"17:00:00";"MG";146;518;"POCOS DE CALDAS";"Falta de Atenção à Condução";"Colisão lateral";"Sem Vítimas";"Pleno dia";"Crescente";"Céu Claro";"Simples";"Reta";"Não";3;0;0;0;2;1;0;3;-21,80827707;-46,47697449;"SPRF-MG";"DEL09-MG";"UOP01-DEL09-MG"
327673;2020-12-13;"domingo";"16:20:00";"MG";381;175;"GOVERNADOR VALADARES";"Falta de Atenção à Condução";"Colisão lateral";"Com Vítimas Feridas";"Pleno dia";"Crescente";"Sol";"Simples";"Reta";"Não";2;0;0;1;1;0;1;2;-18,98096375;-42,10303187;"SPRF-MG";"DEL06-MG";"UOP01-DEL06-MG"
327674;2020-12-13;"domingo";"16:20:00";"SC";116;21,2;"MAFRA";"Avarias e/ou desgaste excessivo no pneu";"Tombamento";"Com Vítimas Feridas";"Pleno dia";"Decrescente";"Nublado";"Simples";"Reta";"Não";2;0;1;1;0;0;2;1;-26,24948781;-49,90733133;"SPRF-SC";"DEL06-SC";"UOP01-DEL06-SC"
327675;2020-12-13;"domingo";"18:10:00";"AL";104;35;"UNIAO DOS PALMARES";"Ultrapassagem Indevida";"Colisão lateral";"Com Vítimas Feridas";"Plena Noite";"Crescente";"Nublado";"Simples";"Reta";"Sim";3;0;2;0;0;1;2;2;-9,1616676;-36,01701171;"SPRF-AL";"DEL01-AL";"UOP02-DEL01-AL"
327676;2020-12-13;"domingo";"17:20:00";"TO";153;141;"ARAGUAINA";"Falta de Atenção à Condução";"Tombamento";"Com Vítimas Feridas";"Anoitecer";"Decrescente";"Céu Claro";"Dupla";"Reta";"Sim";2;0;1;1;0;0;2;1;-7,17457731;-48,21837371;"SPRF-TO";"DEL02-TO";"UOP01-DEL02-TO"
327677;2020-12-13;"domingo";"18:12:00";"AL";101;134,9;"SAO MIGUEL DOS CAMPOS";"Ingestão de Álcool";"Colisão lateral";"Com Vítimas Feridas";"Plena Noite";"Decrescente";"Céu Claro";"Simples";"Curva";"Não";3;0;0;1;2;0;1;3;-9,78051903;-36,10610645;"SPRF-AL";"DEL02-AL";"UOP01-DEL02-AL"
327678;2020-12-13;"domingo";"17:20:00";"RJ";101;311;"SAO GONCALO";"Desobediência às normas de trânsito pelo condutor";"Engavetamento";"Com Vítimas Feridas";"Anoitecer";"Crescente";"Céu Claro";"Dupla";"Reta";"Sim";5;0;2;0;3;0;2;3;-22,80062246;-43,05318779;"SPRF-RJ";"DEL02-RJ";"UOP02-DEL02-RJ"
327679;2020-12-13;"domingo";"15:02:00";"RJ";40;78;"PETROPOLIS";"Falta de Atenção à Condução";"Saída de leito carroçável";"Com Vítimas Feridas";"Pleno dia";"Crescente";"Céu Claro";"Simples";"Curva";"Não";1;0;1;0;0;0;1;1;-22,48485874;-43,22843406;"SPRF-RJ";"DEL06-RJ";"UOP01-DEL06-RJ"
327680;2020-12-13;"domingo";"17:55:00";"MG";381;274;"JAGUARACU";"Velocidade Incompatível";"Queda de ocupante de veículo";"Com Vítimas Feridas";"Anoitecer";"Crescente";"Céu Claro";"Simples";"Reta";"Não";1;0;1;0;0;0;1;1;-19,57460683;-42,71801809;"SPRF-MG";"DEL03-MG";"UOP02-DEL03-MG"
327681;2020-12-13;"domingo";"16:20:00";"AL";316;121;"CACIMBINHAS";"Velocidade Incompatível";"Saída de leito carroçável";"Sem Vítimas";"Pleno dia";"Crescente";"Nublado";"Simples";"Reta";"Sim";4;0;0;0;4;0;0;1;-9,39975757;-36,92991397;"SPRF-AL";"DEL03-AL";"UOP01-DEL03-AL"
327683;2020-12-13;"domingo";"17:05:00";"RS";116;209,9;"MORRO REUTER";"Desobediência às normas de trânsito pelo condutor";"Colisão transversal";"Com Vítimas Feridas";"Pleno dia";"Decrescente";"Chuva";"Simples";"Curva";"Não";3;0;1;1;1;0;2;2;-29,50328115;-51,10764995;"SPRF-RS";"DEL05-RS";"UOP02-DEL05-RS"
327685;2020-12-13;"domingo";"18:00:00";"MG";381;921,7;"CAMANDUCAIA";"Velocidade Incompatível";"Colisão com objeto estático";"Sem Vítimas";"Pleno dia";"Decrescente";"Nublado";"Dupla";"Aclive;Curva";"Não";2;0;0;0;2;0;0;1;-22,76270513;-46,1697129;"SPRF-MG";"DEL16-MG";"UOP03-DEL16-MG"
327686;2020-12-13;"domingo";"18:00:00";"PR";116;45;"CAMPINA GRANDE DO SUL";"Falta de Atenção à Condução";"Capotamento";"Com Vítimas Feridas";"Pleno dia";"Crescente";"Garoa/Chuvisco";"Dupla";"Curva";"Não";1;0;1;0;0;0;1;1;-25,19502698;-48,89003802;"SPRF-PR";"DEL01-PR";"UOP02-DEL01-PR"
327687;2020-12-13;"domingo";"18:10:00";"SE";101;100;"SAO CRISTOVAO";"Defeito Mecânico no Veículo";"Incêndio";"Sem Vítimas";"Plena Noite";"Decrescente";"Céu Claro";"Dupla";"Reta";"Não";2;0;0;0;2;0;0;1;-10,94085093;-37,19456903;"SPRF-SE";"DEL02-SE";"UOP01-DEL02-SE"
327688;2020-12-13;"domingo";"18:40:00";"SC";101;212;"PALHOCA";"Falta de Atenção à Condução";"Colisão lateral";"Com Vítimas Feridas";"Pleno dia";"Decrescente";"Sol";"Múltipla";"Reta";"Sim";3;0;2;0;0;1;2;2;-27,62996929;-48,65903871;"SPRF-SC";"DEL01-SC";"UOP02-DEL01-SC"
327689;2020-12-13;"domingo";"18:00:00";"MG";116;529,9;"CARATINGA";"Desobediência às normas de trânsito pelo condutor";"Colisão frontal";"Com Vítimas Feridas";"Pleno dia";"Crescente";"Céu Claro";"Simples";"Curva";"Sim";2;0;1;0;1;0;1;2;-19,80209596;-42,13678193;"SPRF-MG";"DEL06-MG";"UOP02-DEL06-MG"
327690;2020-12-13;"domingo";"17:00:00";"RR";174;501;"BOA VISTA";"Falta de Atenção à Condução";"Queda de ocupante de veículo";"Com Vítimas Fatais";"Pleno dia";"Decrescente";"Céu Claro";"Dupla";"Reta";"Sim";3;1;1;0;0;1;1;2;2,781689;-60,703827;"SPRF-RR";"DEL01-RR";"UOP01-DEL01-RR"
327691;2020-12-13;"domingo";"17:25:00";"MG";116;529,9;"CARATINGA";"Ingestão de Álcool";"Tombamento";"Com Vítimas Feridas";"Pleno dia";"Decrescente";"Céu Claro";"Simples";"Reta";"Sim";2;0;1;0;0;1;1;2;-19,80209596;-42,13678193;"SPRF-MG";"DEL06-MG";"UOP02-DEL06-MG"
327692;2020-12-13;"domingo";"18:55:00";"SC";282;6,1;"SAO JOSE";"Ingestão de Álcool";"Colisão traseira";"Com Vítimas Feridas";"Anoitecer";"Decrescente";"Céu Claro";"Dupla";"Curva";"Sim";2;0;1;0;1;0;1;2;-27,591936;-48,618244;"SPRF-SC";"DEL01-SC";"UOP01-DEL01-SC"
327693;2020-12-13;"domingo";"17:30:00";"MG";365;627;"UBERLANDIA";"Desobediência às normas de trânsito pelo condutor";"Colisão frontal";"Com Vítimas Feridas";"Pleno dia";"Decrescente";"Nublado";"Dupla";"Interseção de Vias";"Sim";3;0;0;1;2;0;1;2;-18,90359335;-48,34361612;"SPRF-MG";"DEL15-MG";"UOP01-DEL15-MG"
327694;2020-12-13;"domingo";"17:00:00";"PR";369;397,1;"MAMBORE";"Não guardar distância de segurança";"Colisão traseira";"Com Vítimas Feridas";"Pleno dia";"Decrescente";"Nublado";"Simples";"Reta";"Não";4;0;2;0;2;0;2;2;-24,3024;-52,5922;"SPRF-PR";"DEL09-PR";"UOP03-DEL09-PR"
327695;2020-12-13;"domingo";"17:30:00";"PR";277;595;"CASCAVEL";"Não guardar distância de segurança";"Colisão traseira";"Sem Vítimas";"Pleno dia";"Crescente";"Nublado";"Dupla";"Reta";"Sim";2;0;0;0;2;0;0;2;-24,98154632;-53,50141969;"SPRF-PR";"DEL04-PR";"UOP01-DEL04-PR"