"id";"data_inversa";"dia_semana";"horario";"uf";"br";"km";"municipio";"causa_acidente";"tipo_acidente";"classificacao_acidente";"fase_dia";"sentido_via";"condicao_metereologica";"tipo_pista";"tracado_via";"uso_solo";"pessoas";"mortos";"feridos_leves";"feridos_graves";"ilesos";"ignorados";"feridos";"veiculos";"latitude";"longitude";"regional";"delegacia";"uop"
327696;2020-12-13;"domingo";"18:20:00";"PE";101;50;"ABREU E LIMA";"Falta de Atenção do Pedestre";"Atropelamento de Pedestre";"Sem Vítimas";"Plena Noite";"Crescente";"Nublado";"Dupla";"Reta";"Sim";1;0;0;0;1;0;0;1;-7,90938602;-34,90123228;"SPRF-PE";"DEL01-PE";"UOP02-DEL01-PE"
327698;2020-12-13;"domingo";"18:00:00";"PB";230;143,5;"CAMPINA GRANDE";"Falta de Atenção à Condução";"Colisão com objeto estático";"Sem Vítimas";"Plena Noite";"Crescente";"Céu Claro";"Dupla";"Retorno Regulamentado;Reta";"Sim";1;0;0;0;0;1;0;1;-7,253694;-35,831625;"SPRF-PB";"DEL02-PB";"UOP01-DEL02-PB"
327699;2020-12-13;"domingo";"18:20:00";"PB";230;164,3;"CAMPINA GRANDE";"Desobediência às normas de trânsito pelo condutor";"Tombamento";"Com Vítimas Feridas";"Plena Noite";"Decrescente";"Nublado";"Simples";"Curva";"Não";1;0;1;0;0;0;1;1;-7,2128;-35,9499;"SPRF-PB";"DEL02-PB";"UOP01-DEL02-PB"
327701;2020-12-13;"domingo";"18:20:00";"RN";101;125;"SAO JOSE DE MIPIBU";"Falta de Atenção à Condução";"Colisão traseira";"Com Vítimas Feridas";"Plena Noite";"Crescente";"Céu Claro";"Múltipla";"Reta";"Não";2;0;1;0;1;0;1;2;-6,07815599;-35,23412006;"SPRF-RN";"DEL01-RN";"UOP01-DEL01-RN"
327702;2020-12-13;"domingo";"18:40:00";"GO";153;509;"APARECIDA DE GOIANIA";"Não guardar distância de segurança";"Engavetamento";"Sem Vítimas";"Plena Noite";"Crescente";"Nublado";"Dupla";"Aclive";"Sim";3;0;0;0;3;0;0;3;-16,7888;-49,2379;"SPRF-GO";"DEL01-GO";"UOP03-DEL01-GO"
327703;2020-12-13;"domingo";"19:00:00";"GO";153;509;"APARECIDA DE GOIANIA";"Falta de Atenção à Condução";"Colisão traseira";"Com Vítimas Feridas";"Plena Noite";"Crescente";"Céu Claro";"Dupla";"Declive";"Não";1;0;0;1;0;0;1;1;-16,7888;-49,2379;"SPRF-GO";"DEL01-GO";"UOP03-DEL01-GO"
327704;2020-12-13;"domingo";"19:15:00";"RS";116;228;"DOIS IRMAOS";"Pista Escorregadia";"Colisão transversal";"Com Vítimas Feridas";"Plena Noite";"Decrescente";"Chuva";"Simples";"Aclive;Curva";"Sim";4;0;4;0;0;0;4;2;-29,61103966;-51,12425074;"SPRF-RS";"DEL01-RS";"UOP02-DEL01-RS"
327705;2020-12-13;"domingo";"18:30:00";"BA";116;347;"SERRINHA";"Ingestão de Álcool";"Colisão frontal";"Com Vítimas Feridas";"Plena Noite";"Crescente";"Céu Claro";"Dupla";"Reta";"Sim";2;0;0;1;1;0;1;2;-11,56452494;-38,98882349;"SPRF-BA";"DEL02-BA";"UOP01-DEL02-BA"
327706;2020-12-13;"domingo";"19:20:00";"ES";101;107,3;"SOORETAMA";"Falta de Atenção à Condução";"Colisão transversal";"Com Vítimas Feridas";"Plena Noite";"Crescente";"Céu Claro";"Simples";"Aclive";"Não";2;0;2;0;0;0;2;2;-19,03760793;-40,02283215;"SPRF-ES";"DEL04-ES";"UOP01-DEL04-ES"
327707;2020-12-13;"domingo";"19:00:00";"PR";116;106,1;"SAO JOSE DOS PINHAIS";"Desobediência às normas de trânsito pelo condutor";"Queda de ocupante de veículo";"Com Vítimas Feridas";"Plena Noite";"Decrescente";"Nublado";"Dupla";"Reta;Interseção de Vias";"Sim";2;0;2;0;0;0;2;1;-25,56830653;-49,17799791;"SPRF-PR";"DEL01-PR";"UOP01-DEL01-PR"
327708;2020-12-13;"domingo";"19:30:00";"PE";101;0,4;"GOIANA";"Falta de Atenção à Condução";"Saída de leito carroçável";"Com Vítimas Feridas";"Plena Noite";"Decrescente";"Nublado";"Múltipla";"Reta";"Não";1;0;1;0;0;0;1;1;-7,5001955;-34,985073;"SPRF-PE";"DEL01-PE";"UOP02-DEL01-PE"
327709;2020-12-13;"domingo";"20:05:00";"GO";40;3,4;"VALPARAISO DE GOIAS";"Ingestão de Álcool";"Colisão traseira";"Sem Vítimas";"Plena Noite";"Decrescente";"Céu Claro";"Dupla";"Reta";"Sim";2;0;0;0;2;0;0;2;-16,08062548;-47,98638409;"SPRF-DF";"DEL01-DF";"UOP01-DEL01-DF"
327710;2020-12-13;"domingo";"19:15:00";"SP";116;207;"GUARULHOS";"Desobediência às normas de trânsito pelo condutor";"Colisão lateral";"Sem Vítimas";"Plena Noite";"Crescente";"Garoa/Chuvisco";"Dupla";"Reta";"Sim";2;0;0;0;1;1;0;2;-23,41972188;-46,38419203;"SPRF-SP";"DEL01-SP";"UOP01-DEL01-SP"
327712;2020-12-13;"domingo";"19:35:00";"RJ";40;119;"DUQUE DE CAXIAS";"Falta de Atenção à Condução";"Colisão traseira";"Sem Vítimas";"Plena Noite";"Crescente";"Céu Claro";"Múltipla";"Reta";"Sim";1;0;0;0;1;0;0;1;-22,76375592;-43,28683062;"SPRF-RJ";"DEL01-RJ";"UOP01-DEL01-RJ"
327714;2020-12-13;"domingo";"20:15:00";"SP";101;45,9;"UBATUBA";"Objeto estático sobre o leito carroçável";"Queda de ocupante de veículo";"Com Vítimas Feridas";"Plena Noite";"Decrescente";"Nublado";"Simples";"Reta";"Sim";1;0;1;0;0;0;1;1;-23,41779396;-45,06788408;"SPRF-SP";"DEL06-SP";"UOP01-DEL06-SP"
327716;2020-12-10;"quinta-feira";"11:20:00";"RJ";40;94;"DUQUE DE CAXIAS";"Fenômenos da Natureza";"Colisão com objeto estático";"Com Vítimas Feridas";"Pleno dia";"Crescente";"Chuva";"Simples";"Curva";"Não";3;0;1;0;2;0;1;1;-22,55763285;-43,26574352;"SPRF-RJ";"DEL01-RJ";"UOP01-DEL01-RJ"
327718;2020-12-13;"domingo";"10:50:00";"SC";280;48;"GUARAMIRIM";"Falta de Atenção à Condução";"Colisão transversal";"Com Vítimas Feridas";"Pleno dia";"Crescente";"Sol";"Simples";"Interseção de Vias";"Não";3;0;1;1;1;0;2;2;-26,45531116;-48,92830968;"SPRF-SC";"DEL03-SC";"UOP03-DEL03-SC"
327719;2020-12-13;"domingo";"19:40:00";"SP";381;24;"BRAGANCA PAULISTA";"Falta de Atenção à Condução";"Capotamento";"Com Vítimas Feridas";"Plena Noite";"Crescente";"Chuva";"Dupla";"Reta";"Sim";2;0;1;0;1;0;1;1;-23,01316393;-46,52386219;"SPRF-SP";"DEL03-SP";"UOP01-DEL03-SP"
327721;2020-12-13;"domingo";"16:00:00";"MG";116;340;"CAMPANARIO";"Desobediência às normas de trânsito pelo condutor";"Colisão transversal";"Com Vítimas Feridas";"Pleno dia";"Crescente";"Céu Claro";"Simples";"Reta";"Não";2;0;1;0;1;0;1;2;-18,3202008;-41,7590494;"SPRF-MG";"DEL11-MG";"UOP01-DEL11-MG"
327722;2020-12-13;"domingo";"17:15:00";"GO";60;234;"CEZARINA";"Falta de Atenção à Condução";"Saída de leito carroçável";"Com Vítimas Feridas";"Pleno dia";"Decrescente";"Nublado";"Dupla";"Reta";"Não";2;0;1;0;1;0;1;1;-17,0757;-49,8215;"SPRF-GO";"DEL01-GO";"UOP02-DEL01-GO"
327724;2020-12-13;"domingo";"10:00:00";"SP";116;190;"SANTA ISABEL";"Defeito Mecânico no Veículo";"Incêndio";"Sem Vítimas";"Pleno dia";"Crescente";"Sol";"Dupla";"Reta";"Não";1;0;0;0;1;0;0;1;-23,36821879;-46,23367409;"SPRF-SP";"DEL02-SP";"UOP01-DEL02-SP"
327725;2020-12-13;"domingo";"19:30:00";"MG";40;728,1;"OLIVEIRA FORTES";"Velocidade Incompatível";"Saída de leito carroçável";"Com Vítimas Feridas";"Plena Noite";"Crescente";"Ignorado";"Dupla";"Curva";"Não";2;0;0;2;0;0;2;1;-21,31842199;-43,58689599;"SPRF-MG";"DEL05-MG";"UOP01-DEL05-MG"
327726;2020-12-13;"domingo";"20:30:00";"MG";365;756,5;"ITUIUTABA";"Falta de Atenção à Condução";"Saída de leito carroçável";"Com Vítimas Feridas";"Plena Noite";"Decrescente";"Céu Claro";"Dupla";"Interseção de Vias";"Não";3;0;2;0;1;0;2;1;-18,96559265;-49,50660467;"SPRF-MG";"DEL15-MG";"UOP03-DEL15-MG"
327728;2020-12-13;"domingo";"18:30:00";"PR";116;8;"CAMPINA GRANDE DO SUL";"Falta de Atenção à Condução";"Saída de leito carroçável";"Com Vítimas Feridas";"Plena Noite";"Crescente";"Chuva";"Dupla";"Curva";"Não";1;0;1;0;0;0;1;1;-25,08123277;-48,62449108;"SPRF-PR";"DEL01-PR";"UOP02-DEL01-PR"
327729;2020-12-13;"domingo";"20:15:00";"PR";476;290;"SAO MATEUS DO SUL";"Desobediência às normas de trânsito pelo condutor";"Colisão lateral";"Com Vítimas Feridas";"Pleno dia";"Crescente";"Céu Claro";"Simples";"Reta";"Não";5;0;1;0;4;0;1;4;-25,935797;-50,480778;"SPRF-PR";"DEL02-PR";"UOP04-DEL02-PR"
327730;2020-12-13;"domingo";"20:00:00";"RJ";40;21;"TRES RIOS";"Falta de Atenção do Pedestre";"Atropelamento de Pedestre";"Com Vítimas Feridas";"Plena Noite";"Crescente";"Ignorado";"Dupla";"Reta";"Não";7;0;0;1;5;1;1;3;-22,11423526;-43,15858581;"SPRF-RJ";"DEL05-RJ";"UOP02-DEL05-RJ"
327731;2020-12-13;"domingo";"19:45:00";"CE";116;32;"AQUIRAZ";"Falta de Atenção à Condução";"Colisão traseira";"Com Vítimas Feridas";"Plena Noite";"Decrescente";"Céu Claro";"Múltipla";"Reta";"Não";5;0;1;0;3;1;1;3;-4,02676186;-38,51392889;"SPRF-CE";"DEL01-CE";"UOP02-DEL01-CE"
327732;2020-12-13;"domingo";"20:55:00";"SC";101;206,8;"SAO JOSE";"Desobediência às normas de trânsito pelo condutor";"Tombamento";"Com Vítimas Feridas";"Plena Noite";"Decrescente";"Nublado";"Dupla";"Declive";"Sim";1;0;0;1;0;0;1;1;-27,59193546;-48,61824557;"SPRF-SC";"DEL01-SC";"UOP01-DEL01-SC"
327733;2020-12-13;"domingo";"18:19:00";"RJ";40;86;"PETROPOLIS";"Velocidade Incompatível";"Tombamento";"Com Vítimas Feridas";"Plena Noite";"Decrescente";"Nublado";"Simples";"Aclive;Curva";"Não";1;0;1;0;0;0;1;1;-22,56367964;-43,23160887;"SPRF-RJ";"DEL06-RJ";"UOP01-DEL06-RJ"
327734;2020-12-13;"domingo";"21:10:00";"PE";101;96;"CABO DE SANTO AGOSTINHO";"Ingestão de Álcool";"Colisão lateral";"Sem Vítimas";"Plena Noite";"Crescente";"Nublado";"Dupla";"Reta;Declive";"Sim";2;0;0;0;2;0;0;2;-8,25146993;-35,021805;"SPRF-PE";"DEL01-PE";"UOP03-DEL01-PE"
327735;2020-12-13;"domingo";"20:45:00";"SC";101;218,3;"PALHOCA";"Desobediência às normas de trânsito pelo condutor";"Saída de leito carroçável";"Com Vítimas Feridas";"Plena Noite";"Decrescente";"Nublado";"Múltipla";"Reta";"Sim";2;0;1;1;0;0;2;1;-27,6758601;-48,67052525;"SPRF-SC";"DEL01-SC";"UOP02-DEL01-SC"
327736;2020-12-13;"domingo";"17:00:00";"SC";101;77,9;"ARAQUARI";"Falta de Atenção à Condução";"Queda de ocupante de veículo";"Com Vítimas Feridas";"Pleno dia";"Crescente";"Sol";"Dupla";"Reta";"Não";1;0;1;0;0;0;1;1;-26,56833103;-48,72029393;"SPRF-SC";"DEL03-SC";"UOP02-DEL03-SC"
327737;2020-12-13;"domingo";"21:20:00";"SC";101;209,1;"SAO JOSE";"Desobediência às normas de trânsito pelo condutor";"Colisão traseira";"Com Vítimas Feridas";"Plena Noite";"Crescente";"Céu Claro";"Dupla";"Reta";"Sim";2;0;1;0;1;0;1;2;-27,61000542;-48,63895057;"SPRF-SC";"DEL01-SC";"UOP01-DEL01-SC"
327738;2020-12-13;"domingo";"19:00:00";"PB";230;463;"SOUSA";"Ingestão de Álcool";"Colisão traseira";"Com Vítimas Fatais";"Plena Noite";"Crescente";"Céu Claro";"Simples";"Reta";"Sim";5;1;0;3;0;1;3;2;-6,7783;-38,2256;"SPRF-PB";"DEL03-PB";"UOP03-DEL03-PB"
327739;2020-12-13;"domingo";"21:15:00";"MG";365;396;"PATOS DE MINAS";"Animais na Pista";"Atropelamento de Animal";"Com Vítimas Feridas";"Plena Noite";"Crescente";"Céu Claro";"Simples";"Reta";"Não";2;0;2;0;0;0;2;1;-18,62670509;-46,38178104;"SPRF-MG";"DEL10-MG";"UOP01-DEL10-MG"
327742;2020-12-13;"domingo";"20:50:00";"RS";285;421,2;"PANAMBI";"Ingestão de álcool e/ou substâncias psicoativas pelo pedestre";"Colisão lateral";"Sem Vítimas";"Plena Noite";"Decrescente";"Nublado";"Simples";"Curva";"Não";2;0;0;0;2;0;0;2;-28,33809322;-53,56527507;"SPRF-RS";"DEL10-RS";"UOP01-DEL10-RS"
327743;2020-12-13;"domingo";"04:05:00";"RO";364;710;"PORTO VELHO";"Sinalização da via insuficiente ou inadequada";"Colisão com objeto estático";"Sem Vítimas";"Plena Noite";"Crescente";"Céu Claro";"Múltipla";"Rotatória";"Sim";1;0;0;0;1;0;0;1;-8,78621576;-63,85712687;"SPRF-RO";"DEL01-RO";"UOP01-DEL01-RO"
327744;2020-12-13;"domingo";"21:05:00";"PI";230;308;"FLORIANO";"Falta de Atenção à Condução";"Atropelamento de Pedestre";"Com Vítimas Feridas";"Plena Noite";"Crescente";"Céu Claro";"Simples";"Reta";"Sim";2;0;1;0;0;1;1;2;-6,78159309;-43,00121707;"SPRF-PI";"DEL03-PI";"UOP01-DEL03-PI"
327745;2020-12-13;"domingo";"21:05:00";"MG";40;526,1;"CONTAGEM";"Falta de Atenção à Condução";"Colisão traseira";"Com Vítimas Feridas";"Plena Noite";"Crescente";"Céu Claro";"Múltipla";"Reta";"Sim";4;0;1;0;3;0;1;2;-19,89255399;-44,04985478;"SPRF-MG";"DEL01-MG";"UOP02-DEL01-MG"
327749;2020-12-13;"domingo";"18:40:00";"MG";251;292;"SALINAS";"Ultrapassagem Indevida";"Colisão lateral";"Sem Vítimas";"Anoitecer";"Decrescente";"Céu Claro";"Simples";"Reta";"Não";1;0;0;0;0;1;0;1;-16,07216994;-42,20807217;"SPRF-MG";"DEL11-MG";"UOP02-DEL11-MG"
327751;2020-12-13;"domingo";"22:05:00";"PR";277;660,1;"MATELANDIA";"Pista Escorregadia";"Colisão com objeto estático";"Com Vítimas Feridas";"Plena Noite";"Crescente";"Chuva";"Dupla";"Curva";"Não";2;0;1;0;1;0;1;1;-25,25136237;-53,99027796;"SPRF-PR";"DEL05-PR";"UOP02-DEL05-PR"
327752;2020-12-13;"domingo";"21:00:00";"PR";376;638;"TIJUCAS DO SUL";"Velocidade Incompatível";"Tombamento";"Com Vítimas Feridas";"Plena Noite";"Decrescente";"Nublado";"Dupla";"Curva";"Não";2;0;2;0;0;0;2;1;-25,76503801;-49,12449804;"SPRF-PR";"DEL01-PR";"UOP04-DEL01-PR"
327754;2020-12-13;"domingo";"21:40:00";"SP";116;283;"EMBU DAS ARTES";"Ingestão de Álcool";"Colisão traseira";"Sem Vítimas";"Plena Noite";"Crescente";"Garoa/Chuvisco";"Dupla";"Reta";"Não";3;0;0;0;3;0;0;3;-23,69297005;-46,86352786;"SPRF-SP";"DEL04-SP";"UOP01-DEL04-SP"
327755;2020-12-13;"domingo";"21:00:00";"CE";222;311,5;"TIANGUA";"Falta de Atenção à Condução";"Colisão transversal";"Com Vítimas Feridas";"Plena Noite";"Decrescente";"Chuva";"Simples";"Reta";"Sim";2;0;1;0;1;0;1;2;-3,711973;-40,984356;"SPRF-CE";"DEL04-CE";"UOP02-DEL04-CE"
327756;2020-12-13;"domingo";"21:05:00";"AP";156;819;"OIAPOQUE";"Ingestão de Álcool";"Colisão transversal";"Com Vítimas Feridas";"Plena Noite";"Crescente";"Céu Claro";"Simples";"Reta";"Sim";3;0;2;0;0;1;2;2;3,83552896;-51,80935802;"SPRF-AP";"DEL01-AP";"UOP03-DEL01-AP"
327757;2020-12-13;"domingo";"22:30:00";"PE";101;51;"ABREU E LIMA";"Falta de Atenção à Condução";"Colisão traseira";"Com Vítimas Feridas";"Plena Noite";"Crescente";"Chuva";"Dupla";"Reta";"Sim";2;0;1;0;0;1;1;2;-7,9169968;-34,89689272;"SPRF-PE";"DEL01-PE";"UOP02-DEL01-PE"
327761;2020-12-13;"domingo";"20:50:00";"MT";364;239,5;"JUSCIMEIRA";"Defeito na Via";"Tombamento";"Com Vítimas Feridas";"Plena Noite";"Decrescente";"Nublado";"Dupla";"Reta";"Não";2;0;2;0;0;0;2;1;-16,1876524;-54,78578459;"SPRF-MT";"DEL02-MT";"UOP01-DEL02-MT"
327763;2020-12-13;"domingo";"21:30:00";"CE";222;214;"FORQUILHA";"Velocidade Incompatível";"Saída de leito carroçável";"Sem Vítimas";"Plena Noite";"Decrescente";"Céu Claro";"Simples";"Curva";"Não";1;0;0;0;0;1;0;1;-3,77145237;-40,28111534;"SPRF-CE";"DEL04-CE";"UOP01-DEL04-CE"
327764;2020-12-13;"domingo";"18:55:00";"GO";60;383,8;"RIO VERDE";"Falta de Atenção do Pedestre";"Atropelamento de Pedestre";"Com Vítimas Fatais";"Plena Noite";"Decrescente";"Céu Claro";"Múltipla";"Reta;Aclive";"Sim";2;1;0;0;1;0;0;2;-17,79953623;-50,91742884;"SPRF-GO";"DEL04-GO";"UOP01-DEL04-GO"
327765;2020-12-13;"domingo";"19:25:00";"RR";401;4;"CANTA";"Ingestão de Álcool";"Colisão traseira";"Com Vítimas Feridas";"Plena Noite";"Crescente";"Céu Claro";"Simples";"Reta";"Não";3;0;1;2;0;0;3;2;2,78964195;-60,65873803;"SPRF-RR";"DEL01-RR";"UOP01-DEL01-RR"
327766;2020-12-13;"domingo";"22:20:00";"SC";282;325,4;"CAMPOS NOVOS";"Condutor Dormindo";"Saída de leito carroçável";"Com Vítimas Feridas";"Plena Noite";"Crescente";"Céu Claro";"Simples";"Interseção de Vias";"Não";1;0;1;0;0;0;1;1;-27,380039;-51,061966;"SPRF-SC";"DEL07-SC";"UOP06-DEL07-SC"
327768;2020-12-13;"domingo";"22:30:00";"CE";222;2;"FORTALEZA";"Desobediência às normas de trânsito pelo condutor";"Colisão lateral";"Sem Vítimas";"Plena Noite";"Decrescente";"Céu Claro";"Múltipla";"Reta";"Sim";2;0;0;0;1;1;0;2;-3,73911117;-38,58687498;"SPRF-CE";"DEL01-CE";"UOP01-DEL01-CE"
327770;2020-12-13;"domingo";"21:40:00";"PR";373;409;"CANDOI";"Falta de Atenção à Condução";"Colisão lateral";"Com Vítimas Feridas";"Plena Noite";"Decrescente";"Garoa/Chuvisco";"Simples";"Reta";"Não";6;0;3;0;3;0;3;2;-25,62683816;-52,08830059;"SPRF-PR";"DEL08-PR";"UOP01-DEL08-PR"
327771;2020-12-13;"domingo";"23:05:00";"SE";101;95;"NOSSA SENHORA DO SOCORRO";"Falta de Atenção à Condução";"Colisão traseira";"Com Vítimas Feridas";"Plena Noite";"Decrescente";"Céu Claro";"Dupla";"Reta;Aclive";"Sim";3;0;1;1;1;0;2;2;-10,91256274;-37,15981218;"SPRF-SE";"DEL02-SE";"UOP01-DEL02-SE"
327772;2020-12-13;"domingo";"22:40:00";"RJ";101;228;"SILVA JARDIM";"Falta de Atenção à Condução";"Colisão traseira";"Sem Vítimas";"Plena Noite";"Crescente";"Ignorado";"Dupla";"Reta";"Não";2;0;0;0;2;0;0;2;-22,56452178;-42,36255169;"SPRF-RJ";"DEL02-RJ";"UOP03-DEL02-RJ"
327774;2020-12-13;"domingo";"22:00:00";"ES";101;368,6;"ANCHIETA";"Velocidade Incompatível";"Colisão com objeto estático";"Com Vítimas Feridas";"Plena Noite";"Decrescente";"Céu Claro";"Simples";"Curva";"Não";2;0;0;1;1;0;1;1;-20,753749;-40,75894999;"SPRF-ES";"DEL03-ES";"UOP01-DEL03-ES"
327775;2020-12-13;"domingo";"19:00:00";"RJ";101;478;"ANGRA DOS REIS";"Defeito Mecânico no Veículo";"Queda de ocupante de veículo";"Com Vítimas Feridas";"Plena Noite";"Crescente";"Nublado";"Simples";"Reta";"Sim";1;0;1;0;0;0;1;1;-23,00246527;-44,27270594;"SPRF-RJ";"DEL03-RJ";"UOP03-DEL03-RJ"
327776;2020-12-13;"domingo";"21:30:00";"SC";470;58;"BLUMENAU";"Ingestão de Álcool";"Colisão transversal";"Sem Vítimas";"Plena Noite";"Crescente";"Chuva";"Simples";"Reta";"Sim";2;0;0;0;2;0;0;2;-26,883879;-49,145622;"SPRF-SC";"DEL04-SC";"UOP01-DEL04-SC"
327778;2020-12-13;"domingo";"20:15:00";"MG";365;603,9;"UBERLANDIA";"Sinalização da via insuficiente ou inadequada";"Saída de leito carroçável";"Com Vítimas Feridas";"Plena Noite";"Crescente";"Nublado";"Simples";"Em Obras";"Não";1;0;1;0;0;0;1;1;-18,89353759;-48,13677907;"SPRF-MG";"DEL15-MG";"UOP01-DEL15-MG"
327780;2020-12-13;"domingo";"22:50:00";"SP";116;203;"ARUJA";"Falta de Atenção à Condução";"Colisão traseira";"Com Vítimas Feridas";"Plena Noite";"Decrescente";"Céu Claro";"Dupla";"Reta";"Não";1;0;1;0;0;0;1;1;-23,41060827;-46,34763895;"SPRF-SP";"DEL01-SP";"UOP01-DEL01-SP"
327781;2020-12-13;"domingo";"21:00:00";"PE";428;178,9;"PETROLINA";"Objeto estático sobre o leito carroçável";"Tombamento";"Com Vítimas Feridas";"Plena Noite";"Decrescente";"Céu Claro";"Simples";"Reta";"Não";1;0;0;1;0;0;1;1;-9,30251606;-40,45091987;"SPRF-PE";"DEL06-PE";"UOP01-DEL06-PE"
327782;2020-12-13;"domingo";"16:50:00";"MG";40;164,6;"JOAO PINHEIRO";"Velocidade Incompatível";"Colisão lateral";"Com Vítimas Feridas";"Anoitecer";"Crescente";"Céu Claro";"Dupla";"Curva";"Não";3;0;2;0;0;1;2;3;-17,9063025;-46,10780504;"SPRF-MG";"DEL14-MG";"UOP02-DEL14-MG"
327783;2020-12-13;"domingo";"19:30:00";"SC";282;217;"LAGES";"Defeito Mecânico no Veículo";"Saída de leito carroçável";"Com Vítimas Feridas";"Anoitecer";"Decrescente";"Céu Claro";"Simples";"Ponte";"Sim";2;0;2;0;0;0;2;1;-27,79774757;-50,29409235;"SPRF-SC";"DEL05-SC";"UOP01-DEL05-SC"
327784;2020-12-13;"domingo";"21:00:00";"RS";116;81;"CAMPESTRE DA SERRA";"Falta de Atenção à Condução";"Saída de leito carroçável";"Com Vítimas Feridas";"Plena Noite";"Decrescente";"Garoa/Chuvisco";"Simples";"Reta";"Sim";1;0;0;1;0;0;1;1;-28,80822608;-51,1030809;"SPRF-RS";"DEL05-RS";"UOP03-DEL05-RS"
327785;2020-12-13;"domingo";"23:20:00";"MG";381;159;"GOVERNADOR VALADARES";"Falta de Atenção à Condução";"Saída de leito carroçável";"Com Vítimas Feridas";"Plena Noite";"Decrescente";"Céu Claro";"Simples";"Reta";"Não";1;0;1;0;0;0;1;1;-18,89210728;-42,00481307;"SPRF-MG";"DEL06-MG";"UOP01-DEL06-MG"
327786;2020-12-13;"domingo";"22:30:00";"RJ";465;3;"SEROPEDICA";"Falta de Atenção à Condução";"Colisão transversal";"Com Vítimas Feridas";"Plena Noite";"Crescente";"Nublado";"Simples";"Reta";"Sim";2;0;0;1;1;0;1;2;-22,73427;-43,711994;"SPRF-RJ";"DEL01-RJ";"UOP03-DEL01-RJ"
327787;2020-12-13;"domingo";"22:00:00";"PA";316;139,9;"PEIXE-BOI";"Desobediência às normas de trânsito pelo condutor";"Colisão frontal";"Com Vítimas Fatais";"Plena Noite";"Decrescente";"Céu Claro";"Simples";"Reta";"Não";2;1;0;0;1;0;0;2;-1,26637177;-47,27492515;"SPRF-PA";"DEL01-PA";"UOP03-DEL01-PA"
327788;2020-12-13;"domingo";"23:30:00";"SC";282;527,2;"XAXIM";"Ingestão de Álcool";"Saída de leito carroçável";"Com Vítimas Feridas";"Plena Noite";"Crescente";"Céu Claro";"Simples";"Reta";"Não";1;0;0;1;0;0;1;1;-26,973196;-52,583321;"SPRF-SC";"DEL07-SC";"UOP01-DEL07-SC"
327789;2020-12-13;"domingo";"22:40:00";"RJ";101;228,5;"SILVA JARDIM";"Falta de Atenção à Condução";"Saída de leito carroçável";"Com Vítimas Feridas";"Plena Noite";"Crescente";"Céu Claro";"Dupla";"Ponte";"Não";1;0;0;1;0;0;1;1;-22,56464067;-42,36246586;"SPRF-RJ";"DEL02-RJ";"UOP03-DEL02-RJ"
327791;2020-12-14;"segunda-feira";"01:00:00";"PR";376;595,9;"CURITIBA";"Falta de Atenção à Condução";"Colisão transversal";"Com Vítimas Feridas";"Plena Noite";"Decrescente";"Nublado";"Dupla";"Reta";"Sim";3;0;0;1;2;0;1;2;-25,49317991;-49,34370776;"SPRF-PR";"DEL01-PR";"UOP01-DEL01-PR"
327792;2020-12-13;"domingo";"19:15:00";"SC";101;366,9;"ICARA";"Falta de Atenção à Condução";"Atropelamento de Pedestre";"Com Vítimas Fatais";"Plena Noite";"Crescente";"Nublado";"Dupla";"Curva";"Não";2;1;0;0;1;0;0;2;-28,69655018;-49,17563265;"SPRF-SC";"DEL02-SC";"UOP01-DEL02-SC"
327793;2020-12-14;"segunda-feira";"00:45:00";"RS";290;67,3;"GRAVATAI";"Ingestão de Álcool";"Colisão traseira";"Com Vítimas Feridas";"Plena Noite";"Crescente";"Garoa/Chuvisco";"Múltipla";"Reta";"Não";4;0;4;0;0;0;4;2;-29,94256;-50,925896;"SPRF-RS";"DEL03-RS";"UOP01-DEL03-RS"
327794;2020-12-13;"domingo";"18:20:00";"BA";101;719;"EUNAPOLIS";"Falta de Atenção à Condução";"Tombamento";"Com Vítimas Feridas";"Plena Noite";"Crescente";"Céu Claro";"Simples";"Reta";"Não";1;0;0;1;0;0;1;1;-16,36494484;-39,58374023;"SPRF-BA";"DEL09-BA";"UOP01-DEL09-BA"
327795;2020-12-14;"segunda-feira";"00:30:00";"GO";20;36;"FORMOSA";"Desobediência às normas de trânsito pelo condutor";"Colisão frontal";"Sem Vítimas";"Plena Noite";"Crescente";"Céu Claro";"Simples";"Reta";"Não";2;0;0;0;2;0;0;2;-15,446499;-47,097328;"SPRF-DF";"DEL02-DF";"UOP01-DEL02-DF"
327797;2020-12-14;"segunda-feira";"01:00:00";"PR";376;596;"CURITIBA";"Animais na Pista";"Atropelamento de Animal";"Com Vítimas Feridas";"Plena Noite";"Decrescente";"Céu Claro";"Dupla";"Reta";"Sim";4;0;4;0;0;0;4;1;-25,50194708;-49,3415524;"SPRF-PR";"DEL01-PR";"UOP01-DEL01-PR"
327799;2020-12-13;"domingo";"20:15:00";"RO";319;62;"PORTO VELHO";"Falta de Atenção à Condução";"Atropelamento de Pedestre";"Com Vítimas Feridas";"Pleno dia";"Crescente";"Céu Claro";"Dupla";"Reta";"Não";2;0;0;1;0;1;1;2;-8,766685;-63,884052;"SPRF-RO";"DEL01-RO";"UOP01-DEL01-RO"