"id";"data_inversa";"dia_semana";"horario";"uf";"br";"km";"municipio";"causa_acidente";"tipo_acidente";"classificacao_acidente";"fase_dia";"sentido_via";"condicao_metereologica";"tipo_pista";"tracado_via";"uso_solo";"pessoas";"mortos";"feridos_leves";"feridos_graves";"ilesos";"ignorados";"feridos";"veiculos";"latitude";"longitude";"regional";"delegacia";"uop"
327800;2020-12-14;"segunda-feira";"02:50:00";"PE";232;12,5;"JABOATAO DOS GUARARAPES";"Defeito Mecânico no Veículo";"Incêndio";"Sem Vítimas";"Plena Noite";"Crescente";"Nublado";"Dupla";"Reta";"Não";1;0;0;0;1;0;0;1;-8,08577691;-35,00345603;"SPRF-PE";"DEL01-PE";"UOP01-DEL01-PE"
327801;2020-12-13;"domingo";"23:45:00";"SC";101;275;"GAROPABA";"Falta de Atenção à Condução";"Colisão traseira";"Com Vítimas Feridas";"Plena Noite";"Decrescente";"Chuva";"Múltipla";"Reta";"Não";3;0;2;0;1;0;2;2;-28,138086;-48,69218292;"SPRF-SC";"DEL02-SC";"UOP03-DEL02-SC"
327802;2020-12-14;"segunda-feira";"02:50:00";"SP";116;219,3;"GUARULHOS";"Pista Escorregadia";"Tombamento";"Com Vítimas Feridas";"Plena Noite";"Crescente";"Garoa/Chuvisco";"Múltipla";"Reta";"Sim";1;0;1;0;0;0;1;1;-23,46143954;-46,48885316;"SPRF-SP";"DEL01-SP";"UOP01-DEL01-SP"
327804;2020-12-14;"segunda-feira";"02:20:00";"PR";373;178;"PONTA GROSSA";"Condutor Dormindo";"Colisão com objeto estático";"Com Vítimas Feridas";"Plena Noite";"Decrescente";"Céu Claro";"Dupla";"Reta";"Sim";3;0;3;0;0;0;3;1;-25,05025485;-50,23418475;"SPRF-PR";"DEL03-PR";"UOP04-DEL03-PR"
327805;2020-12-13;"domingo";"23:30:00";"MA";222;455,7;"SANTA LUZIA";"Ingestão de Álcool";"Queda de ocupante de veículo";"Com Vítimas Fatais";"Plena Noite";"Decrescente";"Ignorado";"Simples";"Reta";"Não";1;1;0;0;0;0;0;1;-4,12962925;-45,98721798;"SPRF-MA";"DEL02-MA";"UOP01-DEL02-MA"
327807;2020-12-14;"segunda-feira";"05:00:00";"SC";470;69;"INDAIAL";"Desobediência às normas de trânsito pelo condutor";"Colisão transversal";"Com Vítimas Feridas";"Amanhecer";"Crescente";"Nublado";"Simples";"Reta";"Não";2;0;1;0;1;0;1;2;-26,883745;-49,246704;"SPRF-SC";"DEL04-SC";"UOP01-DEL04-SC"
327808;2020-12-13;"domingo";"19:15:00";"RS";153;103;"SERTAO";"Ingestão de Álcool";"Queda de ocupante de veículo";"Com Vítimas Feridas";"Anoitecer";"Decrescente";"Nublado";"Simples";"Curva";"Não";1;0;1;0;0;0;1;1;-28,08973776;-52,38949935;"SPRF-RS";"DEL08-RS";"UOP03-DEL08-RS"
327809;2020-12-14;"segunda-feira";"05:45:00";"SE";235;63,1;"ITABAIANA";"Defeito na Via";"Saída de leito carroçável";"Com Vítimas Feridas";"Amanhecer";"Crescente";"Céu Claro";"Simples";"Reta";"Não";1;0;0;1;0;0;1;1;-10,7056564;-37,4274405;"SPRF-SE";"DEL01-SE";"UOP02-DEL01-SE"
327810;2020-12-14;"segunda-feira";"03:40:00";"SE";101;186;"UMBAUBA";"Desobediência às normas de trânsito pelo condutor";"Colisão com objeto estático";"Com Vítimas Fatais";"Plena Noite";"Crescente";"Céu Claro";"Simples";"Interseção de Vias";"Não";1;1;0;0;0;0;0;1;-11,39842271;-37,68078804;"SPRF-SE";"DEL02-SE";"UOP03-DEL02-SE"
327811;2020-12-14;"segunda-feira";"04:50:00";"MS";163;745;"COXIM";"Animais na Pista";"Atropelamento de Animal";"Com Vítimas Feridas";"Amanhecer";"Decrescente";"Céu Claro";"Simples";"Reta";"Não";1;0;1;0;0;0;1;1;-18,40231;-54,67294;"SPRF-MS";"DEL06-MS";"UOP01-DEL06-MS"
327812;2020-12-14;"segunda-feira";"05:40:00";"MG";381;938;"EXTREMA";"Velocidade Incompatível";"Saída de leito carroçável";"Com Vítimas Feridas";"Amanhecer";"Crescente";"Nublado";"Dupla";"Reta";"Não";1;0;1;0;0;0;1;1;-22,81202629;-46,28407001;"SPRF-MG";"DEL16-MG";"UOP03-DEL16-MG"
327814;2020-12-14;"segunda-feira";"06:30:00";"MG";381;921,1;"CAMANDUCAIA";"Velocidade Incompatível";"Colisão com objeto estático";"Sem Vítimas";"Pleno dia";"Decrescente";"Nublado";"Dupla";"Curva;Aclive";"Não";1;0;0;0;1;0;0;1;-22,76085756;-46,16540909;"SPRF-MG";"DEL16-MG";"UOP03-DEL16-MG"
327815;2020-12-14;"segunda-feira";"06:00:00";"PR";116;122;"CURITIBA";"Ingestão de Álcool";"Colisão lateral";"Sem Vítimas";"Pleno dia";"Decrescente";"Céu Claro";"Dupla";"Reta";"Sim";2;0;0;0;2;0;0;2;-25,56857207;-49,31023179;"SPRF-PR";"DEL01-PR";"UOP03-DEL01-PR"
327817;2020-12-14;"segunda-feira";"05:50:00";"PR";376;390;"IMBAU";"Ingestão de Álcool";"Incêndio";"Sem Vítimas";"Amanhecer";"Decrescente";"Garoa/Chuvisco";"Dupla";"Curva";"Não";1;0;0;0;1;0;0;1;-24,52463598;-50,70581799;"SPRF-PR";"DEL03-PR";"UOP02-DEL03-PR"
327818;2020-12-14;"segunda-feira";"07:10:00";"GO";153;501,2;"GOIANIA";"Falta de Atenção à Condução";"Colisão traseira";"Com Vítimas Feridas";"Pleno dia";"Crescente";"Sol";"Dupla";"Reta";"Sim";2;0;0;1;1;0;1;2;-16,7189;-49,2382;"SPRF-GO";"DEL01-GO";"UOP01-DEL01-GO"
327819;2020-12-14;"segunda-feira";"07:00:00";"RS";392;5,1;"RIO GRANDE";"Falta de Atenção à Condução";"Colisão transversal";"Com Vítimas Feridas";"Pleno dia";"Decrescente";"Céu Claro";"Simples";"Reta";"Sim";3;0;1;1;1;0;2;2;-32,07687877;-52,10166627;"SPRF-RS";"DEL07-RS";"UOP02-DEL07-RS"
327823;2020-12-14;"segunda-feira";"07:30:00";"GO";153;504,3;"APARECIDA DE GOIANIA";"Falta de Atenção à Condução";"Colisão traseira";"Com Vítimas Feridas";"Pleno dia";"Decrescente";"Céu Claro";"Múltipla";"Reta";"Sim";5;0;0;2;3;0;2;4;-16,7451;-49,2408;"SPRF-GO";"DEL01-GO";"UOP01-DEL01-GO"
327824;2020-12-13;"domingo";"19:00:00";"MT";70;377,5;"CAMPO VERDE";"Desobediência às normas de trânsito pelo condutor";"Colisão lateral";"Com Vítimas Fatais";"Plena Noite";"Crescente";"Céu Claro";"Simples";"Reta";"Sim";4;1;0;1;2;0;1;2;-15,49768472;-55,09730092;"SPRF-MT";"DEL05-MT";"UOP02-DEL05-MT"
327825;2020-12-14;"segunda-feira";"07:50:00";"GO";60;165;"GOIANIA";"Falta de Atenção à Condução";"Colisão traseira";"Com Vítimas Feridas";"Pleno dia";"Decrescente";"Céu Claro";"Simples";"Reta";"Sim";2;0;1;0;1;0;1;2;-16,7084;-49,3503;"SPRF-GO";"DEL01-GO";"UOP02-DEL01-GO"
327826;2020-12-14;"segunda-feira";"07:00:00";"RJ";116;179;"NOVA IGUACU";"Falta de Atenção à Condução";"Colisão lateral";"Com Vítimas Feridas";"Pleno dia";"Decrescente";"Sol";"Dupla";"Reta";"Sim";2;0;1;0;0;1;1;2;-22,769902;-43,408036;"SPRF-RJ";"DEL01-RJ";"UOP02-DEL01-RJ"
327827;2020-12-13;"domingo";"09:15:00";"SC";470;91;"ASCURRA";"Não guardar distância de segurança";"Colisão traseira";"Sem Vítimas";"Pleno dia";"Decrescente";"Céu Claro";"Simples";"Reta";"Não";3;0;0;0;3;0;0;3;-26,97769;-49,369198;"SPRF-SC";"DEL04-SC";"UOP01-DEL04-SC"
327828;2020-12-14;"segunda-feira";"07:35:00";"ES";101;289,2;"CARIACICA";"Velocidade Incompatível";"Tombamento";"Com Vítimas Feridas";"Pleno dia";"Crescente";"Sol";"Dupla";"Reta";"Não";2;0;0;1;0;1;1;1;-20,28029304;-40,39302931;"SPRF-ES";"DEL01-ES";"UOP01-DEL01-ES"
327831;2020-12-14;"segunda-feira";"07:45:00";"RJ";116;301;"RESENDE";"Falta de Atenção à Condução";"Colisão traseira";"Com Vítimas Feridas";"Pleno dia";"Decrescente";"Céu Claro";"Múltipla";"Reta";"Sim";2;0;1;0;0;1;1;2;-22,4529399;-44,36236901;"SPRF-RJ";"DEL07-RJ";"UOP02-DEL07-RJ"
327832;2020-12-13;"domingo";"23:30:00";"SP";116;194;"SANTA ISABEL";"Falta de Atenção à Condução";"Queda de ocupante de veículo";"Com Vítimas Feridas";"Plena Noite";"Decrescente";"Garoa/Chuvisco";"Dupla";"Reta";"Não";1;0;1;0;0;0;1;1;-23,38497189;-46,26686105;"SPRF-SP";"DEL02-SP";"UOP01-DEL02-SP"
327833;2020-12-14;"segunda-feira";"07:55:00";"SC";101;119;"ITAJAI";"Não guardar distância de segurança";"Colisão traseira";"Com Vítimas Feridas";"Pleno dia";"Decrescente";"Céu Claro";"Múltipla";"Reta";"Não";2;0;0;1;1;0;1;2;-26,9043179;-48,71555481;"SPRF-SC";"DEL04-SC";"UOP04-DEL04-SC"
327835;2020-12-14;"segunda-feira";"08:30:00";"GO";70;314;"JUSSARA";"Desobediência às normas de trânsito pelo condutor";"Colisão lateral";"Com Vítimas Feridas";"Pleno dia";"Crescente";"Céu Claro";"Dupla";"Interseção de Vias";"Sim";2;0;1;0;1;0;1;2;-15,872644;-50,849381;"SPRF-GO";"DEL04-GO";"UOP01-DEL04-GO"
327836;2020-12-14;"segunda-feira";"08:20:00";"GO";60;97;"ANAPOLIS";"Falta de Atenção à Condução";"Colisão com objeto estático";"Com Vítimas Feridas";"Pleno dia";"Crescente";"Céu Claro";"Dupla";"Reta";"Sim";2;0;2;0;0;0;2;1;-16,3774;-48,9483;"SPRF-GO";"DEL02-GO";"UOP01-DEL02-GO"
327838;2020-12-14;"segunda-feira";"08:55:00";"SC";101;215,5;"PALHOCA";"Não guardar distância de segurança";"Colisão traseira";"Com Vítimas Feridas";"Pleno dia";"Crescente";"Céu Claro";"Múltipla";"Rotatória";"Sim";2;0;1;0;1;0;1;2;-27,65184843;-48,67604941;"SPRF-SC";"DEL01-SC";"UOP02-DEL01-SC"
327843;2020-12-14;"segunda-feira";"08:50:00";"ES";101;268,7;"SERRA";"Falta de Atenção do Pedestre";"Atropelamento de Pedestre";"Com Vítimas Feridas";"Pleno dia";"Crescente";"Sol";"Múltipla";"Reta";"Sim";3;0;0;1;2;0;1;3;-20,20842;-40,269405;"SPRF-ES";"DEL02-ES";"UOP01-DEL02-ES"
327844;2020-12-14;"segunda-feira";"06:00:00";"SP";381;90;"SAO PAULO";"Desobediência às normas de trânsito pelo condutor";"Colisão transversal";"Sem Vítimas";"Amanhecer";"Crescente";"Céu Claro";"Múltipla";"Reta";"Sim";2;0;0;0;1;1;0;2;-23,49479479;-46,55959864;"SPRF-SP";"DEL03-SP";"UOP01-DEL03-SP"
327845;2020-12-14;"segunda-feira";"09:40:00";"TO";0;0;"PARAISO DO TOCANTINS";"Desobediência às normas de trânsito pelo condutor";"Colisão frontal";"Com Vítimas Feridas";"Pleno dia";"Não Informado";"Céu Claro";"Simples";"Interseção de Vias";"Sim";2;0;1;1;0;0;2;2;-10,18157595;-48,88057709;"SPRF-TO";"DEL01-TO";"UOP01-DEL01-TO"
327846;2020-12-13;"domingo";"22:00:00";"MS";60;503,3;"MARACAJU";"Falta de Atenção à Condução";"Saída de leito carroçável";"Com Vítimas Feridas";"Plena Noite";"Crescente";"Céu Claro";"Simples";"Reta";"Não";1;0;1;0;0;0;1;1;-21,22092114;-55,54112434;"SPRF-MS";"DEL05-MS";"UOP01-DEL05-MS"
327847;2020-12-14;"segunda-feira";"08:00:00";"MG";262;815;"UBERABA";"Desobediência às normas de trânsito pelo condutor";"Colisão traseira";"Com Vítimas Feridas";"Pleno dia";"Decrescente";"Nublado";"Dupla";"Reta";"Sim";3;0;1;0;2;0;1;2;-19,76466268;-48,12500294;"SPRF-MG";"DEL13-MG";"UOP01-DEL13-MG"
327849;2020-12-14;"segunda-feira";"09:37:00";"BA";101;716,6;"EUNAPOLIS";"Falta de Atenção à Condução";"Colisão traseira";"Sem Vítimas";"Pleno dia";"Decrescente";"Nublado";"Simples";"Aclive;Reta";"Não";2;0;0;0;2;0;0;2;-16,36;-39,579997;"SPRF-BA";"DEL09-BA";"UOP01-DEL09-BA"
327850;2020-12-14;"segunda-feira";"06:50:00";"AC";364;124;"RIO BRANCO";"Desobediência às normas de trânsito pelo condutor";"Colisão transversal";"Com Vítimas Feridas";"Pleno dia";"Crescente";"Céu Claro";"Simples";"Rotatória";"Sim";2;0;1;0;1;0;1;2;-10,01148028;-67,79818118;"SPRF-AC";"DEL01-AC";"UOP01-DEL01-AC"
327852;2020-12-14;"segunda-feira";"09:30:00";"RJ";101;59;"CAMPOS DOS GOYTACAZES";"Desobediência às normas de trânsito pelo condutor";"Colisão transversal";"Sem Vítimas";"Pleno dia";"Decrescente";"Céu Claro";"Simples";"Interseção de Vias";"Sim";2;0;0;0;2;0;0;2;-21,71366497;-41,30861915;"SPRF-RJ";"DEL08-RJ";"UOP01-DEL08-RJ"
327853;2020-12-14;"segunda-feira";"10:10:00";"PB";101;82,3;"BAYEUX";"Falta de Atenção à Condução";"Engavetamento";"Com Vítimas Feridas";"Pleno dia";"Decrescente";"Céu Claro";"Dupla";"Reta";"Sim";5;0;1;0;4;0;1;4;-7,12911;-34,93714;"SPRF-PB";"DEL01-PB";"UOP01-DEL01-PB"
327854;2020-12-13;"domingo";"05:30:00";"PR";476;132;"CURITIBA";"Falta de Atenção à Condução";"Colisão transversal";"Sem Vítimas";"Amanhecer";"Crescente";"Céu Claro";"Dupla";"Reta";"Não";2;0;0;0;1;1;0;2;-25,467883;-49,253188;"SPRF-PR";"DEL01-PR";"UOP03-DEL01-PR"
327855;2020-12-14;"segunda-feira";"10:15:00";"SC";101;212,8;"PALHOCA";"Falta de Atenção à Condução";"Engavetamento";"Com Vítimas Feridas";"Pleno dia";"Decrescente";"Nublado";"Múltipla";"Reta";"Sim";5;0;1;0;4;0;1;4;-27,62996929;-48,65903871;"SPRF-SC";"DEL01-SC";"UOP02-DEL01-SC"
327857;2020-12-14;"segunda-feira";"10:45:00";"SP";116;277;"EMBU DAS ARTES";"Falta de Atenção à Condução";"Colisão traseira";"Com Vítimas Feridas";"Pleno dia";"Decrescente";"Céu Claro";"Múltipla";"Reta";"Sim";2;0;1;0;1;0;1;2;-23,64870535;-46,84395469;"SPRF-SP";"DEL04-SP";"UOP01-DEL04-SP"
327859;2020-12-14;"segunda-feira";"11:00:00";"MS";262;466,6;"ANASTACIO";"Falta de Atenção à Condução";"Saída de leito carroçável";"Com Vítimas Feridas";"Pleno dia";"Crescente";"Chuva";"Simples";"Reta";"Não";1;0;0;1;0;0;1;1;-20,52641002;-55,59061601;"SPRF-MS";"DEL03-MS";"UOP01-DEL03-MS"
327862;2020-12-14;"segunda-feira";"11:00:00";"SP";116;284,7;"ITAPECERICA DA SERRA";"Falta de Atenção à Condução";"Queda de ocupante de veículo";"Com Vítimas Feridas";"Pleno dia";"Crescente";"Céu Claro";"Dupla";"Curva";"Não";1;0;1;0;0;0;1;1;-23,69998;-46,867767;"SPRF-SP";"DEL04-SP";"UOP01-DEL04-SP"
327863;2020-12-14;"segunda-feira";"10:30:00";"RS";285;245,9;"CIRIACO";"Falta de Atenção à Condução";"Saída de leito carroçável";"Com Vítimas Feridas";"Pleno dia";"Decrescente";"Céu Claro";"Simples";"Reta";"Não";4;0;4;0;0;0;4;1;-28,271673;-51,926952;"SPRF-RS";"DEL08-RS";"UOP03-DEL08-RS"
327866;2020-11-18;"quarta-feira";"08:30:00";"BA";407;1;"JUAZEIRO";"Falta de Atenção à Condução";"Colisão com objeto estático";"Com Vítimas Fatais";"Pleno dia";"Crescente";"Céu Claro";"Simples";"Curva";"Sim";1;1;0;0;0;0;0;1;-9,422564;-40,507048;"SPRF-PE";"DEL06-PE";"UOP01-DEL06-PE"
327867;2020-11-09;"segunda-feira";"01:00:00";"SC";282;32,7;"AGUAS MORNAS";"Falta de Atenção à Condução";"Colisão lateral";"Com Vítimas Feridas";"Plena Noite";"Decrescente";"Chuva";"Simples";"Reta";"Não";3;0;0;2;1;0;2;2;-27,70116;-48,800175;"SPRF-SC";"DEL01-SC";"UOP03-DEL01-SC"
327869;2020-12-14;"segunda-feira";"10:00:00";"MS";359;222;"COXIM";"Falta de Atenção à Condução";"Colisão com objeto estático";"Com Vítimas Feridas";"Pleno dia";"Crescente";"Céu Claro";"Simples";"Reta";"Não";2;0;1;0;1;0;1;1;-18,50410439;-54,66259105;"SPRF-MS";"DEL06-MS";"UOP01-DEL06-MS"
327874;2020-12-14;"segunda-feira";"09:54:00";"GO";50;244;"CATALAO";"Condutor Dormindo";"Saída de leito carroçável";"Com Vítimas Feridas";"Pleno dia";"Decrescente";"Céu Claro";"Dupla";"Reta;Declive";"Não";2;0;2;0;0;0;2;1;-17,9172;-47,7901;"SPRF-GO";"DEL06-GO";"UOP01-DEL06-GO"
327875;2020-12-14;"segunda-feira";"11:40:00";"PA";230;138;"MARABA";"Desobediência às normas de trânsito pelo condutor";"Colisão traseira";"Com Vítimas Feridas";"Pleno dia";"Crescente";"Nublado";"Simples";"Reta";"Não";4;0;2;0;2;0;2;2;-5,33109916;-49,22971507;"SPRF-PA";"DEL03-PA";"UOP01-DEL03-PA"
327877;2020-12-14;"segunda-feira";"12:55:00";"PR";376;305,1;"MAUA DA SERRA";"Defeito Mecânico no Veículo";"Queda de ocupante de veículo";"Com Vítimas Feridas";"Pleno dia";"Crescente";"Nublado";"Dupla";"Retorno Regulamentado";"Não";2;0;1;0;1;0;1;1;-23,935063;-51,126014;"SPRF-PR";"DEL07-PR";"UOP03-DEL07-PR"
327878;2020-12-14;"segunda-feira";"13:00:00";"PR";376;256;"CALIFORNIA";"Desobediência às normas de trânsito pelo condutor";"Colisão transversal";"Sem Vítimas";"Pleno dia";"Decrescente";"Garoa/Chuvisco";"Simples";"Reta";"Não";2;0;0;0;2;0;0;2;-23,67758682;-51,35312989;"SPRF-PR";"DEL07-PR";"UOP03-DEL07-PR"
327879;2020-12-14;"segunda-feira";"13:10:00";"SC";280;18,6;"ARAQUARI";"Desobediência às normas de trânsito pelo condutor";"Colisão frontal";"Com Vítimas Feridas";"Pleno dia";"Crescente";"Nublado";"Simples";"Reta";"Não";3;0;1;0;2;0;1;2;-26,36432495;-48,66444809;"SPRF-SC";"DEL03-SC";"UOP03-DEL03-SC"
327880;2020-12-14;"segunda-feira";"13:30:00";"RS";158;332;"SANTA MARIA";"Desobediência às normas de trânsito pelo condutor";"Colisão transversal";"Com Vítimas Feridas";"Pleno dia";"Crescente";"Céu Claro";"Múltipla";"Reta";"Sim";2;0;1;0;1;0;1;2;-29,7075633;-53,85413894;"SPRF-RS";"DEL09-RS";"UOP01-DEL09-RS"
327881;2020-12-14;"segunda-feira";"12:00:00";"SC";282;606,5;"MARAVILHA";"Falta de Atenção do Pedestre";"Colisão transversal";"Com Vítimas Feridas";"Pleno dia";"Crescente";"Céu Claro";"Simples";"Reta";"Não";2;0;1;0;1;0;1;2;-26,778643;-53,198692;"SPRF-SC";"DEL07-SC";"UOP02-DEL07-SC"
327883;2020-12-14;"segunda-feira";"12:30:00";"RJ";116;197;"QUEIMADOS";"Falta de Atenção à Condução";"Tombamento";"Com Vítimas Feridas";"Pleno dia";"Crescente";"Céu Claro";"Dupla";"Reta";"Não";2;0;2;0;0;0;2;1;-22,72980637;-43,56512004;"SPRF-RJ";"DEL01-RJ";"UOP02-DEL01-RJ"
327884;2020-12-14;"segunda-feira";"12:00:00";"RR";401;1;"BOA VISTA";"Desobediência às normas de trânsito pelo condutor";"Colisão transversal";"Com Vítimas Feridas";"Pleno dia";"Decrescente";"Céu Claro";"Dupla";"Reta";"Sim";2;0;1;0;1;0;1;2;2,80229396;-60,68243402;"SPRF-RR";"DEL01-RR";"UOP01-DEL01-RR"
327886;2020-12-14;"segunda-feira";"13:40:00";"RS";116;268;"CANOAS";"Falta de Atenção à Condução";"Colisão lateral";"Com Vítimas Feridas";"Pleno dia";"Decrescente";"Céu Claro";"Múltipla";"Reta";"Sim";2;0;1;0;1;0;1;2;-29,95042502;-51,17652939;"SPRF-RS";"DEL01-RS";"UOP01-DEL01-RS"
327887;2020-12-14;"segunda-feira";"13:11:00";"MG";381;943;"EXTREMA";"Falta de Atenção à Condução";"Saída de leito carroçável";"Com Vítimas Feridas";"Pleno dia";"Decrescente";"Nublado";"Dupla";"Reta;Declive";"Sim";2;0;0;1;0;1;1;2;-22,87018424;-46,3581479;"SPRF-MG";"DEL16-MG";"UOP03-DEL16-MG"
327889;2020-12-14;"segunda-feira";"12:50:00";"ES";482;87,8;"ALEGRE";"Velocidade Incompatível";"Capotamento";"Com Vítimas Fatais";"Pleno dia";"Decrescente";"Céu Claro";"Simples";"Curva";"Não";1;1;0;0;0;0;0;1;-20,75685204;-41,55546602;"SPRF-ES";"DEL03-ES";"UOP02-DEL03-ES"
327890;2020-12-14;"segunda-feira";"13:30:00";"PB";230;342;"PATOS";"Falta de Atenção à Condução";"Colisão com objeto estático";"Com Vítimas Feridas";"Pleno dia";"Crescente";"Céu Claro";"Simples";"Reta";"Não";1;0;1;0;0;0;1;1;-6,9895;-37,3234;"SPRF-PB";"DEL03-PB";"UOP01-DEL03-PB"
327891;2020-12-14;"segunda-feira";"14:15:00";"CE";222;241;"SOBRAL";"Falta de Atenção à Condução";"Colisão frontal";"Com Vítimas Fatais";"Pleno dia";"Crescente";"Céu Claro";"Simples";"Declive";"Não";2;1;0;0;0;1;0;2;-3,73533935;-40,48476434;"SPRF-CE";"DEL04-CE";"UOP01-DEL04-CE"
327892;2020-12-14;"segunda-feira";"12:40:00";"RJ";101;464;"ANGRA DOS REIS";"Falta de Atenção à Condução";"Colisão com objeto estático";"Com Vítimas Feridas";"Pleno dia";"Decrescente";"Céu Claro";"Simples";"Curva";"Sim";2;0;1;1;0;0;2;1;-23,02483492;-44,21971309;"SPRF-RJ";"DEL03-RJ";"UOP03-DEL03-RJ"
327893;2020-12-14;"segunda-feira";"13:35:00";"SE";235;1,3;"ARACAJU";"Desobediência às normas de trânsito pelo condutor";"Colisão transversal";"Sem Vítimas";"Pleno dia";"Decrescente";"Céu Claro";"Dupla";"Interseção de Vias";"Sim";3;0;0;0;2;1;0;3;-10,9073;-37,0947;"SPRF-SE";"DEL01-SE";"UOP01-DEL01-SE"
327894;2020-12-14;"segunda-feira";"13:40:00";"SE";235;1,3;"ARACAJU";"Falta de Atenção à Condução";"Colisão lateral";"Sem Vítimas";"Pleno dia";"Decrescente";"Céu Claro";"Dupla";"Reta";"Sim";3;0;0;0;3;0;0;1;-10,9073;-37,0947;"SPRF-SE";"DEL01-SE";"UOP01-DEL01-SE"
327898;2020-12-14;"segunda-feira";"14:00:00";"RN";101;68,5;"EXTREMOZ";"Falta de Atenção à Condução";"Colisão traseira";"Com Vítimas Feridas";"Pleno dia";"Crescente";"Céu Claro";"Simples";"Reta";"Não";2;0;0;1;1;0;1;2;-5,66628678;-35,25303617;"SPRF-RN";"DEL02-RN";"UOP01-DEL02-RN"
327903;2020-12-14;"segunda-feira";"15:00:00";"SP";116;207;"GUARULHOS";"Falta de Atenção à Condução";"Colisão lateral";"Com Vítimas Feridas";"Pleno dia";"Crescente";"Nublado";"Múltipla";"Reta";"Não";3;0;1;0;2;0;1;3;-23,41972188;-46,38419203;"SPRF-SP";"DEL01-SP";"UOP01-DEL01-SP"
327904;2020-03-24;"terça-feira";"08:00:00";"MT";174;408,7;"NOVA LACERDA";"Falta de Atenção à Condução";"Saída de leito carroçável";"Sem Vítimas";"Pleno dia";"Decrescente";"Nublado";"Simples";"Reta";"Não";1;0;0;0;0;1;0;1;-14,32834595;-59,65885277;"SPRF-MT";"DEL04-MT";"UOP01-DEL04-MT"
327905;2020-12-14;"segunda-feira";"14:00:00";"SP";459;26,8;"LORENA";"Falta de Atenção à Condução";"Colisão lateral";"Com Vítimas Feridas";"Pleno dia";"Crescente";"Nublado";"Simples";"Ponte";"Não";2;0;1;0;1;0;1;2;-22,7003931;-45,1192293;"SPRF-SP";"DEL08-SP";"UOP01-DEL08-SP"
327906;2020-12-14;"segunda-feira";"15:30:00";"MG";381;486,7;"BETIM";"Velocidade Incompatível";"Engavetamento";"Com Vítimas Feridas";"Pleno dia";"Decrescente";"Céu Claro";"Múltipla";"Aclive;Reta";"Sim";4;0;1;0;3;0;1;4;-19,95644414;-44,13611598;"SPRF-MG";"DEL01-MG";"UOP03-DEL01-MG"
327907;2020-12-14;"segunda-feira";"15:00:00";"RJ";101;275;"TANGUA";"Não guardar distância de segurança";"Colisão traseira";"Com Vítimas Feridas";"Pleno dia";"Decrescente";"Céu Claro";"Dupla";"Reta";"Não";3;0;1;0;2;0;1;2;-22,73653355;-42,72909106;"SPRF-RJ";"DEL02-RJ";"UOP03-DEL02-RJ"
327908;2020-12-14;"segunda-feira";"14:55:00";"PA";10;188,7;"IPIXUNA DO PARA";"Falta de Atenção à Condução";"Saída de leito carroçável";"Com Vítimas Feridas";"Pleno dia";"Crescente";"Céu Claro";"Simples";"Declive;Reta";"Não";3;0;3;0;0;0;3;1;-2,78769702;-47,45279611;"SPRF-PA";"DEL02-PA";"UOP01-DEL02-PA"
327909;2020-12-14;"segunda-feira";"13:30:00";"RJ";116;266;"BARRA MANSA";"Falta de Atenção à Condução";"Colisão com objeto estático";"Com Vítimas Feridas";"Pleno dia";"Decrescente";"Céu Claro";"Dupla";"Curva";"Não";1;0;1;0;0;0;1;1;-22,58856193;-44,09534501;"SPRF-RJ";"DEL07-RJ";"UOP02-DEL07-RJ"
327910;2020-12-14;"segunda-feira";"14:45:00";"MG";40;828,9;"SIMAO PEREIRA";"Velocidade Incompatível";"Queda de ocupante de veículo";"Com Vítimas Feridas";"Pleno dia";"Decrescente";"Céu Claro";"Dupla";"Curva";"Não";1;0;1;0;0;0;1;1;-21,99767805;-43,28660485;"SPRF-MG";"DEL05-MG";"UOP01-DEL05-MG"
327913;2020-10-17;"sábado";"18:30:00";"RN";304;299,3;"MACAIBA";"Agressão Externa";"Saída de leito carroçável";"Com Vítimas Feridas";"Plena Noite";"Decrescente";"Céu Claro";"Dupla";"Reta";"Não";2;0;1;1;0;0;2;1;-5,87095859;-35,32359587;"SPRF-RN";"DEL01-RN";"UOP02-DEL01-RN"
327914;2020-12-14;"segunda-feira";"15:20:00";"MT";163;515;"DIAMANTINO";"Fenômenos da Natureza";"Capotamento";"Sem Vítimas";"Pleno dia";"Crescente";"Garoa/Chuvisco";"Simples";"Reta";"Não";2;0;0;0;2;0;0;1;-14,46895469;-56,15055442;"SPRF-MT";"DEL01-MT";"UOP01-DEL01-MT"
327915;2020-12-14;"segunda-feira";"15:45:00";"AP";210;87;"PORTO GRANDE";"Falta de Atenção à Condução";"Engavetamento";"Com Vítimas Feridas";"Pleno dia";"Crescente";"Céu Claro";"Simples";"Reta";"Não";4;0;1;0;3;0;1;3;0,62987719;-51,27271792;"SPRF-AP";"DEL01-AP";"UOP01-DEL01-AP"
327916;2020-12-14;"segunda-feira";"16:20:00";"PR";116;39;"CAMPINA GRANDE DO SUL";"Velocidade Incompatível";"Saída de leito carroçável";"Com Vítimas Feridas";"Pleno dia";"Crescente";"Garoa/Chuvisco";"Dupla";"Curva";"Não";2;0;0;1;1;0;1;1;-25,156168;-48,8613401;"SPRF-PR";"DEL01-PR";"UOP02-DEL01-PR"