"id";"data_inversa";"dia_semana";"horario";"uf";"br";"km";"municipio";"causa_acidente";"tipo_acidente";"classificacao_acidente";"fase_dia";"sentido_via";"condicao_metereologica";"tipo_pista";"tracado_via";"uso_solo";"pessoas";"mortos";"feridos_leves";"feridos_graves";"ilesos";"ignorados";"feridos";"veiculos";"latitude";"longitude";"regional";"delegacia";"uop"
328298;2020-12-16;"quarta-feira";"17:00:00";"RJ";116;175,6;"NOVA IGUACU";"Desobediência às normas de trânsito pelo condutor";"Atropelamento de Pedestre";"Com Vítimas Feridas";"Pleno dia";"Crescente";"Nublado";"Dupla";"Reta";"Sim";2;0;1;0;1;0;1;2;-22,78923555;-43,37275272;"SPRF-RJ";"DEL01-RJ";"UOP02-DEL01-RJ"
328300;2020-12-16;"quarta-feira";"13:00:00";"BA";235;20,1;"PEDRO ALEXANDRE";"Animais na Pista";"Saída de leito carroçável";"Com Vítimas Feridas";"Pleno dia";"Crescente";"Sol";"Simples";"Aclive;Reta";"Não";3;0;1;0;2;0;1;1;-10,19986206;-37,86802809;"SPRF-SE";"DEL01-SE";"UOP02-DEL01-SE"
328301;2020-12-16;"quarta-feira";"13:30:00";"MG";116;280;"TEOFILO OTONI";"Condutor Dormindo";"Saída de leito carroçável";"Com Vítimas Feridas";"Pleno dia";"Decrescente";"Céu Claro";"Simples";"Reta";"Não";4;0;0;4;0;0;4;1;-17,88475805;-41,52257715;"SPRF-MG";"DEL11-MG";"UOP01-DEL11-MG"
328302;2020-12-16;"quarta-feira";"11:10:00";"DF";20;6;"BRASILIA";"Desobediência às normas de trânsito pelo condutor";"Colisão lateral";"Com Vítimas Feridas";"Pleno dia";"Crescente";"Céu Claro";"Dupla";"Aclive;Reta";"Sim";3;0;2;0;1;0;2;2;-15,665888;-47,808308;"SPRF-DF";"DEL02-DF";"UOP01-DEL02-DF"
328303;2020-12-16;"quarta-feira";"17:10:00";"RJ";101;46;"CAMPOS DOS GOYTACAZES";"Animais na Pista";"Atropelamento de Animal";"Com Vítimas Feridas";"Pleno dia";"Crescente";"Céu Claro";"Simples";"Reta";"Não";1;0;1;0;0;0;1;1;-21,59839998;-41,3168335;"SPRF-RJ";"DEL08-RJ";"UOP01-DEL08-RJ"
328304;2020-12-16;"quarta-feira";"17:24:00";"PB";230;28;"JOAO PESSOA";"Falta de Atenção à Condução";"Colisão transversal";"Com Vítimas Feridas";"Pleno dia";"Decrescente";"Sol";"Dupla";"Interseção de Vias;Reta";"Sim";2;0;1;0;1;0;1;2;-7,1651;-34,8941;"SPRF-PB";"DEL01-PB";"UOP01-DEL01-PB"
328305;2020-12-16;"quarta-feira";"16:00:00";"RS";285;62;"BOM JESUS";"Ingestão de Álcool";"Colisão transversal";"Sem Vítimas";"Pleno dia";"Decrescente";"Nublado";"Simples";"Rotatória";"Sim";3;0;0;0;3;0;0;2;-28,653477;-50,435547;"SPRF-RS";"DEL05-RS";"UOP03-DEL05-RS"
328307;2020-12-16;"quarta-feira";"17:30:00";"PE";101;66,8;"RECIFE";"Falta de Atenção à Condução";"Colisão traseira";"Com Vítimas Feridas";"Plena Noite";"Crescente";"Céu Claro";"Dupla";"Reta";"Sim";2;0;1;0;1;0;1;2;-8,03840344;-34,9418897;"SPRF-PE";"DEL01-PE";"UOP01-DEL01-PE"
328310;2020-09-15;"terça-feira";"16:11:00";"PB";104;43,1;"BARRA DE SANTA ROSA";"Animais na Pista";"Atropelamento de Animal";"Com Vítimas Feridas";"Pleno dia";"Crescente";"Céu Claro";"Simples";"Reta";"Não";1;0;0;1;0;0;1;1;-6,71574818;-36,06408616;"SPRF-PB";"DEL02-PB";"UOP04-DEL02-PB"
328311;2020-12-16;"quarta-feira";"16:00:00";"PE";407;120;"PETROLINA";"Desobediência às normas de trânsito pelo condutor";"Colisão traseira";"Com Vítimas Feridas";"Pleno dia";"Decrescente";"Céu Claro";"Simples";"Reta";"Não";2;0;1;0;1;0;1;2;-9,33807091;-40,55965785;"SPRF-PE";"DEL06-PE";"UOP01-DEL06-PE"
328312;2020-12-16;"quarta-feira";"15:55:00";"PR";116;15;"COLOMBO";"Falta de Atenção à Condução";"Colisão lateral";"Com Vítimas Feridas";"Pleno dia";"Crescente";"Céu Claro";"Dupla";"Curva";"Sim";2;0;0;1;1;0;1;2;-25,3848;-49,1711;"SPRF-PR";"DEL01-PR";"UOP02-DEL01-PR"
328316;2020-12-16;"quarta-feira";"15:10:00";"RO";364;483;"ARIQUEMES";"Ultrapassagem Indevida";"Saída de leito carroçável";"Com Vítimas Feridas";"Pleno dia";"Crescente";"Céu Claro";"Simples";"Aclive";"Não";3;0;1;0;2;0;1;1;-10,12654917;-62,88763807;"SPRF-RO";"DEL03-RO";"UOP01-DEL03-RO"
328318;2020-12-16;"quarta-feira";"13:40:00";"MG";116;622,4;"ORIZANIA";"Falta de Atenção à Condução";"Saída de leito carroçável";"Com Vítimas Feridas";"Pleno dia";"Decrescente";"Céu Claro";"Simples";"Curva";"Não";2;0;0;1;0;1;1;2;-20,51445894;-42,19471433;"SPRF-MG";"DEL07-MG";"UOP03-DEL07-MG"
328320;2020-12-15;"terça-feira";"19:00:00";"MT";70;200;"GENERAL CARNEIRO";"Ingestão de Álcool";"Colisão lateral";"Com Vítimas Feridas";"Plena Noite";"Decrescente";"Céu Claro";"Simples";"Reta";"Não";1;0;0;1;0;0;1;1;-15,7126028;-53,74708491;"SPRF-MT";"DEL05-MT";"UOP01-DEL05-MT"
328321;2020-12-16;"quarta-feira";"18:00:00";"GO";40;8,5;"LUZIANIA";"Desobediência às normas de trânsito pelo condutor";"Colisão traseira";"Com Vítimas Feridas";"Anoitecer";"Decrescente";"Céu Claro";"Dupla";"Reta";"Sim";3;0;1;0;2;0;1;2;-16,12092413;-47,96431303;"SPRF-DF";"DEL01-DF";"UOP01-DEL01-DF"
328322;2020-12-16;"quarta-feira";"18:10:00";"PR";277;93;"CURITIBA";"Falta de Atenção à Condução";"Capotamento";"Sem Vítimas";"Pleno dia";"Decrescente";"Céu Claro";"Múltipla";"Declive";"Sim";1;0;0;0;1;0;0;1;-25,43067044;-49,32228696;"SPRF-PR";"DEL01-PR";"UOP01-DEL01-PR"
328323;2020-12-16;"quarta-feira";"17:20:00";"ES";101;264;"SERRA";"Falta de Atenção à Condução";"Colisão lateral";"Com Vítimas Feridas";"Pleno dia";"Crescente";"Céu Claro";"Dupla";"Reta";"Sim";3;0;1;0;1;1;1;3;-20,17292791;-40,26736384;"SPRF-ES";"DEL02-ES";"UOP01-DEL02-ES"
328325;2020-12-16;"quarta-feira";"17:30:00";"RJ";116;296;"PORTO REAL";"Defeito Mecânico no Veículo";"Incêndio";"Sem Vítimas";"Anoitecer";"Crescente";"Nublado";"Dupla";"Reta";"Não";1;0;0;0;1;0;0;1;-22,44937197;-44,32171194;"SPRF-RJ";"DEL07-RJ";"UOP02-DEL07-RJ"
328328;2020-12-16;"quarta-feira";"16:15:00";"MG";40;434,5;"PARAOPEBA";"Falta de Atenção à Condução";"Colisão traseira";"Com Vítimas Feridas";"Pleno dia";"Decrescente";"Céu Claro";"Dupla";"Reta;Declive";"Não";3;0;3;0;0;0;3;2;-19,21877;-44,45172;"SPRF-MG";"DEL02-MG";"UOP01-DEL02-MG"
328329;2020-12-16;"quarta-feira";"18:30:00";"SP";381;43;"ATIBAIA";"Falta de Atenção à Condução";"Colisão traseira";"Com Vítimas Feridas";"Plena Noite";"Crescente";"Céu Claro";"Múltipla";"Reta";"Sim";2;0;0;1;1;0;1;2;-23,15597105;-46,5740155;"SPRF-SP";"DEL03-SP";"UOP01-DEL03-SP"
328330;2020-12-16;"quarta-feira";"17:45:00";"SC";470;60,2;"INDAIAL";"Ultrapassagem Indevida";"Colisão transversal";"Com Vítimas Feridas";"Pleno dia";"Decrescente";"Nublado";"Simples";"Reta;Retorno Regulamentado";"Sim";2;0;0;1;1;0;1;2;-26,88138;-49,164543;"SPRF-SC";"DEL04-SC";"UOP01-DEL04-SC"
328333;2020-12-16;"quarta-feira";"09:30:00";"SC";101;109,5;"PENHA";"Falta de Atenção à Condução";"Colisão traseira";"Com Vítimas Feridas";"Pleno dia";"Crescente";"Sol";"Dupla";"Reta";"Sim";2;0;1;0;1;0;1;2;-26,8333519;-48,69632106;"SPRF-SC";"DEL03-SC";"UOP02-DEL03-SC"
328334;2020-12-16;"quarta-feira";"18:00:00";"SC";470;55,7;"BLUMENAU";"Desobediência às normas de trânsito pelo condutor";"Colisão transversal";"Com Vítimas Feridas";"Anoitecer";"Decrescente";"Céu Claro";"Simples";"Reta";"Sim";2;0;1;0;1;0;1;2;-26,875601;-49,117992;"SPRF-SC";"DEL04-SC";"UOP01-DEL04-SC"
328335;2020-12-16;"quarta-feira";"17:30:00";"PR";277;104;"CURITIBA";"Falta de Atenção à Condução";"Colisão traseira";"Com Vítimas Feridas";"Anoitecer";"Crescente";"Nublado";"Dupla";"Declive";"Sim";2;0;1;0;1;0;1;2;-25,49678798;-49,3426549;"SPRF-PR";"DEL01-PR";"UOP01-DEL01-PR"
328336;2020-12-16;"quarta-feira";"17:35:00";"RO";0;0;"VILHENA";"Desobediência às normas de trânsito pelo condutor";"Colisão transversal";"Com Vítimas Feridas";"Pleno dia";"Não Informado";"Nublado";"Simples";"Reta";"Sim";6;0;2;0;4;0;2;2;-12,75335534;-60,10491371;"SPRF-RO";"DEL04-RO";"UOP01-DEL04-RO"
328337;2020-12-16;"quarta-feira";"18:40:00";"BA";101;166;"FEIRA DE SANTANA";"Falta de Atenção do Pedestre";"Atropelamento de Pedestre";"Com Vítimas Feridas";"Plena Noite";"Decrescente";"Céu Claro";"Simples";"Reta";"Sim";7;0;3;0;4;0;3;2;-12,36045988;-38,84010315;"SPRF-BA";"DEL01-BA";"UOP03-DEL01-BA"
328339;2020-12-16;"quarta-feira";"19:00:00";"PE";408;86,5;"PAUDALHO";"Animais na Pista";"Atropelamento de Animal";"Com Vítimas Feridas";"Plena Noite";"Crescente";"Nublado";"Dupla";"Reta";"Não";1;0;0;1;0;0;1;1;-7,96010995;-35,09554697;"SPRF-PE";"DEL01-PE";"UOP01-DEL01-PE"
328341;2020-12-16;"quarta-feira";"19:00:00";"CE";222;1,4;"FORTALEZA";"Animais na Pista";"Atropelamento de Animal";"Com Vítimas Feridas";"Plena Noite";"Decrescente";"Céu Claro";"Múltipla";"Reta";"Sim";1;0;1;0;0;0;1;1;-3,737804;-38,578061;"SPRF-CE";"DEL01-CE";"UOP01-DEL01-CE"
328342;2020-12-16;"quarta-feira";"16:00:00";"ES";393;23,4;"MUQUI";"Falta de Atenção à Condução";"Saída de leito carroçável";"Com Vítimas Feridas";"Pleno dia";"Crescente";"Céu Claro";"Simples";"Curva";"Não";1;0;0;1;0;0;1;1;-20,9227;-41,3121;"SPRF-ES";"DEL03-ES";"UOP02-DEL03-ES"
328343;2020-12-16;"quarta-feira";"15:20:00";"ES";482;107,3;"GUACUI";"Desobediência às normas de trânsito pelo condutor";"Colisão frontal";"Com Vítimas Feridas";"Pleno dia";"Crescente";"Céu Claro";"Simples";"Reta";"Não";1;0;1;0;0;0;1;1;-20,78109635;-41,68161044;"SPRF-ES";"DEL03-ES";"UOP02-DEL03-ES"
328344;2020-12-16;"quarta-feira";"18:45:00";"PR";277;97;"CURITIBA";"Falta de Atenção à Condução";"Colisão lateral";"Com Vítimas Feridas";"Plena Noite";"Crescente";"Céu Claro";"Dupla";"Reta";"Não";1;0;1;0;0;0;1;1;-25,54577186;-49,29537197;"SPRF-PR";"DEL01-PR";"UOP01-DEL01-PR"
328345;2020-12-16;"quarta-feira";"19:10:00";"SC";101;145,9;"ITAPEMA";"Avarias e/ou desgaste excessivo no pneu";"Queda de ocupante de veículo";"Com Vítimas Feridas";"Anoitecer";"Crescente";"Nublado";"Dupla";"Reta";"Não";2;0;2;0;0;0;2;1;-27,08139206;-48,60130993;"SPRF-SC";"DEL04-SC";"UOP03-DEL04-SC"
328346;2020-12-16;"quarta-feira";"13:30:00";"MS";262;422;"TERENOS";"Não guardar distância de segurança";"Colisão traseira";"Com Vítimas Feridas";"Pleno dia";"Crescente";"Céu Claro";"Simples";"Reta";"Não";2;0;1;0;1;0;1;2;-20,46751694;-55,22241096;"SPRF-MS";"DEL01-MS";"UOP03-DEL01-MS"
328348;2020-12-16;"quarta-feira";"18:37:00";"MT";364;200,9;"RONDONOPOLIS";"Falta de Atenção à Condução";"Colisão lateral";"Com Vítimas Feridas";"Plena Noite";"Crescente";"Nublado";"Dupla";"Rotatória";"Não";2;0;1;0;1;0;1;2;-16,49612525;-54,63849716;"SPRF-MT";"DEL02-MT";"UOP01-DEL02-MT"
328351;2020-12-16;"quarta-feira";"19:15:00";"PI";343;11,9;"PARNAIBA";"Ingestão de Álcool";"Colisão lateral";"Com Vítimas Feridas";"Plena Noite";"Decrescente";"Céu Claro";"Simples";"Rotatória";"Sim";2;0;1;0;1;0;1;2;-2,90970217;-41,75362771;"SPRF-PI";"DEL05-PI";"UOP01-DEL05-PI"
328352;2020-12-16;"quarta-feira";"19:30:00";"SC";282;204;"LAGES";"Pista Escorregadia";"Saída de leito carroçável";"Com Vítimas Feridas";"Plena Noite";"Crescente";"Chuva";"Simples";"Reta";"Não";2;0;2;0;0;0;2;1;-27,768663;-50,172195;"SPRF-SC";"DEL05-SC";"UOP01-DEL05-SC"
328354;2020-12-16;"quarta-feira";"17:30:00";"RJ";101;432;"MANGARATIBA";"Falta de Atenção à Condução";"Engavetamento";"Sem Vítimas";"Anoitecer";"Decrescente";"Céu Claro";"Simples";"Reta";"Sim";3;0;0;0;3;0;0;3;-22,93437472;-44,02919087;"SPRF-RJ";"DEL03-RJ";"UOP03-DEL03-RJ"
328356;2020-12-16;"quarta-feira";"17:50:00";"MG";381;855,6;"POUSO ALEGRE";"Falta de Atenção à Condução";"Colisão traseira";"Com Vítimas Feridas";"Pleno dia";"Crescente";"Nublado";"Dupla";"Reta";"Não";2;0;1;0;0;1;1;2;-22,2822449;-45,89576726;"SPRF-MG";"DEL16-MG";"UOP01-DEL16-MG"
328357;2020-11-28;"sábado";"19:00:00";"MA";230;404;"BALSAS";"Desobediência às normas de trânsito pelo condutor";"Colisão transversal";"Com Vítimas Feridas";"Plena Noite";"Crescente";"Céu Claro";"Simples";"Reta";"Sim";2;0;0;1;1;0;1;2;-7,52339895;-46,04122203;"SPRF-MA";"DEL05-MA";"UOP01-DEL05-MA"
328358;2020-12-16;"quarta-feira";"19:00:00";"GO";60;170;"GOIANIA";"Falta de Atenção à Condução";"Colisão com objeto estático";"Com Vítimas Feridas";"Plena Noite";"Decrescente";"Céu Claro";"Simples";"Declive";"Não";1;0;0;1;0;0;1;1;-16,7305;-49,3908;"SPRF-GO";"DEL01-GO";"UOP02-DEL01-GO"
328359;2020-12-16;"quarta-feira";"20:30:00";"AL";104;19,6;"SAO JOSE DA LAJE";"Ingestão de Álcool";"Tombamento";"Com Vítimas Feridas";"Plena Noite";"Crescente";"Céu Claro";"Simples";"Reta";"Não";2;0;1;1;0;0;2;1;-9,05098097;-36,03735887;"SPRF-AL";"DEL01-AL";"UOP02-DEL01-AL"
328360;2020-12-16;"quarta-feira";"20:30:00";"SC";101;202,5;"SAO JOSE";"Falta de Atenção à Condução";"Colisão traseira";"Com Vítimas Feridas";"Plena Noite";"Crescente";"Céu Claro";"Dupla";"Reta";"Sim";3;0;1;0;2;0;1;2;-27,55711595;-48,61897889;"SPRF-SC";"DEL01-SC";"UOP01-DEL01-SC"
328362;2020-12-16;"quarta-feira";"21:00:00";"RS";472;578;"URUGUAIANA";"Falta de Atenção à Condução";"Colisão transversal";"Com Vítimas Feridas";"Plena Noite";"Decrescente";"Céu Claro";"Simples";"Reta";"Não";4;0;0;2;2;0;2;2;-29,7812756;-57,06590837;"SPRF-RS";"DEL13-RS";"UOP01-DEL13-RS"
328363;2020-12-16;"quarta-feira";"20:40:00";"GO";50;97;"IPAMERI";"Falta de Atenção à Condução";"Colisão transversal";"Com Vítimas Feridas";"Plena Noite";"Decrescente";"Céu Claro";"Simples";"Declive";"Sim";2;0;2;0;0;0;2;2;-16,9309;-47,7117;"SPRF-DF";"DEL01-DF";"UOP02-DEL01-DF"
328364;2020-12-06;"domingo";"07:00:00";"SC";282;83,1;"ALFREDO WAGNER";"Pista Escorregadia";"Saída de leito carroçável";"Sem Vítimas";"Pleno dia";"Crescente";"Chuva";"Simples";"Curva";"Sim";3;0;0;0;2;1;0;2;-27,666153;-49,175022;"SPRF-SC";"DEL01-SC";"UOP03-DEL01-SC"
328367;2020-03-20;"sexta-feira";"18:00:00";"BA";101;527;"BUERAREMA";"Falta de Atenção à Condução";"Colisão transversal";"Com Vítimas Feridas";"Plena Noite";"Crescente";"Garoa/Chuvisco";"Simples";"Reta";"Sim";4;0;2;1;1;0;3;2;-14,97000197;-39,31996203;"SPRF-BA";"DEL05-BA";"UOP01-DEL05-BA"
328368;2020-12-16;"quarta-feira";"20:00:00";"PE";232;342,8;"CUSTODIA";"Deficiência ou não Acionamento do Sistema de Iluminação/Sinalização do Veículo";"Colisão traseira";"Com Vítimas Fatais";"Plena Noite";"Crescente";"Chuva";"Simples";"Reta";"Não";2;1;0;0;0;1;0;2;-8,08800862;-37,71457501;"SPRF-PE";"DEL03-PE";"UOP02-DEL03-PE"
328369;2020-12-16;"quarta-feira";"21:40:00";"SC";101;134;"BALNEARIO CAMBORIU";"Falta de Atenção à Condução";"Colisão traseira";"Com Vítimas Feridas";"Plena Noite";"Crescente";"Garoa/Chuvisco";"Dupla";"Reta";"Não";2;0;0;1;1;0;1;2;-27,00218;-48,636433;"SPRF-SC";"DEL04-SC";"UOP03-DEL04-SC"
328371;2020-12-16;"quarta-feira";"20:50:00";"SC";101;150,8;"ITAPEMA";"Falta de Atenção à Condução";"Colisão traseira";"Com Vítimas Feridas";"Plena Noite";"Decrescente";"Nublado";"Simples";"Reta";"Sim";3;0;2;0;1;0;2;2;-27,11744799;-48,60940987;"SPRF-SC";"DEL04-SC";"UOP03-DEL04-SC"
328372;2020-12-16;"quarta-feira";"14:55:00";"CE";116;18;"ITAITINGA";"Defeito Mecânico no Veículo";"Queda de ocupante de veículo";"Com Vítimas Feridas";"Pleno dia";"Crescente";"Céu Claro";"Dupla";"Reta";"Sim";2;0;2;0;0;0;2;1;-3,90496605;-38,50518756;"SPRF-CE";"DEL01-CE";"UOP02-DEL01-CE"
328374;2020-12-16;"quarta-feira";"20:30:00";"MG";153;157;"COMENDADOR GOMES";"Animais na Pista";"Saída de leito carroçável";"Com Vítimas Feridas";"Plena Noite";"Crescente";"Céu Claro";"Simples";"Aclive";"Não";1;0;1;0;0;0;1;1;-19,63023394;-48,96107506;"SPRF-MG";"DEL13-MG";"UOP02-DEL13-MG"
328376;2020-12-16;"quarta-feira";"23:00:00";"PR";476;130;"CURITIBA";"Desobediência às normas de trânsito pelo condutor";"Saída de leito carroçável";"Sem Vítimas";"Plena Noite";"Decrescente";"Chuva";"Múltipla";"Reta";"Sim";1;0;0;0;1;0;0;1;-25,449564;-49,236427;"SPRF-PR";"DEL01-PR";"UOP03-DEL01-PR"
328378;2020-12-16;"quarta-feira";"23:10:00";"SP";116;212,6;"GUARULHOS";"Velocidade Incompatível";"Colisão traseira";"Com Vítimas Feridas";"Plena Noite";"Decrescente";"Chuva";"Múltipla";"Reta";"Sim";4;0;2;0;2;0;2;3;-23,43608315;-46,42805094;"SPRF-SP";"DEL01-SP";"UOP01-DEL01-SP"
328380;2020-12-16;"quarta-feira";"22:35:00";"TO";153;452,1;"BARROLANDIA";"Desobediência às normas de trânsito pelo condutor";"Colisão frontal";"Com Vítimas Fatais";"Plena Noite";"Crescente";"Nublado";"Simples";"Reta";"Não";3;1;0;1;1;0;1;2;-9,84368;-48,72213;"SPRF-TO";"DEL01-TO";"UOP01-DEL01-TO"
328386;2020-12-17;"quinta-feira";"00:30:00";"ES";101;135;"LINHARES";"Ingestão de Álcool";"Colisão com objeto estático";"Com Vítimas Feridas";"Plena Noite";"Crescente";"Céu Claro";"Simples";"Reta";"Não";1;0;1;0;0;0;1;1;-19,27504305;-40,08788043;"SPRF-ES";"DEL04-ES";"UOP01-DEL04-ES"
328387;2020-12-12;"sábado";"06:30:00";"MG";381;491;"BETIM";"Não guardar distância de segurança";"Colisão com objeto estático";"Com Vítimas Feridas";"Pleno dia";"Decrescente";"Céu Claro";"Dupla";"Reta";"Sim";1;0;1;0;0;0;1;1;-19,97018187;-44,18210416;"SPRF-MG";"DEL01-MG";"UOP03-DEL01-MG"
328389;2020-12-16;"quarta-feira";"19:15:00";"MA";135;26,9;"BACABEIRA";"Pista Escorregadia";"Capotamento";"Com Vítimas Feridas";"Plena Noite";"Decrescente";"Garoa/Chuvisco";"Dupla";"Reta";"Sim";2;0;1;0;1;0;1;1;-2,77023451;-44,36931635;"SPRF-MA";"DEL01-MA";"UOP01-DEL01-MA"
328390;2020-12-17;"quinta-feira";"00:20:00";"CE";20;408;"CAUCAIA";"Ingestão de Álcool";"Queda de ocupante de veículo";"Com Vítimas Feridas";"Plena Noite";"Crescente";"Céu Claro";"Dupla";"Interseção de Vias";"Não";2;0;1;0;1;0;1;1;-3,76999035;-38,67006282;"SPRF-CE";"DEL01-CE";"UOP01-DEL01-CE"
328392;2020-12-17;"quinta-feira";"01:10:00";"SC";282;2;"SAO JOSE";"Falta de acostamento";"Atropelamento de Pedestre";"Com Vítimas Feridas";"Plena Noite";"Crescente";"Chuva";"Múltipla";"Reta";"Sim";2;0;1;1;0;0;2;2;-27,60324209;-48,59183729;"SPRF-SC";"DEL01-SC";"UOP01-DEL01-SC"
328393;2020-12-17;"quinta-feira";"01:40:00";"RS";116;146,3;"CAXIAS DO SUL";"Falta de Atenção à Condução";"Colisão com objeto estático";"Sem Vítimas";"Plena Noite";"Crescente";"Chuva";"Dupla";"Reta";"Sim";1;0;0;0;0;1;0;1;-29,14228897;-51,13622202;"SPRF-RS";"DEL05-RS";"UOP01-DEL05-RS"
328395;2020-12-17;"quinta-feira";"02:00:00";"GO";153;51;"PORANGATU";"Falta de Atenção à Condução";"Colisão frontal";"Com Vítimas Fatais";"Plena Noite";"Crescente";"Céu Claro";"Simples";"Aclive;Reta";"Não";4;3;0;0;1;0;0;2;-13,25914;-49,135551;"SPRF-GO";"DEL07-GO";"UOP01-DEL07-GO"
328399;2020-12-16;"quarta-feira";"19:30:00";"MT";70;379;"CAMPO VERDE";"Ingestão de Álcool";"Colisão frontal";"Sem Vítimas";"Plena Noite";"Crescente";"Céu Claro";"Simples";"Reta";"Sim";1;0;0;0;1;0;0;1;-15,50814794;-55,11189906;"SPRF-MT";"DEL05-MT";"UOP02-DEL05-MT"
328400;2020-12-17;"quinta-feira";"06:15:00";"PR";116;122,4;"CURITIBA";"Desobediência às normas de trânsito pelo condutor";"Colisão lateral";"Com Vítimas Feridas";"Pleno dia";"Decrescente";"Nublado";"Dupla";"Reta";"Sim";2;0;1;0;1;0;1;2;-25,6057263;-49,3184957;"SPRF-PR";"DEL01-PR";"UOP03-DEL01-PR"
328401;2020-12-16;"quarta-feira";"20:00:00";"RJ";101;561;"PARATY";"Falta de Atenção à Condução";"Colisão frontal";"Com Vítimas Feridas";"Plena Noite";"Crescente";"Chuva";"Simples";"Reta";"Não";4;0;1;1;0;2;2;3;-23,12268096;-44,70929318;"SPRF-RJ";"DEL03-RJ";"UOP04-DEL03-RJ"
328402;2020-12-17;"quinta-feira";"05:12:00";"MG";262;349,6;"JOAO MONLEVADE";"Sinalização da via insuficiente ou inadequada";"Saída de leito carroçável";"Com Vítimas Feridas";"Amanhecer";"Decrescente";"Céu Claro";"Simples";"Aclive;Curva";"Não";5;0;3;0;2;0;3;1;-19,85868331;-43,10722059;"SPRF-MG";"DEL01-MG";"UOP03-DEL01-MG"
328403;2020-12-17;"quinta-feira";"07:00:00";"PE";232;8,2;"RECIFE";"Falta de Atenção à Condução";"Colisão lateral";"Com Vítimas Feridas";"Pleno dia";"Decrescente";"Céu Claro";"Dupla";"Reta";"Sim";3;0;1;0;2;0;1;2;-8,07583727;-34,97015791;"SPRF-PE";"DEL01-PE";"UOP01-DEL01-PE"
328405;2020-12-17;"quinta-feira";"07:30:00";"PE";101;43,4;"IGARASSU";"Não guardar distância de segurança";"Colisão traseira";"Com Vítimas Feridas";"Pleno dia";"Crescente";"Céu Claro";"Múltipla";"Reta";"Sim";2;0;1;0;1;0;1;2;-7,84753808;-34,90977038;"SPRF-PE";"DEL01-PE";"UOP02-DEL01-PE"
328406;2020-12-17;"quinta-feira";"07:20:00";"RS";290;94,5;"PORTO ALEGRE";"Falta de Atenção à Condução";"Colisão transversal";"Com Vítimas Feridas";"Pleno dia";"Crescente";"Céu Claro";"Dupla";"Reta";"Não";2;0;1;0;1;0;1;2;-29,973856;-51,197853;"SPRF-RS";"DEL01-RS";"UOP01-DEL01-RS"
328407;2020-09-13;"domingo";"20:00:00";"RN";406;159;"CEARA-MIRIM";"Não guardar distância de segurança";"Queda de ocupante de veículo";"Com Vítimas Feridas";"Pleno dia";"Crescente";"Ignorado";"Simples";"Reta";"Sim";1;0;0;1;0;0;1;1;-5,7129042;-35,3726607;"SPRF-RN";"DEL02-RN";"UOP01-DEL02-RN"
328409;2020-12-17;"quinta-feira";"04:30:00";"MG";50;179;"UBERABA";"Velocidade Incompatível";"Saída de leito carroçável";"Com Vítimas Feridas";"Plena Noite";"Decrescente";"Chuva";"Dupla";"Reta";"Sim";1;0;0;1;0;0;1;1;-19,77827047;-47,93140998;"SPRF-MG";"DEL13-MG";"UOP01-DEL13-MG"
328410;2020-12-17;"quinta-feira";"05:20:00";"RJ";493;86;"DUQUE DE CAXIAS";"Animais na Pista";"Saída de leito carroçável";"Com Vítimas Feridas";"Amanhecer";"Crescente";"Céu Claro";"Dupla";"Reta";"Não";1;0;1;0;0;0;1;1;-22,672089;-43,285053;"SPRF-RJ";"DEL01-RJ";"UOP03-DEL01-RJ"
328413;2020-12-17;"quinta-feira";"07:40:00";"PE";101;67,3;"RECIFE";"Falta de Atenção à Condução";"Colisão lateral";"Com Vítimas Feridas";"Pleno dia";"Crescente";"Sol";"Múltipla";"Reta";"Sim";3;0;2;0;0;1;2;2;-8,042334;-34,943096;"SPRF-PE";"DEL01-PE";"UOP01-DEL01-PE"
328414;2020-12-17;"quinta-feira";"07:40:00";"SP";116;288;"ITAPECERICA DA SERRA";"Falta de Atenção à Condução";"Colisão traseira";"Com Vítimas Feridas";"Pleno dia";"Decrescente";"Nublado";"Simples";"Reta";"Sim";2;0;1;0;1;0;1;2;-23,719254;-46,883144;"SPRF-SP";"DEL04-SP";"UOP01-DEL04-SP"
328415;2020-12-17;"quinta-feira";"07:45:00";"SP";116;269,6;"TABOAO DA SERRA";"Falta de Atenção à Condução";"Queda de ocupante de veículo";"Com Vítimas Feridas";"Pleno dia";"Decrescente";"Céu Claro";"Dupla";"Reta";"Sim";1;0;1;0;0;0;1;1;-23,61593059;-46,78826044;"SPRF-SP";"DEL04-SP";"UOP01-DEL04-SP"
328420;2020-12-17;"quinta-feira";"07:30:00";"SC";101;43,1;"JOINVILLE";"Falta de Atenção à Condução";"Colisão com objeto estático";"Com Vítimas Feridas";"Pleno dia";"Decrescente";"Céu Claro";"Dupla";"Reta";"Não";1;0;1;0;0;0;1;1;-26,30357106;-48,88225609;"SPRF-SC";"DEL03-SC";"UOP01-DEL03-SC"
328421;2020-12-16;"quarta-feira";"15:25:00";"BA";101;214;"GOVERNADOR MANGABEIRA";"Desobediência às normas de trânsito pelo condutor";"Queda de ocupante de veículo";"Com Vítimas Feridas";"Pleno dia";"Decrescente";"Céu Claro";"Simples";"Reta";"Não";1;0;1;0;0;0;1;1;-12,60683595;-39,05982971;"SPRF-BA";"DEL01-BA";"UOP02-DEL01-BA"