"id";"data_inversa";"dia_semana";"horario";"uf";"br";"km";"municipio";"causa_acidente";"tipo_acidente";"classificacao_acidente";"fase_dia";"sentido_via";"condicao_metereologica";"tipo_pista";"tracado_via";"uso_solo";"pessoas";"mortos";"feridos_leves";"feridos_graves";"ilesos";"ignorados";"feridos";"veiculos";"latitude";"longitude";"regional";"delegacia";"uop"
328423;2020-11-09;"segunda-feira";"07:30:00";"MG";40;545;"NOVA LIMA";"Desobediência às normas de trânsito pelo condutor";"Engavetamento";"Com Vítimas Feridas";"Pleno dia";"Crescente";"Céu Claro";"Dupla";"Reta";"Não";7;0;3;0;4;0;3;4;-20,00670404;-43,96418668;"SPRF-MG";"DEL01-MG";"UOP02-DEL01-MG"
328424;2020-12-17;"quinta-feira";"08:30:00";"SC";470;53,7;"BLUMENAU";"Desobediência às normas de trânsito pelo condutor";"Colisão transversal";"Com Vítimas Feridas";"Pleno dia";"Decrescente";"Nublado";"Simples";"Curva";"Não";2;0;1;0;1;0;1;2;-26,867121;-49,102066;"SPRF-SC";"DEL04-SC";"UOP01-DEL04-SC"
328425;2020-12-17;"quinta-feira";"08:45:00";"SC";101;216,4;"PALHOCA";"Desobediência às normas de trânsito pelo condutor";"Colisão lateral";"Com Vítimas Feridas";"Pleno dia";"Decrescente";"Garoa/Chuvisco";"Dupla";"Reta";"Sim";2;0;1;0;1;0;1;2;-27,66653955;-48,67441177;"SPRF-SC";"DEL01-SC";"UOP02-DEL01-SC"
328426;2020-12-17;"quinta-feira";"07:02:00";"SP";116;136,8;"SAO JOSE DOS CAMPOS";"Falta de Atenção à Condução";"Colisão lateral";"Com Vítimas Feridas";"Pleno dia";"Decrescente";"Nublado";"Dupla";"Reta";"Sim";2;0;1;0;1;0;1;2;-23,15045216;-45,78199267;"SPRF-SP";"DEL06-SP";"UOP01-DEL06-SP"
328427;2020-12-17;"quinta-feira";"08:00:00";"MG";40;524,9;"CONTAGEM";"Não guardar distância de segurança";"Colisão traseira";"Com Vítimas Feridas";"Pleno dia";"Crescente";"Céu Claro";"Dupla";"Reta";"Sim";3;0;2;0;1;0;2;2;-19,8754469;-44,05345586;"SPRF-MG";"DEL01-MG";"UOP02-DEL01-MG"
328429;2020-12-17;"quinta-feira";"08:00:00";"ES";101;294;"CARIACICA";"Falta de Atenção à Condução";"Colisão transversal";"Com Vítimas Feridas";"Pleno dia";"Decrescente";"Sol";"Dupla";"Aclive;Reta";"Sim";2;0;2;0;0;0;2;2;-20,32415948;-40,3952903;"SPRF-ES";"DEL01-ES";"UOP01-DEL01-ES"
328430;2020-12-17;"quinta-feira";"07:10:00";"MA";135;23;"SAO LUIS";"Não guardar distância de segurança";"Engavetamento";"Com Vítimas Feridas";"Pleno dia";"Decrescente";"Céu Claro";"Dupla";"Reta";"Sim";5;0;1;0;4;0;1;5;-2,53073;-44,3068;"SPRF-MA";"DEL01-MA";"UOP01-DEL01-MA"
328434;2020-07-07;"terça-feira";"19:45:00";"PI";316;345,1;"FRANCISCO SANTOS";"Falta de Atenção à Condução";"Colisão lateral";"Sem Vítimas";"Plena Noite";"Decrescente";"Céu Claro";"Simples";"Reta";"Sim";2;0;0;0;2;0;0;2;-7,11911919;-41,15798235;"SPRF-PI";"DEL04-PI";"UOP01-DEL04-PI"
328435;2020-12-17;"quinta-feira";"08:25:00";"MG";381;349,6;"JOAO MONLEVADE";"Falta de Atenção à Condução";"Colisão frontal";"Com Vítimas Fatais";"Pleno dia";"Decrescente";"Céu Claro";"Simples";"Curva";"Não";2;1;0;0;1;0;0;2;-19,8499239;-43,14868105;"SPRF-MG";"DEL03-MG";"UOP01-DEL03-MG"
328437;2020-12-17;"quinta-feira";"10:20:00";"PE";232;132;"CARUARU";"Ingestão de Álcool";"Colisão traseira";"Com Vítimas Feridas";"Pleno dia";"Crescente";"Sol";"Múltipla";"Aclive";"Sim";2;0;1;0;1;0;1;2;-8,3036244;-36,00710089;"SPRF-PE";"DEL02-PE";"UOP03-DEL02-PE"
328439;2020-12-17;"quinta-feira";"09:30:00";"SC";101;216,3;"PALHOCA";"Falta de Atenção à Condução";"Colisão traseira";"Com Vítimas Feridas";"Pleno dia";"Decrescente";"Garoa/Chuvisco";"Múltipla";"Viaduto";"Sim";2;0;1;0;1;0;1;2;-27,65981409;-48,67747798;"SPRF-SC";"DEL01-SC";"UOP02-DEL01-SC"
328441;2020-12-07;"segunda-feira";"14:50:00";"MT";163;951,6;"NOVA SANTA HELENA";"Velocidade Incompatível";"Colisão com objeto estático";"Sem Vítimas";"Pleno dia";"Decrescente";"Céu Claro";"Simples";"Reta;Declive";"Não";3;0;0;0;2;1;0;3;-10,883965;-55,200405;"SPRF-MT";"DEL06-MT";"NPF/DEL06-MT"
328442;2020-09-20;"domingo";"13:27:00";"RJ";101;316,9;"SAO GONCALO";"Falta de Atenção à Condução";"Danos eventuais";"Com Vítimas Feridas";"Pleno dia";"Decrescente";"Chuva";"Dupla";"Reta";"Sim";1;0;1;0;0;0;1;1;-22,82835879;-43,09208739;"SPRF-RJ";"DEL02-RJ";"UOP02-DEL02-RJ"
328443;2020-12-17;"quinta-feira";"09:50:00";"RS";0;0;"CAPAO DO LEAO";"Defeito na Via";"Colisão com objeto estático";"Sem Vítimas";"Pleno dia";"Não Informado";"Céu Claro";"Simples";"Reta";"Sim";5;0;0;0;5;0;0;3;-31,75446042;-52,42803583;"SPRF-RS";"DEL07-RS";"UOP01-DEL07-RS"
328445;2020-11-28;"sábado";"00:20:00";"PA";10;314;"IRITUIA";"Desobediência às normas de trânsito pelo condutor";"Colisão frontal";"Com Vítimas Feridas";"Plena Noite";"Crescente";"Céu Claro";"Simples";"Declive";"Não";4;0;0;2;2;0;2;2;-1,68419203;-47,50193678;"SPRF-PA";"DEL01-PA";"UOP02-DEL01-PA"
328446;2020-12-17;"quinta-feira";"10:50:00";"PA";163;1002;"SANTAREM";"Falta de Atenção à Condução";"Colisão transversal";"Com Vítimas Feridas";"Pleno dia";"Decrescente";"Céu Claro";"Simples";"Interseção de Vias";"Sim";2;0;1;0;1;0;1;2;-2,45567004;-54,72854541;"SPRF-PA";"DEL05-PA";"UOP01-DEL05-PA"
328447;2020-12-17;"quinta-feira";"09:50:00";"MG";381;479;"CONTAGEM";"Não guardar distância de segurança";"Colisão traseira";"Com Vítimas Feridas";"Pleno dia";"Crescente";"Céu Claro";"Dupla";"Reta;Declive";"Sim";3;0;2;0;1;0;2;2;-19,96204019;-44,05041754;"SPRF-MG";"DEL01-MG";"UOP03-DEL01-MG"
328448;2020-12-17;"quinta-feira";"07:00:00";"BA";101;674;"ITAPEBI";"Velocidade Incompatível";"Capotamento";"Com Vítimas Feridas";"Amanhecer";"Decrescente";"Céu Claro";"Simples";"Curva";"Não";5;0;5;0;0;0;5;1;-15,97255172;-39,56279755;"SPRF-BA";"DEL09-BA";"UOP01-DEL09-BA"
328450;2020-11-13;"sexta-feira";"12:20:00";"PA";163;1003;"SANTAREM";"Falta de Atenção à Condução";"Colisão traseira";"Com Vítimas Feridas";"Pleno dia";"Decrescente";"Céu Claro";"Dupla";"Reta";"Sim";2;0;1;0;1;0;1;2;-2,44045332;-54,73210758;"SPRF-PA";"DEL05-PA";"UOP01-DEL05-PA"
328451;2020-12-17;"quinta-feira";"10:50:00";"SC";101;139,2;"BALNEARIO CAMBORIU";"Falta de Atenção à Condução";"Engavetamento";"Com Vítimas Feridas";"Pleno dia";"Decrescente";"Nublado";"Simples";"Declive;Reta";"Sim";10;0;1;0;8;1;1;9;-27,03881189;-48,60025148;"SPRF-SC";"DEL04-SC";"UOP03-DEL04-SC"
328452;2020-12-17;"quinta-feira";"11:05:00";"MG";381;455;"BELO HORIZONTE";"Velocidade Incompatível";"Colisão traseira";"Com Vítimas Feridas";"Pleno dia";"Crescente";"Sol";"Simples";"Reta;Aclive";"Sim";2;0;1;0;1;0;1;2;-19,85777408;-43,90468298;"SPRF-MG";"DEL01-MG";"UOP01-DEL01-MG"
328454;2020-12-17;"quinta-feira";"11:00:00";"SP";116;475,5;"JACUPIRANGA";"Falta de Atenção do Pedestre";"Atropelamento de Pedestre";"Com Vítimas Fatais";"Pleno dia";"Crescente";"Sol";"Dupla";"Reta";"Não";3;1;1;0;1;0;1;2;-24,68648001;-47,98910399;"SPRF-SP";"DEL05-SP";"UOP01-DEL05-SP"
328456;2020-12-17;"quinta-feira";"08:30:00";"PR";376;451;"TIBAGI";"Pista Escorregadia";"Tombamento";"Com Vítimas Feridas";"Pleno dia";"Crescente";"Garoa/Chuvisco";"Dupla";"Curva";"Não";2;0;1;1;0;0;2;1;-24,87415334;-50,44339299;"SPRF-PR";"DEL03-PR";"UOP02-DEL03-PR"
328457;2020-12-17;"quinta-feira";"11:40:00";"RS";116;251,2;"SAPUCAIA DO SUL";"Defeito Mecânico no Veículo";"Tombamento";"Com Vítimas Feridas";"Pleno dia";"Decrescente";"Sol";"Dupla";"Reta";"Sim";2;0;1;0;1;0;1;1;-29,79803556;-51,16505522;"SPRF-RS";"DEL01-RS";"UOP02-DEL01-RS"
328458;2020-12-17;"quinta-feira";"11:45:00";"PR";116;46;"CAMPINA GRANDE DO SUL";"Falta de Atenção à Condução";"Saída de leito carroçável";"Com Vítimas Feridas";"Pleno dia";"Crescente";"Céu Claro";"Dupla";"Curva";"Não";3;0;1;0;2;0;1;1;-25,20185401;-48,8962139;"SPRF-PR";"DEL01-PR";"UOP02-DEL01-PR"
328459;2020-12-17;"quinta-feira";"10:35:00";"MT";174;290;"PONTES E LACERDA";"Desobediência às normas de trânsito pelo condutor";"Queda de ocupante de veículo";"Com Vítimas Feridas";"Pleno dia";"Decrescente";"Céu Claro";"Simples";"Reta";"Sim";2;0;1;0;1;0;1;2;-15,21535504;-59,32007434;"SPRF-MT";"DEL04-MT";"UOP01-DEL04-MT"
328461;2020-12-17;"quinta-feira";"12:20:00";"GO";40;14;"LUZIANIA";"Falta de Atenção à Condução";"Colisão transversal";"Com Vítimas Feridas";"Pleno dia";"Crescente";"Céu Claro";"Dupla";"Reta";"Sim";2;0;1;0;1;0;1;2;-16,158753;-47,933136;"SPRF-DF";"DEL01-DF";"UOP01-DEL01-DF"
328462;2020-12-17;"quinta-feira";"12:00:00";"PR";277;679,8;"MEDIANEIRA";"Desobediência às normas de trânsito pelo condutor";"Colisão transversal";"Com Vítimas Feridas";"Pleno dia";"Crescente";"Céu Claro";"Dupla";"Retorno Regulamentado";"Não";2;0;0;1;1;0;1;2;-25,31758044;-54,15684223;"SPRF-PR";"DEL05-PR";"UOP01-DEL05-PR"
328463;2020-12-17;"quinta-feira";"09:10:00";"AL";101;159;"CAMPO ALEGRE";"Ingestão de Álcool";"Saída de leito carroçável";"Sem Vítimas";"Pleno dia";"Decrescente";"Céu Claro";"Dupla";"Reta";"Não";1;0;0;0;0;1;0;1;-9,90328408;-36,22849501;"SPRF-AL";"DEL02-AL";"UOP02-DEL02-AL"
328464;2020-12-17;"quinta-feira";"11:50:00";"AL";316;158;"PALMEIRA DOS INDIOS";"Desobediência às normas de trânsito pelo condutor";"Colisão lateral";"Com Vítimas Feridas";"Pleno dia";"Decrescente";"Céu Claro";"Simples";"Interseção de Vias";"Sim";3;0;0;1;2;0;1;2;-9,43334352;-36,61323443;"SPRF-AL";"DEL03-AL";"UOP01-DEL03-AL"
328465;2020-12-17;"quinta-feira";"10:00:00";"MS";359;212;"COXIM";"Falta de Atenção à Condução";"Saída de leito carroçável";"Com Vítimas Feridas";"Pleno dia";"Crescente";"Céu Claro";"Simples";"Reta";"Não";1;0;1;0;0;0;1;1;-18,47619496;-54,58054001;"SPRF-MS";"DEL06-MS";"UOP01-DEL06-MS"
328467;2020-12-17;"quinta-feira";"12:30:00";"RS";386;397,2;"TRIUNFO";"Velocidade Incompatível";"Colisão lateral";"Sem Vítimas";"Pleno dia";"Crescente";"Sol";"Simples";"Curva";"Não";2;0;0;0;2;0;0;2;-29,738066;-51,624626;"SPRF-RS";"DEL04-RS";"UOP02-DEL04-RS"
328471;2020-12-17;"quinta-feira";"08:20:00";"RS";116;264;"CANOAS";"Falta de Atenção à Condução";"Colisão com objeto estático";"Com Vítimas Feridas";"Pleno dia";"Decrescente";"Sol";"Dupla";"Reta";"Não";1;0;1;0;0;0;1;1;-29,914435;-51,17754495;"SPRF-RS";"DEL01-RS";"UOP01-DEL01-RS"
328475;2020-12-17;"quinta-feira";"13:20:00";"SP";116;284,5;"ITAPECERICA DA SERRA";"Falta de Atenção à Condução";"Colisão lateral";"Com Vítimas Feridas";"Pleno dia";"Decrescente";"Céu Claro";"Dupla";"Reta";"Sim";2;0;1;0;1;0;1;2;-23,69998;-46,867767;"SPRF-SP";"DEL04-SP";"UOP01-DEL04-SP"
328476;2020-12-17;"quinta-feira";"10:45:00";"MS";267;481,4;"JARDIM";"Falta de Atenção à Condução";"Colisão frontal";"Com Vítimas Feridas";"Pleno dia";"Decrescente";"Céu Claro";"Simples";"Reta";"Sim";2;0;1;0;1;0;1;2;-21,478745;-56,13899;"SPRF-MS";"DEL05-MS";"UOP01-DEL05-MS"
328478;2020-12-17;"quinta-feira";"12:50:00";"PR";116;152;"MANDIRITUBA";"Falta de Atenção à Condução";"Colisão transversal";"Com Vítimas Feridas";"Pleno dia";"Crescente";"Céu Claro";"Simples";"Reta";"Não";4;0;2;1;1;0;3;2;-25,83236296;-49,33609707;"SPRF-PR";"DEL01-PR";"UOP03-DEL01-PR"
328483;2020-12-17;"quinta-feira";"11:50:00";"RJ";116;45,9;"TERESOPOLIS";"Falta de Atenção à Condução";"Colisão traseira";"Com Vítimas Feridas";"Pleno dia";"Crescente";"Sol";"Simples";"Reta";"Não";2;0;1;0;1;0;1;2;-22,16311405;-42,81414095;"SPRF-RJ";"DEL04-RJ";"UOP01-DEL04-RJ"
328484;2020-12-17;"quinta-feira";"14:20:00";"PE";101;70;"RECIFE";"Desobediência às normas de trânsito pelo condutor";"Colisão transversal";"Com Vítimas Feridas";"Pleno dia";"Crescente";"Sol";"Múltipla";"Reta";"Sim";2;0;1;0;1;0;1;2;-8,06776119;-34,94265074;"SPRF-PE";"DEL01-PE";"UOP01-DEL01-PE"
328486;2020-12-17;"quinta-feira";"13:50:00";"RJ";116;179;"NOVA IGUACU";"Não guardar distância de segurança";"Colisão traseira";"Com Vítimas Feridas";"Pleno dia";"Crescente";"Céu Claro";"Dupla";"Reta";"Sim";2;0;1;0;1;0;1;2;-22,769902;-43,408036;"SPRF-RJ";"DEL01-RJ";"UOP02-DEL01-RJ"
328489;2020-12-17;"quinta-feira";"13:00:00";"PB";230;28;"JOAO PESSOA";"Desobediência às normas de trânsito pelo condutor";"Colisão transversal";"Com Vítimas Feridas";"Pleno dia";"Crescente";"Céu Claro";"Dupla";"Viaduto";"Sim";2;0;0;1;0;1;1;2;-7,1651;-34,8941;"SPRF-PB";"DEL01-PB";"UOP01-DEL01-PB"
328491;2020-11-24;"terça-feira";"16:25:00";"MT";158;652,9;"NOVA XAVANTINA";"Falta de Atenção à Condução";"Colisão frontal";"Com Vítimas Feridas";"Pleno dia";"Crescente";"Céu Claro";"Simples";"Declive";"Sim";5;0;1;0;4;0;1;2;-14,66881202;-52,35889177;"SPRF-MT";"DEL07-MT";"UOP01-DEL07-MT"
328494;2020-12-17;"quinta-feira";"15:00:00";"GO";40;7;"VALPARAISO DE GOIAS";"Velocidade Incompatível";"Colisão traseira";"Com Vítimas Feridas";"Pleno dia";"Decrescente";"Céu Claro";"Dupla";"Reta";"Sim";2;0;1;0;1;0;1;2;-16,108482;-47,972524;"SPRF-DF";"DEL01-DF";"UOP01-DEL01-DF"
328495;2020-12-14;"segunda-feira";"01:50:00";"MG";365;756,8;"ITUIUTABA";"Falta de Atenção à Condução";"Saída de leito carroçável";"Sem Vítimas";"Plena Noite";"Decrescente";"Céu Claro";"Dupla";"Interseção de Vias";"Não";1;0;0;0;1;0;0;1;-18,95717176;-49,4695793;"SPRF-MG";"DEL15-MG";"UOP03-DEL15-MG"
328496;2020-12-17;"quinta-feira";"14:30:00";"RJ";116;230;"PIRAI";"Avarias e/ou desgaste excessivo no pneu";"Colisão com objeto estático";"Sem Vítimas";"Pleno dia";"Decrescente";"Chuva";"Dupla";"Curva";"Não";2;0;0;0;2;0;0;1;-22,66953448;-43,85557652;"SPRF-RJ";"DEL07-RJ";"UOP01-DEL07-RJ"
328497;2020-12-17;"quinta-feira";"14:15:00";"RN";226;71,4;"SERRA CAIADA";"Defeito Mecânico no Veículo";"Colisão traseira";"Sem Vítimas";"Pleno dia";"Crescente";"Céu Claro";"Simples";"Reta";"Não";3;0;0;0;3;0;0;3;-6,125905;-35,721556;"SPRF-RN";"DEL03-RN";"UOP02-DEL03-RN"
328498;2020-12-17;"quinta-feira";"15:10:00";"RS";116;248;"SAO LEOPOLDO";"Falta de Atenção à Condução";"Colisão lateral";"Com Vítimas Feridas";"Pleno dia";"Crescente";"Céu Claro";"Múltipla";"Curva;Interseção de Vias";"Sim";2;0;1;0;1;0;1;2;-29,77605895;-51,15508618;"SPRF-RS";"DEL01-RS";"UOP02-DEL01-RS"
328499;2020-12-17;"quinta-feira";"13:45:00";"RO";319;63;"PORTO VELHO";"Desobediência às normas de trânsito pelo condutor";"Colisão lateral";"Com Vítimas Feridas";"Pleno dia";"Decrescente";"Céu Claro";"Dupla";"Interseção de Vias;Reta";"Sim";2;0;1;0;1;0;1;2;-8,766685;-63,884052;"SPRF-RO";"DEL01-RO";"UOP01-DEL01-RO"
328500;2020-12-17;"quinta-feira";"13:40:00";"MT";163;82;"RONDONOPOLIS";"Defeito Mecânico no Veículo";"Saída de leito carroçável";"Com Vítimas Fatais";"Pleno dia";"Crescente";"Nublado";"Dupla";"Reta";"Não";7;2;0;5;0;0;5;2;-16,80330589;-54,68074416;"SPRF-MT";"DEL02-MT";"UOP01-DEL02-MT"
328501;2020-12-17;"quinta-feira";"14:55:00";"PE";101;54;"PAULISTA";"Falta de Atenção à Condução";"Queda de ocupante de veículo";"Com Vítimas Feridas";"Pleno dia";"Decrescente";"Céu Claro";"Dupla";"Reta";"Sim";1;0;1;0;0;0;1;1;-7,93961103;-34,90356584;"SPRF-PE";"DEL01-PE";"UOP02-DEL01-PE"
328502;2020-12-17;"quinta-feira";"15:30:00";"PR";116;40;"CAMPINA GRANDE DO SUL";"Pista Escorregadia";"Saída de leito carroçável";"Com Vítimas Feridas";"Pleno dia";"Decrescente";"Garoa/Chuvisco";"Dupla";"Curva";"Não";3;0;1;0;2;0;1;1;-25,16445203;-48,86237697;"SPRF-PR";"DEL01-PR";"UOP02-DEL01-PR"
328503;2020-12-17;"quinta-feira";"15:40:00";"SP";116;52,7;"LORENA";"Falta de Atenção à Condução";"Atropelamento de Pedestre";"Com Vítimas Feridas";"Pleno dia";"Crescente";"Sol";"Dupla";"Reta";"Sim";2;0;1;0;1;0;1;2;-22,74708138;-45,09973038;"SPRF-SP";"DEL08-SP";"UOP01-DEL08-SP"
328506;2020-12-17;"quinta-feira";"15:00:00";"RS";116;248;"SAO LEOPOLDO";"Desobediência às normas de trânsito pelo condutor";"Colisão lateral";"Com Vítimas Feridas";"Pleno dia";"Decrescente";"Sol";"Dupla";"Reta";"Sim";2;0;1;0;0;1;1;2;-29,78014886;-51,1576671;"SPRF-RS";"DEL01-RS";"UOP02-DEL01-RS"
328507;2020-12-17;"quinta-feira";"13:10:00";"MG";40;726;"BARBACENA";"Falta de Atenção à Condução";"Tombamento";"Com Vítimas Feridas";"Pleno dia";"Decrescente";"Nublado";"Dupla";"Reta";"Não";1;0;1;0;0;0;1;1;-21,31059847;-43,60380204;"SPRF-MG";"DEL05-MG";"UOP01-DEL05-MG"
328509;2020-11-29;"domingo";"03:00:00";"RS";290;540,1;"ALEGRETE";"Condutor Dormindo";"Saída de leito carroçável";"Com Vítimas Feridas";"Plena Noite";"Crescente";"Céu Claro";"Simples";"Reta";"Não";1;0;1;0;0;0;1;1;-29,98192;-55,422497;"SPRF-RS";"DEL13-RS";"UOP02-DEL13-RS"
328510;2020-12-17;"quinta-feira";"16:10:00";"GO";50;261;"CATALAO";"Falta de Atenção à Condução";"Colisão com objeto estático";"Com Vítimas Feridas";"Pleno dia";"Crescente";"Sol";"Dupla";"Reta";"Não";3;0;0;3;0;0;3;1;-18,0377;-47,853;"SPRF-GO";"DEL06-GO";"UOP01-DEL06-GO"
328511;2020-12-17;"quinta-feira";"15:00:00";"SP";116;547;"BARRA DO TURVO";"Falta de Atenção à Condução";"Saída de leito carroçável";"Com Vítimas Feridas";"Pleno dia";"Decrescente";"Chuva";"Simples";"Reta";"Não";4;0;2;0;2;0;2;1;-24,96863007;-48,44335556;"SPRF-SP";"DEL05-SP";"UOP02-DEL05-SP"
328513;2020-12-17;"quinta-feira";"14:25:00";"SC";280;23,7;"ARAQUARI";"Desobediência às normas de trânsito pelo condutor";"Colisão transversal";"Com Vítimas Feridas";"Pleno dia";"Decrescente";"Nublado";"Simples";"Interseção de Vias";"Sim";3;0;0;2;1;0;2;2;-26,37673195;-48,71892571;"SPRF-SC";"DEL03-SC";"UOP03-DEL03-SC"
328514;2020-12-17;"quinta-feira";"16:30:00";"SC";101;210;"SAO JOSE";"Falta de Atenção à Condução";"Colisão lateral";"Com Vítimas Feridas";"Pleno dia";"Decrescente";"Chuva";"Múltipla";"Reta";"Sim";3;0;1;0;2;0;1;2;-27,6167305;-48,6457265;"SPRF-SC";"DEL01-SC";"UOP01-DEL01-SC"
328515;2020-12-17;"quinta-feira";"17:07:00";"SP";153;62;"SAO JOSE DO RIO PRETO";"Não guardar distância de segurança";"Colisão traseira";"Com Vítimas Feridas";"Pleno dia";"Crescente";"Céu Claro";"Dupla";"Reta";"Não";2;0;1;0;1;0;1;2;-20,81325404;-49,35675563;"SPRF-SP";"DEL09-SP";"UOP01-DEL09-SP"
328517;2020-12-17;"quinta-feira";"17:20:00";"PE";232;5;"RECIFE";"Falta de Atenção à Condução";"Colisão lateral";"Com Vítimas Feridas";"Anoitecer";"Crescente";"Céu Claro";"Múltipla";"Aclive";"Sim";3;0;2;0;1;0;2;2;-8,06795766;-34,94535414;"SPRF-PE";"DEL01-PE";"UOP01-DEL01-PE"
328518;2020-12-17;"quinta-feira";"17:10:00";"SC";282;69,7;"RANCHO QUEIMADO";"Velocidade Incompatível";"Saída de leito carroçável";"Com Vítimas Feridas";"Pleno dia";"Decrescente";"Chuva";"Simples";"Curva";"Não";4;0;1;0;3;0;1;1;-27,690144;-49,083813;"SPRF-SC";"DEL01-SC";"UOP03-DEL01-SC"
328519;2020-12-17;"quinta-feira";"17:00:00";"MG";262;355;"BETIM";"Defeito Mecânico no Veículo";"Incêndio";"Sem Vítimas";"Pleno dia";"Crescente";"Céu Claro";"Dupla";"Reta";"Não";1;0;0;0;1;0;0;1;-19,96466575;-44,17285107;"SPRF-MG";"DEL01-MG";"UOP03-DEL01-MG"
328520;2020-12-17;"quinta-feira";"17:40:00";"MG";381;451;"SABARA";"Desobediência às normas de trânsito pelo condutor";"Atropelamento de Pedestre";"Com Vítimas Feridas";"Pleno dia";"Crescente";"Céu Claro";"Simples";"Reta";"Não";2;0;1;0;1;0;1;2;-19,83423135;-43,85132253;"SPRF-MG";"DEL01-MG";"UOP01-DEL01-MG"
328521;2020-12-17;"quinta-feira";"16:40:00";"PE";101;50,8;"ABREU E LIMA";"Falta de Atenção à Condução";"Colisão transversal";"Com Vítimas Feridas";"Pleno dia";"Crescente";"Céu Claro";"Múltipla";"Retorno Regulamentado";"Sim";2;0;1;0;0;1;1;2;-7,90938602;-34,90123228;"SPRF-PE";"DEL01-PE";"UOP02-DEL01-PE"
328523;2020-12-17;"quinta-feira";"16:32:00";"PR";277;588;"CASCAVEL";"Desobediência às normas de trânsito pelo condutor";"Tombamento";"Com Vítimas Feridas";"Pleno dia";"Decrescente";"Céu Claro";"Simples";"Reta";"Não";1;0;1;0;0;0;1;1;-24,97369293;-53,43816604;"SPRF-PR";"DEL04-PR";"UOP01-DEL04-PR"
328524;2020-12-17;"quinta-feira";"18:00:00";"SC";280;75;"JARAGUA DO SUL";"Não guardar distância de segurança";"Colisão traseira";"Com Vítimas Feridas";"Plena Noite";"Decrescente";"Nublado";"Simples";"Rotatória;Curva";"Sim";2;0;1;0;1;0;1;2;-26,458227;-49,180853;"SPRF-SC";"DEL03-SC";"UOP03-DEL03-SC"
328528;2020-12-17;"quinta-feira";"10:50:00";"MG";365;455;"PATROCINIO";"Falta de Atenção à Condução";"Colisão traseira";"Sem Vítimas";"Pleno dia";"Decrescente";"Céu Claro";"Simples";"Reta;Aclive";"Não";2;0;0;0;2;0;0;2;-18,84926373;-46,87168319;"SPRF-MG";"DEL10-MG";"UOP01-DEL10-MG"
328529;2020-12-17;"quinta-feira";"17:20:00";"RS";116;141,9;"CAXIAS DO SUL";"Desobediência às normas de trânsito pelo condutor";"Colisão frontal";"Com Vítimas Feridas";"Pleno dia";"Crescente";"Céu Claro";"Simples";"Reta";"Sim";2;0;1;0;1;0;1;2;-29,11161425;-51,11040472;"SPRF-RS";"DEL05-RS";"UOP01-DEL05-RS"
328532;2020-12-17;"quinta-feira";"17:20:00";"TO";153;559;"OLIVEIRA DE FATIMA";"Falta de Atenção à Condução";"Saída de leito carroçável";"Sem Vítimas";"Pleno dia";"Decrescente";"Céu Claro";"Simples";"Reta";"Sim";2;0;0;0;2;0;0;2;-10,73233502;-48,90387036;"SPRF-TO";"DEL01-TO";"UOP01-DEL01-TO"
328534;2020-12-17;"quinta-feira";"19:00:00";"RS";116;2;"PORTO ALEGRE";"Falta de Atenção do Pedestre";"Atropelamento de Pedestre";"Com Vítimas Feridas";"Pleno dia";"Decrescente";"Sol";"Dupla";"Reta";"Sim";2;0;1;0;1;0;1;2;-29,98956923;-51,18326962;"SPRF-RS";"DEL01-RS";"UOP01-DEL01-RS"
328535;2020-12-17;"quinta-feira";"18:02:00";"BA";101;264;"SANTO ANTONIO DE JESUS";"Desobediência às normas de trânsito pelo condutor";"Colisão frontal";"Com Vítimas Feridas";"Anoitecer";"Crescente";"Sol";"Simples";"Rotatória;Declive";"Sim";2;0;1;0;1;0;1;2;-13,09857093;-39,28167519;"SPRF-BA";"DEL01-BA";"UOP02-DEL01-BA"
328536;2020-12-17;"quinta-feira";"19:25:00";"BA";135;128;"RIACHAO DAS NEVES";"Sinalização da via insuficiente ou inadequada";"Colisão frontal";"Com Vítimas Fatais";"Plena Noite";"Crescente";"Céu Claro";"Simples";"Reta;Declive";"Não";2;1;0;0;0;1;0;2;-11,78410696;-44,89344592;"SPRF-BA";"DEL10-BA";"UOP01-DEL10-BA"
328537;2020-12-17;"quinta-feira";"18:10:00";"SC";116;4;"MAFRA";"Falta de Atenção à Condução";"Queda de ocupante de veículo";"Com Vítimas Feridas";"Pleno dia";"Decrescente";"Céu Claro";"Simples";"Reta";"Não";1;0;1;0;0;0;1;1;-26,13554917;-49,8072652;"SPRF-SC";"DEL06-SC";"UOP01-DEL06-SC"
328538;2020-12-01;"terça-feira";"06:00:00";"GO";40;10,8;"LUZIANIA";"Desobediência às normas de trânsito pelo condutor";"Colisão transversal";"Com Vítimas Feridas";"Pleno dia";"Crescente";"Sol";"Dupla";"Reta";"Sim";2;0;1;1;0;0;2;2;-16,131285;-47,957923;"SPRF-DF";"DEL01-DF";"UOP01-DEL01-DF"